# vtk DataFile Version 3.0
Rotor blade panels
ASCII
DATASET UNSTRUCTURED_GRID
POINTS 3696 double
1.53634 1.12924 1.11416
1.54073 1.1289 1.11539
1.54081 1.13183 1.11664
1.53631 1.13223 1.11518
1.54073 1.1289 1.11539
1.54489 1.12838 1.11728
1.54505 1.13125 1.11876
1.54081 1.13183 1.11664
1.54489 1.12838 1.11728
1.54889 1.12778 1.11948
1.54909 1.13058 1.1212
1.54505 1.13125 1.11876
1.54889 1.12778 1.11948
1.55255 1.12705 1.12216
1.55278 1.12978 1.12412
1.54909 1.13058 1.1212
1.55255 1.12705 1.12216
1.55504 1.12605 1.12581
1.55533 1.12874 1.12795
1.55278 1.12978 1.12412
1.55504 1.12605 1.12581
1.553 1.12513 1.12916
1.55319 1.12784 1.13124
1.55533 1.12874 1.12795
1.553 1.12513 1.12916
1.5492 1.12578 1.12681
1.54938 1.12857 1.12857
1.55319 1.12784 1.13124
1.5492 1.12578 1.12681
1.54611 1.12668 1.12353
1.54624 1.12952 1.1251
1.54938 1.12857 1.12857
1.54611 1.12668 1.12353
1.54305 1.12758 1.12021
1.54313 1.13047 1.12161
1.54624 1.12952 1.1251
1.54305 1.12758 1.12021
1.53986 1.12846 1.11702
1.53988 1.13139 1.11823
1.54313 1.13047 1.12161
1.53631 1.13223 1.11518
1.54081 1.13183 1.11664
1.54083 1.13645 1.11862
1.5362 1.13695 1.11678
1.54081 1.13183 1.11664
1.54505 1.13125 1.11876
1.54513 1.13576 1.12112
1.54083 1.13645 1.11862
1.54505 1.13125 1.11876
1.54909 1.13058 1.1212
1.54921 1.13499 1.12396
1.54513 1.13576 1.12112
1.54909 1.13058 1.1212
1.55278 1.12978 1.12412
1.55289 1.13409 1.12725
1.54921 1.13499 1.12396
1.55278 1.12978 1.12412
1.55533 1.12874 1.12795
1.55546 1.13296 1.13136
1.55289 1.13409 1.12725
1.55533 1.12874 1.12795
1.55319 1.12784 1.13124
1.55318 1.1321 1.13451
1.55546 1.13296 1.13136
1.55319 1.12784 1.13124
1.54938 1.12857 1.12857
1.54942 1.13297 1.13136
1.55318 1.1321 1.13451
1.54938 1.12857 1.12857
1.54624 1.12952 1.1251
1.54626 1.134 1.12759
1.54942 1.13297 1.13136
1.54624 1.12952 1.1251
1.54313 1.13047 1.12161
1.54311 1.13503 1.12381
1.54626 1.134 1.12759
1.54313 1.13047 1.12161
1.53988 1.13139 1.11823
1.53982 1.13603 1.12014
1.54311 1.13503 1.12381
1.5362 1.13695 1.11678
1.54083 1.13645 1.11862
1.54069 1.14116 1.12065
1.53601 1.14178 1.11839
1.54083 1.13645 1.11862
1.54513 1.13576 1.12112
1.545 1.14037 1.12356
1.54069 1.14116 1.12065
1.54513 1.13576 1.12112
1.54921 1.13499 1.12396
1.54905 1.13948 1.1268
1.545 1.14037 1.12356
1.54921 1.13499 1.12396
1.55289 1.13409 1.12725
1.55268 1.13848 1.13046
1.54905 1.13948 1.1268
1.55289 1.13409 1.12725
1.55546 1.13296 1.13136
1.55519 1.13727 1.13488
1.55268 1.13848 1.13046
1.55546 1.13296 1.13136
1.55318 1.1321 1.13451
1.55278 1.13646 1.13783
1.55519 1.13727 1.13488
1.55318 1.1321 1.13451
1.54942 1.13297 1.13136
1.54913 1.13745 1.13421
1.55278 1.13646 1.13783
1.54942 1.13297 1.13136
1.54626 1.134 1.12759
1.54601 1.13857 1.13013
1.54913 1.13745 1.13421
1.54626 1.134 1.12759
1.54311 1.13503 1.12381
1.54289 1.13969 1.12605
1.54601 1.13857 1.13013
1.54311 1.13503 1.12381
1.53982 1.13603 1.12014
1.53961 1.14077 1.12208
1.54289 1.13969 1.12605
1.53601 1.14178 1.11839
1.54069 1.14116 1.12065
1.54046 1.1459 1.12262
1.53577 1.14663 1.11994
1.54069 1.14116 1.12065
1.545 1.14037 1.12356
1.54473 1.145 1.12591
1.54046 1.1459 1.12262
1.545 1.14037 1.12356
1.54905 1.13948 1.1268
1.54871 1.144 1.12953
1.54473 1.145 1.12591
1.54905 1.13948 1.1268
1.55268 1.13848 1.13046
1.55223 1.1429 1.13356
1.54871 1.144 1.12953
1.55268 1.13848 1.13046
1.55519 1.13727 1.13488
1.55465 1.14162 1.13826
1.55223 1.1429 1.13356
1.55519 1.13727 1.13488
1.55278 1.13646 1.13783
1.55215 1.14087 1.14099
1.55465 1.14162 1.13826
1.55278 1.13646 1.13783
1.54913 1.13745 1.13421
1.54865 1.14197 1.13697
1.55215 1.14087 1.14099
1.54913 1.13745 1.13421
1.54601 1.13857 1.13013
1.5456 1.14317 1.13259
1.54865 1.14197 1.13697
1.54601 1.13857 1.13013
1.54289 1.13969 1.12605
1.54254 1.14437 1.12821
1.5456 1.14317 1.13259
1.54289 1.13969 1.12605
1.53961 1.14077 1.12208
1.53932 1.14553 1.12395
1.54254 1.14437 1.12821
1.53577 1.14663 1.11994
1.54046 1.1459 1.12262
1.54018 1.15066 1.12448
1.53553 1.15149 1.12144
1.54046 1.1459 1.12262
1.54473 1.145 1.12591
1.54437 1.14967 1.12811
1.54018 1.15066 1.12448
1.54473 1.145 1.12591
1.54871 1.144 1.12953
1.54825 1.14859 1.13206
1.54437 1.14967 1.12811
1.54871 1.144 1.12953
1.55223 1.1429 1.13356
1.55165 1.1474 1.13639
1.54825 1.14859 1.13206
1.55223 1.1429 1.13356
1.55465 1.14162 1.13826
1.55396 1.14605 1.14132
1.55165 1.1474 1.13639
1.55465 1.14162 1.13826
1.55215 1.14087 1.14099
1.55142 1.14536 1.14384
1.55396 1.14605 1.14132
1.55215 1.14087 1.14099
1.54865 1.14197 1.13697
1.54807 1.14656 1.13948
1.55142 1.14536 1.14384
1.54865 1.14197 1.13697
1.5456 1.14317 1.13259
1.54512 1.14782 1.13485
1.54807 1.14656 1.13948
1.5456 1.14317 1.13259
1.54254 1.14437 1.12821
1.54214 1.14909 1.13023
1.54512 1.14782 1.13485
1.54254 1.14437 1.12821
1.53932 1.14553 1.12395
1.539 1.15032 1.12571
1.54214 1.14909 1.13023
1.53553 1.15149 1.12144
1.54018 1.15066 1.12448
1.53986 1.15545 1.12625
1.53529 1.15637 1.12288
1.54018 1.15066 1.12448
1.54437 1.14967 1.12811
1.54396 1.15438 1.13016
1.53986 1.15545 1.12625
1.54437 1.14967 1.12811
1.54825 1.14859 1.13206
1.54771 1.15322 1.13438
1.54396 1.15438 1.13016
1.54825 1.14859 1.13206
1.55165 1.1474 1.13639
1.55097 1.15197 1.13896
1.54771 1.15322 1.13438
1.55165 1.1474 1.13639
1.55396 1.14605 1.14132
1.55316 1.15057 1.14408
1.55097 1.15197 1.13896
1.55396 1.14605 1.14132
1.55142 1.14536 1.14384
1.55061 1.14994 1.14639
1.55316 1.15057 1.14408
1.55142 1.14536 1.14384
1.54807 1.14656 1.13948
1.54742 1.1512 1.14177
1.55061 1.14994 1.14639
1.54807 1.14656 1.13948
1.54512 1.14782 1.13485
1.54458 1.15253 1.13693
1.54742 1.1512 1.14177
1.54512 1.14782 1.13485
1.54214 1.14909 1.13023
1.54171 1.15385 1.13211
1.54458 1.15253 1.13693
1.54214 1.14909 1.13023
1.539 1.15032 1.12571
1.53867 1.15514 1.12738
1.54171 1.15385 1.13211
1.53529 1.15637 1.12288
1.53986 1.15545 1.12625
1.53952 1.16026 1.12791
1.53506 1.16126 1.12428
1.53986 1.15545 1.12625
1.54396 1.15438 1.13016
1.5435 1.15913 1.13206
1.53952 1.16026 1.12791
1.54396 1.15438 1.13016
1.54771 1.15322 1.13438
1.54712 1.15791 1.13649
1.5435 1.15913 1.13206
1.54771 1.15322 1.13438
1.55097 1.15197 1.13896
1.55024 1.15661 1.14127
1.54712 1.15791 1.13649
1.55097 1.15197 1.13896
1.55316 1.15057 1.14408
1.55228 1.15517 1.14654
1.55024 1.15661 1.14127
1.55316 1.15057 1.14408
1.55061 1.14994 1.14639
1.54975 1.15459 1.14866
1.55228 1.15517 1.14654
1.55061 1.14994 1.14639
1.54742 1.1512 1.14177
1.54672 1.15591 1.14384
1.54975 1.15459 1.14866
1.54742 1.1512 1.14177
1.54458 1.15253 1.13693
1.54401 1.15727 1.13883
1.54672 1.15591 1.14384
1.54458 1.15253 1.13693
1.54171 1.15385 1.13211
1.54124 1.15864 1.13385
1.54401 1.15727 1.13883
1.54171 1.15385 1.13211
1.53867 1.15514 1.12738
1.53832 1.15997 1.12896
1.54124 1.15864 1.13385
1.53506 1.16126 1.12428
1.53952 1.16026 1.12791
1.53918 1.1651 1.12948
1.53484 1.16616 1.12563
1.53952 1.16026 1.12791
1.5435 1.15913 1.13206
1.54301 1.16392 1.13381
1.53918 1.1651 1.12948
1.5435 1.15913 1.13206
1.54712 1.15791 1.13649
1.54649 1.16266 1.13842
1.54301 1.16392 1.13381
1.54712 1.15791 1.13649
1.55024 1.15661 1.14127
1.54946 1.16131 1.14334
1.54649 1.16266 1.13842
1.55024 1.15661 1.14127
1.55228 1.15517 1.14654
1.55136 1.15984 1.14871
1.54946 1.16131 1.14334
1.55228 1.15517 1.14654
1.54975 1.15459 1.14866
1.54885 1.15931 1.15067
1.55136 1.15984 1.14871
1.54975 1.15459 1.14866
1.54672 1.15591 1.14384
1.54599 1.16067 1.1457
1.54885 1.15931 1.15067
1.54672 1.15591 1.14384
1.54401 1.15727 1.13883
1.5434 1.16207 1.14057
1.54599 1.16067 1.1457
1.54401 1.15727 1.13883
1.54124 1.15864 1.13385
1.54076 1.16346 1.13548
1.5434 1.16207 1.14057
1.54124 1.15864 1.13385
1.53832 1.15997 1.12896
1.53796 1.16484 1.13046
1.54076 1.16346 1.13548
1.53484 1.16616 1.12563
1.53918 1.1651 1.12948
1.53882 1.16997 1.13097
1.53463 1.17107 1.12695
1.53918 1.1651 1.12948
1.54301 1.16392 1.13381
1.54251 1.16875 1.13544
1.53882 1.16997 1.13097
1.54301 1.16392 1.13381
1.54649 1.16266 1.13842
1.54584 1.16745 1.14016
1.54251 1.16875 1.13544
1.54649 1.16266 1.13842
1.54946 1.16131 1.14334
1.54865 1.16608 1.14519
1.54584 1.16745 1.14016
1.54946 1.16131 1.14334
1.55136 1.15984 1.14871
1.55041 1.16459 1.15062
1.54865 1.16608 1.14519
1.55136 1.15984 1.14871
1.54885 1.15931 1.15067
1.54793 1.16409 1.15244
1.55041 1.16459 1.15062
1.54885 1.15931 1.15067
1.54599 1.16067 1.1457
1.54523 1.16548 1.14736
1.54793 1.16409 1.15244
1.54599 1.16067 1.1457
1.5434 1.16207 1.14057
1.54278 1.16691 1.14216
1.54523 1.16548 1.14736
1.5434 1.16207 1.14057
1.54076 1.16346 1.13548
1.54027 1.16832 1.13699
1.54278 1.16691 1.14216
1.54076 1.16346 1.13548
1.53796 1.16484 1.13046
1.5376 1.16972 1.13189
1.54027 1.16832 1.13699
1.53463 1.17107 1.12695
1.53882 1.16997 1.13097
1.53846 1.17485 1.13239
1.53443 1.17599 1.12823
1.53882 1.16997 1.13097
1.54251 1.16875 1.13544
1.542 1.17361 1.13694
1.53846 1.17485 1.13239
1.54251 1.16875 1.13544
1.54584 1.16745 1.14016
1.54517 1.17229 1.14175
1.542 1.17361 1.13694
1.54584 1.16745 1.14016
1.54865 1.16608 1.14519
1.54783 1.1709 1.14683
1.54517 1.17229 1.14175
1.54865 1.16608 1.14519
1.55041 1.16459 1.15062
1.54945 1.16941 1.15229
1.54783 1.1709 1.14683
1.55041 1.16459 1.15062
1.54793 1.16409 1.15244
1.54701 1.16895 1.15398
1.54945 1.16941 1.15229
1.54793 1.16409 1.15244
1.54523 1.16548 1.14736
1.54447 1.17035 1.14884
1.54701 1.16895 1.15398
1.54523 1.16548 1.14736
1.54278 1.16691 1.14216
1.54215 1.17179 1.1436
1.54447 1.17035 1.14884
1.54278 1.16691 1.14216
1.54027 1.16832 1.13699
1.53977 1.17321 1.13839
1.54215 1.17179 1.1436
1.54027 1.16832 1.13699
1.5376 1.16972 1.13189
1.53724 1.17462 1.13324
1.53977 1.17321 1.13839
1.53443 1.17599 1.12823
1.53846 1.17485 1.13239
1.5381 1.17976 1.13373
1.53423 1.18092 1.12949
1.53846 1.17485 1.13239
1.542 1.17361 1.13694
1.54148 1.1785 1.13833
1.5381 1.17976 1.13373
1.542 1.17361 1.13694
1.54517 1.17229 1.14175
1.5445 1.17717 1.14318
1.54148 1.1785 1.13833
1.54517 1.17229 1.14175
1.54783 1.1709 1.14683
1.54701 1.17577 1.14828
1.5445 1.17717 1.14318
1.54783 1.1709 1.14683
1.54945 1.16941 1.15229
1.54849 1.17428 1.15373
1.54701 1.17577 1.14828
1.54945 1.16941 1.15229
1.54701 1.16895 1.15398
1.54608 1.17385 1.15531
1.54849 1.17428 1.15373
1.54701 1.16895 1.15398
1.54447 1.17035 1.14884
1.5437 1.17526 1.15015
1.54608 1.17385 1.15531
1.54447 1.17035 1.14884
1.54215 1.17179 1.1436
1.54152 1.1767 1.1449
1.5437 1.17526 1.15015
1.54215 1.17179 1.1436
1.53977 1.17321 1.13839
1.53927 1.17813 1.13968
1.54152 1.1767 1.1449
1.53977 1.17321 1.13839
1.53724 1.17462 1.13324
1.53688 1.17954 1.13452
1.53927 1.17813 1.13968
1.53423 1.18092 1.12949
1.5381 1.17976 1.13373
1.53773 1.18468 1.135
1.53405 1.18585 1.13071
1.5381 1.17976 1.13373
1.54148 1.1785 1.13833
1.54096 1.18341 1.13962
1.53773 1.18468 1.135
1.54148 1.1785 1.13833
1.5445 1.17717 1.14318
1.54383 1.18209 1.14447
1.54096 1.18341 1.13962
1.5445 1.17717 1.14318
1.54701 1.17577 1.14828
1.54618 1.1807 1.14956
1.54383 1.18209 1.14447
1.54701 1.17577 1.14828
1.54849 1.17428 1.15373
1.54753 1.17922 1.15497
1.54618 1.1807 1.14956
1.54849 1.17428 1.15373
1.54608 1.17385 1.15531
1.54517 1.17882 1.15643
1.54753 1.17922 1.15497
1.54608 1.17385 1.15531
1.5437 1.17526 1.15015
1.54294 1.18022 1.15129
1.54517 1.17882 1.15643
1.5437 1.17526 1.15015
1.54152 1.1767 1.1449
1.54089 1.18165 1.14607
1.54294 1.18022 1.15129
1.54152 1.1767 1.1449
1.53927 1.17813 1.13968
1.53878 1.18307 1.14088
1.54089 1.18165 1.14607
1.53927 1.17813 1.13968
1.53688 1.17954 1.13452
1.53653 1.18448 1.13574
1.53878 1.18307 1.14088
1.53405 1.18585 1.13071
1.53773 1.18468 1.135
1.53737 1.18962 1.13621
1.53387 1.1908 1.13191
1.53773 1.18468 1.135
1.54096 1.18341 1.13962
1.54044 1.18836 1.14082
1.53737 1.18962 1.13621
1.54096 1.18341 1.13962
1.54383 1.18209 1.14447
1.54314 1.18704 1.14563
1.54044 1.18836 1.14082
1.54383 1.18209 1.14447
1.54618 1.1807 1.14956
1.54535 1.18566 1.15068
1.54314 1.18704 1.14563
1.54618 1.1807 1.14956
1.54753 1.17922 1.15497
1.54657 1.1842 1.15601
1.54535 1.18566 1.15068
1.54753 1.17922 1.15497
1.54517 1.17882 1.15643
1.54428 1.18383 1.15737
1.54657 1.1842 1.15601
1.54517 1.17882 1.15643
1.54294 1.18022 1.15129
1.5422 1.18523 1.15228
1.54428 1.18383 1.15737
1.54294 1.18022 1.15129
1.54089 1.18165 1.14607
1.54028 1.18664 1.14712
1.5422 1.18523 1.15228
1.54089 1.18165 1.14607
1.53878 1.18307 1.14088
1.5383 1.18804 1.14199
1.54028 1.18664 1.14712
1.53878 1.18307 1.14088
1.53653 1.18448 1.13574
1.53619 1.18943 1.13691
1.5383 1.18804 1.14199
1.53387 1.1908 1.13191
1.53737 1.18962 1.13621
1.53701 1.19457 1.13737
1.5337 1.19575 1.13308
1.53737 1.18962 1.13621
1.54044 1.18836 1.14082
1.53991 1.19333 1.14193
1.53701 1.19457 1.13737
1.54044 1.18836 1.14082
1.54314 1.18704 1.14563
1.54246 1.19203 1.14668
1.53991 1.19333 1.14193
1.54314 1.18704 1.14563
1.54535 1.18566 1.15068
1.54453 1.19067 1.15164
1.54246 1.19203 1.14668
1.54535 1.18566 1.15068
1.54657 1.1842 1.15601
1.54563 1.18924 1.15688
1.54453 1.19067 1.15164
1.54657 1.1842 1.15601
1.54428 1.18383 1.15737
1.54341 1.18889 1.15813
1.54563 1.18924 1.15688
1.54428 1.18383 1.15737
1.5422 1.18523 1.15228
1.54148 1.19026 1.15312
1.54341 1.18889 1.15813
1.5422 1.18523 1.15228
1.54028 1.18664 1.14712
1.53968 1.19165 1.14806
1.54148 1.19026 1.15312
1.54028 1.18664 1.14712
1.5383 1.18804 1.14199
1.53782 1.19303 1.14301
1.53968 1.19165 1.14806
1.5383 1.18804 1.14199
1.53619 1.18943 1.13691
1.53585 1.1944 1.13801
1.53782 1.19303 1.14301
1.5337 1.19575 1.13308
1.53701 1.19457 1.13737
1.53666 1.19954 1.13847
1.53354 1.2007 1.13423
1.53701 1.19457 1.13737
1.53991 1.19333 1.14193
1.53939 1.19831 1.14296
1.53666 1.19954 1.13847
1.53991 1.19333 1.14193
1.54246 1.19203 1.14668
1.54179 1.19704 1.14762
1.53939 1.19831 1.14296
1.54246 1.19203 1.14668
1.54453 1.19067 1.15164
1.54372 1.19571 1.15248
1.54179 1.19704 1.14762
1.54453 1.19067 1.15164
1.54563 1.18924 1.15688
1.54471 1.19431 1.15759
1.54372 1.19571 1.15248
1.54563 1.18924 1.15688
1.54341 1.18889 1.15813
1.54257 1.194 1.15875
1.54471 1.19431 1.15759
1.54341 1.18889 1.15813
1.54148 1.19026 1.15312
1.54078 1.19534 1.15384
1.54257 1.194 1.15875
1.54148 1.19026 1.15312
1.53968 1.19165 1.14806
1.5391 1.19669 1.14889
1.54078 1.19534 1.15384
1.53968 1.19165 1.14806
1.53782 1.19303 1.14301
1.53737 1.19804 1.14396
1.5391 1.19669 1.14889
1.53782 1.19303 1.14301
1.53585 1.1944 1.13801
1.53553 1.19938 1.13907
1.53737 1.19804 1.14396
1.53354 1.2007 1.13423
1.53666 1.19954 1.13847
1.53631 1.20452 1.13953
1.53338 1.20567 1.13536
1.53666 1.19954 1.13847
1.53939 1.19831 1.14296
1.53888 1.20332 1.14392
1.53631 1.20452 1.13953
1.53939 1.19831 1.14296
1.54179 1.19704 1.14762
1.54113 1.20208 1.14847
1.53888 1.20332 1.14392
1.54179 1.19704 1.14762
1.54372 1.19571 1.15248
1.54292 1.20078 1.15321
1.54113 1.20208 1.14847
1.54372 1.19571 1.15248
1.54471 1.19431 1.15759
1.5438 1.19943 1.15816
1.54292 1.20078 1.15321
1.54471 1.19431 1.15759
1.54257 1.194 1.15875
1.54176 1.19914 1.15923
1.5438 1.19943 1.15816
1.54257 1.194 1.15875
1.54078 1.19534 1.15384
1.5401 1.20044 1.15445
1.54176 1.19914 1.15923
1.54078 1.19534 1.15384
1.5391 1.19669 1.14889
1.53855 1.20176 1.14964
1.5401 1.20044 1.15445
1.5391 1.19669 1.14889
1.53737 1.19804 1.14396
1.53693 1.20307 1.14484
1.53855 1.20176 1.14964
1.53737 1.19804 1.14396
1.53553 1.19938 1.13907
1.53522 1.20438 1.14008
1.53693 1.20307 1.14484
1.53338 1.20567 1.13536
1.53631 1.20452 1.13953
1.53597 1.20952 1.14055
1.53323 1.21063 1.13647
1.53631 1.20452 1.13953
1.53888 1.20332 1.14392
1.53838 1.20835 1.14481
1.53597 1.20952 1.14055
1.53888 1.20332 1.14392
1.54113 1.20208 1.14847
1.54048 1.20714 1.14923
1.53838 1.20835 1.14481
1.54113 1.20208 1.14847
1.54292 1.20078 1.15321
1.54213 1.20589 1.15382
1.54048 1.20714 1.14923
1.54292 1.20078 1.15321
1.5438 1.19943 1.15816
1.54293 1.20458 1.1586
1.54213 1.20589 1.15382
1.5438 1.19943 1.15816
1.54176 1.19914 1.15923
1.54098 1.20431 1.15958
1.54293 1.20458 1.1586
1.54176 1.19914 1.15923
1.5401 1.20044 1.15445
1.53944 1.20558 1.15496
1.54098 1.20431 1.15958
1.5401 1.20044 1.15445
1.53855 1.20176 1.14964
1.538 1.20685 1.1503
1.53944 1.20558 1.15496
1.53855 1.20176 1.14964
1.53693 1.20307 1.14484
1.53651 1.20812 1.14566
1.538 1.20685 1.1503
1.53693 1.20307 1.14484
1.53522 1.20438 1.14008
1.53492 1.20938 1.14105
1.53651 1.20812 1.14566
1.53323 1.21063 1.13647
1.53597 1.20952 1.14055
1.53564 1.21452 1.14152
1.53309 1.21561 1.13756
1.53597 1.20952 1.14055
1.53838 1.20835 1.14481
1.53789 1.21339 1.14565
1.53564 1.21452 1.14152
1.53838 1.20835 1.14481
1.54048 1.20714 1.14923
1.53984 1.21223 1.14992
1.53789 1.21339 1.14565
1.54048 1.20714 1.14923
1.54213 1.20589 1.15382
1.54137 1.21102 1.15434
1.53984 1.21223 1.14992
1.54213 1.20589 1.15382
1.54293 1.20458 1.1586
1.54208 1.20976 1.15894
1.54137 1.21102 1.15434
1.54293 1.20458 1.1586
1.54098 1.20431 1.15958
1.54023 1.20951 1.15984
1.54208 1.20976 1.15894
1.54098 1.20431 1.15958
1.53944 1.20558 1.15496
1.53881 1.21073 1.15538
1.54023 1.20951 1.15984
1.53944 1.20558 1.15496
1.538 1.20685 1.1503
1.53748 1.21196 1.15089
1.53881 1.21073 1.15538
1.538 1.20685 1.1503
1.53651 1.20812 1.14566
1.5361 1.21318 1.14643
1.53748 1.21196 1.15089
1.53651 1.20812 1.14566
1.53492 1.20938 1.14105
1.53463 1.2144 1.14198
1.5361 1.21318 1.14643
1.53309 1.21561 1.13756
1.53564 1.21452 1.14152
1.53531 1.21954 1.14246
1.53295 1.22058 1.13863
1.53564 1.21452 1.14152
1.53789 1.21339 1.14565
1.53741 1.21845 1.14643
1.53531 1.21954 1.14246
1.53789 1.21339 1.14565
1.53984 1.21223 1.14992
1.53922 1.21733 1.15053
1.53741 1.21845 1.14643
1.53984 1.21223 1.14992
1.54137 1.21102 1.15434
1.54064 1.21617 1.15477
1.53922 1.21733 1.15053
1.54137 1.21102 1.15434
1.54208 1.20976 1.15894
1.54126 1.21496 1.15918
1.54064 1.21617 1.15477
1.54208 1.20976 1.15894
1.54023 1.20951 1.15984
1.53951 1.21474 1.16
1.54126 1.21496 1.15918
1.54023 1.20951 1.15984
1.53881 1.21073 1.15538
1.53821 1.21591 1.15572
1.53951 1.21474 1.16
1.53881 1.21073 1.15538
1.53748 1.21196 1.15089
1.53699 1.21708 1.15142
1.53821 1.21591 1.15572
1.53748 1.21196 1.15089
1.5361 1.21318 1.14643
1.5357 1.21826 1.14714
1.53699 1.21708 1.15142
1.5361 1.21318 1.14643
1.53463 1.2144 1.14198
1.53435 1.21942 1.14288
1.5357 1.21826 1.14714
1.53295 1.22058 1.13863
1.53531 1.21954 1.14246
1.535 1.22456 1.14337
1.53282 1.22557 1.13969
1.53531 1.21954 1.14246
1.53741 1.21845 1.14643
1.53694 1.22352 1.14718
1.535 1.22456 1.14337
1.53741 1.21845 1.14643
1.53922 1.21733 1.15053
1.53862 1.22245 1.15109
1.53694 1.22352 1.14718
1.53922 1.21733 1.15053
1.54064 1.21617 1.15477
1.53993 1.22134 1.15514
1.53862 1.22245 1.15109
1.54064 1.21617 1.15477
1.54126 1.21496 1.15918
1.54048 1.22019 1.15934
1.53993 1.22134 1.15514
1.54126 1.21496 1.15918
1.53951 1.21474 1.16
1.53882 1.21999 1.16009
1.54048 1.22019 1.15934
1.53951 1.21474 1.16
1.53821 1.21591 1.15572
1.53764 1.2211 1.156
1.53882 1.21999 1.16009
1.53821 1.21591 1.15572
1.53699 1.21708 1.15142
1.53651 1.22223 1.1519
1.53764 1.2211 1.156
1.53699 1.21708 1.15142
1.5357 1.21826 1.14714
1.53533 1.22334 1.14782
1.53651 1.22223 1.1519
1.5357 1.21826 1.14714
1.53435 1.21942 1.14288
1.53409 1.22446 1.14375
1.53533 1.22334 1.14782
1.53282 1.22557 1.13969
1.535 1.22456 1.14337
1.53471 1.22959 1.14424
1.53269 1.23055 1.14073
1.535 1.22456 1.14337
1.53694 1.22352 1.14718
1.53651 1.2286 1.14787
1.53471 1.22959 1.14424
1.53694 1.22352 1.14718
1.53862 1.22245 1.15109
1.53806 1.22758 1.15159
1.53651 1.2286 1.14787
1.53862 1.22245 1.15109
1.53993 1.22134 1.15514
1.53925 1.22653 1.15544
1.53806 1.22758 1.15159
1.53993 1.22134 1.15514
1.54048 1.22019 1.15934
1.53973 1.22544 1.15942
1.53925 1.22653 1.15544
1.54048 1.22019 1.15934
1.53882 1.21999 1.16009
1.53817 1.22525 1.16011
1.53973 1.22544 1.15942
1.53882 1.21999 1.16009
1.53764 1.2211 1.156
1.5371 1.22631 1.15623
1.53817 1.22525 1.16011
1.53764 1.2211 1.156
1.53651 1.22223 1.1519
1.53607 1.22738 1.15234
1.5371 1.22631 1.15623
1.53651 1.22223 1.1519
1.53533 1.22334 1.14782
1.53499 1.22844 1.14846
1.53607 1.22738 1.15234
1.53533 1.22334 1.14782
1.53409 1.22446 1.14375
1.53386 1.2295 1.14459
1.53499 1.22844 1.14846
1.53269 1.23055 1.14073
1.53471 1.22959 1.14424
1.53444 1.23463 1.1451
1.53257 1.23554 1.14177
1.53471 1.22959 1.14424
1.53651 1.2286 1.14787
1.5361 1.23369 1.14853
1.53444 1.23463 1.1451
1.53651 1.2286 1.14787
1.53806 1.22758 1.15159
1.53752 1.23272 1.15206
1.5361 1.23369 1.14853
1.53806 1.22758 1.15159
1.53925 1.22653 1.15544
1.5386 1.23173 1.1557
1.53752 1.23272 1.15206
1.53925 1.22653 1.15544
1.53973 1.22544 1.15942
1.53902 1.2307 1.15946
1.5386 1.23173 1.1557
1.53973 1.22544 1.15942
1.53817 1.22525 1.16011
1.53756 1.23053 1.16009
1.53902 1.2307 1.15946
1.53817 1.22525 1.16011
1.5371 1.22631 1.15623
1.53658 1.23153 1.15642
1.53756 1.23053 1.16009
1.5371 1.22631 1.15623
1.53607 1.22738 1.15234
1.53565 1.23254 1.15274
1.53658 1.23153 1.15642
1.53607 1.22738 1.15234
1.53499 1.22844 1.14846
1.53467 1.23354 1.14907
1.53565 1.23254 1.15274
1.53499 1.22844 1.14846
1.53386 1.2295 1.14459
1.53363 1.23454 1.14541
1.53467 1.23354 1.14907
1.53257 1.23554 1.14177
1.53444 1.23463 1.1451
1.53417 1.23967 1.14593
1.53245 1.24053 1.14278
1.53444 1.23463 1.1451
1.5361 1.23369 1.14853
1.5357 1.23879 1.14917
1.53417 1.23967 1.14593
1.5361 1.23369 1.14853
1.53752 1.23272 1.15206
1.537 1.23788 1.1525
1.5357 1.23879 1.14917
1.53752 1.23272 1.15206
1.5386 1.23173 1.1557
1.53799 1.23694 1.15593
1.537 1.23788 1.1525
1.5386 1.23173 1.1557
1.53902 1.2307 1.15946
1.53835 1.23597 1.15946
1.53799 1.23694 1.15593
1.53902 1.2307 1.15946
1.53756 1.23053 1.16009
1.53698 1.23581 1.16004
1.53835 1.23597 1.15946
1.53756 1.23053 1.16009
1.53658 1.23153 1.15642
1.5361 1.23676 1.15658
1.53698 1.23581 1.16004
1.53658 1.23153 1.15642
1.53565 1.23254 1.15274
1.53526 1.23771 1.15311
1.5361 1.23676 1.15658
1.53565 1.23254 1.15274
1.53467 1.23354 1.14907
1.53437 1.23865 1.14966
1.53526 1.23771 1.15311
1.53467 1.23354 1.14907
1.53363 1.23454 1.14541
1.53342 1.23959 1.14622
1.53437 1.23865 1.14966
1.53245 1.24053 1.14278
1.53417 1.23967 1.14593
1.53392 1.24472 1.14675
1.53233 1.24553 1.14379
1.53417 1.23967 1.14593
1.5357 1.23879 1.14917
1.53532 1.24389 1.14979
1.53392 1.24472 1.14675
1.5357 1.23879 1.14917
1.537 1.23788 1.1525
1.53651 1.24303 1.15292
1.53532 1.24389 1.14979
1.537 1.23788 1.1525
1.53799 1.23694 1.15593
1.5374 1.24215 1.15613
1.53651 1.24303 1.15292
1.53799 1.23694 1.15593
1.53835 1.23597 1.15946
1.53771 1.24125 1.15944
1.5374 1.24215 1.15613
1.53835 1.23597 1.15946
1.53698 1.23581 1.16004
1.53643 1.24111 1.15996
1.53771 1.24125 1.15944
1.53698 1.23581 1.16004
1.5361 1.23676 1.15658
1.53564 1.24199 1.15672
1.53643 1.24111 1.15996
1.5361 1.23676 1.15658
1.53526 1.23771 1.15311
1.53488 1.24288 1.15347
1.53564 1.24199 1.15672
1.53526 1.23771 1.15311
1.53437 1.23865 1.14966
1.53408 1.24377 1.15023
1.53488 1.24288 1.15347
1.53437 1.23865 1.14966
1.53342 1.23959 1.14622
1.53322 1.24465 1.14701
1.53408 1.24377 1.15023
1.53233 1.24553 1.14379
1.53392 1.24472 1.14675
1.53368 1.24977 1.14755
1.53223 1.25053 1.14478
1.53392 1.24472 1.14675
1.53532 1.24389 1.14979
1.53495 1.24899 1.1504
1.53368 1.24977 1.14755
1.53532 1.24389 1.14979
1.53651 1.24303 1.15292
1.53604 1.24819 1.15332
1.53495 1.24899 1.1504
1.53651 1.24303 1.15292
1.5374 1.24215 1.15613
1.53684 1.24737 1.15632
1.53604 1.24819 1.15332
1.5374 1.24215 1.15613
1.53771 1.24125 1.15944
1.53711 1.24653 1.15941
1.53684 1.24737 1.15632
1.53771 1.24125 1.15944
1.53643 1.24111 1.15996
1.53592 1.2464 1.15988
1.53711 1.24653 1.15941
1.53643 1.24111 1.15996
1.53564 1.24199 1.15672
1.53521 1.24723 1.15686
1.53592 1.2464 1.15988
1.53564 1.24199 1.15672
1.53488 1.24288 1.15347
1.53453 1.24805 1.15382
1.53521 1.24723 1.15686
1.53488 1.24288 1.15347
1.53408 1.24377 1.15023
1.5338 1.24888 1.1508
1.53453 1.24805 1.15382
1.53408 1.24377 1.15023
1.53322 1.24465 1.14701
1.53303 1.24971 1.14779
1.5338 1.24888 1.1508
1.53223 1.25053 1.14478
1.53368 1.24977 1.14755
1.53345 1.25482 1.14835
1.53212 1.25553 1.14577
1.53368 1.24977 1.14755
1.53495 1.24899 1.1504
1.53461 1.2541 1.151
1.53345 1.25482 1.14835
1.53495 1.24899 1.1504
1.53604 1.24819 1.15332
1.53559 1.25335 1.15372
1.53461 1.2541 1.151
1.53604 1.24819 1.15332
1.53684 1.24737 1.15632
1.53632 1.25259 1.15651
1.53559 1.25335 1.15372
1.53684 1.24737 1.15632
1.53711 1.24653 1.15941
1.53654 1.25181 1.15938
1.53632 1.25259 1.15651
1.53711 1.24653 1.15941
1.53592 1.2464 1.15988
1.53544 1.25169 1.15981
1.53654 1.25181 1.15938
1.53592 1.2464 1.15988
1.53521 1.24723 1.15686
1.5348 1.25246 1.157
1.53544 1.25169 1.15981
1.53521 1.24723 1.15686
1.53453 1.24805 1.15382
1.53419 1.25323 1.15418
1.5348 1.25246 1.157
1.53453 1.24805 1.15382
1.5338 1.24888 1.1508
1.53354 1.254 1.15137
1.53419 1.25323 1.15418
1.5338 1.24888 1.1508
1.53303 1.24971 1.14779
1.53285 1.25476 1.14857
1.53354 1.254 1.15137
1.53212 1.25553 1.14577
1.53345 1.25482 1.14835
1.53323 1.25988 1.14915
1.53202 1.26053 1.14675
1.53345 1.25482 1.14835
1.53461 1.2541 1.151
1.53429 1.2592 1.15161
1.53323 1.25988 1.14915
1.53461 1.2541 1.151
1.53559 1.25335 1.15372
1.53518 1.25851 1.15413
1.53429 1.2592 1.15161
1.53559 1.25335 1.15372
1.53632 1.25259 1.15651
1.53583 1.25781 1.15672
1.53518 1.25851 1.15413
1.53632 1.25259 1.15651
1.53654 1.25181 1.15938
1.53602 1.25708 1.15937
1.53583 1.25781 1.15672
1.53654 1.25181 1.15938
1.53544 1.25169 1.15981
1.53499 1.25697 1.15976
1.53602 1.25708 1.15937
1.53544 1.25169 1.15981
1.5348 1.25246 1.157
1.53442 1.25769 1.15715
1.53499 1.25697 1.15976
1.5348 1.25246 1.157
1.53419 1.25323 1.15418
1.53388 1.2584 1.15454
1.53442 1.25769 1.15715
1.53419 1.25323 1.15418
1.53354 1.254 1.15137
1.5333 1.25911 1.15194
1.53388 1.2584 1.15454
1.53354 1.254 1.15137
1.53285 1.25476 1.14857
1.53267 1.25982 1.14934
1.5333 1.25911 1.15194
1.53202 1.26053 1.14675
1.53323 1.25988 1.14915
1.53303 1.26493 1.14994
1.53193 1.26554 1.14772
1.53323 1.25988 1.14915
1.53429 1.2592 1.15161
1.53399 1.26431 1.15222
1.53303 1.26493 1.14994
1.53429 1.2592 1.15161
1.53518 1.25851 1.15413
1.53479 1.26367 1.15455
1.53399 1.26431 1.15222
1.53518 1.25851 1.15413
1.53583 1.25781 1.15672
1.53537 1.26302 1.15694
1.53479 1.26367 1.15455
1.53583 1.25781 1.15672
1.53602 1.25708 1.15937
1.53553 1.26235 1.15939
1.53537 1.26302 1.15694
1.53602 1.25708 1.15937
1.53499 1.25697 1.15976
1.53458 1.26225 1.15974
1.53553 1.26235 1.15939
1.53499 1.25697 1.15976
1.53442 1.25769 1.15715
1.53407 1.26291 1.15733
1.53458 1.26225 1.15974
1.53442 1.25769 1.15715
1.53388 1.2584 1.15454
1.53359 1.26357 1.15492
1.53407 1.26291 1.15733
1.53388 1.2584 1.15454
1.5333 1.25911 1.15194
1.53307 1.26423 1.15251
1.53359 1.26357 1.15492
1.5333 1.25911 1.15194
1.53267 1.25982 1.14934
1.53251 1.26489 1.15012
1.53307 1.26423 1.15251
1.53193 1.26554 1.14772
1.53303 1.26493 1.14994
1.53284 1.26998 1.15073
1.53184 1.27055 1.14869
1.53303 1.26493 1.14994
1.53399 1.26431 1.15222
1.5337 1.26941 1.15284
1.53284 1.26998 1.15073
1.53399 1.26431 1.15222
1.53479 1.26367 1.15455
1.53443 1.26882 1.15499
1.5337 1.26941 1.15284
1.53479 1.26367 1.15455
1.53537 1.26302 1.15694
1.53495 1.26822 1.1572
1.53443 1.26882 1.15499
1.53537 1.26302 1.15694
1.53553 1.26235 1.15939
1.53508 1.2676 1.15945
1.53495 1.26822 1.1572
1.53553 1.26235 1.15939
1.53458 1.26225 1.15974
1.53421 1.26751 1.15977
1.53508 1.2676 1.15945
1.53458 1.26225 1.15974
1.53407 1.26291 1.15733
1.53375 1.26812 1.15755
1.53421 1.26751 1.15977
1.53407 1.26291 1.15733
1.53359 1.26357 1.15492
1.53332 1.26873 1.15533
1.53375 1.26812 1.15755
1.53359 1.26357 1.15492
1.53307 1.26423 1.15251
1.53286 1.26934 1.15311
1.53332 1.26873 1.15533
1.53307 1.26423 1.15251
1.53251 1.26489 1.15012
1.53236 1.26994 1.15089
1.53286 1.26934 1.15311
1.53184 1.27055 1.14869
1.53284 1.26998 1.15073
1.53266 1.27482 1.1515
1.53175 1.27534 1.1496
1.53284 1.26998 1.15073
1.5337 1.26941 1.15284
1.53346 1.27429 1.15345
1.53266 1.27482 1.1515
1.5337 1.26941 1.15284
1.53443 1.26882 1.15499
1.53411 1.27375 1.15544
1.53346 1.27429 1.15345
1.53443 1.26882 1.15499
1.53495 1.26822 1.1572
1.53458 1.27319 1.15748
1.53411 1.27375 1.15544
1.53495 1.26822 1.1572
1.53508 1.2676 1.15945
1.53469 1.27262 1.15956
1.53458 1.27319 1.15748
1.53508 1.2676 1.15945
1.53421 1.26751 1.15977
1.53388 1.27254 1.15986
1.53469 1.27262 1.15956
1.53421 1.26751 1.15977
1.53375 1.26812 1.15755
1.53347 1.2731 1.1578
1.53388 1.27254 1.15986
1.53375 1.26812 1.15755
1.53332 1.26873 1.15533
1.53309 1.27366 1.15574
1.53347 1.2731 1.1578
1.53332 1.26873 1.15533
1.53286 1.26934 1.15311
1.53267 1.27422 1.15369
1.53309 1.27366 1.15574
1.53286 1.26934 1.15311
1.53236 1.26994 1.15089
1.53222 1.27478 1.15165
1.53267 1.27422 1.15369
1.53175 1.27534 1.1496
1.53266 1.27482 1.1515
1.53263 1.27599 1.15169
1.53173 1.2765 1.14983
1.53266 1.27482 1.1515
1.53346 1.27429 1.15345
1.5334 1.27547 1.1536
1.53263 1.27599 1.15169
1.53346 1.27429 1.15345
1.53411 1.27375 1.15544
1.53404 1.27494 1.15555
1.5334 1.27547 1.1536
1.53411 1.27375 1.15544
1.53458 1.27319 1.15748
1.5345 1.27439 1.15756
1.53404 1.27494 1.15555
1.53458 1.27319 1.15748
1.53469 1.27262 1.15956
1.5346 1.27383 1.1596
1.5345 1.27439 1.15756
1.53469 1.27262 1.15956
1.53388 1.27254 1.15986
1.5338 1.27375 1.15989
1.5346 1.27383 1.1596
1.53388 1.27254 1.15986
1.53347 1.2731 1.1578
1.53341 1.2743 1.15787
1.5338 1.27375 1.15989
1.53347 1.2731 1.1578
1.53309 1.27366 1.15574
1.53303 1.27485 1.15585
1.53341 1.2743 1.15787
1.53309 1.27366 1.15574
1.53267 1.27422 1.15369
1.53263 1.27541 1.15384
1.53303 1.27485 1.15585
1.53267 1.27422 1.15369
1.53222 1.27478 1.15165
1.53219 1.27596 1.15183
1.53263 1.27541 1.15384
1.53173 1.2765 1.14983
1.53263 1.27599 1.15169
1.53259 1.27695 1.15184
1.53172 1.27745 1.15
1.53263 1.27599 1.15169
1.5334 1.27547 1.1536
1.53335 1.27644 1.15372
1.53259 1.27695 1.15184
1.5334 1.27547 1.1536
1.53404 1.27494 1.15555
1.53398 1.27591 1.15564
1.53335 1.27644 1.15372
1.53404 1.27494 1.15555
1.5345 1.27439 1.15756
1.53443 1.27537 1.15761
1.53398 1.27591 1.15564
1.5345 1.27439 1.15756
1.5346 1.27383 1.1596
1.53453 1.27482 1.15963
1.53443 1.27537 1.15761
1.5346 1.27383 1.1596
1.5338 1.27375 1.15989
1.53374 1.27474 1.15991
1.53453 1.27482 1.15963
1.5338 1.27375 1.15989
1.53341 1.2743 1.15787
1.53335 1.27529 1.15792
1.53374 1.27474 1.15991
1.53341 1.2743 1.15787
1.53303 1.27485 1.15585
1.53299 1.27583 1.15594
1.53335 1.27529 1.15792
1.53303 1.27485 1.15585
1.53263 1.27541 1.15384
1.53259 1.27637 1.15395
1.53299 1.27583 1.15594
1.53263 1.27541 1.15384
1.53219 1.27596 1.15183
1.53216 1.27691 1.15198
1.53259 1.27637 1.15395
1.53172 1.27745 1.15
1.53259 1.27695 1.15184
1.53254 1.27793 1.15191
1.53168 1.27842 1.15012
1.53259 1.27695 1.15184
1.53335 1.27644 1.15372
1.53328 1.27742 1.15374
1.53254 1.27793 1.15191
1.53335 1.27644 1.15372
1.53398 1.27591 1.15564
1.53389 1.27691 1.15562
1.53328 1.27742 1.15374
1.53398 1.27591 1.15564
1.53443 1.27537 1.15761
1.53433 1.27638 1.15755
1.53389 1.27691 1.15562
1.53443 1.27537 1.15761
1.53453 1.27482 1.15963
1.53442 1.27585 1.15951
1.53433 1.27638 1.15755
1.53453 1.27482 1.15963
1.53374 1.27474 1.15991
1.53365 1.27577 1.15979
1.53442 1.27585 1.15951
1.53374 1.27474 1.15991
1.53335 1.27529 1.15792
1.53327 1.2763 1.15785
1.53365 1.27577 1.15979
1.53335 1.27529 1.15792
1.53299 1.27583 1.15594
1.53292 1.27683 1.15591
1.53327 1.2763 1.15785
1.53299 1.27583 1.15594
1.53259 1.27637 1.15395
1.53253 1.27736 1.15397
1.53292 1.27683 1.15591
1.53259 1.27637 1.15395
1.53216 1.27691 1.15198
1.53212 1.27789 1.15204
1.53253 1.27736 1.15397
1.53168 1.27842 1.15012
1.53254 1.27793 1.15191
1.53245 1.27894 1.15186
1.53163 1.27941 1.15014
1.53254 1.27793 1.15191
1.53328 1.27742 1.15374
1.53316 1.27845 1.15363
1.53245 1.27894 1.15186
1.53328 1.27742 1.15374
1.53389 1.27691 1.15562
1.53375 1.27796 1.15544
1.53316 1.27845 1.15363
1.53389 1.27691 1.15562
1.53433 1.27638 1.15755
1.53417 1.27745 1.1573
1.53375 1.27796 1.15544
1.53433 1.27638 1.15755
1.53442 1.27585 1.15951
1.53426 1.27693 1.15919
1.53417 1.27745 1.1573
1.53442 1.27585 1.15951
1.53365 1.27577 1.15979
1.53352 1.27686 1.15945
1.53426 1.27693 1.15919
1.53365 1.27577 1.15979
1.53327 1.2763 1.15785
1.53316 1.27737 1.15759
1.53352 1.27686 1.15945
1.53327 1.2763 1.15785
1.53292 1.27683 1.15591
1.53281 1.27788 1.15572
1.53316 1.27737 1.15759
1.53292 1.27683 1.15591
1.53253 1.27736 1.15397
1.53245 1.27839 1.15385
1.53281 1.27788 1.15572
1.53253 1.27736 1.15397
1.53212 1.27789 1.15204
1.53205 1.2789 1.15199
1.53245 1.27839 1.15385
1.53163 1.27941 1.15014
1.53245 1.27894 1.15186
1.53233 1.27998 1.15168
1.53156 1.28043 1.15005
1.53245 1.27894 1.15186
1.53316 1.27845 1.15363
1.533 1.27953 1.15336
1.53233 1.27998 1.15168
1.53316 1.27845 1.15363
1.53375 1.27796 1.15544
1.53356 1.27906 1.15508
1.533 1.27953 1.15336
1.53375 1.27796 1.15544
1.53417 1.27745 1.1573
1.53395 1.27858 1.15683
1.53356 1.27906 1.15508
1.53417 1.27745 1.1573
1.53426 1.27693 1.15919
1.53403 1.27809 1.15863
1.53395 1.27858 1.15683
1.53426 1.27693 1.15919
1.53352 1.27686 1.15945
1.53333 1.27802 1.15888
1.53403 1.27809 1.15863
1.53352 1.27686 1.15945
1.53316 1.27737 1.15759
1.53299 1.2785 1.15711
1.53333 1.27802 1.15888
1.53316 1.27737 1.15759
1.53281 1.27788 1.15572
1.53267 1.27899 1.15534
1.53299 1.2785 1.15711
1.53281 1.27788 1.15572
1.53245 1.27839 1.15385
1.53232 1.27947 1.15357
1.53267 1.27899 1.15534
1.53245 1.27839 1.15385
1.53205 1.2789 1.15199
1.53195 1.27995 1.15181
1.53232 1.27947 1.15357
1.53156 1.28043 1.15005
1.53233 1.27998 1.15168
1.53217 1.28108 1.15134
1.53145 1.28149 1.14982
1.53233 1.27998 1.15168
1.533 1.27953 1.15336
1.53278 1.28065 1.15289
1.53217 1.28108 1.15134
1.533 1.27953 1.15336
1.53356 1.27906 1.15508
1.5333 1.28022 1.15448
1.53278 1.28065 1.15289
1.53356 1.27906 1.15508
1.53395 1.27858 1.15683
1.53366 1.27977 1.1561
1.5333 1.28022 1.15448
1.53395 1.27858 1.15683
1.53403 1.27809 1.15863
1.53373 1.27932 1.15776
1.53366 1.27977 1.1561
1.53403 1.27809 1.15863
1.53333 1.27802 1.15888
1.53308 1.27926 1.15799
1.53373 1.27932 1.15776
1.53333 1.27802 1.15888
1.53299 1.2785 1.15711
1.53277 1.2797 1.15636
1.53308 1.27926 1.15799
1.53299 1.2785 1.15711
1.53267 1.27899 1.15534
1.53247 1.28015 1.15472
1.53277 1.2797 1.15636
1.53267 1.27899 1.15534
1.53232 1.27947 1.15357
1.53216 1.2806 1.15308
1.53247 1.28015 1.15472
1.53232 1.27947 1.15357
1.53195 1.27995 1.15181
1.53181 1.28105 1.15145
1.53216 1.2806 1.15308
1.53145 1.28149 1.14982
1.53217 1.28108 1.15134
1.53194 1.28223 1.15076
1.5313 1.2826 1.14941
1.53217 1.28108 1.15134
1.53278 1.28065 1.15289
1.53249 1.28186 1.15214
1.53194 1.28223 1.15076
1.53278 1.28065 1.15289
1.5333 1.28022 1.15448
1.53294 1.28147 1.15356
1.53249 1.28186 1.15214
1.5333 1.28022 1.15448
1.53366 1.27977 1.1561
1.53326 1.28107 1.155
1.53294 1.28147 1.15356
1.53366 1.27977 1.1561
1.53373 1.27932 1.15776
1.53333 1.28067 1.15648
1.53326 1.28107 1.155
1.53373 1.27932 1.15776
1.53308 1.27926 1.15799
1.53275 1.28061 1.15669
1.53333 1.28067 1.15648
1.53308 1.27926 1.15799
1.53277 1.2797 1.15636
1.53247 1.28101 1.15523
1.53275 1.28061 1.15669
1.53277 1.2797 1.15636
1.53247 1.28015 1.15472
1.53221 1.28141 1.15377
1.53247 1.28101 1.15523
1.53247 1.28015 1.15472
1.53216 1.2806 1.15308
1.53193 1.28181 1.15231
1.53221 1.28141 1.15377
1.53216 1.2806 1.15308
1.53181 1.28105 1.15145
1.53162 1.28221 1.15086
1.53193 1.28181 1.15231
1.5313 1.2826 1.14941
1.53194 1.28223 1.15076
1.5316 1.2835 1.14976
1.53108 1.2838 1.14866
1.53194 1.28223 1.15076
1.53249 1.28186 1.15214
1.53205 1.28319 1.1509
1.5316 1.2835 1.14976
1.53249 1.28186 1.15214
1.53294 1.28147 1.15356
1.53242 1.28287 1.15205
1.53205 1.28319 1.1509
1.53294 1.28147 1.15356
1.53326 1.28107 1.155
1.53268 1.28255 1.15324
1.53242 1.28287 1.15205
1.53326 1.28107 1.155
1.53333 1.28067 1.15648
1.53273 1.28222 1.15445
1.53268 1.28255 1.15324
1.53333 1.28067 1.15648
1.53275 1.28061 1.15669
1.53226 1.28217 1.15461
1.53273 1.28222 1.15445
1.53275 1.28061 1.15669
1.53247 1.28101 1.15523
1.53203 1.2825 1.15342
1.53226 1.28217 1.15461
1.53247 1.28101 1.15523
1.53221 1.28141 1.15377
1.53182 1.28283 1.15223
1.53203 1.2825 1.15342
1.53221 1.28141 1.15377
1.53193 1.28181 1.15231
1.53159 1.28315 1.15103
1.53182 1.28283 1.15223
1.53193 1.28181 1.15231
1.53162 1.28221 1.15086
1.53134 1.28348 1.14985
1.53159 1.28315 1.15103
1.53108 1.2838 1.14866
1.5316 1.2835 1.14976
1.53093 1.28511 1.14753
1.53064 1.28528 1.14691
1.5316 1.2835 1.14976
1.53205 1.28319 1.1509
1.53118 1.28494 1.14817
1.53093 1.28511 1.14753
1.53205 1.28319 1.1509
1.53242 1.28287 1.15205
1.53139 1.28476 1.14882
1.53118 1.28494 1.14817
1.53242 1.28287 1.15205
1.53268 1.28255 1.15324
1.53154 1.28457 1.14949
1.53139 1.28476 1.14882
1.53268 1.28255 1.15324
1.53273 1.28222 1.15445
1.53156 1.28439 1.15017
1.53154 1.28457 1.14949
1.53273 1.28222 1.15445
1.53226 1.28217 1.15461
1.5313 1.28436 1.15026
1.53156 1.28439 1.15017
1.53226 1.28217 1.15461
1.53203 1.2825 1.15342
1.53117 1.28455 1.14959
1.5313 1.28436 1.15026
1.53203 1.2825 1.15342
1.53182 1.28283 1.15223
1.53105 1.28473 1.14892
1.53117 1.28455 1.14959
1.53182 1.28283 1.15223
1.53159 1.28315 1.15103
1.53092 1.28491 1.14825
1.53105 1.28473 1.14892
1.53159 1.28315 1.15103
1.53134 1.28348 1.14985
1.53078 1.2851 1.14758
1.53092 1.28491 1.14825
1.53064 1.28528 1.14691
1.53093 1.28511 1.14753
1.53018 1.28671 1.14495
1.53014 1.28674 1.14487
1.53093 1.28511 1.14753
1.53118 1.28494 1.14817
1.53021 1.28669 1.14503
1.53018 1.28671 1.14495
1.53118 1.28494 1.14817
1.53139 1.28476 1.14882
1.53024 1.28667 1.14512
1.53021 1.28669 1.14503
1.53139 1.28476 1.14882
1.53154 1.28457 1.14949
1.53026 1.28664 1.14521
1.53024 1.28667 1.14512
1.53154 1.28457 1.14949
1.53156 1.28439 1.15017
1.53026 1.28662 1.1453
1.53026 1.28664 1.14521
1.53156 1.28439 1.15017
1.5313 1.28436 1.15026
1.53023 1.28662 1.14531
1.53026 1.28662 1.1453
1.5313 1.28436 1.15026
1.53117 1.28455 1.14959
1.53021 1.28664 1.14522
1.53023 1.28662 1.14531
1.53117 1.28455 1.14959
1.53105 1.28473 1.14892
1.53019 1.28666 1.14513
1.53021 1.28664 1.14522
1.53105 1.28473 1.14892
1.53092 1.28491 1.14825
1.53018 1.28669 1.14505
1.53019 1.28666 1.14513
1.53092 1.28491 1.14825
1.53078 1.2851 1.14758
1.53016 1.28671 1.14496
1.53018 1.28669 1.14505
1.53986 1.12846 1.11702
1.53634 1.12924 1.11416
1.53631 1.13223 1.11518
1.53988 1.13139 1.11823
1.53988 1.13139 1.11823
1.53631 1.13223 1.11518
1.5362 1.13695 1.11678
1.53982 1.13603 1.12014
1.53982 1.13603 1.12014
1.5362 1.13695 1.11678
1.53601 1.14178 1.11839
1.53961 1.14077 1.12208
1.53961 1.14077 1.12208
1.53601 1.14178 1.11839
1.53577 1.14663 1.11994
1.53932 1.14553 1.12395
1.53932 1.14553 1.12395
1.53577 1.14663 1.11994
1.53553 1.15149 1.12144
1.539 1.15032 1.12571
1.539 1.15032 1.12571
1.53553 1.15149 1.12144
1.53529 1.15637 1.12288
1.53867 1.15514 1.12738
1.53867 1.15514 1.12738
1.53529 1.15637 1.12288
1.53506 1.16126 1.12428
1.53832 1.15997 1.12896
1.53832 1.15997 1.12896
1.53506 1.16126 1.12428
1.53484 1.16616 1.12563
1.53796 1.16484 1.13046
1.53796 1.16484 1.13046
1.53484 1.16616 1.12563
1.53463 1.17107 1.12695
1.5376 1.16972 1.13189
1.5376 1.16972 1.13189
1.53463 1.17107 1.12695
1.53443 1.17599 1.12823
1.53724 1.17462 1.13324
1.53724 1.17462 1.13324
1.53443 1.17599 1.12823
1.53423 1.18092 1.12949
1.53688 1.17954 1.13452
1.53688 1.17954 1.13452
1.53423 1.18092 1.12949
1.53405 1.18585 1.13071
1.53653 1.18448 1.13574
1.53653 1.18448 1.13574
1.53405 1.18585 1.13071
1.53387 1.1908 1.13191
1.53619 1.18943 1.13691
1.53619 1.18943 1.13691
1.53387 1.1908 1.13191
1.5337 1.19575 1.13308
1.53585 1.1944 1.13801
1.53585 1.1944 1.13801
1.5337 1.19575 1.13308
1.53354 1.2007 1.13423
1.53553 1.19938 1.13907
1.53553 1.19938 1.13907
1.53354 1.2007 1.13423
1.53338 1.20567 1.13536
1.53522 1.20438 1.14008
1.53522 1.20438 1.14008
1.53338 1.20567 1.13536
1.53323 1.21063 1.13647
1.53492 1.20938 1.14105
1.53492 1.20938 1.14105
1.53323 1.21063 1.13647
1.53309 1.21561 1.13756
1.53463 1.2144 1.14198
1.53463 1.2144 1.14198
1.53309 1.21561 1.13756
1.53295 1.22058 1.13863
1.53435 1.21942 1.14288
1.53435 1.21942 1.14288
1.53295 1.22058 1.13863
1.53282 1.22557 1.13969
1.53409 1.22446 1.14375
1.53409 1.22446 1.14375
1.53282 1.22557 1.13969
1.53269 1.23055 1.14073
1.53386 1.2295 1.14459
1.53386 1.2295 1.14459
1.53269 1.23055 1.14073
1.53257 1.23554 1.14177
1.53363 1.23454 1.14541
1.53363 1.23454 1.14541
1.53257 1.23554 1.14177
1.53245 1.24053 1.14278
1.53342 1.23959 1.14622
1.53342 1.23959 1.14622
1.53245 1.24053 1.14278
1.53233 1.24553 1.14379
1.53322 1.24465 1.14701
1.53322 1.24465 1.14701
1.53233 1.24553 1.14379
1.53223 1.25053 1.14478
1.53303 1.24971 1.14779
1.53303 1.24971 1.14779
1.53223 1.25053 1.14478
1.53212 1.25553 1.14577
1.53285 1.25476 1.14857
1.53285 1.25476 1.14857
1.53212 1.25553 1.14577
1.53202 1.26053 1.14675
1.53267 1.25982 1.14934
1.53267 1.25982 1.14934
1.53202 1.26053 1.14675
1.53193 1.26554 1.14772
1.53251 1.26489 1.15012
1.53251 1.26489 1.15012
1.53193 1.26554 1.14772
1.53184 1.27055 1.14869
1.53236 1.26994 1.15089
1.53236 1.26994 1.15089
1.53184 1.27055 1.14869
1.53175 1.27534 1.1496
1.53222 1.27478 1.15165
1.53222 1.27478 1.15165
1.53175 1.27534 1.1496
1.53173 1.2765 1.14983
1.53219 1.27596 1.15183
1.53219 1.27596 1.15183
1.53173 1.2765 1.14983
1.53172 1.27745 1.15
1.53216 1.27691 1.15198
1.53216 1.27691 1.15198
1.53172 1.27745 1.15
1.53168 1.27842 1.15012
1.53212 1.27789 1.15204
1.53212 1.27789 1.15204
1.53168 1.27842 1.15012
1.53163 1.27941 1.15014
1.53205 1.2789 1.15199
1.53205 1.2789 1.15199
1.53163 1.27941 1.15014
1.53156 1.28043 1.15005
1.53195 1.27995 1.15181
1.53195 1.27995 1.15181
1.53156 1.28043 1.15005
1.53145 1.28149 1.14982
1.53181 1.28105 1.15145
1.53181 1.28105 1.15145
1.53145 1.28149 1.14982
1.5313 1.2826 1.14941
1.53162 1.28221 1.15086
1.53162 1.28221 1.15086
1.5313 1.2826 1.14941
1.53108 1.2838 1.14866
1.53134 1.28348 1.14985
1.53134 1.28348 1.14985
1.53108 1.2838 1.14866
1.53064 1.28528 1.14691
1.53078 1.2851 1.14758
1.53078 1.2851 1.14758
1.53064 1.28528 1.14691
1.53014 1.28674 1.14487
1.53016 1.28671 1.14496
1.5319 1.1008 1.1026
1.5319 1.1008 1.1026
1.5319 1.1008 1.1026
1.5319 1.1008 1.1026
1.5319 1.1008 1.1026
1.5319 1.1008 1.1026
1.5319 1.1008 1.1026
1.5319 1.1008 1.1026
1.5319 1.1008 1.1026
1.5319 1.1008 1.1026
1.5319 1.1008 1.1026
1.5319 1.1008 1.1026
1.5319 1.1008 1.1026
1.5319 1.1008 1.1026
1.5319 1.1008 1.1026
1.5319 1.1008 1.1026
1.5319 1.1008 1.1026
1.5319 1.1008 1.1026
1.5319 1.1008 1.1026
1.5319 1.1008 1.1026
1.5319 1.1008 1.1026
1.5319 1.1008 1.1026
1.5319 1.1008 1.1026
1.5319 1.1008 1.1026
1.5319 1.1008 1.1026
1.5319 1.1008 1.1026
1.5319 1.1008 1.1026
1.5319 1.1008 1.1026
1.5319 1.1008 1.1026
1.5319 1.1008 1.1026
1.5319 1.1008 1.1026
1.5319 1.1008 1.1026
1.5319 1.1008 1.1026
1.5319 1.1008 1.1026
1.5319 1.1008 1.1026
1.5319 1.1008 1.1026
1.5319 1.1008 1.1026
1.5319 1.1008 1.1026
1.5319 1.1008 1.1026
1.5319 1.1008 1.1026
1.5319 1.1008 1.1026
1.5319 1.1008 1.1026
1.5319 1.1008 1.1026
1.5319 1.1008 1.1026
1.5319 1.1008 1.1026
1.5319 1.1008 1.1026
1.5319 1.1008 1.1026
1.5319 1.1008 1.1026
1.5319 1.1008 1.1026
1.5319 1.1008 1.1026
1.5319 1.1008 1.1026
1.5319 1.1008 1.1026
1.5319 1.1008 1.1026
1.5319 1.1008 1.1026
1.5319 1.1008 1.1026
1.5319 1.1008 1.1026
1.5319 1.1008 1.1026
1.5319 1.1008 1.1026
1.5319 1.1008 1.1026
1.5319 1.1008 1.1026
1.5319 1.1008 1.1026
1.5319 1.1008 1.1026
1.5319 1.1008 1.1026
1.5319 1.1008 1.1026
1.5319 1.1008 1.1026
1.5319 1.1008 1.1026
1.5319 1.1008 1.1026
1.5319 1.1008 1.1026
1.5319 1.1008 1.1026
1.5319 1.1008 1.1026
1.5319 1.1008 1.1026
1.5319 1.1008 1.1026
1.5319 1.1008 1.1026
1.5319 1.1008 1.1026
1.5319 1.1008 1.1026
1.5319 1.1008 1.1026
1.5319 1.1008 1.1026
1.5319 1.1008 1.1026
1.5319 1.1008 1.1026
1.5319 1.1008 1.1026
1.5319 1.1008 1.1026
1.5319 1.1008 1.1026
1.5319 1.1008 1.1026
1.5319 1.1008 1.1026
1.5319 1.1008 1.1026
1.5319 1.1008 1.1026
1.5319 1.1008 1.1026
1.5319 1.1008 1.1026
1.53634 1.07236 1.09104
1.54073 1.0727 1.08981
1.54081 1.06977 1.08856
1.53631 1.06937 1.09002
1.54073 1.0727 1.08981
1.54489 1.07322 1.08792
1.54505 1.07035 1.08644
1.54081 1.06977 1.08856
1.54489 1.07322 1.08792
1.54889 1.07382 1.08572
1.54909 1.07102 1.084
1.54505 1.07035 1.08644
1.54889 1.07382 1.08572
1.55255 1.07455 1.08304
1.55278 1.07182 1.08108
1.54909 1.07102 1.084
1.55255 1.07455 1.08304
1.55504 1.07555 1.07939
1.55533 1.07286 1.07725
1.55278 1.07182 1.08108
1.55504 1.07555 1.07939
1.553 1.07647 1.07604
1.55319 1.07376 1.07396
1.55533 1.07286 1.07725
1.553 1.07647 1.07604
1.5492 1.07582 1.07839
1.54938 1.07303 1.07663
1.55319 1.07376 1.07396
1.5492 1.07582 1.07839
1.54611 1.07492 1.08167
1.54624 1.07208 1.0801
1.54938 1.07303 1.07663
1.54611 1.07492 1.08167
1.54305 1.07402 1.08499
1.54313 1.07113 1.08359
1.54624 1.07208 1.0801
1.54305 1.07402 1.08499
1.53986 1.07314 1.08818
1.53988 1.07021 1.08697
1.54313 1.07113 1.08359
1.53631 1.06937 1.09002
1.54081 1.06977 1.08856
1.54083 1.06515 1.08658
1.5362 1.06465 1.08842
1.54081 1.06977 1.08856
1.54505 1.07035 1.08644
1.54513 1.06584 1.08408
1.54083 1.06515 1.08658
1.54505 1.07035 1.08644
1.54909 1.07102 1.084
1.54921 1.06661 1.08124
1.54513 1.06584 1.08408
1.54909 1.07102 1.084
1.55278 1.07182 1.08108
1.55289 1.06751 1.07795
1.54921 1.06661 1.08124
1.55278 1.07182 1.08108
1.55533 1.07286 1.07725
1.55546 1.06864 1.07384
1.55289 1.06751 1.07795
1.55533 1.07286 1.07725
1.55319 1.07376 1.07396
1.55318 1.0695 1.07069
1.55546 1.06864 1.07384
1.55319 1.07376 1.07396
1.54938 1.07303 1.07663
1.54942 1.06863 1.07384
1.55318 1.0695 1.07069
1.54938 1.07303 1.07663
1.54624 1.07208 1.0801
1.54626 1.0676 1.07761
1.54942 1.06863 1.07384
1.54624 1.07208 1.0801
1.54313 1.07113 1.08359
1.54311 1.06657 1.08139
1.54626 1.0676 1.07761
1.54313 1.07113 1.08359
1.53988 1.07021 1.08697
1.53982 1.06557 1.08506
1.54311 1.06657 1.08139
1.5362 1.06465 1.08842
1.54083 1.06515 1.08658
1.54069 1.06044 1.08455
1.53601 1.05982 1.08681
1.54083 1.06515 1.08658
1.54513 1.06584 1.08408
1.545 1.06123 1.08164
1.54069 1.06044 1.08455
1.54513 1.06584 1.08408
1.54921 1.06661 1.08124
1.54905 1.06212 1.0784
1.545 1.06123 1.08164
1.54921 1.06661 1.08124
1.55289 1.06751 1.07795
1.55268 1.06312 1.07474
1.54905 1.06212 1.0784
1.55289 1.06751 1.07795
1.55546 1.06864 1.07384
1.55519 1.06433 1.07032
1.55268 1.06312 1.07474
1.55546 1.06864 1.07384
1.55318 1.0695 1.07069
1.55278 1.06514 1.06737
1.55519 1.06433 1.07032
1.55318 1.0695 1.07069
1.54942 1.06863 1.07384
1.54913 1.06415 1.07099
1.55278 1.06514 1.06737
1.54942 1.06863 1.07384
1.54626 1.0676 1.07761
1.54601 1.06303 1.07507
1.54913 1.06415 1.07099
1.54626 1.0676 1.07761
1.54311 1.06657 1.08139
1.54289 1.06191 1.07915
1.54601 1.06303 1.07507
1.54311 1.06657 1.08139
1.53982 1.06557 1.08506
1.53961 1.06083 1.08312
1.54289 1.06191 1.07915
1.53601 1.05982 1.08681
1.54069 1.06044 1.08455
1.54046 1.0557 1.08258
1.53577 1.05497 1.08526
1.54069 1.06044 1.08455
1.545 1.06123 1.08164
1.54473 1.0566 1.07929
1.54046 1.0557 1.08258
1.545 1.06123 1.08164
1.54905 1.06212 1.0784
1.54871 1.0576 1.07567
1.54473 1.0566 1.07929
1.54905 1.06212 1.0784
1.55268 1.06312 1.07474
1.55223 1.0587 1.07164
1.54871 1.0576 1.07567
1.55268 1.06312 1.07474
1.55519 1.06433 1.07032
1.55465 1.05998 1.06694
1.55223 1.0587 1.07164
1.55519 1.06433 1.07032
1.55278 1.06514 1.06737
1.55215 1.06073 1.06421
1.55465 1.05998 1.06694
1.55278 1.06514 1.06737
1.54913 1.06415 1.07099
1.54865 1.05963 1.06823
1.55215 1.06073 1.06421
1.54913 1.06415 1.07099
1.54601 1.06303 1.07507
1.5456 1.05843 1.07261
1.54865 1.05963 1.06823
1.54601 1.06303 1.07507
1.54289 1.06191 1.07915
1.54254 1.05723 1.07699
1.5456 1.05843 1.07261
1.54289 1.06191 1.07915
1.53961 1.06083 1.08312
1.53932 1.05607 1.08125
1.54254 1.05723 1.07699
1.53577 1.05497 1.08526
1.54046 1.0557 1.08258
1.54018 1.05094 1.08072
1.53553 1.05011 1.08376
1.54046 1.0557 1.08258
1.54473 1.0566 1.07929
1.54437 1.05193 1.07709
1.54018 1.05094 1.08072
1.54473 1.0566 1.07929
1.54871 1.0576 1.07567
1.54825 1.05301 1.07314
1.54437 1.05193 1.07709
1.54871 1.0576 1.07567
1.55223 1.0587 1.07164
1.55165 1.0542 1.06881
1.54825 1.05301 1.07314
1.55223 1.0587 1.07164
1.55465 1.05998 1.06694
1.55396 1.05555 1.06388
1.55165 1.0542 1.06881
1.55465 1.05998 1.06694
1.55215 1.06073 1.06421
1.55142 1.05624 1.06136
1.55396 1.05555 1.06388
1.55215 1.06073 1.06421
1.54865 1.05963 1.06823
1.54807 1.05504 1.06572
1.55142 1.05624 1.06136
1.54865 1.05963 1.06823
1.5456 1.05843 1.07261
1.54512 1.05378 1.07035
1.54807 1.05504 1.06572
1.5456 1.05843 1.07261
1.54254 1.05723 1.07699
1.54214 1.05251 1.07497
1.54512 1.05378 1.07035
1.54254 1.05723 1.07699
1.53932 1.05607 1.08125
1.539 1.05128 1.07949
1.54214 1.05251 1.07497
1.53553 1.05011 1.08376
1.54018 1.05094 1.08072
1.53986 1.04615 1.07895
1.53529 1.04523 1.08232
1.54018 1.05094 1.08072
1.54437 1.05193 1.07709
1.54396 1.04722 1.07504
1.53986 1.04615 1.07895
1.54437 1.05193 1.07709
1.54825 1.05301 1.07314
1.54771 1.04838 1.07082
1.54396 1.04722 1.07504
1.54825 1.05301 1.07314
1.55165 1.0542 1.06881
1.55097 1.04963 1.06624
1.54771 1.04838 1.07082
1.55165 1.0542 1.06881
1.55396 1.05555 1.06388
1.55316 1.05103 1.06112
1.55097 1.04963 1.06624
1.55396 1.05555 1.06388
1.55142 1.05624 1.06136
1.55061 1.05166 1.05881
1.55316 1.05103 1.06112
1.55142 1.05624 1.06136
1.54807 1.05504 1.06572
1.54742 1.0504 1.06343
1.55061 1.05166 1.05881
1.54807 1.05504 1.06572
1.54512 1.05378 1.07035
1.54458 1.04907 1.06827
1.54742 1.0504 1.06343
1.54512 1.05378 1.07035
1.54214 1.05251 1.07497
1.54171 1.04775 1.07309
1.54458 1.04907 1.06827
1.54214 1.05251 1.07497
1.539 1.05128 1.07949
1.53867 1.04646 1.07782
1.54171 1.04775 1.07309
1.53529 1.04523 1.08232
1.53986 1.04615 1.07895
1.53952 1.04134 1.07729
1.53506 1.04034 1.08092
1.53986 1.04615 1.07895
1.54396 1.04722 1.07504
1.5435 1.04247 1.07314
1.53952 1.04134 1.07729
1.54396 1.04722 1.07504
1.54771 1.04838 1.07082
1.54712 1.04369 1.06871
1.5435 1.04247 1.07314
1.54771 1.04838 1.07082
1.55097 1.04963 1.06624
1.55024 1.04499 1.06393
1.54712 1.04369 1.06871
1.55097 1.04963 1.06624
1.55316 1.05103 1.06112
1.55228 1.04643 1.05866
1.55024 1.04499 1.06393
1.55316 1.05103 1.06112
1.55061 1.05166 1.05881
1.54975 1.04701 1.05654
1.55228 1.04643 1.05866
1.55061 1.05166 1.05881
1.54742 1.0504 1.06343
1.54672 1.04569 1.06136
1.54975 1.04701 1.05654
1.54742 1.0504 1.06343
1.54458 1.04907 1.06827
1.54401 1.04433 1.06637
1.54672 1.04569 1.06136
1.54458 1.04907 1.06827
1.54171 1.04775 1.07309
1.54124 1.04296 1.07135
1.54401 1.04433 1.06637
1.54171 1.04775 1.07309
1.53867 1.04646 1.07782
1.53832 1.04163 1.07624
1.54124 1.04296 1.07135
1.53506 1.04034 1.08092
1.53952 1.04134 1.07729
1.53918 1.0365 1.07572
1.53484 1.03544 1.07957
1.53952 1.04134 1.07729
1.5435 1.04247 1.07314
1.54301 1.03768 1.07139
1.53918 1.0365 1.07572
1.5435 1.04247 1.07314
1.54712 1.04369 1.06871
1.54649 1.03894 1.06678
1.54301 1.03768 1.07139
1.54712 1.04369 1.06871
1.55024 1.04499 1.06393
1.54946 1.04029 1.06186
1.54649 1.03894 1.06678
1.55024 1.04499 1.06393
1.55228 1.04643 1.05866
1.55136 1.04176 1.05649
1.54946 1.04029 1.06186
1.55228 1.04643 1.05866
1.54975 1.04701 1.05654
1.54885 1.04229 1.05453
1.55136 1.04176 1.05649
1.54975 1.04701 1.05654
1.54672 1.04569 1.06136
1.54599 1.04093 1.0595
1.54885 1.04229 1.05453
1.54672 1.04569 1.06136
1.54401 1.04433 1.06637
1.5434 1.03953 1.06463
1.54599 1.04093 1.0595
1.54401 1.04433 1.06637
1.54124 1.04296 1.07135
1.54076 1.03814 1.06972
1.5434 1.03953 1.06463
1.54124 1.04296 1.07135
1.53832 1.04163 1.07624
1.53796 1.03676 1.07474
1.54076 1.03814 1.06972
1.53484 1.03544 1.07957
1.53918 1.0365 1.07572
1.53882 1.03163 1.07423
1.53463 1.03053 1.07825
1.53918 1.0365 1.07572
1.54301 1.03768 1.07139
1.54251 1.03285 1.06976
1.53882 1.03163 1.07423
1.54301 1.03768 1.07139
1.54649 1.03894 1.06678
1.54584 1.03415 1.06504
1.54251 1.03285 1.06976
1.54649 1.03894 1.06678
1.54946 1.04029 1.06186
1.54865 1.03552 1.06001
1.54584 1.03415 1.06504
1.54946 1.04029 1.06186
1.55136 1.04176 1.05649
1.55041 1.03701 1.05458
1.54865 1.03552 1.06001
1.55136 1.04176 1.05649
1.54885 1.04229 1.05453
1.54793 1.03751 1.05276
1.55041 1.03701 1.05458
1.54885 1.04229 1.05453
1.54599 1.04093 1.0595
1.54523 1.03612 1.05784
1.54793 1.03751 1.05276
1.54599 1.04093 1.0595
1.5434 1.03953 1.06463
1.54278 1.03469 1.06304
1.54523 1.03612 1.05784
1.5434 1.03953 1.06463
1.54076 1.03814 1.06972
1.54027 1.03328 1.06821
1.54278 1.03469 1.06304
1.54076 1.03814 1.06972
1.53796 1.03676 1.07474
1.5376 1.03188 1.07331
1.54027 1.03328 1.06821
1.53463 1.03053 1.07825
1.53882 1.03163 1.07423
1.53846 1.02675 1.07281
1.53443 1.02561 1.07697
1.53882 1.03163 1.07423
1.54251 1.03285 1.06976
1.542 1.02799 1.06826
1.53846 1.02675 1.07281
1.54251 1.03285 1.06976
1.54584 1.03415 1.06504
1.54517 1.02931 1.06345
1.542 1.02799 1.06826
1.54584 1.03415 1.06504
1.54865 1.03552 1.06001
1.54783 1.0307 1.05837
1.54517 1.02931 1.06345
1.54865 1.03552 1.06001
1.55041 1.03701 1.05458
1.54945 1.03219 1.05291
1.54783 1.0307 1.05837
1.55041 1.03701 1.05458
1.54793 1.03751 1.05276
1.54701 1.03265 1.05122
1.54945 1.03219 1.05291
1.54793 1.03751 1.05276
1.54523 1.03612 1.05784
1.54447 1.03125 1.05636
1.54701 1.03265 1.05122
1.54523 1.03612 1.05784
1.54278 1.03469 1.06304
1.54215 1.02981 1.0616
1.54447 1.03125 1.05636
1.54278 1.03469 1.06304
1.54027 1.03328 1.06821
1.53977 1.02839 1.06681
1.54215 1.02981 1.0616
1.54027 1.03328 1.06821
1.5376 1.03188 1.07331
1.53724 1.02698 1.07196
1.53977 1.02839 1.06681
1.53443 1.02561 1.07697
1.53846 1.02675 1.07281
1.5381 1.02184 1.07147
1.53423 1.02068 1.07571
1.53846 1.02675 1.07281
1.542 1.02799 1.06826
1.54148 1.0231 1.06687
1.5381 1.02184 1.07147
1.542 1.02799 1.06826
1.54517 1.02931 1.06345
1.5445 1.02443 1.06202
1.54148 1.0231 1.06687
1.54517 1.02931 1.06345
1.54783 1.0307 1.05837
1.54701 1.02583 1.05692
1.5445 1.02443 1.06202
1.54783 1.0307 1.05837
1.54945 1.03219 1.05291
1.54849 1.02732 1.05147
1.54701 1.02583 1.05692
1.54945 1.03219 1.05291
1.54701 1.03265 1.05122
1.54608 1.02775 1.04989
1.54849 1.02732 1.05147
1.54701 1.03265 1.05122
1.54447 1.03125 1.05636
1.5437 1.02634 1.05505
1.54608 1.02775 1.04989
1.54447 1.03125 1.05636
1.54215 1.02981 1.0616
1.54152 1.0249 1.0603
1.5437 1.02634 1.05505
1.54215 1.02981 1.0616
1.53977 1.02839 1.06681
1.53927 1.02347 1.06552
1.54152 1.0249 1.0603
1.53977 1.02839 1.06681
1.53724 1.02698 1.07196
1.53688 1.02206 1.07068
1.53927 1.02347 1.06552
1.53423 1.02068 1.07571
1.5381 1.02184 1.07147
1.53773 1.01692 1.0702
1.53405 1.01575 1.07449
1.5381 1.02184 1.07147
1.54148 1.0231 1.06687
1.54096 1.01819 1.06558
1.53773 1.01692 1.0702
1.54148 1.0231 1.06687
1.5445 1.02443 1.06202
1.54383 1.01951 1.06073
1.54096 1.01819 1.06558
1.5445 1.02443 1.06202
1.54701 1.02583 1.05692
1.54618 1.0209 1.05564
1.54383 1.01951 1.06073
1.54701 1.02583 1.05692
1.54849 1.02732 1.05147
1.54753 1.02238 1.05023
1.54618 1.0209 1.05564
1.54849 1.02732 1.05147
1.54608 1.02775 1.04989
1.54517 1.02278 1.04877
1.54753 1.02238 1.05023
1.54608 1.02775 1.04989
1.5437 1.02634 1.05505
1.54294 1.02138 1.05391
1.54517 1.02278 1.04877
1.5437 1.02634 1.05505
1.54152 1.0249 1.0603
1.54089 1.01995 1.05913
1.54294 1.02138 1.05391
1.54152 1.0249 1.0603
1.53927 1.02347 1.06552
1.53878 1.01853 1.06432
1.54089 1.01995 1.05913
1.53927 1.02347 1.06552
1.53688 1.02206 1.07068
1.53653 1.01712 1.06946
1.53878 1.01853 1.06432
1.53405 1.01575 1.07449
1.53773 1.01692 1.0702
1.53737 1.01198 1.06899
1.53387 1.0108 1.07329
1.53773 1.01692 1.0702
1.54096 1.01819 1.06558
1.54044 1.01324 1.06438
1.53737 1.01198 1.06899
1.54096 1.01819 1.06558
1.54383 1.01951 1.06073
1.54314 1.01456 1.05957
1.54044 1.01324 1.06438
1.54383 1.01951 1.06073
1.54618 1.0209 1.05564
1.54535 1.01594 1.05452
1.54314 1.01456 1.05957
1.54618 1.0209 1.05564
1.54753 1.02238 1.05023
1.54657 1.0174 1.04919
1.54535 1.01594 1.05452
1.54753 1.02238 1.05023
1.54517 1.02278 1.04877
1.54428 1.01777 1.04783
1.54657 1.0174 1.04919
1.54517 1.02278 1.04877
1.54294 1.02138 1.05391
1.5422 1.01637 1.05292
1.54428 1.01777 1.04783
1.54294 1.02138 1.05391
1.54089 1.01995 1.05913
1.54028 1.01496 1.05808
1.5422 1.01637 1.05292
1.54089 1.01995 1.05913
1.53878 1.01853 1.06432
1.5383 1.01356 1.06321
1.54028 1.01496 1.05808
1.53878 1.01853 1.06432
1.53653 1.01712 1.06946
1.53619 1.01217 1.06829
1.5383 1.01356 1.06321
1.53387 1.0108 1.07329
1.53737 1.01198 1.06899
1.53701 1.00703 1.06783
1.5337 1.00585 1.07212
1.53737 1.01198 1.06899
1.54044 1.01324 1.06438
1.53991 1.00827 1.06327
1.53701 1.00703 1.06783
1.54044 1.01324 1.06438
1.54314 1.01456 1.05957
1.54246 1.00957 1.05852
1.53991 1.00827 1.06327
1.54314 1.01456 1.05957
1.54535 1.01594 1.05452
1.54453 1.01093 1.05356
1.54246 1.00957 1.05852
1.54535 1.01594 1.05452
1.54657 1.0174 1.04919
1.54563 1.01236 1.04832
1.54453 1.01093 1.05356
1.54657 1.0174 1.04919
1.54428 1.01777 1.04783
1.54341 1.01271 1.04707
1.54563 1.01236 1.04832
1.54428 1.01777 1.04783
1.5422 1.01637 1.05292
1.54148 1.01134 1.05208
1.54341 1.01271 1.04707
1.5422 1.01637 1.05292
1.54028 1.01496 1.05808
1.53968 1.00995 1.05714
1.54148 1.01134 1.05208
1.54028 1.01496 1.05808
1.5383 1.01356 1.06321
1.53782 1.00857 1.06219
1.53968 1.00995 1.05714
1.5383 1.01356 1.06321
1.53619 1.01217 1.06829
1.53585 1.0072 1.06719
1.53782 1.00857 1.06219
1.5337 1.00585 1.07212
1.53701 1.00703 1.06783
1.53666 1.00206 1.06673
1.53354 1.0009 1.07097
1.53701 1.00703 1.06783
1.53991 1.00827 1.06327
1.53939 1.00329 1.06224
1.53666 1.00206 1.06673
1.53991 1.00827 1.06327
1.54246 1.00957 1.05852
1.54179 1.00456 1.05758
1.53939 1.00329 1.06224
1.54246 1.00957 1.05852
1.54453 1.01093 1.05356
1.54372 1.00589 1.05272
1.54179 1.00456 1.05758
1.54453 1.01093 1.05356
1.54563 1.01236 1.04832
1.54471 1.00729 1.04761
1.54372 1.00589 1.05272
1.54563 1.01236 1.04832
1.54341 1.01271 1.04707
1.54257 1.0076 1.04645
1.54471 1.00729 1.04761
1.54341 1.01271 1.04707
1.54148 1.01134 1.05208
1.54078 1.00626 1.05136
1.54257 1.0076 1.04645
1.54148 1.01134 1.05208
1.53968 1.00995 1.05714
1.5391 1.00491 1.05631
1.54078 1.00626 1.05136
1.53968 1.00995 1.05714
1.53782 1.00857 1.06219
1.53737 1.00356 1.06124
1.5391 1.00491 1.05631
1.53782 1.00857 1.06219
1.53585 1.0072 1.06719
1.53553 1.00222 1.06613
1.53737 1.00356 1.06124
1.53354 1.0009 1.07097
1.53666 1.00206 1.06673
1.53631 0.997075 1.06567
1.53338 0.995934 1.06984
1.53666 1.00206 1.06673
1.53939 1.00329 1.06224
1.53888 0.998276 1.06128
1.53631 0.997075 1.06567
1.53939 1.00329 1.06224
1.54179 1.00456 1.05758
1.54113 0.999521 1.05673
1.53888 0.998276 1.06128
1.54179 1.00456 1.05758
1.54372 1.00589 1.05272
1.54292 1.00082 1.05199
1.54113 0.999521 1.05673
1.54372 1.00589 1.05272
1.54471 1.00729 1.04761
1.5438 1.00217 1.04704
1.54292 1.00082 1.05199
1.54471 1.00729 1.04761
1.54257 1.0076 1.04645
1.54176 1.00246 1.04597
1.5438 1.00217 1.04704
1.54257 1.0076 1.04645
1.54078 1.00626 1.05136
1.5401 1.00116 1.05075
1.54176 1.00246 1.04597
1.54078 1.00626 1.05136
1.5391 1.00491 1.05631
1.53855 0.99984 1.05556
1.5401 1.00116 1.05075
1.5391 1.00491 1.05631
1.53737 1.00356 1.06124
1.53693 0.998528 1.06036
1.53855 0.99984 1.05556
1.53737 1.00356 1.06124
1.53553 1.00222 1.06613
1.53522 0.997225 1.06512
1.53693 0.998528 1.06036
1.53338 0.995934 1.06984
1.53631 0.997075 1.06567
1.53597 0.992081 1.06465
1.53323 0.990965 1.06873
1.53631 0.997075 1.06567
1.53888 0.998276 1.06128
1.53838 0.993248 1.06039
1.53597 0.992081 1.06465
1.53888 0.998276 1.06128
1.54113 0.999521 1.05673
1.54048 0.994456 1.05597
1.53838 0.993248 1.06039
1.54113 0.999521 1.05673
1.54292 1.00082 1.05199
1.54213 0.995711 1.05138
1.54048 0.994456 1.05597
1.54292 1.00082 1.05199
1.5438 1.00217 1.04704
1.54293 0.997021 1.0466
1.54213 0.995711 1.05138
1.5438 1.00217 1.04704
1.54176 1.00246 1.04597
1.54098 0.997289 1.04562
1.54293 0.997021 1.0466
1.54176 1.00246 1.04597
1.5401 1.00116 1.05075
1.53944 0.996023 1.05024
1.54098 0.997289 1.04562
1.5401 1.00116 1.05075
1.53855 0.99984 1.05556
1.538 0.994749 1.0549
1.53944 0.996023 1.05024
1.53855 0.99984 1.05556
1.53693 0.998528 1.06036
1.53651 0.99348 1.05954
1.538 0.994749 1.0549
1.53693 0.998528 1.06036
1.53522 0.997225 1.06512
1.53492 0.992218 1.06415
1.53651 0.99348 1.05954
1.53323 0.990965 1.06873
1.53597 0.992081 1.06465
1.53564 0.987078 1.06368
1.53309 0.985994 1.06764
1.53597 0.992081 1.06465
1.53838 0.993248 1.06039
1.53789 0.988208 1.05955
1.53564 0.987078 1.06368
1.53838 0.993248 1.06039
1.54048 0.994456 1.05597
1.53984 0.989374 1.05528
1.53789 0.988208 1.05955
1.54048 0.994456 1.05597
1.54213 0.995711 1.05138
1.54137 0.990584 1.05086
1.53984 0.989374 1.05528
1.54213 0.995711 1.05138
1.54293 0.997021 1.0466
1.54208 0.991843 1.04626
1.54137 0.990584 1.05086
1.54293 0.997021 1.0466
1.54098 0.997289 1.04562
1.54023 0.992089 1.04536
1.54208 0.991843 1.04626
1.54098 0.997289 1.04562
1.53944 0.996023 1.05024
1.53881 0.990869 1.04982
1.54023 0.992089 1.04536
1.53944 0.996023 1.05024
1.538 0.994749 1.0549
1.53748 0.989642 1.05431
1.53881 0.990869 1.04982
1.538 0.994749 1.0549
1.53651 0.99348 1.05954
1.5361 0.98842 1.05877
1.53748 0.989642 1.05431
1.53651 0.99348 1.05954
1.53492 0.992218 1.06415
1.53463 0.987204 1.06322
1.5361 0.98842 1.05877
1.53309 0.985994 1.06764
1.53564 0.987078 1.06368
1.53531 0.982064 1.06274
1.53295 0.981016 1.06657
1.53564 0.987078 1.06368
1.53789 0.988208 1.05955
1.53741 0.98315 1.05877
1.53531 0.982064 1.06274
1.53789 0.988208 1.05955
1.53984 0.989374 1.05528
1.53922 0.984271 1.05467
1.53741 0.98315 1.05877
1.53984 0.989374 1.05528
1.54137 0.990584 1.05086
1.54064 0.985431 1.05043
1.53922 0.984271 1.05467
1.54137 0.990584 1.05086
1.54208 0.991843 1.04626
1.54126 0.986636 1.04602
1.54064 0.985431 1.05043
1.54208 0.991843 1.04626
1.54023 0.992089 1.04536
1.53951 0.986861 1.0452
1.54126 0.986636 1.04602
1.54023 0.992089 1.04536
1.53881 0.990869 1.04982
1.53821 0.985691 1.04948
1.53951 0.986861 1.0452
1.53881 0.990869 1.04982
1.53748 0.989642 1.05431
1.53699 0.984515 1.05378
1.53821 0.985691 1.04948
1.53748 0.989642 1.05431
1.5361 0.98842 1.05877
1.5357 0.983344 1.05806
1.53699 0.984515 1.05378
1.5361 0.98842 1.05877
1.53463 0.987204 1.06322
1.53435 0.982178 1.06232
1.5357 0.983344 1.05806
1.53295 0.981016 1.06657
1.53531 0.982064 1.06274
1.535 0.97704 1.06183
1.53282 0.976034 1.06551
1.53531 0.982064 1.06274
1.53741 0.98315 1.05877
1.53694 0.978081 1.05802
1.535 0.97704 1.06183
1.53741 0.98315 1.05877
1.53922 0.984271 1.05467
1.53862 0.979152 1.05411
1.53694 0.978081 1.05802
1.53922 0.984271 1.05467
1.54064 0.985431 1.05043
1.53993 0.980259 1.05006
1.53862 0.979152 1.05411
1.54064 0.985431 1.05043
1.54126 0.986636 1.04602
1.54048 0.981408 1.04586
1.53993 0.980259 1.05006
1.54126 0.986636 1.04602
1.53951 0.986861 1.0452
1.53882 0.981613 1.04511
1.54048 0.981408 1.04586
1.53951 0.986861 1.0452
1.53821 0.985691 1.04948
1.53764 0.980496 1.0492
1.53882 0.981613 1.04511
1.53821 0.985691 1.04948
1.53699 0.984515 1.05378
1.53651 0.979375 1.0533
1.53764 0.980496 1.0492
1.53699 0.984515 1.05378
1.5357 0.983344 1.05806
1.53533 0.978257 1.05738
1.53651 0.979375 1.0533
1.5357 0.983344 1.05806
1.53435 0.982178 1.06232
1.53409 0.977144 1.06145
1.53533 0.978257 1.05738
1.53282 0.976034 1.06551
1.535 0.97704 1.06183
1.53471 0.97201 1.06096
1.53269 0.97105 1.06447
1.535 0.97704 1.06183
1.53694 0.978081 1.05802
1.53651 0.973001 1.05733
1.53471 0.97201 1.06096
1.53694 0.978081 1.05802
1.53862 0.979152 1.05411
1.53806 0.974021 1.05361
1.53651 0.973001 1.05733
1.53862 0.979152 1.05411
1.53993 0.980259 1.05006
1.53925 0.975073 1.04976
1.53806 0.974021 1.05361
1.53993 0.980259 1.05006
1.54048 0.981408 1.04586
1.53973 0.976162 1.04578
1.53925 0.975073 1.04976
1.54048 0.981408 1.04586
1.53882 0.981613 1.04511
1.53817 0.97635 1.04509
1.53973 0.976162 1.04578
1.53882 0.981613 1.04511
1.53764 0.980496 1.0492
1.5371 0.975289 1.04897
1.53817 0.97635 1.04509
1.53764 0.980496 1.0492
1.53651 0.979375 1.0533
1.53607 0.974224 1.05286
1.5371 0.975289 1.04897
1.53651 0.979375 1.0533
1.53533 0.978257 1.05738
1.53499 0.973162 1.05674
1.53607 0.974224 1.05286
1.53533 0.978257 1.05738
1.53409 0.977144 1.06145
1.53386 0.972105 1.06061
1.53499 0.973162 1.05674
1.53269 0.97105 1.06447
1.53471 0.97201 1.06096
1.53444 0.966971 1.0601
1.53257 0.96606 1.06343
1.53471 0.97201 1.06096
1.53651 0.973001 1.05733
1.5361 0.967911 1.05667
1.53444 0.966971 1.0601
1.53651 0.973001 1.05733
1.53806 0.974021 1.05361
1.53752 0.968877 1.05314
1.5361 0.967911 1.05667
1.53806 0.974021 1.05361
1.53925 0.975073 1.04976
1.5386 0.969873 1.0495
1.53752 0.968877 1.05314
1.53925 0.975073 1.04976
1.53973 0.976162 1.04578
1.53902 0.970902 1.04574
1.5386 0.969873 1.0495
1.53973 0.976162 1.04578
1.53817 0.97635 1.04509
1.53756 0.971073 1.04511
1.53902 0.970902 1.04574
1.53817 0.97635 1.04509
1.5371 0.975289 1.04897
1.53658 0.970069 1.04878
1.53756 0.971073 1.04511
1.5371 0.975289 1.04897
1.53607 0.974224 1.05286
1.53565 0.969062 1.05246
1.53658 0.970069 1.04878
1.53607 0.974224 1.05286
1.53499 0.973162 1.05674
1.53467 0.968058 1.05613
1.53565 0.969062 1.05246
1.53499 0.973162 1.05674
1.53386 0.972105 1.06061
1.53363 0.967058 1.05979
1.53467 0.968058 1.05613
1.53257 0.96606 1.06343
1.53444 0.966971 1.0601
1.53417 0.961927 1.05927
1.53245 0.961066 1.06242
1.53444 0.966971 1.0601
1.5361 0.967911 1.05667
1.5357 0.962814 1.05603
1.53417 0.961927 1.05927
1.5361 0.967911 1.05667
1.53752 0.968877 1.05314
1.537 0.963725 1.0527
1.5357 0.962814 1.05603
1.53752 0.968877 1.05314
1.5386 0.969873 1.0495
1.53799 0.964662 1.04927
1.537 0.963725 1.0527
1.5386 0.969873 1.0495
1.53902 0.970902 1.04574
1.53835 0.96563 1.04574
1.53799 0.964662 1.04927
1.53902 0.970902 1.04574
1.53756 0.971073 1.04511
1.53698 0.965786 1.04516
1.53835 0.96563 1.04574
1.53756 0.971073 1.04511
1.53658 0.970069 1.04878
1.5361 0.964841 1.04862
1.53698 0.965786 1.04516
1.53658 0.970069 1.04878
1.53565 0.969062 1.05246
1.53526 0.963892 1.05209
1.5361 0.964841 1.04862
1.53565 0.969062 1.05246
1.53467 0.968058 1.05613
1.53437 0.962947 1.05554
1.53526 0.963892 1.05209
1.53467 0.968058 1.05613
1.53363 0.967058 1.05979
1.53342 0.962005 1.05898
1.53437 0.962947 1.05554
1.53245 0.961066 1.06242
1.53417 0.961927 1.05927
1.53392 0.956879 1.05845
1.53233 0.95607 1.06141
1.53417 0.961927 1.05927
1.5357 0.962814 1.05603
1.53532 0.957712 1.05541
1.53392 0.956879 1.05845
1.5357 0.962814 1.05603
1.537 0.963725 1.0527
1.53651 0.958567 1.05228
1.53532 0.957712 1.05541
1.537 0.963725 1.0527
1.53799 0.964662 1.04927
1.5374 0.959446 1.04907
1.53651 0.958567 1.05228
1.53799 0.964662 1.04927
1.53835 0.96563 1.04574
1.53771 0.960351 1.04576
1.5374 0.959446 1.04907
1.53835 0.96563 1.04574
1.53698 0.965786 1.04516
1.53643 0.960494 1.04524
1.53771 0.960351 1.04576
1.53698 0.965786 1.04516
1.5361 0.964841 1.04862
1.53564 0.959607 1.04848
1.53643 0.960494 1.04524
1.5361 0.964841 1.04862
1.53526 0.963892 1.05209
1.53488 0.958719 1.05173
1.53564 0.959607 1.04848
1.53526 0.963892 1.05209
1.53437 0.962947 1.05554
1.53408 0.957833 1.05497
1.53488 0.958719 1.05173
1.53437 0.962947 1.05554
1.53342 0.962005 1.05898
1.53322 0.95695 1.05819
1.53408 0.957833 1.05497
1.53233 0.95607 1.06141
1.53392 0.956879 1.05845
1.53368 0.95183 1.05765
1.53223 0.951073 1.06042
1.53392 0.956879 1.05845
1.53532 0.957712 1.05541
1.53495 0.952609 1.0548
1.53368 0.95183 1.05765
1.53532 0.957712 1.05541
1.53651 0.958567 1.05228
1.53604 0.953408 1.05188
1.53495 0.952609 1.0548
1.53651 0.958567 1.05228
1.5374 0.959446 1.04907
1.53684 0.954229 1.04888
1.53604 0.953408 1.05188
1.5374 0.959446 1.04907
1.53771 0.960351 1.04576
1.53711 0.955073 1.04579
1.53684 0.954229 1.04888
1.53771 0.960351 1.04576
1.53643 0.960494 1.04524
1.53592 0.955202 1.04532
1.53711 0.955073 1.04579
1.53643 0.960494 1.04524
1.53564 0.959607 1.04848
1.53521 0.954375 1.04834
1.53592 0.955202 1.04532
1.53564 0.959607 1.04848
1.53488 0.958719 1.05173
1.53453 0.953545 1.05138
1.53521 0.954375 1.04834
1.53488 0.958719 1.05173
1.53408 0.957833 1.05497
1.5338 0.952718 1.0544
1.53453 0.953545 1.05138
1.53408 0.957833 1.05497
1.53322 0.95695 1.05819
1.53303 0.951894 1.05741
1.5338 0.952718 1.0544
1.53223 0.951073 1.06042
1.53368 0.95183 1.05765
1.53345 0.946776 1.05685
1.53212 0.946071 1.05943
1.53368 0.95183 1.05765
1.53495 0.952609 1.0548
1.53461 0.947502 1.0542
1.53345 0.946776 1.05685
1.53495 0.952609 1.0548
1.53604 0.953408 1.05188
1.53559 0.948246 1.05148
1.53461 0.947502 1.0542
1.53604 0.953408 1.05188
1.53684 0.954229 1.04888
1.53632 0.949009 1.04869
1.53559 0.948246 1.05148
1.53684 0.954229 1.04888
1.53711 0.955073 1.04579
1.53654 0.949793 1.04582
1.53632 0.949009 1.04869
1.53711 0.955073 1.04579
1.53592 0.955202 1.04532
1.53544 0.949911 1.04539
1.53654 0.949793 1.04582
1.53592 0.955202 1.04532
1.53521 0.954375 1.04834
1.5348 0.949141 1.0482
1.53544 0.949911 1.04539
1.53521 0.954375 1.04834
1.53453 0.953545 1.05138
1.53419 0.94837 1.05102
1.5348 0.949141 1.0482
1.53453 0.953545 1.05138
1.5338 0.952718 1.0544
1.53354 0.947601 1.05383
1.53419 0.94837 1.05102
1.5338 0.952718 1.0544
1.53303 0.951894 1.05741
1.53285 0.946835 1.05663
1.53354 0.947601 1.05383
1.53212 0.946071 1.05943
1.53345 0.946776 1.05685
1.53323 0.941722 1.05605
1.53202 0.941067 1.05845
1.53345 0.946776 1.05685
1.53461 0.947502 1.0542
1.53429 0.942395 1.05359
1.53323 0.941722 1.05605
1.53461 0.947502 1.0542
1.53559 0.948246 1.05148
1.53518 0.943085 1.05107
1.53429 0.942395 1.05359
1.53559 0.948246 1.05148
1.53632 0.949009 1.04869
1.53583 0.943793 1.04848
1.53518 0.943085 1.05107
1.53632 0.949009 1.04869
1.53654 0.949793 1.04582
1.53602 0.944518 1.04583
1.53583 0.943793 1.04848
1.53654 0.949793 1.04582
1.53544 0.949911 1.04539
1.53499 0.944625 1.04544
1.53602 0.944518 1.04583
1.53544 0.949911 1.04539
1.5348 0.949141 1.0482
1.53442 0.943912 1.04805
1.53499 0.944625 1.04544
1.5348 0.949141 1.0482
1.53419 0.94837 1.05102
1.53388 0.943198 1.05066
1.53442 0.943912 1.04805
1.53419 0.94837 1.05102
1.53354 0.947601 1.05383
1.5333 0.942485 1.05326
1.53388 0.943198 1.05066
1.53354 0.947601 1.05383
1.53285 0.946835 1.05663
1.53267 0.941775 1.05586
1.5333 0.942485 1.05326
1.53202 0.941067 1.05845
1.53323 0.941722 1.05605
1.53303 0.936667 1.05526
1.53193 0.93606 1.05748
1.53323 0.941722 1.05605
1.53429 0.942395 1.05359
1.53399 0.93729 1.05298
1.53303 0.936667 1.05526
1.53429 0.942395 1.05359
1.53518 0.943085 1.05107
1.53479 0.937928 1.05065
1.53399 0.93729 1.05298
1.53518 0.943085 1.05107
1.53583 0.943793 1.04848
1.53537 0.938582 1.04826
1.53479 0.937928 1.05065
1.53583 0.943793 1.04848
1.53602 0.944518 1.04583
1.53553 0.939251 1.04581
1.53537 0.938582 1.04826
1.53602 0.944518 1.04583
1.53499 0.944625 1.04544
1.53458 0.939348 1.04546
1.53553 0.939251 1.04581
1.53499 0.944625 1.04544
1.53442 0.943912 1.04805
1.53407 0.938689 1.04787
1.53458 0.939348 1.04546
1.53442 0.943912 1.04805
1.53388 0.943198 1.05066
1.53359 0.938029 1.05028
1.53407 0.938689 1.04787
1.53388 0.943198 1.05066
1.5333 0.942485 1.05326
1.53307 0.937371 1.05269
1.53359 0.938029 1.05028
1.5333 0.942485 1.05326
1.53267 0.941775 1.05586
1.53251 0.936715 1.05508
1.53307 0.937371 1.05269
1.53193 0.93606 1.05748
1.53303 0.936667 1.05526
1.53284 0.931615 1.05447
1.53184 0.931055 1.05651
1.53303 0.936667 1.05526
1.53399 0.93729 1.05298
1.5337 0.93219 1.05236
1.53284 0.931615 1.05447
1.53399 0.93729 1.05298
1.53479 0.937928 1.05065
1.53443 0.932779 1.05021
1.5337 0.93219 1.05236
1.53479 0.937928 1.05065
1.53537 0.938582 1.04826
1.53495 0.933383 1.048
1.53443 0.932779 1.05021
1.53537 0.938582 1.04826
1.53553 0.939251 1.04581
1.53508 0.934 1.04575
1.53495 0.933383 1.048
1.53553 0.939251 1.04581
1.53458 0.939348 1.04546
1.53421 0.934087 1.04543
1.53508 0.934 1.04575
1.53458 0.939348 1.04546
1.53407 0.938689 1.04787
1.53375 0.93348 1.04765
1.53421 0.934087 1.04543
1.53407 0.938689 1.04787
1.53359 0.938029 1.05028
1.53332 0.932871 1.04987
1.53375 0.93348 1.04765
1.53359 0.938029 1.05028
1.53307 0.937371 1.05269
1.53286 0.932264 1.05209
1.53332 0.932871 1.04987
1.53307 0.937371 1.05269
1.53251 0.936715 1.05508
1.53236 0.931659 1.05431
1.53286 0.932264 1.05209
1.53184 0.931055 1.05651
1.53284 0.931615 1.05447
1.53266 0.926777 1.0537
1.53175 0.926258 1.0556
1.53284 0.931615 1.05447
1.5337 0.93219 1.05236
1.53346 0.927309 1.05175
1.53266 0.926777 1.0537
1.5337 0.93219 1.05236
1.53443 0.932779 1.05021
1.53411 0.927854 1.04976
1.53346 0.927309 1.05175
1.53443 0.932779 1.05021
1.53495 0.933383 1.048
1.53458 0.928412 1.04772
1.53411 0.927854 1.04976
1.53495 0.933383 1.048
1.53508 0.934 1.04575
1.53469 0.928983 1.04564
1.53458 0.928412 1.04772
1.53508 0.934 1.04575
1.53421 0.934087 1.04543
1.53388 0.929063 1.04534
1.53469 0.928983 1.04564
1.53421 0.934087 1.04543
1.53375 0.93348 1.04765
1.53347 0.928501 1.0474
1.53388 0.929063 1.04534
1.53375 0.93348 1.04765
1.53332 0.932871 1.04987
1.53309 0.927938 1.04946
1.53347 0.928501 1.0474
1.53332 0.932871 1.04987
1.53286 0.932264 1.05209
1.53267 0.927376 1.05151
1.53309 0.927938 1.04946
1.53286 0.932264 1.05209
1.53236 0.931659 1.05431
1.53222 0.926816 1.05355
1.53267 0.927376 1.05151
1.53175 0.926258 1.0556
1.53266 0.926777 1.0537
1.53263 0.925606 1.05351
1.53173 0.925097 1.05537
1.53266 0.926777 1.0537
1.53346 0.927309 1.05175
1.5334 0.926129 1.0516
1.53263 0.925606 1.05351
1.53346 0.927309 1.05175
1.53411 0.927854 1.04976
1.53404 0.926664 1.04965
1.5334 0.926129 1.0516
1.53411 0.927854 1.04976
1.53458 0.928412 1.04772
1.5345 0.927211 1.04764
1.53404 0.926664 1.04965
1.53458 0.928412 1.04772
1.53469 0.928983 1.04564
1.5346 0.927771 1.0456
1.5345 0.927211 1.04764
1.53469 0.928983 1.04564
1.53388 0.929063 1.04534
1.5338 0.927849 1.04531
1.5346 0.927771 1.0456
1.53388 0.929063 1.04534
1.53347 0.928501 1.0474
1.53341 0.927298 1.04733
1.5338 0.927849 1.04531
1.53347 0.928501 1.0474
1.53309 0.927938 1.04946
1.53303 0.926745 1.04935
1.53341 0.927298 1.04733
1.53309 0.927938 1.04946
1.53267 0.927376 1.05151
1.53263 0.926194 1.05136
1.53303 0.926745 1.04935
1.53267 0.927376 1.05151
1.53222 0.926816 1.05355
1.53219 0.925645 1.05337
1.53263 0.926194 1.05136
1.53173 0.925097 1.05537
1.53263 0.925606 1.05351
1.53259 0.924649 1.05336
1.53172 0.924147 1.0552
1.53263 0.925606 1.05351
1.5334 0.926129 1.0516
1.53335 0.925163 1.05148
1.53259 0.924649 1.05336
1.5334 0.926129 1.0516
1.53404 0.926664 1.04965
1.53398 0.92569 1.04956
1.53335 0.925163 1.05148
1.53404 0.926664 1.04965
1.5345 0.927211 1.04764
1.53443 0.926229 1.04759
1.53398 0.92569 1.04956
1.5345 0.927211 1.04764
1.5346 0.927771 1.0456
1.53453 0.92678 1.04557
1.53443 0.926229 1.04759
1.5346 0.927771 1.0456
1.5338 0.927849 1.04531
1.53374 0.926857 1.04529
1.53453 0.92678 1.04557
1.5338 0.927849 1.04531
1.53341 0.927298 1.04733
1.53335 0.926314 1.04728
1.53374 0.926857 1.04529
1.53341 0.927298 1.04733
1.53303 0.926745 1.04935
1.53299 0.92577 1.04926
1.53335 0.926314 1.04728
1.53303 0.926745 1.04935
1.53263 0.926194 1.05136
1.53259 0.925227 1.05125
1.53299 0.92577 1.04926
1.53263 0.926194 1.05136
1.53219 0.925645 1.05337
1.53216 0.924687 1.05322
1.53259 0.925227 1.05125
1.53172 0.924147 1.0552
1.53259 0.924649 1.05336
1.53254 0.923673 1.05329
1.53168 0.923183 1.05508
1.53259 0.924649 1.05336
1.53335 0.925163 1.05148
1.53328 0.924175 1.05146
1.53254 0.923673 1.05329
1.53335 0.925163 1.05148
1.53398 0.92569 1.04956
1.53389 0.924689 1.04958
1.53328 0.924175 1.05146
1.53398 0.92569 1.04956
1.53443 0.926229 1.04759
1.53433 0.925215 1.04765
1.53389 0.924689 1.04958
1.53443 0.926229 1.04759
1.53453 0.92678 1.04557
1.53442 0.925753 1.04569
1.53433 0.925215 1.04765
1.53453 0.92678 1.04557
1.53374 0.926857 1.04529
1.53365 0.925828 1.04541
1.53442 0.925753 1.04569
1.53374 0.926857 1.04529
1.53335 0.926314 1.04728
1.53327 0.925298 1.04735
1.53365 0.925828 1.04541
1.53335 0.926314 1.04728
1.53299 0.92577 1.04926
1.53292 0.924767 1.04929
1.53327 0.925298 1.04735
1.53299 0.92577 1.04926
1.53259 0.925227 1.05125
1.53253 0.924237 1.05123
1.53292 0.924767 1.04929
1.53259 0.925227 1.05125
1.53216 0.924687 1.05322
1.53212 0.92371 1.05316
1.53253 0.924237 1.05123
1.53168 0.923183 1.05508
1.53254 0.923673 1.05329
1.53245 0.922662 1.05334
1.53163 0.92219 1.05506
1.53254 0.923673 1.05329
1.53328 0.924175 1.05146
1.53316 0.923146 1.05157
1.53245 0.922662 1.05334
1.53328 0.924175 1.05146
1.53389 0.924689 1.04958
1.53375 0.923642 1.04976
1.53316 0.923146 1.05157
1.53389 0.924689 1.04958
1.53433 0.925215 1.04765
1.53417 0.924149 1.0479
1.53375 0.923642 1.04976
1.53433 0.925215 1.04765
1.53442 0.925753 1.04569
1.53426 0.924667 1.04601
1.53417 0.924149 1.0479
1.53442 0.925753 1.04569
1.53365 0.925828 1.04541
1.53352 0.924739 1.04575
1.53426 0.924667 1.04601
1.53365 0.925828 1.04541
1.53327 0.925298 1.04735
1.53316 0.924228 1.04761
1.53352 0.924739 1.04575
1.53327 0.925298 1.04735
1.53292 0.924767 1.04929
1.53281 0.923717 1.04948
1.53316 0.924228 1.04761
1.53292 0.924767 1.04929
1.53253 0.924237 1.05123
1.53245 0.923206 1.05135
1.53281 0.923717 1.04948
1.53253 0.924237 1.05123
1.53212 0.92371 1.05316
1.53205 0.922698 1.05321
1.53245 0.923206 1.05135
1.53163 0.92219 1.05506
1.53245 0.922662 1.05334
1.53233 0.921615 1.05352
1.53156 0.921168 1.05515
1.53245 0.922662 1.05334
1.53316 0.923146 1.05157
1.533 0.922074 1.05184
1.53233 0.921615 1.05352
1.53316 0.923146 1.05157
1.53375 0.923642 1.04976
1.53356 0.922544 1.05012
1.533 0.922074 1.05184
1.53375 0.923642 1.04976
1.53417 0.924149 1.0479
1.53395 0.923024 1.04837
1.53356 0.922544 1.05012
1.53417 0.924149 1.0479
1.53426 0.924667 1.04601
1.53403 0.923515 1.04657
1.53395 0.923024 1.04837
1.53426 0.924667 1.04601
1.53352 0.924739 1.04575
1.53333 0.923583 1.04632
1.53403 0.923515 1.04657
1.53352 0.924739 1.04575
1.53316 0.924228 1.04761
1.53299 0.923099 1.04809
1.53333 0.923583 1.04632
1.53316 0.924228 1.04761
1.53281 0.923717 1.04948
1.53267 0.922614 1.04986
1.53299 0.923099 1.04809
1.53281 0.923717 1.04948
1.53245 0.923206 1.05135
1.53232 0.922131 1.05163
1.53267 0.922614 1.04986
1.53245 0.923206 1.05135
1.53205 0.922698 1.05321
1.53195 0.921649 1.05339
1.53232 0.922131 1.05163
1.53156 0.921168 1.05515
1.53233 0.921615 1.05352
1.53217 0.920522 1.05386
1.53145 0.920108 1.05538
1.53233 0.921615 1.05352
1.533 0.922074 1.05184
1.53278 0.920947 1.05231
1.53217 0.920522 1.05386
1.533 0.922074 1.05184
1.53356 0.922544 1.05012
1.5333 0.921382 1.05072
1.53278 0.920947 1.05231
1.53356 0.922544 1.05012
1.53395 0.923024 1.04837
1.53366 0.921827 1.0491
1.5333 0.921382 1.05072
1.53395 0.923024 1.04837
1.53403 0.923515 1.04657
1.53373 0.922281 1.04744
1.53366 0.921827 1.0491
1.53403 0.923515 1.04657
1.53333 0.923583 1.04632
1.53308 0.922343 1.04721
1.53373 0.922281 1.04744
1.53333 0.923583 1.04632
1.53299 0.923099 1.04809
1.53277 0.921896 1.04884
1.53308 0.922343 1.04721
1.53299 0.923099 1.04809
1.53267 0.922614 1.04986
1.53247 0.921447 1.05048
1.53277 0.921896 1.04884
1.53267 0.922614 1.04986
1.53232 0.922131 1.05163
1.53216 0.921 1.05212
1.53247 0.921447 1.05048
1.53232 0.922131 1.05163
1.53195 0.921649 1.05339
1.53181 0.920554 1.05375
1.53216 0.921 1.05212
1.53145 0.920108 1.05538
1.53217 0.920522 1.05386
1.53194 0.919366 1.05444
1.5313 0.918997 1.05579
1.53217 0.920522 1.05386
1.53278 0.920947 1.05231
1.53249 0.919745 1.05306
1.53194 0.919366 1.05444
1.53278 0.920947 1.05231
1.5333 0.921382 1.05072
1.53294 0.920132 1.05164
1.53249 0.919745 1.05306
1.5333 0.921382 1.05072
1.53366 0.921827 1.0491
1.53326 0.920528 1.0502
1.53294 0.920132 1.05164
1.53366 0.921827 1.0491
1.53373 0.922281 1.04744
1.53333 0.920932 1.04872
1.53326 0.920528 1.0502
1.53373 0.922281 1.04744
1.53308 0.922343 1.04721
1.53275 0.920988 1.04851
1.53333 0.920932 1.04872
1.53308 0.922343 1.04721
1.53277 0.921896 1.04884
1.53247 0.920589 1.04997
1.53275 0.920988 1.04851
1.53277 0.921896 1.04884
1.53247 0.921447 1.05048
1.53221 0.92019 1.05143
1.53247 0.920589 1.04997
1.53247 0.921447 1.05048
1.53216 0.921 1.05212
1.53193 0.919791 1.05289
1.53221 0.92019 1.05143
1.53216 0.921 1.05212
1.53181 0.920554 1.05375
1.53162 0.919394 1.05434
1.53193 0.919791 1.05289
1.5313 0.918997 1.05579
1.53194 0.919366 1.05444
1.5316 0.918098 1.05544
1.53108 0.917796 1.05654
1.53194 0.919366 1.05444
1.53249 0.919745 1.05306
1.53205 0.918408 1.0543
1.5316 0.918098 1.05544
1.53249 0.919745 1.05306
1.53294 0.920132 1.05164
1.53242 0.918725 1.05315
1.53205 0.918408 1.0543
1.53294 0.920132 1.05164
1.53326 0.920528 1.0502
1.53268 0.919049 1.05196
1.53242 0.918725 1.05315
1.53326 0.920528 1.0502
1.53333 0.920932 1.04872
1.53273 0.91938 1.05075
1.53268 0.919049 1.05196
1.53333 0.920932 1.04872
1.53275 0.920988 1.04851
1.53226 0.919426 1.05059
1.53273 0.91938 1.05075
1.53275 0.920988 1.04851
1.53247 0.920589 1.04997
1.53203 0.919099 1.05178
1.53226 0.919426 1.05059
1.53247 0.920589 1.04997
1.53221 0.92019 1.05143
1.53182 0.918772 1.05297
1.53203 0.919099 1.05178
1.53221 0.92019 1.05143
1.53193 0.919791 1.05289
1.53159 0.918446 1.05417
1.53182 0.918772 1.05297
1.53193 0.919791 1.05289
1.53162 0.919394 1.05434
1.53134 0.918121 1.05535
1.53159 0.918446 1.05417
1.53108 0.917796 1.05654
1.5316 0.918098 1.05544
1.53093 0.916489 1.05767
1.53064 0.916319 1.05829
1.5316 0.918098 1.05544
1.53205 0.918408 1.0543
1.53118 0.916664 1.05703
1.53093 0.916489 1.05767
1.53205 0.918408 1.0543
1.53242 0.918725 1.05315
1.53139 0.916843 1.05638
1.53118 0.916664 1.05703
1.53242 0.918725 1.05315
1.53268 0.919049 1.05196
1.53154 0.917025 1.05571
1.53139 0.916843 1.05638
1.53268 0.919049 1.05196
1.53273 0.91938 1.05075
1.53156 0.917212 1.05503
1.53154 0.917025 1.05571
1.53273 0.91938 1.05075
1.53226 0.919426 1.05059
1.5313 0.917237 1.05494
1.53156 0.917212 1.05503
1.53226 0.919426 1.05059
1.53203 0.919099 1.05178
1.53117 0.917054 1.05561
1.5313 0.917237 1.05494
1.53203 0.919099 1.05178
1.53182 0.918772 1.05297
1.53105 0.916869 1.05628
1.53117 0.917054 1.05561
1.53182 0.918772 1.05297
1.53159 0.918446 1.05417
1.53092 0.916685 1.05695
1.53105 0.916869 1.05628
1.53159 0.918446 1.05417
1.53134 0.918121 1.05535
1.53078 0.916502 1.05762
1.53092 0.916685 1.05695
1.53064 0.916319 1.05829
1.53093 0.916489 1.05767
1.53018 0.914886 1.06025
1.53014 0.914864 1.06033
1.53093 0.916489 1.05767
1.53118 0.916664 1.05703
1.53021 0.914909 1.06017
1.53018 0.914886 1.06025
1.53118 0.916664 1.05703
1.53139 0.916843 1.05638
1.53024 0.914932 1.06008
1.53021 0.914909 1.06017
1.53139 0.916843 1.05638
1.53154 0.917025 1.05571
1.53026 0.914956 1.05999
1.53024 0.914932 1.06008
1.53154 0.917025 1.05571
1.53156 0.917212 1.05503
1.53026 0.914981 1.0599
1.53026 0.914956 1.05999
1.53156 0.917212 1.05503
1.5313 0.917237 1.05494
1.53023 0.914984 1.05989
1.53026 0.914981 1.0599
1.5313 0.917237 1.05494
1.53117 0.917054 1.05561
1.53021 0.91496 1.05998
1.53023 0.914984 1.05989
1.53117 0.917054 1.05561
1.53105 0.916869 1.05628
1.53019 0.914936 1.06007
1.53021 0.91496 1.05998
1.53105 0.916869 1.05628
1.53092 0.916685 1.05695
1.53018 0.914912 1.06015
1.53019 0.914936 1.06007
1.53092 0.916685 1.05695
1.53078 0.916502 1.05762
1.53016 0.914888 1.06024
1.53018 0.914912 1.06015
1.53986 1.07314 1.08818
1.53634 1.07236 1.09104
1.53631 1.06937 1.09002
1.53988 1.07021 1.08697
1.53988 1.07021 1.08697
1.53631 1.06937 1.09002
1.5362 1.06465 1.08842
1.53982 1.06557 1.08506
1.53982 1.06557 1.08506
1.5362 1.06465 1.08842
1.53601 1.05982 1.08681
1.53961 1.06083 1.08312
1.53961 1.06083 1.08312
1.53601 1.05982 1.08681
1.53577 1.05497 1.08526
1.53932 1.05607 1.08125
1.53932 1.05607 1.08125
1.53577 1.05497 1.08526
1.53553 1.05011 1.08376
1.539 1.05128 1.07949
1.539 1.05128 1.07949
1.53553 1.05011 1.08376
1.53529 1.04523 1.08232
1.53867 1.04646 1.07782
1.53867 1.04646 1.07782
1.53529 1.04523 1.08232
1.53506 1.04034 1.08092
1.53832 1.04163 1.07624
1.53832 1.04163 1.07624
1.53506 1.04034 1.08092
1.53484 1.03544 1.07957
1.53796 1.03676 1.07474
1.53796 1.03676 1.07474
1.53484 1.03544 1.07957
1.53463 1.03053 1.07825
1.5376 1.03188 1.07331
1.5376 1.03188 1.07331
1.53463 1.03053 1.07825
1.53443 1.02561 1.07697
1.53724 1.02698 1.07196
1.53724 1.02698 1.07196
1.53443 1.02561 1.07697
1.53423 1.02068 1.07571
1.53688 1.02206 1.07068
1.53688 1.02206 1.07068
1.53423 1.02068 1.07571
1.53405 1.01575 1.07449
1.53653 1.01712 1.06946
1.53653 1.01712 1.06946
1.53405 1.01575 1.07449
1.53387 1.0108 1.07329
1.53619 1.01217 1.06829
1.53619 1.01217 1.06829
1.53387 1.0108 1.07329
1.5337 1.00585 1.07212
1.53585 1.0072 1.06719
1.53585 1.0072 1.06719
1.5337 1.00585 1.07212
1.53354 1.0009 1.07097
1.53553 1.00222 1.06613
1.53553 1.00222 1.06613
1.53354 1.0009 1.07097
1.53338 0.995934 1.06984
1.53522 0.997225 1.06512
1.53522 0.997225 1.06512
1.53338 0.995934 1.06984
1.53323 0.990965 1.06873
1.53492 0.992218 1.06415
1.53492 0.992218 1.06415
1.53323 0.990965 1.06873
1.53309 0.985994 1.06764
1.53463 0.987204 1.06322
1.53463 0.987204 1.06322
1.53309 0.985994 1.06764
1.53295 0.981016 1.06657
1.53435 0.982178 1.06232
1.53435 0.982178 1.06232
1.53295 0.981016 1.06657
1.53282 0.976034 1.06551
1.53409 0.977144 1.06145
1.53409 0.977144 1.06145
1.53282 0.976034 1.06551
1.53269 0.97105 1.06447
1.53386 0.972105 1.06061
1.53386 0.972105 1.06061
1.53269 0.97105 1.06447
1.53257 0.96606 1.06343
1.53363 0.967058 1.05979
1.53363 0.967058 1.05979
1.53257 0.96606 1.06343
1.53245 0.961066 1.06242
1.53342 0.962005 1.05898
1.53342 0.962005 1.05898
1.53245 0.961066 1.06242
1.53233 0.95607 1.06141
1.53322 0.95695 1.05819
1.53322 0.95695 1.05819
1.53233 0.95607 1.06141
1.53223 0.951073 1.06042
1.53303 0.951894 1.05741
1.53303 0.951894 1.05741
1.53223 0.951073 1.06042
1.53212 0.946071 1.05943
1.53285 0.946835 1.05663
1.53285 0.946835 1.05663
1.53212 0.946071 1.05943
1.53202 0.941067 1.05845
1.53267 0.941775 1.05586
1.53267 0.941775 1.05586
1.53202 0.941067 1.05845
1.53193 0.93606 1.05748
1.53251 0.936715 1.05508
1.53251 0.936715 1.05508
1.53193 0.93606 1.05748
1.53184 0.931055 1.05651
1.53236 0.931659 1.05431
1.53236 0.931659 1.05431
1.53184 0.931055 1.05651
1.53175 0.926258 1.0556
1.53222 0.926816 1.05355
1.53222 0.926816 1.05355
1.53175 0.926258 1.0556
1.53173 0.925097 1.05537
1.53219 0.925645 1.05337
1.53219 0.925645 1.05337
1.53173 0.925097 1.05537
1.53172 0.924147 1.0552
1.53216 0.924687 1.05322
1.53216 0.924687 1.05322
1.53172 0.924147 1.0552
1.53168 0.923183 1.05508
1.53212 0.92371 1.05316
1.53212 0.92371 1.05316
1.53168 0.923183 1.05508
1.53163 0.92219 1.05506
1.53205 0.922698 1.05321
1.53205 0.922698 1.05321
1.53163 0.92219 1.05506
1.53156 0.921168 1.05515
1.53195 0.921649 1.05339
1.53195 0.921649 1.05339
1.53156 0.921168 1.05515
1.53145 0.920108 1.05538
1.53181 0.920554 1.05375
1.53181 0.920554 1.05375
1.53145 0.920108 1.05538
1.5313 0.918997 1.05579
1.53162 0.919394 1.05434
1.53162 0.919394 1.05434
1.5313 0.918997 1.05579
1.53108 0.917796 1.05654
1.53134 0.918121 1.05535
1.53134 0.918121 1.05535
1.53108 0.917796 1.05654
1.53064 0.916319 1.05829
1.53078 0.916502 1.05762
1.53078 0.916502 1.05762
1.53064 0.916319 1.05829
1.53014 0.914864 1.06033
1.53016 0.914888 1.06024
1.5319 1.1008 1.1026
1.5319 1.1008 1.1026
1.5319 1.1008 1.1026
1.5319 1.1008 1.1026
1.5319 1.1008 1.1026
1.5319 1.1008 1.1026
1.5319 1.1008 1.1026
1.5319 1.1008 1.1026
1.5319 1.1008 1.1026
1.5319 1.1008 1.1026
1.5319 1.1008 1.1026
1.5319 1.1008 1.1026
1.5319 1.1008 1.1026
1.5319 1.1008 1.1026
1.5319 1.1008 1.1026
1.5319 1.1008 1.1026
1.5319 1.1008 1.1026
1.5319 1.1008 1.1026
1.5319 1.1008 1.1026
1.5319 1.1008 1.1026
1.5319 1.1008 1.1026
1.5319 1.1008 1.1026
1.5319 1.1008 1.1026
1.5319 1.1008 1.1026
1.5319 1.1008 1.1026
1.5319 1.1008 1.1026
1.5319 1.1008 1.1026
1.5319 1.1008 1.1026
1.5319 1.1008 1.1026
1.5319 1.1008 1.1026
1.5319 1.1008 1.1026
1.5319 1.1008 1.1026
1.5319 1.1008 1.1026
1.5319 1.1008 1.1026
1.5319 1.1008 1.1026
1.5319 1.1008 1.1026
1.5319 1.1008 1.1026
1.5319 1.1008 1.1026
1.5319 1.1008 1.1026
1.5319 1.1008 1.1026
1.5319 1.1008 1.1026
1.5319 1.1008 1.1026
1.5319 1.1008 1.1026
1.5319 1.1008 1.1026
1.5319 1.1008 1.1026
1.5319 1.1008 1.1026
1.5319 1.1008 1.1026
1.5319 1.1008 1.1026
1.5319 1.1008 1.1026
1.5319 1.1008 1.1026
1.5319 1.1008 1.1026
1.5319 1.1008 1.1026
1.5319 1.1008 1.1026
1.5319 1.1008 1.1026
1.5319 1.1008 1.1026
1.5319 1.1008 1.1026
1.5319 1.1008 1.1026
1.5319 1.1008 1.1026
1.5319 1.1008 1.1026
1.5319 1.1008 1.1026
1.5319 1.1008 1.1026
1.5319 1.1008 1.1026
1.5319 1.1008 1.1026
1.5319 1.1008 1.1026
1.5319 1.1008 1.1026
1.5319 1.1008 1.1026
1.5319 1.1008 1.1026
1.5319 1.1008 1.1026
1.5319 1.1008 1.1026
1.5319 1.1008 1.1026
1.5319 1.1008 1.1026
1.5319 1.1008 1.1026
1.5319 1.1008 1.1026
1.5319 1.1008 1.1026
1.5319 1.1008 1.1026
1.5319 1.1008 1.1026
1.5319 1.1008 1.1026
1.5319 1.1008 1.1026
1.5319 1.1008 1.1026
1.5319 1.1008 1.1026
1.5319 1.1008 1.1026
1.5319 1.1008 1.1026
1.5319 1.1008 1.1026
1.5319 1.1008 1.1026
1.5319 1.1008 1.1026
1.5319 1.1008 1.1026
1.5319 1.1008 1.1026
1.5319 1.1008 1.1026
CELLS 924 4620
4 0 1 2 3
4 4 5 6 7
4 8 9 10 11
4 12 13 14 15
4 16 17 18 19
4 20 21 22 23
4 24 25 26 27
4 28 29 30 31
4 32 33 34 35
4 36 37 38 39
4 40 41 42 43
4 44 45 46 47
4 48 49 50 51
4 52 53 54 55
4 56 57 58 59
4 60 61 62 63
4 64 65 66 67
4 68 69 70 71
4 72 73 74 75
4 76 77 78 79
4 80 81 82 83
4 84 85 86 87
4 88 89 90 91
4 92 93 94 95
4 96 97 98 99
4 100 101 102 103
4 104 105 106 107
4 108 109 110 111
4 112 113 114 115
4 116 117 118 119
4 120 121 122 123
4 124 125 126 127
4 128 129 130 131
4 132 133 134 135
4 136 137 138 139
4 140 141 142 143
4 144 145 146 147
4 148 149 150 151
4 152 153 154 155
4 156 157 158 159
4 160 161 162 163
4 164 165 166 167
4 168 169 170 171
4 172 173 174 175
4 176 177 178 179
4 180 181 182 183
4 184 185 186 187
4 188 189 190 191
4 192 193 194 195
4 196 197 198 199
4 200 201 202 203
4 204 205 206 207
4 208 209 210 211
4 212 213 214 215
4 216 217 218 219
4 220 221 222 223
4 224 225 226 227
4 228 229 230 231
4 232 233 234 235
4 236 237 238 239
4 240 241 242 243
4 244 245 246 247
4 248 249 250 251
4 252 253 254 255
4 256 257 258 259
4 260 261 262 263
4 264 265 266 267
4 268 269 270 271
4 272 273 274 275
4 276 277 278 279
4 280 281 282 283
4 284 285 286 287
4 288 289 290 291
4 292 293 294 295
4 296 297 298 299
4 300 301 302 303
4 304 305 306 307
4 308 309 310 311
4 312 313 314 315
4 316 317 318 319
4 320 321 322 323
4 324 325 326 327
4 328 329 330 331
4 332 333 334 335
4 336 337 338 339
4 340 341 342 343
4 344 345 346 347
4 348 349 350 351
4 352 353 354 355
4 356 357 358 359
4 360 361 362 363
4 364 365 366 367
4 368 369 370 371
4 372 373 374 375
4 376 377 378 379
4 380 381 382 383
4 384 385 386 387
4 388 389 390 391
4 392 393 394 395
4 396 397 398 399
4 400 401 402 403
4 404 405 406 407
4 408 409 410 411
4 412 413 414 415
4 416 417 418 419
4 420 421 422 423
4 424 425 426 427
4 428 429 430 431
4 432 433 434 435
4 436 437 438 439
4 440 441 442 443
4 444 445 446 447
4 448 449 450 451
4 452 453 454 455
4 456 457 458 459
4 460 461 462 463
4 464 465 466 467
4 468 469 470 471
4 472 473 474 475
4 476 477 478 479
4 480 481 482 483
4 484 485 486 487
4 488 489 490 491
4 492 493 494 495
4 496 497 498 499
4 500 501 502 503
4 504 505 506 507
4 508 509 510 511
4 512 513 514 515
4 516 517 518 519
4 520 521 522 523
4 524 525 526 527
4 528 529 530 531
4 532 533 534 535
4 536 537 538 539
4 540 541 542 543
4 544 545 546 547
4 548 549 550 551
4 552 553 554 555
4 556 557 558 559
4 560 561 562 563
4 564 565 566 567
4 568 569 570 571
4 572 573 574 575
4 576 577 578 579
4 580 581 582 583
4 584 585 586 587
4 588 589 590 591
4 592 593 594 595
4 596 597 598 599
4 600 601 602 603
4 604 605 606 607
4 608 609 610 611
4 612 613 614 615
4 616 617 618 619
4 620 621 622 623
4 624 625 626 627
4 628 629 630 631
4 632 633 634 635
4 636 637 638 639
4 640 641 642 643
4 644 645 646 647
4 648 649 650 651
4 652 653 654 655
4 656 657 658 659
4 660 661 662 663
4 664 665 666 667
4 668 669 670 671
4 672 673 674 675
4 676 677 678 679
4 680 681 682 683
4 684 685 686 687
4 688 689 690 691
4 692 693 694 695
4 696 697 698 699
4 700 701 702 703
4 704 705 706 707
4 708 709 710 711
4 712 713 714 715
4 716 717 718 719
4 720 721 722 723
4 724 725 726 727
4 728 729 730 731
4 732 733 734 735
4 736 737 738 739
4 740 741 742 743
4 744 745 746 747
4 748 749 750 751
4 752 753 754 755
4 756 757 758 759
4 760 761 762 763
4 764 765 766 767
4 768 769 770 771
4 772 773 774 775
4 776 777 778 779
4 780 781 782 783
4 784 785 786 787
4 788 789 790 791
4 792 793 794 795
4 796 797 798 799
4 800 801 802 803
4 804 805 806 807
4 808 809 810 811
4 812 813 814 815
4 816 817 818 819
4 820 821 822 823
4 824 825 826 827
4 828 829 830 831
4 832 833 834 835
4 836 837 838 839
4 840 841 842 843
4 844 845 846 847
4 848 849 850 851
4 852 853 854 855
4 856 857 858 859
4 860 861 862 863
4 864 865 866 867
4 868 869 870 871
4 872 873 874 875
4 876 877 878 879
4 880 881 882 883
4 884 885 886 887
4 888 889 890 891
4 892 893 894 895
4 896 897 898 899
4 900 901 902 903
4 904 905 906 907
4 908 909 910 911
4 912 913 914 915
4 916 917 918 919
4 920 921 922 923
4 924 925 926 927
4 928 929 930 931
4 932 933 934 935
4 936 937 938 939
4 940 941 942 943
4 944 945 946 947
4 948 949 950 951
4 952 953 954 955
4 956 957 958 959
4 960 961 962 963
4 964 965 966 967
4 968 969 970 971
4 972 973 974 975
4 976 977 978 979
4 980 981 982 983
4 984 985 986 987
4 988 989 990 991
4 992 993 994 995
4 996 997 998 999
4 1000 1001 1002 1003
4 1004 1005 1006 1007
4 1008 1009 1010 1011
4 1012 1013 1014 1015
4 1016 1017 1018 1019
4 1020 1021 1022 1023
4 1024 1025 1026 1027
4 1028 1029 1030 1031
4 1032 1033 1034 1035
4 1036 1037 1038 1039
4 1040 1041 1042 1043
4 1044 1045 1046 1047
4 1048 1049 1050 1051
4 1052 1053 1054 1055
4 1056 1057 1058 1059
4 1060 1061 1062 1063
4 1064 1065 1066 1067
4 1068 1069 1070 1071
4 1072 1073 1074 1075
4 1076 1077 1078 1079
4 1080 1081 1082 1083
4 1084 1085 1086 1087
4 1088 1089 1090 1091
4 1092 1093 1094 1095
4 1096 1097 1098 1099
4 1100 1101 1102 1103
4 1104 1105 1106 1107
4 1108 1109 1110 1111
4 1112 1113 1114 1115
4 1116 1117 1118 1119
4 1120 1121 1122 1123
4 1124 1125 1126 1127
4 1128 1129 1130 1131
4 1132 1133 1134 1135
4 1136 1137 1138 1139
4 1140 1141 1142 1143
4 1144 1145 1146 1147
4 1148 1149 1150 1151
4 1152 1153 1154 1155
4 1156 1157 1158 1159
4 1160 1161 1162 1163
4 1164 1165 1166 1167
4 1168 1169 1170 1171
4 1172 1173 1174 1175
4 1176 1177 1178 1179
4 1180 1181 1182 1183
4 1184 1185 1186 1187
4 1188 1189 1190 1191
4 1192 1193 1194 1195
4 1196 1197 1198 1199
4 1200 1201 1202 1203
4 1204 1205 1206 1207
4 1208 1209 1210 1211
4 1212 1213 1214 1215
4 1216 1217 1218 1219
4 1220 1221 1222 1223
4 1224 1225 1226 1227
4 1228 1229 1230 1231
4 1232 1233 1234 1235
4 1236 1237 1238 1239
4 1240 1241 1242 1243
4 1244 1245 1246 1247
4 1248 1249 1250 1251
4 1252 1253 1254 1255
4 1256 1257 1258 1259
4 1260 1261 1262 1263
4 1264 1265 1266 1267
4 1268 1269 1270 1271
4 1272 1273 1274 1275
4 1276 1277 1278 1279
4 1280 1281 1282 1283
4 1284 1285 1286 1287
4 1288 1289 1290 1291
4 1292 1293 1294 1295
4 1296 1297 1298 1299
4 1300 1301 1302 1303
4 1304 1305 1306 1307
4 1308 1309 1310 1311
4 1312 1313 1314 1315
4 1316 1317 1318 1319
4 1320 1321 1322 1323
4 1324 1325 1326 1327
4 1328 1329 1330 1331
4 1332 1333 1334 1335
4 1336 1337 1338 1339
4 1340 1341 1342 1343
4 1344 1345 1346 1347
4 1348 1349 1350 1351
4 1352 1353 1354 1355
4 1356 1357 1358 1359
4 1360 1361 1362 1363
4 1364 1365 1366 1367
4 1368 1369 1370 1371
4 1372 1373 1374 1375
4 1376 1377 1378 1379
4 1380 1381 1382 1383
4 1384 1385 1386 1387
4 1388 1389 1390 1391
4 1392 1393 1394 1395
4 1396 1397 1398 1399
4 1400 1401 1402 1403
4 1404 1405 1406 1407
4 1408 1409 1410 1411
4 1412 1413 1414 1415
4 1416 1417 1418 1419
4 1420 1421 1422 1423
4 1424 1425 1426 1427
4 1428 1429 1430 1431
4 1432 1433 1434 1435
4 1436 1437 1438 1439
4 1440 1441 1442 1443
4 1444 1445 1446 1447
4 1448 1449 1450 1451
4 1452 1453 1454 1455
4 1456 1457 1458 1459
4 1460 1461 1462 1463
4 1464 1465 1466 1467
4 1468 1469 1470 1471
4 1472 1473 1474 1475
4 1476 1477 1478 1479
4 1480 1481 1482 1483
4 1484 1485 1486 1487
4 1488 1489 1490 1491
4 1492 1493 1494 1495
4 1496 1497 1498 1499
4 1500 1501 1502 1503
4 1504 1505 1506 1507
4 1508 1509 1510 1511
4 1512 1513 1514 1515
4 1516 1517 1518 1519
4 1520 1521 1522 1523
4 1524 1525 1526 1527
4 1528 1529 1530 1531
4 1532 1533 1534 1535
4 1536 1537 1538 1539
4 1540 1541 1542 1543
4 1544 1545 1546 1547
4 1548 1549 1550 1551
4 1552 1553 1554 1555
4 1556 1557 1558 1559
4 1560 1561 1562 1563
4 1564 1565 1566 1567
4 1568 1569 1570 1571
4 1572 1573 1574 1575
4 1576 1577 1578 1579
4 1580 1581 1582 1583
4 1584 1585 1586 1587
4 1588 1589 1590 1591
4 1592 1593 1594 1595
4 1596 1597 1598 1599
4 1600 1601 1602 1603
4 1604 1605 1606 1607
4 1608 1609 1610 1611
4 1612 1613 1614 1615
4 1616 1617 1618 1619
4 1620 1621 1622 1623
4 1624 1625 1626 1627
4 1628 1629 1630 1631
4 1632 1633 1634 1635
4 1636 1637 1638 1639
4 1640 1641 1642 1643
4 1644 1645 1646 1647
4 1648 1649 1650 1651
4 1652 1653 1654 1655
4 1656 1657 1658 1659
4 1660 1661 1662 1663
4 1664 1665 1666 1667
4 1668 1669 1670 1671
4 1672 1673 1674 1675
4 1676 1677 1678 1679
4 1680 1681 1682 1683
4 1684 1685 1686 1687
4 1688 1689 1690 1691
4 1692 1693 1694 1695
4 1696 1697 1698 1699
4 1700 1701 1702 1703
4 1704 1705 1706 1707
4 1708 1709 1710 1711
4 1712 1713 1714 1715
4 1716 1717 1718 1719
4 1720 1721 1722 1723
4 1724 1725 1726 1727
4 1728 1729 1730 1731
4 1732 1733 1734 1735
4 1736 1737 1738 1739
4 1740 1741 1742 1743
4 1744 1745 1746 1747
4 1748 1749 1750 1751
4 1752 1753 1754 1755
4 1756 1757 1758 1759
4 1760 1761 1762 1763
4 1764 1765 1766 1767
4 1768 1769 1770 1771
4 1772 1773 1774 1775
4 1776 1777 1778 1779
4 1780 1781 1782 1783
4 1784 1785 1786 1787
4 1788 1789 1790 1791
4 1792 1793 1794 1795
4 1796 1797 1798 1799
4 1800 1801 1802 1803
4 1804 1805 1806 1807
4 1808 1809 1810 1811
4 1812 1813 1814 1815
4 1816 1817 1818 1819
4 1820 1821 1822 1823
4 1824 1825 1826 1827
4 1828 1829 1830 1831
4 1832 1833 1834 1835
4 1836 1837 1838 1839
4 1840 1841 1842 1843
4 1844 1845 1846 1847
4 1848 1849 1850 1851
4 1852 1853 1854 1855
4 1856 1857 1858 1859
4 1860 1861 1862 1863
4 1864 1865 1866 1867
4 1868 1869 1870 1871
4 1872 1873 1874 1875
4 1876 1877 1878 1879
4 1880 1881 1882 1883
4 1884 1885 1886 1887
4 1888 1889 1890 1891
4 1892 1893 1894 1895
4 1896 1897 1898 1899
4 1900 1901 1902 1903
4 1904 1905 1906 1907
4 1908 1909 1910 1911
4 1912 1913 1914 1915
4 1916 1917 1918 1919
4 1920 1921 1922 1923
4 1924 1925 1926 1927
4 1928 1929 1930 1931
4 1932 1933 1934 1935
4 1936 1937 1938 1939
4 1940 1941 1942 1943
4 1944 1945 1946 1947
4 1948 1949 1950 1951
4 1952 1953 1954 1955
4 1956 1957 1958 1959
4 1960 1961 1962 1963
4 1964 1965 1966 1967
4 1968 1969 1970 1971
4 1972 1973 1974 1975
4 1976 1977 1978 1979
4 1980 1981 1982 1983
4 1984 1985 1986 1987
4 1988 1989 1990 1991
4 1992 1993 1994 1995
4 1996 1997 1998 1999
4 2000 2001 2002 2003
4 2004 2005 2006 2007
4 2008 2009 2010 2011
4 2012 2013 2014 2015
4 2016 2017 2018 2019
4 2020 2021 2022 2023
4 2024 2025 2026 2027
4 2028 2029 2030 2031
4 2032 2033 2034 2035
4 2036 2037 2038 2039
4 2040 2041 2042 2043
4 2044 2045 2046 2047
4 2048 2049 2050 2051
4 2052 2053 2054 2055
4 2056 2057 2058 2059
4 2060 2061 2062 2063
4 2064 2065 2066 2067
4 2068 2069 2070 2071
4 2072 2073 2074 2075
4 2076 2077 2078 2079
4 2080 2081 2082 2083
4 2084 2085 2086 2087
4 2088 2089 2090 2091
4 2092 2093 2094 2095
4 2096 2097 2098 2099
4 2100 2101 2102 2103
4 2104 2105 2106 2107
4 2108 2109 2110 2111
4 2112 2113 2114 2115
4 2116 2117 2118 2119
4 2120 2121 2122 2123
4 2124 2125 2126 2127
4 2128 2129 2130 2131
4 2132 2133 2134 2135
4 2136 2137 2138 2139
4 2140 2141 2142 2143
4 2144 2145 2146 2147
4 2148 2149 2150 2151
4 2152 2153 2154 2155
4 2156 2157 2158 2159
4 2160 2161 2162 2163
4 2164 2165 2166 2167
4 2168 2169 2170 2171
4 2172 2173 2174 2175
4 2176 2177 2178 2179
4 2180 2181 2182 2183
4 2184 2185 2186 2187
4 2188 2189 2190 2191
4 2192 2193 2194 2195
4 2196 2197 2198 2199
4 2200 2201 2202 2203
4 2204 2205 2206 2207
4 2208 2209 2210 2211
4 2212 2213 2214 2215
4 2216 2217 2218 2219
4 2220 2221 2222 2223
4 2224 2225 2226 2227
4 2228 2229 2230 2231
4 2232 2233 2234 2235
4 2236 2237 2238 2239
4 2240 2241 2242 2243
4 2244 2245 2246 2247
4 2248 2249 2250 2251
4 2252 2253 2254 2255
4 2256 2257 2258 2259
4 2260 2261 2262 2263
4 2264 2265 2266 2267
4 2268 2269 2270 2271
4 2272 2273 2274 2275
4 2276 2277 2278 2279
4 2280 2281 2282 2283
4 2284 2285 2286 2287
4 2288 2289 2290 2291
4 2292 2293 2294 2295
4 2296 2297 2298 2299
4 2300 2301 2302 2303
4 2304 2305 2306 2307
4 2308 2309 2310 2311
4 2312 2313 2314 2315
4 2316 2317 2318 2319
4 2320 2321 2322 2323
4 2324 2325 2326 2327
4 2328 2329 2330 2331
4 2332 2333 2334 2335
4 2336 2337 2338 2339
4 2340 2341 2342 2343
4 2344 2345 2346 2347
4 2348 2349 2350 2351
4 2352 2353 2354 2355
4 2356 2357 2358 2359
4 2360 2361 2362 2363
4 2364 2365 2366 2367
4 2368 2369 2370 2371
4 2372 2373 2374 2375
4 2376 2377 2378 2379
4 2380 2381 2382 2383
4 2384 2385 2386 2387
4 2388 2389 2390 2391
4 2392 2393 2394 2395
4 2396 2397 2398 2399
4 2400 2401 2402 2403
4 2404 2405 2406 2407
4 2408 2409 2410 2411
4 2412 2413 2414 2415
4 2416 2417 2418 2419
4 2420 2421 2422 2423
4 2424 2425 2426 2427
4 2428 2429 2430 2431
4 2432 2433 2434 2435
4 2436 2437 2438 2439
4 2440 2441 2442 2443
4 2444 2445 2446 2447
4 2448 2449 2450 2451
4 2452 2453 2454 2455
4 2456 2457 2458 2459
4 2460 2461 2462 2463
4 2464 2465 2466 2467
4 2468 2469 2470 2471
4 2472 2473 2474 2475
4 2476 2477 2478 2479
4 2480 2481 2482 2483
4 2484 2485 2486 2487
4 2488 2489 2490 2491
4 2492 2493 2494 2495
4 2496 2497 2498 2499
4 2500 2501 2502 2503
4 2504 2505 2506 2507
4 2508 2509 2510 2511
4 2512 2513 2514 2515
4 2516 2517 2518 2519
4 2520 2521 2522 2523
4 2524 2525 2526 2527
4 2528 2529 2530 2531
4 2532 2533 2534 2535
4 2536 2537 2538 2539
4 2540 2541 2542 2543
4 2544 2545 2546 2547
4 2548 2549 2550 2551
4 2552 2553 2554 2555
4 2556 2557 2558 2559
4 2560 2561 2562 2563
4 2564 2565 2566 2567
4 2568 2569 2570 2571
4 2572 2573 2574 2575
4 2576 2577 2578 2579
4 2580 2581 2582 2583
4 2584 2585 2586 2587
4 2588 2589 2590 2591
4 2592 2593 2594 2595
4 2596 2597 2598 2599
4 2600 2601 2602 2603
4 2604 2605 2606 2607
4 2608 2609 2610 2611
4 2612 2613 2614 2615
4 2616 2617 2618 2619
4 2620 2621 2622 2623
4 2624 2625 2626 2627
4 2628 2629 2630 2631
4 2632 2633 2634 2635
4 2636 2637 2638 2639
4 2640 2641 2642 2643
4 2644 2645 2646 2647
4 2648 2649 2650 2651
4 2652 2653 2654 2655
4 2656 2657 2658 2659
4 2660 2661 2662 2663
4 2664 2665 2666 2667
4 2668 2669 2670 2671
4 2672 2673 2674 2675
4 2676 2677 2678 2679
4 2680 2681 2682 2683
4 2684 2685 2686 2687
4 2688 2689 2690 2691
4 2692 2693 2694 2695
4 2696 2697 2698 2699
4 2700 2701 2702 2703
4 2704 2705 2706 2707
4 2708 2709 2710 2711
4 2712 2713 2714 2715
4 2716 2717 2718 2719
4 2720 2721 2722 2723
4 2724 2725 2726 2727
4 2728 2729 2730 2731
4 2732 2733 2734 2735
4 2736 2737 2738 2739
4 2740 2741 2742 2743
4 2744 2745 2746 2747
4 2748 2749 2750 2751
4 2752 2753 2754 2755
4 2756 2757 2758 2759
4 2760 2761 2762 2763
4 2764 2765 2766 2767
4 2768 2769 2770 2771
4 2772 2773 2774 2775
4 2776 2777 2778 2779
4 2780 2781 2782 2783
4 2784 2785 2786 2787
4 2788 2789 2790 2791
4 2792 2793 2794 2795
4 2796 2797 2798 2799
4 2800 2801 2802 2803
4 2804 2805 2806 2807
4 2808 2809 2810 2811
4 2812 2813 2814 2815
4 2816 2817 2818 2819
4 2820 2821 2822 2823
4 2824 2825 2826 2827
4 2828 2829 2830 2831
4 2832 2833 2834 2835
4 2836 2837 2838 2839
4 2840 2841 2842 2843
4 2844 2845 2846 2847
4 2848 2849 2850 2851
4 2852 2853 2854 2855
4 2856 2857 2858 2859
4 2860 2861 2862 2863
4 2864 2865 2866 2867
4 2868 2869 2870 2871
4 2872 2873 2874 2875
4 2876 2877 2878 2879
4 2880 2881 2882 2883
4 2884 2885 2886 2887
4 2888 2889 2890 2891
4 2892 2893 2894 2895
4 2896 2897 2898 2899
4 2900 2901 2902 2903
4 2904 2905 2906 2907
4 2908 2909 2910 2911
4 2912 2913 2914 2915
4 2916 2917 2918 2919
4 2920 2921 2922 2923
4 2924 2925 2926 2927
4 2928 2929 2930 2931
4 2932 2933 2934 2935
4 2936 2937 2938 2939
4 2940 2941 2942 2943
4 2944 2945 2946 2947
4 2948 2949 2950 2951
4 2952 2953 2954 2955
4 2956 2957 2958 2959
4 2960 2961 2962 2963
4 2964 2965 2966 2967
4 2968 2969 2970 2971
4 2972 2973 2974 2975
4 2976 2977 2978 2979
4 2980 2981 2982 2983
4 2984 2985 2986 2987
4 2988 2989 2990 2991
4 2992 2993 2994 2995
4 2996 2997 2998 2999
4 3000 3001 3002 3003
4 3004 3005 3006 3007
4 3008 3009 3010 3011
4 3012 3013 3014 3015
4 3016 3017 3018 3019
4 3020 3021 3022 3023
4 3024 3025 3026 3027
4 3028 3029 3030 3031
4 3032 3033 3034 3035
4 3036 3037 3038 3039
4 3040 3041 3042 3043
4 3044 3045 3046 3047
4 3048 3049 3050 3051
4 3052 3053 3054 3055
4 3056 3057 3058 3059
4 3060 3061 3062 3063
4 3064 3065 3066 3067
4 3068 3069 3070 3071
4 3072 3073 3074 3075
4 3076 3077 3078 3079
4 3080 3081 3082 3083
4 3084 3085 3086 3087
4 3088 3089 3090 3091
4 3092 3093 3094 3095
4 3096 3097 3098 3099
4 3100 3101 3102 3103
4 3104 3105 3106 3107
4 3108 3109 3110 3111
4 3112 3113 3114 3115
4 3116 3117 3118 3119
4 3120 3121 3122 3123
4 3124 3125 3126 3127
4 3128 3129 3130 3131
4 3132 3133 3134 3135
4 3136 3137 3138 3139
4 3140 3141 3142 3143
4 3144 3145 3146 3147
4 3148 3149 3150 3151
4 3152 3153 3154 3155
4 3156 3157 3158 3159
4 3160 3161 3162 3163
4 3164 3165 3166 3167
4 3168 3169 3170 3171
4 3172 3173 3174 3175
4 3176 3177 3178 3179
4 3180 3181 3182 3183
4 3184 3185 3186 3187
4 3188 3189 3190 3191
4 3192 3193 3194 3195
4 3196 3197 3198 3199
4 3200 3201 3202 3203
4 3204 3205 3206 3207
4 3208 3209 3210 3211
4 3212 3213 3214 3215
4 3216 3217 3218 3219
4 3220 3221 3222 3223
4 3224 3225 3226 3227
4 3228 3229 3230 3231
4 3232 3233 3234 3235
4 3236 3237 3238 3239
4 3240 3241 3242 3243
4 3244 3245 3246 3247
4 3248 3249 3250 3251
4 3252 3253 3254 3255
4 3256 3257 3258 3259
4 3260 3261 3262 3263
4 3264 3265 3266 3267
4 3268 3269 3270 3271
4 3272 3273 3274 3275
4 3276 3277 3278 3279
4 3280 3281 3282 3283
4 3284 3285 3286 3287
4 3288 3289 3290 3291
4 3292 3293 3294 3295
4 3296 3297 3298 3299
4 3300 3301 3302 3303
4 3304 3305 3306 3307
4 3308 3309 3310 3311
4 3312 3313 3314 3315
4 3316 3317 3318 3319
4 3320 3321 3322 3323
4 3324 3325 3326 3327
4 3328 3329 3330 3331
4 3332 3333 3334 3335
4 3336 3337 3338 3339
4 3340 3341 3342 3343
4 3344 3345 3346 3347
4 3348 3349 3350 3351
4 3352 3353 3354 3355
4 3356 3357 3358 3359
4 3360 3361 3362 3363
4 3364 3365 3366 3367
4 3368 3369 3370 3371
4 3372 3373 3374 3375
4 3376 3377 3378 3379
4 3380 3381 3382 3383
4 3384 3385 3386 3387
4 3388 3389 3390 3391
4 3392 3393 3394 3395
4 3396 3397 3398 3399
4 3400 3401 3402 3403
4 3404 3405 3406 3407
4 3408 3409 3410 3411
4 3412 3413 3414 3415
4 3416 3417 3418 3419
4 3420 3421 3422 3423
4 3424 3425 3426 3427
4 3428 3429 3430 3431
4 3432 3433 3434 3435
4 3436 3437 3438 3439
4 3440 3441 3442 3443
4 3444 3445 3446 3447
4 3448 3449 3450 3451
4 3452 3453 3454 3455
4 3456 3457 3458 3459
4 3460 3461 3462 3463
4 3464 3465 3466 3467
4 3468 3469 3470 3471
4 3472 3473 3474 3475
4 3476 3477 3478 3479
4 3480 3481 3482 3483
4 3484 3485 3486 3487
4 3488 3489 3490 3491
4 3492 3493 3494 3495
4 3496 3497 3498 3499
4 3500 3501 3502 3503
4 3504 3505 3506 3507
4 3508 3509 3510 3511
4 3512 3513 3514 3515
4 3516 3517 3518 3519
4 3520 3521 3522 3523
4 3524 3525 3526 3527
4 3528 3529 3530 3531
4 3532 3533 3534 3535
4 3536 3537 3538 3539
4 3540 3541 3542 3543
4 3544 3545 3546 3547
4 3548 3549 3550 3551
4 3552 3553 3554 3555
4 3556 3557 3558 3559
4 3560 3561 3562 3563
4 3564 3565 3566 3567
4 3568 3569 3570 3571
4 3572 3573 3574 3575
4 3576 3577 3578 3579
4 3580 3581 3582 3583
4 3584 3585 3586 3587
4 3588 3589 3590 3591
4 3592 3593 3594 3595
4 3596 3597 3598 3599
4 3600 3601 3602 3603
4 3604 3605 3606 3607
4 3608 3609 3610 3611
4 3612 3613 3614 3615
4 3616 3617 3618 3619
4 3620 3621 3622 3623
4 3624 3625 3626 3627
4 3628 3629 3630 3631
4 3632 3633 3634 3635
4 3636 3637 3638 3639
4 3640 3641 3642 3643
4 3644 3645 3646 3647
4 3648 3649 3650 3651
4 3652 3653 3654 3655
4 3656 3657 3658 3659
4 3660 3661 3662 3663
4 3664 3665 3666 3667
4 3668 3669 3670 3671
4 3672 3673 3674 3675
4 3676 3677 3678 3679
4 3680 3681 3682 3683
4 3684 3685 3686 3687
4 3688 3689 3690 3691
4 3692 3693 3694 3695
CELL_TYPES 924
9
9
9
9
9
9
9
9
9
9
9
9
9
9
9
9
9
9
9
9
9
9
9
9
9
9
9
9
9
9
9
9
9
9
9
9
9
9
9
9
9
9
9
9
9
9
9
9
9
9
9
9
9
9
9
9
9
9
9
9
9
9
9
9
9
9
9
9
9
9
9
9
9
9
9
9
9
9
9
9
9
9
9
9
9
9
9
9
9
9
9
9
9
9
9
9
9
9
9
9
9
9
9
9
9
9
9
9
9
9
9
9
9
9
9
9
9
9
9
9
9
9
9
9
9
9
9
9
9
9
9
9
9
9
9
9
9
9
9
9
9
9
9
9
9
9
9
9
9
9
9
9
9
9
9
9
9
9
9
9
9
9
9
9
9
9
9
9
9
9
9
9
9
9
9
9
9
9
9
9
9
9
9
9
9
9
9
9
9
9
9
9
9
9
9
9
9
9
9
9
9
9
9
9
9
9
9
9
9
9
9
9
9
9
9
9
9
9
9
9
9
9
9
9
9
9
9
9
9
9
9
9
9
9
9
9
9
9
9
9
9
9
9
9
9
9
9
9
9
9
9
9
9
9
9
9
9
9
9
9
9
9
9
9
9
9
9
9
9
9
9
9
9
9
9
9
9
9
9
9
9
9
9
9
9
9
9
9
9
9
9
9
9
9
9
9
9
9
9
9
9
9
9
9
9
9
9
9
9
9
9
9
9
9
9
9
9
9
9
9
9
9
9
9
9
9
9
9
9
9
9
9
9
9
9
9
9
9
9
9
9
9
9
9
9
9
9
9
9
9
9
9
9
9
9
9
9
9
9
9
9
9
9
9
9
9
9
9
9
9
9
9
9
9
9
9
9
9
9
9
9
9
9
9
9
9
9
9
9
9
9
9
9
9
9
9
9
9
9
9
9
9
9
9
9
9
9
9
9
9
9
9
9
9
9
9
9
9
9
9
9
9
9
9
9
9
9
9
9
9
9
9
9
9
9
9
9
9
9
9
9
9
9
9
9
9
9
9
9
9
9
9
9
9
9
9
9
9
9
9
9
9
9
9
9
9
9
9
9
9
9
9
9
9
9
9
9
9
9
9
9
9
9
9
9
9
9
9
9
9
9
9
9
9
9
9
9
9
9
9
9
9
9
9
9
9
9
9
9
9
9
9
9
9
9
9
9
9
9
9
9
9
9
9
9
9
9
9
9
9
9
9
9
9
9
9
9
9
9
9
9
9
9
9
9
9
9
9
9
9
9
9
9
9
9
9
9
9
9
9
9
9
9
9
9
9
9
9
9
9
9
9
9
9
9
9
9
9
9
9
9
9
9
9
9
9
9
9
9
9
9
9
9
9
9
9
9
9
9
9
9
9
9
9
9
9
9
9
9
9
9
9
9
9
9
9
9
9
9
9
9
9
9
9
9
9
9
9
9
9
9
9
9
9
9
9
9
9
9
9
9
9
9
9
9
9
9
9
9
9
9
9
9
9
9
9
9
9
9
9
9
9
9
9
9
9
9
9
9
9
9
9
9
9
9
9
9
9
9
9
9
9
9
9
9
9
9
9
9
9
9
9
9
9
9
9
9
9
9
9
9
9
9
9
9
9
9
9
9
9
9
9
9
9
9
9
9
9
9
9
9
9
9
9
9
9
9
9
9
9
9
9
9
9
9
9
9
9
9
9
9
9
9
9
9
9
9
9
9
9
9
9
9
9
9
9
9
9
9
9
9
9
9
9
9
9
9
9
9
9
9
9
9
9
9
9
9
9
9
9
9
9
9
9
9
9
9
9
9
9
9
9
9
9
9
9
9
9
9
9
9
9
9
9
9
9
9
9
9
9
9
9
9
9
9
9
9
9
9
9
9
9
9
9
9
9
9
9
9
9
9
9
9
9
9
9
9
9
9
9
9
9
9
9
9
9
9
9
9
9
9
9
9
9
9
9
9
9
9
9
9
9
9
9
9
9
9
9
9
9
9
9
9
9
9
9
9
9
9
9
9
9
9
9
9
9
9
9
9
9
9
9
9
9
9
9
9
9
9
9
9
9
9
9
9
9
9
9
9
9
9
9
9
9
9
9
9
9
9
9
9
9
9
9
CELL_DATA 924
SCALARS area double 1
LOOKUP_TABLE default
1.47699e-05
1.49382e-05
1.5049e-05
1.51201e-05
1.47426e-05
1.32065e-05
1.50316e-05
1.49439e-05
1.48879e-05
1.48542e-05
2.43954e-05
2.46848e-05
2.49071e-05
2.50781e-05
2.45828e-05
2.05427e-05
2.50338e-05
2.47627e-05
2.46296e-05
2.45426e-05
2.61753e-05
2.65082e-05
2.68043e-05
2.70685e-05
2.6708e-05
2.04368e-05
2.71451e-05
2.67203e-05
2.65086e-05
2.63609e-05
2.73205e-05
2.76515e-05
2.79631e-05
2.82609e-05
2.80428e-05
1.97828e-05
2.83836e-05
2.79364e-05
2.76952e-05
2.75224e-05
2.82655e-05
2.85541e-05
2.88259e-05
2.90971e-05
2.89819e-05
1.89981e-05
2.91822e-05
2.8821e-05
2.86078e-05
2.8452e-05
2.9008e-05
2.9255e-05
2.94866e-05
2.97273e-05
2.96865e-05
1.81951e-05
2.9795e-05
2.95053e-05
2.93187e-05
2.91793e-05
2.95332e-05
2.97413e-05
2.99352e-05
3.01452e-05
3.0158e-05
1.74318e-05
3.02066e-05
2.99777e-05
2.98152e-05
2.9691e-05
2.98967e-05
3.007e-05
3.02302e-05
3.04112e-05
3.04589e-05
1.67616e-05
3.0469e-05
3.02897e-05
3.01497e-05
3.00403e-05
3.00636e-05
3.02068e-05
3.03386e-05
3.04937e-05
3.05641e-05
1.61568e-05
3.05458e-05
3.04069e-05
3.02875e-05
3.01925e-05
3.00604e-05
3.01777e-05
3.02855e-05
3.04181e-05
3.05023e-05
1.56144e-05
3.04629e-05
3.03571e-05
3.02561e-05
3.01745e-05
2.98804e-05
2.99757e-05
3.00639e-05
3.01773e-05
3.02701e-05
1.51099e-05
3.02127e-05
3.01336e-05
3.00492e-05
2.998e-05
2.95795e-05
2.96567e-05
2.97294e-05
2.9827e-05
2.99243e-05
1.46326e-05
2.98477e-05
2.97901e-05
2.97211e-05
2.9664e-05
2.91194e-05
2.91814e-05
2.92418e-05
2.93264e-05
2.94261e-05
1.41262e-05
2.93321e-05
2.92912e-05
2.92357e-05
2.91894e-05
2.85132e-05
2.85619e-05
2.86115e-05
2.86844e-05
2.87849e-05
1.35853e-05
2.8681e-05
2.8653e-05
2.86083e-05
2.85709e-05
2.78173e-05
2.78549e-05
2.78953e-05
2.79574e-05
2.80555e-05
1.30276e-05
2.79476e-05
2.7929e-05
2.78936e-05
2.78638e-05
2.70021e-05
2.70304e-05
2.70632e-05
2.71159e-05
2.72108e-05
1.24407e-05
2.71024e-05
2.70907e-05
2.70627e-05
2.70392e-05
2.60896e-05
2.61098e-05
2.61358e-05
2.61799e-05
2.62705e-05
1.18374e-05
2.61662e-05
2.61596e-05
2.61374e-05
2.61188e-05
2.50863e-05
2.51e-05
2.51203e-05
2.51564e-05
2.52409e-05
1.1219e-05
2.5144e-05
2.51409e-05
2.51235e-05
2.51089e-05
2.40394e-05
2.4048e-05
2.40637e-05
2.40931e-05
2.41716e-05
1.06086e-05
2.40817e-05
2.40811e-05
2.40676e-05
2.40564e-05
2.29236e-05
2.29282e-05
2.29399e-05
2.29631e-05
2.30345e-05
9.98791e-06
2.29541e-05
2.29552e-05
2.29447e-05
2.29361e-05
2.17538e-05
2.17549e-05
2.17622e-05
2.17796e-05
2.18426e-05
9.38499e-06
2.1775e-05
2.17761e-05
2.17676e-05
2.17614e-05
2.05775e-05
2.05776e-05
2.05827e-05
2.05962e-05
2.06512e-05
8.80908e-06
2.05929e-05
2.05949e-05
2.05883e-05
2.05835e-05
1.93725e-05
1.93719e-05
1.93752e-05
1.93854e-05
1.94331e-05
8.23305e-06
1.93835e-05
1.93861e-05
1.9381e-05
1.93772e-05
1.81609e-05
1.81598e-05
1.81618e-05
1.81691e-05
1.82094e-05
7.66534e-06
1.81686e-05
1.81715e-05
1.81676e-05
1.81646e-05
1.69458e-05
1.69444e-05
1.69452e-05
1.69501e-05
1.69834e-05
7.11125e-06
1.69509e-05
1.6954e-05
1.6951e-05
1.69487e-05
1.57679e-05
1.57663e-05
1.57664e-05
1.57693e-05
1.57962e-05
6.5822e-06
1.57709e-05
1.57741e-05
1.57718e-05
1.577e-05
1.46123e-05
1.46106e-05
1.46101e-05
1.46113e-05
1.46324e-05
6.07267e-06
1.46138e-05
1.4617e-05
1.46152e-05
1.46139e-05
1.35009e-05
1.34991e-05
1.34981e-05
1.34981e-05
1.35139e-05
5.59263e-06
1.35012e-05
1.35043e-05
1.3503e-05
1.35019e-05
1.24402e-05
1.24384e-05
1.24372e-05
1.24361e-05
1.24472e-05
5.13976e-06
1.24396e-05
1.24426e-05
1.24417e-05
1.24409e-05
1.09935e-05
1.09919e-05
1.09906e-05
1.09888e-05
1.09955e-05
4.53543e-06
1.09924e-05
1.09952e-05
1.09946e-05
1.09939e-05
2.53092e-06
2.53055e-06
2.53021e-06
2.52973e-06
2.53091e-06
1.04341e-06
2.53059e-06
2.53123e-06
2.53111e-06
2.53099e-06
2.03189e-06
2.03157e-06
2.03127e-06
2.03083e-06
2.03177e-06
8.38623e-07
2.03158e-06
2.03211e-06
2.03201e-06
2.0319e-06
1.98668e-06
1.98588e-06
1.98533e-06
1.98536e-06
1.99077e-06
8.60075e-07
1.98573e-06
1.9863e-06
1.98612e-06
1.98597e-06
1.93337e-06
1.9314e-06
1.93015e-06
1.93095e-06
1.94562e-06
9.18488e-07
1.93067e-06
1.93133e-06
1.931e-06
1.93078e-06
1.85052e-06
1.84672e-06
1.84436e-06
1.84628e-06
1.87526e-06
9.98221e-07
1.84497e-06
1.84577e-06
1.84523e-06
1.84491e-06
1.73905e-06
1.73227e-06
1.72802e-06
1.73144e-06
1.78199e-06
1.10287e-06
1.72868e-06
1.7297e-06
1.72887e-06
1.7284e-06
1.58908e-06
1.5774e-06
1.56999e-06
1.57584e-06
1.66131e-06
1.24286e-06
1.57066e-06
1.57205e-06
1.57076e-06
1.57007e-06
1.37846e-06
1.35623e-06
1.34189e-06
1.35267e-06
1.50926e-06
1.46875e-06
1.3425e-06
1.34469e-06
1.34243e-06
1.34127e-06
1.04684e-06
9.88736e-07
9.49604e-07
9.78104e-07
1.34992e-06
1.94153e-06
9.50007e-07
9.5525e-07
9.49489e-07
9.46583e-07
4.04101e-07
3.71837e-07
3.49383e-07
3.64931e-07
5.60654e-07
8.85022e-07
3.49193e-07
3.52108e-07
3.48958e-07
3.47385e-07
1.48088e-05
2.44408e-05
2.62073e-05
2.7347e-05
2.82895e-05
2.90296e-05
2.95538e-05
2.99164e-05
3.00824e-05
3.0078e-05
2.98969e-05
2.95944e-05
2.91325e-05
2.85248e-05
2.78274e-05
2.7011e-05
2.60973e-05
2.50931e-05
2.40453e-05
2.29289e-05
2.17583e-05
2.05809e-05
1.93751e-05
1.81628e-05
1.69471e-05
1.57687e-05
1.46127e-05
1.35009e-05
1.24401e-05
1.09933e-05
2.53087e-06
2.03181e-06
1.98587e-06
1.93067e-06
1.84479e-06
1.72827e-06
1.56992e-06
1.34106e-06
9.46127e-07
3.47156e-07
9.22269e-06
6.6191e-06
6.06052e-06
6.42851e-06
1.02636e-05
2.01939e-05
7.94175e-06
4.43643e-06
4.38959e-06
4.11555e-06
2.34169e-06
1.92383e-09
1.47322e-09
1.27519e-09
1.37849e-09
2.27552e-09
3.89288e-09
7.88101e-10
7.29054e-10
7.46697e-10
6.98962e-10
6.33742e-10
1.47699e-05
1.49382e-05
1.5049e-05
1.51201e-05
1.47426e-05
1.32065e-05
1.50316e-05
1.49439e-05
1.48879e-05
1.48542e-05
2.43954e-05
2.46848e-05
2.49071e-05
2.50781e-05
2.45828e-05
2.05427e-05
2.50338e-05
2.47627e-05
2.46296e-05
2.45426e-05
2.61753e-05
2.65082e-05
2.68043e-05
2.70685e-05
2.6708e-05
2.04368e-05
2.71451e-05
2.67203e-05
2.65086e-05
2.63609e-05
2.73205e-05
2.76515e-05
2.79631e-05
2.82609e-05
2.80428e-05
1.97828e-05
2.83836e-05
2.79364e-05
2.76952e-05
2.75224e-05
2.82655e-05
2.85541e-05
2.88259e-05
2.90971e-05
2.89819e-05
1.89981e-05
2.91822e-05
2.8821e-05
2.86078e-05
2.8452e-05
2.9008e-05
2.9255e-05
2.94866e-05
2.97273e-05
2.96865e-05
1.81951e-05
2.9795e-05
2.95053e-05
2.93187e-05
2.91793e-05
2.95332e-05
2.97413e-05
2.99352e-05
3.01452e-05
3.0158e-05
1.74318e-05
3.02066e-05
2.99777e-05
2.98152e-05
2.9691e-05
2.98967e-05
3.007e-05
3.02302e-05
3.04112e-05
3.04589e-05
1.67616e-05
3.0469e-05
3.02897e-05
3.01497e-05
3.00403e-05
3.00636e-05
3.02068e-05
3.03386e-05
3.04937e-05
3.05641e-05
1.61568e-05
3.05458e-05
3.04069e-05
3.02875e-05
3.01925e-05
3.00604e-05
3.01777e-05
3.02855e-05
3.04181e-05
3.05023e-05
1.56144e-05
3.04629e-05
3.03571e-05
3.02561e-05
3.01745e-05
2.98804e-05
2.99757e-05
3.00639e-05
3.01773e-05
3.02701e-05
1.51099e-05
3.02127e-05
3.01336e-05
3.00492e-05
2.998e-05
2.95795e-05
2.96567e-05
2.97294e-05
2.9827e-05
2.99243e-05
1.46326e-05
2.98477e-05
2.97901e-05
2.97211e-05
2.9664e-05
2.91194e-05
2.91814e-05
2.92418e-05
2.93264e-05
2.94261e-05
1.41262e-05
2.93321e-05
2.92912e-05
2.92357e-05
2.91894e-05
2.85132e-05
2.85619e-05
2.86115e-05
2.86844e-05
2.87849e-05
1.35853e-05
2.8681e-05
2.8653e-05
2.86083e-05
2.85709e-05
2.78173e-05
2.78549e-05
2.78953e-05
2.79574e-05
2.80555e-05
1.30276e-05
2.79476e-05
2.7929e-05
2.78936e-05
2.78638e-05
2.70021e-05
2.70304e-05
2.70632e-05
2.71159e-05
2.72108e-05
1.24407e-05
2.71024e-05
2.70907e-05
2.70627e-05
2.70392e-05
2.60896e-05
2.61098e-05
2.61358e-05
2.61799e-05
2.62705e-05
1.18374e-05
2.61662e-05
2.61596e-05
2.61374e-05
2.61188e-05
2.50863e-05
2.51e-05
2.51203e-05
2.51564e-05
2.52409e-05
1.1219e-05
2.5144e-05
2.51409e-05
2.51235e-05
2.51089e-05
2.40394e-05
2.4048e-05
2.40637e-05
2.40931e-05
2.41716e-05
1.06086e-05
2.40817e-05
2.40811e-05
2.40676e-05
2.40564e-05
2.29236e-05
2.29282e-05
2.29399e-05
2.29631e-05
2.30345e-05
9.98791e-06
2.29541e-05
2.29552e-05
2.29447e-05
2.29361e-05
2.17538e-05
2.17549e-05
2.17622e-05
2.17796e-05
2.18426e-05
9.38499e-06
2.1775e-05
2.17761e-05
2.17676e-05
2.17614e-05
2.05775e-05
2.05776e-05
2.05827e-05
2.05962e-05
2.06512e-05
8.80908e-06
2.05929e-05
2.05949e-05
2.05883e-05
2.05835e-05
1.93725e-05
1.93719e-05
1.93752e-05
1.93854e-05
1.94331e-05
8.23305e-06
1.93835e-05
1.93861e-05
1.9381e-05
1.93772e-05
1.81609e-05
1.81598e-05
1.81618e-05
1.81691e-05
1.82094e-05
7.66534e-06
1.81686e-05
1.81715e-05
1.81676e-05
1.81646e-05
1.69458e-05
1.69444e-05
1.69452e-05
1.69501e-05
1.69834e-05
7.11125e-06
1.69509e-05
1.6954e-05
1.6951e-05
1.69487e-05
1.57679e-05
1.57663e-05
1.57664e-05
1.57693e-05
1.57962e-05
6.5822e-06
1.57709e-05
1.57741e-05
1.57718e-05
1.577e-05
1.46123e-05
1.46106e-05
1.46101e-05
1.46113e-05
1.46324e-05
6.07267e-06
1.46138e-05
1.4617e-05
1.46152e-05
1.46139e-05
1.35009e-05
1.34991e-05
1.34981e-05
1.34981e-05
1.35139e-05
5.59263e-06
1.35012e-05
1.35043e-05
1.3503e-05
1.35019e-05
1.24402e-05
1.24384e-05
1.24372e-05
1.24361e-05
1.24472e-05
5.13976e-06
1.24396e-05
1.24426e-05
1.24417e-05
1.24409e-05
1.09935e-05
1.09919e-05
1.09906e-05
1.09888e-05
1.09955e-05
4.53543e-06
1.09924e-05
1.09952e-05
1.09946e-05
1.09939e-05
2.53092e-06
2.53055e-06
2.53021e-06
2.52973e-06
2.53091e-06
1.04341e-06
2.53059e-06
2.53123e-06
2.53111e-06
2.53099e-06
2.03189e-06
2.03157e-06
2.03127e-06
2.03083e-06
2.03177e-06
8.38623e-07
2.03158e-06
2.03211e-06
2.03201e-06
2.0319e-06
1.98668e-06
1.98588e-06
1.98533e-06
1.98536e-06
1.99077e-06
8.60075e-07
1.98573e-06
1.9863e-06
1.98612e-06
1.98597e-06
1.93337e-06
1.9314e-06
1.93015e-06
1.93095e-06
1.94562e-06
9.18488e-07
1.93067e-06
1.93133e-06
1.931e-06
1.93078e-06
1.85052e-06
1.84672e-06
1.84436e-06
1.84628e-06
1.87526e-06
9.98221e-07
1.84497e-06
1.84577e-06
1.84523e-06
1.84491e-06
1.73905e-06
1.73227e-06
1.72802e-06
1.73144e-06
1.78199e-06
1.10287e-06
1.72868e-06
1.7297e-06
1.72887e-06
1.7284e-06
1.58908e-06
1.5774e-06
1.56999e-06
1.57584e-06
1.66131e-06
1.24286e-06
1.57066e-06
1.57205e-06
1.57076e-06
1.57007e-06
1.37846e-06
1.35623e-06
1.34189e-06
1.35267e-06
1.50926e-06
1.46875e-06
1.3425e-06
1.34469e-06
1.34243e-06
1.34127e-06
1.04684e-06
9.88736e-07
9.49604e-07
9.78104e-07
1.34992e-06
1.94153e-06
9.50007e-07
9.5525e-07
9.49489e-07
9.46583e-07
4.04101e-07
3.71837e-07
3.49383e-07
3.64931e-07
5.60654e-07
8.85022e-07
3.49193e-07
3.52108e-07
3.48958e-07
3.47385e-07
1.48088e-05
2.44408e-05
2.62073e-05
2.7347e-05
2.82895e-05
2.90296e-05
2.95538e-05
2.99164e-05
3.00824e-05
3.0078e-05
2.98969e-05
2.95944e-05
2.91325e-05
2.85248e-05
2.78274e-05
2.7011e-05
2.60973e-05
2.50931e-05
2.40453e-05
2.29289e-05
2.17583e-05
2.05809e-05
1.93751e-05
1.81628e-05
1.69471e-05
1.57687e-05
1.46127e-05
1.35009e-05
1.24401e-05
1.09933e-05
2.53087e-06
2.03181e-06
1.98587e-06
1.93067e-06
1.84479e-06
1.72827e-06
1.56992e-06
1.34106e-06
9.46127e-07
3.47156e-07
9.22269e-06
6.6191e-06
6.06052e-06
6.42851e-06
1.02636e-05
2.01939e-05
7.94175e-06
4.43643e-06
4.38959e-06
4.11555e-06
2.34169e-06
1.92383e-09
1.47322e-09
1.27519e-09
1.37849e-09
2.27552e-09
3.89288e-09
7.88101e-10
7.29054e-10
7.46697e-10
6.98962e-10
6.33742e-10
SCALARS mu double 1
LOOKUP_TABLE default
62.1536
8.86204e-12
67.7338
84.8178
88.7384
89.9102
89.8263
86.9666
74.7125
49.4071
81.3895
70.9502
80.7083
88.3956
91.8826
93.2884
93.3187
90.6465
84.4043
75.8484
93.7364
90.2736
92.6509
95.7505
98.0184
99.5346
99.711
97.7986
94.6648
91.6043
103.812
102.157
102.734
104.039
105.503
106.925
107.162
105.778
103.985
102.587
113.287
112.08
112.02
112.538
113.478
114.662
114.907
113.916
112.82
112.144
122.706
121.423
120.998
121.066
121.616
122.558
122.816
122.158
121.521
121.3
132.255
130.62
129.9
129.638
129.859
130.57
130.854
130.502
130.232
130.387
141.828
139.789
138.813
138.277
138.202
138.705
139.019
138.955
139.006
139.489
151.125
148.953
147.773
146.997
146.651
146.969
147.317
147.524
147.863
148.614
160.485
158.169
156.81
155.816
155.219
155.374
155.757
156.22
156.822
157.809
169.969
167.48
165.949
164.753
163.923
163.933
164.353
165.056
165.901
167.109
179.597
176.919
175.222
173.836
172.789
172.674
173.123
174.051
175.125
176.542
189.407
186.545
184.681
183.113
181.862
181.639
182.113
183.252
184.543
186.166
199.546
196.446
194.397
192.648
191.206
190.89
191.383
192.72
194.223
196.065
210.334
206.698
204.425
202.497
200.88
200.487
200.989
202.508
204.22
206.314
221.477
217.321
214.815
212.711
210.932
210.476
210.98
212.667
214.582
216.936
233.001
228.337
225.606
223.338
221.414
220.908
221.408
223.246
225.349
227.952
244.891
239.752
236.816
234.406
232.364
231.822
232.311
234.272
236.541
239.369
257.121
251.571
248.459
245.932
243.798
243.234
243.705
245.763
248.171
251.193
269.745
263.812
260.552
257.941
255.747
255.175
255.625
257.745
260.26
263.444
282.809
276.466
273.085
270.426
268.213
267.642
268.069
270.21
272.794
276.115
296.12
289.493
286.034
283.359
281.163
280.607
281.009
283.136
285.752
289.16
309.658
302.842
299.353
296.701
294.557
294.026
294.401
296.478
299.085
302.529
323.324
316.42
312.953
310.367
308.32
307.823
308.17
310.153
312.704
316.128
336.997
330.085
326.685
324.207
322.295
321.839
322.159
324.009
326.46
329.817
350.467
343.604
340.311
337.977
336.239
335.831
336.125
337.803
340.112
343.36
363.384
356.637
353.485
351.328
349.791
349.435
349.703
351.183
353.316
356.417
375.222
368.65
365.671
363.715
362.399
362.098
362.341
363.604
365.533
368.455
385.215
378.868
376.078
374.335
373.248
373.004
373.222
374.259
375.971
378.697
392.448
386.26
383.59
381.994
381.091
380.904
381.09
381.949
383.508
386.108
395.424
389.008
386.286
384.587
383.475
383.235
383.499
384.566
386.219
388.864
397.824
391.299
388.463
386.634
385.397
385.105
385.429
386.619
388.403
391.163
399.975
393.455
390.501
388.524
387.142
386.757
387.189
388.515
390.441
393.321
401.919
395.617
392.579
390.452
388.903
388.411
388.96
390.443
392.514
395.479
403.603
397.825
394.779
392.516
390.799
390.211
390.854
392.499
394.704
397.68
405.003
400.105
397.193
394.839
392.955
392.285
392.974
394.801
397.102
399.952
406.083
402.453
399.946
397.634
395.554
394.83
395.462
397.579
399.834
402.297
406.756
404.661
403.024
401.239
399.156
398.502
399.031
401.17
402.912
404.525
407.354
406.535
405.705
405.032
404.552
404.341
404.519
404.918
405.563
406.377
409.503
409.316
409.239
409.186
409.131
409.095
409.126
409.167
409.218
409.292
61.9352
81.1312
93.4263
103.447
112.867
122.232
131.73
141.268
150.581
159.957
169.453
179.093
188.916
199.063
209.827
220.951
232.457
244.33
256.55
269.166
282.223
295.532
309.074
322.749
336.435
349.919
362.853
374.71
384.723
391.974
394.959
397.362
399.521
401.48
403.186
404.614
405.73
406.453
407.137
409.414
-40.3586
-38.8199
-66.0242
-83.0666
-86.6731
-88.0887
-87.6038
-85.4068
-70.7828
-48.5295
-43.6129
409.403
409.358
409.29
409.236
409.22
409.211
409.203
409.213
409.275
409.355
409.385
59.7066
-1.26463e-11
64.9511
81.327
85.0921
86.2294
86.1501
83.406
71.6617
47.4114
78.1885
68.063
77.3884
84.7513
88.1006
89.4619
89.4914
86.9274
80.9505
72.774
90.0459
86.5904
88.8288
91.7887
93.9666
95.4306
95.5987
93.7659
90.7744
87.8775
99.7112
97.9686
98.4731
99.7088
101.113
102.484
102.708
101.384
99.6832
98.3895
108.786
107.451
107.339
107.817
108.716
109.856
110.086
109.141
108.112
107.519
117.791
116.362
115.895
115.938
116.462
117.366
117.608
116.983
116.398
116.248
126.902
125.115
124.36
124.085
124.293
124.976
125.24
124.908
124.677
124.893
136.004
133.82
132.817
132.28
132.205
132.687
132.979
132.922
132.999
133.531
144.799
142.495
141.301
140.537
140.203
140.507
140.83
141.031
141.381
142.167
153.621
151.199
149.84
148.871
148.3
148.447
148.802
149.244
149.842
150.848
162.534
159.971
158.458
157.302
156.511
156.52
156.907
157.575
158.4
159.608
171.562
168.847
167.186
165.855
164.861
164.751
165.164
166.042
167.079
168.476
180.741
177.883
176.075
174.577
173.393
173.18
173.615
174.69
175.926
177.507
190.217
187.165
185.193
183.529
182.168
181.865
182.317
183.576
185.007
186.785
200.31
196.767
194.591
192.764
191.24
190.864
191.323
192.749
194.373
196.382
210.725
206.705
204.317
202.328
200.654
200.218
200.678
202.26
204.069
206.316
221.483
217
214.406
212.268
210.46
209.976
210.43
212.151
214.134
216.608
232.569
227.654
224.874
222.606
220.689
220.172
220.615
222.447
224.582
227.261
243.955
238.67
235.732
233.359
231.359
230.82
231.246
233.166
235.426
238.28
255.69
250.066
246.996
244.548
242.496
241.948
242.353
244.328
246.683
249.683
267.819
261.829
258.655
256.167
254.098
253.552
253.934
255.925
258.34
261.46
280.158
273.923
270.684
268.186
266.136
265.604
265.96
267.935
270.376
273.569
292.684
286.297
283.039
280.567
278.57
278.061
278.391
280.316
282.743
285.96
305.307
298.865
295.638
293.234
291.329
290.851
291.155
292.989
295.357
298.547
317.919
311.497
308.343
306.044
304.268
303.828
304.106
305.813
308.083
311.2
330.332
323.981
320.936
318.777
317.164
316.768
317.021
318.567
320.7
323.706
342.226
336.008
333.103
331.112
329.687
329.339
329.569
330.928
332.894
335.754
353.127
347.093
344.356
342.554
341.335
341.038
341.244
342.402
344.175
346.862
362.343
356.535
353.977
352.374
351.368
351.124
351.306
352.255
353.825
356.326
369.062
363.404
360.956
359.487
358.649
358.459
358.611
359.397
360.83
363.215
371.938
366.02
363.508
361.934
360.894
360.653
360.882
361.87
363.398
365.842
374.26
368.207
365.574
363.869
362.708
362.419
362.706
363.813
365.473
368.038
376.345
370.267
367.509
365.659
364.358
363.98
364.371
365.611
367.411
370.102
378.235
372.335
369.486
367.486
366.023
365.545
366.049
367.44
369.385
372.169
379.879
374.448
371.58
369.445
367.82
367.251
367.845
369.393
371.471
374.277
381.255
376.633
373.88
371.652
369.864
369.218
369.857
371.583
373.759
376.457
382.326
378.884
376.507
374.311
372.333
371.635
372.222
374.23
376.37
378.71
383.006
381.008
379.449
377.749
375.762
375.131
375.623
377.66
379.319
380.859
383.608
382.822
382.025
381.377
380.915
380.707
380.872
381.253
381.874
382.659
385.686
385.508
385.435
385.383
385.33
385.293
385.32
385.36
385.409
385.48
59.4883
77.9303
89.7358
99.3465
108.366
117.317
126.376
135.445
144.255
153.093
162.019
171.058
180.25
189.734
199.804
210.199
220.939
232.009
243.384
255.111
267.233
279.57
292.1
304.732
317.357
329.784
341.695
352.614
361.851
368.589
371.473
373.798
375.891
377.797
379.463
380.866
381.973
382.703
383.392
385.597
-38.738
-37.25
-63.3263
-79.6616
-83.1222
-84.4832
-84.0195
-81.9138
-67.8971
-46.5697
-41.8586
385.589
385.546
385.481
385.429
385.414
385.404
385.396
385.405
385.465
385.541
385.571
