# vtk DataFile Version 3.0
Rotor blade panels
ASCII
DATASET UNSTRUCTURED_GRID
POINTS 3696 double
0.794458 1.46859 1.1429
0.79566 1.47067 1.13964
0.7935 1.47197 1.13934
0.79222 1.46975 1.14286
0.79566 1.47067 1.13964
0.797101 1.47316 1.13677
0.795036 1.47463 1.13622
0.7935 1.47197 1.13934
0.797101 1.47316 1.13677
0.798644 1.47584 1.13411
0.796682 1.47748 1.13334
0.795036 1.47463 1.13622
0.798644 1.47584 1.13411
0.800314 1.47873 1.13179
0.798459 1.48056 1.13078
0.796682 1.47748 1.13334
0.800314 1.47873 1.13179
0.802192 1.48198 1.13028
0.800453 1.48401 1.12903
0.798459 1.48056 1.13078
0.802192 1.48198 1.13028
0.803133 1.48361 1.13237
0.801404 1.48566 1.13107
0.800453 1.48401 1.12903
0.803133 1.48361 1.13237
0.801425 1.48065 1.13456
0.799567 1.48248 1.13344
0.801404 1.48566 1.13107
0.801425 1.48065 1.13456
0.799613 1.47752 1.13642
0.797645 1.47915 1.13553
0.799567 1.48248 1.13344
0.799613 1.47752 1.13642
0.797816 1.4744 1.13833
0.795746 1.47586 1.13771
0.797645 1.47915 1.13553
0.797816 1.4744 1.13833
0.796073 1.47138 1.14043
0.793909 1.47268 1.14009
0.795746 1.47586 1.13771
0.79222 1.46975 1.14286
0.7935 1.47197 1.13934
0.790192 1.47421 1.13913
0.788742 1.4717 1.14294
0.7935 1.47197 1.13934
0.795036 1.47463 1.13622
0.791912 1.47719 1.13578
0.790192 1.47421 1.13913
0.795036 1.47463 1.13622
0.796682 1.47748 1.13334
0.793749 1.48037 1.13268
0.791912 1.47719 1.13578
0.796682 1.47748 1.13334
0.798459 1.48056 1.13078
0.795718 1.48378 1.12993
0.793749 1.48037 1.13268
0.798459 1.48056 1.13078
0.800453 1.48401 1.12903
0.797901 1.48756 1.12797
0.795718 1.48378 1.12993
0.800453 1.48401 1.12903
0.801404 1.48566 1.13107
0.798815 1.48914 1.12997
0.797901 1.48756 1.12797
0.801404 1.48566 1.13107
0.799567 1.48248 1.13344
0.796765 1.48559 1.13247
0.798815 1.48914 1.12997
0.799567 1.48248 1.13344
0.797645 1.47915 1.13553
0.794657 1.48194 1.13477
0.796765 1.48559 1.13247
0.797645 1.47915 1.13553
0.795746 1.47586 1.13771
0.792581 1.47835 1.13719
0.794657 1.48194 1.13477
0.795746 1.47586 1.13771
0.793909 1.47268 1.14009
0.790578 1.47487 1.13985
0.792581 1.47835 1.13719
0.788742 1.4717 1.14294
0.790192 1.47421 1.13913
0.786906 1.47665 1.13921
0.785239 1.47377 1.14314
0.790192 1.47421 1.13913
0.791912 1.47719 1.13578
0.788848 1.48002 1.13578
0.786906 1.47665 1.13921
0.791912 1.47719 1.13578
0.793749 1.48037 1.13268
0.790907 1.48358 1.13265
0.788848 1.48002 1.13578
0.793749 1.48037 1.13268
0.795718 1.48378 1.12993
0.793093 1.48737 1.12988
0.790907 1.48358 1.13265
0.795718 1.48378 1.12993
0.797901 1.48756 1.12797
0.795477 1.4915 1.1279
0.793093 1.48737 1.12988
0.797901 1.48756 1.12797
0.798815 1.48914 1.12997
0.796318 1.49296 1.12991
0.795477 1.4915 1.1279
0.798815 1.48914 1.12997
0.796765 1.48559 1.13247
0.794041 1.48901 1.13237
0.796318 1.49296 1.12991
0.796765 1.48559 1.13247
0.794657 1.48194 1.13477
0.79173 1.48501 1.1347
0.794041 1.48901 1.13237
0.794657 1.48194 1.13477
0.792581 1.47835 1.13719
0.789456 1.48107 1.13718
0.79173 1.48501 1.1347
0.792581 1.47835 1.13719
0.790578 1.47487 1.13985
0.787259 1.47726 1.13991
0.789456 1.48107 1.13718
0.785239 1.47377 1.14314
0.786906 1.47665 1.13921
0.783633 1.47912 1.13941
0.781752 1.47586 1.14337
0.786906 1.47665 1.13921
0.788848 1.48002 1.13578
0.785788 1.48285 1.13602
0.783633 1.47912 1.13941
0.788848 1.48002 1.13578
0.790907 1.48358 1.13265
0.788057 1.48678 1.13295
0.785788 1.48285 1.13602
0.790907 1.48358 1.13265
0.793093 1.48737 1.12988
0.790446 1.49092 1.13026
0.788057 1.48678 1.13295
0.793093 1.48737 1.12988
0.795477 1.4915 1.1279
0.793013 1.49536 1.12838
0.790446 1.49092 1.13026
0.795477 1.4915 1.1279
0.796318 1.49296 1.12991
0.793779 1.49669 1.13041
0.793013 1.49536 1.12838
0.796318 1.49296 1.12991
0.794041 1.48901 1.13237
0.791298 1.49239 1.13274
0.793779 1.49669 1.13041
0.794041 1.48901 1.13237
0.79173 1.48501 1.1347
0.788799 1.48807 1.13499
0.791298 1.49239 1.13274
0.79173 1.48501 1.1347
0.789456 1.48107 1.13718
0.786339 1.4838 1.13741
0.788799 1.48807 1.13499
0.789456 1.48107 1.13718
0.787259 1.47726 1.13991
0.783955 1.47968 1.14012
0.786339 1.4838 1.13741
0.781752 1.47586 1.14337
0.783633 1.47912 1.13941
0.780317 1.48151 1.13962
0.778259 1.47795 1.14355
0.783633 1.47912 1.13941
0.785788 1.48285 1.13602
0.782646 1.48555 1.13629
0.780317 1.48151 1.13962
0.785788 1.48285 1.13602
0.788057 1.48678 1.13295
0.785086 1.48977 1.1333
0.782646 1.48555 1.13629
0.788057 1.48678 1.13295
0.790446 1.49092 1.13026
0.787639 1.49419 1.13072
0.785086 1.48977 1.1333
0.790446 1.49092 1.13026
0.793013 1.49536 1.12838
0.790353 1.4989 1.12896
0.787639 1.49419 1.13072
0.793013 1.49536 1.12838
0.793779 1.49669 1.13041
0.79106 1.50012 1.13101
0.790353 1.4989 1.12896
0.793779 1.49669 1.13041
0.791298 1.49239 1.13274
0.788418 1.49554 1.13321
0.79106 1.50012 1.13101
0.791298 1.49239 1.13274
0.788799 1.48807 1.13499
0.785766 1.49095 1.13535
0.788418 1.49554 1.13321
0.788799 1.48807 1.13499
0.786339 1.4838 1.13741
0.783154 1.48643 1.13769
0.785766 1.49095 1.13535
0.786339 1.4838 1.13741
0.783955 1.47968 1.14012
0.780617 1.48203 1.14033
0.783154 1.48643 1.13769
0.778259 1.47795 1.14355
0.780317 1.48151 1.13962
0.776966 1.48384 1.13982
0.774767 1.48003 1.14371
0.780317 1.48151 1.13962
0.782646 1.48555 1.13629
0.77943 1.48811 1.13659
0.776966 1.48384 1.13982
0.782646 1.48555 1.13629
0.785086 1.48977 1.1333
0.782001 1.49256 1.1337
0.77943 1.48811 1.13659
0.785086 1.48977 1.1333
0.787639 1.49419 1.13072
0.784679 1.4972 1.13124
0.782001 1.49256 1.1337
0.787639 1.49419 1.13072
0.790353 1.4989 1.12896
0.787505 1.5021 1.12961
0.784679 1.4972 1.13124
0.790353 1.4989 1.12896
0.79106 1.50012 1.13101
0.788166 1.50324 1.13169
0.787505 1.5021 1.12961
0.79106 1.50012 1.13101
0.788418 1.49554 1.13321
0.785403 1.49845 1.13374
0.788166 1.50324 1.13169
0.788418 1.49554 1.13321
0.785766 1.49095 1.13535
0.782634 1.49366 1.13577
0.785403 1.49845 1.13374
0.785766 1.49095 1.13535
0.783154 1.48643 1.13769
0.779905 1.48893 1.138
0.782634 1.49366 1.13577
0.783154 1.48643 1.13769
0.780617 1.48203 1.14033
0.777248 1.48433 1.14055
0.779905 1.48893 1.138
0.774767 1.48003 1.14371
0.776966 1.48384 1.13982
0.773581 1.48611 1.14003
0.771279 1.48212 1.14384
0.776966 1.48384 1.13982
0.77943 1.48811 1.13659
0.776142 1.49055 1.1369
0.773581 1.48611 1.14003
0.77943 1.48811 1.13659
0.782001 1.49256 1.1337
0.778806 1.49516 1.13414
0.776142 1.49055 1.1369
0.782001 1.49256 1.1337
0.784679 1.4972 1.13124
0.781571 1.49995 1.13181
0.778806 1.49516 1.13414
0.784679 1.4972 1.13124
0.787505 1.5021 1.12961
0.784471 1.50497 1.13032
0.781571 1.49995 1.13181
0.787505 1.5021 1.12961
0.788166 1.50324 1.13169
0.785095 1.50605 1.13243
0.784471 1.50497 1.13032
0.788166 1.50324 1.13169
0.785403 1.49845 1.13374
0.782249 1.50113 1.13433
0.785095 1.50605 1.13243
0.785403 1.49845 1.13374
0.782634 1.49366 1.13577
0.779401 1.49619 1.13622
0.782249 1.50113 1.13433
0.782634 1.49366 1.13577
0.779905 1.48893 1.138
0.776591 1.49133 1.13833
0.779401 1.49619 1.13622
0.779905 1.48893 1.138
0.777248 1.48433 1.14055
0.773849 1.48658 1.14077
0.776591 1.49133 1.13833
0.771279 1.48212 1.14384
0.773581 1.48611 1.14003
0.770167 1.48834 1.14025
0.767795 1.48423 1.14394
0.773581 1.48611 1.14003
0.776142 1.49055 1.1369
0.772787 1.49288 1.13725
0.770167 1.48834 1.14025
0.776142 1.49055 1.1369
0.778806 1.49516 1.13414
0.775507 1.49758 1.13462
0.772787 1.49288 1.13725
0.778806 1.49516 1.13414
0.781571 1.49995 1.13181
0.77832 1.50246 1.13243
0.775507 1.49758 1.13462
0.781571 1.49995 1.13181
0.784471 1.50497 1.13032
0.781258 1.50755 1.13109
0.77832 1.50246 1.13243
0.784471 1.50497 1.13032
0.785095 1.50605 1.13243
0.781844 1.50856 1.1332
0.781258 1.50755 1.13109
0.785095 1.50605 1.13243
0.782249 1.50113 1.13433
0.778954 1.50356 1.13495
0.781844 1.50856 1.1332
0.782249 1.50113 1.13433
0.779401 1.49619 1.13622
0.776064 1.49855 1.1367
0.778954 1.50356 1.13495
0.779401 1.49619 1.13622
0.776591 1.49133 1.13833
0.77321 1.49361 1.13867
0.776064 1.49855 1.1367
0.776591 1.49133 1.13833
0.773849 1.48658 1.14077
0.770421 1.48878 1.14099
0.77321 1.49361 1.13867
0.767795 1.48423 1.14394
0.770167 1.48834 1.14025
0.766727 1.49051 1.14047
0.764322 1.48635 1.14403
0.770167 1.48834 1.14025
0.772787 1.49288 1.13725
0.769372 1.49509 1.13762
0.766727 1.49051 1.14047
0.772787 1.49288 1.13725
0.775507 1.49758 1.13462
0.772109 1.49983 1.13514
0.769372 1.49509 1.13762
0.775507 1.49758 1.13462
0.77832 1.50246 1.13243
0.774935 1.50473 1.1331
0.772109 1.49983 1.13514
0.77832 1.50246 1.13243
0.781258 1.50755 1.13109
0.777873 1.50982 1.1319
0.774935 1.50473 1.1331
0.781258 1.50755 1.13109
0.781844 1.50856 1.1332
0.77842 1.51076 1.13398
0.777873 1.50982 1.1319
0.781844 1.50856 1.1332
0.778954 1.50356 1.13495
0.775524 1.50575 1.13559
0.77842 1.51076 1.13398
0.778954 1.50356 1.13495
0.776064 1.49855 1.1367
0.772629 1.50073 1.1372
0.775524 1.50575 1.13559
0.776064 1.49855 1.1367
0.77321 1.49361 1.13867
0.769767 1.49578 1.13903
0.772629 1.50073 1.1372
0.77321 1.49361 1.13867
0.770421 1.48878 1.14099
0.766966 1.49093 1.1412
0.769767 1.49578 1.13903
0.764322 1.48635 1.14403
0.766727 1.49051 1.14047
0.763256 1.49263 1.1407
0.760837 1.48844 1.14411
0.766727 1.49051 1.14047
0.769372 1.49509 1.13762
0.765904 1.49722 1.13799
0.763256 1.49263 1.1407
0.769372 1.49509 1.13762
0.772109 1.49983 1.13514
0.768639 1.50196 1.13566
0.765904 1.49722 1.13799
0.772109 1.49983 1.13514
0.774935 1.50473 1.1331
0.771456 1.50684 1.13377
0.768639 1.50196 1.13566
0.774935 1.50473 1.1331
0.777873 1.50982 1.1319
0.774374 1.51189 1.1327
0.771456 1.50684 1.13377
0.777873 1.50982 1.1319
0.77842 1.51076 1.13398
0.774885 1.51277 1.13475
0.774374 1.51189 1.1327
0.77842 1.51076 1.13398
0.775524 1.50575 1.13559
0.772003 1.50778 1.13621
0.774885 1.51277 1.13475
0.775524 1.50575 1.13559
0.772629 1.50073 1.1372
0.769122 1.50279 1.13768
0.772003 1.50778 1.13621
0.772629 1.50073 1.1372
0.769767 1.49578 1.13903
0.766273 1.49786 1.13938
0.769122 1.50279 1.13768
0.769767 1.49578 1.13903
0.766966 1.49093 1.1412
0.763481 1.49302 1.14142
0.766273 1.49786 1.13938
0.760837 1.48844 1.14411
0.763256 1.49263 1.1407
0.759748 1.49469 1.14092
0.757327 1.4905 1.1442
0.763256 1.49263 1.1407
0.765904 1.49722 1.13799
0.762386 1.49926 1.13836
0.759748 1.49469 1.14092
0.765904 1.49722 1.13799
0.768639 1.50196 1.13566
0.765107 1.50398 1.13617
0.762386 1.49926 1.13836
0.768639 1.50196 1.13566
0.771456 1.50684 1.13377
0.767905 1.50882 1.13441
0.765107 1.50398 1.13617
0.771456 1.50684 1.13377
0.774374 1.51189 1.1327
0.770794 1.51383 1.13345
0.767905 1.50882 1.13441
0.774374 1.51189 1.1327
0.774885 1.51277 1.13475
0.771271 1.51465 1.13547
0.770794 1.51383 1.13345
0.774885 1.51277 1.13475
0.772003 1.50778 1.13621
0.768414 1.5097 1.1368
0.771271 1.51465 1.13547
0.772003 1.50778 1.13621
0.769122 1.50279 1.13768
0.765559 1.50476 1.13815
0.768414 1.5097 1.1368
0.769122 1.50279 1.13768
0.766273 1.49786 1.13938
0.762732 1.49986 1.13972
0.765559 1.50476 1.13815
0.766273 1.49786 1.13938
0.763481 1.49302 1.14142
0.759959 1.49506 1.14163
0.762732 1.49986 1.13972
0.757327 1.4905 1.1442
0.759748 1.49469 1.14092
0.756211 1.4967 1.14115
0.753801 1.49253 1.14428
0.759748 1.49469 1.14092
0.762386 1.49926 1.13836
0.75883 1.50124 1.13872
0.756211 1.4967 1.14115
0.762386 1.49926 1.13836
0.765107 1.50398 1.13617
0.761526 1.50591 1.13666
0.75883 1.50124 1.13872
0.765107 1.50398 1.13617
0.767905 1.50882 1.13441
0.764294 1.5107 1.13502
0.761526 1.50591 1.13666
0.767905 1.50882 1.13441
0.770794 1.51383 1.13345
0.767144 1.51564 1.13418
0.764294 1.5107 1.13502
0.770794 1.51383 1.13345
0.771271 1.51465 1.13547
0.767591 1.51641 1.13615
0.767144 1.51564 1.13418
0.771271 1.51465 1.13547
0.768414 1.5097 1.1368
0.764768 1.51152 1.13736
0.767591 1.51641 1.13615
0.768414 1.5097 1.1368
0.765559 1.50476 1.13815
0.761947 1.50664 1.13859
0.764768 1.51152 1.13736
0.765559 1.50476 1.13815
0.762732 1.49986 1.13972
0.759154 1.5018 1.14005
0.761947 1.50664 1.13859
0.762732 1.49986 1.13972
0.759959 1.49506 1.14163
0.756411 1.49705 1.14184
0.759154 1.5018 1.14005
0.753801 1.49253 1.14428
0.756211 1.4967 1.14115
0.752641 1.49866 1.14138
0.750251 1.49452 1.14438
0.756211 1.4967 1.14115
0.75883 1.50124 1.13872
0.75523 1.50314 1.13908
0.752641 1.49866 1.14138
0.75883 1.50124 1.13872
0.761526 1.50591 1.13666
0.757892 1.50775 1.13714
0.75523 1.50314 1.13908
0.761526 1.50591 1.13666
0.764294 1.5107 1.13502
0.760621 1.51248 1.13562
0.757892 1.50775 1.13714
0.764294 1.5107 1.13502
0.767144 1.51564 1.13418
0.763424 1.51733 1.13487
0.760621 1.51248 1.13562
0.767144 1.51564 1.13418
0.767591 1.51641 1.13615
0.763842 1.51806 1.13679
0.763424 1.51733 1.13487
0.767591 1.51641 1.13615
0.764768 1.51152 1.13736
0.761062 1.51324 1.13789
0.763842 1.51806 1.13679
0.764768 1.51152 1.13736
0.761947 1.50664 1.13859
0.758286 1.50843 1.13902
0.761062 1.51324 1.13789
0.761947 1.50664 1.13859
0.759154 1.5018 1.14005
0.755535 1.50367 1.14037
0.758286 1.50843 1.13902
0.759154 1.5018 1.14005
0.756411 1.49705 1.14184
0.752829 1.49898 1.14206
0.755535 1.50367 1.14037
0.750251 1.49452 1.14438
0.752641 1.49866 1.14138
0.749046 1.50056 1.1416
0.746685 1.49647 1.14447
0.752641 1.49866 1.14138
0.75523 1.50314 1.13908
0.751595 1.50498 1.13942
0.749046 1.50056 1.1416
0.75523 1.50314 1.13908
0.757892 1.50775 1.13714
0.754214 1.50951 1.1376
0.751595 1.50498 1.13942
0.757892 1.50775 1.13714
0.760621 1.51248 1.13562
0.756895 1.51416 1.13619
0.754214 1.50951 1.1376
0.760621 1.51248 1.13562
0.763424 1.51733 1.13487
0.759643 1.51892 1.13553
0.756895 1.51416 1.13619
0.763424 1.51733 1.13487
0.763842 1.51806 1.13679
0.760035 1.5196 1.13741
0.759643 1.51892 1.13553
0.763842 1.51806 1.13679
0.761062 1.51324 1.13789
0.757307 1.51487 1.1384
0.760035 1.5196 1.13741
0.761062 1.51324 1.13789
0.758286 1.50843 1.13902
0.754582 1.51015 1.13944
0.757307 1.51487 1.1384
0.758286 1.50843 1.13902
0.755535 1.50367 1.14037
0.751881 1.50547 1.14069
0.754582 1.51015 1.13944
0.755535 1.50367 1.14037
0.752829 1.49898 1.14206
0.749223 1.50087 1.14226
0.751881 1.50547 1.14069
0.746685 1.49647 1.14447
0.749046 1.50056 1.1416
0.745424 1.50242 1.14182
0.743102 1.4984 1.14456
0.749046 1.50056 1.1416
0.751595 1.50498 1.13942
0.747925 1.50675 1.13976
0.745424 1.50242 1.14182
0.751595 1.50498 1.13942
0.754214 1.50951 1.1376
0.750492 1.5112 1.13805
0.747925 1.50675 1.13976
0.754214 1.50951 1.1376
0.756895 1.51416 1.13619
0.753117 1.51575 1.13674
0.750492 1.5112 1.13805
0.756895 1.51416 1.13619
0.759643 1.51892 1.13553
0.755802 1.5204 1.13617
0.753117 1.51575 1.13674
0.759643 1.51892 1.13553
0.760035 1.5196 1.13741
0.756169 1.52103 1.13799
0.755802 1.5204 1.13617
0.760035 1.5196 1.13741
0.757307 1.51487 1.1384
0.753501 1.51641 1.13889
0.756169 1.52103 1.13799
0.757307 1.51487 1.1384
0.754582 1.51015 1.13944
0.750837 1.5118 1.13984
0.753501 1.51641 1.13889
0.754582 1.51015 1.13944
0.751881 1.50547 1.14069
0.748194 1.50722 1.14099
0.750837 1.5118 1.13984
0.751881 1.50547 1.14069
0.749223 1.50087 1.14226
0.745591 1.50271 1.14247
0.748194 1.50722 1.14099
0.743102 1.4984 1.14456
0.745424 1.50242 1.14182
0.741773 1.50424 1.14205
0.739497 1.50029 1.14465
0.745424 1.50242 1.14182
0.747925 1.50675 1.13976
0.744218 1.50847 1.1401
0.741773 1.50424 1.14205
0.747925 1.50675 1.13976
0.750492 1.5112 1.13805
0.746725 1.51281 1.1385
0.744218 1.50847 1.1401
0.750492 1.5112 1.13805
0.753117 1.51575 1.13674
0.749285 1.51725 1.13728
0.746725 1.51281 1.1385
0.753117 1.51575 1.13674
0.755802 1.5204 1.13617
0.751901 1.52178 1.13679
0.749285 1.51725 1.13728
0.755802 1.5204 1.13617
0.756169 1.52103 1.13799
0.752245 1.52238 1.13854
0.751901 1.52178 1.13679
0.756169 1.52103 1.13799
0.753501 1.51641 1.13889
0.749646 1.51787 1.13937
0.752245 1.52238 1.13854
0.753501 1.51641 1.13889
0.750837 1.5118 1.13984
0.747049 1.51338 1.14024
0.749646 1.51787 1.13937
0.750837 1.5118 1.13984
0.748194 1.50722 1.14099
0.744472 1.50891 1.14131
0.747049 1.51338 1.14024
0.748194 1.50722 1.14099
0.745591 1.50271 1.14247
0.741932 1.50451 1.14268
0.744472 1.50891 1.14131
0.739497 1.50029 1.14465
0.741773 1.50424 1.14205
0.738105 1.50602 1.14229
0.735879 1.50216 1.14474
0.741773 1.50424 1.14205
0.744218 1.50847 1.1401
0.740483 1.51014 1.14044
0.738105 1.50602 1.14229
0.744218 1.50847 1.1401
0.746725 1.51281 1.1385
0.74292 1.51436 1.13894
0.740483 1.51014 1.14044
0.746725 1.51281 1.1385
0.749285 1.51725 1.13728
0.745408 1.51867 1.13782
0.74292 1.51436 1.13894
0.749285 1.51725 1.13728
0.751901 1.52178 1.13679
0.747946 1.52306 1.1374
0.745408 1.51867 1.13782
0.751901 1.52178 1.13679
0.752245 1.52238 1.13854
0.748269 1.52362 1.13907
0.747946 1.52306 1.1374
0.752245 1.52238 1.13854
0.749646 1.51787 1.13937
0.745747 1.51925 1.13984
0.748269 1.52362 1.13907
0.749646 1.51787 1.13937
0.747049 1.51338 1.14024
0.743229 1.51489 1.14066
0.745747 1.51925 1.13984
0.747049 1.51338 1.14024
0.744472 1.50891 1.14131
0.740728 1.51056 1.14166
0.743229 1.51489 1.14066
0.744472 1.50891 1.14131
0.741932 1.50451 1.14268
0.738259 1.50628 1.14293
0.740728 1.51056 1.14166
0.735879 1.50216 1.14474
0.738105 1.50602 1.14229
0.734416 1.50776 1.14252
0.732247 1.504 1.14483
0.738105 1.50602 1.14229
0.740483 1.51014 1.14044
0.736721 1.51175 1.14078
0.734416 1.50776 1.14252
0.740483 1.51014 1.14044
0.74292 1.51436 1.13894
0.739081 1.51584 1.13937
0.736721 1.51175 1.14078
0.74292 1.51436 1.13894
0.745408 1.51867 1.13782
0.74149 1.52001 1.13834
0.739081 1.51584 1.13937
0.745408 1.51867 1.13782
0.747946 1.52306 1.1374
0.743944 1.52426 1.13799
0.74149 1.52001 1.13834
0.747946 1.52306 1.1374
0.748269 1.52362 1.13907
0.744247 1.52479 1.13958
0.743944 1.52426 1.13799
0.748269 1.52362 1.13907
0.745747 1.51925 1.13984
0.741809 1.52057 1.1403
0.744247 1.52479 1.13958
0.745747 1.51925 1.13984
0.743229 1.51489 1.14066
0.739374 1.51635 1.14106
0.741809 1.52057 1.1403
0.743229 1.51489 1.14066
0.740728 1.51056 1.14166
0.736955 1.51216 1.14199
0.739374 1.51635 1.14106
0.740728 1.51056 1.14166
0.738259 1.50628 1.14293
0.734562 1.50801 1.14317
0.736955 1.51216 1.14199
0.732247 1.504 1.14483
0.734416 1.50776 1.14252
0.730701 1.50946 1.14276
0.728596 1.50582 1.14492
0.734416 1.50776 1.14252
0.736721 1.51175 1.14078
0.732928 1.51332 1.14112
0.730701 1.50946 1.14276
0.736721 1.51175 1.14078
0.739081 1.51584 1.13937
0.735206 1.51727 1.1398
0.732928 1.51332 1.14112
0.739081 1.51584 1.13937
0.74149 1.52001 1.13834
0.737529 1.52129 1.13885
0.735206 1.51727 1.1398
0.74149 1.52001 1.13834
0.743944 1.52426 1.13799
0.739893 1.52539 1.13855
0.737529 1.52129 1.13885
0.743944 1.52426 1.13799
0.744247 1.52479 1.13958
0.740175 1.52587 1.14006
0.739893 1.52539 1.13855
0.744247 1.52479 1.13958
0.741809 1.52057 1.1403
0.737826 1.52181 1.14074
0.740175 1.52587 1.14006
0.741809 1.52057 1.1403
0.739374 1.51635 1.14106
0.735481 1.51774 1.14145
0.737826 1.52181 1.14074
0.739374 1.51635 1.14106
0.736955 1.51216 1.14199
0.733148 1.5137 1.14232
0.735481 1.51774 1.14145
0.736955 1.51216 1.14199
0.734562 1.50801 1.14317
0.73084 1.5097 1.14341
0.733148 1.5137 1.14232
0.728596 1.50582 1.14492
0.730701 1.50946 1.14276
0.726969 1.51113 1.14299
0.724934 1.50761 1.14501
0.730701 1.50946 1.14276
0.732928 1.51332 1.14112
0.72911 1.51484 1.14146
0.726969 1.51113 1.14299
0.732928 1.51332 1.14112
0.735206 1.51727 1.1398
0.7313 1.51863 1.14022
0.72911 1.51484 1.14146
0.735206 1.51727 1.1398
0.737529 1.52129 1.13885
0.733532 1.5225 1.13934
0.7313 1.51863 1.14022
0.737529 1.52129 1.13885
0.739893 1.52539 1.13855
0.7358 1.52643 1.1391
0.733532 1.5225 1.13934
0.739893 1.52539 1.13855
0.740175 1.52587 1.14006
0.736062 1.52688 1.14053
0.7358 1.52643 1.1391
0.740175 1.52587 1.14006
0.737826 1.52181 1.14074
0.733808 1.52298 1.14115
0.736062 1.52688 1.14053
0.737826 1.52181 1.14074
0.735481 1.51774 1.14145
0.731557 1.51908 1.14182
0.733808 1.52298 1.14115
0.735481 1.51774 1.14145
0.733148 1.5137 1.14232
0.729318 1.5152 1.14262
0.731557 1.51908 1.14182
0.733148 1.5137 1.14232
0.73084 1.5097 1.14341
0.727099 1.51136 1.14363
0.729318 1.5152 1.14262
0.724934 1.50761 1.14501
0.726969 1.51113 1.14299
0.723215 1.51277 1.14322
0.721257 1.50938 1.1451
0.726969 1.51113 1.14299
0.72911 1.51484 1.14146
0.725266 1.51632 1.14178
0.723215 1.51277 1.14322
0.72911 1.51484 1.14146
0.7313 1.51863 1.14022
0.727362 1.51995 1.14063
0.725266 1.51632 1.14178
0.7313 1.51863 1.14022
0.733532 1.5225 1.13934
0.729497 1.52365 1.13982
0.727362 1.51995 1.14063
0.733532 1.5225 1.13934
0.7358 1.52643 1.1391
0.731665 1.5274 1.13963
0.729497 1.52365 1.13982
0.7358 1.52643 1.1391
0.736062 1.52688 1.14053
0.731908 1.52783 1.14098
0.731665 1.5274 1.13963
0.736062 1.52688 1.14053
0.733808 1.52298 1.14115
0.729753 1.52409 1.14156
0.731908 1.52783 1.14098
0.733808 1.52298 1.14115
0.731557 1.51908 1.14182
0.727601 1.52037 1.14217
0.729753 1.52409 1.14156
0.731557 1.51908 1.14182
0.729318 1.5152 1.14262
0.72546 1.51666 1.14292
0.727601 1.52037 1.14217
0.729318 1.5152 1.14262
0.727099 1.51136 1.14363
0.723336 1.51298 1.14385
0.72546 1.51666 1.14292
0.721257 1.50938 1.1451
0.723215 1.51277 1.14322
0.719444 1.51437 1.14345
0.71757 1.51112 1.14518
0.723215 1.51277 1.14322
0.725266 1.51632 1.14178
0.721399 1.51776 1.14211
0.719444 1.51437 1.14345
0.725266 1.51632 1.14178
0.727362 1.51995 1.14063
0.723396 1.52122 1.14104
0.721399 1.51776 1.14211
0.727362 1.51995 1.14063
0.729497 1.52365 1.13982
0.725429 1.52474 1.14029
0.723396 1.52122 1.14104
0.729497 1.52365 1.13982
0.731665 1.5274 1.13963
0.727492 1.52831 1.14014
0.725429 1.52474 1.14029
0.731665 1.5274 1.13963
0.731908 1.52783 1.14098
0.727717 1.5287 1.14142
0.727492 1.52831 1.14014
0.731908 1.52783 1.14098
0.729753 1.52409 1.14156
0.725666 1.52515 1.14195
0.727717 1.5287 1.14142
0.729753 1.52409 1.14156
0.727601 1.52037 1.14217
0.723618 1.5216 1.14252
0.725666 1.52515 1.14195
0.727601 1.52037 1.14217
0.72546 1.51666 1.14292
0.72158 1.51807 1.14321
0.723618 1.5216 1.14252
0.72546 1.51666 1.14292
0.723336 1.51298 1.14385
0.719556 1.51456 1.14405
0.72158 1.51807 1.14321
0.71757 1.51112 1.14518
0.719444 1.51437 1.14345
0.715656 1.51594 1.14367
0.713871 1.51285 1.14527
0.719444 1.51437 1.14345
0.721399 1.51776 1.14211
0.717511 1.51916 1.14243
0.715656 1.51594 1.14367
0.721399 1.51776 1.14211
0.723396 1.52122 1.14104
0.719404 1.52243 1.14143
0.717511 1.51916 1.14243
0.723396 1.52122 1.14104
0.725429 1.52474 1.14029
0.72133 1.52577 1.14075
0.719404 1.52243 1.14143
0.725429 1.52474 1.14029
0.727492 1.52831 1.14014
0.723284 1.52915 1.14063
0.72133 1.52577 1.14075
0.727492 1.52831 1.14014
0.727717 1.5287 1.14142
0.723491 1.52951 1.14183
0.723284 1.52915 1.14063
0.727717 1.5287 1.14142
0.725666 1.52515 1.14195
0.721549 1.52615 1.14232
0.723491 1.52951 1.14183
0.725666 1.52515 1.14195
0.723618 1.5216 1.14252
0.719609 1.52279 1.14285
0.721549 1.52615 1.14232
0.723618 1.5216 1.14252
0.72158 1.51807 1.14321
0.717678 1.51944 1.14348
0.719609 1.52279 1.14285
0.72158 1.51807 1.14321
0.719556 1.51456 1.14405
0.71576 1.51612 1.14426
0.717678 1.51944 1.14348
0.713871 1.51285 1.14527
0.715656 1.51594 1.14367
0.711849 1.51749 1.14389
0.710159 1.51456 1.14535
0.715656 1.51594 1.14367
0.717511 1.51916 1.14243
0.713599 1.52052 1.14274
0.711849 1.51749 1.14389
0.717511 1.51916 1.14243
0.719404 1.52243 1.14143
0.715384 1.52361 1.14182
0.713599 1.52052 1.14274
0.719404 1.52243 1.14143
0.72133 1.52577 1.14075
0.717199 1.52675 1.1412
0.715384 1.52361 1.14182
0.72133 1.52577 1.14075
0.723284 1.52915 1.14063
0.719038 1.52994 1.1411
0.717199 1.52675 1.1412
0.723284 1.52915 1.14063
0.723491 1.52951 1.14183
0.719228 1.53027 1.14223
0.719038 1.52994 1.1411
0.723491 1.52951 1.14183
0.721549 1.52615 1.14232
0.717399 1.5271 1.14268
0.719228 1.53027 1.14223
0.721549 1.52615 1.14232
0.719609 1.52279 1.14285
0.715572 1.52394 1.14316
0.717399 1.5271 1.14268
0.719609 1.52279 1.14285
0.717678 1.51944 1.14348
0.713753 1.52078 1.14374
0.715572 1.52394 1.14316
0.717678 1.51944 1.14348
0.71576 1.51612 1.14426
0.711944 1.51765 1.14445
0.713753 1.52078 1.14374
0.710159 1.51456 1.14535
0.711849 1.51749 1.14389
0.70803 1.51901 1.1441
0.706441 1.51625 1.14543
0.711849 1.51749 1.14389
0.713599 1.52052 1.14274
0.709671 1.52185 1.14305
0.70803 1.51901 1.1441
0.713599 1.52052 1.14274
0.715384 1.52361 1.14182
0.711343 1.52474 1.1422
0.709671 1.52185 1.14305
0.715384 1.52361 1.14182
0.717199 1.52675 1.1412
0.713043 1.52769 1.14163
0.711343 1.52474 1.1422
0.717199 1.52675 1.1412
0.719038 1.52994 1.1411
0.714764 1.53067 1.14156
0.713043 1.52769 1.14163
0.719038 1.52994 1.1411
0.719228 1.53027 1.14223
0.714938 1.53097 1.14262
0.714764 1.53067 1.14156
0.719228 1.53027 1.14223
0.717399 1.5271 1.14268
0.713225 1.528 1.14302
0.714938 1.53097 1.14262
0.717399 1.5271 1.14268
0.715572 1.52394 1.14316
0.711515 1.52504 1.14347
0.713225 1.528 1.14302
0.715572 1.52394 1.14316
0.713753 1.52078 1.14374
0.709811 1.52209 1.144
0.711515 1.52504 1.14347
0.713753 1.52078 1.14374
0.711944 1.51765 1.14445
0.708117 1.51916 1.14464
0.709811 1.52209 1.144
0.706441 1.51625 1.14543
0.70803 1.51901 1.1441
0.704198 1.5205 1.14431
0.702713 1.51793 1.14551
0.70803 1.51901 1.1441
0.709671 1.52185 1.14305
0.705725 1.52315 1.14334
0.704198 1.5205 1.14431
0.709671 1.52185 1.14305
0.711343 1.52474 1.1422
0.70728 1.52584 1.14257
0.705725 1.52315 1.14334
0.711343 1.52474 1.1422
0.713043 1.52769 1.14163
0.70886 1.52858 1.14206
0.70728 1.52584 1.14257
0.713043 1.52769 1.14163
0.714764 1.53067 1.14156
0.71046 1.53135 1.14201
0.70886 1.52858 1.14206
0.714764 1.53067 1.14156
0.714938 1.53097 1.14262
0.710617 1.53162 1.14299
0.71046 1.53135 1.14201
0.714938 1.53097 1.14262
0.713225 1.528 1.14302
0.709026 1.52886 1.14335
0.710617 1.53162 1.14299
0.713225 1.528 1.14302
0.711515 1.52504 1.14347
0.707436 1.52611 1.14376
0.709026 1.52886 1.14335
0.711515 1.52504 1.14347
0.709811 1.52209 1.144
0.705852 1.52337 1.14424
0.707436 1.52611 1.14376
0.709811 1.52209 1.144
0.708117 1.51916 1.14464
0.704276 1.52064 1.14481
0.705852 1.52337 1.14424
0.702713 1.51793 1.14551
0.704198 1.5205 1.14431
0.70035 1.52197 1.14451
0.698975 1.51959 1.14559
0.704198 1.5205 1.14431
0.705725 1.52315 1.14334
0.70176 1.52442 1.14364
0.70035 1.52197 1.14451
0.705725 1.52315 1.14334
0.70728 1.52584 1.14257
0.703194 1.5269 1.14294
0.70176 1.52442 1.14364
0.70728 1.52584 1.14257
0.70886 1.52858 1.14206
0.704652 1.52942 1.14247
0.703194 1.5269 1.14294
0.70886 1.52858 1.14206
0.71046 1.53135 1.14201
0.706126 1.53198 1.14244
0.704652 1.52942 1.14247
0.71046 1.53135 1.14201
0.710617 1.53162 1.14299
0.706268 1.53222 1.14334
0.706126 1.53198 1.14244
0.710617 1.53162 1.14299
0.709026 1.52886 1.14335
0.7048 1.52968 1.14367
0.706268 1.53222 1.14334
0.709026 1.52886 1.14335
0.707436 1.52611 1.14376
0.703335 1.52714 1.14404
0.7048 1.52968 1.14367
0.707436 1.52611 1.14376
0.705852 1.52337 1.14424
0.701874 1.52461 1.14447
0.703335 1.52714 1.14404
0.705852 1.52337 1.14424
0.704276 1.52064 1.14481
0.700419 1.52209 1.14498
0.701874 1.52461 1.14447
0.698975 1.51959 1.14559
0.70035 1.52197 1.14451
0.696492 1.52343 1.14471
0.695231 1.52124 1.14567
0.70035 1.52197 1.14451
0.70176 1.52442 1.14364
0.697781 1.52566 1.14392
0.696492 1.52343 1.14471
0.70176 1.52442 1.14364
0.703194 1.5269 1.14294
0.699092 1.52793 1.14329
0.697781 1.52566 1.14392
0.703194 1.5269 1.14294
0.704652 1.52942 1.14247
0.700424 1.53024 1.14288
0.699092 1.52793 1.14329
0.704652 1.52942 1.14247
0.706126 1.53198 1.14244
0.701771 1.53257 1.14286
0.700424 1.53024 1.14288
0.706126 1.53198 1.14244
0.706268 1.53222 1.14334
0.701897 1.53279 1.14368
0.701771 1.53257 1.14286
0.706268 1.53222 1.14334
0.7048 1.52968 1.14367
0.700556 1.53046 1.14398
0.701897 1.53279 1.14368
0.7048 1.52968 1.14367
0.703335 1.52714 1.14404
0.699218 1.52815 1.1443
0.700556 1.53046 1.14398
0.703335 1.52714 1.14404
0.701874 1.52461 1.14447
0.697883 1.52583 1.14469
0.699218 1.52815 1.1443
0.701874 1.52461 1.14447
0.700419 1.52209 1.14498
0.696554 1.52353 1.14515
0.697883 1.52583 1.14469
0.695231 1.52124 1.14567
0.696492 1.52343 1.14471
0.692622 1.52486 1.1449
0.691479 1.52288 1.14574
0.696492 1.52343 1.14471
0.697781 1.52566 1.14392
0.693787 1.52688 1.1442
0.692622 1.52486 1.1449
0.697781 1.52566 1.14392
0.699092 1.52793 1.14329
0.694972 1.52893 1.14364
0.693787 1.52688 1.1442
0.699092 1.52793 1.14329
0.700424 1.53024 1.14288
0.696174 1.53101 1.14327
0.694972 1.52893 1.14364
0.700424 1.53024 1.14288
0.701771 1.53257 1.14286
0.69739 1.53312 1.14327
0.696174 1.53101 1.14327
0.701771 1.53257 1.14286
0.701897 1.53279 1.14368
0.697501 1.53331 1.14401
0.69739 1.53312 1.14327
0.701897 1.53279 1.14368
0.700556 1.53046 1.14398
0.696291 1.53121 1.14427
0.697501 1.53331 1.14401
0.700556 1.53046 1.14398
0.699218 1.52815 1.1443
0.695082 1.52912 1.14456
0.696291 1.53121 1.14427
0.699218 1.52815 1.1443
0.697883 1.52583 1.14469
0.693877 1.52703 1.1449
0.695082 1.52912 1.14456
0.697883 1.52583 1.14469
0.696554 1.52353 1.14515
0.692676 1.52495 1.1453
0.693877 1.52703 1.1449
0.691479 1.52288 1.14574
0.692622 1.52486 1.1449
0.688906 1.52621 1.14507
0.687881 1.52444 1.14581
0.692622 1.52486 1.1449
0.693787 1.52688 1.1442
0.68995 1.52802 1.14445
0.688906 1.52621 1.14507
0.693787 1.52688 1.1442
0.694972 1.52893 1.14364
0.69101 1.52986 1.14396
0.68995 1.52802 1.14445
0.694972 1.52893 1.14364
0.696174 1.53101 1.14327
0.692087 1.53172 1.14364
0.69101 1.52986 1.14396
0.696174 1.53101 1.14327
0.69739 1.53312 1.14327
0.693174 1.5336 1.14364
0.692087 1.53172 1.14364
0.69739 1.53312 1.14327
0.697501 1.53331 1.14401
0.693272 1.53377 1.14431
0.693174 1.5336 1.14364
0.697501 1.53331 1.14401
0.696291 1.53121 1.14427
0.692189 1.5319 1.14453
0.693272 1.53377 1.14431
0.696291 1.53121 1.14427
0.695082 1.52912 1.14456
0.691107 1.53002 1.14478
0.692189 1.5319 1.14453
0.695082 1.52912 1.14456
0.693877 1.52703 1.1449
0.690028 1.52816 1.14508
0.691107 1.53002 1.14478
0.693877 1.52703 1.1449
0.692676 1.52495 1.1453
0.688953 1.52629 1.14543
0.690028 1.52816 1.14508
0.687881 1.52444 1.14581
0.688906 1.52621 1.14507
0.687971 1.52648 1.14512
0.686982 1.52476 1.14583
0.688906 1.52621 1.14507
0.68995 1.52802 1.14445
0.688978 1.52822 1.14453
0.687971 1.52648 1.14512
0.68995 1.52802 1.14445
0.69101 1.52986 1.14396
0.690002 1.52999 1.14405
0.688978 1.52822 1.14453
0.69101 1.52986 1.14396
0.692087 1.53172 1.14364
0.691041 1.53179 1.14374
0.690002 1.52999 1.14405
0.692087 1.53172 1.14364
0.693174 1.5336 1.14364
0.69209 1.53361 1.14375
0.691041 1.53179 1.14374
0.693174 1.5336 1.14364
0.693272 1.53377 1.14431
0.692185 1.53377 1.1444
0.69209 1.53361 1.14375
0.693272 1.53377 1.14431
0.692189 1.5319 1.14453
0.691139 1.53196 1.14461
0.692185 1.53377 1.1444
0.692189 1.5319 1.14453
0.691107 1.53002 1.14478
0.690095 1.53016 1.14485
0.691139 1.53196 1.14461
0.691107 1.53002 1.14478
0.690028 1.52816 1.14508
0.689054 1.52835 1.14514
0.690095 1.53016 1.14485
0.690028 1.52816 1.14508
0.688953 1.52629 1.14543
0.688017 1.52656 1.14547
0.689054 1.52835 1.14514
0.686982 1.52476 1.14583
0.687971 1.52648 1.14512
0.68717 1.52663 1.14518
0.686217 1.52498 1.14586
0.687971 1.52648 1.14512
0.688978 1.52822 1.14453
0.68814 1.52831 1.14461
0.68717 1.52663 1.14518
0.688978 1.52822 1.14453
0.690002 1.52999 1.14405
0.689125 1.53002 1.14415
0.68814 1.52831 1.14461
0.690002 1.52999 1.14405
0.691041 1.53179 1.14374
0.690126 1.53175 1.14386
0.689125 1.53002 1.14415
0.691041 1.53179 1.14374
0.69209 1.53361 1.14375
0.691136 1.5335 1.14387
0.690126 1.53175 1.14386
0.69209 1.53361 1.14375
0.692185 1.53377 1.1444
0.691227 1.53366 1.14449
0.691136 1.5335 1.14387
0.692185 1.53377 1.1444
0.691139 1.53196 1.14461
0.690221 1.53191 1.14469
0.691227 1.53366 1.14449
0.691139 1.53196 1.14461
0.690095 1.53016 1.14485
0.689215 1.53017 1.14492
0.690221 1.53191 1.14469
0.690095 1.53016 1.14485
0.689054 1.52835 1.14514
0.688213 1.52843 1.1452
0.689215 1.53017 1.14492
0.689054 1.52835 1.14514
0.688017 1.52656 1.14547
0.687214 1.5267 1.14551
0.688213 1.52843 1.1452
0.686217 1.52498 1.14586
0.68717 1.52663 1.14518
0.686329 1.52671 1.14525
0.68542 1.52514 1.1459
0.68717 1.52663 1.14518
0.68814 1.52831 1.14461
0.687254 1.52831 1.14471
0.686329 1.52671 1.14525
0.68814 1.52831 1.14461
0.689125 1.53002 1.14415
0.688194 1.52994 1.14427
0.687254 1.52831 1.14471
0.689125 1.53002 1.14415
0.690126 1.53175 1.14386
0.689148 1.53159 1.14399
0.688194 1.52994 1.14427
0.690126 1.53175 1.14386
0.691136 1.5335 1.14387
0.690111 1.53326 1.144
0.689148 1.53159 1.14399
0.691136 1.5335 1.14387
0.691227 1.53366 1.14449
0.690198 1.53341 1.1446
0.690111 1.53326 1.144
0.691227 1.53366 1.14449
0.690221 1.53191 1.14469
0.689238 1.53175 1.14479
0.690198 1.53341 1.1446
0.690221 1.53191 1.14469
0.689215 1.53017 1.14492
0.68828 1.53009 1.14501
0.689238 1.53175 1.14479
0.689215 1.53017 1.14492
0.688213 1.52843 1.1452
0.687324 1.52843 1.14527
0.68828 1.53009 1.14501
0.688213 1.52843 1.1452
0.687214 1.5267 1.14551
0.686371 1.52678 1.14557
0.687324 1.52843 1.14527
0.68542 1.52514 1.1459
0.686329 1.52671 1.14525
0.685444 1.52672 1.14534
0.684588 1.52523 1.14595
0.686329 1.52671 1.14525
0.687254 1.52831 1.14471
0.686316 1.52823 1.14483
0.685444 1.52672 1.14534
0.687254 1.52831 1.14471
0.688194 1.52994 1.14427
0.687201 1.52976 1.14442
0.686316 1.52823 1.14483
0.688194 1.52994 1.14427
0.689148 1.53159 1.14399
0.6881 1.53132 1.14416
0.687201 1.52976 1.14442
0.689148 1.53159 1.14399
0.690111 1.53326 1.144
0.689007 1.53289 1.14417
0.6881 1.53132 1.14416
0.690111 1.53326 1.144
0.690198 1.53341 1.1446
0.689088 1.53303 1.14473
0.689007 1.53289 1.14417
0.690198 1.53341 1.1446
0.689238 1.53175 1.14479
0.688184 1.53146 1.14491
0.689088 1.53303 1.14473
0.689238 1.53175 1.14479
0.68828 1.53009 1.14501
0.687281 1.5299 1.14512
0.688184 1.53146 1.14491
0.68828 1.53009 1.14501
0.687324 1.52843 1.14527
0.686381 1.52834 1.14536
0.687281 1.5299 1.14512
0.687324 1.52843 1.14527
0.686371 1.52678 1.14557
0.685483 1.52679 1.14564
0.686381 1.52834 1.14536
0.684588 1.52523 1.14595
0.685444 1.52672 1.14534
0.684505 1.52663 1.14545
0.683713 1.52526 1.14601
0.685444 1.52672 1.14534
0.686316 1.52823 1.14483
0.685313 1.52803 1.14498
0.684505 1.52663 1.14545
0.686316 1.52823 1.14483
0.687201 1.52976 1.14442
0.686133 1.52945 1.1446
0.685313 1.52803 1.14498
0.687201 1.52976 1.14442
0.6881 1.53132 1.14416
0.686966 1.53089 1.14436
0.686133 1.52945 1.1446
0.6881 1.53132 1.14416
0.689007 1.53289 1.14417
0.687806 1.53235 1.14437
0.686966 1.53089 1.14436
0.689007 1.53289 1.14417
0.689088 1.53303 1.14473
0.687881 1.53248 1.14489
0.687806 1.53235 1.14437
0.689088 1.53303 1.14473
0.688184 1.53146 1.14491
0.687044 1.53103 1.14506
0.687881 1.53248 1.14489
0.688184 1.53146 1.14491
0.687281 1.5299 1.14512
0.686207 1.52958 1.14524
0.687044 1.53103 1.14506
0.687281 1.5299 1.14512
0.686381 1.52834 1.14536
0.685373 1.52813 1.14547
0.686207 1.52958 1.14524
0.686381 1.52834 1.14536
0.685483 1.52679 1.14564
0.684542 1.52669 1.14573
0.685373 1.52813 1.14547
0.683713 1.52526 1.14601
0.684505 1.52663 1.14545
0.683496 1.52642 1.14558
0.68278 1.52518 1.14609
0.684505 1.52663 1.14545
0.685313 1.52803 1.14498
0.684226 1.52769 1.14516
0.683496 1.52642 1.14558
0.685313 1.52803 1.14498
0.686133 1.52945 1.1446
0.684967 1.52897 1.14482
0.684226 1.52769 1.14516
0.686133 1.52945 1.1446
0.686966 1.53089 1.14436
0.685719 1.53027 1.1446
0.684967 1.52897 1.14482
0.686966 1.53089 1.14436
0.687806 1.53235 1.14437
0.686478 1.53159 1.14461
0.685719 1.53027 1.1446
0.687806 1.53235 1.14437
0.687881 1.53248 1.14489
0.686546 1.5317 1.14508
0.686478 1.53159 1.14461
0.687881 1.53248 1.14489
0.687044 1.53103 1.14506
0.685789 1.53039 1.14523
0.686546 1.5317 1.14508
0.687044 1.53103 1.14506
0.686207 1.52958 1.14524
0.685034 1.52909 1.1454
0.685789 1.53039 1.14523
0.686207 1.52958 1.14524
0.685373 1.52813 1.14547
0.68428 1.52778 1.1456
0.685034 1.52909 1.1454
0.685373 1.52813 1.14547
0.684542 1.52669 1.14573
0.683529 1.52648 1.14583
0.68428 1.52778 1.1456
0.68278 1.52518 1.14609
0.683496 1.52642 1.14558
0.682388 1.52604 1.14575
0.681767 1.52497 1.14619
0.683496 1.52642 1.14558
0.684226 1.52769 1.14516
0.68302 1.52714 1.14538
0.682388 1.52604 1.14575
0.684226 1.52769 1.14516
0.684967 1.52897 1.14482
0.683662 1.52825 1.14509
0.68302 1.52714 1.14538
0.684967 1.52897 1.14482
0.685719 1.53027 1.1446
0.684314 1.52938 1.14491
0.683662 1.52825 1.14509
0.685719 1.53027 1.1446
0.686478 1.53159 1.14461
0.684971 1.53052 1.14492
0.684314 1.52938 1.14491
0.686478 1.53159 1.14461
0.686546 1.5317 1.14508
0.68503 1.53062 1.14532
0.684971 1.53052 1.14492
0.686546 1.5317 1.14508
0.685789 1.53039 1.14523
0.684374 1.52948 1.14545
0.68503 1.53062 1.14532
0.685789 1.53039 1.14523
0.685034 1.52909 1.1454
0.68372 1.52835 1.1456
0.684374 1.52948 1.14545
0.685034 1.52909 1.1454
0.68428 1.52778 1.1456
0.683067 1.52722 1.14577
0.68372 1.52835 1.1456
0.68428 1.52778 1.1456
0.683529 1.52648 1.14583
0.682416 1.52609 1.14597
0.683067 1.52722 1.14577
0.681767 1.52497 1.14619
0.682388 1.52604 1.14575
0.681106 1.52536 1.14599
0.680614 1.52451 1.14633
0.682388 1.52604 1.14575
0.68302 1.52714 1.14538
0.681606 1.52623 1.1457
0.681106 1.52536 1.14599
0.68302 1.52714 1.14538
0.683662 1.52825 1.14509
0.682115 1.52711 1.14547
0.681606 1.52623 1.1457
0.683662 1.52825 1.14509
0.684314 1.52938 1.14491
0.682631 1.528 1.14532
0.682115 1.52711 1.14547
0.684314 1.52938 1.14491
0.684971 1.53052 1.14492
0.683151 1.5289 1.14533
0.682631 1.528 1.14532
0.684971 1.53052 1.14492
0.68503 1.53062 1.14532
0.683198 1.52898 1.14565
0.683151 1.5289 1.14533
0.68503 1.53062 1.14532
0.684374 1.52948 1.14545
0.682679 1.52808 1.14575
0.683198 1.52898 1.14565
0.684374 1.52948 1.14545
0.68372 1.52835 1.1456
0.68216 1.52719 1.14586
0.682679 1.52808 1.14575
0.68372 1.52835 1.1456
0.683067 1.52722 1.14577
0.681643 1.52629 1.146
0.68216 1.52719 1.14586
0.683067 1.52722 1.14577
0.682416 1.52609 1.14597
0.681128 1.5254 1.14616
0.681643 1.52629 1.146
0.680614 1.52451 1.14633
0.681106 1.52536 1.14599
0.679368 1.52389 1.14639
0.679093 1.52341 1.14658
0.681106 1.52536 1.14599
0.681606 1.52623 1.1457
0.679648 1.52437 1.14623
0.679368 1.52389 1.14639
0.681606 1.52623 1.1457
0.682115 1.52711 1.14547
0.679932 1.52487 1.1461
0.679648 1.52437 1.14623
0.682115 1.52711 1.14547
0.682631 1.528 1.14532
0.68022 1.52537 1.14602
0.679932 1.52487 1.1461
0.682631 1.528 1.14532
0.683151 1.5289 1.14533
0.680512 1.52587 1.14602
0.68022 1.52537 1.14602
0.683151 1.5289 1.14533
0.683198 1.52898 1.14565
0.680538 1.52592 1.1462
0.680512 1.52587 1.14602
0.683198 1.52898 1.14565
0.682679 1.52808 1.14575
0.680247 1.52541 1.14626
0.680538 1.52592 1.1462
0.682679 1.52808 1.14575
0.68216 1.52719 1.14586
0.679957 1.52491 1.14632
0.680247 1.52541 1.14626
0.68216 1.52719 1.14586
0.681643 1.52629 1.146
0.679668 1.52441 1.1464
0.679957 1.52491 1.14632
0.681643 1.52629 1.146
0.681128 1.5254 1.14616
0.67938 1.52391 1.14649
0.679668 1.52441 1.1464
0.679093 1.52341 1.14658
0.679368 1.52389 1.14639
0.677588 1.52219 1.14683
0.677549 1.52213 1.14686
0.679368 1.52389 1.14639
0.679648 1.52437 1.14623
0.677628 1.52226 1.14681
0.677588 1.52219 1.14683
0.679648 1.52437 1.14623
0.679932 1.52487 1.1461
0.677668 1.52233 1.14679
0.677628 1.52226 1.14681
0.679932 1.52487 1.1461
0.68022 1.52537 1.14602
0.677709 1.5224 1.14678
0.677668 1.52233 1.14679
0.68022 1.52537 1.14602
0.680512 1.52587 1.14602
0.67775 1.52247 1.14678
0.677709 1.5224 1.14678
0.680512 1.52587 1.14602
0.680538 1.52592 1.1462
0.677754 1.52248 1.1468
0.67775 1.52247 1.14678
0.680538 1.52592 1.1462
0.680247 1.52541 1.14626
0.677713 1.52241 1.14681
0.677754 1.52248 1.1468
0.680247 1.52541 1.14626
0.679957 1.52491 1.14632
0.677672 1.52234 1.14682
0.677713 1.52241 1.14681
0.679957 1.52491 1.14632
0.679668 1.52441 1.1464
0.677631 1.52227 1.14683
0.677672 1.52234 1.14682
0.679668 1.52441 1.1464
0.67938 1.52391 1.14649
0.67759 1.5222 1.14684
0.677631 1.52227 1.14683
0.796073 1.47138 1.14043
0.794458 1.46859 1.1429
0.79222 1.46975 1.14286
0.793909 1.47268 1.14009
0.793909 1.47268 1.14009
0.79222 1.46975 1.14286
0.788742 1.4717 1.14294
0.790578 1.47487 1.13985
0.790578 1.47487 1.13985
0.788742 1.4717 1.14294
0.785239 1.47377 1.14314
0.787259 1.47726 1.13991
0.787259 1.47726 1.13991
0.785239 1.47377 1.14314
0.781752 1.47586 1.14337
0.783955 1.47968 1.14012
0.783955 1.47968 1.14012
0.781752 1.47586 1.14337
0.778259 1.47795 1.14355
0.780617 1.48203 1.14033
0.780617 1.48203 1.14033
0.778259 1.47795 1.14355
0.774767 1.48003 1.14371
0.777248 1.48433 1.14055
0.777248 1.48433 1.14055
0.774767 1.48003 1.14371
0.771279 1.48212 1.14384
0.773849 1.48658 1.14077
0.773849 1.48658 1.14077
0.771279 1.48212 1.14384
0.767795 1.48423 1.14394
0.770421 1.48878 1.14099
0.770421 1.48878 1.14099
0.767795 1.48423 1.14394
0.764322 1.48635 1.14403
0.766966 1.49093 1.1412
0.766966 1.49093 1.1412
0.764322 1.48635 1.14403
0.760837 1.48844 1.14411
0.763481 1.49302 1.14142
0.763481 1.49302 1.14142
0.760837 1.48844 1.14411
0.757327 1.4905 1.1442
0.759959 1.49506 1.14163
0.759959 1.49506 1.14163
0.757327 1.4905 1.1442
0.753801 1.49253 1.14428
0.756411 1.49705 1.14184
0.756411 1.49705 1.14184
0.753801 1.49253 1.14428
0.750251 1.49452 1.14438
0.752829 1.49898 1.14206
0.752829 1.49898 1.14206
0.750251 1.49452 1.14438
0.746685 1.49647 1.14447
0.749223 1.50087 1.14226
0.749223 1.50087 1.14226
0.746685 1.49647 1.14447
0.743102 1.4984 1.14456
0.745591 1.50271 1.14247
0.745591 1.50271 1.14247
0.743102 1.4984 1.14456
0.739497 1.50029 1.14465
0.741932 1.50451 1.14268
0.741932 1.50451 1.14268
0.739497 1.50029 1.14465
0.735879 1.50216 1.14474
0.738259 1.50628 1.14293
0.738259 1.50628 1.14293
0.735879 1.50216 1.14474
0.732247 1.504 1.14483
0.734562 1.50801 1.14317
0.734562 1.50801 1.14317
0.732247 1.504 1.14483
0.728596 1.50582 1.14492
0.73084 1.5097 1.14341
0.73084 1.5097 1.14341
0.728596 1.50582 1.14492
0.724934 1.50761 1.14501
0.727099 1.51136 1.14363
0.727099 1.51136 1.14363
0.724934 1.50761 1.14501
0.721257 1.50938 1.1451
0.723336 1.51298 1.14385
0.723336 1.51298 1.14385
0.721257 1.50938 1.1451
0.71757 1.51112 1.14518
0.719556 1.51456 1.14405
0.719556 1.51456 1.14405
0.71757 1.51112 1.14518
0.713871 1.51285 1.14527
0.71576 1.51612 1.14426
0.71576 1.51612 1.14426
0.713871 1.51285 1.14527
0.710159 1.51456 1.14535
0.711944 1.51765 1.14445
0.711944 1.51765 1.14445
0.710159 1.51456 1.14535
0.706441 1.51625 1.14543
0.708117 1.51916 1.14464
0.708117 1.51916 1.14464
0.706441 1.51625 1.14543
0.702713 1.51793 1.14551
0.704276 1.52064 1.14481
0.704276 1.52064 1.14481
0.702713 1.51793 1.14551
0.698975 1.51959 1.14559
0.700419 1.52209 1.14498
0.700419 1.52209 1.14498
0.698975 1.51959 1.14559
0.695231 1.52124 1.14567
0.696554 1.52353 1.14515
0.696554 1.52353 1.14515
0.695231 1.52124 1.14567
0.691479 1.52288 1.14574
0.692676 1.52495 1.1453
0.692676 1.52495 1.1453
0.691479 1.52288 1.14574
0.687881 1.52444 1.14581
0.688953 1.52629 1.14543
0.688953 1.52629 1.14543
0.687881 1.52444 1.14581
0.686982 1.52476 1.14583
0.688017 1.52656 1.14547
0.688017 1.52656 1.14547
0.686982 1.52476 1.14583
0.686217 1.52498 1.14586
0.687214 1.5267 1.14551
0.687214 1.5267 1.14551
0.686217 1.52498 1.14586
0.68542 1.52514 1.1459
0.686371 1.52678 1.14557
0.686371 1.52678 1.14557
0.68542 1.52514 1.1459
0.684588 1.52523 1.14595
0.685483 1.52679 1.14564
0.685483 1.52679 1.14564
0.684588 1.52523 1.14595
0.683713 1.52526 1.14601
0.684542 1.52669 1.14573
0.684542 1.52669 1.14573
0.683713 1.52526 1.14601
0.68278 1.52518 1.14609
0.683529 1.52648 1.14583
0.683529 1.52648 1.14583
0.68278 1.52518 1.14609
0.681767 1.52497 1.14619
0.682416 1.52609 1.14597
0.682416 1.52609 1.14597
0.681767 1.52497 1.14619
0.680614 1.52451 1.14633
0.681128 1.5254 1.14616
0.681128 1.5254 1.14616
0.680614 1.52451 1.14633
0.679093 1.52341 1.14658
0.67938 1.52391 1.14649
0.67938 1.52391 1.14649
0.679093 1.52341 1.14658
0.677549 1.52213 1.14686
0.67759 1.5222 1.14684
0.8135 1.4528 1.1457
0.8135 1.4528 1.1457
0.8135 1.4528 1.1457
0.8135 1.4528 1.1457
0.8135 1.4528 1.1457
0.8135 1.4528 1.1457
0.8135 1.4528 1.1457
0.8135 1.4528 1.1457
0.8135 1.4528 1.1457
0.8135 1.4528 1.1457
0.8135 1.4528 1.1457
0.8135 1.4528 1.1457
0.8135 1.4528 1.1457
0.8135 1.4528 1.1457
0.8135 1.4528 1.1457
0.8135 1.4528 1.1457
0.8135 1.4528 1.1457
0.8135 1.4528 1.1457
0.8135 1.4528 1.1457
0.8135 1.4528 1.1457
0.8135 1.4528 1.1457
0.8135 1.4528 1.1457
0.8135 1.4528 1.1457
0.8135 1.4528 1.1457
0.8135 1.4528 1.1457
0.8135 1.4528 1.1457
0.8135 1.4528 1.1457
0.8135 1.4528 1.1457
0.8135 1.4528 1.1457
0.8135 1.4528 1.1457
0.8135 1.4528 1.1457
0.8135 1.4528 1.1457
0.8135 1.4528 1.1457
0.8135 1.4528 1.1457
0.8135 1.4528 1.1457
0.8135 1.4528 1.1457
0.8135 1.4528 1.1457
0.8135 1.4528 1.1457
0.8135 1.4528 1.1457
0.8135 1.4528 1.1457
0.8135 1.4528 1.1457
0.8135 1.4528 1.1457
0.8135 1.4528 1.1457
0.8135 1.4528 1.1457
0.8135 1.4528 1.1457
0.8135 1.4528 1.1457
0.8135 1.4528 1.1457
0.8135 1.4528 1.1457
0.8135 1.4528 1.1457
0.8135 1.4528 1.1457
0.8135 1.4528 1.1457
0.8135 1.4528 1.1457
0.8135 1.4528 1.1457
0.8135 1.4528 1.1457
0.8135 1.4528 1.1457
0.8135 1.4528 1.1457
0.8135 1.4528 1.1457
0.8135 1.4528 1.1457
0.8135 1.4528 1.1457
0.8135 1.4528 1.1457
0.8135 1.4528 1.1457
0.8135 1.4528 1.1457
0.8135 1.4528 1.1457
0.8135 1.4528 1.1457
0.8135 1.4528 1.1457
0.8135 1.4528 1.1457
0.8135 1.4528 1.1457
0.8135 1.4528 1.1457
0.8135 1.4528 1.1457
0.8135 1.4528 1.1457
0.8135 1.4528 1.1457
0.8135 1.4528 1.1457
0.8135 1.4528 1.1457
0.8135 1.4528 1.1457
0.8135 1.4528 1.1457
0.8135 1.4528 1.1457
0.8135 1.4528 1.1457
0.8135 1.4528 1.1457
0.8135 1.4528 1.1457
0.8135 1.4528 1.1457
0.8135 1.4528 1.1457
0.8135 1.4528 1.1457
0.8135 1.4528 1.1457
0.8135 1.4528 1.1457
0.8135 1.4528 1.1457
0.8135 1.4528 1.1457
0.8135 1.4528 1.1457
0.8135 1.4528 1.1457
0.832542 1.43701 1.1429
0.83134 1.43493 1.13964
0.8335 1.43363 1.13934
0.83478 1.43585 1.14286
0.83134 1.43493 1.13964
0.829899 1.43244 1.13677
0.831964 1.43097 1.13622
0.8335 1.43363 1.13934
0.829899 1.43244 1.13677
0.828356 1.42976 1.13411
0.830318 1.42812 1.13334
0.831964 1.43097 1.13622
0.828356 1.42976 1.13411
0.826686 1.42687 1.13179
0.828541 1.42504 1.13078
0.830318 1.42812 1.13334
0.826686 1.42687 1.13179
0.824808 1.42362 1.13028
0.826547 1.42159 1.12903
0.828541 1.42504 1.13078
0.824808 1.42362 1.13028
0.823867 1.42199 1.13237
0.825596 1.41994 1.13107
0.826547 1.42159 1.12903
0.823867 1.42199 1.13237
0.825575 1.42495 1.13456
0.827433 1.42312 1.13344
0.825596 1.41994 1.13107
0.825575 1.42495 1.13456
0.827387 1.42808 1.13642
0.829355 1.42645 1.13553
0.827433 1.42312 1.13344
0.827387 1.42808 1.13642
0.829184 1.4312 1.13833
0.831254 1.42974 1.13771
0.829355 1.42645 1.13553
0.829184 1.4312 1.13833
0.830927 1.43422 1.14043
0.833091 1.43292 1.14009
0.831254 1.42974 1.13771
0.83478 1.43585 1.14286
0.8335 1.43363 1.13934
0.836808 1.43139 1.13913
0.838258 1.4339 1.14294
0.8335 1.43363 1.13934
0.831964 1.43097 1.13622
0.835088 1.42841 1.13578
0.836808 1.43139 1.13913
0.831964 1.43097 1.13622
0.830318 1.42812 1.13334
0.833251 1.42523 1.13268
0.835088 1.42841 1.13578
0.830318 1.42812 1.13334
0.828541 1.42504 1.13078
0.831282 1.42182 1.12993
0.833251 1.42523 1.13268
0.828541 1.42504 1.13078
0.826547 1.42159 1.12903
0.829099 1.41804 1.12797
0.831282 1.42182 1.12993
0.826547 1.42159 1.12903
0.825596 1.41994 1.13107
0.828185 1.41646 1.12997
0.829099 1.41804 1.12797
0.825596 1.41994 1.13107
0.827433 1.42312 1.13344
0.830235 1.42001 1.13247
0.828185 1.41646 1.12997
0.827433 1.42312 1.13344
0.829355 1.42645 1.13553
0.832343 1.42366 1.13477
0.830235 1.42001 1.13247
0.829355 1.42645 1.13553
0.831254 1.42974 1.13771
0.834419 1.42725 1.13719
0.832343 1.42366 1.13477
0.831254 1.42974 1.13771
0.833091 1.43292 1.14009
0.836422 1.43073 1.13985
0.834419 1.42725 1.13719
0.838258 1.4339 1.14294
0.836808 1.43139 1.13913
0.840094 1.42895 1.13921
0.841761 1.43183 1.14314
0.836808 1.43139 1.13913
0.835088 1.42841 1.13578
0.838152 1.42558 1.13578
0.840094 1.42895 1.13921
0.835088 1.42841 1.13578
0.833251 1.42523 1.13268
0.836093 1.42202 1.13265
0.838152 1.42558 1.13578
0.833251 1.42523 1.13268
0.831282 1.42182 1.12993
0.833907 1.41823 1.12988
0.836093 1.42202 1.13265
0.831282 1.42182 1.12993
0.829099 1.41804 1.12797
0.831523 1.4141 1.1279
0.833907 1.41823 1.12988
0.829099 1.41804 1.12797
0.828185 1.41646 1.12997
0.830682 1.41264 1.12991
0.831523 1.4141 1.1279
0.828185 1.41646 1.12997
0.830235 1.42001 1.13247
0.832959 1.41659 1.13237
0.830682 1.41264 1.12991
0.830235 1.42001 1.13247
0.832343 1.42366 1.13477
0.83527 1.42059 1.1347
0.832959 1.41659 1.13237
0.832343 1.42366 1.13477
0.834419 1.42725 1.13719
0.837544 1.42453 1.13718
0.83527 1.42059 1.1347
0.834419 1.42725 1.13719
0.836422 1.43073 1.13985
0.839741 1.42834 1.13991
0.837544 1.42453 1.13718
0.841761 1.43183 1.14314
0.840094 1.42895 1.13921
0.843367 1.42648 1.13941
0.845248 1.42974 1.14337
0.840094 1.42895 1.13921
0.838152 1.42558 1.13578
0.841212 1.42275 1.13602
0.843367 1.42648 1.13941
0.838152 1.42558 1.13578
0.836093 1.42202 1.13265
0.838943 1.41882 1.13295
0.841212 1.42275 1.13602
0.836093 1.42202 1.13265
0.833907 1.41823 1.12988
0.836554 1.41468 1.13026
0.838943 1.41882 1.13295
0.833907 1.41823 1.12988
0.831523 1.4141 1.1279
0.833987 1.41024 1.12838
0.836554 1.41468 1.13026
0.831523 1.4141 1.1279
0.830682 1.41264 1.12991
0.833221 1.40891 1.13041
0.833987 1.41024 1.12838
0.830682 1.41264 1.12991
0.832959 1.41659 1.13237
0.835702 1.41321 1.13274
0.833221 1.40891 1.13041
0.832959 1.41659 1.13237
0.83527 1.42059 1.1347
0.838201 1.41753 1.13499
0.835702 1.41321 1.13274
0.83527 1.42059 1.1347
0.837544 1.42453 1.13718
0.840661 1.4218 1.13741
0.838201 1.41753 1.13499
0.837544 1.42453 1.13718
0.839741 1.42834 1.13991
0.843045 1.42592 1.14012
0.840661 1.4218 1.13741
0.845248 1.42974 1.14337
0.843367 1.42648 1.13941
0.846683 1.42409 1.13962
0.848741 1.42765 1.14355
0.843367 1.42648 1.13941
0.841212 1.42275 1.13602
0.844354 1.42005 1.13629
0.846683 1.42409 1.13962
0.841212 1.42275 1.13602
0.838943 1.41882 1.13295
0.841914 1.41583 1.1333
0.844354 1.42005 1.13629
0.838943 1.41882 1.13295
0.836554 1.41468 1.13026
0.839361 1.41141 1.13072
0.841914 1.41583 1.1333
0.836554 1.41468 1.13026
0.833987 1.41024 1.12838
0.836647 1.4067 1.12896
0.839361 1.41141 1.13072
0.833987 1.41024 1.12838
0.833221 1.40891 1.13041
0.83594 1.40548 1.13101
0.836647 1.4067 1.12896
0.833221 1.40891 1.13041
0.835702 1.41321 1.13274
0.838582 1.41006 1.13321
0.83594 1.40548 1.13101
0.835702 1.41321 1.13274
0.838201 1.41753 1.13499
0.841234 1.41465 1.13535
0.838582 1.41006 1.13321
0.838201 1.41753 1.13499
0.840661 1.4218 1.13741
0.843846 1.41917 1.13769
0.841234 1.41465 1.13535
0.840661 1.4218 1.13741
0.843045 1.42592 1.14012
0.846383 1.42357 1.14033
0.843846 1.41917 1.13769
0.848741 1.42765 1.14355
0.846683 1.42409 1.13962
0.850034 1.42176 1.13982
0.852233 1.42557 1.14371
0.846683 1.42409 1.13962
0.844354 1.42005 1.13629
0.84757 1.41749 1.13659
0.850034 1.42176 1.13982
0.844354 1.42005 1.13629
0.841914 1.41583 1.1333
0.844999 1.41304 1.1337
0.84757 1.41749 1.13659
0.841914 1.41583 1.1333
0.839361 1.41141 1.13072
0.842321 1.4084 1.13124
0.844999 1.41304 1.1337
0.839361 1.41141 1.13072
0.836647 1.4067 1.12896
0.839495 1.4035 1.12961
0.842321 1.4084 1.13124
0.836647 1.4067 1.12896
0.83594 1.40548 1.13101
0.838834 1.40236 1.13169
0.839495 1.4035 1.12961
0.83594 1.40548 1.13101
0.838582 1.41006 1.13321
0.841597 1.40715 1.13374
0.838834 1.40236 1.13169
0.838582 1.41006 1.13321
0.841234 1.41465 1.13535
0.844366 1.41194 1.13577
0.841597 1.40715 1.13374
0.841234 1.41465 1.13535
0.843846 1.41917 1.13769
0.847095 1.41667 1.138
0.844366 1.41194 1.13577
0.843846 1.41917 1.13769
0.846383 1.42357 1.14033
0.849752 1.42127 1.14055
0.847095 1.41667 1.138
0.852233 1.42557 1.14371
0.850034 1.42176 1.13982
0.853419 1.41949 1.14003
0.855721 1.42348 1.14384
0.850034 1.42176 1.13982
0.84757 1.41749 1.13659
0.850858 1.41505 1.1369
0.853419 1.41949 1.14003
0.84757 1.41749 1.13659
0.844999 1.41304 1.1337
0.848194 1.41044 1.13414
0.850858 1.41505 1.1369
0.844999 1.41304 1.1337
0.842321 1.4084 1.13124
0.845429 1.40565 1.13181
0.848194 1.41044 1.13414
0.842321 1.4084 1.13124
0.839495 1.4035 1.12961
0.842529 1.40063 1.13032
0.845429 1.40565 1.13181
0.839495 1.4035 1.12961
0.838834 1.40236 1.13169
0.841905 1.39955 1.13243
0.842529 1.40063 1.13032
0.838834 1.40236 1.13169
0.841597 1.40715 1.13374
0.844751 1.40447 1.13433
0.841905 1.39955 1.13243
0.841597 1.40715 1.13374
0.844366 1.41194 1.13577
0.847599 1.40941 1.13622
0.844751 1.40447 1.13433
0.844366 1.41194 1.13577
0.847095 1.41667 1.138
0.850409 1.41427 1.13833
0.847599 1.40941 1.13622
0.847095 1.41667 1.138
0.849752 1.42127 1.14055
0.853151 1.41902 1.14077
0.850409 1.41427 1.13833
0.855721 1.42348 1.14384
0.853419 1.41949 1.14003
0.856833 1.41726 1.14025
0.859205 1.42137 1.14394
0.853419 1.41949 1.14003
0.850858 1.41505 1.1369
0.854213 1.41272 1.13725
0.856833 1.41726 1.14025
0.850858 1.41505 1.1369
0.848194 1.41044 1.13414
0.851493 1.40802 1.13462
0.854213 1.41272 1.13725
0.848194 1.41044 1.13414
0.845429 1.40565 1.13181
0.84868 1.40314 1.13243
0.851493 1.40802 1.13462
0.845429 1.40565 1.13181
0.842529 1.40063 1.13032
0.845742 1.39805 1.13109
0.84868 1.40314 1.13243
0.842529 1.40063 1.13032
0.841905 1.39955 1.13243
0.845156 1.39704 1.1332
0.845742 1.39805 1.13109
0.841905 1.39955 1.13243
0.844751 1.40447 1.13433
0.848046 1.40204 1.13495
0.845156 1.39704 1.1332
0.844751 1.40447 1.13433
0.847599 1.40941 1.13622
0.850936 1.40705 1.1367
0.848046 1.40204 1.13495
0.847599 1.40941 1.13622
0.850409 1.41427 1.13833
0.85379 1.41199 1.13867
0.850936 1.40705 1.1367
0.850409 1.41427 1.13833
0.853151 1.41902 1.14077
0.856579 1.41682 1.14099
0.85379 1.41199 1.13867
0.859205 1.42137 1.14394
0.856833 1.41726 1.14025
0.860273 1.41509 1.14047
0.862678 1.41925 1.14403
0.856833 1.41726 1.14025
0.854213 1.41272 1.13725
0.857628 1.41051 1.13762
0.860273 1.41509 1.14047
0.854213 1.41272 1.13725
0.851493 1.40802 1.13462
0.854891 1.40577 1.13514
0.857628 1.41051 1.13762
0.851493 1.40802 1.13462
0.84868 1.40314 1.13243
0.852065 1.40087 1.1331
0.854891 1.40577 1.13514
0.84868 1.40314 1.13243
0.845742 1.39805 1.13109
0.849127 1.39578 1.1319
0.852065 1.40087 1.1331
0.845742 1.39805 1.13109
0.845156 1.39704 1.1332
0.84858 1.39484 1.13398
0.849127 1.39578 1.1319
0.845156 1.39704 1.1332
0.848046 1.40204 1.13495
0.851476 1.39985 1.13559
0.84858 1.39484 1.13398
0.848046 1.40204 1.13495
0.850936 1.40705 1.1367
0.854371 1.40487 1.1372
0.851476 1.39985 1.13559
0.850936 1.40705 1.1367
0.85379 1.41199 1.13867
0.857233 1.40982 1.13903
0.854371 1.40487 1.1372
0.85379 1.41199 1.13867
0.856579 1.41682 1.14099
0.860034 1.41467 1.1412
0.857233 1.40982 1.13903
0.862678 1.41925 1.14403
0.860273 1.41509 1.14047
0.863744 1.41297 1.1407
0.866163 1.41716 1.14411
0.860273 1.41509 1.14047
0.857628 1.41051 1.13762
0.861096 1.40838 1.13799
0.863744 1.41297 1.1407
0.857628 1.41051 1.13762
0.854891 1.40577 1.13514
0.858361 1.40364 1.13566
0.861096 1.40838 1.13799
0.854891 1.40577 1.13514
0.852065 1.40087 1.1331
0.855544 1.39876 1.13377
0.858361 1.40364 1.13566
0.852065 1.40087 1.1331
0.849127 1.39578 1.1319
0.852626 1.39371 1.1327
0.855544 1.39876 1.13377
0.849127 1.39578 1.1319
0.84858 1.39484 1.13398
0.852115 1.39283 1.13475
0.852626 1.39371 1.1327
0.84858 1.39484 1.13398
0.851476 1.39985 1.13559
0.854997 1.39782 1.13621
0.852115 1.39283 1.13475
0.851476 1.39985 1.13559
0.854371 1.40487 1.1372
0.857878 1.40281 1.13768
0.854997 1.39782 1.13621
0.854371 1.40487 1.1372
0.857233 1.40982 1.13903
0.860727 1.40774 1.13938
0.857878 1.40281 1.13768
0.857233 1.40982 1.13903
0.860034 1.41467 1.1412
0.863519 1.41258 1.14142
0.860727 1.40774 1.13938
0.866163 1.41716 1.14411
0.863744 1.41297 1.1407
0.867252 1.41091 1.14092
0.869673 1.4151 1.1442
0.863744 1.41297 1.1407
0.861096 1.40838 1.13799
0.864614 1.40634 1.13836
0.867252 1.41091 1.14092
0.861096 1.40838 1.13799
0.858361 1.40364 1.13566
0.861893 1.40162 1.13617
0.864614 1.40634 1.13836
0.858361 1.40364 1.13566
0.855544 1.39876 1.13377
0.859095 1.39678 1.13441
0.861893 1.40162 1.13617
0.855544 1.39876 1.13377
0.852626 1.39371 1.1327
0.856206 1.39177 1.13345
0.859095 1.39678 1.13441
0.852626 1.39371 1.1327
0.852115 1.39283 1.13475
0.855729 1.39095 1.13547
0.856206 1.39177 1.13345
0.852115 1.39283 1.13475
0.854997 1.39782 1.13621
0.858586 1.3959 1.1368
0.855729 1.39095 1.13547
0.854997 1.39782 1.13621
0.857878 1.40281 1.13768
0.861441 1.40084 1.13815
0.858586 1.3959 1.1368
0.857878 1.40281 1.13768
0.860727 1.40774 1.13938
0.864268 1.40574 1.13972
0.861441 1.40084 1.13815
0.860727 1.40774 1.13938
0.863519 1.41258 1.14142
0.867041 1.41054 1.14163
0.864268 1.40574 1.13972
0.869673 1.4151 1.1442
0.867252 1.41091 1.14092
0.870789 1.4089 1.14115
0.873199 1.41307 1.14428
0.867252 1.41091 1.14092
0.864614 1.40634 1.13836
0.86817 1.40436 1.13872
0.870789 1.4089 1.14115
0.864614 1.40634 1.13836
0.861893 1.40162 1.13617
0.865474 1.39969 1.13666
0.86817 1.40436 1.13872
0.861893 1.40162 1.13617
0.859095 1.39678 1.13441
0.862706 1.3949 1.13502
0.865474 1.39969 1.13666
0.859095 1.39678 1.13441
0.856206 1.39177 1.13345
0.859856 1.38996 1.13418
0.862706 1.3949 1.13502
0.856206 1.39177 1.13345
0.855729 1.39095 1.13547
0.859409 1.38919 1.13615
0.859856 1.38996 1.13418
0.855729 1.39095 1.13547
0.858586 1.3959 1.1368
0.862232 1.39408 1.13736
0.859409 1.38919 1.13615
0.858586 1.3959 1.1368
0.861441 1.40084 1.13815
0.865053 1.39896 1.13859
0.862232 1.39408 1.13736
0.861441 1.40084 1.13815
0.864268 1.40574 1.13972
0.867846 1.4038 1.14005
0.865053 1.39896 1.13859
0.864268 1.40574 1.13972
0.867041 1.41054 1.14163
0.870589 1.40855 1.14184
0.867846 1.4038 1.14005
0.873199 1.41307 1.14428
0.870789 1.4089 1.14115
0.874359 1.40694 1.14138
0.876749 1.41108 1.14438
0.870789 1.4089 1.14115
0.86817 1.40436 1.13872
0.87177 1.40246 1.13908
0.874359 1.40694 1.14138
0.86817 1.40436 1.13872
0.865474 1.39969 1.13666
0.869108 1.39785 1.13714
0.87177 1.40246 1.13908
0.865474 1.39969 1.13666
0.862706 1.3949 1.13502
0.866379 1.39312 1.13562
0.869108 1.39785 1.13714
0.862706 1.3949 1.13502
0.859856 1.38996 1.13418
0.863576 1.38827 1.13487
0.866379 1.39312 1.13562
0.859856 1.38996 1.13418
0.859409 1.38919 1.13615
0.863158 1.38754 1.13679
0.863576 1.38827 1.13487
0.859409 1.38919 1.13615
0.862232 1.39408 1.13736
0.865938 1.39236 1.13789
0.863158 1.38754 1.13679
0.862232 1.39408 1.13736
0.865053 1.39896 1.13859
0.868714 1.39717 1.13902
0.865938 1.39236 1.13789
0.865053 1.39896 1.13859
0.867846 1.4038 1.14005
0.871465 1.40193 1.14037
0.868714 1.39717 1.13902
0.867846 1.4038 1.14005
0.870589 1.40855 1.14184
0.874171 1.40662 1.14206
0.871465 1.40193 1.14037
0.876749 1.41108 1.14438
0.874359 1.40694 1.14138
0.877954 1.40504 1.1416
0.880315 1.40913 1.14447
0.874359 1.40694 1.14138
0.87177 1.40246 1.13908
0.875405 1.40062 1.13942
0.877954 1.40504 1.1416
0.87177 1.40246 1.13908
0.869108 1.39785 1.13714
0.872786 1.39609 1.1376
0.875405 1.40062 1.13942
0.869108 1.39785 1.13714
0.866379 1.39312 1.13562
0.870105 1.39144 1.13619
0.872786 1.39609 1.1376
0.866379 1.39312 1.13562
0.863576 1.38827 1.13487
0.867357 1.38668 1.13553
0.870105 1.39144 1.13619
0.863576 1.38827 1.13487
0.863158 1.38754 1.13679
0.866965 1.386 1.13741
0.867357 1.38668 1.13553
0.863158 1.38754 1.13679
0.865938 1.39236 1.13789
0.869693 1.39073 1.1384
0.866965 1.386 1.13741
0.865938 1.39236 1.13789
0.868714 1.39717 1.13902
0.872418 1.39545 1.13944
0.869693 1.39073 1.1384
0.868714 1.39717 1.13902
0.871465 1.40193 1.14037
0.875119 1.40013 1.14069
0.872418 1.39545 1.13944
0.871465 1.40193 1.14037
0.874171 1.40662 1.14206
0.877777 1.40473 1.14226
0.875119 1.40013 1.14069
0.880315 1.40913 1.14447
0.877954 1.40504 1.1416
0.881576 1.40318 1.14182
0.883898 1.4072 1.14456
0.877954 1.40504 1.1416
0.875405 1.40062 1.13942
0.879075 1.39885 1.13976
0.881576 1.40318 1.14182
0.875405 1.40062 1.13942
0.872786 1.39609 1.1376
0.876508 1.3944 1.13805
0.879075 1.39885 1.13976
0.872786 1.39609 1.1376
0.870105 1.39144 1.13619
0.873883 1.38985 1.13674
0.876508 1.3944 1.13805
0.870105 1.39144 1.13619
0.867357 1.38668 1.13553
0.871198 1.3852 1.13617
0.873883 1.38985 1.13674
0.867357 1.38668 1.13553
0.866965 1.386 1.13741
0.870831 1.38457 1.13799
0.871198 1.3852 1.13617
0.866965 1.386 1.13741
0.869693 1.39073 1.1384
0.873499 1.38919 1.13889
0.870831 1.38457 1.13799
0.869693 1.39073 1.1384
0.872418 1.39545 1.13944
0.876163 1.3938 1.13984
0.873499 1.38919 1.13889
0.872418 1.39545 1.13944
0.875119 1.40013 1.14069
0.878806 1.39838 1.14099
0.876163 1.3938 1.13984
0.875119 1.40013 1.14069
0.877777 1.40473 1.14226
0.881409 1.40289 1.14247
0.878806 1.39838 1.14099
0.883898 1.4072 1.14456
0.881576 1.40318 1.14182
0.885227 1.40136 1.14205
0.887503 1.40531 1.14465
0.881576 1.40318 1.14182
0.879075 1.39885 1.13976
0.882782 1.39713 1.1401
0.885227 1.40136 1.14205
0.879075 1.39885 1.13976
0.876508 1.3944 1.13805
0.880275 1.39279 1.1385
0.882782 1.39713 1.1401
0.876508 1.3944 1.13805
0.873883 1.38985 1.13674
0.877715 1.38835 1.13728
0.880275 1.39279 1.1385
0.873883 1.38985 1.13674
0.871198 1.3852 1.13617
0.875099 1.38382 1.13679
0.877715 1.38835 1.13728
0.871198 1.3852 1.13617
0.870831 1.38457 1.13799
0.874755 1.38322 1.13854
0.875099 1.38382 1.13679
0.870831 1.38457 1.13799
0.873499 1.38919 1.13889
0.877354 1.38773 1.13937
0.874755 1.38322 1.13854
0.873499 1.38919 1.13889
0.876163 1.3938 1.13984
0.879951 1.39222 1.14024
0.877354 1.38773 1.13937
0.876163 1.3938 1.13984
0.878806 1.39838 1.14099
0.882528 1.39669 1.14131
0.879951 1.39222 1.14024
0.878806 1.39838 1.14099
0.881409 1.40289 1.14247
0.885068 1.40109 1.14268
0.882528 1.39669 1.14131
0.887503 1.40531 1.14465
0.885227 1.40136 1.14205
0.888895 1.39958 1.14229
0.891121 1.40344 1.14474
0.885227 1.40136 1.14205
0.882782 1.39713 1.1401
0.886517 1.39546 1.14044
0.888895 1.39958 1.14229
0.882782 1.39713 1.1401
0.880275 1.39279 1.1385
0.88408 1.39124 1.13894
0.886517 1.39546 1.14044
0.880275 1.39279 1.1385
0.877715 1.38835 1.13728
0.881592 1.38693 1.13782
0.88408 1.39124 1.13894
0.877715 1.38835 1.13728
0.875099 1.38382 1.13679
0.879054 1.38254 1.1374
0.881592 1.38693 1.13782
0.875099 1.38382 1.13679
0.874755 1.38322 1.13854
0.878731 1.38198 1.13907
0.879054 1.38254 1.1374
0.874755 1.38322 1.13854
0.877354 1.38773 1.13937
0.881253 1.38635 1.13984
0.878731 1.38198 1.13907
0.877354 1.38773 1.13937
0.879951 1.39222 1.14024
0.883771 1.39071 1.14066
0.881253 1.38635 1.13984
0.879951 1.39222 1.14024
0.882528 1.39669 1.14131
0.886272 1.39504 1.14166
0.883771 1.39071 1.14066
0.882528 1.39669 1.14131
0.885068 1.40109 1.14268
0.888741 1.39932 1.14293
0.886272 1.39504 1.14166
0.891121 1.40344 1.14474
0.888895 1.39958 1.14229
0.892584 1.39784 1.14252
0.894753 1.4016 1.14483
0.888895 1.39958 1.14229
0.886517 1.39546 1.14044
0.890279 1.39385 1.14078
0.892584 1.39784 1.14252
0.886517 1.39546 1.14044
0.88408 1.39124 1.13894
0.887919 1.38976 1.13937
0.890279 1.39385 1.14078
0.88408 1.39124 1.13894
0.881592 1.38693 1.13782
0.88551 1.38559 1.13834
0.887919 1.38976 1.13937
0.881592 1.38693 1.13782
0.879054 1.38254 1.1374
0.883056 1.38134 1.13799
0.88551 1.38559 1.13834
0.879054 1.38254 1.1374
0.878731 1.38198 1.13907
0.882753 1.38081 1.13958
0.883056 1.38134 1.13799
0.878731 1.38198 1.13907
0.881253 1.38635 1.13984
0.885191 1.38503 1.1403
0.882753 1.38081 1.13958
0.881253 1.38635 1.13984
0.883771 1.39071 1.14066
0.887626 1.38925 1.14106
0.885191 1.38503 1.1403
0.883771 1.39071 1.14066
0.886272 1.39504 1.14166
0.890045 1.39344 1.14199
0.887626 1.38925 1.14106
0.886272 1.39504 1.14166
0.888741 1.39932 1.14293
0.892438 1.39759 1.14317
0.890045 1.39344 1.14199
0.894753 1.4016 1.14483
0.892584 1.39784 1.14252
0.896299 1.39614 1.14276
0.898404 1.39978 1.14492
0.892584 1.39784 1.14252
0.890279 1.39385 1.14078
0.894072 1.39228 1.14112
0.896299 1.39614 1.14276
0.890279 1.39385 1.14078
0.887919 1.38976 1.13937
0.891794 1.38833 1.1398
0.894072 1.39228 1.14112
0.887919 1.38976 1.13937
0.88551 1.38559 1.13834
0.889471 1.38431 1.13885
0.891794 1.38833 1.1398
0.88551 1.38559 1.13834
0.883056 1.38134 1.13799
0.887107 1.38021 1.13855
0.889471 1.38431 1.13885
0.883056 1.38134 1.13799
0.882753 1.38081 1.13958
0.886825 1.37973 1.14006
0.887107 1.38021 1.13855
0.882753 1.38081 1.13958
0.885191 1.38503 1.1403
0.889174 1.38379 1.14074
0.886825 1.37973 1.14006
0.885191 1.38503 1.1403
0.887626 1.38925 1.14106
0.891519 1.38786 1.14145
0.889174 1.38379 1.14074
0.887626 1.38925 1.14106
0.890045 1.39344 1.14199
0.893852 1.3919 1.14232
0.891519 1.38786 1.14145
0.890045 1.39344 1.14199
0.892438 1.39759 1.14317
0.89616 1.3959 1.14341
0.893852 1.3919 1.14232
0.898404 1.39978 1.14492
0.896299 1.39614 1.14276
0.900031 1.39447 1.14299
0.902066 1.39799 1.14501
0.896299 1.39614 1.14276
0.894072 1.39228 1.14112
0.89789 1.39076 1.14146
0.900031 1.39447 1.14299
0.894072 1.39228 1.14112
0.891794 1.38833 1.1398
0.8957 1.38697 1.14022
0.89789 1.39076 1.14146
0.891794 1.38833 1.1398
0.889471 1.38431 1.13885
0.893468 1.3831 1.13934
0.8957 1.38697 1.14022
0.889471 1.38431 1.13885
0.887107 1.38021 1.13855
0.8912 1.37917 1.1391
0.893468 1.3831 1.13934
0.887107 1.38021 1.13855
0.886825 1.37973 1.14006
0.890938 1.37872 1.14053
0.8912 1.37917 1.1391
0.886825 1.37973 1.14006
0.889174 1.38379 1.14074
0.893192 1.38262 1.14115
0.890938 1.37872 1.14053
0.889174 1.38379 1.14074
0.891519 1.38786 1.14145
0.895443 1.38652 1.14182
0.893192 1.38262 1.14115
0.891519 1.38786 1.14145
0.893852 1.3919 1.14232
0.897682 1.3904 1.14262
0.895443 1.38652 1.14182
0.893852 1.3919 1.14232
0.89616 1.3959 1.14341
0.899901 1.39424 1.14363
0.897682 1.3904 1.14262
0.902066 1.39799 1.14501
0.900031 1.39447 1.14299
0.903785 1.39283 1.14322
0.905743 1.39622 1.1451
0.900031 1.39447 1.14299
0.89789 1.39076 1.14146
0.901734 1.38928 1.14178
0.903785 1.39283 1.14322
0.89789 1.39076 1.14146
0.8957 1.38697 1.14022
0.899638 1.38565 1.14063
0.901734 1.38928 1.14178
0.8957 1.38697 1.14022
0.893468 1.3831 1.13934
0.897503 1.38195 1.13982
0.899638 1.38565 1.14063
0.893468 1.3831 1.13934
0.8912 1.37917 1.1391
0.895335 1.3782 1.13963
0.897503 1.38195 1.13982
0.8912 1.37917 1.1391
0.890938 1.37872 1.14053
0.895092 1.37777 1.14098
0.895335 1.3782 1.13963
0.890938 1.37872 1.14053
0.893192 1.38262 1.14115
0.897247 1.38151 1.14156
0.895092 1.37777 1.14098
0.893192 1.38262 1.14115
0.895443 1.38652 1.14182
0.899399 1.38523 1.14217
0.897247 1.38151 1.14156
0.895443 1.38652 1.14182
0.897682 1.3904 1.14262
0.90154 1.38894 1.14292
0.899399 1.38523 1.14217
0.897682 1.3904 1.14262
0.899901 1.39424 1.14363
0.903664 1.39262 1.14385
0.90154 1.38894 1.14292
0.905743 1.39622 1.1451
0.903785 1.39283 1.14322
0.907556 1.39123 1.14345
0.90943 1.39448 1.14518
0.903785 1.39283 1.14322
0.901734 1.38928 1.14178
0.905601 1.38784 1.14211
0.907556 1.39123 1.14345
0.901734 1.38928 1.14178
0.899638 1.38565 1.14063
0.903604 1.38438 1.14104
0.905601 1.38784 1.14211
0.899638 1.38565 1.14063
0.897503 1.38195 1.13982
0.901571 1.38086 1.14029
0.903604 1.38438 1.14104
0.897503 1.38195 1.13982
0.895335 1.3782 1.13963
0.899508 1.37729 1.14014
0.901571 1.38086 1.14029
0.895335 1.3782 1.13963
0.895092 1.37777 1.14098
0.899283 1.3769 1.14142
0.899508 1.37729 1.14014
0.895092 1.37777 1.14098
0.897247 1.38151 1.14156
0.901334 1.38045 1.14195
0.899283 1.3769 1.14142
0.897247 1.38151 1.14156
0.899399 1.38523 1.14217
0.903382 1.384 1.14252
0.901334 1.38045 1.14195
0.899399 1.38523 1.14217
0.90154 1.38894 1.14292
0.90542 1.38753 1.14321
0.903382 1.384 1.14252
0.90154 1.38894 1.14292
0.903664 1.39262 1.14385
0.907444 1.39104 1.14405
0.90542 1.38753 1.14321
0.90943 1.39448 1.14518
0.907556 1.39123 1.14345
0.911344 1.38966 1.14367
0.913129 1.39275 1.14527
0.907556 1.39123 1.14345
0.905601 1.38784 1.14211
0.909489 1.38644 1.14243
0.911344 1.38966 1.14367
0.905601 1.38784 1.14211
0.903604 1.38438 1.14104
0.907596 1.38317 1.14143
0.909489 1.38644 1.14243
0.903604 1.38438 1.14104
0.901571 1.38086 1.14029
0.90567 1.37983 1.14075
0.907596 1.38317 1.14143
0.901571 1.38086 1.14029
0.899508 1.37729 1.14014
0.903716 1.37645 1.14063
0.90567 1.37983 1.14075
0.899508 1.37729 1.14014
0.899283 1.3769 1.14142
0.903509 1.37609 1.14183
0.903716 1.37645 1.14063
0.899283 1.3769 1.14142
0.901334 1.38045 1.14195
0.905451 1.37945 1.14232
0.903509 1.37609 1.14183
0.901334 1.38045 1.14195
0.903382 1.384 1.14252
0.907391 1.38281 1.14285
0.905451 1.37945 1.14232
0.903382 1.384 1.14252
0.90542 1.38753 1.14321
0.909322 1.38616 1.14348
0.907391 1.38281 1.14285
0.90542 1.38753 1.14321
0.907444 1.39104 1.14405
0.91124 1.38948 1.14426
0.909322 1.38616 1.14348
0.913129 1.39275 1.14527
0.911344 1.38966 1.14367
0.915151 1.38811 1.14389
0.916841 1.39104 1.14535
0.911344 1.38966 1.14367
0.909489 1.38644 1.14243
0.913401 1.38508 1.14274
0.915151 1.38811 1.14389
0.909489 1.38644 1.14243
0.907596 1.38317 1.14143
0.911616 1.38199 1.14182
0.913401 1.38508 1.14274
0.907596 1.38317 1.14143
0.90567 1.37983 1.14075
0.909801 1.37885 1.1412
0.911616 1.38199 1.14182
0.90567 1.37983 1.14075
0.903716 1.37645 1.14063
0.907962 1.37566 1.1411
0.909801 1.37885 1.1412
0.903716 1.37645 1.14063
0.903509 1.37609 1.14183
0.907772 1.37533 1.14223
0.907962 1.37566 1.1411
0.903509 1.37609 1.14183
0.905451 1.37945 1.14232
0.909601 1.3785 1.14268
0.907772 1.37533 1.14223
0.905451 1.37945 1.14232
0.907391 1.38281 1.14285
0.911428 1.38166 1.14316
0.909601 1.3785 1.14268
0.907391 1.38281 1.14285
0.909322 1.38616 1.14348
0.913247 1.38482 1.14374
0.911428 1.38166 1.14316
0.909322 1.38616 1.14348
0.91124 1.38948 1.14426
0.915056 1.38795 1.14445
0.913247 1.38482 1.14374
0.916841 1.39104 1.14535
0.915151 1.38811 1.14389
0.91897 1.38659 1.1441
0.920559 1.38935 1.14543
0.915151 1.38811 1.14389
0.913401 1.38508 1.14274
0.917329 1.38375 1.14305
0.91897 1.38659 1.1441
0.913401 1.38508 1.14274
0.911616 1.38199 1.14182
0.915657 1.38086 1.1422
0.917329 1.38375 1.14305
0.911616 1.38199 1.14182
0.909801 1.37885 1.1412
0.913957 1.37791 1.14163
0.915657 1.38086 1.1422
0.909801 1.37885 1.1412
0.907962 1.37566 1.1411
0.912236 1.37493 1.14156
0.913957 1.37791 1.14163
0.907962 1.37566 1.1411
0.907772 1.37533 1.14223
0.912062 1.37463 1.14262
0.912236 1.37493 1.14156
0.907772 1.37533 1.14223
0.909601 1.3785 1.14268
0.913775 1.3776 1.14302
0.912062 1.37463 1.14262
0.909601 1.3785 1.14268
0.911428 1.38166 1.14316
0.915485 1.38056 1.14347
0.913775 1.3776 1.14302
0.911428 1.38166 1.14316
0.913247 1.38482 1.14374
0.917189 1.38351 1.144
0.915485 1.38056 1.14347
0.913247 1.38482 1.14374
0.915056 1.38795 1.14445
0.918883 1.38644 1.14464
0.917189 1.38351 1.144
0.920559 1.38935 1.14543
0.91897 1.38659 1.1441
0.922802 1.3851 1.14431
0.924287 1.38767 1.14551
0.91897 1.38659 1.1441
0.917329 1.38375 1.14305
0.921275 1.38245 1.14334
0.922802 1.3851 1.14431
0.917329 1.38375 1.14305
0.915657 1.38086 1.1422
0.91972 1.37976 1.14257
0.921275 1.38245 1.14334
0.915657 1.38086 1.1422
0.913957 1.37791 1.14163
0.91814 1.37702 1.14206
0.91972 1.37976 1.14257
0.913957 1.37791 1.14163
0.912236 1.37493 1.14156
0.91654 1.37425 1.14201
0.91814 1.37702 1.14206
0.912236 1.37493 1.14156
0.912062 1.37463 1.14262
0.916383 1.37398 1.14299
0.91654 1.37425 1.14201
0.912062 1.37463 1.14262
0.913775 1.3776 1.14302
0.917974 1.37674 1.14335
0.916383 1.37398 1.14299
0.913775 1.3776 1.14302
0.915485 1.38056 1.14347
0.919564 1.37949 1.14376
0.917974 1.37674 1.14335
0.915485 1.38056 1.14347
0.917189 1.38351 1.144
0.921148 1.38223 1.14424
0.919564 1.37949 1.14376
0.917189 1.38351 1.144
0.918883 1.38644 1.14464
0.922724 1.38496 1.14481
0.921148 1.38223 1.14424
0.924287 1.38767 1.14551
0.922802 1.3851 1.14431
0.92665 1.38363 1.14451
0.928025 1.38601 1.14559
0.922802 1.3851 1.14431
0.921275 1.38245 1.14334
0.92524 1.38118 1.14364
0.92665 1.38363 1.14451
0.921275 1.38245 1.14334
0.91972 1.37976 1.14257
0.923806 1.3787 1.14294
0.92524 1.38118 1.14364
0.91972 1.37976 1.14257
0.91814 1.37702 1.14206
0.922348 1.37618 1.14247
0.923806 1.3787 1.14294
0.91814 1.37702 1.14206
0.91654 1.37425 1.14201
0.920874 1.37362 1.14244
0.922348 1.37618 1.14247
0.91654 1.37425 1.14201
0.916383 1.37398 1.14299
0.920732 1.37338 1.14334
0.920874 1.37362 1.14244
0.916383 1.37398 1.14299
0.917974 1.37674 1.14335
0.9222 1.37592 1.14367
0.920732 1.37338 1.14334
0.917974 1.37674 1.14335
0.919564 1.37949 1.14376
0.923665 1.37846 1.14404
0.9222 1.37592 1.14367
0.919564 1.37949 1.14376
0.921148 1.38223 1.14424
0.925126 1.38099 1.14447
0.923665 1.37846 1.14404
0.921148 1.38223 1.14424
0.922724 1.38496 1.14481
0.926581 1.38351 1.14498
0.925126 1.38099 1.14447
0.928025 1.38601 1.14559
0.92665 1.38363 1.14451
0.930508 1.38217 1.14471
0.931769 1.38436 1.14567
0.92665 1.38363 1.14451
0.92524 1.38118 1.14364
0.929219 1.37994 1.14392
0.930508 1.38217 1.14471
0.92524 1.38118 1.14364
0.923806 1.3787 1.14294
0.927908 1.37767 1.14329
0.929219 1.37994 1.14392
0.923806 1.3787 1.14294
0.922348 1.37618 1.14247
0.926576 1.37536 1.14288
0.927908 1.37767 1.14329
0.922348 1.37618 1.14247
0.920874 1.37362 1.14244
0.925229 1.37303 1.14286
0.926576 1.37536 1.14288
0.920874 1.37362 1.14244
0.920732 1.37338 1.14334
0.925103 1.37281 1.14368
0.925229 1.37303 1.14286
0.920732 1.37338 1.14334
0.9222 1.37592 1.14367
0.926444 1.37514 1.14398
0.925103 1.37281 1.14368
0.9222 1.37592 1.14367
0.923665 1.37846 1.14404
0.927782 1.37745 1.1443
0.926444 1.37514 1.14398
0.923665 1.37846 1.14404
0.925126 1.38099 1.14447
0.929117 1.37977 1.14469
0.927782 1.37745 1.1443
0.925126 1.38099 1.14447
0.926581 1.38351 1.14498
0.930446 1.38207 1.14515
0.929117 1.37977 1.14469
0.931769 1.38436 1.14567
0.930508 1.38217 1.14471
0.934378 1.38074 1.1449
0.935521 1.38272 1.14574
0.930508 1.38217 1.14471
0.929219 1.37994 1.14392
0.933213 1.37872 1.1442
0.934378 1.38074 1.1449
0.929219 1.37994 1.14392
0.927908 1.37767 1.14329
0.932028 1.37667 1.14364
0.933213 1.37872 1.1442
0.927908 1.37767 1.14329
0.926576 1.37536 1.14288
0.930826 1.37459 1.14327
0.932028 1.37667 1.14364
0.926576 1.37536 1.14288
0.925229 1.37303 1.14286
0.92961 1.37248 1.14327
0.930826 1.37459 1.14327
0.925229 1.37303 1.14286
0.925103 1.37281 1.14368
0.929499 1.37229 1.14401
0.92961 1.37248 1.14327
0.925103 1.37281 1.14368
0.926444 1.37514 1.14398
0.930709 1.37439 1.14427
0.929499 1.37229 1.14401
0.926444 1.37514 1.14398
0.927782 1.37745 1.1443
0.931918 1.37648 1.14456
0.930709 1.37439 1.14427
0.927782 1.37745 1.1443
0.929117 1.37977 1.14469
0.933123 1.37857 1.1449
0.931918 1.37648 1.14456
0.929117 1.37977 1.14469
0.930446 1.38207 1.14515
0.934324 1.38065 1.1453
0.933123 1.37857 1.1449
0.935521 1.38272 1.14574
0.934378 1.38074 1.1449
0.938094 1.37939 1.14507
0.939119 1.38116 1.14581
0.934378 1.38074 1.1449
0.933213 1.37872 1.1442
0.93705 1.37758 1.14445
0.938094 1.37939 1.14507
0.933213 1.37872 1.1442
0.932028 1.37667 1.14364
0.93599 1.37574 1.14396
0.93705 1.37758 1.14445
0.932028 1.37667 1.14364
0.930826 1.37459 1.14327
0.934913 1.37388 1.14364
0.93599 1.37574 1.14396
0.930826 1.37459 1.14327
0.92961 1.37248 1.14327
0.933826 1.372 1.14364
0.934913 1.37388 1.14364
0.92961 1.37248 1.14327
0.929499 1.37229 1.14401
0.933728 1.37183 1.14431
0.933826 1.372 1.14364
0.929499 1.37229 1.14401
0.930709 1.37439 1.14427
0.934811 1.3737 1.14453
0.933728 1.37183 1.14431
0.930709 1.37439 1.14427
0.931918 1.37648 1.14456
0.935893 1.37558 1.14478
0.934811 1.3737 1.14453
0.931918 1.37648 1.14456
0.933123 1.37857 1.1449
0.936972 1.37744 1.14508
0.935893 1.37558 1.14478
0.933123 1.37857 1.1449
0.934324 1.38065 1.1453
0.938047 1.37931 1.14543
0.936972 1.37744 1.14508
0.939119 1.38116 1.14581
0.938094 1.37939 1.14507
0.939029 1.37912 1.14512
0.940018 1.38084 1.14583
0.938094 1.37939 1.14507
0.93705 1.37758 1.14445
0.938022 1.37738 1.14453
0.939029 1.37912 1.14512
0.93705 1.37758 1.14445
0.93599 1.37574 1.14396
0.936998 1.37561 1.14405
0.938022 1.37738 1.14453
0.93599 1.37574 1.14396
0.934913 1.37388 1.14364
0.935959 1.37381 1.14374
0.936998 1.37561 1.14405
0.934913 1.37388 1.14364
0.933826 1.372 1.14364
0.93491 1.37199 1.14375
0.935959 1.37381 1.14374
0.933826 1.372 1.14364
0.933728 1.37183 1.14431
0.934815 1.37183 1.1444
0.93491 1.37199 1.14375
0.933728 1.37183 1.14431
0.934811 1.3737 1.14453
0.935861 1.37364 1.14461
0.934815 1.37183 1.1444
0.934811 1.3737 1.14453
0.935893 1.37558 1.14478
0.936905 1.37544 1.14485
0.935861 1.37364 1.14461
0.935893 1.37558 1.14478
0.936972 1.37744 1.14508
0.937946 1.37725 1.14514
0.936905 1.37544 1.14485
0.936972 1.37744 1.14508
0.938047 1.37931 1.14543
0.938983 1.37904 1.14547
0.937946 1.37725 1.14514
0.940018 1.38084 1.14583
0.939029 1.37912 1.14512
0.93983 1.37897 1.14518
0.940783 1.38062 1.14586
0.939029 1.37912 1.14512
0.938022 1.37738 1.14453
0.93886 1.37729 1.14461
0.93983 1.37897 1.14518
0.938022 1.37738 1.14453
0.936998 1.37561 1.14405
0.937875 1.37558 1.14415
0.93886 1.37729 1.14461
0.936998 1.37561 1.14405
0.935959 1.37381 1.14374
0.936874 1.37385 1.14386
0.937875 1.37558 1.14415
0.935959 1.37381 1.14374
0.93491 1.37199 1.14375
0.935864 1.3721 1.14387
0.936874 1.37385 1.14386
0.93491 1.37199 1.14375
0.934815 1.37183 1.1444
0.935773 1.37194 1.14449
0.935864 1.3721 1.14387
0.934815 1.37183 1.1444
0.935861 1.37364 1.14461
0.936779 1.37369 1.14469
0.935773 1.37194 1.14449
0.935861 1.37364 1.14461
0.936905 1.37544 1.14485
0.937785 1.37543 1.14492
0.936779 1.37369 1.14469
0.936905 1.37544 1.14485
0.937946 1.37725 1.14514
0.938787 1.37717 1.1452
0.937785 1.37543 1.14492
0.937946 1.37725 1.14514
0.938983 1.37904 1.14547
0.939786 1.3789 1.14551
0.938787 1.37717 1.1452
0.940783 1.38062 1.14586
0.93983 1.37897 1.14518
0.940671 1.37889 1.14525
0.94158 1.38046 1.1459
0.93983 1.37897 1.14518
0.93886 1.37729 1.14461
0.939746 1.37729 1.14471
0.940671 1.37889 1.14525
0.93886 1.37729 1.14461
0.937875 1.37558 1.14415
0.938806 1.37566 1.14427
0.939746 1.37729 1.14471
0.937875 1.37558 1.14415
0.936874 1.37385 1.14386
0.937852 1.37401 1.14399
0.938806 1.37566 1.14427
0.936874 1.37385 1.14386
0.935864 1.3721 1.14387
0.936889 1.37234 1.144
0.937852 1.37401 1.14399
0.935864 1.3721 1.14387
0.935773 1.37194 1.14449
0.936802 1.37219 1.1446
0.936889 1.37234 1.144
0.935773 1.37194 1.14449
0.936779 1.37369 1.14469
0.937762 1.37385 1.14479
0.936802 1.37219 1.1446
0.936779 1.37369 1.14469
0.937785 1.37543 1.14492
0.93872 1.37551 1.14501
0.937762 1.37385 1.14479
0.937785 1.37543 1.14492
0.938787 1.37717 1.1452
0.939676 1.37717 1.14527
0.93872 1.37551 1.14501
0.938787 1.37717 1.1452
0.939786 1.3789 1.14551
0.940629 1.37882 1.14557
0.939676 1.37717 1.14527
0.94158 1.38046 1.1459
0.940671 1.37889 1.14525
0.941556 1.37888 1.14534
0.942412 1.38037 1.14595
0.940671 1.37889 1.14525
0.939746 1.37729 1.14471
0.940684 1.37737 1.14483
0.941556 1.37888 1.14534
0.939746 1.37729 1.14471
0.938806 1.37566 1.14427
0.939799 1.37584 1.14442
0.940684 1.37737 1.14483
0.938806 1.37566 1.14427
0.937852 1.37401 1.14399
0.9389 1.37428 1.14416
0.939799 1.37584 1.14442
0.937852 1.37401 1.14399
0.936889 1.37234 1.144
0.937993 1.37271 1.14417
0.9389 1.37428 1.14416
0.936889 1.37234 1.144
0.936802 1.37219 1.1446
0.937912 1.37257 1.14473
0.937993 1.37271 1.14417
0.936802 1.37219 1.1446
0.937762 1.37385 1.14479
0.938816 1.37414 1.14491
0.937912 1.37257 1.14473
0.937762 1.37385 1.14479
0.93872 1.37551 1.14501
0.939719 1.3757 1.14512
0.938816 1.37414 1.14491
0.93872 1.37551 1.14501
0.939676 1.37717 1.14527
0.940619 1.37726 1.14536
0.939719 1.3757 1.14512
0.939676 1.37717 1.14527
0.940629 1.37882 1.14557
0.941517 1.37881 1.14564
0.940619 1.37726 1.14536
0.942412 1.38037 1.14595
0.941556 1.37888 1.14534
0.942495 1.37897 1.14545
0.943287 1.38034 1.14601
0.941556 1.37888 1.14534
0.940684 1.37737 1.14483
0.941687 1.37757 1.14498
0.942495 1.37897 1.14545
0.940684 1.37737 1.14483
0.939799 1.37584 1.14442
0.940867 1.37615 1.1446
0.941687 1.37757 1.14498
0.939799 1.37584 1.14442
0.9389 1.37428 1.14416
0.940034 1.37471 1.14436
0.940867 1.37615 1.1446
0.9389 1.37428 1.14416
0.937993 1.37271 1.14417
0.939194 1.37325 1.14437
0.940034 1.37471 1.14436
0.937993 1.37271 1.14417
0.937912 1.37257 1.14473
0.939119 1.37312 1.14489
0.939194 1.37325 1.14437
0.937912 1.37257 1.14473
0.938816 1.37414 1.14491
0.939956 1.37457 1.14506
0.939119 1.37312 1.14489
0.938816 1.37414 1.14491
0.939719 1.3757 1.14512
0.940793 1.37602 1.14524
0.939956 1.37457 1.14506
0.939719 1.3757 1.14512
0.940619 1.37726 1.14536
0.941627 1.37747 1.14547
0.940793 1.37602 1.14524
0.940619 1.37726 1.14536
0.941517 1.37881 1.14564
0.942458 1.37891 1.14573
0.941627 1.37747 1.14547
0.943287 1.38034 1.14601
0.942495 1.37897 1.14545
0.943504 1.37918 1.14558
0.94422 1.38042 1.14609
0.942495 1.37897 1.14545
0.941687 1.37757 1.14498
0.942774 1.37791 1.14516
0.943504 1.37918 1.14558
0.941687 1.37757 1.14498
0.940867 1.37615 1.1446
0.942033 1.37663 1.14482
0.942774 1.37791 1.14516
0.940867 1.37615 1.1446
0.940034 1.37471 1.14436
0.941281 1.37533 1.1446
0.942033 1.37663 1.14482
0.940034 1.37471 1.14436
0.939194 1.37325 1.14437
0.940522 1.37401 1.14461
0.941281 1.37533 1.1446
0.939194 1.37325 1.14437
0.939119 1.37312 1.14489
0.940454 1.3739 1.14508
0.940522 1.37401 1.14461
0.939119 1.37312 1.14489
0.939956 1.37457 1.14506
0.941211 1.37521 1.14523
0.940454 1.3739 1.14508
0.939956 1.37457 1.14506
0.940793 1.37602 1.14524
0.941966 1.37651 1.1454
0.941211 1.37521 1.14523
0.940793 1.37602 1.14524
0.941627 1.37747 1.14547
0.94272 1.37782 1.1456
0.941966 1.37651 1.1454
0.941627 1.37747 1.14547
0.942458 1.37891 1.14573
0.943471 1.37912 1.14583
0.94272 1.37782 1.1456
0.94422 1.38042 1.14609
0.943504 1.37918 1.14558
0.944612 1.37956 1.14575
0.945233 1.38063 1.14619
0.943504 1.37918 1.14558
0.942774 1.37791 1.14516
0.94398 1.37846 1.14538
0.944612 1.37956 1.14575
0.942774 1.37791 1.14516
0.942033 1.37663 1.14482
0.943338 1.37735 1.14509
0.94398 1.37846 1.14538
0.942033 1.37663 1.14482
0.941281 1.37533 1.1446
0.942686 1.37622 1.14491
0.943338 1.37735 1.14509
0.941281 1.37533 1.1446
0.940522 1.37401 1.14461
0.942029 1.37508 1.14492
0.942686 1.37622 1.14491
0.940522 1.37401 1.14461
0.940454 1.3739 1.14508
0.94197 1.37498 1.14532
0.942029 1.37508 1.14492
0.940454 1.3739 1.14508
0.941211 1.37521 1.14523
0.942626 1.37612 1.14545
0.94197 1.37498 1.14532
0.941211 1.37521 1.14523
0.941966 1.37651 1.1454
0.94328 1.37725 1.1456
0.942626 1.37612 1.14545
0.941966 1.37651 1.1454
0.94272 1.37782 1.1456
0.943933 1.37838 1.14577
0.94328 1.37725 1.1456
0.94272 1.37782 1.1456
0.943471 1.37912 1.14583
0.944584 1.37951 1.14597
0.943933 1.37838 1.14577
0.945233 1.38063 1.14619
0.944612 1.37956 1.14575
0.945894 1.38024 1.14599
0.946386 1.38109 1.14633
0.944612 1.37956 1.14575
0.94398 1.37846 1.14538
0.945394 1.37937 1.1457
0.945894 1.38024 1.14599
0.94398 1.37846 1.14538
0.943338 1.37735 1.14509
0.944885 1.37849 1.14547
0.945394 1.37937 1.1457
0.943338 1.37735 1.14509
0.942686 1.37622 1.14491
0.944369 1.3776 1.14532
0.944885 1.37849 1.14547
0.942686 1.37622 1.14491
0.942029 1.37508 1.14492
0.943849 1.3767 1.14533
0.944369 1.3776 1.14532
0.942029 1.37508 1.14492
0.94197 1.37498 1.14532
0.943802 1.37662 1.14565
0.943849 1.3767 1.14533
0.94197 1.37498 1.14532
0.942626 1.37612 1.14545
0.944321 1.37752 1.14575
0.943802 1.37662 1.14565
0.942626 1.37612 1.14545
0.94328 1.37725 1.1456
0.94484 1.37841 1.14586
0.944321 1.37752 1.14575
0.94328 1.37725 1.1456
0.943933 1.37838 1.14577
0.945357 1.37931 1.146
0.94484 1.37841 1.14586
0.943933 1.37838 1.14577
0.944584 1.37951 1.14597
0.945872 1.3802 1.14616
0.945357 1.37931 1.146
0.946386 1.38109 1.14633
0.945894 1.38024 1.14599
0.947632 1.38171 1.14639
0.947907 1.38219 1.14658
0.945894 1.38024 1.14599
0.945394 1.37937 1.1457
0.947352 1.38123 1.14623
0.947632 1.38171 1.14639
0.945394 1.37937 1.1457
0.944885 1.37849 1.14547
0.947068 1.38073 1.1461
0.947352 1.38123 1.14623
0.944885 1.37849 1.14547
0.944369 1.3776 1.14532
0.94678 1.38023 1.14602
0.947068 1.38073 1.1461
0.944369 1.3776 1.14532
0.943849 1.3767 1.14533
0.946488 1.37973 1.14602
0.94678 1.38023 1.14602
0.943849 1.3767 1.14533
0.943802 1.37662 1.14565
0.946462 1.37968 1.1462
0.946488 1.37973 1.14602
0.943802 1.37662 1.14565
0.944321 1.37752 1.14575
0.946753 1.38019 1.14626
0.946462 1.37968 1.1462
0.944321 1.37752 1.14575
0.94484 1.37841 1.14586
0.947043 1.38069 1.14632
0.946753 1.38019 1.14626
0.94484 1.37841 1.14586
0.945357 1.37931 1.146
0.947332 1.38119 1.1464
0.947043 1.38069 1.14632
0.945357 1.37931 1.146
0.945872 1.3802 1.14616
0.94762 1.38169 1.14649
0.947332 1.38119 1.1464
0.947907 1.38219 1.14658
0.947632 1.38171 1.14639
0.949412 1.38341 1.14683
0.949451 1.38347 1.14686
0.947632 1.38171 1.14639
0.947352 1.38123 1.14623
0.949372 1.38334 1.14681
0.949412 1.38341 1.14683
0.947352 1.38123 1.14623
0.947068 1.38073 1.1461
0.949332 1.38327 1.14679
0.949372 1.38334 1.14681
0.947068 1.38073 1.1461
0.94678 1.38023 1.14602
0.949291 1.3832 1.14678
0.949332 1.38327 1.14679
0.94678 1.38023 1.14602
0.946488 1.37973 1.14602
0.94925 1.38313 1.14678
0.949291 1.3832 1.14678
0.946488 1.37973 1.14602
0.946462 1.37968 1.1462
0.949246 1.38312 1.1468
0.94925 1.38313 1.14678
0.946462 1.37968 1.1462
0.946753 1.38019 1.14626
0.949287 1.38319 1.14681
0.949246 1.38312 1.1468
0.946753 1.38019 1.14626
0.947043 1.38069 1.14632
0.949328 1.38326 1.14682
0.949287 1.38319 1.14681
0.947043 1.38069 1.14632
0.947332 1.38119 1.1464
0.949369 1.38333 1.14683
0.949328 1.38326 1.14682
0.947332 1.38119 1.1464
0.94762 1.38169 1.14649
0.94941 1.3834 1.14684
0.949369 1.38333 1.14683
0.830927 1.43422 1.14043
0.832542 1.43701 1.1429
0.83478 1.43585 1.14286
0.833091 1.43292 1.14009
0.833091 1.43292 1.14009
0.83478 1.43585 1.14286
0.838258 1.4339 1.14294
0.836422 1.43073 1.13985
0.836422 1.43073 1.13985
0.838258 1.4339 1.14294
0.841761 1.43183 1.14314
0.839741 1.42834 1.13991
0.839741 1.42834 1.13991
0.841761 1.43183 1.14314
0.845248 1.42974 1.14337
0.843045 1.42592 1.14012
0.843045 1.42592 1.14012
0.845248 1.42974 1.14337
0.848741 1.42765 1.14355
0.846383 1.42357 1.14033
0.846383 1.42357 1.14033
0.848741 1.42765 1.14355
0.852233 1.42557 1.14371
0.849752 1.42127 1.14055
0.849752 1.42127 1.14055
0.852233 1.42557 1.14371
0.855721 1.42348 1.14384
0.853151 1.41902 1.14077
0.853151 1.41902 1.14077
0.855721 1.42348 1.14384
0.859205 1.42137 1.14394
0.856579 1.41682 1.14099
0.856579 1.41682 1.14099
0.859205 1.42137 1.14394
0.862678 1.41925 1.14403
0.860034 1.41467 1.1412
0.860034 1.41467 1.1412
0.862678 1.41925 1.14403
0.866163 1.41716 1.14411
0.863519 1.41258 1.14142
0.863519 1.41258 1.14142
0.866163 1.41716 1.14411
0.869673 1.4151 1.1442
0.867041 1.41054 1.14163
0.867041 1.41054 1.14163
0.869673 1.4151 1.1442
0.873199 1.41307 1.14428
0.870589 1.40855 1.14184
0.870589 1.40855 1.14184
0.873199 1.41307 1.14428
0.876749 1.41108 1.14438
0.874171 1.40662 1.14206
0.874171 1.40662 1.14206
0.876749 1.41108 1.14438
0.880315 1.40913 1.14447
0.877777 1.40473 1.14226
0.877777 1.40473 1.14226
0.880315 1.40913 1.14447
0.883898 1.4072 1.14456
0.881409 1.40289 1.14247
0.881409 1.40289 1.14247
0.883898 1.4072 1.14456
0.887503 1.40531 1.14465
0.885068 1.40109 1.14268
0.885068 1.40109 1.14268
0.887503 1.40531 1.14465
0.891121 1.40344 1.14474
0.888741 1.39932 1.14293
0.888741 1.39932 1.14293
0.891121 1.40344 1.14474
0.894753 1.4016 1.14483
0.892438 1.39759 1.14317
0.892438 1.39759 1.14317
0.894753 1.4016 1.14483
0.898404 1.39978 1.14492
0.89616 1.3959 1.14341
0.89616 1.3959 1.14341
0.898404 1.39978 1.14492
0.902066 1.39799 1.14501
0.899901 1.39424 1.14363
0.899901 1.39424 1.14363
0.902066 1.39799 1.14501
0.905743 1.39622 1.1451
0.903664 1.39262 1.14385
0.903664 1.39262 1.14385
0.905743 1.39622 1.1451
0.90943 1.39448 1.14518
0.907444 1.39104 1.14405
0.907444 1.39104 1.14405
0.90943 1.39448 1.14518
0.913129 1.39275 1.14527
0.91124 1.38948 1.14426
0.91124 1.38948 1.14426
0.913129 1.39275 1.14527
0.916841 1.39104 1.14535
0.915056 1.38795 1.14445
0.915056 1.38795 1.14445
0.916841 1.39104 1.14535
0.920559 1.38935 1.14543
0.918883 1.38644 1.14464
0.918883 1.38644 1.14464
0.920559 1.38935 1.14543
0.924287 1.38767 1.14551
0.922724 1.38496 1.14481
0.922724 1.38496 1.14481
0.924287 1.38767 1.14551
0.928025 1.38601 1.14559
0.926581 1.38351 1.14498
0.926581 1.38351 1.14498
0.928025 1.38601 1.14559
0.931769 1.38436 1.14567
0.930446 1.38207 1.14515
0.930446 1.38207 1.14515
0.931769 1.38436 1.14567
0.935521 1.38272 1.14574
0.934324 1.38065 1.1453
0.934324 1.38065 1.1453
0.935521 1.38272 1.14574
0.939119 1.38116 1.14581
0.938047 1.37931 1.14543
0.938047 1.37931 1.14543
0.939119 1.38116 1.14581
0.940018 1.38084 1.14583
0.938983 1.37904 1.14547
0.938983 1.37904 1.14547
0.940018 1.38084 1.14583
0.940783 1.38062 1.14586
0.939786 1.3789 1.14551
0.939786 1.3789 1.14551
0.940783 1.38062 1.14586
0.94158 1.38046 1.1459
0.940629 1.37882 1.14557
0.940629 1.37882 1.14557
0.94158 1.38046 1.1459
0.942412 1.38037 1.14595
0.941517 1.37881 1.14564
0.941517 1.37881 1.14564
0.942412 1.38037 1.14595
0.943287 1.38034 1.14601
0.942458 1.37891 1.14573
0.942458 1.37891 1.14573
0.943287 1.38034 1.14601
0.94422 1.38042 1.14609
0.943471 1.37912 1.14583
0.943471 1.37912 1.14583
0.94422 1.38042 1.14609
0.945233 1.38063 1.14619
0.944584 1.37951 1.14597
0.944584 1.37951 1.14597
0.945233 1.38063 1.14619
0.946386 1.38109 1.14633
0.945872 1.3802 1.14616
0.945872 1.3802 1.14616
0.946386 1.38109 1.14633
0.947907 1.38219 1.14658
0.94762 1.38169 1.14649
0.94762 1.38169 1.14649
0.947907 1.38219 1.14658
0.949451 1.38347 1.14686
0.94941 1.3834 1.14684
0.8135 1.4528 1.1457
0.8135 1.4528 1.1457
0.8135 1.4528 1.1457
0.8135 1.4528 1.1457
0.8135 1.4528 1.1457
0.8135 1.4528 1.1457
0.8135 1.4528 1.1457
0.8135 1.4528 1.1457
0.8135 1.4528 1.1457
0.8135 1.4528 1.1457
0.8135 1.4528 1.1457
0.8135 1.4528 1.1457
0.8135 1.4528 1.1457
0.8135 1.4528 1.1457
0.8135 1.4528 1.1457
0.8135 1.4528 1.1457
0.8135 1.4528 1.1457
0.8135 1.4528 1.1457
0.8135 1.4528 1.1457
0.8135 1.4528 1.1457
0.8135 1.4528 1.1457
0.8135 1.4528 1.1457
0.8135 1.4528 1.1457
0.8135 1.4528 1.1457
0.8135 1.4528 1.1457
0.8135 1.4528 1.1457
0.8135 1.4528 1.1457
0.8135 1.4528 1.1457
0.8135 1.4528 1.1457
0.8135 1.4528 1.1457
0.8135 1.4528 1.1457
0.8135 1.4528 1.1457
0.8135 1.4528 1.1457
0.8135 1.4528 1.1457
0.8135 1.4528 1.1457
0.8135 1.4528 1.1457
0.8135 1.4528 1.1457
0.8135 1.4528 1.1457
0.8135 1.4528 1.1457
0.8135 1.4528 1.1457
0.8135 1.4528 1.1457
0.8135 1.4528 1.1457
0.8135 1.4528 1.1457
0.8135 1.4528 1.1457
0.8135 1.4528 1.1457
0.8135 1.4528 1.1457
0.8135 1.4528 1.1457
0.8135 1.4528 1.1457
0.8135 1.4528 1.1457
0.8135 1.4528 1.1457
0.8135 1.4528 1.1457
0.8135 1.4528 1.1457
0.8135 1.4528 1.1457
0.8135 1.4528 1.1457
0.8135 1.4528 1.1457
0.8135 1.4528 1.1457
0.8135 1.4528 1.1457
0.8135 1.4528 1.1457
0.8135 1.4528 1.1457
0.8135 1.4528 1.1457
0.8135 1.4528 1.1457
0.8135 1.4528 1.1457
0.8135 1.4528 1.1457
0.8135 1.4528 1.1457
0.8135 1.4528 1.1457
0.8135 1.4528 1.1457
0.8135 1.4528 1.1457
0.8135 1.4528 1.1457
0.8135 1.4528 1.1457
0.8135 1.4528 1.1457
0.8135 1.4528 1.1457
0.8135 1.4528 1.1457
0.8135 1.4528 1.1457
0.8135 1.4528 1.1457
0.8135 1.4528 1.1457
0.8135 1.4528 1.1457
0.8135 1.4528 1.1457
0.8135 1.4528 1.1457
0.8135 1.4528 1.1457
0.8135 1.4528 1.1457
0.8135 1.4528 1.1457
0.8135 1.4528 1.1457
0.8135 1.4528 1.1457
0.8135 1.4528 1.1457
0.8135 1.4528 1.1457
0.8135 1.4528 1.1457
0.8135 1.4528 1.1457
0.8135 1.4528 1.1457
CELLS 924 4620
4 0 1 2 3
4 4 5 6 7
4 8 9 10 11
4 12 13 14 15
4 16 17 18 19
4 20 21 22 23
4 24 25 26 27
4 28 29 30 31
4 32 33 34 35
4 36 37 38 39
4 40 41 42 43
4 44 45 46 47
4 48 49 50 51
4 52 53 54 55
4 56 57 58 59
4 60 61 62 63
4 64 65 66 67
4 68 69 70 71
4 72 73 74 75
4 76 77 78 79
4 80 81 82 83
4 84 85 86 87
4 88 89 90 91
4 92 93 94 95
4 96 97 98 99
4 100 101 102 103
4 104 105 106 107
4 108 109 110 111
4 112 113 114 115
4 116 117 118 119
4 120 121 122 123
4 124 125 126 127
4 128 129 130 131
4 132 133 134 135
4 136 137 138 139
4 140 141 142 143
4 144 145 146 147
4 148 149 150 151
4 152 153 154 155
4 156 157 158 159
4 160 161 162 163
4 164 165 166 167
4 168 169 170 171
4 172 173 174 175
4 176 177 178 179
4 180 181 182 183
4 184 185 186 187
4 188 189 190 191
4 192 193 194 195
4 196 197 198 199
4 200 201 202 203
4 204 205 206 207
4 208 209 210 211
4 212 213 214 215
4 216 217 218 219
4 220 221 222 223
4 224 225 226 227
4 228 229 230 231
4 232 233 234 235
4 236 237 238 239
4 240 241 242 243
4 244 245 246 247
4 248 249 250 251
4 252 253 254 255
4 256 257 258 259
4 260 261 262 263
4 264 265 266 267
4 268 269 270 271
4 272 273 274 275
4 276 277 278 279
4 280 281 282 283
4 284 285 286 287
4 288 289 290 291
4 292 293 294 295
4 296 297 298 299
4 300 301 302 303
4 304 305 306 307
4 308 309 310 311
4 312 313 314 315
4 316 317 318 319
4 320 321 322 323
4 324 325 326 327
4 328 329 330 331
4 332 333 334 335
4 336 337 338 339
4 340 341 342 343
4 344 345 346 347
4 348 349 350 351
4 352 353 354 355
4 356 357 358 359
4 360 361 362 363
4 364 365 366 367
4 368 369 370 371
4 372 373 374 375
4 376 377 378 379
4 380 381 382 383
4 384 385 386 387
4 388 389 390 391
4 392 393 394 395
4 396 397 398 399
4 400 401 402 403
4 404 405 406 407
4 408 409 410 411
4 412 413 414 415
4 416 417 418 419
4 420 421 422 423
4 424 425 426 427
4 428 429 430 431
4 432 433 434 435
4 436 437 438 439
4 440 441 442 443
4 444 445 446 447
4 448 449 450 451
4 452 453 454 455
4 456 457 458 459
4 460 461 462 463
4 464 465 466 467
4 468 469 470 471
4 472 473 474 475
4 476 477 478 479
4 480 481 482 483
4 484 485 486 487
4 488 489 490 491
4 492 493 494 495
4 496 497 498 499
4 500 501 502 503
4 504 505 506 507
4 508 509 510 511
4 512 513 514 515
4 516 517 518 519
4 520 521 522 523
4 524 525 526 527
4 528 529 530 531
4 532 533 534 535
4 536 537 538 539
4 540 541 542 543
4 544 545 546 547
4 548 549 550 551
4 552 553 554 555
4 556 557 558 559
4 560 561 562 563
4 564 565 566 567
4 568 569 570 571
4 572 573 574 575
4 576 577 578 579
4 580 581 582 583
4 584 585 586 587
4 588 589 590 591
4 592 593 594 595
4 596 597 598 599
4 600 601 602 603
4 604 605 606 607
4 608 609 610 611
4 612 613 614 615
4 616 617 618 619
4 620 621 622 623
4 624 625 626 627
4 628 629 630 631
4 632 633 634 635
4 636 637 638 639
4 640 641 642 643
4 644 645 646 647
4 648 649 650 651
4 652 653 654 655
4 656 657 658 659
4 660 661 662 663
4 664 665 666 667
4 668 669 670 671
4 672 673 674 675
4 676 677 678 679
4 680 681 682 683
4 684 685 686 687
4 688 689 690 691
4 692 693 694 695
4 696 697 698 699
4 700 701 702 703
4 704 705 706 707
4 708 709 710 711
4 712 713 714 715
4 716 717 718 719
4 720 721 722 723
4 724 725 726 727
4 728 729 730 731
4 732 733 734 735
4 736 737 738 739
4 740 741 742 743
4 744 745 746 747
4 748 749 750 751
4 752 753 754 755
4 756 757 758 759
4 760 761 762 763
4 764 765 766 767
4 768 769 770 771
4 772 773 774 775
4 776 777 778 779
4 780 781 782 783
4 784 785 786 787
4 788 789 790 791
4 792 793 794 795
4 796 797 798 799
4 800 801 802 803
4 804 805 806 807
4 808 809 810 811
4 812 813 814 815
4 816 817 818 819
4 820 821 822 823
4 824 825 826 827
4 828 829 830 831
4 832 833 834 835
4 836 837 838 839
4 840 841 842 843
4 844 845 846 847
4 848 849 850 851
4 852 853 854 855
4 856 857 858 859
4 860 861 862 863
4 864 865 866 867
4 868 869 870 871
4 872 873 874 875
4 876 877 878 879
4 880 881 882 883
4 884 885 886 887
4 888 889 890 891
4 892 893 894 895
4 896 897 898 899
4 900 901 902 903
4 904 905 906 907
4 908 909 910 911
4 912 913 914 915
4 916 917 918 919
4 920 921 922 923
4 924 925 926 927
4 928 929 930 931
4 932 933 934 935
4 936 937 938 939
4 940 941 942 943
4 944 945 946 947
4 948 949 950 951
4 952 953 954 955
4 956 957 958 959
4 960 961 962 963
4 964 965 966 967
4 968 969 970 971
4 972 973 974 975
4 976 977 978 979
4 980 981 982 983
4 984 985 986 987
4 988 989 990 991
4 992 993 994 995
4 996 997 998 999
4 1000 1001 1002 1003
4 1004 1005 1006 1007
4 1008 1009 1010 1011
4 1012 1013 1014 1015
4 1016 1017 1018 1019
4 1020 1021 1022 1023
4 1024 1025 1026 1027
4 1028 1029 1030 1031
4 1032 1033 1034 1035
4 1036 1037 1038 1039
4 1040 1041 1042 1043
4 1044 1045 1046 1047
4 1048 1049 1050 1051
4 1052 1053 1054 1055
4 1056 1057 1058 1059
4 1060 1061 1062 1063
4 1064 1065 1066 1067
4 1068 1069 1070 1071
4 1072 1073 1074 1075
4 1076 1077 1078 1079
4 1080 1081 1082 1083
4 1084 1085 1086 1087
4 1088 1089 1090 1091
4 1092 1093 1094 1095
4 1096 1097 1098 1099
4 1100 1101 1102 1103
4 1104 1105 1106 1107
4 1108 1109 1110 1111
4 1112 1113 1114 1115
4 1116 1117 1118 1119
4 1120 1121 1122 1123
4 1124 1125 1126 1127
4 1128 1129 1130 1131
4 1132 1133 1134 1135
4 1136 1137 1138 1139
4 1140 1141 1142 1143
4 1144 1145 1146 1147
4 1148 1149 1150 1151
4 1152 1153 1154 1155
4 1156 1157 1158 1159
4 1160 1161 1162 1163
4 1164 1165 1166 1167
4 1168 1169 1170 1171
4 1172 1173 1174 1175
4 1176 1177 1178 1179
4 1180 1181 1182 1183
4 1184 1185 1186 1187
4 1188 1189 1190 1191
4 1192 1193 1194 1195
4 1196 1197 1198 1199
4 1200 1201 1202 1203
4 1204 1205 1206 1207
4 1208 1209 1210 1211
4 1212 1213 1214 1215
4 1216 1217 1218 1219
4 1220 1221 1222 1223
4 1224 1225 1226 1227
4 1228 1229 1230 1231
4 1232 1233 1234 1235
4 1236 1237 1238 1239
4 1240 1241 1242 1243
4 1244 1245 1246 1247
4 1248 1249 1250 1251
4 1252 1253 1254 1255
4 1256 1257 1258 1259
4 1260 1261 1262 1263
4 1264 1265 1266 1267
4 1268 1269 1270 1271
4 1272 1273 1274 1275
4 1276 1277 1278 1279
4 1280 1281 1282 1283
4 1284 1285 1286 1287
4 1288 1289 1290 1291
4 1292 1293 1294 1295
4 1296 1297 1298 1299
4 1300 1301 1302 1303
4 1304 1305 1306 1307
4 1308 1309 1310 1311
4 1312 1313 1314 1315
4 1316 1317 1318 1319
4 1320 1321 1322 1323
4 1324 1325 1326 1327
4 1328 1329 1330 1331
4 1332 1333 1334 1335
4 1336 1337 1338 1339
4 1340 1341 1342 1343
4 1344 1345 1346 1347
4 1348 1349 1350 1351
4 1352 1353 1354 1355
4 1356 1357 1358 1359
4 1360 1361 1362 1363
4 1364 1365 1366 1367
4 1368 1369 1370 1371
4 1372 1373 1374 1375
4 1376 1377 1378 1379
4 1380 1381 1382 1383
4 1384 1385 1386 1387
4 1388 1389 1390 1391
4 1392 1393 1394 1395
4 1396 1397 1398 1399
4 1400 1401 1402 1403
4 1404 1405 1406 1407
4 1408 1409 1410 1411
4 1412 1413 1414 1415
4 1416 1417 1418 1419
4 1420 1421 1422 1423
4 1424 1425 1426 1427
4 1428 1429 1430 1431
4 1432 1433 1434 1435
4 1436 1437 1438 1439
4 1440 1441 1442 1443
4 1444 1445 1446 1447
4 1448 1449 1450 1451
4 1452 1453 1454 1455
4 1456 1457 1458 1459
4 1460 1461 1462 1463
4 1464 1465 1466 1467
4 1468 1469 1470 1471
4 1472 1473 1474 1475
4 1476 1477 1478 1479
4 1480 1481 1482 1483
4 1484 1485 1486 1487
4 1488 1489 1490 1491
4 1492 1493 1494 1495
4 1496 1497 1498 1499
4 1500 1501 1502 1503
4 1504 1505 1506 1507
4 1508 1509 1510 1511
4 1512 1513 1514 1515
4 1516 1517 1518 1519
4 1520 1521 1522 1523
4 1524 1525 1526 1527
4 1528 1529 1530 1531
4 1532 1533 1534 1535
4 1536 1537 1538 1539
4 1540 1541 1542 1543
4 1544 1545 1546 1547
4 1548 1549 1550 1551
4 1552 1553 1554 1555
4 1556 1557 1558 1559
4 1560 1561 1562 1563
4 1564 1565 1566 1567
4 1568 1569 1570 1571
4 1572 1573 1574 1575
4 1576 1577 1578 1579
4 1580 1581 1582 1583
4 1584 1585 1586 1587
4 1588 1589 1590 1591
4 1592 1593 1594 1595
4 1596 1597 1598 1599
4 1600 1601 1602 1603
4 1604 1605 1606 1607
4 1608 1609 1610 1611
4 1612 1613 1614 1615
4 1616 1617 1618 1619
4 1620 1621 1622 1623
4 1624 1625 1626 1627
4 1628 1629 1630 1631
4 1632 1633 1634 1635
4 1636 1637 1638 1639
4 1640 1641 1642 1643
4 1644 1645 1646 1647
4 1648 1649 1650 1651
4 1652 1653 1654 1655
4 1656 1657 1658 1659
4 1660 1661 1662 1663
4 1664 1665 1666 1667
4 1668 1669 1670 1671
4 1672 1673 1674 1675
4 1676 1677 1678 1679
4 1680 1681 1682 1683
4 1684 1685 1686 1687
4 1688 1689 1690 1691
4 1692 1693 1694 1695
4 1696 1697 1698 1699
4 1700 1701 1702 1703
4 1704 1705 1706 1707
4 1708 1709 1710 1711
4 1712 1713 1714 1715
4 1716 1717 1718 1719
4 1720 1721 1722 1723
4 1724 1725 1726 1727
4 1728 1729 1730 1731
4 1732 1733 1734 1735
4 1736 1737 1738 1739
4 1740 1741 1742 1743
4 1744 1745 1746 1747
4 1748 1749 1750 1751
4 1752 1753 1754 1755
4 1756 1757 1758 1759
4 1760 1761 1762 1763
4 1764 1765 1766 1767
4 1768 1769 1770 1771
4 1772 1773 1774 1775
4 1776 1777 1778 1779
4 1780 1781 1782 1783
4 1784 1785 1786 1787
4 1788 1789 1790 1791
4 1792 1793 1794 1795
4 1796 1797 1798 1799
4 1800 1801 1802 1803
4 1804 1805 1806 1807
4 1808 1809 1810 1811
4 1812 1813 1814 1815
4 1816 1817 1818 1819
4 1820 1821 1822 1823
4 1824 1825 1826 1827
4 1828 1829 1830 1831
4 1832 1833 1834 1835
4 1836 1837 1838 1839
4 1840 1841 1842 1843
4 1844 1845 1846 1847
4 1848 1849 1850 1851
4 1852 1853 1854 1855
4 1856 1857 1858 1859
4 1860 1861 1862 1863
4 1864 1865 1866 1867
4 1868 1869 1870 1871
4 1872 1873 1874 1875
4 1876 1877 1878 1879
4 1880 1881 1882 1883
4 1884 1885 1886 1887
4 1888 1889 1890 1891
4 1892 1893 1894 1895
4 1896 1897 1898 1899
4 1900 1901 1902 1903
4 1904 1905 1906 1907
4 1908 1909 1910 1911
4 1912 1913 1914 1915
4 1916 1917 1918 1919
4 1920 1921 1922 1923
4 1924 1925 1926 1927
4 1928 1929 1930 1931
4 1932 1933 1934 1935
4 1936 1937 1938 1939
4 1940 1941 1942 1943
4 1944 1945 1946 1947
4 1948 1949 1950 1951
4 1952 1953 1954 1955
4 1956 1957 1958 1959
4 1960 1961 1962 1963
4 1964 1965 1966 1967
4 1968 1969 1970 1971
4 1972 1973 1974 1975
4 1976 1977 1978 1979
4 1980 1981 1982 1983
4 1984 1985 1986 1987
4 1988 1989 1990 1991
4 1992 1993 1994 1995
4 1996 1997 1998 1999
4 2000 2001 2002 2003
4 2004 2005 2006 2007
4 2008 2009 2010 2011
4 2012 2013 2014 2015
4 2016 2017 2018 2019
4 2020 2021 2022 2023
4 2024 2025 2026 2027
4 2028 2029 2030 2031
4 2032 2033 2034 2035
4 2036 2037 2038 2039
4 2040 2041 2042 2043
4 2044 2045 2046 2047
4 2048 2049 2050 2051
4 2052 2053 2054 2055
4 2056 2057 2058 2059
4 2060 2061 2062 2063
4 2064 2065 2066 2067
4 2068 2069 2070 2071
4 2072 2073 2074 2075
4 2076 2077 2078 2079
4 2080 2081 2082 2083
4 2084 2085 2086 2087
4 2088 2089 2090 2091
4 2092 2093 2094 2095
4 2096 2097 2098 2099
4 2100 2101 2102 2103
4 2104 2105 2106 2107
4 2108 2109 2110 2111
4 2112 2113 2114 2115
4 2116 2117 2118 2119
4 2120 2121 2122 2123
4 2124 2125 2126 2127
4 2128 2129 2130 2131
4 2132 2133 2134 2135
4 2136 2137 2138 2139
4 2140 2141 2142 2143
4 2144 2145 2146 2147
4 2148 2149 2150 2151
4 2152 2153 2154 2155
4 2156 2157 2158 2159
4 2160 2161 2162 2163
4 2164 2165 2166 2167
4 2168 2169 2170 2171
4 2172 2173 2174 2175
4 2176 2177 2178 2179
4 2180 2181 2182 2183
4 2184 2185 2186 2187
4 2188 2189 2190 2191
4 2192 2193 2194 2195
4 2196 2197 2198 2199
4 2200 2201 2202 2203
4 2204 2205 2206 2207
4 2208 2209 2210 2211
4 2212 2213 2214 2215
4 2216 2217 2218 2219
4 2220 2221 2222 2223
4 2224 2225 2226 2227
4 2228 2229 2230 2231
4 2232 2233 2234 2235
4 2236 2237 2238 2239
4 2240 2241 2242 2243
4 2244 2245 2246 2247
4 2248 2249 2250 2251
4 2252 2253 2254 2255
4 2256 2257 2258 2259
4 2260 2261 2262 2263
4 2264 2265 2266 2267
4 2268 2269 2270 2271
4 2272 2273 2274 2275
4 2276 2277 2278 2279
4 2280 2281 2282 2283
4 2284 2285 2286 2287
4 2288 2289 2290 2291
4 2292 2293 2294 2295
4 2296 2297 2298 2299
4 2300 2301 2302 2303
4 2304 2305 2306 2307
4 2308 2309 2310 2311
4 2312 2313 2314 2315
4 2316 2317 2318 2319
4 2320 2321 2322 2323
4 2324 2325 2326 2327
4 2328 2329 2330 2331
4 2332 2333 2334 2335
4 2336 2337 2338 2339
4 2340 2341 2342 2343
4 2344 2345 2346 2347
4 2348 2349 2350 2351
4 2352 2353 2354 2355
4 2356 2357 2358 2359
4 2360 2361 2362 2363
4 2364 2365 2366 2367
4 2368 2369 2370 2371
4 2372 2373 2374 2375
4 2376 2377 2378 2379
4 2380 2381 2382 2383
4 2384 2385 2386 2387
4 2388 2389 2390 2391
4 2392 2393 2394 2395
4 2396 2397 2398 2399
4 2400 2401 2402 2403
4 2404 2405 2406 2407
4 2408 2409 2410 2411
4 2412 2413 2414 2415
4 2416 2417 2418 2419
4 2420 2421 2422 2423
4 2424 2425 2426 2427
4 2428 2429 2430 2431
4 2432 2433 2434 2435
4 2436 2437 2438 2439
4 2440 2441 2442 2443
4 2444 2445 2446 2447
4 2448 2449 2450 2451
4 2452 2453 2454 2455
4 2456 2457 2458 2459
4 2460 2461 2462 2463
4 2464 2465 2466 2467
4 2468 2469 2470 2471
4 2472 2473 2474 2475
4 2476 2477 2478 2479
4 2480 2481 2482 2483
4 2484 2485 2486 2487
4 2488 2489 2490 2491
4 2492 2493 2494 2495
4 2496 2497 2498 2499
4 2500 2501 2502 2503
4 2504 2505 2506 2507
4 2508 2509 2510 2511
4 2512 2513 2514 2515
4 2516 2517 2518 2519
4 2520 2521 2522 2523
4 2524 2525 2526 2527
4 2528 2529 2530 2531
4 2532 2533 2534 2535
4 2536 2537 2538 2539
4 2540 2541 2542 2543
4 2544 2545 2546 2547
4 2548 2549 2550 2551
4 2552 2553 2554 2555
4 2556 2557 2558 2559
4 2560 2561 2562 2563
4 2564 2565 2566 2567
4 2568 2569 2570 2571
4 2572 2573 2574 2575
4 2576 2577 2578 2579
4 2580 2581 2582 2583
4 2584 2585 2586 2587
4 2588 2589 2590 2591
4 2592 2593 2594 2595
4 2596 2597 2598 2599
4 2600 2601 2602 2603
4 2604 2605 2606 2607
4 2608 2609 2610 2611
4 2612 2613 2614 2615
4 2616 2617 2618 2619
4 2620 2621 2622 2623
4 2624 2625 2626 2627
4 2628 2629 2630 2631
4 2632 2633 2634 2635
4 2636 2637 2638 2639
4 2640 2641 2642 2643
4 2644 2645 2646 2647
4 2648 2649 2650 2651
4 2652 2653 2654 2655
4 2656 2657 2658 2659
4 2660 2661 2662 2663
4 2664 2665 2666 2667
4 2668 2669 2670 2671
4 2672 2673 2674 2675
4 2676 2677 2678 2679
4 2680 2681 2682 2683
4 2684 2685 2686 2687
4 2688 2689 2690 2691
4 2692 2693 2694 2695
4 2696 2697 2698 2699
4 2700 2701 2702 2703
4 2704 2705 2706 2707
4 2708 2709 2710 2711
4 2712 2713 2714 2715
4 2716 2717 2718 2719
4 2720 2721 2722 2723
4 2724 2725 2726 2727
4 2728 2729 2730 2731
4 2732 2733 2734 2735
4 2736 2737 2738 2739
4 2740 2741 2742 2743
4 2744 2745 2746 2747
4 2748 2749 2750 2751
4 2752 2753 2754 2755
4 2756 2757 2758 2759
4 2760 2761 2762 2763
4 2764 2765 2766 2767
4 2768 2769 2770 2771
4 2772 2773 2774 2775
4 2776 2777 2778 2779
4 2780 2781 2782 2783
4 2784 2785 2786 2787
4 2788 2789 2790 2791
4 2792 2793 2794 2795
4 2796 2797 2798 2799
4 2800 2801 2802 2803
4 2804 2805 2806 2807
4 2808 2809 2810 2811
4 2812 2813 2814 2815
4 2816 2817 2818 2819
4 2820 2821 2822 2823
4 2824 2825 2826 2827
4 2828 2829 2830 2831
4 2832 2833 2834 2835
4 2836 2837 2838 2839
4 2840 2841 2842 2843
4 2844 2845 2846 2847
4 2848 2849 2850 2851
4 2852 2853 2854 2855
4 2856 2857 2858 2859
4 2860 2861 2862 2863
4 2864 2865 2866 2867
4 2868 2869 2870 2871
4 2872 2873 2874 2875
4 2876 2877 2878 2879
4 2880 2881 2882 2883
4 2884 2885 2886 2887
4 2888 2889 2890 2891
4 2892 2893 2894 2895
4 2896 2897 2898 2899
4 2900 2901 2902 2903
4 2904 2905 2906 2907
4 2908 2909 2910 2911
4 2912 2913 2914 2915
4 2916 2917 2918 2919
4 2920 2921 2922 2923
4 2924 2925 2926 2927
4 2928 2929 2930 2931
4 2932 2933 2934 2935
4 2936 2937 2938 2939
4 2940 2941 2942 2943
4 2944 2945 2946 2947
4 2948 2949 2950 2951
4 2952 2953 2954 2955
4 2956 2957 2958 2959
4 2960 2961 2962 2963
4 2964 2965 2966 2967
4 2968 2969 2970 2971
4 2972 2973 2974 2975
4 2976 2977 2978 2979
4 2980 2981 2982 2983
4 2984 2985 2986 2987
4 2988 2989 2990 2991
4 2992 2993 2994 2995
4 2996 2997 2998 2999
4 3000 3001 3002 3003
4 3004 3005 3006 3007
4 3008 3009 3010 3011
4 3012 3013 3014 3015
4 3016 3017 3018 3019
4 3020 3021 3022 3023
4 3024 3025 3026 3027
4 3028 3029 3030 3031
4 3032 3033 3034 3035
4 3036 3037 3038 3039
4 3040 3041 3042 3043
4 3044 3045 3046 3047
4 3048 3049 3050 3051
4 3052 3053 3054 3055
4 3056 3057 3058 3059
4 3060 3061 3062 3063
4 3064 3065 3066 3067
4 3068 3069 3070 3071
4 3072 3073 3074 3075
4 3076 3077 3078 3079
4 3080 3081 3082 3083
4 3084 3085 3086 3087
4 3088 3089 3090 3091
4 3092 3093 3094 3095
4 3096 3097 3098 3099
4 3100 3101 3102 3103
4 3104 3105 3106 3107
4 3108 3109 3110 3111
4 3112 3113 3114 3115
4 3116 3117 3118 3119
4 3120 3121 3122 3123
4 3124 3125 3126 3127
4 3128 3129 3130 3131
4 3132 3133 3134 3135
4 3136 3137 3138 3139
4 3140 3141 3142 3143
4 3144 3145 3146 3147
4 3148 3149 3150 3151
4 3152 3153 3154 3155
4 3156 3157 3158 3159
4 3160 3161 3162 3163
4 3164 3165 3166 3167
4 3168 3169 3170 3171
4 3172 3173 3174 3175
4 3176 3177 3178 3179
4 3180 3181 3182 3183
4 3184 3185 3186 3187
4 3188 3189 3190 3191
4 3192 3193 3194 3195
4 3196 3197 3198 3199
4 3200 3201 3202 3203
4 3204 3205 3206 3207
4 3208 3209 3210 3211
4 3212 3213 3214 3215
4 3216 3217 3218 3219
4 3220 3221 3222 3223
4 3224 3225 3226 3227
4 3228 3229 3230 3231
4 3232 3233 3234 3235
4 3236 3237 3238 3239
4 3240 3241 3242 3243
4 3244 3245 3246 3247
4 3248 3249 3250 3251
4 3252 3253 3254 3255
4 3256 3257 3258 3259
4 3260 3261 3262 3263
4 3264 3265 3266 3267
4 3268 3269 3270 3271
4 3272 3273 3274 3275
4 3276 3277 3278 3279
4 3280 3281 3282 3283
4 3284 3285 3286 3287
4 3288 3289 3290 3291
4 3292 3293 3294 3295
4 3296 3297 3298 3299
4 3300 3301 3302 3303
4 3304 3305 3306 3307
4 3308 3309 3310 3311
4 3312 3313 3314 3315
4 3316 3317 3318 3319
4 3320 3321 3322 3323
4 3324 3325 3326 3327
4 3328 3329 3330 3331
4 3332 3333 3334 3335
4 3336 3337 3338 3339
4 3340 3341 3342 3343
4 3344 3345 3346 3347
4 3348 3349 3350 3351
4 3352 3353 3354 3355
4 3356 3357 3358 3359
4 3360 3361 3362 3363
4 3364 3365 3366 3367
4 3368 3369 3370 3371
4 3372 3373 3374 3375
4 3376 3377 3378 3379
4 3380 3381 3382 3383
4 3384 3385 3386 3387
4 3388 3389 3390 3391
4 3392 3393 3394 3395
4 3396 3397 3398 3399
4 3400 3401 3402 3403
4 3404 3405 3406 3407
4 3408 3409 3410 3411
4 3412 3413 3414 3415
4 3416 3417 3418 3419
4 3420 3421 3422 3423
4 3424 3425 3426 3427
4 3428 3429 3430 3431
4 3432 3433 3434 3435
4 3436 3437 3438 3439
4 3440 3441 3442 3443
4 3444 3445 3446 3447
4 3448 3449 3450 3451
4 3452 3453 3454 3455
4 3456 3457 3458 3459
4 3460 3461 3462 3463
4 3464 3465 3466 3467
4 3468 3469 3470 3471
4 3472 3473 3474 3475
4 3476 3477 3478 3479
4 3480 3481 3482 3483
4 3484 3485 3486 3487
4 3488 3489 3490 3491
4 3492 3493 3494 3495
4 3496 3497 3498 3499
4 3500 3501 3502 3503
4 3504 3505 3506 3507
4 3508 3509 3510 3511
4 3512 3513 3514 3515
4 3516 3517 3518 3519
4 3520 3521 3522 3523
4 3524 3525 3526 3527
4 3528 3529 3530 3531
4 3532 3533 3534 3535
4 3536 3537 3538 3539
4 3540 3541 3542 3543
4 3544 3545 3546 3547
4 3548 3549 3550 3551
4 3552 3553 3554 3555
4 3556 3557 3558 3559
4 3560 3561 3562 3563
4 3564 3565 3566 3567
4 3568 3569 3570 3571
4 3572 3573 3574 3575
4 3576 3577 3578 3579
4 3580 3581 3582 3583
4 3584 3585 3586 3587
4 3588 3589 3590 3591
4 3592 3593 3594 3595
4 3596 3597 3598 3599
4 3600 3601 3602 3603
4 3604 3605 3606 3607
4 3608 3609 3610 3611
4 3612 3613 3614 3615
4 3616 3617 3618 3619
4 3620 3621 3622 3623
4 3624 3625 3626 3627
4 3628 3629 3630 3631
4 3632 3633 3634 3635
4 3636 3637 3638 3639
4 3640 3641 3642 3643
4 3644 3645 3646 3647
4 3648 3649 3650 3651
4 3652 3653 3654 3655
4 3656 3657 3658 3659
4 3660 3661 3662 3663
4 3664 3665 3666 3667
4 3668 3669 3670 3671
4 3672 3673 3674 3675
4 3676 3677 3678 3679
4 3680 3681 3682 3683
4 3684 3685 3686 3687
4 3688 3689 3690 3691
4 3692 3693 3694 3695
CELL_TYPES 924
9
9
9
9
9
9
9
9
9
9
9
9
9
9
9
9
9
9
9
9
9
9
9
9
9
9
9
9
9
9
9
9
9
9
9
9
9
9
9
9
9
9
9
9
9
9
9
9
9
9
9
9
9
9
9
9
9
9
9
9
9
9
9
9
9
9
9
9
9
9
9
9
9
9
9
9
9
9
9
9
9
9
9
9
9
9
9
9
9
9
9
9
9
9
9
9
9
9
9
9
9
9
9
9
9
9
9
9
9
9
9
9
9
9
9
9
9
9
9
9
9
9
9
9
9
9
9
9
9
9
9
9
9
9
9
9
9
9
9
9
9
9
9
9
9
9
9
9
9
9
9
9
9
9
9
9
9
9
9
9
9
9
9
9
9
9
9
9
9
9
9
9
9
9
9
9
9
9
9
9
9
9
9
9
9
9
9
9
9
9
9
9
9
9
9
9
9
9
9
9
9
9
9
9
9
9
9
9
9
9
9
9
9
9
9
9
9
9
9
9
9
9
9
9
9
9
9
9
9
9
9
9
9
9
9
9
9
9
9
9
9
9
9
9
9
9
9
9
9
9
9
9
9
9
9
9
9
9
9
9
9
9
9
9
9
9
9
9
9
9
9
9
9
9
9
9
9
9
9
9
9
9
9
9
9
9
9
9
9
9
9
9
9
9
9
9
9
9
9
9
9
9
9
9
9
9
9
9
9
9
9
9
9
9
9
9
9
9
9
9
9
9
9
9
9
9
9
9
9
9
9
9
9
9
9
9
9
9
9
9
9
9
9
9
9
9
9
9
9
9
9
9
9
9
9
9
9
9
9
9
9
9
9
9
9
9
9
9
9
9
9
9
9
9
9
9
9
9
9
9
9
9
9
9
9
9
9
9
9
9
9
9
9
9
9
9
9
9
9
9
9
9
9
9
9
9
9
9
9
9
9
9
9
9
9
9
9
9
9
9
9
9
9
9
9
9
9
9
9
9
9
9
9
9
9
9
9
9
9
9
9
9
9
9
9
9
9
9
9
9
9
9
9
9
9
9
9
9
9
9
9
9
9
9
9
9
9
9
9
9
9
9
9
9
9
9
9
9
9
9
9
9
9
9
9
9
9
9
9
9
9
9
9
9
9
9
9
9
9
9
9
9
9
9
9
9
9
9
9
9
9
9
9
9
9
9
9
9
9
9
9
9
9
9
9
9
9
9
9
9
9
9
9
9
9
9
9
9
9
9
9
9
9
9
9
9
9
9
9
9
9
9
9
9
9
9
9
9
9
9
9
9
9
9
9
9
9
9
9
9
9
9
9
9
9
9
9
9
9
9
9
9
9
9
9
9
9
9
9
9
9
9
9
9
9
9
9
9
9
9
9
9
9
9
9
9
9
9
9
9
9
9
9
9
9
9
9
9
9
9
9
9
9
9
9
9
9
9
9
9
9
9
9
9
9
9
9
9
9
9
9
9
9
9
9
9
9
9
9
9
9
9
9
9
9
9
9
9
9
9
9
9
9
9
9
9
9
9
9
9
9
9
9
9
9
9
9
9
9
9
9
9
9
9
9
9
9
9
9
9
9
9
9
9
9
9
9
9
9
9
9
9
9
9
9
9
9
9
9
9
9
9
9
9
9
9
9
9
9
9
9
9
9
9
9
9
9
9
9
9
9
9
9
9
9
9
9
9
9
9
9
9
9
9
9
9
9
9
9
9
9
9
9
9
9
9
9
9
9
9
9
9
9
9
9
9
9
9
9
9
9
9
9
9
9
9
9
9
9
9
9
9
9
9
9
9
9
9
9
9
9
9
9
9
9
9
9
9
9
9
9
9
9
9
9
9
9
9
9
9
9
9
9
9
9
9
9
9
9
9
9
9
9
9
9
9
9
9
9
9
9
9
9
9
9
9
9
9
9
9
9
9
9
9
9
9
9
9
9
9
9
9
9
9
9
9
9
9
9
9
9
9
9
9
9
9
9
9
9
9
9
9
9
9
9
9
9
9
9
9
9
9
9
9
9
9
9
9
9
9
9
9
9
9
9
9
9
9
9
9
9
9
9
9
9
9
9
9
9
9
9
9
9
9
9
9
9
9
9
9
9
9
9
9
CELL_DATA 924
SCALARS area double 1
LOOKUP_TABLE default
1.06146e-05
1.06875e-05
1.0718e-05
1.07889e-05
1.10438e-05
8.24196e-06
1.09172e-05
1.09875e-05
1.0865e-05
1.07535e-05
1.82013e-05
1.82919e-05
1.82964e-05
1.82842e-05
1.82324e-05
1.22908e-05
1.82647e-05
1.8319e-05
1.8306e-05
1.82904e-05
2.02791e-05
2.04752e-05
2.06224e-05
2.0743e-05
2.0574e-05
1.17046e-05
2.07291e-05
2.05178e-05
2.04378e-05
2.03854e-05
2.16776e-05
2.19439e-05
2.21933e-05
2.24462e-05
2.24081e-05
1.10206e-05
2.25729e-05
2.21959e-05
2.19935e-05
2.1849e-05
2.27764e-05
2.30094e-05
2.32115e-05
2.3426e-05
2.3436e-05
1.0557e-05
2.35805e-05
2.32693e-05
2.30839e-05
2.29489e-05
2.35832e-05
2.37898e-05
2.39533e-05
2.41347e-05
2.41755e-05
1.02314e-05
2.43022e-05
2.40441e-05
2.38767e-05
2.37532e-05
2.41377e-05
2.43233e-05
2.44559e-05
2.46095e-05
2.46707e-05
1.00307e-05
2.47757e-05
2.45625e-05
2.44135e-05
2.43025e-05
2.44373e-05
2.46081e-05
2.47194e-05
2.4854e-05
2.49312e-05
9.88289e-06
2.4987e-05
2.4814e-05
2.46864e-05
2.45912e-05
2.44329e-05
2.45914e-05
2.46862e-05
2.48063e-05
2.48981e-05
9.70145e-06
2.49024e-05
2.47635e-05
2.46558e-05
2.45754e-05
2.4235e-05
2.43812e-05
2.44596e-05
2.45621e-05
2.46511e-05
9.48111e-06
2.46332e-05
2.45233e-05
2.44348e-05
2.43685e-05
2.39545e-05
2.40889e-05
2.41522e-05
2.42369e-05
2.4316e-05
9.24876e-06
2.42974e-05
2.421e-05
2.41369e-05
2.40816e-05
2.35853e-05
2.37101e-05
2.37621e-05
2.38334e-05
2.39047e-05
9.00809e-06
2.38819e-05
2.38122e-05
2.37517e-05
2.37056e-05
2.31892e-05
2.33057e-05
2.33484e-05
2.34087e-05
2.34736e-05
8.77876e-06
2.34504e-05
2.33941e-05
2.33432e-05
2.3304e-05
2.27106e-05
2.28198e-05
2.28553e-05
2.2907e-05
2.29668e-05
8.53768e-06
2.2942e-05
2.28963e-05
2.28531e-05
2.28197e-05
2.21914e-05
2.22941e-05
2.23238e-05
2.23684e-05
2.2424e-05
8.29606e-06
2.23983e-05
2.23608e-05
2.23239e-05
2.22952e-05
2.16356e-05
2.17308e-05
2.17554e-05
2.17944e-05
2.1849e-05
8.043e-06
2.18212e-05
2.17934e-05
2.17623e-05
2.17358e-05
2.10011e-05
2.10848e-05
2.11056e-05
2.1141e-05
2.11997e-05
7.71967e-06
2.11621e-05
2.11475e-05
2.11239e-05
2.10979e-05
2.03319e-05
2.04003e-05
2.04178e-05
2.04484e-05
2.05039e-05
7.36307e-06
2.04659e-05
2.04531e-05
2.04329e-05
2.04114e-05
1.96294e-05
1.96847e-05
1.96998e-05
1.97271e-05
1.97812e-05
7.02548e-06
1.97388e-05
1.97279e-05
1.97112e-05
1.96938e-05
1.88586e-05
1.89024e-05
1.89151e-05
1.89389e-05
1.89911e-05
6.67796e-06
1.89482e-05
1.89388e-05
1.89247e-05
1.89105e-05
1.80712e-05
1.81051e-05
1.81154e-05
1.81359e-05
1.8186e-05
6.34628e-06
1.81438e-05
1.81358e-05
1.8124e-05
1.81124e-05
1.72216e-05
1.72472e-05
1.72554e-05
1.72731e-05
1.73215e-05
6.01619e-06
1.72798e-05
1.72731e-05
1.72633e-05
1.72537e-05
1.63479e-05
1.63664e-05
1.63728e-05
1.63878e-05
1.64339e-05
5.69068e-06
1.63936e-05
1.63881e-05
1.638e-05
1.63723e-05
1.54481e-05
1.54608e-05
1.54658e-05
1.54785e-05
1.55229e-05
5.36609e-06
1.54831e-05
1.54784e-05
1.54719e-05
1.54659e-05
1.44952e-05
1.45033e-05
1.45069e-05
1.45174e-05
1.45594e-05
5.02659e-06
1.45215e-05
1.45177e-05
1.45124e-05
1.45077e-05
1.35211e-05
1.35256e-05
1.3528e-05
1.35366e-05
1.35762e-05
4.6862e-06
1.35402e-05
1.35371e-05
1.35329e-05
1.35293e-05
1.25259e-05
1.25276e-05
1.2529e-05
1.25358e-05
1.25727e-05
4.34277e-06
1.25392e-05
1.25367e-05
1.25335e-05
1.25308e-05
1.14886e-05
1.14884e-05
1.14891e-05
1.14944e-05
1.15286e-05
3.98612e-06
1.14973e-05
1.14953e-05
1.1493e-05
1.1491e-05
1.04407e-05
1.04392e-05
1.04393e-05
1.04431e-05
1.04742e-05
3.62545e-06
1.0446e-05
1.04444e-05
1.04427e-05
1.04413e-05
8.98184e-06
8.9799e-06
8.97917e-06
8.98141e-06
9.008e-06
3.13108e-06
8.98435e-06
8.98304e-06
8.98187e-06
8.98108e-06
2.01738e-06
2.01647e-06
2.01602e-06
2.01695e-06
2.02748e-06
7.44277e-07
2.01748e-06
2.01706e-06
2.01668e-06
2.0165e-06
1.58918e-06
1.58779e-06
1.58707e-06
1.58841e-06
1.60285e-06
6.37006e-07
1.58863e-06
1.58812e-06
1.58765e-06
1.58745e-06
1.52431e-06
1.52206e-06
1.52087e-06
1.52292e-06
1.54449e-06
6.69326e-07
1.52279e-06
1.5221e-06
1.52147e-06
1.52124e-06
1.44676e-06
1.44341e-06
1.44156e-06
1.44431e-06
1.4745e-06
7.04584e-07
1.44397e-06
1.44305e-06
1.44218e-06
1.44189e-06
1.35439e-06
1.34951e-06
1.34678e-06
1.35055e-06
1.39222e-06
7.44717e-07
1.34971e-06
1.34852e-06
1.34739e-06
1.34705e-06
1.24384e-06
1.23674e-06
1.23261e-06
1.23757e-06
1.29485e-06
7.92617e-07
1.23634e-06
1.23475e-06
1.2332e-06
1.23278e-06
1.1085e-06
1.09807e-06
1.09189e-06
1.09868e-06
1.17878e-06
8.4899e-07
1.0967e-06
1.09454e-06
1.09243e-06
1.09188e-06
9.35444e-07
9.18657e-07
9.08501e-07
9.1865e-07
1.03932e-06
9.29778e-07
9.15319e-07
9.12088e-07
9.08906e-07
9.08151e-07
6.82079e-07
6.48404e-07
6.2712e-07
6.46201e-07
8.62255e-07
1.05997e-06
6.39738e-07
6.33497e-07
6.27223e-07
6.25783e-07
2.61531e-07
2.43473e-07
2.31753e-07
2.41741e-07
3.51687e-07
4.72854e-07
2.38261e-07
2.34983e-07
2.31656e-07
2.30917e-07
1.0664e-05
1.82585e-05
2.03132e-05
2.1703e-05
2.28084e-05
2.36205e-05
2.41789e-05
2.44797e-05
2.44753e-05
2.42786e-05
2.39997e-05
2.36308e-05
2.32347e-05
2.27554e-05
2.22351e-05
2.16764e-05
2.10334e-05
2.03533e-05
1.9643e-05
1.88666e-05
1.80751e-05
1.72226e-05
1.63469e-05
1.54457e-05
1.44919e-05
1.35174e-05
1.2522e-05
1.14849e-05
1.04372e-05
8.97862e-06
2.01601e-06
1.58708e-06
1.52091e-06
1.44161e-06
1.34683e-06
1.23264e-06
1.09187e-06
9.0834e-07
6.26465e-07
2.31326e-07
5.92532e-06
3.89433e-06
3.46144e-06
3.6777e-06
5.85861e-06
1.26479e-05
3.12164e-06
2.06413e-06
2.10796e-06
1.81282e-06
2.63468e-07
1.31771e-09
9.83332e-10
8.38339e-10
9.12295e-10
1.5459e-09
2.46283e-09
3.45969e-10
3.97612e-10
4.19539e-10
3.68022e-10
2.73868e-10
1.06146e-05
1.06875e-05
1.0718e-05
1.07889e-05
1.10438e-05
8.24196e-06
1.09172e-05
1.09875e-05
1.0865e-05
1.07535e-05
1.82013e-05
1.82919e-05
1.82964e-05
1.82842e-05
1.82324e-05
1.22908e-05
1.82647e-05
1.8319e-05
1.8306e-05
1.82904e-05
2.02791e-05
2.04752e-05
2.06224e-05
2.0743e-05
2.0574e-05
1.17046e-05
2.07291e-05
2.05178e-05
2.04378e-05
2.03854e-05
2.16776e-05
2.19439e-05
2.21933e-05
2.24462e-05
2.24081e-05
1.10206e-05
2.25729e-05
2.21959e-05
2.19935e-05
2.1849e-05
2.27764e-05
2.30094e-05
2.32115e-05
2.3426e-05
2.3436e-05
1.0557e-05
2.35805e-05
2.32693e-05
2.30839e-05
2.29489e-05
2.35832e-05
2.37898e-05
2.39533e-05
2.41347e-05
2.41755e-05
1.02314e-05
2.43022e-05
2.40441e-05
2.38767e-05
2.37532e-05
2.41377e-05
2.43233e-05
2.44559e-05
2.46095e-05
2.46707e-05
1.00307e-05
2.47757e-05
2.45625e-05
2.44135e-05
2.43025e-05
2.44373e-05
2.46081e-05
2.47194e-05
2.4854e-05
2.49312e-05
9.88289e-06
2.4987e-05
2.4814e-05
2.46864e-05
2.45912e-05
2.44329e-05
2.45914e-05
2.46862e-05
2.48063e-05
2.48981e-05
9.70145e-06
2.49024e-05
2.47635e-05
2.46558e-05
2.45754e-05
2.4235e-05
2.43812e-05
2.44596e-05
2.45621e-05
2.46511e-05
9.48111e-06
2.46332e-05
2.45233e-05
2.44348e-05
2.43685e-05
2.39545e-05
2.40889e-05
2.41522e-05
2.42369e-05
2.4316e-05
9.24876e-06
2.42974e-05
2.421e-05
2.41369e-05
2.40816e-05
2.35853e-05
2.37101e-05
2.37621e-05
2.38334e-05
2.39047e-05
9.00809e-06
2.38819e-05
2.38122e-05
2.37517e-05
2.37056e-05
2.31892e-05
2.33057e-05
2.33484e-05
2.34087e-05
2.34736e-05
8.77876e-06
2.34504e-05
2.33941e-05
2.33432e-05
2.3304e-05
2.27106e-05
2.28198e-05
2.28553e-05
2.2907e-05
2.29668e-05
8.53768e-06
2.2942e-05
2.28963e-05
2.28531e-05
2.28197e-05
2.21914e-05
2.22941e-05
2.23238e-05
2.23684e-05
2.2424e-05
8.29606e-06
2.23983e-05
2.23608e-05
2.23239e-05
2.22952e-05
2.16356e-05
2.17308e-05
2.17554e-05
2.17944e-05
2.1849e-05
8.043e-06
2.18212e-05
2.17934e-05
2.17623e-05
2.17358e-05
2.10011e-05
2.10848e-05
2.11056e-05
2.1141e-05
2.11997e-05
7.71967e-06
2.11621e-05
2.11475e-05
2.11239e-05
2.10979e-05
2.03319e-05
2.04003e-05
2.04178e-05
2.04484e-05
2.05039e-05
7.36307e-06
2.04659e-05
2.04531e-05
2.04329e-05
2.04114e-05
1.96294e-05
1.96847e-05
1.96998e-05
1.97271e-05
1.97812e-05
7.02548e-06
1.97388e-05
1.97279e-05
1.97112e-05
1.96938e-05
1.88586e-05
1.89024e-05
1.89151e-05
1.89389e-05
1.89911e-05
6.67796e-06
1.89482e-05
1.89388e-05
1.89247e-05
1.89105e-05
1.80712e-05
1.81051e-05
1.81154e-05
1.81359e-05
1.8186e-05
6.34628e-06
1.81438e-05
1.81358e-05
1.8124e-05
1.81124e-05
1.72216e-05
1.72472e-05
1.72554e-05
1.72731e-05
1.73215e-05
6.01619e-06
1.72798e-05
1.72731e-05
1.72633e-05
1.72537e-05
1.63479e-05
1.63664e-05
1.63728e-05
1.63878e-05
1.64339e-05
5.69068e-06
1.63936e-05
1.63881e-05
1.638e-05
1.63723e-05
1.54481e-05
1.54608e-05
1.54658e-05
1.54785e-05
1.55229e-05
5.36609e-06
1.54831e-05
1.54784e-05
1.54719e-05
1.54659e-05
1.44952e-05
1.45033e-05
1.45069e-05
1.45174e-05
1.45594e-05
5.02659e-06
1.45215e-05
1.45177e-05
1.45124e-05
1.45077e-05
1.35211e-05
1.35256e-05
1.3528e-05
1.35366e-05
1.35762e-05
4.6862e-06
1.35402e-05
1.35371e-05
1.35329e-05
1.35293e-05
1.25259e-05
1.25276e-05
1.2529e-05
1.25358e-05
1.25727e-05
4.34277e-06
1.25392e-05
1.25367e-05
1.25335e-05
1.25308e-05
1.14886e-05
1.14884e-05
1.14891e-05
1.14944e-05
1.15286e-05
3.98612e-06
1.14973e-05
1.14953e-05
1.1493e-05
1.1491e-05
1.04407e-05
1.04392e-05
1.04393e-05
1.04431e-05
1.04742e-05
3.62545e-06
1.0446e-05
1.04444e-05
1.04427e-05
1.04413e-05
8.98184e-06
8.9799e-06
8.97917e-06
8.98141e-06
9.008e-06
3.13108e-06
8.98435e-06
8.98304e-06
8.98187e-06
8.98108e-06
2.01738e-06
2.01647e-06
2.01602e-06
2.01695e-06
2.02748e-06
7.44277e-07
2.01748e-06
2.01706e-06
2.01668e-06
2.0165e-06
1.58918e-06
1.58779e-06
1.58707e-06
1.58841e-06
1.60285e-06
6.37006e-07
1.58863e-06
1.58812e-06
1.58765e-06
1.58745e-06
1.52431e-06
1.52206e-06
1.52087e-06
1.52292e-06
1.54449e-06
6.69326e-07
1.52279e-06
1.5221e-06
1.52147e-06
1.52124e-06
1.44676e-06
1.44341e-06
1.44156e-06
1.44431e-06
1.4745e-06
7.04584e-07
1.44397e-06
1.44305e-06
1.44218e-06
1.44189e-06
1.35439e-06
1.34951e-06
1.34678e-06
1.35055e-06
1.39222e-06
7.44717e-07
1.34971e-06
1.34852e-06
1.34739e-06
1.34705e-06
1.24384e-06
1.23674e-06
1.23261e-06
1.23757e-06
1.29485e-06
7.92617e-07
1.23634e-06
1.23475e-06
1.2332e-06
1.23278e-06
1.1085e-06
1.09807e-06
1.09189e-06
1.09868e-06
1.17878e-06
8.4899e-07
1.0967e-06
1.09454e-06
1.09243e-06
1.09188e-06
9.35444e-07
9.18657e-07
9.08501e-07
9.1865e-07
1.03932e-06
9.29778e-07
9.15319e-07
9.12088e-07
9.08906e-07
9.08151e-07
6.82079e-07
6.48404e-07
6.2712e-07
6.46201e-07
8.62255e-07
1.05997e-06
6.39738e-07
6.33497e-07
6.27223e-07
6.25783e-07
2.61531e-07
2.43473e-07
2.31753e-07
2.41741e-07
3.51687e-07
4.72854e-07
2.38261e-07
2.34983e-07
2.31656e-07
2.30917e-07
1.0664e-05
1.82585e-05
2.03132e-05
2.1703e-05
2.28084e-05
2.36205e-05
2.41789e-05
2.44797e-05
2.44753e-05
2.42786e-05
2.39997e-05
2.36308e-05
2.32347e-05
2.27554e-05
2.22351e-05
2.16764e-05
2.10334e-05
2.03533e-05
1.9643e-05
1.88666e-05
1.80751e-05
1.72226e-05
1.63469e-05
1.54457e-05
1.44919e-05
1.35174e-05
1.2522e-05
1.14849e-05
1.04372e-05
8.97862e-06
2.01601e-06
1.58708e-06
1.52091e-06
1.44161e-06
1.34683e-06
1.23264e-06
1.09187e-06
9.0834e-07
6.26465e-07
2.31326e-07
5.92532e-06
3.89433e-06
3.46144e-06
3.6777e-06
5.85861e-06
1.26479e-05
3.12164e-06
2.06413e-06
2.10796e-06
1.81282e-06
2.63468e-07
1.31771e-09
9.83332e-10
8.38339e-10
9.12295e-10
1.5459e-09
2.46283e-09
3.45969e-10
3.97612e-10
4.19539e-10
3.68022e-10
2.73868e-10
SCALARS mu double 1
LOOKUP_TABLE default
52.1864
1.43468e-11
59.0972
76.8989
81.4136
82.2105
81.2894
77.9717
60.906
28.5911
70.2219
55.8402
70.7229
80.5324
84.8066
85.7236
84.8305
80.8671
71.7703
58.4855
77.8778
74.8825
81.4885
87.161
90.5677
91.7409
91.0292
87.5424
81.7672
75.0786
83.8494
86.6249
91.1416
95.0043
97.7666
98.9198
98.3695
95.3163
90.9374
86.0519
89.3086
96.3003
100.469
103.533
105.809
106.751
106.23
103.564
99.8926
95.3753
94.2946
105.528
109.781
112.371
114.202
114.919
114.469
112.2
108.982
104.399
102.184
115.046
119.28
121.465
122.838
123.325
122.985
121.15
118.341
113.791
111.97
125.07
129.054
130.808
131.699
131.955
131.75
130.39
128.028
123.741
123.659
135.754
139.234
140.503
140.899
140.927
140.874
140.008
138.156
134.393
136.856
147.219
149.954
150.685
150.619
150.472
150.517
150.124
148.849
145.865
151.678
159.519
161.284
161.422
160.92
160.636
160.749
160.812
160.182
158.206
168.095
172.585
173.197
172.694
171.76
171.356
171.538
172.058
172.124
171.345
185.822
186.332
185.67
184.492
183.127
182.612
182.863
183.848
184.649
185.191
203.799
200.584
198.637
196.773
194.98
194.37
194.686
196.136
197.684
199.554
221.623
215.216
212.043
209.496
207.279
206.586
206.962
208.875
211.165
214.297
239.29
230.172
225.854
222.617
219.965
219.207
219.635
222.024
225.055
229.354
256.185
245.169
239.878
236.009
232.942
232.145
232.611
235.457
239.16
244.436
272.016
259.639
253.719
249.462
246.151
245.346
245.823
248.946
253.075
258.989
287.239
273.763
267.404
262.905
259.446
258.656
259.136
262.433
266.838
273.19
302.095
287.663
280.989
276.342
272.818
272.045
272.521
275.92
280.5
287.164
316.41
301.31
294.445
289.728
286.2
285.457
285.922
289.358
294.025
300.876
329.996
314.626
307.717
303.018
299.527
298.817
299.265
302.678
307.348
314.243
342.669
327.502
320.704
316.112
312.723
312.049
312.469
315.792
320.37
327.152
354.44
339.843
333.295
328.89
325.662
325.031
325.418
328.586
332.984
339.511
365.386
351.577
345.394
341.254
338.248
337.667
338.018
340.966
345.101
351.256
375.386
362.572
356.85
353.047
350.32
349.797
350.11
352.777
356.574
362.261
384.402
372.684
367.489
364.081
361.687
361.229
361.502
363.834
367.232
372.384
392.257
381.672
377.04
374.065
372.046
371.657
371.89
373.848
376.805
381.387
398.66
389.204
385.129
382.597
380.978
380.662
380.857
382.415
384.923
388.941
403.277
394.794
391.13
388.907
387.611
387.372
387.53
388.77
390.96
394.56
406.065
397.516
393.792
391.398
389.763
389.351
389.756
391.319
393.655
397.307
408.349
399.917
396.087
393.521
391.672
391.114
391.709
393.465
395.96
399.714
410.25
402.23
398.34
395.628
393.62
392.985
393.68
395.58
398.214
402.031
411.842
404.554
400.699
397.882
395.75
395.055
395.817
397.831
400.569
404.355
413.177
406.914
403.233
400.36
398.123
397.386
398.169
400.291
403.091
406.715
414.311
409.339
406.032
403.186
400.824
400.064
400.782
403.084
405.877
409.14
415.251
411.802
409.142
406.618
404.083
403.331
403.891
406.494
408.974
411.612
415.923
414.027
412.437
410.628
408.656
408.069
408.511
410.452
412.27
413.875
416.653
415.904
415.184
414.603
414.195
414.018
414.14
414.479
415.029
415.745
419.117
418.932
418.854
418.799
418.744
418.709
418.738
418.778
418.829
418.904
52.017
70.0008
77.5856
83.4809
88.9237
93.9499
101.768
111.481
123.088
136.223
150.992
167.355
185.026
202.971
220.785
238.445
255.336
271.167
286.393
301.254
315.582
329.184
341.876
353.671
364.644
374.679
383.736
391.637
398.092
402.768
405.597
407.9
409.823
411.44
412.805
413.974
414.956
415.676
416.478
419.039
-25.6753
-26.687
-55.2043
-74.9788
-78.6555
-79.7938
-78.9981
-77.5708
-55.9986
-28.7922
-26.8449
419.005
418.964
418.896
418.84
418.823
418.811
418.804
418.811
418.88
418.96
418.984
72.153
2.00475e-11
76.9567
99.5159
105.109
106.049
104.952
100.843
79.2932
37.8746
97.2094
73.9515
92.1773
104.304
109.488
110.502
109.397
104.567
93.3814
77.3772
107.694
98.9506
106.086
112.748
116.745
118.001
117.066
112.915
106.144
99.0243
115.531
113.888
118.207
122.494
125.635
126.828
126.064
122.5
117.593
112.927
121.18
125.646
129.618
132.909
135.432
136.357
135.625
132.554
128.542
124.249
125.176
136.492
140.819
143.58
145.566
146.22
145.574
142.982
139.48
134.846
132.796
147.583
152.129
154.466
155.923
156.31
155.795
153.713
150.645
145.784
143.893
159.328
163.704
165.585
166.493
166.616
166.263
164.733
162.152
157.462
157.769
171.902
175.717
177.061
177.407
177.274
177.105
176.157
174.159
170.038
173.422
185.441
188.355
189.045
188.867
188.547
188.508
188.12
186.809
183.609
191.412
199.995
201.7
201.651
200.959
200.498
200.557
200.714
200.18
198.232
211.371
215.435
215.687
214.856
213.651
213.066
213.216
213.916
214.226
213.783
232.726
231.605
230.27
228.634
226.922
226.221
226.456
227.702
228.895
230.094
253.869
248.254
245.361
242.915
240.707
239.906
240.22
242.007
244.085
246.893
274.654
265.219
260.884
257.643
254.946
254.059
254.445
256.765
259.709
264.005
295.017
282.417
276.776
272.756
269.564
268.607
269.054
271.915
275.701
281.333
314.155
299.506
292.808
288.095
284.443
283.443
283.931
287.303
291.831
298.525
331.715
315.837
308.527
303.42
299.516
298.503
299.001
302.668
307.635
314.949
348.226
331.617
323.971
318.656
314.619
313.611
314.108
317.943
323.153
330.806
363.948
346.995
339.209
333.813
329.729
328.74
329.226
333.136
338.454
346.246
378.792
361.975
354.216
348.843
344.784
343.827
344.292
348.198
353.513
361.275
392.974
376.548
368.946
363.679
359.705
358.788
359.229
363.065
368.288
375.89
406.541
390.684
383.338
378.254
374.426
373.561
373.97
377.67
382.721
390.062
419.499
404.332
397.318
392.48
388.852
388.045
388.42
391.927
396.74
403.743
431.821
417.441
410.824
406.287
402.912
402.171
402.509
405.768
410.284
416.883
443.398
429.883
423.716
419.533
416.464
415.796
416.095
419.053
423.216
429.357
454.055
441.477
435.809
432.028
429.317
428.728
428.989
431.592
435.351
440.984
463.528
451.923
446.786
443.446
441.138
440.634
440.857
443.062
446.374
451.467
471.441
460.804
456.194
453.308
451.437
451.026
451.211
452.985
455.836
460.389
477.105
467.445
463.247
460.683
459.171
458.855
459.004
460.43
462.951
467.083
480.626
470.736
466.426
463.641
461.719
461.204
461.651
463.47
466.184
470.418
483.505
473.643
469.173
466.168
463.987
463.301
463.977
466.032
468.952
473.34
485.893
476.444
471.872
468.68
466.305
465.53
466.326
468.561
471.659
476.152
487.887
479.255
474.7
471.37
468.842
467.998
468.877
471.254
474.489
478.971
489.551
482.109
477.741
474.332
471.673
470.78
471.688
474.201
477.524
481.831
490.96
485.04
481.103
477.715
474.901
473.981
474.815
477.552
480.878
484.769
492.122
488.014
484.841
481.829
478.8
477.891
478.541
481.648
484.608
487.761
492.927
490.698
488.804
486.643
484.282
483.573
484.087
486.408
488.582
490.498
493.872
492.981
492.118
491.422
490.934
490.718
490.855
491.261
491.92
492.782
496.891
496.673
496.582
496.516
496.451
496.408
496.44
496.487
496.548
496.637
71.6997
96.6736
107.055
114.791
120.467
124.58
132.151
143.158
156.922
172.499
190.41
210.297
231.586
252.707
273.491
293.855
312.997
330.565
347.088
362.826
377.698
391.913
405.516
418.513
430.878
442.502
453.209
462.738
470.712
476.452
480.028
482.933
485.35
487.377
489.081
490.536
491.753
492.626
493.659
496.797
-34.0411
-35.0098
-71.7183
-96.8398
-101.446
-102.854
-101.907
-100.145
-72.7951
-37.979
-35.5271
496.757
496.71
496.63
496.564
496.543
496.529
496.52
496.528
496.61
496.704
496.732
