# vtk DataFile Version 3.0
Rotor blade panels
ASCII
DATASET UNSTRUCTURED_GRID
POINTS 3696 double
0.82721 1.47339 1.1429
0.829406 1.47241 1.13964
0.830476 1.47469 1.13934
0.828137 1.47574 1.14286
0.829406 1.47241 1.13964
0.832038 1.47124 1.13677
0.833283 1.47344 1.13622
0.830476 1.47469 1.13934
0.832038 1.47124 1.13677
0.834858 1.46998 1.13411
0.83629 1.47211 1.13334
0.833283 1.47344 1.13622
0.834858 1.46998 1.13411
0.837908 1.46862 1.13179
0.839537 1.47066 1.13078
0.83629 1.47211 1.13334
0.837908 1.46862 1.13179
0.84134 1.4671 1.13028
0.843179 1.46904 1.12903
0.839537 1.47066 1.13078
0.84134 1.4671 1.13028
0.843059 1.46633 1.13237
0.844917 1.46826 1.13107
0.843179 1.46904 1.12903
0.843059 1.46633 1.13237
0.839939 1.46772 1.13456
0.841561 1.46976 1.13344
0.844917 1.46826 1.13107
0.839939 1.46772 1.13456
0.836629 1.46919 1.13642
0.83805 1.47132 1.13553
0.841561 1.46976 1.13344
0.836629 1.46919 1.13642
0.833345 1.47066 1.13833
0.834579 1.47287 1.13771
0.83805 1.47132 1.13553
0.833345 1.47066 1.13833
0.83016 1.47207 1.14043
0.831223 1.47436 1.14009
0.834579 1.47287 1.13771
0.828137 1.47574 1.14286
0.830476 1.47469 1.13934
0.832353 1.47822 1.13913
0.829705 1.4794 1.14294
0.830476 1.47469 1.13934
0.833283 1.47344 1.13622
0.835496 1.47682 1.13578
0.832353 1.47822 1.13913
0.833283 1.47344 1.13622
0.83629 1.47211 1.13334
0.838852 1.47532 1.13268
0.835496 1.47682 1.13578
0.83629 1.47211 1.13334
0.839537 1.47066 1.13078
0.84245 1.47372 1.12993
0.838852 1.47532 1.13268
0.839537 1.47066 1.13078
0.843179 1.46904 1.12903
0.846438 1.47195 1.12797
0.84245 1.47372 1.12993
0.843179 1.46904 1.12903
0.844917 1.46826 1.13107
0.848109 1.4712 1.12997
0.846438 1.47195 1.12797
0.844917 1.46826 1.13107
0.841561 1.46976 1.13344
0.844363 1.47287 1.13247
0.848109 1.4712 1.12997
0.841561 1.46976 1.13344
0.83805 1.47132 1.13553
0.840512 1.47459 1.13477
0.844363 1.47287 1.13247
0.83805 1.47132 1.13553
0.834579 1.47287 1.13771
0.836719 1.47627 1.13719
0.840512 1.47459 1.13477
0.834579 1.47287 1.13771
0.831223 1.47436 1.14009
0.833058 1.4779 1.13985
0.836719 1.47627 1.13719
0.829705 1.4794 1.14294
0.832353 1.47822 1.13913
0.834442 1.48174 1.13921
0.831398 1.4831 1.14314
0.832353 1.47822 1.13913
0.835496 1.47682 1.13578
0.837991 1.48016 1.13578
0.834442 1.48174 1.13921
0.835496 1.47682 1.13578
0.838852 1.47532 1.13268
0.841754 1.47849 1.13265
0.837991 1.48016 1.13578
0.838852 1.47532 1.13268
0.84245 1.47372 1.12993
0.845748 1.47671 1.12988
0.841754 1.47849 1.13265
0.84245 1.47372 1.12993
0.846438 1.47195 1.12797
0.850103 1.47477 1.1279
0.845748 1.47671 1.12988
0.846438 1.47195 1.12797
0.848109 1.4712 1.12997
0.85164 1.47409 1.12991
0.850103 1.47477 1.1279
0.848109 1.4712 1.12997
0.844363 1.47287 1.13247
0.84748 1.47594 1.13237
0.85164 1.47409 1.12991
0.844363 1.47287 1.13247
0.840512 1.47459 1.13477
0.843258 1.47782 1.1347
0.84748 1.47594 1.13237
0.840512 1.47459 1.13477
0.836719 1.47627 1.13719
0.839103 1.47967 1.13718
0.843258 1.47782 1.1347
0.836719 1.47627 1.13719
0.833058 1.4779 1.13985
0.835088 1.48145 1.13991
0.839103 1.47967 1.13718
0.831398 1.4831 1.14314
0.834442 1.48174 1.13921
0.836551 1.48525 1.13941
0.833115 1.48678 1.14337
0.834442 1.48174 1.13921
0.837991 1.48016 1.13578
0.840489 1.4835 1.13602
0.836551 1.48525 1.13941
0.837991 1.48016 1.13578
0.841754 1.47849 1.13265
0.844636 1.48166 1.13295
0.840489 1.4835 1.13602
0.841754 1.47849 1.13265
0.845748 1.47671 1.12988
0.849 1.47971 1.13026
0.844636 1.48166 1.13295
0.845748 1.47671 1.12988
0.850103 1.47477 1.1279
0.85369 1.47762 1.12838
0.849 1.47971 1.13026
0.850103 1.47477 1.1279
0.85164 1.47409 1.12991
0.855089 1.477 1.13041
0.85369 1.47762 1.12838
0.85164 1.47409 1.12991
0.84748 1.47594 1.13237
0.850557 1.47902 1.13274
0.855089 1.477 1.13041
0.84748 1.47594 1.13237
0.843258 1.47782 1.1347
0.84599 1.48105 1.13499
0.850557 1.47902 1.13274
0.843258 1.47782 1.1347
0.839103 1.47967 1.13718
0.841496 1.48305 1.13741
0.84599 1.48105 1.13499
0.839103 1.47967 1.13718
0.835088 1.48145 1.13991
0.83714 1.48499 1.14012
0.841496 1.48305 1.13741
0.833115 1.48678 1.14337
0.836551 1.48525 1.13941
0.838587 1.4888 1.13962
0.834826 1.49048 1.14355
0.836551 1.48525 1.13941
0.840489 1.4835 1.13602
0.842842 1.48691 1.13629
0.838587 1.4888 1.13962
0.840489 1.4835 1.13602
0.844636 1.48166 1.13295
0.8473 1.48492 1.1333
0.842842 1.48691 1.13629
0.844636 1.48166 1.13295
0.849 1.47971 1.13026
0.851964 1.48285 1.13072
0.8473 1.48492 1.1333
0.849 1.47971 1.13026
0.85369 1.47762 1.12838
0.856923 1.48064 1.12896
0.851964 1.48285 1.13072
0.85369 1.47762 1.12838
0.855089 1.477 1.13041
0.858216 1.48006 1.13101
0.856923 1.48064 1.12896
0.855089 1.477 1.13041
0.850557 1.47902 1.13274
0.853389 1.48221 1.13321
0.858216 1.48006 1.13101
0.850557 1.47902 1.13274
0.84599 1.48105 1.13499
0.848543 1.48437 1.13535
0.853389 1.48221 1.13321
0.84599 1.48105 1.13499
0.841496 1.48305 1.13741
0.84377 1.48649 1.13769
0.848543 1.48437 1.13535
0.841496 1.48305 1.13741
0.83714 1.48499 1.14012
0.839134 1.48856 1.14033
0.84377 1.48649 1.13769
0.834826 1.49048 1.14355
0.838587 1.4888 1.13962
0.840553 1.49238 1.13982
0.836535 1.49417 1.14371
0.838587 1.4888 1.13962
0.842842 1.48691 1.13629
0.845055 1.49037 1.13659
0.840553 1.49238 1.13982
0.842842 1.48691 1.13629
0.8473 1.48492 1.1333
0.849752 1.48828 1.1337
0.845055 1.49037 1.13659
0.8473 1.48492 1.1333
0.851964 1.48285 1.13072
0.854645 1.4861 1.13124
0.849752 1.48828 1.1337
0.851964 1.48285 1.13072
0.856923 1.48064 1.12896
0.859808 1.48381 1.12961
0.854645 1.4861 1.13124
0.856923 1.48064 1.12896
0.858216 1.48006 1.13101
0.861016 1.48327 1.13169
0.859808 1.48381 1.12961
0.858216 1.48006 1.13101
0.853389 1.48221 1.13321
0.855967 1.48552 1.13374
0.861016 1.48327 1.13169
0.853389 1.48221 1.13321
0.848543 1.48437 1.13535
0.850909 1.48777 1.13577
0.855967 1.48552 1.13374
0.848543 1.48437 1.13535
0.84377 1.48649 1.13769
0.845923 1.48999 1.138
0.850909 1.48777 1.13577
0.84377 1.48649 1.13769
0.839134 1.48856 1.14033
0.841068 1.49215 1.14055
0.845923 1.48999 1.138
0.836535 1.49417 1.14371
0.840553 1.49238 1.13982
0.842457 1.49598 1.14003
0.83825 1.49786 1.14384
0.840553 1.49238 1.13982
0.845055 1.49037 1.13659
0.847136 1.4939 1.1369
0.842457 1.49598 1.14003
0.845055 1.49037 1.13659
0.849752 1.48828 1.1337
0.852004 1.49173 1.13414
0.847136 1.4939 1.1369
0.849752 1.48828 1.1337
0.854645 1.4861 1.13124
0.857055 1.48948 1.13181
0.852004 1.49173 1.13414
0.854645 1.4861 1.13124
0.859808 1.48381 1.12961
0.862354 1.48712 1.13032
0.857055 1.48948 1.13181
0.859808 1.48381 1.12961
0.861016 1.48327 1.13169
0.863493 1.48662 1.13243
0.862354 1.48712 1.13032
0.861016 1.48327 1.13169
0.855967 1.48552 1.13374
0.858294 1.48893 1.13433
0.863493 1.48662 1.13243
0.855967 1.48552 1.13374
0.850909 1.48777 1.13577
0.853091 1.49125 1.13622
0.858294 1.48893 1.13433
0.850909 1.48777 1.13577
0.845923 1.48999 1.138
0.847956 1.49353 1.13833
0.853091 1.49125 1.13622
0.845923 1.48999 1.138
0.841068 1.49215 1.14055
0.842947 1.49576 1.14077
0.847956 1.49353 1.13833
0.83825 1.49786 1.14384
0.842457 1.49598 1.14003
0.844312 1.49961 1.14025
0.839979 1.50154 1.14394
0.842457 1.49598 1.14003
0.847136 1.4939 1.1369
0.8491 1.49748 1.13725
0.844312 1.49961 1.14025
0.847136 1.4939 1.1369
0.852004 1.49173 1.13414
0.854068 1.49527 1.13462
0.8491 1.49748 1.13725
0.852004 1.49173 1.13414
0.857055 1.48948 1.13181
0.859209 1.49298 1.13243
0.854068 1.49527 1.13462
0.857055 1.48948 1.13181
0.862354 1.48712 1.13032
0.864576 1.49059 1.13109
0.859209 1.49298 1.13243
0.862354 1.48712 1.13032
0.863493 1.48662 1.13243
0.865647 1.49011 1.1332
0.864576 1.49059 1.13109
0.863493 1.48662 1.13243
0.858294 1.48893 1.13433
0.860368 1.49246 1.13495
0.865647 1.49011 1.1332
0.858294 1.48893 1.13433
0.853091 1.49125 1.13622
0.855088 1.49481 1.1367
0.860368 1.49246 1.13495
0.853091 1.49125 1.13622
0.847956 1.49353 1.13833
0.849872 1.49713 1.13867
0.855088 1.49481 1.1367
0.847956 1.49353 1.13833
0.842947 1.49576 1.14077
0.844776 1.4994 1.14099
0.849872 1.49713 1.13867
0.839979 1.50154 1.14394
0.844312 1.49961 1.14025
0.846116 1.50326 1.14047
0.841721 1.50522 1.14403
0.844312 1.49961 1.14025
0.8491 1.49748 1.13725
0.850948 1.50111 1.13762
0.846116 1.50326 1.14047
0.8491 1.49748 1.13725
0.854068 1.49527 1.13462
0.85595 1.49888 1.13514
0.850948 1.50111 1.13762
0.854068 1.49527 1.13462
0.859209 1.49298 1.13243
0.861113 1.49658 1.1331
0.85595 1.49888 1.13514
0.859209 1.49298 1.13243
0.864576 1.49059 1.13109
0.86648 1.49419 1.1319
0.861113 1.49658 1.1331
0.864576 1.49059 1.13109
0.865647 1.49011 1.1332
0.867481 1.49375 1.13398
0.86648 1.49419 1.1319
0.865647 1.49011 1.1332
0.860368 1.49246 1.13495
0.86219 1.4961 1.13559
0.867481 1.49375 1.13398
0.860368 1.49246 1.13495
0.855088 1.49481 1.1367
0.8569 1.49846 1.1372
0.86219 1.4961 1.13559
0.855088 1.49481 1.1367
0.849872 1.49713 1.13867
0.851671 1.50079 1.13903
0.8569 1.49846 1.1372
0.849872 1.49713 1.13867
0.844776 1.4994 1.14099
0.846553 1.50306 1.1412
0.851671 1.50079 1.13903
0.841721 1.50522 1.14403
0.846116 1.50326 1.14047
0.847863 1.50693 1.1407
0.843442 1.5089 1.14411
0.846116 1.50326 1.14047
0.850948 1.50111 1.13762
0.8527 1.50478 1.13799
0.847863 1.50693 1.1407
0.850948 1.50111 1.13762
0.85595 1.49888 1.13514
0.857697 1.50255 1.13566
0.8527 1.50478 1.13799
0.85595 1.49888 1.13514
0.861113 1.49658 1.1331
0.862845 1.50026 1.13377
0.857697 1.50255 1.13566
0.861113 1.49658 1.1331
0.86648 1.49419 1.1319
0.868177 1.49789 1.1327
0.862845 1.50026 1.13377
0.86648 1.49419 1.1319
0.867481 1.49375 1.13398
0.869109 1.49747 1.13475
0.868177 1.49789 1.1327
0.867481 1.49375 1.13398
0.86219 1.4961 1.13559
0.863843 1.49982 1.13621
0.869109 1.49747 1.13475
0.86219 1.4961 1.13559
0.8569 1.49846 1.1372
0.858581 1.50216 1.13768
0.863843 1.49982 1.13621
0.8569 1.49846 1.1372
0.851671 1.50079 1.13903
0.853375 1.50448 1.13938
0.858581 1.50216 1.13768
0.851671 1.50079 1.13903
0.846553 1.50306 1.1412
0.848273 1.50675 1.14142
0.853375 1.50448 1.13938
0.843442 1.5089 1.14411
0.847863 1.50693 1.1407
0.849546 1.51064 1.14092
0.845124 1.51261 1.1442
0.847863 1.50693 1.1407
0.8527 1.50478 1.13799
0.854367 1.50849 1.13836
0.849546 1.51064 1.14092
0.8527 1.50478 1.13799
0.857697 1.50255 1.13566
0.859339 1.50628 1.13617
0.854367 1.50849 1.13836
0.857697 1.50255 1.13566
0.862845 1.50026 1.13377
0.86445 1.504 1.13441
0.859339 1.50628 1.13617
0.862845 1.50026 1.13377
0.868177 1.49789 1.1327
0.869729 1.50165 1.13345
0.86445 1.504 1.13441
0.868177 1.49789 1.1327
0.869109 1.49747 1.13475
0.8706 1.50126 1.13547
0.869729 1.50165 1.13345
0.869109 1.49747 1.13475
0.863843 1.49982 1.13621
0.865379 1.50359 1.1368
0.8706 1.50126 1.13547
0.863843 1.49982 1.13621
0.858581 1.50216 1.13768
0.860163 1.50591 1.13815
0.865379 1.50359 1.1368
0.858581 1.50216 1.13768
0.853375 1.50448 1.13938
0.854999 1.50821 1.13972
0.860163 1.50591 1.13815
0.853375 1.50448 1.13938
0.848273 1.50675 1.14142
0.849933 1.51046 1.14163
0.854999 1.50821 1.13972
0.845124 1.51261 1.1442
0.849546 1.51064 1.14092
0.851173 1.51436 1.14115
0.846769 1.51632 1.14428
0.849546 1.51064 1.14092
0.854367 1.50849 1.13836
0.855957 1.51223 1.13872
0.851173 1.51436 1.14115
0.854367 1.50849 1.13836
0.859339 1.50628 1.13617
0.860884 1.51004 1.13666
0.855957 1.51223 1.13872
0.859339 1.50628 1.13617
0.86445 1.504 1.13441
0.865941 1.50779 1.13502
0.860884 1.51004 1.13666
0.86445 1.504 1.13441
0.869729 1.50165 1.13345
0.871149 1.50547 1.13418
0.865941 1.50779 1.13502
0.869729 1.50165 1.13345
0.8706 1.50126 1.13547
0.871964 1.50511 1.13615
0.871149 1.50547 1.13418
0.8706 1.50126 1.13547
0.865379 1.50359 1.1368
0.866806 1.5074 1.13736
0.871964 1.50511 1.13615
0.865379 1.50359 1.1368
0.860163 1.50591 1.13815
0.861654 1.5097 1.13859
0.866806 1.5074 1.13736
0.860163 1.50591 1.13815
0.854999 1.50821 1.13972
0.85655 1.51197 1.14005
0.861654 1.5097 1.13859
0.854999 1.50821 1.13972
0.849933 1.51046 1.14163
0.851537 1.5142 1.14184
0.85655 1.51197 1.14005
0.846769 1.51632 1.14428
0.851173 1.51436 1.14115
0.852744 1.51812 1.14138
0.848377 1.52006 1.14438
0.851173 1.51436 1.14115
0.855957 1.51223 1.13872
0.857474 1.51601 1.13908
0.852744 1.51812 1.14138
0.855957 1.51223 1.13872
0.860884 1.51004 1.13666
0.862338 1.51385 1.13714
0.857474 1.51601 1.13908
0.860884 1.51004 1.13666
0.865941 1.50779 1.13502
0.867323 1.51163 1.13562
0.862338 1.51385 1.13714
0.865941 1.50779 1.13502
0.871149 1.50547 1.13418
0.872445 1.50935 1.13487
0.867323 1.51163 1.13562
0.871149 1.50547 1.13418
0.871964 1.50511 1.13615
0.873209 1.50901 1.13679
0.872445 1.50935 1.13487
0.871964 1.50511 1.13615
0.866806 1.5074 1.13736
0.86813 1.51127 1.13789
0.873209 1.50901 1.13679
0.866806 1.5074 1.13736
0.861654 1.5097 1.13859
0.863057 1.51353 1.13902
0.86813 1.51127 1.13789
0.861654 1.5097 1.13859
0.85655 1.51197 1.14005
0.85803 1.51577 1.14037
0.863057 1.51353 1.13902
0.85655 1.51197 1.14005
0.851537 1.5142 1.14184
0.853088 1.51797 1.14206
0.85803 1.51577 1.14037
0.848377 1.52006 1.14438
0.852744 1.51812 1.14138
0.854263 1.52189 1.1416
0.84995 1.52381 1.14447
0.852744 1.51812 1.14138
0.857474 1.51601 1.13908
0.858921 1.51982 1.13942
0.854263 1.52189 1.1416
0.857474 1.51601 1.13908
0.862338 1.51385 1.13714
0.863706 1.51769 1.1376
0.858921 1.51982 1.13942
0.862338 1.51385 1.13714
0.867323 1.51163 1.13562
0.868604 1.51551 1.13619
0.863706 1.51769 1.1376
0.867323 1.51163 1.13562
0.872445 1.50935 1.13487
0.873625 1.51327 1.13553
0.868604 1.51551 1.13619
0.872445 1.50935 1.13487
0.873209 1.50901 1.13679
0.874341 1.51295 1.13741
0.873625 1.51327 1.13553
0.873209 1.50901 1.13679
0.86813 1.51127 1.13789
0.869357 1.51517 1.1384
0.874341 1.51295 1.13741
0.86813 1.51127 1.13789
0.863057 1.51353 1.13902
0.864379 1.51739 1.13944
0.869357 1.51517 1.1384
0.863057 1.51353 1.13902
0.85803 1.51577 1.14037
0.859444 1.51959 1.14069
0.864379 1.51739 1.13944
0.85803 1.51577 1.14037
0.853088 1.51797 1.14206
0.854587 1.52175 1.14226
0.859444 1.51959 1.14069
0.84995 1.52381 1.14447
0.854263 1.52189 1.1416
0.855734 1.52569 1.14182
0.851492 1.52758 1.14456
0.854263 1.52189 1.1416
0.858921 1.51982 1.13942
0.860304 1.52366 1.13976
0.855734 1.52569 1.14182
0.858921 1.51982 1.13942
0.863706 1.51769 1.1376
0.864994 1.52157 1.13805
0.860304 1.52366 1.13976
0.863706 1.51769 1.1376
0.868604 1.51551 1.13619
0.86979 1.51943 1.13674
0.864994 1.52157 1.13805
0.868604 1.51551 1.13619
0.873625 1.51327 1.13553
0.874696 1.51725 1.13617
0.86979 1.51943 1.13674
0.873625 1.51327 1.13553
0.874341 1.51295 1.13741
0.875367 1.51695 1.13799
0.874696 1.51725 1.13617
0.874341 1.51295 1.13741
0.869357 1.51517 1.1384
0.870492 1.51912 1.13889
0.875367 1.51695 1.13799
0.869357 1.51517 1.1384
0.864379 1.51739 1.13944
0.865624 1.52129 1.13984
0.870492 1.51912 1.13889
0.864379 1.51739 1.13944
0.859444 1.51959 1.14069
0.860795 1.52344 1.14099
0.865624 1.52129 1.13984
0.859444 1.51959 1.14069
0.854587 1.52175 1.14226
0.85604 1.52555 1.14247
0.860795 1.52344 1.14099
0.851492 1.52758 1.14456
0.855734 1.52569 1.14182
0.857158 1.52951 1.14205
0.852999 1.53136 1.14465
0.855734 1.52569 1.14182
0.860304 1.52366 1.13976
0.861625 1.52752 1.1401
0.857158 1.52951 1.14205
0.860304 1.52366 1.13976
0.864994 1.52157 1.13805
0.866204 1.52548 1.1385
0.861625 1.52752 1.1401
0.864994 1.52157 1.13805
0.86979 1.51943 1.13674
0.870883 1.5234 1.13728
0.866204 1.52548 1.1385
0.86979 1.51943 1.13674
0.874696 1.51725 1.13617
0.875662 1.52127 1.13679
0.870883 1.5234 1.13728
0.874696 1.51725 1.13617
0.875367 1.51695 1.13799
0.876291 1.52099 1.13854
0.875662 1.52127 1.13679
0.875367 1.51695 1.13799
0.870492 1.51912 1.13889
0.871541 1.52311 1.13937
0.876291 1.52099 1.13854
0.870492 1.51912 1.13889
0.865624 1.52129 1.13984
0.866798 1.52522 1.14024
0.871541 1.52311 1.13937
0.865624 1.52129 1.13984
0.860795 1.52344 1.14099
0.862089 1.52731 1.14131
0.866798 1.52522 1.14024
0.860795 1.52344 1.14099
0.85604 1.52555 1.14247
0.857448 1.52938 1.14268
0.862089 1.52731 1.14131
0.852999 1.53136 1.14465
0.857158 1.52951 1.14205
0.858545 1.53334 1.14229
0.854477 1.53516 1.14474
0.857158 1.52951 1.14205
0.861625 1.52752 1.1401
0.862889 1.53141 1.14044
0.858545 1.53334 1.14229
0.861625 1.52752 1.1401
0.866204 1.52548 1.1385
0.867342 1.52943 1.13894
0.862889 1.53141 1.14044
0.866204 1.52548 1.1385
0.870883 1.5234 1.13728
0.871888 1.5274 1.13782
0.867342 1.52943 1.13894
0.870883 1.5234 1.13728
0.875662 1.52127 1.13679
0.876524 1.52534 1.1374
0.871888 1.5274 1.13782
0.875662 1.52127 1.13679
0.876291 1.52099 1.13854
0.877114 1.52508 1.13907
0.876524 1.52534 1.1374
0.876291 1.52099 1.13854
0.871541 1.52311 1.13937
0.872507 1.52713 1.13984
0.877114 1.52508 1.13907
0.871541 1.52311 1.13937
0.866798 1.52522 1.14024
0.867906 1.52918 1.14066
0.872507 1.52713 1.13984
0.866798 1.52522 1.14024
0.862089 1.52731 1.14131
0.863337 1.53121 1.14166
0.867906 1.52918 1.14066
0.862089 1.52731 1.14131
0.857448 1.52938 1.14268
0.858825 1.53322 1.14293
0.863337 1.53121 1.14166
0.854477 1.53516 1.14474
0.858545 1.53334 1.14229
0.859892 1.5372 1.14252
0.855929 1.53896 1.14483
0.858545 1.53334 1.14229
0.862889 1.53141 1.14044
0.864104 1.53532 1.14078
0.859892 1.5372 1.14252
0.862889 1.53141 1.14044
0.867342 1.52943 1.13894
0.868417 1.5334 1.13937
0.864104 1.53532 1.14078
0.867342 1.52943 1.13894
0.871888 1.5274 1.13782
0.872818 1.53144 1.13834
0.868417 1.5334 1.13937
0.871888 1.5274 1.13782
0.876524 1.52534 1.1374
0.877302 1.52944 1.13799
0.872818 1.53144 1.13834
0.876524 1.52534 1.1374
0.877114 1.52508 1.13907
0.877854 1.5292 1.13958
0.877302 1.52944 1.13799
0.877114 1.52508 1.13907
0.872507 1.52713 1.13984
0.8734 1.53118 1.1403
0.877854 1.5292 1.13958
0.872507 1.52713 1.13984
0.867906 1.52918 1.14066
0.868952 1.53316 1.14106
0.8734 1.53118 1.1403
0.867906 1.52918 1.14066
0.863337 1.53121 1.14166
0.864531 1.53513 1.14199
0.868952 1.53316 1.14106
0.863337 1.53121 1.14166
0.858825 1.53322 1.14293
0.86016 1.53708 1.14317
0.864531 1.53513 1.14199
0.855929 1.53896 1.14483
0.859892 1.5372 1.14252
0.861199 1.54107 1.14276
0.857353 1.54278 1.14492
0.859892 1.5372 1.14252
0.864104 1.53532 1.14078
0.865267 1.53926 1.14112
0.861199 1.54107 1.14276
0.864104 1.53532 1.14078
0.868417 1.5334 1.13937
0.869429 1.5374 1.1398
0.865267 1.53926 1.14112
0.868417 1.5334 1.13937
0.872818 1.53144 1.13834
0.873674 1.53551 1.13885
0.869429 1.5374 1.1398
0.872818 1.53144 1.13834
0.877302 1.52944 1.13799
0.877993 1.53359 1.13855
0.873674 1.53551 1.13885
0.877302 1.52944 1.13799
0.877854 1.5292 1.13958
0.878508 1.53336 1.14006
0.877993 1.53359 1.13855
0.877854 1.5292 1.13958
0.8734 1.53118 1.1403
0.874217 1.53527 1.14074
0.878508 1.53336 1.14006
0.8734 1.53118 1.1403
0.868952 1.53316 1.14106
0.869932 1.53718 1.14145
0.874217 1.53527 1.14074
0.868952 1.53316 1.14106
0.864531 1.53513 1.14199
0.86567 1.53908 1.14232
0.869932 1.53718 1.14145
0.864531 1.53513 1.14199
0.86016 1.53708 1.14317
0.861452 1.54096 1.14341
0.86567 1.53908 1.14232
0.857353 1.54278 1.14492
0.861199 1.54107 1.14276
0.862468 1.54495 1.14299
0.858751 1.54661 1.14501
0.861199 1.54107 1.14276
0.865267 1.53926 1.14112
0.866381 1.54321 1.14146
0.862468 1.54495 1.14299
0.865267 1.53926 1.14112
0.869429 1.5374 1.1398
0.870381 1.54143 1.14022
0.866381 1.54321 1.14146
0.869429 1.5374 1.1398
0.873674 1.53551 1.13885
0.874459 1.53962 1.13934
0.870381 1.54143 1.14022
0.873674 1.53551 1.13885
0.877993 1.53359 1.13855
0.878604 1.53777 1.1391
0.874459 1.53962 1.13934
0.877993 1.53359 1.13855
0.878508 1.53336 1.14006
0.879083 1.53756 1.14053
0.878604 1.53777 1.1391
0.878508 1.53336 1.14006
0.874217 1.53527 1.14074
0.874964 1.53939 1.14115
0.879083 1.53756 1.14053
0.874217 1.53527 1.14074
0.869932 1.53718 1.14145
0.870851 1.54122 1.14182
0.874964 1.53939 1.14115
0.869932 1.53718 1.14145
0.86567 1.53908 1.14232
0.866759 1.54304 1.14262
0.870851 1.54122 1.14182
0.86567 1.53908 1.14232
0.861452 1.54096 1.14341
0.862705 1.54485 1.14363
0.866759 1.54304 1.14262
0.858751 1.54661 1.14501
0.862468 1.54495 1.14299
0.863702 1.54886 1.14322
0.860126 1.55045 1.1451
0.862468 1.54495 1.14299
0.866381 1.54321 1.14146
0.86745 1.54719 1.14178
0.863702 1.54886 1.14322
0.866381 1.54321 1.14146
0.870381 1.54143 1.14022
0.871279 1.54549 1.14063
0.86745 1.54719 1.14178
0.870381 1.54143 1.14022
0.874459 1.53962 1.13934
0.87518 1.54375 1.13982
0.871279 1.54549 1.14063
0.874459 1.53962 1.13934
0.878604 1.53777 1.1391
0.879142 1.54198 1.13963
0.87518 1.54375 1.13982
0.878604 1.53777 1.1391
0.879083 1.53756 1.14053
0.879586 1.54179 1.14098
0.879142 1.54198 1.13963
0.879083 1.53756 1.14053
0.874964 1.53939 1.14115
0.875649 1.54354 1.14156
0.879586 1.54179 1.14098
0.874964 1.53939 1.14115
0.870851 1.54122 1.14182
0.871717 1.54529 1.14217
0.875649 1.54354 1.14156
0.870851 1.54122 1.14182
0.866759 1.54304 1.14262
0.867804 1.54703 1.14292
0.871717 1.54529 1.14217
0.866759 1.54304 1.14262
0.862705 1.54485 1.14363
0.863924 1.54876 1.14385
0.867804 1.54703 1.14292
0.860126 1.55045 1.1451
0.863702 1.54886 1.14322
0.864901 1.55278 1.14345
0.861477 1.5543 1.14518
0.863702 1.54886 1.14322
0.86745 1.54719 1.14178
0.868474 1.55119 1.14211
0.864901 1.55278 1.14345
0.86745 1.54719 1.14178
0.871279 1.54549 1.14063
0.872122 1.54956 1.14104
0.868474 1.55119 1.14211
0.871279 1.54549 1.14063
0.87518 1.54375 1.13982
0.875836 1.54791 1.14029
0.872122 1.54956 1.14104
0.87518 1.54375 1.13982
0.879142 1.54198 1.13963
0.879606 1.54623 1.14014
0.875836 1.54791 1.14029
0.879142 1.54198 1.13963
0.879586 1.54179 1.14098
0.880016 1.54605 1.14142
0.879606 1.54623 1.14014
0.879586 1.54179 1.14098
0.875649 1.54354 1.14156
0.87627 1.54772 1.14195
0.880016 1.54605 1.14142
0.875649 1.54354 1.14156
0.871717 1.54529 1.14217
0.872528 1.54938 1.14252
0.87627 1.54772 1.14195
0.871717 1.54529 1.14217
0.867804 1.54703 1.14292
0.868803 1.55104 1.14321
0.872528 1.54938 1.14252
0.867804 1.54703 1.14292
0.863924 1.54876 1.14385
0.865106 1.55269 1.14405
0.868803 1.55104 1.14321
0.861477 1.5543 1.14518
0.864901 1.55278 1.14345
0.866068 1.55671 1.14367
0.862808 1.55816 1.14527
0.864901 1.55278 1.14345
0.868474 1.55119 1.14211
0.869459 1.5552 1.14243
0.866068 1.55671 1.14367
0.868474 1.55119 1.14211
0.872122 1.54956 1.14104
0.872917 1.55366 1.14143
0.869459 1.5552 1.14243
0.872122 1.54956 1.14104
0.875836 1.54791 1.14029
0.876437 1.55209 1.14075
0.872917 1.55366 1.14143
0.875836 1.54791 1.14029
0.879606 1.54623 1.14014
0.880006 1.5505 1.14063
0.876437 1.55209 1.14075
0.879606 1.54623 1.14014
0.880016 1.54605 1.14142
0.880385 1.55033 1.14183
0.880006 1.5505 1.14063
0.880016 1.54605 1.14142
0.87627 1.54772 1.14195
0.876836 1.55191 1.14232
0.880385 1.55033 1.14183
0.87627 1.54772 1.14195
0.872528 1.54938 1.14252
0.873292 1.55349 1.14285
0.876836 1.55191 1.14232
0.872528 1.54938 1.14252
0.868803 1.55104 1.14321
0.869764 1.55506 1.14348
0.873292 1.55349 1.14285
0.868803 1.55104 1.14321
0.865106 1.55269 1.14405
0.866258 1.55662 1.14426
0.869764 1.55506 1.14348
0.862808 1.55816 1.14527
0.866068 1.55671 1.14367
0.867207 1.56066 1.14389
0.86412 1.56203 1.14535
0.866068 1.55671 1.14367
0.869459 1.5552 1.14243
0.870405 1.55923 1.14274
0.867207 1.56066 1.14389
0.869459 1.5552 1.14243
0.872917 1.55366 1.14143
0.873665 1.55778 1.14182
0.870405 1.55923 1.14274
0.872917 1.55366 1.14143
0.876437 1.55209 1.14075
0.876982 1.5563 1.1412
0.873665 1.55778 1.14182
0.876437 1.55209 1.14075
0.880006 1.5505 1.14063
0.880342 1.55481 1.1411
0.876982 1.5563 1.1412
0.880006 1.5505 1.14063
0.880385 1.55033 1.14183
0.88069 1.55465 1.14223
0.880342 1.55481 1.1411
0.880385 1.55033 1.14183
0.876836 1.55191 1.14232
0.877348 1.55614 1.14268
0.88069 1.55465 1.14223
0.876836 1.55191 1.14232
0.873292 1.55349 1.14285
0.87401 1.55763 1.14316
0.877348 1.55614 1.14268
0.873292 1.55349 1.14285
0.869764 1.55506 1.14348
0.870685 1.55911 1.14374
0.87401 1.55763 1.14316
0.869764 1.55506 1.14348
0.866258 1.55662 1.14426
0.867381 1.56058 1.14445
0.870685 1.55911 1.14374
0.86412 1.56203 1.14535
0.867207 1.56066 1.14389
0.868318 1.56461 1.1441
0.865414 1.56591 1.14543
0.867207 1.56066 1.14389
0.870405 1.55923 1.14274
0.871316 1.56328 1.14305
0.868318 1.56461 1.1441
0.870405 1.55923 1.14274
0.873665 1.55778 1.14182
0.87437 1.56192 1.1422
0.871316 1.56328 1.14305
0.873665 1.55778 1.14182
0.876982 1.5563 1.1412
0.877476 1.56053 1.14163
0.87437 1.56192 1.1422
0.876982 1.5563 1.1412
0.880342 1.55481 1.1411
0.880621 1.55913 1.14156
0.877476 1.56053 1.14163
0.880342 1.55481 1.1411
0.88069 1.55465 1.14223
0.880938 1.55899 1.14262
0.880621 1.55913 1.14156
0.88069 1.55465 1.14223
0.877348 1.55614 1.14268
0.87781 1.56039 1.14302
0.880938 1.55899 1.14262
0.877348 1.55614 1.14268
0.87401 1.55763 1.14316
0.874685 1.56178 1.14347
0.87781 1.56039 1.14302
0.87401 1.55763 1.14316
0.870685 1.55911 1.14374
0.871572 1.56316 1.144
0.874685 1.56178 1.14347
0.870685 1.55911 1.14374
0.867381 1.56058 1.14445
0.868476 1.56454 1.14464
0.871572 1.56316 1.144
0.865414 1.56591 1.14543
0.868318 1.56461 1.1441
0.869404 1.56858 1.14431
0.866692 1.56979 1.14551
0.868318 1.56461 1.1441
0.871316 1.56328 1.14305
0.872195 1.56734 1.14334
0.869404 1.56858 1.14431
0.871316 1.56328 1.14305
0.87437 1.56192 1.1422
0.875035 1.56607 1.14257
0.872195 1.56734 1.14334
0.87437 1.56192 1.1422
0.877476 1.56053 1.14163
0.877923 1.56479 1.14206
0.875035 1.56607 1.14257
0.877476 1.56053 1.14163
0.880621 1.55913 1.14156
0.880846 1.56349 1.14201
0.877923 1.56479 1.14206
0.880621 1.55913 1.14156
0.880938 1.55899 1.14262
0.881134 1.56336 1.14299
0.880846 1.56349 1.14201
0.880938 1.55899 1.14262
0.87781 1.56039 1.14302
0.878225 1.56465 1.14335
0.881134 1.56336 1.14299
0.87781 1.56039 1.14302
0.874685 1.56178 1.14347
0.875321 1.56595 1.14376
0.878225 1.56465 1.14335
0.874685 1.56178 1.14347
0.871572 1.56316 1.144
0.872427 1.56723 1.14424
0.875321 1.56595 1.14376
0.871572 1.56316 1.144
0.868476 1.56454 1.14464
0.869547 1.56852 1.14481
0.872427 1.56723 1.14424
0.866692 1.56979 1.14551
0.869404 1.56858 1.14431
0.870467 1.57256 1.14451
0.867955 1.57368 1.14559
0.869404 1.56858 1.14431
0.872195 1.56734 1.14334
0.873043 1.57141 1.14364
0.870467 1.57256 1.14451
0.872195 1.56734 1.14334
0.875035 1.56607 1.14257
0.875664 1.57025 1.14294
0.873043 1.57141 1.14364
0.875035 1.56607 1.14257
0.877923 1.56479 1.14206
0.878327 1.56906 1.14247
0.875664 1.57025 1.14294
0.877923 1.56479 1.14206
0.880846 1.56349 1.14201
0.881022 1.56786 1.14244
0.878327 1.56906 1.14247
0.880846 1.56349 1.14201
0.881134 1.56336 1.14299
0.881281 1.56775 1.14334
0.881022 1.56786 1.14244
0.881134 1.56336 1.14299
0.878225 1.56465 1.14335
0.878599 1.56894 1.14367
0.881281 1.56775 1.14334
0.878225 1.56465 1.14335
0.875321 1.56595 1.14376
0.875921 1.57013 1.14404
0.878599 1.56894 1.14367
0.875321 1.56595 1.14376
0.872427 1.56723 1.14424
0.873252 1.57132 1.14447
0.875921 1.57013 1.14404
0.872427 1.56723 1.14424
0.869547 1.56852 1.14481
0.870595 1.5725 1.14498
0.873252 1.57132 1.14447
0.867955 1.57368 1.14559
0.870467 1.57256 1.14451
0.871507 1.57655 1.14471
0.869204 1.57758 1.14567
0.870467 1.57256 1.14451
0.873043 1.57141 1.14364
0.873863 1.5755 1.14392
0.871507 1.57655 1.14471
0.873043 1.57141 1.14364
0.875664 1.57025 1.14294
0.876258 1.57443 1.14329
0.873863 1.5755 1.14392
0.875664 1.57025 1.14294
0.878327 1.56906 1.14247
0.878692 1.57335 1.14288
0.876258 1.57443 1.14329
0.878327 1.56906 1.14247
0.881022 1.56786 1.14244
0.881152 1.57226 1.14286
0.878692 1.57335 1.14288
0.881022 1.56786 1.14244
0.881281 1.56775 1.14334
0.881383 1.57215 1.14368
0.881152 1.57226 1.14286
0.881281 1.56775 1.14334
0.878599 1.56894 1.14367
0.878933 1.57324 1.14398
0.881383 1.57215 1.14368
0.878599 1.56894 1.14367
0.875921 1.57013 1.14404
0.876488 1.57433 1.1443
0.878933 1.57324 1.14398
0.875921 1.57013 1.14404
0.873252 1.57132 1.14447
0.874049 1.57542 1.14469
0.876488 1.57433 1.1443
0.873252 1.57132 1.14447
0.870595 1.5725 1.14498
0.87162 1.5765 1.14515
0.874049 1.57542 1.14469
0.869204 1.57758 1.14567
0.871507 1.57655 1.14471
0.87253 1.58055 1.1449
0.870442 1.58148 1.14574
0.871507 1.57655 1.14471
0.873863 1.5755 1.14392
0.87466 1.5796 1.1442
0.87253 1.58055 1.1449
0.873863 1.5755 1.14392
0.876258 1.57443 1.14329
0.876823 1.57864 1.14364
0.87466 1.5796 1.1442
0.876258 1.57443 1.14329
0.878692 1.57335 1.14288
0.87902 1.57766 1.14327
0.876823 1.57864 1.14364
0.878692 1.57335 1.14288
0.881152 1.57226 1.14286
0.881241 1.57667 1.14327
0.87902 1.57766 1.14327
0.881152 1.57226 1.14286
0.881383 1.57215 1.14368
0.881445 1.57658 1.14401
0.881241 1.57667 1.14327
0.881383 1.57215 1.14368
0.878933 1.57324 1.14398
0.879233 1.57756 1.14427
0.881445 1.57658 1.14401
0.878933 1.57324 1.14398
0.876488 1.57433 1.1443
0.877025 1.57855 1.14456
0.879233 1.57756 1.14427
0.876488 1.57433 1.1443
0.874049 1.57542 1.14469
0.874823 1.57953 1.1449
0.877025 1.57855 1.14456
0.874049 1.57542 1.14469
0.87162 1.5765 1.14515
0.872629 1.5805 1.1453
0.874823 1.57953 1.1449
0.870442 1.58148 1.14574
0.87253 1.58055 1.1449
0.873485 1.58439 1.14507
0.871613 1.58522 1.14581
0.87253 1.58055 1.1449
0.87466 1.5796 1.1442
0.875392 1.58354 1.14445
0.873485 1.58439 1.14507
0.87466 1.5796 1.1442
0.876823 1.57864 1.14364
0.87733 1.58267 1.14396
0.875392 1.58354 1.14445
0.876823 1.57864 1.14364
0.87902 1.57766 1.14327
0.879297 1.5818 1.14364
0.87733 1.58267 1.14396
0.87902 1.57766 1.14327
0.881241 1.57667 1.14327
0.881284 1.58091 1.14364
0.879297 1.5818 1.14364
0.881241 1.57667 1.14327
0.881445 1.57658 1.14401
0.881464 1.58083 1.14431
0.881284 1.58091 1.14364
0.881445 1.57658 1.14401
0.879233 1.57756 1.14427
0.879484 1.58171 1.14453
0.881464 1.58083 1.14431
0.879233 1.57756 1.14427
0.877025 1.57855 1.14456
0.877508 1.58259 1.14478
0.879484 1.58171 1.14453
0.877025 1.57855 1.14456
0.874823 1.57953 1.1449
0.875537 1.58347 1.14508
0.877508 1.58259 1.14478
0.874823 1.57953 1.1449
0.872629 1.5805 1.1453
0.873572 1.58435 1.14543
0.875537 1.58347 1.14508
0.871613 1.58522 1.14581
0.873485 1.58439 1.14507
0.873651 1.58534 1.14512
0.871845 1.58615 1.14583
0.873485 1.58439 1.14507
0.875392 1.58354 1.14445
0.875492 1.58452 1.14453
0.873651 1.58534 1.14512
0.875392 1.58354 1.14445
0.87733 1.58267 1.14396
0.877362 1.58369 1.14405
0.875492 1.58452 1.14453
0.87733 1.58267 1.14396
0.879297 1.5818 1.14364
0.87926 1.58285 1.14374
0.877362 1.58369 1.14405
0.879297 1.5818 1.14364
0.881284 1.58091 1.14364
0.881177 1.58199 1.14375
0.87926 1.58285 1.14374
0.881284 1.58091 1.14364
0.881464 1.58083 1.14431
0.88135 1.58192 1.1444
0.881177 1.58199 1.14375
0.881464 1.58083 1.14431
0.879484 1.58171 1.14453
0.87944 1.58277 1.14461
0.88135 1.58192 1.1444
0.879484 1.58171 1.14453
0.877508 1.58259 1.14478
0.877533 1.58361 1.14485
0.87944 1.58277 1.14461
0.877508 1.58259 1.14478
0.875537 1.58347 1.14508
0.875631 1.58446 1.14514
0.877533 1.58361 1.14485
0.875537 1.58347 1.14508
0.873572 1.58435 1.14543
0.873735 1.58531 1.14547
0.875631 1.58446 1.14514
0.871845 1.58615 1.14583
0.873651 1.58534 1.14512
0.873718 1.58616 1.14518
0.871978 1.58693 1.14586
0.873651 1.58534 1.14512
0.875492 1.58452 1.14453
0.875491 1.58537 1.14461
0.873718 1.58616 1.14518
0.875492 1.58452 1.14453
0.877362 1.58369 1.14405
0.877292 1.58456 1.14415
0.875491 1.58537 1.14461
0.877362 1.58369 1.14405
0.87926 1.58285 1.14374
0.879119 1.58375 1.14386
0.877292 1.58456 1.14415
0.87926 1.58285 1.14374
0.881177 1.58199 1.14375
0.880965 1.58293 1.14387
0.879119 1.58375 1.14386
0.881177 1.58199 1.14375
0.88135 1.58192 1.1444
0.881132 1.58285 1.14449
0.880965 1.58293 1.14387
0.88135 1.58192 1.1444
0.87944 1.58277 1.14461
0.879293 1.58367 1.14469
0.881132 1.58285 1.14449
0.87944 1.58277 1.14461
0.877533 1.58361 1.14485
0.877456 1.58449 1.14492
0.879293 1.58367 1.14469
0.877533 1.58361 1.14485
0.875631 1.58446 1.14514
0.875624 1.58531 1.1452
0.877456 1.58449 1.14492
0.875631 1.58446 1.14514
0.873735 1.58531 1.14547
0.873799 1.58612 1.14551
0.875624 1.58531 1.1452
0.871978 1.58693 1.14586
0.873718 1.58616 1.14518
0.873713 1.587 1.14525
0.872053 1.58774 1.1459
0.873718 1.58616 1.14518
0.875491 1.58537 1.14461
0.875404 1.58625 1.14471
0.873713 1.587 1.14525
0.875491 1.58537 1.14461
0.877292 1.58456 1.14415
0.877121 1.58548 1.14427
0.875404 1.58625 1.14471
0.877292 1.58456 1.14415
0.879119 1.58375 1.14386
0.878864 1.58471 1.14399
0.877121 1.58548 1.14427
0.879119 1.58375 1.14386
0.880965 1.58293 1.14387
0.880624 1.58392 1.144
0.878864 1.58471 1.14399
0.880965 1.58293 1.14387
0.881132 1.58285 1.14449
0.880782 1.58385 1.1446
0.880624 1.58392 1.144
0.881132 1.58285 1.14449
0.879293 1.58367 1.14469
0.879029 1.58463 1.14479
0.880782 1.58385 1.1446
0.879293 1.58367 1.14469
0.877456 1.58449 1.14492
0.877277 1.58541 1.14501
0.879029 1.58463 1.14479
0.877456 1.58449 1.14492
0.875624 1.58531 1.1452
0.87553 1.58619 1.14527
0.877277 1.58541 1.14501
0.875624 1.58531 1.1452
0.873799 1.58612 1.14551
0.873789 1.58697 1.14557
0.87553 1.58619 1.14527
0.872053 1.58774 1.1459
0.873713 1.587 1.14525
0.873627 1.58788 1.14534
0.872063 1.58858 1.14595
0.873713 1.587 1.14525
0.875404 1.58625 1.14471
0.87522 1.58717 1.14483
0.873627 1.58788 1.14534
0.875404 1.58625 1.14471
0.877121 1.58548 1.14427
0.876837 1.58645 1.14442
0.87522 1.58717 1.14483
0.877121 1.58548 1.14427
0.878864 1.58471 1.14399
0.878479 1.58572 1.14416
0.876837 1.58645 1.14442
0.878864 1.58471 1.14399
0.880624 1.58392 1.144
0.880137 1.58498 1.14417
0.878479 1.58572 1.14416
0.880624 1.58392 1.144
0.880782 1.58385 1.1446
0.880286 1.58492 1.14473
0.880137 1.58498 1.14417
0.880782 1.58385 1.1446
0.879029 1.58463 1.14479
0.878634 1.58565 1.14491
0.880286 1.58492 1.14473
0.879029 1.58463 1.14479
0.877277 1.58541 1.14501
0.876984 1.58639 1.14512
0.878634 1.58565 1.14491
0.877277 1.58541 1.14501
0.87553 1.58619 1.14527
0.875339 1.58712 1.14536
0.876984 1.58639 1.14512
0.87553 1.58619 1.14527
0.873789 1.58697 1.14557
0.873699 1.58785 1.14564
0.875339 1.58712 1.14536
0.872063 1.58858 1.14595
0.873627 1.58788 1.14534
0.873443 1.58881 1.14545
0.871994 1.58945 1.14601
0.873627 1.58788 1.14534
0.87522 1.58717 1.14483
0.874919 1.58815 1.14498
0.873443 1.58881 1.14545
0.87522 1.58717 1.14483
0.876837 1.58645 1.14442
0.876417 1.58748 1.1446
0.874919 1.58815 1.14498
0.876837 1.58645 1.14442
0.878479 1.58572 1.14416
0.877938 1.5868 1.14436
0.876417 1.58748 1.1446
0.878479 1.58572 1.14416
0.880137 1.58498 1.14417
0.879473 1.58612 1.14437
0.877938 1.5868 1.14436
0.880137 1.58498 1.14417
0.880286 1.58492 1.14473
0.879611 1.58606 1.14489
0.879473 1.58612 1.14437
0.880286 1.58492 1.14473
0.878634 1.58565 1.14491
0.878081 1.58674 1.14506
0.879611 1.58606 1.14489
0.878634 1.58565 1.14491
0.876984 1.58639 1.14512
0.876553 1.58742 1.14524
0.878081 1.58674 1.14506
0.876984 1.58639 1.14512
0.875339 1.58712 1.14536
0.875029 1.5881 1.14547
0.876553 1.58742 1.14524
0.875339 1.58712 1.14536
0.873699 1.58785 1.14564
0.873509 1.58878 1.14573
0.875029 1.5881 1.14547
0.871994 1.58945 1.14601
0.873443 1.58881 1.14545
0.87313 1.58979 1.14558
0.871821 1.59037 1.14609
0.873443 1.58881 1.14545
0.874919 1.58815 1.14498
0.874463 1.58919 1.14516
0.87313 1.58979 1.14558
0.874919 1.58815 1.14498
0.876417 1.58748 1.1446
0.875817 1.58859 1.14482
0.874463 1.58919 1.14516
0.876417 1.58748 1.1446
0.877938 1.5868 1.14436
0.877191 1.58798 1.1446
0.875817 1.58859 1.14482
0.877938 1.5868 1.14436
0.879473 1.58612 1.14437
0.878577 1.58736 1.14461
0.877191 1.58798 1.1446
0.879473 1.58612 1.14437
0.879611 1.58606 1.14489
0.878701 1.58731 1.14508
0.878577 1.58736 1.14461
0.879611 1.58606 1.14489
0.878081 1.58674 1.14506
0.877319 1.58792 1.14523
0.878701 1.58731 1.14508
0.878081 1.58674 1.14506
0.876553 1.58742 1.14524
0.875939 1.58854 1.1454
0.877319 1.58792 1.14523
0.876553 1.58742 1.14524
0.875029 1.5881 1.14547
0.874562 1.58915 1.1456
0.875939 1.58854 1.1454
0.875029 1.5881 1.14547
0.873509 1.58878 1.14573
0.873189 1.58976 1.14583
0.874562 1.58915 1.1456
0.871821 1.59037 1.14609
0.87313 1.58979 1.14558
0.872636 1.59085 1.14575
0.871502 1.59135 1.14619
0.87313 1.58979 1.14558
0.874463 1.58919 1.14516
0.873791 1.59034 1.14538
0.872636 1.59085 1.14575
0.874463 1.58919 1.14516
0.875817 1.58859 1.14482
0.874964 1.58981 1.14509
0.873791 1.59034 1.14538
0.875817 1.58859 1.14482
0.877191 1.58798 1.1446
0.876154 1.58928 1.14491
0.874964 1.58981 1.14509
0.877191 1.58798 1.1446
0.878577 1.58736 1.14461
0.877355 1.58875 1.14492
0.876154 1.58928 1.14491
0.878577 1.58736 1.14461
0.878701 1.58731 1.14508
0.877463 1.5887 1.14532
0.877355 1.58875 1.14492
0.878701 1.58731 1.14508
0.877319 1.58792 1.14523
0.876265 1.58923 1.14545
0.877463 1.5887 1.14532
0.877319 1.58792 1.14523
0.875939 1.58854 1.1454
0.875069 1.58977 1.1456
0.876265 1.58923 1.14545
0.875939 1.58854 1.1454
0.874562 1.58915 1.1456
0.873877 1.5903 1.14577
0.875069 1.58977 1.1456
0.874562 1.58915 1.1456
0.873189 1.58976 1.14583
0.872688 1.59083 1.14597
0.873877 1.5903 1.14577
0.871502 1.59135 1.14619
0.872636 1.59085 1.14575
0.871823 1.59205 1.14599
0.870925 1.59245 1.14633
0.872636 1.59085 1.14575
0.873791 1.59034 1.14538
0.872738 1.59165 1.1457
0.871823 1.59205 1.14599
0.873791 1.59034 1.14538
0.874964 1.58981 1.14509
0.873667 1.59123 1.14547
0.872738 1.59165 1.1457
0.874964 1.58981 1.14509
0.876154 1.58928 1.14491
0.87461 1.59081 1.14532
0.873667 1.59123 1.14547
0.876154 1.58928 1.14491
0.877355 1.58875 1.14492
0.875561 1.59039 1.14533
0.87461 1.59081 1.14532
0.877355 1.58875 1.14492
0.877463 1.5887 1.14532
0.875646 1.59035 1.14565
0.875561 1.59039 1.14533
0.877463 1.5887 1.14532
0.876265 1.58923 1.14545
0.874698 1.59077 1.14575
0.875646 1.59035 1.14565
0.876265 1.58923 1.14545
0.875069 1.58977 1.1456
0.873751 1.5912 1.14586
0.874698 1.59077 1.14575
0.875069 1.58977 1.1456
0.873877 1.5903 1.14577
0.872806 1.59162 1.146
0.873751 1.5912 1.14586
0.873877 1.5903 1.14577
0.872688 1.59083 1.14597
0.871864 1.59204 1.14616
0.872806 1.59162 1.146
0.870925 1.59245 1.14633
0.871823 1.59205 1.14599
0.870179 1.59363 1.14639
0.869676 1.59385 1.14658
0.871823 1.59205 1.14599
0.872738 1.59165 1.1457
0.870691 1.5934 1.14623
0.870179 1.59363 1.14639
0.872738 1.59165 1.1457
0.873667 1.59123 1.14547
0.87121 1.59317 1.1461
0.870691 1.5934 1.14623
0.873667 1.59123 1.14547
0.87461 1.59081 1.14532
0.871737 1.59293 1.14602
0.87121 1.59317 1.1461
0.87461 1.59081 1.14532
0.875561 1.59039 1.14533
0.872269 1.5927 1.14602
0.871737 1.59293 1.14602
0.875561 1.59039 1.14533
0.875646 1.59035 1.14565
0.872317 1.59268 1.1462
0.872269 1.5927 1.14602
0.875646 1.59035 1.14565
0.874698 1.59077 1.14575
0.871786 1.59291 1.14626
0.872317 1.59268 1.1462
0.874698 1.59077 1.14575
0.873751 1.5912 1.14586
0.871257 1.59315 1.14632
0.871786 1.59291 1.14626
0.873751 1.5912 1.14586
0.872806 1.59162 1.146
0.870728 1.59338 1.1464
0.871257 1.59315 1.14632
0.872806 1.59162 1.146
0.871864 1.59204 1.14616
0.870202 1.59362 1.14649
0.870728 1.59338 1.1464
0.869676 1.59385 1.14658
0.870179 1.59363 1.14639
0.868306 1.59522 1.14683
0.868235 1.59525 1.14686
0.870179 1.59363 1.14639
0.870691 1.5934 1.14623
0.868379 1.59519 1.14681
0.868306 1.59522 1.14683
0.870691 1.5934 1.14623
0.87121 1.59317 1.1461
0.868453 1.59516 1.14679
0.868379 1.59519 1.14681
0.87121 1.59317 1.1461
0.871737 1.59293 1.14602
0.868528 1.59512 1.14678
0.868453 1.59516 1.14679
0.871737 1.59293 1.14602
0.872269 1.5927 1.14602
0.868603 1.59509 1.14678
0.868528 1.59512 1.14678
0.872269 1.5927 1.14602
0.872317 1.59268 1.1462
0.86861 1.59509 1.1468
0.868603 1.59509 1.14678
0.872317 1.59268 1.1462
0.871786 1.59291 1.14626
0.868535 1.59512 1.14681
0.86861 1.59509 1.1468
0.871786 1.59291 1.14626
0.871257 1.59315 1.14632
0.868459 1.59515 1.14682
0.868535 1.59512 1.14681
0.871257 1.59315 1.14632
0.870728 1.59338 1.1464
0.868384 1.59519 1.14683
0.868459 1.59515 1.14682
0.870728 1.59338 1.1464
0.870202 1.59362 1.14649
0.86831 1.59522 1.14684
0.868384 1.59519 1.14683
0.83016 1.47207 1.14043
0.82721 1.47339 1.1429
0.828137 1.47574 1.14286
0.831223 1.47436 1.14009
0.831223 1.47436 1.14009
0.828137 1.47574 1.14286
0.829705 1.4794 1.14294
0.833058 1.4779 1.13985
0.833058 1.4779 1.13985
0.829705 1.4794 1.14294
0.831398 1.4831 1.14314
0.835088 1.48145 1.13991
0.835088 1.48145 1.13991
0.831398 1.4831 1.14314
0.833115 1.48678 1.14337
0.83714 1.48499 1.14012
0.83714 1.48499 1.14012
0.833115 1.48678 1.14337
0.834826 1.49048 1.14355
0.839134 1.48856 1.14033
0.839134 1.48856 1.14033
0.834826 1.49048 1.14355
0.836535 1.49417 1.14371
0.841068 1.49215 1.14055
0.841068 1.49215 1.14055
0.836535 1.49417 1.14371
0.83825 1.49786 1.14384
0.842947 1.49576 1.14077
0.842947 1.49576 1.14077
0.83825 1.49786 1.14384
0.839979 1.50154 1.14394
0.844776 1.4994 1.14099
0.844776 1.4994 1.14099
0.839979 1.50154 1.14394
0.841721 1.50522 1.14403
0.846553 1.50306 1.1412
0.846553 1.50306 1.1412
0.841721 1.50522 1.14403
0.843442 1.5089 1.14411
0.848273 1.50675 1.14142
0.848273 1.50675 1.14142
0.843442 1.5089 1.14411
0.845124 1.51261 1.1442
0.849933 1.51046 1.14163
0.849933 1.51046 1.14163
0.845124 1.51261 1.1442
0.846769 1.51632 1.14428
0.851537 1.5142 1.14184
0.851537 1.5142 1.14184
0.846769 1.51632 1.14428
0.848377 1.52006 1.14438
0.853088 1.51797 1.14206
0.853088 1.51797 1.14206
0.848377 1.52006 1.14438
0.84995 1.52381 1.14447
0.854587 1.52175 1.14226
0.854587 1.52175 1.14226
0.84995 1.52381 1.14447
0.851492 1.52758 1.14456
0.85604 1.52555 1.14247
0.85604 1.52555 1.14247
0.851492 1.52758 1.14456
0.852999 1.53136 1.14465
0.857448 1.52938 1.14268
0.857448 1.52938 1.14268
0.852999 1.53136 1.14465
0.854477 1.53516 1.14474
0.858825 1.53322 1.14293
0.858825 1.53322 1.14293
0.854477 1.53516 1.14474
0.855929 1.53896 1.14483
0.86016 1.53708 1.14317
0.86016 1.53708 1.14317
0.855929 1.53896 1.14483
0.857353 1.54278 1.14492
0.861452 1.54096 1.14341
0.861452 1.54096 1.14341
0.857353 1.54278 1.14492
0.858751 1.54661 1.14501
0.862705 1.54485 1.14363
0.862705 1.54485 1.14363
0.858751 1.54661 1.14501
0.860126 1.55045 1.1451
0.863924 1.54876 1.14385
0.863924 1.54876 1.14385
0.860126 1.55045 1.1451
0.861477 1.5543 1.14518
0.865106 1.55269 1.14405
0.865106 1.55269 1.14405
0.861477 1.5543 1.14518
0.862808 1.55816 1.14527
0.866258 1.55662 1.14426
0.866258 1.55662 1.14426
0.862808 1.55816 1.14527
0.86412 1.56203 1.14535
0.867381 1.56058 1.14445
0.867381 1.56058 1.14445
0.86412 1.56203 1.14535
0.865414 1.56591 1.14543
0.868476 1.56454 1.14464
0.868476 1.56454 1.14464
0.865414 1.56591 1.14543
0.866692 1.56979 1.14551
0.869547 1.56852 1.14481
0.869547 1.56852 1.14481
0.866692 1.56979 1.14551
0.867955 1.57368 1.14559
0.870595 1.5725 1.14498
0.870595 1.5725 1.14498
0.867955 1.57368 1.14559
0.869204 1.57758 1.14567
0.87162 1.5765 1.14515
0.87162 1.5765 1.14515
0.869204 1.57758 1.14567
0.870442 1.58148 1.14574
0.872629 1.5805 1.1453
0.872629 1.5805 1.1453
0.870442 1.58148 1.14574
0.871613 1.58522 1.14581
0.873572 1.58435 1.14543
0.873572 1.58435 1.14543
0.871613 1.58522 1.14581
0.871845 1.58615 1.14583
0.873735 1.58531 1.14547
0.873735 1.58531 1.14547
0.871845 1.58615 1.14583
0.871978 1.58693 1.14586
0.873799 1.58612 1.14551
0.873799 1.58612 1.14551
0.871978 1.58693 1.14586
0.872053 1.58774 1.1459
0.873789 1.58697 1.14557
0.873789 1.58697 1.14557
0.872053 1.58774 1.1459
0.872063 1.58858 1.14595
0.873699 1.58785 1.14564
0.873699 1.58785 1.14564
0.872063 1.58858 1.14595
0.871994 1.58945 1.14601
0.873509 1.58878 1.14573
0.873509 1.58878 1.14573
0.871994 1.58945 1.14601
0.871821 1.59037 1.14609
0.873189 1.58976 1.14583
0.873189 1.58976 1.14583
0.871821 1.59037 1.14609
0.871502 1.59135 1.14619
0.872688 1.59083 1.14597
0.872688 1.59083 1.14597
0.871502 1.59135 1.14619
0.870925 1.59245 1.14633
0.871864 1.59204 1.14616
0.871864 1.59204 1.14616
0.870925 1.59245 1.14633
0.869676 1.59385 1.14658
0.870202 1.59362 1.14649
0.870202 1.59362 1.14649
0.869676 1.59385 1.14658
0.868235 1.59525 1.14686
0.86831 1.59522 1.14684
0.8135 1.4528 1.1457
0.8135 1.4528 1.1457
0.8135 1.4528 1.1457
0.8135 1.4528 1.1457
0.8135 1.4528 1.1457
0.8135 1.4528 1.1457
0.8135 1.4528 1.1457
0.8135 1.4528 1.1457
0.8135 1.4528 1.1457
0.8135 1.4528 1.1457
0.8135 1.4528 1.1457
0.8135 1.4528 1.1457
0.8135 1.4528 1.1457
0.8135 1.4528 1.1457
0.8135 1.4528 1.1457
0.8135 1.4528 1.1457
0.8135 1.4528 1.1457
0.8135 1.4528 1.1457
0.8135 1.4528 1.1457
0.8135 1.4528 1.1457
0.8135 1.4528 1.1457
0.8135 1.4528 1.1457
0.8135 1.4528 1.1457
0.8135 1.4528 1.1457
0.8135 1.4528 1.1457
0.8135 1.4528 1.1457
0.8135 1.4528 1.1457
0.8135 1.4528 1.1457
0.8135 1.4528 1.1457
0.8135 1.4528 1.1457
0.8135 1.4528 1.1457
0.8135 1.4528 1.1457
0.8135 1.4528 1.1457
0.8135 1.4528 1.1457
0.8135 1.4528 1.1457
0.8135 1.4528 1.1457
0.8135 1.4528 1.1457
0.8135 1.4528 1.1457
0.8135 1.4528 1.1457
0.8135 1.4528 1.1457
0.8135 1.4528 1.1457
0.8135 1.4528 1.1457
0.8135 1.4528 1.1457
0.8135 1.4528 1.1457
0.8135 1.4528 1.1457
0.8135 1.4528 1.1457
0.8135 1.4528 1.1457
0.8135 1.4528 1.1457
0.8135 1.4528 1.1457
0.8135 1.4528 1.1457
0.8135 1.4528 1.1457
0.8135 1.4528 1.1457
0.8135 1.4528 1.1457
0.8135 1.4528 1.1457
0.8135 1.4528 1.1457
0.8135 1.4528 1.1457
0.8135 1.4528 1.1457
0.8135 1.4528 1.1457
0.8135 1.4528 1.1457
0.8135 1.4528 1.1457
0.8135 1.4528 1.1457
0.8135 1.4528 1.1457
0.8135 1.4528 1.1457
0.8135 1.4528 1.1457
0.8135 1.4528 1.1457
0.8135 1.4528 1.1457
0.8135 1.4528 1.1457
0.8135 1.4528 1.1457
0.8135 1.4528 1.1457
0.8135 1.4528 1.1457
0.8135 1.4528 1.1457
0.8135 1.4528 1.1457
0.8135 1.4528 1.1457
0.8135 1.4528 1.1457
0.8135 1.4528 1.1457
0.8135 1.4528 1.1457
0.8135 1.4528 1.1457
0.8135 1.4528 1.1457
0.8135 1.4528 1.1457
0.8135 1.4528 1.1457
0.8135 1.4528 1.1457
0.8135 1.4528 1.1457
0.8135 1.4528 1.1457
0.8135 1.4528 1.1457
0.8135 1.4528 1.1457
0.8135 1.4528 1.1457
0.8135 1.4528 1.1457
0.8135 1.4528 1.1457
0.79979 1.43221 1.1429
0.797594 1.43319 1.13964
0.796524 1.43091 1.13934
0.798863 1.42986 1.14286
0.797594 1.43319 1.13964
0.794962 1.43436 1.13677
0.793717 1.43216 1.13622
0.796524 1.43091 1.13934
0.794962 1.43436 1.13677
0.792142 1.43562 1.13411
0.79071 1.43349 1.13334
0.793717 1.43216 1.13622
0.792142 1.43562 1.13411
0.789092 1.43698 1.13179
0.787463 1.43494 1.13078
0.79071 1.43349 1.13334
0.789092 1.43698 1.13179
0.78566 1.4385 1.13028
0.783821 1.43656 1.12903
0.787463 1.43494 1.13078
0.78566 1.4385 1.13028
0.783941 1.43927 1.13237
0.782083 1.43734 1.13107
0.783821 1.43656 1.12903
0.783941 1.43927 1.13237
0.787061 1.43788 1.13456
0.785439 1.43584 1.13344
0.782083 1.43734 1.13107
0.787061 1.43788 1.13456
0.790371 1.43641 1.13642
0.78895 1.43428 1.13553
0.785439 1.43584 1.13344
0.790371 1.43641 1.13642
0.793655 1.43494 1.13833
0.792421 1.43273 1.13771
0.78895 1.43428 1.13553
0.793655 1.43494 1.13833
0.79684 1.43353 1.14043
0.795777 1.43124 1.14009
0.792421 1.43273 1.13771
0.798863 1.42986 1.14286
0.796524 1.43091 1.13934
0.794647 1.42738 1.13913
0.797295 1.4262 1.14294
0.796524 1.43091 1.13934
0.793717 1.43216 1.13622
0.791504 1.42878 1.13578
0.794647 1.42738 1.13913
0.793717 1.43216 1.13622
0.79071 1.43349 1.13334
0.788148 1.43028 1.13268
0.791504 1.42878 1.13578
0.79071 1.43349 1.13334
0.787463 1.43494 1.13078
0.78455 1.43188 1.12993
0.788148 1.43028 1.13268
0.787463 1.43494 1.13078
0.783821 1.43656 1.12903
0.780562 1.43365 1.12797
0.78455 1.43188 1.12993
0.783821 1.43656 1.12903
0.782083 1.43734 1.13107
0.778891 1.4344 1.12997
0.780562 1.43365 1.12797
0.782083 1.43734 1.13107
0.785439 1.43584 1.13344
0.782637 1.43273 1.13247
0.778891 1.4344 1.12997
0.785439 1.43584 1.13344
0.78895 1.43428 1.13553
0.786488 1.43101 1.13477
0.782637 1.43273 1.13247
0.78895 1.43428 1.13553
0.792421 1.43273 1.13771
0.790281 1.42933 1.13719
0.786488 1.43101 1.13477
0.792421 1.43273 1.13771
0.795777 1.43124 1.14009
0.793942 1.4277 1.13985
0.790281 1.42933 1.13719
0.797295 1.4262 1.14294
0.794647 1.42738 1.13913
0.792558 1.42386 1.13921
0.795602 1.4225 1.14314
0.794647 1.42738 1.13913
0.791504 1.42878 1.13578
0.789009 1.42544 1.13578
0.792558 1.42386 1.13921
0.791504 1.42878 1.13578
0.788148 1.43028 1.13268
0.785246 1.42711 1.13265
0.789009 1.42544 1.13578
0.788148 1.43028 1.13268
0.78455 1.43188 1.12993
0.781252 1.42889 1.12988
0.785246 1.42711 1.13265
0.78455 1.43188 1.12993
0.780562 1.43365 1.12797
0.776897 1.43083 1.1279
0.781252 1.42889 1.12988
0.780562 1.43365 1.12797
0.778891 1.4344 1.12997
0.77536 1.43151 1.12991
0.776897 1.43083 1.1279
0.778891 1.4344 1.12997
0.782637 1.43273 1.13247
0.77952 1.42966 1.13237
0.77536 1.43151 1.12991
0.782637 1.43273 1.13247
0.786488 1.43101 1.13477
0.783742 1.42778 1.1347
0.77952 1.42966 1.13237
0.786488 1.43101 1.13477
0.790281 1.42933 1.13719
0.787897 1.42593 1.13718
0.783742 1.42778 1.1347
0.790281 1.42933 1.13719
0.793942 1.4277 1.13985
0.791912 1.42415 1.13991
0.787897 1.42593 1.13718
0.795602 1.4225 1.14314
0.792558 1.42386 1.13921
0.790449 1.42035 1.13941
0.793885 1.41882 1.14337
0.792558 1.42386 1.13921
0.789009 1.42544 1.13578
0.786511 1.4221 1.13602
0.790449 1.42035 1.13941
0.789009 1.42544 1.13578
0.785246 1.42711 1.13265
0.782364 1.42394 1.13295
0.786511 1.4221 1.13602
0.785246 1.42711 1.13265
0.781252 1.42889 1.12988
0.778 1.42589 1.13026
0.782364 1.42394 1.13295
0.781252 1.42889 1.12988
0.776897 1.43083 1.1279
0.77331 1.42798 1.12838
0.778 1.42589 1.13026
0.776897 1.43083 1.1279
0.77536 1.43151 1.12991
0.771911 1.4286 1.13041
0.77331 1.42798 1.12838
0.77536 1.43151 1.12991
0.77952 1.42966 1.13237
0.776443 1.42658 1.13274
0.771911 1.4286 1.13041
0.77952 1.42966 1.13237
0.783742 1.42778 1.1347
0.78101 1.42455 1.13499
0.776443 1.42658 1.13274
0.783742 1.42778 1.1347
0.787897 1.42593 1.13718
0.785504 1.42255 1.13741
0.78101 1.42455 1.13499
0.787897 1.42593 1.13718
0.791912 1.42415 1.13991
0.78986 1.42061 1.14012
0.785504 1.42255 1.13741
0.793885 1.41882 1.14337
0.790449 1.42035 1.13941
0.788413 1.4168 1.13962
0.792174 1.41512 1.14355
0.790449 1.42035 1.13941
0.786511 1.4221 1.13602
0.784158 1.41869 1.13629
0.788413 1.4168 1.13962
0.786511 1.4221 1.13602
0.782364 1.42394 1.13295
0.7797 1.42068 1.1333
0.784158 1.41869 1.13629
0.782364 1.42394 1.13295
0.778 1.42589 1.13026
0.775036 1.42275 1.13072
0.7797 1.42068 1.1333
0.778 1.42589 1.13026
0.77331 1.42798 1.12838
0.770077 1.42496 1.12896
0.775036 1.42275 1.13072
0.77331 1.42798 1.12838
0.771911 1.4286 1.13041
0.768784 1.42554 1.13101
0.770077 1.42496 1.12896
0.771911 1.4286 1.13041
0.776443 1.42658 1.13274
0.773611 1.42339 1.13321
0.768784 1.42554 1.13101
0.776443 1.42658 1.13274
0.78101 1.42455 1.13499
0.778457 1.42123 1.13535
0.773611 1.42339 1.13321
0.78101 1.42455 1.13499
0.785504 1.42255 1.13741
0.78323 1.41911 1.13769
0.778457 1.42123 1.13535
0.785504 1.42255 1.13741
0.78986 1.42061 1.14012
0.787866 1.41704 1.14033
0.78323 1.41911 1.13769
0.792174 1.41512 1.14355
0.788413 1.4168 1.13962
0.786447 1.41322 1.13982
0.790465 1.41143 1.14371
0.788413 1.4168 1.13962
0.784158 1.41869 1.13629
0.781945 1.41523 1.13659
0.786447 1.41322 1.13982
0.784158 1.41869 1.13629
0.7797 1.42068 1.1333
0.777248 1.41732 1.1337
0.781945 1.41523 1.13659
0.7797 1.42068 1.1333
0.775036 1.42275 1.13072
0.772355 1.4195 1.13124
0.777248 1.41732 1.1337
0.775036 1.42275 1.13072
0.770077 1.42496 1.12896
0.767192 1.42179 1.12961
0.772355 1.4195 1.13124
0.770077 1.42496 1.12896
0.768784 1.42554 1.13101
0.765984 1.42233 1.13169
0.767192 1.42179 1.12961
0.768784 1.42554 1.13101
0.773611 1.42339 1.13321
0.771033 1.42008 1.13374
0.765984 1.42233 1.13169
0.773611 1.42339 1.13321
0.778457 1.42123 1.13535
0.776091 1.41783 1.13577
0.771033 1.42008 1.13374
0.778457 1.42123 1.13535
0.78323 1.41911 1.13769
0.781077 1.41561 1.138
0.776091 1.41783 1.13577
0.78323 1.41911 1.13769
0.787866 1.41704 1.14033
0.785932 1.41345 1.14055
0.781077 1.41561 1.138
0.790465 1.41143 1.14371
0.786447 1.41322 1.13982
0.784543 1.40962 1.14003
0.78875 1.40774 1.14384
0.786447 1.41322 1.13982
0.781945 1.41523 1.13659
0.779864 1.4117 1.1369
0.784543 1.40962 1.14003
0.781945 1.41523 1.13659
0.777248 1.41732 1.1337
0.774996 1.41387 1.13414
0.779864 1.4117 1.1369
0.777248 1.41732 1.1337
0.772355 1.4195 1.13124
0.769945 1.41612 1.13181
0.774996 1.41387 1.13414
0.772355 1.4195 1.13124
0.767192 1.42179 1.12961
0.764646 1.41848 1.13032
0.769945 1.41612 1.13181
0.767192 1.42179 1.12961
0.765984 1.42233 1.13169
0.763507 1.41898 1.13243
0.764646 1.41848 1.13032
0.765984 1.42233 1.13169
0.771033 1.42008 1.13374
0.768706 1.41667 1.13433
0.763507 1.41898 1.13243
0.771033 1.42008 1.13374
0.776091 1.41783 1.13577
0.773909 1.41435 1.13622
0.768706 1.41667 1.13433
0.776091 1.41783 1.13577
0.781077 1.41561 1.138
0.779044 1.41207 1.13833
0.773909 1.41435 1.13622
0.781077 1.41561 1.138
0.785932 1.41345 1.14055
0.784053 1.40984 1.14077
0.779044 1.41207 1.13833
0.78875 1.40774 1.14384
0.784543 1.40962 1.14003
0.782688 1.40599 1.14025
0.787021 1.40406 1.14394
0.784543 1.40962 1.14003
0.779864 1.4117 1.1369
0.7779 1.40812 1.13725
0.782688 1.40599 1.14025
0.779864 1.4117 1.1369
0.774996 1.41387 1.13414
0.772932 1.41033 1.13462
0.7779 1.40812 1.13725
0.774996 1.41387 1.13414
0.769945 1.41612 1.13181
0.767791 1.41262 1.13243
0.772932 1.41033 1.13462
0.769945 1.41612 1.13181
0.764646 1.41848 1.13032
0.762424 1.41501 1.13109
0.767791 1.41262 1.13243
0.764646 1.41848 1.13032
0.763507 1.41898 1.13243
0.761353 1.41549 1.1332
0.762424 1.41501 1.13109
0.763507 1.41898 1.13243
0.768706 1.41667 1.13433
0.766632 1.41314 1.13495
0.761353 1.41549 1.1332
0.768706 1.41667 1.13433
0.773909 1.41435 1.13622
0.771912 1.41079 1.1367
0.766632 1.41314 1.13495
0.773909 1.41435 1.13622
0.779044 1.41207 1.13833
0.777128 1.40847 1.13867
0.771912 1.41079 1.1367
0.779044 1.41207 1.13833
0.784053 1.40984 1.14077
0.782224 1.4062 1.14099
0.777128 1.40847 1.13867
0.787021 1.40406 1.14394
0.782688 1.40599 1.14025
0.780884 1.40234 1.14047
0.785279 1.40038 1.14403
0.782688 1.40599 1.14025
0.7779 1.40812 1.13725
0.776052 1.40449 1.13762
0.780884 1.40234 1.14047
0.7779 1.40812 1.13725
0.772932 1.41033 1.13462
0.77105 1.40672 1.13514
0.776052 1.40449 1.13762
0.772932 1.41033 1.13462
0.767791 1.41262 1.13243
0.765887 1.40902 1.1331
0.77105 1.40672 1.13514
0.767791 1.41262 1.13243
0.762424 1.41501 1.13109
0.76052 1.41141 1.1319
0.765887 1.40902 1.1331
0.762424 1.41501 1.13109
0.761353 1.41549 1.1332
0.759519 1.41185 1.13398
0.76052 1.41141 1.1319
0.761353 1.41549 1.1332
0.766632 1.41314 1.13495
0.76481 1.4095 1.13559
0.759519 1.41185 1.13398
0.766632 1.41314 1.13495
0.771912 1.41079 1.1367
0.7701 1.40714 1.1372
0.76481 1.4095 1.13559
0.771912 1.41079 1.1367
0.777128 1.40847 1.13867
0.775329 1.40481 1.13903
0.7701 1.40714 1.1372
0.777128 1.40847 1.13867
0.782224 1.4062 1.14099
0.780447 1.40254 1.1412
0.775329 1.40481 1.13903
0.785279 1.40038 1.14403
0.780884 1.40234 1.14047
0.779137 1.39867 1.1407
0.783558 1.3967 1.14411
0.780884 1.40234 1.14047
0.776052 1.40449 1.13762
0.7743 1.40082 1.13799
0.779137 1.39867 1.1407
0.776052 1.40449 1.13762
0.77105 1.40672 1.13514
0.769303 1.40305 1.13566
0.7743 1.40082 1.13799
0.77105 1.40672 1.13514
0.765887 1.40902 1.1331
0.764155 1.40534 1.13377
0.769303 1.40305 1.13566
0.765887 1.40902 1.1331
0.76052 1.41141 1.1319
0.758823 1.40771 1.1327
0.764155 1.40534 1.13377
0.76052 1.41141 1.1319
0.759519 1.41185 1.13398
0.757891 1.40813 1.13475
0.758823 1.40771 1.1327
0.759519 1.41185 1.13398
0.76481 1.4095 1.13559
0.763157 1.40578 1.13621
0.757891 1.40813 1.13475
0.76481 1.4095 1.13559
0.7701 1.40714 1.1372
0.768419 1.40344 1.13768
0.763157 1.40578 1.13621
0.7701 1.40714 1.1372
0.775329 1.40481 1.13903
0.773625 1.40112 1.13938
0.768419 1.40344 1.13768
0.775329 1.40481 1.13903
0.780447 1.40254 1.1412
0.778727 1.39885 1.14142
0.773625 1.40112 1.13938
0.783558 1.3967 1.14411
0.779137 1.39867 1.1407
0.777454 1.39496 1.14092
0.781876 1.39299 1.1442
0.779137 1.39867 1.1407
0.7743 1.40082 1.13799
0.772633 1.39711 1.13836
0.777454 1.39496 1.14092
0.7743 1.40082 1.13799
0.769303 1.40305 1.13566
0.767661 1.39932 1.13617
0.772633 1.39711 1.13836
0.769303 1.40305 1.13566
0.764155 1.40534 1.13377
0.76255 1.4016 1.13441
0.767661 1.39932 1.13617
0.764155 1.40534 1.13377
0.758823 1.40771 1.1327
0.757271 1.40395 1.13345
0.76255 1.4016 1.13441
0.758823 1.40771 1.1327
0.757891 1.40813 1.13475
0.7564 1.40434 1.13547
0.757271 1.40395 1.13345
0.757891 1.40813 1.13475
0.763157 1.40578 1.13621
0.761621 1.40201 1.1368
0.7564 1.40434 1.13547
0.763157 1.40578 1.13621
0.768419 1.40344 1.13768
0.766837 1.39969 1.13815
0.761621 1.40201 1.1368
0.768419 1.40344 1.13768
0.773625 1.40112 1.13938
0.772001 1.39739 1.13972
0.766837 1.39969 1.13815
0.773625 1.40112 1.13938
0.778727 1.39885 1.14142
0.777067 1.39514 1.14163
0.772001 1.39739 1.13972
0.781876 1.39299 1.1442
0.777454 1.39496 1.14092
0.775827 1.39124 1.14115
0.780231 1.38928 1.14428
0.777454 1.39496 1.14092
0.772633 1.39711 1.13836
0.771043 1.39337 1.13872
0.775827 1.39124 1.14115
0.772633 1.39711 1.13836
0.767661 1.39932 1.13617
0.766116 1.39556 1.13666
0.771043 1.39337 1.13872
0.767661 1.39932 1.13617
0.76255 1.4016 1.13441
0.761059 1.39781 1.13502
0.766116 1.39556 1.13666
0.76255 1.4016 1.13441
0.757271 1.40395 1.13345
0.755851 1.40013 1.13418
0.761059 1.39781 1.13502
0.757271 1.40395 1.13345
0.7564 1.40434 1.13547
0.755036 1.40049 1.13615
0.755851 1.40013 1.13418
0.7564 1.40434 1.13547
0.761621 1.40201 1.1368
0.760194 1.3982 1.13736
0.755036 1.40049 1.13615
0.761621 1.40201 1.1368
0.766837 1.39969 1.13815
0.765346 1.3959 1.13859
0.760194 1.3982 1.13736
0.766837 1.39969 1.13815
0.772001 1.39739 1.13972
0.77045 1.39363 1.14005
0.765346 1.3959 1.13859
0.772001 1.39739 1.13972
0.777067 1.39514 1.14163
0.775463 1.3914 1.14184
0.77045 1.39363 1.14005
0.780231 1.38928 1.14428
0.775827 1.39124 1.14115
0.774256 1.38748 1.14138
0.778623 1.38554 1.14438
0.775827 1.39124 1.14115
0.771043 1.39337 1.13872
0.769526 1.38959 1.13908
0.774256 1.38748 1.14138
0.771043 1.39337 1.13872
0.766116 1.39556 1.13666
0.764662 1.39175 1.13714
0.769526 1.38959 1.13908
0.766116 1.39556 1.13666
0.761059 1.39781 1.13502
0.759677 1.39397 1.13562
0.764662 1.39175 1.13714
0.761059 1.39781 1.13502
0.755851 1.40013 1.13418
0.754555 1.39625 1.13487
0.759677 1.39397 1.13562
0.755851 1.40013 1.13418
0.755036 1.40049 1.13615
0.753791 1.39659 1.13679
0.754555 1.39625 1.13487
0.755036 1.40049 1.13615
0.760194 1.3982 1.13736
0.75887 1.39433 1.13789
0.753791 1.39659 1.13679
0.760194 1.3982 1.13736
0.765346 1.3959 1.13859
0.763943 1.39207 1.13902
0.75887 1.39433 1.13789
0.765346 1.3959 1.13859
0.77045 1.39363 1.14005
0.76897 1.38983 1.14037
0.763943 1.39207 1.13902
0.77045 1.39363 1.14005
0.775463 1.3914 1.14184
0.773912 1.38763 1.14206
0.76897 1.38983 1.14037
0.778623 1.38554 1.14438
0.774256 1.38748 1.14138
0.772737 1.38371 1.1416
0.77705 1.38179 1.14447
0.774256 1.38748 1.14138
0.769526 1.38959 1.13908
0.768079 1.38578 1.13942
0.772737 1.38371 1.1416
0.769526 1.38959 1.13908
0.764662 1.39175 1.13714
0.763294 1.38791 1.1376
0.768079 1.38578 1.13942
0.764662 1.39175 1.13714
0.759677 1.39397 1.13562
0.758396 1.39009 1.13619
0.763294 1.38791 1.1376
0.759677 1.39397 1.13562
0.754555 1.39625 1.13487
0.753375 1.39233 1.13553
0.758396 1.39009 1.13619
0.754555 1.39625 1.13487
0.753791 1.39659 1.13679
0.752659 1.39265 1.13741
0.753375 1.39233 1.13553
0.753791 1.39659 1.13679
0.75887 1.39433 1.13789
0.757643 1.39043 1.1384
0.752659 1.39265 1.13741
0.75887 1.39433 1.13789
0.763943 1.39207 1.13902
0.762621 1.38821 1.13944
0.757643 1.39043 1.1384
0.763943 1.39207 1.13902
0.76897 1.38983 1.14037
0.767556 1.38601 1.14069
0.762621 1.38821 1.13944
0.76897 1.38983 1.14037
0.773912 1.38763 1.14206
0.772413 1.38385 1.14226
0.767556 1.38601 1.14069
0.77705 1.38179 1.14447
0.772737 1.38371 1.1416
0.771266 1.37991 1.14182
0.775508 1.37802 1.14456
0.772737 1.38371 1.1416
0.768079 1.38578 1.13942
0.766696 1.38194 1.13976
0.771266 1.37991 1.14182
0.768079 1.38578 1.13942
0.763294 1.38791 1.1376
0.762006 1.38403 1.13805
0.766696 1.38194 1.13976
0.763294 1.38791 1.1376
0.758396 1.39009 1.13619
0.75721 1.38617 1.13674
0.762006 1.38403 1.13805
0.758396 1.39009 1.13619
0.753375 1.39233 1.13553
0.752304 1.38835 1.13617
0.75721 1.38617 1.13674
0.753375 1.39233 1.13553
0.752659 1.39265 1.13741
0.751633 1.38865 1.13799
0.752304 1.38835 1.13617
0.752659 1.39265 1.13741
0.757643 1.39043 1.1384
0.756508 1.38648 1.13889
0.751633 1.38865 1.13799
0.757643 1.39043 1.1384
0.762621 1.38821 1.13944
0.761376 1.38431 1.13984
0.756508 1.38648 1.13889
0.762621 1.38821 1.13944
0.767556 1.38601 1.14069
0.766205 1.38216 1.14099
0.761376 1.38431 1.13984
0.767556 1.38601 1.14069
0.772413 1.38385 1.14226
0.77096 1.38005 1.14247
0.766205 1.38216 1.14099
0.775508 1.37802 1.14456
0.771266 1.37991 1.14182
0.769842 1.37609 1.14205
0.774001 1.37424 1.14465
0.771266 1.37991 1.14182
0.766696 1.38194 1.13976
0.765375 1.37808 1.1401
0.769842 1.37609 1.14205
0.766696 1.38194 1.13976
0.762006 1.38403 1.13805
0.760796 1.38012 1.1385
0.765375 1.37808 1.1401
0.762006 1.38403 1.13805
0.75721 1.38617 1.13674
0.756117 1.3822 1.13728
0.760796 1.38012 1.1385
0.75721 1.38617 1.13674
0.752304 1.38835 1.13617
0.751338 1.38433 1.13679
0.756117 1.3822 1.13728
0.752304 1.38835 1.13617
0.751633 1.38865 1.13799
0.750709 1.38461 1.13854
0.751338 1.38433 1.13679
0.751633 1.38865 1.13799
0.756508 1.38648 1.13889
0.755459 1.38249 1.13937
0.750709 1.38461 1.13854
0.756508 1.38648 1.13889
0.761376 1.38431 1.13984
0.760202 1.38038 1.14024
0.755459 1.38249 1.13937
0.761376 1.38431 1.13984
0.766205 1.38216 1.14099
0.764911 1.37829 1.14131
0.760202 1.38038 1.14024
0.766205 1.38216 1.14099
0.77096 1.38005 1.14247
0.769552 1.37622 1.14268
0.764911 1.37829 1.14131
0.774001 1.37424 1.14465
0.769842 1.37609 1.14205
0.768455 1.37226 1.14229
0.772523 1.37044 1.14474
0.769842 1.37609 1.14205
0.765375 1.37808 1.1401
0.764111 1.37419 1.14044
0.768455 1.37226 1.14229
0.765375 1.37808 1.1401
0.760796 1.38012 1.1385
0.759658 1.37617 1.13894
0.764111 1.37419 1.14044
0.760796 1.38012 1.1385
0.756117 1.3822 1.13728
0.755112 1.3782 1.13782
0.759658 1.37617 1.13894
0.756117 1.3822 1.13728
0.751338 1.38433 1.13679
0.750476 1.38026 1.1374
0.755112 1.3782 1.13782
0.751338 1.38433 1.13679
0.750709 1.38461 1.13854
0.749886 1.38052 1.13907
0.750476 1.38026 1.1374
0.750709 1.38461 1.13854
0.755459 1.38249 1.13937
0.754493 1.37847 1.13984
0.749886 1.38052 1.13907
0.755459 1.38249 1.13937
0.760202 1.38038 1.14024
0.759094 1.37642 1.14066
0.754493 1.37847 1.13984
0.760202 1.38038 1.14024
0.764911 1.37829 1.14131
0.763663 1.37439 1.14166
0.759094 1.37642 1.14066
0.764911 1.37829 1.14131
0.769552 1.37622 1.14268
0.768175 1.37238 1.14293
0.763663 1.37439 1.14166
0.772523 1.37044 1.14474
0.768455 1.37226 1.14229
0.767108 1.3684 1.14252
0.771071 1.36664 1.14483
0.768455 1.37226 1.14229
0.764111 1.37419 1.14044
0.762896 1.37028 1.14078
0.767108 1.3684 1.14252
0.764111 1.37419 1.14044
0.759658 1.37617 1.13894
0.758583 1.3722 1.13937
0.762896 1.37028 1.14078
0.759658 1.37617 1.13894
0.755112 1.3782 1.13782
0.754182 1.37416 1.13834
0.758583 1.3722 1.13937
0.755112 1.3782 1.13782
0.750476 1.38026 1.1374
0.749698 1.37616 1.13799
0.754182 1.37416 1.13834
0.750476 1.38026 1.1374
0.749886 1.38052 1.13907
0.749146 1.3764 1.13958
0.749698 1.37616 1.13799
0.749886 1.38052 1.13907
0.754493 1.37847 1.13984
0.7536 1.37442 1.1403
0.749146 1.3764 1.13958
0.754493 1.37847 1.13984
0.759094 1.37642 1.14066
0.758048 1.37244 1.14106
0.7536 1.37442 1.1403
0.759094 1.37642 1.14066
0.763663 1.37439 1.14166
0.762469 1.37047 1.14199
0.758048 1.37244 1.14106
0.763663 1.37439 1.14166
0.768175 1.37238 1.14293
0.76684 1.36852 1.14317
0.762469 1.37047 1.14199
0.771071 1.36664 1.14483
0.767108 1.3684 1.14252
0.765801 1.36453 1.14276
0.769647 1.36282 1.14492
0.767108 1.3684 1.14252
0.762896 1.37028 1.14078
0.761733 1.36634 1.14112
0.765801 1.36453 1.14276
0.762896 1.37028 1.14078
0.758583 1.3722 1.13937
0.757571 1.3682 1.1398
0.761733 1.36634 1.14112
0.758583 1.3722 1.13937
0.754182 1.37416 1.13834
0.753326 1.37009 1.13885
0.757571 1.3682 1.1398
0.754182 1.37416 1.13834
0.749698 1.37616 1.13799
0.749007 1.37201 1.13855
0.753326 1.37009 1.13885
0.749698 1.37616 1.13799
0.749146 1.3764 1.13958
0.748492 1.37224 1.14006
0.749007 1.37201 1.13855
0.749146 1.3764 1.13958
0.7536 1.37442 1.1403
0.752783 1.37033 1.14074
0.748492 1.37224 1.14006
0.7536 1.37442 1.1403
0.758048 1.37244 1.14106
0.757068 1.36842 1.14145
0.752783 1.37033 1.14074
0.758048 1.37244 1.14106
0.762469 1.37047 1.14199
0.76133 1.36652 1.14232
0.757068 1.36842 1.14145
0.762469 1.37047 1.14199
0.76684 1.36852 1.14317
0.765548 1.36464 1.14341
0.76133 1.36652 1.14232
0.769647 1.36282 1.14492
0.765801 1.36453 1.14276
0.764532 1.36065 1.14299
0.768249 1.35899 1.14501
0.765801 1.36453 1.14276
0.761733 1.36634 1.14112
0.760619 1.36239 1.14146
0.764532 1.36065 1.14299
0.761733 1.36634 1.14112
0.757571 1.3682 1.1398
0.756619 1.36417 1.14022
0.760619 1.36239 1.14146
0.757571 1.3682 1.1398
0.753326 1.37009 1.13885
0.752541 1.36598 1.13934
0.756619 1.36417 1.14022
0.753326 1.37009 1.13885
0.749007 1.37201 1.13855
0.748396 1.36783 1.1391
0.752541 1.36598 1.13934
0.749007 1.37201 1.13855
0.748492 1.37224 1.14006
0.747917 1.36804 1.14053
0.748396 1.36783 1.1391
0.748492 1.37224 1.14006
0.752783 1.37033 1.14074
0.752036 1.36621 1.14115
0.747917 1.36804 1.14053
0.752783 1.37033 1.14074
0.757068 1.36842 1.14145
0.756149 1.36438 1.14182
0.752036 1.36621 1.14115
0.757068 1.36842 1.14145
0.76133 1.36652 1.14232
0.760241 1.36256 1.14262
0.756149 1.36438 1.14182
0.76133 1.36652 1.14232
0.765548 1.36464 1.14341
0.764295 1.36075 1.14363
0.760241 1.36256 1.14262
0.768249 1.35899 1.14501
0.764532 1.36065 1.14299
0.763298 1.35674 1.14322
0.766874 1.35515 1.1451
0.764532 1.36065 1.14299
0.760619 1.36239 1.14146
0.75955 1.35841 1.14178
0.763298 1.35674 1.14322
0.760619 1.36239 1.14146
0.756619 1.36417 1.14022
0.755721 1.36011 1.14063
0.75955 1.35841 1.14178
0.756619 1.36417 1.14022
0.752541 1.36598 1.13934
0.75182 1.36185 1.13982
0.755721 1.36011 1.14063
0.752541 1.36598 1.13934
0.748396 1.36783 1.1391
0.747858 1.36362 1.13963
0.75182 1.36185 1.13982
0.748396 1.36783 1.1391
0.747917 1.36804 1.14053
0.747414 1.36381 1.14098
0.747858 1.36362 1.13963
0.747917 1.36804 1.14053
0.752036 1.36621 1.14115
0.751351 1.36206 1.14156
0.747414 1.36381 1.14098
0.752036 1.36621 1.14115
0.756149 1.36438 1.14182
0.755283 1.36031 1.14217
0.751351 1.36206 1.14156
0.756149 1.36438 1.14182
0.760241 1.36256 1.14262
0.759196 1.35857 1.14292
0.755283 1.36031 1.14217
0.760241 1.36256 1.14262
0.764295 1.36075 1.14363
0.763076 1.35684 1.14385
0.759196 1.35857 1.14292
0.766874 1.35515 1.1451
0.763298 1.35674 1.14322
0.762099 1.35282 1.14345
0.765523 1.3513 1.14518
0.763298 1.35674 1.14322
0.75955 1.35841 1.14178
0.758526 1.35441 1.14211
0.762099 1.35282 1.14345
0.75955 1.35841 1.14178
0.755721 1.36011 1.14063
0.754878 1.35604 1.14104
0.758526 1.35441 1.14211
0.755721 1.36011 1.14063
0.75182 1.36185 1.13982
0.751164 1.35769 1.14029
0.754878 1.35604 1.14104
0.75182 1.36185 1.13982
0.747858 1.36362 1.13963
0.747394 1.35937 1.14014
0.751164 1.35769 1.14029
0.747858 1.36362 1.13963
0.747414 1.36381 1.14098
0.746984 1.35955 1.14142
0.747394 1.35937 1.14014
0.747414 1.36381 1.14098
0.751351 1.36206 1.14156
0.75073 1.35788 1.14195
0.746984 1.35955 1.14142
0.751351 1.36206 1.14156
0.755283 1.36031 1.14217
0.754472 1.35622 1.14252
0.75073 1.35788 1.14195
0.755283 1.36031 1.14217
0.759196 1.35857 1.14292
0.758197 1.35456 1.14321
0.754472 1.35622 1.14252
0.759196 1.35857 1.14292
0.763076 1.35684 1.14385
0.761894 1.35291 1.14405
0.758197 1.35456 1.14321
0.765523 1.3513 1.14518
0.762099 1.35282 1.14345
0.760932 1.34889 1.14367
0.764192 1.34744 1.14527
0.762099 1.35282 1.14345
0.758526 1.35441 1.14211
0.757541 1.3504 1.14243
0.760932 1.34889 1.14367
0.758526 1.35441 1.14211
0.754878 1.35604 1.14104
0.754083 1.35194 1.14143
0.757541 1.3504 1.14243
0.754878 1.35604 1.14104
0.751164 1.35769 1.14029
0.750563 1.35351 1.14075
0.754083 1.35194 1.14143
0.751164 1.35769 1.14029
0.747394 1.35937 1.14014
0.746994 1.3551 1.14063
0.750563 1.35351 1.14075
0.747394 1.35937 1.14014
0.746984 1.35955 1.14142
0.746615 1.35527 1.14183
0.746994 1.3551 1.14063
0.746984 1.35955 1.14142
0.75073 1.35788 1.14195
0.750164 1.35369 1.14232
0.746615 1.35527 1.14183
0.75073 1.35788 1.14195
0.754472 1.35622 1.14252
0.753708 1.35211 1.14285
0.750164 1.35369 1.14232
0.754472 1.35622 1.14252
0.758197 1.35456 1.14321
0.757236 1.35054 1.14348
0.753708 1.35211 1.14285
0.758197 1.35456 1.14321
0.761894 1.35291 1.14405
0.760742 1.34898 1.14426
0.757236 1.35054 1.14348
0.764192 1.34744 1.14527
0.760932 1.34889 1.14367
0.759793 1.34494 1.14389
0.76288 1.34357 1.14535
0.760932 1.34889 1.14367
0.757541 1.3504 1.14243
0.756595 1.34637 1.14274
0.759793 1.34494 1.14389
0.757541 1.3504 1.14243
0.754083 1.35194 1.14143
0.753335 1.34782 1.14182
0.756595 1.34637 1.14274
0.754083 1.35194 1.14143
0.750563 1.35351 1.14075
0.750018 1.3493 1.1412
0.753335 1.34782 1.14182
0.750563 1.35351 1.14075
0.746994 1.3551 1.14063
0.746658 1.35079 1.1411
0.750018 1.3493 1.1412
0.746994 1.3551 1.14063
0.746615 1.35527 1.14183
0.74631 1.35095 1.14223
0.746658 1.35079 1.1411
0.746615 1.35527 1.14183
0.750164 1.35369 1.14232
0.749652 1.34946 1.14268
0.74631 1.35095 1.14223
0.750164 1.35369 1.14232
0.753708 1.35211 1.14285
0.75299 1.34797 1.14316
0.749652 1.34946 1.14268
0.753708 1.35211 1.14285
0.757236 1.35054 1.14348
0.756315 1.34649 1.14374
0.75299 1.34797 1.14316
0.757236 1.35054 1.14348
0.760742 1.34898 1.14426
0.759619 1.34502 1.14445
0.756315 1.34649 1.14374
0.76288 1.34357 1.14535
0.759793 1.34494 1.14389
0.758682 1.34099 1.1441
0.761586 1.33969 1.14543
0.759793 1.34494 1.14389
0.756595 1.34637 1.14274
0.755684 1.34232 1.14305
0.758682 1.34099 1.1441
0.756595 1.34637 1.14274
0.753335 1.34782 1.14182
0.75263 1.34368 1.1422
0.755684 1.34232 1.14305
0.753335 1.34782 1.14182
0.750018 1.3493 1.1412
0.749524 1.34507 1.14163
0.75263 1.34368 1.1422
0.750018 1.3493 1.1412
0.746658 1.35079 1.1411
0.746379 1.34647 1.14156
0.749524 1.34507 1.14163
0.746658 1.35079 1.1411
0.74631 1.35095 1.14223
0.746062 1.34661 1.14262
0.746379 1.34647 1.14156
0.74631 1.35095 1.14223
0.749652 1.34946 1.14268
0.74919 1.34521 1.14302
0.746062 1.34661 1.14262
0.749652 1.34946 1.14268
0.75299 1.34797 1.14316
0.752315 1.34382 1.14347
0.74919 1.34521 1.14302
0.75299 1.34797 1.14316
0.756315 1.34649 1.14374
0.755428 1.34244 1.144
0.752315 1.34382 1.14347
0.756315 1.34649 1.14374
0.759619 1.34502 1.14445
0.758524 1.34106 1.14464
0.755428 1.34244 1.144
0.761586 1.33969 1.14543
0.758682 1.34099 1.1441
0.757596 1.33702 1.14431
0.760308 1.33581 1.14551
0.758682 1.34099 1.1441
0.755684 1.34232 1.14305
0.754805 1.33826 1.14334
0.757596 1.33702 1.14431
0.755684 1.34232 1.14305
0.75263 1.34368 1.1422
0.751965 1.33953 1.14257
0.754805 1.33826 1.14334
0.75263 1.34368 1.1422
0.749524 1.34507 1.14163
0.749077 1.34081 1.14206
0.751965 1.33953 1.14257
0.749524 1.34507 1.14163
0.746379 1.34647 1.14156
0.746154 1.34211 1.14201
0.749077 1.34081 1.14206
0.746379 1.34647 1.14156
0.746062 1.34661 1.14262
0.745866 1.34224 1.14299
0.746154 1.34211 1.14201
0.746062 1.34661 1.14262
0.74919 1.34521 1.14302
0.748775 1.34095 1.14335
0.745866 1.34224 1.14299
0.74919 1.34521 1.14302
0.752315 1.34382 1.14347
0.751679 1.33965 1.14376
0.748775 1.34095 1.14335
0.752315 1.34382 1.14347
0.755428 1.34244 1.144
0.754573 1.33837 1.14424
0.751679 1.33965 1.14376
0.755428 1.34244 1.144
0.758524 1.34106 1.14464
0.757453 1.33708 1.14481
0.754573 1.33837 1.14424
0.760308 1.33581 1.14551
0.757596 1.33702 1.14431
0.756533 1.33304 1.14451
0.759045 1.33192 1.14559
0.757596 1.33702 1.14431
0.754805 1.33826 1.14334
0.753957 1.33419 1.14364
0.756533 1.33304 1.14451
0.754805 1.33826 1.14334
0.751965 1.33953 1.14257
0.751336 1.33535 1.14294
0.753957 1.33419 1.14364
0.751965 1.33953 1.14257
0.749077 1.34081 1.14206
0.748673 1.33654 1.14247
0.751336 1.33535 1.14294
0.749077 1.34081 1.14206
0.746154 1.34211 1.14201
0.745978 1.33774 1.14244
0.748673 1.33654 1.14247
0.746154 1.34211 1.14201
0.745866 1.34224 1.14299
0.745719 1.33785 1.14334
0.745978 1.33774 1.14244
0.745866 1.34224 1.14299
0.748775 1.34095 1.14335
0.748401 1.33666 1.14367
0.745719 1.33785 1.14334
0.748775 1.34095 1.14335
0.751679 1.33965 1.14376
0.751079 1.33547 1.14404
0.748401 1.33666 1.14367
0.751679 1.33965 1.14376
0.754573 1.33837 1.14424
0.753748 1.33428 1.14447
0.751079 1.33547 1.14404
0.754573 1.33837 1.14424
0.757453 1.33708 1.14481
0.756405 1.3331 1.14498
0.753748 1.33428 1.14447
0.759045 1.33192 1.14559
0.756533 1.33304 1.14451
0.755493 1.32905 1.14471
0.757796 1.32802 1.14567
0.756533 1.33304 1.14451
0.753957 1.33419 1.14364
0.753137 1.3301 1.14392
0.755493 1.32905 1.14471
0.753957 1.33419 1.14364
0.751336 1.33535 1.14294
0.750742 1.33117 1.14329
0.753137 1.3301 1.14392
0.751336 1.33535 1.14294
0.748673 1.33654 1.14247
0.748308 1.33225 1.14288
0.750742 1.33117 1.14329
0.748673 1.33654 1.14247
0.745978 1.33774 1.14244
0.745848 1.33334 1.14286
0.748308 1.33225 1.14288
0.745978 1.33774 1.14244
0.745719 1.33785 1.14334
0.745617 1.33345 1.14368
0.745848 1.33334 1.14286
0.745719 1.33785 1.14334
0.748401 1.33666 1.14367
0.748067 1.33236 1.14398
0.745617 1.33345 1.14368
0.748401 1.33666 1.14367
0.751079 1.33547 1.14404
0.750512 1.33127 1.1443
0.748067 1.33236 1.14398
0.751079 1.33547 1.14404
0.753748 1.33428 1.14447
0.752951 1.33018 1.14469
0.750512 1.33127 1.1443
0.753748 1.33428 1.14447
0.756405 1.3331 1.14498
0.75538 1.3291 1.14515
0.752951 1.33018 1.14469
0.757796 1.32802 1.14567
0.755493 1.32905 1.14471
0.75447 1.32505 1.1449
0.756558 1.32412 1.14574
0.755493 1.32905 1.14471
0.753137 1.3301 1.14392
0.75234 1.326 1.1442
0.75447 1.32505 1.1449
0.753137 1.3301 1.14392
0.750742 1.33117 1.14329
0.750177 1.32696 1.14364
0.75234 1.326 1.1442
0.750742 1.33117 1.14329
0.748308 1.33225 1.14288
0.74798 1.32794 1.14327
0.750177 1.32696 1.14364
0.748308 1.33225 1.14288
0.745848 1.33334 1.14286
0.745759 1.32893 1.14327
0.74798 1.32794 1.14327
0.745848 1.33334 1.14286
0.745617 1.33345 1.14368
0.745555 1.32902 1.14401
0.745759 1.32893 1.14327
0.745617 1.33345 1.14368
0.748067 1.33236 1.14398
0.747767 1.32804 1.14427
0.745555 1.32902 1.14401
0.748067 1.33236 1.14398
0.750512 1.33127 1.1443
0.749975 1.32705 1.14456
0.747767 1.32804 1.14427
0.750512 1.33127 1.1443
0.752951 1.33018 1.14469
0.752177 1.32607 1.1449
0.749975 1.32705 1.14456
0.752951 1.33018 1.14469
0.75538 1.3291 1.14515
0.754371 1.3251 1.1453
0.752177 1.32607 1.1449
0.756558 1.32412 1.14574
0.75447 1.32505 1.1449
0.753515 1.32121 1.14507
0.755387 1.32038 1.14581
0.75447 1.32505 1.1449
0.75234 1.326 1.1442
0.751608 1.32206 1.14445
0.753515 1.32121 1.14507
0.75234 1.326 1.1442
0.750177 1.32696 1.14364
0.74967 1.32293 1.14396
0.751608 1.32206 1.14445
0.750177 1.32696 1.14364
0.74798 1.32794 1.14327
0.747703 1.3238 1.14364
0.74967 1.32293 1.14396
0.74798 1.32794 1.14327
0.745759 1.32893 1.14327
0.745716 1.32469 1.14364
0.747703 1.3238 1.14364
0.745759 1.32893 1.14327
0.745555 1.32902 1.14401
0.745536 1.32477 1.14431
0.745716 1.32469 1.14364
0.745555 1.32902 1.14401
0.747767 1.32804 1.14427
0.747516 1.32389 1.14453
0.745536 1.32477 1.14431
0.747767 1.32804 1.14427
0.749975 1.32705 1.14456
0.749492 1.32301 1.14478
0.747516 1.32389 1.14453
0.749975 1.32705 1.14456
0.752177 1.32607 1.1449
0.751463 1.32213 1.14508
0.749492 1.32301 1.14478
0.752177 1.32607 1.1449
0.754371 1.3251 1.1453
0.753428 1.32125 1.14543
0.751463 1.32213 1.14508
0.755387 1.32038 1.14581
0.753515 1.32121 1.14507
0.753349 1.32026 1.14512
0.755155 1.31945 1.14583
0.753515 1.32121 1.14507
0.751608 1.32206 1.14445
0.751508 1.32108 1.14453
0.753349 1.32026 1.14512
0.751608 1.32206 1.14445
0.74967 1.32293 1.14396
0.749638 1.32191 1.14405
0.751508 1.32108 1.14453
0.74967 1.32293 1.14396
0.747703 1.3238 1.14364
0.74774 1.32275 1.14374
0.749638 1.32191 1.14405
0.747703 1.3238 1.14364
0.745716 1.32469 1.14364
0.745823 1.32361 1.14375
0.74774 1.32275 1.14374
0.745716 1.32469 1.14364
0.745536 1.32477 1.14431
0.74565 1.32368 1.1444
0.745823 1.32361 1.14375
0.745536 1.32477 1.14431
0.747516 1.32389 1.14453
0.74756 1.32283 1.14461
0.74565 1.32368 1.1444
0.747516 1.32389 1.14453
0.749492 1.32301 1.14478
0.749467 1.32199 1.14485
0.74756 1.32283 1.14461
0.749492 1.32301 1.14478
0.751463 1.32213 1.14508
0.751369 1.32114 1.14514
0.749467 1.32199 1.14485
0.751463 1.32213 1.14508
0.753428 1.32125 1.14543
0.753265 1.32029 1.14547
0.751369 1.32114 1.14514
0.755155 1.31945 1.14583
0.753349 1.32026 1.14512
0.753282 1.31944 1.14518
0.755022 1.31867 1.14586
0.753349 1.32026 1.14512
0.751508 1.32108 1.14453
0.751509 1.32023 1.14461
0.753282 1.31944 1.14518
0.751508 1.32108 1.14453
0.749638 1.32191 1.14405
0.749708 1.32104 1.14415
0.751509 1.32023 1.14461
0.749638 1.32191 1.14405
0.74774 1.32275 1.14374
0.747881 1.32185 1.14386
0.749708 1.32104 1.14415
0.74774 1.32275 1.14374
0.745823 1.32361 1.14375
0.746035 1.32267 1.14387
0.747881 1.32185 1.14386
0.745823 1.32361 1.14375
0.74565 1.32368 1.1444
0.745868 1.32275 1.14449
0.746035 1.32267 1.14387
0.74565 1.32368 1.1444
0.74756 1.32283 1.14461
0.747707 1.32193 1.14469
0.745868 1.32275 1.14449
0.74756 1.32283 1.14461
0.749467 1.32199 1.14485
0.749544 1.32111 1.14492
0.747707 1.32193 1.14469
0.749467 1.32199 1.14485
0.751369 1.32114 1.14514
0.751376 1.32029 1.1452
0.749544 1.32111 1.14492
0.751369 1.32114 1.14514
0.753265 1.32029 1.14547
0.753201 1.31948 1.14551
0.751376 1.32029 1.1452
0.755022 1.31867 1.14586
0.753282 1.31944 1.14518
0.753287 1.3186 1.14525
0.754947 1.31786 1.1459
0.753282 1.31944 1.14518
0.751509 1.32023 1.14461
0.751596 1.31935 1.14471
0.753287 1.3186 1.14525
0.751509 1.32023 1.14461
0.749708 1.32104 1.14415
0.749879 1.32012 1.14427
0.751596 1.31935 1.14471
0.749708 1.32104 1.14415
0.747881 1.32185 1.14386
0.748136 1.32089 1.14399
0.749879 1.32012 1.14427
0.747881 1.32185 1.14386
0.746035 1.32267 1.14387
0.746376 1.32168 1.144
0.748136 1.32089 1.14399
0.746035 1.32267 1.14387
0.745868 1.32275 1.14449
0.746218 1.32175 1.1446
0.746376 1.32168 1.144
0.745868 1.32275 1.14449
0.747707 1.32193 1.14469
0.747971 1.32097 1.14479
0.746218 1.32175 1.1446
0.747707 1.32193 1.14469
0.749544 1.32111 1.14492
0.749723 1.32019 1.14501
0.747971 1.32097 1.14479
0.749544 1.32111 1.14492
0.751376 1.32029 1.1452
0.75147 1.31941 1.14527
0.749723 1.32019 1.14501
0.751376 1.32029 1.1452
0.753201 1.31948 1.14551
0.753211 1.31863 1.14557
0.75147 1.31941 1.14527
0.754947 1.31786 1.1459
0.753287 1.3186 1.14525
0.753373 1.31772 1.14534
0.754937 1.31702 1.14595
0.753287 1.3186 1.14525
0.751596 1.31935 1.14471
0.75178 1.31843 1.14483
0.753373 1.31772 1.14534
0.751596 1.31935 1.14471
0.749879 1.32012 1.14427
0.750163 1.31915 1.14442
0.75178 1.31843 1.14483
0.749879 1.32012 1.14427
0.748136 1.32089 1.14399
0.748521 1.31988 1.14416
0.750163 1.31915 1.14442
0.748136 1.32089 1.14399
0.746376 1.32168 1.144
0.746863 1.32062 1.14417
0.748521 1.31988 1.14416
0.746376 1.32168 1.144
0.746218 1.32175 1.1446
0.746714 1.32068 1.14473
0.746863 1.32062 1.14417
0.746218 1.32175 1.1446
0.747971 1.32097 1.14479
0.748366 1.31995 1.14491
0.746714 1.32068 1.14473
0.747971 1.32097 1.14479
0.749723 1.32019 1.14501
0.750016 1.31921 1.14512
0.748366 1.31995 1.14491
0.749723 1.32019 1.14501
0.75147 1.31941 1.14527
0.751661 1.31848 1.14536
0.750016 1.31921 1.14512
0.75147 1.31941 1.14527
0.753211 1.31863 1.14557
0.753301 1.31775 1.14564
0.751661 1.31848 1.14536
0.754937 1.31702 1.14595
0.753373 1.31772 1.14534
0.753557 1.31679 1.14545
0.755006 1.31615 1.14601
0.753373 1.31772 1.14534
0.75178 1.31843 1.14483
0.752081 1.31745 1.14498
0.753557 1.31679 1.14545
0.75178 1.31843 1.14483
0.750163 1.31915 1.14442
0.750583 1.31812 1.1446
0.752081 1.31745 1.14498
0.750163 1.31915 1.14442
0.748521 1.31988 1.14416
0.749062 1.3188 1.14436
0.750583 1.31812 1.1446
0.748521 1.31988 1.14416
0.746863 1.32062 1.14417
0.747527 1.31948 1.14437
0.749062 1.3188 1.14436
0.746863 1.32062 1.14417
0.746714 1.32068 1.14473
0.747389 1.31954 1.14489
0.747527 1.31948 1.14437
0.746714 1.32068 1.14473
0.748366 1.31995 1.14491
0.748919 1.31886 1.14506
0.747389 1.31954 1.14489
0.748366 1.31995 1.14491
0.750016 1.31921 1.14512
0.750447 1.31818 1.14524
0.748919 1.31886 1.14506
0.750016 1.31921 1.14512
0.751661 1.31848 1.14536
0.751971 1.3175 1.14547
0.750447 1.31818 1.14524
0.751661 1.31848 1.14536
0.753301 1.31775 1.14564
0.753491 1.31682 1.14573
0.751971 1.3175 1.14547
0.755006 1.31615 1.14601
0.753557 1.31679 1.14545
0.75387 1.31581 1.14558
0.755179 1.31523 1.14609
0.753557 1.31679 1.14545
0.752081 1.31745 1.14498
0.752537 1.31641 1.14516
0.75387 1.31581 1.14558
0.752081 1.31745 1.14498
0.750583 1.31812 1.1446
0.751183 1.31701 1.14482
0.752537 1.31641 1.14516
0.750583 1.31812 1.1446
0.749062 1.3188 1.14436
0.749809 1.31762 1.1446
0.751183 1.31701 1.14482
0.749062 1.3188 1.14436
0.747527 1.31948 1.14437
0.748423 1.31824 1.14461
0.749809 1.31762 1.1446
0.747527 1.31948 1.14437
0.747389 1.31954 1.14489
0.748299 1.31829 1.14508
0.748423 1.31824 1.14461
0.747389 1.31954 1.14489
0.748919 1.31886 1.14506
0.749681 1.31768 1.14523
0.748299 1.31829 1.14508
0.748919 1.31886 1.14506
0.750447 1.31818 1.14524
0.751061 1.31706 1.1454
0.749681 1.31768 1.14523
0.750447 1.31818 1.14524
0.751971 1.3175 1.14547
0.752438 1.31645 1.1456
0.751061 1.31706 1.1454
0.751971 1.3175 1.14547
0.753491 1.31682 1.14573
0.753811 1.31584 1.14583
0.752438 1.31645 1.1456
0.755179 1.31523 1.14609
0.75387 1.31581 1.14558
0.754364 1.31475 1.14575
0.755498 1.31425 1.14619
0.75387 1.31581 1.14558
0.752537 1.31641 1.14516
0.753209 1.31526 1.14538
0.754364 1.31475 1.14575
0.752537 1.31641 1.14516
0.751183 1.31701 1.14482
0.752036 1.31579 1.14509
0.753209 1.31526 1.14538
0.751183 1.31701 1.14482
0.749809 1.31762 1.1446
0.750846 1.31632 1.14491
0.752036 1.31579 1.14509
0.749809 1.31762 1.1446
0.748423 1.31824 1.14461
0.749645 1.31685 1.14492
0.750846 1.31632 1.14491
0.748423 1.31824 1.14461
0.748299 1.31829 1.14508
0.749537 1.3169 1.14532
0.749645 1.31685 1.14492
0.748299 1.31829 1.14508
0.749681 1.31768 1.14523
0.750735 1.31637 1.14545
0.749537 1.3169 1.14532
0.749681 1.31768 1.14523
0.751061 1.31706 1.1454
0.751931 1.31583 1.1456
0.750735 1.31637 1.14545
0.751061 1.31706 1.1454
0.752438 1.31645 1.1456
0.753123 1.3153 1.14577
0.751931 1.31583 1.1456
0.752438 1.31645 1.1456
0.753811 1.31584 1.14583
0.754312 1.31477 1.14597
0.753123 1.3153 1.14577
0.755498 1.31425 1.14619
0.754364 1.31475 1.14575
0.755177 1.31355 1.14599
0.756075 1.31315 1.14633
0.754364 1.31475 1.14575
0.753209 1.31526 1.14538
0.754262 1.31395 1.1457
0.755177 1.31355 1.14599
0.753209 1.31526 1.14538
0.752036 1.31579 1.14509
0.753333 1.31437 1.14547
0.754262 1.31395 1.1457
0.752036 1.31579 1.14509
0.750846 1.31632 1.14491
0.75239 1.31479 1.14532
0.753333 1.31437 1.14547
0.750846 1.31632 1.14491
0.749645 1.31685 1.14492
0.751439 1.31521 1.14533
0.75239 1.31479 1.14532
0.749645 1.31685 1.14492
0.749537 1.3169 1.14532
0.751354 1.31525 1.14565
0.751439 1.31521 1.14533
0.749537 1.3169 1.14532
0.750735 1.31637 1.14545
0.752302 1.31483 1.14575
0.751354 1.31525 1.14565
0.750735 1.31637 1.14545
0.751931 1.31583 1.1456
0.753249 1.3144 1.14586
0.752302 1.31483 1.14575
0.751931 1.31583 1.1456
0.753123 1.3153 1.14577
0.754194 1.31398 1.146
0.753249 1.3144 1.14586
0.753123 1.3153 1.14577
0.754312 1.31477 1.14597
0.755136 1.31356 1.14616
0.754194 1.31398 1.146
0.756075 1.31315 1.14633
0.755177 1.31355 1.14599
0.756821 1.31197 1.14639
0.757324 1.31175 1.14658
0.755177 1.31355 1.14599
0.754262 1.31395 1.1457
0.756309 1.3122 1.14623
0.756821 1.31197 1.14639
0.754262 1.31395 1.1457
0.753333 1.31437 1.14547
0.75579 1.31243 1.1461
0.756309 1.3122 1.14623
0.753333 1.31437 1.14547
0.75239 1.31479 1.14532
0.755263 1.31267 1.14602
0.75579 1.31243 1.1461
0.75239 1.31479 1.14532
0.751439 1.31521 1.14533
0.754731 1.3129 1.14602
0.755263 1.31267 1.14602
0.751439 1.31521 1.14533
0.751354 1.31525 1.14565
0.754683 1.31292 1.1462
0.754731 1.3129 1.14602
0.751354 1.31525 1.14565
0.752302 1.31483 1.14575
0.755214 1.31269 1.14626
0.754683 1.31292 1.1462
0.752302 1.31483 1.14575
0.753249 1.3144 1.14586
0.755743 1.31245 1.14632
0.755214 1.31269 1.14626
0.753249 1.3144 1.14586
0.754194 1.31398 1.146
0.756272 1.31222 1.1464
0.755743 1.31245 1.14632
0.754194 1.31398 1.146
0.755136 1.31356 1.14616
0.756798 1.31198 1.14649
0.756272 1.31222 1.1464
0.757324 1.31175 1.14658
0.756821 1.31197 1.14639
0.758694 1.31038 1.14683
0.758765 1.31035 1.14686
0.756821 1.31197 1.14639
0.756309 1.3122 1.14623
0.758621 1.31041 1.14681
0.758694 1.31038 1.14683
0.756309 1.3122 1.14623
0.75579 1.31243 1.1461
0.758547 1.31044 1.14679
0.758621 1.31041 1.14681
0.75579 1.31243 1.1461
0.755263 1.31267 1.14602
0.758472 1.31048 1.14678
0.758547 1.31044 1.14679
0.755263 1.31267 1.14602
0.754731 1.3129 1.14602
0.758397 1.31051 1.14678
0.758472 1.31048 1.14678
0.754731 1.3129 1.14602
0.754683 1.31292 1.1462
0.75839 1.31051 1.1468
0.758397 1.31051 1.14678
0.754683 1.31292 1.1462
0.755214 1.31269 1.14626
0.758465 1.31048 1.14681
0.75839 1.31051 1.1468
0.755214 1.31269 1.14626
0.755743 1.31245 1.14632
0.758541 1.31045 1.14682
0.758465 1.31048 1.14681
0.755743 1.31245 1.14632
0.756272 1.31222 1.1464
0.758616 1.31041 1.14683
0.758541 1.31045 1.14682
0.756272 1.31222 1.1464
0.756798 1.31198 1.14649
0.75869 1.31038 1.14684
0.758616 1.31041 1.14683
0.79684 1.43353 1.14043
0.79979 1.43221 1.1429
0.798863 1.42986 1.14286
0.795777 1.43124 1.14009
0.795777 1.43124 1.14009
0.798863 1.42986 1.14286
0.797295 1.4262 1.14294
0.793942 1.4277 1.13985
0.793942 1.4277 1.13985
0.797295 1.4262 1.14294
0.795602 1.4225 1.14314
0.791912 1.42415 1.13991
0.791912 1.42415 1.13991
0.795602 1.4225 1.14314
0.793885 1.41882 1.14337
0.78986 1.42061 1.14012
0.78986 1.42061 1.14012
0.793885 1.41882 1.14337
0.792174 1.41512 1.14355
0.787866 1.41704 1.14033
0.787866 1.41704 1.14033
0.792174 1.41512 1.14355
0.790465 1.41143 1.14371
0.785932 1.41345 1.14055
0.785932 1.41345 1.14055
0.790465 1.41143 1.14371
0.78875 1.40774 1.14384
0.784053 1.40984 1.14077
0.784053 1.40984 1.14077
0.78875 1.40774 1.14384
0.787021 1.40406 1.14394
0.782224 1.4062 1.14099
0.782224 1.4062 1.14099
0.787021 1.40406 1.14394
0.785279 1.40038 1.14403
0.780447 1.40254 1.1412
0.780447 1.40254 1.1412
0.785279 1.40038 1.14403
0.783558 1.3967 1.14411
0.778727 1.39885 1.14142
0.778727 1.39885 1.14142
0.783558 1.3967 1.14411
0.781876 1.39299 1.1442
0.777067 1.39514 1.14163
0.777067 1.39514 1.14163
0.781876 1.39299 1.1442
0.780231 1.38928 1.14428
0.775463 1.3914 1.14184
0.775463 1.3914 1.14184
0.780231 1.38928 1.14428
0.778623 1.38554 1.14438
0.773912 1.38763 1.14206
0.773912 1.38763 1.14206
0.778623 1.38554 1.14438
0.77705 1.38179 1.14447
0.772413 1.38385 1.14226
0.772413 1.38385 1.14226
0.77705 1.38179 1.14447
0.775508 1.37802 1.14456
0.77096 1.38005 1.14247
0.77096 1.38005 1.14247
0.775508 1.37802 1.14456
0.774001 1.37424 1.14465
0.769552 1.37622 1.14268
0.769552 1.37622 1.14268
0.774001 1.37424 1.14465
0.772523 1.37044 1.14474
0.768175 1.37238 1.14293
0.768175 1.37238 1.14293
0.772523 1.37044 1.14474
0.771071 1.36664 1.14483
0.76684 1.36852 1.14317
0.76684 1.36852 1.14317
0.771071 1.36664 1.14483
0.769647 1.36282 1.14492
0.765548 1.36464 1.14341
0.765548 1.36464 1.14341
0.769647 1.36282 1.14492
0.768249 1.35899 1.14501
0.764295 1.36075 1.14363
0.764295 1.36075 1.14363
0.768249 1.35899 1.14501
0.766874 1.35515 1.1451
0.763076 1.35684 1.14385
0.763076 1.35684 1.14385
0.766874 1.35515 1.1451
0.765523 1.3513 1.14518
0.761894 1.35291 1.14405
0.761894 1.35291 1.14405
0.765523 1.3513 1.14518
0.764192 1.34744 1.14527
0.760742 1.34898 1.14426
0.760742 1.34898 1.14426
0.764192 1.34744 1.14527
0.76288 1.34357 1.14535
0.759619 1.34502 1.14445
0.759619 1.34502 1.14445
0.76288 1.34357 1.14535
0.761586 1.33969 1.14543
0.758524 1.34106 1.14464
0.758524 1.34106 1.14464
0.761586 1.33969 1.14543
0.760308 1.33581 1.14551
0.757453 1.33708 1.14481
0.757453 1.33708 1.14481
0.760308 1.33581 1.14551
0.759045 1.33192 1.14559
0.756405 1.3331 1.14498
0.756405 1.3331 1.14498
0.759045 1.33192 1.14559
0.757796 1.32802 1.14567
0.75538 1.3291 1.14515
0.75538 1.3291 1.14515
0.757796 1.32802 1.14567
0.756558 1.32412 1.14574
0.754371 1.3251 1.1453
0.754371 1.3251 1.1453
0.756558 1.32412 1.14574
0.755387 1.32038 1.14581
0.753428 1.32125 1.14543
0.753428 1.32125 1.14543
0.755387 1.32038 1.14581
0.755155 1.31945 1.14583
0.753265 1.32029 1.14547
0.753265 1.32029 1.14547
0.755155 1.31945 1.14583
0.755022 1.31867 1.14586
0.753201 1.31948 1.14551
0.753201 1.31948 1.14551
0.755022 1.31867 1.14586
0.754947 1.31786 1.1459
0.753211 1.31863 1.14557
0.753211 1.31863 1.14557
0.754947 1.31786 1.1459
0.754937 1.31702 1.14595
0.753301 1.31775 1.14564
0.753301 1.31775 1.14564
0.754937 1.31702 1.14595
0.755006 1.31615 1.14601
0.753491 1.31682 1.14573
0.753491 1.31682 1.14573
0.755006 1.31615 1.14601
0.755179 1.31523 1.14609
0.753811 1.31584 1.14583
0.753811 1.31584 1.14583
0.755179 1.31523 1.14609
0.755498 1.31425 1.14619
0.754312 1.31477 1.14597
0.754312 1.31477 1.14597
0.755498 1.31425 1.14619
0.756075 1.31315 1.14633
0.755136 1.31356 1.14616
0.755136 1.31356 1.14616
0.756075 1.31315 1.14633
0.757324 1.31175 1.14658
0.756798 1.31198 1.14649
0.756798 1.31198 1.14649
0.757324 1.31175 1.14658
0.758765 1.31035 1.14686
0.75869 1.31038 1.14684
0.8135 1.4528 1.1457
0.8135 1.4528 1.1457
0.8135 1.4528 1.1457
0.8135 1.4528 1.1457
0.8135 1.4528 1.1457
0.8135 1.4528 1.1457
0.8135 1.4528 1.1457
0.8135 1.4528 1.1457
0.8135 1.4528 1.1457
0.8135 1.4528 1.1457
0.8135 1.4528 1.1457
0.8135 1.4528 1.1457
0.8135 1.4528 1.1457
0.8135 1.4528 1.1457
0.8135 1.4528 1.1457
0.8135 1.4528 1.1457
0.8135 1.4528 1.1457
0.8135 1.4528 1.1457
0.8135 1.4528 1.1457
0.8135 1.4528 1.1457
0.8135 1.4528 1.1457
0.8135 1.4528 1.1457
0.8135 1.4528 1.1457
0.8135 1.4528 1.1457
0.8135 1.4528 1.1457
0.8135 1.4528 1.1457
0.8135 1.4528 1.1457
0.8135 1.4528 1.1457
0.8135 1.4528 1.1457
0.8135 1.4528 1.1457
0.8135 1.4528 1.1457
0.8135 1.4528 1.1457
0.8135 1.4528 1.1457
0.8135 1.4528 1.1457
0.8135 1.4528 1.1457
0.8135 1.4528 1.1457
0.8135 1.4528 1.1457
0.8135 1.4528 1.1457
0.8135 1.4528 1.1457
0.8135 1.4528 1.1457
0.8135 1.4528 1.1457
0.8135 1.4528 1.1457
0.8135 1.4528 1.1457
0.8135 1.4528 1.1457
0.8135 1.4528 1.1457
0.8135 1.4528 1.1457
0.8135 1.4528 1.1457
0.8135 1.4528 1.1457
0.8135 1.4528 1.1457
0.8135 1.4528 1.1457
0.8135 1.4528 1.1457
0.8135 1.4528 1.1457
0.8135 1.4528 1.1457
0.8135 1.4528 1.1457
0.8135 1.4528 1.1457
0.8135 1.4528 1.1457
0.8135 1.4528 1.1457
0.8135 1.4528 1.1457
0.8135 1.4528 1.1457
0.8135 1.4528 1.1457
0.8135 1.4528 1.1457
0.8135 1.4528 1.1457
0.8135 1.4528 1.1457
0.8135 1.4528 1.1457
0.8135 1.4528 1.1457
0.8135 1.4528 1.1457
0.8135 1.4528 1.1457
0.8135 1.4528 1.1457
0.8135 1.4528 1.1457
0.8135 1.4528 1.1457
0.8135 1.4528 1.1457
0.8135 1.4528 1.1457
0.8135 1.4528 1.1457
0.8135 1.4528 1.1457
0.8135 1.4528 1.1457
0.8135 1.4528 1.1457
0.8135 1.4528 1.1457
0.8135 1.4528 1.1457
0.8135 1.4528 1.1457
0.8135 1.4528 1.1457
0.8135 1.4528 1.1457
0.8135 1.4528 1.1457
0.8135 1.4528 1.1457
0.8135 1.4528 1.1457
0.8135 1.4528 1.1457
0.8135 1.4528 1.1457
0.8135 1.4528 1.1457
0.8135 1.4528 1.1457
CELLS 924 4620
4 0 1 2 3
4 4 5 6 7
4 8 9 10 11
4 12 13 14 15
4 16 17 18 19
4 20 21 22 23
4 24 25 26 27
4 28 29 30 31
4 32 33 34 35
4 36 37 38 39
4 40 41 42 43
4 44 45 46 47
4 48 49 50 51
4 52 53 54 55
4 56 57 58 59
4 60 61 62 63
4 64 65 66 67
4 68 69 70 71
4 72 73 74 75
4 76 77 78 79
4 80 81 82 83
4 84 85 86 87
4 88 89 90 91
4 92 93 94 95
4 96 97 98 99
4 100 101 102 103
4 104 105 106 107
4 108 109 110 111
4 112 113 114 115
4 116 117 118 119
4 120 121 122 123
4 124 125 126 127
4 128 129 130 131
4 132 133 134 135
4 136 137 138 139
4 140 141 142 143
4 144 145 146 147
4 148 149 150 151
4 152 153 154 155
4 156 157 158 159
4 160 161 162 163
4 164 165 166 167
4 168 169 170 171
4 172 173 174 175
4 176 177 178 179
4 180 181 182 183
4 184 185 186 187
4 188 189 190 191
4 192 193 194 195
4 196 197 198 199
4 200 201 202 203
4 204 205 206 207
4 208 209 210 211
4 212 213 214 215
4 216 217 218 219
4 220 221 222 223
4 224 225 226 227
4 228 229 230 231
4 232 233 234 235
4 236 237 238 239
4 240 241 242 243
4 244 245 246 247
4 248 249 250 251
4 252 253 254 255
4 256 257 258 259
4 260 261 262 263
4 264 265 266 267
4 268 269 270 271
4 272 273 274 275
4 276 277 278 279
4 280 281 282 283
4 284 285 286 287
4 288 289 290 291
4 292 293 294 295
4 296 297 298 299
4 300 301 302 303
4 304 305 306 307
4 308 309 310 311
4 312 313 314 315
4 316 317 318 319
4 320 321 322 323
4 324 325 326 327
4 328 329 330 331
4 332 333 334 335
4 336 337 338 339
4 340 341 342 343
4 344 345 346 347
4 348 349 350 351
4 352 353 354 355
4 356 357 358 359
4 360 361 362 363
4 364 365 366 367
4 368 369 370 371
4 372 373 374 375
4 376 377 378 379
4 380 381 382 383
4 384 385 386 387
4 388 389 390 391
4 392 393 394 395
4 396 397 398 399
4 400 401 402 403
4 404 405 406 407
4 408 409 410 411
4 412 413 414 415
4 416 417 418 419
4 420 421 422 423
4 424 425 426 427
4 428 429 430 431
4 432 433 434 435
4 436 437 438 439
4 440 441 442 443
4 444 445 446 447
4 448 449 450 451
4 452 453 454 455
4 456 457 458 459
4 460 461 462 463
4 464 465 466 467
4 468 469 470 471
4 472 473 474 475
4 476 477 478 479
4 480 481 482 483
4 484 485 486 487
4 488 489 490 491
4 492 493 494 495
4 496 497 498 499
4 500 501 502 503
4 504 505 506 507
4 508 509 510 511
4 512 513 514 515
4 516 517 518 519
4 520 521 522 523
4 524 525 526 527
4 528 529 530 531
4 532 533 534 535
4 536 537 538 539
4 540 541 542 543
4 544 545 546 547
4 548 549 550 551
4 552 553 554 555
4 556 557 558 559
4 560 561 562 563
4 564 565 566 567
4 568 569 570 571
4 572 573 574 575
4 576 577 578 579
4 580 581 582 583
4 584 585 586 587
4 588 589 590 591
4 592 593 594 595
4 596 597 598 599
4 600 601 602 603
4 604 605 606 607
4 608 609 610 611
4 612 613 614 615
4 616 617 618 619
4 620 621 622 623
4 624 625 626 627
4 628 629 630 631
4 632 633 634 635
4 636 637 638 639
4 640 641 642 643
4 644 645 646 647
4 648 649 650 651
4 652 653 654 655
4 656 657 658 659
4 660 661 662 663
4 664 665 666 667
4 668 669 670 671
4 672 673 674 675
4 676 677 678 679
4 680 681 682 683
4 684 685 686 687
4 688 689 690 691
4 692 693 694 695
4 696 697 698 699
4 700 701 702 703
4 704 705 706 707
4 708 709 710 711
4 712 713 714 715
4 716 717 718 719
4 720 721 722 723
4 724 725 726 727
4 728 729 730 731
4 732 733 734 735
4 736 737 738 739
4 740 741 742 743
4 744 745 746 747
4 748 749 750 751
4 752 753 754 755
4 756 757 758 759
4 760 761 762 763
4 764 765 766 767
4 768 769 770 771
4 772 773 774 775
4 776 777 778 779
4 780 781 782 783
4 784 785 786 787
4 788 789 790 791
4 792 793 794 795
4 796 797 798 799
4 800 801 802 803
4 804 805 806 807
4 808 809 810 811
4 812 813 814 815
4 816 817 818 819
4 820 821 822 823
4 824 825 826 827
4 828 829 830 831
4 832 833 834 835
4 836 837 838 839
4 840 841 842 843
4 844 845 846 847
4 848 849 850 851
4 852 853 854 855
4 856 857 858 859
4 860 861 862 863
4 864 865 866 867
4 868 869 870 871
4 872 873 874 875
4 876 877 878 879
4 880 881 882 883
4 884 885 886 887
4 888 889 890 891
4 892 893 894 895
4 896 897 898 899
4 900 901 902 903
4 904 905 906 907
4 908 909 910 911
4 912 913 914 915
4 916 917 918 919
4 920 921 922 923
4 924 925 926 927
4 928 929 930 931
4 932 933 934 935
4 936 937 938 939
4 940 941 942 943
4 944 945 946 947
4 948 949 950 951
4 952 953 954 955
4 956 957 958 959
4 960 961 962 963
4 964 965 966 967
4 968 969 970 971
4 972 973 974 975
4 976 977 978 979
4 980 981 982 983
4 984 985 986 987
4 988 989 990 991
4 992 993 994 995
4 996 997 998 999
4 1000 1001 1002 1003
4 1004 1005 1006 1007
4 1008 1009 1010 1011
4 1012 1013 1014 1015
4 1016 1017 1018 1019
4 1020 1021 1022 1023
4 1024 1025 1026 1027
4 1028 1029 1030 1031
4 1032 1033 1034 1035
4 1036 1037 1038 1039
4 1040 1041 1042 1043
4 1044 1045 1046 1047
4 1048 1049 1050 1051
4 1052 1053 1054 1055
4 1056 1057 1058 1059
4 1060 1061 1062 1063
4 1064 1065 1066 1067
4 1068 1069 1070 1071
4 1072 1073 1074 1075
4 1076 1077 1078 1079
4 1080 1081 1082 1083
4 1084 1085 1086 1087
4 1088 1089 1090 1091
4 1092 1093 1094 1095
4 1096 1097 1098 1099
4 1100 1101 1102 1103
4 1104 1105 1106 1107
4 1108 1109 1110 1111
4 1112 1113 1114 1115
4 1116 1117 1118 1119
4 1120 1121 1122 1123
4 1124 1125 1126 1127
4 1128 1129 1130 1131
4 1132 1133 1134 1135
4 1136 1137 1138 1139
4 1140 1141 1142 1143
4 1144 1145 1146 1147
4 1148 1149 1150 1151
4 1152 1153 1154 1155
4 1156 1157 1158 1159
4 1160 1161 1162 1163
4 1164 1165 1166 1167
4 1168 1169 1170 1171
4 1172 1173 1174 1175
4 1176 1177 1178 1179
4 1180 1181 1182 1183
4 1184 1185 1186 1187
4 1188 1189 1190 1191
4 1192 1193 1194 1195
4 1196 1197 1198 1199
4 1200 1201 1202 1203
4 1204 1205 1206 1207
4 1208 1209 1210 1211
4 1212 1213 1214 1215
4 1216 1217 1218 1219
4 1220 1221 1222 1223
4 1224 1225 1226 1227
4 1228 1229 1230 1231
4 1232 1233 1234 1235
4 1236 1237 1238 1239
4 1240 1241 1242 1243
4 1244 1245 1246 1247
4 1248 1249 1250 1251
4 1252 1253 1254 1255
4 1256 1257 1258 1259
4 1260 1261 1262 1263
4 1264 1265 1266 1267
4 1268 1269 1270 1271
4 1272 1273 1274 1275
4 1276 1277 1278 1279
4 1280 1281 1282 1283
4 1284 1285 1286 1287
4 1288 1289 1290 1291
4 1292 1293 1294 1295
4 1296 1297 1298 1299
4 1300 1301 1302 1303
4 1304 1305 1306 1307
4 1308 1309 1310 1311
4 1312 1313 1314 1315
4 1316 1317 1318 1319
4 1320 1321 1322 1323
4 1324 1325 1326 1327
4 1328 1329 1330 1331
4 1332 1333 1334 1335
4 1336 1337 1338 1339
4 1340 1341 1342 1343
4 1344 1345 1346 1347
4 1348 1349 1350 1351
4 1352 1353 1354 1355
4 1356 1357 1358 1359
4 1360 1361 1362 1363
4 1364 1365 1366 1367
4 1368 1369 1370 1371
4 1372 1373 1374 1375
4 1376 1377 1378 1379
4 1380 1381 1382 1383
4 1384 1385 1386 1387
4 1388 1389 1390 1391
4 1392 1393 1394 1395
4 1396 1397 1398 1399
4 1400 1401 1402 1403
4 1404 1405 1406 1407
4 1408 1409 1410 1411
4 1412 1413 1414 1415
4 1416 1417 1418 1419
4 1420 1421 1422 1423
4 1424 1425 1426 1427
4 1428 1429 1430 1431
4 1432 1433 1434 1435
4 1436 1437 1438 1439
4 1440 1441 1442 1443
4 1444 1445 1446 1447
4 1448 1449 1450 1451
4 1452 1453 1454 1455
4 1456 1457 1458 1459
4 1460 1461 1462 1463
4 1464 1465 1466 1467
4 1468 1469 1470 1471
4 1472 1473 1474 1475
4 1476 1477 1478 1479
4 1480 1481 1482 1483
4 1484 1485 1486 1487
4 1488 1489 1490 1491
4 1492 1493 1494 1495
4 1496 1497 1498 1499
4 1500 1501 1502 1503
4 1504 1505 1506 1507
4 1508 1509 1510 1511
4 1512 1513 1514 1515
4 1516 1517 1518 1519
4 1520 1521 1522 1523
4 1524 1525 1526 1527
4 1528 1529 1530 1531
4 1532 1533 1534 1535
4 1536 1537 1538 1539
4 1540 1541 1542 1543
4 1544 1545 1546 1547
4 1548 1549 1550 1551
4 1552 1553 1554 1555
4 1556 1557 1558 1559
4 1560 1561 1562 1563
4 1564 1565 1566 1567
4 1568 1569 1570 1571
4 1572 1573 1574 1575
4 1576 1577 1578 1579
4 1580 1581 1582 1583
4 1584 1585 1586 1587
4 1588 1589 1590 1591
4 1592 1593 1594 1595
4 1596 1597 1598 1599
4 1600 1601 1602 1603
4 1604 1605 1606 1607
4 1608 1609 1610 1611
4 1612 1613 1614 1615
4 1616 1617 1618 1619
4 1620 1621 1622 1623
4 1624 1625 1626 1627
4 1628 1629 1630 1631
4 1632 1633 1634 1635
4 1636 1637 1638 1639
4 1640 1641 1642 1643
4 1644 1645 1646 1647
4 1648 1649 1650 1651
4 1652 1653 1654 1655
4 1656 1657 1658 1659
4 1660 1661 1662 1663
4 1664 1665 1666 1667
4 1668 1669 1670 1671
4 1672 1673 1674 1675
4 1676 1677 1678 1679
4 1680 1681 1682 1683
4 1684 1685 1686 1687
4 1688 1689 1690 1691
4 1692 1693 1694 1695
4 1696 1697 1698 1699
4 1700 1701 1702 1703
4 1704 1705 1706 1707
4 1708 1709 1710 1711
4 1712 1713 1714 1715
4 1716 1717 1718 1719
4 1720 1721 1722 1723
4 1724 1725 1726 1727
4 1728 1729 1730 1731
4 1732 1733 1734 1735
4 1736 1737 1738 1739
4 1740 1741 1742 1743
4 1744 1745 1746 1747
4 1748 1749 1750 1751
4 1752 1753 1754 1755
4 1756 1757 1758 1759
4 1760 1761 1762 1763
4 1764 1765 1766 1767
4 1768 1769 1770 1771
4 1772 1773 1774 1775
4 1776 1777 1778 1779
4 1780 1781 1782 1783
4 1784 1785 1786 1787
4 1788 1789 1790 1791
4 1792 1793 1794 1795
4 1796 1797 1798 1799
4 1800 1801 1802 1803
4 1804 1805 1806 1807
4 1808 1809 1810 1811
4 1812 1813 1814 1815
4 1816 1817 1818 1819
4 1820 1821 1822 1823
4 1824 1825 1826 1827
4 1828 1829 1830 1831
4 1832 1833 1834 1835
4 1836 1837 1838 1839
4 1840 1841 1842 1843
4 1844 1845 1846 1847
4 1848 1849 1850 1851
4 1852 1853 1854 1855
4 1856 1857 1858 1859
4 1860 1861 1862 1863
4 1864 1865 1866 1867
4 1868 1869 1870 1871
4 1872 1873 1874 1875
4 1876 1877 1878 1879
4 1880 1881 1882 1883
4 1884 1885 1886 1887
4 1888 1889 1890 1891
4 1892 1893 1894 1895
4 1896 1897 1898 1899
4 1900 1901 1902 1903
4 1904 1905 1906 1907
4 1908 1909 1910 1911
4 1912 1913 1914 1915
4 1916 1917 1918 1919
4 1920 1921 1922 1923
4 1924 1925 1926 1927
4 1928 1929 1930 1931
4 1932 1933 1934 1935
4 1936 1937 1938 1939
4 1940 1941 1942 1943
4 1944 1945 1946 1947
4 1948 1949 1950 1951
4 1952 1953 1954 1955
4 1956 1957 1958 1959
4 1960 1961 1962 1963
4 1964 1965 1966 1967
4 1968 1969 1970 1971
4 1972 1973 1974 1975
4 1976 1977 1978 1979
4 1980 1981 1982 1983
4 1984 1985 1986 1987
4 1988 1989 1990 1991
4 1992 1993 1994 1995
4 1996 1997 1998 1999
4 2000 2001 2002 2003
4 2004 2005 2006 2007
4 2008 2009 2010 2011
4 2012 2013 2014 2015
4 2016 2017 2018 2019
4 2020 2021 2022 2023
4 2024 2025 2026 2027
4 2028 2029 2030 2031
4 2032 2033 2034 2035
4 2036 2037 2038 2039
4 2040 2041 2042 2043
4 2044 2045 2046 2047
4 2048 2049 2050 2051
4 2052 2053 2054 2055
4 2056 2057 2058 2059
4 2060 2061 2062 2063
4 2064 2065 2066 2067
4 2068 2069 2070 2071
4 2072 2073 2074 2075
4 2076 2077 2078 2079
4 2080 2081 2082 2083
4 2084 2085 2086 2087
4 2088 2089 2090 2091
4 2092 2093 2094 2095
4 2096 2097 2098 2099
4 2100 2101 2102 2103
4 2104 2105 2106 2107
4 2108 2109 2110 2111
4 2112 2113 2114 2115
4 2116 2117 2118 2119
4 2120 2121 2122 2123
4 2124 2125 2126 2127
4 2128 2129 2130 2131
4 2132 2133 2134 2135
4 2136 2137 2138 2139
4 2140 2141 2142 2143
4 2144 2145 2146 2147
4 2148 2149 2150 2151
4 2152 2153 2154 2155
4 2156 2157 2158 2159
4 2160 2161 2162 2163
4 2164 2165 2166 2167
4 2168 2169 2170 2171
4 2172 2173 2174 2175
4 2176 2177 2178 2179
4 2180 2181 2182 2183
4 2184 2185 2186 2187
4 2188 2189 2190 2191
4 2192 2193 2194 2195
4 2196 2197 2198 2199
4 2200 2201 2202 2203
4 2204 2205 2206 2207
4 2208 2209 2210 2211
4 2212 2213 2214 2215
4 2216 2217 2218 2219
4 2220 2221 2222 2223
4 2224 2225 2226 2227
4 2228 2229 2230 2231
4 2232 2233 2234 2235
4 2236 2237 2238 2239
4 2240 2241 2242 2243
4 2244 2245 2246 2247
4 2248 2249 2250 2251
4 2252 2253 2254 2255
4 2256 2257 2258 2259
4 2260 2261 2262 2263
4 2264 2265 2266 2267
4 2268 2269 2270 2271
4 2272 2273 2274 2275
4 2276 2277 2278 2279
4 2280 2281 2282 2283
4 2284 2285 2286 2287
4 2288 2289 2290 2291
4 2292 2293 2294 2295
4 2296 2297 2298 2299
4 2300 2301 2302 2303
4 2304 2305 2306 2307
4 2308 2309 2310 2311
4 2312 2313 2314 2315
4 2316 2317 2318 2319
4 2320 2321 2322 2323
4 2324 2325 2326 2327
4 2328 2329 2330 2331
4 2332 2333 2334 2335
4 2336 2337 2338 2339
4 2340 2341 2342 2343
4 2344 2345 2346 2347
4 2348 2349 2350 2351
4 2352 2353 2354 2355
4 2356 2357 2358 2359
4 2360 2361 2362 2363
4 2364 2365 2366 2367
4 2368 2369 2370 2371
4 2372 2373 2374 2375
4 2376 2377 2378 2379
4 2380 2381 2382 2383
4 2384 2385 2386 2387
4 2388 2389 2390 2391
4 2392 2393 2394 2395
4 2396 2397 2398 2399
4 2400 2401 2402 2403
4 2404 2405 2406 2407
4 2408 2409 2410 2411
4 2412 2413 2414 2415
4 2416 2417 2418 2419
4 2420 2421 2422 2423
4 2424 2425 2426 2427
4 2428 2429 2430 2431
4 2432 2433 2434 2435
4 2436 2437 2438 2439
4 2440 2441 2442 2443
4 2444 2445 2446 2447
4 2448 2449 2450 2451
4 2452 2453 2454 2455
4 2456 2457 2458 2459
4 2460 2461 2462 2463
4 2464 2465 2466 2467
4 2468 2469 2470 2471
4 2472 2473 2474 2475
4 2476 2477 2478 2479
4 2480 2481 2482 2483
4 2484 2485 2486 2487
4 2488 2489 2490 2491
4 2492 2493 2494 2495
4 2496 2497 2498 2499
4 2500 2501 2502 2503
4 2504 2505 2506 2507
4 2508 2509 2510 2511
4 2512 2513 2514 2515
4 2516 2517 2518 2519
4 2520 2521 2522 2523
4 2524 2525 2526 2527
4 2528 2529 2530 2531
4 2532 2533 2534 2535
4 2536 2537 2538 2539
4 2540 2541 2542 2543
4 2544 2545 2546 2547
4 2548 2549 2550 2551
4 2552 2553 2554 2555
4 2556 2557 2558 2559
4 2560 2561 2562 2563
4 2564 2565 2566 2567
4 2568 2569 2570 2571
4 2572 2573 2574 2575
4 2576 2577 2578 2579
4 2580 2581 2582 2583
4 2584 2585 2586 2587
4 2588 2589 2590 2591
4 2592 2593 2594 2595
4 2596 2597 2598 2599
4 2600 2601 2602 2603
4 2604 2605 2606 2607
4 2608 2609 2610 2611
4 2612 2613 2614 2615
4 2616 2617 2618 2619
4 2620 2621 2622 2623
4 2624 2625 2626 2627
4 2628 2629 2630 2631
4 2632 2633 2634 2635
4 2636 2637 2638 2639
4 2640 2641 2642 2643
4 2644 2645 2646 2647
4 2648 2649 2650 2651
4 2652 2653 2654 2655
4 2656 2657 2658 2659
4 2660 2661 2662 2663
4 2664 2665 2666 2667
4 2668 2669 2670 2671
4 2672 2673 2674 2675
4 2676 2677 2678 2679
4 2680 2681 2682 2683
4 2684 2685 2686 2687
4 2688 2689 2690 2691
4 2692 2693 2694 2695
4 2696 2697 2698 2699
4 2700 2701 2702 2703
4 2704 2705 2706 2707
4 2708 2709 2710 2711
4 2712 2713 2714 2715
4 2716 2717 2718 2719
4 2720 2721 2722 2723
4 2724 2725 2726 2727
4 2728 2729 2730 2731
4 2732 2733 2734 2735
4 2736 2737 2738 2739
4 2740 2741 2742 2743
4 2744 2745 2746 2747
4 2748 2749 2750 2751
4 2752 2753 2754 2755
4 2756 2757 2758 2759
4 2760 2761 2762 2763
4 2764 2765 2766 2767
4 2768 2769 2770 2771
4 2772 2773 2774 2775
4 2776 2777 2778 2779
4 2780 2781 2782 2783
4 2784 2785 2786 2787
4 2788 2789 2790 2791
4 2792 2793 2794 2795
4 2796 2797 2798 2799
4 2800 2801 2802 2803
4 2804 2805 2806 2807
4 2808 2809 2810 2811
4 2812 2813 2814 2815
4 2816 2817 2818 2819
4 2820 2821 2822 2823
4 2824 2825 2826 2827
4 2828 2829 2830 2831
4 2832 2833 2834 2835
4 2836 2837 2838 2839
4 2840 2841 2842 2843
4 2844 2845 2846 2847
4 2848 2849 2850 2851
4 2852 2853 2854 2855
4 2856 2857 2858 2859
4 2860 2861 2862 2863
4 2864 2865 2866 2867
4 2868 2869 2870 2871
4 2872 2873 2874 2875
4 2876 2877 2878 2879
4 2880 2881 2882 2883
4 2884 2885 2886 2887
4 2888 2889 2890 2891
4 2892 2893 2894 2895
4 2896 2897 2898 2899
4 2900 2901 2902 2903
4 2904 2905 2906 2907
4 2908 2909 2910 2911
4 2912 2913 2914 2915
4 2916 2917 2918 2919
4 2920 2921 2922 2923
4 2924 2925 2926 2927
4 2928 2929 2930 2931
4 2932 2933 2934 2935
4 2936 2937 2938 2939
4 2940 2941 2942 2943
4 2944 2945 2946 2947
4 2948 2949 2950 2951
4 2952 2953 2954 2955
4 2956 2957 2958 2959
4 2960 2961 2962 2963
4 2964 2965 2966 2967
4 2968 2969 2970 2971
4 2972 2973 2974 2975
4 2976 2977 2978 2979
4 2980 2981 2982 2983
4 2984 2985 2986 2987
4 2988 2989 2990 2991
4 2992 2993 2994 2995
4 2996 2997 2998 2999
4 3000 3001 3002 3003
4 3004 3005 3006 3007
4 3008 3009 3010 3011
4 3012 3013 3014 3015
4 3016 3017 3018 3019
4 3020 3021 3022 3023
4 3024 3025 3026 3027
4 3028 3029 3030 3031
4 3032 3033 3034 3035
4 3036 3037 3038 3039
4 3040 3041 3042 3043
4 3044 3045 3046 3047
4 3048 3049 3050 3051
4 3052 3053 3054 3055
4 3056 3057 3058 3059
4 3060 3061 3062 3063
4 3064 3065 3066 3067
4 3068 3069 3070 3071
4 3072 3073 3074 3075
4 3076 3077 3078 3079
4 3080 3081 3082 3083
4 3084 3085 3086 3087
4 3088 3089 3090 3091
4 3092 3093 3094 3095
4 3096 3097 3098 3099
4 3100 3101 3102 3103
4 3104 3105 3106 3107
4 3108 3109 3110 3111
4 3112 3113 3114 3115
4 3116 3117 3118 3119
4 3120 3121 3122 3123
4 3124 3125 3126 3127
4 3128 3129 3130 3131
4 3132 3133 3134 3135
4 3136 3137 3138 3139
4 3140 3141 3142 3143
4 3144 3145 3146 3147
4 3148 3149 3150 3151
4 3152 3153 3154 3155
4 3156 3157 3158 3159
4 3160 3161 3162 3163
4 3164 3165 3166 3167
4 3168 3169 3170 3171
4 3172 3173 3174 3175
4 3176 3177 3178 3179
4 3180 3181 3182 3183
4 3184 3185 3186 3187
4 3188 3189 3190 3191
4 3192 3193 3194 3195
4 3196 3197 3198 3199
4 3200 3201 3202 3203
4 3204 3205 3206 3207
4 3208 3209 3210 3211
4 3212 3213 3214 3215
4 3216 3217 3218 3219
4 3220 3221 3222 3223
4 3224 3225 3226 3227
4 3228 3229 3230 3231
4 3232 3233 3234 3235
4 3236 3237 3238 3239
4 3240 3241 3242 3243
4 3244 3245 3246 3247
4 3248 3249 3250 3251
4 3252 3253 3254 3255
4 3256 3257 3258 3259
4 3260 3261 3262 3263
4 3264 3265 3266 3267
4 3268 3269 3270 3271
4 3272 3273 3274 3275
4 3276 3277 3278 3279
4 3280 3281 3282 3283
4 3284 3285 3286 3287
4 3288 3289 3290 3291
4 3292 3293 3294 3295
4 3296 3297 3298 3299
4 3300 3301 3302 3303
4 3304 3305 3306 3307
4 3308 3309 3310 3311
4 3312 3313 3314 3315
4 3316 3317 3318 3319
4 3320 3321 3322 3323
4 3324 3325 3326 3327
4 3328 3329 3330 3331
4 3332 3333 3334 3335
4 3336 3337 3338 3339
4 3340 3341 3342 3343
4 3344 3345 3346 3347
4 3348 3349 3350 3351
4 3352 3353 3354 3355
4 3356 3357 3358 3359
4 3360 3361 3362 3363
4 3364 3365 3366 3367
4 3368 3369 3370 3371
4 3372 3373 3374 3375
4 3376 3377 3378 3379
4 3380 3381 3382 3383
4 3384 3385 3386 3387
4 3388 3389 3390 3391
4 3392 3393 3394 3395
4 3396 3397 3398 3399
4 3400 3401 3402 3403
4 3404 3405 3406 3407
4 3408 3409 3410 3411
4 3412 3413 3414 3415
4 3416 3417 3418 3419
4 3420 3421 3422 3423
4 3424 3425 3426 3427
4 3428 3429 3430 3431
4 3432 3433 3434 3435
4 3436 3437 3438 3439
4 3440 3441 3442 3443
4 3444 3445 3446 3447
4 3448 3449 3450 3451
4 3452 3453 3454 3455
4 3456 3457 3458 3459
4 3460 3461 3462 3463
4 3464 3465 3466 3467
4 3468 3469 3470 3471
4 3472 3473 3474 3475
4 3476 3477 3478 3479
4 3480 3481 3482 3483
4 3484 3485 3486 3487
4 3488 3489 3490 3491
4 3492 3493 3494 3495
4 3496 3497 3498 3499
4 3500 3501 3502 3503
4 3504 3505 3506 3507
4 3508 3509 3510 3511
4 3512 3513 3514 3515
4 3516 3517 3518 3519
4 3520 3521 3522 3523
4 3524 3525 3526 3527
4 3528 3529 3530 3531
4 3532 3533 3534 3535
4 3536 3537 3538 3539
4 3540 3541 3542 3543
4 3544 3545 3546 3547
4 3548 3549 3550 3551
4 3552 3553 3554 3555
4 3556 3557 3558 3559
4 3560 3561 3562 3563
4 3564 3565 3566 3567
4 3568 3569 3570 3571
4 3572 3573 3574 3575
4 3576 3577 3578 3579
4 3580 3581 3582 3583
4 3584 3585 3586 3587
4 3588 3589 3590 3591
4 3592 3593 3594 3595
4 3596 3597 3598 3599
4 3600 3601 3602 3603
4 3604 3605 3606 3607
4 3608 3609 3610 3611
4 3612 3613 3614 3615
4 3616 3617 3618 3619
4 3620 3621 3622 3623
4 3624 3625 3626 3627
4 3628 3629 3630 3631
4 3632 3633 3634 3635
4 3636 3637 3638 3639
4 3640 3641 3642 3643
4 3644 3645 3646 3647
4 3648 3649 3650 3651
4 3652 3653 3654 3655
4 3656 3657 3658 3659
4 3660 3661 3662 3663
4 3664 3665 3666 3667
4 3668 3669 3670 3671
4 3672 3673 3674 3675
4 3676 3677 3678 3679
4 3680 3681 3682 3683
4 3684 3685 3686 3687
4 3688 3689 3690 3691
4 3692 3693 3694 3695
CELL_TYPES 924
9
9
9
9
9
9
9
9
9
9
9
9
9
9
9
9
9
9
9
9
9
9
9
9
9
9
9
9
9
9
9
9
9
9
9
9
9
9
9
9
9
9
9
9
9
9
9
9
9
9
9
9
9
9
9
9
9
9
9
9
9
9
9
9
9
9
9
9
9
9
9
9
9
9
9
9
9
9
9
9
9
9
9
9
9
9
9
9
9
9
9
9
9
9
9
9
9
9
9
9
9
9
9
9
9
9
9
9
9
9
9
9
9
9
9
9
9
9
9
9
9
9
9
9
9
9
9
9
9
9
9
9
9
9
9
9
9
9
9
9
9
9
9
9
9
9
9
9
9
9
9
9
9
9
9
9
9
9
9
9
9
9
9
9
9
9
9
9
9
9
9
9
9
9
9
9
9
9
9
9
9
9
9
9
9
9
9
9
9
9
9
9
9
9
9
9
9
9
9
9
9
9
9
9
9
9
9
9
9
9
9
9
9
9
9
9
9
9
9
9
9
9
9
9
9
9
9
9
9
9
9
9
9
9
9
9
9
9
9
9
9
9
9
9
9
9
9
9
9
9
9
9
9
9
9
9
9
9
9
9
9
9
9
9
9
9
9
9
9
9
9
9
9
9
9
9
9
9
9
9
9
9
9
9
9
9
9
9
9
9
9
9
9
9
9
9
9
9
9
9
9
9
9
9
9
9
9
9
9
9
9
9
9
9
9
9
9
9
9
9
9
9
9
9
9
9
9
9
9
9
9
9
9
9
9
9
9
9
9
9
9
9
9
9
9
9
9
9
9
9
9
9
9
9
9
9
9
9
9
9
9
9
9
9
9
9
9
9
9
9
9
9
9
9
9
9
9
9
9
9
9
9
9
9
9
9
9
9
9
9
9
9
9
9
9
9
9
9
9
9
9
9
9
9
9
9
9
9
9
9
9
9
9
9
9
9
9
9
9
9
9
9
9
9
9
9
9
9
9
9
9
9
9
9
9
9
9
9
9
9
9
9
9
9
9
9
9
9
9
9
9
9
9
9
9
9
9
9
9
9
9
9
9
9
9
9
9
9
9
9
9
9
9
9
9
9
9
9
9
9
9
9
9
9
9
9
9
9
9
9
9
9
9
9
9
9
9
9
9
9
9
9
9
9
9
9
9
9
9
9
9
9
9
9
9
9
9
9
9
9
9
9
9
9
9
9
9
9
9
9
9
9
9
9
9
9
9
9
9
9
9
9
9
9
9
9
9
9
9
9
9
9
9
9
9
9
9
9
9
9
9
9
9
9
9
9
9
9
9
9
9
9
9
9
9
9
9
9
9
9
9
9
9
9
9
9
9
9
9
9
9
9
9
9
9
9
9
9
9
9
9
9
9
9
9
9
9
9
9
9
9
9
9
9
9
9
9
9
9
9
9
9
9
9
9
9
9
9
9
9
9
9
9
9
9
9
9
9
9
9
9
9
9
9
9
9
9
9
9
9
9
9
9
9
9
9
9
9
9
9
9
9
9
9
9
9
9
9
9
9
9
9
9
9
9
9
9
9
9
9
9
9
9
9
9
9
9
9
9
9
9
9
9
9
9
9
9
9
9
9
9
9
9
9
9
9
9
9
9
9
9
9
9
9
9
9
9
9
9
9
9
9
9
9
9
9
9
9
9
9
9
9
9
9
9
9
9
9
9
9
9
9
9
9
9
9
9
9
9
9
9
9
9
9
9
9
9
9
9
9
9
9
9
9
9
9
9
9
9
9
9
9
9
9
9
9
9
9
9
9
9
9
9
9
9
9
9
9
9
9
9
9
9
9
9
9
9
9
9
9
9
9
9
9
9
9
9
9
9
9
9
9
9
9
9
9
9
9
9
9
9
9
9
9
9
9
9
9
9
9
9
9
9
9
9
9
9
9
9
9
9
9
9
9
9
9
9
9
9
9
9
9
9
9
9
9
9
9
9
9
9
9
9
9
9
9
9
9
9
9
9
9
9
9
9
9
9
9
9
9
9
9
9
9
9
9
9
9
9
9
9
9
9
9
9
9
9
9
9
9
9
9
9
9
9
9
9
9
9
9
9
9
9
9
9
9
9
9
9
9
9
9
9
9
CELL_DATA 924
SCALARS area double 1
LOOKUP_TABLE default
1.06146e-05
1.06875e-05
1.0718e-05
1.07889e-05
1.10438e-05
8.24196e-06
1.09172e-05
1.09875e-05
1.0865e-05
1.07535e-05
1.82013e-05
1.82919e-05
1.82964e-05
1.82842e-05
1.82324e-05
1.22908e-05
1.82647e-05
1.8319e-05
1.8306e-05
1.82904e-05
2.02791e-05
2.04752e-05
2.06224e-05
2.0743e-05
2.0574e-05
1.17046e-05
2.07291e-05
2.05178e-05
2.04378e-05
2.03854e-05
2.16776e-05
2.19439e-05
2.21933e-05
2.24462e-05
2.24081e-05
1.10206e-05
2.25729e-05
2.21959e-05
2.19935e-05
2.1849e-05
2.27764e-05
2.30094e-05
2.32115e-05
2.3426e-05
2.3436e-05
1.0557e-05
2.35805e-05
2.32693e-05
2.30839e-05
2.29489e-05
2.35832e-05
2.37898e-05
2.39533e-05
2.41347e-05
2.41755e-05
1.02314e-05
2.43022e-05
2.40441e-05
2.38767e-05
2.37532e-05
2.41377e-05
2.43233e-05
2.44559e-05
2.46095e-05
2.46707e-05
1.00307e-05
2.47757e-05
2.45625e-05
2.44135e-05
2.43025e-05
2.44373e-05
2.46081e-05
2.47194e-05
2.4854e-05
2.49312e-05
9.88289e-06
2.4987e-05
2.4814e-05
2.46864e-05
2.45912e-05
2.44329e-05
2.45914e-05
2.46862e-05
2.48063e-05
2.48981e-05
9.70145e-06
2.49024e-05
2.47635e-05
2.46558e-05
2.45754e-05
2.4235e-05
2.43812e-05
2.44596e-05
2.45621e-05
2.46511e-05
9.48111e-06
2.46332e-05
2.45233e-05
2.44348e-05
2.43685e-05
2.39545e-05
2.40889e-05
2.41522e-05
2.42369e-05
2.4316e-05
9.24876e-06
2.42974e-05
2.421e-05
2.41369e-05
2.40816e-05
2.35853e-05
2.37101e-05
2.37621e-05
2.38334e-05
2.39047e-05
9.00809e-06
2.38819e-05
2.38122e-05
2.37517e-05
2.37056e-05
2.31892e-05
2.33057e-05
2.33484e-05
2.34087e-05
2.34736e-05
8.77876e-06
2.34504e-05
2.33941e-05
2.33432e-05
2.3304e-05
2.27106e-05
2.28198e-05
2.28553e-05
2.2907e-05
2.29668e-05
8.53768e-06
2.2942e-05
2.28963e-05
2.28531e-05
2.28197e-05
2.21914e-05
2.22941e-05
2.23238e-05
2.23684e-05
2.2424e-05
8.29606e-06
2.23983e-05
2.23608e-05
2.23239e-05
2.22952e-05
2.16356e-05
2.17308e-05
2.17554e-05
2.17944e-05
2.1849e-05
8.043e-06
2.18212e-05
2.17934e-05
2.17623e-05
2.17358e-05
2.10011e-05
2.10848e-05
2.11056e-05
2.1141e-05
2.11997e-05
7.71967e-06
2.11621e-05
2.11475e-05
2.11239e-05
2.10979e-05
2.03319e-05
2.04003e-05
2.04178e-05
2.04484e-05
2.05039e-05
7.36307e-06
2.04659e-05
2.04531e-05
2.04329e-05
2.04114e-05
1.96294e-05
1.96847e-05
1.96998e-05
1.97271e-05
1.97812e-05
7.02548e-06
1.97388e-05
1.97279e-05
1.97112e-05
1.96938e-05
1.88586e-05
1.89024e-05
1.89151e-05
1.89389e-05
1.89911e-05
6.67796e-06
1.89482e-05
1.89388e-05
1.89247e-05
1.89105e-05
1.80712e-05
1.81051e-05
1.81154e-05
1.81359e-05
1.8186e-05
6.34628e-06
1.81438e-05
1.81358e-05
1.8124e-05
1.81124e-05
1.72216e-05
1.72472e-05
1.72554e-05
1.72731e-05
1.73215e-05
6.01619e-06
1.72798e-05
1.72731e-05
1.72633e-05
1.72537e-05
1.63479e-05
1.63664e-05
1.63728e-05
1.63878e-05
1.64339e-05
5.69068e-06
1.63936e-05
1.63881e-05
1.638e-05
1.63723e-05
1.54481e-05
1.54608e-05
1.54658e-05
1.54785e-05
1.55229e-05
5.36609e-06
1.54831e-05
1.54784e-05
1.54719e-05
1.54659e-05
1.44952e-05
1.45033e-05
1.45069e-05
1.45174e-05
1.45594e-05
5.02659e-06
1.45215e-05
1.45177e-05
1.45124e-05
1.45077e-05
1.35211e-05
1.35256e-05
1.3528e-05
1.35366e-05
1.35762e-05
4.6862e-06
1.35402e-05
1.35371e-05
1.35329e-05
1.35293e-05
1.25259e-05
1.25276e-05
1.2529e-05
1.25358e-05
1.25727e-05
4.34277e-06
1.25392e-05
1.25367e-05
1.25335e-05
1.25308e-05
1.14886e-05
1.14884e-05
1.14891e-05
1.14944e-05
1.15286e-05
3.98612e-06
1.14973e-05
1.14953e-05
1.1493e-05
1.1491e-05
1.04407e-05
1.04392e-05
1.04393e-05
1.04431e-05
1.04742e-05
3.62545e-06
1.0446e-05
1.04444e-05
1.04427e-05
1.04413e-05
8.98184e-06
8.9799e-06
8.97917e-06
8.98141e-06
9.008e-06
3.13108e-06
8.98435e-06
8.98304e-06
8.98187e-06
8.98108e-06
2.01738e-06
2.01647e-06
2.01602e-06
2.01695e-06
2.02748e-06
7.44277e-07
2.01748e-06
2.01706e-06
2.01668e-06
2.0165e-06
1.58918e-06
1.58779e-06
1.58707e-06
1.58841e-06
1.60285e-06
6.37006e-07
1.58863e-06
1.58812e-06
1.58765e-06
1.58745e-06
1.52431e-06
1.52206e-06
1.52087e-06
1.52292e-06
1.54449e-06
6.69326e-07
1.52279e-06
1.5221e-06
1.52147e-06
1.52124e-06
1.44676e-06
1.44341e-06
1.44156e-06
1.44431e-06
1.4745e-06
7.04584e-07
1.44397e-06
1.44305e-06
1.44218e-06
1.44189e-06
1.35439e-06
1.34951e-06
1.34678e-06
1.35055e-06
1.39222e-06
7.44717e-07
1.34971e-06
1.34852e-06
1.34739e-06
1.34705e-06
1.24384e-06
1.23674e-06
1.23261e-06
1.23757e-06
1.29485e-06
7.92617e-07
1.23634e-06
1.23475e-06
1.2332e-06
1.23278e-06
1.1085e-06
1.09807e-06
1.09189e-06
1.09868e-06
1.17878e-06
8.4899e-07
1.0967e-06
1.09454e-06
1.09243e-06
1.09188e-06
9.35444e-07
9.18657e-07
9.08501e-07
9.1865e-07
1.03932e-06
9.29778e-07
9.15319e-07
9.12088e-07
9.08906e-07
9.08151e-07
6.82079e-07
6.48404e-07
6.2712e-07
6.46201e-07
8.62255e-07
1.05997e-06
6.39738e-07
6.33497e-07
6.27223e-07
6.25783e-07
2.61531e-07
2.43473e-07
2.31753e-07
2.41741e-07
3.51687e-07
4.72854e-07
2.38261e-07
2.34983e-07
2.31656e-07
2.30917e-07
1.0664e-05
1.82585e-05
2.03132e-05
2.1703e-05
2.28084e-05
2.36205e-05
2.41789e-05
2.44797e-05
2.44753e-05
2.42786e-05
2.39997e-05
2.36308e-05
2.32347e-05
2.27554e-05
2.22351e-05
2.16764e-05
2.10334e-05
2.03533e-05
1.9643e-05
1.88666e-05
1.80751e-05
1.72226e-05
1.63469e-05
1.54457e-05
1.44919e-05
1.35174e-05
1.2522e-05
1.14849e-05
1.04372e-05
8.97862e-06
2.01601e-06
1.58708e-06
1.52091e-06
1.44161e-06
1.34683e-06
1.23264e-06
1.09187e-06
9.0834e-07
6.26465e-07
2.31326e-07
5.92532e-06
3.89433e-06
3.46144e-06
3.6777e-06
5.85861e-06
1.26479e-05
3.12164e-06
2.06413e-06
2.10796e-06
1.81282e-06
2.63468e-07
1.31771e-09
9.83332e-10
8.38339e-10
9.12295e-10
1.5459e-09
2.46283e-09
3.45969e-10
3.97612e-10
4.19539e-10
3.68022e-10
2.73868e-10
1.06146e-05
1.06875e-05
1.0718e-05
1.07889e-05
1.10438e-05
8.24196e-06
1.09172e-05
1.09875e-05
1.0865e-05
1.07535e-05
1.82013e-05
1.82919e-05
1.82964e-05
1.82842e-05
1.82324e-05
1.22908e-05
1.82647e-05
1.8319e-05
1.8306e-05
1.82904e-05
2.02791e-05
2.04752e-05
2.06224e-05
2.0743e-05
2.0574e-05
1.17046e-05
2.07291e-05
2.05178e-05
2.04378e-05
2.03854e-05
2.16776e-05
2.19439e-05
2.21933e-05
2.24462e-05
2.24081e-05
1.10206e-05
2.25729e-05
2.21959e-05
2.19935e-05
2.1849e-05
2.27764e-05
2.30094e-05
2.32115e-05
2.3426e-05
2.3436e-05
1.0557e-05
2.35805e-05
2.32693e-05
2.30839e-05
2.29489e-05
2.35832e-05
2.37898e-05
2.39533e-05
2.41347e-05
2.41755e-05
1.02314e-05
2.43022e-05
2.40441e-05
2.38767e-05
2.37532e-05
2.41377e-05
2.43233e-05
2.44559e-05
2.46095e-05
2.46707e-05
1.00307e-05
2.47757e-05
2.45625e-05
2.44135e-05
2.43025e-05
2.44373e-05
2.46081e-05
2.47194e-05
2.4854e-05
2.49312e-05
9.88289e-06
2.4987e-05
2.4814e-05
2.46864e-05
2.45912e-05
2.44329e-05
2.45914e-05
2.46862e-05
2.48063e-05
2.48981e-05
9.70145e-06
2.49024e-05
2.47635e-05
2.46558e-05
2.45754e-05
2.4235e-05
2.43812e-05
2.44596e-05
2.45621e-05
2.46511e-05
9.48111e-06
2.46332e-05
2.45233e-05
2.44348e-05
2.43685e-05
2.39545e-05
2.40889e-05
2.41522e-05
2.42369e-05
2.4316e-05
9.24876e-06
2.42974e-05
2.421e-05
2.41369e-05
2.40816e-05
2.35853e-05
2.37101e-05
2.37621e-05
2.38334e-05
2.39047e-05
9.00809e-06
2.38819e-05
2.38122e-05
2.37517e-05
2.37056e-05
2.31892e-05
2.33057e-05
2.33484e-05
2.34087e-05
2.34736e-05
8.77876e-06
2.34504e-05
2.33941e-05
2.33432e-05
2.3304e-05
2.27106e-05
2.28198e-05
2.28553e-05
2.2907e-05
2.29668e-05
8.53768e-06
2.2942e-05
2.28963e-05
2.28531e-05
2.28197e-05
2.21914e-05
2.22941e-05
2.23238e-05
2.23684e-05
2.2424e-05
8.29606e-06
2.23983e-05
2.23608e-05
2.23239e-05
2.22952e-05
2.16356e-05
2.17308e-05
2.17554e-05
2.17944e-05
2.1849e-05
8.043e-06
2.18212e-05
2.17934e-05
2.17623e-05
2.17358e-05
2.10011e-05
2.10848e-05
2.11056e-05
2.1141e-05
2.11997e-05
7.71967e-06
2.11621e-05
2.11475e-05
2.11239e-05
2.10979e-05
2.03319e-05
2.04003e-05
2.04178e-05
2.04484e-05
2.05039e-05
7.36307e-06
2.04659e-05
2.04531e-05
2.04329e-05
2.04114e-05
1.96294e-05
1.96847e-05
1.96998e-05
1.97271e-05
1.97812e-05
7.02548e-06
1.97388e-05
1.97279e-05
1.97112e-05
1.96938e-05
1.88586e-05
1.89024e-05
1.89151e-05
1.89389e-05
1.89911e-05
6.67796e-06
1.89482e-05
1.89388e-05
1.89247e-05
1.89105e-05
1.80712e-05
1.81051e-05
1.81154e-05
1.81359e-05
1.8186e-05
6.34628e-06
1.81438e-05
1.81358e-05
1.8124e-05
1.81124e-05
1.72216e-05
1.72472e-05
1.72554e-05
1.72731e-05
1.73215e-05
6.01619e-06
1.72798e-05
1.72731e-05
1.72633e-05
1.72537e-05
1.63479e-05
1.63664e-05
1.63728e-05
1.63878e-05
1.64339e-05
5.69068e-06
1.63936e-05
1.63881e-05
1.638e-05
1.63723e-05
1.54481e-05
1.54608e-05
1.54658e-05
1.54785e-05
1.55229e-05
5.36609e-06
1.54831e-05
1.54784e-05
1.54719e-05
1.54659e-05
1.44952e-05
1.45033e-05
1.45069e-05
1.45174e-05
1.45594e-05
5.02659e-06
1.45215e-05
1.45177e-05
1.45124e-05
1.45077e-05
1.35211e-05
1.35256e-05
1.3528e-05
1.35366e-05
1.35762e-05
4.6862e-06
1.35402e-05
1.35371e-05
1.35329e-05
1.35293e-05
1.25259e-05
1.25276e-05
1.2529e-05
1.25358e-05
1.25727e-05
4.34277e-06
1.25392e-05
1.25367e-05
1.25335e-05
1.25308e-05
1.14886e-05
1.14884e-05
1.14891e-05
1.14944e-05
1.15286e-05
3.98612e-06
1.14973e-05
1.14953e-05
1.1493e-05
1.1491e-05
1.04407e-05
1.04392e-05
1.04393e-05
1.04431e-05
1.04742e-05
3.62545e-06
1.0446e-05
1.04444e-05
1.04427e-05
1.04413e-05
8.98184e-06
8.9799e-06
8.97917e-06
8.98141e-06
9.008e-06
3.13108e-06
8.98435e-06
8.98304e-06
8.98187e-06
8.98108e-06
2.01738e-06
2.01647e-06
2.01602e-06
2.01695e-06
2.02748e-06
7.44277e-07
2.01748e-06
2.01706e-06
2.01668e-06
2.0165e-06
1.58918e-06
1.58779e-06
1.58707e-06
1.58841e-06
1.60285e-06
6.37006e-07
1.58863e-06
1.58812e-06
1.58765e-06
1.58745e-06
1.52431e-06
1.52206e-06
1.52087e-06
1.52292e-06
1.54449e-06
6.69326e-07
1.52279e-06
1.5221e-06
1.52147e-06
1.52124e-06
1.44676e-06
1.44341e-06
1.44156e-06
1.44431e-06
1.4745e-06
7.04584e-07
1.44397e-06
1.44305e-06
1.44218e-06
1.44189e-06
1.35439e-06
1.34951e-06
1.34678e-06
1.35055e-06
1.39222e-06
7.44717e-07
1.34971e-06
1.34852e-06
1.34739e-06
1.34705e-06
1.24384e-06
1.23674e-06
1.23261e-06
1.23757e-06
1.29485e-06
7.92617e-07
1.23634e-06
1.23475e-06
1.2332e-06
1.23278e-06
1.1085e-06
1.09807e-06
1.09189e-06
1.09868e-06
1.17878e-06
8.4899e-07
1.0967e-06
1.09454e-06
1.09243e-06
1.09188e-06
9.35444e-07
9.18657e-07
9.08501e-07
9.1865e-07
1.03932e-06
9.29778e-07
9.15319e-07
9.12088e-07
9.08906e-07
9.08151e-07
6.82079e-07
6.48404e-07
6.2712e-07
6.46201e-07
8.62255e-07
1.05997e-06
6.39738e-07
6.33497e-07
6.27223e-07
6.25783e-07
2.61531e-07
2.43473e-07
2.31753e-07
2.41741e-07
3.51687e-07
4.72854e-07
2.38261e-07
2.34983e-07
2.31656e-07
2.30917e-07
1.0664e-05
1.82585e-05
2.03132e-05
2.1703e-05
2.28084e-05
2.36205e-05
2.41789e-05
2.44797e-05
2.44753e-05
2.42786e-05
2.39997e-05
2.36308e-05
2.32347e-05
2.27554e-05
2.22351e-05
2.16764e-05
2.10334e-05
2.03533e-05
1.9643e-05
1.88666e-05
1.80751e-05
1.72226e-05
1.63469e-05
1.54457e-05
1.44919e-05
1.35174e-05
1.2522e-05
1.14849e-05
1.04372e-05
8.97862e-06
2.01601e-06
1.58708e-06
1.52091e-06
1.44161e-06
1.34683e-06
1.23264e-06
1.09187e-06
9.0834e-07
6.26465e-07
2.31326e-07
5.92532e-06
3.89433e-06
3.46144e-06
3.6777e-06
5.85861e-06
1.26479e-05
3.12164e-06
2.06413e-06
2.10796e-06
1.81282e-06
2.63468e-07
1.31771e-09
9.83332e-10
8.38339e-10
9.12295e-10
1.5459e-09
2.46283e-09
3.45969e-10
3.97612e-10
4.19539e-10
3.68022e-10
2.73868e-10
SCALARS mu double 1
LOOKUP_TABLE default
39.7194
-7.04199e-12
45.1755
58.8279
62.2779
62.8197
62.0556
59.5108
46.456
21.7567
53.3123
42.6004
54.0825
61.6487
64.9189
65.5333
64.7701
61.72
54.7371
44.5198
58.9184
57.1144
62.3449
66.7717
69.3827
70.1781
69.5493
66.8486
62.3723
57.1278
63.2801
66.0614
69.7783
72.8489
74.9699
75.7377
75.2395
72.8567
69.4055
65.4514
66.9951
73.4282
77.0016
79.4932
81.2448
81.8451
81.3741
79.2732
76.3159
72.5133
69.9805
80.4889
84.2634
86.4235
87.8368
88.2628
87.8498
86.0405
83.3832
79.3836
75.7145
87.8763
91.7304
93.6007
94.663
94.9116
94.5861
93.1032
90.7276
86.6468
83.255
95.7743
99.476
101.022
101.709
101.779
101.561
100.443
98.3962
94.4707
92.6343
104.304
107.605
108.766
109.063
108.956
108.86
108.13
106.481
102.967
103.407
113.551
116.221
116.94
116.866
116.626
116.609
116.257
115.079
112.216
115.668
123.553
125.378
125.598
125.168
124.823
124.863
124.882
124.241
122.253
129.408
134.241
135.045
134.717
133.932
133.495
133.592
133.99
133.942
133.007
144.357
145.529
145.198
144.288
143.143
142.623
142.778
143.563
144.146
144.384
159.481
157.247
155.77
154.268
152.765
152.172
152.383
153.557
154.783
156.202
174.387
169.267
166.707
164.616
162.759
162.104
162.366
163.927
165.791
168.322
189.082
181.528
177.97
175.293
173.074
172.369
172.673
174.631
177.124
180.674
203.02
193.783
189.393
186.188
183.627
182.889
183.224
185.562
188.618
193.003
215.926
205.559
200.651
197.129
194.371
193.622
193.964
196.53
199.939
204.847
228.125
216.998
211.77
208.06
205.189
204.439
204.782
207.488
211.111
216.343
239.79
228.201
222.794
218.987
216.062
215.322
215.658
218.439
222.179
227.592
250.905
239.168
233.699
229.869
226.941
226.221
226.544
229.343
233.123
238.596
261.55
249.876
244.444
240.654
237.767
237.072
237.379
240.149
243.9
249.334
271.72
260.284
254.972
251.281
248.483
247.823
248.108
250.797
254.458
259.768
281.403
270.338
265.217
261.678
259.012
258.392
258.653
261.216
264.731
269.845
290.568
279.981
275.117
271.78
269.29
268.717
268.952
271.343
274.659
279.511
299.016
289.091
284.555
281.472
279.202
278.681
278.889
281.063
284.126
288.643
306.691
297.537
293.389
290.608
288.6
288.138
288.318
290.231
292.99
297.114
313.447
305.122
301.398
298.953
297.243
296.844
296.996
298.614
301.033
304.727
319.08
311.586
308.281
306.179
304.791
304.459
304.584
305.885
307.957
311.224
323.403
316.56
313.531
311.649
310.517
310.255
310.355
311.411
313.257
316.242
326.455
319.194
316.009
313.924
312.462
312.047
312.382
313.756
315.783
318.915
328.939
321.527
318.161
315.879
314.205
313.658
314.172
315.741
317.955
321.264
331.002
323.78
320.282
317.83
315.994
315.378
315.987
317.708
320.086
323.528
332.729
326.044
322.514
319.93
317.961
317.29
317.968
319.813
322.323
325.8
334.175
328.346
324.923
322.253
320.168
319.457
320.162
322.128
324.731
328.111
335.399
330.715
327.6
324.922
322.699
321.965
322.618
324.776
327.405
330.489
336.412
333.128
330.593
328.191
325.779
325.05
325.563
328.034
330.396
332.919
337.148
335.321
333.789
332.049
330.149
329.575
329.987
331.854
333.606
335.157
337.926
337.194
336.485
335.914
335.514
335.337
335.45
335.782
336.323
337.03
340.396
340.214
340.139
340.084
340.03
339.995
340.022
340.061
340.112
340.186
39.55
53.0912
58.6262
62.9116
66.6101
69.6358
75.2992
82.7658
92.0632
102.775
114.983
128.667
143.561
158.654
173.549
188.237
202.172
215.077
227.279
238.95
250.077
260.738
270.927
280.634
289.826
298.309
306.025
312.828
318.512
322.893
325.986
328.49
330.574
332.326
333.802
335.062
336.117
336.901
337.751
340.318
-19.5418
-20.3432
-42.1712
-57.3111
-60.1057
-60.9484
-60.3216
-59.2203
-42.7256
-21.9254
-20.4353
340.285
340.245
340.179
340.124
340.107
340.095
340.088
340.095
340.163
340.241
340.265
76.838
9.03304e-11
84.4536
109.517
115.779
116.862
115.671
111.074
87.0663
41.2051
103.341
80.5214
101.1
114.71
120.564
121.785
120.621
115.187
102.578
84.2784
114.796
107.845
116.393
124.037
128.616
130.17
129.24
124.528
116.736
108.069
123.801
124.419
129.902
134.939
138.587
140.104
139.386
135.31
129.547
123.555
130.76
137.713
142.766
146.686
149.652
150.882
150.2
146.671
141.894
136.355
135.833
150.117
155.482
158.784
161.149
162.094
161.519
158.508
154.308
148.466
144.861
162.834
168.386
171.18
172.935
173.581
173.162
170.725
167.03
161.004
157.552
176.309
181.639
183.883
184.995
185.323
185.083
183.292
180.177
174.39
173.631
190.794
195.443
197.04
197.491
197.502
197.459
196.349
193.928
188.851
192.116
206.428
209.98
210.835
210.665
210.45
210.54
210.068
208.453
204.525
213.322
223.25
225.334
225.354
224.591
224.228
224.424
224.554
223.84
221.44
236.571
241.086
241.447
240.562
239.214
238.699
238.99
239.752
240.022
239.413
261.192
259.751
258.268
256.442
254.506
253.85
254.231
255.632
256.935
258.242
285.552
278.962
275.684
272.922
270.415
269.631
270.094
272.122
274.458
277.624
309.484
298.541
293.607
289.931
286.864
285.968
286.508
289.155
292.492
297.369
332.881
318.405
311.976
307.39
303.744
302.785
303.399
306.673
310.978
317.378
354.854
338.173
330.536
325.141
320.965
319.963
320.622
324.492
329.654
337.259
375.066
357.11
348.778
342.918
338.454
337.429
338.094
342.311
347.987
356.297
394.269
375.485
366.75
360.636
356.012
354.988
355.648
360.067
366.038
374.758
412.878
393.492
384.511
378.28
373.607
372.602
373.247
377.769
383.897
392.848
430.882
411.159
402.07
395.824
391.173
390.202
390.823
395.363
401.54
410.593
448.58
428.447
419.372
413.199
408.621
407.691
408.281
412.767
418.903
427.957
465.176
445.196
436.286
430.279
425.854
424.976
425.526
429.874
435.87
444.761
480.375
461.222
452.666
446.924
442.723
441.906
442.411
446.541
452.282
460.814
494.402
476.426
468.386
463.009
459.109
458.362
458.817
462.648
468.024
476.032
507.303
490.68
483.264
478.339
474.812
474.143
474.546
478.002
482.925
490.299
519.037
503.819
497.089
492.681
489.592
489.008
489.358
492.375
496.774
503.453
529.355
515.531
509.511
505.661
503.058
502.565
502.863
505.392
509.225
515.184
537.832
525.354
520.027
516.742
514.658
514.262
514.509
516.521
519.778
525.033
543.688
532.532
527.761
524.889
523.232
522.936
523.134
524.725
527.558
532.248
546.985
535.912
531.111
528.045
525.967
525.454
525.963
527.953
530.948
535.657
549.699
538.887
533.992
530.726
528.387
527.689
528.438
530.664
533.842
538.64
551.956
541.752
536.815
533.383
530.85
530.056
530.929
533.33
536.666
541.509
553.842
544.627
539.765
536.216
533.535
532.668
533.624
536.159
539.609
544.384
555.42
547.544
542.926
539.324
536.52
535.601
536.582
539.244
542.755
547.3
556.759
550.538
546.41
542.857
539.907
538.961
539.858
542.735
546.223
550.295
557.865
553.573
550.269
547.132
543.978
543.044
543.742
546.981
550.064
553.34
558.617
556.301
554.34
552.103
549.664
548.938
549.486
551.887
554.136
556.115
559.522
558.604
557.721
557.009
556.509
556.292
556.441
556.858
557.532
558.41
562.557
562.331
562.236
562.169
562.102
562.06
562.095
562.144
562.207
562.298
76.3847
102.805
114.157
123.06
130.047
135.238
144.216
156.817
172.784
191.192
212.32
235.496
260.051
284.39
308.32
331.719
353.697
373.916
393.13
411.756
429.788
447.519
464.15
479.389
493.459
506.407
518.192
528.565
537.103
543.034
546.387
549.127
551.412
553.332
554.95
556.335
557.496
558.316
559.309
562.463
-36.9918
-38.2707
-78.8175
-106.715
-111.865
-113.456
-112.38
-110.405
-79.9901
-41.399
-38.6502
562.421
562.371
562.288
562.219
562.198
562.184
562.176
562.184
562.269
562.366
562.395
