# vtk DataFile Version 3.0
Rotor blade panels
ASCII
DATASET UNSTRUCTURED_GRID
POINTS 3696 double
1.53634 1.12298 1.12382
1.54073 1.12222 1.12483
1.54081 1.12448 1.12707
1.53631 1.12539 1.12587
1.54073 1.12222 1.12483
1.54489 1.12104 1.1264
1.54505 1.12316 1.12883
1.54081 1.12448 1.12707
1.54489 1.12104 1.1264
1.54889 1.11967 1.12823
1.54909 1.12164 1.13086
1.54505 1.12316 1.12883
1.54889 1.11967 1.12823
1.55255 1.11801 1.13045
1.55278 1.11983 1.13328
1.54909 1.12164 1.13086
1.55255 1.11801 1.13045
1.55504 1.11573 1.13347
1.55533 1.11744 1.13645
1.55278 1.11983 1.13328
1.55504 1.11573 1.13347
1.553 1.11365 1.13625
1.55319 1.11539 1.13918
1.55533 1.11744 1.13645
1.553 1.11365 1.13625
1.5492 1.11511 1.1343
1.54938 1.11706 1.13697
1.55319 1.11539 1.13918
1.5492 1.11511 1.1343
1.54611 1.11715 1.13158
1.54624 1.11922 1.13409
1.54938 1.11706 1.13697
1.54611 1.11715 1.13158
1.54305 1.11922 1.12883
1.54313 1.12139 1.13119
1.54624 1.11922 1.13409
1.54305 1.11922 1.12883
1.53986 1.12121 1.12619
1.53988 1.12349 1.1284
1.54313 1.12139 1.13119
1.53631 1.12539 1.12587
1.54081 1.12448 1.12707
1.54083 1.12805 1.13062
1.5362 1.12919 1.1291
1.54081 1.12448 1.12707
1.54505 1.12316 1.12883
1.54513 1.12649 1.13269
1.54083 1.12805 1.13062
1.54505 1.12316 1.12883
1.54909 1.12164 1.13086
1.54921 1.12473 1.13504
1.54513 1.12649 1.13269
1.54909 1.12164 1.13086
1.55278 1.11983 1.13328
1.55289 1.12268 1.13777
1.54921 1.12473 1.13504
1.55278 1.11983 1.13328
1.55533 1.11744 1.13645
1.55546 1.12012 1.14118
1.55289 1.12268 1.13777
1.55533 1.11744 1.13645
1.55319 1.11539 1.13918
1.55318 1.11816 1.14379
1.55546 1.12012 1.14118
1.55319 1.11539 1.13918
1.54938 1.11706 1.13697
1.54942 1.12012 1.14118
1.55318 1.11816 1.14379
1.54938 1.11706 1.13697
1.54624 1.11922 1.13409
1.54626 1.12247 1.13805
1.54942 1.12012 1.14118
1.54624 1.11922 1.13409
1.54313 1.12139 1.13119
1.54311 1.12482 1.13492
1.54626 1.12247 1.13805
1.54313 1.12139 1.13119
1.53988 1.12349 1.1284
1.53982 1.1271 1.13188
1.54311 1.12482 1.13492
1.5362 1.12919 1.1291
1.54083 1.12805 1.13062
1.54069 1.13168 1.13424
1.53601 1.13309 1.13237
1.54083 1.12805 1.13062
1.54513 1.12649 1.13269
1.545 1.12987 1.13665
1.54069 1.13168 1.13424
1.54513 1.12649 1.13269
1.54921 1.12473 1.13504
1.54905 1.12786 1.13934
1.545 1.12987 1.13665
1.54921 1.12473 1.13504
1.55289 1.12268 1.13777
1.55268 1.12557 1.14238
1.54905 1.12786 1.13934
1.55289 1.12268 1.13777
1.55546 1.12012 1.14118
1.55519 1.12283 1.14604
1.55268 1.12557 1.14238
1.55546 1.12012 1.14118
1.55318 1.11816 1.14379
1.55278 1.12099 1.14848
1.55519 1.12283 1.14604
1.55318 1.11816 1.14379
1.54942 1.12012 1.14118
1.54913 1.12324 1.14549
1.55278 1.12099 1.14848
1.54942 1.12012 1.14118
1.54626 1.12247 1.13805
1.54601 1.12578 1.1421
1.54913 1.12324 1.14549
1.54626 1.12247 1.13805
1.54311 1.12482 1.13492
1.54289 1.12832 1.13872
1.54601 1.12578 1.1421
1.54311 1.12482 1.13492
1.53982 1.1271 1.13188
1.53961 1.13079 1.13543
1.54289 1.12832 1.13872
1.53601 1.13309 1.13237
1.54069 1.13168 1.13424
1.54046 1.13536 1.13782
1.53577 1.13703 1.1356
1.54069 1.13168 1.13424
1.545 1.12987 1.13665
1.54473 1.13331 1.14055
1.54046 1.13536 1.13782
1.545 1.12987 1.13665
1.54905 1.12786 1.13934
1.54871 1.13106 1.14355
1.54473 1.13331 1.14055
1.54905 1.12786 1.13934
1.55268 1.12557 1.14238
1.55223 1.12855 1.14689
1.54871 1.13106 1.14355
1.55268 1.12557 1.14238
1.55519 1.12283 1.14604
1.55465 1.12563 1.15078
1.55223 1.12855 1.14689
1.55519 1.12283 1.14604
1.55278 1.12099 1.14848
1.55215 1.12393 1.15304
1.55465 1.12563 1.15078
1.55278 1.12099 1.14848
1.54913 1.12324 1.14549
1.54865 1.12643 1.14971
1.55215 1.12393 1.15304
1.54913 1.12324 1.14549
1.54601 1.12578 1.1421
1.5456 1.12916 1.14608
1.54865 1.12643 1.14971
1.54601 1.12578 1.1421
1.54289 1.12832 1.13872
1.54254 1.13188 1.14245
1.5456 1.12916 1.14608
1.54289 1.12832 1.13872
1.53961 1.13079 1.13543
1.53932 1.13453 1.13891
1.54254 1.13188 1.14245
1.53577 1.13703 1.1356
1.54046 1.13536 1.13782
1.54018 1.1391 1.1413
1.53553 1.141 1.13877
1.54046 1.13536 1.13782
1.54473 1.13331 1.14055
1.54437 1.13684 1.14431
1.54018 1.1391 1.1413
1.54473 1.13331 1.14055
1.54871 1.13106 1.14355
1.54825 1.13438 1.14758
1.54437 1.13684 1.14431
1.54871 1.13106 1.14355
1.55223 1.12855 1.14689
1.55165 1.13169 1.15117
1.54825 1.13438 1.14758
1.55223 1.12855 1.14689
1.55465 1.12563 1.15078
1.55396 1.12862 1.15526
1.55165 1.13169 1.15117
1.55465 1.12563 1.15078
1.55215 1.12393 1.15304
1.55142 1.12705 1.15735
1.55396 1.12862 1.15526
1.55215 1.12393 1.15304
1.54865 1.12643 1.14971
1.54807 1.12977 1.15373
1.55142 1.12705 1.15735
1.54865 1.12643 1.14971
1.5456 1.12916 1.14608
1.54512 1.13265 1.14989
1.54807 1.12977 1.15373
1.5456 1.12916 1.14608
1.54254 1.13188 1.14245
1.54214 1.13553 1.14606
1.54512 1.13265 1.14989
1.54254 1.13188 1.14245
1.53932 1.13453 1.13891
1.539 1.13834 1.14232
1.54214 1.13553 1.14606
1.53553 1.141 1.13877
1.54018 1.1391 1.1413
1.53986 1.14291 1.1447
1.53529 1.145 1.14191
1.54018 1.1391 1.1413
1.54437 1.13684 1.14431
1.54396 1.14047 1.14795
1.53986 1.14291 1.1447
1.54437 1.13684 1.14431
1.54825 1.13438 1.14758
1.54771 1.13784 1.15145
1.54396 1.14047 1.14795
1.54825 1.13438 1.14758
1.55165 1.13169 1.15117
1.55097 1.13499 1.15524
1.54771 1.13784 1.15145
1.55165 1.13169 1.15117
1.55396 1.12862 1.15526
1.55316 1.1318 1.15949
1.55097 1.13499 1.15524
1.55396 1.12862 1.15526
1.55142 1.12705 1.15735
1.55061 1.13037 1.1614
1.55316 1.1318 1.15949
1.55142 1.12705 1.15735
1.54807 1.12977 1.15373
1.54742 1.13324 1.15757
1.55061 1.13037 1.1614
1.54807 1.12977 1.15373
1.54512 1.13265 1.14989
1.54458 1.13626 1.15356
1.54742 1.13324 1.15757
1.54512 1.13265 1.14989
1.54214 1.13553 1.14606
1.54171 1.13926 1.14956
1.54458 1.13626 1.15356
1.54214 1.13553 1.14606
1.539 1.13834 1.14232
1.53867 1.1422 1.14564
1.54171 1.13926 1.14956
1.53529 1.145 1.14191
1.53986 1.14291 1.1447
1.53952 1.14677 1.14802
1.53506 1.14903 1.14501
1.53986 1.14291 1.1447
1.54396 1.14047 1.14795
1.5435 1.14419 1.15146
1.53952 1.14677 1.14802
1.54396 1.14047 1.14795
1.54771 1.13784 1.15145
1.54712 1.14143 1.15514
1.5435 1.14419 1.15146
1.54771 1.13784 1.15145
1.55097 1.13499 1.15524
1.55024 1.13845 1.1591
1.54712 1.14143 1.15514
1.55097 1.13499 1.15524
1.55316 1.1318 1.15949
1.55228 1.13517 1.16346
1.55024 1.13845 1.1591
1.55316 1.1318 1.15949
1.55061 1.13037 1.1614
1.54975 1.13385 1.16523
1.55228 1.13517 1.16346
1.55061 1.13037 1.1614
1.54742 1.13324 1.15757
1.54672 1.13686 1.16123
1.54975 1.13385 1.16523
1.54742 1.13324 1.15757
1.54458 1.13626 1.15356
1.54401 1.13997 1.15708
1.54672 1.13686 1.16123
1.54458 1.13626 1.15356
1.54171 1.13926 1.14956
1.54124 1.14307 1.15295
1.54401 1.13997 1.15708
1.54171 1.13926 1.14956
1.53867 1.1422 1.14564
1.53832 1.14611 1.14889
1.54124 1.14307 1.15295
1.53506 1.14903 1.14501
1.53952 1.14677 1.14802
1.53918 1.15069 1.15127
1.53484 1.15309 1.14807
1.53952 1.14677 1.14802
1.5435 1.14419 1.15146
1.54301 1.148 1.15486
1.53918 1.15069 1.15127
1.5435 1.14419 1.15146
1.54712 1.14143 1.15514
1.54649 1.14513 1.15867
1.54301 1.148 1.15486
1.54712 1.14143 1.15514
1.55024 1.13845 1.1591
1.54946 1.14207 1.16275
1.54649 1.14513 1.15867
1.55024 1.13845 1.1591
1.55228 1.13517 1.16346
1.55136 1.13872 1.16721
1.54946 1.14207 1.16275
1.55228 1.13517 1.16346
1.54975 1.13385 1.16523
1.54885 1.1375 1.16884
1.55136 1.13872 1.16721
1.54975 1.13385 1.16523
1.54672 1.13686 1.16123
1.54599 1.1406 1.16471
1.54885 1.1375 1.16884
1.54672 1.13686 1.16123
1.54401 1.13997 1.15708
1.5434 1.14379 1.16046
1.54599 1.1406 1.16471
1.54401 1.13997 1.15708
1.54124 1.14307 1.15295
1.54076 1.14696 1.15624
1.5434 1.14379 1.16046
1.54124 1.14307 1.15295
1.53832 1.14611 1.14889
1.53796 1.15008 1.15208
1.54076 1.14696 1.15624
1.53484 1.15309 1.14807
1.53918 1.15069 1.15127
1.53882 1.15467 1.15444
1.53463 1.15717 1.15111
1.53918 1.15069 1.15127
1.54301 1.148 1.15486
1.54251 1.15189 1.15814
1.53882 1.15467 1.15444
1.54301 1.148 1.15486
1.54649 1.14513 1.15867
1.54584 1.14895 1.16206
1.54251 1.15189 1.15814
1.54649 1.14513 1.15867
1.54946 1.14207 1.16275
1.54865 1.14582 1.16623
1.54584 1.14895 1.16206
1.54946 1.14207 1.16275
1.55136 1.13872 1.16721
1.55041 1.14243 1.17073
1.54865 1.14582 1.16623
1.55136 1.13872 1.16721
1.54885 1.1375 1.16884
1.54793 1.1413 1.17224
1.55041 1.14243 1.17073
1.54885 1.1375 1.16884
1.54599 1.1406 1.16471
1.54523 1.14446 1.16803
1.54793 1.1413 1.17224
1.54599 1.1406 1.16471
1.5434 1.14379 1.16046
1.54278 1.1477 1.16372
1.54523 1.14446 1.16803
1.5434 1.14379 1.16046
1.54076 1.14696 1.15624
1.54027 1.15092 1.15943
1.54278 1.1477 1.16372
1.54076 1.14696 1.15624
1.53796 1.15008 1.15208
1.5376 1.1541 1.1552
1.54027 1.15092 1.15943
1.53463 1.15717 1.15111
1.53882 1.15467 1.15444
1.53846 1.15869 1.15756
1.53443 1.16127 1.15411
1.53882 1.15467 1.15444
1.54251 1.15189 1.15814
1.542 1.15585 1.16133
1.53846 1.15869 1.15756
1.54251 1.15189 1.15814
1.54584 1.14895 1.16206
1.54517 1.15286 1.16532
1.542 1.15585 1.16133
1.54584 1.14895 1.16206
1.54865 1.14582 1.16623
1.54783 1.1497 1.16953
1.54517 1.15286 1.16532
1.54865 1.14582 1.16623
1.55041 1.14243 1.17073
1.54945 1.1463 1.17406
1.54783 1.1497 1.16953
1.55041 1.14243 1.17073
1.54793 1.1413 1.17224
1.54701 1.14524 1.17546
1.54945 1.1463 1.17406
1.54793 1.1413 1.17224
1.54523 1.14446 1.16803
1.54447 1.14844 1.1712
1.54701 1.14524 1.17546
1.54523 1.14446 1.16803
1.54278 1.1477 1.16372
1.54215 1.15171 1.16685
1.54447 1.14844 1.1712
1.54278 1.1477 1.16372
1.54027 1.15092 1.15943
1.53977 1.15495 1.16253
1.54215 1.15171 1.16685
1.54027 1.15092 1.15943
1.5376 1.1541 1.1552
1.53724 1.15816 1.15826
1.53977 1.15495 1.16253
1.53443 1.16127 1.15411
1.53846 1.15869 1.15756
1.5381 1.16275 1.16061
1.53423 1.16539 1.15709
1.53846 1.15869 1.15756
1.542 1.15585 1.16133
1.54148 1.15988 1.16443
1.5381 1.16275 1.16061
1.542 1.15585 1.16133
1.54517 1.15286 1.16532
1.5445 1.15687 1.16844
1.54148 1.15988 1.16443
1.54517 1.15286 1.16532
1.54783 1.1497 1.16953
1.54701 1.15369 1.17267
1.5445 1.15687 1.16844
1.54783 1.1497 1.16953
1.54945 1.1463 1.17406
1.54849 1.1503 1.17719
1.54701 1.15369 1.17267
1.54945 1.1463 1.17406
1.54701 1.14524 1.17546
1.54608 1.14932 1.1785
1.54849 1.1503 1.17719
1.54701 1.14524 1.17546
1.54447 1.14844 1.1712
1.5437 1.15253 1.17422
1.54608 1.14932 1.1785
1.54447 1.14844 1.1712
1.54215 1.15171 1.16685
1.54152 1.1558 1.16987
1.5437 1.15253 1.17422
1.54215 1.15171 1.16685
1.53977 1.15495 1.16253
1.53927 1.15904 1.16555
1.54152 1.1558 1.16987
1.53977 1.15495 1.16253
1.53724 1.15816 1.15826
1.53688 1.16226 1.16127
1.53927 1.15904 1.16555
1.53423 1.16539 1.15709
1.5381 1.16275 1.16061
1.53773 1.16686 1.1636
1.53405 1.16953 1.16005
1.5381 1.16275 1.16061
1.54148 1.15988 1.16443
1.54096 1.16398 1.16744
1.53773 1.16686 1.1636
1.54148 1.15988 1.16443
1.5445 1.15687 1.16844
1.54383 1.16097 1.17145
1.54096 1.16398 1.16744
1.5445 1.15687 1.16844
1.54701 1.15369 1.17267
1.54618 1.1578 1.17567
1.54383 1.16097 1.17145
1.54701 1.15369 1.17267
1.54849 1.1503 1.17719
1.54753 1.15443 1.18016
1.54618 1.1578 1.17567
1.54849 1.1503 1.17719
1.54608 1.14932 1.1785
1.54517 1.15352 1.18137
1.54753 1.15443 1.18016
1.54608 1.14932 1.1785
1.5437 1.15253 1.17422
1.54294 1.15672 1.17711
1.54517 1.15352 1.18137
1.5437 1.15253 1.17422
1.54152 1.1558 1.16987
1.54089 1.15997 1.17278
1.54294 1.15672 1.17711
1.54152 1.1558 1.16987
1.53927 1.15904 1.16555
1.53878 1.1632 1.16848
1.54089 1.15997 1.17278
1.53927 1.15904 1.16555
1.53688 1.16226 1.16127
1.53653 1.1664 1.16422
1.53878 1.1632 1.16848
1.53405 1.16953 1.16005
1.53773 1.16686 1.1636
1.53737 1.17101 1.16655
1.53387 1.17369 1.16298
1.53773 1.16686 1.1636
1.54096 1.16398 1.16744
1.54044 1.16814 1.17037
1.53737 1.17101 1.16655
1.54096 1.16398 1.16744
1.54383 1.16097 1.17145
1.54314 1.16514 1.17436
1.54044 1.16814 1.17037
1.54383 1.16097 1.17145
1.54618 1.1578 1.17567
1.54535 1.16201 1.17854
1.54314 1.16514 1.17436
1.54618 1.1578 1.17567
1.54753 1.15443 1.18016
1.54657 1.15869 1.18296
1.54535 1.16201 1.17854
1.54753 1.15443 1.18016
1.54517 1.15352 1.18137
1.54428 1.15784 1.18409
1.54657 1.15869 1.18296
1.54517 1.15352 1.18137
1.54294 1.15672 1.17711
1.5422 1.16101 1.17987
1.54428 1.15784 1.18409
1.54294 1.15672 1.17711
1.54089 1.15997 1.17278
1.54028 1.16422 1.17559
1.5422 1.16101 1.17987
1.54089 1.15997 1.17278
1.53878 1.1632 1.16848
1.5383 1.16741 1.17134
1.54028 1.16422 1.17559
1.53878 1.1632 1.16848
1.53653 1.1664 1.16422
1.53619 1.17058 1.16712
1.5383 1.16741 1.17134
1.53387 1.17369 1.16298
1.53737 1.17101 1.16655
1.53701 1.17519 1.16945
1.5337 1.17786 1.16589
1.53737 1.17101 1.16655
1.54044 1.16814 1.17037
1.53991 1.17235 1.17323
1.53701 1.17519 1.16945
1.54044 1.16814 1.17037
1.54314 1.16514 1.17436
1.54246 1.16939 1.17717
1.53991 1.17235 1.17323
1.54314 1.16514 1.17436
1.54535 1.16201 1.17854
1.54453 1.1663 1.18128
1.54246 1.16939 1.17717
1.54535 1.16201 1.17854
1.54657 1.15869 1.18296
1.54563 1.16305 1.18562
1.54453 1.1663 1.18128
1.54657 1.15869 1.18296
1.54428 1.15784 1.18409
1.54341 1.16226 1.18666
1.54563 1.16305 1.18562
1.54428 1.15784 1.18409
1.5422 1.16101 1.17987
1.54148 1.16538 1.18251
1.54341 1.16226 1.18666
1.5422 1.16101 1.17987
1.54028 1.16422 1.17559
1.53968 1.16854 1.17831
1.54148 1.16538 1.18251
1.54028 1.16422 1.17559
1.5383 1.16741 1.17134
1.53782 1.17168 1.17413
1.53968 1.16854 1.17831
1.5383 1.16741 1.17134
1.53619 1.17058 1.16712
1.53585 1.17479 1.16998
1.53782 1.17168 1.17413
1.5337 1.17786 1.16589
1.53701 1.17519 1.16945
1.53666 1.1794 1.1723
1.53354 1.18204 1.16879
1.53701 1.17519 1.16945
1.53991 1.17235 1.17323
1.53939 1.17661 1.17602
1.53666 1.1794 1.1723
1.53991 1.17235 1.17323
1.54246 1.16939 1.17717
1.54179 1.17371 1.17989
1.53939 1.17661 1.17602
1.54246 1.16939 1.17717
1.54453 1.1663 1.18128
1.54372 1.17068 1.18392
1.54179 1.17371 1.17989
1.54453 1.1663 1.18128
1.54563 1.16305 1.18562
1.54471 1.1675 1.18815
1.54372 1.17068 1.18392
1.54563 1.16305 1.18562
1.54341 1.16226 1.18666
1.54257 1.16678 1.18911
1.54471 1.1675 1.18815
1.54341 1.16226 1.18666
1.54148 1.16538 1.18251
1.54078 1.16984 1.18505
1.54257 1.16678 1.18911
1.54148 1.16538 1.18251
1.53968 1.16854 1.17831
1.5391 1.17292 1.18094
1.54078 1.16984 1.18505
1.53968 1.16854 1.17831
1.53782 1.17168 1.17413
1.53737 1.17599 1.17685
1.5391 1.17292 1.18094
1.53782 1.17168 1.17413
1.53585 1.17479 1.16998
1.53553 1.17903 1.1728
1.53737 1.17599 1.17685
1.53354 1.18204 1.16879
1.53666 1.1794 1.1723
1.53631 1.18364 1.17512
1.53338 1.18624 1.17166
1.53666 1.1794 1.1723
1.53939 1.17661 1.17602
1.53888 1.18091 1.17876
1.53631 1.18364 1.17512
1.53939 1.17661 1.17602
1.54179 1.17371 1.17989
1.54113 1.17808 1.18253
1.53888 1.18091 1.17876
1.54179 1.17371 1.17989
1.54372 1.17068 1.18392
1.54292 1.17513 1.18646
1.54113 1.17808 1.18253
1.54372 1.17068 1.18392
1.54471 1.1675 1.18815
1.5438 1.17205 1.19057
1.54292 1.17513 1.18646
1.54471 1.1675 1.18815
1.54257 1.16678 1.18911
1.54176 1.17138 1.19145
1.5438 1.17205 1.19057
1.54257 1.16678 1.18911
1.54078 1.16984 1.18505
1.5401 1.17436 1.18749
1.54176 1.17138 1.19145
1.54078 1.16984 1.18505
1.5391 1.17292 1.18094
1.53855 1.17735 1.1835
1.5401 1.17436 1.18749
1.5391 1.17292 1.18094
1.53737 1.17599 1.17685
1.53693 1.18034 1.17953
1.53855 1.17735 1.1835
1.53737 1.17599 1.17685
1.53553 1.17903 1.1728
1.53522 1.1833 1.17558
1.53693 1.18034 1.17953
1.53338 1.18624 1.17166
1.53631 1.18364 1.17512
1.53597 1.18792 1.1779
1.53323 1.19045 1.17452
1.53631 1.18364 1.17512
1.53888 1.18091 1.17876
1.53838 1.18526 1.18144
1.53597 1.18792 1.1779
1.53888 1.18091 1.17876
1.54113 1.17808 1.18253
1.54048 1.18251 1.1851
1.53838 1.18526 1.18144
1.54113 1.17808 1.18253
1.54292 1.17513 1.18646
1.54213 1.17966 1.18891
1.54048 1.18251 1.1851
1.54292 1.17513 1.18646
1.5438 1.17205 1.19057
1.54293 1.17668 1.19287
1.54213 1.17966 1.18891
1.5438 1.17205 1.19057
1.54176 1.17138 1.19145
1.54098 1.17607 1.19369
1.54293 1.17668 1.19287
1.54176 1.17138 1.19145
1.5401 1.17436 1.18749
1.53944 1.17895 1.18985
1.54098 1.17607 1.19369
1.5401 1.17436 1.18749
1.53855 1.17735 1.1835
1.538 1.18184 1.18599
1.53944 1.17895 1.18985
1.53855 1.17735 1.1835
1.53693 1.18034 1.17953
1.53651 1.18473 1.18214
1.538 1.18184 1.18599
1.53693 1.18034 1.17953
1.53522 1.1833 1.17558
1.53492 1.1876 1.17832
1.53651 1.18473 1.18214
1.53323 1.19045 1.17452
1.53597 1.18792 1.1779
1.53564 1.19221 1.18065
1.53309 1.19467 1.17737
1.53597 1.18792 1.1779
1.53838 1.18526 1.18144
1.53789 1.18964 1.18408
1.53564 1.19221 1.18065
1.53838 1.18526 1.18144
1.54048 1.18251 1.1851
1.53984 1.18698 1.18761
1.53789 1.18964 1.18408
1.54048 1.18251 1.1851
1.54213 1.17966 1.18891
1.54137 1.18423 1.19128
1.53984 1.18698 1.18761
1.54213 1.17966 1.18891
1.54293 1.17668 1.19287
1.54208 1.18137 1.19509
1.54137 1.18423 1.19128
1.54293 1.17668 1.19287
1.54098 1.17607 1.19369
1.54023 1.18081 1.19584
1.54208 1.18137 1.19509
1.54098 1.17607 1.19369
1.53944 1.17895 1.18985
1.53881 1.18358 1.19214
1.54023 1.18081 1.19584
1.53944 1.17895 1.18985
1.538 1.18184 1.18599
1.53748 1.18637 1.18842
1.53881 1.18358 1.19214
1.538 1.18184 1.18599
1.53651 1.18473 1.18214
1.5361 1.18916 1.18472
1.53748 1.18637 1.18842
1.53651 1.18473 1.18214
1.53492 1.1876 1.17832
1.53463 1.19192 1.18103
1.5361 1.18916 1.18472
1.53309 1.19467 1.17737
1.53564 1.19221 1.18065
1.53531 1.19652 1.18337
1.53295 1.19891 1.1802
1.53564 1.19221 1.18065
1.53789 1.18964 1.18408
1.53741 1.19405 1.18667
1.53531 1.19652 1.18337
1.53789 1.18964 1.18408
1.53984 1.18698 1.18761
1.53922 1.1915 1.19006
1.53741 1.19405 1.18667
1.53984 1.18698 1.18761
1.54137 1.18423 1.19128
1.54064 1.18886 1.19358
1.53922 1.1915 1.19006
1.54137 1.18423 1.19128
1.54208 1.18137 1.19509
1.54126 1.18612 1.19723
1.54064 1.18886 1.19358
1.54208 1.18137 1.19509
1.54023 1.18081 1.19584
1.53951 1.18561 1.19791
1.54126 1.18612 1.19723
1.54023 1.18081 1.19584
1.53881 1.18358 1.19214
1.53821 1.18827 1.19437
1.53951 1.18561 1.19791
1.53881 1.18358 1.19214
1.53748 1.18637 1.18842
1.53699 1.19095 1.1908
1.53821 1.18827 1.19437
1.53748 1.18637 1.18842
1.5361 1.18916 1.18472
1.5357 1.19361 1.18725
1.53699 1.19095 1.1908
1.5361 1.18916 1.18472
1.53463 1.19192 1.18103
1.53435 1.19626 1.18372
1.5357 1.19361 1.18725
1.53295 1.19891 1.1802
1.53531 1.19652 1.18337
1.535 1.20086 1.18607
1.53282 1.20315 1.18302
1.53531 1.19652 1.18337
1.53741 1.19405 1.18667
1.53694 1.19849 1.18922
1.535 1.20086 1.18607
1.53741 1.19405 1.18667
1.53922 1.1915 1.19006
1.53862 1.19605 1.19247
1.53694 1.19849 1.18922
1.53922 1.1915 1.19006
1.54064 1.18886 1.19358
1.53993 1.19354 1.19582
1.53862 1.19605 1.19247
1.54064 1.18886 1.19358
1.54126 1.18612 1.19723
1.54048 1.19092 1.1993
1.53993 1.19354 1.19582
1.54126 1.18612 1.19723
1.53951 1.18561 1.19791
1.53882 1.19046 1.19992
1.54048 1.19092 1.1993
1.53951 1.18561 1.19791
1.53821 1.18827 1.19437
1.53764 1.193 1.19654
1.53882 1.19046 1.19992
1.53821 1.18827 1.19437
1.53699 1.19095 1.1908
1.53651 1.19555 1.19314
1.53764 1.193 1.19654
1.53699 1.19095 1.1908
1.5357 1.19361 1.18725
1.53533 1.19809 1.18976
1.53651 1.19555 1.19314
1.5357 1.19361 1.18725
1.53435 1.19626 1.18372
1.53409 1.20062 1.18638
1.53533 1.19809 1.18976
1.53282 1.20315 1.18302
1.535 1.20086 1.18607
1.53471 1.20522 1.18873
1.53269 1.2074 1.18582
1.535 1.20086 1.18607
1.53694 1.19849 1.18922
1.53651 1.20296 1.19173
1.53471 1.20522 1.18873
1.53694 1.19849 1.18922
1.53862 1.19605 1.19247
1.53806 1.20064 1.19482
1.53651 1.20296 1.19173
1.53862 1.19605 1.19247
1.53993 1.19354 1.19582
1.53925 1.19825 1.19801
1.53806 1.20064 1.19482
1.53993 1.19354 1.19582
1.54048 1.19092 1.1993
1.53973 1.19577 1.20132
1.53925 1.19825 1.19801
1.54048 1.19092 1.1993
1.53882 1.19046 1.19992
1.53817 1.19534 1.20188
1.53973 1.19577 1.20132
1.53882 1.19046 1.19992
1.53764 1.193 1.19654
1.5371 1.19775 1.19867
1.53817 1.19534 1.20188
1.53764 1.193 1.19654
1.53651 1.19555 1.19314
1.53607 1.20018 1.19544
1.5371 1.19775 1.19867
1.53651 1.19555 1.19314
1.53533 1.19809 1.18976
1.53499 1.20259 1.19222
1.53607 1.20018 1.19544
1.53533 1.19809 1.18976
1.53409 1.20062 1.18638
1.53386 1.205 1.18902
1.53499 1.20259 1.19222
1.53269 1.2074 1.18582
1.53471 1.20522 1.18873
1.53444 1.20959 1.19138
1.53257 1.21166 1.18862
1.53471 1.20522 1.18873
1.53651 1.20296 1.19173
1.5361 1.20745 1.19423
1.53444 1.20959 1.19138
1.53651 1.20296 1.19173
1.53806 1.20064 1.19482
1.53752 1.20525 1.19715
1.5361 1.20745 1.19423
1.53806 1.20064 1.19482
1.53925 1.19825 1.19801
1.5386 1.20298 1.20017
1.53752 1.20525 1.19715
1.53925 1.19825 1.19801
1.53973 1.19577 1.20132
1.53902 1.20064 1.20329
1.5386 1.20298 1.20017
1.53973 1.19577 1.20132
1.53817 1.19534 1.20188
1.53756 1.20025 1.20381
1.53902 1.20064 1.20329
1.53817 1.19534 1.20188
1.5371 1.19775 1.19867
1.53658 1.20254 1.20077
1.53756 1.20025 1.20381
1.5371 1.19775 1.19867
1.53607 1.20018 1.19544
1.53565 1.20483 1.19771
1.53658 1.20254 1.20077
1.53607 1.20018 1.19544
1.53499 1.20259 1.19222
1.53467 1.20711 1.19467
1.53565 1.20483 1.19771
1.53499 1.20259 1.19222
1.53386 1.205 1.18902
1.53363 1.20939 1.19164
1.53467 1.20711 1.19467
1.53257 1.21166 1.18862
1.53444 1.20959 1.19138
1.53417 1.21397 1.19401
1.53245 1.21593 1.1914
1.53444 1.20959 1.19138
1.5361 1.20745 1.19423
1.5357 1.21195 1.1967
1.53417 1.21397 1.19401
1.5361 1.20745 1.19423
1.53752 1.20525 1.19715
1.537 1.20988 1.19946
1.5357 1.21195 1.1967
1.53752 1.20525 1.19715
1.5386 1.20298 1.20017
1.53799 1.20775 1.2023
1.537 1.20988 1.19946
1.5386 1.20298 1.20017
1.53902 1.20064 1.20329
1.53835 1.20554 1.20523
1.53799 1.20775 1.2023
1.53902 1.20064 1.20329
1.53756 1.20025 1.20381
1.53698 1.20519 1.20571
1.53835 1.20554 1.20523
1.53756 1.20025 1.20381
1.53658 1.20254 1.20077
1.5361 1.20734 1.20284
1.53698 1.20519 1.20571
1.53658 1.20254 1.20077
1.53565 1.20483 1.19771
1.53526 1.2095 1.19997
1.5361 1.20734 1.20284
1.53565 1.20483 1.19771
1.53467 1.20711 1.19467
1.53437 1.21165 1.1971
1.53526 1.2095 1.19997
1.53467 1.20711 1.19467
1.53363 1.20939 1.19164
1.53342 1.21379 1.19425
1.53437 1.21165 1.1971
1.53245 1.21593 1.1914
1.53417 1.21397 1.19401
1.53392 1.21836 1.19663
1.53233 1.2202 1.19418
1.53417 1.21397 1.19401
1.5357 1.21195 1.1967
1.53532 1.21647 1.19915
1.53392 1.21836 1.19663
1.5357 1.21195 1.1967
1.537 1.20988 1.19946
1.53651 1.21452 1.20174
1.53532 1.21647 1.19915
1.537 1.20988 1.19946
1.53799 1.20775 1.2023
1.5374 1.21252 1.20441
1.53651 1.21452 1.20174
1.53799 1.20775 1.2023
1.53835 1.20554 1.20523
1.53771 1.21046 1.20715
1.5374 1.21252 1.20441
1.53835 1.20554 1.20523
1.53698 1.20519 1.20571
1.53643 1.21014 1.20758
1.53771 1.21046 1.20715
1.53698 1.20519 1.20571
1.5361 1.20734 1.20284
1.53564 1.21215 1.2049
1.53643 1.21014 1.20758
1.5361 1.20734 1.20284
1.53526 1.2095 1.19997
1.53488 1.21418 1.2022
1.53564 1.21215 1.2049
1.53526 1.2095 1.19997
1.53437 1.21165 1.1971
1.53408 1.21619 1.19952
1.53488 1.21418 1.2022
1.53437 1.21165 1.1971
1.53342 1.21379 1.19425
1.53322 1.2182 1.19684
1.53408 1.21619 1.19952
1.53233 1.2202 1.19418
1.53392 1.21836 1.19663
1.53368 1.22276 1.19924
1.53223 1.22448 1.19694
1.53392 1.21836 1.19663
1.53532 1.21647 1.19915
1.53495 1.22099 1.2016
1.53368 1.22276 1.19924
1.53532 1.21647 1.19915
1.53651 1.21452 1.20174
1.53604 1.21917 1.20402
1.53495 1.22099 1.2016
1.53651 1.21452 1.20174
1.5374 1.21252 1.20441
1.53684 1.2173 1.20651
1.53604 1.21917 1.20402
1.5374 1.21252 1.20441
1.53771 1.21046 1.20715
1.53711 1.21538 1.20906
1.53684 1.2173 1.20651
1.53771 1.21046 1.20715
1.53643 1.21014 1.20758
1.53592 1.21509 1.20946
1.53711 1.21538 1.20906
1.53643 1.21014 1.20758
1.53564 1.21215 1.2049
1.53521 1.21697 1.20695
1.53592 1.21509 1.20946
1.53564 1.21215 1.2049
1.53488 1.21418 1.2022
1.53453 1.21886 1.20443
1.53521 1.21697 1.20695
1.53488 1.21418 1.2022
1.53408 1.21619 1.19952
1.5338 1.22074 1.20193
1.53453 1.21886 1.20443
1.53408 1.21619 1.19952
1.53322 1.2182 1.19684
1.53303 1.22261 1.19943
1.5338 1.22074 1.20193
1.53223 1.22448 1.19694
1.53368 1.22276 1.19924
1.53345 1.22717 1.20184
1.53212 1.22877 1.1997
1.53368 1.22276 1.19924
1.53495 1.22099 1.2016
1.53461 1.22551 1.20404
1.53345 1.22717 1.20184
1.53495 1.22099 1.2016
1.53604 1.21917 1.20402
1.53559 1.22382 1.20629
1.53461 1.22551 1.20404
1.53604 1.21917 1.20402
1.53684 1.2173 1.20651
1.53632 1.22208 1.20861
1.53559 1.22382 1.20629
1.53684 1.2173 1.20651
1.53711 1.21538 1.20906
1.53654 1.2203 1.21098
1.53632 1.22208 1.20861
1.53711 1.21538 1.20906
1.53592 1.21509 1.20946
1.53544 1.22003 1.21134
1.53654 1.2203 1.21098
1.53592 1.21509 1.20946
1.53521 1.21697 1.20695
1.5348 1.22178 1.20901
1.53544 1.22003 1.21134
1.53521 1.21697 1.20695
1.53453 1.21886 1.20443
1.53419 1.22354 1.20667
1.5348 1.22178 1.20901
1.53453 1.21886 1.20443
1.5338 1.22074 1.20193
1.53354 1.22529 1.20434
1.53419 1.22354 1.20667
1.5338 1.22074 1.20193
1.53303 1.22261 1.19943
1.53285 1.22703 1.20202
1.53354 1.22529 1.20434
1.53212 1.22877 1.1997
1.53345 1.22717 1.20184
1.53323 1.23157 1.20444
1.53202 1.23306 1.20245
1.53345 1.22717 1.20184
1.53461 1.22551 1.20404
1.53429 1.23004 1.20648
1.53323 1.23157 1.20444
1.53461 1.22551 1.20404
1.53559 1.22382 1.20629
1.53518 1.22847 1.20857
1.53429 1.23004 1.20648
1.53559 1.22382 1.20629
1.53632 1.22208 1.20861
1.53583 1.22686 1.21071
1.53518 1.22847 1.20857
1.53632 1.22208 1.20861
1.53654 1.2203 1.21098
1.53602 1.22521 1.21291
1.53583 1.22686 1.21071
1.53654 1.2203 1.21098
1.53544 1.22003 1.21134
1.53499 1.22497 1.21324
1.53602 1.22521 1.21291
1.53544 1.22003 1.21134
1.5348 1.22178 1.20901
1.53442 1.22659 1.21108
1.53499 1.22497 1.21324
1.5348 1.22178 1.20901
1.53419 1.22354 1.20667
1.53388 1.22821 1.20891
1.53442 1.22659 1.21108
1.53419 1.22354 1.20667
1.53354 1.22529 1.20434
1.5333 1.22984 1.20675
1.53388 1.22821 1.20891
1.53354 1.22529 1.20434
1.53285 1.22703 1.20202
1.53267 1.23145 1.2046
1.5333 1.22984 1.20675
1.53202 1.23306 1.20245
1.53323 1.23157 1.20444
1.53303 1.23598 1.20704
1.53193 1.23736 1.2052
1.53323 1.23157 1.20444
1.53429 1.23004 1.20648
1.53399 1.23456 1.20892
1.53303 1.23598 1.20704
1.53429 1.23004 1.20648
1.53518 1.22847 1.20857
1.53479 1.23311 1.21086
1.53399 1.23456 1.20892
1.53518 1.22847 1.20857
1.53583 1.22686 1.21071
1.53537 1.23162 1.21284
1.53479 1.23311 1.21086
1.53583 1.22686 1.21071
1.53602 1.22521 1.21291
1.53553 1.2301 1.21487
1.53537 1.23162 1.21284
1.53602 1.22521 1.21291
1.53499 1.22497 1.21324
1.53458 1.22988 1.21516
1.53553 1.2301 1.21487
1.53499 1.22497 1.21324
1.53442 1.22659 1.21108
1.53407 1.23138 1.21317
1.53458 1.22988 1.21516
1.53442 1.22659 1.21108
1.53388 1.22821 1.20891
1.53359 1.23288 1.21117
1.53407 1.23138 1.21317
1.53388 1.22821 1.20891
1.5333 1.22984 1.20675
1.53307 1.23438 1.20917
1.53359 1.23288 1.21117
1.5333 1.22984 1.20675
1.53267 1.23145 1.2046
1.53251 1.23587 1.20718
1.53307 1.23438 1.20917
1.53193 1.23736 1.2052
1.53303 1.23598 1.20704
1.53284 1.24038 1.20964
1.53184 1.24166 1.20794
1.53303 1.23598 1.20704
1.53399 1.23456 1.20892
1.5337 1.23908 1.21138
1.53284 1.24038 1.20964
1.53399 1.23456 1.20892
1.53479 1.23311 1.21086
1.53443 1.23774 1.21316
1.5337 1.23908 1.21138
1.53479 1.23311 1.21086
1.53537 1.23162 1.21284
1.53495 1.23636 1.21499
1.53443 1.23774 1.21316
1.53537 1.23162 1.21284
1.53553 1.2301 1.21487
1.53508 1.23496 1.21686
1.53495 1.23636 1.21499
1.53553 1.2301 1.21487
1.53458 1.22988 1.21516
1.53421 1.23476 1.21713
1.53508 1.23496 1.21686
1.53458 1.22988 1.21516
1.53407 1.23138 1.21317
1.53375 1.23614 1.21529
1.53421 1.23476 1.21713
1.53407 1.23138 1.21317
1.53359 1.23288 1.21117
1.53332 1.23753 1.21344
1.53375 1.23614 1.21529
1.53359 1.23288 1.21117
1.53307 1.23438 1.20917
1.53286 1.23891 1.2116
1.53332 1.23753 1.21344
1.53307 1.23438 1.20917
1.53251 1.23587 1.20718
1.53236 1.24029 1.20977
1.53286 1.23891 1.2116
1.53184 1.24166 1.20794
1.53284 1.24038 1.20964
1.53266 1.2446 1.21213
1.53175 1.24578 1.21056
1.53284 1.24038 1.20964
1.5337 1.23908 1.21138
1.53346 1.24339 1.21374
1.53266 1.2446 1.21213
1.5337 1.23908 1.21138
1.53443 1.23774 1.21316
1.53411 1.24215 1.21539
1.53346 1.24339 1.21374
1.53443 1.23774 1.21316
1.53495 1.23636 1.21499
1.53458 1.24088 1.21709
1.53411 1.24215 1.21539
1.53495 1.23636 1.21499
1.53508 1.23496 1.21686
1.53469 1.23958 1.21881
1.53458 1.24088 1.21709
1.53508 1.23496 1.21686
1.53421 1.23476 1.21713
1.53388 1.2394 1.21906
1.53469 1.23958 1.21881
1.53421 1.23476 1.21713
1.53375 1.23614 1.21529
1.53347 1.24068 1.21735
1.53388 1.2394 1.21906
1.53375 1.23614 1.21529
1.53332 1.23753 1.21344
1.53309 1.24196 1.21565
1.53347 1.24068 1.21735
1.53332 1.23753 1.21344
1.53286 1.23891 1.2116
1.53267 1.24324 1.21395
1.53309 1.24196 1.21565
1.53286 1.23891 1.2116
1.53236 1.24029 1.20977
1.53222 1.24451 1.21225
1.53267 1.24324 1.21395
1.53175 1.24578 1.21056
1.53266 1.2446 1.21213
1.53263 1.24562 1.21273
1.53173 1.24678 1.21119
1.53266 1.2446 1.21213
1.53346 1.24339 1.21374
1.5334 1.24443 1.21432
1.53263 1.24562 1.21273
1.53346 1.24339 1.21374
1.53411 1.24215 1.21539
1.53404 1.24321 1.21594
1.5334 1.24443 1.21432
1.53411 1.24215 1.21539
1.53458 1.24088 1.21709
1.5345 1.24197 1.2176
1.53404 1.24321 1.21594
1.53458 1.24088 1.21709
1.53469 1.23958 1.21881
1.5346 1.24069 1.21929
1.5345 1.24197 1.2176
1.53469 1.23958 1.21881
1.53388 1.2394 1.21906
1.5338 1.24052 1.21953
1.5346 1.24069 1.21929
1.53388 1.2394 1.21906
1.53347 1.24068 1.21735
1.53341 1.24177 1.21786
1.5338 1.24052 1.21953
1.53347 1.24068 1.21735
1.53309 1.24196 1.21565
1.53303 1.24303 1.21619
1.53341 1.24177 1.21786
1.53309 1.24196 1.21565
1.53267 1.24324 1.21395
1.53263 1.24428 1.21452
1.53303 1.24303 1.21619
1.53267 1.24324 1.21395
1.53222 1.24451 1.21225
1.53219 1.24553 1.21285
1.53263 1.24428 1.21452
1.53173 1.24678 1.21119
1.53263 1.24562 1.21273
1.53259 1.24646 1.21322
1.53172 1.2476 1.2117
1.53263 1.24562 1.21273
1.5334 1.24443 1.21432
1.53335 1.24528 1.21478
1.53259 1.24646 1.21322
1.5334 1.24443 1.21432
1.53404 1.24321 1.21594
1.53398 1.24409 1.21638
1.53335 1.24528 1.21478
1.53404 1.24321 1.21594
1.5345 1.24197 1.2176
1.53443 1.24286 1.21801
1.53398 1.24409 1.21638
1.5345 1.24197 1.2176
1.5346 1.24069 1.21929
1.53453 1.24161 1.21968
1.53443 1.24286 1.21801
1.5346 1.24069 1.21929
1.5338 1.24052 1.21953
1.53374 1.24143 1.21992
1.53453 1.24161 1.21968
1.5338 1.24052 1.21953
1.53341 1.24177 1.21786
1.53335 1.24267 1.21827
1.53374 1.24143 1.21992
1.53341 1.24177 1.21786
1.53303 1.24303 1.21619
1.53299 1.2439 1.21662
1.53335 1.24267 1.21827
1.53303 1.24303 1.21619
1.53263 1.24428 1.21452
1.53259 1.24514 1.21498
1.53299 1.2439 1.21662
1.53263 1.24428 1.21452
1.53219 1.24553 1.21285
1.53216 1.24637 1.21334
1.53259 1.24514 1.21498
1.53172 1.2476 1.2117
1.53259 1.24646 1.21322
1.53254 1.24734 1.21365
1.53168 1.24845 1.21217
1.53259 1.24646 1.21322
1.53335 1.24528 1.21478
1.53328 1.24619 1.21517
1.53254 1.24734 1.21365
1.53335 1.24528 1.21478
1.53398 1.24409 1.21638
1.53389 1.24502 1.21673
1.53328 1.24619 1.21517
1.53398 1.24409 1.21638
1.53443 1.24286 1.21801
1.53433 1.24383 1.21833
1.53389 1.24502 1.21673
1.53443 1.24286 1.21801
1.53453 1.24161 1.21968
1.53442 1.2426 1.21995
1.53433 1.24383 1.21833
1.53453 1.24161 1.21968
1.53374 1.24143 1.21992
1.53365 1.24243 1.22018
1.53442 1.2426 1.21995
1.53374 1.24143 1.21992
1.53335 1.24267 1.21827
1.53327 1.24364 1.21858
1.53365 1.24243 1.22018
1.53335 1.24267 1.21827
1.53299 1.2439 1.21662
1.53292 1.24485 1.21697
1.53327 1.24364 1.21858
1.53299 1.2439 1.21662
1.53259 1.24514 1.21498
1.53253 1.24605 1.21536
1.53292 1.24485 1.21697
1.53259 1.24514 1.21498
1.53216 1.24637 1.21334
1.53212 1.24725 1.21376
1.53253 1.24605 1.21536
1.53168 1.24845 1.21217
1.53254 1.24734 1.21365
1.53245 1.24829 1.21398
1.53163 1.24937 1.21255
1.53254 1.24734 1.21365
1.53328 1.24619 1.21517
1.53316 1.24719 1.21545
1.53245 1.24829 1.21398
1.53328 1.24619 1.21517
1.53389 1.24502 1.21673
1.53375 1.24606 1.21695
1.53316 1.24719 1.21545
1.53389 1.24502 1.21673
1.53433 1.24383 1.21833
1.53417 1.24491 1.21849
1.53375 1.24606 1.21695
1.53433 1.24383 1.21833
1.53442 1.2426 1.21995
1.53426 1.24373 1.22005
1.53417 1.24491 1.21849
1.53442 1.2426 1.21995
1.53365 1.24243 1.22018
1.53352 1.24357 1.22027
1.53426 1.24373 1.22005
1.53365 1.24243 1.22018
1.53327 1.24364 1.21858
1.53316 1.24473 1.21873
1.53352 1.24357 1.22027
1.53327 1.24364 1.21858
1.53292 1.24485 1.21697
1.53281 1.24589 1.21718
1.53316 1.24473 1.21873
1.53292 1.24485 1.21697
1.53253 1.24605 1.21536
1.53245 1.24706 1.21563
1.53281 1.24589 1.21718
1.53253 1.24605 1.21536
1.53212 1.24725 1.21376
1.53205 1.24821 1.21409
1.53245 1.24706 1.21563
1.53163 1.24937 1.21255
1.53245 1.24829 1.21398
1.53233 1.24933 1.2142
1.53156 1.25035 1.21284
1.53245 1.24829 1.21398
1.53316 1.24719 1.21545
1.533 1.24829 1.21559
1.53233 1.24933 1.2142
1.53316 1.24719 1.21545
1.53375 1.24606 1.21695
1.53356 1.24722 1.21701
1.533 1.24829 1.21559
1.53375 1.24606 1.21695
1.53417 1.24491 1.21849
1.53395 1.24613 1.21847
1.53356 1.24722 1.21701
1.53417 1.24491 1.21849
1.53426 1.24373 1.22005
1.53403 1.24501 1.21996
1.53395 1.24613 1.21847
1.53426 1.24373 1.22005
1.53352 1.24357 1.22027
1.53333 1.24486 1.22016
1.53403 1.24501 1.21996
1.53352 1.24357 1.22027
1.53316 1.24473 1.21873
1.53299 1.24596 1.2187
1.53333 1.24486 1.22016
1.53316 1.24473 1.21873
1.53281 1.24589 1.21718
1.53267 1.24706 1.21723
1.53299 1.24596 1.2187
1.53281 1.24589 1.21718
1.53245 1.24706 1.21563
1.53232 1.24816 1.21576
1.53267 1.24706 1.21723
1.53245 1.24706 1.21563
1.53205 1.24821 1.21409
1.53195 1.24926 1.2143
1.53232 1.24816 1.21576
1.53156 1.25035 1.21284
1.53233 1.24933 1.2142
1.53217 1.25048 1.21428
1.53145 1.25142 1.21302
1.53233 1.24933 1.2142
1.533 1.24829 1.21559
1.53278 1.24951 1.21557
1.53217 1.25048 1.21428
1.533 1.24829 1.21559
1.53356 1.24722 1.21701
1.5333 1.24852 1.21688
1.53278 1.24951 1.21557
1.53356 1.24722 1.21701
1.53395 1.24613 1.21847
1.53366 1.24751 1.21823
1.5333 1.24852 1.21688
1.53395 1.24613 1.21847
1.53403 1.24501 1.21996
1.53373 1.24648 1.21961
1.53366 1.24751 1.21823
1.53403 1.24501 1.21996
1.53333 1.24486 1.22016
1.53308 1.24633 1.2198
1.53373 1.24648 1.21961
1.53333 1.24486 1.22016
1.53299 1.24596 1.2187
1.53277 1.24735 1.21844
1.53308 1.24633 1.2198
1.53299 1.24596 1.2187
1.53267 1.24706 1.21723
1.53247 1.24837 1.21708
1.53277 1.24735 1.21844
1.53267 1.24706 1.21723
1.53232 1.24816 1.21576
1.53216 1.24939 1.21573
1.53247 1.24837 1.21708
1.53232 1.24816 1.21576
1.53195 1.24926 1.2143
1.53181 1.25041 1.21437
1.53216 1.24939 1.21573
1.53145 1.25142 1.21302
1.53217 1.25048 1.21428
1.53194 1.25176 1.21417
1.5313 1.2526 1.21305
1.53217 1.25048 1.21428
1.53278 1.24951 1.21557
1.53249 1.2509 1.21531
1.53194 1.25176 1.21417
1.53278 1.24951 1.21557
1.5333 1.24852 1.21688
1.53294 1.25002 1.21649
1.53249 1.2509 1.21531
1.5333 1.24852 1.21688
1.53366 1.24751 1.21823
1.53326 1.24912 1.21769
1.53294 1.25002 1.21649
1.53366 1.24751 1.21823
1.53373 1.24648 1.21961
1.53333 1.2482 1.21891
1.53326 1.24912 1.21769
1.53373 1.24648 1.21961
1.53308 1.24633 1.2198
1.53275 1.24807 1.21908
1.53333 1.2482 1.21891
1.53308 1.24633 1.2198
1.53277 1.24735 1.21844
1.53247 1.24898 1.21787
1.53275 1.24807 1.21908
1.53277 1.24735 1.21844
1.53247 1.24837 1.21708
1.53221 1.24989 1.21666
1.53247 1.24898 1.21787
1.53247 1.24837 1.21708
1.53216 1.24939 1.21573
1.53193 1.2508 1.21546
1.53221 1.24989 1.21666
1.53216 1.24939 1.21573
1.53181 1.25041 1.21437
1.53162 1.2517 1.21425
1.53193 1.2508 1.21546
1.5313 1.2526 1.21305
1.53194 1.25176 1.21417
1.5316 1.25331 1.21371
1.53108 1.254 1.21279
1.53194 1.25176 1.21417
1.53249 1.2509 1.21531
1.53205 1.2526 1.21465
1.5316 1.25331 1.21371
1.53249 1.2509 1.21531
1.53294 1.25002 1.21649
1.53242 1.25188 1.21561
1.53205 1.2526 1.21465
1.53294 1.25002 1.21649
1.53326 1.24912 1.21769
1.53268 1.25115 1.21659
1.53242 1.25188 1.21561
1.53326 1.24912 1.21769
1.53333 1.2482 1.21891
1.53273 1.25039 1.21759
1.53268 1.25115 1.21659
1.53333 1.2482 1.21891
1.53275 1.24807 1.21908
1.53226 1.25029 1.21773
1.53273 1.25039 1.21759
1.53275 1.24807 1.21908
1.53247 1.24898 1.21787
1.53203 1.25103 1.21674
1.53226 1.25029 1.21773
1.53247 1.24898 1.21787
1.53221 1.24989 1.21666
1.53182 1.25178 1.21575
1.53203 1.25103 1.21674
1.53221 1.24989 1.21666
1.53193 1.2508 1.21546
1.53159 1.25252 1.21476
1.53182 1.25178 1.21575
1.53193 1.2508 1.21546
1.53162 1.2517 1.21425
1.53134 1.25326 1.21378
1.53159 1.25252 1.21476
1.53108 1.254 1.21279
1.5316 1.25331 1.21371
1.53093 1.25563 1.21222
1.53064 1.25602 1.21171
1.5316 1.25331 1.21371
1.53205 1.2526 1.21465
1.53118 1.25523 1.21275
1.53093 1.25563 1.21222
1.53205 1.2526 1.21465
1.53242 1.25188 1.21561
1.53139 1.25482 1.21329
1.53118 1.25523 1.21275
1.53242 1.25188 1.21561
1.53268 1.25115 1.21659
1.53154 1.25441 1.21385
1.53139 1.25482 1.21329
1.53268 1.25115 1.21659
1.53273 1.25039 1.21759
1.53156 1.25398 1.21441
1.53154 1.25441 1.21385
1.53273 1.25039 1.21759
1.53226 1.25029 1.21773
1.5313 1.25393 1.21449
1.53156 1.25398 1.21441
1.53226 1.25029 1.21773
1.53203 1.25103 1.21674
1.53117 1.25434 1.21393
1.5313 1.25393 1.21449
1.53203 1.25103 1.21674
1.53182 1.25178 1.21575
1.53105 1.25476 1.21337
1.53117 1.25434 1.21393
1.53182 1.25178 1.21575
1.53159 1.25252 1.21476
1.53092 1.25518 1.21282
1.53105 1.25476 1.21337
1.53159 1.25252 1.21476
1.53134 1.25326 1.21378
1.53078 1.2556 1.21226
1.53092 1.25518 1.21282
1.53064 1.25602 1.21171
1.53093 1.25563 1.21222
1.53018 1.25807 1.21042
1.53014 1.25812 1.21035
1.53093 1.25563 1.21222
1.53118 1.25523 1.21275
1.53021 1.25802 1.21049
1.53018 1.25807 1.21042
1.53118 1.25523 1.21275
1.53139 1.25482 1.21329
1.53024 1.25796 1.21056
1.53021 1.25802 1.21049
1.53139 1.25482 1.21329
1.53154 1.25441 1.21385
1.53026 1.25791 1.21063
1.53024 1.25796 1.21056
1.53154 1.25441 1.21385
1.53156 1.25398 1.21441
1.53026 1.25785 1.2107
1.53026 1.25791 1.21063
1.53156 1.25398 1.21441
1.5313 1.25393 1.21449
1.53023 1.25784 1.21071
1.53026 1.25785 1.2107
1.5313 1.25393 1.21449
1.53117 1.25434 1.21393
1.53021 1.2579 1.21064
1.53023 1.25784 1.21071
1.53117 1.25434 1.21393
1.53105 1.25476 1.21337
1.53019 1.25795 1.21057
1.53021 1.2579 1.21064
1.53105 1.25476 1.21337
1.53092 1.25518 1.21282
1.53018 1.25801 1.21049
1.53019 1.25795 1.21057
1.53092 1.25518 1.21282
1.53078 1.2556 1.21226
1.53016 1.25806 1.21042
1.53018 1.25801 1.21049
1.53986 1.12121 1.12619
1.53634 1.12298 1.12382
1.53631 1.12539 1.12587
1.53988 1.12349 1.1284
1.53988 1.12349 1.1284
1.53631 1.12539 1.12587
1.5362 1.12919 1.1291
1.53982 1.1271 1.13188
1.53982 1.1271 1.13188
1.5362 1.12919 1.1291
1.53601 1.13309 1.13237
1.53961 1.13079 1.13543
1.53961 1.13079 1.13543
1.53601 1.13309 1.13237
1.53577 1.13703 1.1356
1.53932 1.13453 1.13891
1.53932 1.13453 1.13891
1.53577 1.13703 1.1356
1.53553 1.141 1.13877
1.539 1.13834 1.14232
1.539 1.13834 1.14232
1.53553 1.141 1.13877
1.53529 1.145 1.14191
1.53867 1.1422 1.14564
1.53867 1.1422 1.14564
1.53529 1.145 1.14191
1.53506 1.14903 1.14501
1.53832 1.14611 1.14889
1.53832 1.14611 1.14889
1.53506 1.14903 1.14501
1.53484 1.15309 1.14807
1.53796 1.15008 1.15208
1.53796 1.15008 1.15208
1.53484 1.15309 1.14807
1.53463 1.15717 1.15111
1.5376 1.1541 1.1552
1.5376 1.1541 1.1552
1.53463 1.15717 1.15111
1.53443 1.16127 1.15411
1.53724 1.15816 1.15826
1.53724 1.15816 1.15826
1.53443 1.16127 1.15411
1.53423 1.16539 1.15709
1.53688 1.16226 1.16127
1.53688 1.16226 1.16127
1.53423 1.16539 1.15709
1.53405 1.16953 1.16005
1.53653 1.1664 1.16422
1.53653 1.1664 1.16422
1.53405 1.16953 1.16005
1.53387 1.17369 1.16298
1.53619 1.17058 1.16712
1.53619 1.17058 1.16712
1.53387 1.17369 1.16298
1.5337 1.17786 1.16589
1.53585 1.17479 1.16998
1.53585 1.17479 1.16998
1.5337 1.17786 1.16589
1.53354 1.18204 1.16879
1.53553 1.17903 1.1728
1.53553 1.17903 1.1728
1.53354 1.18204 1.16879
1.53338 1.18624 1.17166
1.53522 1.1833 1.17558
1.53522 1.1833 1.17558
1.53338 1.18624 1.17166
1.53323 1.19045 1.17452
1.53492 1.1876 1.17832
1.53492 1.1876 1.17832
1.53323 1.19045 1.17452
1.53309 1.19467 1.17737
1.53463 1.19192 1.18103
1.53463 1.19192 1.18103
1.53309 1.19467 1.17737
1.53295 1.19891 1.1802
1.53435 1.19626 1.18372
1.53435 1.19626 1.18372
1.53295 1.19891 1.1802
1.53282 1.20315 1.18302
1.53409 1.20062 1.18638
1.53409 1.20062 1.18638
1.53282 1.20315 1.18302
1.53269 1.2074 1.18582
1.53386 1.205 1.18902
1.53386 1.205 1.18902
1.53269 1.2074 1.18582
1.53257 1.21166 1.18862
1.53363 1.20939 1.19164
1.53363 1.20939 1.19164
1.53257 1.21166 1.18862
1.53245 1.21593 1.1914
1.53342 1.21379 1.19425
1.53342 1.21379 1.19425
1.53245 1.21593 1.1914
1.53233 1.2202 1.19418
1.53322 1.2182 1.19684
1.53322 1.2182 1.19684
1.53233 1.2202 1.19418
1.53223 1.22448 1.19694
1.53303 1.22261 1.19943
1.53303 1.22261 1.19943
1.53223 1.22448 1.19694
1.53212 1.22877 1.1997
1.53285 1.22703 1.20202
1.53285 1.22703 1.20202
1.53212 1.22877 1.1997
1.53202 1.23306 1.20245
1.53267 1.23145 1.2046
1.53267 1.23145 1.2046
1.53202 1.23306 1.20245
1.53193 1.23736 1.2052
1.53251 1.23587 1.20718
1.53251 1.23587 1.20718
1.53193 1.23736 1.2052
1.53184 1.24166 1.20794
1.53236 1.24029 1.20977
1.53236 1.24029 1.20977
1.53184 1.24166 1.20794
1.53175 1.24578 1.21056
1.53222 1.24451 1.21225
1.53222 1.24451 1.21225
1.53175 1.24578 1.21056
1.53173 1.24678 1.21119
1.53219 1.24553 1.21285
1.53219 1.24553 1.21285
1.53173 1.24678 1.21119
1.53172 1.2476 1.2117
1.53216 1.24637 1.21334
1.53216 1.24637 1.21334
1.53172 1.2476 1.2117
1.53168 1.24845 1.21217
1.53212 1.24725 1.21376
1.53212 1.24725 1.21376
1.53168 1.24845 1.21217
1.53163 1.24937 1.21255
1.53205 1.24821 1.21409
1.53205 1.24821 1.21409
1.53163 1.24937 1.21255
1.53156 1.25035 1.21284
1.53195 1.24926 1.2143
1.53195 1.24926 1.2143
1.53156 1.25035 1.21284
1.53145 1.25142 1.21302
1.53181 1.25041 1.21437
1.53181 1.25041 1.21437
1.53145 1.25142 1.21302
1.5313 1.2526 1.21305
1.53162 1.2517 1.21425
1.53162 1.2517 1.21425
1.5313 1.2526 1.21305
1.53108 1.254 1.21279
1.53134 1.25326 1.21378
1.53134 1.25326 1.21378
1.53108 1.254 1.21279
1.53064 1.25602 1.21171
1.53078 1.2556 1.21226
1.53078 1.2556 1.21226
1.53064 1.25602 1.21171
1.53014 1.25812 1.21035
1.53016 1.25806 1.21042
1.5319 1.1008 1.1026
1.5319 1.1008 1.1026
1.5319 1.1008 1.1026
1.5319 1.1008 1.1026
1.5319 1.1008 1.1026
1.5319 1.1008 1.1026
1.5319 1.1008 1.1026
1.5319 1.1008 1.1026
1.5319 1.1008 1.1026
1.5319 1.1008 1.1026
1.5319 1.1008 1.1026
1.5319 1.1008 1.1026
1.5319 1.1008 1.1026
1.5319 1.1008 1.1026
1.5319 1.1008 1.1026
1.5319 1.1008 1.1026
1.5319 1.1008 1.1026
1.5319 1.1008 1.1026
1.5319 1.1008 1.1026
1.5319 1.1008 1.1026
1.5319 1.1008 1.1026
1.5319 1.1008 1.1026
1.5319 1.1008 1.1026
1.5319 1.1008 1.1026
1.5319 1.1008 1.1026
1.5319 1.1008 1.1026
1.5319 1.1008 1.1026
1.5319 1.1008 1.1026
1.5319 1.1008 1.1026
1.5319 1.1008 1.1026
1.5319 1.1008 1.1026
1.5319 1.1008 1.1026
1.5319 1.1008 1.1026
1.5319 1.1008 1.1026
1.5319 1.1008 1.1026
1.5319 1.1008 1.1026
1.5319 1.1008 1.1026
1.5319 1.1008 1.1026
1.5319 1.1008 1.1026
1.5319 1.1008 1.1026
1.5319 1.1008 1.1026
1.5319 1.1008 1.1026
1.5319 1.1008 1.1026
1.5319 1.1008 1.1026
1.5319 1.1008 1.1026
1.5319 1.1008 1.1026
1.5319 1.1008 1.1026
1.5319 1.1008 1.1026
1.5319 1.1008 1.1026
1.5319 1.1008 1.1026
1.5319 1.1008 1.1026
1.5319 1.1008 1.1026
1.5319 1.1008 1.1026
1.5319 1.1008 1.1026
1.5319 1.1008 1.1026
1.5319 1.1008 1.1026
1.5319 1.1008 1.1026
1.5319 1.1008 1.1026
1.5319 1.1008 1.1026
1.5319 1.1008 1.1026
1.5319 1.1008 1.1026
1.5319 1.1008 1.1026
1.5319 1.1008 1.1026
1.5319 1.1008 1.1026
1.5319 1.1008 1.1026
1.5319 1.1008 1.1026
1.5319 1.1008 1.1026
1.5319 1.1008 1.1026
1.5319 1.1008 1.1026
1.5319 1.1008 1.1026
1.5319 1.1008 1.1026
1.5319 1.1008 1.1026
1.5319 1.1008 1.1026
1.5319 1.1008 1.1026
1.5319 1.1008 1.1026
1.5319 1.1008 1.1026
1.5319 1.1008 1.1026
1.5319 1.1008 1.1026
1.5319 1.1008 1.1026
1.5319 1.1008 1.1026
1.5319 1.1008 1.1026
1.5319 1.1008 1.1026
1.5319 1.1008 1.1026
1.5319 1.1008 1.1026
1.5319 1.1008 1.1026
1.5319 1.1008 1.1026
1.5319 1.1008 1.1026
1.5319 1.1008 1.1026
1.53634 1.07862 1.08138
1.54073 1.07938 1.08037
1.54081 1.07712 1.07813
1.53631 1.07621 1.07933
1.54073 1.07938 1.08037
1.54489 1.08056 1.0788
1.54505 1.07844 1.07637
1.54081 1.07712 1.07813
1.54489 1.08056 1.0788
1.54889 1.08193 1.07697
1.54909 1.07996 1.07434
1.54505 1.07844 1.07637
1.54889 1.08193 1.07697
1.55255 1.08359 1.07475
1.55278 1.08177 1.07192
1.54909 1.07996 1.07434
1.55255 1.08359 1.07475
1.55504 1.08587 1.07173
1.55533 1.08416 1.06875
1.55278 1.08177 1.07192
1.55504 1.08587 1.07173
1.553 1.08795 1.06895
1.55319 1.08621 1.06602
1.55533 1.08416 1.06875
1.553 1.08795 1.06895
1.5492 1.08649 1.0709
1.54938 1.08454 1.06823
1.55319 1.08621 1.06602
1.5492 1.08649 1.0709
1.54611 1.08445 1.07362
1.54624 1.08238 1.07111
1.54938 1.08454 1.06823
1.54611 1.08445 1.07362
1.54305 1.08238 1.07637
1.54313 1.08021 1.07401
1.54624 1.08238 1.07111
1.54305 1.08238 1.07637
1.53986 1.08039 1.07901
1.53988 1.07811 1.0768
1.54313 1.08021 1.07401
1.53631 1.07621 1.07933
1.54081 1.07712 1.07813
1.54083 1.07355 1.07458
1.5362 1.07241 1.0761
1.54081 1.07712 1.07813
1.54505 1.07844 1.07637
1.54513 1.07511 1.07251
1.54083 1.07355 1.07458
1.54505 1.07844 1.07637
1.54909 1.07996 1.07434
1.54921 1.07687 1.07016
1.54513 1.07511 1.07251
1.54909 1.07996 1.07434
1.55278 1.08177 1.07192
1.55289 1.07892 1.06743
1.54921 1.07687 1.07016
1.55278 1.08177 1.07192
1.55533 1.08416 1.06875
1.55546 1.08148 1.06402
1.55289 1.07892 1.06743
1.55533 1.08416 1.06875
1.55319 1.08621 1.06602
1.55318 1.08344 1.06141
1.55546 1.08148 1.06402
1.55319 1.08621 1.06602
1.54938 1.08454 1.06823
1.54942 1.08148 1.06402
1.55318 1.08344 1.06141
1.54938 1.08454 1.06823
1.54624 1.08238 1.07111
1.54626 1.07913 1.06715
1.54942 1.08148 1.06402
1.54624 1.08238 1.07111
1.54313 1.08021 1.07401
1.54311 1.07678 1.07028
1.54626 1.07913 1.06715
1.54313 1.08021 1.07401
1.53988 1.07811 1.0768
1.53982 1.0745 1.07332
1.54311 1.07678 1.07028
1.5362 1.07241 1.0761
1.54083 1.07355 1.07458
1.54069 1.06992 1.07096
1.53601 1.06851 1.07283
1.54083 1.07355 1.07458
1.54513 1.07511 1.07251
1.545 1.07173 1.06855
1.54069 1.06992 1.07096
1.54513 1.07511 1.07251
1.54921 1.07687 1.07016
1.54905 1.07374 1.06586
1.545 1.07173 1.06855
1.54921 1.07687 1.07016
1.55289 1.07892 1.06743
1.55268 1.07603 1.06282
1.54905 1.07374 1.06586
1.55289 1.07892 1.06743
1.55546 1.08148 1.06402
1.55519 1.07877 1.05916
1.55268 1.07603 1.06282
1.55546 1.08148 1.06402
1.55318 1.08344 1.06141
1.55278 1.08061 1.05672
1.55519 1.07877 1.05916
1.55318 1.08344 1.06141
1.54942 1.08148 1.06402
1.54913 1.07836 1.05971
1.55278 1.08061 1.05672
1.54942 1.08148 1.06402
1.54626 1.07913 1.06715
1.54601 1.07582 1.0631
1.54913 1.07836 1.05971
1.54626 1.07913 1.06715
1.54311 1.07678 1.07028
1.54289 1.07328 1.06648
1.54601 1.07582 1.0631
1.54311 1.07678 1.07028
1.53982 1.0745 1.07332
1.53961 1.07081 1.06977
1.54289 1.07328 1.06648
1.53601 1.06851 1.07283
1.54069 1.06992 1.07096
1.54046 1.06624 1.06738
1.53577 1.06457 1.0696
1.54069 1.06992 1.07096
1.545 1.07173 1.06855
1.54473 1.06829 1.06465
1.54046 1.06624 1.06738
1.545 1.07173 1.06855
1.54905 1.07374 1.06586
1.54871 1.07054 1.06165
1.54473 1.06829 1.06465
1.54905 1.07374 1.06586
1.55268 1.07603 1.06282
1.55223 1.07305 1.05831
1.54871 1.07054 1.06165
1.55268 1.07603 1.06282
1.55519 1.07877 1.05916
1.55465 1.07597 1.05442
1.55223 1.07305 1.05831
1.55519 1.07877 1.05916
1.55278 1.08061 1.05672
1.55215 1.07767 1.05216
1.55465 1.07597 1.05442
1.55278 1.08061 1.05672
1.54913 1.07836 1.05971
1.54865 1.07517 1.05549
1.55215 1.07767 1.05216
1.54913 1.07836 1.05971
1.54601 1.07582 1.0631
1.5456 1.07244 1.05912
1.54865 1.07517 1.05549
1.54601 1.07582 1.0631
1.54289 1.07328 1.06648
1.54254 1.06972 1.06275
1.5456 1.07244 1.05912
1.54289 1.07328 1.06648
1.53961 1.07081 1.06977
1.53932 1.06707 1.06629
1.54254 1.06972 1.06275
1.53577 1.06457 1.0696
1.54046 1.06624 1.06738
1.54018 1.0625 1.0639
1.53553 1.0606 1.06643
1.54046 1.06624 1.06738
1.54473 1.06829 1.06465
1.54437 1.06476 1.06089
1.54018 1.0625 1.0639
1.54473 1.06829 1.06465
1.54871 1.07054 1.06165
1.54825 1.06722 1.05762
1.54437 1.06476 1.06089
1.54871 1.07054 1.06165
1.55223 1.07305 1.05831
1.55165 1.06991 1.05403
1.54825 1.06722 1.05762
1.55223 1.07305 1.05831
1.55465 1.07597 1.05442
1.55396 1.07298 1.04994
1.55165 1.06991 1.05403
1.55465 1.07597 1.05442
1.55215 1.07767 1.05216
1.55142 1.07455 1.04785
1.55396 1.07298 1.04994
1.55215 1.07767 1.05216
1.54865 1.07517 1.05549
1.54807 1.07183 1.05147
1.55142 1.07455 1.04785
1.54865 1.07517 1.05549
1.5456 1.07244 1.05912
1.54512 1.06895 1.05531
1.54807 1.07183 1.05147
1.5456 1.07244 1.05912
1.54254 1.06972 1.06275
1.54214 1.06607 1.05914
1.54512 1.06895 1.05531
1.54254 1.06972 1.06275
1.53932 1.06707 1.06629
1.539 1.06326 1.06288
1.54214 1.06607 1.05914
1.53553 1.0606 1.06643
1.54018 1.0625 1.0639
1.53986 1.05869 1.0605
1.53529 1.0566 1.06329
1.54018 1.0625 1.0639
1.54437 1.06476 1.06089
1.54396 1.06113 1.05725
1.53986 1.05869 1.0605
1.54437 1.06476 1.06089
1.54825 1.06722 1.05762
1.54771 1.06376 1.05375
1.54396 1.06113 1.05725
1.54825 1.06722 1.05762
1.55165 1.06991 1.05403
1.55097 1.06661 1.04996
1.54771 1.06376 1.05375
1.55165 1.06991 1.05403
1.55396 1.07298 1.04994
1.55316 1.0698 1.04571
1.55097 1.06661 1.04996
1.55396 1.07298 1.04994
1.55142 1.07455 1.04785
1.55061 1.07123 1.0438
1.55316 1.0698 1.04571
1.55142 1.07455 1.04785
1.54807 1.07183 1.05147
1.54742 1.06836 1.04763
1.55061 1.07123 1.0438
1.54807 1.07183 1.05147
1.54512 1.06895 1.05531
1.54458 1.06534 1.05164
1.54742 1.06836 1.04763
1.54512 1.06895 1.05531
1.54214 1.06607 1.05914
1.54171 1.06234 1.05564
1.54458 1.06534 1.05164
1.54214 1.06607 1.05914
1.539 1.06326 1.06288
1.53867 1.0594 1.05956
1.54171 1.06234 1.05564
1.53529 1.0566 1.06329
1.53986 1.05869 1.0605
1.53952 1.05483 1.05718
1.53506 1.05257 1.06019
1.53986 1.05869 1.0605
1.54396 1.06113 1.05725
1.5435 1.05741 1.05374
1.53952 1.05483 1.05718
1.54396 1.06113 1.05725
1.54771 1.06376 1.05375
1.54712 1.06017 1.05006
1.5435 1.05741 1.05374
1.54771 1.06376 1.05375
1.55097 1.06661 1.04996
1.55024 1.06315 1.0461
1.54712 1.06017 1.05006
1.55097 1.06661 1.04996
1.55316 1.0698 1.04571
1.55228 1.06643 1.04174
1.55024 1.06315 1.0461
1.55316 1.0698 1.04571
1.55061 1.07123 1.0438
1.54975 1.06775 1.03997
1.55228 1.06643 1.04174
1.55061 1.07123 1.0438
1.54742 1.06836 1.04763
1.54672 1.06474 1.04397
1.54975 1.06775 1.03997
1.54742 1.06836 1.04763
1.54458 1.06534 1.05164
1.54401 1.06163 1.04812
1.54672 1.06474 1.04397
1.54458 1.06534 1.05164
1.54171 1.06234 1.05564
1.54124 1.05853 1.05225
1.54401 1.06163 1.04812
1.54171 1.06234 1.05564
1.53867 1.0594 1.05956
1.53832 1.05549 1.05631
1.54124 1.05853 1.05225
1.53506 1.05257 1.06019
1.53952 1.05483 1.05718
1.53918 1.05091 1.05393
1.53484 1.04851 1.05713
1.53952 1.05483 1.05718
1.5435 1.05741 1.05374
1.54301 1.0536 1.05034
1.53918 1.05091 1.05393
1.5435 1.05741 1.05374
1.54712 1.06017 1.05006
1.54649 1.05647 1.04653
1.54301 1.0536 1.05034
1.54712 1.06017 1.05006
1.55024 1.06315 1.0461
1.54946 1.05953 1.04245
1.54649 1.05647 1.04653
1.55024 1.06315 1.0461
1.55228 1.06643 1.04174
1.55136 1.06288 1.03799
1.54946 1.05953 1.04245
1.55228 1.06643 1.04174
1.54975 1.06775 1.03997
1.54885 1.0641 1.03636
1.55136 1.06288 1.03799
1.54975 1.06775 1.03997
1.54672 1.06474 1.04397
1.54599 1.061 1.04049
1.54885 1.0641 1.03636
1.54672 1.06474 1.04397
1.54401 1.06163 1.04812
1.5434 1.05781 1.04474
1.54599 1.061 1.04049
1.54401 1.06163 1.04812
1.54124 1.05853 1.05225
1.54076 1.05464 1.04896
1.5434 1.05781 1.04474
1.54124 1.05853 1.05225
1.53832 1.05549 1.05631
1.53796 1.05152 1.05312
1.54076 1.05464 1.04896
1.53484 1.04851 1.05713
1.53918 1.05091 1.05393
1.53882 1.04693 1.05076
1.53463 1.04443 1.05409
1.53918 1.05091 1.05393
1.54301 1.0536 1.05034
1.54251 1.04971 1.04706
1.53882 1.04693 1.05076
1.54301 1.0536 1.05034
1.54649 1.05647 1.04653
1.54584 1.05265 1.04314
1.54251 1.04971 1.04706
1.54649 1.05647 1.04653
1.54946 1.05953 1.04245
1.54865 1.05578 1.03897
1.54584 1.05265 1.04314
1.54946 1.05953 1.04245
1.55136 1.06288 1.03799
1.55041 1.05917 1.03447
1.54865 1.05578 1.03897
1.55136 1.06288 1.03799
1.54885 1.0641 1.03636
1.54793 1.0603 1.03296
1.55041 1.05917 1.03447
1.54885 1.0641 1.03636
1.54599 1.061 1.04049
1.54523 1.05714 1.03717
1.54793 1.0603 1.03296
1.54599 1.061 1.04049
1.5434 1.05781 1.04474
1.54278 1.0539 1.04148
1.54523 1.05714 1.03717
1.5434 1.05781 1.04474
1.54076 1.05464 1.04896
1.54027 1.05068 1.04577
1.54278 1.0539 1.04148
1.54076 1.05464 1.04896
1.53796 1.05152 1.05312
1.5376 1.0475 1.05
1.54027 1.05068 1.04577
1.53463 1.04443 1.05409
1.53882 1.04693 1.05076
1.53846 1.04291 1.04764
1.53443 1.04033 1.05109
1.53882 1.04693 1.05076
1.54251 1.04971 1.04706
1.542 1.04575 1.04387
1.53846 1.04291 1.04764
1.54251 1.04971 1.04706
1.54584 1.05265 1.04314
1.54517 1.04874 1.03988
1.542 1.04575 1.04387
1.54584 1.05265 1.04314
1.54865 1.05578 1.03897
1.54783 1.0519 1.03567
1.54517 1.04874 1.03988
1.54865 1.05578 1.03897
1.55041 1.05917 1.03447
1.54945 1.0553 1.03114
1.54783 1.0519 1.03567
1.55041 1.05917 1.03447
1.54793 1.0603 1.03296
1.54701 1.05636 1.02974
1.54945 1.0553 1.03114
1.54793 1.0603 1.03296
1.54523 1.05714 1.03717
1.54447 1.05316 1.034
1.54701 1.05636 1.02974
1.54523 1.05714 1.03717
1.54278 1.0539 1.04148
1.54215 1.04989 1.03835
1.54447 1.05316 1.034
1.54278 1.0539 1.04148
1.54027 1.05068 1.04577
1.53977 1.04665 1.04267
1.54215 1.04989 1.03835
1.54027 1.05068 1.04577
1.5376 1.0475 1.05
1.53724 1.04344 1.04694
1.53977 1.04665 1.04267
1.53443 1.04033 1.05109
1.53846 1.04291 1.04764
1.5381 1.03885 1.04459
1.53423 1.03621 1.04811
1.53846 1.04291 1.04764
1.542 1.04575 1.04387
1.54148 1.04172 1.04077
1.5381 1.03885 1.04459
1.542 1.04575 1.04387
1.54517 1.04874 1.03988
1.5445 1.04473 1.03676
1.54148 1.04172 1.04077
1.54517 1.04874 1.03988
1.54783 1.0519 1.03567
1.54701 1.04791 1.03253
1.5445 1.04473 1.03676
1.54783 1.0519 1.03567
1.54945 1.0553 1.03114
1.54849 1.0513 1.02801
1.54701 1.04791 1.03253
1.54945 1.0553 1.03114
1.54701 1.05636 1.02974
1.54608 1.05228 1.0267
1.54849 1.0513 1.02801
1.54701 1.05636 1.02974
1.54447 1.05316 1.034
1.5437 1.04907 1.03098
1.54608 1.05228 1.0267
1.54447 1.05316 1.034
1.54215 1.04989 1.03835
1.54152 1.0458 1.03533
1.5437 1.04907 1.03098
1.54215 1.04989 1.03835
1.53977 1.04665 1.04267
1.53927 1.04256 1.03965
1.54152 1.0458 1.03533
1.53977 1.04665 1.04267
1.53724 1.04344 1.04694
1.53688 1.03934 1.04393
1.53927 1.04256 1.03965
1.53423 1.03621 1.04811
1.5381 1.03885 1.04459
1.53773 1.03474 1.0416
1.53405 1.03207 1.04515
1.5381 1.03885 1.04459
1.54148 1.04172 1.04077
1.54096 1.03762 1.03776
1.53773 1.03474 1.0416
1.54148 1.04172 1.04077
1.5445 1.04473 1.03676
1.54383 1.04063 1.03375
1.54096 1.03762 1.03776
1.5445 1.04473 1.03676
1.54701 1.04791 1.03253
1.54618 1.0438 1.02953
1.54383 1.04063 1.03375
1.54701 1.04791 1.03253
1.54849 1.0513 1.02801
1.54753 1.04717 1.02504
1.54618 1.0438 1.02953
1.54849 1.0513 1.02801
1.54608 1.05228 1.0267
1.54517 1.04808 1.02383
1.54753 1.04717 1.02504
1.54608 1.05228 1.0267
1.5437 1.04907 1.03098
1.54294 1.04488 1.02809
1.54517 1.04808 1.02383
1.5437 1.04907 1.03098
1.54152 1.0458 1.03533
1.54089 1.04163 1.03242
1.54294 1.04488 1.02809
1.54152 1.0458 1.03533
1.53927 1.04256 1.03965
1.53878 1.0384 1.03672
1.54089 1.04163 1.03242
1.53927 1.04256 1.03965
1.53688 1.03934 1.04393
1.53653 1.0352 1.04098
1.53878 1.0384 1.03672
1.53405 1.03207 1.04515
1.53773 1.03474 1.0416
1.53737 1.03059 1.03865
1.53387 1.02791 1.04222
1.53773 1.03474 1.0416
1.54096 1.03762 1.03776
1.54044 1.03346 1.03483
1.53737 1.03059 1.03865
1.54096 1.03762 1.03776
1.54383 1.04063 1.03375
1.54314 1.03646 1.03084
1.54044 1.03346 1.03483
1.54383 1.04063 1.03375
1.54618 1.0438 1.02953
1.54535 1.03959 1.02666
1.54314 1.03646 1.03084
1.54618 1.0438 1.02953
1.54753 1.04717 1.02504
1.54657 1.04291 1.02224
1.54535 1.03959 1.02666
1.54753 1.04717 1.02504
1.54517 1.04808 1.02383
1.54428 1.04376 1.02111
1.54657 1.04291 1.02224
1.54517 1.04808 1.02383
1.54294 1.04488 1.02809
1.5422 1.04059 1.02533
1.54428 1.04376 1.02111
1.54294 1.04488 1.02809
1.54089 1.04163 1.03242
1.54028 1.03738 1.02961
1.5422 1.04059 1.02533
1.54089 1.04163 1.03242
1.53878 1.0384 1.03672
1.5383 1.03419 1.03386
1.54028 1.03738 1.02961
1.53878 1.0384 1.03672
1.53653 1.0352 1.04098
1.53619 1.03102 1.03808
1.5383 1.03419 1.03386
1.53387 1.02791 1.04222
1.53737 1.03059 1.03865
1.53701 1.02641 1.03575
1.5337 1.02374 1.03931
1.53737 1.03059 1.03865
1.54044 1.03346 1.03483
1.53991 1.02925 1.03197
1.53701 1.02641 1.03575
1.54044 1.03346 1.03483
1.54314 1.03646 1.03084
1.54246 1.03221 1.02803
1.53991 1.02925 1.03197
1.54314 1.03646 1.03084
1.54535 1.03959 1.02666
1.54453 1.0353 1.02392
1.54246 1.03221 1.02803
1.54535 1.03959 1.02666
1.54657 1.04291 1.02224
1.54563 1.03855 1.01958
1.54453 1.0353 1.02392
1.54657 1.04291 1.02224
1.54428 1.04376 1.02111
1.54341 1.03934 1.01854
1.54563 1.03855 1.01958
1.54428 1.04376 1.02111
1.5422 1.04059 1.02533
1.54148 1.03622 1.02269
1.54341 1.03934 1.01854
1.5422 1.04059 1.02533
1.54028 1.03738 1.02961
1.53968 1.03306 1.02689
1.54148 1.03622 1.02269
1.54028 1.03738 1.02961
1.5383 1.03419 1.03386
1.53782 1.02992 1.03107
1.53968 1.03306 1.02689
1.5383 1.03419 1.03386
1.53619 1.03102 1.03808
1.53585 1.02681 1.03522
1.53782 1.02992 1.03107
1.5337 1.02374 1.03931
1.53701 1.02641 1.03575
1.53666 1.0222 1.0329
1.53354 1.01956 1.03641
1.53701 1.02641 1.03575
1.53991 1.02925 1.03197
1.53939 1.02499 1.02918
1.53666 1.0222 1.0329
1.53991 1.02925 1.03197
1.54246 1.03221 1.02803
1.54179 1.02789 1.02531
1.53939 1.02499 1.02918
1.54246 1.03221 1.02803
1.54453 1.0353 1.02392
1.54372 1.03092 1.02128
1.54179 1.02789 1.02531
1.54453 1.0353 1.02392
1.54563 1.03855 1.01958
1.54471 1.0341 1.01705
1.54372 1.03092 1.02128
1.54563 1.03855 1.01958
1.54341 1.03934 1.01854
1.54257 1.03482 1.01609
1.54471 1.0341 1.01705
1.54341 1.03934 1.01854
1.54148 1.03622 1.02269
1.54078 1.03176 1.02015
1.54257 1.03482 1.01609
1.54148 1.03622 1.02269
1.53968 1.03306 1.02689
1.5391 1.02868 1.02426
1.54078 1.03176 1.02015
1.53968 1.03306 1.02689
1.53782 1.02992 1.03107
1.53737 1.02561 1.02835
1.5391 1.02868 1.02426
1.53782 1.02992 1.03107
1.53585 1.02681 1.03522
1.53553 1.02257 1.0324
1.53737 1.02561 1.02835
1.53354 1.01956 1.03641
1.53666 1.0222 1.0329
1.53631 1.01796 1.03008
1.53338 1.01536 1.03354
1.53666 1.0222 1.0329
1.53939 1.02499 1.02918
1.53888 1.02069 1.02644
1.53631 1.01796 1.03008
1.53939 1.02499 1.02918
1.54179 1.02789 1.02531
1.54113 1.02352 1.02267
1.53888 1.02069 1.02644
1.54179 1.02789 1.02531
1.54372 1.03092 1.02128
1.54292 1.02647 1.01874
1.54113 1.02352 1.02267
1.54372 1.03092 1.02128
1.54471 1.0341 1.01705
1.5438 1.02955 1.01463
1.54292 1.02647 1.01874
1.54471 1.0341 1.01705
1.54257 1.03482 1.01609
1.54176 1.03022 1.01375
1.5438 1.02955 1.01463
1.54257 1.03482 1.01609
1.54078 1.03176 1.02015
1.5401 1.02724 1.01771
1.54176 1.03022 1.01375
1.54078 1.03176 1.02015
1.5391 1.02868 1.02426
1.53855 1.02425 1.0217
1.5401 1.02724 1.01771
1.5391 1.02868 1.02426
1.53737 1.02561 1.02835
1.53693 1.02126 1.02567
1.53855 1.02425 1.0217
1.53737 1.02561 1.02835
1.53553 1.02257 1.0324
1.53522 1.0183 1.02962
1.53693 1.02126 1.02567
1.53338 1.01536 1.03354
1.53631 1.01796 1.03008
1.53597 1.01368 1.0273
1.53323 1.01115 1.03068
1.53631 1.01796 1.03008
1.53888 1.02069 1.02644
1.53838 1.01634 1.02376
1.53597 1.01368 1.0273
1.53888 1.02069 1.02644
1.54113 1.02352 1.02267
1.54048 1.01909 1.0201
1.53838 1.01634 1.02376
1.54113 1.02352 1.02267
1.54292 1.02647 1.01874
1.54213 1.02194 1.01629
1.54048 1.01909 1.0201
1.54292 1.02647 1.01874
1.5438 1.02955 1.01463
1.54293 1.02492 1.01233
1.54213 1.02194 1.01629
1.5438 1.02955 1.01463
1.54176 1.03022 1.01375
1.54098 1.02553 1.01151
1.54293 1.02492 1.01233
1.54176 1.03022 1.01375
1.5401 1.02724 1.01771
1.53944 1.02265 1.01535
1.54098 1.02553 1.01151
1.5401 1.02724 1.01771
1.53855 1.02425 1.0217
1.538 1.01976 1.01921
1.53944 1.02265 1.01535
1.53855 1.02425 1.0217
1.53693 1.02126 1.02567
1.53651 1.01687 1.02306
1.538 1.01976 1.01921
1.53693 1.02126 1.02567
1.53522 1.0183 1.02962
1.53492 1.014 1.02688
1.53651 1.01687 1.02306
1.53323 1.01115 1.03068
1.53597 1.01368 1.0273
1.53564 1.00939 1.02455
1.53309 1.00693 1.02783
1.53597 1.01368 1.0273
1.53838 1.01634 1.02376
1.53789 1.01196 1.02112
1.53564 1.00939 1.02455
1.53838 1.01634 1.02376
1.54048 1.01909 1.0201
1.53984 1.01462 1.01759
1.53789 1.01196 1.02112
1.54048 1.01909 1.0201
1.54213 1.02194 1.01629
1.54137 1.01737 1.01392
1.53984 1.01462 1.01759
1.54213 1.02194 1.01629
1.54293 1.02492 1.01233
1.54208 1.02023 1.01011
1.54137 1.01737 1.01392
1.54293 1.02492 1.01233
1.54098 1.02553 1.01151
1.54023 1.02079 1.00936
1.54208 1.02023 1.01011
1.54098 1.02553 1.01151
1.53944 1.02265 1.01535
1.53881 1.01802 1.01306
1.54023 1.02079 1.00936
1.53944 1.02265 1.01535
1.538 1.01976 1.01921
1.53748 1.01523 1.01678
1.53881 1.01802 1.01306
1.538 1.01976 1.01921
1.53651 1.01687 1.02306
1.5361 1.01244 1.02048
1.53748 1.01523 1.01678
1.53651 1.01687 1.02306
1.53492 1.014 1.02688
1.53463 1.00968 1.02417
1.5361 1.01244 1.02048
1.53309 1.00693 1.02783
1.53564 1.00939 1.02455
1.53531 1.00508 1.02183
1.53295 1.00269 1.025
1.53564 1.00939 1.02455
1.53789 1.01196 1.02112
1.53741 1.00755 1.01853
1.53531 1.00508 1.02183
1.53789 1.01196 1.02112
1.53984 1.01462 1.01759
1.53922 1.0101 1.01514
1.53741 1.00755 1.01853
1.53984 1.01462 1.01759
1.54137 1.01737 1.01392
1.54064 1.01274 1.01162
1.53922 1.0101 1.01514
1.54137 1.01737 1.01392
1.54208 1.02023 1.01011
1.54126 1.01548 1.00797
1.54064 1.01274 1.01162
1.54208 1.02023 1.01011
1.54023 1.02079 1.00936
1.53951 1.01599 1.00729
1.54126 1.01548 1.00797
1.54023 1.02079 1.00936
1.53881 1.01802 1.01306
1.53821 1.01333 1.01083
1.53951 1.01599 1.00729
1.53881 1.01802 1.01306
1.53748 1.01523 1.01678
1.53699 1.01065 1.0144
1.53821 1.01333 1.01083
1.53748 1.01523 1.01678
1.5361 1.01244 1.02048
1.5357 1.00799 1.01795
1.53699 1.01065 1.0144
1.5361 1.01244 1.02048
1.53463 1.00968 1.02417
1.53435 1.00534 1.02148
1.5357 1.00799 1.01795
1.53295 1.00269 1.025
1.53531 1.00508 1.02183
1.535 1.00074 1.01913
1.53282 0.99845 1.02218
1.53531 1.00508 1.02183
1.53741 1.00755 1.01853
1.53694 1.00311 1.01598
1.535 1.00074 1.01913
1.53741 1.00755 1.01853
1.53922 1.0101 1.01514
1.53862 1.00555 1.01273
1.53694 1.00311 1.01598
1.53922 1.0101 1.01514
1.54064 1.01274 1.01162
1.53993 1.00806 1.00938
1.53862 1.00555 1.01273
1.54064 1.01274 1.01162
1.54126 1.01548 1.00797
1.54048 1.01068 1.0059
1.53993 1.00806 1.00938
1.54126 1.01548 1.00797
1.53951 1.01599 1.00729
1.53882 1.01114 1.00528
1.54048 1.01068 1.0059
1.53951 1.01599 1.00729
1.53821 1.01333 1.01083
1.53764 1.0086 1.00866
1.53882 1.01114 1.00528
1.53821 1.01333 1.01083
1.53699 1.01065 1.0144
1.53651 1.00605 1.01206
1.53764 1.0086 1.00866
1.53699 1.01065 1.0144
1.5357 1.00799 1.01795
1.53533 1.00351 1.01544
1.53651 1.00605 1.01206
1.5357 1.00799 1.01795
1.53435 1.00534 1.02148
1.53409 1.00098 1.01882
1.53533 1.00351 1.01544
1.53282 0.99845 1.02218
1.535 1.00074 1.01913
1.53471 0.996384 1.01647
1.53269 0.9942 1.01938
1.535 1.00074 1.01913
1.53694 1.00311 1.01598
1.53651 0.998639 1.01347
1.53471 0.996384 1.01647
1.53694 1.00311 1.01598
1.53862 1.00555 1.01273
1.53806 1.00096 1.01038
1.53651 0.998639 1.01347
1.53862 1.00555 1.01273
1.53993 1.00806 1.00938
1.53925 1.00335 1.00719
1.53806 1.00096 1.01038
1.53993 1.00806 1.00938
1.54048 1.01068 1.0059
1.53973 1.00583 1.00388
1.53925 1.00335 1.00719
1.54048 1.01068 1.0059
1.53882 1.01114 1.00528
1.53817 1.00626 1.00332
1.53973 1.00583 1.00388
1.53882 1.01114 1.00528
1.53764 1.0086 1.00866
1.5371 1.00385 1.00653
1.53817 1.00626 1.00332
1.53764 1.0086 1.00866
1.53651 1.00605 1.01206
1.53607 1.00142 1.00976
1.5371 1.00385 1.00653
1.53651 1.00605 1.01206
1.53533 1.00351 1.01544
1.53499 0.999006 1.01298
1.53607 1.00142 1.00976
1.53533 1.00351 1.01544
1.53409 1.00098 1.01882
1.53386 0.9966 1.01618
1.53499 0.999006 1.01298
1.53269 0.9942 1.01938
1.53471 0.996384 1.01647
1.53444 0.992013 1.01382
1.53257 0.98994 1.01658
1.53471 0.996384 1.01647
1.53651 0.998639 1.01347
1.5361 0.994152 1.01097
1.53444 0.992013 1.01382
1.53651 0.998639 1.01347
1.53806 1.00096 1.01038
1.53752 0.99635 1.00805
1.5361 0.994152 1.01097
1.53806 1.00096 1.01038
1.53925 1.00335 1.00719
1.5386 0.998616 1.00503
1.53752 0.99635 1.00805
1.53925 1.00335 1.00719
1.53973 1.00583 1.00388
1.53902 1.00096 1.00191
1.5386 0.998616 1.00503
1.53973 1.00583 1.00388
1.53817 1.00626 1.00332
1.53756 1.00135 1.00139
1.53902 1.00096 1.00191
1.53817 1.00626 1.00332
1.5371 1.00385 1.00653
1.53658 0.999063 1.00443
1.53756 1.00135 1.00139
1.5371 1.00385 1.00653
1.53607 1.00142 1.00976
1.53565 0.99677 1.00749
1.53658 0.999063 1.00443
1.53607 1.00142 1.00976
1.53499 0.999006 1.01298
1.53467 0.994486 1.01053
1.53565 0.99677 1.00749
1.53499 0.999006 1.01298
1.53386 0.9966 1.01618
1.53363 0.99221 1.01356
1.53467 0.994486 1.01053
1.53257 0.98994 1.01658
1.53444 0.992013 1.01382
1.53417 0.987629 1.01119
1.53245 0.985671 1.0138
1.53444 0.992013 1.01382
1.5361 0.994152 1.01097
1.5357 0.989647 1.0085
1.53417 0.987629 1.01119
1.5361 0.994152 1.01097
1.53752 0.99635 1.00805
1.537 0.99172 1.00574
1.5357 0.989647 1.0085
1.53752 0.99635 1.00805
1.5386 0.998616 1.00503
1.53799 0.993854 1.0029
1.537 0.99172 1.00574
1.5386 0.998616 1.00503
1.53902 1.00096 1.00191
1.53835 0.996055 0.999969
1.53799 0.993854 1.0029
1.53902 1.00096 1.00191
1.53756 1.00135 1.00139
1.53698 0.996411 0.999495
1.53835 0.996055 0.999969
1.53756 1.00135 1.00139
1.53658 0.999063 1.00443
1.5361 0.99426 1.00236
1.53698 0.996411 0.999495
1.53658 0.999063 1.00443
1.53565 0.99677 1.00749
1.53526 0.992102 1.00523
1.5361 0.99426 1.00236
1.53565 0.99677 1.00749
1.53467 0.994486 1.01053
1.53437 0.989951 1.0081
1.53526 0.992102 1.00523
1.53467 0.994486 1.01053
1.53363 0.99221 1.01356
1.53342 0.987808 1.01095
1.53437 0.989951 1.0081
1.53245 0.985671 1.0138
1.53417 0.987629 1.01119
1.53392 0.983237 1.00857
1.53233 0.981396 1.01102
1.53417 0.987629 1.01119
1.5357 0.989647 1.0085
1.53532 0.985132 1.00605
1.53392 0.983237 1.00857
1.5357 0.989647 1.0085
1.537 0.99172 1.00574
1.53651 0.987078 1.00346
1.53532 0.985132 1.00605
1.537 0.99172 1.00574
1.53799 0.993854 1.0029
1.5374 0.989079 1.00079
1.53651 0.987078 1.00346
1.53799 0.993854 1.0029
1.53835 0.996055 0.999969
1.53771 0.991139 0.998048
1.5374 0.989079 1.00079
1.53835 0.996055 0.999969
1.53698 0.996411 0.999495
1.53643 0.991463 0.997616
1.53771 0.991139 0.998048
1.53698 0.996411 0.999495
1.5361 0.99426 1.00236
1.53564 0.989446 1.0003
1.53643 0.991463 0.997616
1.5361 0.99426 1.00236
1.53526 0.992102 1.00523
1.53488 0.987424 1.003
1.53564 0.989446 1.0003
1.53526 0.992102 1.00523
1.53437 0.989951 1.0081
1.53408 0.985408 1.00568
1.53488 0.987424 1.003
1.53437 0.989951 1.0081
1.53342 0.987808 1.01095
1.53322 0.9834 1.00836
1.53408 0.985408 1.00568
1.53233 0.981396 1.01102
1.53392 0.983237 1.00857
1.53368 0.978839 1.00596
1.53223 0.977116 1.00826
1.53392 0.983237 1.00857
1.53532 0.985132 1.00605
1.53495 0.980611 1.0036
1.53368 0.978839 1.00596
1.53532 0.985132 1.00605
1.53651 0.987078 1.00346
1.53604 0.982429 1.00118
1.53495 0.980611 1.0036
1.53651 0.987078 1.00346
1.5374 0.989079 1.00079
1.53684 0.984298 0.998694
1.53604 0.982429 1.00118
1.5374 0.989079 1.00079
1.53771 0.991139 0.998048
1.53711 0.986219 0.996136
1.53684 0.984298 0.998694
1.53771 0.991139 0.998048
1.53643 0.991463 0.997616
1.53592 0.986514 0.995743
1.53711 0.986219 0.996136
1.53643 0.991463 0.997616
1.53564 0.989446 1.0003
1.53521 0.984631 0.998251
1.53592 0.986514 0.995743
1.53564 0.989446 1.0003
1.53488 0.987424 1.003
1.53453 0.982743 1.00077
1.53521 0.984631 0.998251
1.53488 0.987424 1.003
1.53408 0.985408 1.00568
1.5338 0.980861 1.00327
1.53453 0.982743 1.00077
1.53408 0.985408 1.00568
1.53322 0.9834 1.00836
1.53303 0.978987 1.00577
1.5338 0.980861 1.00327
1.53223 0.977116 1.00826
1.53368 0.978839 1.00596
1.53345 0.974435 1.00336
1.53212 0.972829 1.0055
1.53368 0.978839 1.00596
1.53495 0.980611 1.0036
1.53461 0.976086 1.00116
1.53345 0.974435 1.00336
1.53495 0.980611 1.0036
1.53604 0.982429 1.00118
1.53559 0.977778 0.998909
1.53461 0.976086 1.00116
1.53604 0.982429 1.00118
1.53684 0.984298 0.998694
1.53632 0.979516 0.996594
1.53559 0.977778 0.998909
1.53684 0.984298 0.998694
1.53711 0.986219 0.996136
1.53654 0.9813 0.994218
1.53632 0.979516 0.996594
1.53711 0.986219 0.996136
1.53592 0.986514 0.995743
1.53544 0.981567 0.993862
1.53654 0.9813 0.994218
1.53592 0.986514 0.995743
1.53521 0.984631 0.998251
1.5348 0.979816 0.996194
1.53544 0.981567 0.993862
1.53521 0.984631 0.998251
1.53453 0.982743 1.00077
1.53419 0.978061 0.998531
1.5348 0.979816 0.996194
1.53453 0.982743 1.00077
1.5338 0.980861 1.00327
1.53354 0.976312 1.00086
1.53419 0.978061 0.998531
1.5338 0.980861 1.00327
1.53303 0.978987 1.00577
1.53285 0.974569 1.00318
1.53354 0.976312 1.00086
1.53212 0.972829 1.0055
1.53345 0.974435 1.00336
1.53323 0.970028 1.00076
1.53202 0.968537 1.00275
1.53345 0.974435 1.00336
1.53461 0.976086 1.00116
1.53429 0.97156 0.998721
1.53323 0.970028 1.00076
1.53461 0.976086 1.00116
1.53559 0.977778 0.998909
1.53518 0.97313 0.996631
1.53429 0.97156 0.998721
1.53559 0.977778 0.998909
1.53632 0.979516 0.996594
1.53583 0.97474 0.994486
1.53518 0.97313 0.996631
1.53632 0.979516 0.996594
1.53654 0.9813 0.994218
1.53602 0.976391 0.992287
1.53583 0.97474 0.994486
1.53654 0.9813 0.994218
1.53544 0.981567 0.993862
1.53499 0.976634 0.991964
1.53602 0.976391 0.992287
1.53544 0.981567 0.993862
1.5348 0.979816 0.996194
1.53442 0.975011 0.994124
1.53499 0.976634 0.991964
1.5348 0.979816 0.996194
1.53419 0.978061 0.998531
1.53388 0.973385 0.99629
1.53442 0.975011 0.994124
1.53419 0.978061 0.998531
1.53354 0.976312 1.00086
1.5333 0.971764 0.998449
1.53388 0.973385 0.99629
1.53354 0.976312 1.00086
1.53285 0.974569 1.00318
1.53267 0.970149 1.0006
1.5333 0.971764 0.998449
1.53202 0.968537 1.00275
1.53323 0.970028 1.00076
1.53303 0.965619 0.998164
1.53193 0.96424 1
1.53323 0.970028 1.00076
1.53429 0.97156 0.998721
1.53399 0.967037 0.996276
1.53303 0.965619 0.998164
1.53429 0.97156 0.998721
1.53518 0.97313 0.996631
1.53479 0.968488 0.994343
1.53399 0.967037 0.996276
1.53518 0.97313 0.996631
1.53583 0.97474 0.994486
1.53537 0.969977 0.992361
1.53479 0.968488 0.994343
1.53583 0.97474 0.994486
1.53602 0.976391 0.992287
1.53553 0.971501 0.990331
1.53537 0.969977 0.992361
1.53602 0.976391 0.992287
1.53499 0.976634 0.991964
1.53458 0.971721 0.990038
1.53553 0.971501 0.990331
1.53499 0.976634 0.991964
1.53442 0.975011 0.994124
1.53407 0.970222 0.992034
1.53458 0.971721 0.990038
1.53442 0.975011 0.994124
1.53388 0.973385 0.99629
1.53359 0.968719 0.994035
1.53407 0.970222 0.992034
1.53388 0.973385 0.99629
1.5333 0.971764 0.998449
1.53307 0.967222 0.99603
1.53359 0.968719 0.994035
1.5333 0.971764 0.998449
1.53267 0.970149 1.0006
1.53251 0.965729 0.998018
1.53307 0.967222 0.99603
1.53193 0.96424 1
1.53303 0.965619 0.998164
1.53284 0.961215 0.995564
1.53184 0.959941 0.997262
1.53303 0.965619 0.998164
1.53399 0.967037 0.996276
1.5337 0.962525 0.993821
1.53284 0.961215 0.995564
1.53399 0.967037 0.996276
1.53479 0.968488 0.994343
1.53443 0.963864 0.992037
1.5337 0.962525 0.993821
1.53479 0.968488 0.994343
1.53537 0.969977 0.992361
1.53495 0.965237 0.990208
1.53443 0.963864 0.992037
1.53537 0.969977 0.992361
1.53553 0.971501 0.990331
1.53508 0.966641 0.988338
1.53495 0.965237 0.990208
1.53553 0.971501 0.990331
1.53458 0.971721 0.990038
1.53421 0.966841 0.988072
1.53508 0.966641 0.988338
1.53458 0.971721 0.990038
1.53407 0.970222 0.992034
1.53375 0.965458 0.989913
1.53421 0.966841 0.988072
1.53407 0.970222 0.992034
1.53359 0.968719 0.994035
1.53332 0.964073 0.991758
1.53375 0.965458 0.989913
1.53359 0.968719 0.994035
1.53307 0.967222 0.99603
1.53286 0.962692 0.993598
1.53332 0.964073 0.991758
1.53307 0.967222 0.99603
1.53251 0.965729 0.998018
1.53236 0.961315 0.995432
1.53286 0.962692 0.993598
1.53184 0.959941 0.997262
1.53284 0.961215 0.995564
1.53266 0.956999 0.993071
1.53175 0.955818 0.994644
1.53284 0.961215 0.995564
1.5337 0.962525 0.993821
1.53346 0.958211 0.991457
1.53266 0.956999 0.993071
1.5337 0.962525 0.993821
1.53443 0.963864 0.992037
1.53411 0.959451 0.989805
1.53346 0.958211 0.991457
1.53443 0.963864 0.992037
1.53495 0.965237 0.990208
1.53458 0.960721 0.988114
1.53411 0.959451 0.989805
1.53495 0.965237 0.990208
1.53508 0.966641 0.988338
1.53469 0.962018 0.986385
1.53458 0.960721 0.988114
1.53508 0.966641 0.988338
1.53421 0.966841 0.988072
1.53388 0.9622 0.986143
1.53469 0.962018 0.986385
1.53421 0.966841 0.988072
1.53375 0.965458 0.989913
1.53347 0.960922 0.987846
1.53388 0.9622 0.986143
1.53375 0.965458 0.989913
1.53332 0.964073 0.991758
1.53309 0.959641 0.989552
1.53347 0.960922 0.987846
1.53332 0.964073 0.991758
1.53286 0.962692 0.993598
1.53267 0.958363 0.991254
1.53309 0.959641 0.989552
1.53286 0.962692 0.993598
1.53236 0.961315 0.995432
1.53222 0.957089 0.992951
1.53267 0.958363 0.991254
1.53175 0.955818 0.994644
1.53266 0.956999 0.993071
1.53263 0.955979 0.992466
1.53173 0.95482 0.994009
1.53266 0.956999 0.993071
1.53346 0.958211 0.991457
1.5334 0.957169 0.990881
1.53263 0.955979 0.992466
1.53346 0.958211 0.991457
1.53411 0.959451 0.989805
1.53404 0.958386 0.989261
1.5334 0.957169 0.990881
1.53411 0.959451 0.989805
1.53458 0.960721 0.988114
1.5345 0.959632 0.987601
1.53404 0.958386 0.989261
1.53458 0.960721 0.988114
1.53469 0.962018 0.986385
1.5346 0.960905 0.985905
1.5345 0.959632 0.987601
1.53469 0.962018 0.986385
1.53388 0.9622 0.986143
1.5338 0.961083 0.985669
1.5346 0.960905 0.985905
1.53388 0.9622 0.986143
1.53347 0.960922 0.987846
1.53341 0.959828 0.98734
1.5338 0.961083 0.985669
1.53347 0.960922 0.987846
1.53309 0.959641 0.989552
1.53303 0.958571 0.989014
1.53341 0.959828 0.98734
1.53309 0.959641 0.989552
1.53267 0.958363 0.991254
1.53263 0.957317 0.990684
1.53303 0.958571 0.989014
1.53267 0.958363 0.991254
1.53222 0.957089 0.992951
1.53219 0.956068 0.992348
1.53263 0.957317 0.990684
1.53173 0.95482 0.994009
1.53263 0.955979 0.992466
1.53259 0.955144 0.991975
1.53172 0.954002 0.993496
1.53263 0.955979 0.992466
1.5334 0.957169 0.990881
1.53335 0.956315 0.990415
1.53259 0.955144 0.991975
1.5334 0.957169 0.990881
1.53404 0.958386 0.989261
1.53398 0.957513 0.988819
1.53335 0.956315 0.990415
1.53404 0.958386 0.989261
1.5345 0.959632 0.987601
1.53443 0.95874 0.987185
1.53398 0.957513 0.988819
1.5345 0.959632 0.987601
1.5346 0.960905 0.985905
1.53453 0.959994 0.985516
1.53443 0.95874 0.987185
1.5346 0.960905 0.985905
1.5338 0.961083 0.985669
1.53374 0.960168 0.985283
1.53453 0.959994 0.985516
1.5338 0.961083 0.985669
1.53341 0.959828 0.98734
1.53335 0.958933 0.986928
1.53374 0.960168 0.985283
1.53341 0.959828 0.98734
1.53303 0.958571 0.989014
1.53299 0.957695 0.988577
1.53335 0.958933 0.986928
1.53303 0.958571 0.989014
1.53263 0.957317 0.990684
1.53259 0.956461 0.990221
1.53299 0.957695 0.988577
1.53263 0.957317 0.990684
1.53219 0.956068 0.992348
1.53216 0.95523 0.99186
1.53259 0.956461 0.990221
1.53172 0.954002 0.993496
1.53259 0.955144 0.991975
1.53254 0.954262 0.99155
1.53168 0.953148 0.993034
1.53259 0.955144 0.991975
1.53335 0.956315 0.990415
1.53328 0.955406 0.990027
1.53254 0.954262 0.99155
1.53335 0.956315 0.990415
1.53398 0.957513 0.988819
1.53389 0.956575 0.988469
1.53328 0.955406 0.990027
1.53398 0.957513 0.988819
1.53443 0.95874 0.987185
1.53433 0.957773 0.986874
1.53389 0.956575 0.988469
1.53443 0.95874 0.987185
1.53453 0.959994 0.985516
1.53442 0.958996 0.985246
1.53433 0.957773 0.986874
1.53453 0.959994 0.985516
1.53374 0.960168 0.985283
1.53365 0.959166 0.985019
1.53442 0.958996 0.985246
1.53374 0.960168 0.985283
1.53335 0.958933 0.986928
1.53327 0.957961 0.986625
1.53365 0.959166 0.985019
1.53335 0.958933 0.986928
1.53299 0.957695 0.988577
1.53292 0.956753 0.988233
1.53327 0.957961 0.986625
1.53299 0.957695 0.988577
1.53259 0.956461 0.990221
1.53253 0.955548 0.989838
1.53292 0.956753 0.988233
1.53259 0.956461 0.990221
1.53216 0.95523 0.99186
1.53212 0.954347 0.991438
1.53253 0.955548 0.989838
1.53168 0.953148 0.993034
1.53254 0.954262 0.99155
1.53245 0.953306 0.991221
1.53163 0.952232 0.992651
1.53254 0.954262 0.99155
1.53328 0.955406 0.990027
1.53316 0.954408 0.989753
1.53245 0.953306 0.991221
1.53328 0.955406 0.990027
1.53389 0.956575 0.988469
1.53375 0.955535 0.988252
1.53316 0.954408 0.989753
1.53389 0.956575 0.988469
1.53433 0.957773 0.986874
1.53417 0.956689 0.986715
1.53375 0.955535 0.988252
1.53433 0.957773 0.986874
1.53442 0.958996 0.985246
1.53426 0.957868 0.985145
1.53417 0.956689 0.986715
1.53442 0.958996 0.985246
1.53365 0.959166 0.985019
1.53352 0.958031 0.984927
1.53426 0.957868 0.985145
1.53365 0.959166 0.985019
1.53327 0.957961 0.986625
1.53316 0.95687 0.986474
1.53352 0.958031 0.984927
1.53327 0.957961 0.986625
1.53292 0.956753 0.988233
1.53281 0.955705 0.988025
1.53316 0.95687 0.986474
1.53292 0.956753 0.988233
1.53253 0.955548 0.989838
1.53245 0.954544 0.989571
1.53281 0.955705 0.988025
1.53253 0.955548 0.989838
1.53212 0.954347 0.991438
1.53205 0.953387 0.991113
1.53245 0.954544 0.989571
1.53163 0.952232 0.992651
1.53245 0.953306 0.991221
1.53233 0.952267 0.991001
1.53156 0.951249 0.992357
1.53245 0.953306 0.991221
1.53316 0.954408 0.989753
1.533 0.953312 0.98961
1.53233 0.952267 0.991001
1.53316 0.954408 0.989753
1.53375 0.955535 0.988252
1.53356 0.95438 0.988187
1.533 0.953312 0.98961
1.53375 0.955535 0.988252
1.53417 0.956689 0.986715
1.53395 0.955473 0.986731
1.53356 0.95438 0.988187
1.53417 0.956689 0.986715
1.53426 0.957868 0.985145
1.53403 0.956589 0.985244
1.53395 0.955473 0.986731
1.53426 0.957868 0.985145
1.53352 0.958031 0.984927
1.53333 0.956744 0.985038
1.53403 0.956589 0.985244
1.53352 0.958031 0.984927
1.53316 0.95687 0.986474
1.53299 0.955643 0.986504
1.53333 0.956744 0.985038
1.53316 0.95687 0.986474
1.53281 0.955705 0.988025
1.53267 0.954541 0.987973
1.53299 0.955643 0.986504
1.53281 0.955705 0.988025
1.53245 0.954544 0.989571
1.53232 0.95344 0.989438
1.53267 0.954541 0.987973
1.53245 0.954544 0.989571
1.53205 0.953387 0.991113
1.53195 0.952344 0.990899
1.53232 0.95344 0.989438
1.53156 0.951249 0.992357
1.53233 0.952267 0.991001
1.53217 0.951123 0.990921
1.53145 0.950181 0.992176
1.53233 0.952267 0.991001
1.533 0.953312 0.98961
1.53278 0.95209 0.989633
1.53217 0.951123 0.990921
1.533 0.953312 0.98961
1.53356 0.95438 0.988187
1.5333 0.953079 0.988316
1.53278 0.95209 0.989633
1.53356 0.95438 0.988187
1.53395 0.955473 0.986731
1.53366 0.954091 0.986968
1.5333 0.953079 0.988316
1.53395 0.955473 0.986731
1.53403 0.956589 0.985244
1.53373 0.955124 0.985592
1.53366 0.954091 0.986968
1.53403 0.956589 0.985244
1.53333 0.956744 0.985038
1.53308 0.955267 0.985402
1.53373 0.955124 0.985592
1.53333 0.956744 0.985038
1.53299 0.955643 0.986504
1.53277 0.954248 0.986759
1.53308 0.955267 0.985402
1.53299 0.955643 0.986504
1.53267 0.954541 0.987973
1.53247 0.953228 0.988118
1.53277 0.954248 0.986759
1.53267 0.954541 0.987973
1.53232 0.95344 0.989438
1.53216 0.952209 0.989475
1.53247 0.953228 0.988118
1.53232 0.95344 0.989438
1.53195 0.952344 0.990899
1.53181 0.951194 0.990827
1.53216 0.952209 0.989475
1.53145 0.950181 0.992176
1.53217 0.951123 0.990921
1.53194 0.949836 0.991033
1.5313 0.948996 0.992151
1.53217 0.951123 0.990921
1.53278 0.95209 0.989633
1.53249 0.950697 0.989886
1.53194 0.949836 0.991033
1.53278 0.95209 0.989633
1.5333 0.953079 0.988316
1.53294 0.951577 0.988713
1.53249 0.950697 0.989886
1.5333 0.953079 0.988316
1.53366 0.954091 0.986968
1.53326 0.952479 0.987512
1.53294 0.951577 0.988713
1.53366 0.954091 0.986968
1.53373 0.955124 0.985592
1.53333 0.953399 0.986287
1.53326 0.952479 0.987512
1.53373 0.955124 0.985592
1.53308 0.955267 0.985402
1.53275 0.953525 0.986118
1.53333 0.953399 0.986287
1.53308 0.955267 0.985402
1.53277 0.954248 0.986759
1.53247 0.952618 0.987327
1.53275 0.953525 0.986118
1.53277 0.954248 0.986759
1.53247 0.953228 0.988118
1.53221 0.951709 0.988537
1.53247 0.952618 0.987327
1.53247 0.953228 0.988118
1.53216 0.952209 0.989475
1.53193 0.950803 0.989745
1.53221 0.951709 0.988537
1.53216 0.952209 0.989475
1.53181 0.951194 0.990827
1.53162 0.949899 0.990949
1.53193 0.950803 0.989745
1.5313 0.948996 0.992151
1.53194 0.949836 0.991033
1.5316 0.94829 0.991492
1.53108 0.947603 0.992408
1.53194 0.949836 0.991033
1.53249 0.950697 0.989886
1.53205 0.948995 0.990553
1.5316 0.94829 0.991492
1.53249 0.950697 0.989886
1.53294 0.951577 0.988713
1.53242 0.949716 0.989593
1.53205 0.948995 0.990553
1.53294 0.951577 0.988713
1.53326 0.952479 0.987512
1.53268 0.950454 0.988611
1.53242 0.949716 0.989593
1.53326 0.952479 0.987512
1.53333 0.953399 0.986287
1.53273 0.951206 0.987608
1.53268 0.950454 0.988611
1.53333 0.953399 0.986287
1.53275 0.953525 0.986118
1.53226 0.95131 0.98747
1.53273 0.951206 0.987608
1.53275 0.953525 0.986118
1.53247 0.952618 0.987327
1.53203 0.950568 0.988459
1.53226 0.95131 0.98747
1.53247 0.952618 0.987327
1.53221 0.951709 0.988537
1.53182 0.949824 0.98945
1.53203 0.950568 0.988459
1.53221 0.951709 0.988537
1.53193 0.950803 0.989745
1.53159 0.949081 0.990438
1.53182 0.949824 0.98945
1.53193 0.950803 0.989745
1.53162 0.949899 0.990949
1.53134 0.948341 0.991424
1.53159 0.949081 0.990438
1.53108 0.947603 0.992408
1.5316 0.94829 0.991492
1.53093 0.945972 0.992977
1.53064 0.945584 0.993493
1.5316 0.94829 0.991492
1.53205 0.948995 0.990553
1.53118 0.946369 0.992447
1.53093 0.945972 0.992977
1.53205 0.948995 0.990553
1.53242 0.949716 0.989593
1.53139 0.946776 0.991906
1.53118 0.946369 0.992447
1.53242 0.949716 0.989593
1.53268 0.950454 0.988611
1.53154 0.947192 0.991352
1.53139 0.946776 0.991906
1.53268 0.950454 0.988611
1.53273 0.951206 0.987608
1.53156 0.947616 0.990787
1.53154 0.947192 0.991352
1.53273 0.951206 0.987608
1.53226 0.95131 0.98747
1.5313 0.947674 0.990709
1.53156 0.947616 0.990787
1.53226 0.95131 0.98747
1.53203 0.950568 0.988459
1.53117 0.947256 0.991267
1.5313 0.947674 0.990709
1.53203 0.950568 0.988459
1.53182 0.949824 0.98945
1.53105 0.946836 0.991825
1.53117 0.947256 0.991267
1.53182 0.949824 0.98945
1.53159 0.949081 0.990438
1.53092 0.946418 0.992383
1.53105 0.946836 0.991825
1.53159 0.949081 0.990438
1.53134 0.948341 0.991424
1.53078 0.946001 0.992938
1.53092 0.946418 0.992383
1.53064 0.945584 0.993493
1.53093 0.945972 0.992977
1.53018 0.943532 0.994784
1.53014 0.943481 0.994851
1.53093 0.945972 0.992977
1.53118 0.946369 0.992447
1.53021 0.943584 0.994714
1.53018 0.943532 0.994784
1.53118 0.946369 0.992447
1.53139 0.946776 0.991906
1.53024 0.943638 0.994643
1.53021 0.943584 0.994714
1.53139 0.946776 0.991906
1.53154 0.947192 0.991352
1.53026 0.943692 0.99457
1.53024 0.943638 0.994643
1.53154 0.947192 0.991352
1.53156 0.947616 0.990787
1.53026 0.943748 0.994496
1.53026 0.943692 0.99457
1.53156 0.947616 0.990787
1.5313 0.947674 0.990709
1.53023 0.943755 0.994486
1.53026 0.943748 0.994496
1.5313 0.947674 0.990709
1.53117 0.947256 0.991267
1.53021 0.943701 0.994559
1.53023 0.943755 0.994486
1.53117 0.947256 0.991267
1.53105 0.946836 0.991825
1.53019 0.943645 0.994632
1.53021 0.943701 0.994559
1.53105 0.946836 0.991825
1.53092 0.946418 0.992383
1.53018 0.943591 0.994706
1.53019 0.943645 0.994632
1.53092 0.946418 0.992383
1.53078 0.946001 0.992938
1.53016 0.943536 0.994779
1.53018 0.943591 0.994706
1.53986 1.08039 1.07901
1.53634 1.07862 1.08138
1.53631 1.07621 1.07933
1.53988 1.07811 1.0768
1.53988 1.07811 1.0768
1.53631 1.07621 1.07933
1.5362 1.07241 1.0761
1.53982 1.0745 1.07332
1.53982 1.0745 1.07332
1.5362 1.07241 1.0761
1.53601 1.06851 1.07283
1.53961 1.07081 1.06977
1.53961 1.07081 1.06977
1.53601 1.06851 1.07283
1.53577 1.06457 1.0696
1.53932 1.06707 1.06629
1.53932 1.06707 1.06629
1.53577 1.06457 1.0696
1.53553 1.0606 1.06643
1.539 1.06326 1.06288
1.539 1.06326 1.06288
1.53553 1.0606 1.06643
1.53529 1.0566 1.06329
1.53867 1.0594 1.05956
1.53867 1.0594 1.05956
1.53529 1.0566 1.06329
1.53506 1.05257 1.06019
1.53832 1.05549 1.05631
1.53832 1.05549 1.05631
1.53506 1.05257 1.06019
1.53484 1.04851 1.05713
1.53796 1.05152 1.05312
1.53796 1.05152 1.05312
1.53484 1.04851 1.05713
1.53463 1.04443 1.05409
1.5376 1.0475 1.05
1.5376 1.0475 1.05
1.53463 1.04443 1.05409
1.53443 1.04033 1.05109
1.53724 1.04344 1.04694
1.53724 1.04344 1.04694
1.53443 1.04033 1.05109
1.53423 1.03621 1.04811
1.53688 1.03934 1.04393
1.53688 1.03934 1.04393
1.53423 1.03621 1.04811
1.53405 1.03207 1.04515
1.53653 1.0352 1.04098
1.53653 1.0352 1.04098
1.53405 1.03207 1.04515
1.53387 1.02791 1.04222
1.53619 1.03102 1.03808
1.53619 1.03102 1.03808
1.53387 1.02791 1.04222
1.5337 1.02374 1.03931
1.53585 1.02681 1.03522
1.53585 1.02681 1.03522
1.5337 1.02374 1.03931
1.53354 1.01956 1.03641
1.53553 1.02257 1.0324
1.53553 1.02257 1.0324
1.53354 1.01956 1.03641
1.53338 1.01536 1.03354
1.53522 1.0183 1.02962
1.53522 1.0183 1.02962
1.53338 1.01536 1.03354
1.53323 1.01115 1.03068
1.53492 1.014 1.02688
1.53492 1.014 1.02688
1.53323 1.01115 1.03068
1.53309 1.00693 1.02783
1.53463 1.00968 1.02417
1.53463 1.00968 1.02417
1.53309 1.00693 1.02783
1.53295 1.00269 1.025
1.53435 1.00534 1.02148
1.53435 1.00534 1.02148
1.53295 1.00269 1.025
1.53282 0.99845 1.02218
1.53409 1.00098 1.01882
1.53409 1.00098 1.01882
1.53282 0.99845 1.02218
1.53269 0.9942 1.01938
1.53386 0.9966 1.01618
1.53386 0.9966 1.01618
1.53269 0.9942 1.01938
1.53257 0.98994 1.01658
1.53363 0.99221 1.01356
1.53363 0.99221 1.01356
1.53257 0.98994 1.01658
1.53245 0.985671 1.0138
1.53342 0.987808 1.01095
1.53342 0.987808 1.01095
1.53245 0.985671 1.0138
1.53233 0.981396 1.01102
1.53322 0.9834 1.00836
1.53322 0.9834 1.00836
1.53233 0.981396 1.01102
1.53223 0.977116 1.00826
1.53303 0.978987 1.00577
1.53303 0.978987 1.00577
1.53223 0.977116 1.00826
1.53212 0.972829 1.0055
1.53285 0.974569 1.00318
1.53285 0.974569 1.00318
1.53212 0.972829 1.0055
1.53202 0.968537 1.00275
1.53267 0.970149 1.0006
1.53267 0.970149 1.0006
1.53202 0.968537 1.00275
1.53193 0.96424 1
1.53251 0.965729 0.998018
1.53251 0.965729 0.998018
1.53193 0.96424 1
1.53184 0.959941 0.997262
1.53236 0.961315 0.995432
1.53236 0.961315 0.995432
1.53184 0.959941 0.997262
1.53175 0.955818 0.994644
1.53222 0.957089 0.992951
1.53222 0.957089 0.992951
1.53175 0.955818 0.994644
1.53173 0.95482 0.994009
1.53219 0.956068 0.992348
1.53219 0.956068 0.992348
1.53173 0.95482 0.994009
1.53172 0.954002 0.993496
1.53216 0.95523 0.99186
1.53216 0.95523 0.99186
1.53172 0.954002 0.993496
1.53168 0.953148 0.993034
1.53212 0.954347 0.991438
1.53212 0.954347 0.991438
1.53168 0.953148 0.993034
1.53163 0.952232 0.992651
1.53205 0.953387 0.991113
1.53205 0.953387 0.991113
1.53163 0.952232 0.992651
1.53156 0.951249 0.992357
1.53195 0.952344 0.990899
1.53195 0.952344 0.990899
1.53156 0.951249 0.992357
1.53145 0.950181 0.992176
1.53181 0.951194 0.990827
1.53181 0.951194 0.990827
1.53145 0.950181 0.992176
1.5313 0.948996 0.992151
1.53162 0.949899 0.990949
1.53162 0.949899 0.990949
1.5313 0.948996 0.992151
1.53108 0.947603 0.992408
1.53134 0.948341 0.991424
1.53134 0.948341 0.991424
1.53108 0.947603 0.992408
1.53064 0.945584 0.993493
1.53078 0.946001 0.992938
1.53078 0.946001 0.992938
1.53064 0.945584 0.993493
1.53014 0.943481 0.994851
1.53016 0.943536 0.994779
1.5319 1.1008 1.1026
1.5319 1.1008 1.1026
1.5319 1.1008 1.1026
1.5319 1.1008 1.1026
1.5319 1.1008 1.1026
1.5319 1.1008 1.1026
1.5319 1.1008 1.1026
1.5319 1.1008 1.1026
1.5319 1.1008 1.1026
1.5319 1.1008 1.1026
1.5319 1.1008 1.1026
1.5319 1.1008 1.1026
1.5319 1.1008 1.1026
1.5319 1.1008 1.1026
1.5319 1.1008 1.1026
1.5319 1.1008 1.1026
1.5319 1.1008 1.1026
1.5319 1.1008 1.1026
1.5319 1.1008 1.1026
1.5319 1.1008 1.1026
1.5319 1.1008 1.1026
1.5319 1.1008 1.1026
1.5319 1.1008 1.1026
1.5319 1.1008 1.1026
1.5319 1.1008 1.1026
1.5319 1.1008 1.1026
1.5319 1.1008 1.1026
1.5319 1.1008 1.1026
1.5319 1.1008 1.1026
1.5319 1.1008 1.1026
1.5319 1.1008 1.1026
1.5319 1.1008 1.1026
1.5319 1.1008 1.1026
1.5319 1.1008 1.1026
1.5319 1.1008 1.1026
1.5319 1.1008 1.1026
1.5319 1.1008 1.1026
1.5319 1.1008 1.1026
1.5319 1.1008 1.1026
1.5319 1.1008 1.1026
1.5319 1.1008 1.1026
1.5319 1.1008 1.1026
1.5319 1.1008 1.1026
1.5319 1.1008 1.1026
1.5319 1.1008 1.1026
1.5319 1.1008 1.1026
1.5319 1.1008 1.1026
1.5319 1.1008 1.1026
1.5319 1.1008 1.1026
1.5319 1.1008 1.1026
1.5319 1.1008 1.1026
1.5319 1.1008 1.1026
1.5319 1.1008 1.1026
1.5319 1.1008 1.1026
1.5319 1.1008 1.1026
1.5319 1.1008 1.1026
1.5319 1.1008 1.1026
1.5319 1.1008 1.1026
1.5319 1.1008 1.1026
1.5319 1.1008 1.1026
1.5319 1.1008 1.1026
1.5319 1.1008 1.1026
1.5319 1.1008 1.1026
1.5319 1.1008 1.1026
1.5319 1.1008 1.1026
1.5319 1.1008 1.1026
1.5319 1.1008 1.1026
1.5319 1.1008 1.1026
1.5319 1.1008 1.1026
1.5319 1.1008 1.1026
1.5319 1.1008 1.1026
1.5319 1.1008 1.1026
1.5319 1.1008 1.1026
1.5319 1.1008 1.1026
1.5319 1.1008 1.1026
1.5319 1.1008 1.1026
1.5319 1.1008 1.1026
1.5319 1.1008 1.1026
1.5319 1.1008 1.1026
1.5319 1.1008 1.1026
1.5319 1.1008 1.1026
1.5319 1.1008 1.1026
1.5319 1.1008 1.1026
1.5319 1.1008 1.1026
1.5319 1.1008 1.1026
1.5319 1.1008 1.1026
1.5319 1.1008 1.1026
1.5319 1.1008 1.1026
CELLS 924 4620
4 0 1 2 3
4 4 5 6 7
4 8 9 10 11
4 12 13 14 15
4 16 17 18 19
4 20 21 22 23
4 24 25 26 27
4 28 29 30 31
4 32 33 34 35
4 36 37 38 39
4 40 41 42 43
4 44 45 46 47
4 48 49 50 51
4 52 53 54 55
4 56 57 58 59
4 60 61 62 63
4 64 65 66 67
4 68 69 70 71
4 72 73 74 75
4 76 77 78 79
4 80 81 82 83
4 84 85 86 87
4 88 89 90 91
4 92 93 94 95
4 96 97 98 99
4 100 101 102 103
4 104 105 106 107
4 108 109 110 111
4 112 113 114 115
4 116 117 118 119
4 120 121 122 123
4 124 125 126 127
4 128 129 130 131
4 132 133 134 135
4 136 137 138 139
4 140 141 142 143
4 144 145 146 147
4 148 149 150 151
4 152 153 154 155
4 156 157 158 159
4 160 161 162 163
4 164 165 166 167
4 168 169 170 171
4 172 173 174 175
4 176 177 178 179
4 180 181 182 183
4 184 185 186 187
4 188 189 190 191
4 192 193 194 195
4 196 197 198 199
4 200 201 202 203
4 204 205 206 207
4 208 209 210 211
4 212 213 214 215
4 216 217 218 219
4 220 221 222 223
4 224 225 226 227
4 228 229 230 231
4 232 233 234 235
4 236 237 238 239
4 240 241 242 243
4 244 245 246 247
4 248 249 250 251
4 252 253 254 255
4 256 257 258 259
4 260 261 262 263
4 264 265 266 267
4 268 269 270 271
4 272 273 274 275
4 276 277 278 279
4 280 281 282 283
4 284 285 286 287
4 288 289 290 291
4 292 293 294 295
4 296 297 298 299
4 300 301 302 303
4 304 305 306 307
4 308 309 310 311
4 312 313 314 315
4 316 317 318 319
4 320 321 322 323
4 324 325 326 327
4 328 329 330 331
4 332 333 334 335
4 336 337 338 339
4 340 341 342 343
4 344 345 346 347
4 348 349 350 351
4 352 353 354 355
4 356 357 358 359
4 360 361 362 363
4 364 365 366 367
4 368 369 370 371
4 372 373 374 375
4 376 377 378 379
4 380 381 382 383
4 384 385 386 387
4 388 389 390 391
4 392 393 394 395
4 396 397 398 399
4 400 401 402 403
4 404 405 406 407
4 408 409 410 411
4 412 413 414 415
4 416 417 418 419
4 420 421 422 423
4 424 425 426 427
4 428 429 430 431
4 432 433 434 435
4 436 437 438 439
4 440 441 442 443
4 444 445 446 447
4 448 449 450 451
4 452 453 454 455
4 456 457 458 459
4 460 461 462 463
4 464 465 466 467
4 468 469 470 471
4 472 473 474 475
4 476 477 478 479
4 480 481 482 483
4 484 485 486 487
4 488 489 490 491
4 492 493 494 495
4 496 497 498 499
4 500 501 502 503
4 504 505 506 507
4 508 509 510 511
4 512 513 514 515
4 516 517 518 519
4 520 521 522 523
4 524 525 526 527
4 528 529 530 531
4 532 533 534 535
4 536 537 538 539
4 540 541 542 543
4 544 545 546 547
4 548 549 550 551
4 552 553 554 555
4 556 557 558 559
4 560 561 562 563
4 564 565 566 567
4 568 569 570 571
4 572 573 574 575
4 576 577 578 579
4 580 581 582 583
4 584 585 586 587
4 588 589 590 591
4 592 593 594 595
4 596 597 598 599
4 600 601 602 603
4 604 605 606 607
4 608 609 610 611
4 612 613 614 615
4 616 617 618 619
4 620 621 622 623
4 624 625 626 627
4 628 629 630 631
4 632 633 634 635
4 636 637 638 639
4 640 641 642 643
4 644 645 646 647
4 648 649 650 651
4 652 653 654 655
4 656 657 658 659
4 660 661 662 663
4 664 665 666 667
4 668 669 670 671
4 672 673 674 675
4 676 677 678 679
4 680 681 682 683
4 684 685 686 687
4 688 689 690 691
4 692 693 694 695
4 696 697 698 699
4 700 701 702 703
4 704 705 706 707
4 708 709 710 711
4 712 713 714 715
4 716 717 718 719
4 720 721 722 723
4 724 725 726 727
4 728 729 730 731
4 732 733 734 735
4 736 737 738 739
4 740 741 742 743
4 744 745 746 747
4 748 749 750 751
4 752 753 754 755
4 756 757 758 759
4 760 761 762 763
4 764 765 766 767
4 768 769 770 771
4 772 773 774 775
4 776 777 778 779
4 780 781 782 783
4 784 785 786 787
4 788 789 790 791
4 792 793 794 795
4 796 797 798 799
4 800 801 802 803
4 804 805 806 807
4 808 809 810 811
4 812 813 814 815
4 816 817 818 819
4 820 821 822 823
4 824 825 826 827
4 828 829 830 831
4 832 833 834 835
4 836 837 838 839
4 840 841 842 843
4 844 845 846 847
4 848 849 850 851
4 852 853 854 855
4 856 857 858 859
4 860 861 862 863
4 864 865 866 867
4 868 869 870 871
4 872 873 874 875
4 876 877 878 879
4 880 881 882 883
4 884 885 886 887
4 888 889 890 891
4 892 893 894 895
4 896 897 898 899
4 900 901 902 903
4 904 905 906 907
4 908 909 910 911
4 912 913 914 915
4 916 917 918 919
4 920 921 922 923
4 924 925 926 927
4 928 929 930 931
4 932 933 934 935
4 936 937 938 939
4 940 941 942 943
4 944 945 946 947
4 948 949 950 951
4 952 953 954 955
4 956 957 958 959
4 960 961 962 963
4 964 965 966 967
4 968 969 970 971
4 972 973 974 975
4 976 977 978 979
4 980 981 982 983
4 984 985 986 987
4 988 989 990 991
4 992 993 994 995
4 996 997 998 999
4 1000 1001 1002 1003
4 1004 1005 1006 1007
4 1008 1009 1010 1011
4 1012 1013 1014 1015
4 1016 1017 1018 1019
4 1020 1021 1022 1023
4 1024 1025 1026 1027
4 1028 1029 1030 1031
4 1032 1033 1034 1035
4 1036 1037 1038 1039
4 1040 1041 1042 1043
4 1044 1045 1046 1047
4 1048 1049 1050 1051
4 1052 1053 1054 1055
4 1056 1057 1058 1059
4 1060 1061 1062 1063
4 1064 1065 1066 1067
4 1068 1069 1070 1071
4 1072 1073 1074 1075
4 1076 1077 1078 1079
4 1080 1081 1082 1083
4 1084 1085 1086 1087
4 1088 1089 1090 1091
4 1092 1093 1094 1095
4 1096 1097 1098 1099
4 1100 1101 1102 1103
4 1104 1105 1106 1107
4 1108 1109 1110 1111
4 1112 1113 1114 1115
4 1116 1117 1118 1119
4 1120 1121 1122 1123
4 1124 1125 1126 1127
4 1128 1129 1130 1131
4 1132 1133 1134 1135
4 1136 1137 1138 1139
4 1140 1141 1142 1143
4 1144 1145 1146 1147
4 1148 1149 1150 1151
4 1152 1153 1154 1155
4 1156 1157 1158 1159
4 1160 1161 1162 1163
4 1164 1165 1166 1167
4 1168 1169 1170 1171
4 1172 1173 1174 1175
4 1176 1177 1178 1179
4 1180 1181 1182 1183
4 1184 1185 1186 1187
4 1188 1189 1190 1191
4 1192 1193 1194 1195
4 1196 1197 1198 1199
4 1200 1201 1202 1203
4 1204 1205 1206 1207
4 1208 1209 1210 1211
4 1212 1213 1214 1215
4 1216 1217 1218 1219
4 1220 1221 1222 1223
4 1224 1225 1226 1227
4 1228 1229 1230 1231
4 1232 1233 1234 1235
4 1236 1237 1238 1239
4 1240 1241 1242 1243
4 1244 1245 1246 1247
4 1248 1249 1250 1251
4 1252 1253 1254 1255
4 1256 1257 1258 1259
4 1260 1261 1262 1263
4 1264 1265 1266 1267
4 1268 1269 1270 1271
4 1272 1273 1274 1275
4 1276 1277 1278 1279
4 1280 1281 1282 1283
4 1284 1285 1286 1287
4 1288 1289 1290 1291
4 1292 1293 1294 1295
4 1296 1297 1298 1299
4 1300 1301 1302 1303
4 1304 1305 1306 1307
4 1308 1309 1310 1311
4 1312 1313 1314 1315
4 1316 1317 1318 1319
4 1320 1321 1322 1323
4 1324 1325 1326 1327
4 1328 1329 1330 1331
4 1332 1333 1334 1335
4 1336 1337 1338 1339
4 1340 1341 1342 1343
4 1344 1345 1346 1347
4 1348 1349 1350 1351
4 1352 1353 1354 1355
4 1356 1357 1358 1359
4 1360 1361 1362 1363
4 1364 1365 1366 1367
4 1368 1369 1370 1371
4 1372 1373 1374 1375
4 1376 1377 1378 1379
4 1380 1381 1382 1383
4 1384 1385 1386 1387
4 1388 1389 1390 1391
4 1392 1393 1394 1395
4 1396 1397 1398 1399
4 1400 1401 1402 1403
4 1404 1405 1406 1407
4 1408 1409 1410 1411
4 1412 1413 1414 1415
4 1416 1417 1418 1419
4 1420 1421 1422 1423
4 1424 1425 1426 1427
4 1428 1429 1430 1431
4 1432 1433 1434 1435
4 1436 1437 1438 1439
4 1440 1441 1442 1443
4 1444 1445 1446 1447
4 1448 1449 1450 1451
4 1452 1453 1454 1455
4 1456 1457 1458 1459
4 1460 1461 1462 1463
4 1464 1465 1466 1467
4 1468 1469 1470 1471
4 1472 1473 1474 1475
4 1476 1477 1478 1479
4 1480 1481 1482 1483
4 1484 1485 1486 1487
4 1488 1489 1490 1491
4 1492 1493 1494 1495
4 1496 1497 1498 1499
4 1500 1501 1502 1503
4 1504 1505 1506 1507
4 1508 1509 1510 1511
4 1512 1513 1514 1515
4 1516 1517 1518 1519
4 1520 1521 1522 1523
4 1524 1525 1526 1527
4 1528 1529 1530 1531
4 1532 1533 1534 1535
4 1536 1537 1538 1539
4 1540 1541 1542 1543
4 1544 1545 1546 1547
4 1548 1549 1550 1551
4 1552 1553 1554 1555
4 1556 1557 1558 1559
4 1560 1561 1562 1563
4 1564 1565 1566 1567
4 1568 1569 1570 1571
4 1572 1573 1574 1575
4 1576 1577 1578 1579
4 1580 1581 1582 1583
4 1584 1585 1586 1587
4 1588 1589 1590 1591
4 1592 1593 1594 1595
4 1596 1597 1598 1599
4 1600 1601 1602 1603
4 1604 1605 1606 1607
4 1608 1609 1610 1611
4 1612 1613 1614 1615
4 1616 1617 1618 1619
4 1620 1621 1622 1623
4 1624 1625 1626 1627
4 1628 1629 1630 1631
4 1632 1633 1634 1635
4 1636 1637 1638 1639
4 1640 1641 1642 1643
4 1644 1645 1646 1647
4 1648 1649 1650 1651
4 1652 1653 1654 1655
4 1656 1657 1658 1659
4 1660 1661 1662 1663
4 1664 1665 1666 1667
4 1668 1669 1670 1671
4 1672 1673 1674 1675
4 1676 1677 1678 1679
4 1680 1681 1682 1683
4 1684 1685 1686 1687
4 1688 1689 1690 1691
4 1692 1693 1694 1695
4 1696 1697 1698 1699
4 1700 1701 1702 1703
4 1704 1705 1706 1707
4 1708 1709 1710 1711
4 1712 1713 1714 1715
4 1716 1717 1718 1719
4 1720 1721 1722 1723
4 1724 1725 1726 1727
4 1728 1729 1730 1731
4 1732 1733 1734 1735
4 1736 1737 1738 1739
4 1740 1741 1742 1743
4 1744 1745 1746 1747
4 1748 1749 1750 1751
4 1752 1753 1754 1755
4 1756 1757 1758 1759
4 1760 1761 1762 1763
4 1764 1765 1766 1767
4 1768 1769 1770 1771
4 1772 1773 1774 1775
4 1776 1777 1778 1779
4 1780 1781 1782 1783
4 1784 1785 1786 1787
4 1788 1789 1790 1791
4 1792 1793 1794 1795
4 1796 1797 1798 1799
4 1800 1801 1802 1803
4 1804 1805 1806 1807
4 1808 1809 1810 1811
4 1812 1813 1814 1815
4 1816 1817 1818 1819
4 1820 1821 1822 1823
4 1824 1825 1826 1827
4 1828 1829 1830 1831
4 1832 1833 1834 1835
4 1836 1837 1838 1839
4 1840 1841 1842 1843
4 1844 1845 1846 1847
4 1848 1849 1850 1851
4 1852 1853 1854 1855
4 1856 1857 1858 1859
4 1860 1861 1862 1863
4 1864 1865 1866 1867
4 1868 1869 1870 1871
4 1872 1873 1874 1875
4 1876 1877 1878 1879
4 1880 1881 1882 1883
4 1884 1885 1886 1887
4 1888 1889 1890 1891
4 1892 1893 1894 1895
4 1896 1897 1898 1899
4 1900 1901 1902 1903
4 1904 1905 1906 1907
4 1908 1909 1910 1911
4 1912 1913 1914 1915
4 1916 1917 1918 1919
4 1920 1921 1922 1923
4 1924 1925 1926 1927
4 1928 1929 1930 1931
4 1932 1933 1934 1935
4 1936 1937 1938 1939
4 1940 1941 1942 1943
4 1944 1945 1946 1947
4 1948 1949 1950 1951
4 1952 1953 1954 1955
4 1956 1957 1958 1959
4 1960 1961 1962 1963
4 1964 1965 1966 1967
4 1968 1969 1970 1971
4 1972 1973 1974 1975
4 1976 1977 1978 1979
4 1980 1981 1982 1983
4 1984 1985 1986 1987
4 1988 1989 1990 1991
4 1992 1993 1994 1995
4 1996 1997 1998 1999
4 2000 2001 2002 2003
4 2004 2005 2006 2007
4 2008 2009 2010 2011
4 2012 2013 2014 2015
4 2016 2017 2018 2019
4 2020 2021 2022 2023
4 2024 2025 2026 2027
4 2028 2029 2030 2031
4 2032 2033 2034 2035
4 2036 2037 2038 2039
4 2040 2041 2042 2043
4 2044 2045 2046 2047
4 2048 2049 2050 2051
4 2052 2053 2054 2055
4 2056 2057 2058 2059
4 2060 2061 2062 2063
4 2064 2065 2066 2067
4 2068 2069 2070 2071
4 2072 2073 2074 2075
4 2076 2077 2078 2079
4 2080 2081 2082 2083
4 2084 2085 2086 2087
4 2088 2089 2090 2091
4 2092 2093 2094 2095
4 2096 2097 2098 2099
4 2100 2101 2102 2103
4 2104 2105 2106 2107
4 2108 2109 2110 2111
4 2112 2113 2114 2115
4 2116 2117 2118 2119
4 2120 2121 2122 2123
4 2124 2125 2126 2127
4 2128 2129 2130 2131
4 2132 2133 2134 2135
4 2136 2137 2138 2139
4 2140 2141 2142 2143
4 2144 2145 2146 2147
4 2148 2149 2150 2151
4 2152 2153 2154 2155
4 2156 2157 2158 2159
4 2160 2161 2162 2163
4 2164 2165 2166 2167
4 2168 2169 2170 2171
4 2172 2173 2174 2175
4 2176 2177 2178 2179
4 2180 2181 2182 2183
4 2184 2185 2186 2187
4 2188 2189 2190 2191
4 2192 2193 2194 2195
4 2196 2197 2198 2199
4 2200 2201 2202 2203
4 2204 2205 2206 2207
4 2208 2209 2210 2211
4 2212 2213 2214 2215
4 2216 2217 2218 2219
4 2220 2221 2222 2223
4 2224 2225 2226 2227
4 2228 2229 2230 2231
4 2232 2233 2234 2235
4 2236 2237 2238 2239
4 2240 2241 2242 2243
4 2244 2245 2246 2247
4 2248 2249 2250 2251
4 2252 2253 2254 2255
4 2256 2257 2258 2259
4 2260 2261 2262 2263
4 2264 2265 2266 2267
4 2268 2269 2270 2271
4 2272 2273 2274 2275
4 2276 2277 2278 2279
4 2280 2281 2282 2283
4 2284 2285 2286 2287
4 2288 2289 2290 2291
4 2292 2293 2294 2295
4 2296 2297 2298 2299
4 2300 2301 2302 2303
4 2304 2305 2306 2307
4 2308 2309 2310 2311
4 2312 2313 2314 2315
4 2316 2317 2318 2319
4 2320 2321 2322 2323
4 2324 2325 2326 2327
4 2328 2329 2330 2331
4 2332 2333 2334 2335
4 2336 2337 2338 2339
4 2340 2341 2342 2343
4 2344 2345 2346 2347
4 2348 2349 2350 2351
4 2352 2353 2354 2355
4 2356 2357 2358 2359
4 2360 2361 2362 2363
4 2364 2365 2366 2367
4 2368 2369 2370 2371
4 2372 2373 2374 2375
4 2376 2377 2378 2379
4 2380 2381 2382 2383
4 2384 2385 2386 2387
4 2388 2389 2390 2391
4 2392 2393 2394 2395
4 2396 2397 2398 2399
4 2400 2401 2402 2403
4 2404 2405 2406 2407
4 2408 2409 2410 2411
4 2412 2413 2414 2415
4 2416 2417 2418 2419
4 2420 2421 2422 2423
4 2424 2425 2426 2427
4 2428 2429 2430 2431
4 2432 2433 2434 2435
4 2436 2437 2438 2439
4 2440 2441 2442 2443
4 2444 2445 2446 2447
4 2448 2449 2450 2451
4 2452 2453 2454 2455
4 2456 2457 2458 2459
4 2460 2461 2462 2463
4 2464 2465 2466 2467
4 2468 2469 2470 2471
4 2472 2473 2474 2475
4 2476 2477 2478 2479
4 2480 2481 2482 2483
4 2484 2485 2486 2487
4 2488 2489 2490 2491
4 2492 2493 2494 2495
4 2496 2497 2498 2499
4 2500 2501 2502 2503
4 2504 2505 2506 2507
4 2508 2509 2510 2511
4 2512 2513 2514 2515
4 2516 2517 2518 2519
4 2520 2521 2522 2523
4 2524 2525 2526 2527
4 2528 2529 2530 2531
4 2532 2533 2534 2535
4 2536 2537 2538 2539
4 2540 2541 2542 2543
4 2544 2545 2546 2547
4 2548 2549 2550 2551
4 2552 2553 2554 2555
4 2556 2557 2558 2559
4 2560 2561 2562 2563
4 2564 2565 2566 2567
4 2568 2569 2570 2571
4 2572 2573 2574 2575
4 2576 2577 2578 2579
4 2580 2581 2582 2583
4 2584 2585 2586 2587
4 2588 2589 2590 2591
4 2592 2593 2594 2595
4 2596 2597 2598 2599
4 2600 2601 2602 2603
4 2604 2605 2606 2607
4 2608 2609 2610 2611
4 2612 2613 2614 2615
4 2616 2617 2618 2619
4 2620 2621 2622 2623
4 2624 2625 2626 2627
4 2628 2629 2630 2631
4 2632 2633 2634 2635
4 2636 2637 2638 2639
4 2640 2641 2642 2643
4 2644 2645 2646 2647
4 2648 2649 2650 2651
4 2652 2653 2654 2655
4 2656 2657 2658 2659
4 2660 2661 2662 2663
4 2664 2665 2666 2667
4 2668 2669 2670 2671
4 2672 2673 2674 2675
4 2676 2677 2678 2679
4 2680 2681 2682 2683
4 2684 2685 2686 2687
4 2688 2689 2690 2691
4 2692 2693 2694 2695
4 2696 2697 2698 2699
4 2700 2701 2702 2703
4 2704 2705 2706 2707
4 2708 2709 2710 2711
4 2712 2713 2714 2715
4 2716 2717 2718 2719
4 2720 2721 2722 2723
4 2724 2725 2726 2727
4 2728 2729 2730 2731
4 2732 2733 2734 2735
4 2736 2737 2738 2739
4 2740 2741 2742 2743
4 2744 2745 2746 2747
4 2748 2749 2750 2751
4 2752 2753 2754 2755
4 2756 2757 2758 2759
4 2760 2761 2762 2763
4 2764 2765 2766 2767
4 2768 2769 2770 2771
4 2772 2773 2774 2775
4 2776 2777 2778 2779
4 2780 2781 2782 2783
4 2784 2785 2786 2787
4 2788 2789 2790 2791
4 2792 2793 2794 2795
4 2796 2797 2798 2799
4 2800 2801 2802 2803
4 2804 2805 2806 2807
4 2808 2809 2810 2811
4 2812 2813 2814 2815
4 2816 2817 2818 2819
4 2820 2821 2822 2823
4 2824 2825 2826 2827
4 2828 2829 2830 2831
4 2832 2833 2834 2835
4 2836 2837 2838 2839
4 2840 2841 2842 2843
4 2844 2845 2846 2847
4 2848 2849 2850 2851
4 2852 2853 2854 2855
4 2856 2857 2858 2859
4 2860 2861 2862 2863
4 2864 2865 2866 2867
4 2868 2869 2870 2871
4 2872 2873 2874 2875
4 2876 2877 2878 2879
4 2880 2881 2882 2883
4 2884 2885 2886 2887
4 2888 2889 2890 2891
4 2892 2893 2894 2895
4 2896 2897 2898 2899
4 2900 2901 2902 2903
4 2904 2905 2906 2907
4 2908 2909 2910 2911
4 2912 2913 2914 2915
4 2916 2917 2918 2919
4 2920 2921 2922 2923
4 2924 2925 2926 2927
4 2928 2929 2930 2931
4 2932 2933 2934 2935
4 2936 2937 2938 2939
4 2940 2941 2942 2943
4 2944 2945 2946 2947
4 2948 2949 2950 2951
4 2952 2953 2954 2955
4 2956 2957 2958 2959
4 2960 2961 2962 2963
4 2964 2965 2966 2967
4 2968 2969 2970 2971
4 2972 2973 2974 2975
4 2976 2977 2978 2979
4 2980 2981 2982 2983
4 2984 2985 2986 2987
4 2988 2989 2990 2991
4 2992 2993 2994 2995
4 2996 2997 2998 2999
4 3000 3001 3002 3003
4 3004 3005 3006 3007
4 3008 3009 3010 3011
4 3012 3013 3014 3015
4 3016 3017 3018 3019
4 3020 3021 3022 3023
4 3024 3025 3026 3027
4 3028 3029 3030 3031
4 3032 3033 3034 3035
4 3036 3037 3038 3039
4 3040 3041 3042 3043
4 3044 3045 3046 3047
4 3048 3049 3050 3051
4 3052 3053 3054 3055
4 3056 3057 3058 3059
4 3060 3061 3062 3063
4 3064 3065 3066 3067
4 3068 3069 3070 3071
4 3072 3073 3074 3075
4 3076 3077 3078 3079
4 3080 3081 3082 3083
4 3084 3085 3086 3087
4 3088 3089 3090 3091
4 3092 3093 3094 3095
4 3096 3097 3098 3099
4 3100 3101 3102 3103
4 3104 3105 3106 3107
4 3108 3109 3110 3111
4 3112 3113 3114 3115
4 3116 3117 3118 3119
4 3120 3121 3122 3123
4 3124 3125 3126 3127
4 3128 3129 3130 3131
4 3132 3133 3134 3135
4 3136 3137 3138 3139
4 3140 3141 3142 3143
4 3144 3145 3146 3147
4 3148 3149 3150 3151
4 3152 3153 3154 3155
4 3156 3157 3158 3159
4 3160 3161 3162 3163
4 3164 3165 3166 3167
4 3168 3169 3170 3171
4 3172 3173 3174 3175
4 3176 3177 3178 3179
4 3180 3181 3182 3183
4 3184 3185 3186 3187
4 3188 3189 3190 3191
4 3192 3193 3194 3195
4 3196 3197 3198 3199
4 3200 3201 3202 3203
4 3204 3205 3206 3207
4 3208 3209 3210 3211
4 3212 3213 3214 3215
4 3216 3217 3218 3219
4 3220 3221 3222 3223
4 3224 3225 3226 3227
4 3228 3229 3230 3231
4 3232 3233 3234 3235
4 3236 3237 3238 3239
4 3240 3241 3242 3243
4 3244 3245 3246 3247
4 3248 3249 3250 3251
4 3252 3253 3254 3255
4 3256 3257 3258 3259
4 3260 3261 3262 3263
4 3264 3265 3266 3267
4 3268 3269 3270 3271
4 3272 3273 3274 3275
4 3276 3277 3278 3279
4 3280 3281 3282 3283
4 3284 3285 3286 3287
4 3288 3289 3290 3291
4 3292 3293 3294 3295
4 3296 3297 3298 3299
4 3300 3301 3302 3303
4 3304 3305 3306 3307
4 3308 3309 3310 3311
4 3312 3313 3314 3315
4 3316 3317 3318 3319
4 3320 3321 3322 3323
4 3324 3325 3326 3327
4 3328 3329 3330 3331
4 3332 3333 3334 3335
4 3336 3337 3338 3339
4 3340 3341 3342 3343
4 3344 3345 3346 3347
4 3348 3349 3350 3351
4 3352 3353 3354 3355
4 3356 3357 3358 3359
4 3360 3361 3362 3363
4 3364 3365 3366 3367
4 3368 3369 3370 3371
4 3372 3373 3374 3375
4 3376 3377 3378 3379
4 3380 3381 3382 3383
4 3384 3385 3386 3387
4 3388 3389 3390 3391
4 3392 3393 3394 3395
4 3396 3397 3398 3399
4 3400 3401 3402 3403
4 3404 3405 3406 3407
4 3408 3409 3410 3411
4 3412 3413 3414 3415
4 3416 3417 3418 3419
4 3420 3421 3422 3423
4 3424 3425 3426 3427
4 3428 3429 3430 3431
4 3432 3433 3434 3435
4 3436 3437 3438 3439
4 3440 3441 3442 3443
4 3444 3445 3446 3447
4 3448 3449 3450 3451
4 3452 3453 3454 3455
4 3456 3457 3458 3459
4 3460 3461 3462 3463
4 3464 3465 3466 3467
4 3468 3469 3470 3471
4 3472 3473 3474 3475
4 3476 3477 3478 3479
4 3480 3481 3482 3483
4 3484 3485 3486 3487
4 3488 3489 3490 3491
4 3492 3493 3494 3495
4 3496 3497 3498 3499
4 3500 3501 3502 3503
4 3504 3505 3506 3507
4 3508 3509 3510 3511
4 3512 3513 3514 3515
4 3516 3517 3518 3519
4 3520 3521 3522 3523
4 3524 3525 3526 3527
4 3528 3529 3530 3531
4 3532 3533 3534 3535
4 3536 3537 3538 3539
4 3540 3541 3542 3543
4 3544 3545 3546 3547
4 3548 3549 3550 3551
4 3552 3553 3554 3555
4 3556 3557 3558 3559
4 3560 3561 3562 3563
4 3564 3565 3566 3567
4 3568 3569 3570 3571
4 3572 3573 3574 3575
4 3576 3577 3578 3579
4 3580 3581 3582 3583
4 3584 3585 3586 3587
4 3588 3589 3590 3591
4 3592 3593 3594 3595
4 3596 3597 3598 3599
4 3600 3601 3602 3603
4 3604 3605 3606 3607
4 3608 3609 3610 3611
4 3612 3613 3614 3615
4 3616 3617 3618 3619
4 3620 3621 3622 3623
4 3624 3625 3626 3627
4 3628 3629 3630 3631
4 3632 3633 3634 3635
4 3636 3637 3638 3639
4 3640 3641 3642 3643
4 3644 3645 3646 3647
4 3648 3649 3650 3651
4 3652 3653 3654 3655
4 3656 3657 3658 3659
4 3660 3661 3662 3663
4 3664 3665 3666 3667
4 3668 3669 3670 3671
4 3672 3673 3674 3675
4 3676 3677 3678 3679
4 3680 3681 3682 3683
4 3684 3685 3686 3687
4 3688 3689 3690 3691
4 3692 3693 3694 3695
CELL_TYPES 924
9
9
9
9
9
9
9
9
9
9
9
9
9
9
9
9
9
9
9
9
9
9
9
9
9
9
9
9
9
9
9
9
9
9
9
9
9
9
9
9
9
9
9
9
9
9
9
9
9
9
9
9
9
9
9
9
9
9
9
9
9
9
9
9
9
9
9
9
9
9
9
9
9
9
9
9
9
9
9
9
9
9
9
9
9
9
9
9
9
9
9
9
9
9
9
9
9
9
9
9
9
9
9
9
9
9
9
9
9
9
9
9
9
9
9
9
9
9
9
9
9
9
9
9
9
9
9
9
9
9
9
9
9
9
9
9
9
9
9
9
9
9
9
9
9
9
9
9
9
9
9
9
9
9
9
9
9
9
9
9
9
9
9
9
9
9
9
9
9
9
9
9
9
9
9
9
9
9
9
9
9
9
9
9
9
9
9
9
9
9
9
9
9
9
9
9
9
9
9
9
9
9
9
9
9
9
9
9
9
9
9
9
9
9
9
9
9
9
9
9
9
9
9
9
9
9
9
9
9
9
9
9
9
9
9
9
9
9
9
9
9
9
9
9
9
9
9
9
9
9
9
9
9
9
9
9
9
9
9
9
9
9
9
9
9
9
9
9
9
9
9
9
9
9
9
9
9
9
9
9
9
9
9
9
9
9
9
9
9
9
9
9
9
9
9
9
9
9
9
9
9
9
9
9
9
9
9
9
9
9
9
9
9
9
9
9
9
9
9
9
9
9
9
9
9
9
9
9
9
9
9
9
9
9
9
9
9
9
9
9
9
9
9
9
9
9
9
9
9
9
9
9
9
9
9
9
9
9
9
9
9
9
9
9
9
9
9
9
9
9
9
9
9
9
9
9
9
9
9
9
9
9
9
9
9
9
9
9
9
9
9
9
9
9
9
9
9
9
9
9
9
9
9
9
9
9
9
9
9
9
9
9
9
9
9
9
9
9
9
9
9
9
9
9
9
9
9
9
9
9
9
9
9
9
9
9
9
9
9
9
9
9
9
9
9
9
9
9
9
9
9
9
9
9
9
9
9
9
9
9
9
9
9
9
9
9
9
9
9
9
9
9
9
9
9
9
9
9
9
9
9
9
9
9
9
9
9
9
9
9
9
9
9
9
9
9
9
9
9
9
9
9
9
9
9
9
9
9
9
9
9
9
9
9
9
9
9
9
9
9
9
9
9
9
9
9
9
9
9
9
9
9
9
9
9
9
9
9
9
9
9
9
9
9
9
9
9
9
9
9
9
9
9
9
9
9
9
9
9
9
9
9
9
9
9
9
9
9
9
9
9
9
9
9
9
9
9
9
9
9
9
9
9
9
9
9
9
9
9
9
9
9
9
9
9
9
9
9
9
9
9
9
9
9
9
9
9
9
9
9
9
9
9
9
9
9
9
9
9
9
9
9
9
9
9
9
9
9
9
9
9
9
9
9
9
9
9
9
9
9
9
9
9
9
9
9
9
9
9
9
9
9
9
9
9
9
9
9
9
9
9
9
9
9
9
9
9
9
9
9
9
9
9
9
9
9
9
9
9
9
9
9
9
9
9
9
9
9
9
9
9
9
9
9
9
9
9
9
9
9
9
9
9
9
9
9
9
9
9
9
9
9
9
9
9
9
9
9
9
9
9
9
9
9
9
9
9
9
9
9
9
9
9
9
9
9
9
9
9
9
9
9
9
9
9
9
9
9
9
9
9
9
9
9
9
9
9
9
9
9
9
9
9
9
9
9
9
9
9
9
9
9
9
9
9
9
9
9
9
9
9
9
9
9
9
9
9
9
9
9
9
9
9
9
9
9
9
9
9
9
9
9
9
9
9
9
9
9
9
9
9
9
9
9
9
9
9
9
9
9
9
9
9
9
9
9
9
9
9
9
9
9
9
9
9
9
9
9
9
9
9
9
9
9
9
9
9
9
9
9
9
9
9
9
9
9
9
9
9
9
9
9
9
9
9
9
9
9
9
9
9
9
9
9
9
9
9
9
9
9
9
9
9
9
9
9
9
9
9
9
9
9
9
9
9
9
9
9
9
9
9
9
9
9
9
9
9
9
9
9
9
9
9
9
9
9
9
9
9
9
9
9
9
9
CELL_DATA 924
SCALARS area double 1
LOOKUP_TABLE default
1.47699e-05
1.49382e-05
1.5049e-05
1.51201e-05
1.47426e-05
1.32065e-05
1.50316e-05
1.49439e-05
1.48879e-05
1.48542e-05
2.43954e-05
2.46848e-05
2.49071e-05
2.50781e-05
2.45828e-05
2.05427e-05
2.50338e-05
2.47627e-05
2.46296e-05
2.45426e-05
2.61753e-05
2.65082e-05
2.68043e-05
2.70685e-05
2.6708e-05
2.04368e-05
2.71451e-05
2.67203e-05
2.65086e-05
2.63609e-05
2.73205e-05
2.76515e-05
2.79631e-05
2.82609e-05
2.80428e-05
1.97828e-05
2.83836e-05
2.79364e-05
2.76952e-05
2.75224e-05
2.82655e-05
2.85541e-05
2.88259e-05
2.90971e-05
2.89819e-05
1.89981e-05
2.91822e-05
2.8821e-05
2.86078e-05
2.8452e-05
2.9008e-05
2.9255e-05
2.94866e-05
2.97273e-05
2.96865e-05
1.81951e-05
2.9795e-05
2.95053e-05
2.93187e-05
2.91793e-05
2.95332e-05
2.97413e-05
2.99352e-05
3.01452e-05
3.0158e-05
1.74318e-05
3.02066e-05
2.99777e-05
2.98152e-05
2.9691e-05
2.98967e-05
3.007e-05
3.02302e-05
3.04112e-05
3.04589e-05
1.67616e-05
3.0469e-05
3.02897e-05
3.01497e-05
3.00403e-05
3.00636e-05
3.02068e-05
3.03386e-05
3.04937e-05
3.05641e-05
1.61568e-05
3.05458e-05
3.04069e-05
3.02875e-05
3.01925e-05
3.00604e-05
3.01777e-05
3.02855e-05
3.04181e-05
3.05023e-05
1.56144e-05
3.04629e-05
3.03571e-05
3.02561e-05
3.01745e-05
2.98804e-05
2.99757e-05
3.00639e-05
3.01773e-05
3.02701e-05
1.51099e-05
3.02127e-05
3.01336e-05
3.00492e-05
2.998e-05
2.95795e-05
2.96567e-05
2.97294e-05
2.9827e-05
2.99243e-05
1.46326e-05
2.98477e-05
2.97901e-05
2.97211e-05
2.9664e-05
2.91194e-05
2.91814e-05
2.92418e-05
2.93264e-05
2.94261e-05
1.41262e-05
2.93321e-05
2.92912e-05
2.92357e-05
2.91894e-05
2.85132e-05
2.85619e-05
2.86115e-05
2.86844e-05
2.87849e-05
1.35853e-05
2.8681e-05
2.8653e-05
2.86083e-05
2.85709e-05
2.78173e-05
2.78549e-05
2.78953e-05
2.79574e-05
2.80555e-05
1.30276e-05
2.79476e-05
2.7929e-05
2.78936e-05
2.78638e-05
2.70021e-05
2.70304e-05
2.70632e-05
2.71159e-05
2.72108e-05
1.24407e-05
2.71024e-05
2.70907e-05
2.70627e-05
2.70392e-05
2.60896e-05
2.61098e-05
2.61358e-05
2.61799e-05
2.62705e-05
1.18374e-05
2.61662e-05
2.61596e-05
2.61374e-05
2.61188e-05
2.50863e-05
2.51e-05
2.51203e-05
2.51564e-05
2.52409e-05
1.1219e-05
2.5144e-05
2.51409e-05
2.51235e-05
2.51089e-05
2.40394e-05
2.4048e-05
2.40637e-05
2.40931e-05
2.41716e-05
1.06086e-05
2.40817e-05
2.40811e-05
2.40676e-05
2.40564e-05
2.29236e-05
2.29282e-05
2.29399e-05
2.29631e-05
2.30345e-05
9.98791e-06
2.29541e-05
2.29552e-05
2.29447e-05
2.29361e-05
2.17538e-05
2.17549e-05
2.17622e-05
2.17796e-05
2.18426e-05
9.38499e-06
2.1775e-05
2.17761e-05
2.17676e-05
2.17614e-05
2.05775e-05
2.05776e-05
2.05827e-05
2.05962e-05
2.06512e-05
8.80908e-06
2.05929e-05
2.05949e-05
2.05883e-05
2.05835e-05
1.93725e-05
1.93719e-05
1.93752e-05
1.93854e-05
1.94331e-05
8.23305e-06
1.93835e-05
1.93861e-05
1.9381e-05
1.93772e-05
1.81609e-05
1.81598e-05
1.81618e-05
1.81691e-05
1.82094e-05
7.66534e-06
1.81686e-05
1.81715e-05
1.81676e-05
1.81646e-05
1.69458e-05
1.69444e-05
1.69452e-05
1.69501e-05
1.69834e-05
7.11125e-06
1.69509e-05
1.6954e-05
1.6951e-05
1.69487e-05
1.57679e-05
1.57663e-05
1.57664e-05
1.57693e-05
1.57962e-05
6.5822e-06
1.57709e-05
1.57741e-05
1.57718e-05
1.577e-05
1.46123e-05
1.46106e-05
1.46101e-05
1.46113e-05
1.46324e-05
6.07267e-06
1.46138e-05
1.4617e-05
1.46152e-05
1.46139e-05
1.35009e-05
1.34991e-05
1.34981e-05
1.34981e-05
1.35139e-05
5.59263e-06
1.35012e-05
1.35043e-05
1.3503e-05
1.35019e-05
1.24402e-05
1.24384e-05
1.24372e-05
1.24361e-05
1.24472e-05
5.13976e-06
1.24396e-05
1.24426e-05
1.24417e-05
1.24409e-05
1.09935e-05
1.09919e-05
1.09906e-05
1.09888e-05
1.09955e-05
4.53543e-06
1.09924e-05
1.09952e-05
1.09946e-05
1.09939e-05
2.53092e-06
2.53055e-06
2.53021e-06
2.52973e-06
2.53091e-06
1.04341e-06
2.53059e-06
2.53123e-06
2.53111e-06
2.53099e-06
2.03189e-06
2.03157e-06
2.03127e-06
2.03083e-06
2.03177e-06
8.38623e-07
2.03158e-06
2.03211e-06
2.03201e-06
2.0319e-06
1.98668e-06
1.98588e-06
1.98533e-06
1.98536e-06
1.99077e-06
8.60075e-07
1.98573e-06
1.9863e-06
1.98612e-06
1.98597e-06
1.93337e-06
1.9314e-06
1.93015e-06
1.93095e-06
1.94562e-06
9.18488e-07
1.93067e-06
1.93133e-06
1.931e-06
1.93078e-06
1.85052e-06
1.84672e-06
1.84436e-06
1.84628e-06
1.87526e-06
9.98221e-07
1.84497e-06
1.84577e-06
1.84523e-06
1.84491e-06
1.73905e-06
1.73227e-06
1.72802e-06
1.73144e-06
1.78199e-06
1.10287e-06
1.72868e-06
1.7297e-06
1.72887e-06
1.7284e-06
1.58908e-06
1.5774e-06
1.56999e-06
1.57584e-06
1.66131e-06
1.24286e-06
1.57066e-06
1.57205e-06
1.57076e-06
1.57007e-06
1.37846e-06
1.35623e-06
1.34189e-06
1.35267e-06
1.50926e-06
1.46875e-06
1.3425e-06
1.34469e-06
1.34243e-06
1.34127e-06
1.04684e-06
9.88736e-07
9.49604e-07
9.78104e-07
1.34992e-06
1.94153e-06
9.50007e-07
9.5525e-07
9.49489e-07
9.46583e-07
4.04101e-07
3.71837e-07
3.49383e-07
3.64931e-07
5.60654e-07
8.85022e-07
3.49193e-07
3.52108e-07
3.48958e-07
3.47385e-07
1.48088e-05
2.44408e-05
2.62073e-05
2.7347e-05
2.82895e-05
2.90296e-05
2.95538e-05
2.99164e-05
3.00824e-05
3.0078e-05
2.98969e-05
2.95944e-05
2.91325e-05
2.85248e-05
2.78274e-05
2.7011e-05
2.60973e-05
2.50931e-05
2.40453e-05
2.29289e-05
2.17583e-05
2.05809e-05
1.93751e-05
1.81628e-05
1.69471e-05
1.57687e-05
1.46127e-05
1.35009e-05
1.24401e-05
1.09933e-05
2.53087e-06
2.03181e-06
1.98587e-06
1.93067e-06
1.84479e-06
1.72827e-06
1.56992e-06
1.34106e-06
9.46127e-07
3.47156e-07
9.22269e-06
6.6191e-06
6.06052e-06
6.42851e-06
1.02636e-05
2.01939e-05
7.94175e-06
4.43643e-06
4.38959e-06
4.11555e-06
2.34169e-06
1.92383e-09
1.47322e-09
1.27519e-09
1.37849e-09
2.27552e-09
3.89288e-09
7.88101e-10
7.29054e-10
7.46697e-10
6.98962e-10
6.33742e-10
1.47699e-05
1.49382e-05
1.5049e-05
1.51201e-05
1.47426e-05
1.32065e-05
1.50316e-05
1.49439e-05
1.48879e-05
1.48542e-05
2.43954e-05
2.46848e-05
2.49071e-05
2.50781e-05
2.45828e-05
2.05427e-05
2.50338e-05
2.47627e-05
2.46296e-05
2.45426e-05
2.61753e-05
2.65082e-05
2.68043e-05
2.70685e-05
2.6708e-05
2.04368e-05
2.71451e-05
2.67203e-05
2.65086e-05
2.63609e-05
2.73205e-05
2.76515e-05
2.79631e-05
2.82609e-05
2.80428e-05
1.97828e-05
2.83836e-05
2.79364e-05
2.76952e-05
2.75224e-05
2.82655e-05
2.85541e-05
2.88259e-05
2.90971e-05
2.89819e-05
1.89981e-05
2.91822e-05
2.8821e-05
2.86078e-05
2.8452e-05
2.9008e-05
2.9255e-05
2.94866e-05
2.97273e-05
2.96865e-05
1.81951e-05
2.9795e-05
2.95053e-05
2.93187e-05
2.91793e-05
2.95332e-05
2.97413e-05
2.99352e-05
3.01452e-05
3.0158e-05
1.74318e-05
3.02066e-05
2.99777e-05
2.98152e-05
2.9691e-05
2.98967e-05
3.007e-05
3.02302e-05
3.04112e-05
3.04589e-05
1.67616e-05
3.0469e-05
3.02897e-05
3.01497e-05
3.00403e-05
3.00636e-05
3.02068e-05
3.03386e-05
3.04937e-05
3.05641e-05
1.61568e-05
3.05458e-05
3.04069e-05
3.02875e-05
3.01925e-05
3.00604e-05
3.01777e-05
3.02855e-05
3.04181e-05
3.05023e-05
1.56144e-05
3.04629e-05
3.03571e-05
3.02561e-05
3.01745e-05
2.98804e-05
2.99757e-05
3.00639e-05
3.01773e-05
3.02701e-05
1.51099e-05
3.02127e-05
3.01336e-05
3.00492e-05
2.998e-05
2.95795e-05
2.96567e-05
2.97294e-05
2.9827e-05
2.99243e-05
1.46326e-05
2.98477e-05
2.97901e-05
2.97211e-05
2.9664e-05
2.91194e-05
2.91814e-05
2.92418e-05
2.93264e-05
2.94261e-05
1.41262e-05
2.93321e-05
2.92912e-05
2.92357e-05
2.91894e-05
2.85132e-05
2.85619e-05
2.86115e-05
2.86844e-05
2.87849e-05
1.35853e-05
2.8681e-05
2.8653e-05
2.86083e-05
2.85709e-05
2.78173e-05
2.78549e-05
2.78953e-05
2.79574e-05
2.80555e-05
1.30276e-05
2.79476e-05
2.7929e-05
2.78936e-05
2.78638e-05
2.70021e-05
2.70304e-05
2.70632e-05
2.71159e-05
2.72108e-05
1.24407e-05
2.71024e-05
2.70907e-05
2.70627e-05
2.70392e-05
2.60896e-05
2.61098e-05
2.61358e-05
2.61799e-05
2.62705e-05
1.18374e-05
2.61662e-05
2.61596e-05
2.61374e-05
2.61188e-05
2.50863e-05
2.51e-05
2.51203e-05
2.51564e-05
2.52409e-05
1.1219e-05
2.5144e-05
2.51409e-05
2.51235e-05
2.51089e-05
2.40394e-05
2.4048e-05
2.40637e-05
2.40931e-05
2.41716e-05
1.06086e-05
2.40817e-05
2.40811e-05
2.40676e-05
2.40564e-05
2.29236e-05
2.29282e-05
2.29399e-05
2.29631e-05
2.30345e-05
9.98791e-06
2.29541e-05
2.29552e-05
2.29447e-05
2.29361e-05
2.17538e-05
2.17549e-05
2.17622e-05
2.17796e-05
2.18426e-05
9.38499e-06
2.1775e-05
2.17761e-05
2.17676e-05
2.17614e-05
2.05775e-05
2.05776e-05
2.05827e-05
2.05962e-05
2.06512e-05
8.80908e-06
2.05929e-05
2.05949e-05
2.05883e-05
2.05835e-05
1.93725e-05
1.93719e-05
1.93752e-05
1.93854e-05
1.94331e-05
8.23305e-06
1.93835e-05
1.93861e-05
1.9381e-05
1.93772e-05
1.81609e-05
1.81598e-05
1.81618e-05
1.81691e-05
1.82094e-05
7.66534e-06
1.81686e-05
1.81715e-05
1.81676e-05
1.81646e-05
1.69458e-05
1.69444e-05
1.69452e-05
1.69501e-05
1.69834e-05
7.11125e-06
1.69509e-05
1.6954e-05
1.6951e-05
1.69487e-05
1.57679e-05
1.57663e-05
1.57664e-05
1.57693e-05
1.57962e-05
6.5822e-06
1.57709e-05
1.57741e-05
1.57718e-05
1.577e-05
1.46123e-05
1.46106e-05
1.46101e-05
1.46113e-05
1.46324e-05
6.07267e-06
1.46138e-05
1.4617e-05
1.46152e-05
1.46139e-05
1.35009e-05
1.34991e-05
1.34981e-05
1.34981e-05
1.35139e-05
5.59263e-06
1.35012e-05
1.35043e-05
1.3503e-05
1.35019e-05
1.24402e-05
1.24384e-05
1.24372e-05
1.24361e-05
1.24472e-05
5.13976e-06
1.24396e-05
1.24426e-05
1.24417e-05
1.24409e-05
1.09935e-05
1.09919e-05
1.09906e-05
1.09888e-05
1.09955e-05
4.53543e-06
1.09924e-05
1.09952e-05
1.09946e-05
1.09939e-05
2.53092e-06
2.53055e-06
2.53021e-06
2.52973e-06
2.53091e-06
1.04341e-06
2.53059e-06
2.53123e-06
2.53111e-06
2.53099e-06
2.03189e-06
2.03157e-06
2.03127e-06
2.03083e-06
2.03177e-06
8.38623e-07
2.03158e-06
2.03211e-06
2.03201e-06
2.0319e-06
1.98668e-06
1.98588e-06
1.98533e-06
1.98536e-06
1.99077e-06
8.60075e-07
1.98573e-06
1.9863e-06
1.98612e-06
1.98597e-06
1.93337e-06
1.9314e-06
1.93015e-06
1.93095e-06
1.94562e-06
9.18488e-07
1.93067e-06
1.93133e-06
1.931e-06
1.93078e-06
1.85052e-06
1.84672e-06
1.84436e-06
1.84628e-06
1.87526e-06
9.98221e-07
1.84497e-06
1.84577e-06
1.84523e-06
1.84491e-06
1.73905e-06
1.73227e-06
1.72802e-06
1.73144e-06
1.78199e-06
1.10287e-06
1.72868e-06
1.7297e-06
1.72887e-06
1.7284e-06
1.58908e-06
1.5774e-06
1.56999e-06
1.57584e-06
1.66131e-06
1.24286e-06
1.57066e-06
1.57205e-06
1.57076e-06
1.57007e-06
1.37846e-06
1.35623e-06
1.34189e-06
1.35267e-06
1.50926e-06
1.46875e-06
1.3425e-06
1.34469e-06
1.34243e-06
1.34127e-06
1.04684e-06
9.88736e-07
9.49604e-07
9.78104e-07
1.34992e-06
1.94153e-06
9.50007e-07
9.5525e-07
9.49489e-07
9.46583e-07
4.04101e-07
3.71837e-07
3.49383e-07
3.64931e-07
5.60654e-07
8.85022e-07
3.49193e-07
3.52108e-07
3.48958e-07
3.47385e-07
1.48088e-05
2.44408e-05
2.62073e-05
2.7347e-05
2.82895e-05
2.90296e-05
2.95538e-05
2.99164e-05
3.00824e-05
3.0078e-05
2.98969e-05
2.95944e-05
2.91325e-05
2.85248e-05
2.78274e-05
2.7011e-05
2.60973e-05
2.50931e-05
2.40453e-05
2.29289e-05
2.17583e-05
2.05809e-05
1.93751e-05
1.81628e-05
1.69471e-05
1.57687e-05
1.46127e-05
1.35009e-05
1.24401e-05
1.09933e-05
2.53087e-06
2.03181e-06
1.98587e-06
1.93067e-06
1.84479e-06
1.72827e-06
1.56992e-06
1.34106e-06
9.46127e-07
3.47156e-07
9.22269e-06
6.6191e-06
6.06052e-06
6.42851e-06
1.02636e-05
2.01939e-05
7.94175e-06
4.43643e-06
4.38959e-06
4.11555e-06
2.34169e-06
1.92383e-09
1.47322e-09
1.27519e-09
1.37849e-09
2.27552e-09
3.89288e-09
7.88101e-10
7.29054e-10
7.46697e-10
6.98962e-10
6.33742e-10
SCALARS mu double 1
LOOKUP_TABLE default
60.098
-4.40868e-11
65.4615
81.9682
85.7556
86.8868
86.8032
84.0404
72.202
47.7525
78.6972
68.5789
77.9994
85.4237
88.7911
90.1472
90.1737
87.5929
81.566
73.3079
90.6381
87.2549
89.5381
92.5262
94.7137
96.1749
96.3424
94.4977
91.4771
88.5341
100.384
98.7371
99.2755
100.527
101.936
103.305
103.531
102.198
100.476
99.1447
109.549
108.32
108.239
108.726
109.627
110.765
110.998
110.047
109.001
108.373
118.657
117.339
116.899
116.949
117.471
118.373
118.619
117.991
117.392
117.21
127.886
126.209
125.478
125.207
125.41
126.089
126.36
126.029
125.788
125.974
137.124
135.042
134.061
133.524
133.44
133.918
134.218
134.165
134.235
134.741
146.069
143.86
142.681
141.911
141.566
141.865
142.197
142.406
142.754
143.521
155.06
152.716
151.365
150.387
149.8
149.941
150.307
150.762
151.363
152.356
164.155
161.653
160.14
158.969
158.157
158.159
158.559
159.245
160.079
161.282
173.378
170.704
169.034
167.682
166.664
166.545
166.973
167.873
168.925
170.327
182.765
179.926
178.1
176.575
175.362
175.139
175.59
176.692
177.95
179.545
192.46
189.404
187.404
185.708
184.313
184
184.469
185.76
187.22
189.021
202.783
199.212
197.001
195.134
193.573
193.187
193.663
195.126
196.784
198.826
213.437
209.368
206.935
204.902
203.187
202.74
203.217
204.84
206.691
208.979
224.445
219.892
217.244
215.056
213.204
212.708
213.182
214.946
216.976
219.501
235.788
230.784
227.943
225.621
223.658
223.129
223.59
225.47
227.657
230.395
247.439
242.049
239.043
236.613
234.564
234.014
234.458
236.428
238.744
241.663
259.448
253.702
250.561
248.052
245.95
245.392
245.815
247.841
250.255
253.325
271.858
265.733
262.482
259.932
257.813
257.257
257.657
259.7
262.176
265.371
284.481
278.101
274.783
272.223
270.123
269.582
269.955
271.982
274.484
277.755
297.295
290.756
287.417
284.884
282.838
282.321
282.668
284.643
287.131
290.428
310.207
303.607
300.3
297.836
295.885
295.4
295.719
297.601
300.029
303.298
323.104
316.522
313.289
310.933
309.114
308.668
308.961
310.712
313.04
316.234
335.79
329.281
326.16
323.947
322.296
321.896
322.163
323.748
325.935
329.015
347.94
341.567
338.59
336.55
335.092
334.742
334.983
336.378
338.393
341.324
359.066
352.883
350.078
348.233
346.987
346.688
346.906
348.093
349.91
352.662
368.459
362.51
359.891
358.251
357.223
356.979
357.17
358.143
359.751
362.312
375.285
369.497
366.994
365.493
364.638
364.448
364.61
365.415
366.879
369.317
378.174
372.139
369.576
367.972
366.914
366.673
366.911
367.919
369.477
371.97
380.508
374.346
371.666
369.932
368.752
368.462
368.759
369.885
371.574
374.185
382.601
376.425
373.623
371.743
370.423
370.043
370.444
371.704
373.533
376.267
384.497
378.511
375.62
373.591
372.109
371.628
372.142
373.555
375.527
378.351
386.146
380.643
377.736
375.573
373.928
373.354
373.959
375.529
377.635
380.477
387.524
382.846
380.059
377.804
375.996
375.345
375.994
377.742
379.945
382.675
388.595
385.116
382.712
380.492
378.493
377.789
378.386
380.416
382.58
384.945
389.272
387.255
385.681
383.964
381.957
381.322
381.822
383.879
385.555
387.108
389.872
389.08
388.277
387.624
387.159
386.95
387.118
387.502
388.127
388.918
391.963
391.783
391.709
391.657
391.603
391.567
391.595
391.634
391.684
391.755
59.8797
78.4389
90.3279
100.019
109.129
118.183
127.361
136.565
145.525
154.531
163.64
172.875
182.274
191.977
202.277
212.911
223.901
235.228
246.868
258.869
271.272
283.894
296.711
309.632
322.541
335.243
347.41
358.554
367.967
374.811
377.709
380.045
382.147
384.059
385.73
387.135
388.242
388.969
389.656
391.874
-39.0125
-37.5228
-63.8116
-80.2785
-83.7628
-85.1298
-84.6603
-82.5371
-68.408
-46.9068
-42.1567
391.865
391.822
391.756
391.704
391.689
391.679
391.67
391.68
391.74
391.817
391.847
59.5843
-9.27869e-12
64.8278
81.1729
84.9298
86.0622
85.9818
83.2433
71.5216
47.3167
78.0283
67.932
77.2427
84.5923
87.9342
89.2899
89.318
86.7593
80.7935
72.6307
89.8626
86.4251
88.663
91.6183
93.7911
95.2494
95.4158
93.5867
90.6003
87.7063
99.5108
97.7838
98.2914
99.5259
100.927
102.292
102.515
101.193
99.4949
98.2006
108.571
107.252
107.144
107.622
108.519
109.654
109.882
108.94
107.911
107.316
117.563
116.15
115.687
115.731
116.254
117.155
117.395
116.771
116.186
116.033
126.663
124.892
124.141
123.869
124.075
124.755
125.017
124.687
124.455
124.667
135.755
133.585
132.589
132.054
131.978
132.457
132.748
132.691
132.766
133.294
144.539
142.251
141.063
140.301
139.967
140.269
140.591
140.791
141.14
141.921
153.353
150.946
149.592
148.626
148.056
148.201
148.555
148.996
149.592
150.593
162.259
159.71
158.202
157.049
156.258
156.266
156.652
157.319
158.142
159.345
171.279
168.578
166.922
165.594
164.601
164.49
164.902
165.779
166.813
168.206
180.452
177.607
175.804
174.309
173.126
172.912
173.346
174.419
175.653
177.23
189.922
186.882
184.914
183.254
181.893
181.59
182.041
183.298
184.727
186.501
200.01
196.477
194.306
192.481
190.958
190.582
191.04
192.465
194.086
196.091
210.418
206.409
204.025
202.038
200.366
199.929
200.388
201.968
203.776
206.018
221.171
216.697
214.107
211.971
210.164
209.68
210.134
211.852
213.833
216.304
232.25
227.344
224.568
222.302
220.387
219.869
220.311
222.142
224.275
226.951
243.629
238.353
235.419
233.048
231.049
230.51
230.935
232.853
235.112
237.963
255.358
249.742
246.676
244.23
242.179
241.631
242.035
244.009
246.362
249.358
267.481
261.498
258.327
255.841
253.773
253.227
253.609
255.599
258.011
261.129
279.812
273.584
270.349
267.852
265.804
265.272
265.628
267.601
270.04
273.23
292.331
285.951
282.696
280.226
278.23
277.721
278.051
279.974
282.399
285.614
304.947
298.511
295.287
292.885
290.981
290.503
290.807
292.639
295.006
298.193
317.552
311.136
307.985
305.688
303.913
303.473
303.751
305.456
307.724
310.839
329.958
323.613
320.571
318.413
316.801
316.405
316.658
318.202
320.334
323.337
341.845
335.633
332.731
330.741
329.316
328.969
329.198
330.557
332.521
335.379
352.741
346.712
343.977
342.177
340.958
340.662
340.867
342.024
343.796
346.481
361.952
356.15
353.594
351.992
350.986
350.743
350.924
351.872
353.442
355.941
368.67
363.017
360.571
359.102
358.264
358.074
358.226
359.012
360.443
362.827
371.547
365.632
363.122
361.549
360.509
360.268
360.497
361.485
363.012
365.455
373.87
367.82
365.188
363.484
362.323
362.034
362.321
363.428
365.087
367.651
375.955
369.881
367.124
365.274
363.973
363.595
363.986
365.225
367.025
369.715
377.846
371.949
369.1
367.101
365.639
365.161
365.664
367.055
368.999
371.782
379.492
374.062
371.195
369.06
367.435
366.866
367.46
369.008
371.086
373.891
380.869
376.247
373.495
371.267
369.48
368.833
369.472
371.198
373.374
376.071
381.94
378.499
376.122
373.926
371.949
371.251
371.837
373.845
375.985
378.325
382.621
380.624
379.065
377.365
375.378
374.747
375.239
377.275
378.935
380.474
383.224
382.439
381.641
380.993
380.531
380.323
380.488
380.869
381.49
382.275
385.303
385.125
385.052
385
384.947
384.91
384.937
384.977
385.026
385.097
59.366
77.7701
89.5525
99.1461
108.151
117.089
126.137
135.196
143.995
152.824
161.743
170.775
179.961
189.439
199.503
209.892
220.627
231.69
243.058
254.779
266.895
279.224
291.747
304.373
316.99
329.41
341.314
352.229
361.461
368.197
371.082
373.408
375.502
377.408
379.075
380.48
381.587
382.318
383.008
385.214
-38.6588
-37.1747
-63.2023
-79.5066
-82.9595
-84.3169
-83.8539
-81.7524
-67.7628
-46.4756
-41.7734
385.206
385.163
385.098
385.047
385.031
385.021
385.013
385.022
385.082
385.158
385.188
