# vtk DataFile Version 3.0
Rotor blade panels
ASCII
DATASET UNSTRUCTURED_GRID
POINTS 3696 double
1.4911 1.47744 1.1527
1.49343 1.47805 1.14944
1.49283 1.4805 1.14914
1.49035 1.47985 1.15266
1.49343 1.47805 1.14944
1.49621 1.47878 1.14657
1.4958 1.48128 1.14602
1.49283 1.4805 1.14914
1.49621 1.47878 1.14657
1.4992 1.47957 1.14391
1.49898 1.48212 1.14314
1.4958 1.48128 1.14602
1.4992 1.47957 1.14391
1.50243 1.48042 1.14159
1.50242 1.48303 1.14058
1.49898 1.48212 1.14314
1.50243 1.48042 1.14159
1.50606 1.48138 1.14008
1.50628 1.48404 1.13883
1.50242 1.48303 1.14058
1.50606 1.48138 1.14008
1.50788 1.48186 1.14217
1.50812 1.48453 1.14087
1.50628 1.48404 1.13883
1.50788 1.48186 1.14217
1.50458 1.48099 1.14436
1.50456 1.48359 1.14324
1.50812 1.48453 1.14087
1.50458 1.48099 1.14436
1.50107 1.48006 1.14622
1.50085 1.48261 1.14533
1.50456 1.48359 1.14324
1.50107 1.48006 1.14622
1.4976 1.47915 1.14813
1.49717 1.48164 1.14751
1.50085 1.48261 1.14533
1.4976 1.47915 1.14813
1.49422 1.47826 1.15023
1.49362 1.48071 1.14989
1.49717 1.48164 1.14751
1.49035 1.47985 1.15266
1.49283 1.4805 1.14914
1.49209 1.48442 1.14893
1.48928 1.48369 1.15274
1.49283 1.4805 1.14914
1.4958 1.48128 1.14602
1.49542 1.4853 1.14558
1.49209 1.48442 1.14893
1.4958 1.48128 1.14602
1.49898 1.48212 1.14314
1.49897 1.48624 1.14248
1.49542 1.4853 1.14558
1.49898 1.48212 1.14314
1.50242 1.48303 1.14058
1.50278 1.48724 1.13973
1.49897 1.48624 1.14248
1.50242 1.48303 1.14058
1.50628 1.48404 1.13883
1.507 1.48835 1.13777
1.50278 1.48724 1.13973
1.50628 1.48404 1.13883
1.50812 1.48453 1.14087
1.50877 1.48882 1.13977
1.507 1.48835 1.13777
1.50812 1.48453 1.14087
1.50456 1.48359 1.14324
1.5048 1.48777 1.14227
1.50877 1.48882 1.13977
1.50456 1.48359 1.14324
1.50085 1.48261 1.14533
1.50072 1.4867 1.14457
1.5048 1.48777 1.14227
1.50085 1.48261 1.14533
1.49717 1.48164 1.14751
1.49671 1.48564 1.14699
1.50072 1.4867 1.14457
1.49717 1.48164 1.14751
1.49362 1.48071 1.14989
1.49283 1.48462 1.14965
1.49671 1.48564 1.14699
1.48928 1.48369 1.15274
1.49209 1.48442 1.14893
1.49151 1.48848 1.14901
1.48829 1.48763 1.15294
1.49209 1.48442 1.14893
1.49542 1.4853 1.14558
1.49527 1.48947 1.14558
1.49151 1.48848 1.14901
1.49542 1.4853 1.14558
1.49897 1.48624 1.14248
1.49925 1.49052 1.14245
1.49527 1.48947 1.14558
1.49897 1.48624 1.14248
1.50278 1.48724 1.13973
1.50348 1.49163 1.13968
1.49925 1.49052 1.14245
1.50278 1.48724 1.13973
1.507 1.48835 1.13777
1.50809 1.49285 1.1377
1.50348 1.49163 1.13968
1.507 1.48835 1.13777
1.50877 1.48882 1.13977
1.50971 1.49328 1.13971
1.50809 1.49285 1.1377
1.50877 1.48882 1.13977
1.5048 1.48777 1.14227
1.50531 1.49212 1.14217
1.50971 1.49328 1.13971
1.5048 1.48777 1.14227
1.50072 1.4867 1.14457
1.50084 1.49094 1.1445
1.50531 1.49212 1.14217
1.50072 1.4867 1.14457
1.49671 1.48564 1.14699
1.49644 1.48978 1.14698
1.50084 1.49094 1.1445
1.49671 1.48564 1.14699
1.49283 1.48462 1.14965
1.49219 1.48866 1.14971
1.49644 1.48978 1.14698
1.48829 1.48763 1.15294
1.49151 1.48848 1.14901
1.49096 1.49254 1.14921
1.48732 1.49158 1.15317
1.49151 1.48848 1.14901
1.49527 1.48947 1.14558
1.49512 1.49364 1.14582
1.49096 1.49254 1.14921
1.49527 1.48947 1.14558
1.49925 1.49052 1.14245
1.49951 1.49479 1.14275
1.49512 1.49364 1.14582
1.49925 1.49052 1.14245
1.50348 1.49163 1.13968
1.50413 1.49601 1.14006
1.49951 1.49479 1.14275
1.50348 1.49163 1.13968
1.50809 1.49285 1.1377
1.5091 1.49732 1.13818
1.50413 1.49601 1.14006
1.50809 1.49285 1.1377
1.50971 1.49328 1.13971
1.51058 1.49771 1.14021
1.5091 1.49732 1.13818
1.50971 1.49328 1.13971
1.50531 1.49212 1.14217
1.50578 1.49644 1.14254
1.51058 1.49771 1.14021
1.50531 1.49212 1.14217
1.50084 1.49094 1.1445
1.50095 1.49517 1.14479
1.50578 1.49644 1.14254
1.50084 1.49094 1.1445
1.49644 1.48978 1.14698
1.49619 1.49392 1.14721
1.50095 1.49517 1.14479
1.49644 1.48978 1.14698
1.49219 1.48866 1.14971
1.49158 1.4927 1.14992
1.49619 1.49392 1.14721
1.48732 1.49158 1.15317
1.49096 1.49254 1.14921
1.49032 1.49658 1.14942
1.48634 1.49553 1.15335
1.49096 1.49254 1.14921
1.49512 1.49364 1.14582
1.49483 1.49777 1.14609
1.49032 1.49658 1.14942
1.49512 1.49364 1.14582
1.49951 1.49479 1.14275
1.49955 1.49901 1.1431
1.49483 1.49777 1.14609
1.49951 1.49479 1.14275
1.50413 1.49601 1.14006
1.50448 1.50031 1.14052
1.49955 1.49901 1.1431
1.50413 1.49601 1.14006
1.5091 1.49732 1.13818
1.50973 1.50169 1.13876
1.50448 1.50031 1.14052
1.5091 1.49732 1.13818
1.51058 1.49771 1.14021
1.5111 1.50205 1.14081
1.50973 1.50169 1.13876
1.51058 1.49771 1.14021
1.50578 1.49644 1.14254
1.50599 1.50071 1.14301
1.5111 1.50205 1.14081
1.50578 1.49644 1.14254
1.50095 1.49517 1.14479
1.50086 1.49936 1.14515
1.50599 1.50071 1.14301
1.50095 1.49517 1.14479
1.49619 1.49392 1.14721
1.49581 1.49803 1.14749
1.50086 1.49936 1.14515
1.49619 1.49392 1.14721
1.49158 1.4927 1.14992
1.4909 1.49673 1.15013
1.49581 1.49803 1.14749
1.48634 1.49553 1.15335
1.49032 1.49658 1.14942
1.48962 1.5006 1.14962
1.48536 1.49948 1.15351
1.49032 1.49658 1.14942
1.49483 1.49777 1.14609
1.49438 1.50185 1.14639
1.48962 1.5006 1.14962
1.49483 1.49777 1.14609
1.49955 1.49901 1.1431
1.49935 1.50316 1.1435
1.49438 1.50185 1.14639
1.49955 1.49901 1.1431
1.50448 1.50031 1.14052
1.50453 1.50453 1.14104
1.49935 1.50316 1.1435
1.50448 1.50031 1.14052
1.50973 1.50169 1.13876
1.51 1.50597 1.13941
1.50453 1.50453 1.14104
1.50973 1.50169 1.13876
1.5111 1.50205 1.14081
1.51128 1.50631 1.14149
1.51 1.50597 1.13941
1.5111 1.50205 1.14081
1.50599 1.50071 1.14301
1.50593 1.5049 1.14354
1.51128 1.50631 1.14149
1.50599 1.50071 1.14301
1.50086 1.49936 1.14515
1.50058 1.50349 1.14557
1.50593 1.5049 1.14354
1.50086 1.49936 1.14515
1.49581 1.49803 1.14749
1.4953 1.5021 1.1478
1.50058 1.50349 1.14557
1.49581 1.49803 1.14749
1.4909 1.49673 1.15013
1.49016 1.50074 1.15035
1.4953 1.5021 1.1478
1.48536 1.49948 1.15351
1.48962 1.5006 1.14962
1.48885 1.5046 1.14983
1.48439 1.50343 1.15364
1.48962 1.5006 1.14962
1.49438 1.50185 1.14639
1.4938 1.50591 1.1467
1.48885 1.5046 1.14983
1.49438 1.50185 1.14639
1.49935 1.50316 1.1435
1.49895 1.50726 1.14394
1.4938 1.50591 1.1467
1.49935 1.50316 1.1435
1.50453 1.50453 1.14104
1.5043 1.50867 1.14161
1.49895 1.50726 1.14394
1.50453 1.50453 1.14104
1.51 1.50597 1.13941
1.50991 1.51015 1.14012
1.5043 1.50867 1.14161
1.51 1.50597 1.13941
1.51128 1.50631 1.14149
1.51111 1.51047 1.14223
1.50991 1.51015 1.14012
1.51128 1.50631 1.14149
1.50593 1.5049 1.14354
1.50561 1.50902 1.14413
1.51111 1.51047 1.14223
1.50593 1.5049 1.14354
1.50058 1.50349 1.14557
1.5001 1.50757 1.14602
1.50561 1.50902 1.14413
1.50058 1.50349 1.14557
1.4953 1.5021 1.1478
1.49467 1.50613 1.14813
1.5001 1.50757 1.14602
1.4953 1.5021 1.1478
1.49016 1.50074 1.15035
1.48936 1.50474 1.15057
1.49467 1.50613 1.14813
1.48439 1.50343 1.15364
1.48885 1.5046 1.14983
1.48802 1.50859 1.15005
1.48343 1.50738 1.15374
1.48885 1.5046 1.14983
1.4938 1.50591 1.1467
1.49309 1.50993 1.14705
1.48802 1.50859 1.15005
1.4938 1.50591 1.1467
1.49895 1.50726 1.14394
1.49835 1.51131 1.14442
1.49309 1.50993 1.14705
1.49895 1.50726 1.14394
1.5043 1.50867 1.14161
1.50379 1.51275 1.14223
1.49835 1.51131 1.14442
1.5043 1.50867 1.14161
1.50991 1.51015 1.14012
1.50947 1.51424 1.14089
1.50379 1.51275 1.14223
1.50991 1.51015 1.14012
1.51111 1.51047 1.14223
1.5106 1.51454 1.143
1.50947 1.51424 1.14089
1.51111 1.51047 1.14223
1.50561 1.50902 1.14413
1.50502 1.51307 1.14475
1.5106 1.51454 1.143
1.50561 1.50902 1.14413
1.5001 1.50757 1.14602
1.49943 1.5116 1.1465
1.50502 1.51307 1.14475
1.5001 1.50757 1.14602
1.49467 1.50613 1.14813
1.49391 1.51014 1.14847
1.49943 1.5116 1.1465
1.49467 1.50613 1.14813
1.48936 1.50474 1.15057
1.48851 1.50872 1.15079
1.49391 1.51014 1.14847
1.48343 1.50738 1.15374
1.48802 1.50859 1.15005
1.48714 1.51257 1.15027
1.48249 1.51134 1.15383
1.48802 1.50859 1.15005
1.49309 1.50993 1.14705
1.49226 1.51391 1.14742
1.48714 1.51257 1.15027
1.49309 1.50993 1.14705
1.49835 1.51131 1.14442
1.49755 1.51531 1.14494
1.49226 1.51391 1.14742
1.49835 1.51131 1.14442
1.50379 1.51275 1.14223
1.50302 1.51675 1.1429
1.49755 1.51531 1.14494
1.50379 1.51275 1.14223
1.50947 1.51424 1.14089
1.5087 1.51825 1.1417
1.50302 1.51675 1.1429
1.50947 1.51424 1.14089
1.5106 1.51454 1.143
1.50976 1.51852 1.14378
1.5087 1.51825 1.1417
1.5106 1.51454 1.143
1.50502 1.51307 1.14475
1.50416 1.51705 1.14539
1.50976 1.51852 1.14378
1.50502 1.51307 1.14475
1.49943 1.5116 1.1465
1.49856 1.51557 1.147
1.50416 1.51705 1.14539
1.49943 1.5116 1.1465
1.49391 1.51014 1.14847
1.49302 1.51412 1.14883
1.49856 1.51557 1.147
1.49391 1.51014 1.14847
1.48851 1.50872 1.15079
1.48761 1.51269 1.151
1.49302 1.51412 1.14883
1.48249 1.51134 1.15383
1.48714 1.51257 1.15027
1.48621 1.51652 1.1505
1.48153 1.51529 1.15391
1.48714 1.51257 1.15027
1.49226 1.51391 1.14742
1.49133 1.51787 1.14779
1.48621 1.51652 1.1505
1.49226 1.51391 1.14742
1.49755 1.51531 1.14494
1.49662 1.51927 1.14546
1.49133 1.51787 1.14779
1.49755 1.51531 1.14494
1.50302 1.51675 1.1429
1.50206 1.5207 1.14357
1.49662 1.51927 1.14546
1.50302 1.51675 1.1429
1.5087 1.51825 1.1417
1.50771 1.52219 1.1425
1.50206 1.5207 1.14357
1.5087 1.51825 1.1417
1.50976 1.51852 1.14378
1.50869 1.52245 1.14455
1.50771 1.52219 1.1425
1.50976 1.51852 1.14378
1.50416 1.51705 1.14539
1.50312 1.52098 1.14601
1.50869 1.52245 1.14455
1.50416 1.51705 1.14539
1.49856 1.51557 1.147
1.49755 1.51951 1.14748
1.50312 1.52098 1.14601
1.49856 1.51557 1.147
1.49302 1.51412 1.14883
1.49204 1.51806 1.14918
1.49755 1.51951 1.14748
1.49302 1.51412 1.14883
1.48761 1.51269 1.151
1.48664 1.51664 1.15122
1.49204 1.51806 1.14918
1.48153 1.51529 1.15391
1.48621 1.51652 1.1505
1.4852 1.52047 1.15072
1.48052 1.51923 1.154
1.48621 1.51652 1.1505
1.49133 1.51787 1.14779
1.4903 1.52181 1.14816
1.4852 1.52047 1.15072
1.49133 1.51787 1.14779
1.49662 1.51927 1.14546
1.49556 1.5232 1.14597
1.4903 1.52181 1.14816
1.49662 1.51927 1.14546
1.50206 1.5207 1.14357
1.50097 1.52462 1.14421
1.49556 1.5232 1.14597
1.50206 1.5207 1.14357
1.50771 1.52219 1.1425
1.50656 1.5261 1.14325
1.50097 1.52462 1.14421
1.50771 1.52219 1.1425
1.50869 1.52245 1.14455
1.50748 1.52634 1.14527
1.50656 1.5261 1.14325
1.50869 1.52245 1.14455
1.50312 1.52098 1.14601
1.50196 1.52488 1.1466
1.50748 1.52634 1.14527
1.50312 1.52098 1.14601
1.49755 1.51951 1.14748
1.49644 1.52343 1.14795
1.50196 1.52488 1.1466
1.49755 1.51951 1.14748
1.49204 1.51806 1.14918
1.49097 1.52199 1.14952
1.49644 1.52343 1.14795
1.49204 1.51806 1.14918
1.48664 1.51664 1.15122
1.48561 1.52057 1.15143
1.49097 1.52199 1.14952
1.48052 1.51923 1.154
1.4852 1.52047 1.15072
1.48413 1.52439 1.15095
1.47947 1.52316 1.15408
1.4852 1.52047 1.15072
1.4903 1.52181 1.14816
1.4892 1.52573 1.14852
1.48413 1.52439 1.15095
1.4903 1.52181 1.14816
1.49556 1.5232 1.14597
1.49441 1.5271 1.14646
1.4892 1.52573 1.14852
1.49556 1.5232 1.14597
1.50097 1.52462 1.14421
1.49977 1.52851 1.14482
1.49441 1.5271 1.14646
1.50097 1.52462 1.14421
1.50656 1.5261 1.14325
1.50528 1.52996 1.14398
1.49977 1.52851 1.14482
1.50656 1.5261 1.14325
1.50748 1.52634 1.14527
1.50614 1.53019 1.14595
1.50528 1.52996 1.14398
1.50748 1.52634 1.14527
1.50196 1.52488 1.1466
1.50068 1.52875 1.14716
1.50614 1.53019 1.14595
1.50196 1.52488 1.1466
1.49644 1.52343 1.14795
1.49523 1.52731 1.14839
1.50068 1.52875 1.14716
1.49644 1.52343 1.14795
1.49097 1.52199 1.14952
1.48983 1.52589 1.14985
1.49523 1.52731 1.14839
1.49097 1.52199 1.14952
1.48561 1.52057 1.15143
1.48452 1.52449 1.15164
1.48983 1.52589 1.14985
1.47947 1.52316 1.15408
1.48413 1.52439 1.15095
1.48301 1.5283 1.15118
1.47839 1.52709 1.15418
1.48413 1.52439 1.15095
1.4892 1.52573 1.14852
1.48801 1.52962 1.14888
1.48301 1.5283 1.15118
1.4892 1.52573 1.14852
1.49441 1.5271 1.14646
1.49316 1.53098 1.14694
1.48801 1.52962 1.14888
1.49441 1.5271 1.14646
1.49977 1.52851 1.14482
1.49844 1.53237 1.14542
1.49316 1.53098 1.14694
1.49977 1.52851 1.14482
1.50528 1.52996 1.14398
1.50386 1.5338 1.14467
1.49844 1.53237 1.14542
1.50528 1.52996 1.14398
1.50614 1.53019 1.14595
1.50467 1.53401 1.14659
1.50386 1.5338 1.14467
1.50614 1.53019 1.14595
1.50068 1.52875 1.14716
1.49929 1.53259 1.14769
1.50467 1.53401 1.14659
1.50068 1.52875 1.14716
1.49523 1.52731 1.14839
1.49393 1.53118 1.14882
1.49929 1.53259 1.14769
1.49523 1.52731 1.14839
1.48983 1.52589 1.14985
1.4886 1.52978 1.15017
1.49393 1.53118 1.14882
1.48983 1.52589 1.14985
1.48452 1.52449 1.15164
1.48337 1.5284 1.15186
1.4886 1.52978 1.15017
1.47839 1.52709 1.15418
1.48301 1.5283 1.15118
1.48183 1.5322 1.1514
1.47726 1.53099 1.15427
1.48301 1.5283 1.15118
1.48801 1.52962 1.14888
1.48676 1.5335 1.14922
1.48183 1.5322 1.1514
1.48801 1.52962 1.14888
1.49316 1.53098 1.14694
1.49182 1.53483 1.1474
1.48676 1.5335 1.14922
1.49316 1.53098 1.14694
1.49844 1.53237 1.14542
1.49701 1.5362 1.14599
1.49182 1.53483 1.1474
1.49844 1.53237 1.14542
1.50386 1.5338 1.14467
1.50232 1.5376 1.14533
1.49701 1.5362 1.14599
1.50386 1.5338 1.14467
1.50467 1.53401 1.14659
1.50308 1.5378 1.14721
1.50232 1.5376 1.14533
1.50467 1.53401 1.14659
1.49929 1.53259 1.14769
1.49781 1.53641 1.1482
1.50308 1.5378 1.14721
1.49929 1.53259 1.14769
1.49393 1.53118 1.14882
1.49254 1.53502 1.14924
1.49781 1.53641 1.1482
1.49393 1.53118 1.14882
1.4886 1.52978 1.15017
1.48731 1.53364 1.15049
1.49254 1.53502 1.14924
1.4886 1.52978 1.15017
1.48337 1.5284 1.15186
1.48217 1.53229 1.15206
1.48731 1.53364 1.15049
1.47726 1.53099 1.15427
1.48183 1.5322 1.1514
1.4806 1.53608 1.15162
1.47611 1.5349 1.15436
1.48183 1.5322 1.1514
1.48676 1.5335 1.14922
1.48544 1.53735 1.14956
1.4806 1.53608 1.15162
1.48676 1.5335 1.14922
1.49182 1.53483 1.1474
1.4904 1.53866 1.14785
1.48544 1.53735 1.14956
1.49182 1.53483 1.1474
1.49701 1.5362 1.14599
1.49548 1.54 1.14654
1.4904 1.53866 1.14785
1.49701 1.5362 1.14599
1.50232 1.5376 1.14533
1.50067 1.54137 1.14597
1.49548 1.54 1.14654
1.50232 1.5376 1.14533
1.50308 1.5378 1.14721
1.50138 1.54155 1.14779
1.50067 1.54137 1.14597
1.50308 1.5378 1.14721
1.49781 1.53641 1.1482
1.49622 1.54019 1.14869
1.50138 1.54155 1.14779
1.49781 1.53641 1.1482
1.49254 1.53502 1.14924
1.49107 1.53884 1.14964
1.49622 1.54019 1.14869
1.49254 1.53502 1.14924
1.48731 1.53364 1.15049
1.48596 1.53749 1.15079
1.49107 1.53884 1.14964
1.48731 1.53364 1.15049
1.48217 1.53229 1.15206
1.48092 1.53616 1.15227
1.48596 1.53749 1.15079
1.47611 1.5349 1.15436
1.4806 1.53608 1.15162
1.47932 1.53995 1.15185
1.47492 1.53879 1.15445
1.4806 1.53608 1.15162
1.48544 1.53735 1.14956
1.48405 1.5412 1.1499
1.47932 1.53995 1.15185
1.48544 1.53735 1.14956
1.4904 1.53866 1.14785
1.48889 1.54247 1.1483
1.48405 1.5412 1.1499
1.4904 1.53866 1.14785
1.49548 1.54 1.14654
1.49385 1.54378 1.14708
1.48889 1.54247 1.1483
1.49548 1.54 1.14654
1.50067 1.54137 1.14597
1.4989 1.54511 1.14659
1.49385 1.54378 1.14708
1.50067 1.54137 1.14597
1.50138 1.54155 1.14779
1.49957 1.54529 1.14834
1.4989 1.54511 1.14659
1.50138 1.54155 1.14779
1.49622 1.54019 1.14869
1.49454 1.54396 1.14917
1.49957 1.54529 1.14834
1.49622 1.54019 1.14869
1.49107 1.53884 1.14964
1.48952 1.54264 1.15004
1.49454 1.54396 1.14917
1.49107 1.53884 1.14964
1.48596 1.53749 1.15079
1.48454 1.54132 1.15111
1.48952 1.54264 1.15004
1.48596 1.53749 1.15079
1.48092 1.53616 1.15227
1.47963 1.54003 1.15248
1.48454 1.54132 1.15111
1.47492 1.53879 1.15445
1.47932 1.53995 1.15185
1.478 1.54381 1.15209
1.47369 1.54267 1.15454
1.47932 1.53995 1.15185
1.48405 1.5412 1.1499
1.4826 1.54502 1.15024
1.478 1.54381 1.15209
1.48405 1.5412 1.1499
1.48889 1.54247 1.1483
1.48731 1.54626 1.14874
1.4826 1.54502 1.15024
1.48889 1.54247 1.1483
1.49385 1.54378 1.14708
1.49212 1.54753 1.14762
1.48731 1.54626 1.14874
1.49385 1.54378 1.14708
1.4989 1.54511 1.14659
1.49703 1.54882 1.1472
1.49212 1.54753 1.14762
1.4989 1.54511 1.14659
1.49957 1.54529 1.14834
1.49766 1.54899 1.14887
1.49703 1.54882 1.1472
1.49957 1.54529 1.14834
1.49454 1.54396 1.14917
1.49278 1.5477 1.14964
1.49766 1.54899 1.14887
1.49454 1.54396 1.14917
1.48952 1.54264 1.15004
1.48791 1.54642 1.15046
1.49278 1.5477 1.14964
1.48952 1.54264 1.15004
1.48454 1.54132 1.15111
1.48307 1.54514 1.15146
1.48791 1.54642 1.15046
1.48454 1.54132 1.15111
1.47963 1.54003 1.15248
1.4783 1.54389 1.15273
1.48307 1.54514 1.15146
1.47369 1.54267 1.15454
1.478 1.54381 1.15209
1.47664 1.54765 1.15232
1.47244 1.54655 1.15463
1.478 1.54381 1.15209
1.4826 1.54502 1.15024
1.4811 1.54883 1.15058
1.47664 1.54765 1.15232
1.4826 1.54502 1.15024
1.48731 1.54626 1.14874
1.48566 1.55003 1.14917
1.4811 1.54883 1.15058
1.48731 1.54626 1.14874
1.49212 1.54753 1.14762
1.49032 1.55126 1.14814
1.48566 1.55003 1.14917
1.49212 1.54753 1.14762
1.49703 1.54882 1.1472
1.49507 1.55251 1.14779
1.49032 1.55126 1.14814
1.49703 1.54882 1.1472
1.49766 1.54899 1.14887
1.49565 1.55266 1.14938
1.49507 1.55251 1.14779
1.49766 1.54899 1.14887
1.49278 1.5477 1.14964
1.49094 1.55142 1.1501
1.49565 1.55266 1.14938
1.49278 1.5477 1.14964
1.48791 1.54642 1.15046
1.48623 1.55018 1.15086
1.49094 1.55142 1.1501
1.48791 1.54642 1.15046
1.48307 1.54514 1.15146
1.48155 1.54895 1.15179
1.48623 1.55018 1.15086
1.48307 1.54514 1.15146
1.4783 1.54389 1.15273
1.47692 1.54773 1.15297
1.48155 1.54895 1.15179
1.47244 1.54655 1.15463
1.47664 1.54765 1.15232
1.47523 1.55149 1.15256
1.47116 1.55042 1.15472
1.47664 1.54765 1.15232
1.4811 1.54883 1.15058
1.47954 1.55263 1.15092
1.47523 1.55149 1.15256
1.4811 1.54883 1.15058
1.48566 1.55003 1.14917
1.48394 1.55379 1.1496
1.47954 1.55263 1.15092
1.48566 1.55003 1.14917
1.49032 1.55126 1.14814
1.48844 1.55497 1.14865
1.48394 1.55379 1.1496
1.49032 1.55126 1.14814
1.49507 1.55251 1.14779
1.49301 1.55618 1.14835
1.48844 1.55497 1.14865
1.49507 1.55251 1.14779
1.49565 1.55266 1.14938
1.49356 1.55632 1.14986
1.49301 1.55618 1.14835
1.49565 1.55266 1.14938
1.49094 1.55142 1.1501
1.48901 1.55512 1.15054
1.49356 1.55632 1.14986
1.49094 1.55142 1.1501
1.48623 1.55018 1.15086
1.48448 1.55393 1.15125
1.48901 1.55512 1.15054
1.48623 1.55018 1.15086
1.48155 1.54895 1.15179
1.47997 1.55274 1.15212
1.48448 1.55393 1.15125
1.48155 1.54895 1.15179
1.47692 1.54773 1.15297
1.4755 1.55156 1.15321
1.47997 1.55274 1.15212
1.47116 1.55042 1.15472
1.47523 1.55149 1.15256
1.47379 1.55532 1.15279
1.46985 1.55428 1.15481
1.47523 1.55149 1.15256
1.47954 1.55263 1.15092
1.47793 1.55641 1.15126
1.47379 1.55532 1.15279
1.47954 1.55263 1.15092
1.48394 1.55379 1.1496
1.48217 1.55752 1.15002
1.47793 1.55641 1.15126
1.48394 1.55379 1.1496
1.48844 1.55497 1.14865
1.48648 1.55866 1.14914
1.48217 1.55752 1.15002
1.48844 1.55497 1.14865
1.49301 1.55618 1.14835
1.49087 1.55982 1.1489
1.48648 1.55866 1.14914
1.49301 1.55618 1.14835
1.49356 1.55632 1.14986
1.49138 1.55995 1.15033
1.49087 1.55982 1.1489
1.49356 1.55632 1.14986
1.48901 1.55512 1.15054
1.48702 1.5588 1.15095
1.49138 1.55995 1.15033
1.48901 1.55512 1.15054
1.48448 1.55393 1.15125
1.48266 1.55765 1.15162
1.48702 1.5588 1.15095
1.48448 1.55393 1.15125
1.47997 1.55274 1.15212
1.47833 1.55651 1.15242
1.48266 1.55765 1.15162
1.47997 1.55274 1.15212
1.4755 1.55156 1.15321
1.47404 1.55538 1.15343
1.47833 1.55651 1.15242
1.46985 1.55428 1.15481
1.47379 1.55532 1.15279
1.47231 1.55913 1.15302
1.46852 1.55814 1.1549
1.47379 1.55532 1.15279
1.47793 1.55641 1.15126
1.47628 1.56018 1.15158
1.47231 1.55913 1.15302
1.47793 1.55641 1.15126
1.48217 1.55752 1.15002
1.48033 1.56125 1.15043
1.47628 1.56018 1.15158
1.48217 1.55752 1.15002
1.48648 1.55866 1.14914
1.48446 1.56234 1.14962
1.48033 1.56125 1.15043
1.48648 1.55866 1.14914
1.49087 1.55982 1.1489
1.48865 1.56344 1.14943
1.48446 1.56234 1.14962
1.49087 1.55982 1.1489
1.49138 1.55995 1.15033
1.48912 1.56356 1.15078
1.48865 1.56344 1.14943
1.49138 1.55995 1.15033
1.48702 1.5588 1.15095
1.48495 1.56247 1.15136
1.48912 1.56356 1.15078
1.48702 1.5588 1.15095
1.48266 1.55765 1.15162
1.48079 1.56137 1.15197
1.48495 1.56247 1.15136
1.48266 1.55765 1.15162
1.47833 1.55651 1.15242
1.47665 1.56028 1.15272
1.48079 1.56137 1.15197
1.47833 1.55651 1.15242
1.47404 1.55538 1.15343
1.47254 1.5592 1.15365
1.47665 1.56028 1.15272
1.46852 1.55814 1.1549
1.47231 1.55913 1.15302
1.47079 1.56294 1.15325
1.46717 1.56198 1.15498
1.47231 1.55913 1.15302
1.47628 1.56018 1.15158
1.47457 1.56394 1.15191
1.47079 1.56294 1.15325
1.47628 1.56018 1.15158
1.48033 1.56125 1.15043
1.47843 1.56495 1.15084
1.47457 1.56394 1.15191
1.48033 1.56125 1.15043
1.48446 1.56234 1.14962
1.48237 1.56599 1.15009
1.47843 1.56495 1.15084
1.48446 1.56234 1.14962
1.48865 1.56344 1.14943
1.48635 1.56704 1.14994
1.48237 1.56599 1.15009
1.48865 1.56344 1.14943
1.48912 1.56356 1.15078
1.48679 1.56715 1.15122
1.48635 1.56704 1.14994
1.48912 1.56356 1.15078
1.48495 1.56247 1.15136
1.48282 1.56611 1.15175
1.48679 1.56715 1.15122
1.48495 1.56247 1.15136
1.48079 1.56137 1.15197
1.47886 1.56507 1.15232
1.48282 1.56611 1.15175
1.48079 1.56137 1.15197
1.47665 1.56028 1.15272
1.47492 1.56403 1.15301
1.47886 1.56507 1.15232
1.47665 1.56028 1.15272
1.47254 1.5592 1.15365
1.47101 1.563 1.15385
1.47492 1.56403 1.15301
1.46717 1.56198 1.15498
1.47079 1.56294 1.15325
1.46924 1.56674 1.15347
1.46579 1.56583 1.15507
1.47079 1.56294 1.15325
1.47457 1.56394 1.15191
1.47283 1.56768 1.15223
1.46924 1.56674 1.15347
1.47457 1.56394 1.15191
1.47843 1.56495 1.15084
1.47649 1.56865 1.15123
1.47283 1.56768 1.15223
1.47843 1.56495 1.15084
1.48237 1.56599 1.15009
1.48021 1.56963 1.15055
1.47649 1.56865 1.15123
1.48237 1.56599 1.15009
1.48635 1.56704 1.14994
1.48399 1.57062 1.15043
1.48021 1.56963 1.15055
1.48635 1.56704 1.14994
1.48679 1.56715 1.15122
1.48439 1.57073 1.15163
1.48399 1.57062 1.15043
1.48679 1.56715 1.15122
1.48282 1.56611 1.15175
1.48064 1.56974 1.15212
1.48439 1.57073 1.15163
1.48282 1.56611 1.15175
1.47886 1.56507 1.15232
1.47689 1.56875 1.15265
1.48064 1.56974 1.15212
1.47886 1.56507 1.15232
1.47492 1.56403 1.15301
1.47315 1.56777 1.15328
1.47689 1.56875 1.15265
1.47492 1.56403 1.15301
1.47101 1.563 1.15385
1.46944 1.56679 1.15406
1.47315 1.56777 1.15328
1.46579 1.56583 1.15507
1.46924 1.56674 1.15347
1.46766 1.57053 1.15369
1.46439 1.56967 1.15515
1.46924 1.56674 1.15347
1.47283 1.56768 1.15223
1.47104 1.57142 1.15254
1.46766 1.57053 1.15369
1.47283 1.56768 1.15223
1.47649 1.56865 1.15123
1.47449 1.57233 1.15162
1.47104 1.57142 1.15254
1.47649 1.56865 1.15123
1.48021 1.56963 1.15055
1.478 1.57325 1.151
1.47449 1.57233 1.15162
1.48021 1.56963 1.15055
1.48399 1.57062 1.15043
1.48156 1.57419 1.1509
1.478 1.57325 1.151
1.48399 1.57062 1.15043
1.48439 1.57073 1.15163
1.48193 1.57429 1.15203
1.48156 1.57419 1.1509
1.48439 1.57073 1.15163
1.48064 1.56974 1.15212
1.47839 1.57336 1.15248
1.48193 1.57429 1.15203
1.48064 1.56974 1.15212
1.47689 1.56875 1.15265
1.47486 1.57242 1.15296
1.47839 1.57336 1.15248
1.47689 1.56875 1.15265
1.47315 1.56777 1.15328
1.47134 1.5715 1.15354
1.47486 1.57242 1.15296
1.47315 1.56777 1.15328
1.46944 1.56679 1.15406
1.46784 1.57058 1.15425
1.47134 1.5715 1.15354
1.46439 1.56967 1.15515
1.46766 1.57053 1.15369
1.46604 1.57431 1.1539
1.46297 1.5735 1.15523
1.46766 1.57053 1.15369
1.47104 1.57142 1.15254
1.46922 1.57514 1.15285
1.46604 1.57431 1.1539
1.47104 1.57142 1.15254
1.47449 1.57233 1.15162
1.47245 1.576 1.152
1.46922 1.57514 1.15285
1.47449 1.57233 1.15162
1.478 1.57325 1.151
1.47574 1.57686 1.15143
1.47245 1.576 1.152
1.478 1.57325 1.151
1.48156 1.57419 1.1509
1.47907 1.57774 1.15136
1.47574 1.57686 1.15143
1.48156 1.57419 1.1509
1.48193 1.57429 1.15203
1.4794 1.57783 1.15242
1.47907 1.57774 1.15136
1.48193 1.57429 1.15203
1.47839 1.57336 1.15248
1.47609 1.57695 1.15282
1.4794 1.57783 1.15242
1.47839 1.57336 1.15248
1.47486 1.57242 1.15296
1.47278 1.57608 1.15327
1.47609 1.57695 1.15282
1.47486 1.57242 1.15296
1.47134 1.5715 1.15354
1.46949 1.57522 1.1538
1.47278 1.57608 1.15327
1.47134 1.5715 1.15354
1.46784 1.57058 1.15425
1.46621 1.57435 1.15444
1.46949 1.57522 1.1538
1.46297 1.5735 1.15523
1.46604 1.57431 1.1539
1.46441 1.57808 1.15411
1.46154 1.57733 1.15531
1.46604 1.57431 1.1539
1.46922 1.57514 1.15285
1.46736 1.57886 1.15314
1.46441 1.57808 1.15411
1.46922 1.57514 1.15285
1.47245 1.576 1.152
1.47037 1.57965 1.15237
1.46736 1.57886 1.15314
1.47245 1.576 1.152
1.47574 1.57686 1.15143
1.47343 1.58046 1.15186
1.47037 1.57965 1.15237
1.47574 1.57686 1.15143
1.47907 1.57774 1.15136
1.47652 1.58127 1.15181
1.47343 1.58046 1.15186
1.47907 1.57774 1.15136
1.4794 1.57783 1.15242
1.47682 1.58135 1.15279
1.47652 1.58127 1.15181
1.4794 1.57783 1.15242
1.47609 1.57695 1.15282
1.47374 1.58054 1.15315
1.47682 1.58135 1.15279
1.47609 1.57695 1.15282
1.47278 1.57608 1.15327
1.47067 1.57973 1.15356
1.47374 1.58054 1.15315
1.47278 1.57608 1.15327
1.46949 1.57522 1.1538
1.46761 1.57892 1.15404
1.47067 1.57973 1.15356
1.46949 1.57522 1.1538
1.46621 1.57435 1.15444
1.46456 1.57812 1.15461
1.46761 1.57892 1.15404
1.46154 1.57733 1.15531
1.46441 1.57808 1.15411
1.46274 1.58185 1.15431
1.46008 1.58115 1.15539
1.46441 1.57808 1.15411
1.46736 1.57886 1.15314
1.46547 1.58257 1.15344
1.46274 1.58185 1.15431
1.46736 1.57886 1.15314
1.47037 1.57965 1.15237
1.46825 1.5833 1.15274
1.46547 1.58257 1.15344
1.47037 1.57965 1.15237
1.47343 1.58046 1.15186
1.47106 1.58404 1.15227
1.46825 1.5833 1.15274
1.47343 1.58046 1.15186
1.47652 1.58127 1.15181
1.47392 1.5848 1.15224
1.47106 1.58404 1.15227
1.47652 1.58127 1.15181
1.47682 1.58135 1.15279
1.47419 1.58487 1.15314
1.47392 1.5848 1.15224
1.47682 1.58135 1.15279
1.47374 1.58054 1.15315
1.47135 1.58412 1.15347
1.47419 1.58487 1.15314
1.47374 1.58054 1.15315
1.47067 1.57973 1.15356
1.46852 1.58337 1.15384
1.47135 1.58412 1.15347
1.47067 1.57973 1.15356
1.46761 1.57892 1.15404
1.46569 1.58263 1.15427
1.46852 1.58337 1.15384
1.46761 1.57892 1.15404
1.46456 1.57812 1.15461
1.46288 1.58189 1.15478
1.46569 1.58263 1.15427
1.46008 1.58115 1.15539
1.46274 1.58185 1.15431
1.46106 1.58561 1.15451
1.45862 1.58497 1.15547
1.46274 1.58185 1.15431
1.46547 1.58257 1.15344
1.46355 1.58627 1.15372
1.46106 1.58561 1.15451
1.46547 1.58257 1.15344
1.46825 1.5833 1.15274
1.46609 1.58694 1.15309
1.46355 1.58627 1.15372
1.46825 1.5833 1.15274
1.47106 1.58404 1.15227
1.46866 1.58762 1.15268
1.46609 1.58694 1.15309
1.47106 1.58404 1.15227
1.47392 1.5848 1.15224
1.47127 1.5883 1.15266
1.46866 1.58762 1.15268
1.47392 1.5848 1.15224
1.47419 1.58487 1.15314
1.47151 1.58837 1.15348
1.47127 1.5883 1.15266
1.47419 1.58487 1.15314
1.47135 1.58412 1.15347
1.46892 1.58768 1.15378
1.47151 1.58837 1.15348
1.47135 1.58412 1.15347
1.46852 1.58337 1.15384
1.46633 1.587 1.1541
1.46892 1.58768 1.15378
1.46852 1.58337 1.15384
1.46569 1.58263 1.15427
1.46375 1.58632 1.15449
1.46633 1.587 1.1541
1.46569 1.58263 1.15427
1.46288 1.58189 1.15478
1.46118 1.58564 1.15495
1.46375 1.58632 1.15449
1.45862 1.58497 1.15547
1.46106 1.58561 1.15451
1.45935 1.58937 1.1547
1.45714 1.58879 1.15554
1.46106 1.58561 1.15451
1.46355 1.58627 1.15372
1.46161 1.58997 1.154
1.45935 1.58937 1.1547
1.46355 1.58627 1.15372
1.46609 1.58694 1.15309
1.4639 1.59057 1.15344
1.46161 1.58997 1.154
1.46609 1.58694 1.15309
1.46866 1.58762 1.15268
1.46622 1.59118 1.15307
1.4639 1.59057 1.15344
1.46866 1.58762 1.15268
1.47127 1.5883 1.15266
1.46857 1.5918 1.15307
1.46622 1.59118 1.15307
1.47127 1.5883 1.15266
1.47151 1.58837 1.15348
1.46879 1.59186 1.15381
1.46857 1.5918 1.15307
1.47151 1.58837 1.15348
1.46892 1.58768 1.15378
1.46645 1.59124 1.15407
1.46879 1.59186 1.15381
1.46892 1.58768 1.15378
1.46633 1.587 1.1541
1.46411 1.59062 1.15436
1.46645 1.59124 1.15407
1.46633 1.587 1.1541
1.46375 1.58632 1.15449
1.46178 1.59001 1.1547
1.46411 1.59062 1.15436
1.46375 1.58632 1.15449
1.46118 1.58564 1.15495
1.45946 1.5894 1.1551
1.46178 1.59001 1.1547
1.45714 1.58879 1.15554
1.45935 1.58937 1.1547
1.45769 1.59296 1.15487
1.45571 1.59244 1.15561
1.45935 1.58937 1.1547
1.46161 1.58997 1.154
1.45971 1.59349 1.15425
1.45769 1.59296 1.15487
1.46161 1.58997 1.154
1.4639 1.59057 1.15344
1.46176 1.59403 1.15376
1.45971 1.59349 1.15425
1.4639 1.59057 1.15344
1.46622 1.59118 1.15307
1.46385 1.59458 1.15344
1.46176 1.59403 1.15376
1.46622 1.59118 1.15307
1.46857 1.5918 1.15307
1.46595 1.59514 1.15344
1.46385 1.59458 1.15344
1.46857 1.5918 1.15307
1.46879 1.59186 1.15381
1.46614 1.59519 1.15411
1.46595 1.59514 1.15344
1.46879 1.59186 1.15381
1.46645 1.59124 1.15407
1.46404 1.59463 1.15433
1.46614 1.59519 1.15411
1.46645 1.59124 1.15407
1.46411 1.59062 1.15436
1.46195 1.59408 1.15458
1.46404 1.59463 1.15433
1.46411 1.59062 1.15436
1.46178 1.59001 1.1547
1.45987 1.59353 1.15488
1.46195 1.59408 1.15458
1.46178 1.59001 1.1547
1.45946 1.5894 1.1551
1.45779 1.59299 1.15523
1.45987 1.59353 1.15488
1.45571 1.59244 1.15561
1.45769 1.59296 1.15487
1.45722 1.59381 1.15492
1.45531 1.59331 1.15563
1.45769 1.59296 1.15487
1.45971 1.59349 1.15425
1.45917 1.59433 1.15433
1.45722 1.59381 1.15492
1.45971 1.59349 1.15425
1.46176 1.59403 1.15376
1.46115 1.59485 1.15385
1.45917 1.59433 1.15433
1.46176 1.59403 1.15376
1.46385 1.59458 1.15344
1.46316 1.59538 1.15354
1.46115 1.59485 1.15385
1.46385 1.59458 1.15344
1.46595 1.59514 1.15344
1.46519 1.59591 1.15355
1.46316 1.59538 1.15354
1.46595 1.59514 1.15344
1.46614 1.59519 1.15411
1.46537 1.59596 1.1542
1.46519 1.59591 1.15355
1.46614 1.59519 1.15411
1.46404 1.59463 1.15433
1.46335 1.59543 1.15441
1.46537 1.59596 1.1542
1.46404 1.59463 1.15433
1.46195 1.59408 1.15458
1.46133 1.59489 1.15465
1.46335 1.59543 1.15441
1.46195 1.59408 1.15458
1.45987 1.59353 1.15488
1.45932 1.59436 1.15494
1.46133 1.59489 1.15465
1.45987 1.59353 1.15488
1.45779 1.59299 1.15523
1.45731 1.59384 1.15527
1.45932 1.59436 1.15494
1.45531 1.59331 1.15563
1.45722 1.59381 1.15492
1.45677 1.59449 1.15498
1.45493 1.594 1.15566
1.45722 1.59381 1.15492
1.45917 1.59433 1.15433
1.45864 1.59498 1.15441
1.45677 1.59449 1.15498
1.45917 1.59433 1.15433
1.46115 1.59485 1.15385
1.46055 1.59548 1.15395
1.45864 1.59498 1.15441
1.46115 1.59485 1.15385
1.46316 1.59538 1.15354
1.46249 1.59599 1.15366
1.46055 1.59548 1.15395
1.46316 1.59538 1.15354
1.46519 1.59591 1.15355
1.46444 1.59651 1.15367
1.46249 1.59599 1.15366
1.46519 1.59591 1.15355
1.46537 1.59596 1.1542
1.46462 1.59655 1.15429
1.46444 1.59651 1.15367
1.46537 1.59596 1.1542
1.46335 1.59543 1.15441
1.46267 1.59604 1.15449
1.46462 1.59655 1.15429
1.46335 1.59543 1.15441
1.46133 1.59489 1.15465
1.46072 1.59553 1.15472
1.46267 1.59604 1.15449
1.46133 1.59489 1.15465
1.45932 1.59436 1.15494
1.45879 1.59502 1.155
1.46072 1.59553 1.15472
1.45932 1.59436 1.15494
1.45731 1.59384 1.15527
1.45685 1.59451 1.15531
1.45879 1.59502 1.155
1.45493 1.594 1.15566
1.45677 1.59449 1.15498
1.45623 1.59514 1.15505
1.45448 1.59468 1.1557
1.45677 1.59449 1.15498
1.45864 1.59498 1.15441
1.45802 1.59561 1.15451
1.45623 1.59514 1.15505
1.45864 1.59498 1.15441
1.46055 1.59548 1.15395
1.45984 1.59609 1.15407
1.45802 1.59561 1.15451
1.46055 1.59548 1.15395
1.46249 1.59599 1.15366
1.46169 1.59658 1.15379
1.45984 1.59609 1.15407
1.46249 1.59599 1.15366
1.46444 1.59651 1.15367
1.46355 1.59707 1.1538
1.46169 1.59658 1.15379
1.46444 1.59651 1.15367
1.46462 1.59655 1.15429
1.46372 1.59711 1.1544
1.46355 1.59707 1.1538
1.46462 1.59655 1.15429
1.46267 1.59604 1.15449
1.46186 1.59663 1.15459
1.46372 1.59711 1.1544
1.46267 1.59604 1.15449
1.46072 1.59553 1.15472
1.46001 1.59614 1.15481
1.46186 1.59663 1.15459
1.46072 1.59553 1.15472
1.45879 1.59502 1.155
1.45816 1.59565 1.15507
1.46001 1.59614 1.15481
1.45879 1.59502 1.155
1.45685 1.59451 1.15531
1.45632 1.59516 1.15537
1.45816 1.59565 1.15507
1.45448 1.59468 1.1557
1.45623 1.59514 1.15505
1.45562 1.59578 1.15514
1.45396 1.59534 1.15575
1.45623 1.59514 1.15505
1.45802 1.59561 1.15451
1.4573 1.59622 1.15463
1.45562 1.59578 1.15514
1.45802 1.59561 1.15451
1.45984 1.59609 1.15407
1.45901 1.59667 1.15422
1.4573 1.59622 1.15463
1.45984 1.59609 1.15407
1.46169 1.59658 1.15379
1.46075 1.59713 1.15396
1.45901 1.59667 1.15422
1.46169 1.59658 1.15379
1.46355 1.59707 1.1538
1.46251 1.59759 1.15397
1.46075 1.59713 1.15396
1.46355 1.59707 1.1538
1.46372 1.59711 1.1544
1.46267 1.59763 1.15453
1.46251 1.59759 1.15397
1.46372 1.59711 1.1544
1.46186 1.59663 1.15459
1.46092 1.59717 1.15471
1.46267 1.59763 1.15453
1.46186 1.59663 1.15459
1.46001 1.59614 1.15481
1.45917 1.59671 1.15492
1.46092 1.59717 1.15471
1.46001 1.59614 1.15481
1.45816 1.59565 1.15507
1.45743 1.59625 1.15516
1.45917 1.59671 1.15492
1.45816 1.59565 1.15507
1.45632 1.59516 1.15537
1.45569 1.5958 1.15544
1.45743 1.59625 1.15516
1.45396 1.59534 1.15575
1.45562 1.59578 1.15514
1.45489 1.59638 1.15525
1.45336 1.59598 1.15581
1.45562 1.59578 1.15514
1.4573 1.59622 1.15463
1.45646 1.59679 1.15478
1.45489 1.59638 1.15525
1.4573 1.59622 1.15463
1.45901 1.59667 1.15422
1.45804 1.59721 1.1544
1.45646 1.59679 1.15478
1.45901 1.59667 1.15422
1.46075 1.59713 1.15396
1.45965 1.59764 1.15416
1.45804 1.59721 1.1544
1.46075 1.59713 1.15396
1.46251 1.59759 1.15397
1.46128 1.59806 1.15417
1.45965 1.59764 1.15416
1.46251 1.59759 1.15397
1.46267 1.59763 1.15453
1.46142 1.5981 1.15469
1.46128 1.59806 1.15417
1.46267 1.59763 1.15453
1.46092 1.59717 1.15471
1.4598 1.59767 1.15486
1.46142 1.5981 1.15469
1.46092 1.59717 1.15471
1.45917 1.59671 1.15492
1.45819 1.59725 1.15504
1.4598 1.59767 1.15486
1.45917 1.59671 1.15492
1.45743 1.59625 1.15516
1.45657 1.59682 1.15527
1.45819 1.59725 1.15504
1.45743 1.59625 1.15516
1.45569 1.5958 1.15544
1.45496 1.5964 1.15553
1.45657 1.59682 1.15527
1.45336 1.59598 1.15581
1.45489 1.59638 1.15525
1.45404 1.59695 1.15538
1.45265 1.59659 1.15589
1.45489 1.59638 1.15525
1.45646 1.59679 1.15478
1.45545 1.59732 1.15496
1.45404 1.59695 1.15538
1.45646 1.59679 1.15478
1.45804 1.59721 1.1544
1.45688 1.5977 1.15462
1.45545 1.59732 1.15496
1.45804 1.59721 1.1544
1.45965 1.59764 1.15416
1.45833 1.59808 1.1544
1.45688 1.5977 1.15462
1.45965 1.59764 1.15416
1.46128 1.59806 1.15417
1.4598 1.59847 1.15441
1.45833 1.59808 1.1544
1.46128 1.59806 1.15417
1.46142 1.5981 1.15469
1.45993 1.5985 1.15488
1.4598 1.59847 1.15441
1.46142 1.5981 1.15469
1.4598 1.59767 1.15486
1.45847 1.59812 1.15503
1.45993 1.5985 1.15488
1.4598 1.59767 1.15486
1.45819 1.59725 1.15504
1.45701 1.59773 1.1552
1.45847 1.59812 1.15503
1.45819 1.59725 1.15504
1.45657 1.59682 1.15527
1.45555 1.59735 1.1554
1.45701 1.59773 1.1552
1.45657 1.59682 1.15527
1.45496 1.5964 1.15553
1.4541 1.59697 1.15563
1.45555 1.59735 1.1554
1.45265 1.59659 1.15589
1.45404 1.59695 1.15538
1.45299 1.59747 1.15555
1.45179 1.59715 1.15599
1.45404 1.59695 1.15538
1.45545 1.59732 1.15496
1.45421 1.59779 1.15518
1.45299 1.59747 1.15555
1.45545 1.59732 1.15496
1.45688 1.5977 1.15462
1.45545 1.59812 1.15489
1.45421 1.59779 1.15518
1.45688 1.5977 1.15462
1.45833 1.59808 1.1544
1.45671 1.59845 1.15471
1.45545 1.59812 1.15489
1.45833 1.59808 1.1544
1.4598 1.59847 1.15441
1.45798 1.59879 1.15472
1.45671 1.59845 1.15471
1.4598 1.59847 1.15441
1.45993 1.5985 1.15488
1.45809 1.59882 1.15512
1.45798 1.59879 1.15472
1.45993 1.5985 1.15488
1.45847 1.59812 1.15503
1.45683 1.59848 1.15525
1.45809 1.59882 1.15512
1.45847 1.59812 1.15503
1.45701 1.59773 1.1552
1.45556 1.59815 1.1554
1.45683 1.59848 1.15525
1.45701 1.59773 1.1552
1.45555 1.59735 1.1554
1.4543 1.59782 1.15557
1.45556 1.59815 1.1554
1.45555 1.59735 1.1554
1.4541 1.59697 1.15563
1.45304 1.59748 1.15577
1.4543 1.59782 1.15557
1.45179 1.59715 1.15599
1.45299 1.59747 1.15555
1.4516 1.5979 1.15579
1.45065 1.59765 1.15613
1.45299 1.59747 1.15555
1.45421 1.59779 1.15518
1.45257 1.59816 1.1555
1.4516 1.5979 1.15579
1.45421 1.59779 1.15518
1.45545 1.59812 1.15489
1.45355 1.59841 1.15527
1.45257 1.59816 1.1555
1.45545 1.59812 1.15489
1.45671 1.59845 1.15471
1.45455 1.59868 1.15512
1.45355 1.59841 1.15527
1.45671 1.59845 1.15471
1.45798 1.59879 1.15472
1.45555 1.59894 1.15513
1.45455 1.59868 1.15512
1.45798 1.59879 1.15472
1.45809 1.59882 1.15512
1.45564 1.59897 1.15545
1.45555 1.59894 1.15513
1.45809 1.59882 1.15512
1.45683 1.59848 1.15525
1.45464 1.5987 1.15555
1.45564 1.59897 1.15545
1.45683 1.59848 1.15525
1.45556 1.59815 1.1554
1.45364 1.59844 1.15566
1.45464 1.5987 1.15555
1.45556 1.59815 1.1554
1.4543 1.59782 1.15557
1.45264 1.59817 1.1558
1.45364 1.59844 1.15566
1.4543 1.59782 1.15557
1.45304 1.59748 1.15577
1.45164 1.59791 1.15596
1.45264 1.59817 1.1558
1.45065 1.59765 1.15613
1.4516 1.5979 1.15579
1.44933 1.5981 1.15619
1.4488 1.59796 1.15638
1.4516 1.5979 1.15579
1.45257 1.59816 1.1555
1.44987 1.59824 1.15603
1.44933 1.5981 1.15619
1.45257 1.59816 1.1555
1.45355 1.59841 1.15527
1.45042 1.59839 1.1559
1.44987 1.59824 1.15603
1.45355 1.59841 1.15527
1.45455 1.59868 1.15512
1.45098 1.59853 1.15582
1.45042 1.59839 1.1559
1.45455 1.59868 1.15512
1.45555 1.59894 1.15513
1.45154 1.59868 1.15582
1.45098 1.59853 1.15582
1.45555 1.59894 1.15513
1.45564 1.59897 1.15545
1.45159 1.5987 1.156
1.45154 1.59868 1.15582
1.45564 1.59897 1.15545
1.45464 1.5987 1.15555
1.45103 1.59855 1.15606
1.45159 1.5987 1.156
1.45464 1.5987 1.15555
1.45364 1.59844 1.15566
1.45047 1.5984 1.15612
1.45103 1.59855 1.15606
1.45364 1.59844 1.15566
1.45264 1.59817 1.1558
1.44991 1.59825 1.1562
1.45047 1.5984 1.15612
1.45264 1.59817 1.1558
1.45164 1.59791 1.15596
1.44935 1.59811 1.15629
1.44991 1.59825 1.1562
1.4488 1.59796 1.15638
1.44933 1.5981 1.15619
1.44687 1.59817 1.15663
1.4468 1.59815 1.15666
1.44933 1.5981 1.15619
1.44987 1.59824 1.15603
1.44695 1.59819 1.15661
1.44687 1.59817 1.15663
1.44987 1.59824 1.15603
1.45042 1.59839 1.1559
1.44703 1.59821 1.15659
1.44695 1.59819 1.15661
1.45042 1.59839 1.1559
1.45098 1.59853 1.15582
1.44711 1.59823 1.15658
1.44703 1.59821 1.15659
1.45098 1.59853 1.15582
1.45154 1.59868 1.15582
1.44719 1.59825 1.15658
1.44711 1.59823 1.15658
1.45154 1.59868 1.15582
1.45159 1.5987 1.156
1.44719 1.59825 1.1566
1.44719 1.59825 1.15658
1.45159 1.5987 1.156
1.45103 1.59855 1.15606
1.44711 1.59823 1.15661
1.44719 1.59825 1.1566
1.45103 1.59855 1.15606
1.45047 1.5984 1.15612
1.44703 1.59821 1.15662
1.44711 1.59823 1.15661
1.45047 1.5984 1.15612
1.44991 1.59825 1.1562
1.44696 1.59819 1.15663
1.44703 1.59821 1.15662
1.44991 1.59825 1.1562
1.44935 1.59811 1.15629
1.44688 1.59817 1.15664
1.44696 1.59819 1.15663
1.49422 1.47826 1.15023
1.4911 1.47744 1.1527
1.49035 1.47985 1.15266
1.49362 1.48071 1.14989
1.49362 1.48071 1.14989
1.49035 1.47985 1.15266
1.48928 1.48369 1.15274
1.49283 1.48462 1.14965
1.49283 1.48462 1.14965
1.48928 1.48369 1.15274
1.48829 1.48763 1.15294
1.49219 1.48866 1.14971
1.49219 1.48866 1.14971
1.48829 1.48763 1.15294
1.48732 1.49158 1.15317
1.49158 1.4927 1.14992
1.49158 1.4927 1.14992
1.48732 1.49158 1.15317
1.48634 1.49553 1.15335
1.4909 1.49673 1.15013
1.4909 1.49673 1.15013
1.48634 1.49553 1.15335
1.48536 1.49948 1.15351
1.49016 1.50074 1.15035
1.49016 1.50074 1.15035
1.48536 1.49948 1.15351
1.48439 1.50343 1.15364
1.48936 1.50474 1.15057
1.48936 1.50474 1.15057
1.48439 1.50343 1.15364
1.48343 1.50738 1.15374
1.48851 1.50872 1.15079
1.48851 1.50872 1.15079
1.48343 1.50738 1.15374
1.48249 1.51134 1.15383
1.48761 1.51269 1.151
1.48761 1.51269 1.151
1.48249 1.51134 1.15383
1.48153 1.51529 1.15391
1.48664 1.51664 1.15122
1.48664 1.51664 1.15122
1.48153 1.51529 1.15391
1.48052 1.51923 1.154
1.48561 1.52057 1.15143
1.48561 1.52057 1.15143
1.48052 1.51923 1.154
1.47947 1.52316 1.15408
1.48452 1.52449 1.15164
1.48452 1.52449 1.15164
1.47947 1.52316 1.15408
1.47839 1.52709 1.15418
1.48337 1.5284 1.15186
1.48337 1.5284 1.15186
1.47839 1.52709 1.15418
1.47726 1.53099 1.15427
1.48217 1.53229 1.15206
1.48217 1.53229 1.15206
1.47726 1.53099 1.15427
1.47611 1.5349 1.15436
1.48092 1.53616 1.15227
1.48092 1.53616 1.15227
1.47611 1.5349 1.15436
1.47492 1.53879 1.15445
1.47963 1.54003 1.15248
1.47963 1.54003 1.15248
1.47492 1.53879 1.15445
1.47369 1.54267 1.15454
1.4783 1.54389 1.15273
1.4783 1.54389 1.15273
1.47369 1.54267 1.15454
1.47244 1.54655 1.15463
1.47692 1.54773 1.15297
1.47692 1.54773 1.15297
1.47244 1.54655 1.15463
1.47116 1.55042 1.15472
1.4755 1.55156 1.15321
1.4755 1.55156 1.15321
1.47116 1.55042 1.15472
1.46985 1.55428 1.15481
1.47404 1.55538 1.15343
1.47404 1.55538 1.15343
1.46985 1.55428 1.15481
1.46852 1.55814 1.1549
1.47254 1.5592 1.15365
1.47254 1.5592 1.15365
1.46852 1.55814 1.1549
1.46717 1.56198 1.15498
1.47101 1.563 1.15385
1.47101 1.563 1.15385
1.46717 1.56198 1.15498
1.46579 1.56583 1.15507
1.46944 1.56679 1.15406
1.46944 1.56679 1.15406
1.46579 1.56583 1.15507
1.46439 1.56967 1.15515
1.46784 1.57058 1.15425
1.46784 1.57058 1.15425
1.46439 1.56967 1.15515
1.46297 1.5735 1.15523
1.46621 1.57435 1.15444
1.46621 1.57435 1.15444
1.46297 1.5735 1.15523
1.46154 1.57733 1.15531
1.46456 1.57812 1.15461
1.46456 1.57812 1.15461
1.46154 1.57733 1.15531
1.46008 1.58115 1.15539
1.46288 1.58189 1.15478
1.46288 1.58189 1.15478
1.46008 1.58115 1.15539
1.45862 1.58497 1.15547
1.46118 1.58564 1.15495
1.46118 1.58564 1.15495
1.45862 1.58497 1.15547
1.45714 1.58879 1.15554
1.45946 1.5894 1.1551
1.45946 1.5894 1.1551
1.45714 1.58879 1.15554
1.45571 1.59244 1.15561
1.45779 1.59299 1.15523
1.45779 1.59299 1.15523
1.45571 1.59244 1.15561
1.45531 1.59331 1.15563
1.45731 1.59384 1.15527
1.45731 1.59384 1.15527
1.45531 1.59331 1.15563
1.45493 1.594 1.15566
1.45685 1.59451 1.15531
1.45685 1.59451 1.15531
1.45493 1.594 1.15566
1.45448 1.59468 1.1557
1.45632 1.59516 1.15537
1.45632 1.59516 1.15537
1.45448 1.59468 1.1557
1.45396 1.59534 1.15575
1.45569 1.5958 1.15544
1.45569 1.5958 1.15544
1.45396 1.59534 1.15575
1.45336 1.59598 1.15581
1.45496 1.5964 1.15553
1.45496 1.5964 1.15553
1.45336 1.59598 1.15581
1.45265 1.59659 1.15589
1.4541 1.59697 1.15563
1.4541 1.59697 1.15563
1.45265 1.59659 1.15589
1.45179 1.59715 1.15599
1.45304 1.59748 1.15577
1.45304 1.59748 1.15577
1.45179 1.59715 1.15599
1.45065 1.59765 1.15613
1.45164 1.59791 1.15596
1.45164 1.59791 1.15596
1.45065 1.59765 1.15613
1.4488 1.59796 1.15638
1.44935 1.59811 1.15629
1.44935 1.59811 1.15629
1.4488 1.59796 1.15638
1.4468 1.59815 1.15666
1.44688 1.59817 1.15664
1.4933 1.4528 1.1555
1.4933 1.4528 1.1555
1.4933 1.4528 1.1555
1.4933 1.4528 1.1555
1.4933 1.4528 1.1555
1.4933 1.4528 1.1555
1.4933 1.4528 1.1555
1.4933 1.4528 1.1555
1.4933 1.4528 1.1555
1.4933 1.4528 1.1555
1.4933 1.4528 1.1555
1.4933 1.4528 1.1555
1.4933 1.4528 1.1555
1.4933 1.4528 1.1555
1.4933 1.4528 1.1555
1.4933 1.4528 1.1555
1.4933 1.4528 1.1555
1.4933 1.4528 1.1555
1.4933 1.4528 1.1555
1.4933 1.4528 1.1555
1.4933 1.4528 1.1555
1.4933 1.4528 1.1555
1.4933 1.4528 1.1555
1.4933 1.4528 1.1555
1.4933 1.4528 1.1555
1.4933 1.4528 1.1555
1.4933 1.4528 1.1555
1.4933 1.4528 1.1555
1.4933 1.4528 1.1555
1.4933 1.4528 1.1555
1.4933 1.4528 1.1555
1.4933 1.4528 1.1555
1.4933 1.4528 1.1555
1.4933 1.4528 1.1555
1.4933 1.4528 1.1555
1.4933 1.4528 1.1555
1.4933 1.4528 1.1555
1.4933 1.4528 1.1555
1.4933 1.4528 1.1555
1.4933 1.4528 1.1555
1.4933 1.4528 1.1555
1.4933 1.4528 1.1555
1.4933 1.4528 1.1555
1.4933 1.4528 1.1555
1.4933 1.4528 1.1555
1.4933 1.4528 1.1555
1.4933 1.4528 1.1555
1.4933 1.4528 1.1555
1.4933 1.4528 1.1555
1.4933 1.4528 1.1555
1.4933 1.4528 1.1555
1.4933 1.4528 1.1555
1.4933 1.4528 1.1555
1.4933 1.4528 1.1555
1.4933 1.4528 1.1555
1.4933 1.4528 1.1555
1.4933 1.4528 1.1555
1.4933 1.4528 1.1555
1.4933 1.4528 1.1555
1.4933 1.4528 1.1555
1.4933 1.4528 1.1555
1.4933 1.4528 1.1555
1.4933 1.4528 1.1555
1.4933 1.4528 1.1555
1.4933 1.4528 1.1555
1.4933 1.4528 1.1555
1.4933 1.4528 1.1555
1.4933 1.4528 1.1555
1.4933 1.4528 1.1555
1.4933 1.4528 1.1555
1.4933 1.4528 1.1555
1.4933 1.4528 1.1555
1.4933 1.4528 1.1555
1.4933 1.4528 1.1555
1.4933 1.4528 1.1555
1.4933 1.4528 1.1555
1.4933 1.4528 1.1555
1.4933 1.4528 1.1555
1.4933 1.4528 1.1555
1.4933 1.4528 1.1555
1.4933 1.4528 1.1555
1.4933 1.4528 1.1555
1.4933 1.4528 1.1555
1.4933 1.4528 1.1555
1.4933 1.4528 1.1555
1.4933 1.4528 1.1555
1.4933 1.4528 1.1555
1.4933 1.4528 1.1555
1.4955 1.42816 1.1527
1.49317 1.42755 1.14944
1.49377 1.4251 1.14914
1.49625 1.42575 1.15266
1.49317 1.42755 1.14944
1.49039 1.42682 1.14657
1.4908 1.42432 1.14602
1.49377 1.4251 1.14914
1.49039 1.42682 1.14657
1.4874 1.42603 1.14391
1.48762 1.42348 1.14314
1.4908 1.42432 1.14602
1.4874 1.42603 1.14391
1.48417 1.42518 1.14159
1.48418 1.42257 1.14058
1.48762 1.42348 1.14314
1.48417 1.42518 1.14159
1.48054 1.42422 1.14008
1.48032 1.42156 1.13883
1.48418 1.42257 1.14058
1.48054 1.42422 1.14008
1.47872 1.42374 1.14217
1.47848 1.42107 1.14087
1.48032 1.42156 1.13883
1.47872 1.42374 1.14217
1.48202 1.42461 1.14436
1.48204 1.42201 1.14324
1.47848 1.42107 1.14087
1.48202 1.42461 1.14436
1.48553 1.42554 1.14622
1.48575 1.42299 1.14533
1.48204 1.42201 1.14324
1.48553 1.42554 1.14622
1.489 1.42645 1.14813
1.48943 1.42396 1.14751
1.48575 1.42299 1.14533
1.489 1.42645 1.14813
1.49238 1.42734 1.15023
1.49298 1.42489 1.14989
1.48943 1.42396 1.14751
1.49625 1.42575 1.15266
1.49377 1.4251 1.14914
1.49451 1.42118 1.14893
1.49732 1.42191 1.15274
1.49377 1.4251 1.14914
1.4908 1.42432 1.14602
1.49118 1.4203 1.14558
1.49451 1.42118 1.14893
1.4908 1.42432 1.14602
1.48762 1.42348 1.14314
1.48763 1.41936 1.14248
1.49118 1.4203 1.14558
1.48762 1.42348 1.14314
1.48418 1.42257 1.14058
1.48382 1.41836 1.13973
1.48763 1.41936 1.14248
1.48418 1.42257 1.14058
1.48032 1.42156 1.13883
1.4796 1.41725 1.13777
1.48382 1.41836 1.13973
1.48032 1.42156 1.13883
1.47848 1.42107 1.14087
1.47783 1.41678 1.13977
1.4796 1.41725 1.13777
1.47848 1.42107 1.14087
1.48204 1.42201 1.14324
1.4818 1.41783 1.14227
1.47783 1.41678 1.13977
1.48204 1.42201 1.14324
1.48575 1.42299 1.14533
1.48588 1.4189 1.14457
1.4818 1.41783 1.14227
1.48575 1.42299 1.14533
1.48943 1.42396 1.14751
1.48989 1.41996 1.14699
1.48588 1.4189 1.14457
1.48943 1.42396 1.14751
1.49298 1.42489 1.14989
1.49377 1.42098 1.14965
1.48989 1.41996 1.14699
1.49732 1.42191 1.15274
1.49451 1.42118 1.14893
1.49509 1.41712 1.14901
1.49831 1.41797 1.15294
1.49451 1.42118 1.14893
1.49118 1.4203 1.14558
1.49133 1.41613 1.14558
1.49509 1.41712 1.14901
1.49118 1.4203 1.14558
1.48763 1.41936 1.14248
1.48735 1.41508 1.14245
1.49133 1.41613 1.14558
1.48763 1.41936 1.14248
1.48382 1.41836 1.13973
1.48312 1.41397 1.13968
1.48735 1.41508 1.14245
1.48382 1.41836 1.13973
1.4796 1.41725 1.13777
1.47851 1.41275 1.1377
1.48312 1.41397 1.13968
1.4796 1.41725 1.13777
1.47783 1.41678 1.13977
1.47689 1.41232 1.13971
1.47851 1.41275 1.1377
1.47783 1.41678 1.13977
1.4818 1.41783 1.14227
1.48129 1.41348 1.14217
1.47689 1.41232 1.13971
1.4818 1.41783 1.14227
1.48588 1.4189 1.14457
1.48576 1.41466 1.1445
1.48129 1.41348 1.14217
1.48588 1.4189 1.14457
1.48989 1.41996 1.14699
1.49016 1.41582 1.14698
1.48576 1.41466 1.1445
1.48989 1.41996 1.14699
1.49377 1.42098 1.14965
1.49441 1.41694 1.14971
1.49016 1.41582 1.14698
1.49831 1.41797 1.15294
1.49509 1.41712 1.14901
1.49564 1.41306 1.14921
1.49928 1.41402 1.15317
1.49509 1.41712 1.14901
1.49133 1.41613 1.14558
1.49148 1.41196 1.14582
1.49564 1.41306 1.14921
1.49133 1.41613 1.14558
1.48735 1.41508 1.14245
1.48709 1.41081 1.14275
1.49148 1.41196 1.14582
1.48735 1.41508 1.14245
1.48312 1.41397 1.13968
1.48247 1.40959 1.14006
1.48709 1.41081 1.14275
1.48312 1.41397 1.13968
1.47851 1.41275 1.1377
1.4775 1.40828 1.13818
1.48247 1.40959 1.14006
1.47851 1.41275 1.1377
1.47689 1.41232 1.13971
1.47602 1.40789 1.14021
1.4775 1.40828 1.13818
1.47689 1.41232 1.13971
1.48129 1.41348 1.14217
1.48082 1.40916 1.14254
1.47602 1.40789 1.14021
1.48129 1.41348 1.14217
1.48576 1.41466 1.1445
1.48565 1.41043 1.14479
1.48082 1.40916 1.14254
1.48576 1.41466 1.1445
1.49016 1.41582 1.14698
1.49041 1.41168 1.14721
1.48565 1.41043 1.14479
1.49016 1.41582 1.14698
1.49441 1.41694 1.14971
1.49502 1.4129 1.14992
1.49041 1.41168 1.14721
1.49928 1.41402 1.15317
1.49564 1.41306 1.14921
1.49628 1.40902 1.14942
1.50026 1.41007 1.15335
1.49564 1.41306 1.14921
1.49148 1.41196 1.14582
1.49177 1.40783 1.14609
1.49628 1.40902 1.14942
1.49148 1.41196 1.14582
1.48709 1.41081 1.14275
1.48705 1.40659 1.1431
1.49177 1.40783 1.14609
1.48709 1.41081 1.14275
1.48247 1.40959 1.14006
1.48212 1.40529 1.14052
1.48705 1.40659 1.1431
1.48247 1.40959 1.14006
1.4775 1.40828 1.13818
1.47687 1.40391 1.13876
1.48212 1.40529 1.14052
1.4775 1.40828 1.13818
1.47602 1.40789 1.14021
1.4755 1.40355 1.14081
1.47687 1.40391 1.13876
1.47602 1.40789 1.14021
1.48082 1.40916 1.14254
1.48061 1.40489 1.14301
1.4755 1.40355 1.14081
1.48082 1.40916 1.14254
1.48565 1.41043 1.14479
1.48574 1.40624 1.14515
1.48061 1.40489 1.14301
1.48565 1.41043 1.14479
1.49041 1.41168 1.14721
1.49079 1.40757 1.14749
1.48574 1.40624 1.14515
1.49041 1.41168 1.14721
1.49502 1.4129 1.14992
1.4957 1.40887 1.15013
1.49079 1.40757 1.14749
1.50026 1.41007 1.15335
1.49628 1.40902 1.14942
1.49698 1.405 1.14962
1.50124 1.40612 1.15351
1.49628 1.40902 1.14942
1.49177 1.40783 1.14609
1.49222 1.40375 1.14639
1.49698 1.405 1.14962
1.49177 1.40783 1.14609
1.48705 1.40659 1.1431
1.48725 1.40244 1.1435
1.49222 1.40375 1.14639
1.48705 1.40659 1.1431
1.48212 1.40529 1.14052
1.48207 1.40107 1.14104
1.48725 1.40244 1.1435
1.48212 1.40529 1.14052
1.47687 1.40391 1.13876
1.4766 1.39963 1.13941
1.48207 1.40107 1.14104
1.47687 1.40391 1.13876
1.4755 1.40355 1.14081
1.47532 1.39929 1.14149
1.4766 1.39963 1.13941
1.4755 1.40355 1.14081
1.48061 1.40489 1.14301
1.48067 1.4007 1.14354
1.47532 1.39929 1.14149
1.48061 1.40489 1.14301
1.48574 1.40624 1.14515
1.48602 1.40211 1.14557
1.48067 1.4007 1.14354
1.48574 1.40624 1.14515
1.49079 1.40757 1.14749
1.4913 1.4035 1.1478
1.48602 1.40211 1.14557
1.49079 1.40757 1.14749
1.4957 1.40887 1.15013
1.49644 1.40486 1.15035
1.4913 1.4035 1.1478
1.50124 1.40612 1.15351
1.49698 1.405 1.14962
1.49775 1.401 1.14983
1.50221 1.40217 1.15364
1.49698 1.405 1.14962
1.49222 1.40375 1.14639
1.4928 1.39969 1.1467
1.49775 1.401 1.14983
1.49222 1.40375 1.14639
1.48725 1.40244 1.1435
1.48765 1.39834 1.14394
1.4928 1.39969 1.1467
1.48725 1.40244 1.1435
1.48207 1.40107 1.14104
1.4823 1.39693 1.14161
1.48765 1.39834 1.14394
1.48207 1.40107 1.14104
1.4766 1.39963 1.13941
1.47669 1.39545 1.14012
1.4823 1.39693 1.14161
1.4766 1.39963 1.13941
1.47532 1.39929 1.14149
1.47549 1.39513 1.14223
1.47669 1.39545 1.14012
1.47532 1.39929 1.14149
1.48067 1.4007 1.14354
1.48099 1.39658 1.14413
1.47549 1.39513 1.14223
1.48067 1.4007 1.14354
1.48602 1.40211 1.14557
1.4865 1.39803 1.14602
1.48099 1.39658 1.14413
1.48602 1.40211 1.14557
1.4913 1.4035 1.1478
1.49193 1.39947 1.14813
1.4865 1.39803 1.14602
1.4913 1.4035 1.1478
1.49644 1.40486 1.15035
1.49724 1.40086 1.15057
1.49193 1.39947 1.14813
1.50221 1.40217 1.15364
1.49775 1.401 1.14983
1.49858 1.39701 1.15005
1.50317 1.39822 1.15374
1.49775 1.401 1.14983
1.4928 1.39969 1.1467
1.49351 1.39567 1.14705
1.49858 1.39701 1.15005
1.4928 1.39969 1.1467
1.48765 1.39834 1.14394
1.48825 1.39429 1.14442
1.49351 1.39567 1.14705
1.48765 1.39834 1.14394
1.4823 1.39693 1.14161
1.48281 1.39285 1.14223
1.48825 1.39429 1.14442
1.4823 1.39693 1.14161
1.47669 1.39545 1.14012
1.47713 1.39136 1.14089
1.48281 1.39285 1.14223
1.47669 1.39545 1.14012
1.47549 1.39513 1.14223
1.476 1.39106 1.143
1.47713 1.39136 1.14089
1.47549 1.39513 1.14223
1.48099 1.39658 1.14413
1.48158 1.39253 1.14475
1.476 1.39106 1.143
1.48099 1.39658 1.14413
1.4865 1.39803 1.14602
1.48717 1.394 1.1465
1.48158 1.39253 1.14475
1.4865 1.39803 1.14602
1.49193 1.39947 1.14813
1.49269 1.39546 1.14847
1.48717 1.394 1.1465
1.49193 1.39947 1.14813
1.49724 1.40086 1.15057
1.49809 1.39688 1.15079
1.49269 1.39546 1.14847
1.50317 1.39822 1.15374
1.49858 1.39701 1.15005
1.49946 1.39303 1.15027
1.50411 1.39426 1.15383
1.49858 1.39701 1.15005
1.49351 1.39567 1.14705
1.49434 1.39169 1.14742
1.49946 1.39303 1.15027
1.49351 1.39567 1.14705
1.48825 1.39429 1.14442
1.48905 1.39029 1.14494
1.49434 1.39169 1.14742
1.48825 1.39429 1.14442
1.48281 1.39285 1.14223
1.48358 1.38885 1.1429
1.48905 1.39029 1.14494
1.48281 1.39285 1.14223
1.47713 1.39136 1.14089
1.4779 1.38735 1.1417
1.48358 1.38885 1.1429
1.47713 1.39136 1.14089
1.476 1.39106 1.143
1.47684 1.38708 1.14378
1.4779 1.38735 1.1417
1.476 1.39106 1.143
1.48158 1.39253 1.14475
1.48244 1.38855 1.14539
1.47684 1.38708 1.14378
1.48158 1.39253 1.14475
1.48717 1.394 1.1465
1.48804 1.39003 1.147
1.48244 1.38855 1.14539
1.48717 1.394 1.1465
1.49269 1.39546 1.14847
1.49358 1.39148 1.14883
1.48804 1.39003 1.147
1.49269 1.39546 1.14847
1.49809 1.39688 1.15079
1.49899 1.39291 1.151
1.49358 1.39148 1.14883
1.50411 1.39426 1.15383
1.49946 1.39303 1.15027
1.50039 1.38908 1.1505
1.50507 1.39031 1.15391
1.49946 1.39303 1.15027
1.49434 1.39169 1.14742
1.49527 1.38773 1.14779
1.50039 1.38908 1.1505
1.49434 1.39169 1.14742
1.48905 1.39029 1.14494
1.48998 1.38633 1.14546
1.49527 1.38773 1.14779
1.48905 1.39029 1.14494
1.48358 1.38885 1.1429
1.48454 1.3849 1.14357
1.48998 1.38633 1.14546
1.48358 1.38885 1.1429
1.4779 1.38735 1.1417
1.47889 1.38341 1.1425
1.48454 1.3849 1.14357
1.4779 1.38735 1.1417
1.47684 1.38708 1.14378
1.47791 1.38315 1.14455
1.47889 1.38341 1.1425
1.47684 1.38708 1.14378
1.48244 1.38855 1.14539
1.48348 1.38462 1.14601
1.47791 1.38315 1.14455
1.48244 1.38855 1.14539
1.48804 1.39003 1.147
1.48905 1.38609 1.14748
1.48348 1.38462 1.14601
1.48804 1.39003 1.147
1.49358 1.39148 1.14883
1.49456 1.38754 1.14918
1.48905 1.38609 1.14748
1.49358 1.39148 1.14883
1.49899 1.39291 1.151
1.49996 1.38896 1.15122
1.49456 1.38754 1.14918
1.50507 1.39031 1.15391
1.50039 1.38908 1.1505
1.5014 1.38513 1.15072
1.50608 1.38637 1.154
1.50039 1.38908 1.1505
1.49527 1.38773 1.14779
1.4963 1.38379 1.14816
1.5014 1.38513 1.15072
1.49527 1.38773 1.14779
1.48998 1.38633 1.14546
1.49104 1.3824 1.14597
1.4963 1.38379 1.14816
1.48998 1.38633 1.14546
1.48454 1.3849 1.14357
1.48563 1.38098 1.14421
1.49104 1.3824 1.14597
1.48454 1.3849 1.14357
1.47889 1.38341 1.1425
1.48004 1.3795 1.14325
1.48563 1.38098 1.14421
1.47889 1.38341 1.1425
1.47791 1.38315 1.14455
1.47912 1.37926 1.14527
1.48004 1.3795 1.14325
1.47791 1.38315 1.14455
1.48348 1.38462 1.14601
1.48464 1.38072 1.1466
1.47912 1.37926 1.14527
1.48348 1.38462 1.14601
1.48905 1.38609 1.14748
1.49016 1.38217 1.14795
1.48464 1.38072 1.1466
1.48905 1.38609 1.14748
1.49456 1.38754 1.14918
1.49563 1.38361 1.14952
1.49016 1.38217 1.14795
1.49456 1.38754 1.14918
1.49996 1.38896 1.15122
1.50099 1.38503 1.15143
1.49563 1.38361 1.14952
1.50608 1.38637 1.154
1.5014 1.38513 1.15072
1.50247 1.38121 1.15095
1.50713 1.38244 1.15408
1.5014 1.38513 1.15072
1.4963 1.38379 1.14816
1.4974 1.37987 1.14852
1.50247 1.38121 1.15095
1.4963 1.38379 1.14816
1.49104 1.3824 1.14597
1.49219 1.3785 1.14646
1.4974 1.37987 1.14852
1.49104 1.3824 1.14597
1.48563 1.38098 1.14421
1.48683 1.37709 1.14482
1.49219 1.3785 1.14646
1.48563 1.38098 1.14421
1.48004 1.3795 1.14325
1.48132 1.37564 1.14398
1.48683 1.37709 1.14482
1.48004 1.3795 1.14325
1.47912 1.37926 1.14527
1.48046 1.37541 1.14595
1.48132 1.37564 1.14398
1.47912 1.37926 1.14527
1.48464 1.38072 1.1466
1.48592 1.37685 1.14716
1.48046 1.37541 1.14595
1.48464 1.38072 1.1466
1.49016 1.38217 1.14795
1.49137 1.37829 1.14839
1.48592 1.37685 1.14716
1.49016 1.38217 1.14795
1.49563 1.38361 1.14952
1.49677 1.37971 1.14985
1.49137 1.37829 1.14839
1.49563 1.38361 1.14952
1.50099 1.38503 1.15143
1.50208 1.38111 1.15164
1.49677 1.37971 1.14985
1.50713 1.38244 1.15408
1.50247 1.38121 1.15095
1.50359 1.3773 1.15118
1.50821 1.37851 1.15418
1.50247 1.38121 1.15095
1.4974 1.37987 1.14852
1.49859 1.37598 1.14888
1.50359 1.3773 1.15118
1.4974 1.37987 1.14852
1.49219 1.3785 1.14646
1.49344 1.37462 1.14694
1.49859 1.37598 1.14888
1.49219 1.3785 1.14646
1.48683 1.37709 1.14482
1.48816 1.37323 1.14542
1.49344 1.37462 1.14694
1.48683 1.37709 1.14482
1.48132 1.37564 1.14398
1.48274 1.3718 1.14467
1.48816 1.37323 1.14542
1.48132 1.37564 1.14398
1.48046 1.37541 1.14595
1.48193 1.37159 1.14659
1.48274 1.3718 1.14467
1.48046 1.37541 1.14595
1.48592 1.37685 1.14716
1.48731 1.37301 1.14769
1.48193 1.37159 1.14659
1.48592 1.37685 1.14716
1.49137 1.37829 1.14839
1.49267 1.37442 1.14882
1.48731 1.37301 1.14769
1.49137 1.37829 1.14839
1.49677 1.37971 1.14985
1.498 1.37582 1.15017
1.49267 1.37442 1.14882
1.49677 1.37971 1.14985
1.50208 1.38111 1.15164
1.50323 1.3772 1.15186
1.498 1.37582 1.15017
1.50821 1.37851 1.15418
1.50359 1.3773 1.15118
1.50477 1.3734 1.1514
1.50934 1.37461 1.15427
1.50359 1.3773 1.15118
1.49859 1.37598 1.14888
1.49984 1.3721 1.14922
1.50477 1.3734 1.1514
1.49859 1.37598 1.14888
1.49344 1.37462 1.14694
1.49478 1.37077 1.1474
1.49984 1.3721 1.14922
1.49344 1.37462 1.14694
1.48816 1.37323 1.14542
1.48959 1.3694 1.14599
1.49478 1.37077 1.1474
1.48816 1.37323 1.14542
1.48274 1.3718 1.14467
1.48428 1.368 1.14533
1.48959 1.3694 1.14599
1.48274 1.3718 1.14467
1.48193 1.37159 1.14659
1.48352 1.3678 1.14721
1.48428 1.368 1.14533
1.48193 1.37159 1.14659
1.48731 1.37301 1.14769
1.48879 1.36919 1.1482
1.48352 1.3678 1.14721
1.48731 1.37301 1.14769
1.49267 1.37442 1.14882
1.49406 1.37058 1.14924
1.48879 1.36919 1.1482
1.49267 1.37442 1.14882
1.498 1.37582 1.15017
1.49929 1.37196 1.15049
1.49406 1.37058 1.14924
1.498 1.37582 1.15017
1.50323 1.3772 1.15186
1.50443 1.37331 1.15206
1.49929 1.37196 1.15049
1.50934 1.37461 1.15427
1.50477 1.3734 1.1514
1.506 1.36952 1.15162
1.51049 1.3707 1.15436
1.50477 1.3734 1.1514
1.49984 1.3721 1.14922
1.50116 1.36825 1.14956
1.506 1.36952 1.15162
1.49984 1.3721 1.14922
1.49478 1.37077 1.1474
1.4962 1.36694 1.14785
1.50116 1.36825 1.14956
1.49478 1.37077 1.1474
1.48959 1.3694 1.14599
1.49112 1.3656 1.14654
1.4962 1.36694 1.14785
1.48959 1.3694 1.14599
1.48428 1.368 1.14533
1.48593 1.36423 1.14597
1.49112 1.3656 1.14654
1.48428 1.368 1.14533
1.48352 1.3678 1.14721
1.48522 1.36405 1.14779
1.48593 1.36423 1.14597
1.48352 1.3678 1.14721
1.48879 1.36919 1.1482
1.49038 1.36541 1.14869
1.48522 1.36405 1.14779
1.48879 1.36919 1.1482
1.49406 1.37058 1.14924
1.49553 1.36676 1.14964
1.49038 1.36541 1.14869
1.49406 1.37058 1.14924
1.49929 1.37196 1.15049
1.50064 1.36811 1.15079
1.49553 1.36676 1.14964
1.49929 1.37196 1.15049
1.50443 1.37331 1.15206
1.50568 1.36944 1.15227
1.50064 1.36811 1.15079
1.51049 1.3707 1.15436
1.506 1.36952 1.15162
1.50728 1.36565 1.15185
1.51168 1.36681 1.15445
1.506 1.36952 1.15162
1.50116 1.36825 1.14956
1.50255 1.3644 1.1499
1.50728 1.36565 1.15185
1.50116 1.36825 1.14956
1.4962 1.36694 1.14785
1.49771 1.36313 1.1483
1.50255 1.3644 1.1499
1.4962 1.36694 1.14785
1.49112 1.3656 1.14654
1.49275 1.36182 1.14708
1.49771 1.36313 1.1483
1.49112 1.3656 1.14654
1.48593 1.36423 1.14597
1.4877 1.36049 1.14659
1.49275 1.36182 1.14708
1.48593 1.36423 1.14597
1.48522 1.36405 1.14779
1.48703 1.36031 1.14834
1.4877 1.36049 1.14659
1.48522 1.36405 1.14779
1.49038 1.36541 1.14869
1.49206 1.36164 1.14917
1.48703 1.36031 1.14834
1.49038 1.36541 1.14869
1.49553 1.36676 1.14964
1.49708 1.36296 1.15004
1.49206 1.36164 1.14917
1.49553 1.36676 1.14964
1.50064 1.36811 1.15079
1.50206 1.36428 1.15111
1.49708 1.36296 1.15004
1.50064 1.36811 1.15079
1.50568 1.36944 1.15227
1.50697 1.36557 1.15248
1.50206 1.36428 1.15111
1.51168 1.36681 1.15445
1.50728 1.36565 1.15185
1.5086 1.36179 1.15209
1.51291 1.36293 1.15454
1.50728 1.36565 1.15185
1.50255 1.3644 1.1499
1.504 1.36058 1.15024
1.5086 1.36179 1.15209
1.50255 1.3644 1.1499
1.49771 1.36313 1.1483
1.49929 1.35934 1.14874
1.504 1.36058 1.15024
1.49771 1.36313 1.1483
1.49275 1.36182 1.14708
1.49448 1.35807 1.14762
1.49929 1.35934 1.14874
1.49275 1.36182 1.14708
1.4877 1.36049 1.14659
1.48957 1.35678 1.1472
1.49448 1.35807 1.14762
1.4877 1.36049 1.14659
1.48703 1.36031 1.14834
1.48894 1.35661 1.14887
1.48957 1.35678 1.1472
1.48703 1.36031 1.14834
1.49206 1.36164 1.14917
1.49382 1.3579 1.14964
1.48894 1.35661 1.14887
1.49206 1.36164 1.14917
1.49708 1.36296 1.15004
1.49869 1.35918 1.15046
1.49382 1.3579 1.14964
1.49708 1.36296 1.15004
1.50206 1.36428 1.15111
1.50353 1.36046 1.15146
1.49869 1.35918 1.15046
1.50206 1.36428 1.15111
1.50697 1.36557 1.15248
1.5083 1.36171 1.15273
1.50353 1.36046 1.15146
1.51291 1.36293 1.15454
1.5086 1.36179 1.15209
1.50996 1.35795 1.15232
1.51416 1.35905 1.15463
1.5086 1.36179 1.15209
1.504 1.36058 1.15024
1.5055 1.35677 1.15058
1.50996 1.35795 1.15232
1.504 1.36058 1.15024
1.49929 1.35934 1.14874
1.50094 1.35557 1.14917
1.5055 1.35677 1.15058
1.49929 1.35934 1.14874
1.49448 1.35807 1.14762
1.49628 1.35434 1.14814
1.50094 1.35557 1.14917
1.49448 1.35807 1.14762
1.48957 1.35678 1.1472
1.49153 1.35309 1.14779
1.49628 1.35434 1.14814
1.48957 1.35678 1.1472
1.48894 1.35661 1.14887
1.49095 1.35294 1.14938
1.49153 1.35309 1.14779
1.48894 1.35661 1.14887
1.49382 1.3579 1.14964
1.49566 1.35418 1.1501
1.49095 1.35294 1.14938
1.49382 1.3579 1.14964
1.49869 1.35918 1.15046
1.50037 1.35542 1.15086
1.49566 1.35418 1.1501
1.49869 1.35918 1.15046
1.50353 1.36046 1.15146
1.50505 1.35665 1.15179
1.50037 1.35542 1.15086
1.50353 1.36046 1.15146
1.5083 1.36171 1.15273
1.50968 1.35787 1.15297
1.50505 1.35665 1.15179
1.51416 1.35905 1.15463
1.50996 1.35795 1.15232
1.51137 1.35411 1.15256
1.51544 1.35518 1.15472
1.50996 1.35795 1.15232
1.5055 1.35677 1.15058
1.50706 1.35297 1.15092
1.51137 1.35411 1.15256
1.5055 1.35677 1.15058
1.50094 1.35557 1.14917
1.50266 1.35181 1.1496
1.50706 1.35297 1.15092
1.50094 1.35557 1.14917
1.49628 1.35434 1.14814
1.49816 1.35063 1.14865
1.50266 1.35181 1.1496
1.49628 1.35434 1.14814
1.49153 1.35309 1.14779
1.49359 1.34942 1.14835
1.49816 1.35063 1.14865
1.49153 1.35309 1.14779
1.49095 1.35294 1.14938
1.49304 1.34928 1.14986
1.49359 1.34942 1.14835
1.49095 1.35294 1.14938
1.49566 1.35418 1.1501
1.49759 1.35048 1.15054
1.49304 1.34928 1.14986
1.49566 1.35418 1.1501
1.50037 1.35542 1.15086
1.50212 1.35167 1.15125
1.49759 1.35048 1.15054
1.50037 1.35542 1.15086
1.50505 1.35665 1.15179
1.50663 1.35286 1.15212
1.50212 1.35167 1.15125
1.50505 1.35665 1.15179
1.50968 1.35787 1.15297
1.5111 1.35404 1.15321
1.50663 1.35286 1.15212
1.51544 1.35518 1.15472
1.51137 1.35411 1.15256
1.51281 1.35028 1.15279
1.51675 1.35132 1.15481
1.51137 1.35411 1.15256
1.50706 1.35297 1.15092
1.50867 1.34919 1.15126
1.51281 1.35028 1.15279
1.50706 1.35297 1.15092
1.50266 1.35181 1.1496
1.50443 1.34808 1.15002
1.50867 1.34919 1.15126
1.50266 1.35181 1.1496
1.49816 1.35063 1.14865
1.50012 1.34694 1.14914
1.50443 1.34808 1.15002
1.49816 1.35063 1.14865
1.49359 1.34942 1.14835
1.49573 1.34578 1.1489
1.50012 1.34694 1.14914
1.49359 1.34942 1.14835
1.49304 1.34928 1.14986
1.49522 1.34565 1.15033
1.49573 1.34578 1.1489
1.49304 1.34928 1.14986
1.49759 1.35048 1.15054
1.49958 1.3468 1.15095
1.49522 1.34565 1.15033
1.49759 1.35048 1.15054
1.50212 1.35167 1.15125
1.50394 1.34795 1.15162
1.49958 1.3468 1.15095
1.50212 1.35167 1.15125
1.50663 1.35286 1.15212
1.50827 1.34909 1.15242
1.50394 1.34795 1.15162
1.50663 1.35286 1.15212
1.5111 1.35404 1.15321
1.51256 1.35022 1.15343
1.50827 1.34909 1.15242
1.51675 1.35132 1.15481
1.51281 1.35028 1.15279
1.51429 1.34647 1.15302
1.51808 1.34746 1.1549
1.51281 1.35028 1.15279
1.50867 1.34919 1.15126
1.51032 1.34542 1.15158
1.51429 1.34647 1.15302
1.50867 1.34919 1.15126
1.50443 1.34808 1.15002
1.50627 1.34435 1.15043
1.51032 1.34542 1.15158
1.50443 1.34808 1.15002
1.50012 1.34694 1.14914
1.50214 1.34326 1.14962
1.50627 1.34435 1.15043
1.50012 1.34694 1.14914
1.49573 1.34578 1.1489
1.49795 1.34216 1.14943
1.50214 1.34326 1.14962
1.49573 1.34578 1.1489
1.49522 1.34565 1.15033
1.49748 1.34204 1.15078
1.49795 1.34216 1.14943
1.49522 1.34565 1.15033
1.49958 1.3468 1.15095
1.50165 1.34313 1.15136
1.49748 1.34204 1.15078
1.49958 1.3468 1.15095
1.50394 1.34795 1.15162
1.50581 1.34423 1.15197
1.50165 1.34313 1.15136
1.50394 1.34795 1.15162
1.50827 1.34909 1.15242
1.50995 1.34532 1.15272
1.50581 1.34423 1.15197
1.50827 1.34909 1.15242
1.51256 1.35022 1.15343
1.51406 1.3464 1.15365
1.50995 1.34532 1.15272
1.51808 1.34746 1.1549
1.51429 1.34647 1.15302
1.51581 1.34266 1.15325
1.51943 1.34362 1.15498
1.51429 1.34647 1.15302
1.51032 1.34542 1.15158
1.51203 1.34166 1.15191
1.51581 1.34266 1.15325
1.51032 1.34542 1.15158
1.50627 1.34435 1.15043
1.50817 1.34065 1.15084
1.51203 1.34166 1.15191
1.50627 1.34435 1.15043
1.50214 1.34326 1.14962
1.50423 1.33961 1.15009
1.50817 1.34065 1.15084
1.50214 1.34326 1.14962
1.49795 1.34216 1.14943
1.50025 1.33856 1.14994
1.50423 1.33961 1.15009
1.49795 1.34216 1.14943
1.49748 1.34204 1.15078
1.49981 1.33845 1.15122
1.50025 1.33856 1.14994
1.49748 1.34204 1.15078
1.50165 1.34313 1.15136
1.50378 1.33949 1.15175
1.49981 1.33845 1.15122
1.50165 1.34313 1.15136
1.50581 1.34423 1.15197
1.50774 1.34053 1.15232
1.50378 1.33949 1.15175
1.50581 1.34423 1.15197
1.50995 1.34532 1.15272
1.51168 1.34157 1.15301
1.50774 1.34053 1.15232
1.50995 1.34532 1.15272
1.51406 1.3464 1.15365
1.51559 1.3426 1.15385
1.51168 1.34157 1.15301
1.51943 1.34362 1.15498
1.51581 1.34266 1.15325
1.51736 1.33886 1.15347
1.52081 1.33977 1.15507
1.51581 1.34266 1.15325
1.51203 1.34166 1.15191
1.51377 1.33792 1.15223
1.51736 1.33886 1.15347
1.51203 1.34166 1.15191
1.50817 1.34065 1.15084
1.51011 1.33695 1.15123
1.51377 1.33792 1.15223
1.50817 1.34065 1.15084
1.50423 1.33961 1.15009
1.50639 1.33597 1.15055
1.51011 1.33695 1.15123
1.50423 1.33961 1.15009
1.50025 1.33856 1.14994
1.50261 1.33498 1.15043
1.50639 1.33597 1.15055
1.50025 1.33856 1.14994
1.49981 1.33845 1.15122
1.50221 1.33487 1.15163
1.50261 1.33498 1.15043
1.49981 1.33845 1.15122
1.50378 1.33949 1.15175
1.50596 1.33586 1.15212
1.50221 1.33487 1.15163
1.50378 1.33949 1.15175
1.50774 1.34053 1.15232
1.50971 1.33685 1.15265
1.50596 1.33586 1.15212
1.50774 1.34053 1.15232
1.51168 1.34157 1.15301
1.51345 1.33783 1.15328
1.50971 1.33685 1.15265
1.51168 1.34157 1.15301
1.51559 1.3426 1.15385
1.51716 1.33881 1.15406
1.51345 1.33783 1.15328
1.52081 1.33977 1.15507
1.51736 1.33886 1.15347
1.51894 1.33507 1.15369
1.52221 1.33593 1.15515
1.51736 1.33886 1.15347
1.51377 1.33792 1.15223
1.51556 1.33418 1.15254
1.51894 1.33507 1.15369
1.51377 1.33792 1.15223
1.51011 1.33695 1.15123
1.51211 1.33327 1.15162
1.51556 1.33418 1.15254
1.51011 1.33695 1.15123
1.50639 1.33597 1.15055
1.5086 1.33235 1.151
1.51211 1.33327 1.15162
1.50639 1.33597 1.15055
1.50261 1.33498 1.15043
1.50504 1.33141 1.1509
1.5086 1.33235 1.151
1.50261 1.33498 1.15043
1.50221 1.33487 1.15163
1.50467 1.33131 1.15203
1.50504 1.33141 1.1509
1.50221 1.33487 1.15163
1.50596 1.33586 1.15212
1.50821 1.33224 1.15248
1.50467 1.33131 1.15203
1.50596 1.33586 1.15212
1.50971 1.33685 1.15265
1.51174 1.33318 1.15296
1.50821 1.33224 1.15248
1.50971 1.33685 1.15265
1.51345 1.33783 1.15328
1.51526 1.3341 1.15354
1.51174 1.33318 1.15296
1.51345 1.33783 1.15328
1.51716 1.33881 1.15406
1.51876 1.33502 1.15425
1.51526 1.3341 1.15354
1.52221 1.33593 1.15515
1.51894 1.33507 1.15369
1.52056 1.33129 1.1539
1.52363 1.3321 1.15523
1.51894 1.33507 1.15369
1.51556 1.33418 1.15254
1.51738 1.33046 1.15285
1.52056 1.33129 1.1539
1.51556 1.33418 1.15254
1.51211 1.33327 1.15162
1.51415 1.3296 1.152
1.51738 1.33046 1.15285
1.51211 1.33327 1.15162
1.5086 1.33235 1.151
1.51086 1.32874 1.15143
1.51415 1.3296 1.152
1.5086 1.33235 1.151
1.50504 1.33141 1.1509
1.50753 1.32786 1.15136
1.51086 1.32874 1.15143
1.50504 1.33141 1.1509
1.50467 1.33131 1.15203
1.5072 1.32777 1.15242
1.50753 1.32786 1.15136
1.50467 1.33131 1.15203
1.50821 1.33224 1.15248
1.51051 1.32865 1.15282
1.5072 1.32777 1.15242
1.50821 1.33224 1.15248
1.51174 1.33318 1.15296
1.51382 1.32952 1.15327
1.51051 1.32865 1.15282
1.51174 1.33318 1.15296
1.51526 1.3341 1.15354
1.51711 1.33038 1.1538
1.51382 1.32952 1.15327
1.51526 1.3341 1.15354
1.51876 1.33502 1.15425
1.52039 1.33125 1.15444
1.51711 1.33038 1.1538
1.52363 1.3321 1.15523
1.52056 1.33129 1.1539
1.52219 1.32752 1.15411
1.52506 1.32827 1.15531
1.52056 1.33129 1.1539
1.51738 1.33046 1.15285
1.51924 1.32674 1.15314
1.52219 1.32752 1.15411
1.51738 1.33046 1.15285
1.51415 1.3296 1.152
1.51623 1.32595 1.15237
1.51924 1.32674 1.15314
1.51415 1.3296 1.152
1.51086 1.32874 1.15143
1.51317 1.32514 1.15186
1.51623 1.32595 1.15237
1.51086 1.32874 1.15143
1.50753 1.32786 1.15136
1.51008 1.32433 1.15181
1.51317 1.32514 1.15186
1.50753 1.32786 1.15136
1.5072 1.32777 1.15242
1.50978 1.32425 1.15279
1.51008 1.32433 1.15181
1.5072 1.32777 1.15242
1.51051 1.32865 1.15282
1.51286 1.32506 1.15315
1.50978 1.32425 1.15279
1.51051 1.32865 1.15282
1.51382 1.32952 1.15327
1.51593 1.32587 1.15356
1.51286 1.32506 1.15315
1.51382 1.32952 1.15327
1.51711 1.33038 1.1538
1.51899 1.32668 1.15404
1.51593 1.32587 1.15356
1.51711 1.33038 1.1538
1.52039 1.33125 1.15444
1.52204 1.32748 1.15461
1.51899 1.32668 1.15404
1.52506 1.32827 1.15531
1.52219 1.32752 1.15411
1.52386 1.32375 1.15431
1.52652 1.32445 1.15539
1.52219 1.32752 1.15411
1.51924 1.32674 1.15314
1.52113 1.32303 1.15344
1.52386 1.32375 1.15431
1.51924 1.32674 1.15314
1.51623 1.32595 1.15237
1.51835 1.3223 1.15274
1.52113 1.32303 1.15344
1.51623 1.32595 1.15237
1.51317 1.32514 1.15186
1.51554 1.32156 1.15227
1.51835 1.3223 1.15274
1.51317 1.32514 1.15186
1.51008 1.32433 1.15181
1.51268 1.3208 1.15224
1.51554 1.32156 1.15227
1.51008 1.32433 1.15181
1.50978 1.32425 1.15279
1.51241 1.32073 1.15314
1.51268 1.3208 1.15224
1.50978 1.32425 1.15279
1.51286 1.32506 1.15315
1.51525 1.32148 1.15347
1.51241 1.32073 1.15314
1.51286 1.32506 1.15315
1.51593 1.32587 1.15356
1.51808 1.32223 1.15384
1.51525 1.32148 1.15347
1.51593 1.32587 1.15356
1.51899 1.32668 1.15404
1.52091 1.32297 1.15427
1.51808 1.32223 1.15384
1.51899 1.32668 1.15404
1.52204 1.32748 1.15461
1.52372 1.32371 1.15478
1.52091 1.32297 1.15427
1.52652 1.32445 1.15539
1.52386 1.32375 1.15431
1.52554 1.31999 1.15451
1.52798 1.32063 1.15547
1.52386 1.32375 1.15431
1.52113 1.32303 1.15344
1.52305 1.31933 1.15372
1.52554 1.31999 1.15451
1.52113 1.32303 1.15344
1.51835 1.3223 1.15274
1.52051 1.31866 1.15309
1.52305 1.31933 1.15372
1.51835 1.3223 1.15274
1.51554 1.32156 1.15227
1.51794 1.31798 1.15268
1.52051 1.31866 1.15309
1.51554 1.32156 1.15227
1.51268 1.3208 1.15224
1.51533 1.3173 1.15266
1.51794 1.31798 1.15268
1.51268 1.3208 1.15224
1.51241 1.32073 1.15314
1.51509 1.31723 1.15348
1.51533 1.3173 1.15266
1.51241 1.32073 1.15314
1.51525 1.32148 1.15347
1.51768 1.31792 1.15378
1.51509 1.31723 1.15348
1.51525 1.32148 1.15347
1.51808 1.32223 1.15384
1.52027 1.3186 1.1541
1.51768 1.31792 1.15378
1.51808 1.32223 1.15384
1.52091 1.32297 1.15427
1.52285 1.31928 1.15449
1.52027 1.3186 1.1541
1.52091 1.32297 1.15427
1.52372 1.32371 1.15478
1.52542 1.31996 1.15495
1.52285 1.31928 1.15449
1.52798 1.32063 1.15547
1.52554 1.31999 1.15451
1.52725 1.31623 1.1547
1.52946 1.31681 1.15554
1.52554 1.31999 1.15451
1.52305 1.31933 1.15372
1.52499 1.31563 1.154
1.52725 1.31623 1.1547
1.52305 1.31933 1.15372
1.52051 1.31866 1.15309
1.5227 1.31503 1.15344
1.52499 1.31563 1.154
1.52051 1.31866 1.15309
1.51794 1.31798 1.15268
1.52038 1.31442 1.15307
1.5227 1.31503 1.15344
1.51794 1.31798 1.15268
1.51533 1.3173 1.15266
1.51803 1.3138 1.15307
1.52038 1.31442 1.15307
1.51533 1.3173 1.15266
1.51509 1.31723 1.15348
1.51781 1.31374 1.15381
1.51803 1.3138 1.15307
1.51509 1.31723 1.15348
1.51768 1.31792 1.15378
1.52015 1.31436 1.15407
1.51781 1.31374 1.15381
1.51768 1.31792 1.15378
1.52027 1.3186 1.1541
1.52249 1.31498 1.15436
1.52015 1.31436 1.15407
1.52027 1.3186 1.1541
1.52285 1.31928 1.15449
1.52482 1.31559 1.1547
1.52249 1.31498 1.15436
1.52285 1.31928 1.15449
1.52542 1.31996 1.15495
1.52714 1.3162 1.1551
1.52482 1.31559 1.1547
1.52946 1.31681 1.15554
1.52725 1.31623 1.1547
1.52891 1.31264 1.15487
1.53089 1.31316 1.15561
1.52725 1.31623 1.1547
1.52499 1.31563 1.154
1.52689 1.31211 1.15425
1.52891 1.31264 1.15487
1.52499 1.31563 1.154
1.5227 1.31503 1.15344
1.52484 1.31157 1.15376
1.52689 1.31211 1.15425
1.5227 1.31503 1.15344
1.52038 1.31442 1.15307
1.52275 1.31102 1.15344
1.52484 1.31157 1.15376
1.52038 1.31442 1.15307
1.51803 1.3138 1.15307
1.52065 1.31046 1.15344
1.52275 1.31102 1.15344
1.51803 1.3138 1.15307
1.51781 1.31374 1.15381
1.52046 1.31041 1.15411
1.52065 1.31046 1.15344
1.51781 1.31374 1.15381
1.52015 1.31436 1.15407
1.52256 1.31097 1.15433
1.52046 1.31041 1.15411
1.52015 1.31436 1.15407
1.52249 1.31498 1.15436
1.52465 1.31152 1.15458
1.52256 1.31097 1.15433
1.52249 1.31498 1.15436
1.52482 1.31559 1.1547
1.52673 1.31207 1.15488
1.52465 1.31152 1.15458
1.52482 1.31559 1.1547
1.52714 1.3162 1.1551
1.52881 1.31261 1.15523
1.52673 1.31207 1.15488
1.53089 1.31316 1.15561
1.52891 1.31264 1.15487
1.52938 1.31179 1.15492
1.53129 1.31229 1.15563
1.52891 1.31264 1.15487
1.52689 1.31211 1.15425
1.52743 1.31127 1.15433
1.52938 1.31179 1.15492
1.52689 1.31211 1.15425
1.52484 1.31157 1.15376
1.52545 1.31075 1.15385
1.52743 1.31127 1.15433
1.52484 1.31157 1.15376
1.52275 1.31102 1.15344
1.52344 1.31022 1.15354
1.52545 1.31075 1.15385
1.52275 1.31102 1.15344
1.52065 1.31046 1.15344
1.52141 1.30969 1.15355
1.52344 1.31022 1.15354
1.52065 1.31046 1.15344
1.52046 1.31041 1.15411
1.52123 1.30964 1.1542
1.52141 1.30969 1.15355
1.52046 1.31041 1.15411
1.52256 1.31097 1.15433
1.52325 1.31017 1.15441
1.52123 1.30964 1.1542
1.52256 1.31097 1.15433
1.52465 1.31152 1.15458
1.52527 1.31071 1.15465
1.52325 1.31017 1.15441
1.52465 1.31152 1.15458
1.52673 1.31207 1.15488
1.52728 1.31124 1.15494
1.52527 1.31071 1.15465
1.52673 1.31207 1.15488
1.52881 1.31261 1.15523
1.52929 1.31176 1.15527
1.52728 1.31124 1.15494
1.53129 1.31229 1.15563
1.52938 1.31179 1.15492
1.52983 1.31111 1.15498
1.53167 1.3116 1.15566
1.52938 1.31179 1.15492
1.52743 1.31127 1.15433
1.52796 1.31062 1.15441
1.52983 1.31111 1.15498
1.52743 1.31127 1.15433
1.52545 1.31075 1.15385
1.52605 1.31012 1.15395
1.52796 1.31062 1.15441
1.52545 1.31075 1.15385
1.52344 1.31022 1.15354
1.52411 1.30961 1.15366
1.52605 1.31012 1.15395
1.52344 1.31022 1.15354
1.52141 1.30969 1.15355
1.52216 1.30909 1.15367
1.52411 1.30961 1.15366
1.52141 1.30969 1.15355
1.52123 1.30964 1.1542
1.52198 1.30905 1.15429
1.52216 1.30909 1.15367
1.52123 1.30964 1.1542
1.52325 1.31017 1.15441
1.52393 1.30956 1.15449
1.52198 1.30905 1.15429
1.52325 1.31017 1.15441
1.52527 1.31071 1.15465
1.52588 1.31007 1.15472
1.52393 1.30956 1.15449
1.52527 1.31071 1.15465
1.52728 1.31124 1.15494
1.52781 1.31058 1.155
1.52588 1.31007 1.15472
1.52728 1.31124 1.15494
1.52929 1.31176 1.15527
1.52975 1.31109 1.15531
1.52781 1.31058 1.155
1.53167 1.3116 1.15566
1.52983 1.31111 1.15498
1.53037 1.31046 1.15505
1.53212 1.31092 1.1557
1.52983 1.31111 1.15498
1.52796 1.31062 1.15441
1.52858 1.30999 1.15451
1.53037 1.31046 1.15505
1.52796 1.31062 1.15441
1.52605 1.31012 1.15395
1.52676 1.30951 1.15407
1.52858 1.30999 1.15451
1.52605 1.31012 1.15395
1.52411 1.30961 1.15366
1.52491 1.30902 1.15379
1.52676 1.30951 1.15407
1.52411 1.30961 1.15366
1.52216 1.30909 1.15367
1.52305 1.30853 1.1538
1.52491 1.30902 1.15379
1.52216 1.30909 1.15367
1.52198 1.30905 1.15429
1.52288 1.30849 1.1544
1.52305 1.30853 1.1538
1.52198 1.30905 1.15429
1.52393 1.30956 1.15449
1.52474 1.30897 1.15459
1.52288 1.30849 1.1544
1.52393 1.30956 1.15449
1.52588 1.31007 1.15472
1.52659 1.30946 1.15481
1.52474 1.30897 1.15459
1.52588 1.31007 1.15472
1.52781 1.31058 1.155
1.52844 1.30995 1.15507
1.52659 1.30946 1.15481
1.52781 1.31058 1.155
1.52975 1.31109 1.15531
1.53028 1.31044 1.15537
1.52844 1.30995 1.15507
1.53212 1.31092 1.1557
1.53037 1.31046 1.15505
1.53098 1.30982 1.15514
1.53264 1.31026 1.15575
1.53037 1.31046 1.15505
1.52858 1.30999 1.15451
1.5293 1.30938 1.15463
1.53098 1.30982 1.15514
1.52858 1.30999 1.15451
1.52676 1.30951 1.15407
1.52759 1.30893 1.15422
1.5293 1.30938 1.15463
1.52676 1.30951 1.15407
1.52491 1.30902 1.15379
1.52585 1.30847 1.15396
1.52759 1.30893 1.15422
1.52491 1.30902 1.15379
1.52305 1.30853 1.1538
1.52409 1.30801 1.15397
1.52585 1.30847 1.15396
1.52305 1.30853 1.1538
1.52288 1.30849 1.1544
1.52393 1.30797 1.15453
1.52409 1.30801 1.15397
1.52288 1.30849 1.1544
1.52474 1.30897 1.15459
1.52568 1.30843 1.15471
1.52393 1.30797 1.15453
1.52474 1.30897 1.15459
1.52659 1.30946 1.15481
1.52743 1.30889 1.15492
1.52568 1.30843 1.15471
1.52659 1.30946 1.15481
1.52844 1.30995 1.15507
1.52917 1.30935 1.15516
1.52743 1.30889 1.15492
1.52844 1.30995 1.15507
1.53028 1.31044 1.15537
1.53091 1.3098 1.15544
1.52917 1.30935 1.15516
1.53264 1.31026 1.15575
1.53098 1.30982 1.15514
1.53171 1.30922 1.15525
1.53324 1.30962 1.15581
1.53098 1.30982 1.15514
1.5293 1.30938 1.15463
1.53014 1.30881 1.15478
1.53171 1.30922 1.15525
1.5293 1.30938 1.15463
1.52759 1.30893 1.15422
1.52856 1.30839 1.1544
1.53014 1.30881 1.15478
1.52759 1.30893 1.15422
1.52585 1.30847 1.15396
1.52695 1.30796 1.15416
1.52856 1.30839 1.1544
1.52585 1.30847 1.15396
1.52409 1.30801 1.15397
1.52532 1.30754 1.15417
1.52695 1.30796 1.15416
1.52409 1.30801 1.15397
1.52393 1.30797 1.15453
1.52518 1.3075 1.15469
1.52532 1.30754 1.15417
1.52393 1.30797 1.15453
1.52568 1.30843 1.15471
1.5268 1.30793 1.15486
1.52518 1.3075 1.15469
1.52568 1.30843 1.15471
1.52743 1.30889 1.15492
1.52841 1.30835 1.15504
1.5268 1.30793 1.15486
1.52743 1.30889 1.15492
1.52917 1.30935 1.15516
1.53003 1.30878 1.15527
1.52841 1.30835 1.15504
1.52917 1.30935 1.15516
1.53091 1.3098 1.15544
1.53164 1.3092 1.15553
1.53003 1.30878 1.15527
1.53324 1.30962 1.15581
1.53171 1.30922 1.15525
1.53256 1.30865 1.15538
1.53395 1.30901 1.15589
1.53171 1.30922 1.15525
1.53014 1.30881 1.15478
1.53115 1.30828 1.15496
1.53256 1.30865 1.15538
1.53014 1.30881 1.15478
1.52856 1.30839 1.1544
1.52972 1.3079 1.15462
1.53115 1.30828 1.15496
1.52856 1.30839 1.1544
1.52695 1.30796 1.15416
1.52827 1.30752 1.1544
1.52972 1.3079 1.15462
1.52695 1.30796 1.15416
1.52532 1.30754 1.15417
1.5268 1.30713 1.15441
1.52827 1.30752 1.1544
1.52532 1.30754 1.15417
1.52518 1.3075 1.15469
1.52667 1.3071 1.15488
1.5268 1.30713 1.15441
1.52518 1.3075 1.15469
1.5268 1.30793 1.15486
1.52813 1.30748 1.15503
1.52667 1.3071 1.15488
1.5268 1.30793 1.15486
1.52841 1.30835 1.15504
1.52959 1.30787 1.1552
1.52813 1.30748 1.15503
1.52841 1.30835 1.15504
1.53003 1.30878 1.15527
1.53105 1.30825 1.1554
1.52959 1.30787 1.1552
1.53003 1.30878 1.15527
1.53164 1.3092 1.15553
1.5325 1.30863 1.15563
1.53105 1.30825 1.1554
1.53395 1.30901 1.15589
1.53256 1.30865 1.15538
1.53361 1.30813 1.15555
1.53481 1.30845 1.15599
1.53256 1.30865 1.15538
1.53115 1.30828 1.15496
1.53239 1.30781 1.15518
1.53361 1.30813 1.15555
1.53115 1.30828 1.15496
1.52972 1.3079 1.15462
1.53115 1.30748 1.15489
1.53239 1.30781 1.15518
1.52972 1.3079 1.15462
1.52827 1.30752 1.1544
1.52989 1.30715 1.15471
1.53115 1.30748 1.15489
1.52827 1.30752 1.1544
1.5268 1.30713 1.15441
1.52862 1.30681 1.15472
1.52989 1.30715 1.15471
1.5268 1.30713 1.15441
1.52667 1.3071 1.15488
1.52851 1.30678 1.15512
1.52862 1.30681 1.15472
1.52667 1.3071 1.15488
1.52813 1.30748 1.15503
1.52977 1.30712 1.15525
1.52851 1.30678 1.15512
1.52813 1.30748 1.15503
1.52959 1.30787 1.1552
1.53104 1.30745 1.1554
1.52977 1.30712 1.15525
1.52959 1.30787 1.1552
1.53105 1.30825 1.1554
1.5323 1.30778 1.15557
1.53104 1.30745 1.1554
1.53105 1.30825 1.1554
1.5325 1.30863 1.15563
1.53356 1.30812 1.15577
1.5323 1.30778 1.15557
1.53481 1.30845 1.15599
1.53361 1.30813 1.15555
1.535 1.3077 1.15579
1.53595 1.30795 1.15613
1.53361 1.30813 1.15555
1.53239 1.30781 1.15518
1.53403 1.30744 1.1555
1.535 1.3077 1.15579
1.53239 1.30781 1.15518
1.53115 1.30748 1.15489
1.53305 1.30719 1.15527
1.53403 1.30744 1.1555
1.53115 1.30748 1.15489
1.52989 1.30715 1.15471
1.53205 1.30692 1.15512
1.53305 1.30719 1.15527
1.52989 1.30715 1.15471
1.52862 1.30681 1.15472
1.53105 1.30666 1.15513
1.53205 1.30692 1.15512
1.52862 1.30681 1.15472
1.52851 1.30678 1.15512
1.53096 1.30663 1.15545
1.53105 1.30666 1.15513
1.52851 1.30678 1.15512
1.52977 1.30712 1.15525
1.53196 1.3069 1.15555
1.53096 1.30663 1.15545
1.52977 1.30712 1.15525
1.53104 1.30745 1.1554
1.53296 1.30716 1.15566
1.53196 1.3069 1.15555
1.53104 1.30745 1.1554
1.5323 1.30778 1.15557
1.53396 1.30743 1.1558
1.53296 1.30716 1.15566
1.5323 1.30778 1.15557
1.53356 1.30812 1.15577
1.53496 1.30769 1.15596
1.53396 1.30743 1.1558
1.53595 1.30795 1.15613
1.535 1.3077 1.15579
1.53727 1.3075 1.15619
1.5378 1.30764 1.15638
1.535 1.3077 1.15579
1.53403 1.30744 1.1555
1.53673 1.30736 1.15603
1.53727 1.3075 1.15619
1.53403 1.30744 1.1555
1.53305 1.30719 1.15527
1.53618 1.30721 1.1559
1.53673 1.30736 1.15603
1.53305 1.30719 1.15527
1.53205 1.30692 1.15512
1.53562 1.30707 1.15582
1.53618 1.30721 1.1559
1.53205 1.30692 1.15512
1.53105 1.30666 1.15513
1.53506 1.30692 1.15582
1.53562 1.30707 1.15582
1.53105 1.30666 1.15513
1.53096 1.30663 1.15545
1.53501 1.3069 1.156
1.53506 1.30692 1.15582
1.53096 1.30663 1.15545
1.53196 1.3069 1.15555
1.53557 1.30705 1.15606
1.53501 1.3069 1.156
1.53196 1.3069 1.15555
1.53296 1.30716 1.15566
1.53613 1.3072 1.15612
1.53557 1.30705 1.15606
1.53296 1.30716 1.15566
1.53396 1.30743 1.1558
1.53669 1.30735 1.1562
1.53613 1.3072 1.15612
1.53396 1.30743 1.1558
1.53496 1.30769 1.15596
1.53725 1.30749 1.15629
1.53669 1.30735 1.1562
1.5378 1.30764 1.15638
1.53727 1.3075 1.15619
1.53973 1.30743 1.15663
1.5398 1.30745 1.15666
1.53727 1.3075 1.15619
1.53673 1.30736 1.15603
1.53965 1.30741 1.15661
1.53973 1.30743 1.15663
1.53673 1.30736 1.15603
1.53618 1.30721 1.1559
1.53957 1.30739 1.15659
1.53965 1.30741 1.15661
1.53618 1.30721 1.1559
1.53562 1.30707 1.15582
1.53949 1.30737 1.15658
1.53957 1.30739 1.15659
1.53562 1.30707 1.15582
1.53506 1.30692 1.15582
1.53941 1.30735 1.15658
1.53949 1.30737 1.15658
1.53506 1.30692 1.15582
1.53501 1.3069 1.156
1.53941 1.30735 1.1566
1.53941 1.30735 1.15658
1.53501 1.3069 1.156
1.53557 1.30705 1.15606
1.53949 1.30737 1.15661
1.53941 1.30735 1.1566
1.53557 1.30705 1.15606
1.53613 1.3072 1.15612
1.53957 1.30739 1.15662
1.53949 1.30737 1.15661
1.53613 1.3072 1.15612
1.53669 1.30735 1.1562
1.53964 1.30741 1.15663
1.53957 1.30739 1.15662
1.53669 1.30735 1.1562
1.53725 1.30749 1.15629
1.53972 1.30743 1.15664
1.53964 1.30741 1.15663
1.49238 1.42734 1.15023
1.4955 1.42816 1.1527
1.49625 1.42575 1.15266
1.49298 1.42489 1.14989
1.49298 1.42489 1.14989
1.49625 1.42575 1.15266
1.49732 1.42191 1.15274
1.49377 1.42098 1.14965
1.49377 1.42098 1.14965
1.49732 1.42191 1.15274
1.49831 1.41797 1.15294
1.49441 1.41694 1.14971
1.49441 1.41694 1.14971
1.49831 1.41797 1.15294
1.49928 1.41402 1.15317
1.49502 1.4129 1.14992
1.49502 1.4129 1.14992
1.49928 1.41402 1.15317
1.50026 1.41007 1.15335
1.4957 1.40887 1.15013
1.4957 1.40887 1.15013
1.50026 1.41007 1.15335
1.50124 1.40612 1.15351
1.49644 1.40486 1.15035
1.49644 1.40486 1.15035
1.50124 1.40612 1.15351
1.50221 1.40217 1.15364
1.49724 1.40086 1.15057
1.49724 1.40086 1.15057
1.50221 1.40217 1.15364
1.50317 1.39822 1.15374
1.49809 1.39688 1.15079
1.49809 1.39688 1.15079
1.50317 1.39822 1.15374
1.50411 1.39426 1.15383
1.49899 1.39291 1.151
1.49899 1.39291 1.151
1.50411 1.39426 1.15383
1.50507 1.39031 1.15391
1.49996 1.38896 1.15122
1.49996 1.38896 1.15122
1.50507 1.39031 1.15391
1.50608 1.38637 1.154
1.50099 1.38503 1.15143
1.50099 1.38503 1.15143
1.50608 1.38637 1.154
1.50713 1.38244 1.15408
1.50208 1.38111 1.15164
1.50208 1.38111 1.15164
1.50713 1.38244 1.15408
1.50821 1.37851 1.15418
1.50323 1.3772 1.15186
1.50323 1.3772 1.15186
1.50821 1.37851 1.15418
1.50934 1.37461 1.15427
1.50443 1.37331 1.15206
1.50443 1.37331 1.15206
1.50934 1.37461 1.15427
1.51049 1.3707 1.15436
1.50568 1.36944 1.15227
1.50568 1.36944 1.15227
1.51049 1.3707 1.15436
1.51168 1.36681 1.15445
1.50697 1.36557 1.15248
1.50697 1.36557 1.15248
1.51168 1.36681 1.15445
1.51291 1.36293 1.15454
1.5083 1.36171 1.15273
1.5083 1.36171 1.15273
1.51291 1.36293 1.15454
1.51416 1.35905 1.15463
1.50968 1.35787 1.15297
1.50968 1.35787 1.15297
1.51416 1.35905 1.15463
1.51544 1.35518 1.15472
1.5111 1.35404 1.15321
1.5111 1.35404 1.15321
1.51544 1.35518 1.15472
1.51675 1.35132 1.15481
1.51256 1.35022 1.15343
1.51256 1.35022 1.15343
1.51675 1.35132 1.15481
1.51808 1.34746 1.1549
1.51406 1.3464 1.15365
1.51406 1.3464 1.15365
1.51808 1.34746 1.1549
1.51943 1.34362 1.15498
1.51559 1.3426 1.15385
1.51559 1.3426 1.15385
1.51943 1.34362 1.15498
1.52081 1.33977 1.15507
1.51716 1.33881 1.15406
1.51716 1.33881 1.15406
1.52081 1.33977 1.15507
1.52221 1.33593 1.15515
1.51876 1.33502 1.15425
1.51876 1.33502 1.15425
1.52221 1.33593 1.15515
1.52363 1.3321 1.15523
1.52039 1.33125 1.15444
1.52039 1.33125 1.15444
1.52363 1.3321 1.15523
1.52506 1.32827 1.15531
1.52204 1.32748 1.15461
1.52204 1.32748 1.15461
1.52506 1.32827 1.15531
1.52652 1.32445 1.15539
1.52372 1.32371 1.15478
1.52372 1.32371 1.15478
1.52652 1.32445 1.15539
1.52798 1.32063 1.15547
1.52542 1.31996 1.15495
1.52542 1.31996 1.15495
1.52798 1.32063 1.15547
1.52946 1.31681 1.15554
1.52714 1.3162 1.1551
1.52714 1.3162 1.1551
1.52946 1.31681 1.15554
1.53089 1.31316 1.15561
1.52881 1.31261 1.15523
1.52881 1.31261 1.15523
1.53089 1.31316 1.15561
1.53129 1.31229 1.15563
1.52929 1.31176 1.15527
1.52929 1.31176 1.15527
1.53129 1.31229 1.15563
1.53167 1.3116 1.15566
1.52975 1.31109 1.15531
1.52975 1.31109 1.15531
1.53167 1.3116 1.15566
1.53212 1.31092 1.1557
1.53028 1.31044 1.15537
1.53028 1.31044 1.15537
1.53212 1.31092 1.1557
1.53264 1.31026 1.15575
1.53091 1.3098 1.15544
1.53091 1.3098 1.15544
1.53264 1.31026 1.15575
1.53324 1.30962 1.15581
1.53164 1.3092 1.15553
1.53164 1.3092 1.15553
1.53324 1.30962 1.15581
1.53395 1.30901 1.15589
1.5325 1.30863 1.15563
1.5325 1.30863 1.15563
1.53395 1.30901 1.15589
1.53481 1.30845 1.15599
1.53356 1.30812 1.15577
1.53356 1.30812 1.15577
1.53481 1.30845 1.15599
1.53595 1.30795 1.15613
1.53496 1.30769 1.15596
1.53496 1.30769 1.15596
1.53595 1.30795 1.15613
1.5378 1.30764 1.15638
1.53725 1.30749 1.15629
1.53725 1.30749 1.15629
1.5378 1.30764 1.15638
1.5398 1.30745 1.15666
1.53972 1.30743 1.15664
1.4933 1.4528 1.1555
1.4933 1.4528 1.1555
1.4933 1.4528 1.1555
1.4933 1.4528 1.1555
1.4933 1.4528 1.1555
1.4933 1.4528 1.1555
1.4933 1.4528 1.1555
1.4933 1.4528 1.1555
1.4933 1.4528 1.1555
1.4933 1.4528 1.1555
1.4933 1.4528 1.1555
1.4933 1.4528 1.1555
1.4933 1.4528 1.1555
1.4933 1.4528 1.1555
1.4933 1.4528 1.1555
1.4933 1.4528 1.1555
1.4933 1.4528 1.1555
1.4933 1.4528 1.1555
1.4933 1.4528 1.1555
1.4933 1.4528 1.1555
1.4933 1.4528 1.1555
1.4933 1.4528 1.1555
1.4933 1.4528 1.1555
1.4933 1.4528 1.1555
1.4933 1.4528 1.1555
1.4933 1.4528 1.1555
1.4933 1.4528 1.1555
1.4933 1.4528 1.1555
1.4933 1.4528 1.1555
1.4933 1.4528 1.1555
1.4933 1.4528 1.1555
1.4933 1.4528 1.1555
1.4933 1.4528 1.1555
1.4933 1.4528 1.1555
1.4933 1.4528 1.1555
1.4933 1.4528 1.1555
1.4933 1.4528 1.1555
1.4933 1.4528 1.1555
1.4933 1.4528 1.1555
1.4933 1.4528 1.1555
1.4933 1.4528 1.1555
1.4933 1.4528 1.1555
1.4933 1.4528 1.1555
1.4933 1.4528 1.1555
1.4933 1.4528 1.1555
1.4933 1.4528 1.1555
1.4933 1.4528 1.1555
1.4933 1.4528 1.1555
1.4933 1.4528 1.1555
1.4933 1.4528 1.1555
1.4933 1.4528 1.1555
1.4933 1.4528 1.1555
1.4933 1.4528 1.1555
1.4933 1.4528 1.1555
1.4933 1.4528 1.1555
1.4933 1.4528 1.1555
1.4933 1.4528 1.1555
1.4933 1.4528 1.1555
1.4933 1.4528 1.1555
1.4933 1.4528 1.1555
1.4933 1.4528 1.1555
1.4933 1.4528 1.1555
1.4933 1.4528 1.1555
1.4933 1.4528 1.1555
1.4933 1.4528 1.1555
1.4933 1.4528 1.1555
1.4933 1.4528 1.1555
1.4933 1.4528 1.1555
1.4933 1.4528 1.1555
1.4933 1.4528 1.1555
1.4933 1.4528 1.1555
1.4933 1.4528 1.1555
1.4933 1.4528 1.1555
1.4933 1.4528 1.1555
1.4933 1.4528 1.1555
1.4933 1.4528 1.1555
1.4933 1.4528 1.1555
1.4933 1.4528 1.1555
1.4933 1.4528 1.1555
1.4933 1.4528 1.1555
1.4933 1.4528 1.1555
1.4933 1.4528 1.1555
1.4933 1.4528 1.1555
1.4933 1.4528 1.1555
1.4933 1.4528 1.1555
1.4933 1.4528 1.1555
1.4933 1.4528 1.1555
1.4933 1.4528 1.1555
CELLS 924 4620
4 0 1 2 3
4 4 5 6 7
4 8 9 10 11
4 12 13 14 15
4 16 17 18 19
4 20 21 22 23
4 24 25 26 27
4 28 29 30 31
4 32 33 34 35
4 36 37 38 39
4 40 41 42 43
4 44 45 46 47
4 48 49 50 51
4 52 53 54 55
4 56 57 58 59
4 60 61 62 63
4 64 65 66 67
4 68 69 70 71
4 72 73 74 75
4 76 77 78 79
4 80 81 82 83
4 84 85 86 87
4 88 89 90 91
4 92 93 94 95
4 96 97 98 99
4 100 101 102 103
4 104 105 106 107
4 108 109 110 111
4 112 113 114 115
4 116 117 118 119
4 120 121 122 123
4 124 125 126 127
4 128 129 130 131
4 132 133 134 135
4 136 137 138 139
4 140 141 142 143
4 144 145 146 147
4 148 149 150 151
4 152 153 154 155
4 156 157 158 159
4 160 161 162 163
4 164 165 166 167
4 168 169 170 171
4 172 173 174 175
4 176 177 178 179
4 180 181 182 183
4 184 185 186 187
4 188 189 190 191
4 192 193 194 195
4 196 197 198 199
4 200 201 202 203
4 204 205 206 207
4 208 209 210 211
4 212 213 214 215
4 216 217 218 219
4 220 221 222 223
4 224 225 226 227
4 228 229 230 231
4 232 233 234 235
4 236 237 238 239
4 240 241 242 243
4 244 245 246 247
4 248 249 250 251
4 252 253 254 255
4 256 257 258 259
4 260 261 262 263
4 264 265 266 267
4 268 269 270 271
4 272 273 274 275
4 276 277 278 279
4 280 281 282 283
4 284 285 286 287
4 288 289 290 291
4 292 293 294 295
4 296 297 298 299
4 300 301 302 303
4 304 305 306 307
4 308 309 310 311
4 312 313 314 315
4 316 317 318 319
4 320 321 322 323
4 324 325 326 327
4 328 329 330 331
4 332 333 334 335
4 336 337 338 339
4 340 341 342 343
4 344 345 346 347
4 348 349 350 351
4 352 353 354 355
4 356 357 358 359
4 360 361 362 363
4 364 365 366 367
4 368 369 370 371
4 372 373 374 375
4 376 377 378 379
4 380 381 382 383
4 384 385 386 387
4 388 389 390 391
4 392 393 394 395
4 396 397 398 399
4 400 401 402 403
4 404 405 406 407
4 408 409 410 411
4 412 413 414 415
4 416 417 418 419
4 420 421 422 423
4 424 425 426 427
4 428 429 430 431
4 432 433 434 435
4 436 437 438 439
4 440 441 442 443
4 444 445 446 447
4 448 449 450 451
4 452 453 454 455
4 456 457 458 459
4 460 461 462 463
4 464 465 466 467
4 468 469 470 471
4 472 473 474 475
4 476 477 478 479
4 480 481 482 483
4 484 485 486 487
4 488 489 490 491
4 492 493 494 495
4 496 497 498 499
4 500 501 502 503
4 504 505 506 507
4 508 509 510 511
4 512 513 514 515
4 516 517 518 519
4 520 521 522 523
4 524 525 526 527
4 528 529 530 531
4 532 533 534 535
4 536 537 538 539
4 540 541 542 543
4 544 545 546 547
4 548 549 550 551
4 552 553 554 555
4 556 557 558 559
4 560 561 562 563
4 564 565 566 567
4 568 569 570 571
4 572 573 574 575
4 576 577 578 579
4 580 581 582 583
4 584 585 586 587
4 588 589 590 591
4 592 593 594 595
4 596 597 598 599
4 600 601 602 603
4 604 605 606 607
4 608 609 610 611
4 612 613 614 615
4 616 617 618 619
4 620 621 622 623
4 624 625 626 627
4 628 629 630 631
4 632 633 634 635
4 636 637 638 639
4 640 641 642 643
4 644 645 646 647
4 648 649 650 651
4 652 653 654 655
4 656 657 658 659
4 660 661 662 663
4 664 665 666 667
4 668 669 670 671
4 672 673 674 675
4 676 677 678 679
4 680 681 682 683
4 684 685 686 687
4 688 689 690 691
4 692 693 694 695
4 696 697 698 699
4 700 701 702 703
4 704 705 706 707
4 708 709 710 711
4 712 713 714 715
4 716 717 718 719
4 720 721 722 723
4 724 725 726 727
4 728 729 730 731
4 732 733 734 735
4 736 737 738 739
4 740 741 742 743
4 744 745 746 747
4 748 749 750 751
4 752 753 754 755
4 756 757 758 759
4 760 761 762 763
4 764 765 766 767
4 768 769 770 771
4 772 773 774 775
4 776 777 778 779
4 780 781 782 783
4 784 785 786 787
4 788 789 790 791
4 792 793 794 795
4 796 797 798 799
4 800 801 802 803
4 804 805 806 807
4 808 809 810 811
4 812 813 814 815
4 816 817 818 819
4 820 821 822 823
4 824 825 826 827
4 828 829 830 831
4 832 833 834 835
4 836 837 838 839
4 840 841 842 843
4 844 845 846 847
4 848 849 850 851
4 852 853 854 855
4 856 857 858 859
4 860 861 862 863
4 864 865 866 867
4 868 869 870 871
4 872 873 874 875
4 876 877 878 879
4 880 881 882 883
4 884 885 886 887
4 888 889 890 891
4 892 893 894 895
4 896 897 898 899
4 900 901 902 903
4 904 905 906 907
4 908 909 910 911
4 912 913 914 915
4 916 917 918 919
4 920 921 922 923
4 924 925 926 927
4 928 929 930 931
4 932 933 934 935
4 936 937 938 939
4 940 941 942 943
4 944 945 946 947
4 948 949 950 951
4 952 953 954 955
4 956 957 958 959
4 960 961 962 963
4 964 965 966 967
4 968 969 970 971
4 972 973 974 975
4 976 977 978 979
4 980 981 982 983
4 984 985 986 987
4 988 989 990 991
4 992 993 994 995
4 996 997 998 999
4 1000 1001 1002 1003
4 1004 1005 1006 1007
4 1008 1009 1010 1011
4 1012 1013 1014 1015
4 1016 1017 1018 1019
4 1020 1021 1022 1023
4 1024 1025 1026 1027
4 1028 1029 1030 1031
4 1032 1033 1034 1035
4 1036 1037 1038 1039
4 1040 1041 1042 1043
4 1044 1045 1046 1047
4 1048 1049 1050 1051
4 1052 1053 1054 1055
4 1056 1057 1058 1059
4 1060 1061 1062 1063
4 1064 1065 1066 1067
4 1068 1069 1070 1071
4 1072 1073 1074 1075
4 1076 1077 1078 1079
4 1080 1081 1082 1083
4 1084 1085 1086 1087
4 1088 1089 1090 1091
4 1092 1093 1094 1095
4 1096 1097 1098 1099
4 1100 1101 1102 1103
4 1104 1105 1106 1107
4 1108 1109 1110 1111
4 1112 1113 1114 1115
4 1116 1117 1118 1119
4 1120 1121 1122 1123
4 1124 1125 1126 1127
4 1128 1129 1130 1131
4 1132 1133 1134 1135
4 1136 1137 1138 1139
4 1140 1141 1142 1143
4 1144 1145 1146 1147
4 1148 1149 1150 1151
4 1152 1153 1154 1155
4 1156 1157 1158 1159
4 1160 1161 1162 1163
4 1164 1165 1166 1167
4 1168 1169 1170 1171
4 1172 1173 1174 1175
4 1176 1177 1178 1179
4 1180 1181 1182 1183
4 1184 1185 1186 1187
4 1188 1189 1190 1191
4 1192 1193 1194 1195
4 1196 1197 1198 1199
4 1200 1201 1202 1203
4 1204 1205 1206 1207
4 1208 1209 1210 1211
4 1212 1213 1214 1215
4 1216 1217 1218 1219
4 1220 1221 1222 1223
4 1224 1225 1226 1227
4 1228 1229 1230 1231
4 1232 1233 1234 1235
4 1236 1237 1238 1239
4 1240 1241 1242 1243
4 1244 1245 1246 1247
4 1248 1249 1250 1251
4 1252 1253 1254 1255
4 1256 1257 1258 1259
4 1260 1261 1262 1263
4 1264 1265 1266 1267
4 1268 1269 1270 1271
4 1272 1273 1274 1275
4 1276 1277 1278 1279
4 1280 1281 1282 1283
4 1284 1285 1286 1287
4 1288 1289 1290 1291
4 1292 1293 1294 1295
4 1296 1297 1298 1299
4 1300 1301 1302 1303
4 1304 1305 1306 1307
4 1308 1309 1310 1311
4 1312 1313 1314 1315
4 1316 1317 1318 1319
4 1320 1321 1322 1323
4 1324 1325 1326 1327
4 1328 1329 1330 1331
4 1332 1333 1334 1335
4 1336 1337 1338 1339
4 1340 1341 1342 1343
4 1344 1345 1346 1347
4 1348 1349 1350 1351
4 1352 1353 1354 1355
4 1356 1357 1358 1359
4 1360 1361 1362 1363
4 1364 1365 1366 1367
4 1368 1369 1370 1371
4 1372 1373 1374 1375
4 1376 1377 1378 1379
4 1380 1381 1382 1383
4 1384 1385 1386 1387
4 1388 1389 1390 1391
4 1392 1393 1394 1395
4 1396 1397 1398 1399
4 1400 1401 1402 1403
4 1404 1405 1406 1407
4 1408 1409 1410 1411
4 1412 1413 1414 1415
4 1416 1417 1418 1419
4 1420 1421 1422 1423
4 1424 1425 1426 1427
4 1428 1429 1430 1431
4 1432 1433 1434 1435
4 1436 1437 1438 1439
4 1440 1441 1442 1443
4 1444 1445 1446 1447
4 1448 1449 1450 1451
4 1452 1453 1454 1455
4 1456 1457 1458 1459
4 1460 1461 1462 1463
4 1464 1465 1466 1467
4 1468 1469 1470 1471
4 1472 1473 1474 1475
4 1476 1477 1478 1479
4 1480 1481 1482 1483
4 1484 1485 1486 1487
4 1488 1489 1490 1491
4 1492 1493 1494 1495
4 1496 1497 1498 1499
4 1500 1501 1502 1503
4 1504 1505 1506 1507
4 1508 1509 1510 1511
4 1512 1513 1514 1515
4 1516 1517 1518 1519
4 1520 1521 1522 1523
4 1524 1525 1526 1527
4 1528 1529 1530 1531
4 1532 1533 1534 1535
4 1536 1537 1538 1539
4 1540 1541 1542 1543
4 1544 1545 1546 1547
4 1548 1549 1550 1551
4 1552 1553 1554 1555
4 1556 1557 1558 1559
4 1560 1561 1562 1563
4 1564 1565 1566 1567
4 1568 1569 1570 1571
4 1572 1573 1574 1575
4 1576 1577 1578 1579
4 1580 1581 1582 1583
4 1584 1585 1586 1587
4 1588 1589 1590 1591
4 1592 1593 1594 1595
4 1596 1597 1598 1599
4 1600 1601 1602 1603
4 1604 1605 1606 1607
4 1608 1609 1610 1611
4 1612 1613 1614 1615
4 1616 1617 1618 1619
4 1620 1621 1622 1623
4 1624 1625 1626 1627
4 1628 1629 1630 1631
4 1632 1633 1634 1635
4 1636 1637 1638 1639
4 1640 1641 1642 1643
4 1644 1645 1646 1647
4 1648 1649 1650 1651
4 1652 1653 1654 1655
4 1656 1657 1658 1659
4 1660 1661 1662 1663
4 1664 1665 1666 1667
4 1668 1669 1670 1671
4 1672 1673 1674 1675
4 1676 1677 1678 1679
4 1680 1681 1682 1683
4 1684 1685 1686 1687
4 1688 1689 1690 1691
4 1692 1693 1694 1695
4 1696 1697 1698 1699
4 1700 1701 1702 1703
4 1704 1705 1706 1707
4 1708 1709 1710 1711
4 1712 1713 1714 1715
4 1716 1717 1718 1719
4 1720 1721 1722 1723
4 1724 1725 1726 1727
4 1728 1729 1730 1731
4 1732 1733 1734 1735
4 1736 1737 1738 1739
4 1740 1741 1742 1743
4 1744 1745 1746 1747
4 1748 1749 1750 1751
4 1752 1753 1754 1755
4 1756 1757 1758 1759
4 1760 1761 1762 1763
4 1764 1765 1766 1767
4 1768 1769 1770 1771
4 1772 1773 1774 1775
4 1776 1777 1778 1779
4 1780 1781 1782 1783
4 1784 1785 1786 1787
4 1788 1789 1790 1791
4 1792 1793 1794 1795
4 1796 1797 1798 1799
4 1800 1801 1802 1803
4 1804 1805 1806 1807
4 1808 1809 1810 1811
4 1812 1813 1814 1815
4 1816 1817 1818 1819
4 1820 1821 1822 1823
4 1824 1825 1826 1827
4 1828 1829 1830 1831
4 1832 1833 1834 1835
4 1836 1837 1838 1839
4 1840 1841 1842 1843
4 1844 1845 1846 1847
4 1848 1849 1850 1851
4 1852 1853 1854 1855
4 1856 1857 1858 1859
4 1860 1861 1862 1863
4 1864 1865 1866 1867
4 1868 1869 1870 1871
4 1872 1873 1874 1875
4 1876 1877 1878 1879
4 1880 1881 1882 1883
4 1884 1885 1886 1887
4 1888 1889 1890 1891
4 1892 1893 1894 1895
4 1896 1897 1898 1899
4 1900 1901 1902 1903
4 1904 1905 1906 1907
4 1908 1909 1910 1911
4 1912 1913 1914 1915
4 1916 1917 1918 1919
4 1920 1921 1922 1923
4 1924 1925 1926 1927
4 1928 1929 1930 1931
4 1932 1933 1934 1935
4 1936 1937 1938 1939
4 1940 1941 1942 1943
4 1944 1945 1946 1947
4 1948 1949 1950 1951
4 1952 1953 1954 1955
4 1956 1957 1958 1959
4 1960 1961 1962 1963
4 1964 1965 1966 1967
4 1968 1969 1970 1971
4 1972 1973 1974 1975
4 1976 1977 1978 1979
4 1980 1981 1982 1983
4 1984 1985 1986 1987
4 1988 1989 1990 1991
4 1992 1993 1994 1995
4 1996 1997 1998 1999
4 2000 2001 2002 2003
4 2004 2005 2006 2007
4 2008 2009 2010 2011
4 2012 2013 2014 2015
4 2016 2017 2018 2019
4 2020 2021 2022 2023
4 2024 2025 2026 2027
4 2028 2029 2030 2031
4 2032 2033 2034 2035
4 2036 2037 2038 2039
4 2040 2041 2042 2043
4 2044 2045 2046 2047
4 2048 2049 2050 2051
4 2052 2053 2054 2055
4 2056 2057 2058 2059
4 2060 2061 2062 2063
4 2064 2065 2066 2067
4 2068 2069 2070 2071
4 2072 2073 2074 2075
4 2076 2077 2078 2079
4 2080 2081 2082 2083
4 2084 2085 2086 2087
4 2088 2089 2090 2091
4 2092 2093 2094 2095
4 2096 2097 2098 2099
4 2100 2101 2102 2103
4 2104 2105 2106 2107
4 2108 2109 2110 2111
4 2112 2113 2114 2115
4 2116 2117 2118 2119
4 2120 2121 2122 2123
4 2124 2125 2126 2127
4 2128 2129 2130 2131
4 2132 2133 2134 2135
4 2136 2137 2138 2139
4 2140 2141 2142 2143
4 2144 2145 2146 2147
4 2148 2149 2150 2151
4 2152 2153 2154 2155
4 2156 2157 2158 2159
4 2160 2161 2162 2163
4 2164 2165 2166 2167
4 2168 2169 2170 2171
4 2172 2173 2174 2175
4 2176 2177 2178 2179
4 2180 2181 2182 2183
4 2184 2185 2186 2187
4 2188 2189 2190 2191
4 2192 2193 2194 2195
4 2196 2197 2198 2199
4 2200 2201 2202 2203
4 2204 2205 2206 2207
4 2208 2209 2210 2211
4 2212 2213 2214 2215
4 2216 2217 2218 2219
4 2220 2221 2222 2223
4 2224 2225 2226 2227
4 2228 2229 2230 2231
4 2232 2233 2234 2235
4 2236 2237 2238 2239
4 2240 2241 2242 2243
4 2244 2245 2246 2247
4 2248 2249 2250 2251
4 2252 2253 2254 2255
4 2256 2257 2258 2259
4 2260 2261 2262 2263
4 2264 2265 2266 2267
4 2268 2269 2270 2271
4 2272 2273 2274 2275
4 2276 2277 2278 2279
4 2280 2281 2282 2283
4 2284 2285 2286 2287
4 2288 2289 2290 2291
4 2292 2293 2294 2295
4 2296 2297 2298 2299
4 2300 2301 2302 2303
4 2304 2305 2306 2307
4 2308 2309 2310 2311
4 2312 2313 2314 2315
4 2316 2317 2318 2319
4 2320 2321 2322 2323
4 2324 2325 2326 2327
4 2328 2329 2330 2331
4 2332 2333 2334 2335
4 2336 2337 2338 2339
4 2340 2341 2342 2343
4 2344 2345 2346 2347
4 2348 2349 2350 2351
4 2352 2353 2354 2355
4 2356 2357 2358 2359
4 2360 2361 2362 2363
4 2364 2365 2366 2367
4 2368 2369 2370 2371
4 2372 2373 2374 2375
4 2376 2377 2378 2379
4 2380 2381 2382 2383
4 2384 2385 2386 2387
4 2388 2389 2390 2391
4 2392 2393 2394 2395
4 2396 2397 2398 2399
4 2400 2401 2402 2403
4 2404 2405 2406 2407
4 2408 2409 2410 2411
4 2412 2413 2414 2415
4 2416 2417 2418 2419
4 2420 2421 2422 2423
4 2424 2425 2426 2427
4 2428 2429 2430 2431
4 2432 2433 2434 2435
4 2436 2437 2438 2439
4 2440 2441 2442 2443
4 2444 2445 2446 2447
4 2448 2449 2450 2451
4 2452 2453 2454 2455
4 2456 2457 2458 2459
4 2460 2461 2462 2463
4 2464 2465 2466 2467
4 2468 2469 2470 2471
4 2472 2473 2474 2475
4 2476 2477 2478 2479
4 2480 2481 2482 2483
4 2484 2485 2486 2487
4 2488 2489 2490 2491
4 2492 2493 2494 2495
4 2496 2497 2498 2499
4 2500 2501 2502 2503
4 2504 2505 2506 2507
4 2508 2509 2510 2511
4 2512 2513 2514 2515
4 2516 2517 2518 2519
4 2520 2521 2522 2523
4 2524 2525 2526 2527
4 2528 2529 2530 2531
4 2532 2533 2534 2535
4 2536 2537 2538 2539
4 2540 2541 2542 2543
4 2544 2545 2546 2547
4 2548 2549 2550 2551
4 2552 2553 2554 2555
4 2556 2557 2558 2559
4 2560 2561 2562 2563
4 2564 2565 2566 2567
4 2568 2569 2570 2571
4 2572 2573 2574 2575
4 2576 2577 2578 2579
4 2580 2581 2582 2583
4 2584 2585 2586 2587
4 2588 2589 2590 2591
4 2592 2593 2594 2595
4 2596 2597 2598 2599
4 2600 2601 2602 2603
4 2604 2605 2606 2607
4 2608 2609 2610 2611
4 2612 2613 2614 2615
4 2616 2617 2618 2619
4 2620 2621 2622 2623
4 2624 2625 2626 2627
4 2628 2629 2630 2631
4 2632 2633 2634 2635
4 2636 2637 2638 2639
4 2640 2641 2642 2643
4 2644 2645 2646 2647
4 2648 2649 2650 2651
4 2652 2653 2654 2655
4 2656 2657 2658 2659
4 2660 2661 2662 2663
4 2664 2665 2666 2667
4 2668 2669 2670 2671
4 2672 2673 2674 2675
4 2676 2677 2678 2679
4 2680 2681 2682 2683
4 2684 2685 2686 2687
4 2688 2689 2690 2691
4 2692 2693 2694 2695
4 2696 2697 2698 2699
4 2700 2701 2702 2703
4 2704 2705 2706 2707
4 2708 2709 2710 2711
4 2712 2713 2714 2715
4 2716 2717 2718 2719
4 2720 2721 2722 2723
4 2724 2725 2726 2727
4 2728 2729 2730 2731
4 2732 2733 2734 2735
4 2736 2737 2738 2739
4 2740 2741 2742 2743
4 2744 2745 2746 2747
4 2748 2749 2750 2751
4 2752 2753 2754 2755
4 2756 2757 2758 2759
4 2760 2761 2762 2763
4 2764 2765 2766 2767
4 2768 2769 2770 2771
4 2772 2773 2774 2775
4 2776 2777 2778 2779
4 2780 2781 2782 2783
4 2784 2785 2786 2787
4 2788 2789 2790 2791
4 2792 2793 2794 2795
4 2796 2797 2798 2799
4 2800 2801 2802 2803
4 2804 2805 2806 2807
4 2808 2809 2810 2811
4 2812 2813 2814 2815
4 2816 2817 2818 2819
4 2820 2821 2822 2823
4 2824 2825 2826 2827
4 2828 2829 2830 2831
4 2832 2833 2834 2835
4 2836 2837 2838 2839
4 2840 2841 2842 2843
4 2844 2845 2846 2847
4 2848 2849 2850 2851
4 2852 2853 2854 2855
4 2856 2857 2858 2859
4 2860 2861 2862 2863
4 2864 2865 2866 2867
4 2868 2869 2870 2871
4 2872 2873 2874 2875
4 2876 2877 2878 2879
4 2880 2881 2882 2883
4 2884 2885 2886 2887
4 2888 2889 2890 2891
4 2892 2893 2894 2895
4 2896 2897 2898 2899
4 2900 2901 2902 2903
4 2904 2905 2906 2907
4 2908 2909 2910 2911
4 2912 2913 2914 2915
4 2916 2917 2918 2919
4 2920 2921 2922 2923
4 2924 2925 2926 2927
4 2928 2929 2930 2931
4 2932 2933 2934 2935
4 2936 2937 2938 2939
4 2940 2941 2942 2943
4 2944 2945 2946 2947
4 2948 2949 2950 2951
4 2952 2953 2954 2955
4 2956 2957 2958 2959
4 2960 2961 2962 2963
4 2964 2965 2966 2967
4 2968 2969 2970 2971
4 2972 2973 2974 2975
4 2976 2977 2978 2979
4 2980 2981 2982 2983
4 2984 2985 2986 2987
4 2988 2989 2990 2991
4 2992 2993 2994 2995
4 2996 2997 2998 2999
4 3000 3001 3002 3003
4 3004 3005 3006 3007
4 3008 3009 3010 3011
4 3012 3013 3014 3015
4 3016 3017 3018 3019
4 3020 3021 3022 3023
4 3024 3025 3026 3027
4 3028 3029 3030 3031
4 3032 3033 3034 3035
4 3036 3037 3038 3039
4 3040 3041 3042 3043
4 3044 3045 3046 3047
4 3048 3049 3050 3051
4 3052 3053 3054 3055
4 3056 3057 3058 3059
4 3060 3061 3062 3063
4 3064 3065 3066 3067
4 3068 3069 3070 3071
4 3072 3073 3074 3075
4 3076 3077 3078 3079
4 3080 3081 3082 3083
4 3084 3085 3086 3087
4 3088 3089 3090 3091
4 3092 3093 3094 3095
4 3096 3097 3098 3099
4 3100 3101 3102 3103
4 3104 3105 3106 3107
4 3108 3109 3110 3111
4 3112 3113 3114 3115
4 3116 3117 3118 3119
4 3120 3121 3122 3123
4 3124 3125 3126 3127
4 3128 3129 3130 3131
4 3132 3133 3134 3135
4 3136 3137 3138 3139
4 3140 3141 3142 3143
4 3144 3145 3146 3147
4 3148 3149 3150 3151
4 3152 3153 3154 3155
4 3156 3157 3158 3159
4 3160 3161 3162 3163
4 3164 3165 3166 3167
4 3168 3169 3170 3171
4 3172 3173 3174 3175
4 3176 3177 3178 3179
4 3180 3181 3182 3183
4 3184 3185 3186 3187
4 3188 3189 3190 3191
4 3192 3193 3194 3195
4 3196 3197 3198 3199
4 3200 3201 3202 3203
4 3204 3205 3206 3207
4 3208 3209 3210 3211
4 3212 3213 3214 3215
4 3216 3217 3218 3219
4 3220 3221 3222 3223
4 3224 3225 3226 3227
4 3228 3229 3230 3231
4 3232 3233 3234 3235
4 3236 3237 3238 3239
4 3240 3241 3242 3243
4 3244 3245 3246 3247
4 3248 3249 3250 3251
4 3252 3253 3254 3255
4 3256 3257 3258 3259
4 3260 3261 3262 3263
4 3264 3265 3266 3267
4 3268 3269 3270 3271
4 3272 3273 3274 3275
4 3276 3277 3278 3279
4 3280 3281 3282 3283
4 3284 3285 3286 3287
4 3288 3289 3290 3291
4 3292 3293 3294 3295
4 3296 3297 3298 3299
4 3300 3301 3302 3303
4 3304 3305 3306 3307
4 3308 3309 3310 3311
4 3312 3313 3314 3315
4 3316 3317 3318 3319
4 3320 3321 3322 3323
4 3324 3325 3326 3327
4 3328 3329 3330 3331
4 3332 3333 3334 3335
4 3336 3337 3338 3339
4 3340 3341 3342 3343
4 3344 3345 3346 3347
4 3348 3349 3350 3351
4 3352 3353 3354 3355
4 3356 3357 3358 3359
4 3360 3361 3362 3363
4 3364 3365 3366 3367
4 3368 3369 3370 3371
4 3372 3373 3374 3375
4 3376 3377 3378 3379
4 3380 3381 3382 3383
4 3384 3385 3386 3387
4 3388 3389 3390 3391
4 3392 3393 3394 3395
4 3396 3397 3398 3399
4 3400 3401 3402 3403
4 3404 3405 3406 3407
4 3408 3409 3410 3411
4 3412 3413 3414 3415
4 3416 3417 3418 3419
4 3420 3421 3422 3423
4 3424 3425 3426 3427
4 3428 3429 3430 3431
4 3432 3433 3434 3435
4 3436 3437 3438 3439
4 3440 3441 3442 3443
4 3444 3445 3446 3447
4 3448 3449 3450 3451
4 3452 3453 3454 3455
4 3456 3457 3458 3459
4 3460 3461 3462 3463
4 3464 3465 3466 3467
4 3468 3469 3470 3471
4 3472 3473 3474 3475
4 3476 3477 3478 3479
4 3480 3481 3482 3483
4 3484 3485 3486 3487
4 3488 3489 3490 3491
4 3492 3493 3494 3495
4 3496 3497 3498 3499
4 3500 3501 3502 3503
4 3504 3505 3506 3507
4 3508 3509 3510 3511
4 3512 3513 3514 3515
4 3516 3517 3518 3519
4 3520 3521 3522 3523
4 3524 3525 3526 3527
4 3528 3529 3530 3531
4 3532 3533 3534 3535
4 3536 3537 3538 3539
4 3540 3541 3542 3543
4 3544 3545 3546 3547
4 3548 3549 3550 3551
4 3552 3553 3554 3555
4 3556 3557 3558 3559
4 3560 3561 3562 3563
4 3564 3565 3566 3567
4 3568 3569 3570 3571
4 3572 3573 3574 3575
4 3576 3577 3578 3579
4 3580 3581 3582 3583
4 3584 3585 3586 3587
4 3588 3589 3590 3591
4 3592 3593 3594 3595
4 3596 3597 3598 3599
4 3600 3601 3602 3603
4 3604 3605 3606 3607
4 3608 3609 3610 3611
4 3612 3613 3614 3615
4 3616 3617 3618 3619
4 3620 3621 3622 3623
4 3624 3625 3626 3627
4 3628 3629 3630 3631
4 3632 3633 3634 3635
4 3636 3637 3638 3639
4 3640 3641 3642 3643
4 3644 3645 3646 3647
4 3648 3649 3650 3651
4 3652 3653 3654 3655
4 3656 3657 3658 3659
4 3660 3661 3662 3663
4 3664 3665 3666 3667
4 3668 3669 3670 3671
4 3672 3673 3674 3675
4 3676 3677 3678 3679
4 3680 3681 3682 3683
4 3684 3685 3686 3687
4 3688 3689 3690 3691
4 3692 3693 3694 3695
CELL_TYPES 924
9
9
9
9
9
9
9
9
9
9
9
9
9
9
9
9
9
9
9
9
9
9
9
9
9
9
9
9
9
9
9
9
9
9
9
9
9
9
9
9
9
9
9
9
9
9
9
9
9
9
9
9
9
9
9
9
9
9
9
9
9
9
9
9
9
9
9
9
9
9
9
9
9
9
9
9
9
9
9
9
9
9
9
9
9
9
9
9
9
9
9
9
9
9
9
9
9
9
9
9
9
9
9
9
9
9
9
9
9
9
9
9
9
9
9
9
9
9
9
9
9
9
9
9
9
9
9
9
9
9
9
9
9
9
9
9
9
9
9
9
9
9
9
9
9
9
9
9
9
9
9
9
9
9
9
9
9
9
9
9
9
9
9
9
9
9
9
9
9
9
9
9
9
9
9
9
9
9
9
9
9
9
9
9
9
9
9
9
9
9
9
9
9
9
9
9
9
9
9
9
9
9
9
9
9
9
9
9
9
9
9
9
9
9
9
9
9
9
9
9
9
9
9
9
9
9
9
9
9
9
9
9
9
9
9
9
9
9
9
9
9
9
9
9
9
9
9
9
9
9
9
9
9
9
9
9
9
9
9
9
9
9
9
9
9
9
9
9
9
9
9
9
9
9
9
9
9
9
9
9
9
9
9
9
9
9
9
9
9
9
9
9
9
9
9
9
9
9
9
9
9
9
9
9
9
9
9
9
9
9
9
9
9
9
9
9
9
9
9
9
9
9
9
9
9
9
9
9
9
9
9
9
9
9
9
9
9
9
9
9
9
9
9
9
9
9
9
9
9
9
9
9
9
9
9
9
9
9
9
9
9
9
9
9
9
9
9
9
9
9
9
9
9
9
9
9
9
9
9
9
9
9
9
9
9
9
9
9
9
9
9
9
9
9
9
9
9
9
9
9
9
9
9
9
9
9
9
9
9
9
9
9
9
9
9
9
9
9
9
9
9
9
9
9
9
9
9
9
9
9
9
9
9
9
9
9
9
9
9
9
9
9
9
9
9
9
9
9
9
9
9
9
9
9
9
9
9
9
9
9
9
9
9
9
9
9
9
9
9
9
9
9
9
9
9
9
9
9
9
9
9
9
9
9
9
9
9
9
9
9
9
9
9
9
9
9
9
9
9
9
9
9
9
9
9
9
9
9
9
9
9
9
9
9
9
9
9
9
9
9
9
9
9
9
9
9
9
9
9
9
9
9
9
9
9
9
9
9
9
9
9
9
9
9
9
9
9
9
9
9
9
9
9
9
9
9
9
9
9
9
9
9
9
9
9
9
9
9
9
9
9
9
9
9
9
9
9
9
9
9
9
9
9
9
9
9
9
9
9
9
9
9
9
9
9
9
9
9
9
9
9
9
9
9
9
9
9
9
9
9
9
9
9
9
9
9
9
9
9
9
9
9
9
9
9
9
9
9
9
9
9
9
9
9
9
9
9
9
9
9
9
9
9
9
9
9
9
9
9
9
9
9
9
9
9
9
9
9
9
9
9
9
9
9
9
9
9
9
9
9
9
9
9
9
9
9
9
9
9
9
9
9
9
9
9
9
9
9
9
9
9
9
9
9
9
9
9
9
9
9
9
9
9
9
9
9
9
9
9
9
9
9
9
9
9
9
9
9
9
9
9
9
9
9
9
9
9
9
9
9
9
9
9
9
9
9
9
9
9
9
9
9
9
9
9
9
9
9
9
9
9
9
9
9
9
9
9
9
9
9
9
9
9
9
9
9
9
9
9
9
9
9
9
9
9
9
9
9
9
9
9
9
9
9
9
9
9
9
9
9
9
9
9
9
9
9
9
9
9
9
9
9
9
9
9
9
9
9
9
9
9
9
9
9
9
9
9
9
9
9
9
9
9
9
9
9
9
9
9
9
9
9
9
9
9
9
9
9
9
9
9
9
9
9
9
9
9
9
9
9
9
9
9
9
9
9
9
9
9
9
9
9
9
9
9
9
9
9
9
9
9
9
9
9
9
9
9
9
9
9
9
9
9
9
9
9
9
9
9
9
9
9
9
9
9
9
9
9
9
9
9
9
9
9
9
9
9
9
9
9
9
9
9
9
9
9
9
9
9
9
9
9
9
9
CELL_DATA 924
SCALARS area double 1
LOOKUP_TABLE default
1.06146e-05
1.06875e-05
1.0718e-05
1.07889e-05
1.10438e-05
8.24196e-06
1.09172e-05
1.09875e-05
1.0865e-05
1.07535e-05
1.82013e-05
1.82919e-05
1.82964e-05
1.82842e-05
1.82324e-05
1.22908e-05
1.82647e-05
1.8319e-05
1.8306e-05
1.82904e-05
2.02791e-05
2.04752e-05
2.06224e-05
2.0743e-05
2.0574e-05
1.17046e-05
2.07291e-05
2.05178e-05
2.04378e-05
2.03854e-05
2.16776e-05
2.19439e-05
2.21933e-05
2.24462e-05
2.24081e-05
1.10206e-05
2.25729e-05
2.21959e-05
2.19935e-05
2.1849e-05
2.27764e-05
2.30094e-05
2.32115e-05
2.3426e-05
2.3436e-05
1.0557e-05
2.35805e-05
2.32693e-05
2.30839e-05
2.29489e-05
2.35832e-05
2.37898e-05
2.39533e-05
2.41347e-05
2.41755e-05
1.02314e-05
2.43022e-05
2.40441e-05
2.38767e-05
2.37532e-05
2.41377e-05
2.43233e-05
2.44559e-05
2.46095e-05
2.46707e-05
1.00307e-05
2.47757e-05
2.45625e-05
2.44135e-05
2.43025e-05
2.44373e-05
2.46081e-05
2.47194e-05
2.4854e-05
2.49312e-05
9.88289e-06
2.4987e-05
2.4814e-05
2.46864e-05
2.45912e-05
2.44329e-05
2.45914e-05
2.46862e-05
2.48063e-05
2.48981e-05
9.70145e-06
2.49024e-05
2.47635e-05
2.46558e-05
2.45754e-05
2.4235e-05
2.43812e-05
2.44596e-05
2.45621e-05
2.46511e-05
9.48111e-06
2.46332e-05
2.45233e-05
2.44348e-05
2.43685e-05
2.39545e-05
2.40889e-05
2.41522e-05
2.42369e-05
2.4316e-05
9.24876e-06
2.42974e-05
2.421e-05
2.41369e-05
2.40816e-05
2.35853e-05
2.37101e-05
2.37621e-05
2.38334e-05
2.39047e-05
9.00809e-06
2.38819e-05
2.38122e-05
2.37517e-05
2.37056e-05
2.31892e-05
2.33057e-05
2.33484e-05
2.34087e-05
2.34736e-05
8.77876e-06
2.34504e-05
2.33941e-05
2.33432e-05
2.3304e-05
2.27106e-05
2.28198e-05
2.28553e-05
2.2907e-05
2.29668e-05
8.53768e-06
2.2942e-05
2.28963e-05
2.28531e-05
2.28197e-05
2.21914e-05
2.22941e-05
2.23238e-05
2.23684e-05
2.2424e-05
8.29606e-06
2.23983e-05
2.23608e-05
2.23239e-05
2.22952e-05
2.16356e-05
2.17308e-05
2.17554e-05
2.17944e-05
2.1849e-05
8.043e-06
2.18212e-05
2.17934e-05
2.17623e-05
2.17358e-05
2.10011e-05
2.10848e-05
2.11056e-05
2.1141e-05
2.11997e-05
7.71967e-06
2.11621e-05
2.11475e-05
2.11239e-05
2.10979e-05
2.03319e-05
2.04003e-05
2.04178e-05
2.04484e-05
2.05039e-05
7.36307e-06
2.04659e-05
2.04531e-05
2.04329e-05
2.04114e-05
1.96294e-05
1.96847e-05
1.96998e-05
1.97271e-05
1.97812e-05
7.02548e-06
1.97388e-05
1.97279e-05
1.97112e-05
1.96938e-05
1.88586e-05
1.89024e-05
1.89151e-05
1.89389e-05
1.89911e-05
6.67796e-06
1.89482e-05
1.89388e-05
1.89247e-05
1.89105e-05
1.80712e-05
1.81051e-05
1.81154e-05
1.81359e-05
1.8186e-05
6.34628e-06
1.81438e-05
1.81358e-05
1.8124e-05
1.81124e-05
1.72216e-05
1.72472e-05
1.72554e-05
1.72731e-05
1.73215e-05
6.01619e-06
1.72798e-05
1.72731e-05
1.72633e-05
1.72537e-05
1.63479e-05
1.63664e-05
1.63728e-05
1.63878e-05
1.64339e-05
5.69068e-06
1.63936e-05
1.63881e-05
1.638e-05
1.63723e-05
1.54481e-05
1.54608e-05
1.54658e-05
1.54785e-05
1.55229e-05
5.36609e-06
1.54831e-05
1.54784e-05
1.54719e-05
1.54659e-05
1.44952e-05
1.45033e-05
1.45069e-05
1.45174e-05
1.45594e-05
5.02659e-06
1.45215e-05
1.45177e-05
1.45124e-05
1.45077e-05
1.35211e-05
1.35256e-05
1.3528e-05
1.35366e-05
1.35762e-05
4.6862e-06
1.35402e-05
1.35371e-05
1.35329e-05
1.35293e-05
1.25259e-05
1.25276e-05
1.2529e-05
1.25358e-05
1.25727e-05
4.34277e-06
1.25392e-05
1.25367e-05
1.25335e-05
1.25308e-05
1.14886e-05
1.14884e-05
1.14891e-05
1.14944e-05
1.15286e-05
3.98612e-06
1.14973e-05
1.14953e-05
1.1493e-05
1.1491e-05
1.04407e-05
1.04392e-05
1.04393e-05
1.04431e-05
1.04742e-05
3.62545e-06
1.0446e-05
1.04444e-05
1.04427e-05
1.04413e-05
8.98184e-06
8.9799e-06
8.97917e-06
8.98141e-06
9.008e-06
3.13108e-06
8.98435e-06
8.98304e-06
8.98187e-06
8.98108e-06
2.01738e-06
2.01647e-06
2.01602e-06
2.01695e-06
2.02748e-06
7.44277e-07
2.01748e-06
2.01706e-06
2.01668e-06
2.0165e-06
1.58918e-06
1.58779e-06
1.58707e-06
1.58841e-06
1.60285e-06
6.37006e-07
1.58863e-06
1.58812e-06
1.58765e-06
1.58745e-06
1.52431e-06
1.52206e-06
1.52087e-06
1.52292e-06
1.54449e-06
6.69326e-07
1.52279e-06
1.5221e-06
1.52147e-06
1.52124e-06
1.44676e-06
1.44341e-06
1.44156e-06
1.44431e-06
1.4745e-06
7.04584e-07
1.44397e-06
1.44305e-06
1.44218e-06
1.44189e-06
1.35439e-06
1.34951e-06
1.34678e-06
1.35055e-06
1.39222e-06
7.44717e-07
1.34971e-06
1.34852e-06
1.34739e-06
1.34705e-06
1.24384e-06
1.23674e-06
1.23261e-06
1.23757e-06
1.29485e-06
7.92617e-07
1.23634e-06
1.23475e-06
1.2332e-06
1.23278e-06
1.1085e-06
1.09807e-06
1.09189e-06
1.09868e-06
1.17878e-06
8.4899e-07
1.0967e-06
1.09454e-06
1.09243e-06
1.09188e-06
9.35444e-07
9.18657e-07
9.08501e-07
9.1865e-07
1.03932e-06
9.29778e-07
9.15319e-07
9.12088e-07
9.08906e-07
9.08151e-07
6.82079e-07
6.48404e-07
6.2712e-07
6.46201e-07
8.62255e-07
1.05997e-06
6.39738e-07
6.33497e-07
6.27223e-07
6.25783e-07
2.61531e-07
2.43473e-07
2.31753e-07
2.41741e-07
3.51687e-07
4.72854e-07
2.38261e-07
2.34983e-07
2.31656e-07
2.30917e-07
1.0664e-05
1.82585e-05
2.03132e-05
2.1703e-05
2.28084e-05
2.36205e-05
2.41789e-05
2.44797e-05
2.44753e-05
2.42786e-05
2.39997e-05
2.36308e-05
2.32347e-05
2.27554e-05
2.22351e-05
2.16764e-05
2.10334e-05
2.03533e-05
1.9643e-05
1.88666e-05
1.80751e-05
1.72226e-05
1.63469e-05
1.54457e-05
1.44919e-05
1.35174e-05
1.2522e-05
1.14849e-05
1.04372e-05
8.97862e-06
2.01601e-06
1.58708e-06
1.52091e-06
1.44161e-06
1.34683e-06
1.23264e-06
1.09187e-06
9.0834e-07
6.26465e-07
2.31326e-07
5.92532e-06
3.89433e-06
3.46144e-06
3.6777e-06
5.85861e-06
1.26479e-05
3.12164e-06
2.06413e-06
2.10796e-06
1.81282e-06
2.63468e-07
1.31771e-09
9.83332e-10
8.38339e-10
9.12295e-10
1.5459e-09
2.46283e-09
3.45969e-10
3.97612e-10
4.19539e-10
3.68022e-10
2.73868e-10
1.06146e-05
1.06875e-05
1.0718e-05
1.07889e-05
1.10438e-05
8.24196e-06
1.09172e-05
1.09875e-05
1.0865e-05
1.07535e-05
1.82013e-05
1.82919e-05
1.82964e-05
1.82842e-05
1.82324e-05
1.22908e-05
1.82647e-05
1.8319e-05
1.8306e-05
1.82904e-05
2.02791e-05
2.04752e-05
2.06224e-05
2.0743e-05
2.0574e-05
1.17046e-05
2.07291e-05
2.05178e-05
2.04378e-05
2.03854e-05
2.16776e-05
2.19439e-05
2.21933e-05
2.24462e-05
2.24081e-05
1.10206e-05
2.25729e-05
2.21959e-05
2.19935e-05
2.1849e-05
2.27764e-05
2.30094e-05
2.32115e-05
2.3426e-05
2.3436e-05
1.0557e-05
2.35805e-05
2.32693e-05
2.30839e-05
2.29489e-05
2.35832e-05
2.37898e-05
2.39533e-05
2.41347e-05
2.41755e-05
1.02314e-05
2.43022e-05
2.40441e-05
2.38767e-05
2.37532e-05
2.41377e-05
2.43233e-05
2.44559e-05
2.46095e-05
2.46707e-05
1.00307e-05
2.47757e-05
2.45625e-05
2.44135e-05
2.43025e-05
2.44373e-05
2.46081e-05
2.47194e-05
2.4854e-05
2.49312e-05
9.88289e-06
2.4987e-05
2.4814e-05
2.46864e-05
2.45912e-05
2.44329e-05
2.45914e-05
2.46862e-05
2.48063e-05
2.48981e-05
9.70145e-06
2.49024e-05
2.47635e-05
2.46558e-05
2.45754e-05
2.4235e-05
2.43812e-05
2.44596e-05
2.45621e-05
2.46511e-05
9.48111e-06
2.46332e-05
2.45233e-05
2.44348e-05
2.43685e-05
2.39545e-05
2.40889e-05
2.41522e-05
2.42369e-05
2.4316e-05
9.24876e-06
2.42974e-05
2.421e-05
2.41369e-05
2.40816e-05
2.35853e-05
2.37101e-05
2.37621e-05
2.38334e-05
2.39047e-05
9.00809e-06
2.38819e-05
2.38122e-05
2.37517e-05
2.37056e-05
2.31892e-05
2.33057e-05
2.33484e-05
2.34087e-05
2.34736e-05
8.77876e-06
2.34504e-05
2.33941e-05
2.33432e-05
2.3304e-05
2.27106e-05
2.28198e-05
2.28553e-05
2.2907e-05
2.29668e-05
8.53768e-06
2.2942e-05
2.28963e-05
2.28531e-05
2.28197e-05
2.21914e-05
2.22941e-05
2.23238e-05
2.23684e-05
2.2424e-05
8.29606e-06
2.23983e-05
2.23608e-05
2.23239e-05
2.22952e-05
2.16356e-05
2.17308e-05
2.17554e-05
2.17944e-05
2.1849e-05
8.043e-06
2.18212e-05
2.17934e-05
2.17623e-05
2.17358e-05
2.10011e-05
2.10848e-05
2.11056e-05
2.1141e-05
2.11997e-05
7.71967e-06
2.11621e-05
2.11475e-05
2.11239e-05
2.10979e-05
2.03319e-05
2.04003e-05
2.04178e-05
2.04484e-05
2.05039e-05
7.36307e-06
2.04659e-05
2.04531e-05
2.04329e-05
2.04114e-05
1.96294e-05
1.96847e-05
1.96998e-05
1.97271e-05
1.97812e-05
7.02548e-06
1.97388e-05
1.97279e-05
1.97112e-05
1.96938e-05
1.88586e-05
1.89024e-05
1.89151e-05
1.89389e-05
1.89911e-05
6.67796e-06
1.89482e-05
1.89388e-05
1.89247e-05
1.89105e-05
1.80712e-05
1.81051e-05
1.81154e-05
1.81359e-05
1.8186e-05
6.34628e-06
1.81438e-05
1.81358e-05
1.8124e-05
1.81124e-05
1.72216e-05
1.72472e-05
1.72554e-05
1.72731e-05
1.73215e-05
6.01619e-06
1.72798e-05
1.72731e-05
1.72633e-05
1.72537e-05
1.63479e-05
1.63664e-05
1.63728e-05
1.63878e-05
1.64339e-05
5.69068e-06
1.63936e-05
1.63881e-05
1.638e-05
1.63723e-05
1.54481e-05
1.54608e-05
1.54658e-05
1.54785e-05
1.55229e-05
5.36609e-06
1.54831e-05
1.54784e-05
1.54719e-05
1.54659e-05
1.44952e-05
1.45033e-05
1.45069e-05
1.45174e-05
1.45594e-05
5.02659e-06
1.45215e-05
1.45177e-05
1.45124e-05
1.45077e-05
1.35211e-05
1.35256e-05
1.3528e-05
1.35366e-05
1.35762e-05
4.6862e-06
1.35402e-05
1.35371e-05
1.35329e-05
1.35293e-05
1.25259e-05
1.25276e-05
1.2529e-05
1.25358e-05
1.25727e-05
4.34277e-06
1.25392e-05
1.25367e-05
1.25335e-05
1.25308e-05
1.14886e-05
1.14884e-05
1.14891e-05
1.14944e-05
1.15286e-05
3.98612e-06
1.14973e-05
1.14953e-05
1.1493e-05
1.1491e-05
1.04407e-05
1.04392e-05
1.04393e-05
1.04431e-05
1.04742e-05
3.62545e-06
1.0446e-05
1.04444e-05
1.04427e-05
1.04413e-05
8.98184e-06
8.9799e-06
8.97917e-06
8.98141e-06
9.008e-06
3.13108e-06
8.98435e-06
8.98304e-06
8.98187e-06
8.98108e-06
2.01738e-06
2.01647e-06
2.01602e-06
2.01695e-06
2.02748e-06
7.44277e-07
2.01748e-06
2.01706e-06
2.01668e-06
2.0165e-06
1.58918e-06
1.58779e-06
1.58707e-06
1.58841e-06
1.60285e-06
6.37006e-07
1.58863e-06
1.58812e-06
1.58765e-06
1.58745e-06
1.52431e-06
1.52206e-06
1.52087e-06
1.52292e-06
1.54449e-06
6.69326e-07
1.52279e-06
1.5221e-06
1.52147e-06
1.52124e-06
1.44676e-06
1.44341e-06
1.44156e-06
1.44431e-06
1.4745e-06
7.04584e-07
1.44397e-06
1.44305e-06
1.44218e-06
1.44189e-06
1.35439e-06
1.34951e-06
1.34678e-06
1.35055e-06
1.39222e-06
7.44717e-07
1.34971e-06
1.34852e-06
1.34739e-06
1.34705e-06
1.24384e-06
1.23674e-06
1.23261e-06
1.23757e-06
1.29485e-06
7.92617e-07
1.23634e-06
1.23475e-06
1.2332e-06
1.23278e-06
1.1085e-06
1.09807e-06
1.09189e-06
1.09868e-06
1.17878e-06
8.4899e-07
1.0967e-06
1.09454e-06
1.09243e-06
1.09188e-06
9.35444e-07
9.18657e-07
9.08501e-07
9.1865e-07
1.03932e-06
9.29778e-07
9.15319e-07
9.12088e-07
9.08906e-07
9.08151e-07
6.82079e-07
6.48404e-07
6.2712e-07
6.46201e-07
8.62255e-07
1.05997e-06
6.39738e-07
6.33497e-07
6.27223e-07
6.25783e-07
2.61531e-07
2.43473e-07
2.31753e-07
2.41741e-07
3.51687e-07
4.72854e-07
2.38261e-07
2.34983e-07
2.31656e-07
2.30917e-07
1.0664e-05
1.82585e-05
2.03132e-05
2.1703e-05
2.28084e-05
2.36205e-05
2.41789e-05
2.44797e-05
2.44753e-05
2.42786e-05
2.39997e-05
2.36308e-05
2.32347e-05
2.27554e-05
2.22351e-05
2.16764e-05
2.10334e-05
2.03533e-05
1.9643e-05
1.88666e-05
1.80751e-05
1.72226e-05
1.63469e-05
1.54457e-05
1.44919e-05
1.35174e-05
1.2522e-05
1.14849e-05
1.04372e-05
8.97862e-06
2.01601e-06
1.58708e-06
1.52091e-06
1.44161e-06
1.34683e-06
1.23264e-06
1.09187e-06
9.0834e-07
6.26465e-07
2.31326e-07
5.92532e-06
3.89433e-06
3.46144e-06
3.6777e-06
5.85861e-06
1.26479e-05
3.12164e-06
2.06413e-06
2.10796e-06
1.81282e-06
2.63468e-07
1.31771e-09
9.83332e-10
8.38339e-10
9.12295e-10
1.5459e-09
2.46283e-09
3.45969e-10
3.97612e-10
4.19539e-10
3.68022e-10
2.73868e-10
SCALARS mu double 1
LOOKUP_TABLE default
89.114
2.75698e-12
96.4416
124.813
131.874
133.156
131.914
126.787
99.6492
47.5241
120.214
92.4188
115.383
130.625
137.174
138.631
137.456
131.449
117.372
97.0146
133.776
123.768
132.75
141.072
146.116
147.953
147.07
141.966
133.508
124.367
144.292
142.787
148.002
153.218
157.144
158.942
158.313
154.014
148.021
142.187
153.588
158.091
162.411
166.194
169.283
170.759
170.185
166.583
161.9
157
162.212
172.352
176.506
179.417
181.767
182.907
182.452
179.531
175.708
171.02
174.776
186.743
190.622
192.81
194.433
195.239
194.953
192.741
189.669
185.29
190.009
201.616
204.904
206.367
207.253
207.73
207.645
206.175
203.872
200.117
207.832
217.193
219.544
220.231
220.385
220.544
220.676
219.953
218.482
215.706
227.426
233.619
234.717
234.58
234.067
233.992
234.259
234.229
233.657
232.193
249.199
250.927
250.494
249.486
248.365
248.112
248.468
249.085
249.471
249.605
272.463
268.941
266.801
264.893
263.193
262.788
263.23
264.474
265.849
267.758
296.603
287.478
283.579
280.769
278.512
277.971
278.496
280.349
282.717
286.453
320.116
306.253
300.704
297.029
294.243
293.59
294.189
296.624
299.944
305.39
342.747
325.081
318.084
313.6
310.315
309.567
310.229
313.216
317.424
324.368
364.302
343.864
335.652
330.41
326.635
325.813
326.522
330.052
335.085
343.272
383.867
362.233
353.159
347.284
343.07
342.2
342.934
346.958
352.675
361.722
401.32
379.527
370.12
363.959
359.542
358.656
359.379
363.649
369.695
379.079
417.528
396.021
386.586
380.353
375.868
374.984
375.683
380.051
386.203
395.615
432.872
411.919
402.647
396.48
392.022
391.154
391.818
396.182
402.291
411.539
447.347
427.262
418.294
412.295
407.941
407.102
407.72
411.994
417.954
426.897
461.126
442.058
433.491
427.736
423.545
422.743
423.31
427.431
433.161
441.701
474.235
456.28
448.184
442.736
438.767
438.013
438.523
442.429
447.862
455.929
486.681
469.882
462.306
457.212
453.51
452.812
453.264
456.906
461.991
469.536
498.431
482.814
475.794
471.095
467.703
467.067
467.465
470.797
475.489
482.474
509.361
494.946
488.513
484.247
481.206
480.639
480.985
483.964
488.222
494.614
519.275
506.089
500.276
496.482
493.835
493.341
493.639
496.221
500.004
505.769
527.732
515.915
510.77
507.484
505.268
504.852
505.104
507.254
510.522
515.61
534.475
524.058
519.584
516.815
515.055
514.722
514.929
516.624
519.367
523.776
539.239
530.029
526.06
523.657
522.263
522.014
522.179
523.512
525.878
529.777
542.108
532.914
528.904
526.33
524.578
524.143
524.571
526.244
528.755
532.687
544.476
535.457
531.353
528.603
526.627
526.035
526.666
528.541
531.214
535.238
546.453
537.909
533.754
530.858
528.715
528.04
528.776
530.803
533.617
537.693
548.113
540.371
536.267
533.265
530.993
530.255
531.062
533.206
536.123
540.155
549.511
542.873
538.963
535.909
533.529
532.745
533.573
535.83
538.807
542.656
550.704
545.444
541.939
538.918
536.41
535.601
536.36
538.804
541.769
545.228
551.699
548.056
545.242
542.567
539.878
539.079
539.668
542.43
545.058
547.851
552.409
550.416
548.737
546.823
544.736
544.113
544.577
546.632
548.556
550.252
553.205
552.416
551.654
551.04
550.609
550.421
550.547
550.906
551.487
552.245
555.838
555.644
555.563
555.505
555.448
555.41
555.44
555.482
555.536
555.614
88.7047
119.732
133.203
143.63
152.948
161.681
174.191
189.346
207.069
226.598
248.303
271.504
295.587
319.083
341.716
363.276
382.848
400.31
416.532
431.891
446.392
460.199
473.34
485.819
497.607
508.578
518.536
527.048
533.855
538.686
541.602
543.992
545.992
547.68
549.111
550.343
551.384
552.148
553.02
555.756
-42.6902
-44.0074
-90.1311
-121.745
-127.589
-129.414
-128.226
-126.008
-91.5615
-47.7025
-44.5798
555.72
555.678
555.607
555.548
555.53
555.517
555.51
555.517
555.59
555.673
555.698
62.2661
1.84288e-11
68.9802
89.5409
94.7481
95.7748
94.8481
91.0624
71.3598
33.8249
84.0139
65.6414
82.5439
93.7415
98.6303
99.7921
98.9173
94.4383
84.0673
69.0049
93.3764
88.0079
95.0652
101.365
105.203
106.638
105.968
102.106
95.7027
88.5235
100.64
101.745
106.187
110.294
113.344
114.746
114.257
110.953
106.281
101.387
107.669
113.011
116.809
119.893
122.345
123.509
123.054
120.244
116.504
112.281
114.83
123.664
127.282
129.728
131.641
132.555
132.183
129.866
126.754
122.745
124.676
134.46
137.825
139.732
141.107
141.771
141.522
139.725
137.17
133.442
136.13
145.605
148.524
149.895
150.722
151.138
151.036
149.788
147.8
144.544
149.18
157.26
159.519
160.322
160.602
160.777
160.837
160.143
158.762
156.196
163.638
169.555
170.946
171.15
170.932
170.926
171.089
170.91
170.18
168.523
179.357
182.527
182.87
182.441
181.766
181.621
181.854
182.158
182.121
181.56
196.316
196.097
195.253
194.164
193.05
192.785
193.086
193.861
194.545
195.22
214.258
210.183
208.068
206.305
204.762
204.389
204.756
205.996
207.42
209.414
232.438
224.617
221.242
218.81
216.851
216.386
216.815
218.509
220.665
223.963
250.186
239.254
234.712
231.632
229.271
228.728
229.21
231.346
234.21
238.71
267.399
254.012
248.434
244.723
241.957
241.351
241.876
244.457
248.004
253.562
283.352
268.595
262.214
257.95
254.811
254.162
254.714
257.712
261.851
268.213
297.836
282.457
275.665
271.11
267.776
267.109
267.661
270.888
275.355
282.133
311.426
295.795
288.823
284.136
280.709
280.039
280.58
283.928
288.556
295.513
324.386
308.754
301.754
297.038
293.59
292.929
293.452
296.841
301.517
308.503
336.746
321.354
314.439
309.776
306.366
305.724
306.221
309.586
314.225
321.124
348.529
333.574
326.837
322.292
318.968
318.352
318.821
322.109
326.641
333.358
359.738
345.371
338.891
334.524
331.336
330.756
331.192
334.347
338.709
345.165
370.356
356.686
350.529
346.391
343.384
342.846
343.246
346.223
350.359
356.488
380.344
367.462
361.684
357.824
355.043
354.552
354.915
357.667
361.527
367.271
389.584
377.575
372.228
368.692
366.18
365.743
366.069
368.549
372.084
377.391
397.909
386.857
381.99
378.823
376.624
376.246
376.534
378.699
381.861
386.681
405.049
395.037
390.696
387.937
386.089
385.774
386.023
387.834
390.581
394.869
410.594
401.747
397.971
395.646
394.181
393.931
394.135
395.562
397.868
401.586
414.155
406.518
403.232
401.246
400.102
399.914
400.068
401.177
403.135
406.36
416.19
408.769
405.498
403.399
401.978
401.637
401.989
403.356
405.408
408.615
417.909
410.751
407.442
405.22
403.628
403.159
403.67
405.188
407.351
410.595
419.372
412.663
409.345
407.021
405.303
404.768
405.358
406.988
409.248
412.504
420.633
414.589
411.334
408.939
407.125
406.538
407.183
408.898
411.227
414.426
421.73
416.553
413.465
411.04
409.146
408.523
409.182
410.979
413.345
416.386
422.705
418.581
415.818
413.427
411.436
410.793
411.395
413.336
415.684
418.412
423.538
420.653
418.431
416.316
414.186
413.552
414.018
416.205
418.284
420.49
424.121
422.535
421.203
419.688
418.034
417.539
417.906
419.534
421.059
422.404
424.763
424.133
423.526
423.037
422.694
422.544
422.643
422.929
423.392
423.997
426.87
426.716
426.651
426.605
426.559
426.529
426.552
426.586
426.629
426.692
62.1407
83.8461
93.1498
100.35
107.362
114.551
124.331
135.721
148.701
163.104
178.784
195.703
213.605
231.756
249.496
266.702
282.652
297.136
310.728
323.693
336.062
347.859
359.085
369.724
379.737
389.006
397.365
404.542
410.129
413.737
415.806
417.54
419.02
420.302
421.423
422.425
423.289
423.912
424.615
426.805
-30.3188
-31.353
-64.4806
-87.3493
-91.6137
-92.9666
-92.1032
-90.4922
-65.5419
-33.9487
-31.6873
426.776
426.742
426.686
426.639
426.625
426.615
426.609
426.614
426.672
426.739
426.759
