# vtk DataFile Version 3.0
Rotor blade panels
ASCII
DATASET UNSTRUCTURED_GRID
POINTS 3696 double
1.4849 1.47606 1.1527
1.48699 1.47725 1.14944
1.48579 1.47947 1.14914
1.48356 1.47821 1.15266
1.48699 1.47725 1.14944
1.4895 1.47867 1.14657
1.48846 1.48098 1.14602
1.48579 1.47947 1.14914
1.4895 1.47867 1.14657
1.49218 1.48019 1.14391
1.49133 1.4826 1.14314
1.48846 1.48098 1.14602
1.49218 1.48019 1.14391
1.49509 1.48183 1.14159
1.49442 1.48435 1.14058
1.49133 1.4826 1.14314
1.49509 1.48183 1.14159
1.49836 1.48368 1.14008
1.49789 1.48632 1.13883
1.49442 1.48435 1.14058
1.49836 1.48368 1.14008
1.49999 1.48461 1.14217
1.49954 1.48726 1.14087
1.49789 1.48632 1.13883
1.49999 1.48461 1.14217
1.49702 1.48293 1.14436
1.49635 1.48545 1.14324
1.49954 1.48726 1.14087
1.49702 1.48293 1.14436
1.49387 1.48114 1.14622
1.493 1.48355 1.14533
1.49635 1.48545 1.14324
1.49387 1.48114 1.14622
1.49074 1.47937 1.14813
1.4897 1.48168 1.14751
1.493 1.48355 1.14533
1.49074 1.47937 1.14813
1.48771 1.47765 1.15023
1.4865 1.47987 1.14989
1.4897 1.48168 1.14751
1.48356 1.47821 1.15266
1.48579 1.47947 1.14914
1.48407 1.48307 1.14893
1.48155 1.48164 1.15274
1.48579 1.47947 1.14914
1.48846 1.48098 1.14602
1.48707 1.48477 1.14558
1.48407 1.48307 1.14893
1.48846 1.48098 1.14602
1.49133 1.4826 1.14314
1.49026 1.48658 1.14248
1.48707 1.48477 1.14558
1.49133 1.4826 1.14314
1.49442 1.48435 1.14058
1.49369 1.48852 1.13973
1.49026 1.48658 1.14248
1.49442 1.48435 1.14058
1.49789 1.48632 1.13883
1.49749 1.49067 1.13777
1.49369 1.48852 1.13973
1.49789 1.48632 1.13883
1.49954 1.48726 1.14087
1.49908 1.49157 1.13977
1.49749 1.49067 1.13777
1.49954 1.48726 1.14087
1.49635 1.48545 1.14324
1.49551 1.48955 1.14227
1.49908 1.49157 1.13977
1.49635 1.48545 1.14324
1.493 1.48355 1.14533
1.49184 1.48747 1.14457
1.49551 1.48955 1.14227
1.493 1.48355 1.14533
1.4897 1.48168 1.14751
1.48823 1.48543 1.14699
1.49184 1.48747 1.14457
1.4897 1.48168 1.14751
1.4865 1.47987 1.14989
1.48474 1.48345 1.14965
1.48823 1.48543 1.14699
1.48155 1.48164 1.15274
1.48407 1.48307 1.14893
1.48248 1.48685 1.14901
1.47958 1.4852 1.15294
1.48407 1.48307 1.14893
1.48707 1.48477 1.14558
1.48586 1.48876 1.14558
1.48248 1.48685 1.14901
1.48707 1.48477 1.14558
1.49026 1.48658 1.14248
1.48944 1.49079 1.14245
1.48586 1.48876 1.14558
1.49026 1.48658 1.14248
1.49369 1.48852 1.13973
1.49325 1.49294 1.13968
1.48944 1.49079 1.14245
1.49369 1.48852 1.13973
1.49749 1.49067 1.13777
1.4974 1.49529 1.1377
1.49325 1.49294 1.13968
1.49749 1.49067 1.13777
1.49908 1.49157 1.13977
1.49886 1.49612 1.13971
1.4974 1.49529 1.1377
1.49908 1.49157 1.13977
1.49551 1.48955 1.14227
1.4949 1.49388 1.14217
1.49886 1.49612 1.13971
1.49551 1.48955 1.14227
1.49184 1.48747 1.14457
1.49088 1.4916 1.1445
1.4949 1.49388 1.14217
1.49184 1.48747 1.14457
1.48823 1.48543 1.14699
1.48692 1.48936 1.14698
1.49088 1.4916 1.1445
1.48823 1.48543 1.14699
1.48474 1.48345 1.14965
1.48309 1.48719 1.14971
1.48692 1.48936 1.14698
1.47958 1.4852 1.15294
1.48248 1.48685 1.14901
1.48091 1.49063 1.14921
1.47764 1.48878 1.15317
1.48248 1.48685 1.14901
1.48586 1.48876 1.14558
1.48466 1.49275 1.14582
1.48091 1.49063 1.14921
1.48586 1.48876 1.14558
1.48944 1.49079 1.14245
1.48861 1.49499 1.14275
1.48466 1.49275 1.14582
1.48944 1.49079 1.14245
1.49325 1.49294 1.13968
1.49277 1.49734 1.14006
1.48861 1.49499 1.14275
1.49325 1.49294 1.13968
1.4974 1.49529 1.1377
1.49723 1.49987 1.13818
1.49277 1.49734 1.14006
1.4974 1.49529 1.1377
1.49886 1.49612 1.13971
1.49857 1.50063 1.14021
1.49723 1.49987 1.13818
1.49886 1.49612 1.13971
1.4949 1.49388 1.14217
1.49425 1.49818 1.14254
1.49857 1.50063 1.14021
1.4949 1.49388 1.14217
1.49088 1.4916 1.1445
1.4899 1.49572 1.14479
1.49425 1.49818 1.14254
1.49088 1.4916 1.1445
1.48692 1.48936 1.14698
1.48562 1.4933 1.14721
1.4899 1.49572 1.14479
1.48692 1.48936 1.14698
1.48309 1.48719 1.14971
1.48147 1.49095 1.14992
1.48562 1.4933 1.14721
1.47764 1.48878 1.15317
1.48091 1.49063 1.14921
1.47927 1.49438 1.14942
1.47568 1.49235 1.15335
1.48091 1.49063 1.14921
1.48466 1.49275 1.14582
1.48332 1.49667 1.14609
1.47927 1.49438 1.14942
1.48466 1.49275 1.14582
1.48861 1.49499 1.14275
1.48757 1.49908 1.1431
1.48332 1.49667 1.14609
1.48861 1.49499 1.14275
1.49277 1.49734 1.14006
1.49201 1.50159 1.14052
1.48757 1.49908 1.1431
1.49277 1.49734 1.14006
1.49723 1.49987 1.13818
1.49673 1.50427 1.13876
1.49201 1.50159 1.14052
1.49723 1.49987 1.13818
1.49857 1.50063 1.14021
1.49796 1.50496 1.14081
1.49673 1.50427 1.13876
1.49857 1.50063 1.14021
1.49425 1.49818 1.14254
1.49337 1.50236 1.14301
1.49796 1.50496 1.14081
1.49425 1.49818 1.14254
1.4899 1.49572 1.14479
1.48875 1.49975 1.14515
1.49337 1.50236 1.14301
1.4899 1.49572 1.14479
1.48562 1.4933 1.14721
1.4842 1.49717 1.14749
1.48875 1.49975 1.14515
1.48562 1.4933 1.14721
1.48147 1.49095 1.14992
1.47979 1.49467 1.15013
1.4842 1.49717 1.14749
1.47568 1.49235 1.15335
1.47927 1.49438 1.14942
1.47756 1.49808 1.14962
1.47373 1.49592 1.15351
1.47927 1.49438 1.14942
1.48332 1.49667 1.14609
1.48185 1.50051 1.14639
1.47756 1.49808 1.14962
1.48332 1.49667 1.14609
1.48757 1.49908 1.1431
1.48632 1.50305 1.1435
1.48185 1.50051 1.14639
1.48757 1.49908 1.1431
1.49201 1.50159 1.14052
1.49098 1.50568 1.14104
1.48632 1.50305 1.1435
1.49201 1.50159 1.14052
1.49673 1.50427 1.13876
1.4959 1.50847 1.13941
1.49098 1.50568 1.14104
1.49673 1.50427 1.13876
1.49796 1.50496 1.14081
1.49705 1.50912 1.14149
1.4959 1.50847 1.13941
1.49796 1.50496 1.14081
1.49337 1.50236 1.14301
1.49224 1.5064 1.14354
1.49705 1.50912 1.14149
1.49337 1.50236 1.14301
1.48875 1.49975 1.14515
1.48743 1.50367 1.14557
1.49224 1.5064 1.14354
1.48875 1.49975 1.14515
1.4842 1.49717 1.14749
1.48268 1.50098 1.1478
1.48743 1.50367 1.14557
1.4842 1.49717 1.14749
1.47979 1.49467 1.15013
1.47805 1.49836 1.15035
1.48268 1.50098 1.1478
1.47373 1.49592 1.15351
1.47756 1.49808 1.14962
1.4758 1.50176 1.14983
1.47179 1.49949 1.15364
1.47756 1.49808 1.14962
1.48185 1.50051 1.14639
1.48025 1.50428 1.1467
1.4758 1.50176 1.14983
1.48185 1.50051 1.14639
1.48632 1.50305 1.1435
1.48489 1.50691 1.14394
1.48025 1.50428 1.1467
1.48632 1.50305 1.1435
1.49098 1.50568 1.14104
1.4897 1.50963 1.14161
1.48489 1.50691 1.14394
1.49098 1.50568 1.14104
1.4959 1.50847 1.13941
1.49475 1.51249 1.14012
1.4897 1.50963 1.14161
1.4959 1.50847 1.13941
1.49705 1.50912 1.14149
1.49583 1.5131 1.14223
1.49475 1.51249 1.14012
1.49705 1.50912 1.14149
1.49224 1.5064 1.14354
1.49088 1.5103 1.14413
1.49583 1.5131 1.14223
1.49224 1.5064 1.14354
1.48743 1.50367 1.14557
1.48592 1.50749 1.14602
1.49088 1.5103 1.14413
1.48743 1.50367 1.14557
1.48268 1.50098 1.1478
1.48103 1.50472 1.14813
1.48592 1.50749 1.14602
1.48268 1.50098 1.1478
1.47805 1.49836 1.15035
1.47626 1.50202 1.15057
1.48103 1.50472 1.14813
1.47179 1.49949 1.15364
1.4758 1.50176 1.14983
1.47398 1.50541 1.15005
1.46985 1.50307 1.15374
1.4758 1.50176 1.14983
1.48025 1.50428 1.1467
1.47854 1.50799 1.14705
1.47398 1.50541 1.15005
1.48025 1.50428 1.1467
1.48489 1.50691 1.14394
1.48327 1.51067 1.14442
1.47854 1.50799 1.14705
1.48489 1.50691 1.14394
1.4897 1.50963 1.14161
1.48817 1.51344 1.14223
1.48327 1.51067 1.14442
1.4897 1.50963 1.14161
1.49475 1.51249 1.14012
1.49328 1.51634 1.14089
1.48817 1.51344 1.14223
1.49475 1.51249 1.14012
1.49583 1.5131 1.14223
1.4943 1.51691 1.143
1.49328 1.51634 1.14089
1.49583 1.5131 1.14223
1.49088 1.5103 1.14413
1.48927 1.51407 1.14475
1.4943 1.51691 1.143
1.49088 1.5103 1.14413
1.48592 1.50749 1.14602
1.48424 1.51122 1.1465
1.48927 1.51407 1.14475
1.48592 1.50749 1.14602
1.48103 1.50472 1.14813
1.47928 1.5084 1.14847
1.48424 1.51122 1.1465
1.48103 1.50472 1.14813
1.47626 1.50202 1.15057
1.47442 1.50566 1.15079
1.47928 1.5084 1.14847
1.46985 1.50307 1.15374
1.47398 1.50541 1.15005
1.47212 1.50903 1.15027
1.46793 1.50665 1.15383
1.47398 1.50541 1.15005
1.47854 1.50799 1.14705
1.47672 1.51163 1.14742
1.47212 1.50903 1.15027
1.47854 1.50799 1.14705
1.48327 1.51067 1.14442
1.48149 1.51433 1.14494
1.47672 1.51163 1.14742
1.48327 1.51067 1.14442
1.48817 1.51344 1.14223
1.4864 1.51711 1.1429
1.48149 1.51433 1.14494
1.48817 1.51344 1.14223
1.49328 1.51634 1.14089
1.49152 1.52001 1.1417
1.4864 1.51711 1.1429
1.49328 1.51634 1.14089
1.4943 1.51691 1.143
1.49247 1.52055 1.14378
1.49152 1.52001 1.1417
1.4943 1.51691 1.143
1.48927 1.51407 1.14475
1.48743 1.51769 1.14539
1.49247 1.52055 1.14378
1.48927 1.51407 1.14475
1.48424 1.51122 1.1465
1.48239 1.51484 1.147
1.48743 1.51769 1.14539
1.48424 1.51122 1.1465
1.47928 1.5084 1.14847
1.47741 1.51202 1.14883
1.48239 1.51484 1.147
1.47928 1.5084 1.14847
1.47442 1.50566 1.15079
1.47254 1.50926 1.151
1.47741 1.51202 1.14883
1.46793 1.50665 1.15383
1.47212 1.50903 1.15027
1.4702 1.51261 1.1505
1.46599 1.51023 1.15391
1.47212 1.50903 1.15027
1.47672 1.51163 1.14742
1.47481 1.51522 1.14779
1.4702 1.51261 1.1505
1.47672 1.51163 1.14742
1.48149 1.51433 1.14494
1.47957 1.51792 1.14546
1.47481 1.51522 1.14779
1.48149 1.51433 1.14494
1.4864 1.51711 1.1429
1.48448 1.52069 1.14357
1.47957 1.51792 1.14546
1.4864 1.51711 1.1429
1.49152 1.52001 1.1417
1.48955 1.52357 1.1425
1.48448 1.52069 1.14357
1.49152 1.52001 1.1417
1.49247 1.52055 1.14378
1.49044 1.52407 1.14455
1.48955 1.52357 1.1425
1.49247 1.52055 1.14378
1.48743 1.51769 1.14539
1.48543 1.52123 1.14601
1.49044 1.52407 1.14455
1.48743 1.51769 1.14539
1.48239 1.51484 1.147
1.48041 1.51839 1.14748
1.48543 1.52123 1.14601
1.48239 1.51484 1.147
1.47741 1.51202 1.14883
1.47545 1.51559 1.14918
1.48041 1.51839 1.14748
1.47741 1.51202 1.14883
1.47254 1.50926 1.151
1.4706 1.51284 1.15122
1.47545 1.51559 1.14918
1.46599 1.51023 1.15391
1.4702 1.51261 1.1505
1.46823 1.51617 1.15072
1.46401 1.51378 1.154
1.4702 1.51261 1.1505
1.47481 1.51522 1.14779
1.47282 1.51877 1.14816
1.46823 1.51617 1.15072
1.47481 1.51522 1.14779
1.47957 1.51792 1.14546
1.47755 1.52145 1.14597
1.47282 1.51877 1.14816
1.47957 1.51792 1.14546
1.48448 1.52069 1.14357
1.48242 1.52421 1.14421
1.47755 1.52145 1.14597
1.48448 1.52069 1.14357
1.48955 1.52357 1.1425
1.48745 1.52706 1.14325
1.48242 1.52421 1.14421
1.48955 1.52357 1.1425
1.49044 1.52407 1.14455
1.48828 1.52753 1.14527
1.48745 1.52706 1.14325
1.49044 1.52407 1.14455
1.48543 1.52123 1.14601
1.48331 1.52471 1.1466
1.48828 1.52753 1.14527
1.48543 1.52123 1.14601
1.48041 1.51839 1.14748
1.47834 1.5219 1.14795
1.48331 1.52471 1.1466
1.48041 1.51839 1.14748
1.47545 1.51559 1.14918
1.47342 1.51911 1.14952
1.47834 1.5219 1.14795
1.47545 1.51559 1.14918
1.4706 1.51284 1.15122
1.46859 1.51638 1.15143
1.47342 1.51911 1.14952
1.46401 1.51378 1.154
1.46823 1.51617 1.15072
1.4662 1.51969 1.15095
1.462 1.51732 1.15408
1.46823 1.51617 1.15072
1.47282 1.51877 1.14816
1.47075 1.52227 1.14852
1.4662 1.51969 1.15095
1.47282 1.51877 1.14816
1.47755 1.52145 1.14597
1.47545 1.52493 1.14646
1.47075 1.52227 1.14852
1.47755 1.52145 1.14597
1.48242 1.52421 1.14421
1.48026 1.52766 1.14482
1.47545 1.52493 1.14646
1.48242 1.52421 1.14421
1.48745 1.52706 1.14325
1.48522 1.53047 1.14398
1.48026 1.52766 1.14482
1.48745 1.52706 1.14325
1.48828 1.52753 1.14527
1.486 1.53091 1.14595
1.48522 1.53047 1.14398
1.48828 1.52753 1.14527
1.48331 1.52471 1.1466
1.48109 1.52813 1.14716
1.486 1.53091 1.14595
1.48331 1.52471 1.1466
1.47834 1.5219 1.14795
1.47618 1.52535 1.14839
1.48109 1.52813 1.14716
1.47834 1.5219 1.14795
1.47342 1.51911 1.14952
1.47132 1.52259 1.14985
1.47618 1.52535 1.14839
1.47342 1.51911 1.14952
1.46859 1.51638 1.15143
1.46654 1.51989 1.15164
1.47132 1.52259 1.14985
1.462 1.51732 1.15408
1.4662 1.51969 1.15095
1.46411 1.52319 1.15118
1.45995 1.52083 1.15418
1.4662 1.51969 1.15095
1.47075 1.52227 1.14852
1.46862 1.52574 1.14888
1.46411 1.52319 1.15118
1.47075 1.52227 1.14852
1.47545 1.52493 1.14646
1.47325 1.52836 1.14694
1.46862 1.52574 1.14888
1.47545 1.52493 1.14646
1.48026 1.52766 1.14482
1.478 1.53105 1.14542
1.47325 1.52836 1.14694
1.48026 1.52766 1.14482
1.48522 1.53047 1.14398
1.48288 1.53382 1.14467
1.478 1.53105 1.14542
1.48522 1.53047 1.14398
1.486 1.53091 1.14595
1.48361 1.53423 1.14659
1.48288 1.53382 1.14467
1.486 1.53091 1.14595
1.48109 1.52813 1.14716
1.47877 1.53149 1.14769
1.48361 1.53423 1.14659
1.48109 1.52813 1.14716
1.47618 1.52535 1.14839
1.47394 1.52875 1.14882
1.47877 1.53149 1.14769
1.47618 1.52535 1.14839
1.47132 1.52259 1.14985
1.46915 1.52604 1.15017
1.47394 1.52875 1.14882
1.47132 1.52259 1.14985
1.46654 1.51989 1.15164
1.46444 1.52337 1.15186
1.46915 1.52604 1.15017
1.45995 1.52083 1.15418
1.46411 1.52319 1.15118
1.46198 1.52666 1.1514
1.45787 1.52433 1.15427
1.46411 1.52319 1.15118
1.46862 1.52574 1.14888
1.46642 1.52917 1.14922
1.46198 1.52666 1.1514
1.46862 1.52574 1.14888
1.47325 1.52836 1.14694
1.47097 1.53175 1.1474
1.46642 1.52917 1.14922
1.47325 1.52836 1.14694
1.478 1.53105 1.14542
1.47564 1.53439 1.14599
1.47097 1.53175 1.1474
1.478 1.53105 1.14542
1.48288 1.53382 1.14467
1.48042 1.5371 1.14533
1.47564 1.53439 1.14599
1.48288 1.53382 1.14467
1.48361 1.53423 1.14659
1.4811 1.53748 1.14721
1.48042 1.5371 1.14533
1.48361 1.53423 1.14659
1.47877 1.53149 1.14769
1.47636 1.5348 1.1482
1.4811 1.53748 1.14721
1.47877 1.53149 1.14769
1.47394 1.52875 1.14882
1.47162 1.53211 1.14924
1.47636 1.5348 1.1482
1.47394 1.52875 1.14882
1.46915 1.52604 1.15017
1.46691 1.52945 1.15049
1.47162 1.53211 1.14924
1.46915 1.52604 1.15017
1.46444 1.52337 1.15186
1.46229 1.52683 1.15206
1.46691 1.52945 1.15049
1.45787 1.52433 1.15427
1.46198 1.52666 1.1514
1.4598 1.5301 1.15162
1.45576 1.52781 1.15436
1.46198 1.52666 1.1514
1.46642 1.52917 1.14922
1.46415 1.53256 1.14956
1.4598 1.5301 1.15162
1.46642 1.52917 1.14922
1.47097 1.53175 1.1474
1.46862 1.53509 1.14785
1.46415 1.53256 1.14956
1.47097 1.53175 1.1474
1.47564 1.53439 1.14599
1.47319 1.53768 1.14654
1.46862 1.53509 1.14785
1.47564 1.53439 1.14599
1.48042 1.5371 1.14533
1.47786 1.54032 1.14597
1.47319 1.53768 1.14654
1.48042 1.5371 1.14533
1.4811 1.53748 1.14721
1.4785 1.54068 1.14779
1.47786 1.54032 1.14597
1.4811 1.53748 1.14721
1.47636 1.5348 1.1482
1.47386 1.53806 1.14869
1.4785 1.54068 1.14779
1.47636 1.5348 1.1482
1.47162 1.53211 1.14924
1.46922 1.53543 1.14964
1.47386 1.53806 1.14869
1.47162 1.53211 1.14924
1.46691 1.52945 1.15049
1.46462 1.53282 1.15079
1.46922 1.53543 1.14964
1.46691 1.52945 1.15049
1.46229 1.52683 1.15206
1.46009 1.53026 1.15227
1.46462 1.53282 1.15079
1.45576 1.52781 1.15436
1.4598 1.5301 1.15162
1.45758 1.53351 1.15185
1.45362 1.53127 1.15445
1.4598 1.5301 1.15162
1.46415 1.53256 1.14956
1.46183 1.53592 1.1499
1.45758 1.53351 1.15185
1.46415 1.53256 1.14956
1.46862 1.53509 1.14785
1.46619 1.53839 1.1483
1.46183 1.53592 1.1499
1.46862 1.53509 1.14785
1.47319 1.53768 1.14654
1.47065 1.54091 1.14708
1.46619 1.53839 1.1483
1.47319 1.53768 1.14654
1.47786 1.54032 1.14597
1.4752 1.54349 1.14659
1.47065 1.54091 1.14708
1.47786 1.54032 1.14597
1.4785 1.54068 1.14779
1.4758 1.54383 1.14834
1.4752 1.54349 1.14659
1.4785 1.54068 1.14779
1.47386 1.53806 1.14869
1.47128 1.54127 1.14917
1.4758 1.54383 1.14834
1.47386 1.53806 1.14869
1.46922 1.53543 1.14964
1.46676 1.53871 1.15004
1.47128 1.54127 1.14917
1.46922 1.53543 1.14964
1.46462 1.53282 1.15079
1.46227 1.53617 1.15111
1.46676 1.53871 1.15004
1.46462 1.53282 1.15079
1.46009 1.53026 1.15227
1.45785 1.53367 1.15248
1.46227 1.53617 1.15111
1.45362 1.53127 1.15445
1.45758 1.53351 1.15185
1.45532 1.53691 1.15209
1.45144 1.53471 1.15454
1.45758 1.53351 1.15185
1.46183 1.53592 1.1499
1.45946 1.53925 1.15024
1.45532 1.53691 1.15209
1.46183 1.53592 1.1499
1.46619 1.53839 1.1483
1.4637 1.54165 1.14874
1.45946 1.53925 1.15024
1.46619 1.53839 1.1483
1.47065 1.54091 1.14708
1.46803 1.5441 1.14762
1.4637 1.54165 1.14874
1.47065 1.54091 1.14708
1.4752 1.54349 1.14659
1.47244 1.5466 1.1472
1.46803 1.5441 1.14762
1.4752 1.54349 1.14659
1.4758 1.54383 1.14834
1.47301 1.54692 1.14887
1.47244 1.5466 1.1472
1.4758 1.54383 1.14834
1.47128 1.54127 1.14917
1.46862 1.54444 1.14964
1.47301 1.54692 1.14887
1.47128 1.54127 1.14917
1.46676 1.53871 1.15004
1.46424 1.54196 1.15046
1.46862 1.54444 1.14964
1.46676 1.53871 1.15004
1.46227 1.53617 1.15111
1.45988 1.53949 1.15146
1.46424 1.54196 1.15046
1.46227 1.53617 1.15111
1.45785 1.53367 1.15248
1.45558 1.53706 1.15273
1.45988 1.53949 1.15146
1.45144 1.53471 1.15454
1.45532 1.53691 1.15209
1.45302 1.54028 1.15232
1.44925 1.53814 1.15463
1.45532 1.53691 1.15209
1.45946 1.53925 1.15024
1.45703 1.54255 1.15058
1.45302 1.54028 1.15232
1.45946 1.53925 1.15024
1.4637 1.54165 1.14874
1.46114 1.54488 1.14917
1.45703 1.54255 1.15058
1.4637 1.54165 1.14874
1.46803 1.5441 1.14762
1.46533 1.54725 1.14814
1.46114 1.54488 1.14917
1.46803 1.5441 1.14762
1.47244 1.5466 1.1472
1.46961 1.54967 1.14779
1.46533 1.54725 1.14814
1.47244 1.5466 1.1472
1.47301 1.54692 1.14887
1.47013 1.54997 1.14938
1.46961 1.54967 1.14779
1.47301 1.54692 1.14887
1.46862 1.54444 1.14964
1.46589 1.54756 1.1501
1.47013 1.54997 1.14938
1.46862 1.54444 1.14964
1.46424 1.54196 1.15046
1.46165 1.54517 1.15086
1.46589 1.54756 1.1501
1.46424 1.54196 1.15046
1.45988 1.53949 1.15146
1.45744 1.54278 1.15179
1.46165 1.54517 1.15086
1.45988 1.53949 1.15146
1.45558 1.53706 1.15273
1.45328 1.54042 1.15297
1.45744 1.54278 1.15179
1.44925 1.53814 1.15463
1.45302 1.54028 1.15232
1.45069 1.54363 1.15256
1.44702 1.54156 1.15472
1.45302 1.54028 1.15232
1.45703 1.54255 1.15058
1.45456 1.54583 1.15092
1.45069 1.54363 1.15256
1.45703 1.54255 1.15058
1.46114 1.54488 1.14917
1.45853 1.54807 1.1496
1.45456 1.54583 1.15092
1.46114 1.54488 1.14917
1.46533 1.54725 1.14814
1.46257 1.55036 1.14865
1.45853 1.54807 1.1496
1.46533 1.54725 1.14814
1.46961 1.54967 1.14779
1.46668 1.55269 1.14835
1.46257 1.55036 1.14865
1.46961 1.54967 1.14779
1.47013 1.54997 1.14938
1.46717 1.55297 1.14986
1.46668 1.55269 1.14835
1.47013 1.54997 1.14938
1.46589 1.54756 1.1501
1.46309 1.55065 1.15054
1.46717 1.55297 1.14986
1.46589 1.54756 1.1501
1.46165 1.54517 1.15086
1.459 1.54834 1.15125
1.46309 1.55065 1.15054
1.46165 1.54517 1.15086
1.45744 1.54278 1.15179
1.45494 1.54604 1.15212
1.459 1.54834 1.15125
1.45744 1.54278 1.15179
1.45328 1.54042 1.15297
1.45093 1.54377 1.15321
1.45494 1.54604 1.15212
1.44702 1.54156 1.15472
1.45069 1.54363 1.15256
1.44832 1.54696 1.15279
1.44477 1.54496 1.15481
1.45069 1.54363 1.15256
1.45456 1.54583 1.15092
1.45204 1.54907 1.15126
1.44832 1.54696 1.15279
1.45456 1.54583 1.15092
1.45853 1.54807 1.1496
1.45585 1.55123 1.15002
1.45204 1.54907 1.15126
1.45853 1.54807 1.1496
1.46257 1.55036 1.14865
1.45974 1.55343 1.14914
1.45585 1.55123 1.15002
1.46257 1.55036 1.14865
1.46668 1.55269 1.14835
1.46369 1.55567 1.1489
1.45974 1.55343 1.14914
1.46668 1.55269 1.14835
1.46717 1.55297 1.14986
1.46414 1.55592 1.15033
1.46369 1.55567 1.1489
1.46717 1.55297 1.14986
1.46309 1.55065 1.15054
1.46022 1.5537 1.15095
1.46414 1.55592 1.15033
1.46309 1.55065 1.15054
1.459 1.54834 1.15125
1.4563 1.55148 1.15162
1.46022 1.5537 1.15095
1.459 1.54834 1.15125
1.45494 1.54604 1.15212
1.4524 1.54928 1.15242
1.4563 1.55148 1.15162
1.45494 1.54604 1.15212
1.45093 1.54377 1.15321
1.44854 1.54709 1.15343
1.4524 1.54928 1.15242
1.44477 1.54496 1.15481
1.44832 1.54696 1.15279
1.44591 1.55028 1.15302
1.4425 1.54835 1.1549
1.44832 1.54696 1.15279
1.45204 1.54907 1.15126
1.44948 1.5523 1.15158
1.44591 1.55028 1.15302
1.45204 1.54907 1.15126
1.45585 1.55123 1.15002
1.45313 1.55436 1.15043
1.44948 1.5523 1.15158
1.45585 1.55123 1.15002
1.45974 1.55343 1.14914
1.45684 1.55647 1.14962
1.45313 1.55436 1.15043
1.45974 1.55343 1.14914
1.46369 1.55567 1.1489
1.46062 1.5586 1.14943
1.45684 1.55647 1.14962
1.46369 1.55567 1.1489
1.46414 1.55592 1.15033
1.46104 1.55884 1.15078
1.46062 1.5586 1.14943
1.46414 1.55592 1.15033
1.46022 1.5537 1.15095
1.45729 1.55672 1.15136
1.46104 1.55884 1.15078
1.46022 1.5537 1.15095
1.4563 1.55148 1.15162
1.45354 1.5546 1.15197
1.45729 1.55672 1.15136
1.4563 1.55148 1.15162
1.4524 1.54928 1.15242
1.44982 1.55249 1.15272
1.45354 1.5546 1.15197
1.4524 1.54928 1.15242
1.44854 1.54709 1.15343
1.44612 1.5504 1.15365
1.44982 1.55249 1.15272
1.4425 1.54835 1.1549
1.44591 1.55028 1.15302
1.44347 1.55357 1.15325
1.44021 1.55172 1.15498
1.44591 1.55028 1.15302
1.44948 1.5523 1.15158
1.44688 1.5555 1.15191
1.44347 1.55357 1.15325
1.44948 1.5523 1.15158
1.45313 1.55436 1.15043
1.45035 1.55746 1.15084
1.44688 1.5555 1.15191
1.45313 1.55436 1.15043
1.45684 1.55647 1.14962
1.45389 1.55947 1.15009
1.45035 1.55746 1.15084
1.45684 1.55647 1.14962
1.46062 1.5586 1.14943
1.45748 1.5615 1.14994
1.45389 1.55947 1.15009
1.46062 1.5586 1.14943
1.46104 1.55884 1.15078
1.45787 1.56172 1.15122
1.45748 1.5615 1.14994
1.46104 1.55884 1.15078
1.45729 1.55672 1.15136
1.4543 1.5597 1.15175
1.45787 1.56172 1.15122
1.45729 1.55672 1.15136
1.45354 1.5546 1.15197
1.45074 1.55768 1.15232
1.4543 1.5597 1.15175
1.45354 1.5546 1.15197
1.44982 1.55249 1.15272
1.44719 1.55567 1.15301
1.45074 1.55768 1.15232
1.44982 1.55249 1.15272
1.44612 1.5504 1.15365
1.44367 1.55368 1.15385
1.44719 1.55567 1.15301
1.44021 1.55172 1.15498
1.44347 1.55357 1.15325
1.44101 1.55685 1.15347
1.4379 1.55509 1.15507
1.44347 1.55357 1.15325
1.44688 1.5555 1.15191
1.44423 1.55867 1.15223
1.44101 1.55685 1.15347
1.44688 1.5555 1.15191
1.45035 1.55746 1.15084
1.44753 1.56054 1.15123
1.44423 1.55867 1.15223
1.45035 1.55746 1.15084
1.45389 1.55947 1.15009
1.45088 1.56244 1.15055
1.44753 1.56054 1.15123
1.45389 1.55947 1.15009
1.45748 1.5615 1.14994
1.45428 1.56436 1.15043
1.45088 1.56244 1.15055
1.45748 1.5615 1.14994
1.45787 1.56172 1.15122
1.45464 1.56457 1.15163
1.45428 1.56436 1.15043
1.45787 1.56172 1.15122
1.4543 1.5597 1.15175
1.45126 1.56265 1.15212
1.45464 1.56457 1.15163
1.4543 1.5597 1.15175
1.45074 1.55768 1.15232
1.44789 1.56074 1.15265
1.45126 1.56265 1.15212
1.45074 1.55768 1.15232
1.44719 1.55567 1.15301
1.44452 1.55884 1.15328
1.44789 1.56074 1.15265
1.44719 1.55567 1.15301
1.44367 1.55368 1.15385
1.44119 1.55695 1.15406
1.44452 1.55884 1.15328
1.4379 1.55509 1.15507
1.44101 1.55685 1.15347
1.43851 1.56011 1.15369
1.43557 1.55844 1.15515
1.44101 1.55685 1.15347
1.44423 1.55867 1.15223
1.44155 1.56183 1.15254
1.43851 1.56011 1.15369
1.44423 1.55867 1.15223
1.44753 1.56054 1.15123
1.44466 1.56359 1.15162
1.44155 1.56183 1.15254
1.44753 1.56054 1.15123
1.45088 1.56244 1.15055
1.44782 1.56538 1.151
1.44466 1.56359 1.15162
1.45088 1.56244 1.15055
1.45428 1.56436 1.15043
1.45102 1.56719 1.1509
1.44782 1.56538 1.151
1.45428 1.56436 1.15043
1.45464 1.56457 1.15163
1.45135 1.56738 1.15203
1.45102 1.56719 1.1509
1.45464 1.56457 1.15163
1.45126 1.56265 1.15212
1.44817 1.56558 1.15248
1.45135 1.56738 1.15203
1.45126 1.56265 1.15212
1.44789 1.56074 1.15265
1.44499 1.56378 1.15296
1.44817 1.56558 1.15248
1.44789 1.56074 1.15265
1.44452 1.55884 1.15328
1.44182 1.56198 1.15354
1.44499 1.56378 1.15296
1.44452 1.55884 1.15328
1.44119 1.55695 1.15406
1.43867 1.5602 1.15425
1.44182 1.56198 1.15354
1.43557 1.55844 1.15515
1.43851 1.56011 1.15369
1.43599 1.56335 1.1539
1.43322 1.56179 1.15523
1.43851 1.56011 1.15369
1.44155 1.56183 1.15254
1.43884 1.56497 1.15285
1.43599 1.56335 1.1539
1.44155 1.56183 1.15254
1.44466 1.56359 1.15162
1.44175 1.56662 1.152
1.43884 1.56497 1.15285
1.44466 1.56359 1.15162
1.44782 1.56538 1.151
1.44471 1.56829 1.15143
1.44175 1.56662 1.152
1.44782 1.56538 1.151
1.45102 1.56719 1.1509
1.44771 1.56999 1.15136
1.44471 1.56829 1.15143
1.45102 1.56719 1.1509
1.45135 1.56738 1.15203
1.44801 1.57016 1.15242
1.44771 1.56999 1.15136
1.45135 1.56738 1.15203
1.44817 1.56558 1.15248
1.44503 1.56847 1.15282
1.44801 1.57016 1.15242
1.44817 1.56558 1.15248
1.44499 1.56378 1.15296
1.44205 1.56679 1.15327
1.44503 1.56847 1.15282
1.44499 1.56378 1.15296
1.44182 1.56198 1.15354
1.43909 1.56511 1.1538
1.44205 1.56679 1.15327
1.44182 1.56198 1.15354
1.43867 1.5602 1.15425
1.43614 1.56344 1.15444
1.43909 1.56511 1.1538
1.43322 1.56179 1.15523
1.43599 1.56335 1.1539
1.43344 1.56659 1.15411
1.43086 1.56512 1.15531
1.43599 1.56335 1.1539
1.43884 1.56497 1.15285
1.4361 1.56809 1.15314
1.43344 1.56659 1.15411
1.43884 1.56497 1.15285
1.44175 1.56662 1.152
1.43881 1.56962 1.15237
1.4361 1.56809 1.15314
1.44175 1.56662 1.152
1.44471 1.56829 1.15143
1.44156 1.57118 1.15186
1.43881 1.56962 1.15237
1.44471 1.56829 1.15143
1.44771 1.56999 1.15136
1.44434 1.57276 1.15181
1.44156 1.57118 1.15186
1.44771 1.56999 1.15136
1.44801 1.57016 1.15242
1.44462 1.57291 1.15279
1.44434 1.57276 1.15181
1.44801 1.57016 1.15242
1.44503 1.56847 1.15282
1.44185 1.57134 1.15315
1.44462 1.57291 1.15279
1.44503 1.56847 1.15282
1.44205 1.56679 1.15327
1.43908 1.56978 1.15356
1.44185 1.57134 1.15315
1.44205 1.56679 1.15327
1.43909 1.56511 1.1538
1.43632 1.56822 1.15404
1.43908 1.56978 1.15356
1.43909 1.56511 1.1538
1.43614 1.56344 1.15444
1.43358 1.56666 1.15461
1.43632 1.56822 1.15404
1.43086 1.56512 1.15531
1.43344 1.56659 1.15411
1.43087 1.56981 1.15431
1.42848 1.56845 1.15539
1.43344 1.56659 1.15411
1.4361 1.56809 1.15314
1.43333 1.5712 1.15344
1.43087 1.56981 1.15431
1.4361 1.56809 1.15314
1.43881 1.56962 1.15237
1.43582 1.57261 1.15274
1.43333 1.5712 1.15344
1.43881 1.56962 1.15237
1.44156 1.57118 1.15186
1.43836 1.57405 1.15227
1.43582 1.57261 1.15274
1.44156 1.57118 1.15186
1.44434 1.57276 1.15181
1.44093 1.5755 1.15224
1.43836 1.57405 1.15227
1.44434 1.57276 1.15181
1.44462 1.57291 1.15279
1.44117 1.57564 1.15314
1.44093 1.5755 1.15224
1.44462 1.57291 1.15279
1.44185 1.57134 1.15315
1.43862 1.57419 1.15347
1.44117 1.57564 1.15314
1.44185 1.57134 1.15315
1.43908 1.56978 1.15356
1.43607 1.57275 1.15384
1.43862 1.57419 1.15347
1.43908 1.56978 1.15356
1.43632 1.56822 1.15404
1.43353 1.57131 1.15427
1.43607 1.57275 1.15384
1.43632 1.56822 1.15404
1.43358 1.56666 1.15461
1.431 1.56988 1.15478
1.43353 1.57131 1.15427
1.42848 1.56845 1.15539
1.43087 1.56981 1.15431
1.42829 1.57302 1.15451
1.42609 1.57177 1.15547
1.43087 1.56981 1.15431
1.43333 1.5712 1.15344
1.43053 1.57429 1.15372
1.42829 1.57302 1.15451
1.43333 1.5712 1.15344
1.43582 1.57261 1.15274
1.43281 1.57558 1.15309
1.43053 1.57429 1.15372
1.43582 1.57261 1.15274
1.43836 1.57405 1.15227
1.43513 1.57689 1.15268
1.43281 1.57558 1.15309
1.43836 1.57405 1.15227
1.44093 1.5755 1.15224
1.43747 1.57822 1.15266
1.43513 1.57689 1.15268
1.44093 1.5755 1.15224
1.44117 1.57564 1.15314
1.43769 1.57834 1.15348
1.43747 1.57822 1.15266
1.44117 1.57564 1.15314
1.43862 1.57419 1.15347
1.43536 1.57702 1.15378
1.43769 1.57834 1.15348
1.43862 1.57419 1.15347
1.43607 1.57275 1.15384
1.43303 1.5757 1.1541
1.43536 1.57702 1.15378
1.43607 1.57275 1.15384
1.43353 1.57131 1.15427
1.43071 1.57439 1.15449
1.43303 1.5757 1.1541
1.43353 1.57131 1.15427
1.431 1.56988 1.15478
1.42839 1.57308 1.15495
1.43071 1.57439 1.15449
1.42609 1.57177 1.15547
1.42829 1.57302 1.15451
1.42568 1.57622 1.1547
1.42369 1.57509 1.15554
1.42829 1.57302 1.15451
1.43053 1.57429 1.15372
1.42771 1.57736 1.154
1.42568 1.57622 1.1547
1.43053 1.57429 1.15372
1.43281 1.57558 1.15309
1.42977 1.57853 1.15344
1.42771 1.57736 1.154
1.43281 1.57558 1.15309
1.43513 1.57689 1.15268
1.43186 1.57972 1.15307
1.42977 1.57853 1.15344
1.43513 1.57689 1.15268
1.43747 1.57822 1.15266
1.43398 1.58091 1.15307
1.43186 1.57972 1.15307
1.43747 1.57822 1.15266
1.43769 1.57834 1.15348
1.43417 1.58102 1.15381
1.43398 1.58091 1.15307
1.43769 1.57834 1.15348
1.43536 1.57702 1.15378
1.43206 1.57983 1.15407
1.43417 1.58102 1.15381
1.43536 1.57702 1.15378
1.43303 1.5757 1.1541
1.42996 1.57864 1.15436
1.43206 1.57983 1.15407
1.43303 1.5757 1.1541
1.43071 1.57439 1.15449
1.42786 1.57745 1.1547
1.42996 1.57864 1.15436
1.43071 1.57439 1.15449
1.42839 1.57308 1.15495
1.42577 1.57627 1.1551
1.42786 1.57745 1.1547
1.42369 1.57509 1.15554
1.42568 1.57622 1.1547
1.42316 1.57926 1.15487
1.42138 1.57826 1.15561
1.42568 1.57622 1.1547
1.42771 1.57736 1.154
1.42498 1.58029 1.15425
1.42316 1.57926 1.15487
1.42771 1.57736 1.154
1.42977 1.57853 1.15344
1.42682 1.58134 1.15376
1.42498 1.58029 1.15425
1.42977 1.57853 1.15344
1.43186 1.57972 1.15307
1.4287 1.5824 1.15344
1.42682 1.58134 1.15376
1.43186 1.57972 1.15307
1.43398 1.58091 1.15307
1.43059 1.58347 1.15344
1.4287 1.5824 1.15344
1.43398 1.58091 1.15307
1.43417 1.58102 1.15381
1.43076 1.58357 1.15411
1.43059 1.58347 1.15344
1.43417 1.58102 1.15381
1.43206 1.57983 1.15407
1.42888 1.5825 1.15433
1.43076 1.58357 1.15411
1.43206 1.57983 1.15407
1.42996 1.57864 1.15436
1.42699 1.58143 1.15458
1.42888 1.5825 1.15433
1.42996 1.57864 1.15436
1.42786 1.57745 1.1547
1.42511 1.58037 1.15488
1.42699 1.58143 1.15458
1.42786 1.57745 1.1547
1.42577 1.57627 1.1551
1.42324 1.57931 1.15523
1.42511 1.58037 1.15488
1.42138 1.57826 1.15561
1.42316 1.57926 1.15487
1.42249 1.57997 1.15492
1.42077 1.57899 1.15563
1.42316 1.57926 1.15487
1.42498 1.58029 1.15425
1.42424 1.58096 1.15433
1.42249 1.57997 1.15492
1.42498 1.58029 1.15425
1.42682 1.58134 1.15376
1.42602 1.58197 1.15385
1.42424 1.58096 1.15433
1.42682 1.58134 1.15376
1.4287 1.5824 1.15344
1.42783 1.58299 1.15354
1.42602 1.58197 1.15385
1.4287 1.5824 1.15344
1.43059 1.58347 1.15344
1.42966 1.58403 1.15355
1.42783 1.58299 1.15354
1.43059 1.58347 1.15344
1.43076 1.58357 1.15411
1.42982 1.58412 1.1542
1.42966 1.58403 1.15355
1.43076 1.58357 1.15411
1.42888 1.5825 1.15433
1.428 1.58309 1.15441
1.42982 1.58412 1.1542
1.42888 1.5825 1.15433
1.42699 1.58143 1.15458
1.42619 1.58206 1.15465
1.428 1.58309 1.15441
1.42699 1.58143 1.15458
1.42511 1.58037 1.15488
1.42438 1.58104 1.15494
1.42619 1.58206 1.15465
1.42511 1.58037 1.15488
1.42324 1.57931 1.15523
1.42257 1.58001 1.15527
1.42438 1.58104 1.15494
1.42077 1.57899 1.15563
1.42249 1.57997 1.15492
1.42188 1.5805 1.15498
1.42022 1.57957 1.15566
1.42249 1.57997 1.15492
1.42424 1.58096 1.15433
1.42356 1.58146 1.15441
1.42188 1.5805 1.15498
1.42424 1.58096 1.15433
1.42602 1.58197 1.15385
1.42528 1.58243 1.15395
1.42356 1.58146 1.15441
1.42602 1.58197 1.15385
1.42783 1.58299 1.15354
1.42702 1.58342 1.15366
1.42528 1.58243 1.15395
1.42783 1.58299 1.15354
1.42966 1.58403 1.15355
1.42878 1.58441 1.15367
1.42702 1.58342 1.15366
1.42966 1.58403 1.15355
1.42982 1.58412 1.1542
1.42894 1.5845 1.15429
1.42878 1.58441 1.15367
1.42982 1.58412 1.1542
1.428 1.58309 1.15441
1.42719 1.58351 1.15449
1.42894 1.5845 1.15429
1.428 1.58309 1.15441
1.42619 1.58206 1.15465
1.42544 1.58252 1.15472
1.42719 1.58351 1.15449
1.42619 1.58206 1.15465
1.42438 1.58104 1.15494
1.42369 1.58153 1.155
1.42544 1.58252 1.15472
1.42438 1.58104 1.15494
1.42257 1.58001 1.15527
1.42195 1.58055 1.15531
1.42369 1.58153 1.155
1.42022 1.57957 1.15566
1.42188 1.5805 1.15498
1.42119 1.581 1.15505
1.41961 1.58011 1.1557
1.42188 1.5805 1.15498
1.42356 1.58146 1.15441
1.4228 1.58191 1.15451
1.42119 1.581 1.15505
1.42356 1.58146 1.15441
1.42528 1.58243 1.15395
1.42444 1.58284 1.15407
1.4228 1.58191 1.15451
1.42528 1.58243 1.15395
1.42702 1.58342 1.15366
1.4261 1.58378 1.15379
1.42444 1.58284 1.15407
1.42702 1.58342 1.15366
1.42878 1.58441 1.15367
1.42778 1.58473 1.1538
1.4261 1.58378 1.15379
1.42878 1.58441 1.15367
1.42894 1.5845 1.15429
1.42793 1.58482 1.1544
1.42778 1.58473 1.1538
1.42894 1.5845 1.15429
1.42719 1.58351 1.15449
1.42626 1.58387 1.15459
1.42793 1.58482 1.1544
1.42719 1.58351 1.15449
1.42544 1.58252 1.15472
1.42459 1.58293 1.15481
1.42626 1.58387 1.15459
1.42544 1.58252 1.15472
1.42369 1.58153 1.155
1.42292 1.58198 1.15507
1.42459 1.58293 1.15481
1.42369 1.58153 1.155
1.42195 1.58055 1.15531
1.42127 1.58104 1.15537
1.42292 1.58198 1.15507
1.41961 1.58011 1.1557
1.42119 1.581 1.15505
1.42043 1.58146 1.15514
1.41894 1.58061 1.15575
1.42119 1.581 1.15505
1.4228 1.58191 1.15451
1.42195 1.58232 1.15463
1.42043 1.58146 1.15514
1.4228 1.58191 1.15451
1.42444 1.58284 1.15407
1.42349 1.58319 1.15422
1.42195 1.58232 1.15463
1.42444 1.58284 1.15407
1.4261 1.58378 1.15379
1.42506 1.58407 1.15396
1.42349 1.58319 1.15422
1.4261 1.58378 1.15379
1.42778 1.58473 1.1538
1.42664 1.58497 1.15397
1.42506 1.58407 1.15396
1.42778 1.58473 1.1538
1.42793 1.58482 1.1544
1.42678 1.58505 1.15453
1.42664 1.58497 1.15397
1.42793 1.58482 1.1544
1.42626 1.58387 1.15459
1.4252 1.58416 1.15471
1.42678 1.58505 1.15453
1.42626 1.58387 1.15459
1.42459 1.58293 1.15481
1.42363 1.58327 1.15492
1.4252 1.58416 1.15471
1.42459 1.58293 1.15481
1.42292 1.58198 1.15507
1.42206 1.58238 1.15516
1.42363 1.58327 1.15492
1.42292 1.58198 1.15507
1.42127 1.58104 1.15537
1.4205 1.5815 1.15544
1.42206 1.58238 1.15516
1.41894 1.58061 1.15575
1.42043 1.58146 1.15514
1.41958 1.58186 1.15525
1.4182 1.58108 1.15581
1.42043 1.58146 1.15514
1.42195 1.58232 1.15463
1.42099 1.58265 1.15478
1.41958 1.58186 1.15525
1.42195 1.58232 1.15463
1.42349 1.58319 1.15422
1.42241 1.58346 1.1544
1.42099 1.58265 1.15478
1.42349 1.58319 1.15422
1.42506 1.58407 1.15396
1.42386 1.58428 1.15416
1.42241 1.58346 1.1544
1.42506 1.58407 1.15396
1.42664 1.58497 1.15397
1.42533 1.58511 1.15417
1.42386 1.58428 1.15416
1.42664 1.58497 1.15397
1.42678 1.58505 1.15453
1.42546 1.58519 1.15469
1.42533 1.58511 1.15417
1.42678 1.58505 1.15453
1.4252 1.58416 1.15471
1.424 1.58436 1.15486
1.42546 1.58519 1.15469
1.4252 1.58416 1.15471
1.42363 1.58327 1.15492
1.42254 1.58354 1.15504
1.424 1.58436 1.15486
1.42363 1.58327 1.15492
1.42206 1.58238 1.15516
1.42109 1.58271 1.15527
1.42254 1.58354 1.15504
1.42206 1.58238 1.15516
1.4205 1.5815 1.15544
1.41964 1.58189 1.15553
1.42109 1.58271 1.15527
1.4182 1.58108 1.15581
1.41958 1.58186 1.15525
1.41861 1.58219 1.15538
1.41736 1.58148 1.15589
1.41958 1.58186 1.15525
1.42099 1.58265 1.15478
1.41988 1.58291 1.15496
1.41861 1.58219 1.15538
1.42099 1.58265 1.15478
1.42241 1.58346 1.1544
1.42117 1.58364 1.15462
1.41988 1.58291 1.15496
1.42241 1.58346 1.1544
1.42386 1.58428 1.15416
1.42247 1.58438 1.1544
1.42117 1.58364 1.15462
1.42386 1.58428 1.15416
1.42533 1.58511 1.15417
1.42379 1.58513 1.15441
1.42247 1.58438 1.1544
1.42533 1.58511 1.15417
1.42546 1.58519 1.15469
1.42391 1.5852 1.15488
1.42379 1.58513 1.15441
1.42546 1.58519 1.15469
1.424 1.58436 1.15486
1.4226 1.58445 1.15503
1.42391 1.5852 1.15488
1.424 1.58436 1.15486
1.42254 1.58354 1.15504
1.42128 1.58371 1.1552
1.4226 1.58445 1.15503
1.42254 1.58354 1.15504
1.42109 1.58271 1.15527
1.41997 1.58296 1.1554
1.42128 1.58371 1.1552
1.42109 1.58271 1.15527
1.41964 1.58189 1.15553
1.41866 1.58222 1.15563
1.41997 1.58296 1.1554
1.41736 1.58148 1.15589
1.41861 1.58219 1.15538
1.41746 1.58243 1.15555
1.41638 1.58181 1.15599
1.41861 1.58219 1.15538
1.41988 1.58291 1.15496
1.41856 1.58305 1.15518
1.41746 1.58243 1.15555
1.41988 1.58291 1.15496
1.42117 1.58364 1.15462
1.41968 1.58368 1.15489
1.41856 1.58305 1.15518
1.42117 1.58364 1.15462
1.42247 1.58438 1.1544
1.42081 1.58432 1.15471
1.41968 1.58368 1.15489
1.42247 1.58438 1.1544
1.42379 1.58513 1.15441
1.42195 1.58497 1.15472
1.42081 1.58432 1.15471
1.42379 1.58513 1.15441
1.42391 1.5852 1.15488
1.42206 1.58503 1.15512
1.42195 1.58497 1.15472
1.42391 1.5852 1.15488
1.4226 1.58445 1.15503
1.42092 1.58438 1.15525
1.42206 1.58503 1.15512
1.4226 1.58445 1.15503
1.42128 1.58371 1.1552
1.41978 1.58374 1.1554
1.42092 1.58438 1.15525
1.42128 1.58371 1.1552
1.41997 1.58296 1.1554
1.41864 1.58309 1.15557
1.41978 1.58374 1.1554
1.41997 1.58296 1.1554
1.41866 1.58222 1.15563
1.41751 1.58245 1.15577
1.41864 1.58309 1.15557
1.41638 1.58181 1.15599
1.41746 1.58243 1.15555
1.41601 1.58249 1.15579
1.41515 1.582 1.15613
1.41746 1.58243 1.15555
1.41856 1.58305 1.15518
1.41688 1.58298 1.1555
1.41601 1.58249 1.15579
1.41856 1.58305 1.15518
1.41968 1.58368 1.15489
1.41776 1.58348 1.15527
1.41688 1.58298 1.1555
1.41968 1.58368 1.15489
1.42081 1.58432 1.15471
1.41866 1.58399 1.15512
1.41776 1.58348 1.15527
1.42081 1.58432 1.15471
1.42195 1.58497 1.15472
1.41957 1.5845 1.15513
1.41866 1.58399 1.15512
1.42195 1.58497 1.15472
1.42206 1.58503 1.15512
1.41965 1.58455 1.15545
1.41957 1.5845 1.15513
1.42206 1.58503 1.15512
1.42092 1.58438 1.15525
1.41874 1.58404 1.15555
1.41965 1.58455 1.15545
1.42092 1.58438 1.15525
1.41978 1.58374 1.1554
1.41784 1.58353 1.15566
1.41874 1.58404 1.15555
1.41978 1.58374 1.1554
1.41864 1.58309 1.15557
1.41694 1.58302 1.1558
1.41784 1.58353 1.15566
1.41864 1.58309 1.15557
1.41751 1.58245 1.15577
1.41605 1.58251 1.15596
1.41694 1.58302 1.1558
1.41515 1.582 1.15613
1.41601 1.58249 1.15579
1.41376 1.5821 1.15619
1.41328 1.58183 1.15638
1.41601 1.58249 1.15579
1.41688 1.58298 1.1555
1.41425 1.58238 1.15603
1.41376 1.5821 1.15619
1.41688 1.58298 1.1555
1.41776 1.58348 1.15527
1.41475 1.58266 1.1559
1.41425 1.58238 1.15603
1.41776 1.58348 1.15527
1.41866 1.58399 1.15512
1.41525 1.58294 1.15582
1.41475 1.58266 1.1559
1.41866 1.58399 1.15512
1.41957 1.5845 1.15513
1.41575 1.58323 1.15582
1.41525 1.58294 1.15582
1.41957 1.5845 1.15513
1.41965 1.58455 1.15545
1.4158 1.58325 1.156
1.41575 1.58323 1.15582
1.41965 1.58455 1.15545
1.41874 1.58404 1.15555
1.41529 1.58297 1.15606
1.4158 1.58325 1.156
1.41874 1.58404 1.15555
1.41784 1.58353 1.15566
1.41479 1.58268 1.15612
1.41529 1.58297 1.15606
1.41784 1.58353 1.15566
1.41694 1.58302 1.1558
1.41429 1.5824 1.1562
1.41479 1.58268 1.15612
1.41694 1.58302 1.1558
1.41605 1.58251 1.15596
1.41378 1.58211 1.15629
1.41429 1.5824 1.1562
1.41328 1.58183 1.15638
1.41376 1.5821 1.15619
1.41137 1.58154 1.15663
1.4113 1.5815 1.15666
1.41376 1.5821 1.15619
1.41425 1.58238 1.15603
1.41144 1.58158 1.15661
1.41137 1.58154 1.15663
1.41425 1.58238 1.15603
1.41475 1.58266 1.1559
1.41151 1.58162 1.15659
1.41144 1.58158 1.15661
1.41475 1.58266 1.1559
1.41525 1.58294 1.15582
1.41158 1.58166 1.15658
1.41151 1.58162 1.15659
1.41525 1.58294 1.15582
1.41575 1.58323 1.15582
1.41165 1.5817 1.15658
1.41158 1.58166 1.15658
1.41575 1.58323 1.15582
1.4158 1.58325 1.156
1.41166 1.58171 1.1566
1.41165 1.5817 1.15658
1.4158 1.58325 1.156
1.41529 1.58297 1.15606
1.41159 1.58167 1.15661
1.41166 1.58171 1.1566
1.41529 1.58297 1.15606
1.41479 1.58268 1.15612
1.41151 1.58163 1.15662
1.41159 1.58167 1.15661
1.41479 1.58268 1.15612
1.41429 1.5824 1.1562
1.41144 1.58159 1.15663
1.41151 1.58163 1.15662
1.41429 1.5824 1.1562
1.41378 1.58211 1.15629
1.41137 1.58154 1.15664
1.41144 1.58159 1.15663
1.48771 1.47765 1.15023
1.4849 1.47606 1.1527
1.48356 1.47821 1.15266
1.4865 1.47987 1.14989
1.4865 1.47987 1.14989
1.48356 1.47821 1.15266
1.48155 1.48164 1.15274
1.48474 1.48345 1.14965
1.48474 1.48345 1.14965
1.48155 1.48164 1.15274
1.47958 1.4852 1.15294
1.48309 1.48719 1.14971
1.48309 1.48719 1.14971
1.47958 1.4852 1.15294
1.47764 1.48878 1.15317
1.48147 1.49095 1.14992
1.48147 1.49095 1.14992
1.47764 1.48878 1.15317
1.47568 1.49235 1.15335
1.47979 1.49467 1.15013
1.47979 1.49467 1.15013
1.47568 1.49235 1.15335
1.47373 1.49592 1.15351
1.47805 1.49836 1.15035
1.47805 1.49836 1.15035
1.47373 1.49592 1.15351
1.47179 1.49949 1.15364
1.47626 1.50202 1.15057
1.47626 1.50202 1.15057
1.47179 1.49949 1.15364
1.46985 1.50307 1.15374
1.47442 1.50566 1.15079
1.47442 1.50566 1.15079
1.46985 1.50307 1.15374
1.46793 1.50665 1.15383
1.47254 1.50926 1.151
1.47254 1.50926 1.151
1.46793 1.50665 1.15383
1.46599 1.51023 1.15391
1.4706 1.51284 1.15122
1.4706 1.51284 1.15122
1.46599 1.51023 1.15391
1.46401 1.51378 1.154
1.46859 1.51638 1.15143
1.46859 1.51638 1.15143
1.46401 1.51378 1.154
1.462 1.51732 1.15408
1.46654 1.51989 1.15164
1.46654 1.51989 1.15164
1.462 1.51732 1.15408
1.45995 1.52083 1.15418
1.46444 1.52337 1.15186
1.46444 1.52337 1.15186
1.45995 1.52083 1.15418
1.45787 1.52433 1.15427
1.46229 1.52683 1.15206
1.46229 1.52683 1.15206
1.45787 1.52433 1.15427
1.45576 1.52781 1.15436
1.46009 1.53026 1.15227
1.46009 1.53026 1.15227
1.45576 1.52781 1.15436
1.45362 1.53127 1.15445
1.45785 1.53367 1.15248
1.45785 1.53367 1.15248
1.45362 1.53127 1.15445
1.45144 1.53471 1.15454
1.45558 1.53706 1.15273
1.45558 1.53706 1.15273
1.45144 1.53471 1.15454
1.44925 1.53814 1.15463
1.45328 1.54042 1.15297
1.45328 1.54042 1.15297
1.44925 1.53814 1.15463
1.44702 1.54156 1.15472
1.45093 1.54377 1.15321
1.45093 1.54377 1.15321
1.44702 1.54156 1.15472
1.44477 1.54496 1.15481
1.44854 1.54709 1.15343
1.44854 1.54709 1.15343
1.44477 1.54496 1.15481
1.4425 1.54835 1.1549
1.44612 1.5504 1.15365
1.44612 1.5504 1.15365
1.4425 1.54835 1.1549
1.44021 1.55172 1.15498
1.44367 1.55368 1.15385
1.44367 1.55368 1.15385
1.44021 1.55172 1.15498
1.4379 1.55509 1.15507
1.44119 1.55695 1.15406
1.44119 1.55695 1.15406
1.4379 1.55509 1.15507
1.43557 1.55844 1.15515
1.43867 1.5602 1.15425
1.43867 1.5602 1.15425
1.43557 1.55844 1.15515
1.43322 1.56179 1.15523
1.43614 1.56344 1.15444
1.43614 1.56344 1.15444
1.43322 1.56179 1.15523
1.43086 1.56512 1.15531
1.43358 1.56666 1.15461
1.43358 1.56666 1.15461
1.43086 1.56512 1.15531
1.42848 1.56845 1.15539
1.431 1.56988 1.15478
1.431 1.56988 1.15478
1.42848 1.56845 1.15539
1.42609 1.57177 1.15547
1.42839 1.57308 1.15495
1.42839 1.57308 1.15495
1.42609 1.57177 1.15547
1.42369 1.57509 1.15554
1.42577 1.57627 1.1551
1.42577 1.57627 1.1551
1.42369 1.57509 1.15554
1.42138 1.57826 1.15561
1.42324 1.57931 1.15523
1.42324 1.57931 1.15523
1.42138 1.57826 1.15561
1.42077 1.57899 1.15563
1.42257 1.58001 1.15527
1.42257 1.58001 1.15527
1.42077 1.57899 1.15563
1.42022 1.57957 1.15566
1.42195 1.58055 1.15531
1.42195 1.58055 1.15531
1.42022 1.57957 1.15566
1.41961 1.58011 1.1557
1.42127 1.58104 1.15537
1.42127 1.58104 1.15537
1.41961 1.58011 1.1557
1.41894 1.58061 1.15575
1.4205 1.5815 1.15544
1.4205 1.5815 1.15544
1.41894 1.58061 1.15575
1.4182 1.58108 1.15581
1.41964 1.58189 1.15553
1.41964 1.58189 1.15553
1.4182 1.58108 1.15581
1.41736 1.58148 1.15589
1.41866 1.58222 1.15563
1.41866 1.58222 1.15563
1.41736 1.58148 1.15589
1.41638 1.58181 1.15599
1.41751 1.58245 1.15577
1.41751 1.58245 1.15577
1.41638 1.58181 1.15599
1.41515 1.582 1.15613
1.41605 1.58251 1.15596
1.41605 1.58251 1.15596
1.41515 1.582 1.15613
1.41328 1.58183 1.15638
1.41378 1.58211 1.15629
1.41378 1.58211 1.15629
1.41328 1.58183 1.15638
1.4113 1.5815 1.15666
1.41137 1.58154 1.15664
1.4933 1.4528 1.1555
1.4933 1.4528 1.1555
1.4933 1.4528 1.1555
1.4933 1.4528 1.1555
1.4933 1.4528 1.1555
1.4933 1.4528 1.1555
1.4933 1.4528 1.1555
1.4933 1.4528 1.1555
1.4933 1.4528 1.1555
1.4933 1.4528 1.1555
1.4933 1.4528 1.1555
1.4933 1.4528 1.1555
1.4933 1.4528 1.1555
1.4933 1.4528 1.1555
1.4933 1.4528 1.1555
1.4933 1.4528 1.1555
1.4933 1.4528 1.1555
1.4933 1.4528 1.1555
1.4933 1.4528 1.1555
1.4933 1.4528 1.1555
1.4933 1.4528 1.1555
1.4933 1.4528 1.1555
1.4933 1.4528 1.1555
1.4933 1.4528 1.1555
1.4933 1.4528 1.1555
1.4933 1.4528 1.1555
1.4933 1.4528 1.1555
1.4933 1.4528 1.1555
1.4933 1.4528 1.1555
1.4933 1.4528 1.1555
1.4933 1.4528 1.1555
1.4933 1.4528 1.1555
1.4933 1.4528 1.1555
1.4933 1.4528 1.1555
1.4933 1.4528 1.1555
1.4933 1.4528 1.1555
1.4933 1.4528 1.1555
1.4933 1.4528 1.1555
1.4933 1.4528 1.1555
1.4933 1.4528 1.1555
1.4933 1.4528 1.1555
1.4933 1.4528 1.1555
1.4933 1.4528 1.1555
1.4933 1.4528 1.1555
1.4933 1.4528 1.1555
1.4933 1.4528 1.1555
1.4933 1.4528 1.1555
1.4933 1.4528 1.1555
1.4933 1.4528 1.1555
1.4933 1.4528 1.1555
1.4933 1.4528 1.1555
1.4933 1.4528 1.1555
1.4933 1.4528 1.1555
1.4933 1.4528 1.1555
1.4933 1.4528 1.1555
1.4933 1.4528 1.1555
1.4933 1.4528 1.1555
1.4933 1.4528 1.1555
1.4933 1.4528 1.1555
1.4933 1.4528 1.1555
1.4933 1.4528 1.1555
1.4933 1.4528 1.1555
1.4933 1.4528 1.1555
1.4933 1.4528 1.1555
1.4933 1.4528 1.1555
1.4933 1.4528 1.1555
1.4933 1.4528 1.1555
1.4933 1.4528 1.1555
1.4933 1.4528 1.1555
1.4933 1.4528 1.1555
1.4933 1.4528 1.1555
1.4933 1.4528 1.1555
1.4933 1.4528 1.1555
1.4933 1.4528 1.1555
1.4933 1.4528 1.1555
1.4933 1.4528 1.1555
1.4933 1.4528 1.1555
1.4933 1.4528 1.1555
1.4933 1.4528 1.1555
1.4933 1.4528 1.1555
1.4933 1.4528 1.1555
1.4933 1.4528 1.1555
1.4933 1.4528 1.1555
1.4933 1.4528 1.1555
1.4933 1.4528 1.1555
1.4933 1.4528 1.1555
1.4933 1.4528 1.1555
1.4933 1.4528 1.1555
1.5017 1.42954 1.1527
1.49961 1.42835 1.14944
1.50081 1.42613 1.14914
1.50304 1.42739 1.15266
1.49961 1.42835 1.14944
1.4971 1.42693 1.14657
1.49814 1.42462 1.14602
1.50081 1.42613 1.14914
1.4971 1.42693 1.14657
1.49442 1.42541 1.14391
1.49527 1.423 1.14314
1.49814 1.42462 1.14602
1.49442 1.42541 1.14391
1.49151 1.42377 1.14159
1.49218 1.42125 1.14058
1.49527 1.423 1.14314
1.49151 1.42377 1.14159
1.48824 1.42192 1.14008
1.48871 1.41928 1.13883
1.49218 1.42125 1.14058
1.48824 1.42192 1.14008
1.48661 1.42099 1.14217
1.48706 1.41834 1.14087
1.48871 1.41928 1.13883
1.48661 1.42099 1.14217
1.48958 1.42267 1.14436
1.49025 1.42015 1.14324
1.48706 1.41834 1.14087
1.48958 1.42267 1.14436
1.49273 1.42446 1.14622
1.4936 1.42205 1.14533
1.49025 1.42015 1.14324
1.49273 1.42446 1.14622
1.49586 1.42623 1.14813
1.4969 1.42392 1.14751
1.4936 1.42205 1.14533
1.49586 1.42623 1.14813
1.49889 1.42795 1.15023
1.5001 1.42573 1.14989
1.4969 1.42392 1.14751
1.50304 1.42739 1.15266
1.50081 1.42613 1.14914
1.50253 1.42253 1.14893
1.50505 1.42396 1.15274
1.50081 1.42613 1.14914
1.49814 1.42462 1.14602
1.49953 1.42083 1.14558
1.50253 1.42253 1.14893
1.49814 1.42462 1.14602
1.49527 1.423 1.14314
1.49634 1.41902 1.14248
1.49953 1.42083 1.14558
1.49527 1.423 1.14314
1.49218 1.42125 1.14058
1.49291 1.41708 1.13973
1.49634 1.41902 1.14248
1.49218 1.42125 1.14058
1.48871 1.41928 1.13883
1.48911 1.41493 1.13777
1.49291 1.41708 1.13973
1.48871 1.41928 1.13883
1.48706 1.41834 1.14087
1.48752 1.41403 1.13977
1.48911 1.41493 1.13777
1.48706 1.41834 1.14087
1.49025 1.42015 1.14324
1.49109 1.41605 1.14227
1.48752 1.41403 1.13977
1.49025 1.42015 1.14324
1.4936 1.42205 1.14533
1.49476 1.41813 1.14457
1.49109 1.41605 1.14227
1.4936 1.42205 1.14533
1.4969 1.42392 1.14751
1.49837 1.42017 1.14699
1.49476 1.41813 1.14457
1.4969 1.42392 1.14751
1.5001 1.42573 1.14989
1.50186 1.42215 1.14965
1.49837 1.42017 1.14699
1.50505 1.42396 1.15274
1.50253 1.42253 1.14893
1.50412 1.41875 1.14901
1.50702 1.4204 1.15294
1.50253 1.42253 1.14893
1.49953 1.42083 1.14558
1.50074 1.41684 1.14558
1.50412 1.41875 1.14901
1.49953 1.42083 1.14558
1.49634 1.41902 1.14248
1.49716 1.41481 1.14245
1.50074 1.41684 1.14558
1.49634 1.41902 1.14248
1.49291 1.41708 1.13973
1.49335 1.41266 1.13968
1.49716 1.41481 1.14245
1.49291 1.41708 1.13973
1.48911 1.41493 1.13777
1.4892 1.41031 1.1377
1.49335 1.41266 1.13968
1.48911 1.41493 1.13777
1.48752 1.41403 1.13977
1.48774 1.40948 1.13971
1.4892 1.41031 1.1377
1.48752 1.41403 1.13977
1.49109 1.41605 1.14227
1.4917 1.41172 1.14217
1.48774 1.40948 1.13971
1.49109 1.41605 1.14227
1.49476 1.41813 1.14457
1.49572 1.414 1.1445
1.4917 1.41172 1.14217
1.49476 1.41813 1.14457
1.49837 1.42017 1.14699
1.49968 1.41624 1.14698
1.49572 1.414 1.1445
1.49837 1.42017 1.14699
1.50186 1.42215 1.14965
1.50351 1.41841 1.14971
1.49968 1.41624 1.14698
1.50702 1.4204 1.15294
1.50412 1.41875 1.14901
1.50569 1.41497 1.14921
1.50896 1.41682 1.15317
1.50412 1.41875 1.14901
1.50074 1.41684 1.14558
1.50194 1.41285 1.14582
1.50569 1.41497 1.14921
1.50074 1.41684 1.14558
1.49716 1.41481 1.14245
1.49799 1.41061 1.14275
1.50194 1.41285 1.14582
1.49716 1.41481 1.14245
1.49335 1.41266 1.13968
1.49383 1.40826 1.14006
1.49799 1.41061 1.14275
1.49335 1.41266 1.13968
1.4892 1.41031 1.1377
1.48937 1.40573 1.13818
1.49383 1.40826 1.14006
1.4892 1.41031 1.1377
1.48774 1.40948 1.13971
1.48803 1.40497 1.14021
1.48937 1.40573 1.13818
1.48774 1.40948 1.13971
1.4917 1.41172 1.14217
1.49235 1.40742 1.14254
1.48803 1.40497 1.14021
1.4917 1.41172 1.14217
1.49572 1.414 1.1445
1.4967 1.40988 1.14479
1.49235 1.40742 1.14254
1.49572 1.414 1.1445
1.49968 1.41624 1.14698
1.50098 1.4123 1.14721
1.4967 1.40988 1.14479
1.49968 1.41624 1.14698
1.50351 1.41841 1.14971
1.50513 1.41465 1.14992
1.50098 1.4123 1.14721
1.50896 1.41682 1.15317
1.50569 1.41497 1.14921
1.50733 1.41122 1.14942
1.51092 1.41325 1.15335
1.50569 1.41497 1.14921
1.50194 1.41285 1.14582
1.50328 1.40893 1.14609
1.50733 1.41122 1.14942
1.50194 1.41285 1.14582
1.49799 1.41061 1.14275
1.49903 1.40652 1.1431
1.50328 1.40893 1.14609
1.49799 1.41061 1.14275
1.49383 1.40826 1.14006
1.49459 1.40401 1.14052
1.49903 1.40652 1.1431
1.49383 1.40826 1.14006
1.48937 1.40573 1.13818
1.48987 1.40133 1.13876
1.49459 1.40401 1.14052
1.48937 1.40573 1.13818
1.48803 1.40497 1.14021
1.48864 1.40064 1.14081
1.48987 1.40133 1.13876
1.48803 1.40497 1.14021
1.49235 1.40742 1.14254
1.49323 1.40324 1.14301
1.48864 1.40064 1.14081
1.49235 1.40742 1.14254
1.4967 1.40988 1.14479
1.49785 1.40585 1.14515
1.49323 1.40324 1.14301
1.4967 1.40988 1.14479
1.50098 1.4123 1.14721
1.5024 1.40843 1.14749
1.49785 1.40585 1.14515
1.50098 1.4123 1.14721
1.50513 1.41465 1.14992
1.50681 1.41093 1.15013
1.5024 1.40843 1.14749
1.51092 1.41325 1.15335
1.50733 1.41122 1.14942
1.50904 1.40752 1.14962
1.51287 1.40968 1.15351
1.50733 1.41122 1.14942
1.50328 1.40893 1.14609
1.50475 1.40509 1.14639
1.50904 1.40752 1.14962
1.50328 1.40893 1.14609
1.49903 1.40652 1.1431
1.50028 1.40255 1.1435
1.50475 1.40509 1.14639
1.49903 1.40652 1.1431
1.49459 1.40401 1.14052
1.49562 1.39992 1.14104
1.50028 1.40255 1.1435
1.49459 1.40401 1.14052
1.48987 1.40133 1.13876
1.4907 1.39713 1.13941
1.49562 1.39992 1.14104
1.48987 1.40133 1.13876
1.48864 1.40064 1.14081
1.48955 1.39648 1.14149
1.4907 1.39713 1.13941
1.48864 1.40064 1.14081
1.49323 1.40324 1.14301
1.49436 1.3992 1.14354
1.48955 1.39648 1.14149
1.49323 1.40324 1.14301
1.49785 1.40585 1.14515
1.49917 1.40193 1.14557
1.49436 1.3992 1.14354
1.49785 1.40585 1.14515
1.5024 1.40843 1.14749
1.50392 1.40462 1.1478
1.49917 1.40193 1.14557
1.5024 1.40843 1.14749
1.50681 1.41093 1.15013
1.50855 1.40724 1.15035
1.50392 1.40462 1.1478
1.51287 1.40968 1.15351
1.50904 1.40752 1.14962
1.5108 1.40384 1.14983
1.51481 1.40611 1.15364
1.50904 1.40752 1.14962
1.50475 1.40509 1.14639
1.50635 1.40132 1.1467
1.5108 1.40384 1.14983
1.50475 1.40509 1.14639
1.50028 1.40255 1.1435
1.50171 1.39869 1.14394
1.50635 1.40132 1.1467
1.50028 1.40255 1.1435
1.49562 1.39992 1.14104
1.4969 1.39597 1.14161
1.50171 1.39869 1.14394
1.49562 1.39992 1.14104
1.4907 1.39713 1.13941
1.49185 1.39311 1.14012
1.4969 1.39597 1.14161
1.4907 1.39713 1.13941
1.48955 1.39648 1.14149
1.49077 1.3925 1.14223
1.49185 1.39311 1.14012
1.48955 1.39648 1.14149
1.49436 1.3992 1.14354
1.49572 1.3953 1.14413
1.49077 1.3925 1.14223
1.49436 1.3992 1.14354
1.49917 1.40193 1.14557
1.50068 1.39811 1.14602
1.49572 1.3953 1.14413
1.49917 1.40193 1.14557
1.50392 1.40462 1.1478
1.50557 1.40088 1.14813
1.50068 1.39811 1.14602
1.50392 1.40462 1.1478
1.50855 1.40724 1.15035
1.51034 1.40358 1.15057
1.50557 1.40088 1.14813
1.51481 1.40611 1.15364
1.5108 1.40384 1.14983
1.51262 1.40019 1.15005
1.51675 1.40253 1.15374
1.5108 1.40384 1.14983
1.50635 1.40132 1.1467
1.50806 1.39761 1.14705
1.51262 1.40019 1.15005
1.50635 1.40132 1.1467
1.50171 1.39869 1.14394
1.50333 1.39493 1.14442
1.50806 1.39761 1.14705
1.50171 1.39869 1.14394
1.4969 1.39597 1.14161
1.49843 1.39216 1.14223
1.50333 1.39493 1.14442
1.4969 1.39597 1.14161
1.49185 1.39311 1.14012
1.49332 1.38926 1.14089
1.49843 1.39216 1.14223
1.49185 1.39311 1.14012
1.49077 1.3925 1.14223
1.4923 1.38869 1.143
1.49332 1.38926 1.14089
1.49077 1.3925 1.14223
1.49572 1.3953 1.14413
1.49733 1.39153 1.14475
1.4923 1.38869 1.143
1.49572 1.3953 1.14413
1.50068 1.39811 1.14602
1.50236 1.39438 1.1465
1.49733 1.39153 1.14475
1.50068 1.39811 1.14602
1.50557 1.40088 1.14813
1.50732 1.3972 1.14847
1.50236 1.39438 1.1465
1.50557 1.40088 1.14813
1.51034 1.40358 1.15057
1.51218 1.39994 1.15079
1.50732 1.3972 1.14847
1.51675 1.40253 1.15374
1.51262 1.40019 1.15005
1.51448 1.39657 1.15027
1.51867 1.39895 1.15383
1.51262 1.40019 1.15005
1.50806 1.39761 1.14705
1.50988 1.39397 1.14742
1.51448 1.39657 1.15027
1.50806 1.39761 1.14705
1.50333 1.39493 1.14442
1.50511 1.39127 1.14494
1.50988 1.39397 1.14742
1.50333 1.39493 1.14442
1.49843 1.39216 1.14223
1.5002 1.38849 1.1429
1.50511 1.39127 1.14494
1.49843 1.39216 1.14223
1.49332 1.38926 1.14089
1.49508 1.38559 1.1417
1.5002 1.38849 1.1429
1.49332 1.38926 1.14089
1.4923 1.38869 1.143
1.49413 1.38505 1.14378
1.49508 1.38559 1.1417
1.4923 1.38869 1.143
1.49733 1.39153 1.14475
1.49917 1.38791 1.14539
1.49413 1.38505 1.14378
1.49733 1.39153 1.14475
1.50236 1.39438 1.1465
1.50421 1.39076 1.147
1.49917 1.38791 1.14539
1.50236 1.39438 1.1465
1.50732 1.3972 1.14847
1.50919 1.39358 1.14883
1.50421 1.39076 1.147
1.50732 1.3972 1.14847
1.51218 1.39994 1.15079
1.51406 1.39634 1.151
1.50919 1.39358 1.14883
1.51867 1.39895 1.15383
1.51448 1.39657 1.15027
1.5164 1.39299 1.1505
1.52061 1.39537 1.15391
1.51448 1.39657 1.15027
1.50988 1.39397 1.14742
1.51179 1.39038 1.14779
1.5164 1.39299 1.1505
1.50988 1.39397 1.14742
1.50511 1.39127 1.14494
1.50703 1.38768 1.14546
1.51179 1.39038 1.14779
1.50511 1.39127 1.14494
1.5002 1.38849 1.1429
1.50212 1.38491 1.14357
1.50703 1.38768 1.14546
1.5002 1.38849 1.1429
1.49508 1.38559 1.1417
1.49705 1.38203 1.1425
1.50212 1.38491 1.14357
1.49508 1.38559 1.1417
1.49413 1.38505 1.14378
1.49616 1.38153 1.14455
1.49705 1.38203 1.1425
1.49413 1.38505 1.14378
1.49917 1.38791 1.14539
1.50117 1.38437 1.14601
1.49616 1.38153 1.14455
1.49917 1.38791 1.14539
1.50421 1.39076 1.147
1.50619 1.38721 1.14748
1.50117 1.38437 1.14601
1.50421 1.39076 1.147
1.50919 1.39358 1.14883
1.51115 1.39001 1.14918
1.50619 1.38721 1.14748
1.50919 1.39358 1.14883
1.51406 1.39634 1.151
1.516 1.39276 1.15122
1.51115 1.39001 1.14918
1.52061 1.39537 1.15391
1.5164 1.39299 1.1505
1.51837 1.38943 1.15072
1.52259 1.39182 1.154
1.5164 1.39299 1.1505
1.51179 1.39038 1.14779
1.51378 1.38683 1.14816
1.51837 1.38943 1.15072
1.51179 1.39038 1.14779
1.50703 1.38768 1.14546
1.50905 1.38415 1.14597
1.51378 1.38683 1.14816
1.50703 1.38768 1.14546
1.50212 1.38491 1.14357
1.50418 1.38139 1.14421
1.50905 1.38415 1.14597
1.50212 1.38491 1.14357
1.49705 1.38203 1.1425
1.49915 1.37854 1.14325
1.50418 1.38139 1.14421
1.49705 1.38203 1.1425
1.49616 1.38153 1.14455
1.49832 1.37807 1.14527
1.49915 1.37854 1.14325
1.49616 1.38153 1.14455
1.50117 1.38437 1.14601
1.50329 1.38089 1.1466
1.49832 1.37807 1.14527
1.50117 1.38437 1.14601
1.50619 1.38721 1.14748
1.50826 1.3837 1.14795
1.50329 1.38089 1.1466
1.50619 1.38721 1.14748
1.51115 1.39001 1.14918
1.51318 1.38649 1.14952
1.50826 1.3837 1.14795
1.51115 1.39001 1.14918
1.516 1.39276 1.15122
1.51801 1.38922 1.15143
1.51318 1.38649 1.14952
1.52259 1.39182 1.154
1.51837 1.38943 1.15072
1.5204 1.38591 1.15095
1.5246 1.38828 1.15408
1.51837 1.38943 1.15072
1.51378 1.38683 1.14816
1.51585 1.38333 1.14852
1.5204 1.38591 1.15095
1.51378 1.38683 1.14816
1.50905 1.38415 1.14597
1.51115 1.38067 1.14646
1.51585 1.38333 1.14852
1.50905 1.38415 1.14597
1.50418 1.38139 1.14421
1.50634 1.37794 1.14482
1.51115 1.38067 1.14646
1.50418 1.38139 1.14421
1.49915 1.37854 1.14325
1.50138 1.37513 1.14398
1.50634 1.37794 1.14482
1.49915 1.37854 1.14325
1.49832 1.37807 1.14527
1.5006 1.37469 1.14595
1.50138 1.37513 1.14398
1.49832 1.37807 1.14527
1.50329 1.38089 1.1466
1.50551 1.37747 1.14716
1.5006 1.37469 1.14595
1.50329 1.38089 1.1466
1.50826 1.3837 1.14795
1.51042 1.38025 1.14839
1.50551 1.37747 1.14716
1.50826 1.3837 1.14795
1.51318 1.38649 1.14952
1.51528 1.38301 1.14985
1.51042 1.38025 1.14839
1.51318 1.38649 1.14952
1.51801 1.38922 1.15143
1.52006 1.38571 1.15164
1.51528 1.38301 1.14985
1.5246 1.38828 1.15408
1.5204 1.38591 1.15095
1.52249 1.38241 1.15118
1.52665 1.38477 1.15418
1.5204 1.38591 1.15095
1.51585 1.38333 1.14852
1.51798 1.37986 1.14888
1.52249 1.38241 1.15118
1.51585 1.38333 1.14852
1.51115 1.38067 1.14646
1.51335 1.37724 1.14694
1.51798 1.37986 1.14888
1.51115 1.38067 1.14646
1.50634 1.37794 1.14482
1.5086 1.37455 1.14542
1.51335 1.37724 1.14694
1.50634 1.37794 1.14482
1.50138 1.37513 1.14398
1.50372 1.37178 1.14467
1.5086 1.37455 1.14542
1.50138 1.37513 1.14398
1.5006 1.37469 1.14595
1.50299 1.37137 1.14659
1.50372 1.37178 1.14467
1.5006 1.37469 1.14595
1.50551 1.37747 1.14716
1.50783 1.37411 1.14769
1.50299 1.37137 1.14659
1.50551 1.37747 1.14716
1.51042 1.38025 1.14839
1.51266 1.37685 1.14882
1.50783 1.37411 1.14769
1.51042 1.38025 1.14839
1.51528 1.38301 1.14985
1.51745 1.37956 1.15017
1.51266 1.37685 1.14882
1.51528 1.38301 1.14985
1.52006 1.38571 1.15164
1.52216 1.38223 1.15186
1.51745 1.37956 1.15017
1.52665 1.38477 1.15418
1.52249 1.38241 1.15118
1.52462 1.37894 1.1514
1.52873 1.38127 1.15427
1.52249 1.38241 1.15118
1.51798 1.37986 1.14888
1.52018 1.37643 1.14922
1.52462 1.37894 1.1514
1.51798 1.37986 1.14888
1.51335 1.37724 1.14694
1.51563 1.37385 1.1474
1.52018 1.37643 1.14922
1.51335 1.37724 1.14694
1.5086 1.37455 1.14542
1.51096 1.37121 1.14599
1.51563 1.37385 1.1474
1.5086 1.37455 1.14542
1.50372 1.37178 1.14467
1.50618 1.3685 1.14533
1.51096 1.37121 1.14599
1.50372 1.37178 1.14467
1.50299 1.37137 1.14659
1.5055 1.36812 1.14721
1.50618 1.3685 1.14533
1.50299 1.37137 1.14659
1.50783 1.37411 1.14769
1.51024 1.3708 1.1482
1.5055 1.36812 1.14721
1.50783 1.37411 1.14769
1.51266 1.37685 1.14882
1.51498 1.37349 1.14924
1.51024 1.3708 1.1482
1.51266 1.37685 1.14882
1.51745 1.37956 1.15017
1.51969 1.37615 1.15049
1.51498 1.37349 1.14924
1.51745 1.37956 1.15017
1.52216 1.38223 1.15186
1.52431 1.37877 1.15206
1.51969 1.37615 1.15049
1.52873 1.38127 1.15427
1.52462 1.37894 1.1514
1.5268 1.3755 1.15162
1.53084 1.37779 1.15436
1.52462 1.37894 1.1514
1.52018 1.37643 1.14922
1.52245 1.37304 1.14956
1.5268 1.3755 1.15162
1.52018 1.37643 1.14922
1.51563 1.37385 1.1474
1.51798 1.37051 1.14785
1.52245 1.37304 1.14956
1.51563 1.37385 1.1474
1.51096 1.37121 1.14599
1.51341 1.36792 1.14654
1.51798 1.37051 1.14785
1.51096 1.37121 1.14599
1.50618 1.3685 1.14533
1.50874 1.36528 1.14597
1.51341 1.36792 1.14654
1.50618 1.3685 1.14533
1.5055 1.36812 1.14721
1.5081 1.36492 1.14779
1.50874 1.36528 1.14597
1.5055 1.36812 1.14721
1.51024 1.3708 1.1482
1.51274 1.36754 1.14869
1.5081 1.36492 1.14779
1.51024 1.3708 1.1482
1.51498 1.37349 1.14924
1.51738 1.37017 1.14964
1.51274 1.36754 1.14869
1.51498 1.37349 1.14924
1.51969 1.37615 1.15049
1.52198 1.37278 1.15079
1.51738 1.37017 1.14964
1.51969 1.37615 1.15049
1.52431 1.37877 1.15206
1.52651 1.37534 1.15227
1.52198 1.37278 1.15079
1.53084 1.37779 1.15436
1.5268 1.3755 1.15162
1.52902 1.37209 1.15185
1.53298 1.37433 1.15445
1.5268 1.3755 1.15162
1.52245 1.37304 1.14956
1.52477 1.36968 1.1499
1.52902 1.37209 1.15185
1.52245 1.37304 1.14956
1.51798 1.37051 1.14785
1.52041 1.36721 1.1483
1.52477 1.36968 1.1499
1.51798 1.37051 1.14785
1.51341 1.36792 1.14654
1.51595 1.36469 1.14708
1.52041 1.36721 1.1483
1.51341 1.36792 1.14654
1.50874 1.36528 1.14597
1.5114 1.36211 1.14659
1.51595 1.36469 1.14708
1.50874 1.36528 1.14597
1.5081 1.36492 1.14779
1.5108 1.36177 1.14834
1.5114 1.36211 1.14659
1.5081 1.36492 1.14779
1.51274 1.36754 1.14869
1.51532 1.36433 1.14917
1.5108 1.36177 1.14834
1.51274 1.36754 1.14869
1.51738 1.37017 1.14964
1.51984 1.36689 1.15004
1.51532 1.36433 1.14917
1.51738 1.37017 1.14964
1.52198 1.37278 1.15079
1.52433 1.36943 1.15111
1.51984 1.36689 1.15004
1.52198 1.37278 1.15079
1.52651 1.37534 1.15227
1.52875 1.37193 1.15248
1.52433 1.36943 1.15111
1.53298 1.37433 1.15445
1.52902 1.37209 1.15185
1.53128 1.36869 1.15209
1.53516 1.37089 1.15454
1.52902 1.37209 1.15185
1.52477 1.36968 1.1499
1.52714 1.36635 1.15024
1.53128 1.36869 1.15209
1.52477 1.36968 1.1499
1.52041 1.36721 1.1483
1.5229 1.36395 1.14874
1.52714 1.36635 1.15024
1.52041 1.36721 1.1483
1.51595 1.36469 1.14708
1.51857 1.3615 1.14762
1.5229 1.36395 1.14874
1.51595 1.36469 1.14708
1.5114 1.36211 1.14659
1.51416 1.359 1.1472
1.51857 1.3615 1.14762
1.5114 1.36211 1.14659
1.5108 1.36177 1.14834
1.51359 1.35868 1.14887
1.51416 1.359 1.1472
1.5108 1.36177 1.14834
1.51532 1.36433 1.14917
1.51798 1.36116 1.14964
1.51359 1.35868 1.14887
1.51532 1.36433 1.14917
1.51984 1.36689 1.15004
1.52236 1.36364 1.15046
1.51798 1.36116 1.14964
1.51984 1.36689 1.15004
1.52433 1.36943 1.15111
1.52672 1.36611 1.15146
1.52236 1.36364 1.15046
1.52433 1.36943 1.15111
1.52875 1.37193 1.15248
1.53102 1.36854 1.15273
1.52672 1.36611 1.15146
1.53516 1.37089 1.15454
1.53128 1.36869 1.15209
1.53358 1.36532 1.15232
1.53735 1.36746 1.15463
1.53128 1.36869 1.15209
1.52714 1.36635 1.15024
1.52957 1.36305 1.15058
1.53358 1.36532 1.15232
1.52714 1.36635 1.15024
1.5229 1.36395 1.14874
1.52546 1.36072 1.14917
1.52957 1.36305 1.15058
1.5229 1.36395 1.14874
1.51857 1.3615 1.14762
1.52127 1.35835 1.14814
1.52546 1.36072 1.14917
1.51857 1.3615 1.14762
1.51416 1.359 1.1472
1.51699 1.35593 1.14779
1.52127 1.35835 1.14814
1.51416 1.359 1.1472
1.51359 1.35868 1.14887
1.51647 1.35563 1.14938
1.51699 1.35593 1.14779
1.51359 1.35868 1.14887
1.51798 1.36116 1.14964
1.52071 1.35804 1.1501
1.51647 1.35563 1.14938
1.51798 1.36116 1.14964
1.52236 1.36364 1.15046
1.52495 1.36043 1.15086
1.52071 1.35804 1.1501
1.52236 1.36364 1.15046
1.52672 1.36611 1.15146
1.52916 1.36282 1.15179
1.52495 1.36043 1.15086
1.52672 1.36611 1.15146
1.53102 1.36854 1.15273
1.53332 1.36518 1.15297
1.52916 1.36282 1.15179
1.53735 1.36746 1.15463
1.53358 1.36532 1.15232
1.53591 1.36197 1.15256
1.53958 1.36404 1.15472
1.53358 1.36532 1.15232
1.52957 1.36305 1.15058
1.53204 1.35977 1.15092
1.53591 1.36197 1.15256
1.52957 1.36305 1.15058
1.52546 1.36072 1.14917
1.52807 1.35753 1.1496
1.53204 1.35977 1.15092
1.52546 1.36072 1.14917
1.52127 1.35835 1.14814
1.52403 1.35524 1.14865
1.52807 1.35753 1.1496
1.52127 1.35835 1.14814
1.51699 1.35593 1.14779
1.51992 1.35291 1.14835
1.52403 1.35524 1.14865
1.51699 1.35593 1.14779
1.51647 1.35563 1.14938
1.51943 1.35263 1.14986
1.51992 1.35291 1.14835
1.51647 1.35563 1.14938
1.52071 1.35804 1.1501
1.52351 1.35495 1.15054
1.51943 1.35263 1.14986
1.52071 1.35804 1.1501
1.52495 1.36043 1.15086
1.5276 1.35726 1.15125
1.52351 1.35495 1.15054
1.52495 1.36043 1.15086
1.52916 1.36282 1.15179
1.53166 1.35956 1.15212
1.5276 1.35726 1.15125
1.52916 1.36282 1.15179
1.53332 1.36518 1.15297
1.53567 1.36183 1.15321
1.53166 1.35956 1.15212
1.53958 1.36404 1.15472
1.53591 1.36197 1.15256
1.53828 1.35864 1.15279
1.54183 1.36064 1.15481
1.53591 1.36197 1.15256
1.53204 1.35977 1.15092
1.53456 1.35653 1.15126
1.53828 1.35864 1.15279
1.53204 1.35977 1.15092
1.52807 1.35753 1.1496
1.53075 1.35437 1.15002
1.53456 1.35653 1.15126
1.52807 1.35753 1.1496
1.52403 1.35524 1.14865
1.52686 1.35217 1.14914
1.53075 1.35437 1.15002
1.52403 1.35524 1.14865
1.51992 1.35291 1.14835
1.52291 1.34993 1.1489
1.52686 1.35217 1.14914
1.51992 1.35291 1.14835
1.51943 1.35263 1.14986
1.52246 1.34968 1.15033
1.52291 1.34993 1.1489
1.51943 1.35263 1.14986
1.52351 1.35495 1.15054
1.52638 1.3519 1.15095
1.52246 1.34968 1.15033
1.52351 1.35495 1.15054
1.5276 1.35726 1.15125
1.5303 1.35412 1.15162
1.52638 1.3519 1.15095
1.5276 1.35726 1.15125
1.53166 1.35956 1.15212
1.5342 1.35632 1.15242
1.5303 1.35412 1.15162
1.53166 1.35956 1.15212
1.53567 1.36183 1.15321
1.53806 1.35851 1.15343
1.5342 1.35632 1.15242
1.54183 1.36064 1.15481
1.53828 1.35864 1.15279
1.54069 1.35532 1.15302
1.5441 1.35725 1.1549
1.53828 1.35864 1.15279
1.53456 1.35653 1.15126
1.53712 1.3533 1.15158
1.54069 1.35532 1.15302
1.53456 1.35653 1.15126
1.53075 1.35437 1.15002
1.53347 1.35124 1.15043
1.53712 1.3533 1.15158
1.53075 1.35437 1.15002
1.52686 1.35217 1.14914
1.52976 1.34913 1.14962
1.53347 1.35124 1.15043
1.52686 1.35217 1.14914
1.52291 1.34993 1.1489
1.52598 1.347 1.14943
1.52976 1.34913 1.14962
1.52291 1.34993 1.1489
1.52246 1.34968 1.15033
1.52556 1.34676 1.15078
1.52598 1.347 1.14943
1.52246 1.34968 1.15033
1.52638 1.3519 1.15095
1.52931 1.34888 1.15136
1.52556 1.34676 1.15078
1.52638 1.3519 1.15095
1.5303 1.35412 1.15162
1.53306 1.351 1.15197
1.52931 1.34888 1.15136
1.5303 1.35412 1.15162
1.5342 1.35632 1.15242
1.53678 1.35311 1.15272
1.53306 1.351 1.15197
1.5342 1.35632 1.15242
1.53806 1.35851 1.15343
1.54048 1.3552 1.15365
1.53678 1.35311 1.15272
1.5441 1.35725 1.1549
1.54069 1.35532 1.15302
1.54313 1.35203 1.15325
1.54639 1.35388 1.15498
1.54069 1.35532 1.15302
1.53712 1.3533 1.15158
1.53972 1.3501 1.15191
1.54313 1.35203 1.15325
1.53712 1.3533 1.15158
1.53347 1.35124 1.15043
1.53625 1.34814 1.15084
1.53972 1.3501 1.15191
1.53347 1.35124 1.15043
1.52976 1.34913 1.14962
1.53271 1.34613 1.15009
1.53625 1.34814 1.15084
1.52976 1.34913 1.14962
1.52598 1.347 1.14943
1.52912 1.3441 1.14994
1.53271 1.34613 1.15009
1.52598 1.347 1.14943
1.52556 1.34676 1.15078
1.52873 1.34388 1.15122
1.52912 1.3441 1.14994
1.52556 1.34676 1.15078
1.52931 1.34888 1.15136
1.5323 1.3459 1.15175
1.52873 1.34388 1.15122
1.52931 1.34888 1.15136
1.53306 1.351 1.15197
1.53586 1.34792 1.15232
1.5323 1.3459 1.15175
1.53306 1.351 1.15197
1.53678 1.35311 1.15272
1.53941 1.34993 1.15301
1.53586 1.34792 1.15232
1.53678 1.35311 1.15272
1.54048 1.3552 1.15365
1.54293 1.35192 1.15385
1.53941 1.34993 1.15301
1.54639 1.35388 1.15498
1.54313 1.35203 1.15325
1.54559 1.34875 1.15347
1.5487 1.35051 1.15507
1.54313 1.35203 1.15325
1.53972 1.3501 1.15191
1.54237 1.34693 1.15223
1.54559 1.34875 1.15347
1.53972 1.3501 1.15191
1.53625 1.34814 1.15084
1.53907 1.34506 1.15123
1.54237 1.34693 1.15223
1.53625 1.34814 1.15084
1.53271 1.34613 1.15009
1.53572 1.34316 1.15055
1.53907 1.34506 1.15123
1.53271 1.34613 1.15009
1.52912 1.3441 1.14994
1.53232 1.34124 1.15043
1.53572 1.34316 1.15055
1.52912 1.3441 1.14994
1.52873 1.34388 1.15122
1.53196 1.34103 1.15163
1.53232 1.34124 1.15043
1.52873 1.34388 1.15122
1.5323 1.3459 1.15175
1.53534 1.34295 1.15212
1.53196 1.34103 1.15163
1.5323 1.3459 1.15175
1.53586 1.34792 1.15232
1.53871 1.34486 1.15265
1.53534 1.34295 1.15212
1.53586 1.34792 1.15232
1.53941 1.34993 1.15301
1.54208 1.34676 1.15328
1.53871 1.34486 1.15265
1.53941 1.34993 1.15301
1.54293 1.35192 1.15385
1.54541 1.34865 1.15406
1.54208 1.34676 1.15328
1.5487 1.35051 1.15507
1.54559 1.34875 1.15347
1.54809 1.34549 1.15369
1.55103 1.34716 1.15515
1.54559 1.34875 1.15347
1.54237 1.34693 1.15223
1.54505 1.34377 1.15254
1.54809 1.34549 1.15369
1.54237 1.34693 1.15223
1.53907 1.34506 1.15123
1.54194 1.34201 1.15162
1.54505 1.34377 1.15254
1.53907 1.34506 1.15123
1.53572 1.34316 1.15055
1.53878 1.34022 1.151
1.54194 1.34201 1.15162
1.53572 1.34316 1.15055
1.53232 1.34124 1.15043
1.53558 1.33841 1.1509
1.53878 1.34022 1.151
1.53232 1.34124 1.15043
1.53196 1.34103 1.15163
1.53525 1.33822 1.15203
1.53558 1.33841 1.1509
1.53196 1.34103 1.15163
1.53534 1.34295 1.15212
1.53843 1.34002 1.15248
1.53525 1.33822 1.15203
1.53534 1.34295 1.15212
1.53871 1.34486 1.15265
1.54161 1.34182 1.15296
1.53843 1.34002 1.15248
1.53871 1.34486 1.15265
1.54208 1.34676 1.15328
1.54478 1.34362 1.15354
1.54161 1.34182 1.15296
1.54208 1.34676 1.15328
1.54541 1.34865 1.15406
1.54793 1.3454 1.15425
1.54478 1.34362 1.15354
1.55103 1.34716 1.15515
1.54809 1.34549 1.15369
1.55061 1.34225 1.1539
1.55338 1.34381 1.15523
1.54809 1.34549 1.15369
1.54505 1.34377 1.15254
1.54776 1.34063 1.15285
1.55061 1.34225 1.1539
1.54505 1.34377 1.15254
1.54194 1.34201 1.15162
1.54485 1.33898 1.152
1.54776 1.34063 1.15285
1.54194 1.34201 1.15162
1.53878 1.34022 1.151
1.54189 1.33731 1.15143
1.54485 1.33898 1.152
1.53878 1.34022 1.151
1.53558 1.33841 1.1509
1.53889 1.33561 1.15136
1.54189 1.33731 1.15143
1.53558 1.33841 1.1509
1.53525 1.33822 1.15203
1.53859 1.33544 1.15242
1.53889 1.33561 1.15136
1.53525 1.33822 1.15203
1.53843 1.34002 1.15248
1.54157 1.33713 1.15282
1.53859 1.33544 1.15242
1.53843 1.34002 1.15248
1.54161 1.34182 1.15296
1.54455 1.33881 1.15327
1.54157 1.33713 1.15282
1.54161 1.34182 1.15296
1.54478 1.34362 1.15354
1.54751 1.34049 1.1538
1.54455 1.33881 1.15327
1.54478 1.34362 1.15354
1.54793 1.3454 1.15425
1.55046 1.34216 1.15444
1.54751 1.34049 1.1538
1.55338 1.34381 1.15523
1.55061 1.34225 1.1539
1.55316 1.33901 1.15411
1.55574 1.34048 1.15531
1.55061 1.34225 1.1539
1.54776 1.34063 1.15285
1.5505 1.33751 1.15314
1.55316 1.33901 1.15411
1.54776 1.34063 1.15285
1.54485 1.33898 1.152
1.54779 1.33598 1.15237
1.5505 1.33751 1.15314
1.54485 1.33898 1.152
1.54189 1.33731 1.15143
1.54504 1.33442 1.15186
1.54779 1.33598 1.15237
1.54189 1.33731 1.15143
1.53889 1.33561 1.15136
1.54226 1.33284 1.15181
1.54504 1.33442 1.15186
1.53889 1.33561 1.15136
1.53859 1.33544 1.15242
1.54198 1.33269 1.15279
1.54226 1.33284 1.15181
1.53859 1.33544 1.15242
1.54157 1.33713 1.15282
1.54475 1.33426 1.15315
1.54198 1.33269 1.15279
1.54157 1.33713 1.15282
1.54455 1.33881 1.15327
1.54752 1.33582 1.15356
1.54475 1.33426 1.15315
1.54455 1.33881 1.15327
1.54751 1.34049 1.1538
1.55028 1.33738 1.15404
1.54752 1.33582 1.15356
1.54751 1.34049 1.1538
1.55046 1.34216 1.15444
1.55302 1.33894 1.15461
1.55028 1.33738 1.15404
1.55574 1.34048 1.15531
1.55316 1.33901 1.15411
1.55573 1.33579 1.15431
1.55812 1.33715 1.15539
1.55316 1.33901 1.15411
1.5505 1.33751 1.15314
1.55327 1.3344 1.15344
1.55573 1.33579 1.15431
1.5505 1.33751 1.15314
1.54779 1.33598 1.15237
1.55078 1.33299 1.15274
1.55327 1.3344 1.15344
1.54779 1.33598 1.15237
1.54504 1.33442 1.15186
1.54824 1.33155 1.15227
1.55078 1.33299 1.15274
1.54504 1.33442 1.15186
1.54226 1.33284 1.15181
1.54567 1.3301 1.15224
1.54824 1.33155 1.15227
1.54226 1.33284 1.15181
1.54198 1.33269 1.15279
1.54543 1.32996 1.15314
1.54567 1.3301 1.15224
1.54198 1.33269 1.15279
1.54475 1.33426 1.15315
1.54798 1.33141 1.15347
1.54543 1.32996 1.15314
1.54475 1.33426 1.15315
1.54752 1.33582 1.15356
1.55053 1.33285 1.15384
1.54798 1.33141 1.15347
1.54752 1.33582 1.15356
1.55028 1.33738 1.15404
1.55307 1.33429 1.15427
1.55053 1.33285 1.15384
1.55028 1.33738 1.15404
1.55302 1.33894 1.15461
1.5556 1.33572 1.15478
1.55307 1.33429 1.15427
1.55812 1.33715 1.15539
1.55573 1.33579 1.15431
1.55831 1.33258 1.15451
1.56051 1.33383 1.15547
1.55573 1.33579 1.15431
1.55327 1.3344 1.15344
1.55607 1.33131 1.15372
1.55831 1.33258 1.15451
1.55327 1.3344 1.15344
1.55078 1.33299 1.15274
1.55379 1.33002 1.15309
1.55607 1.33131 1.15372
1.55078 1.33299 1.15274
1.54824 1.33155 1.15227
1.55147 1.32871 1.15268
1.55379 1.33002 1.15309
1.54824 1.33155 1.15227
1.54567 1.3301 1.15224
1.54913 1.32738 1.15266
1.55147 1.32871 1.15268
1.54567 1.3301 1.15224
1.54543 1.32996 1.15314
1.54891 1.32726 1.15348
1.54913 1.32738 1.15266
1.54543 1.32996 1.15314
1.54798 1.33141 1.15347
1.55124 1.32858 1.15378
1.54891 1.32726 1.15348
1.54798 1.33141 1.15347
1.55053 1.33285 1.15384
1.55357 1.3299 1.1541
1.55124 1.32858 1.15378
1.55053 1.33285 1.15384
1.55307 1.33429 1.15427
1.55589 1.33121 1.15449
1.55357 1.3299 1.1541
1.55307 1.33429 1.15427
1.5556 1.33572 1.15478
1.55821 1.33252 1.15495
1.55589 1.33121 1.15449
1.56051 1.33383 1.15547
1.55831 1.33258 1.15451
1.56092 1.32938 1.1547
1.56291 1.33051 1.15554
1.55831 1.33258 1.15451
1.55607 1.33131 1.15372
1.55889 1.32824 1.154
1.56092 1.32938 1.1547
1.55607 1.33131 1.15372
1.55379 1.33002 1.15309
1.55683 1.32707 1.15344
1.55889 1.32824 1.154
1.55379 1.33002 1.15309
1.55147 1.32871 1.15268
1.55474 1.32588 1.15307
1.55683 1.32707 1.15344
1.55147 1.32871 1.15268
1.54913 1.32738 1.15266
1.55262 1.32469 1.15307
1.55474 1.32588 1.15307
1.54913 1.32738 1.15266
1.54891 1.32726 1.15348
1.55243 1.32458 1.15381
1.55262 1.32469 1.15307
1.54891 1.32726 1.15348
1.55124 1.32858 1.15378
1.55454 1.32577 1.15407
1.55243 1.32458 1.15381
1.55124 1.32858 1.15378
1.55357 1.3299 1.1541
1.55664 1.32696 1.15436
1.55454 1.32577 1.15407
1.55357 1.3299 1.1541
1.55589 1.33121 1.15449
1.55874 1.32815 1.1547
1.55664 1.32696 1.15436
1.55589 1.33121 1.15449
1.55821 1.33252 1.15495
1.56083 1.32933 1.1551
1.55874 1.32815 1.1547
1.56291 1.33051 1.15554
1.56092 1.32938 1.1547
1.56344 1.32634 1.15487
1.56522 1.32734 1.15561
1.56092 1.32938 1.1547
1.55889 1.32824 1.154
1.56162 1.32531 1.15425
1.56344 1.32634 1.15487
1.55889 1.32824 1.154
1.55683 1.32707 1.15344
1.55978 1.32426 1.15376
1.56162 1.32531 1.15425
1.55683 1.32707 1.15344
1.55474 1.32588 1.15307
1.5579 1.3232 1.15344
1.55978 1.32426 1.15376
1.55474 1.32588 1.15307
1.55262 1.32469 1.15307
1.55601 1.32213 1.15344
1.5579 1.3232 1.15344
1.55262 1.32469 1.15307
1.55243 1.32458 1.15381
1.55584 1.32203 1.15411
1.55601 1.32213 1.15344
1.55243 1.32458 1.15381
1.55454 1.32577 1.15407
1.55772 1.3231 1.15433
1.55584 1.32203 1.15411
1.55454 1.32577 1.15407
1.55664 1.32696 1.15436
1.55961 1.32417 1.15458
1.55772 1.3231 1.15433
1.55664 1.32696 1.15436
1.55874 1.32815 1.1547
1.56149 1.32523 1.15488
1.55961 1.32417 1.15458
1.55874 1.32815 1.1547
1.56083 1.32933 1.1551
1.56336 1.32629 1.15523
1.56149 1.32523 1.15488
1.56522 1.32734 1.15561
1.56344 1.32634 1.15487
1.56411 1.32563 1.15492
1.56583 1.32661 1.15563
1.56344 1.32634 1.15487
1.56162 1.32531 1.15425
1.56236 1.32464 1.15433
1.56411 1.32563 1.15492
1.56162 1.32531 1.15425
1.55978 1.32426 1.15376
1.56058 1.32363 1.15385
1.56236 1.32464 1.15433
1.55978 1.32426 1.15376
1.5579 1.3232 1.15344
1.55877 1.32261 1.15354
1.56058 1.32363 1.15385
1.5579 1.3232 1.15344
1.55601 1.32213 1.15344
1.55694 1.32157 1.15355
1.55877 1.32261 1.15354
1.55601 1.32213 1.15344
1.55584 1.32203 1.15411
1.55678 1.32148 1.1542
1.55694 1.32157 1.15355
1.55584 1.32203 1.15411
1.55772 1.3231 1.15433
1.5586 1.32251 1.15441
1.55678 1.32148 1.1542
1.55772 1.3231 1.15433
1.55961 1.32417 1.15458
1.56041 1.32354 1.15465
1.5586 1.32251 1.15441
1.55961 1.32417 1.15458
1.56149 1.32523 1.15488
1.56222 1.32456 1.15494
1.56041 1.32354 1.15465
1.56149 1.32523 1.15488
1.56336 1.32629 1.15523
1.56403 1.32559 1.15527
1.56222 1.32456 1.15494
1.56583 1.32661 1.15563
1.56411 1.32563 1.15492
1.56472 1.3251 1.15498
1.56638 1.32603 1.15566
1.56411 1.32563 1.15492
1.56236 1.32464 1.15433
1.56304 1.32414 1.15441
1.56472 1.3251 1.15498
1.56236 1.32464 1.15433
1.56058 1.32363 1.15385
1.56132 1.32317 1.15395
1.56304 1.32414 1.15441
1.56058 1.32363 1.15385
1.55877 1.32261 1.15354
1.55958 1.32218 1.15366
1.56132 1.32317 1.15395
1.55877 1.32261 1.15354
1.55694 1.32157 1.15355
1.55782 1.32119 1.15367
1.55958 1.32218 1.15366
1.55694 1.32157 1.15355
1.55678 1.32148 1.1542
1.55766 1.3211 1.15429
1.55782 1.32119 1.15367
1.55678 1.32148 1.1542
1.5586 1.32251 1.15441
1.55941 1.32209 1.15449
1.55766 1.3211 1.15429
1.5586 1.32251 1.15441
1.56041 1.32354 1.15465
1.56116 1.32308 1.15472
1.55941 1.32209 1.15449
1.56041 1.32354 1.15465
1.56222 1.32456 1.15494
1.56291 1.32407 1.155
1.56116 1.32308 1.15472
1.56222 1.32456 1.15494
1.56403 1.32559 1.15527
1.56465 1.32505 1.15531
1.56291 1.32407 1.155
1.56638 1.32603 1.15566
1.56472 1.3251 1.15498
1.56541 1.3246 1.15505
1.56699 1.32549 1.1557
1.56472 1.3251 1.15498
1.56304 1.32414 1.15441
1.5638 1.32369 1.15451
1.56541 1.3246 1.15505
1.56304 1.32414 1.15441
1.56132 1.32317 1.15395
1.56216 1.32276 1.15407
1.5638 1.32369 1.15451
1.56132 1.32317 1.15395
1.55958 1.32218 1.15366
1.5605 1.32182 1.15379
1.56216 1.32276 1.15407
1.55958 1.32218 1.15366
1.55782 1.32119 1.15367
1.55882 1.32087 1.1538
1.5605 1.32182 1.15379
1.55782 1.32119 1.15367
1.55766 1.3211 1.15429
1.55867 1.32078 1.1544
1.55882 1.32087 1.1538
1.55766 1.3211 1.15429
1.55941 1.32209 1.15449
1.56034 1.32173 1.15459
1.55867 1.32078 1.1544
1.55941 1.32209 1.15449
1.56116 1.32308 1.15472
1.56201 1.32267 1.15481
1.56034 1.32173 1.15459
1.56116 1.32308 1.15472
1.56291 1.32407 1.155
1.56368 1.32362 1.15507
1.56201 1.32267 1.15481
1.56291 1.32407 1.155
1.56465 1.32505 1.15531
1.56533 1.32456 1.15537
1.56368 1.32362 1.15507
1.56699 1.32549 1.1557
1.56541 1.3246 1.15505
1.56617 1.32414 1.15514
1.56766 1.32499 1.15575
1.56541 1.3246 1.15505
1.5638 1.32369 1.15451
1.56465 1.32328 1.15463
1.56617 1.32414 1.15514
1.5638 1.32369 1.15451
1.56216 1.32276 1.15407
1.56311 1.32241 1.15422
1.56465 1.32328 1.15463
1.56216 1.32276 1.15407
1.5605 1.32182 1.15379
1.56154 1.32153 1.15396
1.56311 1.32241 1.15422
1.5605 1.32182 1.15379
1.55882 1.32087 1.1538
1.55996 1.32063 1.15397
1.56154 1.32153 1.15396
1.55882 1.32087 1.1538
1.55867 1.32078 1.1544
1.55982 1.32055 1.15453
1.55996 1.32063 1.15397
1.55867 1.32078 1.1544
1.56034 1.32173 1.15459
1.5614 1.32144 1.15471
1.55982 1.32055 1.15453
1.56034 1.32173 1.15459
1.56201 1.32267 1.15481
1.56297 1.32233 1.15492
1.5614 1.32144 1.15471
1.56201 1.32267 1.15481
1.56368 1.32362 1.15507
1.56454 1.32322 1.15516
1.56297 1.32233 1.15492
1.56368 1.32362 1.15507
1.56533 1.32456 1.15537
1.5661 1.3241 1.15544
1.56454 1.32322 1.15516
1.56766 1.32499 1.15575
1.56617 1.32414 1.15514
1.56702 1.32374 1.15525
1.5684 1.32452 1.15581
1.56617 1.32414 1.15514
1.56465 1.32328 1.15463
1.56561 1.32295 1.15478
1.56702 1.32374 1.15525
1.56465 1.32328 1.15463
1.56311 1.32241 1.15422
1.56419 1.32214 1.1544
1.56561 1.32295 1.15478
1.56311 1.32241 1.15422
1.56154 1.32153 1.15396
1.56274 1.32132 1.15416
1.56419 1.32214 1.1544
1.56154 1.32153 1.15396
1.55996 1.32063 1.15397
1.56127 1.32049 1.15417
1.56274 1.32132 1.15416
1.55996 1.32063 1.15397
1.55982 1.32055 1.15453
1.56114 1.32041 1.15469
1.56127 1.32049 1.15417
1.55982 1.32055 1.15453
1.5614 1.32144 1.15471
1.5626 1.32124 1.15486
1.56114 1.32041 1.15469
1.5614 1.32144 1.15471
1.56297 1.32233 1.15492
1.56406 1.32206 1.15504
1.5626 1.32124 1.15486
1.56297 1.32233 1.15492
1.56454 1.32322 1.15516
1.56551 1.32289 1.15527
1.56406 1.32206 1.15504
1.56454 1.32322 1.15516
1.5661 1.3241 1.15544
1.56696 1.32371 1.15553
1.56551 1.32289 1.15527
1.5684 1.32452 1.15581
1.56702 1.32374 1.15525
1.56799 1.32341 1.15538
1.56924 1.32412 1.15589
1.56702 1.32374 1.15525
1.56561 1.32295 1.15478
1.56672 1.32269 1.15496
1.56799 1.32341 1.15538
1.56561 1.32295 1.15478
1.56419 1.32214 1.1544
1.56543 1.32196 1.15462
1.56672 1.32269 1.15496
1.56419 1.32214 1.1544
1.56274 1.32132 1.15416
1.56413 1.32122 1.1544
1.56543 1.32196 1.15462
1.56274 1.32132 1.15416
1.56127 1.32049 1.15417
1.56281 1.32047 1.15441
1.56413 1.32122 1.1544
1.56127 1.32049 1.15417
1.56114 1.32041 1.15469
1.56269 1.3204 1.15488
1.56281 1.32047 1.15441
1.56114 1.32041 1.15469
1.5626 1.32124 1.15486
1.564 1.32115 1.15503
1.56269 1.3204 1.15488
1.5626 1.32124 1.15486
1.56406 1.32206 1.15504
1.56532 1.32189 1.1552
1.564 1.32115 1.15503
1.56406 1.32206 1.15504
1.56551 1.32289 1.15527
1.56663 1.32264 1.1554
1.56532 1.32189 1.1552
1.56551 1.32289 1.15527
1.56696 1.32371 1.15553
1.56794 1.32338 1.15563
1.56663 1.32264 1.1554
1.56924 1.32412 1.15589
1.56799 1.32341 1.15538
1.56914 1.32317 1.15555
1.57022 1.32379 1.15599
1.56799 1.32341 1.15538
1.56672 1.32269 1.15496
1.56804 1.32255 1.15518
1.56914 1.32317 1.15555
1.56672 1.32269 1.15496
1.56543 1.32196 1.15462
1.56692 1.32192 1.15489
1.56804 1.32255 1.15518
1.56543 1.32196 1.15462
1.56413 1.32122 1.1544
1.56579 1.32128 1.15471
1.56692 1.32192 1.15489
1.56413 1.32122 1.1544
1.56281 1.32047 1.15441
1.56465 1.32063 1.15472
1.56579 1.32128 1.15471
1.56281 1.32047 1.15441
1.56269 1.3204 1.15488
1.56454 1.32057 1.15512
1.56465 1.32063 1.15472
1.56269 1.3204 1.15488
1.564 1.32115 1.15503
1.56568 1.32122 1.15525
1.56454 1.32057 1.15512
1.564 1.32115 1.15503
1.56532 1.32189 1.1552
1.56682 1.32186 1.1554
1.56568 1.32122 1.15525
1.56532 1.32189 1.1552
1.56663 1.32264 1.1554
1.56796 1.32251 1.15557
1.56682 1.32186 1.1554
1.56663 1.32264 1.1554
1.56794 1.32338 1.15563
1.56909 1.32315 1.15577
1.56796 1.32251 1.15557
1.57022 1.32379 1.15599
1.56914 1.32317 1.15555
1.57059 1.32311 1.15579
1.57145 1.3236 1.15613
1.56914 1.32317 1.15555
1.56804 1.32255 1.15518
1.56972 1.32262 1.1555
1.57059 1.32311 1.15579
1.56804 1.32255 1.15518
1.56692 1.32192 1.15489
1.56884 1.32212 1.15527
1.56972 1.32262 1.1555
1.56692 1.32192 1.15489
1.56579 1.32128 1.15471
1.56794 1.32161 1.15512
1.56884 1.32212 1.15527
1.56579 1.32128 1.15471
1.56465 1.32063 1.15472
1.56703 1.3211 1.15513
1.56794 1.32161 1.15512
1.56465 1.32063 1.15472
1.56454 1.32057 1.15512
1.56695 1.32105 1.15545
1.56703 1.3211 1.15513
1.56454 1.32057 1.15512
1.56568 1.32122 1.15525
1.56786 1.32156 1.15555
1.56695 1.32105 1.15545
1.56568 1.32122 1.15525
1.56682 1.32186 1.1554
1.56876 1.32207 1.15566
1.56786 1.32156 1.15555
1.56682 1.32186 1.1554
1.56796 1.32251 1.15557
1.56966 1.32258 1.1558
1.56876 1.32207 1.15566
1.56796 1.32251 1.15557
1.56909 1.32315 1.15577
1.57055 1.32309 1.15596
1.56966 1.32258 1.1558
1.57145 1.3236 1.15613
1.57059 1.32311 1.15579
1.57284 1.3235 1.15619
1.57332 1.32377 1.15638
1.57059 1.32311 1.15579
1.56972 1.32262 1.1555
1.57235 1.32322 1.15603
1.57284 1.3235 1.15619
1.56972 1.32262 1.1555
1.56884 1.32212 1.15527
1.57185 1.32294 1.1559
1.57235 1.32322 1.15603
1.56884 1.32212 1.15527
1.56794 1.32161 1.15512
1.57135 1.32266 1.15582
1.57185 1.32294 1.1559
1.56794 1.32161 1.15512
1.56703 1.3211 1.15513
1.57085 1.32237 1.15582
1.57135 1.32266 1.15582
1.56703 1.3211 1.15513
1.56695 1.32105 1.15545
1.5708 1.32235 1.156
1.57085 1.32237 1.15582
1.56695 1.32105 1.15545
1.56786 1.32156 1.15555
1.57131 1.32263 1.15606
1.5708 1.32235 1.156
1.56786 1.32156 1.15555
1.56876 1.32207 1.15566
1.57181 1.32292 1.15612
1.57131 1.32263 1.15606
1.56876 1.32207 1.15566
1.56966 1.32258 1.1558
1.57231 1.3232 1.1562
1.57181 1.32292 1.15612
1.56966 1.32258 1.1558
1.57055 1.32309 1.15596
1.57282 1.32349 1.15629
1.57231 1.3232 1.1562
1.57332 1.32377 1.15638
1.57284 1.3235 1.15619
1.57523 1.32406 1.15663
1.5753 1.3241 1.15666
1.57284 1.3235 1.15619
1.57235 1.32322 1.15603
1.57516 1.32402 1.15661
1.57523 1.32406 1.15663
1.57235 1.32322 1.15603
1.57185 1.32294 1.1559
1.57509 1.32398 1.15659
1.57516 1.32402 1.15661
1.57185 1.32294 1.1559
1.57135 1.32266 1.15582
1.57502 1.32394 1.15658
1.57509 1.32398 1.15659
1.57135 1.32266 1.15582
1.57085 1.32237 1.15582
1.57495 1.3239 1.15658
1.57502 1.32394 1.15658
1.57085 1.32237 1.15582
1.5708 1.32235 1.156
1.57494 1.32389 1.1566
1.57495 1.3239 1.15658
1.5708 1.32235 1.156
1.57131 1.32263 1.15606
1.57501 1.32393 1.15661
1.57494 1.32389 1.1566
1.57131 1.32263 1.15606
1.57181 1.32292 1.15612
1.57509 1.32397 1.15662
1.57501 1.32393 1.15661
1.57181 1.32292 1.15612
1.57231 1.3232 1.1562
1.57516 1.32401 1.15663
1.57509 1.32397 1.15662
1.57231 1.3232 1.1562
1.57282 1.32349 1.15629
1.57523 1.32406 1.15664
1.57516 1.32401 1.15663
1.49889 1.42795 1.15023
1.5017 1.42954 1.1527
1.50304 1.42739 1.15266
1.5001 1.42573 1.14989
1.5001 1.42573 1.14989
1.50304 1.42739 1.15266
1.50505 1.42396 1.15274
1.50186 1.42215 1.14965
1.50186 1.42215 1.14965
1.50505 1.42396 1.15274
1.50702 1.4204 1.15294
1.50351 1.41841 1.14971
1.50351 1.41841 1.14971
1.50702 1.4204 1.15294
1.50896 1.41682 1.15317
1.50513 1.41465 1.14992
1.50513 1.41465 1.14992
1.50896 1.41682 1.15317
1.51092 1.41325 1.15335
1.50681 1.41093 1.15013
1.50681 1.41093 1.15013
1.51092 1.41325 1.15335
1.51287 1.40968 1.15351
1.50855 1.40724 1.15035
1.50855 1.40724 1.15035
1.51287 1.40968 1.15351
1.51481 1.40611 1.15364
1.51034 1.40358 1.15057
1.51034 1.40358 1.15057
1.51481 1.40611 1.15364
1.51675 1.40253 1.15374
1.51218 1.39994 1.15079
1.51218 1.39994 1.15079
1.51675 1.40253 1.15374
1.51867 1.39895 1.15383
1.51406 1.39634 1.151
1.51406 1.39634 1.151
1.51867 1.39895 1.15383
1.52061 1.39537 1.15391
1.516 1.39276 1.15122
1.516 1.39276 1.15122
1.52061 1.39537 1.15391
1.52259 1.39182 1.154
1.51801 1.38922 1.15143
1.51801 1.38922 1.15143
1.52259 1.39182 1.154
1.5246 1.38828 1.15408
1.52006 1.38571 1.15164
1.52006 1.38571 1.15164
1.5246 1.38828 1.15408
1.52665 1.38477 1.15418
1.52216 1.38223 1.15186
1.52216 1.38223 1.15186
1.52665 1.38477 1.15418
1.52873 1.38127 1.15427
1.52431 1.37877 1.15206
1.52431 1.37877 1.15206
1.52873 1.38127 1.15427
1.53084 1.37779 1.15436
1.52651 1.37534 1.15227
1.52651 1.37534 1.15227
1.53084 1.37779 1.15436
1.53298 1.37433 1.15445
1.52875 1.37193 1.15248
1.52875 1.37193 1.15248
1.53298 1.37433 1.15445
1.53516 1.37089 1.15454
1.53102 1.36854 1.15273
1.53102 1.36854 1.15273
1.53516 1.37089 1.15454
1.53735 1.36746 1.15463
1.53332 1.36518 1.15297
1.53332 1.36518 1.15297
1.53735 1.36746 1.15463
1.53958 1.36404 1.15472
1.53567 1.36183 1.15321
1.53567 1.36183 1.15321
1.53958 1.36404 1.15472
1.54183 1.36064 1.15481
1.53806 1.35851 1.15343
1.53806 1.35851 1.15343
1.54183 1.36064 1.15481
1.5441 1.35725 1.1549
1.54048 1.3552 1.15365
1.54048 1.3552 1.15365
1.5441 1.35725 1.1549
1.54639 1.35388 1.15498
1.54293 1.35192 1.15385
1.54293 1.35192 1.15385
1.54639 1.35388 1.15498
1.5487 1.35051 1.15507
1.54541 1.34865 1.15406
1.54541 1.34865 1.15406
1.5487 1.35051 1.15507
1.55103 1.34716 1.15515
1.54793 1.3454 1.15425
1.54793 1.3454 1.15425
1.55103 1.34716 1.15515
1.55338 1.34381 1.15523
1.55046 1.34216 1.15444
1.55046 1.34216 1.15444
1.55338 1.34381 1.15523
1.55574 1.34048 1.15531
1.55302 1.33894 1.15461
1.55302 1.33894 1.15461
1.55574 1.34048 1.15531
1.55812 1.33715 1.15539
1.5556 1.33572 1.15478
1.5556 1.33572 1.15478
1.55812 1.33715 1.15539
1.56051 1.33383 1.15547
1.55821 1.33252 1.15495
1.55821 1.33252 1.15495
1.56051 1.33383 1.15547
1.56291 1.33051 1.15554
1.56083 1.32933 1.1551
1.56083 1.32933 1.1551
1.56291 1.33051 1.15554
1.56522 1.32734 1.15561
1.56336 1.32629 1.15523
1.56336 1.32629 1.15523
1.56522 1.32734 1.15561
1.56583 1.32661 1.15563
1.56403 1.32559 1.15527
1.56403 1.32559 1.15527
1.56583 1.32661 1.15563
1.56638 1.32603 1.15566
1.56465 1.32505 1.15531
1.56465 1.32505 1.15531
1.56638 1.32603 1.15566
1.56699 1.32549 1.1557
1.56533 1.32456 1.15537
1.56533 1.32456 1.15537
1.56699 1.32549 1.1557
1.56766 1.32499 1.15575
1.5661 1.3241 1.15544
1.5661 1.3241 1.15544
1.56766 1.32499 1.15575
1.5684 1.32452 1.15581
1.56696 1.32371 1.15553
1.56696 1.32371 1.15553
1.5684 1.32452 1.15581
1.56924 1.32412 1.15589
1.56794 1.32338 1.15563
1.56794 1.32338 1.15563
1.56924 1.32412 1.15589
1.57022 1.32379 1.15599
1.56909 1.32315 1.15577
1.56909 1.32315 1.15577
1.57022 1.32379 1.15599
1.57145 1.3236 1.15613
1.57055 1.32309 1.15596
1.57055 1.32309 1.15596
1.57145 1.3236 1.15613
1.57332 1.32377 1.15638
1.57282 1.32349 1.15629
1.57282 1.32349 1.15629
1.57332 1.32377 1.15638
1.5753 1.3241 1.15666
1.57523 1.32406 1.15664
1.4933 1.4528 1.1555
1.4933 1.4528 1.1555
1.4933 1.4528 1.1555
1.4933 1.4528 1.1555
1.4933 1.4528 1.1555
1.4933 1.4528 1.1555
1.4933 1.4528 1.1555
1.4933 1.4528 1.1555
1.4933 1.4528 1.1555
1.4933 1.4528 1.1555
1.4933 1.4528 1.1555
1.4933 1.4528 1.1555
1.4933 1.4528 1.1555
1.4933 1.4528 1.1555
1.4933 1.4528 1.1555
1.4933 1.4528 1.1555
1.4933 1.4528 1.1555
1.4933 1.4528 1.1555
1.4933 1.4528 1.1555
1.4933 1.4528 1.1555
1.4933 1.4528 1.1555
1.4933 1.4528 1.1555
1.4933 1.4528 1.1555
1.4933 1.4528 1.1555
1.4933 1.4528 1.1555
1.4933 1.4528 1.1555
1.4933 1.4528 1.1555
1.4933 1.4528 1.1555
1.4933 1.4528 1.1555
1.4933 1.4528 1.1555
1.4933 1.4528 1.1555
1.4933 1.4528 1.1555
1.4933 1.4528 1.1555
1.4933 1.4528 1.1555
1.4933 1.4528 1.1555
1.4933 1.4528 1.1555
1.4933 1.4528 1.1555
1.4933 1.4528 1.1555
1.4933 1.4528 1.1555
1.4933 1.4528 1.1555
1.4933 1.4528 1.1555
1.4933 1.4528 1.1555
1.4933 1.4528 1.1555
1.4933 1.4528 1.1555
1.4933 1.4528 1.1555
1.4933 1.4528 1.1555
1.4933 1.4528 1.1555
1.4933 1.4528 1.1555
1.4933 1.4528 1.1555
1.4933 1.4528 1.1555
1.4933 1.4528 1.1555
1.4933 1.4528 1.1555
1.4933 1.4528 1.1555
1.4933 1.4528 1.1555
1.4933 1.4528 1.1555
1.4933 1.4528 1.1555
1.4933 1.4528 1.1555
1.4933 1.4528 1.1555
1.4933 1.4528 1.1555
1.4933 1.4528 1.1555
1.4933 1.4528 1.1555
1.4933 1.4528 1.1555
1.4933 1.4528 1.1555
1.4933 1.4528 1.1555
1.4933 1.4528 1.1555
1.4933 1.4528 1.1555
1.4933 1.4528 1.1555
1.4933 1.4528 1.1555
1.4933 1.4528 1.1555
1.4933 1.4528 1.1555
1.4933 1.4528 1.1555
1.4933 1.4528 1.1555
1.4933 1.4528 1.1555
1.4933 1.4528 1.1555
1.4933 1.4528 1.1555
1.4933 1.4528 1.1555
1.4933 1.4528 1.1555
1.4933 1.4528 1.1555
1.4933 1.4528 1.1555
1.4933 1.4528 1.1555
1.4933 1.4528 1.1555
1.4933 1.4528 1.1555
1.4933 1.4528 1.1555
1.4933 1.4528 1.1555
1.4933 1.4528 1.1555
1.4933 1.4528 1.1555
1.4933 1.4528 1.1555
1.4933 1.4528 1.1555
CELLS 924 4620
4 0 1 2 3
4 4 5 6 7
4 8 9 10 11
4 12 13 14 15
4 16 17 18 19
4 20 21 22 23
4 24 25 26 27
4 28 29 30 31
4 32 33 34 35
4 36 37 38 39
4 40 41 42 43
4 44 45 46 47
4 48 49 50 51
4 52 53 54 55
4 56 57 58 59
4 60 61 62 63
4 64 65 66 67
4 68 69 70 71
4 72 73 74 75
4 76 77 78 79
4 80 81 82 83
4 84 85 86 87
4 88 89 90 91
4 92 93 94 95
4 96 97 98 99
4 100 101 102 103
4 104 105 106 107
4 108 109 110 111
4 112 113 114 115
4 116 117 118 119
4 120 121 122 123
4 124 125 126 127
4 128 129 130 131
4 132 133 134 135
4 136 137 138 139
4 140 141 142 143
4 144 145 146 147
4 148 149 150 151
4 152 153 154 155
4 156 157 158 159
4 160 161 162 163
4 164 165 166 167
4 168 169 170 171
4 172 173 174 175
4 176 177 178 179
4 180 181 182 183
4 184 185 186 187
4 188 189 190 191
4 192 193 194 195
4 196 197 198 199
4 200 201 202 203
4 204 205 206 207
4 208 209 210 211
4 212 213 214 215
4 216 217 218 219
4 220 221 222 223
4 224 225 226 227
4 228 229 230 231
4 232 233 234 235
4 236 237 238 239
4 240 241 242 243
4 244 245 246 247
4 248 249 250 251
4 252 253 254 255
4 256 257 258 259
4 260 261 262 263
4 264 265 266 267
4 268 269 270 271
4 272 273 274 275
4 276 277 278 279
4 280 281 282 283
4 284 285 286 287
4 288 289 290 291
4 292 293 294 295
4 296 297 298 299
4 300 301 302 303
4 304 305 306 307
4 308 309 310 311
4 312 313 314 315
4 316 317 318 319
4 320 321 322 323
4 324 325 326 327
4 328 329 330 331
4 332 333 334 335
4 336 337 338 339
4 340 341 342 343
4 344 345 346 347
4 348 349 350 351
4 352 353 354 355
4 356 357 358 359
4 360 361 362 363
4 364 365 366 367
4 368 369 370 371
4 372 373 374 375
4 376 377 378 379
4 380 381 382 383
4 384 385 386 387
4 388 389 390 391
4 392 393 394 395
4 396 397 398 399
4 400 401 402 403
4 404 405 406 407
4 408 409 410 411
4 412 413 414 415
4 416 417 418 419
4 420 421 422 423
4 424 425 426 427
4 428 429 430 431
4 432 433 434 435
4 436 437 438 439
4 440 441 442 443
4 444 445 446 447
4 448 449 450 451
4 452 453 454 455
4 456 457 458 459
4 460 461 462 463
4 464 465 466 467
4 468 469 470 471
4 472 473 474 475
4 476 477 478 479
4 480 481 482 483
4 484 485 486 487
4 488 489 490 491
4 492 493 494 495
4 496 497 498 499
4 500 501 502 503
4 504 505 506 507
4 508 509 510 511
4 512 513 514 515
4 516 517 518 519
4 520 521 522 523
4 524 525 526 527
4 528 529 530 531
4 532 533 534 535
4 536 537 538 539
4 540 541 542 543
4 544 545 546 547
4 548 549 550 551
4 552 553 554 555
4 556 557 558 559
4 560 561 562 563
4 564 565 566 567
4 568 569 570 571
4 572 573 574 575
4 576 577 578 579
4 580 581 582 583
4 584 585 586 587
4 588 589 590 591
4 592 593 594 595
4 596 597 598 599
4 600 601 602 603
4 604 605 606 607
4 608 609 610 611
4 612 613 614 615
4 616 617 618 619
4 620 621 622 623
4 624 625 626 627
4 628 629 630 631
4 632 633 634 635
4 636 637 638 639
4 640 641 642 643
4 644 645 646 647
4 648 649 650 651
4 652 653 654 655
4 656 657 658 659
4 660 661 662 663
4 664 665 666 667
4 668 669 670 671
4 672 673 674 675
4 676 677 678 679
4 680 681 682 683
4 684 685 686 687
4 688 689 690 691
4 692 693 694 695
4 696 697 698 699
4 700 701 702 703
4 704 705 706 707
4 708 709 710 711
4 712 713 714 715
4 716 717 718 719
4 720 721 722 723
4 724 725 726 727
4 728 729 730 731
4 732 733 734 735
4 736 737 738 739
4 740 741 742 743
4 744 745 746 747
4 748 749 750 751
4 752 753 754 755
4 756 757 758 759
4 760 761 762 763
4 764 765 766 767
4 768 769 770 771
4 772 773 774 775
4 776 777 778 779
4 780 781 782 783
4 784 785 786 787
4 788 789 790 791
4 792 793 794 795
4 796 797 798 799
4 800 801 802 803
4 804 805 806 807
4 808 809 810 811
4 812 813 814 815
4 816 817 818 819
4 820 821 822 823
4 824 825 826 827
4 828 829 830 831
4 832 833 834 835
4 836 837 838 839
4 840 841 842 843
4 844 845 846 847
4 848 849 850 851
4 852 853 854 855
4 856 857 858 859
4 860 861 862 863
4 864 865 866 867
4 868 869 870 871
4 872 873 874 875
4 876 877 878 879
4 880 881 882 883
4 884 885 886 887
4 888 889 890 891
4 892 893 894 895
4 896 897 898 899
4 900 901 902 903
4 904 905 906 907
4 908 909 910 911
4 912 913 914 915
4 916 917 918 919
4 920 921 922 923
4 924 925 926 927
4 928 929 930 931
4 932 933 934 935
4 936 937 938 939
4 940 941 942 943
4 944 945 946 947
4 948 949 950 951
4 952 953 954 955
4 956 957 958 959
4 960 961 962 963
4 964 965 966 967
4 968 969 970 971
4 972 973 974 975
4 976 977 978 979
4 980 981 982 983
4 984 985 986 987
4 988 989 990 991
4 992 993 994 995
4 996 997 998 999
4 1000 1001 1002 1003
4 1004 1005 1006 1007
4 1008 1009 1010 1011
4 1012 1013 1014 1015
4 1016 1017 1018 1019
4 1020 1021 1022 1023
4 1024 1025 1026 1027
4 1028 1029 1030 1031
4 1032 1033 1034 1035
4 1036 1037 1038 1039
4 1040 1041 1042 1043
4 1044 1045 1046 1047
4 1048 1049 1050 1051
4 1052 1053 1054 1055
4 1056 1057 1058 1059
4 1060 1061 1062 1063
4 1064 1065 1066 1067
4 1068 1069 1070 1071
4 1072 1073 1074 1075
4 1076 1077 1078 1079
4 1080 1081 1082 1083
4 1084 1085 1086 1087
4 1088 1089 1090 1091
4 1092 1093 1094 1095
4 1096 1097 1098 1099
4 1100 1101 1102 1103
4 1104 1105 1106 1107
4 1108 1109 1110 1111
4 1112 1113 1114 1115
4 1116 1117 1118 1119
4 1120 1121 1122 1123
4 1124 1125 1126 1127
4 1128 1129 1130 1131
4 1132 1133 1134 1135
4 1136 1137 1138 1139
4 1140 1141 1142 1143
4 1144 1145 1146 1147
4 1148 1149 1150 1151
4 1152 1153 1154 1155
4 1156 1157 1158 1159
4 1160 1161 1162 1163
4 1164 1165 1166 1167
4 1168 1169 1170 1171
4 1172 1173 1174 1175
4 1176 1177 1178 1179
4 1180 1181 1182 1183
4 1184 1185 1186 1187
4 1188 1189 1190 1191
4 1192 1193 1194 1195
4 1196 1197 1198 1199
4 1200 1201 1202 1203
4 1204 1205 1206 1207
4 1208 1209 1210 1211
4 1212 1213 1214 1215
4 1216 1217 1218 1219
4 1220 1221 1222 1223
4 1224 1225 1226 1227
4 1228 1229 1230 1231
4 1232 1233 1234 1235
4 1236 1237 1238 1239
4 1240 1241 1242 1243
4 1244 1245 1246 1247
4 1248 1249 1250 1251
4 1252 1253 1254 1255
4 1256 1257 1258 1259
4 1260 1261 1262 1263
4 1264 1265 1266 1267
4 1268 1269 1270 1271
4 1272 1273 1274 1275
4 1276 1277 1278 1279
4 1280 1281 1282 1283
4 1284 1285 1286 1287
4 1288 1289 1290 1291
4 1292 1293 1294 1295
4 1296 1297 1298 1299
4 1300 1301 1302 1303
4 1304 1305 1306 1307
4 1308 1309 1310 1311
4 1312 1313 1314 1315
4 1316 1317 1318 1319
4 1320 1321 1322 1323
4 1324 1325 1326 1327
4 1328 1329 1330 1331
4 1332 1333 1334 1335
4 1336 1337 1338 1339
4 1340 1341 1342 1343
4 1344 1345 1346 1347
4 1348 1349 1350 1351
4 1352 1353 1354 1355
4 1356 1357 1358 1359
4 1360 1361 1362 1363
4 1364 1365 1366 1367
4 1368 1369 1370 1371
4 1372 1373 1374 1375
4 1376 1377 1378 1379
4 1380 1381 1382 1383
4 1384 1385 1386 1387
4 1388 1389 1390 1391
4 1392 1393 1394 1395
4 1396 1397 1398 1399
4 1400 1401 1402 1403
4 1404 1405 1406 1407
4 1408 1409 1410 1411
4 1412 1413 1414 1415
4 1416 1417 1418 1419
4 1420 1421 1422 1423
4 1424 1425 1426 1427
4 1428 1429 1430 1431
4 1432 1433 1434 1435
4 1436 1437 1438 1439
4 1440 1441 1442 1443
4 1444 1445 1446 1447
4 1448 1449 1450 1451
4 1452 1453 1454 1455
4 1456 1457 1458 1459
4 1460 1461 1462 1463
4 1464 1465 1466 1467
4 1468 1469 1470 1471
4 1472 1473 1474 1475
4 1476 1477 1478 1479
4 1480 1481 1482 1483
4 1484 1485 1486 1487
4 1488 1489 1490 1491
4 1492 1493 1494 1495
4 1496 1497 1498 1499
4 1500 1501 1502 1503
4 1504 1505 1506 1507
4 1508 1509 1510 1511
4 1512 1513 1514 1515
4 1516 1517 1518 1519
4 1520 1521 1522 1523
4 1524 1525 1526 1527
4 1528 1529 1530 1531
4 1532 1533 1534 1535
4 1536 1537 1538 1539
4 1540 1541 1542 1543
4 1544 1545 1546 1547
4 1548 1549 1550 1551
4 1552 1553 1554 1555
4 1556 1557 1558 1559
4 1560 1561 1562 1563
4 1564 1565 1566 1567
4 1568 1569 1570 1571
4 1572 1573 1574 1575
4 1576 1577 1578 1579
4 1580 1581 1582 1583
4 1584 1585 1586 1587
4 1588 1589 1590 1591
4 1592 1593 1594 1595
4 1596 1597 1598 1599
4 1600 1601 1602 1603
4 1604 1605 1606 1607
4 1608 1609 1610 1611
4 1612 1613 1614 1615
4 1616 1617 1618 1619
4 1620 1621 1622 1623
4 1624 1625 1626 1627
4 1628 1629 1630 1631
4 1632 1633 1634 1635
4 1636 1637 1638 1639
4 1640 1641 1642 1643
4 1644 1645 1646 1647
4 1648 1649 1650 1651
4 1652 1653 1654 1655
4 1656 1657 1658 1659
4 1660 1661 1662 1663
4 1664 1665 1666 1667
4 1668 1669 1670 1671
4 1672 1673 1674 1675
4 1676 1677 1678 1679
4 1680 1681 1682 1683
4 1684 1685 1686 1687
4 1688 1689 1690 1691
4 1692 1693 1694 1695
4 1696 1697 1698 1699
4 1700 1701 1702 1703
4 1704 1705 1706 1707
4 1708 1709 1710 1711
4 1712 1713 1714 1715
4 1716 1717 1718 1719
4 1720 1721 1722 1723
4 1724 1725 1726 1727
4 1728 1729 1730 1731
4 1732 1733 1734 1735
4 1736 1737 1738 1739
4 1740 1741 1742 1743
4 1744 1745 1746 1747
4 1748 1749 1750 1751
4 1752 1753 1754 1755
4 1756 1757 1758 1759
4 1760 1761 1762 1763
4 1764 1765 1766 1767
4 1768 1769 1770 1771
4 1772 1773 1774 1775
4 1776 1777 1778 1779
4 1780 1781 1782 1783
4 1784 1785 1786 1787
4 1788 1789 1790 1791
4 1792 1793 1794 1795
4 1796 1797 1798 1799
4 1800 1801 1802 1803
4 1804 1805 1806 1807
4 1808 1809 1810 1811
4 1812 1813 1814 1815
4 1816 1817 1818 1819
4 1820 1821 1822 1823
4 1824 1825 1826 1827
4 1828 1829 1830 1831
4 1832 1833 1834 1835
4 1836 1837 1838 1839
4 1840 1841 1842 1843
4 1844 1845 1846 1847
4 1848 1849 1850 1851
4 1852 1853 1854 1855
4 1856 1857 1858 1859
4 1860 1861 1862 1863
4 1864 1865 1866 1867
4 1868 1869 1870 1871
4 1872 1873 1874 1875
4 1876 1877 1878 1879
4 1880 1881 1882 1883
4 1884 1885 1886 1887
4 1888 1889 1890 1891
4 1892 1893 1894 1895
4 1896 1897 1898 1899
4 1900 1901 1902 1903
4 1904 1905 1906 1907
4 1908 1909 1910 1911
4 1912 1913 1914 1915
4 1916 1917 1918 1919
4 1920 1921 1922 1923
4 1924 1925 1926 1927
4 1928 1929 1930 1931
4 1932 1933 1934 1935
4 1936 1937 1938 1939
4 1940 1941 1942 1943
4 1944 1945 1946 1947
4 1948 1949 1950 1951
4 1952 1953 1954 1955
4 1956 1957 1958 1959
4 1960 1961 1962 1963
4 1964 1965 1966 1967
4 1968 1969 1970 1971
4 1972 1973 1974 1975
4 1976 1977 1978 1979
4 1980 1981 1982 1983
4 1984 1985 1986 1987
4 1988 1989 1990 1991
4 1992 1993 1994 1995
4 1996 1997 1998 1999
4 2000 2001 2002 2003
4 2004 2005 2006 2007
4 2008 2009 2010 2011
4 2012 2013 2014 2015
4 2016 2017 2018 2019
4 2020 2021 2022 2023
4 2024 2025 2026 2027
4 2028 2029 2030 2031
4 2032 2033 2034 2035
4 2036 2037 2038 2039
4 2040 2041 2042 2043
4 2044 2045 2046 2047
4 2048 2049 2050 2051
4 2052 2053 2054 2055
4 2056 2057 2058 2059
4 2060 2061 2062 2063
4 2064 2065 2066 2067
4 2068 2069 2070 2071
4 2072 2073 2074 2075
4 2076 2077 2078 2079
4 2080 2081 2082 2083
4 2084 2085 2086 2087
4 2088 2089 2090 2091
4 2092 2093 2094 2095
4 2096 2097 2098 2099
4 2100 2101 2102 2103
4 2104 2105 2106 2107
4 2108 2109 2110 2111
4 2112 2113 2114 2115
4 2116 2117 2118 2119
4 2120 2121 2122 2123
4 2124 2125 2126 2127
4 2128 2129 2130 2131
4 2132 2133 2134 2135
4 2136 2137 2138 2139
4 2140 2141 2142 2143
4 2144 2145 2146 2147
4 2148 2149 2150 2151
4 2152 2153 2154 2155
4 2156 2157 2158 2159
4 2160 2161 2162 2163
4 2164 2165 2166 2167
4 2168 2169 2170 2171
4 2172 2173 2174 2175
4 2176 2177 2178 2179
4 2180 2181 2182 2183
4 2184 2185 2186 2187
4 2188 2189 2190 2191
4 2192 2193 2194 2195
4 2196 2197 2198 2199
4 2200 2201 2202 2203
4 2204 2205 2206 2207
4 2208 2209 2210 2211
4 2212 2213 2214 2215
4 2216 2217 2218 2219
4 2220 2221 2222 2223
4 2224 2225 2226 2227
4 2228 2229 2230 2231
4 2232 2233 2234 2235
4 2236 2237 2238 2239
4 2240 2241 2242 2243
4 2244 2245 2246 2247
4 2248 2249 2250 2251
4 2252 2253 2254 2255
4 2256 2257 2258 2259
4 2260 2261 2262 2263
4 2264 2265 2266 2267
4 2268 2269 2270 2271
4 2272 2273 2274 2275
4 2276 2277 2278 2279
4 2280 2281 2282 2283
4 2284 2285 2286 2287
4 2288 2289 2290 2291
4 2292 2293 2294 2295
4 2296 2297 2298 2299
4 2300 2301 2302 2303
4 2304 2305 2306 2307
4 2308 2309 2310 2311
4 2312 2313 2314 2315
4 2316 2317 2318 2319
4 2320 2321 2322 2323
4 2324 2325 2326 2327
4 2328 2329 2330 2331
4 2332 2333 2334 2335
4 2336 2337 2338 2339
4 2340 2341 2342 2343
4 2344 2345 2346 2347
4 2348 2349 2350 2351
4 2352 2353 2354 2355
4 2356 2357 2358 2359
4 2360 2361 2362 2363
4 2364 2365 2366 2367
4 2368 2369 2370 2371
4 2372 2373 2374 2375
4 2376 2377 2378 2379
4 2380 2381 2382 2383
4 2384 2385 2386 2387
4 2388 2389 2390 2391
4 2392 2393 2394 2395
4 2396 2397 2398 2399
4 2400 2401 2402 2403
4 2404 2405 2406 2407
4 2408 2409 2410 2411
4 2412 2413 2414 2415
4 2416 2417 2418 2419
4 2420 2421 2422 2423
4 2424 2425 2426 2427
4 2428 2429 2430 2431
4 2432 2433 2434 2435
4 2436 2437 2438 2439
4 2440 2441 2442 2443
4 2444 2445 2446 2447
4 2448 2449 2450 2451
4 2452 2453 2454 2455
4 2456 2457 2458 2459
4 2460 2461 2462 2463
4 2464 2465 2466 2467
4 2468 2469 2470 2471
4 2472 2473 2474 2475
4 2476 2477 2478 2479
4 2480 2481 2482 2483
4 2484 2485 2486 2487
4 2488 2489 2490 2491
4 2492 2493 2494 2495
4 2496 2497 2498 2499
4 2500 2501 2502 2503
4 2504 2505 2506 2507
4 2508 2509 2510 2511
4 2512 2513 2514 2515
4 2516 2517 2518 2519
4 2520 2521 2522 2523
4 2524 2525 2526 2527
4 2528 2529 2530 2531
4 2532 2533 2534 2535
4 2536 2537 2538 2539
4 2540 2541 2542 2543
4 2544 2545 2546 2547
4 2548 2549 2550 2551
4 2552 2553 2554 2555
4 2556 2557 2558 2559
4 2560 2561 2562 2563
4 2564 2565 2566 2567
4 2568 2569 2570 2571
4 2572 2573 2574 2575
4 2576 2577 2578 2579
4 2580 2581 2582 2583
4 2584 2585 2586 2587
4 2588 2589 2590 2591
4 2592 2593 2594 2595
4 2596 2597 2598 2599
4 2600 2601 2602 2603
4 2604 2605 2606 2607
4 2608 2609 2610 2611
4 2612 2613 2614 2615
4 2616 2617 2618 2619
4 2620 2621 2622 2623
4 2624 2625 2626 2627
4 2628 2629 2630 2631
4 2632 2633 2634 2635
4 2636 2637 2638 2639
4 2640 2641 2642 2643
4 2644 2645 2646 2647
4 2648 2649 2650 2651
4 2652 2653 2654 2655
4 2656 2657 2658 2659
4 2660 2661 2662 2663
4 2664 2665 2666 2667
4 2668 2669 2670 2671
4 2672 2673 2674 2675
4 2676 2677 2678 2679
4 2680 2681 2682 2683
4 2684 2685 2686 2687
4 2688 2689 2690 2691
4 2692 2693 2694 2695
4 2696 2697 2698 2699
4 2700 2701 2702 2703
4 2704 2705 2706 2707
4 2708 2709 2710 2711
4 2712 2713 2714 2715
4 2716 2717 2718 2719
4 2720 2721 2722 2723
4 2724 2725 2726 2727
4 2728 2729 2730 2731
4 2732 2733 2734 2735
4 2736 2737 2738 2739
4 2740 2741 2742 2743
4 2744 2745 2746 2747
4 2748 2749 2750 2751
4 2752 2753 2754 2755
4 2756 2757 2758 2759
4 2760 2761 2762 2763
4 2764 2765 2766 2767
4 2768 2769 2770 2771
4 2772 2773 2774 2775
4 2776 2777 2778 2779
4 2780 2781 2782 2783
4 2784 2785 2786 2787
4 2788 2789 2790 2791
4 2792 2793 2794 2795
4 2796 2797 2798 2799
4 2800 2801 2802 2803
4 2804 2805 2806 2807
4 2808 2809 2810 2811
4 2812 2813 2814 2815
4 2816 2817 2818 2819
4 2820 2821 2822 2823
4 2824 2825 2826 2827
4 2828 2829 2830 2831
4 2832 2833 2834 2835
4 2836 2837 2838 2839
4 2840 2841 2842 2843
4 2844 2845 2846 2847
4 2848 2849 2850 2851
4 2852 2853 2854 2855
4 2856 2857 2858 2859
4 2860 2861 2862 2863
4 2864 2865 2866 2867
4 2868 2869 2870 2871
4 2872 2873 2874 2875
4 2876 2877 2878 2879
4 2880 2881 2882 2883
4 2884 2885 2886 2887
4 2888 2889 2890 2891
4 2892 2893 2894 2895
4 2896 2897 2898 2899
4 2900 2901 2902 2903
4 2904 2905 2906 2907
4 2908 2909 2910 2911
4 2912 2913 2914 2915
4 2916 2917 2918 2919
4 2920 2921 2922 2923
4 2924 2925 2926 2927
4 2928 2929 2930 2931
4 2932 2933 2934 2935
4 2936 2937 2938 2939
4 2940 2941 2942 2943
4 2944 2945 2946 2947
4 2948 2949 2950 2951
4 2952 2953 2954 2955
4 2956 2957 2958 2959
4 2960 2961 2962 2963
4 2964 2965 2966 2967
4 2968 2969 2970 2971
4 2972 2973 2974 2975
4 2976 2977 2978 2979
4 2980 2981 2982 2983
4 2984 2985 2986 2987
4 2988 2989 2990 2991
4 2992 2993 2994 2995
4 2996 2997 2998 2999
4 3000 3001 3002 3003
4 3004 3005 3006 3007
4 3008 3009 3010 3011
4 3012 3013 3014 3015
4 3016 3017 3018 3019
4 3020 3021 3022 3023
4 3024 3025 3026 3027
4 3028 3029 3030 3031
4 3032 3033 3034 3035
4 3036 3037 3038 3039
4 3040 3041 3042 3043
4 3044 3045 3046 3047
4 3048 3049 3050 3051
4 3052 3053 3054 3055
4 3056 3057 3058 3059
4 3060 3061 3062 3063
4 3064 3065 3066 3067
4 3068 3069 3070 3071
4 3072 3073 3074 3075
4 3076 3077 3078 3079
4 3080 3081 3082 3083
4 3084 3085 3086 3087
4 3088 3089 3090 3091
4 3092 3093 3094 3095
4 3096 3097 3098 3099
4 3100 3101 3102 3103
4 3104 3105 3106 3107
4 3108 3109 3110 3111
4 3112 3113 3114 3115
4 3116 3117 3118 3119
4 3120 3121 3122 3123
4 3124 3125 3126 3127
4 3128 3129 3130 3131
4 3132 3133 3134 3135
4 3136 3137 3138 3139
4 3140 3141 3142 3143
4 3144 3145 3146 3147
4 3148 3149 3150 3151
4 3152 3153 3154 3155
4 3156 3157 3158 3159
4 3160 3161 3162 3163
4 3164 3165 3166 3167
4 3168 3169 3170 3171
4 3172 3173 3174 3175
4 3176 3177 3178 3179
4 3180 3181 3182 3183
4 3184 3185 3186 3187
4 3188 3189 3190 3191
4 3192 3193 3194 3195
4 3196 3197 3198 3199
4 3200 3201 3202 3203
4 3204 3205 3206 3207
4 3208 3209 3210 3211
4 3212 3213 3214 3215
4 3216 3217 3218 3219
4 3220 3221 3222 3223
4 3224 3225 3226 3227
4 3228 3229 3230 3231
4 3232 3233 3234 3235
4 3236 3237 3238 3239
4 3240 3241 3242 3243
4 3244 3245 3246 3247
4 3248 3249 3250 3251
4 3252 3253 3254 3255
4 3256 3257 3258 3259
4 3260 3261 3262 3263
4 3264 3265 3266 3267
4 3268 3269 3270 3271
4 3272 3273 3274 3275
4 3276 3277 3278 3279
4 3280 3281 3282 3283
4 3284 3285 3286 3287
4 3288 3289 3290 3291
4 3292 3293 3294 3295
4 3296 3297 3298 3299
4 3300 3301 3302 3303
4 3304 3305 3306 3307
4 3308 3309 3310 3311
4 3312 3313 3314 3315
4 3316 3317 3318 3319
4 3320 3321 3322 3323
4 3324 3325 3326 3327
4 3328 3329 3330 3331
4 3332 3333 3334 3335
4 3336 3337 3338 3339
4 3340 3341 3342 3343
4 3344 3345 3346 3347
4 3348 3349 3350 3351
4 3352 3353 3354 3355
4 3356 3357 3358 3359
4 3360 3361 3362 3363
4 3364 3365 3366 3367
4 3368 3369 3370 3371
4 3372 3373 3374 3375
4 3376 3377 3378 3379
4 3380 3381 3382 3383
4 3384 3385 3386 3387
4 3388 3389 3390 3391
4 3392 3393 3394 3395
4 3396 3397 3398 3399
4 3400 3401 3402 3403
4 3404 3405 3406 3407
4 3408 3409 3410 3411
4 3412 3413 3414 3415
4 3416 3417 3418 3419
4 3420 3421 3422 3423
4 3424 3425 3426 3427
4 3428 3429 3430 3431
4 3432 3433 3434 3435
4 3436 3437 3438 3439
4 3440 3441 3442 3443
4 3444 3445 3446 3447
4 3448 3449 3450 3451
4 3452 3453 3454 3455
4 3456 3457 3458 3459
4 3460 3461 3462 3463
4 3464 3465 3466 3467
4 3468 3469 3470 3471
4 3472 3473 3474 3475
4 3476 3477 3478 3479
4 3480 3481 3482 3483
4 3484 3485 3486 3487
4 3488 3489 3490 3491
4 3492 3493 3494 3495
4 3496 3497 3498 3499
4 3500 3501 3502 3503
4 3504 3505 3506 3507
4 3508 3509 3510 3511
4 3512 3513 3514 3515
4 3516 3517 3518 3519
4 3520 3521 3522 3523
4 3524 3525 3526 3527
4 3528 3529 3530 3531
4 3532 3533 3534 3535
4 3536 3537 3538 3539
4 3540 3541 3542 3543
4 3544 3545 3546 3547
4 3548 3549 3550 3551
4 3552 3553 3554 3555
4 3556 3557 3558 3559
4 3560 3561 3562 3563
4 3564 3565 3566 3567
4 3568 3569 3570 3571
4 3572 3573 3574 3575
4 3576 3577 3578 3579
4 3580 3581 3582 3583
4 3584 3585 3586 3587
4 3588 3589 3590 3591
4 3592 3593 3594 3595
4 3596 3597 3598 3599
4 3600 3601 3602 3603
4 3604 3605 3606 3607
4 3608 3609 3610 3611
4 3612 3613 3614 3615
4 3616 3617 3618 3619
4 3620 3621 3622 3623
4 3624 3625 3626 3627
4 3628 3629 3630 3631
4 3632 3633 3634 3635
4 3636 3637 3638 3639
4 3640 3641 3642 3643
4 3644 3645 3646 3647
4 3648 3649 3650 3651
4 3652 3653 3654 3655
4 3656 3657 3658 3659
4 3660 3661 3662 3663
4 3664 3665 3666 3667
4 3668 3669 3670 3671
4 3672 3673 3674 3675
4 3676 3677 3678 3679
4 3680 3681 3682 3683
4 3684 3685 3686 3687
4 3688 3689 3690 3691
4 3692 3693 3694 3695
CELL_TYPES 924
9
9
9
9
9
9
9
9
9
9
9
9
9
9
9
9
9
9
9
9
9
9
9
9
9
9
9
9
9
9
9
9
9
9
9
9
9
9
9
9
9
9
9
9
9
9
9
9
9
9
9
9
9
9
9
9
9
9
9
9
9
9
9
9
9
9
9
9
9
9
9
9
9
9
9
9
9
9
9
9
9
9
9
9
9
9
9
9
9
9
9
9
9
9
9
9
9
9
9
9
9
9
9
9
9
9
9
9
9
9
9
9
9
9
9
9
9
9
9
9
9
9
9
9
9
9
9
9
9
9
9
9
9
9
9
9
9
9
9
9
9
9
9
9
9
9
9
9
9
9
9
9
9
9
9
9
9
9
9
9
9
9
9
9
9
9
9
9
9
9
9
9
9
9
9
9
9
9
9
9
9
9
9
9
9
9
9
9
9
9
9
9
9
9
9
9
9
9
9
9
9
9
9
9
9
9
9
9
9
9
9
9
9
9
9
9
9
9
9
9
9
9
9
9
9
9
9
9
9
9
9
9
9
9
9
9
9
9
9
9
9
9
9
9
9
9
9
9
9
9
9
9
9
9
9
9
9
9
9
9
9
9
9
9
9
9
9
9
9
9
9
9
9
9
9
9
9
9
9
9
9
9
9
9
9
9
9
9
9
9
9
9
9
9
9
9
9
9
9
9
9
9
9
9
9
9
9
9
9
9
9
9
9
9
9
9
9
9
9
9
9
9
9
9
9
9
9
9
9
9
9
9
9
9
9
9
9
9
9
9
9
9
9
9
9
9
9
9
9
9
9
9
9
9
9
9
9
9
9
9
9
9
9
9
9
9
9
9
9
9
9
9
9
9
9
9
9
9
9
9
9
9
9
9
9
9
9
9
9
9
9
9
9
9
9
9
9
9
9
9
9
9
9
9
9
9
9
9
9
9
9
9
9
9
9
9
9
9
9
9
9
9
9
9
9
9
9
9
9
9
9
9
9
9
9
9
9
9
9
9
9
9
9
9
9
9
9
9
9
9
9
9
9
9
9
9
9
9
9
9
9
9
9
9
9
9
9
9
9
9
9
9
9
9
9
9
9
9
9
9
9
9
9
9
9
9
9
9
9
9
9
9
9
9
9
9
9
9
9
9
9
9
9
9
9
9
9
9
9
9
9
9
9
9
9
9
9
9
9
9
9
9
9
9
9
9
9
9
9
9
9
9
9
9
9
9
9
9
9
9
9
9
9
9
9
9
9
9
9
9
9
9
9
9
9
9
9
9
9
9
9
9
9
9
9
9
9
9
9
9
9
9
9
9
9
9
9
9
9
9
9
9
9
9
9
9
9
9
9
9
9
9
9
9
9
9
9
9
9
9
9
9
9
9
9
9
9
9
9
9
9
9
9
9
9
9
9
9
9
9
9
9
9
9
9
9
9
9
9
9
9
9
9
9
9
9
9
9
9
9
9
9
9
9
9
9
9
9
9
9
9
9
9
9
9
9
9
9
9
9
9
9
9
9
9
9
9
9
9
9
9
9
9
9
9
9
9
9
9
9
9
9
9
9
9
9
9
9
9
9
9
9
9
9
9
9
9
9
9
9
9
9
9
9
9
9
9
9
9
9
9
9
9
9
9
9
9
9
9
9
9
9
9
9
9
9
9
9
9
9
9
9
9
9
9
9
9
9
9
9
9
9
9
9
9
9
9
9
9
9
9
9
9
9
9
9
9
9
9
9
9
9
9
9
9
9
9
9
9
9
9
9
9
9
9
9
9
9
9
9
9
9
9
9
9
9
9
9
9
9
9
9
9
9
9
9
9
9
9
9
9
9
9
9
9
9
9
9
9
9
9
9
9
9
9
9
9
9
9
9
9
9
9
9
9
9
9
9
9
9
9
9
9
9
9
9
9
9
9
9
9
9
9
9
9
9
9
9
9
9
9
9
9
9
9
9
9
9
9
9
9
9
9
9
9
9
9
9
9
9
9
9
9
9
9
9
9
9
9
9
9
9
9
9
9
9
9
9
9
9
9
9
9
9
9
9
9
9
9
9
9
9
9
9
9
9
9
9
9
9
9
9
9
9
9
9
9
9
9
9
9
9
9
9
CELL_DATA 924
SCALARS area double 1
LOOKUP_TABLE default
1.06146e-05
1.06875e-05
1.0718e-05
1.07889e-05
1.10438e-05
8.24196e-06
1.09172e-05
1.09875e-05
1.0865e-05
1.07535e-05
1.82013e-05
1.82919e-05
1.82964e-05
1.82842e-05
1.82324e-05
1.22908e-05
1.82647e-05
1.8319e-05
1.8306e-05
1.82904e-05
2.02791e-05
2.04752e-05
2.06224e-05
2.0743e-05
2.0574e-05
1.17046e-05
2.07291e-05
2.05178e-05
2.04378e-05
2.03854e-05
2.16776e-05
2.19439e-05
2.21933e-05
2.24462e-05
2.24081e-05
1.10206e-05
2.25729e-05
2.21959e-05
2.19935e-05
2.1849e-05
2.27764e-05
2.30094e-05
2.32115e-05
2.3426e-05
2.3436e-05
1.0557e-05
2.35805e-05
2.32693e-05
2.30839e-05
2.29489e-05
2.35832e-05
2.37898e-05
2.39533e-05
2.41347e-05
2.41755e-05
1.02314e-05
2.43022e-05
2.40441e-05
2.38767e-05
2.37532e-05
2.41377e-05
2.43233e-05
2.44559e-05
2.46095e-05
2.46707e-05
1.00307e-05
2.47757e-05
2.45625e-05
2.44135e-05
2.43025e-05
2.44373e-05
2.46081e-05
2.47194e-05
2.4854e-05
2.49312e-05
9.88289e-06
2.4987e-05
2.4814e-05
2.46864e-05
2.45912e-05
2.44329e-05
2.45914e-05
2.46862e-05
2.48063e-05
2.48981e-05
9.70145e-06
2.49024e-05
2.47635e-05
2.46558e-05
2.45754e-05
2.4235e-05
2.43812e-05
2.44596e-05
2.45621e-05
2.46511e-05
9.48111e-06
2.46332e-05
2.45233e-05
2.44348e-05
2.43685e-05
2.39545e-05
2.40889e-05
2.41522e-05
2.42369e-05
2.4316e-05
9.24876e-06
2.42974e-05
2.421e-05
2.41369e-05
2.40816e-05
2.35853e-05
2.37101e-05
2.37621e-05
2.38334e-05
2.39047e-05
9.00809e-06
2.38819e-05
2.38122e-05
2.37517e-05
2.37056e-05
2.31892e-05
2.33057e-05
2.33484e-05
2.34087e-05
2.34736e-05
8.77876e-06
2.34504e-05
2.33941e-05
2.33432e-05
2.3304e-05
2.27106e-05
2.28198e-05
2.28553e-05
2.2907e-05
2.29668e-05
8.53768e-06
2.2942e-05
2.28963e-05
2.28531e-05
2.28197e-05
2.21914e-05
2.22941e-05
2.23238e-05
2.23684e-05
2.2424e-05
8.29606e-06
2.23983e-05
2.23608e-05
2.23239e-05
2.22952e-05
2.16356e-05
2.17308e-05
2.17554e-05
2.17944e-05
2.1849e-05
8.043e-06
2.18212e-05
2.17934e-05
2.17623e-05
2.17358e-05
2.10011e-05
2.10848e-05
2.11056e-05
2.1141e-05
2.11997e-05
7.71967e-06
2.11621e-05
2.11475e-05
2.11239e-05
2.10979e-05
2.03319e-05
2.04003e-05
2.04178e-05
2.04484e-05
2.05039e-05
7.36307e-06
2.04659e-05
2.04531e-05
2.04329e-05
2.04114e-05
1.96294e-05
1.96847e-05
1.96998e-05
1.97271e-05
1.97812e-05
7.02548e-06
1.97388e-05
1.97279e-05
1.97112e-05
1.96938e-05
1.88586e-05
1.89024e-05
1.89151e-05
1.89389e-05
1.89911e-05
6.67796e-06
1.89482e-05
1.89388e-05
1.89247e-05
1.89105e-05
1.80712e-05
1.81051e-05
1.81154e-05
1.81359e-05
1.8186e-05
6.34628e-06
1.81438e-05
1.81358e-05
1.8124e-05
1.81124e-05
1.72216e-05
1.72472e-05
1.72554e-05
1.72731e-05
1.73215e-05
6.01619e-06
1.72798e-05
1.72731e-05
1.72633e-05
1.72537e-05
1.63479e-05
1.63664e-05
1.63728e-05
1.63878e-05
1.64339e-05
5.69068e-06
1.63936e-05
1.63881e-05
1.638e-05
1.63723e-05
1.54481e-05
1.54608e-05
1.54658e-05
1.54785e-05
1.55229e-05
5.36609e-06
1.54831e-05
1.54784e-05
1.54719e-05
1.54659e-05
1.44952e-05
1.45033e-05
1.45069e-05
1.45174e-05
1.45594e-05
5.02659e-06
1.45215e-05
1.45177e-05
1.45124e-05
1.45077e-05
1.35211e-05
1.35256e-05
1.3528e-05
1.35366e-05
1.35762e-05
4.6862e-06
1.35402e-05
1.35371e-05
1.35329e-05
1.35293e-05
1.25259e-05
1.25276e-05
1.2529e-05
1.25358e-05
1.25727e-05
4.34277e-06
1.25392e-05
1.25367e-05
1.25335e-05
1.25308e-05
1.14886e-05
1.14884e-05
1.14891e-05
1.14944e-05
1.15286e-05
3.98612e-06
1.14973e-05
1.14953e-05
1.1493e-05
1.1491e-05
1.04407e-05
1.04392e-05
1.04393e-05
1.04431e-05
1.04742e-05
3.62545e-06
1.0446e-05
1.04444e-05
1.04427e-05
1.04413e-05
8.98184e-06
8.9799e-06
8.97917e-06
8.98141e-06
9.008e-06
3.13108e-06
8.98435e-06
8.98304e-06
8.98187e-06
8.98108e-06
2.01738e-06
2.01647e-06
2.01602e-06
2.01695e-06
2.02748e-06
7.44277e-07
2.01748e-06
2.01706e-06
2.01668e-06
2.0165e-06
1.58918e-06
1.58779e-06
1.58707e-06
1.58841e-06
1.60285e-06
6.37006e-07
1.58863e-06
1.58812e-06
1.58765e-06
1.58745e-06
1.52431e-06
1.52206e-06
1.52087e-06
1.52292e-06
1.54449e-06
6.69326e-07
1.52279e-06
1.5221e-06
1.52147e-06
1.52124e-06
1.44676e-06
1.44341e-06
1.44156e-06
1.44431e-06
1.4745e-06
7.04584e-07
1.44397e-06
1.44305e-06
1.44218e-06
1.44189e-06
1.35439e-06
1.34951e-06
1.34678e-06
1.35055e-06
1.39222e-06
7.44717e-07
1.34971e-06
1.34852e-06
1.34739e-06
1.34705e-06
1.24384e-06
1.23674e-06
1.23261e-06
1.23757e-06
1.29485e-06
7.92617e-07
1.23634e-06
1.23475e-06
1.2332e-06
1.23278e-06
1.1085e-06
1.09807e-06
1.09189e-06
1.09868e-06
1.17878e-06
8.4899e-07
1.0967e-06
1.09454e-06
1.09243e-06
1.09188e-06
9.35444e-07
9.18657e-07
9.08501e-07
9.1865e-07
1.03932e-06
9.29778e-07
9.15319e-07
9.12088e-07
9.08906e-07
9.08151e-07
6.82079e-07
6.48404e-07
6.2712e-07
6.46201e-07
8.62255e-07
1.05997e-06
6.39738e-07
6.33497e-07
6.27223e-07
6.25783e-07
2.61531e-07
2.43473e-07
2.31753e-07
2.41741e-07
3.51687e-07
4.72854e-07
2.38261e-07
2.34983e-07
2.31656e-07
2.30917e-07
1.0664e-05
1.82585e-05
2.03132e-05
2.1703e-05
2.28084e-05
2.36205e-05
2.41789e-05
2.44797e-05
2.44753e-05
2.42786e-05
2.39997e-05
2.36308e-05
2.32347e-05
2.27554e-05
2.22351e-05
2.16764e-05
2.10334e-05
2.03533e-05
1.9643e-05
1.88666e-05
1.80751e-05
1.72226e-05
1.63469e-05
1.54457e-05
1.44919e-05
1.35174e-05
1.2522e-05
1.14849e-05
1.04372e-05
8.97862e-06
2.01601e-06
1.58708e-06
1.52091e-06
1.44161e-06
1.34683e-06
1.23264e-06
1.09187e-06
9.0834e-07
6.26465e-07
2.31326e-07
5.92532e-06
3.89433e-06
3.46144e-06
3.6777e-06
5.85861e-06
1.26479e-05
3.12164e-06
2.06413e-06
2.10796e-06
1.81282e-06
2.63468e-07
1.31771e-09
9.83332e-10
8.38339e-10
9.12295e-10
1.5459e-09
2.46283e-09
3.45969e-10
3.97612e-10
4.19539e-10
3.68022e-10
2.73868e-10
1.06146e-05
1.06875e-05
1.0718e-05
1.07889e-05
1.10438e-05
8.24196e-06
1.09172e-05
1.09875e-05
1.0865e-05
1.07535e-05
1.82013e-05
1.82919e-05
1.82964e-05
1.82842e-05
1.82324e-05
1.22908e-05
1.82647e-05
1.8319e-05
1.8306e-05
1.82904e-05
2.02791e-05
2.04752e-05
2.06224e-05
2.0743e-05
2.0574e-05
1.17046e-05
2.07291e-05
2.05178e-05
2.04378e-05
2.03854e-05
2.16776e-05
2.19439e-05
2.21933e-05
2.24462e-05
2.24081e-05
1.10206e-05
2.25729e-05
2.21959e-05
2.19935e-05
2.1849e-05
2.27764e-05
2.30094e-05
2.32115e-05
2.3426e-05
2.3436e-05
1.0557e-05
2.35805e-05
2.32693e-05
2.30839e-05
2.29489e-05
2.35832e-05
2.37898e-05
2.39533e-05
2.41347e-05
2.41755e-05
1.02314e-05
2.43022e-05
2.40441e-05
2.38767e-05
2.37532e-05
2.41377e-05
2.43233e-05
2.44559e-05
2.46095e-05
2.46707e-05
1.00307e-05
2.47757e-05
2.45625e-05
2.44135e-05
2.43025e-05
2.44373e-05
2.46081e-05
2.47194e-05
2.4854e-05
2.49312e-05
9.88289e-06
2.4987e-05
2.4814e-05
2.46864e-05
2.45912e-05
2.44329e-05
2.45914e-05
2.46862e-05
2.48063e-05
2.48981e-05
9.70145e-06
2.49024e-05
2.47635e-05
2.46558e-05
2.45754e-05
2.4235e-05
2.43812e-05
2.44596e-05
2.45621e-05
2.46511e-05
9.48111e-06
2.46332e-05
2.45233e-05
2.44348e-05
2.43685e-05
2.39545e-05
2.40889e-05
2.41522e-05
2.42369e-05
2.4316e-05
9.24876e-06
2.42974e-05
2.421e-05
2.41369e-05
2.40816e-05
2.35853e-05
2.37101e-05
2.37621e-05
2.38334e-05
2.39047e-05
9.00809e-06
2.38819e-05
2.38122e-05
2.37517e-05
2.37056e-05
2.31892e-05
2.33057e-05
2.33484e-05
2.34087e-05
2.34736e-05
8.77876e-06
2.34504e-05
2.33941e-05
2.33432e-05
2.3304e-05
2.27106e-05
2.28198e-05
2.28553e-05
2.2907e-05
2.29668e-05
8.53768e-06
2.2942e-05
2.28963e-05
2.28531e-05
2.28197e-05
2.21914e-05
2.22941e-05
2.23238e-05
2.23684e-05
2.2424e-05
8.29606e-06
2.23983e-05
2.23608e-05
2.23239e-05
2.22952e-05
2.16356e-05
2.17308e-05
2.17554e-05
2.17944e-05
2.1849e-05
8.043e-06
2.18212e-05
2.17934e-05
2.17623e-05
2.17358e-05
2.10011e-05
2.10848e-05
2.11056e-05
2.1141e-05
2.11997e-05
7.71967e-06
2.11621e-05
2.11475e-05
2.11239e-05
2.10979e-05
2.03319e-05
2.04003e-05
2.04178e-05
2.04484e-05
2.05039e-05
7.36307e-06
2.04659e-05
2.04531e-05
2.04329e-05
2.04114e-05
1.96294e-05
1.96847e-05
1.96998e-05
1.97271e-05
1.97812e-05
7.02548e-06
1.97388e-05
1.97279e-05
1.97112e-05
1.96938e-05
1.88586e-05
1.89024e-05
1.89151e-05
1.89389e-05
1.89911e-05
6.67796e-06
1.89482e-05
1.89388e-05
1.89247e-05
1.89105e-05
1.80712e-05
1.81051e-05
1.81154e-05
1.81359e-05
1.8186e-05
6.34628e-06
1.81438e-05
1.81358e-05
1.8124e-05
1.81124e-05
1.72216e-05
1.72472e-05
1.72554e-05
1.72731e-05
1.73215e-05
6.01619e-06
1.72798e-05
1.72731e-05
1.72633e-05
1.72537e-05
1.63479e-05
1.63664e-05
1.63728e-05
1.63878e-05
1.64339e-05
5.69068e-06
1.63936e-05
1.63881e-05
1.638e-05
1.63723e-05
1.54481e-05
1.54608e-05
1.54658e-05
1.54785e-05
1.55229e-05
5.36609e-06
1.54831e-05
1.54784e-05
1.54719e-05
1.54659e-05
1.44952e-05
1.45033e-05
1.45069e-05
1.45174e-05
1.45594e-05
5.02659e-06
1.45215e-05
1.45177e-05
1.45124e-05
1.45077e-05
1.35211e-05
1.35256e-05
1.3528e-05
1.35366e-05
1.35762e-05
4.6862e-06
1.35402e-05
1.35371e-05
1.35329e-05
1.35293e-05
1.25259e-05
1.25276e-05
1.2529e-05
1.25358e-05
1.25727e-05
4.34277e-06
1.25392e-05
1.25367e-05
1.25335e-05
1.25308e-05
1.14886e-05
1.14884e-05
1.14891e-05
1.14944e-05
1.15286e-05
3.98612e-06
1.14973e-05
1.14953e-05
1.1493e-05
1.1491e-05
1.04407e-05
1.04392e-05
1.04393e-05
1.04431e-05
1.04742e-05
3.62545e-06
1.0446e-05
1.04444e-05
1.04427e-05
1.04413e-05
8.98184e-06
8.9799e-06
8.97917e-06
8.98141e-06
9.008e-06
3.13108e-06
8.98435e-06
8.98304e-06
8.98187e-06
8.98108e-06
2.01738e-06
2.01647e-06
2.01602e-06
2.01695e-06
2.02748e-06
7.44277e-07
2.01748e-06
2.01706e-06
2.01668e-06
2.0165e-06
1.58918e-06
1.58779e-06
1.58707e-06
1.58841e-06
1.60285e-06
6.37006e-07
1.58863e-06
1.58812e-06
1.58765e-06
1.58745e-06
1.52431e-06
1.52206e-06
1.52087e-06
1.52292e-06
1.54449e-06
6.69326e-07
1.52279e-06
1.5221e-06
1.52147e-06
1.52124e-06
1.44676e-06
1.44341e-06
1.44156e-06
1.44431e-06
1.4745e-06
7.04584e-07
1.44397e-06
1.44305e-06
1.44218e-06
1.44189e-06
1.35439e-06
1.34951e-06
1.34678e-06
1.35055e-06
1.39222e-06
7.44717e-07
1.34971e-06
1.34852e-06
1.34739e-06
1.34705e-06
1.24384e-06
1.23674e-06
1.23261e-06
1.23757e-06
1.29485e-06
7.92617e-07
1.23634e-06
1.23475e-06
1.2332e-06
1.23278e-06
1.1085e-06
1.09807e-06
1.09189e-06
1.09868e-06
1.17878e-06
8.4899e-07
1.0967e-06
1.09454e-06
1.09243e-06
1.09188e-06
9.35444e-07
9.18657e-07
9.08501e-07
9.1865e-07
1.03932e-06
9.29778e-07
9.15319e-07
9.12088e-07
9.08906e-07
9.08151e-07
6.82079e-07
6.48404e-07
6.2712e-07
6.46201e-07
8.62255e-07
1.05997e-06
6.39738e-07
6.33497e-07
6.27223e-07
6.25783e-07
2.61531e-07
2.43473e-07
2.31753e-07
2.41741e-07
3.51687e-07
4.72854e-07
2.38261e-07
2.34983e-07
2.31656e-07
2.30917e-07
1.0664e-05
1.82585e-05
2.03132e-05
2.1703e-05
2.28084e-05
2.36205e-05
2.41789e-05
2.44797e-05
2.44753e-05
2.42786e-05
2.39997e-05
2.36308e-05
2.32347e-05
2.27554e-05
2.22351e-05
2.16764e-05
2.10334e-05
2.03533e-05
1.9643e-05
1.88666e-05
1.80751e-05
1.72226e-05
1.63469e-05
1.54457e-05
1.44919e-05
1.35174e-05
1.2522e-05
1.14849e-05
1.04372e-05
8.97862e-06
2.01601e-06
1.58708e-06
1.52091e-06
1.44161e-06
1.34683e-06
1.23264e-06
1.09187e-06
9.0834e-07
6.26465e-07
2.31326e-07
5.92532e-06
3.89433e-06
3.46144e-06
3.6777e-06
5.85861e-06
1.26479e-05
3.12164e-06
2.06413e-06
2.10796e-06
1.81282e-06
2.63468e-07
1.31771e-09
9.83332e-10
8.38339e-10
9.12295e-10
1.5459e-09
2.46283e-09
3.45969e-10
3.97612e-10
4.19539e-10
3.68022e-10
2.73868e-10
SCALARS mu double 1
LOOKUP_TABLE default
88.1604
-3.87908e-11
95.2982
123.338
130.321
131.592
130.366
125.296
98.4758
46.9726
118.914
91.3364
114.026
129.094
135.571
137.01
135.846
129.904
115.987
95.8789
132.269
122.309
131.195
139.429
144.417
146.224
145.343
140.292
131.923
122.891
142.603
141.089
146.267
151.437
155.318
157.084
156.451
152.192
146.254
140.478
151.728
156.193
160.505
164.264
167.319
168.768
168.186
164.611
159.96
155.092
160.177
170.266
174.432
177.341
179.669
180.786
180.315
177.407
173.599
168.924
172.545
184.471
188.38
190.584
192.201
192.986
192.678
190.466
187.391
183.007
187.557
199.155
202.492
203.987
204.881
205.343
205.232
203.748
201.425
197.645
205.128
214.54
216.962
217.696
217.869
218.019
218.121
217.372
215.864
213.038
224.436
230.766
231.964
231.89
231.407
231.326
231.561
231.494
230.868
229.322
245.893
247.868
247.571
246.646
245.562
245.305
245.627
246.196
246.509
246.525
268.83
265.676
263.708
261.903
260.251
259.842
260.247
261.431
262.713
264.468
292.655
284.01
280.317
277.626
275.425
274.882
275.371
277.154
279.411
282.956
315.881
302.594
297.28
293.736
291.013
290.358
290.924
293.281
296.474
301.699
338.269
321.248
314.508
310.17
306.96
306.209
306.832
309.732
313.8
320.5
359.641
339.881
331.938
326.853
323.167
322.341
323.006
326.437
331.321
339.252
379.102
358.128
349.322
343.61
339.494
338.621
339.306
343.224
348.787
357.58
396.525
375.333
366.179
360.18
355.868
354.984
355.647
359.809
365.705
374.85
412.756
391.768
382.561
376.479
372.1
371.221
371.855
376.119
382.133
391.331
428.158
407.632
398.555
392.521
388.162
387.3
387.902
392.171
398.16
407.226
442.722
422.964
414.151
408.263
403.993
403.159
403.724
407.919
413.78
422.579
456.606
437.767
429.315
423.644
419.518
418.721
419.247
423.308
428.962
437.396
469.825
452.011
443.992
438.601
434.677
433.927
434.41
438.273
443.654
451.651
482.373
465.645
458.112
453.053
449.378
448.683
449.12
452.736
457.789
465.293
494.214
478.615
471.613
466.932
463.553
462.919
463.31
466.629
471.306
478.273
505.217
490.787
484.356
480.095
477.059
476.494
476.837
479.812
484.066
490.455
515.189
501.97
496.15
492.354
489.708
489.216
489.513
492.096
495.881
501.651
523.689
511.834
506.678
503.388
501.17
500.757
501.008
503.16
506.433
511.531
530.464
520.01
515.525
512.751
510.99
510.659
510.866
512.563
515.31
519.73
535.251
526.007
522.028
519.621
518.227
517.979
518.144
519.478
521.849
525.758
538.136
528.908
524.887
522.307
520.553
520.119
520.547
522.223
524.74
528.683
540.516
531.464
527.348
524.592
522.612
522.02
522.652
524.532
527.211
531.246
542.504
533.929
529.762
526.857
524.71
524.035
524.772
526.804
529.626
533.714
544.174
536.404
532.287
529.277
526.999
526.26
527.068
529.219
532.145
536.189
545.581
538.919
534.996
531.932
529.546
528.761
529.591
531.855
534.841
538.704
546.783
541.504
537.987
534.957
532.44
531.63
532.39
534.843
537.818
541.289
547.786
544.13
541.306
538.623
535.924
535.123
535.714
538.485
541.123
543.925
548.504
546.504
544.819
542.899
540.804
540.179
540.644
542.707
544.638
546.34
549.309
548.517
547.753
547.137
546.704
546.516
546.642
547.002
547.586
548.347
551.962
551.768
551.687
551.629
551.572
551.534
551.563
551.605
551.66
551.738
87.751
118.431
131.696
141.941
151.088
159.646
171.96
186.894
204.365
223.609
244.997
267.871
291.638
314.848
337.238
358.615
378.082
395.516
411.759
427.178
441.766
455.679
468.929
481.512
493.39
504.434
514.45
523.005
529.844
534.698
537.629
540.032
542.043
543.741
545.181
546.422
547.471
548.242
549.124
551.88
-42.1807
-43.4731
-89.0471
-120.293
-126.071
-127.876
-126.705
-124.514
-90.4694
-47.1332
-44.0484
551.844
551.801
551.731
551.672
551.654
551.641
551.634
551.641
551.714
551.797
551.822
65.1494
-1.27933e-10
72.1096
93.6011
99.0596
100.157
99.1719
95.2098
74.6108
35.3817
87.9759
68.6474
86.2742
97.971
103.098
104.335
103.413
98.7253
87.8939
72.1851
97.9189
92.0512
99.3498
105.913
109.934
111.447
110.752
106.721
100.055
92.6245
105.666
106.429
110.956
115.211
118.393
119.872
119.369
115.933
111.097
106.098
113.167
118.208
122.023
125.192
127.74
128.969
128.503
125.594
121.749
117.494
120.79
129.322
132.915
135.404
137.384
138.35
137.971
135.583
132.41
128.414
131.088
140.549
143.856
145.776
147.193
147.897
147.645
145.805
143.222
139.541
142.984
152.107
154.941
156.298
157.143
157.588
157.491
156.222
154.236
151.056
156.474
164.165
166.314
167.08
167.357
167.551
167.622
166.93
165.575
163.113
171.38
176.86
178.117
178.263
178.024
178.031
178.209
178.05
177.369
175.842
187.559
190.234
190.417
189.913
189.202
189.066
189.315
189.654
189.686
189.282
204.979
204.204
203.175
201.996
200.834
200.573
200.892
201.715
202.487
203.345
223.379
218.689
216.366
214.497
212.895
212.523
212.91
214.211
215.739
217.939
242.002
233.516
229.912
227.362
225.335
224.868
225.318
227.083
229.357
232.883
260.169
248.536
243.751
240.543
238.105
237.558
238.062
240.278
243.271
248.016
277.759
263.667
257.839
253.989
251.139
250.526
251.075
253.744
257.431
263.242
294.029
278.606
271.975
267.567
264.337
263.68
264.255
267.349
271.634
278.248
308.777
292.795
285.764
281.065
277.639
276.964
277.538
280.863
285.476
292.493
322.61
306.439
299.245
294.419
290.901
290.222
290.786
294.23
298.998
306.178
335.805
319.692
312.486
307.64
304.103
303.432
303.977
307.46
312.269
319.459
348.395
332.575
325.472
320.687
317.191
316.54
317.059
320.513
325.277
332.361
360.404
345.069
338.162
333.504
330.098
329.474
329.963
333.336
337.983
344.868
371.834
357.133
350.5
346.029
342.765
342.177
342.631
345.867
350.334
356.941
382.671
368.709
362.416
358.184
355.106
354.56
354.978
358.029
362.261
368.524
392.875
379.744
373.847
369.901
367.055
366.558
366.937
369.757
373.703
379.564
402.333
390.117
384.666
381.054
378.483
378.041
378.381
380.923
384.535
389.943
410.89
399.667
394.71
391.475
389.222
388.841
389.143
391.363
394.593
399.499
418.312
408.139
403.712
400.889
398.992
398.675
398.937
400.799
403.61
407.98
424.28
415.193
411.304
408.906
407.392
407.144
407.365
408.841
411.219
415.045
428.433
420.346
416.879
414.793
413.595
413.415
413.592
414.756
416.813
420.212
430.754
422.774
419.299
417.078
415.58
415.238
415.632
417.079
419.247
422.65
432.667
424.91
421.377
419.017
417.333
416.855
417.418
419.031
421.327
424.785
434.268
426.968
423.411
420.936
419.115
418.566
419.214
420.95
423.356
426.84
435.618
429.034
425.537
422.983
421.056
420.451
421.157
422.987
425.471
428.9
436.761
431.133
427.815
425.224
423.212
422.567
423.287
425.205
427.731
430.993
437.752
433.29
430.325
427.772
425.655
424.989
425.645
427.716
430.223
433.145
438.581
435.483
433.106
430.852
428.589
427.928
428.438
430.769
432.984
435.338
439.143
437.458
436.042
434.433
432.683
432.168
432.568
434.296
435.914
437.339
439.773
439.114
438.48
437.97
437.612
437.46
437.57
437.87
438.353
438.982
441.948
441.786
441.719
441.671
441.624
441.594
441.62
441.655
441.7
441.766
65.024
87.8081
97.6923
105.376
112.86
120.511
130.743
142.575
155.995
170.847
186.986
204.366
222.726
241.321
259.479
277.063
293.329
308.076
321.911
335.111
347.711
359.734
371.182
382.039
392.269
401.755
410.345
417.805
423.815
428.015
430.369
432.298
433.917
435.287
436.454
437.472
438.332
438.934
439.625
441.883
-31.7325
-32.8102
-67.4344
-91.3423
-95.8087
-97.2299
-96.3218
-94.6326
-68.5454
-35.5247
-33.1617
441.852
441.816
441.756
441.708
441.693
441.683
441.678
441.684
441.744
441.813
441.834
