# vtk DataFile Version 3.0
Rotor blade panels
ASCII
DATASET UNSTRUCTURED_GRID
POINTS 3696 double
0.791333 1.44183 1.1429
0.78992 1.44377 1.13964
0.787851 1.44233 1.13934
0.789356 1.44026 1.14286
0.78992 1.44377 1.13964
0.788227 1.4461 1.13677
0.786045 1.44481 1.13622
0.787851 1.44233 1.13934
0.788227 1.4461 1.13677
0.786412 1.4486 1.13411
0.78411 1.44748 1.13334
0.786045 1.44481 1.13622
0.786412 1.4486 1.13411
0.78445 1.4513 1.13179
0.782021 1.45035 1.13078
0.78411 1.44748 1.13334
0.78445 1.4513 1.13179
0.782242 1.45434 1.13028
0.779678 1.45358 1.12903
0.782021 1.45035 1.13078
0.782242 1.45434 1.13028
0.781136 1.45586 1.13237
0.77856 1.45512 1.13107
0.779678 1.45358 1.12903
0.781136 1.45586 1.13237
0.783143 1.4531 1.13456
0.780719 1.45214 1.13344
0.77856 1.45512 1.13107
0.783143 1.4531 1.13456
0.785273 1.45017 1.13642
0.782978 1.44903 1.13553
0.780719 1.45214 1.13344
0.785273 1.45017 1.13642
0.787385 1.44726 1.13833
0.785211 1.44596 1.13771
0.782978 1.44903 1.13553
0.787385 1.44726 1.13833
0.789435 1.44444 1.14043
0.787371 1.44299 1.14009
0.785211 1.44596 1.13771
0.789356 1.44026 1.14286
0.787851 1.44233 1.13934
0.784464 1.44021 1.13913
0.786168 1.43787 1.14294
0.787851 1.44233 1.13934
0.786045 1.44481 1.13622
0.782441 1.443 1.13578
0.784464 1.44021 1.13913
0.786045 1.44481 1.13622
0.78411 1.44748 1.13334
0.780282 1.44597 1.13268
0.782441 1.443 1.13578
0.78411 1.44748 1.13334
0.782021 1.45035 1.13078
0.777967 1.44916 1.12993
0.780282 1.44597 1.13268
0.782021 1.45035 1.13078
0.779678 1.45358 1.12903
0.775401 1.45269 1.12797
0.777967 1.44916 1.12993
0.779678 1.45358 1.12903
0.77856 1.45512 1.13107
0.774326 1.45417 1.12997
0.775401 1.45269 1.12797
0.77856 1.45512 1.13107
0.780719 1.45214 1.13344
0.776737 1.45085 1.13247
0.774326 1.45417 1.12997
0.780719 1.45214 1.13344
0.782978 1.44903 1.13553
0.779214 1.44744 1.13477
0.776737 1.45085 1.13247
0.782978 1.44903 1.13553
0.785211 1.44596 1.13771
0.781655 1.44408 1.13719
0.779214 1.44744 1.13477
0.785211 1.44596 1.13771
0.787371 1.44299 1.14009
0.78401 1.44084 1.13985
0.781655 1.44408 1.13719
0.786168 1.43787 1.14294
0.784464 1.44021 1.13913
0.780892 1.43821 1.13921
0.782851 1.43551 1.14314
0.784464 1.44021 1.13913
0.782441 1.443 1.13578
0.778609 1.44135 1.13578
0.780892 1.43821 1.13921
0.782441 1.443 1.13578
0.780282 1.44597 1.13268
0.776188 1.44468 1.13265
0.778609 1.44135 1.13578
0.780282 1.44597 1.13268
0.777967 1.44916 1.12993
0.773618 1.44822 1.12988
0.776188 1.44468 1.13265
0.777967 1.44916 1.12993
0.775401 1.45269 1.12797
0.770816 1.45208 1.1279
0.773618 1.44822 1.12988
0.775401 1.45269 1.12797
0.774326 1.45417 1.12997
0.769827 1.45344 1.12991
0.770816 1.45208 1.1279
0.774326 1.45417 1.12997
0.776737 1.45085 1.13247
0.772503 1.44975 1.13237
0.769827 1.45344 1.12991
0.776737 1.45085 1.13247
0.779214 1.44744 1.13477
0.77522 1.44601 1.1347
0.772503 1.44975 1.13237
0.779214 1.44744 1.13477
0.781655 1.44408 1.13719
0.777894 1.44233 1.13718
0.77522 1.44601 1.1347
0.781655 1.44408 1.13719
0.78401 1.44084 1.13985
0.780477 1.43878 1.13991
0.777894 1.44233 1.13718
0.782851 1.43551 1.14314
0.780892 1.43821 1.13921
0.77731 1.43622 1.13941
0.779521 1.43318 1.14337
0.780892 1.43821 1.13921
0.778609 1.44135 1.13578
0.774776 1.43971 1.13602
0.77731 1.43622 1.13941
0.778609 1.44135 1.13578
0.776188 1.44468 1.13265
0.772108 1.44338 1.13295
0.774776 1.43971 1.13602
0.776188 1.44468 1.13265
0.773618 1.44822 1.12988
0.7693 1.44724 1.13026
0.772108 1.44338 1.13295
0.773618 1.44822 1.12988
0.770816 1.45208 1.1279
0.766283 1.4514 1.12838
0.7693 1.44724 1.13026
0.770816 1.45208 1.1279
0.769827 1.45344 1.12991
0.765382 1.45264 1.13041
0.766283 1.4514 1.12838
0.769827 1.45344 1.12991
0.772503 1.44975 1.13237
0.768298 1.44862 1.13274
0.765382 1.45264 1.13041
0.772503 1.44975 1.13237
0.77522 1.44601 1.1347
0.771237 1.44458 1.13499
0.768298 1.44862 1.13274
0.77522 1.44601 1.1347
0.777894 1.44233 1.13718
0.774128 1.4406 1.13741
0.771237 1.44458 1.13499
0.777894 1.44233 1.13718
0.780477 1.43878 1.13991
0.776931 1.43674 1.14012
0.774128 1.4406 1.13741
0.779521 1.43318 1.14337
0.77731 1.43622 1.13941
0.773773 1.43416 1.13962
0.776193 1.43083 1.14355
0.77731 1.43622 1.13941
0.774776 1.43971 1.13602
0.771035 1.43793 1.13629
0.773773 1.43416 1.13962
0.774776 1.43971 1.13602
0.772108 1.44338 1.13295
0.768167 1.44188 1.1333
0.771035 1.43793 1.13629
0.772108 1.44338 1.13295
0.7693 1.44724 1.13026
0.765166 1.44601 1.13072
0.768167 1.44188 1.1333
0.7693 1.44724 1.13026
0.766283 1.4514 1.12838
0.761975 1.4504 1.12896
0.765166 1.44601 1.13072
0.766283 1.4514 1.12838
0.765382 1.45264 1.13041
0.761144 1.45155 1.13101
0.761975 1.4504 1.12896
0.765382 1.45264 1.13041
0.768298 1.44862 1.13274
0.764249 1.44727 1.13321
0.761144 1.45155 1.13101
0.768298 1.44862 1.13274
0.771237 1.44458 1.13499
0.767367 1.44298 1.13535
0.764249 1.44727 1.13321
0.771237 1.44458 1.13499
0.774128 1.4406 1.13741
0.770438 1.43875 1.13769
0.767367 1.44298 1.13535
0.774128 1.4406 1.13741
0.776931 1.43674 1.14012
0.773421 1.43465 1.14033
0.770438 1.43875 1.13769
0.776193 1.43083 1.14355
0.773773 1.43416 1.13962
0.770282 1.43205 1.13982
0.772867 1.42849 1.14371
0.773773 1.43416 1.13962
0.771035 1.43793 1.13629
0.767386 1.43604 1.13659
0.770282 1.43205 1.13982
0.771035 1.43793 1.13629
0.768167 1.44188 1.1333
0.764363 1.4402 1.1337
0.767386 1.43604 1.13659
0.768167 1.44188 1.1333
0.765166 1.44601 1.13072
0.761215 1.44453 1.13124
0.764363 1.4402 1.1337
0.765166 1.44601 1.13072
0.761975 1.4504 1.12896
0.757893 1.4491 1.12961
0.761215 1.44453 1.13124
0.761975 1.4504 1.12896
0.761144 1.45155 1.13101
0.757116 1.45017 1.13169
0.757893 1.4491 1.12961
0.761144 1.45155 1.13101
0.764249 1.44727 1.13321
0.760364 1.4457 1.13374
0.757116 1.45017 1.13169
0.764249 1.44727 1.13321
0.767367 1.44298 1.13535
0.763619 1.44122 1.13577
0.760364 1.4457 1.13374
0.767367 1.44298 1.13535
0.770438 1.43875 1.13769
0.766827 1.43681 1.138
0.763619 1.44122 1.13577
0.770438 1.43875 1.13769
0.773421 1.43465 1.14033
0.769951 1.43251 1.14055
0.766827 1.43681 1.138
0.772867 1.42849 1.14371
0.770282 1.43205 1.13982
0.766831 1.42988 1.14003
0.769539 1.42616 1.14384
0.770282 1.43205 1.13982
0.767386 1.43604 1.13659
0.763821 1.43403 1.1369
0.766831 1.42988 1.14003
0.767386 1.43604 1.13659
0.764363 1.4402 1.1337
0.760689 1.43834 1.13414
0.763821 1.43403 1.1369
0.764363 1.4402 1.1337
0.761215 1.44453 1.13124
0.757439 1.44281 1.13181
0.760689 1.43834 1.13414
0.761215 1.44453 1.13124
0.757893 1.4491 1.12961
0.754029 1.4475 1.13032
0.757439 1.44281 1.13181
0.757893 1.4491 1.12961
0.757116 1.45017 1.13169
0.753297 1.44851 1.13243
0.754029 1.4475 1.13032
0.757116 1.45017 1.13169
0.760364 1.4457 1.13374
0.756642 1.44391 1.13433
0.753297 1.44851 1.13243
0.760364 1.4457 1.13374
0.763619 1.44122 1.13577
0.75999 1.4393 1.13622
0.756642 1.44391 1.13433
0.763619 1.44122 1.13577
0.766827 1.43681 1.138
0.763293 1.43475 1.13833
0.75999 1.4393 1.13622
0.766827 1.43681 1.138
0.769951 1.43251 1.14055
0.766516 1.43032 1.14077
0.763293 1.43475 1.13833
0.769539 1.42616 1.14384
0.766831 1.42988 1.14003
0.763411 1.42767 1.14025
0.766199 1.42383 1.14394
0.766831 1.42988 1.14003
0.763821 1.43403 1.1369
0.76033 1.43191 1.13725
0.763411 1.42767 1.14025
0.763821 1.43403 1.1369
0.760689 1.43834 1.13414
0.757134 1.43631 1.13462
0.76033 1.43191 1.13725
0.760689 1.43834 1.13414
0.757439 1.44281 1.13181
0.753826 1.44086 1.13243
0.757134 1.43631 1.13462
0.757439 1.44281 1.13181
0.754029 1.4475 1.13032
0.750373 1.44561 1.13109
0.753826 1.44086 1.13243
0.754029 1.4475 1.13032
0.753297 1.44851 1.13243
0.749684 1.44656 1.1332
0.750373 1.44561 1.13109
0.753297 1.44851 1.13243
0.756642 1.44391 1.13433
0.75308 1.44189 1.13495
0.749684 1.44656 1.1332
0.756642 1.44391 1.13433
0.75999 1.4393 1.13622
0.756478 1.43721 1.1367
0.75308 1.44189 1.13495
0.75999 1.4393 1.13622
0.763293 1.43475 1.13833
0.759833 1.43259 1.13867
0.756478 1.43721 1.1367
0.763293 1.43475 1.13833
0.766516 1.43032 1.14077
0.763113 1.42808 1.14099
0.759833 1.43259 1.13867
0.766199 1.42383 1.14394
0.763411 1.42767 1.14025
0.760024 1.42541 1.14047
0.762852 1.42152 1.14403
0.763411 1.42767 1.14025
0.76033 1.43191 1.13725
0.756915 1.42969 1.13762
0.760024 1.42541 1.14047
0.76033 1.43191 1.13725
0.757134 1.43631 1.13462
0.753697 1.43412 1.13514
0.756915 1.42969 1.13762
0.757134 1.43631 1.13462
0.753826 1.44086 1.13243
0.750375 1.43869 1.1331
0.753697 1.43412 1.13514
0.753826 1.44086 1.13243
0.750373 1.44561 1.13109
0.746922 1.44344 1.1319
0.750375 1.43869 1.1331
0.750373 1.44561 1.13109
0.749684 1.44656 1.1332
0.746278 1.44433 1.13398
0.746922 1.44344 1.1319
0.749684 1.44656 1.1332
0.75308 1.44189 1.13495
0.749682 1.43964 1.13559
0.746278 1.44433 1.13398
0.75308 1.44189 1.13495
0.756478 1.43721 1.1367
0.753086 1.43496 1.1372
0.749682 1.43964 1.13559
0.756478 1.43721 1.1367
0.759833 1.43259 1.13867
0.75645 1.43033 1.13903
0.753086 1.43496 1.1372
0.759833 1.43259 1.13867
0.763113 1.42808 1.14099
0.759743 1.4258 1.1412
0.75645 1.43033 1.13903
0.762852 1.42152 1.14403
0.760024 1.42541 1.14047
0.756675 1.4231 1.1407
0.759519 1.41919 1.14411
0.760024 1.42541 1.14047
0.756915 1.42969 1.13762
0.753562 1.42739 1.13799
0.756675 1.4231 1.1407
0.756915 1.42969 1.13762
0.753697 1.43412 1.13514
0.750347 1.43181 1.13566
0.753562 1.42739 1.13799
0.753697 1.43412 1.13514
0.750375 1.43869 1.1331
0.747035 1.43637 1.13377
0.750347 1.43181 1.13566
0.750375 1.43869 1.1331
0.746922 1.44344 1.1319
0.743605 1.44109 1.1327
0.747035 1.43637 1.13377
0.746922 1.44344 1.1319
0.746278 1.44433 1.13398
0.743005 1.44192 1.13475
0.743605 1.44109 1.1327
0.746278 1.44433 1.13398
0.749682 1.43964 1.13559
0.746393 1.43725 1.13621
0.743005 1.44192 1.13475
0.749682 1.43964 1.13559
0.753086 1.43496 1.1372
0.749779 1.43259 1.13768
0.746393 1.43725 1.13621
0.753086 1.43496 1.1372
0.75645 1.43033 1.13903
0.753128 1.42798 1.13938
0.749779 1.43259 1.13768
0.75645 1.43033 1.13903
0.759743 1.4258 1.1412
0.756411 1.42346 1.14142
0.753128 1.42798 1.13938
0.759519 1.41919 1.14411
0.756675 1.4231 1.1407
0.753364 1.42074 1.14092
0.75621 1.41682 1.1442
0.756675 1.4231 1.1407
0.753562 1.42739 1.13799
0.750263 1.425 1.13836
0.753364 1.42074 1.14092
0.753562 1.42739 1.13799
0.750347 1.43181 1.13566
0.747064 1.42941 1.13617
0.750263 1.425 1.13836
0.750347 1.43181 1.13566
0.747035 1.43637 1.13377
0.743775 1.43393 1.13441
0.747064 1.42941 1.13617
0.747035 1.43637 1.13377
0.743605 1.44109 1.1327
0.740379 1.43861 1.13345
0.743775 1.43393 1.13441
0.743605 1.44109 1.1327
0.743005 1.44192 1.13475
0.739818 1.43938 1.13547
0.740379 1.43861 1.13345
0.743005 1.44192 1.13475
0.746393 1.43725 1.13621
0.743177 1.43476 1.1368
0.739818 1.43938 1.13547
0.746393 1.43725 1.13621
0.749779 1.43259 1.13768
0.746534 1.43014 1.13815
0.743177 1.43476 1.1368
0.749779 1.43259 1.13768
0.753128 1.42798 1.13938
0.749856 1.42556 1.13972
0.746534 1.43014 1.13815
0.753128 1.42798 1.13938
0.756411 1.42346 1.14142
0.753116 1.42108 1.14163
0.749856 1.42556 1.13972
0.75621 1.41682 1.1442
0.753364 1.42074 1.14092
0.750092 1.41832 1.14115
0.752926 1.41442 1.14428
0.753364 1.42074 1.14092
0.750263 1.425 1.13836
0.747014 1.42256 1.13872
0.750092 1.41832 1.14115
0.750263 1.425 1.13836
0.747064 1.42941 1.13617
0.743844 1.42692 1.13666
0.747014 1.42256 1.13872
0.747064 1.42941 1.13617
0.743775 1.43393 1.13441
0.74059 1.4314 1.13502
0.743844 1.42692 1.13666
0.743775 1.43393 1.13441
0.740379 1.43861 1.13345
0.73724 1.43601 1.13418
0.74059 1.4314 1.13502
0.740379 1.43861 1.13345
0.739818 1.43938 1.13547
0.736715 1.43673 1.13615
0.73724 1.43601 1.13418
0.739818 1.43938 1.13547
0.743177 1.43476 1.1368
0.740034 1.43216 1.13736
0.736715 1.43673 1.13615
0.743177 1.43476 1.1368
0.746534 1.43014 1.13815
0.743349 1.4276 1.13859
0.740034 1.43216 1.13736
0.746534 1.43014 1.13815
0.749856 1.42556 1.13972
0.746633 1.42308 1.14005
0.743349 1.4276 1.13859
0.749856 1.42556 1.13972
0.753116 1.42108 1.14163
0.749858 1.41864 1.14184
0.746633 1.42308 1.14005
0.752926 1.41442 1.14428
0.750092 1.41832 1.14115
0.746854 1.41585 1.14138
0.749664 1.41199 1.14438
0.750092 1.41832 1.14115
0.747014 1.42256 1.13872
0.743811 1.42004 1.13908
0.746854 1.41585 1.14138
0.747014 1.42256 1.13872
0.743844 1.42692 1.13666
0.740682 1.42435 1.13714
0.743811 1.42004 1.13908
0.743844 1.42692 1.13666
0.74059 1.4314 1.13502
0.737474 1.42877 1.13562
0.740682 1.42435 1.13714
0.74059 1.4314 1.13502
0.73724 1.43601 1.13418
0.734179 1.4333 1.13487
0.737474 1.42877 1.13562
0.73724 1.43601 1.13418
0.736715 1.43673 1.13615
0.733687 1.43398 1.13679
0.734179 1.4333 1.13487
0.736715 1.43673 1.13615
0.740034 1.43216 1.13736
0.736955 1.42948 1.13789
0.733687 1.43398 1.13679
0.740034 1.43216 1.13736
0.743349 1.4276 1.13859
0.740219 1.42499 1.13902
0.736955 1.42948 1.13789
0.743349 1.4276 1.13859
0.746633 1.42308 1.14005
0.743453 1.42054 1.14037
0.740219 1.42499 1.13902
0.746633 1.42308 1.14005
0.749858 1.41864 1.14184
0.746633 1.41616 1.14206
0.743453 1.42054 1.14037
0.749664 1.41199 1.14438
0.746854 1.41585 1.14138
0.743651 1.41334 1.1416
0.746426 1.40953 1.14447
0.746854 1.41585 1.14138
0.743811 1.42004 1.13908
0.740654 1.41747 1.13942
0.743651 1.41334 1.1416
0.743811 1.42004 1.13908
0.740682 1.42435 1.13714
0.737576 1.42171 1.1376
0.740654 1.41747 1.13942
0.740682 1.42435 1.13714
0.737474 1.42877 1.13562
0.734424 1.42604 1.13619
0.737576 1.42171 1.1376
0.737474 1.42877 1.13562
0.734179 1.4333 1.13487
0.731194 1.43049 1.13553
0.734424 1.42604 1.13619
0.734179 1.4333 1.13487
0.733687 1.43398 1.13679
0.730733 1.43113 1.13741
0.731194 1.43049 1.13553
0.733687 1.43398 1.13679
0.736955 1.42948 1.13789
0.73394 1.42671 1.1384
0.730733 1.43113 1.13741
0.736955 1.42948 1.13789
0.740219 1.42499 1.13902
0.737142 1.4223 1.13944
0.73394 1.42671 1.1384
0.740219 1.42499 1.13902
0.743453 1.42054 1.14037
0.740318 1.41793 1.14069
0.737142 1.4223 1.13944
0.743453 1.42054 1.14037
0.746633 1.41616 1.14206
0.743443 1.41363 1.14226
0.740318 1.41793 1.14069
0.746426 1.40953 1.14447
0.743651 1.41334 1.1416
0.740479 1.41079 1.14182
0.743209 1.40704 1.14456
0.743651 1.41334 1.1416
0.740654 1.41747 1.13942
0.737539 1.41484 1.13976
0.740479 1.41079 1.14182
0.740654 1.41747 1.13942
0.737576 1.42171 1.1376
0.734521 1.41899 1.13805
0.737539 1.41484 1.13976
0.737576 1.42171 1.1376
0.734424 1.42604 1.13619
0.731436 1.42324 1.13674
0.734521 1.41899 1.13805
0.734424 1.42604 1.13619
0.731194 1.43049 1.13553
0.728279 1.42758 1.13617
0.731436 1.42324 1.13674
0.731194 1.43049 1.13553
0.730733 1.43113 1.13741
0.727847 1.42818 1.13799
0.728279 1.42758 1.13617
0.730733 1.43113 1.13741
0.73394 1.42671 1.1384
0.730983 1.42386 1.13889
0.727847 1.42818 1.13799
0.73394 1.42671 1.1384
0.737142 1.4223 1.13944
0.734116 1.41955 1.13984
0.730983 1.42386 1.13889
0.737142 1.4223 1.13944
0.740318 1.41793 1.14069
0.737223 1.41527 1.14099
0.734116 1.41955 1.13984
0.740318 1.41793 1.14069
0.743443 1.41363 1.14226
0.740282 1.41106 1.14247
0.737223 1.41527 1.14099
0.743209 1.40704 1.14456
0.740479 1.41079 1.14182
0.737336 1.4082 1.14205
0.740012 1.40451 1.14465
0.740479 1.41079 1.14182
0.737539 1.41484 1.13976
0.734462 1.41215 1.1401
0.737336 1.4082 1.14205
0.737539 1.41484 1.13976
0.734521 1.41899 1.13805
0.731515 1.41621 1.1385
0.734462 1.41215 1.1401
0.734521 1.41899 1.13805
0.731436 1.42324 1.13674
0.728505 1.42035 1.13728
0.731515 1.41621 1.1385
0.731436 1.42324 1.13674
0.728279 1.42758 1.13617
0.72543 1.42458 1.13679
0.728505 1.42035 1.13728
0.728279 1.42758 1.13617
0.727847 1.42818 1.13799
0.725025 1.42514 1.13854
0.72543 1.42458 1.13679
0.727847 1.42818 1.13799
0.730983 1.42386 1.13889
0.728082 1.42093 1.13937
0.725025 1.42514 1.13854
0.730983 1.42386 1.13889
0.734116 1.41955 1.13984
0.731134 1.41673 1.14024
0.728082 1.42093 1.13937
0.734116 1.41955 1.13984
0.737223 1.41527 1.14099
0.734163 1.41256 1.14131
0.731134 1.41673 1.14024
0.737223 1.41527 1.14099
0.740282 1.41106 1.14247
0.737149 1.40845 1.14268
0.734163 1.41256 1.14131
0.740012 1.40451 1.14465
0.737336 1.4082 1.14205
0.734218 1.40557 1.14229
0.736835 1.40197 1.14474
0.737336 1.4082 1.14205
0.734462 1.41215 1.1401
0.731422 1.40942 1.14044
0.734218 1.40557 1.14229
0.734462 1.41215 1.1401
0.731515 1.41621 1.1385
0.728558 1.41336 1.13894
0.731422 1.40942 1.14044
0.731515 1.41621 1.1385
0.728505 1.42035 1.13728
0.725633 1.41739 1.13782
0.728558 1.41336 1.13894
0.728505 1.42035 1.13728
0.72543 1.42458 1.13679
0.72265 1.42149 1.1374
0.725633 1.41739 1.13782
0.72543 1.42458 1.13679
0.725025 1.42514 1.13854
0.72227 1.42201 1.13907
0.72265 1.42149 1.1374
0.725025 1.42514 1.13854
0.728082 1.42093 1.13937
0.725234 1.41793 1.13984
0.72227 1.42201 1.13907
0.728082 1.42093 1.13937
0.731134 1.41673 1.14024
0.728195 1.41386 1.14066
0.725234 1.41793 1.13984
0.731134 1.41673 1.14024
0.734163 1.41256 1.14131
0.731135 1.40981 1.14166
0.728195 1.41386 1.14066
0.734163 1.41256 1.14131
0.737149 1.40845 1.14268
0.734038 1.40582 1.14293
0.731135 1.40981 1.14166
0.736835 1.40197 1.14474
0.734218 1.40557 1.14229
0.731125 1.40291 1.14252
0.733675 1.3994 1.14483
0.734218 1.40557 1.14229
0.731422 1.40942 1.14044
0.728415 1.40664 1.14078
0.731125 1.40291 1.14252
0.731422 1.40942 1.14044
0.728558 1.41336 1.13894
0.72564 1.41046 1.13937
0.728415 1.40664 1.14078
0.728558 1.41336 1.13894
0.725633 1.41739 1.13782
0.722808 1.41435 1.13834
0.72564 1.41046 1.13937
0.725633 1.41739 1.13782
0.72265 1.42149 1.1374
0.719924 1.41832 1.13799
0.722808 1.41435 1.13834
0.72265 1.42149 1.1374
0.72227 1.42201 1.13907
0.719568 1.41881 1.13958
0.719924 1.41832 1.13799
0.72227 1.42201 1.13907
0.725234 1.41793 1.13984
0.722434 1.41487 1.1403
0.719568 1.41881 1.13958
0.725234 1.41793 1.13984
0.728195 1.41386 1.14066
0.725296 1.41093 1.14106
0.722434 1.41487 1.1403
0.728195 1.41386 1.14066
0.731135 1.40981 1.14166
0.728141 1.40702 1.14199
0.725296 1.41093 1.14106
0.731135 1.40981 1.14166
0.734038 1.40582 1.14293
0.730953 1.40314 1.14317
0.728141 1.40702 1.14199
0.733675 1.3994 1.14483
0.731125 1.40291 1.14252
0.728057 1.40021 1.14276
0.730532 1.3968 1.14492
0.731125 1.40291 1.14252
0.728415 1.40664 1.14078
0.72544 1.40381 1.14112
0.728057 1.40021 1.14276
0.728415 1.40664 1.14078
0.72564 1.41046 1.13937
0.722762 1.4075 1.1398
0.72544 1.40381 1.14112
0.72564 1.41046 1.13937
0.722808 1.41435 1.13834
0.720031 1.41125 1.13885
0.722762 1.4075 1.1398
0.722808 1.41435 1.13834
0.719924 1.41832 1.13799
0.717252 1.41508 1.13855
0.720031 1.41125 1.13885
0.719924 1.41832 1.13799
0.719568 1.41881 1.13958
0.71692 1.41554 1.14006
0.717252 1.41508 1.13855
0.719568 1.41881 1.13958
0.722434 1.41487 1.1403
0.719681 1.41174 1.14074
0.71692 1.41554 1.14006
0.722434 1.41487 1.1403
0.725296 1.41093 1.14106
0.722439 1.40794 1.14145
0.719681 1.41174 1.14074
0.725296 1.41093 1.14106
0.728141 1.40702 1.14199
0.725181 1.40417 1.14232
0.722439 1.40794 1.14145
0.728141 1.40702 1.14199
0.730953 1.40314 1.14317
0.727895 1.40043 1.14341
0.725181 1.40417 1.14232
0.730532 1.3968 1.14492
0.728057 1.40021 1.14276
0.725015 1.39748 1.14299
0.727407 1.39418 1.14501
0.728057 1.40021 1.14276
0.72544 1.40381 1.14112
0.722498 1.40094 1.14146
0.725015 1.39748 1.14299
0.72544 1.40381 1.14112
0.722762 1.4075 1.1398
0.719924 1.40448 1.14022
0.722498 1.40094 1.14146
0.722762 1.4075 1.1398
0.720031 1.41125 1.13885
0.7173 1.40809 1.13934
0.719924 1.40448 1.14022
0.720031 1.41125 1.13885
0.717252 1.41508 1.13855
0.714633 1.41177 1.1391
0.7173 1.40809 1.13934
0.717252 1.41508 1.13855
0.71692 1.41554 1.14006
0.714325 1.41219 1.14053
0.714633 1.41177 1.1391
0.71692 1.41554 1.14006
0.719681 1.41174 1.14074
0.716975 1.40854 1.14115
0.714325 1.41219 1.14053
0.719681 1.41174 1.14074
0.722439 1.40794 1.14145
0.719621 1.4049 1.14182
0.716975 1.40854 1.14115
0.722439 1.40794 1.14145
0.725181 1.40417 1.14232
0.722254 1.40128 1.14262
0.719621 1.4049 1.14182
0.725181 1.40417 1.14232
0.727895 1.40043 1.14341
0.724863 1.39769 1.14363
0.722254 1.40128 1.14262
0.727407 1.39418 1.14501
0.725015 1.39748 1.14299
0.721994 1.39471 1.14322
0.724295 1.39154 1.1451
0.725015 1.39748 1.14299
0.722498 1.40094 1.14146
0.719582 1.39803 1.14178
0.721994 1.39471 1.14322
0.722498 1.40094 1.14146
0.719924 1.40448 1.14022
0.717119 1.40142 1.14063
0.719582 1.39803 1.14178
0.719924 1.40448 1.14022
0.7173 1.40809 1.13934
0.714609 1.40488 1.13982
0.717119 1.40142 1.14063
0.7173 1.40809 1.13934
0.714633 1.41177 1.1391
0.71206 1.40838 1.13963
0.714609 1.40488 1.13982
0.714633 1.41177 1.1391
0.714325 1.41219 1.14053
0.711774 1.40878 1.14098
0.71206 1.40838 1.13963
0.714325 1.41219 1.14053
0.716975 1.40854 1.14115
0.714307 1.40529 1.14156
0.711774 1.40878 1.14098
0.716975 1.40854 1.14115
0.719621 1.4049 1.14182
0.716837 1.40181 1.14217
0.714307 1.40529 1.14156
0.719621 1.4049 1.14182
0.722254 1.40128 1.14262
0.719355 1.39834 1.14292
0.716837 1.40181 1.14217
0.722254 1.40128 1.14262
0.724863 1.39769 1.14363
0.721851 1.39491 1.14385
0.719355 1.39834 1.14292
0.724295 1.39154 1.1451
0.721994 1.39471 1.14322
0.718997 1.39192 1.14345
0.7212 1.38889 1.14518
0.721994 1.39471 1.14322
0.719582 1.39803 1.14178
0.716698 1.39508 1.14211
0.718997 1.39192 1.14345
0.719582 1.39803 1.14178
0.717119 1.40142 1.14063
0.714351 1.39831 1.14104
0.716698 1.39508 1.14211
0.717119 1.40142 1.14063
0.714609 1.40488 1.13982
0.711961 1.4016 1.14029
0.714351 1.39831 1.14104
0.714609 1.40488 1.13982
0.71206 1.40838 1.13963
0.709536 1.40494 1.14014
0.711961 1.4016 1.14029
0.71206 1.40838 1.13963
0.711774 1.40878 1.14098
0.709272 1.4053 1.14142
0.709536 1.40494 1.14014
0.711774 1.40878 1.14098
0.714307 1.40529 1.14156
0.711682 1.40199 1.14195
0.709272 1.4053 1.14142
0.714307 1.40529 1.14156
0.716837 1.40181 1.14217
0.71409 1.39867 1.14252
0.711682 1.40199 1.14195
0.716837 1.40181 1.14217
0.719355 1.39834 1.14292
0.716486 1.39537 1.14321
0.71409 1.39867 1.14252
0.719355 1.39834 1.14292
0.721851 1.39491 1.14385
0.718865 1.3921 1.14405
0.716486 1.39537 1.14321
0.7212 1.38889 1.14518
0.718997 1.39192 1.14345
0.71602 1.3891 1.14367
0.718118 1.38621 1.14527
0.718997 1.39192 1.14345
0.716698 1.39508 1.14211
0.713839 1.3921 1.14243
0.71602 1.3891 1.14367
0.716698 1.39508 1.14211
0.714351 1.39831 1.14104
0.711614 1.39516 1.14143
0.713839 1.3921 1.14243
0.714351 1.39831 1.14104
0.711961 1.4016 1.14029
0.709349 1.39828 1.14075
0.711614 1.39516 1.14143
0.711961 1.4016 1.14029
0.709536 1.40494 1.14014
0.707053 1.40144 1.14063
0.709349 1.39828 1.14075
0.709536 1.40494 1.14014
0.709272 1.4053 1.14142
0.706809 1.40177 1.14183
0.707053 1.40144 1.14063
0.709272 1.4053 1.14142
0.711682 1.40199 1.14195
0.709092 1.39863 1.14232
0.706809 1.40177 1.14183
0.711682 1.40199 1.14195
0.71409 1.39867 1.14252
0.711372 1.39549 1.14285
0.709092 1.39863 1.14232
0.71409 1.39867 1.14252
0.716486 1.39537 1.14321
0.713643 1.39237 1.14348
0.711372 1.39549 1.14285
0.716486 1.39537 1.14321
0.718865 1.3921 1.14405
0.715898 1.38926 1.14426
0.713643 1.39237 1.14348
0.718118 1.38621 1.14527
0.71602 1.3891 1.14367
0.713061 1.38625 1.14389
0.715047 1.38351 1.14535
0.71602 1.3891 1.14367
0.713839 1.3921 1.14243
0.711003 1.38908 1.14274
0.713061 1.38625 1.14389
0.713839 1.3921 1.14243
0.711614 1.39516 1.14143
0.708905 1.39197 1.14182
0.711003 1.38908 1.14274
0.711614 1.39516 1.14143
0.709349 1.39828 1.14075
0.706771 1.3949 1.1412
0.708905 1.39197 1.14182
0.709349 1.39828 1.14075
0.707053 1.40144 1.14063
0.704609 1.39788 1.1411
0.706771 1.3949 1.1412
0.707053 1.40144 1.14063
0.706809 1.40177 1.14183
0.704386 1.39819 1.14223
0.704609 1.39788 1.1411
0.706809 1.40177 1.14183
0.709092 1.39863 1.14232
0.706536 1.39523 1.14268
0.704386 1.39819 1.14223
0.709092 1.39863 1.14232
0.711372 1.39549 1.14285
0.708684 1.39227 1.14316
0.706536 1.39523 1.14268
0.711372 1.39549 1.14285
0.713643 1.39237 1.14348
0.710823 1.38933 1.14374
0.708684 1.39227 1.14316
0.713643 1.39237 1.14348
0.715898 1.38926 1.14426
0.712949 1.3864 1.14445
0.710823 1.38933 1.14374
0.715047 1.38351 1.14535
0.713061 1.38625 1.14389
0.71012 1.38338 1.1441
0.711989 1.3808 1.14543
0.713061 1.38625 1.14389
0.711003 1.38908 1.14274
0.708191 1.38603 1.14305
0.71012 1.38338 1.1441
0.711003 1.38908 1.14274
0.708905 1.39197 1.14182
0.706226 1.38874 1.1422
0.708191 1.38603 1.14305
0.708905 1.39197 1.14182
0.706771 1.3949 1.1412
0.704228 1.39149 1.14163
0.706226 1.38874 1.1422
0.706771 1.3949 1.1412
0.704609 1.39788 1.1411
0.702204 1.39427 1.14156
0.704228 1.39149 1.14163
0.704609 1.39788 1.1411
0.704386 1.39819 1.14223
0.702 1.39455 1.14262
0.702204 1.39427 1.14156
0.704386 1.39819 1.14223
0.706536 1.39523 1.14268
0.704013 1.39178 1.14302
0.702 1.39455 1.14262
0.706536 1.39523 1.14268
0.708684 1.39227 1.14316
0.706023 1.38902 1.14347
0.704013 1.39178 1.14302
0.708684 1.39227 1.14316
0.710823 1.38933 1.14374
0.708026 1.38626 1.144
0.706023 1.38902 1.14347
0.710823 1.38933 1.14374
0.712949 1.3864 1.14445
0.710018 1.38352 1.14464
0.708026 1.38626 1.144
0.711989 1.3808 1.14543
0.71012 1.38338 1.1441
0.707196 1.38048 1.14431
0.708941 1.37808 1.14551
0.71012 1.38338 1.1441
0.708191 1.38603 1.14305
0.7054 1.38295 1.14334
0.707196 1.38048 1.14431
0.708191 1.38603 1.14305
0.706226 1.38874 1.1422
0.703572 1.38547 1.14257
0.7054 1.38295 1.14334
0.706226 1.38874 1.1422
0.704228 1.39149 1.14163
0.701714 1.38803 1.14206
0.703572 1.38547 1.14257
0.704228 1.39149 1.14163
0.702204 1.39427 1.14156
0.699834 1.39062 1.14201
0.701714 1.38803 1.14206
0.702204 1.39427 1.14156
0.702 1.39455 1.14262
0.699649 1.39087 1.14299
0.699834 1.39062 1.14201
0.702 1.39455 1.14262
0.704013 1.39178 1.14302
0.70152 1.3883 1.14335
0.699649 1.39087 1.14299
0.704013 1.39178 1.14302
0.706023 1.38902 1.14347
0.703389 1.38572 1.14376
0.70152 1.3883 1.14335
0.706023 1.38902 1.14347
0.708026 1.38626 1.144
0.705251 1.38316 1.14424
0.703389 1.38572 1.14376
0.708026 1.38626 1.144
0.710018 1.38352 1.14464
0.707104 1.38061 1.14481
0.705251 1.38316 1.14424
0.708941 1.37808 1.14551
0.707196 1.38048 1.14431
0.704285 1.37757 1.14451
0.705901 1.37534 1.14559
0.707196 1.38048 1.14431
0.7054 1.38295 1.14334
0.702627 1.37985 1.14364
0.704285 1.37757 1.14451
0.7054 1.38295 1.14334
0.703572 1.38547 1.14257
0.700941 1.38217 1.14294
0.702627 1.37985 1.14364
0.703572 1.38547 1.14257
0.701714 1.38803 1.14206
0.699227 1.38453 1.14247
0.700941 1.38217 1.14294
0.701714 1.38803 1.14206
0.699834 1.39062 1.14201
0.697493 1.38691 1.14244
0.699227 1.38453 1.14247
0.699834 1.39062 1.14201
0.699649 1.39087 1.14299
0.697327 1.38714 1.14334
0.697493 1.38691 1.14244
0.699649 1.39087 1.14299
0.70152 1.3883 1.14335
0.699052 1.38477 1.14367
0.697327 1.38714 1.14334
0.70152 1.3883 1.14335
0.703389 1.38572 1.14376
0.700775 1.3824 1.14404
0.699052 1.38477 1.14367
0.703389 1.38572 1.14376
0.705251 1.38316 1.14424
0.702493 1.38003 1.14447
0.700775 1.3824 1.14404
0.705251 1.38316 1.14424
0.707104 1.38061 1.14481
0.704203 1.37768 1.14498
0.702493 1.38003 1.14447
0.705901 1.37534 1.14559
0.704285 1.37757 1.14451
0.701389 1.37463 1.14471
0.702872 1.37259 1.14567
0.704285 1.37757 1.14451
0.702627 1.37985 1.14364
0.699874 1.37672 1.14392
0.701389 1.37463 1.14471
0.702627 1.37985 1.14364
0.700941 1.38217 1.14294
0.698333 1.37884 1.14329
0.699874 1.37672 1.14392
0.700941 1.38217 1.14294
0.699227 1.38453 1.14247
0.696767 1.381 1.14288
0.698333 1.37884 1.14329
0.699227 1.38453 1.14247
0.697493 1.38691 1.14244
0.695184 1.38317 1.14286
0.696767 1.381 1.14288
0.697493 1.38691 1.14244
0.697327 1.38714 1.14334
0.695036 1.38338 1.14368
0.695184 1.38317 1.14286
0.697327 1.38714 1.14334
0.699052 1.38477 1.14367
0.696611 1.38121 1.14398
0.695036 1.38338 1.14368
0.699052 1.38477 1.14367
0.700775 1.3824 1.14404
0.698185 1.37904 1.1443
0.696611 1.38121 1.14398
0.700775 1.3824 1.14404
0.702493 1.38003 1.14447
0.699754 1.37688 1.14469
0.698185 1.37904 1.1443
0.702493 1.38003 1.14447
0.704203 1.37768 1.14498
0.701317 1.37473 1.14515
0.699754 1.37688 1.14469
0.702872 1.37259 1.14567
0.701389 1.37463 1.14471
0.698504 1.37168 1.1449
0.699848 1.36983 1.14574
0.701389 1.37463 1.14471
0.699874 1.37672 1.14392
0.697134 1.37357 1.1442
0.698504 1.37168 1.1449
0.699874 1.37672 1.14392
0.698333 1.37884 1.14329
0.695742 1.37548 1.14364
0.697134 1.37357 1.1442
0.698333 1.37884 1.14329
0.696767 1.381 1.14288
0.694328 1.37743 1.14327
0.695742 1.37548 1.14364
0.696767 1.381 1.14288
0.695184 1.38317 1.14286
0.6929 1.3794 1.14327
0.694328 1.37743 1.14327
0.695184 1.38317 1.14286
0.695036 1.38338 1.14368
0.692769 1.37958 1.14401
0.6929 1.3794 1.14327
0.695036 1.38338 1.14368
0.696611 1.38121 1.14398
0.694191 1.37762 1.14427
0.692769 1.37958 1.14401
0.696611 1.38121 1.14398
0.698185 1.37904 1.1443
0.695612 1.37566 1.14456
0.694191 1.37762 1.14427
0.698185 1.37904 1.1443
0.699754 1.37688 1.14469
0.697029 1.37371 1.1449
0.695612 1.37566 1.14456
0.699754 1.37688 1.14469
0.701317 1.37473 1.14515
0.698441 1.37177 1.1453
0.697029 1.37371 1.1449
0.699848 1.36983 1.14574
0.698504 1.37168 1.1449
0.695759 1.36884 1.14507
0.696963 1.36718 1.14581
0.698504 1.37168 1.1449
0.697134 1.37357 1.1442
0.694531 1.37053 1.14445
0.695759 1.36884 1.14507
0.697134 1.37357 1.1442
0.695742 1.37548 1.14364
0.693285 1.37224 1.14396
0.694531 1.37053 1.14445
0.695742 1.37548 1.14364
0.694328 1.37743 1.14327
0.692019 1.37398 1.14364
0.693285 1.37224 1.14396
0.694328 1.37743 1.14327
0.6929 1.3794 1.14327
0.690741 1.37574 1.14364
0.692019 1.37398 1.14364
0.6929 1.3794 1.14327
0.692769 1.37958 1.14401
0.690625 1.3759 1.14431
0.690741 1.37574 1.14364
0.692769 1.37958 1.14401
0.694191 1.37762 1.14427
0.691899 1.37415 1.14453
0.690625 1.3759 1.14431
0.694191 1.37762 1.14427
0.695612 1.37566 1.14456
0.693171 1.3724 1.14478
0.691899 1.37415 1.14453
0.695612 1.37566 1.14456
0.697029 1.37371 1.1449
0.694439 1.37065 1.14508
0.693171 1.3724 1.14478
0.697029 1.37371 1.1449
0.698441 1.37177 1.1453
0.695703 1.36891 1.14543
0.694439 1.37065 1.14508
0.696963 1.36718 1.14581
0.695759 1.36884 1.14507
0.695136 1.36809 1.14512
0.696298 1.36649 1.14583
0.695759 1.36884 1.14507
0.694531 1.37053 1.14445
0.693951 1.36972 1.14453
0.695136 1.36809 1.14512
0.694531 1.37053 1.14445
0.693285 1.37224 1.14396
0.692749 1.37138 1.14405
0.693951 1.36972 1.14453
0.693285 1.37224 1.14396
0.692019 1.37398 1.14364
0.691527 1.37306 1.14374
0.692749 1.37138 1.14405
0.692019 1.37398 1.14364
0.690741 1.37574 1.14364
0.690294 1.37476 1.14375
0.691527 1.37306 1.14374
0.690741 1.37574 1.14364
0.690625 1.3759 1.14431
0.690182 1.37491 1.1444
0.690294 1.37476 1.14375
0.690625 1.3759 1.14431
0.691899 1.37415 1.14453
0.691411 1.37322 1.14461
0.690182 1.37491 1.1444
0.691899 1.37415 1.14453
0.693171 1.3724 1.14478
0.692638 1.37153 1.14485
0.691411 1.37322 1.14461
0.693171 1.3724 1.14478
0.694439 1.37065 1.14508
0.693862 1.36984 1.14514
0.692638 1.37153 1.14485
0.694439 1.37065 1.14508
0.695703 1.36891 1.14543
0.695082 1.36816 1.14547
0.693862 1.36984 1.14514
0.696298 1.36649 1.14583
0.695136 1.36809 1.14512
0.694672 1.36742 1.14518
0.695791 1.36588 1.14586
0.695136 1.36809 1.14512
0.693951 1.36972 1.14453
0.693531 1.36899 1.14461
0.694672 1.36742 1.14518
0.693951 1.36972 1.14453
0.692749 1.37138 1.14405
0.692373 1.37058 1.14415
0.693531 1.36899 1.14461
0.692749 1.37138 1.14405
0.691527 1.37306 1.14374
0.691197 1.3722 1.14386
0.692373 1.37058 1.14415
0.691527 1.37306 1.14374
0.690294 1.37476 1.14375
0.690009 1.37384 1.14387
0.691197 1.3722 1.14386
0.690294 1.37476 1.14375
0.690182 1.37491 1.1444
0.689902 1.37399 1.14449
0.690009 1.37384 1.14387
0.690182 1.37491 1.1444
0.691411 1.37322 1.14461
0.691085 1.37236 1.14469
0.689902 1.37399 1.14449
0.691411 1.37322 1.14461
0.692638 1.37153 1.14485
0.692267 1.37073 1.14492
0.691085 1.37236 1.14469
0.692638 1.37153 1.14485
0.693862 1.36984 1.14514
0.693445 1.36911 1.1452
0.692267 1.37073 1.14492
0.693862 1.36984 1.14514
0.695082 1.36816 1.14547
0.69462 1.36749 1.14551
0.693445 1.36911 1.1452
0.695791 1.36588 1.14586
0.694672 1.36742 1.14518
0.694254 1.36669 1.14525
0.695322 1.36522 1.1459
0.694672 1.36742 1.14518
0.693531 1.36899 1.14461
0.693166 1.36818 1.14471
0.694254 1.36669 1.14525
0.693531 1.36899 1.14461
0.692373 1.37058 1.14415
0.692061 1.3697 1.14427
0.693166 1.36818 1.14471
0.692373 1.37058 1.14415
0.691197 1.3722 1.14386
0.69094 1.37125 1.14399
0.692061 1.3697 1.14427
0.691197 1.3722 1.14386
0.690009 1.37384 1.14387
0.689807 1.37281 1.144
0.69094 1.37125 1.14399
0.690009 1.37384 1.14387
0.689902 1.37399 1.14449
0.689705 1.37295 1.1446
0.689807 1.37281 1.144
0.689902 1.37399 1.14449
0.691085 1.37236 1.14469
0.690834 1.37139 1.14479
0.689705 1.37295 1.1446
0.691085 1.37236 1.14469
0.692267 1.37073 1.14492
0.691961 1.36984 1.14501
0.690834 1.37139 1.14479
0.692267 1.37073 1.14492
0.693445 1.36911 1.1452
0.693085 1.3683 1.14527
0.691961 1.36984 1.14501
0.693445 1.36911 1.1452
0.69462 1.36749 1.14551
0.694205 1.36675 1.14557
0.693085 1.3683 1.14527
0.695322 1.36522 1.1459
0.694254 1.36669 1.14525
0.693888 1.36588 1.14534
0.694894 1.36449 1.14595
0.694254 1.36669 1.14525
0.693166 1.36818 1.14471
0.692863 1.36729 1.14483
0.693888 1.36588 1.14534
0.693166 1.36818 1.14471
0.692061 1.3697 1.14427
0.691823 1.36872 1.14442
0.692863 1.36729 1.14483
0.692061 1.3697 1.14427
0.69094 1.37125 1.14399
0.690766 1.37018 1.14416
0.691823 1.36872 1.14442
0.69094 1.37125 1.14399
0.689807 1.37281 1.144
0.689699 1.37164 1.14417
0.690766 1.37018 1.14416
0.689807 1.37281 1.144
0.689705 1.37295 1.1446
0.689604 1.37178 1.14473
0.689699 1.37164 1.14417
0.689705 1.37295 1.1446
0.690834 1.37139 1.14479
0.690667 1.37031 1.14491
0.689604 1.37178 1.14473
0.690834 1.37139 1.14479
0.691961 1.36984 1.14501
0.691728 1.36885 1.14512
0.690667 1.37031 1.14491
0.691961 1.36984 1.14501
0.693085 1.3683 1.14527
0.692787 1.3674 1.14536
0.691728 1.36885 1.14512
0.693085 1.3683 1.14527
0.694205 1.36675 1.14557
0.693842 1.36594 1.14564
0.692787 1.3674 1.14536
0.694894 1.36449 1.14595
0.693888 1.36588 1.14534
0.693585 1.36499 1.14545
0.694517 1.3637 1.14601
0.693888 1.36588 1.14534
0.692863 1.36729 1.14483
0.692636 1.36629 1.14498
0.693585 1.36499 1.14545
0.692863 1.36729 1.14483
0.691823 1.36872 1.14442
0.691672 1.36762 1.1446
0.692636 1.36629 1.14498
0.691823 1.36872 1.14442
0.690766 1.37018 1.14416
0.690693 1.36897 1.14436
0.691672 1.36762 1.1446
0.690766 1.37018 1.14416
0.689699 1.37164 1.14417
0.689705 1.37033 1.14437
0.690693 1.36897 1.14436
0.689699 1.37164 1.14417
0.689604 1.37178 1.14473
0.689617 1.37045 1.14489
0.689705 1.37033 1.14437
0.689604 1.37178 1.14473
0.690667 1.37031 1.14491
0.690601 1.36909 1.14506
0.689617 1.37045 1.14489
0.690667 1.37031 1.14491
0.691728 1.36885 1.14512
0.691584 1.36774 1.14524
0.690601 1.36909 1.14506
0.691728 1.36885 1.14512
0.692787 1.3674 1.14536
0.692565 1.36639 1.14547
0.691584 1.36774 1.14524
0.692787 1.3674 1.14536
0.693842 1.36594 1.14564
0.693542 1.36505 1.14573
0.692565 1.36639 1.14547
0.694517 1.3637 1.14601
0.693585 1.36499 1.14545
0.693366 1.36398 1.14558
0.694208 1.36282 1.14609
0.693585 1.36499 1.14545
0.692636 1.36629 1.14498
0.692508 1.36516 1.14516
0.693366 1.36398 1.14558
0.692636 1.36629 1.14498
0.691672 1.36762 1.1446
0.691637 1.36636 1.14482
0.692508 1.36516 1.14516
0.691672 1.36762 1.1446
0.690693 1.36897 1.14436
0.690753 1.36758 1.1446
0.691637 1.36636 1.14482
0.690693 1.36897 1.14436
0.689705 1.37033 1.14437
0.68986 1.3688 1.14461
0.690753 1.36758 1.1446
0.689705 1.37033 1.14437
0.689617 1.37045 1.14489
0.689781 1.36891 1.14508
0.68986 1.3688 1.14461
0.689617 1.37045 1.14489
0.690601 1.36909 1.14506
0.69067 1.36769 1.14523
0.689781 1.36891 1.14508
0.690601 1.36909 1.14506
0.691584 1.36774 1.14524
0.691558 1.36647 1.1454
0.69067 1.36769 1.14523
0.691584 1.36774 1.14524
0.692565 1.36639 1.14547
0.692444 1.36525 1.1456
0.691558 1.36647 1.1454
0.692565 1.36639 1.14547
0.693542 1.36505 1.14573
0.693327 1.36403 1.14583
0.692444 1.36525 1.1456
0.694208 1.36282 1.14609
0.693366 1.36398 1.14558
0.693262 1.36281 1.14575
0.693992 1.36181 1.14619
0.693366 1.36398 1.14558
0.692508 1.36516 1.14516
0.692519 1.36384 1.14538
0.693262 1.36281 1.14575
0.692508 1.36516 1.14516
0.691637 1.36636 1.14482
0.691764 1.36487 1.14509
0.692519 1.36384 1.14538
0.691637 1.36636 1.14482
0.690753 1.36758 1.1446
0.690998 1.36593 1.14491
0.691764 1.36487 1.14509
0.690753 1.36758 1.1446
0.68986 1.3688 1.14461
0.690225 1.36699 1.14492
0.690998 1.36593 1.14491
0.68986 1.3688 1.14461
0.689781 1.36891 1.14508
0.690156 1.36709 1.14532
0.690225 1.36699 1.14492
0.689781 1.36891 1.14508
0.69067 1.36769 1.14523
0.690927 1.36603 1.14545
0.690156 1.36709 1.14532
0.69067 1.36769 1.14523
0.691558 1.36647 1.1454
0.691696 1.36497 1.1456
0.690927 1.36603 1.14545
0.691558 1.36647 1.1454
0.692444 1.36525 1.1456
0.692464 1.36391 1.14577
0.691696 1.36497 1.1456
0.692444 1.36525 1.1456
0.693327 1.36403 1.14583
0.693229 1.36286 1.14597
0.692464 1.36391 1.14577
0.693992 1.36181 1.14619
0.693262 1.36281 1.14575
0.693364 1.36136 1.14599
0.693941 1.36057 1.14633
0.693262 1.36281 1.14575
0.692519 1.36384 1.14538
0.692775 1.36217 1.1457
0.693364 1.36136 1.14599
0.692519 1.36384 1.14538
0.691764 1.36487 1.14509
0.692177 1.363 1.14547
0.692775 1.36217 1.1457
0.691764 1.36487 1.14509
0.690998 1.36593 1.14491
0.691571 1.36383 1.14532
0.692177 1.363 1.14547
0.690998 1.36593 1.14491
0.690225 1.36699 1.14492
0.690959 1.36467 1.14533
0.691571 1.36383 1.14532
0.690225 1.36699 1.14492
0.690156 1.36709 1.14532
0.690904 1.36475 1.14565
0.690959 1.36467 1.14533
0.690156 1.36709 1.14532
0.690927 1.36603 1.14545
0.691514 1.36391 1.14575
0.690904 1.36475 1.14565
0.690927 1.36603 1.14545
0.691696 1.36497 1.1456
0.692124 1.36307 1.14586
0.691514 1.36391 1.14575
0.691696 1.36497 1.1456
0.692464 1.36391 1.14577
0.692731 1.36223 1.146
0.692124 1.36307 1.14586
0.692464 1.36391 1.14577
0.693229 1.36286 1.14597
0.693337 1.3614 1.14616
0.692731 1.36223 1.146
0.693941 1.36057 1.14633
0.693364 1.36136 1.14599
0.694 1.35918 1.14639
0.694324 1.35873 1.14658
0.693364 1.36136 1.14599
0.692775 1.36217 1.1457
0.693671 1.35963 1.14623
0.694 1.35918 1.14639
0.692775 1.36217 1.1457
0.692177 1.363 1.14547
0.693337 1.36009 1.1461
0.693671 1.35963 1.14623
0.692177 1.363 1.14547
0.691571 1.36383 1.14532
0.692998 1.36056 1.14602
0.693337 1.36009 1.1461
0.691571 1.36383 1.14532
0.690959 1.36467 1.14533
0.692655 1.36103 1.14602
0.692998 1.36056 1.14602
0.690959 1.36467 1.14533
0.690904 1.36475 1.14565
0.692625 1.36107 1.1462
0.692655 1.36103 1.14602
0.690904 1.36475 1.14565
0.691514 1.36391 1.14575
0.692966 1.3606 1.14626
0.692625 1.36107 1.1462
0.691514 1.36391 1.14575
0.692124 1.36307 1.14586
0.693307 1.36013 1.14632
0.692966 1.3606 1.14626
0.692124 1.36307 1.14586
0.692731 1.36223 1.146
0.693647 1.35966 1.1464
0.693307 1.36013 1.14632
0.692731 1.36223 1.146
0.693337 1.3614 1.14616
0.693986 1.3592 1.14649
0.693647 1.35966 1.1464
0.694324 1.35873 1.14658
0.694 1.35918 1.14639
0.694826 1.35686 1.14683
0.694872 1.3568 1.14686
0.694 1.35918 1.14639
0.693671 1.35963 1.14623
0.694779 1.35693 1.14681
0.694826 1.35686 1.14683
0.693671 1.35963 1.14623
0.693337 1.36009 1.1461
0.694732 1.35699 1.14679
0.694779 1.35693 1.14681
0.693337 1.36009 1.1461
0.692998 1.36056 1.14602
0.694683 1.35706 1.14678
0.694732 1.35699 1.14679
0.692998 1.36056 1.14602
0.692655 1.36103 1.14602
0.694635 1.35713 1.14678
0.694683 1.35706 1.14678
0.692655 1.36103 1.14602
0.692625 1.36107 1.1462
0.69463 1.35713 1.1468
0.694635 1.35713 1.14678
0.692625 1.36107 1.1462
0.692966 1.3606 1.14626
0.694679 1.35706 1.14681
0.69463 1.35713 1.1468
0.692966 1.3606 1.14626
0.693307 1.36013 1.14632
0.694727 1.357 1.14682
0.694679 1.35706 1.14681
0.693307 1.36013 1.14632
0.693647 1.35966 1.1464
0.694776 1.35693 1.14683
0.694727 1.357 1.14682
0.693647 1.35966 1.1464
0.693986 1.3592 1.14649
0.694824 1.35687 1.14684
0.694776 1.35693 1.14683
0.789435 1.44444 1.14043
0.791333 1.44183 1.1429
0.789356 1.44026 1.14286
0.787371 1.44299 1.14009
0.787371 1.44299 1.14009
0.789356 1.44026 1.14286
0.786168 1.43787 1.14294
0.78401 1.44084 1.13985
0.78401 1.44084 1.13985
0.786168 1.43787 1.14294
0.782851 1.43551 1.14314
0.780477 1.43878 1.13991
0.780477 1.43878 1.13991
0.782851 1.43551 1.14314
0.779521 1.43318 1.14337
0.776931 1.43674 1.14012
0.776931 1.43674 1.14012
0.779521 1.43318 1.14337
0.776193 1.43083 1.14355
0.773421 1.43465 1.14033
0.773421 1.43465 1.14033
0.776193 1.43083 1.14355
0.772867 1.42849 1.14371
0.769951 1.43251 1.14055
0.769951 1.43251 1.14055
0.772867 1.42849 1.14371
0.769539 1.42616 1.14384
0.766516 1.43032 1.14077
0.766516 1.43032 1.14077
0.769539 1.42616 1.14384
0.766199 1.42383 1.14394
0.763113 1.42808 1.14099
0.763113 1.42808 1.14099
0.766199 1.42383 1.14394
0.762852 1.42152 1.14403
0.759743 1.4258 1.1412
0.759743 1.4258 1.1412
0.762852 1.42152 1.14403
0.759519 1.41919 1.14411
0.756411 1.42346 1.14142
0.756411 1.42346 1.14142
0.759519 1.41919 1.14411
0.75621 1.41682 1.1442
0.753116 1.42108 1.14163
0.753116 1.42108 1.14163
0.75621 1.41682 1.1442
0.752926 1.41442 1.14428
0.749858 1.41864 1.14184
0.749858 1.41864 1.14184
0.752926 1.41442 1.14428
0.749664 1.41199 1.14438
0.746633 1.41616 1.14206
0.746633 1.41616 1.14206
0.749664 1.41199 1.14438
0.746426 1.40953 1.14447
0.743443 1.41363 1.14226
0.743443 1.41363 1.14226
0.746426 1.40953 1.14447
0.743209 1.40704 1.14456
0.740282 1.41106 1.14247
0.740282 1.41106 1.14247
0.743209 1.40704 1.14456
0.740012 1.40451 1.14465
0.737149 1.40845 1.14268
0.737149 1.40845 1.14268
0.740012 1.40451 1.14465
0.736835 1.40197 1.14474
0.734038 1.40582 1.14293
0.734038 1.40582 1.14293
0.736835 1.40197 1.14474
0.733675 1.3994 1.14483
0.730953 1.40314 1.14317
0.730953 1.40314 1.14317
0.733675 1.3994 1.14483
0.730532 1.3968 1.14492
0.727895 1.40043 1.14341
0.727895 1.40043 1.14341
0.730532 1.3968 1.14492
0.727407 1.39418 1.14501
0.724863 1.39769 1.14363
0.724863 1.39769 1.14363
0.727407 1.39418 1.14501
0.724295 1.39154 1.1451
0.721851 1.39491 1.14385
0.721851 1.39491 1.14385
0.724295 1.39154 1.1451
0.7212 1.38889 1.14518
0.718865 1.3921 1.14405
0.718865 1.3921 1.14405
0.7212 1.38889 1.14518
0.718118 1.38621 1.14527
0.715898 1.38926 1.14426
0.715898 1.38926 1.14426
0.718118 1.38621 1.14527
0.715047 1.38351 1.14535
0.712949 1.3864 1.14445
0.712949 1.3864 1.14445
0.715047 1.38351 1.14535
0.711989 1.3808 1.14543
0.710018 1.38352 1.14464
0.710018 1.38352 1.14464
0.711989 1.3808 1.14543
0.708941 1.37808 1.14551
0.707104 1.38061 1.14481
0.707104 1.38061 1.14481
0.708941 1.37808 1.14551
0.705901 1.37534 1.14559
0.704203 1.37768 1.14498
0.704203 1.37768 1.14498
0.705901 1.37534 1.14559
0.702872 1.37259 1.14567
0.701317 1.37473 1.14515
0.701317 1.37473 1.14515
0.702872 1.37259 1.14567
0.699848 1.36983 1.14574
0.698441 1.37177 1.1453
0.698441 1.37177 1.1453
0.699848 1.36983 1.14574
0.696963 1.36718 1.14581
0.695703 1.36891 1.14543
0.695703 1.36891 1.14543
0.696963 1.36718 1.14581
0.696298 1.36649 1.14583
0.695082 1.36816 1.14547
0.695082 1.36816 1.14547
0.696298 1.36649 1.14583
0.695791 1.36588 1.14586
0.69462 1.36749 1.14551
0.69462 1.36749 1.14551
0.695791 1.36588 1.14586
0.695322 1.36522 1.1459
0.694205 1.36675 1.14557
0.694205 1.36675 1.14557
0.695322 1.36522 1.1459
0.694894 1.36449 1.14595
0.693842 1.36594 1.14564
0.693842 1.36594 1.14564
0.694894 1.36449 1.14595
0.694517 1.3637 1.14601
0.693542 1.36505 1.14573
0.693542 1.36505 1.14573
0.694517 1.3637 1.14601
0.694208 1.36282 1.14609
0.693327 1.36403 1.14583
0.693327 1.36403 1.14583
0.694208 1.36282 1.14609
0.693992 1.36181 1.14619
0.693229 1.36286 1.14597
0.693229 1.36286 1.14597
0.693992 1.36181 1.14619
0.693941 1.36057 1.14633
0.693337 1.3614 1.14616
0.693337 1.3614 1.14616
0.693941 1.36057 1.14633
0.694324 1.35873 1.14658
0.693986 1.3592 1.14649
0.693986 1.3592 1.14649
0.694324 1.35873 1.14658
0.694872 1.3568 1.14686
0.694824 1.35687 1.14684
0.8135 1.4528 1.1457
0.8135 1.4528 1.1457
0.8135 1.4528 1.1457
0.8135 1.4528 1.1457
0.8135 1.4528 1.1457
0.8135 1.4528 1.1457
0.8135 1.4528 1.1457
0.8135 1.4528 1.1457
0.8135 1.4528 1.1457
0.8135 1.4528 1.1457
0.8135 1.4528 1.1457
0.8135 1.4528 1.1457
0.8135 1.4528 1.1457
0.8135 1.4528 1.1457
0.8135 1.4528 1.1457
0.8135 1.4528 1.1457
0.8135 1.4528 1.1457
0.8135 1.4528 1.1457
0.8135 1.4528 1.1457
0.8135 1.4528 1.1457
0.8135 1.4528 1.1457
0.8135 1.4528 1.1457
0.8135 1.4528 1.1457
0.8135 1.4528 1.1457
0.8135 1.4528 1.1457
0.8135 1.4528 1.1457
0.8135 1.4528 1.1457
0.8135 1.4528 1.1457
0.8135 1.4528 1.1457
0.8135 1.4528 1.1457
0.8135 1.4528 1.1457
0.8135 1.4528 1.1457
0.8135 1.4528 1.1457
0.8135 1.4528 1.1457
0.8135 1.4528 1.1457
0.8135 1.4528 1.1457
0.8135 1.4528 1.1457
0.8135 1.4528 1.1457
0.8135 1.4528 1.1457
0.8135 1.4528 1.1457
0.8135 1.4528 1.1457
0.8135 1.4528 1.1457
0.8135 1.4528 1.1457
0.8135 1.4528 1.1457
0.8135 1.4528 1.1457
0.8135 1.4528 1.1457
0.8135 1.4528 1.1457
0.8135 1.4528 1.1457
0.8135 1.4528 1.1457
0.8135 1.4528 1.1457
0.8135 1.4528 1.1457
0.8135 1.4528 1.1457
0.8135 1.4528 1.1457
0.8135 1.4528 1.1457
0.8135 1.4528 1.1457
0.8135 1.4528 1.1457
0.8135 1.4528 1.1457
0.8135 1.4528 1.1457
0.8135 1.4528 1.1457
0.8135 1.4528 1.1457
0.8135 1.4528 1.1457
0.8135 1.4528 1.1457
0.8135 1.4528 1.1457
0.8135 1.4528 1.1457
0.8135 1.4528 1.1457
0.8135 1.4528 1.1457
0.8135 1.4528 1.1457
0.8135 1.4528 1.1457
0.8135 1.4528 1.1457
0.8135 1.4528 1.1457
0.8135 1.4528 1.1457
0.8135 1.4528 1.1457
0.8135 1.4528 1.1457
0.8135 1.4528 1.1457
0.8135 1.4528 1.1457
0.8135 1.4528 1.1457
0.8135 1.4528 1.1457
0.8135 1.4528 1.1457
0.8135 1.4528 1.1457
0.8135 1.4528 1.1457
0.8135 1.4528 1.1457
0.8135 1.4528 1.1457
0.8135 1.4528 1.1457
0.8135 1.4528 1.1457
0.8135 1.4528 1.1457
0.8135 1.4528 1.1457
0.8135 1.4528 1.1457
0.8135 1.4528 1.1457
0.835667 1.46377 1.1429
0.83708 1.46183 1.13964
0.839149 1.46327 1.13934
0.837644 1.46534 1.14286
0.83708 1.46183 1.13964
0.838773 1.4595 1.13677
0.840955 1.46079 1.13622
0.839149 1.46327 1.13934
0.838773 1.4595 1.13677
0.840588 1.457 1.13411
0.84289 1.45812 1.13334
0.840955 1.46079 1.13622
0.840588 1.457 1.13411
0.84255 1.4543 1.13179
0.844979 1.45525 1.13078
0.84289 1.45812 1.13334
0.84255 1.4543 1.13179
0.844758 1.45126 1.13028
0.847322 1.45202 1.12903
0.844979 1.45525 1.13078
0.844758 1.45126 1.13028
0.845864 1.44974 1.13237
0.84844 1.45048 1.13107
0.847322 1.45202 1.12903
0.845864 1.44974 1.13237
0.843857 1.4525 1.13456
0.846281 1.45346 1.13344
0.84844 1.45048 1.13107
0.843857 1.4525 1.13456
0.841727 1.45543 1.13642
0.844022 1.45657 1.13553
0.846281 1.45346 1.13344
0.841727 1.45543 1.13642
0.839615 1.45834 1.13833
0.841789 1.45964 1.13771
0.844022 1.45657 1.13553
0.839615 1.45834 1.13833
0.837565 1.46116 1.14043
0.839629 1.46261 1.14009
0.841789 1.45964 1.13771
0.837644 1.46534 1.14286
0.839149 1.46327 1.13934
0.842536 1.46539 1.13913
0.840832 1.46773 1.14294
0.839149 1.46327 1.13934
0.840955 1.46079 1.13622
0.844559 1.4626 1.13578
0.842536 1.46539 1.13913
0.840955 1.46079 1.13622
0.84289 1.45812 1.13334
0.846718 1.45963 1.13268
0.844559 1.4626 1.13578
0.84289 1.45812 1.13334
0.844979 1.45525 1.13078
0.849033 1.45644 1.12993
0.846718 1.45963 1.13268
0.844979 1.45525 1.13078
0.847322 1.45202 1.12903
0.851599 1.45291 1.12797
0.849033 1.45644 1.12993
0.847322 1.45202 1.12903
0.84844 1.45048 1.13107
0.852674 1.45143 1.12997
0.851599 1.45291 1.12797
0.84844 1.45048 1.13107
0.846281 1.45346 1.13344
0.850263 1.45475 1.13247
0.852674 1.45143 1.12997
0.846281 1.45346 1.13344
0.844022 1.45657 1.13553
0.847786 1.45816 1.13477
0.850263 1.45475 1.13247
0.844022 1.45657 1.13553
0.841789 1.45964 1.13771
0.845345 1.46152 1.13719
0.847786 1.45816 1.13477
0.841789 1.45964 1.13771
0.839629 1.46261 1.14009
0.84299 1.46476 1.13985
0.845345 1.46152 1.13719
0.840832 1.46773 1.14294
0.842536 1.46539 1.13913
0.846108 1.46739 1.13921
0.844149 1.47009 1.14314
0.842536 1.46539 1.13913
0.844559 1.4626 1.13578
0.848391 1.46425 1.13578
0.846108 1.46739 1.13921
0.844559 1.4626 1.13578
0.846718 1.45963 1.13268
0.850812 1.46092 1.13265
0.848391 1.46425 1.13578
0.846718 1.45963 1.13268
0.849033 1.45644 1.12993
0.853382 1.45738 1.12988
0.850812 1.46092 1.13265
0.849033 1.45644 1.12993
0.851599 1.45291 1.12797
0.856184 1.45352 1.1279
0.853382 1.45738 1.12988
0.851599 1.45291 1.12797
0.852674 1.45143 1.12997
0.857173 1.45216 1.12991
0.856184 1.45352 1.1279
0.852674 1.45143 1.12997
0.850263 1.45475 1.13247
0.854497 1.45585 1.13237
0.857173 1.45216 1.12991
0.850263 1.45475 1.13247
0.847786 1.45816 1.13477
0.85178 1.45959 1.1347
0.854497 1.45585 1.13237
0.847786 1.45816 1.13477
0.845345 1.46152 1.13719
0.849106 1.46327 1.13718
0.85178 1.45959 1.1347
0.845345 1.46152 1.13719
0.84299 1.46476 1.13985
0.846523 1.46682 1.13991
0.849106 1.46327 1.13718
0.844149 1.47009 1.14314
0.846108 1.46739 1.13921
0.84969 1.46938 1.13941
0.847479 1.47242 1.14337
0.846108 1.46739 1.13921
0.848391 1.46425 1.13578
0.852224 1.46589 1.13602
0.84969 1.46938 1.13941
0.848391 1.46425 1.13578
0.850812 1.46092 1.13265
0.854892 1.46222 1.13295
0.852224 1.46589 1.13602
0.850812 1.46092 1.13265
0.853382 1.45738 1.12988
0.8577 1.45836 1.13026
0.854892 1.46222 1.13295
0.853382 1.45738 1.12988
0.856184 1.45352 1.1279
0.860717 1.4542 1.12838
0.8577 1.45836 1.13026
0.856184 1.45352 1.1279
0.857173 1.45216 1.12991
0.861618 1.45296 1.13041
0.860717 1.4542 1.12838
0.857173 1.45216 1.12991
0.854497 1.45585 1.13237
0.858702 1.45698 1.13274
0.861618 1.45296 1.13041
0.854497 1.45585 1.13237
0.85178 1.45959 1.1347
0.855763 1.46102 1.13499
0.858702 1.45698 1.13274
0.85178 1.45959 1.1347
0.849106 1.46327 1.13718
0.852872 1.465 1.13741
0.855763 1.46102 1.13499
0.849106 1.46327 1.13718
0.846523 1.46682 1.13991
0.850069 1.46886 1.14012
0.852872 1.465 1.13741
0.847479 1.47242 1.14337
0.84969 1.46938 1.13941
0.853227 1.47144 1.13962
0.850807 1.47477 1.14355
0.84969 1.46938 1.13941
0.852224 1.46589 1.13602
0.855965 1.46767 1.13629
0.853227 1.47144 1.13962
0.852224 1.46589 1.13602
0.854892 1.46222 1.13295
0.858833 1.46372 1.1333
0.855965 1.46767 1.13629
0.854892 1.46222 1.13295
0.8577 1.45836 1.13026
0.861834 1.45959 1.13072
0.858833 1.46372 1.1333
0.8577 1.45836 1.13026
0.860717 1.4542 1.12838
0.865025 1.4552 1.12896
0.861834 1.45959 1.13072
0.860717 1.4542 1.12838
0.861618 1.45296 1.13041
0.865856 1.45405 1.13101
0.865025 1.4552 1.12896
0.861618 1.45296 1.13041
0.858702 1.45698 1.13274
0.862751 1.45833 1.13321
0.865856 1.45405 1.13101
0.858702 1.45698 1.13274
0.855763 1.46102 1.13499
0.859633 1.46262 1.13535
0.862751 1.45833 1.13321
0.855763 1.46102 1.13499
0.852872 1.465 1.13741
0.856562 1.46685 1.13769
0.859633 1.46262 1.13535
0.852872 1.465 1.13741
0.850069 1.46886 1.14012
0.853579 1.47095 1.14033
0.856562 1.46685 1.13769
0.850807 1.47477 1.14355
0.853227 1.47144 1.13962
0.856718 1.47355 1.13982
0.854133 1.47711 1.14371
0.853227 1.47144 1.13962
0.855965 1.46767 1.13629
0.859614 1.46956 1.13659
0.856718 1.47355 1.13982
0.855965 1.46767 1.13629
0.858833 1.46372 1.1333
0.862637 1.4654 1.1337
0.859614 1.46956 1.13659
0.858833 1.46372 1.1333
0.861834 1.45959 1.13072
0.865785 1.46107 1.13124
0.862637 1.4654 1.1337
0.861834 1.45959 1.13072
0.865025 1.4552 1.12896
0.869107 1.4565 1.12961
0.865785 1.46107 1.13124
0.865025 1.4552 1.12896
0.865856 1.45405 1.13101
0.869884 1.45543 1.13169
0.869107 1.4565 1.12961
0.865856 1.45405 1.13101
0.862751 1.45833 1.13321
0.866636 1.4599 1.13374
0.869884 1.45543 1.13169
0.862751 1.45833 1.13321
0.859633 1.46262 1.13535
0.863381 1.46438 1.13577
0.866636 1.4599 1.13374
0.859633 1.46262 1.13535
0.856562 1.46685 1.13769
0.860173 1.46879 1.138
0.863381 1.46438 1.13577
0.856562 1.46685 1.13769
0.853579 1.47095 1.14033
0.857049 1.47309 1.14055
0.860173 1.46879 1.138
0.854133 1.47711 1.14371
0.856718 1.47355 1.13982
0.860169 1.47572 1.14003
0.857461 1.47944 1.14384
0.856718 1.47355 1.13982
0.859614 1.46956 1.13659
0.863179 1.47157 1.1369
0.860169 1.47572 1.14003
0.859614 1.46956 1.13659
0.862637 1.4654 1.1337
0.866311 1.46726 1.13414
0.863179 1.47157 1.1369
0.862637 1.4654 1.1337
0.865785 1.46107 1.13124
0.869561 1.46279 1.13181
0.866311 1.46726 1.13414
0.865785 1.46107 1.13124
0.869107 1.4565 1.12961
0.872971 1.4581 1.13032
0.869561 1.46279 1.13181
0.869107 1.4565 1.12961
0.869884 1.45543 1.13169
0.873703 1.45709 1.13243
0.872971 1.4581 1.13032
0.869884 1.45543 1.13169
0.866636 1.4599 1.13374
0.870358 1.46169 1.13433
0.873703 1.45709 1.13243
0.866636 1.4599 1.13374
0.863381 1.46438 1.13577
0.86701 1.4663 1.13622
0.870358 1.46169 1.13433
0.863381 1.46438 1.13577
0.860173 1.46879 1.138
0.863707 1.47085 1.13833
0.86701 1.4663 1.13622
0.860173 1.46879 1.138
0.857049 1.47309 1.14055
0.860484 1.47528 1.14077
0.863707 1.47085 1.13833
0.857461 1.47944 1.14384
0.860169 1.47572 1.14003
0.863589 1.47793 1.14025
0.860801 1.48177 1.14394
0.860169 1.47572 1.14003
0.863179 1.47157 1.1369
0.86667 1.47369 1.13725
0.863589 1.47793 1.14025
0.863179 1.47157 1.1369
0.866311 1.46726 1.13414
0.869866 1.46929 1.13462
0.86667 1.47369 1.13725
0.866311 1.46726 1.13414
0.869561 1.46279 1.13181
0.873174 1.46474 1.13243
0.869866 1.46929 1.13462
0.869561 1.46279 1.13181
0.872971 1.4581 1.13032
0.876627 1.45999 1.13109
0.873174 1.46474 1.13243
0.872971 1.4581 1.13032
0.873703 1.45709 1.13243
0.877316 1.45904 1.1332
0.876627 1.45999 1.13109
0.873703 1.45709 1.13243
0.870358 1.46169 1.13433
0.87392 1.46371 1.13495
0.877316 1.45904 1.1332
0.870358 1.46169 1.13433
0.86701 1.4663 1.13622
0.870522 1.46839 1.1367
0.87392 1.46371 1.13495
0.86701 1.4663 1.13622
0.863707 1.47085 1.13833
0.867167 1.47301 1.13867
0.870522 1.46839 1.1367
0.863707 1.47085 1.13833
0.860484 1.47528 1.14077
0.863887 1.47752 1.14099
0.867167 1.47301 1.13867
0.860801 1.48177 1.14394
0.863589 1.47793 1.14025
0.866976 1.48019 1.14047
0.864148 1.48408 1.14403
0.863589 1.47793 1.14025
0.86667 1.47369 1.13725
0.870085 1.47591 1.13762
0.866976 1.48019 1.14047
0.86667 1.47369 1.13725
0.869866 1.46929 1.13462
0.873303 1.47148 1.13514
0.870085 1.47591 1.13762
0.869866 1.46929 1.13462
0.873174 1.46474 1.13243
0.876625 1.46691 1.1331
0.873303 1.47148 1.13514
0.873174 1.46474 1.13243
0.876627 1.45999 1.13109
0.880078 1.46216 1.1319
0.876625 1.46691 1.1331
0.876627 1.45999 1.13109
0.877316 1.45904 1.1332
0.880722 1.46127 1.13398
0.880078 1.46216 1.1319
0.877316 1.45904 1.1332
0.87392 1.46371 1.13495
0.877318 1.46596 1.13559
0.880722 1.46127 1.13398
0.87392 1.46371 1.13495
0.870522 1.46839 1.1367
0.873914 1.47064 1.1372
0.877318 1.46596 1.13559
0.870522 1.46839 1.1367
0.867167 1.47301 1.13867
0.87055 1.47527 1.13903
0.873914 1.47064 1.1372
0.867167 1.47301 1.13867
0.863887 1.47752 1.14099
0.867257 1.4798 1.1412
0.87055 1.47527 1.13903
0.864148 1.48408 1.14403
0.866976 1.48019 1.14047
0.870325 1.4825 1.1407
0.867481 1.48641 1.14411
0.866976 1.48019 1.14047
0.870085 1.47591 1.13762
0.873438 1.47821 1.13799
0.870325 1.4825 1.1407
0.870085 1.47591 1.13762
0.873303 1.47148 1.13514
0.876653 1.47379 1.13566
0.873438 1.47821 1.13799
0.873303 1.47148 1.13514
0.876625 1.46691 1.1331
0.879965 1.46923 1.13377
0.876653 1.47379 1.13566
0.876625 1.46691 1.1331
0.880078 1.46216 1.1319
0.883395 1.46451 1.1327
0.879965 1.46923 1.13377
0.880078 1.46216 1.1319
0.880722 1.46127 1.13398
0.883995 1.46368 1.13475
0.883395 1.46451 1.1327
0.880722 1.46127 1.13398
0.877318 1.46596 1.13559
0.880607 1.46835 1.13621
0.883995 1.46368 1.13475
0.877318 1.46596 1.13559
0.873914 1.47064 1.1372
0.877221 1.47301 1.13768
0.880607 1.46835 1.13621
0.873914 1.47064 1.1372
0.87055 1.47527 1.13903
0.873872 1.47762 1.13938
0.877221 1.47301 1.13768
0.87055 1.47527 1.13903
0.867257 1.4798 1.1412
0.870589 1.48214 1.14142
0.873872 1.47762 1.13938
0.867481 1.48641 1.14411
0.870325 1.4825 1.1407
0.873636 1.48486 1.14092
0.87079 1.48878 1.1442
0.870325 1.4825 1.1407
0.873438 1.47821 1.13799
0.876737 1.4806 1.13836
0.873636 1.48486 1.14092
0.873438 1.47821 1.13799
0.876653 1.47379 1.13566
0.879936 1.47619 1.13617
0.876737 1.4806 1.13836
0.876653 1.47379 1.13566
0.879965 1.46923 1.13377
0.883225 1.47167 1.13441
0.879936 1.47619 1.13617
0.879965 1.46923 1.13377
0.883395 1.46451 1.1327
0.886621 1.46699 1.13345
0.883225 1.47167 1.13441
0.883395 1.46451 1.1327
0.883995 1.46368 1.13475
0.887182 1.46622 1.13547
0.886621 1.46699 1.13345
0.883995 1.46368 1.13475
0.880607 1.46835 1.13621
0.883823 1.47084 1.1368
0.887182 1.46622 1.13547
0.880607 1.46835 1.13621
0.877221 1.47301 1.13768
0.880466 1.47546 1.13815
0.883823 1.47084 1.1368
0.877221 1.47301 1.13768
0.873872 1.47762 1.13938
0.877144 1.48004 1.13972
0.880466 1.47546 1.13815
0.873872 1.47762 1.13938
0.870589 1.48214 1.14142
0.873884 1.48452 1.14163
0.877144 1.48004 1.13972
0.87079 1.48878 1.1442
0.873636 1.48486 1.14092
0.876908 1.48728 1.14115
0.874074 1.49118 1.14428
0.873636 1.48486 1.14092
0.876737 1.4806 1.13836
0.879986 1.48304 1.13872
0.876908 1.48728 1.14115
0.876737 1.4806 1.13836
0.879936 1.47619 1.13617
0.883156 1.47868 1.13666
0.879986 1.48304 1.13872
0.879936 1.47619 1.13617
0.883225 1.47167 1.13441
0.88641 1.4742 1.13502
0.883156 1.47868 1.13666
0.883225 1.47167 1.13441
0.886621 1.46699 1.13345
0.88976 1.46959 1.13418
0.88641 1.4742 1.13502
0.886621 1.46699 1.13345
0.887182 1.46622 1.13547
0.890285 1.46887 1.13615
0.88976 1.46959 1.13418
0.887182 1.46622 1.13547
0.883823 1.47084 1.1368
0.886966 1.47344 1.13736
0.890285 1.46887 1.13615
0.883823 1.47084 1.1368
0.880466 1.47546 1.13815
0.883651 1.478 1.13859
0.886966 1.47344 1.13736
0.880466 1.47546 1.13815
0.877144 1.48004 1.13972
0.880367 1.48252 1.14005
0.883651 1.478 1.13859
0.877144 1.48004 1.13972
0.873884 1.48452 1.14163
0.877142 1.48696 1.14184
0.880367 1.48252 1.14005
0.874074 1.49118 1.14428
0.876908 1.48728 1.14115
0.880146 1.48975 1.14138
0.877336 1.49361 1.14438
0.876908 1.48728 1.14115
0.879986 1.48304 1.13872
0.883189 1.48556 1.13908
0.880146 1.48975 1.14138
0.879986 1.48304 1.13872
0.883156 1.47868 1.13666
0.886318 1.48125 1.13714
0.883189 1.48556 1.13908
0.883156 1.47868 1.13666
0.88641 1.4742 1.13502
0.889526 1.47683 1.13562
0.886318 1.48125 1.13714
0.88641 1.4742 1.13502
0.88976 1.46959 1.13418
0.892821 1.4723 1.13487
0.889526 1.47683 1.13562
0.88976 1.46959 1.13418
0.890285 1.46887 1.13615
0.893313 1.47162 1.13679
0.892821 1.4723 1.13487
0.890285 1.46887 1.13615
0.886966 1.47344 1.13736
0.890045 1.47612 1.13789
0.893313 1.47162 1.13679
0.886966 1.47344 1.13736
0.883651 1.478 1.13859
0.886781 1.48061 1.13902
0.890045 1.47612 1.13789
0.883651 1.478 1.13859
0.880367 1.48252 1.14005
0.883547 1.48506 1.14037
0.886781 1.48061 1.13902
0.880367 1.48252 1.14005
0.877142 1.48696 1.14184
0.880367 1.48944 1.14206
0.883547 1.48506 1.14037
0.877336 1.49361 1.14438
0.880146 1.48975 1.14138
0.883349 1.49226 1.1416
0.880574 1.49607 1.14447
0.880146 1.48975 1.14138
0.883189 1.48556 1.13908
0.886346 1.48813 1.13942
0.883349 1.49226 1.1416
0.883189 1.48556 1.13908
0.886318 1.48125 1.13714
0.889424 1.48389 1.1376
0.886346 1.48813 1.13942
0.886318 1.48125 1.13714
0.889526 1.47683 1.13562
0.892576 1.47956 1.13619
0.889424 1.48389 1.1376
0.889526 1.47683 1.13562
0.892821 1.4723 1.13487
0.895806 1.47511 1.13553
0.892576 1.47956 1.13619
0.892821 1.4723 1.13487
0.893313 1.47162 1.13679
0.896267 1.47447 1.13741
0.895806 1.47511 1.13553
0.893313 1.47162 1.13679
0.890045 1.47612 1.13789
0.89306 1.47889 1.1384
0.896267 1.47447 1.13741
0.890045 1.47612 1.13789
0.886781 1.48061 1.13902
0.889858 1.4833 1.13944
0.89306 1.47889 1.1384
0.886781 1.48061 1.13902
0.883547 1.48506 1.14037
0.886682 1.48767 1.14069
0.889858 1.4833 1.13944
0.883547 1.48506 1.14037
0.880367 1.48944 1.14206
0.883557 1.49197 1.14226
0.886682 1.48767 1.14069
0.880574 1.49607 1.14447
0.883349 1.49226 1.1416
0.886521 1.49481 1.14182
0.883791 1.49856 1.14456
0.883349 1.49226 1.1416
0.886346 1.48813 1.13942
0.889461 1.49076 1.13976
0.886521 1.49481 1.14182
0.886346 1.48813 1.13942
0.889424 1.48389 1.1376
0.892479 1.48661 1.13805
0.889461 1.49076 1.13976
0.889424 1.48389 1.1376
0.892576 1.47956 1.13619
0.895564 1.48236 1.13674
0.892479 1.48661 1.13805
0.892576 1.47956 1.13619
0.895806 1.47511 1.13553
0.898721 1.47802 1.13617
0.895564 1.48236 1.13674
0.895806 1.47511 1.13553
0.896267 1.47447 1.13741
0.899153 1.47742 1.13799
0.898721 1.47802 1.13617
0.896267 1.47447 1.13741
0.89306 1.47889 1.1384
0.896017 1.48174 1.13889
0.899153 1.47742 1.13799
0.89306 1.47889 1.1384
0.889858 1.4833 1.13944
0.892884 1.48605 1.13984
0.896017 1.48174 1.13889
0.889858 1.4833 1.13944
0.886682 1.48767 1.14069
0.889777 1.49033 1.14099
0.892884 1.48605 1.13984
0.886682 1.48767 1.14069
0.883557 1.49197 1.14226
0.886718 1.49454 1.14247
0.889777 1.49033 1.14099
0.883791 1.49856 1.14456
0.886521 1.49481 1.14182
0.889664 1.4974 1.14205
0.886988 1.50109 1.14465
0.886521 1.49481 1.14182
0.889461 1.49076 1.13976
0.892538 1.49345 1.1401
0.889664 1.4974 1.14205
0.889461 1.49076 1.13976
0.892479 1.48661 1.13805
0.895485 1.48939 1.1385
0.892538 1.49345 1.1401
0.892479 1.48661 1.13805
0.895564 1.48236 1.13674
0.898495 1.48525 1.13728
0.895485 1.48939 1.1385
0.895564 1.48236 1.13674
0.898721 1.47802 1.13617
0.90157 1.48102 1.13679
0.898495 1.48525 1.13728
0.898721 1.47802 1.13617
0.899153 1.47742 1.13799
0.901975 1.48046 1.13854
0.90157 1.48102 1.13679
0.899153 1.47742 1.13799
0.896017 1.48174 1.13889
0.898918 1.48467 1.13937
0.901975 1.48046 1.13854
0.896017 1.48174 1.13889
0.892884 1.48605 1.13984
0.895866 1.48887 1.14024
0.898918 1.48467 1.13937
0.892884 1.48605 1.13984
0.889777 1.49033 1.14099
0.892837 1.49304 1.14131
0.895866 1.48887 1.14024
0.889777 1.49033 1.14099
0.886718 1.49454 1.14247
0.889851 1.49715 1.14268
0.892837 1.49304 1.14131
0.886988 1.50109 1.14465
0.889664 1.4974 1.14205
0.892782 1.50003 1.14229
0.890165 1.50363 1.14474
0.889664 1.4974 1.14205
0.892538 1.49345 1.1401
0.895578 1.49618 1.14044
0.892782 1.50003 1.14229
0.892538 1.49345 1.1401
0.895485 1.48939 1.1385
0.898442 1.49224 1.13894
0.895578 1.49618 1.14044
0.895485 1.48939 1.1385
0.898495 1.48525 1.13728
0.901367 1.48821 1.13782
0.898442 1.49224 1.13894
0.898495 1.48525 1.13728
0.90157 1.48102 1.13679
0.90435 1.48411 1.1374
0.901367 1.48821 1.13782
0.90157 1.48102 1.13679
0.901975 1.48046 1.13854
0.90473 1.48359 1.13907
0.90435 1.48411 1.1374
0.901975 1.48046 1.13854
0.898918 1.48467 1.13937
0.901766 1.48767 1.13984
0.90473 1.48359 1.13907
0.898918 1.48467 1.13937
0.895866 1.48887 1.14024
0.898805 1.49174 1.14066
0.901766 1.48767 1.13984
0.895866 1.48887 1.14024
0.892837 1.49304 1.14131
0.895865 1.49579 1.14166
0.898805 1.49174 1.14066
0.892837 1.49304 1.14131
0.889851 1.49715 1.14268
0.892962 1.49978 1.14293
0.895865 1.49579 1.14166
0.890165 1.50363 1.14474
0.892782 1.50003 1.14229
0.895875 1.50269 1.14252
0.893325 1.5062 1.14483
0.892782 1.50003 1.14229
0.895578 1.49618 1.14044
0.898585 1.49896 1.14078
0.895875 1.50269 1.14252
0.895578 1.49618 1.14044
0.898442 1.49224 1.13894
0.90136 1.49514 1.13937
0.898585 1.49896 1.14078
0.898442 1.49224 1.13894
0.901367 1.48821 1.13782
0.904192 1.49125 1.13834
0.90136 1.49514 1.13937
0.901367 1.48821 1.13782
0.90435 1.48411 1.1374
0.907076 1.48728 1.13799
0.904192 1.49125 1.13834
0.90435 1.48411 1.1374
0.90473 1.48359 1.13907
0.907432 1.48679 1.13958
0.907076 1.48728 1.13799
0.90473 1.48359 1.13907
0.901766 1.48767 1.13984
0.904566 1.49073 1.1403
0.907432 1.48679 1.13958
0.901766 1.48767 1.13984
0.898805 1.49174 1.14066
0.901704 1.49467 1.14106
0.904566 1.49073 1.1403
0.898805 1.49174 1.14066
0.895865 1.49579 1.14166
0.898859 1.49858 1.14199
0.901704 1.49467 1.14106
0.895865 1.49579 1.14166
0.892962 1.49978 1.14293
0.896047 1.50246 1.14317
0.898859 1.49858 1.14199
0.893325 1.5062 1.14483
0.895875 1.50269 1.14252
0.898943 1.50539 1.14276
0.896468 1.5088 1.14492
0.895875 1.50269 1.14252
0.898585 1.49896 1.14078
0.90156 1.50179 1.14112
0.898943 1.50539 1.14276
0.898585 1.49896 1.14078
0.90136 1.49514 1.13937
0.904238 1.4981 1.1398
0.90156 1.50179 1.14112
0.90136 1.49514 1.13937
0.904192 1.49125 1.13834
0.906969 1.49435 1.13885
0.904238 1.4981 1.1398
0.904192 1.49125 1.13834
0.907076 1.48728 1.13799
0.909748 1.49052 1.13855
0.906969 1.49435 1.13885
0.907076 1.48728 1.13799
0.907432 1.48679 1.13958
0.91008 1.49006 1.14006
0.909748 1.49052 1.13855
0.907432 1.48679 1.13958
0.904566 1.49073 1.1403
0.907319 1.49386 1.14074
0.91008 1.49006 1.14006
0.904566 1.49073 1.1403
0.901704 1.49467 1.14106
0.904561 1.49766 1.14145
0.907319 1.49386 1.14074
0.901704 1.49467 1.14106
0.898859 1.49858 1.14199
0.901819 1.50143 1.14232
0.904561 1.49766 1.14145
0.898859 1.49858 1.14199
0.896047 1.50246 1.14317
0.899105 1.50517 1.14341
0.901819 1.50143 1.14232
0.896468 1.5088 1.14492
0.898943 1.50539 1.14276
0.901985 1.50812 1.14299
0.899593 1.51142 1.14501
0.898943 1.50539 1.14276
0.90156 1.50179 1.14112
0.904502 1.50466 1.14146
0.901985 1.50812 1.14299
0.90156 1.50179 1.14112
0.904238 1.4981 1.1398
0.907076 1.50112 1.14022
0.904502 1.50466 1.14146
0.904238 1.4981 1.1398
0.906969 1.49435 1.13885
0.9097 1.49751 1.13934
0.907076 1.50112 1.14022
0.906969 1.49435 1.13885
0.909748 1.49052 1.13855
0.912367 1.49383 1.1391
0.9097 1.49751 1.13934
0.909748 1.49052 1.13855
0.91008 1.49006 1.14006
0.912675 1.49341 1.14053
0.912367 1.49383 1.1391
0.91008 1.49006 1.14006
0.907319 1.49386 1.14074
0.910025 1.49706 1.14115
0.912675 1.49341 1.14053
0.907319 1.49386 1.14074
0.904561 1.49766 1.14145
0.907379 1.5007 1.14182
0.910025 1.49706 1.14115
0.904561 1.49766 1.14145
0.901819 1.50143 1.14232
0.904746 1.50432 1.14262
0.907379 1.5007 1.14182
0.901819 1.50143 1.14232
0.899105 1.50517 1.14341
0.902137 1.50791 1.14363
0.904746 1.50432 1.14262
0.899593 1.51142 1.14501
0.901985 1.50812 1.14299
0.905006 1.51089 1.14322
0.902705 1.51406 1.1451
0.901985 1.50812 1.14299
0.904502 1.50466 1.14146
0.907418 1.50757 1.14178
0.905006 1.51089 1.14322
0.904502 1.50466 1.14146
0.907076 1.50112 1.14022
0.909881 1.50418 1.14063
0.907418 1.50757 1.14178
0.907076 1.50112 1.14022
0.9097 1.49751 1.13934
0.912391 1.50072 1.13982
0.909881 1.50418 1.14063
0.9097 1.49751 1.13934
0.912367 1.49383 1.1391
0.91494 1.49722 1.13963
0.912391 1.50072 1.13982
0.912367 1.49383 1.1391
0.912675 1.49341 1.14053
0.915226 1.49682 1.14098
0.91494 1.49722 1.13963
0.912675 1.49341 1.14053
0.910025 1.49706 1.14115
0.912693 1.50031 1.14156
0.915226 1.49682 1.14098
0.910025 1.49706 1.14115
0.907379 1.5007 1.14182
0.910163 1.50379 1.14217
0.912693 1.50031 1.14156
0.907379 1.5007 1.14182
0.904746 1.50432 1.14262
0.907645 1.50726 1.14292
0.910163 1.50379 1.14217
0.904746 1.50432 1.14262
0.902137 1.50791 1.14363
0.905149 1.51069 1.14385
0.907645 1.50726 1.14292
0.902705 1.51406 1.1451
0.905006 1.51089 1.14322
0.908003 1.51368 1.14345
0.9058 1.51671 1.14518
0.905006 1.51089 1.14322
0.907418 1.50757 1.14178
0.910302 1.51052 1.14211
0.908003 1.51368 1.14345
0.907418 1.50757 1.14178
0.909881 1.50418 1.14063
0.912649 1.50729 1.14104
0.910302 1.51052 1.14211
0.909881 1.50418 1.14063
0.912391 1.50072 1.13982
0.915039 1.504 1.14029
0.912649 1.50729 1.14104
0.912391 1.50072 1.13982
0.91494 1.49722 1.13963
0.917464 1.50066 1.14014
0.915039 1.504 1.14029
0.91494 1.49722 1.13963
0.915226 1.49682 1.14098
0.917728 1.5003 1.14142
0.917464 1.50066 1.14014
0.915226 1.49682 1.14098
0.912693 1.50031 1.14156
0.915318 1.50361 1.14195
0.917728 1.5003 1.14142
0.912693 1.50031 1.14156
0.910163 1.50379 1.14217
0.91291 1.50693 1.14252
0.915318 1.50361 1.14195
0.910163 1.50379 1.14217
0.907645 1.50726 1.14292
0.910514 1.51023 1.14321
0.91291 1.50693 1.14252
0.907645 1.50726 1.14292
0.905149 1.51069 1.14385
0.908135 1.5135 1.14405
0.910514 1.51023 1.14321
0.9058 1.51671 1.14518
0.908003 1.51368 1.14345
0.91098 1.5165 1.14367
0.908882 1.51939 1.14527
0.908003 1.51368 1.14345
0.910302 1.51052 1.14211
0.913161 1.5135 1.14243
0.91098 1.5165 1.14367
0.910302 1.51052 1.14211
0.912649 1.50729 1.14104
0.915386 1.51044 1.14143
0.913161 1.5135 1.14243
0.912649 1.50729 1.14104
0.915039 1.504 1.14029
0.917651 1.50732 1.14075
0.915386 1.51044 1.14143
0.915039 1.504 1.14029
0.917464 1.50066 1.14014
0.919947 1.50416 1.14063
0.917651 1.50732 1.14075
0.917464 1.50066 1.14014
0.917728 1.5003 1.14142
0.920191 1.50383 1.14183
0.919947 1.50416 1.14063
0.917728 1.5003 1.14142
0.915318 1.50361 1.14195
0.917908 1.50697 1.14232
0.920191 1.50383 1.14183
0.915318 1.50361 1.14195
0.91291 1.50693 1.14252
0.915628 1.51011 1.14285
0.917908 1.50697 1.14232
0.91291 1.50693 1.14252
0.910514 1.51023 1.14321
0.913357 1.51323 1.14348
0.915628 1.51011 1.14285
0.910514 1.51023 1.14321
0.908135 1.5135 1.14405
0.911102 1.51634 1.14426
0.913357 1.51323 1.14348
0.908882 1.51939 1.14527
0.91098 1.5165 1.14367
0.913939 1.51935 1.14389
0.911953 1.52209 1.14535
0.91098 1.5165 1.14367
0.913161 1.5135 1.14243
0.915997 1.51652 1.14274
0.913939 1.51935 1.14389
0.913161 1.5135 1.14243
0.915386 1.51044 1.14143
0.918095 1.51363 1.14182
0.915997 1.51652 1.14274
0.915386 1.51044 1.14143
0.917651 1.50732 1.14075
0.920229 1.5107 1.1412
0.918095 1.51363 1.14182
0.917651 1.50732 1.14075
0.919947 1.50416 1.14063
0.922391 1.50772 1.1411
0.920229 1.5107 1.1412
0.919947 1.50416 1.14063
0.920191 1.50383 1.14183
0.922614 1.50741 1.14223
0.922391 1.50772 1.1411
0.920191 1.50383 1.14183
0.917908 1.50697 1.14232
0.920464 1.51037 1.14268
0.922614 1.50741 1.14223
0.917908 1.50697 1.14232
0.915628 1.51011 1.14285
0.918316 1.51333 1.14316
0.920464 1.51037 1.14268
0.915628 1.51011 1.14285
0.913357 1.51323 1.14348
0.916177 1.51627 1.14374
0.918316 1.51333 1.14316
0.913357 1.51323 1.14348
0.911102 1.51634 1.14426
0.914051 1.5192 1.14445
0.916177 1.51627 1.14374
0.911953 1.52209 1.14535
0.913939 1.51935 1.14389
0.91688 1.52222 1.1441
0.915011 1.5248 1.14543
0.913939 1.51935 1.14389
0.915997 1.51652 1.14274
0.918809 1.51957 1.14305
0.91688 1.52222 1.1441
0.915997 1.51652 1.14274
0.918095 1.51363 1.14182
0.920774 1.51686 1.1422
0.918809 1.51957 1.14305
0.918095 1.51363 1.14182
0.920229 1.5107 1.1412
0.922772 1.51411 1.14163
0.920774 1.51686 1.1422
0.920229 1.5107 1.1412
0.922391 1.50772 1.1411
0.924796 1.51133 1.14156
0.922772 1.51411 1.14163
0.922391 1.50772 1.1411
0.922614 1.50741 1.14223
0.925 1.51105 1.14262
0.924796 1.51133 1.14156
0.922614 1.50741 1.14223
0.920464 1.51037 1.14268
0.922987 1.51382 1.14302
0.925 1.51105 1.14262
0.920464 1.51037 1.14268
0.918316 1.51333 1.14316
0.920977 1.51658 1.14347
0.922987 1.51382 1.14302
0.918316 1.51333 1.14316
0.916177 1.51627 1.14374
0.918974 1.51934 1.144
0.920977 1.51658 1.14347
0.916177 1.51627 1.14374
0.914051 1.5192 1.14445
0.916982 1.52208 1.14464
0.918974 1.51934 1.144
0.915011 1.5248 1.14543
0.91688 1.52222 1.1441
0.919804 1.52512 1.14431
0.918059 1.52752 1.14551
0.91688 1.52222 1.1441
0.918809 1.51957 1.14305
0.9216 1.52265 1.14334
0.919804 1.52512 1.14431
0.918809 1.51957 1.14305
0.920774 1.51686 1.1422
0.923428 1.52013 1.14257
0.9216 1.52265 1.14334
0.920774 1.51686 1.1422
0.922772 1.51411 1.14163
0.925286 1.51757 1.14206
0.923428 1.52013 1.14257
0.922772 1.51411 1.14163
0.924796 1.51133 1.14156
0.927166 1.51498 1.14201
0.925286 1.51757 1.14206
0.924796 1.51133 1.14156
0.925 1.51105 1.14262
0.927351 1.51473 1.14299
0.927166 1.51498 1.14201
0.925 1.51105 1.14262
0.922987 1.51382 1.14302
0.92548 1.5173 1.14335
0.927351 1.51473 1.14299
0.922987 1.51382 1.14302
0.920977 1.51658 1.14347
0.923611 1.51988 1.14376
0.92548 1.5173 1.14335
0.920977 1.51658 1.14347
0.918974 1.51934 1.144
0.921749 1.52244 1.14424
0.923611 1.51988 1.14376
0.918974 1.51934 1.144
0.916982 1.52208 1.14464
0.919896 1.52499 1.14481
0.921749 1.52244 1.14424
0.918059 1.52752 1.14551
0.919804 1.52512 1.14431
0.922715 1.52803 1.14451
0.921099 1.53026 1.14559
0.919804 1.52512 1.14431
0.9216 1.52265 1.14334
0.924373 1.52575 1.14364
0.922715 1.52803 1.14451
0.9216 1.52265 1.14334
0.923428 1.52013 1.14257
0.926059 1.52343 1.14294
0.924373 1.52575 1.14364
0.923428 1.52013 1.14257
0.925286 1.51757 1.14206
0.927773 1.52107 1.14247
0.926059 1.52343 1.14294
0.925286 1.51757 1.14206
0.927166 1.51498 1.14201
0.929507 1.51869 1.14244
0.927773 1.52107 1.14247
0.927166 1.51498 1.14201
0.927351 1.51473 1.14299
0.929673 1.51846 1.14334
0.929507 1.51869 1.14244
0.927351 1.51473 1.14299
0.92548 1.5173 1.14335
0.927948 1.52083 1.14367
0.929673 1.51846 1.14334
0.92548 1.5173 1.14335
0.923611 1.51988 1.14376
0.926225 1.5232 1.14404
0.927948 1.52083 1.14367
0.923611 1.51988 1.14376
0.921749 1.52244 1.14424
0.924507 1.52557 1.14447
0.926225 1.5232 1.14404
0.921749 1.52244 1.14424
0.919896 1.52499 1.14481
0.922797 1.52792 1.14498
0.924507 1.52557 1.14447
0.921099 1.53026 1.14559
0.922715 1.52803 1.14451
0.925611 1.53097 1.14471
0.924128 1.53301 1.14567
0.922715 1.52803 1.14451
0.924373 1.52575 1.14364
0.927126 1.52888 1.14392
0.925611 1.53097 1.14471
0.924373 1.52575 1.14364
0.926059 1.52343 1.14294
0.928667 1.52676 1.14329
0.927126 1.52888 1.14392
0.926059 1.52343 1.14294
0.927773 1.52107 1.14247
0.930233 1.5246 1.14288
0.928667 1.52676 1.14329
0.927773 1.52107 1.14247
0.929507 1.51869 1.14244
0.931816 1.52243 1.14286
0.930233 1.5246 1.14288
0.929507 1.51869 1.14244
0.929673 1.51846 1.14334
0.931964 1.52222 1.14368
0.931816 1.52243 1.14286
0.929673 1.51846 1.14334
0.927948 1.52083 1.14367
0.930389 1.52439 1.14398
0.931964 1.52222 1.14368
0.927948 1.52083 1.14367
0.926225 1.5232 1.14404
0.928815 1.52656 1.1443
0.930389 1.52439 1.14398
0.926225 1.5232 1.14404
0.924507 1.52557 1.14447
0.927246 1.52872 1.14469
0.928815 1.52656 1.1443
0.924507 1.52557 1.14447
0.922797 1.52792 1.14498
0.925683 1.53087 1.14515
0.927246 1.52872 1.14469
0.924128 1.53301 1.14567
0.925611 1.53097 1.14471
0.928496 1.53392 1.1449
0.927152 1.53577 1.14574
0.925611 1.53097 1.14471
0.927126 1.52888 1.14392
0.929866 1.53203 1.1442
0.928496 1.53392 1.1449
0.927126 1.52888 1.14392
0.928667 1.52676 1.14329
0.931258 1.53012 1.14364
0.929866 1.53203 1.1442
0.928667 1.52676 1.14329
0.930233 1.5246 1.14288
0.932672 1.52817 1.14327
0.931258 1.53012 1.14364
0.930233 1.5246 1.14288
0.931816 1.52243 1.14286
0.9341 1.5262 1.14327
0.932672 1.52817 1.14327
0.931816 1.52243 1.14286
0.931964 1.52222 1.14368
0.934231 1.52602 1.14401
0.9341 1.5262 1.14327
0.931964 1.52222 1.14368
0.930389 1.52439 1.14398
0.932809 1.52798 1.14427
0.934231 1.52602 1.14401
0.930389 1.52439 1.14398
0.928815 1.52656 1.1443
0.931388 1.52994 1.14456
0.932809 1.52798 1.14427
0.928815 1.52656 1.1443
0.927246 1.52872 1.14469
0.929971 1.53189 1.1449
0.931388 1.52994 1.14456
0.927246 1.52872 1.14469
0.925683 1.53087 1.14515
0.928559 1.53383 1.1453
0.929971 1.53189 1.1449
0.927152 1.53577 1.14574
0.928496 1.53392 1.1449
0.931241 1.53676 1.14507
0.930037 1.53842 1.14581
0.928496 1.53392 1.1449
0.929866 1.53203 1.1442
0.932469 1.53507 1.14445
0.931241 1.53676 1.14507
0.929866 1.53203 1.1442
0.931258 1.53012 1.14364
0.933715 1.53336 1.14396
0.932469 1.53507 1.14445
0.931258 1.53012 1.14364
0.932672 1.52817 1.14327
0.934981 1.53162 1.14364
0.933715 1.53336 1.14396
0.932672 1.52817 1.14327
0.9341 1.5262 1.14327
0.936259 1.52986 1.14364
0.934981 1.53162 1.14364
0.9341 1.5262 1.14327
0.934231 1.52602 1.14401
0.936375 1.5297 1.14431
0.936259 1.52986 1.14364
0.934231 1.52602 1.14401
0.932809 1.52798 1.14427
0.935101 1.53145 1.14453
0.936375 1.5297 1.14431
0.932809 1.52798 1.14427
0.931388 1.52994 1.14456
0.933829 1.5332 1.14478
0.935101 1.53145 1.14453
0.931388 1.52994 1.14456
0.929971 1.53189 1.1449
0.932561 1.53495 1.14508
0.933829 1.5332 1.14478
0.929971 1.53189 1.1449
0.928559 1.53383 1.1453
0.931297 1.53669 1.14543
0.932561 1.53495 1.14508
0.930037 1.53842 1.14581
0.931241 1.53676 1.14507
0.931864 1.53751 1.14512
0.930702 1.53911 1.14583
0.931241 1.53676 1.14507
0.932469 1.53507 1.14445
0.933049 1.53588 1.14453
0.931864 1.53751 1.14512
0.932469 1.53507 1.14445
0.933715 1.53336 1.14396
0.934251 1.53422 1.14405
0.933049 1.53588 1.14453
0.933715 1.53336 1.14396
0.934981 1.53162 1.14364
0.935473 1.53254 1.14374
0.934251 1.53422 1.14405
0.934981 1.53162 1.14364
0.936259 1.52986 1.14364
0.936706 1.53084 1.14375
0.935473 1.53254 1.14374
0.936259 1.52986 1.14364
0.936375 1.5297 1.14431
0.936818 1.53069 1.1444
0.936706 1.53084 1.14375
0.936375 1.5297 1.14431
0.935101 1.53145 1.14453
0.935589 1.53238 1.14461
0.936818 1.53069 1.1444
0.935101 1.53145 1.14453
0.933829 1.5332 1.14478
0.934362 1.53407 1.14485
0.935589 1.53238 1.14461
0.933829 1.5332 1.14478
0.932561 1.53495 1.14508
0.933138 1.53576 1.14514
0.934362 1.53407 1.14485
0.932561 1.53495 1.14508
0.931297 1.53669 1.14543
0.931918 1.53744 1.14547
0.933138 1.53576 1.14514
0.930702 1.53911 1.14583
0.931864 1.53751 1.14512
0.932328 1.53818 1.14518
0.931209 1.53972 1.14586
0.931864 1.53751 1.14512
0.933049 1.53588 1.14453
0.933469 1.53661 1.14461
0.932328 1.53818 1.14518
0.933049 1.53588 1.14453
0.934251 1.53422 1.14405
0.934627 1.53502 1.14415
0.933469 1.53661 1.14461
0.934251 1.53422 1.14405
0.935473 1.53254 1.14374
0.935803 1.5334 1.14386
0.934627 1.53502 1.14415
0.935473 1.53254 1.14374
0.936706 1.53084 1.14375
0.936991 1.53176 1.14387
0.935803 1.5334 1.14386
0.936706 1.53084 1.14375
0.936818 1.53069 1.1444
0.937098 1.53161 1.14449
0.936991 1.53176 1.14387
0.936818 1.53069 1.1444
0.935589 1.53238 1.14461
0.935915 1.53324 1.14469
0.937098 1.53161 1.14449
0.935589 1.53238 1.14461
0.934362 1.53407 1.14485
0.934733 1.53487 1.14492
0.935915 1.53324 1.14469
0.934362 1.53407 1.14485
0.933138 1.53576 1.14514
0.933555 1.53649 1.1452
0.934733 1.53487 1.14492
0.933138 1.53576 1.14514
0.931918 1.53744 1.14547
0.93238 1.53811 1.14551
0.933555 1.53649 1.1452
0.931209 1.53972 1.14586
0.932328 1.53818 1.14518
0.932746 1.53891 1.14525
0.931678 1.54038 1.1459
0.932328 1.53818 1.14518
0.933469 1.53661 1.14461
0.933834 1.53742 1.14471
0.932746 1.53891 1.14525
0.933469 1.53661 1.14461
0.934627 1.53502 1.14415
0.934939 1.5359 1.14427
0.933834 1.53742 1.14471
0.934627 1.53502 1.14415
0.935803 1.5334 1.14386
0.93606 1.53435 1.14399
0.934939 1.5359 1.14427
0.935803 1.5334 1.14386
0.936991 1.53176 1.14387
0.937193 1.53279 1.144
0.93606 1.53435 1.14399
0.936991 1.53176 1.14387
0.937098 1.53161 1.14449
0.937295 1.53265 1.1446
0.937193 1.53279 1.144
0.937098 1.53161 1.14449
0.935915 1.53324 1.14469
0.936166 1.53421 1.14479
0.937295 1.53265 1.1446
0.935915 1.53324 1.14469
0.934733 1.53487 1.14492
0.935039 1.53576 1.14501
0.936166 1.53421 1.14479
0.934733 1.53487 1.14492
0.933555 1.53649 1.1452
0.933915 1.5373 1.14527
0.935039 1.53576 1.14501
0.933555 1.53649 1.1452
0.93238 1.53811 1.14551
0.932795 1.53885 1.14557
0.933915 1.5373 1.14527
0.931678 1.54038 1.1459
0.932746 1.53891 1.14525
0.933112 1.53972 1.14534
0.932106 1.54111 1.14595
0.932746 1.53891 1.14525
0.933834 1.53742 1.14471
0.934137 1.53831 1.14483
0.933112 1.53972 1.14534
0.933834 1.53742 1.14471
0.934939 1.5359 1.14427
0.935177 1.53688 1.14442
0.934137 1.53831 1.14483
0.934939 1.5359 1.14427
0.93606 1.53435 1.14399
0.936234 1.53542 1.14416
0.935177 1.53688 1.14442
0.93606 1.53435 1.14399
0.937193 1.53279 1.144
0.937301 1.53396 1.14417
0.936234 1.53542 1.14416
0.937193 1.53279 1.144
0.937295 1.53265 1.1446
0.937396 1.53382 1.14473
0.937301 1.53396 1.14417
0.937295 1.53265 1.1446
0.936166 1.53421 1.14479
0.936333 1.53529 1.14491
0.937396 1.53382 1.14473
0.936166 1.53421 1.14479
0.935039 1.53576 1.14501
0.935272 1.53675 1.14512
0.936333 1.53529 1.14491
0.935039 1.53576 1.14501
0.933915 1.5373 1.14527
0.934213 1.5382 1.14536
0.935272 1.53675 1.14512
0.933915 1.5373 1.14527
0.932795 1.53885 1.14557
0.933158 1.53966 1.14564
0.934213 1.5382 1.14536
0.932106 1.54111 1.14595
0.933112 1.53972 1.14534
0.933415 1.54061 1.14545
0.932483 1.5419 1.14601
0.933112 1.53972 1.14534
0.934137 1.53831 1.14483
0.934364 1.53931 1.14498
0.933415 1.54061 1.14545
0.934137 1.53831 1.14483
0.935177 1.53688 1.14442
0.935328 1.53798 1.1446
0.934364 1.53931 1.14498
0.935177 1.53688 1.14442
0.936234 1.53542 1.14416
0.936307 1.53663 1.14436
0.935328 1.53798 1.1446
0.936234 1.53542 1.14416
0.937301 1.53396 1.14417
0.937295 1.53527 1.14437
0.936307 1.53663 1.14436
0.937301 1.53396 1.14417
0.937396 1.53382 1.14473
0.937383 1.53515 1.14489
0.937295 1.53527 1.14437
0.937396 1.53382 1.14473
0.936333 1.53529 1.14491
0.936399 1.53651 1.14506
0.937383 1.53515 1.14489
0.936333 1.53529 1.14491
0.935272 1.53675 1.14512
0.935416 1.53786 1.14524
0.936399 1.53651 1.14506
0.935272 1.53675 1.14512
0.934213 1.5382 1.14536
0.934435 1.53921 1.14547
0.935416 1.53786 1.14524
0.934213 1.5382 1.14536
0.933158 1.53966 1.14564
0.933458 1.54055 1.14573
0.934435 1.53921 1.14547
0.932483 1.5419 1.14601
0.933415 1.54061 1.14545
0.933634 1.54162 1.14558
0.932792 1.54278 1.14609
0.933415 1.54061 1.14545
0.934364 1.53931 1.14498
0.934492 1.54044 1.14516
0.933634 1.54162 1.14558
0.934364 1.53931 1.14498
0.935328 1.53798 1.1446
0.935363 1.53924 1.14482
0.934492 1.54044 1.14516
0.935328 1.53798 1.1446
0.936307 1.53663 1.14436
0.936247 1.53802 1.1446
0.935363 1.53924 1.14482
0.936307 1.53663 1.14436
0.937295 1.53527 1.14437
0.93714 1.5368 1.14461
0.936247 1.53802 1.1446
0.937295 1.53527 1.14437
0.937383 1.53515 1.14489
0.937219 1.53669 1.14508
0.93714 1.5368 1.14461
0.937383 1.53515 1.14489
0.936399 1.53651 1.14506
0.93633 1.53791 1.14523
0.937219 1.53669 1.14508
0.936399 1.53651 1.14506
0.935416 1.53786 1.14524
0.935442 1.53913 1.1454
0.93633 1.53791 1.14523
0.935416 1.53786 1.14524
0.934435 1.53921 1.14547
0.934556 1.54035 1.1456
0.935442 1.53913 1.1454
0.934435 1.53921 1.14547
0.933458 1.54055 1.14573
0.933673 1.54157 1.14583
0.934556 1.54035 1.1456
0.932792 1.54278 1.14609
0.933634 1.54162 1.14558
0.933738 1.54279 1.14575
0.933008 1.54379 1.14619
0.933634 1.54162 1.14558
0.934492 1.54044 1.14516
0.934481 1.54176 1.14538
0.933738 1.54279 1.14575
0.934492 1.54044 1.14516
0.935363 1.53924 1.14482
0.935236 1.54073 1.14509
0.934481 1.54176 1.14538
0.935363 1.53924 1.14482
0.936247 1.53802 1.1446
0.936002 1.53967 1.14491
0.935236 1.54073 1.14509
0.936247 1.53802 1.1446
0.93714 1.5368 1.14461
0.936775 1.53861 1.14492
0.936002 1.53967 1.14491
0.93714 1.5368 1.14461
0.937219 1.53669 1.14508
0.936844 1.53851 1.14532
0.936775 1.53861 1.14492
0.937219 1.53669 1.14508
0.93633 1.53791 1.14523
0.936073 1.53957 1.14545
0.936844 1.53851 1.14532
0.93633 1.53791 1.14523
0.935442 1.53913 1.1454
0.935304 1.54063 1.1456
0.936073 1.53957 1.14545
0.935442 1.53913 1.1454
0.934556 1.54035 1.1456
0.934536 1.54169 1.14577
0.935304 1.54063 1.1456
0.934556 1.54035 1.1456
0.933673 1.54157 1.14583
0.933771 1.54274 1.14597
0.934536 1.54169 1.14577
0.933008 1.54379 1.14619
0.933738 1.54279 1.14575
0.933636 1.54424 1.14599
0.933059 1.54503 1.14633
0.933738 1.54279 1.14575
0.934481 1.54176 1.14538
0.934225 1.54343 1.1457
0.933636 1.54424 1.14599
0.934481 1.54176 1.14538
0.935236 1.54073 1.14509
0.934823 1.5426 1.14547
0.934225 1.54343 1.1457
0.935236 1.54073 1.14509
0.936002 1.53967 1.14491
0.935429 1.54177 1.14532
0.934823 1.5426 1.14547
0.936002 1.53967 1.14491
0.936775 1.53861 1.14492
0.936041 1.54093 1.14533
0.935429 1.54177 1.14532
0.936775 1.53861 1.14492
0.936844 1.53851 1.14532
0.936096 1.54085 1.14565
0.936041 1.54093 1.14533
0.936844 1.53851 1.14532
0.936073 1.53957 1.14545
0.935486 1.54169 1.14575
0.936096 1.54085 1.14565
0.936073 1.53957 1.14545
0.935304 1.54063 1.1456
0.934876 1.54253 1.14586
0.935486 1.54169 1.14575
0.935304 1.54063 1.1456
0.934536 1.54169 1.14577
0.934269 1.54337 1.146
0.934876 1.54253 1.14586
0.934536 1.54169 1.14577
0.933771 1.54274 1.14597
0.933663 1.5442 1.14616
0.934269 1.54337 1.146
0.933059 1.54503 1.14633
0.933636 1.54424 1.14599
0.933 1.54642 1.14639
0.932676 1.54687 1.14658
0.933636 1.54424 1.14599
0.934225 1.54343 1.1457
0.933329 1.54597 1.14623
0.933 1.54642 1.14639
0.934225 1.54343 1.1457
0.934823 1.5426 1.14547
0.933663 1.54551 1.1461
0.933329 1.54597 1.14623
0.934823 1.5426 1.14547
0.935429 1.54177 1.14532
0.934002 1.54504 1.14602
0.933663 1.54551 1.1461
0.935429 1.54177 1.14532
0.936041 1.54093 1.14533
0.934345 1.54457 1.14602
0.934002 1.54504 1.14602
0.936041 1.54093 1.14533
0.936096 1.54085 1.14565
0.934375 1.54453 1.1462
0.934345 1.54457 1.14602
0.936096 1.54085 1.14565
0.935486 1.54169 1.14575
0.934034 1.545 1.14626
0.934375 1.54453 1.1462
0.935486 1.54169 1.14575
0.934876 1.54253 1.14586
0.933693 1.54547 1.14632
0.934034 1.545 1.14626
0.934876 1.54253 1.14586
0.934269 1.54337 1.146
0.933353 1.54594 1.1464
0.933693 1.54547 1.14632
0.934269 1.54337 1.146
0.933663 1.5442 1.14616
0.933014 1.5464 1.14649
0.933353 1.54594 1.1464
0.932676 1.54687 1.14658
0.933 1.54642 1.14639
0.932174 1.54874 1.14683
0.932128 1.5488 1.14686
0.933 1.54642 1.14639
0.933329 1.54597 1.14623
0.932221 1.54867 1.14681
0.932174 1.54874 1.14683
0.933329 1.54597 1.14623
0.933663 1.54551 1.1461
0.932268 1.54861 1.14679
0.932221 1.54867 1.14681
0.933663 1.54551 1.1461
0.934002 1.54504 1.14602
0.932317 1.54854 1.14678
0.932268 1.54861 1.14679
0.934002 1.54504 1.14602
0.934345 1.54457 1.14602
0.932365 1.54847 1.14678
0.932317 1.54854 1.14678
0.934345 1.54457 1.14602
0.934375 1.54453 1.1462
0.93237 1.54847 1.1468
0.932365 1.54847 1.14678
0.934375 1.54453 1.1462
0.934034 1.545 1.14626
0.932321 1.54854 1.14681
0.93237 1.54847 1.1468
0.934034 1.545 1.14626
0.933693 1.54547 1.14632
0.932273 1.5486 1.14682
0.932321 1.54854 1.14681
0.933693 1.54547 1.14632
0.933353 1.54594 1.1464
0.932224 1.54867 1.14683
0.932273 1.5486 1.14682
0.933353 1.54594 1.1464
0.933014 1.5464 1.14649
0.932176 1.54873 1.14684
0.932224 1.54867 1.14683
0.837565 1.46116 1.14043
0.835667 1.46377 1.1429
0.837644 1.46534 1.14286
0.839629 1.46261 1.14009
0.839629 1.46261 1.14009
0.837644 1.46534 1.14286
0.840832 1.46773 1.14294
0.84299 1.46476 1.13985
0.84299 1.46476 1.13985
0.840832 1.46773 1.14294
0.844149 1.47009 1.14314
0.846523 1.46682 1.13991
0.846523 1.46682 1.13991
0.844149 1.47009 1.14314
0.847479 1.47242 1.14337
0.850069 1.46886 1.14012
0.850069 1.46886 1.14012
0.847479 1.47242 1.14337
0.850807 1.47477 1.14355
0.853579 1.47095 1.14033
0.853579 1.47095 1.14033
0.850807 1.47477 1.14355
0.854133 1.47711 1.14371
0.857049 1.47309 1.14055
0.857049 1.47309 1.14055
0.854133 1.47711 1.14371
0.857461 1.47944 1.14384
0.860484 1.47528 1.14077
0.860484 1.47528 1.14077
0.857461 1.47944 1.14384
0.860801 1.48177 1.14394
0.863887 1.47752 1.14099
0.863887 1.47752 1.14099
0.860801 1.48177 1.14394
0.864148 1.48408 1.14403
0.867257 1.4798 1.1412
0.867257 1.4798 1.1412
0.864148 1.48408 1.14403
0.867481 1.48641 1.14411
0.870589 1.48214 1.14142
0.870589 1.48214 1.14142
0.867481 1.48641 1.14411
0.87079 1.48878 1.1442
0.873884 1.48452 1.14163
0.873884 1.48452 1.14163
0.87079 1.48878 1.1442
0.874074 1.49118 1.14428
0.877142 1.48696 1.14184
0.877142 1.48696 1.14184
0.874074 1.49118 1.14428
0.877336 1.49361 1.14438
0.880367 1.48944 1.14206
0.880367 1.48944 1.14206
0.877336 1.49361 1.14438
0.880574 1.49607 1.14447
0.883557 1.49197 1.14226
0.883557 1.49197 1.14226
0.880574 1.49607 1.14447
0.883791 1.49856 1.14456
0.886718 1.49454 1.14247
0.886718 1.49454 1.14247
0.883791 1.49856 1.14456
0.886988 1.50109 1.14465
0.889851 1.49715 1.14268
0.889851 1.49715 1.14268
0.886988 1.50109 1.14465
0.890165 1.50363 1.14474
0.892962 1.49978 1.14293
0.892962 1.49978 1.14293
0.890165 1.50363 1.14474
0.893325 1.5062 1.14483
0.896047 1.50246 1.14317
0.896047 1.50246 1.14317
0.893325 1.5062 1.14483
0.896468 1.5088 1.14492
0.899105 1.50517 1.14341
0.899105 1.50517 1.14341
0.896468 1.5088 1.14492
0.899593 1.51142 1.14501
0.902137 1.50791 1.14363
0.902137 1.50791 1.14363
0.899593 1.51142 1.14501
0.902705 1.51406 1.1451
0.905149 1.51069 1.14385
0.905149 1.51069 1.14385
0.902705 1.51406 1.1451
0.9058 1.51671 1.14518
0.908135 1.5135 1.14405
0.908135 1.5135 1.14405
0.9058 1.51671 1.14518
0.908882 1.51939 1.14527
0.911102 1.51634 1.14426
0.911102 1.51634 1.14426
0.908882 1.51939 1.14527
0.911953 1.52209 1.14535
0.914051 1.5192 1.14445
0.914051 1.5192 1.14445
0.911953 1.52209 1.14535
0.915011 1.5248 1.14543
0.916982 1.52208 1.14464
0.916982 1.52208 1.14464
0.915011 1.5248 1.14543
0.918059 1.52752 1.14551
0.919896 1.52499 1.14481
0.919896 1.52499 1.14481
0.918059 1.52752 1.14551
0.921099 1.53026 1.14559
0.922797 1.52792 1.14498
0.922797 1.52792 1.14498
0.921099 1.53026 1.14559
0.924128 1.53301 1.14567
0.925683 1.53087 1.14515
0.925683 1.53087 1.14515
0.924128 1.53301 1.14567
0.927152 1.53577 1.14574
0.928559 1.53383 1.1453
0.928559 1.53383 1.1453
0.927152 1.53577 1.14574
0.930037 1.53842 1.14581
0.931297 1.53669 1.14543
0.931297 1.53669 1.14543
0.930037 1.53842 1.14581
0.930702 1.53911 1.14583
0.931918 1.53744 1.14547
0.931918 1.53744 1.14547
0.930702 1.53911 1.14583
0.931209 1.53972 1.14586
0.93238 1.53811 1.14551
0.93238 1.53811 1.14551
0.931209 1.53972 1.14586
0.931678 1.54038 1.1459
0.932795 1.53885 1.14557
0.932795 1.53885 1.14557
0.931678 1.54038 1.1459
0.932106 1.54111 1.14595
0.933158 1.53966 1.14564
0.933158 1.53966 1.14564
0.932106 1.54111 1.14595
0.932483 1.5419 1.14601
0.933458 1.54055 1.14573
0.933458 1.54055 1.14573
0.932483 1.5419 1.14601
0.932792 1.54278 1.14609
0.933673 1.54157 1.14583
0.933673 1.54157 1.14583
0.932792 1.54278 1.14609
0.933008 1.54379 1.14619
0.933771 1.54274 1.14597
0.933771 1.54274 1.14597
0.933008 1.54379 1.14619
0.933059 1.54503 1.14633
0.933663 1.5442 1.14616
0.933663 1.5442 1.14616
0.933059 1.54503 1.14633
0.932676 1.54687 1.14658
0.933014 1.5464 1.14649
0.933014 1.5464 1.14649
0.932676 1.54687 1.14658
0.932128 1.5488 1.14686
0.932176 1.54873 1.14684
0.8135 1.4528 1.1457
0.8135 1.4528 1.1457
0.8135 1.4528 1.1457
0.8135 1.4528 1.1457
0.8135 1.4528 1.1457
0.8135 1.4528 1.1457
0.8135 1.4528 1.1457
0.8135 1.4528 1.1457
0.8135 1.4528 1.1457
0.8135 1.4528 1.1457
0.8135 1.4528 1.1457
0.8135 1.4528 1.1457
0.8135 1.4528 1.1457
0.8135 1.4528 1.1457
0.8135 1.4528 1.1457
0.8135 1.4528 1.1457
0.8135 1.4528 1.1457
0.8135 1.4528 1.1457
0.8135 1.4528 1.1457
0.8135 1.4528 1.1457
0.8135 1.4528 1.1457
0.8135 1.4528 1.1457
0.8135 1.4528 1.1457
0.8135 1.4528 1.1457
0.8135 1.4528 1.1457
0.8135 1.4528 1.1457
0.8135 1.4528 1.1457
0.8135 1.4528 1.1457
0.8135 1.4528 1.1457
0.8135 1.4528 1.1457
0.8135 1.4528 1.1457
0.8135 1.4528 1.1457
0.8135 1.4528 1.1457
0.8135 1.4528 1.1457
0.8135 1.4528 1.1457
0.8135 1.4528 1.1457
0.8135 1.4528 1.1457
0.8135 1.4528 1.1457
0.8135 1.4528 1.1457
0.8135 1.4528 1.1457
0.8135 1.4528 1.1457
0.8135 1.4528 1.1457
0.8135 1.4528 1.1457
0.8135 1.4528 1.1457
0.8135 1.4528 1.1457
0.8135 1.4528 1.1457
0.8135 1.4528 1.1457
0.8135 1.4528 1.1457
0.8135 1.4528 1.1457
0.8135 1.4528 1.1457
0.8135 1.4528 1.1457
0.8135 1.4528 1.1457
0.8135 1.4528 1.1457
0.8135 1.4528 1.1457
0.8135 1.4528 1.1457
0.8135 1.4528 1.1457
0.8135 1.4528 1.1457
0.8135 1.4528 1.1457
0.8135 1.4528 1.1457
0.8135 1.4528 1.1457
0.8135 1.4528 1.1457
0.8135 1.4528 1.1457
0.8135 1.4528 1.1457
0.8135 1.4528 1.1457
0.8135 1.4528 1.1457
0.8135 1.4528 1.1457
0.8135 1.4528 1.1457
0.8135 1.4528 1.1457
0.8135 1.4528 1.1457
0.8135 1.4528 1.1457
0.8135 1.4528 1.1457
0.8135 1.4528 1.1457
0.8135 1.4528 1.1457
0.8135 1.4528 1.1457
0.8135 1.4528 1.1457
0.8135 1.4528 1.1457
0.8135 1.4528 1.1457
0.8135 1.4528 1.1457
0.8135 1.4528 1.1457
0.8135 1.4528 1.1457
0.8135 1.4528 1.1457
0.8135 1.4528 1.1457
0.8135 1.4528 1.1457
0.8135 1.4528 1.1457
0.8135 1.4528 1.1457
0.8135 1.4528 1.1457
0.8135 1.4528 1.1457
0.8135 1.4528 1.1457
CELLS 924 4620
4 0 1 2 3
4 4 5 6 7
4 8 9 10 11
4 12 13 14 15
4 16 17 18 19
4 20 21 22 23
4 24 25 26 27
4 28 29 30 31
4 32 33 34 35
4 36 37 38 39
4 40 41 42 43
4 44 45 46 47
4 48 49 50 51
4 52 53 54 55
4 56 57 58 59
4 60 61 62 63
4 64 65 66 67
4 68 69 70 71
4 72 73 74 75
4 76 77 78 79
4 80 81 82 83
4 84 85 86 87
4 88 89 90 91
4 92 93 94 95
4 96 97 98 99
4 100 101 102 103
4 104 105 106 107
4 108 109 110 111
4 112 113 114 115
4 116 117 118 119
4 120 121 122 123
4 124 125 126 127
4 128 129 130 131
4 132 133 134 135
4 136 137 138 139
4 140 141 142 143
4 144 145 146 147
4 148 149 150 151
4 152 153 154 155
4 156 157 158 159
4 160 161 162 163
4 164 165 166 167
4 168 169 170 171
4 172 173 174 175
4 176 177 178 179
4 180 181 182 183
4 184 185 186 187
4 188 189 190 191
4 192 193 194 195
4 196 197 198 199
4 200 201 202 203
4 204 205 206 207
4 208 209 210 211
4 212 213 214 215
4 216 217 218 219
4 220 221 222 223
4 224 225 226 227
4 228 229 230 231
4 232 233 234 235
4 236 237 238 239
4 240 241 242 243
4 244 245 246 247
4 248 249 250 251
4 252 253 254 255
4 256 257 258 259
4 260 261 262 263
4 264 265 266 267
4 268 269 270 271
4 272 273 274 275
4 276 277 278 279
4 280 281 282 283
4 284 285 286 287
4 288 289 290 291
4 292 293 294 295
4 296 297 298 299
4 300 301 302 303
4 304 305 306 307
4 308 309 310 311
4 312 313 314 315
4 316 317 318 319
4 320 321 322 323
4 324 325 326 327
4 328 329 330 331
4 332 333 334 335
4 336 337 338 339
4 340 341 342 343
4 344 345 346 347
4 348 349 350 351
4 352 353 354 355
4 356 357 358 359
4 360 361 362 363
4 364 365 366 367
4 368 369 370 371
4 372 373 374 375
4 376 377 378 379
4 380 381 382 383
4 384 385 386 387
4 388 389 390 391
4 392 393 394 395
4 396 397 398 399
4 400 401 402 403
4 404 405 406 407
4 408 409 410 411
4 412 413 414 415
4 416 417 418 419
4 420 421 422 423
4 424 425 426 427
4 428 429 430 431
4 432 433 434 435
4 436 437 438 439
4 440 441 442 443
4 444 445 446 447
4 448 449 450 451
4 452 453 454 455
4 456 457 458 459
4 460 461 462 463
4 464 465 466 467
4 468 469 470 471
4 472 473 474 475
4 476 477 478 479
4 480 481 482 483
4 484 485 486 487
4 488 489 490 491
4 492 493 494 495
4 496 497 498 499
4 500 501 502 503
4 504 505 506 507
4 508 509 510 511
4 512 513 514 515
4 516 517 518 519
4 520 521 522 523
4 524 525 526 527
4 528 529 530 531
4 532 533 534 535
4 536 537 538 539
4 540 541 542 543
4 544 545 546 547
4 548 549 550 551
4 552 553 554 555
4 556 557 558 559
4 560 561 562 563
4 564 565 566 567
4 568 569 570 571
4 572 573 574 575
4 576 577 578 579
4 580 581 582 583
4 584 585 586 587
4 588 589 590 591
4 592 593 594 595
4 596 597 598 599
4 600 601 602 603
4 604 605 606 607
4 608 609 610 611
4 612 613 614 615
4 616 617 618 619
4 620 621 622 623
4 624 625 626 627
4 628 629 630 631
4 632 633 634 635
4 636 637 638 639
4 640 641 642 643
4 644 645 646 647
4 648 649 650 651
4 652 653 654 655
4 656 657 658 659
4 660 661 662 663
4 664 665 666 667
4 668 669 670 671
4 672 673 674 675
4 676 677 678 679
4 680 681 682 683
4 684 685 686 687
4 688 689 690 691
4 692 693 694 695
4 696 697 698 699
4 700 701 702 703
4 704 705 706 707
4 708 709 710 711
4 712 713 714 715
4 716 717 718 719
4 720 721 722 723
4 724 725 726 727
4 728 729 730 731
4 732 733 734 735
4 736 737 738 739
4 740 741 742 743
4 744 745 746 747
4 748 749 750 751
4 752 753 754 755
4 756 757 758 759
4 760 761 762 763
4 764 765 766 767
4 768 769 770 771
4 772 773 774 775
4 776 777 778 779
4 780 781 782 783
4 784 785 786 787
4 788 789 790 791
4 792 793 794 795
4 796 797 798 799
4 800 801 802 803
4 804 805 806 807
4 808 809 810 811
4 812 813 814 815
4 816 817 818 819
4 820 821 822 823
4 824 825 826 827
4 828 829 830 831
4 832 833 834 835
4 836 837 838 839
4 840 841 842 843
4 844 845 846 847
4 848 849 850 851
4 852 853 854 855
4 856 857 858 859
4 860 861 862 863
4 864 865 866 867
4 868 869 870 871
4 872 873 874 875
4 876 877 878 879
4 880 881 882 883
4 884 885 886 887
4 888 889 890 891
4 892 893 894 895
4 896 897 898 899
4 900 901 902 903
4 904 905 906 907
4 908 909 910 911
4 912 913 914 915
4 916 917 918 919
4 920 921 922 923
4 924 925 926 927
4 928 929 930 931
4 932 933 934 935
4 936 937 938 939
4 940 941 942 943
4 944 945 946 947
4 948 949 950 951
4 952 953 954 955
4 956 957 958 959
4 960 961 962 963
4 964 965 966 967
4 968 969 970 971
4 972 973 974 975
4 976 977 978 979
4 980 981 982 983
4 984 985 986 987
4 988 989 990 991
4 992 993 994 995
4 996 997 998 999
4 1000 1001 1002 1003
4 1004 1005 1006 1007
4 1008 1009 1010 1011
4 1012 1013 1014 1015
4 1016 1017 1018 1019
4 1020 1021 1022 1023
4 1024 1025 1026 1027
4 1028 1029 1030 1031
4 1032 1033 1034 1035
4 1036 1037 1038 1039
4 1040 1041 1042 1043
4 1044 1045 1046 1047
4 1048 1049 1050 1051
4 1052 1053 1054 1055
4 1056 1057 1058 1059
4 1060 1061 1062 1063
4 1064 1065 1066 1067
4 1068 1069 1070 1071
4 1072 1073 1074 1075
4 1076 1077 1078 1079
4 1080 1081 1082 1083
4 1084 1085 1086 1087
4 1088 1089 1090 1091
4 1092 1093 1094 1095
4 1096 1097 1098 1099
4 1100 1101 1102 1103
4 1104 1105 1106 1107
4 1108 1109 1110 1111
4 1112 1113 1114 1115
4 1116 1117 1118 1119
4 1120 1121 1122 1123
4 1124 1125 1126 1127
4 1128 1129 1130 1131
4 1132 1133 1134 1135
4 1136 1137 1138 1139
4 1140 1141 1142 1143
4 1144 1145 1146 1147
4 1148 1149 1150 1151
4 1152 1153 1154 1155
4 1156 1157 1158 1159
4 1160 1161 1162 1163
4 1164 1165 1166 1167
4 1168 1169 1170 1171
4 1172 1173 1174 1175
4 1176 1177 1178 1179
4 1180 1181 1182 1183
4 1184 1185 1186 1187
4 1188 1189 1190 1191
4 1192 1193 1194 1195
4 1196 1197 1198 1199
4 1200 1201 1202 1203
4 1204 1205 1206 1207
4 1208 1209 1210 1211
4 1212 1213 1214 1215
4 1216 1217 1218 1219
4 1220 1221 1222 1223
4 1224 1225 1226 1227
4 1228 1229 1230 1231
4 1232 1233 1234 1235
4 1236 1237 1238 1239
4 1240 1241 1242 1243
4 1244 1245 1246 1247
4 1248 1249 1250 1251
4 1252 1253 1254 1255
4 1256 1257 1258 1259
4 1260 1261 1262 1263
4 1264 1265 1266 1267
4 1268 1269 1270 1271
4 1272 1273 1274 1275
4 1276 1277 1278 1279
4 1280 1281 1282 1283
4 1284 1285 1286 1287
4 1288 1289 1290 1291
4 1292 1293 1294 1295
4 1296 1297 1298 1299
4 1300 1301 1302 1303
4 1304 1305 1306 1307
4 1308 1309 1310 1311
4 1312 1313 1314 1315
4 1316 1317 1318 1319
4 1320 1321 1322 1323
4 1324 1325 1326 1327
4 1328 1329 1330 1331
4 1332 1333 1334 1335
4 1336 1337 1338 1339
4 1340 1341 1342 1343
4 1344 1345 1346 1347
4 1348 1349 1350 1351
4 1352 1353 1354 1355
4 1356 1357 1358 1359
4 1360 1361 1362 1363
4 1364 1365 1366 1367
4 1368 1369 1370 1371
4 1372 1373 1374 1375
4 1376 1377 1378 1379
4 1380 1381 1382 1383
4 1384 1385 1386 1387
4 1388 1389 1390 1391
4 1392 1393 1394 1395
4 1396 1397 1398 1399
4 1400 1401 1402 1403
4 1404 1405 1406 1407
4 1408 1409 1410 1411
4 1412 1413 1414 1415
4 1416 1417 1418 1419
4 1420 1421 1422 1423
4 1424 1425 1426 1427
4 1428 1429 1430 1431
4 1432 1433 1434 1435
4 1436 1437 1438 1439
4 1440 1441 1442 1443
4 1444 1445 1446 1447
4 1448 1449 1450 1451
4 1452 1453 1454 1455
4 1456 1457 1458 1459
4 1460 1461 1462 1463
4 1464 1465 1466 1467
4 1468 1469 1470 1471
4 1472 1473 1474 1475
4 1476 1477 1478 1479
4 1480 1481 1482 1483
4 1484 1485 1486 1487
4 1488 1489 1490 1491
4 1492 1493 1494 1495
4 1496 1497 1498 1499
4 1500 1501 1502 1503
4 1504 1505 1506 1507
4 1508 1509 1510 1511
4 1512 1513 1514 1515
4 1516 1517 1518 1519
4 1520 1521 1522 1523
4 1524 1525 1526 1527
4 1528 1529 1530 1531
4 1532 1533 1534 1535
4 1536 1537 1538 1539
4 1540 1541 1542 1543
4 1544 1545 1546 1547
4 1548 1549 1550 1551
4 1552 1553 1554 1555
4 1556 1557 1558 1559
4 1560 1561 1562 1563
4 1564 1565 1566 1567
4 1568 1569 1570 1571
4 1572 1573 1574 1575
4 1576 1577 1578 1579
4 1580 1581 1582 1583
4 1584 1585 1586 1587
4 1588 1589 1590 1591
4 1592 1593 1594 1595
4 1596 1597 1598 1599
4 1600 1601 1602 1603
4 1604 1605 1606 1607
4 1608 1609 1610 1611
4 1612 1613 1614 1615
4 1616 1617 1618 1619
4 1620 1621 1622 1623
4 1624 1625 1626 1627
4 1628 1629 1630 1631
4 1632 1633 1634 1635
4 1636 1637 1638 1639
4 1640 1641 1642 1643
4 1644 1645 1646 1647
4 1648 1649 1650 1651
4 1652 1653 1654 1655
4 1656 1657 1658 1659
4 1660 1661 1662 1663
4 1664 1665 1666 1667
4 1668 1669 1670 1671
4 1672 1673 1674 1675
4 1676 1677 1678 1679
4 1680 1681 1682 1683
4 1684 1685 1686 1687
4 1688 1689 1690 1691
4 1692 1693 1694 1695
4 1696 1697 1698 1699
4 1700 1701 1702 1703
4 1704 1705 1706 1707
4 1708 1709 1710 1711
4 1712 1713 1714 1715
4 1716 1717 1718 1719
4 1720 1721 1722 1723
4 1724 1725 1726 1727
4 1728 1729 1730 1731
4 1732 1733 1734 1735
4 1736 1737 1738 1739
4 1740 1741 1742 1743
4 1744 1745 1746 1747
4 1748 1749 1750 1751
4 1752 1753 1754 1755
4 1756 1757 1758 1759
4 1760 1761 1762 1763
4 1764 1765 1766 1767
4 1768 1769 1770 1771
4 1772 1773 1774 1775
4 1776 1777 1778 1779
4 1780 1781 1782 1783
4 1784 1785 1786 1787
4 1788 1789 1790 1791
4 1792 1793 1794 1795
4 1796 1797 1798 1799
4 1800 1801 1802 1803
4 1804 1805 1806 1807
4 1808 1809 1810 1811
4 1812 1813 1814 1815
4 1816 1817 1818 1819
4 1820 1821 1822 1823
4 1824 1825 1826 1827
4 1828 1829 1830 1831
4 1832 1833 1834 1835
4 1836 1837 1838 1839
4 1840 1841 1842 1843
4 1844 1845 1846 1847
4 1848 1849 1850 1851
4 1852 1853 1854 1855
4 1856 1857 1858 1859
4 1860 1861 1862 1863
4 1864 1865 1866 1867
4 1868 1869 1870 1871
4 1872 1873 1874 1875
4 1876 1877 1878 1879
4 1880 1881 1882 1883
4 1884 1885 1886 1887
4 1888 1889 1890 1891
4 1892 1893 1894 1895
4 1896 1897 1898 1899
4 1900 1901 1902 1903
4 1904 1905 1906 1907
4 1908 1909 1910 1911
4 1912 1913 1914 1915
4 1916 1917 1918 1919
4 1920 1921 1922 1923
4 1924 1925 1926 1927
4 1928 1929 1930 1931
4 1932 1933 1934 1935
4 1936 1937 1938 1939
4 1940 1941 1942 1943
4 1944 1945 1946 1947
4 1948 1949 1950 1951
4 1952 1953 1954 1955
4 1956 1957 1958 1959
4 1960 1961 1962 1963
4 1964 1965 1966 1967
4 1968 1969 1970 1971
4 1972 1973 1974 1975
4 1976 1977 1978 1979
4 1980 1981 1982 1983
4 1984 1985 1986 1987
4 1988 1989 1990 1991
4 1992 1993 1994 1995
4 1996 1997 1998 1999
4 2000 2001 2002 2003
4 2004 2005 2006 2007
4 2008 2009 2010 2011
4 2012 2013 2014 2015
4 2016 2017 2018 2019
4 2020 2021 2022 2023
4 2024 2025 2026 2027
4 2028 2029 2030 2031
4 2032 2033 2034 2035
4 2036 2037 2038 2039
4 2040 2041 2042 2043
4 2044 2045 2046 2047
4 2048 2049 2050 2051
4 2052 2053 2054 2055
4 2056 2057 2058 2059
4 2060 2061 2062 2063
4 2064 2065 2066 2067
4 2068 2069 2070 2071
4 2072 2073 2074 2075
4 2076 2077 2078 2079
4 2080 2081 2082 2083
4 2084 2085 2086 2087
4 2088 2089 2090 2091
4 2092 2093 2094 2095
4 2096 2097 2098 2099
4 2100 2101 2102 2103
4 2104 2105 2106 2107
4 2108 2109 2110 2111
4 2112 2113 2114 2115
4 2116 2117 2118 2119
4 2120 2121 2122 2123
4 2124 2125 2126 2127
4 2128 2129 2130 2131
4 2132 2133 2134 2135
4 2136 2137 2138 2139
4 2140 2141 2142 2143
4 2144 2145 2146 2147
4 2148 2149 2150 2151
4 2152 2153 2154 2155
4 2156 2157 2158 2159
4 2160 2161 2162 2163
4 2164 2165 2166 2167
4 2168 2169 2170 2171
4 2172 2173 2174 2175
4 2176 2177 2178 2179
4 2180 2181 2182 2183
4 2184 2185 2186 2187
4 2188 2189 2190 2191
4 2192 2193 2194 2195
4 2196 2197 2198 2199
4 2200 2201 2202 2203
4 2204 2205 2206 2207
4 2208 2209 2210 2211
4 2212 2213 2214 2215
4 2216 2217 2218 2219
4 2220 2221 2222 2223
4 2224 2225 2226 2227
4 2228 2229 2230 2231
4 2232 2233 2234 2235
4 2236 2237 2238 2239
4 2240 2241 2242 2243
4 2244 2245 2246 2247
4 2248 2249 2250 2251
4 2252 2253 2254 2255
4 2256 2257 2258 2259
4 2260 2261 2262 2263
4 2264 2265 2266 2267
4 2268 2269 2270 2271
4 2272 2273 2274 2275
4 2276 2277 2278 2279
4 2280 2281 2282 2283
4 2284 2285 2286 2287
4 2288 2289 2290 2291
4 2292 2293 2294 2295
4 2296 2297 2298 2299
4 2300 2301 2302 2303
4 2304 2305 2306 2307
4 2308 2309 2310 2311
4 2312 2313 2314 2315
4 2316 2317 2318 2319
4 2320 2321 2322 2323
4 2324 2325 2326 2327
4 2328 2329 2330 2331
4 2332 2333 2334 2335
4 2336 2337 2338 2339
4 2340 2341 2342 2343
4 2344 2345 2346 2347
4 2348 2349 2350 2351
4 2352 2353 2354 2355
4 2356 2357 2358 2359
4 2360 2361 2362 2363
4 2364 2365 2366 2367
4 2368 2369 2370 2371
4 2372 2373 2374 2375
4 2376 2377 2378 2379
4 2380 2381 2382 2383
4 2384 2385 2386 2387
4 2388 2389 2390 2391
4 2392 2393 2394 2395
4 2396 2397 2398 2399
4 2400 2401 2402 2403
4 2404 2405 2406 2407
4 2408 2409 2410 2411
4 2412 2413 2414 2415
4 2416 2417 2418 2419
4 2420 2421 2422 2423
4 2424 2425 2426 2427
4 2428 2429 2430 2431
4 2432 2433 2434 2435
4 2436 2437 2438 2439
4 2440 2441 2442 2443
4 2444 2445 2446 2447
4 2448 2449 2450 2451
4 2452 2453 2454 2455
4 2456 2457 2458 2459
4 2460 2461 2462 2463
4 2464 2465 2466 2467
4 2468 2469 2470 2471
4 2472 2473 2474 2475
4 2476 2477 2478 2479
4 2480 2481 2482 2483
4 2484 2485 2486 2487
4 2488 2489 2490 2491
4 2492 2493 2494 2495
4 2496 2497 2498 2499
4 2500 2501 2502 2503
4 2504 2505 2506 2507
4 2508 2509 2510 2511
4 2512 2513 2514 2515
4 2516 2517 2518 2519
4 2520 2521 2522 2523
4 2524 2525 2526 2527
4 2528 2529 2530 2531
4 2532 2533 2534 2535
4 2536 2537 2538 2539
4 2540 2541 2542 2543
4 2544 2545 2546 2547
4 2548 2549 2550 2551
4 2552 2553 2554 2555
4 2556 2557 2558 2559
4 2560 2561 2562 2563
4 2564 2565 2566 2567
4 2568 2569 2570 2571
4 2572 2573 2574 2575
4 2576 2577 2578 2579
4 2580 2581 2582 2583
4 2584 2585 2586 2587
4 2588 2589 2590 2591
4 2592 2593 2594 2595
4 2596 2597 2598 2599
4 2600 2601 2602 2603
4 2604 2605 2606 2607
4 2608 2609 2610 2611
4 2612 2613 2614 2615
4 2616 2617 2618 2619
4 2620 2621 2622 2623
4 2624 2625 2626 2627
4 2628 2629 2630 2631
4 2632 2633 2634 2635
4 2636 2637 2638 2639
4 2640 2641 2642 2643
4 2644 2645 2646 2647
4 2648 2649 2650 2651
4 2652 2653 2654 2655
4 2656 2657 2658 2659
4 2660 2661 2662 2663
4 2664 2665 2666 2667
4 2668 2669 2670 2671
4 2672 2673 2674 2675
4 2676 2677 2678 2679
4 2680 2681 2682 2683
4 2684 2685 2686 2687
4 2688 2689 2690 2691
4 2692 2693 2694 2695
4 2696 2697 2698 2699
4 2700 2701 2702 2703
4 2704 2705 2706 2707
4 2708 2709 2710 2711
4 2712 2713 2714 2715
4 2716 2717 2718 2719
4 2720 2721 2722 2723
4 2724 2725 2726 2727
4 2728 2729 2730 2731
4 2732 2733 2734 2735
4 2736 2737 2738 2739
4 2740 2741 2742 2743
4 2744 2745 2746 2747
4 2748 2749 2750 2751
4 2752 2753 2754 2755
4 2756 2757 2758 2759
4 2760 2761 2762 2763
4 2764 2765 2766 2767
4 2768 2769 2770 2771
4 2772 2773 2774 2775
4 2776 2777 2778 2779
4 2780 2781 2782 2783
4 2784 2785 2786 2787
4 2788 2789 2790 2791
4 2792 2793 2794 2795
4 2796 2797 2798 2799
4 2800 2801 2802 2803
4 2804 2805 2806 2807
4 2808 2809 2810 2811
4 2812 2813 2814 2815
4 2816 2817 2818 2819
4 2820 2821 2822 2823
4 2824 2825 2826 2827
4 2828 2829 2830 2831
4 2832 2833 2834 2835
4 2836 2837 2838 2839
4 2840 2841 2842 2843
4 2844 2845 2846 2847
4 2848 2849 2850 2851
4 2852 2853 2854 2855
4 2856 2857 2858 2859
4 2860 2861 2862 2863
4 2864 2865 2866 2867
4 2868 2869 2870 2871
4 2872 2873 2874 2875
4 2876 2877 2878 2879
4 2880 2881 2882 2883
4 2884 2885 2886 2887
4 2888 2889 2890 2891
4 2892 2893 2894 2895
4 2896 2897 2898 2899
4 2900 2901 2902 2903
4 2904 2905 2906 2907
4 2908 2909 2910 2911
4 2912 2913 2914 2915
4 2916 2917 2918 2919
4 2920 2921 2922 2923
4 2924 2925 2926 2927
4 2928 2929 2930 2931
4 2932 2933 2934 2935
4 2936 2937 2938 2939
4 2940 2941 2942 2943
4 2944 2945 2946 2947
4 2948 2949 2950 2951
4 2952 2953 2954 2955
4 2956 2957 2958 2959
4 2960 2961 2962 2963
4 2964 2965 2966 2967
4 2968 2969 2970 2971
4 2972 2973 2974 2975
4 2976 2977 2978 2979
4 2980 2981 2982 2983
4 2984 2985 2986 2987
4 2988 2989 2990 2991
4 2992 2993 2994 2995
4 2996 2997 2998 2999
4 3000 3001 3002 3003
4 3004 3005 3006 3007
4 3008 3009 3010 3011
4 3012 3013 3014 3015
4 3016 3017 3018 3019
4 3020 3021 3022 3023
4 3024 3025 3026 3027
4 3028 3029 3030 3031
4 3032 3033 3034 3035
4 3036 3037 3038 3039
4 3040 3041 3042 3043
4 3044 3045 3046 3047
4 3048 3049 3050 3051
4 3052 3053 3054 3055
4 3056 3057 3058 3059
4 3060 3061 3062 3063
4 3064 3065 3066 3067
4 3068 3069 3070 3071
4 3072 3073 3074 3075
4 3076 3077 3078 3079
4 3080 3081 3082 3083
4 3084 3085 3086 3087
4 3088 3089 3090 3091
4 3092 3093 3094 3095
4 3096 3097 3098 3099
4 3100 3101 3102 3103
4 3104 3105 3106 3107
4 3108 3109 3110 3111
4 3112 3113 3114 3115
4 3116 3117 3118 3119
4 3120 3121 3122 3123
4 3124 3125 3126 3127
4 3128 3129 3130 3131
4 3132 3133 3134 3135
4 3136 3137 3138 3139
4 3140 3141 3142 3143
4 3144 3145 3146 3147
4 3148 3149 3150 3151
4 3152 3153 3154 3155
4 3156 3157 3158 3159
4 3160 3161 3162 3163
4 3164 3165 3166 3167
4 3168 3169 3170 3171
4 3172 3173 3174 3175
4 3176 3177 3178 3179
4 3180 3181 3182 3183
4 3184 3185 3186 3187
4 3188 3189 3190 3191
4 3192 3193 3194 3195
4 3196 3197 3198 3199
4 3200 3201 3202 3203
4 3204 3205 3206 3207
4 3208 3209 3210 3211
4 3212 3213 3214 3215
4 3216 3217 3218 3219
4 3220 3221 3222 3223
4 3224 3225 3226 3227
4 3228 3229 3230 3231
4 3232 3233 3234 3235
4 3236 3237 3238 3239
4 3240 3241 3242 3243
4 3244 3245 3246 3247
4 3248 3249 3250 3251
4 3252 3253 3254 3255
4 3256 3257 3258 3259
4 3260 3261 3262 3263
4 3264 3265 3266 3267
4 3268 3269 3270 3271
4 3272 3273 3274 3275
4 3276 3277 3278 3279
4 3280 3281 3282 3283
4 3284 3285 3286 3287
4 3288 3289 3290 3291
4 3292 3293 3294 3295
4 3296 3297 3298 3299
4 3300 3301 3302 3303
4 3304 3305 3306 3307
4 3308 3309 3310 3311
4 3312 3313 3314 3315
4 3316 3317 3318 3319
4 3320 3321 3322 3323
4 3324 3325 3326 3327
4 3328 3329 3330 3331
4 3332 3333 3334 3335
4 3336 3337 3338 3339
4 3340 3341 3342 3343
4 3344 3345 3346 3347
4 3348 3349 3350 3351
4 3352 3353 3354 3355
4 3356 3357 3358 3359
4 3360 3361 3362 3363
4 3364 3365 3366 3367
4 3368 3369 3370 3371
4 3372 3373 3374 3375
4 3376 3377 3378 3379
4 3380 3381 3382 3383
4 3384 3385 3386 3387
4 3388 3389 3390 3391
4 3392 3393 3394 3395
4 3396 3397 3398 3399
4 3400 3401 3402 3403
4 3404 3405 3406 3407
4 3408 3409 3410 3411
4 3412 3413 3414 3415
4 3416 3417 3418 3419
4 3420 3421 3422 3423
4 3424 3425 3426 3427
4 3428 3429 3430 3431
4 3432 3433 3434 3435
4 3436 3437 3438 3439
4 3440 3441 3442 3443
4 3444 3445 3446 3447
4 3448 3449 3450 3451
4 3452 3453 3454 3455
4 3456 3457 3458 3459
4 3460 3461 3462 3463
4 3464 3465 3466 3467
4 3468 3469 3470 3471
4 3472 3473 3474 3475
4 3476 3477 3478 3479
4 3480 3481 3482 3483
4 3484 3485 3486 3487
4 3488 3489 3490 3491
4 3492 3493 3494 3495
4 3496 3497 3498 3499
4 3500 3501 3502 3503
4 3504 3505 3506 3507
4 3508 3509 3510 3511
4 3512 3513 3514 3515
4 3516 3517 3518 3519
4 3520 3521 3522 3523
4 3524 3525 3526 3527
4 3528 3529 3530 3531
4 3532 3533 3534 3535
4 3536 3537 3538 3539
4 3540 3541 3542 3543
4 3544 3545 3546 3547
4 3548 3549 3550 3551
4 3552 3553 3554 3555
4 3556 3557 3558 3559
4 3560 3561 3562 3563
4 3564 3565 3566 3567
4 3568 3569 3570 3571
4 3572 3573 3574 3575
4 3576 3577 3578 3579
4 3580 3581 3582 3583
4 3584 3585 3586 3587
4 3588 3589 3590 3591
4 3592 3593 3594 3595
4 3596 3597 3598 3599
4 3600 3601 3602 3603
4 3604 3605 3606 3607
4 3608 3609 3610 3611
4 3612 3613 3614 3615
4 3616 3617 3618 3619
4 3620 3621 3622 3623
4 3624 3625 3626 3627
4 3628 3629 3630 3631
4 3632 3633 3634 3635
4 3636 3637 3638 3639
4 3640 3641 3642 3643
4 3644 3645 3646 3647
4 3648 3649 3650 3651
4 3652 3653 3654 3655
4 3656 3657 3658 3659
4 3660 3661 3662 3663
4 3664 3665 3666 3667
4 3668 3669 3670 3671
4 3672 3673 3674 3675
4 3676 3677 3678 3679
4 3680 3681 3682 3683
4 3684 3685 3686 3687
4 3688 3689 3690 3691
4 3692 3693 3694 3695
CELL_TYPES 924
9
9
9
9
9
9
9
9
9
9
9
9
9
9
9
9
9
9
9
9
9
9
9
9
9
9
9
9
9
9
9
9
9
9
9
9
9
9
9
9
9
9
9
9
9
9
9
9
9
9
9
9
9
9
9
9
9
9
9
9
9
9
9
9
9
9
9
9
9
9
9
9
9
9
9
9
9
9
9
9
9
9
9
9
9
9
9
9
9
9
9
9
9
9
9
9
9
9
9
9
9
9
9
9
9
9
9
9
9
9
9
9
9
9
9
9
9
9
9
9
9
9
9
9
9
9
9
9
9
9
9
9
9
9
9
9
9
9
9
9
9
9
9
9
9
9
9
9
9
9
9
9
9
9
9
9
9
9
9
9
9
9
9
9
9
9
9
9
9
9
9
9
9
9
9
9
9
9
9
9
9
9
9
9
9
9
9
9
9
9
9
9
9
9
9
9
9
9
9
9
9
9
9
9
9
9
9
9
9
9
9
9
9
9
9
9
9
9
9
9
9
9
9
9
9
9
9
9
9
9
9
9
9
9
9
9
9
9
9
9
9
9
9
9
9
9
9
9
9
9
9
9
9
9
9
9
9
9
9
9
9
9
9
9
9
9
9
9
9
9
9
9
9
9
9
9
9
9
9
9
9
9
9
9
9
9
9
9
9
9
9
9
9
9
9
9
9
9
9
9
9
9
9
9
9
9
9
9
9
9
9
9
9
9
9
9
9
9
9
9
9
9
9
9
9
9
9
9
9
9
9
9
9
9
9
9
9
9
9
9
9
9
9
9
9
9
9
9
9
9
9
9
9
9
9
9
9
9
9
9
9
9
9
9
9
9
9
9
9
9
9
9
9
9
9
9
9
9
9
9
9
9
9
9
9
9
9
9
9
9
9
9
9
9
9
9
9
9
9
9
9
9
9
9
9
9
9
9
9
9
9
9
9
9
9
9
9
9
9
9
9
9
9
9
9
9
9
9
9
9
9
9
9
9
9
9
9
9
9
9
9
9
9
9
9
9
9
9
9
9
9
9
9
9
9
9
9
9
9
9
9
9
9
9
9
9
9
9
9
9
9
9
9
9
9
9
9
9
9
9
9
9
9
9
9
9
9
9
9
9
9
9
9
9
9
9
9
9
9
9
9
9
9
9
9
9
9
9
9
9
9
9
9
9
9
9
9
9
9
9
9
9
9
9
9
9
9
9
9
9
9
9
9
9
9
9
9
9
9
9
9
9
9
9
9
9
9
9
9
9
9
9
9
9
9
9
9
9
9
9
9
9
9
9
9
9
9
9
9
9
9
9
9
9
9
9
9
9
9
9
9
9
9
9
9
9
9
9
9
9
9
9
9
9
9
9
9
9
9
9
9
9
9
9
9
9
9
9
9
9
9
9
9
9
9
9
9
9
9
9
9
9
9
9
9
9
9
9
9
9
9
9
9
9
9
9
9
9
9
9
9
9
9
9
9
9
9
9
9
9
9
9
9
9
9
9
9
9
9
9
9
9
9
9
9
9
9
9
9
9
9
9
9
9
9
9
9
9
9
9
9
9
9
9
9
9
9
9
9
9
9
9
9
9
9
9
9
9
9
9
9
9
9
9
9
9
9
9
9
9
9
9
9
9
9
9
9
9
9
9
9
9
9
9
9
9
9
9
9
9
9
9
9
9
9
9
9
9
9
9
9
9
9
9
9
9
9
9
9
9
9
9
9
9
9
9
9
9
9
9
9
9
9
9
9
9
9
9
9
9
9
9
9
9
9
9
9
9
9
9
9
9
9
9
9
9
9
9
9
9
9
9
9
9
9
9
9
9
9
9
9
9
9
9
9
9
9
9
9
9
9
9
9
9
9
9
9
9
9
9
9
9
9
9
9
9
9
9
9
9
9
9
9
9
9
9
9
9
9
9
9
9
9
9
9
9
9
9
9
9
9
9
9
9
9
9
9
9
9
9
9
9
9
9
9
9
9
9
9
9
9
9
9
9
9
9
9
9
9
9
9
9
9
9
9
9
9
9
9
9
9
9
9
9
9
9
9
9
9
9
9
9
9
9
9
9
9
9
9
9
9
9
9
9
9
9
9
9
9
9
9
9
9
9
CELL_DATA 924
SCALARS area double 1
LOOKUP_TABLE default
1.06146e-05
1.06875e-05
1.0718e-05
1.07889e-05
1.10438e-05
8.24196e-06
1.09172e-05
1.09875e-05
1.0865e-05
1.07535e-05
1.82013e-05
1.82919e-05
1.82964e-05
1.82842e-05
1.82324e-05
1.22908e-05
1.82647e-05
1.8319e-05
1.8306e-05
1.82904e-05
2.02791e-05
2.04752e-05
2.06224e-05
2.0743e-05
2.0574e-05
1.17046e-05
2.07291e-05
2.05178e-05
2.04378e-05
2.03854e-05
2.16776e-05
2.19439e-05
2.21933e-05
2.24462e-05
2.24081e-05
1.10206e-05
2.25729e-05
2.21959e-05
2.19935e-05
2.1849e-05
2.27764e-05
2.30094e-05
2.32115e-05
2.3426e-05
2.3436e-05
1.0557e-05
2.35805e-05
2.32693e-05
2.30839e-05
2.29489e-05
2.35832e-05
2.37898e-05
2.39533e-05
2.41347e-05
2.41755e-05
1.02314e-05
2.43022e-05
2.40441e-05
2.38767e-05
2.37532e-05
2.41377e-05
2.43233e-05
2.44559e-05
2.46095e-05
2.46707e-05
1.00307e-05
2.47757e-05
2.45625e-05
2.44135e-05
2.43025e-05
2.44373e-05
2.46081e-05
2.47194e-05
2.4854e-05
2.49312e-05
9.88289e-06
2.4987e-05
2.4814e-05
2.46864e-05
2.45912e-05
2.44329e-05
2.45914e-05
2.46862e-05
2.48063e-05
2.48981e-05
9.70145e-06
2.49024e-05
2.47635e-05
2.46558e-05
2.45754e-05
2.4235e-05
2.43812e-05
2.44596e-05
2.45621e-05
2.46511e-05
9.48111e-06
2.46332e-05
2.45233e-05
2.44348e-05
2.43685e-05
2.39545e-05
2.40889e-05
2.41522e-05
2.42369e-05
2.4316e-05
9.24876e-06
2.42974e-05
2.421e-05
2.41369e-05
2.40816e-05
2.35853e-05
2.37101e-05
2.37621e-05
2.38334e-05
2.39047e-05
9.00809e-06
2.38819e-05
2.38122e-05
2.37517e-05
2.37056e-05
2.31892e-05
2.33057e-05
2.33484e-05
2.34087e-05
2.34736e-05
8.77876e-06
2.34504e-05
2.33941e-05
2.33432e-05
2.3304e-05
2.27106e-05
2.28198e-05
2.28553e-05
2.2907e-05
2.29668e-05
8.53768e-06
2.2942e-05
2.28963e-05
2.28531e-05
2.28197e-05
2.21914e-05
2.22941e-05
2.23238e-05
2.23684e-05
2.2424e-05
8.29606e-06
2.23983e-05
2.23608e-05
2.23239e-05
2.22952e-05
2.16356e-05
2.17308e-05
2.17554e-05
2.17944e-05
2.1849e-05
8.043e-06
2.18212e-05
2.17934e-05
2.17623e-05
2.17358e-05
2.10011e-05
2.10848e-05
2.11056e-05
2.1141e-05
2.11997e-05
7.71967e-06
2.11621e-05
2.11475e-05
2.11239e-05
2.10979e-05
2.03319e-05
2.04003e-05
2.04178e-05
2.04484e-05
2.05039e-05
7.36307e-06
2.04659e-05
2.04531e-05
2.04329e-05
2.04114e-05
1.96294e-05
1.96847e-05
1.96998e-05
1.97271e-05
1.97812e-05
7.02548e-06
1.97388e-05
1.97279e-05
1.97112e-05
1.96938e-05
1.88586e-05
1.89024e-05
1.89151e-05
1.89389e-05
1.89911e-05
6.67796e-06
1.89482e-05
1.89388e-05
1.89247e-05
1.89105e-05
1.80712e-05
1.81051e-05
1.81154e-05
1.81359e-05
1.8186e-05
6.34628e-06
1.81438e-05
1.81358e-05
1.8124e-05
1.81124e-05
1.72216e-05
1.72472e-05
1.72554e-05
1.72731e-05
1.73215e-05
6.01619e-06
1.72798e-05
1.72731e-05
1.72633e-05
1.72537e-05
1.63479e-05
1.63664e-05
1.63728e-05
1.63878e-05
1.64339e-05
5.69068e-06
1.63936e-05
1.63881e-05
1.638e-05
1.63723e-05
1.54481e-05
1.54608e-05
1.54658e-05
1.54785e-05
1.55229e-05
5.36609e-06
1.54831e-05
1.54784e-05
1.54719e-05
1.54659e-05
1.44952e-05
1.45033e-05
1.45069e-05
1.45174e-05
1.45594e-05
5.02659e-06
1.45215e-05
1.45177e-05
1.45124e-05
1.45077e-05
1.35211e-05
1.35256e-05
1.3528e-05
1.35366e-05
1.35762e-05
4.6862e-06
1.35402e-05
1.35371e-05
1.35329e-05
1.35293e-05
1.25259e-05
1.25276e-05
1.2529e-05
1.25358e-05
1.25727e-05
4.34277e-06
1.25392e-05
1.25367e-05
1.25335e-05
1.25308e-05
1.14886e-05
1.14884e-05
1.14891e-05
1.14944e-05
1.15286e-05
3.98612e-06
1.14973e-05
1.14953e-05
1.1493e-05
1.1491e-05
1.04407e-05
1.04392e-05
1.04393e-05
1.04431e-05
1.04742e-05
3.62545e-06
1.0446e-05
1.04444e-05
1.04427e-05
1.04413e-05
8.98184e-06
8.9799e-06
8.97917e-06
8.98141e-06
9.008e-06
3.13108e-06
8.98435e-06
8.98304e-06
8.98187e-06
8.98108e-06
2.01738e-06
2.01647e-06
2.01602e-06
2.01695e-06
2.02748e-06
7.44277e-07
2.01748e-06
2.01706e-06
2.01668e-06
2.0165e-06
1.58918e-06
1.58779e-06
1.58707e-06
1.58841e-06
1.60285e-06
6.37006e-07
1.58863e-06
1.58812e-06
1.58765e-06
1.58745e-06
1.52431e-06
1.52206e-06
1.52087e-06
1.52292e-06
1.54449e-06
6.69326e-07
1.52279e-06
1.5221e-06
1.52147e-06
1.52124e-06
1.44676e-06
1.44341e-06
1.44156e-06
1.44431e-06
1.4745e-06
7.04584e-07
1.44397e-06
1.44305e-06
1.44218e-06
1.44189e-06
1.35439e-06
1.34951e-06
1.34678e-06
1.35055e-06
1.39222e-06
7.44717e-07
1.34971e-06
1.34852e-06
1.34739e-06
1.34705e-06
1.24384e-06
1.23674e-06
1.23261e-06
1.23757e-06
1.29485e-06
7.92617e-07
1.23634e-06
1.23475e-06
1.2332e-06
1.23278e-06
1.1085e-06
1.09807e-06
1.09189e-06
1.09868e-06
1.17878e-06
8.4899e-07
1.0967e-06
1.09454e-06
1.09243e-06
1.09188e-06
9.35444e-07
9.18657e-07
9.08501e-07
9.1865e-07
1.03932e-06
9.29778e-07
9.15319e-07
9.12088e-07
9.08906e-07
9.08151e-07
6.82079e-07
6.48404e-07
6.2712e-07
6.46201e-07
8.62255e-07
1.05997e-06
6.39738e-07
6.33497e-07
6.27223e-07
6.25783e-07
2.61531e-07
2.43473e-07
2.31753e-07
2.41741e-07
3.51687e-07
4.72854e-07
2.38261e-07
2.34983e-07
2.31656e-07
2.30917e-07
1.0664e-05
1.82585e-05
2.03132e-05
2.1703e-05
2.28084e-05
2.36205e-05
2.41789e-05
2.44797e-05
2.44753e-05
2.42786e-05
2.39997e-05
2.36308e-05
2.32347e-05
2.27554e-05
2.22351e-05
2.16764e-05
2.10334e-05
2.03533e-05
1.9643e-05
1.88666e-05
1.80751e-05
1.72226e-05
1.63469e-05
1.54457e-05
1.44919e-05
1.35174e-05
1.2522e-05
1.14849e-05
1.04372e-05
8.97862e-06
2.01601e-06
1.58708e-06
1.52091e-06
1.44161e-06
1.34683e-06
1.23264e-06
1.09187e-06
9.0834e-07
6.26465e-07
2.31326e-07
5.92532e-06
3.89433e-06
3.46144e-06
3.6777e-06
5.85861e-06
1.26479e-05
3.12164e-06
2.06413e-06
2.10796e-06
1.81282e-06
2.63468e-07
1.31771e-09
9.83332e-10
8.38339e-10
9.12295e-10
1.5459e-09
2.46283e-09
3.45969e-10
3.97612e-10
4.19539e-10
3.68022e-10
2.73868e-10
1.06146e-05
1.06875e-05
1.0718e-05
1.07889e-05
1.10438e-05
8.24196e-06
1.09172e-05
1.09875e-05
1.0865e-05
1.07535e-05
1.82013e-05
1.82919e-05
1.82964e-05
1.82842e-05
1.82324e-05
1.22908e-05
1.82647e-05
1.8319e-05
1.8306e-05
1.82904e-05
2.02791e-05
2.04752e-05
2.06224e-05
2.0743e-05
2.0574e-05
1.17046e-05
2.07291e-05
2.05178e-05
2.04378e-05
2.03854e-05
2.16776e-05
2.19439e-05
2.21933e-05
2.24462e-05
2.24081e-05
1.10206e-05
2.25729e-05
2.21959e-05
2.19935e-05
2.1849e-05
2.27764e-05
2.30094e-05
2.32115e-05
2.3426e-05
2.3436e-05
1.0557e-05
2.35805e-05
2.32693e-05
2.30839e-05
2.29489e-05
2.35832e-05
2.37898e-05
2.39533e-05
2.41347e-05
2.41755e-05
1.02314e-05
2.43022e-05
2.40441e-05
2.38767e-05
2.37532e-05
2.41377e-05
2.43233e-05
2.44559e-05
2.46095e-05
2.46707e-05
1.00307e-05
2.47757e-05
2.45625e-05
2.44135e-05
2.43025e-05
2.44373e-05
2.46081e-05
2.47194e-05
2.4854e-05
2.49312e-05
9.88289e-06
2.4987e-05
2.4814e-05
2.46864e-05
2.45912e-05
2.44329e-05
2.45914e-05
2.46862e-05
2.48063e-05
2.48981e-05
9.70145e-06
2.49024e-05
2.47635e-05
2.46558e-05
2.45754e-05
2.4235e-05
2.43812e-05
2.44596e-05
2.45621e-05
2.46511e-05
9.48111e-06
2.46332e-05
2.45233e-05
2.44348e-05
2.43685e-05
2.39545e-05
2.40889e-05
2.41522e-05
2.42369e-05
2.4316e-05
9.24876e-06
2.42974e-05
2.421e-05
2.41369e-05
2.40816e-05
2.35853e-05
2.37101e-05
2.37621e-05
2.38334e-05
2.39047e-05
9.00809e-06
2.38819e-05
2.38122e-05
2.37517e-05
2.37056e-05
2.31892e-05
2.33057e-05
2.33484e-05
2.34087e-05
2.34736e-05
8.77876e-06
2.34504e-05
2.33941e-05
2.33432e-05
2.3304e-05
2.27106e-05
2.28198e-05
2.28553e-05
2.2907e-05
2.29668e-05
8.53768e-06
2.2942e-05
2.28963e-05
2.28531e-05
2.28197e-05
2.21914e-05
2.22941e-05
2.23238e-05
2.23684e-05
2.2424e-05
8.29606e-06
2.23983e-05
2.23608e-05
2.23239e-05
2.22952e-05
2.16356e-05
2.17308e-05
2.17554e-05
2.17944e-05
2.1849e-05
8.043e-06
2.18212e-05
2.17934e-05
2.17623e-05
2.17358e-05
2.10011e-05
2.10848e-05
2.11056e-05
2.1141e-05
2.11997e-05
7.71967e-06
2.11621e-05
2.11475e-05
2.11239e-05
2.10979e-05
2.03319e-05
2.04003e-05
2.04178e-05
2.04484e-05
2.05039e-05
7.36307e-06
2.04659e-05
2.04531e-05
2.04329e-05
2.04114e-05
1.96294e-05
1.96847e-05
1.96998e-05
1.97271e-05
1.97812e-05
7.02548e-06
1.97388e-05
1.97279e-05
1.97112e-05
1.96938e-05
1.88586e-05
1.89024e-05
1.89151e-05
1.89389e-05
1.89911e-05
6.67796e-06
1.89482e-05
1.89388e-05
1.89247e-05
1.89105e-05
1.80712e-05
1.81051e-05
1.81154e-05
1.81359e-05
1.8186e-05
6.34628e-06
1.81438e-05
1.81358e-05
1.8124e-05
1.81124e-05
1.72216e-05
1.72472e-05
1.72554e-05
1.72731e-05
1.73215e-05
6.01619e-06
1.72798e-05
1.72731e-05
1.72633e-05
1.72537e-05
1.63479e-05
1.63664e-05
1.63728e-05
1.63878e-05
1.64339e-05
5.69068e-06
1.63936e-05
1.63881e-05
1.638e-05
1.63723e-05
1.54481e-05
1.54608e-05
1.54658e-05
1.54785e-05
1.55229e-05
5.36609e-06
1.54831e-05
1.54784e-05
1.54719e-05
1.54659e-05
1.44952e-05
1.45033e-05
1.45069e-05
1.45174e-05
1.45594e-05
5.02659e-06
1.45215e-05
1.45177e-05
1.45124e-05
1.45077e-05
1.35211e-05
1.35256e-05
1.3528e-05
1.35366e-05
1.35762e-05
4.6862e-06
1.35402e-05
1.35371e-05
1.35329e-05
1.35293e-05
1.25259e-05
1.25276e-05
1.2529e-05
1.25358e-05
1.25727e-05
4.34277e-06
1.25392e-05
1.25367e-05
1.25335e-05
1.25308e-05
1.14886e-05
1.14884e-05
1.14891e-05
1.14944e-05
1.15286e-05
3.98612e-06
1.14973e-05
1.14953e-05
1.1493e-05
1.1491e-05
1.04407e-05
1.04392e-05
1.04393e-05
1.04431e-05
1.04742e-05
3.62545e-06
1.0446e-05
1.04444e-05
1.04427e-05
1.04413e-05
8.98184e-06
8.9799e-06
8.97917e-06
8.98141e-06
9.008e-06
3.13108e-06
8.98435e-06
8.98304e-06
8.98187e-06
8.98108e-06
2.01738e-06
2.01647e-06
2.01602e-06
2.01695e-06
2.02748e-06
7.44277e-07
2.01748e-06
2.01706e-06
2.01668e-06
2.0165e-06
1.58918e-06
1.58779e-06
1.58707e-06
1.58841e-06
1.60285e-06
6.37006e-07
1.58863e-06
1.58812e-06
1.58765e-06
1.58745e-06
1.52431e-06
1.52206e-06
1.52087e-06
1.52292e-06
1.54449e-06
6.69326e-07
1.52279e-06
1.5221e-06
1.52147e-06
1.52124e-06
1.44676e-06
1.44341e-06
1.44156e-06
1.44431e-06
1.4745e-06
7.04584e-07
1.44397e-06
1.44305e-06
1.44218e-06
1.44189e-06
1.35439e-06
1.34951e-06
1.34678e-06
1.35055e-06
1.39222e-06
7.44717e-07
1.34971e-06
1.34852e-06
1.34739e-06
1.34705e-06
1.24384e-06
1.23674e-06
1.23261e-06
1.23757e-06
1.29485e-06
7.92617e-07
1.23634e-06
1.23475e-06
1.2332e-06
1.23278e-06
1.1085e-06
1.09807e-06
1.09189e-06
1.09868e-06
1.17878e-06
8.4899e-07
1.0967e-06
1.09454e-06
1.09243e-06
1.09188e-06
9.35444e-07
9.18657e-07
9.08501e-07
9.1865e-07
1.03932e-06
9.29778e-07
9.15319e-07
9.12088e-07
9.08906e-07
9.08151e-07
6.82079e-07
6.48404e-07
6.2712e-07
6.46201e-07
8.62255e-07
1.05997e-06
6.39738e-07
6.33497e-07
6.27223e-07
6.25783e-07
2.61531e-07
2.43473e-07
2.31753e-07
2.41741e-07
3.51687e-07
4.72854e-07
2.38261e-07
2.34983e-07
2.31656e-07
2.30917e-07
1.0664e-05
1.82585e-05
2.03132e-05
2.1703e-05
2.28084e-05
2.36205e-05
2.41789e-05
2.44797e-05
2.44753e-05
2.42786e-05
2.39997e-05
2.36308e-05
2.32347e-05
2.27554e-05
2.22351e-05
2.16764e-05
2.10334e-05
2.03533e-05
1.9643e-05
1.88666e-05
1.80751e-05
1.72226e-05
1.63469e-05
1.54457e-05
1.44919e-05
1.35174e-05
1.2522e-05
1.14849e-05
1.04372e-05
8.97862e-06
2.01601e-06
1.58708e-06
1.52091e-06
1.44161e-06
1.34683e-06
1.23264e-06
1.09187e-06
9.0834e-07
6.26465e-07
2.31326e-07
5.92532e-06
3.89433e-06
3.46144e-06
3.6777e-06
5.85861e-06
1.26479e-05
3.12164e-06
2.06413e-06
2.10796e-06
1.81282e-06
2.63468e-07
1.31771e-09
9.83332e-10
8.38339e-10
9.12295e-10
1.5459e-09
2.46283e-09
3.45969e-10
3.97612e-10
4.19539e-10
3.68022e-10
2.73868e-10
SCALARS mu double 1
LOOKUP_TABLE default
38.5001
1.10428e-10
45.3236
59.1849
62.686
63.2073
62.4604
59.8528
46.5287
21.4997
51.3103
42.3282
54.3079
62.0868
65.4303
66.0293
65.2734
62.1194
54.8626
44.0985
56.2619
56.7569
62.6866
67.3953
70.1194
70.9271
70.2947
67.4349
62.6019
56.6084
59.9938
65.7262
70.341
73.7738
76.0523
76.8542
76.3435
73.7515
69.8536
64.9456
63.15
73.2696
77.9143
80.8404
82.7839
83.4239
82.9334
80.5909
77.1138
72.1776
66.0661
80.6955
85.6618
88.3025
89.9241
90.3875
89.9574
87.8912
84.6676
79.409
72.1526
88.6366
93.7441
96.1133
97.381
97.6636
97.3303
95.5904
92.6283
87.2262
80.4257
97.2621
102.226
104.264
105.138
105.236
105.026
103.664
101.037
95.7798
90.8256
106.686
111.212
112.838
113.293
113.2
113.134
112.186
109.983
105.177
102.885
116.996
120.813
121.949
121.997
121.749
121.782
121.254
119.571
115.497
116.691
128.229
131.09
131.657
131.28
130.938
131.048
130.937
129.861
126.778
132.212
140.314
142.015
141.952
141.155
140.719
140.897
141.222
140.826
138.943
149.161
153.162
153.563
152.826
151.61
151.071
151.32
152.102
152.437
151.897
166.494
166.603
165.665
164.222
162.58
161.96
162.281
163.53
164.621
165.457
183.838
180.514
178.269
176.099
174.025
173.347
173.733
175.452
177.314
179.489
201.256
194.842
191.342
188.442
185.928
185.192
185.632
187.836
190.478
193.933
218.186
209.304
204.685
201.112
198.185
197.407
197.884
200.56
203.924
208.502
234.214
223.325
217.903
213.897
210.728
209.937
210.427
213.403
217.253
222.633
249.624
237.056
231.051
226.753
223.426
222.635
223.129
226.305
230.49
236.463
264.488
250.569
244.161
239.678
236.255
235.474
235.962
239.262
243.669
250.06
278.385
263.798
257.168
252.597
249.144
248.383
248.855
252.208
256.73
263.348
291.327
276.655
269.989
265.423
261.999
261.265
261.717
265.055
269.59
276.244
303.428
289.068
282.527
278.061
274.733
274.037
274.46
277.71
282.156
288.681
314.79
300.979
294.685
290.402
287.231
286.579
286.97
290.068
294.338
300.61
325.454
312.339
306.386
302.358
299.402
298.803
299.157
302.043
306.059
311.985
335.247
323.017
317.491
313.782
311.096
310.556
310.873
313.489
317.185
322.677
344.104
332.865
327.829
324.496
322.131
321.657
321.935
324.229
327.546
332.541
351.841
341.643
337.135
334.216
332.213
331.809
332.049
333.981
336.879
341.338
358.171
349.022
345.042
342.546
340.933
340.603
340.804
342.35
344.817
348.742
362.77
354.524
350.93
348.73
347.432
347.18
347.344
348.581
350.745
354.277
365.593
357.227
353.561
351.188
349.555
349.134
349.541
351.098
353.411
357.007
367.9
359.612
355.832
353.286
351.441
350.876
351.472
353.22
355.693
359.4
369.816
361.91
358.062
355.37
353.368
352.729
353.422
355.313
357.926
361.703
371.418
364.218
360.399
357.601
355.476
354.779
355.539
357.542
360.26
364.012
372.759
366.562
362.91
360.055
357.828
357.09
357.87
359.98
362.761
366.357
373.895
368.97
365.687
362.858
360.507
359.747
360.462
362.751
365.527
368.767
374.834
371.415
368.773
366.264
363.741
362.99
363.547
366.136
368.601
371.222
375.504
373.624
372.043
370.244
368.283
367.696
368.136
370.066
371.874
373.469
376.228
375.485
374.769
374.192
373.785
373.608
373.729
374.067
374.613
375.324
378.67
378.486
378.409
378.354
378.299
378.264
378.293
378.332
378.384
378.458
38.3307
51.0892
55.9696
59.6253
62.7651
65.7214
71.7373
79.9366
90.2544
102.252
116.006
131.472
148.365
165.667
183
200.411
217.338
233.365
248.777
263.648
277.557
290.515
302.635
314.021
324.712
334.54
343.438
351.221
357.603
362.26
365.125
367.451
369.388
371.016
372.386
373.557
374.539
375.257
376.053
378.592
-19.2628
-20.1784
-42.2212
-57.5994
-60.4477
-61.309
-60.6722
-59.55
-42.7571
-21.6815
-20.1679
378.558
378.518
378.45
378.395
378.377
378.366
378.359
378.366
378.435
378.514
378.537
72.8559
1.22851e-10
78.9854
102.256
108.033
109.005
107.938
103.721
81.4663
38.7442
98.1379
75.6541
94.5556
107.101
112.468
113.547
112.493
107.541
95.9663
79.2213
109.421
101.328
108.838
115.764
119.917
121.281
120.418
116.168
109.157
101.595
118.751
116.843
121.379
125.833
129.098
130.416
129.73
126.08
120.999
116.085
125.004
129.101
133.22
136.615
139.238
140.288
139.625
136.474
132.311
127.805
128.48
140.341
144.832
147.668
149.737
150.509
149.925
147.259
143.614
138.723
136.015
151.793
156.555
158.952
160.472
160.966
160.51
158.365
155.162
150.005
147.248
163.941
168.566
170.485
171.432
171.652
171.357
169.779
167.077
162.068
161.803
177.02
181.056
182.406
182.763
182.714
182.6
181.62
179.527
175.133
178.622
191.16
194.198
194.881
194.683
194.433
194.437
194.033
192.665
189.313
198.003
206.383
208.063
207.992
207.264
206.86
206.948
207.105
206.565
204.627
219.276
222.52
222.595
221.699
220.447
219.909
220.082
220.804
221.166
220.895
241.8
239.382
237.736
235.98
234.205
233.546
233.802
235.096
236.401
237.914
263.96
256.689
253.375
250.762
248.474
247.713
248.048
249.905
252.147
255.385
285.59
274.26
269.422
265.98
263.192
262.345
262.75
265.158
268.305
273.113
306.585
292.004
285.813
281.566
278.278
277.361
277.825
280.786
284.803
290.991
326.099
309.562
302.308
297.357
293.606
292.645
293.147
296.628
301.399
308.653
343.84
326.271
318.438
313.101
309.103
308.128
308.637
312.41
317.613
325.452
360.445
342.356
334.241
328.716
324.596
323.623
324.126
328.059
333.486
341.609
376.212
357.981
349.787
344.209
340.055
339.099
339.587
343.581
349.089
357.289
391.062
373.157
365.053
359.528
355.414
354.488
354.952
358.926
364.401
372.507
405.212
387.879
379.993
374.606
370.592
369.704
370.14
374.028
379.379
387.264
418.715
402.119
394.549
389.374
385.522
384.683
385.085
388.82
393.968
401.533
431.58
415.829
408.646
403.745
400.108
399.326
399.689
403.216
408.098
415.27
443.784
428.961
422.224
417.65
414.28
413.562
413.886
417.149
421.707
428.427
455.22
441.389
435.147
430.949
427.896
427.248
427.533
430.482
434.664
440.88
465.718
452.935
447.231
443.456
440.77
440.199
440.444
443.028
446.785
452.455
475.021
463.308
458.167
454.848
452.571
452.083
452.289
454.468
457.762
462.859
482.764
472.098
467.511
464.658
462.821
462.422
462.59
464.334
467.156
471.687
488.274
478.648
474.493
471.969
470.492
470.186
470.318
471.712
474.196
478.287
491.709
481.891
477.63
474.889
473.006
472.502
472.931
474.713
477.386
481.572
494.525
484.755
480.341
477.382
475.242
474.569
475.225
477.242
480.116
484.451
496.865
487.516
483.003
479.86
477.527
476.766
477.541
479.736
482.788
487.222
498.821
490.288
485.794
482.514
480.027
479.196
480.055
482.392
485.579
490.001
500.459
493.103
488.793
485.434
482.816
481.937
482.825
485.298
488.573
492.823
501.847
495.995
492.111
488.77
485.997
485.09
485.908
488.603
491.883
495.723
502.995
498.932
495.8
492.828
489.841
488.943
489.581
492.644
495.565
498.678
503.792
501.584
499.713
497.579
495.248
494.546
495.052
497.343
499.49
501.384
504.728
503.844
502.989
502.3
501.816
501.601
501.737
502.138
502.791
503.645
507.715
507.498
507.408
507.342
507.277
507.234
507.265
507.312
507.373
507.462
72.4026
97.6021
108.782
118.011
124.291
127.884
135.37
146.512
160.956
177.699
197.001
218.202
240.659
262.798
284.427
305.422
324.941
342.69
359.307
375.09
389.968
404.151
417.69
430.594
442.841
454.324
464.873
474.231
482.035
487.621
491.111
493.953
496.321
498.311
499.988
501.423
502.627
503.491
504.516
507.621
-34.8056
-35.9225
-73.7358
-99.65
-104.416
-105.883
-104.9
-103.079
-74.8486
-38.9056
-36.3498
507.582
507.534
507.455
507.39
507.369
507.354
507.345
507.353
507.435
507.528
507.557
