# vtk DataFile Version 3.0
Rotor blade panels
ASCII
DATASET UNSTRUCTURED_GRID
POINTS 3696 double
1.53634 1.07199 1.11319
1.54073 1.07141 1.11206
1.54081 1.0684 1.1131
1.53631 1.06909 1.11444
1.54073 1.07141 1.11206
1.54489 1.07052 1.11031
1.54505 1.0674 1.11114
1.54081 1.0684 1.1131
1.54489 1.07052 1.11031
1.54889 1.06948 1.10827
1.54909 1.06625 1.10888
1.54505 1.0674 1.11114
1.54889 1.06948 1.10827
1.55255 1.06822 1.1058
1.55278 1.06488 1.10619
1.54909 1.06625 1.10888
1.55255 1.06822 1.1058
1.55504 1.0665 1.10243
1.55533 1.06308 1.10266
1.55278 1.06488 1.10619
1.55504 1.0665 1.10243
1.553 1.06493 1.09934
1.55319 1.06153 1.09961
1.55533 1.06308 1.10266
1.553 1.06493 1.09934
1.5492 1.06603 1.1015
1.54938 1.06279 1.10208
1.55319 1.06153 1.09961
1.5492 1.06603 1.1015
1.54611 1.06758 1.10454
1.54624 1.06442 1.10528
1.54938 1.06279 1.10208
1.54611 1.06758 1.10454
1.54305 1.06914 1.1076
1.54313 1.06606 1.10851
1.54624 1.06442 1.10528
1.54305 1.06914 1.1076
1.53986 1.07064 1.11055
1.53988 1.06765 1.11163
1.54313 1.06606 1.10851
1.53631 1.06909 1.11444
1.54081 1.0684 1.1131
1.54083 1.06365 1.11474
1.5362 1.06452 1.11644
1.54081 1.0684 1.1131
1.54505 1.0674 1.11114
1.54513 1.06247 1.11243
1.54083 1.06365 1.11474
1.54505 1.0674 1.11114
1.54909 1.06625 1.10888
1.54921 1.06114 1.10981
1.54513 1.06247 1.11243
1.54909 1.06625 1.10888
1.55278 1.06488 1.10619
1.55289 1.05959 1.10677
1.54921 1.06114 1.10981
1.55278 1.06488 1.10619
1.55533 1.06308 1.10266
1.55546 1.05765 1.10297
1.55289 1.05959 1.10677
1.55533 1.06308 1.10266
1.55319 1.06153 1.09961
1.55318 1.05617 1.10006
1.55546 1.05765 1.10297
1.55319 1.06153 1.09961
1.54938 1.06279 1.10208
1.54942 1.05766 1.10298
1.55318 1.05617 1.10006
1.54938 1.06279 1.10208
1.54624 1.06442 1.10528
1.54626 1.05943 1.10646
1.54942 1.05766 1.10298
1.54624 1.06442 1.10528
1.54313 1.06606 1.10851
1.54311 1.06121 1.10995
1.54626 1.05943 1.10646
1.54313 1.06606 1.10851
1.53988 1.06765 1.11163
1.53982 1.06293 1.11334
1.54311 1.06121 1.10995
1.5362 1.06452 1.11644
1.54083 1.06365 1.11474
1.54069 1.0588 1.11641
1.53601 1.05986 1.1185
1.54083 1.06365 1.11474
1.54513 1.06247 1.11243
1.545 1.05743 1.11373
1.54069 1.0588 1.11641
1.54513 1.06247 1.11243
1.54921 1.06114 1.10981
1.54905 1.05591 1.11074
1.545 1.05743 1.11373
1.54921 1.06114 1.10981
1.55289 1.05959 1.10677
1.55268 1.05418 1.10735
1.54905 1.05591 1.11074
1.55289 1.05959 1.10677
1.55546 1.05765 1.10297
1.55519 1.0521 1.10327
1.55268 1.05418 1.10735
1.55546 1.05765 1.10297
1.55318 1.05617 1.10006
1.55278 1.05071 1.10055
1.55519 1.0521 1.10327
1.55318 1.05617 1.10006
1.54942 1.05766 1.10298
1.54913 1.05241 1.10389
1.55278 1.05071 1.10055
1.54942 1.05766 1.10298
1.54626 1.05943 1.10646
1.54601 1.05433 1.10765
1.54913 1.05241 1.10389
1.54626 1.05943 1.10646
1.54311 1.06121 1.10995
1.54289 1.05626 1.11143
1.54601 1.05433 1.10765
1.54311 1.06121 1.10995
1.53982 1.06293 1.11334
1.53961 1.05813 1.1151
1.54289 1.05626 1.11143
1.53601 1.05986 1.1185
1.54069 1.0588 1.11641
1.54046 1.05397 1.11814
1.53577 1.05523 1.12062
1.54069 1.0588 1.11641
1.545 1.05743 1.11373
1.54473 1.05242 1.1151
1.54046 1.05397 1.11814
1.545 1.05743 1.11373
1.54905 1.05591 1.11074
1.54871 1.05072 1.11176
1.54473 1.05242 1.1151
1.54905 1.05591 1.11074
1.55268 1.05418 1.10735
1.55223 1.04882 1.10804
1.54871 1.05072 1.11176
1.55268 1.05418 1.10735
1.55519 1.0521 1.10327
1.55465 1.04661 1.1037
1.55223 1.04882 1.10804
1.55519 1.0521 1.10327
1.55278 1.05071 1.10055
1.55215 1.04533 1.10118
1.55465 1.04661 1.1037
1.55278 1.05071 1.10055
1.54913 1.05241 1.10389
1.54865 1.04722 1.10489
1.55215 1.04533 1.10118
1.54913 1.05241 1.10389
1.54601 1.05433 1.10765
1.5456 1.04928 1.10894
1.54865 1.04722 1.10489
1.54601 1.05433 1.10765
1.54289 1.05626 1.11143
1.54254 1.05134 1.11298
1.5456 1.04928 1.10894
1.54289 1.05626 1.11143
1.53961 1.05813 1.1151
1.53932 1.05335 1.11692
1.54254 1.05134 1.11298
1.53577 1.05523 1.12062
1.54046 1.05397 1.11814
1.54018 1.0492 1.11997
1.53553 1.05063 1.12279
1.54046 1.05397 1.11814
1.54473 1.05242 1.1151
1.54437 1.04749 1.11662
1.54018 1.0492 1.11997
1.54473 1.05242 1.1151
1.54871 1.05072 1.11176
1.54825 1.04563 1.11297
1.54437 1.04749 1.11662
1.54871 1.05072 1.11176
1.55223 1.04882 1.10804
1.55165 1.04359 1.10897
1.54825 1.04563 1.11297
1.55223 1.04882 1.10804
1.55465 1.04661 1.1037
1.55396 1.04127 1.10441
1.55165 1.04359 1.10897
1.55465 1.04661 1.1037
1.55215 1.04533 1.10118
1.55142 1.04009 1.10209
1.55396 1.04127 1.10441
1.55215 1.04533 1.10118
1.54865 1.04722 1.10489
1.54807 1.04214 1.10612
1.55142 1.04009 1.10209
1.54865 1.04722 1.10489
1.5456 1.04928 1.10894
1.54512 1.04432 1.1104
1.54807 1.04214 1.10612
1.5456 1.04928 1.10894
1.54254 1.05134 1.11298
1.54214 1.04649 1.11466
1.54512 1.04432 1.1104
1.54254 1.05134 1.11298
1.53932 1.05335 1.11692
1.539 1.04862 1.11884
1.54214 1.04649 1.11466
1.53553 1.05063 1.12279
1.54018 1.0492 1.11997
1.53986 1.04447 1.12189
1.53529 1.04605 1.125
1.54018 1.0492 1.11997
1.54437 1.04749 1.11662
1.54396 1.04262 1.11827
1.53986 1.04447 1.12189
1.54437 1.04749 1.11662
1.54825 1.04563 1.11297
1.54771 1.04064 1.11438
1.54396 1.04262 1.11827
1.54825 1.04563 1.11297
1.55165 1.04359 1.10897
1.55097 1.03848 1.11015
1.54771 1.04064 1.11438
1.55165 1.04359 1.10897
1.55396 1.04127 1.10441
1.55316 1.03607 1.10542
1.55097 1.03848 1.11015
1.55396 1.04127 1.10441
1.55142 1.04009 1.10209
1.55061 1.03499 1.10328
1.55316 1.03607 1.10542
1.55142 1.04009 1.10209
1.54807 1.04214 1.10612
1.54742 1.03716 1.10755
1.55061 1.03499 1.10328
1.54807 1.04214 1.10612
1.54512 1.04432 1.1104
1.54458 1.03944 1.11202
1.54742 1.03716 1.10755
1.54512 1.04432 1.1104
1.54214 1.04649 1.11466
1.54171 1.04171 1.11648
1.54458 1.03944 1.11202
1.54214 1.04649 1.11466
1.539 1.04862 1.11884
1.53867 1.04393 1.12084
1.54171 1.04171 1.11648
1.53529 1.04605 1.125
1.53986 1.04447 1.12189
1.53952 1.03979 1.1239
1.53506 1.0415 1.12726
1.53986 1.04447 1.12189
1.54396 1.04262 1.11827
1.5435 1.03783 1.12007
1.53952 1.03979 1.1239
1.54396 1.04262 1.11827
1.54771 1.04064 1.11438
1.54712 1.03575 1.11597
1.5435 1.03783 1.12007
1.54771 1.04064 1.11438
1.55097 1.03848 1.11015
1.55024 1.0335 1.11156
1.54712 1.03575 1.11597
1.55097 1.03848 1.11015
1.55316 1.03607 1.10542
1.55228 1.03102 1.10669
1.55024 1.0335 1.11156
1.55316 1.03607 1.10542
1.55061 1.03499 1.10328
1.54975 1.03002 1.10473
1.55228 1.03102 1.10669
1.55061 1.03499 1.10328
1.54742 1.03716 1.10755
1.54672 1.03229 1.10919
1.54975 1.03002 1.10473
1.54742 1.03716 1.10755
1.54458 1.03944 1.11202
1.54401 1.03465 1.11381
1.54672 1.03229 1.10919
1.54458 1.03944 1.11202
1.54171 1.04171 1.11648
1.54124 1.03699 1.11841
1.54401 1.03465 1.11381
1.54171 1.04171 1.11648
1.53867 1.04393 1.12084
1.53832 1.03929 1.12293
1.54124 1.03699 1.11841
1.53506 1.0415 1.12726
1.53952 1.03979 1.1239
1.53918 1.03515 1.12599
1.53484 1.03696 1.12955
1.53952 1.03979 1.1239
1.5435 1.03783 1.12007
1.54301 1.03311 1.122
1.53918 1.03515 1.12599
1.5435 1.03783 1.12007
1.54712 1.03575 1.11597
1.54649 1.03094 1.11774
1.54301 1.03311 1.122
1.54712 1.03575 1.11597
1.55024 1.0335 1.11156
1.54946 1.02862 1.11319
1.54649 1.03094 1.11774
1.55024 1.0335 1.11156
1.55228 1.03102 1.10669
1.55136 1.0261 1.10823
1.54946 1.02862 1.11319
1.55228 1.03102 1.10669
1.54975 1.03002 1.10473
1.54885 1.02517 1.10642
1.55136 1.0261 1.10823
1.54975 1.03002 1.10473
1.54672 1.03229 1.10919
1.54599 1.02751 1.11102
1.54885 1.02517 1.10642
1.54672 1.03229 1.10919
1.54401 1.03465 1.11381
1.5434 1.02993 1.11575
1.54599 1.02751 1.11102
1.54401 1.03465 1.11381
1.54124 1.03699 1.11841
1.54076 1.03232 1.12046
1.5434 1.02993 1.11575
1.54124 1.03699 1.11841
1.53832 1.03929 1.12293
1.53796 1.03469 1.12509
1.54076 1.03232 1.12046
1.53484 1.03696 1.12955
1.53918 1.03515 1.12599
1.53882 1.03055 1.12816
1.53463 1.03244 1.13188
1.53918 1.03515 1.12599
1.54301 1.03311 1.122
1.54251 1.02844 1.12404
1.53882 1.03055 1.12816
1.54301 1.03311 1.122
1.54649 1.03094 1.11774
1.54584 1.02622 1.11968
1.54251 1.02844 1.12404
1.54649 1.03094 1.11774
1.54946 1.02862 1.11319
1.54865 1.02386 1.11504
1.54584 1.02622 1.11968
1.54946 1.02862 1.11319
1.55136 1.0261 1.10823
1.55041 1.0213 1.11001
1.54865 1.02386 1.11504
1.55136 1.0261 1.10823
1.54885 1.02517 1.10642
1.54793 1.02044 1.10833
1.55041 1.0213 1.11001
1.54885 1.02517 1.10642
1.54599 1.02751 1.11102
1.54523 1.02283 1.11303
1.54793 1.02044 1.10833
1.54599 1.02751 1.11102
1.5434 1.02993 1.11575
1.54278 1.02528 1.11783
1.54523 1.02283 1.11303
1.5434 1.02993 1.11575
1.54076 1.03232 1.12046
1.54027 1.02772 1.12261
1.54278 1.02528 1.11783
1.54076 1.03232 1.12046
1.53796 1.03469 1.12509
1.5376 1.03012 1.12732
1.54027 1.02772 1.12261
1.53463 1.03244 1.13188
1.53882 1.03055 1.12816
1.53846 1.02598 1.13041
1.53443 1.02794 1.13424
1.53882 1.03055 1.12816
1.54251 1.02844 1.12404
1.542 1.02384 1.1262
1.53846 1.02598 1.13041
1.54251 1.02844 1.12404
1.54584 1.02622 1.11968
1.54517 1.02158 1.12176
1.542 1.02384 1.1262
1.54584 1.02622 1.11968
1.54865 1.02386 1.11504
1.54783 1.01918 1.11707
1.54517 1.02158 1.12176
1.54865 1.02386 1.11504
1.55041 1.0213 1.11001
1.54945 1.01661 1.11202
1.54783 1.01918 1.11707
1.55041 1.0213 1.11001
1.54793 1.02044 1.10833
1.54701 1.01582 1.11046
1.54945 1.01661 1.11202
1.54793 1.02044 1.10833
1.54523 1.02283 1.11303
1.54447 1.01824 1.11521
1.54701 1.01582 1.11046
1.54523 1.02283 1.11303
1.54278 1.02528 1.11783
1.54215 1.0207 1.12005
1.54447 1.01824 1.11521
1.54278 1.02528 1.11783
1.54027 1.02772 1.12261
1.53977 1.02316 1.12486
1.54215 1.0207 1.12005
1.54027 1.02772 1.12261
1.5376 1.03012 1.12732
1.53724 1.02558 1.12962
1.53977 1.02316 1.12486
1.53443 1.02794 1.13424
1.53846 1.02598 1.13041
1.5381 1.02145 1.13272
1.53423 1.02345 1.13663
1.53846 1.02598 1.13041
1.542 1.02384 1.1262
1.54148 1.01928 1.12846
1.5381 1.02145 1.13272
1.542 1.02384 1.1262
1.54517 1.02158 1.12176
1.5445 1.01701 1.12399
1.54148 1.01928 1.12846
1.54517 1.02158 1.12176
1.54783 1.01918 1.11707
1.54701 1.0146 1.11927
1.5445 1.01701 1.12399
1.54783 1.01918 1.11707
1.54945 1.01661 1.11202
1.54849 1.01204 1.11424
1.54701 1.0146 1.11927
1.54945 1.01661 1.11202
1.54701 1.01582 1.11046
1.54608 1.0113 1.11278
1.54849 1.01204 1.11424
1.54701 1.01582 1.11046
1.54447 1.01824 1.11521
1.5437 1.01372 1.11755
1.54608 1.0113 1.11278
1.54447 1.01824 1.11521
1.54215 1.0207 1.12005
1.54152 1.01619 1.12239
1.5437 1.01372 1.11755
1.54215 1.0207 1.12005
1.53977 1.02316 1.12486
1.53927 1.01865 1.12721
1.54152 1.01619 1.12239
1.53977 1.02316 1.12486
1.53724 1.02558 1.12962
1.53688 1.02108 1.13198
1.53927 1.01865 1.12721
1.53423 1.02345 1.13663
1.5381 1.02145 1.13272
1.53773 1.01695 1.13509
1.53405 1.01897 1.13905
1.5381 1.02145 1.13272
1.54148 1.01928 1.12846
1.54096 1.01478 1.13082
1.53773 1.01695 1.13509
1.54148 1.01928 1.12846
1.5445 1.01701 1.12399
1.54383 1.0125 1.12634
1.54096 1.01478 1.13082
1.5445 1.01701 1.12399
1.54701 1.0146 1.11927
1.54618 1.0101 1.12164
1.54383 1.0125 1.12634
1.54701 1.0146 1.11927
1.54849 1.01204 1.11424
1.54753 1.00756 1.11664
1.54618 1.0101 1.12164
1.54849 1.01204 1.11424
1.54608 1.0113 1.11278
1.54517 1.00687 1.11529
1.54753 1.00756 1.11664
1.54608 1.0113 1.11278
1.5437 1.01372 1.11755
1.54294 1.00929 1.12004
1.54517 1.00687 1.11529
1.5437 1.01372 1.11755
1.54152 1.01619 1.12239
1.54089 1.01174 1.12486
1.54294 1.00929 1.12004
1.54152 1.01619 1.12239
1.53927 1.01865 1.12721
1.53878 1.01419 1.12965
1.54089 1.01174 1.12486
1.53927 1.01865 1.12721
1.53688 1.02108 1.13198
1.53653 1.0166 1.1344
1.53878 1.01419 1.12965
1.53405 1.01897 1.13905
1.53773 1.01695 1.13509
1.53737 1.01248 1.13751
1.53387 1.01451 1.14149
1.53773 1.01695 1.13509
1.54096 1.01478 1.13082
1.54044 1.01031 1.13326
1.53737 1.01248 1.13751
1.54096 1.01478 1.13082
1.54383 1.0125 1.12634
1.54314 1.00805 1.12881
1.54044 1.01031 1.13326
1.54383 1.0125 1.12634
1.54618 1.0101 1.12164
1.54535 1.00568 1.12416
1.54314 1.00805 1.12881
1.54618 1.0101 1.12164
1.54753 1.00756 1.11664
1.54657 1.00317 1.11923
1.54535 1.00568 1.12416
1.54753 1.00756 1.11664
1.54517 1.00687 1.11529
1.54428 1.00253 1.11797
1.54657 1.00317 1.11923
1.54517 1.00687 1.11529
1.54294 1.00929 1.12004
1.5422 1.00492 1.12268
1.54428 1.00253 1.11797
1.54294 1.00929 1.12004
1.54089 1.01174 1.12486
1.54028 1.00735 1.12744
1.5422 1.00492 1.12268
1.54089 1.01174 1.12486
1.53878 1.01419 1.12965
1.5383 1.00976 1.13218
1.54028 1.00735 1.12744
1.53878 1.01419 1.12965
1.53653 1.0166 1.1344
1.53619 1.01216 1.13687
1.5383 1.00976 1.13218
1.53387 1.01451 1.14149
1.53737 1.01248 1.13751
1.53701 1.00804 1.13999
1.5337 1.01006 1.14396
1.53737 1.01248 1.13751
1.54044 1.01031 1.13326
1.53991 1.0059 1.13578
1.53701 1.00804 1.13999
1.54044 1.01031 1.13326
1.54314 1.00805 1.12881
1.54246 1.00366 1.13139
1.53991 1.0059 1.13578
1.54314 1.00805 1.12881
1.54535 1.00568 1.12416
1.54453 1.00132 1.12681
1.54246 1.00366 1.13139
1.54535 1.00568 1.12416
1.54657 1.00317 1.11923
1.54563 0.998861 1.12197
1.54453 1.00132 1.12681
1.54657 1.00317 1.11923
1.54428 1.00253 1.11797
1.54341 0.99827 1.12081
1.54563 0.998861 1.12197
1.54428 1.00253 1.11797
1.5422 1.00492 1.12268
1.54148 1.00063 1.12544
1.54341 0.99827 1.12081
1.5422 1.00492 1.12268
1.54028 1.00735 1.12744
1.53968 1.00301 1.13012
1.54148 1.00063 1.12544
1.54028 1.00735 1.12744
1.5383 1.00976 1.13218
1.53782 1.00539 1.13478
1.53968 1.00301 1.13012
1.5383 1.00976 1.13218
1.53619 1.01216 1.13687
1.53585 1.00774 1.1394
1.53782 1.00539 1.13478
1.5337 1.01006 1.14396
1.53701 1.00804 1.13999
1.53666 1.00362 1.14252
1.53354 1.00562 1.14644
1.53701 1.00804 1.13999
1.53991 1.0059 1.13578
1.53939 1.00151 1.13838
1.53666 1.00362 1.14252
1.53991 1.0059 1.13578
1.54246 1.00366 1.13139
1.54179 0.999317 1.13407
1.53939 1.00151 1.13838
1.54246 1.00366 1.13139
1.54453 1.00132 1.12681
1.54372 0.997029 1.12958
1.54179 0.999317 1.13407
1.54453 1.00132 1.12681
1.54563 0.998861 1.12197
1.54471 0.994626 1.12486
1.54372 0.997029 1.12958
1.54563 0.998861 1.12197
1.54341 0.99827 1.12081
1.54257 0.99408 1.12379
1.54471 0.994626 1.12486
1.54341 0.99827 1.12081
1.54148 1.00063 1.12544
1.54078 0.996389 1.12832
1.54257 0.99408 1.12379
1.54148 1.00063 1.12544
1.53968 1.00301 1.13012
1.5391 0.99872 1.1329
1.54078 0.996389 1.12832
1.53968 1.00301 1.13012
1.53782 1.00539 1.13478
1.53737 1.00104 1.13745
1.5391 0.99872 1.1329
1.53782 1.00539 1.13478
1.53585 1.00774 1.1394
1.53553 1.00334 1.14197
1.53737 1.00104 1.13745
1.53354 1.00562 1.14644
1.53666 1.00362 1.14252
1.53631 0.999225 1.14509
1.53338 1.00119 1.14894
1.53666 1.00362 1.14252
1.53939 1.00151 1.13838
1.53888 0.99716 1.14104
1.53631 0.999225 1.14509
1.53939 1.00151 1.13838
1.54179 0.999317 1.13407
1.54113 0.995018 1.13683
1.53888 0.99716 1.14104
1.54179 0.999317 1.13407
1.54372 0.997029 1.12958
1.54292 0.99279 1.13246
1.54113 0.995018 1.13683
1.54372 0.997029 1.12958
1.54471 0.994626 1.12486
1.5438 0.990458 1.12788
1.54292 0.99279 1.13246
1.54471 0.994626 1.12486
1.54257 0.99408 1.12379
1.54176 0.989955 1.1269
1.5438 0.990458 1.12788
1.54257 0.99408 1.12379
1.54078 0.996389 1.12832
1.5401 0.992204 1.13131
1.54176 0.989955 1.1269
1.54078 0.996389 1.12832
1.5391 0.99872 1.1329
1.53855 0.99447 1.13576
1.5401 0.992204 1.13131
1.5391 0.99872 1.1329
1.53737 1.00104 1.13745
1.53693 0.996726 1.14019
1.53855 0.99447 1.13576
1.53737 1.00104 1.13745
1.53553 1.00334 1.14197
1.53522 0.998968 1.14459
1.53693 0.996726 1.14019
1.53338 1.00119 1.14894
1.53631 0.999225 1.14509
1.53597 0.994849 1.1477
1.53323 0.996768 1.15147
1.53631 0.999225 1.14509
1.53888 0.99716 1.14104
1.53838 0.992841 1.14376
1.53597 0.994849 1.1477
1.53888 0.99716 1.14104
1.54113 0.995018 1.13683
1.54048 0.990762 1.13968
1.53838 0.992841 1.14376
1.54113 0.995018 1.13683
1.54292 0.99279 1.13246
1.54213 0.988604 1.13545
1.54048 0.990762 1.13968
1.54292 0.99279 1.13246
1.5438 0.990458 1.12788
1.54293 0.98635 1.13102
1.54213 0.988604 1.13545
1.5438 0.990458 1.12788
1.54176 0.989955 1.1269
1.54098 0.985889 1.13012
1.54293 0.98635 1.13102
1.54176 0.989955 1.1269
1.5401 0.992204 1.13131
1.53944 0.988067 1.13439
1.54098 0.985889 1.13012
1.5401 0.992204 1.13131
1.53855 0.99447 1.13576
1.538 0.990259 1.13869
1.53944 0.988067 1.13439
1.53855 0.99447 1.13576
1.53693 0.996726 1.14019
1.53651 0.992443 1.14298
1.538 0.990259 1.13869
1.53693 0.996726 1.14019
1.53522 0.998968 1.14459
1.53492 0.994613 1.14724
1.53651 0.992443 1.14298
1.53323 0.996768 1.15147
1.53597 0.994849 1.1477
1.53564 0.990493 1.15035
1.53309 0.992357 1.15401
1.53597 0.994849 1.1477
1.53838 0.992841 1.14376
1.53789 0.98855 1.14653
1.53564 0.990493 1.15035
1.53838 0.992841 1.14376
1.54048 0.990762 1.13968
1.53984 0.986542 1.14259
1.53789 0.98855 1.14653
1.54048 0.990762 1.13968
1.54213 0.988604 1.13545
1.54137 0.984462 1.13851
1.53984 0.986542 1.14259
1.54213 0.988604 1.13545
1.54293 0.98635 1.13102
1.54208 0.982295 1.13426
1.54137 0.984462 1.13851
1.54293 0.98635 1.13102
1.54098 0.985889 1.13012
1.54023 0.981872 1.13343
1.54208 0.982295 1.13426
1.54098 0.985889 1.13012
1.53944 0.988067 1.13439
1.53881 0.983971 1.13755
1.54023 0.981872 1.13343
1.53944 0.988067 1.13439
1.538 0.990259 1.13869
1.53748 0.986082 1.14169
1.53881 0.983971 1.13755
1.538 0.990259 1.13869
1.53651 0.992443 1.14298
1.5361 0.988185 1.14582
1.53748 0.986082 1.14169
1.53651 0.992443 1.14298
1.53492 0.994613 1.14724
1.53463 0.990277 1.14992
1.5361 0.988185 1.14582
1.53309 0.992357 1.15401
1.53564 0.990493 1.15035
1.53531 0.986151 1.15303
1.53295 0.987953 1.15656
1.53564 0.990493 1.15035
1.53789 0.98855 1.14653
1.53741 0.984281 1.14936
1.53531 0.986151 1.15303
1.53789 0.98855 1.14653
1.53984 0.986542 1.14259
1.53922 0.982353 1.14557
1.53741 0.984281 1.14936
1.53984 0.986542 1.14259
1.54137 0.984462 1.13851
1.54064 0.980358 1.14166
1.53922 0.982353 1.14557
1.54137 0.984462 1.13851
1.54208 0.982295 1.13426
1.54126 0.978284 1.13759
1.54064 0.980358 1.14166
1.54208 0.982295 1.13426
1.54023 0.981872 1.13343
1.53951 0.977897 1.13683
1.54126 0.978284 1.13759
1.54023 0.981872 1.13343
1.53881 0.983971 1.13755
1.53821 0.97991 1.14078
1.53951 0.977897 1.13683
1.53881 0.983971 1.13755
1.53748 0.986082 1.14169
1.53699 0.981933 1.14475
1.53821 0.97991 1.14078
1.53748 0.986082 1.14169
1.5361 0.988185 1.14582
1.5357 0.983948 1.1487
1.53699 0.981933 1.14475
1.5361 0.988185 1.14582
1.53463 0.990277 1.14992
1.53435 0.985955 1.15264
1.5357 0.983948 1.1487
1.53295 0.987953 1.15656
1.53531 0.986151 1.15303
1.535 0.981823 1.15574
1.53282 0.983555 1.15913
1.53531 0.986151 1.15303
1.53741 0.984281 1.14936
1.53694 0.980033 1.15222
1.535 0.981823 1.15574
1.53741 0.984281 1.14936
1.53922 0.982353 1.14557
1.53862 0.97819 1.1486
1.53694 0.980033 1.15222
1.53922 0.982353 1.14557
1.54064 0.980358 1.14166
1.53993 0.976285 1.14487
1.53862 0.97819 1.1486
1.54064 0.980358 1.14166
1.54126 0.978284 1.13759
1.54048 0.97431 1.14099
1.53993 0.976285 1.14487
1.54126 0.978284 1.13759
1.53951 0.977897 1.13683
1.53882 0.973957 1.1403
1.54048 0.97431 1.14099
1.53951 0.977897 1.13683
1.53821 0.97991 1.14078
1.53764 0.975878 1.14407
1.53882 0.973957 1.1403
1.53821 0.97991 1.14078
1.53699 0.981933 1.14475
1.53651 0.977807 1.14785
1.53764 0.975878 1.14407
1.53699 0.981933 1.14475
1.5357 0.983948 1.1487
1.53533 0.97973 1.15163
1.53651 0.977807 1.14785
1.5357 0.983948 1.1487
1.53435 0.985955 1.15264
1.53409 0.981645 1.15538
1.53533 0.97973 1.15163
1.53282 0.983555 1.15913
1.535 0.981823 1.15574
1.53471 0.977516 1.15848
1.53269 0.979167 1.16172
1.535 0.981823 1.15574
1.53694 0.980033 1.15222
1.53651 0.97581 1.15513
1.53471 0.977516 1.15848
1.53694 0.980033 1.15222
1.53862 0.97819 1.1486
1.53806 0.974056 1.15169
1.53651 0.97581 1.15513
1.53862 0.97819 1.1486
1.53993 0.976285 1.14487
1.53925 0.972245 1.14813
1.53806 0.974056 1.15169
1.53993 0.976285 1.14487
1.54048 0.97431 1.14099
1.53973 0.970371 1.14445
1.53925 0.972245 1.14813
1.54048 0.97431 1.14099
1.53882 0.973957 1.1403
1.53817 0.970048 1.14382
1.53973 0.970371 1.14445
1.53882 0.973957 1.1403
1.53764 0.975878 1.14407
1.5371 0.971874 1.1474
1.53817 0.970048 1.14382
1.53764 0.975878 1.14407
1.53651 0.977807 1.14785
1.53607 0.973707 1.151
1.5371 0.971874 1.1474
1.53651 0.977807 1.14785
1.53533 0.97973 1.15163
1.53499 0.975533 1.15459
1.53607 0.973707 1.151
1.53533 0.97973 1.15163
1.53409 0.981645 1.15538
1.53386 0.977352 1.15816
1.53499 0.975533 1.15459
1.53269 0.979167 1.16172
1.53471 0.977516 1.15848
1.53444 0.973215 1.16124
1.53257 0.974782 1.16431
1.53471 0.977516 1.15848
1.53651 0.97581 1.15513
1.5361 0.971598 1.15806
1.53444 0.973215 1.16124
1.53651 0.97581 1.15513
1.53806 0.974056 1.15169
1.53752 0.969936 1.1548
1.5361 0.971598 1.15806
1.53806 0.974056 1.15169
1.53925 0.972245 1.14813
1.5386 0.968223 1.15144
1.53752 0.969936 1.1548
1.53925 0.972245 1.14813
1.53973 0.970371 1.14445
1.53902 0.966453 1.14796
1.5386 0.968223 1.15144
1.53973 0.970371 1.14445
1.53817 0.970048 1.14382
1.53756 0.966157 1.14739
1.53902 0.966453 1.14796
1.53817 0.970048 1.14382
1.5371 0.971874 1.1474
1.53658 0.967885 1.15078
1.53756 0.966157 1.14739
1.5371 0.971874 1.1474
1.53607 0.973707 1.151
1.53565 0.969618 1.15418
1.53658 0.967885 1.15078
1.53607 0.973707 1.151
1.53499 0.975533 1.15459
1.53467 0.971346 1.15757
1.53565 0.969618 1.15418
1.53499 0.975533 1.15459
1.53386 0.977352 1.15816
1.53363 0.973066 1.16094
1.53467 0.971346 1.15757
1.53257 0.974782 1.16431
1.53444 0.973215 1.16124
1.53417 0.968925 1.16402
1.53245 0.970405 1.16692
1.53444 0.973215 1.16124
1.5361 0.971598 1.15806
1.5357 0.967399 1.16102
1.53417 0.968925 1.16402
1.5361 0.971598 1.15806
1.53752 0.969936 1.1548
1.537 0.965831 1.15795
1.5357 0.967399 1.16102
1.53752 0.969936 1.1548
1.5386 0.968223 1.15144
1.53799 0.964218 1.15478
1.537 0.965831 1.15795
1.5386 0.968223 1.15144
1.53902 0.966453 1.14796
1.53835 0.962553 1.15151
1.53799 0.964218 1.15478
1.53902 0.966453 1.14796
1.53756 0.966157 1.14739
1.53698 0.962284 1.15098
1.53835 0.962553 1.15151
1.53756 0.966157 1.14739
1.53658 0.967885 1.15078
1.5361 0.963911 1.15418
1.53698 0.962284 1.15098
1.53658 0.967885 1.15078
1.53565 0.969618 1.15418
1.53526 0.965543 1.15738
1.5361 0.963911 1.15418
1.53565 0.969618 1.15418
1.53467 0.971346 1.15757
1.53437 0.967169 1.16057
1.53526 0.965543 1.15738
1.53467 0.971346 1.15757
1.53363 0.973066 1.16094
1.53342 0.968789 1.16375
1.53437 0.967169 1.16057
1.53245 0.970405 1.16692
1.53417 0.968925 1.16402
1.53392 0.96464 1.16681
1.53233 0.966031 1.16954
1.53417 0.968925 1.16402
1.5357 0.967399 1.16102
1.53532 0.963206 1.164
1.53392 0.96464 1.16681
1.5357 0.967399 1.16102
1.537 0.965831 1.15795
1.53651 0.961736 1.16111
1.53532 0.963206 1.164
1.537 0.965831 1.15795
1.53799 0.964218 1.15478
1.5374 0.960223 1.15814
1.53651 0.961736 1.16111
1.53799 0.964218 1.15478
1.53835 0.962553 1.15151
1.53771 0.958665 1.15508
1.5374 0.960223 1.15814
1.53835 0.962553 1.15151
1.53698 0.962284 1.15098
1.53643 0.95842 1.1546
1.53771 0.958665 1.15508
1.53698 0.962284 1.15098
1.5361 0.963911 1.15418
1.53564 0.959945 1.15759
1.53643 0.95842 1.1546
1.5361 0.963911 1.15418
1.53526 0.965543 1.15738
1.53488 0.961474 1.1606
1.53564 0.959945 1.15759
1.53526 0.965543 1.15738
1.53437 0.967169 1.16057
1.53408 0.962998 1.16359
1.53488 0.961474 1.1606
1.53437 0.967169 1.16057
1.53342 0.968789 1.16375
1.53322 0.964517 1.16657
1.53408 0.962998 1.16359
1.53233 0.966031 1.16954
1.53392 0.96464 1.16681
1.53368 0.960364 1.16961
1.53223 0.961666 1.17217
1.53392 0.96464 1.16681
1.53532 0.963206 1.164
1.53495 0.959023 1.16698
1.53368 0.960364 1.16961
1.53532 0.963206 1.164
1.53651 0.961736 1.16111
1.53604 0.957648 1.16428
1.53495 0.959023 1.16698
1.53651 0.961736 1.16111
1.5374 0.960223 1.15814
1.53684 0.956236 1.16151
1.53604 0.957648 1.16428
1.5374 0.960223 1.15814
1.53771 0.958665 1.15508
1.53711 0.954783 1.15866
1.53684 0.956236 1.16151
1.53771 0.958665 1.15508
1.53643 0.95842 1.1546
1.53592 0.95456 1.15822
1.53711 0.954783 1.15866
1.53643 0.95842 1.1546
1.53564 0.959945 1.15759
1.53521 0.955984 1.16102
1.53592 0.95456 1.15822
1.53564 0.959945 1.15759
1.53488 0.961474 1.1606
1.53453 0.957411 1.16382
1.53521 0.955984 1.16102
1.53488 0.961474 1.1606
1.53408 0.962998 1.16359
1.5338 0.958834 1.16661
1.53453 0.957411 1.16382
1.53408 0.962998 1.16359
1.53322 0.964517 1.16657
1.53303 0.960252 1.16939
1.5338 0.958834 1.16661
1.53223 0.961666 1.17217
1.53368 0.960364 1.16961
1.53345 0.956088 1.17242
1.53212 0.957302 1.1748
1.53368 0.960364 1.16961
1.53495 0.959023 1.16698
1.53461 0.95484 1.16997
1.53345 0.956088 1.17242
1.53495 0.959023 1.16698
1.53604 0.957648 1.16428
1.53559 0.95356 1.16746
1.53461 0.95484 1.16997
1.53604 0.957648 1.16428
1.53684 0.956236 1.16151
1.53632 0.952246 1.16488
1.53559 0.95356 1.16746
1.53684 0.956236 1.16151
1.53711 0.954783 1.15866
1.53654 0.950897 1.16223
1.53632 0.952246 1.16488
1.53711 0.954783 1.15866
1.53592 0.95456 1.15822
1.53544 0.950695 1.16184
1.53654 0.950897 1.16223
1.53592 0.95456 1.15822
1.53521 0.955984 1.16102
1.5348 0.952019 1.16443
1.53544 0.950695 1.16184
1.53521 0.955984 1.16102
1.53453 0.957411 1.16382
1.53419 0.953346 1.16704
1.5348 0.952019 1.16443
1.53453 0.957411 1.16382
1.5338 0.958834 1.16661
1.53354 0.954669 1.16964
1.53419 0.953346 1.16704
1.5338 0.958834 1.16661
1.53303 0.960252 1.16939
1.53285 0.955987 1.17222
1.53354 0.954669 1.16964
1.53212 0.957302 1.1748
1.53345 0.956088 1.17242
1.53323 0.951815 1.17523
1.53202 0.952942 1.17745
1.53345 0.956088 1.17242
1.53461 0.95484 1.16997
1.53429 0.950656 1.17296
1.53323 0.951815 1.17523
1.53461 0.95484 1.16997
1.53559 0.95356 1.16746
1.53518 0.949469 1.17063
1.53429 0.950656 1.17296
1.53559 0.95356 1.16746
1.53632 0.952246 1.16488
1.53583 0.948252 1.16824
1.53518 0.949469 1.17063
1.53632 0.952246 1.16488
1.53654 0.950897 1.16223
1.53602 0.947003 1.16579
1.53583 0.948252 1.16824
1.53654 0.950897 1.16223
1.53544 0.950695 1.16184
1.53499 0.94682 1.16543
1.53602 0.947003 1.16579
1.53544 0.950695 1.16184
1.5348 0.952019 1.16443
1.53442 0.948047 1.16784
1.53499 0.94682 1.16543
1.5348 0.952019 1.16443
1.53419 0.953346 1.16704
1.53388 0.949276 1.17025
1.53442 0.948047 1.16784
1.53419 0.953346 1.16704
1.53354 0.954669 1.16964
1.5333 0.950502 1.17266
1.53388 0.949276 1.17025
1.53354 0.954669 1.16964
1.53285 0.955987 1.17222
1.53267 0.951723 1.17505
1.5333 0.950502 1.17266
1.53202 0.952942 1.17745
1.53323 0.951815 1.17523
1.53303 0.947542 1.17805
1.53193 0.948585 1.1801
1.53323 0.951815 1.17523
1.53429 0.950656 1.17296
1.53399 0.94647 1.17595
1.53303 0.947542 1.17805
1.53429 0.950656 1.17296
1.53518 0.949469 1.17063
1.53479 0.945373 1.17379
1.53399 0.94647 1.17595
1.53518 0.949469 1.17063
1.53583 0.948252 1.16824
1.53537 0.944248 1.17158
1.53479 0.945373 1.17379
1.53583 0.948252 1.16824
1.53602 0.947003 1.16579
1.53553 0.943095 1.16932
1.53537 0.944248 1.17158
1.53602 0.947003 1.16579
1.53499 0.94682 1.16543
1.53458 0.942929 1.169
1.53553 0.943095 1.16932
1.53499 0.94682 1.16543
1.53442 0.948047 1.16784
1.53407 0.944062 1.17122
1.53458 0.942929 1.169
1.53442 0.948047 1.16784
1.53388 0.949276 1.17025
1.53359 0.945198 1.17345
1.53407 0.944062 1.17122
1.53388 0.949276 1.17025
1.5333 0.950502 1.17266
1.53307 0.946331 1.17567
1.53359 0.945198 1.17345
1.5333 0.950502 1.17266
1.53267 0.951723 1.17505
1.53251 0.947459 1.17789
1.53307 0.946331 1.17567
1.53193 0.948585 1.1801
1.53303 0.947542 1.17805
1.53284 0.94327 1.18086
1.53184 0.944234 1.18275
1.53303 0.947542 1.17805
1.53399 0.94647 1.17595
1.5337 0.942281 1.17892
1.53284 0.94327 1.18086
1.53399 0.94647 1.17595
1.53479 0.945373 1.17379
1.53443 0.941268 1.17693
1.5337 0.942281 1.17892
1.53479 0.945373 1.17379
1.53537 0.944248 1.17158
1.53495 0.940229 1.17489
1.53443 0.941268 1.17693
1.53537 0.944248 1.17158
1.53553 0.943095 1.16932
1.53508 0.939168 1.17281
1.53495 0.940229 1.17489
1.53553 0.943095 1.16932
1.53458 0.942929 1.169
1.53421 0.939017 1.17251
1.53508 0.939168 1.17281
1.53458 0.942929 1.169
1.53407 0.944062 1.17122
1.53375 0.940062 1.17457
1.53421 0.939017 1.17251
1.53407 0.944062 1.17122
1.53359 0.945198 1.17345
1.53332 0.94111 1.17662
1.53375 0.940062 1.17457
1.53359 0.945198 1.17345
1.53307 0.946331 1.17567
1.53286 0.942154 1.17867
1.53332 0.94111 1.17662
1.53307 0.946331 1.17567
1.53251 0.947459 1.17789
1.53236 0.943195 1.18071
1.53286 0.942154 1.17867
1.53184 0.944234 1.18275
1.53284 0.94327 1.18086
1.53266 0.939176 1.18355
1.53175 0.940069 1.1853
1.53284 0.94327 1.18086
1.5337 0.942281 1.17892
1.53346 0.93826 1.18175
1.53266 0.939176 1.18355
1.5337 0.942281 1.17892
1.53443 0.941268 1.17693
1.53411 0.937322 1.17991
1.53346 0.93826 1.18175
1.53443 0.941268 1.17693
1.53495 0.940229 1.17489
1.53458 0.936362 1.17803
1.53411 0.937322 1.17991
1.53495 0.940229 1.17489
1.53508 0.939168 1.17281
1.53469 0.935381 1.1761
1.53458 0.936362 1.17803
1.53508 0.939168 1.17281
1.53421 0.939017 1.17251
1.53388 0.935243 1.17583
1.53469 0.935381 1.1761
1.53421 0.939017 1.17251
1.53375 0.940062 1.17457
1.53347 0.93621 1.17773
1.53388 0.935243 1.17583
1.53375 0.940062 1.17457
1.53332 0.94111 1.17662
1.53309 0.937179 1.17963
1.53347 0.93621 1.17773
1.53332 0.94111 1.17662
1.53286 0.942154 1.17867
1.53267 0.938145 1.18153
1.53309 0.937179 1.17963
1.53286 0.942154 1.17867
1.53236 0.943195 1.18071
1.53222 0.939108 1.18342
1.53267 0.938145 1.18153
1.53175 0.940069 1.1853
1.53266 0.939176 1.18355
1.53263 0.938184 1.1842
1.53173 0.939061 1.18592
1.53266 0.939176 1.18355
1.53346 0.93826 1.18175
1.5334 0.937285 1.18244
1.53263 0.938184 1.1842
1.53346 0.93826 1.18175
1.53411 0.937322 1.17991
1.53404 0.936365 1.18063
1.5334 0.937285 1.18244
1.53411 0.937322 1.17991
1.53458 0.936362 1.17803
1.5345 0.935422 1.17878
1.53404 0.936365 1.18063
1.53458 0.936362 1.17803
1.53469 0.935381 1.1761
1.5346 0.93446 1.17689
1.5345 0.935422 1.17878
1.53469 0.935381 1.1761
1.53388 0.935243 1.17583
1.5338 0.934325 1.17663
1.5346 0.93446 1.17689
1.53388 0.935243 1.17583
1.53347 0.93621 1.17773
1.53341 0.935274 1.17849
1.5338 0.934325 1.17663
1.53347 0.93621 1.17773
1.53309 0.937179 1.17963
1.53303 0.936225 1.18035
1.53341 0.935274 1.17849
1.53309 0.937179 1.17963
1.53267 0.938145 1.18153
1.53263 0.937173 1.18221
1.53303 0.936225 1.18035
1.53267 0.938145 1.18153
1.53222 0.939108 1.18342
1.53219 0.938117 1.18407
1.53263 0.937173 1.18221
1.53173 0.939061 1.18592
1.53263 0.938184 1.1842
1.53259 0.937376 1.18474
1.53172 0.938239 1.18643
1.53263 0.938184 1.1842
1.5334 0.937285 1.18244
1.53335 0.93649 1.183
1.53259 0.937376 1.18474
1.5334 0.937285 1.18244
1.53404 0.936365 1.18063
1.53398 0.935584 1.18122
1.53335 0.93649 1.183
1.53404 0.936365 1.18063
1.5345 0.935422 1.17878
1.53443 0.934657 1.1794
1.53398 0.935584 1.18122
1.5345 0.935422 1.17878
1.5346 0.93446 1.17689
1.53453 0.933709 1.17754
1.53443 0.934657 1.1794
1.5346 0.93446 1.17689
1.5338 0.934325 1.17663
1.53374 0.933577 1.17728
1.53453 0.933709 1.17754
1.5338 0.934325 1.17663
1.53341 0.935274 1.17849
1.53335 0.934511 1.17911
1.53374 0.933577 1.17728
1.53341 0.935274 1.17849
1.53303 0.936225 1.18035
1.53299 0.935447 1.18095
1.53335 0.934511 1.17911
1.53303 0.936225 1.18035
1.53263 0.937173 1.18221
1.53259 0.93638 1.18278
1.53299 0.935447 1.18095
1.53263 0.937173 1.18221
1.53219 0.938117 1.18407
1.53216 0.937311 1.18461
1.53259 0.93638 1.18278
1.53172 0.938239 1.18643
1.53259 0.937376 1.18474
1.53254 0.936607 1.18534
1.53168 0.937449 1.18699
1.53259 0.937376 1.18474
1.53335 0.93649 1.183
1.53328 0.935742 1.18364
1.53254 0.936607 1.18534
1.53335 0.93649 1.183
1.53398 0.935584 1.18122
1.53389 0.934858 1.18191
1.53328 0.935742 1.18364
1.53398 0.935584 1.18122
1.53443 0.934657 1.1794
1.53433 0.933952 1.18013
1.53389 0.934858 1.18191
1.53443 0.934657 1.1794
1.53453 0.933709 1.17754
1.53442 0.933027 1.17832
1.53433 0.933952 1.18013
1.53453 0.933709 1.17754
1.53374 0.933577 1.17728
1.53365 0.932899 1.17806
1.53442 0.933027 1.17832
1.53374 0.933577 1.17728
1.53335 0.934511 1.17911
1.53327 0.93381 1.17985
1.53365 0.932899 1.17806
1.53335 0.934511 1.17911
1.53299 0.935447 1.18095
1.53292 0.934724 1.18164
1.53327 0.93381 1.17985
1.53299 0.935447 1.18095
1.53259 0.93638 1.18278
1.53253 0.935635 1.18343
1.53292 0.934724 1.18164
1.53259 0.93638 1.18278
1.53216 0.937311 1.18461
1.53212 0.936543 1.18521
1.53253 0.935635 1.18343
1.53168 0.937449 1.18699
1.53254 0.936607 1.18534
1.53245 0.93589 1.18605
1.53163 0.936702 1.18765
1.53254 0.936607 1.18534
1.53328 0.935742 1.18364
1.53316 0.935057 1.18442
1.53245 0.93589 1.18605
1.53328 0.935742 1.18364
1.53389 0.934858 1.18191
1.53375 0.934204 1.18275
1.53316 0.935057 1.18442
1.53389 0.934858 1.18191
1.53433 0.933952 1.18013
1.53417 0.933332 1.18103
1.53375 0.934204 1.18275
1.53433 0.933952 1.18013
1.53442 0.933027 1.17832
1.53426 0.932441 1.17928
1.53417 0.933332 1.18103
1.53442 0.933027 1.17832
1.53365 0.932899 1.17806
1.53352 0.932317 1.17904
1.53426 0.932441 1.17928
1.53365 0.932899 1.17806
1.53327 0.93381 1.17985
1.53316 0.933195 1.18077
1.53352 0.932317 1.17904
1.53327 0.93381 1.17985
1.53292 0.934724 1.18164
1.53281 0.934076 1.18249
1.53316 0.933195 1.18077
1.53292 0.934724 1.18164
1.53253 0.935635 1.18343
1.53245 0.934953 1.18422
1.53281 0.934076 1.18249
1.53253 0.935635 1.18343
1.53212 0.936543 1.18521
1.53205 0.935829 1.18593
1.53245 0.934953 1.18422
1.53163 0.936702 1.18765
1.53245 0.93589 1.18605
1.53233 0.935236 1.18689
1.53156 0.936005 1.1884
1.53245 0.93589 1.18605
1.53316 0.935057 1.18442
1.533 0.934446 1.18534
1.53233 0.935236 1.18689
1.53316 0.935057 1.18442
1.53375 0.934204 1.18275
1.53356 0.933638 1.18375
1.533 0.934446 1.18534
1.53375 0.934204 1.18275
1.53417 0.933332 1.18103
1.53395 0.932812 1.18213
1.53356 0.933638 1.18375
1.53417 0.933332 1.18103
1.53426 0.932441 1.17928
1.53403 0.931968 1.18048
1.53395 0.932812 1.18213
1.53426 0.932441 1.17928
1.53352 0.932317 1.17904
1.53333 0.931851 1.18025
1.53403 0.931968 1.18048
1.53352 0.932317 1.17904
1.53316 0.933195 1.18077
1.53299 0.932683 1.18188
1.53333 0.931851 1.18025
1.53316 0.933195 1.18077
1.53281 0.934076 1.18249
1.53267 0.933517 1.18352
1.53299 0.932683 1.18188
1.53281 0.934076 1.18249
1.53245 0.934953 1.18422
1.53232 0.934349 1.18515
1.53267 0.933517 1.18352
1.53245 0.934953 1.18422
1.53205 0.935829 1.18593
1.53195 0.935178 1.18678
1.53232 0.934349 1.18515
1.53156 0.936005 1.1884
1.53233 0.935236 1.18689
1.53217 0.93466 1.18788
1.53145 0.935373 1.18928
1.53233 0.935236 1.18689
1.533 0.934446 1.18534
1.53278 0.933929 1.18645
1.53217 0.93466 1.18788
1.533 0.934446 1.18534
1.53356 0.933638 1.18375
1.5333 0.933182 1.18498
1.53278 0.933929 1.18645
1.53356 0.933638 1.18375
1.53395 0.932812 1.18213
1.53366 0.932416 1.18348
1.5333 0.933182 1.18498
1.53395 0.932812 1.18213
1.53403 0.931968 1.18048
1.53373 0.931635 1.18194
1.53366 0.932416 1.18348
1.53403 0.931968 1.18048
1.53333 0.931851 1.18025
1.53308 0.931527 1.18173
1.53373 0.931635 1.18194
1.53333 0.931851 1.18025
1.53299 0.932683 1.18188
1.53277 0.932298 1.18324
1.53308 0.931527 1.18173
1.53299 0.932683 1.18188
1.53267 0.933517 1.18352
1.53247 0.933069 1.18476
1.53277 0.932298 1.18324
1.53267 0.933517 1.18352
1.53232 0.934349 1.18515
1.53216 0.933839 1.18627
1.53247 0.933069 1.18476
1.53232 0.934349 1.18515
1.53195 0.935178 1.18678
1.53181 0.934607 1.18778
1.53216 0.933839 1.18627
1.53145 0.935373 1.18928
1.53217 0.93466 1.18788
1.53194 0.934194 1.18909
1.5313 0.934829 1.19033
1.53217 0.93466 1.18788
1.53278 0.933929 1.18645
1.53249 0.933543 1.18781
1.53194 0.934194 1.18909
1.53278 0.933929 1.18645
1.5333 0.933182 1.18498
1.53294 0.932877 1.1865
1.53249 0.933543 1.18781
1.5333 0.933182 1.18498
1.53366 0.932416 1.18348
1.53326 0.932196 1.18517
1.53294 0.932877 1.1865
1.53366 0.932416 1.18348
1.53373 0.931635 1.18194
1.53333 0.9315 1.1838
1.53326 0.932196 1.18517
1.53373 0.931635 1.18194
1.53308 0.931527 1.18173
1.53275 0.931404 1.18361
1.53333 0.9315 1.1838
1.53308 0.931527 1.18173
1.53277 0.932298 1.18324
1.53247 0.93209 1.18496
1.53275 0.931404 1.18361
1.53277 0.932298 1.18324
1.53247 0.933069 1.18476
1.53221 0.932778 1.18631
1.53247 0.93209 1.18496
1.53247 0.933069 1.18476
1.53216 0.933839 1.18627
1.53193 0.933463 1.18765
1.53221 0.932778 1.18631
1.53216 0.933839 1.18627
1.53181 0.934607 1.18778
1.53162 0.934147 1.18899
1.53193 0.933463 1.18765
1.5313 0.934829 1.19033
1.53194 0.934194 1.18909
1.5316 0.933927 1.19068
1.53108 0.934447 1.1917
1.53194 0.934194 1.18909
1.53249 0.933543 1.18781
1.53205 0.933394 1.18963
1.5316 0.933927 1.19068
1.53249 0.933543 1.18781
1.53294 0.932877 1.1865
1.53242 0.932849 1.18856
1.53205 0.933394 1.18963
1.53294 0.932877 1.1865
1.53326 0.932196 1.18517
1.53268 0.932291 1.18747
1.53242 0.932849 1.18856
1.53326 0.932196 1.18517
1.53333 0.9315 1.1838
1.53273 0.931722 1.18635
1.53268 0.932291 1.18747
1.53333 0.9315 1.1838
1.53275 0.931404 1.18361
1.53226 0.931644 1.1862
1.53273 0.931722 1.18635
1.53275 0.931404 1.18361
1.53247 0.93209 1.18496
1.53203 0.932205 1.1873
1.53226 0.931644 1.1862
1.53247 0.93209 1.18496
1.53221 0.932778 1.18631
1.53182 0.932768 1.1884
1.53203 0.932205 1.1873
1.53221 0.932778 1.18631
1.53193 0.933463 1.18765
1.53159 0.933329 1.1895
1.53182 0.932768 1.1884
1.53193 0.933463 1.18765
1.53162 0.934147 1.18899
1.53134 0.933888 1.1906
1.53159 0.933329 1.1895
1.53108 0.934447 1.1917
1.5316 0.933927 1.19068
1.53093 0.93424 1.19341
1.53064 0.934533 1.19399
1.5316 0.933927 1.19068
1.53205 0.933394 1.18963
1.53118 0.93394 1.19282
1.53093 0.93424 1.19341
1.53205 0.933394 1.18963
1.53242 0.932849 1.18856
1.53139 0.933632 1.19222
1.53118 0.93394 1.19282
1.53242 0.932849 1.18856
1.53268 0.932291 1.18747
1.53154 0.933318 1.1916
1.53139 0.933632 1.19222
1.53268 0.932291 1.18747
1.53273 0.931722 1.18635
1.53156 0.932997 1.19097
1.53154 0.933318 1.1916
1.53273 0.931722 1.18635
1.53226 0.931644 1.1862
1.5313 0.932953 1.19089
1.53156 0.932997 1.19097
1.53226 0.931644 1.1862
1.53203 0.932205 1.1873
1.53117 0.93327 1.19151
1.5313 0.932953 1.19089
1.53203 0.932205 1.1873
1.53182 0.932768 1.1884
1.53105 0.933587 1.19213
1.53117 0.93327 1.19151
1.53182 0.932768 1.1884
1.53159 0.933329 1.1895
1.53092 0.933903 1.19275
1.53105 0.933587 1.19213
1.53159 0.933329 1.1895
1.53134 0.933888 1.1906
1.53078 0.934218 1.19337
1.53092 0.933903 1.19275
1.53064 0.934533 1.19399
1.53093 0.93424 1.19341
1.53018 0.93479 1.1964
1.53014 0.934828 1.19647
1.53093 0.93424 1.19341
1.53118 0.93394 1.19282
1.53021 0.93475 1.19632
1.53018 0.93479 1.1964
1.53118 0.93394 1.19282
1.53139 0.933632 1.19222
1.53024 0.93471 1.19624
1.53021 0.93475 1.19632
1.53139 0.933632 1.19222
1.53154 0.933318 1.1916
1.53026 0.934668 1.19616
1.53024 0.93471 1.19624
1.53154 0.933318 1.1916
1.53156 0.932997 1.19097
1.53026 0.934626 1.19608
1.53026 0.934668 1.19616
1.53156 0.932997 1.19097
1.5313 0.932953 1.19089
1.53023 0.93462 1.19607
1.53026 0.934626 1.19608
1.5313 0.932953 1.19089
1.53117 0.93327 1.19151
1.53021 0.934662 1.19615
1.53023 0.93462 1.19607
1.53117 0.93327 1.19151
1.53105 0.933587 1.19213
1.53019 0.934704 1.19623
1.53021 0.934662 1.19615
1.53105 0.933587 1.19213
1.53092 0.933903 1.19275
1.53018 0.934745 1.19631
1.53019 0.934704 1.19623
1.53092 0.933903 1.19275
1.53078 0.934218 1.19337
1.53016 0.934787 1.19639
1.53018 0.934745 1.19631
1.53986 1.07064 1.11055
1.53634 1.07199 1.11319
1.53631 1.06909 1.11444
1.53988 1.06765 1.11163
1.53988 1.06765 1.11163
1.53631 1.06909 1.11444
1.5362 1.06452 1.11644
1.53982 1.06293 1.11334
1.53982 1.06293 1.11334
1.5362 1.06452 1.11644
1.53601 1.05986 1.1185
1.53961 1.05813 1.1151
1.53961 1.05813 1.1151
1.53601 1.05986 1.1185
1.53577 1.05523 1.12062
1.53932 1.05335 1.11692
1.53932 1.05335 1.11692
1.53577 1.05523 1.12062
1.53553 1.05063 1.12279
1.539 1.04862 1.11884
1.539 1.04862 1.11884
1.53553 1.05063 1.12279
1.53529 1.04605 1.125
1.53867 1.04393 1.12084
1.53867 1.04393 1.12084
1.53529 1.04605 1.125
1.53506 1.0415 1.12726
1.53832 1.03929 1.12293
1.53832 1.03929 1.12293
1.53506 1.0415 1.12726
1.53484 1.03696 1.12955
1.53796 1.03469 1.12509
1.53796 1.03469 1.12509
1.53484 1.03696 1.12955
1.53463 1.03244 1.13188
1.5376 1.03012 1.12732
1.5376 1.03012 1.12732
1.53463 1.03244 1.13188
1.53443 1.02794 1.13424
1.53724 1.02558 1.12962
1.53724 1.02558 1.12962
1.53443 1.02794 1.13424
1.53423 1.02345 1.13663
1.53688 1.02108 1.13198
1.53688 1.02108 1.13198
1.53423 1.02345 1.13663
1.53405 1.01897 1.13905
1.53653 1.0166 1.1344
1.53653 1.0166 1.1344
1.53405 1.01897 1.13905
1.53387 1.01451 1.14149
1.53619 1.01216 1.13687
1.53619 1.01216 1.13687
1.53387 1.01451 1.14149
1.5337 1.01006 1.14396
1.53585 1.00774 1.1394
1.53585 1.00774 1.1394
1.5337 1.01006 1.14396
1.53354 1.00562 1.14644
1.53553 1.00334 1.14197
1.53553 1.00334 1.14197
1.53354 1.00562 1.14644
1.53338 1.00119 1.14894
1.53522 0.998968 1.14459
1.53522 0.998968 1.14459
1.53338 1.00119 1.14894
1.53323 0.996768 1.15147
1.53492 0.994613 1.14724
1.53492 0.994613 1.14724
1.53323 0.996768 1.15147
1.53309 0.992357 1.15401
1.53463 0.990277 1.14992
1.53463 0.990277 1.14992
1.53309 0.992357 1.15401
1.53295 0.987953 1.15656
1.53435 0.985955 1.15264
1.53435 0.985955 1.15264
1.53295 0.987953 1.15656
1.53282 0.983555 1.15913
1.53409 0.981645 1.15538
1.53409 0.981645 1.15538
1.53282 0.983555 1.15913
1.53269 0.979167 1.16172
1.53386 0.977352 1.15816
1.53386 0.977352 1.15816
1.53269 0.979167 1.16172
1.53257 0.974782 1.16431
1.53363 0.973066 1.16094
1.53363 0.973066 1.16094
1.53257 0.974782 1.16431
1.53245 0.970405 1.16692
1.53342 0.968789 1.16375
1.53342 0.968789 1.16375
1.53245 0.970405 1.16692
1.53233 0.966031 1.16954
1.53322 0.964517 1.16657
1.53322 0.964517 1.16657
1.53233 0.966031 1.16954
1.53223 0.961666 1.17217
1.53303 0.960252 1.16939
1.53303 0.960252 1.16939
1.53223 0.961666 1.17217
1.53212 0.957302 1.1748
1.53285 0.955987 1.17222
1.53285 0.955987 1.17222
1.53212 0.957302 1.1748
1.53202 0.952942 1.17745
1.53267 0.951723 1.17505
1.53267 0.951723 1.17505
1.53202 0.952942 1.17745
1.53193 0.948585 1.1801
1.53251 0.947459 1.17789
1.53251 0.947459 1.17789
1.53193 0.948585 1.1801
1.53184 0.944234 1.18275
1.53236 0.943195 1.18071
1.53236 0.943195 1.18071
1.53184 0.944234 1.18275
1.53175 0.940069 1.1853
1.53222 0.939108 1.18342
1.53222 0.939108 1.18342
1.53175 0.940069 1.1853
1.53173 0.939061 1.18592
1.53219 0.938117 1.18407
1.53219 0.938117 1.18407
1.53173 0.939061 1.18592
1.53172 0.938239 1.18643
1.53216 0.937311 1.18461
1.53216 0.937311 1.18461
1.53172 0.938239 1.18643
1.53168 0.937449 1.18699
1.53212 0.936543 1.18521
1.53212 0.936543 1.18521
1.53168 0.937449 1.18699
1.53163 0.936702 1.18765
1.53205 0.935829 1.18593
1.53205 0.935829 1.18593
1.53163 0.936702 1.18765
1.53156 0.936005 1.1884
1.53195 0.935178 1.18678
1.53195 0.935178 1.18678
1.53156 0.936005 1.1884
1.53145 0.935373 1.18928
1.53181 0.934607 1.18778
1.53181 0.934607 1.18778
1.53145 0.935373 1.18928
1.5313 0.934829 1.19033
1.53162 0.934147 1.18899
1.53162 0.934147 1.18899
1.5313 0.934829 1.19033
1.53108 0.934447 1.1917
1.53134 0.933888 1.1906
1.53134 0.933888 1.1906
1.53108 0.934447 1.1917
1.53064 0.934533 1.19399
1.53078 0.934218 1.19337
1.53078 0.934218 1.19337
1.53064 0.934533 1.19399
1.53014 0.934828 1.19647
1.53016 0.934787 1.19639
1.5319 1.1008 1.1026
1.5319 1.1008 1.1026
1.5319 1.1008 1.1026
1.5319 1.1008 1.1026
1.5319 1.1008 1.1026
1.5319 1.1008 1.1026
1.5319 1.1008 1.1026
1.5319 1.1008 1.1026
1.5319 1.1008 1.1026
1.5319 1.1008 1.1026
1.5319 1.1008 1.1026
1.5319 1.1008 1.1026
1.5319 1.1008 1.1026
1.5319 1.1008 1.1026
1.5319 1.1008 1.1026
1.5319 1.1008 1.1026
1.5319 1.1008 1.1026
1.5319 1.1008 1.1026
1.5319 1.1008 1.1026
1.5319 1.1008 1.1026
1.5319 1.1008 1.1026
1.5319 1.1008 1.1026
1.5319 1.1008 1.1026
1.5319 1.1008 1.1026
1.5319 1.1008 1.1026
1.5319 1.1008 1.1026
1.5319 1.1008 1.1026
1.5319 1.1008 1.1026
1.5319 1.1008 1.1026
1.5319 1.1008 1.1026
1.5319 1.1008 1.1026
1.5319 1.1008 1.1026
1.5319 1.1008 1.1026
1.5319 1.1008 1.1026
1.5319 1.1008 1.1026
1.5319 1.1008 1.1026
1.5319 1.1008 1.1026
1.5319 1.1008 1.1026
1.5319 1.1008 1.1026
1.5319 1.1008 1.1026
1.5319 1.1008 1.1026
1.5319 1.1008 1.1026
1.5319 1.1008 1.1026
1.5319 1.1008 1.1026
1.5319 1.1008 1.1026
1.5319 1.1008 1.1026
1.5319 1.1008 1.1026
1.5319 1.1008 1.1026
1.5319 1.1008 1.1026
1.5319 1.1008 1.1026
1.5319 1.1008 1.1026
1.5319 1.1008 1.1026
1.5319 1.1008 1.1026
1.5319 1.1008 1.1026
1.5319 1.1008 1.1026
1.5319 1.1008 1.1026
1.5319 1.1008 1.1026
1.5319 1.1008 1.1026
1.5319 1.1008 1.1026
1.5319 1.1008 1.1026
1.5319 1.1008 1.1026
1.5319 1.1008 1.1026
1.5319 1.1008 1.1026
1.5319 1.1008 1.1026
1.5319 1.1008 1.1026
1.5319 1.1008 1.1026
1.5319 1.1008 1.1026
1.5319 1.1008 1.1026
1.5319 1.1008 1.1026
1.5319 1.1008 1.1026
1.5319 1.1008 1.1026
1.5319 1.1008 1.1026
1.5319 1.1008 1.1026
1.5319 1.1008 1.1026
1.5319 1.1008 1.1026
1.5319 1.1008 1.1026
1.5319 1.1008 1.1026
1.5319 1.1008 1.1026
1.5319 1.1008 1.1026
1.5319 1.1008 1.1026
1.5319 1.1008 1.1026
1.5319 1.1008 1.1026
1.5319 1.1008 1.1026
1.5319 1.1008 1.1026
1.5319 1.1008 1.1026
1.5319 1.1008 1.1026
1.5319 1.1008 1.1026
1.5319 1.1008 1.1026
1.53634 1.12961 1.09201
1.54073 1.13019 1.09314
1.54081 1.1332 1.0921
1.53631 1.13251 1.09076
1.54073 1.13019 1.09314
1.54489 1.13108 1.09489
1.54505 1.1342 1.09406
1.54081 1.1332 1.0921
1.54489 1.13108 1.09489
1.54889 1.13212 1.09693
1.54909 1.13535 1.09632
1.54505 1.1342 1.09406
1.54889 1.13212 1.09693
1.55255 1.13338 1.0994
1.55278 1.13672 1.09901
1.54909 1.13535 1.09632
1.55255 1.13338 1.0994
1.55504 1.1351 1.10277
1.55533 1.13852 1.10254
1.55278 1.13672 1.09901
1.55504 1.1351 1.10277
1.553 1.13667 1.10586
1.55319 1.14007 1.10559
1.55533 1.13852 1.10254
1.553 1.13667 1.10586
1.5492 1.13557 1.1037
1.54938 1.13881 1.10312
1.55319 1.14007 1.10559
1.5492 1.13557 1.1037
1.54611 1.13402 1.10066
1.54624 1.13718 1.09992
1.54938 1.13881 1.10312
1.54611 1.13402 1.10066
1.54305 1.13246 1.0976
1.54313 1.13554 1.09669
1.54624 1.13718 1.09992
1.54305 1.13246 1.0976
1.53986 1.13096 1.09465
1.53988 1.13395 1.09357
1.54313 1.13554 1.09669
1.53631 1.13251 1.09076
1.54081 1.1332 1.0921
1.54083 1.13795 1.09046
1.5362 1.13708 1.08876
1.54081 1.1332 1.0921
1.54505 1.1342 1.09406
1.54513 1.13913 1.09277
1.54083 1.13795 1.09046
1.54505 1.1342 1.09406
1.54909 1.13535 1.09632
1.54921 1.14046 1.09539
1.54513 1.13913 1.09277
1.54909 1.13535 1.09632
1.55278 1.13672 1.09901
1.55289 1.14201 1.09843
1.54921 1.14046 1.09539
1.55278 1.13672 1.09901
1.55533 1.13852 1.10254
1.55546 1.14395 1.10223
1.55289 1.14201 1.09843
1.55533 1.13852 1.10254
1.55319 1.14007 1.10559
1.55318 1.14543 1.10514
1.55546 1.14395 1.10223
1.55319 1.14007 1.10559
1.54938 1.13881 1.10312
1.54942 1.14394 1.10222
1.55318 1.14543 1.10514
1.54938 1.13881 1.10312
1.54624 1.13718 1.09992
1.54626 1.14217 1.09874
1.54942 1.14394 1.10222
1.54624 1.13718 1.09992
1.54313 1.13554 1.09669
1.54311 1.14039 1.09525
1.54626 1.14217 1.09874
1.54313 1.13554 1.09669
1.53988 1.13395 1.09357
1.53982 1.13867 1.09186
1.54311 1.14039 1.09525
1.5362 1.13708 1.08876
1.54083 1.13795 1.09046
1.54069 1.1428 1.08879
1.53601 1.14174 1.0867
1.54083 1.13795 1.09046
1.54513 1.13913 1.09277
1.545 1.14417 1.09147
1.54069 1.1428 1.08879
1.54513 1.13913 1.09277
1.54921 1.14046 1.09539
1.54905 1.14569 1.09446
1.545 1.14417 1.09147
1.54921 1.14046 1.09539
1.55289 1.14201 1.09843
1.55268 1.14742 1.09785
1.54905 1.14569 1.09446
1.55289 1.14201 1.09843
1.55546 1.14395 1.10223
1.55519 1.1495 1.10193
1.55268 1.14742 1.09785
1.55546 1.14395 1.10223
1.55318 1.14543 1.10514
1.55278 1.15089 1.10465
1.55519 1.1495 1.10193
1.55318 1.14543 1.10514
1.54942 1.14394 1.10222
1.54913 1.14919 1.10131
1.55278 1.15089 1.10465
1.54942 1.14394 1.10222
1.54626 1.14217 1.09874
1.54601 1.14727 1.09755
1.54913 1.14919 1.10131
1.54626 1.14217 1.09874
1.54311 1.14039 1.09525
1.54289 1.14534 1.09377
1.54601 1.14727 1.09755
1.54311 1.14039 1.09525
1.53982 1.13867 1.09186
1.53961 1.14347 1.0901
1.54289 1.14534 1.09377
1.53601 1.14174 1.0867
1.54069 1.1428 1.08879
1.54046 1.14763 1.08706
1.53577 1.14637 1.08458
1.54069 1.1428 1.08879
1.545 1.14417 1.09147
1.54473 1.14918 1.0901
1.54046 1.14763 1.08706
1.545 1.14417 1.09147
1.54905 1.14569 1.09446
1.54871 1.15088 1.09344
1.54473 1.14918 1.0901
1.54905 1.14569 1.09446
1.55268 1.14742 1.09785
1.55223 1.15278 1.09716
1.54871 1.15088 1.09344
1.55268 1.14742 1.09785
1.55519 1.1495 1.10193
1.55465 1.15499 1.1015
1.55223 1.15278 1.09716
1.55519 1.1495 1.10193
1.55278 1.15089 1.10465
1.55215 1.15627 1.10402
1.55465 1.15499 1.1015
1.55278 1.15089 1.10465
1.54913 1.14919 1.10131
1.54865 1.15438 1.10031
1.55215 1.15627 1.10402
1.54913 1.14919 1.10131
1.54601 1.14727 1.09755
1.5456 1.15232 1.09626
1.54865 1.15438 1.10031
1.54601 1.14727 1.09755
1.54289 1.14534 1.09377
1.54254 1.15026 1.09222
1.5456 1.15232 1.09626
1.54289 1.14534 1.09377
1.53961 1.14347 1.0901
1.53932 1.14825 1.08828
1.54254 1.15026 1.09222
1.53577 1.14637 1.08458
1.54046 1.14763 1.08706
1.54018 1.1524 1.08523
1.53553 1.15097 1.08241
1.54046 1.14763 1.08706
1.54473 1.14918 1.0901
1.54437 1.15411 1.08858
1.54018 1.1524 1.08523
1.54473 1.14918 1.0901
1.54871 1.15088 1.09344
1.54825 1.15597 1.09223
1.54437 1.15411 1.08858
1.54871 1.15088 1.09344
1.55223 1.15278 1.09716
1.55165 1.15801 1.09623
1.54825 1.15597 1.09223
1.55223 1.15278 1.09716
1.55465 1.15499 1.1015
1.55396 1.16033 1.10079
1.55165 1.15801 1.09623
1.55465 1.15499 1.1015
1.55215 1.15627 1.10402
1.55142 1.16151 1.10311
1.55396 1.16033 1.10079
1.55215 1.15627 1.10402
1.54865 1.15438 1.10031
1.54807 1.15946 1.09908
1.55142 1.16151 1.10311
1.54865 1.15438 1.10031
1.5456 1.15232 1.09626
1.54512 1.15728 1.0948
1.54807 1.15946 1.09908
1.5456 1.15232 1.09626
1.54254 1.15026 1.09222
1.54214 1.15511 1.09054
1.54512 1.15728 1.0948
1.54254 1.15026 1.09222
1.53932 1.14825 1.08828
1.539 1.15298 1.08636
1.54214 1.15511 1.09054
1.53553 1.15097 1.08241
1.54018 1.1524 1.08523
1.53986 1.15713 1.08331
1.53529 1.15555 1.0802
1.54018 1.1524 1.08523
1.54437 1.15411 1.08858
1.54396 1.15898 1.08693
1.53986 1.15713 1.08331
1.54437 1.15411 1.08858
1.54825 1.15597 1.09223
1.54771 1.16096 1.09082
1.54396 1.15898 1.08693
1.54825 1.15597 1.09223
1.55165 1.15801 1.09623
1.55097 1.16312 1.09505
1.54771 1.16096 1.09082
1.55165 1.15801 1.09623
1.55396 1.16033 1.10079
1.55316 1.16553 1.09978
1.55097 1.16312 1.09505
1.55396 1.16033 1.10079
1.55142 1.16151 1.10311
1.55061 1.16661 1.10192
1.55316 1.16553 1.09978
1.55142 1.16151 1.10311
1.54807 1.15946 1.09908
1.54742 1.16444 1.09765
1.55061 1.16661 1.10192
1.54807 1.15946 1.09908
1.54512 1.15728 1.0948
1.54458 1.16216 1.09318
1.54742 1.16444 1.09765
1.54512 1.15728 1.0948
1.54214 1.15511 1.09054
1.54171 1.15989 1.08872
1.54458 1.16216 1.09318
1.54214 1.15511 1.09054
1.539 1.15298 1.08636
1.53867 1.15767 1.08436
1.54171 1.15989 1.08872
1.53529 1.15555 1.0802
1.53986 1.15713 1.08331
1.53952 1.16181 1.0813
1.53506 1.1601 1.07794
1.53986 1.15713 1.08331
1.54396 1.15898 1.08693
1.5435 1.16377 1.08513
1.53952 1.16181 1.0813
1.54396 1.15898 1.08693
1.54771 1.16096 1.09082
1.54712 1.16585 1.08923
1.5435 1.16377 1.08513
1.54771 1.16096 1.09082
1.55097 1.16312 1.09505
1.55024 1.1681 1.09364
1.54712 1.16585 1.08923
1.55097 1.16312 1.09505
1.55316 1.16553 1.09978
1.55228 1.17058 1.09851
1.55024 1.1681 1.09364
1.55316 1.16553 1.09978
1.55061 1.16661 1.10192
1.54975 1.17158 1.10047
1.55228 1.17058 1.09851
1.55061 1.16661 1.10192
1.54742 1.16444 1.09765
1.54672 1.16931 1.09601
1.54975 1.17158 1.10047
1.54742 1.16444 1.09765
1.54458 1.16216 1.09318
1.54401 1.16695 1.09139
1.54672 1.16931 1.09601
1.54458 1.16216 1.09318
1.54171 1.15989 1.08872
1.54124 1.16461 1.08679
1.54401 1.16695 1.09139
1.54171 1.15989 1.08872
1.53867 1.15767 1.08436
1.53832 1.16231 1.08227
1.54124 1.16461 1.08679
1.53506 1.1601 1.07794
1.53952 1.16181 1.0813
1.53918 1.16645 1.07921
1.53484 1.16464 1.07565
1.53952 1.16181 1.0813
1.5435 1.16377 1.08513
1.54301 1.16849 1.0832
1.53918 1.16645 1.07921
1.5435 1.16377 1.08513
1.54712 1.16585 1.08923
1.54649 1.17066 1.08746
1.54301 1.16849 1.0832
1.54712 1.16585 1.08923
1.55024 1.1681 1.09364
1.54946 1.17298 1.09201
1.54649 1.17066 1.08746
1.55024 1.1681 1.09364
1.55228 1.17058 1.09851
1.55136 1.1755 1.09697
1.54946 1.17298 1.09201
1.55228 1.17058 1.09851
1.54975 1.17158 1.10047
1.54885 1.17643 1.09878
1.55136 1.1755 1.09697
1.54975 1.17158 1.10047
1.54672 1.16931 1.09601
1.54599 1.17409 1.09418
1.54885 1.17643 1.09878
1.54672 1.16931 1.09601
1.54401 1.16695 1.09139
1.5434 1.17167 1.08945
1.54599 1.17409 1.09418
1.54401 1.16695 1.09139
1.54124 1.16461 1.08679
1.54076 1.16928 1.08474
1.5434 1.17167 1.08945
1.54124 1.16461 1.08679
1.53832 1.16231 1.08227
1.53796 1.16691 1.08011
1.54076 1.16928 1.08474
1.53484 1.16464 1.07565
1.53918 1.16645 1.07921
1.53882 1.17105 1.07704
1.53463 1.16916 1.07332
1.53918 1.16645 1.07921
1.54301 1.16849 1.0832
1.54251 1.17316 1.08116
1.53882 1.17105 1.07704
1.54301 1.16849 1.0832
1.54649 1.17066 1.08746
1.54584 1.17538 1.08552
1.54251 1.17316 1.08116
1.54649 1.17066 1.08746
1.54946 1.17298 1.09201
1.54865 1.17774 1.09016
1.54584 1.17538 1.08552
1.54946 1.17298 1.09201
1.55136 1.1755 1.09697
1.55041 1.1803 1.09519
1.54865 1.17774 1.09016
1.55136 1.1755 1.09697
1.54885 1.17643 1.09878
1.54793 1.18116 1.09687
1.55041 1.1803 1.09519
1.54885 1.17643 1.09878
1.54599 1.17409 1.09418
1.54523 1.17877 1.09217
1.54793 1.18116 1.09687
1.54599 1.17409 1.09418
1.5434 1.17167 1.08945
1.54278 1.17632 1.08737
1.54523 1.17877 1.09217
1.5434 1.17167 1.08945
1.54076 1.16928 1.08474
1.54027 1.17388 1.08259
1.54278 1.17632 1.08737
1.54076 1.16928 1.08474
1.53796 1.16691 1.08011
1.5376 1.17148 1.07788
1.54027 1.17388 1.08259
1.53463 1.16916 1.07332
1.53882 1.17105 1.07704
1.53846 1.17562 1.07479
1.53443 1.17366 1.07096
1.53882 1.17105 1.07704
1.54251 1.17316 1.08116
1.542 1.17776 1.079
1.53846 1.17562 1.07479
1.54251 1.17316 1.08116
1.54584 1.17538 1.08552
1.54517 1.18002 1.08344
1.542 1.17776 1.079
1.54584 1.17538 1.08552
1.54865 1.17774 1.09016
1.54783 1.18242 1.08813
1.54517 1.18002 1.08344
1.54865 1.17774 1.09016
1.55041 1.1803 1.09519
1.54945 1.18499 1.09318
1.54783 1.18242 1.08813
1.55041 1.1803 1.09519
1.54793 1.18116 1.09687
1.54701 1.18578 1.09474
1.54945 1.18499 1.09318
1.54793 1.18116 1.09687
1.54523 1.17877 1.09217
1.54447 1.18336 1.08999
1.54701 1.18578 1.09474
1.54523 1.17877 1.09217
1.54278 1.17632 1.08737
1.54215 1.1809 1.08515
1.54447 1.18336 1.08999
1.54278 1.17632 1.08737
1.54027 1.17388 1.08259
1.53977 1.17844 1.08034
1.54215 1.1809 1.08515
1.54027 1.17388 1.08259
1.5376 1.17148 1.07788
1.53724 1.17602 1.07558
1.53977 1.17844 1.08034
1.53443 1.17366 1.07096
1.53846 1.17562 1.07479
1.5381 1.18015 1.07248
1.53423 1.17815 1.06857
1.53846 1.17562 1.07479
1.542 1.17776 1.079
1.54148 1.18232 1.07674
1.5381 1.18015 1.07248
1.542 1.17776 1.079
1.54517 1.18002 1.08344
1.5445 1.18459 1.08121
1.54148 1.18232 1.07674
1.54517 1.18002 1.08344
1.54783 1.18242 1.08813
1.54701 1.187 1.08593
1.5445 1.18459 1.08121
1.54783 1.18242 1.08813
1.54945 1.18499 1.09318
1.54849 1.18956 1.09096
1.54701 1.187 1.08593
1.54945 1.18499 1.09318
1.54701 1.18578 1.09474
1.54608 1.1903 1.09242
1.54849 1.18956 1.09096
1.54701 1.18578 1.09474
1.54447 1.18336 1.08999
1.5437 1.18788 1.08765
1.54608 1.1903 1.09242
1.54447 1.18336 1.08999
1.54215 1.1809 1.08515
1.54152 1.18541 1.08281
1.5437 1.18788 1.08765
1.54215 1.1809 1.08515
1.53977 1.17844 1.08034
1.53927 1.18295 1.07799
1.54152 1.18541 1.08281
1.53977 1.17844 1.08034
1.53724 1.17602 1.07558
1.53688 1.18052 1.07322
1.53927 1.18295 1.07799
1.53423 1.17815 1.06857
1.5381 1.18015 1.07248
1.53773 1.18465 1.07011
1.53405 1.18263 1.06615
1.5381 1.18015 1.07248
1.54148 1.18232 1.07674
1.54096 1.18682 1.07438
1.53773 1.18465 1.07011
1.54148 1.18232 1.07674
1.5445 1.18459 1.08121
1.54383 1.1891 1.07886
1.54096 1.18682 1.07438
1.5445 1.18459 1.08121
1.54701 1.187 1.08593
1.54618 1.1915 1.08356
1.54383 1.1891 1.07886
1.54701 1.187 1.08593
1.54849 1.18956 1.09096
1.54753 1.19404 1.08856
1.54618 1.1915 1.08356
1.54849 1.18956 1.09096
1.54608 1.1903 1.09242
1.54517 1.19473 1.08991
1.54753 1.19404 1.08856
1.54608 1.1903 1.09242
1.5437 1.18788 1.08765
1.54294 1.19231 1.08516
1.54517 1.19473 1.08991
1.5437 1.18788 1.08765
1.54152 1.18541 1.08281
1.54089 1.18986 1.08034
1.54294 1.19231 1.08516
1.54152 1.18541 1.08281
1.53927 1.18295 1.07799
1.53878 1.18741 1.07555
1.54089 1.18986 1.08034
1.53927 1.18295 1.07799
1.53688 1.18052 1.07322
1.53653 1.185 1.0708
1.53878 1.18741 1.07555
1.53405 1.18263 1.06615
1.53773 1.18465 1.07011
1.53737 1.18912 1.06769
1.53387 1.18709 1.06371
1.53773 1.18465 1.07011
1.54096 1.18682 1.07438
1.54044 1.19129 1.07194
1.53737 1.18912 1.06769
1.54096 1.18682 1.07438
1.54383 1.1891 1.07886
1.54314 1.19355 1.07639
1.54044 1.19129 1.07194
1.54383 1.1891 1.07886
1.54618 1.1915 1.08356
1.54535 1.19592 1.08104
1.54314 1.19355 1.07639
1.54618 1.1915 1.08356
1.54753 1.19404 1.08856
1.54657 1.19843 1.08597
1.54535 1.19592 1.08104
1.54753 1.19404 1.08856
1.54517 1.19473 1.08991
1.54428 1.19907 1.08723
1.54657 1.19843 1.08597
1.54517 1.19473 1.08991
1.54294 1.19231 1.08516
1.5422 1.19668 1.08252
1.54428 1.19907 1.08723
1.54294 1.19231 1.08516
1.54089 1.18986 1.08034
1.54028 1.19425 1.07776
1.5422 1.19668 1.08252
1.54089 1.18986 1.08034
1.53878 1.18741 1.07555
1.5383 1.19184 1.07302
1.54028 1.19425 1.07776
1.53878 1.18741 1.07555
1.53653 1.185 1.0708
1.53619 1.18944 1.06833
1.5383 1.19184 1.07302
1.53387 1.18709 1.06371
1.53737 1.18912 1.06769
1.53701 1.19356 1.06521
1.5337 1.19154 1.06124
1.53737 1.18912 1.06769
1.54044 1.19129 1.07194
1.53991 1.1957 1.06942
1.53701 1.19356 1.06521
1.54044 1.19129 1.07194
1.54314 1.19355 1.07639
1.54246 1.19794 1.07381
1.53991 1.1957 1.06942
1.54314 1.19355 1.07639
1.54535 1.19592 1.08104
1.54453 1.20028 1.07839
1.54246 1.19794 1.07381
1.54535 1.19592 1.08104
1.54657 1.19843 1.08597
1.54563 1.20274 1.08323
1.54453 1.20028 1.07839
1.54657 1.19843 1.08597
1.54428 1.19907 1.08723
1.54341 1.20333 1.08439
1.54563 1.20274 1.08323
1.54428 1.19907 1.08723
1.5422 1.19668 1.08252
1.54148 1.20097 1.07976
1.54341 1.20333 1.08439
1.5422 1.19668 1.08252
1.54028 1.19425 1.07776
1.53968 1.19859 1.07508
1.54148 1.20097 1.07976
1.54028 1.19425 1.07776
1.5383 1.19184 1.07302
1.53782 1.19621 1.07042
1.53968 1.19859 1.07508
1.5383 1.19184 1.07302
1.53619 1.18944 1.06833
1.53585 1.19386 1.0658
1.53782 1.19621 1.07042
1.5337 1.19154 1.06124
1.53701 1.19356 1.06521
1.53666 1.19798 1.06268
1.53354 1.19598 1.05876
1.53701 1.19356 1.06521
1.53991 1.1957 1.06942
1.53939 1.20009 1.06682
1.53666 1.19798 1.06268
1.53991 1.1957 1.06942
1.54246 1.19794 1.07381
1.54179 1.20228 1.07113
1.53939 1.20009 1.06682
1.54246 1.19794 1.07381
1.54453 1.20028 1.07839
1.54372 1.20457 1.07562
1.54179 1.20228 1.07113
1.54453 1.20028 1.07839
1.54563 1.20274 1.08323
1.54471 1.20697 1.08034
1.54372 1.20457 1.07562
1.54563 1.20274 1.08323
1.54341 1.20333 1.08439
1.54257 1.20752 1.08141
1.54471 1.20697 1.08034
1.54341 1.20333 1.08439
1.54148 1.20097 1.07976
1.54078 1.20521 1.07688
1.54257 1.20752 1.08141
1.54148 1.20097 1.07976
1.53968 1.19859 1.07508
1.5391 1.20288 1.0723
1.54078 1.20521 1.07688
1.53968 1.19859 1.07508
1.53782 1.19621 1.07042
1.53737 1.20056 1.06775
1.5391 1.20288 1.0723
1.53782 1.19621 1.07042
1.53585 1.19386 1.0658
1.53553 1.19826 1.06323
1.53737 1.20056 1.06775
1.53354 1.19598 1.05876
1.53666 1.19798 1.06268
1.53631 1.20237 1.06011
1.53338 1.20041 1.05626
1.53666 1.19798 1.06268
1.53939 1.20009 1.06682
1.53888 1.20444 1.06416
1.53631 1.20237 1.06011
1.53939 1.20009 1.06682
1.54179 1.20228 1.07113
1.54113 1.20658 1.06837
1.53888 1.20444 1.06416
1.54179 1.20228 1.07113
1.54372 1.20457 1.07562
1.54292 1.20881 1.07274
1.54113 1.20658 1.06837
1.54372 1.20457 1.07562
1.54471 1.20697 1.08034
1.5438 1.21114 1.07732
1.54292 1.20881 1.07274
1.54471 1.20697 1.08034
1.54257 1.20752 1.08141
1.54176 1.21164 1.0783
1.5438 1.21114 1.07732
1.54257 1.20752 1.08141
1.54078 1.20521 1.07688
1.5401 1.2094 1.07389
1.54176 1.21164 1.0783
1.54078 1.20521 1.07688
1.5391 1.20288 1.0723
1.53855 1.20713 1.06944
1.5401 1.2094 1.07389
1.5391 1.20288 1.0723
1.53737 1.20056 1.06775
1.53693 1.20487 1.06501
1.53855 1.20713 1.06944
1.53737 1.20056 1.06775
1.53553 1.19826 1.06323
1.53522 1.20263 1.06061
1.53693 1.20487 1.06501
1.53338 1.20041 1.05626
1.53631 1.20237 1.06011
1.53597 1.20675 1.0575
1.53323 1.20483 1.05373
1.53631 1.20237 1.06011
1.53888 1.20444 1.06416
1.53838 1.20876 1.06144
1.53597 1.20675 1.0575
1.53888 1.20444 1.06416
1.54113 1.20658 1.06837
1.54048 1.21084 1.06552
1.53838 1.20876 1.06144
1.54113 1.20658 1.06837
1.54292 1.20881 1.07274
1.54213 1.213 1.06975
1.54048 1.21084 1.06552
1.54292 1.20881 1.07274
1.5438 1.21114 1.07732
1.54293 1.21525 1.07418
1.54213 1.213 1.06975
1.5438 1.21114 1.07732
1.54176 1.21164 1.0783
1.54098 1.21571 1.07508
1.54293 1.21525 1.07418
1.54176 1.21164 1.0783
1.5401 1.2094 1.07389
1.53944 1.21353 1.07081
1.54098 1.21571 1.07508
1.5401 1.2094 1.07389
1.53855 1.20713 1.06944
1.538 1.21134 1.06651
1.53944 1.21353 1.07081
1.53855 1.20713 1.06944
1.53693 1.20487 1.06501
1.53651 1.20916 1.06222
1.538 1.21134 1.06651
1.53693 1.20487 1.06501
1.53522 1.20263 1.06061
1.53492 1.20699 1.05796
1.53651 1.20916 1.06222
1.53323 1.20483 1.05373
1.53597 1.20675 1.0575
1.53564 1.21111 1.05485
1.53309 1.20924 1.05119
1.53597 1.20675 1.0575
1.53838 1.20876 1.06144
1.53789 1.21305 1.05867
1.53564 1.21111 1.05485
1.53838 1.20876 1.06144
1.54048 1.21084 1.06552
1.53984 1.21506 1.06261
1.53789 1.21305 1.05867
1.54048 1.21084 1.06552
1.54213 1.213 1.06975
1.54137 1.21714 1.06669
1.53984 1.21506 1.06261
1.54213 1.213 1.06975
1.54293 1.21525 1.07418
1.54208 1.21931 1.07094
1.54137 1.21714 1.06669
1.54293 1.21525 1.07418
1.54098 1.21571 1.07508
1.54023 1.21973 1.07177
1.54208 1.21931 1.07094
1.54098 1.21571 1.07508
1.53944 1.21353 1.07081
1.53881 1.21763 1.06765
1.54023 1.21973 1.07177
1.53944 1.21353 1.07081
1.538 1.21134 1.06651
1.53748 1.21552 1.06351
1.53881 1.21763 1.06765
1.538 1.21134 1.06651
1.53651 1.20916 1.06222
1.5361 1.21341 1.05938
1.53748 1.21552 1.06351
1.53651 1.20916 1.06222
1.53492 1.20699 1.05796
1.53463 1.21132 1.05528
1.5361 1.21341 1.05938
1.53309 1.20924 1.05119
1.53564 1.21111 1.05485
1.53531 1.21545 1.05217
1.53295 1.21365 1.04864
1.53564 1.21111 1.05485
1.53789 1.21305 1.05867
1.53741 1.21732 1.05584
1.53531 1.21545 1.05217
1.53789 1.21305 1.05867
1.53984 1.21506 1.06261
1.53922 1.21925 1.05963
1.53741 1.21732 1.05584
1.53984 1.21506 1.06261
1.54137 1.21714 1.06669
1.54064 1.22124 1.06354
1.53922 1.21925 1.05963
1.54137 1.21714 1.06669
1.54208 1.21931 1.07094
1.54126 1.22332 1.06761
1.54064 1.22124 1.06354
1.54208 1.21931 1.07094
1.54023 1.21973 1.07177
1.53951 1.2237 1.06837
1.54126 1.22332 1.06761
1.54023 1.21973 1.07177
1.53881 1.21763 1.06765
1.53821 1.22169 1.06442
1.53951 1.2237 1.06837
1.53881 1.21763 1.06765
1.53748 1.21552 1.06351
1.53699 1.21967 1.06045
1.53821 1.22169 1.06442
1.53748 1.21552 1.06351
1.5361 1.21341 1.05938
1.5357 1.21765 1.0565
1.53699 1.21967 1.06045
1.5361 1.21341 1.05938
1.53463 1.21132 1.05528
1.53435 1.21565 1.05256
1.5357 1.21765 1.0565
1.53295 1.21365 1.04864
1.53531 1.21545 1.05217
1.535 1.21978 1.04946
1.53282 1.21805 1.04607
1.53531 1.21545 1.05217
1.53741 1.21732 1.05584
1.53694 1.22157 1.05298
1.535 1.21978 1.04946
1.53741 1.21732 1.05584
1.53922 1.21925 1.05963
1.53862 1.22341 1.0566
1.53694 1.22157 1.05298
1.53922 1.21925 1.05963
1.54064 1.22124 1.06354
1.53993 1.22531 1.06033
1.53862 1.22341 1.0566
1.54064 1.22124 1.06354
1.54126 1.22332 1.06761
1.54048 1.22729 1.06421
1.53993 1.22531 1.06033
1.54126 1.22332 1.06761
1.53951 1.2237 1.06837
1.53882 1.22764 1.0649
1.54048 1.22729 1.06421
1.53951 1.2237 1.06837
1.53821 1.22169 1.06442
1.53764 1.22572 1.06113
1.53882 1.22764 1.0649
1.53821 1.22169 1.06442
1.53699 1.21967 1.06045
1.53651 1.22379 1.05735
1.53764 1.22572 1.06113
1.53699 1.21967 1.06045
1.5357 1.21765 1.0565
1.53533 1.22187 1.05357
1.53651 1.22379 1.05735
1.5357 1.21765 1.0565
1.53435 1.21565 1.05256
1.53409 1.21996 1.04982
1.53533 1.22187 1.05357
1.53282 1.21805 1.04607
1.535 1.21978 1.04946
1.53471 1.22408 1.04672
1.53269 1.22243 1.04348
1.535 1.21978 1.04946
1.53694 1.22157 1.05298
1.53651 1.22579 1.05007
1.53471 1.22408 1.04672
1.53694 1.22157 1.05298
1.53862 1.22341 1.0566
1.53806 1.22754 1.05351
1.53651 1.22579 1.05007
1.53862 1.22341 1.0566
1.53993 1.22531 1.06033
1.53925 1.22935 1.05707
1.53806 1.22754 1.05351
1.53993 1.22531 1.06033
1.54048 1.22729 1.06421
1.53973 1.23123 1.06075
1.53925 1.22935 1.05707
1.54048 1.22729 1.06421
1.53882 1.22764 1.0649
1.53817 1.23155 1.06138
1.53973 1.23123 1.06075
1.53882 1.22764 1.0649
1.53764 1.22572 1.06113
1.5371 1.22973 1.0578
1.53817 1.23155 1.06138
1.53764 1.22572 1.06113
1.53651 1.22379 1.05735
1.53607 1.22789 1.0542
1.5371 1.22973 1.0578
1.53651 1.22379 1.05735
1.53533 1.22187 1.05357
1.53499 1.22607 1.05061
1.53607 1.22789 1.0542
1.53533 1.22187 1.05357
1.53409 1.21996 1.04982
1.53386 1.22425 1.04704
1.53499 1.22607 1.05061
1.53269 1.22243 1.04348
1.53471 1.22408 1.04672
1.53444 1.22838 1.04396
1.53257 1.22682 1.04089
1.53471 1.22408 1.04672
1.53651 1.22579 1.05007
1.5361 1.23 1.04714
1.53444 1.22838 1.04396
1.53651 1.22579 1.05007
1.53806 1.22754 1.05351
1.53752 1.23166 1.0504
1.5361 1.23 1.04714
1.53806 1.22754 1.05351
1.53925 1.22935 1.05707
1.5386 1.23338 1.05376
1.53752 1.23166 1.0504
1.53925 1.22935 1.05707
1.53973 1.23123 1.06075
1.53902 1.23515 1.05724
1.5386 1.23338 1.05376
1.53973 1.23123 1.06075
1.53817 1.23155 1.06138
1.53756 1.23544 1.05781
1.53902 1.23515 1.05724
1.53817 1.23155 1.06138
1.5371 1.22973 1.0578
1.53658 1.23372 1.05442
1.53756 1.23544 1.05781
1.5371 1.22973 1.0578
1.53607 1.22789 1.0542
1.53565 1.23198 1.05102
1.53658 1.23372 1.05442
1.53607 1.22789 1.0542
1.53499 1.22607 1.05061
1.53467 1.23025 1.04763
1.53565 1.23198 1.05102
1.53499 1.22607 1.05061
1.53386 1.22425 1.04704
1.53363 1.22853 1.04426
1.53467 1.23025 1.04763
1.53257 1.22682 1.04089
1.53444 1.22838 1.04396
1.53417 1.23268 1.04118
1.53245 1.23119 1.03828
1.53444 1.22838 1.04396
1.5361 1.23 1.04714
1.5357 1.2342 1.04418
1.53417 1.23268 1.04118
1.5361 1.23 1.04714
1.53752 1.23166 1.0504
1.537 1.23577 1.04725
1.5357 1.2342 1.04418
1.53752 1.23166 1.0504
1.5386 1.23338 1.05376
1.53799 1.23738 1.05042
1.537 1.23577 1.04725
1.5386 1.23338 1.05376
1.53902 1.23515 1.05724
1.53835 1.23905 1.05369
1.53799 1.23738 1.05042
1.53902 1.23515 1.05724
1.53756 1.23544 1.05781
1.53698 1.23932 1.05422
1.53835 1.23905 1.05369
1.53756 1.23544 1.05781
1.53658 1.23372 1.05442
1.5361 1.23769 1.05102
1.53698 1.23932 1.05422
1.53658 1.23372 1.05442
1.53565 1.23198 1.05102
1.53526 1.23606 1.04782
1.5361 1.23769 1.05102
1.53565 1.23198 1.05102
1.53467 1.23025 1.04763
1.53437 1.23443 1.04463
1.53526 1.23606 1.04782
1.53467 1.23025 1.04763
1.53363 1.22853 1.04426
1.53342 1.23281 1.04145
1.53437 1.23443 1.04463
1.53245 1.23119 1.03828
1.53417 1.23268 1.04118
1.53392 1.23696 1.03839
1.53233 1.23557 1.03566
1.53417 1.23268 1.04118
1.5357 1.2342 1.04418
1.53532 1.23839 1.0412
1.53392 1.23696 1.03839
1.5357 1.2342 1.04418
1.537 1.23577 1.04725
1.53651 1.23986 1.04409
1.53532 1.23839 1.0412
1.537 1.23577 1.04725
1.53799 1.23738 1.05042
1.5374 1.24138 1.04706
1.53651 1.23986 1.04409
1.53799 1.23738 1.05042
1.53835 1.23905 1.05369
1.53771 1.24294 1.05012
1.5374 1.24138 1.04706
1.53835 1.23905 1.05369
1.53698 1.23932 1.05422
1.53643 1.24318 1.0506
1.53771 1.24294 1.05012
1.53698 1.23932 1.05422
1.5361 1.23769 1.05102
1.53564 1.24166 1.04761
1.53643 1.24318 1.0506
1.5361 1.23769 1.05102
1.53526 1.23606 1.04782
1.53488 1.24013 1.0446
1.53564 1.24166 1.04761
1.53526 1.23606 1.04782
1.53437 1.23443 1.04463
1.53408 1.2386 1.04161
1.53488 1.24013 1.0446
1.53437 1.23443 1.04463
1.53342 1.23281 1.04145
1.53322 1.23708 1.03863
1.53408 1.2386 1.04161
1.53233 1.23557 1.03566
1.53392 1.23696 1.03839
1.53368 1.24124 1.03559
1.53223 1.23993 1.03303
1.53392 1.23696 1.03839
1.53532 1.23839 1.0412
1.53495 1.24258 1.03822
1.53368 1.24124 1.03559
1.53532 1.23839 1.0412
1.53651 1.23986 1.04409
1.53604 1.24395 1.04092
1.53495 1.24258 1.03822
1.53651 1.23986 1.04409
1.5374 1.24138 1.04706
1.53684 1.24536 1.04369
1.53604 1.24395 1.04092
1.5374 1.24138 1.04706
1.53771 1.24294 1.05012
1.53711 1.24682 1.04654
1.53684 1.24536 1.04369
1.53771 1.24294 1.05012
1.53643 1.24318 1.0506
1.53592 1.24704 1.04698
1.53711 1.24682 1.04654
1.53643 1.24318 1.0506
1.53564 1.24166 1.04761
1.53521 1.24562 1.04418
1.53592 1.24704 1.04698
1.53564 1.24166 1.04761
1.53488 1.24013 1.0446
1.53453 1.24419 1.04138
1.53521 1.24562 1.04418
1.53488 1.24013 1.0446
1.53408 1.2386 1.04161
1.5338 1.24277 1.03859
1.53453 1.24419 1.04138
1.53408 1.2386 1.04161
1.53322 1.23708 1.03863
1.53303 1.24135 1.03581
1.5338 1.24277 1.03859
1.53223 1.23993 1.03303
1.53368 1.24124 1.03559
1.53345 1.24551 1.03278
1.53212 1.2443 1.0304
1.53368 1.24124 1.03559
1.53495 1.24258 1.03822
1.53461 1.24676 1.03523
1.53345 1.24551 1.03278
1.53495 1.24258 1.03822
1.53604 1.24395 1.04092
1.53559 1.24804 1.03774
1.53461 1.24676 1.03523
1.53604 1.24395 1.04092
1.53684 1.24536 1.04369
1.53632 1.24935 1.04032
1.53559 1.24804 1.03774
1.53684 1.24536 1.04369
1.53711 1.24682 1.04654
1.53654 1.2507 1.04297
1.53632 1.24935 1.04032
1.53711 1.24682 1.04654
1.53592 1.24704 1.04698
1.53544 1.25091 1.04336
1.53654 1.2507 1.04297
1.53592 1.24704 1.04698
1.53521 1.24562 1.04418
1.5348 1.24958 1.04077
1.53544 1.25091 1.04336
1.53521 1.24562 1.04418
1.53453 1.24419 1.04138
1.53419 1.24825 1.03816
1.5348 1.24958 1.04077
1.53453 1.24419 1.04138
1.5338 1.24277 1.03859
1.53354 1.24693 1.03556
1.53419 1.24825 1.03816
1.5338 1.24277 1.03859
1.53303 1.24135 1.03581
1.53285 1.24561 1.03298
1.53354 1.24693 1.03556
1.53212 1.2443 1.0304
1.53345 1.24551 1.03278
1.53323 1.24979 1.02997
1.53202 1.24866 1.02775
1.53345 1.24551 1.03278
1.53461 1.24676 1.03523
1.53429 1.25094 1.03224
1.53323 1.24979 1.02997
1.53461 1.24676 1.03523
1.53559 1.24804 1.03774
1.53518 1.25213 1.03457
1.53429 1.25094 1.03224
1.53559 1.24804 1.03774
1.53632 1.24935 1.04032
1.53583 1.25335 1.03696
1.53518 1.25213 1.03457
1.53632 1.24935 1.04032
1.53654 1.2507 1.04297
1.53602 1.2546 1.03941
1.53583 1.25335 1.03696
1.53654 1.2507 1.04297
1.53544 1.25091 1.04336
1.53499 1.25478 1.03977
1.53602 1.2546 1.03941
1.53544 1.25091 1.04336
1.5348 1.24958 1.04077
1.53442 1.25355 1.03736
1.53499 1.25478 1.03977
1.5348 1.24958 1.04077
1.53419 1.24825 1.03816
1.53388 1.25232 1.03495
1.53442 1.25355 1.03736
1.53419 1.24825 1.03816
1.53354 1.24693 1.03556
1.5333 1.2511 1.03254
1.53388 1.25232 1.03495
1.53354 1.24693 1.03556
1.53285 1.24561 1.03298
1.53267 1.24988 1.03015
1.5333 1.2511 1.03254
1.53202 1.24866 1.02775
1.53323 1.24979 1.02997
1.53303 1.25406 1.02715
1.53193 1.25301 1.0251
1.53323 1.24979 1.02997
1.53429 1.25094 1.03224
1.53399 1.25513 1.02925
1.53303 1.25406 1.02715
1.53429 1.25094 1.03224
1.53518 1.25213 1.03457
1.53479 1.25623 1.03141
1.53399 1.25513 1.02925
1.53518 1.25213 1.03457
1.53583 1.25335 1.03696
1.53537 1.25735 1.03362
1.53479 1.25623 1.03141
1.53583 1.25335 1.03696
1.53602 1.2546 1.03941
1.53553 1.2585 1.03588
1.53537 1.25735 1.03362
1.53602 1.2546 1.03941
1.53499 1.25478 1.03977
1.53458 1.25867 1.0362
1.53553 1.2585 1.03588
1.53499 1.25478 1.03977
1.53442 1.25355 1.03736
1.53407 1.25754 1.03398
1.53458 1.25867 1.0362
1.53442 1.25355 1.03736
1.53388 1.25232 1.03495
1.53359 1.2564 1.03175
1.53407 1.25754 1.03398
1.53388 1.25232 1.03495
1.5333 1.2511 1.03254
1.53307 1.25527 1.02953
1.53359 1.2564 1.03175
1.5333 1.2511 1.03254
1.53267 1.24988 1.03015
1.53251 1.25414 1.02731
1.53307 1.25527 1.02953
1.53193 1.25301 1.0251
1.53303 1.25406 1.02715
1.53284 1.25833 1.02434
1.53184 1.25737 1.02245
1.53303 1.25406 1.02715
1.53399 1.25513 1.02925
1.5337 1.25932 1.02628
1.53284 1.25833 1.02434
1.53399 1.25513 1.02925
1.53479 1.25623 1.03141
1.53443 1.26033 1.02827
1.5337 1.25932 1.02628
1.53479 1.25623 1.03141
1.53537 1.25735 1.03362
1.53495 1.26137 1.03031
1.53443 1.26033 1.02827
1.53537 1.25735 1.03362
1.53553 1.2585 1.03588
1.53508 1.26243 1.03239
1.53495 1.26137 1.03031
1.53553 1.2585 1.03588
1.53458 1.25867 1.0362
1.53421 1.26258 1.03269
1.53508 1.26243 1.03239
1.53458 1.25867 1.0362
1.53407 1.25754 1.03398
1.53375 1.26154 1.03063
1.53421 1.26258 1.03269
1.53407 1.25754 1.03398
1.53359 1.2564 1.03175
1.53332 1.26049 1.02858
1.53375 1.26154 1.03063
1.53359 1.2564 1.03175
1.53307 1.25527 1.02953
1.53286 1.25945 1.02653
1.53332 1.26049 1.02858
1.53307 1.25527 1.02953
1.53251 1.25414 1.02731
1.53236 1.2584 1.02449
1.53286 1.25945 1.02653
1.53184 1.25737 1.02245
1.53284 1.25833 1.02434
1.53266 1.26242 1.02165
1.53175 1.26153 1.0199
1.53284 1.25833 1.02434
1.5337 1.25932 1.02628
1.53346 1.26334 1.02345
1.53266 1.26242 1.02165
1.5337 1.25932 1.02628
1.53443 1.26033 1.02827
1.53411 1.26428 1.02529
1.53346 1.26334 1.02345
1.53443 1.26033 1.02827
1.53495 1.26137 1.03031
1.53458 1.26524 1.02717
1.53411 1.26428 1.02529
1.53495 1.26137 1.03031
1.53508 1.26243 1.03239
1.53469 1.26622 1.0291
1.53458 1.26524 1.02717
1.53508 1.26243 1.03239
1.53421 1.26258 1.03269
1.53388 1.26636 1.02937
1.53469 1.26622 1.0291
1.53421 1.26258 1.03269
1.53375 1.26154 1.03063
1.53347 1.26539 1.02747
1.53388 1.26636 1.02937
1.53375 1.26154 1.03063
1.53332 1.26049 1.02858
1.53309 1.26442 1.02557
1.53347 1.26539 1.02747
1.53332 1.26049 1.02858
1.53286 1.25945 1.02653
1.53267 1.26346 1.02367
1.53309 1.26442 1.02557
1.53286 1.25945 1.02653
1.53236 1.2584 1.02449
1.53222 1.26249 1.02178
1.53267 1.26346 1.02367
1.53175 1.26153 1.0199
1.53266 1.26242 1.02165
1.53263 1.26342 1.021
1.53173 1.26254 1.01928
1.53266 1.26242 1.02165
1.53346 1.26334 1.02345
1.5334 1.26432 1.02276
1.53263 1.26342 1.021
1.53346 1.26334 1.02345
1.53411 1.26428 1.02529
1.53404 1.26524 1.02457
1.5334 1.26432 1.02276
1.53411 1.26428 1.02529
1.53458 1.26524 1.02717
1.5345 1.26618 1.02642
1.53404 1.26524 1.02457
1.53458 1.26524 1.02717
1.53469 1.26622 1.0291
1.5346 1.26714 1.02831
1.5345 1.26618 1.02642
1.53469 1.26622 1.0291
1.53388 1.26636 1.02937
1.5338 1.26727 1.02857
1.5346 1.26714 1.02831
1.53388 1.26636 1.02937
1.53347 1.26539 1.02747
1.53341 1.26633 1.02671
1.5338 1.26727 1.02857
1.53347 1.26539 1.02747
1.53309 1.26442 1.02557
1.53303 1.26538 1.02485
1.53341 1.26633 1.02671
1.53309 1.26442 1.02557
1.53267 1.26346 1.02367
1.53263 1.26443 1.02299
1.53303 1.26538 1.02485
1.53267 1.26346 1.02367
1.53222 1.26249 1.02178
1.53219 1.26348 1.02113
1.53263 1.26443 1.02299
1.53173 1.26254 1.01928
1.53263 1.26342 1.021
1.53259 1.26422 1.02046
1.53172 1.26336 1.01877
1.53263 1.26342 1.021
1.5334 1.26432 1.02276
1.53335 1.26511 1.0222
1.53259 1.26422 1.02046
1.5334 1.26432 1.02276
1.53404 1.26524 1.02457
1.53398 1.26602 1.02398
1.53335 1.26511 1.0222
1.53404 1.26524 1.02457
1.5345 1.26618 1.02642
1.53443 1.26694 1.0258
1.53398 1.26602 1.02398
1.5345 1.26618 1.02642
1.5346 1.26714 1.02831
1.53453 1.26789 1.02766
1.53443 1.26694 1.0258
1.5346 1.26714 1.02831
1.5338 1.26727 1.02857
1.53374 1.26802 1.02792
1.53453 1.26789 1.02766
1.5338 1.26727 1.02857
1.53341 1.26633 1.02671
1.53335 1.26709 1.02609
1.53374 1.26802 1.02792
1.53341 1.26633 1.02671
1.53303 1.26538 1.02485
1.53299 1.26615 1.02425
1.53335 1.26709 1.02609
1.53303 1.26538 1.02485
1.53263 1.26443 1.02299
1.53259 1.26522 1.02242
1.53299 1.26615 1.02425
1.53263 1.26443 1.02299
1.53219 1.26348 1.02113
1.53216 1.26429 1.02059
1.53259 1.26522 1.02242
1.53172 1.26336 1.01877
1.53259 1.26422 1.02046
1.53254 1.26499 1.01986
1.53168 1.26415 1.01821
1.53259 1.26422 1.02046
1.53335 1.26511 1.0222
1.53328 1.26586 1.02156
1.53254 1.26499 1.01986
1.53335 1.26511 1.0222
1.53398 1.26602 1.02398
1.53389 1.26674 1.02329
1.53328 1.26586 1.02156
1.53398 1.26602 1.02398
1.53443 1.26694 1.0258
1.53433 1.26765 1.02507
1.53389 1.26674 1.02329
1.53443 1.26694 1.0258
1.53453 1.26789 1.02766
1.53442 1.26857 1.02688
1.53433 1.26765 1.02507
1.53453 1.26789 1.02766
1.53374 1.26802 1.02792
1.53365 1.2687 1.02714
1.53442 1.26857 1.02688
1.53374 1.26802 1.02792
1.53335 1.26709 1.02609
1.53327 1.26779 1.02535
1.53365 1.2687 1.02714
1.53335 1.26709 1.02609
1.53299 1.26615 1.02425
1.53292 1.26688 1.02356
1.53327 1.26779 1.02535
1.53299 1.26615 1.02425
1.53259 1.26522 1.02242
1.53253 1.26597 1.02177
1.53292 1.26688 1.02356
1.53259 1.26522 1.02242
1.53216 1.26429 1.02059
1.53212 1.26506 1.01999
1.53253 1.26597 1.02177
1.53168 1.26415 1.01821
1.53254 1.26499 1.01986
1.53245 1.26571 1.01915
1.53163 1.2649 1.01755
1.53254 1.26499 1.01986
1.53328 1.26586 1.02156
1.53316 1.26654 1.02078
1.53245 1.26571 1.01915
1.53328 1.26586 1.02156
1.53389 1.26674 1.02329
1.53375 1.2674 1.02245
1.53316 1.26654 1.02078
1.53389 1.26674 1.02329
1.53433 1.26765 1.02507
1.53417 1.26827 1.02417
1.53375 1.2674 1.02245
1.53433 1.26765 1.02507
1.53442 1.26857 1.02688
1.53426 1.26916 1.02592
1.53417 1.26827 1.02417
1.53442 1.26857 1.02688
1.53365 1.2687 1.02714
1.53352 1.26928 1.02616
1.53426 1.26916 1.02592
1.53365 1.2687 1.02714
1.53327 1.26779 1.02535
1.53316 1.2684 1.02443
1.53352 1.26928 1.02616
1.53327 1.26779 1.02535
1.53292 1.26688 1.02356
1.53281 1.26752 1.02271
1.53316 1.2684 1.02443
1.53292 1.26688 1.02356
1.53253 1.26597 1.02177
1.53245 1.26665 1.02098
1.53281 1.26752 1.02271
1.53253 1.26597 1.02177
1.53212 1.26506 1.01999
1.53205 1.26577 1.01927
1.53245 1.26665 1.02098
1.53163 1.2649 1.01755
1.53245 1.26571 1.01915
1.53233 1.26636 1.01831
1.53156 1.26559 1.0168
1.53245 1.26571 1.01915
1.53316 1.26654 1.02078
1.533 1.26715 1.01986
1.53233 1.26636 1.01831
1.53316 1.26654 1.02078
1.53375 1.2674 1.02245
1.53356 1.26796 1.02145
1.533 1.26715 1.01986
1.53375 1.2674 1.02245
1.53417 1.26827 1.02417
1.53395 1.26879 1.02307
1.53356 1.26796 1.02145
1.53417 1.26827 1.02417
1.53426 1.26916 1.02592
1.53403 1.26963 1.02472
1.53395 1.26879 1.02307
1.53426 1.26916 1.02592
1.53352 1.26928 1.02616
1.53333 1.26975 1.02495
1.53403 1.26963 1.02472
1.53352 1.26928 1.02616
1.53316 1.2684 1.02443
1.53299 1.26892 1.02332
1.53333 1.26975 1.02495
1.53316 1.2684 1.02443
1.53281 1.26752 1.02271
1.53267 1.26808 1.02168
1.53299 1.26892 1.02332
1.53281 1.26752 1.02271
1.53245 1.26665 1.02098
1.53232 1.26725 1.02005
1.53267 1.26808 1.02168
1.53245 1.26665 1.02098
1.53205 1.26577 1.01927
1.53195 1.26642 1.01842
1.53232 1.26725 1.02005
1.53156 1.26559 1.0168
1.53233 1.26636 1.01831
1.53217 1.26694 1.01732
1.53145 1.26623 1.01592
1.53233 1.26636 1.01831
1.533 1.26715 1.01986
1.53278 1.26767 1.01875
1.53217 1.26694 1.01732
1.533 1.26715 1.01986
1.53356 1.26796 1.02145
1.5333 1.26842 1.02022
1.53278 1.26767 1.01875
1.53356 1.26796 1.02145
1.53395 1.26879 1.02307
1.53366 1.26918 1.02172
1.5333 1.26842 1.02022
1.53395 1.26879 1.02307
1.53403 1.26963 1.02472
1.53373 1.26996 1.02326
1.53366 1.26918 1.02172
1.53403 1.26963 1.02472
1.53333 1.26975 1.02495
1.53308 1.27007 1.02347
1.53373 1.26996 1.02326
1.53333 1.26975 1.02495
1.53299 1.26892 1.02332
1.53277 1.2693 1.02196
1.53308 1.27007 1.02347
1.53299 1.26892 1.02332
1.53267 1.26808 1.02168
1.53247 1.26853 1.02044
1.53277 1.2693 1.02196
1.53267 1.26808 1.02168
1.53232 1.26725 1.02005
1.53216 1.26776 1.01893
1.53247 1.26853 1.02044
1.53232 1.26725 1.02005
1.53195 1.26642 1.01842
1.53181 1.26699 1.01742
1.53216 1.26776 1.01893
1.53145 1.26623 1.01592
1.53217 1.26694 1.01732
1.53194 1.26741 1.01611
1.5313 1.26677 1.01487
1.53217 1.26694 1.01732
1.53278 1.26767 1.01875
1.53249 1.26806 1.01739
1.53194 1.26741 1.01611
1.53278 1.26767 1.01875
1.5333 1.26842 1.02022
1.53294 1.26872 1.0187
1.53249 1.26806 1.01739
1.5333 1.26842 1.02022
1.53366 1.26918 1.02172
1.53326 1.2694 1.02003
1.53294 1.26872 1.0187
1.53366 1.26918 1.02172
1.53373 1.26996 1.02326
1.53333 1.2701 1.0214
1.53326 1.2694 1.02003
1.53373 1.26996 1.02326
1.53308 1.27007 1.02347
1.53275 1.2702 1.02159
1.53333 1.2701 1.0214
1.53308 1.27007 1.02347
1.53277 1.2693 1.02196
1.53247 1.26951 1.02024
1.53275 1.2702 1.02159
1.53277 1.2693 1.02196
1.53247 1.26853 1.02044
1.53221 1.26882 1.01889
1.53247 1.26951 1.02024
1.53247 1.26853 1.02044
1.53216 1.26776 1.01893
1.53193 1.26814 1.01755
1.53221 1.26882 1.01889
1.53216 1.26776 1.01893
1.53181 1.26699 1.01742
1.53162 1.26745 1.01621
1.53193 1.26814 1.01755
1.5313 1.26677 1.01487
1.53194 1.26741 1.01611
1.5316 1.26767 1.01452
1.53108 1.26715 1.0135
1.53194 1.26741 1.01611
1.53249 1.26806 1.01739
1.53205 1.26821 1.01557
1.5316 1.26767 1.01452
1.53249 1.26806 1.01739
1.53294 1.26872 1.0187
1.53242 1.26875 1.01664
1.53205 1.26821 1.01557
1.53294 1.26872 1.0187
1.53326 1.2694 1.02003
1.53268 1.26931 1.01773
1.53242 1.26875 1.01664
1.53326 1.2694 1.02003
1.53333 1.2701 1.0214
1.53273 1.26988 1.01885
1.53268 1.26931 1.01773
1.53333 1.2701 1.0214
1.53275 1.2702 1.02159
1.53226 1.26996 1.019
1.53273 1.26988 1.01885
1.53275 1.2702 1.02159
1.53247 1.26951 1.02024
1.53203 1.2694 1.0179
1.53226 1.26996 1.019
1.53247 1.26951 1.02024
1.53221 1.26882 1.01889
1.53182 1.26883 1.0168
1.53203 1.2694 1.0179
1.53221 1.26882 1.01889
1.53193 1.26814 1.01755
1.53159 1.26827 1.0157
1.53182 1.26883 1.0168
1.53193 1.26814 1.01755
1.53162 1.26745 1.01621
1.53134 1.26771 1.0146
1.53159 1.26827 1.0157
1.53108 1.26715 1.0135
1.5316 1.26767 1.01452
1.53093 1.26736 1.01179
1.53064 1.26707 1.01121
1.5316 1.26767 1.01452
1.53205 1.26821 1.01557
1.53118 1.26766 1.01238
1.53093 1.26736 1.01179
1.53205 1.26821 1.01557
1.53242 1.26875 1.01664
1.53139 1.26797 1.01298
1.53118 1.26766 1.01238
1.53242 1.26875 1.01664
1.53268 1.26931 1.01773
1.53154 1.26828 1.0136
1.53139 1.26797 1.01298
1.53268 1.26931 1.01773
1.53273 1.26988 1.01885
1.53156 1.2686 1.01423
1.53154 1.26828 1.0136
1.53273 1.26988 1.01885
1.53226 1.26996 1.019
1.5313 1.26865 1.01431
1.53156 1.2686 1.01423
1.53226 1.26996 1.019
1.53203 1.2694 1.0179
1.53117 1.26833 1.01369
1.5313 1.26865 1.01431
1.53203 1.2694 1.0179
1.53182 1.26883 1.0168
1.53105 1.26801 1.01307
1.53117 1.26833 1.01369
1.53182 1.26883 1.0168
1.53159 1.26827 1.0157
1.53092 1.2677 1.01245
1.53105 1.26801 1.01307
1.53159 1.26827 1.0157
1.53134 1.26771 1.0146
1.53078 1.26738 1.01183
1.53092 1.2677 1.01245
1.53064 1.26707 1.01121
1.53093 1.26736 1.01179
1.53018 1.26681 1.0088
1.53014 1.26677 1.00873
1.53093 1.26736 1.01179
1.53118 1.26766 1.01238
1.53021 1.26685 1.00888
1.53018 1.26681 1.0088
1.53118 1.26766 1.01238
1.53139 1.26797 1.01298
1.53024 1.26689 1.00896
1.53021 1.26685 1.00888
1.53139 1.26797 1.01298
1.53154 1.26828 1.0136
1.53026 1.26693 1.00904
1.53024 1.26689 1.00896
1.53154 1.26828 1.0136
1.53156 1.2686 1.01423
1.53026 1.26697 1.00912
1.53026 1.26693 1.00904
1.53156 1.2686 1.01423
1.5313 1.26865 1.01431
1.53023 1.26698 1.00913
1.53026 1.26697 1.00912
1.5313 1.26865 1.01431
1.53117 1.26833 1.01369
1.53021 1.26694 1.00905
1.53023 1.26698 1.00913
1.53117 1.26833 1.01369
1.53105 1.26801 1.01307
1.53019 1.2669 1.00897
1.53021 1.26694 1.00905
1.53105 1.26801 1.01307
1.53092 1.2677 1.01245
1.53018 1.26685 1.00889
1.53019 1.2669 1.00897
1.53092 1.2677 1.01245
1.53078 1.26738 1.01183
1.53016 1.26681 1.00881
1.53018 1.26685 1.00889
1.53986 1.13096 1.09465
1.53634 1.12961 1.09201
1.53631 1.13251 1.09076
1.53988 1.13395 1.09357
1.53988 1.13395 1.09357
1.53631 1.13251 1.09076
1.5362 1.13708 1.08876
1.53982 1.13867 1.09186
1.53982 1.13867 1.09186
1.5362 1.13708 1.08876
1.53601 1.14174 1.0867
1.53961 1.14347 1.0901
1.53961 1.14347 1.0901
1.53601 1.14174 1.0867
1.53577 1.14637 1.08458
1.53932 1.14825 1.08828
1.53932 1.14825 1.08828
1.53577 1.14637 1.08458
1.53553 1.15097 1.08241
1.539 1.15298 1.08636
1.539 1.15298 1.08636
1.53553 1.15097 1.08241
1.53529 1.15555 1.0802
1.53867 1.15767 1.08436
1.53867 1.15767 1.08436
1.53529 1.15555 1.0802
1.53506 1.1601 1.07794
1.53832 1.16231 1.08227
1.53832 1.16231 1.08227
1.53506 1.1601 1.07794
1.53484 1.16464 1.07565
1.53796 1.16691 1.08011
1.53796 1.16691 1.08011
1.53484 1.16464 1.07565
1.53463 1.16916 1.07332
1.5376 1.17148 1.07788
1.5376 1.17148 1.07788
1.53463 1.16916 1.07332
1.53443 1.17366 1.07096
1.53724 1.17602 1.07558
1.53724 1.17602 1.07558
1.53443 1.17366 1.07096
1.53423 1.17815 1.06857
1.53688 1.18052 1.07322
1.53688 1.18052 1.07322
1.53423 1.17815 1.06857
1.53405 1.18263 1.06615
1.53653 1.185 1.0708
1.53653 1.185 1.0708
1.53405 1.18263 1.06615
1.53387 1.18709 1.06371
1.53619 1.18944 1.06833
1.53619 1.18944 1.06833
1.53387 1.18709 1.06371
1.5337 1.19154 1.06124
1.53585 1.19386 1.0658
1.53585 1.19386 1.0658
1.5337 1.19154 1.06124
1.53354 1.19598 1.05876
1.53553 1.19826 1.06323
1.53553 1.19826 1.06323
1.53354 1.19598 1.05876
1.53338 1.20041 1.05626
1.53522 1.20263 1.06061
1.53522 1.20263 1.06061
1.53338 1.20041 1.05626
1.53323 1.20483 1.05373
1.53492 1.20699 1.05796
1.53492 1.20699 1.05796
1.53323 1.20483 1.05373
1.53309 1.20924 1.05119
1.53463 1.21132 1.05528
1.53463 1.21132 1.05528
1.53309 1.20924 1.05119
1.53295 1.21365 1.04864
1.53435 1.21565 1.05256
1.53435 1.21565 1.05256
1.53295 1.21365 1.04864
1.53282 1.21805 1.04607
1.53409 1.21996 1.04982
1.53409 1.21996 1.04982
1.53282 1.21805 1.04607
1.53269 1.22243 1.04348
1.53386 1.22425 1.04704
1.53386 1.22425 1.04704
1.53269 1.22243 1.04348
1.53257 1.22682 1.04089
1.53363 1.22853 1.04426
1.53363 1.22853 1.04426
1.53257 1.22682 1.04089
1.53245 1.23119 1.03828
1.53342 1.23281 1.04145
1.53342 1.23281 1.04145
1.53245 1.23119 1.03828
1.53233 1.23557 1.03566
1.53322 1.23708 1.03863
1.53322 1.23708 1.03863
1.53233 1.23557 1.03566
1.53223 1.23993 1.03303
1.53303 1.24135 1.03581
1.53303 1.24135 1.03581
1.53223 1.23993 1.03303
1.53212 1.2443 1.0304
1.53285 1.24561 1.03298
1.53285 1.24561 1.03298
1.53212 1.2443 1.0304
1.53202 1.24866 1.02775
1.53267 1.24988 1.03015
1.53267 1.24988 1.03015
1.53202 1.24866 1.02775
1.53193 1.25301 1.0251
1.53251 1.25414 1.02731
1.53251 1.25414 1.02731
1.53193 1.25301 1.0251
1.53184 1.25737 1.02245
1.53236 1.2584 1.02449
1.53236 1.2584 1.02449
1.53184 1.25737 1.02245
1.53175 1.26153 1.0199
1.53222 1.26249 1.02178
1.53222 1.26249 1.02178
1.53175 1.26153 1.0199
1.53173 1.26254 1.01928
1.53219 1.26348 1.02113
1.53219 1.26348 1.02113
1.53173 1.26254 1.01928
1.53172 1.26336 1.01877
1.53216 1.26429 1.02059
1.53216 1.26429 1.02059
1.53172 1.26336 1.01877
1.53168 1.26415 1.01821
1.53212 1.26506 1.01999
1.53212 1.26506 1.01999
1.53168 1.26415 1.01821
1.53163 1.2649 1.01755
1.53205 1.26577 1.01927
1.53205 1.26577 1.01927
1.53163 1.2649 1.01755
1.53156 1.26559 1.0168
1.53195 1.26642 1.01842
1.53195 1.26642 1.01842
1.53156 1.26559 1.0168
1.53145 1.26623 1.01592
1.53181 1.26699 1.01742
1.53181 1.26699 1.01742
1.53145 1.26623 1.01592
1.5313 1.26677 1.01487
1.53162 1.26745 1.01621
1.53162 1.26745 1.01621
1.5313 1.26677 1.01487
1.53108 1.26715 1.0135
1.53134 1.26771 1.0146
1.53134 1.26771 1.0146
1.53108 1.26715 1.0135
1.53064 1.26707 1.01121
1.53078 1.26738 1.01183
1.53078 1.26738 1.01183
1.53064 1.26707 1.01121
1.53014 1.26677 1.00873
1.53016 1.26681 1.00881
1.5319 1.1008 1.1026
1.5319 1.1008 1.1026
1.5319 1.1008 1.1026
1.5319 1.1008 1.1026
1.5319 1.1008 1.1026
1.5319 1.1008 1.1026
1.5319 1.1008 1.1026
1.5319 1.1008 1.1026
1.5319 1.1008 1.1026
1.5319 1.1008 1.1026
1.5319 1.1008 1.1026
1.5319 1.1008 1.1026
1.5319 1.1008 1.1026
1.5319 1.1008 1.1026
1.5319 1.1008 1.1026
1.5319 1.1008 1.1026
1.5319 1.1008 1.1026
1.5319 1.1008 1.1026
1.5319 1.1008 1.1026
1.5319 1.1008 1.1026
1.5319 1.1008 1.1026
1.5319 1.1008 1.1026
1.5319 1.1008 1.1026
1.5319 1.1008 1.1026
1.5319 1.1008 1.1026
1.5319 1.1008 1.1026
1.5319 1.1008 1.1026
1.5319 1.1008 1.1026
1.5319 1.1008 1.1026
1.5319 1.1008 1.1026
1.5319 1.1008 1.1026
1.5319 1.1008 1.1026
1.5319 1.1008 1.1026
1.5319 1.1008 1.1026
1.5319 1.1008 1.1026
1.5319 1.1008 1.1026
1.5319 1.1008 1.1026
1.5319 1.1008 1.1026
1.5319 1.1008 1.1026
1.5319 1.1008 1.1026
1.5319 1.1008 1.1026
1.5319 1.1008 1.1026
1.5319 1.1008 1.1026
1.5319 1.1008 1.1026
1.5319 1.1008 1.1026
1.5319 1.1008 1.1026
1.5319 1.1008 1.1026
1.5319 1.1008 1.1026
1.5319 1.1008 1.1026
1.5319 1.1008 1.1026
1.5319 1.1008 1.1026
1.5319 1.1008 1.1026
1.5319 1.1008 1.1026
1.5319 1.1008 1.1026
1.5319 1.1008 1.1026
1.5319 1.1008 1.1026
1.5319 1.1008 1.1026
1.5319 1.1008 1.1026
1.5319 1.1008 1.1026
1.5319 1.1008 1.1026
1.5319 1.1008 1.1026
1.5319 1.1008 1.1026
1.5319 1.1008 1.1026
1.5319 1.1008 1.1026
1.5319 1.1008 1.1026
1.5319 1.1008 1.1026
1.5319 1.1008 1.1026
1.5319 1.1008 1.1026
1.5319 1.1008 1.1026
1.5319 1.1008 1.1026
1.5319 1.1008 1.1026
1.5319 1.1008 1.1026
1.5319 1.1008 1.1026
1.5319 1.1008 1.1026
1.5319 1.1008 1.1026
1.5319 1.1008 1.1026
1.5319 1.1008 1.1026
1.5319 1.1008 1.1026
1.5319 1.1008 1.1026
1.5319 1.1008 1.1026
1.5319 1.1008 1.1026
1.5319 1.1008 1.1026
1.5319 1.1008 1.1026
1.5319 1.1008 1.1026
1.5319 1.1008 1.1026
1.5319 1.1008 1.1026
1.5319 1.1008 1.1026
1.5319 1.1008 1.1026
CELLS 924 4620
4 0 1 2 3
4 4 5 6 7
4 8 9 10 11
4 12 13 14 15
4 16 17 18 19
4 20 21 22 23
4 24 25 26 27
4 28 29 30 31
4 32 33 34 35
4 36 37 38 39
4 40 41 42 43
4 44 45 46 47
4 48 49 50 51
4 52 53 54 55
4 56 57 58 59
4 60 61 62 63
4 64 65 66 67
4 68 69 70 71
4 72 73 74 75
4 76 77 78 79
4 80 81 82 83
4 84 85 86 87
4 88 89 90 91
4 92 93 94 95
4 96 97 98 99
4 100 101 102 103
4 104 105 106 107
4 108 109 110 111
4 112 113 114 115
4 116 117 118 119
4 120 121 122 123
4 124 125 126 127
4 128 129 130 131
4 132 133 134 135
4 136 137 138 139
4 140 141 142 143
4 144 145 146 147
4 148 149 150 151
4 152 153 154 155
4 156 157 158 159
4 160 161 162 163
4 164 165 166 167
4 168 169 170 171
4 172 173 174 175
4 176 177 178 179
4 180 181 182 183
4 184 185 186 187
4 188 189 190 191
4 192 193 194 195
4 196 197 198 199
4 200 201 202 203
4 204 205 206 207
4 208 209 210 211
4 212 213 214 215
4 216 217 218 219
4 220 221 222 223
4 224 225 226 227
4 228 229 230 231
4 232 233 234 235
4 236 237 238 239
4 240 241 242 243
4 244 245 246 247
4 248 249 250 251
4 252 253 254 255
4 256 257 258 259
4 260 261 262 263
4 264 265 266 267
4 268 269 270 271
4 272 273 274 275
4 276 277 278 279
4 280 281 282 283
4 284 285 286 287
4 288 289 290 291
4 292 293 294 295
4 296 297 298 299
4 300 301 302 303
4 304 305 306 307
4 308 309 310 311
4 312 313 314 315
4 316 317 318 319
4 320 321 322 323
4 324 325 326 327
4 328 329 330 331
4 332 333 334 335
4 336 337 338 339
4 340 341 342 343
4 344 345 346 347
4 348 349 350 351
4 352 353 354 355
4 356 357 358 359
4 360 361 362 363
4 364 365 366 367
4 368 369 370 371
4 372 373 374 375
4 376 377 378 379
4 380 381 382 383
4 384 385 386 387
4 388 389 390 391
4 392 393 394 395
4 396 397 398 399
4 400 401 402 403
4 404 405 406 407
4 408 409 410 411
4 412 413 414 415
4 416 417 418 419
4 420 421 422 423
4 424 425 426 427
4 428 429 430 431
4 432 433 434 435
4 436 437 438 439
4 440 441 442 443
4 444 445 446 447
4 448 449 450 451
4 452 453 454 455
4 456 457 458 459
4 460 461 462 463
4 464 465 466 467
4 468 469 470 471
4 472 473 474 475
4 476 477 478 479
4 480 481 482 483
4 484 485 486 487
4 488 489 490 491
4 492 493 494 495
4 496 497 498 499
4 500 501 502 503
4 504 505 506 507
4 508 509 510 511
4 512 513 514 515
4 516 517 518 519
4 520 521 522 523
4 524 525 526 527
4 528 529 530 531
4 532 533 534 535
4 536 537 538 539
4 540 541 542 543
4 544 545 546 547
4 548 549 550 551
4 552 553 554 555
4 556 557 558 559
4 560 561 562 563
4 564 565 566 567
4 568 569 570 571
4 572 573 574 575
4 576 577 578 579
4 580 581 582 583
4 584 585 586 587
4 588 589 590 591
4 592 593 594 595
4 596 597 598 599
4 600 601 602 603
4 604 605 606 607
4 608 609 610 611
4 612 613 614 615
4 616 617 618 619
4 620 621 622 623
4 624 625 626 627
4 628 629 630 631
4 632 633 634 635
4 636 637 638 639
4 640 641 642 643
4 644 645 646 647
4 648 649 650 651
4 652 653 654 655
4 656 657 658 659
4 660 661 662 663
4 664 665 666 667
4 668 669 670 671
4 672 673 674 675
4 676 677 678 679
4 680 681 682 683
4 684 685 686 687
4 688 689 690 691
4 692 693 694 695
4 696 697 698 699
4 700 701 702 703
4 704 705 706 707
4 708 709 710 711
4 712 713 714 715
4 716 717 718 719
4 720 721 722 723
4 724 725 726 727
4 728 729 730 731
4 732 733 734 735
4 736 737 738 739
4 740 741 742 743
4 744 745 746 747
4 748 749 750 751
4 752 753 754 755
4 756 757 758 759
4 760 761 762 763
4 764 765 766 767
4 768 769 770 771
4 772 773 774 775
4 776 777 778 779
4 780 781 782 783
4 784 785 786 787
4 788 789 790 791
4 792 793 794 795
4 796 797 798 799
4 800 801 802 803
4 804 805 806 807
4 808 809 810 811
4 812 813 814 815
4 816 817 818 819
4 820 821 822 823
4 824 825 826 827
4 828 829 830 831
4 832 833 834 835
4 836 837 838 839
4 840 841 842 843
4 844 845 846 847
4 848 849 850 851
4 852 853 854 855
4 856 857 858 859
4 860 861 862 863
4 864 865 866 867
4 868 869 870 871
4 872 873 874 875
4 876 877 878 879
4 880 881 882 883
4 884 885 886 887
4 888 889 890 891
4 892 893 894 895
4 896 897 898 899
4 900 901 902 903
4 904 905 906 907
4 908 909 910 911
4 912 913 914 915
4 916 917 918 919
4 920 921 922 923
4 924 925 926 927
4 928 929 930 931
4 932 933 934 935
4 936 937 938 939
4 940 941 942 943
4 944 945 946 947
4 948 949 950 951
4 952 953 954 955
4 956 957 958 959
4 960 961 962 963
4 964 965 966 967
4 968 969 970 971
4 972 973 974 975
4 976 977 978 979
4 980 981 982 983
4 984 985 986 987
4 988 989 990 991
4 992 993 994 995
4 996 997 998 999
4 1000 1001 1002 1003
4 1004 1005 1006 1007
4 1008 1009 1010 1011
4 1012 1013 1014 1015
4 1016 1017 1018 1019
4 1020 1021 1022 1023
4 1024 1025 1026 1027
4 1028 1029 1030 1031
4 1032 1033 1034 1035
4 1036 1037 1038 1039
4 1040 1041 1042 1043
4 1044 1045 1046 1047
4 1048 1049 1050 1051
4 1052 1053 1054 1055
4 1056 1057 1058 1059
4 1060 1061 1062 1063
4 1064 1065 1066 1067
4 1068 1069 1070 1071
4 1072 1073 1074 1075
4 1076 1077 1078 1079
4 1080 1081 1082 1083
4 1084 1085 1086 1087
4 1088 1089 1090 1091
4 1092 1093 1094 1095
4 1096 1097 1098 1099
4 1100 1101 1102 1103
4 1104 1105 1106 1107
4 1108 1109 1110 1111
4 1112 1113 1114 1115
4 1116 1117 1118 1119
4 1120 1121 1122 1123
4 1124 1125 1126 1127
4 1128 1129 1130 1131
4 1132 1133 1134 1135
4 1136 1137 1138 1139
4 1140 1141 1142 1143
4 1144 1145 1146 1147
4 1148 1149 1150 1151
4 1152 1153 1154 1155
4 1156 1157 1158 1159
4 1160 1161 1162 1163
4 1164 1165 1166 1167
4 1168 1169 1170 1171
4 1172 1173 1174 1175
4 1176 1177 1178 1179
4 1180 1181 1182 1183
4 1184 1185 1186 1187
4 1188 1189 1190 1191
4 1192 1193 1194 1195
4 1196 1197 1198 1199
4 1200 1201 1202 1203
4 1204 1205 1206 1207
4 1208 1209 1210 1211
4 1212 1213 1214 1215
4 1216 1217 1218 1219
4 1220 1221 1222 1223
4 1224 1225 1226 1227
4 1228 1229 1230 1231
4 1232 1233 1234 1235
4 1236 1237 1238 1239
4 1240 1241 1242 1243
4 1244 1245 1246 1247
4 1248 1249 1250 1251
4 1252 1253 1254 1255
4 1256 1257 1258 1259
4 1260 1261 1262 1263
4 1264 1265 1266 1267
4 1268 1269 1270 1271
4 1272 1273 1274 1275
4 1276 1277 1278 1279
4 1280 1281 1282 1283
4 1284 1285 1286 1287
4 1288 1289 1290 1291
4 1292 1293 1294 1295
4 1296 1297 1298 1299
4 1300 1301 1302 1303
4 1304 1305 1306 1307
4 1308 1309 1310 1311
4 1312 1313 1314 1315
4 1316 1317 1318 1319
4 1320 1321 1322 1323
4 1324 1325 1326 1327
4 1328 1329 1330 1331
4 1332 1333 1334 1335
4 1336 1337 1338 1339
4 1340 1341 1342 1343
4 1344 1345 1346 1347
4 1348 1349 1350 1351
4 1352 1353 1354 1355
4 1356 1357 1358 1359
4 1360 1361 1362 1363
4 1364 1365 1366 1367
4 1368 1369 1370 1371
4 1372 1373 1374 1375
4 1376 1377 1378 1379
4 1380 1381 1382 1383
4 1384 1385 1386 1387
4 1388 1389 1390 1391
4 1392 1393 1394 1395
4 1396 1397 1398 1399
4 1400 1401 1402 1403
4 1404 1405 1406 1407
4 1408 1409 1410 1411
4 1412 1413 1414 1415
4 1416 1417 1418 1419
4 1420 1421 1422 1423
4 1424 1425 1426 1427
4 1428 1429 1430 1431
4 1432 1433 1434 1435
4 1436 1437 1438 1439
4 1440 1441 1442 1443
4 1444 1445 1446 1447
4 1448 1449 1450 1451
4 1452 1453 1454 1455
4 1456 1457 1458 1459
4 1460 1461 1462 1463
4 1464 1465 1466 1467
4 1468 1469 1470 1471
4 1472 1473 1474 1475
4 1476 1477 1478 1479
4 1480 1481 1482 1483
4 1484 1485 1486 1487
4 1488 1489 1490 1491
4 1492 1493 1494 1495
4 1496 1497 1498 1499
4 1500 1501 1502 1503
4 1504 1505 1506 1507
4 1508 1509 1510 1511
4 1512 1513 1514 1515
4 1516 1517 1518 1519
4 1520 1521 1522 1523
4 1524 1525 1526 1527
4 1528 1529 1530 1531
4 1532 1533 1534 1535
4 1536 1537 1538 1539
4 1540 1541 1542 1543
4 1544 1545 1546 1547
4 1548 1549 1550 1551
4 1552 1553 1554 1555
4 1556 1557 1558 1559
4 1560 1561 1562 1563
4 1564 1565 1566 1567
4 1568 1569 1570 1571
4 1572 1573 1574 1575
4 1576 1577 1578 1579
4 1580 1581 1582 1583
4 1584 1585 1586 1587
4 1588 1589 1590 1591
4 1592 1593 1594 1595
4 1596 1597 1598 1599
4 1600 1601 1602 1603
4 1604 1605 1606 1607
4 1608 1609 1610 1611
4 1612 1613 1614 1615
4 1616 1617 1618 1619
4 1620 1621 1622 1623
4 1624 1625 1626 1627
4 1628 1629 1630 1631
4 1632 1633 1634 1635
4 1636 1637 1638 1639
4 1640 1641 1642 1643
4 1644 1645 1646 1647
4 1648 1649 1650 1651
4 1652 1653 1654 1655
4 1656 1657 1658 1659
4 1660 1661 1662 1663
4 1664 1665 1666 1667
4 1668 1669 1670 1671
4 1672 1673 1674 1675
4 1676 1677 1678 1679
4 1680 1681 1682 1683
4 1684 1685 1686 1687
4 1688 1689 1690 1691
4 1692 1693 1694 1695
4 1696 1697 1698 1699
4 1700 1701 1702 1703
4 1704 1705 1706 1707
4 1708 1709 1710 1711
4 1712 1713 1714 1715
4 1716 1717 1718 1719
4 1720 1721 1722 1723
4 1724 1725 1726 1727
4 1728 1729 1730 1731
4 1732 1733 1734 1735
4 1736 1737 1738 1739
4 1740 1741 1742 1743
4 1744 1745 1746 1747
4 1748 1749 1750 1751
4 1752 1753 1754 1755
4 1756 1757 1758 1759
4 1760 1761 1762 1763
4 1764 1765 1766 1767
4 1768 1769 1770 1771
4 1772 1773 1774 1775
4 1776 1777 1778 1779
4 1780 1781 1782 1783
4 1784 1785 1786 1787
4 1788 1789 1790 1791
4 1792 1793 1794 1795
4 1796 1797 1798 1799
4 1800 1801 1802 1803
4 1804 1805 1806 1807
4 1808 1809 1810 1811
4 1812 1813 1814 1815
4 1816 1817 1818 1819
4 1820 1821 1822 1823
4 1824 1825 1826 1827
4 1828 1829 1830 1831
4 1832 1833 1834 1835
4 1836 1837 1838 1839
4 1840 1841 1842 1843
4 1844 1845 1846 1847
4 1848 1849 1850 1851
4 1852 1853 1854 1855
4 1856 1857 1858 1859
4 1860 1861 1862 1863
4 1864 1865 1866 1867
4 1868 1869 1870 1871
4 1872 1873 1874 1875
4 1876 1877 1878 1879
4 1880 1881 1882 1883
4 1884 1885 1886 1887
4 1888 1889 1890 1891
4 1892 1893 1894 1895
4 1896 1897 1898 1899
4 1900 1901 1902 1903
4 1904 1905 1906 1907
4 1908 1909 1910 1911
4 1912 1913 1914 1915
4 1916 1917 1918 1919
4 1920 1921 1922 1923
4 1924 1925 1926 1927
4 1928 1929 1930 1931
4 1932 1933 1934 1935
4 1936 1937 1938 1939
4 1940 1941 1942 1943
4 1944 1945 1946 1947
4 1948 1949 1950 1951
4 1952 1953 1954 1955
4 1956 1957 1958 1959
4 1960 1961 1962 1963
4 1964 1965 1966 1967
4 1968 1969 1970 1971
4 1972 1973 1974 1975
4 1976 1977 1978 1979
4 1980 1981 1982 1983
4 1984 1985 1986 1987
4 1988 1989 1990 1991
4 1992 1993 1994 1995
4 1996 1997 1998 1999
4 2000 2001 2002 2003
4 2004 2005 2006 2007
4 2008 2009 2010 2011
4 2012 2013 2014 2015
4 2016 2017 2018 2019
4 2020 2021 2022 2023
4 2024 2025 2026 2027
4 2028 2029 2030 2031
4 2032 2033 2034 2035
4 2036 2037 2038 2039
4 2040 2041 2042 2043
4 2044 2045 2046 2047
4 2048 2049 2050 2051
4 2052 2053 2054 2055
4 2056 2057 2058 2059
4 2060 2061 2062 2063
4 2064 2065 2066 2067
4 2068 2069 2070 2071
4 2072 2073 2074 2075
4 2076 2077 2078 2079
4 2080 2081 2082 2083
4 2084 2085 2086 2087
4 2088 2089 2090 2091
4 2092 2093 2094 2095
4 2096 2097 2098 2099
4 2100 2101 2102 2103
4 2104 2105 2106 2107
4 2108 2109 2110 2111
4 2112 2113 2114 2115
4 2116 2117 2118 2119
4 2120 2121 2122 2123
4 2124 2125 2126 2127
4 2128 2129 2130 2131
4 2132 2133 2134 2135
4 2136 2137 2138 2139
4 2140 2141 2142 2143
4 2144 2145 2146 2147
4 2148 2149 2150 2151
4 2152 2153 2154 2155
4 2156 2157 2158 2159
4 2160 2161 2162 2163
4 2164 2165 2166 2167
4 2168 2169 2170 2171
4 2172 2173 2174 2175
4 2176 2177 2178 2179
4 2180 2181 2182 2183
4 2184 2185 2186 2187
4 2188 2189 2190 2191
4 2192 2193 2194 2195
4 2196 2197 2198 2199
4 2200 2201 2202 2203
4 2204 2205 2206 2207
4 2208 2209 2210 2211
4 2212 2213 2214 2215
4 2216 2217 2218 2219
4 2220 2221 2222 2223
4 2224 2225 2226 2227
4 2228 2229 2230 2231
4 2232 2233 2234 2235
4 2236 2237 2238 2239
4 2240 2241 2242 2243
4 2244 2245 2246 2247
4 2248 2249 2250 2251
4 2252 2253 2254 2255
4 2256 2257 2258 2259
4 2260 2261 2262 2263
4 2264 2265 2266 2267
4 2268 2269 2270 2271
4 2272 2273 2274 2275
4 2276 2277 2278 2279
4 2280 2281 2282 2283
4 2284 2285 2286 2287
4 2288 2289 2290 2291
4 2292 2293 2294 2295
4 2296 2297 2298 2299
4 2300 2301 2302 2303
4 2304 2305 2306 2307
4 2308 2309 2310 2311
4 2312 2313 2314 2315
4 2316 2317 2318 2319
4 2320 2321 2322 2323
4 2324 2325 2326 2327
4 2328 2329 2330 2331
4 2332 2333 2334 2335
4 2336 2337 2338 2339
4 2340 2341 2342 2343
4 2344 2345 2346 2347
4 2348 2349 2350 2351
4 2352 2353 2354 2355
4 2356 2357 2358 2359
4 2360 2361 2362 2363
4 2364 2365 2366 2367
4 2368 2369 2370 2371
4 2372 2373 2374 2375
4 2376 2377 2378 2379
4 2380 2381 2382 2383
4 2384 2385 2386 2387
4 2388 2389 2390 2391
4 2392 2393 2394 2395
4 2396 2397 2398 2399
4 2400 2401 2402 2403
4 2404 2405 2406 2407
4 2408 2409 2410 2411
4 2412 2413 2414 2415
4 2416 2417 2418 2419
4 2420 2421 2422 2423
4 2424 2425 2426 2427
4 2428 2429 2430 2431
4 2432 2433 2434 2435
4 2436 2437 2438 2439
4 2440 2441 2442 2443
4 2444 2445 2446 2447
4 2448 2449 2450 2451
4 2452 2453 2454 2455
4 2456 2457 2458 2459
4 2460 2461 2462 2463
4 2464 2465 2466 2467
4 2468 2469 2470 2471
4 2472 2473 2474 2475
4 2476 2477 2478 2479
4 2480 2481 2482 2483
4 2484 2485 2486 2487
4 2488 2489 2490 2491
4 2492 2493 2494 2495
4 2496 2497 2498 2499
4 2500 2501 2502 2503
4 2504 2505 2506 2507
4 2508 2509 2510 2511
4 2512 2513 2514 2515
4 2516 2517 2518 2519
4 2520 2521 2522 2523
4 2524 2525 2526 2527
4 2528 2529 2530 2531
4 2532 2533 2534 2535
4 2536 2537 2538 2539
4 2540 2541 2542 2543
4 2544 2545 2546 2547
4 2548 2549 2550 2551
4 2552 2553 2554 2555
4 2556 2557 2558 2559
4 2560 2561 2562 2563
4 2564 2565 2566 2567
4 2568 2569 2570 2571
4 2572 2573 2574 2575
4 2576 2577 2578 2579
4 2580 2581 2582 2583
4 2584 2585 2586 2587
4 2588 2589 2590 2591
4 2592 2593 2594 2595
4 2596 2597 2598 2599
4 2600 2601 2602 2603
4 2604 2605 2606 2607
4 2608 2609 2610 2611
4 2612 2613 2614 2615
4 2616 2617 2618 2619
4 2620 2621 2622 2623
4 2624 2625 2626 2627
4 2628 2629 2630 2631
4 2632 2633 2634 2635
4 2636 2637 2638 2639
4 2640 2641 2642 2643
4 2644 2645 2646 2647
4 2648 2649 2650 2651
4 2652 2653 2654 2655
4 2656 2657 2658 2659
4 2660 2661 2662 2663
4 2664 2665 2666 2667
4 2668 2669 2670 2671
4 2672 2673 2674 2675
4 2676 2677 2678 2679
4 2680 2681 2682 2683
4 2684 2685 2686 2687
4 2688 2689 2690 2691
4 2692 2693 2694 2695
4 2696 2697 2698 2699
4 2700 2701 2702 2703
4 2704 2705 2706 2707
4 2708 2709 2710 2711
4 2712 2713 2714 2715
4 2716 2717 2718 2719
4 2720 2721 2722 2723
4 2724 2725 2726 2727
4 2728 2729 2730 2731
4 2732 2733 2734 2735
4 2736 2737 2738 2739
4 2740 2741 2742 2743
4 2744 2745 2746 2747
4 2748 2749 2750 2751
4 2752 2753 2754 2755
4 2756 2757 2758 2759
4 2760 2761 2762 2763
4 2764 2765 2766 2767
4 2768 2769 2770 2771
4 2772 2773 2774 2775
4 2776 2777 2778 2779
4 2780 2781 2782 2783
4 2784 2785 2786 2787
4 2788 2789 2790 2791
4 2792 2793 2794 2795
4 2796 2797 2798 2799
4 2800 2801 2802 2803
4 2804 2805 2806 2807
4 2808 2809 2810 2811
4 2812 2813 2814 2815
4 2816 2817 2818 2819
4 2820 2821 2822 2823
4 2824 2825 2826 2827
4 2828 2829 2830 2831
4 2832 2833 2834 2835
4 2836 2837 2838 2839
4 2840 2841 2842 2843
4 2844 2845 2846 2847
4 2848 2849 2850 2851
4 2852 2853 2854 2855
4 2856 2857 2858 2859
4 2860 2861 2862 2863
4 2864 2865 2866 2867
4 2868 2869 2870 2871
4 2872 2873 2874 2875
4 2876 2877 2878 2879
4 2880 2881 2882 2883
4 2884 2885 2886 2887
4 2888 2889 2890 2891
4 2892 2893 2894 2895
4 2896 2897 2898 2899
4 2900 2901 2902 2903
4 2904 2905 2906 2907
4 2908 2909 2910 2911
4 2912 2913 2914 2915
4 2916 2917 2918 2919
4 2920 2921 2922 2923
4 2924 2925 2926 2927
4 2928 2929 2930 2931
4 2932 2933 2934 2935
4 2936 2937 2938 2939
4 2940 2941 2942 2943
4 2944 2945 2946 2947
4 2948 2949 2950 2951
4 2952 2953 2954 2955
4 2956 2957 2958 2959
4 2960 2961 2962 2963
4 2964 2965 2966 2967
4 2968 2969 2970 2971
4 2972 2973 2974 2975
4 2976 2977 2978 2979
4 2980 2981 2982 2983
4 2984 2985 2986 2987
4 2988 2989 2990 2991
4 2992 2993 2994 2995
4 2996 2997 2998 2999
4 3000 3001 3002 3003
4 3004 3005 3006 3007
4 3008 3009 3010 3011
4 3012 3013 3014 3015
4 3016 3017 3018 3019
4 3020 3021 3022 3023
4 3024 3025 3026 3027
4 3028 3029 3030 3031
4 3032 3033 3034 3035
4 3036 3037 3038 3039
4 3040 3041 3042 3043
4 3044 3045 3046 3047
4 3048 3049 3050 3051
4 3052 3053 3054 3055
4 3056 3057 3058 3059
4 3060 3061 3062 3063
4 3064 3065 3066 3067
4 3068 3069 3070 3071
4 3072 3073 3074 3075
4 3076 3077 3078 3079
4 3080 3081 3082 3083
4 3084 3085 3086 3087
4 3088 3089 3090 3091
4 3092 3093 3094 3095
4 3096 3097 3098 3099
4 3100 3101 3102 3103
4 3104 3105 3106 3107
4 3108 3109 3110 3111
4 3112 3113 3114 3115
4 3116 3117 3118 3119
4 3120 3121 3122 3123
4 3124 3125 3126 3127
4 3128 3129 3130 3131
4 3132 3133 3134 3135
4 3136 3137 3138 3139
4 3140 3141 3142 3143
4 3144 3145 3146 3147
4 3148 3149 3150 3151
4 3152 3153 3154 3155
4 3156 3157 3158 3159
4 3160 3161 3162 3163
4 3164 3165 3166 3167
4 3168 3169 3170 3171
4 3172 3173 3174 3175
4 3176 3177 3178 3179
4 3180 3181 3182 3183
4 3184 3185 3186 3187
4 3188 3189 3190 3191
4 3192 3193 3194 3195
4 3196 3197 3198 3199
4 3200 3201 3202 3203
4 3204 3205 3206 3207
4 3208 3209 3210 3211
4 3212 3213 3214 3215
4 3216 3217 3218 3219
4 3220 3221 3222 3223
4 3224 3225 3226 3227
4 3228 3229 3230 3231
4 3232 3233 3234 3235
4 3236 3237 3238 3239
4 3240 3241 3242 3243
4 3244 3245 3246 3247
4 3248 3249 3250 3251
4 3252 3253 3254 3255
4 3256 3257 3258 3259
4 3260 3261 3262 3263
4 3264 3265 3266 3267
4 3268 3269 3270 3271
4 3272 3273 3274 3275
4 3276 3277 3278 3279
4 3280 3281 3282 3283
4 3284 3285 3286 3287
4 3288 3289 3290 3291
4 3292 3293 3294 3295
4 3296 3297 3298 3299
4 3300 3301 3302 3303
4 3304 3305 3306 3307
4 3308 3309 3310 3311
4 3312 3313 3314 3315
4 3316 3317 3318 3319
4 3320 3321 3322 3323
4 3324 3325 3326 3327
4 3328 3329 3330 3331
4 3332 3333 3334 3335
4 3336 3337 3338 3339
4 3340 3341 3342 3343
4 3344 3345 3346 3347
4 3348 3349 3350 3351
4 3352 3353 3354 3355
4 3356 3357 3358 3359
4 3360 3361 3362 3363
4 3364 3365 3366 3367
4 3368 3369 3370 3371
4 3372 3373 3374 3375
4 3376 3377 3378 3379
4 3380 3381 3382 3383
4 3384 3385 3386 3387
4 3388 3389 3390 3391
4 3392 3393 3394 3395
4 3396 3397 3398 3399
4 3400 3401 3402 3403
4 3404 3405 3406 3407
4 3408 3409 3410 3411
4 3412 3413 3414 3415
4 3416 3417 3418 3419
4 3420 3421 3422 3423
4 3424 3425 3426 3427
4 3428 3429 3430 3431
4 3432 3433 3434 3435
4 3436 3437 3438 3439
4 3440 3441 3442 3443
4 3444 3445 3446 3447
4 3448 3449 3450 3451
4 3452 3453 3454 3455
4 3456 3457 3458 3459
4 3460 3461 3462 3463
4 3464 3465 3466 3467
4 3468 3469 3470 3471
4 3472 3473 3474 3475
4 3476 3477 3478 3479
4 3480 3481 3482 3483
4 3484 3485 3486 3487
4 3488 3489 3490 3491
4 3492 3493 3494 3495
4 3496 3497 3498 3499
4 3500 3501 3502 3503
4 3504 3505 3506 3507
4 3508 3509 3510 3511
4 3512 3513 3514 3515
4 3516 3517 3518 3519
4 3520 3521 3522 3523
4 3524 3525 3526 3527
4 3528 3529 3530 3531
4 3532 3533 3534 3535
4 3536 3537 3538 3539
4 3540 3541 3542 3543
4 3544 3545 3546 3547
4 3548 3549 3550 3551
4 3552 3553 3554 3555
4 3556 3557 3558 3559
4 3560 3561 3562 3563
4 3564 3565 3566 3567
4 3568 3569 3570 3571
4 3572 3573 3574 3575
4 3576 3577 3578 3579
4 3580 3581 3582 3583
4 3584 3585 3586 3587
4 3588 3589 3590 3591
4 3592 3593 3594 3595
4 3596 3597 3598 3599
4 3600 3601 3602 3603
4 3604 3605 3606 3607
4 3608 3609 3610 3611
4 3612 3613 3614 3615
4 3616 3617 3618 3619
4 3620 3621 3622 3623
4 3624 3625 3626 3627
4 3628 3629 3630 3631
4 3632 3633 3634 3635
4 3636 3637 3638 3639
4 3640 3641 3642 3643
4 3644 3645 3646 3647
4 3648 3649 3650 3651
4 3652 3653 3654 3655
4 3656 3657 3658 3659
4 3660 3661 3662 3663
4 3664 3665 3666 3667
4 3668 3669 3670 3671
4 3672 3673 3674 3675
4 3676 3677 3678 3679
4 3680 3681 3682 3683
4 3684 3685 3686 3687
4 3688 3689 3690 3691
4 3692 3693 3694 3695
CELL_TYPES 924
9
9
9
9
9
9
9
9
9
9
9
9
9
9
9
9
9
9
9
9
9
9
9
9
9
9
9
9
9
9
9
9
9
9
9
9
9
9
9
9
9
9
9
9
9
9
9
9
9
9
9
9
9
9
9
9
9
9
9
9
9
9
9
9
9
9
9
9
9
9
9
9
9
9
9
9
9
9
9
9
9
9
9
9
9
9
9
9
9
9
9
9
9
9
9
9
9
9
9
9
9
9
9
9
9
9
9
9
9
9
9
9
9
9
9
9
9
9
9
9
9
9
9
9
9
9
9
9
9
9
9
9
9
9
9
9
9
9
9
9
9
9
9
9
9
9
9
9
9
9
9
9
9
9
9
9
9
9
9
9
9
9
9
9
9
9
9
9
9
9
9
9
9
9
9
9
9
9
9
9
9
9
9
9
9
9
9
9
9
9
9
9
9
9
9
9
9
9
9
9
9
9
9
9
9
9
9
9
9
9
9
9
9
9
9
9
9
9
9
9
9
9
9
9
9
9
9
9
9
9
9
9
9
9
9
9
9
9
9
9
9
9
9
9
9
9
9
9
9
9
9
9
9
9
9
9
9
9
9
9
9
9
9
9
9
9
9
9
9
9
9
9
9
9
9
9
9
9
9
9
9
9
9
9
9
9
9
9
9
9
9
9
9
9
9
9
9
9
9
9
9
9
9
9
9
9
9
9
9
9
9
9
9
9
9
9
9
9
9
9
9
9
9
9
9
9
9
9
9
9
9
9
9
9
9
9
9
9
9
9
9
9
9
9
9
9
9
9
9
9
9
9
9
9
9
9
9
9
9
9
9
9
9
9
9
9
9
9
9
9
9
9
9
9
9
9
9
9
9
9
9
9
9
9
9
9
9
9
9
9
9
9
9
9
9
9
9
9
9
9
9
9
9
9
9
9
9
9
9
9
9
9
9
9
9
9
9
9
9
9
9
9
9
9
9
9
9
9
9
9
9
9
9
9
9
9
9
9
9
9
9
9
9
9
9
9
9
9
9
9
9
9
9
9
9
9
9
9
9
9
9
9
9
9
9
9
9
9
9
9
9
9
9
9
9
9
9
9
9
9
9
9
9
9
9
9
9
9
9
9
9
9
9
9
9
9
9
9
9
9
9
9
9
9
9
9
9
9
9
9
9
9
9
9
9
9
9
9
9
9
9
9
9
9
9
9
9
9
9
9
9
9
9
9
9
9
9
9
9
9
9
9
9
9
9
9
9
9
9
9
9
9
9
9
9
9
9
9
9
9
9
9
9
9
9
9
9
9
9
9
9
9
9
9
9
9
9
9
9
9
9
9
9
9
9
9
9
9
9
9
9
9
9
9
9
9
9
9
9
9
9
9
9
9
9
9
9
9
9
9
9
9
9
9
9
9
9
9
9
9
9
9
9
9
9
9
9
9
9
9
9
9
9
9
9
9
9
9
9
9
9
9
9
9
9
9
9
9
9
9
9
9
9
9
9
9
9
9
9
9
9
9
9
9
9
9
9
9
9
9
9
9
9
9
9
9
9
9
9
9
9
9
9
9
9
9
9
9
9
9
9
9
9
9
9
9
9
9
9
9
9
9
9
9
9
9
9
9
9
9
9
9
9
9
9
9
9
9
9
9
9
9
9
9
9
9
9
9
9
9
9
9
9
9
9
9
9
9
9
9
9
9
9
9
9
9
9
9
9
9
9
9
9
9
9
9
9
9
9
9
9
9
9
9
9
9
9
9
9
9
9
9
9
9
9
9
9
9
9
9
9
9
9
9
9
9
9
9
9
9
9
9
9
9
9
9
9
9
9
9
9
9
9
9
9
9
9
9
9
9
9
9
9
9
9
9
9
9
9
9
9
9
9
9
9
9
9
9
9
9
9
9
9
9
9
9
9
9
9
9
9
9
9
9
9
9
9
9
9
9
9
9
9
9
9
9
9
9
9
9
9
9
9
9
9
9
9
9
9
9
9
9
9
9
9
9
9
9
9
9
9
9
9
9
9
9
9
9
9
9
9
9
9
9
9
9
9
9
9
9
9
9
9
9
9
9
9
9
9
9
9
9
9
9
9
9
9
9
9
9
9
9
9
9
CELL_DATA 924
SCALARS area double 1
LOOKUP_TABLE default
1.47699e-05
1.49382e-05
1.5049e-05
1.51201e-05
1.47426e-05
1.32065e-05
1.50316e-05
1.49439e-05
1.48879e-05
1.48542e-05
2.43954e-05
2.46848e-05
2.49071e-05
2.50781e-05
2.45828e-05
2.05427e-05
2.50338e-05
2.47627e-05
2.46296e-05
2.45426e-05
2.61753e-05
2.65082e-05
2.68043e-05
2.70685e-05
2.6708e-05
2.04368e-05
2.71451e-05
2.67203e-05
2.65086e-05
2.63609e-05
2.73205e-05
2.76515e-05
2.79631e-05
2.82609e-05
2.80428e-05
1.97828e-05
2.83836e-05
2.79364e-05
2.76952e-05
2.75224e-05
2.82655e-05
2.85541e-05
2.88259e-05
2.90971e-05
2.89819e-05
1.89981e-05
2.91822e-05
2.8821e-05
2.86078e-05
2.8452e-05
2.9008e-05
2.9255e-05
2.94866e-05
2.97273e-05
2.96865e-05
1.81951e-05
2.9795e-05
2.95053e-05
2.93187e-05
2.91793e-05
2.95332e-05
2.97413e-05
2.99352e-05
3.01452e-05
3.0158e-05
1.74318e-05
3.02066e-05
2.99777e-05
2.98152e-05
2.9691e-05
2.98967e-05
3.007e-05
3.02302e-05
3.04112e-05
3.04589e-05
1.67616e-05
3.0469e-05
3.02897e-05
3.01497e-05
3.00403e-05
3.00636e-05
3.02068e-05
3.03386e-05
3.04937e-05
3.05641e-05
1.61568e-05
3.05458e-05
3.04069e-05
3.02875e-05
3.01925e-05
3.00604e-05
3.01777e-05
3.02855e-05
3.04181e-05
3.05023e-05
1.56144e-05
3.04629e-05
3.03571e-05
3.02561e-05
3.01745e-05
2.98804e-05
2.99757e-05
3.00639e-05
3.01773e-05
3.02701e-05
1.51099e-05
3.02127e-05
3.01336e-05
3.00492e-05
2.998e-05
2.95795e-05
2.96567e-05
2.97294e-05
2.9827e-05
2.99243e-05
1.46326e-05
2.98477e-05
2.97901e-05
2.97211e-05
2.9664e-05
2.91194e-05
2.91814e-05
2.92418e-05
2.93264e-05
2.94261e-05
1.41262e-05
2.93321e-05
2.92912e-05
2.92357e-05
2.91894e-05
2.85132e-05
2.85619e-05
2.86115e-05
2.86844e-05
2.87849e-05
1.35853e-05
2.8681e-05
2.8653e-05
2.86083e-05
2.85709e-05
2.78173e-05
2.78549e-05
2.78953e-05
2.79574e-05
2.80555e-05
1.30276e-05
2.79476e-05
2.7929e-05
2.78936e-05
2.78638e-05
2.70021e-05
2.70304e-05
2.70632e-05
2.71159e-05
2.72108e-05
1.24407e-05
2.71024e-05
2.70907e-05
2.70627e-05
2.70392e-05
2.60896e-05
2.61098e-05
2.61358e-05
2.61799e-05
2.62705e-05
1.18374e-05
2.61662e-05
2.61596e-05
2.61374e-05
2.61188e-05
2.50863e-05
2.51e-05
2.51203e-05
2.51564e-05
2.52409e-05
1.1219e-05
2.5144e-05
2.51409e-05
2.51235e-05
2.51089e-05
2.40394e-05
2.4048e-05
2.40637e-05
2.40931e-05
2.41716e-05
1.06086e-05
2.40817e-05
2.40811e-05
2.40676e-05
2.40564e-05
2.29236e-05
2.29282e-05
2.29399e-05
2.29631e-05
2.30345e-05
9.98791e-06
2.29541e-05
2.29552e-05
2.29447e-05
2.29361e-05
2.17538e-05
2.17549e-05
2.17622e-05
2.17796e-05
2.18426e-05
9.38499e-06
2.1775e-05
2.17761e-05
2.17676e-05
2.17614e-05
2.05775e-05
2.05776e-05
2.05827e-05
2.05962e-05
2.06512e-05
8.80908e-06
2.05929e-05
2.05949e-05
2.05883e-05
2.05835e-05
1.93725e-05
1.93719e-05
1.93752e-05
1.93854e-05
1.94331e-05
8.23305e-06
1.93835e-05
1.93861e-05
1.9381e-05
1.93772e-05
1.81609e-05
1.81598e-05
1.81618e-05
1.81691e-05
1.82094e-05
7.66534e-06
1.81686e-05
1.81715e-05
1.81676e-05
1.81646e-05
1.69458e-05
1.69444e-05
1.69452e-05
1.69501e-05
1.69834e-05
7.11125e-06
1.69509e-05
1.6954e-05
1.6951e-05
1.69487e-05
1.57679e-05
1.57663e-05
1.57664e-05
1.57693e-05
1.57962e-05
6.5822e-06
1.57709e-05
1.57741e-05
1.57718e-05
1.577e-05
1.46123e-05
1.46106e-05
1.46101e-05
1.46113e-05
1.46324e-05
6.07267e-06
1.46138e-05
1.4617e-05
1.46152e-05
1.46139e-05
1.35009e-05
1.34991e-05
1.34981e-05
1.34981e-05
1.35139e-05
5.59263e-06
1.35012e-05
1.35043e-05
1.3503e-05
1.35019e-05
1.24402e-05
1.24384e-05
1.24372e-05
1.24361e-05
1.24472e-05
5.13976e-06
1.24396e-05
1.24426e-05
1.24417e-05
1.24409e-05
1.09935e-05
1.09919e-05
1.09906e-05
1.09888e-05
1.09955e-05
4.53543e-06
1.09924e-05
1.09952e-05
1.09946e-05
1.09939e-05
2.53092e-06
2.53055e-06
2.53021e-06
2.52973e-06
2.53091e-06
1.04341e-06
2.53059e-06
2.53123e-06
2.53111e-06
2.53099e-06
2.03189e-06
2.03157e-06
2.03127e-06
2.03083e-06
2.03177e-06
8.38623e-07
2.03158e-06
2.03211e-06
2.03201e-06
2.0319e-06
1.98668e-06
1.98588e-06
1.98533e-06
1.98536e-06
1.99077e-06
8.60075e-07
1.98573e-06
1.9863e-06
1.98612e-06
1.98597e-06
1.93337e-06
1.9314e-06
1.93015e-06
1.93095e-06
1.94562e-06
9.18488e-07
1.93067e-06
1.93133e-06
1.931e-06
1.93078e-06
1.85052e-06
1.84672e-06
1.84436e-06
1.84628e-06
1.87526e-06
9.98221e-07
1.84497e-06
1.84577e-06
1.84523e-06
1.84491e-06
1.73905e-06
1.73227e-06
1.72802e-06
1.73144e-06
1.78199e-06
1.10287e-06
1.72868e-06
1.7297e-06
1.72887e-06
1.7284e-06
1.58908e-06
1.5774e-06
1.56999e-06
1.57584e-06
1.66131e-06
1.24286e-06
1.57066e-06
1.57205e-06
1.57076e-06
1.57007e-06
1.37846e-06
1.35623e-06
1.34189e-06
1.35267e-06
1.50926e-06
1.46875e-06
1.3425e-06
1.34469e-06
1.34243e-06
1.34127e-06
1.04684e-06
9.88736e-07
9.49604e-07
9.78104e-07
1.34992e-06
1.94153e-06
9.50007e-07
9.5525e-07
9.49489e-07
9.46583e-07
4.04101e-07
3.71837e-07
3.49383e-07
3.64931e-07
5.60654e-07
8.85022e-07
3.49193e-07
3.52108e-07
3.48958e-07
3.47385e-07
1.48088e-05
2.44408e-05
2.62073e-05
2.7347e-05
2.82895e-05
2.90296e-05
2.95538e-05
2.99164e-05
3.00824e-05
3.0078e-05
2.98969e-05
2.95944e-05
2.91325e-05
2.85248e-05
2.78274e-05
2.7011e-05
2.60973e-05
2.50931e-05
2.40453e-05
2.29289e-05
2.17583e-05
2.05809e-05
1.93751e-05
1.81628e-05
1.69471e-05
1.57687e-05
1.46127e-05
1.35009e-05
1.24401e-05
1.09933e-05
2.53087e-06
2.03181e-06
1.98587e-06
1.93067e-06
1.84479e-06
1.72827e-06
1.56992e-06
1.34106e-06
9.46127e-07
3.47156e-07
9.22269e-06
6.6191e-06
6.06052e-06
6.42851e-06
1.02636e-05
2.01939e-05
7.94175e-06
4.43643e-06
4.38959e-06
4.11555e-06
2.34169e-06
1.92383e-09
1.47322e-09
1.27519e-09
1.37849e-09
2.27552e-09
3.89288e-09
7.88101e-10
7.29054e-10
7.46697e-10
6.98962e-10
6.33742e-10
1.47699e-05
1.49382e-05
1.5049e-05
1.51201e-05
1.47426e-05
1.32065e-05
1.50316e-05
1.49439e-05
1.48879e-05
1.48542e-05
2.43954e-05
2.46848e-05
2.49071e-05
2.50781e-05
2.45828e-05
2.05427e-05
2.50338e-05
2.47627e-05
2.46296e-05
2.45426e-05
2.61753e-05
2.65082e-05
2.68043e-05
2.70685e-05
2.6708e-05
2.04368e-05
2.71451e-05
2.67203e-05
2.65086e-05
2.63609e-05
2.73205e-05
2.76515e-05
2.79631e-05
2.82609e-05
2.80428e-05
1.97828e-05
2.83836e-05
2.79364e-05
2.76952e-05
2.75224e-05
2.82655e-05
2.85541e-05
2.88259e-05
2.90971e-05
2.89819e-05
1.89981e-05
2.91822e-05
2.8821e-05
2.86078e-05
2.8452e-05
2.9008e-05
2.9255e-05
2.94866e-05
2.97273e-05
2.96865e-05
1.81951e-05
2.9795e-05
2.95053e-05
2.93187e-05
2.91793e-05
2.95332e-05
2.97413e-05
2.99352e-05
3.01452e-05
3.0158e-05
1.74318e-05
3.02066e-05
2.99777e-05
2.98152e-05
2.9691e-05
2.98967e-05
3.007e-05
3.02302e-05
3.04112e-05
3.04589e-05
1.67616e-05
3.0469e-05
3.02897e-05
3.01497e-05
3.00403e-05
3.00636e-05
3.02068e-05
3.03386e-05
3.04937e-05
3.05641e-05
1.61568e-05
3.05458e-05
3.04069e-05
3.02875e-05
3.01925e-05
3.00604e-05
3.01777e-05
3.02855e-05
3.04181e-05
3.05023e-05
1.56144e-05
3.04629e-05
3.03571e-05
3.02561e-05
3.01745e-05
2.98804e-05
2.99757e-05
3.00639e-05
3.01773e-05
3.02701e-05
1.51099e-05
3.02127e-05
3.01336e-05
3.00492e-05
2.998e-05
2.95795e-05
2.96567e-05
2.97294e-05
2.9827e-05
2.99243e-05
1.46326e-05
2.98477e-05
2.97901e-05
2.97211e-05
2.9664e-05
2.91194e-05
2.91814e-05
2.92418e-05
2.93264e-05
2.94261e-05
1.41262e-05
2.93321e-05
2.92912e-05
2.92357e-05
2.91894e-05
2.85132e-05
2.85619e-05
2.86115e-05
2.86844e-05
2.87849e-05
1.35853e-05
2.8681e-05
2.8653e-05
2.86083e-05
2.85709e-05
2.78173e-05
2.78549e-05
2.78953e-05
2.79574e-05
2.80555e-05
1.30276e-05
2.79476e-05
2.7929e-05
2.78936e-05
2.78638e-05
2.70021e-05
2.70304e-05
2.70632e-05
2.71159e-05
2.72108e-05
1.24407e-05
2.71024e-05
2.70907e-05
2.70627e-05
2.70392e-05
2.60896e-05
2.61098e-05
2.61358e-05
2.61799e-05
2.62705e-05
1.18374e-05
2.61662e-05
2.61596e-05
2.61374e-05
2.61188e-05
2.50863e-05
2.51e-05
2.51203e-05
2.51564e-05
2.52409e-05
1.1219e-05
2.5144e-05
2.51409e-05
2.51235e-05
2.51089e-05
2.40394e-05
2.4048e-05
2.40637e-05
2.40931e-05
2.41716e-05
1.06086e-05
2.40817e-05
2.40811e-05
2.40676e-05
2.40564e-05
2.29236e-05
2.29282e-05
2.29399e-05
2.29631e-05
2.30345e-05
9.98791e-06
2.29541e-05
2.29552e-05
2.29447e-05
2.29361e-05
2.17538e-05
2.17549e-05
2.17622e-05
2.17796e-05
2.18426e-05
9.38499e-06
2.1775e-05
2.17761e-05
2.17676e-05
2.17614e-05
2.05775e-05
2.05776e-05
2.05827e-05
2.05962e-05
2.06512e-05
8.80908e-06
2.05929e-05
2.05949e-05
2.05883e-05
2.05835e-05
1.93725e-05
1.93719e-05
1.93752e-05
1.93854e-05
1.94331e-05
8.23305e-06
1.93835e-05
1.93861e-05
1.9381e-05
1.93772e-05
1.81609e-05
1.81598e-05
1.81618e-05
1.81691e-05
1.82094e-05
7.66534e-06
1.81686e-05
1.81715e-05
1.81676e-05
1.81646e-05
1.69458e-05
1.69444e-05
1.69452e-05
1.69501e-05
1.69834e-05
7.11125e-06
1.69509e-05
1.6954e-05
1.6951e-05
1.69487e-05
1.57679e-05
1.57663e-05
1.57664e-05
1.57693e-05
1.57962e-05
6.5822e-06
1.57709e-05
1.57741e-05
1.57718e-05
1.577e-05
1.46123e-05
1.46106e-05
1.46101e-05
1.46113e-05
1.46324e-05
6.07267e-06
1.46138e-05
1.4617e-05
1.46152e-05
1.46139e-05
1.35009e-05
1.34991e-05
1.34981e-05
1.34981e-05
1.35139e-05
5.59263e-06
1.35012e-05
1.35043e-05
1.3503e-05
1.35019e-05
1.24402e-05
1.24384e-05
1.24372e-05
1.24361e-05
1.24472e-05
5.13976e-06
1.24396e-05
1.24426e-05
1.24417e-05
1.24409e-05
1.09935e-05
1.09919e-05
1.09906e-05
1.09888e-05
1.09955e-05
4.53543e-06
1.09924e-05
1.09952e-05
1.09946e-05
1.09939e-05
2.53092e-06
2.53055e-06
2.53021e-06
2.52973e-06
2.53091e-06
1.04341e-06
2.53059e-06
2.53123e-06
2.53111e-06
2.53099e-06
2.03189e-06
2.03157e-06
2.03127e-06
2.03083e-06
2.03177e-06
8.38623e-07
2.03158e-06
2.03211e-06
2.03201e-06
2.0319e-06
1.98668e-06
1.98588e-06
1.98533e-06
1.98536e-06
1.99077e-06
8.60075e-07
1.98573e-06
1.9863e-06
1.98612e-06
1.98597e-06
1.93337e-06
1.9314e-06
1.93015e-06
1.93095e-06
1.94562e-06
9.18488e-07
1.93067e-06
1.93133e-06
1.931e-06
1.93078e-06
1.85052e-06
1.84672e-06
1.84436e-06
1.84628e-06
1.87526e-06
9.98221e-07
1.84497e-06
1.84577e-06
1.84523e-06
1.84491e-06
1.73905e-06
1.73227e-06
1.72802e-06
1.73144e-06
1.78199e-06
1.10287e-06
1.72868e-06
1.7297e-06
1.72887e-06
1.7284e-06
1.58908e-06
1.5774e-06
1.56999e-06
1.57584e-06
1.66131e-06
1.24286e-06
1.57066e-06
1.57205e-06
1.57076e-06
1.57007e-06
1.37846e-06
1.35623e-06
1.34189e-06
1.35267e-06
1.50926e-06
1.46875e-06
1.3425e-06
1.34469e-06
1.34243e-06
1.34127e-06
1.04684e-06
9.88736e-07
9.49604e-07
9.78104e-07
1.34992e-06
1.94153e-06
9.50007e-07
9.5525e-07
9.49489e-07
9.46583e-07
4.04101e-07
3.71837e-07
3.49383e-07
3.64931e-07
5.60654e-07
8.85022e-07
3.49193e-07
3.52108e-07
3.48958e-07
3.47385e-07
1.48088e-05
2.44408e-05
2.62073e-05
2.7347e-05
2.82895e-05
2.90296e-05
2.95538e-05
2.99164e-05
3.00824e-05
3.0078e-05
2.98969e-05
2.95944e-05
2.91325e-05
2.85248e-05
2.78274e-05
2.7011e-05
2.60973e-05
2.50931e-05
2.40453e-05
2.29289e-05
2.17583e-05
2.05809e-05
1.93751e-05
1.81628e-05
1.69471e-05
1.57687e-05
1.46127e-05
1.35009e-05
1.24401e-05
1.09933e-05
2.53087e-06
2.03181e-06
1.98587e-06
1.93067e-06
1.84479e-06
1.72827e-06
1.56992e-06
1.34106e-06
9.46127e-07
3.47156e-07
9.22269e-06
6.6191e-06
6.06052e-06
6.42851e-06
1.02636e-05
2.01939e-05
7.94175e-06
4.43643e-06
4.38959e-06
4.11555e-06
2.34169e-06
1.92383e-09
1.47322e-09
1.27519e-09
1.37849e-09
2.27552e-09
3.89288e-09
7.88101e-10
7.29054e-10
7.46697e-10
6.98962e-10
6.33742e-10
SCALARS mu double 1
LOOKUP_TABLE default
59.3557
-8.07925e-12
64.589
80.8743
84.6163
85.743
85.6621
82.9337
71.2544
47.1376
77.7262
67.6779
76.9565
84.2789
87.6071
88.956
88.9832
86.4343
80.4902
72.3556
89.5149
86.1021
88.3341
91.2781
93.4412
94.8922
95.0576
93.2359
90.2603
87.3748
99.1278
97.4202
97.9282
99.1575
100.551
101.909
102.131
100.815
99.1232
97.8313
108.157
106.857
106.751
107.226
108.118
109.246
109.473
108.535
107.512
106.916
117.122
115.727
115.268
115.31
115.828
116.722
116.962
116.342
115.76
115.606
126.195
124.443
123.697
123.423
123.625
124.299
124.562
124.235
124.005
124.215
135.264
133.113
132.121
131.585
131.506
131.98
132.27
132.217
132.294
132.819
144.026
141.758
140.573
139.811
139.474
139.771
140.093
140.296
140.646
141.425
152.819
150.431
149.083
148.117
147.543
147.684
148.038
148.482
149.078
150.076
161.705
159.177
157.673
156.52
155.727
155.731
156.117
156.787
157.61
158.809
170.708
168.027
166.376
165.048
164.052
163.937
164.35
165.229
166.263
167.652
179.865
177.039
175.241
173.746
172.561
172.344
172.779
173.853
175.087
176.66
189.32
186.299
184.335
182.676
181.313
181.007
181.459
182.717
184.146
185.916
199.395
195.88
193.713
191.888
190.364
189.985
190.444
191.87
193.49
195.492
209.793
205.799
203.419
201.433
199.758
199.319
199.779
201.36
203.167
205.407
220.535
216.075
213.489
211.353
209.544
209.058
209.513
211.232
213.213
215.681
231.605
226.712
223.938
221.673
219.756
219.236
219.679
221.511
223.643
226.317
242.977
237.711
234.779
232.408
230.408
229.867
230.293
232.212
234.47
237.32
254.698
249.091
246.027
243.58
241.528
240.979
241.383
243.358
245.712
248.707
266.814
260.839
257.67
255.183
253.114
252.566
252.948
254.94
257.353
260.469
279.14
272.918
269.683
267.186
265.136
264.603
264.96
266.935
269.374
272.563
291.653
285.279
282.024
279.553
277.556
277.045
277.376
279.301
281.726
284.941
304.265
297.833
294.609
292.206
290.301
289.821
290.126
291.96
294.327
297.514
316.866
310.453
307.302
305.003
303.227
302.785
303.064
304.771
307.04
310.155
329.268
322.926
319.883
317.724
316.11
315.714
315.967
317.513
319.646
322.649
341.152
334.942
332.039
330.048
328.622
328.274
328.504
329.864
331.829
334.688
352.046
346.018
343.282
341.481
340.261
339.963
340.17
341.328
343.101
345.787
361.256
355.453
352.897
351.294
350.287
350.042
350.224
351.174
352.745
355.244
367.973
362.319
359.872
358.402
357.563
357.372
357.525
358.312
359.744
362.129
370.848
364.934
362.422
360.848
359.807
359.566
359.796
360.784
362.312
364.756
373.171
367.12
364.487
362.782
361.62
361.331
361.619
362.726
364.386
366.951
375.255
369.18
366.422
364.572
363.27
362.892
363.283
364.523
366.324
369.014
377.144
371.247
368.398
366.398
364.935
364.456
364.96
366.352
368.297
371.08
378.789
373.36
370.492
368.356
366.731
366.162
366.756
368.305
370.382
373.189
380.165
375.544
372.791
370.563
368.775
368.128
368.767
370.493
372.67
375.368
381.235
377.794
375.417
373.221
371.244
370.545
371.132
373.14
375.28
377.62
381.914
379.917
378.359
376.659
374.672
374.041
374.533
376.569
378.229
379.768
382.516
381.731
380.933
380.286
379.824
379.616
379.781
380.162
380.782
381.567
384.594
384.415
384.342
384.29
384.237
384.2
384.228
384.267
384.316
384.387
59.1373
77.468
89.2048
98.7631
107.737
116.648
125.67
134.705
143.482
152.29
161.19
170.204
179.374
188.837
198.889
209.267
219.991
231.045
242.406
254.119
266.228
278.552
291.069
303.69
316.304
328.72
340.622
351.534
360.764
367.499
370.383
372.708
374.801
376.706
378.372
379.775
380.882
381.612
382.3
384.504
-38.5164
-37.0396
-62.9727
-79.2182
-82.6588
-84.0109
-83.5484
-81.4535
-67.514
-46.3041
-41.6189
384.496
384.453
384.389
384.337
384.321
384.311
384.303
384.312
384.372
384.449
384.478
60.6861
-4.29841e-11
66.0593
82.7091
86.5291
87.6728
87.5962
84.8133
72.8744
48.2087
79.4761
69.2235
78.716
86.2006
89.5958
90.9669
91.0021
88.4041
82.3296
74.0082
91.5391
88.076
90.3628
93.3702
95.5746
97.0516
97.2288
95.3739
92.3344
89.3799
101.382
99.664
100.188
101.443
102.861
104.245
104.481
103.143
101.415
100.089
110.634
109.331
109.228
109.711
110.618
111.77
112.012
111.059
110.013
109.399
119.822
118.422
117.957
117.999
118.525
119.439
119.695
119.066
118.472
118.308
129.124
127.359
126.6
126.319
126.523
127.214
127.493
127.163
126.929
127.137
138.429
136.254
135.241
134.692
134.609
135.097
135.405
135.354
135.434
135.965
147.436
145.125
143.914
143.131
142.785
143.094
143.434
143.646
144.005
144.8
156.481
154.031
152.645
151.654
151.066
151.217
151.59
152.048
152.661
153.684
165.623
163.009
161.461
160.276
159.464
159.476
159.882
160.571
161.417
162.651
174.883
172.094
170.39
169.025
168.006
167.899
168.331
169.234
170.297
171.73
184.296
181.342
179.482
177.945
176.734
176.523
176.977
178.08
179.349
180.975
194.004
190.837
188.805
187.099
185.708
185.407
185.878
187.168
188.636
190.467
204.327
200.651
198.411
196.538
194.982
194.609
195.085
196.546
198.21
200.277
214.966
210.802
208.346
206.309
204.602
204.168
204.645
206.262
208.115
210.425
225.943
221.309
218.644
216.457
214.615
214.134
214.604
216.36
218.388
220.929
237.242
232.171
229.32
227.004
225.054
224.54
224.996
226.864
229.045
231.791
248.833
243.394
240.385
237.965
235.933
235.397
235.835
237.789
240.095
243.016
260.768
254.991
251.854
249.361
247.279
246.735
247.15
249.157
251.556
254.62
273.09
266.952
263.713
261.183
259.087
258.545
258.936
260.957
263.413
266.595
285.611
279.236
275.937
273.401
271.327
270.8
271.163
273.165
275.643
278.894
298.311
291.794
288.482
285.976
283.958
283.453
283.789
285.737
288.197
291.468
311.096
304.536
301.26
298.827
296.906
296.432
296.74
298.593
300.991
304.227
323.858
317.331
314.135
311.811
310.022
309.587
309.868
311.59
313.884
317.042
336.405
329.963
326.883
324.704
323.082
322.691
322.945
324.502
326.655
329.695
348.416
342.121
339.188
337.181
335.751
335.408
335.638
337.005
338.986
341.874
359.413
353.317
350.558
348.746
347.524
347.232
347.437
348.599
350.383
353.092
368.701
362.845
360.272
358.663
357.657
357.417
357.597
358.548
360.125
362.641
375.468
369.774
367.316
365.843
365.007
364.821
364.971
365.757
367.193
369.588
378.367
372.417
369.895
368.317
367.277
367.039
367.267
368.256
369.789
372.243
380.711
374.628
371.984
370.274
369.111
368.825
369.112
370.22
371.885
374.462
382.817
376.711
373.941
372.084
370.78
370.405
370.795
372.038
373.845
376.548
384.73
378.801
375.939
373.931
372.465
371.988
372.492
373.887
375.84
378.637
386.396
380.938
378.056
375.911
374.281
373.712
374.306
375.861
377.948
380.768
387.793
383.146
380.379
378.141
376.346
375.699
376.338
378.072
380.26
382.972
388.883
385.423
383.033
380.825
378.838
378.138
378.726
380.745
382.897
385.25
389.58
387.573
386.005
384.296
382.297
381.664
382.157
384.206
385.876
387.424
390.204
389.414
388.61
387.958
387.494
387.286
387.45
387.834
388.459
389.25
392.318
392.139
392.067
392.015
391.961
391.924
391.952
391.991
392.041
392.111
60.4678
79.2179
91.229
101.018
110.214
119.348
128.599
137.87
146.893
155.953
165.107
174.379
183.804
193.521
203.821
214.44
225.399
236.682
248.263
260.189
272.504
285.023
297.727
310.521
323.295
335.857
347.885
358.901
368.21
374.994
377.902
380.249
382.364
384.291
385.979
387.403
388.53
389.278
389.987
392.228
-39.3776
-37.8674
-64.3897
-80.9982
-84.5122
-85.8922
-85.4227
-83.2847
-69.0353
-47.3443
-42.552
392.221
392.177
392.113
392.061
392.046
392.036
392.027
392.037
392.096
392.173
392.202
