# vtk DataFile Version 3.0
Rotor blade panels
ASCII
DATASET UNSTRUCTURED_GRID
POINTS 3696 double
0.80437 1.42981 1.1429
0.802019 1.43031 1.13964
0.801447 1.42785 1.13934
0.803952 1.42732 1.14286
0.802019 1.43031 1.13964
0.799201 1.43091 1.13677
0.798442 1.42849 1.13622
0.801447 1.42785 1.13934
0.799201 1.43091 1.13677
0.796181 1.43155 1.13411
0.795222 1.42918 1.13334
0.798442 1.42849 1.13622
0.796181 1.43155 1.13411
0.792915 1.43225 1.13179
0.791746 1.42992 1.13078
0.795222 1.42918 1.13334
0.792915 1.43225 1.13179
0.789241 1.43303 1.13028
0.787845 1.43075 1.12903
0.791746 1.42992 1.13078
0.789241 1.43303 1.13028
0.7874 1.43342 1.13237
0.785985 1.43114 1.13107
0.787845 1.43075 1.12903
0.7874 1.43342 1.13237
0.790741 1.43271 1.13456
0.789578 1.43038 1.13344
0.785985 1.43114 1.13107
0.790741 1.43271 1.13456
0.794285 1.43196 1.13642
0.793338 1.42958 1.13553
0.789578 1.43038 1.13344
0.794285 1.43196 1.13642
0.797801 1.43121 1.13833
0.797054 1.42879 1.13771
0.793338 1.42958 1.13553
0.797801 1.43121 1.13833
0.801211 1.43048 1.14043
0.800648 1.42802 1.14009
0.797054 1.42879 1.13771
0.803952 1.42732 1.14286
0.801447 1.42785 1.13934
0.800344 1.42402 1.13913
0.803179 1.42341 1.14294
0.801447 1.42785 1.13934
0.798442 1.42849 1.13622
0.796978 1.42473 1.13578
0.800344 1.42402 1.13913
0.798442 1.42849 1.13622
0.795222 1.42918 1.13334
0.793385 1.4255 1.13268
0.796978 1.42473 1.13578
0.795222 1.42918 1.13334
0.791746 1.42992 1.13078
0.789533 1.42632 1.12993
0.793385 1.4255 1.13268
0.791746 1.42992 1.13078
0.787845 1.43075 1.12903
0.785263 1.42722 1.12797
0.789533 1.42632 1.12993
0.787845 1.43075 1.12903
0.785985 1.43114 1.13107
0.783473 1.4276 1.12997
0.785263 1.42722 1.12797
0.785985 1.43114 1.13107
0.789578 1.43038 1.13344
0.787485 1.42675 1.13247
0.783473 1.4276 1.12997
0.789578 1.43038 1.13344
0.793338 1.42958 1.13553
0.791608 1.42587 1.13477
0.787485 1.42675 1.13247
0.793338 1.42958 1.13553
0.797054 1.42879 1.13771
0.795669 1.42501 1.13719
0.791608 1.42587 1.13477
0.797054 1.42879 1.13771
0.800648 1.42802 1.14009
0.799589 1.42418 1.13985
0.795669 1.42501 1.13719
0.803179 1.42341 1.14294
0.800344 1.42402 1.13913
0.799033 1.42014 1.13921
0.802292 1.41944 1.14314
0.800344 1.42402 1.13913
0.796978 1.42473 1.13578
0.795233 1.42094 1.13578
0.799033 1.42014 1.13921
0.796978 1.42473 1.13578
0.793385 1.4255 1.13268
0.791204 1.4218 1.13265
0.795233 1.42094 1.13578
0.793385 1.4255 1.13268
0.789533 1.42632 1.12993
0.786927 1.42271 1.12988
0.791204 1.4218 1.13265
0.789533 1.42632 1.12993
0.785263 1.42722 1.12797
0.782265 1.4237 1.1279
0.786927 1.42271 1.12988
0.785263 1.42722 1.12797
0.783473 1.4276 1.12997
0.780619 1.42405 1.12991
0.782265 1.4237 1.1279
0.783473 1.4276 1.12997
0.787485 1.42675 1.13247
0.785073 1.4231 1.13237
0.780619 1.42405 1.12991
0.787485 1.42675 1.13247
0.791608 1.42587 1.13477
0.789594 1.42214 1.1347
0.785073 1.4231 1.13237
0.791608 1.42587 1.13477
0.795669 1.42501 1.13719
0.794042 1.4212 1.13718
0.789594 1.42214 1.1347
0.795669 1.42501 1.13719
0.799589 1.42418 1.13985
0.798342 1.42028 1.13991
0.794042 1.4212 1.13718
0.802292 1.41944 1.14314
0.799033 1.42014 1.13921
0.7977 1.41626 1.13941
0.80138 1.41548 1.14337
0.799033 1.42014 1.13921
0.795233 1.42094 1.13578
0.793484 1.41716 1.13602
0.7977 1.41626 1.13941
0.795233 1.42094 1.13578
0.791204 1.4218 1.13265
0.789044 1.4181 1.13295
0.793484 1.41716 1.13602
0.791204 1.4218 1.13265
0.786927 1.42271 1.12988
0.784371 1.4191 1.13026
0.789044 1.4181 1.13295
0.786927 1.42271 1.12988
0.782265 1.4237 1.1279
0.77935 1.42016 1.12838
0.784371 1.4191 1.13026
0.782265 1.4237 1.1279
0.780619 1.42405 1.12991
0.777851 1.42048 1.13041
0.77935 1.42016 1.12838
0.780619 1.42405 1.12991
0.785073 1.4231 1.13237
0.782704 1.41945 1.13274
0.777851 1.42048 1.13041
0.785073 1.4231 1.13237
0.789594 1.42214 1.1347
0.787594 1.41841 1.13499
0.782704 1.41945 1.13274
0.789594 1.42214 1.1347
0.794042 1.4212 1.13718
0.792406 1.41739 1.13741
0.787594 1.41841 1.13499
0.794042 1.4212 1.13718
0.798342 1.42028 1.13991
0.797069 1.4164 1.14012
0.792406 1.41739 1.13741
0.80138 1.41548 1.14337
0.7977 1.41626 1.13941
0.796446 1.41237 1.13962
0.800473 1.41151 1.14355
0.7977 1.41626 1.13941
0.793484 1.41716 1.13602
0.79189 1.41334 1.13629
0.796446 1.41237 1.13962
0.793484 1.41716 1.13602
0.789044 1.4181 1.13295
0.787117 1.41435 1.1333
0.79189 1.41334 1.13629
0.789044 1.4181 1.13295
0.784371 1.4191 1.13026
0.782124 1.41541 1.13072
0.787117 1.41435 1.1333
0.784371 1.4191 1.13026
0.77935 1.42016 1.12838
0.776813 1.41654 1.12896
0.782124 1.41541 1.13072
0.77935 1.42016 1.12838
0.777851 1.42048 1.13041
0.77543 1.41684 1.13101
0.776813 1.41654 1.12896
0.777851 1.42048 1.13041
0.782704 1.41945 1.13274
0.780598 1.41574 1.13321
0.77543 1.41684 1.13101
0.782704 1.41945 1.13274
0.787594 1.41841 1.13499
0.785787 1.41463 1.13535
0.780598 1.41574 1.13321
0.787594 1.41841 1.13499
0.792406 1.41739 1.13741
0.790897 1.41355 1.13769
0.785787 1.41463 1.13535
0.792406 1.41739 1.13741
0.797069 1.4164 1.14012
0.795861 1.41249 1.14033
0.790897 1.41355 1.13769
0.800473 1.41151 1.14355
0.796446 1.41237 1.13962
0.795267 1.40846 1.13982
0.799569 1.40755 1.14371
0.796446 1.41237 1.13962
0.79189 1.41334 1.13629
0.790447 1.40949 1.13659
0.795267 1.40846 1.13982
0.79189 1.41334 1.13629
0.787117 1.41435 1.1333
0.785417 1.41056 1.1337
0.790447 1.40949 1.13659
0.787117 1.41435 1.1333
0.782124 1.41541 1.13072
0.780179 1.41167 1.13124
0.785417 1.41056 1.1337
0.782124 1.41541 1.13072
0.776813 1.41654 1.12896
0.774651 1.41284 1.12961
0.780179 1.41167 1.13124
0.776813 1.41654 1.12896
0.77543 1.41684 1.13101
0.773357 1.41312 1.13169
0.774651 1.41284 1.12961
0.77543 1.41684 1.13101
0.780598 1.41574 1.13321
0.778763 1.41197 1.13374
0.773357 1.41312 1.13169
0.780598 1.41574 1.13321
0.785787 1.41463 1.13535
0.784179 1.41082 1.13577
0.778763 1.41197 1.13374
0.785787 1.41463 1.13535
0.790897 1.41355 1.13769
0.789518 1.40968 1.138
0.784179 1.41082 1.13577
0.790897 1.41355 1.13769
0.795861 1.41249 1.14033
0.794716 1.40858 1.14055
0.789518 1.40968 1.138
0.799569 1.40755 1.14371
0.795267 1.40846 1.13982
0.794154 1.40454 1.14003
0.798659 1.40358 1.14384
0.795267 1.40846 1.13982
0.790447 1.40949 1.13659
0.789143 1.40561 1.1369
0.794154 1.40454 1.14003
0.790447 1.40949 1.13659
0.785417 1.41056 1.1337
0.783932 1.40671 1.13414
0.789143 1.40561 1.1369
0.785417 1.41056 1.1337
0.780179 1.41167 1.13124
0.778523 1.40786 1.13181
0.783932 1.40671 1.13414
0.780179 1.41167 1.13124
0.774651 1.41284 1.12961
0.77285 1.40907 1.13032
0.778523 1.40786 1.13181
0.774651 1.41284 1.12961
0.773357 1.41312 1.13169
0.77163 1.40933 1.13243
0.77285 1.40907 1.13032
0.773357 1.41312 1.13169
0.778763 1.41197 1.13374
0.777197 1.40815 1.13433
0.77163 1.40933 1.13243
0.778763 1.41197 1.13374
0.784179 1.41082 1.13577
0.782768 1.40696 1.13622
0.777197 1.40815 1.13433
0.784179 1.41082 1.13577
0.789518 1.40968 1.138
0.788266 1.40579 1.13833
0.782768 1.40696 1.13622
0.789518 1.40968 1.138
0.794716 1.40858 1.14055
0.793629 1.40465 1.14077
0.788266 1.40579 1.13833
0.798659 1.40358 1.14384
0.794154 1.40454 1.14003
0.793094 1.40061 1.14025
0.797734 1.39962 1.14394
0.794154 1.40454 1.14003
0.789143 1.40561 1.1369
0.787967 1.4017 1.13725
0.793094 1.40061 1.14025
0.789143 1.40561 1.1369
0.783932 1.40671 1.13414
0.782648 1.40283 1.13462
0.787967 1.4017 1.13725
0.783932 1.40671 1.13414
0.778523 1.40786 1.13181
0.777143 1.404 1.13243
0.782648 1.40283 1.13462
0.778523 1.40786 1.13181
0.77285 1.40907 1.13032
0.771397 1.40522 1.13109
0.777143 1.404 1.13243
0.77285 1.40907 1.13032
0.77163 1.40933 1.13243
0.77025 1.40546 1.1332
0.771397 1.40522 1.13109
0.77163 1.40933 1.13243
0.777197 1.40815 1.13433
0.775902 1.40426 1.13495
0.77025 1.40546 1.1332
0.777197 1.40815 1.13433
0.782768 1.40696 1.13622
0.781556 1.40306 1.1367
0.775902 1.40426 1.13495
0.782768 1.40696 1.13622
0.788266 1.40579 1.13833
0.78714 1.40187 1.13867
0.781556 1.40306 1.1367
0.788266 1.40579 1.13833
0.793629 1.40465 1.14077
0.792597 1.40071 1.14099
0.78714 1.40187 1.13867
0.797734 1.39962 1.14394
0.793094 1.40061 1.14025
0.792087 1.39666 1.14047
0.796794 1.39566 1.14403
0.793094 1.40061 1.14025
0.787967 1.4017 1.13725
0.786914 1.39776 1.13762
0.792087 1.39666 1.14047
0.787967 1.4017 1.13725
0.782648 1.40283 1.13462
0.781558 1.3989 1.13514
0.786914 1.39776 1.13762
0.782648 1.40283 1.13462
0.777143 1.404 1.13243
0.77603 1.40008 1.1331
0.781558 1.3989 1.13514
0.777143 1.404 1.13243
0.771397 1.40522 1.13109
0.770283 1.4013 1.1319
0.77603 1.40008 1.1331
0.771397 1.40522 1.13109
0.77025 1.40546 1.1332
0.769212 1.40153 1.13398
0.770283 1.4013 1.1319
0.77025 1.40546 1.1332
0.775902 1.40426 1.13495
0.774877 1.40032 1.13559
0.769212 1.40153 1.13398
0.775902 1.40426 1.13495
0.781556 1.40306 1.1367
0.780541 1.39912 1.1372
0.774877 1.40032 1.13559
0.781556 1.40306 1.1367
0.78714 1.40187 1.13867
0.78614 1.39793 1.13903
0.780541 1.39912 1.1372
0.78714 1.40187 1.13867
0.792597 1.40071 1.14099
0.79162 1.39676 1.1412
0.78614 1.39793 1.13903
0.796794 1.39566 1.14403
0.792087 1.39666 1.14047
0.791143 1.39271 1.1407
0.795876 1.3917 1.14411
0.792087 1.39666 1.14047
0.786914 1.39776 1.13762
0.785963 1.39381 1.13799
0.791143 1.39271 1.1407
0.786914 1.39776 1.13762
0.781558 1.3989 1.13514
0.780613 1.39494 1.13566
0.785963 1.39381 1.13799
0.781558 1.3989 1.13514
0.77603 1.40008 1.1331
0.775101 1.39612 1.13377
0.780613 1.39494 1.13566
0.77603 1.40008 1.1331
0.770283 1.4013 1.1319
0.769393 1.39733 1.1327
0.775101 1.39612 1.13377
0.770283 1.4013 1.1319
0.769212 1.40153 1.13398
0.768394 1.39754 1.13475
0.769393 1.39733 1.1327
0.769212 1.40153 1.13398
0.774877 1.40032 1.13559
0.774032 1.39634 1.13621
0.768394 1.39754 1.13475
0.774877 1.40032 1.13559
0.780541 1.39912 1.1372
0.779667 1.39515 1.13768
0.774032 1.39634 1.13621
0.780541 1.39912 1.1372
0.78614 1.39793 1.13903
0.785241 1.39396 1.13938
0.779667 1.39515 1.13768
0.78614 1.39793 1.13903
0.79162 1.39676 1.1412
0.790703 1.3928 1.14142
0.785241 1.39396 1.13938
0.795876 1.3917 1.14411
0.791143 1.39271 1.1407
0.790266 1.38873 1.14092
0.795002 1.38773 1.1442
0.791143 1.39271 1.1407
0.785963 1.39381 1.13799
0.785105 1.38983 1.13836
0.790266 1.38873 1.14092
0.785963 1.39381 1.13799
0.780613 1.39494 1.13566
0.779781 1.39096 1.13617
0.785105 1.38983 1.13836
0.780613 1.39494 1.13566
0.775101 1.39612 1.13377
0.774308 1.39212 1.13441
0.779781 1.39096 1.13617
0.775101 1.39612 1.13377
0.769393 1.39733 1.1327
0.768657 1.39333 1.13345
0.774308 1.39212 1.13441
0.769393 1.39733 1.1327
0.768394 1.39754 1.13475
0.767723 1.39352 1.13547
0.768657 1.39333 1.13345
0.768394 1.39754 1.13475
0.774032 1.39634 1.13621
0.773314 1.39234 1.1368
0.767723 1.39352 1.13547
0.774032 1.39634 1.13621
0.779667 1.39515 1.13768
0.778899 1.39115 1.13815
0.773314 1.39234 1.1368
0.779667 1.39515 1.13768
0.785241 1.39396 1.13938
0.784428 1.38997 1.13972
0.778899 1.39115 1.13815
0.785241 1.39396 1.13938
0.790703 1.3928 1.14142
0.789852 1.38882 1.14163
0.784428 1.38997 1.13972
0.795002 1.38773 1.1442
0.790266 1.38873 1.14092
0.78945 1.38475 1.14115
0.794166 1.38375 1.14428
0.790266 1.38873 1.14092
0.785105 1.38983 1.13836
0.784327 1.38584 1.13872
0.78945 1.38475 1.14115
0.785105 1.38983 1.13836
0.779781 1.39096 1.13617
0.779052 1.38696 1.13666
0.784327 1.38584 1.13872
0.779781 1.39096 1.13617
0.774308 1.39212 1.13441
0.773638 1.38811 1.13502
0.779052 1.38696 1.13666
0.774308 1.39212 1.13441
0.768657 1.39333 1.13345
0.768062 1.38929 1.13418
0.773638 1.38811 1.13502
0.768657 1.39333 1.13345
0.767723 1.39352 1.13547
0.767189 1.38948 1.13615
0.768062 1.38929 1.13418
0.767723 1.39352 1.13547
0.773314 1.39234 1.1368
0.772711 1.38831 1.13736
0.767189 1.38948 1.13615
0.773314 1.39234 1.1368
0.778899 1.39115 1.13815
0.778228 1.38713 1.13859
0.772711 1.38831 1.13736
0.778899 1.39115 1.13815
0.784428 1.38997 1.13972
0.783693 1.38597 1.14005
0.778228 1.38713 1.13859
0.784428 1.38997 1.13972
0.789852 1.38882 1.14163
0.78906 1.38483 1.14184
0.783693 1.38597 1.14005
0.794166 1.38375 1.14428
0.78945 1.38475 1.14115
0.788694 1.38075 1.14138
0.79337 1.37976 1.14438
0.78945 1.38475 1.14115
0.784327 1.38584 1.13872
0.78363 1.38183 1.13908
0.788694 1.38075 1.14138
0.784327 1.38584 1.13872
0.779052 1.38696 1.13666
0.778422 1.38293 1.13714
0.78363 1.38183 1.13908
0.779052 1.38696 1.13666
0.773638 1.38811 1.13502
0.773084 1.38407 1.13562
0.778422 1.38293 1.13714
0.773638 1.38811 1.13502
0.768062 1.38929 1.13418
0.7676 1.38523 1.13487
0.773084 1.38407 1.13562
0.768062 1.38929 1.13418
0.767189 1.38948 1.13615
0.766782 1.38541 1.13679
0.7676 1.38523 1.13487
0.767189 1.38948 1.13615
0.772711 1.38831 1.13736
0.77222 1.38425 1.13789
0.766782 1.38541 1.13679
0.772711 1.38831 1.13736
0.778228 1.38713 1.13859
0.777651 1.3831 1.13902
0.77222 1.38425 1.13789
0.778228 1.38713 1.13859
0.783693 1.38597 1.14005
0.783034 1.38195 1.14037
0.777651 1.3831 1.13902
0.783693 1.38597 1.14005
0.78906 1.38483 1.14184
0.788326 1.38083 1.14206
0.783034 1.38195 1.14037
0.79337 1.37976 1.14438
0.788694 1.38075 1.14138
0.787993 1.37674 1.1416
0.792611 1.37576 1.14447
0.788694 1.38075 1.14138
0.78363 1.38183 1.13908
0.783006 1.3778 1.13942
0.787993 1.37674 1.1416
0.78363 1.38183 1.13908
0.778422 1.38293 1.13714
0.777882 1.37889 1.1376
0.783006 1.3778 1.13942
0.778422 1.38293 1.13714
0.773084 1.38407 1.13562
0.772638 1.38 1.13619
0.777882 1.37889 1.1376
0.773084 1.38407 1.13562
0.7676 1.38523 1.13487
0.767262 1.38115 1.13553
0.772638 1.38 1.13619
0.7676 1.38523 1.13487
0.766782 1.38541 1.13679
0.766495 1.38131 1.13741
0.767262 1.38115 1.13553
0.766782 1.38541 1.13679
0.77222 1.38425 1.13789
0.771832 1.38018 1.1384
0.766495 1.38131 1.13741
0.77222 1.38425 1.13789
0.777651 1.3831 1.13902
0.777161 1.37904 1.13944
0.771832 1.38018 1.1384
0.777651 1.3831 1.13902
0.783034 1.38195 1.14037
0.782446 1.37792 1.14069
0.777161 1.37904 1.13944
0.783034 1.38195 1.14037
0.788326 1.38083 1.14206
0.787646 1.37681 1.14226
0.782446 1.37792 1.14069
0.792611 1.37576 1.14447
0.787993 1.37674 1.1416
0.787344 1.37272 1.14182
0.791886 1.37176 1.14456
0.787993 1.37674 1.1416
0.783006 1.3778 1.13942
0.78245 1.37376 1.13976
0.787344 1.37272 1.14182
0.783006 1.3778 1.13942
0.777882 1.37889 1.1376
0.777429 1.37483 1.13805
0.78245 1.37376 1.13976
0.777882 1.37889 1.1376
0.772638 1.38 1.13619
0.772294 1.37592 1.13674
0.777429 1.37483 1.13805
0.772638 1.38 1.13619
0.767262 1.38115 1.13553
0.767041 1.37704 1.13617
0.772294 1.37592 1.13674
0.767262 1.38115 1.13553
0.766495 1.38131 1.13741
0.766322 1.37719 1.13799
0.767041 1.37704 1.13617
0.766495 1.38131 1.13741
0.771832 1.38018 1.1384
0.771542 1.37608 1.13889
0.766322 1.37719 1.13799
0.771832 1.38018 1.1384
0.777161 1.37904 1.13944
0.776754 1.37497 1.13984
0.771542 1.37608 1.13889
0.777161 1.37904 1.13944
0.782446 1.37792 1.14069
0.781925 1.37387 1.14099
0.776754 1.37497 1.13984
0.782446 1.37792 1.14069
0.787646 1.37681 1.14226
0.787016 1.37279 1.14247
0.781925 1.37387 1.14099
0.791886 1.37176 1.14456
0.787344 1.37272 1.14182
0.786745 1.36869 1.14205
0.791198 1.36774 1.14465
0.787344 1.37272 1.14182
0.78245 1.37376 1.13976
0.781963 1.36971 1.1401
0.786745 1.36869 1.14205
0.78245 1.37376 1.13976
0.777429 1.37483 1.13805
0.777059 1.37075 1.1385
0.781963 1.36971 1.1401
0.777429 1.37483 1.13805
0.772294 1.37592 1.13674
0.77205 1.37181 1.13728
0.777059 1.37075 1.1385
0.772294 1.37592 1.13674
0.767041 1.37704 1.13617
0.766933 1.3729 1.13679
0.77205 1.37181 1.13728
0.767041 1.37704 1.13617
0.766322 1.37719 1.13799
0.766259 1.37304 1.13854
0.766933 1.3729 1.13679
0.766322 1.37719 1.13799
0.771542 1.37608 1.13889
0.771345 1.37196 1.13937
0.766259 1.37304 1.13854
0.771542 1.37608 1.13889
0.776754 1.37497 1.13984
0.776424 1.37088 1.14024
0.771345 1.37196 1.13937
0.776754 1.37497 1.13984
0.781925 1.37387 1.14099
0.781465 1.36981 1.14131
0.776424 1.37088 1.14024
0.781925 1.37387 1.14099
0.787016 1.37279 1.14247
0.786434 1.36876 1.14268
0.781465 1.36981 1.14131
0.791198 1.36774 1.14465
0.786745 1.36869 1.14205
0.786186 1.36465 1.14229
0.790541 1.36372 1.14474
0.786745 1.36869 1.14205
0.781963 1.36971 1.1401
0.781534 1.36564 1.14044
0.786186 1.36465 1.14229
0.781963 1.36971 1.1401
0.777059 1.37075 1.1385
0.776767 1.36665 1.13894
0.781534 1.36564 1.14044
0.777059 1.37075 1.1385
0.77205 1.37181 1.13728
0.771899 1.36769 1.13782
0.776767 1.36665 1.13894
0.77205 1.37181 1.13728
0.766933 1.3729 1.13679
0.766935 1.36874 1.1374
0.771899 1.36769 1.13782
0.766933 1.3729 1.13679
0.766259 1.37304 1.13854
0.766303 1.36888 1.13907
0.766935 1.36874 1.1374
0.766259 1.37304 1.13854
0.771345 1.37196 1.13937
0.771236 1.36783 1.13984
0.766303 1.36888 1.13907
0.771345 1.37196 1.13937
0.776424 1.37088 1.14024
0.776162 1.36678 1.14066
0.771236 1.36783 1.13984
0.776424 1.37088 1.14024
0.781465 1.36981 1.14131
0.781055 1.36574 1.14166
0.776162 1.36678 1.14066
0.781465 1.36981 1.14131
0.786434 1.36876 1.14268
0.785886 1.36471 1.14293
0.781055 1.36574 1.14166
0.790541 1.36372 1.14474
0.786186 1.36465 1.14229
0.785669 1.3606 1.14252
0.789912 1.3597 1.14483
0.786186 1.36465 1.14229
0.781534 1.36564 1.14044
0.781159 1.36156 1.14078
0.785669 1.3606 1.14252
0.781534 1.36564 1.14044
0.776767 1.36665 1.13894
0.776541 1.36254 1.13937
0.781159 1.36156 1.14078
0.776767 1.36665 1.13894
0.771899 1.36769 1.13782
0.771828 1.36354 1.13834
0.776541 1.36254 1.13937
0.771899 1.36769 1.13782
0.766935 1.36874 1.1374
0.767028 1.36457 1.13799
0.771828 1.36354 1.13834
0.766935 1.36874 1.1374
0.766303 1.36888 1.13907
0.766436 1.36469 1.13958
0.767028 1.36457 1.13799
0.766303 1.36888 1.13907
0.771236 1.36783 1.13984
0.771205 1.36368 1.1403
0.766436 1.36469 1.13958
0.771236 1.36783 1.13984
0.776162 1.36678 1.14066
0.775968 1.36266 1.14106
0.771205 1.36368 1.1403
0.776162 1.36678 1.14066
0.781055 1.36574 1.14166
0.780702 1.36166 1.14199
0.775968 1.36266 1.14106
0.781055 1.36574 1.14166
0.785886 1.36471 1.14293
0.785382 1.36066 1.14317
0.780702 1.36166 1.14199
0.789912 1.3597 1.14483
0.785669 1.3606 1.14252
0.785195 1.35654 1.14276
0.789314 1.35567 1.14492
0.785669 1.3606 1.14252
0.781159 1.36156 1.14078
0.78084 1.35747 1.14112
0.785195 1.35654 1.14276
0.781159 1.36156 1.14078
0.776541 1.36254 1.13937
0.776383 1.35842 1.1398
0.78084 1.35747 1.14112
0.776541 1.36254 1.13937
0.771828 1.36354 1.13834
0.771838 1.35938 1.13885
0.776383 1.35842 1.1398
0.771828 1.36354 1.13834
0.767028 1.36457 1.13799
0.767213 1.36037 1.13855
0.771838 1.35938 1.13885
0.767028 1.36457 1.13799
0.766436 1.36469 1.13958
0.766662 1.36048 1.14006
0.767213 1.36037 1.13855
0.766436 1.36469 1.13958
0.771205 1.36368 1.1403
0.771256 1.35951 1.14074
0.766662 1.36048 1.14006
0.771205 1.36368 1.1403
0.775968 1.36266 1.14106
0.775845 1.35853 1.14145
0.771256 1.35951 1.14074
0.775968 1.36266 1.14106
0.780702 1.36166 1.14199
0.780408 1.35756 1.14232
0.775845 1.35853 1.14145
0.780702 1.36166 1.14199
0.785382 1.36066 1.14317
0.784924 1.3566 1.14341
0.780408 1.35756 1.14232
0.789314 1.35567 1.14492
0.785195 1.35654 1.14276
0.784762 1.35248 1.14299
0.788742 1.35163 1.14501
0.785195 1.35654 1.14276
0.78084 1.35747 1.14112
0.780573 1.35337 1.14146
0.784762 1.35248 1.14299
0.78084 1.35747 1.14112
0.776383 1.35842 1.1398
0.776289 1.35428 1.14022
0.780573 1.35337 1.14146
0.776383 1.35842 1.1398
0.771838 1.35938 1.13885
0.771923 1.35521 1.13934
0.776289 1.35428 1.14022
0.771838 1.35938 1.13885
0.767213 1.36037 1.13855
0.767485 1.35615 1.1391
0.771923 1.35521 1.13934
0.767213 1.36037 1.13855
0.766662 1.36048 1.14006
0.766972 1.35626 1.14053
0.767485 1.35615 1.1391
0.766662 1.36048 1.14006
0.771256 1.35951 1.14074
0.771382 1.35532 1.14115
0.766972 1.35626 1.14053
0.771256 1.35951 1.14074
0.775845 1.35853 1.14145
0.775786 1.35439 1.14182
0.771382 1.35532 1.14115
0.775845 1.35853 1.14145
0.780408 1.35756 1.14232
0.780167 1.35345 1.14262
0.775786 1.35439 1.14182
0.780408 1.35756 1.14232
0.784924 1.3566 1.14341
0.784508 1.35253 1.14363
0.780167 1.35345 1.14262
0.788742 1.35163 1.14501
0.784762 1.35248 1.14299
0.784367 1.3484 1.14322
0.788196 1.34759 1.1451
0.784762 1.35248 1.14299
0.780573 1.35337 1.14146
0.780354 1.34926 1.14178
0.784367 1.3484 1.14322
0.780573 1.35337 1.14146
0.776289 1.35428 1.14022
0.776254 1.35013 1.14063
0.780354 1.34926 1.14178
0.776289 1.35428 1.14022
0.771923 1.35521 1.13934
0.772077 1.35101 1.13982
0.776254 1.35013 1.14063
0.771923 1.35521 1.13934
0.767485 1.35615 1.1391
0.767835 1.35192 1.13963
0.772077 1.35101 1.13982
0.767485 1.35615 1.1391
0.766972 1.35626 1.14053
0.767359 1.35202 1.14098
0.767835 1.35192 1.13963
0.766972 1.35626 1.14053
0.771382 1.35532 1.14115
0.771575 1.35112 1.14156
0.767359 1.35202 1.14098
0.771382 1.35532 1.14115
0.775786 1.35439 1.14182
0.775785 1.35023 1.14217
0.771575 1.35112 1.14156
0.775786 1.35439 1.14182
0.780167 1.35345 1.14262
0.779974 1.34934 1.14292
0.775785 1.35023 1.14217
0.780167 1.35345 1.14262
0.784508 1.35253 1.14363
0.784129 1.34845 1.14385
0.779974 1.34934 1.14292
0.788196 1.34759 1.1451
0.784367 1.3484 1.14322
0.784009 1.34432 1.14345
0.787675 1.34354 1.14518
0.784367 1.3484 1.14322
0.780354 1.34926 1.14178
0.780183 1.34513 1.14211
0.784009 1.34432 1.14345
0.780354 1.34926 1.14178
0.776254 1.35013 1.14063
0.776277 1.34596 1.14104
0.780183 1.34513 1.14211
0.776254 1.35013 1.14063
0.772077 1.35101 1.13982
0.7723 1.34681 1.14029
0.776277 1.34596 1.14104
0.772077 1.35101 1.13982
0.767835 1.35192 1.13963
0.768264 1.34767 1.14014
0.7723 1.34681 1.14029
0.767835 1.35192 1.13963
0.767359 1.35202 1.14098
0.767824 1.34776 1.14142
0.768264 1.34767 1.14014
0.767359 1.35202 1.14098
0.771575 1.35112 1.14156
0.771836 1.34691 1.14195
0.767824 1.34776 1.14142
0.771575 1.35112 1.14156
0.775785 1.35023 1.14217
0.775842 1.34606 1.14252
0.771836 1.34691 1.14195
0.775785 1.35023 1.14217
0.779974 1.34934 1.14292
0.77983 1.34521 1.14321
0.775842 1.34606 1.14252
0.779974 1.34934 1.14292
0.784129 1.34845 1.14385
0.783789 1.34437 1.14405
0.77983 1.34521 1.14321
0.787675 1.34354 1.14518
0.784009 1.34432 1.14345
0.783684 1.34023 1.14367
0.787175 1.33949 1.14527
0.784009 1.34432 1.14345
0.780183 1.34513 1.14211
0.780054 1.341 1.14243
0.783684 1.34023 1.14367
0.780183 1.34513 1.14211
0.776277 1.34596 1.14104
0.776351 1.34179 1.14143
0.780054 1.341 1.14243
0.776277 1.34596 1.14104
0.7723 1.34681 1.14029
0.772583 1.34259 1.14075
0.776351 1.34179 1.14143
0.7723 1.34681 1.14029
0.768264 1.34767 1.14014
0.768761 1.3434 1.14063
0.772583 1.34259 1.14075
0.768264 1.34767 1.14014
0.767824 1.34776 1.14142
0.768355 1.34349 1.14183
0.768761 1.3434 1.14063
0.767824 1.34776 1.14142
0.771836 1.34691 1.14195
0.772155 1.34268 1.14232
0.768355 1.34349 1.14183
0.771836 1.34691 1.14195
0.775842 1.34606 1.14252
0.775949 1.34188 1.14285
0.772155 1.34268 1.14232
0.775842 1.34606 1.14252
0.77983 1.34521 1.14321
0.779728 1.34107 1.14348
0.775949 1.34188 1.14285
0.77983 1.34521 1.14321
0.783789 1.34437 1.14405
0.783481 1.34028 1.14426
0.779728 1.34107 1.14348
0.787175 1.33949 1.14527
0.783684 1.34023 1.14367
0.783391 1.33613 1.14389
0.786697 1.33543 1.14535
0.783684 1.34023 1.14367
0.780054 1.341 1.14243
0.779967 1.33686 1.14274
0.783391 1.33613 1.14389
0.780054 1.341 1.14243
0.776351 1.34179 1.14143
0.776476 1.3376 1.14182
0.779967 1.33686 1.14274
0.776351 1.34179 1.14143
0.772583 1.34259 1.14075
0.772925 1.33836 1.1412
0.776476 1.3376 1.14182
0.772583 1.34259 1.14075
0.768761 1.3434 1.14063
0.769327 1.33912 1.1411
0.772925 1.33836 1.1412
0.768761 1.3434 1.14063
0.768355 1.34349 1.14183
0.768955 1.3392 1.14223
0.769327 1.33912 1.1411
0.768355 1.34349 1.14183
0.772155 1.34268 1.14232
0.772533 1.33844 1.14268
0.768955 1.3392 1.14223
0.772155 1.34268 1.14232
0.775949 1.34188 1.14285
0.776107 1.33768 1.14316
0.772533 1.33844 1.14268
0.775949 1.34188 1.14285
0.779728 1.34107 1.14348
0.779667 1.33693 1.14374
0.776107 1.33768 1.14316
0.779728 1.34107 1.14348
0.783481 1.34028 1.14426
0.783205 1.33617 1.14445
0.779667 1.33693 1.14374
0.786697 1.33543 1.14535
0.783391 1.33613 1.14389
0.783127 1.33203 1.1441
0.786237 1.33137 1.14543
0.783391 1.33613 1.14389
0.779967 1.33686 1.14274
0.779917 1.33272 1.14305
0.783127 1.33203 1.1441
0.779967 1.33686 1.14274
0.776476 1.3376 1.14182
0.776647 1.33341 1.1422
0.779917 1.33272 1.14305
0.776476 1.3376 1.14182
0.772925 1.33836 1.1412
0.773321 1.33412 1.14163
0.776647 1.33341 1.1422
0.772925 1.33836 1.1412
0.769327 1.33912 1.1411
0.769954 1.33483 1.14156
0.773321 1.33412 1.14163
0.769327 1.33912 1.1411
0.768955 1.3392 1.14223
0.769614 1.33491 1.14262
0.769954 1.33483 1.14156
0.768955 1.3392 1.14223
0.772533 1.33844 1.14268
0.772964 1.33419 1.14302
0.769614 1.33491 1.14262
0.772533 1.33844 1.14268
0.776107 1.33768 1.14316
0.776309 1.33348 1.14347
0.772964 1.33419 1.14302
0.776107 1.33768 1.14316
0.779667 1.33693 1.14374
0.779642 1.33277 1.144
0.776309 1.33348 1.14347
0.779667 1.33693 1.14374
0.783205 1.33617 1.14445
0.782957 1.33207 1.14464
0.779642 1.33277 1.144
0.786237 1.33137 1.14543
0.783127 1.33203 1.1441
0.78289 1.32793 1.14431
0.785794 1.32731 1.14551
0.783127 1.33203 1.1441
0.779917 1.33272 1.14305
0.779902 1.32856 1.14334
0.78289 1.32793 1.14431
0.779917 1.33272 1.14305
0.776647 1.33341 1.1422
0.77686 1.32921 1.14257
0.779902 1.32856 1.14334
0.776647 1.33341 1.1422
0.773321 1.33412 1.14163
0.773768 1.32987 1.14206
0.77686 1.32921 1.14257
0.773321 1.33412 1.14163
0.769954 1.33483 1.14156
0.770638 1.33053 1.14201
0.773768 1.32987 1.14206
0.769954 1.33483 1.14156
0.769614 1.33491 1.14262
0.770331 1.3306 1.14299
0.770638 1.33053 1.14201
0.769614 1.33491 1.14262
0.772964 1.33419 1.14302
0.773445 1.32993 1.14335
0.770331 1.3306 1.14299
0.772964 1.33419 1.14302
0.776309 1.33348 1.14347
0.776554 1.32927 1.14376
0.773445 1.32993 1.14335
0.776309 1.33348 1.14347
0.779642 1.33277 1.144
0.779653 1.32861 1.14424
0.776554 1.32927 1.14376
0.779642 1.33277 1.144
0.782957 1.33207 1.14464
0.782737 1.32796 1.14481
0.779653 1.32861 1.14424
0.785794 1.32731 1.14551
0.78289 1.32793 1.14431
0.782678 1.32381 1.14451
0.785367 1.32324 1.14559
0.78289 1.32793 1.14431
0.779902 1.32856 1.14334
0.779919 1.3244 1.14364
0.782678 1.32381 1.14451
0.779902 1.32856 1.14334
0.77686 1.32921 1.14257
0.777113 1.32499 1.14294
0.779919 1.3244 1.14364
0.77686 1.32921 1.14257
0.773768 1.32987 1.14206
0.774261 1.3256 1.14247
0.777113 1.32499 1.14294
0.773768 1.32987 1.14206
0.770638 1.33053 1.14201
0.771376 1.32621 1.14244
0.774261 1.3256 1.14247
0.770638 1.33053 1.14201
0.770331 1.3306 1.14299
0.771099 1.32627 1.14334
0.771376 1.32621 1.14244
0.770331 1.3306 1.14299
0.773445 1.32993 1.14335
0.77397 1.32566 1.14367
0.771099 1.32627 1.14334
0.773445 1.32993 1.14335
0.776554 1.32927 1.14376
0.776838 1.32505 1.14404
0.77397 1.32566 1.14367
0.776554 1.32927 1.14376
0.779653 1.32861 1.14424
0.779696 1.32445 1.14447
0.776838 1.32505 1.14404
0.779653 1.32861 1.14424
0.782737 1.32796 1.14481
0.782541 1.32384 1.14498
0.779696 1.32445 1.14447
0.785367 1.32324 1.14559
0.782678 1.32381 1.14451
0.782489 1.31969 1.14471
0.784956 1.31917 1.14567
0.782678 1.32381 1.14451
0.779919 1.3244 1.14364
0.779966 1.32023 1.14392
0.782489 1.31969 1.14471
0.779919 1.3244 1.14364
0.777113 1.32499 1.14294
0.777402 1.32078 1.14329
0.779966 1.32023 1.14392
0.777113 1.32499 1.14294
0.774261 1.3256 1.14247
0.774797 1.32133 1.14288
0.777402 1.32078 1.14329
0.774261 1.3256 1.14247
0.771376 1.32621 1.14244
0.772163 1.32189 1.14286
0.774797 1.32133 1.14288
0.771376 1.32621 1.14244
0.771099 1.32627 1.14334
0.771916 1.32194 1.14368
0.772163 1.32189 1.14286
0.771099 1.32627 1.14334
0.77397 1.32566 1.14367
0.774538 1.32138 1.14398
0.771916 1.32194 1.14368
0.77397 1.32566 1.14367
0.776838 1.32505 1.14404
0.777157 1.32083 1.1443
0.774538 1.32138 1.14398
0.776838 1.32505 1.14404
0.779696 1.32445 1.14447
0.779767 1.32027 1.14469
0.777157 1.32083 1.1443
0.779696 1.32445 1.14447
0.782541 1.32384 1.14498
0.782368 1.31972 1.14515
0.779767 1.32027 1.14469
0.784956 1.31917 1.14567
0.782489 1.31969 1.14471
0.78232 1.31557 1.1449
0.784556 1.3151 1.14574
0.782489 1.31969 1.14471
0.779966 1.32023 1.14392
0.78004 1.31605 1.1442
0.78232 1.31557 1.1449
0.779966 1.32023 1.14392
0.777402 1.32078 1.14329
0.777724 1.31655 1.14364
0.78004 1.31605 1.1442
0.777402 1.32078 1.14329
0.774797 1.32133 1.14288
0.775371 1.31705 1.14327
0.777724 1.31655 1.14364
0.774797 1.32133 1.14288
0.772163 1.32189 1.14286
0.772993 1.31755 1.14327
0.775371 1.31705 1.14327
0.772163 1.32189 1.14286
0.771916 1.32194 1.14368
0.772775 1.3176 1.14401
0.772993 1.31755 1.14327
0.771916 1.32194 1.14368
0.774538 1.32138 1.14398
0.775143 1.3171 1.14427
0.772775 1.3176 1.14401
0.774538 1.32138 1.14398
0.777157 1.32083 1.1443
0.777507 1.31659 1.14456
0.775143 1.3171 1.14427
0.777157 1.32083 1.1443
0.779767 1.32027 1.14469
0.779865 1.31609 1.1449
0.777507 1.31659 1.14456
0.779767 1.32027 1.14469
0.782368 1.31972 1.14515
0.782215 1.31559 1.1453
0.779865 1.31609 1.1449
0.784556 1.3151 1.14574
0.78232 1.31557 1.1449
0.782184 1.31162 1.14507
0.784189 1.31119 1.14581
0.78232 1.31557 1.1449
0.78004 1.31605 1.1442
0.780142 1.31205 1.14445
0.782184 1.31162 1.14507
0.78004 1.31605 1.1442
0.777724 1.31655 1.14364
0.778067 1.31249 1.14396
0.780142 1.31205 1.14445
0.777724 1.31655 1.14364
0.775371 1.31705 1.14327
0.775961 1.31294 1.14364
0.778067 1.31249 1.14396
0.775371 1.31705 1.14327
0.772993 1.31755 1.14327
0.773834 1.31339 1.14364
0.775961 1.31294 1.14364
0.772993 1.31755 1.14327
0.772775 1.3176 1.14401
0.773641 1.31343 1.14431
0.773834 1.31339 1.14364
0.772775 1.3176 1.14401
0.775143 1.3171 1.14427
0.77576 1.31298 1.14453
0.773641 1.31343 1.14431
0.775143 1.3171 1.14427
0.777507 1.31659 1.14456
0.777877 1.31253 1.14478
0.77576 1.31298 1.14453
0.777507 1.31659 1.14456
0.779865 1.31609 1.1449
0.779987 1.31209 1.14508
0.777877 1.31253 1.14478
0.779865 1.31609 1.1449
0.782215 1.31559 1.1453
0.782091 1.31164 1.14543
0.779987 1.31209 1.14508
0.784189 1.31119 1.14581
0.782184 1.31162 1.14507
0.78222 1.31065 1.14512
0.784155 1.31024 1.14583
0.782184 1.31162 1.14507
0.780142 1.31205 1.14445
0.780249 1.31107 1.14453
0.78222 1.31065 1.14512
0.780142 1.31205 1.14445
0.778067 1.31249 1.14396
0.778247 1.31149 1.14405
0.780249 1.31107 1.14453
0.778067 1.31249 1.14396
0.775961 1.31294 1.14364
0.776215 1.31192 1.14374
0.778247 1.31149 1.14405
0.775961 1.31294 1.14364
0.773834 1.31339 1.14364
0.774162 1.31236 1.14375
0.776215 1.31192 1.14374
0.773834 1.31339 1.14364
0.773641 1.31343 1.14431
0.773977 1.3124 1.1444
0.774162 1.31236 1.14375
0.773641 1.31343 1.14431
0.77576 1.31298 1.14453
0.776022 1.31196 1.14461
0.773977 1.3124 1.1444
0.77576 1.31298 1.14453
0.777877 1.31253 1.14478
0.778064 1.31153 1.14485
0.776022 1.31196 1.14461
0.777877 1.31253 1.14478
0.779987 1.31209 1.14508
0.780101 1.3111 1.14514
0.778064 1.31153 1.14485
0.779987 1.31209 1.14508
0.782091 1.31164 1.14543
0.782131 1.31067 1.14547
0.780101 1.3111 1.14514
0.784155 1.31024 1.14583
0.78222 1.31065 1.14512
0.782324 1.30984 1.14518
0.784187 1.30944 1.14586
0.78222 1.31065 1.14512
0.780249 1.31107 1.14453
0.780426 1.31024 1.14461
0.782324 1.30984 1.14518
0.780249 1.31107 1.14453
0.778247 1.31149 1.14405
0.778498 1.31065 1.14415
0.780426 1.31024 1.14461
0.778247 1.31149 1.14405
0.776215 1.31192 1.14374
0.776541 1.31107 1.14386
0.778498 1.31065 1.14415
0.776215 1.31192 1.14374
0.774162 1.31236 1.14375
0.774564 1.31149 1.14387
0.776541 1.31107 1.14386
0.774162 1.31236 1.14375
0.773977 1.3124 1.1444
0.774386 1.31153 1.14449
0.774564 1.31149 1.14387
0.773977 1.3124 1.1444
0.776022 1.31196 1.14461
0.776355 1.31111 1.14469
0.774386 1.31153 1.14449
0.776022 1.31196 1.14461
0.778064 1.31153 1.14485
0.778322 1.31069 1.14492
0.776355 1.31111 1.14469
0.778064 1.31153 1.14485
0.780101 1.3111 1.14514
0.780283 1.31027 1.1452
0.778322 1.31069 1.14492
0.780101 1.3111 1.14514
0.782131 1.31067 1.14547
0.782238 1.30986 1.14551
0.780283 1.31027 1.1452
0.784187 1.30944 1.14586
0.782324 1.30984 1.14518
0.782505 1.30901 1.14525
0.784282 1.30864 1.1459
0.782324 1.30984 1.14518
0.780426 1.31024 1.14461
0.780694 1.3094 1.14471
0.782505 1.30901 1.14525
0.780426 1.31024 1.14461
0.778498 1.31065 1.14415
0.778856 1.30979 1.14427
0.780694 1.3094 1.14471
0.778498 1.31065 1.14415
0.776541 1.31107 1.14386
0.776989 1.31019 1.14399
0.778856 1.30979 1.14427
0.776541 1.31107 1.14386
0.774564 1.31149 1.14387
0.775105 1.31059 1.144
0.776989 1.31019 1.14399
0.774564 1.31149 1.14387
0.774386 1.31153 1.14449
0.774935 1.31062 1.1446
0.775105 1.31059 1.144
0.774386 1.31153 1.14449
0.776355 1.31111 1.14469
0.776813 1.31022 1.14479
0.774935 1.31062 1.1446
0.776355 1.31111 1.14469
0.778322 1.31069 1.14492
0.778688 1.30982 1.14501
0.776813 1.31022 1.14479
0.778322 1.31069 1.14492
0.780283 1.31027 1.1452
0.780559 1.30943 1.14527
0.778688 1.30982 1.14501
0.780283 1.31027 1.1452
0.782238 1.30986 1.14551
0.782423 1.30903 1.14557
0.780559 1.30943 1.14527
0.784282 1.30864 1.1459
0.782505 1.30901 1.14525
0.782772 1.30817 1.14534
0.784446 1.30781 1.14595
0.782505 1.30901 1.14525
0.780694 1.3094 1.14471
0.781067 1.30853 1.14483
0.782772 1.30817 1.14534
0.780694 1.3094 1.14471
0.778856 1.30979 1.14427
0.779335 1.3089 1.14442
0.781067 1.30853 1.14483
0.778856 1.30979 1.14427
0.776989 1.31019 1.14399
0.777577 1.30927 1.14416
0.779335 1.3089 1.14442
0.776989 1.31019 1.14399
0.775105 1.31059 1.144
0.775802 1.30965 1.14417
0.777577 1.30927 1.14416
0.775105 1.31059 1.144
0.774935 1.31062 1.1446
0.775642 1.30969 1.14473
0.775802 1.30965 1.14417
0.774935 1.31062 1.1446
0.776813 1.31022 1.14479
0.777411 1.30931 1.14491
0.775642 1.30969 1.14473
0.776813 1.31022 1.14479
0.778688 1.30982 1.14501
0.779177 1.30893 1.14512
0.777411 1.30931 1.14491
0.778688 1.30982 1.14501
0.780559 1.30943 1.14527
0.780939 1.30856 1.14536
0.779177 1.30893 1.14512
0.780559 1.30943 1.14527
0.782423 1.30903 1.14557
0.782695 1.30819 1.14564
0.780939 1.30856 1.14536
0.784446 1.30781 1.14595
0.782772 1.30817 1.14534
0.783144 1.3073 1.14545
0.784695 1.30697 1.14601
0.782772 1.30817 1.14534
0.781067 1.30853 1.14483
0.781564 1.30764 1.14498
0.783144 1.3073 1.14545
0.781067 1.30853 1.14483
0.779335 1.3089 1.14442
0.77996 1.30798 1.1446
0.781564 1.30764 1.14498
0.779335 1.3089 1.14442
0.777577 1.30927 1.14416
0.778331 1.30833 1.14436
0.77996 1.30798 1.1446
0.777577 1.30927 1.14416
0.775802 1.30965 1.14417
0.776687 1.30868 1.14437
0.778331 1.30833 1.14436
0.775802 1.30965 1.14417
0.775642 1.30969 1.14473
0.77654 1.30871 1.14489
0.776687 1.30868 1.14437
0.775642 1.30969 1.14473
0.777411 1.30931 1.14491
0.778178 1.30836 1.14506
0.77654 1.30871 1.14489
0.777411 1.30931 1.14491
0.779177 1.30893 1.14512
0.779815 1.30801 1.14524
0.778178 1.30836 1.14506
0.779177 1.30893 1.14512
0.780939 1.30856 1.14536
0.781446 1.30766 1.14547
0.779815 1.30801 1.14524
0.780939 1.30856 1.14536
0.782695 1.30819 1.14564
0.783073 1.30732 1.14573
0.781446 1.30766 1.14547
0.784695 1.30697 1.14601
0.783144 1.3073 1.14545
0.783655 1.30641 1.14558
0.785056 1.30611 1.14609
0.783144 1.3073 1.14545
0.781564 1.30764 1.14498
0.782227 1.30671 1.14516
0.783655 1.30641 1.14558
0.781564 1.30764 1.14498
0.77996 1.30798 1.1446
0.780778 1.30702 1.14482
0.782227 1.30671 1.14516
0.77996 1.30798 1.1446
0.778331 1.30833 1.14436
0.779307 1.30733 1.1446
0.780778 1.30702 1.14482
0.778331 1.30833 1.14436
0.776687 1.30868 1.14437
0.777822 1.30765 1.14461
0.779307 1.30733 1.1446
0.776687 1.30868 1.14437
0.77654 1.30871 1.14489
0.777689 1.30768 1.14508
0.777822 1.30765 1.14461
0.77654 1.30871 1.14489
0.778178 1.30836 1.14506
0.779169 1.30736 1.14523
0.777689 1.30768 1.14508
0.778178 1.30836 1.14506
0.779815 1.30801 1.14524
0.780647 1.30705 1.1454
0.779169 1.30736 1.14523
0.779815 1.30801 1.14524
0.781446 1.30766 1.14547
0.782121 1.30673 1.1456
0.780647 1.30705 1.1454
0.781446 1.30766 1.14547
0.783073 1.30732 1.14573
0.783591 1.30642 1.14583
0.782121 1.30673 1.1456
0.785056 1.30611 1.14609
0.783655 1.30641 1.14558
0.784359 1.30547 1.14575
0.785573 1.30521 1.14619
0.783655 1.30641 1.14558
0.782227 1.30671 1.14516
0.783122 1.30573 1.14538
0.784359 1.30547 1.14575
0.782227 1.30671 1.14516
0.780778 1.30702 1.14482
0.781866 1.306 1.14509
0.783122 1.30573 1.14538
0.780778 1.30702 1.14482
0.779307 1.30733 1.1446
0.780592 1.30627 1.14491
0.781866 1.306 1.14509
0.779307 1.30733 1.1446
0.777822 1.30765 1.14461
0.779305 1.30655 1.14492
0.780592 1.30627 1.14491
0.777822 1.30765 1.14461
0.777689 1.30768 1.14508
0.77919 1.30657 1.14532
0.779305 1.30655 1.14492
0.777689 1.30768 1.14508
0.779169 1.30736 1.14523
0.780472 1.3063 1.14545
0.77919 1.30657 1.14532
0.779169 1.30736 1.14523
0.780647 1.30705 1.1454
0.781753 1.30603 1.1456
0.780472 1.3063 1.14545
0.780647 1.30705 1.1454
0.782121 1.30673 1.1456
0.78303 1.30575 1.14577
0.781753 1.30603 1.1456
0.782121 1.30673 1.1456
0.783591 1.30642 1.14583
0.784303 1.30548 1.14597
0.78303 1.30575 1.14577
0.785573 1.30521 1.14619
0.784359 1.30547 1.14575
0.785404 1.30446 1.14599
0.786365 1.30426 1.14633
0.784359 1.30547 1.14575
0.783122 1.30573 1.14538
0.784424 1.30467 1.1457
0.785404 1.30446 1.14599
0.783122 1.30573 1.14538
0.781866 1.306 1.14509
0.783429 1.30488 1.14547
0.784424 1.30467 1.1457
0.781866 1.306 1.14509
0.780592 1.30627 1.14491
0.78242 1.3051 1.14532
0.783429 1.30488 1.14547
0.780592 1.30627 1.14491
0.779305 1.30655 1.14492
0.781401 1.30531 1.14533
0.78242 1.3051 1.14532
0.779305 1.30655 1.14492
0.77919 1.30657 1.14532
0.781311 1.30533 1.14565
0.781401 1.30531 1.14533
0.77919 1.30657 1.14532
0.780472 1.3063 1.14545
0.782326 1.30512 1.14575
0.781311 1.30533 1.14565
0.780472 1.3063 1.14545
0.781753 1.30603 1.1456
0.78334 1.3049 1.14586
0.782326 1.30512 1.14575
0.781753 1.30603 1.1456
0.78303 1.30575 1.14577
0.784351 1.30469 1.146
0.78334 1.3049 1.14586
0.78303 1.30575 1.14577
0.784303 1.30548 1.14597
0.78536 1.30447 1.14616
0.784351 1.30469 1.146
0.786365 1.30426 1.14633
0.785404 1.30446 1.14599
0.78734 1.30326 1.14639
0.787878 1.30315 1.14658
0.785404 1.30446 1.14599
0.784424 1.30467 1.1457
0.786792 1.30338 1.14623
0.78734 1.30326 1.14639
0.784424 1.30467 1.1457
0.783429 1.30488 1.14547
0.786235 1.3035 1.1461
0.786792 1.30338 1.14623
0.783429 1.30488 1.14547
0.78242 1.3051 1.14532
0.785671 1.30362 1.14602
0.786235 1.3035 1.1461
0.78242 1.3051 1.14532
0.781401 1.30531 1.14533
0.785101 1.30374 1.14602
0.785671 1.30362 1.14602
0.781401 1.30531 1.14533
0.781311 1.30533 1.14565
0.785051 1.30375 1.1462
0.785101 1.30374 1.14602
0.781311 1.30533 1.14565
0.782326 1.30512 1.14575
0.785619 1.30363 1.14626
0.785051 1.30375 1.1462
0.782326 1.30512 1.14575
0.78334 1.3049 1.14586
0.786186 1.30351 1.14632
0.785619 1.30363 1.14626
0.78334 1.3049 1.14586
0.784351 1.30469 1.146
0.786751 1.30339 1.1464
0.786186 1.30351 1.14632
0.784351 1.30469 1.146
0.78536 1.30447 1.14616
0.787315 1.30327 1.14649
0.786751 1.30339 1.1464
0.787878 1.30315 1.14658
0.78734 1.30326 1.14639
0.789502 1.3021 1.14683
0.789579 1.30208 1.14686
0.78734 1.30326 1.14639
0.786792 1.30338 1.14623
0.789425 1.30211 1.14681
0.789502 1.3021 1.14683
0.786792 1.30338 1.14623
0.786235 1.3035 1.1461
0.789346 1.30213 1.14679
0.789425 1.30211 1.14681
0.786235 1.3035 1.1461
0.785671 1.30362 1.14602
0.789265 1.30215 1.14678
0.789346 1.30213 1.14679
0.785671 1.30362 1.14602
0.785101 1.30374 1.14602
0.789185 1.30216 1.14678
0.789265 1.30215 1.14678
0.785101 1.30374 1.14602
0.785051 1.30375 1.1462
0.789177 1.30217 1.1468
0.789185 1.30216 1.14678
0.785051 1.30375 1.1462
0.785619 1.30363 1.14626
0.789258 1.30215 1.14681
0.789177 1.30217 1.1468
0.785619 1.30363 1.14626
0.786186 1.30351 1.14632
0.789339 1.30213 1.14682
0.789258 1.30215 1.14681
0.786186 1.30351 1.14632
0.786751 1.30339 1.1464
0.789419 1.30211 1.14683
0.789339 1.30213 1.14682
0.786751 1.30339 1.1464
0.787315 1.30327 1.14649
0.789499 1.3021 1.14684
0.789419 1.30211 1.14683
0.801211 1.43048 1.14043
0.80437 1.42981 1.1429
0.803952 1.42732 1.14286
0.800648 1.42802 1.14009
0.800648 1.42802 1.14009
0.803952 1.42732 1.14286
0.803179 1.42341 1.14294
0.799589 1.42418 1.13985
0.799589 1.42418 1.13985
0.803179 1.42341 1.14294
0.802292 1.41944 1.14314
0.798342 1.42028 1.13991
0.798342 1.42028 1.13991
0.802292 1.41944 1.14314
0.80138 1.41548 1.14337
0.797069 1.4164 1.14012
0.797069 1.4164 1.14012
0.80138 1.41548 1.14337
0.800473 1.41151 1.14355
0.795861 1.41249 1.14033
0.795861 1.41249 1.14033
0.800473 1.41151 1.14355
0.799569 1.40755 1.14371
0.794716 1.40858 1.14055
0.794716 1.40858 1.14055
0.799569 1.40755 1.14371
0.798659 1.40358 1.14384
0.793629 1.40465 1.14077
0.793629 1.40465 1.14077
0.798659 1.40358 1.14384
0.797734 1.39962 1.14394
0.792597 1.40071 1.14099
0.792597 1.40071 1.14099
0.797734 1.39962 1.14394
0.796794 1.39566 1.14403
0.79162 1.39676 1.1412
0.79162 1.39676 1.1412
0.796794 1.39566 1.14403
0.795876 1.3917 1.14411
0.790703 1.3928 1.14142
0.790703 1.3928 1.14142
0.795876 1.3917 1.14411
0.795002 1.38773 1.1442
0.789852 1.38882 1.14163
0.789852 1.38882 1.14163
0.795002 1.38773 1.1442
0.794166 1.38375 1.14428
0.78906 1.38483 1.14184
0.78906 1.38483 1.14184
0.794166 1.38375 1.14428
0.79337 1.37976 1.14438
0.788326 1.38083 1.14206
0.788326 1.38083 1.14206
0.79337 1.37976 1.14438
0.792611 1.37576 1.14447
0.787646 1.37681 1.14226
0.787646 1.37681 1.14226
0.792611 1.37576 1.14447
0.791886 1.37176 1.14456
0.787016 1.37279 1.14247
0.787016 1.37279 1.14247
0.791886 1.37176 1.14456
0.791198 1.36774 1.14465
0.786434 1.36876 1.14268
0.786434 1.36876 1.14268
0.791198 1.36774 1.14465
0.790541 1.36372 1.14474
0.785886 1.36471 1.14293
0.785886 1.36471 1.14293
0.790541 1.36372 1.14474
0.789912 1.3597 1.14483
0.785382 1.36066 1.14317
0.785382 1.36066 1.14317
0.789912 1.3597 1.14483
0.789314 1.35567 1.14492
0.784924 1.3566 1.14341
0.784924 1.3566 1.14341
0.789314 1.35567 1.14492
0.788742 1.35163 1.14501
0.784508 1.35253 1.14363
0.784508 1.35253 1.14363
0.788742 1.35163 1.14501
0.788196 1.34759 1.1451
0.784129 1.34845 1.14385
0.784129 1.34845 1.14385
0.788196 1.34759 1.1451
0.787675 1.34354 1.14518
0.783789 1.34437 1.14405
0.783789 1.34437 1.14405
0.787675 1.34354 1.14518
0.787175 1.33949 1.14527
0.783481 1.34028 1.14426
0.783481 1.34028 1.14426
0.787175 1.33949 1.14527
0.786697 1.33543 1.14535
0.783205 1.33617 1.14445
0.783205 1.33617 1.14445
0.786697 1.33543 1.14535
0.786237 1.33137 1.14543
0.782957 1.33207 1.14464
0.782957 1.33207 1.14464
0.786237 1.33137 1.14543
0.785794 1.32731 1.14551
0.782737 1.32796 1.14481
0.782737 1.32796 1.14481
0.785794 1.32731 1.14551
0.785367 1.32324 1.14559
0.782541 1.32384 1.14498
0.782541 1.32384 1.14498
0.785367 1.32324 1.14559
0.784956 1.31917 1.14567
0.782368 1.31972 1.14515
0.782368 1.31972 1.14515
0.784956 1.31917 1.14567
0.784556 1.3151 1.14574
0.782215 1.31559 1.1453
0.782215 1.31559 1.1453
0.784556 1.3151 1.14574
0.784189 1.31119 1.14581
0.782091 1.31164 1.14543
0.782091 1.31164 1.14543
0.784189 1.31119 1.14581
0.784155 1.31024 1.14583
0.782131 1.31067 1.14547
0.782131 1.31067 1.14547
0.784155 1.31024 1.14583
0.784187 1.30944 1.14586
0.782238 1.30986 1.14551
0.782238 1.30986 1.14551
0.784187 1.30944 1.14586
0.784282 1.30864 1.1459
0.782423 1.30903 1.14557
0.782423 1.30903 1.14557
0.784282 1.30864 1.1459
0.784446 1.30781 1.14595
0.782695 1.30819 1.14564
0.782695 1.30819 1.14564
0.784446 1.30781 1.14595
0.784695 1.30697 1.14601
0.783073 1.30732 1.14573
0.783073 1.30732 1.14573
0.784695 1.30697 1.14601
0.785056 1.30611 1.14609
0.783591 1.30642 1.14583
0.783591 1.30642 1.14583
0.785056 1.30611 1.14609
0.785573 1.30521 1.14619
0.784303 1.30548 1.14597
0.784303 1.30548 1.14597
0.785573 1.30521 1.14619
0.786365 1.30426 1.14633
0.78536 1.30447 1.14616
0.78536 1.30447 1.14616
0.786365 1.30426 1.14633
0.787878 1.30315 1.14658
0.787315 1.30327 1.14649
0.787315 1.30327 1.14649
0.787878 1.30315 1.14658
0.789579 1.30208 1.14686
0.789499 1.3021 1.14684
0.8135 1.4528 1.1457
0.8135 1.4528 1.1457
0.8135 1.4528 1.1457
0.8135 1.4528 1.1457
0.8135 1.4528 1.1457
0.8135 1.4528 1.1457
0.8135 1.4528 1.1457
0.8135 1.4528 1.1457
0.8135 1.4528 1.1457
0.8135 1.4528 1.1457
0.8135 1.4528 1.1457
0.8135 1.4528 1.1457
0.8135 1.4528 1.1457
0.8135 1.4528 1.1457
0.8135 1.4528 1.1457
0.8135 1.4528 1.1457
0.8135 1.4528 1.1457
0.8135 1.4528 1.1457
0.8135 1.4528 1.1457
0.8135 1.4528 1.1457
0.8135 1.4528 1.1457
0.8135 1.4528 1.1457
0.8135 1.4528 1.1457
0.8135 1.4528 1.1457
0.8135 1.4528 1.1457
0.8135 1.4528 1.1457
0.8135 1.4528 1.1457
0.8135 1.4528 1.1457
0.8135 1.4528 1.1457
0.8135 1.4528 1.1457
0.8135 1.4528 1.1457
0.8135 1.4528 1.1457
0.8135 1.4528 1.1457
0.8135 1.4528 1.1457
0.8135 1.4528 1.1457
0.8135 1.4528 1.1457
0.8135 1.4528 1.1457
0.8135 1.4528 1.1457
0.8135 1.4528 1.1457
0.8135 1.4528 1.1457
0.8135 1.4528 1.1457
0.8135 1.4528 1.1457
0.8135 1.4528 1.1457
0.8135 1.4528 1.1457
0.8135 1.4528 1.1457
0.8135 1.4528 1.1457
0.8135 1.4528 1.1457
0.8135 1.4528 1.1457
0.8135 1.4528 1.1457
0.8135 1.4528 1.1457
0.8135 1.4528 1.1457
0.8135 1.4528 1.1457
0.8135 1.4528 1.1457
0.8135 1.4528 1.1457
0.8135 1.4528 1.1457
0.8135 1.4528 1.1457
0.8135 1.4528 1.1457
0.8135 1.4528 1.1457
0.8135 1.4528 1.1457
0.8135 1.4528 1.1457
0.8135 1.4528 1.1457
0.8135 1.4528 1.1457
0.8135 1.4528 1.1457
0.8135 1.4528 1.1457
0.8135 1.4528 1.1457
0.8135 1.4528 1.1457
0.8135 1.4528 1.1457
0.8135 1.4528 1.1457
0.8135 1.4528 1.1457
0.8135 1.4528 1.1457
0.8135 1.4528 1.1457
0.8135 1.4528 1.1457
0.8135 1.4528 1.1457
0.8135 1.4528 1.1457
0.8135 1.4528 1.1457
0.8135 1.4528 1.1457
0.8135 1.4528 1.1457
0.8135 1.4528 1.1457
0.8135 1.4528 1.1457
0.8135 1.4528 1.1457
0.8135 1.4528 1.1457
0.8135 1.4528 1.1457
0.8135 1.4528 1.1457
0.8135 1.4528 1.1457
0.8135 1.4528 1.1457
0.8135 1.4528 1.1457
0.8135 1.4528 1.1457
0.8135 1.4528 1.1457
0.82263 1.47579 1.1429
0.824981 1.47529 1.13964
0.825553 1.47775 1.13934
0.823048 1.47828 1.14286
0.824981 1.47529 1.13964
0.827799 1.47469 1.13677
0.828558 1.47711 1.13622
0.825553 1.47775 1.13934
0.827799 1.47469 1.13677
0.830819 1.47405 1.13411
0.831778 1.47642 1.13334
0.828558 1.47711 1.13622
0.830819 1.47405 1.13411
0.834085 1.47335 1.13179
0.835254 1.47568 1.13078
0.831778 1.47642 1.13334
0.834085 1.47335 1.13179
0.837759 1.47257 1.13028
0.839155 1.47485 1.12903
0.835254 1.47568 1.13078
0.837759 1.47257 1.13028
0.8396 1.47218 1.13237
0.841015 1.47446 1.13107
0.839155 1.47485 1.12903
0.8396 1.47218 1.13237
0.836259 1.47289 1.13456
0.837422 1.47522 1.13344
0.841015 1.47446 1.13107
0.836259 1.47289 1.13456
0.832715 1.47364 1.13642
0.833662 1.47602 1.13553
0.837422 1.47522 1.13344
0.832715 1.47364 1.13642
0.829199 1.47439 1.13833
0.829946 1.47681 1.13771
0.833662 1.47602 1.13553
0.829199 1.47439 1.13833
0.825789 1.47512 1.14043
0.826352 1.47758 1.14009
0.829946 1.47681 1.13771
0.823048 1.47828 1.14286
0.825553 1.47775 1.13934
0.826656 1.48158 1.13913
0.823821 1.48219 1.14294
0.825553 1.47775 1.13934
0.828558 1.47711 1.13622
0.830022 1.48087 1.13578
0.826656 1.48158 1.13913
0.828558 1.47711 1.13622
0.831778 1.47642 1.13334
0.833615 1.4801 1.13268
0.830022 1.48087 1.13578
0.831778 1.47642 1.13334
0.835254 1.47568 1.13078
0.837467 1.47928 1.12993
0.833615 1.4801 1.13268
0.835254 1.47568 1.13078
0.839155 1.47485 1.12903
0.841737 1.47838 1.12797
0.837467 1.47928 1.12993
0.839155 1.47485 1.12903
0.841015 1.47446 1.13107
0.843527 1.478 1.12997
0.841737 1.47838 1.12797
0.841015 1.47446 1.13107
0.837422 1.47522 1.13344
0.839515 1.47885 1.13247
0.843527 1.478 1.12997
0.837422 1.47522 1.13344
0.833662 1.47602 1.13553
0.835392 1.47973 1.13477
0.839515 1.47885 1.13247
0.833662 1.47602 1.13553
0.829946 1.47681 1.13771
0.831331 1.48059 1.13719
0.835392 1.47973 1.13477
0.829946 1.47681 1.13771
0.826352 1.47758 1.14009
0.827411 1.48142 1.13985
0.831331 1.48059 1.13719
0.823821 1.48219 1.14294
0.826656 1.48158 1.13913
0.827967 1.48546 1.13921
0.824708 1.48616 1.14314
0.826656 1.48158 1.13913
0.830022 1.48087 1.13578
0.831767 1.48466 1.13578
0.827967 1.48546 1.13921
0.830022 1.48087 1.13578
0.833615 1.4801 1.13268
0.835796 1.4838 1.13265
0.831767 1.48466 1.13578
0.833615 1.4801 1.13268
0.837467 1.47928 1.12993
0.840073 1.48289 1.12988
0.835796 1.4838 1.13265
0.837467 1.47928 1.12993
0.841737 1.47838 1.12797
0.844735 1.4819 1.1279
0.840073 1.48289 1.12988
0.841737 1.47838 1.12797
0.843527 1.478 1.12997
0.846381 1.48155 1.12991
0.844735 1.4819 1.1279
0.843527 1.478 1.12997
0.839515 1.47885 1.13247
0.841927 1.4825 1.13237
0.846381 1.48155 1.12991
0.839515 1.47885 1.13247
0.835392 1.47973 1.13477
0.837406 1.48346 1.1347
0.841927 1.4825 1.13237
0.835392 1.47973 1.13477
0.831331 1.48059 1.13719
0.832958 1.4844 1.13718
0.837406 1.48346 1.1347
0.831331 1.48059 1.13719
0.827411 1.48142 1.13985
0.828658 1.48532 1.13991
0.832958 1.4844 1.13718
0.824708 1.48616 1.14314
0.827967 1.48546 1.13921
0.8293 1.48934 1.13941
0.82562 1.49012 1.14337
0.827967 1.48546 1.13921
0.831767 1.48466 1.13578
0.833516 1.48844 1.13602
0.8293 1.48934 1.13941
0.831767 1.48466 1.13578
0.835796 1.4838 1.13265
0.837956 1.4875 1.13295
0.833516 1.48844 1.13602
0.835796 1.4838 1.13265
0.840073 1.48289 1.12988
0.842629 1.4865 1.13026
0.837956 1.4875 1.13295
0.840073 1.48289 1.12988
0.844735 1.4819 1.1279
0.84765 1.48544 1.12838
0.842629 1.4865 1.13026
0.844735 1.4819 1.1279
0.846381 1.48155 1.12991
0.849149 1.48512 1.13041
0.84765 1.48544 1.12838
0.846381 1.48155 1.12991
0.841927 1.4825 1.13237
0.844296 1.48615 1.13274
0.849149 1.48512 1.13041
0.841927 1.4825 1.13237
0.837406 1.48346 1.1347
0.839406 1.48719 1.13499
0.844296 1.48615 1.13274
0.837406 1.48346 1.1347
0.832958 1.4844 1.13718
0.834594 1.48821 1.13741
0.839406 1.48719 1.13499
0.832958 1.4844 1.13718
0.828658 1.48532 1.13991
0.829931 1.4892 1.14012
0.834594 1.48821 1.13741
0.82562 1.49012 1.14337
0.8293 1.48934 1.13941
0.830554 1.49323 1.13962
0.826527 1.49409 1.14355
0.8293 1.48934 1.13941
0.833516 1.48844 1.13602
0.83511 1.49226 1.13629
0.830554 1.49323 1.13962
0.833516 1.48844 1.13602
0.837956 1.4875 1.13295
0.839883 1.49125 1.1333
0.83511 1.49226 1.13629
0.837956 1.4875 1.13295
0.842629 1.4865 1.13026
0.844876 1.49019 1.13072
0.839883 1.49125 1.1333
0.842629 1.4865 1.13026
0.84765 1.48544 1.12838
0.850187 1.48906 1.12896
0.844876 1.49019 1.13072
0.84765 1.48544 1.12838
0.849149 1.48512 1.13041
0.85157 1.48876 1.13101
0.850187 1.48906 1.12896
0.849149 1.48512 1.13041
0.844296 1.48615 1.13274
0.846402 1.48986 1.13321
0.85157 1.48876 1.13101
0.844296 1.48615 1.13274
0.839406 1.48719 1.13499
0.841213 1.49097 1.13535
0.846402 1.48986 1.13321
0.839406 1.48719 1.13499
0.834594 1.48821 1.13741
0.836103 1.49205 1.13769
0.841213 1.49097 1.13535
0.834594 1.48821 1.13741
0.829931 1.4892 1.14012
0.831139 1.49311 1.14033
0.836103 1.49205 1.13769
0.826527 1.49409 1.14355
0.830554 1.49323 1.13962
0.831733 1.49714 1.13982
0.827431 1.49805 1.14371
0.830554 1.49323 1.13962
0.83511 1.49226 1.13629
0.836553 1.49611 1.13659
0.831733 1.49714 1.13982
0.83511 1.49226 1.13629
0.839883 1.49125 1.1333
0.841583 1.49504 1.1337
0.836553 1.49611 1.13659
0.839883 1.49125 1.1333
0.844876 1.49019 1.13072
0.846821 1.49393 1.13124
0.841583 1.49504 1.1337
0.844876 1.49019 1.13072
0.850187 1.48906 1.12896
0.852349 1.49276 1.12961
0.846821 1.49393 1.13124
0.850187 1.48906 1.12896
0.85157 1.48876 1.13101
0.853643 1.49248 1.13169
0.852349 1.49276 1.12961
0.85157 1.48876 1.13101
0.846402 1.48986 1.13321
0.848237 1.49363 1.13374
0.853643 1.49248 1.13169
0.846402 1.48986 1.13321
0.841213 1.49097 1.13535
0.842821 1.49478 1.13577
0.848237 1.49363 1.13374
0.841213 1.49097 1.13535
0.836103 1.49205 1.13769
0.837482 1.49592 1.138
0.842821 1.49478 1.13577
0.836103 1.49205 1.13769
0.831139 1.49311 1.14033
0.832284 1.49702 1.14055
0.837482 1.49592 1.138
0.827431 1.49805 1.14371
0.831733 1.49714 1.13982
0.832846 1.50106 1.14003
0.828341 1.50202 1.14384
0.831733 1.49714 1.13982
0.836553 1.49611 1.13659
0.837857 1.49999 1.1369
0.832846 1.50106 1.14003
0.836553 1.49611 1.13659
0.841583 1.49504 1.1337
0.843068 1.49889 1.13414
0.837857 1.49999 1.1369
0.841583 1.49504 1.1337
0.846821 1.49393 1.13124
0.848477 1.49774 1.13181
0.843068 1.49889 1.13414
0.846821 1.49393 1.13124
0.852349 1.49276 1.12961
0.85415 1.49653 1.13032
0.848477 1.49774 1.13181
0.852349 1.49276 1.12961
0.853643 1.49248 1.13169
0.85537 1.49627 1.13243
0.85415 1.49653 1.13032
0.853643 1.49248 1.13169
0.848237 1.49363 1.13374
0.849803 1.49745 1.13433
0.85537 1.49627 1.13243
0.848237 1.49363 1.13374
0.842821 1.49478 1.13577
0.844232 1.49864 1.13622
0.849803 1.49745 1.13433
0.842821 1.49478 1.13577
0.837482 1.49592 1.138
0.838734 1.49981 1.13833
0.844232 1.49864 1.13622
0.837482 1.49592 1.138
0.832284 1.49702 1.14055
0.833371 1.50095 1.14077
0.838734 1.49981 1.13833
0.828341 1.50202 1.14384
0.832846 1.50106 1.14003
0.833906 1.50499 1.14025
0.829266 1.50598 1.14394
0.832846 1.50106 1.14003
0.837857 1.49999 1.1369
0.839033 1.5039 1.13725
0.833906 1.50499 1.14025
0.837857 1.49999 1.1369
0.843068 1.49889 1.13414
0.844352 1.50277 1.13462
0.839033 1.5039 1.13725
0.843068 1.49889 1.13414
0.848477 1.49774 1.13181
0.849857 1.5016 1.13243
0.844352 1.50277 1.13462
0.848477 1.49774 1.13181
0.85415 1.49653 1.13032
0.855603 1.50038 1.13109
0.849857 1.5016 1.13243
0.85415 1.49653 1.13032
0.85537 1.49627 1.13243
0.85675 1.50014 1.1332
0.855603 1.50038 1.13109
0.85537 1.49627 1.13243
0.849803 1.49745 1.13433
0.851098 1.50134 1.13495
0.85675 1.50014 1.1332
0.849803 1.49745 1.13433
0.844232 1.49864 1.13622
0.845444 1.50254 1.1367
0.851098 1.50134 1.13495
0.844232 1.49864 1.13622
0.838734 1.49981 1.13833
0.83986 1.50373 1.13867
0.845444 1.50254 1.1367
0.838734 1.49981 1.13833
0.833371 1.50095 1.14077
0.834403 1.50489 1.14099
0.83986 1.50373 1.13867
0.829266 1.50598 1.14394
0.833906 1.50499 1.14025
0.834913 1.50894 1.14047
0.830206 1.50994 1.14403
0.833906 1.50499 1.14025
0.839033 1.5039 1.13725
0.840086 1.50784 1.13762
0.834913 1.50894 1.14047
0.839033 1.5039 1.13725
0.844352 1.50277 1.13462
0.845442 1.5067 1.13514
0.840086 1.50784 1.13762
0.844352 1.50277 1.13462
0.849857 1.5016 1.13243
0.85097 1.50552 1.1331
0.845442 1.5067 1.13514
0.849857 1.5016 1.13243
0.855603 1.50038 1.13109
0.856717 1.5043 1.1319
0.85097 1.50552 1.1331
0.855603 1.50038 1.13109
0.85675 1.50014 1.1332
0.857788 1.50407 1.13398
0.856717 1.5043 1.1319
0.85675 1.50014 1.1332
0.851098 1.50134 1.13495
0.852123 1.50528 1.13559
0.857788 1.50407 1.13398
0.851098 1.50134 1.13495
0.845444 1.50254 1.1367
0.846459 1.50648 1.1372
0.852123 1.50528 1.13559
0.845444 1.50254 1.1367
0.83986 1.50373 1.13867
0.84086 1.50767 1.13903
0.846459 1.50648 1.1372
0.83986 1.50373 1.13867
0.834403 1.50489 1.14099
0.83538 1.50884 1.1412
0.84086 1.50767 1.13903
0.830206 1.50994 1.14403
0.834913 1.50894 1.14047
0.835857 1.51289 1.1407
0.831124 1.5139 1.14411
0.834913 1.50894 1.14047
0.840086 1.50784 1.13762
0.841037 1.51179 1.13799
0.835857 1.51289 1.1407
0.840086 1.50784 1.13762
0.845442 1.5067 1.13514
0.846387 1.51066 1.13566
0.841037 1.51179 1.13799
0.845442 1.5067 1.13514
0.85097 1.50552 1.1331
0.851899 1.50948 1.13377
0.846387 1.51066 1.13566
0.85097 1.50552 1.1331
0.856717 1.5043 1.1319
0.857607 1.50827 1.1327
0.851899 1.50948 1.13377
0.856717 1.5043 1.1319
0.857788 1.50407 1.13398
0.858606 1.50806 1.13475
0.857607 1.50827 1.1327
0.857788 1.50407 1.13398
0.852123 1.50528 1.13559
0.852968 1.50926 1.13621
0.858606 1.50806 1.13475
0.852123 1.50528 1.13559
0.846459 1.50648 1.1372
0.847333 1.51045 1.13768
0.852968 1.50926 1.13621
0.846459 1.50648 1.1372
0.84086 1.50767 1.13903
0.841759 1.51164 1.13938
0.847333 1.51045 1.13768
0.84086 1.50767 1.13903
0.83538 1.50884 1.1412
0.836297 1.5128 1.14142
0.841759 1.51164 1.13938
0.831124 1.5139 1.14411
0.835857 1.51289 1.1407
0.836734 1.51687 1.14092
0.831998 1.51787 1.1442
0.835857 1.51289 1.1407
0.841037 1.51179 1.13799
0.841895 1.51577 1.13836
0.836734 1.51687 1.14092
0.841037 1.51179 1.13799
0.846387 1.51066 1.13566
0.847219 1.51464 1.13617
0.841895 1.51577 1.13836
0.846387 1.51066 1.13566
0.851899 1.50948 1.13377
0.852692 1.51348 1.13441
0.847219 1.51464 1.13617
0.851899 1.50948 1.13377
0.857607 1.50827 1.1327
0.858343 1.51227 1.13345
0.852692 1.51348 1.13441
0.857607 1.50827 1.1327
0.858606 1.50806 1.13475
0.859277 1.51208 1.13547
0.858343 1.51227 1.13345
0.858606 1.50806 1.13475
0.852968 1.50926 1.13621
0.853686 1.51326 1.1368
0.859277 1.51208 1.13547
0.852968 1.50926 1.13621
0.847333 1.51045 1.13768
0.848101 1.51445 1.13815
0.853686 1.51326 1.1368
0.847333 1.51045 1.13768
0.841759 1.51164 1.13938
0.842572 1.51563 1.13972
0.848101 1.51445 1.13815
0.841759 1.51164 1.13938
0.836297 1.5128 1.14142
0.837148 1.51678 1.14163
0.842572 1.51563 1.13972
0.831998 1.51787 1.1442
0.836734 1.51687 1.14092
0.83755 1.52085 1.14115
0.832834 1.52185 1.14428
0.836734 1.51687 1.14092
0.841895 1.51577 1.13836
0.842673 1.51976 1.13872
0.83755 1.52085 1.14115
0.841895 1.51577 1.13836
0.847219 1.51464 1.13617
0.847948 1.51864 1.13666
0.842673 1.51976 1.13872
0.847219 1.51464 1.13617
0.852692 1.51348 1.13441
0.853362 1.51749 1.13502
0.847948 1.51864 1.13666
0.852692 1.51348 1.13441
0.858343 1.51227 1.13345
0.858938 1.51631 1.13418
0.853362 1.51749 1.13502
0.858343 1.51227 1.13345
0.859277 1.51208 1.13547
0.859811 1.51612 1.13615
0.858938 1.51631 1.13418
0.859277 1.51208 1.13547
0.853686 1.51326 1.1368
0.854289 1.51729 1.13736
0.859811 1.51612 1.13615
0.853686 1.51326 1.1368
0.848101 1.51445 1.13815
0.848772 1.51847 1.13859
0.854289 1.51729 1.13736
0.848101 1.51445 1.13815
0.842572 1.51563 1.13972
0.843307 1.51963 1.14005
0.848772 1.51847 1.13859
0.842572 1.51563 1.13972
0.837148 1.51678 1.14163
0.83794 1.52077 1.14184
0.843307 1.51963 1.14005
0.832834 1.52185 1.14428
0.83755 1.52085 1.14115
0.838306 1.52485 1.14138
0.83363 1.52584 1.14438
0.83755 1.52085 1.14115
0.842673 1.51976 1.13872
0.84337 1.52377 1.13908
0.838306 1.52485 1.14138
0.842673 1.51976 1.13872
0.847948 1.51864 1.13666
0.848578 1.52267 1.13714
0.84337 1.52377 1.13908
0.847948 1.51864 1.13666
0.853362 1.51749 1.13502
0.853916 1.52153 1.13562
0.848578 1.52267 1.13714
0.853362 1.51749 1.13502
0.858938 1.51631 1.13418
0.8594 1.52037 1.13487
0.853916 1.52153 1.13562
0.858938 1.51631 1.13418
0.859811 1.51612 1.13615
0.860218 1.52019 1.13679
0.8594 1.52037 1.13487
0.859811 1.51612 1.13615
0.854289 1.51729 1.13736
0.85478 1.52135 1.13789
0.860218 1.52019 1.13679
0.854289 1.51729 1.13736
0.848772 1.51847 1.13859
0.849349 1.5225 1.13902
0.85478 1.52135 1.13789
0.848772 1.51847 1.13859
0.843307 1.51963 1.14005
0.843966 1.52365 1.14037
0.849349 1.5225 1.13902
0.843307 1.51963 1.14005
0.83794 1.52077 1.14184
0.838674 1.52477 1.14206
0.843966 1.52365 1.14037
0.83363 1.52584 1.14438
0.838306 1.52485 1.14138
0.839007 1.52886 1.1416
0.834389 1.52984 1.14447
0.838306 1.52485 1.14138
0.84337 1.52377 1.13908
0.843994 1.5278 1.13942
0.839007 1.52886 1.1416
0.84337 1.52377 1.13908
0.848578 1.52267 1.13714
0.849118 1.52671 1.1376
0.843994 1.5278 1.13942
0.848578 1.52267 1.13714
0.853916 1.52153 1.13562
0.854362 1.5256 1.13619
0.849118 1.52671 1.1376
0.853916 1.52153 1.13562
0.8594 1.52037 1.13487
0.859738 1.52445 1.13553
0.854362 1.5256 1.13619
0.8594 1.52037 1.13487
0.860218 1.52019 1.13679
0.860505 1.52429 1.13741
0.859738 1.52445 1.13553
0.860218 1.52019 1.13679
0.85478 1.52135 1.13789
0.855168 1.52542 1.1384
0.860505 1.52429 1.13741
0.85478 1.52135 1.13789
0.849349 1.5225 1.13902
0.849839 1.52656 1.13944
0.855168 1.52542 1.1384
0.849349 1.5225 1.13902
0.843966 1.52365 1.14037
0.844554 1.52768 1.14069
0.849839 1.52656 1.13944
0.843966 1.52365 1.14037
0.838674 1.52477 1.14206
0.839354 1.52879 1.14226
0.844554 1.52768 1.14069
0.834389 1.52984 1.14447
0.839007 1.52886 1.1416
0.839656 1.53288 1.14182
0.835114 1.53384 1.14456
0.839007 1.52886 1.1416
0.843994 1.5278 1.13942
0.84455 1.53184 1.13976
0.839656 1.53288 1.14182
0.843994 1.5278 1.13942
0.849118 1.52671 1.1376
0.849571 1.53077 1.13805
0.84455 1.53184 1.13976
0.849118 1.52671 1.1376
0.854362 1.5256 1.13619
0.854706 1.52968 1.13674
0.849571 1.53077 1.13805
0.854362 1.5256 1.13619
0.859738 1.52445 1.13553
0.859959 1.52856 1.13617
0.854706 1.52968 1.13674
0.859738 1.52445 1.13553
0.860505 1.52429 1.13741
0.860678 1.52841 1.13799
0.859959 1.52856 1.13617
0.860505 1.52429 1.13741
0.855168 1.52542 1.1384
0.855458 1.52952 1.13889
0.860678 1.52841 1.13799
0.855168 1.52542 1.1384
0.849839 1.52656 1.13944
0.850246 1.53063 1.13984
0.855458 1.52952 1.13889
0.849839 1.52656 1.13944
0.844554 1.52768 1.14069
0.845075 1.53173 1.14099
0.850246 1.53063 1.13984
0.844554 1.52768 1.14069
0.839354 1.52879 1.14226
0.839984 1.53281 1.14247
0.845075 1.53173 1.14099
0.835114 1.53384 1.14456
0.839656 1.53288 1.14182
0.840255 1.53691 1.14205
0.835802 1.53786 1.14465
0.839656 1.53288 1.14182
0.84455 1.53184 1.13976
0.845037 1.53589 1.1401
0.840255 1.53691 1.14205
0.84455 1.53184 1.13976
0.849571 1.53077 1.13805
0.849941 1.53485 1.1385
0.845037 1.53589 1.1401
0.849571 1.53077 1.13805
0.854706 1.52968 1.13674
0.85495 1.53379 1.13728
0.849941 1.53485 1.1385
0.854706 1.52968 1.13674
0.859959 1.52856 1.13617
0.860067 1.5327 1.13679
0.85495 1.53379 1.13728
0.859959 1.52856 1.13617
0.860678 1.52841 1.13799
0.860741 1.53256 1.13854
0.860067 1.5327 1.13679
0.860678 1.52841 1.13799
0.855458 1.52952 1.13889
0.855655 1.53364 1.13937
0.860741 1.53256 1.13854
0.855458 1.52952 1.13889
0.850246 1.53063 1.13984
0.850576 1.53472 1.14024
0.855655 1.53364 1.13937
0.850246 1.53063 1.13984
0.845075 1.53173 1.14099
0.845535 1.53579 1.14131
0.850576 1.53472 1.14024
0.845075 1.53173 1.14099
0.839984 1.53281 1.14247
0.840566 1.53684 1.14268
0.845535 1.53579 1.14131
0.835802 1.53786 1.14465
0.840255 1.53691 1.14205
0.840814 1.54095 1.14229
0.836459 1.54188 1.14474
0.840255 1.53691 1.14205
0.845037 1.53589 1.1401
0.845466 1.53996 1.14044
0.840814 1.54095 1.14229
0.845037 1.53589 1.1401
0.849941 1.53485 1.1385
0.850233 1.53895 1.13894
0.845466 1.53996 1.14044
0.849941 1.53485 1.1385
0.85495 1.53379 1.13728
0.855101 1.53791 1.13782
0.850233 1.53895 1.13894
0.85495 1.53379 1.13728
0.860067 1.5327 1.13679
0.860065 1.53686 1.1374
0.855101 1.53791 1.13782
0.860067 1.5327 1.13679
0.860741 1.53256 1.13854
0.860697 1.53672 1.13907
0.860065 1.53686 1.1374
0.860741 1.53256 1.13854
0.855655 1.53364 1.13937
0.855764 1.53777 1.13984
0.860697 1.53672 1.13907
0.855655 1.53364 1.13937
0.850576 1.53472 1.14024
0.850838 1.53882 1.14066
0.855764 1.53777 1.13984
0.850576 1.53472 1.14024
0.845535 1.53579 1.14131
0.845945 1.53986 1.14166
0.850838 1.53882 1.14066
0.845535 1.53579 1.14131
0.840566 1.53684 1.14268
0.841114 1.54089 1.14293
0.845945 1.53986 1.14166
0.836459 1.54188 1.14474
0.840814 1.54095 1.14229
0.841331 1.545 1.14252
0.837088 1.5459 1.14483
0.840814 1.54095 1.14229
0.845466 1.53996 1.14044
0.845841 1.54404 1.14078
0.841331 1.545 1.14252
0.845466 1.53996 1.14044
0.850233 1.53895 1.13894
0.850459 1.54306 1.13937
0.845841 1.54404 1.14078
0.850233 1.53895 1.13894
0.855101 1.53791 1.13782
0.855172 1.54206 1.13834
0.850459 1.54306 1.13937
0.855101 1.53791 1.13782
0.860065 1.53686 1.1374
0.859972 1.54103 1.13799
0.855172 1.54206 1.13834
0.860065 1.53686 1.1374
0.860697 1.53672 1.13907
0.860564 1.54091 1.13958
0.859972 1.54103 1.13799
0.860697 1.53672 1.13907
0.855764 1.53777 1.13984
0.855795 1.54192 1.1403
0.860564 1.54091 1.13958
0.855764 1.53777 1.13984
0.850838 1.53882 1.14066
0.851032 1.54294 1.14106
0.855795 1.54192 1.1403
0.850838 1.53882 1.14066
0.845945 1.53986 1.14166
0.846298 1.54394 1.14199
0.851032 1.54294 1.14106
0.845945 1.53986 1.14166
0.841114 1.54089 1.14293
0.841618 1.54494 1.14317
0.846298 1.54394 1.14199
0.837088 1.5459 1.14483
0.841331 1.545 1.14252
0.841805 1.54906 1.14276
0.837686 1.54993 1.14492
0.841331 1.545 1.14252
0.845841 1.54404 1.14078
0.84616 1.54813 1.14112
0.841805 1.54906 1.14276
0.845841 1.54404 1.14078
0.850459 1.54306 1.13937
0.850617 1.54718 1.1398
0.84616 1.54813 1.14112
0.850459 1.54306 1.13937
0.855172 1.54206 1.13834
0.855162 1.54622 1.13885
0.850617 1.54718 1.1398
0.855172 1.54206 1.13834
0.859972 1.54103 1.13799
0.859787 1.54523 1.13855
0.855162 1.54622 1.13885
0.859972 1.54103 1.13799
0.860564 1.54091 1.13958
0.860338 1.54512 1.14006
0.859787 1.54523 1.13855
0.860564 1.54091 1.13958
0.855795 1.54192 1.1403
0.855744 1.54609 1.14074
0.860338 1.54512 1.14006
0.855795 1.54192 1.1403
0.851032 1.54294 1.14106
0.851155 1.54707 1.14145
0.855744 1.54609 1.14074
0.851032 1.54294 1.14106
0.846298 1.54394 1.14199
0.846592 1.54804 1.14232
0.851155 1.54707 1.14145
0.846298 1.54394 1.14199
0.841618 1.54494 1.14317
0.842076 1.549 1.14341
0.846592 1.54804 1.14232
0.837686 1.54993 1.14492
0.841805 1.54906 1.14276
0.842238 1.55312 1.14299
0.838258 1.55397 1.14501
0.841805 1.54906 1.14276
0.84616 1.54813 1.14112
0.846427 1.55223 1.14146
0.842238 1.55312 1.14299
0.84616 1.54813 1.14112
0.850617 1.54718 1.1398
0.850711 1.55132 1.14022
0.846427 1.55223 1.14146
0.850617 1.54718 1.1398
0.855162 1.54622 1.13885
0.855077 1.55039 1.13934
0.850711 1.55132 1.14022
0.855162 1.54622 1.13885
0.859787 1.54523 1.13855
0.859515 1.54945 1.1391
0.855077 1.55039 1.13934
0.859787 1.54523 1.13855
0.860338 1.54512 1.14006
0.860028 1.54934 1.14053
0.859515 1.54945 1.1391
0.860338 1.54512 1.14006
0.855744 1.54609 1.14074
0.855618 1.55028 1.14115
0.860028 1.54934 1.14053
0.855744 1.54609 1.14074
0.851155 1.54707 1.14145
0.851214 1.55121 1.14182
0.855618 1.55028 1.14115
0.851155 1.54707 1.14145
0.846592 1.54804 1.14232
0.846833 1.55215 1.14262
0.851214 1.55121 1.14182
0.846592 1.54804 1.14232
0.842076 1.549 1.14341
0.842492 1.55307 1.14363
0.846833 1.55215 1.14262
0.838258 1.55397 1.14501
0.842238 1.55312 1.14299
0.842633 1.5572 1.14322
0.838804 1.55801 1.1451
0.842238 1.55312 1.14299
0.846427 1.55223 1.14146
0.846646 1.55634 1.14178
0.842633 1.5572 1.14322
0.846427 1.55223 1.14146
0.850711 1.55132 1.14022
0.850746 1.55547 1.14063
0.846646 1.55634 1.14178
0.850711 1.55132 1.14022
0.855077 1.55039 1.13934
0.854923 1.55459 1.13982
0.850746 1.55547 1.14063
0.855077 1.55039 1.13934
0.859515 1.54945 1.1391
0.859165 1.55368 1.13963
0.854923 1.55459 1.13982
0.859515 1.54945 1.1391
0.860028 1.54934 1.14053
0.859641 1.55358 1.14098
0.859165 1.55368 1.13963
0.860028 1.54934 1.14053
0.855618 1.55028 1.14115
0.855425 1.55448 1.14156
0.859641 1.55358 1.14098
0.855618 1.55028 1.14115
0.851214 1.55121 1.14182
0.851215 1.55537 1.14217
0.855425 1.55448 1.14156
0.851214 1.55121 1.14182
0.846833 1.55215 1.14262
0.847026 1.55626 1.14292
0.851215 1.55537 1.14217
0.846833 1.55215 1.14262
0.842492 1.55307 1.14363
0.842871 1.55715 1.14385
0.847026 1.55626 1.14292
0.838804 1.55801 1.1451
0.842633 1.5572 1.14322
0.842991 1.56128 1.14345
0.839325 1.56206 1.14518
0.842633 1.5572 1.14322
0.846646 1.55634 1.14178
0.846817 1.56047 1.14211
0.842991 1.56128 1.14345
0.846646 1.55634 1.14178
0.850746 1.55547 1.14063
0.850723 1.55964 1.14104
0.846817 1.56047 1.14211
0.850746 1.55547 1.14063
0.854923 1.55459 1.13982
0.8547 1.55879 1.14029
0.850723 1.55964 1.14104
0.854923 1.55459 1.13982
0.859165 1.55368 1.13963
0.858736 1.55793 1.14014
0.8547 1.55879 1.14029
0.859165 1.55368 1.13963
0.859641 1.55358 1.14098
0.859176 1.55784 1.14142
0.858736 1.55793 1.14014
0.859641 1.55358 1.14098
0.855425 1.55448 1.14156
0.855164 1.55869 1.14195
0.859176 1.55784 1.14142
0.855425 1.55448 1.14156
0.851215 1.55537 1.14217
0.851158 1.55954 1.14252
0.855164 1.55869 1.14195
0.851215 1.55537 1.14217
0.847026 1.55626 1.14292
0.84717 1.56039 1.14321
0.851158 1.55954 1.14252
0.847026 1.55626 1.14292
0.842871 1.55715 1.14385
0.843211 1.56123 1.14405
0.84717 1.56039 1.14321
0.839325 1.56206 1.14518
0.842991 1.56128 1.14345
0.843316 1.56537 1.14367
0.839825 1.56611 1.14527
0.842991 1.56128 1.14345
0.846817 1.56047 1.14211
0.846946 1.5646 1.14243
0.843316 1.56537 1.14367
0.846817 1.56047 1.14211
0.850723 1.55964 1.14104
0.850649 1.56381 1.14143
0.846946 1.5646 1.14243
0.850723 1.55964 1.14104
0.8547 1.55879 1.14029
0.854417 1.56301 1.14075
0.850649 1.56381 1.14143
0.8547 1.55879 1.14029
0.858736 1.55793 1.14014
0.858239 1.5622 1.14063
0.854417 1.56301 1.14075
0.858736 1.55793 1.14014
0.859176 1.55784 1.14142
0.858645 1.56211 1.14183
0.858239 1.5622 1.14063
0.859176 1.55784 1.14142
0.855164 1.55869 1.14195
0.854845 1.56292 1.14232
0.858645 1.56211 1.14183
0.855164 1.55869 1.14195
0.851158 1.55954 1.14252
0.851051 1.56372 1.14285
0.854845 1.56292 1.14232
0.851158 1.55954 1.14252
0.84717 1.56039 1.14321
0.847272 1.56453 1.14348
0.851051 1.56372 1.14285
0.84717 1.56039 1.14321
0.843211 1.56123 1.14405
0.843519 1.56532 1.14426
0.847272 1.56453 1.14348
0.839825 1.56611 1.14527
0.843316 1.56537 1.14367
0.843609 1.56947 1.14389
0.840303 1.57017 1.14535
0.843316 1.56537 1.14367
0.846946 1.5646 1.14243
0.847033 1.56874 1.14274
0.843609 1.56947 1.14389
0.846946 1.5646 1.14243
0.850649 1.56381 1.14143
0.850524 1.568 1.14182
0.847033 1.56874 1.14274
0.850649 1.56381 1.14143
0.854417 1.56301 1.14075
0.854075 1.56724 1.1412
0.850524 1.568 1.14182
0.854417 1.56301 1.14075
0.858239 1.5622 1.14063
0.857673 1.56648 1.1411
0.854075 1.56724 1.1412
0.858239 1.5622 1.14063
0.858645 1.56211 1.14183
0.858045 1.5664 1.14223
0.857673 1.56648 1.1411
0.858645 1.56211 1.14183
0.854845 1.56292 1.14232
0.854467 1.56716 1.14268
0.858045 1.5664 1.14223
0.854845 1.56292 1.14232
0.851051 1.56372 1.14285
0.850893 1.56792 1.14316
0.854467 1.56716 1.14268
0.851051 1.56372 1.14285
0.847272 1.56453 1.14348
0.847333 1.56867 1.14374
0.850893 1.56792 1.14316
0.847272 1.56453 1.14348
0.843519 1.56532 1.14426
0.843795 1.56943 1.14445
0.847333 1.56867 1.14374
0.840303 1.57017 1.14535
0.843609 1.56947 1.14389
0.843873 1.57357 1.1441
0.840763 1.57423 1.14543
0.843609 1.56947 1.14389
0.847033 1.56874 1.14274
0.847083 1.57288 1.14305
0.843873 1.57357 1.1441
0.847033 1.56874 1.14274
0.850524 1.568 1.14182
0.850353 1.57219 1.1422
0.847083 1.57288 1.14305
0.850524 1.568 1.14182
0.854075 1.56724 1.1412
0.853679 1.57148 1.14163
0.850353 1.57219 1.1422
0.854075 1.56724 1.1412
0.857673 1.56648 1.1411
0.857046 1.57077 1.14156
0.853679 1.57148 1.14163
0.857673 1.56648 1.1411
0.858045 1.5664 1.14223
0.857386 1.57069 1.14262
0.857046 1.57077 1.14156
0.858045 1.5664 1.14223
0.854467 1.56716 1.14268
0.854036 1.57141 1.14302
0.857386 1.57069 1.14262
0.854467 1.56716 1.14268
0.850893 1.56792 1.14316
0.850691 1.57212 1.14347
0.854036 1.57141 1.14302
0.850893 1.56792 1.14316
0.847333 1.56867 1.14374
0.847358 1.57283 1.144
0.850691 1.57212 1.14347
0.847333 1.56867 1.14374
0.843795 1.56943 1.14445
0.844043 1.57353 1.14464
0.847358 1.57283 1.144
0.840763 1.57423 1.14543
0.843873 1.57357 1.1441
0.84411 1.57767 1.14431
0.841206 1.57829 1.14551
0.843873 1.57357 1.1441
0.847083 1.57288 1.14305
0.847098 1.57704 1.14334
0.84411 1.57767 1.14431
0.847083 1.57288 1.14305
0.850353 1.57219 1.1422
0.85014 1.57639 1.14257
0.847098 1.57704 1.14334
0.850353 1.57219 1.1422
0.853679 1.57148 1.14163
0.853232 1.57573 1.14206
0.85014 1.57639 1.14257
0.853679 1.57148 1.14163
0.857046 1.57077 1.14156
0.856362 1.57507 1.14201
0.853232 1.57573 1.14206
0.857046 1.57077 1.14156
0.857386 1.57069 1.14262
0.856669 1.575 1.14299
0.856362 1.57507 1.14201
0.857386 1.57069 1.14262
0.854036 1.57141 1.14302
0.853555 1.57567 1.14335
0.856669 1.575 1.14299
0.854036 1.57141 1.14302
0.850691 1.57212 1.14347
0.850446 1.57633 1.14376
0.853555 1.57567 1.14335
0.850691 1.57212 1.14347
0.847358 1.57283 1.144
0.847347 1.57699 1.14424
0.850446 1.57633 1.14376
0.847358 1.57283 1.144
0.844043 1.57353 1.14464
0.844263 1.57764 1.14481
0.847347 1.57699 1.14424
0.841206 1.57829 1.14551
0.84411 1.57767 1.14431
0.844322 1.58179 1.14451
0.841633 1.58236 1.14559
0.84411 1.57767 1.14431
0.847098 1.57704 1.14334
0.847081 1.5812 1.14364
0.844322 1.58179 1.14451
0.847098 1.57704 1.14334
0.85014 1.57639 1.14257
0.849887 1.58061 1.14294
0.847081 1.5812 1.14364
0.85014 1.57639 1.14257
0.853232 1.57573 1.14206
0.852739 1.58 1.14247
0.849887 1.58061 1.14294
0.853232 1.57573 1.14206
0.856362 1.57507 1.14201
0.855624 1.57939 1.14244
0.852739 1.58 1.14247
0.856362 1.57507 1.14201
0.856669 1.575 1.14299
0.855901 1.57933 1.14334
0.855624 1.57939 1.14244
0.856669 1.575 1.14299
0.853555 1.57567 1.14335
0.85303 1.57994 1.14367
0.855901 1.57933 1.14334
0.853555 1.57567 1.14335
0.850446 1.57633 1.14376
0.850162 1.58055 1.14404
0.85303 1.57994 1.14367
0.850446 1.57633 1.14376
0.847347 1.57699 1.14424
0.847304 1.58115 1.14447
0.850162 1.58055 1.14404
0.847347 1.57699 1.14424
0.844263 1.57764 1.14481
0.844459 1.58176 1.14498
0.847304 1.58115 1.14447
0.841633 1.58236 1.14559
0.844322 1.58179 1.14451
0.844511 1.58591 1.14471
0.842044 1.58643 1.14567
0.844322 1.58179 1.14451
0.847081 1.5812 1.14364
0.847034 1.58537 1.14392
0.844511 1.58591 1.14471
0.847081 1.5812 1.14364
0.849887 1.58061 1.14294
0.849598 1.58482 1.14329
0.847034 1.58537 1.14392
0.849887 1.58061 1.14294
0.852739 1.58 1.14247
0.852203 1.58427 1.14288
0.849598 1.58482 1.14329
0.852739 1.58 1.14247
0.855624 1.57939 1.14244
0.854837 1.58371 1.14286
0.852203 1.58427 1.14288
0.855624 1.57939 1.14244
0.855901 1.57933 1.14334
0.855084 1.58366 1.14368
0.854837 1.58371 1.14286
0.855901 1.57933 1.14334
0.85303 1.57994 1.14367
0.852462 1.58422 1.14398
0.855084 1.58366 1.14368
0.85303 1.57994 1.14367
0.850162 1.58055 1.14404
0.849843 1.58477 1.1443
0.852462 1.58422 1.14398
0.850162 1.58055 1.14404
0.847304 1.58115 1.14447
0.847233 1.58533 1.14469
0.849843 1.58477 1.1443
0.847304 1.58115 1.14447
0.844459 1.58176 1.14498
0.844632 1.58588 1.14515
0.847233 1.58533 1.14469
0.842044 1.58643 1.14567
0.844511 1.58591 1.14471
0.84468 1.59003 1.1449
0.842444 1.5905 1.14574
0.844511 1.58591 1.14471
0.847034 1.58537 1.14392
0.84696 1.58955 1.1442
0.84468 1.59003 1.1449
0.847034 1.58537 1.14392
0.849598 1.58482 1.14329
0.849276 1.58905 1.14364
0.84696 1.58955 1.1442
0.849598 1.58482 1.14329
0.852203 1.58427 1.14288
0.851629 1.58855 1.14327
0.849276 1.58905 1.14364
0.852203 1.58427 1.14288
0.854837 1.58371 1.14286
0.854007 1.58805 1.14327
0.851629 1.58855 1.14327
0.854837 1.58371 1.14286
0.855084 1.58366 1.14368
0.854225 1.588 1.14401
0.854007 1.58805 1.14327
0.855084 1.58366 1.14368
0.852462 1.58422 1.14398
0.851857 1.5885 1.14427
0.854225 1.588 1.14401
0.852462 1.58422 1.14398
0.849843 1.58477 1.1443
0.849493 1.58901 1.14456
0.851857 1.5885 1.14427
0.849843 1.58477 1.1443
0.847233 1.58533 1.14469
0.847135 1.58951 1.1449
0.849493 1.58901 1.14456
0.847233 1.58533 1.14469
0.844632 1.58588 1.14515
0.844785 1.59001 1.1453
0.847135 1.58951 1.1449
0.842444 1.5905 1.14574
0.84468 1.59003 1.1449
0.844816 1.59398 1.14507
0.842811 1.59441 1.14581
0.84468 1.59003 1.1449
0.84696 1.58955 1.1442
0.846858 1.59355 1.14445
0.844816 1.59398 1.14507
0.84696 1.58955 1.1442
0.849276 1.58905 1.14364
0.848933 1.59311 1.14396
0.846858 1.59355 1.14445
0.849276 1.58905 1.14364
0.851629 1.58855 1.14327
0.851039 1.59266 1.14364
0.848933 1.59311 1.14396
0.851629 1.58855 1.14327
0.854007 1.58805 1.14327
0.853166 1.59221 1.14364
0.851039 1.59266 1.14364
0.854007 1.58805 1.14327
0.854225 1.588 1.14401
0.853359 1.59217 1.14431
0.853166 1.59221 1.14364
0.854225 1.588 1.14401
0.851857 1.5885 1.14427
0.85124 1.59262 1.14453
0.853359 1.59217 1.14431
0.851857 1.5885 1.14427
0.849493 1.58901 1.14456
0.849123 1.59307 1.14478
0.85124 1.59262 1.14453
0.849493 1.58901 1.14456
0.847135 1.58951 1.1449
0.847013 1.59351 1.14508
0.849123 1.59307 1.14478
0.847135 1.58951 1.1449
0.844785 1.59001 1.1453
0.844909 1.59396 1.14543
0.847013 1.59351 1.14508
0.842811 1.59441 1.14581
0.844816 1.59398 1.14507
0.84478 1.59495 1.14512
0.842845 1.59536 1.14583
0.844816 1.59398 1.14507
0.846858 1.59355 1.14445
0.846751 1.59453 1.14453
0.84478 1.59495 1.14512
0.846858 1.59355 1.14445
0.848933 1.59311 1.14396
0.848753 1.59411 1.14405
0.846751 1.59453 1.14453
0.848933 1.59311 1.14396
0.851039 1.59266 1.14364
0.850785 1.59368 1.14374
0.848753 1.59411 1.14405
0.851039 1.59266 1.14364
0.853166 1.59221 1.14364
0.852838 1.59324 1.14375
0.850785 1.59368 1.14374
0.853166 1.59221 1.14364
0.853359 1.59217 1.14431
0.853023 1.5932 1.1444
0.852838 1.59324 1.14375
0.853359 1.59217 1.14431
0.85124 1.59262 1.14453
0.850978 1.59364 1.14461
0.853023 1.5932 1.1444
0.85124 1.59262 1.14453
0.849123 1.59307 1.14478
0.848936 1.59407 1.14485
0.850978 1.59364 1.14461
0.849123 1.59307 1.14478
0.847013 1.59351 1.14508
0.846899 1.5945 1.14514
0.848936 1.59407 1.14485
0.847013 1.59351 1.14508
0.844909 1.59396 1.14543
0.844869 1.59493 1.14547
0.846899 1.5945 1.14514
0.842845 1.59536 1.14583
0.84478 1.59495 1.14512
0.844676 1.59576 1.14518
0.842813 1.59616 1.14586
0.84478 1.59495 1.14512
0.846751 1.59453 1.14453
0.846574 1.59536 1.14461
0.844676 1.59576 1.14518
0.846751 1.59453 1.14453
0.848753 1.59411 1.14405
0.848502 1.59495 1.14415
0.846574 1.59536 1.14461
0.848753 1.59411 1.14405
0.850785 1.59368 1.14374
0.850459 1.59453 1.14386
0.848502 1.59495 1.14415
0.850785 1.59368 1.14374
0.852838 1.59324 1.14375
0.852436 1.59411 1.14387
0.850459 1.59453 1.14386
0.852838 1.59324 1.14375
0.853023 1.5932 1.1444
0.852614 1.59407 1.14449
0.852436 1.59411 1.14387
0.853023 1.5932 1.1444
0.850978 1.59364 1.14461
0.850645 1.59449 1.14469
0.852614 1.59407 1.14449
0.850978 1.59364 1.14461
0.848936 1.59407 1.14485
0.848678 1.59491 1.14492
0.850645 1.59449 1.14469
0.848936 1.59407 1.14485
0.846899 1.5945 1.14514
0.846717 1.59533 1.1452
0.848678 1.59491 1.14492
0.846899 1.5945 1.14514
0.844869 1.59493 1.14547
0.844762 1.59574 1.14551
0.846717 1.59533 1.1452
0.842813 1.59616 1.14586
0.844676 1.59576 1.14518
0.844495 1.59659 1.14525
0.842718 1.59696 1.1459
0.844676 1.59576 1.14518
0.846574 1.59536 1.14461
0.846306 1.5962 1.14471
0.844495 1.59659 1.14525
0.846574 1.59536 1.14461
0.848502 1.59495 1.14415
0.848144 1.59581 1.14427
0.846306 1.5962 1.14471
0.848502 1.59495 1.14415
0.850459 1.59453 1.14386
0.850011 1.59541 1.14399
0.848144 1.59581 1.14427
0.850459 1.59453 1.14386
0.852436 1.59411 1.14387
0.851895 1.59501 1.144
0.850011 1.59541 1.14399
0.852436 1.59411 1.14387
0.852614 1.59407 1.14449
0.852065 1.59498 1.1446
0.851895 1.59501 1.144
0.852614 1.59407 1.14449
0.850645 1.59449 1.14469
0.850187 1.59538 1.14479
0.852065 1.59498 1.1446
0.850645 1.59449 1.14469
0.848678 1.59491 1.14492
0.848312 1.59578 1.14501
0.850187 1.59538 1.14479
0.848678 1.59491 1.14492
0.846717 1.59533 1.1452
0.846441 1.59617 1.14527
0.848312 1.59578 1.14501
0.846717 1.59533 1.1452
0.844762 1.59574 1.14551
0.844577 1.59657 1.14557
0.846441 1.59617 1.14527
0.842718 1.59696 1.1459
0.844495 1.59659 1.14525
0.844228 1.59743 1.14534
0.842554 1.59779 1.14595
0.844495 1.59659 1.14525
0.846306 1.5962 1.14471
0.845933 1.59707 1.14483
0.844228 1.59743 1.14534
0.846306 1.5962 1.14471
0.848144 1.59581 1.14427
0.847665 1.5967 1.14442
0.845933 1.59707 1.14483
0.848144 1.59581 1.14427
0.850011 1.59541 1.14399
0.849423 1.59633 1.14416
0.847665 1.5967 1.14442
0.850011 1.59541 1.14399
0.851895 1.59501 1.144
0.851198 1.59595 1.14417
0.849423 1.59633 1.14416
0.851895 1.59501 1.144
0.852065 1.59498 1.1446
0.851358 1.59591 1.14473
0.851198 1.59595 1.14417
0.852065 1.59498 1.1446
0.850187 1.59538 1.14479
0.849589 1.59629 1.14491
0.851358 1.59591 1.14473
0.850187 1.59538 1.14479
0.848312 1.59578 1.14501
0.847823 1.59667 1.14512
0.849589 1.59629 1.14491
0.848312 1.59578 1.14501
0.846441 1.59617 1.14527
0.846061 1.59704 1.14536
0.847823 1.59667 1.14512
0.846441 1.59617 1.14527
0.844577 1.59657 1.14557
0.844305 1.59741 1.14564
0.846061 1.59704 1.14536
0.842554 1.59779 1.14595
0.844228 1.59743 1.14534
0.843856 1.5983 1.14545
0.842305 1.59863 1.14601
0.844228 1.59743 1.14534
0.845933 1.59707 1.14483
0.845436 1.59796 1.14498
0.843856 1.5983 1.14545
0.845933 1.59707 1.14483
0.847665 1.5967 1.14442
0.84704 1.59762 1.1446
0.845436 1.59796 1.14498
0.847665 1.5967 1.14442
0.849423 1.59633 1.14416
0.848669 1.59727 1.14436
0.84704 1.59762 1.1446
0.849423 1.59633 1.14416
0.851198 1.59595 1.14417
0.850313 1.59692 1.14437
0.848669 1.59727 1.14436
0.851198 1.59595 1.14417
0.851358 1.59591 1.14473
0.85046 1.59689 1.14489
0.850313 1.59692 1.14437
0.851358 1.59591 1.14473
0.849589 1.59629 1.14491
0.848822 1.59724 1.14506
0.85046 1.59689 1.14489
0.849589 1.59629 1.14491
0.847823 1.59667 1.14512
0.847185 1.59759 1.14524
0.848822 1.59724 1.14506
0.847823 1.59667 1.14512
0.846061 1.59704 1.14536
0.845554 1.59794 1.14547
0.847185 1.59759 1.14524
0.846061 1.59704 1.14536
0.844305 1.59741 1.14564
0.843927 1.59828 1.14573
0.845554 1.59794 1.14547
0.842305 1.59863 1.14601
0.843856 1.5983 1.14545
0.843345 1.59919 1.14558
0.841944 1.59949 1.14609
0.843856 1.5983 1.14545
0.845436 1.59796 1.14498
0.844773 1.59889 1.14516
0.843345 1.59919 1.14558
0.845436 1.59796 1.14498
0.84704 1.59762 1.1446
0.846222 1.59858 1.14482
0.844773 1.59889 1.14516
0.84704 1.59762 1.1446
0.848669 1.59727 1.14436
0.847693 1.59827 1.1446
0.846222 1.59858 1.14482
0.848669 1.59727 1.14436
0.850313 1.59692 1.14437
0.849178 1.59795 1.14461
0.847693 1.59827 1.1446
0.850313 1.59692 1.14437
0.85046 1.59689 1.14489
0.849311 1.59792 1.14508
0.849178 1.59795 1.14461
0.85046 1.59689 1.14489
0.848822 1.59724 1.14506
0.847831 1.59824 1.14523
0.849311 1.59792 1.14508
0.848822 1.59724 1.14506
0.847185 1.59759 1.14524
0.846353 1.59855 1.1454
0.847831 1.59824 1.14523
0.847185 1.59759 1.14524
0.845554 1.59794 1.14547
0.844879 1.59887 1.1456
0.846353 1.59855 1.1454
0.845554 1.59794 1.14547
0.843927 1.59828 1.14573
0.843409 1.59918 1.14583
0.844879 1.59887 1.1456
0.841944 1.59949 1.14609
0.843345 1.59919 1.14558
0.842641 1.60013 1.14575
0.841427 1.60039 1.14619
0.843345 1.59919 1.14558
0.844773 1.59889 1.14516
0.843878 1.59987 1.14538
0.842641 1.60013 1.14575
0.844773 1.59889 1.14516
0.846222 1.59858 1.14482
0.845134 1.5996 1.14509
0.843878 1.59987 1.14538
0.846222 1.59858 1.14482
0.847693 1.59827 1.1446
0.846408 1.59933 1.14491
0.845134 1.5996 1.14509
0.847693 1.59827 1.1446
0.849178 1.59795 1.14461
0.847695 1.59905 1.14492
0.846408 1.59933 1.14491
0.849178 1.59795 1.14461
0.849311 1.59792 1.14508
0.84781 1.59903 1.14532
0.847695 1.59905 1.14492
0.849311 1.59792 1.14508
0.847831 1.59824 1.14523
0.846528 1.5993 1.14545
0.84781 1.59903 1.14532
0.847831 1.59824 1.14523
0.846353 1.59855 1.1454
0.845247 1.59957 1.1456
0.846528 1.5993 1.14545
0.846353 1.59855 1.1454
0.844879 1.59887 1.1456
0.84397 1.59985 1.14577
0.845247 1.59957 1.1456
0.844879 1.59887 1.1456
0.843409 1.59918 1.14583
0.842697 1.60012 1.14597
0.84397 1.59985 1.14577
0.841427 1.60039 1.14619
0.842641 1.60013 1.14575
0.841596 1.60114 1.14599
0.840635 1.60134 1.14633
0.842641 1.60013 1.14575
0.843878 1.59987 1.14538
0.842576 1.60093 1.1457
0.841596 1.60114 1.14599
0.843878 1.59987 1.14538
0.845134 1.5996 1.14509
0.843571 1.60072 1.14547
0.842576 1.60093 1.1457
0.845134 1.5996 1.14509
0.846408 1.59933 1.14491
0.84458 1.6005 1.14532
0.843571 1.60072 1.14547
0.846408 1.59933 1.14491
0.847695 1.59905 1.14492
0.845599 1.60029 1.14533
0.84458 1.6005 1.14532
0.847695 1.59905 1.14492
0.84781 1.59903 1.14532
0.845689 1.60027 1.14565
0.845599 1.60029 1.14533
0.84781 1.59903 1.14532
0.846528 1.5993 1.14545
0.844674 1.60048 1.14575
0.845689 1.60027 1.14565
0.846528 1.5993 1.14545
0.845247 1.59957 1.1456
0.84366 1.6007 1.14586
0.844674 1.60048 1.14575
0.845247 1.59957 1.1456
0.84397 1.59985 1.14577
0.842649 1.60091 1.146
0.84366 1.6007 1.14586
0.84397 1.59985 1.14577
0.842697 1.60012 1.14597
0.84164 1.60113 1.14616
0.842649 1.60091 1.146
0.840635 1.60134 1.14633
0.841596 1.60114 1.14599
0.83966 1.60234 1.14639
0.839122 1.60245 1.14658
0.841596 1.60114 1.14599
0.842576 1.60093 1.1457
0.840208 1.60222 1.14623
0.83966 1.60234 1.14639
0.842576 1.60093 1.1457
0.843571 1.60072 1.14547
0.840765 1.6021 1.1461
0.840208 1.60222 1.14623
0.843571 1.60072 1.14547
0.84458 1.6005 1.14532
0.841329 1.60198 1.14602
0.840765 1.6021 1.1461
0.84458 1.6005 1.14532
0.845599 1.60029 1.14533
0.841899 1.60186 1.14602
0.841329 1.60198 1.14602
0.845599 1.60029 1.14533
0.845689 1.60027 1.14565
0.841949 1.60185 1.1462
0.841899 1.60186 1.14602
0.845689 1.60027 1.14565
0.844674 1.60048 1.14575
0.841381 1.60197 1.14626
0.841949 1.60185 1.1462
0.844674 1.60048 1.14575
0.84366 1.6007 1.14586
0.840814 1.60209 1.14632
0.841381 1.60197 1.14626
0.84366 1.6007 1.14586
0.842649 1.60091 1.146
0.840249 1.60221 1.1464
0.840814 1.60209 1.14632
0.842649 1.60091 1.146
0.84164 1.60113 1.14616
0.839685 1.60233 1.14649
0.840249 1.60221 1.1464
0.839122 1.60245 1.14658
0.83966 1.60234 1.14639
0.837498 1.6035 1.14683
0.837421 1.60352 1.14686
0.83966 1.60234 1.14639
0.840208 1.60222 1.14623
0.837575 1.60349 1.14681
0.837498 1.6035 1.14683
0.840208 1.60222 1.14623
0.840765 1.6021 1.1461
0.837654 1.60347 1.14679
0.837575 1.60349 1.14681
0.840765 1.6021 1.1461
0.841329 1.60198 1.14602
0.837735 1.60345 1.14678
0.837654 1.60347 1.14679
0.841329 1.60198 1.14602
0.841899 1.60186 1.14602
0.837815 1.60344 1.14678
0.837735 1.60345 1.14678
0.841899 1.60186 1.14602
0.841949 1.60185 1.1462
0.837823 1.60343 1.1468
0.837815 1.60344 1.14678
0.841949 1.60185 1.1462
0.841381 1.60197 1.14626
0.837742 1.60345 1.14681
0.837823 1.60343 1.1468
0.841381 1.60197 1.14626
0.840814 1.60209 1.14632
0.837661 1.60347 1.14682
0.837742 1.60345 1.14681
0.840814 1.60209 1.14632
0.840249 1.60221 1.1464
0.837581 1.60349 1.14683
0.837661 1.60347 1.14682
0.840249 1.60221 1.1464
0.839685 1.60233 1.14649
0.837501 1.6035 1.14684
0.837581 1.60349 1.14683
0.825789 1.47512 1.14043
0.82263 1.47579 1.1429
0.823048 1.47828 1.14286
0.826352 1.47758 1.14009
0.826352 1.47758 1.14009
0.823048 1.47828 1.14286
0.823821 1.48219 1.14294
0.827411 1.48142 1.13985
0.827411 1.48142 1.13985
0.823821 1.48219 1.14294
0.824708 1.48616 1.14314
0.828658 1.48532 1.13991
0.828658 1.48532 1.13991
0.824708 1.48616 1.14314
0.82562 1.49012 1.14337
0.829931 1.4892 1.14012
0.829931 1.4892 1.14012
0.82562 1.49012 1.14337
0.826527 1.49409 1.14355
0.831139 1.49311 1.14033
0.831139 1.49311 1.14033
0.826527 1.49409 1.14355
0.827431 1.49805 1.14371
0.832284 1.49702 1.14055
0.832284 1.49702 1.14055
0.827431 1.49805 1.14371
0.828341 1.50202 1.14384
0.833371 1.50095 1.14077
0.833371 1.50095 1.14077
0.828341 1.50202 1.14384
0.829266 1.50598 1.14394
0.834403 1.50489 1.14099
0.834403 1.50489 1.14099
0.829266 1.50598 1.14394
0.830206 1.50994 1.14403
0.83538 1.50884 1.1412
0.83538 1.50884 1.1412
0.830206 1.50994 1.14403
0.831124 1.5139 1.14411
0.836297 1.5128 1.14142
0.836297 1.5128 1.14142
0.831124 1.5139 1.14411
0.831998 1.51787 1.1442
0.837148 1.51678 1.14163
0.837148 1.51678 1.14163
0.831998 1.51787 1.1442
0.832834 1.52185 1.14428
0.83794 1.52077 1.14184
0.83794 1.52077 1.14184
0.832834 1.52185 1.14428
0.83363 1.52584 1.14438
0.838674 1.52477 1.14206
0.838674 1.52477 1.14206
0.83363 1.52584 1.14438
0.834389 1.52984 1.14447
0.839354 1.52879 1.14226
0.839354 1.52879 1.14226
0.834389 1.52984 1.14447
0.835114 1.53384 1.14456
0.839984 1.53281 1.14247
0.839984 1.53281 1.14247
0.835114 1.53384 1.14456
0.835802 1.53786 1.14465
0.840566 1.53684 1.14268
0.840566 1.53684 1.14268
0.835802 1.53786 1.14465
0.836459 1.54188 1.14474
0.841114 1.54089 1.14293
0.841114 1.54089 1.14293
0.836459 1.54188 1.14474
0.837088 1.5459 1.14483
0.841618 1.54494 1.14317
0.841618 1.54494 1.14317
0.837088 1.5459 1.14483
0.837686 1.54993 1.14492
0.842076 1.549 1.14341
0.842076 1.549 1.14341
0.837686 1.54993 1.14492
0.838258 1.55397 1.14501
0.842492 1.55307 1.14363
0.842492 1.55307 1.14363
0.838258 1.55397 1.14501
0.838804 1.55801 1.1451
0.842871 1.55715 1.14385
0.842871 1.55715 1.14385
0.838804 1.55801 1.1451
0.839325 1.56206 1.14518
0.843211 1.56123 1.14405
0.843211 1.56123 1.14405
0.839325 1.56206 1.14518
0.839825 1.56611 1.14527
0.843519 1.56532 1.14426
0.843519 1.56532 1.14426
0.839825 1.56611 1.14527
0.840303 1.57017 1.14535
0.843795 1.56943 1.14445
0.843795 1.56943 1.14445
0.840303 1.57017 1.14535
0.840763 1.57423 1.14543
0.844043 1.57353 1.14464
0.844043 1.57353 1.14464
0.840763 1.57423 1.14543
0.841206 1.57829 1.14551
0.844263 1.57764 1.14481
0.844263 1.57764 1.14481
0.841206 1.57829 1.14551
0.841633 1.58236 1.14559
0.844459 1.58176 1.14498
0.844459 1.58176 1.14498
0.841633 1.58236 1.14559
0.842044 1.58643 1.14567
0.844632 1.58588 1.14515
0.844632 1.58588 1.14515
0.842044 1.58643 1.14567
0.842444 1.5905 1.14574
0.844785 1.59001 1.1453
0.844785 1.59001 1.1453
0.842444 1.5905 1.14574
0.842811 1.59441 1.14581
0.844909 1.59396 1.14543
0.844909 1.59396 1.14543
0.842811 1.59441 1.14581
0.842845 1.59536 1.14583
0.844869 1.59493 1.14547
0.844869 1.59493 1.14547
0.842845 1.59536 1.14583
0.842813 1.59616 1.14586
0.844762 1.59574 1.14551
0.844762 1.59574 1.14551
0.842813 1.59616 1.14586
0.842718 1.59696 1.1459
0.844577 1.59657 1.14557
0.844577 1.59657 1.14557
0.842718 1.59696 1.1459
0.842554 1.59779 1.14595
0.844305 1.59741 1.14564
0.844305 1.59741 1.14564
0.842554 1.59779 1.14595
0.842305 1.59863 1.14601
0.843927 1.59828 1.14573
0.843927 1.59828 1.14573
0.842305 1.59863 1.14601
0.841944 1.59949 1.14609
0.843409 1.59918 1.14583
0.843409 1.59918 1.14583
0.841944 1.59949 1.14609
0.841427 1.60039 1.14619
0.842697 1.60012 1.14597
0.842697 1.60012 1.14597
0.841427 1.60039 1.14619
0.840635 1.60134 1.14633
0.84164 1.60113 1.14616
0.84164 1.60113 1.14616
0.840635 1.60134 1.14633
0.839122 1.60245 1.14658
0.839685 1.60233 1.14649
0.839685 1.60233 1.14649
0.839122 1.60245 1.14658
0.837421 1.60352 1.14686
0.837501 1.6035 1.14684
0.8135 1.4528 1.1457
0.8135 1.4528 1.1457
0.8135 1.4528 1.1457
0.8135 1.4528 1.1457
0.8135 1.4528 1.1457
0.8135 1.4528 1.1457
0.8135 1.4528 1.1457
0.8135 1.4528 1.1457
0.8135 1.4528 1.1457
0.8135 1.4528 1.1457
0.8135 1.4528 1.1457
0.8135 1.4528 1.1457
0.8135 1.4528 1.1457
0.8135 1.4528 1.1457
0.8135 1.4528 1.1457
0.8135 1.4528 1.1457
0.8135 1.4528 1.1457
0.8135 1.4528 1.1457
0.8135 1.4528 1.1457
0.8135 1.4528 1.1457
0.8135 1.4528 1.1457
0.8135 1.4528 1.1457
0.8135 1.4528 1.1457
0.8135 1.4528 1.1457
0.8135 1.4528 1.1457
0.8135 1.4528 1.1457
0.8135 1.4528 1.1457
0.8135 1.4528 1.1457
0.8135 1.4528 1.1457
0.8135 1.4528 1.1457
0.8135 1.4528 1.1457
0.8135 1.4528 1.1457
0.8135 1.4528 1.1457
0.8135 1.4528 1.1457
0.8135 1.4528 1.1457
0.8135 1.4528 1.1457
0.8135 1.4528 1.1457
0.8135 1.4528 1.1457
0.8135 1.4528 1.1457
0.8135 1.4528 1.1457
0.8135 1.4528 1.1457
0.8135 1.4528 1.1457
0.8135 1.4528 1.1457
0.8135 1.4528 1.1457
0.8135 1.4528 1.1457
0.8135 1.4528 1.1457
0.8135 1.4528 1.1457
0.8135 1.4528 1.1457
0.8135 1.4528 1.1457
0.8135 1.4528 1.1457
0.8135 1.4528 1.1457
0.8135 1.4528 1.1457
0.8135 1.4528 1.1457
0.8135 1.4528 1.1457
0.8135 1.4528 1.1457
0.8135 1.4528 1.1457
0.8135 1.4528 1.1457
0.8135 1.4528 1.1457
0.8135 1.4528 1.1457
0.8135 1.4528 1.1457
0.8135 1.4528 1.1457
0.8135 1.4528 1.1457
0.8135 1.4528 1.1457
0.8135 1.4528 1.1457
0.8135 1.4528 1.1457
0.8135 1.4528 1.1457
0.8135 1.4528 1.1457
0.8135 1.4528 1.1457
0.8135 1.4528 1.1457
0.8135 1.4528 1.1457
0.8135 1.4528 1.1457
0.8135 1.4528 1.1457
0.8135 1.4528 1.1457
0.8135 1.4528 1.1457
0.8135 1.4528 1.1457
0.8135 1.4528 1.1457
0.8135 1.4528 1.1457
0.8135 1.4528 1.1457
0.8135 1.4528 1.1457
0.8135 1.4528 1.1457
0.8135 1.4528 1.1457
0.8135 1.4528 1.1457
0.8135 1.4528 1.1457
0.8135 1.4528 1.1457
0.8135 1.4528 1.1457
0.8135 1.4528 1.1457
0.8135 1.4528 1.1457
0.8135 1.4528 1.1457
CELLS 924 4620
4 0 1 2 3
4 4 5 6 7
4 8 9 10 11
4 12 13 14 15
4 16 17 18 19
4 20 21 22 23
4 24 25 26 27
4 28 29 30 31
4 32 33 34 35
4 36 37 38 39
4 40 41 42 43
4 44 45 46 47
4 48 49 50 51
4 52 53 54 55
4 56 57 58 59
4 60 61 62 63
4 64 65 66 67
4 68 69 70 71
4 72 73 74 75
4 76 77 78 79
4 80 81 82 83
4 84 85 86 87
4 88 89 90 91
4 92 93 94 95
4 96 97 98 99
4 100 101 102 103
4 104 105 106 107
4 108 109 110 111
4 112 113 114 115
4 116 117 118 119
4 120 121 122 123
4 124 125 126 127
4 128 129 130 131
4 132 133 134 135
4 136 137 138 139
4 140 141 142 143
4 144 145 146 147
4 148 149 150 151
4 152 153 154 155
4 156 157 158 159
4 160 161 162 163
4 164 165 166 167
4 168 169 170 171
4 172 173 174 175
4 176 177 178 179
4 180 181 182 183
4 184 185 186 187
4 188 189 190 191
4 192 193 194 195
4 196 197 198 199
4 200 201 202 203
4 204 205 206 207
4 208 209 210 211
4 212 213 214 215
4 216 217 218 219
4 220 221 222 223
4 224 225 226 227
4 228 229 230 231
4 232 233 234 235
4 236 237 238 239
4 240 241 242 243
4 244 245 246 247
4 248 249 250 251
4 252 253 254 255
4 256 257 258 259
4 260 261 262 263
4 264 265 266 267
4 268 269 270 271
4 272 273 274 275
4 276 277 278 279
4 280 281 282 283
4 284 285 286 287
4 288 289 290 291
4 292 293 294 295
4 296 297 298 299
4 300 301 302 303
4 304 305 306 307
4 308 309 310 311
4 312 313 314 315
4 316 317 318 319
4 320 321 322 323
4 324 325 326 327
4 328 329 330 331
4 332 333 334 335
4 336 337 338 339
4 340 341 342 343
4 344 345 346 347
4 348 349 350 351
4 352 353 354 355
4 356 357 358 359
4 360 361 362 363
4 364 365 366 367
4 368 369 370 371
4 372 373 374 375
4 376 377 378 379
4 380 381 382 383
4 384 385 386 387
4 388 389 390 391
4 392 393 394 395
4 396 397 398 399
4 400 401 402 403
4 404 405 406 407
4 408 409 410 411
4 412 413 414 415
4 416 417 418 419
4 420 421 422 423
4 424 425 426 427
4 428 429 430 431
4 432 433 434 435
4 436 437 438 439
4 440 441 442 443
4 444 445 446 447
4 448 449 450 451
4 452 453 454 455
4 456 457 458 459
4 460 461 462 463
4 464 465 466 467
4 468 469 470 471
4 472 473 474 475
4 476 477 478 479
4 480 481 482 483
4 484 485 486 487
4 488 489 490 491
4 492 493 494 495
4 496 497 498 499
4 500 501 502 503
4 504 505 506 507
4 508 509 510 511
4 512 513 514 515
4 516 517 518 519
4 520 521 522 523
4 524 525 526 527
4 528 529 530 531
4 532 533 534 535
4 536 537 538 539
4 540 541 542 543
4 544 545 546 547
4 548 549 550 551
4 552 553 554 555
4 556 557 558 559
4 560 561 562 563
4 564 565 566 567
4 568 569 570 571
4 572 573 574 575
4 576 577 578 579
4 580 581 582 583
4 584 585 586 587
4 588 589 590 591
4 592 593 594 595
4 596 597 598 599
4 600 601 602 603
4 604 605 606 607
4 608 609 610 611
4 612 613 614 615
4 616 617 618 619
4 620 621 622 623
4 624 625 626 627
4 628 629 630 631
4 632 633 634 635
4 636 637 638 639
4 640 641 642 643
4 644 645 646 647
4 648 649 650 651
4 652 653 654 655
4 656 657 658 659
4 660 661 662 663
4 664 665 666 667
4 668 669 670 671
4 672 673 674 675
4 676 677 678 679
4 680 681 682 683
4 684 685 686 687
4 688 689 690 691
4 692 693 694 695
4 696 697 698 699
4 700 701 702 703
4 704 705 706 707
4 708 709 710 711
4 712 713 714 715
4 716 717 718 719
4 720 721 722 723
4 724 725 726 727
4 728 729 730 731
4 732 733 734 735
4 736 737 738 739
4 740 741 742 743
4 744 745 746 747
4 748 749 750 751
4 752 753 754 755
4 756 757 758 759
4 760 761 762 763
4 764 765 766 767
4 768 769 770 771
4 772 773 774 775
4 776 777 778 779
4 780 781 782 783
4 784 785 786 787
4 788 789 790 791
4 792 793 794 795
4 796 797 798 799
4 800 801 802 803
4 804 805 806 807
4 808 809 810 811
4 812 813 814 815
4 816 817 818 819
4 820 821 822 823
4 824 825 826 827
4 828 829 830 831
4 832 833 834 835
4 836 837 838 839
4 840 841 842 843
4 844 845 846 847
4 848 849 850 851
4 852 853 854 855
4 856 857 858 859
4 860 861 862 863
4 864 865 866 867
4 868 869 870 871
4 872 873 874 875
4 876 877 878 879
4 880 881 882 883
4 884 885 886 887
4 888 889 890 891
4 892 893 894 895
4 896 897 898 899
4 900 901 902 903
4 904 905 906 907
4 908 909 910 911
4 912 913 914 915
4 916 917 918 919
4 920 921 922 923
4 924 925 926 927
4 928 929 930 931
4 932 933 934 935
4 936 937 938 939
4 940 941 942 943
4 944 945 946 947
4 948 949 950 951
4 952 953 954 955
4 956 957 958 959
4 960 961 962 963
4 964 965 966 967
4 968 969 970 971
4 972 973 974 975
4 976 977 978 979
4 980 981 982 983
4 984 985 986 987
4 988 989 990 991
4 992 993 994 995
4 996 997 998 999
4 1000 1001 1002 1003
4 1004 1005 1006 1007
4 1008 1009 1010 1011
4 1012 1013 1014 1015
4 1016 1017 1018 1019
4 1020 1021 1022 1023
4 1024 1025 1026 1027
4 1028 1029 1030 1031
4 1032 1033 1034 1035
4 1036 1037 1038 1039
4 1040 1041 1042 1043
4 1044 1045 1046 1047
4 1048 1049 1050 1051
4 1052 1053 1054 1055
4 1056 1057 1058 1059
4 1060 1061 1062 1063
4 1064 1065 1066 1067
4 1068 1069 1070 1071
4 1072 1073 1074 1075
4 1076 1077 1078 1079
4 1080 1081 1082 1083
4 1084 1085 1086 1087
4 1088 1089 1090 1091
4 1092 1093 1094 1095
4 1096 1097 1098 1099
4 1100 1101 1102 1103
4 1104 1105 1106 1107
4 1108 1109 1110 1111
4 1112 1113 1114 1115
4 1116 1117 1118 1119
4 1120 1121 1122 1123
4 1124 1125 1126 1127
4 1128 1129 1130 1131
4 1132 1133 1134 1135
4 1136 1137 1138 1139
4 1140 1141 1142 1143
4 1144 1145 1146 1147
4 1148 1149 1150 1151
4 1152 1153 1154 1155
4 1156 1157 1158 1159
4 1160 1161 1162 1163
4 1164 1165 1166 1167
4 1168 1169 1170 1171
4 1172 1173 1174 1175
4 1176 1177 1178 1179
4 1180 1181 1182 1183
4 1184 1185 1186 1187
4 1188 1189 1190 1191
4 1192 1193 1194 1195
4 1196 1197 1198 1199
4 1200 1201 1202 1203
4 1204 1205 1206 1207
4 1208 1209 1210 1211
4 1212 1213 1214 1215
4 1216 1217 1218 1219
4 1220 1221 1222 1223
4 1224 1225 1226 1227
4 1228 1229 1230 1231
4 1232 1233 1234 1235
4 1236 1237 1238 1239
4 1240 1241 1242 1243
4 1244 1245 1246 1247
4 1248 1249 1250 1251
4 1252 1253 1254 1255
4 1256 1257 1258 1259
4 1260 1261 1262 1263
4 1264 1265 1266 1267
4 1268 1269 1270 1271
4 1272 1273 1274 1275
4 1276 1277 1278 1279
4 1280 1281 1282 1283
4 1284 1285 1286 1287
4 1288 1289 1290 1291
4 1292 1293 1294 1295
4 1296 1297 1298 1299
4 1300 1301 1302 1303
4 1304 1305 1306 1307
4 1308 1309 1310 1311
4 1312 1313 1314 1315
4 1316 1317 1318 1319
4 1320 1321 1322 1323
4 1324 1325 1326 1327
4 1328 1329 1330 1331
4 1332 1333 1334 1335
4 1336 1337 1338 1339
4 1340 1341 1342 1343
4 1344 1345 1346 1347
4 1348 1349 1350 1351
4 1352 1353 1354 1355
4 1356 1357 1358 1359
4 1360 1361 1362 1363
4 1364 1365 1366 1367
4 1368 1369 1370 1371
4 1372 1373 1374 1375
4 1376 1377 1378 1379
4 1380 1381 1382 1383
4 1384 1385 1386 1387
4 1388 1389 1390 1391
4 1392 1393 1394 1395
4 1396 1397 1398 1399
4 1400 1401 1402 1403
4 1404 1405 1406 1407
4 1408 1409 1410 1411
4 1412 1413 1414 1415
4 1416 1417 1418 1419
4 1420 1421 1422 1423
4 1424 1425 1426 1427
4 1428 1429 1430 1431
4 1432 1433 1434 1435
4 1436 1437 1438 1439
4 1440 1441 1442 1443
4 1444 1445 1446 1447
4 1448 1449 1450 1451
4 1452 1453 1454 1455
4 1456 1457 1458 1459
4 1460 1461 1462 1463
4 1464 1465 1466 1467
4 1468 1469 1470 1471
4 1472 1473 1474 1475
4 1476 1477 1478 1479
4 1480 1481 1482 1483
4 1484 1485 1486 1487
4 1488 1489 1490 1491
4 1492 1493 1494 1495
4 1496 1497 1498 1499
4 1500 1501 1502 1503
4 1504 1505 1506 1507
4 1508 1509 1510 1511
4 1512 1513 1514 1515
4 1516 1517 1518 1519
4 1520 1521 1522 1523
4 1524 1525 1526 1527
4 1528 1529 1530 1531
4 1532 1533 1534 1535
4 1536 1537 1538 1539
4 1540 1541 1542 1543
4 1544 1545 1546 1547
4 1548 1549 1550 1551
4 1552 1553 1554 1555
4 1556 1557 1558 1559
4 1560 1561 1562 1563
4 1564 1565 1566 1567
4 1568 1569 1570 1571
4 1572 1573 1574 1575
4 1576 1577 1578 1579
4 1580 1581 1582 1583
4 1584 1585 1586 1587
4 1588 1589 1590 1591
4 1592 1593 1594 1595
4 1596 1597 1598 1599
4 1600 1601 1602 1603
4 1604 1605 1606 1607
4 1608 1609 1610 1611
4 1612 1613 1614 1615
4 1616 1617 1618 1619
4 1620 1621 1622 1623
4 1624 1625 1626 1627
4 1628 1629 1630 1631
4 1632 1633 1634 1635
4 1636 1637 1638 1639
4 1640 1641 1642 1643
4 1644 1645 1646 1647
4 1648 1649 1650 1651
4 1652 1653 1654 1655
4 1656 1657 1658 1659
4 1660 1661 1662 1663
4 1664 1665 1666 1667
4 1668 1669 1670 1671
4 1672 1673 1674 1675
4 1676 1677 1678 1679
4 1680 1681 1682 1683
4 1684 1685 1686 1687
4 1688 1689 1690 1691
4 1692 1693 1694 1695
4 1696 1697 1698 1699
4 1700 1701 1702 1703
4 1704 1705 1706 1707
4 1708 1709 1710 1711
4 1712 1713 1714 1715
4 1716 1717 1718 1719
4 1720 1721 1722 1723
4 1724 1725 1726 1727
4 1728 1729 1730 1731
4 1732 1733 1734 1735
4 1736 1737 1738 1739
4 1740 1741 1742 1743
4 1744 1745 1746 1747
4 1748 1749 1750 1751
4 1752 1753 1754 1755
4 1756 1757 1758 1759
4 1760 1761 1762 1763
4 1764 1765 1766 1767
4 1768 1769 1770 1771
4 1772 1773 1774 1775
4 1776 1777 1778 1779
4 1780 1781 1782 1783
4 1784 1785 1786 1787
4 1788 1789 1790 1791
4 1792 1793 1794 1795
4 1796 1797 1798 1799
4 1800 1801 1802 1803
4 1804 1805 1806 1807
4 1808 1809 1810 1811
4 1812 1813 1814 1815
4 1816 1817 1818 1819
4 1820 1821 1822 1823
4 1824 1825 1826 1827
4 1828 1829 1830 1831
4 1832 1833 1834 1835
4 1836 1837 1838 1839
4 1840 1841 1842 1843
4 1844 1845 1846 1847
4 1848 1849 1850 1851
4 1852 1853 1854 1855
4 1856 1857 1858 1859
4 1860 1861 1862 1863
4 1864 1865 1866 1867
4 1868 1869 1870 1871
4 1872 1873 1874 1875
4 1876 1877 1878 1879
4 1880 1881 1882 1883
4 1884 1885 1886 1887
4 1888 1889 1890 1891
4 1892 1893 1894 1895
4 1896 1897 1898 1899
4 1900 1901 1902 1903
4 1904 1905 1906 1907
4 1908 1909 1910 1911
4 1912 1913 1914 1915
4 1916 1917 1918 1919
4 1920 1921 1922 1923
4 1924 1925 1926 1927
4 1928 1929 1930 1931
4 1932 1933 1934 1935
4 1936 1937 1938 1939
4 1940 1941 1942 1943
4 1944 1945 1946 1947
4 1948 1949 1950 1951
4 1952 1953 1954 1955
4 1956 1957 1958 1959
4 1960 1961 1962 1963
4 1964 1965 1966 1967
4 1968 1969 1970 1971
4 1972 1973 1974 1975
4 1976 1977 1978 1979
4 1980 1981 1982 1983
4 1984 1985 1986 1987
4 1988 1989 1990 1991
4 1992 1993 1994 1995
4 1996 1997 1998 1999
4 2000 2001 2002 2003
4 2004 2005 2006 2007
4 2008 2009 2010 2011
4 2012 2013 2014 2015
4 2016 2017 2018 2019
4 2020 2021 2022 2023
4 2024 2025 2026 2027
4 2028 2029 2030 2031
4 2032 2033 2034 2035
4 2036 2037 2038 2039
4 2040 2041 2042 2043
4 2044 2045 2046 2047
4 2048 2049 2050 2051
4 2052 2053 2054 2055
4 2056 2057 2058 2059
4 2060 2061 2062 2063
4 2064 2065 2066 2067
4 2068 2069 2070 2071
4 2072 2073 2074 2075
4 2076 2077 2078 2079
4 2080 2081 2082 2083
4 2084 2085 2086 2087
4 2088 2089 2090 2091
4 2092 2093 2094 2095
4 2096 2097 2098 2099
4 2100 2101 2102 2103
4 2104 2105 2106 2107
4 2108 2109 2110 2111
4 2112 2113 2114 2115
4 2116 2117 2118 2119
4 2120 2121 2122 2123
4 2124 2125 2126 2127
4 2128 2129 2130 2131
4 2132 2133 2134 2135
4 2136 2137 2138 2139
4 2140 2141 2142 2143
4 2144 2145 2146 2147
4 2148 2149 2150 2151
4 2152 2153 2154 2155
4 2156 2157 2158 2159
4 2160 2161 2162 2163
4 2164 2165 2166 2167
4 2168 2169 2170 2171
4 2172 2173 2174 2175
4 2176 2177 2178 2179
4 2180 2181 2182 2183
4 2184 2185 2186 2187
4 2188 2189 2190 2191
4 2192 2193 2194 2195
4 2196 2197 2198 2199
4 2200 2201 2202 2203
4 2204 2205 2206 2207
4 2208 2209 2210 2211
4 2212 2213 2214 2215
4 2216 2217 2218 2219
4 2220 2221 2222 2223
4 2224 2225 2226 2227
4 2228 2229 2230 2231
4 2232 2233 2234 2235
4 2236 2237 2238 2239
4 2240 2241 2242 2243
4 2244 2245 2246 2247
4 2248 2249 2250 2251
4 2252 2253 2254 2255
4 2256 2257 2258 2259
4 2260 2261 2262 2263
4 2264 2265 2266 2267
4 2268 2269 2270 2271
4 2272 2273 2274 2275
4 2276 2277 2278 2279
4 2280 2281 2282 2283
4 2284 2285 2286 2287
4 2288 2289 2290 2291
4 2292 2293 2294 2295
4 2296 2297 2298 2299
4 2300 2301 2302 2303
4 2304 2305 2306 2307
4 2308 2309 2310 2311
4 2312 2313 2314 2315
4 2316 2317 2318 2319
4 2320 2321 2322 2323
4 2324 2325 2326 2327
4 2328 2329 2330 2331
4 2332 2333 2334 2335
4 2336 2337 2338 2339
4 2340 2341 2342 2343
4 2344 2345 2346 2347
4 2348 2349 2350 2351
4 2352 2353 2354 2355
4 2356 2357 2358 2359
4 2360 2361 2362 2363
4 2364 2365 2366 2367
4 2368 2369 2370 2371
4 2372 2373 2374 2375
4 2376 2377 2378 2379
4 2380 2381 2382 2383
4 2384 2385 2386 2387
4 2388 2389 2390 2391
4 2392 2393 2394 2395
4 2396 2397 2398 2399
4 2400 2401 2402 2403
4 2404 2405 2406 2407
4 2408 2409 2410 2411
4 2412 2413 2414 2415
4 2416 2417 2418 2419
4 2420 2421 2422 2423
4 2424 2425 2426 2427
4 2428 2429 2430 2431
4 2432 2433 2434 2435
4 2436 2437 2438 2439
4 2440 2441 2442 2443
4 2444 2445 2446 2447
4 2448 2449 2450 2451
4 2452 2453 2454 2455
4 2456 2457 2458 2459
4 2460 2461 2462 2463
4 2464 2465 2466 2467
4 2468 2469 2470 2471
4 2472 2473 2474 2475
4 2476 2477 2478 2479
4 2480 2481 2482 2483
4 2484 2485 2486 2487
4 2488 2489 2490 2491
4 2492 2493 2494 2495
4 2496 2497 2498 2499
4 2500 2501 2502 2503
4 2504 2505 2506 2507
4 2508 2509 2510 2511
4 2512 2513 2514 2515
4 2516 2517 2518 2519
4 2520 2521 2522 2523
4 2524 2525 2526 2527
4 2528 2529 2530 2531
4 2532 2533 2534 2535
4 2536 2537 2538 2539
4 2540 2541 2542 2543
4 2544 2545 2546 2547
4 2548 2549 2550 2551
4 2552 2553 2554 2555
4 2556 2557 2558 2559
4 2560 2561 2562 2563
4 2564 2565 2566 2567
4 2568 2569 2570 2571
4 2572 2573 2574 2575
4 2576 2577 2578 2579
4 2580 2581 2582 2583
4 2584 2585 2586 2587
4 2588 2589 2590 2591
4 2592 2593 2594 2595
4 2596 2597 2598 2599
4 2600 2601 2602 2603
4 2604 2605 2606 2607
4 2608 2609 2610 2611
4 2612 2613 2614 2615
4 2616 2617 2618 2619
4 2620 2621 2622 2623
4 2624 2625 2626 2627
4 2628 2629 2630 2631
4 2632 2633 2634 2635
4 2636 2637 2638 2639
4 2640 2641 2642 2643
4 2644 2645 2646 2647
4 2648 2649 2650 2651
4 2652 2653 2654 2655
4 2656 2657 2658 2659
4 2660 2661 2662 2663
4 2664 2665 2666 2667
4 2668 2669 2670 2671
4 2672 2673 2674 2675
4 2676 2677 2678 2679
4 2680 2681 2682 2683
4 2684 2685 2686 2687
4 2688 2689 2690 2691
4 2692 2693 2694 2695
4 2696 2697 2698 2699
4 2700 2701 2702 2703
4 2704 2705 2706 2707
4 2708 2709 2710 2711
4 2712 2713 2714 2715
4 2716 2717 2718 2719
4 2720 2721 2722 2723
4 2724 2725 2726 2727
4 2728 2729 2730 2731
4 2732 2733 2734 2735
4 2736 2737 2738 2739
4 2740 2741 2742 2743
4 2744 2745 2746 2747
4 2748 2749 2750 2751
4 2752 2753 2754 2755
4 2756 2757 2758 2759
4 2760 2761 2762 2763
4 2764 2765 2766 2767
4 2768 2769 2770 2771
4 2772 2773 2774 2775
4 2776 2777 2778 2779
4 2780 2781 2782 2783
4 2784 2785 2786 2787
4 2788 2789 2790 2791
4 2792 2793 2794 2795
4 2796 2797 2798 2799
4 2800 2801 2802 2803
4 2804 2805 2806 2807
4 2808 2809 2810 2811
4 2812 2813 2814 2815
4 2816 2817 2818 2819
4 2820 2821 2822 2823
4 2824 2825 2826 2827
4 2828 2829 2830 2831
4 2832 2833 2834 2835
4 2836 2837 2838 2839
4 2840 2841 2842 2843
4 2844 2845 2846 2847
4 2848 2849 2850 2851
4 2852 2853 2854 2855
4 2856 2857 2858 2859
4 2860 2861 2862 2863
4 2864 2865 2866 2867
4 2868 2869 2870 2871
4 2872 2873 2874 2875
4 2876 2877 2878 2879
4 2880 2881 2882 2883
4 2884 2885 2886 2887
4 2888 2889 2890 2891
4 2892 2893 2894 2895
4 2896 2897 2898 2899
4 2900 2901 2902 2903
4 2904 2905 2906 2907
4 2908 2909 2910 2911
4 2912 2913 2914 2915
4 2916 2917 2918 2919
4 2920 2921 2922 2923
4 2924 2925 2926 2927
4 2928 2929 2930 2931
4 2932 2933 2934 2935
4 2936 2937 2938 2939
4 2940 2941 2942 2943
4 2944 2945 2946 2947
4 2948 2949 2950 2951
4 2952 2953 2954 2955
4 2956 2957 2958 2959
4 2960 2961 2962 2963
4 2964 2965 2966 2967
4 2968 2969 2970 2971
4 2972 2973 2974 2975
4 2976 2977 2978 2979
4 2980 2981 2982 2983
4 2984 2985 2986 2987
4 2988 2989 2990 2991
4 2992 2993 2994 2995
4 2996 2997 2998 2999
4 3000 3001 3002 3003
4 3004 3005 3006 3007
4 3008 3009 3010 3011
4 3012 3013 3014 3015
4 3016 3017 3018 3019
4 3020 3021 3022 3023
4 3024 3025 3026 3027
4 3028 3029 3030 3031
4 3032 3033 3034 3035
4 3036 3037 3038 3039
4 3040 3041 3042 3043
4 3044 3045 3046 3047
4 3048 3049 3050 3051
4 3052 3053 3054 3055
4 3056 3057 3058 3059
4 3060 3061 3062 3063
4 3064 3065 3066 3067
4 3068 3069 3070 3071
4 3072 3073 3074 3075
4 3076 3077 3078 3079
4 3080 3081 3082 3083
4 3084 3085 3086 3087
4 3088 3089 3090 3091
4 3092 3093 3094 3095
4 3096 3097 3098 3099
4 3100 3101 3102 3103
4 3104 3105 3106 3107
4 3108 3109 3110 3111
4 3112 3113 3114 3115
4 3116 3117 3118 3119
4 3120 3121 3122 3123
4 3124 3125 3126 3127
4 3128 3129 3130 3131
4 3132 3133 3134 3135
4 3136 3137 3138 3139
4 3140 3141 3142 3143
4 3144 3145 3146 3147
4 3148 3149 3150 3151
4 3152 3153 3154 3155
4 3156 3157 3158 3159
4 3160 3161 3162 3163
4 3164 3165 3166 3167
4 3168 3169 3170 3171
4 3172 3173 3174 3175
4 3176 3177 3178 3179
4 3180 3181 3182 3183
4 3184 3185 3186 3187
4 3188 3189 3190 3191
4 3192 3193 3194 3195
4 3196 3197 3198 3199
4 3200 3201 3202 3203
4 3204 3205 3206 3207
4 3208 3209 3210 3211
4 3212 3213 3214 3215
4 3216 3217 3218 3219
4 3220 3221 3222 3223
4 3224 3225 3226 3227
4 3228 3229 3230 3231
4 3232 3233 3234 3235
4 3236 3237 3238 3239
4 3240 3241 3242 3243
4 3244 3245 3246 3247
4 3248 3249 3250 3251
4 3252 3253 3254 3255
4 3256 3257 3258 3259
4 3260 3261 3262 3263
4 3264 3265 3266 3267
4 3268 3269 3270 3271
4 3272 3273 3274 3275
4 3276 3277 3278 3279
4 3280 3281 3282 3283
4 3284 3285 3286 3287
4 3288 3289 3290 3291
4 3292 3293 3294 3295
4 3296 3297 3298 3299
4 3300 3301 3302 3303
4 3304 3305 3306 3307
4 3308 3309 3310 3311
4 3312 3313 3314 3315
4 3316 3317 3318 3319
4 3320 3321 3322 3323
4 3324 3325 3326 3327
4 3328 3329 3330 3331
4 3332 3333 3334 3335
4 3336 3337 3338 3339
4 3340 3341 3342 3343
4 3344 3345 3346 3347
4 3348 3349 3350 3351
4 3352 3353 3354 3355
4 3356 3357 3358 3359
4 3360 3361 3362 3363
4 3364 3365 3366 3367
4 3368 3369 3370 3371
4 3372 3373 3374 3375
4 3376 3377 3378 3379
4 3380 3381 3382 3383
4 3384 3385 3386 3387
4 3388 3389 3390 3391
4 3392 3393 3394 3395
4 3396 3397 3398 3399
4 3400 3401 3402 3403
4 3404 3405 3406 3407
4 3408 3409 3410 3411
4 3412 3413 3414 3415
4 3416 3417 3418 3419
4 3420 3421 3422 3423
4 3424 3425 3426 3427
4 3428 3429 3430 3431
4 3432 3433 3434 3435
4 3436 3437 3438 3439
4 3440 3441 3442 3443
4 3444 3445 3446 3447
4 3448 3449 3450 3451
4 3452 3453 3454 3455
4 3456 3457 3458 3459
4 3460 3461 3462 3463
4 3464 3465 3466 3467
4 3468 3469 3470 3471
4 3472 3473 3474 3475
4 3476 3477 3478 3479
4 3480 3481 3482 3483
4 3484 3485 3486 3487
4 3488 3489 3490 3491
4 3492 3493 3494 3495
4 3496 3497 3498 3499
4 3500 3501 3502 3503
4 3504 3505 3506 3507
4 3508 3509 3510 3511
4 3512 3513 3514 3515
4 3516 3517 3518 3519
4 3520 3521 3522 3523
4 3524 3525 3526 3527
4 3528 3529 3530 3531
4 3532 3533 3534 3535
4 3536 3537 3538 3539
4 3540 3541 3542 3543
4 3544 3545 3546 3547
4 3548 3549 3550 3551
4 3552 3553 3554 3555
4 3556 3557 3558 3559
4 3560 3561 3562 3563
4 3564 3565 3566 3567
4 3568 3569 3570 3571
4 3572 3573 3574 3575
4 3576 3577 3578 3579
4 3580 3581 3582 3583
4 3584 3585 3586 3587
4 3588 3589 3590 3591
4 3592 3593 3594 3595
4 3596 3597 3598 3599
4 3600 3601 3602 3603
4 3604 3605 3606 3607
4 3608 3609 3610 3611
4 3612 3613 3614 3615
4 3616 3617 3618 3619
4 3620 3621 3622 3623
4 3624 3625 3626 3627
4 3628 3629 3630 3631
4 3632 3633 3634 3635
4 3636 3637 3638 3639
4 3640 3641 3642 3643
4 3644 3645 3646 3647
4 3648 3649 3650 3651
4 3652 3653 3654 3655
4 3656 3657 3658 3659
4 3660 3661 3662 3663
4 3664 3665 3666 3667
4 3668 3669 3670 3671
4 3672 3673 3674 3675
4 3676 3677 3678 3679
4 3680 3681 3682 3683
4 3684 3685 3686 3687
4 3688 3689 3690 3691
4 3692 3693 3694 3695
CELL_TYPES 924
9
9
9
9
9
9
9
9
9
9
9
9
9
9
9
9
9
9
9
9
9
9
9
9
9
9
9
9
9
9
9
9
9
9
9
9
9
9
9
9
9
9
9
9
9
9
9
9
9
9
9
9
9
9
9
9
9
9
9
9
9
9
9
9
9
9
9
9
9
9
9
9
9
9
9
9
9
9
9
9
9
9
9
9
9
9
9
9
9
9
9
9
9
9
9
9
9
9
9
9
9
9
9
9
9
9
9
9
9
9
9
9
9
9
9
9
9
9
9
9
9
9
9
9
9
9
9
9
9
9
9
9
9
9
9
9
9
9
9
9
9
9
9
9
9
9
9
9
9
9
9
9
9
9
9
9
9
9
9
9
9
9
9
9
9
9
9
9
9
9
9
9
9
9
9
9
9
9
9
9
9
9
9
9
9
9
9
9
9
9
9
9
9
9
9
9
9
9
9
9
9
9
9
9
9
9
9
9
9
9
9
9
9
9
9
9
9
9
9
9
9
9
9
9
9
9
9
9
9
9
9
9
9
9
9
9
9
9
9
9
9
9
9
9
9
9
9
9
9
9
9
9
9
9
9
9
9
9
9
9
9
9
9
9
9
9
9
9
9
9
9
9
9
9
9
9
9
9
9
9
9
9
9
9
9
9
9
9
9
9
9
9
9
9
9
9
9
9
9
9
9
9
9
9
9
9
9
9
9
9
9
9
9
9
9
9
9
9
9
9
9
9
9
9
9
9
9
9
9
9
9
9
9
9
9
9
9
9
9
9
9
9
9
9
9
9
9
9
9
9
9
9
9
9
9
9
9
9
9
9
9
9
9
9
9
9
9
9
9
9
9
9
9
9
9
9
9
9
9
9
9
9
9
9
9
9
9
9
9
9
9
9
9
9
9
9
9
9
9
9
9
9
9
9
9
9
9
9
9
9
9
9
9
9
9
9
9
9
9
9
9
9
9
9
9
9
9
9
9
9
9
9
9
9
9
9
9
9
9
9
9
9
9
9
9
9
9
9
9
9
9
9
9
9
9
9
9
9
9
9
9
9
9
9
9
9
9
9
9
9
9
9
9
9
9
9
9
9
9
9
9
9
9
9
9
9
9
9
9
9
9
9
9
9
9
9
9
9
9
9
9
9
9
9
9
9
9
9
9
9
9
9
9
9
9
9
9
9
9
9
9
9
9
9
9
9
9
9
9
9
9
9
9
9
9
9
9
9
9
9
9
9
9
9
9
9
9
9
9
9
9
9
9
9
9
9
9
9
9
9
9
9
9
9
9
9
9
9
9
9
9
9
9
9
9
9
9
9
9
9
9
9
9
9
9
9
9
9
9
9
9
9
9
9
9
9
9
9
9
9
9
9
9
9
9
9
9
9
9
9
9
9
9
9
9
9
9
9
9
9
9
9
9
9
9
9
9
9
9
9
9
9
9
9
9
9
9
9
9
9
9
9
9
9
9
9
9
9
9
9
9
9
9
9
9
9
9
9
9
9
9
9
9
9
9
9
9
9
9
9
9
9
9
9
9
9
9
9
9
9
9
9
9
9
9
9
9
9
9
9
9
9
9
9
9
9
9
9
9
9
9
9
9
9
9
9
9
9
9
9
9
9
9
9
9
9
9
9
9
9
9
9
9
9
9
9
9
9
9
9
9
9
9
9
9
9
9
9
9
9
9
9
9
9
9
9
9
9
9
9
9
9
9
9
9
9
9
9
9
9
9
9
9
9
9
9
9
9
9
9
9
9
9
9
9
9
9
9
9
9
9
9
9
9
9
9
9
9
9
9
9
9
9
9
9
9
9
9
9
9
9
9
9
9
9
9
9
9
9
9
9
9
9
9
9
9
9
9
9
9
9
9
9
9
9
9
9
9
9
9
9
9
9
9
9
9
9
9
9
9
9
9
9
9
9
9
9
9
9
9
9
9
9
9
9
9
9
9
9
9
9
9
9
9
9
9
9
9
9
9
9
9
9
9
9
9
9
9
9
9
9
9
9
9
9
9
9
9
9
9
9
9
9
9
9
9
9
9
9
9
9
9
9
9
9
9
9
9
9
9
9
9
9
9
9
9
9
9
9
9
9
9
9
9
CELL_DATA 924
SCALARS area double 1
LOOKUP_TABLE default
1.06146e-05
1.06875e-05
1.0718e-05
1.07889e-05
1.10438e-05
8.24196e-06
1.09172e-05
1.09875e-05
1.0865e-05
1.07535e-05
1.82013e-05
1.82919e-05
1.82964e-05
1.82842e-05
1.82324e-05
1.22908e-05
1.82647e-05
1.8319e-05
1.8306e-05
1.82904e-05
2.02791e-05
2.04752e-05
2.06224e-05
2.0743e-05
2.0574e-05
1.17046e-05
2.07291e-05
2.05178e-05
2.04378e-05
2.03854e-05
2.16776e-05
2.19439e-05
2.21933e-05
2.24462e-05
2.24081e-05
1.10206e-05
2.25729e-05
2.21959e-05
2.19935e-05
2.1849e-05
2.27764e-05
2.30094e-05
2.32115e-05
2.3426e-05
2.3436e-05
1.0557e-05
2.35805e-05
2.32693e-05
2.30839e-05
2.29489e-05
2.35832e-05
2.37898e-05
2.39533e-05
2.41347e-05
2.41755e-05
1.02314e-05
2.43022e-05
2.40441e-05
2.38767e-05
2.37532e-05
2.41377e-05
2.43233e-05
2.44559e-05
2.46095e-05
2.46707e-05
1.00307e-05
2.47757e-05
2.45625e-05
2.44135e-05
2.43025e-05
2.44373e-05
2.46081e-05
2.47194e-05
2.4854e-05
2.49312e-05
9.88289e-06
2.4987e-05
2.4814e-05
2.46864e-05
2.45912e-05
2.44329e-05
2.45914e-05
2.46862e-05
2.48063e-05
2.48981e-05
9.70145e-06
2.49024e-05
2.47635e-05
2.46558e-05
2.45754e-05
2.4235e-05
2.43812e-05
2.44596e-05
2.45621e-05
2.46511e-05
9.48111e-06
2.46332e-05
2.45233e-05
2.44348e-05
2.43685e-05
2.39545e-05
2.40889e-05
2.41522e-05
2.42369e-05
2.4316e-05
9.24876e-06
2.42974e-05
2.421e-05
2.41369e-05
2.40816e-05
2.35853e-05
2.37101e-05
2.37621e-05
2.38334e-05
2.39047e-05
9.00809e-06
2.38819e-05
2.38122e-05
2.37517e-05
2.37056e-05
2.31892e-05
2.33057e-05
2.33484e-05
2.34087e-05
2.34736e-05
8.77876e-06
2.34504e-05
2.33941e-05
2.33432e-05
2.3304e-05
2.27106e-05
2.28198e-05
2.28553e-05
2.2907e-05
2.29668e-05
8.53768e-06
2.2942e-05
2.28963e-05
2.28531e-05
2.28197e-05
2.21914e-05
2.22941e-05
2.23238e-05
2.23684e-05
2.2424e-05
8.29606e-06
2.23983e-05
2.23608e-05
2.23239e-05
2.22952e-05
2.16356e-05
2.17308e-05
2.17554e-05
2.17944e-05
2.1849e-05
8.043e-06
2.18212e-05
2.17934e-05
2.17623e-05
2.17358e-05
2.10011e-05
2.10848e-05
2.11056e-05
2.1141e-05
2.11997e-05
7.71967e-06
2.11621e-05
2.11475e-05
2.11239e-05
2.10979e-05
2.03319e-05
2.04003e-05
2.04178e-05
2.04484e-05
2.05039e-05
7.36307e-06
2.04659e-05
2.04531e-05
2.04329e-05
2.04114e-05
1.96294e-05
1.96847e-05
1.96998e-05
1.97271e-05
1.97812e-05
7.02548e-06
1.97388e-05
1.97279e-05
1.97112e-05
1.96938e-05
1.88586e-05
1.89024e-05
1.89151e-05
1.89389e-05
1.89911e-05
6.67796e-06
1.89482e-05
1.89388e-05
1.89247e-05
1.89105e-05
1.80712e-05
1.81051e-05
1.81154e-05
1.81359e-05
1.8186e-05
6.34628e-06
1.81438e-05
1.81358e-05
1.8124e-05
1.81124e-05
1.72216e-05
1.72472e-05
1.72554e-05
1.72731e-05
1.73215e-05
6.01619e-06
1.72798e-05
1.72731e-05
1.72633e-05
1.72537e-05
1.63479e-05
1.63664e-05
1.63728e-05
1.63878e-05
1.64339e-05
5.69068e-06
1.63936e-05
1.63881e-05
1.638e-05
1.63723e-05
1.54481e-05
1.54608e-05
1.54658e-05
1.54785e-05
1.55229e-05
5.36609e-06
1.54831e-05
1.54784e-05
1.54719e-05
1.54659e-05
1.44952e-05
1.45033e-05
1.45069e-05
1.45174e-05
1.45594e-05
5.02659e-06
1.45215e-05
1.45177e-05
1.45124e-05
1.45077e-05
1.35211e-05
1.35256e-05
1.3528e-05
1.35366e-05
1.35762e-05
4.6862e-06
1.35402e-05
1.35371e-05
1.35329e-05
1.35293e-05
1.25259e-05
1.25276e-05
1.2529e-05
1.25358e-05
1.25727e-05
4.34277e-06
1.25392e-05
1.25367e-05
1.25335e-05
1.25308e-05
1.14886e-05
1.14884e-05
1.14891e-05
1.14944e-05
1.15286e-05
3.98612e-06
1.14973e-05
1.14953e-05
1.1493e-05
1.1491e-05
1.04407e-05
1.04392e-05
1.04393e-05
1.04431e-05
1.04742e-05
3.62545e-06
1.0446e-05
1.04444e-05
1.04427e-05
1.04413e-05
8.98184e-06
8.9799e-06
8.97917e-06
8.98141e-06
9.008e-06
3.13108e-06
8.98435e-06
8.98304e-06
8.98187e-06
8.98108e-06
2.01738e-06
2.01647e-06
2.01602e-06
2.01695e-06
2.02748e-06
7.44277e-07
2.01748e-06
2.01706e-06
2.01668e-06
2.0165e-06
1.58918e-06
1.58779e-06
1.58707e-06
1.58841e-06
1.60285e-06
6.37006e-07
1.58863e-06
1.58812e-06
1.58765e-06
1.58745e-06
1.52431e-06
1.52206e-06
1.52087e-06
1.52292e-06
1.54449e-06
6.69326e-07
1.52279e-06
1.5221e-06
1.52147e-06
1.52124e-06
1.44676e-06
1.44341e-06
1.44156e-06
1.44431e-06
1.4745e-06
7.04584e-07
1.44397e-06
1.44305e-06
1.44218e-06
1.44189e-06
1.35439e-06
1.34951e-06
1.34678e-06
1.35055e-06
1.39222e-06
7.44717e-07
1.34971e-06
1.34852e-06
1.34739e-06
1.34705e-06
1.24384e-06
1.23674e-06
1.23261e-06
1.23757e-06
1.29485e-06
7.92617e-07
1.23634e-06
1.23475e-06
1.2332e-06
1.23278e-06
1.1085e-06
1.09807e-06
1.09189e-06
1.09868e-06
1.17878e-06
8.4899e-07
1.0967e-06
1.09454e-06
1.09243e-06
1.09188e-06
9.35444e-07
9.18657e-07
9.08501e-07
9.1865e-07
1.03932e-06
9.29778e-07
9.15319e-07
9.12088e-07
9.08906e-07
9.08151e-07
6.82079e-07
6.48404e-07
6.2712e-07
6.46201e-07
8.62255e-07
1.05997e-06
6.39738e-07
6.33497e-07
6.27223e-07
6.25783e-07
2.61531e-07
2.43473e-07
2.31753e-07
2.41741e-07
3.51687e-07
4.72854e-07
2.38261e-07
2.34983e-07
2.31656e-07
2.30917e-07
1.0664e-05
1.82585e-05
2.03132e-05
2.1703e-05
2.28084e-05
2.36205e-05
2.41789e-05
2.44797e-05
2.44753e-05
2.42786e-05
2.39997e-05
2.36308e-05
2.32347e-05
2.27554e-05
2.22351e-05
2.16764e-05
2.10334e-05
2.03533e-05
1.9643e-05
1.88666e-05
1.80751e-05
1.72226e-05
1.63469e-05
1.54457e-05
1.44919e-05
1.35174e-05
1.2522e-05
1.14849e-05
1.04372e-05
8.97862e-06
2.01601e-06
1.58708e-06
1.52091e-06
1.44161e-06
1.34683e-06
1.23264e-06
1.09187e-06
9.0834e-07
6.26465e-07
2.31326e-07
5.92532e-06
3.89433e-06
3.46144e-06
3.6777e-06
5.85861e-06
1.26479e-05
3.12164e-06
2.06413e-06
2.10796e-06
1.81282e-06
2.63468e-07
1.31771e-09
9.83332e-10
8.38339e-10
9.12295e-10
1.5459e-09
2.46283e-09
3.45969e-10
3.97612e-10
4.19539e-10
3.68022e-10
2.73868e-10
1.06146e-05
1.06875e-05
1.0718e-05
1.07889e-05
1.10438e-05
8.24196e-06
1.09172e-05
1.09875e-05
1.0865e-05
1.07535e-05
1.82013e-05
1.82919e-05
1.82964e-05
1.82842e-05
1.82324e-05
1.22908e-05
1.82647e-05
1.8319e-05
1.8306e-05
1.82904e-05
2.02791e-05
2.04752e-05
2.06224e-05
2.0743e-05
2.0574e-05
1.17046e-05
2.07291e-05
2.05178e-05
2.04378e-05
2.03854e-05
2.16776e-05
2.19439e-05
2.21933e-05
2.24462e-05
2.24081e-05
1.10206e-05
2.25729e-05
2.21959e-05
2.19935e-05
2.1849e-05
2.27764e-05
2.30094e-05
2.32115e-05
2.3426e-05
2.3436e-05
1.0557e-05
2.35805e-05
2.32693e-05
2.30839e-05
2.29489e-05
2.35832e-05
2.37898e-05
2.39533e-05
2.41347e-05
2.41755e-05
1.02314e-05
2.43022e-05
2.40441e-05
2.38767e-05
2.37532e-05
2.41377e-05
2.43233e-05
2.44559e-05
2.46095e-05
2.46707e-05
1.00307e-05
2.47757e-05
2.45625e-05
2.44135e-05
2.43025e-05
2.44373e-05
2.46081e-05
2.47194e-05
2.4854e-05
2.49312e-05
9.88289e-06
2.4987e-05
2.4814e-05
2.46864e-05
2.45912e-05
2.44329e-05
2.45914e-05
2.46862e-05
2.48063e-05
2.48981e-05
9.70145e-06
2.49024e-05
2.47635e-05
2.46558e-05
2.45754e-05
2.4235e-05
2.43812e-05
2.44596e-05
2.45621e-05
2.46511e-05
9.48111e-06
2.46332e-05
2.45233e-05
2.44348e-05
2.43685e-05
2.39545e-05
2.40889e-05
2.41522e-05
2.42369e-05
2.4316e-05
9.24876e-06
2.42974e-05
2.421e-05
2.41369e-05
2.40816e-05
2.35853e-05
2.37101e-05
2.37621e-05
2.38334e-05
2.39047e-05
9.00809e-06
2.38819e-05
2.38122e-05
2.37517e-05
2.37056e-05
2.31892e-05
2.33057e-05
2.33484e-05
2.34087e-05
2.34736e-05
8.77876e-06
2.34504e-05
2.33941e-05
2.33432e-05
2.3304e-05
2.27106e-05
2.28198e-05
2.28553e-05
2.2907e-05
2.29668e-05
8.53768e-06
2.2942e-05
2.28963e-05
2.28531e-05
2.28197e-05
2.21914e-05
2.22941e-05
2.23238e-05
2.23684e-05
2.2424e-05
8.29606e-06
2.23983e-05
2.23608e-05
2.23239e-05
2.22952e-05
2.16356e-05
2.17308e-05
2.17554e-05
2.17944e-05
2.1849e-05
8.043e-06
2.18212e-05
2.17934e-05
2.17623e-05
2.17358e-05
2.10011e-05
2.10848e-05
2.11056e-05
2.1141e-05
2.11997e-05
7.71967e-06
2.11621e-05
2.11475e-05
2.11239e-05
2.10979e-05
2.03319e-05
2.04003e-05
2.04178e-05
2.04484e-05
2.05039e-05
7.36307e-06
2.04659e-05
2.04531e-05
2.04329e-05
2.04114e-05
1.96294e-05
1.96847e-05
1.96998e-05
1.97271e-05
1.97812e-05
7.02548e-06
1.97388e-05
1.97279e-05
1.97112e-05
1.96938e-05
1.88586e-05
1.89024e-05
1.89151e-05
1.89389e-05
1.89911e-05
6.67796e-06
1.89482e-05
1.89388e-05
1.89247e-05
1.89105e-05
1.80712e-05
1.81051e-05
1.81154e-05
1.81359e-05
1.8186e-05
6.34628e-06
1.81438e-05
1.81358e-05
1.8124e-05
1.81124e-05
1.72216e-05
1.72472e-05
1.72554e-05
1.72731e-05
1.73215e-05
6.01619e-06
1.72798e-05
1.72731e-05
1.72633e-05
1.72537e-05
1.63479e-05
1.63664e-05
1.63728e-05
1.63878e-05
1.64339e-05
5.69068e-06
1.63936e-05
1.63881e-05
1.638e-05
1.63723e-05
1.54481e-05
1.54608e-05
1.54658e-05
1.54785e-05
1.55229e-05
5.36609e-06
1.54831e-05
1.54784e-05
1.54719e-05
1.54659e-05
1.44952e-05
1.45033e-05
1.45069e-05
1.45174e-05
1.45594e-05
5.02659e-06
1.45215e-05
1.45177e-05
1.45124e-05
1.45077e-05
1.35211e-05
1.35256e-05
1.3528e-05
1.35366e-05
1.35762e-05
4.6862e-06
1.35402e-05
1.35371e-05
1.35329e-05
1.35293e-05
1.25259e-05
1.25276e-05
1.2529e-05
1.25358e-05
1.25727e-05
4.34277e-06
1.25392e-05
1.25367e-05
1.25335e-05
1.25308e-05
1.14886e-05
1.14884e-05
1.14891e-05
1.14944e-05
1.15286e-05
3.98612e-06
1.14973e-05
1.14953e-05
1.1493e-05
1.1491e-05
1.04407e-05
1.04392e-05
1.04393e-05
1.04431e-05
1.04742e-05
3.62545e-06
1.0446e-05
1.04444e-05
1.04427e-05
1.04413e-05
8.98184e-06
8.9799e-06
8.97917e-06
8.98141e-06
9.008e-06
3.13108e-06
8.98435e-06
8.98304e-06
8.98187e-06
8.98108e-06
2.01738e-06
2.01647e-06
2.01602e-06
2.01695e-06
2.02748e-06
7.44277e-07
2.01748e-06
2.01706e-06
2.01668e-06
2.0165e-06
1.58918e-06
1.58779e-06
1.58707e-06
1.58841e-06
1.60285e-06
6.37006e-07
1.58863e-06
1.58812e-06
1.58765e-06
1.58745e-06
1.52431e-06
1.52206e-06
1.52087e-06
1.52292e-06
1.54449e-06
6.69326e-07
1.52279e-06
1.5221e-06
1.52147e-06
1.52124e-06
1.44676e-06
1.44341e-06
1.44156e-06
1.44431e-06
1.4745e-06
7.04584e-07
1.44397e-06
1.44305e-06
1.44218e-06
1.44189e-06
1.35439e-06
1.34951e-06
1.34678e-06
1.35055e-06
1.39222e-06
7.44717e-07
1.34971e-06
1.34852e-06
1.34739e-06
1.34705e-06
1.24384e-06
1.23674e-06
1.23261e-06
1.23757e-06
1.29485e-06
7.92617e-07
1.23634e-06
1.23475e-06
1.2332e-06
1.23278e-06
1.1085e-06
1.09807e-06
1.09189e-06
1.09868e-06
1.17878e-06
8.4899e-07
1.0967e-06
1.09454e-06
1.09243e-06
1.09188e-06
9.35444e-07
9.18657e-07
9.08501e-07
9.1865e-07
1.03932e-06
9.29778e-07
9.15319e-07
9.12088e-07
9.08906e-07
9.08151e-07
6.82079e-07
6.48404e-07
6.2712e-07
6.46201e-07
8.62255e-07
1.05997e-06
6.39738e-07
6.33497e-07
6.27223e-07
6.25783e-07
2.61531e-07
2.43473e-07
2.31753e-07
2.41741e-07
3.51687e-07
4.72854e-07
2.38261e-07
2.34983e-07
2.31656e-07
2.30917e-07
1.0664e-05
1.82585e-05
2.03132e-05
2.1703e-05
2.28084e-05
2.36205e-05
2.41789e-05
2.44797e-05
2.44753e-05
2.42786e-05
2.39997e-05
2.36308e-05
2.32347e-05
2.27554e-05
2.22351e-05
2.16764e-05
2.10334e-05
2.03533e-05
1.9643e-05
1.88666e-05
1.80751e-05
1.72226e-05
1.63469e-05
1.54457e-05
1.44919e-05
1.35174e-05
1.2522e-05
1.14849e-05
1.04372e-05
8.97862e-06
2.01601e-06
1.58708e-06
1.52091e-06
1.44161e-06
1.34683e-06
1.23264e-06
1.09187e-06
9.0834e-07
6.26465e-07
2.31326e-07
5.92532e-06
3.89433e-06
3.46144e-06
3.6777e-06
5.85861e-06
1.26479e-05
3.12164e-06
2.06413e-06
2.10796e-06
1.81282e-06
2.63468e-07
1.31771e-09
9.83332e-10
8.38339e-10
9.12295e-10
1.5459e-09
2.46283e-09
3.45969e-10
3.97612e-10
4.19539e-10
3.68022e-10
2.73868e-10
SCALARS mu double 1
LOOKUP_TABLE default
29.0876
1.05303e-10
34.7949
45.5195
48.2137
48.5551
47.9603
45.9317
35.6109
16.2989
38.3529
32.3116
41.757
47.8391
50.4207
50.8017
50.1737
47.7007
42.0085
33.5002
41.6655
43.3034
48.2693
52.0521
54.1788
54.7151
54.1607
51.8711
47.9698
42.9754
44.0354
50.1281
54.2628
57.1378
58.9502
59.4826
59.0138
56.8851
53.6134
49.2735
45.7181
55.8774
60.2593
62.8271
64.4105
64.8174
64.3608
62.3836
59.338
54.7444
46.637
61.5968
66.4816
68.9094
70.2658
70.5325
70.121
68.3272
65.3826
60.2689
50.471
67.8601
73.0745
75.3566
76.4507
76.5689
76.2345
74.6766
71.8577
66.3953
56.5604
74.8533
80.1053
82.1693
82.9558
82.9181
82.6852
81.4206
78.8134
73.3035
64.9653
82.6939
87.6706
89.4244
89.8679
89.6667
89.5505
88.6268
86.3364
81.1054
75.1824
91.4624
95.873
97.2284
97.3288
97.0022
96.9683
96.3922
94.5225
89.8768
87.2492
101.192
104.77
105.642
105.396
104.974
105.006
104.783
103.431
99.6476
101.116
111.817
114.34
114.654
114.047
113.532
113.63
113.791
113.039
110.347
116.479
123.248
124.562
124.262
123.276
122.672
122.838
123.407
123.32
121.877
132.284
135.314
135.375
134.428
133.051
132.377
132.609
133.597
134.208
134.057
148.146
147.896
146.729
145.119
143.344
142.61
142.907
144.322
145.645
146.754
164.141
160.942
158.589
156.3
154.108
153.317
153.67
155.54
157.59
159.907
179.766
174.196
170.787
167.857
165.256
164.433
164.828
167.145
169.876
173.257
194.593
187.135
182.975
179.613
176.751
175.921
176.335
178.948
182.148
186.29
208.818
199.902
195.183
191.513
188.472
187.649
188.076
190.9
194.434
199.139
222.643
212.603
207.462
203.569
200.409
199.604
200.036
203.006
206.785
211.914
236.126
225.238
219.78
215.74
212.524
211.746
212.174
215.231
219.181
224.621
249.426
237.79
232.088
227.965
224.746
224.004
224.423
227.517
231.571
237.245
262.634
250.194
244.325
240.187
237.016
236.316
236.718
239.788
243.879
249.723
275.197
262.295
256.377
252.297
249.226
248.572
248.952
251.938
255.992
261.887
286.747
273.915
268.112
264.177
261.267
260.666
261.018
263.853
267.771
273.547
297.086
284.834
279.325
275.634
272.955
272.412
272.732
275.34
279.017
284.493
306.237
294.871
289.793
286.439
284.06
283.583
283.866
286.175
289.514
294.551
314.124
303.786
299.222
296.27
294.246
293.839
294.084
296.039
298.971
303.487
320.53
311.263
307.231
304.703
303.07
302.739
302.945
304.511
307.011
310.987
325.166
316.829
313.192
310.966
309.652
309.398
309.566
310.82
313.011
316.585
328.015
319.563
315.856
313.456
311.803
311.378
311.792
313.369
315.709
319.345
330.343
321.975
318.154
315.58
313.714
313.144
313.748
315.517
318.019
321.765
332.279
324.3
320.411
317.69
315.666
315.021
315.723
317.636
320.278
324.094
333.899
326.633
322.776
319.948
317.801
317.097
317.866
319.892
322.639
326.429
335.256
329.004
325.316
322.433
320.182
319.437
320.226
322.359
325.169
328.8
336.406
331.439
328.125
325.268
322.894
322.127
322.849
325.162
327.966
331.237
337.359
333.912
331.246
328.712
326.165
325.407
325.97
328.585
331.074
333.72
338.041
336.146
334.552
332.736
330.757
330.166
330.609
332.558
334.383
335.992
338.779
338.03
337.309
336.726
336.317
336.139
336.261
336.601
337.152
337.87
341.253
341.069
340.992
340.937
340.882
340.847
340.875
340.915
340.967
341.042
28.9182
38.1317
41.3732
43.6669
45.3332
46.2923
50.0558
56.0712
64.3942
74.5499
86.5639
100.376
115.683
131.456
147.308
163.296
178.918
193.744
207.972
221.802
235.298
248.614
261.842
274.428
286.005
296.379
305.571
313.504
319.963
324.656
327.546
329.894
331.851
333.496
334.883
336.069
337.064
337.794
338.604
341.176
-14.5654
-15.3202
-32.3144
-44.2027
-46.392
-47.0404
-46.5454
-45.6773
-32.6917
-16.4307
-15.263
341.142
341.101
341.034
340.978
340.961
340.949
340.942
340.949
341.018
341.097
341.121
79.7122
-9.15007e-12
87.1813
113.004
119.46
120.582
119.325
114.596
89.8818
42.6236
107.323
83.2383
104.34
118.324
124.354
125.622
124.397
118.813
105.877
87.158
119.323
111.48
120.082
127.877
132.581
134.191
133.212
128.392
120.457
111.745
128.657
128.597
133.949
139.021
142.752
144.323
143.566
139.422
133.621
127.747
136.143
142.332
147.121
150.996
154.008
155.283
154.566
151.005
146.281
141.001
142.496
155.175
160.103
163.287
165.662
166.628
166.011
163.026
158.973
153.585
152.896
168.305
173.227
175.832
177.568
178.224
177.757
175.388
171.927
166.571
166.581
182.104
186.637
188.632
189.703
190.052
189.769
188.061
185.246
180.3
183.208
196.783
200.521
201.825
202.221
202.268
202.189
201.167
199.087
194.968
201.85
212.472
215.052
215.587
215.355
215.178
215.228
214.857
213.611
210.703
222.917
229.203
230.302
229.998
229.178
228.829
228.969
229.22
228.892
227.524
245.791
246.807
246.207
245.01
243.618
243.12
243.348
244.215
244.863
245.261
269.856
265.102
262.708
260.598
258.642
258.01
258.325
259.806
261.456
263.715
293.5
283.806
279.691
276.68
274.179
273.433
273.83
275.909
278.545
282.585
316.544
302.739
297.063
293.191
290.162
289.321
289.789
292.449
296.027
301.676
338.837
321.809
314.764
310.059
306.504
305.586
306.113
309.355
313.832
320.88
359.465
340.636
332.538
327.112
323.073
322.105
322.669
326.454
331.706
339.808
378.165
358.522
349.886
344.081
339.792
338.806
339.373
343.456
349.135
357.779
395.681
375.719
366.856
360.882
356.475
355.49
356.048
360.286
366.171
375.043
412.348
392.417
383.531
377.528
373.097
372.129
372.668
376.957
382.898
391.791
428.093
408.634
399.892
393.969
389.591
388.653
389.163
393.419
399.301
408.047
443.135
424.373
415.896
410.138
405.875
404.976
405.454
409.608
415.339
423.816
457.522
439.603
431.485
425.966
421.882
421.033
421.472
425.456
430.959
439.072
471.26
454.275
446.584
441.364
437.513
436.722
437.12
440.876
446.087
453.767
484.32
468.338
461.129
456.262
452.697
451.973
452.327
455.801
460.662
467.853
496.576
481.655
474.976
470.511
467.285
466.635
466.945
470.083
474.541
481.194
507.835
494.035
487.929
483.914
481.079
480.509
480.777
483.525
487.531
493.6
517.807
505.16
499.656
496.128
493.728
493.245
493.471
495.787
499.299
504.755
526.098
514.596
509.686
506.653
504.722
504.332
504.517
506.37
509.378
514.227
532.103
521.672
517.206
514.518
512.966
512.674
512.821
514.305
516.96
521.353
535.93
525.199
520.606
517.676
515.684
515.179
515.647
517.552
520.416
524.925
539.039
528.313
523.544
520.374
518.101
517.413
518.128
520.288
523.375
528.056
541.607
531.314
526.429
523.055
520.57
519.787
520.632
522.987
526.269
531.067
543.73
534.324
529.453
525.925
523.271
522.412
523.349
525.859
529.293
534.083
545.479
537.376
532.702
529.085
526.284
525.37
526.34
529.001
532.532
537.138
546.938
540.505
536.293
532.692
529.72
528.773
529.667
532.571
536.11
540.27
548.124
543.675
540.282
537.078
533.871
532.929
533.63
536.932
540.083
543.451
548.924
546.525
544.503
542.206
539.706
538.968
539.527
541.993
544.306
546.347
549.883
548.935
548.023
547.289
546.777
546.557
546.71
547.14
547.836
548.744
553.063
552.831
552.735
552.666
552.599
552.557
552.593
552.643
552.708
552.801
79.2589
106.787
118.685
127.917
135.43
141.9
152.25
165.845
182.36
200.927
221.915
244.716
268.715
292.338
315.38
337.675
358.307
377.015
394.542
411.226
426.999
442.074
456.497
470.274
483.377
495.68
506.99
517.017
525.369
531.45
535.331
538.467
541.063
543.22
545.009
546.514
547.756
548.623
549.67
552.969
-38.2947
-39.5844
-81.4006
-110.15
-115.457
-117.094
-115.977
-113.934
-82.6045
-42.8328
-40.0022
552.925
552.873
552.788
552.719
552.698
552.684
552.675
552.684
552.771
552.869
552.899
