# vtk DataFile Version 3.0
Rotor blade panels
ASCII
DATASET UNSTRUCTURED_GRID
POINTS 3696 double
1.47104 1.46359 1.1527
1.47171 1.4659 1.14944
1.4693 1.46665 1.14914
1.46859 1.46419 1.15266
1.47171 1.4659 1.14944
1.47252 1.46866 1.14657
1.47016 1.4696 1.14602
1.4693 1.46665 1.14914
1.47252 1.46866 1.14657
1.47338 1.47163 1.14391
1.47108 1.47276 1.14314
1.47016 1.4696 1.14602
1.47338 1.47163 1.14391
1.47431 1.47483 1.14159
1.47207 1.47617 1.14058
1.47108 1.47276 1.14314
1.47431 1.47483 1.14159
1.47536 1.47844 1.14008
1.47318 1.48 1.13883
1.47207 1.47617 1.14058
1.47536 1.47844 1.14008
1.47588 1.48025 1.14217
1.47371 1.48183 1.14087
1.47318 1.48 1.13883
1.47588 1.48025 1.14217
1.47493 1.47697 1.14436
1.47269 1.4783 1.14324
1.47371 1.48183 1.14087
1.47493 1.47697 1.14436
1.47392 1.47349 1.14622
1.47162 1.47461 1.14533
1.47269 1.4783 1.14324
1.47392 1.47349 1.14622
1.47292 1.47004 1.14813
1.47056 1.47096 1.14751
1.47162 1.47461 1.14533
1.47292 1.47004 1.14813
1.47194 1.46669 1.15023
1.46953 1.46743 1.14989
1.47056 1.47096 1.14751
1.46859 1.46419 1.15266
1.4693 1.46665 1.14914
1.46556 1.46803 1.14893
1.46475 1.46525 1.15274
1.4693 1.46665 1.14914
1.47016 1.4696 1.14602
1.46652 1.47133 1.14558
1.46556 1.46803 1.14893
1.47016 1.4696 1.14602
1.47108 1.47276 1.14314
1.46754 1.47486 1.14248
1.46652 1.47133 1.14558
1.47108 1.47276 1.14314
1.47207 1.47617 1.14058
1.46864 1.47864 1.13973
1.46754 1.47486 1.14248
1.47207 1.47617 1.14058
1.47318 1.48 1.13883
1.46986 1.48283 1.13777
1.46864 1.47864 1.13973
1.47318 1.48 1.13883
1.47371 1.48183 1.14087
1.47037 1.48459 1.13977
1.46986 1.48283 1.13777
1.47371 1.48183 1.14087
1.47269 1.4783 1.14324
1.46923 1.48065 1.14227
1.47037 1.48459 1.13977
1.47269 1.4783 1.14324
1.47162 1.47461 1.14533
1.46805 1.47661 1.14457
1.46923 1.48065 1.14227
1.47162 1.47461 1.14533
1.47056 1.47096 1.14751
1.46689 1.47262 1.14699
1.46805 1.47661 1.14457
1.47056 1.47096 1.14751
1.46953 1.46743 1.14989
1.46577 1.46877 1.14965
1.46689 1.47262 1.14699
1.46475 1.46525 1.15274
1.46556 1.46803 1.14893
1.46178 1.46962 1.14901
1.46085 1.46642 1.15294
1.46556 1.46803 1.14893
1.46652 1.47133 1.14558
1.46287 1.47335 1.14558
1.46178 1.46962 1.14901
1.46652 1.47133 1.14558
1.46754 1.47486 1.14248
1.46402 1.47731 1.14245
1.46287 1.47335 1.14558
1.46754 1.47486 1.14248
1.46864 1.47864 1.13973
1.46524 1.48151 1.13968
1.46402 1.47731 1.14245
1.46864 1.47864 1.13973
1.46986 1.48283 1.13777
1.46657 1.48608 1.1377
1.46524 1.48151 1.13968
1.46986 1.48283 1.13777
1.47037 1.48459 1.13977
1.46704 1.4877 1.13971
1.46657 1.48608 1.1377
1.47037 1.48459 1.13977
1.46923 1.48065 1.14227
1.46577 1.48333 1.14217
1.46704 1.4877 1.13971
1.46923 1.48065 1.14227
1.46805 1.47661 1.14457
1.46448 1.47889 1.1445
1.46577 1.48333 1.14217
1.46805 1.47661 1.14457
1.46689 1.47262 1.14699
1.46321 1.47452 1.14698
1.46448 1.47889 1.1445
1.46689 1.47262 1.14699
1.46577 1.46877 1.14965
1.46198 1.4703 1.14971
1.46321 1.47452 1.14698
1.46085 1.46642 1.15294
1.46178 1.46962 1.14901
1.45802 1.47123 1.14921
1.45697 1.46762 1.15317
1.46178 1.46962 1.14901
1.46287 1.47335 1.14558
1.45922 1.47537 1.14582
1.45802 1.47123 1.14921
1.46287 1.47335 1.14558
1.46402 1.47731 1.14245
1.46049 1.47973 1.14275
1.45922 1.47537 1.14582
1.46402 1.47731 1.14245
1.46524 1.48151 1.13968
1.46182 1.48432 1.14006
1.46049 1.47973 1.14275
1.46524 1.48151 1.13968
1.46657 1.48608 1.1377
1.46325 1.48925 1.13818
1.46182 1.48432 1.14006
1.46657 1.48608 1.1377
1.46704 1.4877 1.13971
1.46368 1.49072 1.14021
1.46325 1.48925 1.13818
1.46704 1.4877 1.13971
1.46577 1.48333 1.14217
1.46229 1.48596 1.14254
1.46368 1.49072 1.14021
1.46577 1.48333 1.14217
1.46448 1.47889 1.1445
1.4609 1.48116 1.14479
1.46229 1.48596 1.14254
1.46448 1.47889 1.1445
1.46321 1.47452 1.14698
1.45953 1.47643 1.14721
1.4609 1.48116 1.14479
1.46321 1.47452 1.14698
1.46198 1.4703 1.14971
1.4582 1.47185 1.14992
1.45953 1.47643 1.14721
1.45697 1.46762 1.15317
1.45802 1.47123 1.14921
1.45423 1.47277 1.14942
1.45308 1.46882 1.15335
1.45802 1.47123 1.14921
1.45922 1.47537 1.14582
1.45553 1.47724 1.14609
1.45423 1.47277 1.14942
1.45922 1.47537 1.14582
1.46049 1.47973 1.14275
1.45689 1.48193 1.1431
1.45553 1.47724 1.14609
1.46049 1.47973 1.14275
1.46182 1.48432 1.14006
1.45831 1.48683 1.14052
1.45689 1.48193 1.1431
1.46182 1.48432 1.14006
1.46325 1.48925 1.13818
1.45983 1.49204 1.13876
1.45831 1.48683 1.14052
1.46325 1.48925 1.13818
1.46368 1.49072 1.14021
1.46022 1.4934 1.14081
1.45983 1.49204 1.13876
1.46368 1.49072 1.14021
1.46229 1.48596 1.14254
1.45875 1.48833 1.14301
1.46022 1.4934 1.14081
1.46229 1.48596 1.14254
1.4609 1.48116 1.14479
1.45727 1.48323 1.14515
1.45875 1.48833 1.14301
1.4609 1.48116 1.14479
1.45953 1.47643 1.14721
1.45581 1.47822 1.14749
1.45727 1.48323 1.14515
1.45953 1.47643 1.14721
1.4582 1.47185 1.14992
1.45439 1.47334 1.15013
1.45581 1.47822 1.14749
1.45308 1.46882 1.15335
1.45423 1.47277 1.14942
1.45042 1.47423 1.14962
1.44919 1.47001 1.15351
1.45423 1.47277 1.14942
1.45553 1.47724 1.14609
1.45179 1.47896 1.14639
1.45042 1.47423 1.14962
1.45553 1.47724 1.14609
1.45689 1.48193 1.1431
1.45323 1.4839 1.1435
1.45179 1.47896 1.14639
1.45689 1.48193 1.1431
1.45831 1.48683 1.14052
1.45472 1.48904 1.14104
1.45323 1.4839 1.1435
1.45831 1.48683 1.14052
1.45983 1.49204 1.13876
1.4563 1.49447 1.13941
1.45472 1.48904 1.14104
1.45983 1.49204 1.13876
1.46022 1.4934 1.14081
1.45667 1.49574 1.14149
1.4563 1.49447 1.13941
1.46022 1.4934 1.14081
1.45875 1.48833 1.14301
1.45512 1.49043 1.14354
1.45667 1.49574 1.14149
1.45875 1.48833 1.14301
1.45727 1.48323 1.14515
1.45358 1.48512 1.14557
1.45512 1.49043 1.14354
1.45727 1.48323 1.14515
1.45581 1.47822 1.14749
1.45206 1.47988 1.1478
1.45358 1.48512 1.14557
1.45581 1.47822 1.14749
1.45439 1.47334 1.15013
1.45057 1.47477 1.15035
1.45206 1.47988 1.1478
1.44919 1.47001 1.15351
1.45042 1.47423 1.14962
1.44659 1.47563 1.14983
1.4453 1.47121 1.15364
1.45042 1.47423 1.14962
1.45179 1.47896 1.14639
1.44802 1.48055 1.1467
1.44659 1.47563 1.14983
1.45179 1.47896 1.14639
1.45323 1.4839 1.1435
1.4495 1.48566 1.14394
1.44802 1.48055 1.1467
1.45323 1.4839 1.1435
1.45472 1.48904 1.14104
1.45105 1.49097 1.14161
1.4495 1.48566 1.14394
1.45472 1.48904 1.14104
1.4563 1.49447 1.13941
1.45266 1.49654 1.14012
1.45105 1.49097 1.14161
1.4563 1.49447 1.13941
1.45667 1.49574 1.14149
1.45301 1.49774 1.14223
1.45266 1.49654 1.14012
1.45667 1.49574 1.14149
1.45512 1.49043 1.14354
1.45142 1.49228 1.14413
1.45301 1.49774 1.14223
1.45512 1.49043 1.14354
1.45358 1.48512 1.14557
1.44984 1.48681 1.14602
1.45142 1.49228 1.14413
1.45358 1.48512 1.14557
1.45206 1.47988 1.1478
1.44827 1.48141 1.14813
1.44984 1.48681 1.14602
1.45206 1.47988 1.1478
1.45057 1.47477 1.15035
1.44674 1.47614 1.15057
1.44827 1.48141 1.14813
1.4453 1.47121 1.15364
1.44659 1.47563 1.14983
1.44274 1.47697 1.15005
1.44142 1.47242 1.15374
1.44659 1.47563 1.14983
1.44802 1.48055 1.1467
1.4442 1.48201 1.14705
1.44274 1.47697 1.15005
1.44802 1.48055 1.1467
1.4495 1.48566 1.14394
1.44572 1.48723 1.14442
1.4442 1.48201 1.14705
1.4495 1.48566 1.14394
1.45105 1.49097 1.14161
1.44729 1.49263 1.14223
1.44572 1.48723 1.14442
1.45105 1.49097 1.14161
1.45266 1.49654 1.14012
1.44893 1.49827 1.14089
1.44729 1.49263 1.14223
1.45266 1.49654 1.14012
1.45301 1.49774 1.14223
1.44926 1.4994 1.143
1.44893 1.49827 1.14089
1.45301 1.49774 1.14223
1.45142 1.49228 1.14413
1.44764 1.49385 1.14475
1.44926 1.4994 1.143
1.45142 1.49228 1.14413
1.44984 1.48681 1.14602
1.44603 1.4883 1.1465
1.44764 1.49385 1.14475
1.44984 1.48681 1.14602
1.44827 1.48141 1.14813
1.44444 1.48282 1.14847
1.44603 1.4883 1.1465
1.44827 1.48141 1.14813
1.44674 1.47614 1.15057
1.44288 1.47746 1.15079
1.44444 1.48282 1.14847
1.44142 1.47242 1.15374
1.44274 1.47697 1.15005
1.43888 1.47827 1.15027
1.43754 1.47365 1.15383
1.44274 1.47697 1.15005
1.4442 1.48201 1.14705
1.44036 1.48335 1.14742
1.43888 1.47827 1.15027
1.4442 1.48201 1.14705
1.44572 1.48723 1.14442
1.44188 1.4886 1.14494
1.44036 1.48335 1.14742
1.44572 1.48723 1.14442
1.44729 1.49263 1.14223
1.44346 1.49403 1.1429
1.44188 1.4886 1.14494
1.44729 1.49263 1.14223
1.44893 1.49827 1.14089
1.4451 1.49967 1.1417
1.44346 1.49403 1.1429
1.44893 1.49827 1.14089
1.44926 1.4994 1.143
1.44541 1.50072 1.14378
1.4451 1.49967 1.1417
1.44926 1.4994 1.143
1.44764 1.49385 1.14475
1.44379 1.49516 1.14539
1.44541 1.50072 1.14378
1.44764 1.49385 1.14475
1.44603 1.4883 1.1465
1.44218 1.4896 1.147
1.44379 1.49516 1.14539
1.44603 1.4883 1.1465
1.44444 1.48282 1.14847
1.44058 1.48411 1.14883
1.44218 1.4896 1.147
1.44444 1.48282 1.14847
1.44288 1.47746 1.15079
1.43902 1.47873 1.151
1.44058 1.48411 1.14883
1.43754 1.47365 1.15383
1.43888 1.47827 1.15027
1.43501 1.4795 1.1505
1.43366 1.47485 1.15391
1.43888 1.47827 1.15027
1.44036 1.48335 1.14742
1.43648 1.48458 1.14779
1.43501 1.4795 1.1505
1.44036 1.48335 1.14742
1.44188 1.4886 1.14494
1.43801 1.48984 1.14546
1.43648 1.48458 1.14779
1.44188 1.4886 1.14494
1.44346 1.49403 1.1429
1.43958 1.49525 1.14357
1.43801 1.48984 1.14546
1.44346 1.49403 1.1429
1.4451 1.49967 1.1417
1.44121 1.50085 1.1425
1.43958 1.49525 1.14357
1.4451 1.49967 1.1417
1.44541 1.50072 1.14378
1.44149 1.50183 1.14455
1.44121 1.50085 1.1425
1.44541 1.50072 1.14378
1.44379 1.49516 1.14539
1.43989 1.4963 1.14601
1.44149 1.50183 1.14455
1.44379 1.49516 1.14539
1.44218 1.4896 1.147
1.43828 1.49076 1.14748
1.43989 1.4963 1.14601
1.44218 1.4896 1.147
1.44058 1.48411 1.14883
1.43669 1.48529 1.14918
1.43828 1.49076 1.14748
1.44058 1.48411 1.14883
1.43902 1.47873 1.151
1.43513 1.47993 1.15122
1.43669 1.48529 1.14918
1.43366 1.47485 1.15391
1.43501 1.4795 1.1505
1.43111 1.48066 1.15072
1.42976 1.47601 1.154
1.43501 1.4795 1.1505
1.43648 1.48458 1.14779
1.43258 1.48573 1.14816
1.43111 1.48066 1.15072
1.43648 1.48458 1.14779
1.43801 1.48984 1.14546
1.4341 1.49096 1.14597
1.43258 1.48573 1.14816
1.43801 1.48984 1.14546
1.43958 1.49525 1.14357
1.43566 1.49633 1.14421
1.4341 1.49096 1.14597
1.43958 1.49525 1.14357
1.44121 1.50085 1.1425
1.43727 1.50188 1.14325
1.43566 1.49633 1.14421
1.44121 1.50085 1.1425
1.44149 1.50183 1.14455
1.43754 1.50279 1.14527
1.43727 1.50188 1.14325
1.44149 1.50183 1.14455
1.43989 1.4963 1.14601
1.43594 1.49731 1.1466
1.43754 1.50279 1.14527
1.43989 1.4963 1.14601
1.43828 1.49076 1.14748
1.43435 1.49182 1.14795
1.43594 1.49731 1.1466
1.43828 1.49076 1.14748
1.43669 1.48529 1.14918
1.43277 1.4864 1.14952
1.43435 1.49182 1.14795
1.43669 1.48529 1.14918
1.43513 1.47993 1.15122
1.43122 1.48107 1.15143
1.43277 1.4864 1.14952
1.42976 1.47601 1.154
1.43111 1.48066 1.15072
1.42719 1.48177 1.15095
1.42585 1.47714 1.15408
1.43111 1.48066 1.15072
1.43258 1.48573 1.14816
1.42865 1.4868 1.14852
1.42719 1.48177 1.15095
1.43258 1.48573 1.14816
1.4341 1.49096 1.14597
1.43016 1.49198 1.14646
1.42865 1.4868 1.14852
1.4341 1.49096 1.14597
1.43566 1.49633 1.14421
1.4317 1.49729 1.14482
1.43016 1.49198 1.14646
1.43566 1.49633 1.14421
1.43727 1.50188 1.14325
1.43329 1.50277 1.14398
1.4317 1.49729 1.14482
1.43727 1.50188 1.14325
1.43754 1.50279 1.14527
1.43354 1.50362 1.14595
1.43329 1.50277 1.14398
1.43754 1.50279 1.14527
1.43594 1.49731 1.1466
1.43197 1.4982 1.14716
1.43354 1.50362 1.14595
1.43594 1.49731 1.1466
1.43435 1.49182 1.14795
1.43039 1.49279 1.14839
1.43197 1.4982 1.14716
1.43435 1.49182 1.14795
1.43277 1.4864 1.14952
1.42883 1.48742 1.14985
1.43039 1.49279 1.14839
1.43277 1.4864 1.14952
1.43122 1.48107 1.15143
1.4273 1.48215 1.15164
1.42883 1.48742 1.14985
1.42585 1.47714 1.15408
1.42719 1.48177 1.15095
1.42326 1.48282 1.15118
1.42193 1.47823 1.15418
1.42719 1.48177 1.15095
1.42865 1.4868 1.14852
1.4247 1.48779 1.14888
1.42326 1.48282 1.15118
1.42865 1.4868 1.14852
1.43016 1.49198 1.14646
1.42619 1.4929 1.14694
1.4247 1.48779 1.14888
1.43016 1.49198 1.14646
1.4317 1.49729 1.14482
1.42771 1.49814 1.14542
1.42619 1.4929 1.14694
1.4317 1.49729 1.14482
1.43329 1.50277 1.14398
1.42928 1.50352 1.14467
1.42771 1.49814 1.14542
1.43329 1.50277 1.14398
1.43354 1.50362 1.14595
1.42951 1.50433 1.14659
1.42928 1.50352 1.14467
1.43354 1.50362 1.14595
1.43197 1.4982 1.14716
1.42796 1.49899 1.14769
1.42951 1.50433 1.14659
1.43197 1.4982 1.14716
1.43039 1.49279 1.14839
1.42641 1.49366 1.14882
1.42796 1.49899 1.14769
1.43039 1.49279 1.14839
1.42883 1.48742 1.14985
1.42487 1.48837 1.15017
1.42641 1.49366 1.14882
1.42883 1.48742 1.14985
1.4273 1.48215 1.15164
1.42336 1.48318 1.15186
1.42487 1.48837 1.15017
1.42193 1.47823 1.15418
1.42326 1.48282 1.15118
1.41931 1.48381 1.1514
1.418 1.47928 1.15427
1.42326 1.48282 1.15118
1.4247 1.48779 1.14888
1.42074 1.48871 1.14922
1.41931 1.48381 1.1514
1.4247 1.48779 1.14888
1.42619 1.4929 1.14694
1.4222 1.49373 1.1474
1.42074 1.48871 1.14922
1.42619 1.4929 1.14694
1.42771 1.49814 1.14542
1.42369 1.49888 1.14599
1.4222 1.49373 1.1474
1.42771 1.49814 1.14542
1.42928 1.50352 1.14467
1.42523 1.50416 1.14533
1.42369 1.49888 1.14599
1.42928 1.50352 1.14467
1.42951 1.50433 1.14659
1.42544 1.50491 1.14721
1.42523 1.50416 1.14533
1.42951 1.50433 1.14659
1.42796 1.49899 1.14769
1.42392 1.49968 1.1482
1.42544 1.50491 1.14721
1.42796 1.49899 1.14769
1.42641 1.49366 1.14882
1.4224 1.49444 1.14924
1.42392 1.49968 1.1482
1.42641 1.49366 1.14882
1.42487 1.48837 1.15017
1.4209 1.48925 1.15049
1.4224 1.49444 1.14924
1.42487 1.48837 1.15017
1.42336 1.48318 1.15186
1.41941 1.48415 1.15206
1.4209 1.48925 1.15049
1.418 1.47928 1.15427
1.41931 1.48381 1.1514
1.41535 1.48475 1.15162
1.41406 1.48029 1.15436
1.41931 1.48381 1.1514
1.42074 1.48871 1.14922
1.41675 1.48956 1.14956
1.41535 1.48475 1.15162
1.42074 1.48871 1.14922
1.4222 1.49373 1.1474
1.41818 1.49449 1.14785
1.41675 1.48956 1.14956
1.4222 1.49373 1.1474
1.42369 1.49888 1.14599
1.41964 1.49953 1.14654
1.41818 1.49449 1.14785
1.42369 1.49888 1.14599
1.42523 1.50416 1.14533
1.42114 1.50468 1.14597
1.41964 1.49953 1.14654
1.42523 1.50416 1.14533
1.42544 1.50491 1.14721
1.42135 1.50539 1.14779
1.42114 1.50468 1.14597
1.42544 1.50491 1.14721
1.42392 1.49968 1.1482
1.41986 1.50026 1.14869
1.42135 1.50539 1.14779
1.42392 1.49968 1.1482
1.4224 1.49444 1.14924
1.41837 1.49515 1.14964
1.41986 1.50026 1.14869
1.4224 1.49444 1.14924
1.4209 1.48925 1.15049
1.4169 1.49007 1.15079
1.41837 1.49515 1.14964
1.4209 1.48925 1.15049
1.41941 1.48415 1.15206
1.41545 1.48507 1.15227
1.4169 1.49007 1.15079
1.41406 1.48029 1.15436
1.41535 1.48475 1.15162
1.41137 1.48564 1.15185
1.4101 1.48127 1.15445
1.41535 1.48475 1.15162
1.41675 1.48956 1.14956
1.41274 1.49034 1.1499
1.41137 1.48564 1.15185
1.41675 1.48956 1.14956
1.41818 1.49449 1.14785
1.41414 1.49515 1.1483
1.41274 1.49034 1.1499
1.41818 1.49449 1.14785
1.41964 1.49953 1.14654
1.41557 1.50007 1.14708
1.41414 1.49515 1.1483
1.41964 1.49953 1.14654
1.42114 1.50468 1.14597
1.41703 1.50509 1.14659
1.41557 1.50007 1.14708
1.42114 1.50468 1.14597
1.42135 1.50539 1.14779
1.41722 1.50576 1.14834
1.41703 1.50509 1.14659
1.42135 1.50539 1.14779
1.41986 1.50026 1.14869
1.41577 1.50076 1.14917
1.41722 1.50576 1.14834
1.41986 1.50026 1.14869
1.41837 1.49515 1.14964
1.41432 1.49578 1.15004
1.41577 1.50076 1.14917
1.41837 1.49515 1.14964
1.4169 1.49007 1.15079
1.41288 1.49083 1.15111
1.41432 1.49578 1.15004
1.4169 1.49007 1.15079
1.41545 1.48507 1.15227
1.41146 1.48595 1.15248
1.41288 1.49083 1.15111
1.4101 1.48127 1.15445
1.41137 1.48564 1.15185
1.40739 1.4865 1.15209
1.40615 1.48222 1.15454
1.41137 1.48564 1.15185
1.41274 1.49034 1.1499
1.40871 1.49106 1.15024
1.40739 1.4865 1.15209
1.41274 1.49034 1.1499
1.41414 1.49515 1.1483
1.41007 1.49574 1.14874
1.40871 1.49106 1.15024
1.41414 1.49515 1.1483
1.41557 1.50007 1.14708
1.41146 1.50052 1.14762
1.41007 1.49574 1.14874
1.41557 1.50007 1.14708
1.41703 1.50509 1.14659
1.41288 1.5054 1.1472
1.41146 1.50052 1.14762
1.41703 1.50509 1.14659
1.41722 1.50576 1.14834
1.41306 1.50602 1.14887
1.41288 1.5054 1.1472
1.41722 1.50576 1.14834
1.41577 1.50076 1.14917
1.41165 1.50117 1.14964
1.41306 1.50602 1.14887
1.41577 1.50076 1.14917
1.41432 1.49578 1.15004
1.41025 1.49634 1.15046
1.41165 1.50117 1.14964
1.41432 1.49578 1.15004
1.41288 1.49083 1.15111
1.40885 1.49153 1.15146
1.41025 1.49634 1.15046
1.41288 1.49083 1.15111
1.41146 1.48595 1.15248
1.40747 1.48679 1.15273
1.40885 1.49153 1.15146
1.40615 1.48222 1.15454
1.40739 1.4865 1.15209
1.40339 1.48731 1.15232
1.40218 1.48314 1.15463
1.40739 1.4865 1.15209
1.40871 1.49106 1.15024
1.40468 1.49174 1.15058
1.40339 1.48731 1.15232
1.40871 1.49106 1.15024
1.41007 1.49574 1.14874
1.40599 1.49627 1.14917
1.40468 1.49174 1.15058
1.41007 1.49574 1.14874
1.41146 1.50052 1.14762
1.40734 1.5009 1.14814
1.40599 1.49627 1.14917
1.41146 1.50052 1.14762
1.41288 1.5054 1.1472
1.40871 1.50561 1.14779
1.40734 1.5009 1.14814
1.41288 1.5054 1.1472
1.41306 1.50602 1.14887
1.40887 1.50619 1.14938
1.40871 1.50561 1.14779
1.41306 1.50602 1.14887
1.41165 1.50117 1.14964
1.40751 1.50151 1.1501
1.40887 1.50619 1.14938
1.41165 1.50117 1.14964
1.41025 1.49634 1.15046
1.40616 1.49683 1.15086
1.40751 1.50151 1.1501
1.41025 1.49634 1.15046
1.40885 1.49153 1.15146
1.40481 1.49219 1.15179
1.40616 1.49683 1.15086
1.40885 1.49153 1.15146
1.40747 1.48679 1.15273
1.40347 1.48759 1.15297
1.40481 1.49219 1.15179
1.40218 1.48314 1.15463
1.40339 1.48731 1.15232
1.39937 1.48808 1.15256
1.3982 1.48404 1.15472
1.40339 1.48731 1.15232
1.40468 1.49174 1.15058
1.40062 1.49235 1.15092
1.39937 1.48808 1.15256
1.40468 1.49174 1.15058
1.40599 1.49627 1.14917
1.40189 1.49673 1.1496
1.40062 1.49235 1.15092
1.40599 1.49627 1.14917
1.40734 1.5009 1.14814
1.40318 1.50119 1.14865
1.40189 1.49673 1.1496
1.40734 1.5009 1.14814
1.40871 1.50561 1.14779
1.4045 1.50573 1.14835
1.40318 1.50119 1.14865
1.40871 1.50561 1.14779
1.40887 1.50619 1.14938
1.40466 1.50627 1.14986
1.4045 1.50573 1.14835
1.40887 1.50619 1.14938
1.40751 1.50151 1.1501
1.40335 1.50176 1.15054
1.40466 1.50627 1.14986
1.40751 1.50151 1.1501
1.40616 1.49683 1.15086
1.40204 1.49726 1.15125
1.40335 1.50176 1.15054
1.40616 1.49683 1.15086
1.40481 1.49219 1.15179
1.40074 1.49278 1.15212
1.40204 1.49726 1.15125
1.40481 1.49219 1.15179
1.40347 1.48759 1.15297
1.39945 1.48834 1.15321
1.40074 1.49278 1.15212
1.3982 1.48404 1.15472
1.39937 1.48808 1.15256
1.39535 1.48881 1.15279
1.39422 1.4849 1.15481
1.39937 1.48808 1.15256
1.40062 1.49235 1.15092
1.39655 1.49292 1.15126
1.39535 1.48881 1.15279
1.40062 1.49235 1.15092
1.40189 1.49673 1.1496
1.39777 1.49713 1.15002
1.39655 1.49292 1.15126
1.40189 1.49673 1.1496
1.40318 1.50119 1.14865
1.39901 1.50141 1.14914
1.39777 1.49713 1.15002
1.40318 1.50119 1.14865
1.4045 1.50573 1.14835
1.40028 1.50577 1.1489
1.39901 1.50141 1.14914
1.4045 1.50573 1.14835
1.40466 1.50627 1.14986
1.40043 1.50627 1.15033
1.40028 1.50577 1.1489
1.40466 1.50627 1.14986
1.40335 1.50176 1.15054
1.39917 1.50194 1.15095
1.40043 1.50627 1.15033
1.40335 1.50176 1.15054
1.40204 1.49726 1.15125
1.39791 1.49762 1.15162
1.39917 1.50194 1.15095
1.40204 1.49726 1.15125
1.40074 1.49278 1.15212
1.39666 1.49332 1.15242
1.39791 1.49762 1.15162
1.40074 1.49278 1.15212
1.39945 1.48834 1.15321
1.39542 1.48906 1.15343
1.39666 1.49332 1.15242
1.39422 1.4849 1.15481
1.39535 1.48881 1.15279
1.39132 1.4895 1.15302
1.39022 1.48574 1.1549
1.39535 1.48881 1.15279
1.39655 1.49292 1.15126
1.39246 1.49344 1.15158
1.39132 1.4895 1.15302
1.39655 1.49292 1.15126
1.39777 1.49713 1.15002
1.39363 1.49747 1.15043
1.39246 1.49344 1.15158
1.39777 1.49713 1.15002
1.39901 1.50141 1.14914
1.39482 1.50157 1.14962
1.39363 1.49747 1.15043
1.39901 1.50141 1.14914
1.40028 1.50577 1.1489
1.39603 1.50573 1.14943
1.39482 1.50157 1.14962
1.40028 1.50577 1.1489
1.40043 1.50627 1.15033
1.39617 1.5062 1.15078
1.39603 1.50573 1.14943
1.40043 1.50627 1.15033
1.39917 1.50194 1.15095
1.39496 1.50206 1.15136
1.39617 1.5062 1.15078
1.39917 1.50194 1.15095
1.39791 1.49762 1.15162
1.39376 1.49793 1.15197
1.39496 1.50206 1.15136
1.39791 1.49762 1.15162
1.39666 1.49332 1.15242
1.39257 1.49381 1.15272
1.39376 1.49793 1.15197
1.39666 1.49332 1.15242
1.39542 1.48906 1.15343
1.39138 1.48973 1.15365
1.39257 1.49381 1.15272
1.39022 1.48574 1.1549
1.39132 1.4895 1.15302
1.38727 1.49016 1.15325
1.38623 1.48656 1.15498
1.39132 1.4895 1.15302
1.39246 1.49344 1.15158
1.38836 1.49391 1.15191
1.38727 1.49016 1.15325
1.39246 1.49344 1.15158
1.39363 1.49747 1.15043
1.38948 1.49775 1.15084
1.38836 1.49391 1.15191
1.39363 1.49747 1.15043
1.39482 1.50157 1.14962
1.39061 1.50165 1.15009
1.38948 1.49775 1.15084
1.39482 1.50157 1.14962
1.39603 1.50573 1.14943
1.39176 1.50561 1.14994
1.39061 1.50165 1.15009
1.39603 1.50573 1.14943
1.39617 1.5062 1.15078
1.39189 1.50605 1.15122
1.39176 1.50561 1.14994
1.39617 1.5062 1.15078
1.39496 1.50206 1.15136
1.39074 1.50211 1.15175
1.39189 1.50605 1.15122
1.39496 1.50206 1.15136
1.39376 1.49793 1.15197
1.3896 1.49817 1.15232
1.39074 1.50211 1.15175
1.39376 1.49793 1.15197
1.39257 1.49381 1.15272
1.38846 1.49426 1.15301
1.3896 1.49817 1.15232
1.39257 1.49381 1.15272
1.39138 1.48973 1.15365
1.38733 1.49037 1.15385
1.38846 1.49426 1.15301
1.38623 1.48656 1.15498
1.38727 1.49016 1.15325
1.38322 1.49078 1.15347
1.38222 1.48735 1.15507
1.38727 1.49016 1.15325
1.38836 1.49391 1.15191
1.38425 1.49434 1.15223
1.38322 1.49078 1.15347
1.38836 1.49391 1.15191
1.38948 1.49775 1.15084
1.38531 1.49798 1.15123
1.38425 1.49434 1.15223
1.38948 1.49775 1.15084
1.39061 1.50165 1.15009
1.38638 1.50168 1.15055
1.38531 1.49798 1.15123
1.39061 1.50165 1.15009
1.39176 1.50561 1.14994
1.38747 1.50543 1.15043
1.38638 1.50168 1.15055
1.39176 1.50561 1.14994
1.39189 1.50605 1.15122
1.38759 1.50583 1.15163
1.38747 1.50543 1.15043
1.39189 1.50605 1.15122
1.39074 1.50211 1.15175
1.38651 1.5021 1.15212
1.38759 1.50583 1.15163
1.39074 1.50211 1.15175
1.3896 1.49817 1.15232
1.38542 1.49837 1.15265
1.38651 1.5021 1.15212
1.3896 1.49817 1.15232
1.38846 1.49426 1.15301
1.38435 1.49466 1.15328
1.38542 1.49837 1.15265
1.38846 1.49426 1.15301
1.38733 1.49037 1.15385
1.38328 1.49098 1.15406
1.38435 1.49466 1.15328
1.38222 1.48735 1.15507
1.38322 1.49078 1.15347
1.37915 1.49137 1.15369
1.37821 1.48813 1.15515
1.38322 1.49078 1.15347
1.38425 1.49434 1.15223
1.38013 1.49473 1.15254
1.37915 1.49137 1.15369
1.38425 1.49434 1.15223
1.38531 1.49798 1.15123
1.38113 1.49816 1.15162
1.38013 1.49473 1.15254
1.38531 1.49798 1.15123
1.38638 1.50168 1.15055
1.38214 1.50165 1.151
1.38113 1.49816 1.15162
1.38638 1.50168 1.15055
1.38747 1.50543 1.15043
1.38316 1.50518 1.1509
1.38214 1.50165 1.151
1.38747 1.50543 1.15043
1.38759 1.50583 1.15163
1.38327 1.50555 1.15203
1.38316 1.50518 1.1509
1.38759 1.50583 1.15163
1.38651 1.5021 1.15212
1.38225 1.50203 1.15248
1.38327 1.50555 1.15203
1.38651 1.5021 1.15212
1.38542 1.49837 1.15265
1.38123 1.49852 1.15296
1.38225 1.50203 1.15248
1.38542 1.49837 1.15265
1.38435 1.49466 1.15328
1.38022 1.49503 1.15354
1.38123 1.49852 1.15296
1.38435 1.49466 1.15328
1.38328 1.49098 1.15406
1.37921 1.49156 1.15425
1.38022 1.49503 1.15354
1.37821 1.48813 1.15515
1.37915 1.49137 1.15369
1.37508 1.49194 1.1539
1.3742 1.48888 1.15523
1.37915 1.49137 1.15369
1.38013 1.49473 1.15254
1.376 1.49509 1.15285
1.37508 1.49194 1.1539
1.38013 1.49473 1.15254
1.38113 1.49816 1.15162
1.37693 1.4983 1.152
1.376 1.49509 1.15285
1.38113 1.49816 1.15162
1.38214 1.50165 1.151
1.37788 1.50156 1.15143
1.37693 1.4983 1.152
1.38214 1.50165 1.151
1.38316 1.50518 1.1509
1.37884 1.50487 1.15136
1.37788 1.50156 1.15143
1.38316 1.50518 1.1509
1.38327 1.50555 1.15203
1.37894 1.5052 1.15242
1.37884 1.50487 1.15136
1.38327 1.50555 1.15203
1.38225 1.50203 1.15248
1.37798 1.50191 1.15282
1.37894 1.5052 1.15242
1.38225 1.50203 1.15248
1.38123 1.49852 1.15296
1.37703 1.49863 1.15327
1.37798 1.50191 1.15282
1.38123 1.49852 1.15296
1.38022 1.49503 1.15354
1.37608 1.49536 1.1538
1.37703 1.49863 1.15327
1.38022 1.49503 1.15354
1.37921 1.49156 1.15425
1.37513 1.4921 1.15444
1.37608 1.49536 1.1538
1.3742 1.48888 1.15523
1.37508 1.49194 1.1539
1.371 1.49247 1.15411
1.37018 1.48962 1.15531
1.37508 1.49194 1.1539
1.376 1.49509 1.15285
1.37186 1.49541 1.15314
1.371 1.49247 1.15411
1.376 1.49509 1.15285
1.37693 1.4983 1.152
1.37272 1.49839 1.15237
1.37186 1.49541 1.15314
1.37693 1.4983 1.152
1.37788 1.50156 1.15143
1.37361 1.50143 1.15186
1.37272 1.49839 1.15237
1.37788 1.50156 1.15143
1.37884 1.50487 1.15136
1.3745 1.5045 1.15181
1.37361 1.50143 1.15186
1.37884 1.50487 1.15136
1.37894 1.5052 1.15242
1.37459 1.5048 1.15279
1.3745 1.5045 1.15181
1.37894 1.5052 1.15242
1.37798 1.50191 1.15282
1.3737 1.50175 1.15315
1.37459 1.5048 1.15279
1.37798 1.50191 1.15282
1.37703 1.49863 1.15327
1.37281 1.49869 1.15356
1.3737 1.50175 1.15315
1.37703 1.49863 1.15327
1.37608 1.49536 1.1538
1.37193 1.49565 1.15404
1.37281 1.49869 1.15356
1.37608 1.49536 1.1538
1.37513 1.4921 1.15444
1.37105 1.49262 1.15461
1.37193 1.49565 1.15404
1.37018 1.48962 1.15531
1.371 1.49247 1.15411
1.36692 1.49299 1.15431
1.36615 1.49035 1.15539
1.371 1.49247 1.15411
1.37186 1.49541 1.15314
1.3677 1.49569 1.15344
1.36692 1.49299 1.15431
1.37186 1.49541 1.15314
1.37272 1.49839 1.15237
1.3685 1.49845 1.15274
1.3677 1.49569 1.15344
1.37272 1.49839 1.15237
1.37361 1.50143 1.15186
1.36932 1.50125 1.15227
1.3685 1.49845 1.15274
1.37361 1.50143 1.15186
1.3745 1.5045 1.15181
1.37014 1.50408 1.15224
1.36932 1.50125 1.15227
1.3745 1.5045 1.15181
1.37459 1.5048 1.15279
1.37022 1.50435 1.15314
1.37014 1.50408 1.15224
1.37459 1.5048 1.15279
1.3737 1.50175 1.15315
1.3694 1.50153 1.15347
1.37022 1.50435 1.15314
1.3737 1.50175 1.15315
1.37281 1.49869 1.15356
1.36858 1.49872 1.15384
1.3694 1.50153 1.15347
1.37281 1.49869 1.15356
1.37193 1.49565 1.15404
1.36777 1.49591 1.15427
1.36858 1.49872 1.15384
1.37193 1.49565 1.15404
1.37105 1.49262 1.15461
1.36695 1.49312 1.15478
1.36777 1.49591 1.15427
1.36615 1.49035 1.15539
1.36692 1.49299 1.15431
1.36282 1.49348 1.15451
1.36212 1.49105 1.15547
1.36692 1.49299 1.15431
1.3677 1.49569 1.15344
1.36354 1.49595 1.15372
1.36282 1.49348 1.15451
1.3677 1.49569 1.15344
1.3685 1.49845 1.15274
1.36427 1.49847 1.15309
1.36354 1.49595 1.15372
1.3685 1.49845 1.15274
1.36932 1.50125 1.15227
1.36502 1.50103 1.15268
1.36427 1.49847 1.15309
1.36932 1.50125 1.15227
1.37014 1.50408 1.15224
1.36577 1.50361 1.15266
1.36502 1.50103 1.15268
1.37014 1.50408 1.15224
1.37022 1.50435 1.15314
1.36584 1.50386 1.15348
1.36577 1.50361 1.15266
1.37022 1.50435 1.15314
1.3694 1.50153 1.15347
1.36509 1.50128 1.15378
1.36584 1.50386 1.15348
1.3694 1.50153 1.15347
1.36858 1.49872 1.15384
1.36434 1.49871 1.1541
1.36509 1.50128 1.15378
1.36858 1.49872 1.15384
1.36777 1.49591 1.15427
1.3636 1.49615 1.15449
1.36434 1.49871 1.1541
1.36777 1.49591 1.15427
1.36695 1.49312 1.15478
1.36286 1.49359 1.15495
1.3636 1.49615 1.15449
1.36212 1.49105 1.15547
1.36282 1.49348 1.15451
1.35872 1.49395 1.1547
1.35808 1.49175 1.15554
1.36282 1.49348 1.15451
1.36354 1.49595 1.15372
1.35937 1.49618 1.154
1.35872 1.49395 1.1547
1.36354 1.49595 1.15372
1.36427 1.49847 1.15309
1.36003 1.49846 1.15344
1.35937 1.49618 1.154
1.36427 1.49847 1.15309
1.36502 1.50103 1.15268
1.3607 1.50077 1.15307
1.36003 1.49846 1.15344
1.36502 1.50103 1.15268
1.36577 1.50361 1.15266
1.36138 1.5031 1.15307
1.3607 1.50077 1.15307
1.36577 1.50361 1.15266
1.36584 1.50386 1.15348
1.36144 1.50332 1.15381
1.36138 1.5031 1.15307
1.36584 1.50386 1.15348
1.36509 1.50128 1.15378
1.36077 1.50099 1.15407
1.36144 1.50332 1.15381
1.36509 1.50128 1.15378
1.36434 1.49871 1.1541
1.3601 1.49867 1.15436
1.36077 1.50099 1.15407
1.36434 1.49871 1.1541
1.3636 1.49615 1.15449
1.35942 1.49636 1.1547
1.3601 1.49867 1.15436
1.3636 1.49615 1.15449
1.36286 1.49359 1.15495
1.35875 1.49405 1.1551
1.35942 1.49636 1.1547
1.35808 1.49175 1.15554
1.35872 1.49395 1.1547
1.35479 1.49437 1.15487
1.35422 1.4924 1.15561
1.35872 1.49395 1.1547
1.35937 1.49618 1.154
1.35537 1.49638 1.15425
1.35479 1.49437 1.15487
1.35937 1.49618 1.154
1.36003 1.49846 1.15344
1.35597 1.49841 1.15376
1.35537 1.49638 1.15425
1.36003 1.49846 1.15344
1.3607 1.50077 1.15307
1.35657 1.50048 1.15344
1.35597 1.49841 1.15376
1.3607 1.50077 1.15307
1.36138 1.5031 1.15307
1.35717 1.50257 1.15344
1.35657 1.50048 1.15344
1.36138 1.5031 1.15307
1.36144 1.50332 1.15381
1.35723 1.50276 1.15411
1.35717 1.50257 1.15344
1.36144 1.50332 1.15381
1.36077 1.50099 1.15407
1.35662 1.50068 1.15433
1.35723 1.50276 1.15411
1.36077 1.50099 1.15407
1.3601 1.49867 1.15436
1.35602 1.4986 1.15458
1.35662 1.50068 1.15433
1.3601 1.49867 1.15436
1.35942 1.49636 1.1547
1.35542 1.49653 1.15488
1.35602 1.4986 1.15458
1.35942 1.49636 1.1547
1.35875 1.49405 1.1551
1.35482 1.49446 1.15523
1.35542 1.49653 1.15488
1.35422 1.4924 1.15561
1.35479 1.49437 1.15487
1.35382 1.49441 1.15492
1.35327 1.49251 1.15563
1.35479 1.49437 1.15487
1.35537 1.49638 1.15425
1.35438 1.49634 1.15433
1.35382 1.49441 1.15492
1.35537 1.49638 1.15425
1.35597 1.49841 1.15376
1.35495 1.49831 1.15385
1.35438 1.49634 1.15433
1.35597 1.49841 1.15376
1.35657 1.50048 1.15344
1.35553 1.5003 1.15354
1.35495 1.49831 1.15385
1.35657 1.50048 1.15344
1.35717 1.50257 1.15344
1.35612 1.50232 1.15355
1.35553 1.5003 1.15354
1.35717 1.50257 1.15344
1.35723 1.50276 1.15411
1.35617 1.5025 1.1542
1.35612 1.50232 1.15355
1.35723 1.50276 1.15411
1.35662 1.50068 1.15433
1.35559 1.50049 1.15441
1.35617 1.5025 1.1542
1.35662 1.50068 1.15433
1.35602 1.4986 1.15458
1.35501 1.49849 1.15465
1.35559 1.50049 1.15441
1.35602 1.4986 1.15458
1.35542 1.49653 1.15488
1.35442 1.49649 1.15494
1.35501 1.49849 1.15465
1.35542 1.49653 1.15488
1.35482 1.49446 1.15523
1.35385 1.49449 1.15527
1.35442 1.49649 1.15494
1.35327 1.49251 1.15563
1.35382 1.49441 1.15492
1.35301 1.49436 1.15498
1.35247 1.49253 1.15566
1.35382 1.49441 1.15492
1.35438 1.49634 1.15433
1.35355 1.49623 1.15441
1.35301 1.49436 1.15498
1.35438 1.49634 1.15433
1.35495 1.49831 1.15385
1.3541 1.49812 1.15395
1.35355 1.49623 1.15441
1.35495 1.49831 1.15385
1.35553 1.5003 1.15354
1.35466 1.50004 1.15366
1.3541 1.49812 1.15395
1.35553 1.5003 1.15354
1.35612 1.50232 1.15355
1.35522 1.50198 1.15367
1.35466 1.50004 1.15366
1.35612 1.50232 1.15355
1.35617 1.5025 1.1542
1.35527 1.50216 1.15429
1.35522 1.50198 1.15367
1.35617 1.5025 1.1542
1.35559 1.50049 1.15441
1.35471 1.50022 1.15449
1.35527 1.50216 1.15429
1.35559 1.50049 1.15441
1.35501 1.49849 1.15465
1.35415 1.49829 1.15472
1.35471 1.50022 1.15449
1.35501 1.49849 1.15465
1.35442 1.49649 1.15494
1.35359 1.49637 1.155
1.35415 1.49829 1.15472
1.35442 1.49649 1.15494
1.35385 1.49449 1.15527
1.35303 1.49445 1.15531
1.35359 1.49637 1.155
1.35247 1.49253 1.15566
1.35301 1.49436 1.15498
1.35217 1.49424 1.15505
1.35166 1.4925 1.1557
1.35301 1.49436 1.15498
1.35355 1.49623 1.15441
1.35269 1.49602 1.15451
1.35217 1.49424 1.15505
1.35355 1.49623 1.15441
1.3541 1.49812 1.15395
1.35321 1.49783 1.15407
1.35269 1.49602 1.15451
1.3541 1.49812 1.15395
1.35466 1.50004 1.15366
1.35374 1.49966 1.15379
1.35321 1.49783 1.15407
1.35466 1.50004 1.15366
1.35522 1.50198 1.15367
1.35428 1.50151 1.1538
1.35374 1.49966 1.15379
1.35522 1.50198 1.15367
1.35527 1.50216 1.15429
1.35433 1.50167 1.1544
1.35428 1.50151 1.1538
1.35527 1.50216 1.15429
1.35471 1.50022 1.15449
1.35379 1.49983 1.15459
1.35433 1.50167 1.1544
1.35471 1.50022 1.15449
1.35415 1.49829 1.15472
1.35326 1.49799 1.15481
1.35379 1.49983 1.15459
1.35415 1.49829 1.15472
1.35359 1.49637 1.155
1.35272 1.49615 1.15507
1.35326 1.49799 1.15481
1.35359 1.49637 1.155
1.35303 1.49445 1.15531
1.35219 1.49432 1.15537
1.35272 1.49615 1.15507
1.35166 1.4925 1.1557
1.35217 1.49424 1.15505
1.35131 1.49404 1.15514
1.35083 1.49239 1.15575
1.35217 1.49424 1.15505
1.35269 1.49602 1.15451
1.3518 1.49571 1.15463
1.35131 1.49404 1.15514
1.35269 1.49602 1.15451
1.35321 1.49783 1.15407
1.35229 1.49741 1.15422
1.3518 1.49571 1.15463
1.35321 1.49783 1.15407
1.35374 1.49966 1.15379
1.35279 1.49914 1.15396
1.35229 1.49741 1.15422
1.35374 1.49966 1.15379
1.35428 1.50151 1.1538
1.3533 1.50088 1.15397
1.35279 1.49914 1.15396
1.35428 1.50151 1.1538
1.35433 1.50167 1.1544
1.35334 1.50104 1.15453
1.3533 1.50088 1.15397
1.35433 1.50167 1.1544
1.35379 1.49983 1.15459
1.35284 1.4993 1.15471
1.35334 1.50104 1.15453
1.35379 1.49983 1.15459
1.35326 1.49799 1.15481
1.35233 1.49757 1.15492
1.35284 1.4993 1.15471
1.35326 1.49799 1.15481
1.35272 1.49615 1.15507
1.35183 1.49584 1.15516
1.35233 1.49757 1.15492
1.35272 1.49615 1.15507
1.35219 1.49432 1.15537
1.35133 1.49411 1.15544
1.35183 1.49584 1.15516
1.35083 1.49239 1.15575
1.35131 1.49404 1.15514
1.35042 1.49373 1.15525
1.34998 1.49221 1.15581
1.35131 1.49404 1.15514
1.3518 1.49571 1.15463
1.35087 1.49528 1.15478
1.35042 1.49373 1.15525
1.3518 1.49571 1.15463
1.35229 1.49741 1.15422
1.35133 1.49686 1.1544
1.35087 1.49528 1.15478
1.35229 1.49741 1.15422
1.35279 1.49914 1.15396
1.35179 1.49846 1.15416
1.35133 1.49686 1.1544
1.35279 1.49914 1.15396
1.3533 1.50088 1.15397
1.35226 1.50007 1.15417
1.35179 1.49846 1.15416
1.3533 1.50088 1.15397
1.35334 1.50104 1.15453
1.3523 1.50021 1.15469
1.35226 1.50007 1.15417
1.35334 1.50104 1.15453
1.35284 1.4993 1.15471
1.35183 1.49861 1.15486
1.3523 1.50021 1.15469
1.35284 1.4993 1.15471
1.35233 1.49757 1.15492
1.35137 1.497 1.15504
1.35183 1.49861 1.15486
1.35233 1.49757 1.15492
1.35183 1.49584 1.15516
1.3509 1.4954 1.15527
1.35137 1.497 1.15504
1.35183 1.49584 1.15516
1.35133 1.49411 1.15544
1.35044 1.4938 1.15553
1.3509 1.4954 1.15527
1.34998 1.49221 1.15581
1.35042 1.49373 1.15525
1.34949 1.49329 1.15538
1.34909 1.49191 1.15589
1.35042 1.49373 1.15525
1.35087 1.49528 1.15478
1.34989 1.49469 1.15496
1.34949 1.49329 1.15538
1.35087 1.49528 1.15478
1.35133 1.49686 1.1544
1.35031 1.49611 1.15462
1.34989 1.49469 1.15496
1.35133 1.49686 1.1544
1.35179 1.49846 1.15416
1.35073 1.49756 1.1544
1.35031 1.49611 1.15462
1.35179 1.49846 1.15416
1.35226 1.50007 1.15417
1.35115 1.49901 1.15441
1.35073 1.49756 1.1544
1.35226 1.50007 1.15417
1.3523 1.50021 1.15469
1.35119 1.49914 1.15488
1.35115 1.49901 1.15441
1.3523 1.50021 1.15469
1.35183 1.49861 1.15486
1.35077 1.49769 1.15503
1.35119 1.49914 1.15488
1.35183 1.49861 1.15486
1.35137 1.497 1.15504
1.35035 1.49624 1.1552
1.35077 1.49769 1.15503
1.35137 1.497 1.15504
1.3509 1.4954 1.15527
1.34992 1.49479 1.1554
1.35035 1.49624 1.1552
1.3509 1.4954 1.15527
1.35044 1.4938 1.15553
1.34951 1.49335 1.15563
1.34992 1.49479 1.1554
1.34909 1.49191 1.15589
1.34949 1.49329 1.15538
1.3485 1.49265 1.15555
1.34816 1.49146 1.15599
1.34949 1.49329 1.15538
1.34989 1.49469 1.15496
1.34885 1.49387 1.15518
1.3485 1.49265 1.15555
1.34989 1.49469 1.15496
1.35031 1.49611 1.15462
1.34921 1.4951 1.15489
1.34885 1.49387 1.15518
1.35031 1.49611 1.15462
1.35073 1.49756 1.1544
1.34958 1.49635 1.15471
1.34921 1.4951 1.15489
1.35073 1.49756 1.1544
1.35115 1.49901 1.15441
1.34994 1.49761 1.15472
1.34958 1.49635 1.15471
1.35115 1.49901 1.15441
1.35119 1.49914 1.15488
1.34998 1.49773 1.15512
1.34994 1.49761 1.15472
1.35119 1.49914 1.15488
1.35077 1.49769 1.15503
1.34961 1.49647 1.15525
1.34998 1.49773 1.15512
1.35077 1.49769 1.15503
1.35035 1.49624 1.1552
1.34925 1.49521 1.1554
1.34961 1.49647 1.15525
1.35035 1.49624 1.1552
1.34992 1.49479 1.1554
1.34888 1.49396 1.15557
1.34925 1.49521 1.1554
1.34992 1.49479 1.1554
1.34951 1.49335 1.15563
1.34852 1.49271 1.15577
1.34888 1.49396 1.15557
1.34816 1.49146 1.15599
1.3485 1.49265 1.15555
1.34742 1.49168 1.15579
1.34714 1.49074 1.15613
1.3485 1.49265 1.15555
1.34885 1.49387 1.15518
1.3477 1.49265 1.1555
1.34742 1.49168 1.15579
1.34885 1.49387 1.15518
1.34921 1.4951 1.15489
1.34798 1.49362 1.15527
1.3477 1.49265 1.1555
1.34921 1.4951 1.15489
1.34958 1.49635 1.15471
1.34827 1.49461 1.15512
1.34798 1.49362 1.15527
1.34958 1.49635 1.15471
1.34994 1.49761 1.15472
1.34856 1.49561 1.15513
1.34827 1.49461 1.15512
1.34994 1.49761 1.15472
1.34998 1.49773 1.15512
1.34859 1.4957 1.15545
1.34856 1.49561 1.15513
1.34998 1.49773 1.15512
1.34961 1.49647 1.15525
1.3483 1.49471 1.15555
1.34859 1.4957 1.15545
1.34961 1.49647 1.15525
1.34925 1.49521 1.1554
1.34801 1.49371 1.15566
1.3483 1.49471 1.15555
1.34925 1.49521 1.1554
1.34888 1.49396 1.15557
1.34772 1.49272 1.1558
1.34801 1.49371 1.15566
1.34888 1.49396 1.15557
1.34852 1.49271 1.15577
1.34743 1.49173 1.15596
1.34772 1.49272 1.1558
1.34714 1.49074 1.15613
1.34742 1.49168 1.15579
1.34608 1.48984 1.15619
1.34593 1.48931 1.15638
1.34742 1.49168 1.15579
1.3477 1.49265 1.1555
1.34624 1.49038 1.15603
1.34608 1.48984 1.15619
1.3477 1.49265 1.1555
1.34798 1.49362 1.15527
1.3464 1.49093 1.1559
1.34624 1.49038 1.15603
1.34798 1.49362 1.15527
1.34827 1.49461 1.15512
1.34656 1.49148 1.15582
1.3464 1.49093 1.1559
1.34827 1.49461 1.15512
1.34856 1.49561 1.15513
1.34672 1.49204 1.15582
1.34656 1.49148 1.15582
1.34856 1.49561 1.15513
1.34859 1.4957 1.15545
1.34674 1.49209 1.156
1.34672 1.49204 1.15582
1.34859 1.4957 1.15545
1.3483 1.49471 1.15555
1.34657 1.49153 1.15606
1.34674 1.49209 1.156
1.3483 1.49471 1.15555
1.34801 1.49371 1.15566
1.34641 1.49097 1.15612
1.34657 1.49153 1.15606
1.34801 1.49371 1.15566
1.34772 1.49272 1.1558
1.34625 1.49042 1.1562
1.34641 1.49097 1.15612
1.34772 1.49272 1.1558
1.34743 1.49173 1.15596
1.34609 1.48987 1.15629
1.34625 1.49042 1.1562
1.34593 1.48931 1.15638
1.34608 1.48984 1.15619
1.34476 1.48777 1.15663
1.34474 1.4877 1.15666
1.34608 1.48984 1.15619
1.34624 1.49038 1.15603
1.34478 1.48785 1.15661
1.34476 1.48777 1.15663
1.34624 1.49038 1.15603
1.3464 1.49093 1.1559
1.3448 1.48792 1.15659
1.34478 1.48785 1.15661
1.3464 1.49093 1.1559
1.34656 1.49148 1.15582
1.34483 1.488 1.15658
1.3448 1.48792 1.15659
1.34656 1.49148 1.15582
1.34672 1.49204 1.15582
1.34485 1.48808 1.15658
1.34483 1.488 1.15658
1.34672 1.49204 1.15582
1.34674 1.49209 1.156
1.34485 1.48809 1.1566
1.34485 1.48808 1.15658
1.34674 1.49209 1.156
1.34657 1.49153 1.15606
1.34483 1.48801 1.15661
1.34485 1.48809 1.1566
1.34657 1.49153 1.15606
1.34641 1.49097 1.15612
1.34481 1.48793 1.15662
1.34483 1.48801 1.15661
1.34641 1.49097 1.15612
1.34625 1.49042 1.1562
1.34478 1.48785 1.15663
1.34481 1.48793 1.15662
1.34625 1.49042 1.1562
1.34609 1.48987 1.15629
1.34476 1.48777 1.15664
1.34478 1.48785 1.15663
1.47194 1.46669 1.15023
1.47104 1.46359 1.1527
1.46859 1.46419 1.15266
1.46953 1.46743 1.14989
1.46953 1.46743 1.14989
1.46859 1.46419 1.15266
1.46475 1.46525 1.15274
1.46577 1.46877 1.14965
1.46577 1.46877 1.14965
1.46475 1.46525 1.15274
1.46085 1.46642 1.15294
1.46198 1.4703 1.14971
1.46198 1.4703 1.14971
1.46085 1.46642 1.15294
1.45697 1.46762 1.15317
1.4582 1.47185 1.14992
1.4582 1.47185 1.14992
1.45697 1.46762 1.15317
1.45308 1.46882 1.15335
1.45439 1.47334 1.15013
1.45439 1.47334 1.15013
1.45308 1.46882 1.15335
1.44919 1.47001 1.15351
1.45057 1.47477 1.15035
1.45057 1.47477 1.15035
1.44919 1.47001 1.15351
1.4453 1.47121 1.15364
1.44674 1.47614 1.15057
1.44674 1.47614 1.15057
1.4453 1.47121 1.15364
1.44142 1.47242 1.15374
1.44288 1.47746 1.15079
1.44288 1.47746 1.15079
1.44142 1.47242 1.15374
1.43754 1.47365 1.15383
1.43902 1.47873 1.151
1.43902 1.47873 1.151
1.43754 1.47365 1.15383
1.43366 1.47485 1.15391
1.43513 1.47993 1.15122
1.43513 1.47993 1.15122
1.43366 1.47485 1.15391
1.42976 1.47601 1.154
1.43122 1.48107 1.15143
1.43122 1.48107 1.15143
1.42976 1.47601 1.154
1.42585 1.47714 1.15408
1.4273 1.48215 1.15164
1.4273 1.48215 1.15164
1.42585 1.47714 1.15408
1.42193 1.47823 1.15418
1.42336 1.48318 1.15186
1.42336 1.48318 1.15186
1.42193 1.47823 1.15418
1.418 1.47928 1.15427
1.41941 1.48415 1.15206
1.41941 1.48415 1.15206
1.418 1.47928 1.15427
1.41406 1.48029 1.15436
1.41545 1.48507 1.15227
1.41545 1.48507 1.15227
1.41406 1.48029 1.15436
1.4101 1.48127 1.15445
1.41146 1.48595 1.15248
1.41146 1.48595 1.15248
1.4101 1.48127 1.15445
1.40615 1.48222 1.15454
1.40747 1.48679 1.15273
1.40747 1.48679 1.15273
1.40615 1.48222 1.15454
1.40218 1.48314 1.15463
1.40347 1.48759 1.15297
1.40347 1.48759 1.15297
1.40218 1.48314 1.15463
1.3982 1.48404 1.15472
1.39945 1.48834 1.15321
1.39945 1.48834 1.15321
1.3982 1.48404 1.15472
1.39422 1.4849 1.15481
1.39542 1.48906 1.15343
1.39542 1.48906 1.15343
1.39422 1.4849 1.15481
1.39022 1.48574 1.1549
1.39138 1.48973 1.15365
1.39138 1.48973 1.15365
1.39022 1.48574 1.1549
1.38623 1.48656 1.15498
1.38733 1.49037 1.15385
1.38733 1.49037 1.15385
1.38623 1.48656 1.15498
1.38222 1.48735 1.15507
1.38328 1.49098 1.15406
1.38328 1.49098 1.15406
1.38222 1.48735 1.15507
1.37821 1.48813 1.15515
1.37921 1.49156 1.15425
1.37921 1.49156 1.15425
1.37821 1.48813 1.15515
1.3742 1.48888 1.15523
1.37513 1.4921 1.15444
1.37513 1.4921 1.15444
1.3742 1.48888 1.15523
1.37018 1.48962 1.15531
1.37105 1.49262 1.15461
1.37105 1.49262 1.15461
1.37018 1.48962 1.15531
1.36615 1.49035 1.15539
1.36695 1.49312 1.15478
1.36695 1.49312 1.15478
1.36615 1.49035 1.15539
1.36212 1.49105 1.15547
1.36286 1.49359 1.15495
1.36286 1.49359 1.15495
1.36212 1.49105 1.15547
1.35808 1.49175 1.15554
1.35875 1.49405 1.1551
1.35875 1.49405 1.1551
1.35808 1.49175 1.15554
1.35422 1.4924 1.15561
1.35482 1.49446 1.15523
1.35482 1.49446 1.15523
1.35422 1.4924 1.15561
1.35327 1.49251 1.15563
1.35385 1.49449 1.15527
1.35385 1.49449 1.15527
1.35327 1.49251 1.15563
1.35247 1.49253 1.15566
1.35303 1.49445 1.15531
1.35303 1.49445 1.15531
1.35247 1.49253 1.15566
1.35166 1.4925 1.1557
1.35219 1.49432 1.15537
1.35219 1.49432 1.15537
1.35166 1.4925 1.1557
1.35083 1.49239 1.15575
1.35133 1.49411 1.15544
1.35133 1.49411 1.15544
1.35083 1.49239 1.15575
1.34998 1.49221 1.15581
1.35044 1.4938 1.15553
1.35044 1.4938 1.15553
1.34998 1.49221 1.15581
1.34909 1.49191 1.15589
1.34951 1.49335 1.15563
1.34951 1.49335 1.15563
1.34909 1.49191 1.15589
1.34816 1.49146 1.15599
1.34852 1.49271 1.15577
1.34852 1.49271 1.15577
1.34816 1.49146 1.15599
1.34714 1.49074 1.15613
1.34743 1.49173 1.15596
1.34743 1.49173 1.15596
1.34714 1.49074 1.15613
1.34593 1.48931 1.15638
1.34609 1.48987 1.15629
1.34609 1.48987 1.15629
1.34593 1.48931 1.15638
1.34474 1.4877 1.15666
1.34476 1.48777 1.15664
1.4933 1.4528 1.1555
1.4933 1.4528 1.1555
1.4933 1.4528 1.1555
1.4933 1.4528 1.1555
1.4933 1.4528 1.1555
1.4933 1.4528 1.1555
1.4933 1.4528 1.1555
1.4933 1.4528 1.1555
1.4933 1.4528 1.1555
1.4933 1.4528 1.1555
1.4933 1.4528 1.1555
1.4933 1.4528 1.1555
1.4933 1.4528 1.1555
1.4933 1.4528 1.1555
1.4933 1.4528 1.1555
1.4933 1.4528 1.1555
1.4933 1.4528 1.1555
1.4933 1.4528 1.1555
1.4933 1.4528 1.1555
1.4933 1.4528 1.1555
1.4933 1.4528 1.1555
1.4933 1.4528 1.1555
1.4933 1.4528 1.1555
1.4933 1.4528 1.1555
1.4933 1.4528 1.1555
1.4933 1.4528 1.1555
1.4933 1.4528 1.1555
1.4933 1.4528 1.1555
1.4933 1.4528 1.1555
1.4933 1.4528 1.1555
1.4933 1.4528 1.1555
1.4933 1.4528 1.1555
1.4933 1.4528 1.1555
1.4933 1.4528 1.1555
1.4933 1.4528 1.1555
1.4933 1.4528 1.1555
1.4933 1.4528 1.1555
1.4933 1.4528 1.1555
1.4933 1.4528 1.1555
1.4933 1.4528 1.1555
1.4933 1.4528 1.1555
1.4933 1.4528 1.1555
1.4933 1.4528 1.1555
1.4933 1.4528 1.1555
1.4933 1.4528 1.1555
1.4933 1.4528 1.1555
1.4933 1.4528 1.1555
1.4933 1.4528 1.1555
1.4933 1.4528 1.1555
1.4933 1.4528 1.1555
1.4933 1.4528 1.1555
1.4933 1.4528 1.1555
1.4933 1.4528 1.1555
1.4933 1.4528 1.1555
1.4933 1.4528 1.1555
1.4933 1.4528 1.1555
1.4933 1.4528 1.1555
1.4933 1.4528 1.1555
1.4933 1.4528 1.1555
1.4933 1.4528 1.1555
1.4933 1.4528 1.1555
1.4933 1.4528 1.1555
1.4933 1.4528 1.1555
1.4933 1.4528 1.1555
1.4933 1.4528 1.1555
1.4933 1.4528 1.1555
1.4933 1.4528 1.1555
1.4933 1.4528 1.1555
1.4933 1.4528 1.1555
1.4933 1.4528 1.1555
1.4933 1.4528 1.1555
1.4933 1.4528 1.1555
1.4933 1.4528 1.1555
1.4933 1.4528 1.1555
1.4933 1.4528 1.1555
1.4933 1.4528 1.1555
1.4933 1.4528 1.1555
1.4933 1.4528 1.1555
1.4933 1.4528 1.1555
1.4933 1.4528 1.1555
1.4933 1.4528 1.1555
1.4933 1.4528 1.1555
1.4933 1.4528 1.1555
1.4933 1.4528 1.1555
1.4933 1.4528 1.1555
1.4933 1.4528 1.1555
1.4933 1.4528 1.1555
1.4933 1.4528 1.1555
1.51556 1.44201 1.1527
1.51489 1.4397 1.14944
1.5173 1.43895 1.14914
1.51801 1.44141 1.15266
1.51489 1.4397 1.14944
1.51408 1.43694 1.14657
1.51644 1.436 1.14602
1.5173 1.43895 1.14914
1.51408 1.43694 1.14657
1.51322 1.43397 1.14391
1.51552 1.43284 1.14314
1.51644 1.436 1.14602
1.51322 1.43397 1.14391
1.51229 1.43077 1.14159
1.51453 1.42943 1.14058
1.51552 1.43284 1.14314
1.51229 1.43077 1.14159
1.51124 1.42716 1.14008
1.51342 1.4256 1.13883
1.51453 1.42943 1.14058
1.51124 1.42716 1.14008
1.51072 1.42535 1.14217
1.51289 1.42377 1.14087
1.51342 1.4256 1.13883
1.51072 1.42535 1.14217
1.51167 1.42863 1.14436
1.51391 1.4273 1.14324
1.51289 1.42377 1.14087
1.51167 1.42863 1.14436
1.51268 1.43211 1.14622
1.51498 1.43099 1.14533
1.51391 1.4273 1.14324
1.51268 1.43211 1.14622
1.51368 1.43556 1.14813
1.51604 1.43464 1.14751
1.51498 1.43099 1.14533
1.51368 1.43556 1.14813
1.51466 1.43891 1.15023
1.51707 1.43817 1.14989
1.51604 1.43464 1.14751
1.51801 1.44141 1.15266
1.5173 1.43895 1.14914
1.52104 1.43757 1.14893
1.52185 1.44035 1.15274
1.5173 1.43895 1.14914
1.51644 1.436 1.14602
1.52008 1.43427 1.14558
1.52104 1.43757 1.14893
1.51644 1.436 1.14602
1.51552 1.43284 1.14314
1.51906 1.43074 1.14248
1.52008 1.43427 1.14558
1.51552 1.43284 1.14314
1.51453 1.42943 1.14058
1.51796 1.42696 1.13973
1.51906 1.43074 1.14248
1.51453 1.42943 1.14058
1.51342 1.4256 1.13883
1.51674 1.42277 1.13777
1.51796 1.42696 1.13973
1.51342 1.4256 1.13883
1.51289 1.42377 1.14087
1.51623 1.42101 1.13977
1.51674 1.42277 1.13777
1.51289 1.42377 1.14087
1.51391 1.4273 1.14324
1.51737 1.42495 1.14227
1.51623 1.42101 1.13977
1.51391 1.4273 1.14324
1.51498 1.43099 1.14533
1.51855 1.42899 1.14457
1.51737 1.42495 1.14227
1.51498 1.43099 1.14533
1.51604 1.43464 1.14751
1.51971 1.43298 1.14699
1.51855 1.42899 1.14457
1.51604 1.43464 1.14751
1.51707 1.43817 1.14989
1.52083 1.43683 1.14965
1.51971 1.43298 1.14699
1.52185 1.44035 1.15274
1.52104 1.43757 1.14893
1.52482 1.43598 1.14901
1.52575 1.43918 1.15294
1.52104 1.43757 1.14893
1.52008 1.43427 1.14558
1.52373 1.43225 1.14558
1.52482 1.43598 1.14901
1.52008 1.43427 1.14558
1.51906 1.43074 1.14248
1.52258 1.42829 1.14245
1.52373 1.43225 1.14558
1.51906 1.43074 1.14248
1.51796 1.42696 1.13973
1.52136 1.42409 1.13968
1.52258 1.42829 1.14245
1.51796 1.42696 1.13973
1.51674 1.42277 1.13777
1.52003 1.41952 1.1377
1.52136 1.42409 1.13968
1.51674 1.42277 1.13777
1.51623 1.42101 1.13977
1.51956 1.4179 1.13971
1.52003 1.41952 1.1377
1.51623 1.42101 1.13977
1.51737 1.42495 1.14227
1.52083 1.42227 1.14217
1.51956 1.4179 1.13971
1.51737 1.42495 1.14227
1.51855 1.42899 1.14457
1.52212 1.42671 1.1445
1.52083 1.42227 1.14217
1.51855 1.42899 1.14457
1.51971 1.43298 1.14699
1.52339 1.43108 1.14698
1.52212 1.42671 1.1445
1.51971 1.43298 1.14699
1.52083 1.43683 1.14965
1.52462 1.4353 1.14971
1.52339 1.43108 1.14698
1.52575 1.43918 1.15294
1.52482 1.43598 1.14901
1.52858 1.43437 1.14921
1.52963 1.43798 1.15317
1.52482 1.43598 1.14901
1.52373 1.43225 1.14558
1.52738 1.43023 1.14582
1.52858 1.43437 1.14921
1.52373 1.43225 1.14558
1.52258 1.42829 1.14245
1.52611 1.42587 1.14275
1.52738 1.43023 1.14582
1.52258 1.42829 1.14245
1.52136 1.42409 1.13968
1.52478 1.42128 1.14006
1.52611 1.42587 1.14275
1.52136 1.42409 1.13968
1.52003 1.41952 1.1377
1.52335 1.41635 1.13818
1.52478 1.42128 1.14006
1.52003 1.41952 1.1377
1.51956 1.4179 1.13971
1.52292 1.41488 1.14021
1.52335 1.41635 1.13818
1.51956 1.4179 1.13971
1.52083 1.42227 1.14217
1.52431 1.41964 1.14254
1.52292 1.41488 1.14021
1.52083 1.42227 1.14217
1.52212 1.42671 1.1445
1.5257 1.42444 1.14479
1.52431 1.41964 1.14254
1.52212 1.42671 1.1445
1.52339 1.43108 1.14698
1.52707 1.42917 1.14721
1.5257 1.42444 1.14479
1.52339 1.43108 1.14698
1.52462 1.4353 1.14971
1.5284 1.43375 1.14992
1.52707 1.42917 1.14721
1.52963 1.43798 1.15317
1.52858 1.43437 1.14921
1.53237 1.43283 1.14942
1.53352 1.43678 1.15335
1.52858 1.43437 1.14921
1.52738 1.43023 1.14582
1.53107 1.42836 1.14609
1.53237 1.43283 1.14942
1.52738 1.43023 1.14582
1.52611 1.42587 1.14275
1.52971 1.42367 1.1431
1.53107 1.42836 1.14609
1.52611 1.42587 1.14275
1.52478 1.42128 1.14006
1.52829 1.41877 1.14052
1.52971 1.42367 1.1431
1.52478 1.42128 1.14006
1.52335 1.41635 1.13818
1.52677 1.41356 1.13876
1.52829 1.41877 1.14052
1.52335 1.41635 1.13818
1.52292 1.41488 1.14021
1.52638 1.4122 1.14081
1.52677 1.41356 1.13876
1.52292 1.41488 1.14021
1.52431 1.41964 1.14254
1.52785 1.41727 1.14301
1.52638 1.4122 1.14081
1.52431 1.41964 1.14254
1.5257 1.42444 1.14479
1.52933 1.42237 1.14515
1.52785 1.41727 1.14301
1.5257 1.42444 1.14479
1.52707 1.42917 1.14721
1.53079 1.42738 1.14749
1.52933 1.42237 1.14515
1.52707 1.42917 1.14721
1.5284 1.43375 1.14992
1.53221 1.43226 1.15013
1.53079 1.42738 1.14749
1.53352 1.43678 1.15335
1.53237 1.43283 1.14942
1.53618 1.43137 1.14962
1.53741 1.43559 1.15351
1.53237 1.43283 1.14942
1.53107 1.42836 1.14609
1.53481 1.42664 1.14639
1.53618 1.43137 1.14962
1.53107 1.42836 1.14609
1.52971 1.42367 1.1431
1.53337 1.4217 1.1435
1.53481 1.42664 1.14639
1.52971 1.42367 1.1431
1.52829 1.41877 1.14052
1.53188 1.41656 1.14104
1.53337 1.4217 1.1435
1.52829 1.41877 1.14052
1.52677 1.41356 1.13876
1.5303 1.41113 1.13941
1.53188 1.41656 1.14104
1.52677 1.41356 1.13876
1.52638 1.4122 1.14081
1.52993 1.40986 1.14149
1.5303 1.41113 1.13941
1.52638 1.4122 1.14081
1.52785 1.41727 1.14301
1.53148 1.41517 1.14354
1.52993 1.40986 1.14149
1.52785 1.41727 1.14301
1.52933 1.42237 1.14515
1.53302 1.42048 1.14557
1.53148 1.41517 1.14354
1.52933 1.42237 1.14515
1.53079 1.42738 1.14749
1.53454 1.42572 1.1478
1.53302 1.42048 1.14557
1.53079 1.42738 1.14749
1.53221 1.43226 1.15013
1.53603 1.43083 1.15035
1.53454 1.42572 1.1478
1.53741 1.43559 1.15351
1.53618 1.43137 1.14962
1.54001 1.42997 1.14983
1.5413 1.43439 1.15364
1.53618 1.43137 1.14962
1.53481 1.42664 1.14639
1.53858 1.42505 1.1467
1.54001 1.42997 1.14983
1.53481 1.42664 1.14639
1.53337 1.4217 1.1435
1.5371 1.41994 1.14394
1.53858 1.42505 1.1467
1.53337 1.4217 1.1435
1.53188 1.41656 1.14104
1.53555 1.41463 1.14161
1.5371 1.41994 1.14394
1.53188 1.41656 1.14104
1.5303 1.41113 1.13941
1.53394 1.40906 1.14012
1.53555 1.41463 1.14161
1.5303 1.41113 1.13941
1.52993 1.40986 1.14149
1.53359 1.40786 1.14223
1.53394 1.40906 1.14012
1.52993 1.40986 1.14149
1.53148 1.41517 1.14354
1.53518 1.41332 1.14413
1.53359 1.40786 1.14223
1.53148 1.41517 1.14354
1.53302 1.42048 1.14557
1.53676 1.41879 1.14602
1.53518 1.41332 1.14413
1.53302 1.42048 1.14557
1.53454 1.42572 1.1478
1.53833 1.42419 1.14813
1.53676 1.41879 1.14602
1.53454 1.42572 1.1478
1.53603 1.43083 1.15035
1.53986 1.42946 1.15057
1.53833 1.42419 1.14813
1.5413 1.43439 1.15364
1.54001 1.42997 1.14983
1.54386 1.42863 1.15005
1.54518 1.43318 1.15374
1.54001 1.42997 1.14983
1.53858 1.42505 1.1467
1.5424 1.42359 1.14705
1.54386 1.42863 1.15005
1.53858 1.42505 1.1467
1.5371 1.41994 1.14394
1.54088 1.41837 1.14442
1.5424 1.42359 1.14705
1.5371 1.41994 1.14394
1.53555 1.41463 1.14161
1.53931 1.41297 1.14223
1.54088 1.41837 1.14442
1.53555 1.41463 1.14161
1.53394 1.40906 1.14012
1.53767 1.40733 1.14089
1.53931 1.41297 1.14223
1.53394 1.40906 1.14012
1.53359 1.40786 1.14223
1.53734 1.4062 1.143
1.53767 1.40733 1.14089
1.53359 1.40786 1.14223
1.53518 1.41332 1.14413
1.53896 1.41175 1.14475
1.53734 1.4062 1.143
1.53518 1.41332 1.14413
1.53676 1.41879 1.14602
1.54057 1.4173 1.1465
1.53896 1.41175 1.14475
1.53676 1.41879 1.14602
1.53833 1.42419 1.14813
1.54216 1.42278 1.14847
1.54057 1.4173 1.1465
1.53833 1.42419 1.14813
1.53986 1.42946 1.15057
1.54372 1.42814 1.15079
1.54216 1.42278 1.14847
1.54518 1.43318 1.15374
1.54386 1.42863 1.15005
1.54772 1.42733 1.15027
1.54906 1.43195 1.15383
1.54386 1.42863 1.15005
1.5424 1.42359 1.14705
1.54624 1.42225 1.14742
1.54772 1.42733 1.15027
1.5424 1.42359 1.14705
1.54088 1.41837 1.14442
1.54472 1.417 1.14494
1.54624 1.42225 1.14742
1.54088 1.41837 1.14442
1.53931 1.41297 1.14223
1.54314 1.41157 1.1429
1.54472 1.417 1.14494
1.53931 1.41297 1.14223
1.53767 1.40733 1.14089
1.5415 1.40593 1.1417
1.54314 1.41157 1.1429
1.53767 1.40733 1.14089
1.53734 1.4062 1.143
1.54119 1.40488 1.14378
1.5415 1.40593 1.1417
1.53734 1.4062 1.143
1.53896 1.41175 1.14475
1.54281 1.41044 1.14539
1.54119 1.40488 1.14378
1.53896 1.41175 1.14475
1.54057 1.4173 1.1465
1.54442 1.416 1.147
1.54281 1.41044 1.14539
1.54057 1.4173 1.1465
1.54216 1.42278 1.14847
1.54602 1.42149 1.14883
1.54442 1.416 1.147
1.54216 1.42278 1.14847
1.54372 1.42814 1.15079
1.54758 1.42687 1.151
1.54602 1.42149 1.14883
1.54906 1.43195 1.15383
1.54772 1.42733 1.15027
1.55159 1.4261 1.1505
1.55294 1.43075 1.15391
1.54772 1.42733 1.15027
1.54624 1.42225 1.14742
1.55012 1.42102 1.14779
1.55159 1.4261 1.1505
1.54624 1.42225 1.14742
1.54472 1.417 1.14494
1.54859 1.41576 1.14546
1.55012 1.42102 1.14779
1.54472 1.417 1.14494
1.54314 1.41157 1.1429
1.54702 1.41035 1.14357
1.54859 1.41576 1.14546
1.54314 1.41157 1.1429
1.5415 1.40593 1.1417
1.54539 1.40475 1.1425
1.54702 1.41035 1.14357
1.5415 1.40593 1.1417
1.54119 1.40488 1.14378
1.54511 1.40377 1.14455
1.54539 1.40475 1.1425
1.54119 1.40488 1.14378
1.54281 1.41044 1.14539
1.54671 1.4093 1.14601
1.54511 1.40377 1.14455
1.54281 1.41044 1.14539
1.54442 1.416 1.147
1.54832 1.41484 1.14748
1.54671 1.4093 1.14601
1.54442 1.416 1.147
1.54602 1.42149 1.14883
1.54991 1.42031 1.14918
1.54832 1.41484 1.14748
1.54602 1.42149 1.14883
1.54758 1.42687 1.151
1.55147 1.42567 1.15122
1.54991 1.42031 1.14918
1.55294 1.43075 1.15391
1.55159 1.4261 1.1505
1.55549 1.42494 1.15072
1.55684 1.42959 1.154
1.55159 1.4261 1.1505
1.55012 1.42102 1.14779
1.55402 1.41987 1.14816
1.55549 1.42494 1.15072
1.55012 1.42102 1.14779
1.54859 1.41576 1.14546
1.5525 1.41464 1.14597
1.55402 1.41987 1.14816
1.54859 1.41576 1.14546
1.54702 1.41035 1.14357
1.55094 1.40927 1.14421
1.5525 1.41464 1.14597
1.54702 1.41035 1.14357
1.54539 1.40475 1.1425
1.54933 1.40372 1.14325
1.55094 1.40927 1.14421
1.54539 1.40475 1.1425
1.54511 1.40377 1.14455
1.54906 1.40281 1.14527
1.54933 1.40372 1.14325
1.54511 1.40377 1.14455
1.54671 1.4093 1.14601
1.55066 1.40829 1.1466
1.54906 1.40281 1.14527
1.54671 1.4093 1.14601
1.54832 1.41484 1.14748
1.55225 1.41378 1.14795
1.55066 1.40829 1.1466
1.54832 1.41484 1.14748
1.54991 1.42031 1.14918
1.55383 1.4192 1.14952
1.55225 1.41378 1.14795
1.54991 1.42031 1.14918
1.55147 1.42567 1.15122
1.55538 1.42453 1.15143
1.55383 1.4192 1.14952
1.55684 1.42959 1.154
1.55549 1.42494 1.15072
1.55941 1.42383 1.15095
1.56075 1.42846 1.15408
1.55549 1.42494 1.15072
1.55402 1.41987 1.14816
1.55795 1.4188 1.14852
1.55941 1.42383 1.15095
1.55402 1.41987 1.14816
1.5525 1.41464 1.14597
1.55644 1.41362 1.14646
1.55795 1.4188 1.14852
1.5525 1.41464 1.14597
1.55094 1.40927 1.14421
1.5549 1.40831 1.14482
1.55644 1.41362 1.14646
1.55094 1.40927 1.14421
1.54933 1.40372 1.14325
1.55331 1.40283 1.14398
1.5549 1.40831 1.14482
1.54933 1.40372 1.14325
1.54906 1.40281 1.14527
1.55306 1.40198 1.14595
1.55331 1.40283 1.14398
1.54906 1.40281 1.14527
1.55066 1.40829 1.1466
1.55463 1.4074 1.14716
1.55306 1.40198 1.14595
1.55066 1.40829 1.1466
1.55225 1.41378 1.14795
1.55621 1.41281 1.14839
1.55463 1.4074 1.14716
1.55225 1.41378 1.14795
1.55383 1.4192 1.14952
1.55777 1.41818 1.14985
1.55621 1.41281 1.14839
1.55383 1.4192 1.14952
1.55538 1.42453 1.15143
1.5593 1.42345 1.15164
1.55777 1.41818 1.14985
1.56075 1.42846 1.15408
1.55941 1.42383 1.15095
1.56334 1.42278 1.15118
1.56467 1.42737 1.15418
1.55941 1.42383 1.15095
1.55795 1.4188 1.14852
1.5619 1.41781 1.14888
1.56334 1.42278 1.15118
1.55795 1.4188 1.14852
1.55644 1.41362 1.14646
1.56041 1.4127 1.14694
1.5619 1.41781 1.14888
1.55644 1.41362 1.14646
1.5549 1.40831 1.14482
1.55889 1.40746 1.14542
1.56041 1.4127 1.14694
1.5549 1.40831 1.14482
1.55331 1.40283 1.14398
1.55732 1.40208 1.14467
1.55889 1.40746 1.14542
1.55331 1.40283 1.14398
1.55306 1.40198 1.14595
1.55709 1.40127 1.14659
1.55732 1.40208 1.14467
1.55306 1.40198 1.14595
1.55463 1.4074 1.14716
1.55864 1.40661 1.14769
1.55709 1.40127 1.14659
1.55463 1.4074 1.14716
1.55621 1.41281 1.14839
1.56019 1.41194 1.14882
1.55864 1.40661 1.14769
1.55621 1.41281 1.14839
1.55777 1.41818 1.14985
1.56173 1.41723 1.15017
1.56019 1.41194 1.14882
1.55777 1.41818 1.14985
1.5593 1.42345 1.15164
1.56324 1.42242 1.15186
1.56173 1.41723 1.15017
1.56467 1.42737 1.15418
1.56334 1.42278 1.15118
1.56729 1.42179 1.1514
1.5686 1.42632 1.15427
1.56334 1.42278 1.15118
1.5619 1.41781 1.14888
1.56586 1.41689 1.14922
1.56729 1.42179 1.1514
1.5619 1.41781 1.14888
1.56041 1.4127 1.14694
1.5644 1.41187 1.1474
1.56586 1.41689 1.14922
1.56041 1.4127 1.14694
1.55889 1.40746 1.14542
1.56291 1.40672 1.14599
1.5644 1.41187 1.1474
1.55889 1.40746 1.14542
1.55732 1.40208 1.14467
1.56137 1.40144 1.14533
1.56291 1.40672 1.14599
1.55732 1.40208 1.14467
1.55709 1.40127 1.14659
1.56116 1.40069 1.14721
1.56137 1.40144 1.14533
1.55709 1.40127 1.14659
1.55864 1.40661 1.14769
1.56268 1.40592 1.1482
1.56116 1.40069 1.14721
1.55864 1.40661 1.14769
1.56019 1.41194 1.14882
1.5642 1.41116 1.14924
1.56268 1.40592 1.1482
1.56019 1.41194 1.14882
1.56173 1.41723 1.15017
1.5657 1.41635 1.15049
1.5642 1.41116 1.14924
1.56173 1.41723 1.15017
1.56324 1.42242 1.15186
1.56719 1.42145 1.15206
1.5657 1.41635 1.15049
1.5686 1.42632 1.15427
1.56729 1.42179 1.1514
1.57125 1.42085 1.15162
1.57254 1.42531 1.15436
1.56729 1.42179 1.1514
1.56586 1.41689 1.14922
1.56985 1.41604 1.14956
1.57125 1.42085 1.15162
1.56586 1.41689 1.14922
1.5644 1.41187 1.1474
1.56842 1.41111 1.14785
1.56985 1.41604 1.14956
1.5644 1.41187 1.1474
1.56291 1.40672 1.14599
1.56696 1.40607 1.14654
1.56842 1.41111 1.14785
1.56291 1.40672 1.14599
1.56137 1.40144 1.14533
1.56546 1.40092 1.14597
1.56696 1.40607 1.14654
1.56137 1.40144 1.14533
1.56116 1.40069 1.14721
1.56525 1.40021 1.14779
1.56546 1.40092 1.14597
1.56116 1.40069 1.14721
1.56268 1.40592 1.1482
1.56674 1.40534 1.14869
1.56525 1.40021 1.14779
1.56268 1.40592 1.1482
1.5642 1.41116 1.14924
1.56823 1.41045 1.14964
1.56674 1.40534 1.14869
1.5642 1.41116 1.14924
1.5657 1.41635 1.15049
1.5697 1.41553 1.15079
1.56823 1.41045 1.14964
1.5657 1.41635 1.15049
1.56719 1.42145 1.15206
1.57115 1.42053 1.15227
1.5697 1.41553 1.15079
1.57254 1.42531 1.15436
1.57125 1.42085 1.15162
1.57523 1.41996 1.15185
1.5765 1.42433 1.15445
1.57125 1.42085 1.15162
1.56985 1.41604 1.14956
1.57386 1.41526 1.1499
1.57523 1.41996 1.15185
1.56985 1.41604 1.14956
1.56842 1.41111 1.14785
1.57246 1.41045 1.1483
1.57386 1.41526 1.1499
1.56842 1.41111 1.14785
1.56696 1.40607 1.14654
1.57103 1.40553 1.14708
1.57246 1.41045 1.1483
1.56696 1.40607 1.14654
1.56546 1.40092 1.14597
1.56957 1.40051 1.14659
1.57103 1.40553 1.14708
1.56546 1.40092 1.14597
1.56525 1.40021 1.14779
1.56938 1.39984 1.14834
1.56957 1.40051 1.14659
1.56525 1.40021 1.14779
1.56674 1.40534 1.14869
1.57083 1.40484 1.14917
1.56938 1.39984 1.14834
1.56674 1.40534 1.14869
1.56823 1.41045 1.14964
1.57228 1.40982 1.15004
1.57083 1.40484 1.14917
1.56823 1.41045 1.14964
1.5697 1.41553 1.15079
1.57372 1.41477 1.15111
1.57228 1.40982 1.15004
1.5697 1.41553 1.15079
1.57115 1.42053 1.15227
1.57514 1.41965 1.15248
1.57372 1.41477 1.15111
1.5765 1.42433 1.15445
1.57523 1.41996 1.15185
1.57921 1.4191 1.15209
1.58045 1.42338 1.15454
1.57523 1.41996 1.15185
1.57386 1.41526 1.1499
1.57789 1.41454 1.15024
1.57921 1.4191 1.15209
1.57386 1.41526 1.1499
1.57246 1.41045 1.1483
1.57653 1.40986 1.14874
1.57789 1.41454 1.15024
1.57246 1.41045 1.1483
1.57103 1.40553 1.14708
1.57514 1.40508 1.14762
1.57653 1.40986 1.14874
1.57103 1.40553 1.14708
1.56957 1.40051 1.14659
1.57372 1.4002 1.1472
1.57514 1.40508 1.14762
1.56957 1.40051 1.14659
1.56938 1.39984 1.14834
1.57354 1.39958 1.14887
1.57372 1.4002 1.1472
1.56938 1.39984 1.14834
1.57083 1.40484 1.14917
1.57495 1.40443 1.14964
1.57354 1.39958 1.14887
1.57083 1.40484 1.14917
1.57228 1.40982 1.15004
1.57635 1.40926 1.15046
1.57495 1.40443 1.14964
1.57228 1.40982 1.15004
1.57372 1.41477 1.15111
1.57775 1.41407 1.15146
1.57635 1.40926 1.15046
1.57372 1.41477 1.15111
1.57514 1.41965 1.15248
1.57913 1.41881 1.15273
1.57775 1.41407 1.15146
1.58045 1.42338 1.15454
1.57921 1.4191 1.15209
1.58321 1.41829 1.15232
1.58442 1.42246 1.15463
1.57921 1.4191 1.15209
1.57789 1.41454 1.15024
1.58192 1.41386 1.15058
1.58321 1.41829 1.15232
1.57789 1.41454 1.15024
1.57653 1.40986 1.14874
1.58061 1.40933 1.14917
1.58192 1.41386 1.15058
1.57653 1.40986 1.14874
1.57514 1.40508 1.14762
1.57926 1.4047 1.14814
1.58061 1.40933 1.14917
1.57514 1.40508 1.14762
1.57372 1.4002 1.1472
1.57789 1.39999 1.14779
1.57926 1.4047 1.14814
1.57372 1.4002 1.1472
1.57354 1.39958 1.14887
1.57773 1.39941 1.14938
1.57789 1.39999 1.14779
1.57354 1.39958 1.14887
1.57495 1.40443 1.14964
1.57909 1.40409 1.1501
1.57773 1.39941 1.14938
1.57495 1.40443 1.14964
1.57635 1.40926 1.15046
1.58044 1.40877 1.15086
1.57909 1.40409 1.1501
1.57635 1.40926 1.15046
1.57775 1.41407 1.15146
1.58179 1.41341 1.15179
1.58044 1.40877 1.15086
1.57775 1.41407 1.15146
1.57913 1.41881 1.15273
1.58313 1.41801 1.15297
1.58179 1.41341 1.15179
1.58442 1.42246 1.15463
1.58321 1.41829 1.15232
1.58723 1.41752 1.15256
1.5884 1.42156 1.15472
1.58321 1.41829 1.15232
1.58192 1.41386 1.15058
1.58598 1.41325 1.15092
1.58723 1.41752 1.15256
1.58192 1.41386 1.15058
1.58061 1.40933 1.14917
1.58471 1.40887 1.1496
1.58598 1.41325 1.15092
1.58061 1.40933 1.14917
1.57926 1.4047 1.14814
1.58342 1.40441 1.14865
1.58471 1.40887 1.1496
1.57926 1.4047 1.14814
1.57789 1.39999 1.14779
1.5821 1.39987 1.14835
1.58342 1.40441 1.14865
1.57789 1.39999 1.14779
1.57773 1.39941 1.14938
1.58194 1.39933 1.14986
1.5821 1.39987 1.14835
1.57773 1.39941 1.14938
1.57909 1.40409 1.1501
1.58325 1.40384 1.15054
1.58194 1.39933 1.14986
1.57909 1.40409 1.1501
1.58044 1.40877 1.15086
1.58456 1.40834 1.15125
1.58325 1.40384 1.15054
1.58044 1.40877 1.15086
1.58179 1.41341 1.15179
1.58586 1.41282 1.15212
1.58456 1.40834 1.15125
1.58179 1.41341 1.15179
1.58313 1.41801 1.15297
1.58715 1.41726 1.15321
1.58586 1.41282 1.15212
1.5884 1.42156 1.15472
1.58723 1.41752 1.15256
1.59125 1.41679 1.15279
1.59238 1.4207 1.15481
1.58723 1.41752 1.15256
1.58598 1.41325 1.15092
1.59005 1.41268 1.15126
1.59125 1.41679 1.15279
1.58598 1.41325 1.15092
1.58471 1.40887 1.1496
1.58883 1.40847 1.15002
1.59005 1.41268 1.15126
1.58471 1.40887 1.1496
1.58342 1.40441 1.14865
1.58759 1.40419 1.14914
1.58883 1.40847 1.15002
1.58342 1.40441 1.14865
1.5821 1.39987 1.14835
1.58632 1.39983 1.1489
1.58759 1.40419 1.14914
1.5821 1.39987 1.14835
1.58194 1.39933 1.14986
1.58617 1.39933 1.15033
1.58632 1.39983 1.1489
1.58194 1.39933 1.14986
1.58325 1.40384 1.15054
1.58743 1.40366 1.15095
1.58617 1.39933 1.15033
1.58325 1.40384 1.15054
1.58456 1.40834 1.15125
1.58869 1.40798 1.15162
1.58743 1.40366 1.15095
1.58456 1.40834 1.15125
1.58586 1.41282 1.15212
1.58994 1.41228 1.15242
1.58869 1.40798 1.15162
1.58586 1.41282 1.15212
1.58715 1.41726 1.15321
1.59118 1.41654 1.15343
1.58994 1.41228 1.15242
1.59238 1.4207 1.15481
1.59125 1.41679 1.15279
1.59528 1.4161 1.15302
1.59638 1.41986 1.1549
1.59125 1.41679 1.15279
1.59005 1.41268 1.15126
1.59414 1.41216 1.15158
1.59528 1.4161 1.15302
1.59005 1.41268 1.15126
1.58883 1.40847 1.15002
1.59297 1.40813 1.15043
1.59414 1.41216 1.15158
1.58883 1.40847 1.15002
1.58759 1.40419 1.14914
1.59178 1.40403 1.14962
1.59297 1.40813 1.15043
1.58759 1.40419 1.14914
1.58632 1.39983 1.1489
1.59057 1.39987 1.14943
1.59178 1.40403 1.14962
1.58632 1.39983 1.1489
1.58617 1.39933 1.15033
1.59043 1.3994 1.15078
1.59057 1.39987 1.14943
1.58617 1.39933 1.15033
1.58743 1.40366 1.15095
1.59164 1.40354 1.15136
1.59043 1.3994 1.15078
1.58743 1.40366 1.15095
1.58869 1.40798 1.15162
1.59284 1.40767 1.15197
1.59164 1.40354 1.15136
1.58869 1.40798 1.15162
1.58994 1.41228 1.15242
1.59403 1.41179 1.15272
1.59284 1.40767 1.15197
1.58994 1.41228 1.15242
1.59118 1.41654 1.15343
1.59522 1.41587 1.15365
1.59403 1.41179 1.15272
1.59638 1.41986 1.1549
1.59528 1.4161 1.15302
1.59933 1.41544 1.15325
1.60037 1.41904 1.15498
1.59528 1.4161 1.15302
1.59414 1.41216 1.15158
1.59824 1.41169 1.15191
1.59933 1.41544 1.15325
1.59414 1.41216 1.15158
1.59297 1.40813 1.15043
1.59712 1.40785 1.15084
1.59824 1.41169 1.15191
1.59297 1.40813 1.15043
1.59178 1.40403 1.14962
1.59599 1.40395 1.15009
1.59712 1.40785 1.15084
1.59178 1.40403 1.14962
1.59057 1.39987 1.14943
1.59484 1.39999 1.14994
1.59599 1.40395 1.15009
1.59057 1.39987 1.14943
1.59043 1.3994 1.15078
1.59471 1.39955 1.15122
1.59484 1.39999 1.14994
1.59043 1.3994 1.15078
1.59164 1.40354 1.15136
1.59586 1.40349 1.15175
1.59471 1.39955 1.15122
1.59164 1.40354 1.15136
1.59284 1.40767 1.15197
1.597 1.40743 1.15232
1.59586 1.40349 1.15175
1.59284 1.40767 1.15197
1.59403 1.41179 1.15272
1.59814 1.41134 1.15301
1.597 1.40743 1.15232
1.59403 1.41179 1.15272
1.59522 1.41587 1.15365
1.59927 1.41523 1.15385
1.59814 1.41134 1.15301
1.60037 1.41904 1.15498
1.59933 1.41544 1.15325
1.60338 1.41482 1.15347
1.60438 1.41825 1.15507
1.59933 1.41544 1.15325
1.59824 1.41169 1.15191
1.60235 1.41126 1.15223
1.60338 1.41482 1.15347
1.59824 1.41169 1.15191
1.59712 1.40785 1.15084
1.60129 1.40762 1.15123
1.60235 1.41126 1.15223
1.59712 1.40785 1.15084
1.59599 1.40395 1.15009
1.60022 1.40392 1.15055
1.60129 1.40762 1.15123
1.59599 1.40395 1.15009
1.59484 1.39999 1.14994
1.59913 1.40017 1.15043
1.60022 1.40392 1.15055
1.59484 1.39999 1.14994
1.59471 1.39955 1.15122
1.59901 1.39977 1.15163
1.59913 1.40017 1.15043
1.59471 1.39955 1.15122
1.59586 1.40349 1.15175
1.60009 1.4035 1.15212
1.59901 1.39977 1.15163
1.59586 1.40349 1.15175
1.597 1.40743 1.15232
1.60118 1.40723 1.15265
1.60009 1.4035 1.15212
1.597 1.40743 1.15232
1.59814 1.41134 1.15301
1.60225 1.41094 1.15328
1.60118 1.40723 1.15265
1.59814 1.41134 1.15301
1.59927 1.41523 1.15385
1.60332 1.41462 1.15406
1.60225 1.41094 1.15328
1.60438 1.41825 1.15507
1.60338 1.41482 1.15347
1.60745 1.41423 1.15369
1.60839 1.41747 1.15515
1.60338 1.41482 1.15347
1.60235 1.41126 1.15223
1.60647 1.41087 1.15254
1.60745 1.41423 1.15369
1.60235 1.41126 1.15223
1.60129 1.40762 1.15123
1.60547 1.40744 1.15162
1.60647 1.41087 1.15254
1.60129 1.40762 1.15123
1.60022 1.40392 1.15055
1.60446 1.40395 1.151
1.60547 1.40744 1.15162
1.60022 1.40392 1.15055
1.59913 1.40017 1.15043
1.60344 1.40042 1.1509
1.60446 1.40395 1.151
1.59913 1.40017 1.15043
1.59901 1.39977 1.15163
1.60333 1.40005 1.15203
1.60344 1.40042 1.1509
1.59901 1.39977 1.15163
1.60009 1.4035 1.15212
1.60435 1.40357 1.15248
1.60333 1.40005 1.15203
1.60009 1.4035 1.15212
1.60118 1.40723 1.15265
1.60537 1.40708 1.15296
1.60435 1.40357 1.15248
1.60118 1.40723 1.15265
1.60225 1.41094 1.15328
1.60638 1.41057 1.15354
1.60537 1.40708 1.15296
1.60225 1.41094 1.15328
1.60332 1.41462 1.15406
1.60739 1.41404 1.15425
1.60638 1.41057 1.15354
1.60839 1.41747 1.15515
1.60745 1.41423 1.15369
1.61152 1.41366 1.1539
1.6124 1.41672 1.15523
1.60745 1.41423 1.15369
1.60647 1.41087 1.15254
1.6106 1.41051 1.15285
1.61152 1.41366 1.1539
1.60647 1.41087 1.15254
1.60547 1.40744 1.15162
1.60967 1.4073 1.152
1.6106 1.41051 1.15285
1.60547 1.40744 1.15162
1.60446 1.40395 1.151
1.60872 1.40404 1.15143
1.60967 1.4073 1.152
1.60446 1.40395 1.151
1.60344 1.40042 1.1509
1.60776 1.40073 1.15136
1.60872 1.40404 1.15143
1.60344 1.40042 1.1509
1.60333 1.40005 1.15203
1.60766 1.4004 1.15242
1.60776 1.40073 1.15136
1.60333 1.40005 1.15203
1.60435 1.40357 1.15248
1.60862 1.40369 1.15282
1.60766 1.4004 1.15242
1.60435 1.40357 1.15248
1.60537 1.40708 1.15296
1.60957 1.40697 1.15327
1.60862 1.40369 1.15282
1.60537 1.40708 1.15296
1.60638 1.41057 1.15354
1.61052 1.41024 1.1538
1.60957 1.40697 1.15327
1.60638 1.41057 1.15354
1.60739 1.41404 1.15425
1.61147 1.4135 1.15444
1.61052 1.41024 1.1538
1.6124 1.41672 1.15523
1.61152 1.41366 1.1539
1.6156 1.41313 1.15411
1.61642 1.41598 1.15531
1.61152 1.41366 1.1539
1.6106 1.41051 1.15285
1.61474 1.41019 1.15314
1.6156 1.41313 1.15411
1.6106 1.41051 1.15285
1.60967 1.4073 1.152
1.61388 1.40721 1.15237
1.61474 1.41019 1.15314
1.60967 1.4073 1.152
1.60872 1.40404 1.15143
1.61299 1.40417 1.15186
1.61388 1.40721 1.15237
1.60872 1.40404 1.15143
1.60776 1.40073 1.15136
1.6121 1.4011 1.15181
1.61299 1.40417 1.15186
1.60776 1.40073 1.15136
1.60766 1.4004 1.15242
1.61201 1.4008 1.15279
1.6121 1.4011 1.15181
1.60766 1.4004 1.15242
1.60862 1.40369 1.15282
1.6129 1.40385 1.15315
1.61201 1.4008 1.15279
1.60862 1.40369 1.15282
1.60957 1.40697 1.15327
1.61379 1.40691 1.15356
1.6129 1.40385 1.15315
1.60957 1.40697 1.15327
1.61052 1.41024 1.1538
1.61467 1.40995 1.15404
1.61379 1.40691 1.15356
1.61052 1.41024 1.1538
1.61147 1.4135 1.15444
1.61555 1.41298 1.15461
1.61467 1.40995 1.15404
1.61642 1.41598 1.15531
1.6156 1.41313 1.15411
1.61968 1.41261 1.15431
1.62045 1.41525 1.15539
1.6156 1.41313 1.15411
1.61474 1.41019 1.15314
1.6189 1.40991 1.15344
1.61968 1.41261 1.15431
1.61474 1.41019 1.15314
1.61388 1.40721 1.15237
1.6181 1.40715 1.15274
1.6189 1.40991 1.15344
1.61388 1.40721 1.15237
1.61299 1.40417 1.15186
1.61728 1.40435 1.15227
1.6181 1.40715 1.15274
1.61299 1.40417 1.15186
1.6121 1.4011 1.15181
1.61646 1.40152 1.15224
1.61728 1.40435 1.15227
1.6121 1.4011 1.15181
1.61201 1.4008 1.15279
1.61638 1.40125 1.15314
1.61646 1.40152 1.15224
1.61201 1.4008 1.15279
1.6129 1.40385 1.15315
1.6172 1.40407 1.15347
1.61638 1.40125 1.15314
1.6129 1.40385 1.15315
1.61379 1.40691 1.15356
1.61802 1.40688 1.15384
1.6172 1.40407 1.15347
1.61379 1.40691 1.15356
1.61467 1.40995 1.15404
1.61883 1.40969 1.15427
1.61802 1.40688 1.15384
1.61467 1.40995 1.15404
1.61555 1.41298 1.15461
1.61965 1.41248 1.15478
1.61883 1.40969 1.15427
1.62045 1.41525 1.15539
1.61968 1.41261 1.15431
1.62378 1.41212 1.15451
1.62448 1.41455 1.15547
1.61968 1.41261 1.15431
1.6189 1.40991 1.15344
1.62306 1.40965 1.15372
1.62378 1.41212 1.15451
1.6189 1.40991 1.15344
1.6181 1.40715 1.15274
1.62233 1.40713 1.15309
1.62306 1.40965 1.15372
1.6181 1.40715 1.15274
1.61728 1.40435 1.15227
1.62158 1.40457 1.15268
1.62233 1.40713 1.15309
1.61728 1.40435 1.15227
1.61646 1.40152 1.15224
1.62083 1.40199 1.15266
1.62158 1.40457 1.15268
1.61646 1.40152 1.15224
1.61638 1.40125 1.15314
1.62076 1.40174 1.15348
1.62083 1.40199 1.15266
1.61638 1.40125 1.15314
1.6172 1.40407 1.15347
1.62151 1.40432 1.15378
1.62076 1.40174 1.15348
1.6172 1.40407 1.15347
1.61802 1.40688 1.15384
1.62226 1.40689 1.1541
1.62151 1.40432 1.15378
1.61802 1.40688 1.15384
1.61883 1.40969 1.15427
1.623 1.40945 1.15449
1.62226 1.40689 1.1541
1.61883 1.40969 1.15427
1.61965 1.41248 1.15478
1.62374 1.41201 1.15495
1.623 1.40945 1.15449
1.62448 1.41455 1.15547
1.62378 1.41212 1.15451
1.62788 1.41165 1.1547
1.62852 1.41385 1.15554
1.62378 1.41212 1.15451
1.62306 1.40965 1.15372
1.62723 1.40942 1.154
1.62788 1.41165 1.1547
1.62306 1.40965 1.15372
1.62233 1.40713 1.15309
1.62657 1.40714 1.15344
1.62723 1.40942 1.154
1.62233 1.40713 1.15309
1.62158 1.40457 1.15268
1.6259 1.40483 1.15307
1.62657 1.40714 1.15344
1.62158 1.40457 1.15268
1.62083 1.40199 1.15266
1.62522 1.4025 1.15307
1.6259 1.40483 1.15307
1.62083 1.40199 1.15266
1.62076 1.40174 1.15348
1.62516 1.40228 1.15381
1.62522 1.4025 1.15307
1.62076 1.40174 1.15348
1.62151 1.40432 1.15378
1.62583 1.40461 1.15407
1.62516 1.40228 1.15381
1.62151 1.40432 1.15378
1.62226 1.40689 1.1541
1.6265 1.40693 1.15436
1.62583 1.40461 1.15407
1.62226 1.40689 1.1541
1.623 1.40945 1.15449
1.62718 1.40924 1.1547
1.6265 1.40693 1.15436
1.623 1.40945 1.15449
1.62374 1.41201 1.15495
1.62785 1.41155 1.1551
1.62718 1.40924 1.1547
1.62852 1.41385 1.15554
1.62788 1.41165 1.1547
1.63181 1.41123 1.15487
1.63238 1.4132 1.15561
1.62788 1.41165 1.1547
1.62723 1.40942 1.154
1.63123 1.40922 1.15425
1.63181 1.41123 1.15487
1.62723 1.40942 1.154
1.62657 1.40714 1.15344
1.63063 1.40719 1.15376
1.63123 1.40922 1.15425
1.62657 1.40714 1.15344
1.6259 1.40483 1.15307
1.63003 1.40512 1.15344
1.63063 1.40719 1.15376
1.6259 1.40483 1.15307
1.62522 1.4025 1.15307
1.62943 1.40303 1.15344
1.63003 1.40512 1.15344
1.62522 1.4025 1.15307
1.62516 1.40228 1.15381
1.62937 1.40284 1.15411
1.62943 1.40303 1.15344
1.62516 1.40228 1.15381
1.62583 1.40461 1.15407
1.62998 1.40492 1.15433
1.62937 1.40284 1.15411
1.62583 1.40461 1.15407
1.6265 1.40693 1.15436
1.63058 1.407 1.15458
1.62998 1.40492 1.15433
1.6265 1.40693 1.15436
1.62718 1.40924 1.1547
1.63118 1.40907 1.15488
1.63058 1.407 1.15458
1.62718 1.40924 1.1547
1.62785 1.41155 1.1551
1.63178 1.41114 1.15523
1.63118 1.40907 1.15488
1.63238 1.4132 1.15561
1.63181 1.41123 1.15487
1.63278 1.41119 1.15492
1.63333 1.41309 1.15563
1.63181 1.41123 1.15487
1.63123 1.40922 1.15425
1.63222 1.40926 1.15433
1.63278 1.41119 1.15492
1.63123 1.40922 1.15425
1.63063 1.40719 1.15376
1.63165 1.40729 1.15385
1.63222 1.40926 1.15433
1.63063 1.40719 1.15376
1.63003 1.40512 1.15344
1.63107 1.4053 1.15354
1.63165 1.40729 1.15385
1.63003 1.40512 1.15344
1.62943 1.40303 1.15344
1.63048 1.40328 1.15355
1.63107 1.4053 1.15354
1.62943 1.40303 1.15344
1.62937 1.40284 1.15411
1.63043 1.4031 1.1542
1.63048 1.40328 1.15355
1.62937 1.40284 1.15411
1.62998 1.40492 1.15433
1.63101 1.40511 1.15441
1.63043 1.4031 1.1542
1.62998 1.40492 1.15433
1.63058 1.407 1.15458
1.63159 1.40711 1.15465
1.63101 1.40511 1.15441
1.63058 1.407 1.15458
1.63118 1.40907 1.15488
1.63218 1.40911 1.15494
1.63159 1.40711 1.15465
1.63118 1.40907 1.15488
1.63178 1.41114 1.15523
1.63275 1.41111 1.15527
1.63218 1.40911 1.15494
1.63333 1.41309 1.15563
1.63278 1.41119 1.15492
1.63359 1.41124 1.15498
1.63413 1.41307 1.15566
1.63278 1.41119 1.15492
1.63222 1.40926 1.15433
1.63305 1.40937 1.15441
1.63359 1.41124 1.15498
1.63222 1.40926 1.15433
1.63165 1.40729 1.15385
1.6325 1.40748 1.15395
1.63305 1.40937 1.15441
1.63165 1.40729 1.15385
1.63107 1.4053 1.15354
1.63194 1.40556 1.15366
1.6325 1.40748 1.15395
1.63107 1.4053 1.15354
1.63048 1.40328 1.15355
1.63138 1.40362 1.15367
1.63194 1.40556 1.15366
1.63048 1.40328 1.15355
1.63043 1.4031 1.1542
1.63133 1.40344 1.15429
1.63138 1.40362 1.15367
1.63043 1.4031 1.1542
1.63101 1.40511 1.15441
1.63189 1.40538 1.15449
1.63133 1.40344 1.15429
1.63101 1.40511 1.15441
1.63159 1.40711 1.15465
1.63245 1.40731 1.15472
1.63189 1.40538 1.15449
1.63159 1.40711 1.15465
1.63218 1.40911 1.15494
1.63301 1.40923 1.155
1.63245 1.40731 1.15472
1.63218 1.40911 1.15494
1.63275 1.41111 1.15527
1.63357 1.41115 1.15531
1.63301 1.40923 1.155
1.63413 1.41307 1.15566
1.63359 1.41124 1.15498
1.63443 1.41136 1.15505
1.63494 1.4131 1.1557
1.63359 1.41124 1.15498
1.63305 1.40937 1.15441
1.63391 1.40958 1.15451
1.63443 1.41136 1.15505
1.63305 1.40937 1.15441
1.6325 1.40748 1.15395
1.63339 1.40777 1.15407
1.63391 1.40958 1.15451
1.6325 1.40748 1.15395
1.63194 1.40556 1.15366
1.63286 1.40594 1.15379
1.63339 1.40777 1.15407
1.63194 1.40556 1.15366
1.63138 1.40362 1.15367
1.63232 1.40409 1.1538
1.63286 1.40594 1.15379
1.63138 1.40362 1.15367
1.63133 1.40344 1.15429
1.63227 1.40393 1.1544
1.63232 1.40409 1.1538
1.63133 1.40344 1.15429
1.63189 1.40538 1.15449
1.63281 1.40577 1.15459
1.63227 1.40393 1.1544
1.63189 1.40538 1.15449
1.63245 1.40731 1.15472
1.63334 1.40761 1.15481
1.63281 1.40577 1.15459
1.63245 1.40731 1.15472
1.63301 1.40923 1.155
1.63388 1.40945 1.15507
1.63334 1.40761 1.15481
1.63301 1.40923 1.155
1.63357 1.41115 1.15531
1.63441 1.41128 1.15537
1.63388 1.40945 1.15507
1.63494 1.4131 1.1557
1.63443 1.41136 1.15505
1.63529 1.41156 1.15514
1.63577 1.41321 1.15575
1.63443 1.41136 1.15505
1.63391 1.40958 1.15451
1.6348 1.40989 1.15463
1.63529 1.41156 1.15514
1.63391 1.40958 1.15451
1.63339 1.40777 1.15407
1.63431 1.40819 1.15422
1.6348 1.40989 1.15463
1.63339 1.40777 1.15407
1.63286 1.40594 1.15379
1.63381 1.40646 1.15396
1.63431 1.40819 1.15422
1.63286 1.40594 1.15379
1.63232 1.40409 1.1538
1.6333 1.40472 1.15397
1.63381 1.40646 1.15396
1.63232 1.40409 1.1538
1.63227 1.40393 1.1544
1.63326 1.40456 1.15453
1.6333 1.40472 1.15397
1.63227 1.40393 1.1544
1.63281 1.40577 1.15459
1.63376 1.4063 1.15471
1.63326 1.40456 1.15453
1.63281 1.40577 1.15459
1.63334 1.40761 1.15481
1.63427 1.40803 1.15492
1.63376 1.4063 1.15471
1.63334 1.40761 1.15481
1.63388 1.40945 1.15507
1.63477 1.40976 1.15516
1.63427 1.40803 1.15492
1.63388 1.40945 1.15507
1.63441 1.41128 1.15537
1.63527 1.41149 1.15544
1.63477 1.40976 1.15516
1.63577 1.41321 1.15575
1.63529 1.41156 1.15514
1.63618 1.41187 1.15525
1.63662 1.41339 1.15581
1.63529 1.41156 1.15514
1.6348 1.40989 1.15463
1.63573 1.41032 1.15478
1.63618 1.41187 1.15525
1.6348 1.40989 1.15463
1.63431 1.40819 1.15422
1.63527 1.40874 1.1544
1.63573 1.41032 1.15478
1.63431 1.40819 1.15422
1.63381 1.40646 1.15396
1.63481 1.40714 1.15416
1.63527 1.40874 1.1544
1.63381 1.40646 1.15396
1.6333 1.40472 1.15397
1.63434 1.40553 1.15417
1.63481 1.40714 1.15416
1.6333 1.40472 1.15397
1.63326 1.40456 1.15453
1.6343 1.40539 1.15469
1.63434 1.40553 1.15417
1.63326 1.40456 1.15453
1.63376 1.4063 1.15471
1.63477 1.40699 1.15486
1.6343 1.40539 1.15469
1.63376 1.4063 1.15471
1.63427 1.40803 1.15492
1.63523 1.4086 1.15504
1.63477 1.40699 1.15486
1.63427 1.40803 1.15492
1.63477 1.40976 1.15516
1.6357 1.4102 1.15527
1.63523 1.4086 1.15504
1.63477 1.40976 1.15516
1.63527 1.41149 1.15544
1.63616 1.4118 1.15553
1.6357 1.4102 1.15527
1.63662 1.41339 1.15581
1.63618 1.41187 1.15525
1.63711 1.41231 1.15538
1.63751 1.41369 1.15589
1.63618 1.41187 1.15525
1.63573 1.41032 1.15478
1.63671 1.41091 1.15496
1.63711 1.41231 1.15538
1.63573 1.41032 1.15478
1.63527 1.40874 1.1544
1.63629 1.40949 1.15462
1.63671 1.41091 1.15496
1.63527 1.40874 1.1544
1.63481 1.40714 1.15416
1.63587 1.40804 1.1544
1.63629 1.40949 1.15462
1.63481 1.40714 1.15416
1.63434 1.40553 1.15417
1.63545 1.40659 1.15441
1.63587 1.40804 1.1544
1.63434 1.40553 1.15417
1.6343 1.40539 1.15469
1.63541 1.40646 1.15488
1.63545 1.40659 1.15441
1.6343 1.40539 1.15469
1.63477 1.40699 1.15486
1.63583 1.40791 1.15503
1.63541 1.40646 1.15488
1.63477 1.40699 1.15486
1.63523 1.4086 1.15504
1.63625 1.40936 1.1552
1.63583 1.40791 1.15503
1.63523 1.4086 1.15504
1.6357 1.4102 1.15527
1.63668 1.41081 1.1554
1.63625 1.40936 1.1552
1.6357 1.4102 1.15527
1.63616 1.4118 1.15553
1.63709 1.41225 1.15563
1.63668 1.41081 1.1554
1.63751 1.41369 1.15589
1.63711 1.41231 1.15538
1.6381 1.41295 1.15555
1.63844 1.41414 1.15599
1.63711 1.41231 1.15538
1.63671 1.41091 1.15496
1.63775 1.41173 1.15518
1.6381 1.41295 1.15555
1.63671 1.41091 1.15496
1.63629 1.40949 1.15462
1.63739 1.4105 1.15489
1.63775 1.41173 1.15518
1.63629 1.40949 1.15462
1.63587 1.40804 1.1544
1.63702 1.40925 1.15471
1.63739 1.4105 1.15489
1.63587 1.40804 1.1544
1.63545 1.40659 1.15441
1.63666 1.40799 1.15472
1.63702 1.40925 1.15471
1.63545 1.40659 1.15441
1.63541 1.40646 1.15488
1.63662 1.40787 1.15512
1.63666 1.40799 1.15472
1.63541 1.40646 1.15488
1.63583 1.40791 1.15503
1.63699 1.40913 1.15525
1.63662 1.40787 1.15512
1.63583 1.40791 1.15503
1.63625 1.40936 1.1552
1.63735 1.41039 1.1554
1.63699 1.40913 1.15525
1.63625 1.40936 1.1552
1.63668 1.41081 1.1554
1.63772 1.41164 1.15557
1.63735 1.41039 1.1554
1.63668 1.41081 1.1554
1.63709 1.41225 1.15563
1.63808 1.41289 1.15577
1.63772 1.41164 1.15557
1.63844 1.41414 1.15599
1.6381 1.41295 1.15555
1.63918 1.41392 1.15579
1.63946 1.41486 1.15613
1.6381 1.41295 1.15555
1.63775 1.41173 1.15518
1.6389 1.41295 1.1555
1.63918 1.41392 1.15579
1.63775 1.41173 1.15518
1.63739 1.4105 1.15489
1.63862 1.41198 1.15527
1.6389 1.41295 1.1555
1.63739 1.4105 1.15489
1.63702 1.40925 1.15471
1.63833 1.41099 1.15512
1.63862 1.41198 1.15527
1.63702 1.40925 1.15471
1.63666 1.40799 1.15472
1.63804 1.40999 1.15513
1.63833 1.41099 1.15512
1.63666 1.40799 1.15472
1.63662 1.40787 1.15512
1.63801 1.4099 1.15545
1.63804 1.40999 1.15513
1.63662 1.40787 1.15512
1.63699 1.40913 1.15525
1.6383 1.41089 1.15555
1.63801 1.4099 1.15545
1.63699 1.40913 1.15525
1.63735 1.41039 1.1554
1.63859 1.41189 1.15566
1.6383 1.41089 1.15555
1.63735 1.41039 1.1554
1.63772 1.41164 1.15557
1.63888 1.41288 1.1558
1.63859 1.41189 1.15566
1.63772 1.41164 1.15557
1.63808 1.41289 1.15577
1.63917 1.41387 1.15596
1.63888 1.41288 1.1558
1.63946 1.41486 1.15613
1.63918 1.41392 1.15579
1.64052 1.41576 1.15619
1.64067 1.41629 1.15638
1.63918 1.41392 1.15579
1.6389 1.41295 1.1555
1.64036 1.41522 1.15603
1.64052 1.41576 1.15619
1.6389 1.41295 1.1555
1.63862 1.41198 1.15527
1.6402 1.41467 1.1559
1.64036 1.41522 1.15603
1.63862 1.41198 1.15527
1.63833 1.41099 1.15512
1.64004 1.41412 1.15582
1.6402 1.41467 1.1559
1.63833 1.41099 1.15512
1.63804 1.40999 1.15513
1.63988 1.41356 1.15582
1.64004 1.41412 1.15582
1.63804 1.40999 1.15513
1.63801 1.4099 1.15545
1.63986 1.41351 1.156
1.63988 1.41356 1.15582
1.63801 1.4099 1.15545
1.6383 1.41089 1.15555
1.64003 1.41407 1.15606
1.63986 1.41351 1.156
1.6383 1.41089 1.15555
1.63859 1.41189 1.15566
1.64019 1.41463 1.15612
1.64003 1.41407 1.15606
1.63859 1.41189 1.15566
1.63888 1.41288 1.1558
1.64035 1.41518 1.1562
1.64019 1.41463 1.15612
1.63888 1.41288 1.1558
1.63917 1.41387 1.15596
1.64051 1.41573 1.15629
1.64035 1.41518 1.1562
1.64067 1.41629 1.15638
1.64052 1.41576 1.15619
1.64184 1.41783 1.15663
1.64186 1.4179 1.15666
1.64052 1.41576 1.15619
1.64036 1.41522 1.15603
1.64182 1.41775 1.15661
1.64184 1.41783 1.15663
1.64036 1.41522 1.15603
1.6402 1.41467 1.1559
1.6418 1.41768 1.15659
1.64182 1.41775 1.15661
1.6402 1.41467 1.1559
1.64004 1.41412 1.15582
1.64177 1.4176 1.15658
1.6418 1.41768 1.15659
1.64004 1.41412 1.15582
1.63988 1.41356 1.15582
1.64175 1.41752 1.15658
1.64177 1.4176 1.15658
1.63988 1.41356 1.15582
1.63986 1.41351 1.156
1.64175 1.41751 1.1566
1.64175 1.41752 1.15658
1.63986 1.41351 1.156
1.64003 1.41407 1.15606
1.64177 1.41759 1.15661
1.64175 1.41751 1.1566
1.64003 1.41407 1.15606
1.64019 1.41463 1.15612
1.64179 1.41767 1.15662
1.64177 1.41759 1.15661
1.64019 1.41463 1.15612
1.64035 1.41518 1.1562
1.64182 1.41775 1.15663
1.64179 1.41767 1.15662
1.64035 1.41518 1.1562
1.64051 1.41573 1.15629
1.64184 1.41783 1.15664
1.64182 1.41775 1.15663
1.51466 1.43891 1.15023
1.51556 1.44201 1.1527
1.51801 1.44141 1.15266
1.51707 1.43817 1.14989
1.51707 1.43817 1.14989
1.51801 1.44141 1.15266
1.52185 1.44035 1.15274
1.52083 1.43683 1.14965
1.52083 1.43683 1.14965
1.52185 1.44035 1.15274
1.52575 1.43918 1.15294
1.52462 1.4353 1.14971
1.52462 1.4353 1.14971
1.52575 1.43918 1.15294
1.52963 1.43798 1.15317
1.5284 1.43375 1.14992
1.5284 1.43375 1.14992
1.52963 1.43798 1.15317
1.53352 1.43678 1.15335
1.53221 1.43226 1.15013
1.53221 1.43226 1.15013
1.53352 1.43678 1.15335
1.53741 1.43559 1.15351
1.53603 1.43083 1.15035
1.53603 1.43083 1.15035
1.53741 1.43559 1.15351
1.5413 1.43439 1.15364
1.53986 1.42946 1.15057
1.53986 1.42946 1.15057
1.5413 1.43439 1.15364
1.54518 1.43318 1.15374
1.54372 1.42814 1.15079
1.54372 1.42814 1.15079
1.54518 1.43318 1.15374
1.54906 1.43195 1.15383
1.54758 1.42687 1.151
1.54758 1.42687 1.151
1.54906 1.43195 1.15383
1.55294 1.43075 1.15391
1.55147 1.42567 1.15122
1.55147 1.42567 1.15122
1.55294 1.43075 1.15391
1.55684 1.42959 1.154
1.55538 1.42453 1.15143
1.55538 1.42453 1.15143
1.55684 1.42959 1.154
1.56075 1.42846 1.15408
1.5593 1.42345 1.15164
1.5593 1.42345 1.15164
1.56075 1.42846 1.15408
1.56467 1.42737 1.15418
1.56324 1.42242 1.15186
1.56324 1.42242 1.15186
1.56467 1.42737 1.15418
1.5686 1.42632 1.15427
1.56719 1.42145 1.15206
1.56719 1.42145 1.15206
1.5686 1.42632 1.15427
1.57254 1.42531 1.15436
1.57115 1.42053 1.15227
1.57115 1.42053 1.15227
1.57254 1.42531 1.15436
1.5765 1.42433 1.15445
1.57514 1.41965 1.15248
1.57514 1.41965 1.15248
1.5765 1.42433 1.15445
1.58045 1.42338 1.15454
1.57913 1.41881 1.15273
1.57913 1.41881 1.15273
1.58045 1.42338 1.15454
1.58442 1.42246 1.15463
1.58313 1.41801 1.15297
1.58313 1.41801 1.15297
1.58442 1.42246 1.15463
1.5884 1.42156 1.15472
1.58715 1.41726 1.15321
1.58715 1.41726 1.15321
1.5884 1.42156 1.15472
1.59238 1.4207 1.15481
1.59118 1.41654 1.15343
1.59118 1.41654 1.15343
1.59238 1.4207 1.15481
1.59638 1.41986 1.1549
1.59522 1.41587 1.15365
1.59522 1.41587 1.15365
1.59638 1.41986 1.1549
1.60037 1.41904 1.15498
1.59927 1.41523 1.15385
1.59927 1.41523 1.15385
1.60037 1.41904 1.15498
1.60438 1.41825 1.15507
1.60332 1.41462 1.15406
1.60332 1.41462 1.15406
1.60438 1.41825 1.15507
1.60839 1.41747 1.15515
1.60739 1.41404 1.15425
1.60739 1.41404 1.15425
1.60839 1.41747 1.15515
1.6124 1.41672 1.15523
1.61147 1.4135 1.15444
1.61147 1.4135 1.15444
1.6124 1.41672 1.15523
1.61642 1.41598 1.15531
1.61555 1.41298 1.15461
1.61555 1.41298 1.15461
1.61642 1.41598 1.15531
1.62045 1.41525 1.15539
1.61965 1.41248 1.15478
1.61965 1.41248 1.15478
1.62045 1.41525 1.15539
1.62448 1.41455 1.15547
1.62374 1.41201 1.15495
1.62374 1.41201 1.15495
1.62448 1.41455 1.15547
1.62852 1.41385 1.15554
1.62785 1.41155 1.1551
1.62785 1.41155 1.1551
1.62852 1.41385 1.15554
1.63238 1.4132 1.15561
1.63178 1.41114 1.15523
1.63178 1.41114 1.15523
1.63238 1.4132 1.15561
1.63333 1.41309 1.15563
1.63275 1.41111 1.15527
1.63275 1.41111 1.15527
1.63333 1.41309 1.15563
1.63413 1.41307 1.15566
1.63357 1.41115 1.15531
1.63357 1.41115 1.15531
1.63413 1.41307 1.15566
1.63494 1.4131 1.1557
1.63441 1.41128 1.15537
1.63441 1.41128 1.15537
1.63494 1.4131 1.1557
1.63577 1.41321 1.15575
1.63527 1.41149 1.15544
1.63527 1.41149 1.15544
1.63577 1.41321 1.15575
1.63662 1.41339 1.15581
1.63616 1.4118 1.15553
1.63616 1.4118 1.15553
1.63662 1.41339 1.15581
1.63751 1.41369 1.15589
1.63709 1.41225 1.15563
1.63709 1.41225 1.15563
1.63751 1.41369 1.15589
1.63844 1.41414 1.15599
1.63808 1.41289 1.15577
1.63808 1.41289 1.15577
1.63844 1.41414 1.15599
1.63946 1.41486 1.15613
1.63917 1.41387 1.15596
1.63917 1.41387 1.15596
1.63946 1.41486 1.15613
1.64067 1.41629 1.15638
1.64051 1.41573 1.15629
1.64051 1.41573 1.15629
1.64067 1.41629 1.15638
1.64186 1.4179 1.15666
1.64184 1.41783 1.15664
1.4933 1.4528 1.1555
1.4933 1.4528 1.1555
1.4933 1.4528 1.1555
1.4933 1.4528 1.1555
1.4933 1.4528 1.1555
1.4933 1.4528 1.1555
1.4933 1.4528 1.1555
1.4933 1.4528 1.1555
1.4933 1.4528 1.1555
1.4933 1.4528 1.1555
1.4933 1.4528 1.1555
1.4933 1.4528 1.1555
1.4933 1.4528 1.1555
1.4933 1.4528 1.1555
1.4933 1.4528 1.1555
1.4933 1.4528 1.1555
1.4933 1.4528 1.1555
1.4933 1.4528 1.1555
1.4933 1.4528 1.1555
1.4933 1.4528 1.1555
1.4933 1.4528 1.1555
1.4933 1.4528 1.1555
1.4933 1.4528 1.1555
1.4933 1.4528 1.1555
1.4933 1.4528 1.1555
1.4933 1.4528 1.1555
1.4933 1.4528 1.1555
1.4933 1.4528 1.1555
1.4933 1.4528 1.1555
1.4933 1.4528 1.1555
1.4933 1.4528 1.1555
1.4933 1.4528 1.1555
1.4933 1.4528 1.1555
1.4933 1.4528 1.1555
1.4933 1.4528 1.1555
1.4933 1.4528 1.1555
1.4933 1.4528 1.1555
1.4933 1.4528 1.1555
1.4933 1.4528 1.1555
1.4933 1.4528 1.1555
1.4933 1.4528 1.1555
1.4933 1.4528 1.1555
1.4933 1.4528 1.1555
1.4933 1.4528 1.1555
1.4933 1.4528 1.1555
1.4933 1.4528 1.1555
1.4933 1.4528 1.1555
1.4933 1.4528 1.1555
1.4933 1.4528 1.1555
1.4933 1.4528 1.1555
1.4933 1.4528 1.1555
1.4933 1.4528 1.1555
1.4933 1.4528 1.1555
1.4933 1.4528 1.1555
1.4933 1.4528 1.1555
1.4933 1.4528 1.1555
1.4933 1.4528 1.1555
1.4933 1.4528 1.1555
1.4933 1.4528 1.1555
1.4933 1.4528 1.1555
1.4933 1.4528 1.1555
1.4933 1.4528 1.1555
1.4933 1.4528 1.1555
1.4933 1.4528 1.1555
1.4933 1.4528 1.1555
1.4933 1.4528 1.1555
1.4933 1.4528 1.1555
1.4933 1.4528 1.1555
1.4933 1.4528 1.1555
1.4933 1.4528 1.1555
1.4933 1.4528 1.1555
1.4933 1.4528 1.1555
1.4933 1.4528 1.1555
1.4933 1.4528 1.1555
1.4933 1.4528 1.1555
1.4933 1.4528 1.1555
1.4933 1.4528 1.1555
1.4933 1.4528 1.1555
1.4933 1.4528 1.1555
1.4933 1.4528 1.1555
1.4933 1.4528 1.1555
1.4933 1.4528 1.1555
1.4933 1.4528 1.1555
1.4933 1.4528 1.1555
1.4933 1.4528 1.1555
1.4933 1.4528 1.1555
1.4933 1.4528 1.1555
1.4933 1.4528 1.1555
CELLS 924 4620
4 0 1 2 3
4 4 5 6 7
4 8 9 10 11
4 12 13 14 15
4 16 17 18 19
4 20 21 22 23
4 24 25 26 27
4 28 29 30 31
4 32 33 34 35
4 36 37 38 39
4 40 41 42 43
4 44 45 46 47
4 48 49 50 51
4 52 53 54 55
4 56 57 58 59
4 60 61 62 63
4 64 65 66 67
4 68 69 70 71
4 72 73 74 75
4 76 77 78 79
4 80 81 82 83
4 84 85 86 87
4 88 89 90 91
4 92 93 94 95
4 96 97 98 99
4 100 101 102 103
4 104 105 106 107
4 108 109 110 111
4 112 113 114 115
4 116 117 118 119
4 120 121 122 123
4 124 125 126 127
4 128 129 130 131
4 132 133 134 135
4 136 137 138 139
4 140 141 142 143
4 144 145 146 147
4 148 149 150 151
4 152 153 154 155
4 156 157 158 159
4 160 161 162 163
4 164 165 166 167
4 168 169 170 171
4 172 173 174 175
4 176 177 178 179
4 180 181 182 183
4 184 185 186 187
4 188 189 190 191
4 192 193 194 195
4 196 197 198 199
4 200 201 202 203
4 204 205 206 207
4 208 209 210 211
4 212 213 214 215
4 216 217 218 219
4 220 221 222 223
4 224 225 226 227
4 228 229 230 231
4 232 233 234 235
4 236 237 238 239
4 240 241 242 243
4 244 245 246 247
4 248 249 250 251
4 252 253 254 255
4 256 257 258 259
4 260 261 262 263
4 264 265 266 267
4 268 269 270 271
4 272 273 274 275
4 276 277 278 279
4 280 281 282 283
4 284 285 286 287
4 288 289 290 291
4 292 293 294 295
4 296 297 298 299
4 300 301 302 303
4 304 305 306 307
4 308 309 310 311
4 312 313 314 315
4 316 317 318 319
4 320 321 322 323
4 324 325 326 327
4 328 329 330 331
4 332 333 334 335
4 336 337 338 339
4 340 341 342 343
4 344 345 346 347
4 348 349 350 351
4 352 353 354 355
4 356 357 358 359
4 360 361 362 363
4 364 365 366 367
4 368 369 370 371
4 372 373 374 375
4 376 377 378 379
4 380 381 382 383
4 384 385 386 387
4 388 389 390 391
4 392 393 394 395
4 396 397 398 399
4 400 401 402 403
4 404 405 406 407
4 408 409 410 411
4 412 413 414 415
4 416 417 418 419
4 420 421 422 423
4 424 425 426 427
4 428 429 430 431
4 432 433 434 435
4 436 437 438 439
4 440 441 442 443
4 444 445 446 447
4 448 449 450 451
4 452 453 454 455
4 456 457 458 459
4 460 461 462 463
4 464 465 466 467
4 468 469 470 471
4 472 473 474 475
4 476 477 478 479
4 480 481 482 483
4 484 485 486 487
4 488 489 490 491
4 492 493 494 495
4 496 497 498 499
4 500 501 502 503
4 504 505 506 507
4 508 509 510 511
4 512 513 514 515
4 516 517 518 519
4 520 521 522 523
4 524 525 526 527
4 528 529 530 531
4 532 533 534 535
4 536 537 538 539
4 540 541 542 543
4 544 545 546 547
4 548 549 550 551
4 552 553 554 555
4 556 557 558 559
4 560 561 562 563
4 564 565 566 567
4 568 569 570 571
4 572 573 574 575
4 576 577 578 579
4 580 581 582 583
4 584 585 586 587
4 588 589 590 591
4 592 593 594 595
4 596 597 598 599
4 600 601 602 603
4 604 605 606 607
4 608 609 610 611
4 612 613 614 615
4 616 617 618 619
4 620 621 622 623
4 624 625 626 627
4 628 629 630 631
4 632 633 634 635
4 636 637 638 639
4 640 641 642 643
4 644 645 646 647
4 648 649 650 651
4 652 653 654 655
4 656 657 658 659
4 660 661 662 663
4 664 665 666 667
4 668 669 670 671
4 672 673 674 675
4 676 677 678 679
4 680 681 682 683
4 684 685 686 687
4 688 689 690 691
4 692 693 694 695
4 696 697 698 699
4 700 701 702 703
4 704 705 706 707
4 708 709 710 711
4 712 713 714 715
4 716 717 718 719
4 720 721 722 723
4 724 725 726 727
4 728 729 730 731
4 732 733 734 735
4 736 737 738 739
4 740 741 742 743
4 744 745 746 747
4 748 749 750 751
4 752 753 754 755
4 756 757 758 759
4 760 761 762 763
4 764 765 766 767
4 768 769 770 771
4 772 773 774 775
4 776 777 778 779
4 780 781 782 783
4 784 785 786 787
4 788 789 790 791
4 792 793 794 795
4 796 797 798 799
4 800 801 802 803
4 804 805 806 807
4 808 809 810 811
4 812 813 814 815
4 816 817 818 819
4 820 821 822 823
4 824 825 826 827
4 828 829 830 831
4 832 833 834 835
4 836 837 838 839
4 840 841 842 843
4 844 845 846 847
4 848 849 850 851
4 852 853 854 855
4 856 857 858 859
4 860 861 862 863
4 864 865 866 867
4 868 869 870 871
4 872 873 874 875
4 876 877 878 879
4 880 881 882 883
4 884 885 886 887
4 888 889 890 891
4 892 893 894 895
4 896 897 898 899
4 900 901 902 903
4 904 905 906 907
4 908 909 910 911
4 912 913 914 915
4 916 917 918 919
4 920 921 922 923
4 924 925 926 927
4 928 929 930 931
4 932 933 934 935
4 936 937 938 939
4 940 941 942 943
4 944 945 946 947
4 948 949 950 951
4 952 953 954 955
4 956 957 958 959
4 960 961 962 963
4 964 965 966 967
4 968 969 970 971
4 972 973 974 975
4 976 977 978 979
4 980 981 982 983
4 984 985 986 987
4 988 989 990 991
4 992 993 994 995
4 996 997 998 999
4 1000 1001 1002 1003
4 1004 1005 1006 1007
4 1008 1009 1010 1011
4 1012 1013 1014 1015
4 1016 1017 1018 1019
4 1020 1021 1022 1023
4 1024 1025 1026 1027
4 1028 1029 1030 1031
4 1032 1033 1034 1035
4 1036 1037 1038 1039
4 1040 1041 1042 1043
4 1044 1045 1046 1047
4 1048 1049 1050 1051
4 1052 1053 1054 1055
4 1056 1057 1058 1059
4 1060 1061 1062 1063
4 1064 1065 1066 1067
4 1068 1069 1070 1071
4 1072 1073 1074 1075
4 1076 1077 1078 1079
4 1080 1081 1082 1083
4 1084 1085 1086 1087
4 1088 1089 1090 1091
4 1092 1093 1094 1095
4 1096 1097 1098 1099
4 1100 1101 1102 1103
4 1104 1105 1106 1107
4 1108 1109 1110 1111
4 1112 1113 1114 1115
4 1116 1117 1118 1119
4 1120 1121 1122 1123
4 1124 1125 1126 1127
4 1128 1129 1130 1131
4 1132 1133 1134 1135
4 1136 1137 1138 1139
4 1140 1141 1142 1143
4 1144 1145 1146 1147
4 1148 1149 1150 1151
4 1152 1153 1154 1155
4 1156 1157 1158 1159
4 1160 1161 1162 1163
4 1164 1165 1166 1167
4 1168 1169 1170 1171
4 1172 1173 1174 1175
4 1176 1177 1178 1179
4 1180 1181 1182 1183
4 1184 1185 1186 1187
4 1188 1189 1190 1191
4 1192 1193 1194 1195
4 1196 1197 1198 1199
4 1200 1201 1202 1203
4 1204 1205 1206 1207
4 1208 1209 1210 1211
4 1212 1213 1214 1215
4 1216 1217 1218 1219
4 1220 1221 1222 1223
4 1224 1225 1226 1227
4 1228 1229 1230 1231
4 1232 1233 1234 1235
4 1236 1237 1238 1239
4 1240 1241 1242 1243
4 1244 1245 1246 1247
4 1248 1249 1250 1251
4 1252 1253 1254 1255
4 1256 1257 1258 1259
4 1260 1261 1262 1263
4 1264 1265 1266 1267
4 1268 1269 1270 1271
4 1272 1273 1274 1275
4 1276 1277 1278 1279
4 1280 1281 1282 1283
4 1284 1285 1286 1287
4 1288 1289 1290 1291
4 1292 1293 1294 1295
4 1296 1297 1298 1299
4 1300 1301 1302 1303
4 1304 1305 1306 1307
4 1308 1309 1310 1311
4 1312 1313 1314 1315
4 1316 1317 1318 1319
4 1320 1321 1322 1323
4 1324 1325 1326 1327
4 1328 1329 1330 1331
4 1332 1333 1334 1335
4 1336 1337 1338 1339
4 1340 1341 1342 1343
4 1344 1345 1346 1347
4 1348 1349 1350 1351
4 1352 1353 1354 1355
4 1356 1357 1358 1359
4 1360 1361 1362 1363
4 1364 1365 1366 1367
4 1368 1369 1370 1371
4 1372 1373 1374 1375
4 1376 1377 1378 1379
4 1380 1381 1382 1383
4 1384 1385 1386 1387
4 1388 1389 1390 1391
4 1392 1393 1394 1395
4 1396 1397 1398 1399
4 1400 1401 1402 1403
4 1404 1405 1406 1407
4 1408 1409 1410 1411
4 1412 1413 1414 1415
4 1416 1417 1418 1419
4 1420 1421 1422 1423
4 1424 1425 1426 1427
4 1428 1429 1430 1431
4 1432 1433 1434 1435
4 1436 1437 1438 1439
4 1440 1441 1442 1443
4 1444 1445 1446 1447
4 1448 1449 1450 1451
4 1452 1453 1454 1455
4 1456 1457 1458 1459
4 1460 1461 1462 1463
4 1464 1465 1466 1467
4 1468 1469 1470 1471
4 1472 1473 1474 1475
4 1476 1477 1478 1479
4 1480 1481 1482 1483
4 1484 1485 1486 1487
4 1488 1489 1490 1491
4 1492 1493 1494 1495
4 1496 1497 1498 1499
4 1500 1501 1502 1503
4 1504 1505 1506 1507
4 1508 1509 1510 1511
4 1512 1513 1514 1515
4 1516 1517 1518 1519
4 1520 1521 1522 1523
4 1524 1525 1526 1527
4 1528 1529 1530 1531
4 1532 1533 1534 1535
4 1536 1537 1538 1539
4 1540 1541 1542 1543
4 1544 1545 1546 1547
4 1548 1549 1550 1551
4 1552 1553 1554 1555
4 1556 1557 1558 1559
4 1560 1561 1562 1563
4 1564 1565 1566 1567
4 1568 1569 1570 1571
4 1572 1573 1574 1575
4 1576 1577 1578 1579
4 1580 1581 1582 1583
4 1584 1585 1586 1587
4 1588 1589 1590 1591
4 1592 1593 1594 1595
4 1596 1597 1598 1599
4 1600 1601 1602 1603
4 1604 1605 1606 1607
4 1608 1609 1610 1611
4 1612 1613 1614 1615
4 1616 1617 1618 1619
4 1620 1621 1622 1623
4 1624 1625 1626 1627
4 1628 1629 1630 1631
4 1632 1633 1634 1635
4 1636 1637 1638 1639
4 1640 1641 1642 1643
4 1644 1645 1646 1647
4 1648 1649 1650 1651
4 1652 1653 1654 1655
4 1656 1657 1658 1659
4 1660 1661 1662 1663
4 1664 1665 1666 1667
4 1668 1669 1670 1671
4 1672 1673 1674 1675
4 1676 1677 1678 1679
4 1680 1681 1682 1683
4 1684 1685 1686 1687
4 1688 1689 1690 1691
4 1692 1693 1694 1695
4 1696 1697 1698 1699
4 1700 1701 1702 1703
4 1704 1705 1706 1707
4 1708 1709 1710 1711
4 1712 1713 1714 1715
4 1716 1717 1718 1719
4 1720 1721 1722 1723
4 1724 1725 1726 1727
4 1728 1729 1730 1731
4 1732 1733 1734 1735
4 1736 1737 1738 1739
4 1740 1741 1742 1743
4 1744 1745 1746 1747
4 1748 1749 1750 1751
4 1752 1753 1754 1755
4 1756 1757 1758 1759
4 1760 1761 1762 1763
4 1764 1765 1766 1767
4 1768 1769 1770 1771
4 1772 1773 1774 1775
4 1776 1777 1778 1779
4 1780 1781 1782 1783
4 1784 1785 1786 1787
4 1788 1789 1790 1791
4 1792 1793 1794 1795
4 1796 1797 1798 1799
4 1800 1801 1802 1803
4 1804 1805 1806 1807
4 1808 1809 1810 1811
4 1812 1813 1814 1815
4 1816 1817 1818 1819
4 1820 1821 1822 1823
4 1824 1825 1826 1827
4 1828 1829 1830 1831
4 1832 1833 1834 1835
4 1836 1837 1838 1839
4 1840 1841 1842 1843
4 1844 1845 1846 1847
4 1848 1849 1850 1851
4 1852 1853 1854 1855
4 1856 1857 1858 1859
4 1860 1861 1862 1863
4 1864 1865 1866 1867
4 1868 1869 1870 1871
4 1872 1873 1874 1875
4 1876 1877 1878 1879
4 1880 1881 1882 1883
4 1884 1885 1886 1887
4 1888 1889 1890 1891
4 1892 1893 1894 1895
4 1896 1897 1898 1899
4 1900 1901 1902 1903
4 1904 1905 1906 1907
4 1908 1909 1910 1911
4 1912 1913 1914 1915
4 1916 1917 1918 1919
4 1920 1921 1922 1923
4 1924 1925 1926 1927
4 1928 1929 1930 1931
4 1932 1933 1934 1935
4 1936 1937 1938 1939
4 1940 1941 1942 1943
4 1944 1945 1946 1947
4 1948 1949 1950 1951
4 1952 1953 1954 1955
4 1956 1957 1958 1959
4 1960 1961 1962 1963
4 1964 1965 1966 1967
4 1968 1969 1970 1971
4 1972 1973 1974 1975
4 1976 1977 1978 1979
4 1980 1981 1982 1983
4 1984 1985 1986 1987
4 1988 1989 1990 1991
4 1992 1993 1994 1995
4 1996 1997 1998 1999
4 2000 2001 2002 2003
4 2004 2005 2006 2007
4 2008 2009 2010 2011
4 2012 2013 2014 2015
4 2016 2017 2018 2019
4 2020 2021 2022 2023
4 2024 2025 2026 2027
4 2028 2029 2030 2031
4 2032 2033 2034 2035
4 2036 2037 2038 2039
4 2040 2041 2042 2043
4 2044 2045 2046 2047
4 2048 2049 2050 2051
4 2052 2053 2054 2055
4 2056 2057 2058 2059
4 2060 2061 2062 2063
4 2064 2065 2066 2067
4 2068 2069 2070 2071
4 2072 2073 2074 2075
4 2076 2077 2078 2079
4 2080 2081 2082 2083
4 2084 2085 2086 2087
4 2088 2089 2090 2091
4 2092 2093 2094 2095
4 2096 2097 2098 2099
4 2100 2101 2102 2103
4 2104 2105 2106 2107
4 2108 2109 2110 2111
4 2112 2113 2114 2115
4 2116 2117 2118 2119
4 2120 2121 2122 2123
4 2124 2125 2126 2127
4 2128 2129 2130 2131
4 2132 2133 2134 2135
4 2136 2137 2138 2139
4 2140 2141 2142 2143
4 2144 2145 2146 2147
4 2148 2149 2150 2151
4 2152 2153 2154 2155
4 2156 2157 2158 2159
4 2160 2161 2162 2163
4 2164 2165 2166 2167
4 2168 2169 2170 2171
4 2172 2173 2174 2175
4 2176 2177 2178 2179
4 2180 2181 2182 2183
4 2184 2185 2186 2187
4 2188 2189 2190 2191
4 2192 2193 2194 2195
4 2196 2197 2198 2199
4 2200 2201 2202 2203
4 2204 2205 2206 2207
4 2208 2209 2210 2211
4 2212 2213 2214 2215
4 2216 2217 2218 2219
4 2220 2221 2222 2223
4 2224 2225 2226 2227
4 2228 2229 2230 2231
4 2232 2233 2234 2235
4 2236 2237 2238 2239
4 2240 2241 2242 2243
4 2244 2245 2246 2247
4 2248 2249 2250 2251
4 2252 2253 2254 2255
4 2256 2257 2258 2259
4 2260 2261 2262 2263
4 2264 2265 2266 2267
4 2268 2269 2270 2271
4 2272 2273 2274 2275
4 2276 2277 2278 2279
4 2280 2281 2282 2283
4 2284 2285 2286 2287
4 2288 2289 2290 2291
4 2292 2293 2294 2295
4 2296 2297 2298 2299
4 2300 2301 2302 2303
4 2304 2305 2306 2307
4 2308 2309 2310 2311
4 2312 2313 2314 2315
4 2316 2317 2318 2319
4 2320 2321 2322 2323
4 2324 2325 2326 2327
4 2328 2329 2330 2331
4 2332 2333 2334 2335
4 2336 2337 2338 2339
4 2340 2341 2342 2343
4 2344 2345 2346 2347
4 2348 2349 2350 2351
4 2352 2353 2354 2355
4 2356 2357 2358 2359
4 2360 2361 2362 2363
4 2364 2365 2366 2367
4 2368 2369 2370 2371
4 2372 2373 2374 2375
4 2376 2377 2378 2379
4 2380 2381 2382 2383
4 2384 2385 2386 2387
4 2388 2389 2390 2391
4 2392 2393 2394 2395
4 2396 2397 2398 2399
4 2400 2401 2402 2403
4 2404 2405 2406 2407
4 2408 2409 2410 2411
4 2412 2413 2414 2415
4 2416 2417 2418 2419
4 2420 2421 2422 2423
4 2424 2425 2426 2427
4 2428 2429 2430 2431
4 2432 2433 2434 2435
4 2436 2437 2438 2439
4 2440 2441 2442 2443
4 2444 2445 2446 2447
4 2448 2449 2450 2451
4 2452 2453 2454 2455
4 2456 2457 2458 2459
4 2460 2461 2462 2463
4 2464 2465 2466 2467
4 2468 2469 2470 2471
4 2472 2473 2474 2475
4 2476 2477 2478 2479
4 2480 2481 2482 2483
4 2484 2485 2486 2487
4 2488 2489 2490 2491
4 2492 2493 2494 2495
4 2496 2497 2498 2499
4 2500 2501 2502 2503
4 2504 2505 2506 2507
4 2508 2509 2510 2511
4 2512 2513 2514 2515
4 2516 2517 2518 2519
4 2520 2521 2522 2523
4 2524 2525 2526 2527
4 2528 2529 2530 2531
4 2532 2533 2534 2535
4 2536 2537 2538 2539
4 2540 2541 2542 2543
4 2544 2545 2546 2547
4 2548 2549 2550 2551
4 2552 2553 2554 2555
4 2556 2557 2558 2559
4 2560 2561 2562 2563
4 2564 2565 2566 2567
4 2568 2569 2570 2571
4 2572 2573 2574 2575
4 2576 2577 2578 2579
4 2580 2581 2582 2583
4 2584 2585 2586 2587
4 2588 2589 2590 2591
4 2592 2593 2594 2595
4 2596 2597 2598 2599
4 2600 2601 2602 2603
4 2604 2605 2606 2607
4 2608 2609 2610 2611
4 2612 2613 2614 2615
4 2616 2617 2618 2619
4 2620 2621 2622 2623
4 2624 2625 2626 2627
4 2628 2629 2630 2631
4 2632 2633 2634 2635
4 2636 2637 2638 2639
4 2640 2641 2642 2643
4 2644 2645 2646 2647
4 2648 2649 2650 2651
4 2652 2653 2654 2655
4 2656 2657 2658 2659
4 2660 2661 2662 2663
4 2664 2665 2666 2667
4 2668 2669 2670 2671
4 2672 2673 2674 2675
4 2676 2677 2678 2679
4 2680 2681 2682 2683
4 2684 2685 2686 2687
4 2688 2689 2690 2691
4 2692 2693 2694 2695
4 2696 2697 2698 2699
4 2700 2701 2702 2703
4 2704 2705 2706 2707
4 2708 2709 2710 2711
4 2712 2713 2714 2715
4 2716 2717 2718 2719
4 2720 2721 2722 2723
4 2724 2725 2726 2727
4 2728 2729 2730 2731
4 2732 2733 2734 2735
4 2736 2737 2738 2739
4 2740 2741 2742 2743
4 2744 2745 2746 2747
4 2748 2749 2750 2751
4 2752 2753 2754 2755
4 2756 2757 2758 2759
4 2760 2761 2762 2763
4 2764 2765 2766 2767
4 2768 2769 2770 2771
4 2772 2773 2774 2775
4 2776 2777 2778 2779
4 2780 2781 2782 2783
4 2784 2785 2786 2787
4 2788 2789 2790 2791
4 2792 2793 2794 2795
4 2796 2797 2798 2799
4 2800 2801 2802 2803
4 2804 2805 2806 2807
4 2808 2809 2810 2811
4 2812 2813 2814 2815
4 2816 2817 2818 2819
4 2820 2821 2822 2823
4 2824 2825 2826 2827
4 2828 2829 2830 2831
4 2832 2833 2834 2835
4 2836 2837 2838 2839
4 2840 2841 2842 2843
4 2844 2845 2846 2847
4 2848 2849 2850 2851
4 2852 2853 2854 2855
4 2856 2857 2858 2859
4 2860 2861 2862 2863
4 2864 2865 2866 2867
4 2868 2869 2870 2871
4 2872 2873 2874 2875
4 2876 2877 2878 2879
4 2880 2881 2882 2883
4 2884 2885 2886 2887
4 2888 2889 2890 2891
4 2892 2893 2894 2895
4 2896 2897 2898 2899
4 2900 2901 2902 2903
4 2904 2905 2906 2907
4 2908 2909 2910 2911
4 2912 2913 2914 2915
4 2916 2917 2918 2919
4 2920 2921 2922 2923
4 2924 2925 2926 2927
4 2928 2929 2930 2931
4 2932 2933 2934 2935
4 2936 2937 2938 2939
4 2940 2941 2942 2943
4 2944 2945 2946 2947
4 2948 2949 2950 2951
4 2952 2953 2954 2955
4 2956 2957 2958 2959
4 2960 2961 2962 2963
4 2964 2965 2966 2967
4 2968 2969 2970 2971
4 2972 2973 2974 2975
4 2976 2977 2978 2979
4 2980 2981 2982 2983
4 2984 2985 2986 2987
4 2988 2989 2990 2991
4 2992 2993 2994 2995
4 2996 2997 2998 2999
4 3000 3001 3002 3003
4 3004 3005 3006 3007
4 3008 3009 3010 3011
4 3012 3013 3014 3015
4 3016 3017 3018 3019
4 3020 3021 3022 3023
4 3024 3025 3026 3027
4 3028 3029 3030 3031
4 3032 3033 3034 3035
4 3036 3037 3038 3039
4 3040 3041 3042 3043
4 3044 3045 3046 3047
4 3048 3049 3050 3051
4 3052 3053 3054 3055
4 3056 3057 3058 3059
4 3060 3061 3062 3063
4 3064 3065 3066 3067
4 3068 3069 3070 3071
4 3072 3073 3074 3075
4 3076 3077 3078 3079
4 3080 3081 3082 3083
4 3084 3085 3086 3087
4 3088 3089 3090 3091
4 3092 3093 3094 3095
4 3096 3097 3098 3099
4 3100 3101 3102 3103
4 3104 3105 3106 3107
4 3108 3109 3110 3111
4 3112 3113 3114 3115
4 3116 3117 3118 3119
4 3120 3121 3122 3123
4 3124 3125 3126 3127
4 3128 3129 3130 3131
4 3132 3133 3134 3135
4 3136 3137 3138 3139
4 3140 3141 3142 3143
4 3144 3145 3146 3147
4 3148 3149 3150 3151
4 3152 3153 3154 3155
4 3156 3157 3158 3159
4 3160 3161 3162 3163
4 3164 3165 3166 3167
4 3168 3169 3170 3171
4 3172 3173 3174 3175
4 3176 3177 3178 3179
4 3180 3181 3182 3183
4 3184 3185 3186 3187
4 3188 3189 3190 3191
4 3192 3193 3194 3195
4 3196 3197 3198 3199
4 3200 3201 3202 3203
4 3204 3205 3206 3207
4 3208 3209 3210 3211
4 3212 3213 3214 3215
4 3216 3217 3218 3219
4 3220 3221 3222 3223
4 3224 3225 3226 3227
4 3228 3229 3230 3231
4 3232 3233 3234 3235
4 3236 3237 3238 3239
4 3240 3241 3242 3243
4 3244 3245 3246 3247
4 3248 3249 3250 3251
4 3252 3253 3254 3255
4 3256 3257 3258 3259
4 3260 3261 3262 3263
4 3264 3265 3266 3267
4 3268 3269 3270 3271
4 3272 3273 3274 3275
4 3276 3277 3278 3279
4 3280 3281 3282 3283
4 3284 3285 3286 3287
4 3288 3289 3290 3291
4 3292 3293 3294 3295
4 3296 3297 3298 3299
4 3300 3301 3302 3303
4 3304 3305 3306 3307
4 3308 3309 3310 3311
4 3312 3313 3314 3315
4 3316 3317 3318 3319
4 3320 3321 3322 3323
4 3324 3325 3326 3327
4 3328 3329 3330 3331
4 3332 3333 3334 3335
4 3336 3337 3338 3339
4 3340 3341 3342 3343
4 3344 3345 3346 3347
4 3348 3349 3350 3351
4 3352 3353 3354 3355
4 3356 3357 3358 3359
4 3360 3361 3362 3363
4 3364 3365 3366 3367
4 3368 3369 3370 3371
4 3372 3373 3374 3375
4 3376 3377 3378 3379
4 3380 3381 3382 3383
4 3384 3385 3386 3387
4 3388 3389 3390 3391
4 3392 3393 3394 3395
4 3396 3397 3398 3399
4 3400 3401 3402 3403
4 3404 3405 3406 3407
4 3408 3409 3410 3411
4 3412 3413 3414 3415
4 3416 3417 3418 3419
4 3420 3421 3422 3423
4 3424 3425 3426 3427
4 3428 3429 3430 3431
4 3432 3433 3434 3435
4 3436 3437 3438 3439
4 3440 3441 3442 3443
4 3444 3445 3446 3447
4 3448 3449 3450 3451
4 3452 3453 3454 3455
4 3456 3457 3458 3459
4 3460 3461 3462 3463
4 3464 3465 3466 3467
4 3468 3469 3470 3471
4 3472 3473 3474 3475
4 3476 3477 3478 3479
4 3480 3481 3482 3483
4 3484 3485 3486 3487
4 3488 3489 3490 3491
4 3492 3493 3494 3495
4 3496 3497 3498 3499
4 3500 3501 3502 3503
4 3504 3505 3506 3507
4 3508 3509 3510 3511
4 3512 3513 3514 3515
4 3516 3517 3518 3519
4 3520 3521 3522 3523
4 3524 3525 3526 3527
4 3528 3529 3530 3531
4 3532 3533 3534 3535
4 3536 3537 3538 3539
4 3540 3541 3542 3543
4 3544 3545 3546 3547
4 3548 3549 3550 3551
4 3552 3553 3554 3555
4 3556 3557 3558 3559
4 3560 3561 3562 3563
4 3564 3565 3566 3567
4 3568 3569 3570 3571
4 3572 3573 3574 3575
4 3576 3577 3578 3579
4 3580 3581 3582 3583
4 3584 3585 3586 3587
4 3588 3589 3590 3591
4 3592 3593 3594 3595
4 3596 3597 3598 3599
4 3600 3601 3602 3603
4 3604 3605 3606 3607
4 3608 3609 3610 3611
4 3612 3613 3614 3615
4 3616 3617 3618 3619
4 3620 3621 3622 3623
4 3624 3625 3626 3627
4 3628 3629 3630 3631
4 3632 3633 3634 3635
4 3636 3637 3638 3639
4 3640 3641 3642 3643
4 3644 3645 3646 3647
4 3648 3649 3650 3651
4 3652 3653 3654 3655
4 3656 3657 3658 3659
4 3660 3661 3662 3663
4 3664 3665 3666 3667
4 3668 3669 3670 3671
4 3672 3673 3674 3675
4 3676 3677 3678 3679
4 3680 3681 3682 3683
4 3684 3685 3686 3687
4 3688 3689 3690 3691
4 3692 3693 3694 3695
CELL_TYPES 924
9
9
9
9
9
9
9
9
9
9
9
9
9
9
9
9
9
9
9
9
9
9
9
9
9
9
9
9
9
9
9
9
9
9
9
9
9
9
9
9
9
9
9
9
9
9
9
9
9
9
9
9
9
9
9
9
9
9
9
9
9
9
9
9
9
9
9
9
9
9
9
9
9
9
9
9
9
9
9
9
9
9
9
9
9
9
9
9
9
9
9
9
9
9
9
9
9
9
9
9
9
9
9
9
9
9
9
9
9
9
9
9
9
9
9
9
9
9
9
9
9
9
9
9
9
9
9
9
9
9
9
9
9
9
9
9
9
9
9
9
9
9
9
9
9
9
9
9
9
9
9
9
9
9
9
9
9
9
9
9
9
9
9
9
9
9
9
9
9
9
9
9
9
9
9
9
9
9
9
9
9
9
9
9
9
9
9
9
9
9
9
9
9
9
9
9
9
9
9
9
9
9
9
9
9
9
9
9
9
9
9
9
9
9
9
9
9
9
9
9
9
9
9
9
9
9
9
9
9
9
9
9
9
9
9
9
9
9
9
9
9
9
9
9
9
9
9
9
9
9
9
9
9
9
9
9
9
9
9
9
9
9
9
9
9
9
9
9
9
9
9
9
9
9
9
9
9
9
9
9
9
9
9
9
9
9
9
9
9
9
9
9
9
9
9
9
9
9
9
9
9
9
9
9
9
9
9
9
9
9
9
9
9
9
9
9
9
9
9
9
9
9
9
9
9
9
9
9
9
9
9
9
9
9
9
9
9
9
9
9
9
9
9
9
9
9
9
9
9
9
9
9
9
9
9
9
9
9
9
9
9
9
9
9
9
9
9
9
9
9
9
9
9
9
9
9
9
9
9
9
9
9
9
9
9
9
9
9
9
9
9
9
9
9
9
9
9
9
9
9
9
9
9
9
9
9
9
9
9
9
9
9
9
9
9
9
9
9
9
9
9
9
9
9
9
9
9
9
9
9
9
9
9
9
9
9
9
9
9
9
9
9
9
9
9
9
9
9
9
9
9
9
9
9
9
9
9
9
9
9
9
9
9
9
9
9
9
9
9
9
9
9
9
9
9
9
9
9
9
9
9
9
9
9
9
9
9
9
9
9
9
9
9
9
9
9
9
9
9
9
9
9
9
9
9
9
9
9
9
9
9
9
9
9
9
9
9
9
9
9
9
9
9
9
9
9
9
9
9
9
9
9
9
9
9
9
9
9
9
9
9
9
9
9
9
9
9
9
9
9
9
9
9
9
9
9
9
9
9
9
9
9
9
9
9
9
9
9
9
9
9
9
9
9
9
9
9
9
9
9
9
9
9
9
9
9
9
9
9
9
9
9
9
9
9
9
9
9
9
9
9
9
9
9
9
9
9
9
9
9
9
9
9
9
9
9
9
9
9
9
9
9
9
9
9
9
9
9
9
9
9
9
9
9
9
9
9
9
9
9
9
9
9
9
9
9
9
9
9
9
9
9
9
9
9
9
9
9
9
9
9
9
9
9
9
9
9
9
9
9
9
9
9
9
9
9
9
9
9
9
9
9
9
9
9
9
9
9
9
9
9
9
9
9
9
9
9
9
9
9
9
9
9
9
9
9
9
9
9
9
9
9
9
9
9
9
9
9
9
9
9
9
9
9
9
9
9
9
9
9
9
9
9
9
9
9
9
9
9
9
9
9
9
9
9
9
9
9
9
9
9
9
9
9
9
9
9
9
9
9
9
9
9
9
9
9
9
9
9
9
9
9
9
9
9
9
9
9
9
9
9
9
9
9
9
9
9
9
9
9
9
9
9
9
9
9
9
9
9
9
9
9
9
9
9
9
9
9
9
9
9
9
9
9
9
9
9
9
9
9
9
9
9
9
9
9
9
9
9
9
9
9
9
9
9
9
9
9
9
9
9
9
9
9
9
9
9
9
9
9
9
9
9
9
9
9
9
9
9
9
9
9
9
9
9
9
9
9
9
9
9
9
9
9
9
9
9
9
9
9
9
9
9
9
9
9
9
9
9
9
9
9
9
9
9
9
9
9
9
9
9
9
9
9
9
9
9
9
9
9
9
9
9
9
9
9
9
9
9
9
9
9
9
9
CELL_DATA 924
SCALARS area double 1
LOOKUP_TABLE default
1.06146e-05
1.06875e-05
1.0718e-05
1.07889e-05
1.10438e-05
8.24196e-06
1.09172e-05
1.09875e-05
1.0865e-05
1.07535e-05
1.82013e-05
1.82919e-05
1.82964e-05
1.82842e-05
1.82324e-05
1.22908e-05
1.82647e-05
1.8319e-05
1.8306e-05
1.82904e-05
2.02791e-05
2.04752e-05
2.06224e-05
2.0743e-05
2.0574e-05
1.17046e-05
2.07291e-05
2.05178e-05
2.04378e-05
2.03854e-05
2.16776e-05
2.19439e-05
2.21933e-05
2.24462e-05
2.24081e-05
1.10206e-05
2.25729e-05
2.21959e-05
2.19935e-05
2.1849e-05
2.27764e-05
2.30094e-05
2.32115e-05
2.3426e-05
2.3436e-05
1.0557e-05
2.35805e-05
2.32693e-05
2.30839e-05
2.29489e-05
2.35832e-05
2.37898e-05
2.39533e-05
2.41347e-05
2.41755e-05
1.02314e-05
2.43022e-05
2.40441e-05
2.38767e-05
2.37532e-05
2.41377e-05
2.43233e-05
2.44559e-05
2.46095e-05
2.46707e-05
1.00307e-05
2.47757e-05
2.45625e-05
2.44135e-05
2.43025e-05
2.44373e-05
2.46081e-05
2.47194e-05
2.4854e-05
2.49312e-05
9.88289e-06
2.4987e-05
2.4814e-05
2.46864e-05
2.45912e-05
2.44329e-05
2.45914e-05
2.46862e-05
2.48063e-05
2.48981e-05
9.70145e-06
2.49024e-05
2.47635e-05
2.46558e-05
2.45754e-05
2.4235e-05
2.43812e-05
2.44596e-05
2.45621e-05
2.46511e-05
9.48111e-06
2.46332e-05
2.45233e-05
2.44348e-05
2.43685e-05
2.39545e-05
2.40889e-05
2.41522e-05
2.42369e-05
2.4316e-05
9.24876e-06
2.42974e-05
2.421e-05
2.41369e-05
2.40816e-05
2.35853e-05
2.37101e-05
2.37621e-05
2.38334e-05
2.39047e-05
9.00809e-06
2.38819e-05
2.38122e-05
2.37517e-05
2.37056e-05
2.31892e-05
2.33057e-05
2.33484e-05
2.34087e-05
2.34736e-05
8.77876e-06
2.34504e-05
2.33941e-05
2.33432e-05
2.3304e-05
2.27106e-05
2.28198e-05
2.28553e-05
2.2907e-05
2.29668e-05
8.53768e-06
2.2942e-05
2.28963e-05
2.28531e-05
2.28197e-05
2.21914e-05
2.22941e-05
2.23238e-05
2.23684e-05
2.2424e-05
8.29606e-06
2.23983e-05
2.23608e-05
2.23239e-05
2.22952e-05
2.16356e-05
2.17308e-05
2.17554e-05
2.17944e-05
2.1849e-05
8.043e-06
2.18212e-05
2.17934e-05
2.17623e-05
2.17358e-05
2.10011e-05
2.10848e-05
2.11056e-05
2.1141e-05
2.11997e-05
7.71967e-06
2.11621e-05
2.11475e-05
2.11239e-05
2.10979e-05
2.03319e-05
2.04003e-05
2.04178e-05
2.04484e-05
2.05039e-05
7.36307e-06
2.04659e-05
2.04531e-05
2.04329e-05
2.04114e-05
1.96294e-05
1.96847e-05
1.96998e-05
1.97271e-05
1.97812e-05
7.02548e-06
1.97388e-05
1.97279e-05
1.97112e-05
1.96938e-05
1.88586e-05
1.89024e-05
1.89151e-05
1.89389e-05
1.89911e-05
6.67796e-06
1.89482e-05
1.89388e-05
1.89247e-05
1.89105e-05
1.80712e-05
1.81051e-05
1.81154e-05
1.81359e-05
1.8186e-05
6.34628e-06
1.81438e-05
1.81358e-05
1.8124e-05
1.81124e-05
1.72216e-05
1.72472e-05
1.72554e-05
1.72731e-05
1.73215e-05
6.01619e-06
1.72798e-05
1.72731e-05
1.72633e-05
1.72537e-05
1.63479e-05
1.63664e-05
1.63728e-05
1.63878e-05
1.64339e-05
5.69068e-06
1.63936e-05
1.63881e-05
1.638e-05
1.63723e-05
1.54481e-05
1.54608e-05
1.54658e-05
1.54785e-05
1.55229e-05
5.36609e-06
1.54831e-05
1.54784e-05
1.54719e-05
1.54659e-05
1.44952e-05
1.45033e-05
1.45069e-05
1.45174e-05
1.45594e-05
5.02659e-06
1.45215e-05
1.45177e-05
1.45124e-05
1.45077e-05
1.35211e-05
1.35256e-05
1.3528e-05
1.35366e-05
1.35762e-05
4.6862e-06
1.35402e-05
1.35371e-05
1.35329e-05
1.35293e-05
1.25259e-05
1.25276e-05
1.2529e-05
1.25358e-05
1.25727e-05
4.34277e-06
1.25392e-05
1.25367e-05
1.25335e-05
1.25308e-05
1.14886e-05
1.14884e-05
1.14891e-05
1.14944e-05
1.15286e-05
3.98612e-06
1.14973e-05
1.14953e-05
1.1493e-05
1.1491e-05
1.04407e-05
1.04392e-05
1.04393e-05
1.04431e-05
1.04742e-05
3.62545e-06
1.0446e-05
1.04444e-05
1.04427e-05
1.04413e-05
8.98184e-06
8.9799e-06
8.97917e-06
8.98141e-06
9.008e-06
3.13108e-06
8.98435e-06
8.98304e-06
8.98187e-06
8.98108e-06
2.01738e-06
2.01647e-06
2.01602e-06
2.01695e-06
2.02748e-06
7.44277e-07
2.01748e-06
2.01706e-06
2.01668e-06
2.0165e-06
1.58918e-06
1.58779e-06
1.58707e-06
1.58841e-06
1.60285e-06
6.37006e-07
1.58863e-06
1.58812e-06
1.58765e-06
1.58745e-06
1.52431e-06
1.52206e-06
1.52087e-06
1.52292e-06
1.54449e-06
6.69326e-07
1.52279e-06
1.5221e-06
1.52147e-06
1.52124e-06
1.44676e-06
1.44341e-06
1.44156e-06
1.44431e-06
1.4745e-06
7.04584e-07
1.44397e-06
1.44305e-06
1.44218e-06
1.44189e-06
1.35439e-06
1.34951e-06
1.34678e-06
1.35055e-06
1.39222e-06
7.44717e-07
1.34971e-06
1.34852e-06
1.34739e-06
1.34705e-06
1.24384e-06
1.23674e-06
1.23261e-06
1.23757e-06
1.29485e-06
7.92617e-07
1.23634e-06
1.23475e-06
1.2332e-06
1.23278e-06
1.1085e-06
1.09807e-06
1.09189e-06
1.09868e-06
1.17878e-06
8.4899e-07
1.0967e-06
1.09454e-06
1.09243e-06
1.09188e-06
9.35444e-07
9.18657e-07
9.08501e-07
9.1865e-07
1.03932e-06
9.29778e-07
9.15319e-07
9.12088e-07
9.08906e-07
9.08151e-07
6.82079e-07
6.48404e-07
6.2712e-07
6.46201e-07
8.62255e-07
1.05997e-06
6.39738e-07
6.33497e-07
6.27223e-07
6.25783e-07
2.61531e-07
2.43473e-07
2.31753e-07
2.41741e-07
3.51687e-07
4.72854e-07
2.38261e-07
2.34983e-07
2.31656e-07
2.30917e-07
1.0664e-05
1.82585e-05
2.03132e-05
2.1703e-05
2.28084e-05
2.36205e-05
2.41789e-05
2.44797e-05
2.44753e-05
2.42786e-05
2.39997e-05
2.36308e-05
2.32347e-05
2.27554e-05
2.22351e-05
2.16764e-05
2.10334e-05
2.03533e-05
1.9643e-05
1.88666e-05
1.80751e-05
1.72226e-05
1.63469e-05
1.54457e-05
1.44919e-05
1.35174e-05
1.2522e-05
1.14849e-05
1.04372e-05
8.97862e-06
2.01601e-06
1.58708e-06
1.52091e-06
1.44161e-06
1.34683e-06
1.23264e-06
1.09187e-06
9.0834e-07
6.26465e-07
2.31326e-07
5.92532e-06
3.89433e-06
3.46144e-06
3.6777e-06
5.85861e-06
1.26479e-05
3.12164e-06
2.06413e-06
2.10796e-06
1.81282e-06
2.63468e-07
1.31771e-09
9.83332e-10
8.38339e-10
9.12295e-10
1.5459e-09
2.46283e-09
3.45969e-10
3.97612e-10
4.19539e-10
3.68022e-10
2.73868e-10
1.06146e-05
1.06875e-05
1.0718e-05
1.07889e-05
1.10438e-05
8.24196e-06
1.09172e-05
1.09875e-05
1.0865e-05
1.07535e-05
1.82013e-05
1.82919e-05
1.82964e-05
1.82842e-05
1.82324e-05
1.22908e-05
1.82647e-05
1.8319e-05
1.8306e-05
1.82904e-05
2.02791e-05
2.04752e-05
2.06224e-05
2.0743e-05
2.0574e-05
1.17046e-05
2.07291e-05
2.05178e-05
2.04378e-05
2.03854e-05
2.16776e-05
2.19439e-05
2.21933e-05
2.24462e-05
2.24081e-05
1.10206e-05
2.25729e-05
2.21959e-05
2.19935e-05
2.1849e-05
2.27764e-05
2.30094e-05
2.32115e-05
2.3426e-05
2.3436e-05
1.0557e-05
2.35805e-05
2.32693e-05
2.30839e-05
2.29489e-05
2.35832e-05
2.37898e-05
2.39533e-05
2.41347e-05
2.41755e-05
1.02314e-05
2.43022e-05
2.40441e-05
2.38767e-05
2.37532e-05
2.41377e-05
2.43233e-05
2.44559e-05
2.46095e-05
2.46707e-05
1.00307e-05
2.47757e-05
2.45625e-05
2.44135e-05
2.43025e-05
2.44373e-05
2.46081e-05
2.47194e-05
2.4854e-05
2.49312e-05
9.88289e-06
2.4987e-05
2.4814e-05
2.46864e-05
2.45912e-05
2.44329e-05
2.45914e-05
2.46862e-05
2.48063e-05
2.48981e-05
9.70145e-06
2.49024e-05
2.47635e-05
2.46558e-05
2.45754e-05
2.4235e-05
2.43812e-05
2.44596e-05
2.45621e-05
2.46511e-05
9.48111e-06
2.46332e-05
2.45233e-05
2.44348e-05
2.43685e-05
2.39545e-05
2.40889e-05
2.41522e-05
2.42369e-05
2.4316e-05
9.24876e-06
2.42974e-05
2.421e-05
2.41369e-05
2.40816e-05
2.35853e-05
2.37101e-05
2.37621e-05
2.38334e-05
2.39047e-05
9.00809e-06
2.38819e-05
2.38122e-05
2.37517e-05
2.37056e-05
2.31892e-05
2.33057e-05
2.33484e-05
2.34087e-05
2.34736e-05
8.77876e-06
2.34504e-05
2.33941e-05
2.33432e-05
2.3304e-05
2.27106e-05
2.28198e-05
2.28553e-05
2.2907e-05
2.29668e-05
8.53768e-06
2.2942e-05
2.28963e-05
2.28531e-05
2.28197e-05
2.21914e-05
2.22941e-05
2.23238e-05
2.23684e-05
2.2424e-05
8.29606e-06
2.23983e-05
2.23608e-05
2.23239e-05
2.22952e-05
2.16356e-05
2.17308e-05
2.17554e-05
2.17944e-05
2.1849e-05
8.043e-06
2.18212e-05
2.17934e-05
2.17623e-05
2.17358e-05
2.10011e-05
2.10848e-05
2.11056e-05
2.1141e-05
2.11997e-05
7.71967e-06
2.11621e-05
2.11475e-05
2.11239e-05
2.10979e-05
2.03319e-05
2.04003e-05
2.04178e-05
2.04484e-05
2.05039e-05
7.36307e-06
2.04659e-05
2.04531e-05
2.04329e-05
2.04114e-05
1.96294e-05
1.96847e-05
1.96998e-05
1.97271e-05
1.97812e-05
7.02548e-06
1.97388e-05
1.97279e-05
1.97112e-05
1.96938e-05
1.88586e-05
1.89024e-05
1.89151e-05
1.89389e-05
1.89911e-05
6.67796e-06
1.89482e-05
1.89388e-05
1.89247e-05
1.89105e-05
1.80712e-05
1.81051e-05
1.81154e-05
1.81359e-05
1.8186e-05
6.34628e-06
1.81438e-05
1.81358e-05
1.8124e-05
1.81124e-05
1.72216e-05
1.72472e-05
1.72554e-05
1.72731e-05
1.73215e-05
6.01619e-06
1.72798e-05
1.72731e-05
1.72633e-05
1.72537e-05
1.63479e-05
1.63664e-05
1.63728e-05
1.63878e-05
1.64339e-05
5.69068e-06
1.63936e-05
1.63881e-05
1.638e-05
1.63723e-05
1.54481e-05
1.54608e-05
1.54658e-05
1.54785e-05
1.55229e-05
5.36609e-06
1.54831e-05
1.54784e-05
1.54719e-05
1.54659e-05
1.44952e-05
1.45033e-05
1.45069e-05
1.45174e-05
1.45594e-05
5.02659e-06
1.45215e-05
1.45177e-05
1.45124e-05
1.45077e-05
1.35211e-05
1.35256e-05
1.3528e-05
1.35366e-05
1.35762e-05
4.6862e-06
1.35402e-05
1.35371e-05
1.35329e-05
1.35293e-05
1.25259e-05
1.25276e-05
1.2529e-05
1.25358e-05
1.25727e-05
4.34277e-06
1.25392e-05
1.25367e-05
1.25335e-05
1.25308e-05
1.14886e-05
1.14884e-05
1.14891e-05
1.14944e-05
1.15286e-05
3.98612e-06
1.14973e-05
1.14953e-05
1.1493e-05
1.1491e-05
1.04407e-05
1.04392e-05
1.04393e-05
1.04431e-05
1.04742e-05
3.62545e-06
1.0446e-05
1.04444e-05
1.04427e-05
1.04413e-05
8.98184e-06
8.9799e-06
8.97917e-06
8.98141e-06
9.008e-06
3.13108e-06
8.98435e-06
8.98304e-06
8.98187e-06
8.98108e-06
2.01738e-06
2.01647e-06
2.01602e-06
2.01695e-06
2.02748e-06
7.44277e-07
2.01748e-06
2.01706e-06
2.01668e-06
2.0165e-06
1.58918e-06
1.58779e-06
1.58707e-06
1.58841e-06
1.60285e-06
6.37006e-07
1.58863e-06
1.58812e-06
1.58765e-06
1.58745e-06
1.52431e-06
1.52206e-06
1.52087e-06
1.52292e-06
1.54449e-06
6.69326e-07
1.52279e-06
1.5221e-06
1.52147e-06
1.52124e-06
1.44676e-06
1.44341e-06
1.44156e-06
1.44431e-06
1.4745e-06
7.04584e-07
1.44397e-06
1.44305e-06
1.44218e-06
1.44189e-06
1.35439e-06
1.34951e-06
1.34678e-06
1.35055e-06
1.39222e-06
7.44717e-07
1.34971e-06
1.34852e-06
1.34739e-06
1.34705e-06
1.24384e-06
1.23674e-06
1.23261e-06
1.23757e-06
1.29485e-06
7.92617e-07
1.23634e-06
1.23475e-06
1.2332e-06
1.23278e-06
1.1085e-06
1.09807e-06
1.09189e-06
1.09868e-06
1.17878e-06
8.4899e-07
1.0967e-06
1.09454e-06
1.09243e-06
1.09188e-06
9.35444e-07
9.18657e-07
9.08501e-07
9.1865e-07
1.03932e-06
9.29778e-07
9.15319e-07
9.12088e-07
9.08906e-07
9.08151e-07
6.82079e-07
6.48404e-07
6.2712e-07
6.46201e-07
8.62255e-07
1.05997e-06
6.39738e-07
6.33497e-07
6.27223e-07
6.25783e-07
2.61531e-07
2.43473e-07
2.31753e-07
2.41741e-07
3.51687e-07
4.72854e-07
2.38261e-07
2.34983e-07
2.31656e-07
2.30917e-07
1.0664e-05
1.82585e-05
2.03132e-05
2.1703e-05
2.28084e-05
2.36205e-05
2.41789e-05
2.44797e-05
2.44753e-05
2.42786e-05
2.39997e-05
2.36308e-05
2.32347e-05
2.27554e-05
2.22351e-05
2.16764e-05
2.10334e-05
2.03533e-05
1.9643e-05
1.88666e-05
1.80751e-05
1.72226e-05
1.63469e-05
1.54457e-05
1.44919e-05
1.35174e-05
1.2522e-05
1.14849e-05
1.04372e-05
8.97862e-06
2.01601e-06
1.58708e-06
1.52091e-06
1.44161e-06
1.34683e-06
1.23264e-06
1.09187e-06
9.0834e-07
6.26465e-07
2.31326e-07
5.92532e-06
3.89433e-06
3.46144e-06
3.6777e-06
5.85861e-06
1.26479e-05
3.12164e-06
2.06413e-06
2.10796e-06
1.81282e-06
2.63468e-07
1.31771e-09
9.83332e-10
8.38339e-10
9.12295e-10
1.5459e-09
2.46283e-09
3.45969e-10
3.97612e-10
4.19539e-10
3.68022e-10
2.73868e-10
SCALARS mu double 1
LOOKUP_TABLE default
95.0297
9.70619e-11
102.187
132.205
139.698
141.109
139.804
134.376
105.678
50.5235
128.337
98.0832
122.245
138.347
145.301
146.896
145.661
139.306
124.454
103.062
142.922
131.336
140.614
149.37
154.725
156.71
155.769
150.384
141.511
132.079
154.222
151.468
156.696
162.145
166.309
168.243
167.56
163.034
156.801
150.942
164.3
167.614
171.83
175.745
179.02
180.613
179.982
176.198
171.372
166.573
173.672
182.591
186.577
189.561
192.058
193.298
192.784
189.718
185.815
181.3
186.902
197.616
201.292
203.517
205.253
206.144
205.798
203.472
200.363
196.199
202.702
213.06
216.128
217.604
218.578
219.126
218.982
217.422
215.112
211.595
221.007
229.162
231.288
231.973
232.195
232.411
232.488
231.697
230.236
227.704
241.019
246.078
246.958
246.81
246.351
246.322
246.54
246.456
245.905
244.677
263.158
263.851
263.217
262.194
261.117
260.905
261.214
261.785
262.195
262.551
286.755
282.312
279.992
278.075
276.42
276.05
276.437
277.636
279.034
281.145
311.223
301.282
297.227
294.414
292.206
291.705
292.158
293.965
296.353
300.269
335.074
320.486
314.801
311.127
308.392
307.779
308.295
310.686
314.023
319.63
358.058
339.741
332.623
328.141
324.905
324.192
324.768
327.716
331.943
339.032
379.975
358.955
350.632
345.388
341.654
340.859
341.485
344.985
350.042
358.364
399.892
377.755
368.576
362.691
358.506
357.657
358.315
362.322
368.069
377.244
417.706
395.47
385.962
379.786
375.388
374.519
375.173
379.435
385.517
395.023
434.313
412.386
402.848
396.591
392.117
391.247
391.885
396.254
402.45
411.983
450.092
428.711
419.327
413.125
408.669
407.813
408.424
412.799
418.961
428.338
465.027
444.488
435.391
429.344
424.98
424.153
424.727
429.025
435.049
444.133
479.272
459.719
451.005
445.188
440.974
440.183
440.718
444.875
450.681
459.377
492.838
474.373
466.115
460.591
456.587
455.844
456.333
460.285
465.805
474.04
505.717
488.397
480.648
475.469
471.723
471.035
471.476
475.172
480.351
488.072
517.869
501.735
494.54
489.751
486.311
485.686
486.079
489.467
494.257
501.418
529.161
514.251
507.648
503.294
500.206
499.649
499.994
503.028
507.38
513.942
539.394
525.747
519.776
515.901
513.213
512.73
513.028
515.659
519.527
525.449
548.121
535.885
530.598
527.242
524.995
524.591
524.842
527.031
530.373
535.602
555.074
544.284
539.687
536.861
535.081
534.761
534.966
536.688
539.491
544.022
559.971
550.434
546.359
543.91
542.506
542.269
542.431
543.781
546.197
550.2
562.868
553.388
549.278
546.656
544.884
544.456
544.887
546.586
549.147
553.176
565.263
555.99
551.791
548.99
546.987
546.396
547.036
548.942
551.667
555.784
567.264
558.498
554.252
551.302
549.128
548.452
549.199
551.261
554.129
558.294
568.948
561.017
556.827
553.769
551.462
550.72
551.54
553.722
556.696
560.812
570.368
563.576
559.587
556.476
554.057
553.268
554.11
556.407
559.442
563.369
571.584
566.206
562.632
559.556
557.004
556.188
556.96
559.45
562.471
565.998
572.6
568.879
566.01
563.287
560.55
559.742
560.341
563.155
565.833
568.679
573.328
571.295
569.584
567.636
565.511
564.881
565.354
567.447
569.407
571.135
574.15
573.346
572.57
571.946
571.509
571.319
571.447
571.812
572.404
573.176
576.854
576.657
576.576
576.517
576.46
576.422
576.452
576.495
576.55
576.629
94.6204
127.854
142.349
153.56
163.66
173.142
186.316
202.039
220.244
240.191
262.262
285.796
310.207
334.04
357.028
378.949
398.872
416.696
433.316
449.112
464.071
478.345
491.943
504.856
517.045
528.378
538.656
547.437
554.453
559.418
562.361
564.778
566.803
568.515
569.969
571.223
572.285
573.066
573.964
576.772
-45.3704
-46.709
-95.5245
-128.97
-135.158
-137.101
-135.858
-133.521
-97.084
-50.6755
-47.3725
576.736
576.692
576.62
576.562
576.543
576.531
576.523
576.53
576.604
576.688
576.713
55.1144
2.71446e-11
61.4066
79.7614
84.4022
85.2812
84.4242
81.0375
63.4483
29.9999
74.2923
58.3062
73.4677
83.4927
87.858
88.8637
88.0542
84.038
74.746
61.2329
82.506
78.1552
84.6128
90.2987
93.7374
94.9959
94.3773
90.8894
85.1027
78.5447
88.6636
90.3431
94.5501
98.3116
101.055
102.283
101.825
98.8225
94.5452
89.9397
94.517
100.358
104.091
106.964
109.179
110.188
109.758
107.19
103.715
99.6054
100.433
109.903
113.547
115.862
117.598
118.377
118.02
115.886
112.962
108.951
109.188
119.64
123.107
124.95
126.199
126.746
126.5
124.831
122.361
118.588
119.835
129.773
132.863
134.21
134.962
135.279
135.168
134
132.048
128.688
131.825
140.457
142.922
143.752
143.986
144.075
144.129
143.474
142.081
139.362
145.084
151.741
153.402
153.681
153.461
153.389
153.543
153.36
152.564
150.68
159.513
163.683
164.379
164.071
163.428
163.231
163.453
163.709
163.557
162.685
175.204
176.229
175.807
174.902
173.839
173.525
173.807
174.513
175.027
175.304
191.939
189.294
187.669
186.131
184.677
184.268
184.615
185.749
186.949
188.459
208.817
202.703
199.896
197.732
195.897
195.408
195.812
197.366
199.247
201.971
225.208
216.305
212.427
209.662
207.455
206.896
207.351
209.316
211.854
215.681
241.102
230.057
225.233
221.879
219.293
218.678
219.177
221.558
224.732
229.524
255.78
243.717
238.143
234.266
231.324
230.674
231.2
233.976
237.711
243.248
269.86
256.83
250.814
246.643
243.501
242.827
243.356
246.367
250.433
256.422
283.225
269.556
263.278
258.944
255.696
255.015
255.537
258.684
262.943
269.199
295.982
281.995
275.59
271.186
267.899
267.224
267.733
270.942
275.294
281.678
308.17
294.145
287.729
283.331
280.058
279.403
279.892
283.102
287.464
293.859
319.814
305.975
299.648
295.321
292.11
291.483
291.948
295.106
299.408
305.712
330.901
317.433
311.283
307.091
303.993
303.403
303.839
306.889
311.065
317.188
341.396
328.452
322.559
318.558
315.618
315.067
315.471
318.368
322.358
328.222
351.253
338.972
333.406
329.652
326.919
326.413
326.782
329.475
333.222
338.753
360.367
348.871
343.698
340.244
337.763
337.312
337.643
340.082
343.529
348.662
368.602
357.994
353.271
350.164
347.983
347.59
347.883
350.022
353.118
357.796
375.747
366.099
361.865
359.144
357.3
356.969
357.224
359.025
361.731
365.913
381.514
372.863
369.127
366.806
365.325
365.06
365.277
366.715
369.014
372.691
385.563
377.821
374.474
372.442
371.259
371.061
371.24
372.383
374.385
377.668
387.859
380.17
376.802
374.636
373.161
372.81
373.2
374.618
376.732
380.03
389.744
382.238
378.805
376.501
374.845
374.363
374.918
376.498
378.739
382.1
391.317
384.23
380.768
378.349
376.561
376.01
376.649
378.349
380.698
384.091
392.638
386.231
382.821
380.323
378.433
377.829
378.524
380.316
382.743
386.088
393.75
388.263
385.024
382.49
380.516
379.875
380.584
382.462
384.931
388.115
394.708
390.352
387.454
384.956
382.882
382.222
382.869
384.895
387.345
390.201
395.504
392.474
390.149
387.944
385.728
385.076
385.579
387.858
390.024
392.325
396.034
394.383
392.997
391.421
389.707
389.2
389.595
391.285
392.866
394.261
396.621
395.974
395.354
394.854
394.502
394.351
394.462
394.756
395.228
395.842
398.703
398.543
398.475
398.427
398.38
398.351
398.377
398.412
398.456
398.521
54.9889
74.1246
82.2794
88.3734
94.2103
100.154
108.844
119.425
131.346
144.55
158.94
174.591
191.286
208.136
224.517
240.406
255.081
269.16
282.526
295.289
307.486
319.144
330.248
340.764
350.646
359.79
368.057
375.24
381.05
385.146
387.475
389.375
390.965
392.306
393.443
394.428
395.255
395.825
396.473
398.638
-26.9216
-27.8797
-57.4092
-77.8212
-81.6265
-82.826
-82.0348
-80.5809
-58.3125
-30.1528
-28.1376
398.607
398.571
398.512
398.463
398.449
398.439
398.433
398.44
398.5
398.568
398.589
