# vtk DataFile Version 3.0
Rotor blade panels
ASCII
DATASET UNSTRUCTURED_GRID
POINTS 3696 double
0.835408 1.44132 1.1429
0.834665 1.43903 1.13964
0.837049 1.43821 1.13934
0.83784 1.44064 1.14286
0.834665 1.43903 1.13964
0.833775 1.43629 1.13677
0.8361 1.43528 1.13622
0.837049 1.43821 1.13934
0.833775 1.43629 1.13677
0.832821 1.43336 1.13411
0.835082 1.43215 1.13334
0.8361 1.43528 1.13622
0.832821 1.43336 1.13411
0.831789 1.43018 1.13179
0.833984 1.42877 1.13078
0.835082 1.43215 1.13334
0.831789 1.43018 1.13179
0.830628 1.42661 1.13028
0.832752 1.42498 1.12903
0.833984 1.42877 1.13078
0.830628 1.42661 1.13028
0.830047 1.42482 1.13237
0.832164 1.42317 1.13107
0.832752 1.42498 1.12903
0.830047 1.42482 1.13237
0.831102 1.42807 1.13456
0.833299 1.42667 1.13344
0.832164 1.42317 1.13107
0.831102 1.42807 1.13456
0.832222 1.43151 1.13642
0.834487 1.43032 1.13553
0.833299 1.42667 1.13344
0.832222 1.43151 1.13642
0.833332 1.43493 1.13833
0.835661 1.43393 1.13771
0.834487 1.43032 1.13553
0.833332 1.43493 1.13833
0.83441 1.43825 1.14043
0.836796 1.43743 1.14009
0.835661 1.43393 1.13771
0.83784 1.44064 1.14286
0.837049 1.43821 1.13934
0.84075 1.43671 1.13913
0.841645 1.43946 1.14294
0.837049 1.43821 1.13934
0.8361 1.43528 1.13622
0.839686 1.43343 1.13578
0.84075 1.43671 1.13913
0.8361 1.43528 1.13622
0.835082 1.43215 1.13334
0.838551 1.42994 1.13268
0.839686 1.43343 1.13578
0.835082 1.43215 1.13334
0.833984 1.42877 1.13078
0.837334 1.4262 1.12993
0.838551 1.42994 1.13268
0.833984 1.42877 1.13078
0.832752 1.42498 1.12903
0.835985 1.42204 1.12797
0.837334 1.4262 1.12993
0.832752 1.42498 1.12903
0.832164 1.42317 1.13107
0.83542 1.4203 1.12997
0.835985 1.42204 1.12797
0.832164 1.42317 1.13107
0.833299 1.42667 1.13344
0.836687 1.4242 1.13247
0.83542 1.4203 1.12997
0.833299 1.42667 1.13344
0.834487 1.43032 1.13553
0.83799 1.42821 1.13477
0.836687 1.4242 1.13247
0.834487 1.43032 1.13553
0.835661 1.43393 1.13771
0.839273 1.43216 1.13719
0.83799 1.42821 1.13477
0.835661 1.43393 1.13771
0.836796 1.43743 1.14009
0.840511 1.43597 1.13985
0.839273 1.43216 1.13719
0.841645 1.43946 1.14294
0.84075 1.43671 1.13913
0.844473 1.435 1.13921
0.845502 1.43817 1.14314
0.84075 1.43671 1.13913
0.839686 1.43343 1.13578
0.843272 1.4313 1.13578
0.844473 1.435 1.13921
0.839686 1.43343 1.13578
0.838551 1.42994 1.13268
0.841999 1.42739 1.13265
0.843272 1.4313 1.13578
0.838551 1.42994 1.13268
0.837334 1.4262 1.12993
0.840648 1.42323 1.12988
0.841999 1.42739 1.13265
0.837334 1.4262 1.12993
0.835985 1.42204 1.12797
0.839175 1.41869 1.1279
0.840648 1.42323 1.12988
0.835985 1.42204 1.12797
0.83542 1.4203 1.12997
0.838655 1.41709 1.12991
0.839175 1.41869 1.1279
0.83542 1.4203 1.12997
0.836687 1.4242 1.13247
0.840062 1.42142 1.13237
0.838655 1.41709 1.12991
0.836687 1.4242 1.13247
0.83799 1.42821 1.13477
0.841491 1.42582 1.1347
0.840062 1.42142 1.13237
0.83799 1.42821 1.13477
0.839273 1.43216 1.13719
0.842896 1.43015 1.13718
0.841491 1.42582 1.1347
0.839273 1.43216 1.13719
0.840511 1.43597 1.13985
0.844254 1.43433 1.13991
0.842896 1.43015 1.13718
0.845502 1.43817 1.14314
0.844473 1.435 1.13921
0.848186 1.43327 1.13941
0.849349 1.43685 1.14337
0.844473 1.435 1.13921
0.843272 1.4313 1.13578
0.846854 1.42917 1.13602
0.848186 1.43327 1.13941
0.843272 1.4313 1.13578
0.841999 1.42739 1.13265
0.845452 1.42485 1.13295
0.846854 1.42917 1.13602
0.841999 1.42739 1.13265
0.840648 1.42323 1.12988
0.843975 1.42031 1.13026
0.845452 1.42485 1.13295
0.840648 1.42323 1.12988
0.839175 1.41869 1.1279
0.842389 1.41543 1.12838
0.843975 1.42031 1.13026
0.839175 1.41869 1.1279
0.838655 1.41709 1.12991
0.841916 1.41397 1.13041
0.842389 1.41543 1.12838
0.838655 1.41709 1.12991
0.840062 1.42142 1.13237
0.843449 1.41869 1.13274
0.841916 1.41397 1.13041
0.840062 1.42142 1.13237
0.841491 1.42582 1.1347
0.844994 1.42344 1.13499
0.843449 1.41869 1.13274
0.841491 1.42582 1.1347
0.842896 1.43015 1.13718
0.846514 1.42812 1.13741
0.844994 1.42344 1.13499
0.842896 1.43015 1.13718
0.844254 1.43433 1.13991
0.847987 1.43265 1.14012
0.846514 1.42812 1.13741
0.849349 1.43685 1.14337
0.848186 1.43327 1.13941
0.851928 1.43161 1.13962
0.8532 1.43553 1.14355
0.848186 1.43327 1.13941
0.846854 1.42917 1.13602
0.850488 1.42718 1.13629
0.851928 1.43161 1.13962
0.846854 1.42917 1.13602
0.845452 1.42485 1.13295
0.84898 1.42254 1.1333
0.850488 1.42718 1.13629
0.845452 1.42485 1.13295
0.843975 1.42031 1.13026
0.847403 1.41769 1.13072
0.84898 1.42254 1.1333
0.843975 1.42031 1.13026
0.842389 1.41543 1.12838
0.845725 1.41252 1.12896
0.847403 1.41769 1.13072
0.842389 1.41543 1.12838
0.841916 1.41397 1.13041
0.845288 1.41118 1.13101
0.845725 1.41252 1.12896
0.841916 1.41397 1.13041
0.843449 1.41869 1.13274
0.846921 1.4162 1.13321
0.845288 1.41118 1.13101
0.843449 1.41869 1.13274
0.844994 1.42344 1.13499
0.84856 1.42125 1.13535
0.846921 1.4162 1.13321
0.844994 1.42344 1.13499
0.846514 1.42812 1.13741
0.850174 1.42622 1.13769
0.84856 1.42125 1.13535
0.846514 1.42812 1.13741
0.847987 1.43265 1.14012
0.851742 1.43104 1.14033
0.850174 1.42622 1.13769
0.8532 1.43553 1.14355
0.851928 1.43161 1.13962
0.85569 1.43003 1.13982
0.857049 1.43421 1.14371
0.851928 1.43161 1.13962
0.850488 1.42718 1.13629
0.854167 1.42535 1.13659
0.85569 1.43003 1.13982
0.850488 1.42718 1.13629
0.84898 1.42254 1.1333
0.852578 1.42046 1.1337
0.854167 1.42535 1.13659
0.84898 1.42254 1.1333
0.847403 1.41769 1.13072
0.850923 1.41536 1.13124
0.852578 1.42046 1.1337
0.847403 1.41769 1.13072
0.845725 1.41252 1.12896
0.849176 1.40999 1.12961
0.850923 1.41536 1.13124
0.845725 1.41252 1.12896
0.845288 1.41118 1.13101
0.848768 1.40873 1.13169
0.849176 1.40999 1.12961
0.845288 1.41118 1.13101
0.846921 1.4162 1.13321
0.850475 1.41399 1.13374
0.848768 1.40873 1.13169
0.846921 1.4162 1.13321
0.84856 1.42125 1.13535
0.852186 1.41925 1.13577
0.850475 1.41399 1.13374
0.84856 1.42125 1.13535
0.850174 1.42622 1.13769
0.853873 1.42444 1.138
0.852186 1.41925 1.13577
0.850174 1.42622 1.13769
0.851742 1.43104 1.14033
0.855515 1.4295 1.14055
0.853873 1.42444 1.138
0.857049 1.43421 1.14371
0.85569 1.43003 1.13982
0.859472 1.42852 1.14003
0.860896 1.4329 1.14384
0.85569 1.43003 1.13982
0.854167 1.42535 1.13659
0.857889 1.42364 1.1369
0.859472 1.42852 1.14003
0.854167 1.42535 1.13659
0.852578 1.42046 1.1337
0.856243 1.41858 1.13414
0.857889 1.42364 1.1369
0.852578 1.42046 1.1337
0.850923 1.41536 1.13124
0.854534 1.41332 1.13181
0.856243 1.41858 1.13414
0.850923 1.41536 1.13124
0.849176 1.40999 1.12961
0.852742 1.4078 1.13032
0.854534 1.41332 1.13181
0.849176 1.40999 1.12961
0.848768 1.40873 1.13169
0.852357 1.40662 1.13243
0.852742 1.4078 1.13032
0.848768 1.40873 1.13169
0.850475 1.41399 1.13374
0.854115 1.41203 1.13433
0.852357 1.40662 1.13243
0.850475 1.41399 1.13374
0.852186 1.41925 1.13577
0.855875 1.41744 1.13622
0.854115 1.41203 1.13433
0.852186 1.41925 1.13577
0.853873 1.42444 1.138
0.857612 1.42279 1.13833
0.855875 1.41744 1.13622
0.853873 1.42444 1.138
0.855515 1.4295 1.14055
0.859307 1.42801 1.14077
0.857612 1.42279 1.13833
0.860896 1.4329 1.14384
0.859472 1.42852 1.14003
0.863275 1.42705 1.14025
0.86474 1.43156 1.14394
0.859472 1.42852 1.14003
0.857889 1.42364 1.1369
0.861655 1.42206 1.13725
0.863275 1.42705 1.14025
0.857889 1.42364 1.1369
0.856243 1.41858 1.13414
0.859975 1.41689 1.13462
0.861655 1.42206 1.13725
0.856243 1.41858 1.13414
0.854534 1.41332 1.13181
0.858235 1.41154 1.13243
0.859975 1.41689 1.13462
0.854534 1.41332 1.13181
0.852742 1.4078 1.13032
0.85642 1.40595 1.13109
0.858235 1.41154 1.13243
0.852742 1.4078 1.13032
0.852357 1.40662 1.13243
0.856058 1.40484 1.1332
0.85642 1.40595 1.13109
0.852357 1.40662 1.13243
0.854115 1.41203 1.13433
0.857844 1.41033 1.13495
0.856058 1.40484 1.1332
0.854115 1.41203 1.13433
0.855875 1.41744 1.13622
0.85963 1.41583 1.1367
0.857844 1.41033 1.13495
0.855875 1.41744 1.13622
0.857612 1.42279 1.13833
0.861394 1.42126 1.13867
0.85963 1.41583 1.1367
0.857612 1.42279 1.13833
0.859307 1.42801 1.14077
0.863118 1.42657 1.14099
0.861394 1.42126 1.13867
0.86474 1.43156 1.14394
0.863275 1.42705 1.14025
0.867091 1.42564 1.14047
0.868578 1.43021 1.14403
0.863275 1.42705 1.14025
0.861655 1.42206 1.13725
0.865457 1.42061 1.13762
0.867091 1.42564 1.14047
0.861655 1.42206 1.13725
0.859975 1.41689 1.13462
0.863765 1.4154 1.13514
0.865457 1.42061 1.13762
0.859975 1.41689 1.13462
0.858235 1.41154 1.13243
0.862019 1.41002 1.1331
0.863765 1.4154 1.13514
0.858235 1.41154 1.13243
0.85642 1.40595 1.13109
0.860203 1.40444 1.1319
0.862019 1.41002 1.1331
0.85642 1.40595 1.13109
0.856058 1.40484 1.1332
0.859865 1.4034 1.13398
0.860203 1.40444 1.1319
0.856058 1.40484 1.1332
0.857844 1.41033 1.13495
0.861654 1.4089 1.13559
0.859865 1.4034 1.13398
0.857844 1.41033 1.13495
0.85963 1.41583 1.1367
0.863444 1.41441 1.1372
0.861654 1.4089 1.13559
0.85963 1.41583 1.1367
0.861394 1.42126 1.13867
0.865212 1.41985 1.13903
0.863444 1.41441 1.1372
0.861394 1.42126 1.13867
0.863118 1.42657 1.14099
0.866944 1.42518 1.1412
0.865212 1.41985 1.13903
0.868578 1.43021 1.14403
0.867091 1.42564 1.14047
0.870928 1.42428 1.1407
0.872423 1.42889 1.14411
0.867091 1.42564 1.14047
0.865457 1.42061 1.13762
0.869291 1.41925 1.13799
0.870928 1.42428 1.1407
0.865457 1.42061 1.13762
0.863765 1.4154 1.13514
0.867601 1.41405 1.13566
0.869291 1.41925 1.13799
0.863765 1.4154 1.13514
0.862019 1.41002 1.1331
0.86586 1.40869 1.13377
0.867601 1.41405 1.13566
0.862019 1.41002 1.1331
0.860203 1.40444 1.1319
0.864056 1.40314 1.1327
0.86586 1.40869 1.13377
0.860203 1.40444 1.1319
0.859865 1.4034 1.13398
0.863741 1.40217 1.13475
0.864056 1.40314 1.1327
0.859865 1.4034 1.13398
0.861654 1.4089 1.13559
0.865522 1.40765 1.13621
0.863741 1.40217 1.13475
0.861654 1.4089 1.13559
0.863444 1.41441 1.1372
0.867302 1.41313 1.13768
0.865522 1.40765 1.13621
0.863444 1.41441 1.1372
0.865212 1.41985 1.13903
0.869063 1.41855 1.13938
0.867302 1.41313 1.13768
0.865212 1.41985 1.13903
0.866944 1.42518 1.1412
0.870789 1.42386 1.14142
0.869063 1.41855 1.13938
0.872423 1.42889 1.14411
0.870928 1.42428 1.1407
0.874788 1.423 1.14092
0.876284 1.4276 1.1442
0.870928 1.42428 1.1407
0.869291 1.41925 1.13799
0.873157 1.41798 1.13836
0.874788 1.423 1.14092
0.869291 1.41925 1.13799
0.867601 1.41405 1.13566
0.871475 1.4128 1.13617
0.873157 1.41798 1.13836
0.867601 1.41405 1.13566
0.86586 1.40869 1.13377
0.869746 1.40748 1.13441
0.871475 1.4128 1.13617
0.86586 1.40869 1.13377
0.864056 1.40314 1.1327
0.867961 1.40199 1.13345
0.869746 1.40748 1.13441
0.864056 1.40314 1.1327
0.863741 1.40217 1.13475
0.867666 1.40108 1.13547
0.867961 1.40199 1.13345
0.863741 1.40217 1.13475
0.865522 1.40765 1.13621
0.869432 1.40651 1.1368
0.867666 1.40108 1.13547
0.865522 1.40765 1.13621
0.867302 1.41313 1.13768
0.871197 1.41194 1.13815
0.869432 1.40651 1.1368
0.867302 1.41313 1.13768
0.869063 1.41855 1.13938
0.872943 1.41732 1.13972
0.871197 1.41194 1.13815
0.869063 1.41855 1.13938
0.870789 1.42386 1.14142
0.874657 1.42259 1.14163
0.872943 1.41732 1.13972
0.876284 1.4276 1.1442
0.874788 1.423 1.14092
0.878664 1.42177 1.14115
0.880154 1.42635 1.14428
0.874788 1.423 1.14092
0.873157 1.41798 1.13836
0.877046 1.41679 1.13872
0.878664 1.42177 1.14115
0.873157 1.41798 1.13836
0.871475 1.4128 1.13617
0.87538 1.41166 1.13666
0.877046 1.41679 1.13872
0.871475 1.4128 1.13617
0.869746 1.40748 1.13441
0.873669 1.40639 1.13502
0.87538 1.41166 1.13666
0.869746 1.40748 1.13441
0.867961 1.40199 1.13345
0.871908 1.40097 1.13418
0.873669 1.40639 1.13502
0.867961 1.40199 1.13345
0.867666 1.40108 1.13547
0.871632 1.40012 1.13615
0.871908 1.40097 1.13418
0.867666 1.40108 1.13547
0.869432 1.40651 1.1368
0.873376 1.40549 1.13736
0.871632 1.40012 1.13615
0.869432 1.40651 1.1368
0.871197 1.41194 1.13815
0.875119 1.41086 1.13859
0.873376 1.40549 1.13736
0.871197 1.41194 1.13815
0.872943 1.41732 1.13972
0.876846 1.41617 1.14005
0.875119 1.41086 1.13859
0.872943 1.41732 1.13972
0.874657 1.42259 1.14163
0.878541 1.42139 1.14184
0.876846 1.41617 1.14005
0.880154 1.42635 1.14428
0.878664 1.42177 1.14115
0.882563 1.4206 1.14138
0.88404 1.42515 1.14438
0.878664 1.42177 1.14115
0.877046 1.41679 1.13872
0.880963 1.41567 1.13908
0.882563 1.4206 1.14138
0.877046 1.41679 1.13872
0.87538 1.41166 1.13666
0.879318 1.41061 1.13714
0.880963 1.41567 1.13908
0.87538 1.41166 1.13666
0.873669 1.40639 1.13502
0.877631 1.40542 1.13562
0.879318 1.41061 1.13714
0.873669 1.40639 1.13502
0.871908 1.40097 1.13418
0.875899 1.40009 1.13487
0.877631 1.40542 1.13562
0.871908 1.40097 1.13418
0.871632 1.40012 1.13615
0.875641 1.39929 1.13679
0.875899 1.40009 1.13487
0.871632 1.40012 1.13615
0.873376 1.40549 1.13736
0.877358 1.40458 1.13789
0.875641 1.39929 1.13679
0.873376 1.40549 1.13736
0.875119 1.41086 1.13859
0.879074 1.40986 1.13902
0.877358 1.40458 1.13789
0.875119 1.41086 1.13859
0.876846 1.41617 1.14005
0.880775 1.4151 1.14037
0.879074 1.40986 1.13902
0.876846 1.41617 1.14005
0.878541 1.42139 1.14184
0.882447 1.42024 1.14206
0.880775 1.4151 1.14037
0.88404 1.42515 1.14438
0.882563 1.4206 1.14138
0.886476 1.41948 1.1416
0.887935 1.42397 1.14447
0.882563 1.4206 1.14138
0.880963 1.41567 1.13908
0.884901 1.41463 1.13942
0.886476 1.41948 1.1416
0.880963 1.41567 1.13908
0.879318 1.41061 1.13714
0.883282 1.40965 1.1376
0.884901 1.41463 1.13942
0.879318 1.41061 1.13714
0.877631 1.40542 1.13562
0.881625 1.40455 1.13619
0.883282 1.40965 1.1376
0.877631 1.40542 1.13562
0.875899 1.40009 1.13487
0.879927 1.39933 1.13553
0.881625 1.40455 1.13619
0.875899 1.40009 1.13487
0.875641 1.39929 1.13679
0.879685 1.39858 1.13741
0.879927 1.39933 1.13553
0.875641 1.39929 1.13679
0.877358 1.40458 1.13789
0.88137 1.40377 1.1384
0.879685 1.39858 1.13741
0.877358 1.40458 1.13789
0.879074 1.40986 1.13902
0.883054 1.40895 1.13944
0.88137 1.40377 1.1384
0.879074 1.40986 1.13902
0.880775 1.4151 1.14037
0.884724 1.41409 1.14069
0.883054 1.40895 1.13944
0.880775 1.4151 1.14037
0.882447 1.42024 1.14206
0.886367 1.41914 1.14226
0.884724 1.41409 1.14069
0.887935 1.42397 1.14447
0.886476 1.41948 1.1416
0.890406 1.41842 1.14182
0.891841 1.42283 1.14456
0.886476 1.41948 1.1416
0.884901 1.41463 1.13942
0.88886 1.41366 1.13976
0.890406 1.41842 1.14182
0.884901 1.41463 1.13942
0.883282 1.40965 1.1376
0.887273 1.40878 1.13805
0.88886 1.41366 1.13976
0.883282 1.40965 1.1376
0.881625 1.40455 1.13619
0.885651 1.40378 1.13674
0.887273 1.40878 1.13805
0.881625 1.40455 1.13619
0.879927 1.39933 1.13553
0.883992 1.39868 1.13617
0.885651 1.40378 1.13674
0.879927 1.39933 1.13553
0.879685 1.39858 1.13741
0.883765 1.39798 1.13799
0.883992 1.39868 1.13617
0.879685 1.39858 1.13741
0.88137 1.40377 1.1384
0.885413 1.40305 1.13889
0.883765 1.39798 1.13799
0.88137 1.40377 1.1384
0.883054 1.40895 1.13944
0.88706 1.40812 1.13984
0.885413 1.40305 1.13889
0.883054 1.40895 1.13944
0.884724 1.41409 1.14069
0.888694 1.41315 1.14099
0.88706 1.40812 1.13984
0.884724 1.41409 1.14069
0.886367 1.41914 1.14226
0.890302 1.4181 1.14247
0.888694 1.41315 1.14099
0.891841 1.42283 1.14456
0.890406 1.41842 1.14182
0.894354 1.4174 1.14205
0.89576 1.42173 1.14465
0.890406 1.41842 1.14182
0.88886 1.41366 1.13976
0.892843 1.41275 1.1401
0.894354 1.4174 1.14205
0.88886 1.41366 1.13976
0.887273 1.40878 1.13805
0.891294 1.40798 1.1385
0.892843 1.41275 1.1401
0.887273 1.40878 1.13805
0.885651 1.40378 1.13674
0.889711 1.40311 1.13728
0.891294 1.40798 1.1385
0.885651 1.40378 1.13674
0.883992 1.39868 1.13617
0.888095 1.39814 1.13679
0.889711 1.40311 1.13728
0.883992 1.39868 1.13617
0.883765 1.39798 1.13799
0.887882 1.39748 1.13854
0.888095 1.39814 1.13679
0.883765 1.39798 1.13799
0.885413 1.40305 1.13889
0.889488 1.40243 1.13937
0.887882 1.39748 1.13854
0.885413 1.40305 1.13889
0.88706 1.40812 1.13984
0.891093 1.40736 1.14024
0.889488 1.40243 1.13937
0.88706 1.40812 1.13984
0.888694 1.41315 1.14099
0.892686 1.41227 1.14131
0.891093 1.40736 1.14024
0.888694 1.41315 1.14099
0.890302 1.4181 1.14247
0.894255 1.4171 1.14268
0.892686 1.41227 1.14131
0.89576 1.42173 1.14465
0.894354 1.4174 1.14205
0.898312 1.41642 1.14229
0.899687 1.42066 1.14474
0.894354 1.4174 1.14205
0.892843 1.41275 1.1401
0.896842 1.4119 1.14044
0.898312 1.41642 1.14229
0.892843 1.41275 1.1401
0.891294 1.40798 1.1385
0.895336 1.40726 1.13894
0.896842 1.4119 1.14044
0.891294 1.40798 1.1385
0.889711 1.40311 1.13728
0.893798 1.40253 1.13782
0.895336 1.40726 1.13894
0.889711 1.40311 1.13728
0.888095 1.39814 1.13679
0.89223 1.3977 1.1374
0.893798 1.40253 1.13782
0.888095 1.39814 1.13679
0.887882 1.39748 1.13854
0.89203 1.39709 1.13907
0.89223 1.3977 1.1374
0.887882 1.39748 1.13854
0.889488 1.40243 1.13937
0.893589 1.40189 1.13984
0.89203 1.39709 1.13907
0.889488 1.40243 1.13937
0.891093 1.40736 1.14024
0.895145 1.40668 1.14066
0.893589 1.40189 1.13984
0.891093 1.40736 1.14024
0.892686 1.41227 1.14131
0.896691 1.41143 1.14166
0.895145 1.40668 1.14066
0.892686 1.41227 1.14131
0.894255 1.4171 1.14268
0.898217 1.41613 1.14293
0.896691 1.41143 1.14166
0.899687 1.42066 1.14474
0.898312 1.41642 1.14229
0.902283 1.41548 1.14252
0.903623 1.41961 1.14483
0.898312 1.41642 1.14229
0.896842 1.4119 1.14044
0.900858 1.4111 1.14078
0.902283 1.41548 1.14252
0.896842 1.4119 1.14044
0.895336 1.40726 1.13894
0.899399 1.40661 1.13937
0.900858 1.4111 1.14078
0.895336 1.40726 1.13894
0.893798 1.40253 1.13782
0.89791 1.40203 1.13834
0.899399 1.40661 1.13937
0.893798 1.40253 1.13782
0.89223 1.3977 1.1374
0.896394 1.39736 1.13799
0.89791 1.40203 1.13834
0.89223 1.3977 1.1374
0.89203 1.39709 1.13907
0.896207 1.39678 1.13958
0.896394 1.39736 1.13799
0.89203 1.39709 1.13907
0.893589 1.40189 1.13984
0.897714 1.40142 1.1403
0.896207 1.39678 1.13958
0.893589 1.40189 1.13984
0.895145 1.40668 1.14066
0.899218 1.40605 1.14106
0.897714 1.40142 1.1403
0.895145 1.40668 1.14066
0.896691 1.41143 1.14166
0.900714 1.41065 1.14199
0.899218 1.40605 1.14106
0.896691 1.41143 1.14166
0.898217 1.41613 1.14293
0.902192 1.41521 1.14317
0.900714 1.41065 1.14199
0.903623 1.41961 1.14483
0.902283 1.41548 1.14252
0.906271 1.41459 1.14276
0.907572 1.41859 1.14492
0.902283 1.41548 1.14252
0.900858 1.4111 1.14078
0.904895 1.41035 1.14112
0.906271 1.41459 1.14276
0.900858 1.4111 1.14078
0.899399 1.40661 1.13937
0.903487 1.40602 1.1398
0.904895 1.41035 1.14112
0.899399 1.40661 1.13937
0.89791 1.40203 1.13834
0.902051 1.4016 1.13885
0.903487 1.40602 1.1398
0.89791 1.40203 1.13834
0.896394 1.39736 1.13799
0.90059 1.3971 1.13855
0.902051 1.4016 1.13885
0.896394 1.39736 1.13799
0.896207 1.39678 1.13958
0.900415 1.39657 1.14006
0.90059 1.3971 1.13855
0.896207 1.39678 1.13958
0.897714 1.40142 1.1403
0.901867 1.40104 1.14074
0.900415 1.39657 1.14006
0.897714 1.40142 1.1403
0.899218 1.40605 1.14106
0.903317 1.4055 1.14145
0.901867 1.40104 1.14074
0.899218 1.40605 1.14106
0.900714 1.41065 1.14199
0.904758 1.40993 1.14232
0.903317 1.4055 1.14145
0.900714 1.41065 1.14199
0.902192 1.41521 1.14317
0.906185 1.41433 1.14341
0.904758 1.40993 1.14232
0.907572 1.41859 1.14492
0.906271 1.41459 1.14276
0.910268 1.41373 1.14299
0.911526 1.4176 1.14501
0.906271 1.41459 1.14276
0.904895 1.41035 1.14112
0.908945 1.40966 1.14146
0.910268 1.41373 1.14299
0.904895 1.41035 1.14112
0.903487 1.40602 1.1398
0.907592 1.40549 1.14022
0.908945 1.40966 1.14146
0.903487 1.40602 1.1398
0.902051 1.4016 1.13885
0.906212 1.40125 1.13934
0.907592 1.40549 1.14022
0.902051 1.4016 1.13885
0.90059 1.3971 1.13855
0.90481 1.39693 1.1391
0.906212 1.40125 1.13934
0.90059 1.3971 1.13855
0.900415 1.39657 1.14006
0.904648 1.39644 1.14053
0.90481 1.39693 1.1391
0.900415 1.39657 1.14006
0.901867 1.40104 1.14074
0.906041 1.40072 1.14115
0.904648 1.39644 1.14053
0.901867 1.40104 1.14074
0.903317 1.4055 1.14145
0.907433 1.40501 1.14182
0.906041 1.40072 1.14115
0.903317 1.4055 1.14145
0.904758 1.40993 1.14232
0.908817 1.40927 1.14262
0.907433 1.40501 1.14182
0.904758 1.40993 1.14232
0.906185 1.41433 1.14341
0.910188 1.41349 1.14363
0.908817 1.40927 1.14262
0.911526 1.4176 1.14501
0.910268 1.41373 1.14299
0.914281 1.41291 1.14322
0.91549 1.41664 1.1451
0.910268 1.41373 1.14299
0.908945 1.40966 1.14146
0.913013 1.40901 1.14178
0.914281 1.41291 1.14322
0.908945 1.40966 1.14146
0.907592 1.40549 1.14022
0.911717 1.40503 1.14063
0.913013 1.40901 1.14178
0.907592 1.40549 1.14022
0.906212 1.40125 1.13934
0.910398 1.40096 1.13982
0.911717 1.40503 1.14063
0.906212 1.40125 1.13934
0.90481 1.39693 1.1391
0.909058 1.39684 1.13963
0.910398 1.40096 1.13982
0.90481 1.39693 1.1391
0.904648 1.39644 1.14053
0.908908 1.39638 1.14098
0.909058 1.39684 1.13963
0.904648 1.39644 1.14053
0.906041 1.40072 1.14115
0.910239 1.40048 1.14156
0.908908 1.39638 1.14098
0.906041 1.40072 1.14115
0.907433 1.40501 1.14182
0.911569 1.40457 1.14217
0.910239 1.40048 1.14156
0.907433 1.40501 1.14182
0.908817 1.40927 1.14262
0.912893 1.40864 1.14292
0.911569 1.40457 1.14217
0.908817 1.40927 1.14262
0.910188 1.41349 1.14363
0.914206 1.41268 1.14385
0.912893 1.40864 1.14292
0.91549 1.41664 1.1451
0.914281 1.41291 1.14322
0.918302 1.41213 1.14345
0.91946 1.4157 1.14518
0.914281 1.41291 1.14322
0.913013 1.40901 1.14178
0.917093 1.40841 1.14211
0.918302 1.41213 1.14345
0.913013 1.40901 1.14178
0.911717 1.40503 1.14063
0.915859 1.40461 1.14104
0.917093 1.40841 1.14211
0.911717 1.40503 1.14063
0.910398 1.40096 1.13982
0.914603 1.40075 1.14029
0.915859 1.40461 1.14104
0.910398 1.40096 1.13982
0.909058 1.39684 1.13963
0.913328 1.39682 1.14014
0.914603 1.40075 1.14029
0.909058 1.39684 1.13963
0.908908 1.39638 1.14098
0.913189 1.39639 1.14142
0.913328 1.39682 1.14014
0.908908 1.39638 1.14098
0.910239 1.40048 1.14156
0.914456 1.4003 1.14195
0.913189 1.39639 1.14142
0.910239 1.40048 1.14156
0.911569 1.40457 1.14217
0.915722 1.40419 1.14252
0.914456 1.4003 1.14195
0.911569 1.40457 1.14217
0.912893 1.40864 1.14292
0.916982 1.40807 1.14321
0.915722 1.40419 1.14252
0.912893 1.40864 1.14292
0.914206 1.41268 1.14385
0.918233 1.41192 1.14405
0.916982 1.40807 1.14321
0.91946 1.4157 1.14518
0.918302 1.41213 1.14345
0.922334 1.41138 1.14367
0.923437 1.41478 1.14527
0.918302 1.41213 1.14345
0.917093 1.40841 1.14211
0.921187 1.40785 1.14243
0.922334 1.41138 1.14367
0.917093 1.40841 1.14211
0.915859 1.40461 1.14104
0.920018 1.40425 1.14143
0.921187 1.40785 1.14243
0.915859 1.40461 1.14104
0.914603 1.40075 1.14029
0.918827 1.40059 1.14075
0.920018 1.40425 1.14143
0.914603 1.40075 1.14029
0.913328 1.39682 1.14014
0.91762 1.39687 1.14063
0.918827 1.40059 1.14075
0.913328 1.39682 1.14014
0.913189 1.39639 1.14142
0.917492 1.39648 1.14183
0.91762 1.39687 1.14063
0.913189 1.39639 1.14142
0.914456 1.4003 1.14195
0.918692 1.40017 1.14232
0.917492 1.39648 1.14183
0.914456 1.4003 1.14195
0.915722 1.40419 1.14252
0.919891 1.40386 1.14285
0.918692 1.40017 1.14232
0.915722 1.40419 1.14252
0.916982 1.40807 1.14321
0.921084 1.40753 1.14348
0.919891 1.40386 1.14285
0.916982 1.40807 1.14321
0.918233 1.41192 1.14405
0.92227 1.41118 1.14426
0.921084 1.40753 1.14348
0.923437 1.41478 1.14527
0.922334 1.41138 1.14367
0.926379 1.41066 1.14389
0.927423 1.41388 1.14535
0.922334 1.41138 1.14367
0.921187 1.40785 1.14243
0.925297 1.40733 1.14274
0.926379 1.41066 1.14389
0.921187 1.40785 1.14243
0.920018 1.40425 1.14143
0.924194 1.40394 1.14182
0.925297 1.40733 1.14274
0.920018 1.40425 1.14143
0.918827 1.40059 1.14075
0.923072 1.40049 1.1412
0.924194 1.40394 1.14182
0.918827 1.40059 1.14075
0.91762 1.39687 1.14063
0.921936 1.39699 1.1411
0.923072 1.40049 1.1412
0.91762 1.39687 1.14063
0.917492 1.39648 1.14183
0.921818 1.39662 1.14223
0.921936 1.39699 1.1411
0.917492 1.39648 1.14183
0.918692 1.40017 1.14232
0.922949 1.4001 1.14268
0.921818 1.39662 1.14223
0.918692 1.40017 1.14232
0.919891 1.40386 1.14285
0.924078 1.40358 1.14316
0.922949 1.4001 1.14268
0.919891 1.40386 1.14285
0.921084 1.40753 1.14348
0.925202 1.40704 1.14374
0.924078 1.40358 1.14316
0.921084 1.40753 1.14348
0.92227 1.41118 1.14426
0.92632 1.41048 1.14445
0.925202 1.40704 1.14374
0.927423 1.41388 1.14535
0.926379 1.41066 1.14389
0.93043 1.40997 1.1441
0.931412 1.41299 1.14543
0.926379 1.41066 1.14389
0.925297 1.40733 1.14274
0.929416 1.40685 1.14305
0.93043 1.40997 1.1441
0.925297 1.40733 1.14274
0.924194 1.40394 1.14182
0.928383 1.40367 1.1422
0.929416 1.40685 1.14305
0.924194 1.40394 1.14182
0.923072 1.40049 1.1412
0.927332 1.40044 1.14163
0.928383 1.40367 1.1422
0.923072 1.40049 1.1412
0.921936 1.39699 1.1411
0.926268 1.39716 1.14156
0.927332 1.40044 1.14163
0.921936 1.39699 1.1411
0.921818 1.39662 1.14223
0.926161 1.39683 1.14262
0.926268 1.39716 1.14156
0.921818 1.39662 1.14223
0.922949 1.4001 1.14268
0.927219 1.40009 1.14302
0.926161 1.39683 1.14262
0.922949 1.4001 1.14268
0.924078 1.40358 1.14316
0.928276 1.40334 1.14347
0.927219 1.40009 1.14302
0.924078 1.40358 1.14316
0.925202 1.40704 1.14374
0.929329 1.40658 1.144
0.928276 1.40334 1.14347
0.925202 1.40704 1.14374
0.92632 1.41048 1.14445
0.930376 1.4098 1.14464
0.929329 1.40658 1.144
0.931412 1.41299 1.14543
0.93043 1.40997 1.1441
0.93449 1.4093 1.14431
0.935407 1.41213 1.14551
0.93043 1.40997 1.1441
0.929416 1.40685 1.14305
0.933546 1.4064 1.14334
0.93449 1.4093 1.14431
0.929416 1.40685 1.14305
0.928383 1.40367 1.1422
0.932585 1.40344 1.14257
0.933546 1.4064 1.14334
0.928383 1.40367 1.1422
0.927332 1.40044 1.14163
0.931608 1.40044 1.14206
0.932585 1.40344 1.14257
0.927332 1.40044 1.14163
0.926268 1.39716 1.14156
0.930619 1.39739 1.14201
0.931608 1.40044 1.14206
0.926268 1.39716 1.14156
0.926161 1.39683 1.14262
0.930522 1.39709 1.14299
0.930619 1.39739 1.14201
0.926161 1.39683 1.14262
0.927219 1.40009 1.14302
0.931506 1.40012 1.14335
0.930522 1.39709 1.14299
0.927219 1.40009 1.14302
0.928276 1.40334 1.14347
0.932488 1.40314 1.14376
0.931506 1.40012 1.14335
0.928276 1.40334 1.14347
0.929329 1.40658 1.144
0.933467 1.40616 1.14424
0.932488 1.40314 1.14376
0.929329 1.40658 1.144
0.930376 1.4098 1.14464
0.934441 1.40916 1.14481
0.933467 1.40616 1.14424
0.935407 1.41213 1.14551
0.93449 1.4093 1.14431
0.93856 1.40866 1.14451
0.939409 1.41128 1.14559
0.93449 1.4093 1.14431
0.933546 1.4064 1.14334
0.937688 1.40598 1.14364
0.93856 1.40866 1.14451
0.933546 1.4064 1.14334
0.932585 1.40344 1.14257
0.936802 1.40325 1.14294
0.937688 1.40598 1.14364
0.932585 1.40344 1.14257
0.931608 1.40044 1.14206
0.935901 1.40048 1.14247
0.936802 1.40325 1.14294
0.931608 1.40044 1.14206
0.930619 1.39739 1.14201
0.934989 1.39768 1.14244
0.935901 1.40048 1.14247
0.930619 1.39739 1.14201
0.930522 1.39709 1.14299
0.934902 1.39741 1.14334
0.934989 1.39768 1.14244
0.930522 1.39709 1.14299
0.931506 1.40012 1.14335
0.935809 1.4002 1.14367
0.934902 1.39741 1.14334
0.931506 1.40012 1.14335
0.932488 1.40314 1.14376
0.936715 1.40299 1.14404
0.935809 1.4002 1.14367
0.932488 1.40314 1.14376
0.933467 1.40616 1.14424
0.937618 1.40576 1.14447
0.936715 1.40299 1.14404
0.933467 1.40616 1.14424
0.934441 1.40916 1.14481
0.938517 1.40853 1.14498
0.937618 1.40576 1.14447
0.939409 1.41128 1.14559
0.93856 1.40866 1.14451
0.942635 1.40805 1.14471
0.943414 1.41044 1.14567
0.93856 1.40866 1.14451
0.937688 1.40598 1.14364
0.941838 1.40559 1.14392
0.942635 1.40805 1.14471
0.937688 1.40598 1.14364
0.936802 1.40325 1.14294
0.941028 1.4031 1.14329
0.941838 1.40559 1.14392
0.936802 1.40325 1.14294
0.935901 1.40048 1.14247
0.940205 1.40057 1.14288
0.941028 1.4031 1.14329
0.935901 1.40048 1.14247
0.934989 1.39768 1.14244
0.939373 1.39801 1.14286
0.940205 1.40057 1.14288
0.934989 1.39768 1.14244
0.934902 1.39741 1.14334
0.939294 1.39776 1.14368
0.939373 1.39801 1.14286
0.934902 1.39741 1.14334
0.935809 1.4002 1.14367
0.940123 1.40031 1.14398
0.939294 1.39776 1.14368
0.935809 1.4002 1.14367
0.936715 1.40299 1.14404
0.94095 1.40286 1.1443
0.940123 1.40031 1.14398
0.936715 1.40299 1.14404
0.937618 1.40576 1.14447
0.941775 1.4054 1.14469
0.94095 1.40286 1.1443
0.937618 1.40576 1.14447
0.938517 1.40853 1.14498
0.942597 1.40793 1.14515
0.941775 1.4054 1.14469
0.943414 1.41044 1.14567
0.942635 1.40805 1.14471
0.946719 1.40745 1.1449
0.947425 1.40962 1.14574
0.942635 1.40805 1.14471
0.941838 1.40559 1.14392
0.945998 1.40523 1.1442
0.946719 1.40745 1.1449
0.941838 1.40559 1.14392
0.941028 1.4031 1.14329
0.945267 1.40298 1.14364
0.945998 1.40523 1.1442
0.941028 1.4031 1.14329
0.940205 1.40057 1.14288
0.944523 1.40069 1.14327
0.945267 1.40298 1.14364
0.940205 1.40057 1.14288
0.939373 1.39801 1.14286
0.943772 1.39838 1.14327
0.944523 1.40069 1.14327
0.939373 1.39801 1.14286
0.939294 1.39776 1.14368
0.943703 1.39817 1.14401
0.943772 1.39838 1.14327
0.939294 1.39776 1.14368
0.940123 1.40031 1.14398
0.944451 1.40047 1.14427
0.943703 1.39817 1.14401
0.940123 1.40031 1.14398
0.94095 1.40286 1.1443
0.945198 1.40277 1.14456
0.944451 1.40047 1.14427
0.94095 1.40286 1.1443
0.941775 1.4054 1.14469
0.945943 1.40506 1.1449
0.945198 1.40277 1.14456
0.941775 1.4054 1.14469
0.942597 1.40793 1.14515
0.946685 1.40734 1.1453
0.945943 1.40506 1.1449
0.947425 1.40962 1.14574
0.946719 1.40745 1.1449
0.950635 1.4069 1.14507
0.951268 1.40885 1.14581
0.946719 1.40745 1.1449
0.945998 1.40523 1.1442
0.949989 1.40491 1.14445
0.950635 1.4069 1.14507
0.945998 1.40523 1.1442
0.945267 1.40298 1.14364
0.949334 1.4029 1.14396
0.949989 1.40491 1.14445
0.945267 1.40298 1.14364
0.944523 1.40069 1.14327
0.948669 1.40085 1.14364
0.949334 1.4029 1.14396
0.944523 1.40069 1.14327
0.943772 1.39838 1.14327
0.947997 1.39878 1.14364
0.948669 1.40085 1.14364
0.943772 1.39838 1.14327
0.943703 1.39817 1.14401
0.947936 1.39859 1.14431
0.947997 1.39878 1.14364
0.943703 1.39817 1.14401
0.944451 1.40047 1.14427
0.948605 1.40065 1.14453
0.947936 1.39859 1.14431
0.944451 1.40047 1.14427
0.945198 1.40277 1.14456
0.949274 1.40271 1.14478
0.948605 1.40065 1.14453
0.945198 1.40277 1.14456
0.945943 1.40506 1.1449
0.949941 1.40476 1.14508
0.949274 1.40271 1.14478
0.945943 1.40506 1.1449
0.946685 1.40734 1.1453
0.950605 1.40681 1.14543
0.949941 1.40476 1.14508
0.951268 1.40885 1.14581
0.950635 1.4069 1.14507
0.951604 1.40683 1.14512
0.952215 1.40871 1.14583
0.950635 1.4069 1.14507
0.949989 1.40491 1.14445
0.950981 1.40492 1.14453
0.951604 1.40683 1.14512
0.949989 1.40491 1.14445
0.949334 1.4029 1.14396
0.950349 1.40297 1.14405
0.950981 1.40492 1.14453
0.949334 1.4029 1.14396
0.948669 1.40085 1.14364
0.949707 1.40099 1.14374
0.950349 1.40297 1.14405
0.948669 1.40085 1.14364
0.947997 1.39878 1.14364
0.949059 1.399 1.14375
0.949707 1.40099 1.14374
0.947997 1.39878 1.14364
0.947936 1.39859 1.14431
0.949 1.39882 1.1444
0.949059 1.399 1.14375
0.947936 1.39859 1.14431
0.948605 1.40065 1.14453
0.949646 1.40081 1.14461
0.949 1.39882 1.1444
0.948605 1.40065 1.14453
0.949274 1.40271 1.14478
0.950291 1.40279 1.14485
0.949646 1.40081 1.14461
0.949274 1.40271 1.14478
0.949941 1.40476 1.14508
0.950935 1.40477 1.14514
0.950291 1.40279 1.14485
0.949941 1.40476 1.14508
0.950605 1.40681 1.14543
0.951576 1.40675 1.14547
0.950935 1.40477 1.14514
0.952215 1.40871 1.14583
0.951604 1.40683 1.14512
0.952419 1.40685 1.14518
0.953008 1.40866 1.14586
0.951604 1.40683 1.14512
0.950981 1.40492 1.14453
0.95182 1.40501 1.14461
0.952419 1.40685 1.14518
0.950981 1.40492 1.14453
0.950349 1.40297 1.14405
0.951211 1.40313 1.14415
0.95182 1.40501 1.14461
0.950349 1.40297 1.14405
0.949707 1.40099 1.14374
0.950592 1.40123 1.14386
0.951211 1.40313 1.14415
0.949707 1.40099 1.14374
0.949059 1.399 1.14375
0.949968 1.39931 1.14387
0.950592 1.40123 1.14386
0.949059 1.399 1.14375
0.949 1.39882 1.1444
0.949912 1.39913 1.14449
0.949968 1.39931 1.14387
0.949 1.39882 1.1444
0.949646 1.40081 1.14461
0.950534 1.40105 1.14469
0.949912 1.39913 1.14449
0.949646 1.40081 1.14461
0.950291 1.40279 1.14485
0.951155 1.40296 1.14492
0.950534 1.40105 1.14469
0.950291 1.40279 1.14485
0.950935 1.40477 1.14514
0.951775 1.40487 1.1452
0.951155 1.40296 1.14492
0.950935 1.40477 1.14514
0.951576 1.40675 1.14547
0.952392 1.40677 1.14551
0.951775 1.40487 1.1452
0.953008 1.40866 1.14586
0.952419 1.40685 1.14518
0.953259 1.40694 1.14525
0.953821 1.40867 1.1459
0.952419 1.40685 1.14518
0.95182 1.40501 1.14461
0.952687 1.40518 1.14471
0.953259 1.40694 1.14525
0.95182 1.40501 1.14461
0.951211 1.40313 1.14415
0.952106 1.4034 1.14427
0.952687 1.40518 1.14471
0.951211 1.40313 1.14415
0.950592 1.40123 1.14386
0.951517 1.40158 1.14399
0.952106 1.4034 1.14427
0.950592 1.40123 1.14386
0.949968 1.39931 1.14387
0.950921 1.39975 1.144
0.951517 1.40158 1.14399
0.949968 1.39931 1.14387
0.949912 1.39913 1.14449
0.950868 1.39958 1.1446
0.950921 1.39975 1.144
0.949912 1.39913 1.14449
0.950534 1.40105 1.14469
0.951461 1.40141 1.14479
0.950868 1.39958 1.1446
0.950534 1.40105 1.14469
0.951155 1.40296 1.14492
0.952053 1.40323 1.14501
0.951461 1.40141 1.14479
0.951155 1.40296 1.14492
0.951775 1.40487 1.1452
0.952644 1.40505 1.14527
0.952053 1.40323 1.14501
0.951775 1.40487 1.1452
0.952392 1.40677 1.14551
0.953233 1.40687 1.14557
0.952644 1.40505 1.14527
0.953821 1.40867 1.1459
0.953259 1.40694 1.14525
0.954126 1.40712 1.14534
0.954655 1.40875 1.14595
0.953259 1.40694 1.14525
0.952687 1.40518 1.14471
0.953587 1.40546 1.14483
0.954126 1.40712 1.14534
0.952687 1.40518 1.14471
0.952106 1.4034 1.14427
0.95304 1.40378 1.14442
0.953587 1.40546 1.14483
0.952106 1.4034 1.14427
0.951517 1.40158 1.14399
0.952485 1.40207 1.14416
0.95304 1.40378 1.14442
0.951517 1.40158 1.14399
0.950921 1.39975 1.144
0.951924 1.40034 1.14417
0.952485 1.40207 1.14416
0.950921 1.39975 1.144
0.950868 1.39958 1.1446
0.951874 1.40019 1.14473
0.951924 1.40034 1.14417
0.950868 1.39958 1.1446
0.951461 1.40141 1.14479
0.952432 1.40191 1.14491
0.951874 1.40019 1.14473
0.951461 1.40141 1.14479
0.952053 1.40323 1.14501
0.95299 1.40363 1.14512
0.952432 1.40191 1.14491
0.952053 1.40323 1.14501
0.952644 1.40505 1.14527
0.953547 1.40534 1.14536
0.95299 1.40363 1.14512
0.952644 1.40505 1.14527
0.953233 1.40687 1.14557
0.954102 1.40705 1.14564
0.953547 1.40534 1.14536
0.954655 1.40875 1.14595
0.954126 1.40712 1.14534
0.955026 1.4074 1.14545
0.955516 1.40891 1.14601
0.954126 1.40712 1.14534
0.953587 1.40546 1.14483
0.954527 1.40587 1.14498
0.955026 1.4074 1.14545
0.953587 1.40546 1.14483
0.95304 1.40378 1.14442
0.95402 1.40431 1.1446
0.954527 1.40587 1.14498
0.95304 1.40378 1.14442
0.952485 1.40207 1.14416
0.953506 1.40272 1.14436
0.95402 1.40431 1.1446
0.952485 1.40207 1.14416
0.951924 1.40034 1.14417
0.952986 1.40112 1.14437
0.953506 1.40272 1.14436
0.951924 1.40034 1.14417
0.951874 1.40019 1.14473
0.95294 1.40098 1.14489
0.952986 1.40112 1.14437
0.951874 1.40019 1.14473
0.952432 1.40191 1.14491
0.953457 1.40257 1.14506
0.95294 1.40098 1.14489
0.952432 1.40191 1.14491
0.95299 1.40363 1.14512
0.953974 1.40416 1.14524
0.953457 1.40257 1.14506
0.95299 1.40363 1.14512
0.953547 1.40534 1.14536
0.95449 1.40575 1.14547
0.953974 1.40416 1.14524
0.953547 1.40534 1.14536
0.954102 1.40705 1.14564
0.955004 1.40733 1.14573
0.95449 1.40575 1.14547
0.955516 1.40891 1.14601
0.955026 1.4074 1.14545
0.95597 1.40782 1.14558
0.956413 1.40918 1.14609
0.955026 1.4074 1.14545
0.954527 1.40587 1.14498
0.955519 1.40643 1.14516
0.95597 1.40782 1.14558
0.954527 1.40587 1.14498
0.95402 1.40431 1.1446
0.955061 1.40502 1.14482
0.955519 1.40643 1.14516
0.95402 1.40431 1.1446
0.953506 1.40272 1.14436
0.954596 1.40359 1.1446
0.955061 1.40502 1.14482
0.953506 1.40272 1.14436
0.952986 1.40112 1.14437
0.954127 1.40214 1.14461
0.954596 1.40359 1.1446
0.952986 1.40112 1.14437
0.95294 1.40098 1.14489
0.954085 1.40202 1.14508
0.954127 1.40214 1.14461
0.95294 1.40098 1.14489
0.953457 1.40257 1.14506
0.954553 1.40345 1.14523
0.954085 1.40202 1.14508
0.953457 1.40257 1.14506
0.953974 1.40416 1.14524
0.95502 1.40489 1.1454
0.954553 1.40345 1.14523
0.953974 1.40416 1.14524
0.95449 1.40575 1.14547
0.955485 1.40632 1.1456
0.95502 1.40489 1.1454
0.95449 1.40575 1.14547
0.955004 1.40733 1.14573
0.95595 1.40775 1.14583
0.955485 1.40632 1.1456
0.956413 1.40918 1.14609
0.95597 1.40782 1.14558
0.956975 1.40842 1.14575
0.957358 1.4096 1.14619
0.95597 1.40782 1.14558
0.955519 1.40643 1.14516
0.956584 1.40722 1.14538
0.956975 1.40842 1.14575
0.955519 1.40643 1.14516
0.955061 1.40502 1.14482
0.956187 1.40599 1.14509
0.956584 1.40722 1.14538
0.955061 1.40502 1.14482
0.954596 1.40359 1.1446
0.955785 1.40476 1.14491
0.956187 1.40599 1.14509
0.954596 1.40359 1.1446
0.954127 1.40214 1.14461
0.955378 1.4035 1.14492
0.955785 1.40476 1.14491
0.954127 1.40214 1.14461
0.954085 1.40202 1.14508
0.955342 1.40339 1.14532
0.955378 1.4035 1.14492
0.954085 1.40202 1.14508
0.954553 1.40345 1.14523
0.955747 1.40464 1.14545
0.955342 1.40339 1.14532
0.954553 1.40345 1.14523
0.95502 1.40489 1.1454
0.956152 1.40588 1.1456
0.955747 1.40464 1.14545
0.95502 1.40489 1.1454
0.955485 1.40632 1.1456
0.956555 1.40713 1.14577
0.956152 1.40588 1.1456
0.955485 1.40632 1.1456
0.95595 1.40775 1.14583
0.956957 1.40836 1.14597
0.956555 1.40713 1.14577
0.957358 1.4096 1.14619
0.956975 1.40842 1.14575
0.958087 1.40935 1.14599
0.958391 1.41029 1.14633
0.956975 1.40842 1.14575
0.956584 1.40722 1.14538
0.957778 1.4084 1.1457
0.958087 1.40935 1.14599
0.956584 1.40722 1.14538
0.956187 1.40599 1.14509
0.957464 1.40743 1.14547
0.957778 1.4084 1.1457
0.956187 1.40599 1.14509
0.955785 1.40476 1.14491
0.957145 1.40645 1.14532
0.957464 1.40743 1.14547
0.955785 1.40476 1.14491
0.955378 1.4035 1.14492
0.956823 1.40546 1.14533
0.957145 1.40645 1.14532
0.955378 1.4035 1.14492
0.955342 1.40339 1.14532
0.956794 1.40537 1.14565
0.956823 1.40546 1.14533
0.955342 1.40339 1.14532
0.955747 1.40464 1.14545
0.957115 1.40636 1.14575
0.956794 1.40537 1.14565
0.955747 1.40464 1.14545
0.956152 1.40588 1.1456
0.957436 1.40735 1.14586
0.957115 1.40636 1.14575
0.956152 1.40588 1.1456
0.956555 1.40713 1.14577
0.957755 1.40833 1.146
0.957436 1.40735 1.14586
0.956555 1.40713 1.14577
0.956957 1.40836 1.14597
0.958074 1.40931 1.14616
0.957755 1.40833 1.146
0.958391 1.41029 1.14633
0.958087 1.40935 1.14599
0.959482 1.41115 1.14639
0.959652 1.41168 1.14658
0.958087 1.40935 1.14599
0.957778 1.4084 1.1457
0.959308 1.41062 1.14623
0.959482 1.41115 1.14639
0.957778 1.4084 1.1457
0.957464 1.40743 1.14547
0.959133 1.41008 1.1461
0.959308 1.41062 1.14623
0.957464 1.40743 1.14547
0.957145 1.40645 1.14532
0.958954 1.40953 1.14602
0.959133 1.41008 1.1461
0.957145 1.40645 1.14532
0.956823 1.40546 1.14533
0.958774 1.40898 1.14602
0.958954 1.40953 1.14602
0.956823 1.40546 1.14533
0.956794 1.40537 1.14565
0.958758 1.40893 1.1462
0.958774 1.40898 1.14602
0.956794 1.40537 1.14565
0.957115 1.40636 1.14575
0.958938 1.40948 1.14626
0.958758 1.40893 1.1462
0.957115 1.40636 1.14575
0.957436 1.40735 1.14586
0.959117 1.41003 1.14632
0.958938 1.40948 1.14626
0.957436 1.40735 1.14586
0.957755 1.40833 1.146
0.959296 1.41058 1.1464
0.959117 1.41003 1.14632
0.957755 1.40833 1.146
0.958074 1.40931 1.14616
0.959474 1.41113 1.14649
0.959296 1.41058 1.1464
0.959652 1.41168 1.14658
0.959482 1.41115 1.14639
0.96087 1.41318 1.14683
0.960894 1.41326 1.14686
0.959482 1.41115 1.14639
0.959308 1.41062 1.14623
0.960845 1.41311 1.14681
0.96087 1.41318 1.14683
0.959308 1.41062 1.14623
0.959133 1.41008 1.1461
0.96082 1.41303 1.14679
0.960845 1.41311 1.14681
0.959133 1.41008 1.1461
0.958954 1.40953 1.14602
0.960795 1.41295 1.14678
0.96082 1.41303 1.14679
0.958954 1.40953 1.14602
0.958774 1.40898 1.14602
0.960769 1.41287 1.14678
0.960795 1.41295 1.14678
0.958774 1.40898 1.14602
0.958758 1.40893 1.1462
0.960767 1.41287 1.1468
0.960769 1.41287 1.14678
0.958758 1.40893 1.1462
0.958938 1.40948 1.14626
0.960793 1.41294 1.14681
0.960767 1.41287 1.1468
0.958938 1.40948 1.14626
0.959117 1.41003 1.14632
0.960818 1.41302 1.14682
0.960793 1.41294 1.14681
0.959117 1.41003 1.14632
0.959296 1.41058 1.1464
0.960843 1.4131 1.14683
0.960818 1.41302 1.14682
0.959296 1.41058 1.1464
0.959474 1.41113 1.14649
0.960869 1.41318 1.14684
0.960843 1.4131 1.14683
0.83441 1.43825 1.14043
0.835408 1.44132 1.1429
0.83784 1.44064 1.14286
0.836796 1.43743 1.14009
0.836796 1.43743 1.14009
0.83784 1.44064 1.14286
0.841645 1.43946 1.14294
0.840511 1.43597 1.13985
0.840511 1.43597 1.13985
0.841645 1.43946 1.14294
0.845502 1.43817 1.14314
0.844254 1.43433 1.13991
0.844254 1.43433 1.13991
0.845502 1.43817 1.14314
0.849349 1.43685 1.14337
0.847987 1.43265 1.14012
0.847987 1.43265 1.14012
0.849349 1.43685 1.14337
0.8532 1.43553 1.14355
0.851742 1.43104 1.14033
0.851742 1.43104 1.14033
0.8532 1.43553 1.14355
0.857049 1.43421 1.14371
0.855515 1.4295 1.14055
0.855515 1.4295 1.14055
0.857049 1.43421 1.14371
0.860896 1.4329 1.14384
0.859307 1.42801 1.14077
0.859307 1.42801 1.14077
0.860896 1.4329 1.14384
0.86474 1.43156 1.14394
0.863118 1.42657 1.14099
0.863118 1.42657 1.14099
0.86474 1.43156 1.14394
0.868578 1.43021 1.14403
0.866944 1.42518 1.1412
0.866944 1.42518 1.1412
0.868578 1.43021 1.14403
0.872423 1.42889 1.14411
0.870789 1.42386 1.14142
0.870789 1.42386 1.14142
0.872423 1.42889 1.14411
0.876284 1.4276 1.1442
0.874657 1.42259 1.14163
0.874657 1.42259 1.14163
0.876284 1.4276 1.1442
0.880154 1.42635 1.14428
0.878541 1.42139 1.14184
0.878541 1.42139 1.14184
0.880154 1.42635 1.14428
0.88404 1.42515 1.14438
0.882447 1.42024 1.14206
0.882447 1.42024 1.14206
0.88404 1.42515 1.14438
0.887935 1.42397 1.14447
0.886367 1.41914 1.14226
0.886367 1.41914 1.14226
0.887935 1.42397 1.14447
0.891841 1.42283 1.14456
0.890302 1.4181 1.14247
0.890302 1.4181 1.14247
0.891841 1.42283 1.14456
0.89576 1.42173 1.14465
0.894255 1.4171 1.14268
0.894255 1.4171 1.14268
0.89576 1.42173 1.14465
0.899687 1.42066 1.14474
0.898217 1.41613 1.14293
0.898217 1.41613 1.14293
0.899687 1.42066 1.14474
0.903623 1.41961 1.14483
0.902192 1.41521 1.14317
0.902192 1.41521 1.14317
0.903623 1.41961 1.14483
0.907572 1.41859 1.14492
0.906185 1.41433 1.14341
0.906185 1.41433 1.14341
0.907572 1.41859 1.14492
0.911526 1.4176 1.14501
0.910188 1.41349 1.14363
0.910188 1.41349 1.14363
0.911526 1.4176 1.14501
0.91549 1.41664 1.1451
0.914206 1.41268 1.14385
0.914206 1.41268 1.14385
0.91549 1.41664 1.1451
0.91946 1.4157 1.14518
0.918233 1.41192 1.14405
0.918233 1.41192 1.14405
0.91946 1.4157 1.14518
0.923437 1.41478 1.14527
0.92227 1.41118 1.14426
0.92227 1.41118 1.14426
0.923437 1.41478 1.14527
0.927423 1.41388 1.14535
0.92632 1.41048 1.14445
0.92632 1.41048 1.14445
0.927423 1.41388 1.14535
0.931412 1.41299 1.14543
0.930376 1.4098 1.14464
0.930376 1.4098 1.14464
0.931412 1.41299 1.14543
0.935407 1.41213 1.14551
0.934441 1.40916 1.14481
0.934441 1.40916 1.14481
0.935407 1.41213 1.14551
0.939409 1.41128 1.14559
0.938517 1.40853 1.14498
0.938517 1.40853 1.14498
0.939409 1.41128 1.14559
0.943414 1.41044 1.14567
0.942597 1.40793 1.14515
0.942597 1.40793 1.14515
0.943414 1.41044 1.14567
0.947425 1.40962 1.14574
0.946685 1.40734 1.1453
0.946685 1.40734 1.1453
0.947425 1.40962 1.14574
0.951268 1.40885 1.14581
0.950605 1.40681 1.14543
0.950605 1.40681 1.14543
0.951268 1.40885 1.14581
0.952215 1.40871 1.14583
0.951576 1.40675 1.14547
0.951576 1.40675 1.14547
0.952215 1.40871 1.14583
0.953008 1.40866 1.14586
0.952392 1.40677 1.14551
0.952392 1.40677 1.14551
0.953008 1.40866 1.14586
0.953821 1.40867 1.1459
0.953233 1.40687 1.14557
0.953233 1.40687 1.14557
0.953821 1.40867 1.1459
0.954655 1.40875 1.14595
0.954102 1.40705 1.14564
0.954102 1.40705 1.14564
0.954655 1.40875 1.14595
0.955516 1.40891 1.14601
0.955004 1.40733 1.14573
0.955004 1.40733 1.14573
0.955516 1.40891 1.14601
0.956413 1.40918 1.14609
0.95595 1.40775 1.14583
0.95595 1.40775 1.14583
0.956413 1.40918 1.14609
0.957358 1.4096 1.14619
0.956957 1.40836 1.14597
0.956957 1.40836 1.14597
0.957358 1.4096 1.14619
0.958391 1.41029 1.14633
0.958074 1.40931 1.14616
0.958074 1.40931 1.14616
0.958391 1.41029 1.14633
0.959652 1.41168 1.14658
0.959474 1.41113 1.14649
0.959474 1.41113 1.14649
0.959652 1.41168 1.14658
0.960894 1.41326 1.14686
0.960869 1.41318 1.14684
0.8135 1.4528 1.1457
0.8135 1.4528 1.1457
0.8135 1.4528 1.1457
0.8135 1.4528 1.1457
0.8135 1.4528 1.1457
0.8135 1.4528 1.1457
0.8135 1.4528 1.1457
0.8135 1.4528 1.1457
0.8135 1.4528 1.1457
0.8135 1.4528 1.1457
0.8135 1.4528 1.1457
0.8135 1.4528 1.1457
0.8135 1.4528 1.1457
0.8135 1.4528 1.1457
0.8135 1.4528 1.1457
0.8135 1.4528 1.1457
0.8135 1.4528 1.1457
0.8135 1.4528 1.1457
0.8135 1.4528 1.1457
0.8135 1.4528 1.1457
0.8135 1.4528 1.1457
0.8135 1.4528 1.1457
0.8135 1.4528 1.1457
0.8135 1.4528 1.1457
0.8135 1.4528 1.1457
0.8135 1.4528 1.1457
0.8135 1.4528 1.1457
0.8135 1.4528 1.1457
0.8135 1.4528 1.1457
0.8135 1.4528 1.1457
0.8135 1.4528 1.1457
0.8135 1.4528 1.1457
0.8135 1.4528 1.1457
0.8135 1.4528 1.1457
0.8135 1.4528 1.1457
0.8135 1.4528 1.1457
0.8135 1.4528 1.1457
0.8135 1.4528 1.1457
0.8135 1.4528 1.1457
0.8135 1.4528 1.1457
0.8135 1.4528 1.1457
0.8135 1.4528 1.1457
0.8135 1.4528 1.1457
0.8135 1.4528 1.1457
0.8135 1.4528 1.1457
0.8135 1.4528 1.1457
0.8135 1.4528 1.1457
0.8135 1.4528 1.1457
0.8135 1.4528 1.1457
0.8135 1.4528 1.1457
0.8135 1.4528 1.1457
0.8135 1.4528 1.1457
0.8135 1.4528 1.1457
0.8135 1.4528 1.1457
0.8135 1.4528 1.1457
0.8135 1.4528 1.1457
0.8135 1.4528 1.1457
0.8135 1.4528 1.1457
0.8135 1.4528 1.1457
0.8135 1.4528 1.1457
0.8135 1.4528 1.1457
0.8135 1.4528 1.1457
0.8135 1.4528 1.1457
0.8135 1.4528 1.1457
0.8135 1.4528 1.1457
0.8135 1.4528 1.1457
0.8135 1.4528 1.1457
0.8135 1.4528 1.1457
0.8135 1.4528 1.1457
0.8135 1.4528 1.1457
0.8135 1.4528 1.1457
0.8135 1.4528 1.1457
0.8135 1.4528 1.1457
0.8135 1.4528 1.1457
0.8135 1.4528 1.1457
0.8135 1.4528 1.1457
0.8135 1.4528 1.1457
0.8135 1.4528 1.1457
0.8135 1.4528 1.1457
0.8135 1.4528 1.1457
0.8135 1.4528 1.1457
0.8135 1.4528 1.1457
0.8135 1.4528 1.1457
0.8135 1.4528 1.1457
0.8135 1.4528 1.1457
0.8135 1.4528 1.1457
0.8135 1.4528 1.1457
0.8135 1.4528 1.1457
0.791592 1.46428 1.1429
0.792335 1.46657 1.13964
0.789951 1.46739 1.13934
0.78916 1.46496 1.14286
0.792335 1.46657 1.13964
0.793225 1.46931 1.13677
0.7909 1.47032 1.13622
0.789951 1.46739 1.13934
0.793225 1.46931 1.13677
0.794179 1.47224 1.13411
0.791918 1.47345 1.13334
0.7909 1.47032 1.13622
0.794179 1.47224 1.13411
0.795211 1.47542 1.13179
0.793016 1.47683 1.13078
0.791918 1.47345 1.13334
0.795211 1.47542 1.13179
0.796372 1.47899 1.13028
0.794248 1.48062 1.12903
0.793016 1.47683 1.13078
0.796372 1.47899 1.13028
0.796953 1.48078 1.13237
0.794836 1.48243 1.13107
0.794248 1.48062 1.12903
0.796953 1.48078 1.13237
0.795898 1.47753 1.13456
0.793701 1.47893 1.13344
0.794836 1.48243 1.13107
0.795898 1.47753 1.13456
0.794778 1.47409 1.13642
0.792513 1.47528 1.13553
0.793701 1.47893 1.13344
0.794778 1.47409 1.13642
0.793668 1.47067 1.13833
0.791339 1.47167 1.13771
0.792513 1.47528 1.13553
0.793668 1.47067 1.13833
0.79259 1.46735 1.14043
0.790204 1.46817 1.14009
0.791339 1.47167 1.13771
0.78916 1.46496 1.14286
0.789951 1.46739 1.13934
0.78625 1.46889 1.13913
0.785355 1.46614 1.14294
0.789951 1.46739 1.13934
0.7909 1.47032 1.13622
0.787314 1.47217 1.13578
0.78625 1.46889 1.13913
0.7909 1.47032 1.13622
0.791918 1.47345 1.13334
0.788449 1.47566 1.13268
0.787314 1.47217 1.13578
0.791918 1.47345 1.13334
0.793016 1.47683 1.13078
0.789666 1.4794 1.12993
0.788449 1.47566 1.13268
0.793016 1.47683 1.13078
0.794248 1.48062 1.12903
0.791015 1.48356 1.12797
0.789666 1.4794 1.12993
0.794248 1.48062 1.12903
0.794836 1.48243 1.13107
0.79158 1.4853 1.12997
0.791015 1.48356 1.12797
0.794836 1.48243 1.13107
0.793701 1.47893 1.13344
0.790313 1.4814 1.13247
0.79158 1.4853 1.12997
0.793701 1.47893 1.13344
0.792513 1.47528 1.13553
0.78901 1.47739 1.13477
0.790313 1.4814 1.13247
0.792513 1.47528 1.13553
0.791339 1.47167 1.13771
0.787727 1.47344 1.13719
0.78901 1.47739 1.13477
0.791339 1.47167 1.13771
0.790204 1.46817 1.14009
0.786489 1.46963 1.13985
0.787727 1.47344 1.13719
0.785355 1.46614 1.14294
0.78625 1.46889 1.13913
0.782527 1.4706 1.13921
0.781498 1.46743 1.14314
0.78625 1.46889 1.13913
0.787314 1.47217 1.13578
0.783728 1.4743 1.13578
0.782527 1.4706 1.13921
0.787314 1.47217 1.13578
0.788449 1.47566 1.13268
0.785001 1.47821 1.13265
0.783728 1.4743 1.13578
0.788449 1.47566 1.13268
0.789666 1.4794 1.12993
0.786352 1.48237 1.12988
0.785001 1.47821 1.13265
0.789666 1.4794 1.12993
0.791015 1.48356 1.12797
0.787825 1.48691 1.1279
0.786352 1.48237 1.12988
0.791015 1.48356 1.12797
0.79158 1.4853 1.12997
0.788345 1.48851 1.12991
0.787825 1.48691 1.1279
0.79158 1.4853 1.12997
0.790313 1.4814 1.13247
0.786938 1.48418 1.13237
0.788345 1.48851 1.12991
0.790313 1.4814 1.13247
0.78901 1.47739 1.13477
0.785509 1.47978 1.1347
0.786938 1.48418 1.13237
0.78901 1.47739 1.13477
0.787727 1.47344 1.13719
0.784104 1.47545 1.13718
0.785509 1.47978 1.1347
0.787727 1.47344 1.13719
0.786489 1.46963 1.13985
0.782746 1.47127 1.13991
0.784104 1.47545 1.13718
0.781498 1.46743 1.14314
0.782527 1.4706 1.13921
0.778814 1.47233 1.13941
0.777651 1.46875 1.14337
0.782527 1.4706 1.13921
0.783728 1.4743 1.13578
0.780146 1.47643 1.13602
0.778814 1.47233 1.13941
0.783728 1.4743 1.13578
0.785001 1.47821 1.13265
0.781548 1.48075 1.13295
0.780146 1.47643 1.13602
0.785001 1.47821 1.13265
0.786352 1.48237 1.12988
0.783025 1.48529 1.13026
0.781548 1.48075 1.13295
0.786352 1.48237 1.12988
0.787825 1.48691 1.1279
0.784611 1.49017 1.12838
0.783025 1.48529 1.13026
0.787825 1.48691 1.1279
0.788345 1.48851 1.12991
0.785084 1.49163 1.13041
0.784611 1.49017 1.12838
0.788345 1.48851 1.12991
0.786938 1.48418 1.13237
0.783551 1.48691 1.13274
0.785084 1.49163 1.13041
0.786938 1.48418 1.13237
0.785509 1.47978 1.1347
0.782006 1.48216 1.13499
0.783551 1.48691 1.13274
0.785509 1.47978 1.1347
0.784104 1.47545 1.13718
0.780486 1.47748 1.13741
0.782006 1.48216 1.13499
0.784104 1.47545 1.13718
0.782746 1.47127 1.13991
0.779013 1.47295 1.14012
0.780486 1.47748 1.13741
0.777651 1.46875 1.14337
0.778814 1.47233 1.13941
0.775072 1.47399 1.13962
0.7738 1.47007 1.14355
0.778814 1.47233 1.13941
0.780146 1.47643 1.13602
0.776512 1.47842 1.13629
0.775072 1.47399 1.13962
0.780146 1.47643 1.13602
0.781548 1.48075 1.13295
0.77802 1.48306 1.1333
0.776512 1.47842 1.13629
0.781548 1.48075 1.13295
0.783025 1.48529 1.13026
0.779597 1.48791 1.13072
0.77802 1.48306 1.1333
0.783025 1.48529 1.13026
0.784611 1.49017 1.12838
0.781275 1.49308 1.12896
0.779597 1.48791 1.13072
0.784611 1.49017 1.12838
0.785084 1.49163 1.13041
0.781712 1.49442 1.13101
0.781275 1.49308 1.12896
0.785084 1.49163 1.13041
0.783551 1.48691 1.13274
0.780079 1.4894 1.13321
0.781712 1.49442 1.13101
0.783551 1.48691 1.13274
0.782006 1.48216 1.13499
0.77844 1.48435 1.13535
0.780079 1.4894 1.13321
0.782006 1.48216 1.13499
0.780486 1.47748 1.13741
0.776826 1.47938 1.13769
0.77844 1.48435 1.13535
0.780486 1.47748 1.13741
0.779013 1.47295 1.14012
0.775258 1.47456 1.14033
0.776826 1.47938 1.13769
0.7738 1.47007 1.14355
0.775072 1.47399 1.13962
0.77131 1.47557 1.13982
0.769951 1.47139 1.14371
0.775072 1.47399 1.13962
0.776512 1.47842 1.13629
0.772833 1.48025 1.13659
0.77131 1.47557 1.13982
0.776512 1.47842 1.13629
0.77802 1.48306 1.1333
0.774422 1.48514 1.1337
0.772833 1.48025 1.13659
0.77802 1.48306 1.1333
0.779597 1.48791 1.13072
0.776077 1.49024 1.13124
0.774422 1.48514 1.1337
0.779597 1.48791 1.13072
0.781275 1.49308 1.12896
0.777824 1.49561 1.12961
0.776077 1.49024 1.13124
0.781275 1.49308 1.12896
0.781712 1.49442 1.13101
0.778232 1.49687 1.13169
0.777824 1.49561 1.12961
0.781712 1.49442 1.13101
0.780079 1.4894 1.13321
0.776525 1.49161 1.13374
0.778232 1.49687 1.13169
0.780079 1.4894 1.13321
0.77844 1.48435 1.13535
0.774814 1.48635 1.13577
0.776525 1.49161 1.13374
0.77844 1.48435 1.13535
0.776826 1.47938 1.13769
0.773127 1.48116 1.138
0.774814 1.48635 1.13577
0.776826 1.47938 1.13769
0.775258 1.47456 1.14033
0.771485 1.4761 1.14055
0.773127 1.48116 1.138
0.769951 1.47139 1.14371
0.77131 1.47557 1.13982
0.767528 1.47708 1.14003
0.766104 1.4727 1.14384
0.77131 1.47557 1.13982
0.772833 1.48025 1.13659
0.769111 1.48196 1.1369
0.767528 1.47708 1.14003
0.772833 1.48025 1.13659
0.774422 1.48514 1.1337
0.770757 1.48702 1.13414
0.769111 1.48196 1.1369
0.774422 1.48514 1.1337
0.776077 1.49024 1.13124
0.772466 1.49228 1.13181
0.770757 1.48702 1.13414
0.776077 1.49024 1.13124
0.777824 1.49561 1.12961
0.774258 1.4978 1.13032
0.772466 1.49228 1.13181
0.777824 1.49561 1.12961
0.778232 1.49687 1.13169
0.774643 1.49898 1.13243
0.774258 1.4978 1.13032
0.778232 1.49687 1.13169
0.776525 1.49161 1.13374
0.772885 1.49357 1.13433
0.774643 1.49898 1.13243
0.776525 1.49161 1.13374
0.774814 1.48635 1.13577
0.771125 1.48816 1.13622
0.772885 1.49357 1.13433
0.774814 1.48635 1.13577
0.773127 1.48116 1.138
0.769388 1.48281 1.13833
0.771125 1.48816 1.13622
0.773127 1.48116 1.138
0.771485 1.4761 1.14055
0.767693 1.47759 1.14077
0.769388 1.48281 1.13833
0.766104 1.4727 1.14384
0.767528 1.47708 1.14003
0.763725 1.47855 1.14025
0.76226 1.47404 1.14394
0.767528 1.47708 1.14003
0.769111 1.48196 1.1369
0.765345 1.48354 1.13725
0.763725 1.47855 1.14025
0.769111 1.48196 1.1369
0.770757 1.48702 1.13414
0.767025 1.48871 1.13462
0.765345 1.48354 1.13725
0.770757 1.48702 1.13414
0.772466 1.49228 1.13181
0.768765 1.49406 1.13243
0.767025 1.48871 1.13462
0.772466 1.49228 1.13181
0.774258 1.4978 1.13032
0.77058 1.49965 1.13109
0.768765 1.49406 1.13243
0.774258 1.4978 1.13032
0.774643 1.49898 1.13243
0.770942 1.50076 1.1332
0.77058 1.49965 1.13109
0.774643 1.49898 1.13243
0.772885 1.49357 1.13433
0.769156 1.49527 1.13495
0.770942 1.50076 1.1332
0.772885 1.49357 1.13433
0.771125 1.48816 1.13622
0.76737 1.48977 1.1367
0.769156 1.49527 1.13495
0.771125 1.48816 1.13622
0.769388 1.48281 1.13833
0.765606 1.48434 1.13867
0.76737 1.48977 1.1367
0.769388 1.48281 1.13833
0.767693 1.47759 1.14077
0.763882 1.47903 1.14099
0.765606 1.48434 1.13867
0.76226 1.47404 1.14394
0.763725 1.47855 1.14025
0.759909 1.47996 1.14047
0.758422 1.47539 1.14403
0.763725 1.47855 1.14025
0.765345 1.48354 1.13725
0.761543 1.48499 1.13762
0.759909 1.47996 1.14047
0.765345 1.48354 1.13725
0.767025 1.48871 1.13462
0.763235 1.4902 1.13514
0.761543 1.48499 1.13762
0.767025 1.48871 1.13462
0.768765 1.49406 1.13243
0.764981 1.49558 1.1331
0.763235 1.4902 1.13514
0.768765 1.49406 1.13243
0.77058 1.49965 1.13109
0.766797 1.50116 1.1319
0.764981 1.49558 1.1331
0.77058 1.49965 1.13109
0.770942 1.50076 1.1332
0.767135 1.5022 1.13398
0.766797 1.50116 1.1319
0.770942 1.50076 1.1332
0.769156 1.49527 1.13495
0.765346 1.4967 1.13559
0.767135 1.5022 1.13398
0.769156 1.49527 1.13495
0.76737 1.48977 1.1367
0.763556 1.49119 1.1372
0.765346 1.4967 1.13559
0.76737 1.48977 1.1367
0.765606 1.48434 1.13867
0.761788 1.48575 1.13903
0.763556 1.49119 1.1372
0.765606 1.48434 1.13867
0.763882 1.47903 1.14099
0.760056 1.48042 1.1412
0.761788 1.48575 1.13903
0.758422 1.47539 1.14403
0.759909 1.47996 1.14047
0.756072 1.48132 1.1407
0.754577 1.47671 1.14411
0.759909 1.47996 1.14047
0.761543 1.48499 1.13762
0.757709 1.48635 1.13799
0.756072 1.48132 1.1407
0.761543 1.48499 1.13762
0.763235 1.4902 1.13514
0.759399 1.49155 1.13566
0.757709 1.48635 1.13799
0.763235 1.4902 1.13514
0.764981 1.49558 1.1331
0.76114 1.49691 1.13377
0.759399 1.49155 1.13566
0.764981 1.49558 1.1331
0.766797 1.50116 1.1319
0.762944 1.50246 1.1327
0.76114 1.49691 1.13377
0.766797 1.50116 1.1319
0.767135 1.5022 1.13398
0.763259 1.50343 1.13475
0.762944 1.50246 1.1327
0.767135 1.5022 1.13398
0.765346 1.4967 1.13559
0.761478 1.49795 1.13621
0.763259 1.50343 1.13475
0.765346 1.4967 1.13559
0.763556 1.49119 1.1372
0.759698 1.49247 1.13768
0.761478 1.49795 1.13621
0.763556 1.49119 1.1372
0.761788 1.48575 1.13903
0.757937 1.48705 1.13938
0.759698 1.49247 1.13768
0.761788 1.48575 1.13903
0.760056 1.48042 1.1412
0.756211 1.48174 1.14142
0.757937 1.48705 1.13938
0.754577 1.47671 1.14411
0.756072 1.48132 1.1407
0.752212 1.4826 1.14092
0.750716 1.478 1.1442
0.756072 1.48132 1.1407
0.757709 1.48635 1.13799
0.753843 1.48762 1.13836
0.752212 1.4826 1.14092
0.757709 1.48635 1.13799
0.759399 1.49155 1.13566
0.755525 1.4928 1.13617
0.753843 1.48762 1.13836
0.759399 1.49155 1.13566
0.76114 1.49691 1.13377
0.757254 1.49812 1.13441
0.755525 1.4928 1.13617
0.76114 1.49691 1.13377
0.762944 1.50246 1.1327
0.759039 1.50361 1.13345
0.757254 1.49812 1.13441
0.762944 1.50246 1.1327
0.763259 1.50343 1.13475
0.759334 1.50452 1.13547
0.759039 1.50361 1.13345
0.763259 1.50343 1.13475
0.761478 1.49795 1.13621
0.757568 1.49909 1.1368
0.759334 1.50452 1.13547
0.761478 1.49795 1.13621
0.759698 1.49247 1.13768
0.755803 1.49366 1.13815
0.757568 1.49909 1.1368
0.759698 1.49247 1.13768
0.757937 1.48705 1.13938
0.754057 1.48828 1.13972
0.755803 1.49366 1.13815
0.757937 1.48705 1.13938
0.756211 1.48174 1.14142
0.752343 1.48301 1.14163
0.754057 1.48828 1.13972
0.750716 1.478 1.1442
0.752212 1.4826 1.14092
0.748336 1.48383 1.14115
0.746846 1.47925 1.14428
0.752212 1.4826 1.14092
0.753843 1.48762 1.13836
0.749954 1.48881 1.13872
0.748336 1.48383 1.14115
0.753843 1.48762 1.13836
0.755525 1.4928 1.13617
0.75162 1.49394 1.13666
0.749954 1.48881 1.13872
0.755525 1.4928 1.13617
0.757254 1.49812 1.13441
0.753331 1.49921 1.13502
0.75162 1.49394 1.13666
0.757254 1.49812 1.13441
0.759039 1.50361 1.13345
0.755092 1.50463 1.13418
0.753331 1.49921 1.13502
0.759039 1.50361 1.13345
0.759334 1.50452 1.13547
0.755368 1.50548 1.13615
0.755092 1.50463 1.13418
0.759334 1.50452 1.13547
0.757568 1.49909 1.1368
0.753624 1.50011 1.13736
0.755368 1.50548 1.13615
0.757568 1.49909 1.1368
0.755803 1.49366 1.13815
0.751881 1.49474 1.13859
0.753624 1.50011 1.13736
0.755803 1.49366 1.13815
0.754057 1.48828 1.13972
0.750154 1.48943 1.14005
0.751881 1.49474 1.13859
0.754057 1.48828 1.13972
0.752343 1.48301 1.14163
0.748459 1.48421 1.14184
0.750154 1.48943 1.14005
0.746846 1.47925 1.14428
0.748336 1.48383 1.14115
0.744437 1.485 1.14138
0.74296 1.48045 1.14438
0.748336 1.48383 1.14115
0.749954 1.48881 1.13872
0.746037 1.48993 1.13908
0.744437 1.485 1.14138
0.749954 1.48881 1.13872
0.75162 1.49394 1.13666
0.747682 1.49499 1.13714
0.746037 1.48993 1.13908
0.75162 1.49394 1.13666
0.753331 1.49921 1.13502
0.749369 1.50018 1.13562
0.747682 1.49499 1.13714
0.753331 1.49921 1.13502
0.755092 1.50463 1.13418
0.751101 1.50551 1.13487
0.749369 1.50018 1.13562
0.755092 1.50463 1.13418
0.755368 1.50548 1.13615
0.751359 1.50631 1.13679
0.751101 1.50551 1.13487
0.755368 1.50548 1.13615
0.753624 1.50011 1.13736
0.749642 1.50102 1.13789
0.751359 1.50631 1.13679
0.753624 1.50011 1.13736
0.751881 1.49474 1.13859
0.747926 1.49574 1.13902
0.749642 1.50102 1.13789
0.751881 1.49474 1.13859
0.750154 1.48943 1.14005
0.746225 1.4905 1.14037
0.747926 1.49574 1.13902
0.750154 1.48943 1.14005
0.748459 1.48421 1.14184
0.744553 1.48536 1.14206
0.746225 1.4905 1.14037
0.74296 1.48045 1.14438
0.744437 1.485 1.14138
0.740524 1.48612 1.1416
0.739065 1.48163 1.14447
0.744437 1.485 1.14138
0.746037 1.48993 1.13908
0.742099 1.49097 1.13942
0.740524 1.48612 1.1416
0.746037 1.48993 1.13908
0.747682 1.49499 1.13714
0.743718 1.49595 1.1376
0.742099 1.49097 1.13942
0.747682 1.49499 1.13714
0.749369 1.50018 1.13562
0.745375 1.50105 1.13619
0.743718 1.49595 1.1376
0.749369 1.50018 1.13562
0.751101 1.50551 1.13487
0.747073 1.50627 1.13553
0.745375 1.50105 1.13619
0.751101 1.50551 1.13487
0.751359 1.50631 1.13679
0.747315 1.50702 1.13741
0.747073 1.50627 1.13553
0.751359 1.50631 1.13679
0.749642 1.50102 1.13789
0.74563 1.50183 1.1384
0.747315 1.50702 1.13741
0.749642 1.50102 1.13789
0.747926 1.49574 1.13902
0.743946 1.49665 1.13944
0.74563 1.50183 1.1384
0.747926 1.49574 1.13902
0.746225 1.4905 1.14037
0.742276 1.49151 1.14069
0.743946 1.49665 1.13944
0.746225 1.4905 1.14037
0.744553 1.48536 1.14206
0.740633 1.48646 1.14226
0.742276 1.49151 1.14069
0.739065 1.48163 1.14447
0.740524 1.48612 1.1416
0.736594 1.48718 1.14182
0.735159 1.48277 1.14456
0.740524 1.48612 1.1416
0.742099 1.49097 1.13942
0.73814 1.49194 1.13976
0.736594 1.48718 1.14182
0.742099 1.49097 1.13942
0.743718 1.49595 1.1376
0.739727 1.49682 1.13805
0.73814 1.49194 1.13976
0.743718 1.49595 1.1376
0.745375 1.50105 1.13619
0.741349 1.50182 1.13674
0.739727 1.49682 1.13805
0.745375 1.50105 1.13619
0.747073 1.50627 1.13553
0.743008 1.50692 1.13617
0.741349 1.50182 1.13674
0.747073 1.50627 1.13553
0.747315 1.50702 1.13741
0.743235 1.50762 1.13799
0.743008 1.50692 1.13617
0.747315 1.50702 1.13741
0.74563 1.50183 1.1384
0.741587 1.50255 1.13889
0.743235 1.50762 1.13799
0.74563 1.50183 1.1384
0.743946 1.49665 1.13944
0.73994 1.49748 1.13984
0.741587 1.50255 1.13889
0.743946 1.49665 1.13944
0.742276 1.49151 1.14069
0.738306 1.49245 1.14099
0.73994 1.49748 1.13984
0.742276 1.49151 1.14069
0.740633 1.48646 1.14226
0.736698 1.4875 1.14247
0.738306 1.49245 1.14099
0.735159 1.48277 1.14456
0.736594 1.48718 1.14182
0.732646 1.4882 1.14205
0.73124 1.48387 1.14465
0.736594 1.48718 1.14182
0.73814 1.49194 1.13976
0.734157 1.49285 1.1401
0.732646 1.4882 1.14205
0.73814 1.49194 1.13976
0.739727 1.49682 1.13805
0.735706 1.49762 1.1385
0.734157 1.49285 1.1401
0.739727 1.49682 1.13805
0.741349 1.50182 1.13674
0.737289 1.50249 1.13728
0.735706 1.49762 1.1385
0.741349 1.50182 1.13674
0.743008 1.50692 1.13617
0.738905 1.50746 1.13679
0.737289 1.50249 1.13728
0.743008 1.50692 1.13617
0.743235 1.50762 1.13799
0.739118 1.50812 1.13854
0.738905 1.50746 1.13679
0.743235 1.50762 1.13799
0.741587 1.50255 1.13889
0.737512 1.50317 1.13937
0.739118 1.50812 1.13854
0.741587 1.50255 1.13889
0.73994 1.49748 1.13984
0.735907 1.49824 1.14024
0.737512 1.50317 1.13937
0.73994 1.49748 1.13984
0.738306 1.49245 1.14099
0.734314 1.49333 1.14131
0.735907 1.49824 1.14024
0.738306 1.49245 1.14099
0.736698 1.4875 1.14247
0.732745 1.4885 1.14268
0.734314 1.49333 1.14131
0.73124 1.48387 1.14465
0.732646 1.4882 1.14205
0.728688 1.48918 1.14229
0.727313 1.48494 1.14474
0.732646 1.4882 1.14205
0.734157 1.49285 1.1401
0.730158 1.4937 1.14044
0.728688 1.48918 1.14229
0.734157 1.49285 1.1401
0.735706 1.49762 1.1385
0.731664 1.49834 1.13894
0.730158 1.4937 1.14044
0.735706 1.49762 1.1385
0.737289 1.50249 1.13728
0.733202 1.50307 1.13782
0.731664 1.49834 1.13894
0.737289 1.50249 1.13728
0.738905 1.50746 1.13679
0.73477 1.5079 1.1374
0.733202 1.50307 1.13782
0.738905 1.50746 1.13679
0.739118 1.50812 1.13854
0.73497 1.50851 1.13907
0.73477 1.5079 1.1374
0.739118 1.50812 1.13854
0.737512 1.50317 1.13937
0.733411 1.50371 1.13984
0.73497 1.50851 1.13907
0.737512 1.50317 1.13937
0.735907 1.49824 1.14024
0.731855 1.49892 1.14066
0.733411 1.50371 1.13984
0.735907 1.49824 1.14024
0.734314 1.49333 1.14131
0.730309 1.49417 1.14166
0.731855 1.49892 1.14066
0.734314 1.49333 1.14131
0.732745 1.4885 1.14268
0.728783 1.48947 1.14293
0.730309 1.49417 1.14166
0.727313 1.48494 1.14474
0.728688 1.48918 1.14229
0.724717 1.49012 1.14252
0.723377 1.48599 1.14483
0.728688 1.48918 1.14229
0.730158 1.4937 1.14044
0.726142 1.4945 1.14078
0.724717 1.49012 1.14252
0.730158 1.4937 1.14044
0.731664 1.49834 1.13894
0.727601 1.49899 1.13937
0.726142 1.4945 1.14078
0.731664 1.49834 1.13894
0.733202 1.50307 1.13782
0.72909 1.50357 1.13834
0.727601 1.49899 1.13937
0.733202 1.50307 1.13782
0.73477 1.5079 1.1374
0.730606 1.50824 1.13799
0.72909 1.50357 1.13834
0.73477 1.5079 1.1374
0.73497 1.50851 1.13907
0.730793 1.50882 1.13958
0.730606 1.50824 1.13799
0.73497 1.50851 1.13907
0.733411 1.50371 1.13984
0.729286 1.50418 1.1403
0.730793 1.50882 1.13958
0.733411 1.50371 1.13984
0.731855 1.49892 1.14066
0.727782 1.49955 1.14106
0.729286 1.50418 1.1403
0.731855 1.49892 1.14066
0.730309 1.49417 1.14166
0.726286 1.49495 1.14199
0.727782 1.49955 1.14106
0.730309 1.49417 1.14166
0.728783 1.48947 1.14293
0.724808 1.49039 1.14317
0.726286 1.49495 1.14199
0.723377 1.48599 1.14483
0.724717 1.49012 1.14252
0.720729 1.49101 1.14276
0.719428 1.48701 1.14492
0.724717 1.49012 1.14252
0.726142 1.4945 1.14078
0.722105 1.49525 1.14112
0.720729 1.49101 1.14276
0.726142 1.4945 1.14078
0.727601 1.49899 1.13937
0.723513 1.49958 1.1398
0.722105 1.49525 1.14112
0.727601 1.49899 1.13937
0.72909 1.50357 1.13834
0.724949 1.504 1.13885
0.723513 1.49958 1.1398
0.72909 1.50357 1.13834
0.730606 1.50824 1.13799
0.72641 1.5085 1.13855
0.724949 1.504 1.13885
0.730606 1.50824 1.13799
0.730793 1.50882 1.13958
0.726585 1.50903 1.14006
0.72641 1.5085 1.13855
0.730793 1.50882 1.13958
0.729286 1.50418 1.1403
0.725133 1.50456 1.14074
0.726585 1.50903 1.14006
0.729286 1.50418 1.1403
0.727782 1.49955 1.14106
0.723683 1.5001 1.14145
0.725133 1.50456 1.14074
0.727782 1.49955 1.14106
0.726286 1.49495 1.14199
0.722242 1.49567 1.14232
0.723683 1.5001 1.14145
0.726286 1.49495 1.14199
0.724808 1.49039 1.14317
0.720815 1.49127 1.14341
0.722242 1.49567 1.14232
0.719428 1.48701 1.14492
0.720729 1.49101 1.14276
0.716732 1.49187 1.14299
0.715474 1.488 1.14501
0.720729 1.49101 1.14276
0.722105 1.49525 1.14112
0.718055 1.49594 1.14146
0.716732 1.49187 1.14299
0.722105 1.49525 1.14112
0.723513 1.49958 1.1398
0.719408 1.50011 1.14022
0.718055 1.49594 1.14146
0.723513 1.49958 1.1398
0.724949 1.504 1.13885
0.720788 1.50435 1.13934
0.719408 1.50011 1.14022
0.724949 1.504 1.13885
0.72641 1.5085 1.13855
0.72219 1.50867 1.1391
0.720788 1.50435 1.13934
0.72641 1.5085 1.13855
0.726585 1.50903 1.14006
0.722352 1.50916 1.14053
0.72219 1.50867 1.1391
0.726585 1.50903 1.14006
0.725133 1.50456 1.14074
0.720959 1.50488 1.14115
0.722352 1.50916 1.14053
0.725133 1.50456 1.14074
0.723683 1.5001 1.14145
0.719567 1.50059 1.14182
0.720959 1.50488 1.14115
0.723683 1.5001 1.14145
0.722242 1.49567 1.14232
0.718183 1.49633 1.14262
0.719567 1.50059 1.14182
0.722242 1.49567 1.14232
0.720815 1.49127 1.14341
0.716812 1.49211 1.14363
0.718183 1.49633 1.14262
0.715474 1.488 1.14501
0.716732 1.49187 1.14299
0.712719 1.49269 1.14322
0.71151 1.48896 1.1451
0.716732 1.49187 1.14299
0.718055 1.49594 1.14146
0.713987 1.49659 1.14178
0.712719 1.49269 1.14322
0.718055 1.49594 1.14146
0.719408 1.50011 1.14022
0.715283 1.50057 1.14063
0.713987 1.49659 1.14178
0.719408 1.50011 1.14022
0.720788 1.50435 1.13934
0.716602 1.50464 1.13982
0.715283 1.50057 1.14063
0.720788 1.50435 1.13934
0.72219 1.50867 1.1391
0.717942 1.50876 1.13963
0.716602 1.50464 1.13982
0.72219 1.50867 1.1391
0.722352 1.50916 1.14053
0.718092 1.50922 1.14098
0.717942 1.50876 1.13963
0.722352 1.50916 1.14053
0.720959 1.50488 1.14115
0.716761 1.50512 1.14156
0.718092 1.50922 1.14098
0.720959 1.50488 1.14115
0.719567 1.50059 1.14182
0.715431 1.50103 1.14217
0.716761 1.50512 1.14156
0.719567 1.50059 1.14182
0.718183 1.49633 1.14262
0.714107 1.49696 1.14292
0.715431 1.50103 1.14217
0.718183 1.49633 1.14262
0.716812 1.49211 1.14363
0.712794 1.49292 1.14385
0.714107 1.49696 1.14292
0.71151 1.48896 1.1451
0.712719 1.49269 1.14322
0.708698 1.49347 1.14345
0.70754 1.4899 1.14518
0.712719 1.49269 1.14322
0.713987 1.49659 1.14178
0.709907 1.49719 1.14211
0.708698 1.49347 1.14345
0.713987 1.49659 1.14178
0.715283 1.50057 1.14063
0.711141 1.50099 1.14104
0.709907 1.49719 1.14211
0.715283 1.50057 1.14063
0.716602 1.50464 1.13982
0.712397 1.50485 1.14029
0.711141 1.50099 1.14104
0.716602 1.50464 1.13982
0.717942 1.50876 1.13963
0.713672 1.50878 1.14014
0.712397 1.50485 1.14029
0.717942 1.50876 1.13963
0.718092 1.50922 1.14098
0.713811 1.50921 1.14142
0.713672 1.50878 1.14014
0.718092 1.50922 1.14098
0.716761 1.50512 1.14156
0.712544 1.5053 1.14195
0.713811 1.50921 1.14142
0.716761 1.50512 1.14156
0.715431 1.50103 1.14217
0.711278 1.50141 1.14252
0.712544 1.5053 1.14195
0.715431 1.50103 1.14217
0.714107 1.49696 1.14292
0.710018 1.49753 1.14321
0.711278 1.50141 1.14252
0.714107 1.49696 1.14292
0.712794 1.49292 1.14385
0.708767 1.49368 1.14405
0.710018 1.49753 1.14321
0.70754 1.4899 1.14518
0.708698 1.49347 1.14345
0.704666 1.49422 1.14367
0.703563 1.49082 1.14527
0.708698 1.49347 1.14345
0.709907 1.49719 1.14211
0.705813 1.49775 1.14243
0.704666 1.49422 1.14367
0.709907 1.49719 1.14211
0.711141 1.50099 1.14104
0.706982 1.50135 1.14143
0.705813 1.49775 1.14243
0.711141 1.50099 1.14104
0.712397 1.50485 1.14029
0.708173 1.50501 1.14075
0.706982 1.50135 1.14143
0.712397 1.50485 1.14029
0.713672 1.50878 1.14014
0.70938 1.50873 1.14063
0.708173 1.50501 1.14075
0.713672 1.50878 1.14014
0.713811 1.50921 1.14142
0.709508 1.50912 1.14183
0.70938 1.50873 1.14063
0.713811 1.50921 1.14142
0.712544 1.5053 1.14195
0.708308 1.50543 1.14232
0.709508 1.50912 1.14183
0.712544 1.5053 1.14195
0.711278 1.50141 1.14252
0.707109 1.50174 1.14285
0.708308 1.50543 1.14232
0.711278 1.50141 1.14252
0.710018 1.49753 1.14321
0.705916 1.49807 1.14348
0.707109 1.50174 1.14285
0.710018 1.49753 1.14321
0.708767 1.49368 1.14405
0.70473 1.49442 1.14426
0.705916 1.49807 1.14348
0.703563 1.49082 1.14527
0.704666 1.49422 1.14367
0.700621 1.49494 1.14389
0.699577 1.49172 1.14535
0.704666 1.49422 1.14367
0.705813 1.49775 1.14243
0.701703 1.49827 1.14274
0.700621 1.49494 1.14389
0.705813 1.49775 1.14243
0.706982 1.50135 1.14143
0.702806 1.50166 1.14182
0.701703 1.49827 1.14274
0.706982 1.50135 1.14143
0.708173 1.50501 1.14075
0.703928 1.50511 1.1412
0.702806 1.50166 1.14182
0.708173 1.50501 1.14075
0.70938 1.50873 1.14063
0.705064 1.50861 1.1411
0.703928 1.50511 1.1412
0.70938 1.50873 1.14063
0.709508 1.50912 1.14183
0.705182 1.50898 1.14223
0.705064 1.50861 1.1411
0.709508 1.50912 1.14183
0.708308 1.50543 1.14232
0.704051 1.5055 1.14268
0.705182 1.50898 1.14223
0.708308 1.50543 1.14232
0.707109 1.50174 1.14285
0.702922 1.50202 1.14316
0.704051 1.5055 1.14268
0.707109 1.50174 1.14285
0.705916 1.49807 1.14348
0.701798 1.49856 1.14374
0.702922 1.50202 1.14316
0.705916 1.49807 1.14348
0.70473 1.49442 1.14426
0.70068 1.49512 1.14445
0.701798 1.49856 1.14374
0.699577 1.49172 1.14535
0.700621 1.49494 1.14389
0.69657 1.49563 1.1441
0.695588 1.49261 1.14543
0.700621 1.49494 1.14389
0.701703 1.49827 1.14274
0.697584 1.49875 1.14305
0.69657 1.49563 1.1441
0.701703 1.49827 1.14274
0.702806 1.50166 1.14182
0.698617 1.50193 1.1422
0.697584 1.49875 1.14305
0.702806 1.50166 1.14182
0.703928 1.50511 1.1412
0.699668 1.50516 1.14163
0.698617 1.50193 1.1422
0.703928 1.50511 1.1412
0.705064 1.50861 1.1411
0.700732 1.50844 1.14156
0.699668 1.50516 1.14163
0.705064 1.50861 1.1411
0.705182 1.50898 1.14223
0.700839 1.50877 1.14262
0.700732 1.50844 1.14156
0.705182 1.50898 1.14223
0.704051 1.5055 1.14268
0.699781 1.50551 1.14302
0.700839 1.50877 1.14262
0.704051 1.5055 1.14268
0.702922 1.50202 1.14316
0.698724 1.50226 1.14347
0.699781 1.50551 1.14302
0.702922 1.50202 1.14316
0.701798 1.49856 1.14374
0.697671 1.49902 1.144
0.698724 1.50226 1.14347
0.701798 1.49856 1.14374
0.70068 1.49512 1.14445
0.696624 1.4958 1.14464
0.697671 1.49902 1.144
0.695588 1.49261 1.14543
0.69657 1.49563 1.1441
0.69251 1.4963 1.14431
0.691593 1.49347 1.14551
0.69657 1.49563 1.1441
0.697584 1.49875 1.14305
0.693454 1.4992 1.14334
0.69251 1.4963 1.14431
0.697584 1.49875 1.14305
0.698617 1.50193 1.1422
0.694415 1.50216 1.14257
0.693454 1.4992 1.14334
0.698617 1.50193 1.1422
0.699668 1.50516 1.14163
0.695392 1.50516 1.14206
0.694415 1.50216 1.14257
0.699668 1.50516 1.14163
0.700732 1.50844 1.14156
0.696381 1.50821 1.14201
0.695392 1.50516 1.14206
0.700732 1.50844 1.14156
0.700839 1.50877 1.14262
0.696478 1.50851 1.14299
0.696381 1.50821 1.14201
0.700839 1.50877 1.14262
0.699781 1.50551 1.14302
0.695494 1.50548 1.14335
0.696478 1.50851 1.14299
0.699781 1.50551 1.14302
0.698724 1.50226 1.14347
0.694512 1.50246 1.14376
0.695494 1.50548 1.14335
0.698724 1.50226 1.14347
0.697671 1.49902 1.144
0.693533 1.49944 1.14424
0.694512 1.50246 1.14376
0.697671 1.49902 1.144
0.696624 1.4958 1.14464
0.692559 1.49644 1.14481
0.693533 1.49944 1.14424
0.691593 1.49347 1.14551
0.69251 1.4963 1.14431
0.68844 1.49694 1.14451
0.687591 1.49432 1.14559
0.69251 1.4963 1.14431
0.693454 1.4992 1.14334
0.689312 1.49962 1.14364
0.68844 1.49694 1.14451
0.693454 1.4992 1.14334
0.694415 1.50216 1.14257
0.690198 1.50235 1.14294
0.689312 1.49962 1.14364
0.694415 1.50216 1.14257
0.695392 1.50516 1.14206
0.691099 1.50512 1.14247
0.690198 1.50235 1.14294
0.695392 1.50516 1.14206
0.696381 1.50821 1.14201
0.692011 1.50792 1.14244
0.691099 1.50512 1.14247
0.696381 1.50821 1.14201
0.696478 1.50851 1.14299
0.692098 1.50819 1.14334
0.692011 1.50792 1.14244
0.696478 1.50851 1.14299
0.695494 1.50548 1.14335
0.691191 1.5054 1.14367
0.692098 1.50819 1.14334
0.695494 1.50548 1.14335
0.694512 1.50246 1.14376
0.690285 1.50261 1.14404
0.691191 1.5054 1.14367
0.694512 1.50246 1.14376
0.693533 1.49944 1.14424
0.689382 1.49984 1.14447
0.690285 1.50261 1.14404
0.693533 1.49944 1.14424
0.692559 1.49644 1.14481
0.688483 1.49707 1.14498
0.689382 1.49984 1.14447
0.687591 1.49432 1.14559
0.68844 1.49694 1.14451
0.684365 1.49755 1.14471
0.683586 1.49516 1.14567
0.68844 1.49694 1.14451
0.689312 1.49962 1.14364
0.685162 1.50001 1.14392
0.684365 1.49755 1.14471
0.689312 1.49962 1.14364
0.690198 1.50235 1.14294
0.685972 1.5025 1.14329
0.685162 1.50001 1.14392
0.690198 1.50235 1.14294
0.691099 1.50512 1.14247
0.686795 1.50503 1.14288
0.685972 1.5025 1.14329
0.691099 1.50512 1.14247
0.692011 1.50792 1.14244
0.687627 1.50759 1.14286
0.686795 1.50503 1.14288
0.692011 1.50792 1.14244
0.692098 1.50819 1.14334
0.687706 1.50784 1.14368
0.687627 1.50759 1.14286
0.692098 1.50819 1.14334
0.691191 1.5054 1.14367
0.686877 1.50529 1.14398
0.687706 1.50784 1.14368
0.691191 1.5054 1.14367
0.690285 1.50261 1.14404
0.68605 1.50274 1.1443
0.686877 1.50529 1.14398
0.690285 1.50261 1.14404
0.689382 1.49984 1.14447
0.685225 1.5002 1.14469
0.68605 1.50274 1.1443
0.689382 1.49984 1.14447
0.688483 1.49707 1.14498
0.684403 1.49767 1.14515
0.685225 1.5002 1.14469
0.683586 1.49516 1.14567
0.684365 1.49755 1.14471
0.680281 1.49815 1.1449
0.679575 1.49598 1.14574
0.684365 1.49755 1.14471
0.685162 1.50001 1.14392
0.681002 1.50037 1.1442
0.680281 1.49815 1.1449
0.685162 1.50001 1.14392
0.685972 1.5025 1.14329
0.681733 1.50262 1.14364
0.681002 1.50037 1.1442
0.685972 1.5025 1.14329
0.686795 1.50503 1.14288
0.682477 1.50491 1.14327
0.681733 1.50262 1.14364
0.686795 1.50503 1.14288
0.687627 1.50759 1.14286
0.683228 1.50722 1.14327
0.682477 1.50491 1.14327
0.687627 1.50759 1.14286
0.687706 1.50784 1.14368
0.683297 1.50743 1.14401
0.683228 1.50722 1.14327
0.687706 1.50784 1.14368
0.686877 1.50529 1.14398
0.682549 1.50513 1.14427
0.683297 1.50743 1.14401
0.686877 1.50529 1.14398
0.68605 1.50274 1.1443
0.681802 1.50283 1.14456
0.682549 1.50513 1.14427
0.68605 1.50274 1.1443
0.685225 1.5002 1.14469
0.681057 1.50054 1.1449
0.681802 1.50283 1.14456
0.685225 1.5002 1.14469
0.684403 1.49767 1.14515
0.680315 1.49826 1.1453
0.681057 1.50054 1.1449
0.679575 1.49598 1.14574
0.680281 1.49815 1.1449
0.676365 1.4987 1.14507
0.675732 1.49675 1.14581
0.680281 1.49815 1.1449
0.681002 1.50037 1.1442
0.677011 1.50069 1.14445
0.676365 1.4987 1.14507
0.681002 1.50037 1.1442
0.681733 1.50262 1.14364
0.677666 1.5027 1.14396
0.677011 1.50069 1.14445
0.681733 1.50262 1.14364
0.682477 1.50491 1.14327
0.678331 1.50475 1.14364
0.677666 1.5027 1.14396
0.682477 1.50491 1.14327
0.683228 1.50722 1.14327
0.679003 1.50682 1.14364
0.678331 1.50475 1.14364
0.683228 1.50722 1.14327
0.683297 1.50743 1.14401
0.679064 1.50701 1.14431
0.679003 1.50682 1.14364
0.683297 1.50743 1.14401
0.682549 1.50513 1.14427
0.678395 1.50495 1.14453
0.679064 1.50701 1.14431
0.682549 1.50513 1.14427
0.681802 1.50283 1.14456
0.677726 1.50289 1.14478
0.678395 1.50495 1.14453
0.681802 1.50283 1.14456
0.681057 1.50054 1.1449
0.677059 1.50084 1.14508
0.677726 1.50289 1.14478
0.681057 1.50054 1.1449
0.680315 1.49826 1.1453
0.676395 1.49879 1.14543
0.677059 1.50084 1.14508
0.675732 1.49675 1.14581
0.676365 1.4987 1.14507
0.675396 1.49877 1.14512
0.674785 1.49689 1.14583
0.676365 1.4987 1.14507
0.677011 1.50069 1.14445
0.676019 1.50068 1.14453
0.675396 1.49877 1.14512
0.677011 1.50069 1.14445
0.677666 1.5027 1.14396
0.676651 1.50263 1.14405
0.676019 1.50068 1.14453
0.677666 1.5027 1.14396
0.678331 1.50475 1.14364
0.677293 1.50461 1.14374
0.676651 1.50263 1.14405
0.678331 1.50475 1.14364
0.679003 1.50682 1.14364
0.677941 1.5066 1.14375
0.677293 1.50461 1.14374
0.679003 1.50682 1.14364
0.679064 1.50701 1.14431
0.678 1.50678 1.1444
0.677941 1.5066 1.14375
0.679064 1.50701 1.14431
0.678395 1.50495 1.14453
0.677354 1.50479 1.14461
0.678 1.50678 1.1444
0.678395 1.50495 1.14453
0.677726 1.50289 1.14478
0.676709 1.50281 1.14485
0.677354 1.50479 1.14461
0.677726 1.50289 1.14478
0.677059 1.50084 1.14508
0.676065 1.50083 1.14514
0.676709 1.50281 1.14485
0.677059 1.50084 1.14508
0.676395 1.49879 1.14543
0.675424 1.49885 1.14547
0.676065 1.50083 1.14514
0.674785 1.49689 1.14583
0.675396 1.49877 1.14512
0.674581 1.49875 1.14518
0.673992 1.49694 1.14586
0.675396 1.49877 1.14512
0.676019 1.50068 1.14453
0.67518 1.50059 1.14461
0.674581 1.49875 1.14518
0.676019 1.50068 1.14453
0.676651 1.50263 1.14405
0.675789 1.50247 1.14415
0.67518 1.50059 1.14461
0.676651 1.50263 1.14405
0.677293 1.50461 1.14374
0.676408 1.50437 1.14386
0.675789 1.50247 1.14415
0.677293 1.50461 1.14374
0.677941 1.5066 1.14375
0.677032 1.50629 1.14387
0.676408 1.50437 1.14386
0.677941 1.5066 1.14375
0.678 1.50678 1.1444
0.677088 1.50647 1.14449
0.677032 1.50629 1.14387
0.678 1.50678 1.1444
0.677354 1.50479 1.14461
0.676466 1.50455 1.14469
0.677088 1.50647 1.14449
0.677354 1.50479 1.14461
0.676709 1.50281 1.14485
0.675845 1.50264 1.14492
0.676466 1.50455 1.14469
0.676709 1.50281 1.14485
0.676065 1.50083 1.14514
0.675225 1.50073 1.1452
0.675845 1.50264 1.14492
0.676065 1.50083 1.14514
0.675424 1.49885 1.14547
0.674608 1.49883 1.14551
0.675225 1.50073 1.1452
0.673992 1.49694 1.14586
0.674581 1.49875 1.14518
0.673741 1.49866 1.14525
0.673179 1.49693 1.1459
0.674581 1.49875 1.14518
0.67518 1.50059 1.14461
0.674313 1.50042 1.14471
0.673741 1.49866 1.14525
0.67518 1.50059 1.14461
0.675789 1.50247 1.14415
0.674894 1.5022 1.14427
0.674313 1.50042 1.14471
0.675789 1.50247 1.14415
0.676408 1.50437 1.14386
0.675483 1.50402 1.14399
0.674894 1.5022 1.14427
0.676408 1.50437 1.14386
0.677032 1.50629 1.14387
0.676079 1.50585 1.144
0.675483 1.50402 1.14399
0.677032 1.50629 1.14387
0.677088 1.50647 1.14449
0.676132 1.50602 1.1446
0.676079 1.50585 1.144
0.677088 1.50647 1.14449
0.676466 1.50455 1.14469
0.675539 1.50419 1.14479
0.676132 1.50602 1.1446
0.676466 1.50455 1.14469
0.675845 1.50264 1.14492
0.674947 1.50237 1.14501
0.675539 1.50419 1.14479
0.675845 1.50264 1.14492
0.675225 1.50073 1.1452
0.674356 1.50055 1.14527
0.674947 1.50237 1.14501
0.675225 1.50073 1.1452
0.674608 1.49883 1.14551
0.673767 1.49873 1.14557
0.674356 1.50055 1.14527
0.673179 1.49693 1.1459
0.673741 1.49866 1.14525
0.672874 1.49848 1.14534
0.672345 1.49685 1.14595
0.673741 1.49866 1.14525
0.674313 1.50042 1.14471
0.673413 1.50014 1.14483
0.672874 1.49848 1.14534
0.674313 1.50042 1.14471
0.674894 1.5022 1.14427
0.67396 1.50182 1.14442
0.673413 1.50014 1.14483
0.674894 1.5022 1.14427
0.675483 1.50402 1.14399
0.674515 1.50353 1.14416
0.67396 1.50182 1.14442
0.675483 1.50402 1.14399
0.676079 1.50585 1.144
0.675076 1.50526 1.14417
0.674515 1.50353 1.14416
0.676079 1.50585 1.144
0.676132 1.50602 1.1446
0.675126 1.50541 1.14473
0.675076 1.50526 1.14417
0.676132 1.50602 1.1446
0.675539 1.50419 1.14479
0.674568 1.50369 1.14491
0.675126 1.50541 1.14473
0.675539 1.50419 1.14479
0.674947 1.50237 1.14501
0.67401 1.50197 1.14512
0.674568 1.50369 1.14491
0.674947 1.50237 1.14501
0.674356 1.50055 1.14527
0.673453 1.50026 1.14536
0.67401 1.50197 1.14512
0.674356 1.50055 1.14527
0.673767 1.49873 1.14557
0.672898 1.49855 1.14564
0.673453 1.50026 1.14536
0.672345 1.49685 1.14595
0.672874 1.49848 1.14534
0.671974 1.4982 1.14545
0.671484 1.49669 1.14601
0.672874 1.49848 1.14534
0.673413 1.50014 1.14483
0.672473 1.49973 1.14498
0.671974 1.4982 1.14545
0.673413 1.50014 1.14483
0.67396 1.50182 1.14442
0.67298 1.50129 1.1446
0.672473 1.49973 1.14498
0.67396 1.50182 1.14442
0.674515 1.50353 1.14416
0.673494 1.50288 1.14436
0.67298 1.50129 1.1446
0.674515 1.50353 1.14416
0.675076 1.50526 1.14417
0.674014 1.50448 1.14437
0.673494 1.50288 1.14436
0.675076 1.50526 1.14417
0.675126 1.50541 1.14473
0.67406 1.50462 1.14489
0.674014 1.50448 1.14437
0.675126 1.50541 1.14473
0.674568 1.50369 1.14491
0.673543 1.50303 1.14506
0.67406 1.50462 1.14489
0.674568 1.50369 1.14491
0.67401 1.50197 1.14512
0.673026 1.50144 1.14524
0.673543 1.50303 1.14506
0.67401 1.50197 1.14512
0.673453 1.50026 1.14536
0.67251 1.49985 1.14547
0.673026 1.50144 1.14524
0.673453 1.50026 1.14536
0.672898 1.49855 1.14564
0.671996 1.49827 1.14573
0.67251 1.49985 1.14547
0.671484 1.49669 1.14601
0.671974 1.4982 1.14545
0.67103 1.49778 1.14558
0.670587 1.49642 1.14609
0.671974 1.4982 1.14545
0.672473 1.49973 1.14498
0.671481 1.49917 1.14516
0.67103 1.49778 1.14558
0.672473 1.49973 1.14498
0.67298 1.50129 1.1446
0.671939 1.50058 1.14482
0.671481 1.49917 1.14516
0.67298 1.50129 1.1446
0.673494 1.50288 1.14436
0.672404 1.50201 1.1446
0.671939 1.50058 1.14482
0.673494 1.50288 1.14436
0.674014 1.50448 1.14437
0.672873 1.50346 1.14461
0.672404 1.50201 1.1446
0.674014 1.50448 1.14437
0.67406 1.50462 1.14489
0.672915 1.50358 1.14508
0.672873 1.50346 1.14461
0.67406 1.50462 1.14489
0.673543 1.50303 1.14506
0.672447 1.50215 1.14523
0.672915 1.50358 1.14508
0.673543 1.50303 1.14506
0.673026 1.50144 1.14524
0.67198 1.50071 1.1454
0.672447 1.50215 1.14523
0.673026 1.50144 1.14524
0.67251 1.49985 1.14547
0.671515 1.49928 1.1456
0.67198 1.50071 1.1454
0.67251 1.49985 1.14547
0.671996 1.49827 1.14573
0.67105 1.49785 1.14583
0.671515 1.49928 1.1456
0.670587 1.49642 1.14609
0.67103 1.49778 1.14558
0.670025 1.49718 1.14575
0.669642 1.496 1.14619
0.67103 1.49778 1.14558
0.671481 1.49917 1.14516
0.670416 1.49838 1.14538
0.670025 1.49718 1.14575
0.671481 1.49917 1.14516
0.671939 1.50058 1.14482
0.670813 1.49961 1.14509
0.670416 1.49838 1.14538
0.671939 1.50058 1.14482
0.672404 1.50201 1.1446
0.671215 1.50084 1.14491
0.670813 1.49961 1.14509
0.672404 1.50201 1.1446
0.672873 1.50346 1.14461
0.671622 1.5021 1.14492
0.671215 1.50084 1.14491
0.672873 1.50346 1.14461
0.672915 1.50358 1.14508
0.671658 1.50221 1.14532
0.671622 1.5021 1.14492
0.672915 1.50358 1.14508
0.672447 1.50215 1.14523
0.671253 1.50096 1.14545
0.671658 1.50221 1.14532
0.672447 1.50215 1.14523
0.67198 1.50071 1.1454
0.670848 1.49972 1.1456
0.671253 1.50096 1.14545
0.67198 1.50071 1.1454
0.671515 1.49928 1.1456
0.670445 1.49847 1.14577
0.670848 1.49972 1.1456
0.671515 1.49928 1.1456
0.67105 1.49785 1.14583
0.670043 1.49724 1.14597
0.670445 1.49847 1.14577
0.669642 1.496 1.14619
0.670025 1.49718 1.14575
0.668913 1.49625 1.14599
0.668609 1.49531 1.14633
0.670025 1.49718 1.14575
0.670416 1.49838 1.14538
0.669222 1.4972 1.1457
0.668913 1.49625 1.14599
0.670416 1.49838 1.14538
0.670813 1.49961 1.14509
0.669536 1.49817 1.14547
0.669222 1.4972 1.1457
0.670813 1.49961 1.14509
0.671215 1.50084 1.14491
0.669855 1.49915 1.14532
0.669536 1.49817 1.14547
0.671215 1.50084 1.14491
0.671622 1.5021 1.14492
0.670177 1.50014 1.14533
0.669855 1.49915 1.14532
0.671622 1.5021 1.14492
0.671658 1.50221 1.14532
0.670206 1.50023 1.14565
0.670177 1.50014 1.14533
0.671658 1.50221 1.14532
0.671253 1.50096 1.14545
0.669885 1.49924 1.14575
0.670206 1.50023 1.14565
0.671253 1.50096 1.14545
0.670848 1.49972 1.1456
0.669564 1.49825 1.14586
0.669885 1.49924 1.14575
0.670848 1.49972 1.1456
0.670445 1.49847 1.14577
0.669245 1.49727 1.146
0.669564 1.49825 1.14586
0.670445 1.49847 1.14577
0.670043 1.49724 1.14597
0.668926 1.49629 1.14616
0.669245 1.49727 1.146
0.668609 1.49531 1.14633
0.668913 1.49625 1.14599
0.667518 1.49445 1.14639
0.667348 1.49392 1.14658
0.668913 1.49625 1.14599
0.669222 1.4972 1.1457
0.667692 1.49498 1.14623
0.667518 1.49445 1.14639
0.669222 1.4972 1.1457
0.669536 1.49817 1.14547
0.667867 1.49552 1.1461
0.667692 1.49498 1.14623
0.669536 1.49817 1.14547
0.669855 1.49915 1.14532
0.668046 1.49607 1.14602
0.667867 1.49552 1.1461
0.669855 1.49915 1.14532
0.670177 1.50014 1.14533
0.668226 1.49662 1.14602
0.668046 1.49607 1.14602
0.670177 1.50014 1.14533
0.670206 1.50023 1.14565
0.668242 1.49667 1.1462
0.668226 1.49662 1.14602
0.670206 1.50023 1.14565
0.669885 1.49924 1.14575
0.668062 1.49612 1.14626
0.668242 1.49667 1.1462
0.669885 1.49924 1.14575
0.669564 1.49825 1.14586
0.667883 1.49557 1.14632
0.668062 1.49612 1.14626
0.669564 1.49825 1.14586
0.669245 1.49727 1.146
0.667704 1.49502 1.1464
0.667883 1.49557 1.14632
0.669245 1.49727 1.146
0.668926 1.49629 1.14616
0.667526 1.49447 1.14649
0.667704 1.49502 1.1464
0.667348 1.49392 1.14658
0.667518 1.49445 1.14639
0.66613 1.49242 1.14683
0.666106 1.49234 1.14686
0.667518 1.49445 1.14639
0.667692 1.49498 1.14623
0.666155 1.49249 1.14681
0.66613 1.49242 1.14683
0.667692 1.49498 1.14623
0.667867 1.49552 1.1461
0.66618 1.49257 1.14679
0.666155 1.49249 1.14681
0.667867 1.49552 1.1461
0.668046 1.49607 1.14602
0.666205 1.49265 1.14678
0.66618 1.49257 1.14679
0.668046 1.49607 1.14602
0.668226 1.49662 1.14602
0.666231 1.49273 1.14678
0.666205 1.49265 1.14678
0.668226 1.49662 1.14602
0.668242 1.49667 1.1462
0.666233 1.49273 1.1468
0.666231 1.49273 1.14678
0.668242 1.49667 1.1462
0.668062 1.49612 1.14626
0.666207 1.49266 1.14681
0.666233 1.49273 1.1468
0.668062 1.49612 1.14626
0.667883 1.49557 1.14632
0.666182 1.49258 1.14682
0.666207 1.49266 1.14681
0.667883 1.49557 1.14632
0.667704 1.49502 1.1464
0.666157 1.4925 1.14683
0.666182 1.49258 1.14682
0.667704 1.49502 1.1464
0.667526 1.49447 1.14649
0.666131 1.49242 1.14684
0.666157 1.4925 1.14683
0.79259 1.46735 1.14043
0.791592 1.46428 1.1429
0.78916 1.46496 1.14286
0.790204 1.46817 1.14009
0.790204 1.46817 1.14009
0.78916 1.46496 1.14286
0.785355 1.46614 1.14294
0.786489 1.46963 1.13985
0.786489 1.46963 1.13985
0.785355 1.46614 1.14294
0.781498 1.46743 1.14314
0.782746 1.47127 1.13991
0.782746 1.47127 1.13991
0.781498 1.46743 1.14314
0.777651 1.46875 1.14337
0.779013 1.47295 1.14012
0.779013 1.47295 1.14012
0.777651 1.46875 1.14337
0.7738 1.47007 1.14355
0.775258 1.47456 1.14033
0.775258 1.47456 1.14033
0.7738 1.47007 1.14355
0.769951 1.47139 1.14371
0.771485 1.4761 1.14055
0.771485 1.4761 1.14055
0.769951 1.47139 1.14371
0.766104 1.4727 1.14384
0.767693 1.47759 1.14077
0.767693 1.47759 1.14077
0.766104 1.4727 1.14384
0.76226 1.47404 1.14394
0.763882 1.47903 1.14099
0.763882 1.47903 1.14099
0.76226 1.47404 1.14394
0.758422 1.47539 1.14403
0.760056 1.48042 1.1412
0.760056 1.48042 1.1412
0.758422 1.47539 1.14403
0.754577 1.47671 1.14411
0.756211 1.48174 1.14142
0.756211 1.48174 1.14142
0.754577 1.47671 1.14411
0.750716 1.478 1.1442
0.752343 1.48301 1.14163
0.752343 1.48301 1.14163
0.750716 1.478 1.1442
0.746846 1.47925 1.14428
0.748459 1.48421 1.14184
0.748459 1.48421 1.14184
0.746846 1.47925 1.14428
0.74296 1.48045 1.14438
0.744553 1.48536 1.14206
0.744553 1.48536 1.14206
0.74296 1.48045 1.14438
0.739065 1.48163 1.14447
0.740633 1.48646 1.14226
0.740633 1.48646 1.14226
0.739065 1.48163 1.14447
0.735159 1.48277 1.14456
0.736698 1.4875 1.14247
0.736698 1.4875 1.14247
0.735159 1.48277 1.14456
0.73124 1.48387 1.14465
0.732745 1.4885 1.14268
0.732745 1.4885 1.14268
0.73124 1.48387 1.14465
0.727313 1.48494 1.14474
0.728783 1.48947 1.14293
0.728783 1.48947 1.14293
0.727313 1.48494 1.14474
0.723377 1.48599 1.14483
0.724808 1.49039 1.14317
0.724808 1.49039 1.14317
0.723377 1.48599 1.14483
0.719428 1.48701 1.14492
0.720815 1.49127 1.14341
0.720815 1.49127 1.14341
0.719428 1.48701 1.14492
0.715474 1.488 1.14501
0.716812 1.49211 1.14363
0.716812 1.49211 1.14363
0.715474 1.488 1.14501
0.71151 1.48896 1.1451
0.712794 1.49292 1.14385
0.712794 1.49292 1.14385
0.71151 1.48896 1.1451
0.70754 1.4899 1.14518
0.708767 1.49368 1.14405
0.708767 1.49368 1.14405
0.70754 1.4899 1.14518
0.703563 1.49082 1.14527
0.70473 1.49442 1.14426
0.70473 1.49442 1.14426
0.703563 1.49082 1.14527
0.699577 1.49172 1.14535
0.70068 1.49512 1.14445
0.70068 1.49512 1.14445
0.699577 1.49172 1.14535
0.695588 1.49261 1.14543
0.696624 1.4958 1.14464
0.696624 1.4958 1.14464
0.695588 1.49261 1.14543
0.691593 1.49347 1.14551
0.692559 1.49644 1.14481
0.692559 1.49644 1.14481
0.691593 1.49347 1.14551
0.687591 1.49432 1.14559
0.688483 1.49707 1.14498
0.688483 1.49707 1.14498
0.687591 1.49432 1.14559
0.683586 1.49516 1.14567
0.684403 1.49767 1.14515
0.684403 1.49767 1.14515
0.683586 1.49516 1.14567
0.679575 1.49598 1.14574
0.680315 1.49826 1.1453
0.680315 1.49826 1.1453
0.679575 1.49598 1.14574
0.675732 1.49675 1.14581
0.676395 1.49879 1.14543
0.676395 1.49879 1.14543
0.675732 1.49675 1.14581
0.674785 1.49689 1.14583
0.675424 1.49885 1.14547
0.675424 1.49885 1.14547
0.674785 1.49689 1.14583
0.673992 1.49694 1.14586
0.674608 1.49883 1.14551
0.674608 1.49883 1.14551
0.673992 1.49694 1.14586
0.673179 1.49693 1.1459
0.673767 1.49873 1.14557
0.673767 1.49873 1.14557
0.673179 1.49693 1.1459
0.672345 1.49685 1.14595
0.672898 1.49855 1.14564
0.672898 1.49855 1.14564
0.672345 1.49685 1.14595
0.671484 1.49669 1.14601
0.671996 1.49827 1.14573
0.671996 1.49827 1.14573
0.671484 1.49669 1.14601
0.670587 1.49642 1.14609
0.67105 1.49785 1.14583
0.67105 1.49785 1.14583
0.670587 1.49642 1.14609
0.669642 1.496 1.14619
0.670043 1.49724 1.14597
0.670043 1.49724 1.14597
0.669642 1.496 1.14619
0.668609 1.49531 1.14633
0.668926 1.49629 1.14616
0.668926 1.49629 1.14616
0.668609 1.49531 1.14633
0.667348 1.49392 1.14658
0.667526 1.49447 1.14649
0.667526 1.49447 1.14649
0.667348 1.49392 1.14658
0.666106 1.49234 1.14686
0.666131 1.49242 1.14684
0.8135 1.4528 1.1457
0.8135 1.4528 1.1457
0.8135 1.4528 1.1457
0.8135 1.4528 1.1457
0.8135 1.4528 1.1457
0.8135 1.4528 1.1457
0.8135 1.4528 1.1457
0.8135 1.4528 1.1457
0.8135 1.4528 1.1457
0.8135 1.4528 1.1457
0.8135 1.4528 1.1457
0.8135 1.4528 1.1457
0.8135 1.4528 1.1457
0.8135 1.4528 1.1457
0.8135 1.4528 1.1457
0.8135 1.4528 1.1457
0.8135 1.4528 1.1457
0.8135 1.4528 1.1457
0.8135 1.4528 1.1457
0.8135 1.4528 1.1457
0.8135 1.4528 1.1457
0.8135 1.4528 1.1457
0.8135 1.4528 1.1457
0.8135 1.4528 1.1457
0.8135 1.4528 1.1457
0.8135 1.4528 1.1457
0.8135 1.4528 1.1457
0.8135 1.4528 1.1457
0.8135 1.4528 1.1457
0.8135 1.4528 1.1457
0.8135 1.4528 1.1457
0.8135 1.4528 1.1457
0.8135 1.4528 1.1457
0.8135 1.4528 1.1457
0.8135 1.4528 1.1457
0.8135 1.4528 1.1457
0.8135 1.4528 1.1457
0.8135 1.4528 1.1457
0.8135 1.4528 1.1457
0.8135 1.4528 1.1457
0.8135 1.4528 1.1457
0.8135 1.4528 1.1457
0.8135 1.4528 1.1457
0.8135 1.4528 1.1457
0.8135 1.4528 1.1457
0.8135 1.4528 1.1457
0.8135 1.4528 1.1457
0.8135 1.4528 1.1457
0.8135 1.4528 1.1457
0.8135 1.4528 1.1457
0.8135 1.4528 1.1457
0.8135 1.4528 1.1457
0.8135 1.4528 1.1457
0.8135 1.4528 1.1457
0.8135 1.4528 1.1457
0.8135 1.4528 1.1457
0.8135 1.4528 1.1457
0.8135 1.4528 1.1457
0.8135 1.4528 1.1457
0.8135 1.4528 1.1457
0.8135 1.4528 1.1457
0.8135 1.4528 1.1457
0.8135 1.4528 1.1457
0.8135 1.4528 1.1457
0.8135 1.4528 1.1457
0.8135 1.4528 1.1457
0.8135 1.4528 1.1457
0.8135 1.4528 1.1457
0.8135 1.4528 1.1457
0.8135 1.4528 1.1457
0.8135 1.4528 1.1457
0.8135 1.4528 1.1457
0.8135 1.4528 1.1457
0.8135 1.4528 1.1457
0.8135 1.4528 1.1457
0.8135 1.4528 1.1457
0.8135 1.4528 1.1457
0.8135 1.4528 1.1457
0.8135 1.4528 1.1457
0.8135 1.4528 1.1457
0.8135 1.4528 1.1457
0.8135 1.4528 1.1457
0.8135 1.4528 1.1457
0.8135 1.4528 1.1457
0.8135 1.4528 1.1457
0.8135 1.4528 1.1457
0.8135 1.4528 1.1457
0.8135 1.4528 1.1457
CELLS 924 4620
4 0 1 2 3
4 4 5 6 7
4 8 9 10 11
4 12 13 14 15
4 16 17 18 19
4 20 21 22 23
4 24 25 26 27
4 28 29 30 31
4 32 33 34 35
4 36 37 38 39
4 40 41 42 43
4 44 45 46 47
4 48 49 50 51
4 52 53 54 55
4 56 57 58 59
4 60 61 62 63
4 64 65 66 67
4 68 69 70 71
4 72 73 74 75
4 76 77 78 79
4 80 81 82 83
4 84 85 86 87
4 88 89 90 91
4 92 93 94 95
4 96 97 98 99
4 100 101 102 103
4 104 105 106 107
4 108 109 110 111
4 112 113 114 115
4 116 117 118 119
4 120 121 122 123
4 124 125 126 127
4 128 129 130 131
4 132 133 134 135
4 136 137 138 139
4 140 141 142 143
4 144 145 146 147
4 148 149 150 151
4 152 153 154 155
4 156 157 158 159
4 160 161 162 163
4 164 165 166 167
4 168 169 170 171
4 172 173 174 175
4 176 177 178 179
4 180 181 182 183
4 184 185 186 187
4 188 189 190 191
4 192 193 194 195
4 196 197 198 199
4 200 201 202 203
4 204 205 206 207
4 208 209 210 211
4 212 213 214 215
4 216 217 218 219
4 220 221 222 223
4 224 225 226 227
4 228 229 230 231
4 232 233 234 235
4 236 237 238 239
4 240 241 242 243
4 244 245 246 247
4 248 249 250 251
4 252 253 254 255
4 256 257 258 259
4 260 261 262 263
4 264 265 266 267
4 268 269 270 271
4 272 273 274 275
4 276 277 278 279
4 280 281 282 283
4 284 285 286 287
4 288 289 290 291
4 292 293 294 295
4 296 297 298 299
4 300 301 302 303
4 304 305 306 307
4 308 309 310 311
4 312 313 314 315
4 316 317 318 319
4 320 321 322 323
4 324 325 326 327
4 328 329 330 331
4 332 333 334 335
4 336 337 338 339
4 340 341 342 343
4 344 345 346 347
4 348 349 350 351
4 352 353 354 355
4 356 357 358 359
4 360 361 362 363
4 364 365 366 367
4 368 369 370 371
4 372 373 374 375
4 376 377 378 379
4 380 381 382 383
4 384 385 386 387
4 388 389 390 391
4 392 393 394 395
4 396 397 398 399
4 400 401 402 403
4 404 405 406 407
4 408 409 410 411
4 412 413 414 415
4 416 417 418 419
4 420 421 422 423
4 424 425 426 427
4 428 429 430 431
4 432 433 434 435
4 436 437 438 439
4 440 441 442 443
4 444 445 446 447
4 448 449 450 451
4 452 453 454 455
4 456 457 458 459
4 460 461 462 463
4 464 465 466 467
4 468 469 470 471
4 472 473 474 475
4 476 477 478 479
4 480 481 482 483
4 484 485 486 487
4 488 489 490 491
4 492 493 494 495
4 496 497 498 499
4 500 501 502 503
4 504 505 506 507
4 508 509 510 511
4 512 513 514 515
4 516 517 518 519
4 520 521 522 523
4 524 525 526 527
4 528 529 530 531
4 532 533 534 535
4 536 537 538 539
4 540 541 542 543
4 544 545 546 547
4 548 549 550 551
4 552 553 554 555
4 556 557 558 559
4 560 561 562 563
4 564 565 566 567
4 568 569 570 571
4 572 573 574 575
4 576 577 578 579
4 580 581 582 583
4 584 585 586 587
4 588 589 590 591
4 592 593 594 595
4 596 597 598 599
4 600 601 602 603
4 604 605 606 607
4 608 609 610 611
4 612 613 614 615
4 616 617 618 619
4 620 621 622 623
4 624 625 626 627
4 628 629 630 631
4 632 633 634 635
4 636 637 638 639
4 640 641 642 643
4 644 645 646 647
4 648 649 650 651
4 652 653 654 655
4 656 657 658 659
4 660 661 662 663
4 664 665 666 667
4 668 669 670 671
4 672 673 674 675
4 676 677 678 679
4 680 681 682 683
4 684 685 686 687
4 688 689 690 691
4 692 693 694 695
4 696 697 698 699
4 700 701 702 703
4 704 705 706 707
4 708 709 710 711
4 712 713 714 715
4 716 717 718 719
4 720 721 722 723
4 724 725 726 727
4 728 729 730 731
4 732 733 734 735
4 736 737 738 739
4 740 741 742 743
4 744 745 746 747
4 748 749 750 751
4 752 753 754 755
4 756 757 758 759
4 760 761 762 763
4 764 765 766 767
4 768 769 770 771
4 772 773 774 775
4 776 777 778 779
4 780 781 782 783
4 784 785 786 787
4 788 789 790 791
4 792 793 794 795
4 796 797 798 799
4 800 801 802 803
4 804 805 806 807
4 808 809 810 811
4 812 813 814 815
4 816 817 818 819
4 820 821 822 823
4 824 825 826 827
4 828 829 830 831
4 832 833 834 835
4 836 837 838 839
4 840 841 842 843
4 844 845 846 847
4 848 849 850 851
4 852 853 854 855
4 856 857 858 859
4 860 861 862 863
4 864 865 866 867
4 868 869 870 871
4 872 873 874 875
4 876 877 878 879
4 880 881 882 883
4 884 885 886 887
4 888 889 890 891
4 892 893 894 895
4 896 897 898 899
4 900 901 902 903
4 904 905 906 907
4 908 909 910 911
4 912 913 914 915
4 916 917 918 919
4 920 921 922 923
4 924 925 926 927
4 928 929 930 931
4 932 933 934 935
4 936 937 938 939
4 940 941 942 943
4 944 945 946 947
4 948 949 950 951
4 952 953 954 955
4 956 957 958 959
4 960 961 962 963
4 964 965 966 967
4 968 969 970 971
4 972 973 974 975
4 976 977 978 979
4 980 981 982 983
4 984 985 986 987
4 988 989 990 991
4 992 993 994 995
4 996 997 998 999
4 1000 1001 1002 1003
4 1004 1005 1006 1007
4 1008 1009 1010 1011
4 1012 1013 1014 1015
4 1016 1017 1018 1019
4 1020 1021 1022 1023
4 1024 1025 1026 1027
4 1028 1029 1030 1031
4 1032 1033 1034 1035
4 1036 1037 1038 1039
4 1040 1041 1042 1043
4 1044 1045 1046 1047
4 1048 1049 1050 1051
4 1052 1053 1054 1055
4 1056 1057 1058 1059
4 1060 1061 1062 1063
4 1064 1065 1066 1067
4 1068 1069 1070 1071
4 1072 1073 1074 1075
4 1076 1077 1078 1079
4 1080 1081 1082 1083
4 1084 1085 1086 1087
4 1088 1089 1090 1091
4 1092 1093 1094 1095
4 1096 1097 1098 1099
4 1100 1101 1102 1103
4 1104 1105 1106 1107
4 1108 1109 1110 1111
4 1112 1113 1114 1115
4 1116 1117 1118 1119
4 1120 1121 1122 1123
4 1124 1125 1126 1127
4 1128 1129 1130 1131
4 1132 1133 1134 1135
4 1136 1137 1138 1139
4 1140 1141 1142 1143
4 1144 1145 1146 1147
4 1148 1149 1150 1151
4 1152 1153 1154 1155
4 1156 1157 1158 1159
4 1160 1161 1162 1163
4 1164 1165 1166 1167
4 1168 1169 1170 1171
4 1172 1173 1174 1175
4 1176 1177 1178 1179
4 1180 1181 1182 1183
4 1184 1185 1186 1187
4 1188 1189 1190 1191
4 1192 1193 1194 1195
4 1196 1197 1198 1199
4 1200 1201 1202 1203
4 1204 1205 1206 1207
4 1208 1209 1210 1211
4 1212 1213 1214 1215
4 1216 1217 1218 1219
4 1220 1221 1222 1223
4 1224 1225 1226 1227
4 1228 1229 1230 1231
4 1232 1233 1234 1235
4 1236 1237 1238 1239
4 1240 1241 1242 1243
4 1244 1245 1246 1247
4 1248 1249 1250 1251
4 1252 1253 1254 1255
4 1256 1257 1258 1259
4 1260 1261 1262 1263
4 1264 1265 1266 1267
4 1268 1269 1270 1271
4 1272 1273 1274 1275
4 1276 1277 1278 1279
4 1280 1281 1282 1283
4 1284 1285 1286 1287
4 1288 1289 1290 1291
4 1292 1293 1294 1295
4 1296 1297 1298 1299
4 1300 1301 1302 1303
4 1304 1305 1306 1307
4 1308 1309 1310 1311
4 1312 1313 1314 1315
4 1316 1317 1318 1319
4 1320 1321 1322 1323
4 1324 1325 1326 1327
4 1328 1329 1330 1331
4 1332 1333 1334 1335
4 1336 1337 1338 1339
4 1340 1341 1342 1343
4 1344 1345 1346 1347
4 1348 1349 1350 1351
4 1352 1353 1354 1355
4 1356 1357 1358 1359
4 1360 1361 1362 1363
4 1364 1365 1366 1367
4 1368 1369 1370 1371
4 1372 1373 1374 1375
4 1376 1377 1378 1379
4 1380 1381 1382 1383
4 1384 1385 1386 1387
4 1388 1389 1390 1391
4 1392 1393 1394 1395
4 1396 1397 1398 1399
4 1400 1401 1402 1403
4 1404 1405 1406 1407
4 1408 1409 1410 1411
4 1412 1413 1414 1415
4 1416 1417 1418 1419
4 1420 1421 1422 1423
4 1424 1425 1426 1427
4 1428 1429 1430 1431
4 1432 1433 1434 1435
4 1436 1437 1438 1439
4 1440 1441 1442 1443
4 1444 1445 1446 1447
4 1448 1449 1450 1451
4 1452 1453 1454 1455
4 1456 1457 1458 1459
4 1460 1461 1462 1463
4 1464 1465 1466 1467
4 1468 1469 1470 1471
4 1472 1473 1474 1475
4 1476 1477 1478 1479
4 1480 1481 1482 1483
4 1484 1485 1486 1487
4 1488 1489 1490 1491
4 1492 1493 1494 1495
4 1496 1497 1498 1499
4 1500 1501 1502 1503
4 1504 1505 1506 1507
4 1508 1509 1510 1511
4 1512 1513 1514 1515
4 1516 1517 1518 1519
4 1520 1521 1522 1523
4 1524 1525 1526 1527
4 1528 1529 1530 1531
4 1532 1533 1534 1535
4 1536 1537 1538 1539
4 1540 1541 1542 1543
4 1544 1545 1546 1547
4 1548 1549 1550 1551
4 1552 1553 1554 1555
4 1556 1557 1558 1559
4 1560 1561 1562 1563
4 1564 1565 1566 1567
4 1568 1569 1570 1571
4 1572 1573 1574 1575
4 1576 1577 1578 1579
4 1580 1581 1582 1583
4 1584 1585 1586 1587
4 1588 1589 1590 1591
4 1592 1593 1594 1595
4 1596 1597 1598 1599
4 1600 1601 1602 1603
4 1604 1605 1606 1607
4 1608 1609 1610 1611
4 1612 1613 1614 1615
4 1616 1617 1618 1619
4 1620 1621 1622 1623
4 1624 1625 1626 1627
4 1628 1629 1630 1631
4 1632 1633 1634 1635
4 1636 1637 1638 1639
4 1640 1641 1642 1643
4 1644 1645 1646 1647
4 1648 1649 1650 1651
4 1652 1653 1654 1655
4 1656 1657 1658 1659
4 1660 1661 1662 1663
4 1664 1665 1666 1667
4 1668 1669 1670 1671
4 1672 1673 1674 1675
4 1676 1677 1678 1679
4 1680 1681 1682 1683
4 1684 1685 1686 1687
4 1688 1689 1690 1691
4 1692 1693 1694 1695
4 1696 1697 1698 1699
4 1700 1701 1702 1703
4 1704 1705 1706 1707
4 1708 1709 1710 1711
4 1712 1713 1714 1715
4 1716 1717 1718 1719
4 1720 1721 1722 1723
4 1724 1725 1726 1727
4 1728 1729 1730 1731
4 1732 1733 1734 1735
4 1736 1737 1738 1739
4 1740 1741 1742 1743
4 1744 1745 1746 1747
4 1748 1749 1750 1751
4 1752 1753 1754 1755
4 1756 1757 1758 1759
4 1760 1761 1762 1763
4 1764 1765 1766 1767
4 1768 1769 1770 1771
4 1772 1773 1774 1775
4 1776 1777 1778 1779
4 1780 1781 1782 1783
4 1784 1785 1786 1787
4 1788 1789 1790 1791
4 1792 1793 1794 1795
4 1796 1797 1798 1799
4 1800 1801 1802 1803
4 1804 1805 1806 1807
4 1808 1809 1810 1811
4 1812 1813 1814 1815
4 1816 1817 1818 1819
4 1820 1821 1822 1823
4 1824 1825 1826 1827
4 1828 1829 1830 1831
4 1832 1833 1834 1835
4 1836 1837 1838 1839
4 1840 1841 1842 1843
4 1844 1845 1846 1847
4 1848 1849 1850 1851
4 1852 1853 1854 1855
4 1856 1857 1858 1859
4 1860 1861 1862 1863
4 1864 1865 1866 1867
4 1868 1869 1870 1871
4 1872 1873 1874 1875
4 1876 1877 1878 1879
4 1880 1881 1882 1883
4 1884 1885 1886 1887
4 1888 1889 1890 1891
4 1892 1893 1894 1895
4 1896 1897 1898 1899
4 1900 1901 1902 1903
4 1904 1905 1906 1907
4 1908 1909 1910 1911
4 1912 1913 1914 1915
4 1916 1917 1918 1919
4 1920 1921 1922 1923
4 1924 1925 1926 1927
4 1928 1929 1930 1931
4 1932 1933 1934 1935
4 1936 1937 1938 1939
4 1940 1941 1942 1943
4 1944 1945 1946 1947
4 1948 1949 1950 1951
4 1952 1953 1954 1955
4 1956 1957 1958 1959
4 1960 1961 1962 1963
4 1964 1965 1966 1967
4 1968 1969 1970 1971
4 1972 1973 1974 1975
4 1976 1977 1978 1979
4 1980 1981 1982 1983
4 1984 1985 1986 1987
4 1988 1989 1990 1991
4 1992 1993 1994 1995
4 1996 1997 1998 1999
4 2000 2001 2002 2003
4 2004 2005 2006 2007
4 2008 2009 2010 2011
4 2012 2013 2014 2015
4 2016 2017 2018 2019
4 2020 2021 2022 2023
4 2024 2025 2026 2027
4 2028 2029 2030 2031
4 2032 2033 2034 2035
4 2036 2037 2038 2039
4 2040 2041 2042 2043
4 2044 2045 2046 2047
4 2048 2049 2050 2051
4 2052 2053 2054 2055
4 2056 2057 2058 2059
4 2060 2061 2062 2063
4 2064 2065 2066 2067
4 2068 2069 2070 2071
4 2072 2073 2074 2075
4 2076 2077 2078 2079
4 2080 2081 2082 2083
4 2084 2085 2086 2087
4 2088 2089 2090 2091
4 2092 2093 2094 2095
4 2096 2097 2098 2099
4 2100 2101 2102 2103
4 2104 2105 2106 2107
4 2108 2109 2110 2111
4 2112 2113 2114 2115
4 2116 2117 2118 2119
4 2120 2121 2122 2123
4 2124 2125 2126 2127
4 2128 2129 2130 2131
4 2132 2133 2134 2135
4 2136 2137 2138 2139
4 2140 2141 2142 2143
4 2144 2145 2146 2147
4 2148 2149 2150 2151
4 2152 2153 2154 2155
4 2156 2157 2158 2159
4 2160 2161 2162 2163
4 2164 2165 2166 2167
4 2168 2169 2170 2171
4 2172 2173 2174 2175
4 2176 2177 2178 2179
4 2180 2181 2182 2183
4 2184 2185 2186 2187
4 2188 2189 2190 2191
4 2192 2193 2194 2195
4 2196 2197 2198 2199
4 2200 2201 2202 2203
4 2204 2205 2206 2207
4 2208 2209 2210 2211
4 2212 2213 2214 2215
4 2216 2217 2218 2219
4 2220 2221 2222 2223
4 2224 2225 2226 2227
4 2228 2229 2230 2231
4 2232 2233 2234 2235
4 2236 2237 2238 2239
4 2240 2241 2242 2243
4 2244 2245 2246 2247
4 2248 2249 2250 2251
4 2252 2253 2254 2255
4 2256 2257 2258 2259
4 2260 2261 2262 2263
4 2264 2265 2266 2267
4 2268 2269 2270 2271
4 2272 2273 2274 2275
4 2276 2277 2278 2279
4 2280 2281 2282 2283
4 2284 2285 2286 2287
4 2288 2289 2290 2291
4 2292 2293 2294 2295
4 2296 2297 2298 2299
4 2300 2301 2302 2303
4 2304 2305 2306 2307
4 2308 2309 2310 2311
4 2312 2313 2314 2315
4 2316 2317 2318 2319
4 2320 2321 2322 2323
4 2324 2325 2326 2327
4 2328 2329 2330 2331
4 2332 2333 2334 2335
4 2336 2337 2338 2339
4 2340 2341 2342 2343
4 2344 2345 2346 2347
4 2348 2349 2350 2351
4 2352 2353 2354 2355
4 2356 2357 2358 2359
4 2360 2361 2362 2363
4 2364 2365 2366 2367
4 2368 2369 2370 2371
4 2372 2373 2374 2375
4 2376 2377 2378 2379
4 2380 2381 2382 2383
4 2384 2385 2386 2387
4 2388 2389 2390 2391
4 2392 2393 2394 2395
4 2396 2397 2398 2399
4 2400 2401 2402 2403
4 2404 2405 2406 2407
4 2408 2409 2410 2411
4 2412 2413 2414 2415
4 2416 2417 2418 2419
4 2420 2421 2422 2423
4 2424 2425 2426 2427
4 2428 2429 2430 2431
4 2432 2433 2434 2435
4 2436 2437 2438 2439
4 2440 2441 2442 2443
4 2444 2445 2446 2447
4 2448 2449 2450 2451
4 2452 2453 2454 2455
4 2456 2457 2458 2459
4 2460 2461 2462 2463
4 2464 2465 2466 2467
4 2468 2469 2470 2471
4 2472 2473 2474 2475
4 2476 2477 2478 2479
4 2480 2481 2482 2483
4 2484 2485 2486 2487
4 2488 2489 2490 2491
4 2492 2493 2494 2495
4 2496 2497 2498 2499
4 2500 2501 2502 2503
4 2504 2505 2506 2507
4 2508 2509 2510 2511
4 2512 2513 2514 2515
4 2516 2517 2518 2519
4 2520 2521 2522 2523
4 2524 2525 2526 2527
4 2528 2529 2530 2531
4 2532 2533 2534 2535
4 2536 2537 2538 2539
4 2540 2541 2542 2543
4 2544 2545 2546 2547
4 2548 2549 2550 2551
4 2552 2553 2554 2555
4 2556 2557 2558 2559
4 2560 2561 2562 2563
4 2564 2565 2566 2567
4 2568 2569 2570 2571
4 2572 2573 2574 2575
4 2576 2577 2578 2579
4 2580 2581 2582 2583
4 2584 2585 2586 2587
4 2588 2589 2590 2591
4 2592 2593 2594 2595
4 2596 2597 2598 2599
4 2600 2601 2602 2603
4 2604 2605 2606 2607
4 2608 2609 2610 2611
4 2612 2613 2614 2615
4 2616 2617 2618 2619
4 2620 2621 2622 2623
4 2624 2625 2626 2627
4 2628 2629 2630 2631
4 2632 2633 2634 2635
4 2636 2637 2638 2639
4 2640 2641 2642 2643
4 2644 2645 2646 2647
4 2648 2649 2650 2651
4 2652 2653 2654 2655
4 2656 2657 2658 2659
4 2660 2661 2662 2663
4 2664 2665 2666 2667
4 2668 2669 2670 2671
4 2672 2673 2674 2675
4 2676 2677 2678 2679
4 2680 2681 2682 2683
4 2684 2685 2686 2687
4 2688 2689 2690 2691
4 2692 2693 2694 2695
4 2696 2697 2698 2699
4 2700 2701 2702 2703
4 2704 2705 2706 2707
4 2708 2709 2710 2711
4 2712 2713 2714 2715
4 2716 2717 2718 2719
4 2720 2721 2722 2723
4 2724 2725 2726 2727
4 2728 2729 2730 2731
4 2732 2733 2734 2735
4 2736 2737 2738 2739
4 2740 2741 2742 2743
4 2744 2745 2746 2747
4 2748 2749 2750 2751
4 2752 2753 2754 2755
4 2756 2757 2758 2759
4 2760 2761 2762 2763
4 2764 2765 2766 2767
4 2768 2769 2770 2771
4 2772 2773 2774 2775
4 2776 2777 2778 2779
4 2780 2781 2782 2783
4 2784 2785 2786 2787
4 2788 2789 2790 2791
4 2792 2793 2794 2795
4 2796 2797 2798 2799
4 2800 2801 2802 2803
4 2804 2805 2806 2807
4 2808 2809 2810 2811
4 2812 2813 2814 2815
4 2816 2817 2818 2819
4 2820 2821 2822 2823
4 2824 2825 2826 2827
4 2828 2829 2830 2831
4 2832 2833 2834 2835
4 2836 2837 2838 2839
4 2840 2841 2842 2843
4 2844 2845 2846 2847
4 2848 2849 2850 2851
4 2852 2853 2854 2855
4 2856 2857 2858 2859
4 2860 2861 2862 2863
4 2864 2865 2866 2867
4 2868 2869 2870 2871
4 2872 2873 2874 2875
4 2876 2877 2878 2879
4 2880 2881 2882 2883
4 2884 2885 2886 2887
4 2888 2889 2890 2891
4 2892 2893 2894 2895
4 2896 2897 2898 2899
4 2900 2901 2902 2903
4 2904 2905 2906 2907
4 2908 2909 2910 2911
4 2912 2913 2914 2915
4 2916 2917 2918 2919
4 2920 2921 2922 2923
4 2924 2925 2926 2927
4 2928 2929 2930 2931
4 2932 2933 2934 2935
4 2936 2937 2938 2939
4 2940 2941 2942 2943
4 2944 2945 2946 2947
4 2948 2949 2950 2951
4 2952 2953 2954 2955
4 2956 2957 2958 2959
4 2960 2961 2962 2963
4 2964 2965 2966 2967
4 2968 2969 2970 2971
4 2972 2973 2974 2975
4 2976 2977 2978 2979
4 2980 2981 2982 2983
4 2984 2985 2986 2987
4 2988 2989 2990 2991
4 2992 2993 2994 2995
4 2996 2997 2998 2999
4 3000 3001 3002 3003
4 3004 3005 3006 3007
4 3008 3009 3010 3011
4 3012 3013 3014 3015
4 3016 3017 3018 3019
4 3020 3021 3022 3023
4 3024 3025 3026 3027
4 3028 3029 3030 3031
4 3032 3033 3034 3035
4 3036 3037 3038 3039
4 3040 3041 3042 3043
4 3044 3045 3046 3047
4 3048 3049 3050 3051
4 3052 3053 3054 3055
4 3056 3057 3058 3059
4 3060 3061 3062 3063
4 3064 3065 3066 3067
4 3068 3069 3070 3071
4 3072 3073 3074 3075
4 3076 3077 3078 3079
4 3080 3081 3082 3083
4 3084 3085 3086 3087
4 3088 3089 3090 3091
4 3092 3093 3094 3095
4 3096 3097 3098 3099
4 3100 3101 3102 3103
4 3104 3105 3106 3107
4 3108 3109 3110 3111
4 3112 3113 3114 3115
4 3116 3117 3118 3119
4 3120 3121 3122 3123
4 3124 3125 3126 3127
4 3128 3129 3130 3131
4 3132 3133 3134 3135
4 3136 3137 3138 3139
4 3140 3141 3142 3143
4 3144 3145 3146 3147
4 3148 3149 3150 3151
4 3152 3153 3154 3155
4 3156 3157 3158 3159
4 3160 3161 3162 3163
4 3164 3165 3166 3167
4 3168 3169 3170 3171
4 3172 3173 3174 3175
4 3176 3177 3178 3179
4 3180 3181 3182 3183
4 3184 3185 3186 3187
4 3188 3189 3190 3191
4 3192 3193 3194 3195
4 3196 3197 3198 3199
4 3200 3201 3202 3203
4 3204 3205 3206 3207
4 3208 3209 3210 3211
4 3212 3213 3214 3215
4 3216 3217 3218 3219
4 3220 3221 3222 3223
4 3224 3225 3226 3227
4 3228 3229 3230 3231
4 3232 3233 3234 3235
4 3236 3237 3238 3239
4 3240 3241 3242 3243
4 3244 3245 3246 3247
4 3248 3249 3250 3251
4 3252 3253 3254 3255
4 3256 3257 3258 3259
4 3260 3261 3262 3263
4 3264 3265 3266 3267
4 3268 3269 3270 3271
4 3272 3273 3274 3275
4 3276 3277 3278 3279
4 3280 3281 3282 3283
4 3284 3285 3286 3287
4 3288 3289 3290 3291
4 3292 3293 3294 3295
4 3296 3297 3298 3299
4 3300 3301 3302 3303
4 3304 3305 3306 3307
4 3308 3309 3310 3311
4 3312 3313 3314 3315
4 3316 3317 3318 3319
4 3320 3321 3322 3323
4 3324 3325 3326 3327
4 3328 3329 3330 3331
4 3332 3333 3334 3335
4 3336 3337 3338 3339
4 3340 3341 3342 3343
4 3344 3345 3346 3347
4 3348 3349 3350 3351
4 3352 3353 3354 3355
4 3356 3357 3358 3359
4 3360 3361 3362 3363
4 3364 3365 3366 3367
4 3368 3369 3370 3371
4 3372 3373 3374 3375
4 3376 3377 3378 3379
4 3380 3381 3382 3383
4 3384 3385 3386 3387
4 3388 3389 3390 3391
4 3392 3393 3394 3395
4 3396 3397 3398 3399
4 3400 3401 3402 3403
4 3404 3405 3406 3407
4 3408 3409 3410 3411
4 3412 3413 3414 3415
4 3416 3417 3418 3419
4 3420 3421 3422 3423
4 3424 3425 3426 3427
4 3428 3429 3430 3431
4 3432 3433 3434 3435
4 3436 3437 3438 3439
4 3440 3441 3442 3443
4 3444 3445 3446 3447
4 3448 3449 3450 3451
4 3452 3453 3454 3455
4 3456 3457 3458 3459
4 3460 3461 3462 3463
4 3464 3465 3466 3467
4 3468 3469 3470 3471
4 3472 3473 3474 3475
4 3476 3477 3478 3479
4 3480 3481 3482 3483
4 3484 3485 3486 3487
4 3488 3489 3490 3491
4 3492 3493 3494 3495
4 3496 3497 3498 3499
4 3500 3501 3502 3503
4 3504 3505 3506 3507
4 3508 3509 3510 3511
4 3512 3513 3514 3515
4 3516 3517 3518 3519
4 3520 3521 3522 3523
4 3524 3525 3526 3527
4 3528 3529 3530 3531
4 3532 3533 3534 3535
4 3536 3537 3538 3539
4 3540 3541 3542 3543
4 3544 3545 3546 3547
4 3548 3549 3550 3551
4 3552 3553 3554 3555
4 3556 3557 3558 3559
4 3560 3561 3562 3563
4 3564 3565 3566 3567
4 3568 3569 3570 3571
4 3572 3573 3574 3575
4 3576 3577 3578 3579
4 3580 3581 3582 3583
4 3584 3585 3586 3587
4 3588 3589 3590 3591
4 3592 3593 3594 3595
4 3596 3597 3598 3599
4 3600 3601 3602 3603
4 3604 3605 3606 3607
4 3608 3609 3610 3611
4 3612 3613 3614 3615
4 3616 3617 3618 3619
4 3620 3621 3622 3623
4 3624 3625 3626 3627
4 3628 3629 3630 3631
4 3632 3633 3634 3635
4 3636 3637 3638 3639
4 3640 3641 3642 3643
4 3644 3645 3646 3647
4 3648 3649 3650 3651
4 3652 3653 3654 3655
4 3656 3657 3658 3659
4 3660 3661 3662 3663
4 3664 3665 3666 3667
4 3668 3669 3670 3671
4 3672 3673 3674 3675
4 3676 3677 3678 3679
4 3680 3681 3682 3683
4 3684 3685 3686 3687
4 3688 3689 3690 3691
4 3692 3693 3694 3695
CELL_TYPES 924
9
9
9
9
9
9
9
9
9
9
9
9
9
9
9
9
9
9
9
9
9
9
9
9
9
9
9
9
9
9
9
9
9
9
9
9
9
9
9
9
9
9
9
9
9
9
9
9
9
9
9
9
9
9
9
9
9
9
9
9
9
9
9
9
9
9
9
9
9
9
9
9
9
9
9
9
9
9
9
9
9
9
9
9
9
9
9
9
9
9
9
9
9
9
9
9
9
9
9
9
9
9
9
9
9
9
9
9
9
9
9
9
9
9
9
9
9
9
9
9
9
9
9
9
9
9
9
9
9
9
9
9
9
9
9
9
9
9
9
9
9
9
9
9
9
9
9
9
9
9
9
9
9
9
9
9
9
9
9
9
9
9
9
9
9
9
9
9
9
9
9
9
9
9
9
9
9
9
9
9
9
9
9
9
9
9
9
9
9
9
9
9
9
9
9
9
9
9
9
9
9
9
9
9
9
9
9
9
9
9
9
9
9
9
9
9
9
9
9
9
9
9
9
9
9
9
9
9
9
9
9
9
9
9
9
9
9
9
9
9
9
9
9
9
9
9
9
9
9
9
9
9
9
9
9
9
9
9
9
9
9
9
9
9
9
9
9
9
9
9
9
9
9
9
9
9
9
9
9
9
9
9
9
9
9
9
9
9
9
9
9
9
9
9
9
9
9
9
9
9
9
9
9
9
9
9
9
9
9
9
9
9
9
9
9
9
9
9
9
9
9
9
9
9
9
9
9
9
9
9
9
9
9
9
9
9
9
9
9
9
9
9
9
9
9
9
9
9
9
9
9
9
9
9
9
9
9
9
9
9
9
9
9
9
9
9
9
9
9
9
9
9
9
9
9
9
9
9
9
9
9
9
9
9
9
9
9
9
9
9
9
9
9
9
9
9
9
9
9
9
9
9
9
9
9
9
9
9
9
9
9
9
9
9
9
9
9
9
9
9
9
9
9
9
9
9
9
9
9
9
9
9
9
9
9
9
9
9
9
9
9
9
9
9
9
9
9
9
9
9
9
9
9
9
9
9
9
9
9
9
9
9
9
9
9
9
9
9
9
9
9
9
9
9
9
9
9
9
9
9
9
9
9
9
9
9
9
9
9
9
9
9
9
9
9
9
9
9
9
9
9
9
9
9
9
9
9
9
9
9
9
9
9
9
9
9
9
9
9
9
9
9
9
9
9
9
9
9
9
9
9
9
9
9
9
9
9
9
9
9
9
9
9
9
9
9
9
9
9
9
9
9
9
9
9
9
9
9
9
9
9
9
9
9
9
9
9
9
9
9
9
9
9
9
9
9
9
9
9
9
9
9
9
9
9
9
9
9
9
9
9
9
9
9
9
9
9
9
9
9
9
9
9
9
9
9
9
9
9
9
9
9
9
9
9
9
9
9
9
9
9
9
9
9
9
9
9
9
9
9
9
9
9
9
9
9
9
9
9
9
9
9
9
9
9
9
9
9
9
9
9
9
9
9
9
9
9
9
9
9
9
9
9
9
9
9
9
9
9
9
9
9
9
9
9
9
9
9
9
9
9
9
9
9
9
9
9
9
9
9
9
9
9
9
9
9
9
9
9
9
9
9
9
9
9
9
9
9
9
9
9
9
9
9
9
9
9
9
9
9
9
9
9
9
9
9
9
9
9
9
9
9
9
9
9
9
9
9
9
9
9
9
9
9
9
9
9
9
9
9
9
9
9
9
9
9
9
9
9
9
9
9
9
9
9
9
9
9
9
9
9
9
9
9
9
9
9
9
9
9
9
9
9
9
9
9
9
9
9
9
9
9
9
9
9
9
9
9
9
9
9
9
9
9
9
9
9
9
9
9
9
9
9
9
9
9
9
9
9
9
9
9
9
9
9
9
9
9
9
9
9
9
9
9
9
9
9
9
9
9
9
9
9
9
9
9
9
9
9
9
9
9
9
9
9
9
9
9
9
9
9
9
9
9
9
9
9
9
9
9
9
9
9
9
9
9
9
9
9
9
9
9
9
9
9
9
9
9
9
9
9
9
9
9
9
9
9
9
9
9
9
9
9
9
9
9
9
9
9
9
9
9
9
9
9
9
9
9
9
9
9
9
9
9
CELL_DATA 924
SCALARS area double 1
LOOKUP_TABLE default
1.06146e-05
1.06875e-05
1.0718e-05
1.07889e-05
1.10438e-05
8.24196e-06
1.09172e-05
1.09875e-05
1.0865e-05
1.07535e-05
1.82013e-05
1.82919e-05
1.82964e-05
1.82842e-05
1.82324e-05
1.22908e-05
1.82647e-05
1.8319e-05
1.8306e-05
1.82904e-05
2.02791e-05
2.04752e-05
2.06224e-05
2.0743e-05
2.0574e-05
1.17046e-05
2.07291e-05
2.05178e-05
2.04378e-05
2.03854e-05
2.16776e-05
2.19439e-05
2.21933e-05
2.24462e-05
2.24081e-05
1.10206e-05
2.25729e-05
2.21959e-05
2.19935e-05
2.1849e-05
2.27764e-05
2.30094e-05
2.32115e-05
2.3426e-05
2.3436e-05
1.0557e-05
2.35805e-05
2.32693e-05
2.30839e-05
2.29489e-05
2.35832e-05
2.37898e-05
2.39533e-05
2.41347e-05
2.41755e-05
1.02314e-05
2.43022e-05
2.40441e-05
2.38767e-05
2.37532e-05
2.41377e-05
2.43233e-05
2.44559e-05
2.46095e-05
2.46707e-05
1.00307e-05
2.47757e-05
2.45625e-05
2.44135e-05
2.43025e-05
2.44373e-05
2.46081e-05
2.47194e-05
2.4854e-05
2.49312e-05
9.88289e-06
2.4987e-05
2.4814e-05
2.46864e-05
2.45912e-05
2.44329e-05
2.45914e-05
2.46862e-05
2.48063e-05
2.48981e-05
9.70145e-06
2.49024e-05
2.47635e-05
2.46558e-05
2.45754e-05
2.4235e-05
2.43812e-05
2.44596e-05
2.45621e-05
2.46511e-05
9.48111e-06
2.46332e-05
2.45233e-05
2.44348e-05
2.43685e-05
2.39545e-05
2.40889e-05
2.41522e-05
2.42369e-05
2.4316e-05
9.24876e-06
2.42974e-05
2.421e-05
2.41369e-05
2.40816e-05
2.35853e-05
2.37101e-05
2.37621e-05
2.38334e-05
2.39047e-05
9.00809e-06
2.38819e-05
2.38122e-05
2.37517e-05
2.37056e-05
2.31892e-05
2.33057e-05
2.33484e-05
2.34087e-05
2.34736e-05
8.77876e-06
2.34504e-05
2.33941e-05
2.33432e-05
2.3304e-05
2.27106e-05
2.28198e-05
2.28553e-05
2.2907e-05
2.29668e-05
8.53768e-06
2.2942e-05
2.28963e-05
2.28531e-05
2.28197e-05
2.21914e-05
2.22941e-05
2.23238e-05
2.23684e-05
2.2424e-05
8.29606e-06
2.23983e-05
2.23608e-05
2.23239e-05
2.22952e-05
2.16356e-05
2.17308e-05
2.17554e-05
2.17944e-05
2.1849e-05
8.043e-06
2.18212e-05
2.17934e-05
2.17623e-05
2.17358e-05
2.10011e-05
2.10848e-05
2.11056e-05
2.1141e-05
2.11997e-05
7.71967e-06
2.11621e-05
2.11475e-05
2.11239e-05
2.10979e-05
2.03319e-05
2.04003e-05
2.04178e-05
2.04484e-05
2.05039e-05
7.36307e-06
2.04659e-05
2.04531e-05
2.04329e-05
2.04114e-05
1.96294e-05
1.96847e-05
1.96998e-05
1.97271e-05
1.97812e-05
7.02548e-06
1.97388e-05
1.97279e-05
1.97112e-05
1.96938e-05
1.88586e-05
1.89024e-05
1.89151e-05
1.89389e-05
1.89911e-05
6.67796e-06
1.89482e-05
1.89388e-05
1.89247e-05
1.89105e-05
1.80712e-05
1.81051e-05
1.81154e-05
1.81359e-05
1.8186e-05
6.34628e-06
1.81438e-05
1.81358e-05
1.8124e-05
1.81124e-05
1.72216e-05
1.72472e-05
1.72554e-05
1.72731e-05
1.73215e-05
6.01619e-06
1.72798e-05
1.72731e-05
1.72633e-05
1.72537e-05
1.63479e-05
1.63664e-05
1.63728e-05
1.63878e-05
1.64339e-05
5.69068e-06
1.63936e-05
1.63881e-05
1.638e-05
1.63723e-05
1.54481e-05
1.54608e-05
1.54658e-05
1.54785e-05
1.55229e-05
5.36609e-06
1.54831e-05
1.54784e-05
1.54719e-05
1.54659e-05
1.44952e-05
1.45033e-05
1.45069e-05
1.45174e-05
1.45594e-05
5.02659e-06
1.45215e-05
1.45177e-05
1.45124e-05
1.45077e-05
1.35211e-05
1.35256e-05
1.3528e-05
1.35366e-05
1.35762e-05
4.6862e-06
1.35402e-05
1.35371e-05
1.35329e-05
1.35293e-05
1.25259e-05
1.25276e-05
1.2529e-05
1.25358e-05
1.25727e-05
4.34277e-06
1.25392e-05
1.25367e-05
1.25335e-05
1.25308e-05
1.14886e-05
1.14884e-05
1.14891e-05
1.14944e-05
1.15286e-05
3.98612e-06
1.14973e-05
1.14953e-05
1.1493e-05
1.1491e-05
1.04407e-05
1.04392e-05
1.04393e-05
1.04431e-05
1.04742e-05
3.62545e-06
1.0446e-05
1.04444e-05
1.04427e-05
1.04413e-05
8.98184e-06
8.9799e-06
8.97917e-06
8.98141e-06
9.008e-06
3.13108e-06
8.98435e-06
8.98304e-06
8.98187e-06
8.98108e-06
2.01738e-06
2.01647e-06
2.01602e-06
2.01695e-06
2.02748e-06
7.44277e-07
2.01748e-06
2.01706e-06
2.01668e-06
2.0165e-06
1.58918e-06
1.58779e-06
1.58707e-06
1.58841e-06
1.60285e-06
6.37006e-07
1.58863e-06
1.58812e-06
1.58765e-06
1.58745e-06
1.52431e-06
1.52206e-06
1.52087e-06
1.52292e-06
1.54449e-06
6.69326e-07
1.52279e-06
1.5221e-06
1.52147e-06
1.52124e-06
1.44676e-06
1.44341e-06
1.44156e-06
1.44431e-06
1.4745e-06
7.04584e-07
1.44397e-06
1.44305e-06
1.44218e-06
1.44189e-06
1.35439e-06
1.34951e-06
1.34678e-06
1.35055e-06
1.39222e-06
7.44717e-07
1.34971e-06
1.34852e-06
1.34739e-06
1.34705e-06
1.24384e-06
1.23674e-06
1.23261e-06
1.23757e-06
1.29485e-06
7.92617e-07
1.23634e-06
1.23475e-06
1.2332e-06
1.23278e-06
1.1085e-06
1.09807e-06
1.09189e-06
1.09868e-06
1.17878e-06
8.4899e-07
1.0967e-06
1.09454e-06
1.09243e-06
1.09188e-06
9.35444e-07
9.18657e-07
9.08501e-07
9.1865e-07
1.03932e-06
9.29778e-07
9.15319e-07
9.12088e-07
9.08906e-07
9.08151e-07
6.82079e-07
6.48404e-07
6.2712e-07
6.46201e-07
8.62255e-07
1.05997e-06
6.39738e-07
6.33497e-07
6.27223e-07
6.25783e-07
2.61531e-07
2.43473e-07
2.31753e-07
2.41741e-07
3.51687e-07
4.72854e-07
2.38261e-07
2.34983e-07
2.31656e-07
2.30917e-07
1.0664e-05
1.82585e-05
2.03132e-05
2.1703e-05
2.28084e-05
2.36205e-05
2.41789e-05
2.44797e-05
2.44753e-05
2.42786e-05
2.39997e-05
2.36308e-05
2.32347e-05
2.27554e-05
2.22351e-05
2.16764e-05
2.10334e-05
2.03533e-05
1.9643e-05
1.88666e-05
1.80751e-05
1.72226e-05
1.63469e-05
1.54457e-05
1.44919e-05
1.35174e-05
1.2522e-05
1.14849e-05
1.04372e-05
8.97862e-06
2.01601e-06
1.58708e-06
1.52091e-06
1.44161e-06
1.34683e-06
1.23264e-06
1.09187e-06
9.0834e-07
6.26465e-07
2.31326e-07
5.92532e-06
3.89433e-06
3.46144e-06
3.6777e-06
5.85861e-06
1.26479e-05
3.12164e-06
2.06413e-06
2.10796e-06
1.81282e-06
2.63468e-07
1.31771e-09
9.83332e-10
8.38339e-10
9.12295e-10
1.5459e-09
2.46283e-09
3.45969e-10
3.97612e-10
4.19539e-10
3.68022e-10
2.73868e-10
1.06146e-05
1.06875e-05
1.0718e-05
1.07889e-05
1.10438e-05
8.24196e-06
1.09172e-05
1.09875e-05
1.0865e-05
1.07535e-05
1.82013e-05
1.82919e-05
1.82964e-05
1.82842e-05
1.82324e-05
1.22908e-05
1.82647e-05
1.8319e-05
1.8306e-05
1.82904e-05
2.02791e-05
2.04752e-05
2.06224e-05
2.0743e-05
2.0574e-05
1.17046e-05
2.07291e-05
2.05178e-05
2.04378e-05
2.03854e-05
2.16776e-05
2.19439e-05
2.21933e-05
2.24462e-05
2.24081e-05
1.10206e-05
2.25729e-05
2.21959e-05
2.19935e-05
2.1849e-05
2.27764e-05
2.30094e-05
2.32115e-05
2.3426e-05
2.3436e-05
1.0557e-05
2.35805e-05
2.32693e-05
2.30839e-05
2.29489e-05
2.35832e-05
2.37898e-05
2.39533e-05
2.41347e-05
2.41755e-05
1.02314e-05
2.43022e-05
2.40441e-05
2.38767e-05
2.37532e-05
2.41377e-05
2.43233e-05
2.44559e-05
2.46095e-05
2.46707e-05
1.00307e-05
2.47757e-05
2.45625e-05
2.44135e-05
2.43025e-05
2.44373e-05
2.46081e-05
2.47194e-05
2.4854e-05
2.49312e-05
9.88289e-06
2.4987e-05
2.4814e-05
2.46864e-05
2.45912e-05
2.44329e-05
2.45914e-05
2.46862e-05
2.48063e-05
2.48981e-05
9.70145e-06
2.49024e-05
2.47635e-05
2.46558e-05
2.45754e-05
2.4235e-05
2.43812e-05
2.44596e-05
2.45621e-05
2.46511e-05
9.48111e-06
2.46332e-05
2.45233e-05
2.44348e-05
2.43685e-05
2.39545e-05
2.40889e-05
2.41522e-05
2.42369e-05
2.4316e-05
9.24876e-06
2.42974e-05
2.421e-05
2.41369e-05
2.40816e-05
2.35853e-05
2.37101e-05
2.37621e-05
2.38334e-05
2.39047e-05
9.00809e-06
2.38819e-05
2.38122e-05
2.37517e-05
2.37056e-05
2.31892e-05
2.33057e-05
2.33484e-05
2.34087e-05
2.34736e-05
8.77876e-06
2.34504e-05
2.33941e-05
2.33432e-05
2.3304e-05
2.27106e-05
2.28198e-05
2.28553e-05
2.2907e-05
2.29668e-05
8.53768e-06
2.2942e-05
2.28963e-05
2.28531e-05
2.28197e-05
2.21914e-05
2.22941e-05
2.23238e-05
2.23684e-05
2.2424e-05
8.29606e-06
2.23983e-05
2.23608e-05
2.23239e-05
2.22952e-05
2.16356e-05
2.17308e-05
2.17554e-05
2.17944e-05
2.1849e-05
8.043e-06
2.18212e-05
2.17934e-05
2.17623e-05
2.17358e-05
2.10011e-05
2.10848e-05
2.11056e-05
2.1141e-05
2.11997e-05
7.71967e-06
2.11621e-05
2.11475e-05
2.11239e-05
2.10979e-05
2.03319e-05
2.04003e-05
2.04178e-05
2.04484e-05
2.05039e-05
7.36307e-06
2.04659e-05
2.04531e-05
2.04329e-05
2.04114e-05
1.96294e-05
1.96847e-05
1.96998e-05
1.97271e-05
1.97812e-05
7.02548e-06
1.97388e-05
1.97279e-05
1.97112e-05
1.96938e-05
1.88586e-05
1.89024e-05
1.89151e-05
1.89389e-05
1.89911e-05
6.67796e-06
1.89482e-05
1.89388e-05
1.89247e-05
1.89105e-05
1.80712e-05
1.81051e-05
1.81154e-05
1.81359e-05
1.8186e-05
6.34628e-06
1.81438e-05
1.81358e-05
1.8124e-05
1.81124e-05
1.72216e-05
1.72472e-05
1.72554e-05
1.72731e-05
1.73215e-05
6.01619e-06
1.72798e-05
1.72731e-05
1.72633e-05
1.72537e-05
1.63479e-05
1.63664e-05
1.63728e-05
1.63878e-05
1.64339e-05
5.69068e-06
1.63936e-05
1.63881e-05
1.638e-05
1.63723e-05
1.54481e-05
1.54608e-05
1.54658e-05
1.54785e-05
1.55229e-05
5.36609e-06
1.54831e-05
1.54784e-05
1.54719e-05
1.54659e-05
1.44952e-05
1.45033e-05
1.45069e-05
1.45174e-05
1.45594e-05
5.02659e-06
1.45215e-05
1.45177e-05
1.45124e-05
1.45077e-05
1.35211e-05
1.35256e-05
1.3528e-05
1.35366e-05
1.35762e-05
4.6862e-06
1.35402e-05
1.35371e-05
1.35329e-05
1.35293e-05
1.25259e-05
1.25276e-05
1.2529e-05
1.25358e-05
1.25727e-05
4.34277e-06
1.25392e-05
1.25367e-05
1.25335e-05
1.25308e-05
1.14886e-05
1.14884e-05
1.14891e-05
1.14944e-05
1.15286e-05
3.98612e-06
1.14973e-05
1.14953e-05
1.1493e-05
1.1491e-05
1.04407e-05
1.04392e-05
1.04393e-05
1.04431e-05
1.04742e-05
3.62545e-06
1.0446e-05
1.04444e-05
1.04427e-05
1.04413e-05
8.98184e-06
8.9799e-06
8.97917e-06
8.98141e-06
9.008e-06
3.13108e-06
8.98435e-06
8.98304e-06
8.98187e-06
8.98108e-06
2.01738e-06
2.01647e-06
2.01602e-06
2.01695e-06
2.02748e-06
7.44277e-07
2.01748e-06
2.01706e-06
2.01668e-06
2.0165e-06
1.58918e-06
1.58779e-06
1.58707e-06
1.58841e-06
1.60285e-06
6.37006e-07
1.58863e-06
1.58812e-06
1.58765e-06
1.58745e-06
1.52431e-06
1.52206e-06
1.52087e-06
1.52292e-06
1.54449e-06
6.69326e-07
1.52279e-06
1.5221e-06
1.52147e-06
1.52124e-06
1.44676e-06
1.44341e-06
1.44156e-06
1.44431e-06
1.4745e-06
7.04584e-07
1.44397e-06
1.44305e-06
1.44218e-06
1.44189e-06
1.35439e-06
1.34951e-06
1.34678e-06
1.35055e-06
1.39222e-06
7.44717e-07
1.34971e-06
1.34852e-06
1.34739e-06
1.34705e-06
1.24384e-06
1.23674e-06
1.23261e-06
1.23757e-06
1.29485e-06
7.92617e-07
1.23634e-06
1.23475e-06
1.2332e-06
1.23278e-06
1.1085e-06
1.09807e-06
1.09189e-06
1.09868e-06
1.17878e-06
8.4899e-07
1.0967e-06
1.09454e-06
1.09243e-06
1.09188e-06
9.35444e-07
9.18657e-07
9.08501e-07
9.1865e-07
1.03932e-06
9.29778e-07
9.15319e-07
9.12088e-07
9.08906e-07
9.08151e-07
6.82079e-07
6.48404e-07
6.2712e-07
6.46201e-07
8.62255e-07
1.05997e-06
6.39738e-07
6.33497e-07
6.27223e-07
6.25783e-07
2.61531e-07
2.43473e-07
2.31753e-07
2.41741e-07
3.51687e-07
4.72854e-07
2.38261e-07
2.34983e-07
2.31656e-07
2.30917e-07
1.0664e-05
1.82585e-05
2.03132e-05
2.1703e-05
2.28084e-05
2.36205e-05
2.41789e-05
2.44797e-05
2.44753e-05
2.42786e-05
2.39997e-05
2.36308e-05
2.32347e-05
2.27554e-05
2.22351e-05
2.16764e-05
2.10334e-05
2.03533e-05
1.9643e-05
1.88666e-05
1.80751e-05
1.72226e-05
1.63469e-05
1.54457e-05
1.44919e-05
1.35174e-05
1.2522e-05
1.14849e-05
1.04372e-05
8.97862e-06
2.01601e-06
1.58708e-06
1.52091e-06
1.44161e-06
1.34683e-06
1.23264e-06
1.09187e-06
9.0834e-07
6.26465e-07
2.31326e-07
5.92532e-06
3.89433e-06
3.46144e-06
3.6777e-06
5.85861e-06
1.26479e-05
3.12164e-06
2.06413e-06
2.10796e-06
1.81282e-06
2.63468e-07
1.31771e-09
9.83332e-10
8.38339e-10
9.12295e-10
1.5459e-09
2.46283e-09
3.45969e-10
3.97612e-10
4.19539e-10
3.68022e-10
2.73868e-10
SCALARS mu double 1
LOOKUP_TABLE default
30.5803
-1.41484e-11
33.9399
44.1077
46.6115
46.9728
46.4635
44.5818
34.887
16.4545
40.7686
32.1814
40.7279
46.3148
48.6767
49.0597
48.5209
46.2871
41.0925
33.5584
44.4515
43.0721
46.9494
50.1972
52.0919
52.5599
52.0721
50.1453
46.8304
42.9486
47.5368
49.7307
52.503
54.7637
56.3425
56.7483
56.3
54.6191
52.0951
49.1424
50.3293
55.1853
57.8913
59.776
61.0998
61.3552
60.8971
59.3863
57.2362
54.388
52.2273
60.3686
63.3257
65.0375
66.1084
66.2179
65.7856
64.436
62.4692
59.4093
56.0466
65.7803
68.9386
70.511
71.3145
71.2812
70.9066
69.7589
67.9159
64.6735
61.0003
71.5933
74.8065
76.197
76.7086
76.5357
76.2416
75.3412
73.6539
70.3686
67.2126
77.9009
81.008
82.1447
82.3575
82.0502
81.8516
81.2277
79.7656
76.592
74.3384
84.7861
87.6108
88.4399
88.3724
87.9644
87.8358
87.4861
86.3173
83.4215
82.7436
92.3149
94.6634
95.1385
94.8021
94.3177
94.245
94.1692
93.3565
90.9315
92.6786
100.482
102.168
102.244
101.635
101.085
101.07
101.279
100.881
99.1205
104.054
109.259
110.13
109.767
108.877
108.267
108.309
108.82
108.887
107.954
115.956
118.537
118.523
117.691
116.512
115.85
115.948
116.771
117.339
117.309
128.043
128.234
127.32
125.998
124.523
123.817
123.967
125.112
126.204
127.091
140.407
138.315
136.502
134.667
132.88
132.137
132.332
133.82
135.458
137.258
152.624
148.583
145.941
143.616
141.524
140.759
140.989
142.815
144.972
147.604
164.298
158.619
155.369
152.711
150.425
149.653
149.9
151.95
154.471
157.72
175.479
168.51
164.803
161.909
159.491
158.723
158.979
161.188
163.971
167.683
186.237
178.312
174.271
171.213
168.711
167.955
168.214
170.53
173.498
177.546
196.528
188.002
183.743
180.587
178.044
177.308
177.564
179.938
183.023
187.289
206.424
197.545
193.174
189.979
187.435
186.725
186.974
189.364
192.501
196.878
215.917
206.897
202.504
199.331
196.832
196.155
196.392
198.748
201.875
206.27
224.994
216
211.667
208.571
206.159
205.522
205.743
208.022
211.079
215.411
233.627
224.799
220.6
217.635
215.355
214.763
214.967
217.121
220.052
224.245
241.629
233.174
229.19
226.412
224.308
223.769
223.952
225.936
228.682
232.655
248.951
241.002
237.3
234.76
232.879
232.397
232.559
234.325
236.834
240.518
255.456
248.095
244.72
242.458
240.838
240.418
240.557
242.07
244.299
247.649
260.94
254.201
251.162
249.191
247.859
247.507
247.624
248.857
250.791
253.798
265.218
258.969
256.142
254.354
253.251
252.97
253.067
254.082
255.83
258.617
268.332
261.555
258.546
256.55
255.126
254.7
255.023
256.351
258.288
261.248
270.857
263.848
260.639
258.443
256.812
256.261
256.757
258.276
260.403
263.56
272.949
266.062
262.705
260.336
258.547
257.931
258.519
260.187
262.482
265.787
274.697
268.287
264.882
262.377
260.458
259.791
260.445
262.236
264.666
268.024
276.159
270.549
267.234
264.64
262.606
261.902
262.581
264.493
267.02
270.296
277.395
272.875
269.85
267.243
265.073
264.347
264.976
267.078
269.637
272.635
278.416
275.244
272.779
270.437
268.08
267.361
267.853
270.264
272.567
275.023
279.164
277.398
275.909
274.21
272.353
271.787
272.182
274.004
275.714
277.226
279.95
279.242
278.552
277.995
277.603
277.427
277.532
277.855
278.383
279.073
282.381
282.209
282.137
282.084
282.031
281.995
282.019
282.056
282.106
282.176
30.4109
40.5475
44.1593
47.1683
49.9443
51.8826
55.6313
60.5112
66.6415
73.7059
82.0583
91.9384
103.257
115.128
127.205
139.562
151.775
163.449
174.632
185.396
195.7
205.612
215.124
224.225
232.885
240.922
248.285
254.836
260.373
264.708
267.863
270.407
272.521
274.295
275.787
277.057
278.121
278.917
279.775
282.304
-14.7501
-15.273
-31.5719
-42.8067
-44.8565
-45.4686
-45.0381
-44.2473
-32.0092
-16.519
-15.4164
282.274
282.236
282.174
282.121
282.104
282.092
282.084
282.09
282.156
282.231
282.254
89.7791
-6.16419e-11
98.5415
127.79
135.136
136.461
135.04
129.667
101.662
48.184
120.86
93.9768
117.901
133.764
140.641
142.154
140.788
134.438
119.753
98.481
134.445
125.889
135.678
144.536
149.915
151.834
150.767
145.287
136.269
126.317
145.217
145.318
151.372
157.124
161.393
163.279
162.473
157.773
151.202
144.522
154.358
161.001
166.293
170.647
174.088
175.643
174.889
170.868
165.563
159.688
162.534
175.689
180.984
184.508
187.213
188.417
187.78
184.433
179.941
174.108
174.825
190.629
195.8
198.63
200.6
201.45
200.987
198.354
194.578
188.898
190.502
206.228
210.897
213.013
214.222
214.721
214.467
212.596
209.575
204.426
209.166
222.73
226.484
227.811
228.253
228.406
228.383
227.294
225.116
220.924
229.943
240.286
242.754
243.22
242.954
242.849
242.973
242.619
241.378
238.53
253.26
258.938
259.793
259.329
258.407
258.105
258.33
258.672
258.448
257.281
278.453
278.51
277.529
276.088
274.531
274.063
274.39
275.411
276.254
276.997
304.867
298.814
295.905
293.468
291.287
290.685
291.109
292.793
294.726
297.471
330.861
319.555
314.797
311.383
308.602
307.874
308.387
310.726
313.729
318.389
356.233
340.547
334.11
329.76
326.4
325.552
326.143
329.125
333.156
339.549
380.796
361.695
353.778
348.518
344.58
343.64
344.295
347.919
352.937
360.841
403.571
382.594
373.526
367.456
362.976
361.996
362.696
366.925
372.796
381.846
424.328
402.479
392.807
386.305
381.54
380.549
381.254
385.818
392.167
401.822
444.017
421.639
411.671
404.972
400.076
399.078
399.772
404.512
411.106
421.06
463.063
440.263
430.189
423.444
418.525
417.543
418.215
423.019
429.699
439.761
481.053
458.347
448.348
441.678
436.816
435.867
436.505
441.279
447.918
457.906
497.856
475.827
466.087
459.588
454.853
453.942
454.542
459.206
465.692
475.418
513.564
492.619
483.301
477.072
472.54
471.681
472.235
476.703
482.929
492.227
528.328
508.667
499.886
494.013
489.751
488.952
489.455
493.656
499.531
508.285
542.224
523.933
515.767
510.32
506.391
505.662
506.111
509.979
515.428
523.559
555.174
538.288
530.788
525.825
522.288
521.636
522.031
525.504
530.467
537.923
566.994
551.538
544.742
540.311
537.221
536.653
536.995
540.018
544.443
551.186
577.385
563.348
557.272
553.407
550.808
550.33
550.62
553.15
557.001
563.013
585.902
573.239
567.867
564.573
562.497
562.115
562.354
564.362
567.632
572.93
591.751
580.445
575.641
572.766
571.12
570.837
571.027
572.611
575.449
580.171
594.988
583.813
578.99
575.924
573.857
573.355
573.857
575.84
578.836
583.567
597.657
586.777
581.868
578.604
576.276
575.588
576.332
578.549
581.726
586.537
599.878
589.631
584.687
581.259
578.736
577.951
578.819
581.212
584.545
589.394
601.735
592.495
587.631
584.089
581.417
580.557
581.51
584.037
587.482
592.257
603.29
595.401
590.786
587.19
584.396
583.484
584.461
587.115
590.621
595.162
604.61
598.384
594.261
590.716
587.776
586.835
587.73
590.599
594.079
598.144
605.702
601.409
598.11
594.98
591.836
590.907
591.602
594.833
597.908
601.178
606.444
604.127
602.169
599.937
597.505
596.783
597.329
599.724
601.967
603.942
607.339
606.42
605.539
604.829
604.33
604.113
604.263
604.679
605.352
606.228
610.36
610.133
610.038
609.971
609.904
609.862
609.897
609.946
610.009
610.101
89.3258
120.324
133.807
144.477
153.645
161.938
174.18
189.766
208.318
229.019
252.258
277.378
303.726
329.699
355.07
379.634
402.413
423.178
442.879
461.941
479.959
496.794
512.538
527.342
541.282
554.277
566.149
576.595
585.173
591.097
594.39
597.084
599.334
601.225
602.819
604.186
605.334
606.143
607.126
610.266
-43.2921
-44.7685
-92.0586
-124.616
-130.646
-132.518
-131.251
-128.933
-93.4413
-48.4329
-45.2259
610.223
610.173
610.09
610.021
610
609.986
609.978
609.986
610.071
610.168
610.198
