# vtk DataFile Version 3.0
Rotor blade panels
ASCII
DATASET UNSTRUCTURED_GRID
POINTS 3696 double
1.53634 1.07503 1.08592
1.54073 1.07559 1.08478
1.54081 1.07295 1.083
1.53631 1.07229 1.08435
1.54073 1.07559 1.08478
1.54489 1.07645 1.08301
1.54505 1.07392 1.08102
1.54081 1.07295 1.083
1.54489 1.07645 1.08301
1.54889 1.07746 1.08096
1.54909 1.07503 1.07875
1.54505 1.07392 1.08102
1.54889 1.07746 1.08096
1.55255 1.07868 1.07847
1.55278 1.07636 1.07603
1.54909 1.07503 1.07875
1.55255 1.07868 1.07847
1.55504 1.08035 1.07507
1.55533 1.07811 1.07247
1.55278 1.07636 1.07603
1.55504 1.08035 1.07507
1.553 1.08187 1.07195
1.55319 1.07961 1.0694
1.55533 1.07811 1.07247
1.553 1.08187 1.07195
1.5492 1.0808 1.07414
1.54938 1.07839 1.07189
1.55319 1.07961 1.0694
1.5492 1.0808 1.07414
1.54611 1.0793 1.0772
1.54624 1.07681 1.07512
1.54938 1.07839 1.07189
1.54611 1.0793 1.0772
1.54305 1.07779 1.08028
1.54313 1.07522 1.07837
1.54624 1.07681 1.07512
1.54305 1.07779 1.08028
1.53986 1.07634 1.08326
1.53988 1.07368 1.08151
1.54313 1.07522 1.07837
1.53631 1.07229 1.08435
1.54081 1.07295 1.083
1.54083 1.06879 1.08018
1.5362 1.06795 1.08189
1.54081 1.07295 1.083
1.54505 1.07392 1.08102
1.54513 1.06993 1.07785
1.54083 1.06879 1.08018
1.54505 1.07392 1.08102
1.54909 1.07503 1.07875
1.54921 1.07122 1.07521
1.54513 1.06993 1.07785
1.54909 1.07503 1.07875
1.55278 1.07636 1.07603
1.55289 1.07272 1.07215
1.54921 1.07122 1.07521
1.55278 1.07636 1.07603
1.55533 1.07811 1.07247
1.55546 1.0746 1.06832
1.55289 1.07272 1.07215
1.55533 1.07811 1.07247
1.55319 1.07961 1.0694
1.55318 1.07603 1.06539
1.55546 1.0746 1.06832
1.55319 1.07961 1.0694
1.54938 1.07839 1.07189
1.54942 1.07459 1.06833
1.55318 1.07603 1.06539
1.54938 1.07839 1.07189
1.54624 1.07681 1.07512
1.54626 1.07287 1.07183
1.54942 1.07459 1.06833
1.54624 1.07681 1.07512
1.54313 1.07522 1.07837
1.54311 1.07115 1.07535
1.54626 1.07287 1.07183
1.54313 1.07522 1.07837
1.53988 1.07368 1.08151
1.53982 1.06948 1.07877
1.54311 1.07115 1.07535
1.5362 1.06795 1.08189
1.54083 1.06879 1.08018
1.54069 1.06454 1.0773
1.53601 1.0635 1.07941
1.54083 1.06879 1.08018
1.54513 1.06993 1.07785
1.545 1.06586 1.0746
1.54069 1.06454 1.0773
1.54513 1.06993 1.07785
1.54921 1.07122 1.07521
1.54905 1.06734 1.07158
1.545 1.06586 1.0746
1.54921 1.07122 1.07521
1.55289 1.07272 1.07215
1.55268 1.06901 1.06817
1.54905 1.06734 1.07158
1.55289 1.07272 1.07215
1.55546 1.0746 1.06832
1.55519 1.07102 1.06406
1.55268 1.06901 1.06817
1.55546 1.0746 1.06832
1.55318 1.07603 1.06539
1.55278 1.07237 1.06131
1.55519 1.07102 1.06406
1.55318 1.07603 1.06539
1.54942 1.07459 1.06833
1.54913 1.07072 1.06468
1.55278 1.07237 1.06131
1.54942 1.07459 1.06833
1.54626 1.07287 1.07183
1.54601 1.06886 1.06848
1.54913 1.07072 1.06468
1.54626 1.07287 1.07183
1.54311 1.07115 1.07535
1.54289 1.067 1.07228
1.54601 1.06886 1.06848
1.54311 1.07115 1.07535
1.53982 1.06948 1.07877
1.53961 1.06519 1.07598
1.54289 1.067 1.07228
1.53601 1.0635 1.07941
1.54069 1.06454 1.0773
1.54046 1.06025 1.07448
1.53577 1.05903 1.07698
1.54069 1.06454 1.0773
1.545 1.06586 1.0746
1.54473 1.06176 1.07142
1.54046 1.06025 1.07448
1.545 1.06586 1.0746
1.54905 1.06734 1.07158
1.54871 1.06341 1.06805
1.54473 1.06176 1.07142
1.54905 1.06734 1.07158
1.55268 1.06901 1.06817
1.55223 1.06524 1.0643
1.54871 1.06341 1.06805
1.55268 1.06901 1.06817
1.55519 1.07102 1.06406
1.55465 1.06739 1.05993
1.55223 1.06524 1.0643
1.55519 1.07102 1.06406
1.55278 1.07237 1.06131
1.55215 1.06863 1.05738
1.55465 1.06739 1.05993
1.55278 1.07237 1.06131
1.54913 1.07072 1.06468
1.54865 1.0668 1.06113
1.55215 1.06863 1.05738
1.54913 1.07072 1.06468
1.54601 1.06886 1.06848
1.5456 1.0648 1.06521
1.54865 1.0668 1.06113
1.54601 1.06886 1.06848
1.54289 1.067 1.07228
1.54254 1.0628 1.06928
1.5456 1.0648 1.06521
1.54289 1.067 1.07228
1.53961 1.06519 1.07598
1.53932 1.06086 1.07325
1.54254 1.0628 1.06928
1.53577 1.05903 1.07698
1.54046 1.06025 1.07448
1.54018 1.05593 1.07176
1.53553 1.05454 1.0746
1.54046 1.06025 1.07448
1.54473 1.06176 1.07142
1.54437 1.05758 1.06838
1.54018 1.05593 1.07176
1.54473 1.06176 1.07142
1.54871 1.06341 1.06805
1.54825 1.05938 1.06471
1.54437 1.05758 1.06838
1.54871 1.06341 1.06805
1.55223 1.06524 1.0643
1.55165 1.06136 1.06068
1.54825 1.05938 1.06471
1.55223 1.06524 1.0643
1.55465 1.06739 1.05993
1.55396 1.06361 1.05608
1.55165 1.06136 1.06068
1.55465 1.06739 1.05993
1.55215 1.06863 1.05738
1.55142 1.06475 1.05374
1.55396 1.06361 1.05608
1.55215 1.06863 1.05738
1.54865 1.0668 1.06113
1.54807 1.06277 1.0578
1.55142 1.06475 1.05374
1.54865 1.0668 1.06113
1.5456 1.0648 1.06521
1.54512 1.06065 1.06211
1.54807 1.06277 1.0578
1.5456 1.0648 1.06521
1.54254 1.0628 1.06928
1.54214 1.05854 1.06641
1.54512 1.06065 1.06211
1.54254 1.0628 1.06928
1.53932 1.06086 1.07325
1.539 1.05648 1.07062
1.54214 1.05854 1.06641
1.53553 1.05454 1.0746
1.54018 1.05593 1.07176
1.53986 1.05155 1.06913
1.53529 1.05001 1.07227
1.54018 1.05593 1.07176
1.54437 1.05758 1.06838
1.54396 1.05334 1.06549
1.53986 1.05155 1.06913
1.54437 1.05758 1.06838
1.54825 1.05938 1.06471
1.54771 1.05526 1.06156
1.54396 1.05334 1.06549
1.54825 1.05938 1.06471
1.55165 1.06136 1.06068
1.55097 1.05735 1.0573
1.54771 1.05526 1.06156
1.55165 1.06136 1.06068
1.55396 1.06361 1.05608
1.55316 1.05969 1.05253
1.55097 1.05735 1.0573
1.55396 1.06361 1.05608
1.55142 1.06475 1.05374
1.55061 1.06074 1.05038
1.55316 1.05969 1.05253
1.55142 1.06475 1.05374
1.54807 1.06277 1.0578
1.54742 1.05863 1.05468
1.55061 1.06074 1.05038
1.54807 1.06277 1.0578
1.54512 1.06065 1.06211
1.54458 1.05642 1.05919
1.54742 1.05863 1.05468
1.54512 1.06065 1.06211
1.54214 1.05854 1.06641
1.54171 1.05422 1.06368
1.54458 1.05642 1.05919
1.54214 1.05854 1.06641
1.539 1.05648 1.07062
1.53867 1.05207 1.06808
1.54171 1.05422 1.06368
1.53529 1.05001 1.07227
1.53986 1.05155 1.06913
1.53952 1.04713 1.0666
1.53506 1.04548 1.06998
1.53986 1.05155 1.06913
1.54396 1.05334 1.06549
1.5435 1.04902 1.06274
1.53952 1.04713 1.0666
1.54396 1.05334 1.06549
1.54771 1.05526 1.06156
1.54712 1.05105 1.05861
1.5435 1.04902 1.06274
1.54771 1.05526 1.06156
1.55097 1.05735 1.0573
1.55024 1.05323 1.05416
1.54712 1.05105 1.05861
1.55097 1.05735 1.0573
1.55316 1.05969 1.05253
1.55228 1.05563 1.04925
1.55024 1.05323 1.05416
1.55316 1.05969 1.05253
1.55061 1.06074 1.05038
1.54975 1.0566 1.04728
1.55228 1.05563 1.04925
1.55061 1.06074 1.05038
1.54742 1.05863 1.05468
1.54672 1.0544 1.05177
1.54975 1.0566 1.04728
1.54742 1.05863 1.05468
1.54458 1.05642 1.05919
1.54401 1.05212 1.05643
1.54672 1.0544 1.05177
1.54458 1.05642 1.05919
1.54171 1.05422 1.06368
1.54124 1.04984 1.06106
1.54401 1.05212 1.05643
1.54171 1.05422 1.06368
1.53867 1.05207 1.06808
1.53832 1.04761 1.06562
1.54124 1.04984 1.06106
1.53506 1.04548 1.06998
1.53952 1.04713 1.0666
1.53918 1.04267 1.06414
1.53484 1.04092 1.06773
1.53952 1.04713 1.0666
1.5435 1.04902 1.06274
1.54301 1.04465 1.06011
1.53918 1.04267 1.06414
1.5435 1.04902 1.06274
1.54712 1.05105 1.05861
1.54649 1.04675 1.05583
1.54301 1.04465 1.06011
1.54712 1.05105 1.05861
1.55024 1.05323 1.05416
1.54946 1.04899 1.05124
1.54649 1.04675 1.05583
1.55024 1.05323 1.05416
1.55228 1.05563 1.04925
1.55136 1.05144 1.04624
1.54946 1.04899 1.05124
1.55228 1.05563 1.04925
1.54975 1.0566 1.04728
1.54885 1.05234 1.04441
1.55136 1.05144 1.04624
1.54975 1.0566 1.04728
1.54672 1.0544 1.05177
1.54599 1.05007 1.04905
1.54885 1.05234 1.04441
1.54672 1.0544 1.05177
1.54401 1.05212 1.05643
1.5434 1.04773 1.05382
1.54599 1.05007 1.04905
1.54401 1.05212 1.05643
1.54124 1.04984 1.06106
1.54076 1.04541 1.05856
1.5434 1.04773 1.05382
1.54124 1.04984 1.06106
1.53832 1.04761 1.06562
1.53796 1.04312 1.06323
1.54076 1.04541 1.05856
1.53484 1.04092 1.06773
1.53918 1.04267 1.06414
1.53882 1.03817 1.06177
1.53463 1.03634 1.06551
1.53918 1.04267 1.06414
1.54301 1.04465 1.06011
1.54251 1.04021 1.05761
1.53882 1.03817 1.06177
1.54301 1.04465 1.06011
1.54649 1.04675 1.05583
1.54584 1.04237 1.05321
1.54251 1.04021 1.05761
1.54649 1.04675 1.05583
1.54946 1.04899 1.05124
1.54865 1.04466 1.04854
1.54584 1.04237 1.05321
1.54946 1.04899 1.05124
1.55136 1.05144 1.04624
1.55041 1.04714 1.04347
1.54865 1.04466 1.04854
1.55136 1.05144 1.04624
1.54885 1.05234 1.04441
1.54793 1.04797 1.04178
1.55041 1.04714 1.04347
1.54885 1.05234 1.04441
1.54599 1.05007 1.04905
1.54523 1.04565 1.04651
1.54793 1.04797 1.04178
1.54599 1.05007 1.04905
1.5434 1.04773 1.05382
1.54278 1.04328 1.05135
1.54523 1.04565 1.04651
1.5434 1.04773 1.05382
1.54076 1.04541 1.05856
1.54027 1.04092 1.05617
1.54278 1.04328 1.05135
1.54076 1.04541 1.05856
1.53796 1.04312 1.06323
1.5376 1.03859 1.06092
1.54027 1.04092 1.05617
1.53463 1.03634 1.06551
1.53882 1.03817 1.06177
1.53846 1.03364 1.05946
1.53443 1.03175 1.06333
1.53882 1.03817 1.06177
1.54251 1.04021 1.05761
1.542 1.03572 1.05522
1.53846 1.03364 1.05946
1.54251 1.04021 1.05761
1.54584 1.04237 1.05321
1.54517 1.03791 1.05075
1.542 1.03572 1.05522
1.54584 1.04237 1.05321
1.54865 1.04466 1.04854
1.54783 1.04023 1.04602
1.54517 1.03791 1.05075
1.54865 1.04466 1.04854
1.55041 1.04714 1.04347
1.54945 1.04272 1.04093
1.54783 1.04023 1.04602
1.55041 1.04714 1.04347
1.54793 1.04797 1.04178
1.54701 1.04349 1.03936
1.54945 1.04272 1.04093
1.54793 1.04797 1.04178
1.54523 1.04565 1.04651
1.54447 1.04115 1.04414
1.54701 1.04349 1.03936
1.54523 1.04565 1.04651
1.54278 1.04328 1.05135
1.54215 1.03875 1.04902
1.54447 1.04115 1.04414
1.54278 1.04328 1.05135
1.54027 1.04092 1.05617
1.53977 1.03638 1.05388
1.54215 1.03875 1.04902
1.54027 1.04092 1.05617
1.5376 1.03859 1.06092
1.53724 1.03403 1.05867
1.53977 1.03638 1.05388
1.53443 1.03175 1.06333
1.53846 1.03364 1.05946
1.5381 1.02907 1.05723
1.53423 1.02714 1.06118
1.53846 1.03364 1.05946
1.542 1.03572 1.05522
1.54148 1.03118 1.05294
1.5381 1.02907 1.05723
1.542 1.03572 1.05522
1.54517 1.03791 1.05075
1.5445 1.03339 1.04843
1.54148 1.03118 1.05294
1.54517 1.03791 1.05075
1.54783 1.04023 1.04602
1.54701 1.03571 1.04368
1.5445 1.03339 1.04843
1.54783 1.04023 1.04602
1.54945 1.04272 1.04093
1.54849 1.0382 1.0386
1.54701 1.03571 1.04368
1.54945 1.04272 1.04093
1.54701 1.04349 1.03936
1.54608 1.03892 1.03714
1.54849 1.0382 1.0386
1.54701 1.04349 1.03936
1.54447 1.04115 1.04414
1.5437 1.03656 1.04194
1.54608 1.03892 1.03714
1.54447 1.04115 1.04414
1.54215 1.03875 1.04902
1.54152 1.03417 1.04682
1.5437 1.03656 1.04194
1.54215 1.03875 1.04902
1.53977 1.03638 1.05388
1.53927 1.03179 1.05168
1.54152 1.03417 1.04682
1.53977 1.03638 1.05388
1.53724 1.03403 1.05867
1.53688 1.02944 1.05649
1.53927 1.03179 1.05168
1.53423 1.02714 1.06118
1.5381 1.02907 1.05723
1.53773 1.02448 1.05506
1.53405 1.02252 1.05905
1.5381 1.02907 1.05723
1.54148 1.03118 1.05294
1.54096 1.02659 1.05075
1.53773 1.02448 1.05506
1.54148 1.03118 1.05294
1.5445 1.03339 1.04843
1.54383 1.0288 1.04624
1.54096 1.02659 1.05075
1.5445 1.03339 1.04843
1.54701 1.03571 1.04368
1.54618 1.03112 1.0415
1.54383 1.0288 1.04624
1.54701 1.03571 1.04368
1.54849 1.0382 1.0386
1.54753 1.03358 1.03647
1.54618 1.03112 1.0415
1.54849 1.0382 1.0386
1.54608 1.03892 1.03714
1.54517 1.03425 1.0351
1.54753 1.03358 1.03647
1.54608 1.03892 1.03714
1.5437 1.03656 1.04194
1.54294 1.03191 1.03989
1.54517 1.03425 1.0351
1.5437 1.03656 1.04194
1.54152 1.03417 1.04682
1.54089 1.02953 1.04475
1.54294 1.03191 1.03989
1.54152 1.03417 1.04682
1.53927 1.03179 1.05168
1.53878 1.02716 1.04958
1.54089 1.02953 1.04475
1.53927 1.03179 1.05168
1.53688 1.02944 1.05649
1.53653 1.02482 1.05436
1.53878 1.02716 1.04958
1.53405 1.02252 1.05905
1.53773 1.02448 1.05506
1.53737 1.01985 1.05294
1.53387 1.01789 1.05695
1.53773 1.02448 1.05506
1.54096 1.02659 1.05075
1.54044 1.02195 1.04865
1.53737 1.01985 1.05294
1.54096 1.02659 1.05075
1.54383 1.0288 1.04624
1.54314 1.02415 1.04417
1.54044 1.02195 1.04865
1.54383 1.0288 1.04624
1.54618 1.03112 1.0415
1.54535 1.02645 1.03947
1.54314 1.02415 1.04417
1.54618 1.03112 1.0415
1.54753 1.03358 1.03647
1.54657 1.02888 1.03451
1.54535 1.02645 1.03947
1.54753 1.03358 1.03647
1.54517 1.03425 1.0351
1.54428 1.0295 1.03324
1.54657 1.02888 1.03451
1.54517 1.03425 1.0351
1.54294 1.03191 1.03989
1.5422 1.02718 1.03798
1.54428 1.0295 1.03324
1.54294 1.03191 1.03989
1.54089 1.02953 1.04475
1.54028 1.02483 1.04278
1.5422 1.02718 1.03798
1.54089 1.02953 1.04475
1.53878 1.02716 1.04958
1.5383 1.02249 1.04756
1.54028 1.02483 1.04278
1.53878 1.02716 1.04958
1.53653 1.02482 1.05436
1.53619 1.02017 1.05229
1.5383 1.02249 1.04756
1.53387 1.01789 1.05695
1.53737 1.01985 1.05294
1.53701 1.0152 1.05088
1.5337 1.01325 1.05487
1.53737 1.01985 1.05294
1.54044 1.02195 1.04865
1.53991 1.01728 1.04663
1.53701 1.0152 1.05088
1.54044 1.02195 1.04865
1.54314 1.02415 1.04417
1.54246 1.01945 1.04221
1.53991 1.01728 1.04663
1.54314 1.02415 1.04417
1.54535 1.02645 1.03947
1.54453 1.02171 1.03759
1.54246 1.01945 1.04221
1.54535 1.02645 1.03947
1.54657 1.02888 1.03451
1.54563 1.0241 1.03271
1.54453 1.02171 1.03759
1.54657 1.02888 1.03451
1.54428 1.0295 1.03324
1.54341 1.02467 1.03154
1.54563 1.0241 1.03271
1.54428 1.0295 1.03324
1.5422 1.02718 1.03798
1.54148 1.02239 1.03621
1.54341 1.02467 1.03154
1.5422 1.02718 1.03798
1.54028 1.02483 1.04278
1.53968 1.02008 1.04093
1.54148 1.02239 1.03621
1.54028 1.02483 1.04278
1.5383 1.02249 1.04756
1.53782 1.01778 1.04562
1.53968 1.02008 1.04093
1.5383 1.02249 1.04756
1.53619 1.02017 1.05229
1.53585 1.0155 1.05028
1.53782 1.01778 1.04562
1.5337 1.01325 1.05487
1.53701 1.0152 1.05088
1.53666 1.01053 1.04886
1.53354 1.00859 1.05281
1.53701 1.0152 1.05088
1.53991 1.01728 1.04663
1.53939 1.01258 1.04468
1.53666 1.01053 1.04886
1.53991 1.01728 1.04663
1.54246 1.01945 1.04221
1.54179 1.0147 1.04034
1.53939 1.01258 1.04468
1.54246 1.01945 1.04221
1.54453 1.02171 1.03759
1.54372 1.01692 1.03581
1.54179 1.0147 1.04034
1.54453 1.02171 1.03759
1.54563 1.0241 1.03271
1.54471 1.01925 1.03106
1.54372 1.01692 1.03581
1.54563 1.0241 1.03271
1.54341 1.02467 1.03154
1.54257 1.01978 1.02998
1.54471 1.01925 1.03106
1.54341 1.02467 1.03154
1.54148 1.02239 1.03621
1.54078 1.01754 1.03455
1.54257 1.01978 1.02998
1.54148 1.02239 1.03621
1.53968 1.02008 1.04093
1.5391 1.01528 1.03916
1.54078 1.01754 1.03455
1.53968 1.02008 1.04093
1.53782 1.01778 1.04562
1.53737 1.01303 1.04375
1.5391 1.01528 1.03916
1.53782 1.01778 1.04562
1.53585 1.0155 1.05028
1.53553 1.0108 1.04831
1.53737 1.01303 1.04375
1.53354 1.00859 1.05281
1.53666 1.01053 1.04886
1.53631 1.00583 1.04688
1.53338 1.00393 1.05077
1.53666 1.01053 1.04886
1.53939 1.01258 1.04468
1.53888 1.00783 1.0428
1.53631 1.00583 1.04688
1.53939 1.01258 1.04468
1.54179 1.0147 1.04034
1.54113 1.00991 1.03856
1.53888 1.00783 1.0428
1.54179 1.0147 1.04034
1.54372 1.01692 1.03581
1.54292 1.01207 1.03416
1.54113 1.00991 1.03856
1.54372 1.01692 1.03581
1.54471 1.01925 1.03106
1.5438 1.01433 1.02954
1.54292 1.01207 1.03416
1.54471 1.01925 1.03106
1.54257 1.01978 1.02998
1.54176 1.01482 1.02855
1.5438 1.01433 1.02954
1.54257 1.01978 1.02998
1.54078 1.01754 1.03455
1.5401 1.01264 1.033
1.54176 1.01482 1.02855
1.54078 1.01754 1.03455
1.5391 1.01528 1.03916
1.53855 1.01044 1.03748
1.5401 1.01264 1.033
1.5391 1.01528 1.03916
1.53737 1.01303 1.04375
1.53693 1.00825 1.04194
1.53855 1.01044 1.03748
1.53737 1.01303 1.04375
1.53553 1.0108 1.04831
1.53522 1.00608 1.04638
1.53693 1.00825 1.04194
1.53338 1.00393 1.05077
1.53631 1.00583 1.04688
1.53597 1.00112 1.04495
1.53323 0.999258 1.04875
1.53631 1.00583 1.04688
1.53888 1.00783 1.0428
1.53838 1.00306 1.04098
1.53597 1.00112 1.04495
1.53888 1.00783 1.0428
1.54113 1.00991 1.03856
1.54048 1.00508 1.03687
1.53838 1.00306 1.04098
1.54113 1.00991 1.03856
1.54292 1.01207 1.03416
1.54213 1.00717 1.0326
1.54048 1.00508 1.03687
1.54292 1.01207 1.03416
1.5438 1.01433 1.02954
1.54293 1.00935 1.02814
1.54213 1.00717 1.0326
1.5438 1.01433 1.02954
1.54176 1.01482 1.02855
1.54098 1.0098 1.02723
1.54293 1.00935 1.02814
1.54176 1.01482 1.02855
1.5401 1.01264 1.033
1.53944 1.00769 1.03154
1.54098 1.0098 1.02723
1.5401 1.01264 1.033
1.53855 1.01044 1.03748
1.538 1.00557 1.03587
1.53944 1.00769 1.03154
1.53855 1.01044 1.03748
1.53693 1.00825 1.04194
1.53651 1.00345 1.04019
1.538 1.00557 1.03587
1.53693 1.00825 1.04194
1.53522 1.00608 1.04638
1.53492 1.00135 1.04449
1.53651 1.00345 1.04019
1.53323 0.999258 1.04875
1.53597 1.00112 1.04495
1.53564 0.996386 1.04306
1.53309 0.994579 1.04675
1.53597 1.00112 1.04495
1.53838 1.00306 1.04098
1.53789 0.998269 1.03921
1.53564 0.996386 1.04306
1.53838 1.00306 1.04098
1.54048 1.00508 1.03687
1.53984 1.00021 1.03524
1.53789 0.998269 1.03921
1.54048 1.00508 1.03687
1.54213 1.00717 1.0326
1.54137 1.00223 1.03113
1.53984 1.00021 1.03524
1.54213 1.00717 1.0326
1.54293 1.00935 1.02814
1.54208 1.00433 1.02684
1.54137 1.00223 1.03113
1.54293 1.00935 1.02814
1.54098 1.0098 1.02723
1.54023 1.00474 1.02601
1.54208 1.00433 1.02684
1.54098 1.0098 1.02723
1.53944 1.00769 1.03154
1.53881 1.00271 1.03016
1.54023 1.00474 1.02601
1.53944 1.00769 1.03154
1.538 1.00557 1.03587
1.53748 1.00066 1.03433
1.53881 1.00271 1.03016
1.538 1.00557 1.03587
1.53651 1.00345 1.04019
1.5361 0.998622 1.03849
1.53748 1.00066 1.03433
1.53651 1.00345 1.04019
1.53492 1.00135 1.04449
1.53463 0.996595 1.04263
1.5361 0.998622 1.03849
1.53309 0.994579 1.04675
1.53564 0.996386 1.04306
1.53531 0.991636 1.04119
1.53295 0.98989 1.04476
1.53564 0.996386 1.04306
1.53789 0.998269 1.03921
1.53741 0.993448 1.0375
1.53531 0.991636 1.04119
1.53789 0.998269 1.03921
1.53984 1.00021 1.03524
1.53922 0.995317 1.03368
1.53741 0.993448 1.0375
1.53984 1.00021 1.03524
1.54137 1.00223 1.03113
1.54064 0.99725 1.02973
1.53922 0.995317 1.03368
1.54137 1.00223 1.03113
1.54208 1.00433 1.02684
1.54126 0.99926 1.02563
1.54064 0.99725 1.02973
1.54208 1.00433 1.02684
1.54023 1.00474 1.02601
1.53951 0.999635 1.02487
1.54126 0.99926 1.02563
1.54023 1.00474 1.02601
1.53881 1.00271 1.03016
1.53821 0.997684 1.02885
1.53951 0.999635 1.02487
1.53881 1.00271 1.03016
1.53748 1.00066 1.03433
1.53699 0.995724 1.03285
1.53821 0.997684 1.02885
1.53748 1.00066 1.03433
1.5361 0.998622 1.03849
1.5357 0.993771 1.03684
1.53699 0.995724 1.03285
1.5361 0.998622 1.03849
1.53463 0.996595 1.04263
1.53435 0.991827 1.04081
1.5357 0.993771 1.03684
1.53295 0.98989 1.04476
1.53531 0.991636 1.04119
1.535 0.986873 1.03936
1.53282 0.985195 1.04278
1.53531 0.991636 1.04119
1.53741 0.993448 1.0375
1.53694 0.988607 1.03582
1.535 0.986873 1.03936
1.53741 0.993448 1.0375
1.53922 0.995317 1.03368
1.53862 0.990393 1.03217
1.53694 0.988607 1.03582
1.53922 0.995317 1.03368
1.54064 0.99725 1.02973
1.53993 0.992239 1.0284
1.53862 0.990393 1.03217
1.54064 0.99725 1.02973
1.54126 0.99926 1.02563
1.54048 0.994154 1.0245
1.53993 0.992239 1.0284
1.54126 0.99926 1.02563
1.53951 0.999635 1.02487
1.53882 0.994495 1.0238
1.54048 0.994154 1.0245
1.53951 0.999635 1.02487
1.53821 0.997684 1.02885
1.53764 0.992634 1.0276
1.53882 0.994495 1.0238
1.53821 0.997684 1.02885
1.53699 0.995724 1.03285
1.53651 0.990764 1.03142
1.53764 0.992634 1.0276
1.53699 0.995724 1.03285
1.5357 0.993771 1.03684
1.53533 0.988901 1.03522
1.53651 0.990764 1.03142
1.5357 0.993771 1.03684
1.53435 0.991827 1.04081
1.53409 0.987046 1.03901
1.53533 0.988901 1.03522
1.53282 0.985195 1.04278
1.535 0.986873 1.03936
1.53471 0.982094 1.03756
1.53269 0.980494 1.04083
1.535 0.986873 1.03936
1.53694 0.988607 1.03582
1.53651 0.983747 1.03419
1.53471 0.982094 1.03756
1.53694 0.988607 1.03582
1.53862 0.990393 1.03217
1.53806 0.985447 1.03072
1.53651 0.983747 1.03419
1.53862 0.990393 1.03217
1.53993 0.992239 1.0284
1.53925 0.987202 1.02714
1.53806 0.985447 1.03072
1.53993 0.992239 1.0284
1.54048 0.994154 1.0245
1.53973 0.989018 1.02343
1.53925 0.987202 1.02714
1.54048 0.994154 1.0245
1.53882 0.994495 1.0238
1.53817 0.989331 1.02279
1.53973 0.989018 1.02343
1.53882 0.994495 1.0238
1.53764 0.992634 1.0276
1.5371 0.987562 1.0264
1.53817 0.989331 1.02279
1.53764 0.992634 1.0276
1.53651 0.990764 1.03142
1.53607 0.985785 1.03003
1.5371 0.987562 1.0264
1.53651 0.990764 1.03142
1.53533 0.988901 1.03522
1.53499 0.984015 1.03364
1.53607 0.985785 1.03003
1.53533 0.988901 1.03522
1.53409 0.987046 1.03901
1.53386 0.982252 1.03724
1.53499 0.984015 1.03364
1.53269 0.980494 1.04083
1.53471 0.982094 1.03756
1.53444 0.977305 1.03578
1.53257 0.975786 1.03888
1.53471 0.982094 1.03756
1.53651 0.983747 1.03419
1.5361 0.978872 1.03258
1.53444 0.977305 1.03578
1.53651 0.983747 1.03419
1.53806 0.985447 1.03072
1.53752 0.980482 1.02929
1.5361 0.978872 1.03258
1.53806 0.985447 1.03072
1.53925 0.987202 1.02714
1.5386 0.982142 1.0259
1.53752 0.980482 1.02929
1.53925 0.987202 1.02714
1.53973 0.989018 1.02343
1.53902 0.983858 1.0224
1.5386 0.982142 1.0259
1.53973 0.989018 1.02343
1.53817 0.989331 1.02279
1.53756 0.984144 1.02182
1.53902 0.983858 1.0224
1.53817 0.989331 1.02279
1.5371 0.987562 1.0264
1.53658 0.98247 1.02524
1.53756 0.984144 1.02182
1.5371 0.987562 1.0264
1.53607 0.985785 1.03003
1.53565 0.98079 1.02866
1.53658 0.98247 1.02524
1.53607 0.985785 1.03003
1.53499 0.984015 1.03364
1.53467 0.979116 1.03208
1.53565 0.98079 1.02866
1.53499 0.984015 1.03364
1.53386 0.982252 1.03724
1.53363 0.977449 1.03548
1.53467 0.979116 1.03208
1.53257 0.975786 1.03888
1.53444 0.977305 1.03578
1.53417 0.972505 1.03402
1.53245 0.971071 1.03695
1.53444 0.977305 1.03578
1.5361 0.978872 1.03258
1.5357 0.973984 1.031
1.53417 0.972505 1.03402
1.5361 0.978872 1.03258
1.53752 0.980482 1.02929
1.537 0.975503 1.0279
1.5357 0.973984 1.031
1.53752 0.980482 1.02929
1.5386 0.982142 1.0259
1.53799 0.977067 1.02471
1.537 0.975503 1.0279
1.5386 0.982142 1.0259
1.53902 0.983858 1.0224
1.53835 0.978679 1.02141
1.53799 0.977067 1.02471
1.53902 0.983858 1.0224
1.53756 0.984144 1.02182
1.53698 0.97894 1.02088
1.53835 0.978679 1.02141
1.53756 0.984144 1.02182
1.53658 0.98247 1.02524
1.5361 0.977364 1.0241
1.53698 0.97894 1.02088
1.53658 0.98247 1.02524
1.53565 0.98079 1.02866
1.53526 0.975783 1.02733
1.5361 0.977364 1.0241
1.53565 0.98079 1.02866
1.53467 0.979116 1.03208
1.53437 0.974207 1.03054
1.53526 0.975783 1.02733
1.53467 0.979116 1.03208
1.53363 0.977449 1.03548
1.53342 0.972637 1.03375
1.53437 0.974207 1.03054
1.53245 0.971071 1.03695
1.53417 0.972505 1.03402
1.53392 0.9677 1.03227
1.53233 0.966352 1.03502
1.53417 0.972505 1.03402
1.5357 0.973984 1.031
1.53532 0.969089 1.02943
1.53392 0.9677 1.03227
1.5357 0.973984 1.031
1.537 0.975503 1.0279
1.53651 0.970514 1.02652
1.53532 0.969089 1.02943
1.537 0.975503 1.0279
1.53799 0.977067 1.02471
1.5374 0.971981 1.02353
1.53651 0.970514 1.02652
1.53799 0.977067 1.02471
1.53835 0.978679 1.02141
1.53771 0.97349 1.02045
1.5374 0.971981 1.02353
1.53835 0.978679 1.02141
1.53698 0.97894 1.02088
1.53643 0.973728 1.01996
1.53771 0.97349 1.02045
1.53698 0.97894 1.02088
1.5361 0.977364 1.0241
1.53564 0.97225 1.02298
1.53643 0.973728 1.01996
1.5361 0.977364 1.0241
1.53526 0.975783 1.02733
1.53488 0.970768 1.026
1.53564 0.97225 1.02298
1.53526 0.975783 1.02733
1.53437 0.974207 1.03054
1.53408 0.969291 1.02902
1.53488 0.970768 1.026
1.53437 0.974207 1.03054
1.53342 0.972637 1.03375
1.53322 0.96782 1.03202
1.53408 0.969291 1.02902
1.53233 0.966352 1.03502
1.53392 0.9677 1.03227
1.53368 0.962891 1.03053
1.53223 0.961629 1.03311
1.53392 0.9677 1.03227
1.53532 0.969089 1.02943
1.53495 0.96419 1.02788
1.53368 0.962891 1.03053
1.53532 0.969089 1.02943
1.53651 0.970514 1.02652
1.53604 0.965522 1.02516
1.53495 0.96419 1.02788
1.53651 0.970514 1.02652
1.5374 0.971981 1.02353
1.53684 0.966891 1.02236
1.53604 0.965522 1.02516
1.5374 0.971981 1.02353
1.53771 0.97349 1.02045
1.53711 0.968299 1.01949
1.53684 0.966891 1.02236
1.53771 0.97349 1.02045
1.53643 0.973728 1.01996
1.53592 0.968515 1.01905
1.53711 0.968299 1.01949
1.53643 0.973728 1.01996
1.53564 0.97225 1.02298
1.53521 0.967135 1.02187
1.53592 0.968515 1.01905
1.53564 0.97225 1.02298
1.53488 0.970768 1.026
1.53453 0.965752 1.02469
1.53521 0.967135 1.02187
1.53488 0.970768 1.026
1.53408 0.969291 1.02902
1.5338 0.964373 1.0275
1.53453 0.965752 1.02469
1.53408 0.969291 1.02902
1.53322 0.96782 1.03202
1.53303 0.963 1.03031
1.5338 0.964373 1.0275
1.53223 0.961629 1.03311
1.53368 0.962891 1.03053
1.53345 0.958077 1.0288
1.53212 0.956901 1.0312
1.53368 0.962891 1.03053
1.53495 0.96419 1.02788
1.53461 0.959287 1.02633
1.53345 0.958077 1.0288
1.53495 0.96419 1.02788
1.53604 0.965522 1.02516
1.53559 0.960527 1.0238
1.53461 0.959287 1.02633
1.53604 0.965522 1.02516
1.53684 0.966891 1.02236
1.53632 0.9618 1.0212
1.53559 0.960527 1.0238
1.53684 0.966891 1.02236
1.53711 0.968299 1.01949
1.53654 0.963108 1.01853
1.53632 0.9618 1.0212
1.53711 0.968299 1.01949
1.53592 0.968515 1.01905
1.53544 0.963304 1.01813
1.53654 0.963108 1.01853
1.53592 0.968515 1.01905
1.53521 0.967135 1.02187
1.5348 0.962021 1.02075
1.53544 0.963304 1.01813
1.53521 0.967135 1.02187
1.53453 0.965752 1.02469
1.53419 0.960735 1.02337
1.5348 0.962021 1.02075
1.53453 0.965752 1.02469
1.5338 0.964373 1.0275
1.53354 0.959453 1.02599
1.53419 0.960735 1.02337
1.5338 0.964373 1.0275
1.53303 0.963 1.03031
1.53285 0.958176 1.0286
1.53354 0.959453 1.02599
1.53212 0.956901 1.0312
1.53345 0.958077 1.0288
1.53323 0.953262 1.02707
1.53202 0.95217 1.0293
1.53345 0.958077 1.0288
1.53461 0.959287 1.02633
1.53429 0.954384 1.02478
1.53323 0.953262 1.02707
1.53461 0.959287 1.02633
1.53559 0.960527 1.0238
1.53518 0.955534 1.02243
1.53429 0.954384 1.02478
1.53559 0.960527 1.0238
1.53632 0.9618 1.0212
1.53583 0.956714 1.02002
1.53518 0.955534 1.02243
1.53632 0.9618 1.0212
1.53654 0.963108 1.01853
1.53602 0.957924 1.01755
1.53583 0.956714 1.02002
1.53654 0.963108 1.01853
1.53544 0.963304 1.01813
1.53499 0.958102 1.01719
1.53602 0.957924 1.01755
1.53544 0.963304 1.01813
1.5348 0.962021 1.02075
1.53442 0.956913 1.01962
1.53499 0.958102 1.01719
1.5348 0.962021 1.02075
1.53419 0.960735 1.02337
1.53388 0.955722 1.02205
1.53442 0.956913 1.01962
1.53419 0.960735 1.02337
1.53354 0.959453 1.02599
1.5333 0.954534 1.02447
1.53388 0.955722 1.02205
1.53354 0.959453 1.02599
1.53285 0.958176 1.0286
1.53267 0.95335 1.02689
1.5333 0.954534 1.02447
1.53202 0.95217 1.0293
1.53323 0.953262 1.02707
1.53303 0.948444 1.02534
1.53193 0.947433 1.02741
1.53323 0.953262 1.02707
1.53429 0.954384 1.02478
1.53399 0.949483 1.02322
1.53303 0.948444 1.02534
1.53429 0.954384 1.02478
1.53518 0.955534 1.02243
1.53479 0.950547 1.02105
1.53399 0.949483 1.02322
1.53518 0.955534 1.02243
1.53583 0.956714 1.02002
1.53537 0.951637 1.01883
1.53479 0.950547 1.02105
1.53583 0.956714 1.02002
1.53602 0.957924 1.01755
1.53553 0.952754 1.01655
1.53537 0.951637 1.01883
1.53602 0.957924 1.01755
1.53499 0.958102 1.01719
1.53458 0.952915 1.01622
1.53553 0.952754 1.01655
1.53499 0.958102 1.01719
1.53442 0.956913 1.01962
1.53407 0.951817 1.01846
1.53458 0.952915 1.01622
1.53442 0.956913 1.01962
1.53388 0.955722 1.02205
1.53359 0.950716 1.02071
1.53407 0.951817 1.01846
1.53388 0.955722 1.02205
1.5333 0.954534 1.02447
1.53307 0.949618 1.02295
1.53359 0.950716 1.02071
1.5333 0.954534 1.02447
1.53267 0.95335 1.02689
1.53251 0.948525 1.02518
1.53307 0.949618 1.02295
1.53193 0.947433 1.02741
1.53303 0.948444 1.02534
1.53284 0.943631 1.02362
1.53184 0.942697 1.02552
1.53303 0.948444 1.02534
1.53399 0.949483 1.02322
1.5337 0.944591 1.02166
1.53284 0.943631 1.02362
1.53399 0.949483 1.02322
1.53479 0.950547 1.02105
1.53443 0.945572 1.01965
1.5337 0.944591 1.02166
1.53479 0.950547 1.02105
1.53537 0.951637 1.01883
1.53495 0.946578 1.0176
1.53443 0.945572 1.01965
1.53537 0.951637 1.01883
1.53553 0.952754 1.01655
1.53508 0.947607 1.0155
1.53495 0.946578 1.0176
1.53553 0.952754 1.01655
1.53458 0.952915 1.01622
1.53421 0.947753 1.0152
1.53508 0.947607 1.0155
1.53458 0.952915 1.01622
1.53407 0.951817 1.01846
1.53375 0.94674 1.01727
1.53421 0.947753 1.0152
1.53407 0.951817 1.01846
1.53359 0.950716 1.02071
1.53332 0.945725 1.01934
1.53375 0.94674 1.01727
1.53359 0.950716 1.02071
1.53307 0.949618 1.02295
1.53286 0.944713 1.02141
1.53332 0.945725 1.01934
1.53307 0.949618 1.02295
1.53251 0.948525 1.02518
1.53236 0.943704 1.02347
1.53286 0.944713 1.02141
1.53184 0.942697 1.02552
1.53284 0.943631 1.02362
1.53266 0.939022 1.02196
1.53175 0.938157 1.02372
1.53284 0.943631 1.02362
1.5337 0.944591 1.02166
1.53346 0.93991 1.02014
1.53266 0.939022 1.02196
1.5337 0.944591 1.02166
1.53443 0.945572 1.01965
1.53411 0.940819 1.01829
1.53346 0.93991 1.02014
1.53443 0.945572 1.01965
1.53495 0.946578 1.0176
1.53458 0.941749 1.01639
1.53411 0.940819 1.01829
1.53495 0.946578 1.0176
1.53508 0.947607 1.0155
1.53469 0.9427 1.01445
1.53458 0.941749 1.01639
1.53508 0.947607 1.0155
1.53421 0.947753 1.0152
1.53388 0.942833 1.01418
1.53469 0.9427 1.01445
1.53421 0.947753 1.0152
1.53375 0.94674 1.01727
1.53347 0.941897 1.01609
1.53388 0.942833 1.01418
1.53375 0.94674 1.01727
1.53332 0.945725 1.01934
1.53309 0.940958 1.01801
1.53347 0.941897 1.01609
1.53332 0.945725 1.01934
1.53286 0.944713 1.02141
1.53267 0.940022 1.01992
1.53309 0.940958 1.01801
1.53286 0.944713 1.02141
1.53236 0.943704 1.02347
1.53222 0.939088 1.02182
1.53267 0.940022 1.01992
1.53175 0.938157 1.02372
1.53266 0.939022 1.02196
1.53263 0.937907 1.02155
1.53173 0.937058 1.02329
1.53266 0.939022 1.02196
1.53346 0.93991 1.02014
1.5334 0.938779 1.01977
1.53263 0.937907 1.02155
1.53346 0.93991 1.02014
1.53411 0.940819 1.01829
1.53404 0.939671 1.01795
1.5334 0.938779 1.01977
1.53411 0.940819 1.01829
1.53458 0.941749 1.01639
1.5345 0.940584 1.01609
1.53404 0.939671 1.01795
1.53458 0.941749 1.01639
1.53469 0.9427 1.01445
1.5346 0.941517 1.01419
1.5345 0.940584 1.01609
1.53469 0.9427 1.01445
1.53388 0.942833 1.01418
1.5338 0.941647 1.01392
1.5346 0.941517 1.01419
1.53388 0.942833 1.01418
1.53347 0.941897 1.01609
1.53341 0.940728 1.0158
1.5338 0.941647 1.01392
1.53347 0.941897 1.01609
1.53309 0.940958 1.01801
1.53303 0.939807 1.01768
1.53341 0.940728 1.0158
1.53309 0.940958 1.01801
1.53267 0.940022 1.01992
1.53263 0.938888 1.01955
1.53303 0.939807 1.01768
1.53267 0.940022 1.01992
1.53222 0.939088 1.02182
1.53219 0.937972 1.02142
1.53263 0.938888 1.01955
1.53173 0.937058 1.02329
1.53263 0.937907 1.02155
1.53259 0.936995 1.02123
1.53172 0.936158 1.02294
1.53263 0.937907 1.02155
1.5334 0.938779 1.01977
1.53335 0.937853 1.01948
1.53259 0.936995 1.02123
1.5334 0.938779 1.01977
1.53404 0.939671 1.01795
1.53398 0.938731 1.01768
1.53335 0.937853 1.01948
1.53404 0.939671 1.01795
1.5345 0.940584 1.01609
1.53443 0.93963 1.01585
1.53398 0.938731 1.01768
1.5345 0.940584 1.01609
1.5346 0.941517 1.01419
1.53453 0.940548 1.01397
1.53443 0.93963 1.01585
1.5346 0.941517 1.01419
1.5338 0.941647 1.01392
1.53374 0.940676 1.01371
1.53453 0.940548 1.01397
1.5338 0.941647 1.01392
1.53341 0.940728 1.0158
1.53335 0.939771 1.01556
1.53374 0.940676 1.01371
1.53341 0.940728 1.0158
1.53303 0.939807 1.01768
1.53299 0.938864 1.01741
1.53335 0.939771 1.01556
1.53303 0.939807 1.01768
1.53263 0.938888 1.01955
1.53259 0.93796 1.01926
1.53299 0.938864 1.01741
1.53263 0.938888 1.01955
1.53219 0.937972 1.02142
1.53216 0.937058 1.0211
1.53259 0.93796 1.01926
1.53172 0.936158 1.02294
1.53259 0.936995 1.02123
1.53254 0.936049 1.02098
1.53168 0.935233 1.02264
1.53259 0.936995 1.02123
1.53335 0.937853 1.01948
1.53328 0.936887 1.01927
1.53254 0.936049 1.02098
1.53335 0.937853 1.01948
1.53398 0.938731 1.01768
1.53389 0.937744 1.01752
1.53328 0.936887 1.01927
1.53398 0.938731 1.01768
1.53443 0.93963 1.01585
1.53433 0.938622 1.01572
1.53389 0.937744 1.01752
1.53443 0.93963 1.01585
1.53453 0.940548 1.01397
1.53442 0.939518 1.0139
1.53433 0.938622 1.01572
1.53453 0.940548 1.01397
1.53374 0.940676 1.01371
1.53365 0.939642 1.01364
1.53442 0.939518 1.0139
1.53374 0.940676 1.01371
1.53335 0.939771 1.01556
1.53327 0.938759 1.01544
1.53365 0.939642 1.01364
1.53335 0.939771 1.01556
1.53299 0.938864 1.01741
1.53292 0.937874 1.01725
1.53327 0.938759 1.01544
1.53299 0.938864 1.01741
1.53259 0.93796 1.01926
1.53253 0.936991 1.01905
1.53292 0.937874 1.01725
1.53259 0.93796 1.01926
1.53216 0.937058 1.0211
1.53212 0.936111 1.02085
1.53253 0.936991 1.01905
1.53168 0.935233 1.02264
1.53254 0.936049 1.02098
1.53245 0.935048 1.02083
1.53163 0.934261 1.02244
1.53254 0.936049 1.02098
1.53328 0.936887 1.01927
1.53316 0.935856 1.01918
1.53245 0.935048 1.02083
1.53328 0.936887 1.01927
1.53389 0.937744 1.01752
1.53375 0.936682 1.0175
1.53316 0.935856 1.01918
1.53389 0.937744 1.01752
1.53433 0.938622 1.01572
1.53417 0.937527 1.01577
1.53375 0.936682 1.0175
1.53433 0.938622 1.01572
1.53442 0.939518 1.0139
1.53426 0.938391 1.01401
1.53417 0.937527 1.01577
1.53442 0.939518 1.0139
1.53365 0.939642 1.01364
1.53352 0.93851 1.01376
1.53426 0.938391 1.01401
1.53365 0.939642 1.01364
1.53327 0.938759 1.01544
1.53316 0.937659 1.0155
1.53352 0.93851 1.01376
1.53327 0.938759 1.01544
1.53292 0.937874 1.01725
1.53281 0.936806 1.01724
1.53316 0.937659 1.0155
1.53292 0.937874 1.01725
1.53253 0.936991 1.01905
1.53245 0.935956 1.01898
1.53281 0.936806 1.01724
1.53253 0.936991 1.01905
1.53212 0.936111 1.02085
1.53205 0.935107 1.02071
1.53245 0.935956 1.01898
1.53163 0.934261 1.02244
1.53245 0.935048 1.02083
1.53233 0.933986 1.02081
1.53156 0.933241 1.02233
1.53245 0.935048 1.02083
1.53316 0.935856 1.01918
1.533 0.934752 1.01925
1.53233 0.933986 1.02081
1.53316 0.935856 1.01918
1.53375 0.936682 1.0175
1.53356 0.935534 1.01765
1.533 0.934752 1.01925
1.53375 0.936682 1.0175
1.53417 0.937527 1.01577
1.53395 0.936336 1.01602
1.53356 0.935534 1.01765
1.53417 0.937527 1.01577
1.53426 0.938391 1.01401
1.53403 0.937154 1.01435
1.53395 0.936336 1.01602
1.53426 0.938391 1.01401
1.53352 0.93851 1.01376
1.53333 0.937267 1.01411
1.53403 0.937154 1.01435
1.53352 0.93851 1.01376
1.53316 0.937659 1.0155
1.53299 0.93646 1.01576
1.53333 0.937267 1.01411
1.53316 0.937659 1.0155
1.53281 0.936806 1.01724
1.53267 0.935652 1.01741
1.53299 0.93646 1.01576
1.53281 0.936806 1.01724
1.53245 0.935956 1.01898
1.53232 0.934846 1.01906
1.53267 0.935652 1.01741
1.53245 0.935956 1.01898
1.53205 0.935107 1.02071
1.53195 0.934043 1.0207
1.53232 0.934846 1.01906
1.53156 0.933241 1.02233
1.53233 0.933986 1.02081
1.53217 0.932848 1.02095
1.53145 0.932158 1.02236
1.53233 0.933986 1.02081
1.533 0.934752 1.01925
1.53278 0.933557 1.0195
1.53217 0.932848 1.02095
1.533 0.934752 1.01925
1.53356 0.935534 1.01765
1.5333 0.934281 1.01802
1.53278 0.933557 1.0195
1.53356 0.935534 1.01765
1.53395 0.936336 1.01602
1.53366 0.935023 1.01651
1.5333 0.934281 1.01802
1.53395 0.936336 1.01602
1.53403 0.937154 1.01435
1.53373 0.93578 1.01496
1.53366 0.935023 1.01651
1.53403 0.937154 1.01435
1.53333 0.937267 1.01411
1.53308 0.935884 1.01475
1.53373 0.93578 1.01496
1.53333 0.937267 1.01411
1.53299 0.93646 1.01576
1.53277 0.935138 1.01627
1.53308 0.935884 1.01475
1.53299 0.93646 1.01576
1.53267 0.935652 1.01741
1.53247 0.93439 1.0178
1.53277 0.935138 1.01627
1.53267 0.935652 1.01741
1.53232 0.934846 1.01906
1.53216 0.933644 1.01932
1.53247 0.93439 1.0178
1.53232 0.934846 1.01906
1.53195 0.934043 1.0207
1.53181 0.9329 1.02084
1.53216 0.933644 1.01932
1.53145 0.932158 1.02236
1.53217 0.932848 1.02095
1.53194 0.931604 1.0213
1.5313 0.930989 1.02255
1.53217 0.932848 1.02095
1.53278 0.933557 1.0195
1.53249 0.932235 1.02001
1.53194 0.931604 1.0213
1.53278 0.933557 1.0195
1.5333 0.934281 1.01802
1.53294 0.93288 1.01869
1.53249 0.932235 1.02001
1.5333 0.934281 1.01802
1.53366 0.935023 1.01651
1.53326 0.933541 1.01734
1.53294 0.93288 1.01869
1.53366 0.935023 1.01651
1.53373 0.93578 1.01496
1.53333 0.934215 1.01597
1.53326 0.933541 1.01734
1.53373 0.93578 1.01496
1.53308 0.935884 1.01475
1.53275 0.934308 1.01578
1.53333 0.934215 1.01597
1.53308 0.935884 1.01475
1.53277 0.935138 1.01627
1.53247 0.933643 1.01713
1.53275 0.934308 1.01578
1.53277 0.935138 1.01627
1.53247 0.93439 1.0178
1.53221 0.932977 1.01849
1.53247 0.933643 1.01713
1.53247 0.93439 1.0178
1.53216 0.933644 1.01932
1.53193 0.932313 1.01985
1.53221 0.932977 1.01849
1.53216 0.933644 1.01932
1.53181 0.9329 1.02084
1.53162 0.93165 1.0212
1.53193 0.932313 1.01985
1.5313 0.930989 1.02255
1.53194 0.931604 1.0213
1.5316 0.930172 1.02204
1.53108 0.929668 1.02307
1.53194 0.931604 1.0213
1.53249 0.932235 1.02001
1.53205 0.930689 1.02098
1.5316 0.930172 1.02204
1.53249 0.932235 1.02001
1.53294 0.93288 1.01869
1.53242 0.931217 1.01991
1.53205 0.930689 1.02098
1.53294 0.93288 1.01869
1.53326 0.933541 1.01734
1.53268 0.931757 1.0188
1.53242 0.931217 1.01991
1.53326 0.933541 1.01734
1.53333 0.934215 1.01597
1.53273 0.932309 1.01768
1.53268 0.931757 1.0188
1.53333 0.934215 1.01597
1.53275 0.934308 1.01578
1.53226 0.932385 1.01752
1.53273 0.932309 1.01768
1.53275 0.934308 1.01578
1.53247 0.933643 1.01713
1.53203 0.931841 1.01863
1.53226 0.932385 1.01752
1.53247 0.933643 1.01713
1.53221 0.932977 1.01849
1.53182 0.931296 1.01974
1.53203 0.931841 1.01863
1.53221 0.932977 1.01849
1.53193 0.932313 1.01985
1.53159 0.930752 1.02085
1.53182 0.931296 1.01974
1.53193 0.932313 1.01985
1.53162 0.93165 1.0212
1.53134 0.93021 1.02196
1.53159 0.930752 1.02085
1.53108 0.929668 1.02307
1.5316 0.930172 1.02204
1.53093 0.928173 1.02393
1.53064 0.927889 1.02451
1.5316 0.930172 1.02204
1.53205 0.930689 1.02098
1.53118 0.928464 1.02334
1.53093 0.928173 1.02393
1.53205 0.930689 1.02098
1.53242 0.931217 1.01991
1.53139 0.928762 1.02273
1.53118 0.928464 1.02334
1.53242 0.931217 1.01991
1.53268 0.931757 1.0188
1.53154 0.929067 1.02211
1.53139 0.928762 1.02273
1.53268 0.931757 1.0188
1.53273 0.932309 1.01768
1.53156 0.929377 1.02147
1.53154 0.929067 1.02211
1.53273 0.932309 1.01768
1.53226 0.932385 1.01752
1.5313 0.92942 1.02138
1.53156 0.929377 1.02147
1.53226 0.932385 1.01752
1.53203 0.931841 1.01863
1.53117 0.929114 1.02201
1.5313 0.92942 1.02138
1.53203 0.931841 1.01863
1.53182 0.931296 1.01974
1.53105 0.928806 1.02264
1.53117 0.929114 1.02201
1.53182 0.931296 1.01974
1.53159 0.930752 1.02085
1.53092 0.9285 1.02326
1.53105 0.928806 1.02264
1.53159 0.930752 1.02085
1.53134 0.93021 1.02196
1.53078 0.928194 1.02389
1.53092 0.9285 1.02326
1.53064 0.927889 1.02451
1.53093 0.928173 1.02393
1.53018 0.926115 1.02616
1.53014 0.926078 1.02624
1.53093 0.928173 1.02393
1.53118 0.928464 1.02334
1.53021 0.926153 1.02608
1.53018 0.926115 1.02616
1.53118 0.928464 1.02334
1.53139 0.928762 1.02273
1.53024 0.926192 1.026
1.53021 0.926153 1.02608
1.53139 0.928762 1.02273
1.53154 0.929067 1.02211
1.53026 0.926232 1.02592
1.53024 0.926192 1.026
1.53154 0.929067 1.02211
1.53156 0.929377 1.02147
1.53026 0.926273 1.02584
1.53026 0.926232 1.02592
1.53156 0.929377 1.02147
1.5313 0.92942 1.02138
1.53023 0.926279 1.02583
1.53026 0.926273 1.02584
1.5313 0.92942 1.02138
1.53117 0.929114 1.02201
1.53021 0.926238 1.02591
1.53023 0.926279 1.02583
1.53117 0.929114 1.02201
1.53105 0.928806 1.02264
1.53019 0.926198 1.02599
1.53021 0.926238 1.02591
1.53105 0.928806 1.02264
1.53092 0.9285 1.02326
1.53018 0.926158 1.02607
1.53019 0.926198 1.02599
1.53092 0.9285 1.02326
1.53078 0.928194 1.02389
1.53016 0.926118 1.02616
1.53018 0.926158 1.02607
1.53986 1.07634 1.08326
1.53634 1.07503 1.08592
1.53631 1.07229 1.08435
1.53988 1.07368 1.08151
1.53988 1.07368 1.08151
1.53631 1.07229 1.08435
1.5362 1.06795 1.08189
1.53982 1.06948 1.07877
1.53982 1.06948 1.07877
1.5362 1.06795 1.08189
1.53601 1.0635 1.07941
1.53961 1.06519 1.07598
1.53961 1.06519 1.07598
1.53601 1.0635 1.07941
1.53577 1.05903 1.07698
1.53932 1.06086 1.07325
1.53932 1.06086 1.07325
1.53577 1.05903 1.07698
1.53553 1.05454 1.0746
1.539 1.05648 1.07062
1.539 1.05648 1.07062
1.53553 1.05454 1.0746
1.53529 1.05001 1.07227
1.53867 1.05207 1.06808
1.53867 1.05207 1.06808
1.53529 1.05001 1.07227
1.53506 1.04548 1.06998
1.53832 1.04761 1.06562
1.53832 1.04761 1.06562
1.53506 1.04548 1.06998
1.53484 1.04092 1.06773
1.53796 1.04312 1.06323
1.53796 1.04312 1.06323
1.53484 1.04092 1.06773
1.53463 1.03634 1.06551
1.5376 1.03859 1.06092
1.5376 1.03859 1.06092
1.53463 1.03634 1.06551
1.53443 1.03175 1.06333
1.53724 1.03403 1.05867
1.53724 1.03403 1.05867
1.53443 1.03175 1.06333
1.53423 1.02714 1.06118
1.53688 1.02944 1.05649
1.53688 1.02944 1.05649
1.53423 1.02714 1.06118
1.53405 1.02252 1.05905
1.53653 1.02482 1.05436
1.53653 1.02482 1.05436
1.53405 1.02252 1.05905
1.53387 1.01789 1.05695
1.53619 1.02017 1.05229
1.53619 1.02017 1.05229
1.53387 1.01789 1.05695
1.5337 1.01325 1.05487
1.53585 1.0155 1.05028
1.53585 1.0155 1.05028
1.5337 1.01325 1.05487
1.53354 1.00859 1.05281
1.53553 1.0108 1.04831
1.53553 1.0108 1.04831
1.53354 1.00859 1.05281
1.53338 1.00393 1.05077
1.53522 1.00608 1.04638
1.53522 1.00608 1.04638
1.53338 1.00393 1.05077
1.53323 0.999258 1.04875
1.53492 1.00135 1.04449
1.53492 1.00135 1.04449
1.53323 0.999258 1.04875
1.53309 0.994579 1.04675
1.53463 0.996595 1.04263
1.53463 0.996595 1.04263
1.53309 0.994579 1.04675
1.53295 0.98989 1.04476
1.53435 0.991827 1.04081
1.53435 0.991827 1.04081
1.53295 0.98989 1.04476
1.53282 0.985195 1.04278
1.53409 0.987046 1.03901
1.53409 0.987046 1.03901
1.53282 0.985195 1.04278
1.53269 0.980494 1.04083
1.53386 0.982252 1.03724
1.53386 0.982252 1.03724
1.53269 0.980494 1.04083
1.53257 0.975786 1.03888
1.53363 0.977449 1.03548
1.53363 0.977449 1.03548
1.53257 0.975786 1.03888
1.53245 0.971071 1.03695
1.53342 0.972637 1.03375
1.53342 0.972637 1.03375
1.53245 0.971071 1.03695
1.53233 0.966352 1.03502
1.53322 0.96782 1.03202
1.53322 0.96782 1.03202
1.53233 0.966352 1.03502
1.53223 0.961629 1.03311
1.53303 0.963 1.03031
1.53303 0.963 1.03031
1.53223 0.961629 1.03311
1.53212 0.956901 1.0312
1.53285 0.958176 1.0286
1.53285 0.958176 1.0286
1.53212 0.956901 1.0312
1.53202 0.95217 1.0293
1.53267 0.95335 1.02689
1.53267 0.95335 1.02689
1.53202 0.95217 1.0293
1.53193 0.947433 1.02741
1.53251 0.948525 1.02518
1.53251 0.948525 1.02518
1.53193 0.947433 1.02741
1.53184 0.942697 1.02552
1.53236 0.943704 1.02347
1.53236 0.943704 1.02347
1.53184 0.942697 1.02552
1.53175 0.938157 1.02372
1.53222 0.939088 1.02182
1.53222 0.939088 1.02182
1.53175 0.938157 1.02372
1.53173 0.937058 1.02329
1.53219 0.937972 1.02142
1.53219 0.937972 1.02142
1.53173 0.937058 1.02329
1.53172 0.936158 1.02294
1.53216 0.937058 1.0211
1.53216 0.937058 1.0211
1.53172 0.936158 1.02294
1.53168 0.935233 1.02264
1.53212 0.936111 1.02085
1.53212 0.936111 1.02085
1.53168 0.935233 1.02264
1.53163 0.934261 1.02244
1.53205 0.935107 1.02071
1.53205 0.935107 1.02071
1.53163 0.934261 1.02244
1.53156 0.933241 1.02233
1.53195 0.934043 1.0207
1.53195 0.934043 1.0207
1.53156 0.933241 1.02233
1.53145 0.932158 1.02236
1.53181 0.9329 1.02084
1.53181 0.9329 1.02084
1.53145 0.932158 1.02236
1.5313 0.930989 1.02255
1.53162 0.93165 1.0212
1.53162 0.93165 1.0212
1.5313 0.930989 1.02255
1.53108 0.929668 1.02307
1.53134 0.93021 1.02196
1.53134 0.93021 1.02196
1.53108 0.929668 1.02307
1.53064 0.927889 1.02451
1.53078 0.928194 1.02389
1.53078 0.928194 1.02389
1.53064 0.927889 1.02451
1.53014 0.926078 1.02624
1.53016 0.926118 1.02616
1.5319 1.1008 1.1026
1.5319 1.1008 1.1026
1.5319 1.1008 1.1026
1.5319 1.1008 1.1026
1.5319 1.1008 1.1026
1.5319 1.1008 1.1026
1.5319 1.1008 1.1026
1.5319 1.1008 1.1026
1.5319 1.1008 1.1026
1.5319 1.1008 1.1026
1.5319 1.1008 1.1026
1.5319 1.1008 1.1026
1.5319 1.1008 1.1026
1.5319 1.1008 1.1026
1.5319 1.1008 1.1026
1.5319 1.1008 1.1026
1.5319 1.1008 1.1026
1.5319 1.1008 1.1026
1.5319 1.1008 1.1026
1.5319 1.1008 1.1026
1.5319 1.1008 1.1026
1.5319 1.1008 1.1026
1.5319 1.1008 1.1026
1.5319 1.1008 1.1026
1.5319 1.1008 1.1026
1.5319 1.1008 1.1026
1.5319 1.1008 1.1026
1.5319 1.1008 1.1026
1.5319 1.1008 1.1026
1.5319 1.1008 1.1026
1.5319 1.1008 1.1026
1.5319 1.1008 1.1026
1.5319 1.1008 1.1026
1.5319 1.1008 1.1026
1.5319 1.1008 1.1026
1.5319 1.1008 1.1026
1.5319 1.1008 1.1026
1.5319 1.1008 1.1026
1.5319 1.1008 1.1026
1.5319 1.1008 1.1026
1.5319 1.1008 1.1026
1.5319 1.1008 1.1026
1.5319 1.1008 1.1026
1.5319 1.1008 1.1026
1.5319 1.1008 1.1026
1.5319 1.1008 1.1026
1.5319 1.1008 1.1026
1.5319 1.1008 1.1026
1.5319 1.1008 1.1026
1.5319 1.1008 1.1026
1.5319 1.1008 1.1026
1.5319 1.1008 1.1026
1.5319 1.1008 1.1026
1.5319 1.1008 1.1026
1.5319 1.1008 1.1026
1.5319 1.1008 1.1026
1.5319 1.1008 1.1026
1.5319 1.1008 1.1026
1.5319 1.1008 1.1026
1.5319 1.1008 1.1026
1.5319 1.1008 1.1026
1.5319 1.1008 1.1026
1.5319 1.1008 1.1026
1.5319 1.1008 1.1026
1.5319 1.1008 1.1026
1.5319 1.1008 1.1026
1.5319 1.1008 1.1026
1.5319 1.1008 1.1026
1.5319 1.1008 1.1026
1.5319 1.1008 1.1026
1.5319 1.1008 1.1026
1.5319 1.1008 1.1026
1.5319 1.1008 1.1026
1.5319 1.1008 1.1026
1.5319 1.1008 1.1026
1.5319 1.1008 1.1026
1.5319 1.1008 1.1026
1.5319 1.1008 1.1026
1.5319 1.1008 1.1026
1.5319 1.1008 1.1026
1.5319 1.1008 1.1026
1.5319 1.1008 1.1026
1.5319 1.1008 1.1026
1.5319 1.1008 1.1026
1.5319 1.1008 1.1026
1.5319 1.1008 1.1026
1.5319 1.1008 1.1026
1.5319 1.1008 1.1026
1.53634 1.12657 1.11928
1.54073 1.12601 1.12042
1.54081 1.12865 1.1222
1.53631 1.12931 1.12085
1.54073 1.12601 1.12042
1.54489 1.12515 1.12219
1.54505 1.12768 1.12418
1.54081 1.12865 1.1222
1.54489 1.12515 1.12219
1.54889 1.12414 1.12424
1.54909 1.12657 1.12645
1.54505 1.12768 1.12418
1.54889 1.12414 1.12424
1.55255 1.12292 1.12673
1.55278 1.12524 1.12917
1.54909 1.12657 1.12645
1.55255 1.12292 1.12673
1.55504 1.12125 1.13013
1.55533 1.12349 1.13273
1.55278 1.12524 1.12917
1.55504 1.12125 1.13013
1.553 1.11973 1.13325
1.55319 1.12199 1.1358
1.55533 1.12349 1.13273
1.553 1.11973 1.13325
1.5492 1.1208 1.13106
1.54938 1.12321 1.13331
1.55319 1.12199 1.1358
1.5492 1.1208 1.13106
1.54611 1.1223 1.128
1.54624 1.12479 1.13008
1.54938 1.12321 1.13331
1.54611 1.1223 1.128
1.54305 1.12381 1.12492
1.54313 1.12638 1.12683
1.54624 1.12479 1.13008
1.54305 1.12381 1.12492
1.53986 1.12526 1.12194
1.53988 1.12792 1.12369
1.54313 1.12638 1.12683
1.53631 1.12931 1.12085
1.54081 1.12865 1.1222
1.54083 1.13281 1.12502
1.5362 1.13365 1.12331
1.54081 1.12865 1.1222
1.54505 1.12768 1.12418
1.54513 1.13167 1.12735
1.54083 1.13281 1.12502
1.54505 1.12768 1.12418
1.54909 1.12657 1.12645
1.54921 1.13038 1.12999
1.54513 1.13167 1.12735
1.54909 1.12657 1.12645
1.55278 1.12524 1.12917
1.55289 1.12888 1.13305
1.54921 1.13038 1.12999
1.55278 1.12524 1.12917
1.55533 1.12349 1.13273
1.55546 1.127 1.13688
1.55289 1.12888 1.13305
1.55533 1.12349 1.13273
1.55319 1.12199 1.1358
1.55318 1.12557 1.13981
1.55546 1.127 1.13688
1.55319 1.12199 1.1358
1.54938 1.12321 1.13331
1.54942 1.12701 1.13687
1.55318 1.12557 1.13981
1.54938 1.12321 1.13331
1.54624 1.12479 1.13008
1.54626 1.12873 1.13337
1.54942 1.12701 1.13687
1.54624 1.12479 1.13008
1.54313 1.12638 1.12683
1.54311 1.13045 1.12985
1.54626 1.12873 1.13337
1.54313 1.12638 1.12683
1.53988 1.12792 1.12369
1.53982 1.13212 1.12643
1.54311 1.13045 1.12985
1.5362 1.13365 1.12331
1.54083 1.13281 1.12502
1.54069 1.13706 1.1279
1.53601 1.1381 1.12579
1.54083 1.13281 1.12502
1.54513 1.13167 1.12735
1.545 1.13574 1.1306
1.54069 1.13706 1.1279
1.54513 1.13167 1.12735
1.54921 1.13038 1.12999
1.54905 1.13426 1.13362
1.545 1.13574 1.1306
1.54921 1.13038 1.12999
1.55289 1.12888 1.13305
1.55268 1.13259 1.13703
1.54905 1.13426 1.13362
1.55289 1.12888 1.13305
1.55546 1.127 1.13688
1.55519 1.13058 1.14114
1.55268 1.13259 1.13703
1.55546 1.127 1.13688
1.55318 1.12557 1.13981
1.55278 1.12923 1.14389
1.55519 1.13058 1.14114
1.55318 1.12557 1.13981
1.54942 1.12701 1.13687
1.54913 1.13088 1.14052
1.55278 1.12923 1.14389
1.54942 1.12701 1.13687
1.54626 1.12873 1.13337
1.54601 1.13274 1.13672
1.54913 1.13088 1.14052
1.54626 1.12873 1.13337
1.54311 1.13045 1.12985
1.54289 1.1346 1.13292
1.54601 1.13274 1.13672
1.54311 1.13045 1.12985
1.53982 1.13212 1.12643
1.53961 1.13641 1.12922
1.54289 1.1346 1.13292
1.53601 1.1381 1.12579
1.54069 1.13706 1.1279
1.54046 1.14135 1.13072
1.53577 1.14257 1.12822
1.54069 1.13706 1.1279
1.545 1.13574 1.1306
1.54473 1.13984 1.13378
1.54046 1.14135 1.13072
1.545 1.13574 1.1306
1.54905 1.13426 1.13362
1.54871 1.13819 1.13715
1.54473 1.13984 1.13378
1.54905 1.13426 1.13362
1.55268 1.13259 1.13703
1.55223 1.13636 1.1409
1.54871 1.13819 1.13715
1.55268 1.13259 1.13703
1.55519 1.13058 1.14114
1.55465 1.13421 1.14527
1.55223 1.13636 1.1409
1.55519 1.13058 1.14114
1.55278 1.12923 1.14389
1.55215 1.13297 1.14782
1.55465 1.13421 1.14527
1.55278 1.12923 1.14389
1.54913 1.13088 1.14052
1.54865 1.1348 1.14407
1.55215 1.13297 1.14782
1.54913 1.13088 1.14052
1.54601 1.13274 1.13672
1.5456 1.1368 1.13999
1.54865 1.1348 1.14407
1.54601 1.13274 1.13672
1.54289 1.1346 1.13292
1.54254 1.1388 1.13592
1.5456 1.1368 1.13999
1.54289 1.1346 1.13292
1.53961 1.13641 1.12922
1.53932 1.14074 1.13195
1.54254 1.1388 1.13592
1.53577 1.14257 1.12822
1.54046 1.14135 1.13072
1.54018 1.14567 1.13344
1.53553 1.14706 1.1306
1.54046 1.14135 1.13072
1.54473 1.13984 1.13378
1.54437 1.14402 1.13682
1.54018 1.14567 1.13344
1.54473 1.13984 1.13378
1.54871 1.13819 1.13715
1.54825 1.14222 1.14049
1.54437 1.14402 1.13682
1.54871 1.13819 1.13715
1.55223 1.13636 1.1409
1.55165 1.14024 1.14452
1.54825 1.14222 1.14049
1.55223 1.13636 1.1409
1.55465 1.13421 1.14527
1.55396 1.13799 1.14912
1.55165 1.14024 1.14452
1.55465 1.13421 1.14527
1.55215 1.13297 1.14782
1.55142 1.13685 1.15146
1.55396 1.13799 1.14912
1.55215 1.13297 1.14782
1.54865 1.1348 1.14407
1.54807 1.13883 1.1474
1.55142 1.13685 1.15146
1.54865 1.1348 1.14407
1.5456 1.1368 1.13999
1.54512 1.14095 1.14309
1.54807 1.13883 1.1474
1.5456 1.1368 1.13999
1.54254 1.1388 1.13592
1.54214 1.14306 1.13879
1.54512 1.14095 1.14309
1.54254 1.1388 1.13592
1.53932 1.14074 1.13195
1.539 1.14512 1.13458
1.54214 1.14306 1.13879
1.53553 1.14706 1.1306
1.54018 1.14567 1.13344
1.53986 1.15005 1.13607
1.53529 1.15159 1.13293
1.54018 1.14567 1.13344
1.54437 1.14402 1.13682
1.54396 1.14826 1.13971
1.53986 1.15005 1.13607
1.54437 1.14402 1.13682
1.54825 1.14222 1.14049
1.54771 1.14634 1.14364
1.54396 1.14826 1.13971
1.54825 1.14222 1.14049
1.55165 1.14024 1.14452
1.55097 1.14425 1.1479
1.54771 1.14634 1.14364
1.55165 1.14024 1.14452
1.55396 1.13799 1.14912
1.55316 1.14191 1.15267
1.55097 1.14425 1.1479
1.55396 1.13799 1.14912
1.55142 1.13685 1.15146
1.55061 1.14086 1.15482
1.55316 1.14191 1.15267
1.55142 1.13685 1.15146
1.54807 1.13883 1.1474
1.54742 1.14297 1.15052
1.55061 1.14086 1.15482
1.54807 1.13883 1.1474
1.54512 1.14095 1.14309
1.54458 1.14518 1.14601
1.54742 1.14297 1.15052
1.54512 1.14095 1.14309
1.54214 1.14306 1.13879
1.54171 1.14738 1.14152
1.54458 1.14518 1.14601
1.54214 1.14306 1.13879
1.539 1.14512 1.13458
1.53867 1.14953 1.13712
1.54171 1.14738 1.14152
1.53529 1.15159 1.13293
1.53986 1.15005 1.13607
1.53952 1.15447 1.1386
1.53506 1.15612 1.13522
1.53986 1.15005 1.13607
1.54396 1.14826 1.13971
1.5435 1.15258 1.14246
1.53952 1.15447 1.1386
1.54396 1.14826 1.13971
1.54771 1.14634 1.14364
1.54712 1.15055 1.14659
1.5435 1.15258 1.14246
1.54771 1.14634 1.14364
1.55097 1.14425 1.1479
1.55024 1.14837 1.15104
1.54712 1.15055 1.14659
1.55097 1.14425 1.1479
1.55316 1.14191 1.15267
1.55228 1.14597 1.15595
1.55024 1.14837 1.15104
1.55316 1.14191 1.15267
1.55061 1.14086 1.15482
1.54975 1.145 1.15792
1.55228 1.14597 1.15595
1.55061 1.14086 1.15482
1.54742 1.14297 1.15052
1.54672 1.1472 1.15343
1.54975 1.145 1.15792
1.54742 1.14297 1.15052
1.54458 1.14518 1.14601
1.54401 1.14948 1.14877
1.54672 1.1472 1.15343
1.54458 1.14518 1.14601
1.54171 1.14738 1.14152
1.54124 1.15176 1.14414
1.54401 1.14948 1.14877
1.54171 1.14738 1.14152
1.53867 1.14953 1.13712
1.53832 1.15399 1.13958
1.54124 1.15176 1.14414
1.53506 1.15612 1.13522
1.53952 1.15447 1.1386
1.53918 1.15893 1.14106
1.53484 1.16068 1.13747
1.53952 1.15447 1.1386
1.5435 1.15258 1.14246
1.54301 1.15695 1.14509
1.53918 1.15893 1.14106
1.5435 1.15258 1.14246
1.54712 1.15055 1.14659
1.54649 1.15485 1.14937
1.54301 1.15695 1.14509
1.54712 1.15055 1.14659
1.55024 1.14837 1.15104
1.54946 1.15261 1.15396
1.54649 1.15485 1.14937
1.55024 1.14837 1.15104
1.55228 1.14597 1.15595
1.55136 1.15016 1.15896
1.54946 1.15261 1.15396
1.55228 1.14597 1.15595
1.54975 1.145 1.15792
1.54885 1.14926 1.16079
1.55136 1.15016 1.15896
1.54975 1.145 1.15792
1.54672 1.1472 1.15343
1.54599 1.15153 1.15615
1.54885 1.14926 1.16079
1.54672 1.1472 1.15343
1.54401 1.14948 1.14877
1.5434 1.15387 1.15138
1.54599 1.15153 1.15615
1.54401 1.14948 1.14877
1.54124 1.15176 1.14414
1.54076 1.15619 1.14664
1.5434 1.15387 1.15138
1.54124 1.15176 1.14414
1.53832 1.15399 1.13958
1.53796 1.15848 1.14197
1.54076 1.15619 1.14664
1.53484 1.16068 1.13747
1.53918 1.15893 1.14106
1.53882 1.16343 1.14343
1.53463 1.16526 1.13969
1.53918 1.15893 1.14106
1.54301 1.15695 1.14509
1.54251 1.16139 1.14759
1.53882 1.16343 1.14343
1.54301 1.15695 1.14509
1.54649 1.15485 1.14937
1.54584 1.15923 1.15199
1.54251 1.16139 1.14759
1.54649 1.15485 1.14937
1.54946 1.15261 1.15396
1.54865 1.15694 1.15666
1.54584 1.15923 1.15199
1.54946 1.15261 1.15396
1.55136 1.15016 1.15896
1.55041 1.15446 1.16173
1.54865 1.15694 1.15666
1.55136 1.15016 1.15896
1.54885 1.14926 1.16079
1.54793 1.15363 1.16342
1.55041 1.15446 1.16173
1.54885 1.14926 1.16079
1.54599 1.15153 1.15615
1.54523 1.15595 1.15869
1.54793 1.15363 1.16342
1.54599 1.15153 1.15615
1.5434 1.15387 1.15138
1.54278 1.15832 1.15385
1.54523 1.15595 1.15869
1.5434 1.15387 1.15138
1.54076 1.15619 1.14664
1.54027 1.16068 1.14903
1.54278 1.15832 1.15385
1.54076 1.15619 1.14664
1.53796 1.15848 1.14197
1.5376 1.16301 1.14428
1.54027 1.16068 1.14903
1.53463 1.16526 1.13969
1.53882 1.16343 1.14343
1.53846 1.16796 1.14574
1.53443 1.16985 1.14187
1.53882 1.16343 1.14343
1.54251 1.16139 1.14759
1.542 1.16588 1.14998
1.53846 1.16796 1.14574
1.54251 1.16139 1.14759
1.54584 1.15923 1.15199
1.54517 1.16369 1.15445
1.542 1.16588 1.14998
1.54584 1.15923 1.15199
1.54865 1.15694 1.15666
1.54783 1.16137 1.15918
1.54517 1.16369 1.15445
1.54865 1.15694 1.15666
1.55041 1.15446 1.16173
1.54945 1.15888 1.16427
1.54783 1.16137 1.15918
1.55041 1.15446 1.16173
1.54793 1.15363 1.16342
1.54701 1.15811 1.16584
1.54945 1.15888 1.16427
1.54793 1.15363 1.16342
1.54523 1.15595 1.15869
1.54447 1.16045 1.16106
1.54701 1.15811 1.16584
1.54523 1.15595 1.15869
1.54278 1.15832 1.15385
1.54215 1.16285 1.15618
1.54447 1.16045 1.16106
1.54278 1.15832 1.15385
1.54027 1.16068 1.14903
1.53977 1.16522 1.15132
1.54215 1.16285 1.15618
1.54027 1.16068 1.14903
1.5376 1.16301 1.14428
1.53724 1.16757 1.14653
1.53977 1.16522 1.15132
1.53443 1.16985 1.14187
1.53846 1.16796 1.14574
1.5381 1.17253 1.14797
1.53423 1.17446 1.14402
1.53846 1.16796 1.14574
1.542 1.16588 1.14998
1.54148 1.17042 1.15226
1.5381 1.17253 1.14797
1.542 1.16588 1.14998
1.54517 1.16369 1.15445
1.5445 1.16821 1.15677
1.54148 1.17042 1.15226
1.54517 1.16369 1.15445
1.54783 1.16137 1.15918
1.54701 1.16589 1.16152
1.5445 1.16821 1.15677
1.54783 1.16137 1.15918
1.54945 1.15888 1.16427
1.54849 1.1634 1.1666
1.54701 1.16589 1.16152
1.54945 1.15888 1.16427
1.54701 1.15811 1.16584
1.54608 1.16268 1.16806
1.54849 1.1634 1.1666
1.54701 1.15811 1.16584
1.54447 1.16045 1.16106
1.5437 1.16504 1.16326
1.54608 1.16268 1.16806
1.54447 1.16045 1.16106
1.54215 1.16285 1.15618
1.54152 1.16743 1.15838
1.5437 1.16504 1.16326
1.54215 1.16285 1.15618
1.53977 1.16522 1.15132
1.53927 1.16981 1.15352
1.54152 1.16743 1.15838
1.53977 1.16522 1.15132
1.53724 1.16757 1.14653
1.53688 1.17216 1.14871
1.53927 1.16981 1.15352
1.53423 1.17446 1.14402
1.5381 1.17253 1.14797
1.53773 1.17712 1.15014
1.53405 1.17908 1.14615
1.5381 1.17253 1.14797
1.54148 1.17042 1.15226
1.54096 1.17501 1.15445
1.53773 1.17712 1.15014
1.54148 1.17042 1.15226
1.5445 1.16821 1.15677
1.54383 1.1728 1.15896
1.54096 1.17501 1.15445
1.5445 1.16821 1.15677
1.54701 1.16589 1.16152
1.54618 1.17048 1.1637
1.54383 1.1728 1.15896
1.54701 1.16589 1.16152
1.54849 1.1634 1.1666
1.54753 1.16802 1.16873
1.54618 1.17048 1.1637
1.54849 1.1634 1.1666
1.54608 1.16268 1.16806
1.54517 1.16735 1.1701
1.54753 1.16802 1.16873
1.54608 1.16268 1.16806
1.5437 1.16504 1.16326
1.54294 1.16969 1.16531
1.54517 1.16735 1.1701
1.5437 1.16504 1.16326
1.54152 1.16743 1.15838
1.54089 1.17207 1.16045
1.54294 1.16969 1.16531
1.54152 1.16743 1.15838
1.53927 1.16981 1.15352
1.53878 1.17444 1.15562
1.54089 1.17207 1.16045
1.53927 1.16981 1.15352
1.53688 1.17216 1.14871
1.53653 1.17678 1.15084
1.53878 1.17444 1.15562
1.53405 1.17908 1.14615
1.53773 1.17712 1.15014
1.53737 1.18175 1.15226
1.53387 1.18371 1.14825
1.53773 1.17712 1.15014
1.54096 1.17501 1.15445
1.54044 1.17965 1.15655
1.53737 1.18175 1.15226
1.54096 1.17501 1.15445
1.54383 1.1728 1.15896
1.54314 1.17745 1.16103
1.54044 1.17965 1.15655
1.54383 1.1728 1.15896
1.54618 1.17048 1.1637
1.54535 1.17515 1.16573
1.54314 1.17745 1.16103
1.54618 1.17048 1.1637
1.54753 1.16802 1.16873
1.54657 1.17272 1.17069
1.54535 1.17515 1.16573
1.54753 1.16802 1.16873
1.54517 1.16735 1.1701
1.54428 1.1721 1.17196
1.54657 1.17272 1.17069
1.54517 1.16735 1.1701
1.54294 1.16969 1.16531
1.5422 1.17442 1.16722
1.54428 1.1721 1.17196
1.54294 1.16969 1.16531
1.54089 1.17207 1.16045
1.54028 1.17677 1.16242
1.5422 1.17442 1.16722
1.54089 1.17207 1.16045
1.53878 1.17444 1.15562
1.5383 1.17911 1.15764
1.54028 1.17677 1.16242
1.53878 1.17444 1.15562
1.53653 1.17678 1.15084
1.53619 1.18143 1.15291
1.5383 1.17911 1.15764
1.53387 1.18371 1.14825
1.53737 1.18175 1.15226
1.53701 1.1864 1.15432
1.5337 1.18835 1.15033
1.53737 1.18175 1.15226
1.54044 1.17965 1.15655
1.53991 1.18432 1.15857
1.53701 1.1864 1.15432
1.54044 1.17965 1.15655
1.54314 1.17745 1.16103
1.54246 1.18215 1.16299
1.53991 1.18432 1.15857
1.54314 1.17745 1.16103
1.54535 1.17515 1.16573
1.54453 1.17989 1.16761
1.54246 1.18215 1.16299
1.54535 1.17515 1.16573
1.54657 1.17272 1.17069
1.54563 1.1775 1.17249
1.54453 1.17989 1.16761
1.54657 1.17272 1.17069
1.54428 1.1721 1.17196
1.54341 1.17693 1.17366
1.54563 1.1775 1.17249
1.54428 1.1721 1.17196
1.5422 1.17442 1.16722
1.54148 1.17921 1.16899
1.54341 1.17693 1.17366
1.5422 1.17442 1.16722
1.54028 1.17677 1.16242
1.53968 1.18152 1.16427
1.54148 1.17921 1.16899
1.54028 1.17677 1.16242
1.5383 1.17911 1.15764
1.53782 1.18382 1.15958
1.53968 1.18152 1.16427
1.5383 1.17911 1.15764
1.53619 1.18143 1.15291
1.53585 1.1861 1.15492
1.53782 1.18382 1.15958
1.5337 1.18835 1.15033
1.53701 1.1864 1.15432
1.53666 1.19107 1.15634
1.53354 1.19301 1.15239
1.53701 1.1864 1.15432
1.53991 1.18432 1.15857
1.53939 1.18902 1.16052
1.53666 1.19107 1.15634
1.53991 1.18432 1.15857
1.54246 1.18215 1.16299
1.54179 1.1869 1.16486
1.53939 1.18902 1.16052
1.54246 1.18215 1.16299
1.54453 1.17989 1.16761
1.54372 1.18468 1.16939
1.54179 1.1869 1.16486
1.54453 1.17989 1.16761
1.54563 1.1775 1.17249
1.54471 1.18235 1.17414
1.54372 1.18468 1.16939
1.54563 1.1775 1.17249
1.54341 1.17693 1.17366
1.54257 1.18182 1.17522
1.54471 1.18235 1.17414
1.54341 1.17693 1.17366
1.54148 1.17921 1.16899
1.54078 1.18406 1.17065
1.54257 1.18182 1.17522
1.54148 1.17921 1.16899
1.53968 1.18152 1.16427
1.5391 1.18632 1.16604
1.54078 1.18406 1.17065
1.53968 1.18152 1.16427
1.53782 1.18382 1.15958
1.53737 1.18857 1.16145
1.5391 1.18632 1.16604
1.53782 1.18382 1.15958
1.53585 1.1861 1.15492
1.53553 1.1908 1.15689
1.53737 1.18857 1.16145
1.53354 1.19301 1.15239
1.53666 1.19107 1.15634
1.53631 1.19577 1.15832
1.53338 1.19767 1.15443
1.53666 1.19107 1.15634
1.53939 1.18902 1.16052
1.53888 1.19377 1.1624
1.53631 1.19577 1.15832
1.53939 1.18902 1.16052
1.54179 1.1869 1.16486
1.54113 1.19169 1.16664
1.53888 1.19377 1.1624
1.54179 1.1869 1.16486
1.54372 1.18468 1.16939
1.54292 1.18953 1.17104
1.54113 1.19169 1.16664
1.54372 1.18468 1.16939
1.54471 1.18235 1.17414
1.5438 1.18727 1.17566
1.54292 1.18953 1.17104
1.54471 1.18235 1.17414
1.54257 1.18182 1.17522
1.54176 1.18678 1.17665
1.5438 1.18727 1.17566
1.54257 1.18182 1.17522
1.54078 1.18406 1.17065
1.5401 1.18896 1.1722
1.54176 1.18678 1.17665
1.54078 1.18406 1.17065
1.5391 1.18632 1.16604
1.53855 1.19116 1.16772
1.5401 1.18896 1.1722
1.5391 1.18632 1.16604
1.53737 1.18857 1.16145
1.53693 1.19335 1.16326
1.53855 1.19116 1.16772
1.53737 1.18857 1.16145
1.53553 1.1908 1.15689
1.53522 1.19552 1.15882
1.53693 1.19335 1.16326
1.53338 1.19767 1.15443
1.53631 1.19577 1.15832
1.53597 1.20048 1.16025
1.53323 1.20234 1.15645
1.53631 1.19577 1.15832
1.53888 1.19377 1.1624
1.53838 1.19854 1.16422
1.53597 1.20048 1.16025
1.53888 1.19377 1.1624
1.54113 1.19169 1.16664
1.54048 1.19652 1.16833
1.53838 1.19854 1.16422
1.54113 1.19169 1.16664
1.54292 1.18953 1.17104
1.54213 1.19443 1.1726
1.54048 1.19652 1.16833
1.54292 1.18953 1.17104
1.5438 1.18727 1.17566
1.54293 1.19225 1.17706
1.54213 1.19443 1.1726
1.5438 1.18727 1.17566
1.54176 1.18678 1.17665
1.54098 1.1918 1.17797
1.54293 1.19225 1.17706
1.54176 1.18678 1.17665
1.5401 1.18896 1.1722
1.53944 1.19391 1.17366
1.54098 1.1918 1.17797
1.5401 1.18896 1.1722
1.53855 1.19116 1.16772
1.538 1.19603 1.16933
1.53944 1.19391 1.17366
1.53855 1.19116 1.16772
1.53693 1.19335 1.16326
1.53651 1.19815 1.16501
1.538 1.19603 1.16933
1.53693 1.19335 1.16326
1.53522 1.19552 1.15882
1.53492 1.20025 1.16071
1.53651 1.19815 1.16501
1.53323 1.20234 1.15645
1.53597 1.20048 1.16025
1.53564 1.20521 1.16214
1.53309 1.20702 1.15845
1.53597 1.20048 1.16025
1.53838 1.19854 1.16422
1.53789 1.20333 1.16599
1.53564 1.20521 1.16214
1.53838 1.19854 1.16422
1.54048 1.19652 1.16833
1.53984 1.20139 1.16996
1.53789 1.20333 1.16599
1.54048 1.19652 1.16833
1.54213 1.19443 1.1726
1.54137 1.19937 1.17407
1.53984 1.20139 1.16996
1.54213 1.19443 1.1726
1.54293 1.19225 1.17706
1.54208 1.19727 1.17836
1.54137 1.19937 1.17407
1.54293 1.19225 1.17706
1.54098 1.1918 1.17797
1.54023 1.19686 1.17919
1.54208 1.19727 1.17836
1.54098 1.1918 1.17797
1.53944 1.19391 1.17366
1.53881 1.19889 1.17504
1.54023 1.19686 1.17919
1.53944 1.19391 1.17366
1.538 1.19603 1.16933
1.53748 1.20094 1.17087
1.53881 1.19889 1.17504
1.538 1.19603 1.16933
1.53651 1.19815 1.16501
1.5361 1.20298 1.16671
1.53748 1.20094 1.17087
1.53651 1.19815 1.16501
1.53492 1.20025 1.16071
1.53463 1.20501 1.16257
1.5361 1.20298 1.16671
1.53309 1.20702 1.15845
1.53564 1.20521 1.16214
1.53531 1.20996 1.16401
1.53295 1.21171 1.16044
1.53564 1.20521 1.16214
1.53789 1.20333 1.16599
1.53741 1.20815 1.1677
1.53531 1.20996 1.16401
1.53789 1.20333 1.16599
1.53984 1.20139 1.16996
1.53922 1.20628 1.17152
1.53741 1.20815 1.1677
1.53984 1.20139 1.16996
1.54137 1.19937 1.17407
1.54064 1.20435 1.17547
1.53922 1.20628 1.17152
1.54137 1.19937 1.17407
1.54208 1.19727 1.17836
1.54126 1.20234 1.17957
1.54064 1.20435 1.17547
1.54208 1.19727 1.17836
1.54023 1.19686 1.17919
1.53951 1.20197 1.18033
1.54126 1.20234 1.17957
1.54023 1.19686 1.17919
1.53881 1.19889 1.17504
1.53821 1.20392 1.17635
1.53951 1.20197 1.18033
1.53881 1.19889 1.17504
1.53748 1.20094 1.17087
1.53699 1.20588 1.17235
1.53821 1.20392 1.17635
1.53748 1.20094 1.17087
1.5361 1.20298 1.16671
1.5357 1.20783 1.16836
1.53699 1.20588 1.17235
1.5361 1.20298 1.16671
1.53463 1.20501 1.16257
1.53435 1.20977 1.16439
1.5357 1.20783 1.16836
1.53295 1.21171 1.16044
1.53531 1.20996 1.16401
1.535 1.21473 1.16584
1.53282 1.21641 1.16242
1.53531 1.20996 1.16401
1.53741 1.20815 1.1677
1.53694 1.21299 1.16938
1.535 1.21473 1.16584
1.53741 1.20815 1.1677
1.53922 1.20628 1.17152
1.53862 1.21121 1.17303
1.53694 1.21299 1.16938
1.53922 1.20628 1.17152
1.54064 1.20435 1.17547
1.53993 1.20936 1.1768
1.53862 1.21121 1.17303
1.54064 1.20435 1.17547
1.54126 1.20234 1.17957
1.54048 1.20745 1.1807
1.53993 1.20936 1.1768
1.54126 1.20234 1.17957
1.53951 1.20197 1.18033
1.53882 1.2071 1.1814
1.54048 1.20745 1.1807
1.53951 1.20197 1.18033
1.53821 1.20392 1.17635
1.53764 1.20897 1.1776
1.53882 1.2071 1.1814
1.53821 1.20392 1.17635
1.53699 1.20588 1.17235
1.53651 1.21084 1.17378
1.53764 1.20897 1.1776
1.53699 1.20588 1.17235
1.5357 1.20783 1.16836
1.53533 1.2127 1.16998
1.53651 1.21084 1.17378
1.5357 1.20783 1.16836
1.53435 1.20977 1.16439
1.53409 1.21455 1.16619
1.53533 1.2127 1.16998
1.53282 1.21641 1.16242
1.535 1.21473 1.16584
1.53471 1.21951 1.16764
1.53269 1.22111 1.16437
1.535 1.21473 1.16584
1.53694 1.21299 1.16938
1.53651 1.21785 1.17101
1.53471 1.21951 1.16764
1.53694 1.21299 1.16938
1.53862 1.21121 1.17303
1.53806 1.21615 1.17448
1.53651 1.21785 1.17101
1.53862 1.21121 1.17303
1.53993 1.20936 1.1768
1.53925 1.2144 1.17806
1.53806 1.21615 1.17448
1.53993 1.20936 1.1768
1.54048 1.20745 1.1807
1.53973 1.21258 1.18177
1.53925 1.2144 1.17806
1.54048 1.20745 1.1807
1.53882 1.2071 1.1814
1.53817 1.21227 1.18241
1.53973 1.21258 1.18177
1.53882 1.2071 1.1814
1.53764 1.20897 1.1776
1.5371 1.21404 1.1788
1.53817 1.21227 1.18241
1.53764 1.20897 1.1776
1.53651 1.21084 1.17378
1.53607 1.21581 1.17517
1.5371 1.21404 1.1788
1.53651 1.21084 1.17378
1.53533 1.2127 1.16998
1.53499 1.21758 1.17156
1.53607 1.21581 1.17517
1.53533 1.2127 1.16998
1.53409 1.21455 1.16619
1.53386 1.21935 1.16796
1.53499 1.21758 1.17156
1.53269 1.22111 1.16437
1.53471 1.21951 1.16764
1.53444 1.2243 1.16942
1.53257 1.22581 1.16632
1.53471 1.21951 1.16764
1.53651 1.21785 1.17101
1.5361 1.22273 1.17262
1.53444 1.2243 1.16942
1.53651 1.21785 1.17101
1.53806 1.21615 1.17448
1.53752 1.22112 1.17591
1.5361 1.22273 1.17262
1.53806 1.21615 1.17448
1.53925 1.2144 1.17806
1.5386 1.21946 1.1793
1.53752 1.22112 1.17591
1.53925 1.2144 1.17806
1.53973 1.21258 1.18177
1.53902 1.21774 1.1828
1.5386 1.21946 1.1793
1.53973 1.21258 1.18177
1.53817 1.21227 1.18241
1.53756 1.21746 1.18338
1.53902 1.21774 1.1828
1.53817 1.21227 1.18241
1.5371 1.21404 1.1788
1.53658 1.21913 1.17996
1.53756 1.21746 1.18338
1.5371 1.21404 1.1788
1.53607 1.21581 1.17517
1.53565 1.22081 1.17654
1.53658 1.21913 1.17996
1.53607 1.21581 1.17517
1.53499 1.21758 1.17156
1.53467 1.22248 1.17312
1.53565 1.22081 1.17654
1.53499 1.21758 1.17156
1.53386 1.21935 1.16796
1.53363 1.22415 1.16972
1.53467 1.22248 1.17312
1.53257 1.22581 1.16632
1.53444 1.2243 1.16942
1.53417 1.22909 1.17118
1.53245 1.23053 1.16825
1.53444 1.2243 1.16942
1.5361 1.22273 1.17262
1.5357 1.22762 1.1742
1.53417 1.22909 1.17118
1.5361 1.22273 1.17262
1.53752 1.22112 1.17591
1.537 1.2261 1.1773
1.5357 1.22762 1.1742
1.53752 1.22112 1.17591
1.5386 1.21946 1.1793
1.53799 1.22453 1.18049
1.537 1.2261 1.1773
1.5386 1.21946 1.1793
1.53902 1.21774 1.1828
1.53835 1.22292 1.18379
1.53799 1.22453 1.18049
1.53902 1.21774 1.1828
1.53756 1.21746 1.18338
1.53698 1.22266 1.18432
1.53835 1.22292 1.18379
1.53756 1.21746 1.18338
1.53658 1.21913 1.17996
1.5361 1.22424 1.1811
1.53698 1.22266 1.18432
1.53658 1.21913 1.17996
1.53565 1.22081 1.17654
1.53526 1.22582 1.17787
1.5361 1.22424 1.1811
1.53565 1.22081 1.17654
1.53467 1.22248 1.17312
1.53437 1.22739 1.17466
1.53526 1.22582 1.17787
1.53467 1.22248 1.17312
1.53363 1.22415 1.16972
1.53342 1.22896 1.17145
1.53437 1.22739 1.17466
1.53245 1.23053 1.16825
1.53417 1.22909 1.17118
1.53392 1.2339 1.17293
1.53233 1.23525 1.17018
1.53417 1.22909 1.17118
1.5357 1.22762 1.1742
1.53532 1.23251 1.17577
1.53392 1.2339 1.17293
1.5357 1.22762 1.1742
1.537 1.2261 1.1773
1.53651 1.23109 1.17868
1.53532 1.23251 1.17577
1.537 1.2261 1.1773
1.53799 1.22453 1.18049
1.5374 1.22962 1.18167
1.53651 1.23109 1.17868
1.53799 1.22453 1.18049
1.53835 1.22292 1.18379
1.53771 1.22811 1.18475
1.5374 1.22962 1.18167
1.53835 1.22292 1.18379
1.53698 1.22266 1.18432
1.53643 1.22787 1.18524
1.53771 1.22811 1.18475
1.53698 1.22266 1.18432
1.5361 1.22424 1.1811
1.53564 1.22935 1.18222
1.53643 1.22787 1.18524
1.5361 1.22424 1.1811
1.53526 1.22582 1.17787
1.53488 1.23083 1.1792
1.53564 1.22935 1.18222
1.53526 1.22582 1.17787
1.53437 1.22739 1.17466
1.53408 1.23231 1.17618
1.53488 1.23083 1.1792
1.53437 1.22739 1.17466
1.53342 1.22896 1.17145
1.53322 1.23378 1.17318
1.53408 1.23231 1.17618
1.53233 1.23525 1.17018
1.53392 1.2339 1.17293
1.53368 1.23871 1.17467
1.53223 1.23997 1.17209
1.53392 1.2339 1.17293
1.53532 1.23251 1.17577
1.53495 1.23741 1.17732
1.53368 1.23871 1.17467
1.53532 1.23251 1.17577
1.53651 1.23109 1.17868
1.53604 1.23608 1.18004
1.53495 1.23741 1.17732
1.53651 1.23109 1.17868
1.5374 1.22962 1.18167
1.53684 1.23471 1.18284
1.53604 1.23608 1.18004
1.5374 1.22962 1.18167
1.53771 1.22811 1.18475
1.53711 1.2333 1.18571
1.53684 1.23471 1.18284
1.53771 1.22811 1.18475
1.53643 1.22787 1.18524
1.53592 1.23309 1.18615
1.53711 1.2333 1.18571
1.53643 1.22787 1.18524
1.53564 1.22935 1.18222
1.53521 1.23446 1.18333
1.53592 1.23309 1.18615
1.53564 1.22935 1.18222
1.53488 1.23083 1.1792
1.53453 1.23585 1.18051
1.53521 1.23446 1.18333
1.53488 1.23083 1.1792
1.53408 1.23231 1.17618
1.5338 1.23723 1.1777
1.53453 1.23585 1.18051
1.53408 1.23231 1.17618
1.53322 1.23378 1.17318
1.53303 1.2386 1.17489
1.5338 1.23723 1.1777
1.53223 1.23997 1.17209
1.53368 1.23871 1.17467
1.53345 1.24352 1.1764
1.53212 1.2447 1.174
1.53368 1.23871 1.17467
1.53495 1.23741 1.17732
1.53461 1.24231 1.17887
1.53345 1.24352 1.1764
1.53495 1.23741 1.17732
1.53604 1.23608 1.18004
1.53559 1.24107 1.1814
1.53461 1.24231 1.17887
1.53604 1.23608 1.18004
1.53684 1.23471 1.18284
1.53632 1.2398 1.184
1.53559 1.24107 1.1814
1.53684 1.23471 1.18284
1.53711 1.2333 1.18571
1.53654 1.23849 1.18667
1.53632 1.2398 1.184
1.53711 1.2333 1.18571
1.53592 1.23309 1.18615
1.53544 1.2383 1.18707
1.53654 1.23849 1.18667
1.53592 1.23309 1.18615
1.53521 1.23446 1.18333
1.5348 1.23958 1.18445
1.53544 1.2383 1.18707
1.53521 1.23446 1.18333
1.53453 1.23585 1.18051
1.53419 1.24087 1.18183
1.5348 1.23958 1.18445
1.53453 1.23585 1.18051
1.5338 1.23723 1.1777
1.53354 1.24215 1.17921
1.53419 1.24087 1.18183
1.5338 1.23723 1.1777
1.53303 1.2386 1.17489
1.53285 1.24342 1.1766
1.53354 1.24215 1.17921
1.53212 1.2447 1.174
1.53345 1.24352 1.1764
1.53323 1.24834 1.17813
1.53202 1.24943 1.1759
1.53345 1.24352 1.1764
1.53461 1.24231 1.17887
1.53429 1.24722 1.18042
1.53323 1.24834 1.17813
1.53461 1.24231 1.17887
1.53559 1.24107 1.1814
1.53518 1.24607 1.18277
1.53429 1.24722 1.18042
1.53559 1.24107 1.1814
1.53632 1.2398 1.184
1.53583 1.24489 1.18518
1.53518 1.24607 1.18277
1.53632 1.2398 1.184
1.53654 1.23849 1.18667
1.53602 1.24368 1.18765
1.53583 1.24489 1.18518
1.53654 1.23849 1.18667
1.53544 1.2383 1.18707
1.53499 1.2435 1.18801
1.53602 1.24368 1.18765
1.53544 1.2383 1.18707
1.5348 1.23958 1.18445
1.53442 1.24469 1.18558
1.53499 1.2435 1.18801
1.5348 1.23958 1.18445
1.53419 1.24087 1.18183
1.53388 1.24588 1.18315
1.53442 1.24469 1.18558
1.53419 1.24087 1.18183
1.53354 1.24215 1.17921
1.5333 1.24707 1.18073
1.53388 1.24588 1.18315
1.53354 1.24215 1.17921
1.53285 1.24342 1.1766
1.53267 1.24825 1.17831
1.5333 1.24707 1.18073
1.53202 1.24943 1.1759
1.53323 1.24834 1.17813
1.53303 1.25316 1.17986
1.53193 1.25417 1.17779
1.53323 1.24834 1.17813
1.53429 1.24722 1.18042
1.53399 1.25212 1.18198
1.53303 1.25316 1.17986
1.53429 1.24722 1.18042
1.53518 1.24607 1.18277
1.53479 1.25105 1.18415
1.53399 1.25212 1.18198
1.53518 1.24607 1.18277
1.53583 1.24489 1.18518
1.53537 1.24996 1.18637
1.53479 1.25105 1.18415
1.53583 1.24489 1.18518
1.53602 1.24368 1.18765
1.53553 1.24885 1.18865
1.53537 1.24996 1.18637
1.53602 1.24368 1.18765
1.53499 1.2435 1.18801
1.53458 1.24869 1.18898
1.53553 1.24885 1.18865
1.53499 1.2435 1.18801
1.53442 1.24469 1.18558
1.53407 1.24978 1.18674
1.53458 1.24869 1.18898
1.53442 1.24469 1.18558
1.53388 1.24588 1.18315
1.53359 1.25088 1.18449
1.53407 1.24978 1.18674
1.53388 1.24588 1.18315
1.5333 1.24707 1.18073
1.53307 1.25198 1.18225
1.53359 1.25088 1.18449
1.5333 1.24707 1.18073
1.53267 1.24825 1.17831
1.53251 1.25308 1.18002
1.53307 1.25198 1.18225
1.53193 1.25417 1.17779
1.53303 1.25316 1.17986
1.53284 1.25797 1.18158
1.53184 1.2589 1.17968
1.53303 1.25316 1.17986
1.53399 1.25212 1.18198
1.5337 1.25701 1.18354
1.53284 1.25797 1.18158
1.53399 1.25212 1.18198
1.53479 1.25105 1.18415
1.53443 1.25603 1.18555
1.5337 1.25701 1.18354
1.53479 1.25105 1.18415
1.53537 1.24996 1.18637
1.53495 1.25502 1.1876
1.53443 1.25603 1.18555
1.53537 1.24996 1.18637
1.53553 1.24885 1.18865
1.53508 1.25399 1.1897
1.53495 1.25502 1.1876
1.53553 1.24885 1.18865
1.53458 1.24869 1.18898
1.53421 1.25385 1.19
1.53508 1.25399 1.1897
1.53458 1.24869 1.18898
1.53407 1.24978 1.18674
1.53375 1.25486 1.18793
1.53421 1.25385 1.19
1.53407 1.24978 1.18674
1.53359 1.25088 1.18449
1.53332 1.25587 1.18586
1.53375 1.25486 1.18793
1.53359 1.25088 1.18449
1.53307 1.25198 1.18225
1.53286 1.25689 1.18379
1.53332 1.25587 1.18586
1.53307 1.25198 1.18225
1.53251 1.25308 1.18002
1.53236 1.2579 1.18173
1.53286 1.25689 1.18379
1.53184 1.2589 1.17968
1.53284 1.25797 1.18158
1.53266 1.26258 1.18324
1.53175 1.26344 1.18148
1.53284 1.25797 1.18158
1.5337 1.25701 1.18354
1.53346 1.26169 1.18506
1.53266 1.26258 1.18324
1.5337 1.25701 1.18354
1.53443 1.25603 1.18555
1.53411 1.26078 1.18691
1.53346 1.26169 1.18506
1.53443 1.25603 1.18555
1.53495 1.25502 1.1876
1.53458 1.25985 1.18881
1.53411 1.26078 1.18691
1.53495 1.25502 1.1876
1.53508 1.25399 1.1897
1.53469 1.2589 1.19075
1.53458 1.25985 1.18881
1.53508 1.25399 1.1897
1.53421 1.25385 1.19
1.53388 1.25877 1.19102
1.53469 1.2589 1.19075
1.53421 1.25385 1.19
1.53375 1.25486 1.18793
1.53347 1.2597 1.18911
1.53388 1.25877 1.19102
1.53375 1.25486 1.18793
1.53332 1.25587 1.18586
1.53309 1.26064 1.18719
1.53347 1.2597 1.18911
1.53332 1.25587 1.18586
1.53286 1.25689 1.18379
1.53267 1.26158 1.18528
1.53309 1.26064 1.18719
1.53286 1.25689 1.18379
1.53236 1.2579 1.18173
1.53222 1.26251 1.18338
1.53267 1.26158 1.18528
1.53175 1.26344 1.18148
1.53266 1.26258 1.18324
1.53263 1.26369 1.18365
1.53173 1.26454 1.18191
1.53266 1.26258 1.18324
1.53346 1.26169 1.18506
1.5334 1.26282 1.18543
1.53263 1.26369 1.18365
1.53346 1.26169 1.18506
1.53411 1.26078 1.18691
1.53404 1.26193 1.18725
1.5334 1.26282 1.18543
1.53411 1.26078 1.18691
1.53458 1.25985 1.18881
1.5345 1.26102 1.18911
1.53404 1.26193 1.18725
1.53458 1.25985 1.18881
1.53469 1.2589 1.19075
1.5346 1.26008 1.19101
1.5345 1.26102 1.18911
1.53469 1.2589 1.19075
1.53388 1.25877 1.19102
1.5338 1.25995 1.19128
1.5346 1.26008 1.19101
1.53388 1.25877 1.19102
1.53347 1.2597 1.18911
1.53341 1.26087 1.1894
1.5338 1.25995 1.19128
1.53347 1.2597 1.18911
1.53309 1.26064 1.18719
1.53303 1.26179 1.18752
1.53341 1.26087 1.1894
1.53309 1.26064 1.18719
1.53267 1.26158 1.18528
1.53263 1.26271 1.18565
1.53303 1.26179 1.18752
1.53267 1.26158 1.18528
1.53222 1.26251 1.18338
1.53219 1.26363 1.18378
1.53263 1.26271 1.18565
1.53173 1.26454 1.18191
1.53263 1.26369 1.18365
1.53259 1.26461 1.18397
1.53172 1.26544 1.18226
1.53263 1.26369 1.18365
1.5334 1.26282 1.18543
1.53335 1.26375 1.18572
1.53259 1.26461 1.18397
1.5334 1.26282 1.18543
1.53404 1.26193 1.18725
1.53398 1.26287 1.18752
1.53335 1.26375 1.18572
1.53404 1.26193 1.18725
1.5345 1.26102 1.18911
1.53443 1.26197 1.18935
1.53398 1.26287 1.18752
1.5345 1.26102 1.18911
1.5346 1.26008 1.19101
1.53453 1.26105 1.19123
1.53443 1.26197 1.18935
1.5346 1.26008 1.19101
1.5338 1.25995 1.19128
1.53374 1.26092 1.19149
1.53453 1.26105 1.19123
1.5338 1.25995 1.19128
1.53341 1.26087 1.1894
1.53335 1.26183 1.18964
1.53374 1.26092 1.19149
1.53341 1.26087 1.1894
1.53303 1.26179 1.18752
1.53299 1.26274 1.18779
1.53335 1.26183 1.18964
1.53303 1.26179 1.18752
1.53263 1.26271 1.18565
1.53259 1.26364 1.18594
1.53299 1.26274 1.18779
1.53263 1.26271 1.18565
1.53219 1.26363 1.18378
1.53216 1.26454 1.1841
1.53259 1.26364 1.18594
1.53172 1.26544 1.18226
1.53259 1.26461 1.18397
1.53254 1.26555 1.18422
1.53168 1.26637 1.18256
1.53259 1.26461 1.18397
1.53335 1.26375 1.18572
1.53328 1.26471 1.18593
1.53254 1.26555 1.18422
1.53335 1.26375 1.18572
1.53398 1.26287 1.18752
1.53389 1.26386 1.18768
1.53328 1.26471 1.18593
1.53398 1.26287 1.18752
1.53443 1.26197 1.18935
1.53433 1.26298 1.18948
1.53389 1.26386 1.18768
1.53443 1.26197 1.18935
1.53453 1.26105 1.19123
1.53442 1.26208 1.1913
1.53433 1.26298 1.18948
1.53453 1.26105 1.19123
1.53374 1.26092 1.19149
1.53365 1.26196 1.19156
1.53442 1.26208 1.1913
1.53374 1.26092 1.19149
1.53335 1.26183 1.18964
1.53327 1.26284 1.18976
1.53365 1.26196 1.19156
1.53335 1.26183 1.18964
1.53299 1.26274 1.18779
1.53292 1.26373 1.18795
1.53327 1.26284 1.18976
1.53299 1.26274 1.18779
1.53259 1.26364 1.18594
1.53253 1.26461 1.18615
1.53292 1.26373 1.18795
1.53259 1.26364 1.18594
1.53216 1.26454 1.1841
1.53212 1.26549 1.18435
1.53253 1.26461 1.18615
1.53168 1.26637 1.18256
1.53254 1.26555 1.18422
1.53245 1.26655 1.18437
1.53163 1.26734 1.18276
1.53254 1.26555 1.18422
1.53328 1.26471 1.18593
1.53316 1.26574 1.18602
1.53245 1.26655 1.18437
1.53328 1.26471 1.18593
1.53389 1.26386 1.18768
1.53375 1.26492 1.1877
1.53316 1.26574 1.18602
1.53389 1.26386 1.18768
1.53433 1.26298 1.18948
1.53417 1.26407 1.18943
1.53375 1.26492 1.1877
1.53433 1.26298 1.18948
1.53442 1.26208 1.1913
1.53426 1.26321 1.19119
1.53417 1.26407 1.18943
1.53442 1.26208 1.1913
1.53365 1.26196 1.19156
1.53352 1.26309 1.19144
1.53426 1.26321 1.19119
1.53365 1.26196 1.19156
1.53327 1.26284 1.18976
1.53316 1.26394 1.1897
1.53352 1.26309 1.19144
1.53327 1.26284 1.18976
1.53292 1.26373 1.18795
1.53281 1.26479 1.18796
1.53316 1.26394 1.1897
1.53292 1.26373 1.18795
1.53253 1.26461 1.18615
1.53245 1.26564 1.18622
1.53281 1.26479 1.18796
1.53253 1.26461 1.18615
1.53212 1.26549 1.18435
1.53205 1.26649 1.18449
1.53245 1.26564 1.18622
1.53163 1.26734 1.18276
1.53245 1.26655 1.18437
1.53233 1.26761 1.18439
1.53156 1.26836 1.18287
1.53245 1.26655 1.18437
1.53316 1.26574 1.18602
1.533 1.26685 1.18595
1.53233 1.26761 1.18439
1.53316 1.26574 1.18602
1.53375 1.26492 1.1877
1.53356 1.26607 1.18755
1.533 1.26685 1.18595
1.53375 1.26492 1.1877
1.53417 1.26407 1.18943
1.53395 1.26526 1.18918
1.53356 1.26607 1.18755
1.53417 1.26407 1.18943
1.53426 1.26321 1.19119
1.53403 1.26445 1.19085
1.53395 1.26526 1.18918
1.53426 1.26321 1.19119
1.53352 1.26309 1.19144
1.53333 1.26433 1.19109
1.53403 1.26445 1.19085
1.53352 1.26309 1.19144
1.53316 1.26394 1.1897
1.53299 1.26514 1.18944
1.53333 1.26433 1.19109
1.53316 1.26394 1.1897
1.53281 1.26479 1.18796
1.53267 1.26595 1.18779
1.53299 1.26514 1.18944
1.53281 1.26479 1.18796
1.53245 1.26564 1.18622
1.53232 1.26675 1.18614
1.53267 1.26595 1.18779
1.53245 1.26564 1.18622
1.53205 1.26649 1.18449
1.53195 1.26756 1.1845
1.53232 1.26675 1.18614
1.53156 1.26836 1.18287
1.53233 1.26761 1.18439
1.53217 1.26875 1.18425
1.53145 1.26944 1.18284
1.53233 1.26761 1.18439
1.533 1.26685 1.18595
1.53278 1.26804 1.1857
1.53217 1.26875 1.18425
1.533 1.26685 1.18595
1.53356 1.26607 1.18755
1.5333 1.26732 1.18718
1.53278 1.26804 1.1857
1.53356 1.26607 1.18755
1.53395 1.26526 1.18918
1.53366 1.26658 1.18869
1.5333 1.26732 1.18718
1.53395 1.26526 1.18918
1.53403 1.26445 1.19085
1.53373 1.26582 1.19024
1.53366 1.26658 1.18869
1.53403 1.26445 1.19085
1.53333 1.26433 1.19109
1.53308 1.26572 1.19045
1.53373 1.26582 1.19024
1.53333 1.26433 1.19109
1.53299 1.26514 1.18944
1.53277 1.26646 1.18893
1.53308 1.26572 1.19045
1.53299 1.26514 1.18944
1.53267 1.26595 1.18779
1.53247 1.26721 1.1874
1.53277 1.26646 1.18893
1.53267 1.26595 1.18779
1.53232 1.26675 1.18614
1.53216 1.26796 1.18588
1.53247 1.26721 1.1874
1.53232 1.26675 1.18614
1.53195 1.26756 1.1845
1.53181 1.2687 1.18436
1.53216 1.26796 1.18588
1.53145 1.26944 1.18284
1.53217 1.26875 1.18425
1.53194 1.27 1.1839
1.5313 1.27061 1.18265
1.53217 1.26875 1.18425
1.53278 1.26804 1.1857
1.53249 1.26936 1.18519
1.53194 1.27 1.1839
1.53278 1.26804 1.1857
1.5333 1.26732 1.18718
1.53294 1.26872 1.18651
1.53249 1.26936 1.18519
1.5333 1.26732 1.18718
1.53366 1.26658 1.18869
1.53326 1.26806 1.18786
1.53294 1.26872 1.18651
1.53366 1.26658 1.18869
1.53373 1.26582 1.19024
1.53333 1.26739 1.18923
1.53326 1.26806 1.18786
1.53373 1.26582 1.19024
1.53308 1.26572 1.19045
1.53275 1.26729 1.18942
1.53333 1.26739 1.18923
1.53308 1.26572 1.19045
1.53277 1.26646 1.18893
1.53247 1.26796 1.18807
1.53275 1.26729 1.18942
1.53277 1.26646 1.18893
1.53247 1.26721 1.1874
1.53221 1.26862 1.18671
1.53247 1.26796 1.18807
1.53247 1.26721 1.1874
1.53216 1.26796 1.18588
1.53193 1.26929 1.18535
1.53221 1.26862 1.18671
1.53216 1.26796 1.18588
1.53181 1.2687 1.18436
1.53162 1.26995 1.184
1.53193 1.26929 1.18535
1.5313 1.27061 1.18265
1.53194 1.27 1.1839
1.5316 1.27143 1.18316
1.53108 1.27193 1.18213
1.53194 1.27 1.1839
1.53249 1.26936 1.18519
1.53205 1.27091 1.18422
1.5316 1.27143 1.18316
1.53249 1.26936 1.18519
1.53294 1.26872 1.18651
1.53242 1.27038 1.18529
1.53205 1.27091 1.18422
1.53294 1.26872 1.18651
1.53326 1.26806 1.18786
1.53268 1.26984 1.1864
1.53242 1.27038 1.18529
1.53326 1.26806 1.18786
1.53333 1.26739 1.18923
1.53273 1.26929 1.18752
1.53268 1.26984 1.1864
1.53333 1.26739 1.18923
1.53275 1.26729 1.18942
1.53226 1.26922 1.18768
1.53273 1.26929 1.18752
1.53275 1.26729 1.18942
1.53247 1.26796 1.18807
1.53203 1.26976 1.18657
1.53226 1.26922 1.18768
1.53247 1.26796 1.18807
1.53221 1.26862 1.18671
1.53182 1.2703 1.18546
1.53203 1.26976 1.18657
1.53221 1.26862 1.18671
1.53193 1.26929 1.18535
1.53159 1.27085 1.18435
1.53182 1.2703 1.18546
1.53193 1.26929 1.18535
1.53162 1.26995 1.184
1.53134 1.27139 1.18324
1.53159 1.27085 1.18435
1.53108 1.27193 1.18213
1.5316 1.27143 1.18316
1.53093 1.27343 1.18127
1.53064 1.27371 1.18069
1.5316 1.27143 1.18316
1.53205 1.27091 1.18422
1.53118 1.27314 1.18186
1.53093 1.27343 1.18127
1.53205 1.27091 1.18422
1.53242 1.27038 1.18529
1.53139 1.27284 1.18247
1.53118 1.27314 1.18186
1.53242 1.27038 1.18529
1.53268 1.26984 1.1864
1.53154 1.27253 1.18309
1.53139 1.27284 1.18247
1.53268 1.26984 1.1864
1.53273 1.26929 1.18752
1.53156 1.27222 1.18373
1.53154 1.27253 1.18309
1.53273 1.26929 1.18752
1.53226 1.26922 1.18768
1.5313 1.27218 1.18382
1.53156 1.27222 1.18373
1.53226 1.26922 1.18768
1.53203 1.26976 1.18657
1.53117 1.27249 1.18319
1.5313 1.27218 1.18382
1.53203 1.26976 1.18657
1.53182 1.2703 1.18546
1.53105 1.27279 1.18256
1.53117 1.27249 1.18319
1.53182 1.2703 1.18546
1.53159 1.27085 1.18435
1.53092 1.2731 1.18194
1.53105 1.27279 1.18256
1.53159 1.27085 1.18435
1.53134 1.27139 1.18324
1.53078 1.27341 1.18131
1.53092 1.2731 1.18194
1.53064 1.27371 1.18069
1.53093 1.27343 1.18127
1.53018 1.27549 1.17904
1.53014 1.27552 1.17896
1.53093 1.27343 1.18127
1.53118 1.27314 1.18186
1.53021 1.27545 1.17912
1.53018 1.27549 1.17904
1.53118 1.27314 1.18186
1.53139 1.27284 1.18247
1.53024 1.27541 1.1792
1.53021 1.27545 1.17912
1.53139 1.27284 1.18247
1.53154 1.27253 1.18309
1.53026 1.27537 1.17928
1.53024 1.27541 1.1792
1.53154 1.27253 1.18309
1.53156 1.27222 1.18373
1.53026 1.27533 1.17936
1.53026 1.27537 1.17928
1.53156 1.27222 1.18373
1.5313 1.27218 1.18382
1.53023 1.27532 1.17937
1.53026 1.27533 1.17936
1.5313 1.27218 1.18382
1.53117 1.27249 1.18319
1.53021 1.27536 1.17929
1.53023 1.27532 1.17937
1.53117 1.27249 1.18319
1.53105 1.27279 1.18256
1.53019 1.2754 1.17921
1.53021 1.27536 1.17929
1.53105 1.27279 1.18256
1.53092 1.2731 1.18194
1.53018 1.27544 1.17913
1.53019 1.2754 1.17921
1.53092 1.2731 1.18194
1.53078 1.27341 1.18131
1.53016 1.27548 1.17904
1.53018 1.27544 1.17913
1.53986 1.12526 1.12194
1.53634 1.12657 1.11928
1.53631 1.12931 1.12085
1.53988 1.12792 1.12369
1.53988 1.12792 1.12369
1.53631 1.12931 1.12085
1.5362 1.13365 1.12331
1.53982 1.13212 1.12643
1.53982 1.13212 1.12643
1.5362 1.13365 1.12331
1.53601 1.1381 1.12579
1.53961 1.13641 1.12922
1.53961 1.13641 1.12922
1.53601 1.1381 1.12579
1.53577 1.14257 1.12822
1.53932 1.14074 1.13195
1.53932 1.14074 1.13195
1.53577 1.14257 1.12822
1.53553 1.14706 1.1306
1.539 1.14512 1.13458
1.539 1.14512 1.13458
1.53553 1.14706 1.1306
1.53529 1.15159 1.13293
1.53867 1.14953 1.13712
1.53867 1.14953 1.13712
1.53529 1.15159 1.13293
1.53506 1.15612 1.13522
1.53832 1.15399 1.13958
1.53832 1.15399 1.13958
1.53506 1.15612 1.13522
1.53484 1.16068 1.13747
1.53796 1.15848 1.14197
1.53796 1.15848 1.14197
1.53484 1.16068 1.13747
1.53463 1.16526 1.13969
1.5376 1.16301 1.14428
1.5376 1.16301 1.14428
1.53463 1.16526 1.13969
1.53443 1.16985 1.14187
1.53724 1.16757 1.14653
1.53724 1.16757 1.14653
1.53443 1.16985 1.14187
1.53423 1.17446 1.14402
1.53688 1.17216 1.14871
1.53688 1.17216 1.14871
1.53423 1.17446 1.14402
1.53405 1.17908 1.14615
1.53653 1.17678 1.15084
1.53653 1.17678 1.15084
1.53405 1.17908 1.14615
1.53387 1.18371 1.14825
1.53619 1.18143 1.15291
1.53619 1.18143 1.15291
1.53387 1.18371 1.14825
1.5337 1.18835 1.15033
1.53585 1.1861 1.15492
1.53585 1.1861 1.15492
1.5337 1.18835 1.15033
1.53354 1.19301 1.15239
1.53553 1.1908 1.15689
1.53553 1.1908 1.15689
1.53354 1.19301 1.15239
1.53338 1.19767 1.15443
1.53522 1.19552 1.15882
1.53522 1.19552 1.15882
1.53338 1.19767 1.15443
1.53323 1.20234 1.15645
1.53492 1.20025 1.16071
1.53492 1.20025 1.16071
1.53323 1.20234 1.15645
1.53309 1.20702 1.15845
1.53463 1.20501 1.16257
1.53463 1.20501 1.16257
1.53309 1.20702 1.15845
1.53295 1.21171 1.16044
1.53435 1.20977 1.16439
1.53435 1.20977 1.16439
1.53295 1.21171 1.16044
1.53282 1.21641 1.16242
1.53409 1.21455 1.16619
1.53409 1.21455 1.16619
1.53282 1.21641 1.16242
1.53269 1.22111 1.16437
1.53386 1.21935 1.16796
1.53386 1.21935 1.16796
1.53269 1.22111 1.16437
1.53257 1.22581 1.16632
1.53363 1.22415 1.16972
1.53363 1.22415 1.16972
1.53257 1.22581 1.16632
1.53245 1.23053 1.16825
1.53342 1.22896 1.17145
1.53342 1.22896 1.17145
1.53245 1.23053 1.16825
1.53233 1.23525 1.17018
1.53322 1.23378 1.17318
1.53322 1.23378 1.17318
1.53233 1.23525 1.17018
1.53223 1.23997 1.17209
1.53303 1.2386 1.17489
1.53303 1.2386 1.17489
1.53223 1.23997 1.17209
1.53212 1.2447 1.174
1.53285 1.24342 1.1766
1.53285 1.24342 1.1766
1.53212 1.2447 1.174
1.53202 1.24943 1.1759
1.53267 1.24825 1.17831
1.53267 1.24825 1.17831
1.53202 1.24943 1.1759
1.53193 1.25417 1.17779
1.53251 1.25308 1.18002
1.53251 1.25308 1.18002
1.53193 1.25417 1.17779
1.53184 1.2589 1.17968
1.53236 1.2579 1.18173
1.53236 1.2579 1.18173
1.53184 1.2589 1.17968
1.53175 1.26344 1.18148
1.53222 1.26251 1.18338
1.53222 1.26251 1.18338
1.53175 1.26344 1.18148
1.53173 1.26454 1.18191
1.53219 1.26363 1.18378
1.53219 1.26363 1.18378
1.53173 1.26454 1.18191
1.53172 1.26544 1.18226
1.53216 1.26454 1.1841
1.53216 1.26454 1.1841
1.53172 1.26544 1.18226
1.53168 1.26637 1.18256
1.53212 1.26549 1.18435
1.53212 1.26549 1.18435
1.53168 1.26637 1.18256
1.53163 1.26734 1.18276
1.53205 1.26649 1.18449
1.53205 1.26649 1.18449
1.53163 1.26734 1.18276
1.53156 1.26836 1.18287
1.53195 1.26756 1.1845
1.53195 1.26756 1.1845
1.53156 1.26836 1.18287
1.53145 1.26944 1.18284
1.53181 1.2687 1.18436
1.53181 1.2687 1.18436
1.53145 1.26944 1.18284
1.5313 1.27061 1.18265
1.53162 1.26995 1.184
1.53162 1.26995 1.184
1.5313 1.27061 1.18265
1.53108 1.27193 1.18213
1.53134 1.27139 1.18324
1.53134 1.27139 1.18324
1.53108 1.27193 1.18213
1.53064 1.27371 1.18069
1.53078 1.27341 1.18131
1.53078 1.27341 1.18131
1.53064 1.27371 1.18069
1.53014 1.27552 1.17896
1.53016 1.27548 1.17904
1.5319 1.1008 1.1026
1.5319 1.1008 1.1026
1.5319 1.1008 1.1026
1.5319 1.1008 1.1026
1.5319 1.1008 1.1026
1.5319 1.1008 1.1026
1.5319 1.1008 1.1026
1.5319 1.1008 1.1026
1.5319 1.1008 1.1026
1.5319 1.1008 1.1026
1.5319 1.1008 1.1026
1.5319 1.1008 1.1026
1.5319 1.1008 1.1026
1.5319 1.1008 1.1026
1.5319 1.1008 1.1026
1.5319 1.1008 1.1026
1.5319 1.1008 1.1026
1.5319 1.1008 1.1026
1.5319 1.1008 1.1026
1.5319 1.1008 1.1026
1.5319 1.1008 1.1026
1.5319 1.1008 1.1026
1.5319 1.1008 1.1026
1.5319 1.1008 1.1026
1.5319 1.1008 1.1026
1.5319 1.1008 1.1026
1.5319 1.1008 1.1026
1.5319 1.1008 1.1026
1.5319 1.1008 1.1026
1.5319 1.1008 1.1026
1.5319 1.1008 1.1026
1.5319 1.1008 1.1026
1.5319 1.1008 1.1026
1.5319 1.1008 1.1026
1.5319 1.1008 1.1026
1.5319 1.1008 1.1026
1.5319 1.1008 1.1026
1.5319 1.1008 1.1026
1.5319 1.1008 1.1026
1.5319 1.1008 1.1026
1.5319 1.1008 1.1026
1.5319 1.1008 1.1026
1.5319 1.1008 1.1026
1.5319 1.1008 1.1026
1.5319 1.1008 1.1026
1.5319 1.1008 1.1026
1.5319 1.1008 1.1026
1.5319 1.1008 1.1026
1.5319 1.1008 1.1026
1.5319 1.1008 1.1026
1.5319 1.1008 1.1026
1.5319 1.1008 1.1026
1.5319 1.1008 1.1026
1.5319 1.1008 1.1026
1.5319 1.1008 1.1026
1.5319 1.1008 1.1026
1.5319 1.1008 1.1026
1.5319 1.1008 1.1026
1.5319 1.1008 1.1026
1.5319 1.1008 1.1026
1.5319 1.1008 1.1026
1.5319 1.1008 1.1026
1.5319 1.1008 1.1026
1.5319 1.1008 1.1026
1.5319 1.1008 1.1026
1.5319 1.1008 1.1026
1.5319 1.1008 1.1026
1.5319 1.1008 1.1026
1.5319 1.1008 1.1026
1.5319 1.1008 1.1026
1.5319 1.1008 1.1026
1.5319 1.1008 1.1026
1.5319 1.1008 1.1026
1.5319 1.1008 1.1026
1.5319 1.1008 1.1026
1.5319 1.1008 1.1026
1.5319 1.1008 1.1026
1.5319 1.1008 1.1026
1.5319 1.1008 1.1026
1.5319 1.1008 1.1026
1.5319 1.1008 1.1026
1.5319 1.1008 1.1026
1.5319 1.1008 1.1026
1.5319 1.1008 1.1026
1.5319 1.1008 1.1026
1.5319 1.1008 1.1026
1.5319 1.1008 1.1026
1.5319 1.1008 1.1026
CELLS 924 4620
4 0 1 2 3
4 4 5 6 7
4 8 9 10 11
4 12 13 14 15
4 16 17 18 19
4 20 21 22 23
4 24 25 26 27
4 28 29 30 31
4 32 33 34 35
4 36 37 38 39
4 40 41 42 43
4 44 45 46 47
4 48 49 50 51
4 52 53 54 55
4 56 57 58 59
4 60 61 62 63
4 64 65 66 67
4 68 69 70 71
4 72 73 74 75
4 76 77 78 79
4 80 81 82 83
4 84 85 86 87
4 88 89 90 91
4 92 93 94 95
4 96 97 98 99
4 100 101 102 103
4 104 105 106 107
4 108 109 110 111
4 112 113 114 115
4 116 117 118 119
4 120 121 122 123
4 124 125 126 127
4 128 129 130 131
4 132 133 134 135
4 136 137 138 139
4 140 141 142 143
4 144 145 146 147
4 148 149 150 151
4 152 153 154 155
4 156 157 158 159
4 160 161 162 163
4 164 165 166 167
4 168 169 170 171
4 172 173 174 175
4 176 177 178 179
4 180 181 182 183
4 184 185 186 187
4 188 189 190 191
4 192 193 194 195
4 196 197 198 199
4 200 201 202 203
4 204 205 206 207
4 208 209 210 211
4 212 213 214 215
4 216 217 218 219
4 220 221 222 223
4 224 225 226 227
4 228 229 230 231
4 232 233 234 235
4 236 237 238 239
4 240 241 242 243
4 244 245 246 247
4 248 249 250 251
4 252 253 254 255
4 256 257 258 259
4 260 261 262 263
4 264 265 266 267
4 268 269 270 271
4 272 273 274 275
4 276 277 278 279
4 280 281 282 283
4 284 285 286 287
4 288 289 290 291
4 292 293 294 295
4 296 297 298 299
4 300 301 302 303
4 304 305 306 307
4 308 309 310 311
4 312 313 314 315
4 316 317 318 319
4 320 321 322 323
4 324 325 326 327
4 328 329 330 331
4 332 333 334 335
4 336 337 338 339
4 340 341 342 343
4 344 345 346 347
4 348 349 350 351
4 352 353 354 355
4 356 357 358 359
4 360 361 362 363
4 364 365 366 367
4 368 369 370 371
4 372 373 374 375
4 376 377 378 379
4 380 381 382 383
4 384 385 386 387
4 388 389 390 391
4 392 393 394 395
4 396 397 398 399
4 400 401 402 403
4 404 405 406 407
4 408 409 410 411
4 412 413 414 415
4 416 417 418 419
4 420 421 422 423
4 424 425 426 427
4 428 429 430 431
4 432 433 434 435
4 436 437 438 439
4 440 441 442 443
4 444 445 446 447
4 448 449 450 451
4 452 453 454 455
4 456 457 458 459
4 460 461 462 463
4 464 465 466 467
4 468 469 470 471
4 472 473 474 475
4 476 477 478 479
4 480 481 482 483
4 484 485 486 487
4 488 489 490 491
4 492 493 494 495
4 496 497 498 499
4 500 501 502 503
4 504 505 506 507
4 508 509 510 511
4 512 513 514 515
4 516 517 518 519
4 520 521 522 523
4 524 525 526 527
4 528 529 530 531
4 532 533 534 535
4 536 537 538 539
4 540 541 542 543
4 544 545 546 547
4 548 549 550 551
4 552 553 554 555
4 556 557 558 559
4 560 561 562 563
4 564 565 566 567
4 568 569 570 571
4 572 573 574 575
4 576 577 578 579
4 580 581 582 583
4 584 585 586 587
4 588 589 590 591
4 592 593 594 595
4 596 597 598 599
4 600 601 602 603
4 604 605 606 607
4 608 609 610 611
4 612 613 614 615
4 616 617 618 619
4 620 621 622 623
4 624 625 626 627
4 628 629 630 631
4 632 633 634 635
4 636 637 638 639
4 640 641 642 643
4 644 645 646 647
4 648 649 650 651
4 652 653 654 655
4 656 657 658 659
4 660 661 662 663
4 664 665 666 667
4 668 669 670 671
4 672 673 674 675
4 676 677 678 679
4 680 681 682 683
4 684 685 686 687
4 688 689 690 691
4 692 693 694 695
4 696 697 698 699
4 700 701 702 703
4 704 705 706 707
4 708 709 710 711
4 712 713 714 715
4 716 717 718 719
4 720 721 722 723
4 724 725 726 727
4 728 729 730 731
4 732 733 734 735
4 736 737 738 739
4 740 741 742 743
4 744 745 746 747
4 748 749 750 751
4 752 753 754 755
4 756 757 758 759
4 760 761 762 763
4 764 765 766 767
4 768 769 770 771
4 772 773 774 775
4 776 777 778 779
4 780 781 782 783
4 784 785 786 787
4 788 789 790 791
4 792 793 794 795
4 796 797 798 799
4 800 801 802 803
4 804 805 806 807
4 808 809 810 811
4 812 813 814 815
4 816 817 818 819
4 820 821 822 823
4 824 825 826 827
4 828 829 830 831
4 832 833 834 835
4 836 837 838 839
4 840 841 842 843
4 844 845 846 847
4 848 849 850 851
4 852 853 854 855
4 856 857 858 859
4 860 861 862 863
4 864 865 866 867
4 868 869 870 871
4 872 873 874 875
4 876 877 878 879
4 880 881 882 883
4 884 885 886 887
4 888 889 890 891
4 892 893 894 895
4 896 897 898 899
4 900 901 902 903
4 904 905 906 907
4 908 909 910 911
4 912 913 914 915
4 916 917 918 919
4 920 921 922 923
4 924 925 926 927
4 928 929 930 931
4 932 933 934 935
4 936 937 938 939
4 940 941 942 943
4 944 945 946 947
4 948 949 950 951
4 952 953 954 955
4 956 957 958 959
4 960 961 962 963
4 964 965 966 967
4 968 969 970 971
4 972 973 974 975
4 976 977 978 979
4 980 981 982 983
4 984 985 986 987
4 988 989 990 991
4 992 993 994 995
4 996 997 998 999
4 1000 1001 1002 1003
4 1004 1005 1006 1007
4 1008 1009 1010 1011
4 1012 1013 1014 1015
4 1016 1017 1018 1019
4 1020 1021 1022 1023
4 1024 1025 1026 1027
4 1028 1029 1030 1031
4 1032 1033 1034 1035
4 1036 1037 1038 1039
4 1040 1041 1042 1043
4 1044 1045 1046 1047
4 1048 1049 1050 1051
4 1052 1053 1054 1055
4 1056 1057 1058 1059
4 1060 1061 1062 1063
4 1064 1065 1066 1067
4 1068 1069 1070 1071
4 1072 1073 1074 1075
4 1076 1077 1078 1079
4 1080 1081 1082 1083
4 1084 1085 1086 1087
4 1088 1089 1090 1091
4 1092 1093 1094 1095
4 1096 1097 1098 1099
4 1100 1101 1102 1103
4 1104 1105 1106 1107
4 1108 1109 1110 1111
4 1112 1113 1114 1115
4 1116 1117 1118 1119
4 1120 1121 1122 1123
4 1124 1125 1126 1127
4 1128 1129 1130 1131
4 1132 1133 1134 1135
4 1136 1137 1138 1139
4 1140 1141 1142 1143
4 1144 1145 1146 1147
4 1148 1149 1150 1151
4 1152 1153 1154 1155
4 1156 1157 1158 1159
4 1160 1161 1162 1163
4 1164 1165 1166 1167
4 1168 1169 1170 1171
4 1172 1173 1174 1175
4 1176 1177 1178 1179
4 1180 1181 1182 1183
4 1184 1185 1186 1187
4 1188 1189 1190 1191
4 1192 1193 1194 1195
4 1196 1197 1198 1199
4 1200 1201 1202 1203
4 1204 1205 1206 1207
4 1208 1209 1210 1211
4 1212 1213 1214 1215
4 1216 1217 1218 1219
4 1220 1221 1222 1223
4 1224 1225 1226 1227
4 1228 1229 1230 1231
4 1232 1233 1234 1235
4 1236 1237 1238 1239
4 1240 1241 1242 1243
4 1244 1245 1246 1247
4 1248 1249 1250 1251
4 1252 1253 1254 1255
4 1256 1257 1258 1259
4 1260 1261 1262 1263
4 1264 1265 1266 1267
4 1268 1269 1270 1271
4 1272 1273 1274 1275
4 1276 1277 1278 1279
4 1280 1281 1282 1283
4 1284 1285 1286 1287
4 1288 1289 1290 1291
4 1292 1293 1294 1295
4 1296 1297 1298 1299
4 1300 1301 1302 1303
4 1304 1305 1306 1307
4 1308 1309 1310 1311
4 1312 1313 1314 1315
4 1316 1317 1318 1319
4 1320 1321 1322 1323
4 1324 1325 1326 1327
4 1328 1329 1330 1331
4 1332 1333 1334 1335
4 1336 1337 1338 1339
4 1340 1341 1342 1343
4 1344 1345 1346 1347
4 1348 1349 1350 1351
4 1352 1353 1354 1355
4 1356 1357 1358 1359
4 1360 1361 1362 1363
4 1364 1365 1366 1367
4 1368 1369 1370 1371
4 1372 1373 1374 1375
4 1376 1377 1378 1379
4 1380 1381 1382 1383
4 1384 1385 1386 1387
4 1388 1389 1390 1391
4 1392 1393 1394 1395
4 1396 1397 1398 1399
4 1400 1401 1402 1403
4 1404 1405 1406 1407
4 1408 1409 1410 1411
4 1412 1413 1414 1415
4 1416 1417 1418 1419
4 1420 1421 1422 1423
4 1424 1425 1426 1427
4 1428 1429 1430 1431
4 1432 1433 1434 1435
4 1436 1437 1438 1439
4 1440 1441 1442 1443
4 1444 1445 1446 1447
4 1448 1449 1450 1451
4 1452 1453 1454 1455
4 1456 1457 1458 1459
4 1460 1461 1462 1463
4 1464 1465 1466 1467
4 1468 1469 1470 1471
4 1472 1473 1474 1475
4 1476 1477 1478 1479
4 1480 1481 1482 1483
4 1484 1485 1486 1487
4 1488 1489 1490 1491
4 1492 1493 1494 1495
4 1496 1497 1498 1499
4 1500 1501 1502 1503
4 1504 1505 1506 1507
4 1508 1509 1510 1511
4 1512 1513 1514 1515
4 1516 1517 1518 1519
4 1520 1521 1522 1523
4 1524 1525 1526 1527
4 1528 1529 1530 1531
4 1532 1533 1534 1535
4 1536 1537 1538 1539
4 1540 1541 1542 1543
4 1544 1545 1546 1547
4 1548 1549 1550 1551
4 1552 1553 1554 1555
4 1556 1557 1558 1559
4 1560 1561 1562 1563
4 1564 1565 1566 1567
4 1568 1569 1570 1571
4 1572 1573 1574 1575
4 1576 1577 1578 1579
4 1580 1581 1582 1583
4 1584 1585 1586 1587
4 1588 1589 1590 1591
4 1592 1593 1594 1595
4 1596 1597 1598 1599
4 1600 1601 1602 1603
4 1604 1605 1606 1607
4 1608 1609 1610 1611
4 1612 1613 1614 1615
4 1616 1617 1618 1619
4 1620 1621 1622 1623
4 1624 1625 1626 1627
4 1628 1629 1630 1631
4 1632 1633 1634 1635
4 1636 1637 1638 1639
4 1640 1641 1642 1643
4 1644 1645 1646 1647
4 1648 1649 1650 1651
4 1652 1653 1654 1655
4 1656 1657 1658 1659
4 1660 1661 1662 1663
4 1664 1665 1666 1667
4 1668 1669 1670 1671
4 1672 1673 1674 1675
4 1676 1677 1678 1679
4 1680 1681 1682 1683
4 1684 1685 1686 1687
4 1688 1689 1690 1691
4 1692 1693 1694 1695
4 1696 1697 1698 1699
4 1700 1701 1702 1703
4 1704 1705 1706 1707
4 1708 1709 1710 1711
4 1712 1713 1714 1715
4 1716 1717 1718 1719
4 1720 1721 1722 1723
4 1724 1725 1726 1727
4 1728 1729 1730 1731
4 1732 1733 1734 1735
4 1736 1737 1738 1739
4 1740 1741 1742 1743
4 1744 1745 1746 1747
4 1748 1749 1750 1751
4 1752 1753 1754 1755
4 1756 1757 1758 1759
4 1760 1761 1762 1763
4 1764 1765 1766 1767
4 1768 1769 1770 1771
4 1772 1773 1774 1775
4 1776 1777 1778 1779
4 1780 1781 1782 1783
4 1784 1785 1786 1787
4 1788 1789 1790 1791
4 1792 1793 1794 1795
4 1796 1797 1798 1799
4 1800 1801 1802 1803
4 1804 1805 1806 1807
4 1808 1809 1810 1811
4 1812 1813 1814 1815
4 1816 1817 1818 1819
4 1820 1821 1822 1823
4 1824 1825 1826 1827
4 1828 1829 1830 1831
4 1832 1833 1834 1835
4 1836 1837 1838 1839
4 1840 1841 1842 1843
4 1844 1845 1846 1847
4 1848 1849 1850 1851
4 1852 1853 1854 1855
4 1856 1857 1858 1859
4 1860 1861 1862 1863
4 1864 1865 1866 1867
4 1868 1869 1870 1871
4 1872 1873 1874 1875
4 1876 1877 1878 1879
4 1880 1881 1882 1883
4 1884 1885 1886 1887
4 1888 1889 1890 1891
4 1892 1893 1894 1895
4 1896 1897 1898 1899
4 1900 1901 1902 1903
4 1904 1905 1906 1907
4 1908 1909 1910 1911
4 1912 1913 1914 1915
4 1916 1917 1918 1919
4 1920 1921 1922 1923
4 1924 1925 1926 1927
4 1928 1929 1930 1931
4 1932 1933 1934 1935
4 1936 1937 1938 1939
4 1940 1941 1942 1943
4 1944 1945 1946 1947
4 1948 1949 1950 1951
4 1952 1953 1954 1955
4 1956 1957 1958 1959
4 1960 1961 1962 1963
4 1964 1965 1966 1967
4 1968 1969 1970 1971
4 1972 1973 1974 1975
4 1976 1977 1978 1979
4 1980 1981 1982 1983
4 1984 1985 1986 1987
4 1988 1989 1990 1991
4 1992 1993 1994 1995
4 1996 1997 1998 1999
4 2000 2001 2002 2003
4 2004 2005 2006 2007
4 2008 2009 2010 2011
4 2012 2013 2014 2015
4 2016 2017 2018 2019
4 2020 2021 2022 2023
4 2024 2025 2026 2027
4 2028 2029 2030 2031
4 2032 2033 2034 2035
4 2036 2037 2038 2039
4 2040 2041 2042 2043
4 2044 2045 2046 2047
4 2048 2049 2050 2051
4 2052 2053 2054 2055
4 2056 2057 2058 2059
4 2060 2061 2062 2063
4 2064 2065 2066 2067
4 2068 2069 2070 2071
4 2072 2073 2074 2075
4 2076 2077 2078 2079
4 2080 2081 2082 2083
4 2084 2085 2086 2087
4 2088 2089 2090 2091
4 2092 2093 2094 2095
4 2096 2097 2098 2099
4 2100 2101 2102 2103
4 2104 2105 2106 2107
4 2108 2109 2110 2111
4 2112 2113 2114 2115
4 2116 2117 2118 2119
4 2120 2121 2122 2123
4 2124 2125 2126 2127
4 2128 2129 2130 2131
4 2132 2133 2134 2135
4 2136 2137 2138 2139
4 2140 2141 2142 2143
4 2144 2145 2146 2147
4 2148 2149 2150 2151
4 2152 2153 2154 2155
4 2156 2157 2158 2159
4 2160 2161 2162 2163
4 2164 2165 2166 2167
4 2168 2169 2170 2171
4 2172 2173 2174 2175
4 2176 2177 2178 2179
4 2180 2181 2182 2183
4 2184 2185 2186 2187
4 2188 2189 2190 2191
4 2192 2193 2194 2195
4 2196 2197 2198 2199
4 2200 2201 2202 2203
4 2204 2205 2206 2207
4 2208 2209 2210 2211
4 2212 2213 2214 2215
4 2216 2217 2218 2219
4 2220 2221 2222 2223
4 2224 2225 2226 2227
4 2228 2229 2230 2231
4 2232 2233 2234 2235
4 2236 2237 2238 2239
4 2240 2241 2242 2243
4 2244 2245 2246 2247
4 2248 2249 2250 2251
4 2252 2253 2254 2255
4 2256 2257 2258 2259
4 2260 2261 2262 2263
4 2264 2265 2266 2267
4 2268 2269 2270 2271
4 2272 2273 2274 2275
4 2276 2277 2278 2279
4 2280 2281 2282 2283
4 2284 2285 2286 2287
4 2288 2289 2290 2291
4 2292 2293 2294 2295
4 2296 2297 2298 2299
4 2300 2301 2302 2303
4 2304 2305 2306 2307
4 2308 2309 2310 2311
4 2312 2313 2314 2315
4 2316 2317 2318 2319
4 2320 2321 2322 2323
4 2324 2325 2326 2327
4 2328 2329 2330 2331
4 2332 2333 2334 2335
4 2336 2337 2338 2339
4 2340 2341 2342 2343
4 2344 2345 2346 2347
4 2348 2349 2350 2351
4 2352 2353 2354 2355
4 2356 2357 2358 2359
4 2360 2361 2362 2363
4 2364 2365 2366 2367
4 2368 2369 2370 2371
4 2372 2373 2374 2375
4 2376 2377 2378 2379
4 2380 2381 2382 2383
4 2384 2385 2386 2387
4 2388 2389 2390 2391
4 2392 2393 2394 2395
4 2396 2397 2398 2399
4 2400 2401 2402 2403
4 2404 2405 2406 2407
4 2408 2409 2410 2411
4 2412 2413 2414 2415
4 2416 2417 2418 2419
4 2420 2421 2422 2423
4 2424 2425 2426 2427
4 2428 2429 2430 2431
4 2432 2433 2434 2435
4 2436 2437 2438 2439
4 2440 2441 2442 2443
4 2444 2445 2446 2447
4 2448 2449 2450 2451
4 2452 2453 2454 2455
4 2456 2457 2458 2459
4 2460 2461 2462 2463
4 2464 2465 2466 2467
4 2468 2469 2470 2471
4 2472 2473 2474 2475
4 2476 2477 2478 2479
4 2480 2481 2482 2483
4 2484 2485 2486 2487
4 2488 2489 2490 2491
4 2492 2493 2494 2495
4 2496 2497 2498 2499
4 2500 2501 2502 2503
4 2504 2505 2506 2507
4 2508 2509 2510 2511
4 2512 2513 2514 2515
4 2516 2517 2518 2519
4 2520 2521 2522 2523
4 2524 2525 2526 2527
4 2528 2529 2530 2531
4 2532 2533 2534 2535
4 2536 2537 2538 2539
4 2540 2541 2542 2543
4 2544 2545 2546 2547
4 2548 2549 2550 2551
4 2552 2553 2554 2555
4 2556 2557 2558 2559
4 2560 2561 2562 2563
4 2564 2565 2566 2567
4 2568 2569 2570 2571
4 2572 2573 2574 2575
4 2576 2577 2578 2579
4 2580 2581 2582 2583
4 2584 2585 2586 2587
4 2588 2589 2590 2591
4 2592 2593 2594 2595
4 2596 2597 2598 2599
4 2600 2601 2602 2603
4 2604 2605 2606 2607
4 2608 2609 2610 2611
4 2612 2613 2614 2615
4 2616 2617 2618 2619
4 2620 2621 2622 2623
4 2624 2625 2626 2627
4 2628 2629 2630 2631
4 2632 2633 2634 2635
4 2636 2637 2638 2639
4 2640 2641 2642 2643
4 2644 2645 2646 2647
4 2648 2649 2650 2651
4 2652 2653 2654 2655
4 2656 2657 2658 2659
4 2660 2661 2662 2663
4 2664 2665 2666 2667
4 2668 2669 2670 2671
4 2672 2673 2674 2675
4 2676 2677 2678 2679
4 2680 2681 2682 2683
4 2684 2685 2686 2687
4 2688 2689 2690 2691
4 2692 2693 2694 2695
4 2696 2697 2698 2699
4 2700 2701 2702 2703
4 2704 2705 2706 2707
4 2708 2709 2710 2711
4 2712 2713 2714 2715
4 2716 2717 2718 2719
4 2720 2721 2722 2723
4 2724 2725 2726 2727
4 2728 2729 2730 2731
4 2732 2733 2734 2735
4 2736 2737 2738 2739
4 2740 2741 2742 2743
4 2744 2745 2746 2747
4 2748 2749 2750 2751
4 2752 2753 2754 2755
4 2756 2757 2758 2759
4 2760 2761 2762 2763
4 2764 2765 2766 2767
4 2768 2769 2770 2771
4 2772 2773 2774 2775
4 2776 2777 2778 2779
4 2780 2781 2782 2783
4 2784 2785 2786 2787
4 2788 2789 2790 2791
4 2792 2793 2794 2795
4 2796 2797 2798 2799
4 2800 2801 2802 2803
4 2804 2805 2806 2807
4 2808 2809 2810 2811
4 2812 2813 2814 2815
4 2816 2817 2818 2819
4 2820 2821 2822 2823
4 2824 2825 2826 2827
4 2828 2829 2830 2831
4 2832 2833 2834 2835
4 2836 2837 2838 2839
4 2840 2841 2842 2843
4 2844 2845 2846 2847
4 2848 2849 2850 2851
4 2852 2853 2854 2855
4 2856 2857 2858 2859
4 2860 2861 2862 2863
4 2864 2865 2866 2867
4 2868 2869 2870 2871
4 2872 2873 2874 2875
4 2876 2877 2878 2879
4 2880 2881 2882 2883
4 2884 2885 2886 2887
4 2888 2889 2890 2891
4 2892 2893 2894 2895
4 2896 2897 2898 2899
4 2900 2901 2902 2903
4 2904 2905 2906 2907
4 2908 2909 2910 2911
4 2912 2913 2914 2915
4 2916 2917 2918 2919
4 2920 2921 2922 2923
4 2924 2925 2926 2927
4 2928 2929 2930 2931
4 2932 2933 2934 2935
4 2936 2937 2938 2939
4 2940 2941 2942 2943
4 2944 2945 2946 2947
4 2948 2949 2950 2951
4 2952 2953 2954 2955
4 2956 2957 2958 2959
4 2960 2961 2962 2963
4 2964 2965 2966 2967
4 2968 2969 2970 2971
4 2972 2973 2974 2975
4 2976 2977 2978 2979
4 2980 2981 2982 2983
4 2984 2985 2986 2987
4 2988 2989 2990 2991
4 2992 2993 2994 2995
4 2996 2997 2998 2999
4 3000 3001 3002 3003
4 3004 3005 3006 3007
4 3008 3009 3010 3011
4 3012 3013 3014 3015
4 3016 3017 3018 3019
4 3020 3021 3022 3023
4 3024 3025 3026 3027
4 3028 3029 3030 3031
4 3032 3033 3034 3035
4 3036 3037 3038 3039
4 3040 3041 3042 3043
4 3044 3045 3046 3047
4 3048 3049 3050 3051
4 3052 3053 3054 3055
4 3056 3057 3058 3059
4 3060 3061 3062 3063
4 3064 3065 3066 3067
4 3068 3069 3070 3071
4 3072 3073 3074 3075
4 3076 3077 3078 3079
4 3080 3081 3082 3083
4 3084 3085 3086 3087
4 3088 3089 3090 3091
4 3092 3093 3094 3095
4 3096 3097 3098 3099
4 3100 3101 3102 3103
4 3104 3105 3106 3107
4 3108 3109 3110 3111
4 3112 3113 3114 3115
4 3116 3117 3118 3119
4 3120 3121 3122 3123
4 3124 3125 3126 3127
4 3128 3129 3130 3131
4 3132 3133 3134 3135
4 3136 3137 3138 3139
4 3140 3141 3142 3143
4 3144 3145 3146 3147
4 3148 3149 3150 3151
4 3152 3153 3154 3155
4 3156 3157 3158 3159
4 3160 3161 3162 3163
4 3164 3165 3166 3167
4 3168 3169 3170 3171
4 3172 3173 3174 3175
4 3176 3177 3178 3179
4 3180 3181 3182 3183
4 3184 3185 3186 3187
4 3188 3189 3190 3191
4 3192 3193 3194 3195
4 3196 3197 3198 3199
4 3200 3201 3202 3203
4 3204 3205 3206 3207
4 3208 3209 3210 3211
4 3212 3213 3214 3215
4 3216 3217 3218 3219
4 3220 3221 3222 3223
4 3224 3225 3226 3227
4 3228 3229 3230 3231
4 3232 3233 3234 3235
4 3236 3237 3238 3239
4 3240 3241 3242 3243
4 3244 3245 3246 3247
4 3248 3249 3250 3251
4 3252 3253 3254 3255
4 3256 3257 3258 3259
4 3260 3261 3262 3263
4 3264 3265 3266 3267
4 3268 3269 3270 3271
4 3272 3273 3274 3275
4 3276 3277 3278 3279
4 3280 3281 3282 3283
4 3284 3285 3286 3287
4 3288 3289 3290 3291
4 3292 3293 3294 3295
4 3296 3297 3298 3299
4 3300 3301 3302 3303
4 3304 3305 3306 3307
4 3308 3309 3310 3311
4 3312 3313 3314 3315
4 3316 3317 3318 3319
4 3320 3321 3322 3323
4 3324 3325 3326 3327
4 3328 3329 3330 3331
4 3332 3333 3334 3335
4 3336 3337 3338 3339
4 3340 3341 3342 3343
4 3344 3345 3346 3347
4 3348 3349 3350 3351
4 3352 3353 3354 3355
4 3356 3357 3358 3359
4 3360 3361 3362 3363
4 3364 3365 3366 3367
4 3368 3369 3370 3371
4 3372 3373 3374 3375
4 3376 3377 3378 3379
4 3380 3381 3382 3383
4 3384 3385 3386 3387
4 3388 3389 3390 3391
4 3392 3393 3394 3395
4 3396 3397 3398 3399
4 3400 3401 3402 3403
4 3404 3405 3406 3407
4 3408 3409 3410 3411
4 3412 3413 3414 3415
4 3416 3417 3418 3419
4 3420 3421 3422 3423
4 3424 3425 3426 3427
4 3428 3429 3430 3431
4 3432 3433 3434 3435
4 3436 3437 3438 3439
4 3440 3441 3442 3443
4 3444 3445 3446 3447
4 3448 3449 3450 3451
4 3452 3453 3454 3455
4 3456 3457 3458 3459
4 3460 3461 3462 3463
4 3464 3465 3466 3467
4 3468 3469 3470 3471
4 3472 3473 3474 3475
4 3476 3477 3478 3479
4 3480 3481 3482 3483
4 3484 3485 3486 3487
4 3488 3489 3490 3491
4 3492 3493 3494 3495
4 3496 3497 3498 3499
4 3500 3501 3502 3503
4 3504 3505 3506 3507
4 3508 3509 3510 3511
4 3512 3513 3514 3515
4 3516 3517 3518 3519
4 3520 3521 3522 3523
4 3524 3525 3526 3527
4 3528 3529 3530 3531
4 3532 3533 3534 3535
4 3536 3537 3538 3539
4 3540 3541 3542 3543
4 3544 3545 3546 3547
4 3548 3549 3550 3551
4 3552 3553 3554 3555
4 3556 3557 3558 3559
4 3560 3561 3562 3563
4 3564 3565 3566 3567
4 3568 3569 3570 3571
4 3572 3573 3574 3575
4 3576 3577 3578 3579
4 3580 3581 3582 3583
4 3584 3585 3586 3587
4 3588 3589 3590 3591
4 3592 3593 3594 3595
4 3596 3597 3598 3599
4 3600 3601 3602 3603
4 3604 3605 3606 3607
4 3608 3609 3610 3611
4 3612 3613 3614 3615
4 3616 3617 3618 3619
4 3620 3621 3622 3623
4 3624 3625 3626 3627
4 3628 3629 3630 3631
4 3632 3633 3634 3635
4 3636 3637 3638 3639
4 3640 3641 3642 3643
4 3644 3645 3646 3647
4 3648 3649 3650 3651
4 3652 3653 3654 3655
4 3656 3657 3658 3659
4 3660 3661 3662 3663
4 3664 3665 3666 3667
4 3668 3669 3670 3671
4 3672 3673 3674 3675
4 3676 3677 3678 3679
4 3680 3681 3682 3683
4 3684 3685 3686 3687
4 3688 3689 3690 3691
4 3692 3693 3694 3695
CELL_TYPES 924
9
9
9
9
9
9
9
9
9
9
9
9
9
9
9
9
9
9
9
9
9
9
9
9
9
9
9
9
9
9
9
9
9
9
9
9
9
9
9
9
9
9
9
9
9
9
9
9
9
9
9
9
9
9
9
9
9
9
9
9
9
9
9
9
9
9
9
9
9
9
9
9
9
9
9
9
9
9
9
9
9
9
9
9
9
9
9
9
9
9
9
9
9
9
9
9
9
9
9
9
9
9
9
9
9
9
9
9
9
9
9
9
9
9
9
9
9
9
9
9
9
9
9
9
9
9
9
9
9
9
9
9
9
9
9
9
9
9
9
9
9
9
9
9
9
9
9
9
9
9
9
9
9
9
9
9
9
9
9
9
9
9
9
9
9
9
9
9
9
9
9
9
9
9
9
9
9
9
9
9
9
9
9
9
9
9
9
9
9
9
9
9
9
9
9
9
9
9
9
9
9
9
9
9
9
9
9
9
9
9
9
9
9
9
9
9
9
9
9
9
9
9
9
9
9
9
9
9
9
9
9
9
9
9
9
9
9
9
9
9
9
9
9
9
9
9
9
9
9
9
9
9
9
9
9
9
9
9
9
9
9
9
9
9
9
9
9
9
9
9
9
9
9
9
9
9
9
9
9
9
9
9
9
9
9
9
9
9
9
9
9
9
9
9
9
9
9
9
9
9
9
9
9
9
9
9
9
9
9
9
9
9
9
9
9
9
9
9
9
9
9
9
9
9
9
9
9
9
9
9
9
9
9
9
9
9
9
9
9
9
9
9
9
9
9
9
9
9
9
9
9
9
9
9
9
9
9
9
9
9
9
9
9
9
9
9
9
9
9
9
9
9
9
9
9
9
9
9
9
9
9
9
9
9
9
9
9
9
9
9
9
9
9
9
9
9
9
9
9
9
9
9
9
9
9
9
9
9
9
9
9
9
9
9
9
9
9
9
9
9
9
9
9
9
9
9
9
9
9
9
9
9
9
9
9
9
9
9
9
9
9
9
9
9
9
9
9
9
9
9
9
9
9
9
9
9
9
9
9
9
9
9
9
9
9
9
9
9
9
9
9
9
9
9
9
9
9
9
9
9
9
9
9
9
9
9
9
9
9
9
9
9
9
9
9
9
9
9
9
9
9
9
9
9
9
9
9
9
9
9
9
9
9
9
9
9
9
9
9
9
9
9
9
9
9
9
9
9
9
9
9
9
9
9
9
9
9
9
9
9
9
9
9
9
9
9
9
9
9
9
9
9
9
9
9
9
9
9
9
9
9
9
9
9
9
9
9
9
9
9
9
9
9
9
9
9
9
9
9
9
9
9
9
9
9
9
9
9
9
9
9
9
9
9
9
9
9
9
9
9
9
9
9
9
9
9
9
9
9
9
9
9
9
9
9
9
9
9
9
9
9
9
9
9
9
9
9
9
9
9
9
9
9
9
9
9
9
9
9
9
9
9
9
9
9
9
9
9
9
9
9
9
9
9
9
9
9
9
9
9
9
9
9
9
9
9
9
9
9
9
9
9
9
9
9
9
9
9
9
9
9
9
9
9
9
9
9
9
9
9
9
9
9
9
9
9
9
9
9
9
9
9
9
9
9
9
9
9
9
9
9
9
9
9
9
9
9
9
9
9
9
9
9
9
9
9
9
9
9
9
9
9
9
9
9
9
9
9
9
9
9
9
9
9
9
9
9
9
9
9
9
9
9
9
9
9
9
9
9
9
9
9
9
9
9
9
9
9
9
9
9
9
9
9
9
9
9
9
9
9
9
9
9
9
9
9
9
9
9
9
9
9
9
9
9
9
9
9
9
9
9
9
9
9
9
9
9
9
9
9
9
9
9
9
9
9
9
9
9
9
9
9
9
9
9
9
9
9
9
9
9
9
9
9
9
9
9
9
9
9
9
9
9
9
9
9
9
9
9
9
9
9
9
9
9
9
9
9
9
9
9
9
9
9
9
9
9
9
9
9
9
9
9
9
9
9
9
9
9
9
9
9
9
9
9
9
9
9
9
9
9
9
9
9
9
9
9
9
9
9
9
9
9
9
9
9
9
9
9
9
9
9
9
9
9
9
9
9
9
9
9
9
9
9
CELL_DATA 924
SCALARS area double 1
LOOKUP_TABLE default
1.47699e-05
1.49382e-05
1.5049e-05
1.51201e-05
1.47426e-05
1.32065e-05
1.50316e-05
1.49439e-05
1.48879e-05
1.48542e-05
2.43954e-05
2.46848e-05
2.49071e-05
2.50781e-05
2.45828e-05
2.05427e-05
2.50338e-05
2.47627e-05
2.46296e-05
2.45426e-05
2.61753e-05
2.65082e-05
2.68043e-05
2.70685e-05
2.6708e-05
2.04368e-05
2.71451e-05
2.67203e-05
2.65086e-05
2.63609e-05
2.73205e-05
2.76515e-05
2.79631e-05
2.82609e-05
2.80428e-05
1.97828e-05
2.83836e-05
2.79364e-05
2.76952e-05
2.75224e-05
2.82655e-05
2.85541e-05
2.88259e-05
2.90971e-05
2.89819e-05
1.89981e-05
2.91822e-05
2.8821e-05
2.86078e-05
2.8452e-05
2.9008e-05
2.9255e-05
2.94866e-05
2.97273e-05
2.96865e-05
1.81951e-05
2.9795e-05
2.95053e-05
2.93187e-05
2.91793e-05
2.95332e-05
2.97413e-05
2.99352e-05
3.01452e-05
3.0158e-05
1.74318e-05
3.02066e-05
2.99777e-05
2.98152e-05
2.9691e-05
2.98967e-05
3.007e-05
3.02302e-05
3.04112e-05
3.04589e-05
1.67616e-05
3.0469e-05
3.02897e-05
3.01497e-05
3.00403e-05
3.00636e-05
3.02068e-05
3.03386e-05
3.04937e-05
3.05641e-05
1.61568e-05
3.05458e-05
3.04069e-05
3.02875e-05
3.01925e-05
3.00604e-05
3.01777e-05
3.02855e-05
3.04181e-05
3.05023e-05
1.56144e-05
3.04629e-05
3.03571e-05
3.02561e-05
3.01745e-05
2.98804e-05
2.99757e-05
3.00639e-05
3.01773e-05
3.02701e-05
1.51099e-05
3.02127e-05
3.01336e-05
3.00492e-05
2.998e-05
2.95795e-05
2.96567e-05
2.97294e-05
2.9827e-05
2.99243e-05
1.46326e-05
2.98477e-05
2.97901e-05
2.97211e-05
2.9664e-05
2.91194e-05
2.91814e-05
2.92418e-05
2.93264e-05
2.94261e-05
1.41262e-05
2.93321e-05
2.92912e-05
2.92357e-05
2.91894e-05
2.85132e-05
2.85619e-05
2.86115e-05
2.86844e-05
2.87849e-05
1.35853e-05
2.8681e-05
2.8653e-05
2.86083e-05
2.85709e-05
2.78173e-05
2.78549e-05
2.78953e-05
2.79574e-05
2.80555e-05
1.30276e-05
2.79476e-05
2.7929e-05
2.78936e-05
2.78638e-05
2.70021e-05
2.70304e-05
2.70632e-05
2.71159e-05
2.72108e-05
1.24407e-05
2.71024e-05
2.70907e-05
2.70627e-05
2.70392e-05
2.60896e-05
2.61098e-05
2.61358e-05
2.61799e-05
2.62705e-05
1.18374e-05
2.61662e-05
2.61596e-05
2.61374e-05
2.61188e-05
2.50863e-05
2.51e-05
2.51203e-05
2.51564e-05
2.52409e-05
1.1219e-05
2.5144e-05
2.51409e-05
2.51235e-05
2.51089e-05
2.40394e-05
2.4048e-05
2.40637e-05
2.40931e-05
2.41716e-05
1.06086e-05
2.40817e-05
2.40811e-05
2.40676e-05
2.40564e-05
2.29236e-05
2.29282e-05
2.29399e-05
2.29631e-05
2.30345e-05
9.98791e-06
2.29541e-05
2.29552e-05
2.29447e-05
2.29361e-05
2.17538e-05
2.17549e-05
2.17622e-05
2.17796e-05
2.18426e-05
9.38499e-06
2.1775e-05
2.17761e-05
2.17676e-05
2.17614e-05
2.05775e-05
2.05776e-05
2.05827e-05
2.05962e-05
2.06512e-05
8.80908e-06
2.05929e-05
2.05949e-05
2.05883e-05
2.05835e-05
1.93725e-05
1.93719e-05
1.93752e-05
1.93854e-05
1.94331e-05
8.23305e-06
1.93835e-05
1.93861e-05
1.9381e-05
1.93772e-05
1.81609e-05
1.81598e-05
1.81618e-05
1.81691e-05
1.82094e-05
7.66534e-06
1.81686e-05
1.81715e-05
1.81676e-05
1.81646e-05
1.69458e-05
1.69444e-05
1.69452e-05
1.69501e-05
1.69834e-05
7.11125e-06
1.69509e-05
1.6954e-05
1.6951e-05
1.69487e-05
1.57679e-05
1.57663e-05
1.57664e-05
1.57693e-05
1.57962e-05
6.5822e-06
1.57709e-05
1.57741e-05
1.57718e-05
1.577e-05
1.46123e-05
1.46106e-05
1.46101e-05
1.46113e-05
1.46324e-05
6.07267e-06
1.46138e-05
1.4617e-05
1.46152e-05
1.46139e-05
1.35009e-05
1.34991e-05
1.34981e-05
1.34981e-05
1.35139e-05
5.59263e-06
1.35012e-05
1.35043e-05
1.3503e-05
1.35019e-05
1.24402e-05
1.24384e-05
1.24372e-05
1.24361e-05
1.24472e-05
5.13976e-06
1.24396e-05
1.24426e-05
1.24417e-05
1.24409e-05
1.09935e-05
1.09919e-05
1.09906e-05
1.09888e-05
1.09955e-05
4.53543e-06
1.09924e-05
1.09952e-05
1.09946e-05
1.09939e-05
2.53092e-06
2.53055e-06
2.53021e-06
2.52973e-06
2.53091e-06
1.04341e-06
2.53059e-06
2.53123e-06
2.53111e-06
2.53099e-06
2.03189e-06
2.03157e-06
2.03127e-06
2.03083e-06
2.03177e-06
8.38623e-07
2.03158e-06
2.03211e-06
2.03201e-06
2.0319e-06
1.98668e-06
1.98588e-06
1.98533e-06
1.98536e-06
1.99077e-06
8.60075e-07
1.98573e-06
1.9863e-06
1.98612e-06
1.98597e-06
1.93337e-06
1.9314e-06
1.93015e-06
1.93095e-06
1.94562e-06
9.18488e-07
1.93067e-06
1.93133e-06
1.931e-06
1.93078e-06
1.85052e-06
1.84672e-06
1.84436e-06
1.84628e-06
1.87526e-06
9.98221e-07
1.84497e-06
1.84577e-06
1.84523e-06
1.84491e-06
1.73905e-06
1.73227e-06
1.72802e-06
1.73144e-06
1.78199e-06
1.10287e-06
1.72868e-06
1.7297e-06
1.72887e-06
1.7284e-06
1.58908e-06
1.5774e-06
1.56999e-06
1.57584e-06
1.66131e-06
1.24286e-06
1.57066e-06
1.57205e-06
1.57076e-06
1.57007e-06
1.37846e-06
1.35623e-06
1.34189e-06
1.35267e-06
1.50926e-06
1.46875e-06
1.3425e-06
1.34469e-06
1.34243e-06
1.34127e-06
1.04684e-06
9.88736e-07
9.49604e-07
9.78104e-07
1.34992e-06
1.94153e-06
9.50007e-07
9.5525e-07
9.49489e-07
9.46583e-07
4.04101e-07
3.71837e-07
3.49383e-07
3.64931e-07
5.60654e-07
8.85022e-07
3.49193e-07
3.52108e-07
3.48958e-07
3.47385e-07
1.48088e-05
2.44408e-05
2.62073e-05
2.7347e-05
2.82895e-05
2.90296e-05
2.95538e-05
2.99164e-05
3.00824e-05
3.0078e-05
2.98969e-05
2.95944e-05
2.91325e-05
2.85248e-05
2.78274e-05
2.7011e-05
2.60973e-05
2.50931e-05
2.40453e-05
2.29289e-05
2.17583e-05
2.05809e-05
1.93751e-05
1.81628e-05
1.69471e-05
1.57687e-05
1.46127e-05
1.35009e-05
1.24401e-05
1.09933e-05
2.53087e-06
2.03181e-06
1.98587e-06
1.93067e-06
1.84479e-06
1.72827e-06
1.56992e-06
1.34106e-06
9.46127e-07
3.47156e-07
9.22269e-06
6.6191e-06
6.06052e-06
6.42851e-06
1.02636e-05
2.01939e-05
7.94175e-06
4.43643e-06
4.38959e-06
4.11555e-06
2.34169e-06
1.92383e-09
1.47322e-09
1.27519e-09
1.37849e-09
2.27552e-09
3.89288e-09
7.88101e-10
7.29054e-10
7.46697e-10
6.98962e-10
6.33742e-10
1.47699e-05
1.49382e-05
1.5049e-05
1.51201e-05
1.47426e-05
1.32065e-05
1.50316e-05
1.49439e-05
1.48879e-05
1.48542e-05
2.43954e-05
2.46848e-05
2.49071e-05
2.50781e-05
2.45828e-05
2.05427e-05
2.50338e-05
2.47627e-05
2.46296e-05
2.45426e-05
2.61753e-05
2.65082e-05
2.68043e-05
2.70685e-05
2.6708e-05
2.04368e-05
2.71451e-05
2.67203e-05
2.65086e-05
2.63609e-05
2.73205e-05
2.76515e-05
2.79631e-05
2.82609e-05
2.80428e-05
1.97828e-05
2.83836e-05
2.79364e-05
2.76952e-05
2.75224e-05
2.82655e-05
2.85541e-05
2.88259e-05
2.90971e-05
2.89819e-05
1.89981e-05
2.91822e-05
2.8821e-05
2.86078e-05
2.8452e-05
2.9008e-05
2.9255e-05
2.94866e-05
2.97273e-05
2.96865e-05
1.81951e-05
2.9795e-05
2.95053e-05
2.93187e-05
2.91793e-05
2.95332e-05
2.97413e-05
2.99352e-05
3.01452e-05
3.0158e-05
1.74318e-05
3.02066e-05
2.99777e-05
2.98152e-05
2.9691e-05
2.98967e-05
3.007e-05
3.02302e-05
3.04112e-05
3.04589e-05
1.67616e-05
3.0469e-05
3.02897e-05
3.01497e-05
3.00403e-05
3.00636e-05
3.02068e-05
3.03386e-05
3.04937e-05
3.05641e-05
1.61568e-05
3.05458e-05
3.04069e-05
3.02875e-05
3.01925e-05
3.00604e-05
3.01777e-05
3.02855e-05
3.04181e-05
3.05023e-05
1.56144e-05
3.04629e-05
3.03571e-05
3.02561e-05
3.01745e-05
2.98804e-05
2.99757e-05
3.00639e-05
3.01773e-05
3.02701e-05
1.51099e-05
3.02127e-05
3.01336e-05
3.00492e-05
2.998e-05
2.95795e-05
2.96567e-05
2.97294e-05
2.9827e-05
2.99243e-05
1.46326e-05
2.98477e-05
2.97901e-05
2.97211e-05
2.9664e-05
2.91194e-05
2.91814e-05
2.92418e-05
2.93264e-05
2.94261e-05
1.41262e-05
2.93321e-05
2.92912e-05
2.92357e-05
2.91894e-05
2.85132e-05
2.85619e-05
2.86115e-05
2.86844e-05
2.87849e-05
1.35853e-05
2.8681e-05
2.8653e-05
2.86083e-05
2.85709e-05
2.78173e-05
2.78549e-05
2.78953e-05
2.79574e-05
2.80555e-05
1.30276e-05
2.79476e-05
2.7929e-05
2.78936e-05
2.78638e-05
2.70021e-05
2.70304e-05
2.70632e-05
2.71159e-05
2.72108e-05
1.24407e-05
2.71024e-05
2.70907e-05
2.70627e-05
2.70392e-05
2.60896e-05
2.61098e-05
2.61358e-05
2.61799e-05
2.62705e-05
1.18374e-05
2.61662e-05
2.61596e-05
2.61374e-05
2.61188e-05
2.50863e-05
2.51e-05
2.51203e-05
2.51564e-05
2.52409e-05
1.1219e-05
2.5144e-05
2.51409e-05
2.51235e-05
2.51089e-05
2.40394e-05
2.4048e-05
2.40637e-05
2.40931e-05
2.41716e-05
1.06086e-05
2.40817e-05
2.40811e-05
2.40676e-05
2.40564e-05
2.29236e-05
2.29282e-05
2.29399e-05
2.29631e-05
2.30345e-05
9.98791e-06
2.29541e-05
2.29552e-05
2.29447e-05
2.29361e-05
2.17538e-05
2.17549e-05
2.17622e-05
2.17796e-05
2.18426e-05
9.38499e-06
2.1775e-05
2.17761e-05
2.17676e-05
2.17614e-05
2.05775e-05
2.05776e-05
2.05827e-05
2.05962e-05
2.06512e-05
8.80908e-06
2.05929e-05
2.05949e-05
2.05883e-05
2.05835e-05
1.93725e-05
1.93719e-05
1.93752e-05
1.93854e-05
1.94331e-05
8.23305e-06
1.93835e-05
1.93861e-05
1.9381e-05
1.93772e-05
1.81609e-05
1.81598e-05
1.81618e-05
1.81691e-05
1.82094e-05
7.66534e-06
1.81686e-05
1.81715e-05
1.81676e-05
1.81646e-05
1.69458e-05
1.69444e-05
1.69452e-05
1.69501e-05
1.69834e-05
7.11125e-06
1.69509e-05
1.6954e-05
1.6951e-05
1.69487e-05
1.57679e-05
1.57663e-05
1.57664e-05
1.57693e-05
1.57962e-05
6.5822e-06
1.57709e-05
1.57741e-05
1.57718e-05
1.577e-05
1.46123e-05
1.46106e-05
1.46101e-05
1.46113e-05
1.46324e-05
6.07267e-06
1.46138e-05
1.4617e-05
1.46152e-05
1.46139e-05
1.35009e-05
1.34991e-05
1.34981e-05
1.34981e-05
1.35139e-05
5.59263e-06
1.35012e-05
1.35043e-05
1.3503e-05
1.35019e-05
1.24402e-05
1.24384e-05
1.24372e-05
1.24361e-05
1.24472e-05
5.13976e-06
1.24396e-05
1.24426e-05
1.24417e-05
1.24409e-05
1.09935e-05
1.09919e-05
1.09906e-05
1.09888e-05
1.09955e-05
4.53543e-06
1.09924e-05
1.09952e-05
1.09946e-05
1.09939e-05
2.53092e-06
2.53055e-06
2.53021e-06
2.52973e-06
2.53091e-06
1.04341e-06
2.53059e-06
2.53123e-06
2.53111e-06
2.53099e-06
2.03189e-06
2.03157e-06
2.03127e-06
2.03083e-06
2.03177e-06
8.38623e-07
2.03158e-06
2.03211e-06
2.03201e-06
2.0319e-06
1.98668e-06
1.98588e-06
1.98533e-06
1.98536e-06
1.99077e-06
8.60075e-07
1.98573e-06
1.9863e-06
1.98612e-06
1.98597e-06
1.93337e-06
1.9314e-06
1.93015e-06
1.93095e-06
1.94562e-06
9.18488e-07
1.93067e-06
1.93133e-06
1.931e-06
1.93078e-06
1.85052e-06
1.84672e-06
1.84436e-06
1.84628e-06
1.87526e-06
9.98221e-07
1.84497e-06
1.84577e-06
1.84523e-06
1.84491e-06
1.73905e-06
1.73227e-06
1.72802e-06
1.73144e-06
1.78199e-06
1.10287e-06
1.72868e-06
1.7297e-06
1.72887e-06
1.7284e-06
1.58908e-06
1.5774e-06
1.56999e-06
1.57584e-06
1.66131e-06
1.24286e-06
1.57066e-06
1.57205e-06
1.57076e-06
1.57007e-06
1.37846e-06
1.35623e-06
1.34189e-06
1.35267e-06
1.50926e-06
1.46875e-06
1.3425e-06
1.34469e-06
1.34243e-06
1.34127e-06
1.04684e-06
9.88736e-07
9.49604e-07
9.78104e-07
1.34992e-06
1.94153e-06
9.50007e-07
9.5525e-07
9.49489e-07
9.46583e-07
4.04101e-07
3.71837e-07
3.49383e-07
3.64931e-07
5.60654e-07
8.85022e-07
3.49193e-07
3.52108e-07
3.48958e-07
3.47385e-07
1.48088e-05
2.44408e-05
2.62073e-05
2.7347e-05
2.82895e-05
2.90296e-05
2.95538e-05
2.99164e-05
3.00824e-05
3.0078e-05
2.98969e-05
2.95944e-05
2.91325e-05
2.85248e-05
2.78274e-05
2.7011e-05
2.60973e-05
2.50931e-05
2.40453e-05
2.29289e-05
2.17583e-05
2.05809e-05
1.93751e-05
1.81628e-05
1.69471e-05
1.57687e-05
1.46127e-05
1.35009e-05
1.24401e-05
1.09933e-05
2.53087e-06
2.03181e-06
1.98587e-06
1.93067e-06
1.84479e-06
1.72827e-06
1.56992e-06
1.34106e-06
9.46127e-07
3.47156e-07
9.22269e-06
6.6191e-06
6.06052e-06
6.42851e-06
1.02636e-05
2.01939e-05
7.94175e-06
4.43643e-06
4.38959e-06
4.11555e-06
2.34169e-06
1.92383e-09
1.47322e-09
1.27519e-09
1.37849e-09
2.27552e-09
3.89288e-09
7.88101e-10
7.29054e-10
7.46697e-10
6.98962e-10
6.33742e-10
SCALARS mu double 1
LOOKUP_TABLE default
59.7471
3.45793e-11
64.991
81.3771
85.145
86.284
86.2047
83.4586
71.7071
47.4422
78.2421
68.1058
77.4362
84.8038
88.1559
89.5191
89.5486
86.9826
81.0018
72.821
90.1073
86.6446
88.8834
91.8454
94.0256
95.4915
95.6595
93.825
90.8315
87.9337
99.7782
98.029
98.5329
99.7698
101.176
102.548
102.773
101.447
99.745
98.4514
108.857
107.516
107.403
107.881
108.783
109.924
110.154
109.208
108.178
107.585
117.865
116.431
115.962
116.006
116.531
117.438
117.679
117.052
116.466
116.317
126.979
125.186
124.429
124.156
124.365
125.049
125.313
124.98
124.748
124.965
136.083
133.892
132.889
132.353
132.279
132.763
133.054
132.995
133.071
133.604
144.878
142.569
141.374
140.611
140.279
140.585
140.906
141.106
141.455
142.242
153.701
151.274
149.914
148.946
148.377
148.526
148.879
149.32
149.917
150.924
162.614
160.046
158.533
157.378
156.588
156.599
156.985
157.652
158.476
159.684
171.641
168.922
167.261
165.931
164.938
164.83
165.242
166.118
167.154
168.552
180.819
177.958
176.15
174.653
173.471
173.259
173.693
174.765
176.001
177.582
190.293
187.238
185.266
183.604
182.245
181.943
182.394
183.651
185.081
186.859
200.384
196.838
194.664
192.837
191.315
190.941
191.398
192.823
194.445
196.454
210.797
206.775
204.388
202.401
200.728
200.293
200.752
202.332
204.14
206.386
221.552
217.068
214.475
212.338
210.532
210.049
210.503
212.221
214.203
216.676
232.634
227.719
224.941
222.674
220.759
220.243
220.684
222.515
224.649
227.327
244.017
238.733
235.796
233.425
231.426
230.888
231.313
233.231
235.49
238.343
255.749
250.125
247.057
244.611
242.56
242.014
242.417
244.391
246.744
249.743
267.874
261.885
258.713
256.226
254.159
253.614
253.995
255.985
258.398
261.516
280.209
273.975
270.738
268.242
266.194
265.662
266.018
267.991
270.43
273.622
292.731
286.346
283.09
280.62
278.624
278.115
278.445
280.368
282.793
286.009
305.351
298.91
295.685
293.282
291.379
290.901
291.205
293.037
295.404
298.592
317.959
311.539
308.386
306.089
304.314
303.874
304.152
305.858
308.126
311.241
330.367
324.019
320.975
318.817
317.206
316.811
317.063
318.607
320.739
323.743
342.257
336.041
333.139
331.148
329.725
329.378
329.606
330.965
332.929
335.788
353.155
347.123
344.388
342.587
341.369
341.073
341.278
342.435
344.207
346.893
362.368
356.563
354.007
352.405
351.399
351.156
351.337
352.285
353.854
356.354
369.087
363.43
360.984
359.516
358.678
358.488
358.64
359.426
360.857
363.241
371.962
366.046
363.535
361.962
360.923
360.682
360.911
361.898
363.425
365.868
374.285
368.233
365.601
363.897
362.736
362.447
362.735
363.841
365.5
368.064
376.369
370.293
367.536
365.687
364.386
364.009
364.399
365.638
367.438
370.128
378.259
372.361
369.512
367.513
366.052
365.574
366.077
367.467
369.411
372.194
379.904
374.474
371.606
369.472
367.848
367.279
367.872
369.42
371.497
374.303
381.28
376.659
373.906
371.679
369.892
369.246
369.884
371.609
373.785
376.483
382.351
378.91
376.533
374.337
372.36
371.662
372.249
374.256
376.396
378.736
383.031
381.034
379.475
377.776
375.789
375.158
375.65
377.686
379.345
380.884
383.634
382.849
382.051
381.403
380.941
380.733
380.898
381.279
381.9
382.685
385.713
385.534
385.461
385.41
385.356
385.319
385.347
385.386
385.435
385.506
59.5288
77.9839
89.7972
99.4135
108.437
117.391
126.453
135.524
144.335
153.173
162.099
171.137
180.328
189.81
199.878
210.271
221.008
232.074
243.446
255.169
267.288
279.621
292.147
304.776
317.396
329.819
341.726
352.643
361.876
368.613
371.497
373.822
375.915
377.821
379.487
380.891
381.998
382.729
383.418
385.623
-38.7625
-37.273
-63.3649
-79.7101
-83.1728
-84.5348
-84.0711
-81.9643
-67.9393
-46.5991
-41.8851
385.615
385.572
385.508
385.456
385.441
385.43
385.422
385.431
385.491
385.568
385.597
60.9901
-1.67943e-11
66.452
83.2086
87.0519
88.1986
88.116
85.3128
73.2947
48.4724
79.8658
69.6131
79.1807
86.7179
90.1346
91.5101
91.5397
88.9213
82.8021
74.4145
91.9847
88.5724
90.8963
93.9309
96.1506
97.6337
97.8069
95.935
92.8667
89.8728
101.877
100.231
100.786
102.058
103.488
104.878
105.111
103.758
102.007
100.648
111.181
109.965
109.891
110.389
111.305
112.461
112.701
111.736
110.67
110.022
120.429
119.128
118.692
118.747
119.278
120.196
120.45
119.812
119.199
119.001
129.804
128.144
127.415
127.144
127.351
128.044
128.323
127.985
127.735
127.91
139.194
137.127
136.144
135.603
135.52
136.008
136.316
136.261
136.327
136.827
148.3
146.099
144.914
144.137
143.788
144.095
144.437
144.648
144.996
145.761
157.458
155.115
153.754
152.764
152.169
152.316
152.692
153.154
153.76
154.756
166.729
164.218
162.689
161.501
160.678
160.684
161.095
161.792
162.636
163.848
176.134
173.439
171.749
170.376
169.341
169.224
169.664
170.58
171.647
173.064
185.71
182.838
180.985
179.435
178.202
177.979
178.443
179.564
180.843
182.46
195.6
192.499
190.466
188.74
187.322
187.008
187.489
188.804
190.289
192.119
206.126
202.496
200.246
198.346
196.757
196.369
196.858
198.349
200.038
202.114
216.989
212.849
210.371
208.301
206.555
206.105
206.596
208.25
210.135
212.465
228.212
223.577
220.88
218.651
216.765
216.266
216.752
218.552
220.62
223.191
239.779
234.681
231.786
229.42
227.421
226.888
227.362
229.28
231.508
234.297
251.661
246.166
243.102
240.626
238.538
237.984
238.441
240.45
242.811
245.787
263.908
258.047
254.844
252.287
250.146
249.583
250.019
252.086
254.547
257.677
276.562
270.313
266.998
264.398
262.24
261.679
262.091
264.176
266.7
269.959
289.434
282.923
279.538
276.928
274.789
274.244
274.629
276.697
279.249
282.585
302.501
295.825
292.418
289.835
287.752
287.23
287.589
289.604
292.141
295.505
315.666
308.926
305.55
303.037
301.051
300.563
300.893
302.813
305.29
308.625
328.812
322.089
318.789
316.386
314.535
314.086
314.39
316.176
318.55
321.81
341.74
335.09
331.903
329.647
327.967
327.566
327.842
329.459
331.689
334.833
354.115
347.603
344.565
342.485
341.002
340.65
340.901
342.323
344.378
347.369
365.437
359.121
356.259
354.379
353.111
352.813
353.038
354.248
356.101
358.909
374.982
368.908
366.237
364.567
363.523
363.28
363.478
364.469
366.108
368.718
381.896
375.994
373.445
371.919
371.052
370.863
371.031
371.849
373.339
375.822
384.791
378.654
376.05
374.422
373.352
373.112
373.356
374.377
375.96
378.492
387.128
380.875
378.156
376.4
375.208
374.919
375.221
376.362
378.073
380.721
389.224
382.966
380.128
378.227
376.894
376.515
376.922
378.196
380.047
382.814
391.122
385.064
382.141
380.091
378.596
378.113
378.635
380.062
382.055
384.91
392.77
387.208
384.272
382.089
380.43
379.854
380.467
382.052
384.177
387.048
394.146
389.423
386.611
384.337
382.515
381.86
382.518
384.281
386.503
389.256
395.213
391.704
389.281
387.044
385.031
384.323
384.927
386.973
389.154
391.537
395.885
393.854
392.268
390.539
388.52
387.881
388.386
390.458
392.146
393.709
396.481
395.684
394.877
394.221
393.753
393.545
393.714
394.101
394.729
395.523
398.577
398.396
398.321
398.269
398.215
398.179
398.207
398.247
398.297
398.369
60.7718
79.6077
91.6746
101.512
110.761
119.955
129.278
138.635
147.756
156.929
166.213
175.63
185.219
195.118
205.619
216.463
227.668
239.219
251.09
263.328
275.976
288.847
301.917
315.091
328.25
341.192
353.584
364.925
374.491
381.422
384.326
386.666
388.771
390.684
392.354
393.757
394.86
395.582
396.265
398.488
-39.5976
-38.0869
-64.7747
-81.491
-85.0277
-86.4153
-85.9393
-83.7844
-69.441
-47.6124
-42.7897
398.479
398.435
398.369
398.317
398.301
398.291
398.283
398.293
398.353
398.431
398.461
