# vtk DataFile Version 3.0
Rotor blade panels
ASCII
DATASET UNSTRUCTURED_GRID
POINTS 3696 double
0.822097 1.42961 1.1429
0.820016 1.42841 1.13964
0.821235 1.4262 1.13934
0.823452 1.42748 1.14286
0.820016 1.42841 1.13964
0.81752 1.42696 1.13677
0.818574 1.42466 1.13622
0.821235 1.4262 1.13934
0.81752 1.42696 1.13677
0.814847 1.42542 1.13411
0.815723 1.42301 1.13334
0.818574 1.42466 1.13622
0.814847 1.42542 1.13411
0.811955 1.42375 1.13179
0.812645 1.42124 1.13078
0.815723 1.42301 1.13334
0.811955 1.42375 1.13179
0.808702 1.42187 1.13028
0.809192 1.41924 1.12903
0.812645 1.42124 1.13078
0.808702 1.42187 1.13028
0.807073 1.42093 1.13237
0.807545 1.41829 1.13107
0.809192 1.41924 1.12903
0.807073 1.42093 1.13237
0.81003 1.42264 1.13456
0.810726 1.42013 1.13344
0.807545 1.41829 1.13107
0.81003 1.42264 1.13456
0.813168 1.42445 1.13642
0.814055 1.42205 1.13553
0.810726 1.42013 1.13344
0.813168 1.42445 1.13642
0.816281 1.42625 1.13833
0.817345 1.42395 1.13771
0.814055 1.42205 1.13553
0.816281 1.42625 1.13833
0.819301 1.42799 1.14043
0.820527 1.42579 1.14009
0.817345 1.42395 1.13771
0.823452 1.42748 1.14286
0.821235 1.4262 1.13934
0.822983 1.42261 1.13913
0.825493 1.42406 1.14294
0.821235 1.4262 1.13934
0.818574 1.42466 1.13622
0.820002 1.42089 1.13578
0.822983 1.42261 1.13913
0.818574 1.42466 1.13622
0.815723 1.42301 1.13334
0.816821 1.41905 1.13268
0.820002 1.42089 1.13578
0.815723 1.42301 1.13334
0.812645 1.42124 1.13078
0.81341 1.41708 1.12993
0.816821 1.41905 1.13268
0.812645 1.42124 1.13078
0.809192 1.41924 1.12903
0.80963 1.4149 1.12797
0.81341 1.41708 1.12993
0.809192 1.41924 1.12903
0.807545 1.41829 1.13107
0.808046 1.41398 1.12997
0.80963 1.4149 1.12797
0.807545 1.41829 1.13107
0.810726 1.42013 1.13344
0.811597 1.41603 1.13247
0.808046 1.41398 1.12997
0.810726 1.42013 1.13344
0.814055 1.42205 1.13553
0.815248 1.41814 1.13477
0.811597 1.41603 1.13247
0.814055 1.42205 1.13553
0.817345 1.42395 1.13771
0.818844 1.42022 1.13719
0.815248 1.41814 1.13477
0.817345 1.42395 1.13771
0.820527 1.42579 1.14009
0.822314 1.42222 1.13985
0.818844 1.42022 1.13719
0.825493 1.42406 1.14294
0.822983 1.42261 1.13913
0.824605 1.41885 1.13921
0.827491 1.42051 1.14314
0.822983 1.42261 1.13913
0.820002 1.42089 1.13578
0.821241 1.4169 1.13578
0.824605 1.41885 1.13921
0.820002 1.42089 1.13578
0.816821 1.41905 1.13268
0.817674 1.41484 1.13265
0.821241 1.4169 1.13578
0.816821 1.41905 1.13268
0.81341 1.41708 1.12993
0.813887 1.41266 1.12988
0.817674 1.41484 1.13265
0.81341 1.41708 1.12993
0.80963 1.4149 1.12797
0.809759 1.41027 1.1279
0.813887 1.41266 1.12988
0.80963 1.4149 1.12797
0.808046 1.41398 1.12997
0.808302 1.40943 1.12991
0.809759 1.41027 1.1279
0.808046 1.41398 1.12997
0.811597 1.41603 1.13247
0.812245 1.41171 1.13237
0.808302 1.40943 1.12991
0.811597 1.41603 1.13247
0.815248 1.41814 1.13477
0.816248 1.41402 1.1347
0.812245 1.41171 1.13237
0.815248 1.41814 1.13477
0.818844 1.42022 1.13719
0.820187 1.41629 1.13718
0.816248 1.41402 1.1347
0.818844 1.42022 1.13719
0.822314 1.42222 1.13985
0.823993 1.41849 1.13991
0.820187 1.41629 1.13718
0.827491 1.42051 1.14314
0.824605 1.41885 1.13921
0.826207 1.41507 1.13941
0.829465 1.41696 1.14337
0.824605 1.41885 1.13921
0.821241 1.4169 1.13578
0.822474 1.41292 1.13602
0.826207 1.41507 1.13941
0.821241 1.4169 1.13578
0.817674 1.41484 1.13265
0.818543 1.41065 1.13295
0.822474 1.41292 1.13602
0.817674 1.41484 1.13265
0.813887 1.41266 1.12988
0.814406 1.40826 1.13026
0.818543 1.41065 1.13295
0.813887 1.41266 1.12988
0.809759 1.41027 1.1279
0.80996 1.40569 1.12838
0.814406 1.40826 1.13026
0.809759 1.41027 1.1279
0.808302 1.40943 1.12991
0.808634 1.40493 1.13041
0.80996 1.40569 1.12838
0.808302 1.40943 1.12991
0.812245 1.41171 1.13237
0.81293 1.40741 1.13274
0.808634 1.40493 1.13041
0.812245 1.41171 1.13237
0.816248 1.41402 1.1347
0.817259 1.40991 1.13499
0.81293 1.40741 1.13274
0.816248 1.41402 1.1347
0.820187 1.41629 1.13718
0.82152 1.41237 1.13741
0.817259 1.40991 1.13499
0.820187 1.41629 1.13718
0.823993 1.41849 1.13991
0.825649 1.41475 1.14012
0.82152 1.41237 1.13741
0.829465 1.41696 1.14337
0.826207 1.41507 1.13941
0.827881 1.41134 1.13962
0.831446 1.4134 1.14355
0.826207 1.41507 1.13941
0.822474 1.41292 1.13602
0.823847 1.40901 1.13629
0.827881 1.41134 1.13962
0.822474 1.41292 1.13602
0.818543 1.41065 1.13295
0.819621 1.40657 1.1333
0.823847 1.40901 1.13629
0.818543 1.41065 1.13295
0.814406 1.40826 1.13026
0.8152 1.40402 1.13072
0.819621 1.40657 1.1333
0.814406 1.40826 1.13026
0.80996 1.40569 1.12838
0.810498 1.40131 1.12896
0.8152 1.40402 1.13072
0.80996 1.40569 1.12838
0.808634 1.40493 1.13041
0.809273 1.4006 1.13101
0.810498 1.40131 1.12896
0.808634 1.40493 1.13041
0.81293 1.40741 1.13274
0.813849 1.40324 1.13321
0.809273 1.4006 1.13101
0.81293 1.40741 1.13274
0.817259 1.40991 1.13499
0.818443 1.40589 1.13535
0.813849 1.40324 1.13321
0.817259 1.40991 1.13499
0.82152 1.41237 1.13741
0.822967 1.40851 1.13769
0.818443 1.40589 1.13535
0.82152 1.41237 1.13741
0.825649 1.41475 1.14012
0.827362 1.41104 1.14033
0.822967 1.40851 1.13769
0.831446 1.4134 1.14355
0.827881 1.41134 1.13962
0.829618 1.40765 1.13982
0.833427 1.40985 1.14371
0.827881 1.41134 1.13962
0.823847 1.40901 1.13629
0.825351 1.40519 1.13659
0.829618 1.40765 1.13982
0.823847 1.40901 1.13629
0.819621 1.40657 1.1333
0.820898 1.40262 1.1337
0.825351 1.40519 1.13659
0.819621 1.40657 1.1333
0.8152 1.40402 1.13072
0.816259 1.39994 1.13124
0.820898 1.40262 1.1337
0.8152 1.40402 1.13072
0.810498 1.40131 1.12896
0.811365 1.39711 1.12961
0.816259 1.39994 1.13124
0.810498 1.40131 1.12896
0.809273 1.4006 1.13101
0.81022 1.39645 1.13169
0.811365 1.39711 1.12961
0.809273 1.4006 1.13101
0.813849 1.40324 1.13321
0.815006 1.39921 1.13374
0.81022 1.39645 1.13169
0.813849 1.40324 1.13321
0.818443 1.40589 1.13535
0.819801 1.40198 1.13577
0.815006 1.39921 1.13374
0.818443 1.40589 1.13535
0.822967 1.40851 1.13769
0.824528 1.40471 1.138
0.819801 1.40198 1.13577
0.822967 1.40851 1.13769
0.827362 1.41104 1.14033
0.82913 1.40737 1.14055
0.824528 1.40471 1.138
0.833427 1.40985 1.14371
0.829618 1.40765 1.13982
0.831414 1.40399 1.14003
0.835403 1.40629 1.14384
0.829618 1.40765 1.13982
0.825351 1.40519 1.13659
0.826978 1.40143 1.1369
0.831414 1.40399 1.14003
0.825351 1.40519 1.13659
0.820898 1.40262 1.1337
0.822364 1.39877 1.13414
0.826978 1.40143 1.1369
0.820898 1.40262 1.1337
0.816259 1.39994 1.13124
0.817576 1.396 1.13181
0.822364 1.39877 1.13414
0.816259 1.39994 1.13124
0.811365 1.39711 1.12961
0.812552 1.3931 1.13032
0.817576 1.396 1.13181
0.811365 1.39711 1.12961
0.81022 1.39645 1.13169
0.811473 1.39248 1.13243
0.812552 1.3931 1.13032
0.81022 1.39645 1.13169
0.815006 1.39921 1.13374
0.816401 1.39532 1.13433
0.811473 1.39248 1.13243
0.815006 1.39921 1.13374
0.819801 1.40198 1.13577
0.821334 1.39817 1.13622
0.816401 1.39532 1.13433
0.819801 1.40198 1.13577
0.824528 1.40471 1.138
0.826202 1.40098 1.13833
0.821334 1.39817 1.13622
0.824528 1.40471 1.138
0.82913 1.40737 1.14055
0.83095 1.40372 1.14077
0.826202 1.40098 1.13833
0.835403 1.40629 1.14384
0.831414 1.40399 1.14003
0.83326 1.40036 1.14025
0.837368 1.40273 1.14394
0.831414 1.40399 1.14003
0.826978 1.40143 1.1369
0.82872 1.39774 1.13725
0.83326 1.40036 1.14025
0.826978 1.40143 1.1369
0.822364 1.39877 1.13414
0.824011 1.39502 1.13462
0.82872 1.39774 1.13725
0.822364 1.39877 1.13414
0.817576 1.396 1.13181
0.819137 1.3922 1.13243
0.824011 1.39502 1.13462
0.817576 1.396 1.13181
0.812552 1.3931 1.13032
0.81405 1.38927 1.13109
0.819137 1.3922 1.13243
0.812552 1.3931 1.13032
0.811473 1.39248 1.13243
0.813035 1.38868 1.1332
0.81405 1.38927 1.13109
0.811473 1.39248 1.13243
0.816401 1.39532 1.13433
0.818039 1.39157 1.13495
0.813035 1.38868 1.1332
0.816401 1.39532 1.13433
0.821334 1.39817 1.13622
0.823044 1.39446 1.1367
0.818039 1.39157 1.13495
0.821334 1.39817 1.13622
0.826202 1.40098 1.13833
0.827989 1.39731 1.13867
0.823044 1.39446 1.1367
0.826202 1.40098 1.13833
0.83095 1.40372 1.14077
0.83282 1.4001 1.14099
0.827989 1.39731 1.13867
0.837368 1.40273 1.14394
0.83326 1.40036 1.14025
0.83515 1.39675 1.14047
0.839317 1.39916 1.14403
0.83326 1.40036 1.14025
0.82872 1.39774 1.13725
0.83057 1.39411 1.13762
0.83515 1.39675 1.14047
0.82872 1.39774 1.13725
0.824011 1.39502 1.13462
0.825828 1.39137 1.13514
0.83057 1.39411 1.13762
0.824011 1.39502 1.13462
0.819137 1.3922 1.13243
0.820934 1.38855 1.1331
0.825828 1.39137 1.13514
0.819137 1.3922 1.13243
0.81405 1.38927 1.13109
0.815846 1.38561 1.1319
0.820934 1.38855 1.1331
0.81405 1.38927 1.13109
0.813035 1.38868 1.1332
0.814897 1.38506 1.13398
0.815846 1.38561 1.1319
0.813035 1.38868 1.1332
0.818039 1.39157 1.13495
0.819913 1.38796 1.13559
0.814897 1.38506 1.13398
0.818039 1.39157 1.13495
0.823044 1.39446 1.1367
0.824928 1.39085 1.1372
0.819913 1.38796 1.13559
0.823044 1.39446 1.1367
0.827989 1.39731 1.13867
0.829885 1.39371 1.13903
0.824928 1.39085 1.1372
0.827989 1.39731 1.13867
0.83282 1.4001 1.14099
0.834736 1.39651 1.1412
0.829885 1.39371 1.13903
0.839317 1.39916 1.14403
0.83515 1.39675 1.14047
0.837096 1.39318 1.1407
0.841286 1.3956 1.14411
0.83515 1.39675 1.14047
0.83057 1.39411 1.13762
0.83251 1.39053 1.13799
0.837096 1.39318 1.1407
0.83057 1.39411 1.13762
0.825828 1.39137 1.13514
0.827773 1.3878 1.13566
0.83251 1.39053 1.13799
0.825828 1.39137 1.13514
0.820934 1.38855 1.1331
0.822893 1.38498 1.13377
0.827773 1.3878 1.13566
0.820934 1.38855 1.1331
0.815846 1.38561 1.1319
0.817839 1.38206 1.1327
0.822893 1.38498 1.13377
0.815846 1.38561 1.1319
0.814897 1.38506 1.13398
0.816955 1.38155 1.13475
0.817839 1.38206 1.1327
0.814897 1.38506 1.13398
0.819913 1.38796 1.13559
0.821947 1.38444 1.13621
0.816955 1.38155 1.13475
0.819913 1.38796 1.13559
0.824928 1.39085 1.1372
0.826935 1.38732 1.13768
0.821947 1.38444 1.13621
0.824928 1.39085 1.1372
0.829885 1.39371 1.13903
0.83187 1.39016 1.13938
0.826935 1.38732 1.13768
0.829885 1.39371 1.13903
0.834736 1.39651 1.1412
0.836707 1.39296 1.14142
0.83187 1.39016 1.13938
0.841286 1.3956 1.14411
0.837096 1.39318 1.1407
0.839103 1.38964 1.14092
0.843296 1.39206 1.1442
0.837096 1.39318 1.1407
0.83251 1.39053 1.13799
0.834534 1.387 1.13836
0.839103 1.38964 1.14092
0.83251 1.39053 1.13799
0.827773 1.3878 1.13566
0.82982 1.38428 1.13617
0.834534 1.387 1.13836
0.827773 1.3878 1.13566
0.822893 1.38498 1.13377
0.824975 1.38149 1.13441
0.82982 1.38428 1.13617
0.822893 1.38498 1.13377
0.817839 1.38206 1.1327
0.819971 1.3786 1.13345
0.824975 1.38149 1.13441
0.817839 1.38206 1.1327
0.816955 1.38155 1.13475
0.819145 1.37812 1.13547
0.819971 1.3786 1.13345
0.816955 1.38155 1.13475
0.821947 1.38444 1.13621
0.824094 1.38098 1.1368
0.819145 1.37812 1.13547
0.821947 1.38444 1.13621
0.826935 1.38732 1.13768
0.829039 1.38383 1.13815
0.824094 1.38098 1.1368
0.826935 1.38732 1.13768
0.83187 1.39016 1.13938
0.833934 1.38666 1.13972
0.829039 1.38383 1.13815
0.83187 1.39016 1.13938
0.836707 1.39296 1.14142
0.838737 1.38943 1.14163
0.833934 1.38666 1.13972
0.843296 1.39206 1.1442
0.839103 1.38964 1.14092
0.841162 1.38614 1.14115
0.845338 1.38855 1.14428
0.839103 1.38964 1.14092
0.834534 1.387 1.13836
0.836627 1.38352 1.13872
0.841162 1.38614 1.14115
0.834534 1.387 1.13836
0.82982 1.38428 1.13617
0.831957 1.38082 1.13666
0.836627 1.38352 1.13872
0.82982 1.38428 1.13617
0.824975 1.38149 1.13441
0.827163 1.37805 1.13502
0.831957 1.38082 1.13666
0.824975 1.38149 1.13441
0.819971 1.3786 1.13345
0.822226 1.3752 1.13418
0.827163 1.37805 1.13502
0.819971 1.3786 1.13345
0.819145 1.37812 1.13547
0.821453 1.37476 1.13615
0.822226 1.3752 1.13418
0.819145 1.37812 1.13547
0.824094 1.38098 1.1368
0.826343 1.37758 1.13736
0.821453 1.37476 1.13615
0.824094 1.38098 1.1368
0.829039 1.38383 1.13815
0.831227 1.3804 1.13859
0.826343 1.37758 1.13736
0.829039 1.38383 1.13815
0.833934 1.38666 1.13972
0.836065 1.38319 1.14005
0.831227 1.3804 1.13859
0.833934 1.38666 1.13972
0.838737 1.38943 1.14163
0.840817 1.38594 1.14184
0.836065 1.38319 1.14005
0.845338 1.38855 1.14428
0.841162 1.38614 1.14115
0.843277 1.38266 1.14138
0.847417 1.38505 1.14438
0.841162 1.38614 1.14115
0.836627 1.38352 1.13872
0.838793 1.38007 1.13908
0.843277 1.38266 1.14138
0.836627 1.38352 1.13872
0.831957 1.38082 1.13666
0.834182 1.37741 1.13714
0.838793 1.38007 1.13908
0.831957 1.38082 1.13666
0.827163 1.37805 1.13502
0.829456 1.37468 1.13562
0.834182 1.37741 1.13714
0.827163 1.37805 1.13502
0.822226 1.3752 1.13418
0.824601 1.37188 1.13487
0.829456 1.37468 1.13562
0.822226 1.3752 1.13418
0.821453 1.37476 1.13615
0.823877 1.37146 1.13679
0.824601 1.37188 1.13487
0.821453 1.37476 1.13615
0.826343 1.37758 1.13736
0.828691 1.37424 1.13789
0.823877 1.37146 1.13679
0.826343 1.37758 1.13736
0.831227 1.3804 1.13859
0.8335 1.37701 1.13902
0.828691 1.37424 1.13789
0.831227 1.3804 1.13859
0.836065 1.38319 1.14005
0.838266 1.37976 1.14037
0.8335 1.37701 1.13902
0.836065 1.38319 1.14005
0.840817 1.38594 1.14184
0.842951 1.38247 1.14206
0.838266 1.37976 1.14037
0.847417 1.38505 1.14438
0.843277 1.38266 1.14138
0.845438 1.37921 1.1416
0.849527 1.38157 1.14447
0.843277 1.38266 1.14138
0.838793 1.38007 1.13908
0.841022 1.37666 1.13942
0.845438 1.37921 1.1416
0.838793 1.38007 1.13908
0.834182 1.37741 1.13714
0.836486 1.37404 1.1376
0.841022 1.37666 1.13942
0.834182 1.37741 1.13714
0.829456 1.37468 1.13562
0.831843 1.37136 1.13619
0.836486 1.37404 1.1376
0.829456 1.37468 1.13562
0.824601 1.37188 1.13487
0.827083 1.36861 1.13553
0.831843 1.37136 1.13619
0.824601 1.37188 1.13487
0.823877 1.37146 1.13679
0.826405 1.36822 1.13741
0.827083 1.36861 1.13553
0.823877 1.37146 1.13679
0.828691 1.37424 1.13789
0.831129 1.37095 1.1384
0.826405 1.36822 1.13741
0.828691 1.37424 1.13789
0.8335 1.37701 1.13902
0.835848 1.37367 1.13944
0.831129 1.37095 1.1384
0.8335 1.37701 1.13902
0.838266 1.37976 1.14037
0.840527 1.37637 1.14069
0.835848 1.37367 1.13944
0.838266 1.37976 1.14037
0.842951 1.38247 1.14206
0.845131 1.37903 1.14226
0.840527 1.37637 1.14069
0.849527 1.38157 1.14447
0.845438 1.37921 1.1416
0.847645 1.37579 1.14182
0.851666 1.37811 1.14456
0.845438 1.37921 1.1416
0.841022 1.37666 1.13942
0.843312 1.37329 1.13976
0.847645 1.37579 1.14182
0.841022 1.37666 1.13942
0.836486 1.37404 1.1376
0.838866 1.37072 1.13805
0.843312 1.37329 1.13976
0.836486 1.37404 1.1376
0.831843 1.37136 1.13619
0.834321 1.3681 1.13674
0.838866 1.37072 1.13805
0.831843 1.37136 1.13619
0.827083 1.36861 1.13553
0.829669 1.36541 1.13617
0.834321 1.3681 1.13674
0.827083 1.36861 1.13553
0.826405 1.36822 1.13741
0.829033 1.36504 1.13799
0.829669 1.36541 1.13617
0.826405 1.36822 1.13741
0.831129 1.37095 1.1384
0.833654 1.36771 1.13889
0.829033 1.36504 1.13799
0.831129 1.37095 1.1384
0.835848 1.37367 1.13944
0.838269 1.37038 1.13984
0.833654 1.36771 1.13889
0.835848 1.37367 1.13944
0.840527 1.37637 1.14069
0.842847 1.37302 1.14099
0.838269 1.37038 1.13984
0.840527 1.37637 1.14069
0.845131 1.37903 1.14226
0.847355 1.37562 1.14247
0.842847 1.37302 1.14099
0.851666 1.37811 1.14456
0.847645 1.37579 1.14182
0.849899 1.37239 1.14205
0.853841 1.37467 1.14465
0.847645 1.37579 1.14182
0.843312 1.37329 1.13976
0.845664 1.36995 1.1401
0.849899 1.37239 1.14205
0.843312 1.37329 1.13976
0.838866 1.37072 1.13805
0.841323 1.36744 1.1385
0.845664 1.36995 1.1401
0.838866 1.37072 1.13805
0.834321 1.3681 1.13674
0.836888 1.36488 1.13728
0.841323 1.36744 1.1385
0.834321 1.3681 1.13674
0.829669 1.36541 1.13617
0.832357 1.36226 1.13679
0.836888 1.36488 1.13728
0.829669 1.36541 1.13617
0.829033 1.36504 1.13799
0.831761 1.36192 1.13854
0.832357 1.36226 1.13679
0.829033 1.36504 1.13799
0.833654 1.36771 1.13889
0.836263 1.36452 1.13937
0.831761 1.36192 1.13854
0.833654 1.36771 1.13889
0.838269 1.37038 1.13984
0.84076 1.36711 1.14024
0.836263 1.36452 1.13937
0.838269 1.37038 1.13984
0.842847 1.37302 1.14099
0.845224 1.36969 1.14131
0.84076 1.36711 1.14024
0.842847 1.37302 1.14099
0.847355 1.37562 1.14247
0.849623 1.37223 1.14268
0.845224 1.36969 1.14131
0.853841 1.37467 1.14465
0.849899 1.37239 1.14205
0.852185 1.36902 1.14229
0.856041 1.37124 1.14474
0.849899 1.37239 1.14205
0.845664 1.36995 1.1401
0.848066 1.36664 1.14044
0.852185 1.36902 1.14229
0.845664 1.36995 1.1401
0.841323 1.36744 1.1385
0.843846 1.3642 1.13894
0.848066 1.36664 1.14044
0.841323 1.36744 1.1385
0.836888 1.36488 1.13728
0.839536 1.36171 1.13782
0.843846 1.3642 1.13894
0.836888 1.36488 1.13728
0.832357 1.36226 1.13679
0.835141 1.35917 1.1374
0.839536 1.36171 1.13782
0.832357 1.36226 1.13679
0.831761 1.36192 1.13854
0.834582 1.35885 1.13907
0.835141 1.35917 1.1374
0.831761 1.36192 1.13854
0.836263 1.36452 1.13937
0.838949 1.36137 1.13984
0.834582 1.35885 1.13907
0.836263 1.36452 1.13937
0.84076 1.36711 1.14024
0.84331 1.36389 1.14066
0.838949 1.36137 1.13984
0.84076 1.36711 1.14024
0.845224 1.36969 1.14131
0.847642 1.36639 1.14166
0.84331 1.36389 1.14066
0.845224 1.36969 1.14131
0.849623 1.37223 1.14268
0.85192 1.36886 1.14293
0.847642 1.36639 1.14166
0.856041 1.37124 1.14474
0.852185 1.36902 1.14229
0.854509 1.36566 1.14252
0.858266 1.36783 1.14483
0.852185 1.36902 1.14229
0.848066 1.36664 1.14044
0.850516 1.36336 1.14078
0.854509 1.36566 1.14252
0.848066 1.36664 1.14044
0.843846 1.3642 1.13894
0.846428 1.361 1.13937
0.850516 1.36336 1.14078
0.843846 1.3642 1.13894
0.839536 1.36171 1.13782
0.842255 1.35859 1.13834
0.846428 1.361 1.13937
0.839536 1.36171 1.13782
0.835141 1.35917 1.1374
0.838005 1.35613 1.13799
0.842255 1.35859 1.13834
0.835141 1.35917 1.1374
0.834582 1.35885 1.13907
0.837481 1.35583 1.13958
0.838005 1.35613 1.13799
0.834582 1.35885 1.13907
0.838949 1.36137 1.13984
0.841704 1.35827 1.1403
0.837481 1.35583 1.13958
0.838949 1.36137 1.13984
0.84331 1.36389 1.14066
0.845921 1.3607 1.14106
0.841704 1.35827 1.1403
0.84331 1.36389 1.14066
0.847642 1.36639 1.14166
0.850112 1.36312 1.14199
0.845921 1.3607 1.14106
0.847642 1.36639 1.14166
0.85192 1.36886 1.14293
0.854255 1.36551 1.14317
0.850112 1.36312 1.14199
0.858266 1.36783 1.14483
0.854509 1.36566 1.14252
0.856874 1.36233 1.14276
0.86052 1.36443 1.14492
0.854509 1.36566 1.14252
0.850516 1.36336 1.14078
0.853018 1.3601 1.14112
0.856874 1.36233 1.14276
0.850516 1.36336 1.14078
0.846428 1.361 1.13937
0.849072 1.35782 1.1398
0.853018 1.3601 1.14112
0.846428 1.361 1.13937
0.842255 1.35859 1.13834
0.845048 1.3555 1.13885
0.849072 1.35782 1.1398
0.842255 1.35859 1.13834
0.838005 1.35613 1.13799
0.840953 1.35314 1.13855
0.845048 1.3555 1.13885
0.838005 1.35613 1.13799
0.837481 1.35583 1.13958
0.840465 1.35285 1.14006
0.840953 1.35314 1.13855
0.837481 1.35583 1.13958
0.841704 1.35827 1.1403
0.844533 1.3552 1.14074
0.840465 1.35285 1.14006
0.841704 1.35827 1.1403
0.845921 1.3607 1.14106
0.848595 1.35755 1.14145
0.844533 1.3552 1.14074
0.845921 1.3607 1.14106
0.850112 1.36312 1.14199
0.852635 1.35988 1.14232
0.848595 1.35755 1.14145
0.850112 1.36312 1.14199
0.854255 1.36551 1.14317
0.856634 1.36219 1.14341
0.852635 1.35988 1.14232
0.86052 1.36443 1.14492
0.856874 1.36233 1.14276
0.859272 1.35902 1.14299
0.862796 1.36105 1.14501
0.856874 1.36233 1.14276
0.853018 1.3601 1.14112
0.855563 1.35688 1.14146
0.859272 1.35902 1.14299
0.853018 1.3601 1.14112
0.849072 1.35782 1.1398
0.85177 1.35469 1.14022
0.855563 1.35688 1.14146
0.849072 1.35782 1.1398
0.845048 1.3555 1.13885
0.847905 1.35245 1.13934
0.85177 1.35469 1.14022
0.845048 1.3555 1.13885
0.840953 1.35314 1.13855
0.843975 1.35019 1.1391
0.847905 1.35245 1.13934
0.840953 1.35314 1.13855
0.840465 1.35285 1.14006
0.843521 1.34992 1.14053
0.843975 1.35019 1.1391
0.840465 1.35285 1.14006
0.844533 1.3552 1.14074
0.847426 1.35218 1.14115
0.843521 1.34992 1.14053
0.844533 1.3552 1.14074
0.848595 1.35755 1.14145
0.851325 1.35443 1.14182
0.847426 1.35218 1.14115
0.848595 1.35755 1.14145
0.852635 1.35988 1.14232
0.855204 1.35667 1.14262
0.851325 1.35443 1.14182
0.852635 1.35988 1.14232
0.856634 1.36219 1.14341
0.859047 1.35889 1.14363
0.855204 1.35667 1.14262
0.862796 1.36105 1.14501
0.859272 1.35902 1.14299
0.861705 1.35572 1.14322
0.865095 1.35768 1.1451
0.859272 1.35902 1.14299
0.855563 1.35688 1.14146
0.858152 1.35367 1.14178
0.861705 1.35572 1.14322
0.855563 1.35688 1.14146
0.85177 1.35469 1.14022
0.854522 1.35158 1.14063
0.858152 1.35367 1.14178
0.85177 1.35469 1.14022
0.847905 1.35245 1.13934
0.850824 1.34944 1.13982
0.854522 1.35158 1.14063
0.847905 1.35245 1.13934
0.843975 1.35019 1.1391
0.847069 1.34727 1.13963
0.850824 1.34944 1.13982
0.843975 1.35019 1.1391
0.843521 1.34992 1.14053
0.846648 1.34703 1.14098
0.847069 1.34727 1.13963
0.843521 1.34992 1.14053
0.847426 1.35218 1.14115
0.85038 1.34918 1.14156
0.846648 1.34703 1.14098
0.847426 1.35218 1.14115
0.851325 1.35443 1.14182
0.854107 1.35134 1.14217
0.85038 1.34918 1.14156
0.851325 1.35443 1.14182
0.855204 1.35667 1.14262
0.857817 1.35348 1.14292
0.854107 1.35134 1.14217
0.855204 1.35667 1.14262
0.859047 1.35889 1.14363
0.861495 1.3556 1.14385
0.857817 1.35348 1.14292
0.865095 1.35768 1.1451
0.861705 1.35572 1.14322
0.86417 1.35245 1.14345
0.867416 1.35432 1.14518
0.861705 1.35572 1.14322
0.858152 1.35367 1.14178
0.860783 1.3505 1.14211
0.86417 1.35245 1.14345
0.858152 1.35367 1.14178
0.854522 1.35158 1.14063
0.857325 1.3485 1.14104
0.860783 1.3505 1.14211
0.854522 1.35158 1.14063
0.850824 1.34944 1.13982
0.853804 1.34647 1.14029
0.857325 1.3485 1.14104
0.850824 1.34944 1.13982
0.847069 1.34727 1.13963
0.850231 1.3444 1.14014
0.853804 1.34647 1.14029
0.847069 1.34727 1.13963
0.846648 1.34703 1.14098
0.849841 1.34418 1.14142
0.850231 1.3444 1.14014
0.846648 1.34703 1.14098
0.85038 1.34918 1.14156
0.853393 1.34623 1.14195
0.849841 1.34418 1.14142
0.85038 1.34918 1.14156
0.854107 1.35134 1.14217
0.85694 1.34828 1.14252
0.853393 1.34623 1.14195
0.854107 1.35134 1.14217
0.857817 1.35348 1.14292
0.860471 1.35031 1.14321
0.85694 1.34828 1.14252
0.857817 1.35348 1.14292
0.861495 1.3556 1.14385
0.863976 1.35234 1.14405
0.860471 1.35031 1.14321
0.867416 1.35432 1.14518
0.86417 1.35245 1.14345
0.866665 1.3492 1.14367
0.869756 1.35098 1.14527
0.86417 1.35245 1.14345
0.860783 1.3505 1.14211
0.863451 1.34734 1.14243
0.866665 1.3492 1.14367
0.860783 1.3505 1.14211
0.857325 1.3485 1.14104
0.860173 1.34545 1.14143
0.863451 1.34734 1.14243
0.857325 1.3485 1.14104
0.853804 1.34647 1.14029
0.856836 1.34352 1.14075
0.860173 1.34545 1.14143
0.853804 1.34647 1.14029
0.850231 1.3444 1.14014
0.853453 1.34157 1.14063
0.856836 1.34352 1.14075
0.850231 1.3444 1.14014
0.849841 1.34418 1.14142
0.853093 1.34136 1.14183
0.853453 1.34157 1.14063
0.849841 1.34418 1.14142
0.853393 1.34623 1.14195
0.856457 1.3433 1.14232
0.853093 1.34136 1.14183
0.853393 1.34623 1.14195
0.85694 1.34828 1.14252
0.859817 1.34524 1.14285
0.856457 1.3433 1.14232
0.85694 1.34828 1.14252
0.860471 1.35031 1.14321
0.863162 1.34717 1.14348
0.859817 1.34524 1.14285
0.860471 1.35031 1.14321
0.863976 1.35234 1.14405
0.866485 1.34909 1.14426
0.863162 1.34717 1.14348
0.869756 1.35098 1.14527
0.866665 1.3492 1.14367
0.869189 1.34595 1.14389
0.872116 1.34764 1.14535
0.866665 1.3492 1.14367
0.863451 1.34734 1.14243
0.866157 1.3442 1.14274
0.869189 1.34595 1.14389
0.863451 1.34734 1.14243
0.860173 1.34545 1.14143
0.863067 1.34242 1.14182
0.866157 1.3442 1.14274
0.860173 1.34545 1.14143
0.856836 1.34352 1.14075
0.859923 1.3406 1.1412
0.863067 1.34242 1.14182
0.856836 1.34352 1.14075
0.853453 1.34157 1.14063
0.856737 1.33876 1.1411
0.859923 1.3406 1.1412
0.853453 1.34157 1.14063
0.853093 1.34136 1.14183
0.856408 1.33857 1.14223
0.856737 1.33876 1.1411
0.853093 1.34136 1.14183
0.856457 1.3433 1.14232
0.859576 1.3404 1.14268
0.856408 1.33857 1.14223
0.856457 1.3433 1.14232
0.859817 1.34524 1.14285
0.86274 1.34223 1.14316
0.859576 1.3404 1.14268
0.859817 1.34524 1.14285
0.863162 1.34717 1.14348
0.865892 1.34405 1.14374
0.86274 1.34223 1.14316
0.863162 1.34717 1.14348
0.866485 1.34909 1.14426
0.869024 1.34586 1.14445
0.865892 1.34405 1.14374
0.872116 1.34764 1.14535
0.869189 1.34595 1.14389
0.871737 1.34273 1.1441
0.87449 1.34432 1.14543
0.869189 1.34595 1.14389
0.866157 1.3442 1.14274
0.868894 1.34109 1.14305
0.871737 1.34273 1.1441
0.866157 1.3442 1.14274
0.863067 1.34242 1.14182
0.865999 1.33942 1.1422
0.868894 1.34109 1.14305
0.863067 1.34242 1.14182
0.859923 1.3406 1.1412
0.863055 1.33772 1.14163
0.865999 1.33942 1.1422
0.859923 1.3406 1.1412
0.856737 1.33876 1.1411
0.860074 1.336 1.14156
0.863055 1.33772 1.14163
0.856737 1.33876 1.1411
0.856408 1.33857 1.14223
0.859773 1.33582 1.14262
0.860074 1.336 1.14156
0.856408 1.33857 1.14223
0.859576 1.3404 1.14268
0.862739 1.33753 1.14302
0.859773 1.33582 1.14262
0.859576 1.3404 1.14268
0.86274 1.34223 1.14316
0.865701 1.33924 1.14347
0.862739 1.33753 1.14302
0.86274 1.34223 1.14316
0.865892 1.34405 1.14374
0.868652 1.34095 1.144
0.865701 1.33924 1.14347
0.865892 1.34405 1.14374
0.869024 1.34586 1.14445
0.871587 1.34264 1.14464
0.868652 1.34095 1.144
0.87449 1.34432 1.14543
0.871737 1.34273 1.1441
0.874309 1.33952 1.14431
0.87688 1.341 1.14551
0.871737 1.34273 1.1441
0.868894 1.34109 1.14305
0.871663 1.33799 1.14334
0.874309 1.33952 1.14431
0.868894 1.34109 1.14305
0.865999 1.33942 1.1422
0.86897 1.33644 1.14257
0.871663 1.33799 1.14334
0.865999 1.33942 1.1422
0.863055 1.33772 1.14163
0.866232 1.33486 1.14206
0.86897 1.33644 1.14257
0.863055 1.33772 1.14163
0.860074 1.336 1.14156
0.863462 1.33326 1.14201
0.866232 1.33486 1.14206
0.860074 1.336 1.14156
0.859773 1.33582 1.14262
0.863189 1.3331 1.14299
0.863462 1.33326 1.14201
0.859773 1.33582 1.14262
0.862739 1.33753 1.14302
0.865946 1.33469 1.14335
0.863189 1.3331 1.14299
0.862739 1.33753 1.14302
0.865701 1.33924 1.14347
0.868699 1.33628 1.14376
0.865946 1.33469 1.14335
0.865701 1.33924 1.14347
0.868652 1.34095 1.144
0.871443 1.33786 1.14424
0.868699 1.33628 1.14376
0.868652 1.34095 1.144
0.871587 1.34264 1.14464
0.874173 1.33944 1.14481
0.871443 1.33786 1.14424
0.87688 1.341 1.14551
0.874309 1.33952 1.14431
0.876905 1.33632 1.14451
0.879286 1.33769 1.14559
0.874309 1.33952 1.14431
0.871663 1.33799 1.14334
0.874462 1.33491 1.14364
0.876905 1.33632 1.14451
0.871663 1.33799 1.14334
0.86897 1.33644 1.14257
0.871978 1.33347 1.14294
0.874462 1.33491 1.14364
0.86897 1.33644 1.14257
0.866232 1.33486 1.14206
0.869453 1.33202 1.14247
0.871978 1.33347 1.14294
0.866232 1.33486 1.14206
0.863462 1.33326 1.14201
0.866899 1.33054 1.14244
0.869453 1.33202 1.14247
0.863462 1.33326 1.14201
0.863189 1.3331 1.14299
0.866653 1.3304 1.14334
0.866899 1.33054 1.14244
0.863189 1.3331 1.14299
0.865946 1.33469 1.14335
0.869195 1.33187 1.14367
0.866653 1.3304 1.14334
0.865946 1.33469 1.14335
0.868699 1.33628 1.14376
0.871734 1.33333 1.14404
0.869195 1.33187 1.14367
0.868699 1.33628 1.14376
0.871443 1.33786 1.14424
0.874264 1.33479 1.14447
0.871734 1.33333 1.14404
0.871443 1.33786 1.14424
0.874173 1.33944 1.14481
0.876784 1.33625 1.14498
0.874264 1.33479 1.14447
0.879286 1.33769 1.14559
0.876905 1.33632 1.14451
0.879519 1.33313 1.14471
0.881703 1.33439 1.14567
0.876905 1.33632 1.14451
0.874462 1.33491 1.14364
0.877286 1.33184 1.14392
0.879519 1.33313 1.14471
0.874462 1.33491 1.14364
0.871978 1.33347 1.14294
0.875016 1.33053 1.14329
0.877286 1.33184 1.14392
0.871978 1.33347 1.14294
0.869453 1.33202 1.14247
0.872709 1.3292 1.14288
0.875016 1.33053 1.14329
0.869453 1.33202 1.14247
0.866899 1.33054 1.14244
0.870377 1.32785 1.14286
0.872709 1.3292 1.14288
0.866899 1.33054 1.14244
0.866653 1.3304 1.14334
0.870158 1.32773 1.14368
0.870377 1.32785 1.14286
0.866653 1.3304 1.14334
0.869195 1.33187 1.14367
0.87248 1.32907 1.14398
0.870158 1.32773 1.14368
0.869195 1.33187 1.14367
0.871734 1.33333 1.14404
0.874798 1.33041 1.1443
0.87248 1.32907 1.14398
0.871734 1.33333 1.14404
0.874264 1.33479 1.14447
0.87711 1.33174 1.14469
0.874798 1.33041 1.1443
0.874264 1.33479 1.14447
0.876784 1.33625 1.14498
0.879412 1.33307 1.14515
0.87711 1.33174 1.14469
0.881703 1.33439 1.14567
0.879519 1.33313 1.14471
0.882154 1.32996 1.1449
0.884133 1.3311 1.14574
0.879519 1.33313 1.14471
0.877286 1.33184 1.14392
0.880135 1.32879 1.1442
0.882154 1.32996 1.1449
0.877286 1.33184 1.14392
0.875016 1.33053 1.14329
0.878084 1.32761 1.14364
0.880135 1.32879 1.1442
0.875016 1.33053 1.14329
0.872709 1.3292 1.14288
0.876001 1.3264 1.14327
0.878084 1.32761 1.14364
0.872709 1.3292 1.14288
0.870377 1.32785 1.14286
0.873896 1.32519 1.14327
0.876001 1.3264 1.14327
0.870377 1.32785 1.14286
0.870158 1.32773 1.14368
0.873703 1.32508 1.14401
0.873896 1.32519 1.14327
0.870158 1.32773 1.14368
0.87248 1.32907 1.14398
0.875799 1.32629 1.14427
0.873703 1.32508 1.14401
0.87248 1.32907 1.14398
0.874798 1.33041 1.1443
0.877892 1.3275 1.14456
0.875799 1.32629 1.14427
0.874798 1.33041 1.1443
0.87711 1.33174 1.14469
0.87998 1.3287 1.1449
0.877892 1.3275 1.14456
0.87711 1.33174 1.14469
0.879412 1.33307 1.14515
0.88206 1.3299 1.1453
0.87998 1.3287 1.1449
0.884133 1.3311 1.14574
0.882154 1.32996 1.1449
0.884697 1.32693 1.14507
0.886471 1.32795 1.14581
0.882154 1.32996 1.1449
0.880135 1.32879 1.1442
0.882888 1.32588 1.14445
0.884697 1.32693 1.14507
0.880135 1.32879 1.1442
0.878084 1.32761 1.14364
0.881052 1.32482 1.14396
0.882888 1.32588 1.14445
0.878084 1.32761 1.14364
0.876001 1.3264 1.14327
0.879187 1.32375 1.14364
0.881052 1.32482 1.14396
0.876001 1.3264 1.14327
0.873896 1.32519 1.14327
0.877303 1.32266 1.14364
0.879187 1.32375 1.14364
0.873896 1.32519 1.14327
0.873703 1.32508 1.14401
0.877133 1.32256 1.14431
0.877303 1.32266 1.14364
0.873703 1.32508 1.14401
0.875799 1.32629 1.14427
0.879009 1.32364 1.14453
0.877133 1.32256 1.14431
0.875799 1.32629 1.14427
0.877892 1.3275 1.14456
0.880883 1.32473 1.14478
0.879009 1.32364 1.14453
0.877892 1.3275 1.14456
0.87998 1.3287 1.1449
0.882752 1.3258 1.14508
0.880883 1.32473 1.14478
0.87998 1.3287 1.1449
0.88206 1.3299 1.1453
0.884614 1.32688 1.14543
0.882752 1.3258 1.14508
0.886471 1.32795 1.14581
0.884697 1.32693 1.14507
0.885373 1.32623 1.14512
0.887086 1.32722 1.14583
0.884697 1.32693 1.14507
0.882888 1.32588 1.14445
0.883628 1.32522 1.14453
0.885373 1.32623 1.14512
0.882888 1.32588 1.14445
0.881052 1.32482 1.14396
0.881856 1.3242 1.14405
0.883628 1.32522 1.14453
0.881052 1.32482 1.14396
0.879187 1.32375 1.14364
0.880056 1.32316 1.14374
0.881856 1.3242 1.14405
0.879187 1.32375 1.14364
0.877303 1.32266 1.14364
0.878239 1.32211 1.14375
0.880056 1.32316 1.14374
0.877303 1.32266 1.14364
0.877133 1.32256 1.14431
0.878075 1.32202 1.1444
0.878239 1.32211 1.14375
0.877133 1.32256 1.14431
0.879009 1.32364 1.14453
0.879885 1.32306 1.14461
0.878075 1.32202 1.1444
0.879009 1.32364 1.14453
0.880883 1.32473 1.14478
0.881693 1.32411 1.14485
0.879885 1.32306 1.14461
0.880883 1.32473 1.14478
0.882752 1.3258 1.14508
0.883497 1.32515 1.14514
0.881693 1.32411 1.14485
0.882752 1.3258 1.14508
0.884614 1.32688 1.14543
0.885294 1.32618 1.14547
0.883497 1.32515 1.14514
0.887086 1.32722 1.14583
0.885373 1.32623 1.14512
0.885991 1.3257 1.14518
0.887641 1.32665 1.14586
0.885373 1.32623 1.14512
0.883628 1.32522 1.14453
0.884311 1.32473 1.14461
0.885991 1.3257 1.14518
0.883628 1.32522 1.14453
0.881856 1.3242 1.14405
0.882604 1.32374 1.14415
0.884311 1.32473 1.14461
0.881856 1.3242 1.14405
0.880056 1.32316 1.14374
0.880871 1.32274 1.14386
0.882604 1.32374 1.14415
0.880056 1.32316 1.14374
0.878239 1.32211 1.14375
0.879121 1.32173 1.14387
0.880871 1.32274 1.14386
0.878239 1.32211 1.14375
0.878075 1.32202 1.1444
0.878964 1.32164 1.14449
0.879121 1.32173 1.14387
0.878075 1.32202 1.1444
0.879885 1.32306 1.14461
0.880707 1.32265 1.14469
0.878964 1.32164 1.14449
0.879885 1.32306 1.14461
0.881693 1.32411 1.14485
0.882448 1.32365 1.14492
0.880707 1.32265 1.14469
0.881693 1.32411 1.14485
0.883497 1.32515 1.14514
0.884184 1.32465 1.1452
0.882448 1.32365 1.14492
0.883497 1.32515 1.14514
0.885294 1.32618 1.14547
0.885915 1.32565 1.14551
0.884184 1.32465 1.1452
0.887641 1.32665 1.14586
0.885991 1.3257 1.14518
0.886678 1.32521 1.14525
0.888252 1.32611 1.1459
0.885991 1.3257 1.14518
0.884311 1.32473 1.14461
0.885075 1.32428 1.14471
0.886678 1.32521 1.14525
0.884311 1.32473 1.14461
0.882604 1.32374 1.14415
0.883447 1.32334 1.14427
0.885075 1.32428 1.14471
0.882604 1.32374 1.14415
0.880871 1.32274 1.14386
0.881795 1.32239 1.14399
0.883447 1.32334 1.14427
0.880871 1.32274 1.14386
0.879121 1.32173 1.14387
0.880126 1.32142 1.144
0.881795 1.32239 1.14399
0.879121 1.32173 1.14387
0.878964 1.32164 1.14449
0.879976 1.32134 1.1446
0.880126 1.32142 1.144
0.878964 1.32164 1.14449
0.880707 1.32265 1.14469
0.881639 1.3223 1.14479
0.879976 1.32134 1.1446
0.880707 1.32265 1.14469
0.882448 1.32365 1.14492
0.883299 1.32326 1.14501
0.881639 1.3223 1.14479
0.882448 1.32365 1.14492
0.884184 1.32465 1.1452
0.884955 1.32421 1.14527
0.883299 1.32326 1.14501
0.884184 1.32465 1.1452
0.885915 1.32565 1.14551
0.886606 1.32516 1.14557
0.884955 1.32421 1.14527
0.888252 1.32611 1.1459
0.886678 1.32521 1.14525
0.887441 1.32476 1.14534
0.888924 1.32561 1.14595
0.886678 1.32521 1.14525
0.885075 1.32428 1.14471
0.885931 1.32389 1.14483
0.887441 1.32476 1.14534
0.885075 1.32428 1.14471
0.883447 1.32334 1.14427
0.884398 1.323 1.14442
0.885931 1.32389 1.14483
0.883447 1.32334 1.14427
0.881795 1.32239 1.14399
0.882841 1.3221 1.14416
0.884398 1.323 1.14442
0.881795 1.32239 1.14399
0.880126 1.32142 1.144
0.88127 1.32119 1.14417
0.882841 1.3221 1.14416
0.880126 1.32142 1.144
0.879976 1.32134 1.1446
0.881129 1.32111 1.14473
0.88127 1.32119 1.14417
0.879976 1.32134 1.1446
0.881639 1.3223 1.14479
0.882695 1.32202 1.14491
0.881129 1.32111 1.14473
0.881639 1.3223 1.14479
0.883299 1.32326 1.14501
0.884259 1.32292 1.14512
0.882695 1.32202 1.14491
0.883299 1.32326 1.14501
0.884955 1.32421 1.14527
0.885818 1.32382 1.14536
0.884259 1.32292 1.14512
0.884955 1.32421 1.14527
0.886606 1.32516 1.14557
0.887373 1.32472 1.14564
0.885818 1.32382 1.14536
0.888924 1.32561 1.14595
0.887441 1.32476 1.14534
0.888297 1.32436 1.14545
0.88967 1.32516 1.14601
0.887441 1.32476 1.14534
0.885931 1.32389 1.14483
0.886898 1.32356 1.14498
0.888297 1.32436 1.14545
0.885931 1.32389 1.14483
0.884398 1.323 1.14442
0.885478 1.32274 1.1446
0.886898 1.32356 1.14498
0.884398 1.323 1.14442
0.882841 1.3221 1.14416
0.884036 1.3219 1.14436
0.885478 1.32274 1.1446
0.882841 1.3221 1.14416
0.88127 1.32119 1.14417
0.882581 1.32106 1.14437
0.884036 1.3219 1.14436
0.88127 1.32119 1.14417
0.881129 1.32111 1.14473
0.88245 1.32099 1.14489
0.882581 1.32106 1.14437
0.881129 1.32111 1.14473
0.882695 1.32202 1.14491
0.883901 1.32182 1.14506
0.88245 1.32099 1.14489
0.882695 1.32202 1.14491
0.884259 1.32292 1.14512
0.885349 1.32266 1.14524
0.883901 1.32182 1.14506
0.884259 1.32292 1.14512
0.885818 1.32382 1.14536
0.886794 1.3235 1.14547
0.885349 1.32266 1.14524
0.885818 1.32382 1.14536
0.887373 1.32472 1.14564
0.888234 1.32433 1.14573
0.886794 1.3235 1.14547
0.88967 1.32516 1.14601
0.888297 1.32436 1.14545
0.889276 1.32404 1.14558
0.890516 1.32476 1.14609
0.888297 1.32436 1.14545
0.886898 1.32356 1.14498
0.888012 1.32331 1.14516
0.889276 1.32404 1.14558
0.886898 1.32356 1.14498
0.885478 1.32274 1.1446
0.886728 1.32257 1.14482
0.888012 1.32331 1.14516
0.885478 1.32274 1.1446
0.884036 1.3219 1.14436
0.885426 1.32182 1.1446
0.886728 1.32257 1.14482
0.884036 1.3219 1.14436
0.882581 1.32106 1.14437
0.884111 1.32106 1.14461
0.885426 1.32182 1.1446
0.882581 1.32106 1.14437
0.88245 1.32099 1.14489
0.883994 1.32099 1.14508
0.884111 1.32106 1.14461
0.88245 1.32099 1.14489
0.883901 1.32182 1.14506
0.885304 1.32175 1.14523
0.883994 1.32099 1.14508
0.883901 1.32182 1.14506
0.885349 1.32266 1.14524
0.886613 1.3225 1.1454
0.885304 1.32175 1.14523
0.885349 1.32266 1.14524
0.886794 1.3235 1.14547
0.887918 1.32326 1.1456
0.886613 1.3225 1.1454
0.886794 1.3235 1.14547
0.888234 1.32433 1.14573
0.889219 1.32401 1.14583
0.887918 1.32326 1.1456
0.890516 1.32476 1.14609
0.889276 1.32404 1.14558
0.890425 1.32381 1.14575
0.8915 1.32444 1.14619
0.889276 1.32404 1.14558
0.888012 1.32331 1.14516
0.88933 1.32318 1.14538
0.890425 1.32381 1.14575
0.888012 1.32331 1.14516
0.886728 1.32257 1.14482
0.888219 1.32254 1.14509
0.88933 1.32318 1.14538
0.886728 1.32257 1.14482
0.885426 1.32182 1.1446
0.88709 1.32189 1.14491
0.888219 1.32254 1.14509
0.885426 1.32182 1.1446
0.884111 1.32106 1.14461
0.885951 1.32123 1.14492
0.88709 1.32189 1.14491
0.884111 1.32106 1.14461
0.883994 1.32099 1.14508
0.88585 1.32117 1.14532
0.885951 1.32123 1.14492
0.883994 1.32099 1.14508
0.885304 1.32175 1.14523
0.886985 1.32183 1.14545
0.88585 1.32117 1.14532
0.885304 1.32175 1.14523
0.886613 1.3225 1.1454
0.888118 1.32248 1.1456
0.886985 1.32183 1.14545
0.886613 1.3225 1.1454
0.887918 1.32326 1.1456
0.889249 1.32314 1.14577
0.888118 1.32248 1.1456
0.887918 1.32326 1.1456
0.889219 1.32401 1.14583
0.890376 1.32379 1.14597
0.889249 1.32314 1.14577
0.8915 1.32444 1.14619
0.890425 1.32381 1.14575
0.891877 1.32376 1.14599
0.892729 1.32426 1.14633
0.890425 1.32381 1.14575
0.88933 1.32318 1.14538
0.89101 1.32326 1.1457
0.891877 1.32376 1.14599
0.88933 1.32318 1.14538
0.888219 1.32254 1.14509
0.890129 1.32275 1.14547
0.89101 1.32326 1.1457
0.888219 1.32254 1.14509
0.88709 1.32189 1.14491
0.889235 1.32224 1.14532
0.890129 1.32275 1.14547
0.88709 1.32189 1.14491
0.885951 1.32123 1.14492
0.888334 1.32172 1.14533
0.889235 1.32224 1.14532
0.885951 1.32123 1.14492
0.88585 1.32117 1.14532
0.888253 1.32167 1.14565
0.888334 1.32172 1.14533
0.88585 1.32117 1.14532
0.886985 1.32183 1.14545
0.889152 1.32219 1.14575
0.888253 1.32167 1.14565
0.886985 1.32183 1.14545
0.888118 1.32248 1.1456
0.89005 1.32271 1.14586
0.889152 1.32219 1.14575
0.888118 1.32248 1.1456
0.889249 1.32314 1.14577
0.890946 1.32323 1.146
0.89005 1.32271 1.14586
0.889249 1.32314 1.14577
0.890376 1.32379 1.14597
0.891838 1.32374 1.14616
0.890946 1.32323 1.146
0.892729 1.32426 1.14633
0.891877 1.32376 1.14599
0.894118 1.32417 1.14639
0.894594 1.32444 1.14658
0.891877 1.32376 1.14599
0.89101 1.32326 1.1457
0.893633 1.32389 1.14623
0.894118 1.32417 1.14639
0.89101 1.32326 1.1457
0.890129 1.32275 1.14547
0.89314 1.3236 1.1461
0.893633 1.32389 1.14623
0.890129 1.32275 1.14547
0.889235 1.32224 1.14532
0.89264 1.32332 1.14602
0.89314 1.3236 1.1461
0.889235 1.32224 1.14532
0.888334 1.32172 1.14533
0.892136 1.32302 1.14602
0.89264 1.32332 1.14602
0.888334 1.32172 1.14533
0.888253 1.32167 1.14565
0.892091 1.323 1.1462
0.892136 1.32302 1.14602
0.888253 1.32167 1.14565
0.889152 1.32219 1.14575
0.892594 1.32329 1.14626
0.892091 1.323 1.1462
0.889152 1.32219 1.14575
0.89005 1.32271 1.14586
0.893096 1.32358 1.14632
0.892594 1.32329 1.14626
0.89005 1.32271 1.14586
0.890946 1.32323 1.146
0.893597 1.32387 1.1464
0.893096 1.32358 1.14632
0.890946 1.32323 1.146
0.891838 1.32374 1.14616
0.894096 1.32416 1.14649
0.893597 1.32387 1.1464
0.894594 1.32444 1.14658
0.894118 1.32417 1.14639
0.896507 1.32475 1.14683
0.896574 1.32479 1.14686
0.894118 1.32417 1.14639
0.893633 1.32389 1.14623
0.896438 1.32471 1.14681
0.896507 1.32475 1.14683
0.893633 1.32389 1.14623
0.89314 1.3236 1.1461
0.896368 1.32467 1.14679
0.896438 1.32471 1.14681
0.89314 1.3236 1.1461
0.89264 1.32332 1.14602
0.896297 1.32463 1.14678
0.896368 1.32467 1.14679
0.89264 1.32332 1.14602
0.892136 1.32302 1.14602
0.896225 1.32459 1.14678
0.896297 1.32463 1.14678
0.892136 1.32302 1.14602
0.892091 1.323 1.1462
0.896219 1.32458 1.1468
0.896225 1.32459 1.14678
0.892091 1.323 1.1462
0.892594 1.32329 1.14626
0.89629 1.32462 1.14681
0.896219 1.32458 1.1468
0.892594 1.32329 1.14626
0.893096 1.32358 1.14632
0.896362 1.32466 1.14682
0.89629 1.32462 1.14681
0.893096 1.32358 1.14632
0.893597 1.32387 1.1464
0.896433 1.3247 1.14683
0.896362 1.32466 1.14682
0.893597 1.32387 1.1464
0.894096 1.32416 1.14649
0.896504 1.32475 1.14684
0.896433 1.3247 1.14683
0.819301 1.42799 1.14043
0.822097 1.42961 1.1429
0.823452 1.42748 1.14286
0.820527 1.42579 1.14009
0.820527 1.42579 1.14009
0.823452 1.42748 1.14286
0.825493 1.42406 1.14294
0.822314 1.42222 1.13985
0.822314 1.42222 1.13985
0.825493 1.42406 1.14294
0.827491 1.42051 1.14314
0.823993 1.41849 1.13991
0.823993 1.41849 1.13991
0.827491 1.42051 1.14314
0.829465 1.41696 1.14337
0.825649 1.41475 1.14012
0.825649 1.41475 1.14012
0.829465 1.41696 1.14337
0.831446 1.4134 1.14355
0.827362 1.41104 1.14033
0.827362 1.41104 1.14033
0.831446 1.4134 1.14355
0.833427 1.40985 1.14371
0.82913 1.40737 1.14055
0.82913 1.40737 1.14055
0.833427 1.40985 1.14371
0.835403 1.40629 1.14384
0.83095 1.40372 1.14077
0.83095 1.40372 1.14077
0.835403 1.40629 1.14384
0.837368 1.40273 1.14394
0.83282 1.4001 1.14099
0.83282 1.4001 1.14099
0.837368 1.40273 1.14394
0.839317 1.39916 1.14403
0.834736 1.39651 1.1412
0.834736 1.39651 1.1412
0.839317 1.39916 1.14403
0.841286 1.3956 1.14411
0.836707 1.39296 1.14142
0.836707 1.39296 1.14142
0.841286 1.3956 1.14411
0.843296 1.39206 1.1442
0.838737 1.38943 1.14163
0.838737 1.38943 1.14163
0.843296 1.39206 1.1442
0.845338 1.38855 1.14428
0.840817 1.38594 1.14184
0.840817 1.38594 1.14184
0.845338 1.38855 1.14428
0.847417 1.38505 1.14438
0.842951 1.38247 1.14206
0.842951 1.38247 1.14206
0.847417 1.38505 1.14438
0.849527 1.38157 1.14447
0.845131 1.37903 1.14226
0.845131 1.37903 1.14226
0.849527 1.38157 1.14447
0.851666 1.37811 1.14456
0.847355 1.37562 1.14247
0.847355 1.37562 1.14247
0.851666 1.37811 1.14456
0.853841 1.37467 1.14465
0.849623 1.37223 1.14268
0.849623 1.37223 1.14268
0.853841 1.37467 1.14465
0.856041 1.37124 1.14474
0.85192 1.36886 1.14293
0.85192 1.36886 1.14293
0.856041 1.37124 1.14474
0.858266 1.36783 1.14483
0.854255 1.36551 1.14317
0.854255 1.36551 1.14317
0.858266 1.36783 1.14483
0.86052 1.36443 1.14492
0.856634 1.36219 1.14341
0.856634 1.36219 1.14341
0.86052 1.36443 1.14492
0.862796 1.36105 1.14501
0.859047 1.35889 1.14363
0.859047 1.35889 1.14363
0.862796 1.36105 1.14501
0.865095 1.35768 1.1451
0.861495 1.3556 1.14385
0.861495 1.3556 1.14385
0.865095 1.35768 1.1451
0.867416 1.35432 1.14518
0.863976 1.35234 1.14405
0.863976 1.35234 1.14405
0.867416 1.35432 1.14518
0.869756 1.35098 1.14527
0.866485 1.34909 1.14426
0.866485 1.34909 1.14426
0.869756 1.35098 1.14527
0.872116 1.34764 1.14535
0.869024 1.34586 1.14445
0.869024 1.34586 1.14445
0.872116 1.34764 1.14535
0.87449 1.34432 1.14543
0.871587 1.34264 1.14464
0.871587 1.34264 1.14464
0.87449 1.34432 1.14543
0.87688 1.341 1.14551
0.874173 1.33944 1.14481
0.874173 1.33944 1.14481
0.87688 1.341 1.14551
0.879286 1.33769 1.14559
0.876784 1.33625 1.14498
0.876784 1.33625 1.14498
0.879286 1.33769 1.14559
0.881703 1.33439 1.14567
0.879412 1.33307 1.14515
0.879412 1.33307 1.14515
0.881703 1.33439 1.14567
0.884133 1.3311 1.14574
0.88206 1.3299 1.1453
0.88206 1.3299 1.1453
0.884133 1.3311 1.14574
0.886471 1.32795 1.14581
0.884614 1.32688 1.14543
0.884614 1.32688 1.14543
0.886471 1.32795 1.14581
0.887086 1.32722 1.14583
0.885294 1.32618 1.14547
0.885294 1.32618 1.14547
0.887086 1.32722 1.14583
0.887641 1.32665 1.14586
0.885915 1.32565 1.14551
0.885915 1.32565 1.14551
0.887641 1.32665 1.14586
0.888252 1.32611 1.1459
0.886606 1.32516 1.14557
0.886606 1.32516 1.14557
0.888252 1.32611 1.1459
0.888924 1.32561 1.14595
0.887373 1.32472 1.14564
0.887373 1.32472 1.14564
0.888924 1.32561 1.14595
0.88967 1.32516 1.14601
0.888234 1.32433 1.14573
0.888234 1.32433 1.14573
0.88967 1.32516 1.14601
0.890516 1.32476 1.14609
0.889219 1.32401 1.14583
0.889219 1.32401 1.14583
0.890516 1.32476 1.14609
0.8915 1.32444 1.14619
0.890376 1.32379 1.14597
0.890376 1.32379 1.14597
0.8915 1.32444 1.14619
0.892729 1.32426 1.14633
0.891838 1.32374 1.14616
0.891838 1.32374 1.14616
0.892729 1.32426 1.14633
0.894594 1.32444 1.14658
0.894096 1.32416 1.14649
0.894096 1.32416 1.14649
0.894594 1.32444 1.14658
0.896574 1.32479 1.14686
0.896504 1.32475 1.14684
0.8135 1.4528 1.1457
0.8135 1.4528 1.1457
0.8135 1.4528 1.1457
0.8135 1.4528 1.1457
0.8135 1.4528 1.1457
0.8135 1.4528 1.1457
0.8135 1.4528 1.1457
0.8135 1.4528 1.1457
0.8135 1.4528 1.1457
0.8135 1.4528 1.1457
0.8135 1.4528 1.1457
0.8135 1.4528 1.1457
0.8135 1.4528 1.1457
0.8135 1.4528 1.1457
0.8135 1.4528 1.1457
0.8135 1.4528 1.1457
0.8135 1.4528 1.1457
0.8135 1.4528 1.1457
0.8135 1.4528 1.1457
0.8135 1.4528 1.1457
0.8135 1.4528 1.1457
0.8135 1.4528 1.1457
0.8135 1.4528 1.1457
0.8135 1.4528 1.1457
0.8135 1.4528 1.1457
0.8135 1.4528 1.1457
0.8135 1.4528 1.1457
0.8135 1.4528 1.1457
0.8135 1.4528 1.1457
0.8135 1.4528 1.1457
0.8135 1.4528 1.1457
0.8135 1.4528 1.1457
0.8135 1.4528 1.1457
0.8135 1.4528 1.1457
0.8135 1.4528 1.1457
0.8135 1.4528 1.1457
0.8135 1.4528 1.1457
0.8135 1.4528 1.1457
0.8135 1.4528 1.1457
0.8135 1.4528 1.1457
0.8135 1.4528 1.1457
0.8135 1.4528 1.1457
0.8135 1.4528 1.1457
0.8135 1.4528 1.1457
0.8135 1.4528 1.1457
0.8135 1.4528 1.1457
0.8135 1.4528 1.1457
0.8135 1.4528 1.1457
0.8135 1.4528 1.1457
0.8135 1.4528 1.1457
0.8135 1.4528 1.1457
0.8135 1.4528 1.1457
0.8135 1.4528 1.1457
0.8135 1.4528 1.1457
0.8135 1.4528 1.1457
0.8135 1.4528 1.1457
0.8135 1.4528 1.1457
0.8135 1.4528 1.1457
0.8135 1.4528 1.1457
0.8135 1.4528 1.1457
0.8135 1.4528 1.1457
0.8135 1.4528 1.1457
0.8135 1.4528 1.1457
0.8135 1.4528 1.1457
0.8135 1.4528 1.1457
0.8135 1.4528 1.1457
0.8135 1.4528 1.1457
0.8135 1.4528 1.1457
0.8135 1.4528 1.1457
0.8135 1.4528 1.1457
0.8135 1.4528 1.1457
0.8135 1.4528 1.1457
0.8135 1.4528 1.1457
0.8135 1.4528 1.1457
0.8135 1.4528 1.1457
0.8135 1.4528 1.1457
0.8135 1.4528 1.1457
0.8135 1.4528 1.1457
0.8135 1.4528 1.1457
0.8135 1.4528 1.1457
0.8135 1.4528 1.1457
0.8135 1.4528 1.1457
0.8135 1.4528 1.1457
0.8135 1.4528 1.1457
0.8135 1.4528 1.1457
0.8135 1.4528 1.1457
0.8135 1.4528 1.1457
0.8135 1.4528 1.1457
0.804903 1.47599 1.1429
0.806984 1.47719 1.13964
0.805765 1.4794 1.13934
0.803548 1.47812 1.14286
0.806984 1.47719 1.13964
0.80948 1.47864 1.13677
0.808426 1.48094 1.13622
0.805765 1.4794 1.13934
0.80948 1.47864 1.13677
0.812153 1.48018 1.13411
0.811277 1.48259 1.13334
0.808426 1.48094 1.13622
0.812153 1.48018 1.13411
0.815045 1.48185 1.13179
0.814355 1.48436 1.13078
0.811277 1.48259 1.13334
0.815045 1.48185 1.13179
0.818298 1.48373 1.13028
0.817808 1.48636 1.12903
0.814355 1.48436 1.13078
0.818298 1.48373 1.13028
0.819927 1.48467 1.13237
0.819455 1.48731 1.13107
0.817808 1.48636 1.12903
0.819927 1.48467 1.13237
0.81697 1.48296 1.13456
0.816274 1.48547 1.13344
0.819455 1.48731 1.13107
0.81697 1.48296 1.13456
0.813832 1.48115 1.13642
0.812945 1.48355 1.13553
0.816274 1.48547 1.13344
0.813832 1.48115 1.13642
0.810719 1.47935 1.13833
0.809655 1.48165 1.13771
0.812945 1.48355 1.13553
0.810719 1.47935 1.13833
0.807699 1.47761 1.14043
0.806473 1.47981 1.14009
0.809655 1.48165 1.13771
0.803548 1.47812 1.14286
0.805765 1.4794 1.13934
0.804017 1.48299 1.13913
0.801507 1.48154 1.14294
0.805765 1.4794 1.13934
0.808426 1.48094 1.13622
0.806998 1.48471 1.13578
0.804017 1.48299 1.13913
0.808426 1.48094 1.13622
0.811277 1.48259 1.13334
0.810179 1.48655 1.13268
0.806998 1.48471 1.13578
0.811277 1.48259 1.13334
0.814355 1.48436 1.13078
0.81359 1.48852 1.12993
0.810179 1.48655 1.13268
0.814355 1.48436 1.13078
0.817808 1.48636 1.12903
0.81737 1.4907 1.12797
0.81359 1.48852 1.12993
0.817808 1.48636 1.12903
0.819455 1.48731 1.13107
0.818954 1.49162 1.12997
0.81737 1.4907 1.12797
0.819455 1.48731 1.13107
0.816274 1.48547 1.13344
0.815403 1.48957 1.13247
0.818954 1.49162 1.12997
0.816274 1.48547 1.13344
0.812945 1.48355 1.13553
0.811752 1.48746 1.13477
0.815403 1.48957 1.13247
0.812945 1.48355 1.13553
0.809655 1.48165 1.13771
0.808156 1.48538 1.13719
0.811752 1.48746 1.13477
0.809655 1.48165 1.13771
0.806473 1.47981 1.14009
0.804686 1.48338 1.13985
0.808156 1.48538 1.13719
0.801507 1.48154 1.14294
0.804017 1.48299 1.13913
0.802395 1.48675 1.13921
0.799509 1.48509 1.14314
0.804017 1.48299 1.13913
0.806998 1.48471 1.13578
0.805759 1.4887 1.13578
0.802395 1.48675 1.13921
0.806998 1.48471 1.13578
0.810179 1.48655 1.13268
0.809326 1.49076 1.13265
0.805759 1.4887 1.13578
0.810179 1.48655 1.13268
0.81359 1.48852 1.12993
0.813113 1.49294 1.12988
0.809326 1.49076 1.13265
0.81359 1.48852 1.12993
0.81737 1.4907 1.12797
0.817241 1.49533 1.1279
0.813113 1.49294 1.12988
0.81737 1.4907 1.12797
0.818954 1.49162 1.12997
0.818698 1.49617 1.12991
0.817241 1.49533 1.1279
0.818954 1.49162 1.12997
0.815403 1.48957 1.13247
0.814755 1.49389 1.13237
0.818698 1.49617 1.12991
0.815403 1.48957 1.13247
0.811752 1.48746 1.13477
0.810752 1.49158 1.1347
0.814755 1.49389 1.13237
0.811752 1.48746 1.13477
0.808156 1.48538 1.13719
0.806813 1.48931 1.13718
0.810752 1.49158 1.1347
0.808156 1.48538 1.13719
0.804686 1.48338 1.13985
0.803007 1.48711 1.13991
0.806813 1.48931 1.13718
0.799509 1.48509 1.14314
0.802395 1.48675 1.13921
0.800793 1.49053 1.13941
0.797535 1.48864 1.14337
0.802395 1.48675 1.13921
0.805759 1.4887 1.13578
0.804526 1.49268 1.13602
0.800793 1.49053 1.13941
0.805759 1.4887 1.13578
0.809326 1.49076 1.13265
0.808457 1.49495 1.13295
0.804526 1.49268 1.13602
0.809326 1.49076 1.13265
0.813113 1.49294 1.12988
0.812594 1.49734 1.13026
0.808457 1.49495 1.13295
0.813113 1.49294 1.12988
0.817241 1.49533 1.1279
0.81704 1.49991 1.12838
0.812594 1.49734 1.13026
0.817241 1.49533 1.1279
0.818698 1.49617 1.12991
0.818366 1.50067 1.13041
0.81704 1.49991 1.12838
0.818698 1.49617 1.12991
0.814755 1.49389 1.13237
0.81407 1.49819 1.13274
0.818366 1.50067 1.13041
0.814755 1.49389 1.13237
0.810752 1.49158 1.1347
0.809741 1.49569 1.13499
0.81407 1.49819 1.13274
0.810752 1.49158 1.1347
0.806813 1.48931 1.13718
0.80548 1.49323 1.13741
0.809741 1.49569 1.13499
0.806813 1.48931 1.13718
0.803007 1.48711 1.13991
0.801351 1.49085 1.14012
0.80548 1.49323 1.13741
0.797535 1.48864 1.14337
0.800793 1.49053 1.13941
0.799119 1.49426 1.13962
0.795554 1.4922 1.14355
0.800793 1.49053 1.13941
0.804526 1.49268 1.13602
0.803153 1.49659 1.13629
0.799119 1.49426 1.13962
0.804526 1.49268 1.13602
0.808457 1.49495 1.13295
0.807379 1.49903 1.1333
0.803153 1.49659 1.13629
0.808457 1.49495 1.13295
0.812594 1.49734 1.13026
0.8118 1.50158 1.13072
0.807379 1.49903 1.1333
0.812594 1.49734 1.13026
0.81704 1.49991 1.12838
0.816502 1.50429 1.12896
0.8118 1.50158 1.13072
0.81704 1.49991 1.12838
0.818366 1.50067 1.13041
0.817727 1.505 1.13101
0.816502 1.50429 1.12896
0.818366 1.50067 1.13041
0.81407 1.49819 1.13274
0.813151 1.50236 1.13321
0.817727 1.505 1.13101
0.81407 1.49819 1.13274
0.809741 1.49569 1.13499
0.808557 1.49971 1.13535
0.813151 1.50236 1.13321
0.809741 1.49569 1.13499
0.80548 1.49323 1.13741
0.804033 1.49709 1.13769
0.808557 1.49971 1.13535
0.80548 1.49323 1.13741
0.801351 1.49085 1.14012
0.799638 1.49456 1.14033
0.804033 1.49709 1.13769
0.795554 1.4922 1.14355
0.799119 1.49426 1.13962
0.797382 1.49795 1.13982
0.793573 1.49575 1.14371
0.799119 1.49426 1.13962
0.803153 1.49659 1.13629
0.801649 1.50041 1.13659
0.797382 1.49795 1.13982
0.803153 1.49659 1.13629
0.807379 1.49903 1.1333
0.806102 1.50298 1.1337
0.801649 1.50041 1.13659
0.807379 1.49903 1.1333
0.8118 1.50158 1.13072
0.810741 1.50566 1.13124
0.806102 1.50298 1.1337
0.8118 1.50158 1.13072
0.816502 1.50429 1.12896
0.815635 1.50849 1.12961
0.810741 1.50566 1.13124
0.816502 1.50429 1.12896
0.817727 1.505 1.13101
0.81678 1.50915 1.13169
0.815635 1.50849 1.12961
0.817727 1.505 1.13101
0.813151 1.50236 1.13321
0.811994 1.50639 1.13374
0.81678 1.50915 1.13169
0.813151 1.50236 1.13321
0.808557 1.49971 1.13535
0.807199 1.50362 1.13577
0.811994 1.50639 1.13374
0.808557 1.49971 1.13535
0.804033 1.49709 1.13769
0.802472 1.50089 1.138
0.807199 1.50362 1.13577
0.804033 1.49709 1.13769
0.799638 1.49456 1.14033
0.79787 1.49823 1.14055
0.802472 1.50089 1.138
0.793573 1.49575 1.14371
0.797382 1.49795 1.13982
0.795586 1.50161 1.14003
0.791597 1.49931 1.14384
0.797382 1.49795 1.13982
0.801649 1.50041 1.13659
0.800022 1.50417 1.1369
0.795586 1.50161 1.14003
0.801649 1.50041 1.13659
0.806102 1.50298 1.1337
0.804636 1.50683 1.13414
0.800022 1.50417 1.1369
0.806102 1.50298 1.1337
0.810741 1.50566 1.13124
0.809424 1.5096 1.13181
0.804636 1.50683 1.13414
0.810741 1.50566 1.13124
0.815635 1.50849 1.12961
0.814448 1.5125 1.13032
0.809424 1.5096 1.13181
0.815635 1.50849 1.12961
0.81678 1.50915 1.13169
0.815527 1.51312 1.13243
0.814448 1.5125 1.13032
0.81678 1.50915 1.13169
0.811994 1.50639 1.13374
0.810599 1.51028 1.13433
0.815527 1.51312 1.13243
0.811994 1.50639 1.13374
0.807199 1.50362 1.13577
0.805666 1.50743 1.13622
0.810599 1.51028 1.13433
0.807199 1.50362 1.13577
0.802472 1.50089 1.138
0.800798 1.50462 1.13833
0.805666 1.50743 1.13622
0.802472 1.50089 1.138
0.79787 1.49823 1.14055
0.79605 1.50188 1.14077
0.800798 1.50462 1.13833
0.791597 1.49931 1.14384
0.795586 1.50161 1.14003
0.79374 1.50524 1.14025
0.789632 1.50287 1.14394
0.795586 1.50161 1.14003
0.800022 1.50417 1.1369
0.79828 1.50786 1.13725
0.79374 1.50524 1.14025
0.800022 1.50417 1.1369
0.804636 1.50683 1.13414
0.802989 1.51058 1.13462
0.79828 1.50786 1.13725
0.804636 1.50683 1.13414
0.809424 1.5096 1.13181
0.807863 1.5134 1.13243
0.802989 1.51058 1.13462
0.809424 1.5096 1.13181
0.814448 1.5125 1.13032
0.81295 1.51633 1.13109
0.807863 1.5134 1.13243
0.814448 1.5125 1.13032
0.815527 1.51312 1.13243
0.813965 1.51692 1.1332
0.81295 1.51633 1.13109
0.815527 1.51312 1.13243
0.810599 1.51028 1.13433
0.808961 1.51403 1.13495
0.813965 1.51692 1.1332
0.810599 1.51028 1.13433
0.805666 1.50743 1.13622
0.803956 1.51114 1.1367
0.808961 1.51403 1.13495
0.805666 1.50743 1.13622
0.800798 1.50462 1.13833
0.799011 1.50829 1.13867
0.803956 1.51114 1.1367
0.800798 1.50462 1.13833
0.79605 1.50188 1.14077
0.79418 1.5055 1.14099
0.799011 1.50829 1.13867
0.789632 1.50287 1.14394
0.79374 1.50524 1.14025
0.79185 1.50885 1.14047
0.787683 1.50644 1.14403
0.79374 1.50524 1.14025
0.79828 1.50786 1.13725
0.79643 1.51149 1.13762
0.79185 1.50885 1.14047
0.79828 1.50786 1.13725
0.802989 1.51058 1.13462
0.801172 1.51423 1.13514
0.79643 1.51149 1.13762
0.802989 1.51058 1.13462
0.807863 1.5134 1.13243
0.806066 1.51705 1.1331
0.801172 1.51423 1.13514
0.807863 1.5134 1.13243
0.81295 1.51633 1.13109
0.811154 1.51999 1.1319
0.806066 1.51705 1.1331
0.81295 1.51633 1.13109
0.813965 1.51692 1.1332
0.812103 1.52054 1.13398
0.811154 1.51999 1.1319
0.813965 1.51692 1.1332
0.808961 1.51403 1.13495
0.807087 1.51764 1.13559
0.812103 1.52054 1.13398
0.808961 1.51403 1.13495
0.803956 1.51114 1.1367
0.802072 1.51475 1.1372
0.807087 1.51764 1.13559
0.803956 1.51114 1.1367
0.799011 1.50829 1.13867
0.797115 1.51189 1.13903
0.802072 1.51475 1.1372
0.799011 1.50829 1.13867
0.79418 1.5055 1.14099
0.792264 1.50909 1.1412
0.797115 1.51189 1.13903
0.787683 1.50644 1.14403
0.79185 1.50885 1.14047
0.789904 1.51242 1.1407
0.785714 1.51 1.14411
0.79185 1.50885 1.14047
0.79643 1.51149 1.13762
0.79449 1.51507 1.13799
0.789904 1.51242 1.1407
0.79643 1.51149 1.13762
0.801172 1.51423 1.13514
0.799227 1.5178 1.13566
0.79449 1.51507 1.13799
0.801172 1.51423 1.13514
0.806066 1.51705 1.1331
0.804107 1.52062 1.13377
0.799227 1.5178 1.13566
0.806066 1.51705 1.1331
0.811154 1.51999 1.1319
0.809161 1.52354 1.1327
0.804107 1.52062 1.13377
0.811154 1.51999 1.1319
0.812103 1.52054 1.13398
0.810045 1.52405 1.13475
0.809161 1.52354 1.1327
0.812103 1.52054 1.13398
0.807087 1.51764 1.13559
0.805053 1.52116 1.13621
0.810045 1.52405 1.13475
0.807087 1.51764 1.13559
0.802072 1.51475 1.1372
0.800065 1.51828 1.13768
0.805053 1.52116 1.13621
0.802072 1.51475 1.1372
0.797115 1.51189 1.13903
0.79513 1.51544 1.13938
0.800065 1.51828 1.13768
0.797115 1.51189 1.13903
0.792264 1.50909 1.1412
0.790293 1.51264 1.14142
0.79513 1.51544 1.13938
0.785714 1.51 1.14411
0.789904 1.51242 1.1407
0.787897 1.51596 1.14092
0.783704 1.51354 1.1442
0.789904 1.51242 1.1407
0.79449 1.51507 1.13799
0.792466 1.5186 1.13836
0.787897 1.51596 1.14092
0.79449 1.51507 1.13799
0.799227 1.5178 1.13566
0.79718 1.52132 1.13617
0.792466 1.5186 1.13836
0.799227 1.5178 1.13566
0.804107 1.52062 1.13377
0.802025 1.52411 1.13441
0.79718 1.52132 1.13617
0.804107 1.52062 1.13377
0.809161 1.52354 1.1327
0.807029 1.527 1.13345
0.802025 1.52411 1.13441
0.809161 1.52354 1.1327
0.810045 1.52405 1.13475
0.807855 1.52748 1.13547
0.807029 1.527 1.13345
0.810045 1.52405 1.13475
0.805053 1.52116 1.13621
0.802906 1.52462 1.1368
0.807855 1.52748 1.13547
0.805053 1.52116 1.13621
0.800065 1.51828 1.13768
0.797961 1.52177 1.13815
0.802906 1.52462 1.1368
0.800065 1.51828 1.13768
0.79513 1.51544 1.13938
0.793066 1.51894 1.13972
0.797961 1.52177 1.13815
0.79513 1.51544 1.13938
0.790293 1.51264 1.14142
0.788263 1.51617 1.14163
0.793066 1.51894 1.13972
0.783704 1.51354 1.1442
0.787897 1.51596 1.14092
0.785838 1.51946 1.14115
0.781662 1.51705 1.14428
0.787897 1.51596 1.14092
0.792466 1.5186 1.13836
0.790373 1.52208 1.13872
0.785838 1.51946 1.14115
0.792466 1.5186 1.13836
0.79718 1.52132 1.13617
0.795043 1.52478 1.13666
0.790373 1.52208 1.13872
0.79718 1.52132 1.13617
0.802025 1.52411 1.13441
0.799837 1.52755 1.13502
0.795043 1.52478 1.13666
0.802025 1.52411 1.13441
0.807029 1.527 1.13345
0.804774 1.5304 1.13418
0.799837 1.52755 1.13502
0.807029 1.527 1.13345
0.807855 1.52748 1.13547
0.805547 1.53084 1.13615
0.804774 1.5304 1.13418
0.807855 1.52748 1.13547
0.802906 1.52462 1.1368
0.800657 1.52802 1.13736
0.805547 1.53084 1.13615
0.802906 1.52462 1.1368
0.797961 1.52177 1.13815
0.795773 1.5252 1.13859
0.800657 1.52802 1.13736
0.797961 1.52177 1.13815
0.793066 1.51894 1.13972
0.790935 1.52241 1.14005
0.795773 1.5252 1.13859
0.793066 1.51894 1.13972
0.788263 1.51617 1.14163
0.786183 1.51966 1.14184
0.790935 1.52241 1.14005
0.781662 1.51705 1.14428
0.785838 1.51946 1.14115
0.783723 1.52294 1.14138
0.779583 1.52055 1.14438
0.785838 1.51946 1.14115
0.790373 1.52208 1.13872
0.788207 1.52553 1.13908
0.783723 1.52294 1.14138
0.790373 1.52208 1.13872
0.795043 1.52478 1.13666
0.792818 1.52819 1.13714
0.788207 1.52553 1.13908
0.795043 1.52478 1.13666
0.799837 1.52755 1.13502
0.797544 1.53092 1.13562
0.792818 1.52819 1.13714
0.799837 1.52755 1.13502
0.804774 1.5304 1.13418
0.802399 1.53372 1.13487
0.797544 1.53092 1.13562
0.804774 1.5304 1.13418
0.805547 1.53084 1.13615
0.803123 1.53414 1.13679
0.802399 1.53372 1.13487
0.805547 1.53084 1.13615
0.800657 1.52802 1.13736
0.798309 1.53136 1.13789
0.803123 1.53414 1.13679
0.800657 1.52802 1.13736
0.795773 1.5252 1.13859
0.7935 1.52859 1.13902
0.798309 1.53136 1.13789
0.795773 1.5252 1.13859
0.790935 1.52241 1.14005
0.788734 1.52584 1.14037
0.7935 1.52859 1.13902
0.790935 1.52241 1.14005
0.786183 1.51966 1.14184
0.784049 1.52313 1.14206
0.788734 1.52584 1.14037
0.779583 1.52055 1.14438
0.783723 1.52294 1.14138
0.781562 1.52639 1.1416
0.777473 1.52403 1.14447
0.783723 1.52294 1.14138
0.788207 1.52553 1.13908
0.785978 1.52894 1.13942
0.781562 1.52639 1.1416
0.788207 1.52553 1.13908
0.792818 1.52819 1.13714
0.790514 1.53156 1.1376
0.785978 1.52894 1.13942
0.792818 1.52819 1.13714
0.797544 1.53092 1.13562
0.795157 1.53424 1.13619
0.790514 1.53156 1.1376
0.797544 1.53092 1.13562
0.802399 1.53372 1.13487
0.799917 1.53699 1.13553
0.795157 1.53424 1.13619
0.802399 1.53372 1.13487
0.803123 1.53414 1.13679
0.800595 1.53738 1.13741
0.799917 1.53699 1.13553
0.803123 1.53414 1.13679
0.798309 1.53136 1.13789
0.795871 1.53465 1.1384
0.800595 1.53738 1.13741
0.798309 1.53136 1.13789
0.7935 1.52859 1.13902
0.791152 1.53193 1.13944
0.795871 1.53465 1.1384
0.7935 1.52859 1.13902
0.788734 1.52584 1.14037
0.786473 1.52923 1.14069
0.791152 1.53193 1.13944
0.788734 1.52584 1.14037
0.784049 1.52313 1.14206
0.781869 1.52657 1.14226
0.786473 1.52923 1.14069
0.777473 1.52403 1.14447
0.781562 1.52639 1.1416
0.779355 1.52981 1.14182
0.775334 1.52749 1.14456
0.781562 1.52639 1.1416
0.785978 1.52894 1.13942
0.783688 1.53231 1.13976
0.779355 1.52981 1.14182
0.785978 1.52894 1.13942
0.790514 1.53156 1.1376
0.788134 1.53488 1.13805
0.783688 1.53231 1.13976
0.790514 1.53156 1.1376
0.795157 1.53424 1.13619
0.792679 1.5375 1.13674
0.788134 1.53488 1.13805
0.795157 1.53424 1.13619
0.799917 1.53699 1.13553
0.797331 1.54019 1.13617
0.792679 1.5375 1.13674
0.799917 1.53699 1.13553
0.800595 1.53738 1.13741
0.797967 1.54056 1.13799
0.797331 1.54019 1.13617
0.800595 1.53738 1.13741
0.795871 1.53465 1.1384
0.793346 1.53789 1.13889
0.797967 1.54056 1.13799
0.795871 1.53465 1.1384
0.791152 1.53193 1.13944
0.788731 1.53522 1.13984
0.793346 1.53789 1.13889
0.791152 1.53193 1.13944
0.786473 1.52923 1.14069
0.784153 1.53258 1.14099
0.788731 1.53522 1.13984
0.786473 1.52923 1.14069
0.781869 1.52657 1.14226
0.779645 1.52998 1.14247
0.784153 1.53258 1.14099
0.775334 1.52749 1.14456
0.779355 1.52981 1.14182
0.777101 1.53321 1.14205
0.773159 1.53093 1.14465
0.779355 1.52981 1.14182
0.783688 1.53231 1.13976
0.781336 1.53565 1.1401
0.777101 1.53321 1.14205
0.783688 1.53231 1.13976
0.788134 1.53488 1.13805
0.785677 1.53816 1.1385
0.781336 1.53565 1.1401
0.788134 1.53488 1.13805
0.792679 1.5375 1.13674
0.790112 1.54072 1.13728
0.785677 1.53816 1.1385
0.792679 1.5375 1.13674
0.797331 1.54019 1.13617
0.794643 1.54334 1.13679
0.790112 1.54072 1.13728
0.797331 1.54019 1.13617
0.797967 1.54056 1.13799
0.795239 1.54368 1.13854
0.794643 1.54334 1.13679
0.797967 1.54056 1.13799
0.793346 1.53789 1.13889
0.790737 1.54108 1.13937
0.795239 1.54368 1.13854
0.793346 1.53789 1.13889
0.788731 1.53522 1.13984
0.78624 1.53849 1.14024
0.790737 1.54108 1.13937
0.788731 1.53522 1.13984
0.784153 1.53258 1.14099
0.781776 1.53591 1.14131
0.78624 1.53849 1.14024
0.784153 1.53258 1.14099
0.779645 1.52998 1.14247
0.777377 1.53337 1.14268
0.781776 1.53591 1.14131
0.773159 1.53093 1.14465
0.777101 1.53321 1.14205
0.774815 1.53658 1.14229
0.770959 1.53436 1.14474
0.777101 1.53321 1.14205
0.781336 1.53565 1.1401
0.778934 1.53896 1.14044
0.774815 1.53658 1.14229
0.781336 1.53565 1.1401
0.785677 1.53816 1.1385
0.783154 1.5414 1.13894
0.778934 1.53896 1.14044
0.785677 1.53816 1.1385
0.790112 1.54072 1.13728
0.787464 1.54389 1.13782
0.783154 1.5414 1.13894
0.790112 1.54072 1.13728
0.794643 1.54334 1.13679
0.791859 1.54643 1.1374
0.787464 1.54389 1.13782
0.794643 1.54334 1.13679
0.795239 1.54368 1.13854
0.792418 1.54675 1.13907
0.791859 1.54643 1.1374
0.795239 1.54368 1.13854
0.790737 1.54108 1.13937
0.788051 1.54423 1.13984
0.792418 1.54675 1.13907
0.790737 1.54108 1.13937
0.78624 1.53849 1.14024
0.78369 1.54171 1.14066
0.788051 1.54423 1.13984
0.78624 1.53849 1.14024
0.781776 1.53591 1.14131
0.779358 1.53921 1.14166
0.78369 1.54171 1.14066
0.781776 1.53591 1.14131
0.777377 1.53337 1.14268
0.77508 1.53674 1.14293
0.779358 1.53921 1.14166
0.770959 1.53436 1.14474
0.774815 1.53658 1.14229
0.772491 1.53994 1.14252
0.768734 1.53777 1.14483
0.774815 1.53658 1.14229
0.778934 1.53896 1.14044
0.776484 1.54224 1.14078
0.772491 1.53994 1.14252
0.778934 1.53896 1.14044
0.783154 1.5414 1.13894
0.780572 1.5446 1.13937
0.776484 1.54224 1.14078
0.783154 1.5414 1.13894
0.787464 1.54389 1.13782
0.784745 1.54701 1.13834
0.780572 1.5446 1.13937
0.787464 1.54389 1.13782
0.791859 1.54643 1.1374
0.788995 1.54947 1.13799
0.784745 1.54701 1.13834
0.791859 1.54643 1.1374
0.792418 1.54675 1.13907
0.789519 1.54977 1.13958
0.788995 1.54947 1.13799
0.792418 1.54675 1.13907
0.788051 1.54423 1.13984
0.785296 1.54733 1.1403
0.789519 1.54977 1.13958
0.788051 1.54423 1.13984
0.78369 1.54171 1.14066
0.781079 1.5449 1.14106
0.785296 1.54733 1.1403
0.78369 1.54171 1.14066
0.779358 1.53921 1.14166
0.776888 1.54248 1.14199
0.781079 1.5449 1.14106
0.779358 1.53921 1.14166
0.77508 1.53674 1.14293
0.772745 1.54009 1.14317
0.776888 1.54248 1.14199
0.768734 1.53777 1.14483
0.772491 1.53994 1.14252
0.770126 1.54327 1.14276
0.76648 1.54117 1.14492
0.772491 1.53994 1.14252
0.776484 1.54224 1.14078
0.773982 1.5455 1.14112
0.770126 1.54327 1.14276
0.776484 1.54224 1.14078
0.780572 1.5446 1.13937
0.777928 1.54778 1.1398
0.773982 1.5455 1.14112
0.780572 1.5446 1.13937
0.784745 1.54701 1.13834
0.781952 1.5501 1.13885
0.777928 1.54778 1.1398
0.784745 1.54701 1.13834
0.788995 1.54947 1.13799
0.786047 1.55246 1.13855
0.781952 1.5501 1.13885
0.788995 1.54947 1.13799
0.789519 1.54977 1.13958
0.786535 1.55275 1.14006
0.786047 1.55246 1.13855
0.789519 1.54977 1.13958
0.785296 1.54733 1.1403
0.782467 1.5504 1.14074
0.786535 1.55275 1.14006
0.785296 1.54733 1.1403
0.781079 1.5449 1.14106
0.778405 1.54805 1.14145
0.782467 1.5504 1.14074
0.781079 1.5449 1.14106
0.776888 1.54248 1.14199
0.774365 1.54572 1.14232
0.778405 1.54805 1.14145
0.776888 1.54248 1.14199
0.772745 1.54009 1.14317
0.770366 1.54341 1.14341
0.774365 1.54572 1.14232
0.76648 1.54117 1.14492
0.770126 1.54327 1.14276
0.767728 1.54658 1.14299
0.764204 1.54455 1.14501
0.770126 1.54327 1.14276
0.773982 1.5455 1.14112
0.771437 1.54872 1.14146
0.767728 1.54658 1.14299
0.773982 1.5455 1.14112
0.777928 1.54778 1.1398
0.77523 1.55091 1.14022
0.771437 1.54872 1.14146
0.777928 1.54778 1.1398
0.781952 1.5501 1.13885
0.779095 1.55315 1.13934
0.77523 1.55091 1.14022
0.781952 1.5501 1.13885
0.786047 1.55246 1.13855
0.783025 1.55541 1.1391
0.779095 1.55315 1.13934
0.786047 1.55246 1.13855
0.786535 1.55275 1.14006
0.783479 1.55568 1.14053
0.783025 1.55541 1.1391
0.786535 1.55275 1.14006
0.782467 1.5504 1.14074
0.779574 1.55342 1.14115
0.783479 1.55568 1.14053
0.782467 1.5504 1.14074
0.778405 1.54805 1.14145
0.775675 1.55117 1.14182
0.779574 1.55342 1.14115
0.778405 1.54805 1.14145
0.774365 1.54572 1.14232
0.771796 1.54893 1.14262
0.775675 1.55117 1.14182
0.774365 1.54572 1.14232
0.770366 1.54341 1.14341
0.767953 1.54671 1.14363
0.771796 1.54893 1.14262
0.764204 1.54455 1.14501
0.767728 1.54658 1.14299
0.765295 1.54988 1.14322
0.761905 1.54792 1.1451
0.767728 1.54658 1.14299
0.771437 1.54872 1.14146
0.768848 1.55193 1.14178
0.765295 1.54988 1.14322
0.771437 1.54872 1.14146
0.77523 1.55091 1.14022
0.772478 1.55402 1.14063
0.768848 1.55193 1.14178
0.77523 1.55091 1.14022
0.779095 1.55315 1.13934
0.776176 1.55616 1.13982
0.772478 1.55402 1.14063
0.779095 1.55315 1.13934
0.783025 1.55541 1.1391
0.779931 1.55833 1.13963
0.776176 1.55616 1.13982
0.783025 1.55541 1.1391
0.783479 1.55568 1.14053
0.780352 1.55857 1.14098
0.779931 1.55833 1.13963
0.783479 1.55568 1.14053
0.779574 1.55342 1.14115
0.77662 1.55642 1.14156
0.780352 1.55857 1.14098
0.779574 1.55342 1.14115
0.775675 1.55117 1.14182
0.772893 1.55426 1.14217
0.77662 1.55642 1.14156
0.775675 1.55117 1.14182
0.771796 1.54893 1.14262
0.769183 1.55212 1.14292
0.772893 1.55426 1.14217
0.771796 1.54893 1.14262
0.767953 1.54671 1.14363
0.765505 1.55 1.14385
0.769183 1.55212 1.14292
0.761905 1.54792 1.1451
0.765295 1.54988 1.14322
0.76283 1.55315 1.14345
0.759584 1.55128 1.14518
0.765295 1.54988 1.14322
0.768848 1.55193 1.14178
0.766217 1.5551 1.14211
0.76283 1.55315 1.14345
0.768848 1.55193 1.14178
0.772478 1.55402 1.14063
0.769675 1.5571 1.14104
0.766217 1.5551 1.14211
0.772478 1.55402 1.14063
0.776176 1.55616 1.13982
0.773196 1.55913 1.14029
0.769675 1.5571 1.14104
0.776176 1.55616 1.13982
0.779931 1.55833 1.13963
0.776769 1.5612 1.14014
0.773196 1.55913 1.14029
0.779931 1.55833 1.13963
0.780352 1.55857 1.14098
0.777159 1.56142 1.14142
0.776769 1.5612 1.14014
0.780352 1.55857 1.14098
0.77662 1.55642 1.14156
0.773607 1.55937 1.14195
0.777159 1.56142 1.14142
0.77662 1.55642 1.14156
0.772893 1.55426 1.14217
0.77006 1.55732 1.14252
0.773607 1.55937 1.14195
0.772893 1.55426 1.14217
0.769183 1.55212 1.14292
0.766529 1.55529 1.14321
0.77006 1.55732 1.14252
0.769183 1.55212 1.14292
0.765505 1.55 1.14385
0.763024 1.55326 1.14405
0.766529 1.55529 1.14321
0.759584 1.55128 1.14518
0.76283 1.55315 1.14345
0.760335 1.5564 1.14367
0.757244 1.55462 1.14527
0.76283 1.55315 1.14345
0.766217 1.5551 1.14211
0.763549 1.55826 1.14243
0.760335 1.5564 1.14367
0.766217 1.5551 1.14211
0.769675 1.5571 1.14104
0.766827 1.56015 1.14143
0.763549 1.55826 1.14243
0.769675 1.5571 1.14104
0.773196 1.55913 1.14029
0.770164 1.56208 1.14075
0.766827 1.56015 1.14143
0.773196 1.55913 1.14029
0.776769 1.5612 1.14014
0.773547 1.56403 1.14063
0.770164 1.56208 1.14075
0.776769 1.5612 1.14014
0.777159 1.56142 1.14142
0.773907 1.56424 1.14183
0.773547 1.56403 1.14063
0.777159 1.56142 1.14142
0.773607 1.55937 1.14195
0.770543 1.5623 1.14232
0.773907 1.56424 1.14183
0.773607 1.55937 1.14195
0.77006 1.55732 1.14252
0.767183 1.56036 1.14285
0.770543 1.5623 1.14232
0.77006 1.55732 1.14252
0.766529 1.55529 1.14321
0.763838 1.55843 1.14348
0.767183 1.56036 1.14285
0.766529 1.55529 1.14321
0.763024 1.55326 1.14405
0.760515 1.55651 1.14426
0.763838 1.55843 1.14348
0.757244 1.55462 1.14527
0.760335 1.5564 1.14367
0.757811 1.55965 1.14389
0.754884 1.55796 1.14535
0.760335 1.5564 1.14367
0.763549 1.55826 1.14243
0.760843 1.5614 1.14274
0.757811 1.55965 1.14389
0.763549 1.55826 1.14243
0.766827 1.56015 1.14143
0.763933 1.56318 1.14182
0.760843 1.5614 1.14274
0.766827 1.56015 1.14143
0.770164 1.56208 1.14075
0.767077 1.565 1.1412
0.763933 1.56318 1.14182
0.770164 1.56208 1.14075
0.773547 1.56403 1.14063
0.770263 1.56684 1.1411
0.767077 1.565 1.1412
0.773547 1.56403 1.14063
0.773907 1.56424 1.14183
0.770592 1.56703 1.14223
0.770263 1.56684 1.1411
0.773907 1.56424 1.14183
0.770543 1.5623 1.14232
0.767424 1.5652 1.14268
0.770592 1.56703 1.14223
0.770543 1.5623 1.14232
0.767183 1.56036 1.14285
0.76426 1.56337 1.14316
0.767424 1.5652 1.14268
0.767183 1.56036 1.14285
0.763838 1.55843 1.14348
0.761108 1.56155 1.14374
0.76426 1.56337 1.14316
0.763838 1.55843 1.14348
0.760515 1.55651 1.14426
0.757976 1.55974 1.14445
0.761108 1.56155 1.14374
0.754884 1.55796 1.14535
0.757811 1.55965 1.14389
0.755263 1.56287 1.1441
0.75251 1.56128 1.14543
0.757811 1.55965 1.14389
0.760843 1.5614 1.14274
0.758106 1.56451 1.14305
0.755263 1.56287 1.1441
0.760843 1.5614 1.14274
0.763933 1.56318 1.14182
0.761001 1.56618 1.1422
0.758106 1.56451 1.14305
0.763933 1.56318 1.14182
0.767077 1.565 1.1412
0.763945 1.56788 1.14163
0.761001 1.56618 1.1422
0.767077 1.565 1.1412
0.770263 1.56684 1.1411
0.766926 1.5696 1.14156
0.763945 1.56788 1.14163
0.770263 1.56684 1.1411
0.770592 1.56703 1.14223
0.767227 1.56978 1.14262
0.766926 1.5696 1.14156
0.770592 1.56703 1.14223
0.767424 1.5652 1.14268
0.764261 1.56807 1.14302
0.767227 1.56978 1.14262
0.767424 1.5652 1.14268
0.76426 1.56337 1.14316
0.761299 1.56636 1.14347
0.764261 1.56807 1.14302
0.76426 1.56337 1.14316
0.761108 1.56155 1.14374
0.758348 1.56465 1.144
0.761299 1.56636 1.14347
0.761108 1.56155 1.14374
0.757976 1.55974 1.14445
0.755413 1.56296 1.14464
0.758348 1.56465 1.144
0.75251 1.56128 1.14543
0.755263 1.56287 1.1441
0.752691 1.56608 1.14431
0.75012 1.5646 1.14551
0.755263 1.56287 1.1441
0.758106 1.56451 1.14305
0.755337 1.56761 1.14334
0.752691 1.56608 1.14431
0.758106 1.56451 1.14305
0.761001 1.56618 1.1422
0.75803 1.56916 1.14257
0.755337 1.56761 1.14334
0.761001 1.56618 1.1422
0.763945 1.56788 1.14163
0.760768 1.57074 1.14206
0.75803 1.56916 1.14257
0.763945 1.56788 1.14163
0.766926 1.5696 1.14156
0.763538 1.57234 1.14201
0.760768 1.57074 1.14206
0.766926 1.5696 1.14156
0.767227 1.56978 1.14262
0.763811 1.5725 1.14299
0.763538 1.57234 1.14201
0.767227 1.56978 1.14262
0.764261 1.56807 1.14302
0.761054 1.57091 1.14335
0.763811 1.5725 1.14299
0.764261 1.56807 1.14302
0.761299 1.56636 1.14347
0.758301 1.56932 1.14376
0.761054 1.57091 1.14335
0.761299 1.56636 1.14347
0.758348 1.56465 1.144
0.755557 1.56774 1.14424
0.758301 1.56932 1.14376
0.758348 1.56465 1.144
0.755413 1.56296 1.14464
0.752827 1.56616 1.14481
0.755557 1.56774 1.14424
0.75012 1.5646 1.14551
0.752691 1.56608 1.14431
0.750095 1.56928 1.14451
0.747714 1.56791 1.14559
0.752691 1.56608 1.14431
0.755337 1.56761 1.14334
0.752538 1.57069 1.14364
0.750095 1.56928 1.14451
0.755337 1.56761 1.14334
0.75803 1.56916 1.14257
0.755022 1.57213 1.14294
0.752538 1.57069 1.14364
0.75803 1.56916 1.14257
0.760768 1.57074 1.14206
0.757547 1.57358 1.14247
0.755022 1.57213 1.14294
0.760768 1.57074 1.14206
0.763538 1.57234 1.14201
0.760101 1.57506 1.14244
0.757547 1.57358 1.14247
0.763538 1.57234 1.14201
0.763811 1.5725 1.14299
0.760347 1.5752 1.14334
0.760101 1.57506 1.14244
0.763811 1.5725 1.14299
0.761054 1.57091 1.14335
0.757805 1.57373 1.14367
0.760347 1.5752 1.14334
0.761054 1.57091 1.14335
0.758301 1.56932 1.14376
0.755266 1.57227 1.14404
0.757805 1.57373 1.14367
0.758301 1.56932 1.14376
0.755557 1.56774 1.14424
0.752736 1.57081 1.14447
0.755266 1.57227 1.14404
0.755557 1.56774 1.14424
0.752827 1.56616 1.14481
0.750216 1.56935 1.14498
0.752736 1.57081 1.14447
0.747714 1.56791 1.14559
0.750095 1.56928 1.14451
0.747481 1.57247 1.14471
0.745297 1.57121 1.14567
0.750095 1.56928 1.14451
0.752538 1.57069 1.14364
0.749714 1.57376 1.14392
0.747481 1.57247 1.14471
0.752538 1.57069 1.14364
0.755022 1.57213 1.14294
0.751984 1.57507 1.14329
0.749714 1.57376 1.14392
0.755022 1.57213 1.14294
0.757547 1.57358 1.14247
0.754291 1.5764 1.14288
0.751984 1.57507 1.14329
0.757547 1.57358 1.14247
0.760101 1.57506 1.14244
0.756623 1.57775 1.14286
0.754291 1.5764 1.14288
0.760101 1.57506 1.14244
0.760347 1.5752 1.14334
0.756842 1.57787 1.14368
0.756623 1.57775 1.14286
0.760347 1.5752 1.14334
0.757805 1.57373 1.14367
0.75452 1.57653 1.14398
0.756842 1.57787 1.14368
0.757805 1.57373 1.14367
0.755266 1.57227 1.14404
0.752202 1.57519 1.1443
0.75452 1.57653 1.14398
0.755266 1.57227 1.14404
0.752736 1.57081 1.14447
0.74989 1.57386 1.14469
0.752202 1.57519 1.1443
0.752736 1.57081 1.14447
0.750216 1.56935 1.14498
0.747588 1.57253 1.14515
0.74989 1.57386 1.14469
0.745297 1.57121 1.14567
0.747481 1.57247 1.14471
0.744846 1.57564 1.1449
0.742867 1.5745 1.14574
0.747481 1.57247 1.14471
0.749714 1.57376 1.14392
0.746865 1.57681 1.1442
0.744846 1.57564 1.1449
0.749714 1.57376 1.14392
0.751984 1.57507 1.14329
0.748916 1.57799 1.14364
0.746865 1.57681 1.1442
0.751984 1.57507 1.14329
0.754291 1.5764 1.14288
0.750999 1.5792 1.14327
0.748916 1.57799 1.14364
0.754291 1.5764 1.14288
0.756623 1.57775 1.14286
0.753104 1.58041 1.14327
0.750999 1.5792 1.14327
0.756623 1.57775 1.14286
0.756842 1.57787 1.14368
0.753297 1.58052 1.14401
0.753104 1.58041 1.14327
0.756842 1.57787 1.14368
0.75452 1.57653 1.14398
0.751201 1.57931 1.14427
0.753297 1.58052 1.14401
0.75452 1.57653 1.14398
0.752202 1.57519 1.1443
0.749108 1.5781 1.14456
0.751201 1.57931 1.14427
0.752202 1.57519 1.1443
0.74989 1.57386 1.14469
0.74702 1.5769 1.1449
0.749108 1.5781 1.14456
0.74989 1.57386 1.14469
0.747588 1.57253 1.14515
0.74494 1.5757 1.1453
0.74702 1.5769 1.1449
0.742867 1.5745 1.14574
0.744846 1.57564 1.1449
0.742303 1.57867 1.14507
0.740529 1.57765 1.14581
0.744846 1.57564 1.1449
0.746865 1.57681 1.1442
0.744112 1.57972 1.14445
0.742303 1.57867 1.14507
0.746865 1.57681 1.1442
0.748916 1.57799 1.14364
0.745948 1.58078 1.14396
0.744112 1.57972 1.14445
0.748916 1.57799 1.14364
0.750999 1.5792 1.14327
0.747813 1.58185 1.14364
0.745948 1.58078 1.14396
0.750999 1.5792 1.14327
0.753104 1.58041 1.14327
0.749697 1.58294 1.14364
0.747813 1.58185 1.14364
0.753104 1.58041 1.14327
0.753297 1.58052 1.14401
0.749867 1.58304 1.14431
0.749697 1.58294 1.14364
0.753297 1.58052 1.14401
0.751201 1.57931 1.14427
0.747991 1.58196 1.14453
0.749867 1.58304 1.14431
0.751201 1.57931 1.14427
0.749108 1.5781 1.14456
0.746117 1.58087 1.14478
0.747991 1.58196 1.14453
0.749108 1.5781 1.14456
0.74702 1.5769 1.1449
0.744248 1.5798 1.14508
0.746117 1.58087 1.14478
0.74702 1.5769 1.1449
0.74494 1.5757 1.1453
0.742386 1.57872 1.14543
0.744248 1.5798 1.14508
0.740529 1.57765 1.14581
0.742303 1.57867 1.14507
0.741627 1.57937 1.14512
0.739914 1.57838 1.14583
0.742303 1.57867 1.14507
0.744112 1.57972 1.14445
0.743372 1.58038 1.14453
0.741627 1.57937 1.14512
0.744112 1.57972 1.14445
0.745948 1.58078 1.14396
0.745144 1.5814 1.14405
0.743372 1.58038 1.14453
0.745948 1.58078 1.14396
0.747813 1.58185 1.14364
0.746944 1.58244 1.14374
0.745144 1.5814 1.14405
0.747813 1.58185 1.14364
0.749697 1.58294 1.14364
0.748761 1.58349 1.14375
0.746944 1.58244 1.14374
0.749697 1.58294 1.14364
0.749867 1.58304 1.14431
0.748925 1.58358 1.1444
0.748761 1.58349 1.14375
0.749867 1.58304 1.14431
0.747991 1.58196 1.14453
0.747115 1.58254 1.14461
0.748925 1.58358 1.1444
0.747991 1.58196 1.14453
0.746117 1.58087 1.14478
0.745307 1.58149 1.14485
0.747115 1.58254 1.14461
0.746117 1.58087 1.14478
0.744248 1.5798 1.14508
0.743503 1.58045 1.14514
0.745307 1.58149 1.14485
0.744248 1.5798 1.14508
0.742386 1.57872 1.14543
0.741706 1.57942 1.14547
0.743503 1.58045 1.14514
0.739914 1.57838 1.14583
0.741627 1.57937 1.14512
0.741009 1.5799 1.14518
0.739359 1.57895 1.14586
0.741627 1.57937 1.14512
0.743372 1.58038 1.14453
0.742689 1.58087 1.14461
0.741009 1.5799 1.14518
0.743372 1.58038 1.14453
0.745144 1.5814 1.14405
0.744396 1.58186 1.14415
0.742689 1.58087 1.14461
0.745144 1.5814 1.14405
0.746944 1.58244 1.14374
0.746129 1.58286 1.14386
0.744396 1.58186 1.14415
0.746944 1.58244 1.14374
0.748761 1.58349 1.14375
0.747879 1.58387 1.14387
0.746129 1.58286 1.14386
0.748761 1.58349 1.14375
0.748925 1.58358 1.1444
0.748036 1.58396 1.14449
0.747879 1.58387 1.14387
0.748925 1.58358 1.1444
0.747115 1.58254 1.14461
0.746293 1.58295 1.14469
0.748036 1.58396 1.14449
0.747115 1.58254 1.14461
0.745307 1.58149 1.14485
0.744552 1.58195 1.14492
0.746293 1.58295 1.14469
0.745307 1.58149 1.14485
0.743503 1.58045 1.14514
0.742816 1.58095 1.1452
0.744552 1.58195 1.14492
0.743503 1.58045 1.14514
0.741706 1.57942 1.14547
0.741085 1.57995 1.14551
0.742816 1.58095 1.1452
0.739359 1.57895 1.14586
0.741009 1.5799 1.14518
0.740322 1.58039 1.14525
0.738748 1.57949 1.1459
0.741009 1.5799 1.14518
0.742689 1.58087 1.14461
0.741925 1.58132 1.14471
0.740322 1.58039 1.14525
0.742689 1.58087 1.14461
0.744396 1.58186 1.14415
0.743553 1.58226 1.14427
0.741925 1.58132 1.14471
0.744396 1.58186 1.14415
0.746129 1.58286 1.14386
0.745205 1.58321 1.14399
0.743553 1.58226 1.14427
0.746129 1.58286 1.14386
0.747879 1.58387 1.14387
0.746874 1.58418 1.144
0.745205 1.58321 1.14399
0.747879 1.58387 1.14387
0.748036 1.58396 1.14449
0.747024 1.58426 1.1446
0.746874 1.58418 1.144
0.748036 1.58396 1.14449
0.746293 1.58295 1.14469
0.745361 1.5833 1.14479
0.747024 1.58426 1.1446
0.746293 1.58295 1.14469
0.744552 1.58195 1.14492
0.743701 1.58234 1.14501
0.745361 1.5833 1.14479
0.744552 1.58195 1.14492
0.742816 1.58095 1.1452
0.742045 1.58139 1.14527
0.743701 1.58234 1.14501
0.742816 1.58095 1.1452
0.741085 1.57995 1.14551
0.740394 1.58044 1.14557
0.742045 1.58139 1.14527
0.738748 1.57949 1.1459
0.740322 1.58039 1.14525
0.739559 1.58084 1.14534
0.738076 1.57999 1.14595
0.740322 1.58039 1.14525
0.741925 1.58132 1.14471
0.741069 1.58171 1.14483
0.739559 1.58084 1.14534
0.741925 1.58132 1.14471
0.743553 1.58226 1.14427
0.742602 1.5826 1.14442
0.741069 1.58171 1.14483
0.743553 1.58226 1.14427
0.745205 1.58321 1.14399
0.744159 1.5835 1.14416
0.742602 1.5826 1.14442
0.745205 1.58321 1.14399
0.746874 1.58418 1.144
0.74573 1.58441 1.14417
0.744159 1.5835 1.14416
0.746874 1.58418 1.144
0.747024 1.58426 1.1446
0.745871 1.58449 1.14473
0.74573 1.58441 1.14417
0.747024 1.58426 1.1446
0.745361 1.5833 1.14479
0.744305 1.58358 1.14491
0.745871 1.58449 1.14473
0.745361 1.5833 1.14479
0.743701 1.58234 1.14501
0.742741 1.58268 1.14512
0.744305 1.58358 1.14491
0.743701 1.58234 1.14501
0.742045 1.58139 1.14527
0.741182 1.58178 1.14536
0.742741 1.58268 1.14512
0.742045 1.58139 1.14527
0.740394 1.58044 1.14557
0.739627 1.58088 1.14564
0.741182 1.58178 1.14536
0.738076 1.57999 1.14595
0.739559 1.58084 1.14534
0.738703 1.58124 1.14545
0.73733 1.58044 1.14601
0.739559 1.58084 1.14534
0.741069 1.58171 1.14483
0.740102 1.58204 1.14498
0.738703 1.58124 1.14545
0.741069 1.58171 1.14483
0.742602 1.5826 1.14442
0.741522 1.58286 1.1446
0.740102 1.58204 1.14498
0.742602 1.5826 1.14442
0.744159 1.5835 1.14416
0.742964 1.5837 1.14436
0.741522 1.58286 1.1446
0.744159 1.5835 1.14416
0.74573 1.58441 1.14417
0.744419 1.58454 1.14437
0.742964 1.5837 1.14436
0.74573 1.58441 1.14417
0.745871 1.58449 1.14473
0.74455 1.58461 1.14489
0.744419 1.58454 1.14437
0.745871 1.58449 1.14473
0.744305 1.58358 1.14491
0.743099 1.58378 1.14506
0.74455 1.58461 1.14489
0.744305 1.58358 1.14491
0.742741 1.58268 1.14512
0.741651 1.58294 1.14524
0.743099 1.58378 1.14506
0.742741 1.58268 1.14512
0.741182 1.58178 1.14536
0.740206 1.5821 1.14547
0.741651 1.58294 1.14524
0.741182 1.58178 1.14536
0.739627 1.58088 1.14564
0.738766 1.58127 1.14573
0.740206 1.5821 1.14547
0.73733 1.58044 1.14601
0.738703 1.58124 1.14545
0.737724 1.58156 1.14558
0.736484 1.58084 1.14609
0.738703 1.58124 1.14545
0.740102 1.58204 1.14498
0.738988 1.58229 1.14516
0.737724 1.58156 1.14558
0.740102 1.58204 1.14498
0.741522 1.58286 1.1446
0.740272 1.58303 1.14482
0.738988 1.58229 1.14516
0.741522 1.58286 1.1446
0.742964 1.5837 1.14436
0.741574 1.58378 1.1446
0.740272 1.58303 1.14482
0.742964 1.5837 1.14436
0.744419 1.58454 1.14437
0.742889 1.58454 1.14461
0.741574 1.58378 1.1446
0.744419 1.58454 1.14437
0.74455 1.58461 1.14489
0.743006 1.58461 1.14508
0.742889 1.58454 1.14461
0.74455 1.58461 1.14489
0.743099 1.58378 1.14506
0.741696 1.58385 1.14523
0.743006 1.58461 1.14508
0.743099 1.58378 1.14506
0.741651 1.58294 1.14524
0.740387 1.5831 1.1454
0.741696 1.58385 1.14523
0.741651 1.58294 1.14524
0.740206 1.5821 1.14547
0.739082 1.58234 1.1456
0.740387 1.5831 1.1454
0.740206 1.5821 1.14547
0.738766 1.58127 1.14573
0.737781 1.58159 1.14583
0.739082 1.58234 1.1456
0.736484 1.58084 1.14609
0.737724 1.58156 1.14558
0.736575 1.58179 1.14575
0.7355 1.58116 1.14619
0.737724 1.58156 1.14558
0.738988 1.58229 1.14516
0.73767 1.58242 1.14538
0.736575 1.58179 1.14575
0.738988 1.58229 1.14516
0.740272 1.58303 1.14482
0.738781 1.58306 1.14509
0.73767 1.58242 1.14538
0.740272 1.58303 1.14482
0.741574 1.58378 1.1446
0.73991 1.58371 1.14491
0.738781 1.58306 1.14509
0.741574 1.58378 1.1446
0.742889 1.58454 1.14461
0.741049 1.58437 1.14492
0.73991 1.58371 1.14491
0.742889 1.58454 1.14461
0.743006 1.58461 1.14508
0.74115 1.58443 1.14532
0.741049 1.58437 1.14492
0.743006 1.58461 1.14508
0.741696 1.58385 1.14523
0.740015 1.58377 1.14545
0.74115 1.58443 1.14532
0.741696 1.58385 1.14523
0.740387 1.5831 1.1454
0.738882 1.58312 1.1456
0.740015 1.58377 1.14545
0.740387 1.5831 1.1454
0.739082 1.58234 1.1456
0.737751 1.58246 1.14577
0.738882 1.58312 1.1456
0.739082 1.58234 1.1456
0.737781 1.58159 1.14583
0.736624 1.58181 1.14597
0.737751 1.58246 1.14577
0.7355 1.58116 1.14619
0.736575 1.58179 1.14575
0.735123 1.58184 1.14599
0.734271 1.58134 1.14633
0.736575 1.58179 1.14575
0.73767 1.58242 1.14538
0.73599 1.58234 1.1457
0.735123 1.58184 1.14599
0.73767 1.58242 1.14538
0.738781 1.58306 1.14509
0.736871 1.58285 1.14547
0.73599 1.58234 1.1457
0.738781 1.58306 1.14509
0.73991 1.58371 1.14491
0.737765 1.58336 1.14532
0.736871 1.58285 1.14547
0.73991 1.58371 1.14491
0.741049 1.58437 1.14492
0.738666 1.58388 1.14533
0.737765 1.58336 1.14532
0.741049 1.58437 1.14492
0.74115 1.58443 1.14532
0.738747 1.58393 1.14565
0.738666 1.58388 1.14533
0.74115 1.58443 1.14532
0.740015 1.58377 1.14545
0.737848 1.58341 1.14575
0.738747 1.58393 1.14565
0.740015 1.58377 1.14545
0.738882 1.58312 1.1456
0.73695 1.58289 1.14586
0.737848 1.58341 1.14575
0.738882 1.58312 1.1456
0.737751 1.58246 1.14577
0.736054 1.58237 1.146
0.73695 1.58289 1.14586
0.737751 1.58246 1.14577
0.736624 1.58181 1.14597
0.735162 1.58186 1.14616
0.736054 1.58237 1.146
0.734271 1.58134 1.14633
0.735123 1.58184 1.14599
0.732882 1.58143 1.14639
0.732406 1.58116 1.14658
0.735123 1.58184 1.14599
0.73599 1.58234 1.1457
0.733367 1.58171 1.14623
0.732882 1.58143 1.14639
0.73599 1.58234 1.1457
0.736871 1.58285 1.14547
0.73386 1.582 1.1461
0.733367 1.58171 1.14623
0.736871 1.58285 1.14547
0.737765 1.58336 1.14532
0.73436 1.58228 1.14602
0.73386 1.582 1.1461
0.737765 1.58336 1.14532
0.738666 1.58388 1.14533
0.734864 1.58258 1.14602
0.73436 1.58228 1.14602
0.738666 1.58388 1.14533
0.738747 1.58393 1.14565
0.734909 1.5826 1.1462
0.734864 1.58258 1.14602
0.738747 1.58393 1.14565
0.737848 1.58341 1.14575
0.734406 1.58231 1.14626
0.734909 1.5826 1.1462
0.737848 1.58341 1.14575
0.73695 1.58289 1.14586
0.733904 1.58202 1.14632
0.734406 1.58231 1.14626
0.73695 1.58289 1.14586
0.736054 1.58237 1.146
0.733403 1.58173 1.1464
0.733904 1.58202 1.14632
0.736054 1.58237 1.146
0.735162 1.58186 1.14616
0.732904 1.58144 1.14649
0.733403 1.58173 1.1464
0.732406 1.58116 1.14658
0.732882 1.58143 1.14639
0.730493 1.58085 1.14683
0.730426 1.58081 1.14686
0.732882 1.58143 1.14639
0.733367 1.58171 1.14623
0.730562 1.58089 1.14681
0.730493 1.58085 1.14683
0.733367 1.58171 1.14623
0.73386 1.582 1.1461
0.730632 1.58093 1.14679
0.730562 1.58089 1.14681
0.73386 1.582 1.1461
0.73436 1.58228 1.14602
0.730703 1.58097 1.14678
0.730632 1.58093 1.14679
0.73436 1.58228 1.14602
0.734864 1.58258 1.14602
0.730775 1.58101 1.14678
0.730703 1.58097 1.14678
0.734864 1.58258 1.14602
0.734909 1.5826 1.1462
0.730781 1.58102 1.1468
0.730775 1.58101 1.14678
0.734909 1.5826 1.1462
0.734406 1.58231 1.14626
0.73071 1.58098 1.14681
0.730781 1.58102 1.1468
0.734406 1.58231 1.14626
0.733904 1.58202 1.14632
0.730638 1.58094 1.14682
0.73071 1.58098 1.14681
0.733904 1.58202 1.14632
0.733403 1.58173 1.1464
0.730567 1.5809 1.14683
0.730638 1.58094 1.14682
0.733403 1.58173 1.1464
0.732904 1.58144 1.14649
0.730496 1.58085 1.14684
0.730567 1.5809 1.14683
0.807699 1.47761 1.14043
0.804903 1.47599 1.1429
0.803548 1.47812 1.14286
0.806473 1.47981 1.14009
0.806473 1.47981 1.14009
0.803548 1.47812 1.14286
0.801507 1.48154 1.14294
0.804686 1.48338 1.13985
0.804686 1.48338 1.13985
0.801507 1.48154 1.14294
0.799509 1.48509 1.14314
0.803007 1.48711 1.13991
0.803007 1.48711 1.13991
0.799509 1.48509 1.14314
0.797535 1.48864 1.14337
0.801351 1.49085 1.14012
0.801351 1.49085 1.14012
0.797535 1.48864 1.14337
0.795554 1.4922 1.14355
0.799638 1.49456 1.14033
0.799638 1.49456 1.14033
0.795554 1.4922 1.14355
0.793573 1.49575 1.14371
0.79787 1.49823 1.14055
0.79787 1.49823 1.14055
0.793573 1.49575 1.14371
0.791597 1.49931 1.14384
0.79605 1.50188 1.14077
0.79605 1.50188 1.14077
0.791597 1.49931 1.14384
0.789632 1.50287 1.14394
0.79418 1.5055 1.14099
0.79418 1.5055 1.14099
0.789632 1.50287 1.14394
0.787683 1.50644 1.14403
0.792264 1.50909 1.1412
0.792264 1.50909 1.1412
0.787683 1.50644 1.14403
0.785714 1.51 1.14411
0.790293 1.51264 1.14142
0.790293 1.51264 1.14142
0.785714 1.51 1.14411
0.783704 1.51354 1.1442
0.788263 1.51617 1.14163
0.788263 1.51617 1.14163
0.783704 1.51354 1.1442
0.781662 1.51705 1.14428
0.786183 1.51966 1.14184
0.786183 1.51966 1.14184
0.781662 1.51705 1.14428
0.779583 1.52055 1.14438
0.784049 1.52313 1.14206
0.784049 1.52313 1.14206
0.779583 1.52055 1.14438
0.777473 1.52403 1.14447
0.781869 1.52657 1.14226
0.781869 1.52657 1.14226
0.777473 1.52403 1.14447
0.775334 1.52749 1.14456
0.779645 1.52998 1.14247
0.779645 1.52998 1.14247
0.775334 1.52749 1.14456
0.773159 1.53093 1.14465
0.777377 1.53337 1.14268
0.777377 1.53337 1.14268
0.773159 1.53093 1.14465
0.770959 1.53436 1.14474
0.77508 1.53674 1.14293
0.77508 1.53674 1.14293
0.770959 1.53436 1.14474
0.768734 1.53777 1.14483
0.772745 1.54009 1.14317
0.772745 1.54009 1.14317
0.768734 1.53777 1.14483
0.76648 1.54117 1.14492
0.770366 1.54341 1.14341
0.770366 1.54341 1.14341
0.76648 1.54117 1.14492
0.764204 1.54455 1.14501
0.767953 1.54671 1.14363
0.767953 1.54671 1.14363
0.764204 1.54455 1.14501
0.761905 1.54792 1.1451
0.765505 1.55 1.14385
0.765505 1.55 1.14385
0.761905 1.54792 1.1451
0.759584 1.55128 1.14518
0.763024 1.55326 1.14405
0.763024 1.55326 1.14405
0.759584 1.55128 1.14518
0.757244 1.55462 1.14527
0.760515 1.55651 1.14426
0.760515 1.55651 1.14426
0.757244 1.55462 1.14527
0.754884 1.55796 1.14535
0.757976 1.55974 1.14445
0.757976 1.55974 1.14445
0.754884 1.55796 1.14535
0.75251 1.56128 1.14543
0.755413 1.56296 1.14464
0.755413 1.56296 1.14464
0.75251 1.56128 1.14543
0.75012 1.5646 1.14551
0.752827 1.56616 1.14481
0.752827 1.56616 1.14481
0.75012 1.5646 1.14551
0.747714 1.56791 1.14559
0.750216 1.56935 1.14498
0.750216 1.56935 1.14498
0.747714 1.56791 1.14559
0.745297 1.57121 1.14567
0.747588 1.57253 1.14515
0.747588 1.57253 1.14515
0.745297 1.57121 1.14567
0.742867 1.5745 1.14574
0.74494 1.5757 1.1453
0.74494 1.5757 1.1453
0.742867 1.5745 1.14574
0.740529 1.57765 1.14581
0.742386 1.57872 1.14543
0.742386 1.57872 1.14543
0.740529 1.57765 1.14581
0.739914 1.57838 1.14583
0.741706 1.57942 1.14547
0.741706 1.57942 1.14547
0.739914 1.57838 1.14583
0.739359 1.57895 1.14586
0.741085 1.57995 1.14551
0.741085 1.57995 1.14551
0.739359 1.57895 1.14586
0.738748 1.57949 1.1459
0.740394 1.58044 1.14557
0.740394 1.58044 1.14557
0.738748 1.57949 1.1459
0.738076 1.57999 1.14595
0.739627 1.58088 1.14564
0.739627 1.58088 1.14564
0.738076 1.57999 1.14595
0.73733 1.58044 1.14601
0.738766 1.58127 1.14573
0.738766 1.58127 1.14573
0.73733 1.58044 1.14601
0.736484 1.58084 1.14609
0.737781 1.58159 1.14583
0.737781 1.58159 1.14583
0.736484 1.58084 1.14609
0.7355 1.58116 1.14619
0.736624 1.58181 1.14597
0.736624 1.58181 1.14597
0.7355 1.58116 1.14619
0.734271 1.58134 1.14633
0.735162 1.58186 1.14616
0.735162 1.58186 1.14616
0.734271 1.58134 1.14633
0.732406 1.58116 1.14658
0.732904 1.58144 1.14649
0.732904 1.58144 1.14649
0.732406 1.58116 1.14658
0.730426 1.58081 1.14686
0.730496 1.58085 1.14684
0.8135 1.4528 1.1457
0.8135 1.4528 1.1457
0.8135 1.4528 1.1457
0.8135 1.4528 1.1457
0.8135 1.4528 1.1457
0.8135 1.4528 1.1457
0.8135 1.4528 1.1457
0.8135 1.4528 1.1457
0.8135 1.4528 1.1457
0.8135 1.4528 1.1457
0.8135 1.4528 1.1457
0.8135 1.4528 1.1457
0.8135 1.4528 1.1457
0.8135 1.4528 1.1457
0.8135 1.4528 1.1457
0.8135 1.4528 1.1457
0.8135 1.4528 1.1457
0.8135 1.4528 1.1457
0.8135 1.4528 1.1457
0.8135 1.4528 1.1457
0.8135 1.4528 1.1457
0.8135 1.4528 1.1457
0.8135 1.4528 1.1457
0.8135 1.4528 1.1457
0.8135 1.4528 1.1457
0.8135 1.4528 1.1457
0.8135 1.4528 1.1457
0.8135 1.4528 1.1457
0.8135 1.4528 1.1457
0.8135 1.4528 1.1457
0.8135 1.4528 1.1457
0.8135 1.4528 1.1457
0.8135 1.4528 1.1457
0.8135 1.4528 1.1457
0.8135 1.4528 1.1457
0.8135 1.4528 1.1457
0.8135 1.4528 1.1457
0.8135 1.4528 1.1457
0.8135 1.4528 1.1457
0.8135 1.4528 1.1457
0.8135 1.4528 1.1457
0.8135 1.4528 1.1457
0.8135 1.4528 1.1457
0.8135 1.4528 1.1457
0.8135 1.4528 1.1457
0.8135 1.4528 1.1457
0.8135 1.4528 1.1457
0.8135 1.4528 1.1457
0.8135 1.4528 1.1457
0.8135 1.4528 1.1457
0.8135 1.4528 1.1457
0.8135 1.4528 1.1457
0.8135 1.4528 1.1457
0.8135 1.4528 1.1457
0.8135 1.4528 1.1457
0.8135 1.4528 1.1457
0.8135 1.4528 1.1457
0.8135 1.4528 1.1457
0.8135 1.4528 1.1457
0.8135 1.4528 1.1457
0.8135 1.4528 1.1457
0.8135 1.4528 1.1457
0.8135 1.4528 1.1457
0.8135 1.4528 1.1457
0.8135 1.4528 1.1457
0.8135 1.4528 1.1457
0.8135 1.4528 1.1457
0.8135 1.4528 1.1457
0.8135 1.4528 1.1457
0.8135 1.4528 1.1457
0.8135 1.4528 1.1457
0.8135 1.4528 1.1457
0.8135 1.4528 1.1457
0.8135 1.4528 1.1457
0.8135 1.4528 1.1457
0.8135 1.4528 1.1457
0.8135 1.4528 1.1457
0.8135 1.4528 1.1457
0.8135 1.4528 1.1457
0.8135 1.4528 1.1457
0.8135 1.4528 1.1457
0.8135 1.4528 1.1457
0.8135 1.4528 1.1457
0.8135 1.4528 1.1457
0.8135 1.4528 1.1457
0.8135 1.4528 1.1457
0.8135 1.4528 1.1457
0.8135 1.4528 1.1457
CELLS 924 4620
4 0 1 2 3
4 4 5 6 7
4 8 9 10 11
4 12 13 14 15
4 16 17 18 19
4 20 21 22 23
4 24 25 26 27
4 28 29 30 31
4 32 33 34 35
4 36 37 38 39
4 40 41 42 43
4 44 45 46 47
4 48 49 50 51
4 52 53 54 55
4 56 57 58 59
4 60 61 62 63
4 64 65 66 67
4 68 69 70 71
4 72 73 74 75
4 76 77 78 79
4 80 81 82 83
4 84 85 86 87
4 88 89 90 91
4 92 93 94 95
4 96 97 98 99
4 100 101 102 103
4 104 105 106 107
4 108 109 110 111
4 112 113 114 115
4 116 117 118 119
4 120 121 122 123
4 124 125 126 127
4 128 129 130 131
4 132 133 134 135
4 136 137 138 139
4 140 141 142 143
4 144 145 146 147
4 148 149 150 151
4 152 153 154 155
4 156 157 158 159
4 160 161 162 163
4 164 165 166 167
4 168 169 170 171
4 172 173 174 175
4 176 177 178 179
4 180 181 182 183
4 184 185 186 187
4 188 189 190 191
4 192 193 194 195
4 196 197 198 199
4 200 201 202 203
4 204 205 206 207
4 208 209 210 211
4 212 213 214 215
4 216 217 218 219
4 220 221 222 223
4 224 225 226 227
4 228 229 230 231
4 232 233 234 235
4 236 237 238 239
4 240 241 242 243
4 244 245 246 247
4 248 249 250 251
4 252 253 254 255
4 256 257 258 259
4 260 261 262 263
4 264 265 266 267
4 268 269 270 271
4 272 273 274 275
4 276 277 278 279
4 280 281 282 283
4 284 285 286 287
4 288 289 290 291
4 292 293 294 295
4 296 297 298 299
4 300 301 302 303
4 304 305 306 307
4 308 309 310 311
4 312 313 314 315
4 316 317 318 319
4 320 321 322 323
4 324 325 326 327
4 328 329 330 331
4 332 333 334 335
4 336 337 338 339
4 340 341 342 343
4 344 345 346 347
4 348 349 350 351
4 352 353 354 355
4 356 357 358 359
4 360 361 362 363
4 364 365 366 367
4 368 369 370 371
4 372 373 374 375
4 376 377 378 379
4 380 381 382 383
4 384 385 386 387
4 388 389 390 391
4 392 393 394 395
4 396 397 398 399
4 400 401 402 403
4 404 405 406 407
4 408 409 410 411
4 412 413 414 415
4 416 417 418 419
4 420 421 422 423
4 424 425 426 427
4 428 429 430 431
4 432 433 434 435
4 436 437 438 439
4 440 441 442 443
4 444 445 446 447
4 448 449 450 451
4 452 453 454 455
4 456 457 458 459
4 460 461 462 463
4 464 465 466 467
4 468 469 470 471
4 472 473 474 475
4 476 477 478 479
4 480 481 482 483
4 484 485 486 487
4 488 489 490 491
4 492 493 494 495
4 496 497 498 499
4 500 501 502 503
4 504 505 506 507
4 508 509 510 511
4 512 513 514 515
4 516 517 518 519
4 520 521 522 523
4 524 525 526 527
4 528 529 530 531
4 532 533 534 535
4 536 537 538 539
4 540 541 542 543
4 544 545 546 547
4 548 549 550 551
4 552 553 554 555
4 556 557 558 559
4 560 561 562 563
4 564 565 566 567
4 568 569 570 571
4 572 573 574 575
4 576 577 578 579
4 580 581 582 583
4 584 585 586 587
4 588 589 590 591
4 592 593 594 595
4 596 597 598 599
4 600 601 602 603
4 604 605 606 607
4 608 609 610 611
4 612 613 614 615
4 616 617 618 619
4 620 621 622 623
4 624 625 626 627
4 628 629 630 631
4 632 633 634 635
4 636 637 638 639
4 640 641 642 643
4 644 645 646 647
4 648 649 650 651
4 652 653 654 655
4 656 657 658 659
4 660 661 662 663
4 664 665 666 667
4 668 669 670 671
4 672 673 674 675
4 676 677 678 679
4 680 681 682 683
4 684 685 686 687
4 688 689 690 691
4 692 693 694 695
4 696 697 698 699
4 700 701 702 703
4 704 705 706 707
4 708 709 710 711
4 712 713 714 715
4 716 717 718 719
4 720 721 722 723
4 724 725 726 727
4 728 729 730 731
4 732 733 734 735
4 736 737 738 739
4 740 741 742 743
4 744 745 746 747
4 748 749 750 751
4 752 753 754 755
4 756 757 758 759
4 760 761 762 763
4 764 765 766 767
4 768 769 770 771
4 772 773 774 775
4 776 777 778 779
4 780 781 782 783
4 784 785 786 787
4 788 789 790 791
4 792 793 794 795
4 796 797 798 799
4 800 801 802 803
4 804 805 806 807
4 808 809 810 811
4 812 813 814 815
4 816 817 818 819
4 820 821 822 823
4 824 825 826 827
4 828 829 830 831
4 832 833 834 835
4 836 837 838 839
4 840 841 842 843
4 844 845 846 847
4 848 849 850 851
4 852 853 854 855
4 856 857 858 859
4 860 861 862 863
4 864 865 866 867
4 868 869 870 871
4 872 873 874 875
4 876 877 878 879
4 880 881 882 883
4 884 885 886 887
4 888 889 890 891
4 892 893 894 895
4 896 897 898 899
4 900 901 902 903
4 904 905 906 907
4 908 909 910 911
4 912 913 914 915
4 916 917 918 919
4 920 921 922 923
4 924 925 926 927
4 928 929 930 931
4 932 933 934 935
4 936 937 938 939
4 940 941 942 943
4 944 945 946 947
4 948 949 950 951
4 952 953 954 955
4 956 957 958 959
4 960 961 962 963
4 964 965 966 967
4 968 969 970 971
4 972 973 974 975
4 976 977 978 979
4 980 981 982 983
4 984 985 986 987
4 988 989 990 991
4 992 993 994 995
4 996 997 998 999
4 1000 1001 1002 1003
4 1004 1005 1006 1007
4 1008 1009 1010 1011
4 1012 1013 1014 1015
4 1016 1017 1018 1019
4 1020 1021 1022 1023
4 1024 1025 1026 1027
4 1028 1029 1030 1031
4 1032 1033 1034 1035
4 1036 1037 1038 1039
4 1040 1041 1042 1043
4 1044 1045 1046 1047
4 1048 1049 1050 1051
4 1052 1053 1054 1055
4 1056 1057 1058 1059
4 1060 1061 1062 1063
4 1064 1065 1066 1067
4 1068 1069 1070 1071
4 1072 1073 1074 1075
4 1076 1077 1078 1079
4 1080 1081 1082 1083
4 1084 1085 1086 1087
4 1088 1089 1090 1091
4 1092 1093 1094 1095
4 1096 1097 1098 1099
4 1100 1101 1102 1103
4 1104 1105 1106 1107
4 1108 1109 1110 1111
4 1112 1113 1114 1115
4 1116 1117 1118 1119
4 1120 1121 1122 1123
4 1124 1125 1126 1127
4 1128 1129 1130 1131
4 1132 1133 1134 1135
4 1136 1137 1138 1139
4 1140 1141 1142 1143
4 1144 1145 1146 1147
4 1148 1149 1150 1151
4 1152 1153 1154 1155
4 1156 1157 1158 1159
4 1160 1161 1162 1163
4 1164 1165 1166 1167
4 1168 1169 1170 1171
4 1172 1173 1174 1175
4 1176 1177 1178 1179
4 1180 1181 1182 1183
4 1184 1185 1186 1187
4 1188 1189 1190 1191
4 1192 1193 1194 1195
4 1196 1197 1198 1199
4 1200 1201 1202 1203
4 1204 1205 1206 1207
4 1208 1209 1210 1211
4 1212 1213 1214 1215
4 1216 1217 1218 1219
4 1220 1221 1222 1223
4 1224 1225 1226 1227
4 1228 1229 1230 1231
4 1232 1233 1234 1235
4 1236 1237 1238 1239
4 1240 1241 1242 1243
4 1244 1245 1246 1247
4 1248 1249 1250 1251
4 1252 1253 1254 1255
4 1256 1257 1258 1259
4 1260 1261 1262 1263
4 1264 1265 1266 1267
4 1268 1269 1270 1271
4 1272 1273 1274 1275
4 1276 1277 1278 1279
4 1280 1281 1282 1283
4 1284 1285 1286 1287
4 1288 1289 1290 1291
4 1292 1293 1294 1295
4 1296 1297 1298 1299
4 1300 1301 1302 1303
4 1304 1305 1306 1307
4 1308 1309 1310 1311
4 1312 1313 1314 1315
4 1316 1317 1318 1319
4 1320 1321 1322 1323
4 1324 1325 1326 1327
4 1328 1329 1330 1331
4 1332 1333 1334 1335
4 1336 1337 1338 1339
4 1340 1341 1342 1343
4 1344 1345 1346 1347
4 1348 1349 1350 1351
4 1352 1353 1354 1355
4 1356 1357 1358 1359
4 1360 1361 1362 1363
4 1364 1365 1366 1367
4 1368 1369 1370 1371
4 1372 1373 1374 1375
4 1376 1377 1378 1379
4 1380 1381 1382 1383
4 1384 1385 1386 1387
4 1388 1389 1390 1391
4 1392 1393 1394 1395
4 1396 1397 1398 1399
4 1400 1401 1402 1403
4 1404 1405 1406 1407
4 1408 1409 1410 1411
4 1412 1413 1414 1415
4 1416 1417 1418 1419
4 1420 1421 1422 1423
4 1424 1425 1426 1427
4 1428 1429 1430 1431
4 1432 1433 1434 1435
4 1436 1437 1438 1439
4 1440 1441 1442 1443
4 1444 1445 1446 1447
4 1448 1449 1450 1451
4 1452 1453 1454 1455
4 1456 1457 1458 1459
4 1460 1461 1462 1463
4 1464 1465 1466 1467
4 1468 1469 1470 1471
4 1472 1473 1474 1475
4 1476 1477 1478 1479
4 1480 1481 1482 1483
4 1484 1485 1486 1487
4 1488 1489 1490 1491
4 1492 1493 1494 1495
4 1496 1497 1498 1499
4 1500 1501 1502 1503
4 1504 1505 1506 1507
4 1508 1509 1510 1511
4 1512 1513 1514 1515
4 1516 1517 1518 1519
4 1520 1521 1522 1523
4 1524 1525 1526 1527
4 1528 1529 1530 1531
4 1532 1533 1534 1535
4 1536 1537 1538 1539
4 1540 1541 1542 1543
4 1544 1545 1546 1547
4 1548 1549 1550 1551
4 1552 1553 1554 1555
4 1556 1557 1558 1559
4 1560 1561 1562 1563
4 1564 1565 1566 1567
4 1568 1569 1570 1571
4 1572 1573 1574 1575
4 1576 1577 1578 1579
4 1580 1581 1582 1583
4 1584 1585 1586 1587
4 1588 1589 1590 1591
4 1592 1593 1594 1595
4 1596 1597 1598 1599
4 1600 1601 1602 1603
4 1604 1605 1606 1607
4 1608 1609 1610 1611
4 1612 1613 1614 1615
4 1616 1617 1618 1619
4 1620 1621 1622 1623
4 1624 1625 1626 1627
4 1628 1629 1630 1631
4 1632 1633 1634 1635
4 1636 1637 1638 1639
4 1640 1641 1642 1643
4 1644 1645 1646 1647
4 1648 1649 1650 1651
4 1652 1653 1654 1655
4 1656 1657 1658 1659
4 1660 1661 1662 1663
4 1664 1665 1666 1667
4 1668 1669 1670 1671
4 1672 1673 1674 1675
4 1676 1677 1678 1679
4 1680 1681 1682 1683
4 1684 1685 1686 1687
4 1688 1689 1690 1691
4 1692 1693 1694 1695
4 1696 1697 1698 1699
4 1700 1701 1702 1703
4 1704 1705 1706 1707
4 1708 1709 1710 1711
4 1712 1713 1714 1715
4 1716 1717 1718 1719
4 1720 1721 1722 1723
4 1724 1725 1726 1727
4 1728 1729 1730 1731
4 1732 1733 1734 1735
4 1736 1737 1738 1739
4 1740 1741 1742 1743
4 1744 1745 1746 1747
4 1748 1749 1750 1751
4 1752 1753 1754 1755
4 1756 1757 1758 1759
4 1760 1761 1762 1763
4 1764 1765 1766 1767
4 1768 1769 1770 1771
4 1772 1773 1774 1775
4 1776 1777 1778 1779
4 1780 1781 1782 1783
4 1784 1785 1786 1787
4 1788 1789 1790 1791
4 1792 1793 1794 1795
4 1796 1797 1798 1799
4 1800 1801 1802 1803
4 1804 1805 1806 1807
4 1808 1809 1810 1811
4 1812 1813 1814 1815
4 1816 1817 1818 1819
4 1820 1821 1822 1823
4 1824 1825 1826 1827
4 1828 1829 1830 1831
4 1832 1833 1834 1835
4 1836 1837 1838 1839
4 1840 1841 1842 1843
4 1844 1845 1846 1847
4 1848 1849 1850 1851
4 1852 1853 1854 1855
4 1856 1857 1858 1859
4 1860 1861 1862 1863
4 1864 1865 1866 1867
4 1868 1869 1870 1871
4 1872 1873 1874 1875
4 1876 1877 1878 1879
4 1880 1881 1882 1883
4 1884 1885 1886 1887
4 1888 1889 1890 1891
4 1892 1893 1894 1895
4 1896 1897 1898 1899
4 1900 1901 1902 1903
4 1904 1905 1906 1907
4 1908 1909 1910 1911
4 1912 1913 1914 1915
4 1916 1917 1918 1919
4 1920 1921 1922 1923
4 1924 1925 1926 1927
4 1928 1929 1930 1931
4 1932 1933 1934 1935
4 1936 1937 1938 1939
4 1940 1941 1942 1943
4 1944 1945 1946 1947
4 1948 1949 1950 1951
4 1952 1953 1954 1955
4 1956 1957 1958 1959
4 1960 1961 1962 1963
4 1964 1965 1966 1967
4 1968 1969 1970 1971
4 1972 1973 1974 1975
4 1976 1977 1978 1979
4 1980 1981 1982 1983
4 1984 1985 1986 1987
4 1988 1989 1990 1991
4 1992 1993 1994 1995
4 1996 1997 1998 1999
4 2000 2001 2002 2003
4 2004 2005 2006 2007
4 2008 2009 2010 2011
4 2012 2013 2014 2015
4 2016 2017 2018 2019
4 2020 2021 2022 2023
4 2024 2025 2026 2027
4 2028 2029 2030 2031
4 2032 2033 2034 2035
4 2036 2037 2038 2039
4 2040 2041 2042 2043
4 2044 2045 2046 2047
4 2048 2049 2050 2051
4 2052 2053 2054 2055
4 2056 2057 2058 2059
4 2060 2061 2062 2063
4 2064 2065 2066 2067
4 2068 2069 2070 2071
4 2072 2073 2074 2075
4 2076 2077 2078 2079
4 2080 2081 2082 2083
4 2084 2085 2086 2087
4 2088 2089 2090 2091
4 2092 2093 2094 2095
4 2096 2097 2098 2099
4 2100 2101 2102 2103
4 2104 2105 2106 2107
4 2108 2109 2110 2111
4 2112 2113 2114 2115
4 2116 2117 2118 2119
4 2120 2121 2122 2123
4 2124 2125 2126 2127
4 2128 2129 2130 2131
4 2132 2133 2134 2135
4 2136 2137 2138 2139
4 2140 2141 2142 2143
4 2144 2145 2146 2147
4 2148 2149 2150 2151
4 2152 2153 2154 2155
4 2156 2157 2158 2159
4 2160 2161 2162 2163
4 2164 2165 2166 2167
4 2168 2169 2170 2171
4 2172 2173 2174 2175
4 2176 2177 2178 2179
4 2180 2181 2182 2183
4 2184 2185 2186 2187
4 2188 2189 2190 2191
4 2192 2193 2194 2195
4 2196 2197 2198 2199
4 2200 2201 2202 2203
4 2204 2205 2206 2207
4 2208 2209 2210 2211
4 2212 2213 2214 2215
4 2216 2217 2218 2219
4 2220 2221 2222 2223
4 2224 2225 2226 2227
4 2228 2229 2230 2231
4 2232 2233 2234 2235
4 2236 2237 2238 2239
4 2240 2241 2242 2243
4 2244 2245 2246 2247
4 2248 2249 2250 2251
4 2252 2253 2254 2255
4 2256 2257 2258 2259
4 2260 2261 2262 2263
4 2264 2265 2266 2267
4 2268 2269 2270 2271
4 2272 2273 2274 2275
4 2276 2277 2278 2279
4 2280 2281 2282 2283
4 2284 2285 2286 2287
4 2288 2289 2290 2291
4 2292 2293 2294 2295
4 2296 2297 2298 2299
4 2300 2301 2302 2303
4 2304 2305 2306 2307
4 2308 2309 2310 2311
4 2312 2313 2314 2315
4 2316 2317 2318 2319
4 2320 2321 2322 2323
4 2324 2325 2326 2327
4 2328 2329 2330 2331
4 2332 2333 2334 2335
4 2336 2337 2338 2339
4 2340 2341 2342 2343
4 2344 2345 2346 2347
4 2348 2349 2350 2351
4 2352 2353 2354 2355
4 2356 2357 2358 2359
4 2360 2361 2362 2363
4 2364 2365 2366 2367
4 2368 2369 2370 2371
4 2372 2373 2374 2375
4 2376 2377 2378 2379
4 2380 2381 2382 2383
4 2384 2385 2386 2387
4 2388 2389 2390 2391
4 2392 2393 2394 2395
4 2396 2397 2398 2399
4 2400 2401 2402 2403
4 2404 2405 2406 2407
4 2408 2409 2410 2411
4 2412 2413 2414 2415
4 2416 2417 2418 2419
4 2420 2421 2422 2423
4 2424 2425 2426 2427
4 2428 2429 2430 2431
4 2432 2433 2434 2435
4 2436 2437 2438 2439
4 2440 2441 2442 2443
4 2444 2445 2446 2447
4 2448 2449 2450 2451
4 2452 2453 2454 2455
4 2456 2457 2458 2459
4 2460 2461 2462 2463
4 2464 2465 2466 2467
4 2468 2469 2470 2471
4 2472 2473 2474 2475
4 2476 2477 2478 2479
4 2480 2481 2482 2483
4 2484 2485 2486 2487
4 2488 2489 2490 2491
4 2492 2493 2494 2495
4 2496 2497 2498 2499
4 2500 2501 2502 2503
4 2504 2505 2506 2507
4 2508 2509 2510 2511
4 2512 2513 2514 2515
4 2516 2517 2518 2519
4 2520 2521 2522 2523
4 2524 2525 2526 2527
4 2528 2529 2530 2531
4 2532 2533 2534 2535
4 2536 2537 2538 2539
4 2540 2541 2542 2543
4 2544 2545 2546 2547
4 2548 2549 2550 2551
4 2552 2553 2554 2555
4 2556 2557 2558 2559
4 2560 2561 2562 2563
4 2564 2565 2566 2567
4 2568 2569 2570 2571
4 2572 2573 2574 2575
4 2576 2577 2578 2579
4 2580 2581 2582 2583
4 2584 2585 2586 2587
4 2588 2589 2590 2591
4 2592 2593 2594 2595
4 2596 2597 2598 2599
4 2600 2601 2602 2603
4 2604 2605 2606 2607
4 2608 2609 2610 2611
4 2612 2613 2614 2615
4 2616 2617 2618 2619
4 2620 2621 2622 2623
4 2624 2625 2626 2627
4 2628 2629 2630 2631
4 2632 2633 2634 2635
4 2636 2637 2638 2639
4 2640 2641 2642 2643
4 2644 2645 2646 2647
4 2648 2649 2650 2651
4 2652 2653 2654 2655
4 2656 2657 2658 2659
4 2660 2661 2662 2663
4 2664 2665 2666 2667
4 2668 2669 2670 2671
4 2672 2673 2674 2675
4 2676 2677 2678 2679
4 2680 2681 2682 2683
4 2684 2685 2686 2687
4 2688 2689 2690 2691
4 2692 2693 2694 2695
4 2696 2697 2698 2699
4 2700 2701 2702 2703
4 2704 2705 2706 2707
4 2708 2709 2710 2711
4 2712 2713 2714 2715
4 2716 2717 2718 2719
4 2720 2721 2722 2723
4 2724 2725 2726 2727
4 2728 2729 2730 2731
4 2732 2733 2734 2735
4 2736 2737 2738 2739
4 2740 2741 2742 2743
4 2744 2745 2746 2747
4 2748 2749 2750 2751
4 2752 2753 2754 2755
4 2756 2757 2758 2759
4 2760 2761 2762 2763
4 2764 2765 2766 2767
4 2768 2769 2770 2771
4 2772 2773 2774 2775
4 2776 2777 2778 2779
4 2780 2781 2782 2783
4 2784 2785 2786 2787
4 2788 2789 2790 2791
4 2792 2793 2794 2795
4 2796 2797 2798 2799
4 2800 2801 2802 2803
4 2804 2805 2806 2807
4 2808 2809 2810 2811
4 2812 2813 2814 2815
4 2816 2817 2818 2819
4 2820 2821 2822 2823
4 2824 2825 2826 2827
4 2828 2829 2830 2831
4 2832 2833 2834 2835
4 2836 2837 2838 2839
4 2840 2841 2842 2843
4 2844 2845 2846 2847
4 2848 2849 2850 2851
4 2852 2853 2854 2855
4 2856 2857 2858 2859
4 2860 2861 2862 2863
4 2864 2865 2866 2867
4 2868 2869 2870 2871
4 2872 2873 2874 2875
4 2876 2877 2878 2879
4 2880 2881 2882 2883
4 2884 2885 2886 2887
4 2888 2889 2890 2891
4 2892 2893 2894 2895
4 2896 2897 2898 2899
4 2900 2901 2902 2903
4 2904 2905 2906 2907
4 2908 2909 2910 2911
4 2912 2913 2914 2915
4 2916 2917 2918 2919
4 2920 2921 2922 2923
4 2924 2925 2926 2927
4 2928 2929 2930 2931
4 2932 2933 2934 2935
4 2936 2937 2938 2939
4 2940 2941 2942 2943
4 2944 2945 2946 2947
4 2948 2949 2950 2951
4 2952 2953 2954 2955
4 2956 2957 2958 2959
4 2960 2961 2962 2963
4 2964 2965 2966 2967
4 2968 2969 2970 2971
4 2972 2973 2974 2975
4 2976 2977 2978 2979
4 2980 2981 2982 2983
4 2984 2985 2986 2987
4 2988 2989 2990 2991
4 2992 2993 2994 2995
4 2996 2997 2998 2999
4 3000 3001 3002 3003
4 3004 3005 3006 3007
4 3008 3009 3010 3011
4 3012 3013 3014 3015
4 3016 3017 3018 3019
4 3020 3021 3022 3023
4 3024 3025 3026 3027
4 3028 3029 3030 3031
4 3032 3033 3034 3035
4 3036 3037 3038 3039
4 3040 3041 3042 3043
4 3044 3045 3046 3047
4 3048 3049 3050 3051
4 3052 3053 3054 3055
4 3056 3057 3058 3059
4 3060 3061 3062 3063
4 3064 3065 3066 3067
4 3068 3069 3070 3071
4 3072 3073 3074 3075
4 3076 3077 3078 3079
4 3080 3081 3082 3083
4 3084 3085 3086 3087
4 3088 3089 3090 3091
4 3092 3093 3094 3095
4 3096 3097 3098 3099
4 3100 3101 3102 3103
4 3104 3105 3106 3107
4 3108 3109 3110 3111
4 3112 3113 3114 3115
4 3116 3117 3118 3119
4 3120 3121 3122 3123
4 3124 3125 3126 3127
4 3128 3129 3130 3131
4 3132 3133 3134 3135
4 3136 3137 3138 3139
4 3140 3141 3142 3143
4 3144 3145 3146 3147
4 3148 3149 3150 3151
4 3152 3153 3154 3155
4 3156 3157 3158 3159
4 3160 3161 3162 3163
4 3164 3165 3166 3167
4 3168 3169 3170 3171
4 3172 3173 3174 3175
4 3176 3177 3178 3179
4 3180 3181 3182 3183
4 3184 3185 3186 3187
4 3188 3189 3190 3191
4 3192 3193 3194 3195
4 3196 3197 3198 3199
4 3200 3201 3202 3203
4 3204 3205 3206 3207
4 3208 3209 3210 3211
4 3212 3213 3214 3215
4 3216 3217 3218 3219
4 3220 3221 3222 3223
4 3224 3225 3226 3227
4 3228 3229 3230 3231
4 3232 3233 3234 3235
4 3236 3237 3238 3239
4 3240 3241 3242 3243
4 3244 3245 3246 3247
4 3248 3249 3250 3251
4 3252 3253 3254 3255
4 3256 3257 3258 3259
4 3260 3261 3262 3263
4 3264 3265 3266 3267
4 3268 3269 3270 3271
4 3272 3273 3274 3275
4 3276 3277 3278 3279
4 3280 3281 3282 3283
4 3284 3285 3286 3287
4 3288 3289 3290 3291
4 3292 3293 3294 3295
4 3296 3297 3298 3299
4 3300 3301 3302 3303
4 3304 3305 3306 3307
4 3308 3309 3310 3311
4 3312 3313 3314 3315
4 3316 3317 3318 3319
4 3320 3321 3322 3323
4 3324 3325 3326 3327
4 3328 3329 3330 3331
4 3332 3333 3334 3335
4 3336 3337 3338 3339
4 3340 3341 3342 3343
4 3344 3345 3346 3347
4 3348 3349 3350 3351
4 3352 3353 3354 3355
4 3356 3357 3358 3359
4 3360 3361 3362 3363
4 3364 3365 3366 3367
4 3368 3369 3370 3371
4 3372 3373 3374 3375
4 3376 3377 3378 3379
4 3380 3381 3382 3383
4 3384 3385 3386 3387
4 3388 3389 3390 3391
4 3392 3393 3394 3395
4 3396 3397 3398 3399
4 3400 3401 3402 3403
4 3404 3405 3406 3407
4 3408 3409 3410 3411
4 3412 3413 3414 3415
4 3416 3417 3418 3419
4 3420 3421 3422 3423
4 3424 3425 3426 3427
4 3428 3429 3430 3431
4 3432 3433 3434 3435
4 3436 3437 3438 3439
4 3440 3441 3442 3443
4 3444 3445 3446 3447
4 3448 3449 3450 3451
4 3452 3453 3454 3455
4 3456 3457 3458 3459
4 3460 3461 3462 3463
4 3464 3465 3466 3467
4 3468 3469 3470 3471
4 3472 3473 3474 3475
4 3476 3477 3478 3479
4 3480 3481 3482 3483
4 3484 3485 3486 3487
4 3488 3489 3490 3491
4 3492 3493 3494 3495
4 3496 3497 3498 3499
4 3500 3501 3502 3503
4 3504 3505 3506 3507
4 3508 3509 3510 3511
4 3512 3513 3514 3515
4 3516 3517 3518 3519
4 3520 3521 3522 3523
4 3524 3525 3526 3527
4 3528 3529 3530 3531
4 3532 3533 3534 3535
4 3536 3537 3538 3539
4 3540 3541 3542 3543
4 3544 3545 3546 3547
4 3548 3549 3550 3551
4 3552 3553 3554 3555
4 3556 3557 3558 3559
4 3560 3561 3562 3563
4 3564 3565 3566 3567
4 3568 3569 3570 3571
4 3572 3573 3574 3575
4 3576 3577 3578 3579
4 3580 3581 3582 3583
4 3584 3585 3586 3587
4 3588 3589 3590 3591
4 3592 3593 3594 3595
4 3596 3597 3598 3599
4 3600 3601 3602 3603
4 3604 3605 3606 3607
4 3608 3609 3610 3611
4 3612 3613 3614 3615
4 3616 3617 3618 3619
4 3620 3621 3622 3623
4 3624 3625 3626 3627
4 3628 3629 3630 3631
4 3632 3633 3634 3635
4 3636 3637 3638 3639
4 3640 3641 3642 3643
4 3644 3645 3646 3647
4 3648 3649 3650 3651
4 3652 3653 3654 3655
4 3656 3657 3658 3659
4 3660 3661 3662 3663
4 3664 3665 3666 3667
4 3668 3669 3670 3671
4 3672 3673 3674 3675
4 3676 3677 3678 3679
4 3680 3681 3682 3683
4 3684 3685 3686 3687
4 3688 3689 3690 3691
4 3692 3693 3694 3695
CELL_TYPES 924
9
9
9
9
9
9
9
9
9
9
9
9
9
9
9
9
9
9
9
9
9
9
9
9
9
9
9
9
9
9
9
9
9
9
9
9
9
9
9
9
9
9
9
9
9
9
9
9
9
9
9
9
9
9
9
9
9
9
9
9
9
9
9
9
9
9
9
9
9
9
9
9
9
9
9
9
9
9
9
9
9
9
9
9
9
9
9
9
9
9
9
9
9
9
9
9
9
9
9
9
9
9
9
9
9
9
9
9
9
9
9
9
9
9
9
9
9
9
9
9
9
9
9
9
9
9
9
9
9
9
9
9
9
9
9
9
9
9
9
9
9
9
9
9
9
9
9
9
9
9
9
9
9
9
9
9
9
9
9
9
9
9
9
9
9
9
9
9
9
9
9
9
9
9
9
9
9
9
9
9
9
9
9
9
9
9
9
9
9
9
9
9
9
9
9
9
9
9
9
9
9
9
9
9
9
9
9
9
9
9
9
9
9
9
9
9
9
9
9
9
9
9
9
9
9
9
9
9
9
9
9
9
9
9
9
9
9
9
9
9
9
9
9
9
9
9
9
9
9
9
9
9
9
9
9
9
9
9
9
9
9
9
9
9
9
9
9
9
9
9
9
9
9
9
9
9
9
9
9
9
9
9
9
9
9
9
9
9
9
9
9
9
9
9
9
9
9
9
9
9
9
9
9
9
9
9
9
9
9
9
9
9
9
9
9
9
9
9
9
9
9
9
9
9
9
9
9
9
9
9
9
9
9
9
9
9
9
9
9
9
9
9
9
9
9
9
9
9
9
9
9
9
9
9
9
9
9
9
9
9
9
9
9
9
9
9
9
9
9
9
9
9
9
9
9
9
9
9
9
9
9
9
9
9
9
9
9
9
9
9
9
9
9
9
9
9
9
9
9
9
9
9
9
9
9
9
9
9
9
9
9
9
9
9
9
9
9
9
9
9
9
9
9
9
9
9
9
9
9
9
9
9
9
9
9
9
9
9
9
9
9
9
9
9
9
9
9
9
9
9
9
9
9
9
9
9
9
9
9
9
9
9
9
9
9
9
9
9
9
9
9
9
9
9
9
9
9
9
9
9
9
9
9
9
9
9
9
9
9
9
9
9
9
9
9
9
9
9
9
9
9
9
9
9
9
9
9
9
9
9
9
9
9
9
9
9
9
9
9
9
9
9
9
9
9
9
9
9
9
9
9
9
9
9
9
9
9
9
9
9
9
9
9
9
9
9
9
9
9
9
9
9
9
9
9
9
9
9
9
9
9
9
9
9
9
9
9
9
9
9
9
9
9
9
9
9
9
9
9
9
9
9
9
9
9
9
9
9
9
9
9
9
9
9
9
9
9
9
9
9
9
9
9
9
9
9
9
9
9
9
9
9
9
9
9
9
9
9
9
9
9
9
9
9
9
9
9
9
9
9
9
9
9
9
9
9
9
9
9
9
9
9
9
9
9
9
9
9
9
9
9
9
9
9
9
9
9
9
9
9
9
9
9
9
9
9
9
9
9
9
9
9
9
9
9
9
9
9
9
9
9
9
9
9
9
9
9
9
9
9
9
9
9
9
9
9
9
9
9
9
9
9
9
9
9
9
9
9
9
9
9
9
9
9
9
9
9
9
9
9
9
9
9
9
9
9
9
9
9
9
9
9
9
9
9
9
9
9
9
9
9
9
9
9
9
9
9
9
9
9
9
9
9
9
9
9
9
9
9
9
9
9
9
9
9
9
9
9
9
9
9
9
9
9
9
9
9
9
9
9
9
9
9
9
9
9
9
9
9
9
9
9
9
9
9
9
9
9
9
9
9
9
9
9
9
9
9
9
9
9
9
9
9
9
9
9
9
9
9
9
9
9
9
9
9
9
9
9
9
9
9
9
9
9
9
9
9
9
9
9
9
9
9
9
9
9
9
9
9
9
9
9
9
9
9
9
9
9
9
9
9
9
9
9
9
9
9
9
9
9
9
9
9
9
9
9
9
9
9
9
9
9
9
9
9
9
9
9
9
9
9
9
9
9
9
9
9
9
9
9
9
9
9
9
9
9
9
9
9
9
9
9
9
9
9
9
9
9
9
9
9
9
9
9
CELL_DATA 924
SCALARS area double 1
LOOKUP_TABLE default
1.06146e-05
1.06875e-05
1.0718e-05
1.07889e-05
1.10438e-05
8.24196e-06
1.09172e-05
1.09875e-05
1.0865e-05
1.07535e-05
1.82013e-05
1.82919e-05
1.82964e-05
1.82842e-05
1.82324e-05
1.22908e-05
1.82647e-05
1.8319e-05
1.8306e-05
1.82904e-05
2.02791e-05
2.04752e-05
2.06224e-05
2.0743e-05
2.0574e-05
1.17046e-05
2.07291e-05
2.05178e-05
2.04378e-05
2.03854e-05
2.16776e-05
2.19439e-05
2.21933e-05
2.24462e-05
2.24081e-05
1.10206e-05
2.25729e-05
2.21959e-05
2.19935e-05
2.1849e-05
2.27764e-05
2.30094e-05
2.32115e-05
2.3426e-05
2.3436e-05
1.0557e-05
2.35805e-05
2.32693e-05
2.30839e-05
2.29489e-05
2.35832e-05
2.37898e-05
2.39533e-05
2.41347e-05
2.41755e-05
1.02314e-05
2.43022e-05
2.40441e-05
2.38767e-05
2.37532e-05
2.41377e-05
2.43233e-05
2.44559e-05
2.46095e-05
2.46707e-05
1.00307e-05
2.47757e-05
2.45625e-05
2.44135e-05
2.43025e-05
2.44373e-05
2.46081e-05
2.47194e-05
2.4854e-05
2.49312e-05
9.88289e-06
2.4987e-05
2.4814e-05
2.46864e-05
2.45912e-05
2.44329e-05
2.45914e-05
2.46862e-05
2.48063e-05
2.48981e-05
9.70145e-06
2.49024e-05
2.47635e-05
2.46558e-05
2.45754e-05
2.4235e-05
2.43812e-05
2.44596e-05
2.45621e-05
2.46511e-05
9.48111e-06
2.46332e-05
2.45233e-05
2.44348e-05
2.43685e-05
2.39545e-05
2.40889e-05
2.41522e-05
2.42369e-05
2.4316e-05
9.24876e-06
2.42974e-05
2.421e-05
2.41369e-05
2.40816e-05
2.35853e-05
2.37101e-05
2.37621e-05
2.38334e-05
2.39047e-05
9.00809e-06
2.38819e-05
2.38122e-05
2.37517e-05
2.37056e-05
2.31892e-05
2.33057e-05
2.33484e-05
2.34087e-05
2.34736e-05
8.77876e-06
2.34504e-05
2.33941e-05
2.33432e-05
2.3304e-05
2.27106e-05
2.28198e-05
2.28553e-05
2.2907e-05
2.29668e-05
8.53768e-06
2.2942e-05
2.28963e-05
2.28531e-05
2.28197e-05
2.21914e-05
2.22941e-05
2.23238e-05
2.23684e-05
2.2424e-05
8.29606e-06
2.23983e-05
2.23608e-05
2.23239e-05
2.22952e-05
2.16356e-05
2.17308e-05
2.17554e-05
2.17944e-05
2.1849e-05
8.043e-06
2.18212e-05
2.17934e-05
2.17623e-05
2.17358e-05
2.10011e-05
2.10848e-05
2.11056e-05
2.1141e-05
2.11997e-05
7.71967e-06
2.11621e-05
2.11475e-05
2.11239e-05
2.10979e-05
2.03319e-05
2.04003e-05
2.04178e-05
2.04484e-05
2.05039e-05
7.36307e-06
2.04659e-05
2.04531e-05
2.04329e-05
2.04114e-05
1.96294e-05
1.96847e-05
1.96998e-05
1.97271e-05
1.97812e-05
7.02548e-06
1.97388e-05
1.97279e-05
1.97112e-05
1.96938e-05
1.88586e-05
1.89024e-05
1.89151e-05
1.89389e-05
1.89911e-05
6.67796e-06
1.89482e-05
1.89388e-05
1.89247e-05
1.89105e-05
1.80712e-05
1.81051e-05
1.81154e-05
1.81359e-05
1.8186e-05
6.34628e-06
1.81438e-05
1.81358e-05
1.8124e-05
1.81124e-05
1.72216e-05
1.72472e-05
1.72554e-05
1.72731e-05
1.73215e-05
6.01619e-06
1.72798e-05
1.72731e-05
1.72633e-05
1.72537e-05
1.63479e-05
1.63664e-05
1.63728e-05
1.63878e-05
1.64339e-05
5.69068e-06
1.63936e-05
1.63881e-05
1.638e-05
1.63723e-05
1.54481e-05
1.54608e-05
1.54658e-05
1.54785e-05
1.55229e-05
5.36609e-06
1.54831e-05
1.54784e-05
1.54719e-05
1.54659e-05
1.44952e-05
1.45033e-05
1.45069e-05
1.45174e-05
1.45594e-05
5.02659e-06
1.45215e-05
1.45177e-05
1.45124e-05
1.45077e-05
1.35211e-05
1.35256e-05
1.3528e-05
1.35366e-05
1.35762e-05
4.6862e-06
1.35402e-05
1.35371e-05
1.35329e-05
1.35293e-05
1.25259e-05
1.25276e-05
1.2529e-05
1.25358e-05
1.25727e-05
4.34277e-06
1.25392e-05
1.25367e-05
1.25335e-05
1.25308e-05
1.14886e-05
1.14884e-05
1.14891e-05
1.14944e-05
1.15286e-05
3.98612e-06
1.14973e-05
1.14953e-05
1.1493e-05
1.1491e-05
1.04407e-05
1.04392e-05
1.04393e-05
1.04431e-05
1.04742e-05
3.62545e-06
1.0446e-05
1.04444e-05
1.04427e-05
1.04413e-05
8.98184e-06
8.9799e-06
8.97917e-06
8.98141e-06
9.008e-06
3.13108e-06
8.98435e-06
8.98304e-06
8.98187e-06
8.98108e-06
2.01738e-06
2.01647e-06
2.01602e-06
2.01695e-06
2.02748e-06
7.44277e-07
2.01748e-06
2.01706e-06
2.01668e-06
2.0165e-06
1.58918e-06
1.58779e-06
1.58707e-06
1.58841e-06
1.60285e-06
6.37006e-07
1.58863e-06
1.58812e-06
1.58765e-06
1.58745e-06
1.52431e-06
1.52206e-06
1.52087e-06
1.52292e-06
1.54449e-06
6.69326e-07
1.52279e-06
1.5221e-06
1.52147e-06
1.52124e-06
1.44676e-06
1.44341e-06
1.44156e-06
1.44431e-06
1.4745e-06
7.04584e-07
1.44397e-06
1.44305e-06
1.44218e-06
1.44189e-06
1.35439e-06
1.34951e-06
1.34678e-06
1.35055e-06
1.39222e-06
7.44717e-07
1.34971e-06
1.34852e-06
1.34739e-06
1.34705e-06
1.24384e-06
1.23674e-06
1.23261e-06
1.23757e-06
1.29485e-06
7.92617e-07
1.23634e-06
1.23475e-06
1.2332e-06
1.23278e-06
1.1085e-06
1.09807e-06
1.09189e-06
1.09868e-06
1.17878e-06
8.4899e-07
1.0967e-06
1.09454e-06
1.09243e-06
1.09188e-06
9.35444e-07
9.18657e-07
9.08501e-07
9.1865e-07
1.03932e-06
9.29778e-07
9.15319e-07
9.12088e-07
9.08906e-07
9.08151e-07
6.82079e-07
6.48404e-07
6.2712e-07
6.46201e-07
8.62255e-07
1.05997e-06
6.39738e-07
6.33497e-07
6.27223e-07
6.25783e-07
2.61531e-07
2.43473e-07
2.31753e-07
2.41741e-07
3.51687e-07
4.72854e-07
2.38261e-07
2.34983e-07
2.31656e-07
2.30917e-07
1.0664e-05
1.82585e-05
2.03132e-05
2.1703e-05
2.28084e-05
2.36205e-05
2.41789e-05
2.44797e-05
2.44753e-05
2.42786e-05
2.39997e-05
2.36308e-05
2.32347e-05
2.27554e-05
2.22351e-05
2.16764e-05
2.10334e-05
2.03533e-05
1.9643e-05
1.88666e-05
1.80751e-05
1.72226e-05
1.63469e-05
1.54457e-05
1.44919e-05
1.35174e-05
1.2522e-05
1.14849e-05
1.04372e-05
8.97862e-06
2.01601e-06
1.58708e-06
1.52091e-06
1.44161e-06
1.34683e-06
1.23264e-06
1.09187e-06
9.0834e-07
6.26465e-07
2.31326e-07
5.92532e-06
3.89433e-06
3.46144e-06
3.6777e-06
5.85861e-06
1.26479e-05
3.12164e-06
2.06413e-06
2.10796e-06
1.81282e-06
2.63468e-07
1.31771e-09
9.83332e-10
8.38339e-10
9.12295e-10
1.5459e-09
2.46283e-09
3.45969e-10
3.97612e-10
4.19539e-10
3.68022e-10
2.73868e-10
1.06146e-05
1.06875e-05
1.0718e-05
1.07889e-05
1.10438e-05
8.24196e-06
1.09172e-05
1.09875e-05
1.0865e-05
1.07535e-05
1.82013e-05
1.82919e-05
1.82964e-05
1.82842e-05
1.82324e-05
1.22908e-05
1.82647e-05
1.8319e-05
1.8306e-05
1.82904e-05
2.02791e-05
2.04752e-05
2.06224e-05
2.0743e-05
2.0574e-05
1.17046e-05
2.07291e-05
2.05178e-05
2.04378e-05
2.03854e-05
2.16776e-05
2.19439e-05
2.21933e-05
2.24462e-05
2.24081e-05
1.10206e-05
2.25729e-05
2.21959e-05
2.19935e-05
2.1849e-05
2.27764e-05
2.30094e-05
2.32115e-05
2.3426e-05
2.3436e-05
1.0557e-05
2.35805e-05
2.32693e-05
2.30839e-05
2.29489e-05
2.35832e-05
2.37898e-05
2.39533e-05
2.41347e-05
2.41755e-05
1.02314e-05
2.43022e-05
2.40441e-05
2.38767e-05
2.37532e-05
2.41377e-05
2.43233e-05
2.44559e-05
2.46095e-05
2.46707e-05
1.00307e-05
2.47757e-05
2.45625e-05
2.44135e-05
2.43025e-05
2.44373e-05
2.46081e-05
2.47194e-05
2.4854e-05
2.49312e-05
9.88289e-06
2.4987e-05
2.4814e-05
2.46864e-05
2.45912e-05
2.44329e-05
2.45914e-05
2.46862e-05
2.48063e-05
2.48981e-05
9.70145e-06
2.49024e-05
2.47635e-05
2.46558e-05
2.45754e-05
2.4235e-05
2.43812e-05
2.44596e-05
2.45621e-05
2.46511e-05
9.48111e-06
2.46332e-05
2.45233e-05
2.44348e-05
2.43685e-05
2.39545e-05
2.40889e-05
2.41522e-05
2.42369e-05
2.4316e-05
9.24876e-06
2.42974e-05
2.421e-05
2.41369e-05
2.40816e-05
2.35853e-05
2.37101e-05
2.37621e-05
2.38334e-05
2.39047e-05
9.00809e-06
2.38819e-05
2.38122e-05
2.37517e-05
2.37056e-05
2.31892e-05
2.33057e-05
2.33484e-05
2.34087e-05
2.34736e-05
8.77876e-06
2.34504e-05
2.33941e-05
2.33432e-05
2.3304e-05
2.27106e-05
2.28198e-05
2.28553e-05
2.2907e-05
2.29668e-05
8.53768e-06
2.2942e-05
2.28963e-05
2.28531e-05
2.28197e-05
2.21914e-05
2.22941e-05
2.23238e-05
2.23684e-05
2.2424e-05
8.29606e-06
2.23983e-05
2.23608e-05
2.23239e-05
2.22952e-05
2.16356e-05
2.17308e-05
2.17554e-05
2.17944e-05
2.1849e-05
8.043e-06
2.18212e-05
2.17934e-05
2.17623e-05
2.17358e-05
2.10011e-05
2.10848e-05
2.11056e-05
2.1141e-05
2.11997e-05
7.71967e-06
2.11621e-05
2.11475e-05
2.11239e-05
2.10979e-05
2.03319e-05
2.04003e-05
2.04178e-05
2.04484e-05
2.05039e-05
7.36307e-06
2.04659e-05
2.04531e-05
2.04329e-05
2.04114e-05
1.96294e-05
1.96847e-05
1.96998e-05
1.97271e-05
1.97812e-05
7.02548e-06
1.97388e-05
1.97279e-05
1.97112e-05
1.96938e-05
1.88586e-05
1.89024e-05
1.89151e-05
1.89389e-05
1.89911e-05
6.67796e-06
1.89482e-05
1.89388e-05
1.89247e-05
1.89105e-05
1.80712e-05
1.81051e-05
1.81154e-05
1.81359e-05
1.8186e-05
6.34628e-06
1.81438e-05
1.81358e-05
1.8124e-05
1.81124e-05
1.72216e-05
1.72472e-05
1.72554e-05
1.72731e-05
1.73215e-05
6.01619e-06
1.72798e-05
1.72731e-05
1.72633e-05
1.72537e-05
1.63479e-05
1.63664e-05
1.63728e-05
1.63878e-05
1.64339e-05
5.69068e-06
1.63936e-05
1.63881e-05
1.638e-05
1.63723e-05
1.54481e-05
1.54608e-05
1.54658e-05
1.54785e-05
1.55229e-05
5.36609e-06
1.54831e-05
1.54784e-05
1.54719e-05
1.54659e-05
1.44952e-05
1.45033e-05
1.45069e-05
1.45174e-05
1.45594e-05
5.02659e-06
1.45215e-05
1.45177e-05
1.45124e-05
1.45077e-05
1.35211e-05
1.35256e-05
1.3528e-05
1.35366e-05
1.35762e-05
4.6862e-06
1.35402e-05
1.35371e-05
1.35329e-05
1.35293e-05
1.25259e-05
1.25276e-05
1.2529e-05
1.25358e-05
1.25727e-05
4.34277e-06
1.25392e-05
1.25367e-05
1.25335e-05
1.25308e-05
1.14886e-05
1.14884e-05
1.14891e-05
1.14944e-05
1.15286e-05
3.98612e-06
1.14973e-05
1.14953e-05
1.1493e-05
1.1491e-05
1.04407e-05
1.04392e-05
1.04393e-05
1.04431e-05
1.04742e-05
3.62545e-06
1.0446e-05
1.04444e-05
1.04427e-05
1.04413e-05
8.98184e-06
8.9799e-06
8.97917e-06
8.98141e-06
9.008e-06
3.13108e-06
8.98435e-06
8.98304e-06
8.98187e-06
8.98108e-06
2.01738e-06
2.01647e-06
2.01602e-06
2.01695e-06
2.02748e-06
7.44277e-07
2.01748e-06
2.01706e-06
2.01668e-06
2.0165e-06
1.58918e-06
1.58779e-06
1.58707e-06
1.58841e-06
1.60285e-06
6.37006e-07
1.58863e-06
1.58812e-06
1.58765e-06
1.58745e-06
1.52431e-06
1.52206e-06
1.52087e-06
1.52292e-06
1.54449e-06
6.69326e-07
1.52279e-06
1.5221e-06
1.52147e-06
1.52124e-06
1.44676e-06
1.44341e-06
1.44156e-06
1.44431e-06
1.4745e-06
7.04584e-07
1.44397e-06
1.44305e-06
1.44218e-06
1.44189e-06
1.35439e-06
1.34951e-06
1.34678e-06
1.35055e-06
1.39222e-06
7.44717e-07
1.34971e-06
1.34852e-06
1.34739e-06
1.34705e-06
1.24384e-06
1.23674e-06
1.23261e-06
1.23757e-06
1.29485e-06
7.92617e-07
1.23634e-06
1.23475e-06
1.2332e-06
1.23278e-06
1.1085e-06
1.09807e-06
1.09189e-06
1.09868e-06
1.17878e-06
8.4899e-07
1.0967e-06
1.09454e-06
1.09243e-06
1.09188e-06
9.35444e-07
9.18657e-07
9.08501e-07
9.1865e-07
1.03932e-06
9.29778e-07
9.15319e-07
9.12088e-07
9.08906e-07
9.08151e-07
6.82079e-07
6.48404e-07
6.2712e-07
6.46201e-07
8.62255e-07
1.05997e-06
6.39738e-07
6.33497e-07
6.27223e-07
6.25783e-07
2.61531e-07
2.43473e-07
2.31753e-07
2.41741e-07
3.51687e-07
4.72854e-07
2.38261e-07
2.34983e-07
2.31656e-07
2.30917e-07
1.0664e-05
1.82585e-05
2.03132e-05
2.1703e-05
2.28084e-05
2.36205e-05
2.41789e-05
2.44797e-05
2.44753e-05
2.42786e-05
2.39997e-05
2.36308e-05
2.32347e-05
2.27554e-05
2.22351e-05
2.16764e-05
2.10334e-05
2.03533e-05
1.9643e-05
1.88666e-05
1.80751e-05
1.72226e-05
1.63469e-05
1.54457e-05
1.44919e-05
1.35174e-05
1.2522e-05
1.14849e-05
1.04372e-05
8.97862e-06
2.01601e-06
1.58708e-06
1.52091e-06
1.44161e-06
1.34683e-06
1.23264e-06
1.09187e-06
9.0834e-07
6.26465e-07
2.31326e-07
5.92532e-06
3.89433e-06
3.46144e-06
3.6777e-06
5.85861e-06
1.26479e-05
3.12164e-06
2.06413e-06
2.10796e-06
1.81282e-06
2.63468e-07
1.31771e-09
9.83332e-10
8.38339e-10
9.12295e-10
1.5459e-09
2.46283e-09
3.45969e-10
3.97612e-10
4.19539e-10
3.68022e-10
2.73868e-10
SCALARS mu double 1
LOOKUP_TABLE default
25.9137
-7.6023e-11
30.1483
39.3224
41.5993
41.8605
41.3549
39.6318
30.8057
14.208
34.1871
28.2015
36.2042
41.362
43.5254
43.7977
43.2477
41.1612
36.333
29.1526
37.0428
37.7333
41.8348
45.0035
46.7599
47.1394
46.6337
44.7202
41.4654
37.3804
39.1937
43.6265
46.9811
49.3515
50.8203
51.1791
50.7371
48.974
46.2894
42.8179
41.0129
48.5499
52.08
54.173
55.4321
55.6741
55.2404
53.6135
51.1464
47.5158
42.2499
53.3597
57.3227
59.2977
60.3574
60.4737
60.0765
58.6009
56.214
52.1732
45.0596
58.532
62.841
64.707
65.5463
65.5319
65.1976
63.909
61.587
57.1497
48.7655
64.1831
68.6845
70.4085
70.9985
70.8507
70.599
69.54
67.3388
62.6715
54.268
70.4704
74.9557
76.4766
76.7943
76.5124
76.3577
75.5619
73.5581
68.8908
61.566
77.5604
81.7681
83.0131
83.06
82.6745
82.5891
82.0658
80.3481
75.9554
70.9238
85.5497
89.1982
90.0841
89.855
89.3879
89.3577
89.1214
87.7866
83.9636
82.4032
94.4303
97.2524
97.6955
97.1713
96.6312
96.6592
96.7379
95.8801
92.9058
95.6787
104.145
105.93
105.857
105.014
104.406
104.495
104.919
104.62
102.715
109.639
114.541
115.187
114.546
113.367
112.699
112.849
113.639
113.956
113.222
123.834
125.493
124.98
123.738
122.209
121.488
121.695
122.87
123.835
124.29
138.304
136.936
135.274
133.402
131.5
130.735
130.993
132.578
134.218
135.844
152.548
148.623
145.912
143.439
141.172
140.379
140.676
142.667
144.947
147.632
166.08
160.062
156.579
153.69
151.185
150.382
150.697
152.964
155.699
159.169
178.966
171.348
167.29
164.104
161.433
160.629
160.956
163.42
166.486
170.54
191.317
182.548
178.075
174.68
171.899
171.104
171.434
174.036
177.336
181.81
203.124
193.64
188.9
185.376
182.536
181.759
182.085
184.766
188.217
192.961
214.491
204.599
199.715
196.135
193.283
192.529
192.847
195.557
199.082
203.968
225.444
215.383
210.463
206.894
204.081
203.36
203.663
206.347
209.874
214.796
236.014
225.947
221.073
217.577
214.85
214.169
214.454
217.061
220.526
225.399
246.229
236.245
231.482
228.113
225.52
224.888
225.155
227.634
230.979
235.736
255.944
246.147
241.553
238.364
235.959
235.387
235.637
237.936
241.105
245.685
265.046
255.486
251.107
248.142
245.976
245.49
245.725
247.791
250.729
255.078
273.136
263.972
259.879
257.197
255.325
254.923
255.135
256.917
259.567
263.616
279.729
271.204
267.471
265.117
263.58
263.251
263.434
264.892
267.212
270.892
284.498
276.654
273.215
271.1
269.842
269.586
269.739
270.929
273.006
276.386
287.452
279.373
275.829
273.527
271.931
271.509
271.904
273.419
275.66
279.136
289.854
281.773
278.09
275.603
273.793
273.23
273.811
275.52
277.934
281.547
291.846
284.086
280.312
277.669
275.699
275.063
275.74
277.597
280.161
283.866
293.509
286.408
282.643
279.885
277.788
277.094
277.838
279.812
282.491
286.192
294.897
288.765
285.151
282.326
280.122
279.387
280.153
282.239
284.991
288.552
296.072
291.186
287.926
285.118
282.785
282.028
282.731
285.002
287.757
290.977
297.043
293.646
291.015
288.518
286.007
285.257
285.806
288.382
290.836
293.448
297.74
295.869
294.293
292.499
290.541
289.955
290.389
292.315
294.119
295.711
298.49
297.749
297.033
296.455
296.049
295.871
295.989
296.327
296.874
297.587
300.959
300.778
300.702
300.647
300.593
300.557
300.585
300.624
300.675
300.749
25.7444
33.9659
36.7505
38.8252
40.628
41.9052
44.6443
48.2763
53.6969
60.9335
70.2385
81.6629
94.8825
108.811
122.996
137.459
151.7
165.231
178.119
190.476
202.296
213.679
224.651
235.245
245.487
255.237
264.379
272.516
279.162
283.988
286.983
289.405
291.418
293.106
294.525
295.735
296.748
297.493
298.314
300.882
-12.7095
-13.2955
-27.9433
-38.1255
-39.9829
-40.5244
-40.1101
-39.3754
-28.2603
-14.2971
-13.3046
300.849
300.809
300.742
300.687
300.67
300.658
300.651
300.658
300.726
300.804
300.828
89.2862
-4.77579e-11
97.8484
126.873
134.156
135.458
134.038
128.707
100.921
47.8518
120.187
93.3473
117.078
132.818
139.635
141.118
139.747
133.445
118.881
97.7991
133.613
125.019
134.726
143.52
148.853
150.732
149.649
144.21
135.265
125.417
144.174
144.27
150.296
156.017
160.255
162.096
161.27
156.6
150.074
143.445
153.116
159.797
165.097
169.444
172.866
174.376
173.599
169.597
164.315
158.455
161.059
174.338
179.673
183.209
185.906
187.07
186.406
183.065
178.575
172.724
173.147
189.141
194.377
197.236
199.208
200.023
199.53
196.892
193.102
187.379
188.648
204.614
209.365
211.521
212.744
213.215
212.929
211.04
207.992
202.781
207.191
221.002
224.844
226.217
226.682
226.818
226.761
225.643
223.429
219.168
227.9
238.456
241.006
241.521
241.286
241.173
241.261
240.871
239.59
236.676
251.202
257.015
257.936
257.52
256.632
256.333
256.522
256.821
256.558
255.34
276.43
276.502
275.561
274.163
272.644
272.183
272.47
273.45
274.261
274.978
302.914
296.726
293.824
291.423
289.284
288.677
289.062
290.717
292.628
295.379
328.976
317.381
312.599
309.213
306.476
305.745
306.221
308.534
311.523
316.219
354.365
338.268
331.788
327.461
324.147
323.311
323.867
326.816
330.832
337.28
378.838
359.283
351.325
346.093
342.202
341.28
341.9
345.487
350.483
358.44
401.365
380.005
370.932
364.921
360.499
359.518
360.179
364.361
370.194
379.266
421.697
399.667
390.06
383.649
378.955
377.95
378.614
383.118
389.403
399.013
440.719
418.565
408.766
402.189
397.368
396.359
397.011
401.681
408.172
417.974
458.841
436.923
427.153
420.562
415.716
414.718
415.348
420.071
426.605
436.376
476.039
454.787
445.212
438.72
433.933
432.961
433.556
438.242
444.699
454.271
492.598
472.178
462.907
456.597
451.933
450.997
451.558
456.134
462.424
471.689
508.676
489.09
480.182
474.121
469.645
468.768
469.286
473.677
479.729
488.628
524.404
505.469
496.936
491.178
486.953
486.148
486.623
490.772
496.533
505.047
539.513
521.211
513.082
507.67
503.762
503.043
503.476
507.327
512.743
520.834
553.406
536.064
528.458
523.461
519.915
519.279
519.667
523.156
528.155
535.719
565.673
549.713
542.764
538.268
535.152
534.599
534.938
537.994
542.488
549.385
576.273
561.811
555.593
551.663
549.038
548.573
548.861
551.424
555.344
561.498
584.891
571.9
566.417
563.072
560.98
560.609
560.846
562.877
566.2
571.608
590.775
579.225
574.338
571.428
569.774
569.501
569.688
571.285
574.161
578.964
594.012
582.637
577.741
574.639
572.558
572.061
572.564
574.565
577.599
582.401
596.688
585.639
580.663
577.363
575.015
574.329
575.077
577.316
580.531
585.408
598.919
588.53
583.523
580.058
577.514
576.728
577.603
580.019
583.39
588.3
600.788
591.43
586.509
582.929
580.235
579.372
580.332
582.885
586.367
591.199
602.356
594.374
589.707
586.075
583.255
582.339
583.324
586.005
589.548
594.139
603.692
597.395
593.229
589.648
586.68
585.734
586.636
589.534
593.051
597.16
604.801
600.46
597.127
593.966
590.792
589.856
590.557
593.822
596.929
600.232
605.556
603.216
601.238
598.985
596.53
595.802
596.353
598.773
601.038
603.033
606.472
605.545
604.655
603.938
603.435
603.218
603.368
603.788
604.468
605.353
609.544
609.316
609.221
609.153
609.086
609.044
609.079
609.129
609.192
609.284
88.8329
119.651
132.974
143.433
152.403
160.464
172.501
187.913
206.343
226.977
250.2
275.356
301.773
327.814
353.202
377.676
400.207
420.547
439.58
457.719
474.946
491.537
507.651
523.418
538.57
552.509
564.828
575.483
584.162
590.122
593.414
596.116
598.375
600.278
601.886
603.268
604.432
605.255
606.259
609.45
-42.99
-44.4462
-91.3915
-123.699
-129.676
-131.527
-130.269
-127.97
-92.7558
-48.0905
-44.909
609.407
609.356
609.273
609.204
609.183
609.169
609.161
609.169
609.255
609.352
609.382
