# vtk DataFile Version 3.0
Rotor blade panels
ASCII
DATASET UNSTRUCTURED_GRID
POINTS 3696 double
0.794641 1.4368 1.1429
0.7928 1.43834 1.13964
0.791141 1.43644 1.13934
0.793102 1.43479 1.14286
0.7928 1.43834 1.13964
0.790593 1.44019 1.13677
0.788788 1.43842 1.13622
0.791141 1.43644 1.13934
0.790593 1.44019 1.13677
0.78823 1.44218 1.13411
0.786267 1.44053 1.13334
0.788788 1.43842 1.13622
0.78823 1.44218 1.13411
0.785672 1.44433 1.13179
0.783546 1.44282 1.13078
0.786267 1.44053 1.13334
0.785672 1.44433 1.13179
0.782796 1.44674 1.13028
0.780492 1.44538 1.12903
0.783546 1.44282 1.13078
0.782796 1.44674 1.13028
0.781355 1.44795 1.13237
0.779035 1.44661 1.13107
0.780492 1.44538 1.12903
0.781355 1.44795 1.13237
0.78397 1.44576 1.13456
0.781848 1.44424 1.13344
0.779035 1.44661 1.13107
0.78397 1.44576 1.13456
0.786745 1.44343 1.13642
0.784792 1.44177 1.13553
0.781848 1.44424 1.13344
0.786745 1.44343 1.13642
0.789498 1.44111 1.13833
0.787702 1.43933 1.13771
0.784792 1.44177 1.13553
0.789498 1.44111 1.13833
0.792168 1.43887 1.14043
0.790515 1.43697 1.14009
0.787702 1.43933 1.13771
0.793102 1.43479 1.14286
0.791141 1.43644 1.13934
0.788365 1.43357 1.13913
0.790584 1.43171 1.14294
0.791141 1.43644 1.13934
0.788788 1.43842 1.13622
0.785729 1.43578 1.13578
0.788365 1.43357 1.13913
0.788788 1.43842 1.13622
0.786267 1.44053 1.13334
0.782916 1.43815 1.13268
0.785729 1.43578 1.13578
0.786267 1.44053 1.13334
0.783546 1.44282 1.13078
0.7799 1.44068 1.12993
0.782916 1.43815 1.13268
0.783546 1.44282 1.13078
0.780492 1.44538 1.12903
0.776557 1.44349 1.12797
0.7799 1.44068 1.12993
0.780492 1.44538 1.12903
0.779035 1.44661 1.13107
0.775156 1.44466 1.12997
0.776557 1.44349 1.12797
0.779035 1.44661 1.13107
0.781848 1.44424 1.13344
0.778297 1.44203 1.13247
0.775156 1.44466 1.12997
0.781848 1.44424 1.13344
0.784792 1.44177 1.13553
0.781525 1.43932 1.13477
0.778297 1.44203 1.13247
0.784792 1.44177 1.13553
0.787702 1.43933 1.13771
0.784705 1.43664 1.13719
0.781525 1.43932 1.13477
0.787702 1.43933 1.13771
0.790515 1.43697 1.14009
0.787773 1.43407 1.13985
0.784705 1.43664 1.13719
0.790584 1.43171 1.14294
0.788365 1.43357 1.13913
0.785384 1.43076 1.13921
0.787936 1.42862 1.14314
0.788365 1.43357 1.13913
0.785729 1.43578 1.13578
0.782408 1.43326 1.13578
0.785384 1.43076 1.13921
0.785729 1.43578 1.13578
0.782916 1.43815 1.13268
0.779255 1.43591 1.13265
0.782408 1.43326 1.13578
0.782916 1.43815 1.13268
0.7799 1.44068 1.12993
0.775906 1.43872 1.12988
0.779255 1.43591 1.13265
0.7799 1.44068 1.12993
0.776557 1.44349 1.12797
0.772256 1.44178 1.1279
0.775906 1.43872 1.12988
0.776557 1.44349 1.12797
0.775156 1.44466 1.12997
0.770967 1.44287 1.12991
0.772256 1.44178 1.1279
0.775156 1.44466 1.12997
0.778297 1.44203 1.13247
0.774454 1.43994 1.13237
0.770967 1.44287 1.12991
0.778297 1.44203 1.13247
0.781525 1.43932 1.13477
0.777994 1.43697 1.1347
0.774454 1.43994 1.13237
0.781525 1.43932 1.13477
0.784705 1.43664 1.13719
0.781477 1.43404 1.13718
0.777994 1.43697 1.1347
0.784705 1.43664 1.13719
0.787773 1.43407 1.13985
0.784843 1.43122 1.13991
0.781477 1.43404 1.13718
0.787936 1.42862 1.14314
0.785384 1.43076 1.13921
0.782387 1.42797 1.13941
0.785268 1.42555 1.14337
0.785384 1.43076 1.13921
0.782408 1.43326 1.13578
0.779086 1.43074 1.13602
0.782387 1.42797 1.13941
0.782408 1.43326 1.13578
0.779255 1.43591 1.13265
0.77561 1.43366 1.13295
0.779086 1.43074 1.13602
0.779255 1.43591 1.13265
0.775906 1.43872 1.12988
0.771951 1.43673 1.13026
0.77561 1.43366 1.13295
0.775906 1.43872 1.12988
0.772256 1.44178 1.1279
0.76802 1.44003 1.12838
0.771951 1.43673 1.13026
0.772256 1.44178 1.1279
0.770967 1.44287 1.12991
0.766847 1.44102 1.13041
0.76802 1.44003 1.12838
0.770967 1.44287 1.12991
0.774454 1.43994 1.13237
0.770646 1.43783 1.13274
0.766847 1.44102 1.13041
0.774454 1.43994 1.13237
0.777994 1.43697 1.1347
0.774475 1.43461 1.13499
0.770646 1.43783 1.13274
0.777994 1.43697 1.1347
0.781477 1.43404 1.13718
0.778242 1.43145 1.13741
0.774475 1.43461 1.13499
0.781477 1.43404 1.13718
0.784843 1.43122 1.13991
0.781893 1.42838 1.14012
0.778242 1.43145 1.13741
0.785268 1.42555 1.14337
0.782387 1.42797 1.13941
0.779451 1.42512 1.13962
0.782604 1.42247 1.14355
0.782387 1.42797 1.13941
0.779086 1.43074 1.13602
0.775884 1.42811 1.13629
0.779451 1.42512 1.13962
0.779086 1.43074 1.13602
0.77561 1.43366 1.13295
0.772148 1.43125 1.1333
0.775884 1.42811 1.13629
0.77561 1.43366 1.13295
0.771951 1.43673 1.13026
0.768238 1.43454 1.13072
0.772148 1.43125 1.1333
0.771951 1.43673 1.13026
0.76802 1.44003 1.12838
0.76408 1.43803 1.12896
0.768238 1.43454 1.13072
0.76802 1.44003 1.12838
0.766847 1.44102 1.13041
0.762997 1.43894 1.13101
0.76408 1.43803 1.12896
0.766847 1.44102 1.13041
0.770646 1.43783 1.13274
0.767043 1.43554 1.13321
0.762997 1.43894 1.13101
0.770646 1.43783 1.13274
0.774475 1.43461 1.13499
0.771106 1.43213 1.13535
0.767043 1.43554 1.13321
0.774475 1.43461 1.13499
0.778242 1.43145 1.13741
0.775106 1.42877 1.13769
0.771106 1.43213 1.13535
0.778242 1.43145 1.13741
0.781893 1.42838 1.14012
0.778993 1.4255 1.14033
0.775106 1.42877 1.13769
0.782604 1.42247 1.14355
0.779451 1.42512 1.13962
0.776575 1.42222 1.13982
0.779943 1.4194 1.14371
0.779451 1.42512 1.13962
0.775884 1.42811 1.13629
0.772801 1.42539 1.13659
0.776575 1.42222 1.13982
0.775884 1.42811 1.13629
0.772148 1.43125 1.1333
0.768863 1.4287 1.1337
0.772801 1.42539 1.13659
0.772148 1.43125 1.1333
0.768238 1.43454 1.13072
0.764762 1.43214 1.13124
0.768863 1.4287 1.1337
0.768238 1.43454 1.13072
0.76408 1.43803 1.12896
0.760434 1.43578 1.12961
0.764762 1.43214 1.13124
0.76408 1.43803 1.12896
0.762997 1.43894 1.13101
0.759421 1.43663 1.13169
0.760434 1.43578 1.12961
0.762997 1.43894 1.13101
0.767043 1.43554 1.13321
0.763653 1.43307 1.13374
0.759421 1.43663 1.13169
0.767043 1.43554 1.13321
0.771106 1.43213 1.13535
0.767894 1.42951 1.13577
0.763653 1.43307 1.13374
0.771106 1.43213 1.13535
0.775106 1.42877 1.13769
0.772074 1.426 1.138
0.767894 1.42951 1.13577
0.775106 1.42877 1.13769
0.778993 1.4255 1.14033
0.776143 1.42259 1.14055
0.772074 1.426 1.138
0.779943 1.4194 1.14371
0.776575 1.42222 1.13982
0.77375 1.41929 1.14003
0.777277 1.41632 1.14384
0.776575 1.42222 1.13982
0.772801 1.42539 1.13659
0.769828 1.42258 1.1369
0.77375 1.41929 1.14003
0.772801 1.42539 1.13659
0.768863 1.4287 1.1337
0.765748 1.42601 1.13414
0.769828 1.42258 1.1369
0.768863 1.4287 1.1337
0.764762 1.43214 1.13124
0.761513 1.42956 1.13181
0.765748 1.42601 1.13414
0.764762 1.43214 1.13124
0.760434 1.43578 1.12961
0.757071 1.43329 1.13032
0.761513 1.42956 1.13181
0.760434 1.43578 1.12961
0.759421 1.43663 1.13169
0.756116 1.43409 1.13243
0.757071 1.43329 1.13032
0.759421 1.43663 1.13169
0.763653 1.43307 1.13374
0.760474 1.43043 1.13433
0.756116 1.43409 1.13243
0.763653 1.43307 1.13374
0.767894 1.42951 1.13577
0.764836 1.42677 1.13622
0.760474 1.43043 1.13433
0.767894 1.42951 1.13577
0.772074 1.426 1.138
0.769141 1.42316 1.13833
0.764836 1.42677 1.13622
0.772074 1.426 1.138
0.776143 1.42259 1.14055
0.77334 1.41963 1.14077
0.769141 1.42316 1.13833
0.777277 1.41632 1.14384
0.77375 1.41929 1.14003
0.770967 1.41631 1.14025
0.774599 1.41326 1.14394
0.77375 1.41929 1.14003
0.769828 1.42258 1.1369
0.766952 1.41968 1.13725
0.770967 1.41631 1.14025
0.769828 1.42258 1.1369
0.765748 1.42601 1.13414
0.762788 1.42318 1.13462
0.766952 1.41968 1.13725
0.765748 1.42601 1.13414
0.761513 1.42956 1.13181
0.758478 1.4268 1.13243
0.762788 1.42318 1.13462
0.761513 1.42956 1.13181
0.757071 1.43329 1.13032
0.753979 1.43057 1.13109
0.758478 1.4268 1.13243
0.757071 1.43329 1.13032
0.756116 1.43409 1.13243
0.753081 1.43133 1.1332
0.753979 1.43057 1.13109
0.756116 1.43409 1.13243
0.760474 1.43043 1.13433
0.757507 1.42761 1.13495
0.753081 1.43133 1.1332
0.760474 1.43043 1.13433
0.764836 1.42677 1.13622
0.761933 1.4239 1.1367
0.757507 1.42761 1.13495
0.764836 1.42677 1.13622
0.769141 1.42316 1.13833
0.766305 1.42022 1.13867
0.761933 1.4239 1.1367
0.769141 1.42316 1.13833
0.77334 1.41963 1.14077
0.770578 1.41664 1.14099
0.766305 1.42022 1.13867
0.774599 1.41326 1.14394
0.770967 1.41631 1.14025
0.768225 1.4133 1.14047
0.77191 1.41021 1.14403
0.770967 1.41631 1.14025
0.766952 1.41968 1.13725
0.764175 1.4167 1.13762
0.768225 1.4133 1.14047
0.766952 1.41968 1.13725
0.762788 1.42318 1.13462
0.759982 1.42022 1.13514
0.764175 1.4167 1.13762
0.762788 1.42318 1.13462
0.758478 1.4268 1.13243
0.755654 1.42386 1.1331
0.759982 1.42022 1.13514
0.758478 1.4268 1.13243
0.753979 1.43057 1.13109
0.751154 1.42764 1.1319
0.755654 1.42386 1.1331
0.753979 1.43057 1.13109
0.753081 1.43133 1.1332
0.750316 1.42834 1.13398
0.751154 1.42764 1.1319
0.753081 1.43133 1.1332
0.757507 1.42761 1.13495
0.754751 1.42462 1.13559
0.750316 1.42834 1.13398
0.757507 1.42761 1.13495
0.761933 1.4239 1.1367
0.759185 1.42089 1.1372
0.754751 1.42462 1.13559
0.761933 1.4239 1.1367
0.766305 1.42022 1.13867
0.763569 1.41721 1.13903
0.759185 1.42089 1.1372
0.766305 1.42022 1.13867
0.770578 1.41664 1.14099
0.767859 1.41361 1.1412
0.763569 1.41721 1.13903
0.77191 1.41021 1.14403
0.768225 1.4133 1.14047
0.765533 1.41025 1.1407
0.769238 1.40714 1.14411
0.768225 1.4133 1.14047
0.764175 1.4167 1.13762
0.761478 1.41366 1.13799
0.765533 1.41025 1.1407
0.764175 1.4167 1.13762
0.759982 1.42022 1.13514
0.757288 1.41718 1.13566
0.761478 1.41366 1.13799
0.759982 1.42022 1.13514
0.755654 1.42386 1.1331
0.752973 1.4208 1.13377
0.757288 1.41718 1.13566
0.755654 1.42386 1.1331
0.751154 1.42764 1.1319
0.748504 1.42455 1.1327
0.752973 1.4208 1.13377
0.751154 1.42764 1.1319
0.750316 1.42834 1.13398
0.747722 1.42521 1.13475
0.748504 1.42455 1.1327
0.750316 1.42834 1.13398
0.754751 1.42462 1.13559
0.752136 1.4215 1.13621
0.747722 1.42521 1.13475
0.754751 1.42462 1.13559
0.759185 1.42089 1.1372
0.756548 1.4178 1.13768
0.752136 1.4215 1.13621
0.759185 1.42089 1.1372
0.763569 1.41721 1.13903
0.760912 1.41413 1.13938
0.756548 1.4178 1.13768
0.763569 1.41721 1.13903
0.767859 1.41361 1.1412
0.765189 1.41054 1.14142
0.760912 1.41413 1.13938
0.769238 1.40714 1.14411
0.765533 1.41025 1.1407
0.762892 1.40716 1.14092
0.7666 1.40404 1.1442
0.765533 1.41025 1.1407
0.761478 1.41366 1.13799
0.758851 1.41055 1.13836
0.762892 1.40716 1.14092
0.761478 1.41366 1.13799
0.757288 1.41718 1.13566
0.754683 1.41405 1.13617
0.758851 1.41055 1.13836
0.757288 1.41718 1.13566
0.752973 1.4208 1.13377
0.750398 1.41765 1.13441
0.754683 1.41405 1.13617
0.752973 1.4208 1.13377
0.748504 1.42455 1.1327
0.745973 1.42136 1.13345
0.750398 1.41765 1.13441
0.748504 1.42455 1.1327
0.747722 1.42521 1.13475
0.745243 1.42198 1.13547
0.745973 1.42136 1.13345
0.747722 1.42521 1.13475
0.752136 1.4215 1.13621
0.749619 1.4183 1.1368
0.745243 1.42198 1.13547
0.752136 1.4215 1.13621
0.756548 1.4178 1.13768
0.753992 1.41463 1.13815
0.749619 1.4183 1.1368
0.756548 1.4178 1.13768
0.760912 1.41413 1.13938
0.758321 1.411 1.13972
0.753992 1.41463 1.13815
0.760912 1.41413 1.13938
0.765189 1.41054 1.14142
0.762568 1.40743 1.14163
0.758321 1.411 1.13972
0.7666 1.40404 1.1442
0.762892 1.40716 1.14092
0.7603 1.40402 1.14115
0.763992 1.40092 1.14428
0.762892 1.40716 1.14092
0.758851 1.41055 1.13836
0.756289 1.40739 1.13872
0.7603 1.40402 1.14115
0.758851 1.41055 1.13836
0.754683 1.41405 1.13617
0.752159 1.41086 1.13666
0.756289 1.40739 1.13872
0.754683 1.41405 1.13617
0.750398 1.41765 1.13441
0.74792 1.41442 1.13502
0.752159 1.41086 1.13666
0.750398 1.41765 1.13441
0.745973 1.42136 1.13345
0.743555 1.41808 1.13418
0.74792 1.41442 1.13502
0.745973 1.42136 1.13345
0.745243 1.42198 1.13547
0.742871 1.41866 1.13615
0.743555 1.41808 1.13418
0.745243 1.42198 1.13547
0.749619 1.4183 1.1368
0.747195 1.41503 1.13736
0.742871 1.41866 1.13615
0.749619 1.4183 1.1368
0.753992 1.41463 1.13815
0.751514 1.4114 1.13859
0.747195 1.41503 1.13736
0.753992 1.41463 1.13815
0.758321 1.411 1.13972
0.755792 1.40781 1.14005
0.751514 1.4114 1.13859
0.758321 1.411 1.13972
0.762568 1.40743 1.14163
0.759995 1.40428 1.14184
0.755792 1.40781 1.14005
0.763992 1.40092 1.14428
0.7603 1.40402 1.14115
0.757754 1.40085 1.14138
0.761415 1.39777 1.14438
0.7603 1.40402 1.14115
0.756289 1.40739 1.13872
0.753789 1.40418 1.13908
0.757754 1.40085 1.14138
0.756289 1.40739 1.13872
0.752159 1.41086 1.13666
0.749712 1.4076 1.13714
0.753789 1.40418 1.13908
0.752159 1.41086 1.13666
0.74792 1.41442 1.13502
0.745532 1.41111 1.13562
0.749712 1.4076 1.13714
0.74792 1.41442 1.13502
0.743555 1.41808 1.13418
0.741239 1.41472 1.13487
0.745532 1.41111 1.13562
0.743555 1.41808 1.13418
0.742871 1.41866 1.13615
0.740598 1.41525 1.13679
0.741239 1.41472 1.13487
0.742871 1.41866 1.13615
0.747195 1.41503 1.13736
0.744856 1.41168 1.13789
0.740598 1.41525 1.13679
0.747195 1.41503 1.13736
0.751514 1.4114 1.13859
0.749108 1.40811 1.13902
0.744856 1.41168 1.13789
0.751514 1.4114 1.13859
0.755792 1.40781 1.14005
0.753322 1.40457 1.14037
0.749108 1.40811 1.13902
0.755792 1.40781 1.14005
0.759995 1.40428 1.14184
0.757466 1.40109 1.14206
0.753322 1.40457 1.14037
0.761415 1.39777 1.14438
0.757754 1.40085 1.14138
0.755252 1.39764 1.1416
0.758867 1.3946 1.14447
0.757754 1.40085 1.14138
0.753789 1.40418 1.13908
0.751347 1.40092 1.13942
0.755252 1.39764 1.1416
0.753789 1.40418 1.13908
0.749712 1.4076 1.13714
0.747336 1.40429 1.1376
0.751347 1.40092 1.13942
0.749712 1.4076 1.13714
0.745532 1.41111 1.13562
0.74323 1.40773 1.13619
0.747336 1.40429 1.1376
0.745532 1.41111 1.13562
0.741239 1.41472 1.13487
0.739021 1.41127 1.13553
0.74323 1.40773 1.13619
0.741239 1.41472 1.13487
0.740598 1.41525 1.13679
0.738421 1.41177 1.13741
0.739021 1.41127 1.13553
0.740598 1.41525 1.13679
0.744856 1.41168 1.13789
0.742599 1.40826 1.1384
0.738421 1.41177 1.13741
0.744856 1.41168 1.13789
0.749108 1.40811 1.13902
0.746771 1.40476 1.13944
0.742599 1.40826 1.1384
0.749108 1.40811 1.13902
0.753322 1.40457 1.14037
0.750909 1.40129 1.14069
0.746771 1.40476 1.13944
0.753322 1.40457 1.14037
0.757466 1.40109 1.14206
0.75498 1.39787 1.14226
0.750909 1.40129 1.14069
0.758867 1.3946 1.14447
0.755252 1.39764 1.1416
0.75279 1.3944 1.14182
0.756347 1.39141 1.14456
0.755252 1.39764 1.1416
0.751347 1.40092 1.13942
0.748959 1.39761 1.13976
0.75279 1.3944 1.14182
0.751347 1.40092 1.13942
0.747336 1.40429 1.1376
0.745028 1.40091 1.13805
0.748959 1.39761 1.13976
0.747336 1.40429 1.1376
0.74323 1.40773 1.13619
0.741008 1.40429 1.13674
0.745028 1.40091 1.13805
0.74323 1.40773 1.13619
0.739021 1.41127 1.13553
0.736895 1.40774 1.13617
0.741008 1.40429 1.13674
0.739021 1.41127 1.13553
0.738421 1.41177 1.13741
0.736332 1.40822 1.13799
0.736895 1.40774 1.13617
0.738421 1.41177 1.13741
0.742599 1.40826 1.1384
0.740419 1.40478 1.13889
0.736332 1.40822 1.13799
0.742599 1.40826 1.1384
0.746771 1.40476 1.13944
0.744499 1.40136 1.13984
0.740419 1.40478 1.13889
0.746771 1.40476 1.13944
0.750909 1.40129 1.14069
0.748548 1.39796 1.14099
0.744499 1.40136 1.13984
0.750909 1.40129 1.14069
0.75498 1.39787 1.14226
0.752534 1.39461 1.14247
0.748548 1.39796 1.14099
0.756347 1.39141 1.14456
0.75279 1.3944 1.14182
0.750368 1.39112 1.14205
0.753854 1.38819 1.14465
0.75279 1.3944 1.14182
0.748959 1.39761 1.13976
0.746623 1.39426 1.1401
0.750368 1.39112 1.14205
0.748959 1.39761 1.13976
0.745028 1.40091 1.13805
0.742784 1.39748 1.1385
0.746623 1.39426 1.1401
0.745028 1.40091 1.13805
0.741008 1.40429 1.13674
0.738862 1.40078 1.13728
0.742784 1.39748 1.1385
0.741008 1.40429 1.13674
0.736895 1.40774 1.13617
0.734856 1.40414 1.13679
0.738862 1.40078 1.13728
0.736895 1.40774 1.13617
0.736332 1.40822 1.13799
0.734328 1.40458 1.13854
0.734856 1.40414 1.13679
0.736332 1.40822 1.13799
0.740419 1.40478 1.13889
0.73831 1.40124 1.13937
0.734328 1.40458 1.13854
0.740419 1.40478 1.13889
0.744499 1.40136 1.13984
0.742287 1.3979 1.14024
0.73831 1.40124 1.13937
0.744499 1.40136 1.13984
0.748548 1.39796 1.14099
0.746234 1.39459 1.14131
0.742287 1.3979 1.14024
0.748548 1.39796 1.14099
0.752534 1.39461 1.14247
0.750124 1.39132 1.14268
0.746234 1.39459 1.14131
0.753854 1.38819 1.14465
0.750368 1.39112 1.14205
0.747977 1.38781 1.14229
0.751386 1.38495 1.14474
0.750368 1.39112 1.14205
0.746623 1.39426 1.1401
0.744334 1.39087 1.14044
0.747977 1.38781 1.14229
0.746623 1.39426 1.1401
0.742784 1.39748 1.1385
0.740602 1.39401 1.13894
0.744334 1.39087 1.14044
0.742784 1.39748 1.1385
0.738862 1.40078 1.13728
0.736791 1.39721 1.13782
0.740602 1.39401 1.13894
0.738862 1.40078 1.13728
0.734856 1.40414 1.13679
0.732904 1.40047 1.1374
0.736791 1.39721 1.13782
0.734856 1.40414 1.13679
0.734328 1.40458 1.13854
0.73241 1.40089 1.13907
0.732904 1.40047 1.1374
0.734328 1.40458 1.13854
0.73831 1.40124 1.13937
0.736272 1.39764 1.13984
0.73241 1.40089 1.13907
0.73831 1.40124 1.13937
0.742287 1.3979 1.14024
0.740129 1.3944 1.14066
0.736272 1.39764 1.13984
0.742287 1.3979 1.14024
0.746234 1.39459 1.14131
0.743959 1.39119 1.14166
0.740129 1.3944 1.14066
0.746234 1.39459 1.14131
0.750124 1.39132 1.14268
0.747742 1.38801 1.14293
0.743959 1.39119 1.14166
0.751386 1.38495 1.14474
0.747977 1.38781 1.14229
0.745619 1.38448 1.14252
0.748941 1.38169 1.14483
0.747977 1.38781 1.14229
0.744334 1.39087 1.14044
0.742088 1.38745 1.14078
0.745619 1.38448 1.14252
0.744334 1.39087 1.14044
0.740602 1.39401 1.13894
0.738472 1.39049 1.13937
0.742088 1.38745 1.14078
0.740602 1.39401 1.13894
0.736791 1.39721 1.13782
0.734783 1.39358 1.13834
0.738472 1.39049 1.13937
0.736791 1.39721 1.13782
0.732904 1.40047 1.1374
0.731024 1.39674 1.13799
0.734783 1.39358 1.13834
0.732904 1.40047 1.1374
0.73241 1.40089 1.13907
0.730561 1.39713 1.13958
0.731024 1.39674 1.13799
0.73241 1.40089 1.13907
0.736272 1.39764 1.13984
0.734295 1.39399 1.1403
0.730561 1.39713 1.13958
0.736272 1.39764 1.13984
0.740129 1.3944 1.14066
0.738024 1.39086 1.14106
0.734295 1.39399 1.1403
0.740129 1.3944 1.14066
0.743959 1.39119 1.14166
0.74173 1.38775 1.14199
0.738024 1.39086 1.14106
0.743959 1.39119 1.14166
0.747742 1.38801 1.14293
0.745394 1.38467 1.14317
0.74173 1.38775 1.14199
0.748941 1.38169 1.14483
0.745619 1.38448 1.14252
0.743294 1.38112 1.14276
0.746518 1.37842 1.14492
0.745619 1.38448 1.14252
0.742088 1.38745 1.14078
0.739884 1.38399 1.14112
0.743294 1.38112 1.14276
0.742088 1.38745 1.14078
0.738472 1.39049 1.13937
0.736395 1.38692 1.1398
0.739884 1.38399 1.14112
0.738472 1.39049 1.13937
0.734783 1.39358 1.13834
0.732836 1.3899 1.13885
0.736395 1.38692 1.1398
0.734783 1.39358 1.13834
0.731024 1.39674 1.13799
0.729215 1.39295 1.13855
0.732836 1.3899 1.13885
0.731024 1.39674 1.13799
0.730561 1.39713 1.13958
0.728783 1.39331 1.14006
0.729215 1.39295 1.13855
0.730561 1.39713 1.13958
0.734295 1.39399 1.1403
0.732381 1.39029 1.14074
0.728783 1.39331 1.14006
0.734295 1.39399 1.1403
0.738024 1.39086 1.14106
0.735973 1.38727 1.14145
0.732381 1.39029 1.14074
0.738024 1.39086 1.14106
0.74173 1.38775 1.14199
0.739546 1.38427 1.14232
0.735973 1.38727 1.14145
0.74173 1.38775 1.14199
0.745394 1.38467 1.14317
0.743082 1.3813 1.14341
0.739546 1.38427 1.14232
0.746518 1.37842 1.14492
0.743294 1.38112 1.14276
0.741002 1.37774 1.14299
0.744118 1.37512 1.14501
0.743294 1.38112 1.14276
0.739884 1.38399 1.14112
0.737722 1.38049 1.14146
0.741002 1.37774 1.14299
0.739884 1.38399 1.14112
0.736395 1.38692 1.1398
0.734368 1.38331 1.14022
0.737722 1.38049 1.14146
0.736395 1.38692 1.1398
0.732836 1.3899 1.13885
0.730949 1.38618 1.13934
0.734368 1.38331 1.14022
0.732836 1.3899 1.13885
0.729215 1.39295 1.13855
0.727475 1.3891 1.1391
0.730949 1.38618 1.13934
0.729215 1.39295 1.13855
0.728783 1.39331 1.14006
0.727073 1.38943 1.14053
0.727475 1.3891 1.1391
0.728783 1.39331 1.14006
0.732381 1.39029 1.14074
0.730526 1.38653 1.14115
0.727073 1.38943 1.14053
0.732381 1.39029 1.14074
0.735973 1.38727 1.14145
0.733974 1.38364 1.14182
0.730526 1.38653 1.14115
0.735973 1.38727 1.14145
0.739546 1.38427 1.14232
0.737404 1.38076 1.14262
0.733974 1.38364 1.14182
0.739546 1.38427 1.14232
0.743082 1.3813 1.14341
0.740803 1.3779 1.14363
0.737404 1.38076 1.14262
0.744118 1.37512 1.14501
0.741002 1.37774 1.14299
0.738738 1.37433 1.14322
0.741735 1.37181 1.1451
0.741002 1.37774 1.14299
0.737722 1.38049 1.14146
0.735596 1.37696 1.14178
0.738738 1.37433 1.14322
0.737722 1.38049 1.14146
0.734368 1.38331 1.14022
0.732386 1.37966 1.14063
0.735596 1.37696 1.14178
0.734368 1.38331 1.14022
0.730949 1.38618 1.13934
0.729116 1.38241 1.13982
0.732386 1.37966 1.14063
0.730949 1.38618 1.13934
0.727475 1.3891 1.1391
0.725794 1.38519 1.13963
0.729116 1.38241 1.13982
0.727475 1.3891 1.1391
0.727073 1.38943 1.14053
0.725422 1.38551 1.14098
0.725794 1.38519 1.13963
0.727073 1.38943 1.14053
0.730526 1.38653 1.14115
0.728723 1.38274 1.14156
0.725422 1.38551 1.14098
0.730526 1.38653 1.14115
0.733974 1.38364 1.14182
0.732019 1.37997 1.14217
0.728723 1.38274 1.14156
0.733974 1.38364 1.14182
0.737404 1.38076 1.14262
0.735299 1.37721 1.14292
0.732019 1.37997 1.14217
0.737404 1.38076 1.14262
0.740803 1.3779 1.14363
0.738552 1.37448 1.14385
0.735299 1.37721 1.14292
0.741735 1.37181 1.1451
0.738738 1.37433 1.14322
0.736505 1.37089 1.14345
0.739374 1.36848 1.14518
0.738738 1.37433 1.14322
0.735596 1.37696 1.14178
0.733509 1.37341 1.14211
0.736505 1.37089 1.14345
0.735596 1.37696 1.14178
0.732386 1.37966 1.14063
0.730451 1.37597 1.14104
0.733509 1.37341 1.14211
0.732386 1.37966 1.14063
0.729116 1.38241 1.13982
0.727337 1.37859 1.14029
0.730451 1.37597 1.14104
0.729116 1.38241 1.13982
0.725794 1.38519 1.13963
0.724178 1.38124 1.14014
0.727337 1.37859 1.14029
0.725794 1.38519 1.13963
0.725422 1.38551 1.14098
0.723833 1.38153 1.14142
0.724178 1.38124 1.14014
0.725422 1.38551 1.14098
0.728723 1.38274 1.14156
0.726974 1.37889 1.14195
0.723833 1.38153 1.14142
0.728723 1.38274 1.14156
0.732019 1.37997 1.14217
0.730111 1.37626 1.14252
0.726974 1.37889 1.14195
0.732019 1.37997 1.14217
0.735299 1.37721 1.14292
0.733233 1.37364 1.14321
0.730111 1.37626 1.14252
0.735299 1.37721 1.14292
0.738552 1.37448 1.14385
0.736332 1.37104 1.14405
0.733233 1.37364 1.14321
0.739374 1.36848 1.14518
0.736505 1.37089 1.14345
0.734297 1.36743 1.14367
0.73703 1.36514 1.14527
0.736505 1.37089 1.14345
0.733509 1.37341 1.14211
0.731455 1.36982 1.14243
0.734297 1.36743 1.14367
0.733509 1.37341 1.14211
0.730451 1.37597 1.14104
0.728556 1.37225 1.14143
0.731455 1.36982 1.14243
0.730451 1.37597 1.14104
0.727337 1.37859 1.14029
0.725606 1.37473 1.14075
0.728556 1.37225 1.14143
0.727337 1.37859 1.14029
0.724178 1.38124 1.14014
0.722614 1.37724 1.14063
0.725606 1.37473 1.14075
0.724178 1.38124 1.14014
0.723833 1.38153 1.14142
0.722296 1.37751 1.14183
0.722614 1.37724 1.14063
0.723833 1.38153 1.14142
0.726974 1.37889 1.14195
0.725271 1.37501 1.14232
0.722296 1.37751 1.14183
0.726974 1.37889 1.14195
0.730111 1.37626 1.14252
0.728241 1.37252 1.14285
0.725271 1.37501 1.14232
0.730111 1.37626 1.14252
0.733233 1.37364 1.14321
0.7312 1.37004 1.14348
0.728241 1.37252 1.14285
0.733233 1.37364 1.14321
0.736332 1.37104 1.14405
0.734138 1.36757 1.14426
0.7312 1.37004 1.14348
0.73703 1.36514 1.14527
0.734297 1.36743 1.14367
0.732113 1.36395 1.14389
0.734702 1.36178 1.14535
0.734297 1.36743 1.14367
0.731455 1.36982 1.14243
0.729433 1.36621 1.14274
0.732113 1.36395 1.14389
0.731455 1.36982 1.14243
0.728556 1.37225 1.14143
0.7267 1.3685 1.14182
0.729433 1.36621 1.14274
0.728556 1.37225 1.14143
0.725606 1.37473 1.14075
0.723919 1.37083 1.1412
0.7267 1.3685 1.14182
0.725606 1.37473 1.14075
0.722614 1.37724 1.14063
0.721102 1.3732 1.1411
0.723919 1.37083 1.1412
0.722614 1.37724 1.14063
0.722296 1.37751 1.14183
0.720811 1.37345 1.14223
0.721102 1.3732 1.1411
0.722296 1.37751 1.14183
0.725271 1.37501 1.14232
0.723613 1.37109 1.14268
0.720811 1.37345 1.14223
0.725271 1.37501 1.14232
0.728241 1.37252 1.14285
0.726411 1.36874 1.14316
0.723613 1.37109 1.14268
0.728241 1.37252 1.14285
0.7312 1.37004 1.14348
0.729198 1.3664 1.14374
0.726411 1.36874 1.14316
0.7312 1.37004 1.14348
0.734138 1.36757 1.14426
0.731968 1.36408 1.14445
0.729198 1.3664 1.14374
0.734702 1.36178 1.14535
0.732113 1.36395 1.14389
0.729953 1.36046 1.1441
0.732388 1.35841 1.14543
0.732113 1.36395 1.14389
0.729433 1.36621 1.14274
0.72744 1.36257 1.14305
0.729953 1.36046 1.1441
0.729433 1.36621 1.14274
0.7267 1.3685 1.14182
0.72488 1.36472 1.1422
0.72744 1.36257 1.14305
0.7267 1.3685 1.14182
0.723919 1.37083 1.1412
0.722276 1.3669 1.14163
0.72488 1.36472 1.1422
0.723919 1.37083 1.1412
0.721102 1.3732 1.1411
0.71964 1.36912 1.14156
0.722276 1.3669 1.14163
0.721102 1.3732 1.1411
0.720811 1.37345 1.14223
0.719374 1.36934 1.14262
0.71964 1.36912 1.14156
0.720811 1.37345 1.14223
0.723613 1.37109 1.14268
0.721997 1.36714 1.14302
0.719374 1.36934 1.14262
0.723613 1.37109 1.14268
0.726411 1.36874 1.14316
0.724616 1.36494 1.14347
0.721997 1.36714 1.14302
0.726411 1.36874 1.14316
0.729198 1.3664 1.14374
0.727225 1.36275 1.144
0.724616 1.36494 1.14347
0.729198 1.3664 1.14374
0.731968 1.36408 1.14445
0.729821 1.36057 1.14464
0.727225 1.36275 1.144
0.732388 1.35841 1.14543
0.729953 1.36046 1.1441
0.727815 1.35694 1.14431
0.730089 1.35503 1.14551
0.729953 1.36046 1.1441
0.72744 1.36257 1.14305
0.725475 1.35891 1.14334
0.727815 1.35694 1.14431
0.72744 1.36257 1.14305
0.72488 1.36472 1.1422
0.723094 1.36091 1.14257
0.725475 1.35891 1.14334
0.72488 1.36472 1.1422
0.722276 1.3669 1.14163
0.720673 1.36294 1.14206
0.723094 1.36091 1.14257
0.722276 1.3669 1.14163
0.71964 1.36912 1.14156
0.718223 1.365 1.14201
0.720673 1.36294 1.14206
0.71964 1.36912 1.14156
0.719374 1.36934 1.14262
0.717982 1.3652 1.14299
0.718223 1.365 1.14201
0.719374 1.36934 1.14262
0.721997 1.36714 1.14302
0.72042 1.36315 1.14335
0.717982 1.3652 1.14299
0.721997 1.36714 1.14302
0.724616 1.36494 1.14347
0.722855 1.36111 1.14376
0.72042 1.36315 1.14335
0.724616 1.36494 1.14347
0.727225 1.36275 1.144
0.725281 1.35907 1.14424
0.722855 1.36111 1.14376
0.727225 1.36275 1.144
0.729821 1.36057 1.14464
0.727695 1.35704 1.14481
0.725281 1.35907 1.14424
0.730089 1.35503 1.14551
0.727815 1.35694 1.14431
0.725695 1.35341 1.14451
0.7278 1.35164 1.14559
0.727815 1.35694 1.14431
0.725475 1.35891 1.14334
0.723535 1.35522 1.14364
0.725695 1.35341 1.14451
0.725475 1.35891 1.14334
0.723094 1.36091 1.14257
0.721338 1.35707 1.14294
0.723535 1.35522 1.14364
0.723094 1.36091 1.14257
0.720673 1.36294 1.14206
0.719105 1.35894 1.14247
0.721338 1.35707 1.14294
0.720673 1.36294 1.14206
0.718223 1.365 1.14201
0.716846 1.36084 1.14244
0.719105 1.35894 1.14247
0.718223 1.365 1.14201
0.717982 1.3652 1.14299
0.716629 1.36102 1.14334
0.716846 1.36084 1.14244
0.717982 1.3652 1.14299
0.72042 1.36315 1.14335
0.718877 1.35914 1.14367
0.716629 1.36102 1.14334
0.72042 1.36315 1.14335
0.722855 1.36111 1.14376
0.721122 1.35725 1.14404
0.718877 1.35914 1.14367
0.722855 1.36111 1.14376
0.725281 1.35907 1.14424
0.72336 1.35537 1.14447
0.721122 1.35725 1.14404
0.725281 1.35907 1.14424
0.727695 1.35704 1.14481
0.725588 1.3535 1.14498
0.72336 1.35537 1.14447
0.7278 1.35164 1.14559
0.725695 1.35341 1.14451
0.723594 1.34986 1.14471
0.725525 1.34824 1.14567
0.725695 1.35341 1.14451
0.723535 1.35522 1.14364
0.721619 1.35152 1.14392
0.723594 1.34986 1.14471
0.723535 1.35522 1.14364
0.721338 1.35707 1.14294
0.719611 1.35321 1.14329
0.721619 1.35152 1.14392
0.721338 1.35707 1.14294
0.719105 1.35894 1.14247
0.717571 1.35492 1.14288
0.719611 1.35321 1.14329
0.719105 1.35894 1.14247
0.716846 1.36084 1.14244
0.715509 1.35665 1.14286
0.717571 1.35492 1.14288
0.716846 1.36084 1.14244
0.716629 1.36102 1.14334
0.715315 1.35682 1.14368
0.715509 1.35665 1.14286
0.716629 1.36102 1.14334
0.718877 1.35914 1.14367
0.717369 1.35509 1.14398
0.715315 1.35682 1.14368
0.718877 1.35914 1.14367
0.721122 1.35725 1.14404
0.719419 1.35337 1.1443
0.717369 1.35509 1.14398
0.721122 1.35725 1.14404
0.72336 1.35537 1.14447
0.721463 1.35165 1.14469
0.719419 1.35337 1.1443
0.72336 1.35537 1.14447
0.725588 1.3535 1.14498
0.723499 1.34994 1.14515
0.721463 1.35165 1.14469
0.725525 1.34824 1.14567
0.723594 1.34986 1.14471
0.721507 1.3463 1.1449
0.723258 1.34483 1.14574
0.723594 1.34986 1.14471
0.721619 1.35152 1.14392
0.719722 1.3478 1.1442
0.721507 1.3463 1.1449
0.721619 1.35152 1.14392
0.719611 1.35321 1.14329
0.717909 1.34933 1.14364
0.719722 1.3478 1.1442
0.719611 1.35321 1.14329
0.717571 1.35492 1.14288
0.716067 1.35087 1.14327
0.717909 1.34933 1.14364
0.717571 1.35492 1.14288
0.715509 1.35665 1.14286
0.714205 1.35244 1.14327
0.716067 1.35087 1.14327
0.715509 1.35665 1.14286
0.715315 1.35682 1.14368
0.714034 1.35258 1.14401
0.714205 1.35244 1.14327
0.715315 1.35682 1.14368
0.717369 1.35509 1.14398
0.715888 1.35102 1.14427
0.714034 1.35258 1.14401
0.717369 1.35509 1.14398
0.719419 1.35337 1.1443
0.717739 1.34947 1.14456
0.715888 1.35102 1.14427
0.719419 1.35337 1.1443
0.721463 1.35165 1.14469
0.719585 1.34792 1.1449
0.717739 1.34947 1.14456
0.721463 1.35165 1.14469
0.723499 1.34994 1.14515
0.721425 1.34637 1.1453
0.719585 1.34792 1.1449
0.723258 1.34483 1.14574
0.721507 1.3463 1.1449
0.719531 1.34288 1.14507
0.7211 1.34156 1.14581
0.721507 1.3463 1.1449
0.719722 1.3478 1.1442
0.717931 1.34422 1.14445
0.719531 1.34288 1.14507
0.719722 1.3478 1.1442
0.717909 1.34933 1.14364
0.716307 1.34559 1.14396
0.717931 1.34422 1.14445
0.717909 1.34933 1.14364
0.716067 1.35087 1.14327
0.714658 1.34697 1.14364
0.716307 1.34559 1.14396
0.716067 1.35087 1.14327
0.714205 1.35244 1.14327
0.712993 1.34837 1.14364
0.714658 1.34697 1.14364
0.714205 1.35244 1.14327
0.714034 1.35258 1.14401
0.712842 1.3485 1.14431
0.712993 1.34837 1.14364
0.714034 1.35258 1.14401
0.715888 1.35102 1.14427
0.714501 1.3471 1.14453
0.712842 1.3485 1.14431
0.715888 1.35102 1.14427
0.717739 1.34947 1.14456
0.716158 1.34571 1.14478
0.714501 1.3471 1.14453
0.717739 1.34947 1.14456
0.719585 1.34792 1.1449
0.717811 1.34432 1.14508
0.716158 1.34571 1.14478
0.719585 1.34792 1.1449
0.721425 1.34637 1.1453
0.719458 1.34294 1.14543
0.717811 1.34432 1.14508
0.7211 1.34156 1.14581
0.719531 1.34288 1.14507
0.719106 1.342 1.14512
0.720621 1.34073 1.14583
0.719531 1.34288 1.14507
0.717931 1.34422 1.14445
0.717563 1.3433 1.14453
0.719106 1.342 1.14512
0.717931 1.34422 1.14445
0.716307 1.34559 1.14396
0.715996 1.34462 1.14405
0.717563 1.3433 1.14453
0.716307 1.34559 1.14396
0.714658 1.34697 1.14364
0.714405 1.34595 1.14374
0.715996 1.34462 1.14405
0.714658 1.34697 1.14364
0.712993 1.34837 1.14364
0.712797 1.3473 1.14375
0.714405 1.34595 1.14374
0.712993 1.34837 1.14364
0.712842 1.3485 1.14431
0.712652 1.34742 1.1444
0.712797 1.3473 1.14375
0.712842 1.3485 1.14431
0.714501 1.3471 1.14453
0.714253 1.34608 1.14461
0.712652 1.34742 1.1444
0.714501 1.3471 1.14453
0.716158 1.34571 1.14478
0.715852 1.34474 1.14485
0.714253 1.34608 1.14461
0.716158 1.34571 1.14478
0.717811 1.34432 1.14508
0.717447 1.3434 1.14514
0.715852 1.34474 1.14485
0.717811 1.34432 1.14508
0.719458 1.34294 1.14543
0.719036 1.34206 1.14547
0.717447 1.3434 1.14514
0.720621 1.34073 1.14583
0.719106 1.342 1.14512
0.718818 1.34124 1.14518
0.720277 1.34002 1.14586
0.719106 1.342 1.14512
0.717563 1.3433 1.14453
0.717332 1.34249 1.14461
0.718818 1.34124 1.14518
0.717563 1.3433 1.14453
0.715996 1.34462 1.14405
0.715822 1.34376 1.14415
0.717332 1.34249 1.14461
0.715996 1.34462 1.14405
0.714405 1.34595 1.14374
0.71429 1.34504 1.14386
0.715822 1.34376 1.14415
0.714405 1.34595 1.14374
0.712797 1.3473 1.14375
0.712743 1.34634 1.14387
0.71429 1.34504 1.14386
0.712797 1.3473 1.14375
0.712652 1.34742 1.1444
0.712603 1.34646 1.14449
0.712743 1.34634 1.14387
0.712652 1.34742 1.1444
0.714253 1.34608 1.14461
0.714145 1.34517 1.14469
0.712603 1.34646 1.14449
0.714253 1.34608 1.14461
0.715852 1.34474 1.14485
0.715684 1.34387 1.14492
0.714145 1.34517 1.14469
0.715852 1.34474 1.14485
0.717447 1.3434 1.14514
0.71722 1.34258 1.1452
0.715684 1.34387 1.14492
0.717447 1.3434 1.14514
0.719036 1.34206 1.14547
0.71875 1.3413 1.14551
0.71722 1.34258 1.1452
0.720277 1.34002 1.14586
0.718818 1.34124 1.14518
0.71859 1.34043 1.14525
0.719981 1.33926 1.1459
0.718818 1.34124 1.14518
0.717332 1.34249 1.14461
0.717172 1.34162 1.14471
0.71859 1.34043 1.14525
0.717332 1.34249 1.14461
0.715822 1.34376 1.14415
0.715733 1.34283 1.14427
0.717172 1.34162 1.14471
0.715822 1.34376 1.14415
0.71429 1.34504 1.14386
0.714272 1.34405 1.14399
0.715733 1.34283 1.14427
0.71429 1.34504 1.14386
0.712743 1.34634 1.14387
0.712796 1.34529 1.144
0.714272 1.34405 1.14399
0.712743 1.34634 1.14387
0.712603 1.34646 1.14449
0.712664 1.3454 1.1446
0.712796 1.34529 1.144
0.712603 1.34646 1.14449
0.714145 1.34517 1.14469
0.714134 1.34417 1.14479
0.712664 1.3454 1.1446
0.714145 1.34517 1.14469
0.715684 1.34387 1.14492
0.715602 1.34294 1.14501
0.714134 1.34417 1.14479
0.715684 1.34387 1.14492
0.71722 1.34258 1.1452
0.717066 1.34171 1.14527
0.715602 1.34294 1.14501
0.71722 1.34258 1.1452
0.71875 1.3413 1.14551
0.718526 1.34048 1.14557
0.717066 1.34171 1.14527
0.719981 1.33926 1.1459
0.71859 1.34043 1.14525
0.71843 1.33956 1.14534
0.71974 1.33846 1.14595
0.71859 1.34043 1.14525
0.717172 1.34162 1.14471
0.717094 1.34068 1.14483
0.71843 1.33956 1.14534
0.717172 1.34162 1.14471
0.715733 1.34283 1.14427
0.715738 1.34182 1.14442
0.717094 1.34068 1.14483
0.715733 1.34283 1.14427
0.714272 1.34405 1.14399
0.714362 1.34297 1.14416
0.715738 1.34182 1.14442
0.714272 1.34405 1.14399
0.712796 1.34529 1.144
0.712972 1.34414 1.14417
0.714362 1.34297 1.14416
0.712796 1.34529 1.144
0.712664 1.3454 1.1446
0.712847 1.34425 1.14473
0.712972 1.34414 1.14417
0.712664 1.3454 1.1446
0.714134 1.34417 1.14479
0.714232 1.34308 1.14491
0.712847 1.34425 1.14473
0.714134 1.34417 1.14479
0.715602 1.34294 1.14501
0.715615 1.34192 1.14512
0.714232 1.34308 1.14491
0.715602 1.34294 1.14501
0.717066 1.34171 1.14527
0.716994 1.34076 1.14536
0.715615 1.34192 1.14512
0.717066 1.34171 1.14527
0.718526 1.34048 1.14557
0.718369 1.33961 1.14564
0.716994 1.34076 1.14536
0.71974 1.33846 1.14595
0.71843 1.33956 1.14534
0.718351 1.33862 1.14545
0.719565 1.3376 1.14601
0.71843 1.33956 1.14534
0.717094 1.34068 1.14483
0.717114 1.33966 1.14498
0.718351 1.33862 1.14545
0.717094 1.34068 1.14483
0.715738 1.34182 1.14442
0.715858 1.34071 1.1446
0.717114 1.33966 1.14498
0.715738 1.34182 1.14442
0.714362 1.34297 1.14416
0.714583 1.34178 1.14436
0.715858 1.34071 1.1446
0.714362 1.34297 1.14416
0.712972 1.34414 1.14417
0.713296 1.34286 1.14437
0.714583 1.34178 1.14436
0.712972 1.34414 1.14417
0.712847 1.34425 1.14473
0.713181 1.34296 1.14489
0.713296 1.34286 1.14437
0.712847 1.34425 1.14473
0.714232 1.34308 1.14491
0.714463 1.34188 1.14506
0.713181 1.34296 1.14489
0.714232 1.34308 1.14491
0.715615 1.34192 1.14512
0.715744 1.34081 1.14524
0.714463 1.34188 1.14506
0.715615 1.34192 1.14512
0.716994 1.34076 1.14536
0.717022 1.33974 1.14547
0.715744 1.34081 1.14524
0.716994 1.34076 1.14536
0.718369 1.33961 1.14564
0.718295 1.33867 1.14573
0.717022 1.33974 1.14547
0.719565 1.3376 1.14601
0.718351 1.33862 1.14545
0.718381 1.33759 1.14558
0.719478 1.33667 1.14609
0.718351 1.33862 1.14545
0.717114 1.33966 1.14498
0.717264 1.33853 1.14516
0.718381 1.33759 1.14558
0.717114 1.33966 1.14498
0.715858 1.34071 1.1446
0.716129 1.33948 1.14482
0.717264 1.33853 1.14516
0.715858 1.34071 1.1446
0.714583 1.34178 1.14436
0.714977 1.34045 1.1446
0.716129 1.33948 1.14482
0.714583 1.34178 1.14436
0.713296 1.34286 1.14437
0.713814 1.34142 1.14461
0.714977 1.34045 1.1446
0.713296 1.34286 1.14437
0.713181 1.34296 1.14489
0.71371 1.34151 1.14508
0.713814 1.34142 1.14461
0.713181 1.34296 1.14489
0.714463 1.34188 1.14506
0.714869 1.34054 1.14523
0.71371 1.34151 1.14508
0.714463 1.34188 1.14506
0.715744 1.34081 1.14524
0.716026 1.33957 1.1454
0.714869 1.34054 1.14523
0.715744 1.34081 1.14524
0.717022 1.33974 1.14547
0.717181 1.3386 1.1456
0.716026 1.33957 1.1454
0.717022 1.33974 1.14547
0.718295 1.33867 1.14573
0.718331 1.33763 1.14583
0.717181 1.3386 1.1456
0.719478 1.33667 1.14609
0.718381 1.33759 1.14558
0.718563 1.33643 1.14575
0.719513 1.33563 1.14619
0.718381 1.33759 1.14558
0.717264 1.33853 1.14516
0.717594 1.33724 1.14538
0.718563 1.33643 1.14575
0.717264 1.33853 1.14516
0.716129 1.33948 1.14482
0.716611 1.33807 1.14509
0.717594 1.33724 1.14538
0.716129 1.33948 1.14482
0.714977 1.34045 1.1446
0.715613 1.33891 1.14491
0.716611 1.33807 1.14509
0.714977 1.34045 1.1446
0.713814 1.34142 1.14461
0.714606 1.33975 1.14492
0.715613 1.33891 1.14491
0.713814 1.34142 1.14461
0.71371 1.34151 1.14508
0.714516 1.33983 1.14532
0.714606 1.33975 1.14492
0.71371 1.34151 1.14508
0.714869 1.34054 1.14523
0.71552 1.33899 1.14545
0.714516 1.33983 1.14532
0.714869 1.34054 1.14523
0.716026 1.33957 1.1454
0.716523 1.33814 1.1456
0.71552 1.33899 1.14545
0.716026 1.33957 1.1454
0.717181 1.3386 1.1456
0.717523 1.3373 1.14577
0.716523 1.33814 1.1456
0.717181 1.3386 1.1456
0.718331 1.33763 1.14583
0.718519 1.33647 1.14597
0.717523 1.3373 1.14577
0.719513 1.33563 1.14619
0.718563 1.33643 1.14575
0.719011 1.33505 1.14599
0.719764 1.33442 1.14633
0.718563 1.33643 1.14575
0.717594 1.33724 1.14538
0.718244 1.33569 1.1457
0.719011 1.33505 1.14599
0.717594 1.33724 1.14538
0.716611 1.33807 1.14509
0.717466 1.33635 1.14547
0.718244 1.33569 1.1457
0.716611 1.33807 1.14509
0.715613 1.33891 1.14491
0.716675 1.33701 1.14532
0.717466 1.33635 1.14547
0.715613 1.33891 1.14491
0.714606 1.33975 1.14492
0.715878 1.33768 1.14533
0.716675 1.33701 1.14532
0.714606 1.33975 1.14492
0.714516 1.33983 1.14532
0.715807 1.33774 1.14565
0.715878 1.33768 1.14533
0.714516 1.33983 1.14532
0.71552 1.33899 1.14545
0.716602 1.33707 1.14575
0.715807 1.33774 1.14565
0.71552 1.33899 1.14545
0.716523 1.33814 1.1456
0.717396 1.33641 1.14586
0.716602 1.33707 1.14575
0.716523 1.33814 1.1456
0.717523 1.3373 1.14577
0.718188 1.33574 1.146
0.717396 1.33641 1.14586
0.717523 1.3373 1.14577
0.718519 1.33647 1.14597
0.718977 1.33508 1.14616
0.718188 1.33574 1.146
0.719764 1.33442 1.14633
0.719011 1.33505 1.14599
0.720157 1.33308 1.14639
0.720579 1.33273 1.14658
0.719011 1.33505 1.14599
0.718244 1.33569 1.1457
0.719728 1.33344 1.14623
0.720157 1.33308 1.14639
0.718244 1.33569 1.1457
0.717466 1.33635 1.14547
0.719293 1.33381 1.1461
0.719728 1.33344 1.14623
0.717466 1.33635 1.14547
0.716675 1.33701 1.14532
0.718851 1.33418 1.14602
0.719293 1.33381 1.1461
0.716675 1.33701 1.14532
0.715878 1.33768 1.14533
0.718405 1.33455 1.14602
0.718851 1.33418 1.14602
0.715878 1.33768 1.14533
0.715807 1.33774 1.14565
0.718365 1.33459 1.1462
0.718405 1.33455 1.14602
0.715807 1.33774 1.14565
0.716602 1.33707 1.14575
0.71881 1.33421 1.14626
0.718365 1.33459 1.1462
0.716602 1.33707 1.14575
0.717396 1.33641 1.14586
0.719254 1.33384 1.14632
0.71881 1.33421 1.14626
0.717396 1.33641 1.14586
0.718188 1.33574 1.146
0.719697 1.33347 1.1464
0.719254 1.33384 1.14632
0.718188 1.33574 1.146
0.718977 1.33508 1.14616
0.720138 1.3331 1.14649
0.719697 1.33347 1.1464
0.720579 1.33273 1.14658
0.720157 1.33308 1.14639
0.721518 1.33103 1.14683
0.721577 1.33098 1.14686
0.720157 1.33308 1.14639
0.719728 1.33344 1.14623
0.721457 1.33109 1.14681
0.721518 1.33103 1.14683
0.719728 1.33344 1.14623
0.719293 1.33381 1.1461
0.721395 1.33114 1.14679
0.721457 1.33109 1.14681
0.719293 1.33381 1.1461
0.718851 1.33418 1.14602
0.721332 1.33119 1.14678
0.721395 1.33114 1.14679
0.718851 1.33418 1.14602
0.718405 1.33455 1.14602
0.721269 1.33124 1.14678
0.721332 1.33119 1.14678
0.718405 1.33455 1.14602
0.718365 1.33459 1.1462
0.721263 1.33125 1.1468
0.721269 1.33124 1.14678
0.718365 1.33459 1.1462
0.71881 1.33421 1.14626
0.721326 1.3312 1.14681
0.721263 1.33125 1.1468
0.71881 1.33421 1.14626
0.719254 1.33384 1.14632
0.721389 1.33114 1.14682
0.721326 1.3312 1.14681
0.719254 1.33384 1.14632
0.719697 1.33347 1.1464
0.721452 1.33109 1.14683
0.721389 1.33114 1.14682
0.719697 1.33347 1.1464
0.720138 1.3331 1.14649
0.721515 1.33104 1.14684
0.721452 1.33109 1.14683
0.792168 1.43887 1.14043
0.794641 1.4368 1.1429
0.793102 1.43479 1.14286
0.790515 1.43697 1.14009
0.790515 1.43697 1.14009
0.793102 1.43479 1.14286
0.790584 1.43171 1.14294
0.787773 1.43407 1.13985
0.787773 1.43407 1.13985
0.790584 1.43171 1.14294
0.787936 1.42862 1.14314
0.784843 1.43122 1.13991
0.784843 1.43122 1.13991
0.787936 1.42862 1.14314
0.785268 1.42555 1.14337
0.781893 1.42838 1.14012
0.781893 1.42838 1.14012
0.785268 1.42555 1.14337
0.782604 1.42247 1.14355
0.778993 1.4255 1.14033
0.778993 1.4255 1.14033
0.782604 1.42247 1.14355
0.779943 1.4194 1.14371
0.776143 1.42259 1.14055
0.776143 1.42259 1.14055
0.779943 1.4194 1.14371
0.777277 1.41632 1.14384
0.77334 1.41963 1.14077
0.77334 1.41963 1.14077
0.777277 1.41632 1.14384
0.774599 1.41326 1.14394
0.770578 1.41664 1.14099
0.770578 1.41664 1.14099
0.774599 1.41326 1.14394
0.77191 1.41021 1.14403
0.767859 1.41361 1.1412
0.767859 1.41361 1.1412
0.77191 1.41021 1.14403
0.769238 1.40714 1.14411
0.765189 1.41054 1.14142
0.765189 1.41054 1.14142
0.769238 1.40714 1.14411
0.7666 1.40404 1.1442
0.762568 1.40743 1.14163
0.762568 1.40743 1.14163
0.7666 1.40404 1.1442
0.763992 1.40092 1.14428
0.759995 1.40428 1.14184
0.759995 1.40428 1.14184
0.763992 1.40092 1.14428
0.761415 1.39777 1.14438
0.757466 1.40109 1.14206
0.757466 1.40109 1.14206
0.761415 1.39777 1.14438
0.758867 1.3946 1.14447
0.75498 1.39787 1.14226
0.75498 1.39787 1.14226
0.758867 1.3946 1.14447
0.756347 1.39141 1.14456
0.752534 1.39461 1.14247
0.752534 1.39461 1.14247
0.756347 1.39141 1.14456
0.753854 1.38819 1.14465
0.750124 1.39132 1.14268
0.750124 1.39132 1.14268
0.753854 1.38819 1.14465
0.751386 1.38495 1.14474
0.747742 1.38801 1.14293
0.747742 1.38801 1.14293
0.751386 1.38495 1.14474
0.748941 1.38169 1.14483
0.745394 1.38467 1.14317
0.745394 1.38467 1.14317
0.748941 1.38169 1.14483
0.746518 1.37842 1.14492
0.743082 1.3813 1.14341
0.743082 1.3813 1.14341
0.746518 1.37842 1.14492
0.744118 1.37512 1.14501
0.740803 1.3779 1.14363
0.740803 1.3779 1.14363
0.744118 1.37512 1.14501
0.741735 1.37181 1.1451
0.738552 1.37448 1.14385
0.738552 1.37448 1.14385
0.741735 1.37181 1.1451
0.739374 1.36848 1.14518
0.736332 1.37104 1.14405
0.736332 1.37104 1.14405
0.739374 1.36848 1.14518
0.73703 1.36514 1.14527
0.734138 1.36757 1.14426
0.734138 1.36757 1.14426
0.73703 1.36514 1.14527
0.734702 1.36178 1.14535
0.731968 1.36408 1.14445
0.731968 1.36408 1.14445
0.734702 1.36178 1.14535
0.732388 1.35841 1.14543
0.729821 1.36057 1.14464
0.729821 1.36057 1.14464
0.732388 1.35841 1.14543
0.730089 1.35503 1.14551
0.727695 1.35704 1.14481
0.727695 1.35704 1.14481
0.730089 1.35503 1.14551
0.7278 1.35164 1.14559
0.725588 1.3535 1.14498
0.725588 1.3535 1.14498
0.7278 1.35164 1.14559
0.725525 1.34824 1.14567
0.723499 1.34994 1.14515
0.723499 1.34994 1.14515
0.725525 1.34824 1.14567
0.723258 1.34483 1.14574
0.721425 1.34637 1.1453
0.721425 1.34637 1.1453
0.723258 1.34483 1.14574
0.7211 1.34156 1.14581
0.719458 1.34294 1.14543
0.719458 1.34294 1.14543
0.7211 1.34156 1.14581
0.720621 1.34073 1.14583
0.719036 1.34206 1.14547
0.719036 1.34206 1.14547
0.720621 1.34073 1.14583
0.720277 1.34002 1.14586
0.71875 1.3413 1.14551
0.71875 1.3413 1.14551
0.720277 1.34002 1.14586
0.719981 1.33926 1.1459
0.718526 1.34048 1.14557
0.718526 1.34048 1.14557
0.719981 1.33926 1.1459
0.71974 1.33846 1.14595
0.718369 1.33961 1.14564
0.718369 1.33961 1.14564
0.71974 1.33846 1.14595
0.719565 1.3376 1.14601
0.718295 1.33867 1.14573
0.718295 1.33867 1.14573
0.719565 1.3376 1.14601
0.719478 1.33667 1.14609
0.718331 1.33763 1.14583
0.718331 1.33763 1.14583
0.719478 1.33667 1.14609
0.719513 1.33563 1.14619
0.718519 1.33647 1.14597
0.718519 1.33647 1.14597
0.719513 1.33563 1.14619
0.719764 1.33442 1.14633
0.718977 1.33508 1.14616
0.718977 1.33508 1.14616
0.719764 1.33442 1.14633
0.720579 1.33273 1.14658
0.720138 1.3331 1.14649
0.720138 1.3331 1.14649
0.720579 1.33273 1.14658
0.721577 1.33098 1.14686
0.721515 1.33104 1.14684
0.8135 1.4528 1.1457
0.8135 1.4528 1.1457
0.8135 1.4528 1.1457
0.8135 1.4528 1.1457
0.8135 1.4528 1.1457
0.8135 1.4528 1.1457
0.8135 1.4528 1.1457
0.8135 1.4528 1.1457
0.8135 1.4528 1.1457
0.8135 1.4528 1.1457
0.8135 1.4528 1.1457
0.8135 1.4528 1.1457
0.8135 1.4528 1.1457
0.8135 1.4528 1.1457
0.8135 1.4528 1.1457
0.8135 1.4528 1.1457
0.8135 1.4528 1.1457
0.8135 1.4528 1.1457
0.8135 1.4528 1.1457
0.8135 1.4528 1.1457
0.8135 1.4528 1.1457
0.8135 1.4528 1.1457
0.8135 1.4528 1.1457
0.8135 1.4528 1.1457
0.8135 1.4528 1.1457
0.8135 1.4528 1.1457
0.8135 1.4528 1.1457
0.8135 1.4528 1.1457
0.8135 1.4528 1.1457
0.8135 1.4528 1.1457
0.8135 1.4528 1.1457
0.8135 1.4528 1.1457
0.8135 1.4528 1.1457
0.8135 1.4528 1.1457
0.8135 1.4528 1.1457
0.8135 1.4528 1.1457
0.8135 1.4528 1.1457
0.8135 1.4528 1.1457
0.8135 1.4528 1.1457
0.8135 1.4528 1.1457
0.8135 1.4528 1.1457
0.8135 1.4528 1.1457
0.8135 1.4528 1.1457
0.8135 1.4528 1.1457
0.8135 1.4528 1.1457
0.8135 1.4528 1.1457
0.8135 1.4528 1.1457
0.8135 1.4528 1.1457
0.8135 1.4528 1.1457
0.8135 1.4528 1.1457
0.8135 1.4528 1.1457
0.8135 1.4528 1.1457
0.8135 1.4528 1.1457
0.8135 1.4528 1.1457
0.8135 1.4528 1.1457
0.8135 1.4528 1.1457
0.8135 1.4528 1.1457
0.8135 1.4528 1.1457
0.8135 1.4528 1.1457
0.8135 1.4528 1.1457
0.8135 1.4528 1.1457
0.8135 1.4528 1.1457
0.8135 1.4528 1.1457
0.8135 1.4528 1.1457
0.8135 1.4528 1.1457
0.8135 1.4528 1.1457
0.8135 1.4528 1.1457
0.8135 1.4528 1.1457
0.8135 1.4528 1.1457
0.8135 1.4528 1.1457
0.8135 1.4528 1.1457
0.8135 1.4528 1.1457
0.8135 1.4528 1.1457
0.8135 1.4528 1.1457
0.8135 1.4528 1.1457
0.8135 1.4528 1.1457
0.8135 1.4528 1.1457
0.8135 1.4528 1.1457
0.8135 1.4528 1.1457
0.8135 1.4528 1.1457
0.8135 1.4528 1.1457
0.8135 1.4528 1.1457
0.8135 1.4528 1.1457
0.8135 1.4528 1.1457
0.8135 1.4528 1.1457
0.8135 1.4528 1.1457
0.8135 1.4528 1.1457
0.8135 1.4528 1.1457
0.832359 1.4688 1.1429
0.8342 1.46726 1.13964
0.835859 1.46916 1.13934
0.833898 1.47081 1.14286
0.8342 1.46726 1.13964
0.836407 1.46541 1.13677
0.838212 1.46718 1.13622
0.835859 1.46916 1.13934
0.836407 1.46541 1.13677
0.83877 1.46342 1.13411
0.840733 1.46507 1.13334
0.838212 1.46718 1.13622
0.83877 1.46342 1.13411
0.841328 1.46127 1.13179
0.843454 1.46278 1.13078
0.840733 1.46507 1.13334
0.841328 1.46127 1.13179
0.844204 1.45886 1.13028
0.846508 1.46022 1.12903
0.843454 1.46278 1.13078
0.844204 1.45886 1.13028
0.845645 1.45765 1.13237
0.847965 1.45899 1.13107
0.846508 1.46022 1.12903
0.845645 1.45765 1.13237
0.84303 1.45984 1.13456
0.845152 1.46136 1.13344
0.847965 1.45899 1.13107
0.84303 1.45984 1.13456
0.840255 1.46217 1.13642
0.842208 1.46383 1.13553
0.845152 1.46136 1.13344
0.840255 1.46217 1.13642
0.837502 1.46449 1.13833
0.839298 1.46627 1.13771
0.842208 1.46383 1.13553
0.837502 1.46449 1.13833
0.834832 1.46673 1.14043
0.836485 1.46863 1.14009
0.839298 1.46627 1.13771
0.833898 1.47081 1.14286
0.835859 1.46916 1.13934
0.838635 1.47203 1.13913
0.836416 1.47389 1.14294
0.835859 1.46916 1.13934
0.838212 1.46718 1.13622
0.841271 1.46982 1.13578
0.838635 1.47203 1.13913
0.838212 1.46718 1.13622
0.840733 1.46507 1.13334
0.844084 1.46745 1.13268
0.841271 1.46982 1.13578
0.840733 1.46507 1.13334
0.843454 1.46278 1.13078
0.8471 1.46492 1.12993
0.844084 1.46745 1.13268
0.843454 1.46278 1.13078
0.846508 1.46022 1.12903
0.850443 1.46211 1.12797
0.8471 1.46492 1.12993
0.846508 1.46022 1.12903
0.847965 1.45899 1.13107
0.851844 1.46094 1.12997
0.850443 1.46211 1.12797
0.847965 1.45899 1.13107
0.845152 1.46136 1.13344
0.848703 1.46357 1.13247
0.851844 1.46094 1.12997
0.845152 1.46136 1.13344
0.842208 1.46383 1.13553
0.845475 1.46628 1.13477
0.848703 1.46357 1.13247
0.842208 1.46383 1.13553
0.839298 1.46627 1.13771
0.842295 1.46896 1.13719
0.845475 1.46628 1.13477
0.839298 1.46627 1.13771
0.836485 1.46863 1.14009
0.839227 1.47153 1.13985
0.842295 1.46896 1.13719
0.836416 1.47389 1.14294
0.838635 1.47203 1.13913
0.841616 1.47484 1.13921
0.839064 1.47698 1.14314
0.838635 1.47203 1.13913
0.841271 1.46982 1.13578
0.844592 1.47234 1.13578
0.841616 1.47484 1.13921
0.841271 1.46982 1.13578
0.844084 1.46745 1.13268
0.847745 1.46969 1.13265
0.844592 1.47234 1.13578
0.844084 1.46745 1.13268
0.8471 1.46492 1.12993
0.851094 1.46688 1.12988
0.847745 1.46969 1.13265
0.8471 1.46492 1.12993
0.850443 1.46211 1.12797
0.854744 1.46382 1.1279
0.851094 1.46688 1.12988
0.850443 1.46211 1.12797
0.851844 1.46094 1.12997
0.856033 1.46273 1.12991
0.854744 1.46382 1.1279
0.851844 1.46094 1.12997
0.848703 1.46357 1.13247
0.852546 1.46566 1.13237
0.856033 1.46273 1.12991
0.848703 1.46357 1.13247
0.845475 1.46628 1.13477
0.849006 1.46863 1.1347
0.852546 1.46566 1.13237
0.845475 1.46628 1.13477
0.842295 1.46896 1.13719
0.845523 1.47156 1.13718
0.849006 1.46863 1.1347
0.842295 1.46896 1.13719
0.839227 1.47153 1.13985
0.842157 1.47438 1.13991
0.845523 1.47156 1.13718
0.839064 1.47698 1.14314
0.841616 1.47484 1.13921
0.844613 1.47763 1.13941
0.841732 1.48005 1.14337
0.841616 1.47484 1.13921
0.844592 1.47234 1.13578
0.847914 1.47486 1.13602
0.844613 1.47763 1.13941
0.844592 1.47234 1.13578
0.847745 1.46969 1.13265
0.85139 1.47194 1.13295
0.847914 1.47486 1.13602
0.847745 1.46969 1.13265
0.851094 1.46688 1.12988
0.855049 1.46887 1.13026
0.85139 1.47194 1.13295
0.851094 1.46688 1.12988
0.854744 1.46382 1.1279
0.85898 1.46557 1.12838
0.855049 1.46887 1.13026
0.854744 1.46382 1.1279
0.856033 1.46273 1.12991
0.860153 1.46458 1.13041
0.85898 1.46557 1.12838
0.856033 1.46273 1.12991
0.852546 1.46566 1.13237
0.856354 1.46777 1.13274
0.860153 1.46458 1.13041
0.852546 1.46566 1.13237
0.849006 1.46863 1.1347
0.852525 1.47099 1.13499
0.856354 1.46777 1.13274
0.849006 1.46863 1.1347
0.845523 1.47156 1.13718
0.848758 1.47415 1.13741
0.852525 1.47099 1.13499
0.845523 1.47156 1.13718
0.842157 1.47438 1.13991
0.845107 1.47722 1.14012
0.848758 1.47415 1.13741
0.841732 1.48005 1.14337
0.844613 1.47763 1.13941
0.847549 1.48048 1.13962
0.844396 1.48313 1.14355
0.844613 1.47763 1.13941
0.847914 1.47486 1.13602
0.851116 1.47749 1.13629
0.847549 1.48048 1.13962
0.847914 1.47486 1.13602
0.85139 1.47194 1.13295
0.854852 1.47435 1.1333
0.851116 1.47749 1.13629
0.85139 1.47194 1.13295
0.855049 1.46887 1.13026
0.858762 1.47106 1.13072
0.854852 1.47435 1.1333
0.855049 1.46887 1.13026
0.85898 1.46557 1.12838
0.86292 1.46757 1.12896
0.858762 1.47106 1.13072
0.85898 1.46557 1.12838
0.860153 1.46458 1.13041
0.864003 1.46666 1.13101
0.86292 1.46757 1.12896
0.860153 1.46458 1.13041
0.856354 1.46777 1.13274
0.859957 1.47006 1.13321
0.864003 1.46666 1.13101
0.856354 1.46777 1.13274
0.852525 1.47099 1.13499
0.855894 1.47347 1.13535
0.859957 1.47006 1.13321
0.852525 1.47099 1.13499
0.848758 1.47415 1.13741
0.851894 1.47683 1.13769
0.855894 1.47347 1.13535
0.848758 1.47415 1.13741
0.845107 1.47722 1.14012
0.848007 1.4801 1.14033
0.851894 1.47683 1.13769
0.844396 1.48313 1.14355
0.847549 1.48048 1.13962
0.850425 1.48338 1.13982
0.847057 1.4862 1.14371
0.847549 1.48048 1.13962
0.851116 1.47749 1.13629
0.854199 1.48021 1.13659
0.850425 1.48338 1.13982
0.851116 1.47749 1.13629
0.854852 1.47435 1.1333
0.858137 1.4769 1.1337
0.854199 1.48021 1.13659
0.854852 1.47435 1.1333
0.858762 1.47106 1.13072
0.862238 1.47346 1.13124
0.858137 1.4769 1.1337
0.858762 1.47106 1.13072
0.86292 1.46757 1.12896
0.866566 1.46982 1.12961
0.862238 1.47346 1.13124
0.86292 1.46757 1.12896
0.864003 1.46666 1.13101
0.867579 1.46897 1.13169
0.866566 1.46982 1.12961
0.864003 1.46666 1.13101
0.859957 1.47006 1.13321
0.863347 1.47253 1.13374
0.867579 1.46897 1.13169
0.859957 1.47006 1.13321
0.855894 1.47347 1.13535
0.859106 1.47609 1.13577
0.863347 1.47253 1.13374
0.855894 1.47347 1.13535
0.851894 1.47683 1.13769
0.854926 1.4796 1.138
0.859106 1.47609 1.13577
0.851894 1.47683 1.13769
0.848007 1.4801 1.14033
0.850857 1.48301 1.14055
0.854926 1.4796 1.138
0.847057 1.4862 1.14371
0.850425 1.48338 1.13982
0.85325 1.48631 1.14003
0.849723 1.48928 1.14384
0.850425 1.48338 1.13982
0.854199 1.48021 1.13659
0.857172 1.48302 1.1369
0.85325 1.48631 1.14003
0.854199 1.48021 1.13659
0.858137 1.4769 1.1337
0.861252 1.47959 1.13414
0.857172 1.48302 1.1369
0.858137 1.4769 1.1337
0.862238 1.47346 1.13124
0.865487 1.47604 1.13181
0.861252 1.47959 1.13414
0.862238 1.47346 1.13124
0.866566 1.46982 1.12961
0.869929 1.47231 1.13032
0.865487 1.47604 1.13181
0.866566 1.46982 1.12961
0.867579 1.46897 1.13169
0.870884 1.47151 1.13243
0.869929 1.47231 1.13032
0.867579 1.46897 1.13169
0.863347 1.47253 1.13374
0.866526 1.47517 1.13433
0.870884 1.47151 1.13243
0.863347 1.47253 1.13374
0.859106 1.47609 1.13577
0.862164 1.47883 1.13622
0.866526 1.47517 1.13433
0.859106 1.47609 1.13577
0.854926 1.4796 1.138
0.857859 1.48244 1.13833
0.862164 1.47883 1.13622
0.854926 1.4796 1.138
0.850857 1.48301 1.14055
0.85366 1.48597 1.14077
0.857859 1.48244 1.13833
0.849723 1.48928 1.14384
0.85325 1.48631 1.14003
0.856033 1.48929 1.14025
0.852401 1.49234 1.14394
0.85325 1.48631 1.14003
0.857172 1.48302 1.1369
0.860048 1.48592 1.13725
0.856033 1.48929 1.14025
0.857172 1.48302 1.1369
0.861252 1.47959 1.13414
0.864212 1.48242 1.13462
0.860048 1.48592 1.13725
0.861252 1.47959 1.13414
0.865487 1.47604 1.13181
0.868522 1.4788 1.13243
0.864212 1.48242 1.13462
0.865487 1.47604 1.13181
0.869929 1.47231 1.13032
0.873021 1.47503 1.13109
0.868522 1.4788 1.13243
0.869929 1.47231 1.13032
0.870884 1.47151 1.13243
0.873919 1.47427 1.1332
0.873021 1.47503 1.13109
0.870884 1.47151 1.13243
0.866526 1.47517 1.13433
0.869493 1.47799 1.13495
0.873919 1.47427 1.1332
0.866526 1.47517 1.13433
0.862164 1.47883 1.13622
0.865067 1.4817 1.1367
0.869493 1.47799 1.13495
0.862164 1.47883 1.13622
0.857859 1.48244 1.13833
0.860695 1.48538 1.13867
0.865067 1.4817 1.1367
0.857859 1.48244 1.13833
0.85366 1.48597 1.14077
0.856422 1.48896 1.14099
0.860695 1.48538 1.13867
0.852401 1.49234 1.14394
0.856033 1.48929 1.14025
0.858775 1.4923 1.14047
0.85509 1.49539 1.14403
0.856033 1.48929 1.14025
0.860048 1.48592 1.13725
0.862825 1.4889 1.13762
0.858775 1.4923 1.14047
0.860048 1.48592 1.13725
0.864212 1.48242 1.13462
0.867018 1.48538 1.13514
0.862825 1.4889 1.13762
0.864212 1.48242 1.13462
0.868522 1.4788 1.13243
0.871346 1.48174 1.1331
0.867018 1.48538 1.13514
0.868522 1.4788 1.13243
0.873021 1.47503 1.13109
0.875846 1.47796 1.1319
0.871346 1.48174 1.1331
0.873021 1.47503 1.13109
0.873919 1.47427 1.1332
0.876684 1.47726 1.13398
0.875846 1.47796 1.1319
0.873919 1.47427 1.1332
0.869493 1.47799 1.13495
0.872249 1.48098 1.13559
0.876684 1.47726 1.13398
0.869493 1.47799 1.13495
0.865067 1.4817 1.1367
0.867815 1.48471 1.1372
0.872249 1.48098 1.13559
0.865067 1.4817 1.1367
0.860695 1.48538 1.13867
0.863431 1.48839 1.13903
0.867815 1.48471 1.1372
0.860695 1.48538 1.13867
0.856422 1.48896 1.14099
0.859141 1.49199 1.1412
0.863431 1.48839 1.13903
0.85509 1.49539 1.14403
0.858775 1.4923 1.14047
0.861467 1.49535 1.1407
0.857762 1.49846 1.14411
0.858775 1.4923 1.14047
0.862825 1.4889 1.13762
0.865522 1.49194 1.13799
0.861467 1.49535 1.1407
0.862825 1.4889 1.13762
0.867018 1.48538 1.13514
0.869712 1.48842 1.13566
0.865522 1.49194 1.13799
0.867018 1.48538 1.13514
0.871346 1.48174 1.1331
0.874027 1.4848 1.13377
0.869712 1.48842 1.13566
0.871346 1.48174 1.1331
0.875846 1.47796 1.1319
0.878496 1.48105 1.1327
0.874027 1.4848 1.13377
0.875846 1.47796 1.1319
0.876684 1.47726 1.13398
0.879278 1.48039 1.13475
0.878496 1.48105 1.1327
0.876684 1.47726 1.13398
0.872249 1.48098 1.13559
0.874864 1.4841 1.13621
0.879278 1.48039 1.13475
0.872249 1.48098 1.13559
0.867815 1.48471 1.1372
0.870452 1.4878 1.13768
0.874864 1.4841 1.13621
0.867815 1.48471 1.1372
0.863431 1.48839 1.13903
0.866088 1.49147 1.13938
0.870452 1.4878 1.13768
0.863431 1.48839 1.13903
0.859141 1.49199 1.1412
0.861811 1.49506 1.14142
0.866088 1.49147 1.13938
0.857762 1.49846 1.14411
0.861467 1.49535 1.1407
0.864108 1.49844 1.14092
0.8604 1.50156 1.1442
0.861467 1.49535 1.1407
0.865522 1.49194 1.13799
0.868149 1.49505 1.13836
0.864108 1.49844 1.14092
0.865522 1.49194 1.13799
0.869712 1.48842 1.13566
0.872317 1.49155 1.13617
0.868149 1.49505 1.13836
0.869712 1.48842 1.13566
0.874027 1.4848 1.13377
0.876602 1.48795 1.13441
0.872317 1.49155 1.13617
0.874027 1.4848 1.13377
0.878496 1.48105 1.1327
0.881027 1.48424 1.13345
0.876602 1.48795 1.13441
0.878496 1.48105 1.1327
0.879278 1.48039 1.13475
0.881757 1.48362 1.13547
0.881027 1.48424 1.13345
0.879278 1.48039 1.13475
0.874864 1.4841 1.13621
0.877381 1.4873 1.1368
0.881757 1.48362 1.13547
0.874864 1.4841 1.13621
0.870452 1.4878 1.13768
0.873008 1.49097 1.13815
0.877381 1.4873 1.1368
0.870452 1.4878 1.13768
0.866088 1.49147 1.13938
0.868679 1.4946 1.13972
0.873008 1.49097 1.13815
0.866088 1.49147 1.13938
0.861811 1.49506 1.14142
0.864432 1.49817 1.14163
0.868679 1.4946 1.13972
0.8604 1.50156 1.1442
0.864108 1.49844 1.14092
0.8667 1.50158 1.14115
0.863008 1.50468 1.14428
0.864108 1.49844 1.14092
0.868149 1.49505 1.13836
0.870711 1.49821 1.13872
0.8667 1.50158 1.14115
0.868149 1.49505 1.13836
0.872317 1.49155 1.13617
0.874841 1.49474 1.13666
0.870711 1.49821 1.13872
0.872317 1.49155 1.13617
0.876602 1.48795 1.13441
0.87908 1.49118 1.13502
0.874841 1.49474 1.13666
0.876602 1.48795 1.13441
0.881027 1.48424 1.13345
0.883445 1.48752 1.13418
0.87908 1.49118 1.13502
0.881027 1.48424 1.13345
0.881757 1.48362 1.13547
0.884129 1.48694 1.13615
0.883445 1.48752 1.13418
0.881757 1.48362 1.13547
0.877381 1.4873 1.1368
0.879805 1.49057 1.13736
0.884129 1.48694 1.13615
0.877381 1.4873 1.1368
0.873008 1.49097 1.13815
0.875486 1.4942 1.13859
0.879805 1.49057 1.13736
0.873008 1.49097 1.13815
0.868679 1.4946 1.13972
0.871208 1.49779 1.14005
0.875486 1.4942 1.13859
0.868679 1.4946 1.13972
0.864432 1.49817 1.14163
0.867005 1.50132 1.14184
0.871208 1.49779 1.14005
0.863008 1.50468 1.14428
0.8667 1.50158 1.14115
0.869246 1.50475 1.14138
0.865585 1.50783 1.14438
0.8667 1.50158 1.14115
0.870711 1.49821 1.13872
0.873211 1.50142 1.13908
0.869246 1.50475 1.14138
0.870711 1.49821 1.13872
0.874841 1.49474 1.13666
0.877288 1.498 1.13714
0.873211 1.50142 1.13908
0.874841 1.49474 1.13666
0.87908 1.49118 1.13502
0.881468 1.49449 1.13562
0.877288 1.498 1.13714
0.87908 1.49118 1.13502
0.883445 1.48752 1.13418
0.885761 1.49088 1.13487
0.881468 1.49449 1.13562
0.883445 1.48752 1.13418
0.884129 1.48694 1.13615
0.886402 1.49035 1.13679
0.885761 1.49088 1.13487
0.884129 1.48694 1.13615
0.879805 1.49057 1.13736
0.882144 1.49392 1.13789
0.886402 1.49035 1.13679
0.879805 1.49057 1.13736
0.875486 1.4942 1.13859
0.877892 1.49749 1.13902
0.882144 1.49392 1.13789
0.875486 1.4942 1.13859
0.871208 1.49779 1.14005
0.873678 1.50103 1.14037
0.877892 1.49749 1.13902
0.871208 1.49779 1.14005
0.867005 1.50132 1.14184
0.869534 1.50451 1.14206
0.873678 1.50103 1.14037
0.865585 1.50783 1.14438
0.869246 1.50475 1.14138
0.871748 1.50796 1.1416
0.868133 1.511 1.14447
0.869246 1.50475 1.14138
0.873211 1.50142 1.13908
0.875653 1.50468 1.13942
0.871748 1.50796 1.1416
0.873211 1.50142 1.13908
0.877288 1.498 1.13714
0.879664 1.50131 1.1376
0.875653 1.50468 1.13942
0.877288 1.498 1.13714
0.881468 1.49449 1.13562
0.88377 1.49787 1.13619
0.879664 1.50131 1.1376
0.881468 1.49449 1.13562
0.885761 1.49088 1.13487
0.887979 1.49433 1.13553
0.88377 1.49787 1.13619
0.885761 1.49088 1.13487
0.886402 1.49035 1.13679
0.888579 1.49383 1.13741
0.887979 1.49433 1.13553
0.886402 1.49035 1.13679
0.882144 1.49392 1.13789
0.884401 1.49734 1.1384
0.888579 1.49383 1.13741
0.882144 1.49392 1.13789
0.877892 1.49749 1.13902
0.880229 1.50084 1.13944
0.884401 1.49734 1.1384
0.877892 1.49749 1.13902
0.873678 1.50103 1.14037
0.876091 1.50431 1.14069
0.880229 1.50084 1.13944
0.873678 1.50103 1.14037
0.869534 1.50451 1.14206
0.87202 1.50773 1.14226
0.876091 1.50431 1.14069
0.868133 1.511 1.14447
0.871748 1.50796 1.1416
0.87421 1.5112 1.14182
0.870653 1.51419 1.14456
0.871748 1.50796 1.1416
0.875653 1.50468 1.13942
0.878041 1.50799 1.13976
0.87421 1.5112 1.14182
0.875653 1.50468 1.13942
0.879664 1.50131 1.1376
0.881972 1.50469 1.13805
0.878041 1.50799 1.13976
0.879664 1.50131 1.1376
0.88377 1.49787 1.13619
0.885992 1.50131 1.13674
0.881972 1.50469 1.13805
0.88377 1.49787 1.13619
0.887979 1.49433 1.13553
0.890105 1.49786 1.13617
0.885992 1.50131 1.13674
0.887979 1.49433 1.13553
0.888579 1.49383 1.13741
0.890668 1.49738 1.13799
0.890105 1.49786 1.13617
0.888579 1.49383 1.13741
0.884401 1.49734 1.1384
0.886581 1.50082 1.13889
0.890668 1.49738 1.13799
0.884401 1.49734 1.1384
0.880229 1.50084 1.13944
0.882501 1.50424 1.13984
0.886581 1.50082 1.13889
0.880229 1.50084 1.13944
0.876091 1.50431 1.14069
0.878452 1.50764 1.14099
0.882501 1.50424 1.13984
0.876091 1.50431 1.14069
0.87202 1.50773 1.14226
0.874466 1.51099 1.14247
0.878452 1.50764 1.14099
0.870653 1.51419 1.14456
0.87421 1.5112 1.14182
0.876632 1.51448 1.14205
0.873146 1.51741 1.14465
0.87421 1.5112 1.14182
0.878041 1.50799 1.13976
0.880377 1.51134 1.1401
0.876632 1.51448 1.14205
0.878041 1.50799 1.13976
0.881972 1.50469 1.13805
0.884216 1.50812 1.1385
0.880377 1.51134 1.1401
0.881972 1.50469 1.13805
0.885992 1.50131 1.13674
0.888138 1.50482 1.13728
0.884216 1.50812 1.1385
0.885992 1.50131 1.13674
0.890105 1.49786 1.13617
0.892144 1.50146 1.13679
0.888138 1.50482 1.13728
0.890105 1.49786 1.13617
0.890668 1.49738 1.13799
0.892672 1.50102 1.13854
0.892144 1.50146 1.13679
0.890668 1.49738 1.13799
0.886581 1.50082 1.13889
0.88869 1.50436 1.13937
0.892672 1.50102 1.13854
0.886581 1.50082 1.13889
0.882501 1.50424 1.13984
0.884713 1.5077 1.14024
0.88869 1.50436 1.13937
0.882501 1.50424 1.13984
0.878452 1.50764 1.14099
0.880766 1.51101 1.14131
0.884713 1.5077 1.14024
0.878452 1.50764 1.14099
0.874466 1.51099 1.14247
0.876876 1.51428 1.14268
0.880766 1.51101 1.14131
0.873146 1.51741 1.14465
0.876632 1.51448 1.14205
0.879023 1.51779 1.14229
0.875614 1.52065 1.14474
0.876632 1.51448 1.14205
0.880377 1.51134 1.1401
0.882666 1.51473 1.14044
0.879023 1.51779 1.14229
0.880377 1.51134 1.1401
0.884216 1.50812 1.1385
0.886398 1.51159 1.13894
0.882666 1.51473 1.14044
0.884216 1.50812 1.1385
0.888138 1.50482 1.13728
0.890209 1.50839 1.13782
0.886398 1.51159 1.13894
0.888138 1.50482 1.13728
0.892144 1.50146 1.13679
0.894096 1.50513 1.1374
0.890209 1.50839 1.13782
0.892144 1.50146 1.13679
0.892672 1.50102 1.13854
0.89459 1.50471 1.13907
0.894096 1.50513 1.1374
0.892672 1.50102 1.13854
0.88869 1.50436 1.13937
0.890728 1.50796 1.13984
0.89459 1.50471 1.13907
0.88869 1.50436 1.13937
0.884713 1.5077 1.14024
0.886871 1.5112 1.14066
0.890728 1.50796 1.13984
0.884713 1.5077 1.14024
0.880766 1.51101 1.14131
0.883041 1.51441 1.14166
0.886871 1.5112 1.14066
0.880766 1.51101 1.14131
0.876876 1.51428 1.14268
0.879258 1.51759 1.14293
0.883041 1.51441 1.14166
0.875614 1.52065 1.14474
0.879023 1.51779 1.14229
0.881381 1.52112 1.14252
0.878059 1.52391 1.14483
0.879023 1.51779 1.14229
0.882666 1.51473 1.14044
0.884912 1.51815 1.14078
0.881381 1.52112 1.14252
0.882666 1.51473 1.14044
0.886398 1.51159 1.13894
0.888528 1.51511 1.13937
0.884912 1.51815 1.14078
0.886398 1.51159 1.13894
0.890209 1.50839 1.13782
0.892217 1.51202 1.13834
0.888528 1.51511 1.13937
0.890209 1.50839 1.13782
0.894096 1.50513 1.1374
0.895976 1.50886 1.13799
0.892217 1.51202 1.13834
0.894096 1.50513 1.1374
0.89459 1.50471 1.13907
0.896439 1.50847 1.13958
0.895976 1.50886 1.13799
0.89459 1.50471 1.13907
0.890728 1.50796 1.13984
0.892705 1.51161 1.1403
0.896439 1.50847 1.13958
0.890728 1.50796 1.13984
0.886871 1.5112 1.14066
0.888976 1.51474 1.14106
0.892705 1.51161 1.1403
0.886871 1.5112 1.14066
0.883041 1.51441 1.14166
0.88527 1.51785 1.14199
0.888976 1.51474 1.14106
0.883041 1.51441 1.14166
0.879258 1.51759 1.14293
0.881606 1.52093 1.14317
0.88527 1.51785 1.14199
0.878059 1.52391 1.14483
0.881381 1.52112 1.14252
0.883706 1.52448 1.14276
0.880482 1.52718 1.14492
0.881381 1.52112 1.14252
0.884912 1.51815 1.14078
0.887116 1.52161 1.14112
0.883706 1.52448 1.14276
0.884912 1.51815 1.14078
0.888528 1.51511 1.13937
0.890605 1.51868 1.1398
0.887116 1.52161 1.14112
0.888528 1.51511 1.13937
0.892217 1.51202 1.13834
0.894164 1.5157 1.13885
0.890605 1.51868 1.1398
0.892217 1.51202 1.13834
0.895976 1.50886 1.13799
0.897785 1.51265 1.13855
0.894164 1.5157 1.13885
0.895976 1.50886 1.13799
0.896439 1.50847 1.13958
0.898217 1.51229 1.14006
0.897785 1.51265 1.13855
0.896439 1.50847 1.13958
0.892705 1.51161 1.1403
0.894619 1.51531 1.14074
0.898217 1.51229 1.14006
0.892705 1.51161 1.1403
0.888976 1.51474 1.14106
0.891027 1.51833 1.14145
0.894619 1.51531 1.14074
0.888976 1.51474 1.14106
0.88527 1.51785 1.14199
0.887454 1.52133 1.14232
0.891027 1.51833 1.14145
0.88527 1.51785 1.14199
0.881606 1.52093 1.14317
0.883918 1.5243 1.14341
0.887454 1.52133 1.14232
0.880482 1.52718 1.14492
0.883706 1.52448 1.14276
0.885998 1.52786 1.14299
0.882882 1.53048 1.14501
0.883706 1.52448 1.14276
0.887116 1.52161 1.14112
0.889278 1.52511 1.14146
0.885998 1.52786 1.14299
0.887116 1.52161 1.14112
0.890605 1.51868 1.1398
0.892632 1.52229 1.14022
0.889278 1.52511 1.14146
0.890605 1.51868 1.1398
0.894164 1.5157 1.13885
0.896051 1.51942 1.13934
0.892632 1.52229 1.14022
0.894164 1.5157 1.13885
0.897785 1.51265 1.13855
0.899525 1.5165 1.1391
0.896051 1.51942 1.13934
0.897785 1.51265 1.13855
0.898217 1.51229 1.14006
0.899927 1.51617 1.14053
0.899525 1.5165 1.1391
0.898217 1.51229 1.14006
0.894619 1.51531 1.14074
0.896474 1.51907 1.14115
0.899927 1.51617 1.14053
0.894619 1.51531 1.14074
0.891027 1.51833 1.14145
0.893026 1.52196 1.14182
0.896474 1.51907 1.14115
0.891027 1.51833 1.14145
0.887454 1.52133 1.14232
0.889596 1.52484 1.14262
0.893026 1.52196 1.14182
0.887454 1.52133 1.14232
0.883918 1.5243 1.14341
0.886197 1.5277 1.14363
0.889596 1.52484 1.14262
0.882882 1.53048 1.14501
0.885998 1.52786 1.14299
0.888262 1.53127 1.14322
0.885265 1.53379 1.1451
0.885998 1.52786 1.14299
0.889278 1.52511 1.14146
0.891404 1.52864 1.14178
0.888262 1.53127 1.14322
0.889278 1.52511 1.14146
0.892632 1.52229 1.14022
0.894614 1.52594 1.14063
0.891404 1.52864 1.14178
0.892632 1.52229 1.14022
0.896051 1.51942 1.13934
0.897884 1.52319 1.13982
0.894614 1.52594 1.14063
0.896051 1.51942 1.13934
0.899525 1.5165 1.1391
0.901206 1.52041 1.13963
0.897884 1.52319 1.13982
0.899525 1.5165 1.1391
0.899927 1.51617 1.14053
0.901578 1.52009 1.14098
0.901206 1.52041 1.13963
0.899927 1.51617 1.14053
0.896474 1.51907 1.14115
0.898277 1.52286 1.14156
0.901578 1.52009 1.14098
0.896474 1.51907 1.14115
0.893026 1.52196 1.14182
0.894981 1.52563 1.14217
0.898277 1.52286 1.14156
0.893026 1.52196 1.14182
0.889596 1.52484 1.14262
0.891701 1.52839 1.14292
0.894981 1.52563 1.14217
0.889596 1.52484 1.14262
0.886197 1.5277 1.14363
0.888448 1.53112 1.14385
0.891701 1.52839 1.14292
0.885265 1.53379 1.1451
0.888262 1.53127 1.14322
0.890495 1.53471 1.14345
0.887626 1.53712 1.14518
0.888262 1.53127 1.14322
0.891404 1.52864 1.14178
0.893491 1.53219 1.14211
0.890495 1.53471 1.14345
0.891404 1.52864 1.14178
0.894614 1.52594 1.14063
0.896549 1.52963 1.14104
0.893491 1.53219 1.14211
0.894614 1.52594 1.14063
0.897884 1.52319 1.13982
0.899663 1.52701 1.14029
0.896549 1.52963 1.14104
0.897884 1.52319 1.13982
0.901206 1.52041 1.13963
0.902822 1.52436 1.14014
0.899663 1.52701 1.14029
0.901206 1.52041 1.13963
0.901578 1.52009 1.14098
0.903167 1.52407 1.14142
0.902822 1.52436 1.14014
0.901578 1.52009 1.14098
0.898277 1.52286 1.14156
0.900026 1.52671 1.14195
0.903167 1.52407 1.14142
0.898277 1.52286 1.14156
0.894981 1.52563 1.14217
0.896889 1.52934 1.14252
0.900026 1.52671 1.14195
0.894981 1.52563 1.14217
0.891701 1.52839 1.14292
0.893767 1.53196 1.14321
0.896889 1.52934 1.14252
0.891701 1.52839 1.14292
0.888448 1.53112 1.14385
0.890668 1.53456 1.14405
0.893767 1.53196 1.14321
0.887626 1.53712 1.14518
0.890495 1.53471 1.14345
0.892703 1.53817 1.14367
0.88997 1.54046 1.14527
0.890495 1.53471 1.14345
0.893491 1.53219 1.14211
0.895545 1.53578 1.14243
0.892703 1.53817 1.14367
0.893491 1.53219 1.14211
0.896549 1.52963 1.14104
0.898444 1.53335 1.14143
0.895545 1.53578 1.14243
0.896549 1.52963 1.14104
0.899663 1.52701 1.14029
0.901394 1.53087 1.14075
0.898444 1.53335 1.14143
0.899663 1.52701 1.14029
0.902822 1.52436 1.14014
0.904386 1.52836 1.14063
0.901394 1.53087 1.14075
0.902822 1.52436 1.14014
0.903167 1.52407 1.14142
0.904704 1.52809 1.14183
0.904386 1.52836 1.14063
0.903167 1.52407 1.14142
0.900026 1.52671 1.14195
0.901729 1.53059 1.14232
0.904704 1.52809 1.14183
0.900026 1.52671 1.14195
0.896889 1.52934 1.14252
0.898759 1.53308 1.14285
0.901729 1.53059 1.14232
0.896889 1.52934 1.14252
0.893767 1.53196 1.14321
0.8958 1.53556 1.14348
0.898759 1.53308 1.14285
0.893767 1.53196 1.14321
0.890668 1.53456 1.14405
0.892862 1.53803 1.14426
0.8958 1.53556 1.14348
0.88997 1.54046 1.14527
0.892703 1.53817 1.14367
0.894887 1.54165 1.14389
0.892298 1.54382 1.14535
0.892703 1.53817 1.14367
0.895545 1.53578 1.14243
0.897567 1.53939 1.14274
0.894887 1.54165 1.14389
0.895545 1.53578 1.14243
0.898444 1.53335 1.14143
0.9003 1.5371 1.14182
0.897567 1.53939 1.14274
0.898444 1.53335 1.14143
0.901394 1.53087 1.14075
0.903081 1.53477 1.1412
0.9003 1.5371 1.14182
0.901394 1.53087 1.14075
0.904386 1.52836 1.14063
0.905898 1.5324 1.1411
0.903081 1.53477 1.1412
0.904386 1.52836 1.14063
0.904704 1.52809 1.14183
0.906189 1.53215 1.14223
0.905898 1.5324 1.1411
0.904704 1.52809 1.14183
0.901729 1.53059 1.14232
0.903387 1.53451 1.14268
0.906189 1.53215 1.14223
0.901729 1.53059 1.14232
0.898759 1.53308 1.14285
0.900589 1.53686 1.14316
0.903387 1.53451 1.14268
0.898759 1.53308 1.14285
0.8958 1.53556 1.14348
0.897802 1.5392 1.14374
0.900589 1.53686 1.14316
0.8958 1.53556 1.14348
0.892862 1.53803 1.14426
0.895032 1.54152 1.14445
0.897802 1.5392 1.14374
0.892298 1.54382 1.14535
0.894887 1.54165 1.14389
0.897047 1.54514 1.1441
0.894612 1.54719 1.14543
0.894887 1.54165 1.14389
0.897567 1.53939 1.14274
0.89956 1.54303 1.14305
0.897047 1.54514 1.1441
0.897567 1.53939 1.14274
0.9003 1.5371 1.14182
0.90212 1.54088 1.1422
0.89956 1.54303 1.14305
0.9003 1.5371 1.14182
0.903081 1.53477 1.1412
0.904724 1.5387 1.14163
0.90212 1.54088 1.1422
0.903081 1.53477 1.1412
0.905898 1.5324 1.1411
0.90736 1.53648 1.14156
0.904724 1.5387 1.14163
0.905898 1.5324 1.1411
0.906189 1.53215 1.14223
0.907626 1.53626 1.14262
0.90736 1.53648 1.14156
0.906189 1.53215 1.14223
0.903387 1.53451 1.14268
0.905003 1.53846 1.14302
0.907626 1.53626 1.14262
0.903387 1.53451 1.14268
0.900589 1.53686 1.14316
0.902384 1.54066 1.14347
0.905003 1.53846 1.14302
0.900589 1.53686 1.14316
0.897802 1.5392 1.14374
0.899775 1.54285 1.144
0.902384 1.54066 1.14347
0.897802 1.5392 1.14374
0.895032 1.54152 1.14445
0.897179 1.54503 1.14464
0.899775 1.54285 1.144
0.894612 1.54719 1.14543
0.897047 1.54514 1.1441
0.899185 1.54866 1.14431
0.896911 1.55057 1.14551
0.897047 1.54514 1.1441
0.89956 1.54303 1.14305
0.901525 1.54669 1.14334
0.899185 1.54866 1.14431
0.89956 1.54303 1.14305
0.90212 1.54088 1.1422
0.903906 1.54469 1.14257
0.901525 1.54669 1.14334
0.90212 1.54088 1.1422
0.904724 1.5387 1.14163
0.906327 1.54266 1.14206
0.903906 1.54469 1.14257
0.904724 1.5387 1.14163
0.90736 1.53648 1.14156
0.908777 1.5406 1.14201
0.906327 1.54266 1.14206
0.90736 1.53648 1.14156
0.907626 1.53626 1.14262
0.909018 1.5404 1.14299
0.908777 1.5406 1.14201
0.907626 1.53626 1.14262
0.905003 1.53846 1.14302
0.90658 1.54245 1.14335
0.909018 1.5404 1.14299
0.905003 1.53846 1.14302
0.902384 1.54066 1.14347
0.904145 1.54449 1.14376
0.90658 1.54245 1.14335
0.902384 1.54066 1.14347
0.899775 1.54285 1.144
0.901719 1.54653 1.14424
0.904145 1.54449 1.14376
0.899775 1.54285 1.144
0.897179 1.54503 1.14464
0.899305 1.54856 1.14481
0.901719 1.54653 1.14424
0.896911 1.55057 1.14551
0.899185 1.54866 1.14431
0.901305 1.55219 1.14451
0.8992 1.55396 1.14559
0.899185 1.54866 1.14431
0.901525 1.54669 1.14334
0.903465 1.55038 1.14364
0.901305 1.55219 1.14451
0.901525 1.54669 1.14334
0.903906 1.54469 1.14257
0.905662 1.54853 1.14294
0.903465 1.55038 1.14364
0.903906 1.54469 1.14257
0.906327 1.54266 1.14206
0.907895 1.54666 1.14247
0.905662 1.54853 1.14294
0.906327 1.54266 1.14206
0.908777 1.5406 1.14201
0.910154 1.54476 1.14244
0.907895 1.54666 1.14247
0.908777 1.5406 1.14201
0.909018 1.5404 1.14299
0.910371 1.54458 1.14334
0.910154 1.54476 1.14244
0.909018 1.5404 1.14299
0.90658 1.54245 1.14335
0.908123 1.54646 1.14367
0.910371 1.54458 1.14334
0.90658 1.54245 1.14335
0.904145 1.54449 1.14376
0.905878 1.54835 1.14404
0.908123 1.54646 1.14367
0.904145 1.54449 1.14376
0.901719 1.54653 1.14424
0.90364 1.55023 1.14447
0.905878 1.54835 1.14404
0.901719 1.54653 1.14424
0.899305 1.54856 1.14481
0.901412 1.5521 1.14498
0.90364 1.55023 1.14447
0.8992 1.55396 1.14559
0.901305 1.55219 1.14451
0.903406 1.55574 1.14471
0.901475 1.55736 1.14567
0.901305 1.55219 1.14451
0.903465 1.55038 1.14364
0.905381 1.55408 1.14392
0.903406 1.55574 1.14471
0.903465 1.55038 1.14364
0.905662 1.54853 1.14294
0.907389 1.55239 1.14329
0.905381 1.55408 1.14392
0.905662 1.54853 1.14294
0.907895 1.54666 1.14247
0.909429 1.55068 1.14288
0.907389 1.55239 1.14329
0.907895 1.54666 1.14247
0.910154 1.54476 1.14244
0.911491 1.54895 1.14286
0.909429 1.55068 1.14288
0.910154 1.54476 1.14244
0.910371 1.54458 1.14334
0.911685 1.54878 1.14368
0.911491 1.54895 1.14286
0.910371 1.54458 1.14334
0.908123 1.54646 1.14367
0.909631 1.55051 1.14398
0.911685 1.54878 1.14368
0.908123 1.54646 1.14367
0.905878 1.54835 1.14404
0.907581 1.55223 1.1443
0.909631 1.55051 1.14398
0.905878 1.54835 1.14404
0.90364 1.55023 1.14447
0.905537 1.55395 1.14469
0.907581 1.55223 1.1443
0.90364 1.55023 1.14447
0.901412 1.5521 1.14498
0.903501 1.55566 1.14515
0.905537 1.55395 1.14469
0.901475 1.55736 1.14567
0.903406 1.55574 1.14471
0.905493 1.5593 1.1449
0.903742 1.56077 1.14574
0.903406 1.55574 1.14471
0.905381 1.55408 1.14392
0.907278 1.5578 1.1442
0.905493 1.5593 1.1449
0.905381 1.55408 1.14392
0.907389 1.55239 1.14329
0.909091 1.55627 1.14364
0.907278 1.5578 1.1442
0.907389 1.55239 1.14329
0.909429 1.55068 1.14288
0.910933 1.55473 1.14327
0.909091 1.55627 1.14364
0.909429 1.55068 1.14288
0.911491 1.54895 1.14286
0.912795 1.55316 1.14327
0.910933 1.55473 1.14327
0.911491 1.54895 1.14286
0.911685 1.54878 1.14368
0.912966 1.55302 1.14401
0.912795 1.55316 1.14327
0.911685 1.54878 1.14368
0.909631 1.55051 1.14398
0.911112 1.55458 1.14427
0.912966 1.55302 1.14401
0.909631 1.55051 1.14398
0.907581 1.55223 1.1443
0.909261 1.55613 1.14456
0.911112 1.55458 1.14427
0.907581 1.55223 1.1443
0.905537 1.55395 1.14469
0.907415 1.55768 1.1449
0.909261 1.55613 1.14456
0.905537 1.55395 1.14469
0.903501 1.55566 1.14515
0.905575 1.55923 1.1453
0.907415 1.55768 1.1449
0.903742 1.56077 1.14574
0.905493 1.5593 1.1449
0.907469 1.56272 1.14507
0.9059 1.56404 1.14581
0.905493 1.5593 1.1449
0.907278 1.5578 1.1442
0.909069 1.56138 1.14445
0.907469 1.56272 1.14507
0.907278 1.5578 1.1442
0.909091 1.55627 1.14364
0.910693 1.56001 1.14396
0.909069 1.56138 1.14445
0.909091 1.55627 1.14364
0.910933 1.55473 1.14327
0.912342 1.55863 1.14364
0.910693 1.56001 1.14396
0.910933 1.55473 1.14327
0.912795 1.55316 1.14327
0.914007 1.55723 1.14364
0.912342 1.55863 1.14364
0.912795 1.55316 1.14327
0.912966 1.55302 1.14401
0.914158 1.5571 1.14431
0.914007 1.55723 1.14364
0.912966 1.55302 1.14401
0.911112 1.55458 1.14427
0.912499 1.5585 1.14453
0.914158 1.5571 1.14431
0.911112 1.55458 1.14427
0.909261 1.55613 1.14456
0.910842 1.55989 1.14478
0.912499 1.5585 1.14453
0.909261 1.55613 1.14456
0.907415 1.55768 1.1449
0.909189 1.56128 1.14508
0.910842 1.55989 1.14478
0.907415 1.55768 1.1449
0.905575 1.55923 1.1453
0.907542 1.56266 1.14543
0.909189 1.56128 1.14508
0.9059 1.56404 1.14581
0.907469 1.56272 1.14507
0.907894 1.5636 1.14512
0.906379 1.56487 1.14583
0.907469 1.56272 1.14507
0.909069 1.56138 1.14445
0.909437 1.5623 1.14453
0.907894 1.5636 1.14512
0.909069 1.56138 1.14445
0.910693 1.56001 1.14396
0.911004 1.56098 1.14405
0.909437 1.5623 1.14453
0.910693 1.56001 1.14396
0.912342 1.55863 1.14364
0.912595 1.55965 1.14374
0.911004 1.56098 1.14405
0.912342 1.55863 1.14364
0.914007 1.55723 1.14364
0.914203 1.5583 1.14375
0.912595 1.55965 1.14374
0.914007 1.55723 1.14364
0.914158 1.5571 1.14431
0.914348 1.55818 1.1444
0.914203 1.5583 1.14375
0.914158 1.5571 1.14431
0.912499 1.5585 1.14453
0.912747 1.55952 1.14461
0.914348 1.55818 1.1444
0.912499 1.5585 1.14453
0.910842 1.55989 1.14478
0.911148 1.56086 1.14485
0.912747 1.55952 1.14461
0.910842 1.55989 1.14478
0.909189 1.56128 1.14508
0.909553 1.5622 1.14514
0.911148 1.56086 1.14485
0.909189 1.56128 1.14508
0.907542 1.56266 1.14543
0.907964 1.56354 1.14547
0.909553 1.5622 1.14514
0.906379 1.56487 1.14583
0.907894 1.5636 1.14512
0.908182 1.56436 1.14518
0.906723 1.56558 1.14586
0.907894 1.5636 1.14512
0.909437 1.5623 1.14453
0.909668 1.56311 1.14461
0.908182 1.56436 1.14518
0.909437 1.5623 1.14453
0.911004 1.56098 1.14405
0.911178 1.56184 1.14415
0.909668 1.56311 1.14461
0.911004 1.56098 1.14405
0.912595 1.55965 1.14374
0.91271 1.56056 1.14386
0.911178 1.56184 1.14415
0.912595 1.55965 1.14374
0.914203 1.5583 1.14375
0.914257 1.55926 1.14387
0.91271 1.56056 1.14386
0.914203 1.5583 1.14375
0.914348 1.55818 1.1444
0.914397 1.55914 1.14449
0.914257 1.55926 1.14387
0.914348 1.55818 1.1444
0.912747 1.55952 1.14461
0.912855 1.56043 1.14469
0.914397 1.55914 1.14449
0.912747 1.55952 1.14461
0.911148 1.56086 1.14485
0.911316 1.56173 1.14492
0.912855 1.56043 1.14469
0.911148 1.56086 1.14485
0.909553 1.5622 1.14514
0.90978 1.56302 1.1452
0.911316 1.56173 1.14492
0.909553 1.5622 1.14514
0.907964 1.56354 1.14547
0.90825 1.5643 1.14551
0.90978 1.56302 1.1452
0.906723 1.56558 1.14586
0.908182 1.56436 1.14518
0.90841 1.56517 1.14525
0.907019 1.56634 1.1459
0.908182 1.56436 1.14518
0.909668 1.56311 1.14461
0.909828 1.56398 1.14471
0.90841 1.56517 1.14525
0.909668 1.56311 1.14461
0.911178 1.56184 1.14415
0.911267 1.56277 1.14427
0.909828 1.56398 1.14471
0.911178 1.56184 1.14415
0.91271 1.56056 1.14386
0.912728 1.56155 1.14399
0.911267 1.56277 1.14427
0.91271 1.56056 1.14386
0.914257 1.55926 1.14387
0.914204 1.56031 1.144
0.912728 1.56155 1.14399
0.914257 1.55926 1.14387
0.914397 1.55914 1.14449
0.914336 1.5602 1.1446
0.914204 1.56031 1.144
0.914397 1.55914 1.14449
0.912855 1.56043 1.14469
0.912866 1.56143 1.14479
0.914336 1.5602 1.1446
0.912855 1.56043 1.14469
0.911316 1.56173 1.14492
0.911398 1.56266 1.14501
0.912866 1.56143 1.14479
0.911316 1.56173 1.14492
0.90978 1.56302 1.1452
0.909934 1.56389 1.14527
0.911398 1.56266 1.14501
0.90978 1.56302 1.1452
0.90825 1.5643 1.14551
0.908474 1.56512 1.14557
0.909934 1.56389 1.14527
0.907019 1.56634 1.1459
0.90841 1.56517 1.14525
0.90857 1.56604 1.14534
0.90726 1.56714 1.14595
0.90841 1.56517 1.14525
0.909828 1.56398 1.14471
0.909906 1.56492 1.14483
0.90857 1.56604 1.14534
0.909828 1.56398 1.14471
0.911267 1.56277 1.14427
0.911262 1.56378 1.14442
0.909906 1.56492 1.14483
0.911267 1.56277 1.14427
0.912728 1.56155 1.14399
0.912638 1.56263 1.14416
0.911262 1.56378 1.14442
0.912728 1.56155 1.14399
0.914204 1.56031 1.144
0.914028 1.56146 1.14417
0.912638 1.56263 1.14416
0.914204 1.56031 1.144
0.914336 1.5602 1.1446
0.914153 1.56135 1.14473
0.914028 1.56146 1.14417
0.914336 1.5602 1.1446
0.912866 1.56143 1.14479
0.912768 1.56252 1.14491
0.914153 1.56135 1.14473
0.912866 1.56143 1.14479
0.911398 1.56266 1.14501
0.911385 1.56368 1.14512
0.912768 1.56252 1.14491
0.911398 1.56266 1.14501
0.909934 1.56389 1.14527
0.910006 1.56484 1.14536
0.911385 1.56368 1.14512
0.909934 1.56389 1.14527
0.908474 1.56512 1.14557
0.908631 1.56599 1.14564
0.910006 1.56484 1.14536
0.90726 1.56714 1.14595
0.90857 1.56604 1.14534
0.908649 1.56698 1.14545
0.907435 1.568 1.14601
0.90857 1.56604 1.14534
0.909906 1.56492 1.14483
0.909886 1.56594 1.14498
0.908649 1.56698 1.14545
0.909906 1.56492 1.14483
0.911262 1.56378 1.14442
0.911142 1.56489 1.1446
0.909886 1.56594 1.14498
0.911262 1.56378 1.14442
0.912638 1.56263 1.14416
0.912417 1.56382 1.14436
0.911142 1.56489 1.1446
0.912638 1.56263 1.14416
0.914028 1.56146 1.14417
0.913704 1.56274 1.14437
0.912417 1.56382 1.14436
0.914028 1.56146 1.14417
0.914153 1.56135 1.14473
0.913819 1.56264 1.14489
0.913704 1.56274 1.14437
0.914153 1.56135 1.14473
0.912768 1.56252 1.14491
0.912537 1.56372 1.14506
0.913819 1.56264 1.14489
0.912768 1.56252 1.14491
0.911385 1.56368 1.14512
0.911256 1.56479 1.14524
0.912537 1.56372 1.14506
0.911385 1.56368 1.14512
0.910006 1.56484 1.14536
0.909978 1.56586 1.14547
0.911256 1.56479 1.14524
0.910006 1.56484 1.14536
0.908631 1.56599 1.14564
0.908705 1.56693 1.14573
0.909978 1.56586 1.14547
0.907435 1.568 1.14601
0.908649 1.56698 1.14545
0.908619 1.56801 1.14558
0.907522 1.56893 1.14609
0.908649 1.56698 1.14545
0.909886 1.56594 1.14498
0.909736 1.56707 1.14516
0.908619 1.56801 1.14558
0.909886 1.56594 1.14498
0.911142 1.56489 1.1446
0.910871 1.56612 1.14482
0.909736 1.56707 1.14516
0.911142 1.56489 1.1446
0.912417 1.56382 1.14436
0.912023 1.56515 1.1446
0.910871 1.56612 1.14482
0.912417 1.56382 1.14436
0.913704 1.56274 1.14437
0.913186 1.56418 1.14461
0.912023 1.56515 1.1446
0.913704 1.56274 1.14437
0.913819 1.56264 1.14489
0.91329 1.56409 1.14508
0.913186 1.56418 1.14461
0.913819 1.56264 1.14489
0.912537 1.56372 1.14506
0.912131 1.56506 1.14523
0.91329 1.56409 1.14508
0.912537 1.56372 1.14506
0.911256 1.56479 1.14524
0.910974 1.56603 1.1454
0.912131 1.56506 1.14523
0.911256 1.56479 1.14524
0.909978 1.56586 1.14547
0.909819 1.567 1.1456
0.910974 1.56603 1.1454
0.909978 1.56586 1.14547
0.908705 1.56693 1.14573
0.908669 1.56797 1.14583
0.909819 1.567 1.1456
0.907522 1.56893 1.14609
0.908619 1.56801 1.14558
0.908437 1.56917 1.14575
0.907487 1.56997 1.14619
0.908619 1.56801 1.14558
0.909736 1.56707 1.14516
0.909406 1.56836 1.14538
0.908437 1.56917 1.14575
0.909736 1.56707 1.14516
0.910871 1.56612 1.14482
0.910389 1.56753 1.14509
0.909406 1.56836 1.14538
0.910871 1.56612 1.14482
0.912023 1.56515 1.1446
0.911387 1.56669 1.14491
0.910389 1.56753 1.14509
0.912023 1.56515 1.1446
0.913186 1.56418 1.14461
0.912394 1.56585 1.14492
0.911387 1.56669 1.14491
0.913186 1.56418 1.14461
0.91329 1.56409 1.14508
0.912484 1.56577 1.14532
0.912394 1.56585 1.14492
0.91329 1.56409 1.14508
0.912131 1.56506 1.14523
0.91148 1.56661 1.14545
0.912484 1.56577 1.14532
0.912131 1.56506 1.14523
0.910974 1.56603 1.1454
0.910477 1.56746 1.1456
0.91148 1.56661 1.14545
0.910974 1.56603 1.1454
0.909819 1.567 1.1456
0.909477 1.5683 1.14577
0.910477 1.56746 1.1456
0.909819 1.567 1.1456
0.908669 1.56797 1.14583
0.908481 1.56913 1.14597
0.909477 1.5683 1.14577
0.907487 1.56997 1.14619
0.908437 1.56917 1.14575
0.907989 1.57055 1.14599
0.907236 1.57118 1.14633
0.908437 1.56917 1.14575
0.909406 1.56836 1.14538
0.908756 1.56991 1.1457
0.907989 1.57055 1.14599
0.909406 1.56836 1.14538
0.910389 1.56753 1.14509
0.909534 1.56925 1.14547
0.908756 1.56991 1.1457
0.910389 1.56753 1.14509
0.911387 1.56669 1.14491
0.910325 1.56859 1.14532
0.909534 1.56925 1.14547
0.911387 1.56669 1.14491
0.912394 1.56585 1.14492
0.911122 1.56792 1.14533
0.910325 1.56859 1.14532
0.912394 1.56585 1.14492
0.912484 1.56577 1.14532
0.911193 1.56786 1.14565
0.911122 1.56792 1.14533
0.912484 1.56577 1.14532
0.91148 1.56661 1.14545
0.910398 1.56853 1.14575
0.911193 1.56786 1.14565
0.91148 1.56661 1.14545
0.910477 1.56746 1.1456
0.909604 1.56919 1.14586
0.910398 1.56853 1.14575
0.910477 1.56746 1.1456
0.909477 1.5683 1.14577
0.908812 1.56986 1.146
0.909604 1.56919 1.14586
0.909477 1.5683 1.14577
0.908481 1.56913 1.14597
0.908023 1.57052 1.14616
0.908812 1.56986 1.146
0.907236 1.57118 1.14633
0.907989 1.57055 1.14599
0.906843 1.57252 1.14639
0.906421 1.57287 1.14658
0.907989 1.57055 1.14599
0.908756 1.56991 1.1457
0.907272 1.57216 1.14623
0.906843 1.57252 1.14639
0.908756 1.56991 1.1457
0.909534 1.56925 1.14547
0.907707 1.57179 1.1461
0.907272 1.57216 1.14623
0.909534 1.56925 1.14547
0.910325 1.56859 1.14532
0.908149 1.57142 1.14602
0.907707 1.57179 1.1461
0.910325 1.56859 1.14532
0.911122 1.56792 1.14533
0.908595 1.57105 1.14602
0.908149 1.57142 1.14602
0.911122 1.56792 1.14533
0.911193 1.56786 1.14565
0.908635 1.57101 1.1462
0.908595 1.57105 1.14602
0.911193 1.56786 1.14565
0.910398 1.56853 1.14575
0.90819 1.57139 1.14626
0.908635 1.57101 1.1462
0.910398 1.56853 1.14575
0.909604 1.56919 1.14586
0.907746 1.57176 1.14632
0.90819 1.57139 1.14626
0.909604 1.56919 1.14586
0.908812 1.56986 1.146
0.907303 1.57213 1.1464
0.907746 1.57176 1.14632
0.908812 1.56986 1.146
0.908023 1.57052 1.14616
0.906862 1.5725 1.14649
0.907303 1.57213 1.1464
0.906421 1.57287 1.14658
0.906843 1.57252 1.14639
0.905482 1.57457 1.14683
0.905423 1.57462 1.14686
0.906843 1.57252 1.14639
0.907272 1.57216 1.14623
0.905543 1.57451 1.14681
0.905482 1.57457 1.14683
0.907272 1.57216 1.14623
0.907707 1.57179 1.1461
0.905605 1.57446 1.14679
0.905543 1.57451 1.14681
0.907707 1.57179 1.1461
0.908149 1.57142 1.14602
0.905668 1.57441 1.14678
0.905605 1.57446 1.14679
0.908149 1.57142 1.14602
0.908595 1.57105 1.14602
0.905731 1.57436 1.14678
0.905668 1.57441 1.14678
0.908595 1.57105 1.14602
0.908635 1.57101 1.1462
0.905737 1.57435 1.1468
0.905731 1.57436 1.14678
0.908635 1.57101 1.1462
0.90819 1.57139 1.14626
0.905674 1.5744 1.14681
0.905737 1.57435 1.1468
0.90819 1.57139 1.14626
0.907746 1.57176 1.14632
0.905611 1.57446 1.14682
0.905674 1.5744 1.14681
0.907746 1.57176 1.14632
0.907303 1.57213 1.1464
0.905548 1.57451 1.14683
0.905611 1.57446 1.14682
0.907303 1.57213 1.1464
0.906862 1.5725 1.14649
0.905485 1.57456 1.14684
0.905548 1.57451 1.14683
0.834832 1.46673 1.14043
0.832359 1.4688 1.1429
0.833898 1.47081 1.14286
0.836485 1.46863 1.14009
0.836485 1.46863 1.14009
0.833898 1.47081 1.14286
0.836416 1.47389 1.14294
0.839227 1.47153 1.13985
0.839227 1.47153 1.13985
0.836416 1.47389 1.14294
0.839064 1.47698 1.14314
0.842157 1.47438 1.13991
0.842157 1.47438 1.13991
0.839064 1.47698 1.14314
0.841732 1.48005 1.14337
0.845107 1.47722 1.14012
0.845107 1.47722 1.14012
0.841732 1.48005 1.14337
0.844396 1.48313 1.14355
0.848007 1.4801 1.14033
0.848007 1.4801 1.14033
0.844396 1.48313 1.14355
0.847057 1.4862 1.14371
0.850857 1.48301 1.14055
0.850857 1.48301 1.14055
0.847057 1.4862 1.14371
0.849723 1.48928 1.14384
0.85366 1.48597 1.14077
0.85366 1.48597 1.14077
0.849723 1.48928 1.14384
0.852401 1.49234 1.14394
0.856422 1.48896 1.14099
0.856422 1.48896 1.14099
0.852401 1.49234 1.14394
0.85509 1.49539 1.14403
0.859141 1.49199 1.1412
0.859141 1.49199 1.1412
0.85509 1.49539 1.14403
0.857762 1.49846 1.14411
0.861811 1.49506 1.14142
0.861811 1.49506 1.14142
0.857762 1.49846 1.14411
0.8604 1.50156 1.1442
0.864432 1.49817 1.14163
0.864432 1.49817 1.14163
0.8604 1.50156 1.1442
0.863008 1.50468 1.14428
0.867005 1.50132 1.14184
0.867005 1.50132 1.14184
0.863008 1.50468 1.14428
0.865585 1.50783 1.14438
0.869534 1.50451 1.14206
0.869534 1.50451 1.14206
0.865585 1.50783 1.14438
0.868133 1.511 1.14447
0.87202 1.50773 1.14226
0.87202 1.50773 1.14226
0.868133 1.511 1.14447
0.870653 1.51419 1.14456
0.874466 1.51099 1.14247
0.874466 1.51099 1.14247
0.870653 1.51419 1.14456
0.873146 1.51741 1.14465
0.876876 1.51428 1.14268
0.876876 1.51428 1.14268
0.873146 1.51741 1.14465
0.875614 1.52065 1.14474
0.879258 1.51759 1.14293
0.879258 1.51759 1.14293
0.875614 1.52065 1.14474
0.878059 1.52391 1.14483
0.881606 1.52093 1.14317
0.881606 1.52093 1.14317
0.878059 1.52391 1.14483
0.880482 1.52718 1.14492
0.883918 1.5243 1.14341
0.883918 1.5243 1.14341
0.880482 1.52718 1.14492
0.882882 1.53048 1.14501
0.886197 1.5277 1.14363
0.886197 1.5277 1.14363
0.882882 1.53048 1.14501
0.885265 1.53379 1.1451
0.888448 1.53112 1.14385
0.888448 1.53112 1.14385
0.885265 1.53379 1.1451
0.887626 1.53712 1.14518
0.890668 1.53456 1.14405
0.890668 1.53456 1.14405
0.887626 1.53712 1.14518
0.88997 1.54046 1.14527
0.892862 1.53803 1.14426
0.892862 1.53803 1.14426
0.88997 1.54046 1.14527
0.892298 1.54382 1.14535
0.895032 1.54152 1.14445
0.895032 1.54152 1.14445
0.892298 1.54382 1.14535
0.894612 1.54719 1.14543
0.897179 1.54503 1.14464
0.897179 1.54503 1.14464
0.894612 1.54719 1.14543
0.896911 1.55057 1.14551
0.899305 1.54856 1.14481
0.899305 1.54856 1.14481
0.896911 1.55057 1.14551
0.8992 1.55396 1.14559
0.901412 1.5521 1.14498
0.901412 1.5521 1.14498
0.8992 1.55396 1.14559
0.901475 1.55736 1.14567
0.903501 1.55566 1.14515
0.903501 1.55566 1.14515
0.901475 1.55736 1.14567
0.903742 1.56077 1.14574
0.905575 1.55923 1.1453
0.905575 1.55923 1.1453
0.903742 1.56077 1.14574
0.9059 1.56404 1.14581
0.907542 1.56266 1.14543
0.907542 1.56266 1.14543
0.9059 1.56404 1.14581
0.906379 1.56487 1.14583
0.907964 1.56354 1.14547
0.907964 1.56354 1.14547
0.906379 1.56487 1.14583
0.906723 1.56558 1.14586
0.90825 1.5643 1.14551
0.90825 1.5643 1.14551
0.906723 1.56558 1.14586
0.907019 1.56634 1.1459
0.908474 1.56512 1.14557
0.908474 1.56512 1.14557
0.907019 1.56634 1.1459
0.90726 1.56714 1.14595
0.908631 1.56599 1.14564
0.908631 1.56599 1.14564
0.90726 1.56714 1.14595
0.907435 1.568 1.14601
0.908705 1.56693 1.14573
0.908705 1.56693 1.14573
0.907435 1.568 1.14601
0.907522 1.56893 1.14609
0.908669 1.56797 1.14583
0.908669 1.56797 1.14583
0.907522 1.56893 1.14609
0.907487 1.56997 1.14619
0.908481 1.56913 1.14597
0.908481 1.56913 1.14597
0.907487 1.56997 1.14619
0.907236 1.57118 1.14633
0.908023 1.57052 1.14616
0.908023 1.57052 1.14616
0.907236 1.57118 1.14633
0.906421 1.57287 1.14658
0.906862 1.5725 1.14649
0.906862 1.5725 1.14649
0.906421 1.57287 1.14658
0.905423 1.57462 1.14686
0.905485 1.57456 1.14684
0.8135 1.4528 1.1457
0.8135 1.4528 1.1457
0.8135 1.4528 1.1457
0.8135 1.4528 1.1457
0.8135 1.4528 1.1457
0.8135 1.4528 1.1457
0.8135 1.4528 1.1457
0.8135 1.4528 1.1457
0.8135 1.4528 1.1457
0.8135 1.4528 1.1457
0.8135 1.4528 1.1457
0.8135 1.4528 1.1457
0.8135 1.4528 1.1457
0.8135 1.4528 1.1457
0.8135 1.4528 1.1457
0.8135 1.4528 1.1457
0.8135 1.4528 1.1457
0.8135 1.4528 1.1457
0.8135 1.4528 1.1457
0.8135 1.4528 1.1457
0.8135 1.4528 1.1457
0.8135 1.4528 1.1457
0.8135 1.4528 1.1457
0.8135 1.4528 1.1457
0.8135 1.4528 1.1457
0.8135 1.4528 1.1457
0.8135 1.4528 1.1457
0.8135 1.4528 1.1457
0.8135 1.4528 1.1457
0.8135 1.4528 1.1457
0.8135 1.4528 1.1457
0.8135 1.4528 1.1457
0.8135 1.4528 1.1457
0.8135 1.4528 1.1457
0.8135 1.4528 1.1457
0.8135 1.4528 1.1457
0.8135 1.4528 1.1457
0.8135 1.4528 1.1457
0.8135 1.4528 1.1457
0.8135 1.4528 1.1457
0.8135 1.4528 1.1457
0.8135 1.4528 1.1457
0.8135 1.4528 1.1457
0.8135 1.4528 1.1457
0.8135 1.4528 1.1457
0.8135 1.4528 1.1457
0.8135 1.4528 1.1457
0.8135 1.4528 1.1457
0.8135 1.4528 1.1457
0.8135 1.4528 1.1457
0.8135 1.4528 1.1457
0.8135 1.4528 1.1457
0.8135 1.4528 1.1457
0.8135 1.4528 1.1457
0.8135 1.4528 1.1457
0.8135 1.4528 1.1457
0.8135 1.4528 1.1457
0.8135 1.4528 1.1457
0.8135 1.4528 1.1457
0.8135 1.4528 1.1457
0.8135 1.4528 1.1457
0.8135 1.4528 1.1457
0.8135 1.4528 1.1457
0.8135 1.4528 1.1457
0.8135 1.4528 1.1457
0.8135 1.4528 1.1457
0.8135 1.4528 1.1457
0.8135 1.4528 1.1457
0.8135 1.4528 1.1457
0.8135 1.4528 1.1457
0.8135 1.4528 1.1457
0.8135 1.4528 1.1457
0.8135 1.4528 1.1457
0.8135 1.4528 1.1457
0.8135 1.4528 1.1457
0.8135 1.4528 1.1457
0.8135 1.4528 1.1457
0.8135 1.4528 1.1457
0.8135 1.4528 1.1457
0.8135 1.4528 1.1457
0.8135 1.4528 1.1457
0.8135 1.4528 1.1457
0.8135 1.4528 1.1457
0.8135 1.4528 1.1457
0.8135 1.4528 1.1457
0.8135 1.4528 1.1457
0.8135 1.4528 1.1457
0.8135 1.4528 1.1457
CELLS 924 4620
4 0 1 2 3
4 4 5 6 7
4 8 9 10 11
4 12 13 14 15
4 16 17 18 19
4 20 21 22 23
4 24 25 26 27
4 28 29 30 31
4 32 33 34 35
4 36 37 38 39
4 40 41 42 43
4 44 45 46 47
4 48 49 50 51
4 52 53 54 55
4 56 57 58 59
4 60 61 62 63
4 64 65 66 67
4 68 69 70 71
4 72 73 74 75
4 76 77 78 79
4 80 81 82 83
4 84 85 86 87
4 88 89 90 91
4 92 93 94 95
4 96 97 98 99
4 100 101 102 103
4 104 105 106 107
4 108 109 110 111
4 112 113 114 115
4 116 117 118 119
4 120 121 122 123
4 124 125 126 127
4 128 129 130 131
4 132 133 134 135
4 136 137 138 139
4 140 141 142 143
4 144 145 146 147
4 148 149 150 151
4 152 153 154 155
4 156 157 158 159
4 160 161 162 163
4 164 165 166 167
4 168 169 170 171
4 172 173 174 175
4 176 177 178 179
4 180 181 182 183
4 184 185 186 187
4 188 189 190 191
4 192 193 194 195
4 196 197 198 199
4 200 201 202 203
4 204 205 206 207
4 208 209 210 211
4 212 213 214 215
4 216 217 218 219
4 220 221 222 223
4 224 225 226 227
4 228 229 230 231
4 232 233 234 235
4 236 237 238 239
4 240 241 242 243
4 244 245 246 247
4 248 249 250 251
4 252 253 254 255
4 256 257 258 259
4 260 261 262 263
4 264 265 266 267
4 268 269 270 271
4 272 273 274 275
4 276 277 278 279
4 280 281 282 283
4 284 285 286 287
4 288 289 290 291
4 292 293 294 295
4 296 297 298 299
4 300 301 302 303
4 304 305 306 307
4 308 309 310 311
4 312 313 314 315
4 316 317 318 319
4 320 321 322 323
4 324 325 326 327
4 328 329 330 331
4 332 333 334 335
4 336 337 338 339
4 340 341 342 343
4 344 345 346 347
4 348 349 350 351
4 352 353 354 355
4 356 357 358 359
4 360 361 362 363
4 364 365 366 367
4 368 369 370 371
4 372 373 374 375
4 376 377 378 379
4 380 381 382 383
4 384 385 386 387
4 388 389 390 391
4 392 393 394 395
4 396 397 398 399
4 400 401 402 403
4 404 405 406 407
4 408 409 410 411
4 412 413 414 415
4 416 417 418 419
4 420 421 422 423
4 424 425 426 427
4 428 429 430 431
4 432 433 434 435
4 436 437 438 439
4 440 441 442 443
4 444 445 446 447
4 448 449 450 451
4 452 453 454 455
4 456 457 458 459
4 460 461 462 463
4 464 465 466 467
4 468 469 470 471
4 472 473 474 475
4 476 477 478 479
4 480 481 482 483
4 484 485 486 487
4 488 489 490 491
4 492 493 494 495
4 496 497 498 499
4 500 501 502 503
4 504 505 506 507
4 508 509 510 511
4 512 513 514 515
4 516 517 518 519
4 520 521 522 523
4 524 525 526 527
4 528 529 530 531
4 532 533 534 535
4 536 537 538 539
4 540 541 542 543
4 544 545 546 547
4 548 549 550 551
4 552 553 554 555
4 556 557 558 559
4 560 561 562 563
4 564 565 566 567
4 568 569 570 571
4 572 573 574 575
4 576 577 578 579
4 580 581 582 583
4 584 585 586 587
4 588 589 590 591
4 592 593 594 595
4 596 597 598 599
4 600 601 602 603
4 604 605 606 607
4 608 609 610 611
4 612 613 614 615
4 616 617 618 619
4 620 621 622 623
4 624 625 626 627
4 628 629 630 631
4 632 633 634 635
4 636 637 638 639
4 640 641 642 643
4 644 645 646 647
4 648 649 650 651
4 652 653 654 655
4 656 657 658 659
4 660 661 662 663
4 664 665 666 667
4 668 669 670 671
4 672 673 674 675
4 676 677 678 679
4 680 681 682 683
4 684 685 686 687
4 688 689 690 691
4 692 693 694 695
4 696 697 698 699
4 700 701 702 703
4 704 705 706 707
4 708 709 710 711
4 712 713 714 715
4 716 717 718 719
4 720 721 722 723
4 724 725 726 727
4 728 729 730 731
4 732 733 734 735
4 736 737 738 739
4 740 741 742 743
4 744 745 746 747
4 748 749 750 751
4 752 753 754 755
4 756 757 758 759
4 760 761 762 763
4 764 765 766 767
4 768 769 770 771
4 772 773 774 775
4 776 777 778 779
4 780 781 782 783
4 784 785 786 787
4 788 789 790 791
4 792 793 794 795
4 796 797 798 799
4 800 801 802 803
4 804 805 806 807
4 808 809 810 811
4 812 813 814 815
4 816 817 818 819
4 820 821 822 823
4 824 825 826 827
4 828 829 830 831
4 832 833 834 835
4 836 837 838 839
4 840 841 842 843
4 844 845 846 847
4 848 849 850 851
4 852 853 854 855
4 856 857 858 859
4 860 861 862 863
4 864 865 866 867
4 868 869 870 871
4 872 873 874 875
4 876 877 878 879
4 880 881 882 883
4 884 885 886 887
4 888 889 890 891
4 892 893 894 895
4 896 897 898 899
4 900 901 902 903
4 904 905 906 907
4 908 909 910 911
4 912 913 914 915
4 916 917 918 919
4 920 921 922 923
4 924 925 926 927
4 928 929 930 931
4 932 933 934 935
4 936 937 938 939
4 940 941 942 943
4 944 945 946 947
4 948 949 950 951
4 952 953 954 955
4 956 957 958 959
4 960 961 962 963
4 964 965 966 967
4 968 969 970 971
4 972 973 974 975
4 976 977 978 979
4 980 981 982 983
4 984 985 986 987
4 988 989 990 991
4 992 993 994 995
4 996 997 998 999
4 1000 1001 1002 1003
4 1004 1005 1006 1007
4 1008 1009 1010 1011
4 1012 1013 1014 1015
4 1016 1017 1018 1019
4 1020 1021 1022 1023
4 1024 1025 1026 1027
4 1028 1029 1030 1031
4 1032 1033 1034 1035
4 1036 1037 1038 1039
4 1040 1041 1042 1043
4 1044 1045 1046 1047
4 1048 1049 1050 1051
4 1052 1053 1054 1055
4 1056 1057 1058 1059
4 1060 1061 1062 1063
4 1064 1065 1066 1067
4 1068 1069 1070 1071
4 1072 1073 1074 1075
4 1076 1077 1078 1079
4 1080 1081 1082 1083
4 1084 1085 1086 1087
4 1088 1089 1090 1091
4 1092 1093 1094 1095
4 1096 1097 1098 1099
4 1100 1101 1102 1103
4 1104 1105 1106 1107
4 1108 1109 1110 1111
4 1112 1113 1114 1115
4 1116 1117 1118 1119
4 1120 1121 1122 1123
4 1124 1125 1126 1127
4 1128 1129 1130 1131
4 1132 1133 1134 1135
4 1136 1137 1138 1139
4 1140 1141 1142 1143
4 1144 1145 1146 1147
4 1148 1149 1150 1151
4 1152 1153 1154 1155
4 1156 1157 1158 1159
4 1160 1161 1162 1163
4 1164 1165 1166 1167
4 1168 1169 1170 1171
4 1172 1173 1174 1175
4 1176 1177 1178 1179
4 1180 1181 1182 1183
4 1184 1185 1186 1187
4 1188 1189 1190 1191
4 1192 1193 1194 1195
4 1196 1197 1198 1199
4 1200 1201 1202 1203
4 1204 1205 1206 1207
4 1208 1209 1210 1211
4 1212 1213 1214 1215
4 1216 1217 1218 1219
4 1220 1221 1222 1223
4 1224 1225 1226 1227
4 1228 1229 1230 1231
4 1232 1233 1234 1235
4 1236 1237 1238 1239
4 1240 1241 1242 1243
4 1244 1245 1246 1247
4 1248 1249 1250 1251
4 1252 1253 1254 1255
4 1256 1257 1258 1259
4 1260 1261 1262 1263
4 1264 1265 1266 1267
4 1268 1269 1270 1271
4 1272 1273 1274 1275
4 1276 1277 1278 1279
4 1280 1281 1282 1283
4 1284 1285 1286 1287
4 1288 1289 1290 1291
4 1292 1293 1294 1295
4 1296 1297 1298 1299
4 1300 1301 1302 1303
4 1304 1305 1306 1307
4 1308 1309 1310 1311
4 1312 1313 1314 1315
4 1316 1317 1318 1319
4 1320 1321 1322 1323
4 1324 1325 1326 1327
4 1328 1329 1330 1331
4 1332 1333 1334 1335
4 1336 1337 1338 1339
4 1340 1341 1342 1343
4 1344 1345 1346 1347
4 1348 1349 1350 1351
4 1352 1353 1354 1355
4 1356 1357 1358 1359
4 1360 1361 1362 1363
4 1364 1365 1366 1367
4 1368 1369 1370 1371
4 1372 1373 1374 1375
4 1376 1377 1378 1379
4 1380 1381 1382 1383
4 1384 1385 1386 1387
4 1388 1389 1390 1391
4 1392 1393 1394 1395
4 1396 1397 1398 1399
4 1400 1401 1402 1403
4 1404 1405 1406 1407
4 1408 1409 1410 1411
4 1412 1413 1414 1415
4 1416 1417 1418 1419
4 1420 1421 1422 1423
4 1424 1425 1426 1427
4 1428 1429 1430 1431
4 1432 1433 1434 1435
4 1436 1437 1438 1439
4 1440 1441 1442 1443
4 1444 1445 1446 1447
4 1448 1449 1450 1451
4 1452 1453 1454 1455
4 1456 1457 1458 1459
4 1460 1461 1462 1463
4 1464 1465 1466 1467
4 1468 1469 1470 1471
4 1472 1473 1474 1475
4 1476 1477 1478 1479
4 1480 1481 1482 1483
4 1484 1485 1486 1487
4 1488 1489 1490 1491
4 1492 1493 1494 1495
4 1496 1497 1498 1499
4 1500 1501 1502 1503
4 1504 1505 1506 1507
4 1508 1509 1510 1511
4 1512 1513 1514 1515
4 1516 1517 1518 1519
4 1520 1521 1522 1523
4 1524 1525 1526 1527
4 1528 1529 1530 1531
4 1532 1533 1534 1535
4 1536 1537 1538 1539
4 1540 1541 1542 1543
4 1544 1545 1546 1547
4 1548 1549 1550 1551
4 1552 1553 1554 1555
4 1556 1557 1558 1559
4 1560 1561 1562 1563
4 1564 1565 1566 1567
4 1568 1569 1570 1571
4 1572 1573 1574 1575
4 1576 1577 1578 1579
4 1580 1581 1582 1583
4 1584 1585 1586 1587
4 1588 1589 1590 1591
4 1592 1593 1594 1595
4 1596 1597 1598 1599
4 1600 1601 1602 1603
4 1604 1605 1606 1607
4 1608 1609 1610 1611
4 1612 1613 1614 1615
4 1616 1617 1618 1619
4 1620 1621 1622 1623
4 1624 1625 1626 1627
4 1628 1629 1630 1631
4 1632 1633 1634 1635
4 1636 1637 1638 1639
4 1640 1641 1642 1643
4 1644 1645 1646 1647
4 1648 1649 1650 1651
4 1652 1653 1654 1655
4 1656 1657 1658 1659
4 1660 1661 1662 1663
4 1664 1665 1666 1667
4 1668 1669 1670 1671
4 1672 1673 1674 1675
4 1676 1677 1678 1679
4 1680 1681 1682 1683
4 1684 1685 1686 1687
4 1688 1689 1690 1691
4 1692 1693 1694 1695
4 1696 1697 1698 1699
4 1700 1701 1702 1703
4 1704 1705 1706 1707
4 1708 1709 1710 1711
4 1712 1713 1714 1715
4 1716 1717 1718 1719
4 1720 1721 1722 1723
4 1724 1725 1726 1727
4 1728 1729 1730 1731
4 1732 1733 1734 1735
4 1736 1737 1738 1739
4 1740 1741 1742 1743
4 1744 1745 1746 1747
4 1748 1749 1750 1751
4 1752 1753 1754 1755
4 1756 1757 1758 1759
4 1760 1761 1762 1763
4 1764 1765 1766 1767
4 1768 1769 1770 1771
4 1772 1773 1774 1775
4 1776 1777 1778 1779
4 1780 1781 1782 1783
4 1784 1785 1786 1787
4 1788 1789 1790 1791
4 1792 1793 1794 1795
4 1796 1797 1798 1799
4 1800 1801 1802 1803
4 1804 1805 1806 1807
4 1808 1809 1810 1811
4 1812 1813 1814 1815
4 1816 1817 1818 1819
4 1820 1821 1822 1823
4 1824 1825 1826 1827
4 1828 1829 1830 1831
4 1832 1833 1834 1835
4 1836 1837 1838 1839
4 1840 1841 1842 1843
4 1844 1845 1846 1847
4 1848 1849 1850 1851
4 1852 1853 1854 1855
4 1856 1857 1858 1859
4 1860 1861 1862 1863
4 1864 1865 1866 1867
4 1868 1869 1870 1871
4 1872 1873 1874 1875
4 1876 1877 1878 1879
4 1880 1881 1882 1883
4 1884 1885 1886 1887
4 1888 1889 1890 1891
4 1892 1893 1894 1895
4 1896 1897 1898 1899
4 1900 1901 1902 1903
4 1904 1905 1906 1907
4 1908 1909 1910 1911
4 1912 1913 1914 1915
4 1916 1917 1918 1919
4 1920 1921 1922 1923
4 1924 1925 1926 1927
4 1928 1929 1930 1931
4 1932 1933 1934 1935
4 1936 1937 1938 1939
4 1940 1941 1942 1943
4 1944 1945 1946 1947
4 1948 1949 1950 1951
4 1952 1953 1954 1955
4 1956 1957 1958 1959
4 1960 1961 1962 1963
4 1964 1965 1966 1967
4 1968 1969 1970 1971
4 1972 1973 1974 1975
4 1976 1977 1978 1979
4 1980 1981 1982 1983
4 1984 1985 1986 1987
4 1988 1989 1990 1991
4 1992 1993 1994 1995
4 1996 1997 1998 1999
4 2000 2001 2002 2003
4 2004 2005 2006 2007
4 2008 2009 2010 2011
4 2012 2013 2014 2015
4 2016 2017 2018 2019
4 2020 2021 2022 2023
4 2024 2025 2026 2027
4 2028 2029 2030 2031
4 2032 2033 2034 2035
4 2036 2037 2038 2039
4 2040 2041 2042 2043
4 2044 2045 2046 2047
4 2048 2049 2050 2051
4 2052 2053 2054 2055
4 2056 2057 2058 2059
4 2060 2061 2062 2063
4 2064 2065 2066 2067
4 2068 2069 2070 2071
4 2072 2073 2074 2075
4 2076 2077 2078 2079
4 2080 2081 2082 2083
4 2084 2085 2086 2087
4 2088 2089 2090 2091
4 2092 2093 2094 2095
4 2096 2097 2098 2099
4 2100 2101 2102 2103
4 2104 2105 2106 2107
4 2108 2109 2110 2111
4 2112 2113 2114 2115
4 2116 2117 2118 2119
4 2120 2121 2122 2123
4 2124 2125 2126 2127
4 2128 2129 2130 2131
4 2132 2133 2134 2135
4 2136 2137 2138 2139
4 2140 2141 2142 2143
4 2144 2145 2146 2147
4 2148 2149 2150 2151
4 2152 2153 2154 2155
4 2156 2157 2158 2159
4 2160 2161 2162 2163
4 2164 2165 2166 2167
4 2168 2169 2170 2171
4 2172 2173 2174 2175
4 2176 2177 2178 2179
4 2180 2181 2182 2183
4 2184 2185 2186 2187
4 2188 2189 2190 2191
4 2192 2193 2194 2195
4 2196 2197 2198 2199
4 2200 2201 2202 2203
4 2204 2205 2206 2207
4 2208 2209 2210 2211
4 2212 2213 2214 2215
4 2216 2217 2218 2219
4 2220 2221 2222 2223
4 2224 2225 2226 2227
4 2228 2229 2230 2231
4 2232 2233 2234 2235
4 2236 2237 2238 2239
4 2240 2241 2242 2243
4 2244 2245 2246 2247
4 2248 2249 2250 2251
4 2252 2253 2254 2255
4 2256 2257 2258 2259
4 2260 2261 2262 2263
4 2264 2265 2266 2267
4 2268 2269 2270 2271
4 2272 2273 2274 2275
4 2276 2277 2278 2279
4 2280 2281 2282 2283
4 2284 2285 2286 2287
4 2288 2289 2290 2291
4 2292 2293 2294 2295
4 2296 2297 2298 2299
4 2300 2301 2302 2303
4 2304 2305 2306 2307
4 2308 2309 2310 2311
4 2312 2313 2314 2315
4 2316 2317 2318 2319
4 2320 2321 2322 2323
4 2324 2325 2326 2327
4 2328 2329 2330 2331
4 2332 2333 2334 2335
4 2336 2337 2338 2339
4 2340 2341 2342 2343
4 2344 2345 2346 2347
4 2348 2349 2350 2351
4 2352 2353 2354 2355
4 2356 2357 2358 2359
4 2360 2361 2362 2363
4 2364 2365 2366 2367
4 2368 2369 2370 2371
4 2372 2373 2374 2375
4 2376 2377 2378 2379
4 2380 2381 2382 2383
4 2384 2385 2386 2387
4 2388 2389 2390 2391
4 2392 2393 2394 2395
4 2396 2397 2398 2399
4 2400 2401 2402 2403
4 2404 2405 2406 2407
4 2408 2409 2410 2411
4 2412 2413 2414 2415
4 2416 2417 2418 2419
4 2420 2421 2422 2423
4 2424 2425 2426 2427
4 2428 2429 2430 2431
4 2432 2433 2434 2435
4 2436 2437 2438 2439
4 2440 2441 2442 2443
4 2444 2445 2446 2447
4 2448 2449 2450 2451
4 2452 2453 2454 2455
4 2456 2457 2458 2459
4 2460 2461 2462 2463
4 2464 2465 2466 2467
4 2468 2469 2470 2471
4 2472 2473 2474 2475
4 2476 2477 2478 2479
4 2480 2481 2482 2483
4 2484 2485 2486 2487
4 2488 2489 2490 2491
4 2492 2493 2494 2495
4 2496 2497 2498 2499
4 2500 2501 2502 2503
4 2504 2505 2506 2507
4 2508 2509 2510 2511
4 2512 2513 2514 2515
4 2516 2517 2518 2519
4 2520 2521 2522 2523
4 2524 2525 2526 2527
4 2528 2529 2530 2531
4 2532 2533 2534 2535
4 2536 2537 2538 2539
4 2540 2541 2542 2543
4 2544 2545 2546 2547
4 2548 2549 2550 2551
4 2552 2553 2554 2555
4 2556 2557 2558 2559
4 2560 2561 2562 2563
4 2564 2565 2566 2567
4 2568 2569 2570 2571
4 2572 2573 2574 2575
4 2576 2577 2578 2579
4 2580 2581 2582 2583
4 2584 2585 2586 2587
4 2588 2589 2590 2591
4 2592 2593 2594 2595
4 2596 2597 2598 2599
4 2600 2601 2602 2603
4 2604 2605 2606 2607
4 2608 2609 2610 2611
4 2612 2613 2614 2615
4 2616 2617 2618 2619
4 2620 2621 2622 2623
4 2624 2625 2626 2627
4 2628 2629 2630 2631
4 2632 2633 2634 2635
4 2636 2637 2638 2639
4 2640 2641 2642 2643
4 2644 2645 2646 2647
4 2648 2649 2650 2651
4 2652 2653 2654 2655
4 2656 2657 2658 2659
4 2660 2661 2662 2663
4 2664 2665 2666 2667
4 2668 2669 2670 2671
4 2672 2673 2674 2675
4 2676 2677 2678 2679
4 2680 2681 2682 2683
4 2684 2685 2686 2687
4 2688 2689 2690 2691
4 2692 2693 2694 2695
4 2696 2697 2698 2699
4 2700 2701 2702 2703
4 2704 2705 2706 2707
4 2708 2709 2710 2711
4 2712 2713 2714 2715
4 2716 2717 2718 2719
4 2720 2721 2722 2723
4 2724 2725 2726 2727
4 2728 2729 2730 2731
4 2732 2733 2734 2735
4 2736 2737 2738 2739
4 2740 2741 2742 2743
4 2744 2745 2746 2747
4 2748 2749 2750 2751
4 2752 2753 2754 2755
4 2756 2757 2758 2759
4 2760 2761 2762 2763
4 2764 2765 2766 2767
4 2768 2769 2770 2771
4 2772 2773 2774 2775
4 2776 2777 2778 2779
4 2780 2781 2782 2783
4 2784 2785 2786 2787
4 2788 2789 2790 2791
4 2792 2793 2794 2795
4 2796 2797 2798 2799
4 2800 2801 2802 2803
4 2804 2805 2806 2807
4 2808 2809 2810 2811
4 2812 2813 2814 2815
4 2816 2817 2818 2819
4 2820 2821 2822 2823
4 2824 2825 2826 2827
4 2828 2829 2830 2831
4 2832 2833 2834 2835
4 2836 2837 2838 2839
4 2840 2841 2842 2843
4 2844 2845 2846 2847
4 2848 2849 2850 2851
4 2852 2853 2854 2855
4 2856 2857 2858 2859
4 2860 2861 2862 2863
4 2864 2865 2866 2867
4 2868 2869 2870 2871
4 2872 2873 2874 2875
4 2876 2877 2878 2879
4 2880 2881 2882 2883
4 2884 2885 2886 2887
4 2888 2889 2890 2891
4 2892 2893 2894 2895
4 2896 2897 2898 2899
4 2900 2901 2902 2903
4 2904 2905 2906 2907
4 2908 2909 2910 2911
4 2912 2913 2914 2915
4 2916 2917 2918 2919
4 2920 2921 2922 2923
4 2924 2925 2926 2927
4 2928 2929 2930 2931
4 2932 2933 2934 2935
4 2936 2937 2938 2939
4 2940 2941 2942 2943
4 2944 2945 2946 2947
4 2948 2949 2950 2951
4 2952 2953 2954 2955
4 2956 2957 2958 2959
4 2960 2961 2962 2963
4 2964 2965 2966 2967
4 2968 2969 2970 2971
4 2972 2973 2974 2975
4 2976 2977 2978 2979
4 2980 2981 2982 2983
4 2984 2985 2986 2987
4 2988 2989 2990 2991
4 2992 2993 2994 2995
4 2996 2997 2998 2999
4 3000 3001 3002 3003
4 3004 3005 3006 3007
4 3008 3009 3010 3011
4 3012 3013 3014 3015
4 3016 3017 3018 3019
4 3020 3021 3022 3023
4 3024 3025 3026 3027
4 3028 3029 3030 3031
4 3032 3033 3034 3035
4 3036 3037 3038 3039
4 3040 3041 3042 3043
4 3044 3045 3046 3047
4 3048 3049 3050 3051
4 3052 3053 3054 3055
4 3056 3057 3058 3059
4 3060 3061 3062 3063
4 3064 3065 3066 3067
4 3068 3069 3070 3071
4 3072 3073 3074 3075
4 3076 3077 3078 3079
4 3080 3081 3082 3083
4 3084 3085 3086 3087
4 3088 3089 3090 3091
4 3092 3093 3094 3095
4 3096 3097 3098 3099
4 3100 3101 3102 3103
4 3104 3105 3106 3107
4 3108 3109 3110 3111
4 3112 3113 3114 3115
4 3116 3117 3118 3119
4 3120 3121 3122 3123
4 3124 3125 3126 3127
4 3128 3129 3130 3131
4 3132 3133 3134 3135
4 3136 3137 3138 3139
4 3140 3141 3142 3143
4 3144 3145 3146 3147
4 3148 3149 3150 3151
4 3152 3153 3154 3155
4 3156 3157 3158 3159
4 3160 3161 3162 3163
4 3164 3165 3166 3167
4 3168 3169 3170 3171
4 3172 3173 3174 3175
4 3176 3177 3178 3179
4 3180 3181 3182 3183
4 3184 3185 3186 3187
4 3188 3189 3190 3191
4 3192 3193 3194 3195
4 3196 3197 3198 3199
4 3200 3201 3202 3203
4 3204 3205 3206 3207
4 3208 3209 3210 3211
4 3212 3213 3214 3215
4 3216 3217 3218 3219
4 3220 3221 3222 3223
4 3224 3225 3226 3227
4 3228 3229 3230 3231
4 3232 3233 3234 3235
4 3236 3237 3238 3239
4 3240 3241 3242 3243
4 3244 3245 3246 3247
4 3248 3249 3250 3251
4 3252 3253 3254 3255
4 3256 3257 3258 3259
4 3260 3261 3262 3263
4 3264 3265 3266 3267
4 3268 3269 3270 3271
4 3272 3273 3274 3275
4 3276 3277 3278 3279
4 3280 3281 3282 3283
4 3284 3285 3286 3287
4 3288 3289 3290 3291
4 3292 3293 3294 3295
4 3296 3297 3298 3299
4 3300 3301 3302 3303
4 3304 3305 3306 3307
4 3308 3309 3310 3311
4 3312 3313 3314 3315
4 3316 3317 3318 3319
4 3320 3321 3322 3323
4 3324 3325 3326 3327
4 3328 3329 3330 3331
4 3332 3333 3334 3335
4 3336 3337 3338 3339
4 3340 3341 3342 3343
4 3344 3345 3346 3347
4 3348 3349 3350 3351
4 3352 3353 3354 3355
4 3356 3357 3358 3359
4 3360 3361 3362 3363
4 3364 3365 3366 3367
4 3368 3369 3370 3371
4 3372 3373 3374 3375
4 3376 3377 3378 3379
4 3380 3381 3382 3383
4 3384 3385 3386 3387
4 3388 3389 3390 3391
4 3392 3393 3394 3395
4 3396 3397 3398 3399
4 3400 3401 3402 3403
4 3404 3405 3406 3407
4 3408 3409 3410 3411
4 3412 3413 3414 3415
4 3416 3417 3418 3419
4 3420 3421 3422 3423
4 3424 3425 3426 3427
4 3428 3429 3430 3431
4 3432 3433 3434 3435
4 3436 3437 3438 3439
4 3440 3441 3442 3443
4 3444 3445 3446 3447
4 3448 3449 3450 3451
4 3452 3453 3454 3455
4 3456 3457 3458 3459
4 3460 3461 3462 3463
4 3464 3465 3466 3467
4 3468 3469 3470 3471
4 3472 3473 3474 3475
4 3476 3477 3478 3479
4 3480 3481 3482 3483
4 3484 3485 3486 3487
4 3488 3489 3490 3491
4 3492 3493 3494 3495
4 3496 3497 3498 3499
4 3500 3501 3502 3503
4 3504 3505 3506 3507
4 3508 3509 3510 3511
4 3512 3513 3514 3515
4 3516 3517 3518 3519
4 3520 3521 3522 3523
4 3524 3525 3526 3527
4 3528 3529 3530 3531
4 3532 3533 3534 3535
4 3536 3537 3538 3539
4 3540 3541 3542 3543
4 3544 3545 3546 3547
4 3548 3549 3550 3551
4 3552 3553 3554 3555
4 3556 3557 3558 3559
4 3560 3561 3562 3563
4 3564 3565 3566 3567
4 3568 3569 3570 3571
4 3572 3573 3574 3575
4 3576 3577 3578 3579
4 3580 3581 3582 3583
4 3584 3585 3586 3587
4 3588 3589 3590 3591
4 3592 3593 3594 3595
4 3596 3597 3598 3599
4 3600 3601 3602 3603
4 3604 3605 3606 3607
4 3608 3609 3610 3611
4 3612 3613 3614 3615
4 3616 3617 3618 3619
4 3620 3621 3622 3623
4 3624 3625 3626 3627
4 3628 3629 3630 3631
4 3632 3633 3634 3635
4 3636 3637 3638 3639
4 3640 3641 3642 3643
4 3644 3645 3646 3647
4 3648 3649 3650 3651
4 3652 3653 3654 3655
4 3656 3657 3658 3659
4 3660 3661 3662 3663
4 3664 3665 3666 3667
4 3668 3669 3670 3671
4 3672 3673 3674 3675
4 3676 3677 3678 3679
4 3680 3681 3682 3683
4 3684 3685 3686 3687
4 3688 3689 3690 3691
4 3692 3693 3694 3695
CELL_TYPES 924
9
9
9
9
9
9
9
9
9
9
9
9
9
9
9
9
9
9
9
9
9
9
9
9
9
9
9
9
9
9
9
9
9
9
9
9
9
9
9
9
9
9
9
9
9
9
9
9
9
9
9
9
9
9
9
9
9
9
9
9
9
9
9
9
9
9
9
9
9
9
9
9
9
9
9
9
9
9
9
9
9
9
9
9
9
9
9
9
9
9
9
9
9
9
9
9
9
9
9
9
9
9
9
9
9
9
9
9
9
9
9
9
9
9
9
9
9
9
9
9
9
9
9
9
9
9
9
9
9
9
9
9
9
9
9
9
9
9
9
9
9
9
9
9
9
9
9
9
9
9
9
9
9
9
9
9
9
9
9
9
9
9
9
9
9
9
9
9
9
9
9
9
9
9
9
9
9
9
9
9
9
9
9
9
9
9
9
9
9
9
9
9
9
9
9
9
9
9
9
9
9
9
9
9
9
9
9
9
9
9
9
9
9
9
9
9
9
9
9
9
9
9
9
9
9
9
9
9
9
9
9
9
9
9
9
9
9
9
9
9
9
9
9
9
9
9
9
9
9
9
9
9
9
9
9
9
9
9
9
9
9
9
9
9
9
9
9
9
9
9
9
9
9
9
9
9
9
9
9
9
9
9
9
9
9
9
9
9
9
9
9
9
9
9
9
9
9
9
9
9
9
9
9
9
9
9
9
9
9
9
9
9
9
9
9
9
9
9
9
9
9
9
9
9
9
9
9
9
9
9
9
9
9
9
9
9
9
9
9
9
9
9
9
9
9
9
9
9
9
9
9
9
9
9
9
9
9
9
9
9
9
9
9
9
9
9
9
9
9
9
9
9
9
9
9
9
9
9
9
9
9
9
9
9
9
9
9
9
9
9
9
9
9
9
9
9
9
9
9
9
9
9
9
9
9
9
9
9
9
9
9
9
9
9
9
9
9
9
9
9
9
9
9
9
9
9
9
9
9
9
9
9
9
9
9
9
9
9
9
9
9
9
9
9
9
9
9
9
9
9
9
9
9
9
9
9
9
9
9
9
9
9
9
9
9
9
9
9
9
9
9
9
9
9
9
9
9
9
9
9
9
9
9
9
9
9
9
9
9
9
9
9
9
9
9
9
9
9
9
9
9
9
9
9
9
9
9
9
9
9
9
9
9
9
9
9
9
9
9
9
9
9
9
9
9
9
9
9
9
9
9
9
9
9
9
9
9
9
9
9
9
9
9
9
9
9
9
9
9
9
9
9
9
9
9
9
9
9
9
9
9
9
9
9
9
9
9
9
9
9
9
9
9
9
9
9
9
9
9
9
9
9
9
9
9
9
9
9
9
9
9
9
9
9
9
9
9
9
9
9
9
9
9
9
9
9
9
9
9
9
9
9
9
9
9
9
9
9
9
9
9
9
9
9
9
9
9
9
9
9
9
9
9
9
9
9
9
9
9
9
9
9
9
9
9
9
9
9
9
9
9
9
9
9
9
9
9
9
9
9
9
9
9
9
9
9
9
9
9
9
9
9
9
9
9
9
9
9
9
9
9
9
9
9
9
9
9
9
9
9
9
9
9
9
9
9
9
9
9
9
9
9
9
9
9
9
9
9
9
9
9
9
9
9
9
9
9
9
9
9
9
9
9
9
9
9
9
9
9
9
9
9
9
9
9
9
9
9
9
9
9
9
9
9
9
9
9
9
9
9
9
9
9
9
9
9
9
9
9
9
9
9
9
9
9
9
9
9
9
9
9
9
9
9
9
9
9
9
9
9
9
9
9
9
9
9
9
9
9
9
9
9
9
9
9
9
9
9
9
9
9
9
9
9
9
9
9
9
9
9
9
9
9
9
9
9
9
9
9
9
9
9
9
9
9
9
9
9
9
9
9
9
9
9
9
9
9
9
9
9
9
9
9
9
9
9
9
9
9
9
9
9
9
9
9
9
9
9
9
9
9
9
9
9
9
9
9
9
9
9
9
9
9
9
9
9
9
9
9
9
9
9
9
9
9
9
9
9
9
9
9
9
9
9
9
9
9
9
9
9
9
9
9
9
9
9
9
9
9
9
9
9
9
9
9
9
9
9
9
9
9
9
9
9
CELL_DATA 924
SCALARS area double 1
LOOKUP_TABLE default
1.06146e-05
1.06875e-05
1.0718e-05
1.07889e-05
1.10438e-05
8.24196e-06
1.09172e-05
1.09875e-05
1.0865e-05
1.07535e-05
1.82013e-05
1.82919e-05
1.82964e-05
1.82842e-05
1.82324e-05
1.22908e-05
1.82647e-05
1.8319e-05
1.8306e-05
1.82904e-05
2.02791e-05
2.04752e-05
2.06224e-05
2.0743e-05
2.0574e-05
1.17046e-05
2.07291e-05
2.05178e-05
2.04378e-05
2.03854e-05
2.16776e-05
2.19439e-05
2.21933e-05
2.24462e-05
2.24081e-05
1.10206e-05
2.25729e-05
2.21959e-05
2.19935e-05
2.1849e-05
2.27764e-05
2.30094e-05
2.32115e-05
2.3426e-05
2.3436e-05
1.0557e-05
2.35805e-05
2.32693e-05
2.30839e-05
2.29489e-05
2.35832e-05
2.37898e-05
2.39533e-05
2.41347e-05
2.41755e-05
1.02314e-05
2.43022e-05
2.40441e-05
2.38767e-05
2.37532e-05
2.41377e-05
2.43233e-05
2.44559e-05
2.46095e-05
2.46707e-05
1.00307e-05
2.47757e-05
2.45625e-05
2.44135e-05
2.43025e-05
2.44373e-05
2.46081e-05
2.47194e-05
2.4854e-05
2.49312e-05
9.88289e-06
2.4987e-05
2.4814e-05
2.46864e-05
2.45912e-05
2.44329e-05
2.45914e-05
2.46862e-05
2.48063e-05
2.48981e-05
9.70145e-06
2.49024e-05
2.47635e-05
2.46558e-05
2.45754e-05
2.4235e-05
2.43812e-05
2.44596e-05
2.45621e-05
2.46511e-05
9.48111e-06
2.46332e-05
2.45233e-05
2.44348e-05
2.43685e-05
2.39545e-05
2.40889e-05
2.41522e-05
2.42369e-05
2.4316e-05
9.24876e-06
2.42974e-05
2.421e-05
2.41369e-05
2.40816e-05
2.35853e-05
2.37101e-05
2.37621e-05
2.38334e-05
2.39047e-05
9.00809e-06
2.38819e-05
2.38122e-05
2.37517e-05
2.37056e-05
2.31892e-05
2.33057e-05
2.33484e-05
2.34087e-05
2.34736e-05
8.77876e-06
2.34504e-05
2.33941e-05
2.33432e-05
2.3304e-05
2.27106e-05
2.28198e-05
2.28553e-05
2.2907e-05
2.29668e-05
8.53768e-06
2.2942e-05
2.28963e-05
2.28531e-05
2.28197e-05
2.21914e-05
2.22941e-05
2.23238e-05
2.23684e-05
2.2424e-05
8.29606e-06
2.23983e-05
2.23608e-05
2.23239e-05
2.22952e-05
2.16356e-05
2.17308e-05
2.17554e-05
2.17944e-05
2.1849e-05
8.043e-06
2.18212e-05
2.17934e-05
2.17623e-05
2.17358e-05
2.10011e-05
2.10848e-05
2.11056e-05
2.1141e-05
2.11997e-05
7.71967e-06
2.11621e-05
2.11475e-05
2.11239e-05
2.10979e-05
2.03319e-05
2.04003e-05
2.04178e-05
2.04484e-05
2.05039e-05
7.36307e-06
2.04659e-05
2.04531e-05
2.04329e-05
2.04114e-05
1.96294e-05
1.96847e-05
1.96998e-05
1.97271e-05
1.97812e-05
7.02548e-06
1.97388e-05
1.97279e-05
1.97112e-05
1.96938e-05
1.88586e-05
1.89024e-05
1.89151e-05
1.89389e-05
1.89911e-05
6.67796e-06
1.89482e-05
1.89388e-05
1.89247e-05
1.89105e-05
1.80712e-05
1.81051e-05
1.81154e-05
1.81359e-05
1.8186e-05
6.34628e-06
1.81438e-05
1.81358e-05
1.8124e-05
1.81124e-05
1.72216e-05
1.72472e-05
1.72554e-05
1.72731e-05
1.73215e-05
6.01619e-06
1.72798e-05
1.72731e-05
1.72633e-05
1.72537e-05
1.63479e-05
1.63664e-05
1.63728e-05
1.63878e-05
1.64339e-05
5.69068e-06
1.63936e-05
1.63881e-05
1.638e-05
1.63723e-05
1.54481e-05
1.54608e-05
1.54658e-05
1.54785e-05
1.55229e-05
5.36609e-06
1.54831e-05
1.54784e-05
1.54719e-05
1.54659e-05
1.44952e-05
1.45033e-05
1.45069e-05
1.45174e-05
1.45594e-05
5.02659e-06
1.45215e-05
1.45177e-05
1.45124e-05
1.45077e-05
1.35211e-05
1.35256e-05
1.3528e-05
1.35366e-05
1.35762e-05
4.6862e-06
1.35402e-05
1.35371e-05
1.35329e-05
1.35293e-05
1.25259e-05
1.25276e-05
1.2529e-05
1.25358e-05
1.25727e-05
4.34277e-06
1.25392e-05
1.25367e-05
1.25335e-05
1.25308e-05
1.14886e-05
1.14884e-05
1.14891e-05
1.14944e-05
1.15286e-05
3.98612e-06
1.14973e-05
1.14953e-05
1.1493e-05
1.1491e-05
1.04407e-05
1.04392e-05
1.04393e-05
1.04431e-05
1.04742e-05
3.62545e-06
1.0446e-05
1.04444e-05
1.04427e-05
1.04413e-05
8.98184e-06
8.9799e-06
8.97917e-06
8.98141e-06
9.008e-06
3.13108e-06
8.98435e-06
8.98304e-06
8.98187e-06
8.98108e-06
2.01738e-06
2.01647e-06
2.01602e-06
2.01695e-06
2.02748e-06
7.44277e-07
2.01748e-06
2.01706e-06
2.01668e-06
2.0165e-06
1.58918e-06
1.58779e-06
1.58707e-06
1.58841e-06
1.60285e-06
6.37006e-07
1.58863e-06
1.58812e-06
1.58765e-06
1.58745e-06
1.52431e-06
1.52206e-06
1.52087e-06
1.52292e-06
1.54449e-06
6.69326e-07
1.52279e-06
1.5221e-06
1.52147e-06
1.52124e-06
1.44676e-06
1.44341e-06
1.44156e-06
1.44431e-06
1.4745e-06
7.04584e-07
1.44397e-06
1.44305e-06
1.44218e-06
1.44189e-06
1.35439e-06
1.34951e-06
1.34678e-06
1.35055e-06
1.39222e-06
7.44717e-07
1.34971e-06
1.34852e-06
1.34739e-06
1.34705e-06
1.24384e-06
1.23674e-06
1.23261e-06
1.23757e-06
1.29485e-06
7.92617e-07
1.23634e-06
1.23475e-06
1.2332e-06
1.23278e-06
1.1085e-06
1.09807e-06
1.09189e-06
1.09868e-06
1.17878e-06
8.4899e-07
1.0967e-06
1.09454e-06
1.09243e-06
1.09188e-06
9.35444e-07
9.18657e-07
9.08501e-07
9.1865e-07
1.03932e-06
9.29778e-07
9.15319e-07
9.12088e-07
9.08906e-07
9.08151e-07
6.82079e-07
6.48404e-07
6.2712e-07
6.46201e-07
8.62255e-07
1.05997e-06
6.39738e-07
6.33497e-07
6.27223e-07
6.25783e-07
2.61531e-07
2.43473e-07
2.31753e-07
2.41741e-07
3.51687e-07
4.72854e-07
2.38261e-07
2.34983e-07
2.31656e-07
2.30917e-07
1.0664e-05
1.82585e-05
2.03132e-05
2.1703e-05
2.28084e-05
2.36205e-05
2.41789e-05
2.44797e-05
2.44753e-05
2.42786e-05
2.39997e-05
2.36308e-05
2.32347e-05
2.27554e-05
2.22351e-05
2.16764e-05
2.10334e-05
2.03533e-05
1.9643e-05
1.88666e-05
1.80751e-05
1.72226e-05
1.63469e-05
1.54457e-05
1.44919e-05
1.35174e-05
1.2522e-05
1.14849e-05
1.04372e-05
8.97862e-06
2.01601e-06
1.58708e-06
1.52091e-06
1.44161e-06
1.34683e-06
1.23264e-06
1.09187e-06
9.0834e-07
6.26465e-07
2.31326e-07
5.92532e-06
3.89433e-06
3.46144e-06
3.6777e-06
5.85861e-06
1.26479e-05
3.12164e-06
2.06413e-06
2.10796e-06
1.81282e-06
2.63468e-07
1.31771e-09
9.83332e-10
8.38339e-10
9.12295e-10
1.5459e-09
2.46283e-09
3.45969e-10
3.97612e-10
4.19539e-10
3.68022e-10
2.73868e-10
1.06146e-05
1.06875e-05
1.0718e-05
1.07889e-05
1.10438e-05
8.24196e-06
1.09172e-05
1.09875e-05
1.0865e-05
1.07535e-05
1.82013e-05
1.82919e-05
1.82964e-05
1.82842e-05
1.82324e-05
1.22908e-05
1.82647e-05
1.8319e-05
1.8306e-05
1.82904e-05
2.02791e-05
2.04752e-05
2.06224e-05
2.0743e-05
2.0574e-05
1.17046e-05
2.07291e-05
2.05178e-05
2.04378e-05
2.03854e-05
2.16776e-05
2.19439e-05
2.21933e-05
2.24462e-05
2.24081e-05
1.10206e-05
2.25729e-05
2.21959e-05
2.19935e-05
2.1849e-05
2.27764e-05
2.30094e-05
2.32115e-05
2.3426e-05
2.3436e-05
1.0557e-05
2.35805e-05
2.32693e-05
2.30839e-05
2.29489e-05
2.35832e-05
2.37898e-05
2.39533e-05
2.41347e-05
2.41755e-05
1.02314e-05
2.43022e-05
2.40441e-05
2.38767e-05
2.37532e-05
2.41377e-05
2.43233e-05
2.44559e-05
2.46095e-05
2.46707e-05
1.00307e-05
2.47757e-05
2.45625e-05
2.44135e-05
2.43025e-05
2.44373e-05
2.46081e-05
2.47194e-05
2.4854e-05
2.49312e-05
9.88289e-06
2.4987e-05
2.4814e-05
2.46864e-05
2.45912e-05
2.44329e-05
2.45914e-05
2.46862e-05
2.48063e-05
2.48981e-05
9.70145e-06
2.49024e-05
2.47635e-05
2.46558e-05
2.45754e-05
2.4235e-05
2.43812e-05
2.44596e-05
2.45621e-05
2.46511e-05
9.48111e-06
2.46332e-05
2.45233e-05
2.44348e-05
2.43685e-05
2.39545e-05
2.40889e-05
2.41522e-05
2.42369e-05
2.4316e-05
9.24876e-06
2.42974e-05
2.421e-05
2.41369e-05
2.40816e-05
2.35853e-05
2.37101e-05
2.37621e-05
2.38334e-05
2.39047e-05
9.00809e-06
2.38819e-05
2.38122e-05
2.37517e-05
2.37056e-05
2.31892e-05
2.33057e-05
2.33484e-05
2.34087e-05
2.34736e-05
8.77876e-06
2.34504e-05
2.33941e-05
2.33432e-05
2.3304e-05
2.27106e-05
2.28198e-05
2.28553e-05
2.2907e-05
2.29668e-05
8.53768e-06
2.2942e-05
2.28963e-05
2.28531e-05
2.28197e-05
2.21914e-05
2.22941e-05
2.23238e-05
2.23684e-05
2.2424e-05
8.29606e-06
2.23983e-05
2.23608e-05
2.23239e-05
2.22952e-05
2.16356e-05
2.17308e-05
2.17554e-05
2.17944e-05
2.1849e-05
8.043e-06
2.18212e-05
2.17934e-05
2.17623e-05
2.17358e-05
2.10011e-05
2.10848e-05
2.11056e-05
2.1141e-05
2.11997e-05
7.71967e-06
2.11621e-05
2.11475e-05
2.11239e-05
2.10979e-05
2.03319e-05
2.04003e-05
2.04178e-05
2.04484e-05
2.05039e-05
7.36307e-06
2.04659e-05
2.04531e-05
2.04329e-05
2.04114e-05
1.96294e-05
1.96847e-05
1.96998e-05
1.97271e-05
1.97812e-05
7.02548e-06
1.97388e-05
1.97279e-05
1.97112e-05
1.96938e-05
1.88586e-05
1.89024e-05
1.89151e-05
1.89389e-05
1.89911e-05
6.67796e-06
1.89482e-05
1.89388e-05
1.89247e-05
1.89105e-05
1.80712e-05
1.81051e-05
1.81154e-05
1.81359e-05
1.8186e-05
6.34628e-06
1.81438e-05
1.81358e-05
1.8124e-05
1.81124e-05
1.72216e-05
1.72472e-05
1.72554e-05
1.72731e-05
1.73215e-05
6.01619e-06
1.72798e-05
1.72731e-05
1.72633e-05
1.72537e-05
1.63479e-05
1.63664e-05
1.63728e-05
1.63878e-05
1.64339e-05
5.69068e-06
1.63936e-05
1.63881e-05
1.638e-05
1.63723e-05
1.54481e-05
1.54608e-05
1.54658e-05
1.54785e-05
1.55229e-05
5.36609e-06
1.54831e-05
1.54784e-05
1.54719e-05
1.54659e-05
1.44952e-05
1.45033e-05
1.45069e-05
1.45174e-05
1.45594e-05
5.02659e-06
1.45215e-05
1.45177e-05
1.45124e-05
1.45077e-05
1.35211e-05
1.35256e-05
1.3528e-05
1.35366e-05
1.35762e-05
4.6862e-06
1.35402e-05
1.35371e-05
1.35329e-05
1.35293e-05
1.25259e-05
1.25276e-05
1.2529e-05
1.25358e-05
1.25727e-05
4.34277e-06
1.25392e-05
1.25367e-05
1.25335e-05
1.25308e-05
1.14886e-05
1.14884e-05
1.14891e-05
1.14944e-05
1.15286e-05
3.98612e-06
1.14973e-05
1.14953e-05
1.1493e-05
1.1491e-05
1.04407e-05
1.04392e-05
1.04393e-05
1.04431e-05
1.04742e-05
3.62545e-06
1.0446e-05
1.04444e-05
1.04427e-05
1.04413e-05
8.98184e-06
8.9799e-06
8.97917e-06
8.98141e-06
9.008e-06
3.13108e-06
8.98435e-06
8.98304e-06
8.98187e-06
8.98108e-06
2.01738e-06
2.01647e-06
2.01602e-06
2.01695e-06
2.02748e-06
7.44277e-07
2.01748e-06
2.01706e-06
2.01668e-06
2.0165e-06
1.58918e-06
1.58779e-06
1.58707e-06
1.58841e-06
1.60285e-06
6.37006e-07
1.58863e-06
1.58812e-06
1.58765e-06
1.58745e-06
1.52431e-06
1.52206e-06
1.52087e-06
1.52292e-06
1.54449e-06
6.69326e-07
1.52279e-06
1.5221e-06
1.52147e-06
1.52124e-06
1.44676e-06
1.44341e-06
1.44156e-06
1.44431e-06
1.4745e-06
7.04584e-07
1.44397e-06
1.44305e-06
1.44218e-06
1.44189e-06
1.35439e-06
1.34951e-06
1.34678e-06
1.35055e-06
1.39222e-06
7.44717e-07
1.34971e-06
1.34852e-06
1.34739e-06
1.34705e-06
1.24384e-06
1.23674e-06
1.23261e-06
1.23757e-06
1.29485e-06
7.92617e-07
1.23634e-06
1.23475e-06
1.2332e-06
1.23278e-06
1.1085e-06
1.09807e-06
1.09189e-06
1.09868e-06
1.17878e-06
8.4899e-07
1.0967e-06
1.09454e-06
1.09243e-06
1.09188e-06
9.35444e-07
9.18657e-07
9.08501e-07
9.1865e-07
1.03932e-06
9.29778e-07
9.15319e-07
9.12088e-07
9.08906e-07
9.08151e-07
6.82079e-07
6.48404e-07
6.2712e-07
6.46201e-07
8.62255e-07
1.05997e-06
6.39738e-07
6.33497e-07
6.27223e-07
6.25783e-07
2.61531e-07
2.43473e-07
2.31753e-07
2.41741e-07
3.51687e-07
4.72854e-07
2.38261e-07
2.34983e-07
2.31656e-07
2.30917e-07
1.0664e-05
1.82585e-05
2.03132e-05
2.1703e-05
2.28084e-05
2.36205e-05
2.41789e-05
2.44797e-05
2.44753e-05
2.42786e-05
2.39997e-05
2.36308e-05
2.32347e-05
2.27554e-05
2.22351e-05
2.16764e-05
2.10334e-05
2.03533e-05
1.9643e-05
1.88666e-05
1.80751e-05
1.72226e-05
1.63469e-05
1.54457e-05
1.44919e-05
1.35174e-05
1.2522e-05
1.14849e-05
1.04372e-05
8.97862e-06
2.01601e-06
1.58708e-06
1.52091e-06
1.44161e-06
1.34683e-06
1.23264e-06
1.09187e-06
9.0834e-07
6.26465e-07
2.31326e-07
5.92532e-06
3.89433e-06
3.46144e-06
3.6777e-06
5.85861e-06
1.26479e-05
3.12164e-06
2.06413e-06
2.10796e-06
1.81282e-06
2.63468e-07
1.31771e-09
9.83332e-10
8.38339e-10
9.12295e-10
1.5459e-09
2.46283e-09
3.45969e-10
3.97612e-10
4.19539e-10
3.68022e-10
2.73868e-10
SCALARS mu double 1
LOOKUP_TABLE default
37.0078
7.32161e-11
43.6688
57.0353
60.4082
60.899
60.1736
57.6576
44.808
20.6803
49.2853
40.7547
52.333
59.8431
63.0654
63.6287
62.8911
59.845
52.8367
42.4328
53.9869
54.6411
60.414
64.975
67.6039
68.3685
67.7478
64.9786
60.2946
54.4641
57.4886
63.2678
67.8028
71.1459
73.3501
74.1099
73.6059
71.088
67.2908
62.4757
60.3749
70.5243
75.1247
77.9923
79.8783
80.4822
79.9976
77.714
74.3073
69.4263
63.0008
77.6839
82.6305
85.2344
86.8132
87.2455
86.8186
84.7982
81.6231
76.3934
68.7951
85.3678
90.4774
92.8278
94.0674
94.3209
93.9872
92.2822
89.3498
83.9532
76.7825
93.7438
98.7297
100.764
101.623
101.701
101.489
100.144
97.5288
92.2564
86.9
102.922
107.489
109.126
109.577
109.462
109.39
108.453
106.248
101.406
98.6689
112.985
116.865
118.026
118.077
117.814
117.839
117.309
115.609
111.478
112.173
123.968
126.917
127.527
127.17
126.814
126.909
126.781
125.672
122.507
127.377
135.8
137.616
137.613
136.854
136.397
136.563
136.861
136.411
134.417
143.994
148.395
148.938
148.274
147.107
146.548
146.788
147.532
147.795
147.115
160.98
161.582
160.82
159.462
157.86
157.233
157.545
158.746
159.752
160.417
177.966
175.242
173.211
171.152
169.118
168.43
168.803
170.466
172.226
174.194
195.018
189.326
186.074
183.304
180.837
180.088
180.513
182.656
185.179
188.389
211.596
203.566
199.223
195.778
192.904
192.119
192.585
195.2
198.43
202.729
227.337
217.41
212.287
208.396
205.274
204.48
204.962
207.874
211.589
216.672
242.577
231.008
225.298
221.112
217.828
217.034
217.521
220.635
224.69
230.367
257.448
244.443
238.292
233.918
230.54
229.756
230.238
233.483
237.772
243.899
271.676
257.682
251.239
246.755
243.34
242.578
243.046
246.355
250.785
257.21
285.035
270.612
264.051
259.541
256.143
255.407
255.857
259.168
263.644
270.191
297.417
283.115
276.614
272.174
268.858
268.16
268.583
271.821
276.24
282.725
308.94
295.105
288.813
284.534
281.363
280.711
281.102
284.2
288.465
294.736
319.693
306.526
300.557
296.521
293.56
292.959
293.316
296.208
300.232
306.174
329.535
317.251
311.704
307.983
305.289
304.748
305.066
307.691
311.4
316.913
338.421
327.135
322.08
318.733
316.361
315.885
316.165
318.468
321.798
326.813
346.176
335.941
331.417
328.487
326.477
326.072
326.313
328.253
331.162
335.638
352.518
343.342
339.348
336.844
335.225
334.895
335.097
336.649
339.125
343.063
357.125
348.859
345.255
343.048
341.746
341.493
341.658
342.9
345.071
348.612
359.957
351.571
347.894
345.515
343.876
343.453
343.863
345.425
347.745
351.351
362.27
353.963
350.172
347.619
345.769
345.202
345.801
347.554
350.035
353.751
364.193
356.268
352.409
349.71
347.703
347.061
347.757
349.654
352.275
356.061
365.8
358.583
354.754
351.948
349.818
349.118
349.881
351.89
354.615
358.378
367.145
360.934
357.273
354.411
352.177
351.437
352.219
354.336
357.125
360.729
368.285
363.35
360.058
357.222
354.865
354.103
354.82
357.115
359.898
363.147
369.229
365.803
363.154
360.638
358.109
357.356
357.914
360.51
362.982
365.61
369.902
368.018
366.434
364.63
362.664
362.076
362.517
364.452
366.264
367.863
370.63
369.885
369.168
368.589
368.182
368.004
368.126
368.464
369.012
369.725
373.081
372.897
372.82
372.765
372.71
372.675
372.703
372.743
372.795
372.869
36.8384
49.0641
53.6946
57.1201
59.99
62.6561
68.3798
76.2934
86.3289
98.0363
111.487
126.637
143.197
160.153
177.128
194.173
210.748
226.488
241.731
256.607
270.848
284.223
296.624
308.171
318.951
328.828
337.755
345.556
351.95
356.615
359.488
361.821
363.765
365.398
366.773
367.948
368.934
369.655
370.455
373.003
-18.5228
-19.4145
-40.6642
-55.4926
-58.2363
-59.063
-58.4475
-57.3646
-41.1722
-20.8547
-19.3953
372.969
372.929
372.861
372.806
372.788
372.777
372.77
372.777
372.846
372.925
372.949
71.7367
8.54959e-11
77.506
100.379
106.095
107.102
106.019
101.842
79.9672
38.0566
96.7177
74.2238
92.7705
105.135
110.468
111.586
110.517
105.59
94.176
77.7521
107.564
99.3196
106.773
113.661
117.818
119.21
118.331
114.073
107.085
99.566
115.191
114.344
119.073
123.592
126.894
128.233
127.53
123.843
118.688
113.539
120.087
126.234
130.734
134.262
136.943
138.009
137.33
134.124
129.829
124.918
123.916
137.342
142.246
145.238
147.374
148.159
147.56
144.831
141.032
135.725
131.991
148.821
153.936
156.481
158.066
158.57
158.102
155.893
152.54
147.022
143.588
161.051
165.955
168.002
169.005
169.232
168.928
167.292
164.458
159.161
158.456
174.233
178.48
179.931
180.335
180.291
180.171
179.141
176.941
172.328
175.576
188.486
191.674
192.433
192.27
192.024
192.024
191.582
190.132
186.626
195.244
203.829
205.605
205.584
204.881
204.48
204.566
204.696
204.1
202.064
216.783
220.087
220.209
219.344
218.106
217.571
217.743
218.448
218.778
218.459
239.544
237.069
235.43
233.684
231.916
231.259
231.516
232.802
234.094
235.601
261.911
254.488
251.149
248.531
246.242
245.484
245.82
247.677
249.923
253.188
283.712
272.164
267.275
263.816
261.023
260.178
260.584
262.998
266.162
271.022
304.839
290
283.742
279.47
276.172
275.257
275.722
278.695
282.738
288.995
324.438
307.637
300.308
295.326
291.563
290.604
291.107
294.603
299.406
306.737
342.225
324.407
316.5
311.13
307.119
306.146
306.656
310.445
315.682
323.597
358.852
340.54
332.355
326.799
322.666
321.696
322.2
326.147
331.608
339.801
374.627
356.2
347.944
342.338
338.173
337.22
337.709
341.717
347.253
355.516
389.473
371.401
363.245
357.696
353.573
352.651
353.114
357.099
362.599
370.76
403.611
386.14
378.211
372.805
368.785
367.9
368.335
372.232
377.603
385.531
417.094
400.388
392.783
387.595
383.74
382.904
383.304
387.045
392.208
399.807
429.932
414.098
406.89
401.98
398.342
397.563
397.925
401.454
406.346
413.542
442.105
427.222
420.468
415.89
412.521
411.806
412.129
415.392
419.955
426.69
453.506
439.635
433.384
429.186
426.137
425.492
425.774
428.721
432.904
439.129
463.966
451.162
445.455
441.683
439.002
438.434
438.676
441.256
445.011
450.683
473.231
461.511
456.373
453.06
450.789
450.303
450.507
452.679
455.969
461.063
480.938
470.275
465.695
462.849
461.019
460.622
460.788
462.525
465.34
469.865
486.417
476.8
472.654
470.138
468.668
468.364
468.494
469.882
472.357
476.439
489.826
480.026
475.777
473.045
471.171
470.67
471.095
472.869
475.532
479.707
492.622
482.874
478.474
475.527
473.396
472.727
473.378
475.386
478.25
482.571
494.945
485.621
481.124
477.993
475.67
474.912
475.683
477.868
480.908
485.328
496.888
488.379
483.901
480.633
478.157
477.33
478.185
480.511
483.686
488.093
498.514
491.18
486.886
483.54
480.933
480.057
480.941
483.404
486.665
490.9
499.892
494.057
490.187
486.86
484.098
483.194
484.009
486.693
489.96
493.785
501.032
496.98
493.859
490.899
487.924
487.029
487.664
490.715
493.624
496.726
501.822
499.619
497.754
495.627
493.306
492.606
493.11
495.392
497.531
499.419
502.749
501.866
501.014
500.327
499.844
499.63
499.765
500.166
500.817
501.667
505.718
505.501
505.41
505.345
505.28
505.237
505.268
505.315
505.376
505.465
71.2834
96.1818
106.925
114.45
119.374
123.32
131.345
142.853
157.608
174.652
194.242
215.708
238.404
260.748
282.549
303.677
323.281
341.075
357.714
373.505
388.379
402.549
416.068
428.946
441.163
452.61
463.121
472.442
480.209
485.763
489.227
492.05
494.402
496.378
498.043
499.468
500.663
501.521
502.536
505.624
-34.21
-35.2852
-72.3757
-97.8306
-102.526
-103.98
-103.009
-101.216
-73.4797
-38.2234
-35.7214
505.585
505.537
505.458
505.392
505.371
505.357
505.348
505.356
505.438
505.531
505.56
