# vtk DataFile Version 3.0
Rotor blade panels
ASCII
DATASET UNSTRUCTURED_GRID
POINTS 3696 double
1.53634 1.08648 1.07545
1.54073 1.08753 1.07472
1.54081 1.08609 1.07188
1.53631 1.08485 1.07274
1.54073 1.08753 1.07472
1.54489 1.08914 1.07361
1.54505 1.0879 1.07063
1.54081 1.08609 1.07188
1.54489 1.08914 1.07361
1.54889 1.09102 1.07231
1.54909 1.08999 1.06919
1.54505 1.0879 1.07063
1.54889 1.09102 1.07231
1.55255 1.09331 1.07073
1.55278 1.09248 1.06747
1.54909 1.08999 1.06919
1.55255 1.09331 1.07073
1.55504 1.09642 1.06858
1.55533 1.09574 1.06522
1.55278 1.09248 1.06747
1.55504 1.09642 1.06858
1.553 1.09928 1.06661
1.55319 1.09855 1.06328
1.55533 1.09574 1.06522
1.553 1.09928 1.06661
1.5492 1.09727 1.06799
1.54938 1.09627 1.06485
1.55319 1.09855 1.06328
1.5492 1.09727 1.06799
1.54611 1.09447 1.06993
1.54624 1.09331 1.0669
1.54938 1.09627 1.06485
1.54611 1.09447 1.06993
1.54305 1.09164 1.07188
1.54313 1.09033 1.06895
1.54624 1.09331 1.0669
1.54305 1.09164 1.07188
1.53986 1.08892 1.07376
1.53988 1.08746 1.07094
1.54313 1.09033 1.06895
1.53631 1.08485 1.07274
1.54081 1.08609 1.07188
1.54083 1.08384 1.06739
1.5362 1.08227 1.06847
1.54081 1.08609 1.07188
1.54505 1.0879 1.07063
1.54513 1.08597 1.06591
1.54083 1.08384 1.06739
1.54505 1.0879 1.07063
1.54909 1.08999 1.06919
1.54921 1.08839 1.06425
1.54513 1.08597 1.06591
1.54909 1.08999 1.06919
1.55278 1.09248 1.06747
1.55289 1.0912 1.06231
1.54921 1.08839 1.06425
1.55278 1.09248 1.06747
1.55533 1.09574 1.06522
1.55546 1.09471 1.05989
1.55289 1.0912 1.06231
1.55533 1.09574 1.06522
1.55319 1.09855 1.06328
1.55318 1.09739 1.05803
1.55546 1.09471 1.05989
1.55319 1.09855 1.06328
1.54938 1.09627 1.06485
1.54942 1.0947 1.05989
1.55318 1.09739 1.05803
1.54938 1.09627 1.06485
1.54624 1.09331 1.0669
1.54626 1.09149 1.06211
1.54942 1.0947 1.05989
1.54624 1.09331 1.0669
1.54313 1.09033 1.06895
1.54311 1.08826 1.06434
1.54626 1.09149 1.06211
1.54313 1.09033 1.06895
1.53988 1.08746 1.07094
1.53982 1.08514 1.06649
1.54311 1.08826 1.06434
1.5362 1.08227 1.06847
1.54083 1.08384 1.06739
1.54069 1.08154 1.0628
1.53601 1.07961 1.06413
1.54083 1.08384 1.06739
1.54513 1.08597 1.06591
1.545 1.08402 1.06109
1.54069 1.08154 1.0628
1.54513 1.08597 1.06591
1.54921 1.08839 1.06425
1.54905 1.08678 1.05918
1.545 1.08402 1.06109
1.54921 1.08839 1.06425
1.55289 1.0912 1.06231
1.55268 1.08991 1.05702
1.54905 1.08678 1.05918
1.55289 1.0912 1.06231
1.55546 1.09471 1.05989
1.55519 1.09367 1.05442
1.55268 1.08991 1.05702
1.55546 1.09471 1.05989
1.55318 1.09739 1.05803
1.55278 1.09619 1.05268
1.55519 1.09367 1.05442
1.55318 1.09739 1.05803
1.54942 1.0947 1.05989
1.54913 1.09311 1.05481
1.55278 1.09619 1.05268
1.54942 1.0947 1.05989
1.54626 1.09149 1.06211
1.54601 1.08963 1.05722
1.54913 1.09311 1.05481
1.54626 1.09149 1.06211
1.54311 1.08826 1.06434
1.54289 1.08614 1.05962
1.54601 1.08963 1.05722
1.54311 1.08826 1.06434
1.53982 1.08514 1.06649
1.53961 1.08275 1.06196
1.54289 1.08614 1.05962
1.53601 1.07961 1.06413
1.54069 1.08154 1.0628
1.54046 1.07918 1.05825
1.53577 1.0769 1.05982
1.54069 1.08154 1.0628
1.545 1.08402 1.06109
1.54473 1.08199 1.05631
1.54046 1.07918 1.05825
1.545 1.08402 1.06109
1.54905 1.08678 1.05918
1.54871 1.08508 1.05417
1.54473 1.08199 1.05631
1.54905 1.08678 1.05918
1.55268 1.08991 1.05702
1.55223 1.08852 1.0518
1.54871 1.08508 1.05417
1.55268 1.08991 1.05702
1.55519 1.09367 1.05442
1.55465 1.09252 1.04904
1.55223 1.08852 1.0518
1.55519 1.09367 1.05442
1.55278 1.09619 1.05268
1.55215 1.09485 1.04743
1.55465 1.09252 1.04904
1.55278 1.09619 1.05268
1.54913 1.09311 1.05481
1.54865 1.09142 1.0498
1.55215 1.09485 1.04743
1.54913 1.09311 1.05481
1.54601 1.08963 1.05722
1.5456 1.08768 1.05238
1.54865 1.09142 1.0498
1.54601 1.08963 1.05722
1.54289 1.08614 1.05962
1.54254 1.08395 1.05495
1.5456 1.08768 1.05238
1.54289 1.08614 1.05962
1.53961 1.08275 1.06196
1.53932 1.08031 1.05747
1.54254 1.08395 1.05495
1.53577 1.0769 1.05982
1.54046 1.07918 1.05825
1.54018 1.07674 1.05376
1.53553 1.07414 1.05555
1.54046 1.07918 1.05825
1.54473 1.08199 1.05631
1.54437 1.07983 1.05162
1.54018 1.07674 1.05376
1.54473 1.08199 1.05631
1.54871 1.08508 1.05417
1.54825 1.0832 1.04929
1.54437 1.07983 1.05162
1.54871 1.08508 1.05417
1.55223 1.08852 1.0518
1.55165 1.0869 1.04674
1.54825 1.0832 1.04929
1.55223 1.08852 1.0518
1.55465 1.09252 1.04904
1.55396 1.0911 1.04384
1.55165 1.0869 1.04674
1.55465 1.09252 1.04904
1.55215 1.09485 1.04743
1.55142 1.09325 1.04236
1.55396 1.0911 1.04384
1.55215 1.09485 1.04743
1.54865 1.09142 1.0498
1.54807 1.08953 1.04492
1.55142 1.09325 1.04236
1.54865 1.09142 1.0498
1.5456 1.08768 1.05238
1.54512 1.08558 1.04765
1.54807 1.08953 1.04492
1.5456 1.08768 1.05238
1.54254 1.08395 1.05495
1.54214 1.08164 1.05037
1.54512 1.08558 1.04765
1.54254 1.08395 1.05495
1.53932 1.08031 1.05747
1.539 1.07778 1.05303
1.54214 1.08164 1.05037
1.53553 1.07414 1.05555
1.54018 1.07674 1.05376
1.53986 1.07421 1.04932
1.53529 1.07134 1.05131
1.54018 1.07674 1.05376
1.54437 1.07983 1.05162
1.54396 1.07755 1.04702
1.53986 1.07421 1.04932
1.54437 1.07983 1.05162
1.54825 1.0832 1.04929
1.54771 1.08115 1.04453
1.54396 1.07755 1.04702
1.54825 1.0832 1.04929
1.55165 1.0869 1.04674
1.55097 1.08505 1.04184
1.54771 1.08115 1.04453
1.55165 1.0869 1.04674
1.55396 1.0911 1.04384
1.55316 1.08942 1.03882
1.55097 1.08505 1.04184
1.55396 1.0911 1.04384
1.55142 1.09325 1.04236
1.55061 1.09139 1.03746
1.55316 1.08942 1.03882
1.55142 1.09325 1.04236
1.54807 1.08953 1.04492
1.54742 1.08745 1.04018
1.55061 1.09139 1.03746
1.54807 1.08953 1.04492
1.54512 1.08558 1.04765
1.54458 1.08332 1.04303
1.54742 1.08745 1.04018
1.54512 1.08558 1.04765
1.54214 1.08164 1.05037
1.54171 1.07921 1.04587
1.54458 1.08332 1.04303
1.54214 1.08164 1.05037
1.539 1.07778 1.05303
1.53867 1.07518 1.04866
1.54171 1.07921 1.04587
1.53529 1.07134 1.05131
1.53986 1.07421 1.04932
1.53952 1.0716 1.04495
1.53506 1.0685 1.04709
1.53986 1.07421 1.04932
1.54396 1.07755 1.04702
1.5435 1.07513 1.04251
1.53952 1.0716 1.04495
1.54396 1.07755 1.04702
1.54771 1.08115 1.04453
1.54712 1.07892 1.03989
1.5435 1.07513 1.04251
1.54771 1.08115 1.04453
1.55097 1.08505 1.04184
1.55024 1.08299 1.03708
1.54712 1.07892 1.03989
1.55097 1.08505 1.04184
1.55316 1.08942 1.03882
1.55228 1.08749 1.03398
1.55024 1.08299 1.03708
1.55316 1.08942 1.03882
1.55061 1.09139 1.03746
1.54975 1.0893 1.03273
1.55228 1.08749 1.03398
1.55061 1.09139 1.03746
1.54742 1.08745 1.04018
1.54672 1.08518 1.03557
1.54975 1.0893 1.03273
1.54742 1.08745 1.04018
1.54458 1.08332 1.04303
1.54401 1.08091 1.03852
1.54672 1.08518 1.03557
1.54458 1.08332 1.04303
1.54171 1.07921 1.04587
1.54124 1.07667 1.04145
1.54401 1.08091 1.03852
1.54171 1.07921 1.04587
1.53867 1.07518 1.04866
1.53832 1.07249 1.04433
1.54124 1.07667 1.04145
1.53506 1.0685 1.04709
1.53952 1.0716 1.04495
1.53918 1.0689 1.04063
1.53484 1.06562 1.0429
1.53952 1.0716 1.04495
1.5435 1.07513 1.04251
1.54301 1.0726 1.03808
1.53918 1.0689 1.04063
1.5435 1.07513 1.04251
1.54712 1.07892 1.03989
1.54649 1.07653 1.03537
1.54301 1.0726 1.03808
1.54712 1.07892 1.03989
1.55024 1.08299 1.03708
1.54946 1.08072 1.03247
1.54649 1.07653 1.03537
1.55024 1.08299 1.03708
1.55228 1.08749 1.03398
1.55136 1.08531 1.0293
1.54946 1.08072 1.03247
1.55228 1.08749 1.03398
1.54975 1.0893 1.03273
1.54885 1.08698 1.02815
1.55136 1.08531 1.0293
1.54975 1.0893 1.03273
1.54672 1.08518 1.03557
1.54599 1.08274 1.03108
1.54885 1.08698 1.02815
1.54672 1.08518 1.03557
1.54401 1.08091 1.03852
1.5434 1.07837 1.0341
1.54599 1.08274 1.03108
1.54401 1.08091 1.03852
1.54124 1.07667 1.04145
1.54076 1.07402 1.0371
1.5434 1.07837 1.0341
1.54124 1.07667 1.04145
1.53832 1.07249 1.04433
1.53796 1.06974 1.04005
1.54076 1.07402 1.0371
1.53484 1.06562 1.0429
1.53918 1.0689 1.04063
1.53882 1.06614 1.03636
1.53463 1.06271 1.03873
1.53918 1.0689 1.04063
1.54301 1.0726 1.03808
1.54251 1.06995 1.03373
1.53882 1.06614 1.03636
1.54301 1.0726 1.03808
1.54649 1.07653 1.03537
1.54584 1.07398 1.03094
1.54251 1.06995 1.03373
1.54649 1.07653 1.03537
1.54946 1.08072 1.03247
1.54865 1.07827 1.02799
1.54584 1.07398 1.03094
1.54946 1.08072 1.03247
1.55136 1.08531 1.0293
1.55041 1.08291 1.02478
1.54865 1.07827 1.02799
1.55136 1.08531 1.0293
1.54885 1.08698 1.02815
1.54793 1.08446 1.02371
1.55041 1.08291 1.02478
1.54885 1.08698 1.02815
1.54599 1.08274 1.03108
1.54523 1.08012 1.0267
1.54793 1.08446 1.02371
1.54599 1.08274 1.03108
1.5434 1.07837 1.0341
1.54278 1.07569 1.02977
1.54523 1.08012 1.0267
1.5434 1.07837 1.0341
1.54076 1.07402 1.0371
1.54027 1.07127 1.03282
1.54278 1.07569 1.02977
1.54076 1.07402 1.0371
1.53796 1.06974 1.04005
1.5376 1.06692 1.03582
1.54027 1.07127 1.03282
1.53463 1.06271 1.03873
1.53882 1.06614 1.03636
1.53846 1.06331 1.03213
1.53443 1.05977 1.03458
1.53882 1.06614 1.03636
1.54251 1.06995 1.03373
1.542 1.0672 1.02945
1.53846 1.06331 1.03213
1.54251 1.06995 1.03373
1.54584 1.07398 1.03094
1.54517 1.0713 1.02662
1.542 1.0672 1.02945
1.54584 1.07398 1.03094
1.54865 1.07827 1.02799
1.54783 1.07563 1.02362
1.54517 1.0713 1.02662
1.54865 1.07827 1.02799
1.55041 1.08291 1.02478
1.54945 1.08029 1.02041
1.54783 1.07563 1.02362
1.55041 1.08291 1.02478
1.54793 1.08446 1.02371
1.54701 1.08174 1.01941
1.54945 1.08029 1.02041
1.54793 1.08446 1.02371
1.54523 1.08012 1.0267
1.54447 1.07735 1.02244
1.54701 1.08174 1.01941
1.54523 1.08012 1.0267
1.54278 1.07569 1.02977
1.54215 1.07288 1.02552
1.54447 1.07735 1.02244
1.54278 1.07569 1.02977
1.54027 1.07127 1.03282
1.53977 1.06843 1.0286
1.54215 1.07288 1.02552
1.54027 1.07127 1.03282
1.5376 1.06692 1.03582
1.53724 1.06404 1.03163
1.53977 1.06843 1.0286
1.53443 1.05977 1.03458
1.53846 1.06331 1.03213
1.5381 1.06042 1.02795
1.53423 1.05681 1.03045
1.53846 1.06331 1.03213
1.542 1.0672 1.02945
1.54148 1.06436 1.02524
1.5381 1.06042 1.02795
1.542 1.0672 1.02945
1.54517 1.0713 1.02662
1.5445 1.06849 1.02238
1.54148 1.06436 1.02524
1.54517 1.0713 1.02662
1.54783 1.07563 1.02362
1.54701 1.07284 1.01938
1.5445 1.06849 1.02238
1.54783 1.07563 1.02362
1.54945 1.08029 1.02041
1.54849 1.07749 1.01617
1.54701 1.07284 1.01938
1.54945 1.08029 1.02041
1.54701 1.08174 1.01941
1.54608 1.07883 1.01524
1.54849 1.07749 1.01617
1.54701 1.08174 1.01941
1.54447 1.07735 1.02244
1.5437 1.07443 1.01828
1.54608 1.07883 1.01524
1.54447 1.07735 1.02244
1.54215 1.07288 1.02552
1.54152 1.06996 1.02137
1.5437 1.07443 1.01828
1.54215 1.07288 1.02552
1.53977 1.06843 1.0286
1.53927 1.06551 1.02444
1.54152 1.06996 1.02137
1.53977 1.06843 1.0286
1.53724 1.06404 1.03163
1.53688 1.0611 1.02748
1.53927 1.06551 1.02444
1.53423 1.05681 1.03045
1.5381 1.06042 1.02795
1.53773 1.05748 1.02381
1.53405 1.05382 1.02633
1.5381 1.06042 1.02795
1.54148 1.06436 1.02524
1.54096 1.06142 1.02108
1.53773 1.05748 1.02381
1.54148 1.06436 1.02524
1.5445 1.06849 1.02238
1.54383 1.06555 1.01823
1.54096 1.06142 1.02108
1.5445 1.06849 1.02238
1.54701 1.07284 1.01938
1.54618 1.0699 1.01523
1.54383 1.06555 1.01823
1.54701 1.07284 1.01938
1.54849 1.07749 1.01617
1.54753 1.07451 1.01204
1.54618 1.0699 1.01523
1.54849 1.07749 1.01617
1.54608 1.07883 1.01524
1.54517 1.07576 1.01118
1.54753 1.07451 1.01204
1.54608 1.07883 1.01524
1.5437 1.07443 1.01828
1.54294 1.07137 1.01421
1.54517 1.07576 1.01118
1.5437 1.07443 1.01828
1.54152 1.06996 1.02137
1.54089 1.06692 1.01728
1.54294 1.07137 1.01421
1.54152 1.06996 1.02137
1.53927 1.06551 1.02444
1.53878 1.0625 1.02034
1.54089 1.06692 1.01728
1.53927 1.06551 1.02444
1.53688 1.0611 1.02748
1.53653 1.05811 1.02337
1.53878 1.0625 1.02034
1.53405 1.05382 1.02633
1.53773 1.05748 1.02381
1.53737 1.05448 1.0197
1.53387 1.05081 1.02223
1.53773 1.05748 1.02381
1.54096 1.06142 1.02108
1.54044 1.05841 1.01698
1.53737 1.05448 1.0197
1.54096 1.06142 1.02108
1.54383 1.06555 1.01823
1.54314 1.06252 1.01415
1.54044 1.05841 1.01698
1.54383 1.06555 1.01823
1.54618 1.0699 1.01523
1.54535 1.06682 1.01118
1.54314 1.06252 1.01415
1.54618 1.0699 1.01523
1.54753 1.07451 1.01204
1.54657 1.07137 1.00804
1.54535 1.06682 1.01118
1.54753 1.07451 1.01204
1.54517 1.07576 1.01118
1.54428 1.07253 1.00723
1.54657 1.07137 1.00804
1.54517 1.07576 1.01118
1.54294 1.07137 1.01421
1.5422 1.06818 1.01023
1.54428 1.07253 1.00723
1.54294 1.07137 1.01421
1.54089 1.06692 1.01728
1.54028 1.06378 1.01327
1.5422 1.06818 1.01023
1.54089 1.06692 1.01728
1.53878 1.0625 1.02034
1.5383 1.05941 1.01629
1.54028 1.06378 1.01327
1.53878 1.0625 1.02034
1.53653 1.05811 1.02337
1.53619 1.05507 1.01929
1.5383 1.05941 1.01629
1.53387 1.05081 1.02223
1.53737 1.05448 1.0197
1.53701 1.05143 1.01562
1.5337 1.04777 1.01815
1.53737 1.05448 1.0197
1.54044 1.05841 1.01698
1.53991 1.05532 1.01294
1.53701 1.05143 1.01562
1.54044 1.05841 1.01698
1.54314 1.06252 1.01415
1.54246 1.05938 1.01014
1.53991 1.05532 1.01294
1.54314 1.06252 1.01415
1.54535 1.06682 1.01118
1.54453 1.06361 1.00721
1.54246 1.05938 1.01014
1.54535 1.06682 1.01118
1.54657 1.07137 1.00804
1.54563 1.06807 1.00413
1.54453 1.06361 1.00721
1.54657 1.07137 1.00804
1.54428 1.07253 1.00723
1.54341 1.06915 1.00339
1.54563 1.06807 1.00413
1.54428 1.07253 1.00723
1.5422 1.06818 1.01023
1.54148 1.06487 1.00634
1.54341 1.06915 1.00339
1.5422 1.06818 1.01023
1.54028 1.06378 1.01327
1.53968 1.06055 1.00933
1.54148 1.06487 1.00634
1.54028 1.06378 1.01327
1.5383 1.05941 1.01629
1.53782 1.05625 1.0123
1.53968 1.06055 1.00933
1.5383 1.05941 1.01629
1.53619 1.05507 1.01929
1.53585 1.05198 1.01524
1.53782 1.05625 1.0123
1.5337 1.04777 1.01815
1.53701 1.05143 1.01562
1.53666 1.04834 1.01158
1.53354 1.04472 1.01408
1.53701 1.05143 1.01562
1.53991 1.05532 1.01294
1.53939 1.05217 1.00893
1.53666 1.04834 1.01158
1.53991 1.05532 1.01294
1.54246 1.05938 1.01014
1.54179 1.05615 1.00619
1.53939 1.05217 1.00893
1.54246 1.05938 1.01014
1.54453 1.06361 1.00721
1.54372 1.06029 1.00333
1.54179 1.05615 1.00619
1.54453 1.06361 1.00721
1.54563 1.06807 1.00413
1.54471 1.06465 1.00032
1.54372 1.06029 1.00333
1.54563 1.06807 1.00413
1.54341 1.06915 1.00339
1.54257 1.06564 0.999635
1.54471 1.06465 1.00032
1.54341 1.06915 1.00339
1.54148 1.06487 1.00634
1.54078 1.06145 1.00252
1.54257 1.06564 0.999635
1.54148 1.06487 1.00634
1.53968 1.06055 1.00933
1.5391 1.05723 1.00544
1.54078 1.06145 1.00252
1.53968 1.06055 1.00933
1.53782 1.05625 1.0123
1.53737 1.05302 1.00835
1.5391 1.05723 1.00544
1.53782 1.05625 1.0123
1.53585 1.05198 1.01524
1.53553 1.04885 1.01123
1.53737 1.05302 1.00835
1.53354 1.04472 1.01408
1.53666 1.04834 1.01158
1.53631 1.04521 1.00756
1.53338 1.04165 1.01002
1.53666 1.04834 1.01158
1.53939 1.05217 1.00893
1.53888 1.04895 1.00497
1.53631 1.04521 1.00756
1.53939 1.05217 1.00893
1.54179 1.05615 1.00619
1.54113 1.05284 1.00229
1.53888 1.04895 1.00497
1.54179 1.05615 1.00619
1.54372 1.06029 1.00333
1.54292 1.05687 0.999506
1.54113 1.05284 1.00229
1.54372 1.06029 1.00333
1.54471 1.06465 1.00032
1.5438 1.0611 0.996587
1.54292 1.05687 0.999506
1.54471 1.06465 1.00032
1.54257 1.06564 0.999635
1.54176 1.06201 0.995958
1.5438 1.0611 0.996587
1.54257 1.06564 0.999635
1.54078 1.06145 1.00252
1.5401 1.05794 0.998772
1.54176 1.06201 0.995958
1.54078 1.06145 1.00252
1.5391 1.05723 1.00544
1.53855 1.05383 1.00161
1.5401 1.05794 0.998772
1.5391 1.05723 1.00544
1.53737 1.05302 1.00835
1.53693 1.04974 1.00443
1.53855 1.05383 1.00161
1.53737 1.05302 1.00835
1.53553 1.04885 1.01123
1.53522 1.04568 1.00724
1.53693 1.04974 1.00443
1.53338 1.04165 1.01002
1.53631 1.04521 1.00756
1.53597 1.04204 1.00357
1.53323 1.03856 1.00597
1.53631 1.04521 1.00756
1.53888 1.04895 1.00497
1.53838 1.04568 1.00105
1.53597 1.04204 1.00357
1.53888 1.04895 1.00497
1.54113 1.05284 1.00229
1.54048 1.04945 0.998453
1.53838 1.04568 1.00105
1.54113 1.05284 1.00229
1.54292 1.05687 0.999506
1.54213 1.05336 0.995752
1.54048 1.04945 0.998453
1.54292 1.05687 0.999506
1.5438 1.0611 0.996587
1.54293 1.05745 0.992932
1.54213 1.05336 0.995752
1.5438 1.0611 0.996587
1.54176 1.06201 0.995958
1.54098 1.05828 0.992355
1.54293 1.05745 0.992932
1.54176 1.06201 0.995958
1.5401 1.05794 0.998772
1.53944 1.05434 0.99508
1.54098 1.05828 0.992355
1.5401 1.05794 0.998772
1.53855 1.05383 1.00161
1.538 1.05036 0.997824
1.53944 1.05434 0.99508
1.53855 1.05383 1.00161
1.53693 1.04974 1.00443
1.53651 1.0464 1.00056
1.538 1.05036 0.997824
1.53693 1.04974 1.00443
1.53522 1.04568 1.00724
1.53492 1.04247 1.00327
1.53651 1.0464 1.00056
1.53323 1.03856 1.00597
1.53597 1.04204 1.00357
1.53564 1.03884 0.999601
1.53309 1.03546 1.00194
1.53597 1.04204 1.00357
1.53838 1.04568 1.00105
1.53789 1.04236 0.99717
1.53564 1.03884 0.999601
1.53838 1.04568 1.00105
1.54048 1.04945 0.998453
1.53984 1.046 0.994658
1.53789 1.04236 0.99717
1.54048 1.04945 0.998453
1.54213 1.05336 0.995752
1.54137 1.04977 0.992054
1.53984 1.046 0.994658
1.54213 1.05336 0.995752
1.54293 1.05745 0.992932
1.54208 1.0537 0.989342
1.54137 1.04977 0.992054
1.54293 1.05745 0.992932
1.54098 1.05828 0.992355
1.54023 1.05447 0.988813
1.54208 1.0537 0.989342
1.54098 1.05828 0.992355
1.53944 1.05434 0.99508
1.53881 1.05066 0.991439
1.54023 1.05447 0.988813
1.53944 1.05434 0.99508
1.538 1.05036 0.997824
1.53748 1.04684 0.994081
1.53881 1.05066 0.991439
1.538 1.05036 0.997824
1.53651 1.0464 1.00056
1.5361 1.04302 0.996713
1.53748 1.04684 0.994081
1.53651 1.0464 1.00056
1.53492 1.04247 1.00327
1.53463 1.03923 0.999332
1.5361 1.04302 0.996713
1.53309 1.03546 1.00194
1.53564 1.03884 0.999601
1.53531 1.03561 0.995654
1.53295 1.03234 0.997909
1.53564 1.03884 0.999601
1.53789 1.04236 0.99717
1.53741 1.039 0.993314
1.53531 1.03561 0.995654
1.53789 1.04236 0.99717
1.53984 1.046 0.994658
1.53922 1.04249 0.9909
1.53741 1.039 0.993314
1.53984 1.046 0.994658
1.54137 1.04977 0.992054
1.54064 1.04611 0.988403
1.53922 1.04249 0.9909
1.54137 1.04977 0.992054
1.54208 1.0537 0.989342
1.54126 1.04987 0.985807
1.54064 1.04611 0.988403
1.54208 1.0537 0.989342
1.54023 1.05447 0.988813
1.53951 1.05057 0.985324
1.54126 1.04987 0.985807
1.54023 1.05447 0.988813
1.53881 1.05066 0.991439
1.53821 1.04692 0.987843
1.53951 1.05057 0.985324
1.53881 1.05066 0.991439
1.53748 1.04684 0.994081
1.53699 1.04326 0.990374
1.53821 1.04692 0.987843
1.53748 1.04684 0.994081
1.5361 1.04302 0.996713
1.5357 1.0396 0.992897
1.53699 1.04326 0.990374
1.5361 1.04302 0.996713
1.53463 1.03923 0.999332
1.53435 1.03597 0.995408
1.5357 1.0396 0.992897
1.53295 1.03234 0.997909
1.53531 1.03561 0.995654
1.535 1.03235 0.991723
1.53282 1.02921 0.993891
1.53531 1.03561 0.995654
1.53741 1.039 0.993314
1.53694 1.0356 0.989483
1.535 1.03235 0.991723
1.53741 1.039 0.993314
1.53922 1.04249 0.9909
1.53862 1.03894 0.987176
1.53694 1.0356 0.989483
1.53922 1.04249 0.9909
1.54064 1.04611 0.988403
1.53993 1.04239 0.984792
1.53862 1.03894 0.987176
1.54064 1.04611 0.988403
1.54126 1.04987 0.985807
1.54048 1.04597 0.98232
1.53993 1.04239 0.984792
1.54126 1.04987 0.985807
1.53951 1.05057 0.985324
1.53882 1.04661 0.981879
1.54048 1.04597 0.98232
1.53951 1.05057 0.985324
1.53821 1.04692 0.987843
1.53764 1.04313 0.984283
1.53882 1.04661 0.981879
1.53821 1.04692 0.987843
1.53699 1.04326 0.990374
1.53651 1.03963 0.986697
1.53764 1.04313 0.984283
1.53699 1.04326 0.990374
1.5357 1.0396 0.992897
1.53533 1.03615 0.989104
1.53651 1.03963 0.986697
1.5357 1.0396 0.992897
1.53435 1.03597 0.995408
1.53409 1.03268 0.9915
1.53533 1.03615 0.989104
1.53282 1.02921 0.993891
1.535 1.03235 0.991723
1.53471 1.02906 0.987818
1.53269 1.02607 0.989885
1.535 1.03235 0.991723
1.53694 1.0356 0.989483
1.53651 1.03215 0.985683
1.53471 1.02906 0.987818
1.53694 1.0356 0.989483
1.53862 1.03894 0.987176
1.53806 1.03533 0.983487
1.53651 1.03215 0.985683
1.53862 1.03894 0.987176
1.53993 1.04239 0.984792
1.53925 1.03862 0.981221
1.53806 1.03533 0.983487
1.53993 1.04239 0.984792
1.54048 1.04597 0.98232
1.53973 1.04201 0.978876
1.53925 1.03862 0.981221
1.54048 1.04597 0.98232
1.53882 1.04661 0.981879
1.53817 1.0426 0.978471
1.53973 1.04201 0.978876
1.53882 1.04661 0.981879
1.53764 1.04313 0.984283
1.5371 1.03929 0.980757
1.53817 1.0426 0.978471
1.53764 1.04313 0.984283
1.53651 1.03963 0.986697
1.53607 1.03597 0.98305
1.5371 1.03929 0.980757
1.53651 1.03963 0.986697
1.53533 1.03615 0.989104
1.53499 1.03266 0.985336
1.53607 1.03597 0.98305
1.53533 1.03615 0.989104
1.53409 1.03268 0.9915
1.53386 1.02936 0.987613
1.53499 1.03266 0.985336
1.53269 1.02607 0.989885
1.53471 1.02906 0.987818
1.53444 1.02576 0.983921
1.53257 1.02292 0.985883
1.53471 1.02906 0.987818
1.53651 1.03215 0.985683
1.5361 1.02869 0.981897
1.53444 1.02576 0.983921
1.53651 1.03215 0.985683
1.53806 1.03533 0.983487
1.53752 1.0317 0.979817
1.5361 1.02869 0.981897
1.53806 1.03533 0.983487
1.53925 1.03862 0.981221
1.5386 1.03481 0.977673
1.53752 1.0317 0.979817
1.53925 1.03862 0.981221
1.53973 1.04201 0.978876
1.53902 1.03801 0.975458
1.5386 1.03481 0.977673
1.53973 1.04201 0.978876
1.53817 1.0426 0.978471
1.53756 1.03855 0.975088
1.53902 1.03801 0.975458
1.53817 1.0426 0.978471
1.5371 1.03929 0.980757
1.53658 1.03542 0.97725
1.53756 1.03855 0.975088
1.5371 1.03929 0.980757
1.53607 1.03597 0.98305
1.53565 1.03228 0.979419
1.53658 1.03542 0.97725
1.53607 1.03597 0.98305
1.53499 1.03266 0.985336
1.53467 1.02915 0.981581
1.53565 1.03228 0.979419
1.53499 1.03266 0.985336
1.53386 1.02936 0.987613
1.53363 1.02603 0.983734
1.53467 1.02915 0.981581
1.53257 1.02292 0.985883
1.53444 1.02576 0.983921
1.53417 1.02243 0.980037
1.53245 1.01975 0.98189
1.53444 1.02576 0.983921
1.5361 1.02869 0.981897
1.5357 1.0252 0.978127
1.53417 1.02243 0.980037
1.5361 1.02869 0.981897
1.53752 1.0317 0.979817
1.537 1.02804 0.976166
1.5357 1.0252 0.978127
1.53752 1.0317 0.979817
1.5386 1.03481 0.977673
1.53799 1.03096 0.974146
1.537 1.02804 0.976166
1.5386 1.03481 0.977673
1.53902 1.03801 0.975458
1.53835 1.03398 0.972064
1.53799 1.03096 0.974146
1.53902 1.03801 0.975458
1.53756 1.03855 0.975088
1.53698 1.03447 0.971726
1.53835 1.03398 0.972064
1.53756 1.03855 0.975088
1.53658 1.03542 0.97725
1.5361 1.03152 0.973763
1.53698 1.03447 0.971726
1.53658 1.03542 0.97725
1.53565 1.03228 0.979419
1.53526 1.02856 0.975805
1.5361 1.03152 0.973763
1.53565 1.03228 0.979419
1.53467 1.02915 0.981581
1.53437 1.02561 0.97784
1.53526 1.02856 0.975805
1.53467 1.02915 0.981581
1.53363 1.02603 0.983734
1.53342 1.02268 0.979868
1.53437 1.02561 0.97784
1.53245 1.01975 0.98189
1.53417 1.02243 0.980037
1.53392 1.0191 0.976161
1.53233 1.01657 0.977902
1.53417 1.02243 0.980037
1.5357 1.0252 0.978127
1.53532 1.02169 0.974367
1.53392 1.0191 0.976161
1.5357 1.0252 0.978127
1.537 1.02804 0.976166
1.53651 1.02436 0.972526
1.53532 1.02169 0.974367
1.537 1.02804 0.976166
1.53799 1.03096 0.974146
1.5374 1.0271 0.970633
1.53651 1.02436 0.972526
1.53799 1.03096 0.974146
1.53835 1.03398 0.972064
1.53771 1.02993 0.968683
1.5374 1.0271 0.970633
1.53835 1.03398 0.972064
1.53698 1.03447 0.971726
1.53643 1.03037 0.968376
1.53771 1.02993 0.968683
1.53698 1.03447 0.971726
1.5361 1.03152 0.973763
1.53564 1.02761 0.970285
1.53643 1.03037 0.968376
1.5361 1.03152 0.973763
1.53526 1.02856 0.975805
1.53488 1.02484 0.972199
1.53564 1.02761 0.970285
1.53526 1.02856 0.975805
1.53437 1.02561 0.97784
1.53408 1.02207 0.974106
1.53488 1.02484 0.972199
1.53437 1.02561 0.97784
1.53342 1.02268 0.979868
1.53322 1.01932 0.976006
1.53408 1.02207 0.974106
1.53233 1.01657 0.977902
1.53392 1.0191 0.976161
1.53368 1.01575 0.972294
1.53223 1.01339 0.973924
1.53392 1.0191 0.976161
1.53532 1.02169 0.974367
1.53495 1.01818 0.970616
1.53368 1.01575 0.972294
1.53532 1.02169 0.974367
1.53651 1.02436 0.972526
1.53604 1.02067 0.968896
1.53495 1.01818 0.970616
1.53651 1.02436 0.972526
1.5374 1.0271 0.970633
1.53684 1.02323 0.967128
1.53604 1.02067 0.968896
1.5374 1.0271 0.970633
1.53771 1.02993 0.968683
1.53711 1.02587 0.96531
1.53684 1.02323 0.967128
1.53771 1.02993 0.968683
1.53643 1.03037 0.968376
1.53592 1.02627 0.965031
1.53711 1.02587 0.96531
1.53643 1.03037 0.968376
1.53564 1.02761 0.970285
1.53521 1.02369 0.966813
1.53592 1.02627 0.965031
1.53564 1.02761 0.970285
1.53488 1.02484 0.972199
1.53453 1.0211 0.968599
1.53521 1.02369 0.966813
1.53488 1.02484 0.972199
1.53408 1.02207 0.974106
1.5338 1.01852 0.97038
1.53453 1.0211 0.968599
1.53408 1.02207 0.974106
1.53322 1.01932 0.976006
1.53303 1.01595 0.972154
1.5338 1.01852 0.97038
1.53223 1.01339 0.973924
1.53368 1.01575 0.972294
1.53345 1.0124 0.968429
1.53212 1.0102 0.969948
1.53368 1.01575 0.972294
1.53495 1.01818 0.970616
1.53461 1.01466 0.966866
1.53345 1.0124 0.968429
1.53495 1.01818 0.970616
1.53604 1.02067 0.968896
1.53559 1.01698 0.965265
1.53461 1.01466 0.966866
1.53604 1.02067 0.968896
1.53684 1.02323 0.967128
1.53632 1.01936 0.963621
1.53559 1.01698 0.965265
1.53684 1.02323 0.967128
1.53711 1.02587 0.96531
1.53654 1.02181 0.961933
1.53632 1.01936 0.963621
1.53711 1.02587 0.96531
1.53592 1.02627 0.965031
1.53544 1.02218 0.961679
1.53654 1.02181 0.961933
1.53592 1.02627 0.965031
1.53521 1.02369 0.966813
1.5348 1.01978 0.963336
1.53544 1.02218 0.961679
1.53521 1.02369 0.966813
1.53453 1.0211 0.968599
1.53419 1.01737 0.964997
1.5348 1.01978 0.963336
1.53453 1.0211 0.968599
1.5338 1.01852 0.97038
1.53354 1.01497 0.966653
1.53419 1.01737 0.964997
1.5338 1.01852 0.97038
1.53303 1.01595 0.972154
1.53285 1.01258 0.968302
1.53354 1.01497 0.966653
1.53212 1.0102 0.969948
1.53345 1.0124 0.968429
1.53323 1.00904 0.964566
1.53202 1.007 0.965977
1.53345 1.0124 0.968429
1.53461 1.01466 0.966866
1.53429 1.01114 0.963117
1.53323 1.00904 0.964566
1.53461 1.01466 0.966866
1.53559 1.01698 0.965265
1.53518 1.0133 0.961631
1.53429 1.01114 0.963117
1.53559 1.01698 0.965265
1.53632 1.01936 0.963621
1.53583 1.0155 0.960108
1.53518 1.0133 0.961631
1.53632 1.01936 0.963621
1.53654 1.02181 0.961933
1.53602 1.01777 0.958545
1.53583 1.0155 0.960108
1.53654 1.02181 0.961933
1.53544 1.02218 0.961679
1.53499 1.0181 0.958315
1.53602 1.01777 0.958545
1.53544 1.02218 0.961679
1.5348 1.01978 0.963336
1.53442 1.01587 0.959851
1.53499 1.0181 0.958315
1.5348 1.01978 0.963336
1.53419 1.01737 0.964997
1.53388 1.01365 0.961389
1.53442 1.01587 0.959851
1.53419 1.01737 0.964997
1.53354 1.01497 0.966653
1.5333 1.01142 0.962923
1.53388 1.01365 0.961389
1.53354 1.01497 0.966653
1.53285 1.01258 0.968302
1.53267 1.00921 0.964452
1.5333 1.01142 0.962923
1.53202 1.007 0.965977
1.53323 1.00904 0.964566
1.53303 1.00569 0.960705
1.53193 1.0038 0.962011
1.53323 1.00904 0.964566
1.53429 1.01114 0.963117
1.53399 1.00763 0.959364
1.53303 1.00569 0.960705
1.53429 1.01114 0.963117
1.53518 1.0133 0.961631
1.53479 1.00962 0.957991
1.53399 1.00763 0.959364
1.53518 1.0133 0.961631
1.53583 1.0155 0.960108
1.53537 1.01166 0.956582
1.53479 1.00962 0.957991
1.53583 1.0155 0.960108
1.53602 1.01777 0.958545
1.53553 1.01375 0.95514
1.53537 1.01166 0.956582
1.53602 1.01777 0.958545
1.53499 1.0181 0.958315
1.53458 1.01405 0.954932
1.53553 1.01375 0.95514
1.53499 1.0181 0.958315
1.53442 1.01587 0.959851
1.53407 1.01199 0.95635
1.53458 1.01405 0.954932
1.53442 1.01587 0.959851
1.53388 1.01365 0.961389
1.53359 1.00993 0.957772
1.53407 1.01199 0.95635
1.53388 1.01365 0.961389
1.5333 1.01142 0.962923
1.53307 1.00788 0.959189
1.53359 1.00993 0.957772
1.5333 1.01142 0.962923
1.53267 1.00921 0.964452
1.53251 1.00584 0.960602
1.53307 1.00788 0.959189
1.53193 1.0038 0.962011
1.53303 1.00569 0.960705
1.53284 1.00233 0.956844
1.53184 1.00059 0.958051
1.53303 1.00569 0.960705
1.53399 1.00763 0.959364
1.5337 1.00413 0.955605
1.53284 1.00233 0.956844
1.53399 1.00763 0.959364
1.53479 1.00962 0.957991
1.53443 1.00596 0.954338
1.5337 1.00413 0.955605
1.53479 1.00962 0.957991
1.53537 1.01166 0.956582
1.53495 1.00784 0.953039
1.53443 1.00596 0.954338
1.53537 1.01166 0.956582
1.53553 1.01375 0.95514
1.53508 1.00977 0.95171
1.53495 1.00784 0.953039
1.53553 1.01375 0.95514
1.53458 1.01405 0.954932
1.53421 1.01004 0.951521
1.53508 1.00977 0.95171
1.53458 1.01405 0.954932
1.53407 1.01199 0.95635
1.53375 1.00815 0.952829
1.53421 1.01004 0.951521
1.53407 1.01199 0.95635
1.53359 1.00993 0.957772
1.53332 1.00625 0.95414
1.53375 1.00815 0.952829
1.53359 1.00993 0.957772
1.53307 1.00788 0.959189
1.53286 1.00436 0.955447
1.53332 1.00625 0.95414
1.53307 1.00788 0.959189
1.53251 1.00584 0.960602
1.53236 1.00247 0.95675
1.53286 1.00436 0.955447
1.53184 1.00059 0.958051
1.53284 1.00233 0.956844
1.53266 0.999124 0.953143
1.53175 0.997505 0.95426
1.53284 1.00233 0.956844
1.5337 1.00413 0.955605
1.53346 1.00079 0.951996
1.53266 0.999124 0.953143
1.5337 1.00413 0.955605
1.53443 1.00596 0.954338
1.53411 1.00248 0.950823
1.53346 1.00079 0.951996
1.53443 1.00596 0.954338
1.53495 1.00784 0.953039
1.53458 1.00422 0.949621
1.53411 1.00248 0.950823
1.53495 1.00784 0.953039
1.53508 1.00977 0.95171
1.53469 1.006 0.948393
1.53458 1.00422 0.949621
1.53508 1.00977 0.95171
1.53421 1.01004 0.951521
1.53388 1.00625 0.948221
1.53469 1.006 0.948393
1.53421 1.01004 0.951521
1.53375 1.00815 0.952829
1.53347 1.0045 0.949431
1.53388 1.00625 0.948221
1.53375 1.00815 0.952829
1.53332 1.00625 0.95414
1.53309 1.00274 0.950643
1.53347 1.0045 0.949431
1.53332 1.00625 0.95414
1.53286 1.00436 0.955447
1.53267 1.00099 0.951852
1.53309 1.00274 0.950643
1.53286 1.00436 0.955447
1.53236 1.00247 0.95675
1.53222 0.999248 0.953058
1.53267 1.00099 0.951852
1.53175 0.997505 0.95426
1.53266 0.999124 0.953143
1.53263 0.998349 0.952246
1.53173 0.99676 0.953343
1.53266 0.999124 0.953143
1.53346 1.00079 0.951996
1.5334 0.999979 0.95112
1.53263 0.998349 0.952246
1.53346 1.00079 0.951996
1.53411 1.00248 0.950823
1.53404 1.00165 0.949969
1.5334 0.999979 0.95112
1.53411 1.00248 0.950823
1.53458 1.00422 0.949621
1.5345 1.00335 0.94879
1.53404 1.00165 0.949969
1.53458 1.00422 0.949621
1.53469 1.006 0.948393
1.5346 1.0051 0.947585
1.5345 1.00335 0.94879
1.53469 1.006 0.948393
1.53388 1.00625 0.948221
1.5338 1.00534 0.947417
1.5346 1.0051 0.947585
1.53388 1.00625 0.948221
1.53347 1.0045 0.949431
1.53341 1.00362 0.948604
1.5338 1.00534 0.947417
1.53347 1.0045 0.949431
1.53309 1.00274 0.950643
1.53303 1.0019 0.949793
1.53341 1.00362 0.948604
1.53309 1.00274 0.950643
1.53267 1.00099 0.951852
1.53263 1.00018 0.95098
1.53303 1.0019 0.949793
1.53267 1.00099 0.951852
1.53222 0.999248 0.953058
1.53219 0.99847 0.952163
1.53263 1.00018 0.95098
1.53173 0.99676 0.953343
1.53263 0.998349 0.952246
1.53259 0.997712 0.951516
1.53172 0.996147 0.952596
1.53263 0.998349 0.952246
1.5334 0.999979 0.95112
1.53335 0.999317 0.950407
1.53259 0.997712 0.951516
1.5334 0.999979 0.95112
1.53404 1.00165 0.949969
1.53398 1.00096 0.949274
1.53335 0.999317 0.950407
1.53404 1.00165 0.949969
1.5345 1.00335 0.94879
1.53443 1.00264 0.948113
1.53398 1.00096 0.949274
1.5345 1.00335 0.94879
1.5346 1.0051 0.947585
1.53453 1.00436 0.946927
1.53443 1.00264 0.948113
1.5346 1.0051 0.947585
1.5338 1.00534 0.947417
1.53374 1.0046 0.946761
1.53453 1.00436 0.946927
1.5338 1.00534 0.947417
1.53341 1.00362 0.948604
1.53335 1.00291 0.94793
1.53374 1.0046 0.946761
1.53341 1.00362 0.948604
1.53303 1.0019 0.949793
1.53299 1.00121 0.949101
1.53335 1.00291 0.94793
1.53303 1.0019 0.949793
1.53263 1.00018 0.95098
1.53259 0.999517 0.95027
1.53299 1.00121 0.949101
1.53263 1.00018 0.95098
1.53219 0.99847 0.952163
1.53216 0.997831 0.951434
1.53259 0.999517 0.95027
1.53172 0.996147 0.952596
1.53259 0.997712 0.951516
1.53254 0.997011 0.950833
1.53168 0.995483 0.951888
1.53259 0.997712 0.951516
1.53335 0.999317 0.950407
1.53328 0.998578 0.949751
1.53254 0.997011 0.950833
1.53335 0.999317 0.950407
1.53398 1.00096 0.949274
1.53389 1.00018 0.948644
1.53328 0.998578 0.949751
1.53398 1.00096 0.949274
1.53443 1.00264 0.948113
1.53433 1.00182 0.947511
1.53389 1.00018 0.948644
1.53443 1.00264 0.948113
1.53453 1.00436 0.946927
1.53442 1.0035 0.946354
1.53433 1.00182 0.947511
1.53453 1.00436 0.946927
1.53374 1.0046 0.946761
1.53365 1.00373 0.946193
1.53442 1.0035 0.946354
1.53374 1.0046 0.946761
1.53335 1.00291 0.94793
1.53327 1.00208 0.947334
1.53365 1.00373 0.946193
1.53335 1.00291 0.94793
1.53299 1.00121 0.949101
1.53292 1.00042 0.948477
1.53327 1.00208 0.947334
1.53299 1.00121 0.949101
1.53259 0.999517 0.95027
1.53253 0.998772 0.949617
1.53292 1.00042 0.948477
1.53259 0.999517 0.95027
1.53216 0.997831 0.951434
1.53212 0.997126 0.950753
1.53253 0.998772 0.949617
1.53168 0.995483 0.951888
1.53254 0.997011 0.950833
1.53245 0.996208 0.950218
1.53163 0.994736 0.951234
1.53254 0.997011 0.950833
1.53328 0.998578 0.949751
1.53316 0.997718 0.949175
1.53245 0.996208 0.950218
1.53328 0.998578 0.949751
1.53389 1.00018 0.948644
1.53375 0.999263 0.948108
1.53316 0.997718 0.949175
1.53389 1.00018 0.948644
1.53433 1.00182 0.947511
1.53417 1.00084 0.947016
1.53375 0.999263 0.948108
1.53433 1.00182 0.947511
1.53442 1.0035 0.946354
1.53426 1.00246 0.945901
1.53417 1.00084 0.947016
1.53442 1.0035 0.946354
1.53365 1.00373 0.946193
1.53352 1.00268 0.945746
1.53426 1.00246 0.945901
1.53365 1.00373 0.946193
1.53327 1.00208 0.947334
1.53316 1.00109 0.946846
1.53352 1.00268 0.945746
1.53327 1.00208 0.947334
1.53292 1.00042 0.948477
1.53281 0.999497 0.947947
1.53316 1.00109 0.946846
1.53292 1.00042 0.948477
1.53253 0.998772 0.949617
1.53245 0.997905 0.949046
1.53281 0.999497 0.947947
1.53253 0.998772 0.949617
1.53212 0.997126 0.950753
1.53205 0.996319 0.950141
1.53245 0.997905 0.949046
1.53163 0.994736 0.951234
1.53245 0.996208 0.950218
1.53233 0.995292 0.94968
1.53156 0.993897 0.950644
1.53245 0.996208 0.950218
1.53316 0.997718 0.949175
1.533 0.996724 0.948692
1.53233 0.995292 0.94968
1.53316 0.997718 0.949175
1.53375 0.999263 0.948108
1.53356 0.998188 0.947681
1.533 0.996724 0.948692
1.53375 0.999263 0.948108
1.53417 1.00084 0.947016
1.53395 0.999686 0.946646
1.53356 0.998188 0.947681
1.53417 1.00084 0.947016
1.53426 1.00246 0.945901
1.53403 1.00122 0.94559
1.53395 0.999686 0.946646
1.53426 1.00246 0.945901
1.53352 1.00268 0.945746
1.53333 1.00143 0.945444
1.53403 1.00122 0.94559
1.53352 1.00268 0.945746
1.53316 1.00109 0.946846
1.53299 0.99992 0.946485
1.53333 1.00143 0.945444
1.53316 1.00109 0.946846
1.53281 0.999497 0.947947
1.53267 0.998408 0.947529
1.53299 0.99992 0.946485
1.53281 0.999497 0.947947
1.53245 0.997905 0.949046
1.53232 0.9969 0.94857
1.53267 0.998408 0.947529
1.53245 0.997905 0.949046
1.53205 0.996319 0.950141
1.53195 0.995397 0.949608
1.53232 0.9969 0.94857
1.53156 0.993897 0.950644
1.53233 0.995292 0.94968
1.53217 0.994233 0.949242
1.53145 0.992941 0.950133
1.53233 0.995292 0.94968
1.533 0.996724 0.948692
1.53278 0.995558 0.948327
1.53217 0.994233 0.949242
1.533 0.996724 0.948692
1.53356 0.998188 0.947681
1.5333 0.996913 0.947391
1.53278 0.995558 0.948327
1.53356 0.998188 0.947681
1.53395 0.999686 0.946646
1.53366 0.998301 0.946433
1.5333 0.996913 0.947391
1.53395 0.999686 0.946646
1.53403 1.00122 0.94559
1.53373 0.999716 0.945456
1.53366 0.998301 0.946433
1.53403 1.00122 0.94559
1.53333 1.00143 0.945444
1.53308 0.999912 0.945321
1.53373 0.999716 0.945456
1.53333 1.00143 0.945444
1.53299 0.99992 0.946485
1.53277 0.998516 0.946285
1.53308 0.999912 0.945321
1.53299 0.99992 0.946485
1.53267 0.998408 0.947529
1.53247 0.997117 0.947251
1.53277 0.998516 0.946285
1.53267 0.998408 0.947529
1.53232 0.9969 0.94857
1.53216 0.995721 0.948214
1.53247 0.997117 0.947251
1.53232 0.9969 0.94857
1.53195 0.995397 0.949608
1.53181 0.99433 0.949175
1.53216 0.995721 0.948214
1.53145 0.992941 0.950133
1.53217 0.994233 0.949242
1.53194 0.992976 0.94894
1.5313 0.991826 0.949734
1.53217 0.994233 0.949242
1.53278 0.995558 0.948327
1.53249 0.994156 0.948125
1.53194 0.992976 0.94894
1.53278 0.995558 0.948327
1.5333 0.996913 0.947391
1.53294 0.995363 0.947291
1.53249 0.994156 0.948125
1.5333 0.996913 0.947391
1.53366 0.998301 0.946433
1.53326 0.996599 0.946439
1.53294 0.995363 0.947291
1.53366 0.998301 0.946433
1.53373 0.999716 0.945456
1.53333 0.997859 0.945568
1.53326 0.996599 0.946439
1.53373 0.999716 0.945456
1.53308 0.999912 0.945321
1.53275 0.998033 0.945448
1.53333 0.997859 0.945568
1.53308 0.999912 0.945321
1.53277 0.998516 0.946285
1.53247 0.99679 0.946307
1.53275 0.998033 0.945448
1.53277 0.998516 0.946285
1.53247 0.997117 0.947251
1.53221 0.995544 0.947167
1.53247 0.99679 0.946307
1.53247 0.997117 0.947251
1.53216 0.995721 0.948214
1.53193 0.994301 0.948025
1.53221 0.995544 0.947167
1.53216 0.995721 0.948214
1.53181 0.99433 0.949175
1.53162 0.993062 0.94888
1.53193 0.994301 0.948025
1.5313 0.991826 0.949734
1.53194 0.992976 0.94894
1.5316 0.991364 0.948886
1.53108 0.990423 0.949536
1.53194 0.992976 0.94894
1.53249 0.994156 0.948125
1.53205 0.992331 0.948219
1.5316 0.991364 0.948886
1.53249 0.994156 0.948125
1.53294 0.995363 0.947291
1.53242 0.993319 0.947536
1.53205 0.992331 0.948219
1.53294 0.995363 0.947291
1.53326 0.996599 0.946439
1.53268 0.99433 0.946838
1.53242 0.993319 0.947536
1.53326 0.996599 0.946439
1.53333 0.997859 0.945568
1.53273 0.995362 0.946126
1.53268 0.99433 0.946838
1.53333 0.997859 0.945568
1.53275 0.998033 0.945448
1.53226 0.995504 0.946028
1.53273 0.995362 0.946126
1.53275 0.998033 0.945448
1.53247 0.99679 0.946307
1.53203 0.994486 0.94673
1.53226 0.995504 0.946028
1.53247 0.99679 0.946307
1.53221 0.995544 0.947167
1.53182 0.993466 0.947435
1.53203 0.994486 0.94673
1.53221 0.995544 0.947167
1.53193 0.994301 0.948025
1.53159 0.992449 0.948137
1.53182 0.993466 0.947435
1.53193 0.994301 0.948025
1.53162 0.993062 0.94888
1.53134 0.991435 0.948837
1.53159 0.992449 0.948137
1.53108 0.990423 0.949536
1.5316 0.991364 0.948886
1.53093 0.988695 0.949559
1.53064 0.988164 0.949925
1.5316 0.991364 0.948886
1.53205 0.992331 0.948219
1.53118 0.98924 0.949183
1.53093 0.988695 0.949559
1.53205 0.992331 0.948219
1.53242 0.993319 0.947536
1.53139 0.989797 0.948798
1.53118 0.98924 0.949183
1.53242 0.993319 0.947536
1.53268 0.99433 0.946838
1.53154 0.990367 0.948405
1.53139 0.989797 0.948798
1.53268 0.99433 0.946838
1.53273 0.995362 0.946126
1.53156 0.990948 0.948003
1.53154 0.990367 0.948405
1.53273 0.995362 0.946126
1.53226 0.995504 0.946028
1.5313 0.991028 0.947948
1.53156 0.990948 0.948003
1.53226 0.995504 0.946028
1.53203 0.994486 0.94673
1.53117 0.990455 0.948344
1.5313 0.991028 0.947948
1.53203 0.994486 0.94673
1.53182 0.993466 0.947435
1.53105 0.98988 0.948741
1.53117 0.990455 0.948344
1.53182 0.993466 0.947435
1.53159 0.992449 0.948137
1.53092 0.989307 0.949137
1.53105 0.98988 0.948741
1.53159 0.992449 0.948137
1.53134 0.991435 0.948837
1.53078 0.988735 0.949532
1.53092 0.989307 0.949137
1.53064 0.988164 0.949925
1.53093 0.988695 0.949559
1.53018 0.985809 0.950499
1.53014 0.985739 0.950548
1.53093 0.988695 0.949559
1.53118 0.98924 0.949183
1.53021 0.98588 0.95045
1.53018 0.985809 0.950499
1.53118 0.98924 0.949183
1.53139 0.989797 0.948798
1.53024 0.985953 0.950399
1.53021 0.98588 0.95045
1.53139 0.989797 0.948798
1.53154 0.990367 0.948405
1.53026 0.986028 0.950348
1.53024 0.985953 0.950399
1.53154 0.990367 0.948405
1.53156 0.990948 0.948003
1.53026 0.986104 0.950295
1.53026 0.986028 0.950348
1.53156 0.990948 0.948003
1.5313 0.991028 0.947948
1.53023 0.986115 0.950288
1.53026 0.986104 0.950295
1.5313 0.991028 0.947948
1.53117 0.990455 0.948344
1.53021 0.98604 0.95034
1.53023 0.986115 0.950288
1.53117 0.990455 0.948344
1.53105 0.98988 0.948741
1.53019 0.985964 0.950392
1.53021 0.98604 0.95034
1.53105 0.98988 0.948741
1.53092 0.989307 0.949137
1.53018 0.985889 0.950444
1.53019 0.985964 0.950392
1.53092 0.989307 0.949137
1.53078 0.988735 0.949532
1.53016 0.985814 0.950496
1.53018 0.985889 0.950444
1.53986 1.08892 1.07376
1.53634 1.08648 1.07545
1.53631 1.08485 1.07274
1.53988 1.08746 1.07094
1.53988 1.08746 1.07094
1.53631 1.08485 1.07274
1.5362 1.08227 1.06847
1.53982 1.08514 1.06649
1.53982 1.08514 1.06649
1.5362 1.08227 1.06847
1.53601 1.07961 1.06413
1.53961 1.08275 1.06196
1.53961 1.08275 1.06196
1.53601 1.07961 1.06413
1.53577 1.0769 1.05982
1.53932 1.08031 1.05747
1.53932 1.08031 1.05747
1.53577 1.0769 1.05982
1.53553 1.07414 1.05555
1.539 1.07778 1.05303
1.539 1.07778 1.05303
1.53553 1.07414 1.05555
1.53529 1.07134 1.05131
1.53867 1.07518 1.04866
1.53867 1.07518 1.04866
1.53529 1.07134 1.05131
1.53506 1.0685 1.04709
1.53832 1.07249 1.04433
1.53832 1.07249 1.04433
1.53506 1.0685 1.04709
1.53484 1.06562 1.0429
1.53796 1.06974 1.04005
1.53796 1.06974 1.04005
1.53484 1.06562 1.0429
1.53463 1.06271 1.03873
1.5376 1.06692 1.03582
1.5376 1.06692 1.03582
1.53463 1.06271 1.03873
1.53443 1.05977 1.03458
1.53724 1.06404 1.03163
1.53724 1.06404 1.03163
1.53443 1.05977 1.03458
1.53423 1.05681 1.03045
1.53688 1.0611 1.02748
1.53688 1.0611 1.02748
1.53423 1.05681 1.03045
1.53405 1.05382 1.02633
1.53653 1.05811 1.02337
1.53653 1.05811 1.02337
1.53405 1.05382 1.02633
1.53387 1.05081 1.02223
1.53619 1.05507 1.01929
1.53619 1.05507 1.01929
1.53387 1.05081 1.02223
1.5337 1.04777 1.01815
1.53585 1.05198 1.01524
1.53585 1.05198 1.01524
1.5337 1.04777 1.01815
1.53354 1.04472 1.01408
1.53553 1.04885 1.01123
1.53553 1.04885 1.01123
1.53354 1.04472 1.01408
1.53338 1.04165 1.01002
1.53522 1.04568 1.00724
1.53522 1.04568 1.00724
1.53338 1.04165 1.01002
1.53323 1.03856 1.00597
1.53492 1.04247 1.00327
1.53492 1.04247 1.00327
1.53323 1.03856 1.00597
1.53309 1.03546 1.00194
1.53463 1.03923 0.999332
1.53463 1.03923 0.999332
1.53309 1.03546 1.00194
1.53295 1.03234 0.997909
1.53435 1.03597 0.995408
1.53435 1.03597 0.995408
1.53295 1.03234 0.997909
1.53282 1.02921 0.993891
1.53409 1.03268 0.9915
1.53409 1.03268 0.9915
1.53282 1.02921 0.993891
1.53269 1.02607 0.989885
1.53386 1.02936 0.987613
1.53386 1.02936 0.987613
1.53269 1.02607 0.989885
1.53257 1.02292 0.985883
1.53363 1.02603 0.983734
1.53363 1.02603 0.983734
1.53257 1.02292 0.985883
1.53245 1.01975 0.98189
1.53342 1.02268 0.979868
1.53342 1.02268 0.979868
1.53245 1.01975 0.98189
1.53233 1.01657 0.977902
1.53322 1.01932 0.976006
1.53322 1.01932 0.976006
1.53233 1.01657 0.977902
1.53223 1.01339 0.973924
1.53303 1.01595 0.972154
1.53303 1.01595 0.972154
1.53223 1.01339 0.973924
1.53212 1.0102 0.969948
1.53285 1.01258 0.968302
1.53285 1.01258 0.968302
1.53212 1.0102 0.969948
1.53202 1.007 0.965977
1.53267 1.00921 0.964452
1.53267 1.00921 0.964452
1.53202 1.007 0.965977
1.53193 1.0038 0.962011
1.53251 1.00584 0.960602
1.53251 1.00584 0.960602
1.53193 1.0038 0.962011
1.53184 1.00059 0.958051
1.53236 1.00247 0.95675
1.53236 1.00247 0.95675
1.53184 1.00059 0.958051
1.53175 0.997505 0.95426
1.53222 0.999248 0.953058
1.53222 0.999248 0.953058
1.53175 0.997505 0.95426
1.53173 0.99676 0.953343
1.53219 0.99847 0.952163
1.53219 0.99847 0.952163
1.53173 0.99676 0.953343
1.53172 0.996147 0.952596
1.53216 0.997831 0.951434
1.53216 0.997831 0.951434
1.53172 0.996147 0.952596
1.53168 0.995483 0.951888
1.53212 0.997126 0.950753
1.53212 0.997126 0.950753
1.53168 0.995483 0.951888
1.53163 0.994736 0.951234
1.53205 0.996319 0.950141
1.53205 0.996319 0.950141
1.53163 0.994736 0.951234
1.53156 0.993897 0.950644
1.53195 0.995397 0.949608
1.53195 0.995397 0.949608
1.53156 0.993897 0.950644
1.53145 0.992941 0.950133
1.53181 0.99433 0.949175
1.53181 0.99433 0.949175
1.53145 0.992941 0.950133
1.5313 0.991826 0.949734
1.53162 0.993062 0.94888
1.53162 0.993062 0.94888
1.5313 0.991826 0.949734
1.53108 0.990423 0.949536
1.53134 0.991435 0.948837
1.53134 0.991435 0.948837
1.53108 0.990423 0.949536
1.53064 0.988164 0.949925
1.53078 0.988735 0.949532
1.53078 0.988735 0.949532
1.53064 0.988164 0.949925
1.53014 0.985739 0.950548
1.53016 0.985814 0.950496
1.5319 1.1008 1.1026
1.5319 1.1008 1.1026
1.5319 1.1008 1.1026
1.5319 1.1008 1.1026
1.5319 1.1008 1.1026
1.5319 1.1008 1.1026
1.5319 1.1008 1.1026
1.5319 1.1008 1.1026
1.5319 1.1008 1.1026
1.5319 1.1008 1.1026
1.5319 1.1008 1.1026
1.5319 1.1008 1.1026
1.5319 1.1008 1.1026
1.5319 1.1008 1.1026
1.5319 1.1008 1.1026
1.5319 1.1008 1.1026
1.5319 1.1008 1.1026
1.5319 1.1008 1.1026
1.5319 1.1008 1.1026
1.5319 1.1008 1.1026
1.5319 1.1008 1.1026
1.5319 1.1008 1.1026
1.5319 1.1008 1.1026
1.5319 1.1008 1.1026
1.5319 1.1008 1.1026
1.5319 1.1008 1.1026
1.5319 1.1008 1.1026
1.5319 1.1008 1.1026
1.5319 1.1008 1.1026
1.5319 1.1008 1.1026
1.5319 1.1008 1.1026
1.5319 1.1008 1.1026
1.5319 1.1008 1.1026
1.5319 1.1008 1.1026
1.5319 1.1008 1.1026
1.5319 1.1008 1.1026
1.5319 1.1008 1.1026
1.5319 1.1008 1.1026
1.5319 1.1008 1.1026
1.5319 1.1008 1.1026
1.5319 1.1008 1.1026
1.5319 1.1008 1.1026
1.5319 1.1008 1.1026
1.5319 1.1008 1.1026
1.5319 1.1008 1.1026
1.5319 1.1008 1.1026
1.5319 1.1008 1.1026
1.5319 1.1008 1.1026
1.5319 1.1008 1.1026
1.5319 1.1008 1.1026
1.5319 1.1008 1.1026
1.5319 1.1008 1.1026
1.5319 1.1008 1.1026
1.5319 1.1008 1.1026
1.5319 1.1008 1.1026
1.5319 1.1008 1.1026
1.5319 1.1008 1.1026
1.5319 1.1008 1.1026
1.5319 1.1008 1.1026
1.5319 1.1008 1.1026
1.5319 1.1008 1.1026
1.5319 1.1008 1.1026
1.5319 1.1008 1.1026
1.5319 1.1008 1.1026
1.5319 1.1008 1.1026
1.5319 1.1008 1.1026
1.5319 1.1008 1.1026
1.5319 1.1008 1.1026
1.5319 1.1008 1.1026
1.5319 1.1008 1.1026
1.5319 1.1008 1.1026
1.5319 1.1008 1.1026
1.5319 1.1008 1.1026
1.5319 1.1008 1.1026
1.5319 1.1008 1.1026
1.5319 1.1008 1.1026
1.5319 1.1008 1.1026
1.5319 1.1008 1.1026
1.5319 1.1008 1.1026
1.5319 1.1008 1.1026
1.5319 1.1008 1.1026
1.5319 1.1008 1.1026
1.5319 1.1008 1.1026
1.5319 1.1008 1.1026
1.5319 1.1008 1.1026
1.5319 1.1008 1.1026
1.5319 1.1008 1.1026
1.5319 1.1008 1.1026
1.53634 1.11512 1.12975
1.54073 1.11407 1.13048
1.54081 1.11551 1.13332
1.53631 1.11675 1.13246
1.54073 1.11407 1.13048
1.54489 1.11246 1.13159
1.54505 1.1137 1.13457
1.54081 1.11551 1.13332
1.54489 1.11246 1.13159
1.54889 1.11058 1.13289
1.54909 1.11161 1.13601
1.54505 1.1137 1.13457
1.54889 1.11058 1.13289
1.55255 1.10829 1.13447
1.55278 1.10912 1.13773
1.54909 1.11161 1.13601
1.55255 1.10829 1.13447
1.55504 1.10518 1.13662
1.55533 1.10586 1.13998
1.55278 1.10912 1.13773
1.55504 1.10518 1.13662
1.553 1.10232 1.13859
1.55319 1.10305 1.14192
1.55533 1.10586 1.13998
1.553 1.10232 1.13859
1.5492 1.10433 1.13721
1.54938 1.10533 1.14035
1.55319 1.10305 1.14192
1.5492 1.10433 1.13721
1.54611 1.10713 1.13527
1.54624 1.10829 1.1383
1.54938 1.10533 1.14035
1.54611 1.10713 1.13527
1.54305 1.10996 1.13332
1.54313 1.11127 1.13625
1.54624 1.10829 1.1383
1.54305 1.10996 1.13332
1.53986 1.11268 1.13144
1.53988 1.11414 1.13426
1.54313 1.11127 1.13625
1.53631 1.11675 1.13246
1.54081 1.11551 1.13332
1.54083 1.11776 1.13781
1.5362 1.11933 1.13673
1.54081 1.11551 1.13332
1.54505 1.1137 1.13457
1.54513 1.11563 1.13929
1.54083 1.11776 1.13781
1.54505 1.1137 1.13457
1.54909 1.11161 1.13601
1.54921 1.11321 1.14095
1.54513 1.11563 1.13929
1.54909 1.11161 1.13601
1.55278 1.10912 1.13773
1.55289 1.1104 1.14289
1.54921 1.11321 1.14095
1.55278 1.10912 1.13773
1.55533 1.10586 1.13998
1.55546 1.10689 1.14531
1.55289 1.1104 1.14289
1.55533 1.10586 1.13998
1.55319 1.10305 1.14192
1.55318 1.10421 1.14717
1.55546 1.10689 1.14531
1.55319 1.10305 1.14192
1.54938 1.10533 1.14035
1.54942 1.1069 1.14531
1.55318 1.10421 1.14717
1.54938 1.10533 1.14035
1.54624 1.10829 1.1383
1.54626 1.11011 1.14309
1.54942 1.1069 1.14531
1.54624 1.10829 1.1383
1.54313 1.11127 1.13625
1.54311 1.11334 1.14086
1.54626 1.11011 1.14309
1.54313 1.11127 1.13625
1.53988 1.11414 1.13426
1.53982 1.11646 1.13871
1.54311 1.11334 1.14086
1.5362 1.11933 1.13673
1.54083 1.11776 1.13781
1.54069 1.12006 1.1424
1.53601 1.12199 1.14107
1.54083 1.11776 1.13781
1.54513 1.11563 1.13929
1.545 1.11758 1.14411
1.54069 1.12006 1.1424
1.54513 1.11563 1.13929
1.54921 1.11321 1.14095
1.54905 1.11482 1.14602
1.545 1.11758 1.14411
1.54921 1.11321 1.14095
1.55289 1.1104 1.14289
1.55268 1.11169 1.14818
1.54905 1.11482 1.14602
1.55289 1.1104 1.14289
1.55546 1.10689 1.14531
1.55519 1.10793 1.15078
1.55268 1.11169 1.14818
1.55546 1.10689 1.14531
1.55318 1.10421 1.14717
1.55278 1.10541 1.15252
1.55519 1.10793 1.15078
1.55318 1.10421 1.14717
1.54942 1.1069 1.14531
1.54913 1.10849 1.15039
1.55278 1.10541 1.15252
1.54942 1.1069 1.14531
1.54626 1.11011 1.14309
1.54601 1.11197 1.14798
1.54913 1.10849 1.15039
1.54626 1.11011 1.14309
1.54311 1.11334 1.14086
1.54289 1.11546 1.14558
1.54601 1.11197 1.14798
1.54311 1.11334 1.14086
1.53982 1.11646 1.13871
1.53961 1.11885 1.14324
1.54289 1.11546 1.14558
1.53601 1.12199 1.14107
1.54069 1.12006 1.1424
1.54046 1.12242 1.14695
1.53577 1.1247 1.14538
1.54069 1.12006 1.1424
1.545 1.11758 1.14411
1.54473 1.11961 1.14889
1.54046 1.12242 1.14695
1.545 1.11758 1.14411
1.54905 1.11482 1.14602
1.54871 1.11652 1.15103
1.54473 1.11961 1.14889
1.54905 1.11482 1.14602
1.55268 1.11169 1.14818
1.55223 1.11308 1.1534
1.54871 1.11652 1.15103
1.55268 1.11169 1.14818
1.55519 1.10793 1.15078
1.55465 1.10908 1.15616
1.55223 1.11308 1.1534
1.55519 1.10793 1.15078
1.55278 1.10541 1.15252
1.55215 1.10675 1.15777
1.55465 1.10908 1.15616
1.55278 1.10541 1.15252
1.54913 1.10849 1.15039
1.54865 1.11018 1.1554
1.55215 1.10675 1.15777
1.54913 1.10849 1.15039
1.54601 1.11197 1.14798
1.5456 1.11392 1.15282
1.54865 1.11018 1.1554
1.54601 1.11197 1.14798
1.54289 1.11546 1.14558
1.54254 1.11765 1.15025
1.5456 1.11392 1.15282
1.54289 1.11546 1.14558
1.53961 1.11885 1.14324
1.53932 1.12129 1.14773
1.54254 1.11765 1.15025
1.53577 1.1247 1.14538
1.54046 1.12242 1.14695
1.54018 1.12486 1.15144
1.53553 1.12746 1.14965
1.54046 1.12242 1.14695
1.54473 1.11961 1.14889
1.54437 1.12177 1.15358
1.54018 1.12486 1.15144
1.54473 1.11961 1.14889
1.54871 1.11652 1.15103
1.54825 1.1184 1.15591
1.54437 1.12177 1.15358
1.54871 1.11652 1.15103
1.55223 1.11308 1.1534
1.55165 1.1147 1.15846
1.54825 1.1184 1.15591
1.55223 1.11308 1.1534
1.55465 1.10908 1.15616
1.55396 1.1105 1.16136
1.55165 1.1147 1.15846
1.55465 1.10908 1.15616
1.55215 1.10675 1.15777
1.55142 1.10835 1.16284
1.55396 1.1105 1.16136
1.55215 1.10675 1.15777
1.54865 1.11018 1.1554
1.54807 1.11207 1.16028
1.55142 1.10835 1.16284
1.54865 1.11018 1.1554
1.5456 1.11392 1.15282
1.54512 1.11602 1.15755
1.54807 1.11207 1.16028
1.5456 1.11392 1.15282
1.54254 1.11765 1.15025
1.54214 1.11996 1.15483
1.54512 1.11602 1.15755
1.54254 1.11765 1.15025
1.53932 1.12129 1.14773
1.539 1.12382 1.15217
1.54214 1.11996 1.15483
1.53553 1.12746 1.14965
1.54018 1.12486 1.15144
1.53986 1.12739 1.15588
1.53529 1.13026 1.15389
1.54018 1.12486 1.15144
1.54437 1.12177 1.15358
1.54396 1.12405 1.15818
1.53986 1.12739 1.15588
1.54437 1.12177 1.15358
1.54825 1.1184 1.15591
1.54771 1.12045 1.16067
1.54396 1.12405 1.15818
1.54825 1.1184 1.15591
1.55165 1.1147 1.15846
1.55097 1.11655 1.16336
1.54771 1.12045 1.16067
1.55165 1.1147 1.15846
1.55396 1.1105 1.16136
1.55316 1.11218 1.16638
1.55097 1.11655 1.16336
1.55396 1.1105 1.16136
1.55142 1.10835 1.16284
1.55061 1.11021 1.16774
1.55316 1.11218 1.16638
1.55142 1.10835 1.16284
1.54807 1.11207 1.16028
1.54742 1.11415 1.16502
1.55061 1.11021 1.16774
1.54807 1.11207 1.16028
1.54512 1.11602 1.15755
1.54458 1.11828 1.16217
1.54742 1.11415 1.16502
1.54512 1.11602 1.15755
1.54214 1.11996 1.15483
1.54171 1.12239 1.15933
1.54458 1.11828 1.16217
1.54214 1.11996 1.15483
1.539 1.12382 1.15217
1.53867 1.12642 1.15654
1.54171 1.12239 1.15933
1.53529 1.13026 1.15389
1.53986 1.12739 1.15588
1.53952 1.13 1.16025
1.53506 1.1331 1.15811
1.53986 1.12739 1.15588
1.54396 1.12405 1.15818
1.5435 1.12647 1.16269
1.53952 1.13 1.16025
1.54396 1.12405 1.15818
1.54771 1.12045 1.16067
1.54712 1.12268 1.16531
1.5435 1.12647 1.16269
1.54771 1.12045 1.16067
1.55097 1.11655 1.16336
1.55024 1.11861 1.16812
1.54712 1.12268 1.16531
1.55097 1.11655 1.16336
1.55316 1.11218 1.16638
1.55228 1.11411 1.17122
1.55024 1.11861 1.16812
1.55316 1.11218 1.16638
1.55061 1.11021 1.16774
1.54975 1.1123 1.17247
1.55228 1.11411 1.17122
1.55061 1.11021 1.16774
1.54742 1.11415 1.16502
1.54672 1.11642 1.16963
1.54975 1.1123 1.17247
1.54742 1.11415 1.16502
1.54458 1.11828 1.16217
1.54401 1.12069 1.16668
1.54672 1.11642 1.16963
1.54458 1.11828 1.16217
1.54171 1.12239 1.15933
1.54124 1.12493 1.16375
1.54401 1.12069 1.16668
1.54171 1.12239 1.15933
1.53867 1.12642 1.15654
1.53832 1.12911 1.16087
1.54124 1.12493 1.16375
1.53506 1.1331 1.15811
1.53952 1.13 1.16025
1.53918 1.1327 1.16457
1.53484 1.13598 1.1623
1.53952 1.13 1.16025
1.5435 1.12647 1.16269
1.54301 1.129 1.16712
1.53918 1.1327 1.16457
1.5435 1.12647 1.16269
1.54712 1.12268 1.16531
1.54649 1.12507 1.16983
1.54301 1.129 1.16712
1.54712 1.12268 1.16531
1.55024 1.11861 1.16812
1.54946 1.12088 1.17273
1.54649 1.12507 1.16983
1.55024 1.11861 1.16812
1.55228 1.11411 1.17122
1.55136 1.11629 1.1759
1.54946 1.12088 1.17273
1.55228 1.11411 1.17122
1.54975 1.1123 1.17247
1.54885 1.11462 1.17705
1.55136 1.11629 1.1759
1.54975 1.1123 1.17247
1.54672 1.11642 1.16963
1.54599 1.11886 1.17412
1.54885 1.11462 1.17705
1.54672 1.11642 1.16963
1.54401 1.12069 1.16668
1.5434 1.12323 1.1711
1.54599 1.11886 1.17412
1.54401 1.12069 1.16668
1.54124 1.12493 1.16375
1.54076 1.12758 1.1681
1.5434 1.12323 1.1711
1.54124 1.12493 1.16375
1.53832 1.12911 1.16087
1.53796 1.13186 1.16515
1.54076 1.12758 1.1681
1.53484 1.13598 1.1623
1.53918 1.1327 1.16457
1.53882 1.13546 1.16884
1.53463 1.13889 1.16647
1.53918 1.1327 1.16457
1.54301 1.129 1.16712
1.54251 1.13165 1.17147
1.53882 1.13546 1.16884
1.54301 1.129 1.16712
1.54649 1.12507 1.16983
1.54584 1.12762 1.17426
1.54251 1.13165 1.17147
1.54649 1.12507 1.16983
1.54946 1.12088 1.17273
1.54865 1.12333 1.17721
1.54584 1.12762 1.17426
1.54946 1.12088 1.17273
1.55136 1.11629 1.1759
1.55041 1.11869 1.18042
1.54865 1.12333 1.17721
1.55136 1.11629 1.1759
1.54885 1.11462 1.17705
1.54793 1.11714 1.18149
1.55041 1.11869 1.18042
1.54885 1.11462 1.17705
1.54599 1.11886 1.17412
1.54523 1.12148 1.1785
1.54793 1.11714 1.18149
1.54599 1.11886 1.17412
1.5434 1.12323 1.1711
1.54278 1.12591 1.17543
1.54523 1.12148 1.1785
1.5434 1.12323 1.1711
1.54076 1.12758 1.1681
1.54027 1.13033 1.17238
1.54278 1.12591 1.17543
1.54076 1.12758 1.1681
1.53796 1.13186 1.16515
1.5376 1.13468 1.16938
1.54027 1.13033 1.17238
1.53463 1.13889 1.16647
1.53882 1.13546 1.16884
1.53846 1.13829 1.17307
1.53443 1.14183 1.17062
1.53882 1.13546 1.16884
1.54251 1.13165 1.17147
1.542 1.1344 1.17575
1.53846 1.13829 1.17307
1.54251 1.13165 1.17147
1.54584 1.12762 1.17426
1.54517 1.1303 1.17858
1.542 1.1344 1.17575
1.54584 1.12762 1.17426
1.54865 1.12333 1.17721
1.54783 1.12597 1.18158
1.54517 1.1303 1.17858
1.54865 1.12333 1.17721
1.55041 1.11869 1.18042
1.54945 1.12131 1.18479
1.54783 1.12597 1.18158
1.55041 1.11869 1.18042
1.54793 1.11714 1.18149
1.54701 1.11986 1.18579
1.54945 1.12131 1.18479
1.54793 1.11714 1.18149
1.54523 1.12148 1.1785
1.54447 1.12425 1.18276
1.54701 1.11986 1.18579
1.54523 1.12148 1.1785
1.54278 1.12591 1.17543
1.54215 1.12872 1.17968
1.54447 1.12425 1.18276
1.54278 1.12591 1.17543
1.54027 1.13033 1.17238
1.53977 1.13317 1.1766
1.54215 1.12872 1.17968
1.54027 1.13033 1.17238
1.5376 1.13468 1.16938
1.53724 1.13756 1.17357
1.53977 1.13317 1.1766
1.53443 1.14183 1.17062
1.53846 1.13829 1.17307
1.5381 1.14118 1.17725
1.53423 1.14479 1.17475
1.53846 1.13829 1.17307
1.542 1.1344 1.17575
1.54148 1.13724 1.17996
1.5381 1.14118 1.17725
1.542 1.1344 1.17575
1.54517 1.1303 1.17858
1.5445 1.13311 1.18282
1.54148 1.13724 1.17996
1.54517 1.1303 1.17858
1.54783 1.12597 1.18158
1.54701 1.12876 1.18582
1.5445 1.13311 1.18282
1.54783 1.12597 1.18158
1.54945 1.12131 1.18479
1.54849 1.12411 1.18903
1.54701 1.12876 1.18582
1.54945 1.12131 1.18479
1.54701 1.11986 1.18579
1.54608 1.12277 1.18996
1.54849 1.12411 1.18903
1.54701 1.11986 1.18579
1.54447 1.12425 1.18276
1.5437 1.12717 1.18692
1.54608 1.12277 1.18996
1.54447 1.12425 1.18276
1.54215 1.12872 1.17968
1.54152 1.13164 1.18383
1.5437 1.12717 1.18692
1.54215 1.12872 1.17968
1.53977 1.13317 1.1766
1.53927 1.13609 1.18076
1.54152 1.13164 1.18383
1.53977 1.13317 1.1766
1.53724 1.13756 1.17357
1.53688 1.1405 1.17772
1.53927 1.13609 1.18076
1.53423 1.14479 1.17475
1.5381 1.14118 1.17725
1.53773 1.14412 1.18139
1.53405 1.14778 1.17887
1.5381 1.14118 1.17725
1.54148 1.13724 1.17996
1.54096 1.14018 1.18412
1.53773 1.14412 1.18139
1.54148 1.13724 1.17996
1.5445 1.13311 1.18282
1.54383 1.13605 1.18697
1.54096 1.14018 1.18412
1.5445 1.13311 1.18282
1.54701 1.12876 1.18582
1.54618 1.1317 1.18997
1.54383 1.13605 1.18697
1.54701 1.12876 1.18582
1.54849 1.12411 1.18903
1.54753 1.12709 1.19316
1.54618 1.1317 1.18997
1.54849 1.12411 1.18903
1.54608 1.12277 1.18996
1.54517 1.12584 1.19402
1.54753 1.12709 1.19316
1.54608 1.12277 1.18996
1.5437 1.12717 1.18692
1.54294 1.13023 1.19099
1.54517 1.12584 1.19402
1.5437 1.12717 1.18692
1.54152 1.13164 1.18383
1.54089 1.13468 1.18792
1.54294 1.13023 1.19099
1.54152 1.13164 1.18383
1.53927 1.13609 1.18076
1.53878 1.1391 1.18486
1.54089 1.13468 1.18792
1.53927 1.13609 1.18076
1.53688 1.1405 1.17772
1.53653 1.14349 1.18183
1.53878 1.1391 1.18486
1.53405 1.14778 1.17887
1.53773 1.14412 1.18139
1.53737 1.14712 1.1855
1.53387 1.15079 1.18297
1.53773 1.14412 1.18139
1.54096 1.14018 1.18412
1.54044 1.14319 1.18822
1.53737 1.14712 1.1855
1.54096 1.14018 1.18412
1.54383 1.13605 1.18697
1.54314 1.13908 1.19105
1.54044 1.14319 1.18822
1.54383 1.13605 1.18697
1.54618 1.1317 1.18997
1.54535 1.13478 1.19402
1.54314 1.13908 1.19105
1.54618 1.1317 1.18997
1.54753 1.12709 1.19316
1.54657 1.13023 1.19716
1.54535 1.13478 1.19402
1.54753 1.12709 1.19316
1.54517 1.12584 1.19402
1.54428 1.12907 1.19797
1.54657 1.13023 1.19716
1.54517 1.12584 1.19402
1.54294 1.13023 1.19099
1.5422 1.13342 1.19497
1.54428 1.12907 1.19797
1.54294 1.13023 1.19099
1.54089 1.13468 1.18792
1.54028 1.13782 1.19193
1.5422 1.13342 1.19497
1.54089 1.13468 1.18792
1.53878 1.1391 1.18486
1.5383 1.14219 1.18891
1.54028 1.13782 1.19193
1.53878 1.1391 1.18486
1.53653 1.14349 1.18183
1.53619 1.14653 1.18591
1.5383 1.14219 1.18891
1.53387 1.15079 1.18297
1.53737 1.14712 1.1855
1.53701 1.15017 1.18958
1.5337 1.15383 1.18705
1.53737 1.14712 1.1855
1.54044 1.14319 1.18822
1.53991 1.14628 1.19226
1.53701 1.15017 1.18958
1.54044 1.14319 1.18822
1.54314 1.13908 1.19105
1.54246 1.14222 1.19506
1.53991 1.14628 1.19226
1.54314 1.13908 1.19105
1.54535 1.13478 1.19402
1.54453 1.13799 1.19799
1.54246 1.14222 1.19506
1.54535 1.13478 1.19402
1.54657 1.13023 1.19716
1.54563 1.13353 1.20107
1.54453 1.13799 1.19799
1.54657 1.13023 1.19716
1.54428 1.12907 1.19797
1.54341 1.13245 1.20181
1.54563 1.13353 1.20107
1.54428 1.12907 1.19797
1.5422 1.13342 1.19497
1.54148 1.13673 1.19886
1.54341 1.13245 1.20181
1.5422 1.13342 1.19497
1.54028 1.13782 1.19193
1.53968 1.14105 1.19587
1.54148 1.13673 1.19886
1.54028 1.13782 1.19193
1.5383 1.14219 1.18891
1.53782 1.14535 1.1929
1.53968 1.14105 1.19587
1.5383 1.14219 1.18891
1.53619 1.14653 1.18591
1.53585 1.14962 1.18996
1.53782 1.14535 1.1929
1.5337 1.15383 1.18705
1.53701 1.15017 1.18958
1.53666 1.15326 1.19362
1.53354 1.15688 1.19112
1.53701 1.15017 1.18958
1.53991 1.14628 1.19226
1.53939 1.14943 1.19627
1.53666 1.15326 1.19362
1.53991 1.14628 1.19226
1.54246 1.14222 1.19506
1.54179 1.14545 1.19901
1.53939 1.14943 1.19627
1.54246 1.14222 1.19506
1.54453 1.13799 1.19799
1.54372 1.14131 1.20187
1.54179 1.14545 1.19901
1.54453 1.13799 1.19799
1.54563 1.13353 1.20107
1.54471 1.13695 1.20488
1.54372 1.14131 1.20187
1.54563 1.13353 1.20107
1.54341 1.13245 1.20181
1.54257 1.13596 1.20557
1.54471 1.13695 1.20488
1.54341 1.13245 1.20181
1.54148 1.13673 1.19886
1.54078 1.14015 1.20268
1.54257 1.13596 1.20557
1.54148 1.13673 1.19886
1.53968 1.14105 1.19587
1.5391 1.14437 1.19976
1.54078 1.14015 1.20268
1.53968 1.14105 1.19587
1.53782 1.14535 1.1929
1.53737 1.14858 1.19685
1.5391 1.14437 1.19976
1.53782 1.14535 1.1929
1.53585 1.14962 1.18996
1.53553 1.15275 1.19397
1.53737 1.14858 1.19685
1.53354 1.15688 1.19112
1.53666 1.15326 1.19362
1.53631 1.15639 1.19764
1.53338 1.15995 1.19518
1.53666 1.15326 1.19362
1.53939 1.14943 1.19627
1.53888 1.15265 1.20023
1.53631 1.15639 1.19764
1.53939 1.14943 1.19627
1.54179 1.14545 1.19901
1.54113 1.14876 1.20291
1.53888 1.15265 1.20023
1.54179 1.14545 1.19901
1.54372 1.14131 1.20187
1.54292 1.14473 1.20569
1.54113 1.14876 1.20291
1.54372 1.14131 1.20187
1.54471 1.13695 1.20488
1.5438 1.1405 1.20861
1.54292 1.14473 1.20569
1.54471 1.13695 1.20488
1.54257 1.13596 1.20557
1.54176 1.13959 1.20924
1.5438 1.1405 1.20861
1.54257 1.13596 1.20557
1.54078 1.14015 1.20268
1.5401 1.14366 1.20643
1.54176 1.13959 1.20924
1.54078 1.14015 1.20268
1.5391 1.14437 1.19976
1.53855 1.14777 1.20359
1.5401 1.14366 1.20643
1.5391 1.14437 1.19976
1.53737 1.14858 1.19685
1.53693 1.15186 1.20077
1.53855 1.14777 1.20359
1.53737 1.14858 1.19685
1.53553 1.15275 1.19397
1.53522 1.15592 1.19796
1.53693 1.15186 1.20077
1.53338 1.15995 1.19518
1.53631 1.15639 1.19764
1.53597 1.15956 1.20163
1.53323 1.16304 1.19923
1.53631 1.15639 1.19764
1.53888 1.15265 1.20023
1.53838 1.15592 1.20415
1.53597 1.15956 1.20163
1.53888 1.15265 1.20023
1.54113 1.14876 1.20291
1.54048 1.15215 1.20675
1.53838 1.15592 1.20415
1.54113 1.14876 1.20291
1.54292 1.14473 1.20569
1.54213 1.14824 1.20945
1.54048 1.15215 1.20675
1.54292 1.14473 1.20569
1.5438 1.1405 1.20861
1.54293 1.14415 1.21227
1.54213 1.14824 1.20945
1.5438 1.1405 1.20861
1.54176 1.13959 1.20924
1.54098 1.14332 1.21285
1.54293 1.14415 1.21227
1.54176 1.13959 1.20924
1.5401 1.14366 1.20643
1.53944 1.14726 1.21012
1.54098 1.14332 1.21285
1.5401 1.14366 1.20643
1.53855 1.14777 1.20359
1.538 1.15124 1.20738
1.53944 1.14726 1.21012
1.53855 1.14777 1.20359
1.53693 1.15186 1.20077
1.53651 1.1552 1.20464
1.538 1.15124 1.20738
1.53693 1.15186 1.20077
1.53522 1.15592 1.19796
1.53492 1.15913 1.20193
1.53651 1.1552 1.20464
1.53323 1.16304 1.19923
1.53597 1.15956 1.20163
1.53564 1.16276 1.2056
1.53309 1.16614 1.20326
1.53597 1.15956 1.20163
1.53838 1.15592 1.20415
1.53789 1.15924 1.20803
1.53564 1.16276 1.2056
1.53838 1.15592 1.20415
1.54048 1.15215 1.20675
1.53984 1.1556 1.21054
1.53789 1.15924 1.20803
1.54048 1.15215 1.20675
1.54213 1.14824 1.20945
1.54137 1.15183 1.21315
1.53984 1.1556 1.21054
1.54213 1.14824 1.20945
1.54293 1.14415 1.21227
1.54208 1.1479 1.21586
1.54137 1.15183 1.21315
1.54293 1.14415 1.21227
1.54098 1.14332 1.21285
1.54023 1.14713 1.21639
1.54208 1.1479 1.21586
1.54098 1.14332 1.21285
1.53944 1.14726 1.21012
1.53881 1.15094 1.21376
1.54023 1.14713 1.21639
1.53944 1.14726 1.21012
1.538 1.15124 1.20738
1.53748 1.15476 1.21112
1.53881 1.15094 1.21376
1.538 1.15124 1.20738
1.53651 1.1552 1.20464
1.5361 1.15858 1.20849
1.53748 1.15476 1.21112
1.53651 1.1552 1.20464
1.53492 1.15913 1.20193
1.53463 1.16237 1.20587
1.5361 1.15858 1.20849
1.53309 1.16614 1.20326
1.53564 1.16276 1.2056
1.53531 1.16599 1.20955
1.53295 1.16926 1.20729
1.53564 1.16276 1.2056
1.53789 1.15924 1.20803
1.53741 1.1626 1.21189
1.53531 1.16599 1.20955
1.53789 1.15924 1.20803
1.53984 1.1556 1.21054
1.53922 1.15911 1.2143
1.53741 1.1626 1.21189
1.53984 1.1556 1.21054
1.54137 1.15183 1.21315
1.54064 1.15549 1.2168
1.53922 1.15911 1.2143
1.54137 1.15183 1.21315
1.54208 1.1479 1.21586
1.54126 1.15173 1.21939
1.54064 1.15549 1.2168
1.54208 1.1479 1.21586
1.54023 1.14713 1.21639
1.53951 1.15103 1.21988
1.54126 1.15173 1.21939
1.54023 1.14713 1.21639
1.53881 1.15094 1.21376
1.53821 1.15468 1.21736
1.53951 1.15103 1.21988
1.53881 1.15094 1.21376
1.53748 1.15476 1.21112
1.53699 1.15834 1.21483
1.53821 1.15468 1.21736
1.53748 1.15476 1.21112
1.5361 1.15858 1.20849
1.5357 1.162 1.2123
1.53699 1.15834 1.21483
1.5361 1.15858 1.20849
1.53463 1.16237 1.20587
1.53435 1.16563 1.20979
1.5357 1.162 1.2123
1.53295 1.16926 1.20729
1.53531 1.16599 1.20955
1.535 1.16925 1.21348
1.53282 1.17239 1.21131
1.53531 1.16599 1.20955
1.53741 1.1626 1.21189
1.53694 1.166 1.21572
1.535 1.16925 1.21348
1.53741 1.1626 1.21189
1.53922 1.15911 1.2143
1.53862 1.16266 1.21802
1.53694 1.166 1.21572
1.53922 1.15911 1.2143
1.54064 1.15549 1.2168
1.53993 1.15921 1.22041
1.53862 1.16266 1.21802
1.54064 1.15549 1.2168
1.54126 1.15173 1.21939
1.54048 1.15563 1.22288
1.53993 1.15921 1.22041
1.54126 1.15173 1.21939
1.53951 1.15103 1.21988
1.53882 1.15499 1.22332
1.54048 1.15563 1.22288
1.53951 1.15103 1.21988
1.53821 1.15468 1.21736
1.53764 1.15847 1.22092
1.53882 1.15499 1.22332
1.53821 1.15468 1.21736
1.53699 1.15834 1.21483
1.53651 1.16197 1.2185
1.53764 1.15847 1.22092
1.53699 1.15834 1.21483
1.5357 1.162 1.2123
1.53533 1.16545 1.2161
1.53651 1.16197 1.2185
1.5357 1.162 1.2123
1.53435 1.16563 1.20979
1.53409 1.16892 1.2137
1.53533 1.16545 1.2161
1.53282 1.17239 1.21131
1.535 1.16925 1.21348
1.53471 1.17254 1.21738
1.53269 1.17553 1.21532
1.535 1.16925 1.21348
1.53694 1.166 1.21572
1.53651 1.16945 1.21952
1.53471 1.17254 1.21738
1.53694 1.166 1.21572
1.53862 1.16266 1.21802
1.53806 1.16627 1.22171
1.53651 1.16945 1.21952
1.53862 1.16266 1.21802
1.53993 1.15921 1.22041
1.53925 1.16298 1.22398
1.53806 1.16627 1.22171
1.53993 1.15921 1.22041
1.54048 1.15563 1.22288
1.53973 1.15959 1.22632
1.53925 1.16298 1.22398
1.54048 1.15563 1.22288
1.53882 1.15499 1.22332
1.53817 1.159 1.22673
1.53973 1.15959 1.22632
1.53882 1.15499 1.22332
1.53764 1.15847 1.22092
1.5371 1.16231 1.22444
1.53817 1.159 1.22673
1.53764 1.15847 1.22092
1.53651 1.16197 1.2185
1.53607 1.16563 1.22215
1.5371 1.16231 1.22444
1.53651 1.16197 1.2185
1.53533 1.16545 1.2161
1.53499 1.16894 1.21986
1.53607 1.16563 1.22215
1.53533 1.16545 1.2161
1.53409 1.16892 1.2137
1.53386 1.17224 1.21759
1.53499 1.16894 1.21986
1.53269 1.17553 1.21532
1.53471 1.17254 1.21738
1.53444 1.17584 1.22128
1.53257 1.17868 1.21932
1.53471 1.17254 1.21738
1.53651 1.16945 1.21952
1.5361 1.17291 1.2233
1.53444 1.17584 1.22128
1.53651 1.16945 1.21952
1.53806 1.16627 1.22171
1.53752 1.1699 1.22538
1.5361 1.17291 1.2233
1.53806 1.16627 1.22171
1.53925 1.16298 1.22398
1.5386 1.16679 1.22753
1.53752 1.1699 1.22538
1.53925 1.16298 1.22398
1.53973 1.15959 1.22632
1.53902 1.16359 1.22974
1.5386 1.16679 1.22753
1.53973 1.15959 1.22632
1.53817 1.159 1.22673
1.53756 1.16305 1.23011
1.53902 1.16359 1.22974
1.53817 1.159 1.22673
1.5371 1.16231 1.22444
1.53658 1.16618 1.22795
1.53756 1.16305 1.23011
1.5371 1.16231 1.22444
1.53607 1.16563 1.22215
1.53565 1.16932 1.22578
1.53658 1.16618 1.22795
1.53607 1.16563 1.22215
1.53499 1.16894 1.21986
1.53467 1.17245 1.22362
1.53565 1.16932 1.22578
1.53499 1.16894 1.21986
1.53386 1.17224 1.21759
1.53363 1.17557 1.22147
1.53467 1.17245 1.22362
1.53257 1.17868 1.21932
1.53444 1.17584 1.22128
1.53417 1.17917 1.22516
1.53245 1.18185 1.22331
1.53444 1.17584 1.22128
1.5361 1.17291 1.2233
1.5357 1.1764 1.22707
1.53417 1.17917 1.22516
1.5361 1.17291 1.2233
1.53752 1.1699 1.22538
1.537 1.17356 1.22903
1.5357 1.1764 1.22707
1.53752 1.1699 1.22538
1.5386 1.16679 1.22753
1.53799 1.17064 1.23105
1.537 1.17356 1.22903
1.5386 1.16679 1.22753
1.53902 1.16359 1.22974
1.53835 1.16762 1.23314
1.53799 1.17064 1.23105
1.53902 1.16359 1.22974
1.53756 1.16305 1.23011
1.53698 1.16713 1.23347
1.53835 1.16762 1.23314
1.53756 1.16305 1.23011
1.53658 1.16618 1.22795
1.5361 1.17008 1.23144
1.53698 1.16713 1.23347
1.53658 1.16618 1.22795
1.53565 1.16932 1.22578
1.53526 1.17304 1.2294
1.5361 1.17008 1.23144
1.53565 1.16932 1.22578
1.53467 1.17245 1.22362
1.53437 1.17599 1.22736
1.53526 1.17304 1.2294
1.53467 1.17245 1.22362
1.53363 1.17557 1.22147
1.53342 1.17892 1.22533
1.53437 1.17599 1.22736
1.53245 1.18185 1.22331
1.53417 1.17917 1.22516
1.53392 1.1825 1.22904
1.53233 1.18503 1.2273
1.53417 1.17917 1.22516
1.5357 1.1764 1.22707
1.53532 1.17991 1.23083
1.53392 1.1825 1.22904
1.5357 1.1764 1.22707
1.537 1.17356 1.22903
1.53651 1.17724 1.23267
1.53532 1.17991 1.23083
1.537 1.17356 1.22903
1.53799 1.17064 1.23105
1.5374 1.1745 1.23457
1.53651 1.17724 1.23267
1.53799 1.17064 1.23105
1.53835 1.16762 1.23314
1.53771 1.17167 1.23652
1.5374 1.1745 1.23457
1.53835 1.16762 1.23314
1.53698 1.16713 1.23347
1.53643 1.17123 1.23682
1.53771 1.17167 1.23652
1.53698 1.16713 1.23347
1.5361 1.17008 1.23144
1.53564 1.17399 1.23492
1.53643 1.17123 1.23682
1.5361 1.17008 1.23144
1.53526 1.17304 1.2294
1.53488 1.17676 1.233
1.53564 1.17399 1.23492
1.53526 1.17304 1.2294
1.53437 1.17599 1.22736
1.53408 1.17953 1.23109
1.53488 1.17676 1.233
1.53437 1.17599 1.22736
1.53342 1.17892 1.22533
1.53322 1.18228 1.22919
1.53408 1.17953 1.23109
1.53233 1.18503 1.2273
1.53392 1.1825 1.22904
1.53368 1.18585 1.23291
1.53223 1.18821 1.23128
1.53392 1.1825 1.22904
1.53532 1.17991 1.23083
1.53495 1.18342 1.23458
1.53368 1.18585 1.23291
1.53532 1.17991 1.23083
1.53651 1.17724 1.23267
1.53604 1.18093 1.2363
1.53495 1.18342 1.23458
1.53651 1.17724 1.23267
1.5374 1.1745 1.23457
1.53684 1.17837 1.23807
1.53604 1.18093 1.2363
1.5374 1.1745 1.23457
1.53771 1.17167 1.23652
1.53711 1.17573 1.23989
1.53684 1.17837 1.23807
1.53771 1.17167 1.23652
1.53643 1.17123 1.23682
1.53592 1.17533 1.24017
1.53711 1.17573 1.23989
1.53643 1.17123 1.23682
1.53564 1.17399 1.23492
1.53521 1.17791 1.23839
1.53592 1.17533 1.24017
1.53564 1.17399 1.23492
1.53488 1.17676 1.233
1.53453 1.1805 1.2366
1.53521 1.17791 1.23839
1.53488 1.17676 1.233
1.53408 1.17953 1.23109
1.5338 1.18308 1.23482
1.53453 1.1805 1.2366
1.53408 1.17953 1.23109
1.53322 1.18228 1.22919
1.53303 1.18565 1.23305
1.5338 1.18308 1.23482
1.53223 1.18821 1.23128
1.53368 1.18585 1.23291
1.53345 1.1892 1.23677
1.53212 1.1914 1.23525
1.53368 1.18585 1.23291
1.53495 1.18342 1.23458
1.53461 1.18694 1.23833
1.53345 1.1892 1.23677
1.53495 1.18342 1.23458
1.53604 1.18093 1.2363
1.53559 1.18462 1.23993
1.53461 1.18694 1.23833
1.53604 1.18093 1.2363
1.53684 1.17837 1.23807
1.53632 1.18224 1.24158
1.53559 1.18462 1.23993
1.53684 1.17837 1.23807
1.53711 1.17573 1.23989
1.53654 1.17979 1.24327
1.53632 1.18224 1.24158
1.53711 1.17573 1.23989
1.53592 1.17533 1.24017
1.53544 1.17942 1.24352
1.53654 1.17979 1.24327
1.53592 1.17533 1.24017
1.53521 1.17791 1.23839
1.5348 1.18182 1.24186
1.53544 1.17942 1.24352
1.53521 1.17791 1.23839
1.53453 1.1805 1.2366
1.53419 1.18423 1.2402
1.5348 1.18182 1.24186
1.53453 1.1805 1.2366
1.5338 1.18308 1.23482
1.53354 1.18663 1.23855
1.53419 1.18423 1.2402
1.5338 1.18308 1.23482
1.53303 1.18565 1.23305
1.53285 1.18902 1.2369
1.53354 1.18663 1.23855
1.53212 1.1914 1.23525
1.53345 1.1892 1.23677
1.53323 1.19256 1.24063
1.53202 1.1946 1.23922
1.53345 1.1892 1.23677
1.53461 1.18694 1.23833
1.53429 1.19046 1.24208
1.53323 1.19256 1.24063
1.53461 1.18694 1.23833
1.53559 1.18462 1.23993
1.53518 1.1883 1.24357
1.53429 1.19046 1.24208
1.53559 1.18462 1.23993
1.53632 1.18224 1.24158
1.53583 1.1861 1.24509
1.53518 1.1883 1.24357
1.53632 1.18224 1.24158
1.53654 1.17979 1.24327
1.53602 1.18383 1.24665
1.53583 1.1861 1.24509
1.53654 1.17979 1.24327
1.53544 1.17942 1.24352
1.53499 1.1835 1.24688
1.53602 1.18383 1.24665
1.53544 1.17942 1.24352
1.5348 1.18182 1.24186
1.53442 1.18573 1.24535
1.53499 1.1835 1.24688
1.5348 1.18182 1.24186
1.53419 1.18423 1.2402
1.53388 1.18795 1.24381
1.53442 1.18573 1.24535
1.53419 1.18423 1.2402
1.53354 1.18663 1.23855
1.5333 1.19018 1.24228
1.53388 1.18795 1.24381
1.53354 1.18663 1.23855
1.53285 1.18902 1.2369
1.53267 1.19239 1.24075
1.5333 1.19018 1.24228
1.53202 1.1946 1.23922
1.53323 1.19256 1.24063
1.53303 1.19591 1.24449
1.53193 1.1978 1.24319
1.53323 1.19256 1.24063
1.53429 1.19046 1.24208
1.53399 1.19397 1.24584
1.53303 1.19591 1.24449
1.53429 1.19046 1.24208
1.53518 1.1883 1.24357
1.53479 1.19198 1.24721
1.53399 1.19397 1.24584
1.53518 1.1883 1.24357
1.53583 1.1861 1.24509
1.53537 1.18994 1.24862
1.53479 1.19198 1.24721
1.53583 1.1861 1.24509
1.53602 1.18383 1.24665
1.53553 1.18785 1.25006
1.53537 1.18994 1.24862
1.53602 1.18383 1.24665
1.53499 1.1835 1.24688
1.53458 1.18755 1.25027
1.53553 1.18785 1.25006
1.53499 1.1835 1.24688
1.53442 1.18573 1.24535
1.53407 1.18961 1.24885
1.53458 1.18755 1.25027
1.53442 1.18573 1.24535
1.53388 1.18795 1.24381
1.53359 1.19167 1.24743
1.53407 1.18961 1.24885
1.53388 1.18795 1.24381
1.5333 1.19018 1.24228
1.53307 1.19372 1.24601
1.53359 1.19167 1.24743
1.5333 1.19018 1.24228
1.53267 1.19239 1.24075
1.53251 1.19576 1.2446
1.53307 1.19372 1.24601
1.53193 1.1978 1.24319
1.53303 1.19591 1.24449
1.53284 1.19927 1.24836
1.53184 1.20101 1.24715
1.53303 1.19591 1.24449
1.53399 1.19397 1.24584
1.5337 1.19747 1.24959
1.53284 1.19927 1.24836
1.53399 1.19397 1.24584
1.53479 1.19198 1.24721
1.53443 1.19564 1.25086
1.5337 1.19747 1.24959
1.53479 1.19198 1.24721
1.53537 1.18994 1.24862
1.53495 1.19376 1.25216
1.53443 1.19564 1.25086
1.53537 1.18994 1.24862
1.53553 1.18785 1.25006
1.53508 1.19183 1.25349
1.53495 1.19376 1.25216
1.53553 1.18785 1.25006
1.53458 1.18755 1.25027
1.53421 1.19156 1.25368
1.53508 1.19183 1.25349
1.53458 1.18755 1.25027
1.53407 1.18961 1.24885
1.53375 1.19345 1.25237
1.53421 1.19156 1.25368
1.53407 1.18961 1.24885
1.53359 1.19167 1.24743
1.53332 1.19535 1.25106
1.53375 1.19345 1.25237
1.53359 1.19167 1.24743
1.53307 1.19372 1.24601
1.53286 1.19724 1.24975
1.53332 1.19535 1.25106
1.53307 1.19372 1.24601
1.53251 1.19576 1.2446
1.53236 1.19913 1.24845
1.53286 1.19724 1.24975
1.53184 1.20101 1.24715
1.53284 1.19927 1.24836
1.53266 1.20248 1.25206
1.53175 1.20409 1.25094
1.53284 1.19927 1.24836
1.5337 1.19747 1.24959
1.53346 1.20081 1.2532
1.53266 1.20248 1.25206
1.5337 1.19747 1.24959
1.53443 1.19564 1.25086
1.53411 1.19912 1.25438
1.53346 1.20081 1.2532
1.53443 1.19564 1.25086
1.53495 1.19376 1.25216
1.53458 1.19738 1.25558
1.53411 1.19912 1.25438
1.53495 1.19376 1.25216
1.53508 1.19183 1.25349
1.53469 1.1956 1.25681
1.53458 1.19738 1.25558
1.53508 1.19183 1.25349
1.53421 1.19156 1.25368
1.53388 1.19535 1.25698
1.53469 1.1956 1.25681
1.53421 1.19156 1.25368
1.53375 1.19345 1.25237
1.53347 1.1971 1.25577
1.53388 1.19535 1.25698
1.53375 1.19345 1.25237
1.53332 1.19535 1.25106
1.53309 1.19886 1.25456
1.53347 1.1971 1.25577
1.53332 1.19535 1.25106
1.53286 1.19724 1.24975
1.53267 1.20061 1.25335
1.53309 1.19886 1.25456
1.53286 1.19724 1.24975
1.53236 1.19913 1.24845
1.53222 1.20235 1.25214
1.53267 1.20061 1.25335
1.53175 1.20409 1.25094
1.53266 1.20248 1.25206
1.53263 1.20325 1.25295
1.53173 1.20484 1.25186
1.53266 1.20248 1.25206
1.53346 1.20081 1.2532
1.5334 1.20162 1.25408
1.53263 1.20325 1.25295
1.53346 1.20081 1.2532
1.53411 1.19912 1.25438
1.53404 1.19995 1.25523
1.5334 1.20162 1.25408
1.53411 1.19912 1.25438
1.53458 1.19738 1.25558
1.5345 1.19825 1.25641
1.53404 1.19995 1.25523
1.53458 1.19738 1.25558
1.53469 1.1956 1.25681
1.5346 1.1965 1.25762
1.5345 1.19825 1.25641
1.53469 1.1956 1.25681
1.53388 1.19535 1.25698
1.5338 1.19626 1.25778
1.5346 1.1965 1.25762
1.53388 1.19535 1.25698
1.53347 1.1971 1.25577
1.53341 1.19798 1.2566
1.5338 1.19626 1.25778
1.53347 1.1971 1.25577
1.53309 1.19886 1.25456
1.53303 1.1997 1.25541
1.53341 1.19798 1.2566
1.53309 1.19886 1.25456
1.53267 1.20061 1.25335
1.53263 1.20142 1.25422
1.53303 1.1997 1.25541
1.53267 1.20061 1.25335
1.53222 1.20235 1.25214
1.53219 1.20313 1.25304
1.53263 1.20142 1.25422
1.53173 1.20484 1.25186
1.53263 1.20325 1.25295
1.53259 1.20389 1.25368
1.53172 1.20545 1.2526
1.53263 1.20325 1.25295
1.5334 1.20162 1.25408
1.53335 1.20228 1.25479
1.53259 1.20389 1.25368
1.5334 1.20162 1.25408
1.53404 1.19995 1.25523
1.53398 1.20064 1.25593
1.53335 1.20228 1.25479
1.53404 1.19995 1.25523
1.5345 1.19825 1.25641
1.53443 1.19896 1.25709
1.53398 1.20064 1.25593
1.5345 1.19825 1.25641
1.5346 1.1965 1.25762
1.53453 1.19724 1.25827
1.53443 1.19896 1.25709
1.5346 1.1965 1.25762
1.5338 1.19626 1.25778
1.53374 1.197 1.25844
1.53453 1.19724 1.25827
1.5338 1.19626 1.25778
1.53341 1.19798 1.2566
1.53335 1.19869 1.25727
1.53374 1.197 1.25844
1.53341 1.19798 1.2566
1.53303 1.1997 1.25541
1.53299 1.20039 1.2561
1.53335 1.19869 1.25727
1.53303 1.1997 1.25541
1.53263 1.20142 1.25422
1.53259 1.20208 1.25493
1.53299 1.20039 1.2561
1.53263 1.20142 1.25422
1.53219 1.20313 1.25304
1.53216 1.20377 1.25377
1.53259 1.20208 1.25493
1.53172 1.20545 1.2526
1.53259 1.20389 1.25368
1.53254 1.20459 1.25437
1.53168 1.20612 1.25331
1.53259 1.20389 1.25368
1.53335 1.20228 1.25479
1.53328 1.20302 1.25545
1.53254 1.20459 1.25437
1.53335 1.20228 1.25479
1.53398 1.20064 1.25593
1.53389 1.20142 1.25656
1.53328 1.20302 1.25545
1.53398 1.20064 1.25593
1.53443 1.19896 1.25709
1.53433 1.19978 1.25769
1.53389 1.20142 1.25656
1.53443 1.19896 1.25709
1.53453 1.19724 1.25827
1.53442 1.1981 1.25885
1.53433 1.19978 1.25769
1.53453 1.19724 1.25827
1.53374 1.197 1.25844
1.53365 1.19787 1.25901
1.53442 1.1981 1.25885
1.53374 1.197 1.25844
1.53335 1.19869 1.25727
1.53327 1.19952 1.25787
1.53365 1.19787 1.25901
1.53335 1.19869 1.25727
1.53299 1.20039 1.2561
1.53292 1.20118 1.25672
1.53327 1.19952 1.25787
1.53299 1.20039 1.2561
1.53259 1.20208 1.25493
1.53253 1.20283 1.25558
1.53292 1.20118 1.25672
1.53259 1.20208 1.25493
1.53216 1.20377 1.25377
1.53212 1.20447 1.25445
1.53253 1.20283 1.25558
1.53168 1.20612 1.25331
1.53254 1.20459 1.25437
1.53245 1.20539 1.25498
1.53163 1.20686 1.25397
1.53254 1.20459 1.25437
1.53328 1.20302 1.25545
1.53316 1.20388 1.25603
1.53245 1.20539 1.25498
1.53328 1.20302 1.25545
1.53389 1.20142 1.25656
1.53375 1.20234 1.25709
1.53316 1.20388 1.25603
1.53389 1.20142 1.25656
1.53433 1.19978 1.25769
1.53417 1.20076 1.25818
1.53375 1.20234 1.25709
1.53433 1.19978 1.25769
1.53442 1.1981 1.25885
1.53426 1.19914 1.2593
1.53417 1.20076 1.25818
1.53442 1.1981 1.25885
1.53365 1.19787 1.25901
1.53352 1.19892 1.25945
1.53426 1.19914 1.2593
1.53365 1.19787 1.25901
1.53327 1.19952 1.25787
1.53316 1.20051 1.25835
1.53352 1.19892 1.25945
1.53327 1.19952 1.25787
1.53292 1.20118 1.25672
1.53281 1.2021 1.25725
1.53316 1.20051 1.25835
1.53292 1.20118 1.25672
1.53253 1.20283 1.25558
1.53245 1.20369 1.25615
1.53281 1.2021 1.25725
1.53253 1.20283 1.25558
1.53212 1.20447 1.25445
1.53205 1.20528 1.25506
1.53245 1.20369 1.25615
1.53163 1.20686 1.25397
1.53245 1.20539 1.25498
1.53233 1.20631 1.25552
1.53156 1.2077 1.25456
1.53245 1.20539 1.25498
1.53316 1.20388 1.25603
1.533 1.20488 1.25651
1.53233 1.20631 1.25552
1.53316 1.20388 1.25603
1.53375 1.20234 1.25709
1.53356 1.20341 1.25752
1.533 1.20488 1.25651
1.53375 1.20234 1.25709
1.53417 1.20076 1.25818
1.53395 1.20191 1.25855
1.53356 1.20341 1.25752
1.53417 1.20076 1.25818
1.53426 1.19914 1.2593
1.53403 1.20038 1.25961
1.53395 1.20191 1.25855
1.53426 1.19914 1.2593
1.53352 1.19892 1.25945
1.53333 1.20017 1.25976
1.53403 1.20038 1.25961
1.53352 1.19892 1.25945
1.53316 1.20051 1.25835
1.53299 1.20168 1.25871
1.53333 1.20017 1.25976
1.53316 1.20051 1.25835
1.53281 1.2021 1.25725
1.53267 1.20319 1.25767
1.53299 1.20168 1.25871
1.53281 1.2021 1.25725
1.53245 1.20369 1.25615
1.53232 1.2047 1.25663
1.53267 1.20319 1.25767
1.53245 1.20369 1.25615
1.53205 1.20528 1.25506
1.53195 1.2062 1.25559
1.53232 1.2047 1.25663
1.53156 1.2077 1.25456
1.53233 1.20631 1.25552
1.53217 1.20737 1.25596
1.53145 1.20866 1.25507
1.53233 1.20631 1.25552
1.533 1.20488 1.25651
1.53278 1.20604 1.25687
1.53217 1.20737 1.25596
1.533 1.20488 1.25651
1.53356 1.20341 1.25752
1.5333 1.20469 1.25781
1.53278 1.20604 1.25687
1.53356 1.20341 1.25752
1.53395 1.20191 1.25855
1.53366 1.2033 1.25877
1.5333 1.20469 1.25781
1.53395 1.20191 1.25855
1.53403 1.20038 1.25961
1.53373 1.20188 1.25974
1.53366 1.2033 1.25877
1.53403 1.20038 1.25961
1.53333 1.20017 1.25976
1.53308 1.20169 1.25988
1.53373 1.20188 1.25974
1.53333 1.20017 1.25976
1.53299 1.20168 1.25871
1.53277 1.20308 1.25892
1.53308 1.20169 1.25988
1.53299 1.20168 1.25871
1.53267 1.20319 1.25767
1.53247 1.20448 1.25795
1.53277 1.20308 1.25892
1.53267 1.20319 1.25767
1.53232 1.2047 1.25663
1.53216 1.20588 1.25699
1.53247 1.20448 1.25795
1.53232 1.2047 1.25663
1.53195 1.2062 1.25559
1.53181 1.20727 1.25603
1.53216 1.20588 1.25699
1.53145 1.20866 1.25507
1.53217 1.20737 1.25596
1.53194 1.20862 1.25626
1.5313 1.20977 1.25547
1.53217 1.20737 1.25596
1.53278 1.20604 1.25687
1.53249 1.20744 1.25708
1.53194 1.20862 1.25626
1.53278 1.20604 1.25687
1.5333 1.20469 1.25781
1.53294 1.20624 1.25791
1.53249 1.20744 1.25708
1.5333 1.20469 1.25781
1.53366 1.2033 1.25877
1.53326 1.205 1.25876
1.53294 1.20624 1.25791
1.53366 1.2033 1.25877
1.53373 1.20188 1.25974
1.53333 1.20374 1.25963
1.53326 1.205 1.25876
1.53373 1.20188 1.25974
1.53308 1.20169 1.25988
1.53275 1.20357 1.25975
1.53333 1.20374 1.25963
1.53308 1.20169 1.25988
1.53277 1.20308 1.25892
1.53247 1.20481 1.25889
1.53275 1.20357 1.25975
1.53277 1.20308 1.25892
1.53247 1.20448 1.25795
1.53221 1.20606 1.25803
1.53247 1.20481 1.25889
1.53247 1.20448 1.25795
1.53216 1.20588 1.25699
1.53193 1.2073 1.25718
1.53221 1.20606 1.25803
1.53216 1.20588 1.25699
1.53181 1.20727 1.25603
1.53162 1.20854 1.25632
1.53193 1.2073 1.25718
1.5313 1.20977 1.25547
1.53194 1.20862 1.25626
1.5316 1.21024 1.25631
1.53108 1.21118 1.25566
1.53194 1.20862 1.25626
1.53249 1.20744 1.25708
1.53205 1.20927 1.25698
1.5316 1.21024 1.25631
1.53249 1.20744 1.25708
1.53294 1.20624 1.25791
1.53242 1.20828 1.25766
1.53205 1.20927 1.25698
1.53294 1.20624 1.25791
1.53326 1.205 1.25876
1.53268 1.20727 1.25836
1.53242 1.20828 1.25766
1.53326 1.205 1.25876
1.53333 1.20374 1.25963
1.53273 1.20624 1.25907
1.53268 1.20727 1.25836
1.53333 1.20374 1.25963
1.53275 1.20357 1.25975
1.53226 1.2061 1.25917
1.53273 1.20624 1.25907
1.53275 1.20357 1.25975
1.53247 1.20481 1.25889
1.53203 1.20711 1.25847
1.53226 1.2061 1.25917
1.53247 1.20481 1.25889
1.53221 1.20606 1.25803
1.53182 1.20813 1.25777
1.53203 1.20711 1.25847
1.53221 1.20606 1.25803
1.53193 1.2073 1.25718
1.53159 1.20915 1.25706
1.53182 1.20813 1.25777
1.53193 1.2073 1.25718
1.53162 1.20854 1.25632
1.53134 1.21017 1.25636
1.53159 1.20915 1.25706
1.53108 1.21118 1.25566
1.5316 1.21024 1.25631
1.53093 1.2129 1.25564
1.53064 1.21344 1.25527
1.5316 1.21024 1.25631
1.53205 1.20927 1.25698
1.53118 1.21236 1.25602
1.53093 1.2129 1.25564
1.53205 1.20927 1.25698
1.53242 1.20828 1.25766
1.53139 1.2118 1.2564
1.53118 1.21236 1.25602
1.53242 1.20828 1.25766
1.53268 1.20727 1.25836
1.53154 1.21123 1.2568
1.53139 1.2118 1.2564
1.53268 1.20727 1.25836
1.53273 1.20624 1.25907
1.53156 1.21065 1.2572
1.53154 1.21123 1.2568
1.53273 1.20624 1.25907
1.53226 1.2061 1.25917
1.5313 1.21057 1.25725
1.53156 1.21065 1.2572
1.53226 1.2061 1.25917
1.53203 1.20711 1.25847
1.53117 1.21115 1.25686
1.5313 1.21057 1.25725
1.53203 1.20711 1.25847
1.53182 1.20813 1.25777
1.53105 1.21172 1.25646
1.53117 1.21115 1.25686
1.53182 1.20813 1.25777
1.53159 1.20915 1.25706
1.53092 1.21229 1.25606
1.53105 1.21172 1.25646
1.53159 1.20915 1.25706
1.53134 1.21017 1.25636
1.53078 1.21287 1.25567
1.53092 1.21229 1.25606
1.53064 1.21344 1.25527
1.53093 1.2129 1.25564
1.53018 1.21579 1.2547
1.53014 1.21586 1.25465
1.53093 1.2129 1.25564
1.53118 1.21236 1.25602
1.53021 1.21572 1.25475
1.53018 1.21579 1.2547
1.53118 1.21236 1.25602
1.53139 1.2118 1.2564
1.53024 1.21565 1.2548
1.53021 1.21572 1.25475
1.53139 1.2118 1.2564
1.53154 1.21123 1.2568
1.53026 1.21557 1.25485
1.53024 1.21565 1.2548
1.53154 1.21123 1.2568
1.53156 1.21065 1.2572
1.53026 1.2155 1.2549
1.53026 1.21557 1.25485
1.53156 1.21065 1.2572
1.5313 1.21057 1.25725
1.53023 1.21549 1.25491
1.53026 1.2155 1.2549
1.5313 1.21057 1.25725
1.53117 1.21115 1.25686
1.53021 1.21556 1.25486
1.53023 1.21549 1.25491
1.53117 1.21115 1.25686
1.53105 1.21172 1.25646
1.53019 1.21564 1.25481
1.53021 1.21556 1.25486
1.53105 1.21172 1.25646
1.53092 1.21229 1.25606
1.53018 1.21571 1.25476
1.53019 1.21564 1.25481
1.53092 1.21229 1.25606
1.53078 1.21287 1.25567
1.53016 1.21579 1.2547
1.53018 1.21571 1.25476
1.53986 1.11268 1.13144
1.53634 1.11512 1.12975
1.53631 1.11675 1.13246
1.53988 1.11414 1.13426
1.53988 1.11414 1.13426
1.53631 1.11675 1.13246
1.5362 1.11933 1.13673
1.53982 1.11646 1.13871
1.53982 1.11646 1.13871
1.5362 1.11933 1.13673
1.53601 1.12199 1.14107
1.53961 1.11885 1.14324
1.53961 1.11885 1.14324
1.53601 1.12199 1.14107
1.53577 1.1247 1.14538
1.53932 1.12129 1.14773
1.53932 1.12129 1.14773
1.53577 1.1247 1.14538
1.53553 1.12746 1.14965
1.539 1.12382 1.15217
1.539 1.12382 1.15217
1.53553 1.12746 1.14965
1.53529 1.13026 1.15389
1.53867 1.12642 1.15654
1.53867 1.12642 1.15654
1.53529 1.13026 1.15389
1.53506 1.1331 1.15811
1.53832 1.12911 1.16087
1.53832 1.12911 1.16087
1.53506 1.1331 1.15811
1.53484 1.13598 1.1623
1.53796 1.13186 1.16515
1.53796 1.13186 1.16515
1.53484 1.13598 1.1623
1.53463 1.13889 1.16647
1.5376 1.13468 1.16938
1.5376 1.13468 1.16938
1.53463 1.13889 1.16647
1.53443 1.14183 1.17062
1.53724 1.13756 1.17357
1.53724 1.13756 1.17357
1.53443 1.14183 1.17062
1.53423 1.14479 1.17475
1.53688 1.1405 1.17772
1.53688 1.1405 1.17772
1.53423 1.14479 1.17475
1.53405 1.14778 1.17887
1.53653 1.14349 1.18183
1.53653 1.14349 1.18183
1.53405 1.14778 1.17887
1.53387 1.15079 1.18297
1.53619 1.14653 1.18591
1.53619 1.14653 1.18591
1.53387 1.15079 1.18297
1.5337 1.15383 1.18705
1.53585 1.14962 1.18996
1.53585 1.14962 1.18996
1.5337 1.15383 1.18705
1.53354 1.15688 1.19112
1.53553 1.15275 1.19397
1.53553 1.15275 1.19397
1.53354 1.15688 1.19112
1.53338 1.15995 1.19518
1.53522 1.15592 1.19796
1.53522 1.15592 1.19796
1.53338 1.15995 1.19518
1.53323 1.16304 1.19923
1.53492 1.15913 1.20193
1.53492 1.15913 1.20193
1.53323 1.16304 1.19923
1.53309 1.16614 1.20326
1.53463 1.16237 1.20587
1.53463 1.16237 1.20587
1.53309 1.16614 1.20326
1.53295 1.16926 1.20729
1.53435 1.16563 1.20979
1.53435 1.16563 1.20979
1.53295 1.16926 1.20729
1.53282 1.17239 1.21131
1.53409 1.16892 1.2137
1.53409 1.16892 1.2137
1.53282 1.17239 1.21131
1.53269 1.17553 1.21532
1.53386 1.17224 1.21759
1.53386 1.17224 1.21759
1.53269 1.17553 1.21532
1.53257 1.17868 1.21932
1.53363 1.17557 1.22147
1.53363 1.17557 1.22147
1.53257 1.17868 1.21932
1.53245 1.18185 1.22331
1.53342 1.17892 1.22533
1.53342 1.17892 1.22533
1.53245 1.18185 1.22331
1.53233 1.18503 1.2273
1.53322 1.18228 1.22919
1.53322 1.18228 1.22919
1.53233 1.18503 1.2273
1.53223 1.18821 1.23128
1.53303 1.18565 1.23305
1.53303 1.18565 1.23305
1.53223 1.18821 1.23128
1.53212 1.1914 1.23525
1.53285 1.18902 1.2369
1.53285 1.18902 1.2369
1.53212 1.1914 1.23525
1.53202 1.1946 1.23922
1.53267 1.19239 1.24075
1.53267 1.19239 1.24075
1.53202 1.1946 1.23922
1.53193 1.1978 1.24319
1.53251 1.19576 1.2446
1.53251 1.19576 1.2446
1.53193 1.1978 1.24319
1.53184 1.20101 1.24715
1.53236 1.19913 1.24845
1.53236 1.19913 1.24845
1.53184 1.20101 1.24715
1.53175 1.20409 1.25094
1.53222 1.20235 1.25214
1.53222 1.20235 1.25214
1.53175 1.20409 1.25094
1.53173 1.20484 1.25186
1.53219 1.20313 1.25304
1.53219 1.20313 1.25304
1.53173 1.20484 1.25186
1.53172 1.20545 1.2526
1.53216 1.20377 1.25377
1.53216 1.20377 1.25377
1.53172 1.20545 1.2526
1.53168 1.20612 1.25331
1.53212 1.20447 1.25445
1.53212 1.20447 1.25445
1.53168 1.20612 1.25331
1.53163 1.20686 1.25397
1.53205 1.20528 1.25506
1.53205 1.20528 1.25506
1.53163 1.20686 1.25397
1.53156 1.2077 1.25456
1.53195 1.2062 1.25559
1.53195 1.2062 1.25559
1.53156 1.2077 1.25456
1.53145 1.20866 1.25507
1.53181 1.20727 1.25603
1.53181 1.20727 1.25603
1.53145 1.20866 1.25507
1.5313 1.20977 1.25547
1.53162 1.20854 1.25632
1.53162 1.20854 1.25632
1.5313 1.20977 1.25547
1.53108 1.21118 1.25566
1.53134 1.21017 1.25636
1.53134 1.21017 1.25636
1.53108 1.21118 1.25566
1.53064 1.21344 1.25527
1.53078 1.21287 1.25567
1.53078 1.21287 1.25567
1.53064 1.21344 1.25527
1.53014 1.21586 1.25465
1.53016 1.21579 1.2547
1.5319 1.1008 1.1026
1.5319 1.1008 1.1026
1.5319 1.1008 1.1026
1.5319 1.1008 1.1026
1.5319 1.1008 1.1026
1.5319 1.1008 1.1026
1.5319 1.1008 1.1026
1.5319 1.1008 1.1026
1.5319 1.1008 1.1026
1.5319 1.1008 1.1026
1.5319 1.1008 1.1026
1.5319 1.1008 1.1026
1.5319 1.1008 1.1026
1.5319 1.1008 1.1026
1.5319 1.1008 1.1026
1.5319 1.1008 1.1026
1.5319 1.1008 1.1026
1.5319 1.1008 1.1026
1.5319 1.1008 1.1026
1.5319 1.1008 1.1026
1.5319 1.1008 1.1026
1.5319 1.1008 1.1026
1.5319 1.1008 1.1026
1.5319 1.1008 1.1026
1.5319 1.1008 1.1026
1.5319 1.1008 1.1026
1.5319 1.1008 1.1026
1.5319 1.1008 1.1026
1.5319 1.1008 1.1026
1.5319 1.1008 1.1026
1.5319 1.1008 1.1026
1.5319 1.1008 1.1026
1.5319 1.1008 1.1026
1.5319 1.1008 1.1026
1.5319 1.1008 1.1026
1.5319 1.1008 1.1026
1.5319 1.1008 1.1026
1.5319 1.1008 1.1026
1.5319 1.1008 1.1026
1.5319 1.1008 1.1026
1.5319 1.1008 1.1026
1.5319 1.1008 1.1026
1.5319 1.1008 1.1026
1.5319 1.1008 1.1026
1.5319 1.1008 1.1026
1.5319 1.1008 1.1026
1.5319 1.1008 1.1026
1.5319 1.1008 1.1026
1.5319 1.1008 1.1026
1.5319 1.1008 1.1026
1.5319 1.1008 1.1026
1.5319 1.1008 1.1026
1.5319 1.1008 1.1026
1.5319 1.1008 1.1026
1.5319 1.1008 1.1026
1.5319 1.1008 1.1026
1.5319 1.1008 1.1026
1.5319 1.1008 1.1026
1.5319 1.1008 1.1026
1.5319 1.1008 1.1026
1.5319 1.1008 1.1026
1.5319 1.1008 1.1026
1.5319 1.1008 1.1026
1.5319 1.1008 1.1026
1.5319 1.1008 1.1026
1.5319 1.1008 1.1026
1.5319 1.1008 1.1026
1.5319 1.1008 1.1026
1.5319 1.1008 1.1026
1.5319 1.1008 1.1026
1.5319 1.1008 1.1026
1.5319 1.1008 1.1026
1.5319 1.1008 1.1026
1.5319 1.1008 1.1026
1.5319 1.1008 1.1026
1.5319 1.1008 1.1026
1.5319 1.1008 1.1026
1.5319 1.1008 1.1026
1.5319 1.1008 1.1026
1.5319 1.1008 1.1026
1.5319 1.1008 1.1026
1.5319 1.1008 1.1026
1.5319 1.1008 1.1026
1.5319 1.1008 1.1026
1.5319 1.1008 1.1026
1.5319 1.1008 1.1026
1.5319 1.1008 1.1026
1.5319 1.1008 1.1026
CELLS 924 4620
4 0 1 2 3
4 4 5 6 7
4 8 9 10 11
4 12 13 14 15
4 16 17 18 19
4 20 21 22 23
4 24 25 26 27
4 28 29 30 31
4 32 33 34 35
4 36 37 38 39
4 40 41 42 43
4 44 45 46 47
4 48 49 50 51
4 52 53 54 55
4 56 57 58 59
4 60 61 62 63
4 64 65 66 67
4 68 69 70 71
4 72 73 74 75
4 76 77 78 79
4 80 81 82 83
4 84 85 86 87
4 88 89 90 91
4 92 93 94 95
4 96 97 98 99
4 100 101 102 103
4 104 105 106 107
4 108 109 110 111
4 112 113 114 115
4 116 117 118 119
4 120 121 122 123
4 124 125 126 127
4 128 129 130 131
4 132 133 134 135
4 136 137 138 139
4 140 141 142 143
4 144 145 146 147
4 148 149 150 151
4 152 153 154 155
4 156 157 158 159
4 160 161 162 163
4 164 165 166 167
4 168 169 170 171
4 172 173 174 175
4 176 177 178 179
4 180 181 182 183
4 184 185 186 187
4 188 189 190 191
4 192 193 194 195
4 196 197 198 199
4 200 201 202 203
4 204 205 206 207
4 208 209 210 211
4 212 213 214 215
4 216 217 218 219
4 220 221 222 223
4 224 225 226 227
4 228 229 230 231
4 232 233 234 235
4 236 237 238 239
4 240 241 242 243
4 244 245 246 247
4 248 249 250 251
4 252 253 254 255
4 256 257 258 259
4 260 261 262 263
4 264 265 266 267
4 268 269 270 271
4 272 273 274 275
4 276 277 278 279
4 280 281 282 283
4 284 285 286 287
4 288 289 290 291
4 292 293 294 295
4 296 297 298 299
4 300 301 302 303
4 304 305 306 307
4 308 309 310 311
4 312 313 314 315
4 316 317 318 319
4 320 321 322 323
4 324 325 326 327
4 328 329 330 331
4 332 333 334 335
4 336 337 338 339
4 340 341 342 343
4 344 345 346 347
4 348 349 350 351
4 352 353 354 355
4 356 357 358 359
4 360 361 362 363
4 364 365 366 367
4 368 369 370 371
4 372 373 374 375
4 376 377 378 379
4 380 381 382 383
4 384 385 386 387
4 388 389 390 391
4 392 393 394 395
4 396 397 398 399
4 400 401 402 403
4 404 405 406 407
4 408 409 410 411
4 412 413 414 415
4 416 417 418 419
4 420 421 422 423
4 424 425 426 427
4 428 429 430 431
4 432 433 434 435
4 436 437 438 439
4 440 441 442 443
4 444 445 446 447
4 448 449 450 451
4 452 453 454 455
4 456 457 458 459
4 460 461 462 463
4 464 465 466 467
4 468 469 470 471
4 472 473 474 475
4 476 477 478 479
4 480 481 482 483
4 484 485 486 487
4 488 489 490 491
4 492 493 494 495
4 496 497 498 499
4 500 501 502 503
4 504 505 506 507
4 508 509 510 511
4 512 513 514 515
4 516 517 518 519
4 520 521 522 523
4 524 525 526 527
4 528 529 530 531
4 532 533 534 535
4 536 537 538 539
4 540 541 542 543
4 544 545 546 547
4 548 549 550 551
4 552 553 554 555
4 556 557 558 559
4 560 561 562 563
4 564 565 566 567
4 568 569 570 571
4 572 573 574 575
4 576 577 578 579
4 580 581 582 583
4 584 585 586 587
4 588 589 590 591
4 592 593 594 595
4 596 597 598 599
4 600 601 602 603
4 604 605 606 607
4 608 609 610 611
4 612 613 614 615
4 616 617 618 619
4 620 621 622 623
4 624 625 626 627
4 628 629 630 631
4 632 633 634 635
4 636 637 638 639
4 640 641 642 643
4 644 645 646 647
4 648 649 650 651
4 652 653 654 655
4 656 657 658 659
4 660 661 662 663
4 664 665 666 667
4 668 669 670 671
4 672 673 674 675
4 676 677 678 679
4 680 681 682 683
4 684 685 686 687
4 688 689 690 691
4 692 693 694 695
4 696 697 698 699
4 700 701 702 703
4 704 705 706 707
4 708 709 710 711
4 712 713 714 715
4 716 717 718 719
4 720 721 722 723
4 724 725 726 727
4 728 729 730 731
4 732 733 734 735
4 736 737 738 739
4 740 741 742 743
4 744 745 746 747
4 748 749 750 751
4 752 753 754 755
4 756 757 758 759
4 760 761 762 763
4 764 765 766 767
4 768 769 770 771
4 772 773 774 775
4 776 777 778 779
4 780 781 782 783
4 784 785 786 787
4 788 789 790 791
4 792 793 794 795
4 796 797 798 799
4 800 801 802 803
4 804 805 806 807
4 808 809 810 811
4 812 813 814 815
4 816 817 818 819
4 820 821 822 823
4 824 825 826 827
4 828 829 830 831
4 832 833 834 835
4 836 837 838 839
4 840 841 842 843
4 844 845 846 847
4 848 849 850 851
4 852 853 854 855
4 856 857 858 859
4 860 861 862 863
4 864 865 866 867
4 868 869 870 871
4 872 873 874 875
4 876 877 878 879
4 880 881 882 883
4 884 885 886 887
4 888 889 890 891
4 892 893 894 895
4 896 897 898 899
4 900 901 902 903
4 904 905 906 907
4 908 909 910 911
4 912 913 914 915
4 916 917 918 919
4 920 921 922 923
4 924 925 926 927
4 928 929 930 931
4 932 933 934 935
4 936 937 938 939
4 940 941 942 943
4 944 945 946 947
4 948 949 950 951
4 952 953 954 955
4 956 957 958 959
4 960 961 962 963
4 964 965 966 967
4 968 969 970 971
4 972 973 974 975
4 976 977 978 979
4 980 981 982 983
4 984 985 986 987
4 988 989 990 991
4 992 993 994 995
4 996 997 998 999
4 1000 1001 1002 1003
4 1004 1005 1006 1007
4 1008 1009 1010 1011
4 1012 1013 1014 1015
4 1016 1017 1018 1019
4 1020 1021 1022 1023
4 1024 1025 1026 1027
4 1028 1029 1030 1031
4 1032 1033 1034 1035
4 1036 1037 1038 1039
4 1040 1041 1042 1043
4 1044 1045 1046 1047
4 1048 1049 1050 1051
4 1052 1053 1054 1055
4 1056 1057 1058 1059
4 1060 1061 1062 1063
4 1064 1065 1066 1067
4 1068 1069 1070 1071
4 1072 1073 1074 1075
4 1076 1077 1078 1079
4 1080 1081 1082 1083
4 1084 1085 1086 1087
4 1088 1089 1090 1091
4 1092 1093 1094 1095
4 1096 1097 1098 1099
4 1100 1101 1102 1103
4 1104 1105 1106 1107
4 1108 1109 1110 1111
4 1112 1113 1114 1115
4 1116 1117 1118 1119
4 1120 1121 1122 1123
4 1124 1125 1126 1127
4 1128 1129 1130 1131
4 1132 1133 1134 1135
4 1136 1137 1138 1139
4 1140 1141 1142 1143
4 1144 1145 1146 1147
4 1148 1149 1150 1151
4 1152 1153 1154 1155
4 1156 1157 1158 1159
4 1160 1161 1162 1163
4 1164 1165 1166 1167
4 1168 1169 1170 1171
4 1172 1173 1174 1175
4 1176 1177 1178 1179
4 1180 1181 1182 1183
4 1184 1185 1186 1187
4 1188 1189 1190 1191
4 1192 1193 1194 1195
4 1196 1197 1198 1199
4 1200 1201 1202 1203
4 1204 1205 1206 1207
4 1208 1209 1210 1211
4 1212 1213 1214 1215
4 1216 1217 1218 1219
4 1220 1221 1222 1223
4 1224 1225 1226 1227
4 1228 1229 1230 1231
4 1232 1233 1234 1235
4 1236 1237 1238 1239
4 1240 1241 1242 1243
4 1244 1245 1246 1247
4 1248 1249 1250 1251
4 1252 1253 1254 1255
4 1256 1257 1258 1259
4 1260 1261 1262 1263
4 1264 1265 1266 1267
4 1268 1269 1270 1271
4 1272 1273 1274 1275
4 1276 1277 1278 1279
4 1280 1281 1282 1283
4 1284 1285 1286 1287
4 1288 1289 1290 1291
4 1292 1293 1294 1295
4 1296 1297 1298 1299
4 1300 1301 1302 1303
4 1304 1305 1306 1307
4 1308 1309 1310 1311
4 1312 1313 1314 1315
4 1316 1317 1318 1319
4 1320 1321 1322 1323
4 1324 1325 1326 1327
4 1328 1329 1330 1331
4 1332 1333 1334 1335
4 1336 1337 1338 1339
4 1340 1341 1342 1343
4 1344 1345 1346 1347
4 1348 1349 1350 1351
4 1352 1353 1354 1355
4 1356 1357 1358 1359
4 1360 1361 1362 1363
4 1364 1365 1366 1367
4 1368 1369 1370 1371
4 1372 1373 1374 1375
4 1376 1377 1378 1379
4 1380 1381 1382 1383
4 1384 1385 1386 1387
4 1388 1389 1390 1391
4 1392 1393 1394 1395
4 1396 1397 1398 1399
4 1400 1401 1402 1403
4 1404 1405 1406 1407
4 1408 1409 1410 1411
4 1412 1413 1414 1415
4 1416 1417 1418 1419
4 1420 1421 1422 1423
4 1424 1425 1426 1427
4 1428 1429 1430 1431
4 1432 1433 1434 1435
4 1436 1437 1438 1439
4 1440 1441 1442 1443
4 1444 1445 1446 1447
4 1448 1449 1450 1451
4 1452 1453 1454 1455
4 1456 1457 1458 1459
4 1460 1461 1462 1463
4 1464 1465 1466 1467
4 1468 1469 1470 1471
4 1472 1473 1474 1475
4 1476 1477 1478 1479
4 1480 1481 1482 1483
4 1484 1485 1486 1487
4 1488 1489 1490 1491
4 1492 1493 1494 1495
4 1496 1497 1498 1499
4 1500 1501 1502 1503
4 1504 1505 1506 1507
4 1508 1509 1510 1511
4 1512 1513 1514 1515
4 1516 1517 1518 1519
4 1520 1521 1522 1523
4 1524 1525 1526 1527
4 1528 1529 1530 1531
4 1532 1533 1534 1535
4 1536 1537 1538 1539
4 1540 1541 1542 1543
4 1544 1545 1546 1547
4 1548 1549 1550 1551
4 1552 1553 1554 1555
4 1556 1557 1558 1559
4 1560 1561 1562 1563
4 1564 1565 1566 1567
4 1568 1569 1570 1571
4 1572 1573 1574 1575
4 1576 1577 1578 1579
4 1580 1581 1582 1583
4 1584 1585 1586 1587
4 1588 1589 1590 1591
4 1592 1593 1594 1595
4 1596 1597 1598 1599
4 1600 1601 1602 1603
4 1604 1605 1606 1607
4 1608 1609 1610 1611
4 1612 1613 1614 1615
4 1616 1617 1618 1619
4 1620 1621 1622 1623
4 1624 1625 1626 1627
4 1628 1629 1630 1631
4 1632 1633 1634 1635
4 1636 1637 1638 1639
4 1640 1641 1642 1643
4 1644 1645 1646 1647
4 1648 1649 1650 1651
4 1652 1653 1654 1655
4 1656 1657 1658 1659
4 1660 1661 1662 1663
4 1664 1665 1666 1667
4 1668 1669 1670 1671
4 1672 1673 1674 1675
4 1676 1677 1678 1679
4 1680 1681 1682 1683
4 1684 1685 1686 1687
4 1688 1689 1690 1691
4 1692 1693 1694 1695
4 1696 1697 1698 1699
4 1700 1701 1702 1703
4 1704 1705 1706 1707
4 1708 1709 1710 1711
4 1712 1713 1714 1715
4 1716 1717 1718 1719
4 1720 1721 1722 1723
4 1724 1725 1726 1727
4 1728 1729 1730 1731
4 1732 1733 1734 1735
4 1736 1737 1738 1739
4 1740 1741 1742 1743
4 1744 1745 1746 1747
4 1748 1749 1750 1751
4 1752 1753 1754 1755
4 1756 1757 1758 1759
4 1760 1761 1762 1763
4 1764 1765 1766 1767
4 1768 1769 1770 1771
4 1772 1773 1774 1775
4 1776 1777 1778 1779
4 1780 1781 1782 1783
4 1784 1785 1786 1787
4 1788 1789 1790 1791
4 1792 1793 1794 1795
4 1796 1797 1798 1799
4 1800 1801 1802 1803
4 1804 1805 1806 1807
4 1808 1809 1810 1811
4 1812 1813 1814 1815
4 1816 1817 1818 1819
4 1820 1821 1822 1823
4 1824 1825 1826 1827
4 1828 1829 1830 1831
4 1832 1833 1834 1835
4 1836 1837 1838 1839
4 1840 1841 1842 1843
4 1844 1845 1846 1847
4 1848 1849 1850 1851
4 1852 1853 1854 1855
4 1856 1857 1858 1859
4 1860 1861 1862 1863
4 1864 1865 1866 1867
4 1868 1869 1870 1871
4 1872 1873 1874 1875
4 1876 1877 1878 1879
4 1880 1881 1882 1883
4 1884 1885 1886 1887
4 1888 1889 1890 1891
4 1892 1893 1894 1895
4 1896 1897 1898 1899
4 1900 1901 1902 1903
4 1904 1905 1906 1907
4 1908 1909 1910 1911
4 1912 1913 1914 1915
4 1916 1917 1918 1919
4 1920 1921 1922 1923
4 1924 1925 1926 1927
4 1928 1929 1930 1931
4 1932 1933 1934 1935
4 1936 1937 1938 1939
4 1940 1941 1942 1943
4 1944 1945 1946 1947
4 1948 1949 1950 1951
4 1952 1953 1954 1955
4 1956 1957 1958 1959
4 1960 1961 1962 1963
4 1964 1965 1966 1967
4 1968 1969 1970 1971
4 1972 1973 1974 1975
4 1976 1977 1978 1979
4 1980 1981 1982 1983
4 1984 1985 1986 1987
4 1988 1989 1990 1991
4 1992 1993 1994 1995
4 1996 1997 1998 1999
4 2000 2001 2002 2003
4 2004 2005 2006 2007
4 2008 2009 2010 2011
4 2012 2013 2014 2015
4 2016 2017 2018 2019
4 2020 2021 2022 2023
4 2024 2025 2026 2027
4 2028 2029 2030 2031
4 2032 2033 2034 2035
4 2036 2037 2038 2039
4 2040 2041 2042 2043
4 2044 2045 2046 2047
4 2048 2049 2050 2051
4 2052 2053 2054 2055
4 2056 2057 2058 2059
4 2060 2061 2062 2063
4 2064 2065 2066 2067
4 2068 2069 2070 2071
4 2072 2073 2074 2075
4 2076 2077 2078 2079
4 2080 2081 2082 2083
4 2084 2085 2086 2087
4 2088 2089 2090 2091
4 2092 2093 2094 2095
4 2096 2097 2098 2099
4 2100 2101 2102 2103
4 2104 2105 2106 2107
4 2108 2109 2110 2111
4 2112 2113 2114 2115
4 2116 2117 2118 2119
4 2120 2121 2122 2123
4 2124 2125 2126 2127
4 2128 2129 2130 2131
4 2132 2133 2134 2135
4 2136 2137 2138 2139
4 2140 2141 2142 2143
4 2144 2145 2146 2147
4 2148 2149 2150 2151
4 2152 2153 2154 2155
4 2156 2157 2158 2159
4 2160 2161 2162 2163
4 2164 2165 2166 2167
4 2168 2169 2170 2171
4 2172 2173 2174 2175
4 2176 2177 2178 2179
4 2180 2181 2182 2183
4 2184 2185 2186 2187
4 2188 2189 2190 2191
4 2192 2193 2194 2195
4 2196 2197 2198 2199
4 2200 2201 2202 2203
4 2204 2205 2206 2207
4 2208 2209 2210 2211
4 2212 2213 2214 2215
4 2216 2217 2218 2219
4 2220 2221 2222 2223
4 2224 2225 2226 2227
4 2228 2229 2230 2231
4 2232 2233 2234 2235
4 2236 2237 2238 2239
4 2240 2241 2242 2243
4 2244 2245 2246 2247
4 2248 2249 2250 2251
4 2252 2253 2254 2255
4 2256 2257 2258 2259
4 2260 2261 2262 2263
4 2264 2265 2266 2267
4 2268 2269 2270 2271
4 2272 2273 2274 2275
4 2276 2277 2278 2279
4 2280 2281 2282 2283
4 2284 2285 2286 2287
4 2288 2289 2290 2291
4 2292 2293 2294 2295
4 2296 2297 2298 2299
4 2300 2301 2302 2303
4 2304 2305 2306 2307
4 2308 2309 2310 2311
4 2312 2313 2314 2315
4 2316 2317 2318 2319
4 2320 2321 2322 2323
4 2324 2325 2326 2327
4 2328 2329 2330 2331
4 2332 2333 2334 2335
4 2336 2337 2338 2339
4 2340 2341 2342 2343
4 2344 2345 2346 2347
4 2348 2349 2350 2351
4 2352 2353 2354 2355
4 2356 2357 2358 2359
4 2360 2361 2362 2363
4 2364 2365 2366 2367
4 2368 2369 2370 2371
4 2372 2373 2374 2375
4 2376 2377 2378 2379
4 2380 2381 2382 2383
4 2384 2385 2386 2387
4 2388 2389 2390 2391
4 2392 2393 2394 2395
4 2396 2397 2398 2399
4 2400 2401 2402 2403
4 2404 2405 2406 2407
4 2408 2409 2410 2411
4 2412 2413 2414 2415
4 2416 2417 2418 2419
4 2420 2421 2422 2423
4 2424 2425 2426 2427
4 2428 2429 2430 2431
4 2432 2433 2434 2435
4 2436 2437 2438 2439
4 2440 2441 2442 2443
4 2444 2445 2446 2447
4 2448 2449 2450 2451
4 2452 2453 2454 2455
4 2456 2457 2458 2459
4 2460 2461 2462 2463
4 2464 2465 2466 2467
4 2468 2469 2470 2471
4 2472 2473 2474 2475
4 2476 2477 2478 2479
4 2480 2481 2482 2483
4 2484 2485 2486 2487
4 2488 2489 2490 2491
4 2492 2493 2494 2495
4 2496 2497 2498 2499
4 2500 2501 2502 2503
4 2504 2505 2506 2507
4 2508 2509 2510 2511
4 2512 2513 2514 2515
4 2516 2517 2518 2519
4 2520 2521 2522 2523
4 2524 2525 2526 2527
4 2528 2529 2530 2531
4 2532 2533 2534 2535
4 2536 2537 2538 2539
4 2540 2541 2542 2543
4 2544 2545 2546 2547
4 2548 2549 2550 2551
4 2552 2553 2554 2555
4 2556 2557 2558 2559
4 2560 2561 2562 2563
4 2564 2565 2566 2567
4 2568 2569 2570 2571
4 2572 2573 2574 2575
4 2576 2577 2578 2579
4 2580 2581 2582 2583
4 2584 2585 2586 2587
4 2588 2589 2590 2591
4 2592 2593 2594 2595
4 2596 2597 2598 2599
4 2600 2601 2602 2603
4 2604 2605 2606 2607
4 2608 2609 2610 2611
4 2612 2613 2614 2615
4 2616 2617 2618 2619
4 2620 2621 2622 2623
4 2624 2625 2626 2627
4 2628 2629 2630 2631
4 2632 2633 2634 2635
4 2636 2637 2638 2639
4 2640 2641 2642 2643
4 2644 2645 2646 2647
4 2648 2649 2650 2651
4 2652 2653 2654 2655
4 2656 2657 2658 2659
4 2660 2661 2662 2663
4 2664 2665 2666 2667
4 2668 2669 2670 2671
4 2672 2673 2674 2675
4 2676 2677 2678 2679
4 2680 2681 2682 2683
4 2684 2685 2686 2687
4 2688 2689 2690 2691
4 2692 2693 2694 2695
4 2696 2697 2698 2699
4 2700 2701 2702 2703
4 2704 2705 2706 2707
4 2708 2709 2710 2711
4 2712 2713 2714 2715
4 2716 2717 2718 2719
4 2720 2721 2722 2723
4 2724 2725 2726 2727
4 2728 2729 2730 2731
4 2732 2733 2734 2735
4 2736 2737 2738 2739
4 2740 2741 2742 2743
4 2744 2745 2746 2747
4 2748 2749 2750 2751
4 2752 2753 2754 2755
4 2756 2757 2758 2759
4 2760 2761 2762 2763
4 2764 2765 2766 2767
4 2768 2769 2770 2771
4 2772 2773 2774 2775
4 2776 2777 2778 2779
4 2780 2781 2782 2783
4 2784 2785 2786 2787
4 2788 2789 2790 2791
4 2792 2793 2794 2795
4 2796 2797 2798 2799
4 2800 2801 2802 2803
4 2804 2805 2806 2807
4 2808 2809 2810 2811
4 2812 2813 2814 2815
4 2816 2817 2818 2819
4 2820 2821 2822 2823
4 2824 2825 2826 2827
4 2828 2829 2830 2831
4 2832 2833 2834 2835
4 2836 2837 2838 2839
4 2840 2841 2842 2843
4 2844 2845 2846 2847
4 2848 2849 2850 2851
4 2852 2853 2854 2855
4 2856 2857 2858 2859
4 2860 2861 2862 2863
4 2864 2865 2866 2867
4 2868 2869 2870 2871
4 2872 2873 2874 2875
4 2876 2877 2878 2879
4 2880 2881 2882 2883
4 2884 2885 2886 2887
4 2888 2889 2890 2891
4 2892 2893 2894 2895
4 2896 2897 2898 2899
4 2900 2901 2902 2903
4 2904 2905 2906 2907
4 2908 2909 2910 2911
4 2912 2913 2914 2915
4 2916 2917 2918 2919
4 2920 2921 2922 2923
4 2924 2925 2926 2927
4 2928 2929 2930 2931
4 2932 2933 2934 2935
4 2936 2937 2938 2939
4 2940 2941 2942 2943
4 2944 2945 2946 2947
4 2948 2949 2950 2951
4 2952 2953 2954 2955
4 2956 2957 2958 2959
4 2960 2961 2962 2963
4 2964 2965 2966 2967
4 2968 2969 2970 2971
4 2972 2973 2974 2975
4 2976 2977 2978 2979
4 2980 2981 2982 2983
4 2984 2985 2986 2987
4 2988 2989 2990 2991
4 2992 2993 2994 2995
4 2996 2997 2998 2999
4 3000 3001 3002 3003
4 3004 3005 3006 3007
4 3008 3009 3010 3011
4 3012 3013 3014 3015
4 3016 3017 3018 3019
4 3020 3021 3022 3023
4 3024 3025 3026 3027
4 3028 3029 3030 3031
4 3032 3033 3034 3035
4 3036 3037 3038 3039
4 3040 3041 3042 3043
4 3044 3045 3046 3047
4 3048 3049 3050 3051
4 3052 3053 3054 3055
4 3056 3057 3058 3059
4 3060 3061 3062 3063
4 3064 3065 3066 3067
4 3068 3069 3070 3071
4 3072 3073 3074 3075
4 3076 3077 3078 3079
4 3080 3081 3082 3083
4 3084 3085 3086 3087
4 3088 3089 3090 3091
4 3092 3093 3094 3095
4 3096 3097 3098 3099
4 3100 3101 3102 3103
4 3104 3105 3106 3107
4 3108 3109 3110 3111
4 3112 3113 3114 3115
4 3116 3117 3118 3119
4 3120 3121 3122 3123
4 3124 3125 3126 3127
4 3128 3129 3130 3131
4 3132 3133 3134 3135
4 3136 3137 3138 3139
4 3140 3141 3142 3143
4 3144 3145 3146 3147
4 3148 3149 3150 3151
4 3152 3153 3154 3155
4 3156 3157 3158 3159
4 3160 3161 3162 3163
4 3164 3165 3166 3167
4 3168 3169 3170 3171
4 3172 3173 3174 3175
4 3176 3177 3178 3179
4 3180 3181 3182 3183
4 3184 3185 3186 3187
4 3188 3189 3190 3191
4 3192 3193 3194 3195
4 3196 3197 3198 3199
4 3200 3201 3202 3203
4 3204 3205 3206 3207
4 3208 3209 3210 3211
4 3212 3213 3214 3215
4 3216 3217 3218 3219
4 3220 3221 3222 3223
4 3224 3225 3226 3227
4 3228 3229 3230 3231
4 3232 3233 3234 3235
4 3236 3237 3238 3239
4 3240 3241 3242 3243
4 3244 3245 3246 3247
4 3248 3249 3250 3251
4 3252 3253 3254 3255
4 3256 3257 3258 3259
4 3260 3261 3262 3263
4 3264 3265 3266 3267
4 3268 3269 3270 3271
4 3272 3273 3274 3275
4 3276 3277 3278 3279
4 3280 3281 3282 3283
4 3284 3285 3286 3287
4 3288 3289 3290 3291
4 3292 3293 3294 3295
4 3296 3297 3298 3299
4 3300 3301 3302 3303
4 3304 3305 3306 3307
4 3308 3309 3310 3311
4 3312 3313 3314 3315
4 3316 3317 3318 3319
4 3320 3321 3322 3323
4 3324 3325 3326 3327
4 3328 3329 3330 3331
4 3332 3333 3334 3335
4 3336 3337 3338 3339
4 3340 3341 3342 3343
4 3344 3345 3346 3347
4 3348 3349 3350 3351
4 3352 3353 3354 3355
4 3356 3357 3358 3359
4 3360 3361 3362 3363
4 3364 3365 3366 3367
4 3368 3369 3370 3371
4 3372 3373 3374 3375
4 3376 3377 3378 3379
4 3380 3381 3382 3383
4 3384 3385 3386 3387
4 3388 3389 3390 3391
4 3392 3393 3394 3395
4 3396 3397 3398 3399
4 3400 3401 3402 3403
4 3404 3405 3406 3407
4 3408 3409 3410 3411
4 3412 3413 3414 3415
4 3416 3417 3418 3419
4 3420 3421 3422 3423
4 3424 3425 3426 3427
4 3428 3429 3430 3431
4 3432 3433 3434 3435
4 3436 3437 3438 3439
4 3440 3441 3442 3443
4 3444 3445 3446 3447
4 3448 3449 3450 3451
4 3452 3453 3454 3455
4 3456 3457 3458 3459
4 3460 3461 3462 3463
4 3464 3465 3466 3467
4 3468 3469 3470 3471
4 3472 3473 3474 3475
4 3476 3477 3478 3479
4 3480 3481 3482 3483
4 3484 3485 3486 3487
4 3488 3489 3490 3491
4 3492 3493 3494 3495
4 3496 3497 3498 3499
4 3500 3501 3502 3503
4 3504 3505 3506 3507
4 3508 3509 3510 3511
4 3512 3513 3514 3515
4 3516 3517 3518 3519
4 3520 3521 3522 3523
4 3524 3525 3526 3527
4 3528 3529 3530 3531
4 3532 3533 3534 3535
4 3536 3537 3538 3539
4 3540 3541 3542 3543
4 3544 3545 3546 3547
4 3548 3549 3550 3551
4 3552 3553 3554 3555
4 3556 3557 3558 3559
4 3560 3561 3562 3563
4 3564 3565 3566 3567
4 3568 3569 3570 3571
4 3572 3573 3574 3575
4 3576 3577 3578 3579
4 3580 3581 3582 3583
4 3584 3585 3586 3587
4 3588 3589 3590 3591
4 3592 3593 3594 3595
4 3596 3597 3598 3599
4 3600 3601 3602 3603
4 3604 3605 3606 3607
4 3608 3609 3610 3611
4 3612 3613 3614 3615
4 3616 3617 3618 3619
4 3620 3621 3622 3623
4 3624 3625 3626 3627
4 3628 3629 3630 3631
4 3632 3633 3634 3635
4 3636 3637 3638 3639
4 3640 3641 3642 3643
4 3644 3645 3646 3647
4 3648 3649 3650 3651
4 3652 3653 3654 3655
4 3656 3657 3658 3659
4 3660 3661 3662 3663
4 3664 3665 3666 3667
4 3668 3669 3670 3671
4 3672 3673 3674 3675
4 3676 3677 3678 3679
4 3680 3681 3682 3683
4 3684 3685 3686 3687
4 3688 3689 3690 3691
4 3692 3693 3694 3695
CELL_TYPES 924
9
9
9
9
9
9
9
9
9
9
9
9
9
9
9
9
9
9
9
9
9
9
9
9
9
9
9
9
9
9
9
9
9
9
9
9
9
9
9
9
9
9
9
9
9
9
9
9
9
9
9
9
9
9
9
9
9
9
9
9
9
9
9
9
9
9
9
9
9
9
9
9
9
9
9
9
9
9
9
9
9
9
9
9
9
9
9
9
9
9
9
9
9
9
9
9
9
9
9
9
9
9
9
9
9
9
9
9
9
9
9
9
9
9
9
9
9
9
9
9
9
9
9
9
9
9
9
9
9
9
9
9
9
9
9
9
9
9
9
9
9
9
9
9
9
9
9
9
9
9
9
9
9
9
9
9
9
9
9
9
9
9
9
9
9
9
9
9
9
9
9
9
9
9
9
9
9
9
9
9
9
9
9
9
9
9
9
9
9
9
9
9
9
9
9
9
9
9
9
9
9
9
9
9
9
9
9
9
9
9
9
9
9
9
9
9
9
9
9
9
9
9
9
9
9
9
9
9
9
9
9
9
9
9
9
9
9
9
9
9
9
9
9
9
9
9
9
9
9
9
9
9
9
9
9
9
9
9
9
9
9
9
9
9
9
9
9
9
9
9
9
9
9
9
9
9
9
9
9
9
9
9
9
9
9
9
9
9
9
9
9
9
9
9
9
9
9
9
9
9
9
9
9
9
9
9
9
9
9
9
9
9
9
9
9
9
9
9
9
9
9
9
9
9
9
9
9
9
9
9
9
9
9
9
9
9
9
9
9
9
9
9
9
9
9
9
9
9
9
9
9
9
9
9
9
9
9
9
9
9
9
9
9
9
9
9
9
9
9
9
9
9
9
9
9
9
9
9
9
9
9
9
9
9
9
9
9
9
9
9
9
9
9
9
9
9
9
9
9
9
9
9
9
9
9
9
9
9
9
9
9
9
9
9
9
9
9
9
9
9
9
9
9
9
9
9
9
9
9
9
9
9
9
9
9
9
9
9
9
9
9
9
9
9
9
9
9
9
9
9
9
9
9
9
9
9
9
9
9
9
9
9
9
9
9
9
9
9
9
9
9
9
9
9
9
9
9
9
9
9
9
9
9
9
9
9
9
9
9
9
9
9
9
9
9
9
9
9
9
9
9
9
9
9
9
9
9
9
9
9
9
9
9
9
9
9
9
9
9
9
9
9
9
9
9
9
9
9
9
9
9
9
9
9
9
9
9
9
9
9
9
9
9
9
9
9
9
9
9
9
9
9
9
9
9
9
9
9
9
9
9
9
9
9
9
9
9
9
9
9
9
9
9
9
9
9
9
9
9
9
9
9
9
9
9
9
9
9
9
9
9
9
9
9
9
9
9
9
9
9
9
9
9
9
9
9
9
9
9
9
9
9
9
9
9
9
9
9
9
9
9
9
9
9
9
9
9
9
9
9
9
9
9
9
9
9
9
9
9
9
9
9
9
9
9
9
9
9
9
9
9
9
9
9
9
9
9
9
9
9
9
9
9
9
9
9
9
9
9
9
9
9
9
9
9
9
9
9
9
9
9
9
9
9
9
9
9
9
9
9
9
9
9
9
9
9
9
9
9
9
9
9
9
9
9
9
9
9
9
9
9
9
9
9
9
9
9
9
9
9
9
9
9
9
9
9
9
9
9
9
9
9
9
9
9
9
9
9
9
9
9
9
9
9
9
9
9
9
9
9
9
9
9
9
9
9
9
9
9
9
9
9
9
9
9
9
9
9
9
9
9
9
9
9
9
9
9
9
9
9
9
9
9
9
9
9
9
9
9
9
9
9
9
9
9
9
9
9
9
9
9
9
9
9
9
9
9
9
9
9
9
9
9
9
9
9
9
9
9
9
9
9
9
9
9
9
9
9
9
9
9
9
9
9
9
9
9
9
9
9
9
9
9
9
9
9
9
9
9
9
9
9
9
9
9
9
9
9
9
9
9
9
9
9
9
9
9
9
9
9
9
9
9
9
9
9
9
9
9
9
9
9
9
9
9
9
9
9
9
9
9
9
9
9
9
9
9
9
9
9
9
9
9
9
9
9
9
9
9
9
9
9
9
9
9
9
9
9
9
9
9
9
9
9
CELL_DATA 924
SCALARS area double 1
LOOKUP_TABLE default
1.47699e-05
1.49382e-05
1.5049e-05
1.51201e-05
1.47426e-05
1.32065e-05
1.50316e-05
1.49439e-05
1.48879e-05
1.48542e-05
2.43954e-05
2.46848e-05
2.49071e-05
2.50781e-05
2.45828e-05
2.05427e-05
2.50338e-05
2.47627e-05
2.46296e-05
2.45426e-05
2.61753e-05
2.65082e-05
2.68043e-05
2.70685e-05
2.6708e-05
2.04368e-05
2.71451e-05
2.67203e-05
2.65086e-05
2.63609e-05
2.73205e-05
2.76515e-05
2.79631e-05
2.82609e-05
2.80428e-05
1.97828e-05
2.83836e-05
2.79364e-05
2.76952e-05
2.75224e-05
2.82655e-05
2.85541e-05
2.88259e-05
2.90971e-05
2.89819e-05
1.89981e-05
2.91822e-05
2.8821e-05
2.86078e-05
2.8452e-05
2.9008e-05
2.9255e-05
2.94866e-05
2.97273e-05
2.96865e-05
1.81951e-05
2.9795e-05
2.95053e-05
2.93187e-05
2.91793e-05
2.95332e-05
2.97413e-05
2.99352e-05
3.01452e-05
3.0158e-05
1.74318e-05
3.02066e-05
2.99777e-05
2.98152e-05
2.9691e-05
2.98967e-05
3.007e-05
3.02302e-05
3.04112e-05
3.04589e-05
1.67616e-05
3.0469e-05
3.02897e-05
3.01497e-05
3.00403e-05
3.00636e-05
3.02068e-05
3.03386e-05
3.04937e-05
3.05641e-05
1.61568e-05
3.05458e-05
3.04069e-05
3.02875e-05
3.01925e-05
3.00604e-05
3.01777e-05
3.02855e-05
3.04181e-05
3.05023e-05
1.56144e-05
3.04629e-05
3.03571e-05
3.02561e-05
3.01745e-05
2.98804e-05
2.99757e-05
3.00639e-05
3.01773e-05
3.02701e-05
1.51099e-05
3.02127e-05
3.01336e-05
3.00492e-05
2.998e-05
2.95795e-05
2.96567e-05
2.97294e-05
2.9827e-05
2.99243e-05
1.46326e-05
2.98477e-05
2.97901e-05
2.97211e-05
2.9664e-05
2.91194e-05
2.91814e-05
2.92418e-05
2.93264e-05
2.94261e-05
1.41262e-05
2.93321e-05
2.92912e-05
2.92357e-05
2.91894e-05
2.85132e-05
2.85619e-05
2.86115e-05
2.86844e-05
2.87849e-05
1.35853e-05
2.8681e-05
2.8653e-05
2.86083e-05
2.85709e-05
2.78173e-05
2.78549e-05
2.78953e-05
2.79574e-05
2.80555e-05
1.30276e-05
2.79476e-05
2.7929e-05
2.78936e-05
2.78638e-05
2.70021e-05
2.70304e-05
2.70632e-05
2.71159e-05
2.72108e-05
1.24407e-05
2.71024e-05
2.70907e-05
2.70627e-05
2.70392e-05
2.60896e-05
2.61098e-05
2.61358e-05
2.61799e-05
2.62705e-05
1.18374e-05
2.61662e-05
2.61596e-05
2.61374e-05
2.61188e-05
2.50863e-05
2.51e-05
2.51203e-05
2.51564e-05
2.52409e-05
1.1219e-05
2.5144e-05
2.51409e-05
2.51235e-05
2.51089e-05
2.40394e-05
2.4048e-05
2.40637e-05
2.40931e-05
2.41716e-05
1.06086e-05
2.40817e-05
2.40811e-05
2.40676e-05
2.40564e-05
2.29236e-05
2.29282e-05
2.29399e-05
2.29631e-05
2.30345e-05
9.98791e-06
2.29541e-05
2.29552e-05
2.29447e-05
2.29361e-05
2.17538e-05
2.17549e-05
2.17622e-05
2.17796e-05
2.18426e-05
9.38499e-06
2.1775e-05
2.17761e-05
2.17676e-05
2.17614e-05
2.05775e-05
2.05776e-05
2.05827e-05
2.05962e-05
2.06512e-05
8.80908e-06
2.05929e-05
2.05949e-05
2.05883e-05
2.05835e-05
1.93725e-05
1.93719e-05
1.93752e-05
1.93854e-05
1.94331e-05
8.23305e-06
1.93835e-05
1.93861e-05
1.9381e-05
1.93772e-05
1.81609e-05
1.81598e-05
1.81618e-05
1.81691e-05
1.82094e-05
7.66534e-06
1.81686e-05
1.81715e-05
1.81676e-05
1.81646e-05
1.69458e-05
1.69444e-05
1.69452e-05
1.69501e-05
1.69834e-05
7.11125e-06
1.69509e-05
1.6954e-05
1.6951e-05
1.69487e-05
1.57679e-05
1.57663e-05
1.57664e-05
1.57693e-05
1.57962e-05
6.5822e-06
1.57709e-05
1.57741e-05
1.57718e-05
1.577e-05
1.46123e-05
1.46106e-05
1.46101e-05
1.46113e-05
1.46324e-05
6.07267e-06
1.46138e-05
1.4617e-05
1.46152e-05
1.46139e-05
1.35009e-05
1.34991e-05
1.34981e-05
1.34981e-05
1.35139e-05
5.59263e-06
1.35012e-05
1.35043e-05
1.3503e-05
1.35019e-05
1.24402e-05
1.24384e-05
1.24372e-05
1.24361e-05
1.24472e-05
5.13976e-06
1.24396e-05
1.24426e-05
1.24417e-05
1.24409e-05
1.09935e-05
1.09919e-05
1.09906e-05
1.09888e-05
1.09955e-05
4.53543e-06
1.09924e-05
1.09952e-05
1.09946e-05
1.09939e-05
2.53092e-06
2.53055e-06
2.53021e-06
2.52973e-06
2.53091e-06
1.04341e-06
2.53059e-06
2.53123e-06
2.53111e-06
2.53099e-06
2.03189e-06
2.03157e-06
2.03127e-06
2.03083e-06
2.03177e-06
8.38623e-07
2.03158e-06
2.03211e-06
2.03201e-06
2.0319e-06
1.98668e-06
1.98588e-06
1.98533e-06
1.98536e-06
1.99077e-06
8.60075e-07
1.98573e-06
1.9863e-06
1.98612e-06
1.98597e-06
1.93337e-06
1.9314e-06
1.93015e-06
1.93095e-06
1.94562e-06
9.18488e-07
1.93067e-06
1.93133e-06
1.931e-06
1.93078e-06
1.85052e-06
1.84672e-06
1.84436e-06
1.84628e-06
1.87526e-06
9.98221e-07
1.84497e-06
1.84577e-06
1.84523e-06
1.84491e-06
1.73905e-06
1.73227e-06
1.72802e-06
1.73144e-06
1.78199e-06
1.10287e-06
1.72868e-06
1.7297e-06
1.72887e-06
1.7284e-06
1.58908e-06
1.5774e-06
1.56999e-06
1.57584e-06
1.66131e-06
1.24286e-06
1.57066e-06
1.57205e-06
1.57076e-06
1.57007e-06
1.37846e-06
1.35623e-06
1.34189e-06
1.35267e-06
1.50926e-06
1.46875e-06
1.3425e-06
1.34469e-06
1.34243e-06
1.34127e-06
1.04684e-06
9.88736e-07
9.49604e-07
9.78104e-07
1.34992e-06
1.94153e-06
9.50007e-07
9.5525e-07
9.49489e-07
9.46583e-07
4.04101e-07
3.71837e-07
3.49383e-07
3.64931e-07
5.60654e-07
8.85022e-07
3.49193e-07
3.52108e-07
3.48958e-07
3.47385e-07
1.48088e-05
2.44408e-05
2.62073e-05
2.7347e-05
2.82895e-05
2.90296e-05
2.95538e-05
2.99164e-05
3.00824e-05
3.0078e-05
2.98969e-05
2.95944e-05
2.91325e-05
2.85248e-05
2.78274e-05
2.7011e-05
2.60973e-05
2.50931e-05
2.40453e-05
2.29289e-05
2.17583e-05
2.05809e-05
1.93751e-05
1.81628e-05
1.69471e-05
1.57687e-05
1.46127e-05
1.35009e-05
1.24401e-05
1.09933e-05
2.53087e-06
2.03181e-06
1.98587e-06
1.93067e-06
1.84479e-06
1.72827e-06
1.56992e-06
1.34106e-06
9.46127e-07
3.47156e-07
9.22269e-06
6.6191e-06
6.06052e-06
6.42851e-06
1.02636e-05
2.01939e-05
7.94175e-06
4.43643e-06
4.38959e-06
4.11555e-06
2.34169e-06
1.92383e-09
1.47322e-09
1.27519e-09
1.37849e-09
2.27552e-09
3.89288e-09
7.88101e-10
7.29054e-10
7.46697e-10
6.98962e-10
6.33742e-10
1.47699e-05
1.49382e-05
1.5049e-05
1.51201e-05
1.47426e-05
1.32065e-05
1.50316e-05
1.49439e-05
1.48879e-05
1.48542e-05
2.43954e-05
2.46848e-05
2.49071e-05
2.50781e-05
2.45828e-05
2.05427e-05
2.50338e-05
2.47627e-05
2.46296e-05
2.45426e-05
2.61753e-05
2.65082e-05
2.68043e-05
2.70685e-05
2.6708e-05
2.04368e-05
2.71451e-05
2.67203e-05
2.65086e-05
2.63609e-05
2.73205e-05
2.76515e-05
2.79631e-05
2.82609e-05
2.80428e-05
1.97828e-05
2.83836e-05
2.79364e-05
2.76952e-05
2.75224e-05
2.82655e-05
2.85541e-05
2.88259e-05
2.90971e-05
2.89819e-05
1.89981e-05
2.91822e-05
2.8821e-05
2.86078e-05
2.8452e-05
2.9008e-05
2.9255e-05
2.94866e-05
2.97273e-05
2.96865e-05
1.81951e-05
2.9795e-05
2.95053e-05
2.93187e-05
2.91793e-05
2.95332e-05
2.97413e-05
2.99352e-05
3.01452e-05
3.0158e-05
1.74318e-05
3.02066e-05
2.99777e-05
2.98152e-05
2.9691e-05
2.98967e-05
3.007e-05
3.02302e-05
3.04112e-05
3.04589e-05
1.67616e-05
3.0469e-05
3.02897e-05
3.01497e-05
3.00403e-05
3.00636e-05
3.02068e-05
3.03386e-05
3.04937e-05
3.05641e-05
1.61568e-05
3.05458e-05
3.04069e-05
3.02875e-05
3.01925e-05
3.00604e-05
3.01777e-05
3.02855e-05
3.04181e-05
3.05023e-05
1.56144e-05
3.04629e-05
3.03571e-05
3.02561e-05
3.01745e-05
2.98804e-05
2.99757e-05
3.00639e-05
3.01773e-05
3.02701e-05
1.51099e-05
3.02127e-05
3.01336e-05
3.00492e-05
2.998e-05
2.95795e-05
2.96567e-05
2.97294e-05
2.9827e-05
2.99243e-05
1.46326e-05
2.98477e-05
2.97901e-05
2.97211e-05
2.9664e-05
2.91194e-05
2.91814e-05
2.92418e-05
2.93264e-05
2.94261e-05
1.41262e-05
2.93321e-05
2.92912e-05
2.92357e-05
2.91894e-05
2.85132e-05
2.85619e-05
2.86115e-05
2.86844e-05
2.87849e-05
1.35853e-05
2.8681e-05
2.8653e-05
2.86083e-05
2.85709e-05
2.78173e-05
2.78549e-05
2.78953e-05
2.79574e-05
2.80555e-05
1.30276e-05
2.79476e-05
2.7929e-05
2.78936e-05
2.78638e-05
2.70021e-05
2.70304e-05
2.70632e-05
2.71159e-05
2.72108e-05
1.24407e-05
2.71024e-05
2.70907e-05
2.70627e-05
2.70392e-05
2.60896e-05
2.61098e-05
2.61358e-05
2.61799e-05
2.62705e-05
1.18374e-05
2.61662e-05
2.61596e-05
2.61374e-05
2.61188e-05
2.50863e-05
2.51e-05
2.51203e-05
2.51564e-05
2.52409e-05
1.1219e-05
2.5144e-05
2.51409e-05
2.51235e-05
2.51089e-05
2.40394e-05
2.4048e-05
2.40637e-05
2.40931e-05
2.41716e-05
1.06086e-05
2.40817e-05
2.40811e-05
2.40676e-05
2.40564e-05
2.29236e-05
2.29282e-05
2.29399e-05
2.29631e-05
2.30345e-05
9.98791e-06
2.29541e-05
2.29552e-05
2.29447e-05
2.29361e-05
2.17538e-05
2.17549e-05
2.17622e-05
2.17796e-05
2.18426e-05
9.38499e-06
2.1775e-05
2.17761e-05
2.17676e-05
2.17614e-05
2.05775e-05
2.05776e-05
2.05827e-05
2.05962e-05
2.06512e-05
8.80908e-06
2.05929e-05
2.05949e-05
2.05883e-05
2.05835e-05
1.93725e-05
1.93719e-05
1.93752e-05
1.93854e-05
1.94331e-05
8.23305e-06
1.93835e-05
1.93861e-05
1.9381e-05
1.93772e-05
1.81609e-05
1.81598e-05
1.81618e-05
1.81691e-05
1.82094e-05
7.66534e-06
1.81686e-05
1.81715e-05
1.81676e-05
1.81646e-05
1.69458e-05
1.69444e-05
1.69452e-05
1.69501e-05
1.69834e-05
7.11125e-06
1.69509e-05
1.6954e-05
1.6951e-05
1.69487e-05
1.57679e-05
1.57663e-05
1.57664e-05
1.57693e-05
1.57962e-05
6.5822e-06
1.57709e-05
1.57741e-05
1.57718e-05
1.577e-05
1.46123e-05
1.46106e-05
1.46101e-05
1.46113e-05
1.46324e-05
6.07267e-06
1.46138e-05
1.4617e-05
1.46152e-05
1.46139e-05
1.35009e-05
1.34991e-05
1.34981e-05
1.34981e-05
1.35139e-05
5.59263e-06
1.35012e-05
1.35043e-05
1.3503e-05
1.35019e-05
1.24402e-05
1.24384e-05
1.24372e-05
1.24361e-05
1.24472e-05
5.13976e-06
1.24396e-05
1.24426e-05
1.24417e-05
1.24409e-05
1.09935e-05
1.09919e-05
1.09906e-05
1.09888e-05
1.09955e-05
4.53543e-06
1.09924e-05
1.09952e-05
1.09946e-05
1.09939e-05
2.53092e-06
2.53055e-06
2.53021e-06
2.52973e-06
2.53091e-06
1.04341e-06
2.53059e-06
2.53123e-06
2.53111e-06
2.53099e-06
2.03189e-06
2.03157e-06
2.03127e-06
2.03083e-06
2.03177e-06
8.38623e-07
2.03158e-06
2.03211e-06
2.03201e-06
2.0319e-06
1.98668e-06
1.98588e-06
1.98533e-06
1.98536e-06
1.99077e-06
8.60075e-07
1.98573e-06
1.9863e-06
1.98612e-06
1.98597e-06
1.93337e-06
1.9314e-06
1.93015e-06
1.93095e-06
1.94562e-06
9.18488e-07
1.93067e-06
1.93133e-06
1.931e-06
1.93078e-06
1.85052e-06
1.84672e-06
1.84436e-06
1.84628e-06
1.87526e-06
9.98221e-07
1.84497e-06
1.84577e-06
1.84523e-06
1.84491e-06
1.73905e-06
1.73227e-06
1.72802e-06
1.73144e-06
1.78199e-06
1.10287e-06
1.72868e-06
1.7297e-06
1.72887e-06
1.7284e-06
1.58908e-06
1.5774e-06
1.56999e-06
1.57584e-06
1.66131e-06
1.24286e-06
1.57066e-06
1.57205e-06
1.57076e-06
1.57007e-06
1.37846e-06
1.35623e-06
1.34189e-06
1.35267e-06
1.50926e-06
1.46875e-06
1.3425e-06
1.34469e-06
1.34243e-06
1.34127e-06
1.04684e-06
9.88736e-07
9.49604e-07
9.78104e-07
1.34992e-06
1.94153e-06
9.50007e-07
9.5525e-07
9.49489e-07
9.46583e-07
4.04101e-07
3.71837e-07
3.49383e-07
3.64931e-07
5.60654e-07
8.85022e-07
3.49193e-07
3.52108e-07
3.48958e-07
3.47385e-07
1.48088e-05
2.44408e-05
2.62073e-05
2.7347e-05
2.82895e-05
2.90296e-05
2.95538e-05
2.99164e-05
3.00824e-05
3.0078e-05
2.98969e-05
2.95944e-05
2.91325e-05
2.85248e-05
2.78274e-05
2.7011e-05
2.60973e-05
2.50931e-05
2.40453e-05
2.29289e-05
2.17583e-05
2.05809e-05
1.93751e-05
1.81628e-05
1.69471e-05
1.57687e-05
1.46127e-05
1.35009e-05
1.24401e-05
1.09933e-05
2.53087e-06
2.03181e-06
1.98587e-06
1.93067e-06
1.84479e-06
1.72827e-06
1.56992e-06
1.34106e-06
9.46127e-07
3.47156e-07
9.22269e-06
6.6191e-06
6.06052e-06
6.42851e-06
1.02636e-05
2.01939e-05
7.94175e-06
4.43643e-06
4.38959e-06
4.11555e-06
2.34169e-06
1.92383e-09
1.47322e-09
1.27519e-09
1.37849e-09
2.27552e-09
3.89288e-09
7.88101e-10
7.29054e-10
7.46697e-10
6.98962e-10
6.33742e-10
SCALARS mu double 1
LOOKUP_TABLE default
60.1007
3.39039e-11
65.3679
81.847
85.6362
86.7825
86.7055
83.9447
72.1267
47.7223
78.7078
68.5048
77.8863
85.2949
88.6658
90.0382
90.0709
87.4913
81.4772
73.2511
90.6449
87.1522
89.4003
92.3779
94.5704
96.0466
96.2184
94.3744
91.3649
88.4531
100.374
98.6023
99.1051
100.348
101.762
103.145
103.373
102.041
100.33
99.032
109.505
108.143
108.025
108.505
109.412
110.563
110.796
109.845
108.81
108.217
118.563
117.106
116.63
116.673
117.204
118.118
118.363
117.732
117.144
116.997
127.724
125.907
125.142
124.867
125.079
125.771
126.037
125.702
125.47
125.691
136.876
134.658
133.645
133.106
133.034
133.525
133.818
133.758
133.835
134.374
145.716
143.378
142.173
141.405
141.074
141.386
141.71
141.909
142.26
143.055
154.583
152.124
150.753
149.781
149.211
149.365
149.721
150.163
150.763
151.778
163.537
160.937
159.411
158.251
157.461
157.476
157.864
158.532
159.36
160.578
172.604
169.852
168.178
166.842
165.848
165.744
166.158
167.036
168.077
169.485
181.82
178.925
177.104
175.601
174.417
174.208
174.644
175.72
176.96
178.553
191.33
188.242
186.257
184.588
183.226
182.928
183.381
184.641
186.076
187.866
201.457
197.877
195.69
193.857
192.332
191.96
192.419
193.848
195.476
197.496
211.902
207.848
205.449
203.455
201.779
201.347
201.806
203.39
205.205
207.462
222.689
218.174
215.57
213.426
211.617
211.136
211.59
213.313
215.301
217.785
233.803
228.858
226.068
223.795
221.878
221.363
221.805
223.64
225.779
228.468
245.215
239.903
236.956
234.579
232.577
232.041
232.466
234.388
236.653
239.516
256.976
251.327
248.249
245.797
243.743
243.198
243.602
245.579
247.939
250.946
269.13
263.117
259.936
257.444
255.374
254.83
255.211
257.204
259.623
262.75
281.493
275.237
271.991
269.49
267.439
266.909
267.265
269.242
271.685
274.885
294.042
287.637
284.373
281.898
279.901
279.393
279.723
281.649
284.078
287.302
306.689
300.229
296.997
294.59
292.685
292.208
292.512
294.347
296.718
299.912
319.322
312.884
309.726
307.425
305.649
305.21
305.488
307.195
309.467
312.588
331.754
325.39
322.341
320.18
318.567
318.173
318.425
319.971
322.106
325.116
343.666
337.436
334.528
332.535
331.111
330.765
330.993
332.353
334.32
337.184
354.582
348.538
345.798
343.996
342.777
342.482
342.687
343.844
345.618
348.308
363.81
357.993
355.434
353.83
352.825
352.582
352.763
353.712
355.283
357.786
370.538
364.871
362.422
360.953
360.115
359.926
360.078
360.864
362.296
364.683
373.415
367.49
364.976
363.402
362.363
362.123
362.352
363.339
364.868
367.313
375.739
369.679
367.045
365.34
364.179
363.891
364.178
365.284
366.944
369.511
377.825
371.742
368.982
367.132
365.831
365.454
365.845
367.084
368.885
371.577
379.717
373.812
370.961
368.96
367.498
367.021
367.524
368.915
370.861
373.646
381.363
375.927
373.057
370.921
369.297
368.728
369.322
370.87
372.949
375.757
382.741
378.114
375.36
373.131
371.343
370.697
371.335
373.062
375.239
377.939
383.813
380.368
377.989
375.792
373.814
373.116
373.703
375.711
377.853
380.195
384.494
382.495
380.935
379.234
377.245
376.614
377.107
379.144
380.805
382.345
385.098
384.311
383.513
382.865
382.402
382.195
382.36
382.741
383.362
384.148
387.179
387
386.928
386.876
386.822
386.785
386.813
386.852
386.902
386.973
59.8824
78.4496
90.3348
100.009
109.085
118.089
127.199
136.317
145.172
154.054
163.022
172.1
181.329
190.848
200.95
211.376
222.145
233.243
244.644
256.397
268.544
280.905
293.458
306.114
318.76
331.206
343.135
354.07
363.318
370.064
372.95
375.277
377.371
379.279
380.946
382.351
383.46
384.191
384.881
387.09
-38.9886
-37.4888
-63.7304
-80.1681
-83.6502
-85.0203
-84.5553
-82.4378
-68.3335
-46.8708
-42.1298
387.082
387.039
386.974
386.922
386.907
386.897
386.888
386.898
386.957
387.034
387.063
59.675
-1.37931e-11
64.9879
81.3715
85.1293
86.2512
86.17
83.4294
71.68
47.4105
78.1442
68.0879
77.4348
84.8012
88.1411
89.4863
89.5147
86.9556
80.9759
72.7827
90.0034
86.6296
88.8889
91.8504
94.0186
95.4682
95.6366
93.8085
90.8144
87.8996
99.6833
98.0283
98.5537
99.7902
101.185
102.543
102.769
101.45
99.746
98.433
108.785
107.54
107.448
107.926
108.816
109.944
110.177
109.238
108.206
107.593
117.83
116.49
116.04
116.082
116.597
117.491
117.737
117.118
116.531
116.362
126.992
125.289
124.55
124.273
124.47
125.143
125.413
125.089
124.857
125.056
136.157
134.049
133.06
132.519
132.432
132.905
133.203
133.154
133.232
133.75
145.025
142.789
141.603
140.832
140.486
140.781
141.112
141.323
141.676
142.452
153.931
151.563
150.208
149.231
148.645
148.783
149.147
149.602
150.205
151.206
162.937
160.414
158.9
157.731
156.924
156.924
157.321
158.004
158.838
160.045
172.063
169.375
167.707
166.36
165.348
165.229
165.653
166.547
167.597
168.999
181.348
178.501
176.68
175.163
173.959
173.738
174.184
175.277
176.53
178.122
190.934
187.878
185.887
184.202
182.819
182.508
182.971
184.251
185.701
187.496
201.142
197.58
195.381
193.529
191.981
191.597
192.067
193.517
195.163
197.194
211.674
207.623
205.207
203.191
201.491
201.048
201.519
203.125
204.961
207.234
222.552
218.027
215.401
213.233
211.398
210.907
211.373
213.119
215.13
217.636
233.76
228.793
225.978
223.678
221.735
221.21
221.664
223.524
225.688
228.402
245.269
239.925
236.949
234.544
232.516
231.97
232.407
234.355
236.646
239.538
257.13
251.439
248.33
245.849
243.769
243.216
243.631
245.633
248.021
251.059
269.384
263.323
260.109
257.587
255.492
254.94
255.332
257.351
259.798
262.958
281.848
275.539
272.259
269.729
267.654
267.116
267.482
269.484
271.956
275.189
294.498
288.037
284.739
282.236
280.214
279.7
280.039
281.989
284.447
287.704
307.243
300.727
297.461
295.027
293.1
292.618
292.93
294.787
297.185
300.413
319.974
313.479
310.288
307.962
306.166
305.722
306.008
307.736
310.033
313.186
332.499
326.079
322.999
320.815
319.184
318.786
319.046
320.61
322.768
325.808
344.497
338.213
335.277
333.263
331.822
331.473
331.709
333.085
335.072
337.964
355.488
349.393
346.627
344.806
343.574
343.276
343.487
344.658
346.451
349.166
364.775
358.911
356.328
354.708
353.692
353.447
353.634
354.594
356.18
358.706
371.537
365.829
363.358
361.875
361.029
360.838
360.995
361.79
363.236
365.643
374.421
368.457
365.924
364.337
363.289
363.047
363.281
364.277
365.819
368.283
376.751
370.655
368.001
366.284
365.114
364.823
365.115
366.231
367.904
370.489
378.841
372.724
369.947
368.084
366.773
366.395
366.79
368.039
369.853
372.562
380.736
374.802
371.934
369.921
368.449
367.969
368.478
369.879
371.836
374.637
382.385
376.924
374.039
371.891
370.257
369.685
370.284
371.842
373.933
376.755
383.764
379.118
376.35
374.11
372.313
371.664
372.307
374.043
376.232
378.944
384.837
381.379
378.99
376.783
374.795
374.094
374.686
376.704
378.855
381.207
385.517
383.512
381.946
380.238
378.242
377.608
378.104
380.15
381.817
383.363
386.121
385.333
384.532
383.882
383.418
383.211
383.376
383.759
384.382
385.169
388.208
388.029
387.956
387.904
387.85
387.813
387.841
387.88
387.93
388.001
59.4567
77.886
89.6933
99.3187
108.365
117.356
126.467
135.598
144.481
153.402
162.421
171.559
180.856
190.451
200.635
211.148
222.008
233.2
244.698
256.55
268.798
281.26
293.914
306.668
319.412
331.951
343.966
354.976
364.283
371.064
373.956
376.288
378.387
380.298
381.968
383.375
384.484
385.215
385.905
388.119
-38.7344
-37.2541
-63.3509
-79.6954
-83.1536
-84.5103
-84.0447
-81.9376
-67.9139
-46.571
-41.8558
388.11
388.067
388.002
387.95
387.935
387.925
387.917
387.926
387.986
388.063
388.092
