# vtk DataFile Version 3.0
Rotor blade panels
ASCII
DATASET UNSTRUCTURED_GRID
POINTS 3696 double
1.53634 1.08176 1.12668
1.54073 1.08068 1.12602
1.54081 1.07866 1.12848
1.53631 1.07995 1.12927
1.54073 1.08068 1.12602
1.54489 1.07901 1.12499
1.54505 1.07679 1.12733
1.54081 1.07866 1.12848
1.54489 1.07901 1.12499
1.54889 1.07706 1.1238
1.54909 1.07463 1.12601
1.54505 1.07679 1.12733
1.54889 1.07706 1.1238
1.55255 1.0747 1.12235
1.55278 1.07205 1.12443
1.54909 1.07463 1.12601
1.55255 1.0747 1.12235
1.55504 1.07147 1.12037
1.55533 1.06867 1.12236
1.55278 1.07205 1.12443
1.55504 1.07147 1.12037
1.553 1.06851 1.11856
1.55319 1.06576 1.12057
1.55533 1.06867 1.12236
1.553 1.06851 1.11856
1.5492 1.07058 1.11983
1.54938 1.06812 1.12202
1.55319 1.06576 1.12057
1.5492 1.07058 1.11983
1.54611 1.07349 1.12161
1.54624 1.07118 1.1239
1.54938 1.06812 1.12202
1.54611 1.07349 1.12161
1.54305 1.07642 1.12341
1.54313 1.07427 1.12579
1.54624 1.07118 1.1239
1.54305 1.07642 1.12341
1.53986 1.07924 1.12514
1.53988 1.07725 1.12762
1.54313 1.07427 1.12579
1.53631 1.07995 1.12927
1.54081 1.07866 1.12848
1.54083 1.07547 1.13236
1.5362 1.07709 1.13336
1.54081 1.07866 1.12848
1.54505 1.07679 1.12733
1.54513 1.07326 1.13101
1.54083 1.07547 1.13236
1.54505 1.07679 1.12733
1.54909 1.07463 1.12601
1.54921 1.07075 1.12947
1.54513 1.07326 1.13101
1.54909 1.07463 1.12601
1.55278 1.07205 1.12443
1.55289 1.06784 1.12769
1.54921 1.07075 1.12947
1.55278 1.07205 1.12443
1.55533 1.06867 1.12236
1.55546 1.06421 1.12546
1.55289 1.06784 1.12769
1.55533 1.06867 1.12236
1.55319 1.06576 1.12057
1.55318 1.06142 1.12376
1.55546 1.06421 1.12546
1.55319 1.06576 1.12057
1.54938 1.06812 1.12202
1.54942 1.06421 1.12547
1.55318 1.06142 1.12376
1.54938 1.06812 1.12202
1.54624 1.07118 1.1239
1.54626 1.06754 1.12751
1.54942 1.06421 1.12547
1.54624 1.07118 1.1239
1.54313 1.07427 1.12579
1.54311 1.07089 1.12955
1.54626 1.06754 1.12751
1.54313 1.07427 1.12579
1.53988 1.07725 1.12762
1.53982 1.07412 1.13154
1.54311 1.07089 1.12955
1.5362 1.07709 1.13336
1.54083 1.07547 1.13236
1.54069 1.0722 1.13632
1.53601 1.0742 1.13755
1.54083 1.07547 1.13236
1.54513 1.07326 1.13101
1.545 1.06964 1.13475
1.54069 1.0722 1.13632
1.54513 1.07326 1.13101
1.54921 1.07075 1.12947
1.54905 1.06677 1.133
1.545 1.06964 1.13475
1.54921 1.07075 1.12947
1.55289 1.06784 1.12769
1.55268 1.06353 1.13101
1.54905 1.06677 1.133
1.55289 1.06784 1.12769
1.55546 1.06421 1.12546
1.55519 1.05963 1.12862
1.55268 1.06353 1.13101
1.55546 1.06421 1.12546
1.55318 1.06142 1.12376
1.55278 1.05702 1.12702
1.55519 1.05963 1.12862
1.55318 1.06142 1.12376
1.54942 1.06421 1.12547
1.54913 1.06022 1.12898
1.55278 1.05702 1.12702
1.54942 1.06421 1.12547
1.54626 1.06754 1.12751
1.54601 1.06382 1.13119
1.54913 1.06022 1.12898
1.54626 1.06754 1.12751
1.54311 1.07089 1.12955
1.54289 1.06743 1.1334
1.54601 1.06382 1.13119
1.54311 1.07089 1.12955
1.53982 1.07412 1.13154
1.53961 1.07094 1.13555
1.54289 1.06743 1.1334
1.53601 1.0742 1.13755
1.54069 1.0722 1.13632
1.54046 1.06899 1.14032
1.53577 1.07136 1.14177
1.54069 1.0722 1.13632
1.545 1.06964 1.13475
1.54473 1.06608 1.13854
1.54046 1.06899 1.14032
1.545 1.06964 1.13475
1.54905 1.06677 1.133
1.54871 1.06288 1.13658
1.54473 1.06608 1.13854
1.54905 1.06677 1.133
1.55268 1.06353 1.13101
1.55223 1.05932 1.13439
1.54871 1.06288 1.13658
1.55268 1.06353 1.13101
1.55519 1.05963 1.12862
1.55465 1.05517 1.13185
1.55223 1.05932 1.13439
1.55519 1.05963 1.12862
1.55278 1.05702 1.12702
1.55215 1.05276 1.13037
1.55465 1.05517 1.13185
1.55278 1.05702 1.12702
1.54913 1.06022 1.12898
1.54865 1.05631 1.13255
1.55215 1.05276 1.13037
1.54913 1.06022 1.12898
1.54601 1.06382 1.13119
1.5456 1.06018 1.13492
1.54865 1.05631 1.13255
1.54601 1.06382 1.13119
1.54289 1.06743 1.1334
1.54254 1.06405 1.13729
1.5456 1.06018 1.13492
1.54289 1.06743 1.1334
1.53961 1.07094 1.13555
1.53932 1.06782 1.1396
1.54254 1.06405 1.13729
1.53577 1.07136 1.14177
1.54046 1.06899 1.14032
1.54018 1.06588 1.14437
1.53553 1.06857 1.14602
1.54046 1.06899 1.14032
1.54473 1.06608 1.13854
1.54437 1.06267 1.14241
1.54018 1.06588 1.14437
1.54473 1.06608 1.13854
1.54871 1.06288 1.13658
1.54825 1.05918 1.14027
1.54437 1.06267 1.14241
1.54871 1.06288 1.13658
1.55223 1.05932 1.13439
1.55165 1.05535 1.13792
1.54825 1.05918 1.14027
1.55223 1.05932 1.13439
1.55465 1.05517 1.13185
1.55396 1.05099 1.13525
1.55165 1.05535 1.13792
1.55465 1.05517 1.13185
1.55215 1.05276 1.13037
1.55142 1.04877 1.13389
1.55396 1.05099 1.13525
1.55215 1.05276 1.13037
1.54865 1.05631 1.13255
1.54807 1.05262 1.13625
1.55142 1.04877 1.13389
1.54865 1.05631 1.13255
1.5456 1.06018 1.13492
1.54512 1.05672 1.13876
1.54807 1.05262 1.13625
1.5456 1.06018 1.13492
1.54254 1.06405 1.13729
1.54214 1.0608 1.14126
1.54512 1.05672 1.13876
1.54254 1.06405 1.13729
1.53932 1.06782 1.1396
1.539 1.06479 1.14371
1.54214 1.0608 1.14126
1.53553 1.06857 1.14602
1.54018 1.06588 1.14437
1.53986 1.06285 1.14848
1.53529 1.06582 1.15031
1.54018 1.06588 1.14437
1.54437 1.06267 1.14241
1.54396 1.05939 1.14636
1.53986 1.06285 1.14848
1.54437 1.06267 1.14241
1.54825 1.05918 1.14027
1.54771 1.05566 1.14408
1.54396 1.05939 1.14636
1.54825 1.05918 1.14027
1.55165 1.05535 1.13792
1.55097 1.05161 1.1416
1.54771 1.05566 1.14408
1.55165 1.05535 1.13792
1.55396 1.05099 1.13525
1.55316 1.04708 1.13882
1.55097 1.05161 1.1416
1.55396 1.05099 1.13525
1.55142 1.04877 1.13389
1.55061 1.04504 1.13757
1.55316 1.04708 1.13882
1.55142 1.04877 1.13389
1.54807 1.05262 1.13625
1.54742 1.04913 1.14007
1.55061 1.04504 1.13757
1.54807 1.05262 1.13625
1.54512 1.05672 1.13876
1.54458 1.05341 1.1427
1.54742 1.04913 1.14007
1.54512 1.05672 1.13876
1.54214 1.0608 1.14126
1.54171 1.05767 1.14531
1.54458 1.05341 1.1427
1.54214 1.0608 1.14126
1.539 1.06479 1.14371
1.53867 1.06184 1.14787
1.54171 1.05767 1.14531
1.53529 1.06582 1.15031
1.53986 1.06285 1.14848
1.53952 1.05991 1.15264
1.53506 1.06312 1.15461
1.53986 1.06285 1.14848
1.54396 1.05939 1.14636
1.5435 1.05624 1.15039
1.53952 1.05991 1.15264
1.54396 1.05939 1.14636
1.54771 1.05566 1.14408
1.54712 1.05232 1.14799
1.5435 1.05624 1.15039
1.54771 1.05566 1.14408
1.55097 1.05161 1.1416
1.55024 1.0481 1.1454
1.54712 1.05232 1.14799
1.55097 1.05161 1.1416
1.55316 1.04708 1.13882
1.55228 1.04344 1.14255
1.55024 1.0481 1.1454
1.55316 1.04708 1.13882
1.55061 1.04504 1.13757
1.54975 1.04156 1.1414
1.55228 1.04344 1.14255
1.55061 1.04504 1.13757
1.54742 1.04913 1.14007
1.54672 1.04583 1.14401
1.54975 1.04156 1.1414
1.54742 1.04913 1.14007
1.54458 1.05341 1.1427
1.54401 1.05025 1.14672
1.54672 1.04583 1.14401
1.54458 1.05341 1.1427
1.54171 1.05767 1.14531
1.54124 1.05465 1.14942
1.54401 1.05025 1.14672
1.54171 1.05767 1.14531
1.53867 1.06184 1.14787
1.53832 1.05898 1.15207
1.54124 1.05465 1.14942
1.53506 1.06312 1.15461
1.53952 1.05991 1.15264
1.53918 1.05704 1.15685
1.53484 1.06045 1.15894
1.53952 1.05991 1.15264
1.5435 1.05624 1.15039
1.54301 1.05322 1.15451
1.53918 1.05704 1.15685
1.5435 1.05624 1.15039
1.54712 1.05232 1.14799
1.54649 1.04915 1.15201
1.54301 1.05322 1.15451
1.54712 1.05232 1.14799
1.55024 1.0481 1.1454
1.54946 1.0448 1.14934
1.54649 1.04915 1.15201
1.55024 1.0481 1.1454
1.55228 1.04344 1.14255
1.55136 1.04005 1.14643
1.54946 1.0448 1.14934
1.55228 1.04344 1.14255
1.54975 1.04156 1.1414
1.54885 1.03831 1.14537
1.55136 1.04005 1.14643
1.54975 1.04156 1.1414
1.54672 1.04583 1.14401
1.54599 1.04271 1.14807
1.54885 1.03831 1.14537
1.54672 1.04583 1.14401
1.54401 1.05025 1.14672
1.5434 1.04724 1.15084
1.54599 1.04271 1.14807
1.54401 1.05025 1.14672
1.54124 1.05465 1.14942
1.54076 1.05174 1.1536
1.5434 1.04724 1.15084
1.54124 1.05465 1.14942
1.53832 1.05898 1.15207
1.53796 1.05618 1.15632
1.54076 1.05174 1.1536
1.53484 1.06045 1.15894
1.53918 1.05704 1.15685
1.53882 1.05426 1.16111
1.53463 1.05781 1.16329
1.53918 1.05704 1.15685
1.54301 1.05322 1.15451
1.54251 1.05031 1.15869
1.53882 1.05426 1.16111
1.54301 1.05322 1.15451
1.54649 1.04915 1.15201
1.54584 1.04613 1.15613
1.54251 1.05031 1.15869
1.54649 1.04915 1.15201
1.54946 1.0448 1.14934
1.54865 1.04169 1.15341
1.54584 1.04613 1.15613
1.54946 1.0448 1.14934
1.55136 1.04005 1.14643
1.55041 1.03689 1.15046
1.54865 1.04169 1.15341
1.55136 1.04005 1.14643
1.54885 1.03831 1.14537
1.54793 1.03528 1.14948
1.55041 1.03689 1.15046
1.54885 1.03831 1.14537
1.54599 1.04271 1.14807
1.54523 1.03977 1.15223
1.54793 1.03528 1.14948
1.54599 1.04271 1.14807
1.5434 1.04724 1.15084
1.54278 1.04437 1.15505
1.54523 1.03977 1.15223
1.5434 1.04724 1.15084
1.54076 1.05174 1.1536
1.54027 1.04894 1.15785
1.54278 1.04437 1.15505
1.54076 1.05174 1.1536
1.53796 1.05618 1.15632
1.5376 1.05345 1.16061
1.54027 1.04894 1.15785
1.53463 1.05781 1.16329
1.53882 1.05426 1.16111
1.53846 1.05154 1.1654
1.53443 1.05521 1.16765
1.53882 1.05426 1.16111
1.54251 1.05031 1.15869
1.542 1.04751 1.16293
1.53846 1.05154 1.1654
1.54251 1.05031 1.15869
1.54584 1.04613 1.15613
1.54517 1.04326 1.16033
1.542 1.04751 1.16293
1.54584 1.04613 1.15613
1.54865 1.04169 1.15341
1.54783 1.03877 1.15758
1.54517 1.04326 1.16033
1.54865 1.04169 1.15341
1.55041 1.03689 1.15046
1.54945 1.03394 1.15462
1.54783 1.03877 1.15758
1.55041 1.03689 1.15046
1.54793 1.03528 1.14948
1.54701 1.03245 1.1537
1.54945 1.03394 1.15462
1.54793 1.03528 1.14948
1.54523 1.03977 1.15223
1.54447 1.03699 1.15649
1.54701 1.03245 1.1537
1.54523 1.03977 1.15223
1.54278 1.04437 1.15505
1.54215 1.04162 1.15933
1.54447 1.03699 1.15649
1.54278 1.04437 1.15505
1.54027 1.04894 1.15785
1.53977 1.04623 1.16215
1.54215 1.04162 1.15933
1.54027 1.04894 1.15785
1.5376 1.05345 1.16061
1.53724 1.05078 1.16494
1.53977 1.04623 1.16215
1.53443 1.05521 1.16765
1.53846 1.05154 1.1654
1.5381 1.04888 1.16974
1.53423 1.05263 1.17203
1.53846 1.05154 1.1654
1.542 1.04751 1.16293
1.54148 1.04481 1.16724
1.5381 1.04888 1.16974
1.542 1.04751 1.16293
1.54517 1.04326 1.16033
1.5445 1.04053 1.16462
1.54148 1.04481 1.16724
1.54517 1.04326 1.16033
1.54783 1.03877 1.15758
1.54701 1.03602 1.16185
1.5445 1.04053 1.16462
1.54783 1.03877 1.15758
1.54945 1.03394 1.15462
1.54849 1.0312 1.1589
1.54701 1.03602 1.16185
1.54945 1.03394 1.15462
1.54701 1.03245 1.1537
1.54608 1.02981 1.15805
1.54849 1.0312 1.1589
1.54701 1.03245 1.1537
1.54447 1.03699 1.15649
1.5437 1.03437 1.16084
1.54608 1.02981 1.15805
1.54447 1.03699 1.15649
1.54215 1.04162 1.15933
1.54152 1.039 1.16368
1.5437 1.03437 1.16084
1.54215 1.04162 1.15933
1.53977 1.04623 1.16215
1.53927 1.04362 1.16651
1.54152 1.039 1.16368
1.53977 1.04623 1.16215
1.53724 1.05078 1.16494
1.53688 1.04818 1.16931
1.53927 1.04362 1.16651
1.53423 1.05263 1.17203
1.5381 1.04888 1.16974
1.53773 1.04629 1.17411
1.53405 1.05008 1.17643
1.5381 1.04888 1.16974
1.54148 1.04481 1.16724
1.54096 1.0422 1.1716
1.53773 1.04629 1.17411
1.54148 1.04481 1.16724
1.5445 1.04053 1.16462
1.54383 1.03791 1.16898
1.54096 1.0422 1.1716
1.5445 1.04053 1.16462
1.54701 1.03602 1.16185
1.54618 1.03342 1.16622
1.54383 1.03791 1.16898
1.54701 1.03602 1.16185
1.54849 1.0312 1.1589
1.54753 1.02864 1.16329
1.54618 1.03342 1.16622
1.54849 1.0312 1.1589
1.54608 1.02981 1.15805
1.54517 1.02734 1.1625
1.54753 1.02864 1.16329
1.54608 1.02981 1.15805
1.5437 1.03437 1.16084
1.54294 1.03189 1.16529
1.54517 1.02734 1.1625
1.5437 1.03437 1.16084
1.54152 1.039 1.16368
1.54089 1.0365 1.16811
1.54294 1.03189 1.16529
1.54152 1.039 1.16368
1.53927 1.04362 1.16651
1.53878 1.04108 1.17092
1.54089 1.0365 1.16811
1.53927 1.04362 1.16651
1.53688 1.04818 1.16931
1.53653 1.04563 1.17371
1.53878 1.04108 1.17092
1.53405 1.05008 1.17643
1.53773 1.04629 1.17411
1.53737 1.04374 1.17851
1.53387 1.04755 1.18085
1.53773 1.04629 1.17411
1.54096 1.0422 1.1716
1.54044 1.03967 1.17602
1.53737 1.04374 1.17851
1.54096 1.0422 1.1716
1.54383 1.03791 1.16898
1.54314 1.03541 1.17341
1.54044 1.03967 1.17602
1.54383 1.03791 1.16898
1.54618 1.03342 1.16622
1.54535 1.03096 1.17068
1.54314 1.03541 1.17341
1.54618 1.03342 1.16622
1.54753 1.02864 1.16329
1.54657 1.02624 1.16779
1.54535 1.03096 1.17068
1.54753 1.02864 1.16329
1.54517 1.02734 1.1625
1.54428 1.02504 1.16706
1.54657 1.02624 1.16779
1.54517 1.02734 1.1625
1.54294 1.03189 1.16529
1.5422 1.02954 1.16981
1.54428 1.02504 1.16706
1.54294 1.03189 1.16529
1.54089 1.0365 1.16811
1.54028 1.0341 1.17261
1.5422 1.02954 1.16981
1.54089 1.0365 1.16811
1.53878 1.04108 1.17092
1.5383 1.03863 1.17539
1.54028 1.0341 1.17261
1.53878 1.04108 1.17092
1.53653 1.04563 1.17371
1.53619 1.04313 1.17814
1.5383 1.03863 1.17539
1.53387 1.04755 1.18085
1.53737 1.04374 1.17851
1.53701 1.04125 1.18295
1.5337 1.04504 1.18527
1.53737 1.04374 1.17851
1.54044 1.03967 1.17602
1.53991 1.03722 1.18048
1.53701 1.04125 1.18295
1.54044 1.03967 1.17602
1.54314 1.03541 1.17341
1.54246 1.03302 1.17791
1.53991 1.03722 1.18048
1.54314 1.03541 1.17341
1.54535 1.03096 1.17068
1.54453 1.02863 1.17522
1.54246 1.03302 1.17791
1.54535 1.03096 1.17068
1.54657 1.02624 1.16779
1.54563 1.02401 1.17238
1.54453 1.02863 1.17522
1.54657 1.02624 1.16779
1.54428 1.02504 1.16706
1.54341 1.02289 1.1717
1.54563 1.02401 1.17238
1.54428 1.02504 1.16706
1.5422 1.02954 1.16981
1.54148 1.02733 1.17442
1.54341 1.02289 1.1717
1.5422 1.02954 1.16981
1.54028 1.0341 1.17261
1.53968 1.0318 1.17716
1.54148 1.02733 1.17442
1.54028 1.0341 1.17261
1.5383 1.03863 1.17539
1.53782 1.03626 1.17989
1.53968 1.0318 1.17716
1.5383 1.03863 1.17539
1.53619 1.04313 1.17814
1.53585 1.04068 1.1826
1.53782 1.03626 1.17989
1.5337 1.04504 1.18527
1.53701 1.04125 1.18295
1.53666 1.0388 1.18741
1.53354 1.04255 1.18971
1.53701 1.04125 1.18295
1.53991 1.03722 1.18048
1.53939 1.03484 1.18498
1.53666 1.0388 1.18741
1.53991 1.03722 1.18048
1.54246 1.03302 1.17791
1.54179 1.03071 1.18246
1.53939 1.03484 1.18498
1.54246 1.03302 1.17791
1.54453 1.02863 1.17522
1.54372 1.02642 1.17982
1.54179 1.03071 1.18246
1.54453 1.02863 1.17522
1.54563 1.02401 1.17238
1.54471 1.0219 1.17706
1.54372 1.02642 1.17982
1.54563 1.02401 1.17238
1.54341 1.02289 1.1717
1.54257 1.02088 1.17643
1.54471 1.0219 1.17706
1.54341 1.02289 1.1717
1.54148 1.02733 1.17442
1.54078 1.02522 1.17909
1.54257 1.02088 1.17643
1.54148 1.02733 1.17442
1.53968 1.0318 1.17716
1.5391 1.02959 1.18177
1.54078 1.02522 1.17909
1.53968 1.0318 1.17716
1.53782 1.03626 1.17989
1.53737 1.03395 1.18444
1.5391 1.02959 1.18177
1.53782 1.03626 1.17989
1.53585 1.04068 1.1826
1.53553 1.03828 1.18709
1.53737 1.03395 1.18444
1.53354 1.04255 1.18971
1.53666 1.0388 1.18741
1.53631 1.03639 1.1919
1.53338 1.04008 1.19416
1.53666 1.0388 1.18741
1.53939 1.03484 1.18498
1.53888 1.03252 1.18952
1.53631 1.03639 1.1919
1.53939 1.03484 1.18498
1.54179 1.03071 1.18246
1.54113 1.02849 1.18706
1.53888 1.03252 1.18952
1.54179 1.03071 1.18246
1.54372 1.02642 1.17982
1.54292 1.02431 1.1845
1.54113 1.02849 1.18706
1.54372 1.02642 1.17982
1.54471 1.0219 1.17706
1.5438 1.01993 1.18181
1.54292 1.02431 1.1845
1.54471 1.0219 1.17706
1.54257 1.02088 1.17643
1.54176 1.01898 1.18123
1.5438 1.01993 1.18181
1.54257 1.02088 1.17643
1.54078 1.02522 1.17909
1.5401 1.02321 1.18382
1.54176 1.01898 1.18123
1.54078 1.02522 1.17909
1.5391 1.02959 1.18177
1.53855 1.02746 1.18643
1.5401 1.02321 1.18382
1.5391 1.02959 1.18177
1.53737 1.03395 1.18444
1.53693 1.0317 1.18903
1.53855 1.02746 1.18643
1.53737 1.03395 1.18444
1.53553 1.03828 1.18709
1.53522 1.03591 1.19161
1.53693 1.0317 1.18903
1.53338 1.04008 1.19416
1.53631 1.03639 1.1919
1.53597 1.03403 1.19642
1.53323 1.03763 1.19862
1.53631 1.03639 1.1919
1.53888 1.03252 1.18952
1.53838 1.03026 1.1941
1.53597 1.03403 1.19642
1.53888 1.03252 1.18952
1.54113 1.02849 1.18706
1.54048 1.02635 1.19171
1.53838 1.03026 1.1941
1.54113 1.02849 1.18706
1.54292 1.02431 1.1845
1.54213 1.0223 1.18923
1.54048 1.02635 1.19171
1.54292 1.02431 1.1845
1.5438 1.01993 1.18181
1.54293 1.01807 1.18663
1.54213 1.0223 1.18923
1.5438 1.01993 1.18181
1.54176 1.01898 1.18123
1.54098 1.0172 1.1861
1.54293 1.01807 1.18663
1.54176 1.01898 1.18123
1.5401 1.02321 1.18382
1.53944 1.02129 1.18861
1.54098 1.0172 1.1861
1.5401 1.02321 1.18382
1.53855 1.02746 1.18643
1.538 1.02541 1.19113
1.53944 1.02129 1.18861
1.53855 1.02746 1.18643
1.53693 1.0317 1.18903
1.53651 1.02951 1.19365
1.538 1.02541 1.19113
1.53693 1.0317 1.18903
1.53522 1.03591 1.19161
1.53492 1.03359 1.19614
1.53651 1.02951 1.19365
1.53323 1.03763 1.19862
1.53597 1.03403 1.19642
1.53564 1.0317 1.20095
1.53309 1.0352 1.20309
1.53597 1.03403 1.19642
1.53838 1.03026 1.1941
1.53789 1.02805 1.19871
1.53564 1.0317 1.20095
1.53838 1.03026 1.1941
1.54048 1.02635 1.19171
1.53984 1.02428 1.1964
1.53789 1.02805 1.19871
1.54048 1.02635 1.19171
1.54213 1.0223 1.18923
1.54137 1.02037 1.19401
1.53984 1.02428 1.1964
1.54213 1.0223 1.18923
1.54293 1.01807 1.18663
1.54208 1.0163 1.19151
1.54137 1.02037 1.19401
1.54293 1.01807 1.18663
1.54098 1.0172 1.1861
1.54023 1.01551 1.19103
1.54208 1.0163 1.19151
1.54098 1.0172 1.1861
1.53944 1.02129 1.18861
1.53881 1.01945 1.19344
1.54023 1.01551 1.19103
1.53944 1.02129 1.18861
1.538 1.02541 1.19113
1.53748 1.02341 1.19587
1.53881 1.01945 1.19344
1.538 1.02541 1.19113
1.53651 1.02951 1.19365
1.5361 1.02736 1.19829
1.53748 1.02341 1.19587
1.53651 1.02951 1.19365
1.53492 1.03359 1.19614
1.53463 1.03129 1.2007
1.5361 1.02736 1.19829
1.53309 1.0352 1.20309
1.53564 1.0317 1.20095
1.53531 1.02939 1.2055
1.53295 1.03278 1.20757
1.53564 1.0317 1.20095
1.53789 1.02805 1.19871
1.53741 1.02588 1.20335
1.53531 1.02939 1.2055
1.53789 1.02805 1.19871
1.53984 1.02428 1.1964
1.53922 1.02226 1.20113
1.53741 1.02588 1.20335
1.53984 1.02428 1.1964
1.54137 1.02037 1.19401
1.54064 1.01851 1.19883
1.53922 1.02226 1.20113
1.54137 1.02037 1.19401
1.54208 1.0163 1.19151
1.54126 1.01462 1.19645
1.54064 1.01851 1.19883
1.54208 1.0163 1.19151
1.54023 1.01551 1.19103
1.53951 1.01389 1.196
1.54126 1.01462 1.19645
1.54023 1.01551 1.19103
1.53881 1.01945 1.19344
1.53821 1.01767 1.19832
1.53951 1.01389 1.196
1.53881 1.01945 1.19344
1.53748 1.02341 1.19587
1.53699 1.02147 1.20065
1.53821 1.01767 1.19832
1.53748 1.02341 1.19587
1.5361 1.02736 1.19829
1.5357 1.02526 1.20297
1.53699 1.02147 1.20065
1.5361 1.02736 1.19829
1.53463 1.03129 1.2007
1.53435 1.02903 1.20527
1.5357 1.02526 1.20297
1.53295 1.03278 1.20757
1.53531 1.02939 1.2055
1.535 1.02712 1.21007
1.53282 1.03037 1.21206
1.53531 1.02939 1.2055
1.53741 1.02588 1.20335
1.53694 1.02376 1.20801
1.535 1.02712 1.21007
1.53741 1.02588 1.20335
1.53922 1.02226 1.20113
1.53862 1.0203 1.20589
1.53694 1.02376 1.20801
1.53922 1.02226 1.20113
1.54064 1.01851 1.19883
1.53993 1.01672 1.2037
1.53862 1.0203 1.20589
1.54064 1.01851 1.19883
1.54126 1.01462 1.19645
1.54048 1.01301 1.20142
1.53993 1.01672 1.2037
1.54126 1.01462 1.19645
1.53951 1.01389 1.196
1.53882 1.01235 1.20102
1.54048 1.01301 1.20142
1.53951 1.01389 1.196
1.53821 1.01767 1.19832
1.53764 1.01595 1.20323
1.53882 1.01235 1.20102
1.53821 1.01767 1.19832
1.53699 1.02147 1.20065
1.53651 1.01958 1.20545
1.53764 1.01595 1.20323
1.53699 1.02147 1.20065
1.5357 1.02526 1.20297
1.53533 1.02319 1.20766
1.53651 1.01958 1.20545
1.5357 1.02526 1.20297
1.53435 1.02903 1.20527
1.53409 1.02678 1.20986
1.53533 1.02319 1.20766
1.53282 1.03037 1.21206
1.535 1.02712 1.21007
1.53471 1.02488 1.21466
1.53269 1.02798 1.21656
1.535 1.02712 1.21007
1.53694 1.02376 1.20801
1.53651 1.02168 1.2127
1.53471 1.02488 1.21466
1.53694 1.02376 1.20801
1.53862 1.0203 1.20589
1.53806 1.01838 1.21068
1.53651 1.02168 1.2127
1.53862 1.0203 1.20589
1.53993 1.01672 1.2037
1.53925 1.01498 1.20859
1.53806 1.01838 1.21068
1.53993 1.01672 1.2037
1.54048 1.01301 1.20142
1.53973 1.01146 1.20644
1.53925 1.01498 1.20859
1.54048 1.01301 1.20142
1.53882 1.01235 1.20102
1.53817 1.01085 1.20606
1.53973 1.01146 1.20644
1.53882 1.01235 1.20102
1.53764 1.01595 1.20323
1.5371 1.01428 1.20816
1.53817 1.01085 1.20606
1.53764 1.01595 1.20323
1.53651 1.01958 1.20545
1.53607 1.01772 1.21027
1.5371 1.01428 1.20816
1.53651 1.01958 1.20545
1.53533 1.02319 1.20766
1.53499 1.02115 1.21238
1.53607 1.01772 1.21027
1.53533 1.02319 1.20766
1.53409 1.02678 1.20986
1.53386 1.02457 1.21447
1.53499 1.02115 1.21238
1.53269 1.02798 1.21656
1.53471 1.02488 1.21466
1.53444 1.02265 1.21926
1.53257 1.0256 1.22106
1.53471 1.02488 1.21466
1.53651 1.02168 1.2127
1.5361 1.01962 1.2174
1.53444 1.02265 1.21926
1.53651 1.02168 1.2127
1.53806 1.01838 1.21068
1.53752 1.0165 1.21548
1.5361 1.01962 1.2174
1.53806 1.01838 1.21068
1.53925 1.01498 1.20859
1.5386 1.01328 1.21351
1.53752 1.0165 1.21548
1.53925 1.01498 1.20859
1.53973 1.01146 1.20644
1.53902 1.00995 1.21148
1.5386 1.01328 1.21351
1.53973 1.01146 1.20644
1.53817 1.01085 1.20606
1.53756 1.0094 1.21114
1.53902 1.00995 1.21148
1.53817 1.01085 1.20606
1.5371 1.01428 1.20816
1.53658 1.01264 1.21312
1.53756 1.0094 1.21114
1.5371 1.01428 1.20816
1.53607 1.01772 1.21027
1.53565 1.0159 1.21512
1.53658 1.01264 1.21312
1.53607 1.01772 1.21027
1.53499 1.02115 1.21238
1.53467 1.01914 1.21711
1.53565 1.0159 1.21512
1.53499 1.02115 1.21238
1.53386 1.02457 1.21447
1.53363 1.02237 1.21909
1.53467 1.01914 1.21711
1.53257 1.0256 1.22106
1.53444 1.02265 1.21926
1.53417 1.02045 1.22387
1.53245 1.02323 1.22557
1.53444 1.02265 1.21926
1.5361 1.01962 1.2174
1.5357 1.01758 1.22211
1.53417 1.02045 1.22387
1.5361 1.01962 1.2174
1.53752 1.0165 1.21548
1.537 1.01464 1.22031
1.5357 1.01758 1.22211
1.53752 1.0165 1.21548
1.5386 1.01328 1.21351
1.53799 1.01161 1.21845
1.537 1.01464 1.22031
1.5386 1.01328 1.21351
1.53902 1.00995 1.21148
1.53835 1.00848 1.21654
1.53799 1.01161 1.21845
1.53902 1.00995 1.21148
1.53756 1.0094 1.21114
1.53698 1.00798 1.21623
1.53835 1.00848 1.21654
1.53756 1.0094 1.21114
1.53658 1.01264 1.21312
1.5361 1.01103 1.2181
1.53698 1.00798 1.21623
1.53658 1.01264 1.21312
1.53565 1.0159 1.21512
1.53526 1.0141 1.21998
1.5361 1.01103 1.2181
1.53565 1.0159 1.21512
1.53467 1.01914 1.21711
1.53437 1.01715 1.22185
1.53526 1.0141 1.21998
1.53467 1.01914 1.21711
1.53363 1.02237 1.21909
1.53342 1.02019 1.22371
1.53437 1.01715 1.22185
1.53245 1.02323 1.22557
1.53417 1.02045 1.22387
1.53392 1.01825 1.22849
1.53233 1.02087 1.23009
1.53417 1.02045 1.22387
1.5357 1.01758 1.22211
1.53532 1.01556 1.22684
1.53392 1.01825 1.22849
1.5357 1.01758 1.22211
1.537 1.01464 1.22031
1.53651 1.0128 1.22515
1.53532 1.01556 1.22684
1.537 1.01464 1.22031
1.53799 1.01161 1.21845
1.5374 1.00996 1.22341
1.53651 1.0128 1.22515
1.53799 1.01161 1.21845
1.53835 1.00848 1.21654
1.53771 1.00703 1.22161
1.5374 1.00996 1.22341
1.53835 1.00848 1.21654
1.53698 1.00798 1.21623
1.53643 1.00657 1.22133
1.53771 1.00703 1.22161
1.53698 1.00798 1.21623
1.5361 1.01103 1.2181
1.53564 1.00944 1.22309
1.53643 1.00657 1.22133
1.5361 1.01103 1.2181
1.53526 1.0141 1.21998
1.53488 1.01231 1.22485
1.53564 1.00944 1.22309
1.53526 1.0141 1.21998
1.53437 1.01715 1.22185
1.53408 1.01517 1.2266
1.53488 1.01231 1.22485
1.53437 1.01715 1.22185
1.53342 1.02019 1.22371
1.53322 1.01802 1.22835
1.53408 1.01517 1.2266
1.53233 1.02087 1.23009
1.53392 1.01825 1.22849
1.53368 1.01607 1.23311
1.53223 1.01852 1.23461
1.53392 1.01825 1.22849
1.53532 1.01556 1.22684
1.53495 1.01355 1.23157
1.53368 1.01607 1.23311
1.53532 1.01556 1.22684
1.53651 1.0128 1.22515
1.53604 1.01097 1.22999
1.53495 1.01355 1.23157
1.53651 1.0128 1.22515
1.5374 1.00996 1.22341
1.53684 1.00832 1.22836
1.53604 1.01097 1.22999
1.5374 1.00996 1.22341
1.53771 1.00703 1.22161
1.53711 1.00559 1.22669
1.53684 1.00832 1.22836
1.53771 1.00703 1.22161
1.53643 1.00657 1.22133
1.53592 1.00517 1.22644
1.53711 1.00559 1.22669
1.53643 1.00657 1.22133
1.53564 1.00944 1.22309
1.53521 1.00785 1.22807
1.53592 1.00517 1.22644
1.53564 1.00944 1.22309
1.53488 1.01231 1.22485
1.53453 1.01053 1.22972
1.53521 1.00785 1.22807
1.53488 1.01231 1.22485
1.53408 1.01517 1.2266
1.5338 1.0132 1.23135
1.53453 1.01053 1.22972
1.53408 1.01517 1.2266
1.53322 1.01802 1.22835
1.53303 1.01586 1.23299
1.5338 1.0132 1.23135
1.53223 1.01852 1.23461
1.53368 1.01607 1.23311
1.53345 1.01389 1.23774
1.53212 1.01617 1.23914
1.53368 1.01607 1.23311
1.53495 1.01355 1.23157
1.53461 1.01155 1.23631
1.53345 1.01389 1.23774
1.53495 1.01355 1.23157
1.53604 1.01097 1.22999
1.53559 1.00915 1.23483
1.53461 1.01155 1.23631
1.53604 1.01097 1.22999
1.53684 1.00832 1.22836
1.53632 1.00668 1.23332
1.53559 1.00915 1.23483
1.53684 1.00832 1.22836
1.53711 1.00559 1.22669
1.53654 1.00415 1.23177
1.53632 1.00668 1.23332
1.53711 1.00559 1.22669
1.53592 1.00517 1.22644
1.53544 1.00377 1.23154
1.53654 1.00415 1.23177
1.53592 1.00517 1.22644
1.53521 1.00785 1.22807
1.5348 1.00625 1.23306
1.53544 1.00377 1.23154
1.53521 1.00785 1.22807
1.53453 1.01053 1.22972
1.53419 1.00874 1.23459
1.5348 1.00625 1.23306
1.53453 1.01053 1.22972
1.5338 1.0132 1.23135
1.53354 1.01123 1.23611
1.53419 1.00874 1.23459
1.5338 1.0132 1.23135
1.53303 1.01586 1.23299
1.53285 1.0137 1.23763
1.53354 1.01123 1.23611
1.53212 1.01617 1.23914
1.53345 1.01389 1.23774
1.53323 1.01172 1.24238
1.53202 1.01384 1.24367
1.53345 1.01389 1.23774
1.53461 1.01155 1.23631
1.53429 1.00954 1.24104
1.53323 1.01172 1.24238
1.53461 1.01155 1.23631
1.53559 1.00915 1.23483
1.53518 1.00732 1.23968
1.53429 1.00954 1.24104
1.53559 1.00915 1.23483
1.53632 1.00668 1.23332
1.53583 1.00503 1.23828
1.53518 1.00732 1.23968
1.53632 1.00668 1.23332
1.53654 1.00415 1.23177
1.53602 1.00268 1.23684
1.53583 1.00503 1.23828
1.53654 1.00415 1.23177
1.53544 1.00377 1.23154
1.53499 1.00234 1.23663
1.53602 1.00268 1.23684
1.53544 1.00377 1.23154
1.5348 1.00625 1.23306
1.53442 1.00464 1.23804
1.53499 1.00234 1.23663
1.5348 1.00625 1.23306
1.53419 1.00874 1.23459
1.53388 1.00695 1.23945
1.53442 1.00464 1.23804
1.53419 1.00874 1.23459
1.53354 1.01123 1.23611
1.5333 1.00925 1.24086
1.53388 1.00695 1.23945
1.53354 1.01123 1.23611
1.53285 1.0137 1.23763
1.53267 1.01155 1.24227
1.5333 1.00925 1.24086
1.53202 1.01384 1.24367
1.53323 1.01172 1.24238
1.53303 1.00955 1.24701
1.53193 1.01151 1.24821
1.53323 1.01172 1.24238
1.53429 1.00954 1.24104
1.53399 1.00754 1.24578
1.53303 1.00955 1.24701
1.53429 1.00954 1.24104
1.53518 1.00732 1.23968
1.53479 1.00547 1.24451
1.53399 1.00754 1.24578
1.53518 1.00732 1.23968
1.53583 1.00503 1.23828
1.53537 1.00336 1.24322
1.53479 1.00547 1.24451
1.53583 1.00503 1.23828
1.53602 1.00268 1.23684
1.53553 1.0012 1.24189
1.53537 1.00336 1.24322
1.53602 1.00268 1.23684
1.53499 1.00234 1.23663
1.53458 1.00088 1.2417
1.53553 1.0012 1.24189
1.53499 1.00234 1.23663
1.53442 1.00464 1.23804
1.53407 1.00301 1.243
1.53458 1.00088 1.2417
1.53442 1.00464 1.23804
1.53388 1.00695 1.23945
1.53359 1.00515 1.24431
1.53407 1.00301 1.243
1.53388 1.00695 1.23945
1.5333 1.00925 1.24086
1.53307 1.00727 1.24561
1.53359 1.00515 1.24431
1.5333 1.00925 1.24086
1.53267 1.01155 1.24227
1.53251 1.00939 1.24691
1.53307 1.00727 1.24561
1.53193 1.01151 1.24821
1.53303 1.00955 1.24701
1.53284 1.00738 1.25164
1.53184 1.00919 1.25275
1.53303 1.00955 1.24701
1.53399 1.00754 1.24578
1.5337 1.00552 1.2505
1.53284 1.00738 1.25164
1.53399 1.00754 1.24578
1.53479 1.00547 1.24451
1.53443 1.00361 1.24933
1.5337 1.00552 1.2505
1.53479 1.00547 1.24451
1.53537 1.00336 1.24322
1.53495 1.00166 1.24814
1.53443 1.00361 1.24933
1.53537 1.00336 1.24322
1.53553 1.0012 1.24189
1.53508 0.99967 1.24692
1.53495 1.00166 1.24814
1.53553 1.0012 1.24189
1.53458 1.00088 1.2417
1.53421 0.999387 1.24674
1.53508 0.99967 1.24692
1.53458 1.00088 1.2417
1.53407 1.00301 1.243
1.53375 1.00135 1.24795
1.53421 0.999387 1.24674
1.53407 1.00301 1.243
1.53359 1.00515 1.24431
1.53332 1.00332 1.24915
1.53375 1.00135 1.24795
1.53359 1.00515 1.24431
1.53307 1.00727 1.24561
1.53286 1.00528 1.25035
1.53332 1.00332 1.24915
1.53307 1.00727 1.24561
1.53251 1.00939 1.24691
1.53236 1.00723 1.25155
1.53286 1.00528 1.25035
1.53184 1.00919 1.25275
1.53284 1.00738 1.25164
1.53266 1.00529 1.25607
1.53175 1.00697 1.2571
1.53284 1.00738 1.25164
1.5337 1.00552 1.2505
1.53346 1.00357 1.25502
1.53266 1.00529 1.25607
1.5337 1.00552 1.2505
1.53443 1.00361 1.24933
1.53411 1.00181 1.25394
1.53346 1.00357 1.25502
1.53443 1.00361 1.24933
1.53495 1.00166 1.24814
1.53458 1 1.25283
1.53411 1.00181 1.25394
1.53495 1.00166 1.24814
1.53508 0.99967 1.24692
1.53469 0.998162 1.2517
1.53458 1 1.25283
1.53508 0.99967 1.24692
1.53421 0.999387 1.24674
1.53388 0.997903 1.25154
1.53469 0.998162 1.2517
1.53421 0.999387 1.24674
1.53375 1.00135 1.24795
1.53347 0.999719 1.25266
1.53388 0.997903 1.25154
1.53375 1.00135 1.24795
1.53332 1.00332 1.24915
1.53309 1.00154 1.25377
1.53347 0.999719 1.25266
1.53332 1.00332 1.24915
1.53286 1.00528 1.25035
1.53267 1.00335 1.25488
1.53309 1.00154 1.25377
1.53286 1.00528 1.25035
1.53236 1.00723 1.25155
1.53222 1.00516 1.25599
1.53267 1.00335 1.25488
1.53175 1.00697 1.2571
1.53266 1.00529 1.25607
1.53263 1.00478 1.25714
1.53173 1.00643 1.25815
1.53266 1.00529 1.25607
1.53346 1.00357 1.25502
1.5334 1.00309 1.25611
1.53263 1.00478 1.25714
1.53346 1.00357 1.25502
1.53411 1.00181 1.25394
1.53404 1.00137 1.25505
1.5334 1.00309 1.25611
1.53411 1.00181 1.25394
1.53458 1 1.25283
1.5345 0.999597 1.25396
1.53404 1.00137 1.25505
1.53458 1 1.25283
1.53469 0.998162 1.2517
1.5346 0.997789 1.25286
1.5345 0.999597 1.25396
1.53469 0.998162 1.2517
1.53388 0.997903 1.25154
1.5338 0.997536 1.2527
1.5346 0.997789 1.25286
1.53388 0.997903 1.25154
1.53347 0.999719 1.25266
1.53341 0.999318 1.25379
1.5338 0.997536 1.2527
1.53347 0.999719 1.25266
1.53309 1.00154 1.25377
1.53303 1.0011 1.25489
1.53341 0.999318 1.25379
1.53309 1.00154 1.25377
1.53267 1.00335 1.25488
1.53263 1.00288 1.25598
1.53303 1.0011 1.25489
1.53267 1.00335 1.25488
1.53222 1.00516 1.25599
1.53219 1.00466 1.25707
1.53263 1.00288 1.25598
1.53173 1.00643 1.25815
1.53263 1.00478 1.25714
1.53259 1.00437 1.25802
1.53172 1.00599 1.25901
1.53263 1.00478 1.25714
1.5334 1.00309 1.25611
1.53335 1.00271 1.257
1.53259 1.00437 1.25802
1.5334 1.00309 1.25611
1.53404 1.00137 1.25505
1.53398 1.00101 1.25596
1.53335 1.00271 1.257
1.53404 1.00137 1.25505
1.5345 0.999597 1.25396
1.53443 0.999266 1.25489
1.53398 1.00101 1.25596
1.5345 0.999597 1.25396
1.5346 0.997789 1.25286
1.53453 0.997487 1.2538
1.53443 0.999266 1.25489
1.5346 0.997789 1.25286
1.5338 0.997536 1.2527
1.53374 0.997239 1.25365
1.53453 0.997487 1.2538
1.5338 0.997536 1.2527
1.53341 0.999318 1.25379
1.53335 0.998993 1.25472
1.53374 0.997239 1.25365
1.53341 0.999318 1.25379
1.53303 1.0011 1.25489
1.53299 1.00075 1.2558
1.53335 0.998993 1.25472
1.53303 1.0011 1.25489
1.53263 1.00288 1.25598
1.53259 1.0025 1.25687
1.53299 1.00075 1.2558
1.53263 1.00288 1.25598
1.53219 1.00466 1.25707
1.53216 1.00425 1.25795
1.53259 1.0025 1.25687
1.53172 1.00599 1.25901
1.53259 1.00437 1.25802
1.53254 1.00403 1.25894
1.53168 1.00562 1.25991
1.53259 1.00437 1.25802
1.53335 1.00271 1.257
1.53328 1.00241 1.25794
1.53254 1.00403 1.25894
1.53335 1.00271 1.257
1.53398 1.00101 1.25596
1.53389 1.00075 1.25693
1.53328 1.00241 1.25794
1.53398 1.00101 1.25596
1.53443 0.999266 1.25489
1.53433 0.999048 1.25588
1.53389 1.00075 1.25693
1.53443 0.999266 1.25489
1.53453 0.997487 1.2538
1.53442 0.997311 1.25482
1.53433 0.999048 1.25588
1.53453 0.997487 1.2538
1.53374 0.997239 1.25365
1.53365 0.99707 1.25467
1.53442 0.997311 1.25482
1.53374 0.997239 1.25365
1.53335 0.998993 1.25472
1.53327 0.998782 1.25572
1.53365 0.99707 1.25467
1.53335 0.998993 1.25472
1.53299 1.00075 1.2558
1.53292 1.0005 1.25677
1.53327 0.998782 1.25572
1.53299 1.00075 1.2558
1.53259 1.0025 1.25687
1.53253 1.00221 1.25782
1.53292 1.0005 1.25677
1.53259 1.0025 1.25687
1.53216 1.00425 1.25795
1.53212 1.00391 1.25886
1.53253 1.00221 1.25782
1.53168 1.00562 1.25991
1.53254 1.00403 1.25894
1.53245 1.0038 1.25992
1.53163 1.00532 1.26086
1.53254 1.00403 1.25894
1.53328 1.00241 1.25794
1.53316 1.00223 1.25896
1.53245 1.0038 1.25992
1.53328 1.00241 1.25794
1.53389 1.00075 1.25693
1.53375 1.00063 1.25798
1.53316 1.00223 1.25896
1.53389 1.00075 1.25693
1.53433 0.999048 1.25588
1.53417 0.998991 1.25698
1.53375 1.00063 1.25798
1.53433 0.999048 1.25588
1.53442 0.997311 1.25482
1.53426 0.997317 1.25595
1.53417 0.998991 1.25698
1.53442 0.997311 1.25482
1.53365 0.99707 1.25467
1.53352 0.997085 1.25581
1.53426 0.997317 1.25595
1.53365 0.99707 1.25467
1.53327 0.998782 1.25572
1.53316 0.998735 1.25682
1.53352 0.997085 1.25581
1.53327 0.998782 1.25572
1.53292 1.0005 1.25677
1.53281 1.00039 1.25783
1.53316 0.998735 1.25682
1.53292 1.0005 1.25677
1.53253 1.00221 1.25782
1.53245 1.00204 1.25884
1.53281 1.00039 1.25783
1.53253 1.00221 1.25782
1.53212 1.00391 1.25886
1.53205 1.00368 1.25985
1.53245 1.00204 1.25884
1.53163 1.00532 1.26086
1.53245 1.0038 1.25992
1.53233 1.00367 1.26098
1.53156 1.00512 1.26186
1.53245 1.0038 1.25992
1.53316 1.00223 1.25896
1.533 1.00219 1.26007
1.53233 1.00367 1.26098
1.53316 1.00223 1.25896
1.53375 1.00063 1.25798
1.53356 1.00067 1.25914
1.533 1.00219 1.26007
1.53375 1.00063 1.25798
1.53417 0.998991 1.25698
1.53395 0.999122 1.25819
1.53356 1.00067 1.25914
1.53417 0.998991 1.25698
1.53426 0.997317 1.25595
1.53403 0.997537 1.25721
1.53395 0.999122 1.25819
1.53426 0.997317 1.25595
1.53352 0.997085 1.25581
1.53333 0.997317 1.25708
1.53403 0.997537 1.25721
1.53352 0.997085 1.25581
1.53316 0.998735 1.25682
1.53299 0.99888 1.25804
1.53333 0.997317 1.25708
1.53316 0.998735 1.25682
1.53281 1.00039 1.25783
1.53267 1.00045 1.259
1.53299 0.99888 1.25804
1.53281 1.00039 1.25783
1.53245 1.00204 1.25884
1.53232 1.00201 1.25996
1.53267 1.00045 1.259
1.53245 1.00204 1.25884
1.53205 1.00368 1.25985
1.53195 1.00357 1.26091
1.53232 1.00201 1.25996
1.53156 1.00512 1.26186
1.53233 1.00367 1.26098
1.53217 1.0037 1.26212
1.53145 1.00504 1.26294
1.53233 1.00367 1.26098
1.533 1.00219 1.26007
1.53278 1.00233 1.26128
1.53217 1.0037 1.26212
1.533 1.00219 1.26007
1.53356 1.00067 1.25914
1.5333 1.00092 1.26042
1.53278 1.00233 1.26128
1.53356 1.00067 1.25914
1.53395 0.999122 1.25819
1.53366 0.999488 1.25954
1.5333 1.00092 1.26042
1.53395 0.999122 1.25819
1.53403 0.997537 1.25721
1.53373 0.998021 1.25864
1.53366 0.999488 1.25954
1.53403 0.997537 1.25721
1.53333 0.997317 1.25708
1.53308 0.997818 1.25852
1.53373 0.998021 1.25864
1.53333 0.997317 1.25708
1.53299 0.99888 1.25804
1.53277 0.999265 1.2594
1.53308 0.997818 1.25852
1.53299 0.99888 1.25804
1.53267 1.00045 1.259
1.53247 1.00071 1.26029
1.53277 0.999265 1.2594
1.53267 1.00045 1.259
1.53232 1.00201 1.25996
1.53216 1.00216 1.26118
1.53247 1.00071 1.26029
1.53232 1.00201 1.25996
1.53195 1.00357 1.26091
1.53181 1.0036 1.26206
1.53216 1.00216 1.26118
1.53145 1.00504 1.26294
1.53217 1.0037 1.26212
1.53194 1.00393 1.26339
1.5313 1.00513 1.26412
1.53217 1.0037 1.26212
1.53278 1.00233 1.26128
1.53249 1.00271 1.26264
1.53194 1.00393 1.26339
1.53278 1.00233 1.26128
1.5333 1.00092 1.26042
1.53294 1.00146 1.26188
1.53249 1.00271 1.26264
1.5333 1.00092 1.26042
1.53366 0.999488 1.25954
1.53326 1.00018 1.26109
1.53294 1.00146 1.26188
1.53366 0.999488 1.25954
1.53373 0.998021 1.25864
1.53333 0.998875 1.26029
1.53326 1.00018 1.26109
1.53373 0.998021 1.25864
1.53308 0.997818 1.25852
1.53275 0.998695 1.26018
1.53333 0.998875 1.26029
1.53308 0.997818 1.25852
1.53277 0.999265 1.2594
1.53247 0.999983 1.26097
1.53275 0.998695 1.26018
1.53277 0.999265 1.2594
1.53247 1.00071 1.26029
1.53221 1.00127 1.26176
1.53247 0.999983 1.26097
1.53247 1.00071 1.26029
1.53216 1.00216 1.26118
1.53193 1.00256 1.26255
1.53221 1.00127 1.26176
1.53216 1.00216 1.26118
1.53181 1.0036 1.26206
1.53162 1.00385 1.26334
1.53193 1.00256 1.26255
1.5313 1.00513 1.26412
1.53194 1.00393 1.26339
1.5316 1.00454 1.26489
1.53108 1.00551 1.26549
1.53194 1.00393 1.26339
1.53249 1.00271 1.26264
1.53205 1.00354 1.26428
1.5316 1.00454 1.26489
1.53249 1.00271 1.26264
1.53294 1.00146 1.26188
1.53242 1.00251 1.26365
1.53205 1.00354 1.26428
1.53294 1.00146 1.26188
1.53326 1.00018 1.26109
1.53268 1.00147 1.26301
1.53242 1.00251 1.26365
1.53326 1.00018 1.26109
1.53333 0.998875 1.26029
1.53273 1.0004 1.26235
1.53268 1.00147 1.26301
1.53333 0.998875 1.26029
1.53275 0.998695 1.26018
1.53226 1.00025 1.26226
1.53273 1.0004 1.26235
1.53275 0.998695 1.26018
1.53247 0.999983 1.26097
1.53203 1.0013 1.26291
1.53226 1.00025 1.26226
1.53247 0.999983 1.26097
1.53221 1.00127 1.26176
1.53182 1.00236 1.26355
1.53203 1.0013 1.26291
1.53221 1.00127 1.26176
1.53193 1.00256 1.26255
1.53159 1.00341 1.2642
1.53182 1.00236 1.26355
1.53193 1.00256 1.26255
1.53162 1.00385 1.26334
1.53134 1.00446 1.26484
1.53159 1.00341 1.2642
1.53108 1.00551 1.26549
1.5316 1.00454 1.26489
1.53093 1.00623 1.26706
1.53064 1.00678 1.26739
1.5316 1.00454 1.26489
1.53205 1.00354 1.26428
1.53118 1.00567 1.26671
1.53093 1.00623 1.26706
1.53205 1.00354 1.26428
1.53242 1.00251 1.26365
1.53139 1.00509 1.26636
1.53118 1.00567 1.26671
1.53242 1.00251 1.26365
1.53268 1.00147 1.26301
1.53154 1.0045 1.266
1.53139 1.00509 1.26636
1.53268 1.00147 1.26301
1.53273 1.0004 1.26235
1.53156 1.0039 1.26563
1.53154 1.0045 1.266
1.53273 1.0004 1.26235
1.53226 1.00025 1.26226
1.5313 1.00382 1.26558
1.53156 1.0039 1.26563
1.53226 1.00025 1.26226
1.53203 1.0013 1.26291
1.53117 1.00441 1.26594
1.5313 1.00382 1.26558
1.53203 1.0013 1.26291
1.53182 1.00236 1.26355
1.53105 1.00501 1.26631
1.53117 1.00441 1.26594
1.53182 1.00236 1.26355
1.53159 1.00341 1.2642
1.53092 1.0056 1.26667
1.53105 1.00501 1.26631
1.53159 1.00341 1.2642
1.53134 1.00446 1.26484
1.53078 1.00619 1.26703
1.53092 1.0056 1.26667
1.53064 1.00678 1.26739
1.53093 1.00623 1.26706
1.53018 1.00826 1.26932
1.53014 1.00833 1.26936
1.53093 1.00623 1.26706
1.53118 1.00567 1.26671
1.53021 1.00819 1.26927
1.53018 1.00826 1.26932
1.53118 1.00567 1.26671
1.53139 1.00509 1.26636
1.53024 1.00811 1.26922
1.53021 1.00819 1.26927
1.53139 1.00509 1.26636
1.53154 1.0045 1.266
1.53026 1.00803 1.26918
1.53024 1.00811 1.26922
1.53154 1.0045 1.266
1.53156 1.0039 1.26563
1.53026 1.00796 1.26913
1.53026 1.00803 1.26918
1.53156 1.0039 1.26563
1.5313 1.00382 1.26558
1.53023 1.00794 1.26912
1.53026 1.00796 1.26913
1.5313 1.00382 1.26558
1.53117 1.00441 1.26594
1.53021 1.00802 1.26917
1.53023 1.00794 1.26912
1.53117 1.00441 1.26594
1.53105 1.00501 1.26631
1.53019 1.0081 1.26922
1.53021 1.00802 1.26917
1.53105 1.00501 1.26631
1.53092 1.0056 1.26667
1.53018 1.00818 1.26927
1.53019 1.0081 1.26922
1.53092 1.0056 1.26667
1.53078 1.00619 1.26703
1.53016 1.00826 1.26931
1.53018 1.00818 1.26927
1.53986 1.07924 1.12514
1.53634 1.08176 1.12668
1.53631 1.07995 1.12927
1.53988 1.07725 1.12762
1.53988 1.07725 1.12762
1.53631 1.07995 1.12927
1.5362 1.07709 1.13336
1.53982 1.07412 1.13154
1.53982 1.07412 1.13154
1.5362 1.07709 1.13336
1.53601 1.0742 1.13755
1.53961 1.07094 1.13555
1.53961 1.07094 1.13555
1.53601 1.0742 1.13755
1.53577 1.07136 1.14177
1.53932 1.06782 1.1396
1.53932 1.06782 1.1396
1.53577 1.07136 1.14177
1.53553 1.06857 1.14602
1.539 1.06479 1.14371
1.539 1.06479 1.14371
1.53553 1.06857 1.14602
1.53529 1.06582 1.15031
1.53867 1.06184 1.14787
1.53867 1.06184 1.14787
1.53529 1.06582 1.15031
1.53506 1.06312 1.15461
1.53832 1.05898 1.15207
1.53832 1.05898 1.15207
1.53506 1.06312 1.15461
1.53484 1.06045 1.15894
1.53796 1.05618 1.15632
1.53796 1.05618 1.15632
1.53484 1.06045 1.15894
1.53463 1.05781 1.16329
1.5376 1.05345 1.16061
1.5376 1.05345 1.16061
1.53463 1.05781 1.16329
1.53443 1.05521 1.16765
1.53724 1.05078 1.16494
1.53724 1.05078 1.16494
1.53443 1.05521 1.16765
1.53423 1.05263 1.17203
1.53688 1.04818 1.16931
1.53688 1.04818 1.16931
1.53423 1.05263 1.17203
1.53405 1.05008 1.17643
1.53653 1.04563 1.17371
1.53653 1.04563 1.17371
1.53405 1.05008 1.17643
1.53387 1.04755 1.18085
1.53619 1.04313 1.17814
1.53619 1.04313 1.17814
1.53387 1.04755 1.18085
1.5337 1.04504 1.18527
1.53585 1.04068 1.1826
1.53585 1.04068 1.1826
1.5337 1.04504 1.18527
1.53354 1.04255 1.18971
1.53553 1.03828 1.18709
1.53553 1.03828 1.18709
1.53354 1.04255 1.18971
1.53338 1.04008 1.19416
1.53522 1.03591 1.19161
1.53522 1.03591 1.19161
1.53338 1.04008 1.19416
1.53323 1.03763 1.19862
1.53492 1.03359 1.19614
1.53492 1.03359 1.19614
1.53323 1.03763 1.19862
1.53309 1.0352 1.20309
1.53463 1.03129 1.2007
1.53463 1.03129 1.2007
1.53309 1.0352 1.20309
1.53295 1.03278 1.20757
1.53435 1.02903 1.20527
1.53435 1.02903 1.20527
1.53295 1.03278 1.20757
1.53282 1.03037 1.21206
1.53409 1.02678 1.20986
1.53409 1.02678 1.20986
1.53282 1.03037 1.21206
1.53269 1.02798 1.21656
1.53386 1.02457 1.21447
1.53386 1.02457 1.21447
1.53269 1.02798 1.21656
1.53257 1.0256 1.22106
1.53363 1.02237 1.21909
1.53363 1.02237 1.21909
1.53257 1.0256 1.22106
1.53245 1.02323 1.22557
1.53342 1.02019 1.22371
1.53342 1.02019 1.22371
1.53245 1.02323 1.22557
1.53233 1.02087 1.23009
1.53322 1.01802 1.22835
1.53322 1.01802 1.22835
1.53233 1.02087 1.23009
1.53223 1.01852 1.23461
1.53303 1.01586 1.23299
1.53303 1.01586 1.23299
1.53223 1.01852 1.23461
1.53212 1.01617 1.23914
1.53285 1.0137 1.23763
1.53285 1.0137 1.23763
1.53212 1.01617 1.23914
1.53202 1.01384 1.24367
1.53267 1.01155 1.24227
1.53267 1.01155 1.24227
1.53202 1.01384 1.24367
1.53193 1.01151 1.24821
1.53251 1.00939 1.24691
1.53251 1.00939 1.24691
1.53193 1.01151 1.24821
1.53184 1.00919 1.25275
1.53236 1.00723 1.25155
1.53236 1.00723 1.25155
1.53184 1.00919 1.25275
1.53175 1.00697 1.2571
1.53222 1.00516 1.25599
1.53222 1.00516 1.25599
1.53175 1.00697 1.2571
1.53173 1.00643 1.25815
1.53219 1.00466 1.25707
1.53219 1.00466 1.25707
1.53173 1.00643 1.25815
1.53172 1.00599 1.25901
1.53216 1.00425 1.25795
1.53216 1.00425 1.25795
1.53172 1.00599 1.25901
1.53168 1.00562 1.25991
1.53212 1.00391 1.25886
1.53212 1.00391 1.25886
1.53168 1.00562 1.25991
1.53163 1.00532 1.26086
1.53205 1.00368 1.25985
1.53205 1.00368 1.25985
1.53163 1.00532 1.26086
1.53156 1.00512 1.26186
1.53195 1.00357 1.26091
1.53195 1.00357 1.26091
1.53156 1.00512 1.26186
1.53145 1.00504 1.26294
1.53181 1.0036 1.26206
1.53181 1.0036 1.26206
1.53145 1.00504 1.26294
1.5313 1.00513 1.26412
1.53162 1.00385 1.26334
1.53162 1.00385 1.26334
1.5313 1.00513 1.26412
1.53108 1.00551 1.26549
1.53134 1.00446 1.26484
1.53134 1.00446 1.26484
1.53108 1.00551 1.26549
1.53064 1.00678 1.26739
1.53078 1.00619 1.26703
1.53078 1.00619 1.26703
1.53064 1.00678 1.26739
1.53014 1.00833 1.26936
1.53016 1.00826 1.26931
1.5319 1.1008 1.1026
1.5319 1.1008 1.1026
1.5319 1.1008 1.1026
1.5319 1.1008 1.1026
1.5319 1.1008 1.1026
1.5319 1.1008 1.1026
1.5319 1.1008 1.1026
1.5319 1.1008 1.1026
1.5319 1.1008 1.1026
1.5319 1.1008 1.1026
1.5319 1.1008 1.1026
1.5319 1.1008 1.1026
1.5319 1.1008 1.1026
1.5319 1.1008 1.1026
1.5319 1.1008 1.1026
1.5319 1.1008 1.1026
1.5319 1.1008 1.1026
1.5319 1.1008 1.1026
1.5319 1.1008 1.1026
1.5319 1.1008 1.1026
1.5319 1.1008 1.1026
1.5319 1.1008 1.1026
1.5319 1.1008 1.1026
1.5319 1.1008 1.1026
1.5319 1.1008 1.1026
1.5319 1.1008 1.1026
1.5319 1.1008 1.1026
1.5319 1.1008 1.1026
1.5319 1.1008 1.1026
1.5319 1.1008 1.1026
1.5319 1.1008 1.1026
1.5319 1.1008 1.1026
1.5319 1.1008 1.1026
1.5319 1.1008 1.1026
1.5319 1.1008 1.1026
1.5319 1.1008 1.1026
1.5319 1.1008 1.1026
1.5319 1.1008 1.1026
1.5319 1.1008 1.1026
1.5319 1.1008 1.1026
1.5319 1.1008 1.1026
1.5319 1.1008 1.1026
1.5319 1.1008 1.1026
1.5319 1.1008 1.1026
1.5319 1.1008 1.1026
1.5319 1.1008 1.1026
1.5319 1.1008 1.1026
1.5319 1.1008 1.1026
1.5319 1.1008 1.1026
1.5319 1.1008 1.1026
1.5319 1.1008 1.1026
1.5319 1.1008 1.1026
1.5319 1.1008 1.1026
1.5319 1.1008 1.1026
1.5319 1.1008 1.1026
1.5319 1.1008 1.1026
1.5319 1.1008 1.1026
1.5319 1.1008 1.1026
1.5319 1.1008 1.1026
1.5319 1.1008 1.1026
1.5319 1.1008 1.1026
1.5319 1.1008 1.1026
1.5319 1.1008 1.1026
1.5319 1.1008 1.1026
1.5319 1.1008 1.1026
1.5319 1.1008 1.1026
1.5319 1.1008 1.1026
1.5319 1.1008 1.1026
1.5319 1.1008 1.1026
1.5319 1.1008 1.1026
1.5319 1.1008 1.1026
1.5319 1.1008 1.1026
1.5319 1.1008 1.1026
1.5319 1.1008 1.1026
1.5319 1.1008 1.1026
1.5319 1.1008 1.1026
1.5319 1.1008 1.1026
1.5319 1.1008 1.1026
1.5319 1.1008 1.1026
1.5319 1.1008 1.1026
1.5319 1.1008 1.1026
1.5319 1.1008 1.1026
1.5319 1.1008 1.1026
1.5319 1.1008 1.1026
1.5319 1.1008 1.1026
1.5319 1.1008 1.1026
1.5319 1.1008 1.1026
1.5319 1.1008 1.1026
1.53634 1.11984 1.07852
1.54073 1.12092 1.07918
1.54081 1.12294 1.07672
1.53631 1.12165 1.07593
1.54073 1.12092 1.07918
1.54489 1.12259 1.08021
1.54505 1.12481 1.07787
1.54081 1.12294 1.07672
1.54489 1.12259 1.08021
1.54889 1.12454 1.0814
1.54909 1.12697 1.07919
1.54505 1.12481 1.07787
1.54889 1.12454 1.0814
1.55255 1.1269 1.08285
1.55278 1.12955 1.08077
1.54909 1.12697 1.07919
1.55255 1.1269 1.08285
1.55504 1.13013 1.08483
1.55533 1.13293 1.08284
1.55278 1.12955 1.08077
1.55504 1.13013 1.08483
1.553 1.13309 1.08664
1.55319 1.13584 1.08463
1.55533 1.13293 1.08284
1.553 1.13309 1.08664
1.5492 1.13102 1.08537
1.54938 1.13348 1.08318
1.55319 1.13584 1.08463
1.5492 1.13102 1.08537
1.54611 1.12811 1.08359
1.54624 1.13042 1.0813
1.54938 1.13348 1.08318
1.54611 1.12811 1.08359
1.54305 1.12518 1.08179
1.54313 1.12733 1.07941
1.54624 1.13042 1.0813
1.54305 1.12518 1.08179
1.53986 1.12236 1.08006
1.53988 1.12435 1.07758
1.54313 1.12733 1.07941
1.53631 1.12165 1.07593
1.54081 1.12294 1.07672
1.54083 1.12613 1.07284
1.5362 1.12451 1.07184
1.54081 1.12294 1.07672
1.54505 1.12481 1.07787
1.54513 1.12834 1.07419
1.54083 1.12613 1.07284
1.54505 1.12481 1.07787
1.54909 1.12697 1.07919
1.54921 1.13085 1.07573
1.54513 1.12834 1.07419
1.54909 1.12697 1.07919
1.55278 1.12955 1.08077
1.55289 1.13376 1.07751
1.54921 1.13085 1.07573
1.55278 1.12955 1.08077
1.55533 1.13293 1.08284
1.55546 1.13739 1.07974
1.55289 1.13376 1.07751
1.55533 1.13293 1.08284
1.55319 1.13584 1.08463
1.55318 1.14018 1.08144
1.55546 1.13739 1.07974
1.55319 1.13584 1.08463
1.54938 1.13348 1.08318
1.54942 1.13739 1.07973
1.55318 1.14018 1.08144
1.54938 1.13348 1.08318
1.54624 1.13042 1.0813
1.54626 1.13406 1.07769
1.54942 1.13739 1.07973
1.54624 1.13042 1.0813
1.54313 1.12733 1.07941
1.54311 1.13071 1.07565
1.54626 1.13406 1.07769
1.54313 1.12733 1.07941
1.53988 1.12435 1.07758
1.53982 1.12748 1.07366
1.54311 1.13071 1.07565
1.5362 1.12451 1.07184
1.54083 1.12613 1.07284
1.54069 1.1294 1.06888
1.53601 1.1274 1.06765
1.54083 1.12613 1.07284
1.54513 1.12834 1.07419
1.545 1.13196 1.07045
1.54069 1.1294 1.06888
1.54513 1.12834 1.07419
1.54921 1.13085 1.07573
1.54905 1.13483 1.0722
1.545 1.13196 1.07045
1.54921 1.13085 1.07573
1.55289 1.13376 1.07751
1.55268 1.13807 1.07419
1.54905 1.13483 1.0722
1.55289 1.13376 1.07751
1.55546 1.13739 1.07974
1.55519 1.14197 1.07658
1.55268 1.13807 1.07419
1.55546 1.13739 1.07974
1.55318 1.14018 1.08144
1.55278 1.14458 1.07818
1.55519 1.14197 1.07658
1.55318 1.14018 1.08144
1.54942 1.13739 1.07973
1.54913 1.14138 1.07622
1.55278 1.14458 1.07818
1.54942 1.13739 1.07973
1.54626 1.13406 1.07769
1.54601 1.13778 1.07401
1.54913 1.14138 1.07622
1.54626 1.13406 1.07769
1.54311 1.13071 1.07565
1.54289 1.13417 1.0718
1.54601 1.13778 1.07401
1.54311 1.13071 1.07565
1.53982 1.12748 1.07366
1.53961 1.13066 1.06965
1.54289 1.13417 1.0718
1.53601 1.1274 1.06765
1.54069 1.1294 1.06888
1.54046 1.13261 1.06488
1.53577 1.13024 1.06343
1.54069 1.1294 1.06888
1.545 1.13196 1.07045
1.54473 1.13552 1.06666
1.54046 1.13261 1.06488
1.545 1.13196 1.07045
1.54905 1.13483 1.0722
1.54871 1.13872 1.06862
1.54473 1.13552 1.06666
1.54905 1.13483 1.0722
1.55268 1.13807 1.07419
1.55223 1.14228 1.07081
1.54871 1.13872 1.06862
1.55268 1.13807 1.07419
1.55519 1.14197 1.07658
1.55465 1.14643 1.07335
1.55223 1.14228 1.07081
1.55519 1.14197 1.07658
1.55278 1.14458 1.07818
1.55215 1.14884 1.07483
1.55465 1.14643 1.07335
1.55278 1.14458 1.07818
1.54913 1.14138 1.07622
1.54865 1.14529 1.07265
1.55215 1.14884 1.07483
1.54913 1.14138 1.07622
1.54601 1.13778 1.07401
1.5456 1.14142 1.07028
1.54865 1.14529 1.07265
1.54601 1.13778 1.07401
1.54289 1.13417 1.0718
1.54254 1.13755 1.06791
1.5456 1.14142 1.07028
1.54289 1.13417 1.0718
1.53961 1.13066 1.06965
1.53932 1.13378 1.0656
1.54254 1.13755 1.06791
1.53577 1.13024 1.06343
1.54046 1.13261 1.06488
1.54018 1.13572 1.06083
1.53553 1.13303 1.05918
1.54046 1.13261 1.06488
1.54473 1.13552 1.06666
1.54437 1.13893 1.06279
1.54018 1.13572 1.06083
1.54473 1.13552 1.06666
1.54871 1.13872 1.06862
1.54825 1.14242 1.06493
1.54437 1.13893 1.06279
1.54871 1.13872 1.06862
1.55223 1.14228 1.07081
1.55165 1.14625 1.06728
1.54825 1.14242 1.06493
1.55223 1.14228 1.07081
1.55465 1.14643 1.07335
1.55396 1.15061 1.06995
1.55165 1.14625 1.06728
1.55465 1.14643 1.07335
1.55215 1.14884 1.07483
1.55142 1.15283 1.07131
1.55396 1.15061 1.06995
1.55215 1.14884 1.07483
1.54865 1.14529 1.07265
1.54807 1.14898 1.06895
1.55142 1.15283 1.07131
1.54865 1.14529 1.07265
1.5456 1.14142 1.07028
1.54512 1.14488 1.06644
1.54807 1.14898 1.06895
1.5456 1.14142 1.07028
1.54254 1.13755 1.06791
1.54214 1.1408 1.06394
1.54512 1.14488 1.06644
1.54254 1.13755 1.06791
1.53932 1.13378 1.0656
1.539 1.13681 1.06149
1.54214 1.1408 1.06394
1.53553 1.13303 1.05918
1.54018 1.13572 1.06083
1.53986 1.13875 1.05672
1.53529 1.13578 1.05489
1.54018 1.13572 1.06083
1.54437 1.13893 1.06279
1.54396 1.14221 1.05884
1.53986 1.13875 1.05672
1.54437 1.13893 1.06279
1.54825 1.14242 1.06493
1.54771 1.14594 1.06112
1.54396 1.14221 1.05884
1.54825 1.14242 1.06493
1.55165 1.14625 1.06728
1.55097 1.14999 1.0636
1.54771 1.14594 1.06112
1.55165 1.14625 1.06728
1.55396 1.15061 1.06995
1.55316 1.15452 1.06638
1.55097 1.14999 1.0636
1.55396 1.15061 1.06995
1.55142 1.15283 1.07131
1.55061 1.15656 1.06763
1.55316 1.15452 1.06638
1.55142 1.15283 1.07131
1.54807 1.14898 1.06895
1.54742 1.15247 1.06513
1.55061 1.15656 1.06763
1.54807 1.14898 1.06895
1.54512 1.14488 1.06644
1.54458 1.14819 1.0625
1.54742 1.15247 1.06513
1.54512 1.14488 1.06644
1.54214 1.1408 1.06394
1.54171 1.14393 1.05989
1.54458 1.14819 1.0625
1.54214 1.1408 1.06394
1.539 1.13681 1.06149
1.53867 1.13976 1.05733
1.54171 1.14393 1.05989
1.53529 1.13578 1.05489
1.53986 1.13875 1.05672
1.53952 1.14169 1.05256
1.53506 1.13848 1.05059
1.53986 1.13875 1.05672
1.54396 1.14221 1.05884
1.5435 1.14536 1.05481
1.53952 1.14169 1.05256
1.54396 1.14221 1.05884
1.54771 1.14594 1.06112
1.54712 1.14928 1.05721
1.5435 1.14536 1.05481
1.54771 1.14594 1.06112
1.55097 1.14999 1.0636
1.55024 1.1535 1.0598
1.54712 1.14928 1.05721
1.55097 1.14999 1.0636
1.55316 1.15452 1.06638
1.55228 1.15816 1.06265
1.55024 1.1535 1.0598
1.55316 1.15452 1.06638
1.55061 1.15656 1.06763
1.54975 1.16004 1.0638
1.55228 1.15816 1.06265
1.55061 1.15656 1.06763
1.54742 1.15247 1.06513
1.54672 1.15577 1.06119
1.54975 1.16004 1.0638
1.54742 1.15247 1.06513
1.54458 1.14819 1.0625
1.54401 1.15135 1.05848
1.54672 1.15577 1.06119
1.54458 1.14819 1.0625
1.54171 1.14393 1.05989
1.54124 1.14695 1.05578
1.54401 1.15135 1.05848
1.54171 1.14393 1.05989
1.53867 1.13976 1.05733
1.53832 1.14262 1.05313
1.54124 1.14695 1.05578
1.53506 1.13848 1.05059
1.53952 1.14169 1.05256
1.53918 1.14456 1.04835
1.53484 1.14115 1.04626
1.53952 1.14169 1.05256
1.5435 1.14536 1.05481
1.54301 1.14838 1.05069
1.53918 1.14456 1.04835
1.5435 1.14536 1.05481
1.54712 1.14928 1.05721
1.54649 1.15245 1.05319
1.54301 1.14838 1.05069
1.54712 1.14928 1.05721
1.55024 1.1535 1.0598
1.54946 1.1568 1.05586
1.54649 1.15245 1.05319
1.55024 1.1535 1.0598
1.55228 1.15816 1.06265
1.55136 1.16155 1.05877
1.54946 1.1568 1.05586
1.55228 1.15816 1.06265
1.54975 1.16004 1.0638
1.54885 1.16329 1.05983
1.55136 1.16155 1.05877
1.54975 1.16004 1.0638
1.54672 1.15577 1.06119
1.54599 1.15889 1.05713
1.54885 1.16329 1.05983
1.54672 1.15577 1.06119
1.54401 1.15135 1.05848
1.5434 1.15436 1.05436
1.54599 1.15889 1.05713
1.54401 1.15135 1.05848
1.54124 1.14695 1.05578
1.54076 1.14986 1.0516
1.5434 1.15436 1.05436
1.54124 1.14695 1.05578
1.53832 1.14262 1.05313
1.53796 1.14542 1.04888
1.54076 1.14986 1.0516
1.53484 1.14115 1.04626
1.53918 1.14456 1.04835
1.53882 1.14734 1.04409
1.53463 1.14379 1.04191
1.53918 1.14456 1.04835
1.54301 1.14838 1.05069
1.54251 1.15129 1.04651
1.53882 1.14734 1.04409
1.54301 1.14838 1.05069
1.54649 1.15245 1.05319
1.54584 1.15547 1.04907
1.54251 1.15129 1.04651
1.54649 1.15245 1.05319
1.54946 1.1568 1.05586
1.54865 1.15991 1.05179
1.54584 1.15547 1.04907
1.54946 1.1568 1.05586
1.55136 1.16155 1.05877
1.55041 1.16471 1.05474
1.54865 1.15991 1.05179
1.55136 1.16155 1.05877
1.54885 1.16329 1.05983
1.54793 1.16632 1.05572
1.55041 1.16471 1.05474
1.54885 1.16329 1.05983
1.54599 1.15889 1.05713
1.54523 1.16183 1.05297
1.54793 1.16632 1.05572
1.54599 1.15889 1.05713
1.5434 1.15436 1.05436
1.54278 1.15723 1.05015
1.54523 1.16183 1.05297
1.5434 1.15436 1.05436
1.54076 1.14986 1.0516
1.54027 1.15266 1.04735
1.54278 1.15723 1.05015
1.54076 1.14986 1.0516
1.53796 1.14542 1.04888
1.5376 1.14815 1.04459
1.54027 1.15266 1.04735
1.53463 1.14379 1.04191
1.53882 1.14734 1.04409
1.53846 1.15006 1.0398
1.53443 1.14639 1.03755
1.53882 1.14734 1.04409
1.54251 1.15129 1.04651
1.542 1.15409 1.04227
1.53846 1.15006 1.0398
1.54251 1.15129 1.04651
1.54584 1.15547 1.04907
1.54517 1.15834 1.04487
1.542 1.15409 1.04227
1.54584 1.15547 1.04907
1.54865 1.15991 1.05179
1.54783 1.16283 1.04762
1.54517 1.15834 1.04487
1.54865 1.15991 1.05179
1.55041 1.16471 1.05474
1.54945 1.16766 1.05058
1.54783 1.16283 1.04762
1.55041 1.16471 1.05474
1.54793 1.16632 1.05572
1.54701 1.16915 1.0515
1.54945 1.16766 1.05058
1.54793 1.16632 1.05572
1.54523 1.16183 1.05297
1.54447 1.16461 1.04871
1.54701 1.16915 1.0515
1.54523 1.16183 1.05297
1.54278 1.15723 1.05015
1.54215 1.15998 1.04587
1.54447 1.16461 1.04871
1.54278 1.15723 1.05015
1.54027 1.15266 1.04735
1.53977 1.15537 1.04305
1.54215 1.15998 1.04587
1.54027 1.15266 1.04735
1.5376 1.14815 1.04459
1.53724 1.15082 1.04026
1.53977 1.15537 1.04305
1.53443 1.14639 1.03755
1.53846 1.15006 1.0398
1.5381 1.15272 1.03546
1.53423 1.14897 1.03317
1.53846 1.15006 1.0398
1.542 1.15409 1.04227
1.54148 1.15679 1.03796
1.5381 1.15272 1.03546
1.542 1.15409 1.04227
1.54517 1.15834 1.04487
1.5445 1.16107 1.04058
1.54148 1.15679 1.03796
1.54517 1.15834 1.04487
1.54783 1.16283 1.04762
1.54701 1.16558 1.04335
1.5445 1.16107 1.04058
1.54783 1.16283 1.04762
1.54945 1.16766 1.05058
1.54849 1.1704 1.0463
1.54701 1.16558 1.04335
1.54945 1.16766 1.05058
1.54701 1.16915 1.0515
1.54608 1.17179 1.04715
1.54849 1.1704 1.0463
1.54701 1.16915 1.0515
1.54447 1.16461 1.04871
1.5437 1.16723 1.04436
1.54608 1.17179 1.04715
1.54447 1.16461 1.04871
1.54215 1.15998 1.04587
1.54152 1.1626 1.04152
1.5437 1.16723 1.04436
1.54215 1.15998 1.04587
1.53977 1.15537 1.04305
1.53927 1.15798 1.03869
1.54152 1.1626 1.04152
1.53977 1.15537 1.04305
1.53724 1.15082 1.04026
1.53688 1.15342 1.03589
1.53927 1.15798 1.03869
1.53423 1.14897 1.03317
1.5381 1.15272 1.03546
1.53773 1.15531 1.03109
1.53405 1.15152 1.02877
1.5381 1.15272 1.03546
1.54148 1.15679 1.03796
1.54096 1.1594 1.0336
1.53773 1.15531 1.03109
1.54148 1.15679 1.03796
1.5445 1.16107 1.04058
1.54383 1.16369 1.03622
1.54096 1.1594 1.0336
1.5445 1.16107 1.04058
1.54701 1.16558 1.04335
1.54618 1.16818 1.03898
1.54383 1.16369 1.03622
1.54701 1.16558 1.04335
1.54849 1.1704 1.0463
1.54753 1.17296 1.04191
1.54618 1.16818 1.03898
1.54849 1.1704 1.0463
1.54608 1.17179 1.04715
1.54517 1.17426 1.0427
1.54753 1.17296 1.04191
1.54608 1.17179 1.04715
1.5437 1.16723 1.04436
1.54294 1.16971 1.03991
1.54517 1.17426 1.0427
1.5437 1.16723 1.04436
1.54152 1.1626 1.04152
1.54089 1.1651 1.03709
1.54294 1.16971 1.03991
1.54152 1.1626 1.04152
1.53927 1.15798 1.03869
1.53878 1.16052 1.03428
1.54089 1.1651 1.03709
1.53927 1.15798 1.03869
1.53688 1.15342 1.03589
1.53653 1.15597 1.03149
1.53878 1.16052 1.03428
1.53405 1.15152 1.02877
1.53773 1.15531 1.03109
1.53737 1.15786 1.02669
1.53387 1.15405 1.02435
1.53773 1.15531 1.03109
1.54096 1.1594 1.0336
1.54044 1.16193 1.02918
1.53737 1.15786 1.02669
1.54096 1.1594 1.0336
1.54383 1.16369 1.03622
1.54314 1.16619 1.03179
1.54044 1.16193 1.02918
1.54383 1.16369 1.03622
1.54618 1.16818 1.03898
1.54535 1.17064 1.03452
1.54314 1.16619 1.03179
1.54618 1.16818 1.03898
1.54753 1.17296 1.04191
1.54657 1.17536 1.03741
1.54535 1.17064 1.03452
1.54753 1.17296 1.04191
1.54517 1.17426 1.0427
1.54428 1.17656 1.03814
1.54657 1.17536 1.03741
1.54517 1.17426 1.0427
1.54294 1.16971 1.03991
1.5422 1.17206 1.03539
1.54428 1.17656 1.03814
1.54294 1.16971 1.03991
1.54089 1.1651 1.03709
1.54028 1.1675 1.03259
1.5422 1.17206 1.03539
1.54089 1.1651 1.03709
1.53878 1.16052 1.03428
1.5383 1.16297 1.02981
1.54028 1.1675 1.03259
1.53878 1.16052 1.03428
1.53653 1.15597 1.03149
1.53619 1.15847 1.02706
1.5383 1.16297 1.02981
1.53387 1.15405 1.02435
1.53737 1.15786 1.02669
1.53701 1.16035 1.02225
1.5337 1.15656 1.01993
1.53737 1.15786 1.02669
1.54044 1.16193 1.02918
1.53991 1.16438 1.02472
1.53701 1.16035 1.02225
1.54044 1.16193 1.02918
1.54314 1.16619 1.03179
1.54246 1.16858 1.02729
1.53991 1.16438 1.02472
1.54314 1.16619 1.03179
1.54535 1.17064 1.03452
1.54453 1.17297 1.02998
1.54246 1.16858 1.02729
1.54535 1.17064 1.03452
1.54657 1.17536 1.03741
1.54563 1.17759 1.03282
1.54453 1.17297 1.02998
1.54657 1.17536 1.03741
1.54428 1.17656 1.03814
1.54341 1.17871 1.0335
1.54563 1.17759 1.03282
1.54428 1.17656 1.03814
1.5422 1.17206 1.03539
1.54148 1.17427 1.03078
1.54341 1.17871 1.0335
1.5422 1.17206 1.03539
1.54028 1.1675 1.03259
1.53968 1.1698 1.02804
1.54148 1.17427 1.03078
1.54028 1.1675 1.03259
1.5383 1.16297 1.02981
1.53782 1.16534 1.02531
1.53968 1.1698 1.02804
1.5383 1.16297 1.02981
1.53619 1.15847 1.02706
1.53585 1.16092 1.0226
1.53782 1.16534 1.02531
1.5337 1.15656 1.01993
1.53701 1.16035 1.02225
1.53666 1.1628 1.01779
1.53354 1.15905 1.01549
1.53701 1.16035 1.02225
1.53991 1.16438 1.02472
1.53939 1.16676 1.02022
1.53666 1.1628 1.01779
1.53991 1.16438 1.02472
1.54246 1.16858 1.02729
1.54179 1.17089 1.02274
1.53939 1.16676 1.02022
1.54246 1.16858 1.02729
1.54453 1.17297 1.02998
1.54372 1.17518 1.02538
1.54179 1.17089 1.02274
1.54453 1.17297 1.02998
1.54563 1.17759 1.03282
1.54471 1.1797 1.02814
1.54372 1.17518 1.02538
1.54563 1.17759 1.03282
1.54341 1.17871 1.0335
1.54257 1.18072 1.02877
1.54471 1.1797 1.02814
1.54341 1.17871 1.0335
1.54148 1.17427 1.03078
1.54078 1.17638 1.02611
1.54257 1.18072 1.02877
1.54148 1.17427 1.03078
1.53968 1.1698 1.02804
1.5391 1.17201 1.02343
1.54078 1.17638 1.02611
1.53968 1.1698 1.02804
1.53782 1.16534 1.02531
1.53737 1.16765 1.02076
1.5391 1.17201 1.02343
1.53782 1.16534 1.02531
1.53585 1.16092 1.0226
1.53553 1.16332 1.01811
1.53737 1.16765 1.02076
1.53354 1.15905 1.01549
1.53666 1.1628 1.01779
1.53631 1.16521 1.0133
1.53338 1.16152 1.01104
1.53666 1.1628 1.01779
1.53939 1.16676 1.02022
1.53888 1.16908 1.01568
1.53631 1.16521 1.0133
1.53939 1.16676 1.02022
1.54179 1.17089 1.02274
1.54113 1.17311 1.01814
1.53888 1.16908 1.01568
1.54179 1.17089 1.02274
1.54372 1.17518 1.02538
1.54292 1.17729 1.0207
1.54113 1.17311 1.01814
1.54372 1.17518 1.02538
1.54471 1.1797 1.02814
1.5438 1.18167 1.02339
1.54292 1.17729 1.0207
1.54471 1.1797 1.02814
1.54257 1.18072 1.02877
1.54176 1.18262 1.02397
1.5438 1.18167 1.02339
1.54257 1.18072 1.02877
1.54078 1.17638 1.02611
1.5401 1.17839 1.02138
1.54176 1.18262 1.02397
1.54078 1.17638 1.02611
1.5391 1.17201 1.02343
1.53855 1.17414 1.01877
1.5401 1.17839 1.02138
1.5391 1.17201 1.02343
1.53737 1.16765 1.02076
1.53693 1.1699 1.01617
1.53855 1.17414 1.01877
1.53737 1.16765 1.02076
1.53553 1.16332 1.01811
1.53522 1.16569 1.01359
1.53693 1.1699 1.01617
1.53338 1.16152 1.01104
1.53631 1.16521 1.0133
1.53597 1.16757 1.00878
1.53323 1.16397 1.00658
1.53631 1.16521 1.0133
1.53888 1.16908 1.01568
1.53838 1.17134 1.0111
1.53597 1.16757 1.00878
1.53888 1.16908 1.01568
1.54113 1.17311 1.01814
1.54048 1.17525 1.01349
1.53838 1.17134 1.0111
1.54113 1.17311 1.01814
1.54292 1.17729 1.0207
1.54213 1.1793 1.01597
1.54048 1.17525 1.01349
1.54292 1.17729 1.0207
1.5438 1.18167 1.02339
1.54293 1.18353 1.01857
1.54213 1.1793 1.01597
1.5438 1.18167 1.02339
1.54176 1.18262 1.02397
1.54098 1.1844 1.0191
1.54293 1.18353 1.01857
1.54176 1.18262 1.02397
1.5401 1.17839 1.02138
1.53944 1.18031 1.01659
1.54098 1.1844 1.0191
1.5401 1.17839 1.02138
1.53855 1.17414 1.01877
1.538 1.17619 1.01407
1.53944 1.18031 1.01659
1.53855 1.17414 1.01877
1.53693 1.1699 1.01617
1.53651 1.17209 1.01155
1.538 1.17619 1.01407
1.53693 1.1699 1.01617
1.53522 1.16569 1.01359
1.53492 1.16801 1.00906
1.53651 1.17209 1.01155
1.53323 1.16397 1.00658
1.53597 1.16757 1.00878
1.53564 1.1699 1.00425
1.53309 1.1664 1.00211
1.53597 1.16757 1.00878
1.53838 1.17134 1.0111
1.53789 1.17355 1.00649
1.53564 1.1699 1.00425
1.53838 1.17134 1.0111
1.54048 1.17525 1.01349
1.53984 1.17732 1.0088
1.53789 1.17355 1.00649
1.54048 1.17525 1.01349
1.54213 1.1793 1.01597
1.54137 1.18123 1.01119
1.53984 1.17732 1.0088
1.54213 1.1793 1.01597
1.54293 1.18353 1.01857
1.54208 1.1853 1.01369
1.54137 1.18123 1.01119
1.54293 1.18353 1.01857
1.54098 1.1844 1.0191
1.54023 1.18609 1.01417
1.54208 1.1853 1.01369
1.54098 1.1844 1.0191
1.53944 1.18031 1.01659
1.53881 1.18215 1.01176
1.54023 1.18609 1.01417
1.53944 1.18031 1.01659
1.538 1.17619 1.01407
1.53748 1.17819 1.00933
1.53881 1.18215 1.01176
1.538 1.17619 1.01407
1.53651 1.17209 1.01155
1.5361 1.17424 1.00691
1.53748 1.17819 1.00933
1.53651 1.17209 1.01155
1.53492 1.16801 1.00906
1.53463 1.17031 1.0045
1.5361 1.17424 1.00691
1.53309 1.1664 1.00211
1.53564 1.1699 1.00425
1.53531 1.17221 0.999699
1.53295 1.16882 0.997626
1.53564 1.1699 1.00425
1.53789 1.17355 1.00649
1.53741 1.17572 1.00185
1.53531 1.17221 0.999699
1.53789 1.17355 1.00649
1.53984 1.17732 1.0088
1.53922 1.17934 1.00407
1.53741 1.17572 1.00185
1.53984 1.17732 1.0088
1.54137 1.18123 1.01119
1.54064 1.18309 1.00637
1.53922 1.17934 1.00407
1.54137 1.18123 1.01119
1.54208 1.1853 1.01369
1.54126 1.18698 1.00875
1.54064 1.18309 1.00637
1.54208 1.1853 1.01369
1.54023 1.18609 1.01417
1.53951 1.18771 1.0092
1.54126 1.18698 1.00875
1.54023 1.18609 1.01417
1.53881 1.18215 1.01176
1.53821 1.18393 1.00688
1.53951 1.18771 1.0092
1.53881 1.18215 1.01176
1.53748 1.17819 1.00933
1.53699 1.18013 1.00455
1.53821 1.18393 1.00688
1.53748 1.17819 1.00933
1.5361 1.17424 1.00691
1.5357 1.17634 1.00223
1.53699 1.18013 1.00455
1.5361 1.17424 1.00691
1.53463 1.17031 1.0045
1.53435 1.17257 0.999926
1.5357 1.17634 1.00223
1.53295 1.16882 0.997626
1.53531 1.17221 0.999699
1.535 1.17448 0.99513
1.53282 1.17123 0.993137
1.53531 1.17221 0.999699
1.53741 1.17572 1.00185
1.53694 1.17784 0.99719
1.535 1.17448 0.99513
1.53741 1.17572 1.00185
1.53922 1.17934 1.00407
1.53862 1.1813 0.999311
1.53694 1.17784 0.99719
1.53922 1.17934 1.00407
1.54064 1.18309 1.00637
1.53993 1.18488 1.0015
1.53862 1.1813 0.999311
1.54064 1.18309 1.00637
1.54126 1.18698 1.00875
1.54048 1.18859 1.00378
1.53993 1.18488 1.0015
1.54126 1.18698 1.00875
1.53951 1.18771 1.0092
1.53882 1.18925 1.00418
1.54048 1.18859 1.00378
1.53951 1.18771 1.0092
1.53821 1.18393 1.00688
1.53764 1.18565 1.00197
1.53882 1.18925 1.00418
1.53821 1.18393 1.00688
1.53699 1.18013 1.00455
1.53651 1.18202 0.999752
1.53764 1.18565 1.00197
1.53699 1.18013 1.00455
1.5357 1.17634 1.00223
1.53533 1.17841 0.997539
1.53651 1.18202 0.999752
1.5357 1.17634 1.00223
1.53435 1.17257 0.999926
1.53409 1.17482 0.995335
1.53533 1.17841 0.997539
1.53282 1.17123 0.993137
1.535 1.17448 0.99513
1.53471 1.17672 0.990542
1.53269 1.17362 0.988641
1.535 1.17448 0.99513
1.53694 1.17784 0.99719
1.53651 1.17992 0.992504
1.53471 1.17672 0.990542
1.53694 1.17784 0.99719
1.53862 1.1813 0.999311
1.53806 1.18322 0.994524
1.53651 1.17992 0.992504
1.53862 1.1813 0.999311
1.53993 1.18488 1.0015
1.53925 1.18662 0.996608
1.53806 1.18322 0.994524
1.53993 1.18488 1.0015
1.54048 1.18859 1.00378
1.53973 1.19014 0.998765
1.53925 1.18662 0.996608
1.54048 1.18859 1.00378
1.53882 1.18925 1.00418
1.53817 1.19075 0.999137
1.53973 1.19014 0.998765
1.53882 1.18925 1.00418
1.53764 1.18565 1.00197
1.5371 1.18732 0.997035
1.53817 1.19075 0.999137
1.53764 1.18565 1.00197
1.53651 1.18202 0.999752
1.53607 1.18388 0.994926
1.5371 1.18732 0.997035
1.53651 1.18202 0.999752
1.53533 1.17841 0.997539
1.53499 1.18045 0.992823
1.53607 1.18388 0.994926
1.53533 1.17841 0.997539
1.53409 1.17482 0.995335
1.53386 1.17703 0.99073
1.53499 1.18045 0.992823
1.53269 1.17362 0.988641
1.53471 1.17672 0.990542
1.53444 1.17895 0.985941
1.53257 1.176 0.984137
1.53471 1.17672 0.990542
1.53651 1.17992 0.992504
1.5361 1.18198 0.987802
1.53444 1.17895 0.985941
1.53651 1.17992 0.992504
1.53806 1.18322 0.994524
1.53752 1.1851 0.989715
1.5361 1.18198 0.987802
1.53806 1.18322 0.994524
1.53925 1.18662 0.996608
1.5386 1.18832 0.991687
1.53752 1.1851 0.989715
1.53925 1.18662 0.996608
1.53973 1.19014 0.998765
1.53902 1.19165 0.993724
1.5386 1.18832 0.991687
1.53973 1.19014 0.998765
1.53817 1.19075 0.999137
1.53756 1.1922 0.994064
1.53902 1.19165 0.993724
1.53817 1.19075 0.999137
1.5371 1.18732 0.997035
1.53658 1.18896 0.992076
1.53756 1.1922 0.994064
1.5371 1.18732 0.997035
1.53607 1.18388 0.994926
1.53565 1.1857 0.990081
1.53658 1.18896 0.992076
1.53607 1.18388 0.994926
1.53499 1.18045 0.992823
1.53467 1.18246 0.988093
1.53565 1.1857 0.990081
1.53499 1.18045 0.992823
1.53386 1.17703 0.99073
1.53363 1.17923 0.986113
1.53467 1.18246 0.988093
1.53257 1.176 0.984137
1.53444 1.17895 0.985941
1.53417 1.18115 0.981329
1.53245 1.17837 0.979625
1.53444 1.17895 0.985941
1.5361 1.18198 0.987802
1.5357 1.18402 0.983085
1.53417 1.18115 0.981329
1.5361 1.18198 0.987802
1.53752 1.1851 0.989715
1.537 1.18696 0.984889
1.5357 1.18402 0.983085
1.53752 1.1851 0.989715
1.5386 1.18832 0.991687
1.53799 1.18999 0.986746
1.537 1.18696 0.984889
1.5386 1.18832 0.991687
1.53902 1.19165 0.993724
1.53835 1.19312 0.988662
1.53799 1.18999 0.986746
1.53902 1.19165 0.993724
1.53756 1.1922 0.994064
1.53698 1.19362 0.988972
1.53835 1.19312 0.988662
1.53756 1.1922 0.994064
1.53658 1.18896 0.992076
1.5361 1.19057 0.987099
1.53698 1.19362 0.988972
1.53658 1.18896 0.992076
1.53565 1.1857 0.990081
1.53526 1.1875 0.985221
1.5361 1.19057 0.987099
1.53565 1.1857 0.990081
1.53467 1.18246 0.988093
1.53437 1.18445 0.983349
1.53526 1.1875 0.985221
1.53467 1.18246 0.988093
1.53363 1.17923 0.986113
1.53342 1.18141 0.981485
1.53437 1.18445 0.983349
1.53245 1.17837 0.979625
1.53417 1.18115 0.981329
1.53392 1.18335 0.97671
1.53233 1.18073 0.975108
1.53417 1.18115 0.981329
1.5357 1.18402 0.983085
1.53532 1.18604 0.978359
1.53392 1.18335 0.97671
1.5357 1.18402 0.983085
1.537 1.18696 0.984889
1.53651 1.1888 0.980052
1.53532 1.18604 0.978359
1.537 1.18696 0.984889
1.53799 1.18999 0.986746
1.5374 1.19164 0.981793
1.53651 1.1888 0.980052
1.53799 1.18999 0.986746
1.53835 1.19312 0.988662
1.53771 1.19457 0.983586
1.5374 1.19164 0.981793
1.53835 1.19312 0.988662
1.53698 1.19362 0.988972
1.53643 1.19503 0.983869
1.53771 1.19457 0.983586
1.53698 1.19362 0.988972
1.5361 1.19057 0.987099
1.53564 1.19216 0.982113
1.53643 1.19503 0.983869
1.5361 1.19057 0.987099
1.53526 1.1875 0.985221
1.53488 1.18929 0.980353
1.53564 1.19216 0.982113
1.53526 1.1875 0.985221
1.53437 1.18445 0.983349
1.53408 1.18643 0.978599
1.53488 1.18929 0.980353
1.53437 1.18445 0.983349
1.53342 1.18141 0.981485
1.53322 1.18358 0.976852
1.53408 1.18643 0.978599
1.53233 1.18073 0.975108
1.53392 1.18335 0.97671
1.53368 1.18553 0.972086
1.53223 1.18308 0.970587
1.53392 1.18335 0.97671
1.53532 1.18604 0.978359
1.53495 1.18805 0.973629
1.53368 1.18553 0.972086
1.53532 1.18604 0.978359
1.53651 1.1888 0.980052
1.53604 1.19063 0.975211
1.53495 1.18805 0.973629
1.53651 1.1888 0.980052
1.5374 1.19164 0.981793
1.53684 1.19328 0.976836
1.53604 1.19063 0.975211
1.5374 1.19164 0.981793
1.53771 1.19457 0.983586
1.53711 1.19601 0.978508
1.53684 1.19328 0.976836
1.53771 1.19457 0.983586
1.53643 1.19503 0.983869
1.53592 1.19643 0.978765
1.53711 1.19601 0.978508
1.53643 1.19503 0.983869
1.53564 1.19216 0.982113
1.53521 1.19375 0.977126
1.53592 1.19643 0.978765
1.53564 1.19216 0.982113
1.53488 1.18929 0.980353
1.53453 1.19107 0.975483
1.53521 1.19375 0.977126
1.53488 1.18929 0.980353
1.53408 1.18643 0.978599
1.5338 1.1884 0.973846
1.53453 1.19107 0.975483
1.53408 1.18643 0.978599
1.53322 1.18358 0.976852
1.53303 1.18574 0.972214
1.5338 1.1884 0.973846
1.53223 1.18308 0.970587
1.53368 1.18553 0.972086
1.53345 1.18771 0.967456
1.53212 1.18543 0.966059
1.53368 1.18553 0.972086
1.53495 1.18805 0.973629
1.53461 1.19005 0.968893
1.53345 1.18771 0.967456
1.53495 1.18805 0.973629
1.53604 1.19063 0.975211
1.53559 1.19245 0.970366
1.53461 1.19005 0.968893
1.53604 1.19063 0.975211
1.53684 1.19328 0.976836
1.53632 1.19492 0.971878
1.53559 1.19245 0.970366
1.53684 1.19328 0.976836
1.53711 1.19601 0.978508
1.53654 1.19745 0.97343
1.53632 1.19492 0.971878
1.53711 1.19601 0.978508
1.53592 1.19643 0.978765
1.53544 1.19783 0.973663
1.53654 1.19745 0.97343
1.53592 1.19643 0.978765
1.53521 1.19375 0.977126
1.5348 1.19535 0.97214
1.53544 1.19783 0.973663
1.53521 1.19375 0.977126
1.53453 1.19107 0.975483
1.53419 1.19286 0.970612
1.5348 1.19535 0.97214
1.53453 1.19107 0.975483
1.5338 1.1884 0.973846
1.53354 1.19037 0.96909
1.53419 1.19286 0.970612
1.5338 1.1884 0.973846
1.53303 1.18574 0.972214
1.53285 1.1879 0.967573
1.53354 1.19037 0.96909
1.53212 1.18543 0.966059
1.53345 1.18771 0.967456
1.53323 1.18988 0.962824
1.53202 1.18776 0.961527
1.53345 1.18771 0.967456
1.53461 1.19005 0.968893
1.53429 1.19206 0.964158
1.53323 1.18988 0.962824
1.53461 1.19005 0.968893
1.53559 1.19245 0.970366
1.53518 1.19428 0.965524
1.53429 1.19206 0.964158
1.53559 1.19245 0.970366
1.53632 1.19492 0.971878
1.53583 1.19657 0.966925
1.53518 1.19428 0.965524
1.53632 1.19492 0.971878
1.53654 1.19745 0.97343
1.53602 1.19892 0.968362
1.53583 1.19657 0.966925
1.53654 1.19745 0.97343
1.53544 1.19783 0.973663
1.53499 1.19926 0.968573
1.53602 1.19892 0.968362
1.53544 1.19783 0.973663
1.5348 1.19535 0.97214
1.53442 1.19696 0.967161
1.53499 1.19926 0.968573
1.5348 1.19535 0.97214
1.53419 1.19286 0.970612
1.53388 1.19465 0.965746
1.53442 1.19696 0.967161
1.53419 1.19286 0.970612
1.53354 1.19037 0.96909
1.5333 1.19235 0.964336
1.53388 1.19465 0.965746
1.53354 1.19037 0.96909
1.53285 1.1879 0.967573
1.53267 1.19005 0.96293
1.5333 1.19235 0.964336
1.53202 1.18776 0.961527
1.53323 1.18988 0.962824
1.53303 1.19205 0.958191
1.53193 1.19009 0.95699
1.53323 1.18988 0.962824
1.53429 1.19206 0.964158
1.53399 1.19406 0.959425
1.53303 1.19205 0.958191
1.53429 1.19206 0.964158
1.53518 1.19428 0.965524
1.53479 1.19613 0.960688
1.53399 1.19406 0.959425
1.53518 1.19428 0.965524
1.53583 1.19657 0.966925
1.53537 1.19824 0.961983
1.53479 1.19613 0.960688
1.53583 1.19657 0.966925
1.53602 1.19892 0.968362
1.53553 1.2004 0.963309
1.53537 1.19824 0.961983
1.53602 1.19892 0.968362
1.53499 1.19926 0.968573
1.53458 1.20072 0.9635
1.53553 1.2004 0.963309
1.53499 1.19926 0.968573
1.53442 1.19696 0.967161
1.53407 1.19859 0.962196
1.53458 1.20072 0.9635
1.53442 1.19696 0.967161
1.53388 1.19465 0.965746
1.53359 1.19645 0.960889
1.53407 1.19859 0.962196
1.53388 1.19465 0.965746
1.5333 1.19235 0.964336
1.53307 1.19433 0.959585
1.53359 1.19645 0.960889
1.5333 1.19235 0.964336
1.53267 1.19005 0.96293
1.53251 1.19221 0.958286
1.53307 1.19433 0.959585
1.53193 1.19009 0.95699
1.53303 1.19205 0.958191
1.53284 1.19422 0.953562
1.53184 1.19241 0.952453
1.53303 1.19205 0.958191
1.53399 1.19406 0.959425
1.5337 1.19608 0.954701
1.53284 1.19422 0.953562
1.53399 1.19406 0.959425
1.53479 1.19613 0.960688
1.53443 1.19799 0.955867
1.5337 1.19608 0.954701
1.53479 1.19613 0.960688
1.53537 1.19824 0.961983
1.53495 1.19994 0.957062
1.53443 1.19799 0.955867
1.53537 1.19824 0.961983
1.53553 1.2004 0.963309
1.53508 1.20193 0.958284
1.53495 1.19994 0.957062
1.53553 1.2004 0.963309
1.53458 1.20072 0.9635
1.53421 1.20221 0.958457
1.53508 1.20193 0.958284
1.53458 1.20072 0.9635
1.53407 1.19859 0.962196
1.53375 1.20025 0.957254
1.53421 1.20221 0.958457
1.53407 1.19859 0.962196
1.53359 1.19645 0.960889
1.53332 1.19828 0.956049
1.53375 1.20025 0.957254
1.53359 1.19645 0.960889
1.53307 1.19433 0.959585
1.53286 1.19632 0.954846
1.53332 1.19828 0.956049
1.53307 1.19433 0.959585
1.53251 1.19221 0.958286
1.53236 1.19437 0.953648
1.53286 1.19632 0.954846
1.53184 1.19241 0.952453
1.53284 1.19422 0.953562
1.53266 1.19631 0.949129
1.53175 1.19463 0.948102
1.53284 1.19422 0.953562
1.5337 1.19608 0.954701
1.53346 1.19803 0.950184
1.53266 1.19631 0.949129
1.5337 1.19608 0.954701
1.53443 1.19799 0.955867
1.53411 1.19979 0.951263
1.53346 1.19803 0.950184
1.53443 1.19799 0.955867
1.53495 1.19994 0.957062
1.53458 1.2016 0.952368
1.53411 1.19979 0.951263
1.53495 1.19994 0.957062
1.53508 1.20193 0.958284
1.53469 1.20344 0.953498
1.53458 1.2016 0.952368
1.53508 1.20193 0.958284
1.53421 1.20221 0.958457
1.53388 1.2037 0.953656
1.53469 1.20344 0.953498
1.53421 1.20221 0.958457
1.53375 1.20025 0.957254
1.53347 1.20188 0.952543
1.53388 1.2037 0.953656
1.53375 1.20025 0.957254
1.53332 1.19828 0.956049
1.53309 1.20006 0.951428
1.53347 1.20188 0.952543
1.53332 1.19828 0.956049
1.53286 1.19632 0.954846
1.53267 1.19825 0.950316
1.53309 1.20006 0.951428
1.53286 1.19632 0.954846
1.53236 1.19437 0.953648
1.53222 1.19644 0.949208
1.53267 1.19825 0.950316
1.53175 1.19463 0.948102
1.53266 1.19631 0.949129
1.53263 1.19682 0.948058
1.53173 1.19517 0.947049
1.53266 1.19631 0.949129
1.53346 1.19803 0.950184
1.5334 1.19851 0.949093
1.53263 1.19682 0.948058
1.53346 1.19803 0.950184
1.53411 1.19979 0.951263
1.53404 1.20023 0.950152
1.5334 1.19851 0.949093
1.53411 1.19979 0.951263
1.53458 1.2016 0.952368
1.5345 1.202 0.951236
1.53404 1.20023 0.950152
1.53458 1.2016 0.952368
1.53469 1.20344 0.953498
1.5346 1.20381 0.952344
1.5345 1.202 0.951236
1.53469 1.20344 0.953498
1.53388 1.2037 0.953656
1.5338 1.20406 0.952499
1.5346 1.20381 0.952344
1.53388 1.2037 0.953656
1.53347 1.20188 0.952543
1.53341 1.20228 0.951407
1.5338 1.20406 0.952499
1.53347 1.20188 0.952543
1.53309 1.20006 0.951428
1.53303 1.2005 0.950313
1.53341 1.20228 0.951407
1.53309 1.20006 0.951428
1.53267 1.19825 0.950316
1.53263 1.19872 0.949222
1.53303 1.2005 0.950313
1.53267 1.19825 0.950316
1.53222 1.19644 0.949208
1.53219 1.19694 0.948134
1.53263 1.19872 0.949222
1.53173 1.19517 0.947049
1.53263 1.19682 0.948058
1.53259 1.19723 0.947179
1.53172 1.19561 0.946186
1.53263 1.19682 0.948058
1.5334 1.19851 0.949093
1.53335 1.19889 0.948199
1.53259 1.19723 0.947179
1.5334 1.19851 0.949093
1.53404 1.20023 0.950152
1.53398 1.20059 0.949242
1.53335 1.19889 0.948199
1.53404 1.20023 0.950152
1.5345 1.202 0.951236
1.53443 1.20233 0.950309
1.53398 1.20059 0.949242
1.5345 1.202 0.951236
1.5346 1.20381 0.952344
1.53453 1.20411 0.9514
1.53443 1.20233 0.950309
1.5346 1.20381 0.952344
1.5338 1.20406 0.952499
1.53374 1.20436 0.951552
1.53453 1.20411 0.9514
1.5338 1.20406 0.952499
1.53341 1.20228 0.951407
1.53335 1.20261 0.950477
1.53374 1.20436 0.951552
1.53341 1.20228 0.951407
1.53303 1.2005 0.950313
1.53299 1.20085 0.9494
1.53335 1.20261 0.950477
1.53303 1.2005 0.950313
1.53263 1.19872 0.949222
1.53259 1.1991 0.948326
1.53299 1.20085 0.9494
1.53263 1.19872 0.949222
1.53219 1.19694 0.948134
1.53216 1.19735 0.947255
1.53259 1.1991 0.948326
1.53172 1.19561 0.946186
1.53259 1.19723 0.947179
1.53254 1.19757 0.946262
1.53168 1.19598 0.945292
1.53259 1.19723 0.947179
1.53335 1.19889 0.948199
1.53328 1.19919 0.947257
1.53254 1.19757 0.946262
1.53335 1.19889 0.948199
1.53398 1.20059 0.949242
1.53389 1.20085 0.948275
1.53328 1.19919 0.947257
1.53398 1.20059 0.949242
1.53443 1.20233 0.950309
1.53433 1.20255 0.949317
1.53389 1.20085 0.948275
1.53443 1.20233 0.950309
1.53453 1.20411 0.9514
1.53442 1.20429 0.950381
1.53433 1.20255 0.949317
1.53453 1.20411 0.9514
1.53374 1.20436 0.951552
1.53365 1.20453 0.950529
1.53442 1.20429 0.950381
1.53374 1.20436 0.951552
1.53335 1.20261 0.950477
1.53327 1.20282 0.94948
1.53365 1.20453 0.950529
1.53335 1.20261 0.950477
1.53299 1.20085 0.9494
1.53292 1.2011 0.948429
1.53327 1.20282 0.94948
1.53299 1.20085 0.9494
1.53259 1.1991 0.948326
1.53253 1.19939 0.947381
1.53292 1.2011 0.948429
1.53259 1.1991 0.948326
1.53216 1.19735 0.947255
1.53212 1.19769 0.946335
1.53253 1.19939 0.947381
1.53168 1.19598 0.945292
1.53254 1.19757 0.946262
1.53245 1.1978 0.945279
1.53163 1.19628 0.944344
1.53254 1.19757 0.946262
1.53328 1.19919 0.947257
1.53316 1.19937 0.946238
1.53245 1.1978 0.945279
1.53328 1.19919 0.947257
1.53389 1.20085 0.948275
1.53375 1.20097 0.947219
1.53316 1.19937 0.946238
1.53389 1.20085 0.948275
1.53433 1.20255 0.949317
1.53417 1.20261 0.948223
1.53375 1.20097 0.947219
1.53433 1.20255 0.949317
1.53442 1.20429 0.950381
1.53426 1.20428 0.949249
1.53417 1.20261 0.948223
1.53442 1.20429 0.950381
1.53365 1.20453 0.950529
1.53352 1.20451 0.949391
1.53426 1.20428 0.949249
1.53365 1.20453 0.950529
1.53327 1.20282 0.94948
1.53316 1.20287 0.94838
1.53352 1.20451 0.949391
1.53327 1.20282 0.94948
1.53292 1.2011 0.948429
1.53281 1.20121 0.947367
1.53316 1.20287 0.94838
1.53292 1.2011 0.948429
1.53253 1.19939 0.947381
1.53245 1.19956 0.946357
1.53281 1.20121 0.947367
1.53253 1.19939 0.947381
1.53212 1.19769 0.946335
1.53205 1.19792 0.945349
1.53245 1.19956 0.946357
1.53163 1.19628 0.944344
1.53245 1.1978 0.945279
1.53233 1.19793 0.944224
1.53156 1.19648 0.943338
1.53245 1.1978 0.945279
1.53316 1.19937 0.946238
1.533 1.19941 0.945133
1.53233 1.19793 0.944224
1.53316 1.19937 0.946238
1.53375 1.20097 0.947219
1.53356 1.20093 0.946062
1.533 1.19941 0.945133
1.53375 1.20097 0.947219
1.53417 1.20261 0.948223
1.53395 1.20248 0.947014
1.53356 1.20093 0.946062
1.53417 1.20261 0.948223
1.53426 1.20428 0.949249
1.53403 1.20406 0.947985
1.53395 1.20248 0.947014
1.53426 1.20428 0.949249
1.53352 1.20451 0.949391
1.53333 1.20428 0.94812
1.53403 1.20406 0.947985
1.53352 1.20451 0.949391
1.53316 1.20287 0.94838
1.53299 1.20272 0.947162
1.53333 1.20428 0.94812
1.53316 1.20287 0.94838
1.53281 1.20121 0.947367
1.53267 1.20115 0.946202
1.53299 1.20272 0.947162
1.53281 1.20121 0.947367
1.53245 1.19956 0.946357
1.53232 1.19959 0.945245
1.53267 1.20115 0.946202
1.53245 1.19956 0.946357
1.53205 1.19792 0.945349
1.53195 1.19803 0.944291
1.53232 1.19959 0.945245
1.53156 1.19648 0.943338
1.53233 1.19793 0.944224
1.53217 1.1979 0.943078
1.53145 1.19656 0.942258
1.53233 1.19793 0.944224
1.533 1.19941 0.945133
1.53278 1.19927 0.943919
1.53217 1.1979 0.943078
1.533 1.19941 0.945133
1.53356 1.20093 0.946062
1.5333 1.20068 0.94478
1.53278 1.19927 0.943919
1.53356 1.20093 0.946062
1.53395 1.20248 0.947014
1.53366 1.20211 0.94566
1.5333 1.20068 0.94478
1.53395 1.20248 0.947014
1.53403 1.20406 0.947985
1.53373 1.20358 0.946559
1.53366 1.20211 0.94566
1.53403 1.20406 0.947985
1.53333 1.20428 0.94812
1.53308 1.20378 0.946684
1.53373 1.20358 0.946559
1.53333 1.20428 0.94812
1.53299 1.20272 0.947162
1.53277 1.20234 0.945797
1.53308 1.20378 0.946684
1.53299 1.20272 0.947162
1.53267 1.20115 0.946202
1.53247 1.20089 0.944909
1.53277 1.20234 0.945797
1.53267 1.20115 0.946202
1.53232 1.19959 0.945245
1.53216 1.19944 0.944023
1.53247 1.20089 0.944909
1.53232 1.19959 0.945245
1.53195 1.19803 0.944291
1.53181 1.198 0.943139
1.53216 1.19944 0.944023
1.53145 1.19656 0.942258
1.53217 1.1979 0.943078
1.53194 1.19767 0.941806
1.5313 1.19647 0.941076
1.53217 1.1979 0.943078
1.53278 1.19927 0.943919
1.53249 1.19889 0.942556
1.53194 1.19767 0.941806
1.53278 1.19927 0.943919
1.5333 1.20068 0.94478
1.53294 1.20014 0.943322
1.53249 1.19889 0.942556
1.5333 1.20068 0.94478
1.53366 1.20211 0.94566
1.53326 1.20142 0.944106
1.53294 1.20014 0.943322
1.53366 1.20211 0.94566
1.53373 1.20358 0.946559
1.53333 1.20272 0.944907
1.53326 1.20142 0.944106
1.53373 1.20358 0.946559
1.53308 1.20378 0.946684
1.53275 1.2029 0.945017
1.53333 1.20272 0.944907
1.53308 1.20378 0.946684
1.53277 1.20234 0.945797
1.53247 1.20162 0.944228
1.53275 1.2029 0.945017
1.53277 1.20234 0.945797
1.53247 1.20089 0.944909
1.53221 1.20033 0.943437
1.53247 1.20162 0.944228
1.53247 1.20089 0.944909
1.53216 1.19944 0.944023
1.53193 1.19904 0.942648
1.53221 1.20033 0.943437
1.53216 1.19944 0.944023
1.53181 1.198 0.943139
1.53162 1.19775 0.941861
1.53193 1.19904 0.942648
1.5313 1.19647 0.941076
1.53194 1.19767 0.941806
1.5316 1.19706 0.940311
1.53108 1.19609 0.939713
1.53194 1.19767 0.941806
1.53249 1.19889 0.942556
1.53205 1.19806 0.940924
1.5316 1.19706 0.940311
1.53249 1.19889 0.942556
1.53294 1.20014 0.943322
1.53242 1.19909 0.941552
1.53205 1.19806 0.940924
1.53294 1.20014 0.943322
1.53326 1.20142 0.944106
1.53268 1.20013 0.942194
1.53242 1.19909 0.941552
1.53326 1.20142 0.944106
1.53333 1.20272 0.944907
1.53273 1.2012 0.942849
1.53268 1.20013 0.942194
1.53333 1.20272 0.944907
1.53275 1.2029 0.945017
1.53226 1.20135 0.942939
1.53273 1.2012 0.942849
1.53275 1.2029 0.945017
1.53247 1.20162 0.944228
1.53203 1.2003 0.942293
1.53226 1.20135 0.942939
1.53247 1.20162 0.944228
1.53221 1.20033 0.943437
1.53182 1.19924 0.941645
1.53203 1.2003 0.942293
1.53221 1.20033 0.943437
1.53193 1.19904 0.942648
1.53159 1.19819 0.940999
1.53182 1.19924 0.941645
1.53193 1.19904 0.942648
1.53162 1.19775 0.941861
1.53134 1.19714 0.940355
1.53159 1.19819 0.940999
1.53108 1.19609 0.939713
1.5316 1.19706 0.940311
1.53093 1.19537 0.938143
1.53064 1.19482 0.937805
1.5316 1.19706 0.940311
1.53205 1.19806 0.940924
1.53118 1.19593 0.938488
1.53093 1.19537 0.938143
1.53205 1.19806 0.940924
1.53242 1.19909 0.941552
1.53139 1.19651 0.938842
1.53118 1.19593 0.938488
1.53242 1.19909 0.941552
1.53268 1.20013 0.942194
1.53154 1.1971 0.939204
1.53139 1.19651 0.938842
1.53268 1.20013 0.942194
1.53273 1.2012 0.942849
1.53156 1.1977 0.939573
1.53154 1.1971 0.939204
1.53273 1.2012 0.942849
1.53226 1.20135 0.942939
1.5313 1.19778 0.939624
1.53156 1.1977 0.939573
1.53226 1.20135 0.942939
1.53203 1.2003 0.942293
1.53117 1.19719 0.93926
1.5313 1.19778 0.939624
1.53203 1.2003 0.942293
1.53182 1.19924 0.941645
1.53105 1.19659 0.938895
1.53117 1.19719 0.93926
1.53182 1.19924 0.941645
1.53159 1.19819 0.940999
1.53092 1.196 0.938531
1.53105 1.19659 0.938895
1.53159 1.19819 0.940999
1.53134 1.19714 0.940355
1.53078 1.19541 0.938168
1.53092 1.196 0.938531
1.53064 1.19482 0.937805
1.53093 1.19537 0.938143
1.53018 1.19334 0.935884
1.53014 1.19327 0.935839
1.53093 1.19537 0.938143
1.53118 1.19593 0.938488
1.53021 1.19341 0.935929
1.53018 1.19334 0.935884
1.53118 1.19593 0.938488
1.53139 1.19651 0.938842
1.53024 1.19349 0.935975
1.53021 1.19341 0.935929
1.53139 1.19651 0.938842
1.53154 1.1971 0.939204
1.53026 1.19357 0.936023
1.53024 1.19349 0.935975
1.53154 1.1971 0.939204
1.53156 1.1977 0.939573
1.53026 1.19364 0.936071
1.53026 1.19357 0.936023
1.53156 1.1977 0.939573
1.5313 1.19778 0.939624
1.53023 1.19366 0.936078
1.53026 1.19364 0.936071
1.5313 1.19778 0.939624
1.53117 1.19719 0.93926
1.53021 1.19358 0.93603
1.53023 1.19366 0.936078
1.53117 1.19719 0.93926
1.53105 1.19659 0.938895
1.53019 1.1935 0.935982
1.53021 1.19358 0.93603
1.53105 1.19659 0.938895
1.53092 1.196 0.938531
1.53018 1.19342 0.935934
1.53019 1.1935 0.935982
1.53092 1.196 0.938531
1.53078 1.19541 0.938168
1.53016 1.19334 0.935887
1.53018 1.19342 0.935934
1.53986 1.12236 1.08006
1.53634 1.11984 1.07852
1.53631 1.12165 1.07593
1.53988 1.12435 1.07758
1.53988 1.12435 1.07758
1.53631 1.12165 1.07593
1.5362 1.12451 1.07184
1.53982 1.12748 1.07366
1.53982 1.12748 1.07366
1.5362 1.12451 1.07184
1.53601 1.1274 1.06765
1.53961 1.13066 1.06965
1.53961 1.13066 1.06965
1.53601 1.1274 1.06765
1.53577 1.13024 1.06343
1.53932 1.13378 1.0656
1.53932 1.13378 1.0656
1.53577 1.13024 1.06343
1.53553 1.13303 1.05918
1.539 1.13681 1.06149
1.539 1.13681 1.06149
1.53553 1.13303 1.05918
1.53529 1.13578 1.05489
1.53867 1.13976 1.05733
1.53867 1.13976 1.05733
1.53529 1.13578 1.05489
1.53506 1.13848 1.05059
1.53832 1.14262 1.05313
1.53832 1.14262 1.05313
1.53506 1.13848 1.05059
1.53484 1.14115 1.04626
1.53796 1.14542 1.04888
1.53796 1.14542 1.04888
1.53484 1.14115 1.04626
1.53463 1.14379 1.04191
1.5376 1.14815 1.04459
1.5376 1.14815 1.04459
1.53463 1.14379 1.04191
1.53443 1.14639 1.03755
1.53724 1.15082 1.04026
1.53724 1.15082 1.04026
1.53443 1.14639 1.03755
1.53423 1.14897 1.03317
1.53688 1.15342 1.03589
1.53688 1.15342 1.03589
1.53423 1.14897 1.03317
1.53405 1.15152 1.02877
1.53653 1.15597 1.03149
1.53653 1.15597 1.03149
1.53405 1.15152 1.02877
1.53387 1.15405 1.02435
1.53619 1.15847 1.02706
1.53619 1.15847 1.02706
1.53387 1.15405 1.02435
1.5337 1.15656 1.01993
1.53585 1.16092 1.0226
1.53585 1.16092 1.0226
1.5337 1.15656 1.01993
1.53354 1.15905 1.01549
1.53553 1.16332 1.01811
1.53553 1.16332 1.01811
1.53354 1.15905 1.01549
1.53338 1.16152 1.01104
1.53522 1.16569 1.01359
1.53522 1.16569 1.01359
1.53338 1.16152 1.01104
1.53323 1.16397 1.00658
1.53492 1.16801 1.00906
1.53492 1.16801 1.00906
1.53323 1.16397 1.00658
1.53309 1.1664 1.00211
1.53463 1.17031 1.0045
1.53463 1.17031 1.0045
1.53309 1.1664 1.00211
1.53295 1.16882 0.997626
1.53435 1.17257 0.999926
1.53435 1.17257 0.999926
1.53295 1.16882 0.997626
1.53282 1.17123 0.993137
1.53409 1.17482 0.995335
1.53409 1.17482 0.995335
1.53282 1.17123 0.993137
1.53269 1.17362 0.988641
1.53386 1.17703 0.99073
1.53386 1.17703 0.99073
1.53269 1.17362 0.988641
1.53257 1.176 0.984137
1.53363 1.17923 0.986113
1.53363 1.17923 0.986113
1.53257 1.176 0.984137
1.53245 1.17837 0.979625
1.53342 1.18141 0.981485
1.53342 1.18141 0.981485
1.53245 1.17837 0.979625
1.53233 1.18073 0.975108
1.53322 1.18358 0.976852
1.53322 1.18358 0.976852
1.53233 1.18073 0.975108
1.53223 1.18308 0.970587
1.53303 1.18574 0.972214
1.53303 1.18574 0.972214
1.53223 1.18308 0.970587
1.53212 1.18543 0.966059
1.53285 1.1879 0.967573
1.53285 1.1879 0.967573
1.53212 1.18543 0.966059
1.53202 1.18776 0.961527
1.53267 1.19005 0.96293
1.53267 1.19005 0.96293
1.53202 1.18776 0.961527
1.53193 1.19009 0.95699
1.53251 1.19221 0.958286
1.53251 1.19221 0.958286
1.53193 1.19009 0.95699
1.53184 1.19241 0.952453
1.53236 1.19437 0.953648
1.53236 1.19437 0.953648
1.53184 1.19241 0.952453
1.53175 1.19463 0.948102
1.53222 1.19644 0.949208
1.53222 1.19644 0.949208
1.53175 1.19463 0.948102
1.53173 1.19517 0.947049
1.53219 1.19694 0.948134
1.53219 1.19694 0.948134
1.53173 1.19517 0.947049
1.53172 1.19561 0.946186
1.53216 1.19735 0.947255
1.53216 1.19735 0.947255
1.53172 1.19561 0.946186
1.53168 1.19598 0.945292
1.53212 1.19769 0.946335
1.53212 1.19769 0.946335
1.53168 1.19598 0.945292
1.53163 1.19628 0.944344
1.53205 1.19792 0.945349
1.53205 1.19792 0.945349
1.53163 1.19628 0.944344
1.53156 1.19648 0.943338
1.53195 1.19803 0.944291
1.53195 1.19803 0.944291
1.53156 1.19648 0.943338
1.53145 1.19656 0.942258
1.53181 1.198 0.943139
1.53181 1.198 0.943139
1.53145 1.19656 0.942258
1.5313 1.19647 0.941076
1.53162 1.19775 0.941861
1.53162 1.19775 0.941861
1.5313 1.19647 0.941076
1.53108 1.19609 0.939713
1.53134 1.19714 0.940355
1.53134 1.19714 0.940355
1.53108 1.19609 0.939713
1.53064 1.19482 0.937805
1.53078 1.19541 0.938168
1.53078 1.19541 0.938168
1.53064 1.19482 0.937805
1.53014 1.19327 0.935839
1.53016 1.19334 0.935887
1.5319 1.1008 1.1026
1.5319 1.1008 1.1026
1.5319 1.1008 1.1026
1.5319 1.1008 1.1026
1.5319 1.1008 1.1026
1.5319 1.1008 1.1026
1.5319 1.1008 1.1026
1.5319 1.1008 1.1026
1.5319 1.1008 1.1026
1.5319 1.1008 1.1026
1.5319 1.1008 1.1026
1.5319 1.1008 1.1026
1.5319 1.1008 1.1026
1.5319 1.1008 1.1026
1.5319 1.1008 1.1026
1.5319 1.1008 1.1026
1.5319 1.1008 1.1026
1.5319 1.1008 1.1026
1.5319 1.1008 1.1026
1.5319 1.1008 1.1026
1.5319 1.1008 1.1026
1.5319 1.1008 1.1026
1.5319 1.1008 1.1026
1.5319 1.1008 1.1026
1.5319 1.1008 1.1026
1.5319 1.1008 1.1026
1.5319 1.1008 1.1026
1.5319 1.1008 1.1026
1.5319 1.1008 1.1026
1.5319 1.1008 1.1026
1.5319 1.1008 1.1026
1.5319 1.1008 1.1026
1.5319 1.1008 1.1026
1.5319 1.1008 1.1026
1.5319 1.1008 1.1026
1.5319 1.1008 1.1026
1.5319 1.1008 1.1026
1.5319 1.1008 1.1026
1.5319 1.1008 1.1026
1.5319 1.1008 1.1026
1.5319 1.1008 1.1026
1.5319 1.1008 1.1026
1.5319 1.1008 1.1026
1.5319 1.1008 1.1026
1.5319 1.1008 1.1026
1.5319 1.1008 1.1026
1.5319 1.1008 1.1026
1.5319 1.1008 1.1026
1.5319 1.1008 1.1026
1.5319 1.1008 1.1026
1.5319 1.1008 1.1026
1.5319 1.1008 1.1026
1.5319 1.1008 1.1026
1.5319 1.1008 1.1026
1.5319 1.1008 1.1026
1.5319 1.1008 1.1026
1.5319 1.1008 1.1026
1.5319 1.1008 1.1026
1.5319 1.1008 1.1026
1.5319 1.1008 1.1026
1.5319 1.1008 1.1026
1.5319 1.1008 1.1026
1.5319 1.1008 1.1026
1.5319 1.1008 1.1026
1.5319 1.1008 1.1026
1.5319 1.1008 1.1026
1.5319 1.1008 1.1026
1.5319 1.1008 1.1026
1.5319 1.1008 1.1026
1.5319 1.1008 1.1026
1.5319 1.1008 1.1026
1.5319 1.1008 1.1026
1.5319 1.1008 1.1026
1.5319 1.1008 1.1026
1.5319 1.1008 1.1026
1.5319 1.1008 1.1026
1.5319 1.1008 1.1026
1.5319 1.1008 1.1026
1.5319 1.1008 1.1026
1.5319 1.1008 1.1026
1.5319 1.1008 1.1026
1.5319 1.1008 1.1026
1.5319 1.1008 1.1026
1.5319 1.1008 1.1026
1.5319 1.1008 1.1026
1.5319 1.1008 1.1026
1.5319 1.1008 1.1026
1.5319 1.1008 1.1026
CELLS 924 4620
4 0 1 2 3
4 4 5 6 7
4 8 9 10 11
4 12 13 14 15
4 16 17 18 19
4 20 21 22 23
4 24 25 26 27
4 28 29 30 31
4 32 33 34 35
4 36 37 38 39
4 40 41 42 43
4 44 45 46 47
4 48 49 50 51
4 52 53 54 55
4 56 57 58 59
4 60 61 62 63
4 64 65 66 67
4 68 69 70 71
4 72 73 74 75
4 76 77 78 79
4 80 81 82 83
4 84 85 86 87
4 88 89 90 91
4 92 93 94 95
4 96 97 98 99
4 100 101 102 103
4 104 105 106 107
4 108 109 110 111
4 112 113 114 115
4 116 117 118 119
4 120 121 122 123
4 124 125 126 127
4 128 129 130 131
4 132 133 134 135
4 136 137 138 139
4 140 141 142 143
4 144 145 146 147
4 148 149 150 151
4 152 153 154 155
4 156 157 158 159
4 160 161 162 163
4 164 165 166 167
4 168 169 170 171
4 172 173 174 175
4 176 177 178 179
4 180 181 182 183
4 184 185 186 187
4 188 189 190 191
4 192 193 194 195
4 196 197 198 199
4 200 201 202 203
4 204 205 206 207
4 208 209 210 211
4 212 213 214 215
4 216 217 218 219
4 220 221 222 223
4 224 225 226 227
4 228 229 230 231
4 232 233 234 235
4 236 237 238 239
4 240 241 242 243
4 244 245 246 247
4 248 249 250 251
4 252 253 254 255
4 256 257 258 259
4 260 261 262 263
4 264 265 266 267
4 268 269 270 271
4 272 273 274 275
4 276 277 278 279
4 280 281 282 283
4 284 285 286 287
4 288 289 290 291
4 292 293 294 295
4 296 297 298 299
4 300 301 302 303
4 304 305 306 307
4 308 309 310 311
4 312 313 314 315
4 316 317 318 319
4 320 321 322 323
4 324 325 326 327
4 328 329 330 331
4 332 333 334 335
4 336 337 338 339
4 340 341 342 343
4 344 345 346 347
4 348 349 350 351
4 352 353 354 355
4 356 357 358 359
4 360 361 362 363
4 364 365 366 367
4 368 369 370 371
4 372 373 374 375
4 376 377 378 379
4 380 381 382 383
4 384 385 386 387
4 388 389 390 391
4 392 393 394 395
4 396 397 398 399
4 400 401 402 403
4 404 405 406 407
4 408 409 410 411
4 412 413 414 415
4 416 417 418 419
4 420 421 422 423
4 424 425 426 427
4 428 429 430 431
4 432 433 434 435
4 436 437 438 439
4 440 441 442 443
4 444 445 446 447
4 448 449 450 451
4 452 453 454 455
4 456 457 458 459
4 460 461 462 463
4 464 465 466 467
4 468 469 470 471
4 472 473 474 475
4 476 477 478 479
4 480 481 482 483
4 484 485 486 487
4 488 489 490 491
4 492 493 494 495
4 496 497 498 499
4 500 501 502 503
4 504 505 506 507
4 508 509 510 511
4 512 513 514 515
4 516 517 518 519
4 520 521 522 523
4 524 525 526 527
4 528 529 530 531
4 532 533 534 535
4 536 537 538 539
4 540 541 542 543
4 544 545 546 547
4 548 549 550 551
4 552 553 554 555
4 556 557 558 559
4 560 561 562 563
4 564 565 566 567
4 568 569 570 571
4 572 573 574 575
4 576 577 578 579
4 580 581 582 583
4 584 585 586 587
4 588 589 590 591
4 592 593 594 595
4 596 597 598 599
4 600 601 602 603
4 604 605 606 607
4 608 609 610 611
4 612 613 614 615
4 616 617 618 619
4 620 621 622 623
4 624 625 626 627
4 628 629 630 631
4 632 633 634 635
4 636 637 638 639
4 640 641 642 643
4 644 645 646 647
4 648 649 650 651
4 652 653 654 655
4 656 657 658 659
4 660 661 662 663
4 664 665 666 667
4 668 669 670 671
4 672 673 674 675
4 676 677 678 679
4 680 681 682 683
4 684 685 686 687
4 688 689 690 691
4 692 693 694 695
4 696 697 698 699
4 700 701 702 703
4 704 705 706 707
4 708 709 710 711
4 712 713 714 715
4 716 717 718 719
4 720 721 722 723
4 724 725 726 727
4 728 729 730 731
4 732 733 734 735
4 736 737 738 739
4 740 741 742 743
4 744 745 746 747
4 748 749 750 751
4 752 753 754 755
4 756 757 758 759
4 760 761 762 763
4 764 765 766 767
4 768 769 770 771
4 772 773 774 775
4 776 777 778 779
4 780 781 782 783
4 784 785 786 787
4 788 789 790 791
4 792 793 794 795
4 796 797 798 799
4 800 801 802 803
4 804 805 806 807
4 808 809 810 811
4 812 813 814 815
4 816 817 818 819
4 820 821 822 823
4 824 825 826 827
4 828 829 830 831
4 832 833 834 835
4 836 837 838 839
4 840 841 842 843
4 844 845 846 847
4 848 849 850 851
4 852 853 854 855
4 856 857 858 859
4 860 861 862 863
4 864 865 866 867
4 868 869 870 871
4 872 873 874 875
4 876 877 878 879
4 880 881 882 883
4 884 885 886 887
4 888 889 890 891
4 892 893 894 895
4 896 897 898 899
4 900 901 902 903
4 904 905 906 907
4 908 909 910 911
4 912 913 914 915
4 916 917 918 919
4 920 921 922 923
4 924 925 926 927
4 928 929 930 931
4 932 933 934 935
4 936 937 938 939
4 940 941 942 943
4 944 945 946 947
4 948 949 950 951
4 952 953 954 955
4 956 957 958 959
4 960 961 962 963
4 964 965 966 967
4 968 969 970 971
4 972 973 974 975
4 976 977 978 979
4 980 981 982 983
4 984 985 986 987
4 988 989 990 991
4 992 993 994 995
4 996 997 998 999
4 1000 1001 1002 1003
4 1004 1005 1006 1007
4 1008 1009 1010 1011
4 1012 1013 1014 1015
4 1016 1017 1018 1019
4 1020 1021 1022 1023
4 1024 1025 1026 1027
4 1028 1029 1030 1031
4 1032 1033 1034 1035
4 1036 1037 1038 1039
4 1040 1041 1042 1043
4 1044 1045 1046 1047
4 1048 1049 1050 1051
4 1052 1053 1054 1055
4 1056 1057 1058 1059
4 1060 1061 1062 1063
4 1064 1065 1066 1067
4 1068 1069 1070 1071
4 1072 1073 1074 1075
4 1076 1077 1078 1079
4 1080 1081 1082 1083
4 1084 1085 1086 1087
4 1088 1089 1090 1091
4 1092 1093 1094 1095
4 1096 1097 1098 1099
4 1100 1101 1102 1103
4 1104 1105 1106 1107
4 1108 1109 1110 1111
4 1112 1113 1114 1115
4 1116 1117 1118 1119
4 1120 1121 1122 1123
4 1124 1125 1126 1127
4 1128 1129 1130 1131
4 1132 1133 1134 1135
4 1136 1137 1138 1139
4 1140 1141 1142 1143
4 1144 1145 1146 1147
4 1148 1149 1150 1151
4 1152 1153 1154 1155
4 1156 1157 1158 1159
4 1160 1161 1162 1163
4 1164 1165 1166 1167
4 1168 1169 1170 1171
4 1172 1173 1174 1175
4 1176 1177 1178 1179
4 1180 1181 1182 1183
4 1184 1185 1186 1187
4 1188 1189 1190 1191
4 1192 1193 1194 1195
4 1196 1197 1198 1199
4 1200 1201 1202 1203
4 1204 1205 1206 1207
4 1208 1209 1210 1211
4 1212 1213 1214 1215
4 1216 1217 1218 1219
4 1220 1221 1222 1223
4 1224 1225 1226 1227
4 1228 1229 1230 1231
4 1232 1233 1234 1235
4 1236 1237 1238 1239
4 1240 1241 1242 1243
4 1244 1245 1246 1247
4 1248 1249 1250 1251
4 1252 1253 1254 1255
4 1256 1257 1258 1259
4 1260 1261 1262 1263
4 1264 1265 1266 1267
4 1268 1269 1270 1271
4 1272 1273 1274 1275
4 1276 1277 1278 1279
4 1280 1281 1282 1283
4 1284 1285 1286 1287
4 1288 1289 1290 1291
4 1292 1293 1294 1295
4 1296 1297 1298 1299
4 1300 1301 1302 1303
4 1304 1305 1306 1307
4 1308 1309 1310 1311
4 1312 1313 1314 1315
4 1316 1317 1318 1319
4 1320 1321 1322 1323
4 1324 1325 1326 1327
4 1328 1329 1330 1331
4 1332 1333 1334 1335
4 1336 1337 1338 1339
4 1340 1341 1342 1343
4 1344 1345 1346 1347
4 1348 1349 1350 1351
4 1352 1353 1354 1355
4 1356 1357 1358 1359
4 1360 1361 1362 1363
4 1364 1365 1366 1367
4 1368 1369 1370 1371
4 1372 1373 1374 1375
4 1376 1377 1378 1379
4 1380 1381 1382 1383
4 1384 1385 1386 1387
4 1388 1389 1390 1391
4 1392 1393 1394 1395
4 1396 1397 1398 1399
4 1400 1401 1402 1403
4 1404 1405 1406 1407
4 1408 1409 1410 1411
4 1412 1413 1414 1415
4 1416 1417 1418 1419
4 1420 1421 1422 1423
4 1424 1425 1426 1427
4 1428 1429 1430 1431
4 1432 1433 1434 1435
4 1436 1437 1438 1439
4 1440 1441 1442 1443
4 1444 1445 1446 1447
4 1448 1449 1450 1451
4 1452 1453 1454 1455
4 1456 1457 1458 1459
4 1460 1461 1462 1463
4 1464 1465 1466 1467
4 1468 1469 1470 1471
4 1472 1473 1474 1475
4 1476 1477 1478 1479
4 1480 1481 1482 1483
4 1484 1485 1486 1487
4 1488 1489 1490 1491
4 1492 1493 1494 1495
4 1496 1497 1498 1499
4 1500 1501 1502 1503
4 1504 1505 1506 1507
4 1508 1509 1510 1511
4 1512 1513 1514 1515
4 1516 1517 1518 1519
4 1520 1521 1522 1523
4 1524 1525 1526 1527
4 1528 1529 1530 1531
4 1532 1533 1534 1535
4 1536 1537 1538 1539
4 1540 1541 1542 1543
4 1544 1545 1546 1547
4 1548 1549 1550 1551
4 1552 1553 1554 1555
4 1556 1557 1558 1559
4 1560 1561 1562 1563
4 1564 1565 1566 1567
4 1568 1569 1570 1571
4 1572 1573 1574 1575
4 1576 1577 1578 1579
4 1580 1581 1582 1583
4 1584 1585 1586 1587
4 1588 1589 1590 1591
4 1592 1593 1594 1595
4 1596 1597 1598 1599
4 1600 1601 1602 1603
4 1604 1605 1606 1607
4 1608 1609 1610 1611
4 1612 1613 1614 1615
4 1616 1617 1618 1619
4 1620 1621 1622 1623
4 1624 1625 1626 1627
4 1628 1629 1630 1631
4 1632 1633 1634 1635
4 1636 1637 1638 1639
4 1640 1641 1642 1643
4 1644 1645 1646 1647
4 1648 1649 1650 1651
4 1652 1653 1654 1655
4 1656 1657 1658 1659
4 1660 1661 1662 1663
4 1664 1665 1666 1667
4 1668 1669 1670 1671
4 1672 1673 1674 1675
4 1676 1677 1678 1679
4 1680 1681 1682 1683
4 1684 1685 1686 1687
4 1688 1689 1690 1691
4 1692 1693 1694 1695
4 1696 1697 1698 1699
4 1700 1701 1702 1703
4 1704 1705 1706 1707
4 1708 1709 1710 1711
4 1712 1713 1714 1715
4 1716 1717 1718 1719
4 1720 1721 1722 1723
4 1724 1725 1726 1727
4 1728 1729 1730 1731
4 1732 1733 1734 1735
4 1736 1737 1738 1739
4 1740 1741 1742 1743
4 1744 1745 1746 1747
4 1748 1749 1750 1751
4 1752 1753 1754 1755
4 1756 1757 1758 1759
4 1760 1761 1762 1763
4 1764 1765 1766 1767
4 1768 1769 1770 1771
4 1772 1773 1774 1775
4 1776 1777 1778 1779
4 1780 1781 1782 1783
4 1784 1785 1786 1787
4 1788 1789 1790 1791
4 1792 1793 1794 1795
4 1796 1797 1798 1799
4 1800 1801 1802 1803
4 1804 1805 1806 1807
4 1808 1809 1810 1811
4 1812 1813 1814 1815
4 1816 1817 1818 1819
4 1820 1821 1822 1823
4 1824 1825 1826 1827
4 1828 1829 1830 1831
4 1832 1833 1834 1835
4 1836 1837 1838 1839
4 1840 1841 1842 1843
4 1844 1845 1846 1847
4 1848 1849 1850 1851
4 1852 1853 1854 1855
4 1856 1857 1858 1859
4 1860 1861 1862 1863
4 1864 1865 1866 1867
4 1868 1869 1870 1871
4 1872 1873 1874 1875
4 1876 1877 1878 1879
4 1880 1881 1882 1883
4 1884 1885 1886 1887
4 1888 1889 1890 1891
4 1892 1893 1894 1895
4 1896 1897 1898 1899
4 1900 1901 1902 1903
4 1904 1905 1906 1907
4 1908 1909 1910 1911
4 1912 1913 1914 1915
4 1916 1917 1918 1919
4 1920 1921 1922 1923
4 1924 1925 1926 1927
4 1928 1929 1930 1931
4 1932 1933 1934 1935
4 1936 1937 1938 1939
4 1940 1941 1942 1943
4 1944 1945 1946 1947
4 1948 1949 1950 1951
4 1952 1953 1954 1955
4 1956 1957 1958 1959
4 1960 1961 1962 1963
4 1964 1965 1966 1967
4 1968 1969 1970 1971
4 1972 1973 1974 1975
4 1976 1977 1978 1979
4 1980 1981 1982 1983
4 1984 1985 1986 1987
4 1988 1989 1990 1991
4 1992 1993 1994 1995
4 1996 1997 1998 1999
4 2000 2001 2002 2003
4 2004 2005 2006 2007
4 2008 2009 2010 2011
4 2012 2013 2014 2015
4 2016 2017 2018 2019
4 2020 2021 2022 2023
4 2024 2025 2026 2027
4 2028 2029 2030 2031
4 2032 2033 2034 2035
4 2036 2037 2038 2039
4 2040 2041 2042 2043
4 2044 2045 2046 2047
4 2048 2049 2050 2051
4 2052 2053 2054 2055
4 2056 2057 2058 2059
4 2060 2061 2062 2063
4 2064 2065 2066 2067
4 2068 2069 2070 2071
4 2072 2073 2074 2075
4 2076 2077 2078 2079
4 2080 2081 2082 2083
4 2084 2085 2086 2087
4 2088 2089 2090 2091
4 2092 2093 2094 2095
4 2096 2097 2098 2099
4 2100 2101 2102 2103
4 2104 2105 2106 2107
4 2108 2109 2110 2111
4 2112 2113 2114 2115
4 2116 2117 2118 2119
4 2120 2121 2122 2123
4 2124 2125 2126 2127
4 2128 2129 2130 2131
4 2132 2133 2134 2135
4 2136 2137 2138 2139
4 2140 2141 2142 2143
4 2144 2145 2146 2147
4 2148 2149 2150 2151
4 2152 2153 2154 2155
4 2156 2157 2158 2159
4 2160 2161 2162 2163
4 2164 2165 2166 2167
4 2168 2169 2170 2171
4 2172 2173 2174 2175
4 2176 2177 2178 2179
4 2180 2181 2182 2183
4 2184 2185 2186 2187
4 2188 2189 2190 2191
4 2192 2193 2194 2195
4 2196 2197 2198 2199
4 2200 2201 2202 2203
4 2204 2205 2206 2207
4 2208 2209 2210 2211
4 2212 2213 2214 2215
4 2216 2217 2218 2219
4 2220 2221 2222 2223
4 2224 2225 2226 2227
4 2228 2229 2230 2231
4 2232 2233 2234 2235
4 2236 2237 2238 2239
4 2240 2241 2242 2243
4 2244 2245 2246 2247
4 2248 2249 2250 2251
4 2252 2253 2254 2255
4 2256 2257 2258 2259
4 2260 2261 2262 2263
4 2264 2265 2266 2267
4 2268 2269 2270 2271
4 2272 2273 2274 2275
4 2276 2277 2278 2279
4 2280 2281 2282 2283
4 2284 2285 2286 2287
4 2288 2289 2290 2291
4 2292 2293 2294 2295
4 2296 2297 2298 2299
4 2300 2301 2302 2303
4 2304 2305 2306 2307
4 2308 2309 2310 2311
4 2312 2313 2314 2315
4 2316 2317 2318 2319
4 2320 2321 2322 2323
4 2324 2325 2326 2327
4 2328 2329 2330 2331
4 2332 2333 2334 2335
4 2336 2337 2338 2339
4 2340 2341 2342 2343
4 2344 2345 2346 2347
4 2348 2349 2350 2351
4 2352 2353 2354 2355
4 2356 2357 2358 2359
4 2360 2361 2362 2363
4 2364 2365 2366 2367
4 2368 2369 2370 2371
4 2372 2373 2374 2375
4 2376 2377 2378 2379
4 2380 2381 2382 2383
4 2384 2385 2386 2387
4 2388 2389 2390 2391
4 2392 2393 2394 2395
4 2396 2397 2398 2399
4 2400 2401 2402 2403
4 2404 2405 2406 2407
4 2408 2409 2410 2411
4 2412 2413 2414 2415
4 2416 2417 2418 2419
4 2420 2421 2422 2423
4 2424 2425 2426 2427
4 2428 2429 2430 2431
4 2432 2433 2434 2435
4 2436 2437 2438 2439
4 2440 2441 2442 2443
4 2444 2445 2446 2447
4 2448 2449 2450 2451
4 2452 2453 2454 2455
4 2456 2457 2458 2459
4 2460 2461 2462 2463
4 2464 2465 2466 2467
4 2468 2469 2470 2471
4 2472 2473 2474 2475
4 2476 2477 2478 2479
4 2480 2481 2482 2483
4 2484 2485 2486 2487
4 2488 2489 2490 2491
4 2492 2493 2494 2495
4 2496 2497 2498 2499
4 2500 2501 2502 2503
4 2504 2505 2506 2507
4 2508 2509 2510 2511
4 2512 2513 2514 2515
4 2516 2517 2518 2519
4 2520 2521 2522 2523
4 2524 2525 2526 2527
4 2528 2529 2530 2531
4 2532 2533 2534 2535
4 2536 2537 2538 2539
4 2540 2541 2542 2543
4 2544 2545 2546 2547
4 2548 2549 2550 2551
4 2552 2553 2554 2555
4 2556 2557 2558 2559
4 2560 2561 2562 2563
4 2564 2565 2566 2567
4 2568 2569 2570 2571
4 2572 2573 2574 2575
4 2576 2577 2578 2579
4 2580 2581 2582 2583
4 2584 2585 2586 2587
4 2588 2589 2590 2591
4 2592 2593 2594 2595
4 2596 2597 2598 2599
4 2600 2601 2602 2603
4 2604 2605 2606 2607
4 2608 2609 2610 2611
4 2612 2613 2614 2615
4 2616 2617 2618 2619
4 2620 2621 2622 2623
4 2624 2625 2626 2627
4 2628 2629 2630 2631
4 2632 2633 2634 2635
4 2636 2637 2638 2639
4 2640 2641 2642 2643
4 2644 2645 2646 2647
4 2648 2649 2650 2651
4 2652 2653 2654 2655
4 2656 2657 2658 2659
4 2660 2661 2662 2663
4 2664 2665 2666 2667
4 2668 2669 2670 2671
4 2672 2673 2674 2675
4 2676 2677 2678 2679
4 2680 2681 2682 2683
4 2684 2685 2686 2687
4 2688 2689 2690 2691
4 2692 2693 2694 2695
4 2696 2697 2698 2699
4 2700 2701 2702 2703
4 2704 2705 2706 2707
4 2708 2709 2710 2711
4 2712 2713 2714 2715
4 2716 2717 2718 2719
4 2720 2721 2722 2723
4 2724 2725 2726 2727
4 2728 2729 2730 2731
4 2732 2733 2734 2735
4 2736 2737 2738 2739
4 2740 2741 2742 2743
4 2744 2745 2746 2747
4 2748 2749 2750 2751
4 2752 2753 2754 2755
4 2756 2757 2758 2759
4 2760 2761 2762 2763
4 2764 2765 2766 2767
4 2768 2769 2770 2771
4 2772 2773 2774 2775
4 2776 2777 2778 2779
4 2780 2781 2782 2783
4 2784 2785 2786 2787
4 2788 2789 2790 2791
4 2792 2793 2794 2795
4 2796 2797 2798 2799
4 2800 2801 2802 2803
4 2804 2805 2806 2807
4 2808 2809 2810 2811
4 2812 2813 2814 2815
4 2816 2817 2818 2819
4 2820 2821 2822 2823
4 2824 2825 2826 2827
4 2828 2829 2830 2831
4 2832 2833 2834 2835
4 2836 2837 2838 2839
4 2840 2841 2842 2843
4 2844 2845 2846 2847
4 2848 2849 2850 2851
4 2852 2853 2854 2855
4 2856 2857 2858 2859
4 2860 2861 2862 2863
4 2864 2865 2866 2867
4 2868 2869 2870 2871
4 2872 2873 2874 2875
4 2876 2877 2878 2879
4 2880 2881 2882 2883
4 2884 2885 2886 2887
4 2888 2889 2890 2891
4 2892 2893 2894 2895
4 2896 2897 2898 2899
4 2900 2901 2902 2903
4 2904 2905 2906 2907
4 2908 2909 2910 2911
4 2912 2913 2914 2915
4 2916 2917 2918 2919
4 2920 2921 2922 2923
4 2924 2925 2926 2927
4 2928 2929 2930 2931
4 2932 2933 2934 2935
4 2936 2937 2938 2939
4 2940 2941 2942 2943
4 2944 2945 2946 2947
4 2948 2949 2950 2951
4 2952 2953 2954 2955
4 2956 2957 2958 2959
4 2960 2961 2962 2963
4 2964 2965 2966 2967
4 2968 2969 2970 2971
4 2972 2973 2974 2975
4 2976 2977 2978 2979
4 2980 2981 2982 2983
4 2984 2985 2986 2987
4 2988 2989 2990 2991
4 2992 2993 2994 2995
4 2996 2997 2998 2999
4 3000 3001 3002 3003
4 3004 3005 3006 3007
4 3008 3009 3010 3011
4 3012 3013 3014 3015
4 3016 3017 3018 3019
4 3020 3021 3022 3023
4 3024 3025 3026 3027
4 3028 3029 3030 3031
4 3032 3033 3034 3035
4 3036 3037 3038 3039
4 3040 3041 3042 3043
4 3044 3045 3046 3047
4 3048 3049 3050 3051
4 3052 3053 3054 3055
4 3056 3057 3058 3059
4 3060 3061 3062 3063
4 3064 3065 3066 3067
4 3068 3069 3070 3071
4 3072 3073 3074 3075
4 3076 3077 3078 3079
4 3080 3081 3082 3083
4 3084 3085 3086 3087
4 3088 3089 3090 3091
4 3092 3093 3094 3095
4 3096 3097 3098 3099
4 3100 3101 3102 3103
4 3104 3105 3106 3107
4 3108 3109 3110 3111
4 3112 3113 3114 3115
4 3116 3117 3118 3119
4 3120 3121 3122 3123
4 3124 3125 3126 3127
4 3128 3129 3130 3131
4 3132 3133 3134 3135
4 3136 3137 3138 3139
4 3140 3141 3142 3143
4 3144 3145 3146 3147
4 3148 3149 3150 3151
4 3152 3153 3154 3155
4 3156 3157 3158 3159
4 3160 3161 3162 3163
4 3164 3165 3166 3167
4 3168 3169 3170 3171
4 3172 3173 3174 3175
4 3176 3177 3178 3179
4 3180 3181 3182 3183
4 3184 3185 3186 3187
4 3188 3189 3190 3191
4 3192 3193 3194 3195
4 3196 3197 3198 3199
4 3200 3201 3202 3203
4 3204 3205 3206 3207
4 3208 3209 3210 3211
4 3212 3213 3214 3215
4 3216 3217 3218 3219
4 3220 3221 3222 3223
4 3224 3225 3226 3227
4 3228 3229 3230 3231
4 3232 3233 3234 3235
4 3236 3237 3238 3239
4 3240 3241 3242 3243
4 3244 3245 3246 3247
4 3248 3249 3250 3251
4 3252 3253 3254 3255
4 3256 3257 3258 3259
4 3260 3261 3262 3263
4 3264 3265 3266 3267
4 3268 3269 3270 3271
4 3272 3273 3274 3275
4 3276 3277 3278 3279
4 3280 3281 3282 3283
4 3284 3285 3286 3287
4 3288 3289 3290 3291
4 3292 3293 3294 3295
4 3296 3297 3298 3299
4 3300 3301 3302 3303
4 3304 3305 3306 3307
4 3308 3309 3310 3311
4 3312 3313 3314 3315
4 3316 3317 3318 3319
4 3320 3321 3322 3323
4 3324 3325 3326 3327
4 3328 3329 3330 3331
4 3332 3333 3334 3335
4 3336 3337 3338 3339
4 3340 3341 3342 3343
4 3344 3345 3346 3347
4 3348 3349 3350 3351
4 3352 3353 3354 3355
4 3356 3357 3358 3359
4 3360 3361 3362 3363
4 3364 3365 3366 3367
4 3368 3369 3370 3371
4 3372 3373 3374 3375
4 3376 3377 3378 3379
4 3380 3381 3382 3383
4 3384 3385 3386 3387
4 3388 3389 3390 3391
4 3392 3393 3394 3395
4 3396 3397 3398 3399
4 3400 3401 3402 3403
4 3404 3405 3406 3407
4 3408 3409 3410 3411
4 3412 3413 3414 3415
4 3416 3417 3418 3419
4 3420 3421 3422 3423
4 3424 3425 3426 3427
4 3428 3429 3430 3431
4 3432 3433 3434 3435
4 3436 3437 3438 3439
4 3440 3441 3442 3443
4 3444 3445 3446 3447
4 3448 3449 3450 3451
4 3452 3453 3454 3455
4 3456 3457 3458 3459
4 3460 3461 3462 3463
4 3464 3465 3466 3467
4 3468 3469 3470 3471
4 3472 3473 3474 3475
4 3476 3477 3478 3479
4 3480 3481 3482 3483
4 3484 3485 3486 3487
4 3488 3489 3490 3491
4 3492 3493 3494 3495
4 3496 3497 3498 3499
4 3500 3501 3502 3503
4 3504 3505 3506 3507
4 3508 3509 3510 3511
4 3512 3513 3514 3515
4 3516 3517 3518 3519
4 3520 3521 3522 3523
4 3524 3525 3526 3527
4 3528 3529 3530 3531
4 3532 3533 3534 3535
4 3536 3537 3538 3539
4 3540 3541 3542 3543
4 3544 3545 3546 3547
4 3548 3549 3550 3551
4 3552 3553 3554 3555
4 3556 3557 3558 3559
4 3560 3561 3562 3563
4 3564 3565 3566 3567
4 3568 3569 3570 3571
4 3572 3573 3574 3575
4 3576 3577 3578 3579
4 3580 3581 3582 3583
4 3584 3585 3586 3587
4 3588 3589 3590 3591
4 3592 3593 3594 3595
4 3596 3597 3598 3599
4 3600 3601 3602 3603
4 3604 3605 3606 3607
4 3608 3609 3610 3611
4 3612 3613 3614 3615
4 3616 3617 3618 3619
4 3620 3621 3622 3623
4 3624 3625 3626 3627
4 3628 3629 3630 3631
4 3632 3633 3634 3635
4 3636 3637 3638 3639
4 3640 3641 3642 3643
4 3644 3645 3646 3647
4 3648 3649 3650 3651
4 3652 3653 3654 3655
4 3656 3657 3658 3659
4 3660 3661 3662 3663
4 3664 3665 3666 3667
4 3668 3669 3670 3671
4 3672 3673 3674 3675
4 3676 3677 3678 3679
4 3680 3681 3682 3683
4 3684 3685 3686 3687
4 3688 3689 3690 3691
4 3692 3693 3694 3695
CELL_TYPES 924
9
9
9
9
9
9
9
9
9
9
9
9
9
9
9
9
9
9
9
9
9
9
9
9
9
9
9
9
9
9
9
9
9
9
9
9
9
9
9
9
9
9
9
9
9
9
9
9
9
9
9
9
9
9
9
9
9
9
9
9
9
9
9
9
9
9
9
9
9
9
9
9
9
9
9
9
9
9
9
9
9
9
9
9
9
9
9
9
9
9
9
9
9
9
9
9
9
9
9
9
9
9
9
9
9
9
9
9
9
9
9
9
9
9
9
9
9
9
9
9
9
9
9
9
9
9
9
9
9
9
9
9
9
9
9
9
9
9
9
9
9
9
9
9
9
9
9
9
9
9
9
9
9
9
9
9
9
9
9
9
9
9
9
9
9
9
9
9
9
9
9
9
9
9
9
9
9
9
9
9
9
9
9
9
9
9
9
9
9
9
9
9
9
9
9
9
9
9
9
9
9
9
9
9
9
9
9
9
9
9
9
9
9
9
9
9
9
9
9
9
9
9
9
9
9
9
9
9
9
9
9
9
9
9
9
9
9
9
9
9
9
9
9
9
9
9
9
9
9
9
9
9
9
9
9
9
9
9
9
9
9
9
9
9
9
9
9
9
9
9
9
9
9
9
9
9
9
9
9
9
9
9
9
9
9
9
9
9
9
9
9
9
9
9
9
9
9
9
9
9
9
9
9
9
9
9
9
9
9
9
9
9
9
9
9
9
9
9
9
9
9
9
9
9
9
9
9
9
9
9
9
9
9
9
9
9
9
9
9
9
9
9
9
9
9
9
9
9
9
9
9
9
9
9
9
9
9
9
9
9
9
9
9
9
9
9
9
9
9
9
9
9
9
9
9
9
9
9
9
9
9
9
9
9
9
9
9
9
9
9
9
9
9
9
9
9
9
9
9
9
9
9
9
9
9
9
9
9
9
9
9
9
9
9
9
9
9
9
9
9
9
9
9
9
9
9
9
9
9
9
9
9
9
9
9
9
9
9
9
9
9
9
9
9
9
9
9
9
9
9
9
9
9
9
9
9
9
9
9
9
9
9
9
9
9
9
9
9
9
9
9
9
9
9
9
9
9
9
9
9
9
9
9
9
9
9
9
9
9
9
9
9
9
9
9
9
9
9
9
9
9
9
9
9
9
9
9
9
9
9
9
9
9
9
9
9
9
9
9
9
9
9
9
9
9
9
9
9
9
9
9
9
9
9
9
9
9
9
9
9
9
9
9
9
9
9
9
9
9
9
9
9
9
9
9
9
9
9
9
9
9
9
9
9
9
9
9
9
9
9
9
9
9
9
9
9
9
9
9
9
9
9
9
9
9
9
9
9
9
9
9
9
9
9
9
9
9
9
9
9
9
9
9
9
9
9
9
9
9
9
9
9
9
9
9
9
9
9
9
9
9
9
9
9
9
9
9
9
9
9
9
9
9
9
9
9
9
9
9
9
9
9
9
9
9
9
9
9
9
9
9
9
9
9
9
9
9
9
9
9
9
9
9
9
9
9
9
9
9
9
9
9
9
9
9
9
9
9
9
9
9
9
9
9
9
9
9
9
9
9
9
9
9
9
9
9
9
9
9
9
9
9
9
9
9
9
9
9
9
9
9
9
9
9
9
9
9
9
9
9
9
9
9
9
9
9
9
9
9
9
9
9
9
9
9
9
9
9
9
9
9
9
9
9
9
9
9
9
9
9
9
9
9
9
9
9
9
9
9
9
9
9
9
9
9
9
9
9
9
9
9
9
9
9
9
9
9
9
9
9
9
9
9
9
9
9
9
9
9
9
9
9
9
9
9
9
9
9
9
9
9
9
9
9
9
9
9
9
9
9
9
9
9
9
9
9
9
9
9
9
9
9
9
9
9
9
9
9
9
9
9
9
9
9
9
9
9
9
9
9
9
9
9
9
9
9
9
9
9
9
9
9
9
9
9
9
9
9
9
9
9
9
9
9
9
9
9
9
9
9
9
9
9
9
9
9
9
9
9
9
9
9
9
9
9
9
9
9
9
9
9
9
9
9
9
9
9
9
9
9
9
9
9
9
9
9
9
9
9
9
9
9
9
9
9
9
9
9
9
9
9
9
9
9
CELL_DATA 924
SCALARS area double 1
LOOKUP_TABLE default
1.47699e-05
1.49382e-05
1.5049e-05
1.51201e-05
1.47426e-05
1.32065e-05
1.50316e-05
1.49439e-05
1.48879e-05
1.48542e-05
2.43954e-05
2.46848e-05
2.49071e-05
2.50781e-05
2.45828e-05
2.05427e-05
2.50338e-05
2.47627e-05
2.46296e-05
2.45426e-05
2.61753e-05
2.65082e-05
2.68043e-05
2.70685e-05
2.6708e-05
2.04368e-05
2.71451e-05
2.67203e-05
2.65086e-05
2.63609e-05
2.73205e-05
2.76515e-05
2.79631e-05
2.82609e-05
2.80428e-05
1.97828e-05
2.83836e-05
2.79364e-05
2.76952e-05
2.75224e-05
2.82655e-05
2.85541e-05
2.88259e-05
2.90971e-05
2.89819e-05
1.89981e-05
2.91822e-05
2.8821e-05
2.86078e-05
2.8452e-05
2.9008e-05
2.9255e-05
2.94866e-05
2.97273e-05
2.96865e-05
1.81951e-05
2.9795e-05
2.95053e-05
2.93187e-05
2.91793e-05
2.95332e-05
2.97413e-05
2.99352e-05
3.01452e-05
3.0158e-05
1.74318e-05
3.02066e-05
2.99777e-05
2.98152e-05
2.9691e-05
2.98967e-05
3.007e-05
3.02302e-05
3.04112e-05
3.04589e-05
1.67616e-05
3.0469e-05
3.02897e-05
3.01497e-05
3.00403e-05
3.00636e-05
3.02068e-05
3.03386e-05
3.04937e-05
3.05641e-05
1.61568e-05
3.05458e-05
3.04069e-05
3.02875e-05
3.01925e-05
3.00604e-05
3.01777e-05
3.02855e-05
3.04181e-05
3.05023e-05
1.56144e-05
3.04629e-05
3.03571e-05
3.02561e-05
3.01745e-05
2.98804e-05
2.99757e-05
3.00639e-05
3.01773e-05
3.02701e-05
1.51099e-05
3.02127e-05
3.01336e-05
3.00492e-05
2.998e-05
2.95795e-05
2.96567e-05
2.97294e-05
2.9827e-05
2.99243e-05
1.46326e-05
2.98477e-05
2.97901e-05
2.97211e-05
2.9664e-05
2.91194e-05
2.91814e-05
2.92418e-05
2.93264e-05
2.94261e-05
1.41262e-05
2.93321e-05
2.92912e-05
2.92357e-05
2.91894e-05
2.85132e-05
2.85619e-05
2.86115e-05
2.86844e-05
2.87849e-05
1.35853e-05
2.8681e-05
2.8653e-05
2.86083e-05
2.85709e-05
2.78173e-05
2.78549e-05
2.78953e-05
2.79574e-05
2.80555e-05
1.30276e-05
2.79476e-05
2.7929e-05
2.78936e-05
2.78638e-05
2.70021e-05
2.70304e-05
2.70632e-05
2.71159e-05
2.72108e-05
1.24407e-05
2.71024e-05
2.70907e-05
2.70627e-05
2.70392e-05
2.60896e-05
2.61098e-05
2.61358e-05
2.61799e-05
2.62705e-05
1.18374e-05
2.61662e-05
2.61596e-05
2.61374e-05
2.61188e-05
2.50863e-05
2.51e-05
2.51203e-05
2.51564e-05
2.52409e-05
1.1219e-05
2.5144e-05
2.51409e-05
2.51235e-05
2.51089e-05
2.40394e-05
2.4048e-05
2.40637e-05
2.40931e-05
2.41716e-05
1.06086e-05
2.40817e-05
2.40811e-05
2.40676e-05
2.40564e-05
2.29236e-05
2.29282e-05
2.29399e-05
2.29631e-05
2.30345e-05
9.98791e-06
2.29541e-05
2.29552e-05
2.29447e-05
2.29361e-05
2.17538e-05
2.17549e-05
2.17622e-05
2.17796e-05
2.18426e-05
9.38499e-06
2.1775e-05
2.17761e-05
2.17676e-05
2.17614e-05
2.05775e-05
2.05776e-05
2.05827e-05
2.05962e-05
2.06512e-05
8.80908e-06
2.05929e-05
2.05949e-05
2.05883e-05
2.05835e-05
1.93725e-05
1.93719e-05
1.93752e-05
1.93854e-05
1.94331e-05
8.23305e-06
1.93835e-05
1.93861e-05
1.9381e-05
1.93772e-05
1.81609e-05
1.81598e-05
1.81618e-05
1.81691e-05
1.82094e-05
7.66534e-06
1.81686e-05
1.81715e-05
1.81676e-05
1.81646e-05
1.69458e-05
1.69444e-05
1.69452e-05
1.69501e-05
1.69834e-05
7.11125e-06
1.69509e-05
1.6954e-05
1.6951e-05
1.69487e-05
1.57679e-05
1.57663e-05
1.57664e-05
1.57693e-05
1.57962e-05
6.5822e-06
1.57709e-05
1.57741e-05
1.57718e-05
1.577e-05
1.46123e-05
1.46106e-05
1.46101e-05
1.46113e-05
1.46324e-05
6.07267e-06
1.46138e-05
1.4617e-05
1.46152e-05
1.46139e-05
1.35009e-05
1.34991e-05
1.34981e-05
1.34981e-05
1.35139e-05
5.59263e-06
1.35012e-05
1.35043e-05
1.3503e-05
1.35019e-05
1.24402e-05
1.24384e-05
1.24372e-05
1.24361e-05
1.24472e-05
5.13976e-06
1.24396e-05
1.24426e-05
1.24417e-05
1.24409e-05
1.09935e-05
1.09919e-05
1.09906e-05
1.09888e-05
1.09955e-05
4.53543e-06
1.09924e-05
1.09952e-05
1.09946e-05
1.09939e-05
2.53092e-06
2.53055e-06
2.53021e-06
2.52973e-06
2.53091e-06
1.04341e-06
2.53059e-06
2.53123e-06
2.53111e-06
2.53099e-06
2.03189e-06
2.03157e-06
2.03127e-06
2.03083e-06
2.03177e-06
8.38623e-07
2.03158e-06
2.03211e-06
2.03201e-06
2.0319e-06
1.98668e-06
1.98588e-06
1.98533e-06
1.98536e-06
1.99077e-06
8.60075e-07
1.98573e-06
1.9863e-06
1.98612e-06
1.98597e-06
1.93337e-06
1.9314e-06
1.93015e-06
1.93095e-06
1.94562e-06
9.18488e-07
1.93067e-06
1.93133e-06
1.931e-06
1.93078e-06
1.85052e-06
1.84672e-06
1.84436e-06
1.84628e-06
1.87526e-06
9.98221e-07
1.84497e-06
1.84577e-06
1.84523e-06
1.84491e-06
1.73905e-06
1.73227e-06
1.72802e-06
1.73144e-06
1.78199e-06
1.10287e-06
1.72868e-06
1.7297e-06
1.72887e-06
1.7284e-06
1.58908e-06
1.5774e-06
1.56999e-06
1.57584e-06
1.66131e-06
1.24286e-06
1.57066e-06
1.57205e-06
1.57076e-06
1.57007e-06
1.37846e-06
1.35623e-06
1.34189e-06
1.35267e-06
1.50926e-06
1.46875e-06
1.3425e-06
1.34469e-06
1.34243e-06
1.34127e-06
1.04684e-06
9.88736e-07
9.49604e-07
9.78104e-07
1.34992e-06
1.94153e-06
9.50007e-07
9.5525e-07
9.49489e-07
9.46583e-07
4.04101e-07
3.71837e-07
3.49383e-07
3.64931e-07
5.60654e-07
8.85022e-07
3.49193e-07
3.52108e-07
3.48958e-07
3.47385e-07
1.48088e-05
2.44408e-05
2.62073e-05
2.7347e-05
2.82895e-05
2.90296e-05
2.95538e-05
2.99164e-05
3.00824e-05
3.0078e-05
2.98969e-05
2.95944e-05
2.91325e-05
2.85248e-05
2.78274e-05
2.7011e-05
2.60973e-05
2.50931e-05
2.40453e-05
2.29289e-05
2.17583e-05
2.05809e-05
1.93751e-05
1.81628e-05
1.69471e-05
1.57687e-05
1.46127e-05
1.35009e-05
1.24401e-05
1.09933e-05
2.53087e-06
2.03181e-06
1.98587e-06
1.93067e-06
1.84479e-06
1.72827e-06
1.56992e-06
1.34106e-06
9.46127e-07
3.47156e-07
9.22269e-06
6.6191e-06
6.06052e-06
6.42851e-06
1.02636e-05
2.01939e-05
7.94175e-06
4.43643e-06
4.38959e-06
4.11555e-06
2.34169e-06
1.92383e-09
1.47322e-09
1.27519e-09
1.37849e-09
2.27552e-09
3.89288e-09
7.88101e-10
7.29054e-10
7.46697e-10
6.98962e-10
6.33742e-10
1.47699e-05
1.49382e-05
1.5049e-05
1.51201e-05
1.47426e-05
1.32065e-05
1.50316e-05
1.49439e-05
1.48879e-05
1.48542e-05
2.43954e-05
2.46848e-05
2.49071e-05
2.50781e-05
2.45828e-05
2.05427e-05
2.50338e-05
2.47627e-05
2.46296e-05
2.45426e-05
2.61753e-05
2.65082e-05
2.68043e-05
2.70685e-05
2.6708e-05
2.04368e-05
2.71451e-05
2.67203e-05
2.65086e-05
2.63609e-05
2.73205e-05
2.76515e-05
2.79631e-05
2.82609e-05
2.80428e-05
1.97828e-05
2.83836e-05
2.79364e-05
2.76952e-05
2.75224e-05
2.82655e-05
2.85541e-05
2.88259e-05
2.90971e-05
2.89819e-05
1.89981e-05
2.91822e-05
2.8821e-05
2.86078e-05
2.8452e-05
2.9008e-05
2.9255e-05
2.94866e-05
2.97273e-05
2.96865e-05
1.81951e-05
2.9795e-05
2.95053e-05
2.93187e-05
2.91793e-05
2.95332e-05
2.97413e-05
2.99352e-05
3.01452e-05
3.0158e-05
1.74318e-05
3.02066e-05
2.99777e-05
2.98152e-05
2.9691e-05
2.98967e-05
3.007e-05
3.02302e-05
3.04112e-05
3.04589e-05
1.67616e-05
3.0469e-05
3.02897e-05
3.01497e-05
3.00403e-05
3.00636e-05
3.02068e-05
3.03386e-05
3.04937e-05
3.05641e-05
1.61568e-05
3.05458e-05
3.04069e-05
3.02875e-05
3.01925e-05
3.00604e-05
3.01777e-05
3.02855e-05
3.04181e-05
3.05023e-05
1.56144e-05
3.04629e-05
3.03571e-05
3.02561e-05
3.01745e-05
2.98804e-05
2.99757e-05
3.00639e-05
3.01773e-05
3.02701e-05
1.51099e-05
3.02127e-05
3.01336e-05
3.00492e-05
2.998e-05
2.95795e-05
2.96567e-05
2.97294e-05
2.9827e-05
2.99243e-05
1.46326e-05
2.98477e-05
2.97901e-05
2.97211e-05
2.9664e-05
2.91194e-05
2.91814e-05
2.92418e-05
2.93264e-05
2.94261e-05
1.41262e-05
2.93321e-05
2.92912e-05
2.92357e-05
2.91894e-05
2.85132e-05
2.85619e-05
2.86115e-05
2.86844e-05
2.87849e-05
1.35853e-05
2.8681e-05
2.8653e-05
2.86083e-05
2.85709e-05
2.78173e-05
2.78549e-05
2.78953e-05
2.79574e-05
2.80555e-05
1.30276e-05
2.79476e-05
2.7929e-05
2.78936e-05
2.78638e-05
2.70021e-05
2.70304e-05
2.70632e-05
2.71159e-05
2.72108e-05
1.24407e-05
2.71024e-05
2.70907e-05
2.70627e-05
2.70392e-05
2.60896e-05
2.61098e-05
2.61358e-05
2.61799e-05
2.62705e-05
1.18374e-05
2.61662e-05
2.61596e-05
2.61374e-05
2.61188e-05
2.50863e-05
2.51e-05
2.51203e-05
2.51564e-05
2.52409e-05
1.1219e-05
2.5144e-05
2.51409e-05
2.51235e-05
2.51089e-05
2.40394e-05
2.4048e-05
2.40637e-05
2.40931e-05
2.41716e-05
1.06086e-05
2.40817e-05
2.40811e-05
2.40676e-05
2.40564e-05
2.29236e-05
2.29282e-05
2.29399e-05
2.29631e-05
2.30345e-05
9.98791e-06
2.29541e-05
2.29552e-05
2.29447e-05
2.29361e-05
2.17538e-05
2.17549e-05
2.17622e-05
2.17796e-05
2.18426e-05
9.38499e-06
2.1775e-05
2.17761e-05
2.17676e-05
2.17614e-05
2.05775e-05
2.05776e-05
2.05827e-05
2.05962e-05
2.06512e-05
8.80908e-06
2.05929e-05
2.05949e-05
2.05883e-05
2.05835e-05
1.93725e-05
1.93719e-05
1.93752e-05
1.93854e-05
1.94331e-05
8.23305e-06
1.93835e-05
1.93861e-05
1.9381e-05
1.93772e-05
1.81609e-05
1.81598e-05
1.81618e-05
1.81691e-05
1.82094e-05
7.66534e-06
1.81686e-05
1.81715e-05
1.81676e-05
1.81646e-05
1.69458e-05
1.69444e-05
1.69452e-05
1.69501e-05
1.69834e-05
7.11125e-06
1.69509e-05
1.6954e-05
1.6951e-05
1.69487e-05
1.57679e-05
1.57663e-05
1.57664e-05
1.57693e-05
1.57962e-05
6.5822e-06
1.57709e-05
1.57741e-05
1.57718e-05
1.577e-05
1.46123e-05
1.46106e-05
1.46101e-05
1.46113e-05
1.46324e-05
6.07267e-06
1.46138e-05
1.4617e-05
1.46152e-05
1.46139e-05
1.35009e-05
1.34991e-05
1.34981e-05
1.34981e-05
1.35139e-05
5.59263e-06
1.35012e-05
1.35043e-05
1.3503e-05
1.35019e-05
1.24402e-05
1.24384e-05
1.24372e-05
1.24361e-05
1.24472e-05
5.13976e-06
1.24396e-05
1.24426e-05
1.24417e-05
1.24409e-05
1.09935e-05
1.09919e-05
1.09906e-05
1.09888e-05
1.09955e-05
4.53543e-06
1.09924e-05
1.09952e-05
1.09946e-05
1.09939e-05
2.53092e-06
2.53055e-06
2.53021e-06
2.52973e-06
2.53091e-06
1.04341e-06
2.53059e-06
2.53123e-06
2.53111e-06
2.53099e-06
2.03189e-06
2.03157e-06
2.03127e-06
2.03083e-06
2.03177e-06
8.38623e-07
2.03158e-06
2.03211e-06
2.03201e-06
2.0319e-06
1.98668e-06
1.98588e-06
1.98533e-06
1.98536e-06
1.99077e-06
8.60075e-07
1.98573e-06
1.9863e-06
1.98612e-06
1.98597e-06
1.93337e-06
1.9314e-06
1.93015e-06
1.93095e-06
1.94562e-06
9.18488e-07
1.93067e-06
1.93133e-06
1.931e-06
1.93078e-06
1.85052e-06
1.84672e-06
1.84436e-06
1.84628e-06
1.87526e-06
9.98221e-07
1.84497e-06
1.84577e-06
1.84523e-06
1.84491e-06
1.73905e-06
1.73227e-06
1.72802e-06
1.73144e-06
1.78199e-06
1.10287e-06
1.72868e-06
1.7297e-06
1.72887e-06
1.7284e-06
1.58908e-06
1.5774e-06
1.56999e-06
1.57584e-06
1.66131e-06
1.24286e-06
1.57066e-06
1.57205e-06
1.57076e-06
1.57007e-06
1.37846e-06
1.35623e-06
1.34189e-06
1.35267e-06
1.50926e-06
1.46875e-06
1.3425e-06
1.34469e-06
1.34243e-06
1.34127e-06
1.04684e-06
9.88736e-07
9.49604e-07
9.78104e-07
1.34992e-06
1.94153e-06
9.50007e-07
9.5525e-07
9.49489e-07
9.46583e-07
4.04101e-07
3.71837e-07
3.49383e-07
3.64931e-07
5.60654e-07
8.85022e-07
3.49193e-07
3.52108e-07
3.48958e-07
3.47385e-07
1.48088e-05
2.44408e-05
2.62073e-05
2.7347e-05
2.82895e-05
2.90296e-05
2.95538e-05
2.99164e-05
3.00824e-05
3.0078e-05
2.98969e-05
2.95944e-05
2.91325e-05
2.85248e-05
2.78274e-05
2.7011e-05
2.60973e-05
2.50931e-05
2.40453e-05
2.29289e-05
2.17583e-05
2.05809e-05
1.93751e-05
1.81628e-05
1.69471e-05
1.57687e-05
1.46127e-05
1.35009e-05
1.24401e-05
1.09933e-05
2.53087e-06
2.03181e-06
1.98587e-06
1.93067e-06
1.84479e-06
1.72827e-06
1.56992e-06
1.34106e-06
9.46127e-07
3.47156e-07
9.22269e-06
6.6191e-06
6.06052e-06
6.42851e-06
1.02636e-05
2.01939e-05
7.94175e-06
4.43643e-06
4.38959e-06
4.11555e-06
2.34169e-06
1.92383e-09
1.47322e-09
1.27519e-09
1.37849e-09
2.27552e-09
3.89288e-09
7.88101e-10
7.29054e-10
7.46697e-10
6.98962e-10
6.33742e-10
SCALARS mu double 1
LOOKUP_TABLE default
59.0423
-2.87964e-11
64.2674
80.4732
84.1959
85.3139
85.2308
82.5154
70.8927
46.8936
77.3137
67.335
76.5729
83.8607
87.1715
88.5103
88.5348
85.9978
80.0817
71.9831
89.0413
85.6673
87.8948
90.8261
92.9776
94.4182
94.5804
92.767
89.8041
86.9273
98.6076
96.9316
97.4441
98.6692
100.055
101.403
101.622
100.312
98.626
97.3344
107.597
106.326
106.228
106.702
107.589
108.708
108.933
107.999
106.978
106.379
116.525
115.161
114.71
114.753
115.267
116.154
116.391
115.774
115.193
115.034
125.565
123.843
123.106
122.835
123.034
123.701
123.962
123.637
123.407
123.61
134.602
132.483
131.5
130.967
130.886
131.354
131.643
131.59
131.666
132.184
143.335
141.098
139.923
139.164
138.827
139.119
139.439
139.642
139.99
140.76
152.101
149.744
148.405
147.443
146.869
147.006
147.359
147.802
148.396
149.385
160.962
158.463
156.97
155.821
155.028
155.029
155.414
156.082
156.902
158.092
169.942
167.289
165.648
164.325
163.33
163.212
163.624
164.501
165.531
166.911
179.077
176.279
174.49
173
171.816
171.596
172.03
173.102
174.332
175.896
188.512
185.517
183.563
181.907
180.547
180.238
180.689
181.945
183.369
185.131
198.568
195.077
192.92
191.099
189.576
189.196
189.653
191.077
192.694
194.687
208.948
204.977
202.605
200.623
198.951
198.51
198.969
200.548
202.351
204.582
219.673
215.235
212.656
210.524
208.717
208.229
208.684
210.401
212.378
214.838
230.727
225.853
223.087
220.825
218.91
218.389
218.831
220.661
222.79
225.457
242.083
236.836
233.91
231.543
229.543
229.001
229.427
231.344
233.599
236.442
253.79
248.198
245.14
242.697
240.646
240.096
240.501
242.473
244.823
247.813
265.891
259.931
256.767
254.282
252.215
251.666
252.049
254.038
256.448
259.559
278.202
271.994
268.764
266.269
264.221
263.686
264.043
266.017
268.453
271.638
290.702
284.34
281.09
278.621
276.624
276.113
276.444
278.367
280.79
284.001
303.301
296.88
293.66
291.258
289.354
288.874
289.178
291.011
293.377
296.56
315.889
309.486
306.338
304.041
302.265
301.823
302.103
303.808
306.076
309.187
328.279
321.946
318.906
316.748
315.135
314.738
314.992
316.537
318.668
321.669
340.154
333.95
331.05
329.06
327.635
327.286
327.516
328.876
330.84
333.696
351.038
345.017
342.284
340.483
339.263
338.965
339.171
340.329
342.102
344.785
360.241
354.445
351.89
350.288
349.28
349.036
349.218
350.167
351.737
354.235
366.954
361.305
358.86
357.391
356.551
356.36
356.513
357.3
358.732
361.115
369.829
363.919
361.409
359.835
358.794
358.552
358.782
359.77
361.299
363.741
372.151
366.105
363.473
361.769
360.607
360.316
360.605
361.712
363.371
365.935
374.235
368.164
365.407
363.557
362.255
361.877
362.268
363.508
365.308
367.998
376.124
370.23
367.382
365.382
363.919
363.441
363.944
365.336
367.28
370.063
377.768
372.342
369.475
367.34
365.715
365.145
365.739
367.288
369.365
372.17
379.144
374.525
371.773
369.545
367.758
367.111
367.75
369.476
371.652
374.349
380.214
376.775
374.398
372.203
370.226
369.527
370.114
372.121
374.261
376.6
380.893
378.897
377.339
375.639
373.653
373.021
373.514
375.549
377.209
378.747
381.495
380.71
379.912
379.265
378.803
378.595
378.76
379.141
379.761
380.546
383.571
383.392
383.32
383.268
383.214
383.177
383.205
383.244
383.294
383.364
58.8239
77.0555
88.7311
98.2429
107.177
116.051
125.04
134.043
142.791
151.572
160.447
169.438
178.586
188.029
198.062
208.422
219.129
230.167
241.512
253.211
265.305
277.614
290.118
302.726
315.327
327.731
339.623
350.526
359.749
366.48
369.364
371.689
373.781
375.686
377.352
378.755
379.861
380.59
381.278
383.482
-38.3184
-36.8518
-62.6581
-78.8246
-82.2478
-83.5922
-83.1307
-81.0451
-67.1733
-46.0672
-41.4049
383.474
383.431
383.366
383.314
383.299
383.289
383.28
383.29
383.349
383.426
383.455
59.9086
4.75841e-11
65.1834
81.6122
85.3845
86.5179
86.4417
83.6932
71.9128
47.5772
78.4592
68.3124
77.6724
85.0578
88.412
89.7702
89.8035
87.2365
81.2423
73.0369
90.3661
86.9142
89.1626
92.1303
94.31
95.7725
95.9444
94.1103
91.1111
88.203
100.078
98.3433
98.8518
100.09
101.495
102.865
103.094
101.769
100.064
98.764
109.201
107.872
107.761
108.24
109.14
110.281
110.514
109.568
108.537
107.939
118.254
116.828
116.361
116.404
116.929
117.836
118.08
117.454
116.867
116.714
127.414
125.627
124.87
124.596
124.804
125.491
125.757
125.424
125.191
125.406
136.567
134.377
133.373
132.836
132.762
133.248
133.541
133.483
133.558
134.089
145.412
143.099
141.902
141.137
140.806
141.115
141.438
141.637
141.986
142.773
154.287
151.849
150.486
149.517
148.948
149.101
149.456
149.896
150.493
151.501
163.252
160.668
159.149
157.992
157.204
157.219
157.605
158.271
159.096
160.307
172.33
169.589
167.921
166.589
165.598
165.495
165.907
166.782
167.818
169.221
181.558
178.669
176.853
175.354
174.174
173.968
174.4
175.472
176.709
178.296
191.078
187.992
186.011
184.348
182.99
182.695
183.144
184.399
185.83
187.616
201.211
197.633
195.449
193.621
192.102
191.734
192.188
193.612
195.235
197.251
211.66
207.607
205.212
203.224
201.555
201.126
201.581
203.159
204.968
207.221
222.448
217.935
215.335
213.198
211.396
210.919
211.369
213.084
215.066
217.546
233.56
228.619
225.835
223.569
221.659
221.148
221.585
223.413
225.546
228.229
244.967
239.661
236.722
234.352
232.359
231.826
232.246
234.161
236.418
239.274
256.722
251.081
248.012
245.568
243.523
242.982
243.381
245.349
247.701
250.7
268.868
262.865
259.693
257.211
255.15
254.61
254.986
256.97
259.38
262.499
281.221
274.978
271.743
269.251
267.21
266.683
267.033
269.001
271.436
274.626
293.759
287.369
284.116
281.652
279.663
279.159
279.483
281.4
283.82
287.033
306.394
299.951
296.731
294.334
292.438
291.965
292.263
294.089
296.45
299.634
319.016
312.596
309.45
307.159
305.391
304.956
305.228
306.927
309.19
312.3
331.438
325.092
322.055
319.904
318.299
317.908
318.155
319.693
321.819
324.817
343.341
337.13
334.233
332.25
330.833
330.489
330.713
332.066
334.024
336.877
354.252
348.226
345.497
343.703
342.491
342.198
342.399
343.55
345.316
347.995
363.48
357.68
355.131
353.535
352.535
352.295
352.471
353.414
354.978
357.472
370.215
364.564
362.123
360.661
359.829
359.641
359.79
360.57
361.996
364.375
373.106
367.193
364.687
363.118
362.083
361.845
362.071
363.054
364.577
367.016
375.444
369.393
366.763
365.063
363.905
363.618
363.903
365.006
366.662
369.224
377.543
371.465
368.709
366.861
365.563
365.188
365.576
366.812
368.611
371.3
379.448
373.545
370.696
368.697
367.237
366.76
367.261
368.651
370.595
373.379
381.108
375.671
372.801
370.665
369.042
368.474
369.065
370.613
372.692
375.5
382.498
377.869
375.112
372.882
371.094
370.449
371.086
372.813
374.991
377.693
383.583
380.134
377.753
375.553
373.573
372.875
373.461
375.471
377.616
379.96
384.275
382.273
380.71
379.007
377.015
376.383
376.875
378.917
380.58
382.123
384.891
384.104
383.303
382.653
382.189
381.981
382.146
382.528
383.151
383.94
386.992
386.813
386.741
386.689
386.636
386.598
386.626
386.665
386.715
386.785
59.6903
78.201
90.056
99.7133
108.781
117.78
126.889
136.008
144.869
153.759
162.737
171.826
181.066
190.595
200.705
211.134
221.904
233
244.397
256.143
268.282
280.633
293.175
305.819
318.454
330.89
342.81
353.74
362.988
369.741
372.642
374.982
377.089
379.01
380.691
382.109
383.229
383.972
384.675
386.902
-38.8618
-37.3684
-63.5365
-79.9237
-83.3916
-84.7542
-84.2916
-82.1825
-68.1229
-46.722
-41.9943
386.895
386.851
386.787
386.735
386.72
386.71
386.701
386.711
386.77
386.847
386.876
