# vtk DataFile Version 3.0
Rotor blade panels
ASCII
DATASET UNSTRUCTURED_GRID
POINTS 3696 double
1.53634 1.13109 1.0976
1.54073 1.13144 1.09882
1.54081 1.13459 1.09836
1.53631 1.13417 1.09691
1.54073 1.13144 1.09882
1.54489 1.13199 1.1007
1.54505 1.13521 1.10047
1.54081 1.13459 1.09836
1.54489 1.13199 1.1007
1.54889 1.13263 1.10289
1.54909 1.13591 1.1029
1.54505 1.13521 1.10047
1.54889 1.13263 1.10289
1.55255 1.1334 1.10556
1.55278 1.13676 1.1058
1.54909 1.13591 1.1029
1.55255 1.1334 1.10556
1.55504 1.13446 1.10919
1.55533 1.13786 1.10961
1.55278 1.13676 1.1058
1.55504 1.13446 1.10919
1.553 1.13542 1.11253
1.55319 1.13882 1.11289
1.55533 1.13786 1.10961
1.553 1.13542 1.11253
1.5492 1.13475 1.11019
1.54938 1.13804 1.11023
1.55319 1.13882 1.11289
1.5492 1.13475 1.11019
1.54611 1.1338 1.10692
1.54624 1.13704 1.10678
1.54938 1.13804 1.11023
1.54611 1.1338 1.10692
1.54305 1.13284 1.10362
1.54313 1.13603 1.1033
1.54624 1.13704 1.10678
1.54305 1.13284 1.10362
1.53986 1.13191 1.10044
1.53988 1.13505 1.09994
1.54313 1.13603 1.1033
1.53631 1.13417 1.09691
1.54081 1.13459 1.09836
1.54083 1.13957 1.09764
1.5362 1.13904 1.0958
1.54081 1.13459 1.09836
1.54505 1.13521 1.10047
1.54513 1.14029 1.10013
1.54083 1.13957 1.09764
1.54505 1.13521 1.10047
1.54909 1.13591 1.1029
1.54921 1.14111 1.10295
1.54513 1.14029 1.10013
1.54909 1.13591 1.1029
1.55278 1.13676 1.1058
1.55289 1.14206 1.10622
1.54921 1.14111 1.10295
1.55278 1.13676 1.1058
1.55533 1.13786 1.10961
1.55546 1.14325 1.11032
1.55289 1.14206 1.10622
1.55533 1.13786 1.10961
1.55319 1.13882 1.11289
1.55318 1.14416 1.11345
1.55546 1.14325 1.11032
1.55319 1.13882 1.11289
1.54938 1.13804 1.11023
1.54942 1.14325 1.11031
1.55318 1.14416 1.11345
1.54938 1.13804 1.11023
1.54624 1.13704 1.10678
1.54626 1.14216 1.10656
1.54942 1.14325 1.11031
1.54624 1.13704 1.10678
1.54313 1.13603 1.1033
1.54311 1.14107 1.1028
1.54626 1.14216 1.10656
1.54313 1.13603 1.1033
1.53988 1.13505 1.09994
1.53982 1.14001 1.09915
1.54311 1.14107 1.1028
1.5362 1.13904 1.0958
1.54083 1.13957 1.09764
1.54069 1.14465 1.0969
1.53601 1.14399 1.09465
1.54083 1.13957 1.09764
1.54513 1.14029 1.10013
1.545 1.14549 1.09979
1.54069 1.14465 1.0969
1.54513 1.14029 1.10013
1.54921 1.14111 1.10295
1.54905 1.14642 1.10302
1.545 1.14549 1.09979
1.54921 1.14111 1.10295
1.55289 1.14206 1.10622
1.55268 1.14749 1.10667
1.54905 1.14642 1.10302
1.55289 1.14206 1.10622
1.55546 1.14325 1.11032
1.55519 1.14876 1.11106
1.55268 1.14749 1.10667
1.55546 1.14325 1.11032
1.55318 1.14416 1.11345
1.55278 1.14962 1.114
1.55519 1.14876 1.11106
1.55318 1.14416 1.11345
1.54942 1.14325 1.11031
1.54913 1.14857 1.1104
1.55278 1.14962 1.114
1.54942 1.14325 1.11031
1.54626 1.14216 1.10656
1.54601 1.14739 1.10634
1.54913 1.14857 1.1104
1.54626 1.14216 1.10656
1.54311 1.14107 1.1028
1.54289 1.14621 1.10228
1.54601 1.14739 1.10634
1.54311 1.14107 1.1028
1.53982 1.14001 1.09915
1.53961 1.14506 1.09832
1.54289 1.14621 1.10228
1.53601 1.14399 1.09465
1.54069 1.14465 1.0969
1.54046 1.14971 1.09611
1.53577 1.14894 1.09344
1.54069 1.14465 1.0969
1.545 1.14549 1.09979
1.54473 1.15066 1.09939
1.54046 1.14971 1.09611
1.545 1.14549 1.09979
1.54905 1.14642 1.10302
1.54871 1.15171 1.10299
1.54473 1.15066 1.09939
1.54905 1.14642 1.10302
1.55268 1.14749 1.10667
1.55223 1.15288 1.107
1.54871 1.15171 1.10299
1.55268 1.14749 1.10667
1.55519 1.14876 1.11106
1.55465 1.15423 1.11167
1.55223 1.15288 1.107
1.55519 1.14876 1.11106
1.55278 1.14962 1.114
1.55215 1.15502 1.11439
1.55465 1.15423 1.11167
1.55278 1.14962 1.114
1.54913 1.14857 1.1104
1.54865 1.15386 1.11039
1.55215 1.15502 1.11439
1.54913 1.14857 1.1104
1.54601 1.14739 1.10634
1.5456 1.15259 1.10603
1.54865 1.15386 1.11039
1.54601 1.14739 1.10634
1.54289 1.14621 1.10228
1.54254 1.15133 1.10167
1.5456 1.15259 1.10603
1.54289 1.14621 1.10228
1.53961 1.14506 1.09832
1.53932 1.15009 1.09743
1.54254 1.15133 1.10167
1.53577 1.14894 1.09344
1.54046 1.14971 1.09611
1.54018 1.15475 1.09521
1.53553 1.15386 1.09217
1.54046 1.14971 1.09611
1.54473 1.15066 1.09939
1.54437 1.15579 1.09882
1.54018 1.15475 1.09521
1.54473 1.15066 1.09939
1.54871 1.15171 1.10299
1.54825 1.15694 1.10275
1.54437 1.15579 1.09882
1.54871 1.15171 1.10299
1.55223 1.15288 1.107
1.55165 1.15819 1.10706
1.54825 1.15694 1.10275
1.55223 1.15288 1.107
1.55465 1.15423 1.11167
1.55396 1.15962 1.11197
1.55165 1.15819 1.10706
1.55465 1.15423 1.11167
1.55215 1.15502 1.11439
1.55142 1.16034 1.11447
1.55396 1.15962 1.11197
1.55215 1.15502 1.11439
1.54865 1.15386 1.11039
1.54807 1.15908 1.11014
1.55142 1.16034 1.11447
1.54865 1.15386 1.11039
1.5456 1.15259 1.10603
1.54512 1.15774 1.10552
1.54807 1.15908 1.11014
1.5456 1.15259 1.10603
1.54254 1.15133 1.10167
1.54214 1.15641 1.10093
1.54512 1.15774 1.10552
1.54254 1.15133 1.10167
1.53932 1.15009 1.09743
1.539 1.1551 1.09643
1.54214 1.15641 1.10093
1.53553 1.15386 1.09217
1.54018 1.15475 1.09521
1.53986 1.15975 1.09421
1.53529 1.15878 1.09086
1.54018 1.15475 1.09521
1.54437 1.15579 1.09882
1.54396 1.16088 1.0981
1.53986 1.15975 1.09421
1.54437 1.15579 1.09882
1.54825 1.15694 1.10275
1.54771 1.1621 1.1023
1.54396 1.16088 1.0981
1.54825 1.15694 1.10275
1.55165 1.15819 1.10706
1.55097 1.16343 1.10686
1.54771 1.1621 1.1023
1.55165 1.15819 1.10706
1.55396 1.15962 1.11197
1.55316 1.16491 1.11196
1.55097 1.16343 1.10686
1.55396 1.15962 1.11197
1.55142 1.16034 1.11447
1.55061 1.16558 1.11426
1.55316 1.16491 1.11196
1.55142 1.16034 1.11447
1.54807 1.15908 1.11014
1.54742 1.16424 1.10966
1.55061 1.16558 1.11426
1.54807 1.15908 1.11014
1.54512 1.15774 1.10552
1.54458 1.16284 1.10484
1.54742 1.16424 1.10966
1.54512 1.15774 1.10552
1.54214 1.15641 1.10093
1.54171 1.16145 1.10004
1.54458 1.16284 1.10484
1.54214 1.15641 1.10093
1.539 1.1551 1.09643
1.53867 1.16008 1.09534
1.54171 1.16145 1.10004
1.53529 1.15878 1.09086
1.53986 1.15975 1.09421
1.53952 1.16472 1.09311
1.53506 1.16367 1.08949
1.53986 1.15975 1.09421
1.54396 1.16088 1.0981
1.5435 1.16592 1.09724
1.53952 1.16472 1.09311
1.54396 1.16088 1.0981
1.54771 1.1621 1.1023
1.54712 1.16721 1.10166
1.5435 1.16592 1.09724
1.54771 1.1621 1.1023
1.55097 1.16343 1.10686
1.55024 1.16859 1.10641
1.54712 1.16721 1.10166
1.55097 1.16343 1.10686
1.55316 1.16491 1.11196
1.55228 1.17011 1.11166
1.55024 1.16859 1.10641
1.55316 1.16491 1.11196
1.55061 1.16558 1.11426
1.54975 1.17073 1.11377
1.55228 1.17011 1.11166
1.55061 1.16558 1.11426
1.54742 1.16424 1.10966
1.54672 1.16933 1.10897
1.54975 1.17073 1.11377
1.54742 1.16424 1.10966
1.54458 1.16284 1.10484
1.54401 1.16788 1.10398
1.54672 1.16933 1.10897
1.54458 1.16284 1.10484
1.54171 1.16145 1.10004
1.54124 1.16644 1.09903
1.54401 1.16788 1.10398
1.54171 1.16145 1.10004
1.53867 1.16008 1.09534
1.53832 1.16503 1.09416
1.54124 1.16644 1.09903
1.53506 1.16367 1.08949
1.53952 1.16472 1.09311
1.53918 1.16967 1.09192
1.53484 1.16856 1.08809
1.53952 1.16472 1.09311
1.5435 1.16592 1.09724
1.54301 1.17093 1.09623
1.53918 1.16967 1.09192
1.5435 1.16592 1.09724
1.54712 1.16721 1.10166
1.54649 1.17226 1.10082
1.54301 1.17093 1.09623
1.54712 1.16721 1.10166
1.55024 1.16859 1.10641
1.54946 1.17368 1.10572
1.54649 1.17226 1.10082
1.55024 1.16859 1.10641
1.55228 1.17011 1.11166
1.55136 1.17524 1.11107
1.54946 1.17368 1.10572
1.55228 1.17011 1.11166
1.54975 1.17073 1.11377
1.54885 1.1758 1.11302
1.55136 1.17524 1.11107
1.54975 1.17073 1.11377
1.54672 1.16933 1.10897
1.54599 1.17436 1.10806
1.54885 1.1758 1.11302
1.54672 1.16933 1.10897
1.54401 1.16788 1.10398
1.5434 1.17288 1.10296
1.54599 1.17436 1.10806
1.54401 1.16788 1.10398
1.54124 1.16644 1.09903
1.54076 1.17141 1.09789
1.5434 1.17288 1.10296
1.54124 1.16644 1.09903
1.53832 1.16503 1.09416
1.53796 1.16996 1.0929
1.54076 1.17141 1.09789
1.53484 1.16856 1.08809
1.53918 1.16967 1.09192
1.53882 1.1746 1.09065
1.53463 1.17344 1.08665
1.53918 1.16967 1.09192
1.54301 1.17093 1.09623
1.54251 1.17589 1.0951
1.53882 1.1746 1.09065
1.54301 1.17093 1.09623
1.54649 1.17226 1.10082
1.54584 1.17726 1.0998
1.54251 1.17589 1.0951
1.54649 1.17226 1.10082
1.54946 1.17368 1.10572
1.54865 1.17871 1.1048
1.54584 1.17726 1.0998
1.54946 1.17368 1.10572
1.55136 1.17524 1.11107
1.55041 1.18028 1.11022
1.54865 1.17871 1.1048
1.55136 1.17524 1.11107
1.54885 1.1758 1.11302
1.54793 1.18081 1.11203
1.55041 1.18028 1.11022
1.54885 1.1758 1.11302
1.54599 1.17436 1.10806
1.54523 1.17934 1.10697
1.54793 1.18081 1.11203
1.54599 1.17436 1.10806
1.5434 1.17288 1.10296
1.54278 1.17784 1.10179
1.54523 1.17934 1.10697
1.5434 1.17288 1.10296
1.54076 1.17141 1.09789
1.54027 1.17634 1.09664
1.54278 1.17784 1.10179
1.54076 1.17141 1.09789
1.53796 1.16996 1.0929
1.5376 1.17486 1.09156
1.54027 1.17634 1.09664
1.53463 1.17344 1.08665
1.53882 1.1746 1.09065
1.53846 1.1795 1.0893
1.53443 1.1783 1.08517
1.53882 1.1746 1.09065
1.54251 1.17589 1.0951
1.542 1.18082 1.09384
1.53846 1.1795 1.0893
1.54251 1.17589 1.0951
1.54584 1.17726 1.0998
1.54517 1.18221 1.09862
1.542 1.18082 1.09384
1.54584 1.17726 1.0998
1.54865 1.17871 1.1048
1.54783 1.18368 1.10368
1.54517 1.18221 1.09862
1.54865 1.17871 1.1048
1.55041 1.18028 1.11022
1.54945 1.18526 1.10912
1.54783 1.18368 1.10368
1.55041 1.18028 1.11022
1.54793 1.18081 1.11203
1.54701 1.18575 1.1108
1.54945 1.18526 1.10912
1.54793 1.18081 1.11203
1.54523 1.17934 1.10697
1.54447 1.18426 1.10569
1.54701 1.18575 1.1108
1.54523 1.17934 1.10697
1.54278 1.17784 1.10179
1.54215 1.18275 1.10047
1.54447 1.18426 1.10569
1.54278 1.17784 1.10179
1.54027 1.17634 1.09664
1.53977 1.18124 1.09528
1.54215 1.18275 1.10047
1.54027 1.17634 1.09664
1.5376 1.17486 1.09156
1.53724 1.17975 1.09015
1.53977 1.18124 1.09528
1.53443 1.1783 1.08517
1.53846 1.1795 1.0893
1.5381 1.18438 1.08788
1.53423 1.18316 1.08366
1.53846 1.1795 1.0893
1.542 1.18082 1.09384
1.54148 1.18572 1.09247
1.5381 1.18438 1.08788
1.542 1.18082 1.09384
1.54517 1.18221 1.09862
1.5445 1.18712 1.09729
1.54148 1.18572 1.09247
1.54517 1.18221 1.09862
1.54783 1.18368 1.10368
1.54701 1.18859 1.10237
1.5445 1.18712 1.09729
1.54783 1.18368 1.10368
1.54945 1.18526 1.10912
1.54849 1.19017 1.1078
1.54701 1.18859 1.10237
1.54945 1.18526 1.10912
1.54701 1.18575 1.1108
1.54608 1.19063 1.10937
1.54849 1.19017 1.1078
1.54701 1.18575 1.1108
1.54447 1.18426 1.10569
1.5437 1.18913 1.10423
1.54608 1.19063 1.10937
1.54447 1.18426 1.10569
1.54215 1.18275 1.10047
1.54152 1.18762 1.09901
1.5437 1.18913 1.10423
1.54215 1.18275 1.10047
1.53977 1.18124 1.09528
1.53927 1.18611 1.09382
1.54152 1.18762 1.09901
1.53977 1.18124 1.09528
1.53724 1.17975 1.09015
1.53688 1.18462 1.08868
1.53927 1.18611 1.09382
1.53423 1.18316 1.08366
1.5381 1.18438 1.08788
1.53773 1.18925 1.0864
1.53405 1.18801 1.08213
1.5381 1.18438 1.08788
1.54148 1.18572 1.09247
1.54096 1.19059 1.091
1.53773 1.18925 1.0864
1.54148 1.18572 1.09247
1.5445 1.18712 1.09729
1.54383 1.19199 1.09583
1.54096 1.19059 1.091
1.5445 1.18712 1.09729
1.54701 1.18859 1.10237
1.54618 1.19346 1.10089
1.54383 1.19199 1.09583
1.54701 1.18859 1.10237
1.54849 1.19017 1.1078
1.54753 1.19502 1.10628
1.54618 1.19346 1.10089
1.54849 1.19017 1.1078
1.54608 1.19063 1.10937
1.54517 1.19545 1.10773
1.54753 1.19502 1.10628
1.54608 1.19063 1.10937
1.5437 1.18913 1.10423
1.54294 1.19396 1.10262
1.54517 1.19545 1.10773
1.5437 1.18913 1.10423
1.54152 1.18762 1.09901
1.54089 1.19245 1.09742
1.54294 1.19396 1.10262
1.54152 1.18762 1.09901
1.53927 1.18611 1.09382
1.53878 1.19095 1.09226
1.54089 1.19245 1.09742
1.53927 1.18611 1.09382
1.53688 1.18462 1.08868
1.53653 1.18946 1.08714
1.53878 1.19095 1.09226
1.53405 1.18801 1.08213
1.53773 1.18925 1.0864
1.53737 1.19409 1.08485
1.53387 1.19285 1.08057
1.53773 1.18925 1.0864
1.54096 1.19059 1.091
1.54044 1.19543 1.08944
1.53737 1.19409 1.08485
1.54096 1.19059 1.091
1.54383 1.19199 1.09583
1.54314 1.19682 1.09423
1.54044 1.19543 1.08944
1.54383 1.19199 1.09583
1.54618 1.19346 1.10089
1.54535 1.19828 1.09925
1.54314 1.19682 1.09423
1.54618 1.19346 1.10089
1.54753 1.19502 1.10628
1.54657 1.19982 1.10456
1.54535 1.19828 1.09925
1.54753 1.19502 1.10628
1.54517 1.19545 1.10773
1.54428 1.20021 1.10591
1.54657 1.19982 1.10456
1.54517 1.19545 1.10773
1.54294 1.19396 1.10262
1.5422 1.19874 1.10084
1.54428 1.20021 1.10591
1.54294 1.19396 1.10262
1.54089 1.19245 1.09742
1.54028 1.19725 1.09571
1.5422 1.19874 1.10084
1.54089 1.19245 1.09742
1.53878 1.19095 1.09226
1.5383 1.19577 1.0906
1.54028 1.19725 1.09571
1.53878 1.19095 1.09226
1.53653 1.18946 1.08714
1.53619 1.19429 1.08554
1.5383 1.19577 1.0906
1.53387 1.19285 1.08057
1.53737 1.19409 1.08485
1.53701 1.19892 1.08325
1.5337 1.19768 1.07898
1.53737 1.19409 1.08485
1.54044 1.19543 1.08944
1.53991 1.20024 1.08779
1.53701 1.19892 1.08325
1.54044 1.19543 1.08944
1.54314 1.19682 1.09423
1.54246 1.20161 1.09252
1.53991 1.20024 1.08779
1.54314 1.19682 1.09423
1.54535 1.19828 1.09925
1.54453 1.20305 1.09746
1.54246 1.20161 1.09252
1.54535 1.19828 1.09925
1.54657 1.19982 1.10456
1.54563 1.20456 1.10267
1.54453 1.20305 1.09746
1.54657 1.19982 1.10456
1.54428 1.20021 1.10591
1.54341 1.20493 1.10392
1.54563 1.20456 1.10267
1.54428 1.20021 1.10591
1.5422 1.19874 1.10084
1.54148 1.20348 1.09893
1.54341 1.20493 1.10392
1.5422 1.19874 1.10084
1.54028 1.19725 1.09571
1.53968 1.20201 1.09389
1.54148 1.20348 1.09893
1.54028 1.19725 1.09571
1.5383 1.19577 1.0906
1.53782 1.20055 1.08887
1.53968 1.20201 1.09389
1.5383 1.19577 1.0906
1.53619 1.19429 1.08554
1.53585 1.19911 1.08389
1.53782 1.20055 1.08887
1.5337 1.19768 1.07898
1.53701 1.19892 1.08325
1.53666 1.20374 1.0816
1.53354 1.20251 1.07737
1.53701 1.19892 1.08325
1.53991 1.20024 1.08779
1.53939 1.20503 1.08606
1.53666 1.20374 1.0816
1.53991 1.20024 1.08779
1.54246 1.20161 1.09252
1.54179 1.20638 1.0907
1.53939 1.20503 1.08606
1.54246 1.20161 1.09252
1.54453 1.20305 1.09746
1.54372 1.20779 1.09554
1.54179 1.20638 1.0907
1.54453 1.20305 1.09746
1.54563 1.20456 1.10267
1.54471 1.20926 1.10063
1.54372 1.20779 1.09554
1.54563 1.20456 1.10267
1.54341 1.20493 1.10392
1.54257 1.2096 1.10178
1.54471 1.20926 1.10063
1.54341 1.20493 1.10392
1.54148 1.20348 1.09893
1.54078 1.20818 1.0969
1.54257 1.2096 1.10178
1.54148 1.20348 1.09893
1.53968 1.20201 1.09389
1.5391 1.20675 1.09197
1.54078 1.20818 1.0969
1.53968 1.20201 1.09389
1.53782 1.20055 1.08887
1.53737 1.20532 1.08706
1.5391 1.20675 1.09197
1.53782 1.20055 1.08887
1.53585 1.19911 1.08389
1.53553 1.20391 1.08219
1.53737 1.20532 1.08706
1.53354 1.20251 1.07737
1.53666 1.20374 1.0816
1.53631 1.20854 1.0799
1.53338 1.20733 1.07574
1.53666 1.20374 1.0816
1.53939 1.20503 1.08606
1.53888 1.20981 1.08426
1.53631 1.20854 1.0799
1.53939 1.20503 1.08606
1.54179 1.20638 1.0907
1.54113 1.21112 1.08879
1.53888 1.20981 1.08426
1.54179 1.20638 1.0907
1.54372 1.20779 1.09554
1.54292 1.21249 1.09351
1.54113 1.21112 1.08879
1.54372 1.20779 1.09554
1.54471 1.20926 1.10063
1.5438 1.21393 1.09844
1.54292 1.21249 1.09351
1.54471 1.20926 1.10063
1.54257 1.2096 1.10178
1.54176 1.21423 1.0995
1.5438 1.21393 1.09844
1.54257 1.2096 1.10178
1.54078 1.20818 1.0969
1.5401 1.21285 1.09475
1.54176 1.21423 1.0995
1.54078 1.20818 1.0969
1.5391 1.20675 1.09197
1.53855 1.21146 1.08995
1.5401 1.21285 1.09475
1.5391 1.20675 1.09197
1.53737 1.20532 1.08706
1.53693 1.21007 1.08518
1.53855 1.21146 1.08995
1.53737 1.20532 1.08706
1.53553 1.20391 1.08219
1.53522 1.2087 1.08044
1.53693 1.21007 1.08518
1.53338 1.20733 1.07574
1.53631 1.20854 1.0799
1.53597 1.21333 1.07815
1.53323 1.21215 1.07409
1.53631 1.20854 1.0799
1.53888 1.20981 1.08426
1.53838 1.21456 1.0824
1.53597 1.21333 1.07815
1.53888 1.20981 1.08426
1.54113 1.21112 1.08879
1.54048 1.21584 1.08679
1.53838 1.21456 1.0824
1.54113 1.21112 1.08879
1.54292 1.21249 1.09351
1.54213 1.21716 1.09136
1.54048 1.21584 1.08679
1.54292 1.21249 1.09351
1.5438 1.21393 1.09844
1.54293 1.21855 1.09613
1.54213 1.21716 1.09136
1.5438 1.21393 1.09844
1.54176 1.21423 1.0995
1.54098 1.21883 1.0971
1.54293 1.21855 1.09613
1.54176 1.21423 1.0995
1.5401 1.21285 1.09475
1.53944 1.21749 1.0925
1.54098 1.21883 1.0971
1.5401 1.21285 1.09475
1.53855 1.21146 1.08995
1.538 1.21615 1.08786
1.53944 1.21749 1.0925
1.53855 1.21146 1.08995
1.53693 1.21007 1.08518
1.53651 1.2148 1.08324
1.538 1.21615 1.08786
1.53693 1.21007 1.08518
1.53522 1.2087 1.08044
1.53492 1.21347 1.07865
1.53651 1.2148 1.08324
1.53323 1.21215 1.07409
1.53597 1.21333 1.07815
1.53564 1.2181 1.07637
1.53309 1.21695 1.07242
1.53597 1.21333 1.07815
1.53838 1.21456 1.0824
1.53789 1.21929 1.08048
1.53564 1.2181 1.07637
1.53838 1.21456 1.0824
1.54048 1.21584 1.08679
1.53984 1.22053 1.08472
1.53789 1.21929 1.08048
1.54048 1.21584 1.08679
1.54213 1.21716 1.09136
1.54137 1.22181 1.08912
1.53984 1.22053 1.08472
1.54213 1.21716 1.09136
1.54293 1.21855 1.09613
1.54208 1.22314 1.09371
1.54137 1.22181 1.08912
1.54293 1.21855 1.09613
1.54098 1.21883 1.0971
1.54023 1.2234 1.0946
1.54208 1.22314 1.09371
1.54098 1.21883 1.0971
1.53944 1.21749 1.0925
1.53881 1.22211 1.09016
1.54023 1.2234 1.0946
1.53944 1.21749 1.0925
1.538 1.21615 1.08786
1.53748 1.22081 1.0857
1.53881 1.22211 1.09016
1.538 1.21615 1.08786
1.53651 1.2148 1.08324
1.5361 1.21952 1.08125
1.53748 1.22081 1.0857
1.53651 1.2148 1.08324
1.53492 1.21347 1.07865
1.53463 1.21823 1.07682
1.5361 1.21952 1.08125
1.53309 1.21695 1.07242
1.53564 1.2181 1.07637
1.53531 1.22287 1.07455
1.53295 1.22176 1.07074
1.53564 1.2181 1.07637
1.53789 1.21929 1.08048
1.53741 1.22402 1.0785
1.53531 1.22287 1.07455
1.53789 1.21929 1.08048
1.53984 1.22053 1.08472
1.53922 1.2252 1.08258
1.53741 1.22402 1.0785
1.53984 1.22053 1.08472
1.54137 1.22181 1.08912
1.54064 1.22643 1.0868
1.53922 1.2252 1.08258
1.54137 1.22181 1.08912
1.54208 1.22314 1.09371
1.54126 1.2277 1.09119
1.54064 1.22643 1.0868
1.54208 1.22314 1.09371
1.54023 1.2234 1.0946
1.53951 1.22794 1.09201
1.54126 1.2277 1.09119
1.54023 1.2234 1.0946
1.53881 1.22211 1.09016
1.53821 1.2267 1.08775
1.53951 1.22794 1.09201
1.53881 1.22211 1.09016
1.53748 1.22081 1.0857
1.53699 1.22546 1.08347
1.53821 1.2267 1.08775
1.53748 1.22081 1.0857
1.5361 1.21952 1.08125
1.5357 1.22422 1.07921
1.53699 1.22546 1.08347
1.5361 1.21952 1.08125
1.53463 1.21823 1.07682
1.53435 1.22299 1.07496
1.5357 1.22422 1.07921
1.53295 1.22176 1.07074
1.53531 1.22287 1.07455
1.535 1.22763 1.0727
1.53282 1.22656 1.06904
1.53531 1.22287 1.07455
1.53741 1.22402 1.0785
1.53694 1.22873 1.07649
1.535 1.22763 1.0727
1.53741 1.22402 1.0785
1.53922 1.2252 1.08258
1.53862 1.22986 1.08039
1.53694 1.22873 1.07649
1.53922 1.2252 1.08258
1.54064 1.22643 1.0868
1.53993 1.23103 1.08441
1.53862 1.22986 1.08039
1.54064 1.22643 1.0868
1.54126 1.2277 1.09119
1.54048 1.23224 1.08859
1.53993 1.23103 1.08441
1.54126 1.2277 1.09119
1.53951 1.22794 1.09201
1.53882 1.23246 1.08934
1.54048 1.23224 1.08859
1.53951 1.22794 1.09201
1.53821 1.2267 1.08775
1.53764 1.23128 1.08528
1.53882 1.23246 1.08934
1.53821 1.2267 1.08775
1.53699 1.22546 1.08347
1.53651 1.23009 1.08119
1.53764 1.23128 1.08528
1.53699 1.22546 1.08347
1.5357 1.22422 1.07921
1.53533 1.22891 1.07713
1.53651 1.23009 1.08119
1.5357 1.22422 1.07921
1.53435 1.22299 1.07496
1.53409 1.22774 1.07308
1.53533 1.22891 1.07713
1.53282 1.22656 1.06904
1.535 1.22763 1.0727
1.53471 1.23237 1.07081
1.53269 1.23136 1.06732
1.535 1.22763 1.0727
1.53694 1.22873 1.07649
1.53651 1.23342 1.07442
1.53471 1.23237 1.07081
1.53694 1.22873 1.07649
1.53862 1.22986 1.08039
1.53806 1.2345 1.07813
1.53651 1.23342 1.07442
1.53862 1.22986 1.08039
1.53993 1.23103 1.08441
1.53925 1.23561 1.08196
1.53806 1.2345 1.07813
1.53993 1.23103 1.08441
1.54048 1.23224 1.08859
1.53973 1.23676 1.08593
1.53925 1.23561 1.08196
1.54048 1.23224 1.08859
1.53882 1.23246 1.08934
1.53817 1.23696 1.08661
1.53973 1.23676 1.08593
1.53882 1.23246 1.08934
1.53764 1.23128 1.08528
1.5371 1.23584 1.08275
1.53817 1.23696 1.08661
1.53764 1.23128 1.08528
1.53651 1.23009 1.08119
1.53607 1.23471 1.07887
1.5371 1.23584 1.08275
1.53651 1.23009 1.08119
1.53533 1.22891 1.07713
1.53499 1.23359 1.07501
1.53607 1.23471 1.07887
1.53533 1.22891 1.07713
1.53409 1.22774 1.07308
1.53386 1.23247 1.07116
1.53499 1.23359 1.07501
1.53269 1.23136 1.06732
1.53471 1.23237 1.07081
1.53444 1.23711 1.06891
1.53257 1.23615 1.06559
1.53471 1.23237 1.07081
1.53651 1.23342 1.07442
1.5361 1.23811 1.07233
1.53444 1.23711 1.06891
1.53651 1.23342 1.07442
1.53806 1.2345 1.07813
1.53752 1.23913 1.07585
1.5361 1.23811 1.07233
1.53806 1.2345 1.07813
1.53925 1.23561 1.08196
1.5386 1.24018 1.07947
1.53752 1.23913 1.07585
1.53925 1.23561 1.08196
1.53973 1.23676 1.08593
1.53902 1.24127 1.08321
1.5386 1.24018 1.07947
1.53973 1.23676 1.08593
1.53817 1.23696 1.08661
1.53756 1.24145 1.08384
1.53902 1.24127 1.08321
1.53817 1.23696 1.08661
1.5371 1.23584 1.08275
1.53658 1.24039 1.08018
1.53756 1.24145 1.08384
1.5371 1.23584 1.08275
1.53607 1.23471 1.07887
1.53565 1.23932 1.07652
1.53658 1.24039 1.08018
1.53607 1.23471 1.07887
1.53499 1.23359 1.07501
1.53467 1.23826 1.07286
1.53565 1.23932 1.07652
1.53499 1.23359 1.07501
1.53386 1.23247 1.07116
1.53363 1.2372 1.06922
1.53467 1.23826 1.07286
1.53257 1.23615 1.06559
1.53444 1.23711 1.06891
1.53417 1.24185 1.06698
1.53245 1.24094 1.06385
1.53444 1.23711 1.06891
1.5361 1.23811 1.07233
1.5357 1.24279 1.07021
1.53417 1.24185 1.06698
1.5361 1.23811 1.07233
1.53752 1.23913 1.07585
1.537 1.24375 1.07353
1.5357 1.24279 1.07021
1.53752 1.23913 1.07585
1.5386 1.24018 1.07947
1.53799 1.24474 1.07694
1.537 1.24375 1.07353
1.5386 1.24018 1.07947
1.53902 1.24127 1.08321
1.53835 1.24576 1.08046
1.53799 1.24474 1.07694
1.53902 1.24127 1.08321
1.53756 1.24145 1.08384
1.53698 1.24593 1.08103
1.53835 1.24576 1.08046
1.53756 1.24145 1.08384
1.53658 1.24039 1.08018
1.5361 1.24493 1.07759
1.53698 1.24593 1.08103
1.53658 1.24039 1.08018
1.53565 1.23932 1.07652
1.53526 1.24393 1.07414
1.5361 1.24493 1.07759
1.53565 1.23932 1.07652
1.53467 1.23826 1.07286
1.53437 1.24293 1.0707
1.53526 1.24393 1.07414
1.53467 1.23826 1.07286
1.53363 1.2372 1.06922
1.53342 1.24193 1.06727
1.53437 1.24293 1.0707
1.53245 1.24094 1.06385
1.53417 1.24185 1.06698
1.53392 1.24658 1.06504
1.53233 1.24572 1.0621
1.53417 1.24185 1.06698
1.5357 1.24279 1.07021
1.53532 1.24746 1.06807
1.53392 1.24658 1.06504
1.5357 1.24279 1.07021
1.537 1.24375 1.07353
1.53651 1.24836 1.07119
1.53532 1.24746 1.06807
1.537 1.24375 1.07353
1.53799 1.24474 1.07694
1.5374 1.24929 1.07439
1.53651 1.24836 1.07119
1.53799 1.24474 1.07694
1.53835 1.24576 1.08046
1.53771 1.25025 1.07768
1.5374 1.24929 1.07439
1.53835 1.24576 1.08046
1.53698 1.24593 1.08103
1.53643 1.2504 1.0782
1.53771 1.25025 1.07768
1.53698 1.24593 1.08103
1.5361 1.24493 1.07759
1.53564 1.24947 1.07497
1.53643 1.2504 1.0782
1.5361 1.24493 1.07759
1.53526 1.24393 1.07414
1.53488 1.24853 1.07174
1.53564 1.24947 1.07497
1.53526 1.24393 1.07414
1.53437 1.24293 1.0707
1.53408 1.24759 1.06852
1.53488 1.24853 1.07174
1.53437 1.24293 1.0707
1.53342 1.24193 1.06727
1.53322 1.24666 1.0653
1.53408 1.24759 1.06852
1.53233 1.24572 1.0621
1.53392 1.24658 1.06504
1.53368 1.25131 1.06309
1.53223 1.25051 1.06034
1.53392 1.24658 1.06504
1.53532 1.24746 1.06807
1.53495 1.25213 1.06593
1.53368 1.25131 1.06309
1.53532 1.24746 1.06807
1.53651 1.24836 1.07119
1.53604 1.25297 1.06883
1.53495 1.25213 1.06593
1.53651 1.24836 1.07119
1.5374 1.24929 1.07439
1.53684 1.25384 1.07182
1.53604 1.25297 1.06883
1.5374 1.24929 1.07439
1.53771 1.25025 1.07768
1.53711 1.25473 1.07489
1.53684 1.25384 1.07182
1.53771 1.25025 1.07768
1.53643 1.2504 1.0782
1.53592 1.25487 1.07537
1.53711 1.25473 1.07489
1.53643 1.2504 1.0782
1.53564 1.24947 1.07497
1.53521 1.254 1.07235
1.53592 1.25487 1.07537
1.53564 1.24947 1.07497
1.53488 1.24853 1.07174
1.53453 1.25312 1.06934
1.53521 1.254 1.07235
1.53488 1.24853 1.07174
1.53408 1.24759 1.06852
1.5338 1.25225 1.06633
1.53453 1.25312 1.06934
1.53408 1.24759 1.06852
1.53322 1.24666 1.0653
1.53303 1.25137 1.06333
1.5338 1.25225 1.06633
1.53223 1.25051 1.06034
1.53368 1.25131 1.06309
1.53345 1.25603 1.06113
1.53212 1.25529 1.05856
1.53368 1.25131 1.06309
1.53495 1.25213 1.06593
1.53461 1.2568 1.06377
1.53345 1.25603 1.06113
1.53495 1.25213 1.06593
1.53604 1.25297 1.06883
1.53559 1.25759 1.06648
1.53461 1.2568 1.06377
1.53604 1.25297 1.06883
1.53684 1.25384 1.07182
1.53632 1.25839 1.06926
1.53559 1.25759 1.06648
1.53684 1.25384 1.07182
1.53711 1.25473 1.07489
1.53654 1.25922 1.07211
1.53632 1.25839 1.06926
1.53711 1.25473 1.07489
1.53592 1.25487 1.07537
1.53544 1.25935 1.07254
1.53654 1.25922 1.07211
1.53592 1.25487 1.07537
1.53521 1.254 1.07235
1.5348 1.25853 1.06974
1.53544 1.25935 1.07254
1.53521 1.254 1.07235
1.53453 1.25312 1.06934
1.53419 1.25772 1.06693
1.5348 1.25853 1.06974
1.53453 1.25312 1.06934
1.5338 1.25225 1.06633
1.53354 1.2569 1.06413
1.53419 1.25772 1.06693
1.5338 1.25225 1.06633
1.53303 1.25137 1.06333
1.53285 1.25609 1.06135
1.53354 1.2569 1.06413
1.53212 1.25529 1.05856
1.53345 1.25603 1.06113
1.53323 1.26076 1.05917
1.53202 1.26006 1.05679
1.53345 1.25603 1.06113
1.53461 1.2568 1.06377
1.53429 1.26147 1.06162
1.53323 1.26076 1.05917
1.53461 1.2568 1.06377
1.53559 1.25759 1.06648
1.53518 1.2622 1.06413
1.53429 1.26147 1.06162
1.53559 1.25759 1.06648
1.53632 1.25839 1.06926
1.53583 1.26295 1.06671
1.53518 1.2622 1.06413
1.53632 1.25839 1.06926
1.53654 1.25922 1.07211
1.53602 1.26371 1.06935
1.53583 1.26295 1.06671
1.53654 1.25922 1.07211
1.53544 1.25935 1.07254
1.53499 1.26383 1.06973
1.53602 1.26371 1.06935
1.53544 1.25935 1.07254
1.5348 1.25853 1.06974
1.53442 1.26307 1.06714
1.53499 1.26383 1.06973
1.5348 1.25853 1.06974
1.53419 1.25772 1.06693
1.53388 1.26232 1.06454
1.53442 1.26307 1.06714
1.53419 1.25772 1.06693
1.53354 1.2569 1.06413
1.5333 1.26156 1.06195
1.53388 1.26232 1.06454
1.53354 1.2569 1.06413
1.53285 1.25609 1.06135
1.53267 1.26081 1.05936
1.5333 1.26156 1.06195
1.53202 1.26006 1.05679
1.53323 1.26076 1.05917
1.53303 1.26548 1.0572
1.53193 1.26484 1.055
1.53323 1.26076 1.05917
1.53429 1.26147 1.06162
1.53399 1.26614 1.05947
1.53303 1.26548 1.0572
1.53429 1.26147 1.06162
1.53518 1.2622 1.06413
1.53479 1.26681 1.06179
1.53399 1.26614 1.05947
1.53518 1.2622 1.06413
1.53583 1.26295 1.06671
1.53537 1.26751 1.06417
1.53479 1.26681 1.06179
1.53583 1.26295 1.06671
1.53602 1.26371 1.06935
1.53553 1.26821 1.06661
1.53537 1.26751 1.06417
1.53602 1.26371 1.06935
1.53499 1.26383 1.06973
1.53458 1.26832 1.06696
1.53553 1.26821 1.06661
1.53499 1.26383 1.06973
1.53442 1.26307 1.06714
1.53407 1.26762 1.06456
1.53458 1.26832 1.06696
1.53442 1.26307 1.06714
1.53388 1.26232 1.06454
1.53359 1.26692 1.06216
1.53407 1.26762 1.06456
1.53388 1.26232 1.06454
1.5333 1.26156 1.06195
1.53307 1.26623 1.05977
1.53359 1.26692 1.06216
1.5333 1.26156 1.06195
1.53267 1.26081 1.05936
1.53251 1.26553 1.05738
1.53307 1.26623 1.05977
1.53193 1.26484 1.055
1.53303 1.26548 1.0572
1.53284 1.2702 1.05524
1.53184 1.26961 1.0532
1.53303 1.26548 1.0572
1.53399 1.26614 1.05947
1.5337 1.27081 1.05734
1.53284 1.2702 1.05524
1.53399 1.26614 1.05947
1.53479 1.26681 1.06179
1.53443 1.27143 1.05948
1.5337 1.27081 1.05734
1.53479 1.26681 1.06179
1.53537 1.26751 1.06417
1.53495 1.27207 1.06167
1.53443 1.27143 1.05948
1.53537 1.26751 1.06417
1.53553 1.26821 1.06661
1.53508 1.27273 1.06392
1.53495 1.27207 1.06167
1.53553 1.26821 1.06661
1.53458 1.26832 1.06696
1.53421 1.27282 1.06424
1.53508 1.27273 1.06392
1.53458 1.26832 1.06696
1.53407 1.26762 1.06456
1.53375 1.27218 1.06203
1.53421 1.27282 1.06424
1.53407 1.26762 1.06456
1.53359 1.26692 1.06216
1.53332 1.27153 1.05981
1.53375 1.27218 1.06203
1.53359 1.26692 1.06216
1.53307 1.26623 1.05977
1.53286 1.27089 1.0576
1.53332 1.27153 1.05981
1.53307 1.26623 1.05977
1.53251 1.26553 1.05738
1.53236 1.27025 1.0554
1.53286 1.27089 1.0576
1.53184 1.26961 1.0532
1.53284 1.2702 1.05524
1.53266 1.27473 1.05337
1.53175 1.27418 1.05148
1.53284 1.2702 1.05524
1.5337 1.27081 1.05734
1.53346 1.27529 1.05531
1.53266 1.27473 1.05337
1.5337 1.27081 1.05734
1.53443 1.27143 1.05948
1.53411 1.27587 1.05729
1.53346 1.27529 1.05531
1.53443 1.27143 1.05948
1.53495 1.27207 1.06167
1.53458 1.27646 1.05932
1.53411 1.27587 1.05729
1.53495 1.27207 1.06167
1.53508 1.27273 1.06392
1.53469 1.27706 1.0614
1.53458 1.27646 1.05932
1.53508 1.27273 1.06392
1.53421 1.27282 1.06424
1.53388 1.27715 1.06169
1.53469 1.27706 1.0614
1.53421 1.27282 1.06424
1.53375 1.27218 1.06203
1.53347 1.27655 1.05964
1.53388 1.27715 1.06169
1.53375 1.27218 1.06203
1.53332 1.27153 1.05981
1.53309 1.27596 1.05759
1.53347 1.27655 1.05964
1.53332 1.27153 1.05981
1.53286 1.27089 1.0576
1.53267 1.27536 1.05555
1.53309 1.27596 1.05759
1.53286 1.27089 1.0576
1.53236 1.27025 1.0554
1.53222 1.27477 1.05351
1.53267 1.27536 1.05555
1.53175 1.27418 1.05148
1.53266 1.27473 1.05337
1.53263 1.27583 1.05292
1.53173 1.27529 1.05106
1.53266 1.27473 1.05337
1.53346 1.27529 1.05531
1.5334 1.27638 1.05482
1.53263 1.27583 1.05292
1.53346 1.27529 1.05531
1.53411 1.27587 1.05729
1.53404 1.27694 1.05676
1.5334 1.27638 1.05482
1.53411 1.27587 1.05729
1.53458 1.27646 1.05932
1.5345 1.27752 1.05876
1.53404 1.27694 1.05676
1.53458 1.27646 1.05932
1.53469 1.27706 1.0614
1.5346 1.27811 1.06079
1.5345 1.27752 1.05876
1.53469 1.27706 1.0614
1.53388 1.27715 1.06169
1.5338 1.2782 1.06108
1.5346 1.27811 1.06079
1.53388 1.27715 1.06169
1.53347 1.27655 1.05964
1.53341 1.27761 1.05907
1.5338 1.2782 1.06108
1.53347 1.27655 1.05964
1.53309 1.27596 1.05759
1.53303 1.27703 1.05706
1.53341 1.27761 1.05907
1.53309 1.27596 1.05759
1.53267 1.27536 1.05555
1.53263 1.27645 1.05506
1.53303 1.27703 1.05706
1.53267 1.27536 1.05555
1.53222 1.27477 1.05351
1.53219 1.27587 1.05306
1.53263 1.27645 1.05506
1.53173 1.27529 1.05106
1.53263 1.27583 1.05292
1.53259 1.27672 1.05254
1.53172 1.27619 1.05072
1.53263 1.27583 1.05292
1.5334 1.27638 1.05482
1.53335 1.27726 1.05442
1.53259 1.27672 1.05254
1.5334 1.27638 1.05482
1.53404 1.27694 1.05676
1.53398 1.27782 1.05633
1.53335 1.27726 1.05442
1.53404 1.27694 1.05676
1.5345 1.27752 1.05876
1.53443 1.27839 1.05829
1.53398 1.27782 1.05633
1.5345 1.27752 1.05876
1.5346 1.27811 1.06079
1.53453 1.27897 1.0603
1.53443 1.27839 1.05829
1.5346 1.27811 1.06079
1.5338 1.2782 1.06108
1.53374 1.27905 1.06058
1.53453 1.27897 1.0603
1.5338 1.2782 1.06108
1.53341 1.27761 1.05907
1.53335 1.27848 1.0586
1.53374 1.27905 1.06058
1.53341 1.27761 1.05907
1.53303 1.27703 1.05706
1.53299 1.27791 1.05662
1.53335 1.27848 1.0586
1.53303 1.27703 1.05706
1.53263 1.27645 1.05506
1.53259 1.27733 1.05465
1.53299 1.27791 1.05662
1.53263 1.27645 1.05506
1.53219 1.27587 1.05306
1.53216 1.27676 1.05268
1.53259 1.27733 1.05465
1.53172 1.27619 1.05072
1.53259 1.27672 1.05254
1.53254 1.27759 1.05209
1.53168 1.27707 1.05031
1.53259 1.27672 1.05254
1.53335 1.27726 1.05442
1.53328 1.27812 1.05392
1.53254 1.27759 1.05209
1.53335 1.27726 1.05442
1.53398 1.27782 1.05633
1.53389 1.27866 1.05579
1.53328 1.27812 1.05392
1.53398 1.27782 1.05633
1.53443 1.27839 1.05829
1.53433 1.27922 1.05771
1.53389 1.27866 1.05579
1.53443 1.27839 1.05829
1.53453 1.27897 1.0603
1.53442 1.27979 1.05966
1.53433 1.27922 1.05771
1.53453 1.27897 1.0603
1.53374 1.27905 1.06058
1.53365 1.27987 1.05994
1.53442 1.27979 1.05966
1.53374 1.27905 1.06058
1.53335 1.27848 1.0586
1.53327 1.27931 1.05801
1.53365 1.27987 1.05994
1.53335 1.27848 1.0586
1.53299 1.27791 1.05662
1.53292 1.27875 1.05608
1.53327 1.27931 1.05801
1.53299 1.27791 1.05662
1.53259 1.27733 1.05465
1.53253 1.27819 1.05415
1.53292 1.27875 1.05608
1.53259 1.27733 1.05465
1.53216 1.27676 1.05268
1.53212 1.27763 1.05223
1.53253 1.27819 1.05415
1.53168 1.27707 1.05031
1.53254 1.27759 1.05209
1.53245 1.27843 1.05153
1.53163 1.27793 1.04981
1.53254 1.27759 1.05209
1.53328 1.27812 1.05392
1.53316 1.27894 1.05329
1.53245 1.27843 1.05153
1.53328 1.27812 1.05392
1.53389 1.27866 1.05579
1.53375 1.27946 1.05509
1.53316 1.27894 1.05329
1.53389 1.27866 1.05579
1.53433 1.27922 1.05771
1.53417 1.28 1.05694
1.53375 1.27946 1.05509
1.53433 1.27922 1.05771
1.53442 1.27979 1.05966
1.53426 1.28055 1.05882
1.53417 1.28 1.05694
1.53442 1.27979 1.05966
1.53365 1.27987 1.05994
1.53352 1.28062 1.05908
1.53426 1.28055 1.05882
1.53365 1.27987 1.05994
1.53327 1.27931 1.05801
1.53316 1.28008 1.05723
1.53352 1.28062 1.05908
1.53327 1.27931 1.05801
1.53292 1.27875 1.05608
1.53281 1.27954 1.05536
1.53316 1.28008 1.05723
1.53292 1.27875 1.05608
1.53253 1.27819 1.05415
1.53245 1.279 1.05351
1.53281 1.27954 1.05536
1.53253 1.27819 1.05415
1.53212 1.27763 1.05223
1.53205 1.27846 1.05166
1.53245 1.279 1.05351
1.53163 1.27793 1.04981
1.53245 1.27843 1.05153
1.53233 1.27923 1.05083
1.53156 1.27875 1.0492
1.53245 1.27843 1.05153
1.53316 1.27894 1.05329
1.533 1.27971 1.0525
1.53233 1.27923 1.05083
1.53316 1.27894 1.05329
1.53375 1.27946 1.05509
1.53356 1.28021 1.05421
1.533 1.27971 1.0525
1.53375 1.27946 1.05509
1.53417 1.28 1.05694
1.53395 1.28072 1.05595
1.53356 1.28021 1.05421
1.53417 1.28 1.05694
1.53426 1.28055 1.05882
1.53403 1.28123 1.05774
1.53395 1.28072 1.05595
1.53426 1.28055 1.05882
1.53352 1.28062 1.05908
1.53333 1.28131 1.05799
1.53403 1.28123 1.05774
1.53352 1.28062 1.05908
1.53316 1.28008 1.05723
1.53299 1.28079 1.05623
1.53333 1.28131 1.05799
1.53316 1.28008 1.05723
1.53281 1.27954 1.05536
1.53267 1.28028 1.05446
1.53299 1.28079 1.05623
1.53281 1.27954 1.05536
1.53245 1.279 1.05351
1.53232 1.27977 1.0527
1.53267 1.28028 1.05446
1.53245 1.279 1.05351
1.53205 1.27846 1.05166
1.53195 1.27926 1.05095
1.53232 1.27977 1.0527
1.53156 1.27875 1.0492
1.53233 1.27923 1.05083
1.53217 1.27998 1.04996
1.53145 1.27954 1.04845
1.53233 1.27923 1.05083
1.533 1.27971 1.0525
1.53278 1.28043 1.05151
1.53217 1.27998 1.04996
1.533 1.27971 1.0525
1.53356 1.28021 1.05421
1.5333 1.28089 1.05309
1.53278 1.28043 1.05151
1.53356 1.28021 1.05421
1.53395 1.28072 1.05595
1.53366 1.28136 1.05471
1.5333 1.28089 1.05309
1.53395 1.28072 1.05595
1.53403 1.28123 1.05774
1.53373 1.28184 1.05636
1.53366 1.28136 1.05471
1.53403 1.28123 1.05774
1.53333 1.28131 1.05799
1.53308 1.2819 1.05659
1.53373 1.28184 1.05636
1.53333 1.28131 1.05799
1.53299 1.28079 1.05623
1.53277 1.28143 1.05496
1.53308 1.2819 1.05659
1.53299 1.28079 1.05623
1.53267 1.28028 1.05446
1.53247 1.28095 1.05333
1.53277 1.28143 1.05496
1.53267 1.28028 1.05446
1.53232 1.27977 1.0527
1.53216 1.28048 1.0517
1.53247 1.28095 1.05333
1.53232 1.27977 1.0527
1.53195 1.27926 1.05095
1.53181 1.28001 1.05007
1.53216 1.28048 1.0517
1.53145 1.27954 1.04845
1.53217 1.27998 1.04996
1.53194 1.28066 1.04886
1.5313 1.28027 1.04752
1.53217 1.27998 1.04996
1.53278 1.28043 1.05151
1.53249 1.28106 1.05024
1.53194 1.28066 1.04886
1.53278 1.28043 1.05151
1.5333 1.28089 1.05309
1.53294 1.28147 1.05165
1.53249 1.28106 1.05024
1.5333 1.28089 1.05309
1.53366 1.28136 1.05471
1.53326 1.28189 1.05309
1.53294 1.28147 1.05165
1.53366 1.28136 1.05471
1.53373 1.28184 1.05636
1.53333 1.28232 1.05456
1.53326 1.28189 1.05309
1.53373 1.28184 1.05636
1.53308 1.2819 1.05659
1.53275 1.28238 1.05476
1.53333 1.28232 1.05456
1.53308 1.2819 1.05659
1.53277 1.28143 1.05496
1.53247 1.28195 1.05331
1.53275 1.28238 1.05476
1.53277 1.28143 1.05496
1.53247 1.28095 1.05333
1.53221 1.28153 1.05186
1.53247 1.28195 1.05331
1.53247 1.28095 1.05333
1.53216 1.28048 1.0517
1.53193 1.28111 1.05041
1.53221 1.28153 1.05186
1.53216 1.28048 1.0517
1.53181 1.28001 1.05007
1.53162 1.28069 1.04896
1.53193 1.28111 1.05041
1.5313 1.28027 1.04752
1.53194 1.28066 1.04886
1.5316 1.28122 1.04735
1.53108 1.2809 1.04625
1.53194 1.28066 1.04886
1.53249 1.28106 1.05024
1.53205 1.28155 1.04848
1.5316 1.28122 1.04735
1.53249 1.28106 1.05024
1.53294 1.28147 1.05165
1.53242 1.28188 1.04963
1.53205 1.28155 1.04848
1.53294 1.28147 1.05165
1.53326 1.28189 1.05309
1.53268 1.28223 1.05081
1.53242 1.28188 1.04963
1.53326 1.28189 1.05309
1.53333 1.28232 1.05456
1.53273 1.28258 1.05202
1.53268 1.28223 1.05081
1.53333 1.28232 1.05456
1.53275 1.28238 1.05476
1.53226 1.28262 1.05218
1.53273 1.28258 1.05202
1.53275 1.28238 1.05476
1.53247 1.28195 1.05331
1.53203 1.28228 1.05099
1.53226 1.28262 1.05218
1.53247 1.28195 1.05331
1.53221 1.28153 1.05186
1.53182 1.28193 1.0498
1.53203 1.28228 1.05099
1.53221 1.28153 1.05186
1.53193 1.28111 1.05041
1.53159 1.28159 1.04862
1.53182 1.28193 1.0498
1.53193 1.28111 1.05041
1.53162 1.28069 1.04896
1.53134 1.28125 1.04743
1.53159 1.28159 1.04862
1.53108 1.2809 1.04625
1.5316 1.28122 1.04735
1.53093 1.28143 1.04461
1.53064 1.28125 1.04399
1.5316 1.28122 1.04735
1.53205 1.28155 1.04848
1.53118 1.28161 1.04524
1.53093 1.28143 1.04461
1.53205 1.28155 1.04848
1.53242 1.28188 1.04963
1.53139 1.2818 1.04589
1.53118 1.28161 1.04524
1.53242 1.28188 1.04963
1.53268 1.28223 1.05081
1.53154 1.28199 1.04656
1.53139 1.2818 1.04589
1.53268 1.28223 1.05081
1.53273 1.28258 1.05202
1.53156 1.28219 1.04724
1.53154 1.28199 1.04656
1.53273 1.28258 1.05202
1.53226 1.28262 1.05218
1.5313 1.28222 1.04733
1.53156 1.28219 1.04724
1.53226 1.28262 1.05218
1.53203 1.28228 1.05099
1.53117 1.28202 1.04666
1.5313 1.28222 1.04733
1.53203 1.28228 1.05099
1.53182 1.28193 1.0498
1.53105 1.28183 1.04599
1.53117 1.28202 1.04666
1.53182 1.28193 1.0498
1.53159 1.28159 1.04862
1.53092 1.28163 1.04532
1.53105 1.28183 1.04599
1.53159 1.28159 1.04862
1.53134 1.28125 1.04743
1.53078 1.28144 1.04465
1.53092 1.28163 1.04532
1.53064 1.28125 1.04399
1.53093 1.28143 1.04461
1.53018 1.28145 1.04157
1.53014 1.28142 1.04149
1.53093 1.28143 1.04461
1.53118 1.28161 1.04524
1.53021 1.28147 1.04165
1.53018 1.28145 1.04157
1.53118 1.28161 1.04524
1.53139 1.2818 1.04589
1.53024 1.2815 1.04174
1.53021 1.28147 1.04165
1.53139 1.2818 1.04589
1.53154 1.28199 1.04656
1.53026 1.28152 1.04183
1.53024 1.2815 1.04174
1.53154 1.28199 1.04656
1.53156 1.28219 1.04724
1.53026 1.28155 1.04192
1.53026 1.28152 1.04183
1.53156 1.28219 1.04724
1.5313 1.28222 1.04733
1.53023 1.28155 1.04193
1.53026 1.28155 1.04192
1.5313 1.28222 1.04733
1.53117 1.28202 1.04666
1.53021 1.28152 1.04184
1.53023 1.28155 1.04193
1.53117 1.28202 1.04666
1.53105 1.28183 1.04599
1.53019 1.2815 1.04175
1.53021 1.28152 1.04184
1.53105 1.28183 1.04599
1.53092 1.28163 1.04532
1.53018 1.28147 1.04166
1.53019 1.2815 1.04175
1.53092 1.28163 1.04532
1.53078 1.28144 1.04465
1.53016 1.28145 1.04158
1.53018 1.28147 1.04166
1.53986 1.13191 1.10044
1.53634 1.13109 1.0976
1.53631 1.13417 1.09691
1.53988 1.13505 1.09994
1.53988 1.13505 1.09994
1.53631 1.13417 1.09691
1.5362 1.13904 1.0958
1.53982 1.14001 1.09915
1.53982 1.14001 1.09915
1.5362 1.13904 1.0958
1.53601 1.14399 1.09465
1.53961 1.14506 1.09832
1.53961 1.14506 1.09832
1.53601 1.14399 1.09465
1.53577 1.14894 1.09344
1.53932 1.15009 1.09743
1.53932 1.15009 1.09743
1.53577 1.14894 1.09344
1.53553 1.15386 1.09217
1.539 1.1551 1.09643
1.539 1.1551 1.09643
1.53553 1.15386 1.09217
1.53529 1.15878 1.09086
1.53867 1.16008 1.09534
1.53867 1.16008 1.09534
1.53529 1.15878 1.09086
1.53506 1.16367 1.08949
1.53832 1.16503 1.09416
1.53832 1.16503 1.09416
1.53506 1.16367 1.08949
1.53484 1.16856 1.08809
1.53796 1.16996 1.0929
1.53796 1.16996 1.0929
1.53484 1.16856 1.08809
1.53463 1.17344 1.08665
1.5376 1.17486 1.09156
1.5376 1.17486 1.09156
1.53463 1.17344 1.08665
1.53443 1.1783 1.08517
1.53724 1.17975 1.09015
1.53724 1.17975 1.09015
1.53443 1.1783 1.08517
1.53423 1.18316 1.08366
1.53688 1.18462 1.08868
1.53688 1.18462 1.08868
1.53423 1.18316 1.08366
1.53405 1.18801 1.08213
1.53653 1.18946 1.08714
1.53653 1.18946 1.08714
1.53405 1.18801 1.08213
1.53387 1.19285 1.08057
1.53619 1.19429 1.08554
1.53619 1.19429 1.08554
1.53387 1.19285 1.08057
1.5337 1.19768 1.07898
1.53585 1.19911 1.08389
1.53585 1.19911 1.08389
1.5337 1.19768 1.07898
1.53354 1.20251 1.07737
1.53553 1.20391 1.08219
1.53553 1.20391 1.08219
1.53354 1.20251 1.07737
1.53338 1.20733 1.07574
1.53522 1.2087 1.08044
1.53522 1.2087 1.08044
1.53338 1.20733 1.07574
1.53323 1.21215 1.07409
1.53492 1.21347 1.07865
1.53492 1.21347 1.07865
1.53323 1.21215 1.07409
1.53309 1.21695 1.07242
1.53463 1.21823 1.07682
1.53463 1.21823 1.07682
1.53309 1.21695 1.07242
1.53295 1.22176 1.07074
1.53435 1.22299 1.07496
1.53435 1.22299 1.07496
1.53295 1.22176 1.07074
1.53282 1.22656 1.06904
1.53409 1.22774 1.07308
1.53409 1.22774 1.07308
1.53282 1.22656 1.06904
1.53269 1.23136 1.06732
1.53386 1.23247 1.07116
1.53386 1.23247 1.07116
1.53269 1.23136 1.06732
1.53257 1.23615 1.06559
1.53363 1.2372 1.06922
1.53363 1.2372 1.06922
1.53257 1.23615 1.06559
1.53245 1.24094 1.06385
1.53342 1.24193 1.06727
1.53342 1.24193 1.06727
1.53245 1.24094 1.06385
1.53233 1.24572 1.0621
1.53322 1.24666 1.0653
1.53322 1.24666 1.0653
1.53233 1.24572 1.0621
1.53223 1.25051 1.06034
1.53303 1.25137 1.06333
1.53303 1.25137 1.06333
1.53223 1.25051 1.06034
1.53212 1.25529 1.05856
1.53285 1.25609 1.06135
1.53285 1.25609 1.06135
1.53212 1.25529 1.05856
1.53202 1.26006 1.05679
1.53267 1.26081 1.05936
1.53267 1.26081 1.05936
1.53202 1.26006 1.05679
1.53193 1.26484 1.055
1.53251 1.26553 1.05738
1.53251 1.26553 1.05738
1.53193 1.26484 1.055
1.53184 1.26961 1.0532
1.53236 1.27025 1.0554
1.53236 1.27025 1.0554
1.53184 1.26961 1.0532
1.53175 1.27418 1.05148
1.53222 1.27477 1.05351
1.53222 1.27477 1.05351
1.53175 1.27418 1.05148
1.53173 1.27529 1.05106
1.53219 1.27587 1.05306
1.53219 1.27587 1.05306
1.53173 1.27529 1.05106
1.53172 1.27619 1.05072
1.53216 1.27676 1.05268
1.53216 1.27676 1.05268
1.53172 1.27619 1.05072
1.53168 1.27707 1.05031
1.53212 1.27763 1.05223
1.53212 1.27763 1.05223
1.53168 1.27707 1.05031
1.53163 1.27793 1.04981
1.53205 1.27846 1.05166
1.53205 1.27846 1.05166
1.53163 1.27793 1.04981
1.53156 1.27875 1.0492
1.53195 1.27926 1.05095
1.53195 1.27926 1.05095
1.53156 1.27875 1.0492
1.53145 1.27954 1.04845
1.53181 1.28001 1.05007
1.53181 1.28001 1.05007
1.53145 1.27954 1.04845
1.5313 1.28027 1.04752
1.53162 1.28069 1.04896
1.53162 1.28069 1.04896
1.5313 1.28027 1.04752
1.53108 1.2809 1.04625
1.53134 1.28125 1.04743
1.53134 1.28125 1.04743
1.53108 1.2809 1.04625
1.53064 1.28125 1.04399
1.53078 1.28144 1.04465
1.53078 1.28144 1.04465
1.53064 1.28125 1.04399
1.53014 1.28142 1.04149
1.53016 1.28145 1.04158
1.5319 1.1008 1.1026
1.5319 1.1008 1.1026
1.5319 1.1008 1.1026
1.5319 1.1008 1.1026
1.5319 1.1008 1.1026
1.5319 1.1008 1.1026
1.5319 1.1008 1.1026
1.5319 1.1008 1.1026
1.5319 1.1008 1.1026
1.5319 1.1008 1.1026
1.5319 1.1008 1.1026
1.5319 1.1008 1.1026
1.5319 1.1008 1.1026
1.5319 1.1008 1.1026
1.5319 1.1008 1.1026
1.5319 1.1008 1.1026
1.5319 1.1008 1.1026
1.5319 1.1008 1.1026
1.5319 1.1008 1.1026
1.5319 1.1008 1.1026
1.5319 1.1008 1.1026
1.5319 1.1008 1.1026
1.5319 1.1008 1.1026
1.5319 1.1008 1.1026
1.5319 1.1008 1.1026
1.5319 1.1008 1.1026
1.5319 1.1008 1.1026
1.5319 1.1008 1.1026
1.5319 1.1008 1.1026
1.5319 1.1008 1.1026
1.5319 1.1008 1.1026
1.5319 1.1008 1.1026
1.5319 1.1008 1.1026
1.5319 1.1008 1.1026
1.5319 1.1008 1.1026
1.5319 1.1008 1.1026
1.5319 1.1008 1.1026
1.5319 1.1008 1.1026
1.5319 1.1008 1.1026
1.5319 1.1008 1.1026
1.5319 1.1008 1.1026
1.5319 1.1008 1.1026
1.5319 1.1008 1.1026
1.5319 1.1008 1.1026
1.5319 1.1008 1.1026
1.5319 1.1008 1.1026
1.5319 1.1008 1.1026
1.5319 1.1008 1.1026
1.5319 1.1008 1.1026
1.5319 1.1008 1.1026
1.5319 1.1008 1.1026
1.5319 1.1008 1.1026
1.5319 1.1008 1.1026
1.5319 1.1008 1.1026
1.5319 1.1008 1.1026
1.5319 1.1008 1.1026
1.5319 1.1008 1.1026
1.5319 1.1008 1.1026
1.5319 1.1008 1.1026
1.5319 1.1008 1.1026
1.5319 1.1008 1.1026
1.5319 1.1008 1.1026
1.5319 1.1008 1.1026
1.5319 1.1008 1.1026
1.5319 1.1008 1.1026
1.5319 1.1008 1.1026
1.5319 1.1008 1.1026
1.5319 1.1008 1.1026
1.5319 1.1008 1.1026
1.5319 1.1008 1.1026
1.5319 1.1008 1.1026
1.5319 1.1008 1.1026
1.5319 1.1008 1.1026
1.5319 1.1008 1.1026
1.5319 1.1008 1.1026
1.5319 1.1008 1.1026
1.5319 1.1008 1.1026
1.5319 1.1008 1.1026
1.5319 1.1008 1.1026
1.5319 1.1008 1.1026
1.5319 1.1008 1.1026
1.5319 1.1008 1.1026
1.5319 1.1008 1.1026
1.5319 1.1008 1.1026
1.5319 1.1008 1.1026
1.5319 1.1008 1.1026
1.5319 1.1008 1.1026
1.5319 1.1008 1.1026
1.53634 1.07051 1.1076
1.54073 1.07016 1.10638
1.54081 1.06701 1.10684
1.53631 1.06743 1.10829
1.54073 1.07016 1.10638
1.54489 1.06961 1.1045
1.54505 1.06639 1.10473
1.54081 1.06701 1.10684
1.54489 1.06961 1.1045
1.54889 1.06897 1.10231
1.54909 1.06569 1.1023
1.54505 1.06639 1.10473
1.54889 1.06897 1.10231
1.55255 1.0682 1.09964
1.55278 1.06484 1.0994
1.54909 1.06569 1.1023
1.55255 1.0682 1.09964
1.55504 1.06714 1.09601
1.55533 1.06374 1.09559
1.55278 1.06484 1.0994
1.55504 1.06714 1.09601
1.553 1.06618 1.09267
1.55319 1.06278 1.09231
1.55533 1.06374 1.09559
1.553 1.06618 1.09267
1.5492 1.06685 1.09501
1.54938 1.06356 1.09497
1.55319 1.06278 1.09231
1.5492 1.06685 1.09501
1.54611 1.0678 1.09828
1.54624 1.06456 1.09842
1.54938 1.06356 1.09497
1.54611 1.0678 1.09828
1.54305 1.06876 1.10158
1.54313 1.06557 1.1019
1.54624 1.06456 1.09842
1.54305 1.06876 1.10158
1.53986 1.06969 1.10476
1.53988 1.06655 1.10526
1.54313 1.06557 1.1019
1.53631 1.06743 1.10829
1.54081 1.06701 1.10684
1.54083 1.06203 1.10756
1.5362 1.06256 1.1094
1.54081 1.06701 1.10684
1.54505 1.06639 1.10473
1.54513 1.06131 1.10507
1.54083 1.06203 1.10756
1.54505 1.06639 1.10473
1.54909 1.06569 1.1023
1.54921 1.06049 1.10225
1.54513 1.06131 1.10507
1.54909 1.06569 1.1023
1.55278 1.06484 1.0994
1.55289 1.05954 1.09898
1.54921 1.06049 1.10225
1.55278 1.06484 1.0994
1.55533 1.06374 1.09559
1.55546 1.05835 1.09488
1.55289 1.05954 1.09898
1.55533 1.06374 1.09559
1.55319 1.06278 1.09231
1.55318 1.05744 1.09175
1.55546 1.05835 1.09488
1.55319 1.06278 1.09231
1.54938 1.06356 1.09497
1.54942 1.05835 1.09489
1.55318 1.05744 1.09175
1.54938 1.06356 1.09497
1.54624 1.06456 1.09842
1.54626 1.05944 1.09864
1.54942 1.05835 1.09489
1.54624 1.06456 1.09842
1.54313 1.06557 1.1019
1.54311 1.06053 1.1024
1.54626 1.05944 1.09864
1.54313 1.06557 1.1019
1.53988 1.06655 1.10526
1.53982 1.06159 1.10605
1.54311 1.06053 1.1024
1.5362 1.06256 1.1094
1.54083 1.06203 1.10756
1.54069 1.05695 1.1083
1.53601 1.05761 1.11055
1.54083 1.06203 1.10756
1.54513 1.06131 1.10507
1.545 1.05611 1.10541
1.54069 1.05695 1.1083
1.54513 1.06131 1.10507
1.54921 1.06049 1.10225
1.54905 1.05518 1.10218
1.545 1.05611 1.10541
1.54921 1.06049 1.10225
1.55289 1.05954 1.09898
1.55268 1.05411 1.09853
1.54905 1.05518 1.10218
1.55289 1.05954 1.09898
1.55546 1.05835 1.09488
1.55519 1.05284 1.09414
1.55268 1.05411 1.09853
1.55546 1.05835 1.09488
1.55318 1.05744 1.09175
1.55278 1.05198 1.0912
1.55519 1.05284 1.09414
1.55318 1.05744 1.09175
1.54942 1.05835 1.09489
1.54913 1.05303 1.0948
1.55278 1.05198 1.0912
1.54942 1.05835 1.09489
1.54626 1.05944 1.09864
1.54601 1.05421 1.09886
1.54913 1.05303 1.0948
1.54626 1.05944 1.09864
1.54311 1.06053 1.1024
1.54289 1.05539 1.10292
1.54601 1.05421 1.09886
1.54311 1.06053 1.1024
1.53982 1.06159 1.10605
1.53961 1.05654 1.10688
1.54289 1.05539 1.10292
1.53601 1.05761 1.11055
1.54069 1.05695 1.1083
1.54046 1.05189 1.10909
1.53577 1.05266 1.11176
1.54069 1.05695 1.1083
1.545 1.05611 1.10541
1.54473 1.05094 1.10581
1.54046 1.05189 1.10909
1.545 1.05611 1.10541
1.54905 1.05518 1.10218
1.54871 1.04989 1.10221
1.54473 1.05094 1.10581
1.54905 1.05518 1.10218
1.55268 1.05411 1.09853
1.55223 1.04872 1.0982
1.54871 1.04989 1.10221
1.55268 1.05411 1.09853
1.55519 1.05284 1.09414
1.55465 1.04737 1.09353
1.55223 1.04872 1.0982
1.55519 1.05284 1.09414
1.55278 1.05198 1.0912
1.55215 1.04658 1.09081
1.55465 1.04737 1.09353
1.55278 1.05198 1.0912
1.54913 1.05303 1.0948
1.54865 1.04774 1.09481
1.55215 1.04658 1.09081
1.54913 1.05303 1.0948
1.54601 1.05421 1.09886
1.5456 1.04901 1.09917
1.54865 1.04774 1.09481
1.54601 1.05421 1.09886
1.54289 1.05539 1.10292
1.54254 1.05027 1.10353
1.5456 1.04901 1.09917
1.54289 1.05539 1.10292
1.53961 1.05654 1.10688
1.53932 1.05151 1.10777
1.54254 1.05027 1.10353
1.53577 1.05266 1.11176
1.54046 1.05189 1.10909
1.54018 1.04685 1.10999
1.53553 1.04774 1.11303
1.54046 1.05189 1.10909
1.54473 1.05094 1.10581
1.54437 1.04581 1.10638
1.54018 1.04685 1.10999
1.54473 1.05094 1.10581
1.54871 1.04989 1.10221
1.54825 1.04466 1.10245
1.54437 1.04581 1.10638
1.54871 1.04989 1.10221
1.55223 1.04872 1.0982
1.55165 1.04341 1.09814
1.54825 1.04466 1.10245
1.55223 1.04872 1.0982
1.55465 1.04737 1.09353
1.55396 1.04198 1.09323
1.55165 1.04341 1.09814
1.55465 1.04737 1.09353
1.55215 1.04658 1.09081
1.55142 1.04126 1.09073
1.55396 1.04198 1.09323
1.55215 1.04658 1.09081
1.54865 1.04774 1.09481
1.54807 1.04252 1.09506
1.55142 1.04126 1.09073
1.54865 1.04774 1.09481
1.5456 1.04901 1.09917
1.54512 1.04386 1.09968
1.54807 1.04252 1.09506
1.5456 1.04901 1.09917
1.54254 1.05027 1.10353
1.54214 1.04519 1.10427
1.54512 1.04386 1.09968
1.54254 1.05027 1.10353
1.53932 1.05151 1.10777
1.539 1.0465 1.10877
1.54214 1.04519 1.10427
1.53553 1.04774 1.11303
1.54018 1.04685 1.10999
1.53986 1.04185 1.11099
1.53529 1.04282 1.11434
1.54018 1.04685 1.10999
1.54437 1.04581 1.10638
1.54396 1.04072 1.1071
1.53986 1.04185 1.11099
1.54437 1.04581 1.10638
1.54825 1.04466 1.10245
1.54771 1.0395 1.1029
1.54396 1.04072 1.1071
1.54825 1.04466 1.10245
1.55165 1.04341 1.09814
1.55097 1.03817 1.09834
1.54771 1.0395 1.1029
1.55165 1.04341 1.09814
1.55396 1.04198 1.09323
1.55316 1.03669 1.09324
1.55097 1.03817 1.09834
1.55396 1.04198 1.09323
1.55142 1.04126 1.09073
1.55061 1.03602 1.09094
1.55316 1.03669 1.09324
1.55142 1.04126 1.09073
1.54807 1.04252 1.09506
1.54742 1.03736 1.09554
1.55061 1.03602 1.09094
1.54807 1.04252 1.09506
1.54512 1.04386 1.09968
1.54458 1.03876 1.10036
1.54742 1.03736 1.09554
1.54512 1.04386 1.09968
1.54214 1.04519 1.10427
1.54171 1.04015 1.10516
1.54458 1.03876 1.10036
1.54214 1.04519 1.10427
1.539 1.0465 1.10877
1.53867 1.04152 1.10986
1.54171 1.04015 1.10516
1.53529 1.04282 1.11434
1.53986 1.04185 1.11099
1.53952 1.03688 1.11209
1.53506 1.03793 1.11571
1.53986 1.04185 1.11099
1.54396 1.04072 1.1071
1.5435 1.03568 1.10796
1.53952 1.03688 1.11209
1.54396 1.04072 1.1071
1.54771 1.0395 1.1029
1.54712 1.03439 1.10354
1.5435 1.03568 1.10796
1.54771 1.0395 1.1029
1.55097 1.03817 1.09834
1.55024 1.03301 1.09879
1.54712 1.03439 1.10354
1.55097 1.03817 1.09834
1.55316 1.03669 1.09324
1.55228 1.03149 1.09354
1.55024 1.03301 1.09879
1.55316 1.03669 1.09324
1.55061 1.03602 1.09094
1.54975 1.03087 1.09143
1.55228 1.03149 1.09354
1.55061 1.03602 1.09094
1.54742 1.03736 1.09554
1.54672 1.03227 1.09623
1.54975 1.03087 1.09143
1.54742 1.03736 1.09554
1.54458 1.03876 1.10036
1.54401 1.03372 1.10122
1.54672 1.03227 1.09623
1.54458 1.03876 1.10036
1.54171 1.04015 1.10516
1.54124 1.03516 1.10617
1.54401 1.03372 1.10122
1.54171 1.04015 1.10516
1.53867 1.04152 1.10986
1.53832 1.03657 1.11104
1.54124 1.03516 1.10617
1.53506 1.03793 1.11571
1.53952 1.03688 1.11209
1.53918 1.03193 1.11328
1.53484 1.03304 1.11711
1.53952 1.03688 1.11209
1.5435 1.03568 1.10796
1.54301 1.03067 1.10897
1.53918 1.03193 1.11328
1.5435 1.03568 1.10796
1.54712 1.03439 1.10354
1.54649 1.02934 1.10438
1.54301 1.03067 1.10897
1.54712 1.03439 1.10354
1.55024 1.03301 1.09879
1.54946 1.02792 1.09948
1.54649 1.02934 1.10438
1.55024 1.03301 1.09879
1.55228 1.03149 1.09354
1.55136 1.02636 1.09413
1.54946 1.02792 1.09948
1.55228 1.03149 1.09354
1.54975 1.03087 1.09143
1.54885 1.0258 1.09218
1.55136 1.02636 1.09413
1.54975 1.03087 1.09143
1.54672 1.03227 1.09623
1.54599 1.02724 1.09714
1.54885 1.0258 1.09218
1.54672 1.03227 1.09623
1.54401 1.03372 1.10122
1.5434 1.02872 1.10224
1.54599 1.02724 1.09714
1.54401 1.03372 1.10122
1.54124 1.03516 1.10617
1.54076 1.03019 1.10731
1.5434 1.02872 1.10224
1.54124 1.03516 1.10617
1.53832 1.03657 1.11104
1.53796 1.03164 1.1123
1.54076 1.03019 1.10731
1.53484 1.03304 1.11711
1.53918 1.03193 1.11328
1.53882 1.027 1.11455
1.53463 1.02816 1.11855
1.53918 1.03193 1.11328
1.54301 1.03067 1.10897
1.54251 1.02571 1.1101
1.53882 1.027 1.11455
1.54301 1.03067 1.10897
1.54649 1.02934 1.10438
1.54584 1.02434 1.1054
1.54251 1.02571 1.1101
1.54649 1.02934 1.10438
1.54946 1.02792 1.09948
1.54865 1.02289 1.1004
1.54584 1.02434 1.1054
1.54946 1.02792 1.09948
1.55136 1.02636 1.09413
1.55041 1.02132 1.09498
1.54865 1.02289 1.1004
1.55136 1.02636 1.09413
1.54885 1.0258 1.09218
1.54793 1.02079 1.09317
1.55041 1.02132 1.09498
1.54885 1.0258 1.09218
1.54599 1.02724 1.09714
1.54523 1.02226 1.09823
1.54793 1.02079 1.09317
1.54599 1.02724 1.09714
1.5434 1.02872 1.10224
1.54278 1.02376 1.10341
1.54523 1.02226 1.09823
1.5434 1.02872 1.10224
1.54076 1.03019 1.10731
1.54027 1.02526 1.10856
1.54278 1.02376 1.10341
1.54076 1.03019 1.10731
1.53796 1.03164 1.1123
1.5376 1.02674 1.11364
1.54027 1.02526 1.10856
1.53463 1.02816 1.11855
1.53882 1.027 1.11455
1.53846 1.0221 1.1159
1.53443 1.0233 1.12003
1.53882 1.027 1.11455
1.54251 1.02571 1.1101
1.542 1.02078 1.11136
1.53846 1.0221 1.1159
1.54251 1.02571 1.1101
1.54584 1.02434 1.1054
1.54517 1.01939 1.10658
1.542 1.02078 1.11136
1.54584 1.02434 1.1054
1.54865 1.02289 1.1004
1.54783 1.01792 1.10152
1.54517 1.01939 1.10658
1.54865 1.02289 1.1004
1.55041 1.02132 1.09498
1.54945 1.01634 1.09608
1.54783 1.01792 1.10152
1.55041 1.02132 1.09498
1.54793 1.02079 1.09317
1.54701 1.01585 1.0944
1.54945 1.01634 1.09608
1.54793 1.02079 1.09317
1.54523 1.02226 1.09823
1.54447 1.01734 1.09951
1.54701 1.01585 1.0944
1.54523 1.02226 1.09823
1.54278 1.02376 1.10341
1.54215 1.01885 1.10473
1.54447 1.01734 1.09951
1.54278 1.02376 1.10341
1.54027 1.02526 1.10856
1.53977 1.02036 1.10992
1.54215 1.01885 1.10473
1.54027 1.02526 1.10856
1.5376 1.02674 1.11364
1.53724 1.02185 1.11505
1.53977 1.02036 1.10992
1.53443 1.0233 1.12003
1.53846 1.0221 1.1159
1.5381 1.01722 1.11732
1.53423 1.01844 1.12154
1.53846 1.0221 1.1159
1.542 1.02078 1.11136
1.54148 1.01588 1.11273
1.5381 1.01722 1.11732
1.542 1.02078 1.11136
1.54517 1.01939 1.10658
1.5445 1.01448 1.10791
1.54148 1.01588 1.11273
1.54517 1.01939 1.10658
1.54783 1.01792 1.10152
1.54701 1.01301 1.10283
1.5445 1.01448 1.10791
1.54783 1.01792 1.10152
1.54945 1.01634 1.09608
1.54849 1.01143 1.0974
1.54701 1.01301 1.10283
1.54945 1.01634 1.09608
1.54701 1.01585 1.0944
1.54608 1.01097 1.09583
1.54849 1.01143 1.0974
1.54701 1.01585 1.0944
1.54447 1.01734 1.09951
1.5437 1.01247 1.10097
1.54608 1.01097 1.09583
1.54447 1.01734 1.09951
1.54215 1.01885 1.10473
1.54152 1.01398 1.10619
1.5437 1.01247 1.10097
1.54215 1.01885 1.10473
1.53977 1.02036 1.10992
1.53927 1.01549 1.11138
1.54152 1.01398 1.10619
1.53977 1.02036 1.10992
1.53724 1.02185 1.11505
1.53688 1.01698 1.11652
1.53927 1.01549 1.11138
1.53423 1.01844 1.12154
1.5381 1.01722 1.11732
1.53773 1.01235 1.1188
1.53405 1.01359 1.12307
1.5381 1.01722 1.11732
1.54148 1.01588 1.11273
1.54096 1.01101 1.1142
1.53773 1.01235 1.1188
1.54148 1.01588 1.11273
1.5445 1.01448 1.10791
1.54383 1.00961 1.10937
1.54096 1.01101 1.1142
1.5445 1.01448 1.10791
1.54701 1.01301 1.10283
1.54618 1.00814 1.10431
1.54383 1.00961 1.10937
1.54701 1.01301 1.10283
1.54849 1.01143 1.0974
1.54753 1.00658 1.09892
1.54618 1.00814 1.10431
1.54849 1.01143 1.0974
1.54608 1.01097 1.09583
1.54517 1.00615 1.09747
1.54753 1.00658 1.09892
1.54608 1.01097 1.09583
1.5437 1.01247 1.10097
1.54294 1.00764 1.10258
1.54517 1.00615 1.09747
1.5437 1.01247 1.10097
1.54152 1.01398 1.10619
1.54089 1.00915 1.10778
1.54294 1.00764 1.10258
1.54152 1.01398 1.10619
1.53927 1.01549 1.11138
1.53878 1.01065 1.11294
1.54089 1.00915 1.10778
1.53927 1.01549 1.11138
1.53688 1.01698 1.11652
1.53653 1.01214 1.11806
1.53878 1.01065 1.11294
1.53405 1.01359 1.12307
1.53773 1.01235 1.1188
1.53737 1.00751 1.12035
1.53387 1.00875 1.12463
1.53773 1.01235 1.1188
1.54096 1.01101 1.1142
1.54044 1.00617 1.11576
1.53737 1.00751 1.12035
1.54096 1.01101 1.1142
1.54383 1.00961 1.10937
1.54314 1.00478 1.11097
1.54044 1.00617 1.11576
1.54383 1.00961 1.10937
1.54618 1.00814 1.10431
1.54535 1.00332 1.10595
1.54314 1.00478 1.11097
1.54618 1.00814 1.10431
1.54753 1.00658 1.09892
1.54657 1.00178 1.10064
1.54535 1.00332 1.10595
1.54753 1.00658 1.09892
1.54517 1.00615 1.09747
1.54428 1.00139 1.09929
1.54657 1.00178 1.10064
1.54517 1.00615 1.09747
1.54294 1.00764 1.10258
1.5422 1.00286 1.10436
1.54428 1.00139 1.09929
1.54294 1.00764 1.10258
1.54089 1.00915 1.10778
1.54028 1.00435 1.10949
1.5422 1.00286 1.10436
1.54089 1.00915 1.10778
1.53878 1.01065 1.11294
1.5383 1.00583 1.1146
1.54028 1.00435 1.10949
1.53878 1.01065 1.11294
1.53653 1.01214 1.11806
1.53619 1.00731 1.11966
1.5383 1.00583 1.1146
1.53387 1.00875 1.12463
1.53737 1.00751 1.12035
1.53701 1.00268 1.12195
1.5337 1.00392 1.12622
1.53737 1.00751 1.12035
1.54044 1.00617 1.11576
1.53991 1.00136 1.11741
1.53701 1.00268 1.12195
1.54044 1.00617 1.11576
1.54314 1.00478 1.11097
1.54246 0.999986 1.11268
1.53991 1.00136 1.11741
1.54314 1.00478 1.11097
1.54535 1.00332 1.10595
1.54453 0.99855 1.10774
1.54246 0.999986 1.11268
1.54535 1.00332 1.10595
1.54657 1.00178 1.10064
1.54563 0.997037 1.10253
1.54453 0.99855 1.10774
1.54657 1.00178 1.10064
1.54428 1.00139 1.09929
1.54341 0.996673 1.10128
1.54563 0.997037 1.10253
1.54428 1.00139 1.09929
1.5422 1.00286 1.10436
1.54148 0.998123 1.10627
1.54341 0.996673 1.10128
1.5422 1.00286 1.10436
1.54028 1.00435 1.10949
1.53968 0.999588 1.11131
1.54148 0.998123 1.10627
1.54028 1.00435 1.10949
1.5383 1.00583 1.1146
1.53782 1.00105 1.11633
1.53968 0.999588 1.11131
1.5383 1.00583 1.1146
1.53619 1.00731 1.11966
1.53585 1.00249 1.12131
1.53782 1.00105 1.11633
1.5337 1.00392 1.12622
1.53701 1.00268 1.12195
1.53666 0.997864 1.1236
1.53354 0.999091 1.12783
1.53701 1.00268 1.12195
1.53991 1.00136 1.11741
1.53939 0.996566 1.11914
1.53666 0.997864 1.1236
1.53991 1.00136 1.11741
1.54246 0.999986 1.11268
1.54179 0.995218 1.1145
1.53939 0.996566 1.11914
1.54246 0.999986 1.11268
1.54453 0.99855 1.10774
1.54372 0.993812 1.10966
1.54179 0.995218 1.1145
1.54453 0.99855 1.10774
1.54563 0.997037 1.10253
1.54471 0.992335 1.10457
1.54372 0.993812 1.10966
1.54563 0.997037 1.10253
1.54341 0.996673 1.10128
1.54257 0.992 1.10342
1.54471 0.992335 1.10457
1.54341 0.996673 1.10128
1.54148 0.998123 1.10627
1.54078 0.993419 1.1083
1.54257 0.992 1.10342
1.54148 0.998123 1.10627
1.53968 0.999588 1.11131
1.5391 0.994851 1.11323
1.54078 0.993419 1.1083
1.53968 0.999588 1.11131
1.53782 1.00105 1.11633
1.53737 0.996277 1.11814
1.5391 0.994851 1.11323
1.53782 1.00105 1.11633
1.53585 1.00249 1.12131
1.53553 0.997692 1.12301
1.53737 0.996277 1.11814
1.53354 0.999091 1.12783
1.53666 0.997864 1.1236
1.53631 0.993062 1.1253
1.53338 0.994269 1.12946
1.53666 0.997864 1.1236
1.53939 0.996566 1.11914
1.53888 0.991793 1.12094
1.53631 0.993062 1.1253
1.53939 0.996566 1.11914
1.54179 0.995218 1.1145
1.54113 0.990477 1.11641
1.53888 0.991793 1.12094
1.54179 0.995218 1.1145
1.54372 0.993812 1.10966
1.54292 0.989108 1.11169
1.54113 0.990477 1.11641
1.54372 0.993812 1.10966
1.54471 0.992335 1.10457
1.5438 0.987675 1.10676
1.54292 0.989108 1.11169
1.54471 0.992335 1.10457
1.54257 0.992 1.10342
1.54176 0.987366 1.1057
1.5438 0.987675 1.10676
1.54257 0.992 1.10342
1.54078 0.993419 1.1083
1.5401 0.988748 1.11045
1.54176 0.987366 1.1057
1.54078 0.993419 1.1083
1.5391 0.994851 1.11323
1.53855 0.99014 1.11525
1.5401 0.988748 1.11045
1.5391 0.994851 1.11323
1.53737 0.996277 1.11814
1.53693 0.991527 1.12002
1.53855 0.99014 1.11525
1.53737 0.996277 1.11814
1.53553 0.997692 1.12301
1.53522 0.992905 1.12476
1.53693 0.991527 1.12002
1.53338 0.994269 1.12946
1.53631 0.993062 1.1253
1.53597 0.988274 1.12705
1.53323 0.989454 1.13111
1.53631 0.993062 1.1253
1.53888 0.991793 1.12094
1.53838 0.98704 1.1228
1.53597 0.988274 1.12705
1.53888 0.991793 1.12094
1.54113 0.990477 1.11641
1.54048 0.985763 1.11841
1.53838 0.98704 1.1228
1.54113 0.990477 1.11641
1.54292 0.989108 1.11169
1.54213 0.984436 1.11384
1.54048 0.985763 1.11841
1.54292 0.989108 1.11169
1.5438 0.987675 1.10676
1.54293 0.983052 1.10907
1.54213 0.984436 1.11384
1.5438 0.987675 1.10676
1.54176 0.987366 1.1057
1.54098 0.982768 1.1081
1.54293 0.983052 1.10907
1.54176 0.987366 1.1057
1.5401 0.988748 1.11045
1.53944 0.984106 1.1127
1.54098 0.982768 1.1081
1.5401 0.988748 1.11045
1.53855 0.99014 1.11525
1.538 0.985453 1.11734
1.53944 0.984106 1.1127
1.53855 0.99014 1.11525
1.53693 0.991527 1.12002
1.53651 0.986795 1.12196
1.538 0.985453 1.11734
1.53693 0.991527 1.12002
1.53522 0.992905 1.12476
1.53492 0.98813 1.12655
1.53651 0.986795 1.12196
1.53323 0.989454 1.13111
1.53597 0.988274 1.12705
1.53564 0.983499 1.12883
1.53309 0.984645 1.13278
1.53597 0.988274 1.12705
1.53838 0.98704 1.1228
1.53789 0.982305 1.12472
1.53564 0.983499 1.12883
1.53838 0.98704 1.1228
1.54048 0.985763 1.11841
1.53984 0.981072 1.12048
1.53789 0.982305 1.12472
1.54048 0.985763 1.11841
1.54213 0.984436 1.11384
1.54137 0.979793 1.11608
1.53984 0.981072 1.12048
1.54213 0.984436 1.11384
1.54293 0.983052 1.10907
1.54208 0.978462 1.11149
1.54137 0.979793 1.11608
1.54293 0.983052 1.10907
1.54098 0.982768 1.1081
1.54023 0.978202 1.1106
1.54208 0.978462 1.11149
1.54098 0.982768 1.1081
1.53944 0.984106 1.1127
1.53881 0.979492 1.11504
1.54023 0.978202 1.1106
1.53944 0.984106 1.1127
1.538 0.985453 1.11734
1.53748 0.980789 1.1195
1.53881 0.979492 1.11504
1.538 0.985453 1.11734
1.53651 0.986795 1.12196
1.5361 0.982081 1.12395
1.53748 0.980789 1.1195
1.53651 0.986795 1.12196
1.53492 0.98813 1.12655
1.53463 0.983367 1.12838
1.5361 0.982081 1.12395
1.53309 0.984645 1.13278
1.53564 0.983499 1.12883
1.53531 0.978733 1.13065
1.53295 0.97984 1.13446
1.53564 0.983499 1.12883
1.53789 0.982305 1.12472
1.53741 0.977584 1.1267
1.53531 0.978733 1.13065
1.53789 0.982305 1.12472
1.53984 0.981072 1.12048
1.53922 0.976399 1.12262
1.53741 0.977584 1.1267
1.53984 0.981072 1.12048
1.54137 0.979793 1.11608
1.54064 0.975172 1.1184
1.53922 0.976399 1.12262
1.54137 0.979793 1.11608
1.54208 0.978462 1.11149
1.54126 0.973898 1.11401
1.54064 0.975172 1.1184
1.54208 0.978462 1.11149
1.54023 0.978202 1.1106
1.53951 0.97366 1.11319
1.54126 0.973898 1.11401
1.54023 0.978202 1.1106
1.53881 0.979492 1.11504
1.53821 0.974897 1.11745
1.53951 0.97366 1.11319
1.53881 0.979492 1.11504
1.53748 0.980789 1.1195
1.53699 0.97614 1.12173
1.53821 0.974897 1.11745
1.53748 0.980789 1.1195
1.5361 0.982081 1.12395
1.5357 0.977379 1.12599
1.53699 0.97614 1.12173
1.5361 0.982081 1.12395
1.53463 0.983367 1.12838
1.53435 0.978612 1.13024
1.5357 0.977379 1.12599
1.53295 0.97984 1.13446
1.53531 0.978733 1.13065
1.535 0.973974 1.1325
1.53282 0.975038 1.13616
1.53531 0.978733 1.13065
1.53741 0.977584 1.1267
1.53694 0.972874 1.12871
1.535 0.973974 1.1325
1.53741 0.977584 1.1267
1.53922 0.976399 1.12262
1.53862 0.971741 1.12481
1.53694 0.972874 1.12871
1.53922 0.976399 1.12262
1.54064 0.975172 1.1184
1.53993 0.970571 1.12079
1.53862 0.971741 1.12481
1.54064 0.975172 1.1184
1.54126 0.973898 1.11401
1.54048 0.969357 1.11661
1.53993 0.970571 1.12079
1.54126 0.973898 1.11401
1.53951 0.97366 1.11319
1.53882 0.96914 1.11586
1.54048 0.969357 1.11661
1.53951 0.97366 1.11319
1.53821 0.974897 1.11745
1.53764 0.970321 1.11992
1.53882 0.96914 1.11586
1.53821 0.974897 1.11745
1.53699 0.97614 1.12173
1.53651 0.971506 1.12401
1.53764 0.970321 1.11992
1.53699 0.97614 1.12173
1.5357 0.977379 1.12599
1.53533 0.972688 1.12807
1.53651 0.971506 1.12401
1.5357 0.977379 1.12599
1.53435 0.978612 1.13024
1.53409 0.973864 1.13212
1.53533 0.972688 1.12807
1.53282 0.975038 1.13616
1.535 0.973974 1.1325
1.53471 0.969229 1.13439
1.53269 0.970244 1.13788
1.535 0.973974 1.1325
1.53694 0.972874 1.12871
1.53651 0.968181 1.13078
1.53471 0.969229 1.13439
1.53694 0.972874 1.12871
1.53862 0.971741 1.12481
1.53806 0.967103 1.12707
1.53651 0.968181 1.13078
1.53862 0.971741 1.12481
1.53993 0.970571 1.12079
1.53925 0.96599 1.12324
1.53806 0.967103 1.12707
1.53993 0.970571 1.12079
1.54048 0.969357 1.11661
1.53973 0.964839 1.11927
1.53925 0.96599 1.12324
1.54048 0.969357 1.11661
1.53882 0.96914 1.11586
1.53817 0.96464 1.11859
1.53973 0.964839 1.11927
1.53882 0.96914 1.11586
1.53764 0.970321 1.11992
1.5371 0.965762 1.12245
1.53817 0.96464 1.11859
1.53764 0.970321 1.11992
1.53651 0.971506 1.12401
1.53607 0.966888 1.12633
1.5371 0.965762 1.12245
1.53651 0.971506 1.12401
1.53533 0.972688 1.12807
1.53499 0.968011 1.13019
1.53607 0.966888 1.12633
1.53533 0.972688 1.12807
1.53409 0.973864 1.13212
1.53386 0.969129 1.13404
1.53499 0.968011 1.13019
1.53269 0.970244 1.13788
1.53471 0.969229 1.13439
1.53444 0.964488 1.13629
1.53257 0.965451 1.13961
1.53471 0.969229 1.13439
1.53651 0.968181 1.13078
1.5361 0.963494 1.13287
1.53444 0.964488 1.13629
1.53651 0.968181 1.13078
1.53806 0.967103 1.12707
1.53752 0.962472 1.12935
1.5361 0.963494 1.13287
1.53806 0.967103 1.12707
1.53925 0.96599 1.12324
1.5386 0.96142 1.12573
1.53752 0.962472 1.12935
1.53925 0.96599 1.12324
1.53973 0.964839 1.11927
1.53902 0.960332 1.12199
1.5386 0.96142 1.12573
1.53973 0.964839 1.11927
1.53817 0.96464 1.11859
1.53756 0.96015 1.12136
1.53902 0.960332 1.12199
1.53817 0.96464 1.11859
1.5371 0.965762 1.12245
1.53658 0.961212 1.12502
1.53756 0.96015 1.12136
1.5371 0.965762 1.12245
1.53607 0.966888 1.12633
1.53565 0.962277 1.12868
1.53658 0.961212 1.12502
1.53607 0.966888 1.12633
1.53499 0.968011 1.13019
1.53467 0.963339 1.13234
1.53565 0.962277 1.12868
1.53499 0.968011 1.13019
1.53386 0.969129 1.13404
1.53363 0.964396 1.13598
1.53467 0.963339 1.13234
1.53257 0.965451 1.13961
1.53444 0.964488 1.13629
1.53417 0.959752 1.13822
1.53245 0.960662 1.14135
1.53444 0.964488 1.13629
1.5361 0.963494 1.13287
1.5357 0.958814 1.13499
1.53417 0.959752 1.13822
1.5361 0.963494 1.13287
1.53752 0.962472 1.12935
1.537 0.957851 1.13167
1.5357 0.958814 1.13499
1.53752 0.962472 1.12935
1.5386 0.96142 1.12573
1.53799 0.95686 1.12826
1.537 0.957851 1.13167
1.5386 0.96142 1.12573
1.53902 0.960332 1.12199
1.53835 0.955837 1.12474
1.53799 0.95686 1.12826
1.53902 0.960332 1.12199
1.53756 0.96015 1.12136
1.53698 0.955671 1.12417
1.53835 0.955837 1.12474
1.53756 0.96015 1.12136
1.53658 0.961212 1.12502
1.5361 0.956671 1.12761
1.53698 0.955671 1.12417
1.53658 0.961212 1.12502
1.53565 0.962277 1.12868
1.53526 0.957674 1.13106
1.5361 0.956671 1.12761
1.53565 0.962277 1.12868
1.53467 0.963339 1.13234
1.53437 0.958673 1.1345
1.53526 0.957674 1.13106
1.53467 0.963339 1.13234
1.53363 0.964396 1.13598
1.53342 0.959669 1.13793
1.53437 0.958673 1.1345
1.53245 0.960662 1.14135
1.53417 0.959752 1.13822
1.53392 0.95502 1.14016
1.53233 0.955875 1.1431
1.53417 0.959752 1.13822
1.5357 0.958814 1.13499
1.53532 0.954139 1.13713
1.53392 0.95502 1.14016
1.5357 0.958814 1.13499
1.537 0.957851 1.13167
1.53651 0.953235 1.13401
1.53532 0.954139 1.13713
1.537 0.957851 1.13167
1.53799 0.95686 1.12826
1.5374 0.952306 1.13081
1.53651 0.953235 1.13401
1.53799 0.95686 1.12826
1.53835 0.955837 1.12474
1.53771 0.951348 1.12752
1.5374 0.952306 1.13081
1.53835 0.955837 1.12474
1.53698 0.955671 1.12417
1.53643 0.951198 1.127
1.53771 0.951348 1.12752
1.53698 0.955671 1.12417
1.5361 0.956671 1.12761
1.53564 0.952135 1.13023
1.53643 0.951198 1.127
1.5361 0.956671 1.12761
1.53526 0.957674 1.13106
1.53488 0.953075 1.13346
1.53564 0.952135 1.13023
1.53526 0.957674 1.13106
1.53437 0.958673 1.1345
1.53408 0.954011 1.13668
1.53488 0.953075 1.13346
1.53437 0.958673 1.1345
1.53342 0.959669 1.13793
1.53322 0.954944 1.1399
1.53408 0.954011 1.13668
1.53233 0.955875 1.1431
1.53392 0.95502 1.14016
1.53368 0.950294 1.14211
1.53223 0.951095 1.14486
1.53392 0.95502 1.14016
1.53532 0.954139 1.13713
1.53495 0.949471 1.13927
1.53368 0.950294 1.14211
1.53532 0.954139 1.13713
1.53651 0.953235 1.13401
1.53604 0.948626 1.13637
1.53495 0.949471 1.13927
1.53651 0.953235 1.13401
1.5374 0.952306 1.13081
1.53684 0.947758 1.13338
1.53604 0.948626 1.13637
1.5374 0.952306 1.13081
1.53771 0.951348 1.12752
1.53711 0.946865 1.13031
1.53684 0.947758 1.13338
1.53771 0.951348 1.12752
1.53643 0.951198 1.127
1.53592 0.946728 1.12983
1.53711 0.946865 1.13031
1.53643 0.951198 1.127
1.53564 0.952135 1.13023
1.53521 0.947603 1.13285
1.53592 0.946728 1.12983
1.53564 0.952135 1.13023
1.53488 0.953075 1.13346
1.53453 0.94848 1.13586
1.53521 0.947603 1.13285
1.53488 0.953075 1.13346
1.53408 0.954011 1.13668
1.5338 0.949355 1.13887
1.53453 0.94848 1.13586
1.53408 0.954011 1.13668
1.53322 0.954944 1.1399
1.53303 0.950226 1.14187
1.5338 0.949355 1.13887
1.53223 0.951095 1.14486
1.53368 0.950294 1.14211
1.53345 0.945568 1.14407
1.53212 0.946314 1.14664
1.53368 0.950294 1.14211
1.53495 0.949471 1.13927
1.53461 0.944801 1.14143
1.53345 0.945568 1.14407
1.53495 0.949471 1.13927
1.53604 0.948626 1.13637
1.53559 0.944015 1.13872
1.53461 0.944801 1.14143
1.53604 0.948626 1.13637
1.53684 0.947758 1.13338
1.53632 0.943207 1.13594
1.53559 0.944015 1.13872
1.53684 0.947758 1.13338
1.53711 0.946865 1.13031
1.53654 0.942378 1.13309
1.53632 0.943207 1.13594
1.53711 0.946865 1.13031
1.53592 0.946728 1.12983
1.53544 0.942254 1.13266
1.53654 0.942378 1.13309
1.53592 0.946728 1.12983
1.53521 0.947603 1.13285
1.5348 0.943068 1.13546
1.53544 0.942254 1.13266
1.53521 0.947603 1.13285
1.53453 0.94848 1.13586
1.53419 0.943883 1.13827
1.5348 0.943068 1.13546
1.53453 0.94848 1.13586
1.5338 0.949355 1.13887
1.53354 0.944696 1.14107
1.53419 0.943883 1.13827
1.5338 0.949355 1.13887
1.53303 0.950226 1.14187
1.53285 0.945506 1.14385
1.53354 0.944696 1.14107
1.53212 0.946314 1.14664
1.53345 0.945568 1.14407
1.53323 0.940843 1.14603
1.53202 0.941536 1.14841
1.53345 0.945568 1.14407
1.53461 0.944801 1.14143
1.53429 0.940131 1.14358
1.53323 0.940843 1.14603
1.53461 0.944801 1.14143
1.53559 0.944015 1.13872
1.53518 0.939402 1.14107
1.53429 0.940131 1.14358
1.53559 0.944015 1.13872
1.53632 0.943207 1.13594
1.53583 0.938654 1.13849
1.53518 0.939402 1.14107
1.53632 0.943207 1.13594
1.53654 0.942378 1.13309
1.53602 0.937887 1.13585
1.53583 0.938654 1.13849
1.53654 0.942378 1.13309
1.53544 0.942254 1.13266
1.53499 0.937774 1.13547
1.53602 0.937887 1.13585
1.53544 0.942254 1.13266
1.5348 0.943068 1.13546
1.53442 0.938528 1.13806
1.53499 0.937774 1.13547
1.5348 0.943068 1.13546
1.53419 0.943883 1.13827
1.53388 0.939283 1.14066
1.53442 0.938528 1.13806
1.53419 0.943883 1.13827
1.53354 0.944696 1.14107
1.5333 0.940036 1.14325
1.53388 0.939283 1.14066
1.53354 0.944696 1.14107
1.53285 0.945506 1.14385
1.53267 0.940787 1.14584
1.5333 0.940036 1.14325
1.53202 0.941536 1.14841
1.53323 0.940843 1.14603
1.53303 0.936119 1.148
1.53193 0.93676 1.1502
1.53323 0.940843 1.14603
1.53429 0.940131 1.14358
1.53399 0.93546 1.14573
1.53303 0.936119 1.148
1.53429 0.940131 1.14358
1.53518 0.939402 1.14107
1.53479 0.934786 1.14341
1.53399 0.93546 1.14573
1.53518 0.939402 1.14107
1.53583 0.938654 1.13849
1.53537 0.934094 1.14103
1.53479 0.934786 1.14341
1.53583 0.938654 1.13849
1.53602 0.937887 1.13585
1.53553 0.933386 1.13859
1.53537 0.934094 1.14103
1.53602 0.937887 1.13585
1.53499 0.937774 1.13547
1.53458 0.933284 1.13824
1.53553 0.933386 1.13859
1.53499 0.937774 1.13547
1.53442 0.938528 1.13806
1.53407 0.93398 1.14064
1.53458 0.933284 1.13824
1.53442 0.938528 1.13806
1.53388 0.939283 1.14066
1.53359 0.934678 1.14304
1.53407 0.93398 1.14064
1.53388 0.939283 1.14066
1.5333 0.940036 1.14325
1.53307 0.935374 1.14543
1.53359 0.934678 1.14304
1.5333 0.940036 1.14325
1.53267 0.940787 1.14584
1.53251 0.936068 1.14782
1.53307 0.935374 1.14543
1.53193 0.93676 1.1502
1.53303 0.936119 1.148
1.53284 0.931396 1.14996
1.53184 0.931988 1.152
1.53303 0.936119 1.148
1.53399 0.93546 1.14573
1.5337 0.930788 1.14786
1.53284 0.931396 1.14996
1.53399 0.93546 1.14573
1.53479 0.934786 1.14341
1.53443 0.930165 1.14572
1.5337 0.930788 1.14786
1.53479 0.934786 1.14341
1.53537 0.934094 1.14103
1.53495 0.929527 1.14353
1.53443 0.930165 1.14572
1.53537 0.934094 1.14103
1.53553 0.933386 1.13859
1.53508 0.928875 1.14128
1.53495 0.929527 1.14353
1.53553 0.933386 1.13859
1.53458 0.933284 1.13824
1.53421 0.928782 1.14096
1.53508 0.928875 1.14128
1.53458 0.933284 1.13824
1.53407 0.93398 1.14064
1.53375 0.929424 1.14317
1.53421 0.928782 1.14096
1.53407 0.93398 1.14064
1.53359 0.934678 1.14304
1.53332 0.930068 1.14539
1.53375 0.929424 1.14317
1.53359 0.934678 1.14304
1.53307 0.935374 1.14543
1.53286 0.93071 1.1476
1.53332 0.930068 1.14539
1.53307 0.935374 1.14543
1.53251 0.936068 1.14782
1.53236 0.93135 1.1498
1.53286 0.93071 1.1476
1.53184 0.931988 1.152
1.53284 0.931396 1.14996
1.53266 0.92687 1.15183
1.53175 0.927419 1.15372
1.53284 0.931396 1.14996
1.5337 0.930788 1.14786
1.53346 0.926307 1.14989
1.53266 0.92687 1.15183
1.5337 0.930788 1.14786
1.53443 0.930165 1.14572
1.53411 0.925731 1.14791
1.53346 0.926307 1.14989
1.53443 0.930165 1.14572
1.53495 0.929527 1.14353
1.53458 0.925141 1.14588
1.53411 0.925731 1.14791
1.53495 0.929527 1.14353
1.53508 0.928875 1.14128
1.53469 0.924538 1.1438
1.53458 0.925141 1.14588
1.53508 0.928875 1.14128
1.53421 0.928782 1.14096
1.53388 0.924453 1.14351
1.53469 0.924538 1.1438
1.53421 0.928782 1.14096
1.53375 0.929424 1.14317
1.53347 0.925047 1.14556
1.53388 0.924453 1.14351
1.53375 0.929424 1.14317
1.53332 0.930068 1.14539
1.53309 0.925643 1.14761
1.53347 0.925047 1.14556
1.53332 0.930068 1.14539
1.53286 0.93071 1.1476
1.53267 0.926236 1.14965
1.53309 0.925643 1.14761
1.53286 0.93071 1.1476
1.53236 0.93135 1.1498
1.53222 0.926828 1.15169
1.53267 0.926236 1.14965
1.53175 0.927419 1.15372
1.53266 0.92687 1.15183
1.53263 0.925774 1.15228
1.53173 0.926313 1.15414
1.53266 0.92687 1.15183
1.53346 0.926307 1.14989
1.5334 0.925221 1.15038
1.53263 0.925774 1.15228
1.53346 0.926307 1.14989
1.53411 0.925731 1.14791
1.53404 0.924656 1.14844
1.5334 0.925221 1.15038
1.53411 0.925731 1.14791
1.53458 0.925141 1.14588
1.5345 0.924077 1.14644
1.53404 0.924656 1.14844
1.53458 0.925141 1.14588
1.53469 0.924538 1.1438
1.5346 0.923485 1.14441
1.5345 0.924077 1.14644
1.53469 0.924538 1.1438
1.53388 0.924453 1.14351
1.5338 0.923403 1.14412
1.5346 0.923485 1.14441
1.53388 0.924453 1.14351
1.53347 0.925047 1.14556
1.53341 0.923986 1.14613
1.5338 0.923403 1.14412
1.53347 0.925047 1.14556
1.53309 0.925643 1.14761
1.53303 0.92457 1.14814
1.53341 0.923986 1.14613
1.53309 0.925643 1.14761
1.53267 0.926236 1.14965
1.53263 0.925152 1.15014
1.53303 0.92457 1.14814
1.53267 0.926236 1.14965
1.53222 0.926828 1.15169
1.53219 0.925733 1.15214
1.53263 0.925152 1.15014
1.53173 0.926313 1.15414
1.53263 0.925774 1.15228
1.53259 0.92488 1.15266
1.53172 0.925411 1.15448
1.53263 0.925774 1.15228
1.5334 0.925221 1.15038
1.53335 0.924336 1.15078
1.53259 0.92488 1.15266
1.5334 0.925221 1.15038
1.53404 0.924656 1.14844
1.53398 0.923779 1.14887
1.53335 0.924336 1.15078
1.53404 0.924656 1.14844
1.5345 0.924077 1.14644
1.53443 0.923209 1.14691
1.53398 0.923779 1.14887
1.5345 0.924077 1.14644
1.5346 0.923485 1.14441
1.53453 0.922627 1.1449
1.53443 0.923209 1.14691
1.5346 0.923485 1.14441
1.5338 0.923403 1.14412
1.53374 0.922546 1.14462
1.53453 0.922627 1.1449
1.5338 0.923403 1.14412
1.53341 0.923986 1.14613
1.53335 0.923119 1.1466
1.53374 0.922546 1.14462
1.53341 0.923986 1.14613
1.53303 0.92457 1.14814
1.53299 0.923695 1.14858
1.53335 0.923119 1.1466
1.53303 0.92457 1.14814
1.53263 0.925152 1.15014
1.53259 0.924268 1.15055
1.53299 0.923695 1.14858
1.53263 0.925152 1.15014
1.53219 0.925733 1.15214
1.53216 0.92484 1.15252
1.53259 0.924268 1.15055
1.53172 0.925411 1.15448
1.53259 0.92488 1.15266
1.53254 0.924011 1.15311
1.53168 0.924529 1.15489
1.53259 0.92488 1.15266
1.53335 0.924336 1.15078
1.53328 0.92348 1.15128
1.53254 0.924011 1.15311
1.53335 0.924336 1.15078
1.53398 0.923779 1.14887
1.53389 0.922936 1.14941
1.53328 0.92348 1.15128
1.53398 0.923779 1.14887
1.53443 0.923209 1.14691
1.53433 0.92238 1.14749
1.53389 0.922936 1.14941
1.53443 0.923209 1.14691
1.53453 0.922627 1.1449
1.53442 0.921811 1.14554
1.53433 0.92238 1.14749
1.53453 0.922627 1.1449
1.53374 0.922546 1.14462
1.53365 0.921732 1.14526
1.53442 0.921811 1.14554
1.53374 0.922546 1.14462
1.53335 0.923119 1.1466
1.53327 0.922293 1.14719
1.53365 0.921732 1.14526
1.53335 0.923119 1.1466
1.53299 0.923695 1.14858
1.53292 0.922854 1.14912
1.53327 0.922293 1.14719
1.53299 0.923695 1.14858
1.53259 0.924268 1.15055
1.53253 0.923414 1.15105
1.53292 0.922854 1.14912
1.53259 0.924268 1.15055
1.53216 0.92484 1.15252
1.53212 0.923972 1.15297
1.53253 0.923414 1.15105
1.53168 0.924529 1.15489
1.53254 0.924011 1.15311
1.53245 0.923173 1.15367
1.53163 0.923672 1.15539
1.53254 0.924011 1.15311
1.53328 0.92348 1.15128
1.53316 0.922661 1.15191
1.53245 0.923173 1.15367
1.53328 0.92348 1.15128
1.53389 0.922936 1.14941
1.53375 0.922137 1.15011
1.53316 0.922661 1.15191
1.53389 0.922936 1.14941
1.53433 0.92238 1.14749
1.53417 0.921601 1.14826
1.53375 0.922137 1.15011
1.53433 0.92238 1.14749
1.53442 0.921811 1.14554
1.53426 0.921054 1.14638
1.53417 0.921601 1.14826
1.53442 0.921811 1.14554
1.53365 0.921732 1.14526
1.53352 0.920978 1.14612
1.53426 0.921054 1.14638
1.53365 0.921732 1.14526
1.53327 0.922293 1.14719
1.53316 0.921517 1.14797
1.53352 0.920978 1.14612
1.53327 0.922293 1.14719
1.53292 0.922854 1.14912
1.53281 0.922058 1.14984
1.53316 0.921517 1.14797
1.53292 0.922854 1.14912
1.53253 0.923414 1.15105
1.53245 0.922598 1.15169
1.53281 0.922058 1.14984
1.53253 0.923414 1.15105
1.53212 0.923972 1.15297
1.53205 0.923136 1.15354
1.53245 0.922598 1.15169
1.53163 0.923672 1.15539
1.53245 0.923173 1.15367
1.53233 0.922374 1.15437
1.53156 0.922847 1.156
1.53245 0.923173 1.15367
1.53316 0.922661 1.15191
1.533 0.921889 1.1527
1.53233 0.922374 1.15437
1.53316 0.922661 1.15191
1.53375 0.922137 1.15011
1.53356 0.921392 1.15099
1.533 0.921889 1.1527
1.53375 0.922137 1.15011
1.53417 0.921601 1.14826
1.53395 0.920884 1.14925
1.53356 0.921392 1.15099
1.53417 0.921601 1.14826
1.53426 0.921054 1.14638
1.53403 0.920366 1.14746
1.53395 0.920884 1.14925
1.53426 0.921054 1.14638
1.53352 0.920978 1.14612
1.53333 0.920294 1.14721
1.53403 0.920366 1.14746
1.53352 0.920978 1.14612
1.53316 0.921517 1.14797
1.53299 0.920805 1.14897
1.53333 0.920294 1.14721
1.53316 0.921517 1.14797
1.53281 0.922058 1.14984
1.53267 0.921318 1.15074
1.53299 0.920805 1.14897
1.53281 0.922058 1.14984
1.53245 0.922598 1.15169
1.53232 0.921829 1.1525
1.53267 0.921318 1.15074
1.53245 0.922598 1.15169
1.53205 0.923136 1.15354
1.53195 0.922338 1.15425
1.53232 0.921829 1.1525
1.53156 0.922847 1.156
1.53233 0.922374 1.15437
1.53217 0.921623 1.15524
1.53145 0.922061 1.15675
1.53233 0.922374 1.15437
1.533 0.921889 1.1527
1.53278 0.921174 1.15369
1.53217 0.921623 1.15524
1.533 0.921889 1.1527
1.53356 0.921392 1.15099
1.5333 0.920714 1.15211
1.53278 0.921174 1.15369
1.53356 0.921392 1.15099
1.53395 0.920884 1.14925
1.53366 0.920244 1.15049
1.5333 0.920714 1.15211
1.53395 0.920884 1.14925
1.53403 0.920366 1.14746
1.53373 0.919764 1.14884
1.53366 0.920244 1.15049
1.53403 0.920366 1.14746
1.53333 0.920294 1.14721
1.53308 0.919698 1.14861
1.53373 0.919764 1.14884
1.53333 0.920294 1.14721
1.53299 0.920805 1.14897
1.53277 0.920171 1.15024
1.53308 0.919698 1.14861
1.53299 0.920805 1.14897
1.53267 0.921318 1.15074
1.53247 0.920645 1.15187
1.53277 0.920171 1.15024
1.53267 0.921318 1.15074
1.53232 0.921829 1.1525
1.53216 0.921118 1.1535
1.53247 0.920645 1.15187
1.53232 0.921829 1.1525
1.53195 0.922338 1.15425
1.53181 0.92159 1.15513
1.53216 0.921118 1.1535
1.53145 0.922061 1.15675
1.53217 0.921623 1.15524
1.53194 0.920939 1.15634
1.5313 0.921329 1.15768
1.53217 0.921623 1.15524
1.53278 0.921174 1.15369
1.53249 0.920539 1.15496
1.53194 0.920939 1.15634
1.53278 0.921174 1.15369
1.5333 0.920714 1.15211
1.53294 0.92013 1.15355
1.53249 0.920539 1.15496
1.5333 0.920714 1.15211
1.53366 0.920244 1.15049
1.53326 0.919711 1.15211
1.53294 0.92013 1.15355
1.53366 0.920244 1.15049
1.53373 0.919764 1.14884
1.53333 0.919284 1.15064
1.53326 0.919711 1.15211
1.53373 0.919764 1.14884
1.53308 0.919698 1.14861
1.53275 0.919225 1.15044
1.53333 0.919284 1.15064
1.53308 0.919698 1.14861
1.53277 0.920171 1.15024
1.53247 0.919646 1.15189
1.53275 0.919225 1.15044
1.53277 0.920171 1.15024
1.53247 0.920645 1.15187
1.53221 0.920069 1.15334
1.53247 0.919646 1.15189
1.53247 0.920645 1.15187
1.53216 0.921118 1.1535
1.53193 0.92049 1.15479
1.53221 0.920069 1.15334
1.53216 0.921118 1.1535
1.53181 0.92159 1.15513
1.53162 0.92091 1.15624
1.53193 0.92049 1.15479
1.5313 0.921329 1.15768
1.53194 0.920939 1.15634
1.5316 0.920379 1.15785
1.53108 0.920698 1.15895
1.53194 0.920939 1.15634
1.53249 0.920539 1.15496
1.53205 0.920051 1.15672
1.5316 0.920379 1.15785
1.53249 0.920539 1.15496
1.53294 0.92013 1.15355
1.53242 0.919716 1.15557
1.53205 0.920051 1.15672
1.53294 0.92013 1.15355
1.53326 0.919711 1.15211
1.53268 0.919373 1.15439
1.53242 0.919716 1.15557
1.53326 0.919711 1.15211
1.53333 0.919284 1.15064
1.53273 0.919024 1.15318
1.53268 0.919373 1.15439
1.53333 0.919284 1.15064
1.53275 0.919225 1.15044
1.53226 0.918975 1.15302
1.53273 0.919024 1.15318
1.53275 0.919225 1.15044
1.53247 0.919646 1.15189
1.53203 0.91932 1.15421
1.53226 0.918975 1.15302
1.53247 0.919646 1.15189
1.53221 0.920069 1.15334
1.53182 0.919666 1.1554
1.53203 0.91932 1.15421
1.53221 0.920069 1.15334
1.53193 0.92049 1.15479
1.53159 0.920011 1.15658
1.53182 0.919666 1.1554
1.53193 0.92049 1.15479
1.53162 0.92091 1.15624
1.53134 0.920355 1.15777
1.53159 0.920011 1.15658
1.53108 0.920698 1.15895
1.5316 0.920379 1.15785
1.53093 0.920174 1.16059
1.53064 0.920354 1.16121
1.5316 0.920379 1.15785
1.53205 0.920051 1.15672
1.53118 0.919989 1.15996
1.53093 0.920174 1.16059
1.53205 0.920051 1.15672
1.53242 0.919716 1.15557
1.53139 0.9198 1.15931
1.53118 0.919989 1.15996
1.53242 0.919716 1.15557
1.53268 0.919373 1.15439
1.53154 0.919607 1.15864
1.53139 0.9198 1.15931
1.53268 0.919373 1.15439
1.53273 0.919024 1.15318
1.53156 0.91941 1.15796
1.53154 0.919607 1.15864
1.53273 0.919024 1.15318
1.53226 0.918975 1.15302
1.5313 0.919383 1.15787
1.53156 0.91941 1.15796
1.53226 0.918975 1.15302
1.53203 0.91932 1.15421
1.53117 0.919577 1.15854
1.5313 0.919383 1.15787
1.53203 0.91932 1.15421
1.53182 0.919666 1.1554
1.53105 0.919772 1.15921
1.53117 0.919577 1.15854
1.53182 0.919666 1.1554
1.53159 0.920011 1.15658
1.53092 0.919967 1.15988
1.53105 0.919772 1.15921
1.53159 0.920011 1.15658
1.53134 0.920355 1.15777
1.53078 0.92016 1.16055
1.53092 0.919967 1.15988
1.53064 0.920354 1.16121
1.53093 0.920174 1.16059
1.53018 0.920154 1.16363
1.53014 0.920178 1.16371
1.53093 0.920174 1.16059
1.53118 0.919989 1.15996
1.53021 0.92013 1.16355
1.53018 0.920154 1.16363
1.53118 0.919989 1.15996
1.53139 0.9198 1.15931
1.53024 0.920105 1.16346
1.53021 0.92013 1.16355
1.53139 0.9198 1.15931
1.53154 0.919607 1.15864
1.53026 0.92008 1.16337
1.53024 0.920105 1.16346
1.53154 0.919607 1.15864
1.53156 0.91941 1.15796
1.53026 0.920054 1.16328
1.53026 0.92008 1.16337
1.53156 0.91941 1.15796
1.5313 0.919383 1.15787
1.53023 0.92005 1.16327
1.53026 0.920054 1.16328
1.5313 0.919383 1.15787
1.53117 0.919577 1.15854
1.53021 0.920076 1.16336
1.53023 0.92005 1.16327
1.53117 0.919577 1.15854
1.53105 0.919772 1.15921
1.53019 0.920101 1.16345
1.53021 0.920076 1.16336
1.53105 0.919772 1.15921
1.53092 0.919967 1.15988
1.53018 0.920127 1.16354
1.53019 0.920101 1.16345
1.53092 0.919967 1.15988
1.53078 0.92016 1.16055
1.53016 0.920152 1.16362
1.53018 0.920127 1.16354
1.53986 1.06969 1.10476
1.53634 1.07051 1.1076
1.53631 1.06743 1.10829
1.53988 1.06655 1.10526
1.53988 1.06655 1.10526
1.53631 1.06743 1.10829
1.5362 1.06256 1.1094
1.53982 1.06159 1.10605
1.53982 1.06159 1.10605
1.5362 1.06256 1.1094
1.53601 1.05761 1.11055
1.53961 1.05654 1.10688
1.53961 1.05654 1.10688
1.53601 1.05761 1.11055
1.53577 1.05266 1.11176
1.53932 1.05151 1.10777
1.53932 1.05151 1.10777
1.53577 1.05266 1.11176
1.53553 1.04774 1.11303
1.539 1.0465 1.10877
1.539 1.0465 1.10877
1.53553 1.04774 1.11303
1.53529 1.04282 1.11434
1.53867 1.04152 1.10986
1.53867 1.04152 1.10986
1.53529 1.04282 1.11434
1.53506 1.03793 1.11571
1.53832 1.03657 1.11104
1.53832 1.03657 1.11104
1.53506 1.03793 1.11571
1.53484 1.03304 1.11711
1.53796 1.03164 1.1123
1.53796 1.03164 1.1123
1.53484 1.03304 1.11711
1.53463 1.02816 1.11855
1.5376 1.02674 1.11364
1.5376 1.02674 1.11364
1.53463 1.02816 1.11855
1.53443 1.0233 1.12003
1.53724 1.02185 1.11505
1.53724 1.02185 1.11505
1.53443 1.0233 1.12003
1.53423 1.01844 1.12154
1.53688 1.01698 1.11652
1.53688 1.01698 1.11652
1.53423 1.01844 1.12154
1.53405 1.01359 1.12307
1.53653 1.01214 1.11806
1.53653 1.01214 1.11806
1.53405 1.01359 1.12307
1.53387 1.00875 1.12463
1.53619 1.00731 1.11966
1.53619 1.00731 1.11966
1.53387 1.00875 1.12463
1.5337 1.00392 1.12622
1.53585 1.00249 1.12131
1.53585 1.00249 1.12131
1.5337 1.00392 1.12622
1.53354 0.999091 1.12783
1.53553 0.997692 1.12301
1.53553 0.997692 1.12301
1.53354 0.999091 1.12783
1.53338 0.994269 1.12946
1.53522 0.992905 1.12476
1.53522 0.992905 1.12476
1.53338 0.994269 1.12946
1.53323 0.989454 1.13111
1.53492 0.98813 1.12655
1.53492 0.98813 1.12655
1.53323 0.989454 1.13111
1.53309 0.984645 1.13278
1.53463 0.983367 1.12838
1.53463 0.983367 1.12838
1.53309 0.984645 1.13278
1.53295 0.97984 1.13446
1.53435 0.978612 1.13024
1.53435 0.978612 1.13024
1.53295 0.97984 1.13446
1.53282 0.975038 1.13616
1.53409 0.973864 1.13212
1.53409 0.973864 1.13212
1.53282 0.975038 1.13616
1.53269 0.970244 1.13788
1.53386 0.969129 1.13404
1.53386 0.969129 1.13404
1.53269 0.970244 1.13788
1.53257 0.965451 1.13961
1.53363 0.964396 1.13598
1.53363 0.964396 1.13598
1.53257 0.965451 1.13961
1.53245 0.960662 1.14135
1.53342 0.959669 1.13793
1.53342 0.959669 1.13793
1.53245 0.960662 1.14135
1.53233 0.955875 1.1431
1.53322 0.954944 1.1399
1.53322 0.954944 1.1399
1.53233 0.955875 1.1431
1.53223 0.951095 1.14486
1.53303 0.950226 1.14187
1.53303 0.950226 1.14187
1.53223 0.951095 1.14486
1.53212 0.946314 1.14664
1.53285 0.945506 1.14385
1.53285 0.945506 1.14385
1.53212 0.946314 1.14664
1.53202 0.941536 1.14841
1.53267 0.940787 1.14584
1.53267 0.940787 1.14584
1.53202 0.941536 1.14841
1.53193 0.93676 1.1502
1.53251 0.936068 1.14782
1.53251 0.936068 1.14782
1.53193 0.93676 1.1502
1.53184 0.931988 1.152
1.53236 0.93135 1.1498
1.53236 0.93135 1.1498
1.53184 0.931988 1.152
1.53175 0.927419 1.15372
1.53222 0.926828 1.15169
1.53222 0.926828 1.15169
1.53175 0.927419 1.15372
1.53173 0.926313 1.15414
1.53219 0.925733 1.15214
1.53219 0.925733 1.15214
1.53173 0.926313 1.15414
1.53172 0.925411 1.15448
1.53216 0.92484 1.15252
1.53216 0.92484 1.15252
1.53172 0.925411 1.15448
1.53168 0.924529 1.15489
1.53212 0.923972 1.15297
1.53212 0.923972 1.15297
1.53168 0.924529 1.15489
1.53163 0.923672 1.15539
1.53205 0.923136 1.15354
1.53205 0.923136 1.15354
1.53163 0.923672 1.15539
1.53156 0.922847 1.156
1.53195 0.922338 1.15425
1.53195 0.922338 1.15425
1.53156 0.922847 1.156
1.53145 0.922061 1.15675
1.53181 0.92159 1.15513
1.53181 0.92159 1.15513
1.53145 0.922061 1.15675
1.5313 0.921329 1.15768
1.53162 0.92091 1.15624
1.53162 0.92091 1.15624
1.5313 0.921329 1.15768
1.53108 0.920698 1.15895
1.53134 0.920355 1.15777
1.53134 0.920355 1.15777
1.53108 0.920698 1.15895
1.53064 0.920354 1.16121
1.53078 0.92016 1.16055
1.53078 0.92016 1.16055
1.53064 0.920354 1.16121
1.53014 0.920178 1.16371
1.53016 0.920152 1.16362
1.5319 1.1008 1.1026
1.5319 1.1008 1.1026
1.5319 1.1008 1.1026
1.5319 1.1008 1.1026
1.5319 1.1008 1.1026
1.5319 1.1008 1.1026
1.5319 1.1008 1.1026
1.5319 1.1008 1.1026
1.5319 1.1008 1.1026
1.5319 1.1008 1.1026
1.5319 1.1008 1.1026
1.5319 1.1008 1.1026
1.5319 1.1008 1.1026
1.5319 1.1008 1.1026
1.5319 1.1008 1.1026
1.5319 1.1008 1.1026
1.5319 1.1008 1.1026
1.5319 1.1008 1.1026
1.5319 1.1008 1.1026
1.5319 1.1008 1.1026
1.5319 1.1008 1.1026
1.5319 1.1008 1.1026
1.5319 1.1008 1.1026
1.5319 1.1008 1.1026
1.5319 1.1008 1.1026
1.5319 1.1008 1.1026
1.5319 1.1008 1.1026
1.5319 1.1008 1.1026
1.5319 1.1008 1.1026
1.5319 1.1008 1.1026
1.5319 1.1008 1.1026
1.5319 1.1008 1.1026
1.5319 1.1008 1.1026
1.5319 1.1008 1.1026
1.5319 1.1008 1.1026
1.5319 1.1008 1.1026
1.5319 1.1008 1.1026
1.5319 1.1008 1.1026
1.5319 1.1008 1.1026
1.5319 1.1008 1.1026
1.5319 1.1008 1.1026
1.5319 1.1008 1.1026
1.5319 1.1008 1.1026
1.5319 1.1008 1.1026
1.5319 1.1008 1.1026
1.5319 1.1008 1.1026
1.5319 1.1008 1.1026
1.5319 1.1008 1.1026
1.5319 1.1008 1.1026
1.5319 1.1008 1.1026
1.5319 1.1008 1.1026
1.5319 1.1008 1.1026
1.5319 1.1008 1.1026
1.5319 1.1008 1.1026
1.5319 1.1008 1.1026
1.5319 1.1008 1.1026
1.5319 1.1008 1.1026
1.5319 1.1008 1.1026
1.5319 1.1008 1.1026
1.5319 1.1008 1.1026
1.5319 1.1008 1.1026
1.5319 1.1008 1.1026
1.5319 1.1008 1.1026
1.5319 1.1008 1.1026
1.5319 1.1008 1.1026
1.5319 1.1008 1.1026
1.5319 1.1008 1.1026
1.5319 1.1008 1.1026
1.5319 1.1008 1.1026
1.5319 1.1008 1.1026
1.5319 1.1008 1.1026
1.5319 1.1008 1.1026
1.5319 1.1008 1.1026
1.5319 1.1008 1.1026
1.5319 1.1008 1.1026
1.5319 1.1008 1.1026
1.5319 1.1008 1.1026
1.5319 1.1008 1.1026
1.5319 1.1008 1.1026
1.5319 1.1008 1.1026
1.5319 1.1008 1.1026
1.5319 1.1008 1.1026
1.5319 1.1008 1.1026
1.5319 1.1008 1.1026
1.5319 1.1008 1.1026
1.5319 1.1008 1.1026
1.5319 1.1008 1.1026
1.5319 1.1008 1.1026
CELLS 924 4620
4 0 1 2 3
4 4 5 6 7
4 8 9 10 11
4 12 13 14 15
4 16 17 18 19
4 20 21 22 23
4 24 25 26 27
4 28 29 30 31
4 32 33 34 35
4 36 37 38 39
4 40 41 42 43
4 44 45 46 47
4 48 49 50 51
4 52 53 54 55
4 56 57 58 59
4 60 61 62 63
4 64 65 66 67
4 68 69 70 71
4 72 73 74 75
4 76 77 78 79
4 80 81 82 83
4 84 85 86 87
4 88 89 90 91
4 92 93 94 95
4 96 97 98 99
4 100 101 102 103
4 104 105 106 107
4 108 109 110 111
4 112 113 114 115
4 116 117 118 119
4 120 121 122 123
4 124 125 126 127
4 128 129 130 131
4 132 133 134 135
4 136 137 138 139
4 140 141 142 143
4 144 145 146 147
4 148 149 150 151
4 152 153 154 155
4 156 157 158 159
4 160 161 162 163
4 164 165 166 167
4 168 169 170 171
4 172 173 174 175
4 176 177 178 179
4 180 181 182 183
4 184 185 186 187
4 188 189 190 191
4 192 193 194 195
4 196 197 198 199
4 200 201 202 203
4 204 205 206 207
4 208 209 210 211
4 212 213 214 215
4 216 217 218 219
4 220 221 222 223
4 224 225 226 227
4 228 229 230 231
4 232 233 234 235
4 236 237 238 239
4 240 241 242 243
4 244 245 246 247
4 248 249 250 251
4 252 253 254 255
4 256 257 258 259
4 260 261 262 263
4 264 265 266 267
4 268 269 270 271
4 272 273 274 275
4 276 277 278 279
4 280 281 282 283
4 284 285 286 287
4 288 289 290 291
4 292 293 294 295
4 296 297 298 299
4 300 301 302 303
4 304 305 306 307
4 308 309 310 311
4 312 313 314 315
4 316 317 318 319
4 320 321 322 323
4 324 325 326 327
4 328 329 330 331
4 332 333 334 335
4 336 337 338 339
4 340 341 342 343
4 344 345 346 347
4 348 349 350 351
4 352 353 354 355
4 356 357 358 359
4 360 361 362 363
4 364 365 366 367
4 368 369 370 371
4 372 373 374 375
4 376 377 378 379
4 380 381 382 383
4 384 385 386 387
4 388 389 390 391
4 392 393 394 395
4 396 397 398 399
4 400 401 402 403
4 404 405 406 407
4 408 409 410 411
4 412 413 414 415
4 416 417 418 419
4 420 421 422 423
4 424 425 426 427
4 428 429 430 431
4 432 433 434 435
4 436 437 438 439
4 440 441 442 443
4 444 445 446 447
4 448 449 450 451
4 452 453 454 455
4 456 457 458 459
4 460 461 462 463
4 464 465 466 467
4 468 469 470 471
4 472 473 474 475
4 476 477 478 479
4 480 481 482 483
4 484 485 486 487
4 488 489 490 491
4 492 493 494 495
4 496 497 498 499
4 500 501 502 503
4 504 505 506 507
4 508 509 510 511
4 512 513 514 515
4 516 517 518 519
4 520 521 522 523
4 524 525 526 527
4 528 529 530 531
4 532 533 534 535
4 536 537 538 539
4 540 541 542 543
4 544 545 546 547
4 548 549 550 551
4 552 553 554 555
4 556 557 558 559
4 560 561 562 563
4 564 565 566 567
4 568 569 570 571
4 572 573 574 575
4 576 577 578 579
4 580 581 582 583
4 584 585 586 587
4 588 589 590 591
4 592 593 594 595
4 596 597 598 599
4 600 601 602 603
4 604 605 606 607
4 608 609 610 611
4 612 613 614 615
4 616 617 618 619
4 620 621 622 623
4 624 625 626 627
4 628 629 630 631
4 632 633 634 635
4 636 637 638 639
4 640 641 642 643
4 644 645 646 647
4 648 649 650 651
4 652 653 654 655
4 656 657 658 659
4 660 661 662 663
4 664 665 666 667
4 668 669 670 671
4 672 673 674 675
4 676 677 678 679
4 680 681 682 683
4 684 685 686 687
4 688 689 690 691
4 692 693 694 695
4 696 697 698 699
4 700 701 702 703
4 704 705 706 707
4 708 709 710 711
4 712 713 714 715
4 716 717 718 719
4 720 721 722 723
4 724 725 726 727
4 728 729 730 731
4 732 733 734 735
4 736 737 738 739
4 740 741 742 743
4 744 745 746 747
4 748 749 750 751
4 752 753 754 755
4 756 757 758 759
4 760 761 762 763
4 764 765 766 767
4 768 769 770 771
4 772 773 774 775
4 776 777 778 779
4 780 781 782 783
4 784 785 786 787
4 788 789 790 791
4 792 793 794 795
4 796 797 798 799
4 800 801 802 803
4 804 805 806 807
4 808 809 810 811
4 812 813 814 815
4 816 817 818 819
4 820 821 822 823
4 824 825 826 827
4 828 829 830 831
4 832 833 834 835
4 836 837 838 839
4 840 841 842 843
4 844 845 846 847
4 848 849 850 851
4 852 853 854 855
4 856 857 858 859
4 860 861 862 863
4 864 865 866 867
4 868 869 870 871
4 872 873 874 875
4 876 877 878 879
4 880 881 882 883
4 884 885 886 887
4 888 889 890 891
4 892 893 894 895
4 896 897 898 899
4 900 901 902 903
4 904 905 906 907
4 908 909 910 911
4 912 913 914 915
4 916 917 918 919
4 920 921 922 923
4 924 925 926 927
4 928 929 930 931
4 932 933 934 935
4 936 937 938 939
4 940 941 942 943
4 944 945 946 947
4 948 949 950 951
4 952 953 954 955
4 956 957 958 959
4 960 961 962 963
4 964 965 966 967
4 968 969 970 971
4 972 973 974 975
4 976 977 978 979
4 980 981 982 983
4 984 985 986 987
4 988 989 990 991
4 992 993 994 995
4 996 997 998 999
4 1000 1001 1002 1003
4 1004 1005 1006 1007
4 1008 1009 1010 1011
4 1012 1013 1014 1015
4 1016 1017 1018 1019
4 1020 1021 1022 1023
4 1024 1025 1026 1027
4 1028 1029 1030 1031
4 1032 1033 1034 1035
4 1036 1037 1038 1039
4 1040 1041 1042 1043
4 1044 1045 1046 1047
4 1048 1049 1050 1051
4 1052 1053 1054 1055
4 1056 1057 1058 1059
4 1060 1061 1062 1063
4 1064 1065 1066 1067
4 1068 1069 1070 1071
4 1072 1073 1074 1075
4 1076 1077 1078 1079
4 1080 1081 1082 1083
4 1084 1085 1086 1087
4 1088 1089 1090 1091
4 1092 1093 1094 1095
4 1096 1097 1098 1099
4 1100 1101 1102 1103
4 1104 1105 1106 1107
4 1108 1109 1110 1111
4 1112 1113 1114 1115
4 1116 1117 1118 1119
4 1120 1121 1122 1123
4 1124 1125 1126 1127
4 1128 1129 1130 1131
4 1132 1133 1134 1135
4 1136 1137 1138 1139
4 1140 1141 1142 1143
4 1144 1145 1146 1147
4 1148 1149 1150 1151
4 1152 1153 1154 1155
4 1156 1157 1158 1159
4 1160 1161 1162 1163
4 1164 1165 1166 1167
4 1168 1169 1170 1171
4 1172 1173 1174 1175
4 1176 1177 1178 1179
4 1180 1181 1182 1183
4 1184 1185 1186 1187
4 1188 1189 1190 1191
4 1192 1193 1194 1195
4 1196 1197 1198 1199
4 1200 1201 1202 1203
4 1204 1205 1206 1207
4 1208 1209 1210 1211
4 1212 1213 1214 1215
4 1216 1217 1218 1219
4 1220 1221 1222 1223
4 1224 1225 1226 1227
4 1228 1229 1230 1231
4 1232 1233 1234 1235
4 1236 1237 1238 1239
4 1240 1241 1242 1243
4 1244 1245 1246 1247
4 1248 1249 1250 1251
4 1252 1253 1254 1255
4 1256 1257 1258 1259
4 1260 1261 1262 1263
4 1264 1265 1266 1267
4 1268 1269 1270 1271
4 1272 1273 1274 1275
4 1276 1277 1278 1279
4 1280 1281 1282 1283
4 1284 1285 1286 1287
4 1288 1289 1290 1291
4 1292 1293 1294 1295
4 1296 1297 1298 1299
4 1300 1301 1302 1303
4 1304 1305 1306 1307
4 1308 1309 1310 1311
4 1312 1313 1314 1315
4 1316 1317 1318 1319
4 1320 1321 1322 1323
4 1324 1325 1326 1327
4 1328 1329 1330 1331
4 1332 1333 1334 1335
4 1336 1337 1338 1339
4 1340 1341 1342 1343
4 1344 1345 1346 1347
4 1348 1349 1350 1351
4 1352 1353 1354 1355
4 1356 1357 1358 1359
4 1360 1361 1362 1363
4 1364 1365 1366 1367
4 1368 1369 1370 1371
4 1372 1373 1374 1375
4 1376 1377 1378 1379
4 1380 1381 1382 1383
4 1384 1385 1386 1387
4 1388 1389 1390 1391
4 1392 1393 1394 1395
4 1396 1397 1398 1399
4 1400 1401 1402 1403
4 1404 1405 1406 1407
4 1408 1409 1410 1411
4 1412 1413 1414 1415
4 1416 1417 1418 1419
4 1420 1421 1422 1423
4 1424 1425 1426 1427
4 1428 1429 1430 1431
4 1432 1433 1434 1435
4 1436 1437 1438 1439
4 1440 1441 1442 1443
4 1444 1445 1446 1447
4 1448 1449 1450 1451
4 1452 1453 1454 1455
4 1456 1457 1458 1459
4 1460 1461 1462 1463
4 1464 1465 1466 1467
4 1468 1469 1470 1471
4 1472 1473 1474 1475
4 1476 1477 1478 1479
4 1480 1481 1482 1483
4 1484 1485 1486 1487
4 1488 1489 1490 1491
4 1492 1493 1494 1495
4 1496 1497 1498 1499
4 1500 1501 1502 1503
4 1504 1505 1506 1507
4 1508 1509 1510 1511
4 1512 1513 1514 1515
4 1516 1517 1518 1519
4 1520 1521 1522 1523
4 1524 1525 1526 1527
4 1528 1529 1530 1531
4 1532 1533 1534 1535
4 1536 1537 1538 1539
4 1540 1541 1542 1543
4 1544 1545 1546 1547
4 1548 1549 1550 1551
4 1552 1553 1554 1555
4 1556 1557 1558 1559
4 1560 1561 1562 1563
4 1564 1565 1566 1567
4 1568 1569 1570 1571
4 1572 1573 1574 1575
4 1576 1577 1578 1579
4 1580 1581 1582 1583
4 1584 1585 1586 1587
4 1588 1589 1590 1591
4 1592 1593 1594 1595
4 1596 1597 1598 1599
4 1600 1601 1602 1603
4 1604 1605 1606 1607
4 1608 1609 1610 1611
4 1612 1613 1614 1615
4 1616 1617 1618 1619
4 1620 1621 1622 1623
4 1624 1625 1626 1627
4 1628 1629 1630 1631
4 1632 1633 1634 1635
4 1636 1637 1638 1639
4 1640 1641 1642 1643
4 1644 1645 1646 1647
4 1648 1649 1650 1651
4 1652 1653 1654 1655
4 1656 1657 1658 1659
4 1660 1661 1662 1663
4 1664 1665 1666 1667
4 1668 1669 1670 1671
4 1672 1673 1674 1675
4 1676 1677 1678 1679
4 1680 1681 1682 1683
4 1684 1685 1686 1687
4 1688 1689 1690 1691
4 1692 1693 1694 1695
4 1696 1697 1698 1699
4 1700 1701 1702 1703
4 1704 1705 1706 1707
4 1708 1709 1710 1711
4 1712 1713 1714 1715
4 1716 1717 1718 1719
4 1720 1721 1722 1723
4 1724 1725 1726 1727
4 1728 1729 1730 1731
4 1732 1733 1734 1735
4 1736 1737 1738 1739
4 1740 1741 1742 1743
4 1744 1745 1746 1747
4 1748 1749 1750 1751
4 1752 1753 1754 1755
4 1756 1757 1758 1759
4 1760 1761 1762 1763
4 1764 1765 1766 1767
4 1768 1769 1770 1771
4 1772 1773 1774 1775
4 1776 1777 1778 1779
4 1780 1781 1782 1783
4 1784 1785 1786 1787
4 1788 1789 1790 1791
4 1792 1793 1794 1795
4 1796 1797 1798 1799
4 1800 1801 1802 1803
4 1804 1805 1806 1807
4 1808 1809 1810 1811
4 1812 1813 1814 1815
4 1816 1817 1818 1819
4 1820 1821 1822 1823
4 1824 1825 1826 1827
4 1828 1829 1830 1831
4 1832 1833 1834 1835
4 1836 1837 1838 1839
4 1840 1841 1842 1843
4 1844 1845 1846 1847
4 1848 1849 1850 1851
4 1852 1853 1854 1855
4 1856 1857 1858 1859
4 1860 1861 1862 1863
4 1864 1865 1866 1867
4 1868 1869 1870 1871
4 1872 1873 1874 1875
4 1876 1877 1878 1879
4 1880 1881 1882 1883
4 1884 1885 1886 1887
4 1888 1889 1890 1891
4 1892 1893 1894 1895
4 1896 1897 1898 1899
4 1900 1901 1902 1903
4 1904 1905 1906 1907
4 1908 1909 1910 1911
4 1912 1913 1914 1915
4 1916 1917 1918 1919
4 1920 1921 1922 1923
4 1924 1925 1926 1927
4 1928 1929 1930 1931
4 1932 1933 1934 1935
4 1936 1937 1938 1939
4 1940 1941 1942 1943
4 1944 1945 1946 1947
4 1948 1949 1950 1951
4 1952 1953 1954 1955
4 1956 1957 1958 1959
4 1960 1961 1962 1963
4 1964 1965 1966 1967
4 1968 1969 1970 1971
4 1972 1973 1974 1975
4 1976 1977 1978 1979
4 1980 1981 1982 1983
4 1984 1985 1986 1987
4 1988 1989 1990 1991
4 1992 1993 1994 1995
4 1996 1997 1998 1999
4 2000 2001 2002 2003
4 2004 2005 2006 2007
4 2008 2009 2010 2011
4 2012 2013 2014 2015
4 2016 2017 2018 2019
4 2020 2021 2022 2023
4 2024 2025 2026 2027
4 2028 2029 2030 2031
4 2032 2033 2034 2035
4 2036 2037 2038 2039
4 2040 2041 2042 2043
4 2044 2045 2046 2047
4 2048 2049 2050 2051
4 2052 2053 2054 2055
4 2056 2057 2058 2059
4 2060 2061 2062 2063
4 2064 2065 2066 2067
4 2068 2069 2070 2071
4 2072 2073 2074 2075
4 2076 2077 2078 2079
4 2080 2081 2082 2083
4 2084 2085 2086 2087
4 2088 2089 2090 2091
4 2092 2093 2094 2095
4 2096 2097 2098 2099
4 2100 2101 2102 2103
4 2104 2105 2106 2107
4 2108 2109 2110 2111
4 2112 2113 2114 2115
4 2116 2117 2118 2119
4 2120 2121 2122 2123
4 2124 2125 2126 2127
4 2128 2129 2130 2131
4 2132 2133 2134 2135
4 2136 2137 2138 2139
4 2140 2141 2142 2143
4 2144 2145 2146 2147
4 2148 2149 2150 2151
4 2152 2153 2154 2155
4 2156 2157 2158 2159
4 2160 2161 2162 2163
4 2164 2165 2166 2167
4 2168 2169 2170 2171
4 2172 2173 2174 2175
4 2176 2177 2178 2179
4 2180 2181 2182 2183
4 2184 2185 2186 2187
4 2188 2189 2190 2191
4 2192 2193 2194 2195
4 2196 2197 2198 2199
4 2200 2201 2202 2203
4 2204 2205 2206 2207
4 2208 2209 2210 2211
4 2212 2213 2214 2215
4 2216 2217 2218 2219
4 2220 2221 2222 2223
4 2224 2225 2226 2227
4 2228 2229 2230 2231
4 2232 2233 2234 2235
4 2236 2237 2238 2239
4 2240 2241 2242 2243
4 2244 2245 2246 2247
4 2248 2249 2250 2251
4 2252 2253 2254 2255
4 2256 2257 2258 2259
4 2260 2261 2262 2263
4 2264 2265 2266 2267
4 2268 2269 2270 2271
4 2272 2273 2274 2275
4 2276 2277 2278 2279
4 2280 2281 2282 2283
4 2284 2285 2286 2287
4 2288 2289 2290 2291
4 2292 2293 2294 2295
4 2296 2297 2298 2299
4 2300 2301 2302 2303
4 2304 2305 2306 2307
4 2308 2309 2310 2311
4 2312 2313 2314 2315
4 2316 2317 2318 2319
4 2320 2321 2322 2323
4 2324 2325 2326 2327
4 2328 2329 2330 2331
4 2332 2333 2334 2335
4 2336 2337 2338 2339
4 2340 2341 2342 2343
4 2344 2345 2346 2347
4 2348 2349 2350 2351
4 2352 2353 2354 2355
4 2356 2357 2358 2359
4 2360 2361 2362 2363
4 2364 2365 2366 2367
4 2368 2369 2370 2371
4 2372 2373 2374 2375
4 2376 2377 2378 2379
4 2380 2381 2382 2383
4 2384 2385 2386 2387
4 2388 2389 2390 2391
4 2392 2393 2394 2395
4 2396 2397 2398 2399
4 2400 2401 2402 2403
4 2404 2405 2406 2407
4 2408 2409 2410 2411
4 2412 2413 2414 2415
4 2416 2417 2418 2419
4 2420 2421 2422 2423
4 2424 2425 2426 2427
4 2428 2429 2430 2431
4 2432 2433 2434 2435
4 2436 2437 2438 2439
4 2440 2441 2442 2443
4 2444 2445 2446 2447
4 2448 2449 2450 2451
4 2452 2453 2454 2455
4 2456 2457 2458 2459
4 2460 2461 2462 2463
4 2464 2465 2466 2467
4 2468 2469 2470 2471
4 2472 2473 2474 2475
4 2476 2477 2478 2479
4 2480 2481 2482 2483
4 2484 2485 2486 2487
4 2488 2489 2490 2491
4 2492 2493 2494 2495
4 2496 2497 2498 2499
4 2500 2501 2502 2503
4 2504 2505 2506 2507
4 2508 2509 2510 2511
4 2512 2513 2514 2515
4 2516 2517 2518 2519
4 2520 2521 2522 2523
4 2524 2525 2526 2527
4 2528 2529 2530 2531
4 2532 2533 2534 2535
4 2536 2537 2538 2539
4 2540 2541 2542 2543
4 2544 2545 2546 2547
4 2548 2549 2550 2551
4 2552 2553 2554 2555
4 2556 2557 2558 2559
4 2560 2561 2562 2563
4 2564 2565 2566 2567
4 2568 2569 2570 2571
4 2572 2573 2574 2575
4 2576 2577 2578 2579
4 2580 2581 2582 2583
4 2584 2585 2586 2587
4 2588 2589 2590 2591
4 2592 2593 2594 2595
4 2596 2597 2598 2599
4 2600 2601 2602 2603
4 2604 2605 2606 2607
4 2608 2609 2610 2611
4 2612 2613 2614 2615
4 2616 2617 2618 2619
4 2620 2621 2622 2623
4 2624 2625 2626 2627
4 2628 2629 2630 2631
4 2632 2633 2634 2635
4 2636 2637 2638 2639
4 2640 2641 2642 2643
4 2644 2645 2646 2647
4 2648 2649 2650 2651
4 2652 2653 2654 2655
4 2656 2657 2658 2659
4 2660 2661 2662 2663
4 2664 2665 2666 2667
4 2668 2669 2670 2671
4 2672 2673 2674 2675
4 2676 2677 2678 2679
4 2680 2681 2682 2683
4 2684 2685 2686 2687
4 2688 2689 2690 2691
4 2692 2693 2694 2695
4 2696 2697 2698 2699
4 2700 2701 2702 2703
4 2704 2705 2706 2707
4 2708 2709 2710 2711
4 2712 2713 2714 2715
4 2716 2717 2718 2719
4 2720 2721 2722 2723
4 2724 2725 2726 2727
4 2728 2729 2730 2731
4 2732 2733 2734 2735
4 2736 2737 2738 2739
4 2740 2741 2742 2743
4 2744 2745 2746 2747
4 2748 2749 2750 2751
4 2752 2753 2754 2755
4 2756 2757 2758 2759
4 2760 2761 2762 2763
4 2764 2765 2766 2767
4 2768 2769 2770 2771
4 2772 2773 2774 2775
4 2776 2777 2778 2779
4 2780 2781 2782 2783
4 2784 2785 2786 2787
4 2788 2789 2790 2791
4 2792 2793 2794 2795
4 2796 2797 2798 2799
4 2800 2801 2802 2803
4 2804 2805 2806 2807
4 2808 2809 2810 2811
4 2812 2813 2814 2815
4 2816 2817 2818 2819
4 2820 2821 2822 2823
4 2824 2825 2826 2827
4 2828 2829 2830 2831
4 2832 2833 2834 2835
4 2836 2837 2838 2839
4 2840 2841 2842 2843
4 2844 2845 2846 2847
4 2848 2849 2850 2851
4 2852 2853 2854 2855
4 2856 2857 2858 2859
4 2860 2861 2862 2863
4 2864 2865 2866 2867
4 2868 2869 2870 2871
4 2872 2873 2874 2875
4 2876 2877 2878 2879
4 2880 2881 2882 2883
4 2884 2885 2886 2887
4 2888 2889 2890 2891
4 2892 2893 2894 2895
4 2896 2897 2898 2899
4 2900 2901 2902 2903
4 2904 2905 2906 2907
4 2908 2909 2910 2911
4 2912 2913 2914 2915
4 2916 2917 2918 2919
4 2920 2921 2922 2923
4 2924 2925 2926 2927
4 2928 2929 2930 2931
4 2932 2933 2934 2935
4 2936 2937 2938 2939
4 2940 2941 2942 2943
4 2944 2945 2946 2947
4 2948 2949 2950 2951
4 2952 2953 2954 2955
4 2956 2957 2958 2959
4 2960 2961 2962 2963
4 2964 2965 2966 2967
4 2968 2969 2970 2971
4 2972 2973 2974 2975
4 2976 2977 2978 2979
4 2980 2981 2982 2983
4 2984 2985 2986 2987
4 2988 2989 2990 2991
4 2992 2993 2994 2995
4 2996 2997 2998 2999
4 3000 3001 3002 3003
4 3004 3005 3006 3007
4 3008 3009 3010 3011
4 3012 3013 3014 3015
4 3016 3017 3018 3019
4 3020 3021 3022 3023
4 3024 3025 3026 3027
4 3028 3029 3030 3031
4 3032 3033 3034 3035
4 3036 3037 3038 3039
4 3040 3041 3042 3043
4 3044 3045 3046 3047
4 3048 3049 3050 3051
4 3052 3053 3054 3055
4 3056 3057 3058 3059
4 3060 3061 3062 3063
4 3064 3065 3066 3067
4 3068 3069 3070 3071
4 3072 3073 3074 3075
4 3076 3077 3078 3079
4 3080 3081 3082 3083
4 3084 3085 3086 3087
4 3088 3089 3090 3091
4 3092 3093 3094 3095
4 3096 3097 3098 3099
4 3100 3101 3102 3103
4 3104 3105 3106 3107
4 3108 3109 3110 3111
4 3112 3113 3114 3115
4 3116 3117 3118 3119
4 3120 3121 3122 3123
4 3124 3125 3126 3127
4 3128 3129 3130 3131
4 3132 3133 3134 3135
4 3136 3137 3138 3139
4 3140 3141 3142 3143
4 3144 3145 3146 3147
4 3148 3149 3150 3151
4 3152 3153 3154 3155
4 3156 3157 3158 3159
4 3160 3161 3162 3163
4 3164 3165 3166 3167
4 3168 3169 3170 3171
4 3172 3173 3174 3175
4 3176 3177 3178 3179
4 3180 3181 3182 3183
4 3184 3185 3186 3187
4 3188 3189 3190 3191
4 3192 3193 3194 3195
4 3196 3197 3198 3199
4 3200 3201 3202 3203
4 3204 3205 3206 3207
4 3208 3209 3210 3211
4 3212 3213 3214 3215
4 3216 3217 3218 3219
4 3220 3221 3222 3223
4 3224 3225 3226 3227
4 3228 3229 3230 3231
4 3232 3233 3234 3235
4 3236 3237 3238 3239
4 3240 3241 3242 3243
4 3244 3245 3246 3247
4 3248 3249 3250 3251
4 3252 3253 3254 3255
4 3256 3257 3258 3259
4 3260 3261 3262 3263
4 3264 3265 3266 3267
4 3268 3269 3270 3271
4 3272 3273 3274 3275
4 3276 3277 3278 3279
4 3280 3281 3282 3283
4 3284 3285 3286 3287
4 3288 3289 3290 3291
4 3292 3293 3294 3295
4 3296 3297 3298 3299
4 3300 3301 3302 3303
4 3304 3305 3306 3307
4 3308 3309 3310 3311
4 3312 3313 3314 3315
4 3316 3317 3318 3319
4 3320 3321 3322 3323
4 3324 3325 3326 3327
4 3328 3329 3330 3331
4 3332 3333 3334 3335
4 3336 3337 3338 3339
4 3340 3341 3342 3343
4 3344 3345 3346 3347
4 3348 3349 3350 3351
4 3352 3353 3354 3355
4 3356 3357 3358 3359
4 3360 3361 3362 3363
4 3364 3365 3366 3367
4 3368 3369 3370 3371
4 3372 3373 3374 3375
4 3376 3377 3378 3379
4 3380 3381 3382 3383
4 3384 3385 3386 3387
4 3388 3389 3390 3391
4 3392 3393 3394 3395
4 3396 3397 3398 3399
4 3400 3401 3402 3403
4 3404 3405 3406 3407
4 3408 3409 3410 3411
4 3412 3413 3414 3415
4 3416 3417 3418 3419
4 3420 3421 3422 3423
4 3424 3425 3426 3427
4 3428 3429 3430 3431
4 3432 3433 3434 3435
4 3436 3437 3438 3439
4 3440 3441 3442 3443
4 3444 3445 3446 3447
4 3448 3449 3450 3451
4 3452 3453 3454 3455
4 3456 3457 3458 3459
4 3460 3461 3462 3463
4 3464 3465 3466 3467
4 3468 3469 3470 3471
4 3472 3473 3474 3475
4 3476 3477 3478 3479
4 3480 3481 3482 3483
4 3484 3485 3486 3487
4 3488 3489 3490 3491
4 3492 3493 3494 3495
4 3496 3497 3498 3499
4 3500 3501 3502 3503
4 3504 3505 3506 3507
4 3508 3509 3510 3511
4 3512 3513 3514 3515
4 3516 3517 3518 3519
4 3520 3521 3522 3523
4 3524 3525 3526 3527
4 3528 3529 3530 3531
4 3532 3533 3534 3535
4 3536 3537 3538 3539
4 3540 3541 3542 3543
4 3544 3545 3546 3547
4 3548 3549 3550 3551
4 3552 3553 3554 3555
4 3556 3557 3558 3559
4 3560 3561 3562 3563
4 3564 3565 3566 3567
4 3568 3569 3570 3571
4 3572 3573 3574 3575
4 3576 3577 3578 3579
4 3580 3581 3582 3583
4 3584 3585 3586 3587
4 3588 3589 3590 3591
4 3592 3593 3594 3595
4 3596 3597 3598 3599
4 3600 3601 3602 3603
4 3604 3605 3606 3607
4 3608 3609 3610 3611
4 3612 3613 3614 3615
4 3616 3617 3618 3619
4 3620 3621 3622 3623
4 3624 3625 3626 3627
4 3628 3629 3630 3631
4 3632 3633 3634 3635
4 3636 3637 3638 3639
4 3640 3641 3642 3643
4 3644 3645 3646 3647
4 3648 3649 3650 3651
4 3652 3653 3654 3655
4 3656 3657 3658 3659
4 3660 3661 3662 3663
4 3664 3665 3666 3667
4 3668 3669 3670 3671
4 3672 3673 3674 3675
4 3676 3677 3678 3679
4 3680 3681 3682 3683
4 3684 3685 3686 3687
4 3688 3689 3690 3691
4 3692 3693 3694 3695
CELL_TYPES 924
9
9
9
9
9
9
9
9
9
9
9
9
9
9
9
9
9
9
9
9
9
9
9
9
9
9
9
9
9
9
9
9
9
9
9
9
9
9
9
9
9
9
9
9
9
9
9
9
9
9
9
9
9
9
9
9
9
9
9
9
9
9
9
9
9
9
9
9
9
9
9
9
9
9
9
9
9
9
9
9
9
9
9
9
9
9
9
9
9
9
9
9
9
9
9
9
9
9
9
9
9
9
9
9
9
9
9
9
9
9
9
9
9
9
9
9
9
9
9
9
9
9
9
9
9
9
9
9
9
9
9
9
9
9
9
9
9
9
9
9
9
9
9
9
9
9
9
9
9
9
9
9
9
9
9
9
9
9
9
9
9
9
9
9
9
9
9
9
9
9
9
9
9
9
9
9
9
9
9
9
9
9
9
9
9
9
9
9
9
9
9
9
9
9
9
9
9
9
9
9
9
9
9
9
9
9
9
9
9
9
9
9
9
9
9
9
9
9
9
9
9
9
9
9
9
9
9
9
9
9
9
9
9
9
9
9
9
9
9
9
9
9
9
9
9
9
9
9
9
9
9
9
9
9
9
9
9
9
9
9
9
9
9
9
9
9
9
9
9
9
9
9
9
9
9
9
9
9
9
9
9
9
9
9
9
9
9
9
9
9
9
9
9
9
9
9
9
9
9
9
9
9
9
9
9
9
9
9
9
9
9
9
9
9
9
9
9
9
9
9
9
9
9
9
9
9
9
9
9
9
9
9
9
9
9
9
9
9
9
9
9
9
9
9
9
9
9
9
9
9
9
9
9
9
9
9
9
9
9
9
9
9
9
9
9
9
9
9
9
9
9
9
9
9
9
9
9
9
9
9
9
9
9
9
9
9
9
9
9
9
9
9
9
9
9
9
9
9
9
9
9
9
9
9
9
9
9
9
9
9
9
9
9
9
9
9
9
9
9
9
9
9
9
9
9
9
9
9
9
9
9
9
9
9
9
9
9
9
9
9
9
9
9
9
9
9
9
9
9
9
9
9
9
9
9
9
9
9
9
9
9
9
9
9
9
9
9
9
9
9
9
9
9
9
9
9
9
9
9
9
9
9
9
9
9
9
9
9
9
9
9
9
9
9
9
9
9
9
9
9
9
9
9
9
9
9
9
9
9
9
9
9
9
9
9
9
9
9
9
9
9
9
9
9
9
9
9
9
9
9
9
9
9
9
9
9
9
9
9
9
9
9
9
9
9
9
9
9
9
9
9
9
9
9
9
9
9
9
9
9
9
9
9
9
9
9
9
9
9
9
9
9
9
9
9
9
9
9
9
9
9
9
9
9
9
9
9
9
9
9
9
9
9
9
9
9
9
9
9
9
9
9
9
9
9
9
9
9
9
9
9
9
9
9
9
9
9
9
9
9
9
9
9
9
9
9
9
9
9
9
9
9
9
9
9
9
9
9
9
9
9
9
9
9
9
9
9
9
9
9
9
9
9
9
9
9
9
9
9
9
9
9
9
9
9
9
9
9
9
9
9
9
9
9
9
9
9
9
9
9
9
9
9
9
9
9
9
9
9
9
9
9
9
9
9
9
9
9
9
9
9
9
9
9
9
9
9
9
9
9
9
9
9
9
9
9
9
9
9
9
9
9
9
9
9
9
9
9
9
9
9
9
9
9
9
9
9
9
9
9
9
9
9
9
9
9
9
9
9
9
9
9
9
9
9
9
9
9
9
9
9
9
9
9
9
9
9
9
9
9
9
9
9
9
9
9
9
9
9
9
9
9
9
9
9
9
9
9
9
9
9
9
9
9
9
9
9
9
9
9
9
9
9
9
9
9
9
9
9
9
9
9
9
9
9
9
9
9
9
9
9
9
9
9
9
9
9
9
9
9
9
9
9
9
9
9
9
9
9
9
9
9
9
9
9
9
9
9
9
9
9
9
9
9
9
9
9
9
9
9
9
9
9
9
9
9
9
9
9
9
9
9
9
9
9
9
9
9
9
9
9
9
9
9
9
9
9
9
9
9
9
9
9
9
9
9
9
9
9
9
9
9
9
9
9
9
9
9
9
9
9
9
9
9
9
9
9
9
9
9
9
9
9
9
CELL_DATA 924
SCALARS area double 1
LOOKUP_TABLE default
1.47699e-05
1.49382e-05
1.5049e-05
1.51201e-05
1.47426e-05
1.32065e-05
1.50316e-05
1.49439e-05
1.48879e-05
1.48542e-05
2.43954e-05
2.46848e-05
2.49071e-05
2.50781e-05
2.45828e-05
2.05427e-05
2.50338e-05
2.47627e-05
2.46296e-05
2.45426e-05
2.61753e-05
2.65082e-05
2.68043e-05
2.70685e-05
2.6708e-05
2.04368e-05
2.71451e-05
2.67203e-05
2.65086e-05
2.63609e-05
2.73205e-05
2.76515e-05
2.79631e-05
2.82609e-05
2.80428e-05
1.97828e-05
2.83836e-05
2.79364e-05
2.76952e-05
2.75224e-05
2.82655e-05
2.85541e-05
2.88259e-05
2.90971e-05
2.89819e-05
1.89981e-05
2.91822e-05
2.8821e-05
2.86078e-05
2.8452e-05
2.9008e-05
2.9255e-05
2.94866e-05
2.97273e-05
2.96865e-05
1.81951e-05
2.9795e-05
2.95053e-05
2.93187e-05
2.91793e-05
2.95332e-05
2.97413e-05
2.99352e-05
3.01452e-05
3.0158e-05
1.74318e-05
3.02066e-05
2.99777e-05
2.98152e-05
2.9691e-05
2.98967e-05
3.007e-05
3.02302e-05
3.04112e-05
3.04589e-05
1.67616e-05
3.0469e-05
3.02897e-05
3.01497e-05
3.00403e-05
3.00636e-05
3.02068e-05
3.03386e-05
3.04937e-05
3.05641e-05
1.61568e-05
3.05458e-05
3.04069e-05
3.02875e-05
3.01925e-05
3.00604e-05
3.01777e-05
3.02855e-05
3.04181e-05
3.05023e-05
1.56144e-05
3.04629e-05
3.03571e-05
3.02561e-05
3.01745e-05
2.98804e-05
2.99757e-05
3.00639e-05
3.01773e-05
3.02701e-05
1.51099e-05
3.02127e-05
3.01336e-05
3.00492e-05
2.998e-05
2.95795e-05
2.96567e-05
2.97294e-05
2.9827e-05
2.99243e-05
1.46326e-05
2.98477e-05
2.97901e-05
2.97211e-05
2.9664e-05
2.91194e-05
2.91814e-05
2.92418e-05
2.93264e-05
2.94261e-05
1.41262e-05
2.93321e-05
2.92912e-05
2.92357e-05
2.91894e-05
2.85132e-05
2.85619e-05
2.86115e-05
2.86844e-05
2.87849e-05
1.35853e-05
2.8681e-05
2.8653e-05
2.86083e-05
2.85709e-05
2.78173e-05
2.78549e-05
2.78953e-05
2.79574e-05
2.80555e-05
1.30276e-05
2.79476e-05
2.7929e-05
2.78936e-05
2.78638e-05
2.70021e-05
2.70304e-05
2.70632e-05
2.71159e-05
2.72108e-05
1.24407e-05
2.71024e-05
2.70907e-05
2.70627e-05
2.70392e-05
2.60896e-05
2.61098e-05
2.61358e-05
2.61799e-05
2.62705e-05
1.18374e-05
2.61662e-05
2.61596e-05
2.61374e-05
2.61188e-05
2.50863e-05
2.51e-05
2.51203e-05
2.51564e-05
2.52409e-05
1.1219e-05
2.5144e-05
2.51409e-05
2.51235e-05
2.51089e-05
2.40394e-05
2.4048e-05
2.40637e-05
2.40931e-05
2.41716e-05
1.06086e-05
2.40817e-05
2.40811e-05
2.40676e-05
2.40564e-05
2.29236e-05
2.29282e-05
2.29399e-05
2.29631e-05
2.30345e-05
9.98791e-06
2.29541e-05
2.29552e-05
2.29447e-05
2.29361e-05
2.17538e-05
2.17549e-05
2.17622e-05
2.17796e-05
2.18426e-05
9.38499e-06
2.1775e-05
2.17761e-05
2.17676e-05
2.17614e-05
2.05775e-05
2.05776e-05
2.05827e-05
2.05962e-05
2.06512e-05
8.80908e-06
2.05929e-05
2.05949e-05
2.05883e-05
2.05835e-05
1.93725e-05
1.93719e-05
1.93752e-05
1.93854e-05
1.94331e-05
8.23305e-06
1.93835e-05
1.93861e-05
1.9381e-05
1.93772e-05
1.81609e-05
1.81598e-05
1.81618e-05
1.81691e-05
1.82094e-05
7.66534e-06
1.81686e-05
1.81715e-05
1.81676e-05
1.81646e-05
1.69458e-05
1.69444e-05
1.69452e-05
1.69501e-05
1.69834e-05
7.11125e-06
1.69509e-05
1.6954e-05
1.6951e-05
1.69487e-05
1.57679e-05
1.57663e-05
1.57664e-05
1.57693e-05
1.57962e-05
6.5822e-06
1.57709e-05
1.57741e-05
1.57718e-05
1.577e-05
1.46123e-05
1.46106e-05
1.46101e-05
1.46113e-05
1.46324e-05
6.07267e-06
1.46138e-05
1.4617e-05
1.46152e-05
1.46139e-05
1.35009e-05
1.34991e-05
1.34981e-05
1.34981e-05
1.35139e-05
5.59263e-06
1.35012e-05
1.35043e-05
1.3503e-05
1.35019e-05
1.24402e-05
1.24384e-05
1.24372e-05
1.24361e-05
1.24472e-05
5.13976e-06
1.24396e-05
1.24426e-05
1.24417e-05
1.24409e-05
1.09935e-05
1.09919e-05
1.09906e-05
1.09888e-05
1.09955e-05
4.53543e-06
1.09924e-05
1.09952e-05
1.09946e-05
1.09939e-05
2.53092e-06
2.53055e-06
2.53021e-06
2.52973e-06
2.53091e-06
1.04341e-06
2.53059e-06
2.53123e-06
2.53111e-06
2.53099e-06
2.03189e-06
2.03157e-06
2.03127e-06
2.03083e-06
2.03177e-06
8.38623e-07
2.03158e-06
2.03211e-06
2.03201e-06
2.0319e-06
1.98668e-06
1.98588e-06
1.98533e-06
1.98536e-06
1.99077e-06
8.60075e-07
1.98573e-06
1.9863e-06
1.98612e-06
1.98597e-06
1.93337e-06
1.9314e-06
1.93015e-06
1.93095e-06
1.94562e-06
9.18488e-07
1.93067e-06
1.93133e-06
1.931e-06
1.93078e-06
1.85052e-06
1.84672e-06
1.84436e-06
1.84628e-06
1.87526e-06
9.98221e-07
1.84497e-06
1.84577e-06
1.84523e-06
1.84491e-06
1.73905e-06
1.73227e-06
1.72802e-06
1.73144e-06
1.78199e-06
1.10287e-06
1.72868e-06
1.7297e-06
1.72887e-06
1.7284e-06
1.58908e-06
1.5774e-06
1.56999e-06
1.57584e-06
1.66131e-06
1.24286e-06
1.57066e-06
1.57205e-06
1.57076e-06
1.57007e-06
1.37846e-06
1.35623e-06
1.34189e-06
1.35267e-06
1.50926e-06
1.46875e-06
1.3425e-06
1.34469e-06
1.34243e-06
1.34127e-06
1.04684e-06
9.88736e-07
9.49604e-07
9.78104e-07
1.34992e-06
1.94153e-06
9.50007e-07
9.5525e-07
9.49489e-07
9.46583e-07
4.04101e-07
3.71837e-07
3.49383e-07
3.64931e-07
5.60654e-07
8.85022e-07
3.49193e-07
3.52108e-07
3.48958e-07
3.47385e-07
1.48088e-05
2.44408e-05
2.62073e-05
2.7347e-05
2.82895e-05
2.90296e-05
2.95538e-05
2.99164e-05
3.00824e-05
3.0078e-05
2.98969e-05
2.95944e-05
2.91325e-05
2.85248e-05
2.78274e-05
2.7011e-05
2.60973e-05
2.50931e-05
2.40453e-05
2.29289e-05
2.17583e-05
2.05809e-05
1.93751e-05
1.81628e-05
1.69471e-05
1.57687e-05
1.46127e-05
1.35009e-05
1.24401e-05
1.09933e-05
2.53087e-06
2.03181e-06
1.98587e-06
1.93067e-06
1.84479e-06
1.72827e-06
1.56992e-06
1.34106e-06
9.46127e-07
3.47156e-07
9.22269e-06
6.6191e-06
6.06052e-06
6.42851e-06
1.02636e-05
2.01939e-05
7.94175e-06
4.43643e-06
4.38959e-06
4.11555e-06
2.34169e-06
1.92383e-09
1.47322e-09
1.27519e-09
1.37849e-09
2.27552e-09
3.89288e-09
7.88101e-10
7.29054e-10
7.46697e-10
6.98962e-10
6.33742e-10
1.47699e-05
1.49382e-05
1.5049e-05
1.51201e-05
1.47426e-05
1.32065e-05
1.50316e-05
1.49439e-05
1.48879e-05
1.48542e-05
2.43954e-05
2.46848e-05
2.49071e-05
2.50781e-05
2.45828e-05
2.05427e-05
2.50338e-05
2.47627e-05
2.46296e-05
2.45426e-05
2.61753e-05
2.65082e-05
2.68043e-05
2.70685e-05
2.6708e-05
2.04368e-05
2.71451e-05
2.67203e-05
2.65086e-05
2.63609e-05
2.73205e-05
2.76515e-05
2.79631e-05
2.82609e-05
2.80428e-05
1.97828e-05
2.83836e-05
2.79364e-05
2.76952e-05
2.75224e-05
2.82655e-05
2.85541e-05
2.88259e-05
2.90971e-05
2.89819e-05
1.89981e-05
2.91822e-05
2.8821e-05
2.86078e-05
2.8452e-05
2.9008e-05
2.9255e-05
2.94866e-05
2.97273e-05
2.96865e-05
1.81951e-05
2.9795e-05
2.95053e-05
2.93187e-05
2.91793e-05
2.95332e-05
2.97413e-05
2.99352e-05
3.01452e-05
3.0158e-05
1.74318e-05
3.02066e-05
2.99777e-05
2.98152e-05
2.9691e-05
2.98967e-05
3.007e-05
3.02302e-05
3.04112e-05
3.04589e-05
1.67616e-05
3.0469e-05
3.02897e-05
3.01497e-05
3.00403e-05
3.00636e-05
3.02068e-05
3.03386e-05
3.04937e-05
3.05641e-05
1.61568e-05
3.05458e-05
3.04069e-05
3.02875e-05
3.01925e-05
3.00604e-05
3.01777e-05
3.02855e-05
3.04181e-05
3.05023e-05
1.56144e-05
3.04629e-05
3.03571e-05
3.02561e-05
3.01745e-05
2.98804e-05
2.99757e-05
3.00639e-05
3.01773e-05
3.02701e-05
1.51099e-05
3.02127e-05
3.01336e-05
3.00492e-05
2.998e-05
2.95795e-05
2.96567e-05
2.97294e-05
2.9827e-05
2.99243e-05
1.46326e-05
2.98477e-05
2.97901e-05
2.97211e-05
2.9664e-05
2.91194e-05
2.91814e-05
2.92418e-05
2.93264e-05
2.94261e-05
1.41262e-05
2.93321e-05
2.92912e-05
2.92357e-05
2.91894e-05
2.85132e-05
2.85619e-05
2.86115e-05
2.86844e-05
2.87849e-05
1.35853e-05
2.8681e-05
2.8653e-05
2.86083e-05
2.85709e-05
2.78173e-05
2.78549e-05
2.78953e-05
2.79574e-05
2.80555e-05
1.30276e-05
2.79476e-05
2.7929e-05
2.78936e-05
2.78638e-05
2.70021e-05
2.70304e-05
2.70632e-05
2.71159e-05
2.72108e-05
1.24407e-05
2.71024e-05
2.70907e-05
2.70627e-05
2.70392e-05
2.60896e-05
2.61098e-05
2.61358e-05
2.61799e-05
2.62705e-05
1.18374e-05
2.61662e-05
2.61596e-05
2.61374e-05
2.61188e-05
2.50863e-05
2.51e-05
2.51203e-05
2.51564e-05
2.52409e-05
1.1219e-05
2.5144e-05
2.51409e-05
2.51235e-05
2.51089e-05
2.40394e-05
2.4048e-05
2.40637e-05
2.40931e-05
2.41716e-05
1.06086e-05
2.40817e-05
2.40811e-05
2.40676e-05
2.40564e-05
2.29236e-05
2.29282e-05
2.29399e-05
2.29631e-05
2.30345e-05
9.98791e-06
2.29541e-05
2.29552e-05
2.29447e-05
2.29361e-05
2.17538e-05
2.17549e-05
2.17622e-05
2.17796e-05
2.18426e-05
9.38499e-06
2.1775e-05
2.17761e-05
2.17676e-05
2.17614e-05
2.05775e-05
2.05776e-05
2.05827e-05
2.05962e-05
2.06512e-05
8.80908e-06
2.05929e-05
2.05949e-05
2.05883e-05
2.05835e-05
1.93725e-05
1.93719e-05
1.93752e-05
1.93854e-05
1.94331e-05
8.23305e-06
1.93835e-05
1.93861e-05
1.9381e-05
1.93772e-05
1.81609e-05
1.81598e-05
1.81618e-05
1.81691e-05
1.82094e-05
7.66534e-06
1.81686e-05
1.81715e-05
1.81676e-05
1.81646e-05
1.69458e-05
1.69444e-05
1.69452e-05
1.69501e-05
1.69834e-05
7.11125e-06
1.69509e-05
1.6954e-05
1.6951e-05
1.69487e-05
1.57679e-05
1.57663e-05
1.57664e-05
1.57693e-05
1.57962e-05
6.5822e-06
1.57709e-05
1.57741e-05
1.57718e-05
1.577e-05
1.46123e-05
1.46106e-05
1.46101e-05
1.46113e-05
1.46324e-05
6.07267e-06
1.46138e-05
1.4617e-05
1.46152e-05
1.46139e-05
1.35009e-05
1.34991e-05
1.34981e-05
1.34981e-05
1.35139e-05
5.59263e-06
1.35012e-05
1.35043e-05
1.3503e-05
1.35019e-05
1.24402e-05
1.24384e-05
1.24372e-05
1.24361e-05
1.24472e-05
5.13976e-06
1.24396e-05
1.24426e-05
1.24417e-05
1.24409e-05
1.09935e-05
1.09919e-05
1.09906e-05
1.09888e-05
1.09955e-05
4.53543e-06
1.09924e-05
1.09952e-05
1.09946e-05
1.09939e-05
2.53092e-06
2.53055e-06
2.53021e-06
2.52973e-06
2.53091e-06
1.04341e-06
2.53059e-06
2.53123e-06
2.53111e-06
2.53099e-06
2.03189e-06
2.03157e-06
2.03127e-06
2.03083e-06
2.03177e-06
8.38623e-07
2.03158e-06
2.03211e-06
2.03201e-06
2.0319e-06
1.98668e-06
1.98588e-06
1.98533e-06
1.98536e-06
1.99077e-06
8.60075e-07
1.98573e-06
1.9863e-06
1.98612e-06
1.98597e-06
1.93337e-06
1.9314e-06
1.93015e-06
1.93095e-06
1.94562e-06
9.18488e-07
1.93067e-06
1.93133e-06
1.931e-06
1.93078e-06
1.85052e-06
1.84672e-06
1.84436e-06
1.84628e-06
1.87526e-06
9.98221e-07
1.84497e-06
1.84577e-06
1.84523e-06
1.84491e-06
1.73905e-06
1.73227e-06
1.72802e-06
1.73144e-06
1.78199e-06
1.10287e-06
1.72868e-06
1.7297e-06
1.72887e-06
1.7284e-06
1.58908e-06
1.5774e-06
1.56999e-06
1.57584e-06
1.66131e-06
1.24286e-06
1.57066e-06
1.57205e-06
1.57076e-06
1.57007e-06
1.37846e-06
1.35623e-06
1.34189e-06
1.35267e-06
1.50926e-06
1.46875e-06
1.3425e-06
1.34469e-06
1.34243e-06
1.34127e-06
1.04684e-06
9.88736e-07
9.49604e-07
9.78104e-07
1.34992e-06
1.94153e-06
9.50007e-07
9.5525e-07
9.49489e-07
9.46583e-07
4.04101e-07
3.71837e-07
3.49383e-07
3.64931e-07
5.60654e-07
8.85022e-07
3.49193e-07
3.52108e-07
3.48958e-07
3.47385e-07
1.48088e-05
2.44408e-05
2.62073e-05
2.7347e-05
2.82895e-05
2.90296e-05
2.95538e-05
2.99164e-05
3.00824e-05
3.0078e-05
2.98969e-05
2.95944e-05
2.91325e-05
2.85248e-05
2.78274e-05
2.7011e-05
2.60973e-05
2.50931e-05
2.40453e-05
2.29289e-05
2.17583e-05
2.05809e-05
1.93751e-05
1.81628e-05
1.69471e-05
1.57687e-05
1.46127e-05
1.35009e-05
1.24401e-05
1.09933e-05
2.53087e-06
2.03181e-06
1.98587e-06
1.93067e-06
1.84479e-06
1.72827e-06
1.56992e-06
1.34106e-06
9.46127e-07
3.47156e-07
9.22269e-06
6.6191e-06
6.06052e-06
6.42851e-06
1.02636e-05
2.01939e-05
7.94175e-06
4.43643e-06
4.38959e-06
4.11555e-06
2.34169e-06
1.92383e-09
1.47322e-09
1.27519e-09
1.37849e-09
2.27552e-09
3.89288e-09
7.88101e-10
7.29054e-10
7.46697e-10
6.98962e-10
6.33742e-10
SCALARS mu double 1
LOOKUP_TABLE default
60.1151
-1.29468e-11
65.4529
81.9496
85.7321
86.8606
86.7829
84.0264
72.1975
47.7574
78.726
68.5849
77.9942
85.4101
88.7712
90.1242
90.1571
87.5841
81.5656
73.3181
90.6757
87.2652
89.5361
92.5158
94.6966
96.1544
96.3282
94.4916
91.48
88.5489
100.43
98.7503
99.2751
100.518
101.92
103.285
103.517
102.193
100.481
99.1627
109.601
108.335
108.238
108.716
109.61
110.745
110.984
110.042
109.006
108.392
118.713
117.351
116.895
116.935
117.451
118.351
118.603
117.983
117.394
117.228
127.941
126.217
125.469
125.188
125.384
126.062
126.339
126.015
125.784
125.987
137.174
135.042
134.043
133.496
133.407
133.883
134.189
134.143
134.223
134.747
146.112
143.848
142.65
141.871
141.521
141.82
142.158
142.373
142.731
143.515
155.091
152.689
151.319
150.331
149.74
149.882
150.254
150.714
151.324
152.336
164.17
161.606
160.073
158.893
158.079
158.083
158.488
159.177
160.02
161.242
173.37
170.631
168.942
167.582
166.562
166.447
166.879
167.782
168.841
170.261
182.727
179.821
177.976
176.445
175.232
175.014
175.469
176.571
177.836
179.448
192.381
189.259
187.242
185.542
184.149
183.842
184.314
185.603
187.067
188.884
202.652
199.018
196.792
194.924
193.367
192.988
193.466
194.925
196.585
198.64
213.239
209.114
206.67
204.638
202.931
202.492
202.971
204.586
206.434
208.732
224.163
219.564
216.911
214.729
212.888
212.402
212.874
214.628
216.652
219.181
235.407
230.37
227.53
225.219
223.27
222.752
223.21
225.076
227.251
229.987
246.941
241.534
238.536
236.122
234.091
233.552
233.992
235.943
238.243
241.153
258.816
253.07
249.944
247.457
245.377
244.831
245.247
247.251
249.643
252.697
271.073
264.967
261.74
259.216
257.124
256.579
256.971
258.988
261.437
264.607
283.525
277.184
273.898
271.369
269.3
268.77
269.134
271.13
273.6
276.838
296.15
289.67
286.372
283.875
281.863
281.356
281.692
283.633
286.085
289.341
308.857
302.337
299.077
296.654
294.738
294.264
294.571
296.417
298.804
302.025
321.537
315.054
311.876
309.563
307.781
307.344
307.624
309.338
311.622
314.762
334.002
327.608
324.547
322.379
320.764
320.373
320.625
322.174
324.315
327.336
345.934
339.689
336.776
334.782
333.358
333.015
333.241
334.601
336.57
339.438
356.86
350.814
348.076
346.276
345.061
344.768
344.97
346.125
347.897
350.585
366.091
360.286
357.734
356.136
355.135
354.895
355.072
356.016
357.582
360.078
372.826
367.181
364.742
363.28
362.448
362.261
362.408
363.189
364.614
366.991
375.728
369.821
367.316
365.748
364.713
364.474
364.699
365.682
367.205
369.643
378.076
372.031
369.402
367.701
366.543
366.256
366.539
367.643
369.299
371.861
380.186
374.112
371.356
369.508
368.209
367.833
368.22
369.457
371.257
373.946
382.102
376.202
373.352
371.352
369.891
369.414
369.914
371.304
373.249
376.034
383.774
378.338
375.466
373.329
371.704
371.135
371.726
373.275
375.355
378.166
385.176
380.546
377.787
375.555
373.765
373.119
373.755
375.483
377.665
380.369
386.272
382.823
380.438
378.236
376.253
375.554
376.139
378.152
380.3
382.648
386.976
384.972
383.408
381.702
379.707
379.074
379.565
381.61
383.277
384.822
387.605
386.817
386.013
385.362
384.898
384.69
384.853
385.236
385.861
386.652
389.723
389.545
389.473
389.421
389.368
389.331
389.358
389.397
389.447
389.517
59.8967
78.4678
90.3656
100.065
109.181
118.239
127.416
136.615
145.568
154.562
163.654
172.866
182.236
191.899
202.145
212.713
223.619
234.846
246.37
258.236
270.487
282.937
295.566
308.282
320.975
333.454
345.403
356.347
365.599
372.352
375.263
377.613
379.732
381.664
383.357
384.787
385.919
386.673
387.389
389.634
-39.0091
-37.5151
-63.7954
-80.2517
-83.7323
-85.098
-84.6319
-82.5132
-68.3948
-46.9023
-42.154
389.626
389.583
389.519
389.467
389.452
389.442
389.433
389.443
389.502
389.579
389.608
59.3337
-9.85996e-12
64.5619
80.8415
84.5836
85.7115
85.6298
82.9013
71.2258
47.1188
77.6973
67.6492
76.9238
84.2444
87.5731
88.9232
88.9495
86.4
80.4573
72.326
89.4806
86.065
88.296
91.2401
93.4043
94.8562
95.0205
93.1979
90.2225
87.3381
99.0881
97.377
97.885
99.1152
100.51
101.869
102.09
100.773
99.0803
97.7889
108.112
106.808
106.703
107.179
108.072
109.201
109.427
108.488
107.463
106.868
117.07
115.673
115.214
115.258
115.777
116.672
116.911
116.29
115.706
115.552
126.136
124.383
123.637
123.365
123.569
124.243
124.505
124.176
123.945
124.155
135.197
133.046
132.055
131.522
131.444
131.919
132.208
132.152
132.228
132.752
143.952
141.684
140.501
139.741
139.406
139.704
140.024
140.226
140.573
141.351
152.737
150.35
149.004
148.04
147.469
147.61
147.963
148.405
148.999
149.995
161.616
159.088
157.588
156.437
155.646
155.651
156.036
156.703
157.524
158.721
170.61
167.931
166.283
164.958
163.965
163.851
164.262
165.138
166.17
167.556
179.759
176.936
175.141
173.649
172.466
172.25
172.683
173.755
174.987
176.557
189.206
186.188
184.228
182.571
181.212
180.906
181.356
182.612
184.038
185.805
199.273
195.762
193.598
191.777
190.255
189.877
190.334
191.758
193.375
195.373
209.662
205.673
203.297
201.313
199.642
199.203
199.662
201.241
203.045
205.281
220.396
215.942
213.359
211.226
209.42
208.934
209.388
211.105
213.083
215.547
231.459
226.571
223.801
221.538
219.624
219.105
219.546
221.376
223.506
226.176
242.822
237.563
234.634
232.266
230.268
229.727
230.152
232.069
234.325
237.171
254.536
248.934
245.874
243.43
241.38
240.831
241.235
243.208
245.558
248.55
266.645
260.675
257.509
255.024
252.958
252.411
252.792
254.781
257.192
260.305
278.963
272.746
269.515
267.02
264.972
264.439
264.795
266.768
269.205
272.391
291.469
285.1
281.848
279.38
277.384
276.873
277.204
279.127
281.55
284.761
304.074
297.647
294.426
292.024
290.121
289.642
289.946
291.778
294.143
297.328
316.668
310.26
307.111
304.814
303.039
302.598
302.877
304.582
306.849
309.961
329.064
322.726
319.685
317.528
315.915
315.519
315.772
317.317
319.448
322.449
340.942
334.735
331.835
329.845
328.421
328.073
328.302
329.661
331.625
334.481
351.831
345.807
343.073
341.272
340.053
339.756
339.962
341.119
342.891
345.575
361.037
355.238
352.683
351.081
350.075
349.83
350.012
350.961
352.53
355.028
367.751
362.1
359.655
358.186
357.348
357.157
357.31
358.096
359.527
361.91
370.626
364.714
362.204
360.631
359.591
359.35
359.579
360.566
362.094
364.536
372.948
366.9
364.269
362.565
361.403
361.114
361.402
362.508
364.167
366.731
375.032
368.96
366.203
364.353
363.052
362.674
363.065
364.304
366.105
368.794
376.921
371.026
368.178
366.179
364.717
364.239
364.742
366.133
368.077
370.859
378.566
373.138
370.271
368.137
366.512
365.943
366.537
368.085
370.162
372.967
379.941
375.322
372.57
370.342
368.555
367.909
368.547
370.273
372.448
375.145
381.011
377.572
375.195
373
371.023
370.325
370.912
372.919
375.058
377.397
381.691
379.694
378.136
376.437
374.45
373.819
374.312
376.347
378.006
379.544
382.293
381.507
380.71
380.063
379.6
379.393
379.558
379.939
380.559
381.344
384.37
384.191
384.118
384.066
384.013
383.976
384.004
384.043
384.092
384.163
59.1154
77.4391
89.1705
98.7235
107.692
116.596
125.611
134.638
143.408
152.208
161.1
170.107
179.268
188.723
198.767
209.136
219.852
230.899
242.251
253.957
266.058
278.375
290.885
303.499
316.106
328.516
340.412
351.319
360.545
367.278
370.161
372.486
374.578
376.483
378.149
379.552
380.658
381.388
382.076
384.28
-38.5014
-37.0249
-62.9473
-79.1869
-82.6268
-83.9789
-83.5164
-81.4219
-67.4872
-46.2859
-41.6026
384.272
384.229
384.165
384.113
384.097
384.087
384.079
384.088
384.148
384.225
384.254
