step,time_s,rotor,particles,thrust_N,torque_Nm
0,0,0,102,15.6046,0.252737
0,0,1,184,11.5647,0.189722
0,0,2,266,8.54233,0.188083
0,0,TOTAL,266,35.7117,0.630542
1,0.0001,0,368,15.4272,-0.0163032
1,0.0001,1,450,11.4243,0.00655023
1,0.0001,2,532,8.53005,0.230286
1,0.0001,TOTAL,532,35.3815,0.220533
2,0.0002,0,634,15.5587,-0.02438
2,0.0002,1,716,11.4962,0.0115521
2,0.0002,2,798,8.56402,0.233215
2,0.0002,TOTAL,798,35.6189,0.220387
3,0.0003,0,900,15.6426,-0.0308837
3,0.0003,1,982,11.5493,0.0158407
3,0.0003,2,1064,8.58822,0.235547
3,0.0003,TOTAL,1064,35.7801,0.220504
4,0.0004,0,1166,15.7078,-0.0362458
4,0.0004,1,1248,11.5887,0.0195115
4,0.0004,2,1330,8.60651,0.237461
4,0.0004,TOTAL,1330,35.903,0.220727
5,0.0005,0,1432,15.765,-0.0410674
5,0.0005,1,1514,11.6179,0.0226661
5,0.0005,2,1596,8.62094,0.239065
5,0.0005,TOTAL,1596,36.0039,0.220663
6,0.0006,0,1698,15.8177,-0.0455585
6,0.0006,1,1780,11.6392,0.0253939
6,0.0006,2,1862,8.6327,0.240431
6,0.0006,TOTAL,1862,36.0895,0.220266
7,0.0007,0,1964,15.8674,-0.0498525
7,0.0007,1,2046,11.6539,0.0277548
7,0.0007,2,2128,8.64249,0.241611
7,0.0007,TOTAL,2128,36.1639,0.219514
8,0.0008,0,2230,15.9135,-0.0540133
8,0.0008,1,2312,11.6633,0.0297965
8,0.0008,2,2394,8.65079,0.242643
8,0.0008,TOTAL,2394,36.2276,0.218426
9,0.0009,0,2496,15.9559,-0.0581005
9,0.0009,1,2578,11.668,0.0315563
9,0.0009,2,2660,8.65793,0.243554
9,0.0009,TOTAL,2660,36.2818,0.217009
10,0.001,0,2762,15.9963,-0.0621469
10,0.001,1,2844,11.6686,0.0330614
10,0.001,2,2926,8.66416,0.244365
10,0.001,TOTAL,2926,36.329,0.215279
11,0.0011,0,3028,16.0382,-0.0660987
11,0.0011,1,3110,11.6655,0.0343371
11,0.0011,2,3192,8.66964,0.245093
11,0.0011,TOTAL,3192,36.3733,0.213331
12,0.0012,0,3294,16.0785,-0.0697058
12,0.0012,1,3376,11.6591,0.0354081
12,0.0012,2,3458,8.6745,0.245751
12,0.0012,TOTAL,3458,36.4122,0.211454
13,0.0013,0,3560,16.1027,-0.0726999
13,0.0013,1,3642,11.6499,0.0362968
13,0.0013,2,3724,8.67885,0.246351
13,0.0013,TOTAL,3724,36.4314,0.209948
14,0.0014,0,3826,16.1145,-0.0752992
14,0.0014,1,3908,11.638,0.0370234
14,0.0014,2,3990,8.68276,0.246901
14,0.0014,TOTAL,3990,36.4353,0.208626
15,0.0015,0,4092,16.1236,-0.0776681
15,0.0015,1,4174,11.6237,0.0376056
15,0.0015,2,4256,8.6863,0.247409
15,0.0015,TOTAL,4256,36.4337,0.207346
16,0.0016,0,4358,16.1258,-0.0797375
16,0.0016,1,4440,11.6074,0.0380599
16,0.0016,2,4522,8.68951,0.24788
16,0.0016,TOTAL,4522,36.4227,0.206202
17,0.0017,0,4624,16.131,-0.0813006
17,0.0017,1,4706,11.5891,0.038401
17,0.0017,2,4788,8.69243,0.24832
17,0.0017,TOTAL,4788,36.4126,0.205421
18,0.0018,0,4890,16.141,-0.082783
18,0.0018,1,4972,11.5691,0.0386427
18,0.0018,2,5054,8.69511,0.248734
18,0.0018,TOTAL,5054,36.4052,0.204594
19,0.0019,0,5156,16.1438,-0.0841296
19,0.0019,1,5238,11.5475,0.0388019
19,0.0019,2,5320,8.69755,0.249126
19,0.0019,TOTAL,5320,36.3889,0.203798
20,0.002,0,5422,16.1434,-0.0849638
20,0.002,1,5504,11.5245,0.0388948
20,0.002,2,5586,8.69979,0.249499
20,0.002,TOTAL,5586,36.3677,0.20343
21,0.0021,0,5688,16.1461,-0.0854166
21,0.0021,1,5770,11.5004,0.0389296
21,0.0021,2,5852,8.70185,0.249857
21,0.0021,TOTAL,5852,36.3484,0.20337
22,0.0022,0,5954,16.148,-0.0855223
22,0.0022,1,6036,11.4752,0.0389159
22,0.0022,2,6118,8.70375,0.250204
22,0.0022,TOTAL,6118,36.3269,0.203597
23,0.0023,0,6220,16.149,-0.0851285
23,0.0023,1,6302,11.4492,0.0388689
23,0.0023,2,6384,8.70549,0.25054
23,0.0023,TOTAL,6384,36.3037,0.204281
24,0.0024,0,6486,16.1515,-0.0844043
24,0.0024,1,6568,11.4226,0.0387987
24,0.0024,2,6650,8.7071,0.25087
24,0.0024,TOTAL,6650,36.2812,0.205265
25,0.0025,0,6752,16.1537,-0.0835436
25,0.0025,1,6834,11.3955,0.0387136
25,0.0025,2,6916,8.70858,0.251195
25,0.0025,TOTAL,6916,36.2578,0.206365
26,0.0026,0,7018,16.153,-0.0825471
26,0.0026,1,7100,11.368,0.0386197
26,0.0026,2,7182,8.70994,0.251518
26,0.0026,TOTAL,7182,36.2309,0.207591
27,0.0027,0,7284,16.1501,-0.0814043
27,0.0027,1,7366,11.3402,0.0385277
27,0.0027,2,7448,8.71122,0.251842
27,0.0027,TOTAL,7448,36.2015,0.208966
28,0.0028,0,7550,16.1481,-0.0800995
28,0.0028,1,7632,11.3124,0.0384458
28,0.0028,2,7714,8.71241,0.252169
28,0.0028,TOTAL,7714,36.1729,0.210516
29,0.0029,0,7816,16.1492,-0.078705
29,0.0029,1,7898,11.2846,0.0383806
29,0.0029,2,7980,8.71353,0.252502
29,0.0029,TOTAL,7980,36.1474,0.212178
30,0.003,0,8082,16.1528,-0.0774188
30,0.003,1,8164,11.257,0.0383391
30,0.003,2,8246,8.71461,0.252844
30,0.003,TOTAL,8246,36.1245,0.213764
31,0.0031,0,8348,16.1553,-0.0764466
31,0.0031,1,8430,11.2297,0.0383278
31,0.0031,2,8512,8.71565,0.253197
31,0.0031,TOTAL,8512,36.1006,0.215078
32,0.0032,0,8614,16.1525,-0.0758898
32,0.0032,1,8696,11.2028,0.0383571
32,0.0032,2,8778,8.71669,0.253566
32,0.0032,TOTAL,8778,36.072,0.216034
33,0.0033,0,8880,16.1436,-0.0758619
33,0.0033,1,8962,11.1765,0.0384363
33,0.0033,2,9044,8.71775,0.253956
33,0.0033,TOTAL,9044,36.0378,0.216531
34,0.0034,0,9146,16.1261,-0.0764113
34,0.0034,1,9228,11.1508,0.0385757
34,0.0034,2,9310,8.71887,0.254372
34,0.0034,TOTAL,9310,35.9958,0.216536
35,0.0035,0,9412,16.1001,-0.0776324
35,0.0035,1,9494,11.1259,0.0387889
35,0.0035,2,9576,8.72011,0.254819
35,0.0035,TOTAL,9576,35.9461,0.215976
36,0.0036,0,9678,16.0727,-0.0796486
36,0.0036,1,9760,11.1018,0.039094
36,0.0036,2,9842,8.7215,0.255306
36,0.0036,TOTAL,9842,35.896,0.214751
37,0.0037,0,9944,16.0481,-0.0826763
37,0.0037,1,10026,11.0789,0.0395156
37,0.0037,2,10108,8.72311,0.255841
37,0.0037,TOTAL,10108,35.8501,0.21268
38,0.0038,0,10210,16.0281,-0.0869669
38,0.0038,1,10292,11.0573,0.0400865
38,0.0038,2,10374,8.72501,0.256434
38,0.0038,TOTAL,10374,35.8104,0.209554
39,0.0039,0,10476,16.0116,-0.0926267
39,0.0039,1,10558,11.0372,0.040848
39,0.0039,2,10640,8.72729,0.2571
39,0.0039,TOTAL,10640,35.7761,0.205321
40,0.004,0,10742,16.0149,-0.0956222
40,0.004,1,10824,11.0191,0.0418527
40,0.004,2,10906,8.73005,0.257852
40,0.004,TOTAL,10906,35.764,0.204082
41,0.0041,0,11008,16.0215,-0.0983436
41,0.0041,1,11090,11.0031,0.0431717
41,0.0041,2,11172,8.73343,0.258706
41,0.0041,TOTAL,11172,35.758,0.203534
42,0.0042,0,11274,16.0174,-0.100017
42,0.0042,1,11356,10.9897,0.0449113
42,0.0042,2,11438,8.73752,0.259675
42,0.0042,TOTAL,11438,35.7446,0.204569
43,0.0043,0,11540,16.0024,-0.101972
43,0.0043,1,11622,10.9789,0.0472454
43,0.0043,2,11704,8.7424,0.260766
43,0.0043,TOTAL,11704,35.7237,0.206039
44,0.0044,0,11806,15.9881,-0.103531
44,0.0044,1,11888,10.9712,0.0504478
44,0.0044,2,11970,8.74801,0.261967
44,0.0044,TOTAL,11970,35.7073,0.208884
45,0.0045,0,12072,15.9782,-0.104901
45,0.0045,1,12154,10.967,0.0549286
45,0.0045,2,12236,8.75409,0.263223
45,0.0045,TOTAL,12236,35.6993,0.213251
46,0.0046,0,12338,15.9764,-0.106219
46,0.0046,1,12420,10.9622,0.0601474
46,0.0046,2,12502,8.76018,0.264436
46,0.0046,TOTAL,12502,35.6988,0.218364
47,0.0047,0,12604,15.986,-0.107653
47,0.0047,1,12686,10.9703,0.063315
47,0.0047,2,12768,8.76589,0.265487
47,0.0047,TOTAL,12768,35.7221,0.22115
48,0.0048,0,12870,16.0128,-0.109495
48,0.0048,1,12952,10.99,0.066854
48,0.0048,2,13034,8.77105,0.266307
48,0.0048,TOTAL,13034,35.7739,0.223667
49,0.0049,0,13136,16.0665,-0.112254
49,0.0049,1,13218,11.0127,0.0669674
49,0.0049,2,13300,8.77527,0.266857
49,0.0049,TOTAL,13300,35.8545,0.22157
50,0.005,0,13402,16.1608,-0.117325
50,0.005,1,13484,11.0281,0.0671524
50,0.005,2,13566,8.7776,0.267094
50,0.005,TOTAL,13566,35.9666,0.216921
51,0.0051,0,13668,16.283,-0.128193
51,0.0051,1,13750,11.0276,0.0671687
51,0.0051,2,13832,8.77769,0.267049
51,0.0051,TOTAL,13832,36.0883,0.206026
52,0.0052,0,13934,16.3571,-0.142057
52,0.0052,1,14016,11.0196,0.0666856
52,0.0052,2,14098,8.77609,0.26682
52,0.0052,TOTAL,14098,36.1528,0.191448
53,0.0053,0,14200,16.3005,-0.146838
53,0.0053,1,14282,11.0101,0.0659365
53,0.0053,2,14364,8.77352,0.266502
53,0.0053,TOTAL,14364,36.0841,0.1856
54,0.0054,0,14466,16.2524,-0.143624
54,0.0054,1,14548,11.0017,0.0651062
54,0.0054,2,14630,8.77053,0.266156
54,0.0054,TOTAL,14630,36.0246,0.187638
55,0.0055,0,14732,16.2349,-0.140823
55,0.0055,1,14814,10.9961,0.0643228
55,0.0055,2,14896,8.76747,0.26582
55,0.0055,TOTAL,14896,35.9985,0.189319
56,0.0056,0,14998,16.235,-0.138681
56,0.0056,1,15080,10.9939,0.0636736
56,0.0056,2,15162,8.76454,0.265511
56,0.0056,TOTAL,15162,35.9935,0.190503
57,0.0057,0,15264,16.2473,-0.137051
57,0.0057,1,15346,10.9963,0.0632225
57,0.0057,2,15428,8.76183,0.265238
57,0.0057,TOTAL,15428,36.0054,0.19141
58,0.0058,0,15530,16.2712,-0.135843
58,0.0058,1,15612,11.0042,0.0630326
58,0.0058,2,15694,8.75942,0.265005
58,0.0058,TOTAL,15694,36.0348,0.192195
59,0.0059,0,15796,16.3069,-0.134645
59,0.0059,1,15878,11.019,0.0632045
59,0.0059,2,15960,8.75731,0.264813
59,0.0059,TOTAL,15960,36.0831,0.193373
60,0.006,0,16062,16.3549,-0.133526
60,0.006,1,16144,11.0414,0.0639604
60,0.006,2,16226,8.75551,0.264662
60,0.006,TOTAL,16226,36.1519,0.195096
61,0.0061,0,16328,16.4108,-0.132742
61,0.0061,1,16410,11.0722,0.0656423
61,0.0061,2,16492,8.75401,0.264549
61,0.0061,TOTAL,16492,36.2371,0.197449
62,0.0062,0,16594,16.4531,-0.1293
62,0.0062,1,16676,11.1084,0.0684864
62,0.0062,2,16758,8.7528,0.264475
62,0.0062,TOTAL,16758,36.3143,0.203661
63,0.0063,0,16860,16.5095,-0.127708
63,0.0063,1,16942,11.1403,0.0717089
63,0.0063,2,17024,8.75184,0.264437
63,0.0063,TOTAL,17024,36.4017,0.208438
64,0.0064,0,17126,16.5635,-0.128047
64,0.0064,1,17208,11.1593,0.0740619
64,0.0064,2,17290,8.75111,0.264434
64,0.0064,TOTAL,17290,36.4739,0.210449
65,0.0065,0,17392,16.6137,-0.130923
65,0.0065,1,17474,11.1581,0.0739538
65,0.0065,2,17556,8.7506,0.264464
65,0.0065,TOTAL,17556,36.5224,0.207495
66,0.0066,0,17658,16.6525,-0.135572
66,0.0066,1,17740,11.1445,0.0721705
66,0.0066,2,17822,8.75029,0.264525
66,0.0066,TOTAL,17822,36.5473,0.201123
67,0.0067,0,17924,16.6878,-0.141229
67,0.0067,1,18006,11.1328,0.0705193
67,0.0067,2,18088,8.75016,0.264612
67,0.0067,TOTAL,18088,36.5707,0.193902
68,0.0068,0,18190,16.7089,-0.147011
68,0.0068,1,18272,11.1251,0.0693613
68,0.0068,2,18354,8.7502,0.264724
68,0.0068,TOTAL,18354,36.5842,0.187074
69,0.0069,0,18456,16.7254,-0.147024
69,0.0069,1,18538,11.1211,0.0686552
69,0.0069,2,18620,8.7504,0.264859
69,0.0069,TOTAL,18620,36.5969,0.18649
70,0.007,0,18722,16.8058,-0.145967
70,0.007,1,18804,11.1232,0.0683221
70,0.007,2,18886,8.75075,0.265015
70,0.007,TOTAL,18886,36.6797,0.18737
71,0.0071,0,18988,16.8596,-0.128943
71,0.0071,1,19070,11.1344,0.0681321
71,0.0071,2,19152,8.75126,0.265191
71,0.0071,TOTAL,19152,36.7453,0.20438
72,0.0072,0,19254,16.8426,-0.105806
72,0.0072,1,19336,11.1554,0.0675407
72,0.0072,2,19418,8.75192,0.265385
72,0.0072,TOTAL,19418,36.7499,0.22712
73,0.0073,0,19520,16.9132,-0.0851071
73,0.0073,1,19602,11.1788,0.0659702
73,0.0073,2,19684,8.75275,0.265596
73,0.0073,TOTAL,19684,36.8448,0.246459
74,0.0074,0,19786,16.9939,-0.073967
74,0.0074,1,19868,11.1975,0.0643075
74,0.0074,2,19950,8.75375,0.265821
74,0.0074,TOTAL,19950,36.9452,0.256161
75,0.0075,0,20052,16.9325,-0.0782703
75,0.0075,1,20134,11.2362,0.0619498
75,0.0075,2,20216,8.75493,0.266059
75,0.0075,TOTAL,20216,36.9236,0.249738
76,0.0076,0,20318,16.8529,-0.0899514
76,0.0076,1,20400,11.2828,0.0586549
76,0.0076,2,20482,8.7563,0.266308
76,0.0076,TOTAL,20482,36.892,0.235012
77,0.0077,0,20584,16.8079,-0.10289
77,0.0077,1,20666,11.3151,0.0560613
77,0.0077,2,20748,8.75786,0.266566
77,0.0077,TOTAL,20748,36.8808,0.219738
78,0.0078,0,20850,16.7898,-0.115314
78,0.0078,1,20932,11.3148,0.0533942
78,0.0078,2,21014,8.75961,0.266833
78,0.0078,TOTAL,21014,36.8643,0.204913
79,0.0079,0,21116,16.7833,-0.126407
79,0.0079,1,21198,11.3163,0.0528963
79,0.0079,2,21280,8.76153,0.267107
79,0.0079,TOTAL,21280,36.8611,0.193597
80,0.008,0,21382,16.7845,-0.135843
80,0.008,1,21464,11.3282,0.0524437
80,0.008,2,21546,8.76358,0.26739
80,0.008,TOTAL,21546,36.8763,0.183991
81,0.0081,0,21648,16.8015,-0.144068
81,0.0081,1,21730,11.3523,0.052391
81,0.0081,2,21812,8.76575,0.267682
81,0.0081,TOTAL,21812,36.9195,0.176005
82,0.0082,0,21914,16.8235,-0.148726
82,0.0082,1,21996,11.3707,0.0523232
82,0.0082,2,22078,8.76799,0.267981
82,0.0082,TOTAL,22078,36.9622,0.171578
83,0.0083,0,22180,16.8328,-0.151813
83,0.0083,1,22262,11.3999,0.0532977
83,0.0083,2,22344,8.77026,0.268289
83,0.0083,TOTAL,22344,37.003,0.169773
84,0.0084,0,22446,16.8141,-0.154004
84,0.0084,1,22528,11.4369,0.0544811
84,0.0084,2,22610,8.77251,0.268604
84,0.0084,TOTAL,22610,37.0235,0.169081
85,0.0085,0,22712,16.7872,-0.155554
85,0.0085,1,22794,11.4775,0.0559225
85,0.0085,2,22876,8.7747,0.268927
85,0.0085,TOTAL,22876,37.0395,0.169295
86,0.0086,0,22978,16.7574,-0.157077
86,0.0086,1,23060,11.5237,0.0576771
86,0.0086,2,23142,8.77678,0.269257
86,0.0086,TOTAL,23142,37.0579,0.169858
87,0.0087,0,23244,16.7242,-0.15751
87,0.0087,1,23326,11.5689,0.0596009
87,0.0087,2,23408,8.77872,0.269594
87,0.0087,TOTAL,23408,37.0719,0.171685
88,0.0088,0,23510,16.7027,-0.157912
88,0.0088,1,23592,11.6154,0.0619043
88,0.0088,2,23674,8.7805,0.269936
88,0.0088,TOTAL,23674,37.0985,0.173928
89,0.0089,0,23776,16.6918,-0.158302
89,0.0089,1,23858,11.6598,0.0644445
89,0.0089,2,23940,8.78211,0.270283
89,0.0089,TOTAL,23940,37.1336,0.176426
90,0.009,0,24042,16.6831,-0.158152
90,0.009,1,24124,11.6985,0.067164
90,0.009,2,24206,8.78353,0.270634
90,0.009,TOTAL,24206,37.1651,0.179645
91,0.0091,0,24308,16.679,-0.156934
91,0.0091,1,24390,11.7328,0.0704872
91,0.0091,2,24472,8.78476,0.270988
91,0.0091,TOTAL,24472,37.1965,0.184542
92,0.0092,0,24574,16.6903,-0.154019
92,0.0092,1,24656,11.7759,0.0748631
92,0.0092,2,24738,8.78582,0.271349
92,0.0092,TOTAL,24738,37.252,0.192192
93,0.0093,0,24840,16.72,-0.149162
93,0.0093,1,24922,11.8243,0.0785669
93,0.0093,2,25004,8.7867,0.271714
93,0.0093,TOTAL,25004,37.331,0.201119
94,0.0094,0,25106,16.7618,-0.142774
94,0.0094,1,25188,11.8667,0.0821981
94,0.0094,2,25270,8.78744,0.272086
94,0.0094,TOTAL,25270,37.4159,0.21151
95,0.0095,0,25372,16.7809,-0.135906
95,0.0095,1,25454,11.9119,0.0862464
95,0.0095,2,25536,8.78805,0.272464
95,0.0095,TOTAL,25536,37.4808,0.222804
96,0.0096,0,25638,16.7944,-0.129644
96,0.0096,1,25720,11.9634,0.0904934
96,0.0096,2,25802,8.78856,0.272848
96,0.0096,TOTAL,25802,37.5464,0.233698
97,0.0097,0,25904,16.809,-0.126283
97,0.0097,1,25986,12.0118,0.0943027
97,0.0097,2,26068,8.78899,0.273239
97,0.0097,TOTAL,26068,37.6097,0.241258
98,0.0098,0,26170,16.832,-0.125822
98,0.0098,1,26252,12.0586,0.0964031
98,0.0098,2,26334,8.78937,0.273636
98,0.0098,TOTAL,26334,37.6799,0.244217
99,0.0099,0,26436,16.8375,-0.129173
99,0.0099,1,26518,12.1057,0.0974881
99,0.0099,2,26600,8.78974,0.274038
99,0.0099,TOTAL,26600,37.733,0.242352
100,0.01,0,26702,16.7907,-0.135507
100,0.01,1,26784,12.1494,0.0966551
100,0.01,2,26866,8.79014,0.274447
100,0.01,TOTAL,26866,37.7302,0.235595
101,0.0101,0,26968,16.7454,-0.140602
101,0.0101,1,27050,12.1771,0.0968499
101,0.0101,2,27132,8.79059,0.274866
101,0.0101,TOTAL,27132,37.713,0.231114
102,0.0102,0,27234,16.7,-0.146879
102,0.0102,1,27316,12.1954,0.0971763
102,0.0102,2,27398,8.79114,0.275296
102,0.0102,TOTAL,27398,37.6865,0.225593
103,0.0103,0,27500,16.6293,-0.152587
103,0.0103,1,27582,12.2178,0.0975965
103,0.0103,2,27664,8.79182,0.27574
103,0.0103,TOTAL,27664,37.6389,0.220749
104,0.0104,0,27766,16.5543,-0.158166
104,0.0104,1,27848,12.2418,0.0984813
104,0.0104,2,27930,8.79267,0.276198
104,0.0104,TOTAL,27930,37.5888,0.216513
105,0.0105,0,28032,16.4575,-0.165834
105,0.0105,1,28114,12.2649,0.100231
105,0.0105,2,28196,8.79374,0.276675
105,0.0105,TOTAL,28196,37.5161,0.211071
106,0.0106,0,28298,16.3258,-0.175353
106,0.0106,1,28380,12.2856,0.102869
106,0.0106,2,28462,8.79506,0.277175
106,0.0106,TOTAL,28462,37.4065,0.204691
107,0.0107,0,28564,16.144,-0.18688
107,0.0107,1,28646,12.3011,0.106302
107,0.0107,2,28728,8.79669,0.277701
107,0.0107,TOTAL,28728,37.2418,0.197123
108,0.0108,0,28830,15.9123,-0.199678
108,0.0108,1,28912,12.3093,0.110182
108,0.0108,2,28994,8.79868,0.278257
108,0.0108,TOTAL,28994,37.0203,0.188761
109,0.0109,0,29096,15.6387,-0.210037
109,0.0109,1,29178,12.3087,0.114034
109,0.0109,2,29260,8.80106,0.27885
109,0.0109,TOTAL,29260,36.7485,0.182847
110,0.011,0,29362,15.3817,-0.208518
110,0.011,1,29444,12.2991,0.117371
110,0.011,2,29526,8.80388,0.279487
110,0.011,TOTAL,29526,36.4847,0.18834
111,0.0111,0,29628,15.2552,-0.18515
111,0.0111,1,29710,12.2808,0.119736
111,0.0111,2,29792,8.80721,0.280178
111,0.0111,TOTAL,29792,36.3432,0.214764
112,0.0112,0,29894,15.2962,-0.15639
112,0.0112,1,29976,12.2537,0.120858
112,0.0112,2,30058,8.8111,0.280933
112,0.0112,TOTAL,30058,36.361,0.245401
113,0.0113,0,30160,15.4096,-0.156722
113,0.0113,1,30242,12.2186,0.120799
113,0.0113,2,30324,8.81562,0.281763
113,0.0113,TOTAL,30324,36.4439,0.24584
114,0.0114,0,30426,15.5806,-0.152974
114,0.0114,1,30508,12.1769,0.119686
114,0.0114,2,30590,8.82088,0.282685
114,0.0114,TOTAL,30590,36.5784,0.249396
115,0.0115,0,30692,15.7396,-0.146837
115,0.0115,1,30774,12.1302,0.117735
115,0.0115,2,30856,8.82697,0.283713
115,0.0115,TOTAL,30856,36.6968,0.254611
116,0.0116,0,30958,15.8123,-0.149229
116,0.0116,1,31040,12.0803,0.115291
116,0.0116,2,31122,8.83402,0.284866
116,0.0116,TOTAL,31122,36.7266,0.250928
117,0.0117,0,31224,15.9373,-0.152577
117,0.0117,1,31306,12.0283,0.112739
117,0.0117,2,31388,8.84218,0.286164
117,0.0117,TOTAL,31388,36.8078,0.246326
118,0.0118,0,31490,16.0352,-0.158448
118,0.0118,1,31572,11.9739,0.110282
118,0.0118,2,31654,8.85161,0.28763
118,0.0118,TOTAL,31654,36.8607,0.239464
119,0.0119,0,31756,16.1151,-0.165146
119,0.0119,1,31838,11.9168,0.107965
119,0.0119,2,31920,8.86248,0.289286
119,0.0119,TOTAL,31920,36.8944,0.232105
120,0.012,0,32022,16.1751,-0.172223
120,0.012,1,32104,11.8563,0.105793
120,0.012,2,32186,8.87495,0.291158
120,0.012,TOTAL,32186,36.9063,0.224728
121,0.0121,0,32288,16.2205,-0.179951
121,0.0121,1,32370,11.7915,0.103741
121,0.0121,2,32452,8.88911,0.293263
121,0.0121,TOTAL,32452,36.9012,0.217053
122,0.0122,0,32554,16.2488,-0.187226
122,0.0122,1,32636,11.7211,0.101905
122,0.0122,2,32718,8.90491,0.295611
122,0.0122,TOTAL,32718,36.8748,0.21029
123,0.0123,0,32820,16.2595,-0.193137
123,0.0123,1,32902,11.6486,0.100841
123,0.0123,2,32984,8.92204,0.298182
123,0.0123,TOTAL,32984,36.8302,0.205886
124,0.0124,0,33086,16.2638,-0.19648
124,0.0124,1,33168,11.5867,0.100993
124,0.0124,2,33250,8.93965,0.300891
124,0.0124,TOTAL,33250,36.7902,0.205404
125,0.0125,0,33352,16.2553,-0.195742
125,0.0125,1,33434,11.5464,0.102087
125,0.0125,2,33516,8.95597,0.303511
125,0.0125,TOTAL,33516,36.7576,0.209856
126,0.0126,0,33618,16.2396,-0.192388
126,0.0126,1,33700,11.5262,0.103909
126,0.0126,2,33782,8.96772,0.305523
126,0.0126,TOTAL,33782,36.7335,0.217044
127,0.0127,0,33884,16.1829,-0.191227
127,0.0127,1,33966,11.5341,0.104341
127,0.0127,2,34048,8.97108,0.306302
127,0.0127,TOTAL,34048,36.6881,0.219415
128,0.0128,0,34150,16.1128,-0.188959
128,0.0128,1,34232,11.5371,0.0997409
128,0.0128,2,34314,8.96531,0.305778
128,0.0128,TOTAL,34314,36.6153,0.21656
129,0.0129,0,34416,16.042,-0.185609
129,0.0129,1,34498,11.5627,0.0907515
129,0.0129,2,34580,8.95293,0.304352
129,0.0129,TOTAL,34580,36.5577,0.209495
130,0.013,0,34682,15.9744,-0.181608
130,0.013,1,34764,11.4541,0.071248
130,0.013,2,34846,8.93685,0.302421
130,0.013,TOTAL,34846,36.3653,0.192062
131,0.0131,0,34948,15.9145,-0.176948
131,0.0131,1,35030,11.3463,0.0618739
131,0.0131,2,35112,8.9195,0.30031
131,0.0131,TOTAL,35112,36.1803,0.185235
132,0.0132,0,35214,15.8728,-0.172159
132,0.0132,1,35296,11.213,0.0574848
132,0.0132,2,35378,8.90273,0.298252
132,0.0132,TOTAL,35378,35.9885,0.183577
133,0.0133,0,35480,15.8387,-0.167814
133,0.0133,1,35562,11.0763,0.0583069
133,0.0133,2,35644,8.88749,0.296367
133,0.0133,TOTAL,35644,35.8025,0.186859
134,0.0134,0,35746,15.8117,-0.16412
134,0.0134,1,35828,10.9978,0.0633648
134,0.0134,2,35910,8.87406,0.294693
134,0.0134,TOTAL,35910,35.6835,0.193938
135,0.0135,0,36012,15.7951,-0.160576
135,0.0135,1,36094,10.9708,0.0636308
135,0.0135,2,36176,8.8624,0.293228
135,0.0135,TOTAL,36176,35.6283,0.196282
136,0.0136,0,36278,15.79,-0.157525
136,0.0136,1,36360,10.9076,0.0629825
136,0.0136,2,36442,8.85234,0.291952
136,0.0136,TOTAL,36442,35.55,0.197409
137,0.0137,0,36544,15.8089,-0.15521
137,0.0137,1,36626,10.8573,0.062154
137,0.0137,2,36708,8.84366,0.290842
137,0.0137,TOTAL,36708,35.5098,0.197786
138,0.0138,0,36810,15.851,-0.153387
138,0.0138,1,36892,10.8324,0.0595453
138,0.0138,2,36974,8.83617,0.289874
138,0.0138,TOTAL,36974,35.5196,0.196032
139,0.0139,0,37076,15.9172,-0.151445
139,0.0139,1,37158,10.8357,0.0650627
139,0.0139,2,37240,8.82968,0.289026
139,0.0139,TOTAL,37240,35.5826,0.202643
140,0.014,0,37342,15.9677,-0.150616
140,0.014,1,37424,10.8449,0.0728865
140,0.014,2,37506,8.82401,0.28829
140,0.014,TOTAL,37506,35.6366,0.21056
141,0.0141,0,37608,16.0067,-0.150741
141,0.0141,1,37690,10.8677,0.0841941
141,0.0141,2,37772,8.81902,0.287645
141,0.0141,TOTAL,37772,35.6934,0.221098
142,0.0142,0,37874,16.0251,-0.151417
142,0.0142,1,37956,10.9366,0.0917621
142,0.0142,2,38038,8.81456,0.287082
142,0.0142,TOTAL,38038,35.7763,0.227427
143,0.0143,0,38140,16.0206,-0.150235
143,0.0143,1,38222,10.9925,0.0954361
143,0.0143,2,38304,8.81056,0.286588
143,0.0143,TOTAL,38304,35.8236,0.231789
144,0.0144,0,38406,16.0127,-0.146514
144,0.0144,1,38488,11.0356,0.10117
144,0.0144,2,38570,8.8069,0.286154
144,0.0144,TOTAL,38570,35.8552,0.24081
145,0.0145,0,38672,16.0161,-0.142657
145,0.0145,1,38754,11.0515,0.105028
145,0.0145,2,38836,8.80353,0.285774
145,0.0145,TOTAL,38836,35.8711,0.248145
146,0.0146,0,38938,16.0267,-0.140896
146,0.0146,1,39020,11.0718,0.108247
146,0.0146,2,39102,8.8004,0.285443
146,0.0146,TOTAL,39102,35.899,0.252795
147,0.0147,0,39204,16.0423,-0.140976
147,0.0147,1,39286,11.0916,0.110872
147,0.0147,2,39368,8.79746,0.285157
147,0.0147,TOTAL,39368,35.9313,0.255053
148,0.0148,0,39470,16.0693,-0.143575
148,0.0148,1,39552,11.1105,0.113047
148,0.0148,2,39634,8.79464,0.284912
148,0.0148,TOTAL,39634,35.9744,0.254383
149,0.0149,0,39736,16.0897,-0.148223
149,0.0149,1,39818,11.1248,0.115227
149,0.0149,2,39900,8.79193,0.284703
149,0.0149,TOTAL,39900,36.0064,0.251707
150,0.015,0,40002,16.1134,-0.150905
150,0.015,1,40084,11.1305,0.117276
150,0.015,2,40166,8.78928,0.284527
150,0.015,TOTAL,40166,36.0331,0.250898
151,0.0151,0,40268,16.1137,-0.150441
151,0.0151,1,40350,11.1313,0.117373
151,0.0151,2,40432,8.78667,0.284379
151,0.0151,TOTAL,40432,36.0317,0.251311
152,0.0152,0,40534,16.124,-0.148656
152,0.0152,1,40616,11.1357,0.114403
152,0.0152,2,40698,8.7841,0.284253
152,0.0152,TOTAL,40698,36.0438,0.249999
153,0.0153,0,40800,16.1402,-0.146738
153,0.0153,1,40882,11.1235,0.111995
153,0.0153,2,40964,8.78158,0.284144
153,0.0153,TOTAL,40964,36.0452,0.249401
154,0.0154,0,41066,16.1621,-0.146364
154,0.0154,1,41148,11.0975,0.108816
154,0.0154,2,41230,8.77909,0.284052
154,0.0154,TOTAL,41230,36.0387,0.246504
155,0.0155,0,41332,16.1899,-0.147322
155,0.0155,1,41414,11.0711,0.105041
155,0.0155,2,41496,8.77664,0.283977
155,0.0155,TOTAL,41496,36.0377,0.241696
156,0.0156,0,41598,16.2201,-0.148582
156,0.0156,1,41680,11.0475,0.101516
156,0.0156,2,41762,8.77423,0.283918
156,0.0156,TOTAL,41762,36.0418,0.236852
157,0.0157,0,41864,16.2522,-0.151487
157,0.0157,1,41946,11.0275,0.0987015
157,0.0157,2,42028,8.77186,0.283874
157,0.0157,TOTAL,42028,36.0515,0.231088
158,0.0158,0,42130,16.2692,-0.154695
158,0.0158,1,42212,11.0139,0.0968785
158,0.0158,2,42294,8.76954,0.283847
158,0.0158,TOTAL,42294,36.0526,0.226031
159,0.0159,0,42396,16.2845,-0.156664
159,0.0159,1,42478,11.0083,0.0959006
159,0.0159,2,42560,8.76728,0.283836
159,0.0159,TOTAL,42560,36.06,0.223073
160,0.016,0,42662,16.3053,-0.158709
160,0.016,1,42744,11.0097,0.0958296
160,0.016,2,42826,8.76509,0.283841
160,0.016,TOTAL,42826,36.0801,0.220962
161,0.0161,0,42928,16.3313,-0.160744
161,0.0161,1,43010,11.0135,0.096453
161,0.0161,2,43092,8.76299,0.283862
161,0.0161,TOTAL,43092,36.1079,0.21957
162,0.0162,0,43194,16.367,-0.162625
162,0.0162,1,43276,11.0164,0.0974176
162,0.0162,2,43358,8.76099,0.283895
162,0.0162,TOTAL,43358,36.1443,0.218687
163,0.0163,0,43460,16.4091,-0.164554
163,0.0163,1,43542,11.0164,0.0982623
163,0.0163,2,43624,8.7591,0.283941
163,0.0163,TOTAL,43624,36.1846,0.21765
164,0.0164,0,43726,16.4517,-0.166311
164,0.0164,1,43808,11.0133,0.098761
164,0.0164,2,43890,8.75734,0.283999
164,0.0164,TOTAL,43890,36.2223,0.216449
165,0.0165,0,43992,16.4956,-0.167692
165,0.0165,1,44074,11.0067,0.098777
165,0.0165,2,44156,8.75571,0.284067
165,0.0165,TOTAL,44156,36.258,0.215153
166,0.0166,0,44258,16.5433,-0.168451
166,0.0166,1,44340,10.9959,0.098328
166,0.0166,2,44422,8.7542,0.284147
166,0.0166,TOTAL,44422,36.2934,0.214025
167,0.0167,0,44524,16.5809,-0.168211
167,0.0167,1,44606,10.9821,0.0975389
167,0.0167,2,44688,8.75281,0.284239
167,0.0167,TOTAL,44688,36.3158,0.213566
168,0.0168,0,44790,16.6154,-0.167594
168,0.0168,1,44872,10.9671,0.0965791
168,0.0168,2,44954,8.75153,0.284342
168,0.0168,TOTAL,44954,36.3341,0.213327
169,0.0169,0,45056,16.6558,-0.167213
169,0.0169,1,45138,10.9524,0.0957086
169,0.0169,2,45220,8.75037,0.284458
169,0.0169,TOTAL,45220,36.3586,0.212954
170,0.017,0,45322,16.6674,-0.163617
170,0.017,1,45404,10.9358,0.0948625
170,0.017,2,45486,8.74932,0.284586
170,0.017,TOTAL,45486,36.3525,0.215832
171,0.0171,0,45588,16.6488,-0.161716
171,0.0171,1,45670,10.9147,0.0937731
171,0.0171,2,45752,8.74837,0.284728
171,0.0171,TOTAL,45752,36.3119,0.216786
172,0.0172,0,45854,16.6215,-0.159374
172,0.0172,1,45936,10.8825,0.0920995
172,0.0172,2,46018,8.74755,0.284885
172,0.0172,TOTAL,46018,36.2515,0.217611
173,0.0173,0,46120,16.5966,-0.156742
173,0.0173,1,46202,10.8364,0.0899149
173,0.0173,2,46284,8.74684,0.285055
173,0.0173,TOTAL,46284,36.1799,0.218228
174,0.0174,0,46386,16.5896,-0.154683
174,0.0174,1,46468,10.7861,0.0874409
174,0.0174,2,46550,8.74625,0.28524
174,0.0174,TOTAL,46550,36.1219,0.217998
175,0.0175,0,46652,16.5835,-0.152489
175,0.0175,1,46734,10.7376,0.084696
175,0.0175,2,46816,8.74579,0.285441
175,0.0175,TOTAL,46816,36.067,0.217648
176,0.0176,0,46918,16.5825,-0.149563
176,0.0176,1,47000,10.694,0.0815846
176,0.0176,2,47082,8.74546,0.285659
176,0.0176,TOTAL,47082,36.022,0.217681
177,0.0177,0,47184,16.5989,-0.146778
177,0.0177,1,47266,10.6534,0.0774668
177,0.0177,2,47348,8.74528,0.285896
177,0.0177,TOTAL,47348,35.9976,0.216585
178,0.0178,0,47450,16.649,-0.145486
178,0.0178,1,47532,10.6328,0.0729463
178,0.0178,2,47614,8.74524,0.286153
178,0.0178,TOTAL,47614,36.027,0.213613
179,0.0179,0,47716,16.7346,-0.145457
179,0.0179,1,47798,10.6231,0.0708073
179,0.0179,2,47880,8.74537,0.286431
179,0.0179,TOTAL,47880,36.1031,0.211781
180,0.018,0,47982,16.8387,-0.146507
180,0.018,1,48064,10.6117,0.0690678
180,0.018,2,48146,8.74569,0.286732
180,0.018,TOTAL,48146,36.1961,0.209293
181,0.0181,0,48248,16.9701,-0.149143
181,0.0181,1,48330,10.5881,0.0679174
181,0.0181,2,48412,8.7462,0.287058
181,0.0181,TOTAL,48412,36.3044,0.205832
182,0.0182,0,48514,17.1017,-0.151226
182,0.0182,1,48596,10.5939,0.0672868
182,0.0182,2,48678,8.74693,0.287412
182,0.0182,TOTAL,48678,36.4425,0.203472
183,0.0183,0,48780,17.2279,-0.153387
183,0.0183,1,48862,10.6113,0.0656084
183,0.0183,2,48944,8.7479,0.287796
183,0.0183,TOTAL,48944,36.5871,0.200018
184,0.0184,0,49046,17.3705,-0.156407
184,0.0184,1,49128,10.6506,0.066239
184,0.0184,2,49210,8.74915,0.288217
184,0.0184,TOTAL,49210,36.7703,0.19805
185,0.0185,0,49312,17.4763,-0.159789
185,0.0185,1,49394,10.6873,0.0689399
185,0.0185,2,49476,8.75071,0.288678
185,0.0185,TOTAL,49476,36.9143,0.197829
186,0.0186,0,49578,17.5854,-0.162338
186,0.0186,1,49660,10.7678,0.0804445
186,0.0186,2,49742,8.75263,0.289183
186,0.0186,TOTAL,49742,37.1058,0.207289
187,0.0187,0,49844,17.6603,-0.164336
187,0.0187,1,49926,10.785,0.0832307
187,0.0187,2,50008,8.75496,0.289738
187,0.0187,TOTAL,50008,37.2003,0.208633
188,0.0188,0,50110,17.7411,-0.163062
188,0.0188,1,50192,10.8042,0.0828353
188,0.0188,2,50274,8.75775,0.29035
188,0.0188,TOTAL,50274,37.303,0.210123
189,0.0189,0,50376,17.7279,-0.15763
189,0.0189,1,50458,10.8757,0.0780071
189,0.0189,2,50540,8.7611,0.291023
189,0.0189,TOTAL,50540,37.3648,0.2114
190,0.019,0,50642,17.7333,-0.146686
190,0.019,1,50724,10.9606,0.0766927
190,0.019,2,50806,8.76507,0.291764
190,0.019,TOTAL,50806,37.459,0.22177
191,0.0191,0,50908,17.7507,-0.130901
191,0.0191,1,50990,11.0553,0.0779602
191,0.0191,2,51072,8.76974,0.292583
191,0.0191,TOTAL,51072,37.5758,0.239642
192,0.0192,0,51174,17.7205,-0.11165
192,0.0192,1,51256,11.1416,0.080844
192,0.0192,2,51338,8.77521,0.293489
192,0.0192,TOTAL,51338,37.6374,0.262682
193,0.0193,0,51440,17.6981,-0.0985243
193,0.0193,1,51522,11.2127,0.0838461
193,0.0193,2,51604,8.78161,0.294494
193,0.0193,TOTAL,51604,37.6924,0.279816
194,0.0194,0,51706,17.699,-0.0973232
194,0.0194,1,51788,11.269,0.0862649
194,0.0194,2,51870,8.78906,0.29561
194,0.0194,TOTAL,51870,37.7571,0.284551
195,0.0195,0,51972,17.6983,-0.107141
195,0.0195,1,52054,11.3221,0.0880468
195,0.0195,2,52136,8.79772,0.296851
195,0.0195,TOTAL,52136,37.8182,0.277757
196,0.0196,0,52238,17.6688,-0.129504
196,0.0196,1,52320,11.3774,0.0893793
196,0.0196,2,52402,8.80777,0.298235
196,0.0196,TOTAL,52402,37.854,0.25811
197,0.0197,0,52504,17.5585,-0.158195
197,0.0197,1,52586,11.4271,0.0901721
197,0.0197,2,52668,8.8194,0.299782
197,0.0197,TOTAL,52668,37.805,0.23176
198,0.0198,0,52770,17.3786,-0.170971
198,0.0198,1,52852,11.4706,0.0904836
198,0.0198,2,52934,8.83282,0.301518
198,0.0198,TOTAL,52934,37.6821,0.22103
199,0.0199,0,53036,17.2143,-0.177284
199,0.0199,1,53118,11.5097,0.090787
199,0.0199,2,53200,8.84822,0.303468
199,0.0199,TOTAL,53200,37.5722,0.216972
200,0.02,0,53302,17.0664,-0.180838
200,0.02,1,53384,11.5461,0.0915217
200,0.02,2,53466,8.86578,0.305657
200,0.02,TOTAL,53466,37.4783,0.216341
201,0.0201,0,53568,16.9508,-0.182803
201,0.0201,1,53650,11.5833,0.092634
201,0.0201,2,53732,8.8855,0.308092
201,0.0201,TOTAL,53732,37.4196,0.217923
202,0.0202,0,53834,16.8599,-0.184724
202,0.0202,1,53916,11.6253,0.0934531
202,0.0202,2,53998,8.90714,0.31076
202,0.0202,TOTAL,53998,37.3923,0.219489
203,0.0203,0,54100,16.7924,-0.186152
203,0.0203,1,54182,11.6765,0.0919292
203,0.0203,2,54264,8.93014,0.313649
203,0.0203,TOTAL,54264,37.3991,0.219426
204,0.0204,0,54366,16.6752,-0.18622
204,0.0204,1,54448,11.7235,0.090032
204,0.0204,2,54530,8.9536,0.316738
204,0.0204,TOTAL,54530,37.3522,0.22055
205,0.0205,0,54632,16.553,-0.186869
205,0.0205,1,54714,11.759,0.0882124
205,0.0205,2,54796,8.97582,0.319887
205,0.0205,TOTAL,54796,37.2878,0.22123
206,0.0206,0,54898,16.4635,-0.188475
206,0.0206,1,54980,11.7944,0.0858498
206,0.0206,2,55062,8.99407,0.322617
206,0.0206,TOTAL,55062,37.252,0.219991
207,0.0207,0,55164,16.4,-0.19069
207,0.0207,1,55246,11.8292,0.0832563
207,0.0207,2,55328,9.0069,0.324605
207,0.0207,TOTAL,55328,37.2361,0.217171
208,0.0208,0,55430,16.3574,-0.193098
208,0.0208,1,55512,11.8627,0.0806849
208,0.0208,2,55594,9.01346,0.325647
208,0.0208,TOTAL,55594,37.2336,0.213234
209,0.0209,0,55696,16.3321,-0.195305
209,0.0209,1,55778,11.897,0.0784122
209,0.0209,2,55860,9.01177,0.325437
209,0.0209,TOTAL,55860,37.2409,0.208544
210,0.021,0,55962,16.321,-0.196363
210,0.021,1,56044,11.9333,0.0766826
210,0.021,2,56126,9.0012,0.323966
210,0.021,TOTAL,56126,37.2555,0.204286
211,0.0211,0,56228,16.3131,-0.195344
211,0.0211,1,56310,11.9722,0.0758633
211,0.0211,2,56392,8.98397,0.321626
211,0.0211,TOTAL,56392,37.2693,0.202145
212,0.0212,0,56494,16.2818,-0.192482
212,0.0212,1,56576,12.0146,0.0759834
212,0.0212,2,56658,8.96368,0.318928
212,0.0212,TOTAL,56658,37.2601,0.202429
213,0.0213,0,56760,16.2297,-0.189056
213,0.0213,1,56842,12.0601,0.0773228
213,0.0213,2,56924,8.94319,0.316234
213,0.0213,TOTAL,56924,37.233,0.2045
214,0.0214,0,57026,16.1821,-0.187209
214,0.0214,1,57108,12.1061,0.0797988
214,0.0214,2,57190,8.92392,0.313711
214,0.0214,TOTAL,57190,37.2121,0.206301
215,0.0215,0,57292,16.1406,-0.186801
215,0.0215,1,57374,12.1487,0.0834891
215,0.0215,2,57456,8.90633,0.311416
215,0.0215,TOTAL,57456,37.1956,0.208104
216,0.0216,0,57558,16.1092,-0.186776
216,0.0216,1,57640,12.1828,0.0884362
216,0.0216,2,57722,8.89047,0.309349
216,0.0216,TOTAL,57722,37.1824,0.211009
217,0.0217,0,57824,16.057,-0.184574
217,0.0217,1,57906,12.2031,0.094489
217,0.0217,2,57988,8.87623,0.307494
217,0.0217,TOTAL,57988,37.1363,0.217409
218,0.0218,0,58090,15.9955,-0.181362
218,0.0218,1,58172,12.2059,0.100965
218,0.0218,2,58254,8.86343,0.30583
218,0.0218,TOTAL,58254,37.0648,0.225433
219,0.0219,0,58356,15.93,-0.178338
219,0.0219,1,58438,12.1906,0.107074
219,0.0219,2,58520,8.85191,0.304334
219,0.0219,TOTAL,58520,36.9725,0.23307
220,0.022,0,58622,15.8655,-0.175066
220,0.022,1,58704,12.158,0.112434
220,0.022,2,58786,8.84151,0.302986
220,0.022,TOTAL,58786,36.865,0.240354
221,0.0221,0,58888,15.8066,-0.171457
221,0.0221,1,58970,12.11,0.116727
221,0.0221,2,59052,8.83208,0.301769
221,0.0221,TOTAL,59052,36.7487,0.247039
222,0.0222,0,59154,15.7503,-0.167862
222,0.0222,1,59236,12.0484,0.119812
222,0.0222,2,59318,8.8235,0.300669
222,0.0222,TOTAL,59318,36.6223,0.252619
223,0.0223,0,59420,15.7,-0.16427
223,0.0223,1,59502,11.9746,0.121691
223,0.0223,2,59584,8.81566,0.299672
223,0.0223,TOTAL,59584,36.4902,0.257093
224,0.0224,0,59686,15.6607,-0.161081
224,0.0224,1,59768,11.89,0.122517
224,0.0224,2,59850,8.80847,0.298765
224,0.0224,TOTAL,59850,36.3592,0.260201
225,0.0225,0,59952,15.6345,-0.158245
225,0.0225,1,60034,11.7973,0.122487
225,0.0225,2,60116,8.80184,0.297942
225,0.0225,TOTAL,60116,36.2336,0.262184
226,0.0226,0,60218,15.6199,-0.15606
226,0.0226,1,60300,11.6992,0.121791
226,0.0226,2,60382,8.7957,0.297191
226,0.0226,TOTAL,60382,36.1148,0.262922
227,0.0227,0,60484,15.6166,-0.154533
227,0.0227,1,60566,11.5984,0.12058
227,0.0227,2,60648,8.78999,0.296505
227,0.0227,TOTAL,60648,36.005,0.262553
228,0.0228,0,60750,15.624,-0.153356
228,0.0228,1,60832,11.497,0.118996
228,0.0228,2,60914,8.78466,0.295879
228,0.0228,TOTAL,60914,35.9056,0.261519
229,0.0229,0,61016,15.6496,-0.152018
229,0.0229,1,61098,11.3969,0.117214
229,0.0229,2,61180,8.77966,0.295306
229,0.0229,TOTAL,61180,35.8262,0.260501
230,0.023,0,61282,15.6779,-0.151608
230,0.023,1,61364,11.301,0.115429
230,0.023,2,61446,8.77495,0.294781
230,0.023,TOTAL,61446,35.7538,0.258602
231,0.0231,0,61548,15.7073,-0.15275
231,0.0231,1,61630,11.2113,0.113892
231,0.0231,2,61712,8.77049,0.294302
231,0.0231,TOTAL,61712,35.6891,0.255443
232,0.0232,0,61814,15.7359,-0.151924
232,0.0232,1,61896,11.1281,0.112835
232,0.0232,2,61978,8.76626,0.293863
232,0.0232,TOTAL,61978,35.6302,0.254774
233,0.0233,0,62080,15.7768,-0.153618
233,0.0233,1,62162,11.0557,0.111568
233,0.0233,2,62244,8.76222,0.293465
233,0.0233,TOTAL,62244,35.5947,0.251415
234,0.0234,0,62346,15.8017,-0.156977
234,0.0234,1,62428,11.001,0.109956
234,0.0234,2,62510,8.75834,0.293106
234,0.0234,TOTAL,62510,35.5611,0.246085
235,0.0235,0,62612,15.8016,-0.158674
235,0.0235,1,62694,10.9442,0.108019
235,0.0235,2,62776,8.7546,0.292783
235,0.0235,TOTAL,62776,35.5003,0.242128
236,0.0236,0,62878,15.7955,-0.158791
236,0.0236,1,62960,10.8831,0.102422
236,0.0236,2,63042,8.75097,0.292495
236,0.0236,TOTAL,63042,35.4296,0.236127
237,0.0237,0,63144,15.7936,-0.158747
237,0.0237,1,63226,10.86,0.0943864
237,0.0237,2,63308,8.74744,0.292241
237,0.0237,TOTAL,63308,35.401,0.22788
238,0.0238,0,63410,15.7994,-0.158993
238,0.0238,1,63492,10.8769,0.0900597
238,0.0238,2,63574,8.74399,0.292017
238,0.0238,TOTAL,63574,35.4203,0.223083
239,0.0239,0,63676,15.8049,-0.159389
239,0.0239,1,63758,10.8999,0.0903408
239,0.0239,2,63840,8.74061,0.291824
239,0.0239,TOTAL,63840,35.4455,0.222775
240,0.024,0,63942,15.8037,-0.15961
240,0.024,1,64024,10.9199,0.0924893
240,0.024,2,64106,8.7373,0.291659
240,0.024,TOTAL,64106,35.4609,0.224539
241,0.0241,0,64208,15.7895,-0.160057
241,0.0241,1,64290,10.9206,0.0941582
241,0.0241,2,64372,8.73405,0.291523
241,0.0241,TOTAL,64372,35.4442,0.225623
242,0.0242,0,64474,15.774,-0.16019
242,0.0242,1,64556,10.912,0.0952376
242,0.0242,2,64638,8.73086,0.291412
242,0.0242,TOTAL,64638,35.4168,0.22646
243,0.0243,0,64740,15.7633,-0.159057
243,0.0243,1,64822,10.9056,0.0959026
243,0.0243,2,64904,8.72772,0.291329
243,0.0243,TOTAL,64904,35.3966,0.228174
244,0.0244,0,65006,15.7538,-0.156736
244,0.0244,1,65088,10.9036,0.0963829
244,0.0244,2,65170,8.72463,0.291272
244,0.0244,TOTAL,65170,35.382,0.230919
245,0.0245,0,65272,15.7545,-0.153791
245,0.0245,1,65354,10.9051,0.0967756
245,0.0245,2,65436,8.72158,0.291242
245,0.0245,TOTAL,65436,35.3812,0.234226
246,0.0246,0,65538,15.766,-0.149467
246,0.0246,1,65620,10.9099,0.0971912
246,0.0246,2,65702,8.71857,0.291238
246,0.0246,TOTAL,65702,35.3945,0.238962
247,0.0247,0,65804,15.7979,-0.143223
247,0.0247,1,65886,10.9173,0.097741
247,0.0247,2,65968,8.71561,0.29126
247,0.0247,TOTAL,65968,35.4308,0.245778
248,0.0248,0,66070,15.8643,-0.137102
248,0.0248,1,66152,10.9274,0.0985295
248,0.0248,2,66234,8.71269,0.291308
248,0.0248,TOTAL,66234,35.5044,0.252736
249,0.0249,0,66336,15.9324,-0.131463
249,0.0249,1,66418,10.9396,0.0995873
249,0.0249,2,66500,8.70983,0.291382
249,0.0249,TOTAL,66500,35.5819,0.259506
250,0.025,0,66602,16.0112,-0.130107
250,0.025,1,66684,10.9535,0.100825
250,0.025,2,66766,8.70703,0.291481
250,0.025,TOTAL,66766,35.6717,0.262198
251,0.0251,0,66868,16.1001,-0.134058
251,0.0251,1,66950,10.9672,0.10202
251,0.0251,2,67032,8.70431,0.291606
251,0.0251,TOTAL,67032,35.7716,0.259567
252,0.0252,0,67134,16.18,-0.138289
252,0.0252,1,67216,10.9769,0.102934
252,0.0252,2,67298,8.70167,0.291756
252,0.0252,TOTAL,67298,35.8586,0.2564
253,0.0253,0,67400,16.2519,-0.141936
253,0.0253,1,67482,10.9804,0.103605
253,0.0253,2,67564,8.69915,0.291932
253,0.0253,TOTAL,67564,35.9315,0.253601
254,0.0254,0,67666,16.3073,-0.144303
254,0.0254,1,67748,10.98,0.104117
254,0.0254,2,67830,8.69677,0.292133
254,0.0254,TOTAL,67830,35.984,0.251947
255,0.0255,0,67932,16.342,-0.145326
255,0.0255,1,68014,10.9792,0.104442
255,0.0255,2,68096,8.69455,0.292357
255,0.0255,TOTAL,68096,36.0158,0.251474
256,0.0256,0,68198,16.3603,-0.145722
256,0.0256,1,68280,10.9745,0.104075
256,0.0256,2,68362,8.69253,0.292607
256,0.0256,TOTAL,68362,36.0274,0.250959
257,0.0257,0,68464,16.3754,-0.146546
257,0.0257,1,68546,10.9615,0.103343
257,0.0257,2,68628,8.69074,0.292881
257,0.0257,TOTAL,68628,36.0277,0.249678
258,0.0258,0,68730,16.3881,-0.14827
258,0.0258,1,68812,10.9452,0.101809
258,0.0258,2,68894,8.68924,0.293177
258,0.0258,TOTAL,68894,36.0225,0.246716
259,0.0259,0,68996,16.3934,-0.150584
259,0.0259,1,69078,10.929,0.0993908
259,0.0259,2,69160,8.68806,0.293492
259,0.0259,TOTAL,69160,36.0105,0.242299
260,0.026,0,69262,16.3804,-0.152585
260,0.026,1,69344,10.9135,0.0965868
260,0.026,2,69426,8.68725,0.293826
260,0.026,TOTAL,69426,35.9812,0.237828
261,0.0261,0,69528,16.3683,-0.154524
261,0.0261,1,69610,10.8994,0.0937196
261,0.0261,2,69692,8.68683,0.294182
261,0.0261,TOTAL,69692,35.9546,0.233378
262,0.0262,0,69794,16.3389,-0.156469
262,0.0262,1,69876,10.8891,0.0909674
262,0.0262,2,69958,8.68683,0.294564
262,0.0262,TOTAL,69958,35.9149,0.229063
263,0.0263,0,70060,16.2962,-0.155959
263,0.0263,1,70142,10.8833,0.0888288
263,0.0263,2,70224,8.68729,0.294971
263,0.0263,TOTAL,70224,35.8668,0.227841
264,0.0264,0,70326,16.2387,-0.15416
264,0.0264,1,70408,10.8825,0.0879334
264,0.0264,2,70490,8.68824,0.295408
264,0.0264,TOTAL,70490,35.8095,0.229182
265,0.0265,0,70592,16.1892,-0.151422
265,0.0265,1,70674,10.8892,0.088308
265,0.0265,2,70756,8.68972,0.295876
265,0.0265,TOTAL,70756,35.7681,0.232763
266,0.0266,0,70858,16.1532,-0.147418
266,0.0266,1,70940,10.9032,0.0895625
266,0.0266,2,71022,8.69179,0.296378
266,0.0266,TOTAL,71022,35.7482,0.238523
267,0.0267,0,71124,16.1319,-0.142671
267,0.0267,1,71206,10.922,0.0913916
267,0.0267,2,71288,8.69449,0.296916
267,0.0267,TOTAL,71288,35.7484,0.245636
268,0.0268,0,71390,16.1338,-0.139121
268,0.0268,1,71472,10.94,0.0935431
268,0.0268,2,71554,8.69787,0.297492
268,0.0268,TOTAL,71554,35.7717,0.251914
269,0.0269,0,71656,16.1476,-0.136731
269,0.0269,1,71738,10.9525,0.0956049
269,0.0269,2,71820,8.70197,0.298111
269,0.0269,TOTAL,71820,35.8021,0.256985
270,0.027,0,71922,16.1796,-0.136666
270,0.027,1,72004,10.9571,0.0968425
270,0.027,2,72086,8.70686,0.298777
270,0.027,TOTAL,72086,35.8435,0.258954
271,0.0271,0,72188,16.2329,-0.13853
271,0.0271,1,72270,10.9537,0.0967686
271,0.0271,2,72352,8.7126,0.299495
271,0.0271,TOTAL,72352,35.8992,0.257733
272,0.0272,0,72454,16.3101,-0.14044
272,0.0272,1,72536,10.943,0.095516
272,0.0272,2,72618,8.71928,0.300268
272,0.0272,TOTAL,72618,35.9724,0.255344
273,0.0273,0,72720,16.411,-0.146502
273,0.0273,1,72802,10.9269,0.0934561
273,0.0273,2,72884,8.72697,0.301104
273,0.0273,TOTAL,72884,36.0648,0.248059
274,0.0274,0,72986,16.5084,-0.152635
274,0.0274,1,73068,10.9092,0.0909867
274,0.0274,2,73150,8.73578,0.302012
274,0.0274,TOTAL,73150,36.1534,0.240363
275,0.0275,0,73252,16.6035,-0.155503
275,0.0275,1,73334,10.8945,0.0886026
275,0.0275,2,73416,8.74584,0.303002
275,0.0275,TOTAL,73416,36.2438,0.236102
276,0.0276,0,73518,16.6392,-0.159005
276,0.0276,1,73600,10.8834,0.0865568
276,0.0276,2,73682,8.75725,0.304088
276,0.0276,TOTAL,73682,36.2799,0.23164
277,0.0277,0,73784,16.6801,-0.160589
277,0.0277,1,73866,10.8741,0.0849274
277,0.0277,2,73948,8.77013,0.305287
277,0.0277,TOTAL,73948,36.3243,0.229625
278,0.0278,0,74050,16.7407,-0.152668
278,0.0278,1,74132,10.8617,0.0836328
278,0.0278,2,74214,8.78459,0.306616
278,0.0278,TOTAL,74214,36.387,0.237581
279,0.0279,0,74316,16.7449,-0.143295
279,0.0279,1,74398,10.8419,0.0826124
279,0.0279,2,74480,8.80068,0.308087
279,0.0279,TOTAL,74480,36.3875,0.247405
280,0.028,0,74582,16.7503,-0.134352
280,0.028,1,74664,10.8181,0.0820909
280,0.028,2,74746,8.81845,0.30971
280,0.028,TOTAL,74746,36.3868,0.257448
281,0.0281,0,74848,16.7672,-0.12654
281,0.0281,1,74930,10.7948,0.0822049
281,0.0281,2,75012,8.83797,0.311493
281,0.0281,TOTAL,75012,36.4,0.267158
282,0.0282,0,75114,16.7982,-0.122444
282,0.0282,1,75196,10.7767,0.0829791
282,0.0282,2,75278,8.85943,0.313467
282,0.0282,TOTAL,75278,36.4344,0.274002
283,0.0283,0,75380,16.8361,-0.126786
283,0.0283,1,75462,10.7697,0.0832771
283,0.0283,2,75544,8.88326,0.315711
283,0.0283,TOTAL,75544,36.489,0.272202
284,0.0284,0,75646,16.9166,-0.13107
284,0.0284,1,75728,10.767,0.0825908
284,0.0284,2,75810,8.90994,0.318368
284,0.0284,TOTAL,75810,36.5936,0.269889
285,0.0285,0,75912,17.006,-0.137157
285,0.0285,1,75994,10.7605,0.081111
285,0.0285,2,76076,8.93938,0.321538
285,0.0285,TOTAL,76076,36.7058,0.265492
286,0.0286,0,76178,17.0511,-0.145527
286,0.0286,1,76260,10.7528,0.0772947
286,0.0286,2,76342,8.96987,0.325243
286,0.0286,TOTAL,76342,36.7737,0.257011
287,0.0287,0,76444,17.0236,-0.154696
287,0.0287,1,76526,10.7307,0.0676237
287,0.0287,2,76608,8.99759,0.32908
287,0.0287,TOTAL,76608,36.7518,0.242007
288,0.0288,0,76710,16.925,-0.162784
288,0.0288,1,76792,10.7597,0.0627702
288,0.0288,2,76874,9.01832,0.332407
288,0.0288,TOTAL,76874,36.7031,0.232393
289,0.0289,0,76976,16.8139,-0.168565
289,0.0289,1,77058,10.8034,0.0620723
289,0.0289,2,77140,9.02587,0.334018
289,0.0289,TOTAL,77140,36.6431,0.227525
290,0.029,0,77242,16.7151,-0.172377
290,0.029,1,77324,10.8484,0.0618647
290,0.029,2,77406,9.02067,0.333457
290,0.029,TOTAL,77406,36.5841,0.222945
291,0.0291,0,77508,16.6313,-0.175131
291,0.0291,1,77590,10.9197,0.06138
291,0.0291,2,77672,9.00527,0.331219
291,0.0291,TOTAL,77672,36.5563,0.217468
292,0.0292,0,77774,16.5518,-0.177138
292,0.0292,1,77856,10.9485,0.0566829
292,0.0292,2,77938,8.98317,0.328016
292,0.0292,TOTAL,77938,36.4835,0.207561
293,0.0293,0,78040,16.4972,-0.178523
293,0.0293,1,78122,10.9484,0.0591316
293,0.0293,2,78204,8.95921,0.324603
293,0.0293,TOTAL,78204,36.4048,0.205212
294,0.0294,0,78306,16.4599,-0.179201
294,0.0294,1,78388,10.9832,0.0593876
294,0.0294,2,78470,8.93658,0.321396
294,0.0294,TOTAL,78470,36.3797,0.201583
295,0.0295,0,78572,16.4222,-0.179352
295,0.0295,1,78654,11.0165,0.0587399
295,0.0295,2,78736,8.91637,0.318529
295,0.0295,TOTAL,78736,36.3551,0.197916
296,0.0296,0,78838,16.3793,-0.179638
296,0.0296,1,78920,11.0416,0.0585542
296,0.0296,2,79002,8.8986,0.316004
296,0.0296,TOTAL,79002,36.3195,0.194921
297,0.0297,0,79104,16.3373,-0.180215
297,0.0297,1,79186,11.0942,0.0645862
297,0.0297,2,79268,8.88295,0.313786
297,0.0297,TOTAL,79268,36.3145,0.198157
298,0.0298,0,79370,16.2959,-0.180938
298,0.0298,1,79452,11.1517,0.0701276
298,0.0298,2,79534,8.86908,0.311831
298,0.0298,TOTAL,79534,36.3166,0.201021
299,0.0299,0,79636,16.2488,-0.181606
299,0.0299,1,79718,11.2098,0.0745445
299,0.0299,2,79800,8.85668,0.3101
299,0.0299,TOTAL,79800,36.3152,0.203038
300,0.03,0,79902,16.2044,-0.182003
300,0.03,1,79984,11.2643,0.0782307
300,0.03,2,80066,8.84548,0.308559
300,0.03,TOTAL,80066,36.3142,0.204786
301,0.0301,0,80168,16.1728,-0.182497
301,0.0301,1,80250,11.3171,0.0809994
301,0.0301,2,80332,8.83526,0.307182
301,0.0301,TOTAL,80332,36.3251,0.205685
302,0.0302,0,80434,16.1605,-0.183174
302,0.0302,1,80516,11.3688,0.0834827
302,0.0302,2,80598,8.82585,0.305945
302,0.0302,TOTAL,80598,36.3551,0.206254
303,0.0303,0,80700,16.1727,-0.183945
303,0.0303,1,80782,11.4242,0.085714
303,0.0303,2,80864,8.8171,0.304831
303,0.0303,TOTAL,80864,36.414,0.2066
304,0.0304,0,80966,16.1833,-0.185196
304,0.0304,1,81048,11.4731,0.0877545
304,0.0304,2,81130,8.80889,0.303824
304,0.0304,TOTAL,81130,36.4652,0.206382
305,0.0305,0,81232,16.169,-0.185941
305,0.0305,1,81314,11.5164,0.0894088
305,0.0305,2,81396,8.80111,0.302914
305,0.0305,TOTAL,81396,36.4865,0.206382
306,0.0306,0,81498,16.176,-0.185812
306,0.0306,1,81580,11.5582,0.0906773
306,0.0306,2,81662,8.79368,0.302093
306,0.0306,TOTAL,81662,36.5278,0.206958
307,0.0307,0,81764,16.1438,-0.18371
307,0.0307,1,81846,11.5958,0.0915615
307,0.0307,2,81928,8.78651,0.301352
307,0.0307,TOTAL,81928,36.5262,0.209203
308,0.0308,0,82030,16.0681,-0.179929
308,0.0308,1,82112,11.6308,0.0921189
308,0.0308,2,82194,8.77954,0.300683
308,0.0308,TOTAL,82194,36.4784,0.212873
309,0.0309,0,82296,15.9917,-0.175663
309,0.0309,1,82378,11.6673,0.0917341
309,0.0309,2,82460,8.77273,0.300077
309,0.0309,TOTAL,82460,36.4317,0.216149
310,0.031,0,82562,15.8981,-0.171308
310,0.031,1,82644,11.7002,0.0904355
310,0.031,2,82726,8.76603,0.299528
310,0.031,TOTAL,82726,36.3643,0.218656
311,0.0311,0,82828,15.8101,-0.166911
311,0.0311,1,82910,11.7294,0.0887954
311,0.0311,2,82992,8.75943,0.299026
311,0.0311,TOTAL,82992,36.2989,0.22091
312,0.0312,0,83094,15.7356,-0.162473
312,0.0312,1,83176,11.7592,0.0859856
312,0.0312,2,83258,8.75293,0.298562
312,0.0312,TOTAL,83258,36.2477,0.222074
313,0.0313,0,83360,15.6728,-0.158279
313,0.0313,1,83442,11.7893,0.0826829
313,0.0313,2,83524,8.74654,0.298128
313,0.0313,TOTAL,83524,36.2087,0.222532
314,0.0314,0,83626,15.6203,-0.154718
314,0.0314,1,83708,11.8218,0.0796039
314,0.0314,2,83790,8.74025,0.297725
314,0.0314,TOTAL,83790,36.1824,0.222611
315,0.0315,0,83892,15.5792,-0.151525
315,0.0315,1,83974,11.8582,0.0771627
315,0.0315,2,84056,8.73406,0.297352
315,0.0315,TOTAL,84056,36.1715,0.22299
316,0.0316,0,84158,15.5499,-0.149039
316,0.0316,1,84240,11.8981,0.0754699
316,0.0316,2,84322,8.72797,0.297007
316,0.0316,TOTAL,84322,36.176,0.223438
317,0.0317,0,84424,15.5351,-0.146814
317,0.0317,1,84506,11.941,0.0747244
317,0.0317,2,84588,8.72199,0.296688
317,0.0317,TOTAL,84588,36.198,0.224599
318,0.0318,0,84690,15.5281,-0.145646
318,0.0318,1,84772,11.9862,0.0751869
318,0.0318,2,84854,8.71614,0.296394
318,0.0318,TOTAL,84854,36.2305,0.225935
319,0.0319,0,84956,15.54,-0.144818
319,0.0319,1,85038,12.0351,0.0768643
319,0.0319,2,85120,8.71041,0.296123
319,0.0319,TOTAL,85120,36.2854,0.228169
320,0.032,0,85222,15.5633,-0.142728
320,0.032,1,85304,12.0846,0.0798753
320,0.032,2,85386,8.70481,0.295873
320,0.032,TOTAL,85386,36.3527,0.23302
321,0.0321,0,85488,15.6191,-0.142629
321,0.0321,1,85570,12.1296,0.0842367
321,0.0321,2,85652,8.69935,0.295643
321,0.0321,TOTAL,85652,36.448,0.237251
322,0.0322,0,85754,15.6607,-0.144113
322,0.0322,1,85836,12.1637,0.0898344
322,0.0322,2,85918,8.69405,0.295433
322,0.0322,TOTAL,85918,36.5185,0.241154
323,0.0323,0,86020,15.7104,-0.144954
323,0.0323,1,86102,12.1829,0.0963612
323,0.0323,2,86184,8.68891,0.29524
323,0.0323,TOTAL,86184,36.5822,0.246647
324,0.0324,0,86286,15.7727,-0.14773
324,0.0324,1,86368,12.185,0.103117
324,0.0324,2,86450,8.68393,0.295063
324,0.0324,TOTAL,86450,36.6416,0.25045
325,0.0325,0,86552,15.834,-0.151203
325,0.0325,1,86634,12.1693,0.109411
325,0.0325,2,86716,8.67912,0.294903
325,0.0325,TOTAL,86716,36.6824,0.253111
326,0.0326,0,86818,15.887,-0.154407
326,0.0326,1,86900,12.1374,0.11482
326,0.0326,2,86982,8.67449,0.294759
326,0.0326,TOTAL,86982,36.6988,0.255172
327,0.0327,0,87084,15.9239,-0.157237
327,0.0327,1,87166,12.0905,0.119198
327,0.0327,2,87248,8.67004,0.29463
327,0.0327,TOTAL,87248,36.6845,0.256591
328,0.0328,0,87350,15.9464,-0.159153
328,0.0328,1,87432,12.0292,0.122486
328,0.0328,2,87514,8.66578,0.294517
328,0.0328,TOTAL,87514,36.6414,0.257851
329,0.0329,0,87616,15.9594,-0.159796
329,0.0329,1,87698,11.9538,0.12456
329,0.0329,2,87780,8.66172,0.294418
329,0.0329,TOTAL,87780,36.5749,0.259181
330,0.033,0,87882,15.9655,-0.159099
330,0.033,1,87964,11.8661,0.125445
330,0.033,2,88046,8.65786,0.294333
330,0.033,TOTAL,88046,36.4894,0.260679
331,0.0331,0,88148,15.9646,-0.157898
331,0.0331,1,88230,11.7685,0.125331
331,0.0331,2,88312,8.65422,0.294262
331,0.0331,TOTAL,88312,36.3873,0.261694
332,0.0332,0,88414,15.963,-0.156594
332,0.0332,1,88496,11.6639,0.12447
332,0.0332,2,88578,8.6508,0.294204
332,0.0332,TOTAL,88578,36.2777,0.262079
333,0.0333,0,88680,15.978,-0.154878
333,0.0333,1,88762,11.5555,0.123095
333,0.0333,2,88844,8.64762,0.294159
333,0.0333,TOTAL,88844,36.1812,0.262376
334,0.0334,0,88946,15.9965,-0.153533
334,0.0334,1,89028,11.4463,0.121449
334,0.0334,2,89110,8.6447,0.294126
334,0.0334,TOTAL,89110,36.0875,0.262042
335,0.0335,0,89212,16.0101,-0.153529
335,0.0335,1,89294,11.3379,0.119772
335,0.0335,2,89376,8.64205,0.294106
335,0.0335,TOTAL,89376,35.9901,0.260349
336,0.0336,0,89478,16.022,-0.153543
336,0.0336,1,89560,11.2323,0.118253
336,0.0336,2,89642,8.63968,0.294099
336,0.0336,TOTAL,89642,35.8939,0.25881
337,0.0337,0,89744,16.0244,-0.151674
337,0.0337,1,89826,11.1309,0.116672
337,0.0337,2,89908,8.63762,0.294106
337,0.0337,TOTAL,89908,35.7929,0.259104
338,0.0338,0,90010,16.0404,-0.14937
338,0.0338,1,90092,11.0442,0.112995
338,0.0338,2,90174,8.63587,0.294128
338,0.0338,TOTAL,90174,35.7205,0.257753
339,0.0339,0,90276,16.0714,-0.147057
339,0.0339,1,90358,10.9857,0.10987
339,0.0339,2,90440,8.63446,0.294165
339,0.0339,TOTAL,90440,35.6916,0.256978
340,0.034,0,90542,16.0952,-0.141176
340,0.034,1,90624,10.9338,0.105846
340,0.034,2,90706,8.63341,0.294223
340,0.034,TOTAL,90706,35.6624,0.258892
341,0.0341,0,90808,16.1436,-0.135285
341,0.0341,1,90890,10.8854,0.0979138
341,0.0341,2,90972,8.63274,0.294304
341,0.0341,TOTAL,90972,35.6618,0.256932
342,0.0342,0,91074,16.2097,-0.131534
342,0.0342,1,91156,10.8567,0.0960603
342,0.0342,2,91238,8.63248,0.294408
342,0.0342,TOTAL,91238,35.6989,0.258935
343,0.0343,0,91340,16.2752,-0.131822
343,0.0343,1,91422,10.8234,0.0906825
343,0.0343,2,91504,8.63265,0.294537
343,0.0343,TOTAL,91504,35.7312,0.253397
344,0.0344,0,91606,16.3303,-0.134233
344,0.0344,1,91688,10.8123,0.0858722
344,0.0344,2,91770,8.6333,0.294697
344,0.0344,TOTAL,91770,35.776,0.246336
345,0.0345,0,91872,16.3728,-0.136954
345,0.0345,1,91954,10.8254,0.0830565
345,0.0345,2,92036,8.63445,0.294891
345,0.0345,TOTAL,92036,35.8326,0.240994
346,0.0346,0,92138,16.4088,-0.139723
346,0.0346,1,92220,10.8344,0.080387
346,0.0346,2,92302,8.63615,0.295123
346,0.0346,TOTAL,92302,35.8793,0.235787
347,0.0347,0,92404,16.4366,-0.142287
347,0.0347,1,92486,10.8719,0.080133
347,0.0347,2,92568,8.63845,0.295398
347,0.0347,TOTAL,92568,35.9469,0.233244
348,0.0348,0,92670,16.4501,-0.144689
348,0.0348,1,92752,10.8906,0.0815491
348,0.0348,2,92834,8.64138,0.295719
348,0.0348,TOTAL,92834,35.9821,0.232579
349,0.0349,0,92936,16.4525,-0.147406
349,0.0349,1,93018,10.8812,0.0842751
349,0.0349,2,93100,8.64499,0.296088
349,0.0349,TOTAL,93100,35.9787,0.232957
350,0.035,0,93202,16.4464,-0.150093
350,0.035,1,93284,10.8647,0.085925
350,0.035,2,93366,8.64933,0.296513
350,0.035,TOTAL,93366,35.9604,0.232346
351,0.0351,0,93468,16.427,-0.152076
351,0.0351,1,93550,10.8502,0.0873999
351,0.0351,2,93632,8.65447,0.297
351,0.0351,TOTAL,93632,35.9317,0.232324
352,0.0352,0,93734,16.4126,-0.154184
352,0.0352,1,93816,10.8409,0.088669
352,0.0352,2,93898,8.66049,0.297557
352,0.0352,TOTAL,93898,35.914,0.232042
353,0.0353,0,94000,16.3684,-0.1545
353,0.0353,1,94082,10.8366,0.0896661
353,0.0353,2,94164,8.66749,0.298192
353,0.0353,TOTAL,94164,35.8725,0.233358
354,0.0354,0,94266,16.3113,-0.152872
354,0.0354,1,94348,10.8358,0.090423
354,0.0354,2,94430,8.67558,0.298916
354,0.0354,TOTAL,94430,35.8227,0.236467
355,0.0355,0,94532,16.2665,-0.150078
355,0.0355,1,94614,10.8373,0.0910482
355,0.0355,2,94696,8.68491,0.299742
355,0.0355,TOTAL,94696,35.7887,0.240713
356,0.0356,0,94798,16.2338,-0.146337
356,0.0356,1,94880,10.8401,0.091731
356,0.0356,2,94962,8.69564,0.300685
356,0.0356,TOTAL,94962,35.7695,0.24608
357,0.0357,0,95064,16.2055,-0.141438
357,0.0357,1,95146,10.8438,0.0926744
357,0.0357,2,95228,8.708,0.301763
357,0.0357,TOTAL,95228,35.7573,0.253
358,0.0358,0,95330,16.1974,-0.137176
358,0.0358,1,95412,10.848,0.0940582
358,0.0358,2,95494,8.72224,0.302999
358,0.0358,TOTAL,95494,35.7677,0.259881
359,0.0359,0,95596,16.2085,-0.133547
359,0.0359,1,95678,10.8535,0.0959717
359,0.0359,2,95760,8.7387,0.304425
359,0.0359,TOTAL,95760,35.8007,0.266849
360,0.036,0,95862,16.2595,-0.131661
360,0.036,1,95944,10.8618,0.0984569
360,0.036,2,96026,8.75778,0.306082
360,0.036,TOTAL,96026,35.879,0.272877
361,0.0361,0,96128,16.3317,-0.135503
361,0.0361,1,96210,10.8751,0.100908
361,0.0361,2,96292,8.77997,0.308023
361,0.0361,TOTAL,96292,35.9867,0.273427
362,0.0362,0,96394,16.4319,-0.139379
362,0.0362,1,96476,10.8929,0.100446
362,0.0362,2,96558,8.80571,0.310307
362,0.0362,TOTAL,96558,36.1306,0.271374
363,0.0363,0,96660,16.5473,-0.144954
363,0.0363,1,96742,10.8957,0.0988664
363,0.0363,2,96824,8.8351,0.312995
363,0.0363,TOTAL,96824,36.2781,0.266908
364,0.0364,0,96926,16.6664,-0.152652
364,0.0364,1,97008,10.8891,0.0968173
364,0.0364,2,97090,8.86754,0.316052
364,0.0364,TOTAL,97090,36.4231,0.260217
365,0.0365,0,97192,16.7919,-0.16218
365,0.0365,1,97274,10.8812,0.0941691
365,0.0365,2,97356,8.90174,0.319338
365,0.0365,TOTAL,97356,36.5748,0.251328
366,0.0366,0,97458,16.9131,-0.169282
366,0.0366,1,97540,10.8752,0.0915629
366,0.0366,2,97622,8.93683,0.322786
366,0.0366,TOTAL,97622,36.7252,0.245067
367,0.0367,0,97724,16.9942,-0.174541
367,0.0367,1,97806,10.8717,0.0893653
367,0.0367,2,97888,8.97367,0.326519
367,0.0367,TOTAL,97888,36.8396,0.241343
368,0.0368,0,97990,17.0089,-0.174673
368,0.0368,1,98072,10.8684,0.0871865
368,0.0368,2,98154,9.01149,0.33079
368,0.0368,TOTAL,98154,36.8888,0.243303
369,0.0369,0,98256,16.9877,-0.167837
369,0.0369,1,98338,10.8681,0.0852129
369,0.0369,2,98420,9.04723,0.336282
369,0.0369,TOTAL,98420,36.903,0.253658
370,0.037,0,98522,17.0032,-0.152573
370,0.037,1,98604,10.8702,0.0844495
370,0.037,2,98686,9.07271,0.342086
370,0.037,TOTAL,98686,36.9461,0.273962
371,0.0371,0,98788,17.0118,-0.140718
371,0.0371,1,98870,10.8751,0.085086
371,0.0371,2,98952,9.06818,0.342042
371,0.0371,TOTAL,98952,36.9551,0.28641
372,0.0372,0,99054,17.1032,-0.128327
372,0.0372,1,99136,10.8883,0.0865159
372,0.0372,2,99218,9.0443,0.338247
372,0.0372,TOTAL,99218,37.0358,0.296436
373,0.0373,0,99320,17.234,-0.125874
373,0.0373,1,99402,10.9055,0.0883742
373,0.0373,2,99484,9.01461,0.333702
373,0.0373,TOTAL,99484,37.1541,0.296203
374,0.0374,0,99586,17.2803,-0.132133
374,0.0374,1,99668,10.923,0.0906058
374,0.0374,2,99750,8.98529,0.329327
374,0.0374,TOTAL,99750,37.1886,0.2878
375,0.0375,0,99852,17.2926,-0.141699
375,0.0375,1,99934,10.9335,0.0926032
375,0.0375,2,100016,8.95853,0.325386
375,0.0375,TOTAL,100016,37.1846,0.27629
376,0.0376,0,100118,17.2863,-0.151803
376,0.0376,1,100200,10.9351,0.0937091
376,0.0376,2,100282,8.93478,0.321922
376,0.0376,TOTAL,100282,37.1562,0.263828
377,0.0377,0,100384,17.2745,-0.157709
377,0.0377,1,100466,10.928,0.0937931
377,0.0377,2,100548,8.91378,0.318899
377,0.0377,TOTAL,100548,37.1162,0.254983
378,0.0378,0,100650,17.2719,-0.160111
378,0.0378,1,100732,10.9125,0.0929761
378,0.0378,2,100814,8.89511,0.316255
378,0.0378,TOTAL,100814,37.0795,0.24912
379,0.0379,0,100916,17.2323,-0.162405
379,0.0379,1,100998,10.8905,0.091409
379,0.0379,2,101080,8.87837,0.313933
379,0.0379,TOTAL,101080,37.0012,0.242937
380,0.038,0,101182,17.178,-0.165833
380,0.038,1,101264,10.8635,0.0893158
380,0.038,2,101346,8.86321,0.311881
380,0.038,TOTAL,101346,36.9047,0.235364
381,0.0381,0,101448,17.0913,-0.166122
381,0.0381,1,101530,10.8346,0.0869908
381,0.0381,2,101612,8.84936,0.31006
381,0.0381,TOTAL,101612,36.7752,0.230929
382,0.0382,0,101714,16.9774,-0.166298
382,0.0382,1,101796,10.809,0.0848905
382,0.0382,2,101878,8.83657,0.308434
382,0.0382,TOTAL,101878,36.623,0.227026
383,0.0383,0,101980,16.8955,-0.166444
383,0.0383,1,102062,10.7883,0.0832977
383,0.0383,2,102144,8.82466,0.306975
383,0.0383,TOTAL,102144,36.5084,0.223828
384,0.0384,0,102246,16.8126,-0.167465
384,0.0384,1,102328,10.7698,0.0822717
384,0.0384,2,102410,8.81346,0.305661
384,0.0384,TOTAL,102410,36.3958,0.220467
385,0.0385,0,102512,16.7568,-0.169259
385,0.0385,1,102594,10.7471,0.0817323
385,0.0385,2,102676,8.80288,0.304471
385,0.0385,TOTAL,102676,36.3068,0.216944
386,0.0386,0,102778,16.7034,-0.172124
386,0.0386,1,102860,10.7158,0.0816335
386,0.0386,2,102942,8.7928,0.303389
386,0.0386,TOTAL,102942,36.212,0.212899
387,0.0387,0,103044,16.6348,-0.175451
387,0.0387,1,103126,10.6862,0.0822606
387,0.0387,2,103208,8.78317,0.302399
387,0.0387,TOTAL,103208,36.1042,0.209208
388,0.0388,0,103310,16.5602,-0.177824
388,0.0388,1,103392,10.6701,0.0831294
388,0.0388,2,103474,8.77391,0.301491
388,0.0388,TOTAL,103474,36.0041,0.206796
389,0.0389,0,103576,16.4723,-0.179684
389,0.0389,1,103658,10.6567,0.0836106
389,0.0389,2,103740,8.76498,0.300657
389,0.0389,TOTAL,103740,35.894,0.204585
390,0.039,0,103842,16.3786,-0.179293
390,0.039,1,103924,10.6488,0.0847166
390,0.039,2,104006,8.75633,0.299891
390,0.039,TOTAL,104006,35.7837,0.205314
391,0.0391,0,104108,16.3133,-0.176286
391,0.0391,1,104190,10.6506,0.0859171
391,0.0391,2,104272,8.74795,0.299186
391,0.0391,TOTAL,104272,35.7118,0.208816
392,0.0392,0,104374,16.2819,-0.176126
392,0.0392,1,104456,10.6303,0.0831711
392,0.0392,2,104538,8.73979,0.298537
392,0.0392,TOTAL,104538,35.652,0.205581
393,0.0393,0,104640,16.2371,-0.177135
393,0.0393,1,104722,10.6216,0.0716974
393,0.0393,2,104804,8.73183,0.29794
393,0.0393,TOTAL,104804,35.5905,0.192503
394,0.0394,0,104906,16.1923,-0.177937
394,0.0394,1,104988,10.6562,0.0627175
394,0.0394,2,105070,8.72406,0.297392
394,0.0394,TOTAL,105070,35.5726,0.182172
395,0.0395,0,105172,16.1471,-0.178211
395,0.0395,1,105254,10.7497,0.060345
395,0.0395,2,105336,8.71645,0.296888
395,0.0395,TOTAL,105336,35.6132,0.179022
396,0.0396,0,105438,16.1045,-0.178295
396,0.0396,1,105520,10.819,0.0578558
396,0.0396,2,105602,8.709,0.296422
396,0.0396,TOTAL,105602,35.6325,0.175982
397,0.0397,0,105704,16.0401,-0.176917
397,0.0397,1,105786,10.8617,0.0590692
397,0.0397,2,105868,8.7017,0.295991
397,0.0397,TOTAL,105868,35.6035,0.178143
398,0.0398,0,105970,15.9573,-0.174467
398,0.0398,1,106052,10.9055,0.0585499
398,0.0398,2,106134,8.69454,0.295593
398,0.0398,TOTAL,106134,35.5574,0.179675
399,0.0399,0,106236,15.8705,-0.171444
399,0.0399,1,106318,10.9104,0.0541201
399,0.0399,2,106400,8.68753,0.295223
399,0.0399,TOTAL,106400,35.4684,0.177899
400,0.04,0,106502,15.7819,-0.167991
400,0.04,1,106584,10.9485,0.0550277
400,0.04,2,106666,8.68065,0.294882
400,0.04,TOTAL,106666,35.4111,0.181918
401,0.0401,0,106768,15.7011,-0.164399
401,0.0401,1,106850,10.9887,0.0570729
401,0.0401,2,106932,8.67391,0.294566
401,0.0401,TOTAL,106932,35.3637,0.18724
402,0.0402,0,107034,15.6316,-0.160421
402,0.0402,1,107116,11.0466,0.0606872
402,0.0402,2,107198,8.66732,0.294275
402,0.0402,TOTAL,107198,35.3455,0.194541
403,0.0403,0,107300,15.5747,-0.156556
403,0.0403,1,107382,11.1018,0.0655471
403,0.0403,2,107464,8.66087,0.294008
403,0.0403,TOTAL,107464,35.3373,0.202999
404,0.0404,0,107566,15.53,-0.153298
404,0.0404,1,107648,11.158,0.0708116
404,0.0404,2,107730,8.65457,0.293761
404,0.0404,TOTAL,107730,35.3425,0.211275
405,0.0405,0,107832,15.497,-0.150351
405,0.0405,1,107914,11.213,0.0754139
405,0.0405,2,107996,8.64843,0.293535
405,0.0405,TOTAL,107996,35.3585,0.218597
406,0.0406,0,108098,15.474,-0.148244
406,0.0406,1,108180,11.2676,0.078601
406,0.0406,2,108262,8.64248,0.293329
406,0.0406,TOTAL,108262,35.3841,0.223687
407,0.0407,0,108364,15.4658,-0.146638
407,0.0407,1,108446,11.3235,0.0806627
407,0.0407,2,108528,8.6367,0.293141
407,0.0407,TOTAL,108528,35.426,0.227166
408,0.0408,0,108630,15.4663,-0.145787
408,0.0408,1,108712,11.3793,0.082346
408,0.0408,2,108794,8.63113,0.29297
408,0.0408,TOTAL,108794,35.4768,0.229529
409,0.0409,0,108896,15.4831,-0.145358
409,0.0409,1,108978,11.4335,0.0836573
409,0.0409,2,109060,8.62579,0.292813
409,0.0409,TOTAL,109060,35.5424,0.231113
410,0.041,0,109162,15.5075,-0.143525
410,0.041,1,109244,11.4744,0.084753
410,0.041,2,109326,8.6207,0.292668
410,0.041,TOTAL,109326,35.6026,0.233897
411,0.0411,0,109428,15.5596,-0.143092
411,0.0411,1,109510,11.5089,0.0856063
411,0.0411,2,109592,8.61589,0.292538
411,0.0411,TOTAL,109592,35.6844,0.235052
412,0.0412,0,109694,15.6035,-0.143795
412,0.0412,1,109776,11.5461,0.0868247
412,0.0412,2,109858,8.61137,0.292419
412,0.0412,TOTAL,109858,35.761,0.235449
413,0.0413,0,109960,15.6593,-0.144847
413,0.0413,1,110042,11.5863,0.0881714
413,0.0413,2,110124,8.60719,0.292309
413,0.0413,TOTAL,110124,35.8528,0.235634
414,0.0414,0,110226,15.723,-0.147576
414,0.0414,1,110308,11.6297,0.0887485
414,0.0414,2,110390,8.60335,0.292207
414,0.0414,TOTAL,110390,35.9561,0.233379
415,0.0415,0,110492,15.792,-0.151172
415,0.0415,1,110574,11.6727,0.0880213
415,0.0415,2,110656,8.59991,0.292111
415,0.0415,TOTAL,110656,36.0646,0.22896
416,0.0416,0,110758,15.8412,-0.154545
416,0.0416,1,110840,11.7144,0.0859515
416,0.0416,2,110922,8.5969,0.292023
416,0.0416,TOTAL,110922,36.1525,0.22343
417,0.0417,0,111024,15.8698,-0.156856
417,0.0417,1,111106,11.7502,0.083098
417,0.0417,2,111188,8.59437,0.291942
417,0.0417,TOTAL,111188,36.2144,0.218184
418,0.0418,0,111290,15.8882,-0.157691
418,0.0418,1,111372,11.7873,0.0802042
418,0.0418,2,111454,8.59234,0.291864
418,0.0418,TOTAL,111454,36.2678,0.214377
419,0.0419,0,111556,15.9115,-0.157902
419,0.0419,1,111638,11.8276,0.0773227
419,0.0419,2,111720,8.59085,0.291792
419,0.0419,TOTAL,111720,36.3299,0.211213
420,0.042,0,111822,15.9336,-0.158146
420,0.042,1,111904,11.8734,0.0751079
420,0.042,2,111986,8.58992,0.291727
420,0.042,TOTAL,111986,36.3969,0.208689
421,0.0421,0,112088,15.965,-0.159253
421,0.0421,1,112170,11.9234,0.0736108
421,0.0421,2,112252,8.58958,0.291669
421,0.0421,TOTAL,112252,36.478,0.206026
422,0.0422,0,112354,15.9968,-0.161859
422,0.0422,1,112436,11.9761,0.0728953
422,0.0422,2,112518,8.58984,0.29162
422,0.0422,TOTAL,112518,36.5628,0.202656
423,0.0423,0,112620,16.0192,-0.16436
423,0.0423,1,112702,12.029,0.0730359
423,0.0423,2,112784,8.59074,0.291581
423,0.0423,TOTAL,112784,36.6389,0.200257
424,0.0424,0,112886,16.0097,-0.165647
424,0.0424,1,112968,12.0807,0.0742622
424,0.0424,2,113050,8.59229,0.291555
424,0.0424,TOTAL,113050,36.6828,0.20017
425,0.0425,0,113152,15.9898,-0.16557
425,0.0425,1,113234,12.1307,0.0766204
425,0.0425,2,113316,8.5945,0.291543
425,0.0425,TOTAL,113316,36.715,0.202593
426,0.0426,0,113418,15.988,-0.16402
426,0.0426,1,113500,12.1775,0.0802024
426,0.0426,2,113582,8.59741,0.29155
426,0.0426,TOTAL,113582,36.763,0.207732
427,0.0427,0,113684,15.9901,-0.160501
427,0.0427,1,113766,12.2183,0.0850781
427,0.0427,2,113848,8.60102,0.291578
427,0.0427,TOTAL,113848,36.8094,0.216156
428,0.0428,0,113950,16.0056,-0.153106
428,0.0428,1,114032,12.2461,0.091156
428,0.0428,2,114114,8.60535,0.291632
428,0.0428,TOTAL,114114,36.8571,0.229682
429,0.0429,0,114216,16.0611,-0.143579
429,0.0429,1,114298,12.2555,0.0979821
429,0.0429,2,114380,8.61044,0.291718
429,0.0429,TOTAL,114380,36.9271,0.246121
430,0.043,0,114482,16.1202,-0.131035
430,0.043,1,114564,12.246,0.104728
430,0.043,2,114646,8.61629,0.291835
430,0.043,TOTAL,114646,36.9824,0.265528
431,0.0431,0,114748,16.153,-0.121824
431,0.0431,1,114830,12.2209,0.11066
431,0.0431,2,114912,8.62294,0.291991
431,0.0431,TOTAL,114912,36.9969,0.280827
432,0.0432,0,115014,16.1924,-0.119342
432,0.0432,1,115096,12.181,0.115699
432,0.0432,2,115178,8.63043,0.292192
432,0.0432,TOTAL,115178,37.0039,0.288549
433,0.0433,0,115280,16.2431,-0.120745
433,0.0433,1,115362,12.1264,0.119802
433,0.0433,2,115444,8.6388,0.292444
433,0.0433,TOTAL,115444,37.0083,0.291501
434,0.0434,0,115546,16.2837,-0.12528
434,0.0434,1,115628,12.059,0.122881
434,0.0434,2,115710,8.64812,0.292759
434,0.0434,TOTAL,115710,36.9908,0.29036
435,0.0435,0,115812,16.3181,-0.130862
435,0.0435,1,115894,11.9805,0.124818
435,0.0435,2,115976,8.65844,0.293147
435,0.0435,TOTAL,115976,36.9571,0.287103
436,0.0436,0,116078,16.3452,-0.13611
436,0.0436,1,116160,11.8935,0.125586
436,0.0436,2,116242,8.66987,0.29362
436,0.0436,TOTAL,116242,36.9086,0.283097
437,0.0437,0,116344,16.3603,-0.140687
437,0.0437,1,116426,11.8004,0.125326
437,0.0437,2,116508,8.68252,0.294195
437,0.0437,TOTAL,116508,36.8432,0.278834
438,0.0438,0,116610,16.3665,-0.144511
438,0.0438,1,116692,11.7047,0.124298
438,0.0438,2,116774,8.69654,0.294895
438,0.0438,TOTAL,116774,36.7678,0.274682
439,0.0439,0,116876,16.3724,-0.148037
439,0.0439,1,116958,11.6099,0.1227
439,0.0439,2,117040,8.71215,0.295743
439,0.0439,TOTAL,117040,36.6944,0.270405
440,0.044,0,117142,16.3672,-0.150812
440,0.044,1,117224,11.517,0.120708
440,0.044,2,117306,8.72957,0.296771
440,0.044,TOTAL,117306,36.6137,0.266667
441,0.0441,0,117408,16.3534,-0.152751
441,0.0441,1,117490,11.4239,0.118574
441,0.0441,2,117572,8.7491,0.298017
441,0.0441,TOTAL,117572,36.5264,0.26384
442,0.0442,0,117674,16.324,-0.15473
442,0.0442,1,117756,11.3282,0.116643
442,0.0442,2,117838,8.77111,0.299515
442,0.0442,TOTAL,117838,36.4232,0.261428
443,0.0443,0,117940,16.2754,-0.154192
443,0.0443,1,118022,11.2282,0.115321
443,0.0443,2,118104,8.79599,0.301296
443,0.0443,TOTAL,118104,36.2997,0.262425
444,0.0444,0,118206,16.2209,-0.152762
444,0.0444,1,118288,11.1288,0.11517
444,0.0444,2,118370,8.82426,0.303458
444,0.0444,TOTAL,118370,36.1739,0.265866
445,0.0445,0,118472,16.1578,-0.149946
445,0.0445,1,118554,11.0328,0.112643
445,0.0445,2,118636,8.8557,0.306306
445,0.0445,TOTAL,118636,36.0463,0.269004
446,0.0446,0,118738,16.1178,-0.146215
446,0.0446,1,118820,10.9695,0.108091
446,0.0446,2,118902,8.88835,0.309308
446,0.0446,TOTAL,118902,35.9757,0.271184
447,0.0447,0,119004,16.0846,-0.141585
447,0.0447,1,119086,10.9087,0.10805
447,0.0447,2,119168,8.92229,0.312546
447,0.0447,TOTAL,119168,35.9156,0.279011
448,0.0448,0,119270,16.0737,-0.137346
448,0.0448,1,119352,10.8607,0.107834
448,0.0448,2,119434,8.95773,0.316833
448,0.0448,TOTAL,119434,35.8921,0.287321
449,0.0449,0,119270,16.0846,-0.133287
449,0.0449,1,119352,10.7785,0.0930383
449,0.0449,2,119434,8.99824,0.322849
449,0.0449,TOTAL,119434,35.8614,0.2826
450,0.045,0,119270,16.1362,-0.131637
450,0.045,1,119352,10.7822,0.0774883
450,0.045,2,119434,9.04031,0.329786
450,0.045,TOTAL,119434,35.9587,0.275637
451,0.0451,0,119270,16.223,-0.133918
451,0.0451,1,119352,10.8039,0.0751052
451,0.0451,2,119434,9.06551,0.334751
451,0.0451,TOTAL,119434,36.0925,0.275938
452,0.0452,0,119270,16.3282,-0.13612
452,0.0452,1,119352,10.8286,0.0778005
452,0.0452,2,119434,9.06536,0.337347
452,0.0452,TOTAL,119434,36.2221,0.279028
453,0.0453,0,119270,16.4182,-0.140865
453,0.0453,1,119352,10.8483,0.0773206
453,0.0453,2,119434,9.03265,0.334271
453,0.0453,TOTAL,119434,36.2992,0.270727
454,0.0454,0,119270,16.5012,-0.145847
454,0.0454,1,119352,10.8685,0.0807877
454,0.0454,2,119434,8.99307,0.328991
454,0.0454,TOTAL,119434,36.3628,0.263931
455,0.0455,0,119270,16.5924,-0.151643
455,0.0455,1,119352,10.8607,0.0839222
455,0.0455,2,119434,8.95899,0.324181
455,0.0455,TOTAL,119434,36.4121,0.256461
456,0.0456,0,119270,16.6408,-0.160137
456,0.0456,1,119352,10.8533,0.0866709
456,0.0456,2,119434,8.93108,0.320117
456,0.0456,TOTAL,119434,36.4252,0.246651
457,0.0457,0,119270,16.6078,-0.165915
457,0.0457,1,119352,10.8447,0.089057
457,0.0457,2,119434,8.90789,0.316723
457,0.0457,TOTAL,119434,36.3604,0.239865
458,0.0458,0,119270,16.5511,-0.165541
458,0.0458,1,119352,10.8435,0.0910889
458,0.0458,2,119434,8.88824,0.313851
458,0.0458,TOTAL,119434,36.2829,0.2394
459,0.0459,0,119270,16.4845,-0.159858
459,0.0459,1,119352,10.8528,0.0929773
459,0.0459,2,119434,8.87132,0.311408
459,0.0459,TOTAL,119434,36.2087,0.244528
460,0.046,0,119270,16.4587,-0.152504
460,0.046,1,119352,10.8715,0.0948981
460,0.046,2,119434,8.85651,0.309281
460,0.046,TOTAL,119434,36.1868,0.251675
461,0.0461,0,119270,16.4962,-0.14927
461,0.0461,1,119352,10.8968,0.0969662
461,0.0461,2,119434,8.84323,0.307448
461,0.0461,TOTAL,119434,36.2362,0.255143
462,0.0462,0,119270,16.561,-0.150128
462,0.0462,1,119352,10.9266,0.0992015
462,0.0462,2,119434,8.83113,0.305841
462,0.0462,TOTAL,119434,36.3187,0.254914
463,0.0463,0,119270,16.6272,-0.152604
463,0.0463,1,119352,10.9582,0.101521
463,0.0463,2,119434,8.81982,0.304433
463,0.0463,TOTAL,119434,36.4052,0.253349
464,0.0464,0,119270,16.6683,-0.156719
464,0.0464,1,119352,10.9865,0.103681
464,0.0464,2,119434,8.80908,0.303165
464,0.0464,TOTAL,119434,36.4639,0.250127
465,0.0465,0,119270,16.6856,-0.162719
465,0.0465,1,119352,11.0073,0.105822
465,0.0465,2,119434,8.79873,0.302038
465,0.0465,TOTAL,119434,36.4916,0.245141
466,0.0466,0,119270,16.6746,-0.16898
466,0.0466,1,119352,11.0219,0.108446
466,0.0466,2,119434,8.78866,0.301021
466,0.0466,TOTAL,119434,36.4852,0.240488
467,0.0467,0,119270,16.6473,-0.173326
467,0.0467,1,119352,11.0408,0.109165
467,0.0467,2,119434,8.77861,0.300105
467,0.0467,TOTAL,119434,36.4667,0.235944
468,0.0468,0,119270,16.6141,-0.176566
468,0.0468,1,119352,11.0562,0.106769
468,0.0468,2,119434,8.76862,0.299258
468,0.0468,TOTAL,119434,36.4389,0.229461
469,0.0469,0,119270,16.5992,-0.177944
469,0.0469,1,119352,11.0512,0.10471
469,0.0469,2,119434,8.75868,0.298456
469,0.0469,TOTAL,119434,36.4091,0.225222
470,0.047,0,119270,16.586,-0.177778
470,0.047,1,119352,11.0378,0.101953
470,0.047,2,119434,8.74878,0.297681
470,0.047,TOTAL,119434,36.3727,0.221856
471,0.0471,0,119270,16.5584,-0.176445
471,0.0471,1,119352,11.0243,0.09931
471,0.0471,2,119434,8.73887,0.296957
471,0.0471,TOTAL,119434,36.3216,0.219822
472,0.0472,0,119270,16.493,-0.174671
472,0.0472,1,119352,11.0155,0.0975787
472,0.0472,2,119434,8.72895,0.296273
472,0.0472,TOTAL,119434,36.2375,0.219181
473,0.0473,0,119270,16.4354,-0.172519
473,0.0473,1,119352,11.0117,0.0961637
473,0.0473,2,119434,8.71915,0.29562
473,0.0473,TOTAL,119434,36.1662,0.219265
474,0.0474,0,119270,16.3986,-0.169224
474,0.0474,1,119352,11.0112,0.0952176
474,0.0474,2,119434,8.70955,0.294982
474,0.0474,TOTAL,119434,36.1193,0.220976
475,0.0475,0,119270,16.3868,-0.165198
475,0.0475,1,119352,11.012,0.0948397
475,0.0475,2,119434,8.70008,0.294376
475,0.0475,TOTAL,119434,36.0988,0.224018
476,0.0476,0,119270,16.4098,-0.165136
476,0.0476,1,119352,11.0103,0.0950798
476,0.0476,2,119434,8.6908,0.293805
476,0.0476,TOTAL,119434,36.111,0.223748
477,0.0477,0,119270,16.3729,-0.170901
477,0.0477,1,119352,11.0061,0.0958165
477,0.0477,2,119434,8.68164,0.29327
477,0.0477,TOTAL,119434,36.0607,0.218185
478,0.0478,0,119270,16.3296,-0.172025
478,0.0478,1,119352,11.0004,0.0966722
478,0.0478,2,119434,8.67265,0.292741
478,0.0478,TOTAL,119434,36.0026,0.217389
479,0.0479,0,119270,16.301,-0.173589
479,0.0479,1,119352,10.9921,0.0972302
479,0.0479,2,119434,8.66385,0.292243
479,0.0479,TOTAL,119434,35.957,0.215884
480,0.048,0,119270,16.2714,-0.175577
480,0.048,1,119352,10.9859,0.0979791
480,0.048,2,119434,8.65532,0.29181
480,0.048,TOTAL,119434,35.9125,0.214212
481,0.0481,0,119270,16.244,-0.177636
481,0.0481,1,119352,10.9817,0.0988533
481,0.0481,2,119434,8.64699,0.29141
481,0.0481,TOTAL,119434,35.8727,0.212627
482,0.0482,0,119270,16.2235,-0.179287
482,0.0482,1,119352,10.9817,0.0994512
482,0.0482,2,119434,8.6391,0.291029
482,0.0482,TOTAL,119434,35.8443,0.211194
483,0.0483,0,119270,16.2022,-0.180225
483,0.0483,1,119352,10.9815,0.0995318
483,0.0483,2,119434,8.63151,0.290658
483,0.0483,TOTAL,119434,35.8152,0.209965
484,0.0484,0,119270,16.166,-0.180035
484,0.0484,1,119352,10.9797,0.0993245
484,0.0484,2,119434,8.62425,0.290298
484,0.0484,TOTAL,119434,35.77,0.209588
485,0.0485,0,119270,16.0979,-0.179212
485,0.0485,1,119352,10.9739,0.0987263
485,0.0485,2,119434,8.6174,0.289962
485,0.0485,TOTAL,119434,35.6892,0.209476
486,0.0486,0,119270,16.0375,-0.179295
486,0.0486,1,119352,10.9643,0.0978159
486,0.0486,2,119434,8.61091,0.28964
486,0.0486,TOTAL,119434,35.6127,0.208161
487,0.0487,0,119270,15.9578,-0.177369
487,0.0487,1,119352,10.9514,0.0965651
487,0.0487,2,119434,8.60485,0.289322
487,0.0487,TOTAL,119434,35.514,0.208518
488,0.0488,0,119270,15.8715,-0.174188
488,0.0488,1,119352,10.9367,0.0953766
488,0.0488,2,119434,8.59926,0.289007
488,0.0488,TOTAL,119434,35.4074,0.210195
489,0.0489,0,119270,15.7886,-0.170622
489,0.0489,1,119352,10.9219,0.0945075
489,0.0489,2,119434,8.59413,0.288712
489,0.0489,TOTAL,119434,35.3047,0.212598
490,0.049,0,119270,15.7123,-0.166533
490,0.049,1,119352,10.9019,0.093766
490,0.049,2,119434,8.58989,0.2884
490,0.049,TOTAL,119434,35.2041,0.215633
491,0.0491,0,119270,15.6444,-0.162246
491,0.0491,1,119352,10.8782,0.0933625
491,0.0491,2,119434,8.58586,0.288056
491,0.0491,TOTAL,119434,35.1085,0.219173
492,0.0492,0,119270,15.5869,-0.157748
492,0.0492,1,119352,10.8513,0.0932567
492,0.0492,2,119434,8.58231,0.287734
492,0.0492,TOTAL,119434,35.0205,0.223243
493,0.0493,0,119270,15.5365,-0.153749
493,0.0493,1,119352,10.8227,0.0931164
493,0.0493,2,119434,8.57937,0.287433
493,0.0493,TOTAL,119434,34.9386,0.226801
494,0.0494,0,119270,15.4964,-0.150191
494,0.0494,1,119352,10.7994,0.09246
494,0.0494,2,119434,8.57687,0.287122
494,0.0494,TOTAL,119434,34.8726,0.229391
495,0.0495,0,119270,15.4682,-0.146992
495,0.0495,1,119352,10.7832,0.0903415
495,0.0495,2,119434,8.57495,0.286843
495,0.0495,TOTAL,119434,34.8263,0.230192
496,0.0496,0,119270,15.4471,-0.144963
496,0.0496,1,119352,10.7811,0.0888885
496,0.0496,2,119434,8.57343,0.28658
496,0.0496,TOTAL,119434,34.8017,0.230506
497,0.0497,0,119270,15.4376,-0.14365
497,0.0497,1,119352,10.8005,0.0862244
497,0.0497,2,119434,8.57262,0.286353
497,0.0497,TOTAL,119434,34.8107,0.228927
498,0.0498,0,119270,15.432,-0.14298
498,0.0498,1,119352,10.8241,0.0825412
498,0.0498,2,119434,8.57232,0.286135
498,0.0498,TOTAL,119434,34.8285,0.225697
499,0.0499,0,119270,15.4374,-0.142779
499,0.0499,1,119352,10.8334,0.077633
499,0.0499,2,119434,8.57268,0.285959
499,0.0499,TOTAL,119434,34.8436,0.220814
500,0.05,0,119270,15.4528,-0.141062
500,0.05,1,119352,10.8339,0.0683257
500,0.05,2,119434,8.57352,0.285811
500,0.05,TOTAL,119434,34.8603,0.213075
501,0.0501,0,119270,15.4942,-0.141505
501,0.0501,1,119352,10.8207,0.063275
501,0.0501,2,119434,8.57502,0.28569
501,0.0501,TOTAL,119434,34.8899,0.20746
502,0.0502,0,119270,15.5318,-0.142761
502,0.0502,1,119352,10.8497,0.0621851
502,0.0502,2,119434,8.57722,0.28559
502,0.0502,TOTAL,119434,34.9587,0.205014
503,0.0503,0,119270,15.578,-0.144641
503,0.0503,1,119352,10.8815,0.0634943
503,0.0503,2,119434,8.57998,0.285525
503,0.0503,TOTAL,119434,35.0395,0.204378
504,0.0504,0,119270,15.6246,-0.147625
504,0.0504,1,119352,10.923,0.0647362
504,0.0504,2,119434,8.58325,0.285477
504,0.0504,TOTAL,119434,35.1308,0.202588
505,0.0505,0,119270,15.669,-0.150644
505,0.0505,1,119352,10.9813,0.065764
505,0.0505,2,119434,8.58689,0.285468
505,0.0505,TOTAL,119434,35.2372,0.200588
506,0.0506,0,119270,15.7065,-0.153564
506,0.0506,1,119352,11.0401,0.0677946
506,0.0506,2,119434,8.59117,0.285511
506,0.0506,TOTAL,119434,35.3378,0.199742
507,0.0507,0,119270,15.7285,-0.156089
507,0.0507,1,119352,11.0887,0.0690537
507,0.0507,2,119434,8.59599,0.2856
507,0.0507,TOTAL,119434,35.4132,0.198564
508,0.0508,0,119270,15.7413,-0.157428
508,0.0508,1,119352,11.1433,0.0704707
508,0.0508,2,119434,8.60111,0.285737
508,0.0508,TOTAL,119434,35.4857,0.19878
509,0.0509,0,119270,15.7514,-0.157472
509,0.0509,1,119352,11.2011,0.0719534
509,0.0509,2,119434,8.60682,0.285943
509,0.0509,TOTAL,119434,35.5593,0.200424
510,0.051,0,119270,15.7588,-0.156608
510,0.051,1,119352,11.2527,0.0740145
510,0.051,2,119434,8.61316,0.286252
510,0.051,TOTAL,119434,35.6246,0.203659
511,0.0511,0,119270,15.7756,-0.156253
511,0.0511,1,119352,11.3069,0.0772258
511,0.0511,2,119434,8.61944,0.286578
511,0.0511,TOTAL,119434,35.7019,0.20755
512,0.0512,0,119270,15.8101,-0.156606
512,0.0512,1,119352,11.3624,0.0802403
512,0.0512,2,119434,8.62675,0.286933
512,0.0512,TOTAL,119434,35.7992,0.210567
513,0.0513,0,119270,15.8494,-0.157046
513,0.0513,1,119352,11.4197,0.0823036
513,0.0513,2,119434,8.6347,0.287384
513,0.0513,TOTAL,119434,35.9038,0.212642
514,0.0514,0,119270,15.882,-0.157951
514,0.0514,1,119352,11.4731,0.0838559
514,0.0514,2,119434,8.64334,0.287893
514,0.0514,TOTAL,119434,35.9984,0.213798
515,0.0515,0,119270,15.8893,-0.159682
515,0.0515,1,119352,11.5227,0.0854789
515,0.0515,2,119434,8.6528,0.288453
515,0.0515,TOTAL,119434,36.0649,0.214249
516,0.0516,0,119270,15.9068,-0.160932
516,0.0516,1,119352,11.568,0.0872345
516,0.0516,2,119434,8.6636,0.289077
516,0.0516,TOTAL,119434,36.1383,0.215379
517,0.0517,0,119270,15.9387,-0.160375
517,0.0517,1,119352,11.6063,0.0892907
517,0.0517,2,119434,8.67525,0.289834
517,0.0517,TOTAL,119434,36.2202,0.218749
518,0.0518,0,119270,15.9753,-0.157692
518,0.0518,1,119352,11.6399,0.09168
518,0.0518,2,119434,8.68875,0.290632
518,0.0518,TOTAL,119434,36.304,0.224621
519,0.0519,0,119270,16.0298,-0.15431
519,0.0519,1,119352,11.6744,0.0940098
519,0.0519,2,119434,8.70376,0.291593
519,0.0519,TOTAL,119434,36.4079,0.231293
520,0.052,0,119270,16.1051,-0.149864
520,0.052,1,119352,11.7118,0.0943532
520,0.052,2,119434,8.72039,0.292761
520,0.052,TOTAL,119434,36.5372,0.23725
521,0.0521,0,119270,16.1834,-0.143783
521,0.0521,1,119352,11.7573,0.092602
521,0.0521,2,119434,8.73875,0.294135
521,0.0521,TOTAL,119434,36.6794,0.242954
522,0.0522,0,119270,16.262,-0.13777
522,0.0522,1,119352,11.799,0.0899492
522,0.0522,2,119434,8.75945,0.295776
522,0.0522,TOTAL,119434,36.8204,0.247956
523,0.0523,0,119270,16.3384,-0.1343
523,0.0523,1,119352,11.8354,0.0868607
523,0.0523,2,119434,8.78329,0.297666
523,0.0523,TOTAL,119434,36.9571,0.250226
524,0.0524,0,119270,16.4005,-0.134031
524,0.0524,1,119352,11.8692,0.0843659
524,0.0524,2,119434,8.80992,0.299841
524,0.0524,TOTAL,119434,37.0796,0.250176
525,0.0525,0,119270,16.4446,-0.136058
525,0.0525,1,119352,11.9055,0.0821981
525,0.0525,2,119434,8.84003,0.302292
525,0.0525,TOTAL,119434,37.1902,0.248431
526,0.0526,0,119270,16.475,-0.138407
526,0.0526,1,119352,11.9494,0.0803212
526,0.0526,2,119434,8.87473,0.304856
526,0.0526,TOTAL,119434,37.2991,0.24677
527,0.0527,0,119270,16.4888,-0.140377
527,0.0527,1,119352,11.999,0.0795398
527,0.0527,2,119434,8.91391,0.307478
527,0.0527,TOTAL,119434,37.4018,0.246641
528,0.0528,0,119270,16.4848,-0.143455
528,0.0528,1,119352,12.051,0.0799113
528,0.0528,2,119434,8.95552,0.309989
528,0.0528,TOTAL,119434,37.4913,0.246446
529,0.0529,0,119270,16.4739,-0.147139
529,0.0529,1,119352,12.1017,0.0816461
529,0.0529,2,119434,9.00086,0.314016
529,0.0529,TOTAL,119434,37.5764,0.248523
530,0.053,0,119270,16.4532,-0.150093
530,0.053,1,119352,12.1517,0.0844063
530,0.053,2,119434,9.05348,0.320707
530,0.053,TOTAL,119434,37.6584,0.25502
531,0.0531,0,119270,16.4256,-0.152501
531,0.0531,1,119352,12.1959,0.0886117
531,0.0531,2,119434,9.10391,0.332288
531,0.0531,TOTAL,119434,37.7254,0.268398
532,0.0532,0,119270,16.39,-0.15405
532,0.0532,1,119352,12.2314,0.0941968
532,0.0532,2,119434,9.12823,0.34169
532,0.0532,TOTAL,119434,37.7497,0.281837
533,0.0533,0,119270,16.3367,-0.15319
533,0.0533,1,119352,12.2565,0.100836
533,0.0533,2,119434,9.11389,0.347613
533,0.0533,TOTAL,119434,37.7071,0.295259
534,0.0534,0,119270,16.2779,-0.151379
534,0.0534,1,119352,12.2673,0.107717
534,0.0534,2,119434,9.06681,0.34343
534,0.0534,TOTAL,119434,37.612,0.299768
535,0.0535,0,119270,16.2261,-0.148735
535,0.0535,1,119352,12.2657,0.114153
535,0.0535,2,119434,9.01613,0.336265
535,0.0535,TOTAL,119434,37.5079,0.301683
536,0.0536,0,119270,16.192,-0.145392
536,0.0536,1,119352,12.2534,0.120048
536,0.0536,2,119434,8.97364,0.330072
536,0.0536,TOTAL,119434,37.4191,0.304729
537,0.0537,0,119270,16.166,-0.14189
537,0.0537,1,119352,12.231,0.125204
537,0.0537,2,119434,8.93887,0.324963
537,0.0537,TOTAL,119434,37.3359,0.308278
538,0.0538,0,119270,16.1566,-0.139178
538,0.0538,1,119352,12.1966,0.129509
538,0.0538,2,119434,8.90986,0.320702
538,0.0538,TOTAL,119434,37.263,0.311033
539,0.0539,0,119270,16.1652,-0.136708
539,0.0539,1,119352,12.1481,0.132863
539,0.0539,2,119434,8.88521,0.317095
539,0.0539,TOTAL,119434,37.1985,0.31325
540,0.054,0,119270,16.1878,-0.138238
540,0.054,1,119352,12.0849,0.135149
540,0.054,2,119434,8.86396,0.314013
540,0.054,TOTAL,119434,37.1367,0.310924
541,0.0541,0,119270,16.2311,-0.142394
541,0.0541,1,119352,12.0077,0.136333
541,0.0541,2,119434,8.84509,0.311349
541,0.0541,TOTAL,119434,37.0839,0.305289
542,0.0542,0,119270,16.2862,-0.147978
542,0.0542,1,119352,11.9197,0.136433
542,0.0542,2,119434,8.82834,0.309023
542,0.0542,TOTAL,119434,37.0343,0.297478
543,0.0543,0,119270,16.3408,-0.153274
543,0.0543,1,119352,11.8246,0.135571
543,0.0543,2,119434,8.81328,0.306968
543,0.0543,TOTAL,119434,36.9787,0.289266
544,0.0544,0,119270,16.4248,-0.159648
544,0.0544,1,119352,11.7255,0.133892
544,0.0544,2,119434,8.79959,0.30516
544,0.0544,TOTAL,119434,36.9498,0.279405
545,0.0545,0,119270,16.4981,-0.166934
545,0.0545,1,119352,11.6253,0.13156
545,0.0545,2,119434,8.78693,0.303529
545,0.0545,TOTAL,119434,36.9103,0.268155
546,0.0546,0,119270,16.5215,-0.171015
546,0.0546,1,119352,11.5263,0.128766
546,0.0546,2,119434,8.77534,0.30209
546,0.0546,TOTAL,119434,36.8232,0.259841
547,0.0547,0,119270,16.4636,-0.165504
547,0.0547,1,119352,11.428,0.12582
547,0.0547,2,119434,8.76453,0.300791
547,0.0547,TOTAL,119434,36.6562,0.261107
548,0.0548,0,119270,16.447,-0.156953
548,0.0548,1,119352,11.3318,0.123634
548,0.0548,2,119434,8.7545,0.299645
548,0.0548,TOTAL,119434,36.5333,0.266327
549,0.0549,0,119270,16.5117,-0.14677
549,0.0549,1,119352,11.2357,0.121046
549,0.0549,2,119434,8.74513,0.298631
549,0.0549,TOTAL,119434,36.4926,0.272907
550,0.055,0,119270,16.5632,-0.13889
550,0.055,1,119352,11.147,0.115372
550,0.055,2,119434,8.73624,0.297719
550,0.055,TOTAL,119434,36.4464,0.274201
551,0.0551,0,119270,16.6002,-0.135319
551,0.0551,1,119352,11.0727,0.107195
551,0.0551,2,119434,8.72782,0.296894
551,0.0551,TOTAL,119434,36.4007,0.268771
552,0.0552,0,119270,16.6427,-0.13653
552,0.0552,1,119352,11.0143,0.103025
552,0.0552,2,119434,8.71967,0.29615
552,0.0552,TOTAL,119434,36.3767,0.262646
553,0.0553,0,119270,16.6587,-0.141264
553,0.0553,1,119352,10.9793,0.0973965
553,0.0553,2,119434,8.71191,0.295482
553,0.0553,TOTAL,119434,36.3499,0.251614
554,0.0554,0,119270,16.6411,-0.146902
554,0.0554,1,119352,10.9982,0.0865041
554,0.0554,2,119434,8.70446,0.294896
554,0.0554,TOTAL,119434,36.3438,0.234498
555,0.0555,0,119270,16.6189,-0.152961
555,0.0555,1,119352,11.0399,0.0768923
555,0.0555,2,119434,8.697,0.294332
555,0.0555,TOTAL,119434,36.3559,0.218262
556,0.0556,0,119270,16.5922,-0.159082
556,0.0556,1,119352,11.0582,0.073602
556,0.0556,2,119434,8.68966,0.293785
556,0.0556,TOTAL,119434,36.3401,0.208305
557,0.0557,0,119270,16.5671,-0.164317
557,0.0557,1,119352,10.9985,0.0691707
557,0.0557,2,119434,8.68225,0.293197
557,0.0557,TOTAL,119434,36.2479,0.198051
558,0.0558,0,119270,16.5259,-0.168481
558,0.0558,1,119352,10.9396,0.070881
558,0.0558,2,119434,8.67502,0.292646
558,0.0558,TOTAL,119434,36.1405,0.195046
559,0.0559,0,119270,16.4503,-0.172413
559,0.0559,1,119352,10.8919,0.075679
559,0.0559,2,119434,8.66808,0.292138
559,0.0559,TOTAL,119434,36.0102,0.195404
560,0.056,0,119270,16.3756,-0.175781
560,0.056,1,119352,10.8925,0.0810253
560,0.056,2,119434,8.66136,0.291702
560,0.056,TOTAL,119434,35.9294,0.196946
561,0.0561,0,119270,16.3115,-0.178534
561,0.0561,1,119352,10.9087,0.0885883
561,0.0561,2,119434,8.65488,0.291348
561,0.0561,TOTAL,119434,35.875,0.201403
562,0.0562,0,119270,16.2559,-0.180567
562,0.0562,1,119352,10.9062,0.0936196
562,0.0562,2,119434,8.64843,0.291111
562,0.0562,TOTAL,119434,35.8105,0.204164
563,0.0563,0,119270,16.2065,-0.181561
563,0.0563,1,119352,10.9026,0.0969973
563,0.0563,2,119434,8.64171,0.290728
563,0.0563,TOTAL,119434,35.7509,0.206165
564,0.0564,0,119270,16.1622,-0.181641
564,0.0564,1,119352,10.9013,0.0997471
564,0.0564,2,119434,8.63504,0.290325
564,0.0564,TOTAL,119434,35.6985,0.208432
565,0.0565,0,119270,16.1222,-0.180893
565,0.0565,1,119352,10.9039,0.101983
565,0.0565,2,119434,8.62831,0.289919
565,0.0565,TOTAL,119434,35.6544,0.211009
566,0.0566,0,119270,16.0939,-0.179868
566,0.0566,1,119352,10.9099,0.103862
566,0.0566,2,119434,8.62191,0.28953
566,0.0566,TOTAL,119434,35.6258,0.213525
567,0.0567,0,119270,16.0706,-0.178833
567,0.0567,1,119352,10.9169,0.105515
567,0.0567,2,119434,8.61577,0.289142
567,0.0567,TOTAL,119434,35.6033,0.215825
568,0.0568,0,119270,16.0588,-0.178114
568,0.0568,1,119352,10.9228,0.107085
568,0.0568,2,119434,8.60949,0.288658
568,0.0568,TOTAL,119434,35.5911,0.217629
569,0.0569,0,119270,16.0614,-0.178077
569,0.0569,1,119352,10.9268,0.108709
569,0.0569,2,119434,8.60336,0.28819
569,0.0569,TOTAL,119434,35.5915,0.218823
570,0.057,0,119270,16.0721,-0.178725
570,0.057,1,119352,10.929,0.110144
570,0.057,2,119434,8.59746,0.287736
570,0.057,TOTAL,119434,35.5986,0.219155
571,0.0571,0,119270,16.0786,-0.179563
571,0.0571,1,119352,10.9327,0.109934
571,0.0571,2,119434,8.59165,0.287241
571,0.0571,TOTAL,119434,35.603,0.217612
572,0.0572,0,119270,16.0669,-0.180236
572,0.0572,1,119352,10.9481,0.107191
572,0.0572,2,119434,8.58624,0.286763
572,0.0572,TOTAL,119434,35.6013,0.213718
573,0.0573,0,119270,16.0431,-0.180537
573,0.0573,1,119352,10.9614,0.104973
573,0.0573,2,119434,8.58125,0.286297
573,0.0573,TOTAL,119434,35.5857,0.210733
574,0.0574,0,119270,16.0073,-0.180375
574,0.0574,1,119352,10.9602,0.103211
574,0.0574,2,119434,8.57681,0.285826
574,0.0574,TOTAL,119434,35.5443,0.208663
575,0.0575,0,119270,15.9627,-0.17958
575,0.0575,1,119352,10.9549,0.101072
575,0.0575,2,119434,8.5728,0.285354
575,0.0575,TOTAL,119434,35.4904,0.206847
576,0.0576,0,119270,15.9074,-0.178919
576,0.0576,1,119352,10.9524,0.0987946
576,0.0576,2,119434,8.5697,0.284961
576,0.0576,TOTAL,119434,35.4295,0.204836
577,0.0577,0,119270,15.8308,-0.176554
577,0.0577,1,119352,10.9539,0.0968909
577,0.0577,2,119434,8.56695,0.284573
577,0.0577,TOTAL,119434,35.3516,0.20491
578,0.0578,0,119270,15.7474,-0.173226
578,0.0578,1,119352,10.9563,0.0958478
578,0.0578,2,119434,8.56476,0.284209
578,0.0578,TOTAL,119434,35.2685,0.206831
579,0.0579,0,119270,15.6676,-0.169632
579,0.0579,1,119352,10.9575,0.0960524
579,0.0579,2,119434,8.56315,0.283908
579,0.0579,TOTAL,119434,35.1882,0.210328
580,0.058,0,119270,15.594,-0.165631
580,0.058,1,119352,10.9598,0.0970995
580,0.058,2,119434,8.56243,0.283666
580,0.058,TOTAL,119434,35.1163,0.215134
581,0.0581,0,119270,15.5279,-0.161417
581,0.0581,1,119352,10.9644,0.0984194
581,0.0581,2,119434,8.56253,0.28348
581,0.0581,TOTAL,119434,35.0549,0.220482
582,0.0582,0,119270,15.4723,-0.157098
582,0.0582,1,119352,10.97,0.0999647
582,0.0582,2,119434,8.56332,0.283361
582,0.0582,TOTAL,119434,35.0057,0.226228
583,0.0583,0,119270,15.4257,-0.153326
583,0.0583,1,119352,10.9754,0.101731
583,0.0583,2,119434,8.56478,0.283313
583,0.0583,TOTAL,119434,34.9659,0.231718
584,0.0584,0,119270,15.3891,-0.149849
584,0.0584,1,119352,10.9785,0.103163
584,0.0584,2,119434,8.56694,0.283328
584,0.0584,TOTAL,119434,34.9345,0.236642
585,0.0585,0,119270,15.3607,-0.146858
585,0.0585,1,119352,10.98,0.103643
585,0.0585,2,119434,8.57013,0.283433
585,0.0585,TOTAL,119434,34.9108,0.240218
586,0.0586,0,119270,15.3423,-0.144958
586,0.0586,1,119352,10.9808,0.103077
586,0.0586,2,119434,8.57387,0.283624
586,0.0586,TOTAL,119434,34.897,0.241743
587,0.0587,0,119270,15.3332,-0.14344
587,0.0587,1,119352,10.9806,0.101834
587,0.0587,2,119434,8.57809,0.283903
587,0.0587,TOTAL,119434,34.8919,0.242297
588,0.0588,0,119270,15.3381,-0.142983
588,0.0588,1,119352,10.9797,0.100307
588,0.0588,2,119434,8.58275,0.284262
588,0.0588,TOTAL,119434,34.9005,0.241585
589,0.0589,0,119270,15.3694,-0.141128
589,0.0589,1,119352,10.9775,0.0986153
589,0.0589,2,119434,8.58793,0.284724
589,0.0589,TOTAL,119434,34.9348,0.242211
590,0.059,0,119270,15.403,-0.142047
590,0.059,1,119352,10.9734,0.0968688
590,0.059,2,119434,8.59342,0.285263
590,0.059,TOTAL,119434,34.9698,0.240085
591,0.0591,0,119270,15.4396,-0.141577
591,0.0591,1,119352,10.9665,0.0952055
591,0.0591,2,119434,8.59933,0.285864
591,0.0591,TOTAL,119434,35.0055,0.239492
592,0.0592,0,119270,15.497,-0.142535
592,0.0592,1,119352,10.9566,0.0937606
592,0.0592,2,119434,8.60571,0.286526
592,0.0592,TOTAL,119434,35.0593,0.237752
593,0.0593,0,119270,15.5652,-0.145563
593,0.0593,1,119352,10.9419,0.0927044
593,0.0593,2,119434,8.61249,0.287278
593,0.0593,TOTAL,119434,35.1195,0.234419
594,0.0594,0,119270,15.6386,-0.149898
594,0.0594,1,119352,10.9207,0.0921607
594,0.0594,2,119434,8.61989,0.28808
594,0.0594,TOTAL,119434,35.1792,0.230343
595,0.0595,0,119270,15.6994,-0.154346
595,0.0595,1,119352,10.892,0.0923939
595,0.0595,2,119434,8.6279,0.288997
595,0.0595,TOTAL,119434,35.2193,0.227045
596,0.0596,0,119270,15.7302,-0.158201
596,0.0596,1,119352,10.8634,0.0935008
596,0.0596,2,119434,8.63667,0.290012
596,0.0596,TOTAL,119434,35.2303,0.225312
597,0.0597,0,119270,15.7378,-0.160665
597,0.0597,1,119352,10.8386,0.0938283
597,0.0597,2,119434,8.64653,0.291106
597,0.0597,TOTAL,119434,35.2229,0.22427
598,0.0598,0,119270,15.7385,-0.16127
598,0.0598,1,119352,10.7684,0.0911712
598,0.0598,2,119434,8.65779,0.292314
598,0.0598,TOTAL,119434,35.1647,0.222215
599,0.0599,0,119270,15.7465,-0.160631
599,0.0599,1,119352,10.7029,0.0915161
599,0.0599,2,119434,8.67138,0.293487
599,0.0599,TOTAL,119434,35.1208,0.224373
600,0.06,0,119270,15.76,-0.159859
600,0.06,1,119352,10.6637,0.0897957
600,0.06,2,119434,8.68721,0.294703
600,0.06,TOTAL,119434,35.1109,0.224639
601,0.0601,0,119270,15.7752,-0.159455
601,0.0601,1,119352,10.6431,0.088886
601,0.0601,2,119434,8.70488,0.295994
601,0.0601,TOTAL,119434,35.1232,0.225425
602,0.0602,0,119270,15.7929,-0.158441
602,0.0602,1,119352,10.616,0.0840074
602,0.0602,2,119434,8.72566,0.297511
602,0.0602,TOTAL,119434,35.1345,0.223077
603,0.0603,0,119270,15.8099,-0.156
603,0.0603,1,119352,10.6398,0.0798294
603,0.0603,2,119434,8.75031,0.299315
603,0.0603,TOTAL,119434,35.2,0.223144
604,0.0604,0,119270,15.834,-0.153847
604,0.0604,1,119352,10.6457,0.0775297
604,0.0604,2,119434,8.77901,0.301601
604,0.0604,TOTAL,119434,35.2588,0.225283
605,0.0605,0,119270,15.8695,-0.152509
605,0.0605,1,119352,10.6464,0.0700168
605,0.0605,2,119434,8.8105,0.30448
605,0.0605,TOTAL,119434,35.3265,0.221988
606,0.0606,0,119270,15.9199,-0.149887
606,0.0606,1,119352,10.6421,0.0682017
606,0.0606,2,119434,8.8456,0.30766
606,0.0606,TOTAL,119434,35.4076,0.225975
607,0.0607,0,119270,15.9723,-0.14712
607,0.0607,1,119352,10.6703,0.0648393
607,0.0607,2,119434,8.88589,0.311329
607,0.0607,TOTAL,119434,35.5285,0.229048
608,0.0608,0,119270,16.0171,-0.145101
608,0.0608,1,119352,10.7352,0.0625841
608,0.0608,2,119434,8.9321,0.316106
608,0.0608,TOTAL,119434,35.6844,0.233589
609,0.0609,0,119270,16.0786,-0.144087
609,0.0609,1,119352,10.8242,0.0624087
609,0.0609,2,119434,8.98369,0.321545
609,0.0609,TOTAL,119434,35.8865,0.239867
610,0.061,0,119270,16.1308,-0.143043
610,0.061,1,119352,10.9142,0.0646409
610,0.061,2,119434,9.03524,0.327257
610,0.061,TOTAL,119434,36.0802,0.248855
611,0.0611,0,119270,16.172,-0.14242
611,0.0611,1,119352,10.992,0.0680543
611,0.0611,2,119434,9.07727,0.334079
611,0.0611,TOTAL,119434,36.2413,0.259713
612,0.0612,0,119270,16.213,-0.142665
612,0.0612,1,119352,11.0745,0.0714531
612,0.0612,2,119434,9.09663,0.34027
612,0.0612,TOTAL,119434,36.3841,0.269058
613,0.0613,0,119270,16.2503,-0.143614
613,0.0613,1,119352,11.1369,0.0750938
613,0.0613,2,119434,9.08509,0.344692
613,0.0613,TOTAL,119434,36.4722,0.276172
614,0.0614,0,119270,16.2818,-0.145076
614,0.0614,1,119352,11.2052,0.078217
614,0.0614,2,119434,9.04634,0.342139
614,0.0614,TOTAL,119434,36.5334,0.27528
615,0.0615,0,119270,16.3067,-0.14671
615,0.0615,1,119352,11.2647,0.0817576
615,0.0615,2,119434,9.00311,0.336686
615,0.0615,TOTAL,119434,36.5745,0.271733
616,0.0616,0,119270,16.3188,-0.148146
616,0.0616,1,119352,11.3252,0.0851463
616,0.0616,2,119434,8.96559,0.331523
616,0.0616,TOTAL,119434,36.6096,0.268523
617,0.0617,0,119270,16.3269,-0.149818
617,0.0617,1,119352,11.3831,0.0886451
617,0.0617,2,119434,8.93425,0.327051
617,0.0617,TOTAL,119434,36.6442,0.265877
618,0.0618,0,119270,16.3302,-0.151748
618,0.0618,1,119352,11.4408,0.0922984
618,0.0618,2,119434,8.90804,0.323198
618,0.0618,TOTAL,119434,36.6791,0.263748
619,0.0619,0,119270,16.3319,-0.153505
619,0.0619,1,119352,11.4967,0.0960267
619,0.0619,2,119434,8.88588,0.319883
619,0.0619,TOTAL,119434,36.7144,0.262405
620,0.062,0,119270,16.3316,-0.154521
620,0.062,1,119352,11.5493,0.0996664
620,0.062,2,119434,8.86684,0.317007
620,0.062,TOTAL,119434,36.7477,0.262153
621,0.0621,0,119270,16.3398,-0.155431
621,0.0621,1,119352,11.5949,0.102819
621,0.0621,2,119434,8.85023,0.314479
621,0.0621,TOTAL,119434,36.7849,0.261867
622,0.0622,0,119270,16.3281,-0.15493
622,0.0622,1,119352,11.6328,0.104289
622,0.0622,2,119434,8.8353,0.31225
622,0.0622,TOTAL,119434,36.7962,0.26161
623,0.0623,0,119270,16.2968,-0.152854
623,0.0623,1,119352,11.6716,0.102573
623,0.0623,2,119434,8.82161,0.310264
623,0.0623,TOTAL,119434,36.79,0.259983
624,0.0624,0,119270,16.2578,-0.149927
624,0.0624,1,119352,11.6989,0.100369
624,0.0624,2,119434,8.80886,0.308468
624,0.0624,TOTAL,119434,36.7656,0.25891
625,0.0625,0,119270,16.2321,-0.146083
625,0.0625,1,119352,11.712,0.0977533
625,0.0625,2,119434,8.79694,0.30683
625,0.0625,TOTAL,119434,36.741,0.258501
626,0.0626,0,119270,16.2086,-0.141995
626,0.0626,1,119352,11.7237,0.0944917
626,0.0626,2,119434,8.78561,0.305333
626,0.0626,TOTAL,119434,36.7179,0.25783
627,0.0627,0,119270,16.2123,-0.137919
627,0.0627,1,119352,11.7389,0.0910056
627,0.0627,2,119434,8.77482,0.303949
627,0.0627,TOTAL,119434,36.726,0.257036
628,0.0628,0,119270,16.2505,-0.13468
628,0.0628,1,119352,11.7591,0.0876298
628,0.0628,2,119434,8.76453,0.302663
628,0.0628,TOTAL,119434,36.7741,0.255613
629,0.0629,0,119270,16.3096,-0.13283
629,0.0629,1,119352,11.785,0.0845688
629,0.0629,2,119434,8.75465,0.301468
629,0.0629,TOTAL,119434,36.8492,0.253207
630,0.063,0,119270,16.3934,-0.135629
630,0.063,1,119352,11.8176,0.0820789
630,0.063,2,119434,8.74516,0.300358
630,0.063,TOTAL,119434,36.9562,0.246808
631,0.0631,0,119270,16.5014,-0.14108
631,0.0631,1,119352,11.8571,0.0804647
631,0.0631,2,119434,8.736,0.299323
631,0.0631,TOTAL,119434,37.0945,0.238708
632,0.0632,0,119270,16.6274,-0.146574
632,0.0632,1,119352,11.9047,0.0798881
632,0.0632,2,119434,8.72715,0.298359
632,0.0632,TOTAL,119434,37.2593,0.231674
633,0.0633,0,119270,16.7524,-0.155284
633,0.0633,1,119352,11.9598,0.0804866
633,0.0633,2,119434,8.71859,0.297454
633,0.0633,TOTAL,119434,37.4308,0.222657
634,0.0634,0,119270,16.8711,-0.164218
634,0.0634,1,119352,12.0196,0.082343
634,0.0634,2,119434,8.71046,0.296626
634,0.0634,TOTAL,119434,37.6012,0.214751
635,0.0635,0,119270,16.9631,-0.172513
635,0.0635,1,119352,12.0798,0.0856885
635,0.0635,2,119434,8.70321,0.295938
635,0.0635,TOTAL,119434,37.746,0.209113
636,0.0636,0,119270,17.0068,-0.17655
636,0.0636,1,119352,12.1356,0.0905552
636,0.0636,2,119434,8.6956,0.295236
636,0.0636,TOTAL,119434,37.838,0.209242
637,0.0637,0,119270,17.0424,-0.173908
637,0.0637,1,119352,12.1816,0.0968391
637,0.0637,2,119434,8.68878,0.294754
637,0.0637,TOTAL,119434,37.9128,0.217685
638,0.0638,0,119270,17.081,-0.164715
638,0.0638,1,119352,12.2143,0.104009
638,0.0638,2,119434,8.68251,0.294329
638,0.0638,TOTAL,119434,37.9779,0.233623
639,0.0639,0,119270,17.1483,-0.15311
639,0.0639,1,119352,12.2322,0.111322
639,0.0639,2,119434,8.67648,0.293942
639,0.0639,TOTAL,119434,38.057,0.252154
640,0.064,0,119270,17.1881,-0.143754
640,0.064,1,119352,12.2353,0.118422
640,0.064,2,119434,8.67049,0.293623
640,0.064,TOTAL,119434,38.0939,0.268291
641,0.0641,0,119270,17.1744,-0.135495
641,0.0641,1,119352,12.2233,0.125032
641,0.0641,2,119434,8.66509,0.293355
641,0.0641,TOTAL,119434,38.0628,0.282892
642,0.0642,0,119270,17.1783,-0.129763
642,0.0642,1,119352,12.1946,0.130849
642,0.0642,2,119434,8.65956,0.293072
642,0.0642,TOTAL,119434,38.0324,0.294158
643,0.0643,0,119270,17.1912,-0.127504
643,0.0643,1,119352,12.1474,0.135511
643,0.0643,2,119434,8.65439,0.292809
643,0.0643,TOTAL,119434,37.9929,0.300815
644,0.0644,0,119270,17.1894,-0.130135
644,0.0644,1,119352,12.081,0.138924
644,0.0644,2,119434,8.64911,0.29265
644,0.0644,TOTAL,119434,37.9195,0.301439
645,0.0645,0,119270,17.1622,-0.136138
645,0.0645,1,119352,11.9971,0.141153
645,0.0645,2,119434,8.64437,0.292454
645,0.0645,TOTAL,119434,37.8037,0.29747
646,0.0646,0,119270,17.1054,-0.14409
646,0.0646,1,119352,11.8987,0.142391
646,0.0646,2,119434,8.63916,0.292204
646,0.0646,TOTAL,119434,37.6432,0.290505
647,0.0647,0,119270,17.0246,-0.151635
647,0.0647,1,119352,11.7893,0.142664
647,0.0647,2,119434,8.63451,0.292005
647,0.0647,TOTAL,119434,37.4485,0.283033
648,0.0648,0,119270,16.9285,-0.158318
648,0.0648,1,119352,11.673,0.14207
648,0.0648,2,119434,8.62954,0.291697
648,0.0648,TOTAL,119434,37.2311,0.275449
649,0.0649,0,119270,16.828,-0.163068
649,0.0649,1,119352,11.5538,0.140632
649,0.0649,2,119434,8.62458,0.291286
649,0.0649,TOTAL,119434,37.0064,0.26885
650,0.065,0,119270,16.729,-0.166167
650,0.065,1,119352,11.4357,0.138063
650,0.065,2,119434,8.61987,0.290855
650,0.065,TOTAL,119434,36.7845,0.26275
651,0.0651,0,119270,16.6349,-0.168377
651,0.0651,1,119352,11.3126,0.13317
651,0.0651,2,119434,8.61549,0.290457
651,0.0651,TOTAL,119434,36.563,0.25525
652,0.0652,0,119270,16.5422,-0.170357
652,0.0652,1,119352,11.1958,0.127223
652,0.0652,2,119434,8.61143,0.290053
652,0.0652,TOTAL,119434,36.3495,0.246919
653,0.0653,0,119270,16.4597,-0.172191
653,0.0653,1,119352,11.0942,0.118548
653,0.0653,2,119434,8.60773,0.289685
653,0.0653,TOTAL,119434,36.1617,0.236043
654,0.0654,0,119270,16.3848,-0.173589
654,0.0654,1,119352,11.0187,0.109929
654,0.0654,2,119434,8.60431,0.289313
654,0.0654,TOTAL,119434,36.0078,0.225653
655,0.0655,0,119270,16.3184,-0.17453
655,0.0655,1,119352,10.967,0.098992
655,0.0655,2,119434,8.6013,0.288967
655,0.0655,TOTAL,119434,35.8867,0.213429
656,0.0656,0,119270,16.2581,-0.175196
656,0.0656,1,119352,10.9421,0.0921834
656,0.0656,2,119434,8.59866,0.288655
656,0.0656,TOTAL,119434,35.7989,0.205643
657,0.0657,0,119270,16.201,-0.17624
657,0.0657,1,119352,10.9254,0.0881238
657,0.0657,2,119434,8.59638,0.288369
657,0.0657,TOTAL,119434,35.7228,0.200253
658,0.0658,0,119270,16.152,-0.177687
658,0.0658,1,119352,10.9201,0.0851021
658,0.0658,2,119434,8.59445,0.288096
658,0.0658,TOTAL,119434,35.6665,0.195511
659,0.0659,0,119270,16.1194,-0.179378
659,0.0659,1,119352,10.9034,0.0842865
659,0.0659,2,119434,8.59293,0.287877
659,0.0659,TOTAL,119434,35.6156,0.192785
660,0.066,0,119270,16.1029,-0.180892
660,0.066,1,119352,10.8911,0.0856723
660,0.066,2,119434,8.59173,0.28771
660,0.066,TOTAL,119434,35.5858,0.19249
661,0.0661,0,119270,16.0988,-0.181728
661,0.0661,1,119352,10.8948,0.0884963
661,0.0661,2,119434,8.59082,0.287566
661,0.0661,TOTAL,119434,35.5845,0.194334
662,0.0662,0,119270,16.0977,-0.181824
662,0.0662,1,119352,10.8895,0.0916394
662,0.0662,2,119434,8.5902,0.287464
662,0.0662,TOTAL,119434,35.5774,0.19728
663,0.0663,0,119270,16.0891,-0.181554
663,0.0663,1,119352,10.8794,0.0954894
663,0.0663,2,119434,8.58994,0.287428
663,0.0663,TOTAL,119434,35.5584,0.201364
664,0.0664,0,119270,16.0665,-0.180523
664,0.0664,1,119352,10.8771,0.0990816
664,0.0664,2,119434,8.59011,0.287456
664,0.0664,TOTAL,119434,35.5336,0.206015
665,0.0665,0,119270,16.0366,-0.179285
665,0.0665,1,119352,10.8747,0.102206
665,0.0665,2,119434,8.59061,0.287543
665,0.0665,TOTAL,119434,35.5019,0.210463
666,0.0666,0,119270,15.9863,-0.177974
666,0.0666,1,119352,10.8756,0.104771
666,0.0666,2,119434,8.59154,0.287693
666,0.0666,TOTAL,119434,35.4535,0.21449
667,0.0667,0,119270,15.9093,-0.175082
667,0.0667,1,119352,10.8767,0.106744
667,0.0667,2,119434,8.59285,0.287933
667,0.0667,TOTAL,119434,35.3788,0.219594
668,0.0668,0,119270,15.8254,-0.171637
668,0.0668,1,119352,10.8752,0.108207
668,0.0668,2,119434,8.59457,0.288272
668,0.0668,TOTAL,119434,35.2952,0.224842
669,0.0669,0,119270,15.7382,-0.167851
669,0.0669,1,119352,10.8712,0.109371
669,0.0669,2,119434,8.59657,0.28869
669,0.0669,TOTAL,119434,35.2061,0.23021
670,0.067,0,119270,15.6518,-0.163732
670,0.067,1,119352,10.8651,0.110382
670,0.067,2,119434,8.59915,0.289177
670,0.067,TOTAL,119434,35.1161,0.235828
671,0.0671,0,119270,15.5748,-0.159248
671,0.0671,1,119352,10.8573,0.111365
671,0.0671,2,119434,8.6022,0.289762
671,0.0671,TOTAL,119434,35.0343,0.241879
672,0.0672,0,119270,15.5116,-0.154848
672,0.0672,1,119352,10.8498,0.112215
672,0.0672,2,119434,8.606,0.29042
672,0.0672,TOTAL,119434,34.9674,0.247787
673,0.0673,0,119270,15.463,-0.150955
673,0.0673,1,119352,10.8444,0.112641
673,0.0673,2,119434,8.61056,0.29117
673,0.0673,TOTAL,119434,34.9179,0.252857
674,0.0674,0,119270,15.4303,-0.147233
674,0.0674,1,119352,10.8462,0.111353
674,0.0674,2,119434,8.61595,0.291997
674,0.0674,TOTAL,119434,34.8925,0.256117
675,0.0675,0,119270,15.4049,-0.144463
675,0.0675,1,119352,10.8576,0.108981
675,0.0675,2,119434,8.62234,0.292899
675,0.0675,TOTAL,119434,34.8849,0.257417
676,0.0676,0,119270,15.388,-0.142473
676,0.0676,1,119352,10.8691,0.106239
676,0.0676,2,119434,8.63002,0.293916
676,0.0676,TOTAL,119434,34.8871,0.257682
677,0.0677,0,119270,15.3791,-0.141317
677,0.0677,1,119352,10.8716,0.103705
677,0.0677,2,119434,8.63923,0.295081
677,0.0677,TOTAL,119434,34.89,0.257468
678,0.0678,0,119270,15.3931,-0.141118
678,0.0678,1,119352,10.8736,0.101096
678,0.0678,2,119434,8.6501,0.296395
678,0.0678,TOTAL,119434,34.9168,0.256374
679,0.0679,0,119270,15.4164,-0.139523
679,0.0679,1,119352,10.8794,0.0985882
679,0.0679,2,119434,8.66296,0.297874
679,0.0679,TOTAL,119434,34.9588,0.25694
680,0.068,0,119270,15.4728,-0.139454
680,0.068,1,119352,10.8891,0.0964536
680,0.068,2,119434,8.67812,0.299499
680,0.068,TOTAL,119434,35.0401,0.256498
681,0.0681,0,119270,15.5236,-0.141964
681,0.0681,1,119352,10.9011,0.09492
681,0.0681,2,119434,8.69578,0.301284
681,0.0681,TOTAL,119434,35.1205,0.25424
682,0.0682,0,119270,15.5748,-0.144348
682,0.0682,1,119352,10.9127,0.094089
682,0.0682,2,119434,8.71645,0.303167
682,0.0682,TOTAL,119434,35.2039,0.252909
683,0.0683,0,119270,15.6362,-0.148557
683,0.0683,1,119352,10.9229,0.0942522
683,0.0683,2,119434,8.74049,0.305221
683,0.0683,TOTAL,119434,35.2996,0.250917
684,0.0684,0,119270,15.6919,-0.153645
684,0.0684,1,119352,10.9336,0.0952416
684,0.0684,2,119434,8.76807,0.307516
684,0.0684,TOTAL,119434,35.3935,0.249113
685,0.0685,0,119270,15.7254,-0.157846
685,0.0685,1,119352,10.9455,0.0966948
685,0.0685,2,119434,8.79949,0.309922
685,0.0685,TOTAL,119434,35.4704,0.248772
686,0.0686,0,119270,15.7392,-0.160485
686,0.0686,1,119352,10.9568,0.0984226
686,0.0686,2,119434,8.83152,0.312088
686,0.0686,TOTAL,119434,35.5276,0.250025
687,0.0687,0,119270,15.7395,-0.162406
687,0.0687,1,119352,10.9662,0.100351
687,0.0687,2,119434,8.86911,0.315772
687,0.0687,TOTAL,119434,35.5748,0.253716
688,0.0688,0,119270,15.7328,-0.162894
688,0.0688,1,119352,10.9719,0.102136
688,0.0688,2,119434,8.91335,0.319967
688,0.0688,TOTAL,119434,35.618,0.25921
689,0.0689,0,119270,15.7261,-0.163008
689,0.0689,1,119352,10.9735,0.103135
689,0.0689,2,119434,8.96288,0.325347
689,0.0689,TOTAL,119434,35.6624,0.265474
690,0.069,0,119270,15.7173,-0.163108
690,0.069,1,119352,10.972,0.103126
690,0.069,2,119434,9.01417,0.330839
690,0.069,TOTAL,119434,35.7035,0.270857
691,0.0691,0,119270,15.7072,-0.162847
691,0.0691,1,119352,10.9696,0.102354
691,0.0691,2,119434,9.05261,0.335955
691,0.0691,TOTAL,119434,35.7294,0.275463
692,0.0692,0,119270,15.7021,-0.161043
692,0.0692,1,119352,10.9655,0.101168
692,0.0692,2,119434,9.0801,0.341592
692,0.0692,TOTAL,119434,35.7476,0.281717
693,0.0693,0,119270,15.6944,-0.157057
693,0.0693,1,119352,10.9602,0.099785
693,0.0693,2,119434,9.09519,0.349097
693,0.0693,TOTAL,119434,35.7498,0.291825
694,0.0694,0,119270,15.7286,-0.152175
694,0.0694,1,119352,10.955,0.0983254
694,0.0694,2,119434,9.08408,0.350052
694,0.0694,TOTAL,119434,35.7677,0.296203
695,0.0695,0,119270,15.7836,-0.154114
695,0.0695,1,119352,10.9486,0.096938
695,0.0695,2,119434,9.04932,0.345277
695,0.0695,TOTAL,119434,35.7814,0.288101
696,0.0696,0,119270,15.8292,-0.151813
696,0.0696,1,119352,10.941,0.0956267
696,0.0696,2,119434,9.01088,0.339759
696,0.0696,TOTAL,119434,35.7811,0.283573
697,0.0697,0,119270,15.9046,-0.148646
697,0.0697,1,119352,10.9319,0.0943947
697,0.0697,2,119434,8.97471,0.334568
697,0.0697,TOTAL,119434,35.8112,0.280317
698,0.0698,0,119270,15.9967,-0.146093
698,0.0698,1,119352,10.9199,0.0932145
698,0.0698,2,119434,8.94224,0.329889
698,0.0698,TOTAL,119434,35.8589,0.27701
699,0.0699,0,119270,16.0951,-0.142979
699,0.0699,1,119352,10.9025,0.0920768
699,0.0699,2,119434,8.91375,0.325779
699,0.0699,TOTAL,119434,35.9113,0.274877
700,0.07,0,119270,16.1731,-0.137799
700,0.07,1,119352,10.8777,0.0909876
700,0.07,2,119434,8.88897,0.322185
700,0.07,TOTAL,119434,35.9398,0.275374
701,0.0701,0,119270,16.2396,-0.136108
701,0.0701,1,119352,10.8462,0.0900069
701,0.0701,2,119434,8.86738,0.319049
701,0.0701,TOTAL,119434,35.9531,0.272947
702,0.0702,0,119270,16.2899,-0.138543
702,0.0702,1,119352,10.8122,0.0892569
702,0.0702,2,119434,8.84846,0.316297
702,0.0702,TOTAL,119434,35.9506,0.267012
703,0.0703,0,119270,16.3214,-0.141155
703,0.0703,1,119352,10.78,0.0884833
703,0.0703,2,119434,8.83174,0.313869
703,0.0703,TOTAL,119434,35.9332,0.261198
704,0.0704,0,119270,16.3429,-0.143436
704,0.0704,1,119352,10.7528,0.0873184
704,0.0704,2,119434,8.81685,0.311709
704,0.0704,TOTAL,119434,35.9126,0.255591
705,0.0705,0,119270,16.355,-0.145468
705,0.0705,1,119352,10.733,0.0856164
705,0.0705,2,119434,8.80346,0.30978
705,0.0705,TOTAL,119434,35.8915,0.249928
706,0.0706,0,119270,16.3616,-0.147164
706,0.0706,1,119352,10.7226,0.0811364
706,0.0706,2,119434,8.79128,0.30804
706,0.0706,TOTAL,119434,35.8755,0.242012
707,0.0707,0,119270,16.369,-0.149086
707,0.0707,1,119352,10.6603,0.0720324
707,0.0707,2,119434,8.78014,0.306474
707,0.0707,TOTAL,119434,35.8094,0.229421
708,0.0708,0,119270,16.3695,-0.151365
708,0.0708,1,119352,10.6488,0.0713152
708,0.0708,2,119434,8.76986,0.305053
708,0.0708,TOTAL,119434,35.7881,0.225004
709,0.0709,0,119270,16.3578,-0.152927
709,0.0709,1,119352,10.6826,0.0707265
709,0.0709,2,119434,8.76029,0.303776
709,0.0709,TOTAL,119434,35.8006,0.221575
710,0.071,0,119270,16.3433,-0.154112
710,0.071,1,119352,10.7269,0.0710885
710,0.071,2,119434,8.7513,0.302597
710,0.071,TOTAL,119434,35.8215,0.219573
711,0.0711,0,119270,16.3256,-0.15556
711,0.0711,1,119352,10.7731,0.072463
711,0.0711,2,119434,8.74284,0.301517
711,0.0711,TOTAL,119434,35.8416,0.21842
712,0.0712,0,119270,16.2871,-0.155034
712,0.0712,1,119352,10.824,0.0745159
712,0.0712,2,119434,8.73478,0.300521
712,0.0712,TOTAL,119434,35.8458,0.220003
713,0.0713,0,119270,16.2316,-0.153146
713,0.0713,1,119352,10.8788,0.0767975
713,0.0713,2,119434,8.72704,0.299606
713,0.0713,TOTAL,119434,35.8374,0.223257
714,0.0714,0,119270,16.1744,-0.150369
714,0.0714,1,119352,10.9429,0.0792144
714,0.0714,2,119434,8.71955,0.298762
714,0.0714,TOTAL,119434,35.8368,0.227607
715,0.0715,0,119270,16.1369,-0.146855
715,0.0715,1,119352,11.0045,0.0816527
715,0.0715,2,119434,8.7123,0.297981
715,0.0715,TOTAL,119434,35.8537,0.232779
716,0.0716,0,119270,16.1307,-0.14304
716,0.0716,1,119352,11.0698,0.0842766
716,0.0716,2,119434,8.70535,0.297265
716,0.0716,TOTAL,119434,35.9059,0.238501
717,0.0717,0,119270,16.1403,-0.139658
717,0.0717,1,119352,11.134,0.0867964
717,0.0717,2,119434,8.6985,0.296595
717,0.0717,TOTAL,119434,35.9728,0.243734
718,0.0718,0,119270,16.1753,-0.137314
718,0.0718,1,119352,11.1998,0.0893751
718,0.0718,2,119434,8.69183,0.295972
718,0.0718,TOTAL,119434,36.067,0.248032
719,0.0719,0,119270,16.2384,-0.136382
719,0.0719,1,119352,11.2668,0.0917046
719,0.0719,2,119434,8.68531,0.295395
719,0.0719,TOTAL,119434,36.1905,0.250718
720,0.072,0,119270,16.2988,-0.139603
720,0.072,1,119352,11.3308,0.0940031
720,0.072,2,119434,8.67881,0.294832
720,0.072,TOTAL,119434,36.3083,0.249233
721,0.0721,0,119270,16.3736,-0.144546
721,0.0721,1,119352,11.392,0.0962772
721,0.0721,2,119434,8.67244,0.294308
721,0.0721,TOTAL,119434,36.4381,0.24604
722,0.0722,0,119270,16.4204,-0.151969
722,0.0722,1,119352,11.4513,0.0983341
722,0.0722,2,119434,8.66627,0.29389
722,0.0722,TOTAL,119434,36.538,0.240255
723,0.0723,0,119270,16.4748,-0.15803
723,0.0723,1,119352,11.5057,0.0999251
723,0.0723,2,119434,8.66023,0.293496
723,0.0723,TOTAL,119434,36.6406,0.235391
724,0.0724,0,119270,16.5134,-0.165238
724,0.0724,1,119352,11.5526,0.101124
724,0.0724,2,119434,8.65425,0.293128
724,0.0724,TOTAL,119434,36.7202,0.229015
725,0.0725,0,119270,16.5075,-0.173788
725,0.0725,1,119352,11.5923,0.102399
725,0.0725,2,119434,8.64839,0.292804
725,0.0725,TOTAL,119434,36.7482,0.221415
726,0.0726,0,119270,16.4804,-0.176242
726,0.0726,1,119352,11.6277,0.103258
726,0.0726,2,119434,8.64261,0.292492
726,0.0726,TOTAL,119434,36.7507,0.219508
727,0.0727,0,119270,16.4507,-0.172843
727,0.0727,1,119352,11.661,0.102625
727,0.0727,2,119434,8.63696,0.29225
727,0.0727,TOTAL,119434,36.7487,0.222032
728,0.0728,0,119270,16.4022,-0.163603
728,0.0728,1,119352,11.6846,0.101634
728,0.0728,2,119434,8.6315,0.292017
728,0.0728,TOTAL,119434,36.7183,0.230048
729,0.0729,0,119270,16.3611,-0.151882
729,0.0729,1,119352,11.7005,0.0996727
729,0.0729,2,119434,8.62614,0.291823
729,0.0729,TOTAL,119434,36.6877,0.239613
730,0.073,0,119270,16.3546,-0.142273
730,0.073,1,119352,11.7143,0.0970201
730,0.073,2,119434,8.62085,0.291636
730,0.073,TOTAL,119434,36.6897,0.246383
731,0.0731,0,119270,16.3805,-0.134952
731,0.0731,1,119352,11.7309,0.0938121
731,0.0731,2,119434,8.61572,0.29148
731,0.0731,TOTAL,119434,36.7272,0.250339
732,0.0732,0,119270,16.4356,-0.132951
732,0.0732,1,119352,11.7515,0.0905346
732,0.0732,2,119434,8.61068,0.291316
732,0.0732,TOTAL,119434,36.7979,0.2489
733,0.0733,0,119270,16.5131,-0.136293
733,0.0733,1,119352,11.7766,0.0874081
733,0.0733,2,119434,8.60587,0.291195
733,0.0733,TOTAL,119434,36.8955,0.24231
734,0.0734,0,119270,16.5489,-0.145132
734,0.0734,1,119352,11.808,0.0847753
734,0.0734,2,119434,8.60146,0.291111
734,0.0734,TOTAL,119434,36.9583,0.230753
735,0.0735,0,119270,16.5596,-0.151082
735,0.0735,1,119352,11.8457,0.0828839
735,0.0735,2,119434,8.5974,0.291045
735,0.0735,TOTAL,119434,37.0027,0.222847
736,0.0736,0,119270,16.5661,-0.156083
736,0.0736,1,119352,11.889,0.0819821
736,0.0736,2,119434,8.59358,0.290945
736,0.0736,TOTAL,119434,37.0487,0.216844
737,0.0737,0,119270,16.5374,-0.161111
737,0.0737,1,119352,11.9396,0.0821
737,0.0737,2,119434,8.59032,0.290721
737,0.0737,TOTAL,119434,37.0673,0.211711
738,0.0738,0,119270,16.4909,-0.165821
738,0.0738,1,119352,11.996,0.0834053
738,0.0738,2,119434,8.5875,0.290451
738,0.0738,TOTAL,119434,37.0744,0.208035
739,0.0739,0,119270,16.453,-0.169258
739,0.0739,1,119352,12.0524,0.0861154
739,0.0739,2,119434,8.58529,0.290202
739,0.0739,TOTAL,119434,37.0907,0.20706
740,0.074,0,119270,16.3989,-0.171877
740,0.074,1,119352,12.1065,0.090212
740,0.074,2,119434,8.58348,0.289966
740,0.074,TOTAL,119434,37.0889,0.208301
741,0.0741,0,119270,16.3418,-0.173512
741,0.0741,1,119352,12.1541,0.095711
741,0.0741,2,119434,8.58206,0.289782
741,0.0741,TOTAL,119434,37.0779,0.211981
742,0.0742,0,119270,16.2823,-0.174397
742,0.0742,1,119352,12.1921,0.102447
742,0.0742,2,119434,8.58104,0.28959
742,0.0742,TOTAL,119434,37.0554,0.217641
743,0.0743,0,119270,16.2347,-0.174511
743,0.0743,1,119352,12.2135,0.109692
743,0.0743,2,119434,8.58051,0.289483
743,0.0743,TOTAL,119434,37.0287,0.224664
744,0.0744,0,119270,16.1848,-0.174684
744,0.0744,1,119352,12.2196,0.116836
744,0.0744,2,119434,8.58034,0.289405
744,0.0744,TOTAL,119434,36.9848,0.231558
745,0.0745,0,119270,16.1386,-0.175736
745,0.0745,1,119352,12.2104,0.123453
745,0.0745,2,119434,8.58056,0.289382
745,0.0745,TOTAL,119434,36.9295,0.237099
746,0.0746,0,119270,16.1025,-0.176898
746,0.0746,1,119352,12.1852,0.129325
746,0.0746,2,119434,8.58114,0.289409
746,0.0746,TOTAL,119434,36.8689,0.241836
747,0.0747,0,119270,16.0817,-0.176095
747,0.0747,1,119352,12.1424,0.134179
747,0.0747,2,119434,8.58213,0.28953
747,0.0747,TOTAL,119434,36.8063,0.247614
748,0.0748,0,119270,16.0824,-0.177243
748,0.0748,1,119352,12.0813,0.137775
748,0.0748,2,119434,8.58357,0.289721
748,0.0748,TOTAL,119434,36.7473,0.250253
749,0.0749,0,119270,16.0778,-0.178856
749,0.0749,1,119352,12.003,0.140014
749,0.0749,2,119434,8.58553,0.290002
749,0.0749,TOTAL,119434,36.6664,0.251161
750,0.075,0,119270,16.0622,-0.179726
750,0.075,1,119352,11.9114,0.140908
750,0.075,2,119434,8.58796,0.290377
750,0.075,TOTAL,119434,36.5615,0.251559
751,0.0751,0,119270,16.0429,-0.180221
751,0.0751,1,119352,11.8121,0.14045
751,0.0751,2,119434,8.59096,0.290835
751,0.0751,TOTAL,119434,36.446,0.251064
752,0.0752,0,119270,16.0079,-0.180819
752,0.0752,1,119352,11.7141,0.138539
752,0.0752,2,119434,8.59463,0.291428
752,0.0752,TOTAL,119434,36.3166,0.249149
753,0.0753,0,119270,15.9722,-0.181482
753,0.0753,1,119352,11.6154,0.133798
753,0.0753,2,119434,8.5988,0.292111
753,0.0753,TOTAL,119434,36.1864,0.244427
754,0.0754,0,119270,15.9371,-0.181238
754,0.0754,1,119352,11.4909,0.127901
754,0.0754,2,119434,8.60385,0.292895
754,0.0754,TOTAL,119434,36.0319,0.239558
755,0.0755,0,119270,15.9109,-0.180664
755,0.0755,1,119352,11.3973,0.123327
755,0.0755,2,119434,8.60975,0.293805
755,0.0755,TOTAL,119434,35.918,0.236469
756,0.0756,0,119270,15.8654,-0.178308
756,0.0756,1,119352,11.2867,0.118818
756,0.0756,2,119434,8.6166,0.294847
756,0.0756,TOTAL,119434,35.7687,0.235356
757,0.0757,0,119270,15.7986,-0.175057
757,0.0757,1,119352,11.1913,0.115325
757,0.0757,2,119434,8.62446,0.296006
757,0.0757,TOTAL,119434,35.6143,0.236274
758,0.0758,0,119270,15.7287,-0.171655
758,0.0758,1,119352,11.1215,0.109877
758,0.0758,2,119434,8.63361,0.29727
758,0.0758,TOTAL,119434,35.4838,0.235492
759,0.0759,0,119270,15.6641,-0.167854
759,0.0759,1,119352,11.0644,0.098337
759,0.0759,2,119434,8.64389,0.298653
759,0.0759,TOTAL,119434,35.3724,0.229136
760,0.076,0,119270,15.6011,-0.163845
760,0.076,1,119352,10.9968,0.0918986
760,0.076,2,119434,8.65554,0.300129
760,0.076,TOTAL,119434,35.2535,0.228183
761,0.0761,0,119270,15.5404,-0.15937
761,0.0761,1,119352,10.9775,0.0895857
761,0.0761,2,119434,8.66867,0.301658
761,0.0761,TOTAL,119434,35.1865,0.231874
762,0.0762,0,119270,15.4839,-0.155088
762,0.0762,1,119352,10.9706,0.0896368
762,0.0762,2,119434,8.68318,0.303257
762,0.0762,TOTAL,119434,35.1376,0.237806
763,0.0763,0,119270,15.4375,-0.151309
763,0.0763,1,119352,10.9629,0.0905218
763,0.0763,2,119434,8.6992,0.304865
763,0.0763,TOTAL,119434,35.0996,0.244079
764,0.0764,0,119270,15.4029,-0.147769
764,0.0764,1,119352,10.9518,0.0913208
764,0.0764,2,119434,8.71707,0.306544
764,0.0764,TOTAL,119434,35.0718,0.250095
765,0.0765,0,119270,15.3775,-0.145386
765,0.0765,1,119352,10.932,0.093116
765,0.0765,2,119434,8.73697,0.308275
765,0.0765,TOTAL,119434,35.0465,0.256005
766,0.0766,0,119270,15.3647,-0.144053
766,0.0766,1,119352,10.9075,0.0945769
766,0.0766,2,119434,8.75942,0.310136
766,0.0766,TOTAL,119434,35.0316,0.260659
767,0.0767,0,119270,15.3637,-0.14255
767,0.0767,1,119352,10.8877,0.0970896
767,0.0767,2,119434,8.78511,0.312216
767,0.0767,TOTAL,119434,35.0364,0.266756
768,0.0768,0,119270,15.3753,-0.142734
768,0.0768,1,119352,10.8863,0.101893
768,0.0768,2,119434,8.81468,0.314636
768,0.0768,TOTAL,119434,35.0763,0.273795
769,0.0769,0,119270,15.4045,-0.14137
769,0.0769,1,119352,10.888,0.105325
769,0.0769,2,119434,8.84619,0.31723
769,0.0769,TOTAL,119434,35.1387,0.281185
770,0.077,0,119270,15.4465,-0.142657
770,0.077,1,119352,10.8845,0.107056
770,0.077,2,119434,8.87784,0.321177
770,0.077,TOTAL,119434,35.2088,0.285576
771,0.0771,0,119270,15.5041,-0.143937
771,0.0771,1,119352,10.8817,0.108533
771,0.0771,2,119434,8.91831,0.328928
771,0.0771,TOTAL,119434,35.3041,0.293524
772,0.0772,0,119270,15.5755,-0.147031
772,0.0772,1,119352,10.8798,0.109783
772,0.0772,2,119434,8.96121,0.33698
772,0.0772,TOTAL,119434,35.4164,0.299733
773,0.0773,0,119270,15.643,-0.151947
773,0.0773,1,119352,10.8778,0.110965
773,0.0773,2,119434,8.99972,0.342946
773,0.0773,TOTAL,119434,35.5205,0.301964
774,0.0774,0,119270,15.695,-0.156686
774,0.0774,1,119352,10.8764,0.112315
774,0.0774,2,119434,9.00984,0.344601
774,0.0774,TOTAL,119434,35.5811,0.30023
775,0.0775,0,119270,15.7226,-0.160605
775,0.0775,1,119352,10.8771,0.114019
775,0.0775,2,119434,8.99633,0.34256
775,0.0775,TOTAL,119434,35.596,0.295974
776,0.0776,0,119270,15.7197,-0.162545
776,0.0776,1,119352,10.8808,0.116053
776,0.0776,2,119434,8.97303,0.338911
776,0.0776,TOTAL,119434,35.5735,0.292418
777,0.0777,0,119270,15.711,-0.162001
777,0.0777,1,119352,10.8881,0.117976
777,0.0777,2,119434,8.94834,0.33493
777,0.0777,TOTAL,119434,35.5474,0.290905
778,0.0778,0,119270,15.7142,-0.160382
778,0.0778,1,119352,10.9002,0.119213
778,0.0778,2,119434,8.92641,0.331199
778,0.0778,TOTAL,119434,35.5408,0.29003
779,0.0779,0,119270,15.7254,-0.159088
779,0.0779,1,119352,10.9121,0.118457
779,0.0779,2,119434,8.90719,0.327813
779,0.0779,TOTAL,119434,35.5446,0.287182
780,0.078,0,119270,15.7414,-0.158785
780,0.078,1,119352,10.9229,0.115208
780,0.078,2,119434,8.88947,0.324702
780,0.078,TOTAL,119434,35.5537,0.281125
781,0.0781,0,119270,15.7648,-0.158716
781,0.0781,1,119352,10.921,0.111428
781,0.0781,2,119434,8.87266,0.321834
781,0.0781,TOTAL,119434,35.5585,0.274546
782,0.0782,0,119270,15.7916,-0.158003
782,0.0782,1,119352,10.912,0.107474
782,0.0782,2,119434,8.85674,0.319195
782,0.0782,TOTAL,119434,35.5603,0.268666
783,0.0783,0,119270,15.813,-0.156804
783,0.0783,1,119352,10.9066,0.104146
783,0.0783,2,119434,8.84171,0.31678
783,0.0783,TOTAL,119434,35.5613,0.264122
784,0.0784,0,119270,15.8336,-0.155574
784,0.0784,1,119352,10.9049,0.101677
784,0.0784,2,119434,8.82748,0.314623
784,0.0784,TOTAL,119434,35.566,0.260726
785,0.0785,0,119270,15.8589,-0.153681
785,0.0785,1,119352,10.9077,0.100014
785,0.0785,2,119434,8.81409,0.312655
785,0.0785,TOTAL,119434,35.5808,0.258988
786,0.0786,0,119270,15.8802,-0.151089
786,0.0786,1,119352,10.9126,0.0988629
786,0.0786,2,119434,8.80152,0.310862
786,0.0786,TOTAL,119434,35.5943,0.258636
787,0.0787,0,119270,15.9077,-0.148843
787,0.0787,1,119352,10.9166,0.0982831
787,0.0787,2,119434,8.78969,0.309222
787,0.0787,TOTAL,119434,35.614,0.258662
788,0.0788,0,119270,15.9478,-0.147397
788,0.0788,1,119352,10.9199,0.0986692
788,0.0788,2,119434,8.77853,0.307726
788,0.0788,TOTAL,119434,35.6462,0.258999
789,0.0789,0,119270,15.9899,-0.146077
789,0.0789,1,119352,10.9249,0.0998733
789,0.0789,2,119434,8.76798,0.306367
789,0.0789,TOTAL,119434,35.6828,0.260163
790,0.079,0,119270,16.0376,-0.144694
790,0.079,1,119352,10.9315,0.101403
790,0.079,2,119434,8.75807,0.305099
790,0.079,TOTAL,119434,35.7272,0.261809
791,0.0791,0,119270,16.088,-0.144087
791,0.0791,1,119352,10.9373,0.103099
791,0.0791,2,119434,8.74864,0.303945
791,0.0791,TOTAL,119434,35.7739,0.262957
792,0.0792,0,119270,16.131,-0.14426
792,0.0792,1,119352,10.941,0.104774
792,0.0792,2,119434,8.73964,0.30287
792,0.0792,TOTAL,119434,35.8116,0.263383
793,0.0793,0,119270,16.1668,-0.145291
793,0.0793,1,119352,10.942,0.105999
793,0.0793,2,119434,8.73105,0.301878
793,0.0793,TOTAL,119434,35.8398,0.262586
794,0.0794,0,119270,16.1994,-0.146578
794,0.0794,1,119352,10.9408,0.106435
794,0.0794,2,119434,8.72276,0.300945
794,0.0794,TOTAL,119434,35.8629,0.260801
795,0.0795,0,119270,16.2296,-0.147687
795,0.0795,1,119352,10.9387,0.10607
795,0.0795,2,119434,8.71481,0.300078
795,0.0795,TOTAL,119434,35.8831,0.258461
796,0.0796,0,119270,16.2583,-0.148797
796,0.0796,1,119352,10.9361,0.105145
796,0.0796,2,119434,8.70716,0.299271
796,0.0796,TOTAL,119434,35.9016,0.255619
797,0.0797,0,119270,16.2837,-0.150304
797,0.0797,1,119352,10.9328,0.103909
797,0.0797,2,119434,8.69974,0.298505
797,0.0797,TOTAL,119434,35.9162,0.25211
798,0.0798,0,119270,16.2986,-0.152109
798,0.0798,1,119352,10.9292,0.102563
798,0.0798,2,119434,8.6926,0.297795
798,0.0798,TOTAL,119434,35.9204,0.248249
799,0.0799,0,119270,16.2973,-0.153316
799,0.0799,1,119352,10.9254,0.101256
799,0.0799,2,119434,8.68576,0.297131
799,0.0799,TOTAL,119434,35.9084,0.24507
800,0.08,0,119270,16.289,-0.15447
800,0.08,1,119352,10.9208,0.100041
800,0.08,2,119434,8.67913,0.296508
800,0.08,TOTAL,119434,35.8889,0.242079
801,0.0801,0,119270,16.2648,-0.15523
801,0.0801,1,119352,10.9152,0.0988864
801,0.0801,2,119434,8.67269,0.295909
801,0.0801,TOTAL,119434,35.8527,0.239566
802,0.0802,0,119270,16.2219,-0.153668
802,0.0802,1,119352,10.9072,0.0976955
802,0.0802,2,119434,8.66642,0.295343
802,0.0802,TOTAL,119434,35.7956,0.239371
803,0.0803,0,119270,16.1746,-0.151267
803,0.0803,1,119352,10.8945,0.0963615
803,0.0803,2,119434,8.66034,0.294791
803,0.0803,TOTAL,119434,35.7294,0.239886
804,0.0804,0,119270,16.1236,-0.147766
804,0.0804,1,119352,10.874,0.0948727
804,0.0804,2,119434,8.65449,0.294286
804,0.0804,TOTAL,119434,35.652,0.241393
805,0.0805,0,119270,16.0887,-0.143627
805,0.0805,1,119352,10.845,0.0932371
805,0.0805,2,119434,8.64886,0.293804
805,0.0805,TOTAL,119434,35.5826,0.243414
806,0.0806,0,119270,16.0809,-0.139079
806,0.0806,1,119352,10.8073,0.0914361
806,0.0806,2,119434,8.6434,0.293348
806,0.0806,TOTAL,119434,35.5316,0.245705
807,0.0807,0,119270,16.1062,-0.135621
807,0.0807,1,119352,10.7636,0.0896672
807,0.0807,2,119434,8.63818,0.292924
807,0.0807,TOTAL,119434,35.508,0.246971
808,0.0808,0,119270,16.1592,-0.133725
808,0.0808,1,119352,10.7225,0.0878043
808,0.0808,2,119434,8.63323,0.292515
808,0.0808,TOTAL,119434,35.5149,0.246594
809,0.0809,0,119270,16.2358,-0.133266
809,0.0809,1,119352,10.6915,0.0852931
809,0.0809,2,119434,8.62843,0.292139
809,0.0809,TOTAL,119434,35.5557,0.244167
810,0.081,0,119270,16.3317,-0.135967
810,0.081,1,119352,10.6801,0.0828201
810,0.081,2,119434,8.62389,0.291765
810,0.081,TOTAL,119434,35.6357,0.238619
811,0.0811,0,119270,16.4438,-0.142436
811,0.0811,1,119352,10.6723,0.0803416
811,0.0811,2,119434,8.61926,0.291406
811,0.0811,TOTAL,119434,35.7354,0.229311
812,0.0812,0,119270,16.5695,-0.150441
812,0.0812,1,119352,10.6647,0.075842
812,0.0812,2,119434,8.61445,0.291123
812,0.0812,TOTAL,119434,35.8486,0.216524
813,0.0813,0,119270,16.7079,-0.1589
813,0.0813,1,119352,10.7167,0.0731522
813,0.0813,2,119434,8.60972,0.290879
813,0.0813,TOTAL,119434,36.0343,0.205131
814,0.0814,0,119270,16.8366,-0.169791
814,0.0814,1,119352,10.7571,0.0728698
814,0.0814,2,119434,8.60525,0.290675
814,0.0814,TOTAL,119434,36.199,0.193754
815,0.0815,0,119270,16.9086,-0.180696
815,0.0815,1,119352,10.801,0.073236
815,0.0815,2,119434,8.60105,0.290481
815,0.0815,TOTAL,119434,36.3106,0.183021
816,0.0816,0,119270,16.8964,-0.182966
816,0.0816,1,119352,10.8435,0.0744527
816,0.0816,2,119434,8.59696,0.290316
816,0.0816,TOTAL,119434,36.3368,0.181803
817,0.0817,0,119270,16.8531,-0.177294
817,0.0817,1,119352,10.8978,0.0756868
817,0.0817,2,119434,8.59318,0.290179
817,0.0817,TOTAL,119434,36.344,0.188572
818,0.0818,0,119270,16.8364,-0.169098
818,0.0818,1,119352,10.9558,0.0775514
818,0.0818,2,119434,8.58971,0.290054
818,0.0818,TOTAL,119434,36.3819,0.198507
819,0.0819,0,119270,16.8763,-0.159902
819,0.0819,1,119352,11.0133,0.079827
819,0.0819,2,119434,8.58647,0.289982
819,0.0819,TOTAL,119434,36.4761,0.209907
820,0.082,0,119270,16.9483,-0.152483
820,0.082,1,119352,11.0692,0.0819343
820,0.082,2,119434,8.58382,0.289908
820,0.082,TOTAL,119434,36.6013,0.219359
821,0.0821,0,119270,17.0543,-0.148697
821,0.0821,1,119352,11.1267,0.0840111
821,0.0821,2,119434,8.58143,0.289896
821,0.0821,TOTAL,119434,36.7624,0.22521
822,0.0822,0,119270,17.1313,-0.14781
822,0.0822,1,119352,11.186,0.0861103
822,0.0822,2,119434,8.57921,0.289991
822,0.0822,TOTAL,119434,36.8965,0.228291
823,0.0823,0,119270,17.1878,-0.148272
823,0.0823,1,119352,11.2471,0.0879164
823,0.0823,2,119434,8.5777,0.29008
823,0.0823,TOTAL,119434,37.0126,0.229725
824,0.0824,0,119270,17.2093,-0.149901
824,0.0824,1,119352,11.3055,0.0894696
824,0.0824,2,119434,8.57652,0.290215
824,0.0824,TOTAL,119434,37.0913,0.229784
825,0.0825,0,119270,17.2342,-0.154558
825,0.0825,1,119352,11.36,0.0908661
825,0.0825,2,119434,8.57599,0.29037
825,0.0825,TOTAL,119434,37.1702,0.226678
826,0.0826,0,119270,17.2292,-0.162079
826,0.0826,1,119352,11.4099,0.0921683
826,0.0826,2,119434,8.57603,0.290558
826,0.0826,TOTAL,119434,37.2152,0.220647
827,0.0827,0,119270,17.2311,-0.168049
827,0.0827,1,119352,11.4564,0.093417
827,0.0827,2,119434,8.57674,0.290764
827,0.0827,TOTAL,119434,37.2642,0.216132
828,0.0828,0,119270,17.1617,-0.169949
828,0.0828,1,119352,11.4995,0.0947393
828,0.0828,2,119434,8.57805,0.291039
828,0.0828,TOTAL,119434,37.2393,0.21583
829,0.0829,0,119270,17.0682,-0.170708
829,0.0829,1,119352,11.5391,0.096279
829,0.0829,2,119434,8.57999,0.291394
829,0.0829,TOTAL,119434,37.1873,0.216965
830,0.083,0,119270,16.9744,-0.170343
830,0.083,1,119352,11.5747,0.0978463
830,0.083,2,119434,8.58256,0.291818
830,0.083,TOTAL,119434,37.1316,0.219322
831,0.0831,0,119270,16.8931,-0.169336
831,0.0831,1,119352,11.6093,0.0983279
831,0.0831,2,119434,8.58583,0.292234
831,0.0831,TOTAL,119434,37.0882,0.221226
832,0.0832,0,119270,16.8159,-0.169783
832,0.0832,1,119352,11.6404,0.0979247
832,0.0832,2,119434,8.58985,0.292553
832,0.0832,TOTAL,119434,37.0461,0.220694
833,0.0833,0,119270,16.714,-0.170148
833,0.0833,1,119352,11.6628,0.0967886
833,0.0833,2,119434,8.59454,0.292963
833,0.0833,TOTAL,119434,36.9714,0.219603
834,0.0834,0,119270,16.616,-0.170067
834,0.0834,1,119352,11.6823,0.0949597
834,0.0834,2,119434,8.59983,0.29348
834,0.0834,TOTAL,119434,36.8982,0.218373
835,0.0835,0,119270,16.5352,-0.170592
835,0.0835,1,119352,11.7016,0.0924628
835,0.0835,2,119434,8.60593,0.294121
835,0.0835,TOTAL,119434,36.8427,0.215992
836,0.0836,0,119270,16.4617,-0.171791
836,0.0836,1,119352,11.7227,0.0895979
836,0.0836,2,119434,8.61289,0.294897
836,0.0836,TOTAL,119434,36.7973,0.212704
837,0.0837,0,119270,16.3909,-0.17332
837,0.0837,1,119352,11.7484,0.0867789
837,0.0837,2,119434,8.6208,0.295772
837,0.0837,TOTAL,119434,36.7601,0.209231
838,0.0838,0,119270,16.3253,-0.174768
838,0.0838,1,119352,11.7805,0.084267
838,0.0838,2,119434,8.62966,0.296713
838,0.0838,TOTAL,119434,36.7355,0.206212
839,0.0839,0,119270,16.2683,-0.176064
839,0.0839,1,119352,11.819,0.0823826
839,0.0839,2,119434,8.63961,0.297767
839,0.0839,TOTAL,119434,36.7269,0.204086
840,0.084,0,119270,16.2212,-0.177171
840,0.084,1,119352,11.8635,0.0813329
840,0.084,2,119434,8.65078,0.298924
840,0.084,TOTAL,119434,36.7355,0.203086
841,0.0841,0,119270,16.1895,-0.178274
841,0.0841,1,119352,11.9145,0.0812728
841,0.0841,2,119434,8.66324,0.300156
841,0.0841,TOTAL,119434,36.7673,0.203155
842,0.0842,0,119270,16.1716,-0.179497
842,0.0842,1,119352,11.971,0.0823222
842,0.0842,2,119434,8.67713,0.301479
842,0.0842,TOTAL,119434,36.8197,0.204304
843,0.0843,0,119270,16.1531,-0.180175
843,0.0843,1,119352,12.0301,0.0847144
843,0.0843,2,119434,8.69251,0.302828
843,0.0843,TOTAL,119434,36.8757,0.207368
844,0.0844,0,119270,16.1274,-0.179755
844,0.0844,1,119352,12.0879,0.0884641
844,0.0844,2,119434,8.7098,0.304238
844,0.0844,TOTAL,119434,36.9252,0.212947
845,0.0845,0,119270,16.0954,-0.17923
845,0.0845,1,119352,12.1396,0.0936634
845,0.0845,2,119434,8.72938,0.30565
845,0.0845,TOTAL,119434,36.9643,0.220084
846,0.0846,0,119270,16.0288,-0.176315
846,0.0846,1,119352,12.1797,0.10008
846,0.0846,2,119434,8.75182,0.307126
846,0.0846,TOTAL,119434,36.9603,0.230891
847,0.0847,0,119270,15.9411,-0.172566
847,0.0847,1,119352,12.2047,0.107084
847,0.0847,2,119434,8.7781,0.308733
847,0.0847,TOTAL,119434,36.9239,0.24325
848,0.0848,0,119270,15.8419,-0.168747
848,0.0848,1,119352,12.2141,0.114094
848,0.0848,2,119434,8.80882,0.310724
848,0.0848,TOTAL,119434,36.8649,0.256071
849,0.0849,0,119270,15.7471,-0.164707
849,0.0849,1,119352,12.208,0.120678
849,0.0849,2,119434,8.84328,0.31338
849,0.0849,TOTAL,119434,36.7984,0.269351
850,0.085,0,119270,15.659,-0.160515
850,0.085,1,119352,12.1862,0.126587
850,0.085,2,119434,8.87806,0.316937
850,0.085,TOTAL,119434,36.7233,0.283009
851,0.0851,0,119270,15.5834,-0.156225
851,0.0851,1,119352,12.1477,0.131544
851,0.0851,2,119434,8.91034,0.320041
851,0.0851,TOTAL,119434,36.6414,0.29536
852,0.0852,0,119270,15.5207,-0.152485
852,0.0852,1,119352,12.092,0.135324
852,0.0852,2,119434,8.94289,0.323591
852,0.0852,TOTAL,119434,36.5556,0.30643
853,0.0853,0,119270,15.4729,-0.148901
853,0.0853,1,119352,12.0191,0.137836
853,0.0853,2,119434,8.97858,0.328733
853,0.0853,TOTAL,119434,36.4705,0.317668
854,0.0854,0,119270,15.4376,-0.145897
854,0.0854,1,119352,11.9308,0.139064
854,0.0854,2,119434,9.01034,0.33668
854,0.0854,TOTAL,119434,36.3788,0.329848
855,0.0855,0,119270,15.4186,-0.144067
855,0.0855,1,119352,11.8311,0.139004
855,0.0855,2,119434,9.03015,0.343268
855,0.0855,TOTAL,119434,36.2798,0.338206
856,0.0856,0,119270,15.4136,-0.142798
856,0.0856,1,119352,11.725,0.137656
856,0.0856,2,119434,9.02246,0.342845
856,0.0856,TOTAL,119434,36.161,0.337702
857,0.0857,0,119270,15.4225,-0.142169
857,0.0857,1,119352,11.6176,0.13513
857,0.0857,2,119434,8.9967,0.339295
857,0.0857,TOTAL,119434,36.0369,0.332256
858,0.0858,0,119270,15.4606,-0.140867
858,0.0858,1,119352,11.5165,0.131447
858,0.0858,2,119434,8.9644,0.33475
858,0.0858,TOTAL,119434,35.9414,0.32533
859,0.0859,0,119270,15.5098,-0.141474
859,0.0859,1,119352,11.4125,0.126237
859,0.0859,2,119434,8.93223,0.330133
859,0.0859,TOTAL,119434,35.8545,0.314897
860,0.086,0,119270,15.5695,-0.142679
860,0.086,1,119352,11.3041,0.121184
860,0.086,2,119434,8.90351,0.325931
860,0.086,TOTAL,119434,35.7772,0.304436
861,0.0861,0,119270,15.6364,-0.145504
861,0.0861,1,119352,11.2107,0.116487
861,0.0861,2,119434,8.8787,0.322234
861,0.0861,TOTAL,119434,35.7258,0.293217
862,0.0862,0,119270,15.7079,-0.149095
862,0.0862,1,119352,11.1353,0.111703
862,0.0862,2,119434,8.8574,0.319008
862,0.0862,TOTAL,119434,35.7006,0.281615
863,0.0863,0,119270,15.785,-0.153216
863,0.0863,1,119352,11.081,0.105896
863,0.0863,2,119434,8.83907,0.316211
863,0.0863,TOTAL,119434,35.7051,0.268891
864,0.0864,0,119270,15.8539,-0.157534
864,0.0864,1,119352,11.0345,0.100293
864,0.0864,2,119434,8.8232,0.313795
864,0.0864,TOTAL,119434,35.7116,0.256554
865,0.0865,0,119270,15.8953,-0.160782
865,0.0865,1,119352,10.9968,0.096286
865,0.0865,2,119434,8.80925,0.311683
865,0.0865,TOTAL,119434,35.7013,0.247187
866,0.0866,0,119270,15.9185,-0.161933
866,0.0866,1,119352,10.9736,0.0945259
866,0.0866,2,119434,8.79681,0.309824
866,0.0866,TOTAL,119434,35.6889,0.242417
867,0.0867,0,119270,15.9181,-0.161719
867,0.0867,1,119352,10.9595,0.0934621
867,0.0867,2,119434,8.78557,0.308185
867,0.0867,TOTAL,119434,35.6632,0.239929
868,0.0868,0,119270,15.9357,-0.160709
868,0.0868,1,119352,10.9502,0.0929621
868,0.0868,2,119434,8.77527,0.306727
868,0.0868,TOTAL,119434,35.6612,0.23898
869,0.0869,0,119270,15.9535,-0.160218
869,0.0869,1,119352,10.9332,0.0933243
869,0.0869,2,119434,8.76574,0.305444
869,0.0869,TOTAL,119434,35.6524,0.238551
870,0.087,0,119270,15.9682,-0.1609
870,0.087,1,119352,10.919,0.0949608
870,0.087,2,119434,8.75679,0.304301
870,0.087,TOTAL,119434,35.6441,0.238362
871,0.0871,0,119270,15.9827,-0.162176
871,0.0871,1,119352,10.9124,0.0975426
871,0.0871,2,119434,8.74827,0.303251
871,0.0871,TOTAL,119434,35.6433,0.238618
872,0.0872,0,119270,15.9857,-0.165361
872,0.0872,1,119352,10.9139,0.101955
872,0.0872,2,119434,8.74011,0.302245
872,0.0872,TOTAL,119434,35.6398,0.238839
873,0.0873,0,119270,15.9282,-0.171289
873,0.0873,1,119352,10.9034,0.105629
873,0.0873,2,119434,8.73226,0.301321
873,0.0873,TOTAL,119434,35.5638,0.235661
874,0.0874,0,119270,15.8482,-0.172475
874,0.0874,1,119352,10.9025,0.108051
874,0.0874,2,119434,8.72467,0.300465
874,0.0874,TOTAL,119434,35.4754,0.236041
875,0.0875,0,119270,15.7629,-0.165863
875,0.0875,1,119352,10.9041,0.110033
875,0.0875,2,119434,8.71724,0.299673
875,0.0875,TOTAL,119434,35.3843,0.243843
876,0.0876,0,119270,15.7161,-0.15454
876,0.0876,1,119352,10.9066,0.111829
876,0.0876,2,119434,8.71,0.298927
876,0.0876,TOTAL,119434,35.3327,0.256217
877,0.0877,0,119270,15.7199,-0.144075
877,0.0877,1,119352,10.9093,0.113554
877,0.0877,2,119434,8.70291,0.298235
877,0.0877,TOTAL,119434,35.3321,0.267714
878,0.0878,0,119270,15.7739,-0.13485
878,0.0878,1,119352,10.9123,0.115204
878,0.0878,2,119434,8.69591,0.297581
878,0.0878,TOTAL,119434,35.3821,0.277936
879,0.0879,0,119270,15.8752,-0.128679
879,0.0879,1,119352,10.914,0.116621
879,0.0879,2,119434,8.689,0.296984
879,0.0879,TOTAL,119434,35.4782,0.284926
880,0.088,0,119270,15.9787,-0.127041
880,0.088,1,119352,10.9128,0.11746
880,0.088,2,119434,8.68216,0.296424
880,0.088,TOTAL,119434,35.5736,0.286844
881,0.0881,0,119270,16.0658,-0.128392
881,0.0881,1,119352,10.9066,0.117569
881,0.0881,2,119434,8.67541,0.295902
881,0.0881,TOTAL,119434,35.6479,0.285079
882,0.0882,0,119270,16.1368,-0.132898
882,0.0882,1,119352,10.8989,0.117089
882,0.0882,2,119434,8.66871,0.295404
882,0.0882,TOTAL,119434,35.7044,0.279594
883,0.0883,0,119270,16.1746,-0.137351
883,0.0883,1,119352,10.8919,0.116007
883,0.0883,2,119434,8.66203,0.294929
883,0.0883,TOTAL,119434,35.7285,0.273584
884,0.0884,0,119270,16.2041,-0.140683
884,0.0884,1,119352,10.8894,0.113739
884,0.0884,2,119434,8.65546,0.294449
884,0.0884,TOTAL,119434,35.7489,0.267505
885,0.0885,0,119270,16.2239,-0.143812
885,0.0885,1,119352,10.8882,0.110034
885,0.0885,2,119434,8.64903,0.293974
885,0.0885,TOTAL,119434,35.7612,0.260196
886,0.0886,0,119270,16.2407,-0.146773
886,0.0886,1,119352,10.8839,0.106066
886,0.0886,2,119434,8.64283,0.293491
886,0.0886,TOTAL,119434,35.7674,0.252784
887,0.0887,0,119270,16.2588,-0.149852
887,0.0887,1,119352,10.8836,0.102733
887,0.0887,2,119434,8.63702,0.293019
887,0.0887,TOTAL,119434,35.7794,0.2459
888,0.0888,0,119270,16.2736,-0.152622
888,0.0888,1,119352,10.8883,0.100125
888,0.0888,2,119434,8.63117,0.292554
888,0.0888,TOTAL,119434,35.793,0.240058
889,0.0889,0,119270,16.2807,-0.154545
889,0.0889,1,119352,10.8976,0.0981972
889,0.0889,2,119434,8.62545,0.292093
889,0.0889,TOTAL,119434,35.8037,0.235744
890,0.089,0,119270,16.2761,-0.156034
890,0.089,1,119352,10.9092,0.0967909
890,0.089,2,119434,8.61994,0.291641
890,0.089,TOTAL,119434,35.8053,0.232397
891,0.0891,0,119270,16.2442,-0.155677
891,0.0891,1,119352,10.9204,0.0960721
891,0.0891,2,119434,8.6147,0.291176
891,0.0891,TOTAL,119434,35.7793,0.231571
892,0.0892,0,119270,16.1939,-0.153685
892,0.0892,1,119352,10.9302,0.0964082
892,0.0892,2,119434,8.60981,0.290707
892,0.0892,TOTAL,119434,35.7338,0.23343
893,0.0893,0,119270,16.1417,-0.150758
893,0.0893,1,119352,10.9403,0.0976154
893,0.0893,2,119434,8.60523,0.29023
893,0.0893,TOTAL,119434,35.6873,0.237088
894,0.0894,0,119270,16.1022,-0.14717
894,0.0894,1,119352,10.9508,0.09926
894,0.0894,2,119434,8.60111,0.289755
894,0.0894,TOTAL,119434,35.6542,0.241845
895,0.0895,0,119270,16.0739,-0.143174
895,0.0895,1,119352,10.9601,0.101067
895,0.0895,2,119434,8.59736,0.289288
895,0.0895,TOTAL,119434,35.6314,0.247181
896,0.0896,0,119270,16.0661,-0.139389
896,0.0896,1,119352,10.9676,0.103013
896,0.0896,2,119434,8.59402,0.2888
896,0.0896,TOTAL,119434,35.6277,0.252424
897,0.0897,0,119270,16.092,-0.136362
897,0.0897,1,119352,10.9717,0.104751
897,0.0897,2,119434,8.59099,0.288287
897,0.0897,TOTAL,119434,35.6547,0.256676
898,0.0898,0,119270,16.1498,-0.134721
898,0.0898,1,119352,10.9727,0.105665
898,0.0898,2,119434,8.58857,0.287829
898,0.0898,TOTAL,119434,35.7111,0.258773
899,0.0899,0,119270,16.2173,-0.136565
899,0.0899,1,119352,10.9718,0.105614
899,0.0899,2,119434,8.58656,0.287308
899,0.0899,TOTAL,119434,35.7757,0.256358
900,0.09,0,119270,16.2923,-0.140984
900,0.09,1,119352,10.9703,0.104804
900,0.09,2,119434,8.58498,0.286807
900,0.09,TOTAL,119434,35.8475,0.250627
901,0.0901,0,119270,16.3878,-0.146244
901,0.0901,1,119352,10.9673,0.103554
901,0.0901,2,119434,8.58382,0.286387
901,0.0901,TOTAL,119434,35.939,0.243697
902,0.0902,0,119270,16.4924,-0.151838
902,0.0902,1,119352,10.964,0.102055
902,0.0902,2,119434,8.58349,0.286017
902,0.0902,TOTAL,119434,36.0398,0.236234
903,0.0903,0,119270,16.5872,-0.160714
903,0.0903,1,119352,10.9601,0.10049
903,0.0903,2,119434,8.58352,0.285658
903,0.0903,TOTAL,119434,36.1308,0.225434
904,0.0904,0,119270,16.6455,-0.170923
904,0.0904,1,119352,10.9551,0.098968
904,0.0904,2,119434,8.58401,0.285422
904,0.0904,TOTAL,119434,36.1846,0.213468
905,0.0905,0,119270,16.67,-0.173297
905,0.0905,1,119352,10.9487,0.09756
905,0.0905,2,119434,8.58484,0.285182
905,0.0905,TOTAL,119434,36.2036,0.209445
906,0.0906,0,119270,16.6501,-0.170996
906,0.0906,1,119352,10.94,0.0962198
906,0.0906,2,119434,8.58612,0.285046
906,0.0906,TOTAL,119434,36.1762,0.21027
907,0.0907,0,119270,16.6196,-0.164363
907,0.0907,1,119352,10.9273,0.0948344
907,0.0907,2,119434,8.58752,0.285074
907,0.0907,TOTAL,119434,36.1345,0.215546
908,0.0908,0,119270,16.6137,-0.159294
908,0.0908,1,119352,10.9087,0.0933562
908,0.0908,2,119434,8.589,0.285242
908,0.0908,TOTAL,119434,36.1114,0.219304
909,0.0909,0,119270,16.6138,-0.156732
909,0.0909,1,119352,10.8825,0.0917585
909,0.0909,2,119434,8.59085,0.285597
909,0.0909,TOTAL,119434,36.0872,0.220624
910,0.091,0,119270,16.618,-0.157822
910,0.091,1,119352,10.8492,0.090099
910,0.091,2,119434,8.59297,0.286029
910,0.091,TOTAL,119434,36.0602,0.218306
911,0.0911,0,119270,16.6297,-0.160985
911,0.0911,1,119352,10.8108,0.0884138
911,0.0911,2,119434,8.59522,0.286605
911,0.0911,TOTAL,119434,36.0357,0.214034
912,0.0912,0,119270,16.6424,-0.165201
912,0.0912,1,119352,10.7709,0.0867669
912,0.0912,2,119434,8.59799,0.287303
912,0.0912,TOTAL,119434,36.0113,0.208869
913,0.0913,0,119270,16.6324,-0.168903
913,0.0913,1,119352,10.7359,0.0850195
913,0.0913,2,119434,8.60113,0.288105
913,0.0913,TOTAL,119434,35.9694,0.204222
914,0.0914,0,119270,16.6086,-0.171807
914,0.0914,1,119352,10.7162,0.0829331
914,0.0914,2,119434,8.60455,0.289101
914,0.0914,TOTAL,119434,35.9294,0.200228
915,0.0915,0,119270,16.57,-0.173408
915,0.0915,1,119352,10.7157,0.0802114
915,0.0915,2,119434,8.60811,0.290387
915,0.0915,TOTAL,119434,35.8938,0.197191
916,0.0916,0,119270,16.5136,-0.173835
916,0.0916,1,119352,10.7304,0.076978
916,0.0916,2,119434,8.61285,0.291434
916,0.0916,TOTAL,119434,35.8569,0.194577
917,0.0917,0,119270,16.4574,-0.173915
917,0.0917,1,119352,10.7622,0.0719683
917,0.0917,2,119434,8.61854,0.292523
917,0.0917,TOTAL,119434,35.8381,0.190577
918,0.0918,0,119270,16.4142,-0.17351
918,0.0918,1,119352,10.7656,0.0700131
918,0.0918,2,119434,8.62506,0.29383
918,0.0918,TOTAL,119434,35.8049,0.190333
919,0.0919,0,119270,16.3777,-0.17258
919,0.0919,1,119352,10.7967,0.0696843
919,0.0919,2,119434,8.63284,0.294954
919,0.0919,TOTAL,119434,35.8073,0.192059
920,0.092,0,119270,16.3364,-0.171462
920,0.092,1,119352,10.8386,0.0700703
920,0.092,2,119434,8.64174,0.296162
920,0.092,TOTAL,119434,35.8168,0.19477
921,0.0921,0,119270,16.2886,-0.170644
921,0.0921,1,119352,10.8816,0.0716257
921,0.0921,2,119434,8.6519,0.297404
921,0.0921,TOTAL,119434,35.8221,0.198386
922,0.0922,0,119270,16.2466,-0.170109
922,0.0922,1,119352,10.9265,0.073546
922,0.0922,2,119434,8.6635,0.298707
922,0.0922,TOTAL,119434,35.8366,0.202144
923,0.0923,0,119270,16.215,-0.169812
923,0.0923,1,119352,10.9764,0.0757859
923,0.0923,2,119434,8.67675,0.300112
923,0.0923,TOTAL,119434,35.8681,0.206086
924,0.0924,0,119270,16.1937,-0.169856
924,0.0924,1,119352,11.0347,0.0781052
924,0.0924,2,119434,8.69187,0.301652
924,0.0924,TOTAL,119434,35.9203,0.209901
925,0.0925,0,119270,16.1759,-0.170403
925,0.0925,1,119352,11.092,0.0801465
925,0.0925,2,119434,8.70908,0.303322
925,0.0925,TOTAL,119434,35.9769,0.213065
926,0.0926,0,119270,16.1595,-0.171264
926,0.0926,1,119352,11.1481,0.0823814
926,0.0926,2,119434,8.72857,0.305127
926,0.0926,TOTAL,119434,36.0362,0.216245
927,0.0927,0,119270,16.1443,-0.172295
927,0.0927,1,119352,11.2062,0.0845984
927,0.0927,2,119434,8.75066,0.30705
927,0.0927,TOTAL,119434,36.1012,0.219353
928,0.0928,0,119270,16.1269,-0.173406
928,0.0928,1,119352,11.264,0.0864032
928,0.0928,2,119434,8.77619,0.309108
928,0.0928,TOTAL,119434,36.1671,0.222105
929,0.0929,0,119270,16.1044,-0.174369
929,0.0929,1,119352,11.3196,0.0881073
929,0.0929,2,119434,8.80613,0.311515
929,0.0929,TOTAL,119434,36.2302,0.225254
930,0.093,0,119270,16.0777,-0.174947
930,0.093,1,119352,11.3729,0.0898164
930,0.093,2,119434,8.83937,0.31433
930,0.093,TOTAL,119434,36.29,0.2292
931,0.0931,0,119270,16.0471,-0.17533
931,0.0931,1,119352,11.4252,0.0915819
931,0.0931,2,119434,8.87755,0.318049
931,0.0931,TOTAL,119434,36.3499,0.2343
932,0.0932,0,119270,16.0112,-0.175683
932,0.0932,1,119352,11.4759,0.0934748
932,0.0932,2,119434,8.91961,0.324901
932,0.0932,TOTAL,119434,36.4068,0.242693
933,0.0933,0,119270,15.9705,-0.175454
933,0.0933,1,119352,11.5236,0.0956209
933,0.0933,2,119434,8.95305,0.329548
933,0.0933,TOTAL,119434,36.4471,0.249715
934,0.0934,0,119270,15.9299,-0.175341
934,0.0934,1,119352,11.5684,0.0981109
934,0.0934,2,119434,8.98364,0.334101
934,0.0934,TOTAL,119434,36.4819,0.256871
935,0.0935,0,119270,15.8669,-0.173886
935,0.0935,1,119352,11.6112,0.0999139
935,0.0935,2,119434,9.01268,0.339687
935,0.0935,TOTAL,119434,36.4907,0.265715
936,0.0936,0,119270,15.7866,-0.171034
936,0.0936,1,119352,11.6534,0.0999981
936,0.0936,2,119434,9.03256,0.344416
936,0.0936,TOTAL,119434,36.4726,0.27338
937,0.0937,0,119270,15.7032,-0.167713
937,0.0937,1,119352,11.6835,0.0992776
937,0.0937,2,119434,9.03016,0.345129
937,0.0937,TOTAL,119434,36.4168,0.276694
938,0.0938,0,119270,15.6206,-0.164061
938,0.0938,1,119352,11.7025,0.0976007
938,0.0938,2,119434,9.00694,0.342054
938,0.0938,TOTAL,119434,36.33,0.275593
939,0.0939,0,119270,15.5424,-0.160381
939,0.0939,1,119352,11.7191,0.0951273
939,0.0939,2,119434,8.97647,0.337344
939,0.0939,TOTAL,119434,36.238,0.272091
940,0.094,0,119270,15.4744,-0.156385
940,0.094,1,119352,11.7367,0.092235
940,0.094,2,119434,8.94592,0.332437
940,0.094,TOTAL,119434,36.1571,0.268288
941,0.0941,0,119270,15.4188,-0.152476
941,0.0941,1,119352,11.7577,0.089279
941,0.0941,2,119434,8.91792,0.327898
941,0.0941,TOTAL,119434,36.0943,0.264702
942,0.0942,0,119270,15.3774,-0.149082
942,0.0942,1,119352,11.7839,0.0865419
942,0.0942,2,119434,8.89299,0.323893
942,0.0942,TOTAL,119434,36.0543,0.261352
943,0.0943,0,119270,15.3522,-0.145796
943,0.0943,1,119352,11.8168,0.084324
943,0.0943,2,119434,8.87104,0.320394
943,0.0943,TOTAL,119434,36.0401,0.258922
944,0.0944,0,119270,15.3337,-0.143599
944,0.0944,1,119352,11.8564,0.0829161
944,0.0944,2,119434,8.85173,0.317346
944,0.0944,TOTAL,119434,36.0418,0.256664
945,0.0945,0,119270,15.3249,-0.142703
945,0.0945,1,119352,11.9026,0.082566
945,0.0945,2,119434,8.83449,0.314695
945,0.0945,TOTAL,119434,36.062,0.254558
946,0.0946,0,119270,15.3234,-0.141612
946,0.0946,1,119352,11.9553,0.0833344
946,0.0946,2,119434,8.81923,0.312352
946,0.0946,TOTAL,119434,36.0978,0.254075
947,0.0947,0,119270,15.3376,-0.142238
947,0.0947,1,119352,12.0122,0.0853065
947,0.0947,2,119434,8.80559,0.310281
947,0.0947,TOTAL,119434,36.1554,0.25335
948,0.0948,0,119270,15.3688,-0.141351
948,0.0948,1,119352,12.0687,0.0887281
948,0.0948,2,119434,8.79335,0.308464
948,0.0948,TOTAL,119434,36.2309,0.25584
949,0.0949,0,119270,15.428,-0.142636
949,0.0949,1,119352,12.1203,0.0935136
949,0.0949,2,119434,8.78208,0.306849
949,0.0949,TOTAL,119434,36.3304,0.257726
950,0.095,0,119270,15.4891,-0.145803
950,0.095,1,119352,12.1619,0.0995795
950,0.095,2,119434,8.77163,0.305388
950,0.095,TOTAL,119434,36.4226,0.259164
951,0.0951,0,119270,15.5452,-0.149612
951,0.0951,1,119352,12.1893,0.106421
951,0.0951,2,119434,8.76197,0.304063
951,0.0951,TOTAL,119434,36.4965,0.260872
952,0.0952,0,119270,15.596,-0.154258
952,0.0952,1,119352,12.201,0.113228
952,0.0952,2,119434,8.75297,0.302873
952,0.0952,TOTAL,119434,36.55,0.261843
953,0.0953,0,119270,15.6434,-0.158596
953,0.0953,1,119352,12.1981,0.119506
953,0.0953,2,119434,8.74487,0.301882
953,0.0953,TOTAL,119434,36.5864,0.262792
954,0.0954,0,119270,15.6753,-0.162067
954,0.0954,1,119352,12.1819,0.125035
954,0.0954,2,119434,8.73725,0.30099
954,0.0954,TOTAL,119434,36.5944,0.263958
955,0.0955,0,119270,15.6817,-0.164064
955,0.0955,1,119352,12.1519,0.129773
955,0.0955,2,119434,8.72996,0.300165
955,0.0955,TOTAL,119434,36.5636,0.265873
956,0.0956,0,119270,15.6813,-0.164689
956,0.0956,1,119352,12.1059,0.133532
956,0.0956,2,119434,8.72296,0.299415
956,0.0956,TOTAL,119434,36.5101,0.268257
957,0.0957,0,119270,15.6827,-0.164749
957,0.0957,1,119352,12.0421,0.136132
957,0.0957,2,119434,8.71632,0.29876
957,0.0957,TOTAL,119434,36.4412,0.270142
958,0.0958,0,119270,15.6838,-0.164615
958,0.0958,1,119352,11.9613,0.137437
958,0.0958,2,119434,8.70988,0.298169
958,0.0958,TOTAL,119434,36.355,0.27099
959,0.0959,0,119270,15.688,-0.165028
959,0.0959,1,119352,11.8669,0.137433
959,0.0959,2,119434,8.70332,0.297546
959,0.0959,TOTAL,119434,36.2582,0.26995
960,0.096,0,119270,15.7027,-0.165799
960,0.096,1,119352,11.7628,0.136385
960,0.096,2,119434,8.69676,0.296907
960,0.096,TOTAL,119434,36.1623,0.267492
961,0.0961,0,119270,15.7262,-0.167191
961,0.0961,1,119352,11.6543,0.134383
961,0.0961,2,119434,8.69035,0.296224
961,0.0961,TOTAL,119434,36.0709,0.263416
962,0.0962,0,119270,15.6977,-0.168685
962,0.0962,1,119352,11.5475,0.131634
962,0.0962,2,119434,8.68406,0.295524
962,0.0962,TOTAL,119434,35.9293,0.258472
963,0.0963,0,119270,15.637,-0.166752
963,0.0963,1,119352,11.4469,0.128253
963,0.0963,2,119434,8.67796,0.294808
963,0.0963,TOTAL,119434,35.7619,0.256309
964,0.0964,0,119270,15.609,-0.159987
964,0.0964,1,119352,11.3565,0.124314
964,0.0964,2,119434,8.67204,0.294079
964,0.0964,TOTAL,119434,35.6376,0.258406
965,0.0965,0,119270,15.6163,-0.14998
965,0.0965,1,119352,11.2546,0.119979
965,0.0965,2,119434,8.66623,0.29337
965,0.0965,TOTAL,119434,35.5372,0.263368
966,0.0966,0,119270,15.6677,-0.138157
966,0.0966,1,119352,11.132,0.11583
966,0.0966,2,119434,8.6606,0.292638
966,0.0966,TOTAL,119434,35.4603,0.270311
967,0.0967,0,119270,15.7738,-0.128658
967,0.0967,1,119352,11.0163,0.110809
967,0.0967,2,119434,8.65511,0.291946
967,0.0967,TOTAL,119434,35.4452,0.274098
968,0.0968,0,119270,15.9243,-0.126763
968,0.0968,1,119352,10.9287,0.105744
968,0.0968,2,119434,8.64988,0.291232
968,0.0968,TOTAL,119434,35.5029,0.270213
969,0.0969,0,119270,16.0379,-0.129345
969,0.0969,1,119352,10.8838,0.0985251
969,0.0969,2,119434,8.64483,0.290486
969,0.0969,TOTAL,119434,35.5666,0.259666
970,0.097,0,119270,16.1287,-0.133348
970,0.097,1,119352,10.8783,0.0920642
970,0.097,2,119434,8.6401,0.289781
970,0.097,TOTAL,119434,35.6471,0.248497
971,0.0971,0,119270,16.2017,-0.137581
971,0.0971,1,119352,10.903,0.0881317
971,0.0971,2,119434,8.63558,0.289061
971,0.0971,TOTAL,119434,35.7403,0.239612
972,0.0972,0,119270,16.2614,-0.141277
972,0.0972,1,119352,10.9155,0.0877011
972,0.0972,2,119434,8.63123,0.288358
972,0.0972,TOTAL,119434,35.8081,0.234782
973,0.0973,0,119270,16.3114,-0.14446
973,0.0973,1,119352,10.9158,0.0881513
973,0.0973,2,119434,8.62723,0.287611
973,0.0973,TOTAL,119434,35.8545,0.231302
974,0.0974,0,119270,16.3453,-0.147116
974,0.0974,1,119352,10.906,0.0902234
974,0.0974,2,119434,8.62364,0.286865
974,0.0974,TOTAL,119434,35.8749,0.229973
975,0.0975,0,119270,16.3698,-0.149317
975,0.0975,1,119352,10.8957,0.0934088
975,0.0975,2,119434,8.62074,0.285994
975,0.0975,TOTAL,119434,35.8862,0.230086
976,0.0976,0,119270,16.3801,-0.151504
976,0.0976,1,119352,10.9002,0.0975953
976,0.0976,2,119434,8.61827,0.285216
976,0.0976,TOTAL,119434,35.8986,0.231308
977,0.0977,0,119270,16.3809,-0.153583
977,0.0977,1,119352,10.8803,0.101684
977,0.0977,2,119434,8.61663,0.284427
977,0.0977,TOTAL,119434,35.8779,0.232528
978,0.0978,0,119270,16.3758,-0.155475
978,0.0978,1,119352,10.8754,0.105054
978,0.0978,2,119434,8.61518,0.283634
978,0.0978,TOTAL,119434,35.8664,0.233213
979,0.0979,0,119270,16.3582,-0.157229
979,0.0979,1,119352,10.88,0.107347
979,0.0979,2,119434,8.61486,0.28301
979,0.0979,TOTAL,119434,35.8531,0.233128
980,0.098,0,119270,16.3259,-0.158496
980,0.098,1,119352,10.8821,0.109122
980,0.098,2,119434,8.61465,0.282616
980,0.098,TOTAL,119434,35.8227,0.233242
981,0.0981,0,119270,16.2746,-0.157269
981,0.0981,1,119352,10.8812,0.110427
981,0.0981,2,119434,8.61523,0.283223
981,0.0981,TOTAL,119434,35.7711,0.236381
982,0.0982,0,119270,16.2075,-0.155056
982,0.0982,1,119352,10.8766,0.111295
982,0.0982,2,119434,8.61215,0.284481
982,0.0982,TOTAL,119434,35.6962,0.240721
983,0.0983,0,119270,16.1387,-0.151702
983,0.0983,1,119352,10.8677,0.111792
983,0.0983,2,119434,8.60736,0.2853
983,0.0983,TOTAL,119434,35.6138,0.24539
984,0.0984,0,119270,16.0915,-0.147907
984,0.0984,1,119352,10.8559,0.112173
984,0.0984,2,119434,8.60377,0.28587
984,0.0984,TOTAL,119434,35.5512,0.250136
985,0.0985,0,119270,16.0563,-0.143994
985,0.0985,1,119352,10.8438,0.112513
985,0.0985,2,119434,8.60122,0.286349
985,0.0985,TOTAL,119434,35.5013,0.254868
986,0.0986,0,119270,16.0573,-0.140883
986,0.0986,1,119352,10.834,0.112678
986,0.0986,2,119434,8.59915,0.286769
986,0.0986,TOTAL,119434,35.4904,0.258564
987,0.0987,0,119270,16.1102,-0.13878
987,0.0987,1,119352,10.8274,0.112097
987,0.0987,2,119434,8.59706,0.287221
987,0.0987,TOTAL,119434,35.5347,0.260537
988,0.0988,0,119270,16.1735,-0.138837
988,0.0988,1,119352,10.8271,0.11025
988,0.0988,2,119434,8.59523,0.287701
988,0.0988,TOTAL,119434,35.5958,0.259113
989,0.0989,0,119270,16.2564,-0.141258
989,0.0989,1,119352,10.8299,0.107098
989,0.0989,2,119434,8.59391,0.288237
989,0.0989,TOTAL,119434,35.6802,0.254077
990,0.099,0,119270,16.3404,-0.146956
990,0.099,1,119352,10.8302,0.103698
990,0.099,2,119434,8.59347,0.288756
990,0.099,TOTAL,119434,35.7641,0.245497
991,0.0991,0,119270,16.447,-0.150341
991,0.0991,1,119352,10.8323,0.100643
991,0.0991,2,119434,8.59269,0.289388
991,0.0991,TOTAL,119434,35.872,0.239691
992,0.0992,0,119270,16.5528,-0.155407
992,0.0992,1,119352,10.8395,0.0979459
992,0.0992,2,119434,8.59278,0.290043
992,0.0992,TOTAL,119434,35.9851,0.232581
993,0.0993,0,119270,16.6289,-0.160355
993,0.0993,1,119352,10.8514,0.0957519
993,0.0993,2,119434,8.59363,0.290776
993,0.0993,TOTAL,119434,36.074,0.226173
994,0.0994,0,119270,16.6852,-0.162377
994,0.0994,1,119352,10.8664,0.0941538
994,0.0994,2,119434,8.59527,0.291582
994,0.0994,TOTAL,119434,36.1469,0.223359
995,0.0995,0,119270,16.6653,-0.159817
995,0.0995,1,119352,10.8811,0.0933476
995,0.0995,2,119434,8.59777,0.292445
995,0.0995,TOTAL,119434,36.1442,0.225975
996,0.0996,0,119270,16.6301,-0.150039
996,0.0996,1,119352,10.8939,0.0935714
996,0.0996,2,119434,8.60126,0.293362
996,0.0996,TOTAL,119434,36.1253,0.236895
997,0.0997,0,119270,16.6603,-0.139729
997,0.0997,1,119352,10.9066,0.0946565
997,0.0997,2,119434,8.6059,0.294328
997,0.0997,TOTAL,119434,36.1728,0.249256
998,0.0998,0,119270,16.7182,-0.134026
998,0.0998,1,119352,10.9198,0.0962301
998,0.0998,2,119434,8.61154,0.29536
998,0.0998,TOTAL,119434,36.2495,0.257564
999,0.0999,0,119270,16.75,-0.132972
999,0.0999,1,119352,10.9323,0.0980378
999,0.0999,2,119434,8.61849,0.296448
999,0.0999,TOTAL,119434,36.3007,0.261513
1000,0.1,0,119270,16.7919,-0.13565
1000,0.1,1,119352,10.9427,0.100012
1000,0.1,2,119434,8.62676,0.297573
1000,0.1,TOTAL,119434,36.3613,0.261935
1001,0.1001,0,119270,16.8212,-0.142057
1001,0.1001,1,119352,10.9496,0.101796
1001,0.1001,2,119434,8.6364,0.29877
1001,0.1001,TOTAL,119434,36.4072,0.258509
1002,0.1002,0,119270,16.8683,-0.148222
1002,0.1002,1,119352,10.9524,0.102746
1002,0.1002,2,119434,8.64744,0.300015
1002,0.1002,TOTAL,119434,36.4682,0.254539
1003,0.1003,0,119270,16.8687,-0.154452
1003,0.1003,1,119352,10.9525,0.102747
1003,0.1003,2,119434,8.65993,0.301293
1003,0.1003,TOTAL,119434,36.4812,0.249588
1004,0.1004,0,119270,16.8488,-0.160104
1004,0.1004,1,119352,10.9513,0.101959
1004,0.1004,2,119434,8.67408,0.302649
1004,0.1004,TOTAL,119434,36.4742,0.244505
1005,0.1005,0,119270,16.806,-0.164787
1005,0.1005,1,119352,10.9487,0.100698
1005,0.1005,2,119434,8.69024,0.304077
1005,0.1005,TOTAL,119434,36.4449,0.239987
1006,0.1006,0,119270,16.7469,-0.168516
1006,0.1006,1,119352,10.9448,0.0992082
1006,0.1006,2,119434,8.70872,0.305654
1006,0.1006,TOTAL,119434,36.4004,0.236347
1007,0.1007,0,119270,16.6766,-0.171712
1007,0.1007,1,119352,10.9403,0.0976664
1007,0.1007,2,119434,8.72986,0.307402
1007,0.1007,TOTAL,119434,36.3467,0.233356
1008,0.1008,0,119270,16.6097,-0.174213
1008,0.1008,1,119352,10.9348,0.0961412
1008,0.1008,2,119434,8.75425,0.309488
1008,0.1008,TOTAL,119434,36.2987,0.231417
1009,0.1009,0,119270,16.5509,-0.176179
1009,0.1009,1,119352,10.9276,0.0947372
1009,0.1009,2,119434,8.78298,0.311977
1009,0.1009,TOTAL,119434,36.2614,0.230535
1010,0.101,0,119270,16.4968,-0.177927
1010,0.101,1,119352,10.9176,0.0934663
1010,0.101,2,119434,8.81675,0.315036
1010,0.101,TOTAL,119434,36.2312,0.230575
1011,0.1011,0,119270,16.4356,-0.179566
1011,0.1011,1,119352,10.903,0.0922716
1011,0.1011,2,119434,8.85817,0.322708
1011,0.1011,TOTAL,119434,36.1967,0.235414
1012,0.1012,0,119270,16.3705,-0.181398
1012,0.1012,1,119352,10.8817,0.0910802
1012,0.1012,2,119434,8.9004,0.329593
1012,0.1012,TOTAL,119434,36.1526,0.239275
1013,0.1013,0,119270,16.3204,-0.183062
1013,0.1013,1,119352,10.8527,0.0897975
1013,0.1013,2,119434,8.93413,0.332766
1013,0.1013,TOTAL,119434,36.1072,0.239501
1014,0.1014,0,119270,16.2844,-0.184255
1014,0.1014,1,119352,10.8149,0.0883666
1014,0.1014,2,119434,8.96128,0.33584
1014,0.1014,TOTAL,119434,36.0606,0.239952
1015,0.1015,0,119270,16.2604,-0.185119
1015,0.1015,1,119352,10.7709,0.0870419
1015,0.1015,2,119434,8.98351,0.337558
1015,0.1015,TOTAL,119434,36.0148,0.239482
1016,0.1016,0,119270,16.2473,-0.1853
1016,0.1016,1,119352,10.7274,0.0857946
1016,0.1016,2,119434,9.00759,0.340583
1016,0.1016,TOTAL,119434,35.9824,0.241077
1017,0.1017,0,119270,16.2426,-0.18421
1017,0.1017,1,119352,10.6852,0.0847588
1017,0.1017,2,119434,9.02871,0.345577
1017,0.1017,TOTAL,119434,35.9565,0.246125
1018,0.1018,0,119270,16.2616,-0.183313
1018,0.1018,1,119352,10.6516,0.0812322
1018,0.1018,2,119434,9.02573,0.345516
1018,0.1018,TOTAL,119434,35.9389,0.243435
1019,0.1019,0,119270,16.2928,-0.183377
1019,0.1019,1,119352,10.6426,0.0779222
1019,0.1019,2,119434,8.99932,0.341134
1019,0.1019,TOTAL,119434,35.9348,0.235679
1020,0.102,0,119270,16.3171,-0.182753
1020,0.102,1,119352,10.6361,0.0715572
1020,0.102,2,119434,8.96658,0.335981
1020,0.102,TOTAL,119434,35.9198,0.224785
1021,0.1021,0,119270,16.2959,-0.1822
1021,0.1021,1,119352,10.6747,0.0708394
1021,0.1021,2,119434,8.93538,0.331196
1021,0.1021,TOTAL,119434,35.9059,0.219836
1022,0.1022,0,119270,16.25,-0.1823
1022,0.1022,1,119352,10.7128,0.07071
1022,0.1022,2,119434,8.90765,0.326948
1022,0.1022,TOTAL,119434,35.8704,0.215358
1023,0.1023,0,119270,16.2002,-0.181619
1023,0.1023,1,119352,10.749,0.0706939
1023,0.1023,2,119434,8.88364,0.323242
1023,0.1023,TOTAL,119434,35.8328,0.212317
1024,0.1024,0,119270,16.1455,-0.181633
1024,0.1024,1,119352,10.7897,0.0727853
1024,0.1024,2,119434,8.86296,0.320043
1024,0.1024,TOTAL,119434,35.7982,0.211195
1025,0.1025,0,119270,16.069,-0.179686
1025,0.1025,1,119352,10.8379,0.0746992
1025,0.1025,2,119434,8.84504,0.31725
1025,0.1025,TOTAL,119434,35.7519,0.212263
1026,0.1026,0,119270,15.9855,-0.176258
1026,0.1026,1,119352,10.893,0.0762746
1026,0.1026,2,119434,8.82935,0.314808
1026,0.1026,TOTAL,119434,35.7079,0.214825
1027,0.1027,0,119270,15.8963,-0.172399
1027,0.1027,1,119352,10.9485,0.0787795
1027,0.1027,2,119434,8.8155,0.312652
1027,0.1027,TOTAL,119434,35.6603,0.219032
1028,0.1028,0,119270,15.8071,-0.168042
1028,0.1028,1,119352,11.0043,0.0812306
1028,0.1028,2,119434,8.8031,0.310733
1028,0.1028,TOTAL,119434,35.6145,0.223922
1029,0.1029,0,119270,15.7233,-0.163727
1029,0.1029,1,119352,11.0603,0.0836492
1029,0.1029,2,119434,8.79189,0.309025
1029,0.1029,TOTAL,119434,35.5754,0.228947
1030,0.103,0,119270,15.6479,-0.159458
1030,0.103,1,119352,11.1201,0.0862659
1030,0.103,2,119434,8.78158,0.307478
1030,0.103,TOTAL,119434,35.5495,0.234286
1031,0.1031,0,119270,15.5841,-0.155599
1031,0.1031,1,119352,11.1836,0.0886861
1031,0.1031,2,119434,8.77213,0.306089
1031,0.1031,TOTAL,119434,35.5398,0.239176
1032,0.1032,0,119270,15.5309,-0.152013
1032,0.1032,1,119352,11.2464,0.0909647
1032,0.1032,2,119434,8.7634,0.304826
1032,0.1032,TOTAL,119434,35.5407,0.243778
1033,0.1033,0,119270,15.4891,-0.148687
1033,0.1033,1,119352,11.3079,0.0933363
1033,0.1033,2,119434,8.75517,0.303688
1033,0.1033,TOTAL,119434,35.5521,0.248338
1034,0.1034,0,119270,15.4578,-0.146704
1034,0.1034,1,119352,11.3683,0.0957798
1034,0.1034,2,119434,8.74737,0.302639
1034,0.1034,TOTAL,119434,35.5735,0.251715
1035,0.1035,0,119270,15.4383,-0.144984
1035,0.1035,1,119352,11.4282,0.0981893
1035,0.1035,2,119434,8.73994,0.30167
1035,0.1035,TOTAL,119434,35.6065,0.254875
1036,0.1036,0,119270,15.4315,-0.14357
1036,0.1036,1,119352,11.4853,0.10025
1036,0.1036,2,119434,8.73278,0.300799
1036,0.1036,TOTAL,119434,35.6495,0.257478
1037,0.1037,0,119270,15.4589,-0.142446
1037,0.1037,1,119352,11.5343,0.101755
1037,0.1037,2,119434,8.72577,0.29999
1037,0.1037,TOTAL,119434,35.7189,0.259299
1038,0.1038,0,119270,15.4798,-0.142345
1038,0.1038,1,119352,11.5736,0.103076
1038,0.1038,2,119434,8.71896,0.299253
1038,0.1038,TOTAL,119434,35.7724,0.259984
1039,0.1039,0,119270,15.5233,-0.141913
1039,0.1039,1,119352,11.6063,0.103727
1039,0.1039,2,119434,8.71239,0.298566
1039,0.1039,TOTAL,119434,35.842,0.26038
1040,0.104,0,119270,15.5865,-0.143286
1040,0.104,1,119352,11.6353,0.102821
1040,0.104,2,119434,8.70579,0.297937
1040,0.104,TOTAL,119434,35.9276,0.257472
1041,0.1041,0,119270,15.6574,-0.146592
1041,0.1041,1,119352,11.6533,0.101615
1041,0.1041,2,119434,8.69936,0.297369
1041,0.1041,TOTAL,119434,36.0101,0.252391
1042,0.1042,0,119270,15.7309,-0.150487
1042,0.1042,1,119352,11.665,0.0992841
1042,0.1042,2,119434,8.6932,0.296775
1042,0.1042,TOTAL,119434,36.0891,0.245572
1043,0.1043,0,119270,15.7937,-0.154592
1043,0.1043,1,119352,11.6771,0.096296
1043,0.1043,2,119434,8.68658,0.296353
1043,0.1043,TOTAL,119434,36.1574,0.238057
1044,0.1044,0,119270,15.8309,-0.158329
1044,0.1044,1,119352,11.6922,0.0928138
1044,0.1044,2,119434,8.6802,0.296029
1044,0.1044,TOTAL,119434,36.2033,0.230513
1045,0.1045,0,119270,15.8455,-0.160371
1045,0.1045,1,119352,11.7122,0.0893887
1045,0.1045,2,119434,8.67401,0.295622
1045,0.1045,TOTAL,119434,36.2317,0.22464
1046,0.1046,0,119270,15.8533,-0.160438
1046,0.1046,1,119352,11.7377,0.0862685
1046,0.1046,2,119434,8.66775,0.295265
1046,0.1046,TOTAL,119434,36.2588,0.221096
1047,0.1047,0,119270,15.8651,-0.159021
1047,0.1047,1,119352,11.7699,0.0836269
1047,0.1047,2,119434,8.66168,0.294876
1047,0.1047,TOTAL,119434,36.2967,0.219481
1048,0.1048,0,119270,15.8825,-0.157302
1048,0.1048,1,119352,11.8088,0.0817358
1048,0.1048,2,119434,8.65584,0.294512
1048,0.1048,TOTAL,119434,36.3471,0.218945
1049,0.1049,0,119270,15.9085,-0.155892
1049,0.1049,1,119352,11.8547,0.0807928
1049,0.1049,2,119434,8.64727,0.294465
1049,0.1049,TOTAL,119434,36.4105,0.219366
1050,0.105,0,119270,15.9379,-0.154195
1050,0.105,1,119352,11.9082,0.0810568
1050,0.105,2,119434,8.64082,0.294089
1050,0.105,TOTAL,119434,36.4869,0.22095
1051,0.1051,0,119270,15.9641,-0.152373
1051,0.1051,1,119352,11.9675,0.0826689
1051,0.1051,2,119434,8.63491,0.293661
1051,0.1051,TOTAL,119434,36.5666,0.223956
1052,0.1052,0,119270,15.9865,-0.151529
1052,0.1052,1,119352,12.0283,0.0857378
1052,0.1052,2,119434,8.62962,0.293189
1052,0.1052,TOTAL,119434,36.6445,0.227397
1053,0.1053,0,119270,16.0135,-0.15204
1053,0.1053,1,119352,12.085,0.0902287
1053,0.1053,2,119434,8.62449,0.29273
1053,0.1053,TOTAL,119434,36.723,0.230918
1054,0.1054,0,119270,16.0339,-0.152565
1054,0.1054,1,119352,12.1333,0.0961254
1054,0.1054,2,119434,8.61965,0.292301
1054,0.1054,TOTAL,119434,36.7869,0.235861
1055,0.1055,0,119270,16.0472,-0.15209
1055,0.1055,1,119352,12.1685,0.103087
1055,0.1055,2,119434,8.61507,0.291875
1055,0.1055,TOTAL,119434,36.8308,0.242872
1056,0.1056,0,119270,16.0621,-0.151214
1056,0.1056,1,119352,12.1879,0.110367
1056,0.1056,2,119434,8.61088,0.291455
1056,0.1056,TOTAL,119434,36.8609,0.250608
1057,0.1057,0,119270,16.0857,-0.150086
1057,0.1057,1,119352,12.191,0.11741
1057,0.1057,2,119434,8.60702,0.291034
1057,0.1057,TOTAL,119434,36.8837,0.258358
1058,0.1058,0,119270,16.1162,-0.148918
1058,0.1058,1,119352,12.1791,0.123872
1058,0.1058,2,119434,8.60368,0.290642
1058,0.1058,TOTAL,119434,36.899,0.265596
1059,0.1059,0,119270,16.1509,-0.148093
1059,0.1059,1,119352,12.1516,0.129596
1059,0.1059,2,119434,8.60055,0.290246
1059,0.1059,TOTAL,119434,36.9031,0.271749
1060,0.106,0,119270,16.1955,-0.147728
1060,0.106,1,119352,12.1065,0.13438
1060,0.106,2,119434,8.59774,0.289871
1060,0.106,TOTAL,119434,36.8998,0.276523
1061,0.1061,0,119270,16.2498,-0.148304
1061,0.1061,1,119352,12.0427,0.138077
1061,0.1061,2,119434,8.5954,0.289515
1061,0.1061,TOTAL,119434,36.8878,0.279288
1062,0.1062,0,119270,16.3039,-0.149515
1062,0.1062,1,119352,11.962,0.140593
1062,0.1062,2,119434,8.59334,0.2892
1062,0.1062,TOTAL,119434,36.8592,0.280278
1063,0.1063,0,119270,16.3532,-0.150807
1063,0.1063,1,119352,11.8651,0.141631
1063,0.1063,2,119434,8.59169,0.28891
1063,0.1063,TOTAL,119434,36.8099,0.279734
1064,0.1064,0,119270,16.3927,-0.152044
1064,0.1064,1,119352,11.7568,0.141295
1064,0.1064,2,119434,8.5904,0.288641
1064,0.1064,TOTAL,119434,36.7399,0.277891
1065,0.1065,0,119270,16.4191,-0.153191
1065,0.1065,1,119352,11.6421,0.139613
1065,0.1065,2,119434,8.58957,0.288426
1065,0.1065,TOTAL,119434,36.6508,0.274848
1066,0.1066,0,119270,16.4321,-0.154436
1066,0.1066,1,119352,11.5284,0.136622
1066,0.1066,2,119434,8.58905,0.28825
1066,0.1066,TOTAL,119434,36.5496,0.270436
1067,0.1067,0,119270,16.4352,-0.155784
1067,0.1067,1,119352,11.4225,0.131849
1067,0.1067,2,119434,8.58876,0.288119
1067,0.1067,TOTAL,119434,36.4465,0.264184
1068,0.1068,0,119270,16.4177,-0.156642
1068,0.1068,1,119352,11.3069,0.125796
1068,0.1068,2,119434,8.58884,0.288041
1068,0.1068,TOTAL,119434,36.3135,0.257194
1069,0.1069,0,119270,16.3978,-0.157525
1069,0.1069,1,119352,11.196,0.120236
1069,0.1069,2,119434,8.58924,0.288026
1069,0.1069,TOTAL,119434,36.183,0.250738
1070,0.107,0,119270,16.3639,-0.157875
1070,0.107,1,119352,11.1104,0.114394
1070,0.107,2,119434,8.58993,0.288077
1070,0.107,TOTAL,119434,36.0642,0.244596
1071,0.1071,0,119270,16.3012,-0.156106
1071,0.1071,1,119352,11.042,0.107568
1071,0.1071,2,119434,8.59096,0.288196
1071,0.1071,TOTAL,119434,35.9341,0.239658
1072,0.1072,0,119270,16.241,-0.153186
1072,0.1072,1,119352,11.0142,0.1018
1072,0.1072,2,119434,8.59226,0.288403
1072,0.1072,TOTAL,119434,35.8475,0.237018
1073,0.1073,0,119270,16.2034,-0.149547
1073,0.1073,1,119352,10.9976,0.0990674
1073,0.1073,2,119434,8.59388,0.288725
1073,0.1073,TOTAL,119434,35.7948,0.238246
1074,0.1074,0,119270,16.1731,-0.145409
1074,0.1074,1,119352,10.9761,0.0984337
1074,0.1074,2,119434,8.59593,0.289122
1074,0.1074,TOTAL,119434,35.7451,0.242146
1075,0.1075,0,119270,16.1683,-0.141085
1075,0.1075,1,119352,10.9354,0.0885026
1075,0.1075,2,119434,8.59851,0.2896
1075,0.1075,TOTAL,119434,35.7023,0.237018
1076,0.1076,0,119270,16.2019,-0.137836
1076,0.1076,1,119352,10.9407,0.0888161
1076,0.1076,2,119434,8.60164,0.290192
1076,0.1076,TOTAL,119434,35.7442,0.241172
1077,0.1077,0,119270,16.2783,-0.136128
1077,0.1077,1,119352,10.9227,0.0904796
1077,0.1077,2,119434,8.60521,0.290885
1077,0.1077,TOTAL,119434,35.8062,0.245236
1078,0.1078,0,119270,16.3794,-0.13848
1078,0.1078,1,119352,10.9033,0.0921458
1078,0.1078,2,119434,8.60943,0.291696
1078,0.1078,TOTAL,119434,35.8921,0.245361
1079,0.1079,0,119270,16.5204,-0.144231
1079,0.1079,1,119352,10.8903,0.0946528
1079,0.1079,2,119434,8.61462,0.292605
1079,0.1079,TOTAL,119434,36.0253,0.243026
1080,0.108,0,119270,16.6839,-0.151263
1080,0.108,1,119352,10.8841,0.0983011
1080,0.108,2,119434,8.62029,0.293685
1080,0.108,TOTAL,119434,36.1883,0.240723
1081,0.1081,0,119270,16.8414,-0.160706
1081,0.1081,1,119352,10.8723,0.101608
1081,0.1081,2,119434,8.62701,0.294889
1081,0.1081,TOTAL,119434,36.3407,0.23579
1082,0.1082,0,119270,16.9857,-0.170775
1082,0.1082,1,119352,10.8689,0.104425
1082,0.1082,2,119434,8.63495,0.296206
1082,0.1082,TOTAL,119434,36.4896,0.229855
1083,0.1083,0,119270,17.076,-0.18085
1083,0.1083,1,119352,10.8665,0.106256
1083,0.1083,2,119434,8.64436,0.297625
1083,0.1083,TOTAL,119434,36.5868,0.223031
1084,0.1084,0,119270,17.1175,-0.185431
1084,0.1084,1,119352,10.8624,0.107526
1084,0.1084,2,119434,8.65526,0.299141
1084,0.1084,TOTAL,119434,36.6352,0.221236
1085,0.1085,0,119270,17.1286,-0.186125
1085,0.1085,1,119352,10.8566,0.108309
1085,0.1085,2,119434,8.66793,0.300762
1085,0.1085,TOTAL,119434,36.6532,0.222946
1086,0.1086,0,119270,17.1392,-0.181146
1086,0.1086,1,119352,10.8484,0.108803
1086,0.1086,2,119434,8.68259,0.302476
1086,0.1086,TOTAL,119434,36.6702,0.230132
1087,0.1087,0,119270,17.1211,-0.175703
1087,0.1087,1,119352,10.8384,0.109261
1087,0.1087,2,119434,8.69946,0.304302
1087,0.1087,TOTAL,119434,36.6589,0.237861
1088,0.1088,0,119270,17.1447,-0.170166
1088,0.1088,1,119352,10.8281,0.109795
1088,0.1088,2,119434,8.71888,0.306276
1088,0.1088,TOTAL,119434,36.6917,0.245906
1089,0.1089,0,119270,17.1684,-0.164774
1089,0.1089,1,119352,10.8194,0.110392
1089,0.1089,2,119434,8.74136,0.308459
1089,0.1089,TOTAL,119434,36.7292,0.254077
1090,0.109,0,119270,17.2294,-0.160452
1090,0.109,1,119352,10.8143,0.110846
1090,0.109,2,119434,8.76754,0.310911
1090,0.109,TOTAL,119434,36.8112,0.261305
1091,0.1091,0,119270,17.2621,-0.15655
1091,0.1091,1,119352,10.8141,0.110688
1091,0.1091,2,119434,8.79867,0.313758
1091,0.1091,TOTAL,119434,36.8748,0.267897
1092,0.1092,0,119270,17.2732,-0.15457
1092,0.1092,1,119352,10.8205,0.109093
1092,0.1092,2,119434,8.83588,0.317031
1092,0.1092,TOTAL,119434,36.9296,0.271553
1093,0.1093,0,119270,17.2725,-0.154182
1093,0.1093,1,119352,10.832,0.106135
1093,0.1093,2,119434,8.87705,0.320546
1093,0.1093,TOTAL,119434,36.9815,0.272499
1094,0.1094,0,119270,17.2412,-0.154222
1094,0.1094,1,119352,10.8398,0.10301
1094,0.1094,2,119434,8.92401,0.324661
1094,0.1094,TOTAL,119434,37.005,0.273448
1095,0.1095,0,119270,17.2203,-0.156276
1095,0.1095,1,119352,10.8441,0.100156
1095,0.1095,2,119434,8.97551,0.330869
1095,0.1095,TOTAL,119434,37.0399,0.274749
1096,0.1096,0,119270,17.1966,-0.159446
1096,0.1096,1,119352,10.8518,0.0976195
1096,0.1096,2,119434,9.02277,0.34187
1096,0.1096,TOTAL,119434,37.0712,0.280044
1097,0.1097,0,119270,17.1473,-0.16193
1097,0.1097,1,119352,10.8633,0.0957242
1097,0.1097,2,119434,9.04572,0.347232
1097,0.1097,TOTAL,119434,37.0564,0.281026
1098,0.1098,0,119270,17.0811,-0.164098
1098,0.1098,1,119352,10.8768,0.0944304
1098,0.1098,2,119434,9.04908,0.348742
1098,0.1098,TOTAL,119434,37.007,0.279074
1099,0.1099,0,119270,17.0023,-0.16627
1099,0.1099,1,119352,10.8901,0.0937074
1099,0.1099,2,119434,9.03686,0.34736
1099,0.1099,TOTAL,119434,36.9293,0.274797
1100,0.11,0,119270,16.9022,-0.168366
1100,0.11,1,119352,10.9012,0.0937694
1100,0.11,2,119434,9.013,0.343667
1100,0.11,TOTAL,119434,36.8165,0.26907
1101,0.1101,0,119270,16.8186,-0.170225
1101,0.1101,1,119352,10.9114,0.0948301
1101,0.1101,2,119434,8.9834,0.338976
1101,0.1101,TOTAL,119434,36.7134,0.263581
1102,0.1102,0,119270,16.7639,-0.171633
1102,0.1102,1,119352,10.922,0.096515
1102,0.1102,2,119434,8.95328,0.334216
1102,0.1102,TOTAL,119434,36.6392,0.259098
1103,0.1103,0,119270,16.7138,-0.172706
1103,0.1103,1,119352,10.9325,0.0985023
1103,0.1103,2,119434,8.92522,0.329788
1103,0.1103,TOTAL,119434,36.5715,0.255584
1104,0.1104,0,119270,16.6574,-0.173298
1104,0.1104,1,119352,10.9408,0.100629
1104,0.1104,2,119434,8.90006,0.325846
1104,0.1104,TOTAL,119434,36.4983,0.253177
1105,0.1105,0,119270,16.6008,-0.173853
1105,0.1105,1,119352,10.9455,0.102727
1105,0.1105,2,119434,8.87777,0.322369
1105,0.1105,TOTAL,119434,36.4241,0.251243
1106,0.1106,0,119270,16.5388,-0.17486
1106,0.1106,1,119352,10.9452,0.104161
1106,0.1106,2,119434,8.85805,0.319342
1106,0.1106,TOTAL,119434,36.3421,0.248643
1107,0.1107,0,119270,16.4706,-0.176242
1107,0.1107,1,119352,10.9424,0.104713
1107,0.1107,2,119434,8.84041,0.316692
1107,0.1107,TOTAL,119434,36.2534,0.245163
1108,0.1108,0,119270,16.4014,-0.177593
1108,0.1108,1,119352,10.9395,0.104277
1108,0.1108,2,119434,8.82473,0.314322
1108,0.1108,TOTAL,119434,36.1657,0.241005
1109,0.1109,0,119270,16.3326,-0.178748
1109,0.1109,1,119352,10.9361,0.103294
1109,0.1109,2,119434,8.81056,0.312217
1109,0.1109,TOTAL,119434,36.0792,0.236762
1110,0.111,0,119270,16.2712,-0.18001
1110,0.111,1,119352,10.9315,0.101933
1110,0.111,2,119434,8.79777,0.31032
1110,0.111,TOTAL,119434,36.0005,0.232243
1111,0.1111,0,119270,16.2253,-0.18139
1111,0.1111,1,119352,10.9265,0.100449
1111,0.1111,2,119434,8.78607,0.308613
1111,0.1111,TOTAL,119434,35.9378,0.227672
1112,0.1112,0,119270,16.1892,-0.182197
1112,0.1112,1,119352,10.9213,0.0989711
1112,0.1112,2,119434,8.77532,0.307083
1112,0.1112,TOTAL,119434,35.8858,0.223857
1113,0.1113,0,119270,16.1471,-0.18184
1113,0.1113,1,119352,10.9153,0.097637
1113,0.1113,2,119434,8.76529,0.305699
1113,0.1113,TOTAL,119434,35.8276,0.221496
1114,0.1114,0,119270,16.0947,-0.180972
1114,0.1114,1,119352,10.9081,0.0964826
1114,0.1114,2,119434,8.756,0.304434
1114,0.1114,TOTAL,119434,35.7588,0.219945
1115,0.1115,0,119270,16.0202,-0.178171
1115,0.1115,1,119352,10.8995,0.0955061
1115,0.1115,2,119434,8.7472,0.303292
1115,0.1115,TOTAL,119434,35.667,0.220627
1116,0.1116,0,119270,15.9322,-0.174348
1116,0.1116,1,119352,10.8876,0.0945912
1116,0.1116,2,119434,8.73887,0.302231
1116,0.1116,TOTAL,119434,35.5587,0.222474
1117,0.1117,0,119270,15.8424,-0.170184
1117,0.1117,1,119352,10.8698,0.0936668
1117,0.1117,2,119434,8.73087,0.301257
1117,0.1117,TOTAL,119434,35.4431,0.22474
1118,0.1118,0,119270,15.7492,-0.166263
1118,0.1118,1,119352,10.8452,0.0927343
1118,0.1118,2,119434,8.72324,0.300348
1118,0.1118,TOTAL,119434,35.3176,0.22682
1119,0.1119,0,119270,15.6647,-0.162125
1119,0.1119,1,119352,10.8156,0.0917484
1119,0.1119,2,119434,8.71593,0.299518
1119,0.1119,TOTAL,119434,35.1962,0.229142
1120,0.112,0,119270,15.5919,-0.157993
1120,0.112,1,119352,10.7827,0.0903496
1120,0.112,2,119434,8.70889,0.298735
1120,0.112,TOTAL,119434,35.0836,0.231091
1121,0.1121,0,119270,15.5321,-0.154324
1121,0.1121,1,119352,10.7429,0.0884654
1121,0.1121,2,119434,8.70205,0.297996
1121,0.1121,TOTAL,119434,34.977,0.232137
1122,0.1122,0,119270,15.4865,-0.150743
1122,0.1122,1,119352,10.6992,0.0870663
1122,0.1122,2,119434,8.69554,0.297332
1122,0.1122,TOTAL,119434,34.8812,0.233655
1123,0.1123,0,119270,15.4514,-0.148324
1123,0.1123,1,119352,10.6729,0.0856237
1123,0.1123,2,119434,8.68925,0.296713
1123,0.1123,TOTAL,119434,34.8135,0.234012
1124,0.1124,0,119270,15.432,-0.146532
1124,0.1124,1,119352,10.6572,0.0788266
1124,0.1124,2,119434,8.68304,0.296125
1124,0.1124,TOTAL,119434,34.7722,0.22842
1125,0.1125,0,119270,15.4265,-0.144906
1125,0.1125,1,119352,10.6569,0.0740331
1125,0.1125,2,119434,8.67705,0.295587
1125,0.1125,TOTAL,119434,34.7604,0.224715
1126,0.1126,0,119270,15.4403,-0.144709
1126,0.1126,1,119352,10.6965,0.0734793
1126,0.1126,2,119434,8.67124,0.295084
1126,0.1126,TOTAL,119434,34.808,0.223854
1127,0.1127,0,119270,15.4629,-0.142673
1127,0.1127,1,119352,10.7403,0.0736385
1127,0.1127,2,119434,8.66553,0.29462
1127,0.1127,TOTAL,119434,34.8688,0.225586
1128,0.1128,0,119270,15.5177,-0.142493
1128,0.1128,1,119352,10.7897,0.0743576
1128,0.1128,2,119434,8.65996,0.294187
1128,0.1128,TOTAL,119434,34.9674,0.226052
1129,0.1129,0,119270,15.5751,-0.144566
1129,0.1129,1,119352,10.8439,0.0758418
1129,0.1129,2,119434,8.65446,0.293787
1129,0.1129,TOTAL,119434,35.0735,0.225063
1130,0.113,0,119270,15.6415,-0.147325
1130,0.113,1,119352,10.8975,0.0774057
1130,0.113,2,119434,8.64902,0.293391
1130,0.113,TOTAL,119434,35.188,0.223473
1131,0.1131,0,119270,15.7191,-0.151174
1131,0.1131,1,119352,10.9537,0.0794142
1131,0.1131,2,119434,8.64376,0.292995
1131,0.1131,TOTAL,119434,35.3165,0.221235
1132,0.1132,0,119270,15.7933,-0.155536
1132,0.1132,1,119352,11.0095,0.0815244
1132,0.1132,2,119434,8.63842,0.292702
1132,0.1132,TOTAL,119434,35.4412,0.21869
1133,0.1133,0,119270,15.8418,-0.1601
1133,0.1133,1,119352,11.0668,0.083471
1133,0.1133,2,119434,8.63318,0.29243
1133,0.1133,TOTAL,119434,35.5418,0.215801
1134,0.1134,0,119270,15.8667,-0.163728
1134,0.1134,1,119352,11.1251,0.0854684
1134,0.1134,2,119434,8.62811,0.292193
1134,0.1134,TOTAL,119434,35.62,0.213934
1135,0.1135,0,119270,15.8794,-0.165818
1135,0.1135,1,119352,11.1863,0.0875609
1135,0.1135,2,119434,8.62316,0.291939
1135,0.1135,TOTAL,119434,35.6889,0.213682
1136,0.1136,0,119270,15.892,-0.166737
1136,0.1136,1,119352,11.2489,0.0894273
1136,0.1136,2,119434,8.61847,0.291674
1136,0.1136,TOTAL,119434,35.7594,0.214364
1137,0.1137,0,119270,15.9081,-0.166995
1137,0.1137,1,119352,11.3094,0.0911829
1137,0.1137,2,119434,8.61409,0.291394
1137,0.1137,TOTAL,119434,35.8317,0.215582
1138,0.1138,0,119270,15.9197,-0.167498
1138,0.1138,1,119352,11.3663,0.0927351
1138,0.1138,2,119434,8.60981,0.291177
1138,0.1138,TOTAL,119434,35.8958,0.216415
1139,0.1139,0,119270,15.924,-0.167702
1139,0.1139,1,119352,11.4191,0.094109
1139,0.1139,2,119434,8.60574,0.290915
1139,0.1139,TOTAL,119434,35.9488,0.217322
1140,0.114,0,119270,15.9285,-0.166803
1140,0.114,1,119352,11.4682,0.0952916
1140,0.114,2,119434,8.60229,0.290561
1140,0.114,TOTAL,119434,35.999,0.21905
1141,0.1141,0,119270,15.9289,-0.16578
1141,0.1141,1,119352,11.5119,0.0965321
1141,0.1141,2,119434,8.59925,0.290183
1141,0.1141,TOTAL,119434,36.0401,0.220935
1142,0.1142,0,119270,15.9195,-0.165805
1142,0.1142,1,119352,11.5506,0.0980844
1142,0.1142,2,119434,8.5966,0.289813
1142,0.1142,TOTAL,119434,36.0667,0.222093
1143,0.1143,0,119270,15.8937,-0.1645
1143,0.1143,1,119352,11.5854,0.0995193
1143,0.1143,2,119434,8.59424,0.289453
1143,0.1143,TOTAL,119434,36.0733,0.224473
1144,0.1144,0,119270,15.8692,-0.161127
1144,0.1144,1,119352,11.619,0.0995771
1144,0.1144,2,119434,8.59237,0.289082
1144,0.1144,TOTAL,119434,36.0806,0.227532
1145,0.1145,0,119270,15.8478,-0.156564
1145,0.1145,1,119352,11.6448,0.0990916
1145,0.1145,2,119434,8.59093,0.288713
1145,0.1145,TOTAL,119434,36.0835,0.231241
1146,0.1146,0,119270,15.8524,-0.15113
1146,0.1146,1,119352,11.6626,0.0977384
1146,0.1146,2,119434,8.58981,0.288377
1146,0.1146,TOTAL,119434,36.1049,0.234986
1147,0.1147,0,119270,15.8875,-0.145618
1147,0.1147,1,119352,11.6805,0.0955235
1147,0.1147,2,119434,8.58927,0.28805
1147,0.1147,TOTAL,119434,36.1573,0.237955
1148,0.1148,0,119270,15.9473,-0.141776
1148,0.1148,1,119352,11.6997,0.0926646
1148,0.1148,2,119434,8.58913,0.287741
1148,0.1148,TOTAL,119434,36.2361,0.23863
1149,0.1149,0,119270,16.0187,-0.14042
1149,0.1149,1,119352,11.7219,0.0895812
1149,0.1149,2,119434,8.58943,0.287478
1149,0.1149,TOTAL,119434,36.3301,0.236639
1150,0.115,0,119270,16.0885,-0.140872
1150,0.115,1,119352,11.7479,0.0867442
1150,0.115,2,119434,8.59003,0.287294
1150,0.115,TOTAL,119434,36.4265,0.233166
1151,0.1151,0,119270,16.1469,-0.142527
1151,0.1151,1,119352,11.7797,0.0843322
1151,0.1151,2,119434,8.59116,0.287193
1151,0.1151,TOTAL,119434,36.5177,0.228998
1152,0.1152,0,119270,16.1973,-0.145032
1152,0.1152,1,119352,11.8182,0.0826183
1152,0.1152,2,119434,8.59247,0.287168
1152,0.1152,TOTAL,119434,36.6079,0.224754
1153,0.1153,0,119270,16.2333,-0.147665
1153,0.1153,1,119352,11.8634,0.0818148
1153,0.1153,2,119434,8.59406,0.287235
1153,0.1153,TOTAL,119434,36.6907,0.221384
1154,0.1154,0,119270,16.2646,-0.150221
1154,0.1154,1,119352,11.9156,0.0819945
1154,0.1154,2,119434,8.5961,0.287365
1154,0.1154,TOTAL,119434,36.7763,0.219138
1155,0.1155,0,119270,16.2864,-0.152694
1155,0.1155,1,119352,11.9734,0.083381
1155,0.1155,2,119434,8.59853,0.287593
1155,0.1155,TOTAL,119434,36.8583,0.21828
1156,0.1156,0,119270,16.3077,-0.155325
1156,0.1156,1,119352,12.0328,0.0861481
1156,0.1156,2,119434,8.60141,0.287943
1156,0.1156,TOTAL,119434,36.9419,0.218767
1157,0.1157,0,119270,16.324,-0.157686
1157,0.1157,1,119352,12.0898,0.0902917
1157,0.1157,2,119434,8.6049,0.288398
1157,0.1157,TOTAL,119434,37.0187,0.221004
1158,0.1158,0,119270,16.3306,-0.158897
1158,0.1158,1,119352,12.1395,0.0958457
1158,0.1158,2,119434,8.60899,0.288997
1158,0.1158,TOTAL,119434,37.0791,0.225946
1159,0.1159,0,119270,16.3284,-0.159648
1159,0.1159,1,119352,12.1767,0.102487
1159,0.1159,2,119434,8.61368,0.289715
1159,0.1159,TOTAL,119434,37.1188,0.232554
1160,0.116,0,119270,16.3028,-0.158258
1160,0.116,1,119352,12.1982,0.109564
1160,0.116,2,119434,8.61909,0.290547
1160,0.116,TOTAL,119434,37.1201,0.241853
1161,0.1161,0,119270,16.2611,-0.155994
1161,0.1161,1,119352,12.2041,0.116404
1161,0.1161,2,119434,8.62551,0.291506
1161,0.1161,TOTAL,119434,37.0907,0.251915
1162,0.1162,0,119270,16.2172,-0.152952
1162,0.1162,1,119352,12.1952,0.122762
1162,0.1162,2,119434,8.63285,0.292534
1162,0.1162,TOTAL,119434,37.0452,0.262344
1163,0.1163,0,119270,16.1795,-0.149554
1163,0.1163,1,119352,12.171,0.12844
1163,0.1163,2,119434,8.64146,0.293675
1163,0.1163,TOTAL,119434,36.992,0.27256
1164,0.1164,0,119270,16.1542,-0.145169
1164,0.1164,1,119352,12.1295,0.13326
1164,0.1164,2,119434,8.65122,0.294927
1164,0.1164,TOTAL,119434,36.9349,0.283018
1165,0.1165,0,119270,16.1644,-0.141652
1165,0.1165,1,119352,12.0693,0.136984
1165,0.1165,2,119434,8.66236,0.296248
1165,0.1165,TOTAL,119434,36.896,0.29158
1166,0.1166,0,119270,16.1803,-0.138739
1166,0.1166,1,119352,11.991,0.139452
1166,0.1166,2,119434,8.67497,0.297645
1166,0.1166,TOTAL,119434,36.8463,0.298358
1167,0.1167,0,119270,16.24,-0.13676
1167,0.1167,1,119352,11.8973,0.140624
1167,0.1167,2,119434,8.68949,0.299133
1167,0.1167,TOTAL,119434,36.8268,0.302997
1168,0.1168,0,119270,16.3372,-0.138984
1168,0.1168,1,119352,11.7921,0.140527
1168,0.1168,2,119434,8.70616,0.300699
1168,0.1168,TOTAL,119434,36.8355,0.302241
1169,0.1169,0,119270,16.4159,-0.142939
1169,0.1169,1,119352,11.6809,0.139192
1169,0.1169,2,119434,8.72514,0.302367
1169,0.1169,TOTAL,119434,36.822,0.29862
1170,0.117,0,119270,16.5182,-0.148343
1170,0.117,1,119352,11.57,0.136495
1170,0.117,2,119434,8.7469,0.304248
1170,0.117,TOTAL,119434,36.8351,0.2924
1171,0.1171,0,119270,16.6214,-0.15251
1171,0.1171,1,119352,11.4619,0.131946
1171,0.1171,2,119434,8.77172,0.306419
1171,0.1171,TOTAL,119434,36.8551,0.285855
1172,0.1172,0,119270,16.6766,-0.156079
1172,0.1172,1,119352,11.3432,0.126606
1172,0.1172,2,119434,8.79916,0.309025
1172,0.1172,TOTAL,119434,36.819,0.279552
1173,0.1173,0,119270,16.7299,-0.1583
1173,0.1173,1,119352,11.2268,0.121521
1173,0.1173,2,119434,8.8284,0.312012
1173,0.1173,TOTAL,119434,36.7851,0.275232
1174,0.1174,0,119270,16.7461,-0.159461
1174,0.1174,1,119352,11.1152,0.11807
1174,0.1174,2,119434,8.85857,0.314931
1174,0.1174,TOTAL,119434,36.7199,0.27354
1175,0.1175,0,119270,16.6979,-0.155623
1175,0.1175,1,119352,11.0314,0.104324
1175,0.1175,2,119434,8.88982,0.318174
1175,0.1175,TOTAL,119434,36.6191,0.266875
1176,0.1176,0,119270,16.6465,-0.149089
1176,0.1176,1,119352,10.9931,0.0985362
1176,0.1176,2,119434,8.92375,0.322988
1176,0.1176,TOTAL,119434,36.5633,0.272435
1177,0.1177,0,119270,16.6362,-0.143353
1177,0.1177,1,119352,10.9791,0.0942208
1177,0.1177,2,119434,8.95959,0.33207
1177,0.1177,TOTAL,119434,36.5749,0.282938
1178,0.1178,0,119270,16.6652,-0.14065
1178,0.1178,1,119352,10.9651,0.0922704
1178,0.1178,2,119434,8.99141,0.340623
1178,0.1178,TOTAL,119434,36.6217,0.292243
1179,0.1179,0,119270,16.7114,-0.140337
1179,0.1179,1,119352,10.9488,0.0914197
1179,0.1179,2,119434,9.00191,0.341806
1179,0.1179,TOTAL,119434,36.6622,0.292889
1180,0.118,0,119270,16.7588,-0.143099
1180,0.118,1,119352,10.943,0.0910931
1180,0.118,2,119434,8.99139,0.339758
1180,0.118,TOTAL,119434,36.6932,0.287752
1181,0.1181,0,119270,16.8054,-0.147765
1181,0.1181,1,119352,10.9374,0.0909134
1181,0.1181,2,119434,8.96954,0.336564
1181,0.1181,TOTAL,119434,36.7123,0.279713
1182,0.1182,0,119270,16.8047,-0.154816
1182,0.1182,1,119352,10.926,0.0916325
1182,0.1182,2,119434,8.94113,0.332491
1182,0.1182,TOTAL,119434,36.6718,0.269308
1183,0.1183,0,119270,16.7827,-0.162797
1183,0.1183,1,119352,10.9127,0.0937403
1183,0.1183,2,119434,8.91302,0.328422
1183,0.1183,TOTAL,119434,36.6084,0.259365
1184,0.1184,0,119270,16.7533,-0.169216
1184,0.1184,1,119352,10.9124,0.097339
1184,0.1184,2,119434,8.8885,0.324788
1184,0.1184,TOTAL,119434,36.5542,0.25291
1185,0.1185,0,119270,16.7082,-0.173426
1185,0.1185,1,119352,10.8959,0.102048
1185,0.1185,2,119434,8.86757,0.321577
1185,0.1185,TOTAL,119434,36.4717,0.250199
1186,0.1186,0,119270,16.6439,-0.175999
1186,0.1186,1,119352,10.8912,0.10516
1186,0.1186,2,119434,8.84978,0.318767
1186,0.1186,TOTAL,119434,36.3849,0.247928
1187,0.1187,0,119270,16.5764,-0.177305
1187,0.1187,1,119352,10.8826,0.107567
1187,0.1187,2,119434,8.83458,0.31636
1187,0.1187,TOTAL,119434,36.2937,0.246621
1188,0.1188,0,119270,16.5132,-0.178047
1188,0.1188,1,119352,10.8789,0.109548
1188,0.1188,2,119434,8.82142,0.31426
1188,0.1188,TOTAL,119434,36.2135,0.245761
1189,0.1189,0,119270,16.4601,-0.178732
1189,0.1189,1,119352,10.878,0.111311
1189,0.1189,2,119434,8.80985,0.312392
1189,0.1189,TOTAL,119434,36.1479,0.244971
1190,0.119,0,119270,16.4217,-0.179568
1190,0.119,1,119352,10.8785,0.113066
1190,0.119,2,119434,8.7995,0.310685
1190,0.119,TOTAL,119434,36.0997,0.244183
1191,0.1191,0,119270,16.3975,-0.18053
1191,0.1191,1,119352,10.881,0.114896
1191,0.1191,2,119434,8.79015,0.309155
1191,0.1191,TOTAL,119434,36.0687,0.243521
1192,0.1192,0,119270,16.3831,-0.181578
1192,0.1192,1,119352,10.8854,0.116789
1192,0.1192,2,119434,8.78147,0.30773
1192,0.1192,TOTAL,119434,36.05,0.242941
1193,0.1193,0,119270,16.374,-0.182714
1193,0.1193,1,119352,10.8906,0.118448
1193,0.1193,2,119434,8.77333,0.30646
1193,0.1193,TOTAL,119434,36.0379,0.242195
1194,0.1194,0,119270,16.3652,-0.183909
1194,0.1194,1,119352,10.894,0.119271
1194,0.1194,2,119434,8.76555,0.30533
1194,0.1194,TOTAL,119434,36.0247,0.240693
1195,0.1195,0,119270,16.3565,-0.184982
1195,0.1195,1,119352,10.8947,0.119063
1195,0.1195,2,119434,8.75798,0.304328
1195,0.1195,TOTAL,119434,36.0092,0.238409
1196,0.1196,0,119270,16.3412,-0.185943
1196,0.1196,1,119352,10.8932,0.117713
1196,0.1196,2,119434,8.75053,0.303426
1196,0.1196,TOTAL,119434,35.985,0.235197
1197,0.1197,0,119270,16.3187,-0.186888
1197,0.1197,1,119352,10.8938,0.114699
1197,0.1197,2,119434,8.74302,0.302577
1197,0.1197,TOTAL,119434,35.9555,0.230388
1198,0.1198,0,119270,16.2917,-0.187811
1198,0.1198,1,119352,10.8909,0.110798
1198,0.1198,2,119434,8.7357,0.301799
1198,0.1198,TOTAL,119434,35.9183,0.224786
1199,0.1199,0,119270,16.2644,-0.188512
1199,0.1199,1,119352,10.8821,0.106855
1199,0.1199,2,119434,8.72844,0.301045
1199,0.1199,TOTAL,119434,35.875,0.219388
