step,status,use_hs3d,panels,max_abs_mu,mu_bound,max_surface_speed,v_bound,max_vt_outer,max_dmu_adj,n_te_pairs,seed_strips,seed_sum,seed_sign,n_over_bound,vt_p50,vt_p99,i_chord_at_max,i_span_at_max,rejected,reject_count,Fx,Fy,Fz
0,0,1,2520,8.50672,0,0,340.858,0,0,19,19,36.2286,1,0,0,0,-1,-1,0,0,0.249628,-0.00290724,-1.26342
1,0,1,2520,377.402,0,0,340.858,0,0,19,19,36.2286,1,0,0,0,-1,-1,0,0,3.72181,-0.0226432,-19.8074
2,0,1,2520,377.234,0,0,340.858,0,0,19,19,36.2286,1,0,0,0,-1,-1,0,0,3.73913,-0.0238516,-19.8092
3,0,1,2520,377.146,0,0,340.858,0,0,19,19,36.2286,1,0,0,0,-1,-1,0,0,3.75363,-0.0248344,-19.8107
4,0,1,2520,377.121,0,0,340.858,0,0,19,19,36.2286,1,0,0,0,-1,-1,0,0,3.76576,-0.0256487,-19.812
5,0,1,2520,377.129,0,0,340.858,0,0,19,19,36.2286,1,0,0,0,-1,-1,0,0,3.7763,-0.0263798,-19.813
6,0,1,2520,377.141,0,0,340.858,0,0,19,19,36.2286,1,0,0,0,-1,-1,0,0,3.7862,-0.0271129,-19.8137
7,0,1,2520,377.132,0,0,340.858,0,0,19,19,36.2286,1,0,0,0,-1,-1,0,0,3.79633,-0.0279191,-19.8141
8,0,1,2520,377.086,0,0,340.858,0,0,19,19,36.2286,1,0,0,0,-1,-1,0,0,3.8074,-0.0288528,-19.8143
9,0,1,2520,376.997,0,0,340.858,0,0,19,19,36.2286,1,0,0,0,-1,-1,0,0,3.81984,-0.029949,-19.8142
10,0,1,2520,376.861,0,0,340.858,0,0,19,19,36.2286,1,0,0,0,-1,-1,0,0,3.83392,-0.0312253,-19.814
11,0,1,2520,376.675,0,0,340.858,0,0,19,19,36.2286,1,0,0,0,-1,-1,0,0,3.84986,-0.0326946,-19.8138
12,0,1,2520,376.436,0,0,340.858,0,0,19,19,36.2286,1,0,0,0,-1,-1,0,0,3.86784,-0.034368,-19.8136
13,0,1,2520,376.146,0,0,340.858,0,0,19,19,36.2286,1,0,0,0,-1,-1,0,0,3.88793,-0.0362503,-19.8136
14,0,1,2520,375.806,0,0,340.858,0,0,19,19,36.2286,1,0,0,0,-1,-1,0,0,3.91002,-0.0383303,-19.8138
15,0,1,2520,375.424,0,0,340.858,0,0,19,19,36.2286,1,0,0,0,-1,-1,0,0,3.9339,-0.0405852,-19.8144
16,0,1,2520,375.011,0,0,340.858,0,0,19,19,36.2286,1,0,0,0,-1,-1,0,0,3.95901,-0.0429858,-19.8153
17,0,1,2520,374.575,0,0,340.858,0,0,19,19,36.2286,1,0,0,0,-1,-1,0,0,3.98499,-0.0455022,-19.8167
18,0,1,2520,374.126,0,0,340.858,0,0,19,19,36.2286,1,0,0,0,-1,-1,0,0,4.01138,-0.0481006,-19.8185
19,0,1,2520,373.678,0,0,340.858,0,0,19,19,36.2286,1,0,0,0,-1,-1,0,0,4.03754,-0.0507381,-19.8208
20,0,1,2520,373.246,0,0,340.858,0,0,19,19,36.2286,1,0,0,0,-1,-1,0,0,4.06296,-0.0533579,-19.8234
21,0,1,2520,372.842,0,0,340.858,0,0,19,19,36.2286,1,0,0,0,-1,-1,0,0,4.08713,-0.055894,-19.8264
22,0,1,2520,372.481,0,0,340.858,0,0,19,19,36.2286,1,0,0,0,-1,-1,0,0,4.10955,-0.0582743,-19.8297
23,0,1,2520,372.18,0,0,340.858,0,0,19,19,36.2286,1,0,0,0,-1,-1,0,0,4.12977,-0.0604088,-19.8332
24,0,1,2520,371.956,0,0,340.858,0,0,19,19,36.2286,1,0,0,0,-1,-1,0,0,4.14739,-0.0622007,-19.8368
25,0,1,2520,371.816,0,0,340.858,0,0,19,19,36.2286,1,0,0,0,-1,-1,0,0,4.16217,-0.0635783,-19.8403
26,0,1,2520,371.764,0,0,340.858,0,0,19,19,36.2286,1,0,0,0,-1,-1,0,0,4.17405,-0.0644947,-19.8435
27,0,1,2520,371.805,0,0,340.858,0,0,19,19,36.2286,1,0,0,0,-1,-1,0,0,4.18301,-0.0649098,-19.8463
28,0,1,2520,371.921,0,0,340.858,0,0,19,19,36.2286,1,0,0,0,-1,-1,0,0,4.18932,-0.0648565,-19.8485
29,0,1,2520,372.108,0,0,340.858,0,0,19,19,36.2286,1,0,0,0,-1,-1,0,0,4.19339,-0.0643664,-19.8502
30,0,1,2520,372.334,0,0,340.858,0,0,19,19,36.2286,1,0,0,0,-1,-1,0,0,4.19592,-0.0635673,-19.8511
31,0,1,2520,372.58,0,0,340.858,0,0,19,19,36.2286,1,0,0,0,-1,-1,0,0,4.19763,-0.0625746,-19.8514
32,0,1,2520,372.817,0,0,340.858,0,0,19,19,36.2286,1,0,0,0,-1,-1,0,0,4.19937,-0.0615416,-19.8509
33,0,1,2520,373.016,0,0,340.858,0,0,19,19,36.2286,1,0,0,0,-1,-1,0,0,4.202,-0.0606263,-19.8499
34,0,1,2520,373.154,0,0,340.858,0,0,19,19,36.2286,1,0,0,0,-1,-1,0,0,4.20632,-0.0599683,-19.8483
35,0,1,2520,373.207,0,0,340.858,0,0,19,19,36.2286,1,0,0,0,-1,-1,0,0,4.21306,-0.0596951,-19.8464
36,0,1,2520,373.158,0,0,340.858,0,0,19,19,36.2286,1,0,0,0,-1,-1,0,0,4.22281,-0.0598962,-19.8443
37,0,1,2520,372.995,0,0,340.858,0,0,19,19,36.2286,1,0,0,0,-1,-1,0,0,4.23598,-0.060634,-19.8422
38,0,1,2520,372.71,0,0,340.858,0,0,19,19,36.2286,1,0,0,0,-1,-1,0,0,4.2528,-0.0619348,-19.8404
39,0,1,2520,372.309,0,0,340.858,0,0,19,19,36.2286,1,0,0,0,-1,-1,0,0,4.27323,-0.0637845,-19.8393
40,0,1,2520,371.812,0,0,340.858,0,0,19,19,36.2286,1,0,0,0,-1,-1,0,0,4.29673,-0.0661284,-19.8391
41,0,1,2520,371.257,0,0,340.858,0,0,19,19,36.2286,1,0,0,0,-1,-1,0,0,4.32219,-0.0688816,-19.8401
42,0,1,2520,370.697,0,0,340.858,0,0,19,19,36.2286,1,0,0,0,-1,-1,0,0,4.34803,-0.0719176,-19.8419
43,0,1,2520,370.171,0,0,340.858,0,0,19,19,36.2286,1,0,0,0,-1,-1,0,0,4.37265,-0.0750766,-19.8437
44,0,1,2520,369.704,0,0,340.858,0,0,19,19,36.2286,1,0,0,0,-1,-1,0,0,4.3948,-0.0781714,-19.8451
45,0,1,2520,369.317,0,0,340.858,0,0,19,19,36.2286,1,0,0,0,-1,-1,0,0,4.41363,-0.0810122,-19.846
46,0,1,2520,369.038,0,0,340.858,0,0,19,19,36.2286,1,0,0,0,-1,-1,0,0,4.4286,-0.0834289,-19.8467
47,0,1,2520,368.882,0,0,340.858,0,0,19,19,36.2286,1,0,0,0,-1,-1,0,0,4.43975,-0.085261,-19.8477
48,0,1,2520,368.858,0,0,340.858,0,0,19,19,36.2286,1,0,0,0,-1,-1,0,0,4.4472,-0.0863943,-19.849
49,0,1,2520,368.961,0,0,340.858,0,0,19,19,36.2286,1,0,0,0,-1,-1,0,0,4.45138,-0.0867927,-19.8504
50,0,1,2520,369.174,0,0,340.858,0,0,19,19,36.2286,1,0,0,0,-1,-1,0,0,4.45283,-0.0864697,-19.8517
51,0,1,2520,369.477,0,0,340.858,0,0,19,19,36.2286,1,0,0,0,-1,-1,0,0,4.45214,-0.0854869,-19.8526
52,0,1,2520,369.835,0,0,340.858,0,0,19,19,36.2286,1,0,0,0,-1,-1,0,0,4.45022,-0.0840099,-19.8528
53,0,1,2520,370.204,0,0,340.858,0,0,19,19,36.2286,1,0,0,0,-1,-1,0,0,4.44827,-0.0822874,-19.8523
54,0,1,2520,370.538,0,0,340.858,0,0,19,19,36.2286,1,0,0,0,-1,-1,0,0,4.44752,-0.0805907,-19.8508
55,0,1,2520,370.794,0,0,340.858,0,0,19,19,36.2286,1,0,0,0,-1,-1,0,0,4.44892,-0.0791584,-19.8487
56,0,1,2520,370.94,0,0,340.858,0,0,19,19,36.2286,1,0,0,0,-1,-1,0,0,4.45326,-0.0782086,-19.8461
57,0,1,2520,370.952,0,0,340.858,0,0,19,19,36.2286,1,0,0,0,-1,-1,0,0,4.46107,-0.0779191,-19.8431
58,0,1,2520,370.816,0,0,340.858,0,0,19,19,36.2286,1,0,0,0,-1,-1,0,0,4.47264,-0.078392,-19.8401
59,0,1,2520,370.535,0,0,340.858,0,0,19,19,36.2286,1,0,0,0,-1,-1,0,0,4.48794,-0.0796479,-19.8373
60,0,1,2520,370.122,0,0,340.858,0,0,19,19,36.2286,1,0,0,0,-1,-1,0,0,4.50663,-0.0816399,-19.8352
61,0,1,2520,369.607,0,0,340.858,0,0,19,19,36.2286,1,0,0,0,-1,-1,0,0,4.52806,-0.0842416,-19.8339
62,0,1,2520,369.028,0,0,340.858,0,0,19,19,36.2286,1,0,0,0,-1,-1,0,0,4.55135,-0.0872651,-19.8336
63,0,1,2520,368.432,0,0,340.858,0,0,19,19,36.2286,1,0,0,0,-1,-1,0,0,4.57542,-0.090501,-19.8343
64,0,1,2520,367.869,0,0,340.858,0,0,19,19,36.2286,1,0,0,0,-1,-1,0,0,4.59902,-0.0937278,-19.836
65,0,1,2520,367.384,0,0,340.858,0,0,19,19,36.2286,1,0,0,0,-1,-1,0,0,4.6209,-0.0967292,-19.8387
66,0,1,2520,367.015,0,0,340.858,0,0,19,19,36.2286,1,0,0,0,-1,-1,0,0,4.63965,-0.099308,-19.8419
67,0,1,2520,366.79,0,0,340.858,0,0,19,19,36.2286,1,0,0,0,-1,-1,0,0,4.65416,-0.101323,-19.8454
68,0,1,2520,366.714,0,0,340.858,0,0,19,19,36.2286,1,0,0,0,-1,-1,0,0,4.66393,-0.102714,-19.8491
69,0,1,2520,366.779,0,0,340.858,0,0,19,19,36.2286,1,0,0,0,-1,-1,0,0,4.66909,-0.103495,-19.8531
70,0,1,2520,366.95,0,0,340.858,0,0,19,19,36.2286,1,0,0,0,-1,-1,0,0,4.67056,-0.103726,-19.8572
71,0,1,2520,367.176,0,0,340.858,0,0,19,19,36.2286,1,0,0,0,-1,-1,0,0,4.66992,-0.103506,-19.8612
72,0,1,2520,367.413,0,0,340.858,0,0,19,19,36.2286,1,0,0,0,-1,-1,0,0,4.66861,-0.102957,-19.8641
73,0,1,2520,367.641,0,0,340.858,0,0,19,19,36.2286,1,0,0,0,-1,-1,0,0,4.6674,-0.102214,-19.8652
74,0,1,2520,367.845,0,0,340.858,0,0,19,19,36.2286,1,0,0,0,-1,-1,0,0,4.66706,-0.101412,-19.8647
75,0,1,2520,368.007,0,0,340.858,0,0,19,19,36.2286,1,0,0,0,-1,-1,0,0,4.66827,-0.100671,-19.8633
76,0,1,2520,368.103,0,0,340.858,0,0,19,19,36.2286,1,0,0,0,-1,-1,0,0,4.67188,-0.100102,-19.8615
77,0,1,2520,368.126,0,0,340.858,0,0,19,19,36.2286,1,0,0,0,-1,-1,0,0,4.67797,-0.0997972,-19.8594
78,0,1,2520,368.073,0,0,340.858,0,0,19,19,36.2286,1,0,0,0,-1,-1,0,0,4.68676,-0.0998256,-19.8575
79,0,1,2520,367.939,0,0,340.858,0,0,19,19,36.2286,1,0,0,0,-1,-1,0,0,4.69842,-0.100231,-19.8561
80,0,1,2520,367.732,0,0,340.858,0,0,19,19,36.2286,1,0,0,0,-1,-1,0,0,4.71261,-0.101023,-19.8551
81,0,1,2520,367.465,0,0,340.858,0,0,19,19,36.2286,1,0,0,0,-1,-1,0,0,4.7286,-0.10219,-19.8546
82,0,1,2520,367.151,0,0,340.858,0,0,19,19,36.2286,1,0,0,0,-1,-1,0,0,4.74562,-0.103701,-19.8544
83,0,1,2520,366.8,0,0,340.858,0,0,19,19,36.2286,1,0,0,0,-1,-1,0,0,4.76322,-0.10552,-19.8545
84,0,1,2520,366.418,0,0,340.858,0,0,19,19,36.2286,1,0,0,0,-1,-1,0,0,4.78107,-0.107605,-19.8549
85,0,1,2520,366.007,0,0,340.858,0,0,19,19,36.2286,1,0,0,0,-1,-1,0,0,4.79894,-0.109904,-19.8558
86,0,1,2520,365.576,0,0,340.858,0,0,19,19,36.2286,1,0,0,0,-1,-1,0,0,4.81656,-0.11235,-19.8573
87,0,1,2520,365.133,0,0,340.858,0,0,19,19,36.2286,1,0,0,0,-1,-1,0,0,4.83362,-0.11484,-19.8596
88,0,1,2520,364.702,0,0,340.858,0,0,19,19,36.2286,1,0,0,0,-1,-1,0,0,4.84962,-0.11723,-19.8627
89,0,1,2520,364.326,0,0,340.858,0,0,19,19,36.2286,1,0,0,0,-1,-1,0,0,4.86365,-0.119288,-19.8666
90,0,1,2520,364.072,0,0,340.858,0,0,19,19,36.2286,1,0,0,0,-1,-1,0,0,4.87452,-0.1207,-19.8715
91,0,1,2520,364.018,0,0,340.858,0,0,19,19,36.2286,1,0,0,0,-1,-1,0,0,4.881,-0.121144,-19.8771
92,0,1,2520,364.21,0,0,340.858,0,0,19,19,36.2286,1,0,0,0,-1,-1,0,0,4.8825,-0.120451,-19.883
93,0,1,2520,364.598,0,0,340.858,0,0,19,19,36.2286,1,0,0,0,-1,-1,0,0,4.87986,-0.118836,-19.8881
94,0,1,2520,365.054,0,0,340.858,0,0,19,19,36.2286,1,0,0,0,-1,-1,0,0,4.87527,-0.116864,-19.8914
95,0,1,2520,365.475,0,0,340.858,0,0,19,19,36.2286,1,0,0,0,-1,-1,0,0,4.87086,-0.115004,-19.8927
96,0,1,2520,365.825,0,0,340.858,0,0,19,19,36.2286,1,0,0,0,-1,-1,0,0,4.86778,-0.113431,-19.8924
97,0,1,2520,366.069,0,0,340.858,0,0,19,19,36.2286,1,0,0,0,-1,-1,0,0,4.86693,-0.112228,-19.8912
98,0,1,2520,366.186,0,0,340.858,0,0,19,19,36.2286,1,0,0,0,-1,-1,0,0,4.8692,-0.111532,-19.8899
99,0,1,2520,366.165,0,0,340.858,0,0,19,19,36.2286,1,0,0,0,-1,-1,0,0,4.87506,-0.111411,-19.8888
100,0,1,2520,366.021,0,0,340.858,0,0,19,19,36.2286,1,0,0,0,-1,-1,0,0,4.88434,-0.111873,-19.8879
101,0,1,2520,365.766,0,0,340.858,0,0,19,19,36.2286,1,0,0,0,-1,-1,0,0,4.89638,-0.112891,-19.8871
102,0,1,2520,365.432,0,0,340.858,0,0,19,19,36.2286,1,0,0,0,-1,-1,0,0,4.91011,-0.114359,-19.8865
103,0,1,2520,365.069,0,0,340.858,0,0,19,19,36.2286,1,0,0,0,-1,-1,0,0,4.92423,-0.116103,-19.8861
104,0,1,2520,364.722,0,0,340.858,0,0,19,19,36.2286,1,0,0,0,-1,-1,0,0,4.93789,-0.117947,-19.8863
105,0,1,2520,364.426,0,0,340.858,0,0,19,19,36.2286,1,0,0,0,-1,-1,0,0,4.95035,-0.119724,-19.8872
106,0,1,2520,364.21,0,0,340.858,0,0,19,19,36.2286,1,0,0,0,-1,-1,0,0,4.96069,-0.121273,-19.8884
107,0,1,2520,364.081,0,0,340.858,0,0,19,19,36.2286,1,0,0,0,-1,-1,0,0,4.96849,-0.122489,-19.8895
108,0,1,2520,364.034,0,0,340.858,0,0,19,19,36.2286,1,0,0,0,-1,-1,0,0,4.97387,-0.123332,-19.8902
109,0,1,2520,364.054,0,0,340.858,0,0,19,19,36.2286,1,0,0,0,-1,-1,0,0,4.97717,-0.123812,-19.8905
110,0,1,2520,364.123,0,0,340.858,0,0,19,19,36.2286,1,0,0,0,-1,-1,0,0,4.97902,-0.123967,-19.8905
111,0,1,2520,364.221,0,0,340.858,0,0,19,19,36.2286,1,0,0,0,-1,-1,0,0,4.97988,-0.123851,-19.8901
112,0,1,2520,364.337,0,0,340.858,0,0,19,19,36.2286,1,0,0,0,-1,-1,0,0,4.97956,-0.123517,-19.8895
113,0,1,2520,364.465,0,0,340.858,0,0,19,19,36.2286,1,0,0,0,-1,-1,0,0,4.9779,-0.123022,-19.8888
114,0,1,2520,364.581,0,0,340.858,0,0,19,19,36.2286,1,0,0,0,-1,-1,0,0,4.97634,-0.122459,-19.8875
115,0,1,2520,364.655,0,0,340.858,0,0,19,19,36.2286,1,0,0,0,-1,-1,0,0,4.97644,-0.121943,-19.8853
116,0,1,2520,364.666,0,0,340.858,0,0,19,19,36.2286,1,0,0,0,-1,-1,0,0,4.97889,-0.121591,-19.8832
117,0,1,2520,364.595,0,0,340.858,0,0,19,19,36.2286,1,0,0,0,-1,-1,0,0,4.9842,-0.121529,-19.8819
118,0,1,2520,364.432,0,0,340.858,0,0,19,19,36.2286,1,0,0,0,-1,-1,0,0,4.99273,-0.121879,-19.8819
119,0,1,2520,364.186,0,0,340.858,0,0,19,19,36.2286,1,0,0,0,-1,-1,0,0,5.00454,-0.12276,-19.8837
120,0,1,2520,363.904,0,0,340.858,0,0,19,19,36.2286,1,0,0,0,-1,-1,0,0,5.01889,-0.124217,-19.8873
121,0,1,2520,363.638,0,0,340.858,0,0,19,19,36.2286,1,0,0,0,-1,-1,0,0,5.03439,-0.126104,-19.8916
122,0,1,2520,363.408,0,0,340.858,0,0,19,19,36.2286,1,0,0,0,-1,-1,0,0,5.04927,-0.128115,-19.8955
123,0,1,2520,363.212,0,0,340.858,0,0,19,19,36.2286,1,0,0,0,-1,-1,0,0,5.06211,-0.129977,-19.8987
124,0,1,2520,363.052,0,0,340.858,0,0,19,19,36.2286,1,0,0,0,-1,-1,0,0,5.07283,-0.131533,-19.901
125,0,1,2520,362.952,0,0,340.858,0,0,19,19,36.2286,1,0,0,0,-1,-1,0,0,5.08113,-0.132684,-19.9024
126,0,1,2520,362.933,0,0,340.858,0,0,19,19,36.2286,1,0,0,0,-1,-1,0,0,5.08607,-0.133359,-19.9038
127,0,1,2520,363.001,0,0,340.858,0,0,19,19,36.2286,1,0,0,0,-1,-1,0,0,5.08726,-0.13354,-19.9049
128,0,1,2520,363.128,0,0,340.858,0,0,19,19,36.2286,1,0,0,0,-1,-1,0,0,5.08635,-0.133306,-19.905
129,0,1,2520,363.29,0,0,340.858,0,0,19,19,36.2286,1,0,0,0,-1,-1,0,0,5.08451,-0.132761,-19.9039
130,0,1,2520,363.47,0,0,340.858,0,0,19,19,36.2286,1,0,0,0,-1,-1,0,0,5.08179,-0.131993,-19.9023
131,0,1,2520,363.648,0,0,340.858,0,0,19,19,36.2286,1,0,0,0,-1,-1,0,0,5.07874,-0.131114,-19.9007
132,0,1,2520,363.793,0,0,340.858,0,0,19,19,36.2286,1,0,0,0,-1,-1,0,0,5.0768,-0.130269,-19.8996
133,0,1,2520,363.885,0,0,340.858,0,0,19,19,36.2286,1,0,0,0,-1,-1,0,0,5.07683,-0.129587,-19.8993
134,0,1,2520,363.922,0,0,340.858,0,0,19,19,36.2286,1,0,0,0,-1,-1,0,0,5.07744,-0.12913,-19.8981
135,0,1,2520,363.868,0,0,340.858,0,0,19,19,36.2286,1,0,0,0,-1,-1,0,0,5.08031,-0.129068,-19.896
136,0,1,2520,363.673,0,0,340.858,0,0,19,19,36.2286,1,0,0,0,-1,-1,0,0,5.08771,-0.12962,-19.895
137,0,1,2520,363.317,0,0,340.858,0,0,19,19,36.2286,1,0,0,0,-1,-1,0,0,5.09978,-0.130925,-19.8957
138,0,1,2520,362.866,0,0,340.858,0,0,19,19,36.2286,1,0,0,0,-1,-1,0,0,5.11428,-0.132906,-19.897
139,0,1,2520,362.443,0,0,340.858,0,0,19,19,36.2286,1,0,0,0,-1,-1,0,0,5.13096,-0.135287,-19.8993
140,0,1,2520,362.119,0,0,340.858,0,0,19,19,36.2286,1,0,0,0,-1,-1,0,0,5.14909,-0.137694,-19.9033
141,0,1,2520,361.864,0,0,340.858,0,0,19,19,36.2286,1,0,0,0,-1,-1,0,0,5.16625,-0.13984,-19.9093
142,0,1,2520,361.685,0,0,340.858,0,0,19,19,36.2286,1,0,0,0,-1,-1,0,0,5.17945,-0.141491,-19.9156
143,0,1,2520,361.612,0,0,340.858,0,0,19,19,36.2286,1,0,0,0,-1,-1,0,0,5.18839,-0.142558,-19.9198
144,0,1,2520,361.67,0,0,340.858,0,0,19,19,36.2286,1,0,0,0,-1,-1,0,0,5.19264,-0.143008,-19.9217
145,0,1,2520,361.828,0,0,340.858,0,0,19,19,36.2286,1,0,0,0,-1,-1,0,0,5.19358,-0.142909,-19.9224
146,0,1,2520,362.051,0,0,340.858,0,0,19,19,36.2286,1,0,0,0,-1,-1,0,0,5.19223,-0.14237,-19.9218
147,0,1,2520,362.33,0,0,340.858,0,0,19,19,36.2286,1,0,0,0,-1,-1,0,0,5.18788,-0.141481,-19.921
148,0,1,2520,362.631,0,0,340.858,0,0,19,19,36.2286,1,0,0,0,-1,-1,0,0,5.18158,-0.140385,-19.9211
149,0,1,2520,362.893,0,0,340.858,0,0,19,19,36.2286,1,0,0,0,-1,-1,0,0,5.17657,-0.139305,-19.9192
150,0,1,2520,363.096,0,0,340.858,0,0,19,19,36.2286,1,0,0,0,-1,-1,0,0,5.17339,-0.138382,-19.9171
151,0,1,2520,363.211,0,0,340.858,0,0,19,19,36.2286,1,0,0,0,-1,-1,0,0,5.17344,-0.137758,-19.9137
152,0,1,2520,363.26,0,0,340.858,0,0,19,19,36.2286,1,0,0,0,-1,-1,0,0,5.17451,-0.137439,-19.9111
153,0,1,2520,363.22,0,0,340.858,0,0,19,19,36.2286,1,0,0,0,-1,-1,0,0,5.17785,-0.137528,-19.908
154,0,1,2520,363.062,0,0,340.858,0,0,19,19,36.2286,1,0,0,0,-1,-1,0,0,5.18531,-0.138135,-19.9044
155,0,1,2520,362.768,0,0,340.858,0,0,19,19,36.2286,1,0,0,0,-1,-1,0,0,5.19633,-0.13933,-19.9008
156,0,1,2520,362.298,0,0,340.858,0,0,19,19,36.2286,1,0,0,0,-1,-1,0,0,5.21131,-0.14125,-19.8958
157,0,1,2520,361.663,0,0,340.858,0,0,19,19,36.2286,1,0,0,0,-1,-1,0,0,5.22786,-0.143904,-19.8949
158,0,1,2520,360.944,0,0,340.858,0,0,19,19,36.2286,1,0,0,0,-1,-1,0,0,5.24756,-0.147167,-19.8972
159,0,1,2520,360.429,0,0,340.858,0,0,19,19,36.2286,1,0,0,0,-1,-1,0,0,5.26983,-0.150462,-19.9016
160,0,1,2520,360.245,0,0,340.858,0,0,19,19,36.2286,1,0,0,0,-1,-1,0,0,5.2914,-0.153327,-19.9061
161,0,1,2520,360.185,0,0,340.858,0,0,19,19,36.2286,1,0,0,0,-1,-1,0,0,5.30906,-0.155649,-19.9101
162,0,1,2520,360.152,0,0,340.858,0,0,19,19,36.2286,1,0,0,0,-1,-1,0,0,5.32168,-0.157237,-19.9131
163,0,1,2520,360.174,0,0,340.858,0,0,19,19,36.2286,1,0,0,0,-1,-1,0,0,5.33107,-0.158023,-19.9148
164,0,1,2520,360.291,0,0,340.858,0,0,19,19,36.2286,1,0,0,0,-1,-1,0,0,5.3359,-0.158006,-19.9166
165,0,1,2520,360.558,0,0,340.858,0,0,19,19,36.2286,1,0,0,0,-1,-1,0,0,5.33548,-0.157257,-19.92
166,0,1,2520,360.909,0,0,340.858,0,0,19,19,36.2286,1,0,0,0,-1,-1,0,0,5.33086,-0.156045,-19.9227
167,0,1,2520,361.283,0,0,340.858,0,0,19,19,36.2286,1,0,0,0,-1,-1,0,0,5.32372,-0.154583,-19.9234
168,0,1,2520,361.631,0,0,340.858,0,0,19,19,36.2286,1,0,0,0,-1,-1,0,0,5.31585,-0.153085,-19.9234
169,0,1,2520,361.914,0,0,340.858,0,0,19,19,36.2286,1,0,0,0,-1,-1,0,0,5.309,-0.15177,-19.922
170,0,1,2520,362.112,0,0,340.858,0,0,19,19,36.2286,1,0,0,0,-1,-1,0,0,5.30458,-0.150817,-19.9201
171,0,1,2520,362.212,0,0,340.858,0,0,19,19,36.2286,1,0,0,0,-1,-1,0,0,5.30323,-0.15032,-19.9179
172,0,1,2520,362.213,0,0,340.858,0,0,19,19,36.2286,1,0,0,0,-1,-1,0,0,5.30515,-0.150303,-19.9147
173,0,1,2520,362.12,0,0,340.858,0,0,19,19,36.2286,1,0,0,0,-1,-1,0,0,5.31031,-0.150745,-19.9113
174,0,1,2520,361.946,0,0,340.858,0,0,19,19,36.2286,1,0,0,0,-1,-1,0,0,5.31833,-0.151601,-19.9089
175,0,1,2520,361.706,0,0,340.858,0,0,19,19,36.2286,1,0,0,0,-1,-1,0,0,5.32842,-0.152814,-19.9071
176,0,1,2520,361.414,0,0,340.858,0,0,19,19,36.2286,1,0,0,0,-1,-1,0,0,5.34004,-0.15435,-19.9057
177,0,1,2520,361.07,0,0,340.858,0,0,19,19,36.2286,1,0,0,0,-1,-1,0,0,5.35334,-0.156196,-19.9049
178,0,1,2520,360.672,0,0,340.858,0,0,19,19,36.2286,1,0,0,0,-1,-1,0,0,5.36853,-0.158341,-19.9049
179,0,1,2520,360.221,0,0,340.858,0,0,19,19,36.2286,1,0,0,0,-1,-1,0,0,5.38566,-0.160736,-19.9062
180,0,1,2520,359.745,0,0,340.858,0,0,19,19,36.2286,1,0,0,0,-1,-1,0,0,5.40332,-0.163248,-19.9077
181,0,1,2520,359.277,0,0,340.858,0,0,19,19,36.2286,1,0,0,0,-1,-1,0,0,5.42015,-0.165695,-19.9093
182,0,1,2520,358.856,0,0,340.858,0,0,19,19,36.2286,1,0,0,0,-1,-1,0,0,5.43574,-0.16787,-19.9125
183,0,1,2520,358.541,0,0,340.858,0,0,19,19,36.2286,1,0,0,0,-1,-1,0,0,5.44912,-0.169505,-19.9173
184,0,1,2520,358.41,0,0,340.858,0,0,19,19,36.2286,1,0,0,0,-1,-1,0,0,5.45826,-0.170297,-19.9222
185,0,1,2520,358.513,0,0,340.858,0,0,19,19,36.2286,1,0,0,0,-1,-1,0,0,5.46166,-0.170046,-19.9272
186,0,1,2520,358.844,0,0,340.858,0,0,19,19,36.2286,1,0,0,0,-1,-1,0,0,5.45926,-0.168742,-19.9325
187,0,1,2520,359.348,0,0,340.858,0,0,19,19,36.2286,1,0,0,0,-1,-1,0,0,5.45199,-0.166569,-19.9371
188,0,1,2520,359.945,0,0,340.858,0,0,19,19,36.2286,1,0,0,0,-1,-1,0,0,5.44107,-0.163851,-19.94
189,0,1,2520,360.544,0,0,340.858,0,0,19,19,36.2286,1,0,0,0,-1,-1,0,0,5.42871,-0.161,-19.9405
190,0,1,2520,361.057,0,0,340.858,0,0,19,19,36.2286,1,0,0,0,-1,-1,0,0,5.41815,-0.158429,-19.9395
191,0,1,2520,361.428,0,0,340.858,0,0,19,19,36.2286,1,0,0,0,-1,-1,0,0,5.4109,-0.15643,-19.9388
192,0,1,2520,361.619,0,0,340.858,0,0,19,19,36.2286,1,0,0,0,-1,-1,0,0,5.40792,-0.155187,-19.9386
193,0,1,2520,361.616,0,0,340.858,0,0,19,19,36.2286,1,0,0,0,-1,-1,0,0,5.40981,-0.154778,-19.9373
194,0,1,2520,361.434,0,0,340.858,0,0,19,19,36.2286,1,0,0,0,-1,-1,0,0,5.4158,-0.155158,-19.9354
195,0,1,2520,361.129,0,0,340.858,0,0,19,19,36.2286,1,0,0,0,-1,-1,0,0,5.42422,-0.156184,-19.9333
196,0,1,2520,360.753,0,0,340.858,0,0,19,19,36.2286,1,0,0,0,-1,-1,0,0,5.43418,-0.157682,-19.9309
197,0,1,2520,360.349,0,0,340.858,0,0,19,19,36.2286,1,0,0,0,-1,-1,0,0,5.44558,-0.159451,-19.9287
198,0,1,2520,359.963,0,0,340.858,0,0,19,19,36.2286,1,0,0,0,-1,-1,0,0,5.45775,-0.161278,-19.9271
199,0,1,2520,359.644,0,0,340.858,0,0,19,19,36.2286,1,0,0,0,-1,-1,0,0,5.46881,-0.162946,-19.9271
200,0,1,2520,359.431,0,0,340.858,0,0,19,19,36.2286,1,0,0,0,-1,-1,0,0,5.47652,-0.164267,-19.9292
201,0,1,2520,359.308,0,0,340.858,0,0,19,19,36.2286,1,0,0,0,-1,-1,0,0,5.48246,-0.165222,-19.9316
202,0,1,2520,359.251,0,0,340.858,0,0,19,19,36.2286,1,0,0,0,-1,-1,0,0,5.48792,-0.165837,-19.9337
203,0,1,2520,359.265,0,0,340.858,0,0,19,19,36.2286,1,0,0,0,-1,-1,0,0,5.49131,-0.166097,-19.9355
204,0,1,2520,359.341,0,0,340.858,0,0,19,19,36.2286,1,0,0,0,-1,-1,0,0,5.49215,-0.166049,-19.936
205,0,1,2520,359.458,0,0,340.858,0,0,19,19,36.2286,1,0,0,0,-1,-1,0,0,5.49081,-0.165773,-19.9346
206,0,1,2520,359.611,0,0,340.858,0,0,19,19,36.2286,1,0,0,0,-1,-1,0,0,5.48669,-0.16532,-19.9332
207,0,1,2520,359.765,0,0,340.858,0,0,19,19,36.2286,1,0,0,0,-1,-1,0,0,5.48118,-0.164782,-19.9333
208,0,1,2520,359.853,0,0,340.858,0,0,19,19,36.2286,1,0,0,0,-1,-1,0,0,5.47917,-0.164351,-19.9318
209,0,1,2520,359.875,0,0,340.858,0,0,19,19,36.2286,1,0,0,0,-1,-1,0,0,5.48009,-0.164045,-19.9298
210,0,1,2520,359.85,0,0,340.858,0,0,19,19,36.2286,1,0,0,0,-1,-1,0,0,5.48229,-0.163836,-19.9297
211,0,1,2520,359.776,0,0,340.858,0,0,19,19,36.2286,1,0,0,0,-1,-1,0,0,5.48587,-0.163745,-19.9319
212,0,1,2520,359.66,0,0,340.858,0,0,19,19,36.2286,1,0,0,0,-1,-1,0,0,5.49081,-0.163779,-19.9355
213,0,1,2520,359.519,0,0,340.858,0,0,19,19,36.2286,1,0,0,0,-1,-1,0,0,5.4964,-0.163925,-19.9379
214,0,1,2520,359.411,0,0,340.858,0,0,19,19,36.2286,1,0,0,0,-1,-1,0,0,5.49922,-0.164064,-19.9403
215,0,1,2520,359.292,0,0,340.858,0,0,19,19,36.2286,1,0,0,0,-1,-1,0,0,5.50409,-0.164296,-19.9402
216,0,1,2520,359.224,0,0,340.858,0,0,19,19,36.2286,1,0,0,0,-1,-1,0,0,5.50754,-0.164458,-19.9426
217,0,1,2520,359.181,0,0,340.858,0,0,19,19,36.2286,1,0,0,0,-1,-1,0,0,5.5125,-0.164591,-19.9443
218,0,1,2520,359.198,0,0,340.858,0,0,19,19,36.2286,1,0,0,0,-1,-1,0,0,5.51583,-0.164574,-19.947
219,0,1,2520,359.267,0,0,340.858,0,0,19,19,36.2286,1,0,0,0,-1,-1,0,0,5.51734,-0.164392,-19.9501
220,0,1,2520,359.373,0,0,340.858,0,0,19,19,36.2286,1,0,0,0,-1,-1,0,0,5.51741,-0.164059,-19.9544
221,0,1,2520,359.481,0,0,340.858,0,0,19,19,36.2286,1,0,0,0,-1,-1,0,0,5.51823,-0.163669,-19.9545
222,0,1,2520,359.604,0,0,340.858,0,0,19,19,36.2286,1,0,0,0,-1,-1,0,0,5.51783,-0.163192,-19.9539
223,0,1,2520,359.731,0,0,340.858,0,0,19,19,36.2286,1,0,0,0,-1,-1,0,0,5.51651,-0.162688,-19.9501
224,0,1,2520,359.924,0,0,340.858,0,0,19,19,36.2286,1,0,0,0,-1,-1,0,0,5.5086,-0.162017,-19.9505
225,0,1,2520,360.009,0,0,340.858,0,0,19,19,36.2286,1,0,0,0,-1,-1,0,0,5.50765,-0.16162,-19.9439
226,0,1,2520,360.082,0,0,340.858,0,0,19,19,36.2286,1,0,0,0,-1,-1,0,0,5.5051,-0.161262,-19.9408
227,0,1,2520,360.097,0,0,340.858,0,0,19,19,36.2286,1,0,0,0,-1,-1,0,0,5.50425,-0.161067,-19.9373
228,0,1,2520,360.055,0,0,340.858,0,0,19,19,36.2286,1,0,0,0,-1,-1,0,0,5.5047,-0.161026,-19.9357
229,0,1,2520,359.947,0,0,340.858,0,0,19,19,36.2286,1,0,0,0,-1,-1,0,0,5.5068,-0.161139,-19.9364
230,0,1,2520,359.731,0,0,340.858,0,0,19,19,36.2286,1,0,0,0,-1,-1,0,0,5.51408,-0.161495,-19.9363
231,0,1,2520,359.474,0,0,340.858,0,0,19,19,36.2286,1,0,0,0,-1,-1,0,0,5.52228,-0.161943,-19.9384
232,0,1,2520,359.243,0,0,340.858,0,0,19,19,36.2286,1,0,0,0,-1,-1,0,0,5.52856,-0.162375,-19.9413
233,0,1,2520,359.061,0,0,340.858,0,0,19,19,36.2286,1,0,0,0,-1,-1,0,0,5.53377,-0.162745,-19.9434
234,0,1,2520,358.962,0,0,340.858,0,0,19,19,36.2286,1,0,0,0,-1,-1,0,0,5.53718,-0.162918,-19.9469
235,0,1,2520,358.936,0,0,340.858,0,0,19,19,36.2286,1,0,0,0,-1,-1,0,0,5.54112,-0.162904,-19.9487
236,0,1,2520,358.993,0,0,340.858,0,0,19,19,36.2286,1,0,0,0,-1,-1,0,0,5.54467,-0.162682,-19.9498
237,0,1,2520,359.11,0,0,340.858,0,0,19,19,36.2286,1,0,0,0,-1,-1,0,0,5.54793,-0.162328,-19.9498
238,0,1,2520,359.287,0,0,340.858,0,0,19,19,36.2286,1,0,0,0,-1,-1,0,0,5.54813,-0.161826,-19.9513
239,0,1,2520,359.483,0,0,340.858,0,0,19,19,36.2286,1,0,0,0,-1,-1,0,0,5.54665,-0.161291,-19.9526
240,0,1,2520,359.697,0,0,340.858,0,0,19,19,36.2286,1,0,0,0,-1,-1,0,0,5.54199,-0.160744,-19.9533
241,0,1,2520,359.886,0,0,340.858,0,0,19,19,36.2286,1,0,0,0,-1,-1,0,0,5.53693,-0.16032,-19.9523
242,0,1,2520,360.034,0,0,340.858,0,0,19,19,36.2286,1,0,0,0,-1,-1,0,0,5.53209,-0.160077,-19.9499
243,0,1,2520,360.141,0,0,340.858,0,0,19,19,36.2286,1,0,0,0,-1,-1,0,0,5.52726,-0.160038,-19.9467
244,0,1,2520,360.157,0,0,340.858,0,0,19,19,36.2286,1,0,0,0,-1,-1,0,0,5.52641,-0.160309,-19.9423
245,0,1,2520,360.088,0,0,340.858,0,0,19,19,36.2286,1,0,0,0,-1,-1,0,0,5.52892,-0.160843,-19.9385
246,0,1,2520,359.985,0,0,340.858,0,0,19,19,36.2286,1,0,0,0,-1,-1,0,0,5.53132,-0.161503,-19.9385
247,0,1,2520,359.787,0,0,340.858,0,0,19,19,36.2286,1,0,0,0,-1,-1,0,0,5.53901,-0.162408,-19.9353
248,0,1,2520,359.534,0,0,340.858,0,0,19,19,36.2286,1,0,0,0,-1,-1,0,0,5.5492,-0.163398,-19.9351
249,0,1,2520,359.246,0,0,340.858,0,0,19,19,36.2286,1,0,0,0,-1,-1,0,0,5.56096,-0.164366,-19.934
250,0,1,2520,358.961,0,0,340.858,0,0,19,19,36.2286,1,0,0,0,-1,-1,0,0,5.57216,-0.165171,-19.9324
251,0,1,2520,358.717,0,0,340.858,0,0,19,19,36.2286,1,0,0,0,-1,-1,0,0,5.58121,-0.165638,-19.933
252,0,1,2520,358.554,0,0,340.858,0,0,19,19,36.2286,1,0,0,0,-1,-1,0,0,5.5873,-0.165621,-19.9354
253,0,1,2520,358.46,0,0,340.858,0,0,19,19,36.2286,1,0,0,0,-1,-1,0,0,5.59444,-0.165199,-19.9375
254,0,1,2520,358.471,0,0,340.858,0,0,19,19,36.2286,1,0,0,0,-1,-1,0,0,5.60086,-0.164467,-19.9392
255,0,1,2520,358.617,0,0,340.858,0,0,19,19,36.2286,1,0,0,0,-1,-1,0,0,5.60274,-0.163592,-19.9463
256,0,1,2520,358.766,0,0,340.858,0,0,19,19,36.2286,1,0,0,0,-1,-1,0,0,5.60699,-0.163021,-19.9486
257,0,1,2520,358.913,0,0,340.858,0,0,19,19,36.2286,1,0,0,0,-1,-1,0,0,5.61052,-0.162749,-19.9509
258,0,1,2520,359.037,0,0,340.858,0,0,19,19,36.2286,1,0,0,0,-1,-1,0,0,5.61243,-0.162771,-19.9515
259,0,1,2520,359.157,0,0,340.858,0,0,19,19,36.2286,1,0,0,0,-1,-1,0,0,5.6106,-0.163025,-19.9522
260,0,1,2520,359.242,0,0,340.858,0,0,19,19,36.2286,1,0,0,0,-1,-1,0,0,5.60666,-0.163527,-19.9521
261,0,1,2520,359.254,0,0,340.858,0,0,19,19,36.2286,1,0,0,0,-1,-1,0,0,5.6047,-0.164357,-19.9503
262,0,1,2520,359.203,0,0,340.858,0,0,19,19,36.2286,1,0,0,0,-1,-1,0,0,5.60467,-0.165389,-19.9466
263,0,1,2520,359.113,0,0,340.858,0,0,19,19,36.2286,1,0,0,0,-1,-1,0,0,5.60556,-0.166482,-19.9461
264,0,1,2520,358.961,0,0,340.858,0,0,19,19,36.2286,1,0,0,0,-1,-1,0,0,5.60971,-0.167623,-19.9439
265,0,1,2520,358.751,0,0,340.858,0,0,19,19,36.2286,1,0,0,0,-1,-1,0,0,5.6178,-0.168737,-19.9431
266,0,1,2520,358.533,0,0,340.858,0,0,19,19,36.2286,1,0,0,0,-1,-1,0,0,5.62626,-0.169601,-19.9419
267,0,1,2520,358.358,0,0,340.858,0,0,19,19,36.2286,1,0,0,0,-1,-1,0,0,5.63286,-0.170044,-19.9415
268,0,1,2520,358.27,0,0,340.858,0,0,19,19,36.2286,1,0,0,0,-1,-1,0,0,5.63548,-0.169883,-19.9412
269,0,1,2520,358.281,0,0,340.858,0,0,19,19,36.2286,1,0,0,0,-1,-1,0,0,5.63485,-0.169116,-19.9425
270,0,1,2520,358.33,0,0,340.858,0,0,19,19,36.2286,1,0,0,0,-1,-1,0,0,5.6361,-0.168132,-19.9403
271,0,1,2520,358.414,0,0,340.858,0,0,19,19,36.2286,1,0,0,0,-1,-1,0,0,5.63725,-0.167233,-19.9389
272,0,1,2520,358.515,0,0,340.858,0,0,19,19,36.2286,1,0,0,0,-1,-1,0,0,5.63774,-0.166534,-19.94
273,0,1,2520,358.59,0,0,340.858,0,0,19,19,36.2286,1,0,0,0,-1,-1,0,0,5.64049,-0.166027,-19.942
274,0,1,2520,358.629,0,0,340.858,0,0,19,19,36.2286,1,0,0,0,-1,-1,0,0,5.645,-0.165673,-19.9429
275,0,1,2520,358.636,0,0,340.858,0,0,19,19,36.2286,1,0,0,0,-1,-1,0,0,5.65018,-0.165496,-19.9446
276,0,1,2520,358.635,0,0,340.858,0,0,19,19,36.2286,1,0,0,0,-1,-1,0,0,5.65364,-0.165455,-19.9463
277,0,1,2520,358.611,0,0,340.858,0,0,19,19,36.2286,1,0,0,0,-1,-1,0,0,5.65695,-0.165622,-19.9478
278,0,1,2520,358.594,0,0,340.858,0,0,19,19,36.2286,1,0,0,0,-1,-1,0,0,5.65848,-0.16593,-19.9478
279,0,1,2520,358.569,0,0,340.858,0,0,19,19,36.2286,1,0,0,0,-1,-1,0,0,5.65985,-0.166381,-19.9473
280,0,1,2520,358.551,0,0,340.858,0,0,19,19,36.2286,1,0,0,0,-1,-1,0,0,5.66072,-0.166914,-19.9464
281,0,1,2520,358.577,0,0,340.858,0,0,19,19,36.2286,1,0,0,0,-1,-1,0,0,5.65839,-0.167381,-19.9463
282,0,1,2520,358.62,0,0,340.858,0,0,19,19,36.2286,1,0,0,0,-1,-1,0,0,5.65598,-0.167795,-19.9474
283,0,1,2520,358.675,0,0,340.858,0,0,19,19,36.2286,1,0,0,0,-1,-1,0,0,5.65393,-0.168103,-19.9483
284,0,1,2520,358.749,0,0,340.858,0,0,19,19,36.2286,1,0,0,0,-1,-1,0,0,5.6517,-0.168218,-19.9489
285,0,1,2520,358.832,0,0,340.858,0,0,19,19,36.2286,1,0,0,0,-1,-1,0,0,5.6499,-0.168119,-19.9504
286,0,1,2520,358.931,0,0,340.858,0,0,19,19,36.2286,1,0,0,0,-1,-1,0,0,5.64645,-0.167748,-19.9507
287,0,1,2520,358.988,0,0,340.858,0,0,19,19,36.2286,1,0,0,0,-1,-1,0,0,5.64442,-0.167226,-19.9512
288,0,1,2520,359.014,0,0,340.858,0,0,19,19,36.2286,1,0,0,0,-1,-1,0,0,5.64339,-0.166657,-19.951
289,0,1,2520,359.016,0,0,340.858,0,0,19,19,36.2286,1,0,0,0,-1,-1,0,0,5.64399,-0.166201,-19.9488
290,0,1,2520,358.969,0,0,340.858,0,0,19,19,36.2286,1,0,0,0,-1,-1,0,0,5.64792,-0.165998,-19.948
291,0,1,2520,358.889,0,0,340.858,0,0,19,19,36.2286,1,0,0,0,-1,-1,0,0,5.65294,-0.166035,-19.9484
292,0,1,2520,358.787,0,0,340.858,0,0,19,19,36.2286,1,0,0,0,-1,-1,0,0,5.65774,-0.166286,-19.9509
293,0,1,2520,358.649,0,0,340.858,0,0,19,19,36.2286,1,0,0,0,-1,-1,0,0,5.66351,-0.166774,-19.951
294,0,1,2520,358.475,0,0,340.858,0,0,19,19,36.2286,1,0,0,0,-1,-1,0,0,5.67098,-0.167502,-19.9505
295,0,1,2520,358.311,0,0,340.858,0,0,19,19,36.2286,1,0,0,0,-1,-1,0,0,5.6779,-0.168367,-19.9487
296,0,1,2520,358.176,0,0,340.858,0,0,19,19,36.2286,1,0,0,0,-1,-1,0,0,5.68302,-0.169225,-19.9454
297,0,1,2520,358.1,0,0,340.858,0,0,19,19,36.2286,1,0,0,0,-1,-1,0,0,5.68449,-0.169921,-19.9425
298,0,1,2520,358.061,0,0,340.858,0,0,19,19,36.2286,1,0,0,0,-1,-1,0,0,5.68499,-0.170439,-19.9398
299,0,1,2520,358.064,0,0,340.858,0,0,19,19,36.2286,1,0,0,0,-1,-1,0,0,5.68435,-0.170656,-19.9405
300,0,1,2520,358.104,0,0,340.858,0,0,19,19,36.2286,1,0,0,0,-1,-1,0,0,5.68384,-0.170506,-19.9424
301,0,1,2520,358.179,0,0,340.858,0,0,19,19,36.2286,1,0,0,0,-1,-1,0,0,5.68398,-0.169984,-19.9442
302,0,1,2520,358.338,0,0,340.858,0,0,19,19,36.2286,1,0,0,0,-1,-1,0,0,5.68011,-0.169033,-19.9479
303,0,1,2520,358.518,0,0,340.858,0,0,19,19,36.2286,1,0,0,0,-1,-1,0,0,5.67562,-0.167987,-19.9508
304,0,1,2520,358.625,0,0,340.858,0,0,19,19,36.2286,1,0,0,0,-1,-1,0,0,5.67631,-0.167257,-19.9473
305,0,1,2520,358.746,0,0,340.858,0,0,19,19,36.2286,1,0,0,0,-1,-1,0,0,5.67378,-0.166716,-19.9441
306,0,1,2520,358.78,0,0,340.858,0,0,19,19,36.2286,1,0,0,0,-1,-1,0,0,5.67522,-0.1666,-19.9389
307,0,1,2520,358.759,0,0,340.858,0,0,19,19,36.2286,1,0,0,0,-1,-1,0,0,5.67755,-0.166828,-19.9357
308,0,1,2520,358.673,0,0,340.858,0,0,19,19,36.2286,1,0,0,0,-1,-1,0,0,5.68113,-0.167407,-19.9346
309,0,1,2520,358.506,0,0,340.858,0,0,19,19,36.2286,1,0,0,0,-1,-1,0,0,5.6877,-0.168358,-19.936
310,0,1,2520,358.265,0,0,340.858,0,0,19,19,36.2286,1,0,0,0,-1,-1,0,0,5.6976,-0.169632,-19.9389
311,0,1,2520,357.955,0,0,340.858,0,0,19,19,36.2286,1,0,0,0,-1,-1,0,0,5.71219,-0.171173,-19.9389
312,0,1,2520,357.668,0,0,340.858,0,0,19,19,36.2286,1,0,0,0,-1,-1,0,0,5.72542,-0.172681,-19.9402
313,0,1,2520,357.464,0,0,340.858,0,0,19,19,36.2286,1,0,0,0,-1,-1,0,0,5.7339,-0.173953,-19.941
314,0,1,2520,357.389,0,0,340.858,0,0,19,19,36.2286,1,0,0,0,-1,-1,0,0,5.73548,-0.174811,-19.9405
315,0,1,2520,357.419,0,0,340.858,0,0,19,19,36.2286,1,0,0,0,-1,-1,0,0,5.73328,-0.175172,-19.941
316,0,1,2520,357.541,0,0,340.858,0,0,19,19,36.2286,1,0,0,0,-1,-1,0,0,5.72969,-0.174966,-19.9403
317,0,1,2520,357.781,0,0,340.858,0,0,19,19,36.2286,1,0,0,0,-1,-1,0,0,5.72368,-0.174034,-19.9408
318,0,1,2520,358.099,0,0,340.858,0,0,19,19,36.2286,1,0,0,0,-1,-1,0,0,5.71657,-0.17244,-19.9423
319,0,1,2520,358.429,0,0,340.858,0,0,19,19,36.2286,1,0,0,0,-1,-1,0,0,5.70733,-0.170498,-19.9463
320,0,1,2520,358.661,0,0,340.858,0,0,19,19,36.2286,1,0,0,0,-1,-1,0,0,5.69947,-0.168856,-19.9496
321,0,1,2520,358.764,0,0,340.858,0,0,19,19,36.2286,1,0,0,0,-1,-1,0,0,5.69708,-0.167893,-19.9489
322,0,1,2520,358.806,0,0,340.858,0,0,19,19,36.2286,1,0,0,0,-1,-1,0,0,5.6961,-0.167504,-19.9446
323,0,1,2520,358.813,0,0,340.858,0,0,19,19,36.2286,1,0,0,0,-1,-1,0,0,5.69389,-0.167557,-19.9394
324,0,1,2520,358.722,0,0,340.858,0,0,19,19,36.2286,1,0,0,0,-1,-1,0,0,5.69469,-0.168062,-19.9355
325,0,1,2520,358.519,0,0,340.858,0,0,19,19,36.2286,1,0,0,0,-1,-1,0,0,5.69975,-0.168979,-19.933
326,0,1,2520,358.22,0,0,340.858,0,0,19,19,36.2286,1,0,0,0,-1,-1,0,0,5.70947,-0.170221,-19.9317
327,0,1,2520,357.878,0,0,340.858,0,0,19,19,36.2286,1,0,0,0,-1,-1,0,0,5.72209,-0.171662,-19.9346
328,0,1,2520,357.533,0,0,340.858,0,0,19,19,36.2286,1,0,0,0,-1,-1,0,0,5.73768,-0.173243,-19.9389
329,0,1,2520,357.246,0,0,340.858,0,0,19,19,36.2286,1,0,0,0,-1,-1,0,0,5.75252,-0.174767,-19.9421
330,0,1,2520,357.066,0,0,340.858,0,0,19,19,36.2286,1,0,0,0,-1,-1,0,0,5.7624,-0.175972,-19.9468
331,0,1,2520,356.981,0,0,340.858,0,0,19,19,36.2286,1,0,0,0,-1,-1,0,0,5.76885,-0.176801,-19.9495
332,0,1,2520,357.031,0,0,340.858,0,0,19,19,36.2286,1,0,0,0,-1,-1,0,0,5.7695,-0.177103,-19.9482
333,0,1,2520,357.205,0,0,340.858,0,0,19,19,36.2286,1,0,0,0,-1,-1,0,0,5.76539,-0.176811,-19.9473
334,0,1,2520,357.503,0,0,340.858,0,0,19,19,36.2286,1,0,0,0,-1,-1,0,0,5.75713,-0.175873,-19.9489
335,0,1,2520,357.875,0,0,340.858,0,0,19,19,36.2286,1,0,0,0,-1,-1,0,0,5.74774,-0.174396,-19.9481
336,0,1,2520,358.244,0,0,340.858,0,0,19,19,36.2286,1,0,0,0,-1,-1,0,0,5.73866,-0.172597,-19.9486
337,0,1,2520,358.482,0,0,340.858,0,0,19,19,36.2286,1,0,0,0,-1,-1,0,0,5.73241,-0.170988,-19.9497
338,0,1,2520,358.585,0,0,340.858,0,0,19,19,36.2286,1,0,0,0,-1,-1,0,0,5.72833,-0.169875,-19.9519
339,0,1,2520,358.604,0,0,340.858,0,0,19,19,36.2286,1,0,0,0,-1,-1,0,0,5.72795,-0.169311,-19.9514
340,0,1,2520,358.632,0,0,340.858,0,0,19,19,36.2286,1,0,0,0,-1,-1,0,0,5.726,-0.169058,-19.9474
341,0,1,2520,358.621,0,0,340.858,0,0,19,19,36.2286,1,0,0,0,-1,-1,0,0,5.72573,-0.169139,-19.9417
342,0,1,2520,358.552,0,0,340.858,0,0,19,19,36.2286,1,0,0,0,-1,-1,0,0,5.72736,-0.169512,-19.9366
343,0,1,2520,358.414,0,0,340.858,0,0,19,19,36.2286,1,0,0,0,-1,-1,0,0,5.73186,-0.170169,-19.9324
344,0,1,2520,358.191,0,0,340.858,0,0,19,19,36.2286,1,0,0,0,-1,-1,0,0,5.74085,-0.171103,-19.9289
345,0,1,2520,357.898,0,0,340.858,0,0,19,19,36.2286,1,0,0,0,-1,-1,0,0,5.7531,-0.172273,-19.9291
346,0,1,2520,357.545,0,0,340.858,0,0,19,19,36.2286,1,0,0,0,-1,-1,0,0,5.76857,-0.17364,-19.9302
347,0,1,2520,357.179,0,0,340.858,0,0,19,19,36.2286,1,0,0,0,-1,-1,0,0,5.78533,-0.175085,-19.9321
348,0,1,2520,356.86,0,0,340.858,0,0,19,19,36.2286,1,0,0,0,-1,-1,0,0,5.80054,-0.176473,-19.9345
349,0,1,2520,356.664,0,0,340.858,0,0,19,19,36.2286,1,0,0,0,-1,-1,0,0,5.81019,-0.177666,-19.9386
350,0,1,2520,356.559,0,0,340.858,0,0,19,19,36.2286,1,0,0,0,-1,-1,0,0,5.81829,-0.178712,-19.9384
351,0,1,2520,356.583,0,0,340.858,0,0,19,19,36.2286,1,0,0,0,-1,-1,0,0,5.82162,-0.179446,-19.9399
352,0,1,2520,356.708,0,0,340.858,0,0,19,19,36.2286,1,0,0,0,-1,-1,0,0,5.82101,-0.179832,-19.9409
353,0,1,2520,356.9,0,0,340.858,0,0,19,19,36.2286,1,0,0,0,-1,-1,0,0,5.8189,-0.179874,-19.9438
354,0,1,2520,357.161,0,0,340.858,0,0,19,19,36.2286,1,0,0,0,-1,-1,0,0,5.81464,-0.17954,-19.9486
355,0,1,2520,357.464,0,0,340.858,0,0,19,19,36.2286,1,0,0,0,-1,-1,0,0,5.80967,-0.178909,-19.951
356,0,1,2520,357.776,0,0,340.858,0,0,19,19,36.2286,1,0,0,0,-1,-1,0,0,5.80382,-0.178118,-19.9542
357,0,1,2520,358.021,0,0,340.858,0,0,19,19,36.2286,1,0,0,0,-1,-1,0,0,5.79881,-0.177451,-19.9562
358,0,1,2520,358.171,0,0,340.858,0,0,19,19,36.2286,1,0,0,0,-1,-1,0,0,5.7934,-0.177132,-19.9561
359,0,1,2520,358.178,0,0,340.858,0,0,19,19,36.2286,1,0,0,0,-1,-1,0,0,5.79037,-0.177303,-19.9563
360,0,1,2520,358.069,0,0,340.858,0,0,19,19,36.2286,1,0,0,0,-1,-1,0,0,5.78987,-0.177898,-19.955
361,0,1,2520,357.867,0,0,340.858,0,0,19,19,36.2286,1,0,0,0,-1,-1,0,0,5.79309,-0.178859,-19.9543
362,0,1,2520,357.585,0,0,340.858,0,0,19,19,36.2286,1,0,0,0,-1,-1,0,0,5.80027,-0.180111,-19.9535
363,0,1,2520,357.269,0,0,340.858,0,0,19,19,36.2286,1,0,0,0,-1,-1,0,0,5.80884,-0.181457,-19.9516
364,0,1,2520,356.936,0,0,340.858,0,0,19,19,36.2286,1,0,0,0,-1,-1,0,0,5.81988,-0.182854,-19.9518
365,0,1,2520,356.632,0,0,340.858,0,0,19,19,36.2286,1,0,0,0,-1,-1,0,0,5.83025,-0.184119,-19.9518
366,0,1,2520,356.396,0,0,340.858,0,0,19,19,36.2286,1,0,0,0,-1,-1,0,0,5.8381,-0.185118,-19.9511
367,0,1,2520,356.297,0,0,340.858,0,0,19,19,36.2286,1,0,0,0,-1,-1,0,0,5.83984,-0.185663,-19.9474
368,0,1,2520,356.289,0,0,340.858,0,0,19,19,36.2286,1,0,0,0,-1,-1,0,0,5.84015,-0.185805,-19.945
369,0,1,2520,356.365,0,0,340.858,0,0,19,19,36.2286,1,0,0,0,-1,-1,0,0,5.83964,-0.1855,-19.945
370,0,1,2520,356.543,0,0,340.858,0,0,19,19,36.2286,1,0,0,0,-1,-1,0,0,5.83756,-0.184715,-19.9451
371,0,1,2520,356.834,0,0,340.858,0,0,19,19,36.2286,1,0,0,0,-1,-1,0,0,5.83424,-0.183452,-19.9463
372,0,1,2520,357.23,0,0,340.858,0,0,19,19,36.2286,1,0,0,0,-1,-1,0,0,5.82997,-0.181741,-19.9502
373,0,1,2520,357.686,0,0,340.858,0,0,19,19,36.2286,1,0,0,0,-1,-1,0,0,5.8229,-0.179797,-19.9534
374,0,1,2520,358.034,0,0,340.858,0,0,19,19,36.2286,1,0,0,0,-1,-1,0,0,5.81454,-0.17821,-19.9564
375,0,1,2520,358.136,0,0,340.858,0,0,19,19,36.2286,1,0,0,0,-1,-1,0,0,5.80722,-0.177538,-19.9574
376,0,1,2520,358.097,0,0,340.858,0,0,19,19,36.2286,1,0,0,0,-1,-1,0,0,5.80045,-0.177664,-19.9565
377,0,1,2520,358.043,0,0,340.858,0,0,19,19,36.2286,1,0,0,0,-1,-1,0,0,5.79249,-0.178238,-19.9523
378,0,1,2520,357.935,0,0,340.858,0,0,19,19,36.2286,1,0,0,0,-1,-1,0,0,5.78914,-0.179264,-19.9511
379,0,1,2520,357.807,0,0,340.858,0,0,19,19,36.2286,1,0,0,0,-1,-1,0,0,5.78662,-0.180526,-19.9485
380,0,1,2520,357.639,0,0,340.858,0,0,19,19,36.2286,1,0,0,0,-1,-1,0,0,5.78773,-0.181985,-19.9482
381,0,1,2520,357.468,0,0,340.858,0,0,19,19,36.2286,1,0,0,0,-1,-1,0,0,5.7896,-0.183448,-19.9475
382,0,1,2520,357.279,0,0,340.858,0,0,19,19,36.2286,1,0,0,0,-1,-1,0,0,5.79432,-0.184863,-19.9472
383,0,1,2520,357.097,0,0,340.858,0,0,19,19,36.2286,1,0,0,0,-1,-1,0,0,5.80165,-0.186098,-19.949
384,0,1,2520,356.968,0,0,340.858,0,0,19,19,36.2286,1,0,0,0,-1,-1,0,0,5.80784,-0.186965,-19.9489
385,0,1,2520,356.863,0,0,340.858,0,0,19,19,36.2286,1,0,0,0,-1,-1,0,0,5.8146,-0.187448,-19.9482
386,0,1,2520,356.787,0,0,340.858,0,0,19,19,36.2286,1,0,0,0,-1,-1,0,0,5.82191,-0.187541,-19.9473
387,0,1,2520,356.771,0,0,340.858,0,0,19,19,36.2286,1,0,0,0,-1,-1,0,0,5.82752,-0.187218,-19.9449
388,0,1,2520,356.783,0,0,340.858,0,0,19,19,36.2286,1,0,0,0,-1,-1,0,0,5.83492,-0.18663,-19.9451
389,0,1,2520,356.855,0,0,340.858,0,0,19,19,36.2286,1,0,0,0,-1,-1,0,0,5.84198,-0.185806,-19.9465
390,0,1,2520,357.015,0,0,340.858,0,0,19,19,36.2286,1,0,0,0,-1,-1,0,0,5.84625,-0.184747,-19.9476
391,0,1,2520,357.292,0,0,340.858,0,0,19,19,36.2286,1,0,0,0,-1,-1,0,0,5.84498,-0.183504,-19.9465
392,0,1,2520,357.612,0,0,340.858,0,0,19,19,36.2286,1,0,0,0,-1,-1,0,0,5.84236,-0.182375,-19.9465
393,0,1,2520,357.961,0,0,340.858,0,0,19,19,36.2286,1,0,0,0,-1,-1,0,0,5.83528,-0.181526,-19.9423
394,0,1,2520,358.212,0,0,340.858,0,0,19,19,36.2286,1,0,0,0,-1,-1,0,0,5.82906,-0.181367,-19.9382
395,0,1,2520,358.253,0,0,340.858,0,0,19,19,36.2286,1,0,0,0,-1,-1,0,0,5.82623,-0.182067,-19.9343
396,0,1,2520,358.064,0,0,340.858,0,0,19,19,36.2286,1,0,0,0,-1,-1,0,0,5.82905,-0.183497,-19.933
397,0,1,2520,357.779,0,0,340.858,0,0,19,19,36.2286,1,0,0,0,-1,-1,0,0,5.83261,-0.185246,-19.9305
398,0,1,2520,357.449,0,0,340.858,0,0,19,19,36.2286,1,0,0,0,-1,-1,0,0,5.83706,-0.187164,-19.9268
399,0,1,2520,357.059,0,0,340.858,0,0,19,19,36.2286,1,0,0,0,-1,-1,0,0,5.84709,-0.189288,-19.9281
400,0,1,2520,356.69,0,0,340.858,0,0,19,19,36.2286,1,0,0,0,-1,-1,0,0,5.85659,-0.191364,-19.9291
401,0,1,2520,356.402,0,0,340.858,0,0,19,19,36.2286,1,0,0,0,-1,-1,0,0,5.86376,-0.193167,-19.9302
402,0,1,2520,356.219,0,0,340.858,0,0,19,19,36.2286,1,0,0,0,-1,-1,0,0,5.86742,-0.194534,-19.9295
403,0,1,2520,356.165,0,0,340.858,0,0,19,19,36.2286,1,0,0,0,-1,-1,0,0,5.86581,-0.195306,-19.9238
404,0,1,2520,356.113,0,0,340.858,0,0,19,19,36.2286,1,0,0,0,-1,-1,0,0,5.87136,-0.195778,-19.9266
405,0,1,2520,356.191,0,0,340.858,0,0,19,19,36.2286,1,0,0,0,-1,-1,0,0,5.87049,-0.195556,-19.9258
406,0,1,2520,356.319,0,0,340.858,0,0,19,19,36.2286,1,0,0,0,-1,-1,0,0,5.86954,-0.194902,-19.9241
407,0,1,2520,356.441,0,0,340.858,0,0,19,19,36.2286,1,0,0,0,-1,-1,0,0,5.87272,-0.194061,-19.9279
408,0,1,2520,356.63,0,0,340.858,0,0,19,19,36.2286,1,0,0,0,-1,-1,0,0,5.87166,-0.192914,-19.9302
409,0,1,2520,356.881,0,0,340.858,0,0,19,19,36.2286,1,0,0,0,-1,-1,0,0,5.86715,-0.191579,-19.932
410,0,1,2520,357.124,0,0,340.858,0,0,19,19,36.2286,1,0,0,0,-1,-1,0,0,5.8647,-0.190324,-19.9338
411,0,1,2520,357.385,0,0,340.858,0,0,19,19,36.2286,1,0,0,0,-1,-1,0,0,5.86053,-0.189174,-19.9355
412,0,1,2520,357.647,0,0,340.858,0,0,19,19,36.2286,1,0,0,0,-1,-1,0,0,5.85383,-0.188302,-19.9307
413,0,1,2520,357.83,0,0,340.858,0,0,19,19,36.2286,1,0,0,0,-1,-1,0,0,5.84927,-0.188065,-19.9261
414,0,1,2520,357.855,0,0,340.858,0,0,19,19,36.2286,1,0,0,0,-1,-1,0,0,5.8525,-0.188842,-19.9246
415,0,1,2520,357.749,0,0,340.858,0,0,19,19,36.2286,1,0,0,0,-1,-1,0,0,5.86311,-0.190752,-19.9333
416,0,1,2520,357.579,0,0,340.858,0,0,19,19,36.2286,1,0,0,0,-1,-1,0,0,5.87332,-0.19347,-19.9342
417,0,1,2520,357.224,0,0,340.858,0,0,19,19,36.2286,1,0,0,0,-1,-1,0,0,5.88737,-0.196741,-19.9339
418,0,1,2520,356.715,0,0,340.858,0,0,19,19,36.2286,1,0,0,0,-1,-1,0,0,5.90252,-0.200075,-19.9365
419,0,1,2520,356.193,0,0,340.858,0,0,19,19,36.2286,1,0,0,0,-1,-1,0,0,5.91593,-0.203099,-19.936
420,0,1,2520,355.77,0,0,340.858,0,0,19,19,36.2286,1,0,0,0,-1,-1,0,0,5.92364,-0.205616,-19.9337
421,0,1,2520,355.471,0,0,340.858,0,0,19,19,36.2286,1,0,0,0,-1,-1,0,0,5.92993,-0.207535,-19.9306
422,0,1,2520,355.319,0,0,340.858,0,0,19,19,36.2286,1,0,0,0,-1,-1,0,0,5.93249,-0.20877,-19.9298
423,0,1,2520,355.229,0,0,340.858,0,0,19,19,36.2286,1,0,0,0,-1,-1,0,0,5.93825,-0.209357,-19.931
424,0,1,2520,355.258,0,0,340.858,0,0,19,19,36.2286,1,0,0,0,-1,-1,0,0,5.94112,-0.209209,-19.9309
425,0,1,2520,355.345,0,0,340.858,0,0,19,19,36.2286,1,0,0,0,-1,-1,0,0,5.94602,-0.208567,-19.9366
426,0,1,2520,355.502,0,0,340.858,0,0,19,19,36.2286,1,0,0,0,-1,-1,0,0,5.94874,-0.207429,-19.9419
427,0,1,2520,355.716,0,0,340.858,0,0,19,19,36.2286,1,0,0,0,-1,-1,0,0,5.94837,-0.205935,-19.9452
428,0,1,2520,356.004,0,0,340.858,0,0,19,19,36.2286,1,0,0,0,-1,-1,0,0,5.94226,-0.204214,-19.9449
429,0,1,2520,356.346,0,0,340.858,0,0,19,19,36.2286,1,0,0,0,-1,-1,0,0,5.92966,-0.202394,-19.9353
430,0,1,2520,356.643,0,0,340.858,0,0,19,19,36.2286,1,0,0,0,-1,-1,0,0,5.92092,-0.200816,-19.9344
431,0,1,2520,356.926,0,0,340.858,0,0,19,19,36.2286,1,0,0,0,-1,-1,0,0,5.91154,-0.199448,-19.9292
432,0,1,2520,357.093,0,0,340.858,0,0,19,19,36.2286,1,0,0,0,-1,-1,0,0,5.9112,-0.198578,-19.9284
433,0,1,2520,357.179,0,0,340.858,0,0,19,19,36.2286,1,0,0,0,-1,-1,0,0,5.91567,-0.198163,-19.9326
434,0,1,2520,357.292,0,0,340.858,0,0,19,19,36.2286,1,0,0,0,-1,-1,0,0,5.9136,-0.198033,-19.9362
435,0,1,2520,357.287,0,0,340.858,0,0,19,19,36.2286,1,0,0,0,-1,-1,0,0,5.91574,-0.198492,-19.9339
436,0,1,2520,357.18,0,0,340.858,0,0,19,19,36.2286,1,0,0,0,-1,-1,0,0,5.92076,-0.199512,-19.9348
437,0,1,2520,356.99,0,0,340.858,0,0,19,19,36.2286,1,0,0,0,-1,-1,0,0,5.92735,-0.201045,-19.937
438,0,1,2520,356.76,0,0,340.858,0,0,19,19,36.2286,1,0,0,0,-1,-1,0,0,5.92896,-0.202925,-19.9307
439,0,1,2520,356.314,0,0,340.858,0,0,19,19,36.2286,1,0,0,0,-1,-1,0,0,5.94286,-0.205578,-19.933
440,0,1,2520,355.779,0,0,340.858,0,0,19,19,36.2286,1,0,0,0,-1,-1,0,0,5.95822,-0.208649,-19.9359
441,0,1,2520,355.216,0,0,340.858,0,0,19,19,36.2286,1,0,0,0,-1,-1,0,0,5.97302,-0.211885,-19.9362
442,0,1,2520,354.651,0,0,340.858,0,0,19,19,36.2286,1,0,0,0,-1,-1,0,0,5.98883,-0.215066,-19.9356
443,0,1,2520,354.079,0,0,340.858,0,0,19,19,36.2286,1,0,0,0,-1,-1,0,0,6.01293,-0.218104,-19.9462
444,0,1,2520,353.707,0,0,340.858,0,0,19,19,36.2286,1,0,0,0,-1,-1,0,0,6.0292,-0.220268,-19.9536
445,0,1,2520,353.533,0,0,340.858,0,0,19,19,36.2286,1,0,0,0,-1,-1,0,0,6.04112,-0.221535,-19.9645
446,0,1,2520,353.568,0,0,340.858,0,0,19,19,36.2286,1,0,0,0,-1,-1,0,0,6.04766,-0.221755,-19.9734
447,0,1,2520,353.928,0,0,340.858,0,0,19,19,36.2286,1,0,0,0,-1,-1,0,0,6.03715,-0.220623,-19.9739
448,0,1,2520,354.372,0,0,340.858,0,0,19,19,36.2286,1,0,0,0,-1,-1,0,0,6.02858,-0.218762,-19.9752
449,0,1,2520,354.902,0,0,340.858,0,0,19,19,36.2286,1,0,0,0,-1,-1,0,0,6.01688,-0.216168,-19.9744
450,0,1,2520,355.45,0,0,340.858,0,0,19,19,36.2286,1,0,0,0,-1,-1,0,0,6.00398,-0.2132,-19.9753
451,0,1,2520,356.007,0,0,340.858,0,0,19,19,36.2286,1,0,0,0,-1,-1,0,0,5.98689,-0.210196,-19.9752
452,0,1,2520,356.468,0,0,340.858,0,0,19,19,36.2286,1,0,0,0,-1,-1,0,0,5.97218,-0.207639,-19.9771
453,0,1,2520,356.769,0,0,340.858,0,0,19,19,36.2286,1,0,0,0,-1,-1,0,0,5.96382,-0.205718,-19.9813
454,0,1,2520,356.929,0,0,340.858,0,0,19,19,36.2286,1,0,0,0,-1,-1,0,0,5.95828,-0.204411,-19.983
455,0,1,2520,356.934,0,0,340.858,0,0,19,19,36.2286,1,0,0,0,-1,-1,0,0,5.95681,-0.20385,-19.9763
456,0,1,2520,356.81,0,0,340.858,0,0,19,19,36.2286,1,0,0,0,-1,-1,0,0,5.95853,-0.203938,-19.9673
457,0,1,2520,356.504,0,0,340.858,0,0,19,19,36.2286,1,0,0,0,-1,-1,0,0,5.96971,-0.20478,-19.9596
458,0,1,2520,356.163,0,0,340.858,0,0,19,19,36.2286,1,0,0,0,-1,-1,0,0,5.97952,-0.205854,-19.9525
459,0,1,2520,355.909,0,0,340.858,0,0,19,19,36.2286,1,0,0,0,-1,-1,0,0,5.98187,-0.206909,-19.9555
460,0,1,2520,355.674,0,0,340.858,0,0,19,19,36.2286,1,0,0,0,-1,-1,0,0,5.98346,-0.207973,-19.9515
461,0,1,2520,355.336,0,0,340.858,0,0,19,19,36.2286,1,0,0,0,-1,-1,0,0,5.99924,-0.209269,-19.9529
462,0,1,2520,355.104,0,0,340.858,0,0,19,19,36.2286,1,0,0,0,-1,-1,0,0,6.01006,-0.210124,-19.9479
463,0,1,2520,354.958,0,0,340.858,0,0,19,19,36.2286,1,0,0,0,-1,-1,0,0,6.01999,-0.210772,-19.9497
464,0,1,2520,355.059,0,0,340.858,0,0,19,19,36.2286,1,0,0,0,-1,-1,0,0,6.01308,-0.210714,-19.9511
465,0,1,2520,355.201,0,0,340.858,0,0,19,19,36.2286,1,0,0,0,-1,-1,0,0,6.00762,-0.210369,-19.9501
466,0,1,2520,355.413,0,0,340.858,0,0,19,19,36.2286,1,0,0,0,-1,-1,0,0,5.99942,-0.209655,-19.9532
467,0,1,2520,355.641,0,0,340.858,0,0,19,19,36.2286,1,0,0,0,-1,-1,0,0,5.99115,-0.208777,-19.9561
468,0,1,2520,355.871,0,0,340.858,0,0,19,19,36.2286,1,0,0,0,-1,-1,0,0,5.98276,-0.207831,-19.9578
469,0,1,2520,356.123,0,0,340.858,0,0,19,19,36.2286,1,0,0,0,-1,-1,0,0,5.97085,-0.206827,-19.9606
470,0,1,2520,356.328,0,0,340.858,0,0,19,19,36.2286,1,0,0,0,-1,-1,0,0,5.9598,-0.205986,-19.9568
471,0,1,2520,356.446,0,0,340.858,0,0,19,19,36.2286,1,0,0,0,-1,-1,0,0,5.95263,-0.205354,-19.9561
472,0,1,2520,356.348,0,0,340.858,0,0,19,19,36.2286,1,0,0,0,-1,-1,0,0,5.95835,-0.205275,-19.9501
473,0,1,2520,356.179,0,0,340.858,0,0,19,19,36.2286,1,0,0,0,-1,-1,0,0,5.96456,-0.205528,-19.9535
474,0,1,2520,355.888,0,0,340.858,0,0,19,19,36.2286,1,0,0,0,-1,-1,0,0,5.97408,-0.206293,-19.9531
475,0,1,2520,355.558,0,0,340.858,0,0,19,19,36.2286,1,0,0,0,-1,-1,0,0,5.9822,-0.20737,-19.9577
476,0,1,2520,355.14,0,0,340.858,0,0,19,19,36.2286,1,0,0,0,-1,-1,0,0,5.99959,-0.208871,-19.9643
477,0,1,2520,354.805,0,0,340.858,0,0,19,19,36.2286,1,0,0,0,-1,-1,0,0,6.01617,-0.210358,-19.9652
478,0,1,2520,354.513,0,0,340.858,0,0,19,19,36.2286,1,0,0,0,-1,-1,0,0,6.03806,-0.211901,-19.9703
479,0,1,2520,354.316,0,0,340.858,0,0,19,19,36.2286,1,0,0,0,-1,-1,0,0,6.05781,-0.213078,-19.975
480,0,1,2520,354.308,0,0,340.858,0,0,19,19,36.2286,1,0,0,0,-1,-1,0,0,6.06579,-0.213601,-19.9835
481,0,1,2520,354.51,0,0,340.858,0,0,19,19,36.2286,1,0,0,0,-1,-1,0,0,6.05861,-0.213344,-19.9869
482,0,1,2520,354.678,0,0,340.858,0,0,19,19,36.2286,1,0,0,0,-1,-1,0,0,6.05855,-0.212885,-19.9869
483,0,1,2520,354.978,0,0,340.858,0,0,19,19,36.2286,1,0,0,0,-1,-1,0,0,6.04941,-0.211952,-19.9869
484,0,1,2520,355.272,0,0,340.858,0,0,19,19,36.2286,1,0,0,0,-1,-1,0,0,6.04208,-0.210875,-19.9863
485,0,1,2520,355.592,0,0,340.858,0,0,19,19,36.2286,1,0,0,0,-1,-1,0,0,6.03108,-0.209695,-19.9804
486,0,1,2520,355.856,0,0,340.858,0,0,19,19,36.2286,1,0,0,0,-1,-1,0,0,6.02309,-0.208578,-19.9792
487,0,1,2520,356.068,0,0,340.858,0,0,19,19,36.2286,1,0,0,0,-1,-1,0,0,6.01508,-0.207556,-19.9746
488,0,1,2520,356.2,0,0,340.858,0,0,19,19,36.2286,1,0,0,0,-1,-1,0,0,6.01007,-0.206957,-19.976
489,0,1,2520,356.169,0,0,340.858,0,0,19,19,36.2286,1,0,0,0,-1,-1,0,0,6.01298,-0.206713,-19.969
490,0,1,2520,356.176,0,0,340.858,0,0,19,19,36.2286,1,0,0,0,-1,-1,0,0,6.00602,-0.206603,-19.9669
491,0,1,2520,355.974,0,0,340.858,0,0,19,19,36.2286,1,0,0,0,-1,-1,0,0,6.01206,-0.207231,-19.9708
492,0,1,2520,355.657,0,0,340.858,0,0,19,19,36.2286,1,0,0,0,-1,-1,0,0,6.01938,-0.208465,-19.9632
493,0,1,2520,355.178,0,0,340.858,0,0,19,19,36.2286,1,0,0,0,-1,-1,0,0,6.03162,-0.210353,-19.9563
494,0,1,2520,354.795,0,0,340.858,0,0,19,19,36.2286,1,0,0,0,-1,-1,0,0,6.0245,-0.212293,-19.9405
495,0,1,2520,354.241,0,0,340.858,0,0,19,19,36.2286,1,0,0,0,-1,-1,0,0,6.02868,-0.214849,-19.9433
496,0,1,2520,353.864,0,0,340.858,0,0,19,19,36.2286,1,0,0,0,-1,-1,0,0,6.03369,-0.216997,-19.9444
497,0,1,2520,353.84,0,0,340.858,0,0,19,19,36.2286,1,0,0,0,-1,-1,0,0,6.03765,-0.218471,-19.9384
498,0,1,2520,353.813,0,0,340.858,0,0,19,19,36.2286,1,0,0,0,-1,-1,0,0,6.05471,-0.219981,-19.9318
499,0,1,2520,353.859,0,0,340.858,0,0,19,19,36.2286,1,0,0,0,-1,-1,0,0,6.06661,-0.220643,-19.9396
500,0,1,2520,354.049,0,0,340.858,0,0,19,19,36.2286,1,0,0,0,-1,-1,0,0,6.06661,-0.220493,-19.9484
501,0,1,2520,354.256,0,0,340.858,0,0,19,19,36.2286,1,0,0,0,-1,-1,0,0,6.06699,-0.219772,-19.9576
502,0,1,2520,354.579,0,0,340.858,0,0,19,19,36.2286,1,0,0,0,-1,-1,0,0,6.05988,-0.218355,-19.9465
503,0,1,2520,354.919,0,0,340.858,0,0,19,19,36.2286,1,0,0,0,-1,-1,0,0,6.05449,-0.21677,-19.9478
504,0,1,2520,355.332,0,0,340.858,0,0,19,19,36.2286,1,0,0,0,-1,-1,0,0,6.04156,-0.214886,-19.9489
505,0,1,2520,355.704,0,0,340.858,0,0,19,19,36.2286,1,0,0,0,-1,-1,0,0,6.02966,-0.213364,-19.9467
506,0,1,2520,356.049,0,0,340.858,0,0,19,19,36.2286,1,0,0,0,-1,-1,0,0,6.01656,-0.21197,-19.9514
507,0,1,2520,356.282,0,0,340.858,0,0,19,19,36.2286,1,0,0,0,-1,-1,0,0,6.00675,-0.211277,-19.9507
508,0,1,2520,356.387,0,0,340.858,0,0,19,19,36.2286,1,0,0,0,-1,-1,0,0,6.00281,-0.210953,-19.952
509,0,1,2520,356.462,0,0,340.858,0,0,19,19,36.2286,1,0,0,0,-1,-1,0,0,5.99581,-0.210945,-19.9507
510,0,1,2520,356.506,0,0,340.858,0,0,19,19,36.2286,1,0,0,0,-1,-1,0,0,5.98695,-0.211337,-19.9478
511,0,1,2520,356.417,0,0,340.858,0,0,19,19,36.2286,1,0,0,0,-1,-1,0,0,5.9849,-0.212131,-19.9444
512,0,1,2520,356.208,0,0,340.858,0,0,19,19,36.2286,1,0,0,0,-1,-1,0,0,5.9894,-0.213221,-19.9404
513,0,1,2520,355.939,0,0,340.858,0,0,19,19,36.2286,1,0,0,0,-1,-1,0,0,5.99567,-0.214477,-19.9391
514,0,1,2520,355.617,0,0,340.858,0,0,19,19,36.2286,1,0,0,0,-1,-1,0,0,6.00345,-0.215912,-19.9375
515,0,1,2520,355.257,0,0,340.858,0,0,19,19,36.2286,1,0,0,0,-1,-1,0,0,6.01248,-0.217403,-19.9384
516,0,1,2520,354.836,0,0,340.858,0,0,19,19,36.2286,1,0,0,0,-1,-1,0,0,6.02628,-0.219045,-19.9369
517,0,1,2520,354.446,0,0,340.858,0,0,19,19,36.2286,1,0,0,0,-1,-1,0,0,6.03915,-0.220589,-19.9388
518,0,1,2520,354.047,0,0,340.858,0,0,19,19,36.2286,1,0,0,0,-1,-1,0,0,6.05599,-0.221982,-19.9417
519,0,1,2520,353.797,0,0,340.858,0,0,19,19,36.2286,1,0,0,0,-1,-1,0,0,6.06524,-0.222926,-19.9437
520,0,1,2520,353.658,0,0,340.858,0,0,19,19,36.2286,1,0,0,0,-1,-1,0,0,6.07224,-0.223359,-19.9447
521,0,1,2520,353.682,0,0,340.858,0,0,19,19,36.2286,1,0,0,0,-1,-1,0,0,6.07561,-0.222946,-19.9488
522,0,1,2520,353.874,0,0,340.858,0,0,19,19,36.2286,1,0,0,0,-1,-1,0,0,6.07679,-0.2217,-19.9501
523,0,1,2520,354.267,0,0,340.858,0,0,19,19,36.2286,1,0,0,0,-1,-1,0,0,6.07176,-0.219603,-19.9528
524,0,1,2520,354.769,0,0,340.858,0,0,19,19,36.2286,1,0,0,0,-1,-1,0,0,6.06501,-0.216894,-19.9548
525,0,1,2520,355.313,0,0,340.858,0,0,19,19,36.2286,1,0,0,0,-1,-1,0,0,6.05646,-0.213959,-19.9547
526,0,1,2520,355.846,0,0,340.858,0,0,19,19,36.2286,1,0,0,0,-1,-1,0,0,6.04514,-0.211001,-19.9549
527,0,1,2520,356.272,0,0,340.858,0,0,19,19,36.2286,1,0,0,0,-1,-1,0,0,6.03517,-0.208532,-19.9532
528,0,1,2520,356.52,0,0,340.858,0,0,19,19,36.2286,1,0,0,0,-1,-1,0,0,6.03064,-0.206891,-19.9488
529,0,1,2520,356.694,0,0,340.858,0,0,19,19,36.2286,1,0,0,0,-1,-1,0,0,6.02191,-0.205886,-19.9467
530,0,1,2520,356.696,0,0,340.858,0,0,19,19,36.2286,1,0,0,0,-1,-1,0,0,6.0172,-0.205705,-19.9422
531,0,1,2520,356.534,0,0,340.858,0,0,19,19,36.2286,1,0,0,0,-1,-1,0,0,6.01707,-0.206367,-19.9365
532,0,1,2520,356.274,0,0,340.858,0,0,19,19,36.2286,1,0,0,0,-1,-1,0,0,6.0177,-0.207619,-19.9336
533,0,1,2520,355.905,0,0,340.858,0,0,19,19,36.2286,1,0,0,0,-1,-1,0,0,6.02459,-0.209342,-19.9314
534,0,1,2520,355.48,0,0,340.858,0,0,19,19,36.2286,1,0,0,0,-1,-1,0,0,6.03613,-0.211244,-19.9302
535,0,1,2520,355.105,0,0,340.858,0,0,19,19,36.2286,1,0,0,0,-1,-1,0,0,6.04555,-0.213127,-19.9311
536,0,1,2520,354.791,0,0,340.858,0,0,19,19,36.2286,1,0,0,0,-1,-1,0,0,6.05417,-0.214574,-19.9347
537,0,1,2520,354.489,0,0,340.858,0,0,19,19,36.2286,1,0,0,0,-1,-1,0,0,6.06711,-0.215757,-19.9373
538,0,1,2520,354.27,0,0,340.858,0,0,19,19,36.2286,1,0,0,0,-1,-1,0,0,6.07871,-0.21648,-19.941
539,0,1,2520,354.181,0,0,340.858,0,0,19,19,36.2286,1,0,0,0,-1,-1,0,0,6.08625,-0.216763,-19.9446
540,0,1,2520,354.163,0,0,340.858,0,0,19,19,36.2286,1,0,0,0,-1,-1,0,0,6.09421,-0.216788,-19.9465
541,0,1,2520,354.202,0,0,340.858,0,0,19,19,36.2286,1,0,0,0,-1,-1,0,0,6.10085,-0.216513,-19.9481
542,0,1,2520,354.315,0,0,340.858,0,0,19,19,36.2286,1,0,0,0,-1,-1,0,0,6.10197,-0.215896,-19.9503
543,0,1,2520,354.48,0,0,340.858,0,0,19,19,36.2286,1,0,0,0,-1,-1,0,0,6.0984,-0.215152,-19.9538
544,0,1,2520,354.611,0,0,340.858,0,0,19,19,36.2286,1,0,0,0,-1,-1,0,0,6.09726,-0.214414,-19.956
545,0,1,2520,354.755,0,0,340.858,0,0,19,19,36.2286,1,0,0,0,-1,-1,0,0,6.09445,-0.21362,-19.9576
546,0,1,2520,354.961,0,0,340.858,0,0,19,19,36.2286,1,0,0,0,-1,-1,0,0,6.08538,-0.212724,-19.9585
547,0,1,2520,355.175,0,0,340.858,0,0,19,19,36.2286,1,0,0,0,-1,-1,0,0,6.07358,-0.211887,-19.9575
548,0,1,2520,355.358,0,0,340.858,0,0,19,19,36.2286,1,0,0,0,-1,-1,0,0,6.06242,-0.211157,-19.956
549,0,1,2520,355.477,0,0,340.858,0,0,19,19,36.2286,1,0,0,0,-1,-1,0,0,6.05433,-0.210544,-19.9527
550,0,1,2520,355.544,0,0,340.858,0,0,19,19,36.2286,1,0,0,0,-1,-1,0,0,6.04733,-0.21005,-19.9512
551,0,1,2520,355.505,0,0,340.858,0,0,19,19,36.2286,1,0,0,0,-1,-1,0,0,6.04604,-0.209869,-19.9471
552,0,1,2520,355.434,0,0,340.858,0,0,19,19,36.2286,1,0,0,0,-1,-1,0,0,6.04406,-0.209736,-19.9474
553,0,1,2520,355.27,0,0,340.858,0,0,19,19,36.2286,1,0,0,0,-1,-1,0,0,6.04773,-0.209721,-19.948
554,0,1,2520,355.09,0,0,340.858,0,0,19,19,36.2286,1,0,0,0,-1,-1,0,0,6.05142,-0.209744,-19.9459
555,0,1,2520,354.962,0,0,340.858,0,0,19,19,36.2286,1,0,0,0,-1,-1,0,0,6.05223,-0.209675,-19.9411
556,0,1,2520,354.914,0,0,340.858,0,0,19,19,36.2286,1,0,0,0,-1,-1,0,0,6.04972,-0.209309,-19.9382
557,0,1,2520,354.895,0,0,340.858,0,0,19,19,36.2286,1,0,0,0,-1,-1,0,0,6.04948,-0.208868,-19.9381
558,0,1,2520,354.869,0,0,340.858,0,0,19,19,36.2286,1,0,0,0,-1,-1,0,0,6.05386,-0.20834,-19.9398
559,0,1,2520,354.828,0,0,340.858,0,0,19,19,36.2286,1,0,0,0,-1,-1,0,0,6.06191,-0.207865,-19.9406
560,0,1,2520,354.813,0,0,340.858,0,0,19,19,36.2286,1,0,0,0,-1,-1,0,0,6.06896,-0.20731,-19.9423
561,0,1,2520,354.813,0,0,340.858,0,0,19,19,36.2286,1,0,0,0,-1,-1,0,0,6.07565,-0.206743,-19.9448
562,0,1,2520,354.788,0,0,340.858,0,0,19,19,36.2286,1,0,0,0,-1,-1,0,0,6.08471,-0.206267,-19.9473
563,0,1,2520,354.817,0,0,340.858,0,0,19,19,36.2286,1,0,0,0,-1,-1,0,0,6.08934,-0.205783,-19.9499
564,0,1,2520,354.92,0,0,340.858,0,0,19,19,36.2286,1,0,0,0,-1,-1,0,0,6.08778,-0.205352,-19.9507
565,0,1,2520,355.036,0,0,340.858,0,0,19,19,36.2286,1,0,0,0,-1,-1,0,0,6.08432,-0.204995,-19.9513
566,0,1,2520,355.146,0,0,340.858,0,0,19,19,36.2286,1,0,0,0,-1,-1,0,0,6.08034,-0.204838,-19.9497
567,0,1,2520,355.285,0,0,340.858,0,0,19,19,36.2286,1,0,0,0,-1,-1,0,0,6.07186,-0.204757,-19.9489
568,0,1,2520,355.356,0,0,340.858,0,0,19,19,36.2286,1,0,0,0,-1,-1,0,0,6.06699,-0.204895,-19.9471
569,0,1,2520,355.447,0,0,340.858,0,0,19,19,36.2286,1,0,0,0,-1,-1,0,0,6.05778,-0.204947,-19.9492
570,0,1,2520,355.467,0,0,340.858,0,0,19,19,36.2286,1,0,0,0,-1,-1,0,0,6.05235,-0.205197,-19.9504
571,0,1,2520,355.429,0,0,340.858,0,0,19,19,36.2286,1,0,0,0,-1,-1,0,0,6.05038,-0.205562,-19.9478
572,0,1,2520,355.397,0,0,340.858,0,0,19,19,36.2286,1,0,0,0,-1,-1,0,0,6.04672,-0.205845,-19.9464
573,0,1,2520,355.409,0,0,340.858,0,0,19,19,36.2286,1,0,0,0,-1,-1,0,0,6.03942,-0.20588,-19.9453
574,0,1,2520,355.429,0,0,340.858,0,0,19,19,36.2286,1,0,0,0,-1,-1,0,0,6.03272,-0.205604,-19.944
575,0,1,2520,355.478,0,0,340.858,0,0,19,19,36.2286,1,0,0,0,-1,-1,0,0,6.02619,-0.205008,-19.9434
576,0,1,2520,355.563,0,0,340.858,0,0,19,19,36.2286,1,0,0,0,-1,-1,0,0,6.02065,-0.204115,-19.942
577,0,1,2520,355.617,0,0,340.858,0,0,19,19,36.2286,1,0,0,0,-1,-1,0,0,6.02137,-0.203171,-19.9412
578,0,1,2520,355.634,0,0,340.858,0,0,19,19,36.2286,1,0,0,0,-1,-1,0,0,6.02615,-0.202266,-19.9439
579,0,1,2520,355.606,0,0,340.858,0,0,19,19,36.2286,1,0,0,0,-1,-1,0,0,6.03386,-0.201672,-19.946
580,0,1,2520,355.597,0,0,340.858,0,0,19,19,36.2286,1,0,0,0,-1,-1,0,0,6.03794,-0.201201,-19.9475
581,0,1,2520,355.585,0,0,340.858,0,0,19,19,36.2286,1,0,0,0,-1,-1,0,0,6.03951,-0.200964,-19.9483
582,0,1,2520,355.549,0,0,340.858,0,0,19,19,36.2286,1,0,0,0,-1,-1,0,0,6.04034,-0.201009,-19.9478
583,0,1,2520,355.446,0,0,340.858,0,0,19,19,36.2286,1,0,0,0,-1,-1,0,0,6.04395,-0.201423,-19.9465
584,0,1,2520,355.314,0,0,340.858,0,0,19,19,36.2286,1,0,0,0,-1,-1,0,0,6.04749,-0.202091,-19.9489
585,0,1,2520,355.136,0,0,340.858,0,0,19,19,36.2286,1,0,0,0,-1,-1,0,0,6.05348,-0.202981,-19.9515
586,0,1,2520,354.951,0,0,340.858,0,0,19,19,36.2286,1,0,0,0,-1,-1,0,0,6.05962,-0.203965,-19.955
587,0,1,2520,354.776,0,0,340.858,0,0,19,19,36.2286,1,0,0,0,-1,-1,0,0,6.06486,-0.204896,-19.9599
588,0,1,2520,354.642,0,0,340.858,0,0,19,19,36.2286,1,0,0,0,-1,-1,0,0,6.06776,-0.205696,-19.9625
589,0,1,2520,354.621,0,0,340.858,0,0,19,19,36.2286,1,0,0,0,-1,-1,0,0,6.06424,-0.206079,-19.9627
590,0,1,2520,354.722,0,0,340.858,0,0,19,19,36.2286,1,0,0,0,-1,-1,0,0,6.05402,-0.205933,-19.9641
591,0,1,2520,354.87,0,0,340.858,0,0,19,19,36.2286,1,0,0,0,-1,-1,0,0,6.04505,-0.20533,-19.9623
592,0,1,2520,355.075,0,0,340.858,0,0,19,19,36.2286,1,0,0,0,-1,-1,0,0,6.03695,-0.204169,-19.9607
593,0,1,2520,355.276,0,0,340.858,0,0,19,19,36.2286,1,0,0,0,-1,-1,0,0,6.03319,-0.202707,-19.9598
594,0,1,2520,355.505,0,0,340.858,0,0,19,19,36.2286,1,0,0,0,-1,-1,0,0,6.02694,-0.20113,-19.9658
595,0,1,2520,355.601,0,0,340.858,0,0,19,19,36.2286,1,0,0,0,-1,-1,0,0,6.03034,-0.200076,-19.9695
596,0,1,2520,355.656,0,0,340.858,0,0,19,19,36.2286,1,0,0,0,-1,-1,0,0,6.03395,-0.199439,-19.97
597,0,1,2520,355.748,0,0,340.858,0,0,19,19,36.2286,1,0,0,0,-1,-1,0,0,6.02968,-0.199039,-19.9724
598,0,1,2520,355.728,0,0,340.858,0,0,19,19,36.2286,1,0,0,0,-1,-1,0,0,6.03046,-0.199184,-19.9684
599,0,1,2520,355.691,0,0,340.858,0,0,19,19,36.2286,1,0,0,0,-1,-1,0,0,6.02728,-0.199558,-19.9654
600,0,1,2520,355.566,0,0,340.858,0,0,19,19,36.2286,1,0,0,0,-1,-1,0,0,6.02686,-0.200293,-19.9597
601,0,1,2520,355.4,0,0,340.858,0,0,19,19,36.2286,1,0,0,0,-1,-1,0,0,6.02628,-0.201222,-19.957
602,0,1,2520,355.169,0,0,340.858,0,0,19,19,36.2286,1,0,0,0,-1,-1,0,0,6.02953,-0.202372,-19.9561
603,0,1,2520,354.958,0,0,340.858,0,0,19,19,36.2286,1,0,0,0,-1,-1,0,0,6.03044,-0.203392,-19.9541
604,0,1,2520,354.731,0,0,340.858,0,0,19,19,36.2286,1,0,0,0,-1,-1,0,0,6.03489,-0.204339,-19.954
605,0,1,2520,354.608,0,0,340.858,0,0,19,19,36.2286,1,0,0,0,-1,-1,0,0,6.03423,-0.204836,-19.954
606,0,1,2520,354.539,0,0,340.858,0,0,19,19,36.2286,1,0,0,0,-1,-1,0,0,6.03459,-0.20498,-19.9543
607,0,1,2520,354.706,0,0,340.858,0,0,19,19,36.2286,1,0,0,0,-1,-1,0,0,6.01975,-0.204236,-19.9501
608,0,1,2520,355.032,0,0,340.858,0,0,19,19,36.2286,1,0,0,0,-1,-1,0,0,5.99803,-0.202758,-19.9424
609,0,1,2520,355.391,0,0,340.858,0,0,19,19,36.2286,1,0,0,0,-1,-1,0,0,5.97941,-0.200796,-19.9425
610,0,1,2520,355.665,0,0,340.858,0,0,19,19,36.2286,1,0,0,0,-1,-1,0,0,5.96916,-0.198845,-19.9445
611,0,1,2520,355.905,0,0,340.858,0,0,19,19,36.2286,1,0,0,0,-1,-1,0,0,5.95893,-0.197181,-19.9471
612,0,1,2520,356.072,0,0,340.858,0,0,19,19,36.2286,1,0,0,0,-1,-1,0,0,5.95366,-0.196136,-19.9502
613,0,1,2520,356.224,0,0,340.858,0,0,19,19,36.2286,1,0,0,0,-1,-1,0,0,5.94957,-0.195539,-19.9517
614,0,1,2520,356.377,0,0,340.858,0,0,19,19,36.2286,1,0,0,0,-1,-1,0,0,5.94538,-0.195118,-19.9483
615,0,1,2520,356.52,0,0,340.858,0,0,19,19,36.2286,1,0,0,0,-1,-1,0,0,5.94062,-0.194826,-19.9466
616,0,1,2520,356.593,0,0,340.858,0,0,19,19,36.2286,1,0,0,0,-1,-1,0,0,5.93884,-0.194751,-19.9418
617,0,1,2520,356.612,0,0,340.858,0,0,19,19,36.2286,1,0,0,0,-1,-1,0,0,5.93855,-0.194836,-19.9396
618,0,1,2520,356.55,0,0,340.858,0,0,19,19,36.2286,1,0,0,0,-1,-1,0,0,5.94136,-0.195135,-19.9387
619,0,1,2520,356.393,0,0,340.858,0,0,19,19,36.2286,1,0,0,0,-1,-1,0,0,5.94871,-0.195756,-19.9406
620,0,1,2520,356.194,0,0,340.858,0,0,19,19,36.2286,1,0,0,0,-1,-1,0,0,5.95748,-0.196525,-19.9431
621,0,1,2520,355.968,0,0,340.858,0,0,19,19,36.2286,1,0,0,0,-1,-1,0,0,5.96801,-0.19741,-19.9448
622,0,1,2520,355.8,0,0,340.858,0,0,19,19,36.2286,1,0,0,0,-1,-1,0,0,5.97359,-0.19814,-19.9463
623,0,1,2520,355.678,0,0,340.858,0,0,19,19,36.2286,1,0,0,0,-1,-1,0,0,5.97672,-0.198788,-19.9438
624,0,1,2520,355.607,0,0,340.858,0,0,19,19,36.2286,1,0,0,0,-1,-1,0,0,5.97744,-0.199301,-19.9403
625,0,1,2520,355.549,0,0,340.858,0,0,19,19,36.2286,1,0,0,0,-1,-1,0,0,5.97933,-0.199713,-19.9434
626,0,1,2520,355.54,0,0,340.858,0,0,19,19,36.2286,1,0,0,0,-1,-1,0,0,5.97951,-0.199905,-19.9406
627,0,1,2520,355.604,0,0,340.858,0,0,19,19,36.2286,1,0,0,0,-1,-1,0,0,5.97633,-0.199822,-19.9428
628,0,1,2520,355.665,0,0,340.858,0,0,19,19,36.2286,1,0,0,0,-1,-1,0,0,5.97679,-0.199689,-19.9446
629,0,1,2520,355.856,0,0,340.858,0,0,19,19,36.2286,1,0,0,0,-1,-1,0,0,5.96883,-0.199214,-19.9462
630,0,1,2520,356.085,0,0,340.858,0,0,19,19,36.2286,1,0,0,0,-1,-1,0,0,5.96032,-0.198648,-19.9477
631,0,1,2520,356.382,0,0,340.858,0,0,19,19,36.2286,1,0,0,0,-1,-1,0,0,5.94693,-0.198002,-19.9459
632,0,1,2520,356.687,0,0,340.858,0,0,19,19,36.2286,1,0,0,0,-1,-1,0,0,5.93082,-0.197509,-19.945
633,0,1,2520,356.858,0,0,340.858,0,0,19,19,36.2286,1,0,0,0,-1,-1,0,0,5.92102,-0.197418,-19.9454
634,0,1,2520,356.913,0,0,340.858,0,0,19,19,36.2286,1,0,0,0,-1,-1,0,0,5.91476,-0.19764,-19.9434
635,0,1,2520,356.88,0,0,340.858,0,0,19,19,36.2286,1,0,0,0,-1,-1,0,0,5.91048,-0.198133,-19.9377
636,0,1,2520,356.693,0,0,340.858,0,0,19,19,36.2286,1,0,0,0,-1,-1,0,0,5.91606,-0.199074,-19.9372
637,0,1,2520,356.441,0,0,340.858,0,0,19,19,36.2286,1,0,0,0,-1,-1,0,0,5.92578,-0.200218,-19.938
638,0,1,2520,356.232,0,0,340.858,0,0,19,19,36.2286,1,0,0,0,-1,-1,0,0,5.9313,-0.201211,-19.9352
639,0,1,2520,356.008,0,0,340.858,0,0,19,19,36.2286,1,0,0,0,-1,-1,0,0,5.9386,-0.202208,-19.9332
640,0,1,2520,355.811,0,0,340.858,0,0,19,19,36.2286,1,0,0,0,-1,-1,0,0,5.94545,-0.203026,-19.9313
641,0,1,2520,355.64,0,0,340.858,0,0,19,19,36.2286,1,0,0,0,-1,-1,0,0,5.95399,-0.203689,-19.9298
642,0,1,2520,355.548,0,0,340.858,0,0,19,19,36.2286,1,0,0,0,-1,-1,0,0,5.9603,-0.203949,-19.9303
643,0,1,2520,355.523,0,0,340.858,0,0,19,19,36.2286,1,0,0,0,-1,-1,0,0,5.96698,-0.20381,-19.9303
644,0,1,2520,355.685,0,0,340.858,0,0,19,19,36.2286,1,0,0,0,-1,-1,0,0,5.963,-0.203012,-19.928
645,0,1,2520,355.915,0,0,340.858,0,0,19,19,36.2286,1,0,0,0,-1,-1,0,0,5.95964,-0.201885,-19.9307
646,0,1,2520,356.159,0,0,340.858,0,0,19,19,36.2286,1,0,0,0,-1,-1,0,0,5.95716,-0.200582,-19.9291
647,0,1,2520,356.368,0,0,340.858,0,0,19,19,36.2286,1,0,0,0,-1,-1,0,0,5.95504,-0.19934,-19.9298
648,0,1,2520,356.501,0,0,340.858,0,0,19,19,36.2286,1,0,0,0,-1,-1,0,0,5.95069,-0.198435,-19.9292
649,0,1,2520,356.535,0,0,340.858,0,0,19,19,36.2286,1,0,0,0,-1,-1,0,0,5.94687,-0.198089,-19.929
650,0,1,2520,356.5,0,0,340.858,0,0,19,19,36.2286,1,0,0,0,-1,-1,0,0,5.94272,-0.198274,-19.9266
651,0,1,2520,356.402,0,0,340.858,0,0,19,19,36.2286,1,0,0,0,-1,-1,0,0,5.94004,-0.19891,-19.9229
652,0,1,2520,356.265,0,0,340.858,0,0,19,19,36.2286,1,0,0,0,-1,-1,0,0,5.93831,-0.199863,-19.9238
653,0,1,2520,356.067,0,0,340.858,0,0,19,19,36.2286,1,0,0,0,-1,-1,0,0,5.94096,-0.201163,-19.9265
654,0,1,2520,355.854,0,0,340.858,0,0,19,19,36.2286,1,0,0,0,-1,-1,0,0,5.94542,-0.202549,-19.928
655,0,1,2520,355.643,0,0,340.858,0,0,19,19,36.2286,1,0,0,0,-1,-1,0,0,5.95229,-0.203879,-19.9309
656,0,1,2520,355.594,0,0,340.858,0,0,19,19,36.2286,1,0,0,0,-1,-1,0,0,5.94919,-0.204703,-19.9296
657,0,1,2520,355.636,0,0,340.858,0,0,19,19,36.2286,1,0,0,0,-1,-1,0,0,5.94353,-0.205091,-19.9269
658,0,1,2520,355.742,0,0,340.858,0,0,19,19,36.2286,1,0,0,0,-1,-1,0,0,5.93711,-0.20507,-19.9257
659,0,1,2520,355.893,0,0,340.858,0,0,19,19,36.2286,1,0,0,0,-1,-1,0,0,5.93104,-0.20459,-19.9222
660,0,1,2520,356.01,0,0,340.858,0,0,19,19,36.2286,1,0,0,0,-1,-1,0,0,5.93091,-0.203897,-19.923
661,0,1,2520,356.135,0,0,340.858,0,0,19,19,36.2286,1,0,0,0,-1,-1,0,0,5.93217,-0.202792,-19.9207
662,0,1,2520,356.292,0,0,340.858,0,0,19,19,36.2286,1,0,0,0,-1,-1,0,0,5.93343,-0.201375,-19.9249
663,0,1,2520,356.445,0,0,340.858,0,0,19,19,36.2286,1,0,0,0,-1,-1,0,0,5.93858,-0.199845,-19.9263
664,0,1,2520,356.601,0,0,340.858,0,0,19,19,36.2286,1,0,0,0,-1,-1,0,0,5.94854,-0.198425,-19.9296
665,0,1,2520,356.806,0,0,340.858,0,0,19,19,36.2286,1,0,0,0,-1,-1,0,0,5.95553,-0.197158,-19.9327
666,0,1,2520,356.954,0,0,340.858,0,0,19,19,36.2286,1,0,0,0,-1,-1,0,0,5.96347,-0.196617,-19.9312
667,0,1,2520,356.961,0,0,340.858,0,0,19,19,36.2286,1,0,0,0,-1,-1,0,0,5.96978,-0.196947,-19.9316
668,0,1,2520,356.75,0,0,340.858,0,0,19,19,36.2286,1,0,0,0,-1,-1,0,0,5.97792,-0.198263,-19.9315
669,0,1,2520,356.412,0,0,340.858,0,0,19,19,36.2286,1,0,0,0,-1,-1,0,0,5.98526,-0.200082,-19.9277
670,0,1,2520,356.041,0,0,340.858,0,0,19,19,36.2286,1,0,0,0,-1,-1,0,0,5.99219,-0.202133,-19.9274
671,0,1,2520,355.622,0,0,340.858,0,0,19,19,36.2286,1,0,0,0,-1,-1,0,0,6.00336,-0.204437,-19.9277
672,0,1,2520,355.242,0,0,340.858,0,0,19,19,36.2286,1,0,0,0,-1,-1,0,0,6.01313,-0.206672,-19.9278
673,0,1,2520,354.916,0,0,340.858,0,0,19,19,36.2286,1,0,0,0,-1,-1,0,0,6.02298,-0.208705,-19.9287
674,0,1,2520,354.759,0,0,340.858,0,0,19,19,36.2286,1,0,0,0,-1,-1,0,0,6.02358,-0.210133,-19.9319
675,0,1,2520,354.703,0,0,340.858,0,0,19,19,36.2286,1,0,0,0,-1,-1,0,0,6.02245,-0.211045,-19.9339
676,0,1,2520,354.692,0,0,340.858,0,0,19,19,36.2286,1,0,0,0,-1,-1,0,0,6.02421,-0.211451,-19.9283
677,0,1,2520,354.802,0,0,340.858,0,0,19,19,36.2286,1,0,0,0,-1,-1,0,0,6.02164,-0.211155,-19.9309
678,0,1,2520,354.978,0,0,340.858,0,0,19,19,36.2286,1,0,0,0,-1,-1,0,0,6.01638,-0.210332,-19.9302
679,0,1,2520,355.144,0,0,340.858,0,0,19,19,36.2286,1,0,0,0,-1,-1,0,0,6.01456,-0.20927,-19.9327
680,0,1,2520,355.343,0,0,340.858,0,0,19,19,36.2286,1,0,0,0,-1,-1,0,0,6.01014,-0.207901,-19.9329
681,0,1,2520,355.522,0,0,340.858,0,0,19,19,36.2286,1,0,0,0,-1,-1,0,0,6.00802,-0.206429,-19.9326
682,0,1,2520,355.719,0,0,340.858,0,0,19,19,36.2286,1,0,0,0,-1,-1,0,0,6.0045,-0.20491,-19.9322
683,0,1,2520,355.939,0,0,340.858,0,0,19,19,36.2286,1,0,0,0,-1,-1,0,0,5.99816,-0.2034,-19.9298
684,0,1,2520,356.195,0,0,340.858,0,0,19,19,36.2286,1,0,0,0,-1,-1,0,0,5.98765,-0.201965,-19.9262
685,0,1,2520,356.322,0,0,340.858,0,0,19,19,36.2286,1,0,0,0,-1,-1,0,0,5.98731,-0.201065,-19.9195
686,0,1,2520,356.439,0,0,340.858,0,0,19,19,36.2286,1,0,0,0,-1,-1,0,0,5.98466,-0.200441,-19.9168
687,0,1,2520,356.541,0,0,340.858,0,0,19,19,36.2286,1,0,0,0,-1,-1,0,0,5.97897,-0.200142,-19.9152
688,0,1,2520,356.473,0,0,340.858,0,0,19,19,36.2286,1,0,0,0,-1,-1,0,0,5.98354,-0.200649,-19.9155
689,0,1,2520,356.283,0,0,340.858,0,0,19,19,36.2286,1,0,0,0,-1,-1,0,0,5.99273,-0.201869,-19.9205
690,0,1,2520,355.981,0,0,340.858,0,0,19,19,36.2286,1,0,0,0,-1,-1,0,0,6.0027,-0.20388,-19.9212
691,0,1,2520,355.51,0,0,340.858,0,0,19,19,36.2286,1,0,0,0,-1,-1,0,0,6.0178,-0.206836,-19.9194
692,0,1,2520,354.931,0,0,340.858,0,0,19,19,36.2286,1,0,0,0,-1,-1,0,0,6.03512,-0.210491,-19.9187
693,0,1,2520,354.442,0,0,340.858,0,0,19,19,36.2286,1,0,0,0,-1,-1,0,0,6.04569,-0.214228,-19.9227
694,0,1,2520,354.074,0,0,340.858,0,0,19,19,36.2286,1,0,0,0,-1,-1,0,0,6.05402,-0.217727,-19.9276
695,0,1,2520,353.755,0,0,340.858,0,0,19,19,36.2286,1,0,0,0,-1,-1,0,0,6.0685,-0.220744,-19.93
696,0,1,2520,353.616,0,0,340.858,0,0,19,19,36.2286,1,0,0,0,-1,-1,0,0,6.07732,-0.222635,-19.934
697,0,1,2520,353.633,0,0,340.858,0,0,19,19,36.2286,1,0,0,0,-1,-1,0,0,6.08131,-0.223332,-19.9384
698,0,1,2520,353.748,0,0,340.858,0,0,19,19,36.2286,1,0,0,0,-1,-1,0,0,6.08448,-0.223043,-19.9426
699,0,1,2520,353.926,0,0,340.858,0,0,19,19,36.2286,1,0,0,0,-1,-1,0,0,6.08881,-0.221953,-19.9444
700,0,1,2520,354.166,0,0,340.858,0,0,19,19,36.2286,1,0,0,0,-1,-1,0,0,6.09217,-0.220265,-19.9441
701,0,1,2520,354.484,0,0,340.858,0,0,19,19,36.2286,1,0,0,0,-1,-1,0,0,6.08877,-0.218127,-19.9452
702,0,1,2520,354.836,0,0,340.858,0,0,19,19,36.2286,1,0,0,0,-1,-1,0,0,6.08086,-0.215894,-19.9457
703,0,1,2520,355.156,0,0,340.858,0,0,19,19,36.2286,1,0,0,0,-1,-1,0,0,6.07228,-0.213844,-19.9435
704,0,1,2520,355.418,0,0,340.858,0,0,19,19,36.2286,1,0,0,0,-1,-1,0,0,6.06313,-0.212126,-19.9395
705,0,1,2520,355.541,0,0,340.858,0,0,19,19,36.2286,1,0,0,0,-1,-1,0,0,6.06078,-0.210999,-19.9364
706,0,1,2520,355.633,0,0,340.858,0,0,19,19,36.2286,1,0,0,0,-1,-1,0,0,6.05592,-0.210261,-19.9367
707,0,1,2520,355.607,0,0,340.858,0,0,19,19,36.2286,1,0,0,0,-1,-1,0,0,6.05784,-0.210063,-19.9365
708,0,1,2520,355.518,0,0,340.858,0,0,19,19,36.2286,1,0,0,0,-1,-1,0,0,6.06207,-0.210213,-19.9349
709,0,1,2520,355.42,0,0,340.858,0,0,19,19,36.2286,1,0,0,0,-1,-1,0,0,6.06546,-0.210603,-19.9406
710,0,1,2520,355.361,0,0,340.858,0,0,19,19,36.2286,1,0,0,0,-1,-1,0,0,6.06479,-0.211086,-19.9385
711,0,1,2520,355.197,0,0,340.858,0,0,19,19,36.2286,1,0,0,0,-1,-1,0,0,6.07326,-0.211886,-19.9317
712,0,1,2520,355.092,0,0,340.858,0,0,19,19,36.2286,1,0,0,0,-1,-1,0,0,6.07576,-0.212616,-19.9281
713,0,1,2520,354.976,0,0,340.858,0,0,19,19,36.2286,1,0,0,0,-1,-1,0,0,6.07845,-0.2134,-19.9271
714,0,1,2520,354.822,0,0,340.858,0,0,19,19,36.2286,1,0,0,0,-1,-1,0,0,6.08366,-0.214273,-19.9274
715,0,1,2520,354.652,0,0,340.858,0,0,19,19,36.2286,1,0,0,0,-1,-1,0,0,6.09049,-0.21518,-19.9296
716,0,1,2520,354.519,0,0,340.858,0,0,19,19,36.2286,1,0,0,0,-1,-1,0,0,6.09399,-0.21592,-19.9337
717,0,1,2520,354.386,0,0,340.858,0,0,19,19,36.2286,1,0,0,0,-1,-1,0,0,6.09834,-0.216562,-19.9343
718,0,1,2520,354.35,0,0,340.858,0,0,19,19,36.2286,1,0,0,0,-1,-1,0,0,6.09613,-0.216844,-19.9353
719,0,1,2520,354.468,0,0,340.858,0,0,19,19,36.2286,1,0,0,0,-1,-1,0,0,6.08318,-0.216702,-19.9427
720,0,1,2520,354.54,0,0,340.858,0,0,19,19,36.2286,1,0,0,0,-1,-1,0,0,6.07624,-0.216543,-19.9475
721,0,1,2520,354.497,0,0,340.858,0,0,19,19,36.2286,1,0,0,0,-1,-1,0,0,6.0816,-0.216515,-19.9441
722,0,1,2520,354.458,0,0,340.858,0,0,19,19,36.2286,1,0,0,0,-1,-1,0,0,6.08894,-0.216321,-19.9399
723,0,1,2520,354.538,0,0,340.858,0,0,19,19,36.2286,1,0,0,0,-1,-1,0,0,6.0883,-0.21573,-19.9396
724,0,1,2520,354.668,0,0,340.858,0,0,19,19,36.2286,1,0,0,0,-1,-1,0,0,6.08407,-0.21493,-19.9403
725,0,1,2520,354.76,0,0,340.858,0,0,19,19,36.2286,1,0,0,0,-1,-1,0,0,6.08415,-0.214142,-19.9447
726,0,1,2520,354.821,0,0,340.858,0,0,19,19,36.2286,1,0,0,0,-1,-1,0,0,6.08649,-0.213375,-19.943
727,0,1,2520,354.909,0,0,340.858,0,0,19,19,36.2286,1,0,0,0,-1,-1,0,0,6.0864,-0.212548,-19.9435
728,0,1,2520,354.942,0,0,340.858,0,0,19,19,36.2286,1,0,0,0,-1,-1,0,0,6.0893,-0.211885,-19.939
729,0,1,2520,355.092,0,0,340.858,0,0,19,19,36.2286,1,0,0,0,-1,-1,0,0,6.07911,-0.211024,-19.9415
730,0,1,2520,355.05,0,0,340.858,0,0,19,19,36.2286,1,0,0,0,-1,-1,0,0,6.08141,-0.210781,-19.9367
731,0,1,2520,354.979,0,0,340.858,0,0,19,19,36.2286,1,0,0,0,-1,-1,0,0,6.0818,-0.21072,-19.9333
732,0,1,2520,354.769,0,0,340.858,0,0,19,19,36.2286,1,0,0,0,-1,-1,0,0,6.08958,-0.211122,-19.9295
733,0,1,2520,354.51,0,0,340.858,0,0,19,19,36.2286,1,0,0,0,-1,-1,0,0,6.09928,-0.211798,-19.9284
734,0,1,2520,354.261,0,0,340.858,0,0,19,19,36.2286,1,0,0,0,-1,-1,0,0,6.10917,-0.212588,-19.9301
735,0,1,2520,353.985,0,0,340.858,0,0,19,19,36.2286,1,0,0,0,-1,-1,0,0,6.12528,-0.21352,-19.9321
736,0,1,2520,353.855,0,0,340.858,0,0,19,19,36.2286,1,0,0,0,-1,-1,0,0,6.13415,-0.214054,-19.9338
737,0,1,2520,353.806,0,0,340.858,0,0,19,19,36.2286,1,0,0,0,-1,-1,0,0,6.14088,-0.214259,-19.9354
738,0,1,2520,353.843,0,0,340.858,0,0,19,19,36.2286,1,0,0,0,-1,-1,0,0,6.14409,-0.214046,-19.9371
739,0,1,2520,354.046,0,0,340.858,0,0,19,19,36.2286,1,0,0,0,-1,-1,0,0,6.13655,-0.213275,-19.9372
740,0,1,2520,354.278,0,0,340.858,0,0,19,19,36.2286,1,0,0,0,-1,-1,0,0,6.12974,-0.212267,-19.9404
741,0,1,2520,354.557,0,0,340.858,0,0,19,19,36.2286,1,0,0,0,-1,-1,0,0,6.11982,-0.21102,-19.9391
742,0,1,2520,354.84,0,0,340.858,0,0,19,19,36.2286,1,0,0,0,-1,-1,0,0,6.11028,-0.209688,-19.9437
743,0,1,2520,355.078,0,0,340.858,0,0,19,19,36.2286,1,0,0,0,-1,-1,0,0,6.1031,-0.208431,-19.9462
744,0,1,2520,355.294,0,0,340.858,0,0,19,19,36.2286,1,0,0,0,-1,-1,0,0,6.09568,-0.20729,-19.9457
745,0,1,2520,355.485,0,0,340.858,0,0,19,19,36.2286,1,0,0,0,-1,-1,0,0,6.08716,-0.206353,-19.9421
746,0,1,2520,355.63,0,0,340.858,0,0,19,19,36.2286,1,0,0,0,-1,-1,0,0,6.0787,-0.205656,-19.9404
747,0,1,2520,355.666,0,0,340.858,0,0,19,19,36.2286,1,0,0,0,-1,-1,0,0,6.07387,-0.205373,-19.935
748,0,1,2520,355.582,0,0,340.858,0,0,19,19,36.2286,1,0,0,0,-1,-1,0,0,6.07155,-0.205509,-19.9297
749,0,1,2520,355.301,0,0,340.858,0,0,19,19,36.2286,1,0,0,0,-1,-1,0,0,6.07728,-0.206265,-19.9282
750,0,1,2520,354.817,0,0,340.858,0,0,19,19,36.2286,1,0,0,0,-1,-1,0,0,6.08991,-0.207611,-19.9278
751,0,1,2520,354.201,0,0,340.858,0,0,19,19,36.2286,1,0,0,0,-1,-1,0,0,6.10488,-0.2094,-19.9296
752,0,1,2520,353.596,0,0,340.858,0,0,19,19,36.2286,1,0,0,0,-1,-1,0,0,6.12107,-0.211349,-19.934
753,0,1,2520,353.197,0,0,340.858,0,0,19,19,36.2286,1,0,0,0,-1,-1,0,0,6.13964,-0.21313,-19.9429
754,0,1,2520,353.08,0,0,340.858,0,0,19,19,36.2286,1,0,0,0,-1,-1,0,0,6.15651,-0.214458,-19.95
755,0,1,2520,353.15,0,0,340.858,0,0,19,19,36.2286,1,0,0,0,-1,-1,0,0,6.16564,-0.21524,-19.9561
756,0,1,2520,353.314,0,0,340.858,0,0,19,19,36.2286,1,0,0,0,-1,-1,0,0,6.16837,-0.215401,-19.9611
757,0,1,2520,353.549,0,0,340.858,0,0,19,19,36.2286,1,0,0,0,-1,-1,0,0,6.16641,-0.214981,-19.963
758,0,1,2520,353.828,0,0,340.858,0,0,19,19,36.2286,1,0,0,0,-1,-1,0,0,6.16261,-0.214066,-19.9665
759,0,1,2520,354.162,0,0,340.858,0,0,19,19,36.2286,1,0,0,0,-1,-1,0,0,6.15515,-0.21279,-19.9683
760,0,1,2520,354.522,0,0,340.858,0,0,19,19,36.2286,1,0,0,0,-1,-1,0,0,6.14567,-0.211287,-19.974
761,0,1,2520,354.829,0,0,340.858,0,0,19,19,36.2286,1,0,0,0,-1,-1,0,0,6.13827,-0.209881,-19.9764
762,0,1,2520,355.118,0,0,340.858,0,0,19,19,36.2286,1,0,0,0,-1,-1,0,0,6.12917,-0.208635,-19.9758
763,0,1,2520,355.364,0,0,340.858,0,0,19,19,36.2286,1,0,0,0,-1,-1,0,0,6.11863,-0.207683,-19.9713
764,0,1,2520,355.496,0,0,340.858,0,0,19,19,36.2286,1,0,0,0,-1,-1,0,0,6.11204,-0.207208,-19.9698
765,0,1,2520,355.481,0,0,340.858,0,0,19,19,36.2286,1,0,0,0,-1,-1,0,0,6.1112,-0.207323,-19.9637
766,0,1,2520,355.33,0,0,340.858,0,0,19,19,36.2286,1,0,0,0,-1,-1,0,0,6.11682,-0.207987,-19.9627
767,0,1,2520,355.081,0,0,340.858,0,0,19,19,36.2286,1,0,0,0,-1,-1,0,0,6.12594,-0.209067,-19.9575
768,0,1,2520,354.758,0,0,340.858,0,0,19,19,36.2286,1,0,0,0,-1,-1,0,0,6.13791,-0.210437,-19.9562
769,0,1,2520,354.35,0,0,340.858,0,0,19,19,36.2286,1,0,0,0,-1,-1,0,0,6.1543,-0.212062,-19.9558
770,0,1,2520,353.928,0,0,340.858,0,0,19,19,36.2286,1,0,0,0,-1,-1,0,0,6.17021,-0.21374,-19.9575
771,0,1,2520,353.551,0,0,340.858,0,0,19,19,36.2286,1,0,0,0,-1,-1,0,0,6.18195,-0.215353,-19.9582
772,0,1,2520,353.197,0,0,340.858,0,0,19,19,36.2286,1,0,0,0,-1,-1,0,0,6.19148,-0.216905,-19.9595
773,0,1,2520,352.844,0,0,340.858,0,0,19,19,36.2286,1,0,0,0,-1,-1,0,0,6.20223,-0.218425,-19.9591
774,0,1,2520,352.553,0,0,340.858,0,0,19,19,36.2286,1,0,0,0,-1,-1,0,0,6.21016,-0.219671,-19.9651
775,0,1,2520,352.299,0,0,340.858,0,0,19,19,36.2286,1,0,0,0,-1,-1,0,0,6.21908,-0.220622,-19.9696
776,0,1,2520,352.142,0,0,340.858,0,0,19,19,36.2286,1,0,0,0,-1,-1,0,0,6.22669,-0.221037,-19.9752
777,0,1,2520,352.159,0,0,340.858,0,0,19,19,36.2286,1,0,0,0,-1,-1,0,0,6.22986,-0.220668,-19.9795
778,0,1,2520,352.437,0,0,340.858,0,0,19,19,36.2286,1,0,0,0,-1,-1,0,0,6.2249,-0.219325,-19.988
779,0,1,2520,352.941,0,0,340.858,0,0,19,19,36.2286,1,0,0,0,-1,-1,0,0,6.21206,-0.21718,-19.9937
780,0,1,2520,353.54,0,0,340.858,0,0,19,19,36.2286,1,0,0,0,-1,-1,0,0,6.19602,-0.21464,-19.9965
781,0,1,2520,354.134,0,0,340.858,0,0,19,19,36.2286,1,0,0,0,-1,-1,0,0,6.17964,-0.212108,-19.9951
782,0,1,2520,354.667,0,0,340.858,0,0,19,19,36.2286,1,0,0,0,-1,-1,0,0,6.16294,-0.209822,-19.989
783,0,1,2520,355.043,0,0,340.858,0,0,19,19,36.2286,1,0,0,0,-1,-1,0,0,6.15245,-0.20815,-19.9816
784,0,1,2520,355.366,0,0,340.858,0,0,19,19,36.2286,1,0,0,0,-1,-1,0,0,6.13654,-0.206884,-19.9734
785,0,1,2520,355.479,0,0,340.858,0,0,19,19,36.2286,1,0,0,0,-1,-1,0,0,6.12969,-0.206434,-19.9751
786,0,1,2520,355.326,0,0,340.858,0,0,19,19,36.2286,1,0,0,0,-1,-1,0,0,6.13639,-0.206904,-19.9664
787,0,1,2520,355.06,0,0,340.858,0,0,19,19,36.2286,1,0,0,0,-1,-1,0,0,6.14523,-0.207921,-19.9623
788,0,1,2520,354.841,0,0,340.858,0,0,19,19,36.2286,1,0,0,0,-1,-1,0,0,6.14491,-0.209103,-19.9624
789,0,1,2520,354.573,0,0,340.858,0,0,19,19,36.2286,1,0,0,0,-1,-1,0,0,6.1463,-0.210561,-19.9624
790,0,1,2520,354.259,0,0,340.858,0,0,19,19,36.2286,1,0,0,0,-1,-1,0,0,6.15023,-0.212131,-19.9548
791,0,1,2520,353.893,0,0,340.858,0,0,19,19,36.2286,1,0,0,0,-1,-1,0,0,6.1605,-0.213734,-19.9476
792,0,1,2520,353.527,0,0,340.858,0,0,19,19,36.2286,1,0,0,0,-1,-1,0,0,6.17391,-0.215193,-19.9454
793,0,1,2520,353.252,0,0,340.858,0,0,19,19,36.2286,1,0,0,0,-1,-1,0,0,6.18324,-0.216231,-19.9509
794,0,1,2520,352.985,0,0,340.858,0,0,19,19,36.2286,1,0,0,0,-1,-1,0,0,6.1961,-0.217135,-19.963
795,0,1,2520,352.791,0,0,340.858,0,0,19,19,36.2286,1,0,0,0,-1,-1,0,0,6.20739,-0.217743,-19.9683
796,0,1,2520,352.668,0,0,340.858,0,0,19,19,36.2286,1,0,0,0,-1,-1,0,0,6.21763,-0.21811,-19.971
797,0,1,2520,352.655,0,0,340.858,0,0,19,19,36.2286,1,0,0,0,-1,-1,0,0,6.22228,-0.218124,-19.9759
798,0,1,2520,352.752,0,0,340.858,0,0,19,19,36.2286,1,0,0,0,-1,-1,0,0,6.22118,-0.217804,-19.9784
799,0,1,2520,352.894,0,0,340.858,0,0,19,19,36.2286,1,0,0,0,-1,-1,0,0,6.21884,-0.21728,-19.9848
800,0,1,2520,353.035,0,0,340.858,0,0,19,19,36.2286,1,0,0,0,-1,-1,0,0,6.21848,-0.21673,-19.9913
801,0,1,2520,353.233,0,0,340.858,0,0,19,19,36.2286,1,0,0,0,-1,-1,0,0,6.21474,-0.21598,-19.9984
802,0,1,2520,353.411,0,0,340.858,0,0,19,19,36.2286,1,0,0,0,-1,-1,0,0,6.21431,-0.215212,-20.0057
803,0,1,2520,353.678,0,0,340.858,0,0,19,19,36.2286,1,0,0,0,-1,-1,0,0,6.20706,-0.214236,-20.0058
804,0,1,2520,354.024,0,0,340.858,0,0,19,19,36.2286,1,0,0,0,-1,-1,0,0,6.19246,-0.213126,-20.0041
805,0,1,2520,354.397,0,0,340.858,0,0,19,19,36.2286,1,0,0,0,-1,-1,0,0,6.17355,-0.211959,-19.9981
806,0,1,2520,354.759,0,0,340.858,0,0,19,19,36.2286,1,0,0,0,-1,-1,0,0,6.1501,-0.210828,-19.9844
807,0,1,2520,354.978,0,0,340.858,0,0,19,19,36.2286,1,0,0,0,-1,-1,0,0,6.13396,-0.210086,-19.9781
808,0,1,2520,355.05,0,0,340.858,0,0,19,19,36.2286,1,0,0,0,-1,-1,0,0,6.12326,-0.209696,-19.9705
809,0,1,2520,354.94,0,0,340.858,0,0,19,19,36.2286,1,0,0,0,-1,-1,0,0,6.11983,-0.209846,-19.9625
810,0,1,2520,354.682,0,0,340.858,0,0,19,19,36.2286,1,0,0,0,-1,-1,0,0,6.11978,-0.21052,-19.9586
811,0,1,2520,354.296,0,0,340.858,0,0,19,19,36.2286,1,0,0,0,-1,-1,0,0,6.1209,-0.211765,-19.9513
812,0,1,2520,353.796,0,0,340.858,0,0,19,19,36.2286,1,0,0,0,-1,-1,0,0,6.12567,-0.213597,-19.9489
813,0,1,2520,353.397,0,0,340.858,0,0,19,19,36.2286,1,0,0,0,-1,-1,0,0,6.12918,-0.215421,-19.9459
814,0,1,2520,353.198,0,0,340.858,0,0,19,19,36.2286,1,0,0,0,-1,-1,0,0,6.13726,-0.217074,-19.9463
815,0,1,2520,353.135,0,0,340.858,0,0,19,19,36.2286,1,0,0,0,-1,-1,0,0,6.14885,-0.218449,-19.9524
816,0,1,2520,353.084,0,0,340.858,0,0,19,19,36.2286,1,0,0,0,-1,-1,0,0,6.16327,-0.219507,-19.9613
817,0,1,2520,353.053,0,0,340.858,0,0,19,19,36.2286,1,0,0,0,-1,-1,0,0,6.17639,-0.220059,-19.9689
818,0,1,2520,353.109,0,0,340.858,0,0,19,19,36.2286,1,0,0,0,-1,-1,0,0,6.1842,-0.220029,-19.9769
819,0,1,2520,353.25,0,0,340.858,0,0,19,19,36.2286,1,0,0,0,-1,-1,0,0,6.18756,-0.219499,-19.9821
820,0,1,2520,353.458,0,0,340.858,0,0,19,19,36.2286,1,0,0,0,-1,-1,0,0,6.18818,-0.218703,-19.9868
821,0,1,2520,353.733,0,0,340.858,0,0,19,19,36.2286,1,0,0,0,-1,-1,0,0,6.18461,-0.217683,-19.9874
822,0,1,2520,354.057,0,0,340.858,0,0,19,19,36.2286,1,0,0,0,-1,-1,0,0,6.17516,-0.216561,-19.986
823,0,1,2520,354.408,0,0,340.858,0,0,19,19,36.2286,1,0,0,0,-1,-1,0,0,6.16001,-0.215473,-19.9817
824,0,1,2520,354.61,0,0,340.858,0,0,19,19,36.2286,1,0,0,0,-1,-1,0,0,6.1528,-0.214894,-19.9814
825,0,1,2520,354.698,0,0,340.858,0,0,19,19,36.2286,1,0,0,0,-1,-1,0,0,6.1493,-0.214731,-19.9824
826,0,1,2520,354.752,0,0,340.858,0,0,19,19,36.2286,1,0,0,0,-1,-1,0,0,6.14378,-0.214805,-19.9776
827,0,1,2520,354.67,0,0,340.858,0,0,19,19,36.2286,1,0,0,0,-1,-1,0,0,6.14662,-0.21537,-19.9803
828,0,1,2520,354.546,0,0,340.858,0,0,19,19,36.2286,1,0,0,0,-1,-1,0,0,6.14917,-0.216172,-19.9749
829,0,1,2520,354.357,0,0,340.858,0,0,19,19,36.2286,1,0,0,0,-1,-1,0,0,6.15343,-0.217258,-19.9748
830,0,1,2520,354.191,0,0,340.858,0,0,19,19,36.2286,1,0,0,0,-1,-1,0,0,6.15168,-0.218354,-19.9745
831,0,1,2520,354.068,0,0,340.858,0,0,19,19,36.2286,1,0,0,0,-1,-1,0,0,6.14227,-0.219389,-19.9622
832,0,1,2520,353.846,0,0,340.858,0,0,19,19,36.2286,1,0,0,0,-1,-1,0,0,6.13841,-0.220579,-19.9577
833,0,1,2520,353.407,0,0,340.858,0,0,19,19,36.2286,1,0,0,0,-1,-1,0,0,6.15047,-0.222133,-19.9615
834,0,1,2520,353.015,0,0,340.858,0,0,19,19,36.2286,1,0,0,0,-1,-1,0,0,6.15909,-0.223353,-19.9637
835,0,1,2520,352.824,0,0,340.858,0,0,19,19,36.2286,1,0,0,0,-1,-1,0,0,6.15638,-0.223811,-19.9583
836,0,1,2520,352.668,0,0,340.858,0,0,19,19,36.2286,1,0,0,0,-1,-1,0,0,6.16323,-0.223885,-19.9649
837,0,1,2520,352.782,0,0,340.858,0,0,19,19,36.2286,1,0,0,0,-1,-1,0,0,6.16232,-0.223154,-19.9689
838,0,1,2520,353.096,0,0,340.858,0,0,19,19,36.2286,1,0,0,0,-1,-1,0,0,6.15543,-0.222021,-19.9697
839,0,1,2520,353.45,0,0,340.858,0,0,19,19,36.2286,1,0,0,0,-1,-1,0,0,6.14835,-0.220838,-19.9677
840,0,1,2520,353.771,0,0,340.858,0,0,19,19,36.2286,1,0,0,0,-1,-1,0,0,6.14523,-0.219552,-19.9695
841,0,1,2520,354.175,0,0,340.858,0,0,19,19,36.2286,1,0,0,0,-1,-1,0,0,6.13419,-0.217811,-19.9657
842,0,1,2520,354.425,0,0,340.858,0,0,19,19,36.2286,1,0,0,0,-1,-1,0,0,6.13421,-0.216329,-19.9657
843,0,1,2520,354.698,0,0,340.858,0,0,19,19,36.2286,1,0,0,0,-1,-1,0,0,6.12857,-0.21483,-19.9673
844,0,1,2520,354.894,0,0,340.858,0,0,19,19,36.2286,1,0,0,0,-1,-1,0,0,6.12559,-0.213679,-19.9693
845,0,1,2520,355.153,0,0,340.858,0,0,19,19,36.2286,1,0,0,0,-1,-1,0,0,6.11317,-0.212701,-19.965
846,0,1,2520,355.287,0,0,340.858,0,0,19,19,36.2286,1,0,0,0,-1,-1,0,0,6.10779,-0.212425,-19.9652
847,0,1,2520,355.413,0,0,340.858,0,0,19,19,36.2286,1,0,0,0,-1,-1,0,0,6.09774,-0.21248,-19.9602
848,0,1,2520,355.45,0,0,340.858,0,0,19,19,36.2286,1,0,0,0,-1,-1,0,0,6.08932,-0.212936,-19.9561
849,0,1,2520,355.266,0,0,340.858,0,0,19,19,36.2286,1,0,0,0,-1,-1,0,0,6.09334,-0.213989,-19.9588
850,0,1,2520,354.945,0,0,340.858,0,0,19,19,36.2286,1,0,0,0,-1,-1,0,0,6.10435,-0.215401,-19.9603
851,0,1,2520,354.585,0,0,340.858,0,0,19,19,36.2286,1,0,0,0,-1,-1,0,0,6.11706,-0.216917,-19.9599
852,0,1,2520,354.254,0,0,340.858,0,0,19,19,36.2286,1,0,0,0,-1,-1,0,0,6.12805,-0.218382,-19.9595
853,0,1,2520,353.997,0,0,340.858,0,0,19,19,36.2286,1,0,0,0,-1,-1,0,0,6.13466,-0.219688,-19.959
854,0,1,2520,353.791,0,0,340.858,0,0,19,19,36.2286,1,0,0,0,-1,-1,0,0,6.13792,-0.220801,-19.9559
855,0,1,2520,353.598,0,0,340.858,0,0,19,19,36.2286,1,0,0,0,-1,-1,0,0,6.14222,-0.22177,-19.9554
856,0,1,2520,353.437,0,0,340.858,0,0,19,19,36.2286,1,0,0,0,-1,-1,0,0,6.14665,-0.222435,-19.9537
857,0,1,2520,353.334,0,0,340.858,0,0,19,19,36.2286,1,0,0,0,-1,-1,0,0,6.15073,-0.222782,-19.9505
858,0,1,2520,353.267,0,0,340.858,0,0,19,19,36.2286,1,0,0,0,-1,-1,0,0,6.15821,-0.222782,-19.9545
859,0,1,2520,353.326,0,0,340.858,0,0,19,19,36.2286,1,0,0,0,-1,-1,0,0,6.16081,-0.22221,-19.9568
860,0,1,2520,353.498,0,0,340.858,0,0,19,19,36.2286,1,0,0,0,-1,-1,0,0,6.16092,-0.221099,-19.9642
861,0,1,2520,353.789,0,0,340.858,0,0,19,19,36.2286,1,0,0,0,-1,-1,0,0,6.15868,-0.219375,-19.9656
862,0,1,2520,354.187,0,0,340.858,0,0,19,19,36.2286,1,0,0,0,-1,-1,0,0,6.1553,-0.217071,-19.9667
863,0,1,2520,354.717,0,0,340.858,0,0,19,19,36.2286,1,0,0,0,-1,-1,0,0,6.14484,-0.214274,-19.969
864,0,1,2520,355.305,0,0,340.858,0,0,19,19,36.2286,1,0,0,0,-1,-1,0,0,6.1289,-0.211431,-19.9694
865,0,1,2520,355.775,0,0,340.858,0,0,19,19,36.2286,1,0,0,0,-1,-1,0,0,6.1152,-0.209137,-19.967
866,0,1,2520,356.012,0,0,340.858,0,0,19,19,36.2286,1,0,0,0,-1,-1,0,0,6.10857,-0.207849,-19.9633
867,0,1,2520,356.058,0,0,340.858,0,0,19,19,36.2286,1,0,0,0,-1,-1,0,0,6.10461,-0.207545,-19.9602
868,0,1,2520,355.976,0,0,340.858,0,0,19,19,36.2286,1,0,0,0,-1,-1,0,0,6.0997,-0.207934,-19.9548
869,0,1,2520,355.747,0,0,340.858,0,0,19,19,36.2286,1,0,0,0,-1,-1,0,0,6.09855,-0.209062,-19.947
870,0,1,2520,355.321,0,0,340.858,0,0,19,19,36.2286,1,0,0,0,-1,-1,0,0,6.10733,-0.210957,-19.9497
871,0,1,2520,354.832,0,0,340.858,0,0,19,19,36.2286,1,0,0,0,-1,-1,0,0,6.11858,-0.213188,-19.9532
872,0,1,2520,354.386,0,0,340.858,0,0,19,19,36.2286,1,0,0,0,-1,-1,0,0,6.12617,-0.215368,-19.9536
873,0,1,2520,354.015,0,0,340.858,0,0,19,19,36.2286,1,0,0,0,-1,-1,0,0,6.1315,-0.217239,-19.953
874,0,1,2520,353.653,0,0,340.858,0,0,19,19,36.2286,1,0,0,0,-1,-1,0,0,6.14427,-0.218871,-19.9523
875,0,1,2520,353.417,0,0,340.858,0,0,19,19,36.2286,1,0,0,0,-1,-1,0,0,6.15509,-0.219899,-19.9542
876,0,1,2520,353.297,0,0,340.858,0,0,19,19,36.2286,1,0,0,0,-1,-1,0,0,6.1639,-0.22035,-19.956
877,0,1,2520,353.318,0,0,340.858,0,0,19,19,36.2286,1,0,0,0,-1,-1,0,0,6.16632,-0.22018,-19.9566
878,0,1,2520,353.421,0,0,340.858,0,0,19,19,36.2286,1,0,0,0,-1,-1,0,0,6.1665,-0.219611,-19.9599
879,0,1,2520,353.594,0,0,340.858,0,0,19,19,36.2286,1,0,0,0,-1,-1,0,0,6.16332,-0.218721,-19.9615
880,0,1,2520,353.825,0,0,340.858,0,0,19,19,36.2286,1,0,0,0,-1,-1,0,0,6.15574,-0.217637,-19.9605
881,0,1,2520,354.115,0,0,340.858,0,0,19,19,36.2286,1,0,0,0,-1,-1,0,0,6.14389,-0.216367,-19.956
882,0,1,2520,354.465,0,0,340.858,0,0,19,19,36.2286,1,0,0,0,-1,-1,0,0,6.12662,-0.214908,-19.9517
883,0,1,2520,354.756,0,0,340.858,0,0,19,19,36.2286,1,0,0,0,-1,-1,0,0,6.1137,-0.213593,-19.9474
884,0,1,2520,355.013,0,0,340.858,0,0,19,19,36.2286,1,0,0,0,-1,-1,0,0,6.10234,-0.212318,-19.9417
885,0,1,2520,355.222,0,0,340.858,0,0,19,19,36.2286,1,0,0,0,-1,-1,0,0,6.09399,-0.211163,-19.9428
886,0,1,2520,355.379,0,0,340.858,0,0,19,19,36.2286,1,0,0,0,-1,-1,0,0,6.08719,-0.210127,-19.9407
887,0,1,2520,355.437,0,0,340.858,0,0,19,19,36.2286,1,0,0,0,-1,-1,0,0,6.0868,-0.20937,-19.9474
888,0,1,2520,355.484,0,0,340.858,0,0,19,19,36.2286,1,0,0,0,-1,-1,0,0,6.08378,-0.208736,-19.9492
889,0,1,2520,355.457,0,0,340.858,0,0,19,19,36.2286,1,0,0,0,-1,-1,0,0,6.08414,-0.208388,-19.9509
890,0,1,2520,355.375,0,0,340.858,0,0,19,19,36.2286,1,0,0,0,-1,-1,0,0,6.08434,-0.208292,-19.946
891,0,1,2520,355.216,0,0,340.858,0,0,19,19,36.2286,1,0,0,0,-1,-1,0,0,6.08553,-0.208493,-19.945
892,0,1,2520,354.911,0,0,340.858,0,0,19,19,36.2286,1,0,0,0,-1,-1,0,0,6.0933,-0.209151,-19.9441
893,0,1,2520,354.528,0,0,340.858,0,0,19,19,36.2286,1,0,0,0,-1,-1,0,0,6.10229,-0.210136,-19.9439
894,0,1,2520,354.094,0,0,340.858,0,0,19,19,36.2286,1,0,0,0,-1,-1,0,0,6.1109,-0.211359,-19.9447
895,0,1,2520,353.626,0,0,340.858,0,0,19,19,36.2286,1,0,0,0,-1,-1,0,0,6.12082,-0.212693,-19.9466
896,0,1,2520,353.24,0,0,340.858,0,0,19,19,36.2286,1,0,0,0,-1,-1,0,0,6.13084,-0.213822,-19.9521
897,0,1,2520,353.183,0,0,340.858,0,0,19,19,36.2286,1,0,0,0,-1,-1,0,0,6.13234,-0.214195,-19.958
898,0,1,2520,353.434,0,0,340.858,0,0,19,19,36.2286,1,0,0,0,-1,-1,0,0,6.12686,-0.213958,-19.9644
899,0,1,2520,353.763,0,0,340.858,0,0,19,19,36.2286,1,0,0,0,-1,-1,0,0,6.12207,-0.213572,-19.9667
900,0,1,2520,354.123,0,0,340.858,0,0,19,19,36.2286,1,0,0,0,-1,-1,0,0,6.11522,-0.212892,-19.967
901,0,1,2520,354.517,0,0,340.858,0,0,19,19,36.2286,1,0,0,0,-1,-1,0,0,6.10398,-0.211816,-19.9655
902,0,1,2520,354.915,0,0,340.858,0,0,19,19,36.2286,1,0,0,0,-1,-1,0,0,6.09019,-0.210455,-19.9648
903,0,1,2520,355.248,0,0,340.858,0,0,19,19,36.2286,1,0,0,0,-1,-1,0,0,6.07975,-0.209058,-19.9622
904,0,1,2520,355.536,0,0,340.858,0,0,19,19,36.2286,1,0,0,0,-1,-1,0,0,6.07009,-0.207668,-19.9592
905,0,1,2520,355.776,0,0,340.858,0,0,19,19,36.2286,1,0,0,0,-1,-1,0,0,6.0601,-0.2064,-19.9569
906,0,1,2520,355.91,0,0,340.858,0,0,19,19,36.2286,1,0,0,0,-1,-1,0,0,6.05385,-0.205487,-19.9554
907,0,1,2520,355.963,0,0,340.858,0,0,19,19,36.2286,1,0,0,0,-1,-1,0,0,6.04947,-0.204948,-19.952
908,0,1,2520,355.933,0,0,340.858,0,0,19,19,36.2286,1,0,0,0,-1,-1,0,0,6.04642,-0.204785,-19.9481
909,0,1,2520,355.776,0,0,340.858,0,0,19,19,36.2286,1,0,0,0,-1,-1,0,0,6.04951,-0.205057,-19.9441
910,0,1,2520,355.527,0,0,340.858,0,0,19,19,36.2286,1,0,0,0,-1,-1,0,0,6.05718,-0.205697,-19.9406
911,0,1,2520,355.232,0,0,340.858,0,0,19,19,36.2286,1,0,0,0,-1,-1,0,0,6.06724,-0.206577,-19.942
912,0,1,2520,354.886,0,0,340.858,0,0,19,19,36.2286,1,0,0,0,-1,-1,0,0,6.08098,-0.207703,-19.9425
913,0,1,2520,354.544,0,0,340.858,0,0,19,19,36.2286,1,0,0,0,-1,-1,0,0,6.09572,-0.208932,-19.9443
914,0,1,2520,354.251,0,0,340.858,0,0,19,19,36.2286,1,0,0,0,-1,-1,0,0,6.10802,-0.210122,-19.9455
915,0,1,2520,354.024,0,0,340.858,0,0,19,19,36.2286,1,0,0,0,-1,-1,0,0,6.11775,-0.211147,-19.9504
916,0,1,2520,353.995,0,0,340.858,0,0,19,19,36.2286,1,0,0,0,-1,-1,0,0,6.11448,-0.211596,-19.9534
917,0,1,2520,354.075,0,0,340.858,0,0,19,19,36.2286,1,0,0,0,-1,-1,0,0,6.10822,-0.211645,-19.9561
918,0,1,2520,354.219,0,0,340.858,0,0,19,19,36.2286,1,0,0,0,-1,-1,0,0,6.10335,-0.211261,-19.9557
919,0,1,2520,354.467,0,0,340.858,0,0,19,19,36.2286,1,0,0,0,-1,-1,0,0,6.09726,-0.210281,-19.956
920,0,1,2520,354.871,0,0,340.858,0,0,19,19,36.2286,1,0,0,0,-1,-1,0,0,6.0844,-0.208431,-19.9539
921,0,1,2520,355.288,0,0,340.858,0,0,19,19,36.2286,1,0,0,0,-1,-1,0,0,6.07263,-0.206109,-19.9518
922,0,1,2520,355.694,0,0,340.858,0,0,19,19,36.2286,1,0,0,0,-1,-1,0,0,6.05565,-0.203586,-19.9553
923,0,1,2520,356.011,0,0,340.858,0,0,19,19,36.2286,1,0,0,0,-1,-1,0,0,6.03776,-0.20144,-19.9539
924,0,1,2520,356.278,0,0,340.858,0,0,19,19,36.2286,1,0,0,0,-1,-1,0,0,6.02074,-0.199784,-19.9493
925,0,1,2520,356.445,0,0,340.858,0,0,19,19,36.2286,1,0,0,0,-1,-1,0,0,6.00971,-0.198747,-19.9448
926,0,1,2520,356.506,0,0,340.858,0,0,19,19,36.2286,1,0,0,0,-1,-1,0,0,6.00288,-0.198232,-19.9372
927,0,1,2520,356.468,0,0,340.858,0,0,19,19,36.2286,1,0,0,0,-1,-1,0,0,5.99916,-0.198171,-19.9323
928,0,1,2520,356.338,0,0,340.858,0,0,19,19,36.2286,1,0,0,0,-1,-1,0,0,5.9986,-0.198547,-19.9305
929,0,1,2520,356.053,0,0,340.858,0,0,19,19,36.2286,1,0,0,0,-1,-1,0,0,6.00724,-0.199487,-19.9258
930,0,1,2520,355.74,0,0,340.858,0,0,19,19,36.2286,1,0,0,0,-1,-1,0,0,6.01521,-0.200622,-19.9265
931,0,1,2520,355.316,0,0,340.858,0,0,19,19,36.2286,1,0,0,0,-1,-1,0,0,6.03145,-0.202091,-19.9275
932,0,1,2520,354.934,0,0,340.858,0,0,19,19,36.2286,1,0,0,0,-1,-1,0,0,6.04543,-0.203503,-19.9274
933,0,1,2520,354.641,0,0,340.858,0,0,19,19,36.2286,1,0,0,0,-1,-1,0,0,6.05534,-0.204709,-19.9264
934,0,1,2520,354.441,0,0,340.858,0,0,19,19,36.2286,1,0,0,0,-1,-1,0,0,6.06136,-0.205616,-19.9258
935,0,1,2520,354.308,0,0,340.858,0,0,19,19,36.2286,1,0,0,0,-1,-1,0,0,6.06552,-0.206198,-19.9253
936,0,1,2520,354.259,0,0,340.858,0,0,19,19,36.2286,1,0,0,0,-1,-1,0,0,6.06643,-0.206333,-19.9295
937,0,1,2520,354.257,0,0,340.858,0,0,19,19,36.2286,1,0,0,0,-1,-1,0,0,6.06869,-0.206002,-19.9288
938,0,1,2520,354.443,0,0,340.858,0,0,19,19,36.2286,1,0,0,0,-1,-1,0,0,6.06263,-0.204815,-19.9326
939,0,1,2520,354.779,0,0,340.858,0,0,19,19,36.2286,1,0,0,0,-1,-1,0,0,6.05409,-0.202822,-19.9392
940,0,1,2520,355.23,0,0,340.858,0,0,19,19,36.2286,1,0,0,0,-1,-1,0,0,6.04281,-0.200309,-19.9459
941,0,1,2520,355.683,0,0,340.858,0,0,19,19,36.2286,1,0,0,0,-1,-1,0,0,6.0293,-0.197604,-19.9465
942,0,1,2520,356.113,0,0,340.858,0,0,19,19,36.2286,1,0,0,0,-1,-1,0,0,6.01177,-0.195252,-19.948
943,0,1,2520,356.517,0,0,340.858,0,0,19,19,36.2286,1,0,0,0,-1,-1,0,0,5.99067,-0.193233,-19.946
944,0,1,2520,356.799,0,0,340.858,0,0,19,19,36.2286,1,0,0,0,-1,-1,0,0,5.97667,-0.192028,-19.9425
945,0,1,2520,356.972,0,0,340.858,0,0,19,19,36.2286,1,0,0,0,-1,-1,0,0,5.9661,-0.191438,-19.9369
946,0,1,2520,357.017,0,0,340.858,0,0,19,19,36.2286,1,0,0,0,-1,-1,0,0,5.9599,-0.191474,-19.9341
947,0,1,2520,356.965,0,0,340.858,0,0,19,19,36.2286,1,0,0,0,-1,-1,0,0,5.955,-0.191865,-19.9322
948,0,1,2520,356.729,0,0,340.858,0,0,19,19,36.2286,1,0,0,0,-1,-1,0,0,5.96113,-0.193006,-19.9301
949,0,1,2520,356.438,0,0,340.858,0,0,19,19,36.2286,1,0,0,0,-1,-1,0,0,5.96711,-0.194257,-19.9302
950,0,1,2520,356.017,0,0,340.858,0,0,19,19,36.2286,1,0,0,0,-1,-1,0,0,5.98182,-0.195922,-19.9289
951,0,1,2520,355.608,0,0,340.858,0,0,19,19,36.2286,1,0,0,0,-1,-1,0,0,5.99595,-0.197582,-19.9275
952,0,1,2520,355.297,0,0,340.858,0,0,19,19,36.2286,1,0,0,0,-1,-1,0,0,6.00438,-0.198813,-19.9265
953,0,1,2520,355.024,0,0,340.858,0,0,19,19,36.2286,1,0,0,0,-1,-1,0,0,6.01447,-0.199973,-19.9272
954,0,1,2520,354.864,0,0,340.858,0,0,19,19,36.2286,1,0,0,0,-1,-1,0,0,6.02055,-0.200639,-19.9298
955,0,1,2520,354.799,0,0,340.858,0,0,19,19,36.2286,1,0,0,0,-1,-1,0,0,6.02431,-0.200853,-19.9322
956,0,1,2520,354.786,0,0,340.858,0,0,19,19,36.2286,1,0,0,0,-1,-1,0,0,6.02909,-0.200843,-19.9339
957,0,1,2520,354.883,0,0,340.858,0,0,19,19,36.2286,1,0,0,0,-1,-1,0,0,6.03011,-0.200317,-19.9373
958,0,1,2520,355.174,0,0,340.858,0,0,19,19,36.2286,1,0,0,0,-1,-1,0,0,6.0219,-0.199077,-19.9417
959,0,1,2520,355.606,0,0,340.858,0,0,19,19,36.2286,1,0,0,0,-1,-1,0,0,6.00963,-0.197245,-19.9391
960,0,1,2520,356.159,0,0,340.858,0,0,19,19,36.2286,1,0,0,0,-1,-1,0,0,5.99389,-0.194899,-19.9366
961,0,1,2520,356.732,0,0,340.858,0,0,19,19,36.2286,1,0,0,0,-1,-1,0,0,5.97762,-0.192365,-19.9335
962,0,1,2520,357.186,0,0,340.858,0,0,19,19,36.2286,1,0,0,0,-1,-1,0,0,5.96353,-0.190161,-19.9345
963,0,1,2520,357.413,0,0,340.858,0,0,19,19,36.2286,1,0,0,0,-1,-1,0,0,5.95381,-0.188728,-19.9325
964,0,1,2520,357.464,0,0,340.858,0,0,19,19,36.2286,1,0,0,0,-1,-1,0,0,5.94676,-0.188044,-19.9323
965,0,1,2520,357.328,0,0,340.858,0,0,19,19,36.2286,1,0,0,0,-1,-1,0,0,5.94803,-0.188164,-19.9286
966,0,1,2520,357.079,0,0,340.858,0,0,19,19,36.2286,1,0,0,0,-1,-1,0,0,5.95265,-0.188887,-19.9304
967,0,1,2520,356.732,0,0,340.858,0,0,19,19,36.2286,1,0,0,0,-1,-1,0,0,5.95913,-0.190206,-19.9254
968,0,1,2520,356.358,0,0,340.858,0,0,19,19,36.2286,1,0,0,0,-1,-1,0,0,5.9645,-0.19189,-19.9233
969,0,1,2520,355.916,0,0,340.858,0,0,19,19,36.2286,1,0,0,0,-1,-1,0,0,5.97283,-0.193903,-19.9183
970,0,1,2520,355.46,0,0,340.858,0,0,19,19,36.2286,1,0,0,0,-1,-1,0,0,5.98272,-0.195978,-19.9195
971,0,1,2520,354.98,0,0,340.858,0,0,19,19,36.2286,1,0,0,0,-1,-1,0,0,5.99852,-0.198039,-19.9173
972,0,1,2520,354.626,0,0,340.858,0,0,19,19,36.2286,1,0,0,0,-1,-1,0,0,6.0104,-0.199668,-19.9269
973,0,1,2520,354.313,0,0,340.858,0,0,19,19,36.2286,1,0,0,0,-1,-1,0,0,6.02744,-0.201069,-19.9291
974,0,1,2520,354.174,0,0,340.858,0,0,19,19,36.2286,1,0,0,0,-1,-1,0,0,6.03834,-0.201872,-19.9405
975,0,1,2520,354.122,0,0,340.858,0,0,19,19,36.2286,1,0,0,0,-1,-1,0,0,6.04953,-0.202236,-19.9472
976,0,1,2520,354.276,0,0,340.858,0,0,19,19,36.2286,1,0,0,0,-1,-1,0,0,6.04955,-0.201885,-19.9563
977,0,1,2520,354.526,0,0,340.858,0,0,19,19,36.2286,1,0,0,0,-1,-1,0,0,6.04633,-0.201089,-19.953
978,0,1,2520,354.93,0,0,340.858,0,0,19,19,36.2286,1,0,0,0,-1,-1,0,0,6.03378,-0.199683,-19.9547
979,0,1,2520,355.367,0,0,340.858,0,0,19,19,36.2286,1,0,0,0,-1,-1,0,0,6.02183,-0.197951,-19.9474
980,0,1,2520,355.868,0,0,340.858,0,0,19,19,36.2286,1,0,0,0,-1,-1,0,0,6.00646,-0.19585,-19.9455
981,0,1,2520,356.32,0,0,340.858,0,0,19,19,36.2286,1,0,0,0,-1,-1,0,0,5.99514,-0.193683,-19.9396
982,0,1,2520,356.728,0,0,340.858,0,0,19,19,36.2286,1,0,0,0,-1,-1,0,0,5.9854,-0.191642,-19.9424
983,0,1,2520,357.016,0,0,340.858,0,0,19,19,36.2286,1,0,0,0,-1,-1,0,0,5.98153,-0.190071,-19.9388
984,0,1,2520,357.26,0,0,340.858,0,0,19,19,36.2286,1,0,0,0,-1,-1,0,0,5.97576,-0.188916,-19.9399
985,0,1,2520,357.325,0,0,340.858,0,0,19,19,36.2286,1,0,0,0,-1,-1,0,0,5.9786,-0.18864,-19.9389
986,0,1,2520,357.286,0,0,340.858,0,0,19,19,36.2286,1,0,0,0,-1,-1,0,0,5.98136,-0.189141,-19.9443
987,0,1,2520,357.048,0,0,340.858,0,0,19,19,36.2286,1,0,0,0,-1,-1,0,0,5.98882,-0.190648,-19.9371
988,0,1,2520,356.664,0,0,340.858,0,0,19,19,36.2286,1,0,0,0,-1,-1,0,0,5.99638,-0.19302,-19.9347
989,0,1,2520,356.048,0,0,340.858,0,0,19,19,36.2286,1,0,0,0,-1,-1,0,0,6.01324,-0.196408,-19.9291
990,0,1,2520,355.365,0,0,340.858,0,0,19,19,36.2286,1,0,0,0,-1,-1,0,0,6.02943,-0.200236,-19.9324
991,0,1,2520,354.598,0,0,340.858,0,0,19,19,36.2286,1,0,0,0,-1,-1,0,0,6.05339,-0.204384,-19.9268
992,0,1,2520,353.976,0,0,340.858,0,0,19,19,36.2286,1,0,0,0,-1,-1,0,0,6.07198,-0.208045,-19.9372
993,0,1,2520,353.475,0,0,340.858,0,0,19,19,36.2286,1,0,0,0,-1,-1,0,0,6.09215,-0.211102,-19.9357
994,0,1,2520,353.284,0,0,340.858,0,0,19,19,36.2286,1,0,0,0,-1,-1,0,0,6.09919,-0.212945,-19.9428
995,0,1,2520,353.25,0,0,340.858,0,0,19,19,36.2286,1,0,0,0,-1,-1,0,0,6.1056,-0.213822,-19.9419
996,0,1,2520,353.462,0,0,340.858,0,0,19,19,36.2286,1,0,0,0,-1,-1,0,0,6.10106,-0.213519,-19.947
997,0,1,2520,353.718,0,0,340.858,0,0,19,19,36.2286,1,0,0,0,-1,-1,0,0,6.09949,-0.212563,-19.9461
998,0,1,2520,354.068,0,0,340.858,0,0,19,19,36.2286,1,0,0,0,-1,-1,0,0,6.09314,-0.210976,-19.9554
999,0,1,2520,354.356,0,0,340.858,0,0,19,19,36.2286,1,0,0,0,-1,-1,0,0,6.09252,-0.20932,-19.9537
1000,0,1,2520,354.729,0,0,340.858,0,0,19,19,36.2286,1,0,0,0,-1,-1,0,0,6.08282,-0.207428,-19.9614
1001,0,1,2520,355.015,0,0,340.858,0,0,19,19,36.2286,1,0,0,0,-1,-1,0,0,6.07708,-0.205836,-19.9573
1002,0,1,2520,355.334,0,0,340.858,0,0,19,19,36.2286,1,0,0,0,-1,-1,0,0,6.06413,-0.204384,-19.9633
1003,0,1,2520,355.522,0,0,340.858,0,0,19,19,36.2286,1,0,0,0,-1,-1,0,0,6.05772,-0.203511,-19.9578
1004,0,1,2520,355.691,0,0,340.858,0,0,19,19,36.2286,1,0,0,0,-1,-1,0,0,6.04725,-0.202948,-19.9615
1005,0,1,2520,355.746,0,0,340.858,0,0,19,19,36.2286,1,0,0,0,-1,-1,0,0,6.04194,-0.202883,-19.9581
1006,0,1,2520,355.766,0,0,340.858,0,0,19,19,36.2286,1,0,0,0,-1,-1,0,0,6.03483,-0.203083,-19.959
1007,0,1,2520,355.673,0,0,340.858,0,0,19,19,36.2286,1,0,0,0,-1,-1,0,0,6.03364,-0.203646,-19.9551
1008,0,1,2520,355.498,0,0,340.858,0,0,19,19,36.2286,1,0,0,0,-1,-1,0,0,6.03706,-0.204491,-19.9617
1009,0,1,2520,355.263,0,0,340.858,0,0,19,19,36.2286,1,0,0,0,-1,-1,0,0,6.045,-0.205508,-19.9599
1010,0,1,2520,355.086,0,0,340.858,0,0,19,19,36.2286,1,0,0,0,-1,-1,0,0,6.04746,-0.206376,-19.9627
1011,0,1,2520,354.881,0,0,340.858,0,0,19,19,36.2286,1,0,0,0,-1,-1,0,0,6.05259,-0.20722,-19.9577
1012,0,1,2520,354.743,0,0,340.858,0,0,19,19,36.2286,1,0,0,0,-1,-1,0,0,6.05396,-0.207849,-19.9641
1013,0,1,2520,354.54,0,0,340.858,0,0,19,19,36.2286,1,0,0,0,-1,-1,0,0,6.06495,-0.208616,-19.9646
1014,0,1,2520,354.472,0,0,340.858,0,0,19,19,36.2286,1,0,0,0,-1,-1,0,0,6.06852,-0.209045,-19.9697
1015,0,1,2520,354.392,0,0,340.858,0,0,19,19,36.2286,1,0,0,0,-1,-1,0,0,6.07628,-0.209466,-19.9661
1016,0,1,2520,354.413,0,0,340.858,0,0,19,19,36.2286,1,0,0,0,-1,-1,0,0,6.07659,-0.209543,-19.9703
1017,0,1,2520,354.411,0,0,340.858,0,0,19,19,36.2286,1,0,0,0,-1,-1,0,0,6.08077,-0.209607,-19.9658
1018,0,1,2520,354.507,0,0,340.858,0,0,19,19,36.2286,1,0,0,0,-1,-1,0,0,6.07834,-0.209435,-19.9702
1019,0,1,2520,354.663,0,0,340.858,0,0,19,19,36.2286,1,0,0,0,-1,-1,0,0,6.07268,-0.209133,-19.965
1020,0,1,2520,354.942,0,0,340.858,0,0,19,19,36.2286,1,0,0,0,-1,-1,0,0,6.057,-0.208573,-19.9607
1021,0,1,2520,355.265,0,0,340.858,0,0,19,19,36.2286,1,0,0,0,-1,-1,0,0,6.03666,-0.207978,-19.9474
1022,0,1,2520,355.521,0,0,340.858,0,0,19,19,36.2286,1,0,0,0,-1,-1,0,0,6.02037,-0.207637,-19.9411
1023,0,1,2520,355.627,0,0,340.858,0,0,19,19,36.2286,1,0,0,0,-1,-1,0,0,6.01343,-0.207737,-19.9367
1024,0,1,2520,355.624,0,0,340.858,0,0,19,19,36.2286,1,0,0,0,-1,-1,0,0,6.0113,-0.208164,-19.9347
1025,0,1,2520,355.476,0,0,340.858,0,0,19,19,36.2286,1,0,0,0,-1,-1,0,0,6.01794,-0.208987,-19.9371
1026,0,1,2520,355.263,0,0,340.858,0,0,19,19,36.2286,1,0,0,0,-1,-1,0,0,6.02717,-0.209989,-19.9389
1027,0,1,2520,355.11,0,0,340.858,0,0,19,19,36.2286,1,0,0,0,-1,-1,0,0,6.03078,-0.21083,-19.9414
1028,0,1,2520,354.984,0,0,340.858,0,0,19,19,36.2286,1,0,0,0,-1,-1,0,0,6.03216,-0.211497,-19.9376
1029,0,1,2520,354.921,0,0,340.858,0,0,19,19,36.2286,1,0,0,0,-1,-1,0,0,6.02941,-0.211817,-19.9373
1030,0,1,2520,354.836,0,0,340.858,0,0,19,19,36.2286,1,0,0,0,-1,-1,0,0,6.03034,-0.21199,-19.9333
1031,0,1,2520,354.8,0,0,340.858,0,0,19,19,36.2286,1,0,0,0,-1,-1,0,0,6.0297,-0.211798,-19.9369
1032,0,1,2520,354.762,0,0,340.858,0,0,19,19,36.2286,1,0,0,0,-1,-1,0,0,6.03159,-0.211425,-19.9367
1033,0,1,2520,354.786,0,0,340.858,0,0,19,19,36.2286,1,0,0,0,-1,-1,0,0,6.03101,-0.210716,-19.9417
1034,0,1,2520,354.86,0,0,340.858,0,0,19,19,36.2286,1,0,0,0,-1,-1,0,0,6.03027,-0.209897,-19.9432
1035,0,1,2520,355.092,0,0,340.858,0,0,19,19,36.2286,1,0,0,0,-1,-1,0,0,6.02056,-0.208803,-19.9468
1036,0,1,2520,355.359,0,0,340.858,0,0,19,19,36.2286,1,0,0,0,-1,-1,0,0,6.01043,-0.20777,-19.9441
1037,0,1,2520,355.628,0,0,340.858,0,0,19,19,36.2286,1,0,0,0,-1,-1,0,0,5.99944,-0.20682,-19.9454
1038,0,1,2520,355.806,0,0,340.858,0,0,19,19,36.2286,1,0,0,0,-1,-1,0,0,5.99279,-0.206233,-19.9427
1039,0,1,2520,355.901,0,0,340.858,0,0,19,19,36.2286,1,0,0,0,-1,-1,0,0,5.98792,-0.206022,-19.9462
1040,0,1,2520,355.843,0,0,340.858,0,0,19,19,36.2286,1,0,0,0,-1,-1,0,0,5.989,-0.206441,-19.9461
1041,0,1,2520,355.698,0,0,340.858,0,0,19,19,36.2286,1,0,0,0,-1,-1,0,0,5.99154,-0.207351,-19.9496
1042,0,1,2520,355.502,0,0,340.858,0,0,19,19,36.2286,1,0,0,0,-1,-1,0,0,5.99538,-0.208652,-19.9474
1043,0,1,2520,355.31,0,0,340.858,0,0,19,19,36.2286,1,0,0,0,-1,-1,0,0,6.0004,-0.210117,-19.9511
1044,0,1,2520,355.196,0,0,340.858,0,0,19,19,36.2286,1,0,0,0,-1,-1,0,0,6.00196,-0.211377,-19.9479
1045,0,1,2520,355.13,0,0,340.858,0,0,19,19,36.2286,1,0,0,0,-1,-1,0,0,6.00334,-0.212311,-19.9494
1046,0,1,2520,355.121,0,0,340.858,0,0,19,19,36.2286,1,0,0,0,-1,-1,0,0,6.00279,-0.212765,-19.946
1047,0,1,2520,355.157,0,0,340.858,0,0,19,19,36.2286,1,0,0,0,-1,-1,0,0,6.00165,-0.212708,-19.9474
1048,0,1,2520,355.246,0,0,340.858,0,0,19,19,36.2286,1,0,0,0,-1,-1,0,0,5.99884,-0.212159,-19.9428
1049,0,1,2520,355.348,0,0,340.858,0,0,19,19,36.2286,1,0,0,0,-1,-1,0,0,5.99805,-0.211263,-19.9443
1050,0,1,2520,355.502,0,0,340.858,0,0,19,19,36.2286,1,0,0,0,-1,-1,0,0,5.99431,-0.210018,-19.9399
1051,0,1,2520,355.605,0,0,340.858,0,0,19,19,36.2286,1,0,0,0,-1,-1,0,0,5.99624,-0.208771,-19.9445
1052,0,1,2520,355.758,0,0,340.858,0,0,19,19,36.2286,1,0,0,0,-1,-1,0,0,5.99368,-0.207432,-19.942
1053,0,1,2520,355.963,0,0,340.858,0,0,19,19,36.2286,1,0,0,0,-1,-1,0,0,5.9863,-0.206118,-19.9409
1054,0,1,2520,356.178,0,0,340.858,0,0,19,19,36.2286,1,0,0,0,-1,-1,0,0,5.97603,-0.205014,-19.9344
1055,0,1,2520,356.342,0,0,340.858,0,0,19,19,36.2286,1,0,0,0,-1,-1,0,0,5.96774,-0.204322,-19.9348
1056,0,1,2520,356.44,0,0,340.858,0,0,19,19,36.2286,1,0,0,0,-1,-1,0,0,5.96012,-0.204094,-19.9323
1057,0,1,2520,356.461,0,0,340.858,0,0,19,19,36.2286,1,0,0,0,-1,-1,0,0,5.95132,-0.204312,-19.9318
1058,0,1,2520,356.271,0,0,340.858,0,0,19,19,36.2286,1,0,0,0,-1,-1,0,0,5.9505,-0.205343,-19.9304
1059,0,1,2520,355.864,0,0,340.858,0,0,19,19,36.2286,1,0,0,0,-1,-1,0,0,5.95648,-0.20721,-19.9351
1060,0,1,2520,355.274,0,0,340.858,0,0,19,19,36.2286,1,0,0,0,-1,-1,0,0,5.96766,-0.209887,-19.9376
1061,0,1,2520,354.753,0,0,340.858,0,0,19,19,36.2286,1,0,0,0,-1,-1,0,0,5.97879,-0.212822,-19.9438
1062,0,1,2520,354.571,0,0,340.858,0,0,19,19,36.2286,1,0,0,0,-1,-1,0,0,5.98869,-0.215458,-19.9464
1063,0,1,2520,354.637,0,0,340.858,0,0,19,19,36.2286,1,0,0,0,-1,-1,0,0,5.99533,-0.217563,-19.9496
1064,0,1,2520,354.69,0,0,340.858,0,0,19,19,36.2286,1,0,0,0,-1,-1,0,0,6.00154,-0.219129,-19.9492
1065,0,1,2520,354.723,0,0,340.858,0,0,19,19,36.2286,1,0,0,0,-1,-1,0,0,6.00684,-0.21991,-19.9521
1066,0,1,2520,354.758,0,0,340.858,0,0,19,19,36.2286,1,0,0,0,-1,-1,0,0,6.01337,-0.219958,-19.9546
1067,0,1,2520,354.918,0,0,340.858,0,0,19,19,36.2286,1,0,0,0,-1,-1,0,0,6.01434,-0.219117,-19.957
1068,0,1,2520,355.143,0,0,340.858,0,0,19,19,36.2286,1,0,0,0,-1,-1,0,0,6.01169,-0.217695,-19.9553
1069,0,1,2520,355.407,0,0,340.858,0,0,19,19,36.2286,1,0,0,0,-1,-1,0,0,6.00782,-0.215911,-19.9564
1070,0,1,2520,355.684,0,0,340.858,0,0,19,19,36.2286,1,0,0,0,-1,-1,0,0,6.00278,-0.214056,-19.9547
1071,0,1,2520,355.974,0,0,340.858,0,0,19,19,36.2286,1,0,0,0,-1,-1,0,0,5.99394,-0.212224,-19.952
1072,0,1,2520,356.23,0,0,340.858,0,0,19,19,36.2286,1,0,0,0,-1,-1,0,0,5.98332,-0.210669,-19.9446
1073,0,1,2520,356.418,0,0,340.858,0,0,19,19,36.2286,1,0,0,0,-1,-1,0,0,5.97367,-0.209438,-19.9408
1074,0,1,2520,356.501,0,0,340.858,0,0,19,19,36.2286,1,0,0,0,-1,-1,0,0,5.9688,-0.20887,-19.9363
1075,0,1,2520,356.518,0,0,340.858,0,0,19,19,36.2286,1,0,0,0,-1,-1,0,0,5.96627,-0.208787,-19.9345
1076,0,1,2520,356.518,0,0,340.858,0,0,19,19,36.2286,1,0,0,0,-1,-1,0,0,5.96212,-0.208977,-19.9317
1077,0,1,2520,356.473,0,0,340.858,0,0,19,19,36.2286,1,0,0,0,-1,-1,0,0,5.96065,-0.209574,-19.9317
1078,0,1,2520,356.427,0,0,340.858,0,0,19,19,36.2286,1,0,0,0,-1,-1,0,0,5.95811,-0.210526,-19.9288
1079,0,1,2520,356.348,0,0,340.858,0,0,19,19,36.2286,1,0,0,0,-1,-1,0,0,5.95767,-0.211768,-19.93
1080,0,1,2520,356.211,0,0,340.858,0,0,19,19,36.2286,1,0,0,0,-1,-1,0,0,5.95892,-0.213215,-19.9307
1081,0,1,2520,356.017,0,0,340.858,0,0,19,19,36.2286,1,0,0,0,-1,-1,0,0,5.9601,-0.214746,-19.9298
1082,0,1,2520,355.736,0,0,340.858,0,0,19,19,36.2286,1,0,0,0,-1,-1,0,0,5.96412,-0.216387,-19.9276
1083,0,1,2520,355.384,0,0,340.858,0,0,19,19,36.2286,1,0,0,0,-1,-1,0,0,5.9735,-0.218098,-19.9293
1084,0,1,2520,355.071,0,0,340.858,0,0,19,19,36.2286,1,0,0,0,-1,-1,0,0,5.9812,-0.219485,-19.9312
1085,0,1,2520,354.792,0,0,340.858,0,0,19,19,36.2286,1,0,0,0,-1,-1,0,0,5.98968,-0.220648,-19.933
1086,0,1,2520,354.593,0,0,340.858,0,0,19,19,36.2286,1,0,0,0,-1,-1,0,0,5.99667,-0.221279,-19.9351
1087,0,1,2520,354.483,0,0,340.858,0,0,19,19,36.2286,1,0,0,0,-1,-1,0,0,6.00377,-0.221324,-19.9389
1088,0,1,2520,354.508,0,0,340.858,0,0,19,19,36.2286,1,0,0,0,-1,-1,0,0,6.00785,-0.220625,-19.9444
1089,0,1,2520,354.74,0,0,340.858,0,0,19,19,36.2286,1,0,0,0,-1,-1,0,0,6.00357,-0.218914,-19.9476
1090,0,1,2520,355.137,0,0,340.858,0,0,19,19,36.2286,1,0,0,0,-1,-1,0,0,5.99493,-0.21658,-19.9493
1091,0,1,2520,355.703,0,0,340.858,0,0,19,19,36.2286,1,0,0,0,-1,-1,0,0,5.9784,-0.213424,-19.9483
1092,0,1,2520,356.326,0,0,340.858,0,0,19,19,36.2286,1,0,0,0,-1,-1,0,0,5.96072,-0.210005,-19.9485
1093,0,1,2520,356.927,0,0,340.858,0,0,19,19,36.2286,1,0,0,0,-1,-1,0,0,5.94411,-0.206694,-19.9482
1094,0,1,2520,357.437,0,0,340.858,0,0,19,19,36.2286,1,0,0,0,-1,-1,0,0,5.92947,-0.203856,-19.9473
1095,0,1,2520,357.802,0,0,340.858,0,0,19,19,36.2286,1,0,0,0,-1,-1,0,0,5.91762,-0.201768,-19.9445
1096,0,1,2520,358.013,0,0,340.858,0,0,19,19,36.2286,1,0,0,0,-1,-1,0,0,5.90695,-0.200597,-19.9401
1097,0,1,2520,358.049,0,0,340.858,0,0,19,19,36.2286,1,0,0,0,-1,-1,0,0,5.89915,-0.200508,-19.9324
1098,0,1,2520,357.884,0,0,340.858,0,0,19,19,36.2286,1,0,0,0,-1,-1,0,0,5.89742,-0.201356,-19.9291
1099,0,1,2520,357.561,0,0,340.858,0,0,19,19,36.2286,1,0,0,0,-1,-1,0,0,5.90141,-0.203047,-19.9266
1100,0,1,2520,357.174,0,0,340.858,0,0,19,19,36.2286,1,0,0,0,-1,-1,0,0,5.90687,-0.205188,-19.9244
1101,0,1,2520,356.793,0,0,340.858,0,0,19,19,36.2286,1,0,0,0,-1,-1,0,0,5.91176,-0.20744,-19.9205
1102,0,1,2520,356.431,0,0,340.858,0,0,19,19,36.2286,1,0,0,0,-1,-1,0,0,5.91817,-0.209525,-19.9224
1103,0,1,2520,356.078,0,0,340.858,0,0,19,19,36.2286,1,0,0,0,-1,-1,0,0,5.92827,-0.211281,-19.9249
1104,0,1,2520,355.789,0,0,340.858,0,0,19,19,36.2286,1,0,0,0,-1,-1,0,0,5.93914,-0.212491,-19.9267
1105,0,1,2520,355.645,0,0,340.858,0,0,19,19,36.2286,1,0,0,0,-1,-1,0,0,5.94515,-0.212971,-19.9277
1106,0,1,2520,355.689,0,0,340.858,0,0,19,19,36.2286,1,0,0,0,-1,-1,0,0,5.94296,-0.212747,-19.931
1107,0,1,2520,355.847,0,0,340.858,0,0,19,19,36.2286,1,0,0,0,-1,-1,0,0,5.9371,-0.211879,-19.9317
1108,0,1,2520,356.052,0,0,340.858,0,0,19,19,36.2286,1,0,0,0,-1,-1,0,0,5.93119,-0.210696,-19.93
1109,0,1,2520,356.3,0,0,340.858,0,0,19,19,36.2286,1,0,0,0,-1,-1,0,0,5.92382,-0.209398,-19.9293
1110,0,1,2520,356.609,0,0,340.858,0,0,19,19,36.2286,1,0,0,0,-1,-1,0,0,5.91031,-0.20779,-19.9291
1111,0,1,2520,356.88,0,0,340.858,0,0,19,19,36.2286,1,0,0,0,-1,-1,0,0,5.89815,-0.206302,-19.9279
1112,0,1,2520,357.111,0,0,340.858,0,0,19,19,36.2286,1,0,0,0,-1,-1,0,0,5.88683,-0.204999,-19.926
1113,0,1,2520,357.251,0,0,340.858,0,0,19,19,36.2286,1,0,0,0,-1,-1,0,0,5.88097,-0.204192,-19.9246
1114,0,1,2520,357.317,0,0,340.858,0,0,19,19,36.2286,1,0,0,0,-1,-1,0,0,5.8782,-0.203769,-19.922
1115,0,1,2520,357.369,0,0,340.858,0,0,19,19,36.2286,1,0,0,0,-1,-1,0,0,5.87346,-0.203577,-19.9203
1116,0,1,2520,357.382,0,0,340.858,0,0,19,19,36.2286,1,0,0,0,-1,-1,0,0,5.86822,-0.203533,-19.917
1117,0,1,2520,357.289,0,0,340.858,0,0,19,19,36.2286,1,0,0,0,-1,-1,0,0,5.86951,-0.204012,-19.913
1118,0,1,2520,357.161,0,0,340.858,0,0,19,19,36.2286,1,0,0,0,-1,-1,0,0,5.87039,-0.204683,-19.9086
1119,0,1,2520,357.055,0,0,340.858,0,0,19,19,36.2286,1,0,0,0,-1,-1,0,0,5.86534,-0.205315,-19.9094
1120,0,1,2520,356.842,0,0,340.858,0,0,19,19,36.2286,1,0,0,0,-1,-1,0,0,5.86447,-0.206114,-19.9108
1121,0,1,2520,356.501,0,0,340.858,0,0,19,19,36.2286,1,0,0,0,-1,-1,0,0,5.87013,-0.207049,-19.9122
1122,0,1,2520,356.177,0,0,340.858,0,0,19,19,36.2286,1,0,0,0,-1,-1,0,0,5.87508,-0.20772,-19.9187
1123,0,1,2520,355.983,0,0,340.858,0,0,19,19,36.2286,1,0,0,0,-1,-1,0,0,5.87938,-0.207878,-19.9284
1124,0,1,2520,355.852,0,0,340.858,0,0,19,19,36.2286,1,0,0,0,-1,-1,0,0,5.89406,-0.207854,-19.9319
1125,0,1,2520,355.904,0,0,340.858,0,0,19,19,36.2286,1,0,0,0,-1,-1,0,0,5.90273,-0.207587,-19.9369
1126,0,1,2520,355.994,0,0,340.858,0,0,19,19,36.2286,1,0,0,0,-1,-1,0,0,5.91124,-0.207254,-19.9392
1127,0,1,2520,356.061,0,0,340.858,0,0,19,19,36.2286,1,0,0,0,-1,-1,0,0,5.92225,-0.206784,-19.9366
1128,0,1,2520,356.197,0,0,340.858,0,0,19,19,36.2286,1,0,0,0,-1,-1,0,0,5.92844,-0.205969,-19.9313
1129,0,1,2520,356.353,0,0,340.858,0,0,19,19,36.2286,1,0,0,0,-1,-1,0,0,5.93309,-0.205013,-19.9242
1130,0,1,2520,356.567,0,0,340.858,0,0,19,19,36.2286,1,0,0,0,-1,-1,0,0,5.93134,-0.20391,-19.9196
1131,0,1,2520,356.742,0,0,340.858,0,0,19,19,36.2286,1,0,0,0,-1,-1,0,0,5.93088,-0.202987,-19.9139
1132,0,1,2520,356.955,0,0,340.858,0,0,19,19,36.2286,1,0,0,0,-1,-1,0,0,5.92419,-0.202134,-19.9114
1133,0,1,2520,357.106,0,0,340.858,0,0,19,19,36.2286,1,0,0,0,-1,-1,0,0,5.91879,-0.201616,-19.9089
1134,0,1,2520,357.132,0,0,340.858,0,0,19,19,36.2286,1,0,0,0,-1,-1,0,0,5.91985,-0.201599,-19.9028
1135,0,1,2520,357.091,0,0,340.858,0,0,19,19,36.2286,1,0,0,0,-1,-1,0,0,5.92291,-0.201954,-19.8962
1136,0,1,2520,357.101,0,0,340.858,0,0,19,19,36.2286,1,0,0,0,-1,-1,0,0,5.91877,-0.202381,-19.8946
1137,0,1,2520,357.018,0,0,340.858,0,0,19,19,36.2286,1,0,0,0,-1,-1,0,0,5.91986,-0.203158,-19.8905
1138,0,1,2520,356.923,0,0,340.858,0,0,19,19,36.2286,1,0,0,0,-1,-1,0,0,5.91974,-0.204011,-19.8894
1139,0,1,2520,356.798,0,0,340.858,0,0,19,19,36.2286,1,0,0,0,-1,-1,0,0,5.91971,-0.204886,-19.8914
1140,0,1,2520,356.587,0,0,340.858,0,0,19,19,36.2286,1,0,0,0,-1,-1,0,0,5.92432,-0.205835,-19.8936
1141,0,1,2520,356.252,0,0,340.858,0,0,19,19,36.2286,1,0,0,0,-1,-1,0,0,5.93688,-0.206907,-19.8949
1142,0,1,2520,355.889,0,0,340.858,0,0,19,19,36.2286,1,0,0,0,-1,-1,0,0,5.95041,-0.207834,-19.8977
1143,0,1,2520,355.577,0,0,340.858,0,0,19,19,36.2286,1,0,0,0,-1,-1,0,0,5.96091,-0.208406,-19.9022
1144,0,1,2520,355.372,0,0,340.858,0,0,19,19,36.2286,1,0,0,0,-1,-1,0,0,5.96744,-0.208465,-19.9084
1145,0,1,2520,355.319,0,0,340.858,0,0,19,19,36.2286,1,0,0,0,-1,-1,0,0,5.96947,-0.207854,-19.9141
1146,0,1,2520,355.453,0,0,340.858,0,0,19,19,36.2286,1,0,0,0,-1,-1,0,0,5.96602,-0.206493,-19.9191
1147,0,1,2520,355.748,0,0,340.858,0,0,19,19,36.2286,1,0,0,0,-1,-1,0,0,5.95695,-0.2044,-19.9248
1148,0,1,2520,356.112,0,0,340.858,0,0,19,19,36.2286,1,0,0,0,-1,-1,0,0,5.94427,-0.201998,-19.9311
1149,0,1,2520,356.468,0,0,340.858,0,0,19,19,36.2286,1,0,0,0,-1,-1,0,0,5.93064,-0.199837,-19.9365
1150,0,1,2520,356.795,0,0,340.858,0,0,19,19,36.2286,1,0,0,0,-1,-1,0,0,5.91878,-0.198174,-19.94
1151,0,1,2520,357.098,0,0,340.858,0,0,19,19,36.2286,1,0,0,0,-1,-1,0,0,5.90703,-0.196918,-19.9431
1152,0,1,2520,357.291,0,0,340.858,0,0,19,19,36.2286,1,0,0,0,-1,-1,0,0,5.90171,-0.196142,-19.9412
1153,0,1,2520,357.386,0,0,340.858,0,0,19,19,36.2286,1,0,0,0,-1,-1,0,0,5.90166,-0.195776,-19.9362
1154,0,1,2520,357.4,0,0,340.858,0,0,19,19,36.2286,1,0,0,0,-1,-1,0,0,5.90302,-0.19577,-19.9312
1155,0,1,2520,357.354,0,0,340.858,0,0,19,19,36.2286,1,0,0,0,-1,-1,0,0,5.90424,-0.196116,-19.9267
1156,0,1,2520,357.284,0,0,340.858,0,0,19,19,36.2286,1,0,0,0,-1,-1,0,0,5.90347,-0.196684,-19.9233
1157,0,1,2520,357.115,0,0,340.858,0,0,19,19,36.2286,1,0,0,0,-1,-1,0,0,5.90824,-0.197617,-19.9184
1158,0,1,2520,356.915,0,0,340.858,0,0,19,19,36.2286,1,0,0,0,-1,-1,0,0,5.91325,-0.198671,-19.9151
1159,0,1,2520,356.714,0,0,340.858,0,0,19,19,36.2286,1,0,0,0,-1,-1,0,0,5.91684,-0.199696,-19.9155
1160,0,1,2520,356.432,0,0,340.858,0,0,19,19,36.2286,1,0,0,0,-1,-1,0,0,5.92686,-0.200821,-19.9145
1161,0,1,2520,356.089,0,0,340.858,0,0,19,19,36.2286,1,0,0,0,-1,-1,0,0,5.94229,-0.201946,-19.9125
1162,0,1,2520,355.821,0,0,340.858,0,0,19,19,36.2286,1,0,0,0,-1,-1,0,0,5.95166,-0.202663,-19.917
1163,0,1,2520,355.561,0,0,340.858,0,0,19,19,36.2286,1,0,0,0,-1,-1,0,0,5.96241,-0.203133,-19.9211
1164,0,1,2520,355.366,0,0,340.858,0,0,19,19,36.2286,1,0,0,0,-1,-1,0,0,5.97163,-0.203185,-19.9259
1165,0,1,2520,355.254,0,0,340.858,0,0,19,19,36.2286,1,0,0,0,-1,-1,0,0,5.98146,-0.202748,-19.9282
1166,0,1,2520,355.348,0,0,340.858,0,0,19,19,36.2286,1,0,0,0,-1,-1,0,0,5.98539,-0.20155,-19.9281
1167,0,1,2520,355.664,0,0,340.858,0,0,19,19,36.2286,1,0,0,0,-1,-1,0,0,5.97961,-0.199532,-19.9309
1168,0,1,2520,356.037,0,0,340.858,0,0,19,19,36.2286,1,0,0,0,-1,-1,0,0,5.97031,-0.19722,-19.9331
1169,0,1,2520,356.386,0,0,340.858,0,0,19,19,36.2286,1,0,0,0,-1,-1,0,0,5.95837,-0.195094,-19.9348
1170,0,1,2520,356.607,0,0,340.858,0,0,19,19,36.2286,1,0,0,0,-1,-1,0,0,5.95441,-0.193669,-19.931
1171,0,1,2520,356.738,0,0,340.858,0,0,19,19,36.2286,1,0,0,0,-1,-1,0,0,5.95527,-0.19285,-19.9248
1172,0,1,2520,356.835,0,0,340.858,0,0,19,19,36.2286,1,0,0,0,-1,-1,0,0,5.95524,-0.19246,-19.9211
1173,0,1,2520,356.9,0,0,340.858,0,0,19,19,36.2286,1,0,0,0,-1,-1,0,0,5.95292,-0.192412,-19.9186
1174,0,1,2520,356.947,0,0,340.858,0,0,19,19,36.2286,1,0,0,0,-1,-1,0,0,5.94798,-0.192627,-19.915
1175,0,1,2520,356.916,0,0,340.858,0,0,19,19,36.2286,1,0,0,0,-1,-1,0,0,5.94574,-0.193205,-19.91
1176,0,1,2520,356.814,0,0,340.858,0,0,19,19,36.2286,1,0,0,0,-1,-1,0,0,5.94502,-0.194103,-19.9064
1177,0,1,2520,356.631,0,0,340.858,0,0,19,19,36.2286,1,0,0,0,-1,-1,0,0,5.94794,-0.19528,-19.9034
1178,0,1,2520,356.4,0,0,340.858,0,0,19,19,36.2286,1,0,0,0,-1,-1,0,0,5.95329,-0.196566,-19.9023
1179,0,1,2520,356.104,0,0,340.858,0,0,19,19,36.2286,1,0,0,0,-1,-1,0,0,5.96376,-0.19793,-19.901
1180,0,1,2520,355.799,0,0,340.858,0,0,19,19,36.2286,1,0,0,0,-1,-1,0,0,5.97539,-0.199153,-19.9021
1181,0,1,2520,355.512,0,0,340.858,0,0,19,19,36.2286,1,0,0,0,-1,-1,0,0,5.9871,-0.200141,-19.9035
1182,0,1,2520,355.303,0,0,340.858,0,0,19,19,36.2286,1,0,0,0,-1,-1,0,0,5.99464,-0.200698,-19.9067
1183,0,1,2520,355.109,0,0,340.858,0,0,19,19,36.2286,1,0,0,0,-1,-1,0,0,6.00453,-0.200946,-19.9075
1184,0,1,2520,355.032,0,0,340.858,0,0,19,19,36.2286,1,0,0,0,-1,-1,0,0,6.01042,-0.200596,-19.9069
1185,0,1,2520,355.11,0,0,340.858,0,0,19,19,36.2286,1,0,0,0,-1,-1,0,0,6.01222,-0.199506,-19.9066
1186,0,1,2520,355.4,0,0,340.858,0,0,19,19,36.2286,1,0,0,0,-1,-1,0,0,6.0059,-0.197553,-19.9094
1187,0,1,2520,355.741,0,0,340.858,0,0,19,19,36.2286,1,0,0,0,-1,-1,0,0,5.99825,-0.195251,-19.9132
1188,0,1,2520,356.014,0,0,340.858,0,0,19,19,36.2286,1,0,0,0,-1,-1,0,0,5.99068,-0.193197,-19.9176
1189,0,1,2520,356.236,0,0,340.858,0,0,19,19,36.2286,1,0,0,0,-1,-1,0,0,5.98307,-0.191671,-19.922
1190,0,1,2520,356.421,0,0,340.858,0,0,19,19,36.2286,1,0,0,0,-1,-1,0,0,5.97661,-0.190717,-19.9262
1191,0,1,2520,356.573,0,0,340.858,0,0,19,19,36.2286,1,0,0,0,-1,-1,0,0,5.97049,-0.190257,-19.9289
1192,0,1,2520,356.669,0,0,340.858,0,0,19,19,36.2286,1,0,0,0,-1,-1,0,0,5.96495,-0.190257,-19.9295
1193,0,1,2520,356.693,0,0,340.858,0,0,19,19,36.2286,1,0,0,0,-1,-1,0,0,5.96065,-0.190654,-19.9291
1194,0,1,2520,356.679,0,0,340.858,0,0,19,19,36.2286,1,0,0,0,-1,-1,0,0,5.95609,-0.191343,-19.9271
1195,0,1,2520,356.597,0,0,340.858,0,0,19,19,36.2286,1,0,0,0,-1,-1,0,0,5.95344,-0.192327,-19.9252
1196,0,1,2520,356.439,0,0,340.858,0,0,19,19,36.2286,1,0,0,0,-1,-1,0,0,5.95414,-0.19354,-19.9241
1197,0,1,2520,356.232,0,0,340.858,0,0,19,19,36.2286,1,0,0,0,-1,-1,0,0,5.95755,-0.194828,-19.9245
1198,0,1,2520,355.979,0,0,340.858,0,0,19,19,36.2286,1,0,0,0,-1,-1,0,0,5.96414,-0.196109,-19.9265
1199,0,1,2520,355.711,0,0,340.858,0,0,19,19,36.2286,1,0,0,0,-1,-1,0,0,5.97212,-0.197218,-19.9301
