step,time_s,panels,max_neumann_residual,body_qs_Fx_N,body_qs_Fy_N,body_qs_Fz_N,body_qs_Mx_Nm,body_qs_My_Nm,body_qs_Mz_Nm,body_mean_Fz_N,body_mean_Mx_Nm,body_qs_mean_Fz_N,body_qs_mean_Mx_Nm,body_window_steps,window_full,hs3d_Fx_N,hs3d_Fy_N,hs3d_Fz_N,hs3d_Mx_Nm,hs3d_My_Nm,hs3d_Mz_Nm,hs3d_max_abs_mu,hs3d_max_surface_speed
0,0,3280,3.28626e-14,-0.173617,-0.0978492,-0.317291,-0.0509031,0.316554,0.123197,-0.317291,-0.0509031,-0.317291,-0.0509031,162,0,-808.086,-526.269,1973.3,-2612.32,3225.67,-85.8116,17.9599,11302.7
1,0.0001,3280,4.50751e-14,-0.17363,-0.0977676,-0.317295,-0.0508183,0.316625,0.123111,-0.317293,-0.0508607,-0.317293,-0.0508607,162,0,-807.922,-526.237,1973.14,-2612.11,3225.28,-85.7533,17.9592,11302.2
2,0.0002,3280,4.90719e-14,-0.173592,-0.0962658,-0.317831,-0.0488183,0.316945,0.12165,-0.317472,-0.0501799,-0.317472,-0.0501799,162,0,-806.035,-525.771,1971.02,-2609.55,3220.51,-85.118,17.9511,11296.8
3,0.0003,3280,5.17364e-14,-0.173293,-0.0948058,-0.320013,-0.0463407,0.315237,0.120157,-0.318108,-0.0492201,-0.318108,-0.0492201,162,0,-804.55,-525.391,1969.36,-2607.5,3216.75,-84.6218,17.9447,11292.5
4,0.0004,3280,3.55271e-14,-0.172761,-0.0935434,-0.323577,-0.0436245,0.31181,0.118806,-0.319201,-0.048101,-0.319201,-0.048101,162,0,-803.796,-525.169,1968.51,-2606.39,3214.82,-84.3711,17.9414,11290.3
5,0.0005,3280,4.22995e-14,-0.17204,-0.0926058,-0.328098,-0.0409288,0.307155,0.117751,-0.320684,-0.0469056,-0.320684,-0.0469056,162,0,-803.909,-525.137,1968.63,-2606.41,3215.08,-84.408,17.9416,11290.4
6,0.0006,3280,3.90799e-14,-0.171184,-0.0920659,-0.333122,-0.0384717,0.30181,0.117092,-0.322461,-0.0457008,-0.322461,-0.0457008,162,0,-804.854,-525.289,1969.71,-2607.5,3217.46,-84.7182,17.9452,11292.9
7,0.0007,3280,3.61933e-14,-0.170245,-0.0919285,-0.338203,-0.0364082,0.296305,0.116855,-0.324429,-0.0445392,-0.324429,-0.0445392,162,0,-806.554,-525.612,1971.66,-2609.57,3221.74,-85.274,17.952,11297.4
8,0.0008,3280,5.59552e-14,-0.169272,-0.0921525,-0.342948,-0.034844,0.291115,0.117018,-0.326486,-0.0434619,-0.326486,-0.0434619,162,0,-809.133,-526.127,1974.61,-2612.76,3228.26,-86.1187,17.9624,11304.5
9,0.0009,3280,3.41949e-14,-0.168304,-0.0926531,-0.347026,-0.0338212,0.286634,0.117509,-0.32854,-0.0424979,-0.32854,-0.0424979,162,0,-812.298,-526.774,1978.24,-2616.71,3236.28,-87.1566,17.9753,11313.1
10,0.001,3280,5.88973e-14,-0.167362,-0.0933415,-0.350202,-0.0333499,0.283145,0.118244,-0.33051,-0.0416662,-0.33051,-0.0416662,162,0,-815.952,-527.528,1982.45,-2621.29,3245.55,-88.3559,17.9901,11323.1
11,0.0011,3280,3.73035e-14,-0.166458,-0.0941376,-0.35231,-0.0334265,0.28084,0.119147,-0.332326,-0.0409796,-0.332326,-0.0409796,162,0,-819.943,-528.359,1987.06,-2626.29,3255.69,-89.6657,18.0063,11334
12,0.0012,3280,4.44089e-14,-0.165595,-0.0949498,-0.353218,-0.0340214,0.279872,0.120118,-0.333933,-0.0404444,-0.333933,-0.0404444,162,0,-824.148,-529.238,1991.94,-2631.57,3266.4,-91.0463,18.0234,11345.4
13,0.0013,3280,4.11893e-14,-0.164765,-0.0956809,-0.352914,-0.035049,0.280251,0.121054,-0.335289,-0.040059,-0.335289,-0.040059,162,0,-828.43,-530.133,1996.93,-2636.94,3277.33,-92.4551,18.0407,11357.1
14,0.0014,3280,5.39568e-14,-0.163946,-0.096241,-0.351496,-0.0363832,0.281857,0.121855,-0.33637,-0.0398139,-0.33637,-0.0398139,162,0,-832.686,-531.023,2001.91,-2642.26,3288.21,-93.8575,18.058,11368.7
15,0.0015,3280,3.55271e-14,-0.163119,-0.0965426,-0.349101,-0.0378818,0.284524,0.122418,-0.337165,-0.0396932,-0.337165,-0.0396932,162,0,-836.794,-531.877,2006.75,-2647.39,3298.74,-95.216,18.0746,11379.9
16,0.0016,3280,4.32987e-14,-0.16227,-0.0965105,-0.34608,-0.0393306,0.287866,0.122654,-0.33769,-0.0396718,-0.33769,-0.0396718,162,0,-840.701,-532.685,2011.38,-2652.26,3308.78,-96.5129,18.0904,11390.5
17,0.0017,3280,3.88578e-14,-0.161384,-0.0961037,-0.342706,-0.0405852,0.291575,0.122512,-0.337968,-0.0397226,-0.337968,-0.0397226,162,0,-844.303,-533.418,2015.68,-2656.72,3318.07,-97.7192,18.105,11400.2
18,0.0018,3280,3.70814e-14,-0.160455,-0.0953051,-0.339425,-0.0414539,0.295189,0.121965,-0.338045,-0.0398137,-0.338045,-0.0398137,162,0,-847.489,-534.057,2019.53,-2660.65,3326.32,-98.7955,18.1179,11408.8
19,0.0019,3280,5.70655e-14,-0.159471,-0.0941128,-0.336614,-0.0417979,0.298291,0.121009,-0.337973,-0.0399129,-0.337973,-0.0399129,162,0,-850.181,-534.585,2022.84,-2663.94,3333.34,-99.7117,18.1287,11416
20,0.002,3280,4.70735e-14,-0.158431,-0.092557,-0.334616,-0.041532,0.300515,0.119673,-0.337814,-0.03999,-0.337814,-0.03999,162,0,-852.271,-534.98,2025.49,-2666.46,3338.87,-100.432,18.1372,11421.6
21,0.0021,3280,7.19425e-14,-0.157339,-0.0906887,-0.333756,-0.0406031,0.301521,0.11801,-0.337629,-0.0400179,-0.337629,-0.0400179,162,0,-853.616,-535.214,2027.33,-2668.04,3342.53,-100.904,18.1426,11425.1
22,0.0022,3280,3.86358e-14,-0.156197,-0.0885673,-0.334256,-0.0390121,0.301069,0.116085,-0.337483,-0.0399741,-0.337483,-0.0399741,162,0,-854.089,-535.263,2028.21,-2668.51,3344.04,-101.083,18.1445,11426.3
23,0.0023,3280,6.85563e-14,-0.155013,-0.0862666,-0.33625,-0.0368044,0.299015,0.11398,-0.337431,-0.0398421,-0.337431,-0.0398421,162,0,-853.641,-535.116,2028.09,-2667.82,3343.24,-100.951,18.1428,11425
24,0.0024,3280,5.9952e-14,-0.15379,-0.0838624,-0.339745,-0.0340559,0.295339,0.111779,-0.337524,-0.0396106,-0.337524,-0.0396106,162,0,-852.597,-534.84,2027.31,-2666.38,3340.96,-100.617,18.1387,11422.2
25,0.0025,3280,4.21885e-14,-0.152528,-0.0814397,-0.34468,-0.0308755,0.290093,0.109566,-0.337799,-0.0392747,-0.337799,-0.0392747,162,0,-851.284,-534.504,2026.24,-2664.6,3338.01,-100.19,18.1335,11418.6
26,0.0026,3280,3.33067e-14,-0.151266,-0.0790742,-0.350786,-0.027359,0.283566,0.107433,-0.33828,-0.0388333,-0.33828,-0.0388333,162,0,-850.194,-534.211,2025.41,-2663.1,3335.61,-99.8321,18.1291,11415.6
27,0.0027,3280,4.70735e-14,-0.149977,-0.0768455,-0.357701,-0.0236475,0.276067,0.105458,-0.338974,-0.038291,-0.338974,-0.038291,162,0,-850.45,-534.195,2026.04,-2663.31,3336.55,-99.9249,18.1302,11416.2
28,0.0028,3280,4.4742e-14,-0.148632,-0.0748257,-0.364979,-0.0198861,0.267994,0.103706,-0.33987,-0.0376563,-0.33987,-0.0376563,162,0,-852.748,-534.595,2028.89,-2666.08,3342.54,-100.707,18.1394,11422.2
29,0.0029,3280,7.61891e-14,-0.147253,-0.0730599,-0.372119,-0.0161829,0.259866,0.102231,-0.340945,-0.0369405,-0.340945,-0.0369405,162,0,-857.758,-535.549,2034.71,-2672.27,3355.28,-102.407,18.1595,11435.5
30,0.003,3280,5.77316e-14,-0.145872,-0.0715735,-0.378704,-0.0126485,0.252146,0.101067,-0.342163,-0.0361569,-0.342163,-0.0361569,162,0,-866.092,-537.178,2044.15,-2682.63,3376.27,-105.237,18.1928,11457.7
31,0.0031,3280,6.57252e-14,-0.144454,-0.0703765,-0.384432,-0.00940302,0.245129,0.100219,-0.343484,-0.0353209,-0.343484,-0.0353209,162,0,-878.173,-539.569,2057.68,-2697.68,3406.56,-109.34,18.2409,11489.7
32,0.0032,3280,3.73035e-14,-0.142966,-0.0694541,-0.388965,-0.00652844,0.239144,0.0996682,-0.344862,-0.0344484,-0.344862,-0.0344484,162,0,-893.467,-542.61,2074.7,-2716.73,3444.81,-114.538,18.3014,11530
33,0.0033,3280,3.78586e-14,-0.141478,-0.0687342,-0.392173,-0.00409694,0.234447,0.0993741,-0.346254,-0.0335557,-0.346254,-0.0335557,162,0,-911.242,-546.146,2094.41,-2738.83,3489.19,-120.586,18.3712,11576.6
34,0.0034,3280,4.35485e-14,-0.139961,-0.0681553,-0.393929,-0.00218184,0.231181,0.0992777,-0.347616,-0.0326593,-0.347616,-0.0326593,162,0,-930.364,-549.946,2115.53,-2762.54,3536.87,-127.105,18.4459,11626.4
35,0.0035,3280,4.79616e-14,-0.138439,-0.067633,-0.394101,-0.000802354,0.229541,0.0993078,-0.348907,-0.0317744,-0.348907,-0.0317744,162,0,-948.947,-553.628,2136.02,-2785.52,3583.16,-133.453,18.5179,11674.5
36,0.0036,3280,6.4837e-14,-0.136908,-0.0670793,-0.392683,2.88215e-05,0.229567,0.0993763,-0.35009,-0.0309148,-0.35009,-0.0309148,162,0,-964.936,-556.783,2153.63,-2805.23,3622.96,-138.933,18.5794,11715.6
37,0.0037,3280,3.81917e-14,-0.135351,-0.0664146,-0.389681,0.000339814,0.231255,0.0993918,-0.351132,-0.0300923,-0.351132,-0.0300923,162,0,-975.757,-558.902,2165.55,-2818.5,3649.9,-142.67,18.6208,11743.3
38,0.0038,3280,4.7899e-14,-0.133779,-0.0655567,-0.385212,0.00020224,0.234519,0.0992598,-0.352006,-0.0293156,-0.352006,-0.0293156,162,0,-978.275,-559.365,2168.38,-2821.49,3656.22,-143.594,18.6303,11749.8
39,0.0039,3280,5.32907e-14,-0.132194,-0.0644521,-0.379518,-0.000279229,0.23912,0.0988964,-0.352694,-0.0285896,-0.352694,-0.0285896,162,0,-968.84,-557.442,2158.11,-2809.7,3632.84,-140.468,18.5942,11725.7
40,0.004,3280,6.57252e-14,-0.130627,-0.0630794,-0.373028,-0.000954751,0.244661,0.0982434,-0.35319,-0.0279156,-0.35319,-0.0279156,162,0,-943.774,-552.38,2130.67,-2778.51,3570.58,-132.052,18.4975,11661.2
41,0.0041,3280,5.28466e-14,-0.129149,-0.0614728,-0.366385,-0.0016654,0.250559,0.0973076,-0.353504,-0.0272906,-0.353504,-0.0272906,162,0,-899.947,-543.49,2082.43,-2723.76,3461.44,-117.316,18.3263,11547
42,0.0042,3280,3.88578e-14,-0.127816,-0.0597377,-0.360319,-0.00228297,0.256105,0.0961874,-0.353662,-0.026709,-0.353662,-0.026709,162,0,-834.09,-529.991,2009.41,-2640.85,3296.86,-95.2137,18.0636,11371.7
43,0.0043,3280,8.61533e-14,-0.126657,-0.058025,-0.355461,-0.00273207,0.260604,0.0950563,-0.353703,-0.0261641,-0.353703,-0.0261641,162,0,-740.886,-510.549,1904.96,-2521.99,3062.7,-64.0755,17.6793,11115.3
44,0.0044,3280,4.04121e-14,-0.125632,-0.0563922,-0.352187,-0.00288769,0.263504,0.0940257,-0.35367,-0.0256469,-0.35367,-0.0256469,162,0,-617.007,-483.997,1763.91,-2360.83,2749,-23.0273,17.1431,10757.6
45,0.0045,3280,3.4861e-14,-0.124592,-0.0546273,-0.35051,-0.00244795,0.264527,0.0929591,-0.353601,-0.0251425,-0.353601,-0.0251425,162,0,-472.474,-451.773,1595.66,-2167.32,2378.85,24.2393,16.474,10311.3
46,0.0046,3280,4.70735e-14,-0.123338,-0.0523937,-0.350229,-0.00107475,0.263652,0.0915889,-0.353529,-0.0246305,-0.353529,-0.0246305,162,0,-329.008,-418.11,1423.81,-1967.9,2006,70.2967,15.7519,9829.79
47,0.0047,3280,4.84057e-14,-0.121719,-0.0495326,-0.351154,0.00135198,0.26097,0.0897734,-0.35348,-0.0240892,-0.35348,-0.0240892,162,0,-206.37,-387.605,1271.99,-1789.9,1681.74,108.776,15.0754,9378.68
48,0.0048,3280,5.30687e-14,-0.119688,-0.0461771,-0.353191,0.00466571,0.256602,0.0875989,-0.353474,-0.0235023,-0.353474,-0.0235023,162,0,-112.816,-362.922,1152.21,-1648,1429.9,137.398,14.5113,9002.54
49,0.0049,3280,6.03961e-14,-0.117299,-0.0427104,-0.356242,0.00844725,0.250776,0.0853646,-0.353529,-0.0228633,-0.353529,-0.0228633,162,0,-47.0895,-344.629,1065.43,-1544.2,1250,157.015,14.0829,8716.99
50,0.005,3280,5.18474e-14,-0.114647,-0.0395348,-0.360113,0.0122715,0.243826,0.0833869,-0.353658,-0.0221744,-0.353658,-0.0221744,162,0,-4.33364,-332.191,1007.52,-1474.4,1131.33,169.498,13.7866,8519.58
51,0.0051,3280,4.95159e-14,-0.11182,-0.0369088,-0.364272,0.0158113,0.236369,0.0818756,-0.353862,-0.0214439,-0.353862,-0.0214439,162,0,21.5762,-324.389,971.726,-1431.02,1058.63,176.924,13.5989,8394.64
52,0.0052,3280,5.54834e-14,-0.108902,-0.0348858,-0.367879,0.018864,0.229305,0.0808916,-0.354127,-0.0206834,-0.354127,-0.0206834,162,0,36.4641,-319.778,950.816,-1405.6,1016.48,181.121,13.4875,8320.71
53,0.0053,3280,5.11813e-14,-0.105899,-0.0333998,-0.370217,0.021305,0.22336,0.0803872,-0.354425,-0.0199058,-0.354425,-0.0199058,162,0,44.2914,-317.282,939.596,-1391.97,994.086,183.282,13.4273,8281.04
54,0.0054,3280,6.99441e-14,-0.102902,-0.0323579,-0.370901,0.0231146,0.219055,0.0802927,-0.354724,-0.0191236,-0.354724,-0.0191236,162,0,47.2164,-316.286,935.18,-1386.66,985.498,184.043,13.4037,8265.83
55,0.0055,3280,4.17444e-14,-0.100038,-0.0316462,-0.370094,0.0243193,0.216436,0.0805136,-0.354999,-0.0183479,-0.354999,-0.0183479,162,0,45.6472,-316.675,937.057,-1389.03,989.625,183.52,13.4141,8273.35
56,0.0056,3280,3.19744e-14,-0.097344,-0.0311922,-0.368029,0.0249352,0.215364,0.0809705,-0.355227,-0.0175885,-0.355227,-0.0175885,162,0,41.5585,-317.835,942.446,-1395.68,1000.87,182.267,13.4434,8293.55
57,0.0057,3280,5.86198e-14,-0.0948868,-0.0308996,-0.364915,0.0249688,0.215728,0.0815863,-0.355394,-0.0168548,-0.355394,-0.0168548,162,0,38.2455,-318.749,946.711,-1400.98,1009.88,181.216,13.4666,8309.75
58,0.0058,3280,4.67404e-14,-0.0925615,-0.0306132,-0.360812,0.0245056,0.217363,0.0822134,-0.355486,-0.0161538,-0.355486,-0.0161538,162,0,36.6679,-319.126,948.537,-1403.3,1013.99,180.641,13.4767,8317.22
59,0.0059,3280,6.30607e-14,-0.0903076,-0.0301821,-0.355822,0.0237133,0.220102,0.0827085,-0.355492,-0.0154893,-0.355492,-0.0154893,162,0,37.6418,-318.72,946.817,-1401.28,1010.9,180.779,13.4678,8311.95
60,0.006,3280,9.23706e-14,-0.0880982,-0.0295237,-0.350295,0.0227767,0.223566,0.0829759,-0.355407,-0.014862,-0.355407,-0.014862,162,0,42.3977,-317.149,939.83,-1392.83,997.159,181.98,13.4304,8287.7
61,0.0061,3280,4.27436e-14,-0.0859172,-0.028575,-0.344643,0.0219134,0.227316,0.0829418,-0.355233,-0.0142688,-0.355233,-0.0142688,162,0,51.6175,-314.185,926.579,-1376.69,970.769,184.431,13.3589,8240.62
62,0.0062,3280,4.17444e-14,-0.0837773,-0.0272699,-0.339364,0.0213748,0.230861,0.0825455,-0.354981,-0.0137031,-0.354981,-0.0137031,162,0,64.5937,-310.015,907.977,-1353.94,933.643,187.921,13.2575,8173.47
63,0.0063,3280,6.33937e-14,-0.0816979,-0.0255548,-0.33506,0.0214252,0.233622,0.0817452,-0.35467,-0.0131542,-0.35467,-0.0131542,162,0,78.8163,-305.398,887.527,-1328.8,892.856,191.741,13.1443,8098.45
64,0.0064,3280,3.86358e-14,-0.0797532,-0.0234122,-0.332463,0.022332,0.234954,0.0805156,-0.354328,-0.0126082,-0.354328,-0.0126082,162,0,91.3928,-301.254,869.401,-1306.33,856.716,195.093,13.0424,8030.79
65,0.0065,3280,5.37348e-14,-0.0781254,-0.0209227,-0.33254,0.0243405,0.234104,0.0788742,-0.353998,-0.0120484,-0.353998,-0.0120484,162,0,102.511,-297.537,853.354,-1286.27,824.715,198.035,12.9508,7969.87
66,0.0066,3280,5.37348e-14,-0.0769748,-0.0182467,-0.336091,0.0275697,0.230391,0.0769127,-0.353731,-0.0114571,-0.353731,-0.0114571,162,0,116.712,-292.738,832.588,-1260.36,783.544,201.789,12.8313,7890.33
67,0.0067,3280,4.30767e-14,-0.0761444,-0.0154692,-0.342905,0.0319038,0.223717,0.0747545,-0.353572,-0.0108194,-0.353572,-0.0108194,162,0,135.565,-286.251,804.484,-1225.39,728.31,206.731,12.6677,7781.46
68,0.0068,3280,4.25771e-14,-0.0752919,-0.0126163,-0.352285,0.0371791,0.214319,0.0725209,-0.353553,-0.0101238,-0.353553,-0.0101238,162,0,153.403,-279.946,777.422,-1191.58,675.516,211.324,12.5073,7674.71
69,0.0069,3280,4.70735e-14,-0.0741497,-0.00977218,-0.363696,0.0432471,0.202431,0.0703669,-0.353698,-0.00936136,-0.353698,-0.00936136,162,0,163.777,-276.163,761.57,-1171.53,644.66,213.926,12.4113,7610.82
70,0.007,3280,5.01266e-14,-0.0726082,-0.00708664,-0.376768,0.0499228,0.188351,0.0684714,-0.354023,-0.00852638,-0.354023,-0.00852638,162,0,162.233,-276.629,764.266,-1174.43,649.559,213.464,12.4257,7620.45
71,0.0071,3280,5.05151e-14,-0.0707686,-0.00477233,-0.391232,0.0569388,0.172516,0.0670176,-0.35454,-0.00761714,-0.35454,-0.00761714,162,0,149.902,-280.916,783.646,-1197.96,686.709,210.217,12.5442,7696.03
72,0.0072,3280,6.50036e-14,-0.0687182,-0.00298733,-0.405883,0.0636824,0.156111,0.0661418,-0.355243,-0.00664043,-0.355243,-0.00664043,162,0,138.391,-284.837,801.402,-1219.53,721.034,207.143,12.6601,7764.79
73,0.0073,3280,3.69982e-14,-0.0663787,-0.00167661,-0.418803,0.0694945,0.140867,0.0658171,-0.356102,-0.00561158,-0.356102,-0.00561158,162,0,135.299,-285.808,806.027,-1225.08,730.108,206.261,12.6987,7782.78
74,0.0074,3280,9.74776e-14,-0.0636777,-0.000677819,-0.428762,0.0740895,0.128019,0.0659214,-0.357071,-0.0045489,-0.357071,-0.0045489,162,0,134.757,-285.898,806.656,-1225.8,731.522,206.048,12.7139,7785.65
75,0.0075,3280,3.77476e-14,-0.0605545,0.000191738,-0.435433,0.0775306,0.117988,0.0663018,-0.358102,-0.00346891,-0.358102,-0.00346891,162,0,126.444,-288.644,819.056,-1240.97,755.885,203.773,12.7971,7833.77
76,0.0076,3280,5.66214e-14,-0.0570235,0.00105628,-0.438946,0.0799794,0.110737,0.0668359,-0.359152,-0.00238516,-0.359152,-0.00238516,162,0,106.156,-295.349,849.27,-1277.85,815.238,198.253,12.9808,7948.68
77,0.0077,3280,4.51861e-14,-0.053229,0.00201312,-0.439868,0.0817025,0.105904,0.0673698,-0.360187,-0.00130712,-0.360187,-0.00130712,162,0,75.636,-305.161,893.917,-1332.08,903.599,189.814,13.2409,8114.34
78,0.0078,3280,5.32907e-14,-0.0493004,0.00314662,-0.439032,0.083055,0.102895,0.0677571,-0.361185,-0.000239241,-0.361185,-0.000239241,162,0,32.7635,-318.415,955.14,-1405.92,1026.02,177.686,13.5828,8334.31
79,0.0079,3280,4.66016e-14,-0.0452172,0.00462683,-0.437191,0.0844787,0.101067,0.0678242,-0.362135,0.000819733,-0.362135,0.000819733,162,0,-33.0047,-337.749,1046.24,-1514.83,1210.62,158.569,14.0665,8647.97
80,0.008,3280,5.41789e-14,-0.0409124,0.00656229,-0.434515,0.0861406,0.100133,0.0674855,-0.363028,0.00187308,-0.363028,0.00187308,162,0,-125.268,-363.249,1169.36,-1660.47,1464.31,130.915,14.6834,9049.86
81,0.0081,3280,5.24025e-14,-0.036353,0.00892223,-0.430676,0.0878572,0.100145,0.0667928,-0.363853,0.00292166,-0.363853,0.00292166,162,0,-231.339,-390.754,1305.64,-1819.94,1750.05,98.1815,15.3272,9469.91
82,0.0082,3280,5.24025e-14,-0.0315405,0.0116267,-0.425488,0.089436,0.101071,0.0658333,-0.364596,0.003964,-0.364596,0.003964,162,0,-334.672,-416.101,1434.17,-1968.94,2023.67,65.5323,15.9033,9845.92
83,0.0083,3280,6.57252e-14,-0.026537,0.0146031,-0.419315,0.0908932,0.102572,0.0646624,-0.365247,0.00499888,-0.365247,0.00499888,162,0,-427.116,-437.798,1546.29,-2097.95,2265.25,35.8032,16.3848,10160.1
84,0.0084,3280,4.80727e-14,-0.0214294,0.0178115,-0.412803,0.0923947,0.104153,0.063296,-0.365807,0.00602706,-0.365807,0.00602706,162,0,-509.195,-456.409,1643.96,-2209.64,2477.64,9.05866,16.7898,10424.5
85,0.0085,3280,5.68434e-14,-0.016292,0.0212252,-0.40656,0.0941083,0.105354,0.0617493,-0.366281,0.00705126,-0.366281,0.00705126,162,0,-582.514,-472.581,1729.96,-2307.46,2665.96,-15.0743,17.1362,10650.5
86,0.0086,3280,3.77476e-14,-0.01117,0.0248126,-0.401153,0.0961693,0.10572,0.0600553,-0.366681,0.00807561,-0.366681,0.00807561,162,0,-648.461,-486.802,1806.52,-2394.08,2834.42,-36.9535,17.4377,10846.8
87,0.0087,3280,4.31322e-14,-0.00611559,0.0285553,-0.397146,0.0987122,0.104813,0.0582318,-0.367028,0.00910557,-0.367028,0.00910557,162,0,-711.678,-500.19,1879.36,-2476.08,2995.26,-58.0428,17.7193,11029.2
88,0.0088,3280,4.08562e-14,-0.00119738,0.0324505,-0.394909,0.101792,0.102353,0.0562705,-0.367341,0.010147,-0.367341,0.010147,162,0,-775.242,-513.445,1952.15,-2557.64,3156.44,-79.3314,17.9968,11207.6
89,0.0089,3280,4.72955e-14,0.00357317,0.0364892,-0.394435,0.105287,0.0982895,0.0541758,-0.367642,0.0112041,-0.367642,0.0112041,162,0,-834.674,-525.654,2019.88,-2633.13,3306.71,-99.307,18.2529,11370.1
90,0.009,3280,4.88498e-14,0.00832813,0.0406359,-0.395495,0.108944,0.0926082,0.051996,-0.367948,0.0122782,-0.367948,0.0122782,162,0,-882.1,-535.258,2073.83,-2692.86,3426.46,-115.287,18.458,11497
91,0.0091,3280,4.11615e-14,0.013382,0.0448147,-0.397687,0.112449,0.0852773,0.0498185,-0.368271,0.013367,-0.368271,0.013367,162,0,-913.371,-541.509,2109.63,-2732.02,3505.58,-125.817,18.5981,11579.5
92,0.0092,3280,3.43614e-14,0.0191136,0.0488649,-0.400195,0.115536,0.0766114,0.0477673,-0.368615,0.0144656,-0.368615,0.0144656,162,0,-926.932,-544.168,2125.75,-2749.04,3540.41,-130.34,18.667,11615.1
93,0.0093,3280,7.77156e-14,0.025628,0.052526,-0.401379,0.118211,0.0680166,0.0460768,-0.368963,0.0155693,-0.368963,0.0155693,162,0,-924.1,-543.536,2123.62,-2745.69,3534.24,-129.322,18.668,11608
94,0.0094,3280,6.43929e-14,0.0322183,0.055665,-0.399514,0.120852,0.0619296,0.0450226,-0.369285,0.0166775,-0.369285,0.0166775,162,0,-916.505,-541.966,2115.94,-2736.48,3515.95,-126.767,18.6449,11588.7
95,0.0095,3280,5.67324e-14,0.037917,0.058394,-0.394956,0.123609,0.0592454,0.0446808,-0.369552,0.0177914,-0.369552,0.0177914,162,0,-915.575,-541.761,2115.39,-2735.62,3514.09,-126.552,18.6433,11586.9
96,0.0096,3280,4.88498e-14,0.0423894,0.0609159,-0.391359,0.125928,0.0572241,0.044838,-0.369777,0.0189062,-0.369777,0.0189062,162,0,-918.655,-542.38,2119.39,-2739.81,3522.35,-127.697,18.6538,11595.7
97,0.0097,3280,4.69624e-14,0.0469312,0.0627124,-0.388367,0.127713,0.0548028,0.045426,-0.369967,0.0200164,-0.369967,0.0200164,162,0,-928.228,-544.304,2130.72,-2752.12,3546.92,-131.017,18.6868,11621.3
98,0.0098,3280,5.10703e-14,0.0509141,0.0639024,-0.387356,0.129043,0.0514981,0.0463202,-0.370142,0.0211177,-0.370142,0.0211177,162,0,-938.654,-546.39,2143.08,-2765.49,3573.7,-134.617,18.7206,11649
99,0.0099,3280,4.17444e-14,0.0541451,0.0645871,-0.387554,0.13004,0.0481911,0.0473995,-0.370316,0.022207,-0.370316,0.022207,162,0,-935.682,-545.759,2140.49,-2762.08,3566.93,-133.695,18.7136,11641.9
100,0.01,3280,4.23828e-14,0.0570773,0.0649175,-0.388407,0.130841,0.0448264,0.0485373,-0.370495,0.0232825,-0.370495,0.0232825,162,0,-910.471,-540.609,2112.87,-2730.76,3504.29,-125.288,18.618,11576.5
101,0.0101,3280,4.26326e-14,0.0600925,0.0653055,-0.390329,0.131939,0.040519,0.0495888,-0.37069,0.0243478,-0.37069,0.0243478,162,0,-866.587,-531.596,2064.04,-2675.69,3394.5,-110.632,18.4462,11460.8
102,0.0102,3280,5.06262e-14,0.0636488,0.0661263,-0.392924,0.133619,0.0349823,0.0504257,-0.370906,0.0254087,-0.370906,0.0254087,162,0,-823.247,-522.588,2015.46,-2620.81,3285.7,-96.2183,18.2739,11344.4
103,0.0103,3280,5.76206e-14,0.0679697,0.0675596,-0.394574,0.13554,0.0292908,0.0509476,-0.371133,0.0264676,-0.371133,0.0264676,162,0,-797.602,-517.169,1986.76,-2588.13,3221.33,-87.7658,18.1725,11274.6
104,0.0104,3280,5.86198e-14,0.0731811,0.069768,-0.394901,0.137787,0.023726,0.05103,-0.37136,0.0275278,-0.37136,0.0275278,162,0,-800.725,-517.719,1990.86,-2592.16,3229.73,-88.9399,18.1904,11283.5
105,0.0105,3280,4.95159e-14,0.0793393,0.0727933,-0.396361,0.141392,0.0161661,0.0506524,-0.371596,0.028602,-0.371596,0.028602,162,0,-841.076,-525.966,2037.4,-2643.62,3332.27,-102.589,18.3625,11393.6
106,0.0106,3280,4.77396e-14,0.0858257,0.0764147,-0.399042,0.14615,0.00702928,0.0497885,-0.371852,0.0297006,-0.371852,0.0297006,162,0,-906.996,-539.33,2112.55,-2726.91,3498.87,-124.895,18.6352,11569.4
107,0.0107,3280,6.79456e-14,0.0918671,0.0804302,-0.398572,0.150115,0.000831039,0.0483367,-0.3721,0.0308155,-0.3721,0.0308155,162,0,-952.28,-548.331,2163.81,-2783.48,3612.91,-140.332,18.822,11687.5
108,0.0108,3280,5.59552e-14,0.0979099,0.0847159,-0.393814,0.1527,-0.00185416,0.046604,-0.372299,0.0319337,-0.372299,0.0319337,162,0,-945.997,-546.887,2156.86,-2775.29,3597.21,-138.366,18.8064,11671
109,0.0109,3280,6.08402e-14,0.104829,0.0890726,-0.387408,0.154739,-0.00414348,0.0451369,-0.372436,0.0330502,-0.372436,0.0330502,162,0,-922.761,-542.019,2130.73,-2745.82,3538.82,-130.664,18.7234,11610.2
110,0.011,3280,4.4964e-14,0.11245,0.0932181,-0.384222,0.157841,-0.00980308,0.0441456,-0.372542,0.0341744,-0.372542,0.0341744,162,0,-926.75,-542.688,2135.34,-2750.57,3548.92,-132.117,18.7453,11620.4
111,0.0111,3280,5.77316e-14,0.120074,0.0967953,-0.39058,0.164042,-0.0234328,0.0437095,-0.372703,0.0353339,-0.372703,0.0353339,162,0,-956.805,-548.655,2169.4,-2788.06,3624.59,-142.334,18.8661,11698.3
112,0.0112,3280,4.84057e-14,0.127644,0.0994961,-0.405302,0.172552,-0.0444538,0.0441055,-0.372992,0.0365483,-0.372992,0.0365483,162,0,-1023.41,-561.887,2244.09,-2870.73,3791.57,-164.946,19.1237,11868.2
113,0.0113,3280,6.23945e-14,0.133031,0.100935,-0.413178,0.17707,-0.0580744,0.0448553,-0.373344,0.0377809,-0.373344,0.0377809,162,0,-1159.1,-588.417,2394.37,-3036.95,4129.74,-211.22,19.6277,12202.4
114,0.0114,3280,5.16254e-14,0.135357,0.101482,-0.408907,0.175874,-0.0581222,0.0452429,-0.373654,0.0389817,-0.373654,0.0389817,162,0,-1214.76,-599.088,2455.52,-3104.29,4267.89,-230.318,19.8266,12335.3
115,0.0115,3280,6.79456e-14,0.138069,0.101802,-0.404132,0.174234,-0.0576248,0.0459726,-0.373916,0.0401477,-0.373916,0.0401477,162,0,-1123.06,-581.316,2354.72,-2992.85,4040.18,-198.981,19.492,12115.2
116,0.0116,3280,6.4837e-14,0.141951,0.10204,-0.402267,0.173707,-0.0604377,0.047239,-0.374159,0.0412892,-0.374159,0.0412892,162,0,-1003.9,-557.801,2222.32,-2846.08,3742.71,-158.478,19.0416,11818.9
117,0.0117,3280,6.29496e-14,0.146455,0.10234,-0.403451,0.174545,-0.0662739,0.048708,-0.374407,0.0424185,-0.374407,0.0424185,162,0,-930.399,-543,2139.88,-2754.31,3558.35,-133.673,18.7534,11629.8
118,0.0118,3280,6.57252e-14,0.151295,0.102912,-0.407513,0.176896,-0.0747081,0.0500348,-0.374685,0.0435486,-0.374685,0.0435486,162,0,-910.869,-538.99,2118.03,-2729.75,3509.4,-127.168,18.6744,11578.9
119,0.0119,3280,6.03961e-14,0.156458,0.10394,-0.414852,0.180989,-0.0860103,0.0510016,-0.37502,0.0446939,-0.37502,0.0446939,162,0,-903.429,-537.428,2109.89,-2720.38,3490.93,-124.749,18.6447,11559.5
120,0.012,3280,5.50671e-14,0.161411,0.105384,-0.422919,0.185605,-0.0974916,0.0514427,-0.375416,0.0458585,-0.375416,0.0458585,162,0,-866.868,-529.925,2068.81,-2674.21,3399.11,-112.518,18.4992,11462.7
121,0.0121,3280,5.4623e-14,0.164662,0.107035,-0.424637,0.187664,-0.101782,0.0510136,-0.375819,0.0470208,-0.375819,0.0470208,162,0,-799.87,-516.065,1992.71,-2588.83,3229.97,-90.0912,18.2255,11281.3
122,0.0122,3280,5.06262e-14,0.166707,0.108922,-0.417388,0.186312,-0.0974587,0.0499091,-0.376157,0.0481532,-0.376157,0.0481532,162,0,-749.777,-505.557,1935.09,-2524.12,3102.77,-73.38,18.0148,11142
123,0.0123,3280,6.31717e-14,0.167688,0.111125,-0.399023,0.181017,-0.082876,0.0481192,-0.376341,0.0492247,-0.376341,0.0492247,162,0,-775.423,-510.928,1964.19,-2556.71,3167.55,-81.928,18.1231,11213.3
124,0.0124,3280,5.9508e-14,0.167742,0.114028,-0.373641,0.173849,-0.0610563,0.0453384,-0.37632,0.0502217,-0.37632,0.0502217,162,0,-788.502,-513.681,1979.49,-2573.44,3201,-86.2635,18.1791,11249.5
125,0.0125,3280,7.37188e-14,0.168752,0.117489,-0.353238,0.169293,-0.0442515,0.0424426,-0.376137,0.0511667,-0.376137,0.0511667,162,0,-771.35,-510.154,1960.91,-2551.83,3158.48,-80.4727,18.11,11202.5
126,0.0126,3280,4.77396e-14,0.170095,0.120659,-0.342145,0.168113,-0.0361708,0.0399705,-0.375869,0.0520876,-0.375869,0.0520876,162,0,-808.037,-517.87,2003.61,-2599.08,3252.08,-92.6531,18.2642,11304
127,0.0127,3280,5.36238e-14,0.172296,0.12298,-0.34368,0.170929,-0.0406449,0.0386611,-0.375618,0.053016,-0.375618,0.053016,162,0,-902.934,-537.437,2111.53,-2719.39,3491.73,-124.42,18.6482,11558.9
128,0.0128,3280,6.82787e-14,0.176401,0.124896,-0.355302,0.177005,-0.0560127,0.0385466,-0.37546,0.0539772,-0.37546,0.0539772,162,0,-898.779,-536.669,2107.14,-2714.28,3481.54,-122.906,18.632,11548.2
129,0.0129,3280,8.26006e-14,0.180333,0.126414,-0.366693,0.182293,-0.0709914,0.0387926,-0.375393,0.0549642,-0.375393,0.0549642,162,0,-790.502,-514.44,1984.47,-2576.99,3208.49,-86.465,18.1935,11256.5
130,0.013,3280,5.40679e-14,0.182645,0.126978,-0.376732,0.18591,-0.0834691,0.0393143,-0.375403,0.0559638,-0.375403,0.0559638,162,0,-701.488,-495.731,1882.07,-2462.1,2982.34,-56.7257,17.818,11006.5
131,0.0131,3280,6.03961e-14,0.184618,0.126654,-0.391665,0.190572,-0.100053,0.0405111,-0.375526,0.0569836,-0.375526,0.0569836,162,0,-690.723,-493.48,1869.4,-2448.02,2954.74,-53.0827,17.7724,10975.7
132,0.0132,3280,5.73985e-14,0.189622,0.126384,-0.409806,0.196978,-0.122305,0.0427992,-0.375784,0.0580361,-0.375784,0.0580361,162,0,-828.481,-522.507,2027.8,-2625.63,3304.64,-98.9307,18.3533,11361.1
133,0.0133,3280,8.08242e-14,0.199913,0.126748,-0.425146,0.20362,-0.147314,0.0465296,-0.376152,0.0591226,-0.376152,0.0591226,162,0,-1196.81,-595.953,2439.46,-3082.45,4226.79,-223.725,19.7602,12295.5
134,0.0134,3280,9.35918e-14,0.20838,0.126904,-0.4362,0.208703,-0.166903,0.0496951,-0.376597,0.0602306,-0.376597,0.0602306,162,0,-1471.4,-647.704,2736.25,-3409.23,4903.23,-318.312,20.7037,12922.5
135,0.0135,3280,6.03961e-14,0.214136,0.12727,-0.43761,0.210423,-0.174918,0.0515913,-0.377046,0.061335,-0.377046,0.061335,162,0,-1575.69,-666.817,2846.81,-3530.73,5157.9,-354.54,21.0431,13148.4
136,0.0136,3280,6.62803e-14,0.223473,0.128693,-0.431139,0.210396,-0.179196,0.0539486,-0.37744,0.062423,-0.37744,0.062423,162,0,-1826.88,-711.941,3115.94,-3821.89,5773.13,-442.323,21.8293,13671.1
137,0.0137,3280,7.63833e-14,0.237776,0.131281,-0.413088,0.207113,-0.178913,0.0572417,-0.377699,0.0634715,-0.377699,0.0634715,162,0,-2278.35,-790.072,3591.9,-4332.48,6869.93,-601.619,23.1441,14541
138,0.0138,3280,6.70575e-14,0.247733,0.133017,-0.404622,0.206163,-0.182319,0.059565,-0.377892,0.064498,-0.377892,0.064498,162,0,-2423.35,-814.509,3742.87,-4493.43,7220.08,-653.134,23.5629,14804.7
139,0.0139,3280,5.09592e-14,0.255315,0.134453,-0.408871,0.209194,-0.193617,0.0611868,-0.378114,0.0655316,-0.378114,0.0655316,162,0,-2257.36,-786.622,3572.58,-4310.09,6821.62,-594.178,23.116,14503.7
140,0.014,3280,6.30607e-14,0.267256,0.137089,-0.417933,0.214989,-0.213368,0.0634443,-0.378396,0.0665916,-0.378396,0.0665916,162,0,-2134.97,-765.854,3447.34,-4174.2,6527.92,-550.776,22.7564,14276
141,0.0141,3280,7.9492e-14,0.282196,0.14065,-0.428258,0.222356,-0.237217,0.0660067,-0.378747,0.0676885,-0.378747,0.0676885,162,0,-2416.82,-813.687,3741.1,-4487.99,7208.94,-650.593,23.5345,14794.8
142,0.0142,3280,7.37188e-14,0.28845,0.143818,-0.438477,0.229226,-0.251826,0.0654156,-0.379165,0.0688181,-0.379165,0.0688181,162,0,-2757.88,-870.065,4091.63,-4861.05,8027.62,-772.176,24.4331,15388.7
143,0.0143,3280,9.19265e-14,0.285538,0.147199,-0.437827,0.231861,-0.247511,0.060932,-0.379572,0.0699504,-0.379572,0.0699504,162,0,-2629.95,-849.119,3959.85,-4721.04,7720.34,-726.368,24.1138,15169.2
144,0.0144,3280,7.28306e-14,0.284832,0.15084,-0.433226,0.233291,-0.242706,0.0570899,-0.379942,0.0710768,-0.379942,0.0710768,162,0,-2302.26,-794.569,3620.13,-4359.17,6930.7,-609.546,23.2398,14585.3
145,0.0145,3280,5.87308e-14,0.289586,0.154383,-0.441372,0.239422,-0.254766,0.0555858,-0.380363,0.0722299,-0.380363,0.0722299,162,0,-2039.93,-749.788,3347.57,-4065.95,6297.33,-516.651,22.4964,14093
146,0.0146,3280,6.9722e-14,0.292664,0.157445,-0.454033,0.24666,-0.268929,0.0538842,-0.380864,0.0734165,-0.380864,0.0734165,162,0,-1752.28,-699.248,3043.94,-3738.03,5597.64,-415.567,21.6392,13521.2
147,0.0147,3280,6.32827e-14,0.304703,0.159886,-0.489821,0.262403,-0.313003,0.0563594,-0.3816,0.0746934,-0.3816,0.0746934,162,0,-1625.02,-676.326,2907.94,-3590.55,5286.26,-371.139,21.2417,13256.1
148,0.0148,3280,6.57252e-14,0.320613,0.161185,-0.521643,0.27565,-0.359503,0.0614637,-0.38254,0.0760421,-0.38254,0.0760421,162,0,-1884.32,-722.494,3187.36,-3890.91,5922.7,-462.036,22.0526,13790.2
149,0.0149,3280,6.92779e-14,0.331564,0.162447,-0.546411,0.286347,-0.393421,0.0646631,-0.383633,0.0774442,-0.383633,0.0774442,162,0,-1885.67,-722.671,3188.12,-3891.97,5925.31,-462.518,22.061,13792.3
150,0.015,3280,6.66134e-14,0.346915,0.163949,-0.579083,0.300927,-0.437016,0.0693699,-0.384927,0.0789242,-0.384927,0.0789242,162,0,-1976.95,-738.616,3281.31,-3994.04,6144.3,-494.527,22.3285,13970.4
151,0.0151,3280,7.01661e-14,0.3657,0.166545,-0.625693,0.322331,-0.49465,0.0744217,-0.386511,0.0805255,-0.386511,0.0805255,162,0,-1805.81,-708.49,3096.27,-3796.6,5723.9,-434.329,21.8012,13627.4
152,0.0152,3280,7.28306e-14,0.39369,0.168729,-0.692971,0.351757,-0.580172,0.0834597,-0.388514,0.0822983,-0.388514,0.0822983,162,0,-1899.05,-724.829,3193.31,-3902.23,5949.48,-467.122,22.0858,13813.7
153,0.0153,3280,8.40994e-14,0.395513,0.169092,-0.649007,0.3357,-0.546454,0.0838953,-0.390206,0.0839438,-0.390206,0.0839438,162,0,-1931.31,-730.431,3224.78,-3937.58,6025.61,-478.468,22.1861,13876.5
154,0.0154,3280,7.28306e-14,0.409344,0.170099,-0.654875,0.3396,-0.565583,0.088607,-0.391913,0.0855932,-0.391913,0.0855932,162,0,-1888.78,-722.931,3182.05,-3890.05,5924.02,-463.605,22.0662,13792.9
155,0.0155,3280,9.03722e-14,0.412151,0.170059,-0.638374,0.333234,-0.554489,0.0899383,-0.393493,0.0871806,-0.393493,0.0871806,162,0,-1753.5,-698.994,3041.79,-3736.65,5597.21,-416.276,21.6634,13521.2
156,0.0156,3280,8.43769e-14,0.415984,0.170702,-0.643951,0.335799,-0.562286,0.091146,-0.395088,0.0887642,-0.395088,0.0887642,162,0,-1199.87,-596.638,2443.1,-3083.53,4234.31,-224.448,19.8341,12300.9
157,0.0157,3280,9.14824e-14,0.431151,0.169935,-0.69217,0.353614,-0.617798,0.0980105,-0.396969,0.0904404,-0.396969,0.0904404,162,0,-1182.96,-593.398,2426.22,-3063.89,4193.97,-218.719,19.7788,12262
158,0.0158,3280,1.32339e-13,0.425991,0.16889,-0.636654,0.330462,-0.566805,0.0969557,-0.398476,0.09195,-0.398476,0.09195,162,0,-1244.5,-605.271,2492.17,-3137.33,4345.25,-239.728,19.9996,12407.1
159,0.0159,3280,7.28306e-14,0.43163,0.169984,-0.641713,0.33291,-0.574217,0.0980617,-0.399996,0.093456,-0.399996,0.093456,162,0,-1120.09,-581.275,2354.34,-2985.56,4035.26,-197.054,19.5548,12108.2
160,0.016,3280,9.32587e-14,0.428903,0.17251,-0.604509,0.320046,-0.538179,0.0948478,-0.401267,0.0948634,-0.401267,0.0948634,162,0,-898.9,-537.242,2108.69,-2711.7,3482.83,-121.994,18.7155,11547.4
161,0.0161,3280,7.81597e-14,0.438382,0.174435,-0.641552,0.335613,-0.575936,0.0972862,-0.40275,0.0963495,-0.40275,0.0963495,162,1,-858.734,-529.134,2065.66,-2661.99,3383.95,-108.39,18.5581,11442.3
162,0.0162,3280,1.0798e-13,0.439627,0.17614,-0.60934,0.323982,-0.550868,0.09672,-0.404553,0.0986636,-0.404553,0.0986636,162,1,-874.987,-532.61,2083.47,-2681.99,3424.41,-113.615,18.6217,11485.2
163,0.0163,3280,9.32587e-14,0.44154,0.178899,-0.580275,0.314459,-0.528509,0.0952509,-0.406176,0.100918,-0.406176,0.100918,162,1,-749.711,-506.687,1941.19,-2522.31,3108.03,-71.5465,18.1068,11142.9
164,0.0164,3280,1.27898e-13,0.435316,0.180352,-0.54977,0.302979,-0.495786,0.0915663,-0.407608,0.10309,-0.407608,0.10309,162,1,-708.749,-498.08,1896,-2470.12,3005.55,-57.8153,17.932,11027.3
165,0.0165,3280,6.92779e-14,0.430226,0.180046,-0.552749,0.302827,-0.49223,0.0897232,-0.409044,0.105245,-0.409044,0.105245,162,1,-959.815,-550.171,2184.7,-2790.95,3642.74,-141.768,18.9559,11709.8
166,0.0166,3280,8.08242e-14,0.426424,0.180602,-0.506985,0.284587,-0.453147,0.0877283,-0.410176,0.107271,-0.410176,0.107271,162,1,-1152.74,-588.37,2399.92,-3028.98,4125.34,-207.234,19.6794,12191.9
167,0.0167,3280,7.63833e-14,0.425232,0.181632,-0.470205,0.27043,-0.425104,0.0864389,-0.411054,0.109193,-0.411054,0.109193,162,1,-1035.5,-565.282,2271.16,-2885.8,3834.06,-167.408,19.2455,11903.8
168,0.0168,3280,1.06581e-13,0.425329,0.18172,-0.472803,0.270977,-0.43061,0.0864876,-0.411916,0.111103,-0.411916,0.111103,162,1,-920.444,-542.043,2147.38,-2745.07,3550.2,-128.764,18.8062,11611.8
169,0.0169,3280,9.05942e-14,0.425761,0.18132,-0.496933,0.279872,-0.453554,0.0869978,-0.412896,0.113056,-0.412896,0.113056,162,1,-809.036,-519.014,2022.23,-2604.67,3270.3,-91.5618,18.3568,11315
170,0.017,3280,8.52651e-14,0.432445,0.181712,-0.516745,0.288545,-0.47837,0.0891813,-0.413968,0.115052,-0.413968,0.115052,162,1,-810.719,-519.193,2023.5,-2606.36,3274.01,-92.2976,18.3639,11319.5
171,0.0171,3280,1.19016e-13,0.432693,0.181725,-0.505228,0.28498,-0.469182,0.0890954,-0.414945,0.11702,-0.414945,0.11702,162,1,-868.565,-530.972,2088.54,-2679.27,3419.44,-111.835,18.5985,11475.3
172,0.0172,3280,1.16795e-13,0.423471,0.180829,-0.481591,0.275758,-0.43893,0.0860528,-0.415756,0.118928,-0.415756,0.118928,162,1,-837.342,-524.461,2047.62,-2636.83,3335.68,-101.327,18.4675,11388.2
173,0.0173,3280,9.76996e-14,0.410592,0.179627,-0.463347,0.268277,-0.408559,0.0818416,-0.416442,0.12079,-0.416442,0.12079,162,1,-778.122,-512.078,1975.64,-2558.89,3181.82,-81.4963,18.2188,11223.5
174,0.0174,3280,1.03917e-13,0.404037,0.178918,-0.459785,0.267042,-0.396713,0.0797369,-0.417099,0.122649,-0.417099,0.122649,162,1,-831.013,-522.949,2041.62,-2629.06,3320.75,-99.4477,18.4443,11371.8
175,0.0175,3280,8.43769e-14,0.401858,0.178253,-0.45081,0.263644,-0.385708,0.0793976,-0.417704,0.124493,-0.417704,0.124493,162,1,-947.306,-546.595,2178.66,-2778.23,3618.66,-138.792,18.9122,11683
176,0.0176,3280,9.76996e-14,0.400288,0.176858,-0.443226,0.259695,-0.377176,0.0800367,-0.41827,0.12632,-0.41827,0.12632,162,1,-1072.16,-571.459,2318.82,-2933.13,3931.81,-181.136,19.3889,11999.5
177,0.0177,3280,9.85878e-14,0.397802,0.174852,-0.451939,0.26102,-0.381156,0.080933,-0.418905,0.128165,-0.418905,0.128165,162,1,-1200.83,-596.521,2462.56,-3090.66,4253.47,-225.064,19.872,12312.3
178,0.0178,3280,9.50906e-14,0.394133,0.17285,-0.481545,0.270147,-0.400503,0.0813151,-0.419741,0.130076,-0.419741,0.130076,162,1,-1312.06,-617.696,2590.95,-3227.56,4535.01,-263.441,20.2775,12575.4
179,0.0179,3280,1.48326e-13,0.392665,0.17242,-0.509944,0.28045,-0.420691,0.0809771,-0.420773,0.132057,-0.420773,0.132057,162,1,-1384.67,-631.176,2678.6,-3318.03,4722.16,-288.838,20.5372,12744.8
180,0.018,3280,1.3145e-13,0.394157,0.174084,-0.510942,0.282425,-0.421534,0.0797878,-0.421832,0.134057,-0.421832,0.134057,162,1,-1273.54,-610.087,2559.65,-3186.11,4449.45,-250.731,20.15,12491.7
181,0.0181,3280,1.04805e-13,0.397551,0.176773,-0.495188,0.278799,-0.410894,0.0784298,-0.422811,0.136036,-0.422811,0.136036,162,1,-1039.23,-564.634,2297.46,-2899.07,3863.31,-170.578,19.285,11925
182,0.0182,3280,9.14824e-14,0.399469,0.179667,-0.482438,0.276325,-0.401007,0.076238,-0.423723,0.137998,-0.423723,0.137998,162,1,-910.069,-538.688,2150.85,-2737.16,3537.79,-126.856,18.7784,11592.8
183,0.0183,3280,8.17124e-14,0.397759,0.182051,-0.499483,0.284567,-0.410638,0.0729252,-0.424746,0.140005,-0.424746,0.140005,162,1,-898.962,-536.292,2141.08,-2724.22,3512.37,-123.259,18.7414,11565
184,0.0184,3280,1.18128e-13,0.389213,0.183289,-0.530034,0.296114,-0.423877,0.0679183,-0.425955,0.142074,-0.425955,0.142074,162,1,-819.494,-519.923,2051.85,-2623.87,3312.74,-96.578,18.4249,11352.7
185,0.0185,3280,1.68754e-13,0.37941,0.183397,-0.564573,0.30732,-0.440261,0.0635068,-0.427364,0.144198,-0.427364,0.144198,162,1,-770.659,-509.743,1996.13,-2561.28,3189.16,-80.1714,18.221,11218.5
186,0.0186,3280,1.20792e-13,0.375611,0.18323,-0.597893,0.317644,-0.463781,0.0618305,-0.428958,0.146369,-0.428958,0.146369,162,1,-861.49,-528.546,2104.01,-2678.94,3422.83,-110.599,18.594,11468.2
187,0.0187,3280,1.36335e-13,0.377083,0.183154,-0.621601,0.324928,-0.48615,0.062213,-0.430667,0.148565,-0.430667,0.148565,162,1,-1033.85,-563.211,2306.22,-2898.24,3863.32,-168.982,19.2841,11918.9
188,0.0188,3280,2.15605e-13,0.38009,0.183062,-0.631254,0.328077,-0.499112,0.063213,-0.432398,0.150759,-0.432398,0.150759,162,1,-1192.95,-594.148,2489.64,-3096.12,4266.34,-223.475,19.8879,12311.1
189,0.0189,3280,1.48326e-13,0.381862,0.183176,-0.635938,0.330383,-0.506682,0.063649,-0.434116,0.152945,-0.434116,0.152945,162,1,-1181.94,-591.936,2478.8,-3083.43,4240.17,-219.844,19.8524,12285.8
190,0.019,3280,1.77192e-13,0.384173,0.184287,-0.640449,0.334297,-0.513953,0.0634534,-0.435816,0.155131,-0.435816,0.155131,162,1,-1078.4,-571.702,2362.58,-2956.39,3980.81,-184.608,19.4682,12034.1
191,0.0191,3280,9.59233e-14,0.387886,0.186235,-0.636783,0.336365,-0.515155,0.0632017,-0.43745,0.157307,-0.43745,0.157307,162,1,-1169.06,-589.182,2462.64,-3066.73,4206.35,-215.754,19.8207,12254.2
192,0.0192,3280,9.24816e-14,0.39257,0.188517,-0.626373,0.336575,-0.511416,0.063093,-0.438979,0.159463,-0.438979,0.159463,162,1,-1420.52,-636.601,2737.28,-3367.51,4828.45,-302.496,20.7278,12833.6
193,0.0193,3280,1.56652e-13,0.395811,0.190713,-0.62122,0.338426,-0.509967,0.0625952,-0.440441,0.16161,-0.440441,0.16161,162,1,-1532.28,-657.024,2858.47,-3498.96,5103.7,-341.464,21.1354,13078.3
194,0.0194,3280,1.78524e-13,0.39541,0.191731,-0.628652,0.343386,-0.51459,0.0618438,-0.44192,0.16377,-0.44192,0.16377,162,1,-1571.75,-663.941,2908.6,-3548.49,5207.39,-355.666,21.2961,13166.3
195,0.0195,3280,1.44773e-13,0.393108,0.19117,-0.637189,0.346392,-0.518706,0.061939,-0.443433,0.165933,-0.443433,0.165933,162,1,-1611.05,-670.869,2958.12,-3597.64,5310.36,-369.753,21.4254,13253.3
196,0.0196,3280,9.85462e-14,0.392222,0.190041,-0.643016,0.347165,-0.522982,0.0632248,-0.44497,0.16809,-0.44497,0.16809,162,1,-1593.75,-667.74,2940.54,-3577.99,5268.91,-363.795,21.357,13217.5
197,0.0197,3280,1.35003e-13,0.394319,0.189838,-0.652663,0.350211,-0.533696,0.0647712,-0.446566,0.170257,-0.446566,0.170257,162,1,-1469.51,-645.13,2804.88,-3431.75,4962.18,-320.529,20.9377,12948.9
198,0.0198,3280,8.43769e-14,0.399008,0.190961,-0.671816,0.358376,-0.55489,0.0659742,-0.448289,0.172469,-0.448289,0.172469,162,1,-1313.45,-616.117,2632.33,-3245.27,4574.53,-266.48,20.3972,12597.9
199,0.0199,3280,1.47438e-13,0.404913,0.192729,-0.694275,0.368934,-0.580369,0.066861,-0.450169,0.174744,-0.450169,0.174744,162,1,-1331.01,-619.377,2647.41,-3264.02,4614.27,-272.497,20.4413,12635.9
200,0.02,3280,1.10134e-13,0.406259,0.193624,-0.700396,0.372733,-0.587634,0.0665576,-0.452115,0.177043,-0.452115,0.177043,162,1,-1687.49,-684.609,3027.16,-3679.49,5486.23,-396.316,21.5928,13408.2
201,0.0201,3280,1.26454e-13,0.402072,0.194959,-0.688778,0.370119,-0.573125,0.0635386,-0.454024,0.17933,-0.454024,0.17933,162,1,-2090.73,-755.137,3449.35,-4136.3,6463.83,-538.113,22.7953,14207.3
202,0.0202,3280,1.18128e-13,0.40069,0.198306,-0.682592,0.371683,-0.565324,0.0596808,-0.455935,0.18163,-0.455935,0.18163,162,1,-2367.46,-801.842,3736,-4443.46,7130.94,-636.385,23.58,14719.4
203,0.0203,3280,1.13687e-13,0.404456,0.202146,-0.68757,0.378036,-0.572956,0.0574183,-0.457918,0.183974,-0.457918,0.183974,162,1,-2639.3,-846.678,4015.07,-4740.92,7783.38,-733.484,24.3215,15198.4
204,0.0204,3280,1.26232e-13,0.409182,0.204752,-0.702889,0.386472,-0.591316,0.0568871,-0.460032,0.186374,-0.460032,0.186374,162,1,-2721.37,-860.067,4097.24,-4829.22,7978.46,-762.822,24.5359,15338.5
205,0.0205,3280,1.27454e-13,0.413151,0.205542,-0.732375,0.397709,-0.621372,0.0579833,-0.462359,0.188846,-0.462359,0.188846,162,1,-2509.75,-825.498,3879.3,-4598.22,7470.29,-686.995,23.9692,14972.4
206,0.0206,3280,1.56986e-13,0.414361,0.204051,-0.748826,0.401671,-0.638094,0.0600799,-0.464807,0.191343,-0.464807,0.191343,162,1,-2499.74,-824.118,3869.84,-4588.06,7447.15,-683.16,23.9378,14955.8
207,0.0207,3280,8.26006e-14,0.416211,0.201,-0.761601,0.403108,-0.653298,0.0637511,-0.467345,0.193846,-0.467345,0.193846,162,1,-2956.21,-898.732,4335.35,-5083.24,8539.1,-846.284,25.106,15731.8
208,0.0208,3280,1.00905e-13,0.423479,0.201162,-0.796839,0.416853,-0.691076,0.0664858,-0.470102,0.196426,-0.470102,0.196426,162,1,-2887.25,-887.792,4263.49,-5008.35,8372.82,-821.308,24.9138,15617.4
209,0.0209,3280,1.22347e-13,0.431391,0.203851,-0.826997,0.43174,-0.7232,0.0669558,-0.473039,0.199083,-0.473039,0.199083,162,1,-2540.85,-831.294,3905.88,-4630.43,7540.12,-697.22,24.0141,15025.5
210,0.021,3280,9.32587e-14,0.438376,0.206579,-0.833875,0.43816,-0.734926,0.06681,-0.476006,0.201759,-0.476006,0.201759,162,1,-2561.46,-834.624,3924.08,-4651.41,7586.85,-704.567,24.0638,15060.2
211,0.0211,3280,1.07692e-13,0.450863,0.209205,-0.843144,0.445828,-0.755161,0.0687819,-0.479012,0.204459,-0.479012,0.204459,162,1,-3023.01,-909.39,4392.04,-5149.41,8688.3,-870.034,25.2671,15836.3
212,0.0212,3280,1.2701e-13,0.464602,0.211265,-0.855762,0.454112,-0.779801,0.0717815,-0.482071,0.207186,-0.482071,0.207186,162,1,-3742.13,-1021.74,5109.81,-5907.43,10391.4,-1129.97,27.0311,16948
213,0.0213,3280,1.38556e-13,0.478338,0.212246,-0.90431,0.4742,-0.834199,0.0761029,-0.485405,0.210016,-0.485405,0.210016,162,1,-4059.83,-1070.04,5421.24,-6235.49,11137.8,-1245.44,27.6958,17407.3
214,0.0214,3280,7.57172e-14,0.490795,0.209891,-0.959051,0.492716,-0.894097,0.0831949,-0.489054,0.212941,-0.489054,0.212941,162,1,-4551.67,-1143.74,5906.23,-6741.21,12295.1,-1424.77,28.8177,18089.8
215,0.0215,3280,1.30562e-13,0.496449,0.209554,-1.00892,0.510706,-0.940854,0.0858669,-0.492997,0.215962,-0.492997,0.215962,162,1,-4060.89,-1070.45,5427.89,-6239.41,11145.3,-1245.61,27.7033,17410.7
216,0.0216,3280,1.12799e-13,0.508161,0.208583,-1.05762,0.527964,-0.994609,0.0914387,-0.497236,0.219078,-0.497236,0.219078,162,1,-4287.96,-1104.67,5654.87,-6474.95,11682.6,-1328.35,28.2489,17731.3
217,0.0217,3280,1.04805e-13,0.528338,0.211462,-1.1244,0.556478,-1.0713,0.0967574,-0.501892,0.222363,-0.501892,0.222363,162,1,-4102.65,-1076.74,5476.75,-6286.2,11250.8,-1260.98,27.8208,17473.2
218,0.0218,3280,1.03029e-13,0.53985,0.214887,-1.15119,0.57064,-1.10542,0.0979884,-0.506726,0.225731,-0.506726,0.225731,162,1,-4183.24,-1088.58,5555,-6368.06,11439.2,-1290.56,27.9435,17586
219,0.0219,3280,1.26121e-13,0.54872,0.218994,-1.16357,0.580691,-1.12444,0.0974015,-0.511656,0.229162,-0.511656,0.229162,162,1,-4464.4,-1130.19,5822.83,-6651.45,12092,-1393.31,28.5082,17971.1
220,0.022,3280,8.60978e-14,0.557775,0.22264,-1.14813,0.58,-1.12128,0.09715,-0.516516,0.232591,-0.516516,0.232591,162,1,-5312.78,-1253.79,6646.83,-7508.31,14075,-1704.72,30.2006,19080.3
221,0.0221,3280,8.30447e-14,0.563591,0.227678,-1.14339,0.584401,-1.12184,0.0945039,-0.521378,0.236052,-0.521378,0.236052,162,1,-4977.71,-1205.02,6325.02,-7172.3,13295.3,-1581.88,29.5511,18653.2
222,0.0222,3280,1.16462e-13,0.574065,0.231103,-1.16845,0.598247,-1.15298,0.0953807,-0.526428,0.239604,-0.526428,0.239604,162,1,-4674.61,-1160.48,6033.76,-6866.95,12589.6,-1471.01,28.9521,18255.8
223,0.0223,3280,1.48326e-13,0.577479,0.23319,-1.20597,0.614384,-1.18641,0.0950826,-0.531745,0.243261,-0.531745,0.243261,162,1,-3705,-1014.81,5080.73,-5869.54,10310.4,-1117.52,26.8738,16894.1
224,0.0224,3280,1.05693e-13,0.60257,0.229037,-1.2773,0.638013,-1.27568,0.109109,-0.537535,0.247068,-0.537535,0.247068,162,1,-4524.41,-1138.52,5895.52,-6718.54,12245.5,-1416,28.6826,18057.5
225,0.0225,3280,9.41469e-14,0.611879,0.23127,-1.33706,0.662608,-1.33406,0.111165,-0.54372,0.251026,-0.54372,0.251026,162,1,-3077.39,-917.059,4461.09,-5212.1,8830.5,-890.571,25.4283,15929.1
226,0.0226,3280,1.40332e-13,0.632547,0.231521,-1.39674,0.685946,-1.40664,0.119407,-0.550289,0.255122,-0.550289,0.255122,162,1,-2816.63,-875.183,4200.22,-4933.88,8211.82,-797.021,24.7854,15502.6
227,0.0227,3280,1.35669e-13,0.668423,0.233843,-1.50265,0.730097,-1.53274,0.131662,-0.557512,0.259478,-0.557512,0.259478,162,1,-2468.72,-818.095,3840.86,-4553.36,7375.19,-672.645,23.8629,14901.8
228,0.0228,3280,1.3145e-13,0.674108,0.233898,-1.49179,0.726709,-1.53028,0.1338,-0.564646,0.263794,-0.564646,0.263794,162,1,-2539.47,-829.648,3911.81,-4629.76,7543.4,-697.979,24.0464,15025.6
229,0.0229,3280,1.00808e-13,0.694844,0.234099,-1.52123,0.73986,-1.57699,0.141549,-0.57192,0.268164,-0.57192,0.268164,162,1,-3106.44,-921.154,4487.1,-5240.81,8896.59,-901.463,25.4938,15974.5
230,0.023,3280,1.06137e-13,0.689417,0.236239,-1.45376,0.716854,-1.51449,0.137077,-0.578719,0.27236,-0.578719,0.27236,162,1,-3124.65,-923.767,4501.19,-5257.75,8936,-908.209,25.5264,16001.8
231,0.0231,3280,1.19904e-13,0.695391,0.237701,-1.42184,0.706744,-1.49359,0.137789,-0.585251,0.276455,-0.585251,0.276455,162,1,-3498.1,-982.072,4873.03,-5651.2,9819.75,-1043.29,26.412,16583.4
232,0.0232,3280,1.35891e-13,0.697262,0.235842,-1.38211,0.689181,-1.46439,0.140223,-0.591456,0.280401,-0.591456,0.280401,162,1,-4014.61,-1061.17,5387.35,-6190.27,11040.9,-1230.86,27.5868,17345.9
233,0.0233,3280,1.33615e-13,0.709424,0.234003,-1.39779,0.692515,-1.49118,0.146828,-0.59767,0.284325,-0.59767,0.284325,162,1,-4170.76,-1084.86,5547.41,-6354.64,11414.2,-1287.72,27.9472,17570
234,0.0234,3280,1.42109e-13,0.717695,0.231209,-1.38268,0.682681,-1.48944,0.152764,-0.603699,0.288146,-0.603699,0.288146,162,1,-4679.38,-1160.58,6051.6,-6877.72,12613.3,-1473.56,29.0759,18268.4
235,0.0235,3280,1.54543e-13,0.734466,0.232663,-1.4079,0.692869,-1.52886,0.158228,-0.609805,0.291994,-0.609805,0.291994,162,1,-4525.73,-1137.92,5905.41,-6723.24,12256.8,-1417.36,28.7952,18063.6
236,0.0236,3280,1.01696e-13,0.73811,0.235789,-1.38916,0.687838,-1.51628,0.157083,-0.615733,0.295782,-0.615733,0.295782,162,1,-4116.13,-1076.7,5504.46,-6303.55,11295.7,-1267.88,27.9004,17497.2
237,0.0237,3280,1.2701e-13,0.739329,0.241958,-1.35844,0.681853,-1.49038,0.152311,-0.621431,0.299513,-0.621431,0.299513,162,1,-3453.03,-975.008,4844.28,-5611.36,9727.98,-1027.24,26.3752,16521.2
238,0.0238,3280,1.07914e-13,0.739208,0.246846,-1.29378,0.662457,-1.4362,0.148039,-0.626708,0.303108,-0.626708,0.303108,162,1,-3457.8,-975.462,4845.27,-5613.95,9735.76,-1029.17,26.3771,16526.5
239,0.0239,3280,1.24345e-13,0.765936,0.252966,-1.30411,0.674258,-1.47337,0.153153,-0.632043,0.306766,-0.632043,0.306766,162,1,-3650.42,-1004.97,5036.09,-5814.96,10190.5,-1099.23,26.8219,16817
240,0.024,3280,1.32783e-13,0.798858,0.256607,-1.3337,0.691227,-1.53459,0.163018,-0.637565,0.31052,-0.637565,0.31052,162,1,-4109.51,-1074.78,5487.74,-6289.98,11270.6,-1266.18,27.8404,17482.9
241,0.0241,3280,1.73195e-13,0.843198,0.259965,-1.41605,0.728017,-1.65152,0.177856,-0.643608,0.314493,-0.643608,0.314493,162,1,-4301.29,-1103.61,5674.15,-6486.2,11719.6,-1336.05,28.2508,17751
242,0.0242,3280,1.05693e-13,0.860319,0.259267,-1.43108,0.733299,-1.68331,0.185894,-0.649759,0.318487,-0.649759,0.318487,162,1,-4328.46,-1107.87,5699.46,-6513.58,11782.2,-1345.72,28.3077,17788.2
243,0.0243,3280,9.32587e-14,0.877466,0.256752,-1.42682,0.728898,-1.70254,0.195765,-0.655908,0.322444,-0.655908,0.322444,162,1,-4404.19,-1119.55,5777.85,-6593.75,11963.9,-1373.1,28.5287,17894.6
244,0.0244,3280,1.50546e-13,0.939093,0.258631,-1.6106,0.802655,-1.91992,0.219141,-0.663224,0.326847,-0.663224,0.326847,162,1,-4002.64,-1059.63,5384.94,-6182.31,11021.8,-1226.4,27.6523,17333.5
245,0.0245,3280,1.25233e-13,0.933655,0.258669,-1.53818,0.774611,-1.85546,0.217375,-0.67013,0.331068,-0.67013,0.331068,162,1,-3688.84,-1011.93,5072.67,-5855.64,10280.2,-1112.18,26.939,16875.3
246,0.0246,3280,1.3145e-13,0.954134,0.257346,-1.53348,0.772667,-1.87475,0.226886,-0.677048,0.335267,-0.677048,0.335267,162,1,-4522.52,-1137.73,5894.23,-6715.57,12242.1,-1415.76,28.7813,18056.8
247,0.0247,3280,1.20792e-13,0.972629,0.261022,-1.52786,0.775195,-1.88931,0.231101,-0.68397,0.339471,-0.68397,0.339471,162,1,-4210.07,-1091.31,5582.45,-6392.9,11503.5,-1301.34,28.0826,17624.2
248,0.0248,3280,1.55431e-13,0.958573,0.26287,-1.38771,0.723221,-1.7591,0.223875,-0.690059,0.343342,-0.690059,0.343342,162,1,-4498.05,-1134.11,5867.53,-6688.89,12182.1,-1406.69,28.6924,18022
249,0.0249,3280,1.39444e-13,1.03467,0.269968,-1.57613,0.80497,-1.99243,0.247693,-0.697337,0.347701,-0.697337,0.347701,162,1,-4378.17,-1116.28,5748.16,-6565.26,11899,-1362.83,28.4466,17857.3
250,0.025,3280,1.3628e-13,0.98063,0.270709,-1.2944,0.695363,-1.70626,0.225784,-0.702889,0.351365,-0.702889,0.351365,162,1,-3994.61,-1058.71,5372.07,-6171.13,10998.1,-1222.93,27.6197,17319
251,0.0251,3280,1.27898e-13,1.08397,0.277816,-1.54747,0.801496,-2.02288,0.260736,-0.710007,0.355663,-0.710007,0.355663,162,1,-4056.37,-1068.1,5437.25,-6237,11147.4,-1245.39,27.7609,17408.9
252,0.0252,3280,1.20792e-13,1.01982,0.274332,-1.18397,0.654671,-1.66269,0.238854,-0.714874,0.359032,-0.714874,0.359032,162,1,-4376.98,-1116.35,5754.95,-6567.9,11903.5,-1362.13,28.4868,17858.4
253,0.0253,3280,1.34559e-13,1.14701,0.284969,-1.51307,0.793978,-2.0635,0.2798,-0.721759,0.363239,-0.721759,0.363239,162,1,-4022.77,-1063.25,5408.27,-6204.38,11072.1,-1232.86,27.7046,17362.4
254,0.0254,3280,1.54543e-13,1.0379,0.285462,-1.06552,0.618307,-1.58247,0.235913,-0.725866,0.366342,-0.725866,0.366342,162,1,-3127.62,-924.83,4507.4,-5261.35,8946.09,-908.285,25.6232,16007.3
255,0.0255,3280,1.84741e-13,1.21817,0.300313,-1.509,0.808361,-2.1365,0.293929,-0.732703,0.370602,-0.732703,0.370602,162,1,-3778.76,-1026.1,5159.98,-5947.62,10490.5,-1143.98,27.1609,17005.9
256,0.0256,3280,2.12275e-13,1.13192,0.304642,-1.1388,0.668137,-1.74409,0.255664,-0.737267,0.373981,-0.737267,0.373981,162,1,-3229.69,-940.805,4605.67,-5367.47,9184.79,-945.23,25.8743,16167.8
257,0.0257,3280,1.88294e-13,1.3232,0.326408,-1.61262,0.878049,-2.33017,0.311755,-0.744783,0.378638,-0.744783,0.378638,162,1,-3073.98,-915.756,4445.17,-5199.44,8811.17,-889.505,25.4736,15917.7
258,0.0258,3280,1.83409e-13,1.20264,0.328448,-1.08336,0.674006,-1.77327,0.261737,-0.749055,0.382021,-0.749055,0.382021,162,1,-2920.3,-890.851,4285.24,-5032.04,8440.68,-834.509,25.0657,15664.3
259,0.0259,3280,1.16795e-13,1.44543,0.347619,-1.71597,0.943282,-2.54743,0.340874,-0.75725,0.387055,-0.75725,0.387055,162,1,-3264.48,-945.368,4632.16,-5398.96,9259.58,-958.68,25.9025,16218.2
260,0.026,3280,1.15019e-13,1.31786,0.34073,-1.18548,0.728455,-1.98802,0.296853,-0.762177,0.390755,-0.762177,0.390755,162,1,-3734.71,-1018.36,5099.88,-5891.96,10371.2,-1128.83,26.9883,16932.8
261,0.0261,3280,1.22125e-13,1.55817,0.356502,-1.8461,1.004,-2.7821,0.378617,-0.77118,0.39615,-0.77118,0.39615,162,1,-3773.25,-1024.3,5140.3,-5933.42,10464.4,-1142.92,27.0779,16991.5
262,0.0262,3280,1.24567e-13,1.41923,0.351746,-1.26574,0.771613,-2.16965,0.328296,-0.776596,0.400105,-0.776596,0.400105,162,1,-3312.36,-952.992,4680.55,-5449.6,9373.38,-975.905,26.019,16292.9
263,0.0263,3280,1.66978e-13,1.62483,0.365202,-1.75352,0.97753,-2.78655,0.398381,-0.78501,0.405325,-0.78501,0.405325,162,1,-3650.82,-1005.54,5021.65,-5807.14,10178.1,-1098.57,26.8177,16811.7
264,0.0264,3280,9.85878e-14,1.54373,0.36348,-1.36438,0.823594,-2.38703,0.36815,-0.791007,0.409584,-0.791007,0.409584,162,1,-3444.14,-973.479,4814.88,-5589.51,9688.07,-1023.67,26.345,16497.7
265,0.0265,3280,1.42775e-13,1.64093,0.375387,-1.52959,0.901736,-2.62409,0.396218,-0.798013,0.414314,-0.798013,0.414314,162,1,-3288.5,-948.749,4663.72,-5426.88,9323.22,-967.876,25.9898,16258.1
266,0.0266,3280,1.15463e-13,1.60959,0.381003,-1.23511,0.793258,-2.35337,0.378873,-0.8032,0.41836,-0.8032,0.41836,162,1,-2972.32,-898.406,4339.47,-5086.61,8565.74,-853.94,25.2209,15748.7
267,0.0267,3280,1.47438e-13,1.70524,0.395154,-1.26063,0.819041,-2.47828,0.404606,-0.808535,0.422543,-0.808535,0.422543,162,1,-2789.04,-868.701,4153.8,-4889.14,8128.61,-788.254,24.7759,15444.4
268,0.0268,3280,1.76748e-13,1.73654,0.402419,-1.09149,0.760592,-2.38074,0.410985,-0.812809,0.426336,-0.812809,0.426336,162,1,-2704.37,-854.859,4074.4,-4800.63,7932.32,-758.022,24.5854,15303.6
269,0.0269,3280,2.12275e-13,1.76052,0.402056,-1.05261,0.743826,-2.37954,0.420998,-0.816846,0.430001,-0.816846,0.430001,162,1,-2857.66,-879.779,4234.71,-4968.55,8302.78,-812.885,25.005,15564.4
270,0.027,3280,1.1724e-13,1.82458,0.40821,-1.11156,0.771727,-2.49763,0.441196,-0.821277,0.433822,-0.821277,0.433822,162,1,-2114.59,-756.589,3475.67,-4155.86,6522.41,-547.926,23.0239,14249.1
271,0.0271,3280,1.06359e-13,1.63468,0.390447,-0.835151,0.642692,-2.06933,0.381453,-0.824041,0.436834,-0.824041,0.436834,162,1,-1652.1,-675.688,2983.89,-3628.06,5394.24,-385.126,21.6275,13327.3
272,0.0272,3280,1.26121e-13,1.73446,0.398882,-0.967232,0.703963,-2.28418,0.415254,-0.827639,0.440205,-0.827639,0.440205,162,1,-1906.36,-720.541,3258.22,-3921.19,6018.11,-474.499,22.4149,13845.8
273,0.0273,3280,1.1191e-13,1.29908,0.350703,-0.713271,0.551438,-1.59634,0.283503,-0.829631,0.442596,-0.829631,0.442596,162,1,-2255.53,-780.193,3626.06,-4314.01,6865.96,-598.276,23.4369,14513.1
274,0.0274,3280,1.24345e-13,1.39829,0.365223,-0.723433,0.572315,-1.71214,0.310417,-0.831595,0.445064,-0.831595,0.445064,162,1,-2348.92,-795.553,3721.21,-4416.18,7089.51,-631.784,23.694,14682.6
275,0.0275,3280,1.66089e-13,1.07118,0.329592,-0.606853,0.487705,-1.25085,0.209809,-0.832791,0.446982,-0.832791,0.446982,162,1,-2559.99,-830.156,3942.76,-4649.3,7600.31,-707.529,24.2557,15058.6
276,0.0276,3280,8.9706e-14,1.10673,0.332845,-0.691161,0.525095,-1.35666,0.220631,-0.834533,0.449137,-0.834533,0.449137,162,1,-2898.71,-884.933,4296.27,-5019.98,8417.87,-829.381,25.1418,15637.1
277,0.0277,3280,2.07834e-13,0.888942,0.30218,-0.853691,0.554008,-1.2438,0.159606,-0.837308,0.451482,-0.837308,0.451482,162,1,-3208.9,-934.089,4618.36,-5355.47,9164.45,-941.493,25.9462,16142
278,0.0278,3280,1.38556e-13,0.906968,0.301949,-0.958858,0.594303,-1.34992,0.167096,-0.840744,0.454078,-0.840744,0.454078,162,1,-3316.48,-951.019,4737.09,-5474.9,9429.76,-980.608,26.2668,16315.2
279,0.0279,3280,1.81188e-13,0.800237,0.289637,-0.988907,0.591825,-1.25489,0.135014,-0.844358,0.456654,-0.844358,0.456654,162,1,-3296.33,-947.889,4728.45,-5459.39,9392.48,-973.597,26.2948,16288.3
280,0.028,3280,1.06581e-13,0.777842,0.290725,-0.954684,0.579279,-1.20283,0.125175,-0.847735,0.459137,-0.847735,0.459137,162,1,-3129.6,-921.631,4564.65,-5284.27,8999.83,-913.54,25.9326,16026.4
281,0.0281,3280,8.79297e-14,0.731819,0.286825,-0.918645,0.56091,-1.12329,0.110123,-0.850845,0.461483,-0.850845,0.461483,162,1,-3187.47,-930.775,4626.62,-5347.56,9140.65,-934.48,26.073,16119.4
282,0.0282,3280,7.4607e-14,0.716428,0.288558,-0.854158,0.538399,-1.05418,0.102162,-0.853507,0.46366,-0.853507,0.46366,162,1,-3515.5,-981.776,4959.89,-5695.59,9922.62,-1053.38,26.8656,16628.4
283,0.0283,3280,1.00364e-13,0.694542,0.290654,-0.838676,0.535729,-1.01589,0.0909017,-0.856063,0.465809,-0.856063,0.465809,162,1,-3626.27,-998.644,5068.74,-5810.46,10183.1,-1093.71,27.1274,16794
284,0.0284,3280,1.19016e-13,0.685126,0.295808,-0.785241,0.521897,-0.96072,0.0819931,-0.858334,0.46788,-0.858334,0.46788,162,1,-3536.88,-984.735,4968.84,-5711.31,9961.8,-1061.18,26.8519,16655.2
285,0.0285,3280,1.61648e-13,0.661633,0.29624,-0.786474,0.523305,-0.933804,0.071785,-0.860725,0.469993,-0.860725,0.469993,162,1,-3596.3,-993.682,5024.29,-5771.35,10098.9,-1082.84,26.9649,16742.9
286,0.0286,3280,1.03473e-13,0.663636,0.297025,-0.770335,0.518077,-0.923386,0.0721518,-0.863174,0.472118,-0.863174,0.472118,162,1,-3448.34,-971.027,4874.41,-5615.4,9746.82,-1028.94,26.5613,16518.5
287,0.0287,3280,1.42844e-13,0.651902,0.292822,-0.776513,0.515411,-0.916708,0.0717798,-0.865787,0.474255,-0.865787,0.474255,162,1,-3520.85,-982.532,4947.75,-5692.37,9919.5,-1054.94,26.743,16629.8
288,0.0288,3280,1.57208e-13,0.648247,0.287809,-0.798911,0.517865,-0.9329,0.0757191,-0.868606,0.476414,-0.868606,0.476414,162,1,-3715.2,-1012.86,5140.8,-5895.99,10378.9,-1125.01,27.1599,16921.6
289,0.0289,3280,9.59233e-14,0.645435,0.283643,-0.838339,0.527909,-0.962443,0.0791767,-0.87166,0.478617,-0.87166,0.478617,162,1,-3657.1,-1004.38,5084.19,-5836.4,10242.8,-1103.51,27.0308,16836.3
290,0.029,3280,9.76996e-14,0.668206,0.283731,-0.901835,0.552452,-1.03869,0.088569,-0.875034,0.480935,-0.875034,0.480935,162,1,-3949.64,-1048.88,5386.01,-6146.12,10943.9,-1210.2,27.7519,17268.7
291,0.0291,3280,1.62759e-13,0.67951,0.284119,-0.930763,0.564874,-1.0731,0.0926815,-0.878515,0.483296,-0.878515,0.483296,162,1,-4595.05,-1145.03,6023.65,-6809.42,12463.5,-1446.12,29.1423,18165.8
292,0.0292,3280,1.05027e-13,0.710518,0.286191,-0.956463,0.579065,-1.12705,0.102842,-0.882094,0.485723,-0.882094,0.485723,162,1,-5897.79,-1332.49,7280.47,-8113.83,15499.3,-1925.46,31.6184,19813
293,0.0293,3280,1.12577e-13,0.736176,0.290821,-0.946351,0.582772,-1.14589,0.10856,-0.885518,0.488144,-0.885518,0.488144,162,1,-6337.71,-1394.69,7677.49,-8536.92,16498.8,-2087.25,32.3025,20324.3
294,0.0294,3280,1.39e-13,0.75768,0.293378,-0.985109,0.601698,-1.19884,0.114679,-0.889069,0.490643,-0.889069,0.490643,162,1,-6383.98,-1401.62,7699.23,-8572.16,16585.9,-2103.52,32.2785,20371.7
295,0.0295,3280,1.08913e-13,0.754043,0.292327,-1.0218,0.61411,-1.22311,0.114309,-0.892752,0.493176,-0.892752,0.493176,162,1,-6085.39,-1360.08,7415.32,-8279.25,15894.8,-1992.9,31.7413,20024.2
296,0.0296,3280,8.89844e-14,0.768205,0.293499,-1.08657,0.640121,-1.28996,0.119141,-0.896767,0.49584,-0.896767,0.49584,162,1,-5318.6,-1251.52,6680.65,-7518.9,14113.6,-1709.77,30.3113,19092.1
297,0.0297,3280,1.19016e-13,0.750595,0.289352,-1.04864,0.61988,-1.24211,0.116377,-0.900539,0.498367,-0.900539,0.498367,162,1,-4842.02,-1183.15,6214.68,-7038.52,12997.6,-1533.99,29.4155,18480.4
298,0.0298,3280,1.46105e-13,0.756632,0.284107,-1.13434,0.64573,-1.31898,0.124056,-0.904879,0.501054,-0.904879,0.501054,162,1,-4428.41,-1122.64,5815.46,-6620.82,12032.8,-1382.23,28.5762,17928.5
299,0.0299,3280,1.17541e-13,0.738635,0.278967,-1.09505,0.62403,-1.26932,0.121739,-0.909089,0.503628,-0.909089,0.503628,162,1,-4839.66,-1183.29,6222.1,-7041.45,13000.9,-1532.77,29.4503,18480.8
300,0.03,3280,9.99201e-14,0.764073,0.279152,-1.15698,0.648531,-1.34866,0.131498,-0.913733,0.506359,-0.913733,0.506359,162,1,-5365.95,-1259.46,6730.53,-7569.93,14228.3,-1726.12,30.5241,19154.5
301,0.0301,3280,1.20459e-13,0.766338,0.280601,-1.1692,0.655133,-1.36061,0.130609,-0.918427,0.509111,-0.918427,0.509111,162,1,-5530.51,-1282.68,6888.73,-7733.57,14611.1,-1787,30.7904,19358.3
302,0.0302,3280,1.58984e-13,0.779245,0.280699,-1.17472,0.658352,-1.37915,0.135259,-0.923098,0.511848,-0.923098,0.511848,162,1,-6558.86,-1427.13,7867.95,-8746.49,16993.5,-2167.09,32.6967,20574.4
303,0.0303,3280,1.58096e-13,0.793063,0.280331,-1.21532,0.674798,-1.42915,0.140833,-0.927957,0.514641,-0.927957,0.514641,162,1,-7529.4,-1560.11,8784.51,-9688.74,19232.9,-2527.58,34.3973,21642.9
304,0.0304,3280,1.51323e-13,0.794733,0.283984,-1.23289,0.684382,-1.44326,0.138677,-0.93286,0.517451,-0.93286,0.517451,162,1,-6001.05,-1348.78,7338.97,-8199.04,15703.4,-1961.17,31.639,19926.5
305,0.0305,3280,1.41193e-13,0.7985,0.282036,-1.2711,0.696393,-1.47999,0.142535,-0.938004,0.520318,-0.938004,0.520318,162,1,-5290.16,-1247.69,6662.4,-7495.53,14055.9,-1699.17,30.2863,19059.9
306,0.0306,3280,1.10134e-13,0.792993,0.28246,-1.24237,0.684597,-1.44931,0.14039,-0.942999,0.523104,-0.942999,0.523104,162,1,-3894.76,-1041.74,5297.16,-6074.45,10784,-1188.54,27.3713,17179.8
307,0.0307,3280,9.9476e-14,0.775143,0.279563,-1.18752,0.65955,-1.3833,0.136053,-0.947605,0.525697,-0.947605,0.525697,162,1,-3240.96,-940.747,4642.36,-5387.83,9234.23,-951.557,25.8448,16192.2
308,0.0308,3280,1.05693e-13,0.773306,0.277359,-1.15242,0.643541,-1.35274,0.137343,-0.951916,0.528147,-0.951916,0.528147,162,1,-3104.8,-919.28,4499.94,-5240.64,8905.79,-902.361,25.4951,15974.2
309,0.0309,3280,1.24345e-13,0.802041,0.277405,-1.23846,0.67813,-1.45478,0.148378,-0.956537,0.530713,-0.956537,0.530713,162,1,-3405.33,-966.362,4800.22,-5558.09,9617.9,-1010.99,26.2002,16445.4
310,0.031,3280,1.23457e-13,0.795091,0.277172,-1.17525,0.654439,-1.39432,0.14535,-0.960571,0.533052,-0.960571,0.533052,162,1,-3894.75,-1041.41,5284.84,-6068.17,10772.7,-1188.77,27.3025,17175.1
311,0.0311,3280,1.12799e-13,0.806994,0.283607,-1.18201,0.664569,-1.40827,0.143847,-0.964495,0.535386,-0.964495,0.535386,162,1,-3261.73,-943.306,4651.99,-5403.46,9273.2,-959.661,25.8471,16219.6
312,0.0312,3280,8.19345e-14,0.805398,0.287018,-1.1777,0.66676,-1.40021,0.139768,-0.96819,0.537644,-0.96819,0.537644,162,1,-3016.19,-904.124,4404.26,-5141.53,8688.93,-871.503,25.2498,15827
313,0.0313,3280,9.47853e-14,0.820037,0.289233,-1.21741,0.684052,-1.44835,0.14377,-0.971843,0.539877,-0.971843,0.539877,162,1,-2855.38,-878.231,4242.17,-4969.11,8306.17,-813.836,24.8479,15562.5
314,0.0314,3280,1.10134e-13,0.80398,0.285625,-1.21775,0.679557,-1.43248,0.140951,-0.975082,0.541901,-0.975082,0.541901,162,1,-2715.01,-855.721,4101.01,-4818.49,7972.24,-763.28,24.4918,15327.1
315,0.0315,3280,1.53211e-13,0.797242,0.2816,-1.17826,0.65882,-1.39594,0.142442,-0.978349,0.543895,-0.978349,0.543895,162,1,-2897.19,-885.373,4293.9,-5019.03,8414.4,-828.551,24.972,15635.9
316,0.0316,3280,1.1488e-13,0.761805,0.275964,-1.13836,0.635414,-1.32631,0.133803,-0.981333,0.545721,-0.981333,0.545721,162,1,-2685.59,-851.273,4084.26,-4793.55,7914.01,-752.613,24.4453,15282.8
317,0.0317,3280,1.58096e-13,0.756986,0.274832,-1.13169,0.630569,-1.31757,0.133045,-0.984379,0.547557,-0.984379,0.547557,162,1,-2669.83,-848.633,4073.72,-4779.06,7881.32,-747.1,24.4167,15258.1
318,0.0318,3280,1.10134e-13,0.727656,0.27362,-1.09508,0.614602,-1.25522,0.122063,-0.987163,0.549278,-0.987163,0.549278,162,1,-2661.27,-847.002,4066.46,-4770.17,7862.14,-744.232,24.3964,15243.8
319,0.0319,3280,1.26121e-13,0.719968,0.27345,-1.06865,0.605253,-1.22587,0.118446,-0.989487,0.550831,-0.989487,0.550831,162,1,-3358.24,-957.787,4772.37,-5515.75,9523.36,-995.319,26.1149,16377.5
320,0.032,3280,8.81517e-14,0.690758,0.270709,-1.01787,0.584132,-1.15144,0.108286,-0.99184,0.552397,-0.99184,0.552397,162,1,-4152.84,-1078.99,5562.17,-6343.42,11400.5,-1284.25,27.9493,17549
321,0.0321,3280,1.30562e-13,0.671003,0.271164,-0.991957,0.575594,-1.10653,0.0991313,-0.994002,0.553895,-0.994002,0.553895,162,1,-4094.09,-1069.82,5503.32,-6282.04,11261.2,-1263.17,27.7952,17465.2
322,0.0322,3280,1.21736e-13,0.655651,0.270212,-1.01512,0.583291,-1.10776,0.0936748,-0.996537,0.55552,-0.996537,0.55552,162,1,-3433.41,-968.831,4846.74,-5593.95,9700.54,-1023.23,26.2879,16492.2
323,0.0323,3280,1.11022e-13,0.649695,0.26605,-1.03955,0.587646,-1.12211,0.0955719,-0.998994,0.557076,-0.998994,0.557076,162,1,-3026.39,-905.125,4439.34,-5163.72,8735.31,-876.103,25.3217,15851.8
324,0.0324,3280,2.10942e-13,0.64544,0.262155,-1.01804,0.574256,-1.1011,0.098137,-1.00152,0.558621,-1.00152,0.558621,162,1,-2907.64,-886.354,4318.32,-5036.41,8451.59,-833.216,25.0289,15657.6
325,0.0325,3280,1.59428e-13,0.656142,0.259831,-1.03862,0.578981,-1.12974,0.105149,-1.00435,0.560253,-1.00435,0.560253,162,1,-2876.12,-881.366,4286.21,-5002.57,8376.3,-821.846,24.9525,15605.7
326,0.0326,3280,9.68114e-14,0.665967,0.261096,-1.00585,0.567139,-1.11351,0.108354,-1.00716,0.561884,-1.00716,0.561884,162,1,-2758.51,-862.323,4164.7,-4874.72,8093.69,-779.689,24.6532,15408.2
327,0.0327,3280,1.15463e-13,0.697251,0.265328,-1.00398,0.571568,-1.14544,0.116891,-1.00995,0.563543,-1.00995,0.563543,162,1,-3116.77,-919.359,4527.25,-5258.46,8947.64,-908.865,25.5488,15996.8
328,0.0328,3280,1.15463e-13,0.738348,0.273963,-1.00108,0.580638,-1.18637,0.125041,-1.013,0.56537,-1.013,0.56537,162,1,-3334.35,-953.053,4744.03,-5487.59,9462.79,-987.952,26.0942,16338.9
329,0.0329,3280,1.66533e-13,0.748999,0.281682,-0.930917,0.562037,-1.13806,0.121915,-1.01584,0.56717,-1.01584,0.56717,162,1,-3180.47,-928.463,4580.97,-5319.63,9089.54,-932.62,25.6847,16093.2
330,0.033,3280,1.28786e-13,0.750909,0.286864,-0.756733,0.50015,-0.99889,0.117884,-1.01759,0.568585,-1.01759,0.568585,162,1,-3707.63,-1009.93,5105.86,-5872.59,10336.6,-1123.86,26.9097,16899.9
331,0.0331,3280,1.50102e-13,0.768984,0.290784,-0.737746,0.49622,-1.00373,0.121642,-1.01908,0.569921,-1.01908,0.569921,162,1,-3875.89,-1035.37,5273.04,-6047.5,10734.2,-1185.28,27.3346,17147.2
332,0.0332,3280,1.47438e-13,0.778258,0.293841,-0.684835,0.477562,-0.972502,0.123089,-1.02012,0.571087,-1.02012,0.571087,162,1,-3316.21,-949.311,4715.86,-5461.85,9410.65,-982.034,26.0144,16305.7
333,0.0333,3280,9.37028e-14,0.775637,0.294674,-0.621265,0.4526,-0.919684,0.121629,-1.02083,0.572122,-1.02083,0.572122,162,1,-3016.85,-902.227,4409.64,-5141.33,8694.61,-873.712,25.2889,15827.6
334,0.0334,3280,7.99361e-14,0.803234,0.297355,-0.554679,0.429093,-0.899977,0.130535,-1.02128,0.573069,-1.02128,0.573069,162,1,-3409.65,-963.908,4809.58,-5560.47,9632.56,-1015.72,26.2449,16450.9
335,0.0335,3280,1.82965e-13,0.829807,0.300869,-0.577412,0.441286,-0.949912,0.137984,-1.02199,0.574137,-1.02199,0.574137,162,1,-3127.55,-919.689,4522.52,-5259.86,8959.34,-913.624,25.571,16007
336,0.0336,3280,1.29674e-13,0.870759,0.307972,-0.578181,0.449917,-0.997808,0.147559,-1.02272,0.575265,-1.02272,0.575265,162,1,-3053.04,-907.627,4447.16,-5180.01,8781.83,-886.937,25.3881,15887
337,0.0337,3280,1.62537e-13,0.917104,0.316584,-0.589537,0.465411,-1.05822,0.15744,-1.02358,0.576511,-1.02358,0.576511,162,1,-3127.66,-919.115,4515.45,-5255.72,8953.14,-913.989,25.5622,16004.2
338,0.0338,3280,1.37668e-13,0.968426,0.323905,-0.602112,0.481109,-1.12397,0.170351,-1.02456,0.577878,-1.02456,0.577878,162,1,-3844.85,-1029.7,5229.93,-6007.56,10649.8,-1174.26,27.2156,17096.7
339,0.0339,3280,1.75859e-13,1.00073,0.329655,-0.600249,0.487993,-1.15815,0.177808,-1.02547,0.579279,-1.02547,0.579279,162,1,-4128.09,-1072.12,5504.58,-6297.36,11312.3,-1277.72,27.8244,17500.8
340,0.034,3280,1.43885e-13,1.02854,0.331688,-0.602978,0.491294,-1.19268,0.187852,-1.02622,0.580644,-1.02622,0.580644,162,1,-3972.21,-1048.79,5354.11,-6138.42,10948.3,-1220.89,27.5125,17280.2
341,0.0341,3280,1.34115e-13,1.06844,0.334536,-0.631018,0.504679,-1.26065,0.202561,-1.02697,0.582028,-1.02697,0.582028,162,1,-3477.7,-973.459,4864.51,-5624.21,9781.73,-1041,26.3919,16549.3
342,0.0342,3280,1.26121e-13,1.06641,0.334472,-0.512045,0.457256,-1.16552,0.203335,-1.02698,0.583107,-1.02698,0.583107,162,1,-3137.5,-920.504,4526.75,-5266.57,8977.58,-917.853,25.5934,16019.9
343,0.0343,3280,1.30118e-13,1.10637,0.337478,-0.515818,0.461438,-1.21393,0.217783,-1.0271,0.584235,-1.0271,0.584235,162,1,-2912.53,-884.89,4300.6,-5026.87,8442.91,-836.696,25.0445,15655.5
344,0.0344,3280,1.1191e-13,1.12889,0.341473,-0.498121,0.459006,-1.22387,0.223737,-1.0272,0.585362,-1.0272,0.585362,162,1,-2578.64,-830.702,3961.05,-4665.63,7644.84,-716.988,24.1872,15089.2
345,0.0345,3280,1.03917e-13,1.13989,0.346848,-0.382061,0.420549,-1.1425,0.223298,-1.02648,0.586202,-1.02648,0.586202,162,1,-2749.17,-858.175,4135.69,-4850.48,8053.45,-778.409,24.6352,15381.6
346,0.0346,3280,1.04361e-13,1.19797,0.359522,-0.352595,0.424305,-1.18057,0.234827,-1.02538,0.586993,-1.02538,0.586993,162,1,-2737.65,-855.866,4122.64,-4836.66,8024.57,-774.692,24.6063,15360.8
347,0.0347,3280,1.27454e-13,1.23663,0.371162,-0.318025,0.424846,-1.19251,0.23929,-1.02386,0.587718,-1.02386,0.587718,162,1,-2613.74,-835.238,3995.29,-4700.96,7726.97,-730.701,24.2859,15147
348,0.0348,3280,1.56319e-13,1.22269,0.377301,-0.16821,0.373046,-1.05644,0.228123,-1.02121,0.58806,-1.02121,0.58806,162,1,-2386.84,-797.49,3762.15,-4451.94,7182.01,-649.939,23.6863,14745.6
349,0.0349,3280,9.59233e-14,1.24945,0.380955,-0.143384,0.36652,-1.06775,0.23573,-1.01825,0.588317,-1.01825,0.588317,162,1,-2522.27,-819.813,3910.86,-4605.05,7516,-698.605,24.0827,14990.7
350,0.035,3280,1.50324e-13,1.16617,0.371084,-0.311281,0.419339,-1.10774,0.210615,-1.01628,0.58888,-1.01628,0.58888,162,1,-1723.24,-683.657,3078.34,-3711.54,5584.22,-415.373,21.8073,13475.6
351,0.0351,3280,1.41998e-13,1.12283,0.363141,-0.490503,0.478594,-1.20284,0.199937,-1.01538,0.589795,-1.01538,0.589795,162,1,-1415.53,-627.973,2751.82,-3355.1,4833.03,-308.112,20.8424,12819.2
352,0.0352,3280,1.37224e-13,0.99442,0.339511,-0.918145,0.617372,-1.39967,0.168195,-1.0171,0.591543,-1.0171,0.591543,162,1,-1219.43,-591.016,2539.89,-3122.11,4350,-240.617,20.1925,12371.2
353,0.0353,3280,1.4122e-13,0.983557,0.333509,-1.29939,0.758714,-1.68932,0.16779,-1.02119,0.59415,-1.02119,0.59415,162,1,-1354.32,-615.766,2691.81,-3284.75,4688,-287.938,20.6999,12684.8
354,0.0354,3280,9.41469e-14,0.986394,0.334635,-1.43128,0.81178,-1.79557,0.166768,-1.02615,0.597083,-1.02615,0.597083,162,1,-1994.63,-729.156,3384.94,-4027.59,6262.83,-513.394,22.7675,14026.1
355,0.0355,3280,1.36779e-13,1.0019,0.34239,-1.46167,0.832675,-1.83549,0.165285,-1.03134,0.600134,-1.03134,0.600134,162,1,-2288.78,-778.301,3692.97,-4355.5,6975.1,-618.598,23.636,14579.4
356,0.0356,3280,1.42941e-13,1.0221,0.350561,-1.48965,0.853515,-1.87902,0.165352,-1.03666,0.603283,-1.03666,0.603283,162,1,-2868.03,-872.278,4286.11,-4985.29,8363.41,-826.814,25.204,15586.4
357,0.0357,3280,1.61648e-13,1.0053,0.355272,-1.48215,0.856031,-1.85408,0.153936,-1.04187,0.606429,-1.04187,0.606429,162,1,-3337.92,-945.832,4752.88,-5481.07,9474.82,-996.964,26.3924,16336.7
358,0.0358,3280,2.25597e-13,1.00443,0.358031,-1.53527,0.87976,-1.89683,0.150932,-1.04738,0.609717,-1.04738,0.609717,162,1,-3733.93,-1006.71,5146.98,-5895.25,10411.2,-1140.86,27.3861,16935.5
359,0.0359,3280,1.59872e-13,0.979755,0.357515,-1.54873,0.884615,-1.8813,0.14128,-1.05291,0.613015,-1.05291,0.613015,162,1,-4458.33,-1114.98,5874,-6647.09,12127.7,-1405.97,29.0598,17966
360,0.036,3280,1.67769e-13,0.935563,0.356497,-1.44958,0.844938,-1.75407,0.124507,-1.05771,0.616019,-1.05771,0.616019,162,1,-4773.05,-1161.04,6189.25,-6970.53,12872.4,-1521.73,29.7507,18390.5
361,0.0361,3280,1.22236e-13,0.895905,0.359074,-1.26024,0.774483,-1.55904,0.106454,-1.06121,0.618522,-1.06121,0.618522,162,1,-5331.5,-1241.15,6755.95,-7543.65,14199.2,-1728.24,30.8833,19116
362,0.0362,3280,1.3145e-13,0.861365,0.363584,-1.07825,0.709137,-1.37478,0.0887641,-1.06354,0.620599,-1.06354,0.620599,162,1,-5667.71,-1288.64,7090.14,-7883,14991.2,-1852.87,31.4486,19534
363,0.0363,3280,9.9365e-14,0.87236,0.381184,-0.85926,0.646174,-1.20745,0.0771013,-1.06459,0.622303,-1.06459,0.622303,162,1,-5309.43,-1237.62,6740.51,-7523.69,14152.9,-1720.61,30.6794,19089.3
364,0.0364,3280,1.1946e-13,0.892226,0.398023,-0.733353,0.618285,-1.1234,0.0693082,-1.0649,0.623825,-1.0649,0.623825,162,1,-5341.21,-1241.74,6771.26,-7554.76,14226.8,-1732.75,30.7375,19128.5
365,0.0365,3280,1.60316e-13,0.921541,0.419197,-0.594804,0.59116,-1.03956,0.0614921,-1.06433,0.625141,-1.06433,0.625141,162,1,-5220.99,-1224.21,6655.4,-7434.05,13946.7,-1688.74,30.5399,18976.7
366,0.0366,3280,1.51879e-13,0.940765,0.433179,-0.529727,0.58272,-1.00655,0.0566121,-1.06326,0.626352,-1.06326,0.626352,162,1,-4795.7,-1162.92,6236.11,-7002.98,12947.3,-1531.96,29.6717,18426
367,0.0367,3280,1.15463e-13,0.974419,0.450747,-0.387058,0.548667,-0.927934,0.0548459,-1.06113,0.627284,-1.06113,0.627284,162,1,-3829.3,-1020.05,5294.16,-6017.74,10683.5,-1177.8,27.5872,17091.6
368,0.0368,3280,1.33737e-13,1.007,0.46119,-0.373669,0.555975,-0.95251,0.0591626,-1.05882,0.628236,-1.05882,0.628236,162,1,-3199.29,-923.47,4673.64,-5361.87,9199.61,-948.708,26.1113,16139.7
369,0.0369,3280,1.29952e-13,1.04506,0.469702,-0.437829,0.590771,-1.04529,0.0670954,-1.05682,0.629395,-1.05682,0.629395,162,1,-2948.15,-884.095,4421.95,-5095.65,8603.78,-857.791,25.4946,15737.5
370,0.037,3280,1.36779e-13,1.10078,0.493206,-0.249716,0.546643,-0.956898,0.0687265,-1.05344,0.630196,-1.05344,0.630196,162,1,-2697.35,-844.081,4160.18,-4822.71,7998.82,-767.189,24.8065,15316.9
371,0.0371,3280,2.08278e-13,1.11541,0.509947,-0.0858046,0.503073,-0.84196,0.0594986,-1.04886,0.630636,-1.04886,0.630636,162,1,-2685.25,-841.816,4159.47,-4814.93,7980.21,-763.334,24.7983,15300.3
372,0.0372,3280,1.3145e-13,1.15316,0.527527,0.0296281,0.479114,-0.792102,0.0585352,-1.04353,0.630889,-1.04353,0.630889,162,1,-3143.98,-914.253,4642.87,-5314.87,9090.8,-929.671,26.0147,16061.6
373,0.0373,3280,1.40332e-13,1.17035,0.538678,0.0521304,0.483557,-0.794731,0.0548886,-1.03801,0.631122,-1.03801,0.631122,162,1,-3470.36,-964.515,4976.6,-5661.79,9870.87,-1048.56,26.8011,16571.1
374,0.0374,3280,1.03029e-13,1.16999,0.548135,0.121373,0.468777,-0.741254,0.045589,-1.03198,0.631212,-1.03198,0.631212,162,1,-3824.09,-1018,5341.78,-6036.65,10718.9,-1178.08,27.6411,17102
375,0.0375,3280,1.40332e-13,1.18456,0.559332,0.198799,0.452601,-0.698734,0.0409941,-1.02517,0.631079,-1.02517,0.631079,162,1,-3817.07,-1016.72,5343.52,-6033.5,10710.1,-1175.98,27.6713,17094.7
376,0.0376,3280,9.81437e-14,1.18895,0.567174,0.231718,0.448983,-0.68216,0.0356444,-1.01782,0.630809,-1.01782,0.630809,162,1,-3853.91,-1022.22,5395.43,-6079.28,10810.9,-1189.86,27.8221,17153.8
377,0.0377,3280,1.7053e-13,1.19143,0.573911,0.265638,0.443459,-0.663298,0.0309779,-1.00995,0.630394,-1.00995,0.630394,162,1,-3354.84,-946.451,4896.58,-5558.07,9629.22,-1007.81,26.7053,16407.5
378,0.0378,3280,1.2168e-13,1.18878,0.581258,0.289923,0.44232,-0.645558,0.0233905,-1.00163,0.629865,-1.00163,0.629865,162,1,-3589.36,-982.283,5154.8,-5815.58,10206.2,-1093.79,27.349,16772.5
379,0.0379,3280,1.16795e-13,1.24035,0.602565,0.400024,0.425776,-0.619646,0.0253538,-0.99222,0.629059,-0.99222,0.629059,162,1,-3329.58,-942.673,4880.41,-5536.32,9577.77,-998.801,26.6891,16372.6
380,0.038,3280,1.77303e-13,1.28234,0.6232,0.459161,0.427126,-0.620457,0.0236057,-0.98228,0.628173,-0.98228,0.628173,162,1,-3462.87,-963.059,5020.24,-5679.34,9899.54,-1047.54,27.025,16579.4
381,0.0381,3280,1.24623e-13,1.3328,0.644408,0.547978,0.418514,-0.606885,0.0248741,-0.971715,0.627172,-0.971715,0.627172,162,1,-3393.23,-952.361,4944.16,-5603.04,9728.86,-1022.09,26.8394,16471.1
382,0.0382,3280,1.40332e-13,1.35323,0.657112,0.579575,0.421273,-0.604098,0.021818,-0.96105,0.626192,-0.96105,0.626192,162,1,-3269.11,-933.465,4800.58,-5463.07,9417.24,-976.304,26.4634,16272.2
383,0.0383,3280,1.59872e-13,1.39351,0.672085,0.629135,0.419547,-0.609176,0.0249914,-0.950108,0.625174,-0.950108,0.625174,162,1,-3684.74,-997.385,5225.87,-5903.61,10410.6,-1127.46,27.4486,16907.3
384,0.0384,3280,1.69753e-13,1.40386,0.674377,0.590473,0.435224,-0.653726,0.0281887,-0.939251,0.624168,-0.939251,0.624168,162,1,-3710.38,-1001.89,5250.09,-5930.19,10470.2,-1136.1,27.4923,16945.3
385,0.0385,3280,1.52711e-13,1.41518,0.676838,0.558545,0.448415,-0.69374,0.0317092,-0.928359,0.623143,-0.928359,0.623143,162,1,-3501.12,-970.522,5038.56,-5710.82,9972.71,-1059.2,27.0122,16632.2
386,0.0386,3280,1.29008e-13,1.40693,0.672641,0.47059,0.474416,-0.757166,0.0333305,-0.917569,0.622134,-0.917569,0.622134,162,1,-3231.85,-929.699,4749.83,-5418.9,9317.33,-960.216,26.2928,16211.1
387,0.0387,3280,1.27898e-13,1.40711,0.67195,0.404484,0.496446,-0.811945,0.035015,-0.906819,0.621108,-0.906819,0.621108,162,1,-2672.27,-841.57,4161.44,-4810.47,7964.06,-757.149,24.8298,15288.9
388,0.0388,3280,9.63674e-14,1.41334,0.674452,0.284391,0.542455,-0.915025,0.0356031,-0.896442,0.620222,-0.896442,0.620222,162,1,-2710.9,-848.097,4199.38,-4851.91,8055.25,-770.672,24.9352,15354.5
389,0.0389,3280,1.36779e-13,1.45734,0.692227,0.277596,0.564894,-0.967521,0.0370094,-0.885453,0.619202,-0.885453,0.619202,162,1,-3022.06,-897.776,4517.8,-5187.23,8800.22,-882.798,25.7448,15870.8
390,0.039,3280,1.05693e-13,1.48731,0.705738,0.183181,0.614923,-1.07532,0.0366158,-0.875113,0.618512,-0.875113,0.618512,162,1,-3365.4,-951.663,4857.74,-5548.56,9611.25,-1006.78,26.5747,16411.3
391,0.0391,3280,1.37002e-13,1.52705,0.722527,0.145456,0.64778,-1.15078,0.0375153,-0.864825,0.617944,-0.864825,0.617944,162,1,-3306.75,-942.797,4790.78,-5483.13,9464.86,-985.135,26.4273,16317.8
392,0.0392,3280,1.03917e-13,1.55755,0.735151,-0.00417304,0.717203,-1.30579,0.038416,-0.855877,0.617946,-0.855877,0.617946,162,1,-3620.2,-991.283,5107.57,-5814.19,10210.6,-1098.89,27.2067,16797.1
393,0.0393,3280,1.19016e-13,1.61436,0.757014,0.0172644,0.733587,-1.35649,0.0423476,-0.846994,0.618112,-0.846994,0.618112,162,1,-3004.49,-896.176,4466.14,-5153.75,8728.38,-874.747,25.7051,15831.6
394,0.0394,3280,1.03029e-13,1.61473,0.755962,-0.278039,0.840617,-1.59657,0.0442555,-0.840178,0.619047,-0.840178,0.619047,162,1,-2560.24,-825.479,3997.98,-4668,7652.61,-714.013,24.5379,15080.3
395,0.0395,3280,1.12799e-13,1.68032,0.778652,-0.358588,0.895618,-1.73741,0.050989,-0.833764,0.6203,-0.833764,0.6203,162,1,-2119.32,-752.554,3528.37,-4175.82,6578.73,-556.069,23.3351,14277.2
396,0.0396,3280,9.9476e-14,1.71404,0.791278,-0.706445,1.03775,-2.05346,0.0536229,-0.829589,0.622492,-0.829589,0.622492,162,1,-2294.31,-782.279,3707.12,-4369.05,6998.49,-618.056,23.8009,14601.1
397,0.0397,3280,1.07025e-13,1.7652,0.811022,-0.919152,1.13821,-2.28176,0.0569124,-0.826572,0.625241,-0.826572,0.625241,162,1,-2227.66,-771.058,3640.52,-4296.66,6840.12,-594.482,23.6796,14480.3
398,0.0398,3280,1.03723e-13,1.82971,0.838503,-1.23586,1.28541,-2.60618,0.0589343,-0.825626,0.62893,-0.825626,0.62893,162,1,-1891.83,-714.08,3262.63,-3907.43,6003.03,-474.577,22.5825,13827.4
399,0.0399,3280,8.70415e-14,1.77405,0.823086,-1.85327,1.49556,-3.03252,0.0503503,-0.828681,0.633953,-0.828681,0.633953,162,1,-2329.59,-788.451,3722.55,-4398.27,7064.79,-630.054,23.9362,14657.9
400,0.04,3280,1.56319e-13,1.99262,0.90494,-1.90599,1.60703,-3.3189,0.0657186,-0.83246,0.639783,-0.83246,0.639783,162,1,-2731.91,-854.36,4146.02,-4842.54,8039.73,-774.339,24.9619,15367.3
401,0.0401,3280,1.84741e-13,1.74486,0.816289,-2.67539,1.79028,-3.65326,0.0455754,-0.840924,0.646672,-0.840924,0.646672,162,1,-3214.59,-931.27,4650.05,-5366.58,9204.08,-948.437,26.2057,16161.5
402,0.0402,3280,1.79412e-13,2.06983,0.936545,-2.6285,1.90697,-3.98152,0.0704103,-0.848917,0.654177,-0.848917,0.654177,162,1,-3214.95,-931.894,4649.18,-5367.08,9204.07,-947.944,26.2496,16162.6
403,0.0403,3280,1.35003e-13,1.76231,0.822963,-3.01521,1.92008,-3.94691,0.0493459,-0.858788,0.661535,-0.858788,0.661535,162,1,-2255.97,-777.713,3628.41,-4309.78,6871.85,-601.744,23.5383,14518.5
404,0.0404,3280,1.51212e-13,1.42382,0.692659,-2.89382,1.72874,-3.47131,0.0291035,-0.867818,0.66768,-0.867818,0.66768,162,1,-2948.47,-890.945,4387.23,-5087.36,8575.86,-850.5,25.5229,15736.3
405,0.0405,3280,1.91847e-13,2.13305,0.959508,-3.2455,2.155,-4.54486,0.0786067,-0.879044,0.676483,-0.879044,0.676483,162,1,-2624.61,-838.725,4046.45,-4733.27,7792.6,-734.002,24.7062,15190.9
406,0.0406,3280,1.52281e-13,1.51938,0.729938,-3.16295,1.86722,-3.79213,0.0356473,-0.888626,0.683055,-0.888626,0.683055,162,1,-2303.14,-786.083,3691.07,-4369.17,6998.07,-618.141,23.6573,14611.1
407,0.0407,3280,1.54543e-13,1.2786,0.637873,-2.83729,1.64502,-3.26303,0.0194328,-0.896646,0.688428,-0.896646,0.688428,162,1,-2983.11,-897.043,4415.91,-5121.68,8652.38,-862.01,25.5663,15789.8
408,0.0408,3280,1.42109e-13,2.2512,1.00962,-3.63481,2.35365,-4.98147,0.0812634,-0.909617,0.698187,-0.909617,0.698187,162,1,-3266.28,-941.568,4694.69,-5419.96,9320.36,-964.282,26.3045,16241.3
409,0.0409,3280,1.84297e-13,2.14742,0.969611,-3.7495,2.35146,-4.95643,0.0745407,-0.923331,0.707917,-0.923331,0.707917,162,1,-3770.66,-1019.38,5196.28,-5948.36,10513.1,-1147.24,27.582,17006.3
410,0.041,3280,2.3781e-13,2.28295,1.01941,-3.91879,2.46945,-5.24107,0.0847066,-0.938955,0.718696,-0.938955,0.718696,162,1,-4563.36,-1138.07,6005.48,-6777.32,12403.1,-1437.11,29.5573,18128.5
411,0.0411,3280,1.61648e-13,3.07048,1.30847,-3.53773,2.65321,-5.82066,0.14457,-0.951063,0.730105,-0.951063,0.730105,162,1,-5294.28,-1243.5,6746.64,-7529.63,14140.1,-1707.06,31.3062,19089.7
412,0.0412,3280,1.27898e-13,3.38115,1.41955,-3.22348,2.66182,-5.92304,0.17122,-0.962971,0.742243,-0.962971,0.742243,162,1,-4515.08,-1131.15,5960.94,-6731.18,12293.5,-1419.58,29.7437,18068.2
413,0.0413,3280,1.50102e-13,3.32579,1.39449,-3.01261,2.55683,-5.69554,0.171023,-0.972015,0.753079,-0.972015,0.753079,162,1,-3812.05,-1026.4,5244.23,-5997.22,10618.3,-1162.12,28.1099,17074.1
414,0.0414,3280,1.7053e-13,3.2411,1.3731,-4.48724,3.07429,-6.76838,0.157288,-0.992406,0.768015,-0.992406,0.768015,162,1,-3601.33,-995.217,5021,-5771.99,10107.9,-1084.35,27.7684,16757.4
415,0.0415,3280,3.16192e-13,4.07213,1.67141,-3.48317,3.04155,-6.90062,0.224808,-1.00457,0.781889,-1.00457,0.781889,162,1,-5507.92,-1274.66,6963.43,-7750.5,14649,-1786.05,32.3984,19363.2
416,0.0416,3280,2.45137e-13,4.10528,1.67859,-3.04732,2.89087,-6.59416,0.230478,-1.0168,0.795917,-1.0168,0.795917,162,1,-5249.87,-1238.01,6680.96,-7476.22,14017.8,-1690.18,31.4863,19031.8
417,0.0417,3280,1.49214e-13,3.94314,1.62559,-3.54224,3.0139,-6.80316,0.2128,-1.02935,0.809531,-1.02935,0.809531,162,1,-4711.31,-1160.71,6103.7,-6907.16,12710.4,-1490.47,29.9718,18318.1
418,0.0418,3280,1.40332e-13,4.09941,1.6916,-4.49524,3.4378,-7.73037,0.218241,-1.05007,0.826628,-1.05007,0.826628,162,1,-5205.62,-1232.57,6589.71,-7408.69,13871.3,-1672.18,31.1488,18961.7
419,0.0419,3280,2.98428e-13,4.12384,1.70053,-4.80524,3.56088,-8.00205,0.220836,-1.06978,0.843189,-1.06978,0.843189,162,1,-5135.41,-1222.53,6561.29,-7357.33,13742.6,-1646.95,31.3512,18883.4
420,0.042,3280,2.23821e-13,4.35037,1.77264,-3.60302,3.19996,-7.30625,0.247877,-1.08533,0.858781,-1.08533,0.858781,162,1,-4640.47,-1150.47,6086.57,-6860.9,12591.5,-1465.36,30.3055,18241
421,0.0421,3280,1.69198e-13,4.20425,1.71777,-3.69298,3.16993,-7.21652,0.23911,-1.09753,0.872526,-1.09753,0.872526,162,1,-3951.38,-1048.98,5382.17,-6142.47,10947.7,-1211.81,28.7331,17278.4
422,0.0422,3280,3.33955e-13,4.65629,1.88297,-3.39665,3.2451,-7.49035,0.275285,-1.11118,0.88806,-1.11118,0.88806,162,1,-3699.68,-1011.04,5114.09,-5872.64,10337.7,-1119.52,28.0584,16906.8
423,0.0423,3280,2.38032e-13,3.86267,1.60556,-6.07501,3.91571,-8.7221,0.204814,-1.13729,0.906034,-1.13729,0.906034,162,1,-3966.48,-1052.29,5377.13,-6149.36,10965.8,-1215.71,28.6611,17295
424,0.0424,3280,1.39888e-13,4.50456,1.83758,-4.91277,3.74838,-8.51737,0.257082,-1.1598,0.924409,-1.1598,0.924409,162,1,-3682.78,-1010.15,5049.95,-5833.07,10255.2,-1110.53,27.8231,16865.5
425,0.0425,3280,2.52243e-13,4.23404,1.74193,-5.49738,3.85555,-8.67418,0.233012,-1.18291,0.942175,-1.18291,0.942175,162,1,-4978.79,-1202.43,6372.78,-7183.84,13344.7,-1585.62,30.8138,18673.7
426,0.0426,3280,3.33955e-13,4.84247,1.96728,-5.28504,4.02952,-9.18495,0.276918,-1.20711,0.961964,-1.20711,0.961964,162,1,-6295.56,-1388.54,7683.71,-8513.21,16448.2,-2073.1,33.4973,20296
427,0.0427,3280,2.23377e-13,4.87395,1.96946,-3.97319,3.5506,-8.17957,0.286306,-1.2222,0.978315,-1.2222,0.978315,162,1,-7304.48,-1527.43,8650.06,-9500.78,18788.6,-2447.66,35.4529,21426.2
428,0.0428,3280,1.77636e-13,5.07635,2.03739,-3.58811,3.4843,-8.10373,0.306787,-1.23672,0.994927,-1.23672,0.994927,162,1,-7562.9,-1561.93,8913.57,-9759.77,19402.5,-2544.73,35.9614,21709
429,0.0429,3280,3.4639e-13,4.51282,1.82227,-2.99781,3.02605,-7.00983,0.27127,-1.24744,1.00855,-1.24744,1.00855,162,1,-5456.14,-1271.48,6840.64,-7665.07,14463.4,-1760.65,31.636,19279.4
430,0.043,3280,1.27232e-13,4.80567,1.93808,-4.70467,3.78164,-8.69361,0.288062,-1.26975,1.0272,-1.26975,1.0272,162,1,-5918.54,-1337.21,7294.51,-8130.19,15548.2,-1931.4,32.6487,19847.2
431,0.0431,3280,1.40776e-13,4.65654,1.88968,-6.14223,4.25435,-9.66914,0.272724,-1.30117,1.04887,-1.30117,1.04887,162,1,-5381.61,-1262.81,6735.09,-7577.94,14260.6,-1730.67,31.4878,19180.7
432,0.0432,3280,5.04485e-13,4.345,1.7758,-6.9657,4.42997,-9.97293,0.249067,-1.3373,1.07145,-1.3373,1.07145,162,1,-5901.02,-1336.97,7276.28,-8114.54,15505.6,-1922.54,32.7569,19825
433,0.0433,3280,6.03961e-13,5.58934,2.23074,-6.37585,4.72445,-10.8981,0.344781,-1.3715,1.09665,-1.3715,1.09665,162,1,-7405.89,-1544.09,8772.64,-9616.39,19046.7,-2482.79,36.0606,21544.3
434,0.0434,3280,5.79092e-13,5.39207,2.13138,-4.04962,3.76188,-8.83737,0.3496,-1.39053,1.11552,-1.39053,1.11552,162,1,-9457.63,-1815.72,10719.2,-11586.9,23784.2,-3251.23,39.2628,23625.1
435,0.0435,3280,4.33431e-13,5.0582,2.01178,-4.63722,3.84401,-8.92862,0.321145,-1.41475,1.13585,-1.41475,1.13585,162,1,-9234.54,-1786.73,10500.4,-11370,23262.6,-3167.18,38.7426,23407.2
436,0.0436,3280,1.91847e-13,5.36785,2.1168,-3.18244,3.4293,-8.12112,0.350544,-1.42993,1.15348,-1.42993,1.15348,162,1,-9877.59,-1870.51,11090.4,-11973.2,24728.4,-3408.4,39.5534,24017.3
437,0.0437,3280,1.70752e-13,5.19259,2.0433,-2.64193,3.15025,-7.49721,0.344313,-1.44249,1.16992,-1.44249,1.16992,162,1,-11260.2,-2047.5,12393.9,-13278.5,27909.3,-3929.48,41.502,25276.3
438,0.0438,3280,1.86517e-13,5.24508,2.06205,-3.35034,3.43132,-8.1246,0.350661,-1.45891,1.18786,-1.45891,1.18786,162,1,-9712.02,-1851.61,10857.5,-11781.7,24279.3,-3342.46,38.8232,23845.9
439,0.0439,3280,2.4869e-13,4.86095,1.93556,-6.35622,4.39196,-10.0778,0.311394,-1.49288,1.21155,-1.49288,1.21155,162,1,-10938.7,-2010.74,12025,-12948.6,27111.3,-3803.03,40.8946,24977.9
440,0.044,3280,4.12115e-13,5.68406,2.21377,-3.22936,3.5576,-8.51606,0.393293,-1.50689,1.22984,-1.50689,1.22984,162,1,-11903.8,-2133.29,12936.3,-13856.6,29331.8,-4167.11,42.3399,25825.8
441,0.0441,3280,3.90799e-13,5.34483,2.07862,-2.72994,3.22321,-7.74027,0.376419,-1.51764,1.24608,-1.51764,1.24608,162,1,-11346.7,-2062.58,12411.9,-13333.2,28051.9,-3957.04,41.4757,25341.5
442,0.0442,3280,1.86295e-13,5.33775,2.08722,-5.09837,4.10073,-9.61384,0.367444,-1.54322,1.26782,-1.54322,1.26782,162,1,-10140.2,-1909.61,11244.9,-12181.7,25250.4,-3500.53,39.4012,24245.4
443,0.0443,3280,2.93099e-13,5.29752,2.0851,-6.79735,4.72163,-10.9106,0.354022,-1.5795,1.2935,-1.5795,1.2935,162,1,-12634.6,-2226.52,13630,-14544.2,31016.3,-4441.87,43.4743,26447.8
444,0.0444,3280,2.11386e-13,6.12874,2.37671,-5.12012,4.43291,-10.5088,0.427381,-1.60584,1.31754,-1.60584,1.31754,162,1,-13898.2,-2385.06,14768.5,-15698.3,33872.8,-4918.01,45.1755,27471.7
445,0.0445,3280,4.47642e-13,5.96637,2.30482,-3.59555,3.79294,-9.11677,0.423933,-1.62286,1.33765,-1.62286,1.33765,162,1,-16927.1,-2753.32,17575.6,-18475.7,40784.2,-6069.33,48.719,29771.6
446,0.0446,3280,3.19744e-13,5.92593,2.30064,-5.61357,4.52662,-10.6753,0.412285,-1.65266,1.36237,-1.65266,1.36237,162,1,-19617.9,-3075.65,20024.9,-20903.1,46879.2,-7092.98,51.8261,31646.6
447,0.0447,3280,2.27374e-13,6.09776,2.33601,-2.04578,3.25584,-8.03763,0.447199,-1.66043,1.37924,-1.66043,1.37924,162,1,-18628.4,-2959.42,19057.4,-19981.1,44579.3,-6713.14,50.1908,30962.4
448,0.0448,3280,2.66454e-13,5.43786,2.10704,-4.07334,3.74086,-8.91146,0.387769,-1.68082,1.39913,-1.68082,1.39913,162,1,-18380.6,-2932.18,18801.3,-19745.5,43991.3,-6615.81,49.7476,30786.7
449,0.0449,3280,2.38032e-13,5.41235,2.09077,-5.18322,4.13062,-9.7683,0.393169,-1.70802,1.42145,-1.70802,1.42145,162,1,-17848.3,-2871.08,18309.7,-19263.6,42778.2,-6410.14,48.8896,30411.9
450,0.045,3280,2.91323e-13,4.95633,1.9044,-3.78705,3.41103,-8.1499,0.374427,-1.72647,1.43931,-1.72647,1.43931,162,1,-17963.7,-2885.13,18412.7,-19367.5,43038,-6453.81,49.1067,30493.5
451,0.0451,3280,2.89546e-13,5.30059,2.01811,-3.28099,3.35477,-8.13846,0.411851,-1.74155,1.45676,-1.74155,1.45676,162,1,-18868.9,-2995.65,19170.2,-20155.4,45029.5,-6795.19,49.791,31112.4
452,0.0452,3280,1.7053e-13,5.51691,2.08821,-3.88905,3.66177,-8.86937,0.436088,-1.75999,1.47595,-1.75999,1.47595,162,1,-21301,-3283.9,21363.2,-22330.6,50517.9,-7722.05,52.0967,32730.2
453,0.0453,3280,2.30926e-13,5.55543,2.08934,-5.20023,4.15112,-9.95919,0.451161,-1.78634,1.49809,-1.78634,1.49809,162,1,-24955.4,-3712.66,24567.6,-25540.2,58680.1,-9115,55.9035,34990.8
454,0.0454,3280,2.52243e-13,6.26893,2.29888,-3.57238,3.79948,-9.48021,0.549857,-1.80249,1.51797,-1.80249,1.51797,162,1,-27236.5,-3973.86,26605.6,-27548.7,63806.8,-9990.02,57.9746,36327.3
455,0.0455,3280,3.21521e-13,6.40239,2.35557,-5.8314,4.69168,-11.4253,0.55558,-1.83264,1.54333,-1.83264,1.54333,162,1,-23892.7,-3589.83,23597.7,-24595.4,56275,-8708.32,54.7723,34348.9
456,0.0456,3280,2.38032e-13,6.04445,2.26209,-8.76402,5.65697,-13.3428,0.498798,-1.88066,1.57454,-1.88066,1.57454,162,1,-19234.7,-3043.57,19422.7,-20455.7,45788.6,-6929.7,50.0311,31355
457,0.0457,3280,2.13163e-13,4.79853,1.81975,-9.97818,5.60441,-12.9032,0.392079,-1.93595,1.60534,-1.93595,1.60534,162,1,-15590,-2605.34,16195.5,-17200,37608.3,-5544.19,46.1947,28761
458,0.0458,3280,2.43361e-13,4.45372,1.69282,-7.48946,4.54354,-10.5326,0.365499,-1.97547,1.62944,-1.97547,1.62944,162,1,-12067.4,-2166.77,13004.9,-13980.7,29632.1,-4213.79,41.5569,25952.9
459,0.0459,3280,1.54543e-13,6.76608,2.54019,-4.79554,4.50266,-10.9868,0.543512,-1.9986,1.6534,-1.9986,1.6534,162,1,-13336,-2325.37,14146.9,-15142.4,32501.6,-4693.32,43.15,27006.7
460,0.046,3280,2.49578e-13,4.02086,1.5302,-6.5665,4.02261,-9.31696,0.337878,-2.03213,1.67425,-2.03213,1.67425,162,1,-12060.8,-2169.03,12858,-13911.7,29493.3,-4206.3,41.0946,25923.3
461,0.0461,3280,2.73559e-13,3.90024,1.48717,-8.34502,4.63033,-10.5884,0.327582,-2.07689,1.69898,-2.07689,1.69898,162,1,-11641.7,-2114.39,12572.3,-13569.5,28627,-4051.53,41.0738,25582.4
462,0.0462,3280,2.16716e-13,4.1788,1.58232,-7.17234,4.30379,-9.96275,0.355027,-2.11402,1.72154,-2.11402,1.72154,162,1,-8997.18,-1771.8,10135.8,-11091.8,22592,-3059.32,37.1112,23151.1
463,0.0463,3280,2.64677e-13,5.96669,2.24331,-5.62563,4.47418,-10.7331,0.486494,-2.14153,1.74512,-2.14153,1.74512,162,1,-7667.83,-1590.2,8945.25,-9844.33,19587.1,-2568.52,35.4736,21815.2
464,0.0464,3280,2.20268e-13,5.13862,1.94949,-6.52497,4.47475,-10.5203,0.415193,-2.17455,1.76867,-2.17455,1.76867,162,1,-8309.19,-1679.18,9494.93,-10436.7,21015,-2803.77,36.4612,22465.9
465,0.0465,3280,2.06057e-13,6.09711,2.29004,-7.6115,5.25905,-12.463,0.498879,-2.21404,1.79697,-2.21404,1.79697,162,1,-7614.87,-1584.57,8854.53,-9775.24,19428.6,-2546.54,35.4043,21749.5
466,0.0466,3280,4.12115e-13,5.53864,2.07449,-8.48077,5.3384,-12.5268,0.465808,-2.25878,1.8257,-2.25878,1.8257,162,1,-9053.74,-1778.21,10222.8,-11162.3,22753.1,-3082.22,37.914,23216.4
467,0.0467,3280,2.84217e-13,6.4067,2.35687,-7.5528,5.31899,-12.7692,0.562738,-2.29755,1.85424,-2.29755,1.85424,162,1,-10490.2,-1965.32,11601.3,-12538.2,26080.8,-3621.57,40.2968,24579.9
468,0.0468,3280,5.32907e-13,6.79761,2.46494,-5.94023,4.85442,-11.934,0.621239,-2.32655,1.87998,-2.32655,1.87998,162,1,-11619.7,-2108.77,12669.5,-13603.5,28681.7,-4047.96,42.0689,25587.9
469,0.0469,3280,5.18696e-13,7.70997,2.75332,-6.01251,5.21478,-13.0273,0.729504,-2.35633,1.90809,-2.35633,1.90809,162,1,-14058.1,-2415.05,14892.9,-15848.6,34219.7,-4967.99,45.1333,27603.7
470,0.047,3280,2.80664e-13,7.27042,2.56622,-6.16152,5.06741,-12.6637,0.71697,-2.38726,1.9354,-2.38726,1.9354,162,1,-13423.3,-2335.55,14279.2,-15248.9,32747.7,-4728.06,43.9003,27090.2
471,0.0471,3280,2.55795e-13,8.75293,3.11387,-8.98028,6.71879,-16.5661,0.828519,-2.43504,1.97269,-2.43504,1.97269,162,1,-14002.6,-2407.89,14767.7,-15763.5,34029.3,-4946.45,44.4812,27550.2
472,0.0472,3280,3.69482e-13,5.17425,1.78634,-11.4364,6.13613,-14.5024,0.569515,-2.49838,2.00653,-2.49838,2.00653,162,1,-12157.5,-2178.49,13094.7,-14072,29846.3,-4248.14,42.225,26037.7
473,0.0473,3280,2.34479e-13,7.85883,2.76504,-10.5378,6.90407,-16.7926,0.780818,-2.55614,2.04504,-2.55614,2.04504,162,1,-13695.6,-2370.64,14550.4,-15512.8,33386.8,-4830.4,44.8497,27315.1
474,0.0474,3280,3.55271e-13,8.1717,2.87309,-5.77662,5.27199,-13.358,0.808032,-2.58452,2.07347,-2.58452,2.07347,162,1,-13062.8,-2288.63,14030.2,-14955.6,32001.2,-4595.53,44.2205,26814
475,0.0475,3280,3.97904e-13,7.61902,2.67109,-7.55498,5.69801,-14.1523,0.765631,-2.62365,2.10442,-2.62365,2.10442,162,1,-15006.9,-2530.53,15794,-16733,36406.4,-5329.98,46.636,28351.3
476,0.0476,3280,3.41061e-13,7.37963,2.59054,-6.87552,5.35283,-13.3369,0.740485,-2.65857,2.13327,-2.65857,2.13327,162,1,-16707.4,-2736.16,17415.4,-18311.5,40326.3,-5977.92,48.8785,29631.3
477,0.0477,3280,2.89546e-13,6.97494,2.42301,-5.59247,4.69289,-11.8628,0.725713,-2.68582,2.15817,-2.68582,2.15817,162,1,-15330.8,-2568.38,16174.5,-17064.8,37216.1,-5455.83,46.9164,28610.9
478,0.0478,3280,2.55795e-13,7.04589,2.49418,-6.33588,5.03637,-12.5207,0.690991,-2.7179,2.18534,-2.7179,2.18534,162,1,-14999.1,-2524.1,15954.8,-16797.8,36537.7,-5335.1,46.9197,28373.1
479,0.0479,3280,3.08198e-13,7.40925,2.65354,-7.28543,5.55501,-13.6727,0.694434,-2.75589,2.21573,-2.75589,2.21573,162,1,-14932.4,-2513.26,15990.9,-16780.4,36473.4,-5314.11,47.3919,28339.9
480,0.048,3280,3.92575e-13,7.55068,2.72082,-5.04856,4.80269,-12.0461,0.689374,-2.78029,2.24159,-2.78029,2.24159,162,1,-17639.1,-2838.02,18549.8,-19276.8,42692.7,-6347.03,50.7793,30345.1
481,0.0481,3280,3.73035e-13,6.51209,2.30258,-3.91659,3.92558,-9.99401,0.641448,-2.79787,2.26208,-2.79787,2.26208,162,1,-19462.6,-3058.8,20096.6,-20868.5,46721.9,-7036.53,51.8815,31585.3
482,0.0482,3280,6.57252e-13,6.34635,2.23133,-4.82211,4.18016,-10.5308,0.638204,-2.82135,2.28428,-2.82135,2.28428,162,1,-18604.3,-2957.44,19307.5,-20092.1,44770.2,-6708.33,51.0958,30997.5
483,0.0483,3280,3.21521e-13,6.79773,2.37407,-4.28981,4.14697,-10.6189,0.691426,-2.84171,2.30633,-2.84171,2.30633,162,1,-18899.1,-2993.59,19566.9,-20354.5,45430.3,-6819.52,51.2087,31199.2
484,0.0484,3280,7.53175e-13,6.52549,2.27197,-3.28818,3.66499,-9.51643,0.671448,-2.85574,2.32535,-2.85574,2.32535,162,1,-18187,-2905.64,18957.8,-19727.6,43852.4,-6551.9,50.4845,30713.6
485,0.0485,3280,5.32907e-13,7.11114,2.48881,-1.69298,3.32103,-8.90363,0.712874,-2.85978,2.34222,-2.85978,2.34222,162,1,-15586.9,-2592.26,16537.7,-17347.9,37913,-5562.25,47.3515,28825.6
486,0.0486,3280,2.80664e-13,7.20814,2.53259,-2.84648,3.79076,-9.92689,0.713499,-2.87106,2.36208,-2.87106,2.36208,162,1,-15822.4,-2620,16789.7,-17580.5,38481.9,-5653.39,47.9648,29010.9
487,0.0487,3280,3.8014e-13,6.3476,2.15781,-4.79174,4.09607,-10.5138,0.70167,-2.89423,2.38379,-2.89423,2.38379,162,1,-15107.9,-2535.65,16120.3,-16925,36845.1,-5379.22,46.936,28470
488,0.0488,3280,3.2685e-13,7.72283,2.5949,-3.01798,3.95649,-10.6467,0.86199,-2.90665,2.40471,-2.90665,2.40471,162,1,-16785.8,-2736.23,17723.9,-18481.8,40717,-6021.07,49.1043,29729.4
489,0.0489,3280,5.91527e-13,6.80197,2.20722,-6.55705,4.83547,-12.434,0.836947,-2.94093,2.43103,-2.94093,2.43103,162,1,-14050.8,-2401.93,15212.8,-15982.4,34496,-4983.33,46.0899,27659.7
490,0.049,3280,4.12115e-13,6.53936,2.11677,-5.90168,4.48372,-11.6142,0.812389,-2.97118,2.45512,-2.97118,2.45512,162,1,-14968.5,-2518.13,15958.2,-16781.1,36498,-5326.54,46.9039,28358.4
491,0.0491,3280,3.57048e-13,7.24336,2.44999,-3.11429,3.81169,-10.1707,0.799672,-2.98466,2.47518,-2.98466,2.47518,162,1,-18040.1,-2887.42,18876.6,-19622.7,43568.7,-6498.23,50.6858,30624.4
492,0.0492,3280,5.8975e-13,6.19862,2.17525,-4.18509,3.87467,-9.8469,0.627225,-3.00582,2.49601,-3.00582,2.49601,162,1,-14788.7,-2491.18,15925.5,-16673.1,36204.9,-5265.19,47.0588,28239.6
493,0.0493,3280,5.66658e-13,6.62363,2.4239,-5.90971,4.76771,-11.6938,0.578401,-3.03775,2.52238,-3.03775,2.52238,162,1,-11359.7,-2056.46,12923.7,-13574,28528.7,-3977.98,43.2624,25458.5
494,0.0494,3280,3.97904e-13,6.51442,2.43219,-1.30186,3.07875,-7.90483,0.523196,-3.04155,2.53844,-3.04155,2.53844,162,1,-5107.55,-1217.16,6692.99,-7399.96,13821.3,-1640.57,32.2826,18901
495,0.0495,3280,3.8014e-13,8.39502,3.15651,2.37619,2.53578,-7.08406,0.632251,-3.02305,2.55129,-3.02305,2.55129,162,1,-5491.54,-1270.56,7087.08,-7793.36,14738.4,-1784.23,32.9695,19390.6
496,0.0496,3280,2.96652e-13,8.6939,3.26597,-2.01877,4.27037,-10.9308,0.657402,-3.03209,2.57501,-3.03209,2.57501,162,1,-5096.14,-1219.16,6577.23,-7343.72,13704.6,-1631.3,31.94,18866.1
497,0.0497,3280,4.15668e-13,5.80727,2.18878,-4.6038,4.0109,-9.75776,0.460981,-3.05694,2.59704,-3.05694,2.59704,162,1,-2552.34,-834.445,3874.27,-4613.4,7537.41,-699.388,24.8899,15052.9
498,0.0498,3280,2.8777e-13,3.53968,1.39641,-8.25019,4.45878,-10.1069,0.260415,-3.1043,2.62179,-3.1043,2.62179,162,1,-721.362,-501.669,1856.66,-2449.1,2994.71,-59.3991,18.6381,11051.6
499,0.0499,3280,3.58824e-13,7.0194,2.64432,-7.39183,5.54145,-13.3132,0.550679,-3.14629,2.65312,-3.14629,2.65312,162,1,-1071.95,-573.29,2247.14,-2888.58,3874.01,-177.25,20.046,11986.2
500,0.05,3280,3.03535e-13,4.01126,1.52823,-4.32246,3.16736,-7.50158,0.334271,-3.16926,2.6697,-3.16926,2.6697,162,1,-2134.04,-767.737,3351.63,-4108.24,6447.44,-544.779,23.5288,14250.1
501,0.0501,3280,3.49942e-13,4.70706,1.80312,-10.0402,5.57363,-12.8083,0.374272,-3.22753,2.7011,-3.22753,2.7011,162,1,-3826.41,-1041.91,5046.73,-5920.92,10469,-1150.13,27.8202,17049.3
502,0.0502,3280,6.6791e-13,2.091,0.785699,-3.24081,1.94337,-4.48695,0.222537,-3.24381,2.71006,-3.24381,2.71006,162,1,-1861.01,-723.946,3013.49,-3778.12,5737.24,-443.37,22.5846,13691.5
503,0.0503,3280,2.6823e-13,1.70228,0.622906,-2.11159,1.34719,-3.15023,0.211376,-3.25295,2.71526,-3.25295,2.71526,162,1,-2014.29,-752.594,3184.86,-3958.51,6118.07,-495.455,23.1436,13997.4
504,0.0504,3280,4.13891e-13,3.88008,1.43446,-5.41,3.46536,-8.20658,0.370084,-3.28318,2.73383,-3.28318,2.73383,162,1,-2107.28,-767.779,3273.53,-4061.38,6338.35,-529.369,23.3253,14184.8
505,0.0505,3280,2.57572e-13,1.72577,0.587541,-1.67585,1.14766,-2.83769,0.252601,-3.29035,2.73806,-3.29035,2.73806,162,1,-2257.36,-794.738,3436.72,-4230.97,6704.72,-580.841,23.7502,14459.8
506,0.0506,3280,3.48832e-13,2.08823,0.698851,-2.32844,1.51461,-3.76229,0.299582,-3.30164,2.74458,-3.30164,2.74458,162,1,-3322.15,-969.129,4499.87,-5376.02,9233.48,-960.699,26.565,16266
507,0.0507,3280,6.71463e-13,1.72403,0.560595,-1.85711,1.19012,-2.98055,0.274805,-3.31075,2.74933,-3.31075,2.74933,162,1,-3698.72,-1029.51,4857.48,-5764.16,10107.9,-1094.56,27.3903,16832.1
508,0.0508,3280,3.23297e-13,1.65702,0.525799,-1.52667,1.03424,-2.64052,0.277894,-3.318,2.7531,-3.318,2.7531,162,1,-4238.04,-1112.34,5399.99,-6327.83,11386.2,-1289.69,28.4756,17611.5
509,0.0509,3280,3.44613e-13,1.607,0.479643,-1.47357,0.966112,-2.54508,0.298667,-3.32513,2.75644,-3.32513,2.75644,162,1,-4619.98,-1169.73,5754.87,-6709.68,12265.6,-1428.36,29.3049,18130.9
510,0.051,3280,1.9007e-13,1.43428,0.425734,-1.2764,0.836178,-2.19913,0.277151,-3.33197,2.7593,-3.33197,2.7593,162,1,-4594.64,-1165.8,5727.49,-6682.48,12203.6,-1419.17,29.1641,18095.4
511,0.0511,3280,2.61124e-13,1.44229,0.429676,-1.16735,0.797786,-2.1205,0.277611,-3.33829,2.76196,-3.33829,2.76196,162,1,-4309.6,-1123.21,5462.96,-6398.29,11547.8,-1315.56,28.5653,17709.4
512,0.0512,3280,4.13891e-13,1.58234,0.462798,-1.34557,0.901691,-2.41658,0.304938,-3.34468,2.76493,-3.34468,2.76493,162,1,-3713.61,-1031.39,4902.56,-5794.3,10168.7,-1100.8,27.2126,16861.3
513,0.0513,3280,2.13163e-13,1.6594,0.468834,-1.29477,0.889551,-2.46141,0.330967,-3.34964,2.76747,-3.34964,2.76747,162,1,-3926.08,-1064.2,5121.07,-6019.86,10677.5,-1177.81,27.733,17177.1
514,0.0514,3280,1.69642e-13,1.50845,0.427092,-1.15684,0.793802,-2.18216,0.307515,-3.35111,2.76856,-3.35111,2.76856,162,1,-4140.47,-1097.17,5332.47,-6241.48,11181.7,-1255.14,28.1175,17482.9
515,0.0515,3280,3.12639e-13,1.66993,0.446568,-1.19855,0.83406,-2.39531,0.355534,-3.35049,2.76903,-3.35049,2.76903,162,1,-4934.68,-1216.43,6095.87,-7046.5,13032.5,-1543.61,29.7648,18558.5
516,0.0516,3280,2.98428e-13,1.44626,0.380907,-1.1845,0.76213,-2.13713,0.323775,-3.34897,2.76872,-3.34897,2.76872,162,1,-4507.8,-1152.82,5690.98,-6617.36,12042.4,-1388.19,28.8268,17991.2
517,0.0517,3280,4.88498e-13,1.5612,0.388776,-1.35154,0.838094,-2.40273,0.363316,-3.34829,2.76875,-3.34829,2.76875,162,1,-4802.97,-1196.38,5982.96,-6919.33,12737.5,-1496.16,29.4497,18388.6
518,0.0518,3280,2.98428e-13,1.54552,0.371139,-1.33702,0.81563,-2.37593,0.373103,-3.34735,2.76852,-3.34735,2.76852,162,1,-5047.91,-1232.97,6227.44,-7170.58,13315.9,-1585.11,29.9373,18710.4
519,0.0519,3280,2.82441e-13,1.60675,0.372799,-1.39467,0.840683,-2.49409,0.396982,-3.34681,2.76842,-3.34681,2.76842,162,1,-5162.13,-1249.93,6344.81,-7288.95,13588.4,-1626.61,30.1737,18858.9
520,0.052,3280,3.34843e-13,1.42476,0.315109,-1.39474,0.777516,-2.29496,0.375448,-3.34594,2.76779,-3.34594,2.76779,162,1,-4652.96,-1175.01,5863.31,-6780.39,12409.8,-1440.61,29.0897,18196.4
521,0.0521,3280,3.39284e-13,1.39517,0.312919,-1.32041,0.743681,-2.19811,0.365484,-3.34453,2.76692,-3.34453,2.76692,162,1,-5117.69,-1243.82,6314.93,-7250.54,13496.2,-1609.82,30.0796,18805
522,0.0522,3280,2.06057e-13,1.24117,0.283495,-1.3186,0.710269,-2.0261,0.329377,-3.34372,2.76609,-3.34372,2.76609,162,1,-4414.74,-1138.87,5650.94,-6546.05,11869.1,-1354.38,28.5739,17877.5
523,0.0523,3280,1.9984e-13,1.13275,0.265593,-1.23795,0.655308,-1.83489,0.300864,-3.34358,2.76536,-3.34358,2.76536,162,1,-4328.46,-1125.64,5574.3,-6461.29,11673.7,-1323.29,28.3526,17761
524,0.0524,3280,2.70006e-13,1.10735,0.271263,-1.19174,0.641947,-1.76507,0.28456,-3.34428,2.76494,-3.34428,2.76494,162,1,-4125.38,-1094.19,5386.15,-6257.24,11206.4,-1250.4,27.8632,17479.5
525,0.0525,3280,2.06057e-13,1.04177,0.264588,-1.14183,0.615471,-1.64579,0.26269,-3.34603,2.76475,-3.34603,2.76475,162,1,-3594.48,-1011.52,4872.81,-5710.42,9965.02,-1059.52,26.6507,16707.8
526,0.0526,3280,2.77112e-13,0.962413,0.260202,-1.05366,0.576534,-1.48027,0.233469,-3.348,2.76449,-3.348,2.76449,162,1,-3674.03,-1023.38,4952.32,-5793.28,10153.1,-1088.73,26.7679,16826.2
527,0.0527,3280,1.98952e-13,0.922673,0.253665,-1.0422,0.567579,-1.42512,0.2226,-3.35077,2.76435,-3.35077,2.76435,162,1,-3568.52,-1006.66,4846.99,-5682.37,9903.04,-1050.98,26.5325,16666.7
528,0.0528,3280,1.91847e-13,0.897285,0.251317,-1.09542,0.588384,-1.43713,0.213987,-3.35426,2.76438,-3.35426,2.76438,162,1,-2745.37,-874.199,4030.95,-4810.95,7957.06,-756.992,24.5283,15353.7
529,0.0529,3280,2.23821e-13,0.868674,0.235371,-1.20343,0.616699,-1.49713,0.217149,-3.3593,2.7648,-3.3593,2.7648,162,1,-3151.38,-939.662,4442.58,-5247.12,8925.38,-902.552,25.555,16021.8
530,0.053,3280,2.74447e-13,0.86928,0.219287,-1.39372,0.677706,-1.65847,0.232615,-3.36559,2.76556,-3.36559,2.76556,162,1,-3035.34,-920.896,4334.91,-5127.85,8657.52,-861.412,25.2745,15837.9
531,0.0531,3280,1.46549e-13,0.884455,0.203974,-1.60687,0.748729,-1.8545,0.25322,-3.37281,2.76653,-3.37281,2.76653,162,1,-2487.4,-830.763,3789.57,-4540.47,7358.76,-666.693,23.8766,14913.7
532,0.0532,3280,1.6076e-13,0.907754,0.190692,-1.79633,0.812545,-2.04076,0.275363,-3.38236,2.76817,-3.38236,2.76817,162,1,-2618.61,-852.514,3926.27,-4685.02,7675.35,-713.526,24.2329,15144
533,0.0533,3280,1.75859e-13,0.946597,0.176744,-2.05039,0.902196,-2.29702,0.304108,-3.39448,2.77064,-3.39448,2.77064,162,1,-2524.54,-836.248,3836.3,-4584.65,7455.42,-680.932,23.9872,14981.6
534,0.0534,3280,1.2168e-13,0.994292,0.170339,-2.26612,0.984675,-2.52859,0.329329,-3.40866,2.77376,-3.40866,2.77376,162,1,-2347.54,-805.96,3662.04,-4393.11,7037.02,-618.953,23.5092,14667.7
535,0.0535,3280,1.61982e-13,0.989863,0.166435,-2.3031,0.997117,-2.5527,0.331089,-3.42319,2.77693,-3.42319,2.77693,162,1,-2468.03,-825.952,3786.32,-4525.39,7326.7,-661.923,23.8307,14883.3
536,0.0536,3280,1.76748e-13,0.988031,0.166138,-2.28819,0.992234,-2.53641,0.330789,-3.43807,2.78016,-3.43807,2.78016,162,1,-3185.16,-942.758,4509.45,-5296.45,9034.2,-918.015,25.6486,16083.3
537,0.0537,3280,1.61648e-13,0.930058,0.17243,-2.12735,0.933519,-2.3319,0.301525,-3.45243,2.78313,-3.45243,2.78313,162,1,-3165,-938.673,4490.09,-5274.21,8986.87,-911.638,25.5844,16050.1
538,0.0538,3280,1.81188e-13,0.882186,0.176051,-1.99341,0.881718,-2.16232,0.279049,-3.46616,2.7858,-3.46616,2.7858,162,1,-3339.83,-966.021,4665.84,-5459.12,9402.07,-974.846,25.9968,16324.7
539,0.0539,3280,1.35447e-13,0.837218,0.177903,-1.86888,0.831474,-2.0045,0.259449,-3.47934,2.78819,-3.47934,2.78819,162,1,-3399.33,-975.329,4729.11,-5523.65,9546.47,-996.387,26.1424,16418
540,0.054,3280,1.19904e-13,0.786653,0.184778,-1.71976,0.776328,-1.81847,0.232615,-3.49174,2.79025,-3.49174,2.79025,162,1,-2830.07,-883.833,4166.11,-4921.39,8201.99,-792.829,24.7642,15507.4
541,0.0541,3280,1.12355e-13,0.73749,0.190961,-1.5839,0.726354,-1.64392,0.206688,-3.50399,2.79211,-3.50399,2.79211,162,1,-2463.79,-822.937,3801.4,-4527.08,7333.44,-663.065,23.8135,14879.3
542,0.0542,3280,1.82077e-13,0.72724,0.190743,-1.56764,0.719654,-1.61538,0.202471,-3.5165,2.79392,-3.5165,2.79392,162,1,-2679.53,-858.459,4023.54,-4762.88,7851.61,-740.07,24.3855,15255.5
543,0.0543,3280,1.08358e-13,0.756818,0.184693,-1.67605,0.758894,-1.73786,0.219492,-3.53023,2.79602,-3.53023,2.79602,162,1,-3485.23,-987.385,4831.31,-5620.63,9764.47,-1029.13,26.3622,16553.9
544,0.0544,3280,1.16948e-13,0.772342,0.187433,-1.70765,0.776502,-1.77829,0.222269,-3.54435,2.79821,-3.54435,2.79821,162,1,-3764.28,-1029.99,5107.54,-5911.24,10422.8,-1130.67,26.9903,16971.1
545,0.0545,3280,1.2057e-13,0.797522,0.18714,-1.81108,0.819776,-1.88978,0.231838,-3.55941,2.80068,-3.55941,2.80068,162,1,-3937.14,-1055.58,5279.09,-6090.09,10830.7,-1194.29,27.3619,17222.5
546,0.0546,3280,1.84741e-13,0.834168,0.179419,-1.95345,0.870121,-2.05057,0.253443,-3.57511,2.80336,-3.57511,2.80336,162,1,-4508.07,-1141.66,5838.6,-6676.31,12171.2,-1401.96,28.5793,18021
547,0.0547,3280,1.04361e-13,0.866558,0.168465,-2.10872,0.921877,-2.21828,0.276504,-3.59158,2.80629,-3.59158,2.80629,162,1,-4797.49,-1184.71,6120.26,-6970.64,12848.5,-1507.48,29.1736,18408.2
548,0.0548,3280,1.45606e-13,0.888597,0.160193,-2.21285,0.955091,-2.33237,0.293023,-3.60814,2.80925,-3.60814,2.80925,162,1,-5024.92,-1218.13,6343.41,-7201.85,13382.1,-1590.72,29.6385,18705.9
549,0.0549,3280,1.1724e-13,0.91407,0.154553,-2.3308,0.997293,-2.45969,0.30829,-3.62503,2.81235,-3.62503,2.81235,162,1,-4610.34,-1156.79,5949.05,-6786.28,12420.4,-1439.68,28.8205,18162.7
550,0.055,3280,1.27558e-13,0.918533,0.153496,-2.33403,0.99826,-2.46701,0.310765,-3.64119,2.81516,-3.64119,2.81516,162,1,-4792.3,-1183.53,6127.76,-6971.58,12847.5,-1506.34,29.1939,18405.2
551,0.0551,3280,1.27676e-13,0.918747,0.156318,-2.33341,1.00174,-2.46259,0.307771,-3.65731,2.81786,-3.65731,2.81786,162,1,-3884.55,-1046.74,5243.08,-6043.3,10720.9,-1176.43,27.2811,17151.2
552,0.0552,3280,1.19904e-13,0.889672,0.160806,-2.19684,0.951885,-2.31439,0.291434,-3.672,2.81994,-3.672,2.81994,162,1,-4436.33,-1129.61,5779.44,-6607.44,12012.3,-1377.4,28.4491,17925.4
553,0.0553,3280,1.47438e-13,0.863155,0.168088,-2.0618,0.905572,-2.1683,0.273429,-3.68563,2.82153,-3.68563,2.82153,162,1,-4781.36,-1180.08,6113.36,-6956.13,12817.8,-1503.95,29.1401,18387
554,0.0554,3280,1.24345e-13,0.828123,0.172335,-1.95088,0.863661,-2.03454,0.255285,-3.69764,2.82243,-3.69764,2.82243,162,1,-4193.42,-1091.77,5542.48,-6357.22,11442.6,-1290.26,27.9199,17587.6
555,0.0555,3280,1.50546e-13,0.804235,0.171324,-1.90338,0.840113,-1.96768,0.246913,-3.7095,2.82309,-3.7095,2.82309,162,1,-2932.06,-895.394,4298.96,-5040.74,8470.55,-834.948,25.0342,15682
556,0.0556,3280,1.05915e-13,0.793049,0.165532,-1.89544,0.828238,-1.94809,0.248254,-3.71948,2.82301,-3.71948,2.82301,162,1,-2352.67,-800.252,3713.46,-4414.13,7089.16,-628.27,23.5345,14686.2
557,0.0557,3280,1.43885e-13,0.798973,0.158947,-1.94873,0.841054,-1.99845,0.25725,-3.7293,2.82268,-3.7293,2.82268,162,1,-2178.52,-770.876,3537.02,-4223.16,6673.02,-566.554,23.0601,14367.8
558,0.0558,3280,1.62093e-13,0.80866,0.154568,-2.01686,0.863361,-2.06468,0.265575,-3.73739,2.8216,-3.73739,2.8216,162,1,-2162.24,-768.162,3523.24,-4206.63,6636.58,-560.801,23.019,14338.7
559,0.0559,3280,8.88178e-14,0.843032,0.15281,-2.16589,0.922546,-2.22259,0.281055,-3.74508,2.82027,-3.74508,2.82027,162,1,-1635.46,-675.347,2970.2,-3608.88,5358.04,-376.339,21.428,13294.5
560,0.056,3280,1.49214e-13,0.862163,0.153966,-2.23468,0.953042,-2.2969,0.287493,-3.75125,2.81822,-3.75125,2.81822,162,1,-1359.18,-624.253,2672.75,-3284.81,4679.29,-280.889,20.5122,12691.9
561,0.0561,3280,1.00364e-13,0.887618,0.155842,-2.3085,0.986856,-2.3821,0.295561,-3.75406,2.81508,-3.75406,2.81508,162,1,-1219.4,-597.498,2521.37,-3118.06,4334.55,-233.198,20.0198,12369.5
562,0.0562,3280,1.1191e-13,0.899031,0.161312,-2.33331,1.00412,-2.40922,0.294409,-3.7567,2.81135,-3.7567,2.81135,162,1,-1000.06,-554.158,2276.74,-2848.93,3786.31,-158.978,19.2093,11831.8
563,0.0563,3280,1.3145e-13,0.896353,0.164598,-2.31973,1.00244,-2.39149,0.289852,-3.7545,2.80649,-3.7545,2.80649,162,1,-981.378,-550.194,2256.12,-2825.64,3739.66,-152.914,19.1411,11783.6
564,0.0564,3280,9.41469e-14,0.870764,0.165998,-2.24164,0.970875,-2.29809,0.27813,-3.75211,2.80071,-3.75211,2.80071,162,1,-913.508,-536.478,2180.55,-2741.42,3569.86,-130.108,18.8766,11608.2
565,0.0565,3280,7.28306e-14,0.850225,0.165589,-2.18964,0.947636,-2.23237,0.270142,-3.74702,2.79471,-3.74702,2.79471,162,1,-891.375,-531.933,2157.49,-2714.65,3515.85,-122.791,18.7891,11550.8
566,0.0566,3280,1.28786e-13,0.81769,0.169772,-2.09371,0.911009,-2.11677,0.252991,-3.74208,2.78966,-3.74208,2.78966,162,1,-568.349,-463.65,1785.14,-2298.04,2694.31,-15.5021,17.4168,10638
567,0.0567,3280,1.10134e-13,0.815796,0.169663,-2.09027,0.909213,-2.11273,0.251992,-3.73495,2.78197,-3.73495,2.78197,162,1,-522.858,-453.547,1733.21,-2238.32,2578.75,-0.735954,17.206,10499.1
568,0.0568,3280,1.32783e-13,0.808451,0.175329,-2.05467,0.900928,-2.07275,0.243104,-3.7281,2.77601,-3.7281,2.77601,162,1,-276.701,-395.581,1430.08,-1894.34,1931.51,77.8837,15.9646,9670.06
569,0.0569,3280,1.7808e-13,0.816499,0.175573,-2.03679,0.895926,-2.06663,0.245375,-3.72316,2.77138,-3.72316,2.77138,162,1,-732.426,-498.269,1982.63,-2515.23,3119.38,-70.694,18.146,11119.8
570,0.057,3280,1.37224e-13,0.858827,0.173408,-2.12669,0.932694,-2.18622,0.263541,-3.71385,2.76261,-3.71385,2.76261,162,1,-1083.8,-569.036,2383.21,-2957.01,4006.94,-189.67,19.5424,12043.4
571,0.0571,3280,1.15463e-13,0.881322,0.175476,-2.18126,0.957982,-2.25247,0.270021,-3.70417,2.75401,-3.70417,2.75401,162,1,-752.893,-501.571,2006.55,-2540.48,3171.5,-78.5382,18.2522,11175.4
572,0.0572,3280,1.22791e-13,0.88284,0.174525,-2.16439,0.94921,-2.23939,0.27143,-3.69334,2.74463,-3.69334,2.74463,162,1,-758.106,-502.48,2015.16,-2548.3,3187.07,-80.5363,18.283,11191
573,0.0573,3280,1.21902e-13,0.881362,0.168612,-2.11445,0.92147,-2.19822,0.276497,-3.68456,2.73394,-3.68456,2.73394,162,1,-1012.37,-554.452,2311,-2872.36,3834.99,-166.098,19.2966,11868.3
574,0.0574,3280,1.00364e-13,0.871191,0.163004,-2.01027,0.871631,-2.10287,0.277756,-3.67707,2.72289,-3.67707,2.72289,162,1,-1244.17,-599.732,2575.3,-3158.79,4419.36,-245.137,20.1406,12434.7
575,0.0575,3280,1.24345e-13,0.884819,0.15445,-1.98607,0.851956,-2.09921,0.291219,-3.67073,2.71236,-3.67073,2.71236,162,1,-1500.04,-647.654,2858.02,-3464.66,5055.05,-333.43,21.0047,13013.7
576,0.0576,3280,7.99361e-14,0.891956,0.147985,-1.93667,0.824012,-2.06771,0.300112,-3.65499,2.69847,-3.65499,2.69847,162,1,-1493.32,-646.687,2855.14,-3459.43,5042.62,-330.934,20.9827,13001.9
577,0.0577,3280,1.12799e-13,0.918588,0.144227,-1.92812,0.816478,-2.08717,0.313821,-3.64539,2.68474,-3.64539,2.68474,162,1,-1273.36,-605.514,2618.56,-3200.04,4502.2,-255.206,20.2517,12509.7
578,0.0578,3280,8.65523e-14,0.949467,0.142647,-1.89838,0.8042,-2.09249,0.326893,-3.6383,2.67186,-3.6383,2.67186,162,1,-1597.4,-664.934,2973.62,-3583.47,5304.1,-368.084,21.3495,13228.2
579,0.0579,3280,8.34888e-14,0.995323,0.140761,-1.93118,0.817476,-2.16394,0.346225,-3.62835,2.6583,-3.62835,2.6583,162,1,-1783.01,-697.289,3170.5,-3795.75,5756.7,-433.788,21.9417,13611.4
580,0.058,3280,1.25823e-13,1.03559,0.134987,-1.94494,0.81836,-2.21805,0.367066,-3.61261,2.64213,-3.61261,2.64213,162,1,-2166.95,-763.729,3577.49,-4231.03,6691.71,-569.4,23.0704,14360.3
581,0.0581,3280,1.42997e-13,1.09821,0.119889,-2.03772,0.840628,-2.3632,0.405606,-3.59553,2.62534,-3.59553,2.62534,162,1,-2739.77,-859.108,4172.15,-4862.52,8072.69,-773.421,24.5999,15380.5
582,0.0582,3280,8.61533e-14,1.09639,0.109149,-1.93668,0.785944,-2.28391,0.414747,-3.58524,2.61044,-3.58524,2.61044,162,1,-3166.2,-928.027,4610.43,-5323.68,9095.22,-926.27,25.6432,16082.3
583,0.0583,3280,9.05942e-14,1.15477,0.0943854,-2.0486,0.81512,-2.4398,0.451383,-3.57509,2.5959,-3.57509,2.5959,162,1,-3200.31,-933.339,4646.37,-5360.58,9177.7,-938.687,25.7145,16136.9
584,0.0584,3280,1.08358e-13,1.12859,0.0891807,-1.76164,0.69085,-2.18238,0.444848,-3.565,2.58013,-3.565,2.58013,162,1,-4206.5,-1088.66,5655.26,-6415.69,11563.1,-1303.25,28.0455,17633
585,0.0585,3280,1.50102e-13,1.20292,0.077732,-1.84732,0.714778,-2.33175,0.483916,-3.5389,2.56037,-3.5389,2.56037,162,1,-4983.63,-1203.14,6414.87,-7206.06,13384.6,-1587.87,29.6256,18676.6
586,0.0586,3280,1.20792e-13,1.19466,0.07827,-1.59544,0.61284,-2.12149,0.478644,-3.51842,2.54102,-3.51842,2.54102,162,1,-5947.68,-1341.02,7346.04,-8168.72,15631.4,-1943.09,31.4696,19872
587,0.0587,3280,1.14575e-13,1.29552,0.0673102,-1.72243,0.655733,-2.33348,0.527325,-3.49512,2.52127,-3.49512,2.52127,162,1,-7315.82,-1530.46,8643.57,-9504.87,18794.3,-2450.3,33.8557,21421
588,0.0588,3280,1.08358e-13,1.29807,0.0682102,-1.55837,0.589648,-2.20774,0.526256,-3.47212,2.50003,-3.47212,2.50003,162,1,-7830.76,-1599.3,9123.46,-9997.71,19975.9,-2642.8,34.6793,21966.1
589,0.0589,3280,1.14575e-13,1.39482,0.0515794,-1.72714,0.640581,-2.45429,0.579397,-3.45825,2.48207,-3.45825,2.48207,162,1,-7948.22,-1615.45,9240.77,-10114.6,20252.7,-2686.46,34.8988,22090.7
590,0.059,3280,1.08358e-13,1.35725,0.0454735,-1.44235,0.515276,-2.18929,0.569614,-3.44501,2.46374,-3.44501,2.46374,162,1,-9187.16,-1781.35,10400.9,-11298.4,23099.1,-3148.07,37.0667,23334.5
591,0.0591,3280,1.27898e-13,1.41989,0.0312501,-1.55475,0.543904,-2.3562,0.607469,-3.4361,2.44842,-3.4361,2.44842,162,1,-8601.9,-1704.15,9866.72,-10748.2,21767.6,-2929.27,36.1528,22761.5
592,0.0592,3280,1.42109e-13,1.40496,0.0310503,-1.43193,0.490944,-2.24044,0.601195,-3.4159,2.42811,-3.4159,2.42811,162,1,-7738.39,-1587.45,9062.8,-9922.13,19787.1,-2608.09,34.7108,21876.4
593,0.0593,3280,1.36779e-13,1.34897,0.0398186,-1.09196,0.357737,-1.89973,0.569462,-3.38472,2.40405,-3.38472,2.40405,162,1,-6432.13,-1407.12,7835.1,-8655.88,16778.4,-2124.38,32.4833,20443.9
594,0.0594,3280,9.76996e-14,1.42358,0.0263122,-1.17353,0.377573,-2.04744,0.610196,-3.34897,2.37904,-3.34897,2.37904,162,1,-8477.02,-1684.93,9761.32,-10630.6,21490.5,-2885.09,35.7924,22636.5
595,0.0595,3280,1.06581e-13,1.38847,0.0392778,-0.928744,0.29176,-1.80967,0.582679,-3.31534,2.35168,-3.31534,2.35168,162,1,-9148.82,-1771.66,10383.4,-11264.1,23026.9,-3138.35,36.7902,23297.8
596,0.0596,3280,1.34115e-13,1.44451,0.0386828,-0.924592,0.290804,-1.8629,0.603928,-3.29605,2.33025,-3.29605,2.33025,162,1,-8997.64,-1749.19,10237.3,-11114.7,22675,-3084.25,36.5438,23147.2
597,0.0597,3280,1.073e-13,1.42815,0.0327545,-0.600422,0.151284,-1.59163,0.601955,-3.27114,2.30746,-3.27114,2.30746,162,1,-11092.7,-2022.18,12177.8,-13086.2,27465.1,-3869.57,39.5609,25096.9
598,0.0598,3280,1.28786e-13,1.54393,0.0121292,-0.798901,0.209191,-1.87979,0.666259,-3.25642,2.28758,-3.25642,2.28758,162,1,-10165.8,-1901.79,11330.2,-12221.8,25356.5,-3522.62,38.2654,24260.1
599,0.0599,3280,1.40332e-13,1.53199,0.00547606,-0.617921,0.126214,-1.72948,0.667341,-3.24393,2.26891,-3.24393,2.26891,162,1,-10350.3,-1926.45,11511,-12401.2,25787.6,-3591.5,38.615,24433
600,0.06,3280,1.66978e-13,1.65147,-0.0152931,-0.794224,0.176382,-2.00336,0.733274,-3.22815,2.24882,-3.22815,2.24882,162,1,-8907.83,-1738.03,10180,-11044.4,22493.8,-3051.16,36.5614,23067.4
601,0.0601,3280,1.22569e-13,1.65214,-0.0185915,-0.598331,0.0929488,-1.8516,0.736365,-3.19261,2.22228,-3.19261,2.22228,162,1,-8782.98,-1722.51,10071.1,-10931.1,22214.8,-3003.85,36.48,22947.4
602,0.0602,3280,1.94067e-13,1.79271,-0.0397617,-0.893893,0.192859,-2.24341,0.811314,-3.17819,2.20151,-3.17819,2.20151,162,1,-8875.21,-1734.62,10159.5,-11019.8,22428.4,-3038.49,36.5834,23039
603,0.0603,3280,1.23984e-13,1.78532,-0.0327335,-0.658128,0.106806,-2.05037,0.80139,-3.1654,2.18228,-3.1654,2.18228,162,1,-7980.17,-1615.74,9321.67,-10165.8,20372.5,-2704.01,35.254,22135.8
604,0.0604,3280,1.42109e-13,1.93033,-0.0397614,-0.752464,0.144026,-2.27988,0.86395,-3.13858,2.15785,-3.13858,2.15785,162,1,-7207.43,-1510.62,8589.78,-9418.06,18588.4,-2416.76,33.9811,21314.5
605,0.0605,3280,1.3145e-13,1.94935,-0.0249169,-0.444302,0.040033,-2.05176,0.856761,-3.09936,2.12895,-3.09936,2.12895,162,1,-6692.32,-1439.9,8100.45,-8916.47,17397.2,-2225.46,33.11,20744.3
606,0.0606,3280,1.03029e-13,2.01794,-0.0191336,-0.24072,-0.03245,-1.95666,0.87691,-3.06924,2.10139,-3.06924,2.10139,162,1,-6132.72,-1361.26,7564.63,-8365,16098.3,-2018.77,32.0623,20099.3
607,0.0607,3280,1.81188e-13,1.8945,-0.000400153,0.127904,-0.164804,-1.53057,0.811244,-3.04625,2.07696,-3.04625,2.07696,162,1,-4531.99,-1132.5,6013.86,-6762.86,12362.9,-1428.24,28.9855,18089.8
608,0.0608,3280,1.47438e-13,1.9392,-0.0163474,0.154106,-0.195922,-1.56644,0.84333,-3.01065,2.04781,-3.01065,2.04781,162,1,-2171.22,-763.354,3631.23,-4260.33,6747.32,-573.917,23.3268,14390.2
609,0.0609,3280,1.9007e-13,1.73604,0.0127258,0.565149,-0.336269,-1.01801,0.736505,-2.99453,2.02563,-2.99453,2.02563,162,1,-1733.25,-687.739,3169.04,-3764.8,5682.37,-418.94,22.0299,13534.3
610,0.061,3280,1.26121e-13,1.77829,-0.00070512,0.479002,-0.319919,-1.14135,0.763836,-2.96643,2.00057,-2.96643,2.00057,162,1,-1362.93,-619.655,2762.95,-3327.95,4766.23,-290.46,20.8095,12736.1
611,0.0611,3280,8.9706e-14,1.77218,-0.00277103,0.601527,-0.373174,-1.03704,0.761193,-2.93073,1.97277,-2.93073,1.97277,162,1,-1464.73,-637.979,2875.5,-3448.4,5018.81,-326.221,21.1629,12961.6
612,0.0612,3280,1.57208e-13,1.525,0.0573273,0.538429,-0.281171,-0.815599,0.610648,-2.90403,1.94997,-2.90403,1.94997,162,1,-1946.32,-722.415,3391.03,-4002.14,6197.49,-496.285,22.6756,13955.3
613,0.0613,3280,1.45661e-13,1.95679,-0.0509776,0.552,-0.409857,-1.28727,0.875828,-2.88036,1.92674,-2.88036,1.92674,162,1,-2458.22,-808.906,3935.87,-4577.85,7445,-678.575,24.1266,14911.6
614,0.0614,3280,1.20792e-13,1.66732,0.0232085,0.434042,-0.279839,-1.06434,0.698627,-2.85368,1.9024,-2.85368,1.9024,162,1,-2311.98,-783.972,3785.13,-4415.8,7092.98,-626.983,23.739,14647.9
615,0.0615,3280,1.71418e-13,1.68728,0.0150485,0.448907,-0.296717,-1.07505,0.714563,-2.81881,1.87495,-2.81881,1.87495,162,1,-2657.73,-841.148,4149.82,-4799.05,7931.9,-750.612,24.6787,15262.1
616,0.0616,3280,1.20792e-13,1.86417,-0.0139229,0.156875,-0.208701,-1.50614,0.810832,-2.79579,1.85021,-2.79579,1.85021,162,1,-2260.4,-775.1,3737.33,-4361.35,6974.24,-609.043,23.6363,14557.8
617,0.0617,3280,1.43441e-13,1.91094,-0.0282238,0.346013,-0.302664,-1.4072,0.841307,-2.75766,1.81938,-2.75766,1.81938,162,1,-2367.44,-793.034,3854.57,-4482.76,7237.91,-647.288,23.9533,14754.7
618,0.0618,3280,1.25233e-13,1.92579,-0.0190865,0.175122,-0.220096,-1.56062,0.839609,-2.70248,1.7831,-2.70248,1.7831,162,1,-2665.59,-841.918,4164.46,-4810.26,7957.03,-754.17,24.778,15279.1
619,0.0619,3280,2.02505e-13,2.20043,-0.0728628,0.125281,-0.256748,-1.89993,0.994285,-2.64011,1.74692,-2.64011,1.74692,162,1,-3377.78,-955.162,4895.28,-5576.62,9663.47,-1011.11,26.6254,16437.5
620,0.062,3280,2.98428e-13,2.39024,-0.0972504,-0.164014,-0.161047,-2.34069,1.09089,-2.59489,1.71788,-2.59489,1.71788,162,1,-4276.68,-1092.1,5796.73,-6515.53,11794.2,-1338.32,28.7064,17752.2
621,0.0621,3280,1.39444e-13,2.48075,-0.105662,-0.211817,-0.148337,-2.4766,1.13342,-2.5666,1.68917,-2.5666,1.68917,162,1,-4841.15,-1174.61,6350.83,-7090.07,13119.4,-1545.84,29.8908,18511.9
622,0.0622,3280,2.71783e-13,2.66786,-0.14062,-0.47118,-0.078847,-2.8949,1.23863,-2.52897,1.66385,-2.52897,1.66385,162,1,-5600.93,-1284.96,7095.37,-7858.02,14900.9,-1824.88,31.5009,19476.6
623,0.0623,3280,1.33671e-13,2.74193,-0.149319,-0.741251,0.0229499,-3.19136,1.27646,-2.48203,1.63541,-2.48203,1.63541,162,1,-5219.4,-1230.63,6729.82,-7478.69,14014.4,-1684.14,30.765,19003.6
624,0.0624,3280,1.41054e-13,2.66431,-0.14298,-0.458288,-0.0888237,-2.87834,1.23957,-2.44059,1.6083,-2.44059,1.6083,162,1,-4539.56,-1131.32,6066.33,-6790.3,12422.2,-1434.65,29.2853,18115.6
625,0.0625,3280,1.803e-13,2.55788,-0.132639,-0.0685831,-0.239784,-2.44987,1.18729,-2.40629,1.5792,-2.40629,1.5792,162,1,-5777.19,-1310.11,7283.58,-8042.03,15327.7,-1890.13,31.7546,19695.8
626,0.0626,3280,1.94511e-13,2.50266,-0.117458,0.155573,-0.314661,-2.20542,1.15096,-2.36505,1.54963,-2.36505,1.54963,162,1,-4830.31,-1173.13,6357.11,-7087.09,13109.1,-1542.1,29.7667,18502.3
627,0.0627,3280,1.19016e-13,2.33533,-0.0998077,0.805386,-0.564994,-1.50393,1.06752,-2.31309,1.51368,-2.31309,1.51368,162,1,-5465.61,-1265.37,6979.71,-7729.32,14598.7,-1775.47,31.1484,19313.4
628,0.0628,3280,2.59348e-13,2.58359,-0.134856,0.429333,-0.447689,-2.07485,1.19593,-2.25809,1.47797,-2.25809,1.47797,162,1,-5411.41,-1255.8,6918.29,-7668.24,14464,-1757.08,30.9966,19242.4
629,0.0629,3280,1.78524e-13,2.61396,-0.126782,0.546952,-0.481794,-2.01087,1.19946,-2.20809,1.44216,-2.20809,1.44216,162,1,-5604.65,-1283.69,7102.88,-7860.78,14912.8,-1828.1,31.4324,19481
630,0.063,3280,2.4869e-13,2.8729,-0.16671,-0.00906726,-0.294822,-2.74299,1.33772,-2.17148,1.41037,-2.17148,1.41037,162,1,-5675.98,-1294.07,7171.56,-7932.33,15078.9,-1854.28,31.5481,19568.2
631,0.0631,3280,1.1946e-13,2.78063,-0.1572,0.191983,-0.369972,-2.48777,1.29277,-2.13318,1.3759,-2.13318,1.3759,162,1,-5021.55,-1200.31,6538.21,-7277.51,13552.3,-1613.16,30.2889,18750.1
632,0.0632,3280,1.10134e-13,3.05604,-0.234776,0.0172186,-0.387838,-2.94254,1.47057,-2.09504,1.34222,-2.09504,1.34222,162,1,-4945.47,-1190.98,6476.38,-7209.65,13386.3,-1583.98,30.3636,18658.5
633,0.0633,3280,2.21712e-13,3.25484,-0.269285,-0.685129,-0.13844,-3.72503,1.58193,-2.04384,1.2999,-2.04384,1.2999,162,1,-5217.92,-1230.86,6749.6,-7488.74,14031,-1683.96,30.9629,19010.7
634,0.0634,3280,1.2923e-13,3.29172,-0.289069,-0.327082,-0.308048,-3.48411,1.61288,-1.97526,1.26012,-1.97526,1.26012,162,1,-4753.37,-1163.7,6294.22,-7018.97,12941.8,-1512.94,30.046,18410.7
635,0.0635,3280,1.37668e-13,3.33135,-0.292705,-0.407825,-0.275956,-3.58922,1.63213,-1.91273,1.2158,-1.91273,1.2158,162,1,-3596.07,-991.133,5138.91,-5822.55,10205.5,-1089.36,27.5167,16784.3
636,0.0636,3280,1.19904e-13,3.35991,-0.310537,-0.143635,-0.406633,-3.41262,1.6582,-1.87796,1.18074,-1.87796,1.18074,162,1,-3706.06,-1007.68,5245.17,-5935.23,10462.5,-1129.56,27.7768,16946.3
637,0.0637,3280,1.25511e-13,3.58165,-0.357654,-0.53023,-0.301972,-3.96816,1.78797,-1.8346,1.14371,-1.8346,1.14371,162,1,-4093.25,-1066.16,5626.61,-6335.29,11374.2,-1270.81,28.6968,17505.2
638,0.0638,3280,1.63425e-13,3.87182,-0.396344,-1.53546,0.0711881,-5.08757,1.9395,-1.80163,1.1111,-1.80163,1.1111,162,1,-3807.89,-1023.92,5340.54,-6039.68,10698.5,-1165.99,28.1359,17095.9
639,0.0639,3280,2.4869e-13,4.07567,-0.446542,-1.64152,0.0579805,-5.39989,2.06441,-1.77724,1.08249,-1.77724,1.08249,162,1,-3649.63,-1000.88,5182.86,-5876.44,10324.8,-1107.47,27.8805,16864.5
640,0.064,3280,2.06057e-13,4.06339,-0.44927,-1.69201,0.0739014,-5.42841,2.06304,-1.74858,1.05186,-1.74858,1.05186,162,1,-3506.8,-979.698,5039.19,-5727.52,9985.99,-1054.85,27.6565,16651.1
641,0.0641,3280,1.41664e-13,4.22358,-0.465449,-2.387,0.342017,-6.15617,2.14278,-1.71834,1.01968,-1.71834,1.01968,162,1,-3351.91,-954.832,4880.26,-5561.06,9614.99,-999.298,27.1131,16411.7
642,0.0642,3280,1.47438e-13,3.97092,-0.482715,-0.174864,-0.597395,-4.12803,2.05184,-1.68826,0.986347,-1.68826,0.986347,162,1,-3602.4,-992.946,5136.59,-5825.71,10213.4,-1090.76,27.7029,16793
643,0.0643,3280,1.58984e-13,4.42735,-0.598427,-0.206059,-0.715725,-4.66205,2.33269,-1.66535,0.957697,-1.66535,0.957697,162,1,-3530.27,-981.155,5068.72,-5750.94,10046,-1065.23,27.3954,16684.6
644,0.0644,3280,4.1922e-13,2.99783,-0.318925,1.93835,-1.29377,-1.3771,1.5192,-1.62362,0.923907,-1.62362,0.923907,162,1,-3086.75,-908.418,4583.1,-5257.96,8957.16,-907.051,26.4303,15982
645,0.0645,3280,5.2669e-13,4.09644,-0.498939,-0.551942,-0.460525,-4.56727,2.11702,-1.60055,0.895466,-1.60055,0.895466,162,1,-3852.3,-1031.96,5382.25,-6086.79,10803,-1180.97,28.686,17165.3
646,0.0646,3280,3.16192e-13,3.61171,-0.389686,-0.143812,-0.508653,-3.70219,1.8293,-1.58114,0.869703,-1.58114,0.869703,162,1,-3337.36,-950.713,4848.47,-5534.29,9564.9,-995.179,27.1604,16382.8
647,0.0647,3280,1.81188e-13,4.15982,-0.502027,-0.788959,-0.366974,-4.82244,2.14468,-1.57556,0.846938,-1.57556,0.846938,162,1,-3342.9,-951.666,4857.68,-5541.81,9580.78,-997.165,26.9729,16390.8
648,0.0648,3280,1.24789e-13,3.05662,-0.251354,-0.0054005,-0.412013,-2.97346,1.48854,-1.55802,0.820994,-1.55802,0.820994,162,1,-3197.13,-926.718,4693.4,-5375.31,9217.66,-945.864,26.4676,16153.5
649,0.0649,3280,3.26406e-13,3.67256,-0.382645,-0.731539,-0.258418,-4.2363,1.84771,-1.53296,0.794115,-1.53296,0.794115,162,1,-3428.52,-964.002,4932.45,-5625.02,9773.43,-1028.81,27.0895,16516.9
650,0.065,3280,1.88294e-13,3.75456,-0.41591,-0.41136,-0.429146,-4.07771,1.90768,-1.51687,0.767043,-1.51687,0.767043,162,1,-3274.56,-939.849,4777.35,-5461.86,9407.19,-973.186,26.5996,16277.8
651,0.0651,3280,1.77636e-13,3.90876,-0.460214,-0.312984,-0.519435,-4.17416,2.00634,-1.47832,0.733988,-1.47832,0.733988,162,1,-2710.75,-849.788,4197.2,-4853.62,8054.58,-770.099,25.0557,15356.3
652,0.0652,3280,2.42473e-13,2.95478,-0.292011,1.49149,-1.07933,-1.68947,1.47818,-1.43269,0.699648,-1.43269,0.699648,162,1,-3263.39,-937.986,4762.64,-5448.11,9377.19,-969.169,26.7475,16258
653,0.0653,3280,1.63425e-13,4.33138,-0.584649,0.20385,-0.872983,-4.24342,2.27905,-1.4122,0.670731,-1.4122,0.670731,162,1,-4020.35,-1054.89,5518.83,-6241.99,11170.7,-1243.79,28.7122,17391.8
654,0.0654,3280,2.46025e-13,3.83604,-0.437736,-0.470598,-0.428438,-4.21981,1.95739,-1.38927,0.644168,-1.38927,0.644168,162,1,-4418.24,-1113.29,5903.04,-6645.33,12099.6,-1389.92,29.4499,17943.5
655,0.0655,3280,2.93099e-13,3.97663,-0.452239,-0.808331,-0.30322,-4.63956,2.02558,-1.35778,0.612866,-1.35778,0.612866,162,1,-4945.15,-1189.89,6417.41,-7178.57,13333.3,-1583.67,30.3656,18642.1
656,0.0656,3280,2.63789e-13,3.8505,-0.445798,-0.0371493,-0.614441,-3.89132,1.96811,-1.34998,0.590069,-1.34998,0.590069,162,1,-4515.32,-1127.49,5996.95,-6743.09,12325.8,-1425.43,29.5809,18073.6
657,0.0657,3280,2.10498e-13,3.96168,-0.479678,-0.0511649,-0.648035,-4.03081,2.04243,-1.36496,0.570416,-1.36496,0.570416,162,1,-3963.41,-1046.44,5455.25,-6179.36,11029.9,-1222.52,28.5381,17308
658,0.0658,3280,1.75859e-13,4.17341,-0.542789,-0.124652,-0.690928,-4.33047,2.1826,-1.35327,0.53979,-1.35327,0.53979,162,1,-3917.51,-1042.13,5421.55,-6141.98,10933.5,-1203.71,28.7444,17250.7
659,0.0659,3280,4.43201e-13,4.11565,-0.519845,-0.747351,-0.408593,-4.76044,2.14331,-1.32946,0.512509,-1.32946,0.512509,162,1,-3338.98,-955.377,4849.21,-5542.4,9569.19,-991.675,27.4739,16390.9
660,0.066,3280,2.70006e-13,4.06984,-0.537994,-0.0942481,-0.70157,-4.19567,2.13977,-1.27912,0.480655,-1.27912,0.480655,162,1,-3588.44,-994.162,5104.37,-5807.19,10165.2,-1081.93,28.0783,16772.1
661,0.0661,3280,1.4988e-13,3.91812,-0.498201,-0.237111,-0.598615,-4.13668,2.04615,-1.23495,0.442754,-1.23495,0.442754,162,1,-3017.47,-903.578,4518.74,-5195.21,8797.75,-876.115,26.4082,15876.7
662,0.0662,3280,2.94875e-13,4.47562,-0.630561,-0.539615,-0.621149,-4.99902,2.38266,-1.2116,0.419368,-1.2116,0.419368,162,1,-3895.19,-1043.05,5412.76,-6132.07,10894.4,-1191.72,29.048,17229.1
663,0.0663,3280,1.5854e-13,3.87978,-0.509376,0.191192,-0.789624,-3.75604,2.03989,-1.14845,0.380089,-1.14845,0.380089,162,1,-3890.2,-1040.18,5389.92,-6114.86,10866,-1191.31,28.9126,17214.3
664,0.0664,3280,3.01092e-13,3.95517,-0.492503,-0.734825,-0.384701,-4.563,2.0574,-1.13298,0.365718,-1.13298,0.365718,162,1,-4184.54,-1085.01,5688.8,-6422.89,11566.1,-1298.26,29.3823,17633.5
665,0.0665,3280,3.47278e-13,3.7944,-0.455804,-0.588078,-0.403196,-4.26446,1.96134,-1.12357,0.354913,-1.12357,0.354913,162,1,-4602.14,-1147.54,6096.26,-6849.8,12545.1,-1450.57,30.3821,18205.6
666,0.0666,3280,3.5083e-13,3.92031,-0.4859,-0.764062,-0.364951,-4.54197,2.03768,-1.09489,0.331269,-1.09489,0.331269,162,1,-3933.9,-1046.69,5436.25,-6160.86,10970.8,-1207.36,28.6821,17275.2
667,0.0667,3280,3.16192e-13,3.8078,-0.472059,-0.565321,-0.433375,-4.26126,1.98068,-1.08804,0.32151,-1.08804,0.32151,162,1,-4025.55,-1061.15,5532.3,-6259.34,11192.1,-1240.44,28.9914,17409.4
668,0.0668,3280,3.65041e-13,3.82876,-0.490665,-0.336305,-0.550402,-4.10516,2.00429,-1.07574,0.308763,-1.07574,0.308763,162,1,-4123.97,-1076.31,5631.95,-6362.85,11426.6,-1276.23,29.3453,17551.1
669,0.0669,3280,2.52243e-13,3.54054,-0.414114,-0.548239,-0.378339,-3.95234,1.82452,-1.06766,0.299081,-1.06766,0.299081,162,1,-3545.98,-987.653,5050.78,-5757.25,10054.7,-1066.33,27.8733,16705.4
670,0.067,3280,1.88294e-13,3.57622,-0.423342,-0.573201,-0.378547,-4.01291,1.84643,-1.06178,0.29036,-1.06178,0.29036,162,1,-3847.45,-1034.98,5355.49,-6076.21,10772.4,-1175.11,28.7483,17155.8
671,0.0671,3280,3.30402e-13,3.96483,-0.459621,-2.2085,0.259263,-5.73692,2.03547,-1.06631,0.285997,-1.06631,0.285997,162,1,-4049.7,-1065.99,5563.09,-6289.34,11255.6,-1248.54,29.0449,17447.1
672,0.0672,3280,2.06057e-13,3.60245,-0.376556,-1.87311,0.213424,-5.06513,1.8184,-1.07,0.282152,-1.07,0.282152,162,1,-3977.29,-1053.74,5484.37,-6208.65,11077.8,-1223.1,28.7337,17339.1
673,0.0673,3280,2.04725e-13,3.9403,-0.453149,-1.9705,0.167604,-5.51747,2.01795,-1.07495,0.278262,-1.07495,0.278262,162,1,-3963.8,-1051.36,5477.13,-6196.48,11050.5,-1218.52,28.4831,17318.6
674,0.0674,3280,3.41061e-13,3.99488,-0.532012,-0.0990836,-0.697164,-4.10469,2.10253,-1.06726,0.268393,-1.06726,0.268393,162,1,-4793.46,-1175.28,6290.02,-7046.45,12999.7,-1521.56,30.744,18461.5
675,0.0675,3280,3.51719e-13,3.86277,-0.4943,-0.175949,-0.623904,-4.02133,2.01821,-1.06035,0.259051,-1.06035,0.259051,162,1,-5462.93,-1272.79,6942.22,-7722.17,14566.9,-1767.17,32.3169,19318.7
676,0.0676,3280,1.81188e-13,3.60466,-0.379493,-1.56577,0.0791849,-4.82773,1.82091,-1.06288,0.254639,-1.06288,0.254639,162,1,-3749.7,-1016.66,5248.75,-5962.37,10530.3,-1141.83,27.8171,17000.8
677,0.0677,3280,1.5099e-13,3.97838,-0.501174,-0.766925,-0.389201,-4.6146,2.07214,-1.06021,0.247088,-1.06021,0.247088,162,1,-4461.45,-1125.33,5972.92,-6708.88,12226.2,-1400.36,29.5448,18014.4
678,0.0678,3280,2.02505e-13,3.21567,-0.352962,0.502514,-0.750491,-2.76244,1.63841,-1.0498,0.237751,-1.0498,0.237751,162,1,-4451.83,-1121.58,5942.27,-6685.18,12184.4,-1398.34,29.5021,17994.1
679,0.0679,3280,4.83169e-13,3.94755,-0.451145,-1.65899,0.036423,-5.28454,2.01885,-1.0517,0.232803,-1.0517,0.232803,162,1,-5237.43,-1238.23,6722.48,-7490.19,14037.2,-1685.2,31.2957,19029.9
680,0.068,3280,2.20268e-13,3.62314,-0.377906,-1.21232,-0.0641617,-4.56599,1.8253,-1.05093,0.227372,-1.05093,0.227372,162,1,-5624.52,-1294.35,7097.65,-7878.43,14940.6,-1827.08,32.0814,19511.2
681,0.0681,3280,1.84741e-13,3.95327,-0.432675,-1.8929,0.157954,-5.47021,2.00458,-1.054,0.223157,-1.054,0.223157,162,1,-5801.17,-1319.5,7268.46,-8054.51,15352.3,-1892.17,32.3689,19725.4
682,0.0682,3280,3.69482e-13,3.99493,-0.459048,-1.19524,-0.157442,-4.96187,2.04114,-1.05277,0.217386,-1.05277,0.217386,162,1,-6199.02,-1376.26,7657.51,-8452.49,16283.2,-2038.62,33.0996,20198.9
683,0.0683,3280,2.66454e-13,4.09174,-0.474789,-1.09488,-0.213208,-4.98907,2.09231,-1.05138,0.211479,-1.05138,0.211479,162,1,-6123.41,-1366.58,7578.81,-8376.83,16102.8,-2009.73,33.1654,20111
684,0.0684,3280,4.12115e-13,4.06057,-0.502304,-0.383223,-0.538098,-4.39669,2.10287,-1.04561,0.203773,-1.04561,0.203773,162,1,-5995.46,-1351.82,7458.12,-8257.39,15809.3,-1959.75,33.365,19966.6
685,0.0685,3280,1.66978e-13,3.57757,-0.378465,-0.79044,-0.233525,-4.17889,1.80653,-1.04284,0.198287,-1.04284,0.198287,162,1,-4702.6,-1163.52,6199.08,-6953.62,12783.3,-1485.47,30.2063,18338
686,0.0686,3280,2.13163e-13,3.88984,-0.459214,-1.10667,-0.195463,-4.78172,2.00164,-1.04232,0.193118,-1.04232,0.193118,162,1,-4590.57,-1147.59,6089.53,-6840.76,12520.8,-1443.97,29.9607,18189.4
687,0.0687,3280,2.73559e-13,3.96442,-0.507831,-0.446324,-0.522892,-4.3492,2.07194,-1.03802,0.186091,-1.03802,0.186091,162,1,-4860.32,-1189.12,6350.61,-7117.63,13152.8,-1541.38,31.0206,18552.3
688,0.0688,3280,4.583e-13,3.69728,-0.433841,-0.749599,-0.315966,-4.29198,1.90303,-1.03615,0.180581,-1.03615,0.180581,162,1,-5384.66,-1263.61,6855.96,-7641.08,14374.1,-1735.29,31.9462,19218.9
689,0.0689,3280,3.94129e-13,4.03992,-0.520775,-0.856732,-0.369103,-4.76065,2.11407,-1.035,0.174799,-1.035,0.174799,162,1,-7300.07,-1533.94,8706.12,-9539.42,18835.9,-2442.51,35.7521,21445
690,0.069,3280,5.32907e-13,3.75748,-0.441807,-1.12248,-0.169084,-4.65455,1.93433,-1.03517,0.170124,-1.03517,0.170124,162,1,-7705.3,-1589.53,9080.65,-9928.01,19763.5,-2592.73,36.5255,21876
691,0.0691,3280,3.30402e-13,3.68475,-0.392884,-1.96024,0.233797,-5.23177,1.86525,-1.03984,0.16776,-1.03984,0.16776,162,1,-6704.02,-1452.1,8131.18,-8953.49,17448,-2220.76,34.4837,20782
692,0.0692,3280,1.95399e-13,3.8993,-0.40786,-3.31249,0.776327,-6.54171,1.96682,-1.05169,0.168369,-1.05169,0.168369,162,1,-5468.45,-1275.65,6927.63,-7718.81,14559.3,-1765.84,31.6869,19315.6
693,0.0693,3280,1.56319e-13,3.89935,-0.448625,-2.46717,0.378657,-5.87619,2.00078,-1.057,0.166084,-1.057,0.166084,162,1,-5756.44,-1319.76,7221.87,-8018.07,15245.7,-1869.66,32.5125,19674.9
694,0.0694,3280,3.41061e-13,3.47052,-0.428819,-0.215096,-0.534584,-3.62111,1.80859,-1.04724,0.157769,-1.04724,0.157769,162,1,-6279.3,-1394.88,7717.53,-8535.19,16457.5,-2061.68,34.0181,20298.5
695,0.0695,3280,2.66454e-13,3.52937,-0.36879,-2.38314,0.428074,-5.4009,1.78674,-1.04929,0.154842,-1.04929,0.154842,162,1,-5649,-1304.91,7113.15,-7908.62,14991.8,-1829.41,32.4895,19545.5
696,0.0696,3280,1.33227e-13,3.91143,-0.43498,-3.37451,0.761925,-6.61437,1.99909,-1.05613,0.153467,-1.05613,0.153467,162,1,-5556.57,-1291.03,7021.6,-7813.17,14773.5,-1795.61,32.0485,19429.2
697,0.0697,3280,1.7053e-13,3.78382,-0.418758,-3.10929,0.668323,-6.25945,1.93506,-1.06111,0.151438,-1.06111,0.151438,162,1,-5881.35,-1337.06,7332.39,-8133.95,15527.2,-1915.19,32.5362,19821.1
698,0.0698,3280,3.24185e-13,3.50211,-0.384893,-2.15288,0.308548,-5.1858,1.79236,-1.06027,0.147217,-1.06027,0.147217,162,1,-6331.65,-1401.14,7764.64,-8579.88,16574.2,-2080.88,33.5748,20352.4
699,0.0699,3280,2.33591e-13,3.75955,-0.412165,-3.00589,0.631072,-6.14187,1.92018,-1.0657,0.14535,-1.0657,0.14535,162,1,-6153.07,-1376.1,7600.81,-8407.07,16166,-2014.91,33.1709,20145.8
700,0.07,3280,3.09974e-13,4.06328,-0.461571,-3.59161,0.81875,-6.93942,2.08439,-1.07556,0.144962,-1.07556,0.144962,162,1,-5560.29,-1292.12,7038.08,-7822.85,14794,-1796.37,32.0529,19437.2
701,0.0701,3280,3.25073e-13,3.54527,-0.42656,-0.830814,-0.286096,-4.17577,1.84128,-1.06915,0.138063,-1.06915,0.138063,162,1,-5899.76,-1341.65,7373.88,-8167.21,15593.2,-1920.75,33.0496,19853.8
702,0.0702,3280,2.8888e-13,3.81889,-0.459243,-1.9023,0.122404,-5.32852,1.98127,-1.07028,0.134026,-1.07028,0.134026,162,1,-6497.01,-1425.17,7937.33,-8751.48,16972,-2141.54,34.0988,20548.8
703,0.0703,3280,2.62901e-13,4.35577,-0.532477,-3.72334,0.796352,-7.36995,2.26269,-1.08349,0.134459,-1.08349,0.134459,162,1,-6633.45,-1444.75,8068.94,-8886.57,17289.1,-2191.39,34.1548,20703.6
704,0.0704,3280,1.59872e-13,3.55052,-0.40988,-1.66482,0.0798119,-4.84591,1.83284,-1.08409,0.130509,-1.08409,0.130509,162,1,-6356.93,-1406.11,7796.44,-8610.64,16639.9,-2088.77,33.6474,20384.5
705,0.0705,3280,1.58984e-13,4.04673,-0.507696,-2.54333,0.334166,-6.09512,2.11665,-1.08944,0.127887,-1.08944,0.127887,162,1,-6166.56,-1380.35,7622.04,-8428.52,16205.3,-2017.76,33.2708,20166.1
706,0.0706,3280,3.10196e-13,3.56391,-0.424976,-1.59147,0.0324352,-4.80469,1.85175,-1.08872,0.123294,-1.08872,0.123294,162,1,-7214.76,-1526.81,8617.32,-9454.74,18630.7,-2405.2,35.4191,21349.3
707,0.0707,3280,2.30038e-13,4.10458,-0.48427,-3.63585,0.814834,-7.02634,2.12234,-1.09999,0.123264,-1.09999,0.123264,162,1,-7850.09,-1612.6,9212.76,-10065.1,20091,-2641.76,36.1356,22022.1
708,0.0708,3280,1.27898e-13,3.68996,-0.409554,-2.59307,0.46641,-5.74043,1.88944,-1.10394,0.120772,-1.10394,0.120772,162,1,-7548.52,-1568.31,8903.85,-9756.88,19372.5,-2532.03,35.3021,21694.6
709,0.0709,3280,3.42837e-13,4.02015,-0.501636,-2.05351,0.140586,-5.68571,2.098,-1.10359,0.115949,-1.10359,0.115949,162,1,-10217.9,-1927.47,11421.9,-12318.2,25523.9,-3525.82,40.0904,24342
710,0.071,3280,3.55271e-13,3.46107,-0.377591,-1.58172,0.0842877,-4.68608,1.76847,-1.0997,0.110573,-1.0997,0.110573,162,1,-10031.8,-1899.92,11226.8,-12126.9,25077.1,-3458.45,39.6419,24162.8
711,0.0711,3280,1.78524e-13,4.12491,-0.468028,-3.77281,0.891698,-7.15392,2.11561,-1.1086,0.109922,-1.1086,0.109922,162,1,-7749.68,-1595.35,9105.33,-9956.1,19846.5,-2607.45,35.5733,21909.4
712,0.0712,3280,1.75859e-13,3.29763,-0.334221,-1.84262,0.24099,-4.69942,1.66764,-1.10557,0.105247,-1.10557,0.105247,162,1,-6879.83,-1477.07,8294.44,-9119.31,17848.9,-2283.93,34.1099,20971.5
713,0.0713,3280,2.67342e-13,3.81992,-0.447128,-2.57738,0.41909,-5.86223,1.97482,-1.10707,0.101651,-1.10707,0.101651,162,1,-6766.04,-1462.68,8189.96,-9012.88,17590.4,-2240.88,34.1871,20849.2
714,0.0714,3280,5.53335e-13,3.67031,-0.406053,-2.62635,0.484662,-5.73294,1.88017,-1.10972,0.0987664,-1.10972,0.0987664,162,1,-6715.86,-1455.44,8140.96,-8962.87,17473.2,-2222.58,34.1254,20792.8
715,0.0715,3280,2.54463e-13,3.68326,-0.424516,-2.17775,0.279943,-5.38851,1.89968,-1.11044,0.0949045,-1.11044,0.0949045,162,1,-7009.46,-1493.3,8411.74,-9240.35,18143.3,-2333.46,34.2281,21112.9
716,0.0716,3280,1.47882e-13,3.66862,-0.414823,-2.15869,0.285438,-5.35472,1.88509,-1.11172,0.0913352,-1.11172,0.0913352,162,1,-8114.3,-1644.4,9452.23,-10308.1,20689.5,-2743.55,36.1798,22288.9
717,0.0717,3280,2.68896e-13,3.51858,-0.36072,-2.55652,0.513417,-5.50081,1.77969,-1.11575,0.0893186,-1.11575,0.0893186,162,1,-7756.28,-1595.61,9100.3,-9955.3,19850.6,-2610.12,35.4022,21911.1
718,0.0718,3280,2.26708e-13,3.60222,-0.418771,-1.72113,0.103099,-4.93575,1.86108,-1.11468,0.0848424,-1.11468,0.0848424,162,1,-7586.02,-1572.31,8912.81,-9777.36,19433.2,-2546.12,34.8694,21723.2
719,0.0719,3280,1.98092e-13,3.54231,-0.488827,0.00736969,-0.691855,-3.51438,1.8952,-1.1026,0.07538,-1.1026,0.07538,162,1,-10733.4,-1993.11,11823.6,-12762.2,26632.2,-3717.99,40.2943,24792.1
720,0.072,3280,3.05533e-13,3.90307,-0.545615,-1.3808,-0.180824,-5.01762,2.09283,-1.09868,0.0689345,-1.09868,0.0689345,162,1,-13106,-2300.55,13999.1,-14970.6,32034.4,-4605.86,43.8423,26828.9
721,0.0721,3280,3.09086e-13,3.70603,-0.51866,-1.14619,-0.251768,-4.61104,1.99166,-1.09238,0.0616856,-1.09238,0.0616856,162,1,-10982.6,-2028.23,12063.1,-13003.4,27209.5,-3808.67,40.6703,25017.8
722,0.0722,3280,1.89182e-13,3.75085,-0.485946,-2.52375,0.352181,-5.7457,1.98512,-1.09417,0.0579766,-1.09417,0.0579766,162,1,-8620.19,-1718.52,9893.84,-10785,21823.2,-2924.92,36.9696,22796.4
723,0.0723,3280,1.46549e-13,3.80618,-0.545358,-1.43006,-0.168507,-4.93895,2.05527,-1.08874,0.0508447,-1.08874,0.0508447,162,1,-8034.91,-1637.82,9340.1,-10218.2,20471.6,-2708.4,35.6629,22196.8
724,0.0724,3280,1.2701e-13,2.87144,-0.413048,1.48092,-1.23043,-1.60306,1.56214,-1.0652,0.0370511,-1.0652,0.0370511,162,1,-7988.88,-1629.6,9279.12,-10162.8,20349.9,-2692.72,35.7487,22145.1
725,0.0725,3280,2.80664e-13,4.15472,-0.591342,-2.03825,0.0265985,-5.821,2.23319,-1.06346,0.0310274,-1.06346,0.0310274,162,1,-9281.12,-1806.58,10513.9,-11416,23342.9,-3171.53,38.1225,23447.1
726,0.0726,3280,2.41585e-13,3.70347,-0.529046,-0.545885,-0.523376,-4.13516,1.99581,-1.05299,0.0218036,-1.05299,0.0218036,162,1,-8053.24,-1641.36,9362.75,-10241.8,20521.1,-2714.84,36.3484,22222.4
727,0.0727,3280,2.19602e-13,3.85708,-0.522989,-1.76764,-0.0106339,-5.26934,2.05463,-1.05039,0.0158884,-1.05039,0.0158884,162,1,-8214.6,-1664.95,9530.19,-10407.1,20906.7,-2773.62,36.638,22392.3
728,0.0728,3280,2.4869e-13,4.05105,-0.572286,-1.79029,-0.0557209,-5.494,2.17388,-1.04852,0.00992092,-1.04852,0.00992092,162,1,-6475.01,-1424.52,7888.73,-8718.28,16892.9,-2129.7,33.2965,20509.9
729,0.0729,3280,1.93623e-13,3.68172,-0.544744,0.192392,-0.852443,-3.53823,1.99791,-1.03443,-0.000953497,-1.03443,-0.000953497,162,1,-8002.11,-1632.91,9313.33,-10189.7,20401.2,-2697.15,36.1362,22166.8
730,0.073,3280,7.69163e-13,3.95789,-0.560923,-1.05541,-0.356767,-4.834,2.12484,-1.02826,-0.00871705,-1.02826,-0.00871705,162,1,-6517.68,-1431.93,7935.9,-8767.36,17000.1,-2144.85,34.026,20567.1
731,0.0731,3280,2.86882e-13,3.62821,-0.461752,-1.80741,0.0684646,-5.05024,1.9117,-1.02684,-0.0138248,-1.02684,-0.0138248,162,1,-5771.44,-1326.17,7220.83,-8029.02,15266.2,-1869.71,32.4056,19689.1
732,0.0732,3280,2.17604e-13,3.78604,-0.504296,-1.76405,0.00228383,-5.18841,2.0107,-1.0246,-0.0195681,-1.0246,-0.0195681,162,1,-4378.79,-1123.15,5871.42,-6627.15,12014.4,-1359.33,29.5451,17901.6
733,0.0733,3280,2.4869e-13,3.64173,-0.479317,-1.2303,-0.192701,-4.60533,1.92985,-1.01873,-0.0266711,-1.01873,-0.0266711,162,1,-3511.53,-990.68,5016.35,-5728.82,9971.25,-1044.61,27.3409,16651.1
734,0.0734,3280,2.56684e-13,3.76304,-0.548378,0.030271,-0.791223,-3.73972,2.0334,-1.00519,-0.0374145,-1.00519,-0.0374145,162,1,-2963.67,-903.137,4451.67,-5139.89,8657.43,-847.963,26.1272,15786.1
735,0.0735,3280,3.87246e-13,4.27458,-0.628003,-1.02181,-0.441255,-5.12514,2.30724,-0.998441,-0.0458264,-0.998441,-0.0458264,162,1,-2158.85,-772.072,3631.3,-4267.58,6733.02,-559.827,24.3932,14392.1
736,0.0736,3280,1.84741e-13,3.93815,-0.530578,-1.49626,-0.132955,-5.11242,2.09113,-0.995268,-0.0520275,-0.995268,-0.0520275,162,1,-1611.39,-674.787,3034.78,-3634.34,5384.44,-368.243,22.637,13299.6
737,0.0737,3280,2.70006e-13,3.77423,-0.4998,-1.28103,-0.187403,-4.75316,1.99883,-0.990916,-0.0584433,-0.990916,-0.0584433,162,1,-1240.65,-604.214,2622.71,-3187.89,4459.71,-241.031,20.8377,12466.2
738,0.0738,3280,2.21601e-13,4.20686,-0.629667,-0.69537,-0.577812,-4.77331,2.28061,-0.983254,-0.0670966,-0.983254,-0.0670966,162,1,-997.382,-557.756,2355.38,-2894.2,3855.77,-157.416,19.9556,11879.6
739,0.0739,3280,2.77112e-13,2.71054,-0.350413,1.55092,-1.19688,-1.33228,1.44125,-0.961779,-0.0795247,-0.961779,-0.0795247,162,1,-864.001,-529.006,2191.45,-2717.9,3507.66,-113.617,19.6184,11524.6
740,0.074,3280,1.43885e-13,4.23798,-0.675817,-0.0804263,-0.882628,-4.32115,2.33203,-0.950557,-0.0899372,-0.950557,-0.0899372,162,1,-1258.86,-608.608,2650.85,-3216.17,4513.27,-246.912,21.3421,12517.2
741,0.0741,3280,2.70006e-13,3.52583,-0.510297,0.189683,-0.809419,-3.31451,1.90608,-0.937465,-0.0999798,-0.937465,-0.0999798,162,1,-1105.66,-577.212,2465.27,-3019.65,4116.97,-195.713,20.6507,12143.2
742,0.0742,3280,4.02095e-13,3.95781,-0.590532,-0.581895,-0.577159,-4.40484,2.1486,-0.929051,-0.108594,-0.929051,-0.108594,162,1,-2080.56,-755.923,3539.67,-4171.03,6533.67,-534.362,24.0433,14235.6
743,0.0743,3280,2.22933e-13,4.24397,-0.658277,-0.677005,-0.61157,-4.79893,2.32003,-0.920651,-0.117558,-0.920651,-0.117558,162,1,-2785.04,-872.797,4273.19,-4948.21,8233.94,-785.767,25.8953,15491.4
744,0.0744,3280,1.75859e-13,3.82402,-0.570943,-0.18565,-0.716749,-3.94254,2.07635,-0.909843,-0.126834,-0.909843,-0.126834,162,1,-2994.63,-904.982,4483.61,-5169.63,8730.92,-862.215,26.1983,15832.2
745,0.0745,3280,1.47438e-13,3.4461,-0.484355,0.034563,-0.710851,-3.34874,1.85114,-0.896984,-0.136254,-0.896984,-0.136254,162,1,-2789.99,-870.009,4265.2,-4941.18,8232.02,-790.246,25.4546,15487.4
746,0.0746,3280,2.93099e-13,4.03148,-0.610307,-0.669664,-0.558995,-4.55968,2.19414,-0.890243,-0.143969,-0.890243,-0.143969,162,1,-3267.42,-947.415,4763.8,-5461.32,9383.8,-961.303,26.692,16266.6
747,0.0747,3280,2.54907e-13,3.00917,-0.446987,1.5966,-1.31586,-1.63367,1.64248,-0.868984,-0.156504,-0.868984,-0.156504,162,1,-2870.39,-882.689,4361.03,-5033.86,8435.58,-819.57,25.4869,15622.8
748,0.0748,3280,2.45581e-13,2.80017,-0.41392,2.06097,-1.47052,-1.036,1.52983,-0.846414,-0.169364,-0.846414,-0.169364,162,1,-2462.33,-814.167,3923.65,-4578.8,7440.58,-674.961,24.5062,14918.3
749,0.0749,3280,2.61902e-13,3.40047,-0.524443,1.04327,-1.17035,-2.50618,1.86571,-0.829342,-0.180636,-0.829342,-0.180636,162,1,-2540.8,-828.062,4008.51,-4668.83,7633.64,-702.449,24.9645,15061.2
750,0.075,3280,2.75779e-13,3.92048,-0.617939,0.213753,-0.928681,-3.73489,2.15435,-0.818402,-0.190008,-0.818402,-0.190008,162,1,-2518.17,-825.026,3992.77,-4648.81,7586.03,-693.964,24.8271,15024.4
751,0.0751,3280,2.12275e-13,3.84628,-0.625224,0.93692,-1.23533,-3.07923,2.12919,-0.801958,-0.201588,-0.801958,-0.201588,162,1,-2547.87,-829.682,4022.18,-4680.39,7656.32,-704.793,24.9036,15075.9
752,0.0752,3280,2.04725e-13,3.48903,-0.537241,0.830276,-1.09333,-2.76304,1.91237,-0.787929,-0.211518,-0.787929,-0.211518,162,1,-2619.53,-840.792,4092.35,-4755.72,7825,-730.866,25.0893,15198
753,0.0753,3280,2.16716e-13,3.63754,-0.555167,0.215792,-0.860702,-3.41188,1.98889,-0.777,-0.220188,-0.777,-0.220188,162,1,-3132.26,-923.991,4619.96,-5311.68,9055.82,-914.589,26.5838,16051.4
754,0.0754,3280,2.2693e-13,3.90301,-0.589815,-0.742628,-0.505056,-4.46211,2.12735,-0.772745,-0.226336,-0.772745,-0.226336,162,1,-3295.28,-949.759,4793.57,-5488.68,9451.39,-973.389,26.773,16309.8
755,0.0755,3280,2.08278e-13,3.50695,-0.523848,0.0690516,-0.768911,-3.38045,1.91246,-0.765578,-0.233291,-0.765578,-0.233291,162,1,-3874.48,-1039.14,5386.4,-6101.55,10835.1,-1183.47,28.0127,17182.5
756,0.0756,3280,2.41585e-13,4.12257,-0.672198,-0.111139,-0.860354,-4.21138,2.28567,-0.75902,-0.240933,-0.75902,-0.240933,162,1,-4475.18,-1130.09,5994.49,-6728.09,12263,-1402.11,29.276,18029.5
757,0.0757,3280,1.46549e-13,2.86262,-0.400037,1.00688,-1.02044,-1.92484,1.54903,-0.747072,-0.249032,-0.747072,-0.249032,162,1,-4581.24,-1144.37,6100.77,-6834.58,12513.1,-1442.01,29.4381,18170.6
758,0.0758,3280,2.13607e-13,3.69484,-0.606509,1.14863,-1.31045,-2.74493,2.056,-0.734274,-0.258917,-0.734274,-0.258917,162,1,-5185.23,-1233.05,6697.54,-7450.21,13934.4,-1663.34,30.7497,18961.9
759,0.0759,3280,2.71783e-13,2.66657,-0.343053,0.974482,-0.94325,-1.73535,1.42103,-0.724553,-0.265673,-0.724553,-0.265673,162,1,-5646.24,-1296.38,7128.77,-7899.65,14995.4,-1835.1,31.4007,19528.5
760,0.076,3280,2.66454e-13,3.86151,-0.613592,0.524487,-1.05719,-3.42799,2.12803,-0.716384,-0.27349,-0.716384,-0.27349,162,1,-7530.02,-1558.88,8936.13,-9753.01,19370.7,-2532.67,34.9883,21676.2
761,0.0761,3280,2.20268e-13,3.23614,-0.427716,-0.309691,-0.502067,-3.38626,1.72151,-0.714481,-0.277369,-0.714481,-0.277369,162,1,-8545.88,-1693.66,9887.5,-10724.2,21704.9,-2912.9,36.504,22723
762,0.0762,3280,1.38556e-13,3.81169,-0.558085,-0.675625,-0.495723,-4.3174,2.06311,-0.713749,-0.281517,-0.713749,-0.281517,162,1,-9188.29,-1780.03,10506.9,-11346.5,23196.2,-3152.29,37.29,23360
763,0.0763,3280,1.74083e-13,3.07052,-0.433742,0.943517,-1.02782,-2.21477,1.65822,-0.704231,-0.288436,-0.704231,-0.288436,162,1,-8763.54,-1722.37,10112.1,-10941.4,22222.4,-2994.76,36.611,22942.4
764,0.0764,3280,2.30926e-13,3.56556,-0.558356,0.881351,-1.14095,-2.81863,1.96271,-0.693273,-0.296669,-0.693273,-0.296669,162,1,-9665.68,-1843.63,10980.3,-11814.6,24316.7,-3330.98,38.3339,23825.2
765,0.0765,3280,2.16716e-13,3.54817,-0.541786,0.633099,-1.01949,-2.99466,1.94227,-0.685302,-0.303622,-0.685302,-0.303622,162,1,-8590.45,-1699.88,9968.41,-10787.4,21842.8,-2930.44,36.7148,22778
766,0.0766,3280,2.02505e-13,4.51836,-0.746448,-0.349775,-0.840084,-4.84996,2.50596,-0.682817,-0.309696,-0.682817,-0.309696,162,1,-9107.23,-1770.55,10476.8,-11295.9,23053.4,-3122.56,37.8315,23296.7
767,0.0767,3280,6.79456e-13,3.19555,-0.46228,0.930096,-1.05257,-2.35979,1.73275,-0.674333,-0.316441,-0.674333,-0.316441,162,1,-7638.17,-1571.09,9083.57,-9878.43,19661.1,-2576.95,35.5014,21802.6
768,0.0768,3280,1.61648e-13,4.48982,-0.735631,-0.153133,-0.907754,-4.65492,2.48363,-0.673792,-0.321844,-0.673792,-0.321844,162,1,-7418.7,-1542.19,8877.24,-9669.13,19157,-2494.9,35.3132,21572
769,0.0769,3280,2.8777e-13,4.15597,-0.616765,-0.935647,-0.447636,-4.89206,2.25003,-0.680357,-0.32359,-0.680357,-0.32359,162,1,-7248.63,-1517.99,8712.72,-9500.51,18760,-2432.45,34.7299,21384.5
770,0.077,3280,1.61648e-13,3.84361,-0.57233,0.156899,-0.849452,-3.67706,2.08429,-0.68034,-0.327624,-0.68034,-0.327624,162,1,-7557.66,-1559.16,9004.19,-9798.19,19472.4,-2548.37,35.3389,21715.3
771,0.0771,3280,3.2685e-13,4.13148,-0.643852,0.130667,-0.918633,-4.01917,2.26033,-0.683022,-0.331219,-0.683022,-0.331219,162,1,-7701.14,-1578.66,9145.03,-9939.74,19808.7,-2601.97,35.7066,21869.6
772,0.0772,3280,3.62377e-13,4.5397,-0.734173,-0.238706,-0.867561,-4.76563,2.50154,-0.687452,-0.334599,-0.687452,-0.334599,162,1,-7914.15,-1608.67,9358.76,-10153.6,20312.3,-2680.65,36.2647,22098.3
773,0.0773,3280,1.83853e-13,4.60122,-0.748678,-0.374021,-0.829373,-4.94012,2.53928,-0.693474,-0.337415,-0.693474,-0.337415,162,1,-7136.8,-1502.15,8626.41,-9401.14,18520.1,-2392.08,34.7973,21269.1
774,0.0774,3280,3.2685e-13,4.77246,-0.785034,-0.70763,-0.732414,-5.39538,2.63974,-0.701166,-0.340201,-0.701166,-0.340201,162,1,-8360.61,-1669.77,9803.55,-10595.4,21362.7,-2846.49,37.0094,22562.8
775,0.0775,3280,1.91847e-13,4.66193,-0.751838,-0.762929,-0.673853,-5.31681,2.56682,-0.709283,-0.34183,-0.709283,-0.34183,162,1,-8236.81,-1651.93,9692.42,-10477.5,21082.4,-2801.54,36.8084,22437.6
776,0.0776,3280,2.62901e-13,4.57216,-0.688172,-1.77246,-0.184835,-6.00856,2.47802,-0.722903,-0.341244,-0.722903,-0.341244,162,1,-8088.97,-1631.79,9570.1,-10342.9,20756.5,-2746.94,36.4582,22288.2
777,0.0777,3280,2.05835e-13,4.60304,-0.716591,-0.86456,-0.594351,-5.3196,2.51038,-0.731011,-0.343081,-0.731011,-0.343081,162,1,-7046.26,-1486.57,8566.71,-9320.55,18333.3,-2361.65,34.3491,21172.1
778,0.0778,3280,3.48166e-13,4.39816,-0.736013,1.35708,-1.53828,-3.33558,2.43858,-0.723602,-0.351288,-0.723602,-0.351288,162,1,-7718.8,-1578.44,9221.08,-9981.73,19902.8,-2612.11,35.891,21900.6
779,0.0779,3280,2.69118e-13,5.10422,-0.852288,-0.00873906,-1.10338,-5.20392,2.82133,-0.725792,-0.356231,-0.725792,-0.356231,162,1,-8236.43,-1648.54,9711.29,-10482.9,21099.7,-2805.07,37.1666,22442
780,0.078,3280,2.91323e-13,5.01299,-0.800483,-0.891246,-0.680167,-5.80494,2.74278,-0.732375,-0.359071,-0.732375,-0.359071,162,1,-8553.63,-1692.15,10018.5,-10793.8,21839,-2922.72,37.9948,22767.6
781,0.0781,3280,2.11386e-13,5.74705,-0.900254,-3.2465,0.185306,-8.49226,3.1264,-0.753188,-0.356342,-0.753188,-0.356342,162,1,-8093.8,-1632.35,9606.93,-10366,20799.5,-2750.1,37.3159,22306.5
782,0.0782,3280,3.77476e-13,4.97921,-0.710293,-3.33195,0.433542,-7.70253,2.65871,-0.772743,-0.352672,-0.772743,-0.352672,162,1,-6512.4,-1414.39,8083.5,-8816.73,17123.3,-2163.49,34.435,20589.9
783,0.0783,3280,2.18936e-13,5.90742,-0.884396,-4.87681,0.879592,-9.96138,3.18118,-0.801539,-0.346327,-0.801539,-0.346327,162,1,-4637.23,-1145.98,6256.59,-6937.19,12738,-1472.72,30.4114,18280
784,0.0784,3280,3.6593e-13,4.31218,-0.651522,0.0618935,-0.908956,-4.27751,2.33436,-0.798249,-0.351451,-0.798249,-0.351451,162,1,-3151.41,-916.53,4719.38,-5359.89,9174.72,-934.286,27.2963,16109.5
785,0.0785,3280,4.05009e-13,4.93559,-0.688395,-3.11642,0.371088,-7.49016,2.62199,-0.81291,-0.349302,-0.81291,-0.349302,162,1,-4505.76,-1125.19,6099.63,-6789.65,12406.2,-1426.05,30.763,18100.8
786,0.0786,3280,2.70006e-13,5.26286,-0.699197,-4.67602,1.00709,-9.08328,2.76399,-0.838946,-0.342537,-0.838946,-0.342537,162,1,-2540.51,-817.598,4092.24,-4697.75,7708.66,-715.32,25.0462,15087.5
787,0.0787,3280,2.16716e-13,3.55077,-0.432506,0.218007,-0.723941,-3.29516,1.84138,-0.837177,-0.345526,-0.837177,-0.345526,162,1,-2017,-728.188,3555.68,-4117.05,6449.03,-530.225,22.948,14122.5
788,0.0788,3280,2.36255e-13,2.51013,-0.294479,3.6558,-1.99423,0.580099,1.30107,-0.81557,-0.355893,-0.81557,-0.355893,162,1,-2842.31,-864.959,4439.68,-5040.08,8463.84,-825.805,25.7687,15605.4
789,0.0789,3280,2.01394e-13,4.30802,-0.755303,3.67111,-2.51438,-1.4237,2.41208,-0.797881,-0.367927,-0.797881,-0.367927,162,1,-3721.46,-1004.43,5347.2,-5986.66,10576.4,-1143.2,28.5587,16994.5
790,0.079,3280,4.3765e-13,3.88492,-0.495416,-0.614645,-0.448366,-4.34055,2.03217,-0.804325,-0.367931,-0.804325,-0.367931,162,1,-2400.49,-791.964,3955.06,-4544.84,7379.24,-668.183,24.9537,14845.6
791,0.0791,3280,1.77636e-13,4.03531,-0.49233,-1.8977,0.0862322,-5.51998,2.09337,-0.819415,-0.364424,-0.819415,-0.364424,162,1,-1089.04,-560.991,2520.34,-3019.4,4139.82,-205.048,20.1375,12124.3
792,0.0792,3280,2.25597e-13,3.95304,-0.548474,0.582416,-1.00591,-3.46589,2.1017,-0.815764,-0.368814,-0.815764,-0.368814,162,1,-520.494,-444.25,1852.18,-2286.44,2682.35,-12.9227,17.5363,10559.2
793,0.0793,3280,1.56319e-13,1.74017,-0.0174782,0.946295,-0.561533,-0.708152,0.76513,-0.811108,-0.369996,-0.811108,-0.369996,162,1,-990.217,-539.168,2396.63,-2886.5,3878.95,-173.001,19.6,11863
794,0.0794,3280,2.21156e-13,5.07361,-0.832073,1.14774,-1.55467,-4.27444,2.78671,-0.80413,-0.377199,-0.80413,-0.377199,162,1,-2474.07,-804.309,4025.98,-4622.93,7551.43,-694.367,25.2047,14971.5
795,0.0795,3280,2.65121e-13,4.02408,-0.541151,0.644377,-1.02129,-3.49704,2.1206,-0.795923,-0.382649,-0.795923,-0.382649,162,1,-3021.15,-890.723,4586.35,-5211.71,8861.28,-892.555,26.4965,15890.1
796,0.0796,3280,2.2915e-13,4.26238,-0.555675,-0.460597,-0.580117,-4.6296,2.22968,-0.796747,-0.384328,-0.796747,-0.384328,162,1,-3050.79,-894.117,4617.5,-5240.98,8931.73,-904.192,26.113,15933.6
797,0.0797,3280,2.23821e-13,4.4934,-0.67299,1.51997,-1.53322,-3.32664,2.41596,-0.784847,-0.392089,-0.784847,-0.392089,162,1,-3747.45,-1001.72,5337.96,-5984.02,10603.2,-1157.53,27.6063,17008.2
798,0.0798,3280,1.95399e-13,3.46405,-0.448047,2.45367,-1.67033,-1.44375,1.81053,-0.768814,-0.39989,-0.768814,-0.39989,162,1,-4066.2,-1046.88,5654.35,-6309.15,11354.3,-1276.22,28.1897,17463.3
799,0.0799,3280,3.14415e-13,3.09651,-0.325603,1.75496,-1.24347,-1.58495,1.55997,-0.754708,-0.405701,-0.754708,-0.405701,162,1,-5462.14,-1247.86,7015.59,-7719.25,14623.3,-1791.52,31.2547,19307.5
800,0.08,3280,3.52607e-13,3.80638,-0.452304,1.27769,-1.18573,-2.7514,1.94928,-0.737343,-0.41346,-0.737343,-0.41346,162,1,-6744.13,-1422.58,8233.1,-8971.34,17589.4,-2270.21,33.3176,20809.6
801,0.0801,3280,2.66454e-13,4.53705,-0.581948,0.565346,-1.03191,-4.12512,2.35035,-0.72372,-0.420188,-0.72372,-0.420188,162,1,-8384.33,-1642.96,9779.79,-10552.2,21370.5,-2882.91,36.1048,22554.5
802,0.0802,3280,2.13163e-13,4.23776,-0.466222,-0.135465,-0.61029,-4.33762,2.13206,-0.714112,-0.424411,-0.714112,-0.424411,162,1,-10634.2,-1935.7,11889.2,-12683.6,26537.3,-3727.9,39.2386,24701.8
803,0.0803,3280,1.69642e-13,4.2303,-0.466209,0.568857,-0.897155,-3.7691,2.12585,-0.695866,-0.43206,-0.695866,-0.43206,162,1,-10525.2,-1922.75,11799.7,-12587.4,26296.7,-3685.91,38.982,24601.7
804,0.0804,3280,2.01617e-13,2.72381,-0.169286,2.85074,-1.5097,-0.29081,1.26626,-0.677189,-0.437692,-0.677189,-0.437692,162,1,-10775.4,-1954.16,12042.2,-12824.8,26876.7,-3780.62,39.3063,24826.7
805,0.0805,3280,2.18492e-13,2.13103,0.0157819,1.64228,-0.801338,-0.586074,0.875368,-0.66578,-0.43822,-0.66578,-0.43822,162,1,-9791.33,-1827.49,11127.7,-11900.8,24625,-3410.44,37.9561,23923.7
806,0.0806,3280,2.30926e-13,2.14913,0.0450021,1.42831,-0.675792,-0.778739,0.858224,-0.668928,-0.434406,-0.668928,-0.434406,162,1,-6117.4,-1334.38,7596.72,-8335.29,16100.8,-2037.78,32.1347,20075
807,0.0807,3280,2.54907e-13,3.35,-0.226841,1.39298,-0.958283,-2.14727,1.56863,-0.656923,-0.437478,-0.656923,-0.437478,162,1,-5044.14,-1186.66,6563.93,-7275.63,13604.9,-1637.51,30.1343,18763.7
808,0.0808,3280,2.40696e-13,4.59112,-0.523258,1.74092,-1.42775,-3.25773,2.31518,-0.645288,-0.443152,-0.645288,-0.443152,162,1,-3419.76,-949.695,4956.24,-5612.42,9778.66,-1038.89,26.8392,16497.5
809,0.0809,3280,1.56319e-13,3.74143,-0.322648,2.64665,-1.57006,-1.5873,1.80204,-0.624081,-0.450578,-0.624081,-0.450578,162,1,-1966.71,-714.496,3443.8,-4023.79,6274.06,-516.058,22.8786,13996.6
810,0.081,3280,2.07834e-13,2.35711,0.0417409,1.83334,-0.825714,-0.684496,0.942574,-0.612731,-0.453132,-0.612731,-0.453132,162,1,-1480.89,-630.402,2922.24,-3466.7,5083.91,-343.638,21.4184,12998.8
811,0.0811,3280,1.67866e-13,3.2831,-0.244949,3.13727,-1.68832,-0.697759,1.55393,-0.588849,-0.461958,-0.588849,-0.461958,162,1,-705.316,-480.681,2019.96,-2500.15,3112.55,-76.3097,18.4349,11073.5
812,0.0812,3280,2.13163e-13,3.3052,-0.23259,2.35248,-1.35248,-1.34454,1.55504,-0.571789,-0.467658,-0.571789,-0.467658,162,1,-603.961,-459.609,1900.16,-2368.17,2852.56,-42.1679,18.0594,10782.6
813,0.0813,3280,3.86802e-13,3.58495,-0.306414,2.15937,-1.35569,-1.81058,1.7307,-0.556527,-0.47282,-0.556527,-0.47282,162,1,-113.82,-346.244,1286.82,-1678.13,1554.42,117.47,15.5567,9090.61
814,0.0814,3280,2.83329e-13,2.72784,-0.0747857,1.42711,-0.794172,-1.4287,1.19358,-0.556925,-0.47106,-0.556925,-0.47106,162,1,136.836,-272.695,917.336,-1252.76,830.211,191.183,13.6697,7873.15
815,0.0815,3280,1.30784e-13,3.12314,-0.180897,1.47667,-0.937345,-1.83514,1.44228,-0.549068,-0.471457,-0.549068,-0.471457,162,1,32.6655,-305.4,1074.93,-1437.52,1136.55,161.738,14.5186,8428.45
816,0.0816,3280,2.70006e-13,4.02628,-0.408858,1.37047,-1.15228,-2.9304,1.99732,-0.537703,-0.475925,-0.537703,-0.475925,162,1,-473.927,-433.259,1754.87,-2202.09,2526.53,2.37743,17.6936,10397.1
817,0.0817,3280,2.27374e-13,3.74646,-0.329299,1.10413,-0.953681,-2.82519,1.81758,-0.525898,-0.479941,-0.525898,-0.479941,162,1,-1043.74,-549.619,2426.58,-2937.02,3988.17,-190.992,20.0577,11988
818,0.0818,3280,2.77112e-13,4.21529,-0.432062,1.08523,-1.05833,-3.35902,2.09048,-0.518969,-0.482681,-0.518969,-0.482681,162,1,-1951.52,-714.764,3433.9,-4013.81,6246.06,-508.622,23.3458,13982.4
819,0.0819,3280,3.35731e-13,4.3253,-0.441923,1.12058,-1.08179,-3.45038,2.14096,-0.511736,-0.485358,-0.511736,-0.485358,162,1,-2518.48,-809.162,4028.56,-4644.4,7619.7,-711.426,25.0322,15030.1
820,0.082,3280,6.56364e-13,4.16401,-0.371194,0.734253,-0.839786,-3.57065,2.01567,-0.506435,-0.486277,-0.506435,-0.486277,162,1,-3410.02,-949.731,4936.47,-5598.93,9749.65,-1034.11,27.288,16488.2
821,0.0821,3280,3.05533e-13,4.76649,-0.517135,0.432933,-0.876717,-4.47908,2.3806,-0.499149,-0.489167,-0.499149,-0.489167,162,1,-3708.37,-996.912,5250.61,-5920.85,10470.5,-1141.53,27.8826,16942.3
822,0.0822,3280,2.59348e-13,4.70505,-0.528265,0.955282,-1.10622,-4.00251,2.36408,-0.49267,-0.491664,-0.49267,-0.491664,162,1,-3785,-1008.73,5326.29,-6000.6,10651.1,-1169.21,28.05,17055.2
823,0.0823,3280,2.4869e-13,5.00809,-0.607423,1.06125,-1.23593,-4.26011,2.55221,-0.484656,-0.495599,-0.484656,-0.495599,162,1,-3316.41,-939.159,4861.87,-5515.69,9545.5,-996.815,27.1894,16353.9
824,0.0824,3280,2.84217e-13,5.04868,-0.617807,0.960072,-1.20642,-4.38794,2.5771,-0.475398,-0.499211,-0.475398,-0.499211,162,1,-3674.87,-993.667,5216.25,-5889.12,10391.4,-1127.65,28.0838,16897
825,0.0825,3280,2.77112e-13,4.75056,-0.535246,0.94249,-1.10306,-4.06603,2.38689,-0.470761,-0.501146,-0.470761,-0.501146,162,1,-4284.06,-1085.95,5818.96,-6519.89,11828,-1349.56,29.5883,17770.4
826,0.0826,3280,7.06102e-13,4.64457,-0.5193,1.50742,-1.31463,-3.49828,2.32891,-0.45692,-0.506886,-0.45692,-0.506886,162,1,-3517.77,-970.5,5047.04,-5720.55,10008.6,-1069.45,27.741,16658.9
827,0.0827,3280,1.65201e-13,5.05401,-0.58181,-0.341889,-0.62326,-5.42064,2.55099,-0.4554,-0.508245,-0.4554,-0.508245,162,1,-4818.04,-1166.28,6349.49,-7069.87,13087.5,-1543.9,30.6021,18492.2
828,0.0828,3280,2.2915e-13,4.76653,-0.498056,-0.596691,-0.422315,-5.29698,2.36471,-0.454367,-0.508599,-0.454367,-0.508599,162,1,-3959.89,-1037.23,5497.9,-6183.95,11061.3,-1230.86,28.092,17306.7
829,0.0829,3280,1.88294e-13,4.10367,-0.463465,3.43347,-2.05138,-1.3763,2.05963,-0.429683,-0.518587,-0.429683,-0.518587,162,1,-4494.12,-1113.6,6016.14,-6722.96,12309.3,-1428.82,29.0576,18043.6
830,0.083,3280,2.16271e-13,3.92345,-0.422691,3.42086,-2.00048,-1.18959,1.95345,-0.406491,-0.527538,-0.406491,-0.527538,162,1,-5291.91,-1230.02,6803.3,-7534.99,14186,-1721.98,31.1008,19089.5
831,0.0831,3280,3.12639e-13,4.06883,-0.425937,2.36075,-1.56639,-2.19453,2.0176,-0.388534,-0.534871,-0.388534,-0.534871,162,1,-3042,-892.305,4543.23,-5198.3,8853.7,-899.819,25.9418,15901.7
832,0.0832,3280,2.23821e-13,4.66479,-0.531147,1.16766,-1.1868,-3.80016,2.34832,-0.377788,-0.539861,-0.377788,-0.539861,162,1,-2662.34,-835.249,4170.9,-4802.56,7960.22,-760.051,25.2003,15281
833,0.0833,3280,2.71894e-13,4.48165,-0.471366,0.862382,-0.99411,-3.83418,2.22453,-0.358832,-0.547597,-0.358832,-0.547597,162,1,-3244.66,-927.306,4762.3,-5425.29,9349.56,-970.445,26.6306,16231.8
834,0.0834,3280,5.83089e-13,4.77689,-0.540075,0.413945,-0.887789,-4.5192,2.40207,-0.344714,-0.554395,-0.344714,-0.554395,162,1,-3247.19,-928.746,4768.38,-5430.87,9358.54,-970.355,26.5171,16236.4
835,0.0835,3280,2.02505e-13,4.33033,-0.427313,1.02407,-1.00485,-3.52916,2.12481,-0.326229,-0.561632,-0.326229,-0.561632,162,1,-1654.26,-667.33,3114.67,-3678.56,5517.14,-398.664,21.8946,13383.8
836,0.0836,3280,1.13687e-13,2.73881,-0.0877926,2.69679,-1.31956,-0.430376,1.19523,-0.308971,-0.565474,-0.308971,-0.565474,162,1,-2116.53,-745.555,3611.04,-4202.73,6647.48,-563.476,23.2793,14294.8
837,0.0837,3280,1.93623e-13,2.67368,-0.0692889,2.74758,-1.32185,-0.318715,1.15176,-0.290924,-0.569783,-0.290924,-0.569783,162,1,-2259.93,-768.783,3752.75,-4357.04,6987.26,-614.992,23.685,14558.8
838,0.0838,3280,3.00648e-13,3.22886,-0.177023,2.13799,-1.18864,-1.41881,1.46607,-0.268061,-0.577609,-0.268061,-0.577609,162,1,-2115.33,-744.691,3589.79,-4191.15,6627.93,-563.089,23.4321,14289.7
839,0.0839,3280,1.98952e-13,3.32874,-0.175307,1.49557,-0.919289,-2.03674,1.50842,-0.254095,-0.580881,-0.254095,-0.580881,162,1,-1759.3,-683.553,3204.47,-3784.38,5754.29,-436.757,22.3778,13591.7
840,0.084,3280,2.22045e-13,3.60193,-0.227539,1.0908,-0.811022,-2.66225,1.6647,-0.250464,-0.581255,-0.250464,-0.581255,162,1,-2146.42,-750.821,3622.67,-4227.67,6704.71,-573.525,23.6453,14353.5
841,0.0841,3280,2.35367e-13,4.1497,-0.347099,0.889718,-0.856092,-3.4297,1.98644,-0.234731,-0.586764,-0.234731,-0.586764,162,1,-1704.65,-678.071,3162.94,-3736.69,5637.31,-414.324,22.6278,13495
842,0.0842,3280,2.05169e-13,3.91815,-0.278667,0.481078,-0.61149,-3.49216,1.83683,-0.224278,-0.590142,-0.224278,-0.590142,162,1,-1766.69,-688.239,3224.81,-3803.92,5784.11,-436.544,22.483,13615.8
843,0.0843,3280,2.70006e-13,4.41933,-0.435554,1.20085,-1.08565,-3.48753,2.16859,-0.205181,-0.597819,-0.205181,-0.597819,162,1,-2313.45,-782.523,3810.28,-4425.56,7121.23,-630.025,24.3949,14671
844,0.0844,3280,2.25597e-13,4.38626,-0.410554,0.504293,-0.770191,-4.00197,2.13594,-0.19469,-0.601601,-0.19469,-0.601601,162,1,-3004.27,-895.154,4522.96,-5178.98,8781.86,-877.713,26.3665,15857.2
845,0.0845,3280,4.9738e-13,4.41111,-0.462504,0.98065,-1.03132,-3.6646,2.19119,-0.181878,-0.606652,-0.181878,-0.606652,162,1,-2719.48,-851.446,4232.17,-4875.78,8101.6,-773.604,25.9324,15389.5
846,0.0846,3280,2.58904e-13,5.08678,-0.637707,0.702225,-1.11718,-4.64667,2.61187,-0.175178,-0.610226,-0.175178,-0.610226,162,1,-3362.59,-954.109,4893.18,-5568.85,9644.02,-1005.3,27.7012,16433.7
847,0.0847,3280,5.08038e-13,4.45106,-0.499163,1.03742,-1.10263,-3.67742,2.2406,-0.163895,-0.615591,-0.163895,-0.615591,162,1,-2920.4,-884.599,4443.51,-5096.86,8588.2,-845.219,26.5504,15728.4
848,0.0848,3280,3.0731e-13,4.79376,-0.596056,0.753179,-1.09741,-4.29183,2.46274,-0.152414,-0.621159,-0.152414,-0.621159,162,1,-2512.73,-820.637,4027.67,-4659.63,7613.97,-697.202,25.6313,15043.2
849,0.0849,3280,1.81188e-13,4.46126,-0.51147,0.221131,-0.786733,-4.34529,2.26072,-0.148294,-0.622787,-0.148294,-0.622787,162,1,-3260.45,-941.038,4799.01,-5469.59,9410.04,-965.929,27.6469,16282.8
850,0.085,3280,1.56319e-13,4.49732,-0.524242,0.213936,-0.798227,-4.38856,2.2863,-0.142346,-0.625764,-0.142346,-0.625764,162,1,-3666.87,-1003.85,5212.43,-5899.28,10378.9,-1113.41,28.42,16901.9
851,0.0851,3280,1.66978e-13,4.33034,-0.446878,-0.638172,-0.355208,-4.86913,2.15499,-0.140997,-0.625678,-0.140997,-0.625678,162,1,-3541.96,-983.365,5078.1,-5761.23,10073.5,-1068.82,27.8116,16708.4
852,0.0852,3280,1.92124e-13,4.3304,-0.442723,-0.424605,-0.434398,-4.69402,2.14994,-0.136689,-0.627316,-0.136689,-0.627316,162,1,-3480.79,-973.681,5012.67,-5694.21,9924.27,-1046.65,27.5682,16612.9
853,0.0853,3280,2.0961e-13,4.64761,-0.546882,0.0715144,-0.757524,-4.65813,2.36486,-0.124148,-0.633435,-0.124148,-0.633435,162,1,-3665.62,-1004.01,5207.84,-5895.79,10372,-1112.3,28.2383,16896.2
854,0.0854,3280,2.20268e-13,4.3298,-0.507644,0.643781,-0.956862,-3.86037,2.20529,-0.0997262,-0.644134,-0.0997262,-0.644134,162,1,-3214.96,-933.753,4741.04,-5413.9,9290.12,-948.99,27.2639,16204.8
855,0.0855,3280,3.76588e-13,4.37279,-0.535291,0.486396,-0.929377,-4.04085,2.24872,-0.0814943,-0.652208,-0.0814943,-0.652208,162,1,-3426.05,-968.587,4963.59,-5645.09,9801.8,-1023.94,28.0369,16539.4
856,0.0856,3280,4.23661e-13,4.64056,-0.614094,0.302728,-0.945197,-4.488,2.42488,-0.0782979,-0.654743,-0.0782979,-0.654743,162,1,-3121.2,-922.324,4658.42,-5325.33,9079.27,-912.359,27.3307,16066.4
857,0.0857,3280,2.82441e-13,4.4654,-0.554839,-0.36848,-0.603993,-4.82329,2.30711,-0.0658617,-0.661114,-0.0658617,-0.661114,162,1,-2263.21,-782.259,3766.43,-4386.26,7010.27,-604.731,24.8084,14597.1
858,0.0858,3280,3.76588e-13,4.98809,-0.700892,-0.304416,-0.797391,-5.35678,2.6407,-0.0469105,-0.670739,-0.0469105,-0.670739,162,1,-2696.11,-855.269,4232.98,-4872.63,8069.48,-758.345,26.0154,15368.1
859,0.0859,3280,2.14939e-13,4.11058,-0.524928,0.808442,-1.06522,-3.49935,2.13777,-0.022727,-0.68144,-0.022727,-0.68144,162,1,-2700.06,-853.826,4221.48,-4865.68,8064.19,-761.093,25.9276,15365.7
860,0.086,3280,2.70006e-13,5.10598,-0.728402,-0.34956,-0.813508,-5.52509,2.71097,-0.0115954,-0.688366,-0.0115954,-0.688366,162,1,-3918.47,-1047.85,5468.12,-6170.74,10979.8,-1199.24,29.2994,17277.3
861,0.0861,3280,5.86198e-13,4.35875,-0.54125,-0.338632,-0.610024,-4.68009,2.25277,0.00486913,-0.696027,0.00486913,-0.696027,162,1,-3709.58,-1013.55,5243.21,-5940.83,10469.7,-1124.87,28.5234,16963.3
862,0.0862,3280,3.67782e-13,4.13937,-0.46292,-1.22049,-0.157456,-5.12876,2.10031,0.0195057,-0.702053,0.0195057,-0.702053,162,1,-3557.38,-989.385,5087.75,-5777.78,10104.8,-1069.91,27.7776,16730.2
863,0.0863,3280,2.30926e-13,4.41317,-0.556908,-0.596986,-0.522652,-4.94422,2.28795,0.0209491,-0.703514,0.0209491,-0.703514,162,1,-3918.21,-1044.31,5442.61,-6151.51,10954,-1201.14,28.6631,17260.2
864,0.0864,3280,2.13163e-13,4.10835,-0.503719,-0.0774597,-0.679614,-4.19937,2.12009,0.0322135,-0.708464,0.0322135,-0.708464,162,1,-4350.53,-1109.16,5867.3,-6596.1,11970.6,-1358.91,29.8257,17869.4
865,0.0865,3280,2.34979e-13,3.88388,-0.457221,-0.0368106,-0.64486,-3.91955,1.99124,0.0549699,-0.717361,0.0549699,-0.717361,162,1,-4401.85,-1117.24,5920.49,-6650.94,12094,-1377.38,29.991,17941.8
866,0.0866,3280,2.02505e-13,4.10972,-0.501195,-0.656842,-0.437419,-4.66325,2.12074,0.061192,-0.720553,0.061192,-0.720553,162,1,-4168.37,-1083.36,5697.76,-6416.14,11551,-1291.38,29.4274,17620.2
867,0.0867,3280,2.38032e-13,4.65375,-0.628393,-1.1399,-0.379577,-5.65497,2.44782,0.0698551,-0.724959,0.0698551,-0.724959,162,1,-4370.39,-1114.98,5901.36,-6628.71,12031.5,-1364.25,30.0324,17905.2
868,0.0868,3280,1.63425e-13,4.44655,-0.594616,-0.756626,-0.500053,-5.12279,2.33615,0.0750085,-0.728246,0.0750085,-0.728246,162,1,-3962.87,-1054.48,5502.58,-6211.75,11074.6,-1215.11,29.0943,17334.4
869,0.0869,3280,1.66978e-13,4.16947,-0.532613,-0.523335,-0.524413,-4.62715,2.17206,0.0942215,-0.736513,0.0942215,-0.736513,162,1,-2774.2,-866.913,4281.71,-4940.06,8227.04,-786.301,25.9102,15483.6
870,0.087,3280,2.12719e-13,4.20946,-0.555546,-0.178206,-0.691728,-4.39758,2.20644,0.109128,-0.743662,0.109128,-0.743662,162,1,-3598.13,-996.593,5113.67,-5815.81,10188.1,-1084,27.9864,16787.8
871,0.0871,3280,2.85105e-13,4.01693,-0.501333,-0.448925,-0.519589,-4.39683,2.08438,0.119033,-0.747737,0.119033,-0.747737,162,1,-4434.22,-1121.49,5927.37,-6670.72,12146,-1389.44,29.6494,17973.5
872,0.0872,3280,1.65201e-13,4.41859,-0.625615,0.0886193,-0.880731,-4.42025,2.35043,0.129344,-0.753694,0.129344,-0.753694,162,1,-4555.52,-1139.9,6045.29,-6794.59,12430,-1433.39,29.9118,18138.6
873,0.0873,3280,2.1716e-13,4.16506,-0.548726,-0.33567,-0.617409,-4.46967,2.186,0.150561,-0.76301,0.150561,-0.76301,162,1,-4581.43,-1145.25,6071.91,-6824.06,12492.8,-1441.56,30.2127,18176.8
874,0.0874,3280,2.34479e-13,3.92837,-0.490886,-0.551536,-0.465304,-4.37333,2.04393,0.15853,-0.76737,0.15853,-0.76737,162,1,-4195.28,-1086.45,5688.86,-6424.25,11581.2,-1301.35,29.0428,17643.1
875,0.0875,3280,1.44773e-13,4.29276,-0.571801,-1.03502,-0.357427,-5.15969,2.25999,0.168051,-0.772163,0.168051,-0.772163,162,1,-4400.64,-1118.04,5900.82,-6640.74,12072.8,-1375.65,29.4494,17929.8
876,0.0876,3280,1.64313e-13,4.33087,-0.626882,0.203684,-0.934647,-4.22378,2.31921,0.18552,-0.780924,0.18552,-0.780924,162,1,-4373.17,-1113.69,5880.49,-6615,12013.6,-1365.9,29.2629,17892
877,0.0877,3280,2.70006e-13,3.23341,-0.420129,2.0955,-1.48914,-1.50771,1.70019,0.211898,-0.791844,0.211898,-0.791844,162,1,-4089,-1067.66,5573.88,-6305.03,11320.8,-1264.73,28.6996,17486.1
878,0.0878,3280,5.96856e-13,4.05165,-0.577413,0.97108,-1.19828,-3.30699,2.16246,0.231218,-0.801003,0.231218,-0.801003,162,1,-4538.15,-1134.89,6014.61,-6766.12,12376.9,-1428.77,29.8154,18109.3
879,0.0879,3280,1.8141e-13,3.89376,-0.492842,-0.158731,-0.634316,-4.01734,2.02942,0.246019,-0.808088,0.246019,-0.808088,162,1,-4756.05,-1167.22,6231.59,-6989.29,12890.4,-1508.23,30.1102,18398.9
880,0.088,3280,2.65343e-13,3.63538,-0.437155,0.170226,-0.708948,-3.46946,1.87788,0.257694,-0.813101,0.257694,-0.813101,162,1,-4482.73,-1126.4,5956.51,-6706.38,12241.9,-1408.3,29.3167,18028.8
881,0.0881,3280,1.58984e-13,3.59424,-0.413059,-0.386894,-0.452367,-3.86717,1.84275,0.25526,-0.811622,0.25526,-0.811622,162,1,-3570.21,-989.591,5055.96,-5765.71,10092.6,-1074.88,27.1829,16726.9
882,0.0882,3280,1.49214e-13,3.40253,-0.387931,0.0528485,-0.60764,-3.31203,1.74456,0.26411,-0.814257,0.26411,-0.814257,162,1,-3044.38,-908.927,4529.37,-5213.63,8846.26,-883.438,26.2174,15912.1
883,0.0883,3280,1.06581e-13,3.71469,-0.452042,-0.521508,-0.441553,-4.11447,1.92551,0.267966,-0.815428,0.267966,-0.815428,162,1,-2490.27,-820.085,3967.13,-4617.75,7523.56,-683.981,24.7093,14981
884,0.0884,3280,1.52767e-13,3.29885,-0.384063,0.347653,-0.726466,-2.96508,1.69956,0.285691,-0.822087,0.285691,-0.822087,162,1,-1730.27,-688.543,3155.21,-3755.39,5666.99,-415.885,22.1325,13530.6
885,0.0885,3280,1.35003e-13,3.57772,-0.477762,0.89912,-1.05919,-2.84321,1.88914,0.300069,-0.827585,0.300069,-0.827585,162,1,-2199.97,-771.093,3665.97,-4296.15,6822.69,-580.933,23.6975,14453.1
886,0.0886,3280,1.95399e-13,2.0752,-0.121235,1.35151,-0.846963,-0.808466,0.983919,0.29927,-0.825218,0.29927,-0.825218,162,1,-2077.59,-746.211,3509.53,-4138.89,6499.49,-540.387,23.0105,14205.5
887,0.0887,3280,2.13163e-13,3.51473,-0.455523,0.933131,-1.0453,-2.74637,1.84265,0.317611,-0.831834,0.317611,-0.831834,162,1,-3551.24,-986.098,5031.44,-5743.74,10042.8,-1068.51,27.3759,16697.3
888,0.0888,3280,2.27374e-13,3.40138,-0.402731,0.402551,-0.764595,-3.03722,1.753,0.323466,-0.833323,0.323466,-0.833323,162,1,-4303.15,-1099.14,5767.86,-6517.78,11809.4,-1343.02,29.2125,17780.8
889,0.0889,3280,1.8141e-13,3.0461,-0.297872,-0.19737,-0.396429,-3.10909,1.52398,0.333159,-0.835705,0.333159,-0.835705,162,1,-4988.98,-1202.31,6457.58,-7227.27,13434.3,-1592.52,30.6376,18702.9
890,0.089,3280,1.7597e-13,3.30034,-0.379446,0.195225,-0.65006,-3.08245,1.69462,0.345415,-0.839374,0.345415,-0.839374,162,1,-3752.02,-1017.75,5232.29,-5954.95,10518.2,-1140.56,27.6608,16996.4
891,0.0891,3280,1.55653e-13,3.21074,-0.37367,0.396848,-0.727249,-2.82563,1.65452,0.346677,-0.838601,0.346677,-0.838601,162,1,-3712.51,-1013.38,5196.38,-5918.58,10429,-1124.91,27.892,16943.3
892,0.0892,3280,2.70006e-13,3.19963,-0.341971,-0.640648,-0.261984,-3.6299,1.62603,0.349238,-0.838016,0.349238,-0.838016,162,1,-3678.6,-1008.47,5162.03,-5883.31,10348.3,-1112.32,27.7649,16893.1
893,0.0893,3280,1.67866e-13,3.07486,-0.323064,-0.441728,-0.322829,-3.33172,1.55988,0.357668,-0.840431,0.357668,-0.840431,162,1,-3742.79,-1018.72,5226.77,-5951.23,10500.8,-1135.27,27.9014,16988.3
894,0.0894,3280,2.20934e-13,3.38801,-0.382962,-0.943626,-0.180915,-4.07536,1.73675,0.362732,-0.841562,0.362732,-0.841562,162,1,-3884.39,-1041.06,5370.73,-6101.33,10838.5,-1186.19,28.29,17197.1
895,0.0895,3280,1.80744e-13,3.07549,-0.314552,-0.627917,-0.235157,-3.47532,1.55239,0.366451,-0.841824,0.366451,-0.841824,162,1,-3866.7,-1037.53,5345.68,-6077.96,10789.8,-1180.3,28.1945,17168.2
896,0.0896,3280,1.43441e-13,3.2488,-0.343824,-0.898025,-0.156174,-3.87912,1.64612,0.36072,-0.837904,0.36072,-0.837904,162,1,-4215.74,-1090.05,5691.85,-6438.3,11612.8,-1307.5,28.835,17663.4
897,0.0897,3280,1.91402e-13,3.31064,-0.37489,-0.446708,-0.379904,-3.59282,1.69549,0.36427,-0.837525,0.36427,-0.837525,162,1,-4550.75,-1139.3,6017.73,-6778.06,12396.3,-1430.15,29.3805,18119.6
898,0.0898,3280,1.56319e-13,3.27283,-0.380567,-0.164924,-0.506125,-3.33259,1.68527,0.372489,-0.839829,0.372489,-0.839829,162,1,-5403.45,-1264.22,6849.25,-7640.45,14392.6,-1742.35,31.2771,19225.3
899,0.0899,3280,2.84217e-13,3.1609,-0.34626,-0.58185,-0.29872,-3.54043,1.6145,0.376804,-0.840516,0.376804,-0.840516,162,1,-5463.03,-1272.42,6905.15,-7698.15,14529.9,-1764.48,31.316,19298.3
900,0.09,3280,1.70308e-13,3.19233,-0.352185,-0.764156,-0.231949,-3.72244,1.63415,0.37638,-0.838381,0.37638,-0.838381,162,1,-5359.86,-1257.88,6809.64,-7597.02,14293,-1726.31,31.0818,19170.7
901,0.0901,3280,1.50213e-13,3.01875,-0.318447,-0.620975,-0.254288,-3.41806,1.53682,0.362973,-0.832562,0.362973,-0.832562,162,1,-5102.62,-1220.33,6554.35,-7335.15,13686.9,-1631.92,30.5024,18843.2
902,0.0902,3280,1.51434e-13,2.85586,-0.287819,-0.494966,-0.272,-3.13946,1.4463,0.360414,-0.828793,0.360414,-0.828793,162,1,-5363.07,-1259.08,6805.31,-7597.82,14294.2,-1726.61,31.2283,19174
903,0.0903,3280,1.83853e-13,2.96515,-0.311042,-0.671734,-0.224445,-3.40039,1.51031,0.355097,-0.825182,0.355097,-0.825182,162,1,-5085.39,-1218.99,6533.96,-7317.89,13643.4,-1624.41,30.5055,18820.8
904,0.0904,3280,1.91847e-13,2.87115,-0.286794,-0.7164,-0.177874,-3.3303,1.45214,0.354267,-0.822717,0.354267,-0.822717,162,1,-4830.79,-1181.79,6281.2,-7058.27,13043.1,-1530.95,29.8675,18488.4
905,0.0905,3280,2.75335e-13,2.74681,-0.26332,-0.593276,-0.200939,-3.0941,1.38231,0.354783,-0.820183,0.354783,-0.820183,162,1,-4967.29,-1201.34,6401.6,-7189.54,13350.8,-1581.03,30.0551,18661.5
906,0.0906,3280,1.63425e-13,2.60224,-0.242297,-0.320012,-0.291406,-2.72191,1.30652,0.353954,-0.817557,0.353954,-0.817557,162,1,-5302.96,-1249.86,6718.93,-7522.99,14127.1,-1704.25,30.7443,19087.1
907,0.0907,3280,2.22933e-13,2.79439,-0.290551,-0.446242,-0.294849,-3.04163,1.42529,0.350986,-0.814989,0.350986,-0.814989,162,1,-5303.49,-1250.7,6720.8,-7525.62,14129.9,-1703.83,30.8239,19089.4
908,0.0908,3280,1.08358e-13,2.49356,-0.215727,-0.67669,-0.115601,-2.88949,1.24311,0.350943,-0.812252,0.350943,-0.812252,162,1,-5221.27,-1238.74,6635.48,-7440.09,13932.7,-1673.49,30.5702,18983.7
909,0.0909,3280,1.8896e-13,2.49118,-0.226284,-0.593096,-0.162506,-2.8211,1.25201,0.337426,-0.805133,0.337426,-0.805133,162,1,-4658.03,-1157.52,6091.42,-6874.58,12618.9,-1466.11,29.3922,18253.2
910,0.091,3280,1.49325e-13,2.2801,-0.192744,-0.259107,-0.264323,-2.32315,1.13919,0.323105,-0.797687,0.323105,-0.797687,162,1,-3932.79,-1048.89,5377.14,-6129.69,10912.9,-1201.55,27.738,17246.9
911,0.0911,3280,1.73528e-13,2.2447,-0.20165,0.0623027,-0.406541,-2.02749,1.13251,0.317049,-0.792972,0.317049,-0.792972,162,1,-4277.75,-1101.22,5719.51,-6486.74,11726.8,-1326.93,28.536,17735.2
912,0.0912,3280,1.44385e-13,2.08493,-0.162204,0.0690424,-0.36427,-1.83966,1.03497,0.316156,-0.789488,0.316156,-0.789488,162,1,-4128.49,-1077.97,5563.8,-6327.87,11367.8,-1273.11,28.1481,17523.5
913,0.0913,3280,2.0961e-13,2.33544,-0.214636,-0.115893,-0.345375,-2.25979,1.17962,0.309657,-0.783995,0.309657,-0.783995,162,1,-4190.8,-1088.19,5633.02,-6397.25,11521.8,-1295.32,28.4207,17614.4
914,0.0914,3280,2.34479e-13,2.27062,-0.202656,0.0439504,-0.397679,-2.05796,1.14265,0.304803,-0.7797,0.304803,-0.7797,162,1,-4215.04,-1091.35,5649.55,-6418.47,11573,-1304.59,28.684,17648.1
915,0.0915,3280,2.06057e-13,2.63317,-0.255406,-1.06583,0.00376322,-3.33378,1.33484,0.296892,-0.774364,0.296892,-0.774364,162,1,-5246.2,-1244.16,6666.53,-7471.62,13997.9,-1681.32,30.772,19019.3
916,0.0916,3280,2.44249e-13,2.17959,-0.161946,-0.640758,-0.0699247,-2.49936,1.07358,0.297521,-0.771678,0.297521,-0.771678,162,1,-6141.43,-1371.14,7514.17,-8354.16,16068.5,-2011.32,32.4703,20104.6
917,0.0917,3280,2.18492e-13,2.24229,-0.170709,-0.919418,0.0343684,-2.79409,1.10709,0.291419,-0.76672,0.291419,-0.76672,162,1,-7019.87,-1493.84,8354.99,-9217.05,18106.3,-2336,33.9149,21104
918,0.0918,3280,1.27454e-13,2.07637,-0.12992,-0.838499,0.0437047,-2.54838,1.00562,0.286929,-0.761139,0.286929,-0.761139,162,1,-6558.76,-1429.73,7923.94,-8769.79,17045.9,-2165.48,33.1017,20589.2
919,0.0919,3280,1.45661e-13,2.24955,-0.159068,-1.14554,0.136765,-2.98373,1.09999,0.273643,-0.753996,0.273643,-0.753996,162,1,-6161.01,-1375.48,7561.87,-8389.66,16140.2,-2017.55,32.5471,20135.9
920,0.092,3280,1.42997e-13,2.04266,-0.0939404,-1.38368,0.307518,-2.94139,0.961734,0.258011,-0.744008,0.258011,-0.744008,162,1,-5012.63,-1209.84,6446.47,-7238.63,13457.6,-1595.68,30.0801,18721.1
921,0.0921,3280,8.35443e-14,1.96555,-0.071641,-1.06202,0.195979,-2.60537,0.909542,0.24544,-0.736976,0.24544,-0.736976,162,1,-3659.12,-1007.87,5115.28,-5851.53,10276.2,-1101.59,27.331,16850.5
922,0.0922,3280,1.45051e-13,2.00938,-0.0837389,-1.0329,0.172907,-2.63151,0.936146,0.235827,-0.729383,0.235827,-0.729383,162,1,-4350.57,-1112.45,5794.51,-6564.36,11901.8,-1353.18,28.8692,17838
923,0.0923,3280,1.3145e-13,1.90384,-0.0592289,-0.989247,0.185148,-2.47979,0.872219,0.231632,-0.725141,0.231632,-0.725141,162,1,-4299.4,-1104.56,5730.6,-6504.89,11768.8,-1334.35,28.6636,17761.9
924,0.0924,3280,1.75859e-13,2.00708,-0.0739924,-1.15085,0.236293,-2.72973,0.926042,0.228698,-0.720622,0.228698,-0.720622,162,1,-3937.54,-1051.29,5360.97,-6128.34,10906.3,-1201.3,28.0298,17249.5
925,0.0925,3280,1.18572e-13,1.97301,-0.062428,-1.44097,0.36956,-2.92277,0.904557,0.213979,-0.711997,0.213979,-0.711997,162,1,-3926.38,-1049.62,5345.54,-6114.5,10875.6,-1197.11,27.8685,17230.9
926,0.0926,3280,2.13163e-13,1.81923,-0.0443948,-1.17487,0.279178,-2.53916,0.828917,0.201287,-0.70323,0.201287,-0.70323,162,1,-3130.04,-925.933,4551.28,-5278.97,8990.76,-909.15,25.9682,16024
927,0.0927,3280,1.21791e-13,1.69931,-0.0254308,-1.1678,0.298796,-2.39549,0.76661,0.19017,-0.695093,0.19017,-0.695093,162,1,-3046.95,-912.402,4469.72,-5190.8,8794.66,-879.572,25.6547,15890
928,0.0928,3280,1.14575e-13,1.60755,-0.013939,-0.954862,0.223539,-2.12711,0.720548,0.186435,-0.688527,0.186435,-0.688527,162,1,-3557.15,-992.33,4980.84,-5729.82,10005,-1063.93,26.9009,16686.1
929,0.0929,3280,1.36779e-13,1.61126,-0.00313644,-1.15884,0.319311,-2.28937,0.713372,0.17354,-0.680059,0.17354,-0.680059,162,1,-2866.55,-883.223,4288.38,-4997.72,8365.69,-815.14,25.1887,15594.6
930,0.093,3280,1.05249e-13,1.50056,0.0148952,-0.939323,0.251049,-1.98818,0.653647,0.168687,-0.672906,0.168687,-0.672906,162,1,-3439.38,-973.251,4863.31,-5604.84,9725.75,-1022.09,26.5324,16505.5
931,0.0931,3280,1.64313e-13,1.54893,0.00874805,-0.990622,0.26732,-2.07351,0.678093,0.168348,-0.668492,0.168348,-0.668492,162,1,-3413.98,-969.47,4841.01,-5580.06,9668.49,-1012.95,26.5927,16467.6
932,0.0932,3280,9.50351e-14,1.39361,0.0460992,-1.05302,0.336645,-1.94155,0.584732,0.160879,-0.661171,0.160879,-0.661171,162,1,-3119.3,-921.903,4537.83,-5262.35,8961.6,-907.494,25.6025,16000.6
933,0.0933,3280,1.35003e-13,1.3179,0.049626,-0.713847,0.198101,-1.58798,0.551267,0.155666,-0.654277,0.155666,-0.654277,162,1,-2681.49,-852.33,4099.37,-4796.21,7922.52,-749.741,24.7254,15280.8
934,0.0934,3280,1.14575e-13,1.49591,0.0248485,-1.23475,0.380738,-2.20339,0.644671,0.149518,-0.646572,0.149518,-0.646572,162,1,-2346.04,-797.168,3755.61,-4430.21,7118.25,-629.854,23.8169,14692.4
935,0.0935,3280,1.02141e-13,1.31518,0.0549093,-1.02271,0.324711,-1.83359,0.547027,0.145513,-0.639448,0.145513,-0.639448,162,1,-1963.47,-731.451,3354.88,-4001.02,6191.13,-494.705,22.5371,13971.3
936,0.0936,3280,1.25233e-13,1.43336,0.0265433,-1.0725,0.310992,-2.0092,0.618316,0.143261,-0.633007,0.143261,-0.633007,162,1,-2485.4,-820.545,3904.84,-4586.51,7458.52,-679.403,24.3252,14944.2
937,0.0937,3280,1.02994e-13,1.38872,0.0575363,-1.49852,0.519999,-2.29303,0.574205,0.13872,-0.625638,0.13872,-0.625638,162,1,-1669.15,-679.094,3043.35,-3664.38,5474.06,-391.773,21.5322,13377.5
938,0.0938,3280,1.03029e-13,1.13007,0.103,-0.928583,0.335135,-1.55312,0.430348,0.14393,-0.622428,0.14393,-0.622428,162,1,-1741.73,-691.717,3120.26,-3747.46,5651.13,-417.459,21.9197,13527.4
939,0.0939,3280,1.48326e-13,1.45882,0.0411641,-1.25327,0.400734,-2.17511,0.613623,0.14153,-0.616285,0.14153,-0.616285,162,1,-2149.21,-762.916,3555.44,-4212.72,6646.96,-560.927,23.3348,14329.9
940,0.094,3280,1.35003e-13,1.28677,0.0768641,-1.00673,0.340955,-1.78632,0.512795,0.126939,-0.604685,0.126939,-0.604685,162,1,-2791.8,-868.037,4214.88,-4914.01,8188.33,-791.059,24.8202,15464.8
941,0.0941,3280,3.02546e-13,1.26661,0.08642,-0.932987,0.320834,-1.70402,0.494761,0.121233,-0.595894,0.121233,-0.595894,162,1,-2050.2,-744.801,3444.11,-4096.37,6399.76,-526.676,23.0064,14136.5
942,0.0942,3280,1.33227e-13,1.29198,0.0838477,-1.0939,0.386824,-1.86074,0.50636,0.119983,-0.589307,0.119983,-0.589307,162,1,-2363.2,-797.519,3774.07,-4446.45,7159.35,-637.988,23.773,14719.2
943,0.0943,3280,1.76525e-13,1.11488,0.109822,-0.897711,0.336842,-1.51057,0.413273,0.134481,-0.588372,0.134481,-0.588372,162,1,-2408.61,-804.758,3819.94,-4495.63,7267.43,-654.44,23.8199,14799.8
944,0.0944,3280,1.81188e-13,1.24196,0.0745268,-0.935626,0.314159,-1.68386,0.494833,0.149273,-0.589109,0.149273,-0.589109,162,1,-2259.42,-780.449,3669.24,-4334.24,6911.84,-601.052,23.5735,14532.8
945,0.0945,3280,9.9476e-14,1.16974,0.0969373,-1.01693,0.372556,-1.66898,0.44806,0.1731,-0.592239,0.1731,-0.592239,162,1,-1815.74,-703.571,3199.72,-3832.22,5832.02,-444.744,22.0687,13676.7
946,0.0946,3280,1.27898e-13,1.17965,0.0916124,-0.831245,0.290701,-1.53358,0.457066,0.167587,-0.584833,0.167587,-0.584833,162,1,-1912.5,-720.89,3304.38,-3944.48,6070.06,-478.682,22.5788,13872.3
947,0.0947,3280,1.00808e-13,1.21386,0.0913614,-1.02504,0.372891,-1.72325,0.472188,0.180496,-0.584822,0.180496,-0.584822,162,1,-2192.34,-768.719,3598.19,-4259.05,6748.72,-577.937,23.353,14408.5
948,0.0948,3280,1.3578e-13,1.12564,0.112423,-0.835433,0.320118,-1.47044,0.419194,0.204204,-0.589063,0.204204,-0.589063,162,1,-2058.78,-745.348,3454.42,-4106.5,6421.38,-531.099,22.8702,14153.2
949,0.0949,3280,1.00198e-13,1.23071,0.0985928,-0.996102,0.371297,-1.7137,0.473612,0.196709,-0.582302,0.196709,-0.582302,162,1,-2252.84,-778.857,3656.54,-4324.09,6890.8,-599.567,23.6178,14519
950,0.095,3280,1.16351e-13,1.14882,0.127645,-1.07786,0.436844,-1.6841,0.416683,0.167489,-0.567296,0.167489,-0.567296,162,1,-1805.7,-700.974,3182.27,-3816.54,5801.37,-442.208,22.0697,13653.3
951,0.0951,3280,1.38556e-13,1.18069,0.111526,-0.986139,0.380361,-1.64528,0.44436,0.138741,-0.549427,0.138741,-0.549427,162,1,-1393.49,-627.213,2739.54,-3338.51,4790.79,-297.823,20.9069,12780.1
952,0.0952,3280,1.26121e-13,1.12914,0.115586,-0.965533,0.377004,-1.57039,0.421877,0.136575,-0.544332,0.136575,-0.544332,162,1,-1360.74,-621.035,2706.86,-3300.77,4712.44,-286.543,20.6771,12707.4
953,0.0953,3280,2.19824e-13,1.11816,0.108606,-0.882484,0.335418,-1.49053,0.424406,0.142841,-0.542794,0.142841,-0.542794,162,1,-1458.89,-639.691,2816.14,-3418.73,4957.13,-320.165,21.1336,12928.2
954,0.0954,3280,1.32339e-13,1.09868,0.104889,-0.939554,0.35501,-1.51417,0.42031,0.133446,-0.534393,0.133446,-0.534393,162,1,-1920.89,-721.86,3314.68,-3953.69,6091.76,-482.258,22.5227,13889.6
955,0.0955,3280,1.16893e-13,1.03512,0.112729,-0.846094,0.326252,-1.36722,0.388046,0.122382,-0.528913,0.122382,-0.528913,162,1,-2259.93,-779.916,3669.24,-4333.84,6912.76,-602.206,23.5409,14534.3
956,0.0956,3280,1.03861e-13,1.09774,0.107643,-0.977651,0.374891,-1.53783,0.416671,0.109263,-0.517002,0.109263,-0.517002,162,1,-2183.16,-767.051,3580.25,-4244.16,6719.22,-574.686,23.3699,14388.3
957,0.0957,3280,1.2168e-13,1.00793,0.126651,-0.827599,0.33565,-1.31528,0.363473,0.100176,-0.508626,0.100176,-0.508626,162,1,-2508.8,-820.578,3910.75,-4598.78,7497.16,-691.187,24.1419,14972.9
958,0.0958,3280,1.03029e-13,1.07289,0.11473,-0.928973,0.36418,-1.47063,0.399738,0.0972851,-0.502797,0.0972851,-0.502797,162,1,-3417.04,-966.197,4835.08,-5575.23,9666.92,-1017.67,26.5463,16465.4
959,0.0959,3280,1.9143e-13,1.01369,0.129927,-0.953041,0.38754,-1.42782,0.363259,0.0820196,-0.49094,0.0820196,-0.49094,162,1,-2817.68,-871.017,4231.11,-4936.72,8241.18,-801.786,24.9796,15505
960,0.096,3280,1.50835e-13,1.06428,0.120938,-1.04005,0.411886,-1.55661,0.391798,0.0604534,-0.478087,0.0604534,-0.478087,162,1,-2450.6,-812.019,3867.58,-4545.52,7373.27,-669.851,24.2227,14880
961,0.0961,3280,1.1724e-13,1.00668,0.134889,-1.01557,0.416772,-1.47572,0.356469,0.0433514,-0.467839,0.0433514,-0.467839,162,1,-1968.85,-729.918,3362.47,-4006.74,6206.04,-499.279,22.7294,13982.5
962,0.0962,3280,9.59233e-14,1.06468,0.123037,-1.10381,0.441274,-1.61226,0.389259,0.0286508,-0.457795,0.0286508,-0.457795,162,1,-2436.57,-809.747,3860,-4534.22,7346.05,-665.015,24.2669,14859.2
963,0.0963,3280,1.27898e-13,0.992834,0.138305,-1.06133,0.442998,-1.49819,0.346564,0.0186096,-0.448691,0.0186096,-0.448691,162,1,-2391.77,-801.458,3807,-4480.2,7231.63,-649.598,23.9817,14774.3
964,0.0964,3280,1.81632e-13,1.04778,0.124408,-1.10703,0.449429,-1.596,0.379768,0.0126123,-0.44215,0.0126123,-0.44215,162,1,-3009.22,-902.939,4431.97,-5148.95,8705.16,-869.97,25.8261,15827.4
965,0.0965,3280,1.84741e-13,0.966305,0.147198,-1.01785,0.441864,-1.43069,0.326679,0.00281777,-0.433884,0.00281777,-0.433884,162,1,-2785.55,-865.6,4188.55,-4898.15,8155.76,-790.519,25.0134,15448.5
966,0.0966,3280,1.66533e-13,1.03909,0.139429,-0.99655,0.429026,-1.49218,0.361903,-0.0209309,-0.421917,-0.0209309,-0.421917,162,1,-3984.25,-1053.69,5384.6,-6162.62,10995.2,-1223.36,28.1248,17304.9
967,0.0967,3280,1.85629e-13,0.978318,0.157631,-0.963091,0.436264,-1.39669,0.322255,-0.0370135,-0.414277,-0.0370135,-0.414277,162,1,-3586.34,-991.808,4975.29,-5739.57,10042,-1079.42,26.986,16713.3
968,0.0968,3280,3.5083e-13,1.04176,0.139523,-1.03328,0.445169,-1.52391,0.364586,-0.0522085,-0.407357,-0.0522085,-0.407357,162,1,-4137.83,-1077.89,5531.45,-6320.42,11352.8,-1278.43,28.5571,17522.7
969,0.0969,3280,1.90958e-13,0.956419,0.151627,-1.00393,0.445407,-1.40705,0.321382,-0.0670042,-0.398693,-0.0670042,-0.398693,162,1,-3512.84,-981.428,4902.92,-5664.27,9869.18,-1051.93,26.8306,16603.8
970,0.097,3280,2.70894e-13,1.03055,0.128235,-1.04205,0.43462,-1.52167,0.372622,-0.084183,-0.387197,-0.084183,-0.387197,162,1,-4198,-1088.64,5597.22,-6388.28,11501.2,-1299.07,28.8677,17612.7
971,0.0971,3280,1.45661e-13,0.934143,0.152915,-1.04863,0.463594,-1.41693,0.313464,-0.106993,-0.374643,-0.106993,-0.374643,162,1,-3175.02,-928.9,4568.11,-5309.74,9071.48,-929.616,25.9976,16081.7
972,0.0972,3280,2.33591e-13,1.01416,0.13518,-0.99925,0.42395,-1.46742,0.360975,-0.124478,-0.366929,-0.124478,-0.366929,162,1,-5159.86,-1230.73,6541.39,-7368.6,13759.8,-1650.95,30.9198,18898.6
973,0.0973,3280,1.31922e-13,0.950788,0.160742,-1.13472,0.507187,-1.49967,0.313177,-0.150849,-0.353377,-0.150849,-0.353377,162,1,-4178.77,-1082.92,5574.92,-6361.57,11451.7,-1294.22,28.3311,17580.2
974,0.0974,3280,1.93623e-13,1.00691,0.153552,-1.03732,0.459111,-1.48279,0.340754,-0.171773,-0.342194,-0.171773,-0.342194,162,1,-6055.53,-1357.54,7410.17,-8262.26,15850.5,-1982.03,32.5914,19998.2
975,0.0975,3280,1.72307e-13,1.00057,0.170691,-1.16489,0.530403,-1.57209,0.322281,-0.192294,-0.330552,-0.192294,-0.330552,162,1,-6246.72,-1381.57,7593.25,-8446.46,16293.4,-2055.15,32.6085,20219.6
976,0.0976,3280,1.37668e-13,1.05819,0.157546,-1.10604,0.490421,-1.59097,0.355903,-0.20793,-0.322622,-0.20793,-0.322622,162,1,-8278.98,-1660.85,9530.73,-10428.3,21000,-2809.59,36.3805,22436.7
977,0.0977,3280,1.58096e-13,1.00195,0.172505,-1.14877,0.522556,-1.56057,0.320364,-0.224137,-0.31361,-0.224137,-0.31361,162,1,-6065.62,-1355.26,7433.3,-8273.25,15885.2,-1989.2,32.3413,20010.9
978,0.0978,3280,1.15297e-13,1.06429,0.149462,-1.04502,0.453244,-1.55051,0.365306,-0.239047,-0.3037,-0.239047,-0.3037,162,1,-6385.35,-1403.14,7758.32,-8602.84,16645.8,-2105.25,33.3191,20393.2
979,0.0979,3280,1.11168e-13,1.01008,0.166184,-1.10908,0.498042,-1.54048,0.329683,-0.252709,-0.294738,-0.252709,-0.294738,162,1,-3846.8,-1032.23,5285.22,-6036.99,10704.6,-1174.56,27.8389,17119.2
980,0.098,3280,3.42837e-13,1.08778,0.157637,-1.13146,0.494627,-1.64879,0.367603,-0.266392,-0.285152,-0.266392,-0.285152,162,1,-3329.4,-954.152,4771.17,-5499.05,9482.54,-985.551,27.0026,16344.4
981,0.0981,3280,1.68754e-13,1.04965,0.180523,-1.12502,0.516095,-1.60028,0.331471,-0.280254,-0.275289,-0.280254,-0.275289,162,1,-1883.46,-714.125,3260.82,-3903.69,5988.16,-470.106,22.7087,13809.1
982,0.0982,3280,1.59872e-13,1.24481,0.174443,-1.3626,0.605025,-2.00718,0.412931,-0.293198,-0.26637,-0.293198,-0.26637,162,1,-2581.12,-833.417,3996.24,-4687.35,7682.67,-717.054,25.1371,15109.6
983,0.0983,3280,1.19904e-13,1.29143,0.209253,-1.54452,0.717362,-2.1993,0.399638,-0.305404,-0.25653,-0.305404,-0.25653,162,1,-1889.61,-713.424,3270.23,-3909.98,6005.33,-474.09,22.708,13820.4
984,0.0984,3280,1.85629e-13,1.60353,0.217244,-1.70947,0.792092,-2.6776,0.515881,-0.321853,-0.244812,-0.321853,-0.244812,162,1,-2576.49,-830.375,3995.43,-4681.28,7674.49,-717.756,25.0973,15100.4
985,0.0985,3280,1.13687e-13,1.56658,0.245982,-1.44104,0.721345,-2.41746,0.476568,-0.337299,-0.23273,-0.337299,-0.23273,162,1,-2805.81,-863.743,4263.69,-4940.53,8252.58,-804.126,25.2777,15498.9
986,0.0986,3280,1.58096e-13,1.50233,0.199203,-1.56558,0.719828,-2.44451,0.491206,-0.35289,-0.22084,-0.35289,-0.22084,162,1,-5268.75,-1235.26,6794.67,-7535.4,14144.5,-1704.55,31.2181,19071.4
987,0.0987,3280,1.65423e-13,1.5963,0.245583,-1.25354,0.652169,-2.30282,0.489773,-0.366445,-0.210005,-0.366445,-0.210005,162,1,-3975.7,-1042.5,5524.38,-6213.43,11106.7,-1232.87,28.0813,17334.6
988,0.0988,3280,2.08722e-13,1.74706,0.245488,-0.753993,0.454593,-2.07941,0.550727,-0.380405,-0.199084,-0.380405,-0.199084,162,1,-4119.09,-1066.22,5666.13,-6365.43,11445.8,-1283.62,28.8155,17542.4
989,0.0989,3280,1.26121e-13,1.81562,0.287651,-0.642111,0.459571,-2.06823,0.542365,-0.382258,-0.1924,-0.382258,-0.1924,162,1,-2872.59,-871.359,4388.74,-5036.98,8463.48,-832.739,25.3653,15631.4
990,0.099,3280,2.70894e-13,1.99722,0.263061,-0.325482,0.307972,-2.02282,0.636378,-0.380584,-0.187892,-0.380584,-0.187892,162,1,-3762.26,-1013.57,5287.2,-5985.68,10582.1,-1152.32,28.1972,17023.2
991,0.0991,3280,1.65201e-13,1.81089,0.304025,-0.538684,0.437521,-1.97973,0.525957,-0.405103,-0.172528,-0.405103,-0.172528,162,1,-1834.14,-697.768,3263.24,-3864.46,5915.81,-461.899,22.2081,13727.4
992,0.0992,3280,1.88294e-13,1.93618,0.269887,-0.261708,0.288509,-1.90089,0.605434,-0.427835,-0.158399,-0.427835,-0.158399,162,1,-3581.18,-985.094,5091.21,-5787.33,10139.7,-1086.96,27.7374,16747.9
993,0.0993,3280,2.66898e-13,1.783,0.297349,-0.640332,0.467811,-2.0265,0.521023,-0.44636,-0.145842,-0.44636,-0.145842,162,1,-2193.88,-759.322,3652.55,-4274.42,6799.19,-589.769,23.4187,14426.2
994,0.0994,3280,2.64677e-13,1.92793,0.268066,-0.333242,0.310831,-1.94827,0.605232,-0.455625,-0.136597,-0.455625,-0.136597,162,1,-3173.04,-921.616,4681.29,-5355.81,9171.03,-938.995,26.7438,16118.5
995,0.0995,3280,2.22045e-13,1.77644,0.279953,-0.733818,0.48147,-2.09468,0.535142,-0.465478,-0.127489,-0.465478,-0.127489,162,1,-2117.61,-747.446,3582.99,-4195.35,6624.45,-561.873,23.3587,14289.7
996,0.0996,3280,1.92735e-13,1.86807,0.259763,-0.446474,0.341395,-1.9748,0.59002,-0.47079,-0.119901,-0.47079,-0.119901,162,1,-2737.2,-852.367,4241.15,-4889.31,8133.22,-781.599,25.5841,15406.9
997,0.0997,3280,2.07834e-13,1.74045,0.278258,-0.752934,0.481614,-2.07473,0.522937,-0.481759,-0.110725,-0.481759,-0.110725,162,1,-1809.15,-694.125,3247.81,-3841.14,5865.81,-452.52,22.2974,13684.1
998,0.0998,3280,2.27374e-13,1.89071,0.240645,-0.607818,0.382336,-2.13028,0.61484,-0.502158,-0.10022,-0.502158,-0.10022,162,1,-3327.82,-946.469,4840.07,-5521.52,9542.16,-994.329,27.195,16363.3
999,0.0999,3280,1.56763e-13,1.68723,0.292285,-0.855658,0.537852,-2.09478,0.487449,-0.5244,-0.0887403,-0.5244,-0.0887403,162,1,-2098.93,-742.501,3546.89,-4163.01,6563.76,-556.322,23.0299,14244.2
1000,0.1,3280,1.43885e-13,1.78509,0.256098,-0.731171,0.44824,-2.10652,0.556291,-0.542111,-0.0786361,-0.542111,-0.0786361,162,1,-3716.73,-1004.53,5222.81,-5923.74,10457.4,-1137.16,27.9875,16946.9
1001,0.1001,3280,2.39808e-13,1.65649,0.300749,-0.849506,0.544967,-2.05482,0.465435,-0.556586,-0.0695975,-0.556586,-0.0695975,162,1,-2491.58,-807.018,3959.09,-4598.42,7514.79,-697.499,24.1463,14961.5
1002,0.1002,3280,3.21521e-13,1.71582,0.252781,-0.726825,0.440962,-2.02792,0.530159,-0.567806,-0.0618692,-0.567806,-0.0618692,162,1,-4579.78,-1132.76,6085.03,-6816.21,12498.8,-1453.62,29.9071,18163.9
1003,0.1003,3280,1.38889e-13,1.6022,0.290095,-0.977811,0.583877,-2.09894,0.45285,-0.579334,-0.0529805,-0.579334,-0.0529805,162,1,-3589.34,-980.699,5092.49,-5781.7,10150.8,-1094.38,26.9788,16748.2
1004,0.1004,3280,1.75859e-13,1.6864,0.25442,-0.766267,0.457914,-2.02967,0.517029,-0.587034,-0.0463792,-0.587034,-0.0463792,162,1,-5669.21,-1289.33,7153.04,-7915.49,15052.9,-1855.24,31.9937,19556.9
1005,0.1005,3280,1.03029e-13,1.6483,0.269203,-1.0404,0.584648,-2.20469,0.489423,-0.600869,-0.0360687,-0.600869,-0.0360687,162,1,-5378.36,-1246.1,6867.3,-7619.61,14369.4,-1749.27,31.06,19193.4
1006,0.1006,3280,1.88294e-13,1.68123,0.257553,-0.860416,0.498575,-2.10182,0.512407,-0.609293,-0.0282368,-0.609293,-0.0282368,162,1,-6635.16,-1423.24,8083.85,-8868.49,17300,-2214.1,33.6002,20689.3
1007,0.1007,3280,2.63456e-13,1.65462,0.286362,-1.03758,0.603774,-2.21106,0.476626,-0.621751,-0.0181436,-0.621751,-0.0181436,162,1,-5706.46,-1291.03,7171.07,-7937.48,15121.4,-1871.68,31.4124,19591
1008,0.1008,3280,1.34323e-13,1.71527,0.260998,-0.889938,0.517879,-2.16188,0.521615,-0.631579,-0.00805069,-0.631579,-0.00805069,162,1,-8387.61,-1659.49,9724.67,-10553.4,21329.1,-2867.87,36.4848,22556.4
1009,0.1009,3280,1.38112e-13,1.60811,0.271761,-1.2023,0.656512,-2.28717,0.469186,-0.645405,0.00280823,-0.645405,0.00280823,162,1,-7784.93,-1575.72,9151.59,-9966.53,19934.3,-2645.31,35.0418,21928.9
1010,0.101,3280,2.61124e-13,1.64909,0.247486,-1.0383,0.562483,-2.20592,0.506445,-0.656463,0.0130545,-0.656463,0.0130545,162,1,-9358.76,-1786.59,10649,-11483.6,23573.2,-3232.82,37.964,23516.8
1011,0.1011,3280,1.77636e-13,1.5033,0.273629,-1.07469,0.604408,-2.07082,0.425773,-0.664462,0.0216418,-0.664462,0.0216418,162,1,-7557.37,-1543.26,8951.86,-9751.48,19422.7,-2562.31,34.5007,21691.1
1012,0.1012,3280,1.20792e-13,1.57496,0.240331,-1.04277,0.556015,-2.12784,0.483755,-0.67222,0.0300013,-0.67222,0.0300013,162,1,-10559.9,-1941.52,11792.4,-12626.3,26347.1,-3685.03,39.6486,24643.3
1013,0.1013,3280,1.89182e-13,1.41445,0.271017,-1.11578,0.618662,-2.00216,0.392911,-0.675168,0.0360129,-0.675168,0.0360129,162,1,-9807.87,-1839.57,11071.4,-11899.7,24603.6,-3405.85,37.8801,23938.5
1014,0.1014,3280,1.43885e-13,1.48924,0.245179,-0.892927,0.50407,-1.90349,0.444176,-0.678059,0.0418059,-0.678059,0.0418059,162,1,-11003.1,-1998.34,12193.4,-13035.9,27351.5,-3851.54,40.2348,25038.9
1015,0.1015,3280,2.12275e-13,1.3313,0.283568,-0.824802,0.522904,-1.66106,0.346119,-0.683591,0.0497097,-0.683591,0.0497097,162,1,-8299.74,-1642.36,9655.64,-10465.7,21136.9,-2839.81,35.6548,22464
1016,0.1016,3280,1.93623e-13,1.40477,0.262492,-0.644915,0.429854,-1.59693,0.392383,-0.691546,0.0582697,-0.691546,0.0582697,162,1,-9484.34,-1802.73,10783.5,-11609.6,23877.1,-3280.44,38.1573,23641.3
1017,0.1017,3280,2.94431e-13,1.28069,0.296931,-0.726716,0.502023,-1.51961,0.312216,-0.699035,0.0671055,-0.699035,0.0671055,162,1,-6999.87,-1467.91,8420.42,-9209.44,18132.5,-2354.25,33.6129,21086.7
1018,0.1018,3280,3.05533e-13,1.3239,0.276922,-0.629124,0.438126,-1.49448,0.34649,-0.704787,0.0756445,-0.704787,0.0756445,162,1,-8569.81,-1682.7,9900.07,-10727.2,21752.3,-2937.1,36.7613,22740.1
1019,0.1019,3280,1.93179e-13,1.25693,0.296747,-0.715642,0.495498,-1.48992,0.302943,-0.70693,0.0824315,-0.70693,0.0824315,162,1,-6777.45,-1440.35,8190.58,-8988.45,17602.7,-2268.74,33.5338,20837.6
1020,0.102,3280,1.08802e-13,1.31125,0.277371,-0.662387,0.453051,-1.51338,0.341644,-0.70914,0.0901503,-0.70914,0.0901503,162,1,-5994.88,-1334.56,7450.43,-8228.6,15796.2,-1976.27,32.4765,19942.1
1021,0.1021,3280,2.38032e-13,1.25139,0.285858,-0.702961,0.478907,-1.48476,0.311566,-0.718469,0.099682,-0.718469,0.099682,162,1,-2879.47,-872.538,4374.82,-5032.42,8462.45,-835.269,25.61,15635.2
1022,0.1022,3280,5.10259e-13,1.25968,0.266628,-0.709508,0.458957,-1.50657,0.33262,-0.720691,0.107537,-0.720691,0.107537,162,1,-2080.36,-742.867,3552.92,-4161.03,6543.92,-547.838,23.6653,14227.7
1023,0.1023,3280,2.14939e-13,1.22377,0.266136,-0.743558,0.472116,-1.49614,0.318962,-0.723191,0.114217,-0.723191,0.114217,162,1,-1489.07,-638.896,2912.67,-3478.42,5090.24,-339.452,21.698,13023.5
1024,0.1024,3280,1.59872e-13,1.22362,0.264397,-0.746262,0.472718,-1.49828,0.320075,-0.720263,0.118107,-0.720263,0.118107,162,1,-1230.94,-591.265,2615.61,-3164.68,4438.24,-249.324,20.7796,12434.2
1025,0.1025,3280,1.99396e-13,1.23979,0.257866,-0.806197,0.489804,-1.56261,0.331425,-0.721555,0.124356,-0.721555,0.124356,162,1,-1568.63,-653.276,2973.36,-3558.37,5263.05,-366.751,21.9281,13181.7
1026,0.1026,3280,1.66978e-13,1.15505,0.275636,-0.78009,0.496998,-1.44679,0.281494,-0.725892,0.131619,-0.725892,0.131619,162,1,-1791.24,-690.974,3203.62,-3807.77,5799.91,-446.284,22.3523,13635.7
1027,0.1027,3280,2.02505e-13,1.21239,0.258536,-0.863605,0.510264,-1.57882,0.319129,-0.730996,0.13875,-0.730996,0.13875,162,1,-2510.01,-813.591,3973.91,-4621.35,7557.11,-701.445,24.6854,14997.1
1028,0.1028,3280,1.1724e-13,1.11694,0.27865,-0.848376,0.523389,-1.46267,0.263961,-0.732178,0.144681,-0.732178,0.144681,162,1,-1952.34,-718.471,3394.74,-4000.03,6210.55,-503.984,22.8137,13963.9
1029,0.1029,3280,2.73559e-13,1.20053,0.254426,-0.870632,0.5033,-1.57763,0.318906,-0.730516,0.15013,-0.730516,0.15013,162,1,-2244.54,-770.057,3728.52,-4344.33,6944.4,-606.734,24.0414,14533.3
1030,0.103,3280,1.19016e-13,1.11046,0.281185,-0.872641,0.531674,-1.48035,0.260119,-0.731232,0.156499,-0.731232,0.156499,162,1,-1573.65,-652.159,3004.51,-3573.02,5297.53,-370.573,21.6126,13199.3
1031,0.1031,3280,1.81188e-13,1.21517,0.257634,-0.869024,0.503469,-1.59588,0.321895,-0.733366,0.162844,-0.733366,0.162844,162,1,-2301.06,-779.187,3796.51,-4411.03,7089.15,-627.308,24.1779,14640.4
1032,0.1032,3280,1.19516e-13,1.12832,0.289058,-0.789287,0.507493,-1.43414,0.259151,-0.737138,0.170247,-0.737138,0.170247,162,1,-1938.99,-715.601,3399.33,-3993.43,6194.93,-500.078,22.7406,13945.8
1033,0.1033,3280,1.52767e-13,1.21963,0.271199,-0.69166,0.451971,-1.4567,0.309606,-0.738636,0.176244,-0.738636,0.176244,162,1,-2441.42,-801.883,3891.57,-4539.71,7381.93,-676.932,24.4566,14871.2
1034,0.1034,3280,1.84741e-13,1.11301,0.29801,-0.662209,0.470771,-1.31271,0.242804,-0.743271,0.184587,-0.743271,0.184587,162,1,-2020.59,-729.199,3420.71,-4052.52,6334.91,-528.023,22.9649,14074.8
1035,0.1035,3280,1.37668e-13,1.19602,0.267004,-0.638721,0.426352,-1.38909,0.302153,-0.745142,0.19103,-0.745142,0.19103,162,1,-2437.8,-801.034,3857.69,-4520.43,7346.08,-675.271,24.3954,14852.1
1036,0.1036,3280,1.38556e-13,1.08289,0.289545,-0.624094,0.443826,-1.2538,0.237648,-0.74559,0.196641,-0.74559,0.196641,162,1,-1782.49,-688.317,3163.87,-3780.5,5750.97,-443.409,22.2581,13602.1
1037,0.1037,3280,1.13687e-13,1.16863,0.26494,-0.61116,0.410921,-1.34148,0.292802,-0.742973,0.201384,-0.742973,0.201384,162,1,-2214.04,-763.876,3625.25,-4273.28,6806.18,-595.274,23.7318,14445.3
1038,0.1038,3280,1.66533e-13,1.07129,0.291557,-0.613758,0.441547,-1.23478,0.230654,-0.748019,0.209879,-0.748019,0.209879,162,1,-1861.04,-701.812,3243.31,-3867.84,5938.81,-471.244,22.5265,13757.8
1039,0.1039,3280,1.18995e-13,1.18361,0.267244,-0.584123,0.403217,-1.33631,0.295514,-0.76456,0.221561,-0.76456,0.221561,162,1,-2890.57,-873.664,4322.93,-5011.66,8432.32,-838.697,25.4946,15628.2
1040,0.104,3280,1.10134e-13,1.08922,0.298101,-0.538659,0.420316,-1.19229,0.230299,-0.773879,0.231552,-0.773879,0.231552,162,1,-3014.62,-891.042,4442.65,-5137.63,8721.73,-885.353,25.7024,15825.3
1041,0.1041,3280,1.82965e-13,1.20665,0.279884,-0.475279,0.378625,-1.26968,0.291477,-0.775833,0.237805,-0.775833,0.237805,162,1,-3949.93,-1036.3,5382.4,-6123.72,10942.5,-1224.4,27.9049,17255.9
1042,0.1042,3280,1.24761e-13,1.12275,0.314833,-0.381062,0.384254,-1.09584,0.226619,-0.779236,0.244553,-0.779236,0.244553,162,1,-3194.71,-919.262,4618.32,-5325.88,9144.47,-950.435,26.1008,16110.6
1043,0.1043,3280,1.44773e-13,1.24034,0.288074,-0.361316,0.348131,-1.21023,0.29602,-0.779079,0.249494,-0.779079,0.249494,162,1,-3751.22,-1006.48,5182.6,-5916.5,10470.9,-1151.59,27.4364,16965.4
1044,0.1044,3280,1.3145e-13,1.12885,0.307635,-0.328135,0.356122,-1.06137,0.235467,-0.78143,0.255443,-0.78143,0.255443,162,1,-2772.71,-853.12,4193.5,-4877.12,8140.98,-797.34,24.9148,15424.1
1045,0.1045,3280,1.43441e-13,1.2184,0.271215,-0.367333,0.329465,-1.19643,0.303625,-0.780479,0.260203,-0.780479,0.260203,162,1,-3150.58,-914.764,4585.18,-5288.58,9050.77,-932.44,26.0268,16049.1
1046,0.1046,3280,1.15463e-13,1.10227,0.288013,-0.363724,0.34451,-1.06712,0.244147,-0.78487,0.266814,-0.78487,0.266814,162,1,-2547.9,-817.412,3971.34,-4638.02,7609.83,-715.9,24.3297,15043.2
1047,0.1047,3280,1.10134e-13,1.21054,0.253367,-0.376556,0.310221,-1.20088,0.31784,-0.792744,0.275267,-0.792744,0.275267,162,1,-3034.2,-896.891,4478.44,-5170.61,8783.89,-890.013,25.7483,15868.2
1048,0.1048,3280,1.12799e-13,1.10236,0.276482,-0.319841,0.3134,-1.03553,0.255234,-0.803061,0.28243,-0.803061,0.28243,162,1,-2189.69,-758.783,3597.96,-4243.22,6745.07,-587.02,23.3111,14398.2
1049,0.1049,3280,1.29674e-13,1.2156,0.251421,-0.308751,0.282574,-1.15185,0.321473,-0.810727,0.290626,-0.810727,0.290626,162,1,-2613.32,-830.131,4036.77,-4711.82,7766.44,-737.4,24.6652,15161
1050,0.105,3280,1.52767e-13,1.12936,0.287083,-0.184554,0.277363,-0.951316,0.25502,-0.814351,0.297058,-0.814351,0.297058,162,1,-1831.32,-698.027,3210.02,-3835.22,5865.36,-459.065,22.2431,13701.5
1051,0.1051,3280,2.45581e-13,1.25336,0.264226,-0.205773,0.261414,-1.10431,0.322885,-0.814403,0.301119,-0.814403,0.301119,162,1,-2781.04,-857.207,4202.3,-4890.69,8162.65,-797.518,25.0878,15444.5
1052,0.1052,3280,1.16351e-13,1.11524,0.283982,-0.263168,0.30109,-1.00061,0.251637,-0.817233,0.30699,-0.817233,0.30699,162,1,-2402.01,-794.253,3805.33,-4471.99,7245.38,-662.299,23.8776,14780.7
1053,0.1053,3280,3.1708e-13,1.20576,0.250221,-0.349794,0.295561,-1.17546,0.317517,-0.821842,0.313304,-0.821842,0.313304,162,1,-2528.19,-816.565,3941.29,-4616.02,7554.75,-706.286,24.4175,15009.8
1054,0.1054,3280,1.4222e-13,1.09121,0.275777,-0.323131,0.313511,-1.02835,0.250017,-0.819882,0.316856,-0.819882,0.316856,162,1,-1625.36,-662.212,2986.62,-3598.07,5358.47,-385.966,21.5844,13276.5
1055,0.1055,3280,2.57572e-13,1.19718,0.243002,-0.378498,0.298061,-1.19485,0.320757,-0.819491,0.320689,-0.819491,0.320689,162,1,-1985.71,-726.504,3377.95,-4016.32,6245.88,-512.23,22.9118,14011.8
1056,0.1056,3280,1.21236e-13,1.07119,0.264029,-0.410511,0.331401,-1.08465,0.253092,-0.816201,0.323851,-0.816201,0.323851,162,1,-1704.47,-676.461,3077.72,-3693.14,5558.03,-413.774,21.8451,13445.2
1057,0.1057,3280,1.26121e-13,1.16839,0.230194,-0.473198,0.317989,-1.24834,0.321669,-0.815246,0.327266,-0.815246,0.327266,162,1,-1744.19,-685.005,3128.48,-3745.77,5663.42,-426.689,22.1936,13534.3
1058,0.1058,3280,1.12216e-13,1.05684,0.257477,-0.444301,0.337492,-1.1017,0.253422,-0.812445,0.330313,-0.812445,0.330313,162,1,-1520.81,-644.091,2883.95,-3482.86,5110.87,-349.101,21.264,13059.6
1059,0.1059,3280,1.18128e-13,1.17029,0.231403,-0.482191,0.324734,-1.25871,0.320307,-0.812664,0.334663,-0.812664,0.334663,162,1,-2370.16,-791.353,3787.41,-4449.19,7183.06,-649.379,23.9952,14734.2
1060,0.106,3280,1.01252e-13,1.05924,0.258669,-0.477158,0.352639,-1.13045,0.251949,-0.814591,0.339964,-0.814591,0.339964,162,1,-2621.85,-831.052,4039.53,-4718.29,7780.73,-740.777,24.4507,15171.9
1061,0.1061,3280,1.19016e-13,1.14507,0.234649,-0.501807,0.335293,-1.24651,0.306433,-0.814097,0.343877,-0.814097,0.343877,162,1,-3322.13,-943.09,4753.44,-5471.26,9454.93,-992.909,26.3557,16320.6
1062,0.1062,3280,1.27898e-13,1.04924,0.257085,-0.470757,0.347189,-1.1149,0.248931,-0.812286,0.347452,-0.812286,0.347452,162,1,-2813.05,-862.278,4230.68,-4923.16,8234.64,-809.024,24.9316,15495.1
1063,0.1063,3280,1.74083e-13,1.14776,0.224543,-0.483042,0.313968,-1.23735,0.317336,-0.811435,0.35096,-0.811435,0.35096,162,1,-2771.24,-857.252,4191.46,-4882.04,8138.38,-792.464,25.0138,15428.8
1064,0.1064,3280,1.59872e-13,1.04882,0.239242,-0.491745,0.330929,-1.13592,0.266816,-0.811415,0.354682,-0.811415,0.354682,162,1,-2334.14,-785.256,3738.49,-4401.66,7085.3,-635.969,23.6791,14662.1
1065,0.1065,3280,1.63425e-13,1.13683,0.212904,-0.513148,0.308418,-1.25181,0.325258,-0.810436,0.357971,-0.810436,0.357971,162,1,-2782.78,-859.48,4206.04,-4895.41,8168.57,-796.055,25.0157,15449.3
1066,0.1066,3280,1.89612e-13,1.05499,0.235165,-0.522236,0.335663,-1.16591,0.273452,-0.809237,0.361141,-0.809237,0.361141,162,1,-3140.82,-915.113,4566.94,-5275.21,9020.09,-926.141,25.7518,16032.3
1067,0.1067,3280,9.50351e-14,1.14063,0.220007,-0.485646,0.304976,-1.22986,0.319809,-0.808573,0.364264,-0.808573,0.364264,162,1,-3633.49,-992.02,5063.83,-5796.47,10191.8,-1104.38,27.0169,16794.5
1068,0.1068,3280,1.13687e-13,1.07633,0.242391,-0.448492,0.316617,-1.12612,0.274284,-0.809366,0.368017,-0.809366,0.368017,162,1,-3196.45,-924.078,4617.16,-5331.68,9147.12,-945.755,25.8683,16118.7
1069,0.1069,3280,2.80664e-13,1.15988,0.225065,-0.456907,0.301583,-1.22511,0.321968,-0.809432,0.371699,-0.809432,0.371699,162,1,-3645.9,-994.41,5067.95,-5806.25,10213.7,-1108.12,27.0414,16810.5
1070,0.107,3280,8.88178e-14,1.07916,0.24712,-0.439831,0.319648,-1.12074,0.270545,-0.80797,0.374386,-0.80797,0.374386,162,1,-3693.78,-1000.97,5111.39,-5852.84,10322.7,-1126.01,27.016,16879
1071,0.1071,3280,1.66978e-13,1.15629,0.224956,-0.441741,0.295937,-1.20977,0.320647,-0.807035,0.377216,-0.807035,0.377216,162,1,-3743.5,-1009.75,5165.76,-5909.14,10445.1,-1143.14,27.2611,16956.1
1072,0.1072,3280,1.91847e-13,1.08033,0.245818,-0.36816,0.292474,-1.06517,0.272376,-0.807708,0.380653,-0.807708,0.380653,162,1,-2813.43,-864.666,4227.91,-4924,8233.04,-806.145,24.9255,15496.8
1073,0.1073,3280,1.33893e-13,1.12781,0.231028,-0.3914,0.286324,-1.13764,0.304347,-0.810509,0.38493,-0.810509,0.38493,162,1,-2694.68,-846.529,4108.87,-4798.61,7951.22,-762.65,24.734,15298.6
1074,0.1074,3280,1.52767e-13,1.04009,0.24716,-0.394814,0.304849,-1.04431,0.255919,-0.813372,0.38906,-0.813372,0.38906,162,1,-2323.61,-785.393,3722.21,-4390.17,7055.32,-629.893,23.6501,14643.2
1075,0.1075,3280,2.43361e-13,1.09749,0.231156,-0.445425,0.307492,-1.14943,0.292671,-0.815407,0.39309,-0.815407,0.39309,162,1,-2403.4,-799.241,3806.83,-4480.21,7249.53,-657.945,23.9412,14788.9
1076,0.1076,3280,1.28786e-13,0.987822,0.256043,-0.423878,0.326954,-1.01029,0.227606,-0.818294,0.397563,-0.818294,0.397563,162,1,-2292.98,-780.565,3686.61,-4355.04,6977.98,-618.676,23.5483,14585.9
1077,0.1077,3280,2.01617e-13,1.0334,0.24448,-0.506777,0.348439,-1.12681,0.255901,-0.814843,0.399691,-0.814843,0.399691,162,1,-2610.52,-833.565,4014.89,-4704.83,7742.47,-731.73,24.486,15151.4
1078,0.1078,3280,1.27898e-13,0.958445,0.260245,-0.450644,0.343283,-1.00011,0.212585,-0.81367,0.402241,-0.81367,0.402241,162,1,-2284.56,-779.614,3672.07,-4343.55,6952.35,-615.138,23.487,14568.1
1079,0.1079,3280,1.24345e-13,1.04034,0.23611,-0.530142,0.347885,-1.15695,0.266613,-0.811267,0.404177,-0.811267,0.404177,162,1,-2662.83,-842.612,4066.84,-4761.58,7866.38,-749.964,24.6162,15241.2
1080,0.108,3280,1.02141e-13,0.949976,0.247375,-0.517344,0.352544,-1.04965,0.221975,-0.809285,0.406083,-0.809285,0.406083,162,1,-2784.87,-861.848,4190.45,-4892.11,8157.33,-794.172,24.8205,15447.2
1081,0.1081,3280,1.26121e-13,1.01223,0.224173,-0.568594,0.346758,-1.16265,0.268076,-0.805723,0.407379,-0.805723,0.407379,162,1,-2367.19,-794.723,3762.93,-4439.16,7156.57,-643.482,23.804,14722.3
1082,0.1082,3280,1.3145e-13,0.95192,0.236211,-0.496814,0.331274,-1.03983,0.234281,-0.800249,0.407526,-0.800249,0.407526,162,1,-1743.43,-688.399,3103.26,-3736.18,5639.4,-421.901,21.9267,13523.7
1083,0.1083,3280,2.14939e-13,1.00174,0.218847,-0.568124,0.339423,-1.15292,0.269848,-0.7972,0.408411,-0.7972,0.408411,162,1,-1792.87,-697.523,3159.02,-3794.85,5763.07,-438.955,22.1235,13626.4
1084,0.1084,3280,1.81188e-13,0.898244,0.235062,-0.572309,0.356447,-1.04244,0.21537,-0.794357,0.409544,-0.794357,0.409544,162,1,-1861.24,-709.203,3229.85,-3871.41,5928.18,-463.212,22.278,13762.9
1085,0.1085,3280,8.61533e-14,0.956707,0.218133,-0.639331,0.363712,-1.16017,0.253748,-0.792197,0.410647,-0.792197,0.410647,162,1,-1825.88,-703.48,3192.32,-3831.58,5842.03,-450.266,22.2,13692.4
1086,0.1086,3280,1.33227e-13,0.897039,0.232461,-0.568095,0.349833,-1.03558,0.217425,-0.7886,0.411348,-0.7886,0.411348,162,1,-1769.3,-693.62,3127.38,-3764.44,5699.68,-430.092,22.003,13575.8
1087,0.1087,3280,9.23706e-14,0.942891,0.224363,-0.623551,0.362083,-1.128,0.242332,-0.783554,0.411301,-0.783554,0.411301,162,1,-1909.37,-717.966,3276.5,-3923.87,6041.45,-479.492,22.391,13856.2
1088,0.1088,3280,1.77636e-13,0.901236,0.233831,-0.577826,0.351339,-1.0445,0.217072,-0.779868,0.411747,-0.779868,0.411747,162,1,-2381.06,-797.873,3770.37,-4450.96,7183.93,-647.013,23.778,14745.2
1089,0.1089,3280,9.9698e-14,0.895012,0.24035,-0.66462,0.392357,-1.1062,0.208717,-0.776762,0.412324,-0.776762,0.412324,162,1,-2521.47,-820.44,3915.86,-4604.19,7521.88,-697.647,24.1995,14993.6
1090,0.109,3280,1.06137e-13,0.894995,0.240585,-0.618313,0.372274,-1.07115,0.208027,-0.774685,0.413242,-0.774685,0.413242,162,1,-2592.39,-832.479,3991.68,-4683.81,7695.09,-722.668,24.4036,15119.9
1091,0.1091,3280,1.77747e-13,0.869675,0.247634,-0.676384,0.403751,-1.09076,0.191768,-0.771707,0.413764,-0.771707,0.413764,162,1,-2296.82,-783.472,3684.98,-4358.29,6982.37,-617.057,23.5841,14592.3
1092,0.1092,3280,1.15463e-13,0.835271,0.251253,-0.674181,0.406345,-1.05407,0.174777,-0.77007,0.414722,-0.77007,0.414722,162,1,-2489.36,-815.528,3883.58,-4570.37,7445.61,-685.627,24.1278,14938.6
1093,0.1093,3280,1.29674e-13,0.832768,0.25362,-0.712667,0.426397,-1.08312,0.171235,-0.768354,0.415704,-0.768354,0.415704,162,1,-2758.64,-859.213,4158.62,-4862.59,8090.24,-782.274,24.8827,15402.8
1094,0.1094,3280,1.05693e-13,0.790165,0.266438,-0.697499,0.437512,-1.02384,0.142584,-0.76616,0.416327,-0.76616,0.416327,162,1,-3079.8,-910.52,4480.35,-5205.42,8852.87,-897.839,25.7158,15930.9
1095,0.1095,3280,1.22569e-13,0.791287,0.274789,-0.702243,0.453457,-1.027,0.135061,-0.766088,0.417903,-0.766088,0.417903,162,1,-3074.08,-909.716,4467.65,-5196.27,8832.8,-895.56,25.6601,15918.7
1096,0.1096,3280,1.42109e-13,0.770036,0.282253,-0.665303,0.450628,-0.973816,0.119948,-0.762573,0.418335,-0.762573,0.418335,162,1,-2845.8,-874.05,4226.87,-4948.56,8280.01,-812.545,24.9613,15542
1097,0.1097,3280,1.11133e-13,0.800578,0.289037,-0.597768,0.436945,-0.9525,0.125646,-0.75995,0.419027,-0.75995,0.419027,162,1,-2008.12,-735.881,3354.26,-4024.87,6257.34,-512.744,22.6618,14038.5
1098,0.1098,3280,1.3145e-13,0.791493,0.299457,-0.544607,0.430324,-0.899039,0.112693,-0.756691,0.419764,-0.756691,0.419764,162,1,-2067.1,-746.277,3413.63,-4090.55,6398.2,-533.399,22.8288,14151.6
1099,0.1099,3280,1.12799e-13,0.758793,0.297538,-0.593077,0.446401,-0.902049,0.102386,-0.751102,0.41931,-0.751102,0.41931,162,1,-2156.3,-761.16,3507.47,-4190.08,6614.43,-565.358,23.0902,14319.9
1100,0.11,3280,1.81188e-13,0.728788,0.287992,-0.637782,0.451054,-0.906178,0.100283,-0.749307,0.420025,-0.749307,0.420025,162,1,-2147.26,-759.984,3501.6,-4182.35,6596.02,-561.979,23.0707,14305.4
1101,0.1101,3280,1.42109e-13,0.702684,0.292695,-0.654398,0.46364,-0.890932,0.0868299,-0.74561,0.420414,-0.74561,0.420414,162,1,-1561.14,-657.575,2881.57,-3514.77,5168.68,-355.395,21.284,13130
1102,0.1102,3280,1.23457e-13,0.692952,0.287419,-0.661588,0.459961,-0.886861,0.0886912,-0.74348,0.421148,-0.74348,0.421148,162,1,-1772.95,-695.812,3106.99,-3759.42,5686.28,-429.155,21.9424,13572.9
1103,0.1103,3280,1.22569e-13,0.654634,0.293835,-0.641402,0.459855,-0.823376,0.0686862,-0.74168,0.422006,-0.74168,0.422006,162,1,-1951.44,-726.786,3292.38,-3960.14,6117.46,-492.028,22.4712,13926.5
1104,0.1104,3280,1.13687e-13,0.644359,0.296182,-0.59277,0.444077,-0.768061,0.0629616,-0.738586,0.42236,-0.738586,0.42236,162,1,-2036.17,-741.521,3380.03,-4055.04,6321.82,-521.763,22.7149,14090.3
1105,0.1105,3280,7.49401e-14,0.613315,0.300015,-0.591579,0.448638,-0.730538,0.0480871,-0.736697,0.42305,-0.736697,0.42305,162,1,-2011.2,-737.305,3348.61,-4024.2,6256.32,-512.611,22.6237,14039
1106,0.1106,3280,8.52651e-14,0.597753,0.291686,-0.57868,0.433701,-0.705665,0.0504137,-0.734493,0.423788,-0.734493,0.423788,162,1,-2652.48,-845.176,3999.47,-4726.84,7789.51,-739.875,24.3512,15201.8
1107,0.1107,3280,9.50351e-14,0.56213,0.293049,-0.609132,0.447074,-0.691974,0.0362544,-0.731976,0.424248,-0.731976,0.424248,162,1,-2954.29,-894.228,4299.47,-5049.17,8504.12,-847.594,25.0948,15705.9
1108,0.1108,3280,1.29674e-13,0.536779,0.291691,-0.688025,0.475199,-0.730723,0.0285372,-0.731092,0.425387,-0.731092,0.425387,162,1,-2812.28,-871.674,4156.41,-4897.42,8166.21,-796.283,24.7325,15471
1109,0.1109,3280,7.28306e-14,0.526995,0.282533,-0.743603,0.485049,-0.769476,0.0338673,-0.729355,0.426079,-0.729355,0.426079,162,1,-3021.03,-905.77,4364.37,-5120.55,8660.89,-870.553,25.2367,15815
1110,0.111,3280,1.00919e-13,0.497092,0.277939,-0.758032,0.485699,-0.749067,0.0269554,-0.728877,0.427101,-0.728877,0.427101,162,1,-3425.78,-969.973,4760.08,-5545.09,9612.4,-1015.85,26.1774,16451.3
1111,0.1111,3280,1.00364e-13,0.474677,0.274674,-0.769429,0.486909,-0.733748,0.0214558,-0.727478,0.427815,-0.727478,0.427815,162,1,-3714.79,-1015.07,5039.96,-5844.67,10288.9,-1119.96,26.8171,16885.6
1112,0.1112,3280,9.17044e-14,0.461895,0.273763,-0.816118,0.504647,-0.759536,0.0174633,-0.725862,0.428233,-0.725862,0.428233,162,1,-3931.34,-1048.46,5248.98,-6067.68,10795,-1198.2,27.282,17201.5
1113,0.1113,3280,7.7327e-14,0.455048,0.270941,-0.830782,0.507587,-0.763571,0.0173165,-0.724903,0.429019,-0.724903,0.429019,162,1,-4197.76,-1089.07,5508.78,-6341.78,11419.6,-1294.78,27.8432,17580.4
1114,0.1114,3280,8.52651e-14,0.44662,0.269133,-0.833153,0.50675,-0.754009,0.015561,-0.724086,0.429819,-0.724086,0.429819,162,1,-4093.78,-1073.75,5408.71,-6236.42,11177.1,-1256.65,27.6157,17434.7
1115,0.1115,3280,1.03917e-13,0.440703,0.266083,-0.847262,0.50939,-0.759137,0.0160499,-0.723868,0.430893,-0.723868,0.430893,162,1,-4346.57,-1112.03,5652.91,-6494.53,11767.5,-1348.38,28.1371,17787.4
1116,0.1116,3280,5.9508e-14,0.431848,0.265178,-0.888322,0.524509,-0.78406,0.0136789,-0.723552,0.43194,-0.723552,0.43194,162,1,-4176.71,-1086.85,5485.88,-6320.6,11368.2,-1286.18,27.7728,17550.8
1117,0.1117,3280,1.60372e-13,0.423301,0.262945,-0.916158,0.531836,-0.796393,0.0126756,-0.723985,0.433209,-0.723985,0.433209,162,1,-3622.36,-1002.63,4945.69,-5750.08,10068.7,-1084.76,26.5612,16748.9
1118,0.1118,3280,1.05471e-13,0.418067,0.260198,-0.947441,0.540106,-0.816103,0.0135137,-0.723798,0.434229,-0.723798,0.434229,162,1,-3058.23,-914.48,4389.45,-5158.98,8738.72,-881.026,25.2407,15874.4
1119,0.1119,3280,1.1724e-13,0.398421,0.251696,-0.911861,0.51719,-0.765708,0.0139945,-0.724318,0.435349,-0.724318,0.435349,162,1,-3910.69,-1047.56,5230.57,-6050.64,10748.4,-1188.6,27.1885,17174.2
1120,0.112,3280,7.86038e-14,0.397428,0.245684,-0.933159,0.519267,-0.784477,0.0194252,-0.724344,0.436306,-0.724344,0.436306,162,1,-4694.89,-1165.41,5990.75,-6850.61,12581.9,-1473.85,28.9155,18260.4
1121,0.1121,3280,9.05942e-14,0.410113,0.244135,-0.990347,0.539984,-0.846864,0.0258867,-0.724574,0.437247,-0.724574,0.437247,162,1,-4802.74,-1181.68,6095.12,-6960.1,12833.7,-1512.86,29.1544,18403.5
1122,0.1122,3280,7.14984e-14,0.413768,0.241006,-0.994986,0.538905,-0.854748,0.0299317,-0.724296,0.438032,-0.724296,0.438032,162,1,-5844.3,-1332.29,7086.54,-7996.39,15248.6,-1894.77,31.2225,19710.5
1123,0.1123,3280,1.15963e-13,0.436875,0.239181,-1.05734,0.561618,-0.934164,0.0400665,-0.724554,0.438926,-0.724554,0.438926,162,1,-7546.4,-1568.97,8678.88,-9648.76,19163.9,-2523.88,34.2086,21630.1
1124,0.1124,3280,1.03029e-13,0.451415,0.243605,-1.09323,0.578466,-0.974927,0.0409018,-0.724489,0.439773,-0.724489,0.439773,162,1,-6623.77,-1442.23,7823.63,-8760.56,17049.5,-2181.8,32.5564,20619.4
1125,0.1125,3280,6.59195e-14,0.46165,0.24618,-1.11894,0.590691,-1.00531,0.0434345,-0.724844,0.440684,-0.724844,0.440684,162,1,-6958.16,-1488.58,8137.2,-9084.58,17819.2,-2305.49,33.0743,20993.2
1126,0.1126,3280,9.14824e-14,0.479127,0.251757,-1.1771,0.619831,-1.07136,0.0471029,-0.725277,0.441736,-0.725277,0.441736,162,1,-6758.92,-1460.94,7953.35,-8891.98,17363.1,-2231.86,32.6156,20771.5
1127,0.1127,3280,8.88178e-14,0.496064,0.259689,-1.24772,0.655155,-1.14499,0.047815,-0.726696,0.443053,-0.726696,0.443053,162,1,-5110.28,-1227.16,6401.45,-7272.7,13559.2,-1624.77,29.6436,18804.2
1128,0.1128,3280,9.05942e-14,0.540889,0.267378,-1.43496,0.735389,-1.35114,0.0591469,-0.729402,0.444944,-0.729402,0.444944,162,1,-3279.8,-951.286,4623.95,-5400.21,9275.73,-958.944,25.7439,16231
1129,0.1129,3280,8.26006e-14,0.525004,0.26929,-1.41293,0.727121,-1.30908,0.0513344,-0.732179,0.446739,-0.732179,0.446739,162,1,-1546.9,-660.262,2847.08,-3493.78,5116.28,-343.942,21.0208,13092.6
1130,0.113,3280,1.4122e-13,0.499462,0.266617,-1.36155,0.703142,-1.23342,0.0436261,-0.734205,0.448332,-0.734205,0.448332,162,1,-830.314,-522.056,2053.23,-2623.95,3331.24,-98.7092,18.429,11371.8
1131,0.1131,3280,7.19425e-14,0.468888,0.265336,-1.2815,0.669768,-1.12632,0.0324801,-0.735919,0.449717,-0.735919,0.449717,162,1,-170.165,-371.199,1251.76,-1719.18,1608.25,114.948,15.2171,9237.78
1132,0.1132,3280,1.10134e-13,0.429309,0.261926,-1.13466,0.609587,-0.955741,0.0196462,-0.73649,0.450797,-0.73649,0.450797,162,1,-52.9655,-339.315,1087.94,-1532.93,1279.49,150.4,14.4638,8735.28
1133,0.1133,3280,9.59233e-14,0.443229,0.263666,-1.15341,0.620563,-0.98707,0.0231329,-0.737137,0.451766,-0.737137,0.451766,162,1,24.7925,-316.544,973.206,-1401.61,1054.86,173.106,13.9262,8362.84
1134,0.1134,3280,8.52651e-14,0.420863,0.265885,-1.05949,0.586749,-0.877684,0.011866,-0.737509,0.452771,-0.737509,0.452771,162,1,319.037,-203.449,481.439,-797.772,135.802,244.417,10.9104,6343.14
1135,0.1135,3280,9.32587e-14,0.395979,0.266465,-0.984581,0.557836,-0.780401,0.00129043,-0.736582,0.453083,-0.736582,0.453083,162,1,384.062,-105.848,158.978,-346.276,-307.266,222.391,7.70363,4201.66
1136,0.1136,3280,7.63833e-14,0.384964,0.261009,-0.968809,0.54636,-0.754736,0.00198152,-0.736159,0.453622,-0.736159,0.453622,162,1,391.541,-126.006,213.843,-431.557,-254.949,236.206,8.4319,4687.12
1137,0.1137,3280,1.33227e-13,0.388711,0.25768,-1.02481,0.564075,-0.805369,0.00682685,-0.735295,0.45383,-0.735295,0.45383,162,1,373.819,-94.9127,131.484,-301.642,-325.212,212.209,7.27645,3922.6
1138,0.1138,3280,8.70415e-14,0.376971,0.250285,-1.01484,0.551888,-0.784185,0.00935902,-0.734732,0.454209,-0.734732,0.454209,162,1,388.815,-113.697,179.492,-378.676,-290.256,228.623,7.96848,4391.75
1139,0.1139,3280,1.00364e-13,0.369114,0.241711,-0.995285,0.535708,-0.760788,0.0144414,-0.733784,0.45429,-0.733784,0.45429,162,1,351.808,-183.115,404.783,-696.627,8.46719,248.404,10.2618,5931.87
1140,0.114,3280,9.05942e-14,0.366455,0.234833,-0.988539,0.526141,-0.75281,0.0200385,-0.733436,0.45474,-0.733436,0.45474,162,1,239.174,-242.48,640.833,-998.131,413.693,229.521,11.9616,7076.63
1141,0.1141,3280,1.16351e-13,0.356217,0.231381,-0.945796,0.505753,-0.70201,0.0193444,-0.732428,0.454788,-0.732428,0.454788,162,1,221.146,-250.127,675.875,-1039.48,474.851,225.502,12.1718,7216.31
1142,0.1142,3280,7.01661e-14,0.351632,0.229071,-0.901836,0.486731,-0.656198,0.0196723,-0.73101,0.454739,-0.73101,0.454739,162,1,136.719,-281.58,816.494,-1209.36,737.391,204.514,13.0171,7770.8
1143,0.1143,3280,1.20792e-13,0.351857,0.225319,-0.866706,0.470023,-0.624951,0.0232316,-0.729416,0.454455,-0.729416,0.454455,162,1,-142.768,-365.197,1214.98,-1678.89,1532.79,124.471,15.1237,9127.54
1144,0.1144,3280,8.55982e-14,0.353811,0.218602,-0.859851,0.460363,-0.621767,0.0304114,-0.726312,0.453562,-0.726312,0.453562,162,1,-755.541,-508.437,1965.69,-2530.5,3139.82,-71.8116,18.2828,11166.6
1145,0.1145,3280,9.81021e-14,0.350501,0.210691,-0.854499,0.448937,-0.614655,0.0366994,-0.722053,0.451905,-0.722053,0.451905,162,1,-1457.05,-646.739,2749.37,-3392.69,4894.53,-309.808,20.9904,12898.8
1146,0.1146,3280,1.42997e-13,0.34814,0.202779,-0.856351,0.440009,-0.615162,0.0432426,-0.716787,0.449731,-0.716787,0.449731,162,1,-2144.38,-769.653,3479.91,-4181.84,6571.84,-549.409,23.2109,14297.2
1147,0.1147,3280,7.86038e-14,0.348865,0.194193,-0.873123,0.436311,-0.63315,0.0513287,-0.713281,0.447972,-0.713281,0.447972,162,1,-3103.13,-928.748,4458.7,-5226.75,8867.25,-890.001,25.8584,15959.2
1148,0.1148,3280,1.06581e-13,0.357091,0.185169,-0.898983,0.436976,-0.667546,0.0621959,-0.709166,0.446226,-0.709166,0.446226,162,1,-4493.04,-1143.78,5826.72,-6670.87,12138.8,-1391.82,29.1281,18002.7
1149,0.1149,3280,1.32339e-13,0.373966,0.175932,-0.940986,0.445498,-0.725262,0.0764408,-0.707237,0.44495,-0.707237,0.44495,162,1,-6382.47,-1417.89,7629.97,-8553.24,16523.6,-2083.57,32.9141,20357.2
1150,0.115,3280,9.32587e-14,0.392986,0.168805,-0.988001,0.45904,-0.788699,0.0903638,-0.708681,0.444978,-0.708681,0.444978,162,1,-8313.77,-1684.14,9431.79,-10416.6,20959.2,-2798.19,36.2313,22443.2
1151,0.1151,3280,7.4607e-14,0.421742,0.160946,-1.06847,0.485764,-0.891581,0.110086,-0.711313,0.445139,-0.711313,0.445139,162,1,-10819.4,-2015.73,11728,-12773.2,26667.6,-3732.6,40.0045,24829.2
1152,0.1152,3280,1.9007e-13,0.418887,0.16341,-1.05637,0.484277,-0.876762,0.107765,-0.715825,0.446228,-0.715825,0.446228,162,1,-10738.5,-2004.66,11652.8,-12696.5,26482.3,-3702.99,39.7262,24755.8
1153,0.1153,3280,8.61533e-14,0.411343,0.170308,-1.03182,0.482758,-0.843274,0.0984766,-0.718869,0.446507,-0.718869,0.446507,162,1,-8931.41,-1765.79,9994.29,-10998,22363.5,-3029.44,36.8591,23057.5
1154,0.1154,3280,1.4122e-13,0.409622,0.174986,-1.03379,0.489253,-0.838954,0.0934374,-0.723635,0.447746,-0.723635,0.447746,162,1,-7281.56,-1541.34,8453.83,-9415.51,18575.3,-2417.58,34.0211,21354.4
1155,0.1155,3280,8.22675e-14,0.405728,0.175846,-1.04846,0.495992,-0.844558,0.0913237,-0.726154,0.44792,-0.726154,0.44792,162,1,-6160.31,-1384.21,7388.65,-8317.56,15981.3,-2004.03,31.882,20088.3
1156,0.1156,3280,1.03029e-13,0.408299,0.171914,-1.08408,0.506305,-0.876459,0.0963624,-0.730789,0.449127,-0.730789,0.449127,162,1,-5779.09,-1329.71,7020.39,-7938.12,15093.2,-1863.95,31.0702,19632.4
1157,0.1157,3280,8.50431e-14,0.404631,0.169833,-1.11344,0.515229,-0.89519,0.0971676,-0.733132,0.449335,-0.733132,0.449335,162,1,-4614.59,-1159.56,5906.26,-6773.09,12387.4,-1438.18,28.693,18152.3
1158,0.1158,3280,9.02611e-14,0.396377,0.165822,-1.11613,0.510907,-0.887244,0.0980817,-0.737266,0.450381,-0.737266,0.450381,162,1,-4035.73,-1072.45,5347.09,-6183.5,11035.8,-1227.8,27.4849,17353.1
1159,0.1159,3280,8.61533e-14,0.403898,0.157594,-1.14321,0.513319,-0.919426,0.109292,-0.739675,0.450577,-0.739675,0.450577,162,1,-4629.04,-1162.11,5924.27,-6790.14,12424.8,-1443.14,28.7786,18173.2
1160,0.116,3280,8.11573e-14,0.407686,0.154548,-1.15306,0.513967,-0.930011,0.113886,-0.743041,0.45139,-0.743041,0.45139,162,1,-4173.63,-1093.9,5485.6,-6327.68,11362.7,-1277.42,27.8147,17550
1161,0.1161,3280,5.9952e-14,0.393793,0.158563,-1.10844,0.499424,-0.871667,0.104501,-0.744601,0.451152,-0.744601,0.451152,162,1,-2938.06,-900.537,4266.96,-5035.81,8450.6,-832.283,24.9661,15679.1
1162,0.1162,3280,8.6875e-14,0.411571,0.153635,-1.13875,0.507646,-0.915801,0.116209,-0.747117,0.451519,-0.747117,0.451519,162,1,-3816.04,-1038.96,5137.77,-5959.38,10525,-1148.13,27.0392,17037.7
1163,0.1163,3280,7.23865e-14,0.420521,0.153063,-1.13165,0.505167,-0.91734,0.120032,-0.748859,0.451273,-0.748859,0.451273,162,1,-4382.32,-1124.79,5691.51,-6541.51,11853.7,-1353.77,28.2647,17839.8
1164,0.1164,3280,1.51879e-13,0.428288,0.153901,-1.11743,0.50127,-0.910934,0.121919,-0.75127,0.451646,-0.75127,0.451646,162,1,-5015.01,-1218.14,6302.3,-7180.87,13329.5,-1584.93,29.6006,18681.1
1165,0.1165,3280,8.03801e-14,0.428891,0.158382,-1.11883,0.50586,-0.90748,0.117588,-0.752141,0.451164,-0.752141,0.451164,162,1,-4333.4,-1116.22,5646.47,-6491.04,11741.1,-1337.12,28.2412,17771.9
1166,0.1166,3280,8.17124e-14,0.43232,0.161188,-1.15693,0.522401,-0.93899,0.116068,-0.754552,0.451562,-0.754552,0.451562,162,1,-3070.46,-920.092,4406.62,-5177.88,8770.75,-881.312,25.4037,15894.8
1167,0.1167,3280,1.00031e-13,0.47423,0.155408,-1.31417,0.579817,-1.11717,0.137788,-0.756242,0.451532,-0.756242,0.451532,162,1,-2957.91,-901.848,4298.44,-5059.97,8507.71,-841.153,25.1091,15713.6
1168,0.1168,3280,9.13714e-14,0.487131,0.153875,-1.36112,0.596921,-1.16988,0.143331,-0.759333,0.452139,-0.759333,0.452139,162,1,-2793.47,-874.98,4136.94,-4885.36,8120.12,-782.555,24.6993,15442.3
1169,0.1169,3280,9.25926e-14,0.513976,0.148821,-1.46523,0.634698,-1.28834,0.157457,-0.761973,0.45233,-0.761973,0.45233,162,1,-2841.53,-882.545,4185.45,-4936.9,8234.54,-799.898,24.9452,15522.7
1170,0.117,3280,1.18128e-13,0.577052,0.143571,-1.71514,0.732142,-1.5688,0.186236,-0.767066,0.453653,-0.767066,0.453653,162,1,-1681.64,-684.592,2990.53,-3650.88,5444.24,-390.582,21.5388,13375.8
1171,0.1171,3280,6.93889e-14,0.641706,0.142475,-1.96887,0.83568,-1.85062,0.212306,-0.771798,0.454759,-0.771798,0.454759,162,1,-484.309,-446.028,1652.79,-2171.44,2447.61,14.1906,16.9504,10356.3
1172,0.1172,3280,1.20792e-13,0.674286,0.144741,-2.08737,0.887575,-1.98401,0.223416,-0.778274,0.456766,-0.778274,0.456766,162,1,-79.8896,-345.206,1139.95,-1582.52,1367.36,140.302,14.7233,8864.48
1173,0.1173,3280,7.68274e-14,0.689483,0.146177,-2.13767,0.910294,-2.04346,0.228685,-0.784836,0.458654,-0.784836,0.458654,162,1,5.8996,-320.446,1021.56,-1443.29,1127.46,165.174,14.1468,8472.21
1174,0.1174,3280,9.59233e-14,0.656403,0.150172,-2.0129,0.863283,-1.90327,0.212556,-0.790824,0.46055,-0.790824,0.46055,162,1,37.2011,-311.068,977.324,-1390.79,1038.69,174.096,13.9163,8318.85
1175,0.1175,3280,7.70495e-14,0.634577,0.150649,-1.9391,0.832939,-1.8191,0.204029,-0.795906,0.461873,-0.795906,0.461873,162,1,162.065,-270.369,791.25,-1166.73,673.795,208.171,12.8762,7628.66
1176,0.1176,3280,8.72635e-14,0.571561,0.155115,-1.71483,0.74469,-1.56041,0.175233,-0.80098,0.463359,-0.80098,0.463359,162,1,185.629,-261.984,755.405,-1121.91,603.765,214.216,12.6498,7481.07
1177,0.1177,3280,7.81597e-14,0.53824,0.157448,-1.58567,0.693731,-1.41428,0.160157,-0.805677,0.464413,-0.805677,0.464413,162,1,223.466,-247.528,694.145,-1045.47,487.447,223.377,12.259,7224
1178,0.1178,3280,1.03917e-13,0.498091,0.161272,-1.41821,0.629117,-1.22658,0.140778,-0.81045,0.465643,-0.81045,0.465643,162,1,198.83,-257.011,737.259,-1097.26,566.204,217.292,12.5139,7397.18
1179,0.1179,3280,1.32339e-13,0.471756,0.166477,-1.2997,0.586297,-1.09284,0.125361,-0.813987,0.466163,-0.813987,0.466163,162,1,277.395,-224.186,597.88,-924.404,311.903,234.949,11.6156,6798.38
1180,0.118,3280,7.28306e-14,0.447927,0.171932,-1.17271,0.540922,-0.954664,0.110519,-0.817342,0.466798,-0.817342,0.466798,162,1,277.673,-223.769,597.603,-923.367,311.099,234.734,11.6179,6794.72
1181,0.1181,3280,9.14824e-14,0.431149,0.176233,-1.06621,0.502838,-0.841744,0.0995018,-0.819506,0.466843,-0.819506,0.466843,162,1,281.592,-221.733,590.569,-913.771,298.145,235.322,11.5711,6759.58
1182,0.1182,3280,1.00253e-13,0.425117,0.173784,-1.016,0.479688,-0.792205,0.0995028,-0.821689,0.467007,-0.821689,0.467007,162,1,164.817,-268.634,793.986,-1163.87,671.67,207.902,12.8538,7614.97
1183,0.1183,3280,8.31557e-14,0.418586,0.170182,-1.01993,0.474498,-0.787242,0.100567,-0.823646,0.46698,-0.823646,0.46698,162,1,252.955,-234.336,644.639,-980.575,394.276,229.124,11.9298,6998.62
1184,0.1184,3280,9.99201e-14,0.402822,0.169228,-0.979913,0.454187,-0.734385,0.0952631,-0.825315,0.466951,-0.825315,0.466951,162,1,365.148,-172.477,399.059,-666.154,-20.7657,246.821,10.0978,5782.54
1185,0.1185,3280,8.61533e-14,0.390966,0.169808,-0.939472,0.435843,-0.685291,0.0899615,-0.826524,0.466727,-0.826524,0.466727,162,1,394.061,-114.298,207.19,-397.288,-271.252,229.692,8.12177,4472.26
1186,0.1186,3280,1.27898e-13,0.388212,0.166893,-0.920054,0.423158,-0.667225,0.0916204,-0.827597,0.466421,-0.827597,0.466421,162,1,395.839,-120.467,225.833,-424.379,-252.864,233.673,8.33257,4620.58
1187,0.1187,3280,9.72555e-14,0.391207,0.165408,-0.906748,0.415512,-0.660157,0.0935746,-0.828218,0.465962,-0.828218,0.465962,162,1,394.468,-136.594,276.735,-497.116,-194.565,241.359,8.89874,4998.02
1188,0.1188,3280,9.12603e-14,0.392524,0.165853,-0.862297,0.3988,-0.624357,0.0922191,-0.828725,0.465356,-0.828725,0.465356,162,1,358.166,-178.477,424.57,-697.138,15.6862,246.833,10.2708,5909.18
1189,0.1189,3280,8.88178e-14,0.397641,0.16592,-0.812323,0.380815,-0.588546,0.0923983,-0.828409,0.464557,-0.828409,0.464557,162,1,184.644,-261.484,769.275,-1129.26,617.748,212.826,12.6591,7496.34
1190,0.119,3280,6.95e-14,0.40418,0.166395,-0.764521,0.364604,-0.555806,0.0931679,-0.827891,0.463577,-0.827891,0.463577,162,1,-207.826,-377.527,1327.44,-1786.34,1733,99.0269,15.5263,9396.9
1191,0.1191,3280,7.17204e-14,0.407457,0.167267,-0.729819,0.352988,-0.530973,0.0936447,-0.827022,0.462649,-0.827022,0.462649,162,1,-708.715,-492.353,1936.81,-2476.13,3041.77,-63.3101,18.0043,11038
1192,0.1192,3280,8.79297e-14,0.406841,0.167585,-0.706699,0.344018,-0.512161,0.093691,-0.825997,0.461491,-0.825997,0.461491,162,1,-1119.63,-575.258,2402.38,-2991.72,4077.09,-202.304,19.6339,12117
1193,0.1193,3280,9.35918e-14,0.403181,0.165906,-0.701118,0.338669,-0.505697,0.0947361,-0.824961,0.460474,-0.824961,0.460474,162,1,-1463.48,-640.085,2778.76,-3403.17,4928.55,-320.966,20.86,12911.7
1194,0.1194,3280,9.61453e-14,0.402632,0.163072,-0.690626,0.330917,-0.49841,0.0977144,-0.824352,0.459384,-0.824352,0.459384,162,1,-1637.46,-671.843,2967.31,-3607.18,5356.95,-381.561,21.4625,13286.8
1195,0.1195,3280,1.20792e-13,0.405983,0.159892,-0.681186,0.323731,-0.495886,0.102441,-0.824287,0.458592,-0.824287,0.458592,162,1,-1830.25,-706.251,3173.79,-3829.69,5828.93,-449.078,22.102,13684
1196,0.1196,3280,9.76996e-14,0.410919,0.1571,-0.667385,0.315403,-0.490538,0.107308,-0.824319,0.457633,-0.824319,0.457633,162,1,-2091.71,-751.621,3449.68,-4125.76,6464.51,-541.322,22.9007,14195.6
1197,0.1197,3280,1.00364e-13,0.416789,0.153921,-0.659213,0.309064,-0.490385,0.112804,-0.824446,0.456909,-0.824446,0.456909,162,1,-2556.74,-829.704,3930.75,-4639.83,7584.53,-706.625,24.2106,15042.2
1198,0.1198,3280,1.72751e-13,0.424635,0.152276,-0.649884,0.304649,-0.49047,0.117305,-0.824605,0.45605,-0.824605,0.45605,162,1,-3204.53,-933.871,4585.85,-5335.26,9128.23,-939.296,25.875,16116.5
1199,0.1199,3280,1.07248e-13,0.439752,0.150796,-0.635702,0.299272,-0.494024,0.124295,-0.824756,0.455361,-0.824756,0.455361,162,1,-4130.87,-1076.3,5501.35,-6299.91,11312.3,-1275.3,28.029,17496.4
