step,rotor,cpl_iter,kutta_rows,spans_with_pairs,sum_te_jump,sum_kutta_rhs,jump_over_seed,max_kutta_residual,max_abs_mu,thrust_N,torque_Nm
1,0,0,80,40,53.491,53.491,1,3.23261e-09,597.671,15.4272,0.0162445
1,1,0,80,40,45.7512,45.7512,1,4.01209e-09,532.894,11.4243,-0.00652412
1,2,0,80,40,37.0395,37.0395,1,3.08275e-09,369.517,8.53009,-0.230322
2,0,0,80,40,53.491,53.491,1,3.08427e-09,591.876,15.5587,0.0243214
2,1,0,80,40,45.7512,45.7512,1,2.18881e-09,534.405,11.4962,-0.011526
2,2,0,80,40,37.0395,37.0395,1,6.2762e-09,369.956,8.56406,-0.23325
3,0,0,80,40,53.491,53.491,1,4.3197e-09,587.265,15.6426,0.0308253
3,1,0,80,40,45.7512,45.7512,1,3.45801e-09,535.968,11.5493,-0.0158146
3,2,0,80,40,37.0395,37.0395,1,2.4209e-09,370.324,8.58826,-0.235583
4,0,0,80,40,53.491,53.491,1,3.45381e-09,583.278,15.7078,0.0361876
4,1,0,80,40,45.7512,45.7512,1,3.78168e-09,537.538,11.5887,-0.0194854
4,2,0,80,40,37.0395,37.0395,1,1.60344e-09,370.646,8.60655,-0.237497
5,0,0,80,40,53.491,53.491,1,3.585e-09,579.63,15.7651,0.0410093
5,1,0,80,40,45.7512,45.7512,1,7.72923e-09,539.095,11.6179,-0.0226399
5,2,0,80,40,37.0395,37.0395,1,2.95699e-09,370.928,8.62098,-0.2391
6,0,0,80,40,53.491,53.491,1,4.42958e-09,576.265,15.8177,0.0455006
6,1,0,80,40,45.7512,45.7512,1,5.63182e-09,540.635,11.6392,-0.0253677
6,2,0,80,40,37.0395,37.0395,1,2.90868e-09,371.176,8.63274,-0.240467
7,0,0,80,40,53.491,53.491,1,6.17035e-09,573.097,15.8675,0.0497948
7,1,0,80,40,45.7512,45.7512,1,6.80245e-09,542.155,11.6539,-0.0277286
7,2,0,80,40,37.0395,37.0395,1,1.64954e-09,371.395,8.64253,-0.241647
8,0,0,80,40,53.491,53.491,1,3.46876e-09,570.122,15.9136,0.0539559
8,1,0,80,40,45.7512,45.7512,1,1.77772e-09,543.656,11.6633,-0.0297703
8,2,0,80,40,37.0395,37.0395,1,4.19254e-09,371.59,8.65083,-0.242678
9,0,0,80,40,53.491,53.491,1,5.0851e-09,567.333,15.956,0.0580433
9,1,0,80,40,45.7512,45.7512,1,3.56147e-09,545.138,11.668,-0.0315301
9,2,0,80,40,37.0395,37.0395,1,2.64612e-09,371.764,8.65797,-0.243589
10,0,0,80,40,53.491,53.491,1,2.95802e-09,564.708,15.9964,0.0620899
10,1,0,80,40,45.7512,45.7512,1,2.83785e-09,546.601,11.6685,-0.0330352
10,2,0,80,40,37.0395,37.0395,1,3.89457e-09,371.92,8.6642,-0.2444
11,0,0,80,40,53.491,53.491,1,2.78857e-09,562.243,16.0383,0.0660419
11,1,0,80,40,45.7512,45.7512,1,5.1312e-09,548.043,11.6655,-0.0343109
11,2,0,80,40,37.0395,37.0395,1,1.57928e-09,372.06,8.66967,-0.245128
12,0,0,80,40,53.491,53.491,1,7.73423e-09,560.133,16.0786,0.0696492
12,1,0,80,40,45.7512,45.7512,1,4.91059e-09,549.469,11.6591,-0.0353819
12,2,0,80,40,37.0395,37.0395,1,1.73628e-09,372.187,8.67454,-0.245787
13,0,0,80,40,53.491,53.491,1,2.79005e-09,558.759,16.1028,0.0726435
13,1,0,80,40,45.7512,45.7512,1,1.77943e-09,550.881,11.6499,-0.0362706
13,2,0,80,40,37.0395,37.0395,1,2.13851e-09,372.302,8.67888,-0.246387
14,0,0,80,40,53.491,53.491,1,4.87773e-09,557.926,16.1146,0.075243
14,1,0,80,40,45.7512,45.7512,1,3.07307e-09,552.281,11.638,-0.0369972
14,2,0,80,40,37.0395,37.0395,1,3.03947e-09,372.407,8.68279,-0.246937
15,0,0,80,40,53.491,53.491,1,3.69425e-09,557.407,16.1238,0.077612
15,1,0,80,40,45.7512,45.7512,1,6.76721e-09,553.671,11.6237,-0.0375794
15,2,0,80,40,37.0395,37.0395,1,2.45797e-09,372.511,8.68633,-0.247444
16,0,0,80,40,53.491,53.491,1,3.15066e-09,557.35,16.1259,0.0796816
16,1,0,80,40,45.7512,45.7512,1,2.75077e-09,555.053,11.6074,-0.0380337
16,2,0,80,40,37.0395,37.0395,1,2.3461e-09,372.618,8.68954,-0.247915
17,0,0,80,40,53.491,53.491,1,3.81817e-09,557.574,16.1311,0.0812448
17,1,0,80,40,45.7512,45.7512,1,5.0718e-09,556.427,11.5891,-0.0383747
17,2,0,80,40,37.0395,37.0395,1,2.92806e-09,372.721,8.69246,-0.248356
18,0,0,80,40,53.491,53.491,1,2.44114e-09,557.807,16.1411,0.0827273
18,1,0,80,40,45.7512,45.7512,1,3.2253e-09,557.797,11.5691,-0.0386164
18,2,0,80,40,37.0395,37.0395,1,1.83456e-09,372.821,8.69513,-0.24877
19,0,0,80,40,53.491,53.491,1,4.44032e-09,558.376,16.1439,0.084074
19,1,0,80,40,45.7512,45.7512,1,2.60468e-09,559.165,11.5475,-0.0387757
19,2,0,80,40,37.0395,37.0395,1,1.93239e-09,372.92,8.69757,-0.249161
20,0,0,80,40,53.491,53.491,1,7.229e-09,559.403,16.1435,0.0849083
20,1,0,80,40,45.7512,45.7512,1,5.04258e-09,560.531,11.5245,-0.0388686
20,2,0,80,40,37.0395,37.0395,1,1.96911e-09,373.018,8.69981,-0.249535
21,0,0,80,40,53.491,53.491,1,4.6839e-09,560.658,16.1462,0.0853611
21,1,0,80,40,45.7512,45.7512,1,3.61473e-09,561.897,11.5004,-0.0389033
21,2,0,80,40,37.0395,37.0395,1,1.82706e-09,373.116,8.70187,-0.249893
22,0,0,80,40,53.491,53.491,1,2.24225e-09,562.212,16.1481,0.0854668
22,1,0,80,40,45.7512,45.7512,1,3.8392e-09,563.259,11.4752,-0.0388897
22,2,0,80,40,37.0395,37.0395,1,5.57446e-09,373.215,8.70376,-0.250239
23,0,0,80,40,53.491,53.491,1,5.23596e-09,564.18,16.1491,0.0850731
23,1,0,80,40,45.7512,45.7512,1,5.80189e-09,564.62,11.4492,-0.0388427
23,2,0,80,40,37.0395,37.0395,1,2.36651e-09,373.316,8.7055,-0.250576
24,0,0,80,40,53.491,53.491,1,2.47348e-09,566.431,16.1516,0.0843489
24,1,0,80,40,45.7512,45.7512,1,3.40162e-09,565.979,11.4226,-0.0387725
24,2,0,80,40,37.0395,37.0395,1,2.76054e-09,373.419,8.70711,-0.250906
25,0,0,80,40,53.491,53.491,1,3.33478e-09,568.896,16.1538,0.0834882
25,1,0,80,40,45.7512,45.7512,1,8.09439e-09,567.337,11.3955,-0.0386874
25,2,0,80,40,37.0395,37.0395,1,2.41153e-09,373.525,8.70858,-0.251231
26,0,0,80,40,53.491,53.491,1,2.90459e-09,571.603,16.153,0.0824916
26,1,0,80,40,45.7512,45.7512,1,6.83258e-09,568.692,11.3679,-0.0385935
26,2,0,80,40,37.0395,37.0395,1,1.97065e-09,373.635,8.70995,-0.251554
27,0,0,80,40,53.491,53.491,1,6.33656e-09,574.489,16.1501,0.0813487
27,1,0,80,40,45.7512,45.7512,1,1.73213e-09,570.043,11.3402,-0.0385015
27,2,0,80,40,37.0395,37.0395,1,2.04318e-09,373.75,8.71122,-0.251878
28,0,0,80,40,53.491,53.491,1,3.48837e-09,577.473,16.1481,0.0800439
28,1,0,80,40,45.7512,45.7512,1,3.18414e-09,571.39,11.3124,-0.0384196
28,2,0,80,40,37.0395,37.0395,1,2.77743e-09,373.872,8.7124,-0.252205
29,0,0,80,40,53.491,53.491,1,3.47785e-09,580.502,16.1493,0.0786493
29,1,0,80,40,45.7512,45.7512,1,4.41946e-09,572.731,11.2846,-0.0383544
29,2,0,80,40,37.0395,37.0395,1,3.69255e-09,374,8.71352,-0.252538
30,0,0,80,40,53.491,53.491,1,5.83208e-09,583.501,16.1529,0.077363
30,1,0,80,40,45.7512,45.7512,1,6.13477e-09,574.066,11.257,-0.0383128
30,2,0,80,40,37.0395,37.0395,1,2.87957e-09,374.136,8.7146,-0.252879
31,0,0,80,40,53.491,53.491,1,3.34842e-09,586.408,16.1553,0.0763908
31,1,0,80,40,45.7512,45.7512,1,4.77957e-09,575.396,11.2296,-0.0383016
31,2,0,80,40,37.0395,37.0395,1,4.22625e-09,374.281,8.71564,-0.253233
32,0,0,80,40,53.491,53.491,1,3.82522e-09,589.232,16.1525,0.075834
32,1,0,80,40,45.7512,45.7512,1,3.71665e-09,576.722,11.2028,-0.0383308
32,2,0,80,40,37.0395,37.0395,1,3.37883e-09,374.438,8.71667,-0.253602
33,0,0,80,40,53.491,53.491,1,1.05736e-08,591.92,16.1436,0.075806
33,1,0,80,40,45.7512,45.7512,1,6.1882e-09,578.046,11.1764,-0.03841
33,2,0,80,40,37.0395,37.0395,1,2.42517e-09,374.607,8.71773,-0.253992
34,0,0,80,40,53.491,53.491,1,5.10926e-09,594.429,16.1262,0.0763553
34,1,0,80,40,45.7512,45.7512,1,7.219e-09,579.373,11.1507,-0.0385493
34,2,0,80,40,37.0395,37.0395,1,2.02414e-09,374.792,8.71885,-0.254407
35,0,0,80,40,53.491,53.491,1,4.85295e-09,596.625,16.1001,0.0775763
35,1,0,80,40,45.7512,45.7512,1,4.15855e-09,580.708,11.1258,-0.0387625
35,2,0,80,40,37.0395,37.0395,1,2.57069e-09,374.995,8.72008,-0.254855
36,0,0,80,40,53.491,53.491,1,3.84205e-09,598.297,16.0727,0.0795925
36,1,0,80,40,45.7512,45.7512,1,3.038e-09,582.061,11.1018,-0.0390676
36,2,0,80,40,37.0395,37.0395,1,3.10706e-09,375.22,8.72147,-0.255342
37,0,0,80,40,53.491,53.491,1,4.03679e-09,599.282,16.0481,0.0826201
37,1,0,80,40,45.7512,45.7512,1,2.27351e-09,583.444,11.0788,-0.0394892
37,2,0,80,40,37.0395,37.0395,1,1.66114e-09,375.469,8.72308,-0.255876
38,0,0,80,40,53.491,53.491,1,7.25936e-09,599.352,16.0282,0.0869107
38,1,0,80,40,45.7512,45.7512,1,3.02583e-09,584.88,11.0572,-0.04006
38,2,0,80,40,37.0395,37.0395,1,3.22228e-09,375.75,8.72498,-0.25647
39,0,0,80,40,53.491,53.491,1,3.60956e-09,598.365,16.0116,0.0925705
39,1,0,80,40,45.7512,45.7512,1,4.57567e-09,586.395,11.0371,-0.0408214
39,2,0,80,40,37.0395,37.0395,1,3.33102e-09,376.067,8.72725,-0.257136
40,0,0,80,40,53.491,53.491,1,6.7273e-09,598.338,16.015,0.095566
40,1,0,80,40,45.7512,45.7512,1,4.7072e-09,588.03,11.019,-0.0418261
40,2,0,80,40,37.0395,37.0395,1,2.42164e-09,376.427,8.73002,-0.257888
41,0,0,80,40,53.491,53.491,1,2.50998e-09,597.993,16.0215,0.0982875
41,1,0,80,40,45.7512,45.7512,1,4.15446e-09,589.843,11.003,-0.0431451
41,2,0,80,40,37.0395,37.0395,1,2.99485e-09,376.835,8.73339,-0.258742
42,0,0,80,40,53.491,53.491,1,3.08557e-09,598.466,16.0174,0.0999607
42,1,0,80,40,45.7512,45.7512,1,4.924e-09,591.927,10.9896,-0.0448847
42,2,0,80,40,37.0395,37.0395,1,2.44938e-09,377.295,8.73748,-0.259711
43,0,0,80,40,53.491,53.491,1,2.77663e-09,599.22,16.0024,0.101917
43,1,0,80,40,45.7512,45.7512,1,2.58473e-09,594.495,10.9788,-0.0472187
43,2,0,80,40,37.0395,37.0395,1,2.7722e-09,377.805,8.74236,-0.260802
44,0,0,80,40,53.491,53.491,1,5.87158e-09,600.357,15.9881,0.103475
44,1,0,80,40,45.7512,45.7512,1,5.29428e-09,597.715,10.9711,-0.0504211
44,2,0,80,40,37.0395,37.0395,1,1.57758e-09,378.348,8.74797,-0.262003
45,0,0,80,40,53.491,53.491,1,2.70347e-09,601.58,15.9782,0.104845
45,1,0,80,40,45.7512,45.7512,1,2.96404e-09,601.874,10.967,-0.0549019
45,2,0,80,40,37.0395,37.0395,1,2.39351e-09,378.888,8.75406,-0.263259
46,0,0,80,40,53.491,53.491,1,3.31409e-09,602.693,15.9764,0.106164
46,1,0,80,40,45.7512,45.7512,1,4.55282e-09,605.732,10.9622,-0.0601207
46,2,0,80,40,37.0395,37.0395,1,3.62286e-09,379.375,8.76015,-0.264472
47,0,0,80,40,53.491,53.491,1,4.19561e-09,603.582,15.986,0.107598
47,1,0,80,40,45.7512,45.7512,1,7.42875e-09,607.911,10.9702,-0.0632884
47,2,0,80,40,37.0395,37.0395,1,2.25441e-09,379.754,8.76585,-0.265523
48,0,0,80,40,53.491,53.491,1,3.44039e-09,604.222,16.0129,0.10944
48,1,0,80,40,45.7512,45.7512,1,3.93004e-09,609.507,10.9899,-0.0668274
48,2,0,80,40,37.0395,37.0395,1,1.76715e-09,379.996,8.77101,-0.266343
49,0,0,80,40,53.491,53.491,1,4.71641e-09,604.621,16.0665,0.1122
49,1,0,80,40,45.7512,45.7512,1,3.29942e-09,608.65,11.0126,-0.0669407
49,2,0,80,40,37.0395,37.0395,1,2.59467e-09,380.085,8.77523,-0.266892
50,0,0,80,40,53.491,53.491,1,6.28319e-09,604.783,16.1609,0.117271
50,1,0,80,40,45.7512,45.7512,1,4.49131e-09,608.14,11.028,-0.0671257
50,2,0,80,40,37.0395,37.0395,1,2.44592e-09,380.028,8.77756,-0.267129
51,0,0,80,40,53.491,53.491,1,3.56374e-09,604.656,16.2831,0.128138
51,1,0,80,40,45.7512,45.7512,1,7.65658e-09,607.364,11.0275,-0.0671419
51,2,0,80,40,37.0395,37.0395,1,4.38365e-09,379.864,8.77766,-0.267085
52,0,0,80,40,53.491,53.491,1,1.78682e-09,604.293,16.3571,0.142003
52,1,0,80,40,45.7512,45.7512,1,3.05283e-09,606.319,11.0196,-0.0666587
52,2,0,80,40,37.0395,37.0395,1,1.93677e-09,379.646,8.77605,-0.266856
53,0,0,80,40,53.491,53.491,1,3.53259e-09,603.734,16.3005,0.146783
53,1,0,80,40,45.7512,45.7512,1,5.46072e-09,605.211,11.01,-0.0659095
53,2,0,80,40,37.0395,37.0395,1,2.03744e-09,379.408,8.77348,-0.266537
54,0,0,80,40,53.491,53.491,1,4.03088e-09,603.017,16.2524,0.14357
54,1,0,80,40,45.7512,45.7512,1,6.31837e-09,604.136,11.0017,-0.0650791
54,2,0,80,40,37.0395,37.0395,1,2.14396e-09,379.173,8.7705,-0.266192
55,0,0,80,40,53.491,53.491,1,2.82182e-09,602.16,16.2349,0.140769
55,1,0,80,40,45.7512,45.7512,1,2.63981e-09,603.12,10.996,-0.0642957
55,2,0,80,40,37.0395,37.0395,1,3.39679e-09,378.95,8.76744,-0.265855
56,0,0,80,40,53.491,53.491,1,4.75347e-09,601.179,16.235,0.138627
56,1,0,80,40,45.7512,45.7512,1,4.19629e-09,602.155,10.9939,-0.0636464
56,2,0,80,40,37.0395,37.0395,1,3.04357e-09,378.746,8.76451,-0.265546
57,0,0,80,40,53.491,53.491,1,3.80396e-09,600.021,16.2473,0.136997
57,1,0,80,40,45.7512,45.7512,1,3.73882e-09,601.215,10.9962,-0.0631952
57,2,0,80,40,37.0395,37.0395,1,8.97103e-10,378.561,8.76181,-0.265274
58,0,0,80,40,53.491,53.491,1,2.00816e-09,598.657,16.2711,0.135789
58,1,0,80,40,45.7512,45.7512,1,4.61455e-09,600.262,11.0042,-0.0630053
58,2,0,80,40,37.0395,37.0395,1,1.9798e-09,378.395,8.75939,-0.265041
59,0,0,80,40,53.491,53.491,1,5.30292e-09,597.201,16.3068,0.134591
59,1,0,80,40,45.7512,45.7512,1,5.33612e-09,599.238,11.0189,-0.0631772
59,2,0,80,40,37.0395,37.0395,1,2.14408e-09,378.248,8.75729,-0.264849
60,0,0,80,40,53.491,53.491,1,3.65026e-09,595.628,16.3549,0.133472
60,1,0,80,40,45.7512,45.7512,1,5.72129e-09,598.098,11.0414,-0.063933
60,2,0,80,40,37.0395,37.0395,1,3.25412e-09,378.117,8.75549,-0.264697
61,0,0,80,40,53.491,53.491,1,3.68061e-09,593.91,16.4108,0.132688
61,1,0,80,40,45.7512,45.7512,1,4.91673e-09,596.811,11.0722,-0.065615
61,2,0,80,40,37.0395,37.0395,1,2.35462e-09,378.003,8.754,-0.264585
62,0,0,80,40,53.491,53.491,1,3.75735e-09,592.187,16.453,0.129246
62,1,0,80,40,45.7512,45.7512,1,3.11985e-09,595.357,11.1084,-0.068459
62,2,0,80,40,37.0395,37.0395,1,1.93302e-09,377.903,8.75278,-0.26451
63,0,0,80,40,53.491,53.491,1,5.63409e-09,590.428,16.5094,0.127654
63,1,0,80,40,45.7512,45.7512,1,3.32989e-09,593.785,11.1403,-0.0716815
63,2,0,80,40,37.0395,37.0395,1,1.76379e-09,377.817,8.75182,-0.264473
64,0,0,80,40,53.491,53.491,1,4.23188e-09,588.55,16.5633,0.127992
64,1,0,80,40,45.7512,45.7512,1,3.60035e-09,592.161,11.1593,-0.0740345
64,2,0,80,40,37.0395,37.0395,1,2.06478e-09,377.745,8.7511,-0.26447
65,0,0,80,40,53.491,53.491,1,2.82159e-09,586.455,16.6136,0.130869
65,1,0,80,40,45.7512,45.7512,1,3.02089e-09,590.533,11.1581,-0.0739264
65,2,0,80,40,37.0395,37.0395,1,3.8039e-09,377.685,8.75059,-0.2645
66,0,0,80,40,53.491,53.491,1,4.3691e-09,584.236,16.6524,0.135517
66,1,0,80,40,45.7512,45.7512,1,6.48504e-09,588.927,11.1445,-0.0721431
66,2,0,80,40,37.0395,37.0395,1,2.95535e-09,377.636,8.75029,-0.26456
67,0,0,80,40,53.491,53.491,1,1.97645e-09,581.948,16.6876,0.141174
67,1,0,80,40,45.7512,45.7512,1,3.34308e-09,587.337,11.1328,-0.070492
67,2,0,80,40,37.0395,37.0395,1,3.7586e-09,377.597,8.75016,-0.264647
68,0,0,80,40,53.491,53.491,1,4.11274e-09,579.527,16.7088,0.146956
68,1,0,80,40,45.7512,45.7512,1,2.29653e-09,585.754,11.1251,-0.069334
68,2,0,80,40,37.0395,37.0395,1,1.23697e-09,377.567,8.7502,-0.264759
69,0,0,80,40,53.491,53.491,1,2.90174e-09,577.019,16.7253,0.146969
69,1,0,80,40,45.7512,45.7512,1,6.25096e-09,584.19,11.1212,-0.0686279
69,2,0,80,40,37.0395,37.0395,1,3.3512e-09,377.545,8.7504,-0.264895
70,0,0,80,40,53.491,53.491,1,1.90511e-09,574.438,16.8056,0.145911
70,1,0,80,40,45.7512,45.7512,1,6.36078e-09,582.664,11.1232,-0.0682949
70,2,0,80,40,37.0395,37.0395,1,5.51228e-09,377.529,8.75076,-0.265051
71,0,0,80,40,53.491,53.491,1,8.749e-09,571.858,16.8594,0.128887
71,1,0,80,40,45.7512,45.7512,1,4.02554e-09,581.178,11.1345,-0.0681049
71,2,0,80,40,37.0395,37.0395,1,1.93353e-09,377.52,8.75127,-0.265227
72,0,0,80,40,53.491,53.491,1,5.09294e-09,569.207,16.8425,0.10575
72,1,0,80,40,45.7512,45.7512,1,6.80234e-09,579.699,11.1554,-0.0675136
72,2,0,80,40,37.0395,37.0395,1,1.47736e-09,377.516,8.75194,-0.265421
73,0,0,80,40,53.491,53.491,1,3.81164e-09,566.471,16.9131,0.0850508
73,1,0,80,40,45.7512,45.7512,1,5.75028e-09,578.197,11.1789,-0.0659432
73,2,0,80,40,37.0395,37.0395,1,2.80511e-09,377.516,8.75277,-0.265631
74,0,0,80,40,53.491,53.491,1,1.67154e-09,563.624,16.9938,0.0739104
74,1,0,80,40,45.7512,45.7512,1,9.8787e-09,576.707,11.1975,-0.0642805
74,2,0,80,40,37.0395,37.0395,1,1.66284e-09,377.52,8.75377,-0.265856
75,0,0,80,40,53.491,53.491,1,7.44751e-09,560.756,16.9323,0.0782135
75,1,0,80,40,45.7512,45.7512,1,6.05485e-09,575.245,11.2363,-0.0619229
75,2,0,80,40,37.0395,37.0395,1,2.10713e-09,377.527,8.75495,-0.266095
76,0,0,80,40,53.491,53.491,1,3.13742e-09,557.669,16.8528,0.0898942
76,1,0,80,40,45.7512,45.7512,1,4.44311e-09,573.793,11.2828,-0.058628
76,2,0,80,40,37.0395,37.0395,1,2.16824e-09,377.535,8.75633,-0.266344
77,0,0,80,40,53.491,53.491,1,4.68583e-09,554.37,16.8078,0.102832
77,1,0,80,40,45.7512,45.7512,1,4.67008e-09,572.365,11.3151,-0.0560344
77,2,0,80,40,37.0395,37.0395,1,1.64073e-09,377.544,8.75789,-0.266602
78,0,0,80,40,53.491,53.491,1,4.88501e-09,550.837,16.7897,0.115256
78,1,0,80,40,45.7512,45.7512,1,5.46959e-09,570.975,11.3149,-0.0533675
78,2,0,80,40,37.0395,37.0395,1,3.3408e-09,377.553,8.75964,-0.266869
79,0,0,80,40,53.491,53.491,1,2.43074e-09,547.132,16.7832,0.126349
79,1,0,80,40,45.7512,45.7512,1,2.46933e-09,569.615,11.3164,-0.0528696
79,2,0,80,40,37.0395,37.0395,1,1.5886e-09,377.563,8.76156,-0.267143
80,0,0,80,40,53.491,53.491,1,4.31146e-09,543.337,16.7844,0.135784
80,1,0,80,40,45.7512,45.7512,1,2.74139e-09,568.265,11.3283,-0.052417
80,2,0,80,40,37.0395,37.0395,1,2.42176e-09,377.573,8.76362,-0.267427
81,0,0,80,40,53.491,53.491,1,3.7756e-09,539.448,16.8014,0.144009
81,1,0,80,40,45.7512,45.7512,1,2.36628e-09,566.946,11.3524,-0.0523643
81,2,0,80,40,37.0395,37.0395,1,2.13862e-09,377.694,8.76579,-0.267718
82,0,0,80,40,53.491,53.491,1,3.90366e-09,535.428,16.8234,0.148667
82,1,0,80,40,45.7512,45.7512,1,2.967e-09,565.653,11.3708,-0.0522965
82,2,0,80,40,37.0395,37.0395,1,4.44038e-09,377.818,8.76803,-0.268017
83,0,0,80,40,53.491,53.491,1,2.53709e-09,531.307,16.8327,0.151754
83,1,0,80,40,45.7512,45.7512,1,5.73039e-09,564.407,11.4,-0.053271
83,2,0,80,40,37.0395,37.0395,1,3.21586e-09,377.944,8.7703,-0.268325
84,0,0,80,40,53.491,53.491,1,5.3077e-09,527.261,16.814,0.153944
84,1,0,80,40,45.7512,45.7512,1,4.79247e-09,563.195,11.437,-0.0544544
84,2,0,80,40,37.0395,37.0395,1,3.71915e-09,378.072,8.77255,-0.268641
85,0,0,80,40,53.491,53.491,1,4.96436e-09,523.49,16.7872,0.155495
85,1,0,80,40,45.7512,45.7512,1,4.75552e-09,562.035,11.4776,-0.0558959
85,2,0,80,40,37.0395,37.0395,1,2.1667e-09,378.203,8.77473,-0.268964
86,0,0,80,40,53.491,53.491,1,3.27992e-09,519.827,16.7574,0.157017
86,1,0,80,40,45.7512,45.7512,1,2.88748e-09,560.936,11.5238,-0.0576505
86,2,0,80,40,37.0395,37.0395,1,2.74849e-09,378.338,8.77682,-0.269294
87,0,0,80,40,53.491,53.491,1,6.12897e-09,516.401,16.7242,0.15745
87,1,0,80,40,45.7512,45.7512,1,1.02208e-08,559.89,11.569,-0.0595743
87,2,0,80,40,37.0395,37.0395,1,1.46366e-09,378.477,8.77876,-0.269631
88,0,0,80,40,53.491,53.491,1,4.84647e-09,513.03,16.7027,0.157852
88,1,0,80,40,45.7512,45.7512,1,3.38821e-09,558.924,11.6154,-0.0618777
88,2,0,80,40,37.0395,37.0395,1,2.29431e-09,378.62,8.78054,-0.269973
89,0,0,80,40,53.491,53.491,1,5.10516e-09,509.531,16.6918,0.158242
89,1,0,80,40,45.7512,45.7512,1,3.78941e-09,558.028,11.6598,-0.064418
89,2,0,80,40,37.0395,37.0395,1,2.00902e-09,378.768,8.78215,-0.27032
90,0,0,80,40,53.491,53.491,1,6.67933e-09,506.143,16.6831,0.158092
90,1,0,80,40,45.7512,45.7512,1,4.14889e-09,557.208,11.6986,-0.0671375
90,2,0,80,40,37.0395,37.0395,1,5.62778e-09,378.921,8.78357,-0.27067
91,0,0,80,40,53.491,53.491,1,2.78311e-09,503.249,16.679,0.156874
91,1,0,80,40,45.7512,45.7512,1,5.07237e-09,556.476,11.7328,-0.0704608
91,2,0,80,40,37.0395,37.0395,1,2.96461e-09,379.078,8.7848,-0.271025
92,0,0,80,40,53.491,53.491,1,4.85187e-09,501.005,16.6904,0.153959
92,1,0,80,40,45.7512,45.7512,1,5.00006e-09,555.846,11.7759,-0.0748366
92,2,0,80,40,37.0395,37.0395,1,2.53505e-09,379.24,8.78586,-0.271385
93,0,0,80,40,53.491,53.491,1,4.96215e-09,499.899,16.72,0.149102
93,1,0,80,40,45.7512,45.7512,1,3.6963e-09,555.326,11.8244,-0.0785405
93,2,0,80,40,37.0395,37.0395,1,3.01003e-09,379.408,8.78674,-0.271751
94,0,0,80,40,53.491,53.491,1,4.64604e-09,500.582,16.7618,0.142714
94,1,0,80,40,45.7512,45.7512,1,3.74081e-09,554.921,11.8668,-0.0821718
94,2,0,80,40,37.0395,37.0395,1,3.37923e-09,379.582,8.78748,-0.272122
95,0,0,80,40,53.491,53.491,1,3.11132e-09,502.85,16.781,0.135846
95,1,0,80,40,45.7512,45.7512,1,3.68908e-09,554.648,11.9119,-0.08622
95,2,0,80,40,37.0395,37.0395,1,2.15294e-09,379.761,8.78809,-0.272501
96,0,0,80,40,53.491,53.491,1,8.87735e-09,505.738,16.7945,0.129585
96,1,0,80,40,45.7512,45.7512,1,3.58841e-09,554.519,11.9635,-0.090467
96,2,0,80,40,37.0395,37.0395,1,3.13383e-09,379.946,8.78859,-0.272885
97,0,0,80,40,53.491,53.491,1,4.92821e-09,507.692,16.8091,0.126224
97,1,0,80,40,45.7512,45.7512,1,3.33728e-09,554.551,12.0118,-0.0942764
97,2,0,80,40,37.0395,37.0395,1,1.38994e-09,380.136,8.78902,-0.273276
98,0,0,80,40,53.491,53.491,1,3.2154e-09,507.927,16.8321,0.125763
98,1,0,80,40,45.7512,45.7512,1,6.67671e-09,554.754,12.0586,-0.0963768
98,2,0,80,40,37.0395,37.0395,1,1.86839e-09,380.33,8.7894,-0.273672
99,0,0,80,40,53.491,53.491,1,3.5414e-09,506.138,16.8376,0.129115
99,1,0,80,40,45.7512,45.7512,1,4.6345e-09,555.166,12.1057,-0.0974618
99,2,0,80,40,37.0395,37.0395,1,1.63902e-09,380.529,8.78977,-0.274074
100,0,0,80,40,53.491,53.491,1,3.06432e-09,504.044,16.7908,0.135449
100,1,0,80,40,45.7512,45.7512,1,2.57489e-09,555.823,12.1495,-0.0966288
100,2,0,80,40,37.0395,37.0395,1,1.87339e-09,380.734,8.79016,-0.274484
101,0,0,80,40,53.491,53.491,1,2.63816e-09,502.519,16.7455,0.140544
101,1,0,80,40,45.7512,45.7512,1,3.96096e-09,556.769,12.1771,-0.0968236
101,2,0,80,40,37.0395,37.0395,1,1.50676e-09,380.945,8.79061,-0.274903
102,0,0,80,40,53.491,53.491,1,5.88693e-09,501.272,16.7001,0.146821
102,1,0,80,40,45.7512,45.7512,1,3.13503e-09,558.053,12.1954,-0.0971501
102,2,0,80,40,37.0395,37.0395,1,4.27275e-09,381.162,8.79116,-0.275333
103,0,0,80,40,53.491,53.491,1,2.90225e-09,500.734,16.6294,0.15253
103,1,0,80,40,45.7512,45.7512,1,5.19526e-09,559.744,12.2179,-0.0975703
103,2,0,80,40,37.0395,37.0395,1,2.7876e-09,381.386,8.79184,-0.275776
104,0,0,80,40,53.491,53.491,1,3.42226e-09,500.649,16.5545,0.158109
104,1,0,80,40,45.7512,45.7512,1,4.31123e-09,561.915,12.2418,-0.098455
104,2,0,80,40,37.0395,37.0395,1,1.55489e-09,381.616,8.79268,-0.276235
105,0,0,80,40,53.491,53.491,1,2.04591e-09,500.268,16.4576,0.165777
105,1,0,80,40,45.7512,45.7512,1,3.28089e-09,564.641,12.2649,-0.100204
105,2,0,80,40,37.0395,37.0395,1,2.35491e-09,381.855,8.79375,-0.276712
106,0,0,80,40,53.491,53.491,1,3.24133e-09,499.486,16.326,0.175295
106,1,0,80,40,45.7512,45.7512,1,3.72467e-09,567.972,12.2856,-0.102843
106,2,0,80,40,37.0395,37.0395,1,1.96576e-09,382.102,8.79507,-0.277211
107,0,0,80,40,53.491,53.491,1,2.44012e-09,498.012,16.1441,0.186822
107,1,0,80,40,45.7512,45.7512,1,7.53141e-09,571.88,12.3011,-0.106276
107,2,0,80,40,37.0395,37.0395,1,1.46565e-09,382.36,8.79669,-0.277737
108,0,0,80,40,53.491,53.491,1,2.82097e-09,495.936,15.9124,0.199621
108,1,0,80,40,45.7512,45.7512,1,3.36593e-09,576.196,12.3093,-0.110156
108,2,0,80,40,37.0395,37.0395,1,2.43352e-09,382.631,8.79867,-0.278294
109,0,0,80,40,53.491,53.491,1,9.52474e-09,496.052,15.6388,0.20998
109,1,0,80,40,45.7512,45.7512,1,6.71275e-09,580.591,12.3087,-0.114008
109,2,0,80,40,37.0395,37.0395,1,2.05057e-09,382.918,8.80105,-0.278886
110,0,0,80,40,53.491,53.491,1,2.00629e-09,500.743,15.3818,0.208461
110,1,0,80,40,45.7512,45.7512,1,3.77588e-09,584.678,12.2991,-0.117345
110,2,0,80,40,37.0395,37.0395,1,3.61928e-09,383.224,8.80388,-0.279524
111,0,0,80,40,53.491,53.491,1,3.2768e-09,514.425,15.2553,0.185093
111,1,0,80,40,45.7512,45.7512,1,5.32611e-09,588.127,12.2808,-0.119709
111,2,0,80,40,37.0395,37.0395,1,2.32774e-09,383.556,8.8072,-0.280215
112,0,0,80,40,53.491,53.491,1,2.69046e-09,531.177,15.2963,0.156333
112,1,0,80,40,45.7512,45.7512,1,3.71563e-09,590.764,12.2537,-0.120831
112,2,0,80,40,37.0395,37.0395,1,2.68199e-09,383.918,8.81108,-0.28097
113,0,0,80,40,53.491,53.491,1,3.81442e-09,537.422,15.4097,0.156665
113,1,0,80,40,45.7512,45.7512,1,4.45209e-09,592.577,12.2186,-0.120773
113,2,0,80,40,37.0395,37.0395,1,1.44183e-09,384.318,8.81561,-0.281801
114,0,0,80,40,53.491,53.491,1,3.75587e-09,539.998,15.5806,0.152917
114,1,0,80,40,45.7512,45.7512,1,5.25586e-09,593.673,12.1769,-0.119659
114,2,0,80,40,37.0395,37.0395,1,2.01828e-09,384.762,8.82086,-0.282722
115,0,0,80,40,53.491,53.491,1,2.19791e-09,542.271,15.7397,0.14678
115,1,0,80,40,45.7512,45.7512,1,2.79925e-09,594.291,12.1302,-0.117708
115,2,0,80,40,37.0395,37.0395,1,1.66602e-09,385.259,8.82695,-0.28375
116,0,0,80,40,53.491,53.491,1,3.563e-09,541.289,15.8123,0.149172
116,1,0,80,40,45.7512,45.7512,1,9.16646e-09,594.756,12.0803,-0.115264
116,2,0,80,40,37.0395,37.0395,1,2.04096e-09,385.818,8.83399,-0.284903
117,0,0,80,40,53.491,53.491,1,4.78292e-09,538.231,15.9374,0.15252
117,1,0,80,40,45.7512,45.7512,1,4.56612e-09,595.297,12.0283,-0.112712
117,2,0,80,40,37.0395,37.0395,1,3.26082e-09,386.448,8.84215,-0.286201
118,0,0,80,40,53.491,53.491,1,3.49036e-09,535.431,16.0352,0.158391
118,1,0,80,40,45.7512,45.7512,1,5.28576e-09,595.949,11.9739,-0.110255
118,2,0,80,40,37.0395,37.0395,1,4.79844e-09,387.16,8.85158,-0.287667
119,0,0,80,40,53.491,53.491,1,2.1131e-09,532.254,16.1151,0.165089
119,1,0,80,40,45.7512,45.7512,1,2.84615e-09,596.849,11.9168,-0.107938
119,2,0,80,40,37.0395,37.0395,1,1.88419e-09,387.964,8.86245,-0.289323
120,0,0,80,40,53.491,53.491,1,4.29566e-09,528.967,16.1751,0.172166
120,1,0,80,40,45.7512,45.7512,1,7.12544e-09,597.921,11.8563,-0.105767
120,2,0,80,40,37.0395,37.0395,1,3.29931e-09,388.869,8.87492,-0.291194
121,0,0,80,40,53.491,53.491,1,2.23008e-09,525.616,16.2206,0.179894
121,1,0,80,40,45.7512,45.7512,1,5.28701e-09,599.006,11.7915,-0.103715
121,2,0,80,40,37.0395,37.0395,1,1.38698e-09,389.881,8.88907,-0.2933
122,0,0,80,40,53.491,53.491,1,2.18978e-09,522.791,16.2488,0.187169
122,1,0,80,40,45.7512,45.7512,1,4.63137e-09,600.333,11.7211,-0.101879
122,2,0,80,40,37.0395,37.0395,1,2.24935e-09,390.997,8.90487,-0.295648
123,0,0,80,40,53.491,53.491,1,4.12535e-09,521.39,16.2596,0.19308
123,1,0,80,40,45.7512,45.7512,1,5.37761e-09,602.024,11.6486,-0.100815
123,2,0,80,40,37.0395,37.0395,1,4.13291e-09,392.192,8.922,-0.298218
124,0,0,80,40,53.491,53.491,1,3.12355e-09,521.711,16.2638,0.196423
124,1,0,80,40,45.7512,45.7512,1,5.47425e-09,604.032,11.5867,-0.100967
124,2,0,80,40,37.0395,37.0395,1,2.31415e-09,393.394,8.93961,-0.300928
125,0,0,80,40,53.491,53.491,1,5.92036e-09,524.243,16.2553,0.195685
125,1,0,80,40,45.7512,45.7512,1,4.70862e-09,605.735,11.5463,-0.102061
125,2,0,80,40,37.0395,37.0395,1,1.61407e-09,394.446,8.95594,-0.303548
126,0,0,80,40,53.491,53.491,1,1.81166e-09,528.858,16.2396,0.192331
126,1,0,80,40,45.7512,45.7512,1,8.2515e-09,607.062,11.5262,-0.103883
126,2,0,80,40,37.0395,37.0395,1,2.74179e-09,395.076,8.96769,-0.30556
127,0,0,80,40,53.491,53.491,1,3.10007e-09,533.488,16.1829,0.19117
127,1,0,80,40,45.7512,45.7512,1,2.95972e-09,606.636,11.5341,-0.104314
127,2,0,80,40,37.0395,37.0395,1,2.71837e-09,395.063,8.97104,-0.306339
128,0,0,80,40,53.491,53.491,1,2.99514e-09,539.343,16.1128,0.188902
128,1,0,80,40,45.7512,45.7512,1,3.50781e-09,602.698,11.5371,-0.0997145
128,2,0,80,40,37.0395,37.0395,1,2.03863e-09,394.481,8.96527,-0.305816
129,0,0,80,40,53.491,53.491,1,2.3839e-09,545.941,16.042,0.185551
129,1,0,80,40,45.7512,45.7512,1,3.47831e-09,596.337,11.5627,-0.0907252
129,2,0,80,40,37.0395,37.0395,1,3.84864e-09,393.564,8.95289,-0.30439
130,0,0,80,40,53.491,53.491,1,3.64003e-09,552.623,15.9744,0.181551
130,1,0,80,40,45.7512,45.7512,1,4.23893e-09,588.583,11.4541,-0.0712217
130,2,0,80,40,37.0395,37.0395,1,2.50947e-09,392.506,8.93681,-0.302459
131,0,0,80,40,53.491,53.491,1,6.5545e-09,559.405,15.9145,0.176891
131,1,0,80,40,45.7512,45.7512,1,4.50086e-09,586.142,11.3463,-0.0618477
131,2,0,80,40,37.0395,37.0395,1,4.05686e-09,391.437,8.91946,-0.300347
132,0,0,80,40,53.491,53.491,1,1.94166e-09,566.278,15.8728,0.172102
132,1,0,80,40,45.7512,45.7512,1,6.56621e-09,587.042,11.213,-0.0574584
132,2,0,80,40,37.0395,37.0395,1,3.81419e-09,390.435,8.90269,-0.298289
133,0,0,80,40,53.491,53.491,1,4.24109e-09,572.947,15.8388,0.167757
133,1,0,80,40,45.7512,45.7512,1,6.80382e-09,590.775,11.0763,-0.0582803
133,2,0,80,40,37.0395,37.0395,1,2.82267e-09,389.53,8.88745,-0.296405
134,0,0,80,40,53.491,53.491,1,7.60701e-09,578.967,15.8117,0.164062
134,1,0,80,40,45.7512,45.7512,1,5.58032e-09,595.71,10.9978,-0.063338
134,2,0,80,40,37.0395,37.0395,1,2.15726e-09,388.724,8.87402,-0.294731
135,0,0,80,40,53.491,53.491,1,5.21993e-09,584.401,15.7951,0.160519
135,1,0,80,40,45.7512,45.7512,1,3.91685e-09,597.815,10.9708,-0.0636039
135,2,0,80,40,37.0395,37.0395,1,1.30547e-09,388.012,8.86237,-0.293266
136,0,0,80,40,53.491,53.491,1,4.45465e-09,589.121,15.79,0.157467
136,1,0,80,40,45.7512,45.7512,1,3.30101e-09,600.906,10.9076,-0.0629555
136,2,0,80,40,37.0395,37.0395,1,4.65343e-09,387.38,8.85231,-0.29199
137,0,0,80,40,53.491,53.491,1,2.7859e-09,593.33,15.8089,0.155151
137,1,0,80,40,45.7512,45.7512,1,3.31846e-09,604.475,10.8573,-0.0621268
137,2,0,80,40,37.0395,37.0395,1,1.84031e-09,386.817,8.84363,-0.290881
138,0,0,80,40,53.491,53.491,1,5.97026e-09,597.063,15.851,0.153328
138,1,0,80,40,45.7512,45.7512,1,4.92446e-09,607.253,10.8324,-0.0595179
138,2,0,80,40,37.0395,37.0395,1,1.46213e-09,386.312,8.83614,-0.289913
139,0,0,80,40,53.491,53.491,1,3.03942e-09,600.203,15.9172,0.151387
139,1,0,80,40,45.7512,45.7512,1,6.15137e-09,612.693,10.8356,-0.0650354
139,2,0,80,40,37.0395,37.0395,1,2.2103e-09,385.856,8.82965,-0.289065
140,0,0,80,40,53.491,53.491,1,4.55293e-09,602.745,15.9677,0.150558
140,1,0,80,40,45.7512,45.7512,1,3.02771e-09,619.027,10.8448,-0.0728592
140,2,0,80,40,37.0395,37.0395,1,2.21581e-09,385.445,8.82398,-0.288329
141,0,0,80,40,53.491,53.491,1,2.22087e-09,604.76,16.0067,0.150683
141,1,0,80,40,45.7512,45.7512,1,5.00631e-09,625.931,10.8676,-0.0841666
141,2,0,80,40,37.0395,37.0395,1,4.70561e-09,385.072,8.819,-0.287685
142,0,0,80,40,53.491,53.491,1,2.5758e-09,606.248,16.0251,0.151359
142,1,0,80,40,45.7512,45.7512,1,3.36041e-09,630.159,10.9366,-0.0917344
142,2,0,80,40,37.0395,37.0395,1,1.60873e-09,384.733,8.81455,-0.287122
143,0,0,80,40,53.491,53.491,1,2.71825e-09,607.266,16.0206,0.150176
143,1,0,80,40,45.7512,45.7512,1,7.91476e-09,633.363,10.9924,-0.0954084
143,2,0,80,40,37.0395,37.0395,1,3.12519e-09,384.423,8.81054,-0.286628
144,0,0,80,40,53.491,53.491,1,4.9364e-09,608.018,16.0126,0.146456
144,1,0,80,40,45.7512,45.7512,1,4.62228e-09,637.205,11.0355,-0.101143
144,2,0,80,40,37.0395,37.0395,1,1.57593e-09,384.138,8.80689,-0.286194
145,0,0,80,40,53.491,53.491,1,3.25429e-09,608.476,16.0161,0.142599
145,1,0,80,40,45.7512,45.7512,1,2.92516e-09,640.423,11.0514,-0.105001
145,2,0,80,40,37.0395,37.0395,1,1.46542e-09,383.877,8.80353,-0.285813
146,0,0,80,40,53.491,53.491,1,2.06921e-09,608.457,16.0267,0.140838
146,1,0,80,40,45.7512,45.7512,1,6.05598e-09,642.933,11.0718,-0.10822
146,2,0,80,40,37.0395,37.0395,1,1.82183e-09,383.637,8.8004,-0.285482
147,0,0,80,40,53.491,53.491,1,5.25608e-09,608.075,16.0422,0.140919
147,1,0,80,40,45.7512,45.7512,1,3.68726e-09,644.88,11.0915,-0.110845
147,2,0,80,40,37.0395,37.0395,1,2.1335e-09,383.417,8.79745,-0.285196
148,0,0,80,40,53.491,53.491,1,2.58956e-09,607.426,16.0693,0.143518
148,1,0,80,40,45.7512,45.7512,1,8.234e-09,646.326,11.1104,-0.113019
148,2,0,80,40,37.0395,37.0395,1,1.93438e-09,383.215,8.79464,-0.284951
149,0,0,80,40,53.491,53.491,1,4.44288e-09,606.729,16.0896,0.148166
149,1,0,80,40,45.7512,45.7512,1,3.21984e-09,647.578,11.1247,-0.115199
149,2,0,80,40,37.0395,37.0395,1,2.67983e-09,383.032,8.79193,-0.284742
150,0,0,80,40,53.491,53.491,1,1.19803e-09,605.869,16.1133,0.150847
150,1,0,80,40,45.7512,45.7512,1,5.9606e-09,648.421,11.1304,-0.117248
150,2,0,80,40,37.0395,37.0395,1,4.21454e-09,382.864,8.78928,-0.284566
151,0,0,80,40,53.491,53.491,1,3.08046e-09,604.641,16.1137,0.150384
151,1,0,80,40,45.7512,45.7512,1,3.16197e-09,647.166,11.1312,-0.117345
151,2,0,80,40,37.0395,37.0395,1,3.01111e-09,382.711,8.78668,-0.284418
152,0,0,80,40,53.491,53.491,1,4.97653e-09,603.279,16.1239,0.148598
152,1,0,80,40,45.7512,45.7512,1,3.43357e-09,643.247,11.1356,-0.114375
152,2,0,80,40,37.0395,37.0395,1,4.89871e-09,382.571,8.78412,-0.284292
153,0,0,80,40,53.491,53.491,1,2.29107e-09,601.996,16.1401,0.14668
153,1,0,80,40,45.7512,45.7512,1,2.18074e-09,639.771,11.1234,-0.111967
153,2,0,80,40,37.0395,37.0395,1,2.53613e-09,382.44,8.78159,-0.284183
154,0,0,80,40,53.491,53.491,1,4.72789e-09,600.527,16.162,0.146306
154,1,0,80,40,45.7512,45.7512,1,4.47824e-09,635.972,11.0974,-0.108788
154,2,0,80,40,37.0395,37.0395,1,3.0164e-09,382.319,8.77911,-0.284091
155,0,0,80,40,53.491,53.491,1,2.29761e-09,598.877,16.1898,0.147264
155,1,0,80,40,45.7512,45.7512,1,4.19004e-09,631.075,11.071,-0.105013
155,2,0,80,40,37.0395,37.0395,1,1.46161e-09,382.258,8.77666,-0.284016
156,0,0,80,40,53.491,53.491,1,4.23472e-09,597.191,16.2199,0.148524
156,1,0,80,40,45.7512,45.7512,1,6.13056e-09,626.038,11.0474,-0.101489
156,2,0,80,40,37.0395,37.0395,1,2.04676e-09,382.387,8.77425,-0.283956
157,0,0,80,40,53.491,53.491,1,3.83312e-09,595.331,16.252,0.151429
157,1,0,80,40,45.7512,45.7512,1,3.33512e-09,621.397,11.0274,-0.0986736
157,2,0,80,40,37.0395,37.0395,1,1.88163e-09,382.516,8.77189,-0.283912
158,0,0,80,40,53.491,53.491,1,1.62194e-09,593.38,16.2691,0.154636
158,1,0,80,40,45.7512,45.7512,1,4.99745e-09,617.32,11.0138,-0.0968505
158,2,0,80,40,37.0395,37.0395,1,1.746e-09,382.645,8.76957,-0.283885
159,0,0,80,40,53.491,53.491,1,1.5375e-09,591.466,16.2844,0.156605
159,1,0,80,40,45.7512,45.7512,1,3.37781e-09,613.71,11.0082,-0.0958726
159,2,0,80,40,37.0395,37.0395,1,2.17221e-09,382.774,8.76731,-0.283874
160,0,0,80,40,53.491,53.491,1,5.34794e-09,589.37,16.3051,0.158651
160,1,0,80,40,45.7512,45.7512,1,4.00917e-09,610.619,11.0097,-0.0958016
160,2,0,80,40,37.0395,37.0395,1,2.72718e-09,382.903,8.76512,-0.283879
161,0,0,80,40,53.491,53.491,1,3.48285e-09,587.069,16.3312,0.160686
161,1,0,80,40,45.7512,45.7512,1,3.12116e-09,608.058,11.0135,-0.096425
161,2,0,80,40,37.0395,37.0395,1,2.04687e-09,383.033,8.76302,-0.283899
162,0,0,80,40,53.491,53.491,1,3.07023e-09,584.658,16.3668,0.162567
162,1,0,80,40,45.7512,45.7512,1,2.7901e-09,606.009,11.0163,-0.0973895
162,2,0,80,40,37.0395,37.0395,1,3.40185e-09,383.162,8.76102,-0.283933
163,0,0,80,40,53.491,53.491,1,4.81589e-09,582.168,16.409,0.164495
163,1,0,80,40,45.7512,45.7512,1,3.64196e-09,604.342,11.0163,-0.0982342
163,2,0,80,40,37.0395,37.0395,1,2.84996e-09,383.291,8.75914,-0.283979
164,0,0,80,40,53.491,53.491,1,3.41834e-09,579.604,16.4515,0.166252
164,1,0,80,40,45.7512,45.7512,1,3.08592e-09,602.857,11.0133,-0.0987329
164,2,0,80,40,37.0395,37.0395,1,2.80988e-09,383.42,8.75738,-0.284036
165,0,0,80,40,53.491,53.491,1,2.31921e-09,576.982,16.4955,0.167632
165,1,0,80,40,45.7512,45.7512,1,2.49929e-09,601.348,11.0066,-0.0987486
165,2,0,80,40,37.0395,37.0395,1,2.15289e-09,383.55,8.75575,-0.284105
166,0,0,80,40,53.491,53.491,1,5.65433e-09,574.184,16.5432,0.16839
166,1,0,80,40,45.7512,45.7512,1,5.16036e-09,599.705,10.9958,-0.0982995
166,2,0,80,40,37.0395,37.0395,1,1.43615e-09,383.681,8.75424,-0.284185
167,0,0,80,40,53.491,53.491,1,2.32552e-09,571.417,16.5808,0.168151
167,1,0,80,40,45.7512,45.7512,1,2.41778e-09,597.955,10.9821,-0.0975104
167,2,0,80,40,37.0395,37.0395,1,2.07433e-09,383.812,8.75285,-0.284277
168,0,0,80,40,53.491,53.491,1,3.09262e-09,568.492,16.6153,0.167534
168,1,0,80,40,45.7512,45.7512,1,2.77123e-09,596.147,10.9671,-0.0965508
168,2,0,80,40,37.0395,37.0395,1,2.30898e-09,383.945,8.75157,-0.28438
169,0,0,80,40,53.491,53.491,1,2.94892e-09,565.262,16.6557,0.167152
169,1,0,80,40,45.7512,45.7512,1,5.01086e-09,594.347,10.9524,-0.0956803
169,2,0,80,40,37.0395,37.0395,1,6.21066e-09,384.079,8.75041,-0.284495
170,0,0,80,40,53.491,53.491,1,3.75667e-09,561.709,16.6673,0.163556
170,1,0,80,40,45.7512,45.7512,1,2.30284e-09,592.592,10.9358,-0.0948342
170,2,0,80,40,37.0395,37.0395,1,2.23241e-09,384.216,8.74936,-0.284624
171,0,0,80,40,53.491,53.491,1,2.28317e-09,558.256,16.6487,0.161655
171,1,0,80,40,45.7512,45.7512,1,3.70005e-09,590.881,10.9147,-0.0937448
171,2,0,80,40,37.0395,37.0395,1,1.87248e-09,384.354,8.74841,-0.284766
172,0,0,80,40,53.491,53.491,1,5.05941e-09,554.981,16.6214,0.159313
172,1,0,80,40,45.7512,45.7512,1,3.39458e-09,589.213,10.8825,-0.0920713
172,2,0,80,40,37.0395,37.0395,1,2.08252e-09,384.496,8.74759,-0.284922
173,0,0,80,40,53.491,53.491,1,3.12934e-09,551.545,16.5965,0.156681
173,1,0,80,40,45.7512,45.7512,1,3.51747e-09,587.59,10.8365,-0.0898868
173,2,0,80,40,37.0395,37.0395,1,2.96939e-09,384.64,8.74688,-0.285092
174,0,0,80,40,53.491,53.491,1,5.55644e-09,547.411,16.5895,0.154622
174,1,0,80,40,45.7512,45.7512,1,4.82555e-09,586.016,10.7861,-0.0874127
174,2,0,80,40,37.0395,37.0395,1,5.22789e-09,384.787,8.74629,-0.285277
175,0,0,80,40,53.491,53.491,1,3.06329e-09,542.833,16.5835,0.152428
175,1,0,80,40,45.7512,45.7512,1,3.72211e-09,584.485,10.7377,-0.0846678
175,2,0,80,40,37.0395,37.0395,1,2.40664e-09,384.939,8.74583,-0.285478
176,0,0,80,40,53.491,53.491,1,4.63342e-09,538.181,16.5825,0.149502
176,1,0,80,40,45.7512,45.7512,1,2.72996e-09,582.976,10.6941,-0.0815564
176,2,0,80,40,37.0395,37.0395,1,2.83518e-09,385.096,8.7455,-0.285697
177,0,0,80,40,53.491,53.491,1,2.03556e-09,532.926,16.5989,0.146717
177,1,0,80,40,45.7512,45.7512,1,3.80805e-09,581.446,10.6535,-0.0774386
177,2,0,80,40,37.0395,37.0395,1,1.82479e-09,385.258,8.74531,-0.285934
178,0,0,80,40,53.491,53.491,1,2.56824e-09,526.59,16.649,0.145424
178,1,0,80,40,45.7512,45.7512,1,5.77393e-09,579.887,10.6329,-0.072918
178,2,0,80,40,37.0395,37.0395,1,4.43254e-09,385.427,8.74527,-0.28619
179,0,0,80,40,53.491,53.491,1,3.2208e-09,519.737,16.7346,0.145396
179,1,0,80,40,45.7512,45.7512,1,5.66695e-09,578.322,10.6232,-0.0707791
179,2,0,80,40,37.0395,37.0395,1,3.61274e-09,385.602,8.7454,-0.286469
180,0,0,80,40,53.491,53.491,1,3.35729e-09,512.811,16.8388,0.146446
180,1,0,80,40,45.7512,45.7512,1,4.18606e-09,576.758,10.6117,-0.0690396
180,2,0,80,40,37.0395,37.0395,1,2.28187e-09,385.786,8.74571,-0.28677
181,0,0,80,40,53.491,53.491,1,4.20454e-09,505.613,16.9701,0.149082
181,1,0,80,40,45.7512,45.7512,1,3.23587e-09,575.182,10.5882,-0.0678895
181,2,0,80,40,37.0395,37.0395,1,2.65175e-09,385.978,8.74622,-0.287095
182,0,0,80,40,53.491,53.491,1,4.27804e-09,498.888,17.1018,0.151166
182,1,0,80,40,45.7512,45.7512,1,4.11524e-09,573.611,10.594,-0.0672591
182,2,0,80,40,37.0395,37.0395,1,2.85945e-09,386.182,8.74695,-0.287449
183,0,0,80,40,53.491,53.491,1,3.05818e-09,492.138,17.228,0.153326
183,1,0,80,40,45.7512,45.7512,1,6.45127e-09,572.038,10.6114,-0.0655808
183,2,0,80,40,37.0395,37.0395,1,1.55705e-09,386.398,8.74792,-0.287834
184,0,0,80,40,53.491,53.491,1,6.3668e-09,485.478,17.3706,0.156346
184,1,0,80,40,45.7512,45.7512,1,3.50929e-09,570.484,10.6507,-0.0662115
184,2,0,80,40,37.0395,37.0395,1,5.15013e-09,386.629,8.74916,-0.288255
185,0,0,80,40,53.491,53.491,1,3.86524e-09,479.107,17.4764,0.159729
185,1,0,80,40,45.7512,45.7512,1,5.91194e-09,568.953,10.6874,-0.0689125
185,2,0,80,40,37.0395,37.0395,1,1.48628e-09,386.877,8.75072,-0.288715
186,0,0,80,40,53.491,53.491,1,3.15794e-09,473.696,17.5855,0.162278
186,1,0,80,40,45.7512,45.7512,1,3.66936e-09,567.436,10.7679,-0.0804172
186,2,0,80,40,37.0395,37.0395,1,2.51487e-09,387.144,8.75264,-0.28922
187,0,0,80,40,53.491,53.491,1,4.33766e-09,469.271,17.6604,0.164276
187,1,0,80,40,45.7512,45.7512,1,3.43812e-09,565.966,10.7851,-0.0832032
187,2,0,80,40,37.0395,37.0395,1,2.67943e-09,387.433,8.75496,-0.289776
188,0,0,80,40,53.491,53.491,1,2.16255e-09,466.744,17.7412,0.163002
188,1,0,80,40,45.7512,45.7512,1,6.98162e-09,564.532,10.8043,-0.0828078
188,2,0,80,40,37.0395,37.0395,1,3.6793e-09,387.746,8.75776,-0.290388
189,0,0,80,40,53.491,53.491,1,3.03521e-09,467.33,17.7281,0.15757
189,1,0,80,40,45.7512,45.7512,1,1.77931e-09,563.125,10.8758,-0.0779797
189,2,0,80,40,37.0395,37.0395,1,2.05955e-09,388.085,8.7611,-0.291061
190,0,0,80,40,53.491,53.491,1,3.13537e-09,471.277,17.7334,0.146627
190,1,0,80,40,45.7512,45.7512,1,3.80089e-09,561.782,10.9607,-0.0766654
190,2,0,80,40,37.0395,37.0395,1,3.54891e-09,388.454,8.76506,-0.291802
191,0,0,80,40,53.491,53.491,1,3.08239e-09,478.44,17.7509,0.130842
191,1,0,80,40,45.7512,45.7512,1,6.10703e-09,560.478,11.0554,-0.0779329
191,2,0,80,40,37.0395,37.0395,1,2.17847e-09,388.857,8.76973,-0.292621
192,0,0,80,40,53.491,53.491,1,3.60279e-09,489.607,17.7206,0.111591
192,1,0,80,40,45.7512,45.7512,1,5.15206e-09,559.243,11.1417,-0.0808167
192,2,0,80,40,37.0395,37.0395,1,3.12838e-09,389.298,8.7752,-0.293527
193,0,0,80,40,53.491,53.491,1,2.609e-09,499.933,17.6983,0.098465
193,1,0,80,40,45.7512,45.7512,1,3.45347e-09,558.047,11.2127,-0.0838189
193,2,0,80,40,37.0395,37.0395,1,1.60833e-09,389.782,8.7816,-0.294532
194,0,0,80,40,53.491,53.491,1,4.22085e-09,505.255,17.6991,0.0972641
194,1,0,80,40,45.7512,45.7512,1,2.78033e-09,556.955,11.2691,-0.0862377
194,2,0,80,40,37.0395,37.0395,1,1.59685e-09,390.314,8.78904,-0.295648
195,0,0,80,40,53.491,53.491,1,4.59676e-09,505.389,17.6985,0.107082
195,1,0,80,40,45.7512,45.7512,1,3.65594e-09,555.901,11.3222,-0.0880197
195,2,0,80,40,37.0395,37.0395,1,2.85638e-09,390.901,8.7977,-0.296889
196,0,0,80,40,53.491,53.491,1,5.01234e-09,499.242,17.6689,0.129445
196,1,0,80,40,45.7512,45.7512,1,6.77153e-09,554.949,11.3774,-0.0893522
196,2,0,80,40,37.0395,37.0395,1,2.354e-09,391.548,8.80775,-0.298273
197,0,0,80,40,53.491,53.491,1,5.6956e-09,489.343,17.5586,0.158136
197,1,0,80,40,45.7512,45.7512,1,4.86045e-09,554.068,11.4271,-0.0901451
197,2,0,80,40,37.0395,37.0395,1,1.98042e-09,392.265,8.81938,-0.299821
198,0,0,80,40,53.491,53.491,1,4.24257e-09,484.25,17.3787,0.170912
198,1,0,80,40,45.7512,45.7512,1,1.91011e-09,553.272,11.4707,-0.0904568
198,2,0,80,40,37.0395,37.0395,1,2.36651e-09,393.062,8.83279,-0.301556
199,0,0,80,40,53.491,53.491,1,1.82439e-09,481.625,17.2144,0.177225
199,1,0,80,40,45.7512,45.7512,1,3.60706e-09,552.562,11.5097,-0.0907602
199,2,0,80,40,37.0395,37.0395,1,3.23143e-09,393.951,8.8482,-0.303507
200,0,0,80,40,53.491,53.491,1,4.03008e-09,480.923,17.0665,0.180779
200,1,0,80,40,45.7512,45.7512,1,3.43181e-09,551.946,11.5461,-0.0914947
200,2,0,80,40,37.0395,37.0395,1,1.98003e-09,394.942,8.86575,-0.305696
201,0,0,80,40,53.491,53.491,1,4.11563e-09,481.597,16.9509,0.182745
201,1,0,80,40,45.7512,45.7512,1,4.49847e-09,551.417,11.5833,-0.0926069
201,2,0,80,40,37.0395,37.0395,1,2.42369e-09,396.034,8.88546,-0.308131
202,0,0,80,40,53.491,53.491,1,3.74195e-09,482.696,16.8599,0.184665
202,1,0,80,40,45.7512,45.7512,1,6.43581e-09,551.01,11.6254,-0.0934259
202,2,0,80,40,37.0395,37.0395,1,4.28895e-09,397.215,8.9071,-0.310799
203,0,0,80,40,53.491,53.491,1,2.55039e-09,484.925,16.7925,0.186093
203,1,0,80,40,45.7512,45.7512,1,3.28708e-09,550.706,11.6766,-0.0919018
203,2,0,80,40,37.0395,37.0395,1,3.95204e-09,398.47,8.9301,-0.313688
204,0,0,80,40,53.491,53.491,1,4.311e-09,488.352,16.6752,0.186161
204,1,0,80,40,45.7512,45.7512,1,4.45777e-09,550.536,11.7235,-0.0900046
204,2,0,80,40,37.0395,37.0395,1,2.5363e-09,399.781,8.95356,-0.316778
205,0,0,80,40,53.491,53.491,1,4.25371e-09,491.636,16.553,0.18681
205,1,0,80,40,45.7512,45.7512,1,2.3972e-09,550.496,11.7591,-0.0881851
205,2,0,80,40,37.0395,37.0395,1,2.55818e-09,401.031,8.97578,-0.319926
206,0,0,80,40,53.491,53.491,1,2.6958e-09,493.689,16.4635,0.188416
206,1,0,80,40,45.7512,45.7512,1,2.9903e-09,550.615,11.7945,-0.0858225
206,2,0,80,40,37.0395,37.0395,1,1.87487e-09,401.985,8.99403,-0.322656
207,0,0,80,40,53.491,53.491,1,8.76616e-09,494.936,16.4,0.190631
207,1,0,80,40,45.7512,45.7512,1,6.88976e-09,550.919,11.8293,-0.0832288
207,2,0,80,40,37.0395,37.0395,1,2.64998e-09,402.528,9.00686,-0.324645
208,0,0,80,40,53.491,53.491,1,3.49723e-09,495.772,16.3575,0.193038
208,1,0,80,40,45.7512,45.7512,1,3.75485e-09,551.421,11.8627,-0.0806574
208,2,0,80,40,37.0395,37.0395,1,2.34752e-09,402.561,9.01342,-0.325687
209,0,0,80,40,53.491,53.491,1,5.63182e-09,496.575,16.3321,0.195246
209,1,0,80,40,45.7512,45.7512,1,7.4391e-09,552.159,11.8971,-0.0783849
209,2,0,80,40,37.0395,37.0395,1,1.44394e-09,401.986,9.01173,-0.325476
210,0,0,80,40,53.491,53.491,1,4.1282e-09,498.07,16.321,0.196304
210,1,0,80,40,45.7512,45.7512,1,5.08032e-09,553.166,11.9333,-0.0766553
210,2,0,80,40,37.0395,37.0395,1,3.03442e-09,400.901,9.00116,-0.324006
211,0,0,80,40,53.491,53.491,1,1.67677e-09,501.12,16.3131,0.195284
211,1,0,80,40,45.7512,45.7512,1,4.41014e-09,554.469,11.9722,-0.0758357
211,2,0,80,40,37.0395,37.0395,1,2.54357e-09,399.545,8.98393,-0.321666
212,0,0,80,40,53.491,53.491,1,2.55096e-09,506.113,16.2818,0.192422
212,1,0,80,40,45.7512,45.7512,1,8.13498e-09,556.163,12.0146,-0.0759555
212,2,0,80,40,37.0395,37.0395,1,4.05515e-09,398.139,8.96364,-0.318968
213,0,0,80,40,53.491,53.491,1,2.70717e-09,511.829,16.2297,0.188996
213,1,0,80,40,45.7512,45.7512,1,3.49303e-09,558.317,12.0601,-0.0772948
213,2,0,80,40,37.0395,37.0395,1,1.79182e-09,396.803,8.94315,-0.316274
214,0,0,80,40,53.491,53.491,1,6.35174e-09,516.603,16.1821,0.187148
214,1,0,80,40,45.7512,45.7512,1,3.74104e-09,561.013,12.1061,-0.0797706
214,2,0,80,40,37.0395,37.0395,1,3.92384e-09,395.58,8.92388,-0.313752
215,0,0,80,40,53.491,53.491,1,4.79884e-09,520.198,16.1406,0.18674
215,1,0,80,40,45.7512,45.7512,1,3.46301e-09,564.369,12.1487,-0.083461
215,2,0,80,40,37.0395,37.0395,1,2.70427e-09,394.477,8.90629,-0.311457
216,0,0,80,40,53.491,53.491,1,5.66246e-09,523.839,16.1092,0.186715
216,1,0,80,40,45.7512,45.7512,1,7.97763e-09,568.494,12.1828,-0.088408
216,2,0,80,40,37.0395,37.0395,1,1.64255e-09,393.488,8.89044,-0.30939
217,0,0,80,40,53.491,53.491,1,4.50382e-09,529.45,16.0571,0.184513
217,1,0,80,40,45.7512,45.7512,1,5.54451e-09,573.391,12.2031,-0.0944608
217,2,0,80,40,37.0395,37.0395,1,2.08121e-09,392.6,8.8762,-0.307536
218,0,0,80,40,53.491,53.491,1,5.87113e-09,535.57,15.9955,0.181301
218,1,0,80,40,45.7512,45.7512,1,4.3612e-09,578.846,12.2059,-0.100937
218,2,0,80,40,37.0395,37.0395,1,4.40531e-09,391.8,8.8634,-0.305871
219,0,0,80,40,53.491,53.491,1,2.0172e-09,541.844,15.93,0.178277
219,1,0,80,40,45.7512,45.7512,1,6.01949e-09,584.541,12.1905,-0.107046
219,2,0,80,40,37.0395,37.0395,1,3.93993e-09,391.077,8.85188,-0.304375
220,0,0,80,40,53.491,53.491,1,5.47857e-09,548.423,15.8656,0.175004
220,1,0,80,40,45.7512,45.7512,1,4.63444e-09,590.162,12.158,-0.112406
220,2,0,80,40,37.0395,37.0395,1,2.02351e-09,390.421,8.84148,-0.303027
221,0,0,80,40,53.491,53.491,1,3.92538e-09,555.42,15.8066,0.171396
221,1,0,80,40,45.7512,45.7512,1,3.93356e-09,595.429,12.11,-0.116699
221,2,0,80,40,37.0395,37.0395,1,2.71649e-09,389.823,8.83206,-0.301811
222,0,0,80,40,53.491,53.491,1,2.88878e-09,562.792,15.7504,0.167801
222,1,0,80,40,45.7512,45.7512,1,1.93063e-09,600.192,12.0484,-0.119783
222,2,0,80,40,37.0395,37.0395,1,2.04295e-09,389.276,8.82348,-0.30071
223,0,0,80,40,53.491,53.491,1,4.42321e-09,570.095,15.7,0.16421
223,1,0,80,40,45.7512,45.7512,1,7.82381e-09,604.417,11.9746,-0.121663
223,2,0,80,40,37.0395,37.0395,1,3.7017e-09,388.775,8.81565,-0.299713
224,0,0,80,40,53.491,53.491,1,3.15157e-09,576.952,15.6607,0.16102
224,1,0,80,40,45.7512,45.7512,1,4.71471e-09,608.123,11.89,-0.122489
224,2,0,80,40,37.0395,37.0395,1,2.78703e-09,388.314,8.80846,-0.298807
225,0,0,80,40,53.491,53.491,1,6.57406e-09,583.177,15.6345,0.158185
225,1,0,80,40,45.7512,45.7512,1,2.06023e-09,611.423,11.7973,-0.12246
225,2,0,80,40,37.0395,37.0395,1,2.89202e-09,387.888,8.80183,-0.297982
226,0,0,80,40,53.491,53.491,1,3.31443e-09,588.625,15.6199,0.156
226,1,0,80,40,45.7512,45.7512,1,3.48314e-09,614.292,11.6992,-0.121764
226,2,0,80,40,37.0395,37.0395,1,5.0992e-09,387.494,8.79569,-0.297231
227,0,0,80,40,53.491,53.491,1,2.73963e-09,593.291,15.6166,0.154474
227,1,0,80,40,45.7512,45.7512,1,4.40082e-09,616.887,11.5984,-0.120553
227,2,0,80,40,37.0395,37.0395,1,3.2461e-09,387.128,8.78998,-0.296545
228,0,0,80,40,53.491,53.491,1,4.30634e-09,597.382,15.624,0.153297
228,1,0,80,40,45.7512,45.7512,1,3.70926e-09,619.243,11.4969,-0.118968
228,2,0,80,40,37.0395,37.0395,1,3.13366e-09,386.787,8.78465,-0.295919
229,0,0,80,40,53.491,53.491,1,7.35656e-09,600.982,15.6496,0.151959
229,1,0,80,40,45.7512,45.7512,1,6.18456e-09,621.456,11.3969,-0.117186
229,2,0,80,40,37.0395,37.0395,1,1.53773e-09,386.469,8.77966,-0.295346
230,0,0,80,40,53.491,53.491,1,3.52225e-09,604.003,15.6779,0.151549
230,1,0,80,40,45.7512,45.7512,1,3.33171e-09,623.618,11.301,-0.115402
230,2,0,80,40,37.0395,37.0395,1,2.72377e-09,386.171,8.77495,-0.294822
231,0,0,80,40,53.491,53.491,1,3.01634e-09,606.428,15.7073,0.152691
231,1,0,80,40,45.7512,45.7512,1,3.83227e-09,625.655,11.2113,-0.113864
231,2,0,80,40,37.0395,37.0395,1,3.08938e-09,385.893,8.7705,-0.294342
232,0,0,80,40,53.491,53.491,1,2.85797e-09,608.311,15.7359,0.151864
232,1,0,80,40,45.7512,45.7512,1,4.45823e-09,627.812,11.128,-0.112806
232,2,0,80,40,37.0395,37.0395,1,2.83416e-09,385.631,8.76627,-0.293905
233,0,0,80,40,53.491,53.491,1,2.16562e-09,609.622,15.7768,0.153558
233,1,0,80,40,45.7512,45.7512,1,4.566e-09,628.581,11.0557,-0.11154
233,2,0,80,40,37.0395,37.0395,1,3.39088e-09,385.387,8.76223,-0.293507
234,0,0,80,40,53.491,53.491,1,3.90392e-09,610.436,15.8017,0.156916
234,1,0,80,40,45.7512,45.7512,1,3.9505e-09,628.001,11.001,-0.109927
234,2,0,80,40,37.0395,37.0395,1,1.22759e-09,385.158,8.75835,-0.293147
235,0,0,80,40,53.491,53.491,1,6.97958e-09,610.965,15.8016,0.158613
235,1,0,80,40,45.7512,45.7512,1,4.10171e-09,626.241,10.9441,-0.10799
235,2,0,80,40,37.0395,37.0395,1,1.93094e-09,385.13,8.75462,-0.292825
236,0,0,80,40,53.491,53.491,1,6.06906e-09,611.233,15.7955,0.15873
236,1,0,80,40,45.7512,45.7512,1,4.58783e-09,622.825,10.8831,-0.102394
236,2,0,80,40,37.0395,37.0395,1,3.65731e-09,385.25,8.751,-0.292537
237,0,0,80,40,53.491,53.491,1,3.18084e-09,611.081,15.7935,0.158687
237,1,0,80,40,45.7512,45.7512,1,3.43579e-09,620.595,10.8599,-0.0943585
237,2,0,80,40,37.0395,37.0395,1,3.19073e-09,385.373,8.74746,-0.292281
238,0,0,80,40,53.491,53.491,1,4.01667e-09,610.543,15.7993,0.158934
238,1,0,80,40,45.7512,45.7512,1,4.32874e-09,620.566,10.8768,-0.0900318
238,2,0,80,40,37.0395,37.0395,1,2.54693e-09,385.501,8.74401,-0.292058
239,0,0,80,40,53.491,53.491,1,1.834e-09,609.768,15.8049,0.15933
239,1,0,80,40,45.7512,45.7512,1,4.06391e-09,622.632,10.8999,-0.0903128
239,2,0,80,40,37.0395,37.0395,1,2.23071e-09,385.632,8.74064,-0.291865
240,0,0,80,40,53.491,53.491,1,2.70893e-09,608.839,15.8036,0.159549
240,1,0,80,40,45.7512,45.7512,1,3.65981e-09,625.232,10.9198,-0.0924611
240,2,0,80,40,37.0395,37.0395,1,1.17149e-09,385.768,8.73733,-0.291701
241,0,0,80,40,53.491,53.491,1,2.4761e-09,607.746,15.7894,0.159997
241,1,0,80,40,45.7512,45.7512,1,3.97449e-09,627.367,10.9205,-0.0941299
241,2,0,80,40,37.0395,37.0395,1,3.23212e-09,385.907,8.73409,-0.291564
242,0,0,80,40,53.491,53.491,1,3.38946e-09,606.503,15.7739,0.160129
242,1,0,80,40,45.7512,45.7512,1,4.37296e-09,629.184,10.9119,-0.0952093
242,2,0,80,40,37.0395,37.0395,1,2.79545e-09,386.051,8.7309,-0.291454
243,0,0,80,40,53.491,53.491,1,1.9437e-09,605.183,15.7632,0.158996
243,1,0,80,40,45.7512,45.7512,1,4.5149e-09,630.636,10.9056,-0.0958742
243,2,0,80,40,37.0395,37.0395,1,3.20182e-09,386.2,8.72776,-0.29137
244,0,0,80,40,53.491,53.491,1,3.72029e-09,603.657,15.7536,0.156675
244,1,0,80,40,45.7512,45.7512,1,3.61013e-09,631.858,10.9035,-0.0963546
244,2,0,80,40,37.0395,37.0395,1,1.69649e-09,386.353,8.72467,-0.291313
245,0,0,80,40,53.491,53.491,1,3.05238e-09,601.872,15.7543,0.153731
245,1,0,80,40,45.7512,45.7512,1,6.13102e-09,632.886,10.9051,-0.0967474
245,2,0,80,40,37.0395,37.0395,1,2.26106e-09,386.512,8.72162,-0.291283
246,0,0,80,40,53.491,53.491,1,3.05874e-09,600.144,15.7659,0.149405
246,1,0,80,40,45.7512,45.7512,1,3.42038e-09,633.913,10.9098,-0.0971626
246,2,0,80,40,37.0395,37.0395,1,3.67078e-09,386.677,8.71861,-0.291279
247,0,0,80,40,53.491,53.491,1,3.62456e-09,598.462,15.7978,0.143162
247,1,0,80,40,45.7512,45.7512,1,7.12726e-09,634.943,10.9172,-0.0977126
247,2,0,80,40,37.0395,37.0395,1,2.21723e-09,386.847,8.71565,-0.291301
248,0,0,80,40,53.491,53.491,1,2.37287e-09,596.529,15.8641,0.13704
248,1,0,80,40,45.7512,45.7512,1,3.78304e-09,636.116,10.9274,-0.0985008
248,2,0,80,40,37.0395,37.0395,1,4.27525e-09,387.024,8.71274,-0.291349
249,0,0,80,40,53.491,53.491,1,2.4682e-09,594.35,15.9322,0.131401
249,1,0,80,40,45.7512,45.7512,1,7.4665e-09,637.446,10.9395,-0.0995586
249,2,0,80,40,37.0395,37.0395,1,2.57239e-09,387.206,8.70988,-0.291423
250,0,0,80,40,53.491,53.491,1,4.68958e-09,592.114,16.011,0.130045
250,1,0,80,40,45.7512,45.7512,1,6.95263e-09,638.734,10.9534,-0.100796
250,2,0,80,40,37.0395,37.0395,1,3.5659e-09,387.394,8.70708,-0.291522
251,0,0,80,40,53.491,53.491,1,2.80738e-09,589.722,16.0999,0.133996
251,1,0,80,40,45.7512,45.7512,1,3.90389e-09,640.05,10.9671,-0.101991
251,2,0,80,40,37.0395,37.0395,1,1.21025e-09,387.588,8.70435,-0.291646
252,0,0,80,40,53.491,53.491,1,4.74188e-09,587.216,16.1799,0.138227
252,1,0,80,40,45.7512,45.7512,1,4.0676e-09,641.141,10.9768,-0.102905
252,2,0,80,40,37.0395,37.0395,1,2.08877e-09,387.788,8.70171,-0.291797
253,0,0,80,40,53.491,53.491,1,4.52007e-09,584.567,16.2518,0.141873
253,1,0,80,40,45.7512,45.7512,1,4.75745e-09,642.062,10.9803,-0.103576
253,2,0,80,40,37.0395,37.0395,1,1.88919e-09,387.995,8.69919,-0.291973
254,0,0,80,40,53.491,53.491,1,3.00452e-09,581.8,16.3071,0.144241
254,1,0,80,40,45.7512,45.7512,1,5.12091e-09,642.807,10.9799,-0.104089
254,2,0,80,40,37.0395,37.0395,1,3.05016e-09,388.207,8.69681,-0.292173
255,0,0,80,40,53.491,53.491,1,4.91764e-09,579.02,16.3419,0.145263
255,1,0,80,40,45.7512,45.7512,1,4.50905e-09,643.172,10.9791,-0.104413
255,2,0,80,40,37.0395,37.0395,1,1.59991e-09,388.424,8.69459,-0.292398
256,0,0,80,40,53.491,53.491,1,7.33246e-09,576.302,16.3602,0.145659
256,1,0,80,40,45.7512,45.7512,1,3.4031e-09,642.644,10.9744,-0.104046
256,2,0,80,40,37.0395,37.0395,1,3.7669e-09,388.647,8.69257,-0.292647
257,0,0,80,40,53.491,53.491,1,2.16187e-09,573.542,16.3753,0.146483
257,1,0,80,40,45.7512,45.7512,1,7.31643e-09,641.456,10.9614,-0.103314
257,2,0,80,40,37.0395,37.0395,1,2.74872e-09,388.875,8.69078,-0.292921
258,0,0,80,40,53.491,53.491,1,4.47051e-09,570.664,16.3879,0.148207
258,1,0,80,40,45.7512,45.7512,1,3.92879e-09,639.243,10.9451,-0.10178
258,2,0,80,40,37.0395,37.0395,1,4.33124e-09,389.108,8.68927,-0.293216
259,0,0,80,40,53.491,53.491,1,2.96052e-09,567.721,16.3933,0.15052
259,1,0,80,40,45.7512,45.7512,1,7.96751e-09,636.285,10.929,-0.0993619
259,2,0,80,40,37.0395,37.0395,1,4.16202e-09,389.344,8.68809,-0.293532
260,0,0,80,40,53.491,53.491,1,2.41715e-09,564.75,16.3803,0.152521
260,1,0,80,40,45.7512,45.7512,1,3.18028e-09,632.847,10.9135,-0.0965576
260,2,0,80,40,37.0395,37.0395,1,1.72486e-09,389.584,8.68728,-0.293866
261,0,0,80,40,53.491,53.491,1,2.17545e-09,561.708,16.3682,0.15446
261,1,0,80,40,45.7512,45.7512,1,3.69198e-09,628.621,10.8993,-0.0936903
261,2,0,80,40,37.0395,37.0395,1,2.80198e-09,389.827,8.68686,-0.294223
262,0,0,80,40,53.491,53.491,1,2.7166e-09,558.624,16.3388,0.156405
262,1,0,80,40,45.7512,45.7512,1,2.85263e-09,624.02,10.8891,-0.0909382
262,2,0,80,40,37.0395,37.0395,1,2.69984e-09,390.075,8.68686,-0.294604
263,0,0,80,40,53.491,53.491,1,3.85148e-09,555.439,16.2962,0.155895
263,1,0,80,40,45.7512,45.7512,1,5.73709e-09,619.446,10.8832,-0.0887993
263,2,0,80,40,37.0395,37.0395,1,3.73984e-09,390.327,8.68731,-0.295011
264,0,0,80,40,53.491,53.491,1,5.61022e-09,552.397,16.2387,0.154096
264,1,0,80,40,45.7512,45.7512,1,5.04076e-09,615.385,10.8825,-0.087904
264,2,0,80,40,37.0395,37.0395,1,3.06193e-09,390.585,8.68826,-0.295448
265,0,0,80,40,53.491,53.491,1,1.08521e-08,549.287,16.1892,0.151358
265,1,0,80,40,45.7512,45.7512,1,5.9008e-09,611.875,10.8891,-0.0882785
265,2,0,80,40,37.0395,37.0395,1,2.65482e-09,390.849,8.68974,-0.295916
266,0,0,80,40,53.491,53.491,1,3.21069e-09,546.078,16.1532,0.147355
266,1,0,80,40,45.7512,45.7512,1,1.77772e-09,608.815,10.9032,-0.0895332
266,2,0,80,40,37.0395,37.0395,1,2.50571e-09,391.119,8.69181,-0.296418
267,0,0,80,40,53.491,53.491,1,2.54335e-09,542.775,16.1319,0.142608
267,1,0,80,40,45.7512,45.7512,1,7.97252e-09,606.211,10.9219,-0.0913624
267,2,0,80,40,37.0395,37.0395,1,3.40077e-09,391.396,8.6945,-0.296955
268,0,0,80,40,53.491,53.491,1,5.20339e-09,538.595,16.1339,0.139058
268,1,0,80,40,45.7512,45.7512,1,5.03246e-09,604.067,10.94,-0.0935138
268,2,0,80,40,37.0395,37.0395,1,5.46817e-09,391.682,8.69787,-0.297531
269,0,0,80,40,53.491,53.491,1,2.92437e-09,534.114,16.1477,0.136668
269,1,0,80,40,45.7512,45.7512,1,4.98994e-09,602.333,10.9525,-0.0955754
269,2,0,80,40,37.0395,37.0395,1,2.72343e-09,391.978,8.70197,-0.29815
270,0,0,80,40,53.491,53.491,1,2.08706e-09,529.24,16.1796,0.136604
270,1,0,80,40,45.7512,45.7512,1,3.21347e-09,600.854,10.9571,-0.0968135
270,2,0,80,40,37.0395,37.0395,1,3.97864e-09,392.285,8.70686,-0.298816
271,0,0,80,40,53.491,53.491,1,5.62795e-09,524.431,16.2329,0.138469
271,1,0,80,40,45.7512,45.7512,1,5.31304e-09,599.403,10.9537,-0.0967398
271,2,0,80,40,37.0395,37.0395,1,3.38548e-09,392.606,8.7126,-0.299533
272,0,0,80,40,53.491,53.491,1,3.29572e-09,518.712,16.3102,0.140378
272,1,0,80,40,45.7512,45.7512,1,5.80667e-09,597.805,10.943,-0.0954871
272,2,0,80,40,37.0395,37.0395,1,2.14078e-09,392.941,8.71927,-0.300307
273,0,0,80,40,53.491,53.491,1,3.41521e-09,510.958,16.4111,0.14644
273,1,0,80,40,45.7512,45.7512,1,4.31157e-09,596.05,10.9269,-0.093427
273,2,0,80,40,37.0395,37.0395,1,2.68227e-09,393.293,8.72696,-0.301143
274,0,0,80,40,53.491,53.491,1,4.43458e-09,503.074,16.5085,0.152574
274,1,0,80,40,45.7512,45.7512,1,3.31318e-09,594.208,10.9092,-0.0909575
274,2,0,80,40,37.0395,37.0395,1,3.30402e-09,393.666,8.73577,-0.302051
275,0,0,80,40,53.491,53.491,1,5.35636e-09,496.873,16.6036,0.155441
275,1,0,80,40,45.7512,45.7512,1,4.48517e-09,592.348,10.8945,-0.0885733
275,2,0,80,40,37.0395,37.0395,1,1.20809e-09,394.064,8.74582,-0.303041
276,0,0,80,40,53.491,53.491,1,4.51149e-09,491.105,16.6393,0.158943
276,1,0,80,40,45.7512,45.7512,1,1.71423e-09,590.523,10.8835,-0.0865273
276,2,0,80,40,37.0395,37.0395,1,3.78702e-09,394.493,8.75723,-0.304127
277,0,0,80,40,53.491,53.491,1,5.3376e-09,486.019,16.6802,0.160527
277,1,0,80,40,45.7512,45.7512,1,6.33827e-09,588.762,10.8742,-0.0848977
277,2,0,80,40,37.0395,37.0395,1,4.60386e-09,394.961,8.77011,-0.305327
278,0,0,80,40,53.491,53.491,1,2.75014e-09,486.065,16.7409,0.152606
278,1,0,80,40,45.7512,45.7512,1,2.57501e-09,587.076,10.8617,-0.0836031
278,2,0,80,40,37.0395,37.0395,1,1.584e-09,395.476,8.78456,-0.306656
279,0,0,80,40,53.491,53.491,1,3.11388e-09,489.753,16.7451,0.143233
279,1,0,80,40,45.7512,45.7512,1,4.52917e-09,585.466,10.8419,-0.0825827
279,2,0,80,40,37.0395,37.0395,1,2.05097e-09,396.044,8.80065,-0.308128
280,0,0,80,40,53.491,53.491,1,6.19207e-09,494.664,16.7504,0.134291
280,1,0,80,40,45.7512,45.7512,1,4.09739e-09,583.937,10.8181,-0.0820612
280,2,0,80,40,37.0395,37.0395,1,2.99116e-09,396.667,8.81842,-0.30975
281,0,0,80,40,53.491,53.491,1,5.49238e-09,499.69,16.7674,0.126479
281,1,0,80,40,45.7512,45.7512,1,2.87719e-09,582.473,10.7948,-0.0821753
281,2,0,80,40,37.0395,37.0395,1,1.37652e-09,397.355,8.83794,-0.311533
282,0,0,80,40,53.491,53.491,1,5.42661e-09,503.673,16.7983,0.122383
282,1,0,80,40,45.7512,45.7512,1,3.11991e-09,581.041,10.7768,-0.0829495
282,2,0,80,40,37.0395,37.0395,1,2.76543e-09,398.127,8.8594,-0.313508
283,0,0,80,40,53.491,53.491,1,2.54153e-09,503.736,16.8362,0.126724
283,1,0,80,40,45.7512,45.7512,1,2.22263e-09,579.612,10.7698,-0.0832475
283,2,0,80,40,37.0395,37.0395,1,2.26925e-09,399.034,8.88322,-0.315751
284,0,0,80,40,53.491,53.491,1,3.85995e-09,502.051,16.9167,0.131009
284,1,0,80,40,45.7512,45.7512,1,4.28088e-09,578.173,10.7671,-0.0825613
284,2,0,80,40,37.0395,37.0395,1,3.40856e-09,400.151,8.9099,-0.318409
285,0,0,80,40,53.491,53.491,1,3.6303e-09,498.658,17.0061,0.137096
285,1,0,80,40,45.7512,45.7512,1,3.68482e-09,576.71,10.7605,-0.0810817
285,2,0,80,40,37.0395,37.0395,1,2.95756e-09,401.503,8.93934,-0.321579
286,0,0,80,40,53.491,53.491,1,3.12014e-09,494.467,17.0512,0.145466
286,1,0,80,40,45.7512,45.7512,1,2.99104e-09,575.242,10.7529,-0.0772655
286,2,0,80,40,37.0395,37.0395,1,4.82044e-09,403.003,8.96984,-0.325284
287,0,0,80,40,53.491,53.491,1,6.6662e-09,490.873,17.0237,0.154636
287,1,0,80,40,45.7512,45.7512,1,4.69333e-09,573.766,10.7308,-0.0675945
287,2,0,80,40,37.0395,37.0395,1,2.35326e-09,404.504,8.99755,-0.329121
288,0,0,80,40,53.491,53.491,1,4.15116e-09,488.503,16.9251,0.162724
288,1,0,80,40,45.7512,45.7512,1,9.28378e-09,572.309,10.7598,-0.062741
288,2,0,80,40,37.0395,37.0395,1,2.96257e-09,405.636,9.01828,-0.332448
289,0,0,80,40,53.491,53.491,1,5.42923e-09,487.418,16.814,0.168505
289,1,0,80,40,45.7512,45.7512,1,2.12776e-09,570.892,10.8034,-0.0620432
289,2,0,80,40,37.0395,37.0395,1,2.12174e-09,405.866,9.02583,-0.334059
290,0,0,80,40,53.491,53.491,1,2.288e-09,487.525,16.7151,0.172316
290,1,0,80,40,45.7512,45.7512,1,5.99027e-09,569.469,10.8485,-0.0618356
290,2,0,80,40,37.0395,37.0395,1,1.95706e-09,405.058,9.02063,-0.333498
291,0,0,80,40,53.491,53.491,1,2.72752e-09,488.35,16.6314,0.17507
291,1,0,80,40,45.7512,45.7512,1,4.74472e-09,568.074,10.9198,-0.0613508
291,2,0,80,40,37.0395,37.0395,1,1.91693e-09,403.537,9.00523,-0.331261
292,0,0,80,40,53.491,53.491,1,4.01923e-09,490.079,16.5519,0.177076
292,1,0,80,40,45.7512,45.7512,1,2.28738e-09,566.683,10.9486,-0.0566534
292,2,0,80,40,37.0395,37.0395,1,2.17864e-09,401.727,8.98313,-0.328058
293,0,0,80,40,53.491,53.491,1,3.43169e-09,492.192,16.4973,0.178461
293,1,0,80,40,45.7512,45.7512,1,3.85171e-09,565.302,10.9485,-0.059102
293,2,0,80,40,37.0395,37.0395,1,2.34292e-09,399.96,8.95917,-0.324646
294,0,0,80,40,53.491,53.491,1,4.81873e-09,494.713,16.4599,0.179139
294,1,0,80,40,45.7512,45.7512,1,2.27976e-09,563.969,10.9833,-0.0593582
294,2,0,80,40,37.0395,37.0395,1,3.26793e-09,398.359,8.93654,-0.321439
295,0,0,80,40,53.491,53.491,1,2.2676e-09,497.291,16.4222,0.17929
295,1,0,80,40,45.7512,45.7512,1,3.7686e-09,562.64,11.0166,-0.0587107
295,2,0,80,40,37.0395,37.0395,1,2.64708e-09,396.944,8.91633,-0.318571
296,0,0,80,40,53.491,53.491,1,3.48604e-09,499.656,16.3793,0.179576
296,1,0,80,40,45.7512,45.7512,1,3.71756e-09,561.368,11.0417,-0.0585254
296,2,0,80,40,37.0395,37.0395,1,1.47236e-09,395.698,8.89856,-0.316046
297,0,0,80,40,53.491,53.491,1,3.68271e-09,501.72,16.3374,0.180154
297,1,0,80,40,45.7512,45.7512,1,5.24585e-09,560.132,11.0943,-0.0645575
297,2,0,80,40,37.0395,37.0395,1,4.05151e-09,394.598,8.88292,-0.313828
298,0,0,80,40,53.491,53.491,1,4.40821e-09,503.604,16.2959,0.180877
298,1,0,80,40,45.7512,45.7512,1,3.50576e-09,558.954,11.1518,-0.0700992
298,2,0,80,40,37.0395,37.0395,1,1.97349e-09,393.623,8.86905,-0.311873
299,0,0,80,40,53.491,53.491,1,4.19271e-09,505.588,16.2488,0.181545
299,1,0,80,40,45.7512,45.7512,1,6.83929e-09,557.815,11.2099,-0.0745159
299,2,0,80,40,37.0395,37.0395,1,3.06932e-09,392.752,8.85665,-0.310142
300,0,0,80,40,53.491,53.491,1,3.48439e-09,507.731,16.2044,0.181942
300,1,0,80,40,45.7512,45.7512,1,4.90036e-09,556.765,11.2644,-0.078202
300,2,0,80,40,37.0395,37.0395,1,1.89942e-09,391.971,8.84545,-0.308601
301,0,0,80,40,53.491,53.491,1,4.03037e-09,509.794,16.1728,0.182435
301,1,0,80,40,45.7512,45.7512,1,4.27997e-09,555.769,11.3172,-0.0809707
301,2,0,80,40,37.0395,37.0395,1,2.42369e-09,391.265,8.83524,-0.307225
302,0,0,80,40,53.491,53.491,1,3.51133e-09,511.755,16.1605,0.183112
302,1,0,80,40,45.7512,45.7512,1,5.70867e-09,554.863,11.3688,-0.0834538
302,2,0,80,40,37.0395,37.0395,1,2.21553e-09,390.624,8.82583,-0.305988
303,0,0,80,40,53.491,53.491,1,5.1179e-09,513.206,16.1727,0.183882
303,1,0,80,40,45.7512,45.7512,1,1.80393e-09,554.049,11.4242,-0.0856848
303,2,0,80,40,37.0395,37.0395,1,3.22063e-09,390.04,8.81708,-0.304874
304,0,0,80,40,53.491,53.491,1,4.3554e-09,514.292,16.1833,0.185134
304,1,0,80,40,45.7512,45.7512,1,7.22684e-09,553.316,11.4731,-0.0877258
304,2,0,80,40,37.0395,37.0395,1,3.23405e-09,389.508,8.80887,-0.303867
305,0,0,80,40,53.491,53.491,1,1.60554e-09,516.828,16.169,0.185879
305,1,0,80,40,45.7512,45.7512,1,3.42163e-09,552.683,11.5164,-0.0893804
305,2,0,80,40,37.0395,37.0395,1,3.24388e-09,389.021,8.8011,-0.302956
306,0,0,80,40,53.491,53.491,1,4.26451e-09,520.05,16.176,0.185751
306,1,0,80,40,45.7512,45.7512,1,6.06008e-09,552.149,11.5582,-0.0906493
306,2,0,80,40,37.0395,37.0395,1,3.89616e-09,388.577,8.79366,-0.302135
307,0,0,80,40,53.491,53.491,1,4.58476e-09,525.216,16.1439,0.18365
307,1,0,80,40,45.7512,45.7512,1,4.31612e-09,551.715,11.5959,-0.0915339
307,2,0,80,40,37.0395,37.0395,1,3.0617e-09,388.173,8.7865,-0.301393
308,0,0,80,40,53.491,53.491,1,3.4828e-09,532.004,16.0681,0.179869
308,1,0,80,40,45.7512,45.7512,1,3.43653e-09,551.413,11.6308,-0.0920913
308,2,0,80,40,37.0395,37.0395,1,9.17794e-10,387.804,8.77953,-0.300724
309,0,0,80,40,53.491,53.491,1,2.36611e-09,539.071,15.9917,0.175602
309,1,0,80,40,45.7512,45.7512,1,4.51269e-09,551.22,11.6673,-0.0917064
309,2,0,80,40,37.0395,37.0395,1,2.7797e-09,387.469,8.77273,-0.300118
310,0,0,80,40,53.491,53.491,1,3.08592e-09,546.441,15.8981,0.171247
310,1,0,80,40,45.7512,45.7512,1,5.26734e-09,551.163,11.7002,-0.0904077
310,2,0,80,40,37.0395,37.0395,1,2.22741e-09,387.162,8.76603,-0.29957
311,0,0,80,40,53.491,53.491,1,5.74175e-09,554.016,15.8101,0.166851
311,1,0,80,40,45.7512,45.7512,1,4.53855e-09,551.244,11.7294,-0.0887678
311,2,0,80,40,37.0395,37.0395,1,2.97547e-09,386.881,8.75944,-0.299067
312,0,0,80,40,53.491,53.491,1,2.8997e-09,562.148,15.7356,0.162413
312,1,0,80,40,45.7512,45.7512,1,2.76646e-09,551.475,11.7592,-0.0859581
312,2,0,80,40,37.0395,37.0395,1,3.24593e-09,386.82,8.75294,-0.298603
313,0,0,80,40,53.491,53.491,1,3.93266e-09,570.185,15.6729,0.158219
313,1,0,80,40,45.7512,45.7512,1,6.22492e-09,551.893,11.7893,-0.0826555
313,2,0,80,40,37.0395,37.0395,1,4.54253e-09,386.958,8.74655,-0.298169
314,0,0,80,40,53.491,53.491,1,3.21677e-09,577.618,15.6203,0.154658
314,1,0,80,40,45.7512,45.7512,1,5.54326e-09,552.508,11.8218,-0.0795766
314,2,0,80,40,37.0395,37.0395,1,2.96336e-09,387.096,8.74026,-0.297766
315,0,0,80,40,53.491,53.491,1,3.47808e-09,584.381,15.5792,0.151465
315,1,0,80,40,45.7512,45.7512,1,3.23746e-09,553.369,11.8583,-0.0771351
315,2,0,80,40,37.0395,37.0395,1,3.25446e-09,387.234,8.73407,-0.297393
316,0,0,80,40,53.491,53.491,1,4.87103e-09,590.338,15.5499,0.148979
316,1,0,80,40,45.7512,45.7512,1,9.86381e-09,554.512,11.8981,-0.0754425
316,2,0,80,40,37.0395,37.0395,1,3.38559e-09,387.372,8.72799,-0.297048
317,0,0,80,40,53.491,53.491,1,2.8337e-09,595.436,15.5351,0.146754
317,1,0,80,40,45.7512,45.7512,1,6.25323e-09,555.996,11.941,-0.0746969
317,2,0,80,40,37.0395,37.0395,1,3.96727e-09,387.511,8.72202,-0.296729
318,0,0,80,40,53.491,53.491,1,3.75837e-09,599.783,15.5281,0.145586
318,1,0,80,40,45.7512,45.7512,1,3.33262e-09,557.924,11.9863,-0.0751594
318,2,0,80,40,37.0395,37.0395,1,2.73985e-09,387.649,8.71616,-0.296435
319,0,0,80,40,53.491,53.491,1,2.31546e-09,603.468,15.54,0.144758
319,1,0,80,40,45.7512,45.7512,1,3.98717e-09,560.349,12.0351,-0.0768365
319,2,0,80,40,37.0395,37.0395,1,2.83859e-09,387.788,8.71043,-0.296164
320,0,0,80,40,53.491,53.491,1,3.08574e-09,606.437,15.5633,0.142667
320,1,0,80,40,45.7512,45.7512,1,6.54734e-09,563.407,12.0846,-0.0798472
320,2,0,80,40,37.0395,37.0395,1,2.83694e-09,387.926,8.70484,-0.295914
321,0,0,80,40,53.491,53.491,1,2.65402e-09,608.743,15.619,0.142569
321,1,0,80,40,45.7512,45.7512,1,3.92106e-09,567.211,12.1296,-0.0842086
321,2,0,80,40,37.0395,37.0395,1,2.64248e-09,388.064,8.69939,-0.295685
322,0,0,80,40,53.491,53.491,1,2.79317e-09,610.478,15.6607,0.144054
322,1,0,80,40,45.7512,45.7512,1,4.71152e-09,571.773,12.1637,-0.0898065
322,2,0,80,40,37.0395,37.0395,1,2.88873e-09,388.201,8.69409,-0.295474
323,0,0,80,40,53.491,53.491,1,4.72573e-09,611.794,15.7104,0.144894
323,1,0,80,40,45.7512,45.7512,1,5.20043e-09,577.028,12.1829,-0.0963334
323,2,0,80,40,37.0395,37.0395,1,2.0911e-09,388.337,8.68894,-0.295281
324,0,0,80,40,53.491,53.491,1,3.51224e-09,612.607,15.7727,0.147671
324,1,0,80,40,45.7512,45.7512,1,1.55705e-09,582.75,12.1849,-0.103089
324,2,0,80,40,37.0395,37.0395,1,1.73014e-09,388.473,8.68397,-0.295104
325,0,0,80,40,53.491,53.491,1,6.3784e-09,613.064,15.8339,0.151143
325,1,0,80,40,45.7512,45.7512,1,3.56863e-09,588.622,12.1693,-0.109383
325,2,0,80,40,37.0395,37.0395,1,2.90623e-09,388.608,8.67916,-0.294944
326,0,0,80,40,53.491,53.491,1,1.69837e-09,613.141,15.887,0.154348
326,1,0,80,40,45.7512,45.7512,1,2.80875e-09,594.336,12.1373,-0.114793
326,2,0,80,40,37.0395,37.0395,1,2.07973e-09,388.742,8.67453,-0.2948
327,0,0,80,40,53.491,53.491,1,9.36757e-09,612.781,15.9238,0.157178
327,1,0,80,40,45.7512,45.7512,1,4.69436e-09,599.659,12.0905,-0.11917
327,2,0,80,40,37.0395,37.0395,1,5.27461e-09,388.876,8.67008,-0.294671
328,0,0,80,40,53.491,53.491,1,3.12679e-09,612.068,15.9463,0.159093
328,1,0,80,40,45.7512,45.7512,1,6.53324e-09,604.451,12.0292,-0.122458
328,2,0,80,40,37.0395,37.0395,1,2.94989e-09,389.008,8.66582,-0.294558
329,0,0,80,40,53.491,53.491,1,7.82836e-09,611.202,15.9593,0.159737
329,1,0,80,40,45.7512,45.7512,1,3.38719e-09,608.641,11.9538,-0.124532
329,2,0,80,40,37.0395,37.0395,1,4.03372e-09,389.138,8.66176,-0.294459
330,0,0,80,40,53.491,53.491,1,3.78304e-09,610.252,15.9654,0.159039
330,1,0,80,40,45.7512,45.7512,1,3.43141e-09,612.263,11.8661,-0.125417
330,2,0,80,40,37.0395,37.0395,1,4.57993e-09,389.267,8.6579,-0.294374
331,0,0,80,40,53.491,53.491,1,3.44306e-09,609.014,15.9645,0.157838
331,1,0,80,40,45.7512,45.7512,1,5.58896e-09,615.331,11.7685,-0.125303
331,2,0,80,40,37.0395,37.0395,1,3.30976e-09,389.394,8.65426,-0.294303
332,0,0,80,40,53.491,53.491,1,4.49415e-09,607.486,15.9628,0.156534
332,1,0,80,40,45.7512,45.7512,1,3.05522e-09,618,11.6639,-0.124442
332,2,0,80,40,37.0395,37.0395,1,1.65051e-09,389.518,8.65084,-0.294244
333,0,0,80,40,53.491,53.491,1,3.29942e-09,605.993,15.9779,0.154818
333,1,0,80,40,45.7512,45.7512,1,3.86001e-09,620.421,11.5555,-0.123067
333,2,0,80,40,37.0395,37.0395,1,2.11929e-09,389.641,8.64767,-0.294199
334,0,0,80,40,53.491,53.491,1,2.72411e-09,604.509,15.9964,0.153472
334,1,0,80,40,45.7512,45.7512,1,2.91664e-09,622.8,11.4463,-0.121421
334,2,0,80,40,37.0395,37.0395,1,2.75975e-09,389.76,8.64474,-0.294167
335,0,0,80,40,53.491,53.491,1,6.34259e-09,602.823,16.0099,0.153468
335,1,0,80,40,45.7512,45.7512,1,4.18891e-09,625.174,11.3379,-0.119744
335,2,0,80,40,37.0395,37.0395,1,2.96649e-09,389.876,8.64209,-0.294146
336,0,0,80,40,53.491,53.491,1,2.80531e-09,600.967,16.0218,0.153482
336,1,0,80,40,45.7512,45.7512,1,2.467e-09,627.259,11.2322,-0.118226
336,2,0,80,40,37.0395,37.0395,1,1.091e-09,389.99,8.63972,-0.29414
337,0,0,80,40,53.491,53.491,1,1.17045e-08,599.032,16.0243,0.151613
337,1,0,80,40,45.7512,45.7512,1,5.30122e-09,628.864,11.1308,-0.116644
337,2,0,80,40,37.0395,37.0395,1,3.14435e-09,390.101,8.63766,-0.294147
338,0,0,80,40,53.491,53.491,1,2.1422e-09,596.937,16.0403,0.149308
338,1,0,80,40,45.7512,45.7512,1,4.17606e-09,628.025,11.0442,-0.112967
338,2,0,80,40,37.0395,37.0395,1,2.1659e-09,390.211,8.63591,-0.294168
339,0,0,80,40,53.491,53.491,1,3.32341e-09,594.629,16.0713,0.146995
339,1,0,80,40,45.7512,45.7512,1,4.66264e-09,628.395,10.9857,-0.109842
339,2,0,80,40,37.0395,37.0395,1,3.14827e-09,390.318,8.63449,-0.294206
340,0,0,80,40,53.491,53.491,1,4.54736e-09,592.355,16.095,0.141114
340,1,0,80,40,45.7512,45.7512,1,3.8732e-09,626.982,10.9338,-0.105818
340,2,0,80,40,37.0395,37.0395,1,3.43368e-09,390.425,8.63344,-0.294264
341,0,0,80,40,53.491,53.491,1,3.54498e-09,590.001,16.1435,0.135223
341,1,0,80,40,45.7512,45.7512,1,4.01064e-09,622.983,10.8854,-0.097886
341,2,0,80,40,37.0395,37.0395,1,1.81859e-09,390.532,8.63277,-0.294344
342,0,0,80,40,53.491,53.491,1,6.65284e-09,587.529,16.2095,0.131471
342,1,0,80,40,45.7512,45.7512,1,6.74754e-09,621.075,10.8566,-0.0960326
342,2,0,80,40,37.0395,37.0395,1,3.58784e-09,390.641,8.6325,-0.294449
343,0,0,80,40,53.491,53.491,1,2.68687e-09,584.954,16.275,0.13176
343,1,0,80,40,45.7512,45.7512,1,4.27269e-09,618.102,10.8234,-0.0906549
343,2,0,80,40,37.0395,37.0395,1,2.97536e-09,390.751,8.63268,-0.294577
344,0,0,80,40,53.491,53.491,1,2.9454e-09,582.238,16.3302,0.134171
344,1,0,80,40,45.7512,45.7512,1,3.36627e-09,617.364,10.8123,-0.0858448
344,2,0,80,40,37.0395,37.0395,1,2.5691e-09,390.865,8.63332,-0.294736
345,0,0,80,40,53.491,53.491,1,4.57635e-09,579.407,16.3726,0.136891
345,1,0,80,40,45.7512,45.7512,1,3.575e-09,617.162,10.8253,-0.0830289
345,2,0,80,40,37.0395,37.0395,1,3.46517e-09,390.984,8.63447,-0.294931
346,0,0,80,40,53.491,53.491,1,3.69994e-09,576.55,16.4087,0.13966
346,1,0,80,40,45.7512,45.7512,1,5.07146e-09,617.592,10.8343,-0.0803595
346,2,0,80,40,37.0395,37.0395,1,2.40908e-09,391.11,8.63616,-0.295163
347,0,0,80,40,53.491,53.491,1,3.72472e-09,573.665,16.4364,0.142224
347,1,0,80,40,45.7512,45.7512,1,3.79168e-09,618.783,10.8719,-0.0801056
347,2,0,80,40,37.0395,37.0395,1,1.8868e-09,391.245,8.63846,-0.295437
348,0,0,80,40,53.491,53.491,1,2.27828e-09,570.787,16.45,0.144626
348,1,0,80,40,45.7512,45.7512,1,3.62269e-09,620.794,10.8905,-0.0815218
348,2,0,80,40,37.0395,37.0395,1,2.24867e-09,391.39,8.64139,-0.295758
349,0,0,80,40,53.491,53.491,1,3.29629e-09,567.842,16.4523,0.147343
349,1,0,80,40,45.7512,45.7512,1,5.62625e-09,623.443,10.8812,-0.0842476
349,2,0,80,40,37.0395,37.0395,1,1.87924e-09,391.547,8.64499,-0.296127
350,0,0,80,40,53.491,53.491,1,5.05554e-09,564.799,16.4463,0.15003
350,1,0,80,40,45.7512,45.7512,1,4.87137e-09,625.664,10.8646,-0.0858979
350,2,0,80,40,37.0395,37.0395,1,1.66358e-09,391.719,8.64933,-0.296552
351,0,0,80,40,53.491,53.491,1,1.61788e-09,561.885,16.4269,0.152014
351,1,0,80,40,45.7512,45.7512,1,2.16369e-09,627.714,10.8501,-0.0873729
351,2,0,80,40,37.0395,37.0395,1,2.00203e-09,391.909,8.65447,-0.297039
352,0,0,80,40,53.491,53.491,1,4.81305e-09,558.607,16.4125,0.154122
352,1,0,80,40,45.7512,45.7512,1,3.86399e-09,629.438,10.8408,-0.0886421
352,2,0,80,40,37.0395,37.0395,1,3.86638e-09,392.119,8.66049,-0.297595
353,0,0,80,40,53.491,53.491,1,2.25555e-09,555.323,16.3683,0.154438
353,1,0,80,40,45.7512,45.7512,1,4.24518e-09,630.884,10.8365,-0.0896389
353,2,0,80,40,37.0395,37.0395,1,2.67335e-09,392.355,8.66748,-0.298231
354,0,0,80,40,53.491,53.491,1,2.35048e-09,552.141,16.3113,0.152809
354,1,0,80,40,45.7512,45.7512,1,3.31715e-09,632.072,10.8357,-0.0903953
354,2,0,80,40,37.0395,37.0395,1,2.85115e-09,392.619,8.67557,-0.298956
355,0,0,80,40,53.491,53.491,1,2.47911e-09,548.724,16.2665,0.150014
355,1,0,80,40,45.7512,45.7512,1,3.54783e-09,633.156,10.8372,-0.0910202
355,2,0,80,40,37.0395,37.0395,1,1.59895e-09,392.918,8.68489,-0.299782
356,0,0,80,40,53.491,53.491,1,3.82784e-09,544.873,16.2338,0.146272
356,1,0,80,40,45.7512,45.7512,1,4.77769e-09,634.265,10.84,-0.0917027
356,2,0,80,40,37.0395,37.0395,1,3.42624e-09,393.258,8.69563,-0.300726
357,0,0,80,40,53.491,53.491,1,3.82914e-09,541.457,16.2055,0.141373
357,1,0,80,40,45.7512,45.7512,1,2.83126e-09,635.664,10.8437,-0.0926459
357,2,0,80,40,37.0395,37.0395,1,2.68437e-09,393.647,8.70798,-0.301804
358,0,0,80,40,53.491,53.491,1,2.06967e-09,537.563,16.1974,0.137111
358,1,0,80,40,45.7512,45.7512,1,5.1532e-09,637.366,10.8479,-0.0940294
358,2,0,80,40,37.0395,37.0395,1,2.34712e-09,394.095,8.72222,-0.30304
359,0,0,80,40,53.491,53.491,1,2.22343e-09,533.673,16.2086,0.133482
359,1,0,80,40,45.7512,45.7512,1,5.46618e-09,639.374,10.8534,-0.0959425
359,2,0,80,40,37.0395,37.0395,1,1.91608e-09,394.617,8.73867,-0.304466
360,0,0,80,40,53.491,53.491,1,3.94374e-09,529.239,16.2596,0.131596
360,1,0,80,40,45.7512,45.7512,1,6.48174e-09,641.63,10.8617,-0.0984275
360,2,0,80,40,37.0395,37.0395,1,2.39879e-09,395.233,8.75775,-0.306123
361,0,0,80,40,53.491,53.491,1,2.81386e-09,522.983,16.3317,0.135438
361,1,0,80,40,45.7512,45.7512,1,3.72222e-09,643.139,10.875,-0.100878
361,2,0,80,40,37.0395,37.0395,1,2.11685e-09,395.965,8.77994,-0.308065
362,0,0,80,40,53.491,53.491,1,3.12178e-09,516.17,16.432,0.139313
362,1,0,80,40,45.7512,45.7512,1,3.59125e-09,641.542,10.8929,-0.100416
362,2,0,80,40,37.0395,37.0395,1,2.45399e-09,396.839,8.80567,-0.31035
363,0,0,80,40,53.491,53.491,1,3.91094e-09,508.053,16.5474,0.144889
363,1,0,80,40,45.7512,45.7512,1,4.9115e-09,639.014,10.8956,-0.0988364
363,2,0,80,40,37.0395,37.0395,1,2.16352e-09,397.874,8.83507,-0.313038
364,0,0,80,40,53.491,53.491,1,3.20188e-09,498.86,16.6665,0.152587
364,1,0,80,40,45.7512,45.7512,1,2.01464e-09,636.243,10.889,-0.0967872
364,2,0,80,40,37.0395,37.0395,1,3.87848e-09,399.051,8.8675,-0.316094
365,0,0,80,40,53.491,53.491,1,3.21791e-09,488.842,16.792,0.162115
365,1,0,80,40,45.7512,45.7512,1,5.43196e-09,632.739,10.8811,-0.094139
365,2,0,80,40,37.0395,37.0395,1,2.87099e-09,400.337,8.90171,-0.31938
366,0,0,80,40,53.491,53.491,1,7.32314e-09,479.599,16.9132,0.169218
366,1,0,80,40,45.7512,45.7512,1,4.97243e-09,628.761,10.8752,-0.0915329
366,2,0,80,40,37.0395,37.0395,1,2.60133e-09,401.721,8.93679,-0.322828
367,0,0,80,40,53.491,53.491,1,6.10834e-09,472.275,16.9943,0.174478
367,1,0,80,40,45.7512,45.7512,1,6.86225e-09,624.661,10.8717,-0.0893355
367,2,0,80,40,37.0395,37.0395,1,3.33966e-09,403.285,8.97363,-0.32656
368,0,0,80,40,53.491,53.491,1,4.23717e-09,469.196,17.009,0.174611
368,1,0,80,40,45.7512,45.7512,1,4.18095e-09,620.317,10.8683,-0.0871569
368,2,0,80,40,37.0395,37.0395,1,2.24043e-09,405.202,9.01145,-0.330831
369,0,0,80,40,53.491,53.491,1,3.04129e-09,471.802,16.9878,0.167775
369,1,0,80,40,45.7512,45.7512,1,5.00074e-09,615.776,10.868,-0.0851832
369,2,0,80,40,37.0395,37.0395,1,2.73326e-09,407.594,9.04719,-0.336323
370,0,0,80,40,53.491,53.491,1,3.93601e-09,479.778,17.0033,0.152512
370,1,0,80,40,45.7512,45.7512,1,3.62405e-09,611.654,10.8702,-0.0844199
370,2,0,80,40,37.0395,37.0395,1,2.83291e-09,409.05,9.07267,-0.342127
371,0,0,80,40,53.491,53.491,1,4.94322e-09,486.109,17.0119,0.140656
371,1,0,80,40,45.7512,45.7512,1,3.65242e-09,608.125,10.8751,-0.0850563
371,2,0,80,40,37.0395,37.0395,1,6.72617e-09,408.099,9.06814,-0.342083
372,0,0,80,40,53.491,53.491,1,2.45524e-09,491.03,17.1034,0.128265
372,1,0,80,40,45.7512,45.7512,1,5.2886e-09,604.982,10.8882,-0.0864859
372,2,0,80,40,37.0395,37.0395,1,2.03187e-09,405.866,9.04426,-0.338289
373,0,0,80,40,53.491,53.491,1,3.9451e-09,492.062,17.2341,0.125812
373,1,0,80,40,45.7512,45.7512,1,3.72563e-09,602.26,10.9055,-0.088344
373,2,0,80,40,37.0395,37.0395,1,4.49012e-09,403.42,9.01457,-0.333744
374,0,0,80,40,53.491,53.491,1,2.35053e-09,490.306,17.2804,0.132071
374,1,0,80,40,45.7512,45.7512,1,4.37728e-09,600.117,10.923,-0.0905754
374,2,0,80,40,37.0395,37.0395,1,2.4242e-09,401.179,8.98525,-0.329368
375,0,0,80,40,53.491,53.491,1,2.72166e-09,486.502,17.2927,0.141637
375,1,0,80,40,45.7512,45.7512,1,3.04863e-09,598.491,10.9335,-0.0925727
375,2,0,80,40,37.0395,37.0395,1,1.98588e-09,399.211,8.95849,-0.325428
376,0,0,80,40,53.491,53.491,1,3.13179e-09,482.734,17.2864,0.151742
376,1,0,80,40,45.7512,45.7512,1,2.23997e-09,597.279,10.9351,-0.0936785
376,2,0,80,40,37.0395,37.0395,1,3.90543e-09,397.502,8.93474,-0.321964
377,0,0,80,40,53.491,53.491,1,5.44543e-09,480.778,17.2746,0.157648
377,1,0,80,40,45.7512,45.7512,1,4.17651e-09,596.281,10.928,-0.0937627
377,2,0,80,40,37.0395,37.0395,1,2.23514e-09,396.02,8.91374,-0.31894
378,0,0,80,40,53.491,53.491,1,3.84858e-09,479.838,17.2719,0.16005
378,1,0,80,40,45.7512,45.7512,1,6.29313e-09,595.276,10.9125,-0.0929456
378,2,0,80,40,37.0395,37.0395,1,2.65379e-09,394.73,8.89507,-0.316297
379,0,0,80,40,53.491,53.491,1,7.42222e-09,479.655,17.2324,0.162344
379,1,0,80,40,45.7512,45.7512,1,3.70693e-09,594.098,10.8905,-0.0913787
379,2,0,80,40,37.0395,37.0395,1,2.15749e-09,393.601,8.87833,-0.313974
380,0,0,80,40,53.491,53.491,1,2.29966e-09,480.251,17.1781,0.165772
380,1,0,80,40,45.7512,45.7512,1,1.77658e-09,592.736,10.8635,-0.0892854
380,2,0,80,40,37.0395,37.0395,1,3.12707e-09,392.606,8.86318,-0.311923
381,0,0,80,40,53.491,53.491,1,3.61854e-09,483.103,17.0914,0.166061
381,1,0,80,40,45.7512,45.7512,1,7.53812e-09,591.29,10.8346,-0.0869605
381,2,0,80,40,37.0395,37.0395,1,1.78801e-09,391.725,8.84933,-0.310102
382,0,0,80,40,53.491,53.491,1,5.93411e-09,486.816,16.9775,0.166238
382,1,0,80,40,45.7512,45.7512,1,3.32909e-09,589.82,10.809,-0.0848603
382,2,0,80,40,37.0395,37.0395,1,2.49997e-09,390.941,8.83654,-0.308475
383,0,0,80,40,53.491,53.491,1,2.96779e-09,489.76,16.8956,0.166383
383,1,0,80,40,45.7512,45.7512,1,4.11308e-09,588.386,10.7883,-0.0832674
383,2,0,80,40,37.0395,37.0395,1,2.84115e-09,390.24,8.82463,-0.307017
384,0,0,80,40,53.491,53.491,1,2.44665e-09,492.176,16.8127,0.167404
384,1,0,80,40,45.7512,45.7512,1,2.96757e-09,587.009,10.7698,-0.0822414
384,2,0,80,40,37.0395,37.0395,1,3.93652e-09,389.61,8.81344,-0.305703
385,0,0,80,40,53.491,53.491,1,3.19358e-09,494.093,16.7569,0.169198
385,1,0,80,40,45.7512,45.7512,1,4.66781e-09,585.7,10.7471,-0.0817022
385,2,0,80,40,37.0395,37.0395,1,6.43877e-09,389.042,8.80286,-0.304513
386,0,0,80,40,53.491,53.491,1,3.384e-09,495.781,16.7035,0.172063
386,1,0,80,40,45.7512,45.7512,1,4.62995e-09,584.446,10.7159,-0.0816037
386,2,0,80,40,37.0395,37.0395,1,2.2128e-09,388.528,8.79279,-0.30343
387,0,0,80,40,53.491,53.491,1,4.29708e-09,497.253,16.6349,0.175391
387,1,0,80,40,45.7512,45.7512,1,4.7138e-09,583.235,10.6863,-0.0822311
387,2,0,80,40,37.0395,37.0395,1,3.10479e-09,388.059,8.78315,-0.30244
388,0,0,80,40,53.491,53.491,1,4.82345e-09,499.266,16.5602,0.177764
388,1,0,80,40,45.7512,45.7512,1,4.17702e-09,582.05,10.6701,-0.0830999
388,2,0,80,40,37.0395,37.0395,1,1.01579e-09,387.631,8.7739,-0.301532
389,0,0,80,40,53.491,53.491,1,2.70177e-09,501.662,16.4723,0.179623
389,1,0,80,40,45.7512,45.7512,1,2.83291e-09,580.846,10.6568,-0.0835811
389,2,0,80,40,37.0395,37.0395,1,3.24144e-09,387.24,8.76497,-0.300699
390,0,0,80,40,53.491,53.491,1,5.69253e-09,505.273,16.3786,0.179232
390,1,0,80,40,45.7512,45.7512,1,4.39115e-09,579.58,10.6489,-0.0846871
390,2,0,80,40,37.0395,37.0395,1,4.82538e-09,387.27,8.75633,-0.299933
391,0,0,80,40,53.491,53.491,1,2.59257e-09,509.921,16.3133,0.176225
391,1,0,80,40,45.7512,45.7512,1,5.76961e-09,578.234,10.6507,-0.0858876
391,2,0,80,40,37.0395,37.0395,1,5.14257e-09,387.38,8.74795,-0.299228
392,0,0,80,40,53.491,53.491,1,5.98362e-09,513.632,16.2819,0.176065
392,1,0,80,40,45.7512,45.7512,1,4.46641e-09,576.802,10.6304,-0.0831416
392,2,0,80,40,37.0395,37.0395,1,6.79938e-09,387.491,8.73979,-0.298579
393,0,0,80,40,53.491,53.491,1,3.32221e-09,516.938,16.2371,0.177074
393,1,0,80,40,45.7512,45.7512,1,5.43741e-09,575.304,10.6217,-0.0716683
393,2,0,80,40,37.0395,37.0395,1,5.74744e-09,387.604,8.73184,-0.297982
394,0,0,80,40,53.491,53.491,1,2.5326e-09,520.016,16.1924,0.177877
394,1,0,80,40,45.7512,45.7512,1,4.14218e-09,573.756,10.6563,-0.0626887
394,2,0,80,40,37.0395,37.0395,1,2.76077e-09,387.718,8.72407,-0.297433
395,0,0,80,40,53.491,53.491,1,3.85955e-09,523.362,16.1471,0.178151
395,1,0,80,40,45.7512,45.7512,1,5.74005e-09,572.203,10.7498,-0.0603166
395,2,0,80,40,37.0395,37.0395,1,3.51974e-09,387.834,8.71647,-0.296928
396,0,0,80,40,53.491,53.491,1,3.28833e-09,527.154,16.1045,0.178235
396,1,0,80,40,45.7512,45.7512,1,4.22085e-09,570.621,10.8191,-0.0578274
396,2,0,80,40,37.0395,37.0395,1,1.78483e-09,387.95,8.70902,-0.296462
397,0,0,80,40,53.491,53.491,1,1.80989e-09,532.85,16.0401,0.176857
397,1,0,80,40,45.7512,45.7512,1,4.33533e-09,569.048,10.8618,-0.0590409
397,2,0,80,40,37.0395,37.0395,1,2.24179e-09,388.066,8.70172,-0.296032
398,0,0,80,40,53.491,53.491,1,3.19699e-09,539.461,15.9573,0.174408
398,1,0,80,40,45.7512,45.7512,1,8.68079e-09,567.478,10.9056,-0.0585219
398,2,0,80,40,37.0395,37.0395,1,2.55829e-09,388.183,8.69457,-0.295633
399,0,0,80,40,53.491,53.491,1,4.17816e-09,546.257,15.8705,0.171384
399,1,0,80,40,45.7512,45.7512,1,3.9895e-09,565.906,10.9105,-0.0540919
399,2,0,80,40,37.0395,37.0395,1,1.17723e-09,388.3,8.68755,-0.295264
400,0,0,80,40,53.491,53.491,1,4.09671e-09,553.082,15.7819,0.167931
400,1,0,80,40,45.7512,45.7512,1,3.72268e-09,564.401,10.9486,-0.0549995
400,2,0,80,40,37.0395,37.0395,1,2.18267e-09,388.416,8.68068,-0.294923
401,0,0,80,40,53.491,53.491,1,2.34752e-09,560.169,15.7011,0.164338
401,1,0,80,40,45.7512,45.7512,1,3.13855e-09,562.905,10.9888,-0.0570445
401,2,0,80,40,37.0395,37.0395,1,3.31517e-09,388.532,8.67394,-0.294607
402,0,0,80,40,53.491,53.491,1,3.48905e-09,567.893,15.6316,0.16036
402,1,0,80,40,45.7512,45.7512,1,2.80397e-09,561.475,11.0467,-0.0606588
402,2,0,80,40,37.0395,37.0395,1,2.86934e-09,388.648,8.66735,-0.294316
403,0,0,80,40,53.491,53.491,1,4.5427e-09,575.411,15.5747,0.156496
403,1,0,80,40,45.7512,45.7512,1,6.10623e-09,560.085,11.1018,-0.0655194
403,2,0,80,40,37.0395,37.0395,1,2.1094e-09,388.763,8.6609,-0.294048
404,0,0,80,40,53.491,53.491,1,4.00826e-09,582.301,15.53,0.153237
404,1,0,80,40,45.7512,45.7512,1,5.63318e-09,558.775,11.158,-0.0707835
404,2,0,80,40,37.0395,37.0395,1,3.07273e-09,388.876,8.65461,-0.293802
405,0,0,80,40,53.491,53.491,1,2.03528e-09,588.578,15.497,0.150291
405,1,0,80,40,45.7512,45.7512,1,1.88237e-09,557.503,11.2131,-0.075386
405,2,0,80,40,37.0395,37.0395,1,3.84864e-09,388.988,8.64847,-0.293575
406,0,0,80,40,53.491,53.491,1,4.02895e-09,594.079,15.474,0.148184
406,1,0,80,40,45.7512,45.7512,1,7.02892e-09,556.352,11.2677,-0.0785734
406,2,0,80,40,37.0395,37.0395,1,2.33467e-09,389.099,8.64251,-0.29337
407,0,0,80,40,53.491,53.491,1,2.65686e-09,598.725,15.4658,0.146578
407,1,0,80,40,45.7512,45.7512,1,3.69391e-09,555.243,11.3236,-0.0806348
407,2,0,80,40,37.0395,37.0395,1,3.55749e-09,389.207,8.63674,-0.293182
408,0,0,80,40,53.491,53.491,1,4.70396e-09,602.578,15.4663,0.145727
408,1,0,80,40,45.7512,45.7512,1,2.96376e-09,554.268,11.3794,-0.082318
408,2,0,80,40,37.0395,37.0395,1,4.82714e-09,389.313,8.63118,-0.293011
409,0,0,80,40,53.491,53.491,1,4.45948e-09,605.749,15.4831,0.145297
409,1,0,80,40,45.7512,45.7512,1,3.20381e-09,553.362,11.4336,-0.0836291
409,2,0,80,40,37.0395,37.0395,1,2.06364e-09,389.414,8.62584,-0.292855
410,0,0,80,40,53.491,53.491,1,3.69494e-09,608.281,15.5075,0.143463
410,1,0,80,40,45.7512,45.7512,1,7.5396e-09,552.592,11.4745,-0.0847244
410,2,0,80,40,37.0395,37.0395,1,1.68865e-09,389.511,8.62075,-0.292711
411,0,0,80,40,53.491,53.491,1,3.32068e-09,610.353,15.5596,0.14303
411,1,0,80,40,45.7512,45.7512,1,3.76241e-09,551.904,11.5089,-0.0855773
411,2,0,80,40,37.0395,37.0395,1,1.34423e-09,389.603,8.61593,-0.29258
412,0,0,80,40,53.491,53.491,1,4.21471e-09,611.976,15.6035,0.143733
412,1,0,80,40,45.7512,45.7512,1,4.39002e-09,551.335,11.5461,-0.086796
412,2,0,80,40,37.0395,37.0395,1,2.31182e-09,389.689,8.61142,-0.292461
413,0,0,80,40,53.491,53.491,1,2.42983e-09,613.107,15.6593,0.144785
413,1,0,80,40,45.7512,45.7512,1,4.46829e-09,550.868,11.5863,-0.0881429
413,2,0,80,40,37.0395,37.0395,1,2.41948e-09,389.767,8.60723,-0.29235
414,0,0,80,40,53.491,53.491,1,3.22689e-09,613.684,15.723,0.147515
414,1,0,80,40,45.7512,45.7512,1,3.46364e-09,550.535,11.6297,-0.0887201
414,2,0,80,40,37.0395,37.0395,1,1.81706e-09,389.837,8.60339,-0.292248
415,0,0,80,40,53.491,53.491,1,3.64571e-09,613.861,15.792,0.151109
415,1,0,80,40,45.7512,45.7512,1,4.34744e-09,550.316,11.6727,-0.0879919
415,2,0,80,40,37.0395,37.0395,1,1.81734e-09,389.899,8.59995,-0.292154
416,0,0,80,40,53.491,53.491,1,2.62025e-09,613.697,15.8412,0.154483
416,1,0,80,40,45.7512,45.7512,1,4.38206e-09,550.241,11.7144,-0.0859224
416,2,0,80,40,37.0395,37.0395,1,2.41857e-09,389.951,8.59694,-0.292066
417,0,0,80,40,53.491,53.491,1,7.06211e-09,613.206,15.8698,0.156794
417,1,0,80,40,45.7512,45.7512,1,5.84197e-09,550.289,11.7502,-0.0830693
417,2,0,80,40,37.0395,37.0395,1,4.3384e-09,389.994,8.59441,-0.291984
418,0,0,80,40,53.491,53.491,1,4.85193e-09,612.456,15.8882,0.157629
418,1,0,80,40,45.7512,45.7512,1,4.38013e-09,550.501,11.7873,-0.0801752
418,2,0,80,40,37.0395,37.0395,1,2.06677e-09,390.026,8.59238,-0.291907
419,0,0,80,40,53.491,53.491,1,5.68446e-09,611.48,15.9114,0.157839
419,1,0,80,40,45.7512,45.7512,1,7.52414e-09,550.896,11.8276,-0.0772936
419,2,0,80,40,37.0395,37.0395,1,2.43648e-09,390.048,8.59089,-0.291835
420,0,0,80,40,53.491,53.491,1,2.81477e-09,610.415,15.9335,0.158083
420,1,0,80,40,45.7512,45.7512,1,2.71496e-09,551.506,11.8734,-0.0750789
420,2,0,80,40,37.0395,37.0395,1,1.99788e-09,390.059,8.58996,-0.291769
421,0,0,80,40,53.491,53.491,1,2.61812e-09,609.045,15.9649,0.159192
421,1,0,80,40,45.7512,45.7512,1,3.42072e-09,552.371,11.9234,-0.0735821
421,2,0,80,40,37.0395,37.0395,1,2.87122e-09,390.059,8.58961,-0.291711
422,0,0,80,40,53.491,53.491,1,3.9546e-09,607.38,15.9967,0.161798
422,1,0,80,40,45.7512,45.7512,1,3.00565e-09,553.538,11.9761,-0.0728667
422,2,0,80,40,37.0395,37.0395,1,1.18803e-09,390.051,8.58987,-0.291661
423,0,0,80,40,53.491,53.491,1,4.13138e-09,605.779,16.019,0.164298
423,1,0,80,40,45.7512,45.7512,1,6.61942e-09,555.047,12.029,-0.0730072
423,2,0,80,40,37.0395,37.0395,1,4.73307e-09,390.033,8.59077,-0.291622
424,0,0,80,40,53.491,53.491,1,3.95971e-09,604.169,16.0096,0.165586
424,1,0,80,40,45.7512,45.7512,1,5.13796e-09,557.034,12.0807,-0.0742337
424,2,0,80,40,37.0395,37.0395,1,2.17989e-09,390.007,8.59231,-0.291596
425,0,0,80,40,53.491,53.491,1,3.3441e-09,602.378,15.9897,0.165507
425,1,0,80,40,45.7512,45.7512,1,3.19824e-09,559.634,12.1307,-0.0765913
425,2,0,80,40,37.0395,37.0395,1,2.22366e-09,389.975,8.59452,-0.291585
426,0,0,80,40,53.491,53.491,1,3.14003e-09,600.495,15.9879,0.163956
426,1,0,80,40,45.7512,45.7512,1,4.05589e-09,562.916,12.1775,-0.0801728
426,2,0,80,40,37.0395,37.0395,1,1.36964e-09,389.938,8.59743,-0.291593
427,0,0,80,40,53.491,53.491,1,6.44457e-09,598.545,15.99,0.160435
427,1,0,80,40,45.7512,45.7512,1,6.02586e-09,566.946,12.2183,-0.0850481
427,2,0,80,40,37.0395,37.0395,1,2.7286e-09,389.898,8.60103,-0.291622
428,0,0,80,40,53.491,53.491,1,1.40528e-09,596.384,16.0054,0.15304
428,1,0,80,40,45.7512,45.7512,1,2.77896e-09,571.757,12.2461,-0.0911258
428,2,0,80,40,37.0395,37.0395,1,3.31966e-09,389.856,8.60537,-0.291676
429,0,0,80,40,53.491,53.491,1,3.07614e-09,594.085,16.0609,0.143515
429,1,0,80,40,45.7512,45.7512,1,5.39831e-09,577.171,12.2555,-0.097953
429,2,0,80,40,37.0395,37.0395,1,2.45478e-09,389.815,8.61045,-0.29176
430,0,0,80,40,53.491,53.491,1,3.67987e-09,591.772,16.12,0.13097
430,1,0,80,40,45.7512,45.7512,1,3.69835e-09,582.815,12.246,-0.104699
430,2,0,80,40,37.0395,37.0395,1,4.68617e-09,389.777,8.6163,-0.291877
431,0,0,80,40,53.491,53.491,1,8.4126e-09,589.398,16.1529,0.12176
431,1,0,80,40,45.7512,45.7512,1,4.59647e-09,588.387,12.2209,-0.110631
431,2,0,80,40,37.0395,37.0395,1,2.51225e-09,389.745,8.62295,-0.292033
432,0,0,80,40,53.491,53.491,1,5.91524e-09,586.879,16.1922,0.119276
432,1,0,80,40,45.7512,45.7512,1,4.6407e-09,593.723,12.181,-0.11567
432,2,0,80,40,37.0395,37.0395,1,3.44471e-09,389.721,8.63043,-0.292234
433,0,0,80,40,53.491,53.491,1,4.50086e-09,584.26,16.2429,0.120678
433,1,0,80,40,45.7512,45.7512,1,3.91015e-09,598.666,12.1264,-0.119772
433,2,0,80,40,37.0395,37.0395,1,2.47655e-09,389.709,8.6388,-0.292488
434,0,0,80,40,53.491,53.491,1,4.16492e-09,581.564,16.2835,0.125211
434,1,0,80,40,45.7512,45.7512,1,2.77191e-09,603.074,12.059,-0.12285
434,2,0,80,40,37.0395,37.0395,1,1.88419e-09,389.714,8.64811,-0.292804
435,0,0,80,40,53.491,53.491,1,3.55601e-09,578.704,16.318,0.130793
435,1,0,80,40,45.7512,45.7512,1,3.36172e-09,606.86,11.9805,-0.124787
435,2,0,80,40,37.0395,37.0395,1,3.24025e-09,389.742,8.65843,-0.293192
436,0,0,80,40,53.491,53.491,1,3.36661e-09,575.788,16.3451,0.13604
436,1,0,80,40,45.7512,45.7512,1,3.40856e-09,609.985,11.8935,-0.125555
436,2,0,80,40,37.0395,37.0395,1,2.42903e-09,389.799,8.66985,-0.293665
437,0,0,80,40,53.491,53.491,1,3.32102e-09,572.777,16.3601,0.140617
437,1,0,80,40,45.7512,45.7512,1,8.21467e-09,612.493,11.8004,-0.125295
437,2,0,80,40,37.0395,37.0395,1,2.38458e-09,389.894,8.6825,-0.294241
438,0,0,80,40,53.491,53.491,1,2.20018e-09,569.924,16.3664,0.144442
438,1,0,80,40,45.7512,45.7512,1,4.38388e-09,614.49,11.7047,-0.124268
438,2,0,80,40,37.0395,37.0395,1,2.0724e-09,390.038,8.69652,-0.294939
439,0,0,80,40,53.491,53.491,1,3.29726e-09,567.019,16.3722,0.147967
439,1,0,80,40,45.7512,45.7512,1,5.00467e-09,616.136,11.6099,-0.12267
439,2,0,80,40,37.0395,37.0395,1,4.75427e-09,390.244,8.71212,-0.295787
440,0,0,80,40,53.491,53.491,1,5.65296e-09,564.132,16.3671,0.150741
440,1,0,80,40,45.7512,45.7512,1,5.1798e-09,617.569,11.5169,-0.120677
440,2,0,80,40,37.0395,37.0395,1,2.23372e-09,390.528,8.72954,-0.296817
441,0,0,80,40,53.491,53.491,1,2.65555e-09,561.151,16.3534,0.152681
441,1,0,80,40,45.7512,45.7512,1,4.26348e-09,619.171,11.4238,-0.118544
441,2,0,80,40,37.0395,37.0395,1,3.68829e-09,390.908,8.74908,-0.298062
442,0,0,80,40,53.491,53.491,1,2.79215e-09,558.043,16.3239,0.154661
442,1,0,80,40,45.7512,45.7512,1,9.44146e-09,621.17,11.3281,-0.116612
442,2,0,80,40,37.0395,37.0395,1,2.53675e-09,391.4,8.77108,-0.29956
443,0,0,80,40,53.491,53.491,1,2.68278e-09,554.864,16.2754,0.15412
443,1,0,80,40,45.7512,45.7512,1,5.91888e-09,623.264,11.2282,-0.115289
443,2,0,80,40,37.0395,37.0395,1,1.87299e-09,392.028,8.79596,-0.301342
444,0,0,80,40,53.491,53.491,1,2.43563e-09,551.3,16.2208,0.15269
444,1,0,80,40,45.7512,45.7512,1,3.41458e-09,625.357,11.1287,-0.115138
444,2,0,80,40,37.0395,37.0395,1,2.13441e-09,392.883,8.82423,-0.303505
445,0,0,80,40,53.491,53.491,1,2.98934e-09,548.01,16.1578,0.149872
445,1,0,80,40,45.7512,45.7512,1,7.48378e-09,626.245,11.0328,-0.112611
445,2,0,80,40,37.0395,37.0395,1,4.1224e-09,394.053,8.85566,-0.306354
446,0,0,80,40,53.491,53.491,1,2.80954e-09,544.293,16.1179,0.146141
446,1,0,80,40,45.7512,45.7512,1,8.24696e-09,624.919,10.9695,-0.108058
446,2,0,80,40,37.0395,37.0395,1,2.23014e-09,395.212,8.88831,-0.309357
447,0,0,80,40,53.491,53.491,1,3.02521e-09,540.792,16.0846,0.141511
447,1,0,80,40,45.7512,45.7512,1,1.51397e-09,624.891,10.9086,-0.108017
447,2,0,80,40,37.0395,37.0395,1,2.61207e-09,396.506,8.92225,-0.312594
448,0,0,80,40,53.491,53.491,1,3.77696e-09,537.184,16.0737,0.137273
448,1,0,80,40,45.7512,45.7512,1,3.90503e-09,621.699,10.8606,-0.107802
448,2,0,80,40,37.0395,37.0395,1,2.55056e-09,398.598,8.95769,-0.316881
449,0,0,80,40,53.491,53.491,1,3.13071e-09,533.76,16.0847,0.133215
449,1,0,80,40,45.7512,45.7512,1,3.61229e-09,614.983,10.7785,-0.0930063
449,2,0,80,40,37.0395,37.0395,1,2.56966e-09,401.541,8.99819,-0.322897
450,0,0,80,40,53.491,53.491,1,2.45376e-09,529.692,16.1363,0.131565
450,1,0,80,40,45.7512,45.7512,1,4.20346e-09,610.94,10.7821,-0.0774561
450,2,0,80,40,37.0395,37.0395,1,3.04988e-09,404.535,9.04026,-0.329833
451,0,0,80,40,53.491,53.491,1,3.32943e-09,524.034,16.2231,0.133845
451,1,0,80,40,45.7512,45.7512,1,1.89777e-09,612.931,10.8039,-0.0750729
451,2,0,80,40,37.0395,37.0395,1,2.09468e-09,406.208,9.06547,-0.334799
452,0,0,80,40,53.491,53.491,1,3.71796e-09,517.855,16.3283,0.136047
452,1,0,80,40,45.7512,45.7512,1,4.00325e-09,615.516,10.8285,-0.0777678
452,2,0,80,40,37.0395,37.0395,1,1.78062e-09,406.069,9.06532,-0.337396
453,0,0,80,40,53.491,53.491,1,4.33977e-09,510.422,16.4183,0.14079
453,1,0,80,40,45.7512,45.7512,1,2.68147e-09,616.962,10.8482,-0.0772871
453,2,0,80,40,37.0395,37.0395,1,3.6988e-09,404.202,9.03261,-0.334321
454,0,0,80,40,53.491,53.491,1,3.71949e-09,503.038,16.5014,0.145772
454,1,0,80,40,45.7512,45.7512,1,5.66524e-09,620.277,10.8684,-0.0807538
454,2,0,80,40,37.0395,37.0395,1,4.34829e-09,401.712,8.99303,-0.329041
455,0,0,80,40,53.491,53.491,1,4.65485e-09,495.323,16.5926,0.151569
455,1,0,80,40,45.7512,45.7512,1,2.36275e-09,623.523,10.8606,-0.0838887
455,2,0,80,40,37.0395,37.0395,1,2.25799e-09,399.389,8.95895,-0.324231
456,0,0,80,40,53.491,53.491,1,2.77015e-09,486.686,16.6409,0.160065
456,1,0,80,40,45.7512,45.7512,1,2.1505e-09,626.311,10.8532,-0.0866383
456,2,0,80,40,37.0395,37.0395,1,6.75777e-09,397.401,8.93104,-0.320165
457,0,0,80,40,53.491,53.491,1,3.18528e-09,480.81,16.608,0.165846
457,1,0,80,40,45.7512,45.7512,1,2.85706e-09,628.776,10.8446,-0.0890252
457,2,0,80,40,37.0395,37.0395,1,1.23782e-09,395.725,8.90785,-0.31677
458,0,0,80,40,53.491,53.491,1,3.96153e-09,480.112,16.5513,0.165473
458,1,0,80,40,45.7512,45.7512,1,4.41685e-09,630.992,10.8434,-0.0910578
458,2,0,80,40,37.0395,37.0395,1,2.02294e-09,394.3,8.8882,-0.313897
459,0,0,80,40,53.491,53.491,1,3.38099e-09,484.287,16.4847,0.15979
459,1,0,80,40,45.7512,45.7512,1,6.79211e-09,632.964,10.8527,-0.0929457
459,2,0,80,40,37.0395,37.0395,1,1.74572e-09,393.079,8.87129,-0.311455
460,0,0,80,40,53.491,53.491,1,4.40531e-09,489.73,16.4589,0.152438
460,1,0,80,40,45.7512,45.7512,1,5.12989e-09,634.838,10.8714,-0.094867
460,2,0,80,40,37.0395,37.0395,1,3.81442e-09,392.011,8.85648,-0.309327
461,0,0,80,40,53.491,53.491,1,3.46915e-09,492.464,16.4963,0.149204
461,1,0,80,40,45.7512,45.7512,1,3.30522e-09,636.791,10.8967,-0.0969348
461,2,0,80,40,37.0395,37.0395,1,3.04937e-09,391.088,8.8432,-0.307493
462,0,0,80,40,53.491,53.491,1,4.68867e-09,492.643,16.5611,0.150063
462,1,0,80,40,45.7512,45.7512,1,3.85739e-09,638.712,10.9265,-0.0991708
462,2,0,80,40,37.0395,37.0395,1,3.03345e-09,390.274,8.8311,-0.305885
463,0,0,80,40,53.491,53.491,1,4.07562e-09,491.437,16.6273,0.152539
463,1,0,80,40,45.7512,45.7512,1,4.75904e-09,640.66,10.9581,-0.10149
463,2,0,80,40,37.0395,37.0395,1,2.08939e-09,389.563,8.81979,-0.304477
464,0,0,80,40,53.491,53.491,1,2.34712e-09,489.625,16.6685,0.156654
464,1,0,80,40,45.7512,45.7512,1,6.19673e-09,642.423,10.9864,-0.10365
464,2,0,80,40,37.0395,37.0395,1,3.06068e-09,388.928,8.80905,-0.30321
465,0,0,80,40,53.491,53.491,1,4.47244e-09,487.107,16.6857,0.162655
465,1,0,80,40,45.7512,45.7512,1,4.15184e-09,644.224,11.0072,-0.105791
465,2,0,80,40,37.0395,37.0395,1,3.05783e-09,388.374,8.79871,-0.302083
466,0,0,80,40,53.491,53.491,1,2.47019e-09,484.577,16.6747,0.168915
466,1,0,80,40,45.7512,45.7512,1,2.51441e-09,646.249,11.0218,-0.108415
466,2,0,80,40,37.0395,37.0395,1,1.59224e-09,387.885,8.78865,-0.301067
467,0,0,80,40,53.491,53.491,1,3.76201e-09,482.979,16.6474,0.17326
467,1,0,80,40,45.7512,45.7512,1,3.78475e-09,645.891,11.0407,-0.109133
467,2,0,80,40,37.0395,37.0395,1,3.54129e-09,387.456,8.77859,-0.300151
468,0,0,80,40,53.491,53.491,1,3.1207e-09,482.399,16.6142,0.176499
468,1,0,80,40,45.7512,45.7512,1,3.10979e-09,642.91,11.0561,-0.106737
468,2,0,80,40,37.0395,37.0395,1,2.68363e-09,387.076,8.7686,-0.299305
469,0,0,80,40,53.491,53.491,1,2.89737e-09,483.059,16.5993,0.177877
469,1,0,80,40,45.7512,45.7512,1,3.1888e-09,640.313,11.0511,-0.104677
469,2,0,80,40,37.0395,37.0395,1,2.97638e-09,386.724,8.75867,-0.298503
470,0,0,80,40,53.491,53.491,1,2.71797e-09,484.814,16.5861,0.177711
470,1,0,80,40,45.7512,45.7512,1,3.58978e-09,636.846,11.0377,-0.10192
470,2,0,80,40,37.0395,37.0395,1,2.8777e-09,386.653,8.74877,-0.297728
471,0,0,80,40,53.491,53.491,1,5.16229e-09,487.536,16.5585,0.176378
471,1,0,80,40,45.7512,45.7512,1,3.45665e-09,632.884,11.0243,-0.0992767
471,2,0,80,40,37.0395,37.0395,1,2.26231e-09,386.743,8.73887,-0.297005
472,0,0,80,40,53.491,53.491,1,3.85944e-09,490.913,16.4931,0.174605
472,1,0,80,40,45.7512,45.7512,1,3.5634e-09,629.27,11.0155,-0.0975459
472,2,0,80,40,37.0395,37.0395,1,2.24435e-09,386.818,8.72896,-0.296319
473,0,0,80,40,53.491,53.491,1,3.21478e-09,494.502,16.4354,0.172451
473,1,0,80,40,45.7512,45.7512,1,6.45707e-09,625.646,11.0117,-0.0961301
473,2,0,80,40,37.0395,37.0395,1,2.68773e-09,386.888,8.71915,-0.295668
474,0,0,80,40,53.491,53.491,1,3.602e-09,498.52,16.3987,0.169156
474,1,0,80,40,45.7512,45.7512,1,4.01195e-09,622.046,11.0111,-0.0951838
474,2,0,80,40,37.0395,37.0395,1,2.12788e-09,386.959,8.70956,-0.295029
475,0,0,80,40,53.491,53.491,1,4.36216e-09,502.928,16.3868,0.165129
475,1,0,80,40,45.7512,45.7512,1,3.15413e-09,618.522,11.0119,-0.0948054
475,2,0,80,40,37.0395,37.0395,1,2.6958e-09,387.025,8.70009,-0.294424
476,0,0,80,40,53.491,53.491,1,6.01619e-09,505.687,16.4099,0.165067
476,1,0,80,40,45.7512,45.7512,1,5.81235e-09,615.038,11.0103,-0.095045
476,2,0,80,40,37.0395,37.0395,1,1.90977e-09,387.087,8.69081,-0.293854
477,0,0,80,40,53.491,53.491,1,3.065e-09,506.58,16.3729,0.170833
477,1,0,80,40,45.7512,45.7512,1,3.24815e-09,611.754,11.0061,-0.0957821
477,2,0,80,40,37.0395,37.0395,1,1.73128e-09,387.144,8.68166,-0.293318
478,0,0,80,40,53.491,53.491,1,2.40641e-09,508.323,16.3296,0.171956
478,1,0,80,40,45.7512,45.7512,1,2.56233e-09,608.602,11.0004,-0.0966376
478,2,0,80,40,37.0395,37.0395,1,1.55677e-09,387.2,8.67267,-0.29279
479,0,0,80,40,53.491,53.491,1,2.16903e-09,509.543,16.3011,0.17352
479,1,0,80,40,45.7512,45.7512,1,4.44788e-09,605.515,10.9921,-0.0971954
479,2,0,80,40,37.0395,37.0395,1,1.88476e-09,387.253,8.66387,-0.292292
480,0,0,80,40,53.491,53.491,1,4.91656e-09,510.67,16.2714,0.175506
480,1,0,80,40,45.7512,45.7512,1,2.56773e-09,603.019,10.9858,-0.0979436
480,2,0,80,40,37.0395,37.0395,1,3.32028e-09,387.308,8.65535,-0.29186
481,0,0,80,40,53.491,53.491,1,4.085e-09,512.096,16.244,0.177565
481,1,0,80,40,45.7512,45.7512,1,3.81749e-09,601.292,10.9817,-0.0988177
481,2,0,80,40,37.0395,37.0395,1,3.0588e-09,387.364,8.64702,-0.29146
482,0,0,80,40,53.491,53.491,1,4.71101e-09,513.831,16.2235,0.179216
482,1,0,80,40,45.7512,45.7512,1,6.10214e-09,600.177,10.9817,-0.0994159
482,2,0,80,40,37.0395,37.0395,1,1.54154e-09,387.418,8.63914,-0.291079
483,0,0,80,40,53.491,53.491,1,3.07193e-09,516.237,16.2022,0.180154
483,1,0,80,40,45.7512,45.7512,1,7.33996e-09,599.458,10.9815,-0.0994964
483,2,0,80,40,37.0395,37.0395,1,3.29106e-09,387.464,8.63155,-0.290708
484,0,0,80,40,53.491,53.491,1,6.09566e-09,519.682,16.1661,0.179965
484,1,0,80,40,45.7512,45.7512,1,6.2206e-09,599.001,10.9797,-0.0992892
484,2,0,80,40,37.0395,37.0395,1,3.1543e-09,387.499,8.62429,-0.290348
485,0,0,80,40,53.491,53.491,1,2.03107e-09,523.825,16.0979,0.179143
485,1,0,80,40,45.7512,45.7512,1,6.38431e-09,598.469,10.974,-0.0986916
485,2,0,80,40,37.0395,37.0395,1,2.68204e-09,387.53,8.61744,-0.29001
486,0,0,80,40,53.491,53.491,1,1.71019e-09,527.718,16.0375,0.179225
486,1,0,80,40,45.7512,45.7512,1,6.76988e-09,597.733,10.9643,-0.097781
486,2,0,80,40,37.0395,37.0395,1,2.67835e-09,387.556,8.61095,-0.289689
487,0,0,80,40,53.491,53.491,1,2.61326e-09,533.625,15.9578,0.1773
487,1,0,80,40,45.7512,45.7512,1,2.29693e-09,596.74,10.9514,-0.0965305
487,2,0,80,40,37.0395,37.0395,1,1.48437e-09,387.578,8.60489,-0.28937
488,0,0,80,40,53.491,53.491,1,2.45302e-09,540.301,15.8715,0.174117
488,1,0,80,40,45.7512,45.7512,1,2.88225e-09,595.644,10.9367,-0.0953416
488,2,0,80,40,37.0395,37.0395,1,2.16642e-09,387.591,8.59931,-0.289056
489,0,0,80,40,53.491,53.491,1,2.72178e-09,547.047,15.7886,0.170553
489,1,0,80,40,45.7512,45.7512,1,5.48175e-09,594.474,10.922,-0.0944732
489,2,0,80,40,37.0395,37.0395,1,4.79298e-09,387.598,8.59418,-0.28876
490,0,0,80,40,53.491,53.491,1,3.81056e-09,553.978,15.7124,0.166463
490,1,0,80,40,45.7512,45.7512,1,3.82261e-09,593.154,10.9019,-0.0937317
490,2,0,80,40,37.0395,37.0395,1,5.2429e-09,387.589,8.58994,-0.288448
491,0,0,80,40,53.491,53.491,1,2.85104e-09,561.415,15.6444,0.162176
491,1,0,80,40,45.7512,45.7512,1,7.32325e-09,591.766,10.8783,-0.0933275
491,2,0,80,40,37.0395,37.0395,1,3.24337e-09,387.558,8.58591,-0.288106
492,0,0,80,40,53.491,53.491,1,2.90493e-09,569.318,15.5869,0.157679
492,1,0,80,40,45.7512,45.7512,1,2.40914e-09,590.321,10.8514,-0.0932226
492,2,0,80,40,37.0395,37.0395,1,2.71206e-09,387.522,8.58236,-0.287782
493,0,0,80,40,53.491,53.491,1,3.46336e-09,576.893,15.5365,0.153681
493,1,0,80,40,45.7512,45.7512,1,3.00162e-09,588.822,10.8228,-0.0930833
493,2,0,80,40,37.0395,37.0395,1,3.87445e-09,387.477,8.57942,-0.28748
494,0,0,80,40,53.491,53.491,1,3.6228e-09,583.908,15.4964,0.150128
494,1,0,80,40,45.7512,45.7512,1,6.66989e-09,587.282,10.7995,-0.0924293
494,2,0,80,40,37.0395,37.0395,1,3.347e-09,387.412,8.57691,-0.287164
495,0,0,80,40,53.491,53.491,1,5.01825e-09,590.233,15.4682,0.146929
495,1,0,80,40,45.7512,45.7512,1,7.92852e-09,585.704,10.7833,-0.0903105
495,2,0,80,40,37.0395,37.0395,1,9.33426e-10,387.351,8.57499,-0.286886
496,0,0,80,40,53.491,53.491,1,3.86342e-09,595.625,15.4472,0.1449
496,1,0,80,40,45.7512,45.7512,1,4.42895e-09,584.051,10.7812,-0.0888578
496,2,0,80,40,37.0395,37.0395,1,9.4991e-10,387.289,8.57348,-0.286623
497,0,0,80,40,53.491,53.491,1,2.84388e-09,600.056,15.4376,0.14359
497,1,0,80,40,45.7512,45.7512,1,1.87651e-09,582.346,10.8006,-0.0861954
497,2,0,80,40,37.0395,37.0395,1,2.47638e-09,387.219,8.57265,-0.286393
498,0,0,80,40,53.491,53.491,1,2.82307e-09,603.744,15.432,0.142923
498,1,0,80,40,45.7512,45.7512,1,3.86234e-09,580.559,10.8242,-0.082514
498,2,0,80,40,37.0395,37.0395,1,4.21443e-09,387.142,8.57235,-0.286173
499,0,0,80,40,53.491,53.491,1,3.35558e-09,606.905,15.4375,0.142721
499,1,0,80,40,45.7512,45.7512,1,4.42708e-09,578.714,10.8335,-0.0776056
499,2,0,80,40,37.0395,37.0395,1,1.68876e-09,387.068,8.57272,-0.285997
500,0,0,80,40,53.491,53.491,1,2.83751e-09,609.568,15.4528,0.141003
500,1,0,80,40,45.7512,45.7512,1,5.15547e-09,576.835,10.834,-0.0682977
500,2,0,80,40,37.0395,37.0395,1,2.54965e-09,386.999,8.57356,-0.28585
501,0,0,80,40,53.491,53.491,1,8.33154e-09,611.636,15.4942,0.141445
501,1,0,80,40,45.7512,45.7512,1,2.24702e-09,574.938,10.8208,-0.063246
501,2,0,80,40,37.0395,37.0395,1,1.51567e-09,386.925,8.57506,-0.285731
502,0,0,80,40,53.491,53.491,1,3.99331e-09,613.104,15.5318,0.142703
502,1,0,80,40,45.7512,45.7512,1,3.6697e-09,573.04,10.8498,-0.0621579
502,2,0,80,40,37.0395,37.0395,1,2.52419e-09,386.842,8.57725,-0.285628
503,0,0,80,40,53.491,53.491,1,5.63841e-09,613.991,15.578,0.144584
503,1,0,80,40,45.7512,45.7512,1,7.64749e-09,571.16,10.8816,-0.063467
503,2,0,80,40,37.0395,37.0395,1,2.67022e-09,386.767,8.58001,-0.285563
504,0,0,80,40,53.491,53.491,1,3.06557e-09,614.476,15.6245,0.147567
504,1,0,80,40,45.7512,45.7512,1,3.36297e-09,569.302,10.9231,-0.0647088
504,2,0,80,40,37.0395,37.0395,1,5.77751e-09,386.69,8.58328,-0.285515
505,0,0,80,40,53.491,53.491,1,1.66654e-09,614.712,15.669,0.150586
505,1,0,80,40,45.7512,45.7512,1,5.10602e-09,567.477,10.9814,-0.065737
505,2,0,80,40,37.0395,37.0395,1,4.1897e-09,386.628,8.58691,-0.285506
506,0,0,80,40,53.491,53.491,1,4.28588e-09,614.571,15.7065,0.153505
506,1,0,80,40,45.7512,45.7512,1,3.67368e-09,565.698,11.0402,-0.0677668
506,2,0,80,40,37.0395,37.0395,1,2.25867e-09,386.579,8.59119,-0.28555
507,0,0,80,40,53.491,53.491,1,7.3303e-09,613.976,15.7284,0.15603
507,1,0,80,40,45.7512,45.7512,1,5.74767e-09,563.998,11.0888,-0.0690259
507,2,0,80,40,37.0395,37.0395,1,2.26271e-09,386.543,8.596,-0.285639
508,0,0,80,40,53.491,53.491,1,4.36626e-09,613.007,15.7412,0.157368
508,1,0,80,40,45.7512,45.7512,1,5.55451e-09,562.365,11.1434,-0.0704428
508,2,0,80,40,37.0395,37.0395,1,4.08653e-09,386.527,8.60112,-0.285777
509,0,0,80,40,53.491,53.491,1,3.50053e-09,611.888,15.7513,0.157412
509,1,0,80,40,45.7512,45.7512,1,4.34613e-09,560.811,11.2012,-0.0719256
509,2,0,80,40,37.0395,37.0395,1,2.45541e-09,386.537,8.60684,-0.285983
510,0,0,80,40,53.491,53.491,1,1.85912e-09,610.75,15.7587,0.156548
510,1,0,80,40,45.7512,45.7512,1,5.45049e-09,559.333,11.2528,-0.0739867
510,2,0,80,40,37.0395,37.0395,1,4.61546e-09,386.589,8.61317,-0.286292
511,0,0,80,40,53.491,53.491,1,2.55011e-09,609.329,15.7754,0.156194
511,1,0,80,40,45.7512,45.7512,1,4.18765e-09,557.984,11.307,-0.0771981
511,2,0,80,40,37.0395,37.0395,1,1.54012e-09,386.665,8.61944,-0.286617
512,0,0,80,40,53.491,53.491,1,5.3351e-09,607.665,15.81,0.156547
512,1,0,80,40,45.7512,45.7512,1,4.5253e-09,556.717,11.3624,-0.0802129
512,2,0,80,40,37.0395,37.0395,1,4.43004e-09,386.732,8.62675,-0.286972
513,0,0,80,40,53.491,53.491,1,9.07676e-09,606.03,15.8493,0.156986
513,1,0,80,40,45.7512,45.7512,1,5.05543e-09,555.584,11.4198,-0.0822761
513,2,0,80,40,37.0395,37.0395,1,3.50718e-09,386.846,8.6347,-0.287424
514,0,0,80,40,53.491,53.491,1,6.30291e-09,604.265,15.8818,0.15789
514,1,0,80,40,45.7512,45.7512,1,3.47552e-09,554.561,11.4732,-0.0838284
514,2,0,80,40,37.0395,37.0395,1,2.02431e-09,386.977,8.64334,-0.287933
515,0,0,80,40,53.491,53.491,1,3.2137e-09,602.272,15.8892,0.159621
515,1,0,80,40,45.7512,45.7512,1,4.69731e-09,553.733,11.5228,-0.0854511
515,2,0,80,40,37.0395,37.0395,1,1.99321e-09,387.132,8.6528,-0.288493
516,0,0,80,40,53.491,53.491,1,2.96279e-09,600.284,15.9066,0.160871
516,1,0,80,40,45.7512,45.7512,1,4.82385e-09,553.021,11.568,-0.087207
516,2,0,80,40,37.0395,37.0395,1,3.94948e-09,387.298,8.66359,-0.289116
517,0,0,80,40,53.491,53.491,1,7.45513e-09,598.292,15.9385,0.160314
517,1,0,80,40,45.7512,45.7512,1,3.76991e-09,552.425,11.6063,-0.0892631
517,2,0,80,40,37.0395,37.0395,1,2.5193e-09,387.534,8.67524,-0.289874
518,0,0,80,40,53.491,53.491,1,2.24861e-09,596.096,15.9751,0.15763
518,1,0,80,40,45.7512,45.7512,1,4.14161e-09,551.978,11.64,-0.0916522
518,2,0,80,40,37.0395,37.0395,1,1.54949e-09,387.747,8.68873,-0.290672
519,0,0,80,40,53.491,53.491,1,7.92636e-09,593.7,16.0296,0.154248
519,1,0,80,40,45.7512,45.7512,1,4.05453e-09,551.66,11.6744,-0.093982
519,2,0,80,40,37.0395,37.0395,1,1.73549e-09,388.021,8.70374,-0.291633
520,0,0,80,40,53.491,53.491,1,5.71117e-09,591.296,16.1049,0.149802
520,1,0,80,40,45.7512,45.7512,1,4.66895e-09,551.466,11.7118,-0.0943255
520,2,0,80,40,37.0395,37.0395,1,3.09501e-09,388.39,8.72037,-0.292801
521,0,0,80,40,53.491,53.491,1,6.94592e-09,588.906,16.1832,0.14372
521,1,0,80,40,45.7512,45.7512,1,3.8068e-09,551.431,11.7573,-0.0925742
521,2,0,80,40,37.0395,37.0395,1,2.62639e-09,388.85,8.73872,-0.294176
522,0,0,80,40,53.491,53.491,1,3.9015e-09,586.487,16.2618,0.137707
522,1,0,80,40,45.7512,45.7512,1,4.41742e-09,551.548,11.799,-0.0899216
522,2,0,80,40,37.0395,37.0395,1,2.8781e-09,389.424,8.75943,-0.295817
523,0,0,80,40,53.491,53.491,1,6.00119e-09,584.109,16.3382,0.134238
523,1,0,80,40,45.7512,45.7512,1,4.89365e-09,551.859,11.8354,-0.0868331
523,2,0,80,40,37.0395,37.0395,1,3.05624e-09,390.078,8.78326,-0.297706
524,0,0,80,40,53.491,53.491,1,1.58263e-09,581.638,16.4004,0.133968
524,1,0,80,40,45.7512,45.7512,1,6.58036e-09,552.373,11.8692,-0.0843383
524,2,0,80,40,37.0395,37.0395,1,2.42852e-09,390.839,8.80988,-0.299881
525,0,0,80,40,53.491,53.491,1,3.52526e-09,578.916,16.4445,0.135995
525,1,0,80,40,45.7512,45.7512,1,2.92545e-09,553.124,11.9055,-0.0821706
525,2,0,80,40,37.0395,37.0395,1,3.2162e-09,391.717,8.84,-0.302332
526,0,0,80,40,53.491,53.491,1,4.11819e-09,576.153,16.4749,0.138344
526,1,0,80,40,45.7512,45.7512,1,2.25896e-09,554.145,11.9494,-0.0802936
526,2,0,80,40,37.0395,37.0395,1,1.80501e-09,392.542,8.8747,-0.304897
527,0,0,80,40,53.491,53.491,1,2.70904e-09,573.128,16.4887,0.140314
527,1,0,80,40,45.7512,45.7512,1,2.95165e-09,555.493,11.999,-0.0795124
527,2,0,80,40,37.0395,37.0395,1,3.19352e-09,393.213,8.91387,-0.307518
528,0,0,80,40,53.491,53.491,1,3.3217e-09,570.035,16.4847,0.143392
528,1,0,80,40,45.7512,45.7512,1,6.01733e-09,557.211,12.051,-0.0798841
528,2,0,80,40,37.0395,37.0395,1,1.54e-09,393.983,8.95549,-0.310029
529,0,0,80,40,53.491,53.491,1,5.1391e-09,566.848,16.4738,0.147076
529,1,0,80,40,45.7512,45.7512,1,5.78927e-09,559.434,12.1017,-0.0816187
529,2,0,80,40,37.0395,37.0395,1,1.26721e-09,396.136,9.00082,-0.314056
530,0,0,80,40,53.491,53.491,1,2.77794e-09,563.631,16.4531,0.15003
530,1,0,80,40,45.7512,45.7512,1,7.97149e-09,562.261,12.1517,-0.0843789
530,2,0,80,40,37.0395,37.0395,1,2.68136e-09,400.358,9.05344,-0.320747
531,0,0,80,40,53.491,53.491,1,7.45149e-09,560.491,16.4255,0.152438
531,1,0,80,40,45.7512,45.7512,1,5.76222e-09,565.852,12.1959,-0.0885846
531,2,0,80,40,37.0395,37.0395,1,2.48201e-09,406.409,9.10387,-0.332327
532,0,0,80,40,53.491,53.491,1,2.61025e-09,557.294,16.3899,0.153987
532,1,0,80,40,45.7512,45.7512,1,5.88284e-09,570.236,12.2314,-0.0941696
532,2,0,80,40,37.0395,37.0395,1,3.38133e-09,410.319,9.12819,-0.34173
533,0,0,80,40,53.491,53.491,1,3.52867e-09,553.995,16.3367,0.153127
533,1,0,80,40,45.7512,45.7512,1,4.90047e-09,575.323,12.2565,-0.100809
533,2,0,80,40,37.0395,37.0395,1,3.12548e-09,411.442,9.11385,-0.347653
534,0,0,80,40,53.491,53.491,1,3.71426e-09,550.595,16.2778,0.151316
534,1,0,80,40,45.7512,45.7512,1,6.46537e-09,580.873,12.2673,-0.107689
534,2,0,80,40,37.0395,37.0395,1,3.99143e-09,409.123,9.06677,-0.34347
535,0,0,80,40,53.491,53.491,1,5.0286e-09,546.976,16.2261,0.148672
535,1,0,80,40,45.7512,45.7512,1,5.97993e-09,586.509,12.2656,-0.114126
535,2,0,80,40,37.0395,37.0395,1,2.3993e-09,405.722,9.01609,-0.336305
536,0,0,80,40,53.491,53.491,1,9.81208e-09,543.076,16.192,0.145328
536,1,0,80,40,45.7512,45.7512,1,5.40786e-09,591.975,12.2534,-0.120021
536,2,0,80,40,37.0395,37.0395,1,2.19882e-09,402.797,8.9736,-0.330113
537,0,0,80,40,53.491,53.491,1,2.54965e-09,538.919,16.166,0.141826
537,1,0,80,40,45.7512,45.7512,1,3.07818e-09,597.104,12.231,-0.125177
537,2,0,80,40,37.0395,37.0395,1,2.48775e-09,400.382,8.93883,-0.325004
538,0,0,80,40,53.491,53.491,1,2.66544e-09,534.589,16.1566,0.139115
538,1,0,80,40,45.7512,45.7512,1,4.76643e-09,601.817,12.1966,-0.129481
538,2,0,80,40,37.0395,37.0395,1,1.97127e-09,398.377,8.90982,-0.320743
539,0,0,80,40,53.491,53.491,1,3.32619e-09,530.403,16.1652,0.136644
539,1,0,80,40,45.7512,45.7512,1,4.29554e-09,606.042,12.1481,-0.132835
539,2,0,80,40,37.0395,37.0395,1,2.28653e-09,396.686,8.88518,-0.317136
540,0,0,80,40,53.491,53.491,1,3.46034e-09,524.878,16.1879,0.138175
540,1,0,80,40,45.7512,45.7512,1,6.53722e-09,609.711,12.0849,-0.135122
540,2,0,80,40,37.0395,37.0395,1,2.02374e-09,395.257,8.86392,-0.314054
541,0,0,80,40,53.491,53.491,1,2.5625e-09,518.724,16.2312,0.142331
541,1,0,80,40,45.7512,45.7512,1,4.66457e-09,612.788,12.0077,-0.136306
541,2,0,80,40,37.0395,37.0395,1,2.10912e-09,394.03,8.84506,-0.31139
542,0,0,80,40,53.491,53.491,1,4.58692e-09,511.598,16.2863,0.147915
542,1,0,80,40,45.7512,45.7512,1,4.35659e-09,615.277,11.9197,-0.136405
542,2,0,80,40,37.0395,37.0395,1,3.49337e-09,392.967,8.82831,-0.309064
543,0,0,80,40,53.491,53.491,1,6.56172e-09,503.719,16.3409,0.153211
543,1,0,80,40,45.7512,45.7512,1,3.62536e-09,617.242,11.8246,-0.135544
543,2,0,80,40,37.0395,37.0395,1,1.55956e-09,392.032,8.81325,-0.30701
544,0,0,80,40,53.491,53.491,1,3.82073e-09,495.406,16.4249,0.159585
544,1,0,80,40,45.7512,45.7512,1,3.71642e-09,618.729,11.7254,-0.133865
544,2,0,80,40,37.0395,37.0395,1,4.32431e-09,391.21,8.79957,-0.305202
545,0,0,80,40,53.491,53.491,1,2.57023e-09,486.096,16.4982,0.166871
545,1,0,80,40,45.7512,45.7512,1,1.92711e-09,619.894,11.6253,-0.131532
545,2,0,80,40,37.0395,37.0395,1,2.18671e-09,390.477,8.7869,-0.303571
546,0,0,80,40,53.491,53.491,1,3.00537e-09,479.331,16.5216,0.170952
546,1,0,80,40,45.7512,45.7512,1,5.61624e-09,620.902,11.5263,-0.128738
546,2,0,80,40,37.0395,37.0395,1,1.96002e-09,389.824,8.77532,-0.302133
547,0,0,80,40,53.491,53.491,1,5.79161e-09,480.512,16.4637,0.165441
547,1,0,80,40,45.7512,45.7512,1,3.4762e-09,622.138,11.428,-0.125792
547,2,0,80,40,37.0395,37.0395,1,2.01459e-09,389.24,8.76451,-0.300834
548,0,0,80,40,53.491,53.491,1,3.98234e-09,484.918,16.4471,0.15689
548,1,0,80,40,45.7512,45.7512,1,2.12458e-09,623.586,11.3318,-0.123606
548,2,0,80,40,37.0395,37.0395,1,2.68545e-09,388.725,8.75448,-0.299688
549,0,0,80,40,53.491,53.491,1,3.68061e-09,490.762,16.5119,0.146707
549,1,0,80,40,45.7512,45.7512,1,3.14128e-09,623.829,11.2357,-0.121018
549,2,0,80,40,37.0395,37.0395,1,3.49934e-09,388.269,8.74512,-0.298673
550,0,0,80,40,53.491,53.491,1,4.15628e-09,496.39,16.5633,0.138828
550,1,0,80,40,45.7512,45.7512,1,4.83465e-09,622.146,11.1469,-0.115344
550,2,0,80,40,37.0395,37.0395,1,1.59201e-09,387.857,8.73623,-0.297762
551,0,0,80,40,53.491,53.491,1,3.35115e-09,499.936,16.6003,0.135257
551,1,0,80,40,45.7512,45.7512,1,4.01701e-09,619.305,11.0726,-0.107167
551,2,0,80,40,37.0395,37.0395,1,2.5999e-09,387.485,8.72781,-0.296936
552,0,0,80,40,53.491,53.491,1,3.61081e-09,501.04,16.6428,0.136468
552,1,0,80,40,45.7512,45.7512,1,2.47894e-09,616.33,11.0143,-0.102997
552,2,0,80,40,37.0395,37.0395,1,3.03572e-09,387.157,8.71966,-0.296193
553,0,0,80,40,53.491,53.491,1,4.63882e-09,500.516,16.6588,0.141202
553,1,0,80,40,45.7512,45.7512,1,4.74972e-09,612.378,10.9792,-0.0973685
553,2,0,80,40,37.0395,37.0395,1,2.44626e-09,386.867,8.71192,-0.295524
554,0,0,80,40,53.491,53.491,1,3.01799e-09,499.042,16.6412,0.14684
554,1,0,80,40,45.7512,45.7512,1,3.15731e-09,606.897,10.9981,-0.0864762
554,2,0,80,40,37.0395,37.0395,1,3.89241e-09,386.617,8.70446,-0.294938
555,0,0,80,40,53.491,53.491,1,5.72123e-09,497.078,16.619,0.152901
555,1,0,80,40,45.7512,45.7512,1,4.20937e-09,602.89,11.0399,-0.0768648
555,2,0,80,40,37.0395,37.0395,1,1.74771e-09,386.387,8.69701,-0.294373
556,0,0,80,40,53.491,53.491,1,3.99791e-09,495.37,16.5923,0.159022
556,1,0,80,40,45.7512,45.7512,1,3.30397e-09,603.809,11.0582,-0.0735747
556,2,0,80,40,37.0395,37.0395,1,1.67711e-09,386.184,8.68967,-0.293826
557,0,0,80,40,53.491,53.491,1,2.11674e-09,494.018,16.5672,0.164257
557,1,0,80,40,45.7512,45.7512,1,3.74069e-09,605.892,10.9985,-0.0691434
557,2,0,80,40,37.0395,37.0395,1,1.56587e-09,385.991,8.68227,-0.293238
558,0,0,80,40,53.491,53.491,1,4.69021e-09,493.271,16.526,0.168421
558,1,0,80,40,45.7512,45.7512,1,4.79497e-09,610.716,10.9395,-0.0708537
558,2,0,80,40,37.0395,37.0395,1,1.6164e-09,385.937,8.67504,-0.292687
559,0,0,80,40,53.491,53.491,1,2.41641e-09,493.195,16.4504,0.172354
559,1,0,80,40,45.7512,45.7512,1,3.4795e-09,616.357,10.8918,-0.0756519
559,2,0,80,40,37.0395,37.0395,1,1.92432e-09,385.944,8.6681,-0.292178
560,0,0,80,40,53.491,53.491,1,2.96643e-09,493.415,16.3757,0.175723
560,1,0,80,40,45.7512,45.7512,1,2.17722e-09,621.601,10.8924,-0.0809982
560,2,0,80,40,37.0395,37.0395,1,1.65767e-09,385.984,8.66138,-0.291742
561,0,0,80,40,53.491,53.491,1,4.8982e-09,493.724,16.3115,0.178475
561,1,0,80,40,45.7512,45.7512,1,4.35011e-09,627.086,10.9086,-0.0885613
561,2,0,80,40,37.0395,37.0395,1,4.22875e-09,386.03,8.6549,-0.291388
562,0,0,80,40,53.491,53.491,1,4.59858e-09,494.27,16.256,0.180509
562,1,0,80,40,45.7512,45.7512,1,5.14598e-09,631.097,10.9061,-0.0935926
562,2,0,80,40,37.0395,37.0395,1,2.26009e-09,386.124,8.64845,-0.291151
563,0,0,80,40,53.491,53.491,1,3.50042e-09,495.376,16.2066,0.181502
563,1,0,80,40,45.7512,45.7512,1,2.21223e-09,634.221,10.9025,-0.0969703
563,2,0,80,40,37.0395,37.0395,1,3.69448e-09,386.182,8.64174,-0.290768
564,0,0,80,40,53.491,53.491,1,3.29732e-09,497.059,16.1623,0.181583
564,1,0,80,40,45.7512,45.7512,1,1.84207e-09,636.877,10.9012,-0.0997201
564,2,0,80,40,37.0395,37.0395,1,2.17376e-09,386.221,8.63507,-0.290365
565,0,0,80,40,53.491,53.491,1,4.19573e-09,499.283,16.1222,0.180835
565,1,0,80,40,45.7512,45.7512,1,4.2595e-09,639.131,10.9038,-0.101955
565,2,0,80,40,37.0395,37.0395,1,2.75105e-09,386.249,8.62834,-0.289959
566,0,0,80,40,53.491,53.491,1,4.05356e-09,501.624,16.094,0.17981
566,1,0,80,40,45.7512,45.7512,1,2.22076e-09,641.04,10.9098,-0.103835
566,2,0,80,40,37.0395,37.0395,1,2.08752e-09,386.278,8.62195,-0.28957
567,0,0,80,40,53.491,53.491,1,2.40578e-09,504.156,16.0706,0.178775
567,1,0,80,40,45.7512,45.7512,1,3.26986e-09,642.711,10.9168,-0.105488
567,2,0,80,40,37.0395,37.0395,1,2.65857e-09,386.296,8.6158,-0.289181
568,0,0,80,40,53.491,53.491,1,3.18045e-09,506.597,16.0588,0.178056
568,1,0,80,40,45.7512,45.7512,1,3.53566e-09,644.37,10.9227,-0.107058
568,2,0,80,40,37.0395,37.0395,1,3.00378e-09,386.263,8.60953,-0.288697
569,0,0,80,40,53.491,53.491,1,3.22893e-09,508.877,16.0614,0.178018
569,1,0,80,40,45.7512,45.7512,1,3.41845e-09,645.957,10.9267,-0.108681
569,2,0,80,40,37.0395,37.0395,1,1.71815e-09,386.223,8.6034,-0.28823
570,0,0,80,40,53.491,53.491,1,3.46523e-09,511.001,16.0721,0.178667
570,1,0,80,40,45.7512,45.7512,1,7.18217e-09,647.045,10.9289,-0.110116
570,2,0,80,40,37.0395,37.0395,1,3.43209e-09,386.177,8.5975,-0.287776
571,0,0,80,40,53.491,53.491,1,2.74764e-09,513.135,16.0787,0.179505
571,1,0,80,40,45.7512,45.7512,1,7.1376e-09,646.167,10.9326,-0.109906
571,2,0,80,40,37.0395,37.0395,1,2.75037e-09,386.102,8.59169,-0.28728
572,0,0,80,40,53.491,53.491,1,5.69156e-09,515.703,16.0669,0.180178
572,1,0,80,40,45.7512,45.7512,1,5.30542e-09,643.091,10.9481,-0.107164
572,2,0,80,40,37.0395,37.0395,1,1.56507e-09,386.027,8.58628,-0.286802
573,0,0,80,40,53.491,53.491,1,3.13139e-09,518.554,16.0431,0.180478
573,1,0,80,40,45.7512,45.7512,1,2.88298e-09,640.121,10.9613,-0.104945
573,2,0,80,40,37.0395,37.0395,1,1.7298e-09,385.944,8.58129,-0.286337
574,0,0,80,40,53.491,53.491,1,2.53749e-09,522.011,16.0073,0.180315
574,1,0,80,40,45.7512,45.7512,1,3.01623e-09,637.034,10.9601,-0.103183
574,2,0,80,40,37.0395,37.0395,1,2.57342e-09,385.847,8.57685,-0.285866
575,0,0,80,40,53.491,53.491,1,3.07404e-09,526.065,15.9627,0.179521
575,1,0,80,40,45.7512,45.7512,1,4.63456e-09,633.436,10.9549,-0.101044
575,2,0,80,40,37.0395,37.0395,1,4.71749e-09,385.739,8.57284,-0.285395
576,0,0,80,40,53.491,53.491,1,4.29304e-09,530.846,15.9074,0.17886
576,1,0,80,40,45.7512,45.7512,1,2.58854e-09,629.618,10.9524,-0.098766
576,2,0,80,40,37.0395,37.0395,1,2.30659e-09,385.649,8.56974,-0.285001
577,0,0,80,40,53.491,53.491,1,3.35001e-09,537.064,15.8308,0.176494
577,1,0,80,40,45.7512,45.7512,1,6.97514e-09,625.926,10.9538,-0.0968622
577,2,0,80,40,37.0395,37.0395,1,1.2102e-09,385.558,8.56699,-0.284613
578,0,0,80,40,53.491,53.491,1,5.46788e-09,543.923,15.7474,0.173166
578,1,0,80,40,45.7512,45.7512,1,7.76174e-09,622.591,10.9563,-0.0958189
578,2,0,80,40,37.0395,37.0395,1,3.60291e-09,385.465,8.5648,-0.284249
579,0,0,80,40,53.491,53.491,1,1.88277e-09,550.747,15.6676,0.169572
579,1,0,80,40,45.7512,45.7512,1,3.06568e-09,619.74,10.9574,-0.0960233
579,2,0,80,40,37.0395,37.0395,1,1.62578e-09,385.393,8.56318,-0.283948
580,0,0,80,40,53.491,53.491,1,5.3036e-09,557.57,15.5941,0.165571
580,1,0,80,40,45.7512,45.7512,1,4.26769e-09,617.149,10.9598,-0.0970701
580,2,0,80,40,37.0395,37.0395,1,3.85978e-09,385.33,8.56246,-0.283707
581,0,0,80,40,53.491,53.491,1,1.76135e-09,565.116,15.5279,0.161356
581,1,0,80,40,45.7512,45.7512,1,2.80676e-09,614.624,10.9644,-0.0983897
581,2,0,80,40,37.0395,37.0395,1,3.36678e-09,385.278,8.56256,-0.283521
582,0,0,80,40,53.491,53.491,1,4.13803e-09,572.857,15.4724,0.157037
582,1,0,80,40,45.7512,45.7512,1,6.29097e-09,612.244,10.97,-0.0999347
582,2,0,80,40,37.0395,37.0395,1,3.70721e-09,385.246,8.56335,-0.283403
583,0,0,80,40,53.491,53.491,1,2.2053e-09,580.125,15.4257,0.153265
583,1,0,80,40,45.7512,45.7512,1,4.60204e-09,610.092,10.9753,-0.101701
583,2,0,80,40,37.0395,37.0395,1,2.78857e-09,385.238,8.56481,-0.283355
584,0,0,80,40,53.491,53.491,1,2.98763e-09,586.827,15.3891,0.149788
584,1,0,80,40,45.7512,45.7512,1,5.89193e-09,608.193,10.9784,-0.103132
584,2,0,80,40,37.0395,37.0395,1,2.55943e-09,385.25,8.56697,-0.28337
585,0,0,80,40,53.491,53.491,1,5.09806e-09,592.842,15.3607,0.146796
585,1,0,80,40,45.7512,45.7512,1,4.45505e-09,606.484,10.98,-0.103612
585,2,0,80,40,37.0395,37.0395,1,1.77238e-09,385.281,8.57015,-0.283476
586,0,0,80,40,53.491,53.491,1,3.17885e-09,597.978,15.3423,0.144896
586,1,0,80,40,45.7512,45.7512,1,3.91481e-09,604.888,10.9808,-0.103046
586,2,0,80,40,37.0395,37.0395,1,1.73782e-09,385.346,8.57389,-0.283667
587,0,0,80,40,53.491,53.491,1,4.06078e-09,602.226,15.3332,0.143376
587,1,0,80,40,45.7512,45.7512,1,5.40876e-09,603.364,10.9806,-0.101802
587,2,0,80,40,37.0395,37.0395,1,3.59717e-09,385.448,8.57812,-0.283947
588,0,0,80,40,53.491,53.491,1,2.6115e-09,605.681,15.3381,0.14292
588,1,0,80,40,45.7512,45.7512,1,4.09761e-09,601.91,10.9797,-0.100275
588,2,0,80,40,37.0395,37.0395,1,2.24429e-09,385.587,8.58277,-0.284306
589,0,0,80,40,53.491,53.491,1,4.5934e-09,608.424,15.3694,0.141064
589,1,0,80,40,45.7512,45.7512,1,5.65035e-09,600.465,10.9775,-0.0985835
589,2,0,80,40,37.0395,37.0395,1,2.17375e-09,385.766,8.58794,-0.284768
590,0,0,80,40,53.491,53.491,1,2.44063e-09,610.664,15.403,0.141983
590,1,0,80,40,45.7512,45.7512,1,4.6989e-09,599.025,10.9734,-0.0968368
590,2,0,80,40,37.0395,37.0395,1,2.27067e-09,385.981,8.59343,-0.285307
591,0,0,80,40,53.491,53.491,1,4.64934e-09,612.49,15.4396,0.141513
591,1,0,80,40,45.7512,45.7512,1,6.41148e-09,597.607,10.9666,-0.0951736
591,2,0,80,40,37.0395,37.0395,1,3.29771e-09,386.223,8.59934,-0.285908
592,0,0,80,40,53.491,53.491,1,3.11468e-09,613.867,15.497,0.142472
592,1,0,80,40,45.7512,45.7512,1,3.77713e-09,596.206,10.9566,-0.093729
592,2,0,80,40,37.0395,37.0395,1,2.13055e-09,386.488,8.60572,-0.28657
593,0,0,80,40,53.491,53.491,1,3.16982e-09,614.69,15.5651,0.145501
593,1,0,80,40,45.7512,45.7512,1,2.36673e-09,594.832,10.9419,-0.0926732
593,2,0,80,40,37.0395,37.0395,1,1.4889e-09,386.8,8.61249,-0.287321
594,0,0,80,40,53.491,53.491,1,1.40255e-09,614.961,15.6385,0.149834
594,1,0,80,40,45.7512,45.7512,1,5.77779e-09,593.437,10.9208,-0.092129
594,2,0,80,40,37.0395,37.0395,1,2.12407e-09,387.128,8.61988,-0.288124
595,0,0,80,40,53.491,53.491,1,4.04452e-09,614.883,15.6993,0.154281
595,1,0,80,40,45.7512,45.7512,1,3.05795e-09,592.029,10.8921,-0.0923622
595,2,0,80,40,37.0395,37.0395,1,1.50612e-09,387.505,8.62789,-0.289041
596,0,0,80,40,53.491,53.491,1,4.68469e-09,614.519,15.7302,0.158136
596,1,0,80,40,45.7512,45.7512,1,4.92594e-09,590.594,10.8635,-0.0934692
596,2,0,80,40,37.0395,37.0395,1,1.39624e-09,387.928,8.63667,-0.290056
597,0,0,80,40,53.491,53.491,1,5.71924e-09,613.782,15.7377,0.160599
597,1,0,80,40,45.7512,45.7512,1,3.45824e-09,589.135,10.8387,-0.0937963
597,2,0,80,40,37.0395,37.0395,1,1.94876e-09,388.378,8.64652,-0.291152
598,0,0,80,40,53.491,53.491,1,4.11615e-09,612.799,15.7384,0.161205
598,1,0,80,40,45.7512,45.7512,1,9.23126e-09,587.646,10.7685,-0.0911395
598,2,0,80,40,37.0395,37.0395,1,4.51382e-09,388.867,8.65777,-0.292359
599,0,0,80,40,53.491,53.491,1,3.1954e-09,611.695,15.7464,0.160565
599,1,0,80,40,45.7512,45.7512,1,1.95632e-09,586.067,10.703,-0.0914844
599,2,0,80,40,37.0395,37.0395,1,3.79367e-09,389.305,8.67136,-0.293532
600,0,0,80,40,53.491,53.491,1,3.6074e-09,610.393,15.7599,0.159794
600,1,0,80,40,45.7512,45.7512,1,1.04991e-08,584.491,10.6638,-0.0897645
600,2,0,80,40,37.0395,37.0395,1,2.53073e-09,389.73,8.68719,-0.294747
601,0,0,80,40,53.491,53.491,1,1.96985e-09,608.829,15.7751,0.15939
601,1,0,80,40,45.7512,45.7512,1,4.91502e-09,582.909,10.6432,-0.0888548
601,2,0,80,40,37.0395,37.0395,1,3.18505e-09,390.148,8.70486,-0.296038
602,0,0,80,40,53.491,53.491,1,2.5567e-09,607.25,15.7927,0.158375
602,1,0,80,40,45.7512,45.7512,1,3.4812e-09,581.355,10.6161,-0.0839762
602,2,0,80,40,37.0395,37.0395,1,2.55397e-09,390.666,8.72564,-0.297555
603,0,0,80,40,53.491,53.491,1,2.95779e-09,605.749,15.8097,0.155935
603,1,0,80,40,45.7512,45.7512,1,5.51847e-09,579.767,10.6399,-0.0797986
603,2,0,80,40,37.0395,37.0395,1,1.53409e-09,391.307,8.75028,-0.299359
604,0,0,80,40,53.491,53.491,1,6.86123e-09,604.035,15.8338,0.153782
604,1,0,80,40,45.7512,45.7512,1,9.22284e-09,578.158,10.6458,-0.0774992
604,2,0,80,40,37.0395,37.0395,1,2.61002e-09,392.184,8.77898,-0.301645
605,0,0,80,40,53.491,53.491,1,2.33911e-09,602.084,15.8694,0.152444
605,1,0,80,40,45.7512,45.7512,1,3.69698e-09,576.515,10.6465,-0.0699865
605,2,0,80,40,37.0395,37.0395,1,1.65932e-09,393.315,8.81047,-0.304523
606,0,0,80,40,53.491,53.491,1,2.80534e-09,600.119,15.9197,0.149822
606,1,0,80,40,45.7512,45.7512,1,4.79497e-09,574.873,10.6422,-0.0681717
606,2,0,80,40,37.0395,37.0395,1,2.08837e-09,394.59,8.84556,-0.307704
607,0,0,80,40,53.491,53.491,1,5.4448e-09,598.014,15.9721,0.147056
607,1,0,80,40,45.7512,45.7512,1,4.02224e-09,573.202,10.6704,-0.0648099
607,2,0,80,40,37.0395,37.0395,1,3.79094e-09,396.131,8.88585,-0.311372
608,0,0,80,40,53.491,53.491,1,2.34201e-09,595.726,16.017,0.145039
608,1,0,80,40,45.7512,45.7512,1,2.12276e-09,571.497,10.7353,-0.0625557
608,2,0,80,40,37.0395,37.0395,1,2.66328e-09,398.352,8.93207,-0.316147
609,0,0,80,40,53.491,53.491,1,8.10815e-09,593.351,16.0784,0.144025
609,1,0,80,40,45.7512,45.7512,1,4.27349e-09,569.797,10.8243,-0.0623807
609,2,0,80,40,37.0395,37.0395,1,3.19403e-09,400.845,8.98365,-0.321586
610,0,0,80,40,53.491,53.491,1,2.58115e-09,591.001,16.1306,0.142981
610,1,0,80,40,45.7512,45.7512,1,3.05636e-09,568.118,10.9143,-0.0646132
610,2,0,80,40,37.0395,37.0395,1,5.30355e-09,403.319,9.0352,-0.327297
611,0,0,80,40,53.491,53.491,1,2.94813e-09,588.646,16.1718,0.142358
611,1,0,80,40,45.7512,45.7512,1,2.52555e-09,566.458,10.9921,-0.0680265
611,2,0,80,40,37.0395,37.0395,1,1.90096e-09,406.066,9.07723,-0.334119
612,0,0,80,40,53.491,53.491,1,2.35582e-09,586.246,16.2128,0.142602
612,1,0,80,40,45.7512,45.7512,1,3.20006e-09,564.88,11.0746,-0.0714252
612,2,0,80,40,37.0395,37.0395,1,4.28315e-09,408.733,9.09659,-0.340311
613,0,0,80,40,53.491,53.491,1,2.55278e-09,583.768,16.2501,0.14355
613,1,0,80,40,45.7512,45.7512,1,2.82324e-09,563.386,11.1369,-0.0750656
613,2,0,80,40,37.0395,37.0395,1,3.0501e-09,410.331,9.08505,-0.344734
614,0,0,80,40,53.491,53.491,1,3.05431e-09,581.145,16.2817,0.145012
614,1,0,80,40,45.7512,45.7512,1,1.97042e-09,561.976,11.2053,-0.078189
614,2,0,80,40,37.0395,37.0395,1,1.65682e-09,408.76,9.0463,-0.34218
615,0,0,80,40,53.491,53.491,1,3.94778e-09,578.368,16.3066,0.146646
615,1,0,80,40,45.7512,45.7512,1,6.06212e-09,560.656,11.2647,-0.0817294
615,2,0,80,40,37.0395,37.0395,1,2.99087e-09,406.07,9.00307,-0.336727
616,0,0,80,40,53.491,53.491,1,4.34318e-09,575.665,16.3187,0.148081
616,1,0,80,40,45.7512,45.7512,1,3.09433e-09,559.442,11.3252,-0.0851184
616,2,0,80,40,37.0395,37.0395,1,1.37544e-09,403.583,8.96555,-0.331564
617,0,0,80,40,53.491,53.491,1,2.61025e-09,572.834,16.3268,0.149754
617,1,0,80,40,45.7512,45.7512,1,3.26611e-09,558.34,11.3832,-0.0886171
617,2,0,80,40,37.0395,37.0395,1,2.76896e-09,401.455,8.93421,-0.327092
618,0,0,80,40,53.491,53.491,1,1.83758e-09,570.084,16.3301,0.151683
618,1,0,80,40,45.7512,45.7512,1,5.14672e-09,557.367,11.4408,-0.0922703
618,2,0,80,40,37.0395,37.0395,1,1.51533e-09,399.626,8.90801,-0.32324
619,0,0,80,40,53.491,53.491,1,1.93802e-09,567.283,16.3318,0.153438
619,1,0,80,40,45.7512,45.7512,1,3.46245e-09,556.491,11.4967,-0.0959982
619,2,0,80,40,37.0395,37.0395,1,2.8819e-09,398.054,8.88584,-0.319925
620,0,0,80,40,53.491,53.491,1,4.16696e-09,564.428,16.3315,0.154454
620,1,0,80,40,45.7512,45.7512,1,4.01553e-09,555.755,11.5493,-0.0996376
620,2,0,80,40,37.0395,37.0395,1,3.09774e-09,396.691,8.86681,-0.317051
621,0,0,80,40,53.491,53.491,1,3.79151e-09,561.402,16.3397,0.155363
621,1,0,80,40,45.7512,45.7512,1,5.12932e-09,555.12,11.595,-0.10279
621,2,0,80,40,37.0395,37.0395,1,3.90509e-09,395.493,8.8502,-0.314523
622,0,0,80,40,53.491,53.491,1,3.43562e-09,558.18,16.3281,0.154862
622,1,0,80,40,45.7512,45.7512,1,5.07873e-09,554.602,11.6328,-0.10426
622,2,0,80,40,37.0395,37.0395,1,2.35514e-09,394.446,8.83526,-0.312295
623,0,0,80,40,53.491,53.491,1,2.07081e-09,554.76,16.2968,0.152786
623,1,0,80,40,45.7512,45.7512,1,5.54121e-09,554.197,11.6716,-0.102544
623,2,0,80,40,37.0395,37.0395,1,4.06789e-09,393.523,8.82158,-0.310308
624,0,0,80,40,53.491,53.491,1,3.19073e-09,551.194,16.2578,0.14986
624,1,0,80,40,45.7512,45.7512,1,4.45937e-09,553.912,11.6989,-0.10034
624,2,0,80,40,37.0395,37.0395,1,1.98804e-09,392.698,8.80883,-0.308511
625,0,0,80,40,53.491,53.491,1,3.90935e-09,547.41,16.2321,0.146015
625,1,0,80,40,45.7512,45.7512,1,3.50406e-09,553.747,11.712,-0.0977239
625,2,0,80,40,37.0395,37.0395,1,5.73721e-09,391.954,8.79691,-0.306875
626,0,0,80,40,53.491,53.491,1,2.50861e-09,543.453,16.2086,0.141928
626,1,0,80,40,45.7512,45.7512,1,7.94489e-09,553.738,11.7237,-0.0944627
626,2,0,80,40,37.0395,37.0395,1,1.82763e-09,391.284,8.78559,-0.305377
627,0,0,80,40,53.491,53.491,1,2.65732e-09,539.043,16.2123,0.137851
627,1,0,80,40,45.7512,45.7512,1,3.88332e-09,553.888,11.7389,-0.0909763
627,2,0,80,40,37.0395,37.0395,1,3.88388e-09,390.676,8.7748,-0.303993
628,0,0,80,40,53.491,53.491,1,5.28451e-09,534.172,16.2506,0.134612
628,1,0,80,40,45.7512,45.7512,1,2.24151e-09,554.227,11.7591,-0.0876006
628,2,0,80,40,37.0395,37.0395,1,4.35341e-09,390.12,8.76451,-0.302707
629,0,0,80,40,53.491,53.491,1,2.5745e-09,529.028,16.3097,0.132762
629,1,0,80,40,45.7512,45.7512,1,2.27942e-09,554.775,11.785,-0.0845395
629,2,0,80,40,37.0395,37.0395,1,4.6586e-09,389.613,8.75464,-0.301512
630,0,0,80,40,53.491,53.491,1,1.33491e-09,521.929,16.3935,0.135562
630,1,0,80,40,45.7512,45.7512,1,3.58256e-09,555.563,11.8176,-0.0820495
630,2,0,80,40,37.0395,37.0395,1,2.60286e-09,389.153,8.74515,-0.300402
631,0,0,80,40,53.491,53.491,1,2.7577e-09,513.638,16.5015,0.141013
631,1,0,80,40,45.7512,45.7512,1,6.37613e-09,556.624,11.8571,-0.0804355
631,2,0,80,40,37.0395,37.0395,1,1.73264e-09,388.734,8.73599,-0.299367
632,0,0,80,40,53.491,53.491,1,3.24752e-09,505.074,16.6275,0.146507
632,1,0,80,40,45.7512,45.7512,1,4.98255e-09,558.032,11.9047,-0.0798588
632,2,0,80,40,37.0395,37.0395,1,2.55784e-09,388.346,8.72714,-0.298403
633,0,0,80,40,53.491,53.491,1,2.46098e-09,494.796,16.7525,0.155217
633,1,0,80,40,45.7512,45.7512,1,4.14025e-09,559.895,11.9598,-0.0804572
633,2,0,80,40,37.0395,37.0395,1,1.55256e-09,387.99,8.71859,-0.297498
634,0,0,80,40,53.491,53.491,1,2.63344e-09,484.033,16.8713,0.164152
634,1,0,80,40,45.7512,45.7512,1,3.80078e-09,562.268,12.0196,-0.0823137
634,2,0,80,40,37.0395,37.0395,1,3.16624e-09,387.667,8.71046,-0.29667
635,0,0,80,40,53.491,53.491,1,6.90443e-09,474.339,16.9632,0.172449
635,1,0,80,40,45.7512,45.7512,1,4.15218e-09,565.355,12.0798,-0.0856597
635,2,0,80,40,37.0395,37.0395,1,2.50282e-09,387.379,8.70321,-0.295981
636,0,0,80,40,53.491,53.491,1,3.70267e-09,467.903,17.007,0.176485
636,1,0,80,40,45.7512,45.7512,1,2.99087e-09,569.253,12.1356,-0.0905264
636,2,0,80,40,37.0395,37.0395,1,2.11958e-09,387.107,8.69561,-0.295279
637,0,0,80,40,53.491,53.491,1,1.96161e-09,466.473,17.0425,0.173844
637,1,0,80,40,45.7512,45.7512,1,2.30449e-09,573.976,12.1816,-0.09681
637,2,0,80,40,37.0395,37.0395,1,3.08728e-09,386.869,8.68879,-0.294797
638,0,0,80,40,53.491,53.491,1,2.09502e-09,470.496,17.0811,0.164651
638,1,0,80,40,45.7512,45.7512,1,2.08973e-09,579.384,12.2143,-0.10398
638,2,0,80,40,37.0395,37.0395,1,1.8199e-09,386.656,8.68252,-0.294372
639,0,0,80,40,53.491,53.491,1,2.01828e-09,477.002,17.1484,0.153046
639,1,0,80,40,45.7512,45.7512,1,5.8252e-09,585.181,12.2322,-0.111293
639,2,0,80,40,37.0395,37.0395,1,3.83449e-09,386.465,8.6765,-0.293985
640,0,0,80,40,53.491,53.491,1,4.65002e-09,483.023,17.1883,0.14369
640,1,0,80,40,45.7512,45.7512,1,5.49733e-09,591.136,12.2352,-0.118393
640,2,0,80,40,37.0395,37.0395,1,2.2427e-09,386.292,8.67051,-0.293666
641,0,0,80,40,53.491,53.491,1,4.67463e-09,489.152,17.1745,0.135432
641,1,0,80,40,45.7512,45.7512,1,3.74916e-09,597.029,12.2233,-0.125004
641,2,0,80,40,37.0395,37.0395,1,1.35731e-09,386.204,8.66511,-0.293398
642,0,0,80,40,53.491,53.491,1,2.89225e-09,494.065,17.1784,0.1297
642,1,0,80,40,45.7512,45.7512,1,3.12269e-09,602.624,12.1945,-0.13082
642,2,0,80,40,37.0395,37.0395,1,1.73225e-09,386.315,8.65958,-0.293115
643,0,0,80,40,53.491,53.491,1,4.48858e-09,496.618,17.1913,0.127441
643,1,0,80,40,45.7512,45.7512,1,4.92571e-09,607.715,12.1474,-0.135482
643,2,0,80,40,37.0395,37.0395,1,2.29699e-09,386.408,8.65442,-0.292852
644,0,0,80,40,53.491,53.491,1,4.01678e-09,496.856,17.1895,0.130073
644,1,0,80,40,45.7512,45.7512,1,4.51359e-09,612.182,12.081,-0.138896
644,2,0,80,40,37.0395,37.0395,1,4.65036e-09,386.565,8.64914,-0.292693
645,0,0,80,40,53.491,53.491,1,2.83308e-09,495.598,17.1623,0.136075
645,1,0,80,40,45.7512,45.7512,1,3.68198e-09,616.08,11.9971,-0.141124
645,2,0,80,40,37.0395,37.0395,1,3.48399e-09,386.667,8.6444,-0.292498
646,0,0,80,40,53.491,53.491,1,1.84207e-09,493.554,17.1055,0.144027
646,1,0,80,40,45.7512,45.7512,1,4.605e-09,619.531,11.8987,-0.142362
646,2,0,80,40,37.0395,37.0395,1,3.48922e-09,386.763,8.6392,-0.292246
647,0,0,80,40,53.491,53.491,1,2.97649e-09,491.679,17.0247,0.151573
647,1,0,80,40,45.7512,45.7512,1,4.54429e-09,622.51,11.7893,-0.142635
647,2,0,80,40,37.0395,37.0395,1,3.15572e-09,386.865,8.63454,-0.292047
648,0,0,80,40,53.491,53.491,1,2.9633e-09,490.338,16.9286,0.158256
648,1,0,80,40,45.7512,45.7512,1,5.23642e-09,624.942,11.673,-0.142041
648,2,0,80,40,37.0395,37.0395,1,1.94751e-09,386.921,8.62958,-0.291739
649,0,0,80,40,53.491,53.491,1,3.31914e-09,490.191,16.8281,0.163006
649,1,0,80,40,45.7512,45.7512,1,5.1557e-09,626.709,11.5537,-0.140604
649,2,0,80,40,37.0395,37.0395,1,4.03611e-09,386.909,8.62462,-0.291328
650,0,0,80,40,53.491,53.491,1,4.97198e-09,491.026,16.7291,0.166105
650,1,0,80,40,45.7512,45.7512,1,3.9613e-09,627.417,11.4357,-0.138034
650,2,0,80,40,37.0395,37.0395,1,3.6303e-09,386.874,8.61991,-0.290897
651,0,0,80,40,53.491,53.491,1,3.48598e-09,492.519,16.635,0.168316
651,1,0,80,40,45.7512,45.7512,1,5.85692e-09,626.927,11.3125,-0.133142
651,2,0,80,40,37.0395,37.0395,1,1.51357e-09,386.842,8.61553,-0.290498
652,0,0,80,40,53.491,53.491,1,3.5842e-09,494.504,16.5423,0.170296
652,1,0,80,40,45.7512,45.7512,1,5.8119e-09,624.921,11.1958,-0.127195
652,2,0,80,40,37.0395,37.0395,1,3.15305e-09,386.801,8.61147,-0.290095
653,0,0,80,40,53.491,53.491,1,3.14884e-09,496.545,16.4598,0.172128
653,1,0,80,40,45.7512,45.7512,1,5.66627e-09,621.416,11.0942,-0.11852
653,2,0,80,40,37.0395,37.0395,1,2.67835e-09,386.768,8.60777,-0.289728
654,0,0,80,40,53.491,53.491,1,4.75353e-09,498.841,16.3848,0.173526
654,1,0,80,40,45.7512,45.7512,1,3.50667e-09,617.174,11.0186,-0.109901
654,2,0,80,40,37.0395,37.0395,1,2.5131e-09,386.72,8.60436,-0.289355
655,0,0,80,40,53.491,53.491,1,2.58802e-09,501.344,16.3184,0.174467
655,1,0,80,40,45.7512,45.7512,1,4.86341e-09,612.551,10.9669,-0.098963
655,2,0,80,40,37.0395,37.0395,1,2.0309e-09,386.67,8.60135,-0.28901
656,0,0,80,40,53.491,53.491,1,7.10304e-09,503.907,16.2581,0.175133
656,1,0,80,40,45.7512,45.7512,1,5.90376e-09,610.578,10.942,-0.0921544
656,2,0,80,40,37.0395,37.0395,1,2.18125e-09,386.623,8.5987,-0.288698
657,0,0,80,40,53.491,53.491,1,5.95782e-09,506.142,16.201,0.176177
657,1,0,80,40,45.7512,45.7512,1,4.40963e-09,609.732,10.9254,-0.088095
657,2,0,80,40,37.0395,37.0395,1,2.23935e-09,386.578,8.59643,-0.288411
658,0,0,80,40,53.491,53.491,1,2.69637e-09,507.927,16.152,0.177624
658,1,0,80,40,45.7512,45.7512,1,2.41619e-09,610.093,10.92,-0.0850732
658,2,0,80,40,37.0395,37.0395,1,1.99316e-09,386.53,8.59449,-0.288138
659,0,0,80,40,53.491,53.491,1,3.6037e-09,509.335,16.1194,0.179316
659,1,0,80,40,45.7512,45.7512,1,4.83556e-09,612.204,10.9033,-0.0842577
659,2,0,80,40,37.0395,37.0395,1,3.81914e-09,386.498,8.59297,-0.287919
660,0,0,80,40,53.491,53.491,1,3.04289e-09,510.736,16.103,0.180829
660,1,0,80,40,45.7512,45.7512,1,5.16593e-09,615.289,10.891,-0.0856434
660,2,0,80,40,37.0395,37.0395,1,2.36167e-09,386.486,8.59177,-0.287752
661,0,0,80,40,53.491,53.491,1,2.42017e-09,512.561,16.0989,0.181666
661,1,0,80,40,45.7512,45.7512,1,3.78145e-09,619.07,10.8948,-0.0884677
661,2,0,80,40,37.0395,37.0395,1,1.22714e-09,386.479,8.59086,-0.287607
662,0,0,80,40,53.491,53.491,1,5.00376e-09,514.865,16.0977,0.18176
662,1,0,80,40,45.7512,45.7512,1,3.13798e-09,622.991,10.8895,-0.0916102
662,2,0,80,40,37.0395,37.0395,1,1.98406e-09,386.489,8.59024,-0.287506
663,0,0,80,40,53.491,53.491,1,3.03669e-09,517.477,16.0891,0.181491
663,1,0,80,40,45.7512,45.7512,1,4.18186e-09,627.239,10.8793,-0.0954603
663,2,0,80,40,37.0395,37.0395,1,2.85706e-09,386.525,8.58997,-0.28747
664,0,0,80,40,53.491,53.491,1,5.13455e-09,521.007,16.0665,0.18046
664,1,0,80,40,45.7512,45.7512,1,4.49086e-09,631.112,10.877,-0.0990523
664,2,0,80,40,37.0395,37.0395,1,1.88896e-09,386.587,8.59015,-0.287499
665,0,0,80,40,53.491,53.491,1,4.55151e-09,524.843,16.0366,0.179222
665,1,0,80,40,45.7512,45.7512,1,5.17753e-09,634.336,10.8746,-0.102176
665,2,0,80,40,37.0395,37.0395,1,2.59053e-09,386.674,8.59064,-0.287585
666,0,0,80,40,53.491,53.491,1,5.39637e-09,529.825,15.9863,0.177911
666,1,0,80,40,45.7512,45.7512,1,3.35126e-09,637.07,10.8755,-0.104742
666,2,0,80,40,37.0395,37.0395,1,3.99655e-09,386.789,8.59156,-0.287735
667,0,0,80,40,53.491,53.491,1,2.57336e-09,536.284,15.9093,0.175019
667,1,0,80,40,45.7512,45.7512,1,5.12694e-09,639.301,10.8766,-0.106714
667,2,0,80,40,37.0395,37.0395,1,2.75276e-09,386.944,8.59287,-0.287975
668,0,0,80,40,53.491,53.491,1,3.41049e-09,543.211,15.8254,0.171574
668,1,0,80,40,45.7512,45.7512,1,4.91372e-09,641.162,10.8751,-0.108177
668,2,0,80,40,37.0395,37.0395,1,2.2863e-09,387.146,8.59459,-0.288314
669,0,0,80,40,53.491,53.491,1,3.65867e-09,550.264,15.7383,0.167789
669,1,0,80,40,45.7512,45.7512,1,7.83609e-09,642.889,10.8712,-0.109341
669,2,0,80,40,37.0395,37.0395,1,4.46568e-09,387.391,8.59658,-0.288732
670,0,0,80,40,53.491,53.491,1,4.74688e-09,557.583,15.6518,0.163669
670,1,0,80,40,45.7512,45.7512,1,4.63922e-09,644.499,10.865,-0.110353
670,2,0,80,40,37.0395,37.0395,1,1.63641e-09,387.666,8.59916,-0.289219
671,0,0,80,40,53.491,53.491,1,8.61769e-09,565.699,15.5748,0.159185
671,1,0,80,40,45.7512,45.7512,1,4.37615e-09,646.034,10.8572,-0.111335
671,2,0,80,40,37.0395,37.0395,1,3.32068e-09,387.989,8.60222,-0.289804
672,0,0,80,40,53.491,53.491,1,5.43207e-09,573.756,15.5116,0.154785
672,1,0,80,40,45.7512,45.7512,1,3.59364e-09,647.302,10.8497,-0.112185
672,2,0,80,40,37.0395,37.0395,1,2.36622e-09,388.345,8.60601,-0.290462
673,0,0,80,40,53.491,53.491,1,3.011e-09,581.225,15.463,0.150893
673,1,0,80,40,45.7512,45.7512,1,2.73212e-09,647.871,10.8443,-0.112612
673,2,0,80,40,37.0395,37.0395,1,5.08038e-09,388.736,8.61057,-0.291212
674,0,0,80,40,53.491,53.491,1,3.56852e-09,587.979,15.4303,0.14717
674,1,0,80,40,45.7512,45.7512,1,6.15603e-09,646.839,10.8461,-0.111323
674,2,0,80,40,37.0395,37.0395,1,3.07642e-09,389.162,8.61595,-0.292039
675,0,0,80,40,53.491,53.491,1,3.02282e-09,593.89,15.4049,0.144399
675,1,0,80,40,45.7512,45.7512,1,8.77162e-09,644.538,10.8575,-0.10895
675,2,0,80,40,37.0395,37.0395,1,5.82736e-09,389.616,8.62234,-0.292942
676,0,0,80,40,53.491,53.491,1,2.30864e-09,598.885,15.388,0.142411
676,1,0,80,40,45.7512,45.7512,1,2.37117e-09,641.642,10.869,-0.106209
676,2,0,80,40,37.0395,37.0395,1,1.66187e-09,390.112,8.63001,-0.293958
677,0,0,80,40,53.491,53.491,1,2.86741e-09,603.07,15.3791,0.141255
677,1,0,80,40,45.7512,45.7512,1,5.67661e-09,638.687,10.8716,-0.103675
677,2,0,80,40,37.0395,37.0395,1,1.37663e-09,390.668,8.63922,-0.295123
678,0,0,80,40,53.491,53.491,1,2.38708e-09,606.551,15.3931,0.141056
678,1,0,80,40,45.7512,45.7512,1,2.00174e-09,635.218,10.8735,-0.101066
678,2,0,80,40,37.0395,37.0395,1,3.77912e-09,391.282,8.65009,-0.296438
679,0,0,80,40,53.491,53.491,1,5.72425e-09,609.348,15.4164,0.13946
679,1,0,80,40,45.7512,45.7512,1,3.46995e-09,631.47,10.8793,-0.0985574
679,2,0,80,40,37.0395,37.0395,1,2.63725e-09,391.956,8.66294,-0.297917
680,0,0,80,40,53.491,53.491,1,3.1622e-09,611.526,15.4728,0.139391
680,1,0,80,40,45.7512,45.7512,1,7.62259e-09,627.82,10.889,-0.0964225
680,2,0,80,40,37.0395,37.0395,1,1.77016e-09,392.67,8.6781,-0.299542
681,0,0,80,40,53.491,53.491,1,2.4074e-09,613.206,15.5236,0.141901
681,1,0,80,40,45.7512,45.7512,1,4.17486e-09,624.401,10.901,-0.0948889
681,2,0,80,40,37.0395,37.0395,1,2.16608e-09,393.421,8.69576,-0.301327
682,0,0,80,40,53.491,53.491,1,3.57454e-09,614.455,15.5747,0.144285
682,1,0,80,40,45.7512,45.7512,1,4.4837e-09,621.282,10.9127,-0.0940575
682,2,0,80,40,37.0395,37.0395,1,2.21291e-09,394.172,8.71642,-0.303211
683,0,0,80,40,53.491,53.491,1,3.91583e-09,615.191,15.6361,0.148493
683,1,0,80,40,45.7512,45.7512,1,3.79947e-09,618.595,10.9229,-0.0942207
683,2,0,80,40,37.0395,37.0395,1,4.35938e-09,394.96,8.74047,-0.305265
684,0,0,80,40,53.491,53.491,1,5.77484e-09,615.478,15.6918,0.153581
684,1,0,80,40,45.7512,45.7512,1,7.28619e-09,616.208,10.9335,-0.0952099
684,2,0,80,40,37.0395,37.0395,1,2.83887e-09,395.803,8.76804,-0.307559
685,0,0,80,40,53.491,53.491,1,3.37695e-09,615.38,15.7254,0.157784
685,1,0,80,40,45.7512,45.7512,1,3.12434e-09,613.984,10.9455,-0.0966637
685,2,0,80,40,37.0395,37.0395,1,2.70569e-09,396.495,8.79945,-0.309965
686,0,0,80,40,53.491,53.491,1,9.04697e-09,614.877,15.7392,0.160423
686,1,0,80,40,45.7512,45.7512,1,3.52952e-09,611.915,10.9568,-0.0983915
686,2,0,80,40,37.0395,37.0395,1,2.22383e-09,397.163,8.83149,-0.31213
687,0,0,80,40,53.491,53.491,1,4.06658e-09,614.066,15.7394,0.162343
687,1,0,80,40,45.7512,45.7512,1,2.79852e-09,610.044,10.9662,-0.100319
687,2,0,80,40,37.0395,37.0395,1,1.8282e-09,398.79,8.86908,-0.315814
688,0,0,80,40,53.491,53.491,1,3.13048e-09,613.123,15.7327,0.162831
688,1,0,80,40,45.7512,45.7512,1,2.00578e-09,608.355,10.9718,-0.102105
688,2,0,80,40,37.0395,37.0395,1,3.24479e-09,400.596,8.91331,-0.320011
689,0,0,80,40,53.491,53.491,1,3.84239e-09,612.073,15.7259,0.162944
689,1,0,80,40,45.7512,45.7512,1,4.87842e-09,606.81,10.9735,-0.103103
689,2,0,80,40,37.0395,37.0395,1,3.27645e-09,402.881,8.96284,-0.325391
690,0,0,80,40,53.491,53.491,1,5.41445e-09,610.684,15.7172,0.163043
690,1,0,80,40,45.7512,45.7512,1,4.60432e-09,605.361,10.972,-0.103094
690,2,0,80,40,37.0395,37.0395,1,3.18499e-09,405.05,9.01413,-0.330884
691,0,0,80,40,53.491,53.491,1,4.50376e-09,609.016,15.707,0.162783
691,1,0,80,40,45.7512,45.7512,1,4.75154e-09,603.947,10.9696,-0.102323
691,2,0,80,40,37.0395,37.0395,1,2.02198e-09,407.203,9.05256,-0.335999
692,0,0,80,40,53.491,53.491,1,3.78282e-09,607.432,15.7019,0.16098
692,1,0,80,40,45.7512,45.7512,1,8.91271e-09,602.616,10.9655,-0.101137
692,2,0,80,40,37.0395,37.0395,1,1.964e-09,410.003,9.08006,-0.341635
693,0,0,80,40,53.491,53.491,1,1.66827e-09,605.839,15.6942,0.156993
693,1,0,80,40,45.7512,45.7512,1,6.07997e-09,601.314,10.9603,-0.0997536
693,2,0,80,40,37.0395,37.0395,1,2.38953e-09,412.634,9.09515,-0.349141
694,0,0,80,40,53.491,53.491,1,2.66652e-09,603.953,15.7284,0.15211
694,1,0,80,40,45.7512,45.7512,1,6.07031e-09,599.996,10.955,-0.0982937
694,2,0,80,40,37.0395,37.0395,1,1.64789e-09,412.101,9.08404,-0.350096
695,0,0,80,40,53.491,53.491,1,3.17516e-09,601.933,15.7834,0.154049
695,1,0,80,40,45.7512,45.7512,1,2.01908e-09,598.716,10.9486,-0.0969066
695,2,0,80,40,37.0395,37.0395,1,2.78897e-09,409.616,9.04928,-0.34532
696,0,0,80,40,53.491,53.491,1,2.57569e-09,600.027,15.829,0.151749
696,1,0,80,40,45.7512,45.7512,1,1.88993e-09,597.428,10.9411,-0.0955955
696,2,0,80,40,37.0395,37.0395,1,5.28246e-09,406.865,9.01083,-0.339802
697,0,0,80,40,53.491,53.491,1,3.58193e-09,597.961,15.9044,0.148581
697,1,0,80,40,45.7512,45.7512,1,4.61944e-09,596.135,10.932,-0.0943634
697,2,0,80,40,37.0395,37.0395,1,2.64197e-09,404.365,8.97466,-0.334612
698,0,0,80,40,53.491,53.491,1,3.05727e-09,595.614,15.9966,0.146028
698,1,0,80,40,45.7512,45.7512,1,3.48354e-09,594.84,10.9199,-0.0931832
698,2,0,80,40,37.0395,37.0395,1,3.82795e-09,402.158,8.9422,-0.329933
699,0,0,80,40,53.491,53.491,1,5.36807e-09,593.2,16.0949,0.142913
699,1,0,80,40,45.7512,45.7512,1,3.00975e-09,593.545,10.9026,-0.0920455
699,2,0,80,40,37.0395,37.0395,1,5.40706e-09,400.246,8.91371,-0.325823
700,0,0,80,40,53.491,53.491,1,2.07916e-09,590.79,16.1729,0.137733
700,1,0,80,40,45.7512,45.7512,1,2.23605e-09,592.242,10.8778,-0.0909566
700,2,0,80,40,37.0395,37.0395,1,2.12509e-09,398.585,8.88893,-0.322229
701,0,0,80,40,53.491,53.491,1,4.32067e-09,588.339,16.2394,0.136042
701,1,0,80,40,45.7512,45.7512,1,5.60556e-09,590.9,10.8463,-0.0899757
701,2,0,80,40,37.0395,37.0395,1,1.7215e-09,397.139,8.86735,-0.319093
702,0,0,80,40,53.491,53.491,1,5.51381e-09,585.871,16.2897,0.138476
702,1,0,80,40,45.7512,45.7512,1,3.2677e-09,589.551,10.8123,-0.0892257
702,2,0,80,40,37.0395,37.0395,1,4.382e-09,395.874,8.84843,-0.316342
703,0,0,80,40,53.491,53.491,1,3.5775e-09,583.397,16.3213,0.141088
703,1,0,80,40,45.7512,45.7512,1,3.04931e-09,588.158,10.7801,-0.0884522
703,2,0,80,40,37.0395,37.0395,1,3.5385e-09,394.763,8.83171,-0.313914
704,0,0,80,40,53.491,53.491,1,3.03942e-09,580.893,16.3428,0.143369
704,1,0,80,40,45.7512,45.7512,1,3.62979e-09,586.712,10.7529,-0.0872876
704,2,0,80,40,37.0395,37.0395,1,2.55653e-09,393.772,8.81682,-0.311753
705,0,0,80,40,53.491,53.491,1,2.89754e-09,578.206,16.3548,0.145401
705,1,0,80,40,45.7512,45.7512,1,5.86522e-09,585.222,10.7331,-0.0855857
705,2,0,80,40,37.0395,37.0395,1,1.84968e-09,392.891,8.80343,-0.309824
706,0,0,80,40,53.491,53.491,1,3.11093e-09,575.454,16.3615,0.147096
706,1,0,80,40,45.7512,45.7512,1,3.52088e-09,583.718,10.7227,-0.0811054
706,2,0,80,40,37.0395,37.0395,1,3.46387e-09,392.099,8.79125,-0.308084
707,0,0,80,40,53.491,53.491,1,5.68104e-09,572.445,16.3689,0.149017
707,1,0,80,40,45.7512,45.7512,1,6.42649e-09,582.18,10.6604,-0.0720014
707,2,0,80,40,37.0395,37.0395,1,3.38105e-09,391.388,8.78011,-0.306519
708,0,0,80,40,53.491,53.491,1,3.94652e-09,569.383,16.3694,0.151296
708,1,0,80,40,45.7512,45.7512,1,4.64797e-09,580.603,10.6489,-0.0712846
708,2,0,80,40,37.0395,37.0395,1,2.38521e-09,390.744,8.76984,-0.305098
709,0,0,80,40,53.491,53.491,1,2.88304e-09,566.498,16.3577,0.152857
709,1,0,80,40,45.7512,45.7512,1,1.68842e-09,579.012,10.6827,-0.070695
709,2,0,80,40,37.0395,37.0395,1,1.92921e-09,390.166,8.76027,-0.303822
710,0,0,80,40,53.491,53.491,1,2.78908e-09,563.47,16.3433,0.154043
710,1,0,80,40,45.7512,45.7512,1,6.64522e-09,577.377,10.727,-0.0710573
710,2,0,80,40,37.0395,37.0395,1,2.21172e-09,389.637,8.75129,-0.302644
711,0,0,80,40,53.491,53.491,1,3.34637e-09,560.334,16.3256,0.155491
711,1,0,80,40,45.7512,45.7512,1,3.87826e-09,575.71,10.7732,-0.0724327
711,2,0,80,40,37.0395,37.0395,1,3.43499e-09,389.153,8.74282,-0.301562
712,0,0,80,40,53.491,53.491,1,5.37841e-09,557.05,16.287,0.154965
712,1,0,80,40,45.7512,45.7512,1,3.90958e-09,574.054,10.8241,-0.0744859
712,2,0,80,40,37.0395,37.0395,1,2.64771e-09,388.711,8.73477,-0.300566
713,0,0,80,40,53.491,53.491,1,4.16742e-09,553.759,16.2316,0.153078
713,1,0,80,40,45.7512,45.7512,1,6.27767e-09,572.39,10.8789,-0.0767675
713,2,0,80,40,37.0395,37.0395,1,3.07597e-09,388.31,8.72703,-0.299651
714,0,0,80,40,53.491,53.491,1,3.01901e-09,550.446,16.1744,0.150301
714,1,0,80,40,45.7512,45.7512,1,6.25766e-09,570.776,10.943,-0.0791845
714,2,0,80,40,37.0395,37.0395,1,2.53311e-09,387.946,8.71955,-0.298807
715,0,0,80,40,53.491,53.491,1,3.34876e-09,546.791,16.1369,0.146787
715,1,0,80,40,45.7512,45.7512,1,6.81223e-09,569.161,11.0046,-0.081623
715,2,0,80,40,37.0395,37.0395,1,1.4785e-09,387.616,8.7123,-0.298026
716,0,0,80,40,53.491,53.491,1,3.26656e-09,542.727,16.1308,0.142972
716,1,0,80,40,45.7512,45.7512,1,4.4945e-09,567.579,11.0699,-0.0842466
716,2,0,80,40,37.0395,37.0395,1,2.2344e-09,387.312,8.70536,-0.29731
717,0,0,80,40,53.491,53.491,1,5.18764e-09,538.302,16.1403,0.13959
717,1,0,80,40,45.7512,45.7512,1,1.16651e-08,566.067,11.1341,-0.0867667
717,2,0,80,40,37.0395,37.0395,1,5.33987e-09,387.037,8.69851,-0.29664
718,0,0,80,40,53.491,53.491,1,3.62604e-09,533.619,16.1754,0.137247
718,1,0,80,40,45.7512,45.7512,1,2.85081e-09,564.633,11.1999,-0.0893456
718,2,0,80,40,37.0395,37.0395,1,3.52344e-09,386.786,8.69184,-0.296016
719,0,0,80,40,53.491,53.491,1,2.31887e-09,528.657,16.2385,0.136313
719,1,0,80,40,45.7512,45.7512,1,4.00541e-09,563.263,11.2669,-0.0916741
719,2,0,80,40,37.0395,37.0395,1,1.38141e-09,386.556,8.68533,-0.295441
720,0,0,80,40,53.491,53.491,1,3.50599e-09,521.944,16.2989,0.139532
720,1,0,80,40,45.7512,45.7512,1,4.21187e-09,562.002,11.3308,-0.0939721
720,2,0,80,40,37.0395,37.0395,1,1.67734e-09,386.541,8.67883,-0.294879
721,0,0,80,40,53.491,53.491,1,4.22733e-09,514.637,16.3737,0.144477
721,1,0,80,40,45.7512,45.7512,1,5.94372e-09,560.82,11.3921,-0.0962468
721,2,0,80,40,37.0395,37.0395,1,5.58816e-09,386.57,8.67247,-0.294354
722,0,0,80,40,53.491,53.491,1,1.77118e-09,506.187,16.4205,0.151901
722,1,0,80,40,45.7512,45.7512,1,3.4716e-09,559.739,11.4513,-0.0983043
722,2,0,80,40,37.0395,37.0395,1,2.48099e-09,386.642,8.66629,-0.293935
723,0,0,80,40,53.491,53.491,1,2.4973e-09,498.422,16.4749,0.157963
723,1,0,80,40,45.7512,45.7512,1,8.0496e-09,558.772,11.5057,-0.0998956
723,2,0,80,40,37.0395,37.0395,1,2.57302e-09,386.703,8.66025,-0.293541
724,0,0,80,40,53.491,53.491,1,5.11443e-09,489.861,16.5135,0.165171
724,1,0,80,40,45.7512,45.7512,1,2.11429e-09,557.917,11.5526,-0.101095
724,2,0,80,40,37.0395,37.0395,1,3.69852e-09,386.769,8.65428,-0.293173
725,0,0,80,40,53.491,53.491,1,3.28851e-09,480.8,16.5077,0.17372
725,1,0,80,40,45.7512,45.7512,1,4.45834e-09,557.163,11.5924,-0.102369
725,2,0,80,40,37.0395,37.0395,1,2.82762e-09,386.846,8.64842,-0.292849
726,0,0,80,40,53.491,53.491,1,3.20739e-09,475.34,16.4805,0.176175
726,1,0,80,40,45.7512,45.7512,1,3.66487e-09,556.53,11.6277,-0.103228
726,2,0,80,40,37.0395,37.0395,1,1.99162e-09,386.917,8.64264,-0.292537
727,0,0,80,40,53.491,53.491,1,3.30749e-09,475.326,16.4509,0.172777
727,1,0,80,40,45.7512,45.7512,1,2.72883e-09,556.006,11.661,-0.102595
727,2,0,80,40,37.0395,37.0395,1,3.09825e-09,387.013,8.637,-0.292296
728,0,0,80,40,53.491,53.491,1,5.48238e-09,480.446,16.4024,0.163538
728,1,0,80,40,45.7512,45.7512,1,3.14469e-09,555.616,11.6846,-0.101604
728,2,0,80,40,37.0395,37.0395,1,2.02607e-09,387.1,8.63153,-0.292061
729,0,0,80,40,53.491,53.491,1,3.79765e-09,488.325,16.3613,0.151817
729,1,0,80,40,45.7512,45.7512,1,6.78779e-09,555.341,11.7005,-0.0996431
729,2,0,80,40,37.0395,37.0395,1,1.88044e-09,387.198,8.62618,-0.291868
730,0,0,80,40,53.491,53.491,1,4.23069e-09,495.516,16.3547,0.142209
730,1,0,80,40,45.7512,45.7512,1,4.04282e-09,555.205,11.7143,-0.0969907
730,2,0,80,40,37.0395,37.0395,1,5.53894e-09,387.294,8.6209,-0.291681
731,0,0,80,40,53.491,53.491,1,4.18856e-09,501.447,16.3806,0.134888
731,1,0,80,40,45.7512,45.7512,1,5.23119e-09,555.21,11.731,-0.093783
731,2,0,80,40,37.0395,37.0395,1,1.55876e-09,387.396,8.61577,-0.291524
732,0,0,80,40,53.491,53.491,1,1.9491e-09,504.632,16.4358,0.132888
732,1,0,80,40,45.7512,45.7512,1,2.49622e-09,555.393,11.7516,-0.0905059
732,2,0,80,40,37.0395,37.0395,1,2.39805e-09,387.492,8.61072,-0.291359
733,0,0,80,40,53.491,53.491,1,2.40209e-09,504.752,16.5132,0.136231
733,1,0,80,40,45.7512,45.7512,1,6.61566e-09,555.767,11.7766,-0.0873797
733,2,0,80,40,37.0395,37.0395,1,2.30125e-09,387.599,8.60592,-0.291237
734,0,0,80,40,53.491,53.491,1,2.45853e-09,502.245,16.549,0.145071
734,1,0,80,40,45.7512,45.7512,1,3.87467e-09,556.375,11.808,-0.0847471
734,2,0,80,40,37.0395,37.0395,1,4.436e-09,387.719,8.6015,-0.291153
735,0,0,80,40,53.491,53.491,1,4.47375e-09,500.158,16.5597,0.15102
735,1,0,80,40,45.7512,45.7512,1,6.00562e-09,557.253,11.8457,-0.0828559
735,2,0,80,40,37.0395,37.0395,1,2.60678e-09,387.837,8.59745,-0.291087
736,0,0,80,40,53.491,53.491,1,3.41822e-09,498.452,16.5662,0.156022
736,1,0,80,40,45.7512,45.7512,1,5.08567e-09,558.507,11.889,-0.0819544
736,2,0,80,40,37.0395,37.0395,1,1.30547e-09,387.928,8.59363,-0.290986
737,0,0,80,40,53.491,53.491,1,5.31185e-09,497.149,16.5375,0.161051
737,1,0,80,40,45.7512,45.7512,1,3.01748e-09,560.125,11.9396,-0.0820727
737,2,0,80,40,37.0395,37.0395,1,2.71416e-09,387.932,8.59036,-0.290762
738,0,0,80,40,53.491,53.491,1,4.40718e-09,496.448,16.491,0.165761
738,1,0,80,40,45.7512,45.7512,1,6.12312e-09,562.236,11.996,-0.0833781
738,2,0,80,40,37.0395,37.0395,1,2.25805e-09,387.899,8.58754,-0.290492
739,0,0,80,40,53.491,53.491,1,5.52615e-09,496.116,16.4531,0.169198
739,1,0,80,40,45.7512,45.7512,1,6.76425e-09,565.068,12.0524,-0.0860883
739,2,0,80,40,37.0395,37.0395,1,3.14071e-09,387.852,8.58533,-0.290243
740,0,0,80,40,53.491,53.491,1,2.84268e-09,496.587,16.399,0.171817
740,1,0,80,40,45.7512,45.7512,1,2.60439e-09,568.608,12.1065,-0.0901844
740,2,0,80,40,37.0395,37.0395,1,1.59383e-09,387.806,8.58352,-0.290007
741,0,0,80,40,53.491,53.491,1,4.08153e-09,497.459,16.3418,0.173453
741,1,0,80,40,45.7512,45.7512,1,3.217e-09,572.957,12.1541,-0.0956837
741,2,0,80,40,37.0395,37.0395,1,2.26248e-09,387.782,8.5821,-0.289823
742,0,0,80,40,53.491,53.491,1,2.57933e-09,499.052,16.2824,0.174336
742,1,0,80,40,45.7512,45.7512,1,6.40898e-09,578.041,12.1921,-0.102419
742,2,0,80,40,37.0395,37.0395,1,1.41728e-09,387.753,8.58107,-0.289632
743,0,0,80,40,53.491,53.491,1,3.75775e-09,501.134,16.2348,0.17445
743,1,0,80,40,45.7512,45.7512,1,4.54247e-09,583.686,12.2135,-0.109664
743,2,0,80,40,37.0395,37.0395,1,5.17224e-09,387.756,8.58054,-0.289525
744,0,0,80,40,53.491,53.491,1,2.17472e-09,503.097,16.1849,0.174622
744,1,0,80,40,45.7512,45.7512,1,5.36727e-09,589.542,12.2196,-0.116808
744,2,0,80,40,37.0395,37.0395,1,1.69871e-09,387.772,8.58037,-0.289447
745,0,0,80,40,53.491,53.491,1,3.0854e-09,504.492,16.1386,0.175675
745,1,0,80,40,45.7512,45.7512,1,3.71136e-09,595.332,12.2104,-0.123425
745,2,0,80,40,37.0395,37.0395,1,3.99308e-09,387.813,8.58059,-0.289424
746,0,0,80,40,53.491,53.491,1,2.1609e-09,505.679,16.1026,0.176836
746,1,0,80,40,45.7512,45.7512,1,6.09634e-09,600.847,12.1852,-0.129297
746,2,0,80,40,37.0395,37.0395,1,3.5281e-09,387.88,8.58117,-0.289451
747,0,0,80,40,53.491,53.491,1,3.0202e-09,507.508,16.0818,0.176033
747,1,0,80,40,45.7512,45.7512,1,3.0476e-09,605.882,12.1424,-0.134151
747,2,0,80,40,37.0395,37.0395,1,1.61037e-09,387.992,8.58216,-0.289571
748,0,0,80,40,53.491,53.491,1,5.04048e-09,508.717,16.0825,0.177182
748,1,0,80,40,45.7512,45.7512,1,4.01951e-09,610.269,12.0812,-0.137747
748,2,0,80,40,37.0395,37.0395,1,3.38883e-09,388.139,8.58359,-0.289762
749,0,0,80,40,53.491,53.491,1,2.81085e-09,510.107,16.0778,0.178794
749,1,0,80,40,45.7512,45.7512,1,4.03622e-09,613.935,12.003,-0.139986
749,2,0,80,40,37.0395,37.0395,1,2.32154e-09,388.328,8.58556,-0.290043
750,0,0,80,40,53.491,53.491,1,4.61409e-09,512.015,16.0622,0.179665
750,1,0,80,40,45.7512,45.7512,1,4.98358e-09,616.77,11.9114,-0.14088
750,2,0,80,40,37.0395,37.0395,1,2.32501e-09,388.568,8.58798,-0.290418
751,0,0,80,40,53.491,53.491,1,4.08198e-09,514.141,16.043,0.18016
751,1,0,80,40,45.7512,45.7512,1,4.28099e-09,618.754,11.8121,-0.140422
751,2,0,80,40,37.0395,37.0395,1,1.95564e-09,388.849,8.59098,-0.290877
752,0,0,80,40,53.491,53.491,1,2.31233e-09,516.557,16.0079,0.180757
752,1,0,80,40,45.7512,45.7512,1,6.07497e-09,619.681,11.7141,-0.138511
752,2,0,80,40,37.0395,37.0395,1,3.20665e-09,389.195,8.59464,-0.29147
753,0,0,80,40,53.491,53.491,1,3.56101e-09,519.245,15.9722,0.18142
753,1,0,80,40,45.7512,45.7512,1,2.1837e-09,619.202,11.6154,-0.13377
753,2,0,80,40,37.0395,37.0395,1,2.19035e-09,389.592,8.59881,-0.292153
754,0,0,80,40,53.491,53.491,1,4.10364e-09,522.983,15.9371,0.181175
754,1,0,80,40,45.7512,45.7512,1,9.64553e-09,618.648,11.4909,-0.127873
754,2,0,80,40,37.0395,37.0395,1,1.85378e-09,390.036,8.60386,-0.292937
755,0,0,80,40,53.491,53.491,1,4.16082e-09,527.116,15.9109,0.180601
755,1,0,80,40,45.7512,45.7512,1,4.5722e-09,618.243,11.3973,-0.123299
755,2,0,80,40,37.0395,37.0395,1,2.05603e-09,390.542,8.60975,-0.293848
756,0,0,80,40,53.491,53.491,1,1.48185e-09,532.878,15.8654,0.178245
756,1,0,80,40,45.7512,45.7512,1,2.64936e-09,618.156,11.2867,-0.118789
756,2,0,80,40,37.0395,37.0395,1,4.35233e-09,391.104,8.6166,-0.29489
757,0,0,80,40,53.491,53.491,1,2.05398e-09,539.334,15.7986,0.174993
757,1,0,80,40,45.7512,45.7512,1,3.57045e-09,618.136,11.1913,-0.115296
757,2,0,80,40,37.0395,37.0395,1,3.15362e-09,391.716,8.62445,-0.296049
758,0,0,80,40,53.491,53.491,1,4.25183e-09,545.693,15.7287,0.171591
758,1,0,80,40,45.7512,45.7512,1,2.63231e-09,615.957,11.1214,-0.109848
758,2,0,80,40,37.0395,37.0395,1,4.32118e-09,392.358,8.6336,-0.297313
759,0,0,80,40,53.491,53.491,1,3.27429e-09,552.114,15.6641,0.167791
759,1,0,80,40,45.7512,45.7512,1,6.07258e-09,611.355,11.0643,-0.0983079
759,2,0,80,40,37.0395,37.0395,1,1.97144e-09,393.041,8.64388,-0.298697
760,0,0,80,40,53.491,53.491,1,2.64066e-09,559.172,15.6012,0.16378
760,1,0,80,40,45.7512,45.7512,1,6.96616e-09,610.43,10.9967,-0.0918688
760,2,0,80,40,37.0395,37.0395,1,3.56852e-09,393.738,8.65552,-0.300174
761,0,0,80,40,53.491,53.491,1,2.815e-09,566.985,15.5404,0.159305
761,1,0,80,40,45.7512,45.7512,1,5.75437e-09,611.46,10.9774,-0.0895557
761,2,0,80,40,37.0395,37.0395,1,4.56345e-09,394.423,8.66865,-0.301703
762,0,0,80,40,53.491,53.491,1,3.65401e-09,574.578,15.4839,0.155022
762,1,0,80,40,45.7512,45.7512,1,4.74984e-09,613.437,10.9705,-0.0896066
762,2,0,80,40,37.0395,37.0395,1,1.79836e-09,395.107,8.68316,-0.303302
763,0,0,80,40,53.491,53.491,1,1.68643e-09,581.615,15.4375,0.151243
763,1,0,80,40,45.7512,45.7512,1,2.50674e-09,615.727,10.9628,-0.0904917
763,2,0,80,40,37.0395,37.0395,1,4.04151e-09,395.759,8.69917,-0.30491
764,0,0,80,40,53.491,53.491,1,3.87786e-09,587.964,15.4029,0.147703
764,1,0,80,40,45.7512,45.7512,1,2.23508e-09,618.052,10.9517,-0.0912901
764,2,0,80,40,37.0395,37.0395,1,1.12448e-09,396.407,8.71705,-0.30659
765,0,0,80,40,53.491,53.491,1,3.88059e-09,593.409,15.3775,0.14532
765,1,0,80,40,45.7512,45.7512,1,4.31032e-09,621.256,10.9319,-0.0930856
765,2,0,80,40,37.0395,37.0395,1,3.05857e-09,397.051,8.73694,-0.30832
766,0,0,80,40,53.491,53.491,1,2.53402e-09,597.89,15.3647,0.143987
766,1,0,80,40,45.7512,45.7512,1,2.82137e-09,624.247,10.9074,-0.0945462
766,2,0,80,40,37.0395,37.0395,1,2.03323e-09,397.737,8.75939,-0.310182
767,0,0,80,40,53.491,53.491,1,3.33949e-09,601.625,15.3637,0.142485
767,1,0,80,40,45.7512,45.7512,1,5.80178e-09,627.842,10.8876,-0.0970593
767,2,0,80,40,37.0395,37.0395,1,4.16588e-09,398.515,8.78507,-0.312261
768,0,0,80,40,53.491,53.491,1,1.67438e-09,604.807,15.3753,0.142669
768,1,0,80,40,45.7512,45.7512,1,4.55054e-09,632.038,10.8862,-0.101862
768,2,0,80,40,37.0395,37.0395,1,4.06027e-09,399.44,8.81465,-0.314681
769,0,0,80,40,53.491,53.491,1,6.29814e-09,607.51,15.4045,0.141306
769,1,0,80,40,45.7512,45.7512,1,4.45198e-09,635.31,10.8879,-0.105295
769,2,0,80,40,37.0395,37.0395,1,3.07398e-09,400.536,8.84615,-0.317275
770,0,0,80,40,53.491,53.491,1,3.68823e-09,609.702,15.4465,0.142592
770,1,0,80,40,45.7512,45.7512,1,4.52883e-09,637.597,10.8844,-0.107026
770,2,0,80,40,37.0395,37.0395,1,2.46115e-09,402.958,8.8778,-0.321222
771,0,0,80,40,53.491,53.491,1,4.38251e-09,611.334,15.5041,0.143873
771,1,0,80,40,45.7512,45.7512,1,2.2701e-09,639.613,10.8817,-0.108502
771,2,0,80,40,37.0395,37.0395,1,1.14971e-09,406.997,8.91827,-0.328974
772,0,0,80,40,53.491,53.491,1,2.56824e-09,612.348,15.5754,0.146965
772,1,0,80,40,45.7512,45.7512,1,1.71565e-09,641.411,10.8797,-0.109753
772,2,0,80,40,37.0395,37.0395,1,2.18579e-09,410.345,8.96116,-0.337026
773,0,0,80,40,53.491,53.491,1,4.41923e-09,612.893,15.6429,0.151882
773,1,0,80,40,45.7512,45.7512,1,3.90935e-09,643.17,10.8778,-0.110934
773,2,0,80,40,37.0395,37.0395,1,1.76283e-09,412.006,8.99968,-0.342992
774,0,0,80,40,53.491,53.491,1,4.71482e-09,613.152,15.6949,0.15662
774,1,0,80,40,45.7512,45.7512,1,4.28906e-09,645.07,10.8763,-0.112283
774,2,0,80,40,37.0395,37.0395,1,2.01271e-09,411.708,9.00979,-0.344648
775,0,0,80,40,53.491,53.491,1,2.81489e-09,613.066,15.7225,0.16054
775,1,0,80,40,45.7512,45.7512,1,2.56978e-09,647.152,10.877,-0.113988
775,2,0,80,40,37.0395,37.0395,1,4.48551e-09,410.023,8.99628,-0.342606
776,0,0,80,40,53.491,53.491,1,4.25484e-09,612.596,15.7196,0.16248
776,1,0,80,40,45.7512,45.7512,1,5.37602e-09,649.311,10.8807,-0.116021
776,2,0,80,40,37.0395,37.0395,1,1.61168e-09,407.874,8.97298,-0.338957
777,0,0,80,40,53.491,53.491,1,4.65081e-09,611.807,15.7109,0.161937
777,1,0,80,40,45.7512,45.7512,1,2.4678e-09,651.107,10.888,-0.117945
777,2,0,80,40,37.0395,37.0395,1,2.2535e-09,405.69,8.9483,-0.334976
778,0,0,80,40,53.491,53.491,1,6.85338e-09,610.815,15.714,0.160317
778,1,0,80,40,45.7512,45.7512,1,4.54872e-09,651.984,10.9001,-0.119181
778,2,0,80,40,37.0395,37.0395,1,2.75958e-09,403.676,8.92637,-0.331245
779,0,0,80,40,53.491,53.491,1,3.30442e-09,609.678,15.7253,0.159022
779,1,0,80,40,45.7512,45.7512,1,3.57113e-09,650.887,10.912,-0.118426
779,2,0,80,40,37.0395,37.0395,1,5.15189e-09,401.852,8.90715,-0.327859
780,0,0,80,40,53.491,53.491,1,3.93351e-09,608.281,15.7413,0.158718
780,1,0,80,40,45.7512,45.7512,1,2.58467e-09,647.597,10.9228,-0.115176
780,2,0,80,40,37.0395,37.0395,1,2.67011e-09,400.199,8.88943,-0.324749
781,0,0,80,40,53.491,53.491,1,7.07473e-09,606.739,15.7647,0.158649
781,1,0,80,40,45.7512,45.7512,1,6.50243e-09,643.752,10.921,-0.111395
781,2,0,80,40,37.0395,37.0395,1,2.97126e-09,398.706,8.87262,-0.321881
782,0,0,80,40,53.491,53.491,1,3.17834e-09,605.185,15.7915,0.157937
782,1,0,80,40,45.7512,45.7512,1,7.621e-09,639.582,10.9119,-0.107443
782,2,0,80,40,37.0395,37.0395,1,3.89485e-09,397.355,8.8567,-0.319241
783,0,0,80,40,53.491,53.491,1,1.84968e-09,603.492,15.8129,0.156739
783,1,0,80,40,45.7512,45.7512,1,5.61693e-09,635.326,10.9065,-0.104115
783,2,0,80,40,37.0395,37.0395,1,1.31439e-09,396.142,8.84167,-0.316825
784,0,0,80,40,53.491,53.491,1,4.73051e-09,601.584,15.8335,0.15551
784,1,0,80,40,45.7512,45.7512,1,3.64912e-09,631.487,10.9049,-0.101646
784,2,0,80,40,37.0395,37.0395,1,4.28497e-09,395.074,8.82744,-0.314667
785,0,0,80,40,53.491,53.491,1,4.80014e-09,599.722,15.8588,0.153616
785,1,0,80,40,45.7512,45.7512,1,4.8916e-09,628.112,10.9077,-0.0999829
785,2,0,80,40,37.0395,37.0395,1,2.84325e-09,394.113,8.81406,-0.3127
786,0,0,80,40,53.491,53.491,1,2.90433e-09,597.863,15.88,0.151026
786,1,0,80,40,45.7512,45.7512,1,6.15751e-09,624.948,10.9125,-0.0988327
786,2,0,80,40,37.0395,37.0395,1,2.62168e-09,393.248,8.80149,-0.310905
787,0,0,80,40,53.491,53.491,1,2.53988e-09,595.837,15.9075,0.14878
787,1,0,80,40,45.7512,45.7512,1,4.09864e-09,622.053,10.9166,-0.0982533
787,2,0,80,40,37.0395,37.0395,1,2.30659e-09,392.466,8.78967,-0.309265
788,0,0,80,40,53.491,53.491,1,1.99555e-09,593.661,15.9477,0.147333
788,1,0,80,40,45.7512,45.7512,1,2.65379e-09,619.556,10.9198,-0.0986387
788,2,0,80,40,37.0395,37.0395,1,1.71582e-09,391.761,8.7785,-0.30777
789,0,0,80,40,53.491,53.491,1,4.03611e-09,591.434,15.9898,0.146012
789,1,0,80,40,45.7512,45.7512,1,3.44107e-09,617.315,10.9248,-0.0998421
789,2,0,80,40,37.0395,37.0395,1,2.73502e-09,391.125,8.76796,-0.306412
790,0,0,80,40,53.491,53.491,1,3.13855e-09,589.093,16.0374,0.144629
790,1,0,80,40,45.7512,45.7512,1,3.75132e-09,615.157,10.9315,-0.101373
790,2,0,80,40,37.0395,37.0395,1,1.87435e-09,390.533,8.75805,-0.305143
791,0,0,80,40,53.491,53.491,1,2.6393e-09,586.636,16.0878,0.144024
791,1,0,80,40,45.7512,45.7512,1,3.06898e-09,613.11,10.9373,-0.10307
791,2,0,80,40,37.0395,37.0395,1,2.56483e-09,389.998,8.74863,-0.303987
792,0,0,80,40,53.491,53.491,1,2.66027e-09,584.28,16.1308,0.144198
792,1,0,80,40,45.7512,45.7512,1,6.31724e-09,611.204,10.941,-0.104745
792,2,0,80,40,37.0395,37.0395,1,3.17607e-09,389.509,8.73963,-0.302911
793,0,0,80,40,53.491,53.491,1,5.31611e-09,581.893,16.1666,0.145228
793,1,0,80,40,45.7512,45.7512,1,6.59645e-09,609.456,10.942,-0.10597
793,2,0,80,40,37.0395,37.0395,1,2.82563e-09,389.064,8.73104,-0.30192
794,0,0,80,40,53.491,53.491,1,3.54549e-09,579.391,16.1993,0.146512
794,1,0,80,40,45.7512,45.7512,1,4.90991e-09,607.841,10.9408,-0.106404
794,2,0,80,40,37.0395,37.0395,1,3.50735e-09,388.657,8.72275,-0.300989
795,0,0,80,40,53.491,53.491,1,3.96869e-09,576.738,16.2295,0.147621
795,1,0,80,40,45.7512,45.7512,1,6.84338e-09,606.302,10.9387,-0.106039
795,2,0,80,40,37.0395,37.0395,1,4.06772e-09,388.282,8.71481,-0.300121
796,0,0,80,40,53.491,53.491,1,4.13911e-09,573.967,16.2581,0.148731
796,1,0,80,40,45.7512,45.7512,1,4.58476e-09,604.787,10.9361,-0.105114
796,2,0,80,40,37.0395,37.0395,1,4.51354e-09,387.938,8.70717,-0.299315
797,0,0,80,40,53.491,53.491,1,7.28585e-09,571.182,16.2836,0.150237
797,1,0,80,40,45.7512,45.7512,1,2.36469e-09,603.304,10.9328,-0.103878
797,2,0,80,40,37.0395,37.0395,1,1.82985e-09,387.623,8.69975,-0.298549
798,0,0,80,40,53.491,53.491,1,5.40535e-09,568.362,16.2985,0.152042
798,1,0,80,40,45.7512,45.7512,1,3.83784e-09,601.842,10.9292,-0.102532
798,2,0,80,40,37.0395,37.0395,1,1.66585e-09,387.334,8.69261,-0.297839
799,0,0,80,40,53.491,53.491,1,2.6738e-09,565.543,16.2972,0.153248
799,1,0,80,40,45.7512,45.7512,1,8.70284e-09,600.408,10.9254,-0.101224
799,2,0,80,40,37.0395,37.0395,1,3.1178e-09,387.067,8.68577,-0.297176
800,0,0,80,40,53.491,53.491,1,2.1173e-09,562.592,16.289,0.154401
800,1,0,80,40,45.7512,45.7512,1,5.36431e-09,599.01,10.9208,-0.100009
800,2,0,80,40,37.0395,37.0395,1,3.18192e-09,387.027,8.67915,-0.296554
801,0,0,80,40,53.491,53.491,1,1.12843e-08,559.638,16.2648,0.15516
801,1,0,80,40,45.7512,45.7512,1,6.85213e-09,597.638,10.9153,-0.0988542
801,2,0,80,40,37.0395,37.0395,1,2.09008e-09,387.059,8.67271,-0.295956
802,0,0,80,40,53.491,53.491,1,2.59206e-09,556.559,16.2219,0.153596
802,1,0,80,40,45.7512,45.7512,1,3.14384e-09,596.29,10.9073,-0.0976629
802,2,0,80,40,37.0395,37.0395,1,3.41748e-09,387.088,8.66645,-0.29539
803,0,0,80,40,53.491,53.491,1,1.02455e-08,553.245,16.1746,0.151195
803,1,0,80,40,45.7512,45.7512,1,6.69547e-09,594.927,10.8945,-0.096329
803,2,0,80,40,37.0395,37.0395,1,2.90322e-09,387.105,8.66036,-0.294839
804,0,0,80,40,53.491,53.491,1,2.90379e-09,550.001,16.1236,0.147695
804,1,0,80,40,45.7512,45.7512,1,3.34279e-09,593.545,10.874,-0.0948402
804,2,0,80,40,37.0395,37.0395,1,2.90112e-09,387.129,8.65452,-0.294334
805,0,0,80,40,53.491,53.491,1,3.13878e-09,546.61,16.0887,0.143556
805,1,0,80,40,45.7512,45.7512,1,6.07804e-09,592.13,10.8451,-0.093205
805,2,0,80,40,37.0395,37.0395,1,6.55052e-09,387.146,8.64889,-0.293851
806,0,0,80,40,53.491,53.491,1,4.03077e-09,542.962,16.0809,0.139011
806,1,0,80,40,45.7512,45.7512,1,9.34199e-09,590.657,10.8074,-0.0914053
806,2,0,80,40,37.0395,37.0395,1,2.93909e-09,387.161,8.64343,-0.293392
807,0,0,80,40,53.491,53.491,1,2.40743e-09,538.714,16.1062,0.135553
807,1,0,80,40,45.7512,45.7512,1,5.47215e-09,589.154,10.7637,-0.0896367
807,2,0,80,40,37.0395,37.0395,1,2.37685e-09,387.179,8.63821,-0.292968
808,0,0,80,40,53.491,53.491,1,4.26138e-09,534.125,16.1593,0.133659
808,1,0,80,40,45.7512,45.7512,1,4.18453e-09,587.619,10.7226,-0.0877743
808,2,0,80,40,37.0395,37.0395,1,2.20746e-09,387.186,8.63326,-0.292558
809,0,0,80,40,53.491,53.491,1,2.46428e-09,528.773,16.2358,0.133201
809,1,0,80,40,45.7512,45.7512,1,6.69058e-09,586.037,10.6916,-0.085264
809,2,0,80,40,37.0395,37.0395,1,4.67753e-09,387.2,8.62846,-0.292181
810,0,0,80,40,53.491,53.491,1,3.21853e-09,522.147,16.3318,0.135903
810,1,0,80,40,45.7512,45.7512,1,2.57228e-09,584.436,10.6802,-0.0827912
810,2,0,80,40,37.0395,37.0395,1,4.91735e-09,387.198,8.62393,-0.291807
811,0,0,80,40,53.491,53.491,1,2.72439e-09,513.53,16.4439,0.142374
811,1,0,80,40,45.7512,45.7512,1,3.31909e-09,582.853,10.6724,-0.0803134
811,2,0,80,40,37.0395,37.0395,1,2.52476e-09,387.198,8.6193,-0.291446
812,0,0,80,40,53.491,53.491,1,3.47131e-09,503.782,16.5696,0.150379
812,1,0,80,40,45.7512,45.7512,1,2.83637e-09,581.215,10.6648,-0.075814
812,2,0,80,40,37.0395,37.0395,1,1.98759e-09,387.242,8.61449,-0.291163
813,0,0,80,40,53.491,53.491,1,4.13212e-09,493.264,16.708,0.158838
813,1,0,80,40,45.7512,45.7512,1,3.66902e-09,579.522,10.7168,-0.0731245
813,2,0,80,40,37.0395,37.0395,1,1.92182e-09,387.3,8.60976,-0.290918
814,0,0,80,40,53.491,53.491,1,3.4874e-09,481.542,16.8367,0.16973
814,1,0,80,40,45.7512,45.7512,1,2.06364e-09,577.793,10.7572,-0.0728427
814,2,0,80,40,37.0395,37.0395,1,4.44129e-09,387.367,8.60529,-0.290714
815,0,0,80,40,53.491,53.491,1,6.39642e-09,470.219,16.9087,0.180635
815,1,0,80,40,45.7512,45.7512,1,3.21972e-09,576.029,10.801,-0.0732087
815,2,0,80,40,37.0395,37.0395,1,2.92857e-09,387.429,8.60109,-0.29052
816,0,0,80,40,53.491,53.491,1,2.6962e-09,465.268,16.8965,0.182905
816,1,0,80,40,45.7512,45.7512,1,4.32294e-09,574.252,10.8436,-0.0744249
816,2,0,80,40,37.0395,37.0395,1,3.68084e-09,387.501,8.597,-0.290356
817,0,0,80,40,53.491,53.491,1,3.8558e-09,467.747,16.8532,0.177232
817,1,0,80,40,45.7512,45.7512,1,2.53033e-09,572.458,10.8979,-0.0756587
817,2,0,80,40,37.0395,37.0395,1,2.31842e-09,387.575,8.59322,-0.290219
818,0,0,80,40,53.491,53.491,1,3.72285e-09,472.623,16.8365,0.169035
818,1,0,80,40,45.7512,45.7512,1,5.38546e-09,570.67,10.9559,-0.0775227
818,2,0,80,40,37.0395,37.0395,1,2.92653e-09,387.647,8.58975,-0.290096
819,0,0,80,40,53.491,53.491,1,3.14782e-09,477.577,16.8765,0.159838
819,1,0,80,40,45.7512,45.7512,1,5.48255e-09,568.925,11.0134,-0.0797981
819,2,0,80,40,37.0395,37.0395,1,1.8635e-09,387.741,8.58651,-0.290024
820,0,0,80,40,53.491,53.491,1,6.64534e-09,481.171,16.9484,0.152419
820,1,0,80,40,45.7512,45.7512,1,5.44378e-09,567.22,11.0693,-0.0819052
820,2,0,80,40,37.0395,37.0395,1,3.8138e-09,387.815,8.58386,-0.289951
821,0,0,80,40,53.491,53.491,1,1.78096e-09,482.416,17.0544,0.148633
821,1,0,80,40,45.7512,45.7512,1,4.77013e-09,565.585,11.1268,-0.0839819
821,2,0,80,40,37.0395,37.0395,1,3.41021e-09,387.916,8.58148,-0.289939
822,0,0,80,40,53.491,53.491,1,5.07868e-09,482.674,17.1314,0.147746
822,1,0,80,40,45.7512,45.7512,1,5.78359e-09,564.03,11.1861,-0.0860811
822,2,0,80,40,37.0395,37.0395,1,6.40983e-09,388.071,8.57925,-0.290034
823,0,0,80,40,53.491,53.491,1,4.23103e-09,481.941,17.1879,0.148208
823,1,0,80,40,45.7512,45.7512,1,2.5542e-09,562.567,11.2472,-0.0878874
823,2,0,80,40,37.0395,37.0395,1,2.8457e-09,388.203,8.57774,-0.290123
824,0,0,80,40,53.491,53.491,1,4.66247e-09,480.829,17.2094,0.149837
824,1,0,80,40,45.7512,45.7512,1,4.07238e-09,561.184,11.3056,-0.0894405
824,2,0,80,40,37.0395,37.0395,1,3.59222e-09,388.354,8.57655,-0.290258
825,0,0,80,40,53.491,53.491,1,2.58586e-09,477.858,17.2343,0.154494
825,1,0,80,40,45.7512,45.7512,1,7.48196e-09,559.911,11.3601,-0.0908368
825,2,0,80,40,37.0395,37.0395,1,1.746e-09,388.504,8.57602,-0.290413
826,0,0,80,40,53.491,53.491,1,5.27109e-09,474.787,17.2293,0.162016
826,1,0,80,40,45.7512,45.7512,1,6.53375e-09,558.775,11.41,-0.0921394
826,2,0,80,40,37.0395,37.0395,1,1.59707e-09,388.662,8.57607,-0.290601
827,0,0,80,40,53.491,53.491,1,2.15164e-09,472.336,17.2312,0.167985
827,1,0,80,40,45.7512,45.7512,1,3.70028e-09,557.774,11.4565,-0.0933876
827,2,0,80,40,37.0395,37.0395,1,2.50594e-09,388.82,8.57677,-0.290807
828,0,0,80,40,53.491,53.491,1,4.85591e-09,473.588,17.1618,0.169885
828,1,0,80,40,45.7512,45.7512,1,3.69175e-09,556.883,11.4995,-0.0947104
828,2,0,80,40,37.0395,37.0395,1,2.32228e-09,389.005,8.57808,-0.291082
829,0,0,80,40,53.491,53.491,1,2.12157e-09,476.305,17.0683,0.170644
829,1,0,80,40,45.7512,45.7512,1,3.36865e-09,556.121,11.5391,-0.09625
829,2,0,80,40,37.0395,37.0395,1,3.28487e-09,389.222,8.58001,-0.291437
830,0,0,80,40,53.491,53.491,1,2.91703e-09,480.197,16.9744,0.170278
830,1,0,80,40,45.7512,45.7512,1,3.98734e-09,555.477,11.5748,-0.097817
830,2,0,80,40,37.0395,37.0395,1,1.92244e-09,389.467,8.58258,-0.291862
831,0,0,80,40,53.491,53.491,1,3.42953e-09,483.647,16.8931,0.169274
831,1,0,80,40,45.7512,45.7512,1,3.63991e-09,554.96,11.6094,-0.0982995
831,2,0,80,40,37.0395,37.0395,1,2.34081e-09,389.697,8.58584,-0.292276
832,0,0,80,40,53.491,53.491,1,2.23844e-09,486.872,16.8159,0.169721
832,1,0,80,40,45.7512,45.7512,1,3.18403e-09,554.601,11.6404,-0.0978964
832,2,0,80,40,37.0395,37.0395,1,3.99507e-09,389.863,8.58987,-0.292594
833,0,0,80,40,53.491,53.491,1,4.28639e-09,490.775,16.714,0.170086
833,1,0,80,40,45.7512,45.7512,1,4.409e-09,554.378,11.6629,-0.0967601
833,2,0,80,40,37.0395,37.0395,1,3.526e-09,390.07,8.59456,-0.293005
834,0,0,80,40,53.491,53.491,1,4.50234e-09,495.065,16.6161,0.170004
834,1,0,80,40,45.7512,45.7512,1,4.13161e-09,554.331,11.6823,-0.0949311
834,2,0,80,40,37.0395,37.0395,1,2.97456e-09,390.321,8.59984,-0.293522
835,0,0,80,40,53.491,53.491,1,3.27179e-09,498.751,16.5352,0.170531
835,1,0,80,40,45.7512,45.7512,1,3.45858e-09,554.465,11.7016,-0.0924349
835,2,0,80,40,37.0395,37.0395,1,1.8394e-09,390.622,8.60594,-0.294162
836,0,0,80,40,53.491,53.491,1,5.69798e-09,501.886,16.4617,0.171729
836,1,0,80,40,45.7512,45.7512,1,6.76766e-09,554.794,11.7228,-0.0895699
836,2,0,80,40,37.0395,37.0395,1,2.19308e-09,390.981,8.61289,-0.294938
837,0,0,80,40,53.491,53.491,1,2.2539e-09,504.708,16.3909,0.173258
837,1,0,80,40,45.7512,45.7512,1,3.29743e-09,555.287,11.7484,-0.0867508
837,2,0,80,40,37.0395,37.0395,1,2.27425e-09,391.377,8.6208,-0.295813
838,0,0,80,40,53.491,53.491,1,4.35023e-09,507.398,16.3253,0.174707
838,1,0,80,40,45.7512,45.7512,1,4.2329e-09,555.981,11.7805,-0.084239
838,2,0,80,40,37.0395,37.0395,1,2.28118e-09,391.8,8.62966,-0.296754
839,0,0,80,40,53.491,53.491,1,3.58847e-09,510.013,16.2684,0.176003
839,1,0,80,40,45.7512,45.7512,1,4.19845e-09,556.924,11.819,-0.0823547
839,2,0,80,40,37.0395,37.0395,1,2.96234e-09,392.269,8.63961,-0.297808
840,0,0,80,40,53.491,53.491,1,3.46142e-09,512.554,16.2212,0.177109
840,1,0,80,40,45.7512,45.7512,1,5.71634e-09,558.161,11.8636,-0.0813048
840,2,0,80,40,37.0395,37.0395,1,2.42909e-09,392.772,8.65077,-0.298965
841,0,0,80,40,53.491,53.491,1,3.04004e-09,514.897,16.1895,0.178212
841,1,0,80,40,45.7512,45.7512,1,2.95131e-09,559.729,11.9145,-0.0812447
841,2,0,80,40,37.0395,37.0395,1,3.1331e-09,393.292,8.66322,-0.300197
842,0,0,80,40,53.491,53.491,1,3.40719e-09,516.967,16.1716,0.179435
842,1,0,80,40,45.7512,45.7512,1,2.92039e-09,561.778,11.971,-0.0822941
842,2,0,80,40,37.0395,37.0395,1,3.05408e-09,393.829,8.67711,-0.30152
843,0,0,80,40,53.491,53.491,1,2.71814e-09,519.545,16.1531,0.180112
843,1,0,80,40,45.7512,45.7512,1,2.40783e-09,564.397,12.0301,-0.084686
843,2,0,80,40,37.0395,37.0395,1,2.02778e-09,394.345,8.69249,-0.30287
844,0,0,80,40,53.491,53.491,1,1.97821e-09,523.113,16.1275,0.179693
844,1,0,80,40,45.7512,45.7512,1,3.38969e-09,567.659,12.0879,-0.0884354
844,2,0,80,40,37.0395,37.0395,1,2.25106e-09,394.845,8.70978,-0.30428
845,0,0,80,40,53.491,53.491,1,2.06364e-09,527.549,16.0954,0.179167
845,1,0,80,40,45.7512,45.7512,1,4.82407e-09,571.693,12.1396,-0.0936347
845,2,0,80,40,37.0395,37.0395,1,2.75543e-09,395.298,8.72935,-0.305692
846,0,0,80,40,53.491,53.491,1,3.14617e-09,534.177,16.0288,0.176252
846,1,0,80,40,45.7512,45.7512,1,3.07841e-09,576.493,12.1797,-0.100051
846,2,0,80,40,37.0395,37.0395,1,1.08008e-09,395.728,8.75179,-0.307168
847,0,0,80,40,53.491,53.491,1,3.57181e-09,541.566,15.9411,0.172503
847,1,0,80,40,45.7512,45.7512,1,6.92205e-09,581.854,12.2047,-0.107055
847,2,0,80,40,37.0395,37.0395,1,1.96081e-09,396.172,8.77807,-0.308775
848,0,0,80,40,53.491,53.491,1,6.88362e-09,548.892,15.8419,0.168685
848,1,0,80,40,45.7512,45.7512,1,4.81646e-09,587.506,12.2141,-0.114065
848,2,0,80,40,37.0395,37.0395,1,2.45677e-09,396.82,8.80879,-0.310766
849,0,0,80,40,53.491,53.491,1,2.93682e-09,556.267,15.7471,0.164643
849,1,0,80,40,45.7512,45.7512,1,4.74245e-09,593.198,12.208,-0.120649
849,2,0,80,40,37.0395,37.0395,1,2.19683e-09,397.917,8.84325,-0.313422
850,0,0,80,40,53.491,53.491,1,3.67851e-09,564.362,15.659,0.160452
850,1,0,80,40,45.7512,45.7512,1,3.24349e-09,598.708,12.1862,-0.126558
850,2,0,80,40,37.0395,37.0395,1,2.84308e-09,399.292,8.87802,-0.31698
851,0,0,80,40,53.491,53.491,1,4.139e-09,572.525,15.5834,0.156162
851,1,0,80,40,45.7512,45.7512,1,4.45061e-09,603.82,12.1477,-0.131515
851,2,0,80,40,37.0395,37.0395,1,2.05455e-09,400.536,8.9103,-0.320084
852,0,0,80,40,53.491,53.491,1,1.48768e-08,580.073,15.5208,0.152422
852,1,0,80,40,45.7512,45.7512,1,4.38695e-09,608.381,12.092,-0.135295
852,2,0,80,40,37.0395,37.0395,1,3.04419e-09,402.214,8.94285,-0.323634
853,0,0,80,40,53.491,53.491,1,4.29952e-09,586.953,15.4729,0.148838
853,1,0,80,40,45.7512,45.7512,1,2.261e-09,612.326,12.0191,-0.137807
853,2,0,80,40,37.0395,37.0395,1,2.23218e-09,404.97,8.97854,-0.328776
854,0,0,80,40,53.491,53.491,1,3.03271e-09,592.972,15.4377,0.145834
854,1,0,80,40,45.7512,45.7512,1,3.73257e-09,615.604,11.9308,-0.139035
854,2,0,80,40,37.0395,37.0395,1,2.79272e-09,408.307,9.0103,-0.336723
855,0,0,80,40,53.491,53.491,1,1.70178e-09,598.017,15.4186,0.144004
855,1,0,80,40,45.7512,45.7512,1,5.27905e-09,618.056,11.8311,-0.138975
855,2,0,80,40,37.0395,37.0395,1,1.48168e-09,410.578,9.0301,-0.343311
856,0,0,80,40,53.491,53.491,1,2.9728e-09,602.135,15.4136,0.142736
856,1,0,80,40,45.7512,45.7512,1,3.13418e-09,619.631,11.7249,-0.137627
856,2,0,80,40,37.0395,37.0395,1,3.11115e-09,409.833,9.02242,-0.342888
857,0,0,80,40,53.491,53.491,1,3.40657e-09,605.575,15.4225,0.142108
857,1,0,80,40,45.7512,45.7512,1,3.85103e-09,620.478,11.6176,-0.135101
857,2,0,80,40,37.0395,37.0395,1,1.71968e-09,407.708,8.99666,-0.339337
858,0,0,80,40,53.491,53.491,1,2.2311e-09,608.449,15.4606,0.140805
858,1,0,80,40,45.7512,45.7512,1,3.60711e-09,620.642,11.5164,-0.131418
858,2,0,80,40,37.0395,37.0395,1,1.62987e-09,405.308,8.96435,-0.334793
859,0,0,80,40,53.491,53.491,1,4.43686e-09,610.781,15.5098,0.141412
859,1,0,80,40,45.7512,45.7512,1,5.58049e-09,619.829,11.4125,-0.126208
859,2,0,80,40,37.0395,37.0395,1,2.04591e-09,403.008,8.93219,-0.330176
860,0,0,80,40,53.491,53.491,1,4.62262e-09,612.587,15.5695,0.142616
860,1,0,80,40,45.7512,45.7512,1,5.26234e-09,619.538,11.3041,-0.121155
860,2,0,80,40,37.0395,37.0395,1,2.87946e-09,400.956,8.90347,-0.325975
861,0,0,80,40,53.491,53.491,1,4.29304e-09,613.843,15.6364,0.145441
861,1,0,80,40,45.7512,45.7512,1,3.15606e-09,618.882,11.2107,-0.116458
861,2,0,80,40,37.0395,37.0395,1,3.27333e-09,399.162,8.87866,-0.322277
862,0,0,80,40,53.491,53.491,1,5.50392e-09,614.495,15.7079,0.149033
862,1,0,80,40,45.7512,45.7512,1,2.70762e-09,617.805,11.1353,-0.111674
862,2,0,80,40,37.0395,37.0395,1,1.91528e-09,397.599,8.85737,-0.319051
863,0,0,80,40,53.491,53.491,1,2.91766e-09,614.715,15.785,0.153153
863,1,0,80,40,45.7512,45.7512,1,1.87345e-09,616.067,11.081,-0.105867
863,2,0,80,40,37.0395,37.0395,1,1.78176e-09,396.237,8.83903,-0.316255
864,0,0,80,40,53.491,53.491,1,5.06304e-09,614.679,15.8539,0.157472
864,1,0,80,40,45.7512,45.7512,1,7.05597e-09,614.792,11.0344,-0.100264
864,2,0,80,40,37.0395,37.0395,1,2.04409e-09,395.045,8.82317,-0.313839
865,0,0,80,40,53.491,53.491,1,3.53157e-09,614.298,15.8952,0.160719
865,1,0,80,40,45.7512,45.7512,1,5.1167e-09,614.702,10.9967,-0.0962568
865,2,0,80,40,37.0395,37.0395,1,3.6365e-09,393.993,8.80922,-0.311727
866,0,0,80,40,53.491,53.491,1,4.94106e-09,613.504,15.9184,0.16187
866,1,0,80,40,45.7512,45.7512,1,5.72356e-09,615.558,10.9736,-0.0944967
866,2,0,80,40,37.0395,37.0395,1,4.24478e-09,393.06,8.79678,-0.309868
867,0,0,80,40,53.491,53.491,1,1.61708e-09,612.488,15.918,0.161656
867,1,0,80,40,45.7512,45.7512,1,7.77811e-09,616.885,10.9594,-0.0934327
867,2,0,80,40,37.0395,37.0395,1,1.27426e-09,392.232,8.78554,-0.308229
868,0,0,80,40,53.491,53.491,1,1.74339e-09,611.383,15.9356,0.160647
868,1,0,80,40,45.7512,45.7512,1,3.04772e-09,618.785,10.9502,-0.0929328
868,2,0,80,40,37.0395,37.0395,1,2.24941e-09,391.49,8.77524,-0.306771
869,0,0,80,40,53.491,53.491,1,7.76333e-09,610.011,15.9533,0.160156
869,1,0,80,40,45.7512,45.7512,1,7.9408e-09,621.428,10.9332,-0.0932957
869,2,0,80,40,37.0395,37.0395,1,1.92239e-09,390.829,8.76572,-0.305487
870,0,0,80,40,53.491,53.491,1,8.06517e-09,608.348,15.9681,0.160837
870,1,0,80,40,45.7512,45.7512,1,2.76179e-09,624.589,10.919,-0.0949318
870,2,0,80,40,37.0395,37.0395,1,2.87309e-09,390.231,8.75677,-0.304344
871,0,0,80,40,53.491,53.491,1,3.74121e-09,606.699,15.9825,0.162112
871,1,0,80,40,45.7512,45.7512,1,7.97309e-09,628.133,10.9123,-0.0975134
871,2,0,80,40,37.0395,37.0395,1,2.68898e-09,389.682,8.74825,-0.303295
872,0,0,80,40,53.491,53.491,1,5.66388e-09,605.069,15.9856,0.165298
872,1,0,80,40,45.7512,45.7512,1,1.68507e-09,632.155,10.9139,-0.101925
872,2,0,80,40,37.0395,37.0395,1,1.96263e-09,389.184,8.7401,-0.302289
873,0,0,80,40,53.491,53.491,1,1.78818e-09,603.229,15.928,0.171225
873,1,0,80,40,45.7512,45.7512,1,3.64628e-09,635.833,10.9033,-0.105599
873,2,0,80,40,37.0395,37.0395,1,1.76362e-09,388.735,8.73225,-0.301365
874,0,0,80,40,53.491,53.491,1,3.17755e-09,601.26,15.848,0.172411
874,1,0,80,40,45.7512,45.7512,1,3.03578e-09,638.528,10.9024,-0.108022
874,2,0,80,40,37.0395,37.0395,1,4.30646e-09,388.324,8.72466,-0.300508
875,0,0,80,40,53.491,53.491,1,1.97861e-09,599.313,15.7627,0.165799
875,1,0,80,40,45.7512,45.7512,1,7.59053e-09,640.877,10.904,-0.110004
875,2,0,80,40,37.0395,37.0395,1,2.06001e-09,387.948,8.71723,-0.299717
876,0,0,80,40,53.491,53.491,1,3.99586e-09,597.307,15.7159,0.154476
876,1,0,80,40,45.7512,45.7512,1,4.19118e-09,643.037,10.9065,-0.1118
876,2,0,80,40,37.0395,37.0395,1,3.05238e-09,387.6,8.71,-0.298971
877,0,0,80,40,53.491,53.491,1,5.3351e-09,595.082,15.7197,0.144011
877,1,0,80,40,45.7512,45.7512,1,9.03935e-09,645.122,10.9092,-0.113525
877,2,0,80,40,37.0395,37.0395,1,3.55379e-09,387.283,8.70292,-0.298279
878,0,0,80,40,53.491,53.491,1,4.21812e-09,592.687,15.7737,0.134785
878,1,0,80,40,45.7512,45.7512,1,5.17571e-09,647.126,10.9122,-0.115175
878,2,0,80,40,37.0395,37.0395,1,3.61001e-09,387.187,8.69591,-0.297625
879,0,0,80,40,53.491,53.491,1,4.37524e-09,590.22,15.875,0.128614
879,1,0,80,40,45.7512,45.7512,1,3.71062e-09,648.831,10.9139,-0.116591
879,2,0,80,40,37.0395,37.0395,1,1.98196e-09,387.26,8.689,-0.297028
880,0,0,80,40,53.491,53.491,1,5.08589e-09,587.719,15.9786,0.126976
880,1,0,80,40,45.7512,45.7512,1,4.02019e-09,649.962,10.9127,-0.11743
880,2,0,80,40,37.0395,37.0395,1,1.83121e-09,387.328,8.68217,-0.296468
881,0,0,80,40,53.491,53.491,1,3.06034e-09,585.162,16.0657,0.128327
881,1,0,80,40,45.7512,45.7512,1,8.76219e-09,650.453,10.9065,-0.11754
881,2,0,80,40,37.0395,37.0395,1,2.48519e-09,387.39,8.67542,-0.295945
882,0,0,80,40,53.491,53.491,1,1.77516e-09,582.498,16.1366,0.132833
882,1,0,80,40,45.7512,45.7512,1,2.86707e-09,650.407,10.8988,-0.117059
882,2,0,80,40,37.0395,37.0395,1,3.28168e-09,387.451,8.66872,-0.295447
883,0,0,80,40,53.491,53.491,1,7.26129e-09,579.752,16.1744,0.137287
883,1,0,80,40,45.7512,45.7512,1,6.36157e-09,649.687,10.8918,-0.115977
883,2,0,80,40,37.0395,37.0395,1,2.25077e-09,387.506,8.66205,-0.294971
884,0,0,80,40,53.491,53.491,1,6.77494e-09,577.016,16.2039,0.140619
884,1,0,80,40,45.7512,45.7512,1,2.78362e-09,647.631,10.8893,-0.11371
884,2,0,80,40,37.0395,37.0395,1,1.56047e-09,387.544,8.65549,-0.29449
885,0,0,80,40,53.491,53.491,1,2.65743e-09,574.309,16.2238,0.143748
885,1,0,80,40,45.7512,45.7512,1,3.31488e-09,644.069,10.8882,-0.110004
885,2,0,80,40,37.0395,37.0395,1,2.81096e-09,387.575,8.64906,-0.294016
886,0,0,80,40,53.491,53.491,1,5.90012e-09,571.67,16.2406,0.146709
886,1,0,80,40,45.7512,45.7512,1,2.97246e-09,639.996,10.8838,-0.106037
886,2,0,80,40,37.0395,37.0395,1,2.53607e-09,387.587,8.64286,-0.293532
887,0,0,80,40,53.491,53.491,1,2.97848e-09,568.935,16.2587,0.149786
887,1,0,80,40,45.7512,45.7512,1,5.27189e-09,635.811,10.8835,-0.102703
887,2,0,80,40,37.0395,37.0395,1,1.51556e-09,387.588,8.63705,-0.293062
888,0,0,80,40,53.491,53.491,1,1.88004e-09,566.058,16.2735,0.152555
888,1,0,80,40,45.7512,45.7512,1,6.07713e-09,631.858,10.8882,-0.100095
888,2,0,80,40,37.0395,37.0395,1,2.00515e-09,387.579,8.6312,-0.292597
889,0,0,80,40,53.491,53.491,1,1.63925e-09,563.078,16.2806,0.154478
889,1,0,80,40,45.7512,45.7512,1,3.71949e-09,628.308,10.8975,-0.0981663
889,2,0,80,40,37.0395,37.0395,1,3.77503e-09,387.554,8.62549,-0.292136
890,0,0,80,40,53.491,53.491,1,3.51531e-09,560.069,16.276,0.155968
890,1,0,80,40,45.7512,45.7512,1,4.32601e-09,624.996,10.9092,-0.0967605
890,2,0,80,40,37.0395,37.0395,1,2.24207e-09,387.521,8.61998,-0.291684
891,0,0,80,40,53.491,53.491,1,5.54587e-09,557.008,16.2442,0.15561
891,1,0,80,40,45.7512,45.7512,1,2.71825e-09,621.998,10.9203,-0.0960415
891,2,0,80,40,37.0395,37.0395,1,1.4474e-09,387.463,8.61474,-0.291219
892,0,0,80,40,53.491,53.491,1,4.29907e-09,553.799,16.1938,0.153619
892,1,0,80,40,45.7512,45.7512,1,7.69762e-09,619.431,10.9301,-0.0963776
892,2,0,80,40,37.0395,37.0395,1,3.2407e-09,387.388,8.60985,-0.290749
893,0,0,80,40,53.491,53.491,1,2.63299e-09,550.449,16.1417,0.150691
893,1,0,80,40,45.7512,45.7512,1,4.39343e-09,617.15,10.9403,-0.0975848
893,2,0,80,40,37.0395,37.0395,1,2.63873e-09,387.297,8.60527,-0.290273
894,0,0,80,40,53.491,53.491,1,6.45298e-09,546.583,16.1023,0.147103
894,1,0,80,40,45.7512,45.7512,1,4.1623e-09,615.004,10.9508,-0.0992292
894,2,0,80,40,37.0395,37.0395,1,1.86674e-09,387.194,8.60115,-0.289798
895,0,0,80,40,53.491,53.491,1,5.20447e-09,542.629,16.074,0.143108
895,1,0,80,40,45.7512,45.7512,1,4.52224e-09,612.924,10.9601,-0.101036
895,2,0,80,40,37.0395,37.0395,1,2.56614e-09,387.071,8.5974,-0.289331
896,0,0,80,40,53.491,53.491,1,3.01503e-09,538.445,16.0661,0.139322
896,1,0,80,40,45.7512,45.7512,1,4.05214e-09,610.987,10.9676,-0.102982
896,2,0,80,40,37.0395,37.0395,1,1.98673e-09,386.922,8.59406,-0.288843
897,0,0,80,40,53.491,53.491,1,5.02723e-09,534.134,16.092,0.136295
897,1,0,80,40,45.7512,45.7512,1,4.12444e-09,609.227,10.9717,-0.10472
897,2,0,80,40,37.0395,37.0395,1,1.54222e-09,386.749,8.59103,-0.28833
898,0,0,80,40,53.491,53.491,1,2.35025e-09,529.633,16.1499,0.134654
898,1,0,80,40,45.7512,45.7512,1,7.02983e-09,607.585,10.9727,-0.105633
898,2,0,80,40,37.0395,37.0395,1,3.68533e-09,386.588,8.58861,-0.287873
899,0,0,80,40,53.491,53.491,1,3.2702e-09,523.61,16.2174,0.136498
899,1,0,80,40,45.7512,45.7512,1,4.7803e-09,606.037,10.9719,-0.105583
899,2,0,80,40,37.0395,37.0395,1,3.91543e-09,386.374,8.5866,-0.287352
900,0,0,80,40,53.491,53.491,1,3.69579e-09,516.862,16.2924,0.140917
900,1,0,80,40,45.7512,45.7512,1,3.55919e-09,604.506,10.9703,-0.104773
900,2,0,80,40,37.0395,37.0395,1,4.03048e-09,386.154,8.58502,-0.28685
901,0,0,80,40,53.491,53.491,1,3.14782e-09,509.16,16.3879,0.146178
901,1,0,80,40,45.7512,45.7512,1,2.28158e-09,603.025,10.9673,-0.103523
901,2,0,80,40,37.0395,37.0395,1,3.06119e-09,385.967,8.58386,-0.28643
902,0,0,80,40,53.491,53.491,1,2.49224e-09,501.189,16.4925,0.151772
902,1,0,80,40,45.7512,45.7512,1,4.86204e-09,601.549,10.964,-0.102024
902,2,0,80,40,37.0395,37.0395,1,3.28725e-09,385.78,8.58353,-0.28606
903,0,0,80,40,53.491,53.491,1,5.87892e-09,491.64,16.5873,0.160649
903,1,0,80,40,45.7512,45.7512,1,5.4265e-09,600.087,10.9601,-0.100459
903,2,0,80,40,37.0395,37.0395,1,1.06257e-09,385.587,8.58356,-0.285701
904,0,0,80,40,53.491,53.491,1,6.71139e-09,480.804,16.6456,0.170858
904,1,0,80,40,45.7512,45.7512,1,3.99677e-09,598.649,10.9552,-0.0989371
904,2,0,80,40,37.0395,37.0395,1,2.51754e-09,385.453,8.58404,-0.285465
905,0,0,80,40,53.491,53.491,1,4.38939e-09,474.59,16.6702,0.173233
905,1,0,80,40,45.7512,45.7512,1,3.44448e-09,597.246,10.9488,-0.0975291
905,2,0,80,40,37.0395,37.0395,1,1.14358e-09,385.309,8.58487,-0.285225
906,0,0,80,40,53.491,53.491,1,3.58114e-09,474.081,16.6502,0.170931
906,1,0,80,40,45.7512,45.7512,1,3.76616e-09,595.865,10.9401,-0.0961889
906,2,0,80,40,37.0395,37.0395,1,3.39054e-09,385.215,8.58615,-0.285089
907,0,0,80,40,53.491,53.491,1,3.41083e-09,478.16,16.6198,0.164298
907,1,0,80,40,45.7512,45.7512,1,5.25813e-09,594.484,10.9274,-0.0948035
907,2,0,80,40,37.0395,37.0395,1,3.33182e-09,385.215,8.58755,-0.285117
908,0,0,80,40,53.491,53.491,1,4.36665e-09,481.734,16.6138,0.15923
908,1,0,80,40,45.7512,45.7512,1,3.70846e-09,593.083,10.9088,-0.0933255
908,2,0,80,40,37.0395,37.0395,1,3.04829e-09,385.299,8.58903,-0.285284
909,0,0,80,40,53.491,53.491,1,1.81478e-09,483.964,16.6139,0.156668
909,1,0,80,40,45.7512,45.7512,1,4.20187e-09,591.653,10.8826,-0.0917281
909,2,0,80,40,37.0395,37.0395,1,1.95053e-09,385.485,8.59088,-0.28564
910,0,0,80,40,53.491,53.491,1,4.15969e-09,484.269,16.6182,0.157759
910,1,0,80,40,45.7512,45.7512,1,3.20642e-09,590.178,10.8493,-0.0900691
910,2,0,80,40,37.0395,37.0395,1,2.95967e-09,385.715,8.593,-0.286071
911,0,0,80,40,53.491,53.491,1,2.49213e-09,483.304,16.6298,0.160923
911,1,0,80,40,45.7512,45.7512,1,7.2597e-09,588.676,10.8109,-0.0883838
911,2,0,80,40,37.0395,37.0395,1,4.94725e-09,386.03,8.59524,-0.286647
912,0,0,80,40,53.491,53.491,1,4.15309e-09,481.694,16.6425,0.165139
912,1,0,80,40,45.7512,45.7512,1,4.37444e-09,587.129,10.771,-0.0867371
912,2,0,80,40,37.0395,37.0395,1,4.96874e-09,386.412,8.598,-0.287345
913,0,0,80,40,53.491,53.491,1,1.96451e-09,480.587,16.6325,0.16884
913,1,0,80,40,45.7512,45.7512,1,4.11109e-09,585.554,10.736,-0.0849897
913,2,0,80,40,37.0395,37.0395,1,2.07217e-09,386.844,8.60115,-0.288147
914,0,0,80,40,53.491,53.491,1,2.8715e-09,480.151,16.6087,0.171744
914,1,0,80,40,45.7512,45.7512,1,3.84904e-09,583.942,10.7163,-0.0829034
914,2,0,80,40,37.0395,37.0395,1,1.8232e-09,387.384,8.60456,-0.289143
915,0,0,80,40,53.491,53.491,1,3.08398e-09,480.86,16.5701,0.173345
915,1,0,80,40,45.7512,45.7512,1,4.07931e-09,582.314,10.7158,-0.0801814
915,2,0,80,40,37.0395,37.0395,1,1.57053e-09,388.096,8.60811,-0.29043
916,0,0,80,40,53.491,53.491,1,2.4184e-09,482.605,16.5137,0.173772
916,1,0,80,40,45.7512,45.7512,1,5.13086e-09,580.71,10.7305,-0.0769479
916,2,0,80,40,37.0395,37.0395,1,2.49327e-09,388.653,8.61285,-0.291477
917,0,0,80,40,53.491,53.491,1,1.9046e-09,484.7,16.4575,0.173851
917,1,0,80,40,45.7512,45.7512,1,5.57407e-09,579.062,10.7623,-0.071938
917,2,0,80,40,37.0395,37.0395,1,1.51118e-09,389.211,8.61854,-0.292567
918,0,0,80,40,53.491,53.491,1,2.00379e-09,487.161,16.4143,0.173446
918,1,0,80,40,45.7512,45.7512,1,4.90604e-09,577.372,10.7657,-0.069983
918,2,0,80,40,37.0395,37.0395,1,1.96417e-09,389.878,8.62506,-0.293873
919,0,0,80,40,53.491,53.491,1,2.31915e-09,490.022,16.3778,0.172517
919,1,0,80,40,45.7512,45.7512,1,3.65924e-09,575.643,10.7968,-0.0696543
919,2,0,80,40,37.0395,37.0395,1,2.33825e-09,390.431,8.63283,-0.294998
920,0,0,80,40,53.491,53.491,1,2.28187e-09,493.217,16.3365,0.1714
920,1,0,80,40,45.7512,45.7512,1,4.17117e-09,573.9,10.8387,-0.0700409
920,2,0,80,40,37.0395,37.0395,1,1.46406e-09,391.014,8.64173,-0.296205
921,0,0,80,40,53.491,53.491,1,2.50367e-09,496.521,16.2887,0.170582
921,1,0,80,40,45.7512,45.7512,1,3.25656e-09,572.142,10.8817,-0.0715969
921,2,0,80,40,37.0395,37.0395,1,2.42068e-09,391.602,8.65189,-0.297446
922,0,0,80,40,53.491,53.491,1,4.67668e-09,499.622,16.2467,0.170047
922,1,0,80,40,45.7512,45.7512,1,4.92196e-09,570.386,10.9266,-0.073517
922,2,0,80,40,37.0395,37.0395,1,2.71416e-09,392.204,8.66349,-0.298749
923,0,0,80,40,53.491,53.491,1,2.91209e-09,502.443,16.215,0.16975
923,1,0,80,40,45.7512,45.7512,1,3.5019e-09,568.658,10.9765,-0.075757
923,2,0,80,40,37.0395,37.0395,1,4.58004e-09,392.838,8.67673,-0.300154
924,0,0,80,40,53.491,53.491,1,4.77434e-09,504.945,16.1937,0.169794
924,1,0,80,40,45.7512,45.7512,1,8.85143e-09,566.962,11.0348,-0.0780766
924,2,0,80,40,37.0395,37.0395,1,2.73775e-09,393.51,8.69185,-0.301694
925,0,0,80,40,53.491,53.491,1,3.72103e-09,507.161,16.1759,0.170341
925,1,0,80,40,45.7512,45.7512,1,2.35207e-09,565.347,11.092,-0.0801179
925,2,0,80,40,37.0395,37.0395,1,2.13896e-09,394.212,8.70906,-0.303363
926,0,0,80,40,53.491,53.491,1,3.9509e-09,509.228,16.1595,0.171203
926,1,0,80,40,45.7512,45.7512,1,2.67744e-09,563.882,11.1482,-0.0823533
926,2,0,80,40,37.0395,37.0395,1,2.62457e-09,394.935,8.72854,-0.305168
927,0,0,80,40,53.491,53.491,1,3.23456e-09,511.184,16.1443,0.172234
927,1,0,80,40,45.7512,45.7512,1,3.29089e-09,562.551,11.2063,-0.0845704
927,2,0,80,40,37.0395,37.0395,1,4.11092e-09,395.674,8.75063,-0.307091
928,0,0,80,40,53.491,53.491,1,3.70648e-09,513.086,16.127,0.173344
928,1,0,80,40,45.7512,45.7512,1,3.46995e-09,561.269,11.2641,-0.086375
928,2,0,80,40,37.0395,37.0395,1,2.60468e-09,396.467,8.77616,-0.309149
929,0,0,80,40,53.491,53.491,1,2.87554e-09,515.177,16.1045,0.174308
929,1,0,80,40,45.7512,45.7512,1,2.39686e-09,560.114,11.3197,-0.0880794
929,2,0,80,40,37.0395,37.0395,1,5.66126e-09,397.429,8.8061,-0.311556
930,0,0,80,40,53.491,53.491,1,4.40855e-09,517.641,16.0777,0.174885
930,1,0,80,40,45.7512,45.7512,1,1.73304e-09,559.054,11.373,-0.0897884
930,2,0,80,40,37.0395,37.0395,1,1.73804e-09,398.561,8.83934,-0.314372
931,0,0,80,40,53.491,53.491,1,3.06983e-09,520.344,16.0471,0.175269
931,1,0,80,40,45.7512,45.7512,1,5.04923e-09,558.124,11.4253,-0.0915539
931,2,0,80,40,37.0395,37.0395,1,4.63842e-09,400.399,8.87752,-0.31809
932,0,0,80,40,53.491,53.491,1,2.66834e-09,523.216,16.0113,0.175622
932,1,0,80,40,45.7512,45.7512,1,5.58759e-09,557.309,11.476,-0.093447
932,2,0,80,40,37.0395,37.0395,1,4.29338e-09,403.412,8.91957,-0.324942
933,0,0,80,40,53.491,53.491,1,2.10861e-09,526.807,15.9705,0.175393
933,1,0,80,40,45.7512,45.7512,1,6.29325e-09,556.624,11.5237,-0.0955933
933,2,0,80,40,37.0395,37.0395,1,5.03815e-09,405.567,8.95301,-0.329589
934,0,0,80,40,53.491,53.491,1,1.71195e-09,530.653,15.9299,0.17528
934,1,0,80,40,45.7512,45.7512,1,4.75461e-09,556.054,11.5684,-0.0980834
934,2,0,80,40,37.0395,37.0395,1,1.35532e-09,407.76,8.9836,-0.334142
935,0,0,80,40,53.491,53.491,1,2.66243e-09,536.273,15.8669,0.173825
935,1,0,80,40,45.7512,45.7512,1,3.3076e-09,555.604,11.6112,-0.0998867
935,2,0,80,40,37.0395,37.0395,1,2.87417e-09,410.059,9.01264,-0.339727
936,0,0,80,40,53.491,53.491,1,2.07103e-09,542.9,15.7867,0.170973
936,1,0,80,40,45.7512,45.7512,1,5.66865e-09,555.279,11.6534,-0.0999705
936,2,0,80,40,37.0395,37.0395,1,2.18893e-09,411.459,9.03251,-0.344457
937,0,0,80,40,53.491,53.491,1,3.44141e-09,549.658,15.7032,0.167653
937,1,0,80,40,45.7512,45.7512,1,3.43982e-09,555.086,11.6835,-0.0992505
937,2,0,80,40,37.0395,37.0395,1,3.6855e-09,411.029,9.03012,-0.34517
938,0,0,80,40,53.491,53.491,1,2.99235e-09,556.455,15.6206,0.164001
938,1,0,80,40,45.7512,45.7512,1,4.51382e-09,555.023,11.7025,-0.0975735
938,2,0,80,40,37.0395,37.0395,1,1.74907e-09,409.098,9.0069,-0.342094
939,0,0,80,40,53.491,53.491,1,4.37143e-09,563.58,15.5424,0.16032
939,1,0,80,40,45.7512,45.7512,1,2.02397e-09,555.1,11.7191,-0.0950998
939,2,0,80,40,37.0395,37.0395,1,2.27129e-09,406.567,8.97643,-0.337385
940,0,0,80,40,53.491,53.491,1,2.64282e-09,571.432,15.4745,0.156324
940,1,0,80,40,45.7512,45.7512,1,5.591e-09,555.33,11.7367,-0.0922073
940,2,0,80,40,37.0395,37.0395,1,3.02794e-09,404.069,8.94588,-0.332479
941,0,0,80,40,53.491,53.491,1,1.9279e-09,579.076,15.4188,0.152416
941,1,0,80,40,45.7512,45.7512,1,2.46075e-09,555.735,11.7577,-0.0892516
941,2,0,80,40,37.0395,37.0395,1,3.98575e-09,401.83,8.91788,-0.327939
942,0,0,80,40,53.491,53.491,1,4.82737e-09,586.086,15.3774,0.149022
942,1,0,80,40,45.7512,45.7512,1,5.83668e-09,556.351,11.7839,-0.0865143
942,2,0,80,40,37.0395,37.0395,1,4.04555e-09,399.891,8.89295,-0.323934
943,0,0,80,40,53.491,53.491,1,2.99474e-09,592.336,15.3523,0.145736
943,1,0,80,40,45.7512,45.7512,1,7.54665e-09,557.21,11.8168,-0.0842964
943,2,0,80,40,37.0395,37.0395,1,3.05022e-09,398.22,8.871,-0.320436
944,0,0,80,40,53.491,53.491,1,1.14005e-09,597.669,15.3337,0.143539
944,1,0,80,40,45.7512,45.7512,1,1.73725e-09,558.348,11.8564,-0.0828884
944,2,0,80,40,37.0395,37.0395,1,2.10883e-09,396.77,8.85169,-0.317388
945,0,0,80,40,53.491,53.491,1,6.95263e-09,602.059,15.3249,0.142644
945,1,0,80,40,45.7512,45.7512,1,3.13503e-09,559.845,11.9027,-0.0825387
945,2,0,80,40,37.0395,37.0395,1,2.42125e-09,395.516,8.83446,-0.314736
946,0,0,80,40,53.491,53.491,1,5.54132e-09,605.702,15.3234,0.141552
946,1,0,80,40,45.7512,45.7512,1,6.17342e-09,561.756,11.9553,-0.083307
946,2,0,80,40,37.0395,37.0395,1,2.8233e-09,394.412,8.8192,-0.312393
947,0,0,80,40,53.491,53.491,1,3.02157e-09,608.718,15.3376,0.142178
947,1,0,80,40,45.7512,45.7512,1,3.17016e-09,564.174,12.0122,-0.0852789
947,2,0,80,40,37.0395,37.0395,1,1.9615e-09,393.434,8.80556,-0.310323
948,0,0,80,40,53.491,53.491,1,2.3299e-09,611.128,15.3688,0.141292
948,1,0,80,40,45.7512,45.7512,1,2.79681e-09,567.279,12.0687,-0.0887006
948,2,0,80,40,37.0395,37.0395,1,2.96649e-09,392.567,8.79333,-0.308505
949,0,0,80,40,53.491,53.491,1,3.31431e-09,612.961,15.428,0.142577
949,1,0,80,40,45.7512,45.7512,1,4.24416e-09,571.1,12.1203,-0.0934859
949,2,0,80,40,37.0395,37.0395,1,3.39088e-09,391.8,8.78205,-0.30689
950,0,0,80,40,53.491,53.491,1,4.0468e-09,614.26,15.4891,0.145744
950,1,0,80,40,45.7512,45.7512,1,7.34838e-09,575.687,12.1619,-0.0995521
950,2,0,80,40,37.0395,37.0395,1,5.02024e-09,391.113,8.77161,-0.305429
951,0,0,80,40,53.491,53.491,1,4.63422e-09,615.126,15.5452,0.149553
951,1,0,80,40,45.7512,45.7512,1,5.1142e-09,580.904,12.1893,-0.106394
951,2,0,80,40,37.0395,37.0395,1,2.61832e-09,390.499,8.76195,-0.304104
952,0,0,80,40,53.491,53.491,1,3.18516e-09,615.568,15.5959,0.154199
952,1,0,80,40,45.7512,45.7512,1,4.05765e-09,586.446,12.201,-0.113201
952,2,0,80,40,37.0395,37.0395,1,1.43797e-09,389.943,8.75295,-0.302914
953,0,0,80,40,53.491,53.491,1,3.93493e-09,615.646,15.6434,0.158537
953,1,0,80,40,45.7512,45.7512,1,9.44442e-09,591.98,12.1981,-0.119479
953,2,0,80,40,37.0395,37.0395,1,3.28691e-09,389.453,8.74485,-0.301923
954,0,0,80,40,53.491,53.491,1,2.85064e-09,615.332,15.6752,0.162008
954,1,0,80,40,45.7512,45.7512,1,2.28033e-09,597.263,12.1819,-0.125007
954,2,0,80,40,37.0395,37.0395,1,4.91588e-09,389.005,8.73724,-0.301031
955,0,0,80,40,53.491,53.491,1,3.49473e-09,614.647,15.6816,0.164005
955,1,0,80,40,45.7512,45.7512,1,3.07909e-09,602.176,12.1519,-0.129745
955,2,0,80,40,37.0395,37.0395,1,4.61773e-09,388.599,8.72995,-0.300207
956,0,0,80,40,53.491,53.491,1,4.41696e-09,613.653,15.6812,0.16463
956,1,0,80,40,45.7512,45.7512,1,3.36593e-09,606.595,12.1059,-0.133504
956,2,0,80,40,37.0395,37.0395,1,2.13282e-09,388.23,8.72295,-0.299457
957,0,0,80,40,53.491,53.491,1,6.59475e-09,612.554,15.6827,0.164689
957,1,0,80,40,45.7512,45.7512,1,5.41672e-09,610.402,12.0421,-0.136104
957,2,0,80,40,37.0395,37.0395,1,2.13595e-09,387.896,8.71632,-0.298802
958,0,0,80,40,53.491,53.491,1,1.71372e-09,611.423,15.6837,0.164554
958,1,0,80,40,45.7512,45.7512,1,5.13398e-09,613.515,11.9613,-0.137408
958,2,0,80,40,37.0395,37.0395,1,3.02742e-09,387.593,8.70988,-0.298211
959,0,0,80,40,53.491,53.491,1,5.70094e-09,609.984,15.6879,0.164968
959,1,0,80,40,45.7512,45.7512,1,4.13866e-09,615.971,11.8669,-0.137405
959,2,0,80,40,37.0395,37.0395,1,2.08803e-09,387.308,8.70333,-0.297588
960,0,0,80,40,53.491,53.491,1,2.64515e-09,608.264,15.7026,0.165739
960,1,0,80,40,45.7512,45.7512,1,3.88616e-09,617.823,11.7628,-0.136357
960,2,0,80,40,37.0395,37.0395,1,1.64226e-09,387.037,8.69676,-0.296948
961,0,0,80,40,53.491,53.491,1,2.63208e-09,606.537,15.7261,0.167131
961,1,0,80,40,45.7512,45.7512,1,3.07512e-09,619.019,11.6543,-0.134355
961,2,0,80,40,37.0395,37.0395,1,3.32483e-09,386.778,8.69036,-0.296266
962,0,0,80,40,53.491,53.491,1,3.41163e-09,604.727,15.6976,0.168624
962,1,0,80,40,45.7512,45.7512,1,4.0784e-09,619.903,11.5475,-0.131606
962,2,0,80,40,37.0395,37.0395,1,3.25264e-09,386.657,8.68407,-0.295565
963,0,0,80,40,53.491,53.491,1,3.34524e-09,602.74,15.6369,0.166691
963,1,0,80,40,45.7512,45.7512,1,5.56372e-09,620.4,11.4469,-0.128226
963,2,0,80,40,37.0395,37.0395,1,2.39788e-09,386.607,8.67798,-0.29485
964,0,0,80,40,53.491,53.491,1,2.99883e-09,600.702,15.6089,0.159926
964,1,0,80,40,45.7512,45.7512,1,2.53101e-09,620.486,11.3565,-0.124286
964,2,0,80,40,37.0395,37.0395,1,4.29077e-09,386.525,8.67206,-0.294121
965,0,0,80,40,53.491,53.491,1,3.01623e-09,598.644,15.6162,0.149919
965,1,0,80,40,45.7512,45.7512,1,3.45028e-09,621.143,11.2546,-0.119951
965,2,0,80,40,37.0395,37.0395,1,3.33483e-09,386.443,8.66626,-0.293411
966,0,0,80,40,53.491,53.491,1,9.04276e-09,596.432,15.6676,0.138094
966,1,0,80,40,45.7512,45.7512,1,6.66114e-09,622.387,11.1319,-0.115802
966,2,0,80,40,37.0395,37.0395,1,2.80471e-09,386.332,8.66063,-0.292681
967,0,0,80,40,53.491,53.491,1,3.72137e-09,594.04,15.7736,0.128595
967,1,0,80,40,45.7512,45.7512,1,6.04825e-09,622.569,11.0163,-0.110781
967,2,0,80,40,37.0395,37.0395,1,2.35048e-09,386.223,8.65514,-0.291988
968,0,0,80,40,53.491,53.491,1,4.1473e-09,591.574,15.9241,0.126699
968,1,0,80,40,45.7512,45.7512,1,6.11499e-09,620.967,10.9287,-0.105715
968,2,0,80,40,37.0395,37.0395,1,2.70541e-09,386.078,8.64991,-0.291275
969,0,0,80,40,53.491,53.491,1,2.61866e-09,589.018,16.0378,0.129282
969,1,0,80,40,45.7512,45.7512,1,2.52447e-09,617.253,10.8838,-0.098497
969,2,0,80,40,37.0395,37.0395,1,3.88621e-09,385.897,8.64486,-0.290528
970,0,0,80,40,53.491,53.491,1,2.7801e-09,586.338,16.1286,0.133283
970,1,0,80,40,45.7512,45.7512,1,3.55311e-09,615.006,10.8783,-0.0920356
970,2,0,80,40,37.0395,37.0395,1,1.28688e-09,385.712,8.64014,-0.289824
971,0,0,80,40,53.491,53.491,1,3.39929e-09,583.633,16.2015,0.137517
971,1,0,80,40,45.7512,45.7512,1,6.08122e-09,614.587,10.903,-0.0881036
971,2,0,80,40,37.0395,37.0395,1,1.12391e-09,385.494,8.63562,-0.289103
972,0,0,80,40,53.491,53.491,1,4.37416e-09,580.933,16.2612,0.141211
972,1,0,80,40,45.7512,45.7512,1,9.14906e-09,616.323,10.9155,-0.0876721
972,2,0,80,40,37.0395,37.0395,1,2.12765e-09,385.267,8.63127,-0.288401
973,0,0,80,40,53.491,53.491,1,3.67186e-09,578.223,16.3113,0.144395
973,1,0,80,40,45.7512,45.7512,1,4.84363e-09,618.454,10.9157,-0.0881228
973,2,0,80,40,37.0395,37.0395,1,5.43798e-09,384.996,8.62727,-0.287654
974,0,0,80,40,53.491,53.491,1,3.5127e-09,575.476,16.3451,0.147049
974,1,0,80,40,45.7512,45.7512,1,7.14954e-09,621.709,10.9059,-0.090194
974,2,0,80,40,37.0395,37.0395,1,3.31767e-09,384.705,8.62368,-0.286909
975,0,0,80,40,53.491,53.491,1,4.45209e-09,572.715,16.3696,0.14925
975,1,0,80,40,45.7512,45.7512,1,3.33989e-09,625.499,10.8956,-0.0933793
975,2,0,80,40,37.0395,37.0395,1,2.63572e-09,384.617,8.62078,-0.286038
976,0,0,80,40,53.491,53.491,1,2.84365e-09,569.78,16.38,0.151435
976,1,0,80,40,45.7512,45.7512,1,1.01037e-08,629.475,10.9002,-0.097565
976,2,0,80,40,37.0395,37.0395,1,5.07254e-09,384.549,8.61832,-0.285262
977,0,0,80,40,53.491,53.491,1,8.37599e-09,566.896,16.3808,0.153515
977,1,0,80,40,45.7512,45.7512,1,4.65866e-09,633.698,10.8803,-0.101654
977,2,0,80,40,37.0395,37.0395,1,3.27276e-09,384.49,8.61667,-0.284471
978,0,0,80,40,53.491,53.491,1,3.21955e-09,563.736,16.3757,0.155406
978,1,0,80,40,45.7512,45.7512,1,3.46813e-09,637.078,10.8753,-0.105024
978,2,0,80,40,37.0395,37.0395,1,3.26457e-09,384.435,8.61523,-0.283679
979,0,0,80,40,53.491,53.491,1,5.60624e-09,560.532,16.3582,0.157163
979,1,0,80,40,45.7512,45.7512,1,3.91174e-09,639.511,10.8799,-0.107318
979,2,0,80,40,37.0395,37.0395,1,2.15857e-09,384.386,8.6149,-0.283052
980,0,0,80,40,53.491,53.491,1,2.8474e-09,557.47,16.3259,0.158431
980,1,0,80,40,45.7512,45.7512,1,9.36802e-09,641.599,10.882,-0.109093
980,2,0,80,40,37.0395,37.0395,1,3.27884e-09,384.342,8.6147,-0.282658
981,0,0,80,40,53.491,53.491,1,3.40958e-09,554.272,16.2746,0.157205
981,1,0,80,40,45.7512,45.7512,1,3.23053e-09,643.326,10.8811,-0.110399
981,2,0,80,40,37.0395,37.0395,1,2.93915e-09,384.309,8.61527,-0.283264
982,0,0,80,40,53.491,53.491,1,6.97827e-09,551.154,16.2075,0.154991
982,1,0,80,40,45.7512,45.7512,1,6.02552e-09,644.8,10.8765,-0.111267
982,2,0,80,40,37.0395,37.0395,1,3.75923e-09,384.282,8.61219,-0.284522
983,0,0,80,40,53.491,53.491,1,2.76975e-09,548.166,16.1387,0.151638
983,1,0,80,40,45.7512,45.7512,1,2.26714e-09,646.005,10.8676,-0.111764
983,2,0,80,40,37.0395,37.0395,1,3.15379e-09,384.82,8.6074,-0.28534
984,0,0,80,40,53.491,53.491,1,4.33738e-09,544.757,16.0916,0.147842
984,1,0,80,40,45.7512,45.7512,1,3.30692e-09,647.091,10.8558,-0.112144
984,2,0,80,40,37.0395,37.0395,1,3.87485e-09,385.325,8.60381,-0.285911
985,0,0,80,40,53.491,53.491,1,5.39001e-09,541.1,16.0563,0.14393
985,1,0,80,40,45.7512,45.7512,1,6.89431e-09,648.064,10.8437,-0.112484
985,2,0,80,40,37.0395,37.0395,1,2.83586e-09,385.723,8.60126,-0.28639
986,0,0,80,40,53.491,53.491,1,5.31816e-09,537.205,16.0574,0.140815
986,1,0,80,40,45.7512,45.7512,1,2.29591e-09,648.697,10.8339,-0.112648
986,2,0,80,40,37.0395,37.0395,1,4.60028e-09,386.063,8.59918,-0.286812
987,0,0,80,40,53.491,53.491,1,3.46631e-09,532.87,16.1103,0.138714
987,1,0,80,40,45.7512,45.7512,1,6.35669e-09,648.417,10.8273,-0.112067
987,2,0,80,40,37.0395,37.0395,1,2.48451e-09,386.419,8.59709,-0.287263
988,0,0,80,40,53.491,53.491,1,3.47967e-09,527.402,16.1736,0.138771
988,1,0,80,40,45.7512,45.7512,1,6.33975e-09,646.709,10.827,-0.11022
988,2,0,80,40,37.0395,37.0395,1,2.9936e-09,386.779,8.59527,-0.287743
989,0,0,80,40,53.491,53.491,1,4.735e-09,521.037,16.2565,0.141193
989,1,0,80,40,45.7512,45.7512,1,3.05465e-09,643.573,10.8298,-0.107069
989,2,0,80,40,37.0395,37.0395,1,3.59864e-09,387.158,8.59394,-0.288278
990,0,0,80,40,53.491,53.491,1,2.90436e-09,513.181,16.3405,0.146891
990,1,0,80,40,45.7512,45.7512,1,2.42414e-09,640.037,10.8302,-0.103668
990,2,0,80,40,37.0395,37.0395,1,2.99059e-09,387.508,8.5935,-0.288798
991,0,0,80,40,53.491,53.491,1,3.4965e-09,505.598,16.4471,0.150278
991,1,0,80,40,45.7512,45.7512,1,3.42675e-09,636.17,10.8323,-0.100614
991,2,0,80,40,37.0395,37.0395,1,1.62095e-09,387.93,8.59271,-0.289429
992,0,0,80,40,53.491,53.491,1,2.68818e-09,496.544,16.5529,0.155343
992,1,0,80,40,45.7512,45.7512,1,3.33182e-09,632.197,10.8394,-0.0979158
992,2,0,80,40,37.0395,37.0395,1,2.58518e-09,388.348,8.5928,-0.290085
993,0,0,80,40,53.491,53.491,1,2.39368e-09,487.938,16.6291,0.160292
993,1,0,80,40,45.7512,45.7512,1,7.02312e-09,628.439,10.8514,-0.0957225
993,2,0,80,40,37.0395,37.0395,1,2.77805e-09,388.792,8.59365,-0.290817
994,0,0,80,40,53.491,53.491,1,2.94585e-09,481.678,16.6854,0.162313
994,1,0,80,40,45.7512,45.7512,1,4.63871e-09,624.93,10.8663,-0.0941236
994,2,0,80,40,37.0395,37.0395,1,4.39047e-09,389.264,8.59528,-0.291624
995,0,0,80,40,53.491,53.491,1,3.35524e-09,480.075,16.6655,0.159755
995,1,0,80,40,45.7512,45.7512,1,3.9081e-09,621.784,10.881,-0.0933179
995,2,0,80,40,37.0395,37.0395,1,2.90407e-09,389.755,8.59778,-0.292485
996,0,0,80,40,53.491,53.491,1,2.24662e-09,484.671,16.6303,0.149976
996,1,0,80,40,45.7512,45.7512,1,3.86842e-09,619.077,10.8938,-0.0935411
996,2,0,80,40,37.0395,37.0395,1,4.98113e-09,390.257,8.60126,-0.293404
997,0,0,80,40,53.491,53.491,1,2.49639e-09,490.618,16.6604,0.139667
997,1,0,80,40,45.7512,45.7512,1,7.2971e-09,616.652,10.9065,-0.0946269
997,2,0,80,40,37.0395,37.0395,1,5.72646e-09,390.76,8.6059,-0.294369
998,0,0,80,40,53.491,53.491,1,4.99296e-09,494.551,16.7183,0.133962
998,1,0,80,40,45.7512,45.7512,1,3.73393e-09,614.38,10.9197,-0.0961994
998,2,0,80,40,37.0395,37.0395,1,3.95949e-09,391.286,8.61154,-0.295402
999,0,0,80,40,53.491,53.491,1,6.3161e-09,496.821,16.7501,0.13291
999,1,0,80,40,45.7512,45.7512,1,5.01257e-09,612.214,10.9322,-0.098008
999,2,0,80,40,37.0395,37.0395,1,2.79709e-09,391.807,8.61849,-0.296489
1000,0,0,80,40,53.491,53.491,1,3.25491e-09,496.911,16.792,0.135586
1000,1,0,80,40,45.7512,45.7512,1,3.56374e-09,610.204,10.9427,-0.0999806
1000,2,0,80,40,37.0395,37.0395,1,3.82556e-09,392.324,8.62675,-0.297615
1001,0,0,80,40,53.491,53.491,1,2.13834e-09,494.786,16.8213,0.141995
1001,1,0,80,40,45.7512,45.7512,1,4.37501e-09,608.35,10.9496,-0.101766
1001,2,0,80,40,37.0395,37.0395,1,2.13333e-09,392.846,8.63639,-0.298811
1002,0,0,80,40,53.491,53.491,1,4.0273e-09,492.333,16.8684,0.148159
1002,1,0,80,40,45.7512,45.7512,1,5.47357e-09,606.633,10.9524,-0.102715
1002,2,0,80,40,37.0395,37.0395,1,2.4649e-09,393.366,8.64743,-0.300058
1003,0,0,80,40,53.491,53.491,1,2.88219e-09,490.403,16.8689,0.154389
1003,1,0,80,40,45.7512,45.7512,1,3.00759e-09,605.059,10.9525,-0.102716
1003,2,0,80,40,37.0395,37.0395,1,1.52471e-09,393.874,8.65992,-0.301335
1004,0,0,80,40,53.491,53.491,1,3.20966e-09,489.269,16.8489,0.16004
1004,1,0,80,40,45.7512,45.7512,1,3.45756e-09,603.529,10.9513,-0.101928
1004,2,0,80,40,37.0395,37.0395,1,1.82439e-09,394.394,8.67406,-0.302692
1005,0,0,80,40,53.491,53.491,1,5.47004e-09,488.959,16.8061,0.164724
1005,1,0,80,40,45.7512,45.7512,1,7.03801e-09,602.033,10.9487,-0.100666
1005,2,0,80,40,37.0395,37.0395,1,2.48428e-09,394.923,8.69022,-0.30412
1006,0,0,80,40,53.491,53.491,1,7.06268e-09,489.311,16.747,0.168452
1006,1,0,80,40,45.7512,45.7512,1,9.07528e-09,600.563,10.9448,-0.0991763
1006,2,0,80,40,37.0395,37.0395,1,1.73583e-09,395.502,8.70869,-0.305698
1007,0,0,80,40,53.491,53.491,1,6.36891e-09,489.893,16.6767,0.171648
1007,1,0,80,40,45.7512,45.7512,1,3.77258e-09,599.121,10.9403,-0.097635
1007,2,0,80,40,37.0395,37.0395,1,2.1825e-09,396.174,8.72983,-0.307445
1008,0,0,80,40,53.491,53.491,1,2.5866e-09,490.548,16.6098,0.174148
1008,1,0,80,40,45.7512,45.7512,1,2.9703e-09,597.712,10.9348,-0.0961089
1008,2,0,80,40,37.0395,37.0395,1,4.26172e-09,397.057,8.75422,-0.309533
1009,0,0,80,40,53.491,53.491,1,5.13029e-09,491.378,16.551,0.176114
1009,1,0,80,40,45.7512,45.7512,1,5.27405e-09,596.373,10.9276,-0.0947053
1009,2,0,80,40,37.0395,37.0395,1,4.92133e-09,398.314,8.78294,-0.312021
1010,0,0,80,40,53.491,53.491,1,2.74031e-09,492.406,16.4969,0.177862
1010,1,0,80,40,45.7512,45.7512,1,3.80123e-09,595.088,10.9177,-0.0934338
1010,2,0,80,40,37.0395,37.0395,1,2.01919e-09,400.533,8.81672,-0.315082
1011,0,0,80,40,53.491,53.491,1,4.73563e-09,493.748,16.4356,0.179501
1011,1,0,80,40,45.7512,45.7512,1,2.79988e-09,593.85,10.903,-0.09224
1011,2,0,80,40,37.0395,37.0395,1,1.96155e-09,404.238,8.85813,-0.322753
1012,0,0,80,40,53.491,53.491,1,4.38331e-09,495.144,16.3705,0.181332
1012,1,0,80,40,45.7512,45.7512,1,7.82086e-09,592.622,10.8818,-0.0910475
1012,2,0,80,40,37.0395,37.0395,1,2.31108e-09,406.258,8.90036,-0.329639
1013,0,0,80,40,53.491,53.491,1,4.5128e-09,496.308,16.3205,0.182996
1013,1,0,80,40,45.7512,45.7512,1,2.39743e-09,591.374,10.8528,-0.0897654
1013,2,0,80,40,37.0395,37.0395,1,2.91021e-09,407.422,8.93409,-0.332811
1014,0,0,80,40,53.491,53.491,1,1.94802e-09,497.572,16.2844,0.184188
1014,1,0,80,40,45.7512,45.7512,1,7.27823e-09,590.06,10.815,-0.088334
1014,2,0,80,40,37.0395,37.0395,1,1.17751e-09,408.428,8.96124,-0.335886
1015,0,0,80,40,53.491,53.491,1,6.85628e-09,498.918,16.2605,0.185054
1015,1,0,80,40,45.7512,45.7512,1,3.88428e-09,588.66,10.771,-0.0870104
1015,2,0,80,40,37.0395,37.0395,1,4.58692e-09,409.191,8.98347,-0.337603
1016,0,0,80,40,53.491,53.491,1,4.25626e-09,500.502,16.2474,0.185234
1016,1,0,80,40,45.7512,45.7512,1,4.81282e-09,587.216,10.7275,-0.0857626
1016,2,0,80,40,37.0395,37.0395,1,2.53306e-09,410.342,9.00755,-0.340628
1017,0,0,80,40,53.491,53.491,1,3.67879e-09,502.599,16.2426,0.184146
1017,1,0,80,40,45.7512,45.7512,1,2.55034e-09,585.816,10.6853,-0.0847279
1017,2,0,80,40,37.0395,37.0395,1,5.85277e-09,411.243,9.02867,-0.345621
1018,0,0,80,40,53.491,53.491,1,2.76179e-09,504.669,16.2616,0.183248
1018,1,0,80,40,45.7512,45.7512,1,3.168e-09,584.369,10.6517,-0.0812007
1018,2,0,80,40,37.0395,37.0395,1,2.47508e-09,410.527,9.02568,-0.345562
1019,0,0,80,40,53.491,53.491,1,2.40289e-09,506.744,16.2928,0.183313
1019,1,0,80,40,45.7512,45.7512,1,6.33042e-09,582.888,10.6427,-0.0778915
1019,2,0,80,40,37.0395,37.0395,1,2.67278e-09,408.309,8.99928,-0.341178
1020,0,0,80,40,53.491,53.491,1,3.49729e-09,509.532,16.3171,0.182689
1020,1,0,80,40,45.7512,45.7512,1,6.58883e-09,581.405,10.6362,-0.0715267
1020,2,0,80,40,37.0395,37.0395,1,4.56714e-09,405.679,8.96654,-0.336025
1021,0,0,80,40,53.491,53.491,1,4.55725e-09,512.795,16.2959,0.182138
1021,1,0,80,40,45.7512,45.7512,1,3.90173e-09,579.903,10.6748,-0.0708102
1021,2,0,80,40,37.0395,37.0395,1,3.41157e-09,403.307,8.93534,-0.331238
1022,0,0,80,40,53.491,53.491,1,1.64539e-09,516.15,16.25,0.182239
1022,1,0,80,40,45.7512,45.7512,1,1.91073e-09,578.321,10.7129,-0.0706812
1022,2,0,80,40,37.0395,37.0395,1,4.66042e-09,401.244,8.90761,-0.326989
1023,0,0,80,40,53.491,53.491,1,2.66124e-09,520.306,16.2002,0.181558
1023,1,0,80,40,45.7512,45.7512,1,7.00612e-09,576.683,10.7491,-0.0706655
1023,2,0,80,40,37.0395,37.0395,1,2.54693e-09,399.461,8.8836,-0.323283
1024,0,0,80,40,53.491,53.491,1,2.94398e-09,524.39,16.1455,0.181573
1024,1,0,80,40,45.7512,45.7512,1,3.35228e-09,575.009,10.7898,-0.0727572
1024,2,0,80,40,37.0395,37.0395,1,3.71807e-09,397.923,8.86293,-0.320083
1025,0,0,80,40,53.491,53.491,1,2.5446e-09,530.573,16.069,0.179625
1025,1,0,80,40,45.7512,45.7512,1,4.82896e-09,573.334,10.838,-0.0746711
1025,2,0,80,40,37.0395,37.0395,1,3.99729e-09,396.584,8.84501,-0.31729
1026,0,0,80,40,53.491,53.491,1,4.6947e-09,537.743,15.9856,0.176197
1026,1,0,80,40,45.7512,45.7512,1,3.46927e-09,571.643,10.893,-0.0762465
1026,2,0,80,40,37.0395,37.0395,1,2.04875e-09,395.413,8.82932,-0.314849
1027,0,0,80,40,53.491,53.491,1,2.24389e-09,544.974,15.8964,0.172337
1027,1,0,80,40,45.7512,45.7512,1,4.95629e-09,570.003,10.9486,-0.0787511
1027,2,0,80,40,37.0395,37.0395,1,1.85321e-09,394.38,8.81546,-0.312693
1028,0,0,80,40,53.491,53.491,1,5.0228e-09,552.338,15.8071,0.167981
1028,1,0,80,40,45.7512,45.7512,1,2.77197e-09,568.4,11.0044,-0.0812025
1028,2,0,80,40,37.0395,37.0395,1,2.10014e-09,393.463,8.80307,-0.310775
1029,0,0,80,40,53.491,53.491,1,2.10986e-09,560.088,15.7233,0.163666
1029,1,0,80,40,45.7512,45.7512,1,5.33066e-09,566.848,11.0603,-0.0836209
1029,2,0,80,40,37.0395,37.0395,1,2.63151e-09,392.646,8.79186,-0.309067
1030,0,0,80,40,53.491,53.491,1,3.48905e-09,568.051,15.6479,0.159398
1030,1,0,80,40,45.7512,45.7512,1,3.65458e-09,565.391,11.1201,-0.0862382
1030,2,0,80,40,37.0395,37.0395,1,1.14545e-09,391.912,8.78156,-0.307519
1031,0,0,80,40,53.491,53.491,1,4.23785e-09,575.599,15.5841,0.155538
1031,1,0,80,40,45.7512,45.7512,1,3.29294e-09,563.995,11.1837,-0.0886579
1031,2,0,80,40,37.0395,37.0395,1,2.82927e-09,391.251,8.7721,-0.306131
1032,0,0,80,40,53.491,53.491,1,1.93825e-09,582.57,15.5309,0.151952
1032,1,0,80,40,45.7512,45.7512,1,3.28146e-09,562.681,11.2465,-0.0909368
1032,2,0,80,40,37.0395,37.0395,1,4.16787e-09,390.649,8.76338,-0.304867
1033,0,0,80,40,53.491,53.491,1,4.15923e-09,588.797,15.4891,0.148625
1033,1,0,80,40,45.7512,45.7512,1,3.89866e-09,561.476,11.3079,-0.0933082
1033,2,0,80,40,37.0395,37.0395,1,3.71989e-09,390.106,8.75515,-0.30373
1034,0,0,80,40,53.491,53.491,1,4.90706e-09,594.105,15.4578,0.146643
1034,1,0,80,40,45.7512,45.7512,1,5.46288e-09,560.352,11.3684,-0.0957521
1034,2,0,80,40,37.0395,37.0395,1,2.87673e-09,389.613,8.74736,-0.30268
1035,0,0,80,40,53.491,53.491,1,3.75121e-09,598.509,15.4383,0.144924
1035,1,0,80,40,45.7512,45.7512,1,6.24209e-09,559.327,11.4283,-0.0981614
1035,2,0,80,40,37.0395,37.0395,1,2.82995e-09,389.162,8.73993,-0.301712
1036,0,0,80,40,53.491,53.491,1,3.75798e-09,602.167,15.4315,0.14351
1036,1,0,80,40,45.7512,45.7512,1,3.47632e-09,558.422,11.4853,-0.100222
1036,2,0,80,40,37.0395,37.0395,1,1.85787e-09,388.755,8.73277,-0.30084
1037,0,0,80,40,53.491,53.491,1,2.88912e-09,605.182,15.4589,0.142386
1037,1,0,80,40,45.7512,45.7512,1,1.52107e-09,557.614,11.5343,-0.101728
1037,2,0,80,40,37.0395,37.0395,1,2.74105e-09,388.385,8.72576,-0.300031
1038,0,0,80,40,53.491,53.491,1,6.4357e-09,607.642,15.4798,0.142285
1038,1,0,80,40,45.7512,45.7512,1,3.88309e-09,556.932,11.5737,-0.103049
1038,2,0,80,40,37.0395,37.0395,1,1.88965e-09,388.048,8.71896,-0.299294
1039,0,0,80,40,53.491,53.491,1,2.75338e-09,609.629,15.5233,0.141852
1039,1,0,80,40,45.7512,45.7512,1,4.39559e-09,556.351,11.6063,-0.103699
1039,2,0,80,40,37.0395,37.0395,1,1.51346e-09,387.738,8.71239,-0.298608
1040,0,0,80,40,53.491,53.491,1,1.76578e-09,611.093,15.5865,0.143225
1040,1,0,80,40,45.7512,45.7512,1,5.56292e-09,555.888,11.6353,-0.102793
1040,2,0,80,40,37.0395,37.0395,1,2.02874e-09,387.456,8.7058,-0.297979
1041,0,0,80,40,53.491,53.491,1,2.68005e-09,611.972,15.6574,0.146531
1041,1,0,80,40,45.7512,45.7512,1,3.92731e-09,555.547,11.6534,-0.101586
1041,2,0,80,40,37.0395,37.0395,1,2.88946e-09,387.2,8.69937,-0.297411
1042,0,0,80,40,53.491,53.491,1,4.0564e-09,612.347,15.7309,0.150427
1042,1,0,80,40,45.7512,45.7512,1,4.17003e-09,555.329,11.665,-0.0992561
1042,2,0,80,40,37.0395,37.0395,1,1.82035e-09,386.952,8.69321,-0.296817
1043,0,0,80,40,53.491,53.491,1,4.05919e-09,612.47,15.7937,0.15453
1043,1,0,80,40,45.7512,45.7512,1,3.09086e-09,555.258,11.6772,-0.0962676
1043,2,0,80,40,37.0395,37.0395,1,3.8512e-09,386.876,8.68659,-0.296396
1044,0,0,80,40,53.491,53.491,1,3.41413e-09,612.266,15.8308,0.158269
1044,1,0,80,40,45.7512,45.7512,1,6.69166e-09,555.328,11.6923,-0.0927859
1044,2,0,80,40,37.0395,37.0395,1,3.44011e-09,387.049,8.68022,-0.29607
1045,0,0,80,40,53.491,53.491,1,2.62358e-09,611.671,15.8454,0.160309
1045,1,0,80,40,45.7512,45.7512,1,2.82324e-09,555.572,11.7122,-0.0893605
1045,2,0,80,40,37.0395,37.0395,1,2.67102e-09,387.155,8.67403,-0.295664
1046,0,0,80,40,53.491,53.491,1,2.97894e-09,610.792,15.8532,0.160377
1046,1,0,80,40,45.7512,45.7512,1,3.04294e-09,556.033,11.7377,-0.0862406
1046,2,0,80,40,37.0395,37.0395,1,4.20181e-09,387.279,8.66777,-0.295307
1047,0,0,80,40,53.491,53.491,1,3.09217e-09,609.773,15.865,0.15896
1047,1,0,80,40,45.7512,45.7512,1,2.62617e-09,556.734,11.7699,-0.0835986
1047,2,0,80,40,37.0395,37.0395,1,3.38429e-09,387.368,8.66171,-0.294918
1048,0,0,80,40,53.491,53.491,1,4.82521e-09,608.52,15.8824,0.157242
1048,1,0,80,40,45.7512,45.7512,1,7.4599e-09,557.706,11.8088,-0.081708
1048,2,0,80,40,37.0395,37.0395,1,3.05442e-09,387.451,8.65587,-0.294553
1049,0,0,80,40,53.491,53.491,1,2.30591e-09,606.968,15.9084,0.155831
1049,1,0,80,40,45.7512,45.7512,1,5.24528e-09,559.015,11.8547,-0.0807647
1049,2,0,80,40,37.0395,37.0395,1,3.89969e-09,387.775,8.6473,-0.294507
1050,0,0,80,40,53.491,53.491,1,3.22859e-09,605.4,15.9378,0.154135
1050,1,0,80,40,45.7512,45.7512,1,4.50359e-09,560.723,11.9082,-0.0810291
1050,2,0,80,40,37.0395,37.0395,1,1.95644e-09,387.844,8.64085,-0.29413
1051,0,0,80,40,53.491,53.491,1,3.47723e-09,603.826,15.964,0.152311
1051,1,0,80,40,45.7512,45.7512,1,2.73451e-09,562.984,11.9675,-0.0826407
1051,2,0,80,40,37.0395,37.0395,1,1.82979e-09,387.872,8.63494,-0.293702
1052,0,0,80,40,53.491,53.491,1,2.58274e-09,602.073,15.9864,0.151468
1052,1,0,80,40,45.7512,45.7512,1,2.65646e-09,565.934,12.0283,-0.0857099
1052,2,0,80,40,37.0395,37.0395,1,1.62566e-09,387.846,8.62966,-0.29323
1053,0,0,80,40,53.491,53.491,1,3.61763e-09,600.183,16.0134,0.151978
1053,1,0,80,40,45.7512,45.7512,1,3.11593e-09,569.618,12.085,-0.0902006
1053,2,0,80,40,37.0395,37.0395,1,3.18664e-09,387.814,8.62452,-0.292771
1054,0,0,80,40,53.491,53.491,1,4.28906e-09,598.34,16.0338,0.152504
1054,1,0,80,40,45.7512,45.7512,1,2.90402e-09,574.119,12.1333,-0.0960979
1054,2,0,80,40,37.0395,37.0395,1,4.62069e-09,387.783,8.61969,-0.292341
1055,0,0,80,40,53.491,53.491,1,2.82e-09,596.389,16.047,0.152029
1055,1,0,80,40,45.7512,45.7512,1,5.8576e-09,579.359,12.1685,-0.103059
1055,2,0,80,40,37.0395,37.0395,1,3.64059e-09,387.745,8.61511,-0.291916
1056,0,0,80,40,53.491,53.491,1,2.71655e-09,594.249,16.062,0.151152
1056,1,0,80,40,45.7512,45.7512,1,7.91829e-09,585.087,12.1879,-0.11034
1056,2,0,80,40,37.0395,37.0395,1,1.70076e-09,387.697,8.61092,-0.291495
1057,0,0,80,40,53.491,53.491,1,3.07313e-09,592.023,16.0855,0.150024
1057,1,0,80,40,45.7512,45.7512,1,3.34092e-09,590.987,12.191,-0.117383
1057,2,0,80,40,37.0395,37.0395,1,1.77221e-09,387.638,8.60706,-0.291075
1058,0,0,80,40,53.491,53.491,1,4.07704e-09,589.777,16.116,0.148856
1058,1,0,80,40,45.7512,45.7512,1,2.26999e-09,596.793,12.1791,-0.123845
1058,2,0,80,40,37.0395,37.0395,1,3.44079e-09,387.576,8.60372,-0.290682
1059,0,0,80,40,53.491,53.491,1,2.61747e-09,587.499,16.1507,0.14803
1059,1,0,80,40,45.7512,45.7512,1,6.04086e-09,602.332,12.1516,-0.129568
1059,2,0,80,40,37.0395,37.0395,1,3.76372e-09,387.504,8.60059,-0.290286
1060,0,0,80,40,53.491,53.491,1,2.74986e-09,585.145,16.1954,0.147665
1060,1,0,80,40,45.7512,45.7512,1,6.95934e-09,607.494,12.1065,-0.134352
1060,2,0,80,40,37.0395,37.0395,1,3.31255e-09,387.428,8.59778,-0.289912
1061,0,0,80,40,53.491,53.491,1,1.90914e-09,582.638,16.2496,0.14824
1061,1,0,80,40,45.7512,45.7512,1,4.10012e-09,612.16,12.0427,-0.138049
1061,2,0,80,40,37.0395,37.0395,1,2.94119e-09,387.349,8.59544,-0.289557
1062,0,0,80,40,53.491,53.491,1,8.37645e-09,579.977,16.3037,0.14945
1062,1,0,80,40,45.7512,45.7512,1,3.11741e-09,616.113,11.962,-0.140565
1062,2,0,80,40,37.0395,37.0395,1,2.31495e-09,387.274,8.59338,-0.289241
1063,0,0,80,40,53.491,53.491,1,7.79175e-09,577.23,16.353,0.150742
1063,1,0,80,40,45.7512,45.7512,1,2.32114e-09,619.187,11.865,-0.141603
1063,2,0,80,40,37.0395,37.0395,1,1.85395e-09,387.208,8.59173,-0.288951
1064,0,0,80,40,53.491,53.491,1,4.84818e-09,574.526,16.3925,0.15198
1064,1,0,80,40,45.7512,45.7512,1,3.43141e-09,621.489,11.7568,-0.141267
1064,2,0,80,40,37.0395,37.0395,1,1.82894e-09,387.143,8.59044,-0.288681
1065,0,0,80,40,53.491,53.491,1,3.50445e-09,571.815,16.419,0.153126
1065,1,0,80,40,45.7512,45.7512,1,2.94222e-09,622.864,11.6421,-0.139585
1065,2,0,80,40,37.0395,37.0395,1,1.51601e-09,387.097,8.58961,-0.288467
1066,0,0,80,40,53.491,53.491,1,7.6858e-09,569.056,16.432,0.154371
1066,1,0,80,40,45.7512,45.7512,1,5.49278e-09,623.335,11.5284,-0.136593
1066,2,0,80,40,37.0395,37.0395,1,2.44995e-09,387.063,8.58909,-0.288292
1067,0,0,80,40,53.491,53.491,1,2.26356e-09,566.181,16.4351,0.155718
1067,1,0,80,40,45.7512,45.7512,1,1.50911e-08,622.791,11.4225,-0.13182
1067,2,0,80,40,37.0395,37.0395,1,5.4323e-09,387.05,8.58879,-0.28816
1068,0,0,80,40,53.491,53.491,1,3.60876e-09,563.343,16.4176,0.156577
1068,1,0,80,40,45.7512,45.7512,1,2.95654e-09,621.82,11.3069,-0.125767
1068,2,0,80,40,37.0395,37.0395,1,2.28795e-09,387.058,8.58887,-0.288082
1069,0,0,80,40,53.491,53.491,1,4.99699e-09,560.338,16.3977,0.157459
1069,1,0,80,40,45.7512,45.7512,1,4.73869e-09,621.143,11.196,-0.120207
1069,2,0,80,40,37.0395,37.0395,1,3.08165e-09,387.096,8.58927,-0.288068
1070,0,0,80,40,53.491,53.491,1,2.56847e-09,556.991,16.3639,0.157809
1070,1,0,80,40,45.7512,45.7512,1,8.78845e-09,619.31,11.1103,-0.114365
1070,2,0,80,40,37.0395,37.0395,1,1.46525e-09,387.165,8.58996,-0.288118
1071,0,0,80,40,53.491,53.491,1,2.00976e-09,553.818,16.3011,0.15604
1071,1,0,80,40,45.7512,45.7512,1,5.68548e-09,617.412,11.042,-0.10754
1071,2,0,80,40,37.0395,37.0395,1,3.0094e-09,387.266,8.59098,-0.288238
1072,0,0,80,40,53.491,53.491,1,2.7789e-09,550.735,16.241,0.15312
1072,1,0,80,40,45.7512,45.7512,1,4.63547e-09,616.24,11.0142,-0.101772
1072,2,0,80,40,37.0395,37.0395,1,2.98013e-09,387.412,8.59228,-0.288444
1073,0,0,80,40,53.491,53.491,1,2.35389e-09,547.016,16.2034,0.149482
1073,1,0,80,40,45.7512,45.7512,1,5.54292e-09,615.625,10.9975,-0.0990394
1073,2,0,80,40,37.0395,37.0395,1,3.06943e-09,387.617,8.5939,-0.288766
1074,0,0,80,40,53.491,53.491,1,7.49412e-09,543.381,16.1731,0.145345
1074,1,0,80,40,45.7512,45.7512,1,5.2022e-09,615.848,10.976,-0.0984058
1074,2,0,80,40,37.0395,37.0395,1,4.22381e-09,387.857,8.59595,-0.289162
1075,0,0,80,40,53.491,53.491,1,3.19733e-09,539.498,16.1684,0.14102
1075,1,0,80,40,45.7512,45.7512,1,6.76926e-09,612.907,10.9354,-0.0884747
1075,2,0,80,40,37.0395,37.0395,1,2.29755e-09,388.135,8.59852,-0.28964
1076,0,0,80,40,53.491,53.491,1,3.21387e-09,535.086,16.2019,0.137772
1076,1,0,80,40,45.7512,45.7512,1,2.64015e-09,615.452,10.9406,-0.0887883
1076,2,0,80,40,37.0395,37.0395,1,2.06091e-09,388.466,8.60165,-0.290232
1077,0,0,80,40,53.491,53.491,1,3.66254e-09,529.951,16.2784,0.136064
1077,1,0,80,40,45.7512,45.7512,1,2.29301e-09,618.557,10.9226,-0.0904516
1077,2,0,80,40,37.0395,37.0395,1,2.54266e-09,388.85,8.60522,-0.290925
1078,0,0,80,40,53.491,53.491,1,3.19756e-09,522.742,16.3794,0.138417
1078,1,0,80,40,45.7512,45.7512,1,3.4114e-09,621.765,10.9032,-0.0921179
1078,2,0,80,40,37.0395,37.0395,1,3.23115e-09,389.29,8.60944,-0.291736
1079,0,0,80,40,53.491,53.491,1,2.27726e-09,513.9,16.5204,0.144168
1079,1,0,80,40,45.7512,45.7512,1,5.79882e-09,625.282,10.8903,-0.0946247
1079,2,0,80,40,37.0395,37.0395,1,2.07768e-09,389.766,8.61462,-0.292645
1080,0,0,80,40,53.491,53.491,1,7.32229e-09,504.288,16.684,0.1512
1080,1,0,80,40,45.7512,45.7512,1,3.60797e-09,629.159,10.884,-0.098273
1080,2,0,80,40,37.0395,37.0395,1,2.93608e-09,390.332,8.62029,-0.293726
1081,0,0,80,40,53.491,53.491,1,3.58176e-09,493.115,16.8415,0.160643
1081,1,0,80,40,45.7512,45.7512,1,4.78633e-09,632.823,10.8722,-0.10158
1081,2,0,80,40,37.0395,37.0395,1,3.21222e-09,390.944,8.62701,-0.294929
1082,0,0,80,40,53.491,53.491,1,3.98478e-09,481.479,16.9858,0.170713
1082,1,0,80,40,45.7512,45.7512,1,3.63838e-09,635.875,10.8688,-0.104397
1082,2,0,80,40,37.0395,37.0395,1,2.73303e-09,391.593,8.63495,-0.296245
1083,0,0,80,40,53.491,53.491,1,6.18945e-09,470.336,17.0761,0.180788
1083,1,0,80,40,45.7512,45.7512,1,4.2171e-09,638.153,10.8664,-0.106228
1083,2,0,80,40,37.0395,37.0395,1,2.1281e-09,392.266,8.64435,-0.297664
1084,0,0,80,40,53.491,53.491,1,5.26398e-09,462.674,17.1177,0.185369
1084,1,0,80,40,45.7512,45.7512,1,1.21104e-08,639.978,10.8623,-0.107498
1084,2,0,80,40,37.0395,37.0395,1,3.58159e-09,392.963,8.65525,-0.299181
1085,0,0,80,40,53.491,53.491,1,4.5664e-09,459.11,17.1287,0.186064
1085,1,0,80,40,45.7512,45.7512,1,5.25267e-09,641.457,10.8565,-0.108281
1085,2,0,80,40,37.0395,37.0395,1,1.87026e-09,393.678,8.66792,-0.300802
1086,0,0,80,40,53.491,53.491,1,3.38929e-09,460.112,17.1393,0.181085
1086,1,0,80,40,45.7512,45.7512,1,3.67231e-09,642.803,10.8483,-0.108775
1086,2,0,80,40,37.0395,37.0395,1,3.67857e-09,394.405,8.68257,-0.302515
1087,0,0,80,40,53.491,53.491,1,1.82791e-09,463.053,17.1212,0.175641
1087,1,0,80,40,45.7512,45.7512,1,3.34694e-09,644.128,10.8383,-0.109233
1087,2,0,80,40,37.0395,37.0395,1,2.56421e-09,395.156,8.69944,-0.304342
1088,0,0,80,40,53.491,53.491,1,2.30813e-09,465.599,17.1448,0.170104
1088,1,0,80,40,45.7512,45.7512,1,5.26995e-09,645.444,10.828,-0.109766
1088,2,0,80,40,37.0395,37.0395,1,3.11678e-09,395.949,8.71886,-0.306316
1089,0,0,80,40,53.491,53.491,1,1.79438e-09,468.459,17.1685,0.164712
1089,1,0,80,40,45.7512,45.7512,1,4.4638e-09,646.653,10.8194,-0.110363
1089,2,0,80,40,37.0395,37.0395,1,2.04875e-09,396.811,8.74133,-0.3085
1090,0,0,80,40,53.491,53.491,1,3.75184e-09,470.921,17.2295,0.16039
1090,1,0,80,40,45.7512,45.7512,1,5.13853e-09,647.504,10.8142,-0.110817
1090,2,0,80,40,37.0395,37.0395,1,2.83836e-09,397.771,8.76751,-0.310952
1091,0,0,80,40,53.491,53.491,1,2.484e-09,473.408,17.2622,0.156489
1091,1,0,80,40,45.7512,45.7512,1,2.43813e-09,647.493,10.814,-0.110659
1091,2,0,80,40,37.0395,37.0395,1,1.96724e-09,398.864,8.79864,-0.313798
1092,0,0,80,40,53.491,53.491,1,6.52221e-09,475.252,17.2733,0.15451
1092,1,0,80,40,45.7512,45.7512,1,3.86967e-09,645.941,10.8204,-0.109064
1092,2,0,80,40,37.0395,37.0395,1,3.14725e-09,399.966,8.83585,-0.317071
1093,0,0,80,40,53.491,53.491,1,3.71142e-09,476.716,17.2726,0.154121
1093,1,0,80,40,45.7512,45.7512,1,4.90365e-09,642.907,10.8319,-0.106106
1093,2,0,80,40,37.0395,37.0395,1,3.09132e-09,401.31,8.87701,-0.320587
1094,0,0,80,40,53.491,53.491,1,1.52647e-09,479.141,17.2413,0.154161
1094,1,0,80,40,45.7512,45.7512,1,4.81566e-09,639.496,10.8397,-0.10298
1094,2,0,80,40,37.0395,37.0395,1,3.68686e-09,403.263,8.92397,-0.324702
1095,0,0,80,40,53.491,53.491,1,7.7186e-09,480.446,17.2204,0.156215
1095,1,0,80,40,45.7512,45.7512,1,5.28951e-09,635.755,10.844,-0.100127
1095,2,0,80,40,37.0395,37.0395,1,3.51247e-09,406.86,8.97547,-0.33091
1096,0,0,80,40,53.491,53.491,1,2.71723e-09,481.619,17.1967,0.159385
1096,1,0,80,40,45.7512,45.7512,1,7.28164e-09,631.865,10.8517,-0.09759
1096,2,0,80,40,37.0395,37.0395,1,2.20069e-09,411.525,9.02273,-0.341911
1097,0,0,80,40,53.491,53.491,1,3.98995e-09,483.638,17.1474,0.161871
1097,1,0,80,40,45.7512,45.7512,1,2.19597e-09,628.314,10.8633,-0.0956951
1097,2,0,80,40,37.0395,37.0395,1,1.69979e-09,413.256,9.04568,-0.347272
1098,0,0,80,40,53.491,53.491,1,4.88018e-09,486.021,17.0812,0.164039
1098,1,0,80,40,45.7512,45.7512,1,4.66889e-09,625.067,10.8768,-0.0944012
1098,2,0,80,40,37.0395,37.0395,1,2.70808e-09,413.182,9.04904,-0.348782
1099,0,0,80,40,53.491,53.491,1,7.33252e-09,488.486,17.0023,0.166211
1099,1,0,80,40,45.7512,45.7512,1,3.84409e-09,622.08,10.8901,-0.0936781
1099,2,0,80,40,37.0395,37.0395,1,4.70271e-09,411.789,9.03682,-0.3474
1100,0,0,80,40,53.491,53.491,1,5.71788e-09,490.807,16.9023,0.168307
1100,1,0,80,40,45.7512,45.7512,1,1.66278e-09,619.452,10.9012,-0.0937401
1100,2,0,80,40,37.0395,37.0395,1,3.27611e-09,409.509,9.01296,-0.343707
1101,0,0,80,40,53.491,53.491,1,2.88742e-09,492.715,16.8186,0.170166
1101,1,0,80,40,45.7512,45.7512,1,1.69302e-09,617.201,10.9113,-0.094801
1101,2,0,80,40,37.0395,37.0395,1,3.62422e-09,406.964,8.98337,-0.339016
1102,0,0,80,40,53.491,53.491,1,4.43293e-09,494.352,16.764,0.171574
1102,1,0,80,40,45.7512,45.7512,1,1.8299e-09,615.139,10.9219,-0.0964858
1102,2,0,80,40,37.0395,37.0395,1,2.00322e-09,404.531,8.95324,-0.334256
1103,0,0,80,40,53.491,53.491,1,2.69284e-09,496.301,16.7138,0.172647
1103,1,0,80,40,45.7512,45.7512,1,2.18404e-09,613.191,10.9325,-0.098473
1103,2,0,80,40,37.0395,37.0395,1,4.40679e-09,402.331,8.92518,-0.329828
1104,0,0,80,40,53.491,53.491,1,6.44451e-09,498.791,16.6574,0.173238
1104,1,0,80,40,45.7512,45.7512,1,2.76179e-09,611.37,10.9408,-0.1006
1104,2,0,80,40,37.0395,37.0395,1,2.4769e-09,400.4,8.90003,-0.325886
1105,0,0,80,40,53.491,53.491,1,2.05699e-09,501.416,16.6008,0.173793
1105,1,0,80,40,45.7512,45.7512,1,7.11441e-09,609.716,10.9455,-0.102698
1105,2,0,80,40,37.0395,37.0395,1,1.98008e-09,398.716,8.87773,-0.322409
1106,0,0,80,40,53.491,53.491,1,3.36695e-09,503.969,16.5389,0.1748
1106,1,0,80,40,45.7512,45.7512,1,7.57541e-09,608.191,10.9452,-0.104132
1106,2,0,80,40,37.0395,37.0395,1,2.31239e-09,397.255,8.85802,-0.319382
1107,0,0,80,40,53.491,53.491,1,3.91935e-09,506.433,16.4706,0.176181
1107,1,0,80,40,45.7512,45.7512,1,6.18661e-09,606.811,10.9424,-0.104683
1107,2,0,80,40,37.0395,37.0395,1,1.59031e-09,395.987,8.84037,-0.316732
1108,0,0,80,40,53.491,53.491,1,6.58031e-09,508.952,16.4014,0.177533
1108,1,0,80,40,45.7512,45.7512,1,2.72132e-09,605.396,10.9396,-0.104247
1108,2,0,80,40,37.0395,37.0395,1,3.21404e-09,394.852,8.8247,-0.314362
1109,0,0,80,40,53.491,53.491,1,3.49297e-09,511.628,16.3326,0.178688
1109,1,0,80,40,45.7512,45.7512,1,5.3027e-09,604,10.9361,-0.103264
1109,2,0,80,40,37.0395,37.0395,1,3.73228e-09,393.851,8.81053,-0.312257
1110,0,0,80,40,53.491,53.491,1,4.79383e-09,514.24,16.2713,0.179949
1110,1,0,80,40,45.7512,45.7512,1,2.87673e-09,602.577,10.9315,-0.101903
1110,2,0,80,40,37.0395,37.0395,1,3.52225e-09,392.953,8.79774,-0.310361
1111,0,0,80,40,53.491,53.491,1,4.20886e-09,516.643,16.2253,0.18133
1111,1,0,80,40,45.7512,45.7512,1,3.65526e-09,601.16,10.9265,-0.100419
1111,2,0,80,40,37.0395,37.0395,1,1.87509e-09,392.151,8.78605,-0.308654
1112,0,0,80,40,53.491,53.491,1,2.45791e-09,519.555,16.1892,0.182136
1112,1,0,80,40,45.7512,45.7512,1,4.7994e-09,599.753,10.9213,-0.0989413
1112,2,0,80,40,37.0395,37.0395,1,1.3398e-09,391.432,8.7753,-0.307124
1113,0,0,80,40,53.491,53.491,1,3.13014e-09,523.5,16.1471,0.181779
1113,1,0,80,40,45.7512,45.7512,1,5.16872e-09,598.38,10.9153,-0.0976071
1113,2,0,80,40,37.0395,37.0395,1,2.91271e-09,390.789,8.76527,-0.30574
1114,0,0,80,40,53.491,53.491,1,2.99462e-09,528.739,16.0947,0.180911
1114,1,0,80,40,45.7512,45.7512,1,4.98278e-09,597.03,10.9082,-0.0964528
1114,2,0,80,40,37.0395,37.0395,1,2.18347e-09,390.2,8.75598,-0.304476
1115,0,0,80,40,53.491,53.491,1,4.22472e-09,535.513,16.0203,0.17811
1115,1,0,80,40,45.7512,45.7512,1,3.73274e-09,595.706,10.8996,-0.0954763
1115,2,0,80,40,37.0395,37.0395,1,2.26157e-09,389.674,8.74719,-0.303333
1116,0,0,80,40,53.491,53.491,1,2.93824e-09,542.862,15.9322,0.174287
1116,1,0,80,40,45.7512,45.7512,1,3.25542e-09,594.367,10.8877,-0.0945616
1116,2,0,80,40,37.0395,37.0395,1,2.42983e-09,389.194,8.73886,-0.302272
1117,0,0,80,40,53.491,53.491,1,4.83033e-09,550.178,15.8424,0.170124
1117,1,0,80,40,45.7512,45.7512,1,6.97571e-09,593.023,10.8699,-0.0936375
1117,2,0,80,40,37.0395,37.0395,1,2.27294e-09,388.759,8.73086,-0.301298
1118,0,0,80,40,53.491,53.491,1,2.25128e-09,557.579,15.7492,0.166203
1118,1,0,80,40,45.7512,45.7512,1,5.85976e-09,591.623,10.8453,-0.0927052
1118,2,0,80,40,37.0395,37.0395,1,2.23639e-09,388.363,8.72323,-0.300389
1119,0,0,80,40,53.491,53.491,1,2.23747e-09,565.674,15.6647,0.162064
1119,1,0,80,40,45.7512,45.7512,1,5.63728e-09,590.204,10.8157,-0.0917191
1119,2,0,80,40,37.0395,37.0395,1,3.70295e-09,388.001,8.71593,-0.299559
1120,0,0,80,40,53.491,53.491,1,3.44744e-09,573.647,15.592,0.157932
1120,1,0,80,40,45.7512,45.7512,1,6.64102e-09,588.753,10.7828,-0.0903202
1120,2,0,80,40,37.0395,37.0395,1,3.32841e-09,387.667,8.70889,-0.298776
1121,0,0,80,40,53.491,53.491,1,3.81601e-09,580.917,15.5321,0.154264
1121,1,0,80,40,45.7512,45.7512,1,7.82313e-09,587.267,10.743,-0.0884361
1121,2,0,80,40,37.0395,37.0395,1,2.43989e-09,387.361,8.70205,-0.298038
1122,0,0,80,40,53.491,53.491,1,6.22595e-09,587.456,15.4865,0.150682
1122,1,0,80,40,45.7512,45.7512,1,2.73565e-09,585.769,10.6993,-0.0870368
1122,2,0,80,40,37.0395,37.0395,1,1.39431e-09,387.079,8.69555,-0.297374
1123,0,0,80,40,53.491,53.491,1,2.21439e-09,593.067,15.4514,0.148262
1123,1,0,80,40,45.7512,45.7512,1,2.22803e-09,584.238,10.673,-0.0855938
1123,2,0,80,40,37.0395,37.0395,1,2.75963e-09,386.953,8.68926,-0.296756
1124,0,0,80,40,53.491,53.491,1,2.25512e-09,597.718,15.432,0.14647
1124,1,0,80,40,45.7512,45.7512,1,5.03428e-09,582.695,10.6573,-0.078797
1124,2,0,80,40,37.0395,37.0395,1,3.41629e-09,386.991,8.68306,-0.296167
1125,0,0,80,40,53.491,53.491,1,2.11145e-09,601.561,15.4265,0.144844
1125,1,0,80,40,45.7512,45.7512,1,3.83449e-09,581.135,10.657,-0.0740035
1125,2,0,80,40,37.0395,37.0395,1,2.63452e-09,387.036,8.67707,-0.29563
1126,0,0,80,40,53.491,53.491,1,3.01418e-09,604.784,15.4403,0.144648
1126,1,0,80,40,45.7512,45.7512,1,4.56203e-09,579.506,10.6966,-0.0734499
1126,2,0,80,40,37.0395,37.0395,1,2.30011e-09,387.079,8.67126,-0.295127
1127,0,0,80,40,53.491,53.491,1,3.12673e-09,607.419,15.4629,0.142612
1127,1,0,80,40,45.7512,45.7512,1,5.18776e-09,577.843,10.7404,-0.0736097
1127,2,0,80,40,37.0395,37.0395,1,1.27682e-09,387.122,8.66556,-0.294662
1128,0,0,80,40,53.491,53.491,1,5.00222e-09,609.522,15.5177,0.142433
1128,1,0,80,40,45.7512,45.7512,1,7.03881e-09,576.139,10.7898,-0.0743294
1128,2,0,80,40,37.0395,37.0395,1,1.96087e-09,387.167,8.65999,-0.294228
1129,0,0,80,40,53.491,53.491,1,4.23802e-09,611.113,15.5751,0.144508
1129,1,0,80,40,45.7512,45.7512,1,3.07841e-09,574.427,10.844,-0.0758145
1129,2,0,80,40,37.0395,37.0395,1,1.8444e-09,387.216,8.65449,-0.293827
1130,0,0,80,40,53.491,53.491,1,4.86193e-09,612.121,15.6415,0.147268
1130,1,0,80,40,45.7512,45.7512,1,5.16332e-09,572.689,10.8975,-0.0773789
1130,2,0,80,40,37.0395,37.0395,1,1.45735e-09,387.253,8.64905,-0.29343
1131,0,0,80,40,53.491,53.491,1,4.79793e-09,612.533,15.7191,0.151118
1131,1,0,80,40,45.7512,45.7512,1,2.72598e-09,570.965,10.9538,-0.079388
1131,2,0,80,40,37.0395,37.0395,1,1.69234e-09,387.273,8.64379,-0.293033
1132,0,0,80,40,53.491,53.491,1,2.55545e-09,612.615,15.7932,0.155481
1132,1,0,80,40,45.7512,45.7512,1,3.31067e-09,569.251,11.0096,-0.0814985
1132,2,0,80,40,37.0395,37.0395,1,1.90477e-09,387.343,8.63845,-0.29274
1133,0,0,80,40,53.491,53.491,1,2.93755e-09,612.476,15.8417,0.160045
1133,1,0,80,40,45.7512,45.7512,1,3.14162e-09,567.584,11.0669,-0.0834453
1133,2,0,80,40,37.0395,37.0395,1,3.28134e-09,387.412,8.63321,-0.292468
1134,0,0,80,40,53.491,53.491,1,2.42744e-09,612.007,15.8667,0.163674
1134,1,0,80,40,45.7512,45.7512,1,4.44288e-09,565.98,11.1252,-0.0854432
1134,2,0,80,40,37.0395,37.0395,1,2.42426e-09,387.487,8.62814,-0.29223
1135,0,0,80,40,53.491,53.491,1,3.21234e-09,611.201,15.8793,0.165765
1135,1,0,80,40,45.7512,45.7512,1,2.29079e-09,564.447,11.1864,-0.0875363
1135,2,0,80,40,37.0395,37.0395,1,2.20979e-09,387.541,8.6232,-0.291975
1136,0,0,80,40,53.491,53.491,1,5.32827e-09,610.181,15.8919,0.166683
1136,1,0,80,40,45.7512,45.7512,1,4.79054e-09,562.981,11.249,-0.0894027
1136,2,0,80,40,37.0395,37.0395,1,5.54769e-09,387.574,8.6185,-0.29171
1137,0,0,80,40,53.491,53.491,1,5.34033e-09,608.956,15.9081,0.166941
1137,1,0,80,40,45.7512,45.7512,1,3.3213e-09,561.607,11.3095,-0.0911585
1137,2,0,80,40,37.0395,37.0395,1,3.64105e-09,387.582,8.61413,-0.291429
1138,0,0,80,40,53.491,53.491,1,5.44208e-09,607.417,15.9196,0.167444
1138,1,0,80,40,45.7512,45.7512,1,6.29018e-09,560.294,11.3664,-0.0927107
1138,2,0,80,40,37.0395,37.0395,1,4.95658e-09,387.617,8.60984,-0.291213
1139,0,0,80,40,53.491,53.491,1,5.03366e-09,605.806,15.9239,0.167648
1139,1,0,80,40,45.7512,45.7512,1,6.60776e-09,559.163,11.4191,-0.0940842
1139,2,0,80,40,37.0395,37.0395,1,2.71837e-09,387.616,8.60577,-0.290952
1140,0,0,80,40,53.491,53.491,1,4.31874e-09,604.317,15.9284,0.166748
1140,1,0,80,40,45.7512,45.7512,1,5.60135e-09,558.17,11.4682,-0.0952666
1140,2,0,80,40,37.0395,37.0395,1,1.57439e-09,387.548,8.60233,-0.290598
1141,0,0,80,40,53.491,53.491,1,3.11775e-09,602.73,15.9288,0.165724
1141,1,0,80,40,45.7512,45.7512,1,3.65264e-09,557.301,11.512,-0.096507
1141,2,0,80,40,37.0395,37.0395,1,1.82933e-09,387.453,8.59929,-0.29022
1142,0,0,80,40,53.491,53.491,1,5.2388e-09,600.819,15.9193,0.165749
1142,1,0,80,40,45.7512,45.7512,1,5.1549e-09,556.57,11.5506,-0.0980591
1142,2,0,80,40,37.0395,37.0395,1,4.35574e-09,387.351,8.59664,-0.28985
1143,0,0,80,40,53.491,53.491,1,3.12647e-09,598.87,15.8935,0.164442
1143,1,0,80,40,45.7512,45.7512,1,3.85978e-09,555.963,11.5855,-0.0994936
1143,2,0,80,40,37.0395,37.0395,1,2.72792e-09,387.242,8.59428,-0.289491
1144,0,0,80,40,53.491,53.491,1,6.601e-09,596.737,15.8691,0.161069
1144,1,0,80,40,45.7512,45.7512,1,3.06017e-09,555.466,11.619,-0.099551
1144,2,0,80,40,37.0395,37.0395,1,4.55447e-09,387.117,8.59241,-0.289121
1145,0,0,80,40,53.491,53.491,1,3.04044e-09,594.539,15.8477,0.156504
1145,1,0,80,40,45.7512,45.7512,1,3.5476e-09,555.147,11.6448,-0.0990651
1145,2,0,80,40,37.0395,37.0395,1,3.32489e-09,386.984,8.59097,-0.288752
1146,0,0,80,40,53.491,53.491,1,6.9216e-09,592.26,15.8523,0.151069
1146,1,0,80,40,45.7512,45.7512,1,4.22989e-09,554.966,11.6627,-0.0977115
1146,2,0,80,40,37.0395,37.0395,1,2.4325e-09,386.864,8.58985,-0.288417
1147,0,0,80,40,53.491,53.491,1,1.73861e-09,590.002,15.8873,0.145557
1147,1,0,80,40,45.7512,45.7512,1,3.91543e-09,554.938,11.6806,-0.0954961
1147,2,0,80,40,37.0395,37.0395,1,2.77703e-09,386.739,8.58931,-0.28809
1148,0,0,80,40,53.491,53.491,1,4.10864e-09,587.795,15.9471,0.141713
1148,1,0,80,40,45.7512,45.7512,1,2.94392e-09,555.051,11.6997,-0.0926367
1148,2,0,80,40,37.0395,37.0395,1,2.29477e-09,386.615,8.58917,-0.287782
1149,0,0,80,40,53.491,53.491,1,3.64713e-09,585.503,16.0185,0.140356
1149,1,0,80,40,45.7512,45.7512,1,2.6734e-09,555.36,11.7219,-0.0895528
1149,2,0,80,40,37.0395,37.0395,1,3.41913e-09,386.508,8.58946,-0.287519
1150,0,0,80,40,53.491,53.491,1,5.81326e-09,583.055,16.0884,0.140807
1150,1,0,80,40,45.7512,45.7512,1,5.60669e-09,555.899,11.7479,-0.0867153
1150,2,0,80,40,37.0395,37.0395,1,3.2021e-09,386.444,8.59006,-0.287337
1151,0,0,80,40,53.491,53.491,1,3.68584e-09,580.573,16.1467,0.14246
1151,1,0,80,40,45.7512,45.7512,1,5.66286e-09,556.649,11.7797,-0.0843027
1151,2,0,80,40,37.0395,37.0395,1,2.66982e-09,386.414,8.59118,-0.287237
1152,0,0,80,40,53.491,53.491,1,3.27452e-09,577.905,16.1971,0.144965
1152,1,0,80,40,45.7512,45.7512,1,3.08296e-09,557.648,11.8182,-0.0825888
1152,2,0,80,40,37.0395,37.0395,1,2.55034e-09,386.429,8.59249,-0.287212
1153,0,0,80,40,53.491,53.491,1,2.38595e-09,575.376,16.2332,0.147599
1153,1,0,80,40,45.7512,45.7512,1,5.5968e-09,558.963,11.8634,-0.0817857
1153,2,0,80,40,37.0395,37.0395,1,2.59314e-09,386.494,8.59408,-0.287278
1154,0,0,80,40,53.491,53.491,1,7.4715e-09,572.75,16.2645,0.150155
1154,1,0,80,40,45.7512,45.7512,1,1.85923e-09,560.634,11.9156,-0.0819658
1154,2,0,80,40,37.0395,37.0395,1,5.85061e-09,386.591,8.59612,-0.287407
1155,0,0,80,40,53.491,53.491,1,2.12628e-09,570.087,16.2862,0.152628
1155,1,0,80,40,45.7512,45.7512,1,3.41879e-09,562.831,11.9734,-0.0833526
1155,2,0,80,40,37.0395,37.0395,1,2.72138e-09,386.74,8.59855,-0.287634
1156,0,0,80,40,53.491,53.491,1,2.96905e-09,567.332,16.3076,0.15526
1156,1,0,80,40,45.7512,45.7512,1,4.9713e-09,565.648,12.0328,-0.0861199
1156,2,0,80,40,37.0395,37.0395,1,2.96092e-09,386.954,8.60143,-0.287985
1157,0,0,80,40,53.491,53.491,1,2.30523e-09,564.419,16.324,0.157621
1157,1,0,80,40,45.7512,45.7512,1,2.62503e-09,569.131,12.0898,-0.0902638
1157,2,0,80,40,37.0395,37.0395,1,3.45017e-09,387.215,8.60491,-0.288439
1158,0,0,80,40,53.491,53.491,1,2.82819e-09,561.492,16.3305,0.158833
1158,1,0,80,40,45.7512,45.7512,1,2.55807e-09,573.395,12.1395,-0.095818
1158,2,0,80,40,37.0395,37.0395,1,2.4267e-09,387.544,8.609,-0.289037
1159,0,0,80,40,53.491,53.491,1,3.71739e-09,558.431,16.3284,0.159583
1159,1,0,80,40,45.7512,45.7512,1,7.23776e-09,578.424,12.1767,-0.102459
1159,2,0,80,40,37.0395,37.0395,1,2.22713e-09,387.935,8.61369,-0.289756
1160,0,0,80,40,53.491,53.491,1,3.0916e-09,555.203,16.3028,0.158194
1160,1,0,80,40,45.7512,45.7512,1,3.04726e-09,583.967,12.1982,-0.109537
1160,2,0,80,40,37.0395,37.0395,1,2.25293e-09,388.379,8.61909,-0.290588
1161,0,0,80,40,53.491,53.491,1,4.37694e-09,551.694,16.2611,0.15593
1161,1,0,80,40,45.7512,45.7512,1,3.65935e-09,589.676,12.2041,-0.116376
1161,2,0,80,40,37.0395,37.0395,1,5.10187e-09,388.875,8.6255,-0.291546
1162,0,0,80,40,53.491,53.491,1,6.92137e-09,547.957,16.2172,0.152888
1162,1,0,80,40,45.7512,45.7512,1,3.65287e-09,595.346,12.1951,-0.122734
1162,2,0,80,40,37.0395,37.0395,1,1.63101e-09,389.396,8.63285,-0.292575
1163,0,0,80,40,53.491,53.491,1,3.42652e-09,543.825,16.1796,0.14949
1163,1,0,80,40,45.7512,45.7512,1,3.79907e-09,600.819,12.171,-0.128412
1163,2,0,80,40,37.0395,37.0395,1,4.64371e-09,389.955,8.64145,-0.293715
1164,0,0,80,40,53.491,53.491,1,4.8924e-09,540.043,16.1542,0.145104
1164,1,0,80,40,45.7512,45.7512,1,2.38998e-09,605.942,12.1295,-0.133232
1164,2,0,80,40,37.0395,37.0395,1,1.9275e-09,390.552,8.65121,-0.294968
1165,0,0,80,40,53.491,53.491,1,4.35432e-09,535.558,16.1644,0.141588
1165,1,0,80,40,45.7512,45.7512,1,6.00699e-09,610.557,12.0693,-0.136956
1165,2,0,80,40,37.0395,37.0395,1,1.57615e-09,391.158,8.66234,-0.296289
1166,0,0,80,40,53.491,53.491,1,6.4432e-09,531.189,16.1804,0.138676
1166,1,0,80,40,45.7512,45.7512,1,3.14992e-09,614.49,11.991,-0.139425
1166,2,0,80,40,37.0395,37.0395,1,3.27651e-09,391.772,8.67496,-0.297686
1167,0,0,80,40,53.491,53.491,1,3.11962e-09,526.825,16.2401,0.136697
1167,1,0,80,40,45.7512,45.7512,1,6.61259e-09,617.81,11.8972,-0.140597
1167,2,0,80,40,37.0395,37.0395,1,2.52209e-09,392.393,8.68947,-0.299173
1168,0,0,80,40,53.491,53.491,1,1.93177e-09,519.876,16.3373,0.138922
1168,1,0,80,40,45.7512,45.7512,1,6.66876e-09,620.152,11.7921,-0.140499
1168,2,0,80,40,37.0395,37.0395,1,5.00069e-09,393.013,8.70614,-0.300739
1169,0,0,80,40,53.491,53.491,1,4.36199e-09,513.085,16.416,0.142877
1169,1,0,80,40,45.7512,45.7512,1,8.57085e-09,621.899,11.6809,-0.139165
1169,2,0,80,40,37.0395,37.0395,1,3.94363e-09,393.653,8.72511,-0.302407
1170,0,0,80,40,53.491,53.491,1,3.19397e-09,504.693,16.5183,0.148282
1170,1,0,80,40,45.7512,45.7512,1,3.03226e-09,622.745,11.5699,-0.136468
1170,2,0,80,40,37.0395,37.0395,1,2.9591e-09,394.371,8.74687,-0.304288
1171,0,0,80,40,53.491,53.491,1,2.2427e-09,496.531,16.6215,0.15245
1171,1,0,80,40,45.7512,45.7512,1,4.96561e-09,622.714,11.4619,-0.13192
1171,2,0,80,40,37.0395,37.0395,1,2.31574e-09,395.22,8.77169,-0.306457
1172,0,0,80,40,53.491,53.491,1,4.48472e-09,489.14,16.6767,0.15602
1172,1,0,80,40,45.7512,45.7512,1,4.26178e-09,622.567,11.3432,-0.12658
1172,2,0,80,40,37.0395,37.0395,1,2.54585e-09,396.275,8.79913,-0.309063
1173,0,0,80,40,53.491,53.491,1,7.86889e-09,483.602,16.73,0.158242
1173,1,0,80,40,45.7512,45.7512,1,2.98587e-09,622.505,11.2268,-0.121495
1173,2,0,80,40,37.0395,37.0395,1,2.66954e-09,397.491,8.82837,-0.312049
1174,0,0,80,40,53.491,53.491,1,5.61482e-09,480.178,16.7462,0.159403
1174,1,0,80,40,45.7512,45.7512,1,3.29555e-09,621.693,11.1152,-0.118044
1174,2,0,80,40,37.0395,37.0395,1,2.24054e-09,398.737,8.85853,-0.314969
1175,0,0,80,40,53.491,53.491,1,1.43541e-09,482.316,16.698,0.155566
1175,1,0,80,40,45.7512,45.7512,1,4.98517e-09,615.087,11.0314,-0.104298
1175,2,0,80,40,37.0395,37.0395,1,1.84485e-09,400.387,8.88979,-0.318212
1176,0,0,80,40,53.491,53.491,1,4.96885e-09,487.792,16.6466,0.149032
1176,1,0,80,40,45.7512,45.7512,1,1.01264e-08,613.684,10.993,-0.0985108
1176,2,0,80,40,37.0395,37.0395,1,5.04997e-09,403.241,8.92371,-0.323025
1177,0,0,80,40,53.491,53.491,1,4.66486e-09,492.769,16.6363,0.143296
1177,1,0,80,40,45.7512,45.7512,1,3.89036e-09,612.789,10.979,-0.0941954
1177,2,0,80,40,37.0395,37.0395,1,3.46688e-09,407.527,8.95955,-0.332107
1178,0,0,80,40,53.491,53.491,1,3.28367e-09,495.653,16.6653,0.140593
1178,1,0,80,40,45.7512,45.7512,1,5.04656e-09,613.579,10.9651,-0.092245
1178,2,0,80,40,37.0395,37.0395,1,3.61996e-09,410.527,8.99137,-0.34066
1179,0,0,80,40,53.491,53.491,1,3.97915e-09,497.083,16.7116,0.140281
1179,1,0,80,40,45.7512,45.7512,1,1.74987e-09,614.993,10.9488,-0.0913944
1179,2,0,80,40,37.0395,37.0395,1,2.99161e-09,410.127,9.00187,-0.341844
1180,0,0,80,40,53.491,53.491,1,4.2437e-09,496.563,16.7589,0.143043
1180,1,0,80,40,45.7512,45.7512,1,2.98388e-09,616.751,10.9429,-0.0910678
1180,2,0,80,40,37.0395,37.0395,1,2.54255e-09,408.525,8.99136,-0.339796
1181,0,0,80,40,53.491,53.491,1,2.8997e-09,494.955,16.8055,0.147708
1181,1,0,80,40,45.7512,45.7512,1,6.15591e-09,618.403,10.9373,-0.0908881
1181,2,0,80,40,37.0395,37.0395,1,1.10015e-09,406.53,8.9695,-0.336602
1182,0,0,80,40,53.491,53.491,1,3.9675e-09,492.531,16.8048,0.15476
1182,1,0,80,40,45.7512,45.7512,1,5.23096e-09,621.086,10.9259,-0.091607
1182,2,0,80,40,37.0395,37.0395,1,4.70607e-09,404.356,8.9411,-0.332529
1183,0,0,80,40,53.491,53.491,1,3.05062e-09,489.593,16.7828,0.162741
1183,1,0,80,40,45.7512,45.7512,1,2.95768e-09,624.582,10.9126,-0.0937149
1183,2,0,80,40,37.0395,37.0395,1,3.34239e-09,402.284,8.91298,-0.328459
1184,0,0,80,40,53.491,53.491,1,2.59018e-09,487.351,16.7534,0.169161
1184,1,0,80,40,45.7512,45.7512,1,4.5037e-09,628.329,10.9123,-0.0973138
1184,2,0,80,40,37.0395,37.0395,1,3.35876e-09,400.451,8.88847,-0.324825
1185,0,0,80,40,53.491,53.491,1,2.74287e-09,486.57,16.7083,0.173372
1185,1,0,80,40,45.7512,45.7512,1,4.75393e-09,632.636,10.8958,-0.102023
1185,2,0,80,40,37.0395,37.0395,1,2.14573e-09,398.835,8.86754,-0.321614
1186,0,0,80,40,53.491,53.491,1,3.00571e-09,487.171,16.644,0.175944
1186,1,0,80,40,45.7512,45.7512,1,9.43646e-09,636.056,10.8911,-0.105135
1186,2,0,80,40,37.0395,37.0395,1,3.88957e-09,397.409,8.84975,-0.318804
1187,0,0,80,40,53.491,53.491,1,3.03908e-09,488.535,16.5765,0.177251
1187,1,0,80,40,45.7512,45.7512,1,4.8509e-09,638.916,10.8826,-0.107542
1187,2,0,80,40,37.0395,37.0395,1,2.77515e-09,396.163,8.83455,-0.316397
1188,0,0,80,40,53.491,53.491,1,2.71785e-09,490.15,16.5132,0.177991
1188,1,0,80,40,45.7512,45.7512,1,3.06738e-09,641.352,10.8788,-0.109523
1188,2,0,80,40,37.0395,37.0395,1,1.9279e-09,395.059,8.82139,-0.314297
1189,0,0,80,40,53.491,53.491,1,3.75343e-09,491.666,16.4601,0.178676
1189,1,0,80,40,45.7512,45.7512,1,3.43425e-09,643.569,10.8779,-0.111285
1189,2,0,80,40,37.0395,37.0395,1,3.26384e-09,394.068,8.80982,-0.312431
1190,0,0,80,40,53.491,53.491,1,2.8864e-09,493.022,16.4217,0.179511
1190,1,0,80,40,45.7512,45.7512,1,4.19118e-09,645.785,10.8785,-0.113039
1190,2,0,80,40,37.0395,37.0395,1,4.52303e-09,393.17,8.79947,-0.310724
1191,0,0,80,40,53.491,53.491,1,2.61241e-09,494.224,16.3976,0.180472
1191,1,0,80,40,45.7512,45.7512,1,3.42379e-09,648.002,10.8809,-0.114869
1191,2,0,80,40,37.0395,37.0395,1,2.84922e-09,392.358,8.79012,-0.309195
1192,0,0,80,40,53.491,53.491,1,3.34404e-09,495.304,16.3832,0.18152
1192,1,0,80,40,45.7512,45.7512,1,7.03199e-09,650.088,10.8853,-0.116762
1192,2,0,80,40,37.0395,37.0395,1,2.67863e-09,391.618,8.78145,-0.30777
1193,0,0,80,40,53.491,53.491,1,4.19425e-09,496.354,16.374,0.182655
1193,1,0,80,40,45.7512,45.7512,1,2.59968e-09,651.756,10.8905,-0.118421
1193,2,0,80,40,37.0395,37.0395,1,1.80557e-09,390.956,8.77331,-0.306501
1194,0,0,80,40,53.491,53.491,1,3.8703e-09,497.456,16.3652,0.18385
1194,1,0,80,40,45.7512,45.7512,1,3.74916e-09,652.556,10.8939,-0.119244
1194,2,0,80,40,37.0395,37.0395,1,3.68061e-09,390.367,8.76553,-0.305371
1195,0,0,80,40,53.491,53.491,1,3.07261e-09,498.674,16.3565,0.184922
1195,1,0,80,40,45.7512,45.7512,1,3.48905e-09,652.378,10.8946,-0.119035
1195,2,0,80,40,37.0395,37.0395,1,2.26913e-09,389.843,8.75797,-0.304369
1196,0,0,80,40,53.491,53.491,1,5.56872e-09,500.097,16.3413,0.185883
1196,1,0,80,40,45.7512,45.7512,1,4.86e-09,651.082,10.8931,-0.117685
1196,2,0,80,40,37.0395,37.0395,1,1.27235e-09,389.378,8.75052,-0.303467
1197,0,0,80,40,53.491,53.491,1,5.99897e-09,501.709,16.3187,0.186828
1197,1,0,80,40,45.7512,45.7512,1,5.40626e-09,648.173,10.8937,-0.114671
1197,2,0,80,40,37.0395,37.0395,1,3.31431e-09,388.963,8.74301,-0.302619
1198,0,0,80,40,53.491,53.491,1,6.17018e-09,503.547,16.2917,0.18775
1198,1,0,80,40,45.7512,45.7512,1,6.10032e-09,644.327,10.8908,-0.110769
1198,2,0,80,40,37.0395,37.0395,1,1.55899e-09,388.577,8.73569,-0.301841
1199,0,0,80,40,53.491,53.491,1,2.5434e-09,505.735,16.2644,0.18845
1199,1,0,80,40,45.7512,45.7512,1,4.84772e-09,640.196,10.8821,-0.106826
1199,2,0,80,40,37.0395,37.0395,1,3.5086e-09,388.217,8.72844,-0.301088
