step,time_s,revs,thrust_N,torque_Nm,power_W,CT,CQ,CP,rotor_Fx_N,rotor_Fy_N,rotor_Fz_N,rotor_Mx_Nm,rotor_My_Nm,rotor_Mz_Nm,rotor_0_thrust_N,rotor_0_torque_Nm,rotor_0_power_W,rotor_0_CT,rotor_0_CQ,rotor_0_CP,rotor_0_Fx_N,rotor_0_Fy_N,rotor_0_Fz_N,rotor_0_Mx_Nm,rotor_0_My_Nm,rotor_0_Mz_Nm,rotor_1_thrust_N,rotor_1_torque_Nm,rotor_1_power_W,rotor_1_CT,rotor_1_CQ,rotor_1_CP,rotor_1_Fx_N,rotor_1_Fy_N,rotor_1_Fz_N,rotor_1_Mx_Nm,rotor_1_My_Nm,rotor_1_Mz_Nm,rotor_2_thrust_N,rotor_2_torque_Nm,rotor_2_power_W,rotor_2_CT,rotor_2_CQ,rotor_2_CP,rotor_2_Fx_N,rotor_2_Fy_N,rotor_2_Fz_N,rotor_2_Mx_Nm,rotor_2_My_Nm,rotor_2_Mz_Nm,body_Fx_N,body_Fy_N,body_Fz_N,body_Mx_Nm,body_My_Nm,body_Mz_Nm,wing_Fx_N,wing_Fy_N,wing_Fz_N,wing_Mx_Nm,wing_My_Nm,wing_Mz_Nm,total_Fx_N,total_Fy_N,total_Fz_N,total_Mx_Nm,total_My_Nm,total_Mz_Nm
0,0,0,35.7117,0.630542,364.618,0.324084,0.0177062,0.111252,-7.13536,0.349193,-27.1693,19.2475,-1.21841,-2.5584,15.6046,0.252737,177.326,0.118361,0.00628943,0.0395176,0.762449,0.188794,-15.6046,10.5449,-5.1925,0.252737,11.5647,0.189722,114.318,0.118933,0.00640132,0.0402207,0.644519,0.160262,-11.5647,8.51452,4.11583,0.189722,8.54233,0.188083,72.9737,0.0867893,0.0050155,0.0315133,-8.54233,0.000137639,2.81912e-05,0.188083,-0.141746,-3.00086,0.173617,-0.0978492,-0.317291,0.0509031,0.316554,0.123197,-0.249631,-0.00290743,-1.26343,-0.130372,-1.46446,0.0146167,-7.21137,0.248437,-28.75,19.168,-2.36632,-2.42058
1,0.0001,0.0111667,35.3815,0.220533,81.8562,-0.321168,-0.00595621,-0.037424,-8.39831,-0.0324057,-26.8514,19.0582,-1.1197,-2.79427,15.4272,-0.0163032,-11.4387,-0.117015,0.000405709,0.00254914,0.0988128,-0.192466,-15.4272,10.4106,-5.04647,0.116205,11.4243,0.00655023,3.94689,-0.117488,-0.000221008,-0.00138864,0.0329306,0.159893,-11.4243,8.41732,4.0683,0.0860565,8.53005,0.230286,89.348,-0.0866646,-0.00614092,-0.0385845,-8.53005,0.000168077,3.14553e-05,0.230272,-0.141537,-2.99653,0.17363,-0.0977676,-0.317295,0.0508183,0.316625,0.123111,-3.72187,-0.0226475,-19.8074,-2.00727,-22.6928,0.202335,-11.9465,-0.152821,-46.9761,17.1017,-23.4959,-2.46883
2,0.0002,0.0223333,35.6189,0.220387,80.3394,-0.323251,-0.00600208,-0.0377122,-8.37636,-0.0429735,-27.0548,19.2038,-1.08587,-2.76284,15.5587,-0.02438,-17.1056,-0.118013,0.000606702,0.00381202,0.131411,-0.208398,-15.5587,10.5025,-5.05987,0.136271,11.4962,0.0115521,6.96083,-0.118228,-0.000389776,-0.00244903,0.0562468,0.165044,-11.4962,8.46813,4.11608,0.109272,8.56402,0.233215,90.4842,-0.0870097,-0.006219,-0.0390752,-8.56402,0.000380674,4.77065e-05,0.233192,-0.142084,-3.00838,0.173592,-0.0962658,-0.317831,0.0488183,0.316945,0.12165,-3.73916,-0.023853,-19.8092,-2.00609,-22.7137,0.205732,-11.9419,-0.163092,-47.1818,17.2466,-23.4826,-2.43545
3,0.0003,0.0335,35.7801,0.220504,79.2654,-0.324679,-0.00604713,-0.0379952,-8.35579,-0.0544036,-27.1918,19.3044,-1.04318,-2.73293,15.6426,-0.0308837,-21.6687,-0.118649,0.000768548,0.00482893,0.155145,-0.227734,-15.6426,10.5657,-5.05784,0.15279,11.5493,0.0158407,9.54495,-0.118774,-0.000534475,-0.0033582,0.0772878,0.172776,-11.5493,8.50311,4.15714,0.131084,8.58822,0.235547,91.3891,-0.0872556,-0.0062812,-0.039466,-8.58822,0.00055418,7.61588e-05,0.235511,-0.142475,-3.01681,0.173293,-0.0948058,-0.320013,0.0463407,0.315237,0.120157,-3.75363,-0.0248328,-19.8108,-2.00517,-22.7313,0.20845,-11.9361,-0.174042,-47.3225,17.3455,-23.4593,-2.40433
4,0.0004,0.0446667,35.903,0.220727,78.4577,-0.325765,-0.00608859,-0.0382557,-8.34143,-0.0662131,-27.2964,19.3828,-0.99999,-2.70768,15.7078,-0.0362458,-25.4309,-0.119144,0.000901987,0.00566735,0.170938,-0.249144,-15.7078,10.6194,-5.05034,0.165544,11.5887,0.0195115,11.7568,-0.119179,-0.00065833,-0.00413641,0.0941458,0.182239,-11.5887,8.52607,4.19312,0.149945,8.60651,0.237461,92.1318,-0.0874414,-0.00633224,-0.0397867,-8.60651,0.000691257,0.000112739,0.23741,-0.142774,-3.02317,0.172761,-0.0935434,-0.323577,0.0436245,0.31181,0.118806,-3.76573,-0.0256444,-19.812,-2.00444,-22.746,0.210587,-11.9344,-0.185401,-47.432,17.422,-23.4342,-2.37828
5,0.0005,0.0558333,36.0039,0.220663,77.5978,-0.326646,-0.0061178,-0.0384393,-8.3266,-0.0807073,-27.3828,19.449,-0.959465,-2.68184,15.765,-0.0410674,-28.8138,-0.119578,0.00102197,0.00642124,0.187718,-0.274284,-15.765,10.6704,-5.04145,0.180755,11.6179,0.0226661,13.6576,-0.11948,-0.000764765,-0.00480516,0.10663,0.192783,-11.6179,8.53952,4.225,0.165596,8.62094,0.239065,92.754,-0.0875881,-0.00637501,-0.0400554,-8.62094,0.000793263,0.000153985,0.238998,-0.143013,-3.02819,0.17204,-0.0926058,-0.328098,0.0409288,0.307155,0.117751,-3.77625,-0.026373,-19.813,-2.00382,-22.7587,0.21232,-11.9308,-0.199686,-47.5239,17.4861,-23.411,-2.35177
6,0.0006,0.067,36.0895,0.220266,76.6205,-0.327383,-0.00613451,-0.0385443,-8.31172,-0.0991122,-27.4566,19.5065,-0.922458,-2.65533,15.8177,-0.0455585,-31.9648,-0.119977,0.00113373,0.00712346,0.205798,-0.30393,-15.8177,10.7209,-5.03256,0.198686,11.6392,0.0253939,15.3013,-0.119699,-0.000856803,-0.00538345,0.115174,0.203957,-11.6392,8.5452,4.25331,0.17827,8.6327,0.240431,93.2841,-0.0877075,-0.00641144,-0.0402843,-8.6327,0.000861172,0.000196512,0.240348,-0.14321,-3.03228,0.171184,-0.0920659,-0.333122,0.0384717,0.30181,0.117092,-3.78612,-0.0271037,-19.8137,-2.00323,-22.7703,0.213869,-11.9267,-0.218282,-47.6034,17.5417,-23.391,-2.32436
7,0.0007,0.0781667,36.1639,0.219514,75.4883,-0.328012,-0.00613879,-0.0385711,-8.29778,-0.122485,-27.5212,19.5577,-0.889521,-2.62861,15.8674,-0.0498525,-34.9776,-0.120355,0.00124059,0.00779486,0.22465,-0.338682,-15.8674,10.7719,-5.02452,0.219029,11.6539,0.0277548,16.7239,-0.119851,-0.000936462,-0.00588397,0.120055,0.215301,-11.6539,8.54432,4.27838,0.188062,8.64249,0.241611,93.742,-0.0878069,-0.00644292,-0.040482,-8.64249,0.000895902,0.000236956,0.241513,-0.143374,-3.0357,0.170245,-0.0919285,-0.338203,0.0364082,0.296305,0.116855,-3.79623,-0.0279079,-19.8141,-2.0026,-22.782,0.215452,-11.9238,-0.242321,-47.6734,17.5915,-23.3752,-2.2963
8,0.0008,0.0893333,36.2276,0.218426,74.1994,-0.328542,-0.00613164,-0.0385262,-8.28631,-0.151299,-27.5765,19.6027,-0.860455,-2.60273,15.9135,-0.0540133,-37.8969,-0.120705,0.00134413,0.00844544,0.242878,-0.37862,-15.9135,10.8224,-5.0173,0.240763,11.6633,0.0297965,17.9541,-0.119947,-0.00100535,-0.0063168,0.121601,0.226423,-11.6633,8.53773,4.30036,0.19511,8.65079,0.242643,94.1422,-0.0878913,-0.00647042,-0.0406549,-8.65079,0.000898306,0.000271954,0.242532,-0.143513,-3.0386,0.169272,-0.0921525,-0.342948,0.034844,0.291115,0.117018,-3.80728,-0.0288403,-19.8142,-2.00183,-22.7945,0.217234,-11.9243,-0.272292,-47.7337,17.6357,-23.3639,-2.26847
9,0.0009,0.1005,36.2818,0.217009,72.7454,-0.328984,-0.00611359,-0.0384128,-8.27803,-0.186207,-27.6236,19.6418,-0.835368,-2.57813,15.9559,-0.0581005,-40.7646,-0.121026,0.00144585,0.00908452,0.259775,-0.424046,-15.9559,10.8722,-5.01109,0.263432,11.668,0.0315563,19.0145,-0.119995,-0.00106473,-0.00668987,0.120129,0.236969,-11.668,8.52617,4.31935,0.199551,8.65793,0.243554,94.4955,-0.0879639,-0.00649471,-0.0408074,-8.65793,0.000869147,0.000298121,0.243434,-0.14363,-3.04111,0.168304,-0.0926531,-0.347026,0.0338212,0.286634,0.117509,-3.81971,-0.029936,-19.8142,-2.00085,-22.8084,0.219312,-11.9294,-0.308796,-47.7847,17.6748,-23.3571,-2.2413
10,0.001,0.111667,36.329,0.215279,71.128,-0.32936,-0.0060853,-0.0382351,-8.27387,-0.227646,-27.6646,19.6767,-0.814971,-2.55547,15.9963,-0.0621469,-43.6036,-0.121333,0.00154654,0.0097172,0.274374,-0.475048,-15.9963,10.9223,-5.00664,0.286351,11.6686,0.0330614,19.9214,-0.120001,-0.00111551,-0.00700895,0.115914,0.246594,-11.6686,8.5102,4.33539,0.201483,8.66416,0.244365,94.8102,-0.0880271,-0.00651633,-0.0409433,-8.66416,0.00080911,0.000311993,0.244242,-0.143727,-3.0433,0.167362,-0.0933415,-0.350202,0.0333499,0.283145,0.118244,-3.83377,-0.0312112,-19.814,-1.99964,-22.8239,0.221736,-11.9403,-0.352198,-47.8287,17.7104,-23.3557,-2.21549
11,0.0011,0.122833,36.3733,0.213331,69.4065,-0.329702,-0.00604942,-0.0380096,-8.27623,-0.274326,-27.7034,19.7098,-0.800367,-2.53694,16.0382,-0.0660987,-46.3763,-0.12165,0.00164488,0.0103351,0.284151,-0.530035,-16.0382,10.9746,-5.00507,0.307278,11.6655,0.0343371,20.6901,-0.119969,-0.00115855,-0.0072794,0.10925,0.25499,-11.6655,8.49031,4.34851,0.201031,8.66964,0.245093,95.0927,-0.0880828,-0.00653575,-0.0410653,-8.66964,0.000718916,0.000310026,0.244972,-0.143807,-3.04525,0.166458,-0.0941376,-0.35231,0.0334265,0.28084,0.119147,-3.8497,-0.0326784,-19.8137,-1.99819,-22.8414,0.224566,-11.9595,-0.401142,-47.8694,17.7451,-23.361,-2.19323
12,0.0012,0.134,36.4122,0.211454,67.7766,-0.329992,-0.00601336,-0.0377831,-8.29116,-0.319987,-27.7374,19.7395,-0.790578,-2.52866,16.0785,-0.0697058,-48.9071,-0.121956,0.00173465,0.0108991,0.282851,-0.582518,-16.0785,11.0269,-5.00542,0.31994,11.6591,0.0354081,21.3354,-0.119904,-0.00119469,-0.00750645,0.10049,0.261932,-11.6591,8.46696,4.35871,0.198387,8.6745,0.245751,95.3483,-0.0881322,-0.00655332,-0.0411757,-8.6745,0.00059966,0.000288753,0.24564,-0.143869,-3.04699,0.165595,-0.0949498,-0.353218,0.0340214,0.279872,0.120118,-3.86768,-0.0343495,-19.8136,-1.99647,-22.8613,0.227843,-11.9932,-0.449286,-47.9041,17.7771,-23.372,-2.1807
13,0.0013,0.145167,36.4314,0.209948,66.4441,-0.330124,-0.00598484,-0.0376038,-8.3235,-0.356636,-27.7523,19.7561,-0.781067,-2.53644,16.1027,-0.0726999,-51.0079,-0.12214,0.00180916,0.0113673,0.265339,-0.624361,-16.1027,11.0692,-5.00317,0.318329,11.6499,0.0362968,21.8709,-0.119809,-0.00122467,-0.00769485,0.0900126,0.267273,-11.6499,8.44061,4.36601,0.19379,8.67885,0.246351,95.5811,-0.0881764,-0.00656932,-0.0412762,-8.67885,0.000452755,0.00024489,0.246258,-0.143914,-3.04856,0.164765,-0.0956809,-0.352914,0.035049,0.280251,0.121054,-3.88775,-0.03623,-19.8136,-1.9945,-22.8837,0.231574,-12.0465,-0.488546,-47.9188,17.7967,-23.3845,-2.18381
14,0.0014,0.156333,36.4353,0.208626,65.2716,-0.330131,-0.00595933,-0.0374436,-8.36671,-0.387789,-27.7523,19.7621,-0.773103,-2.55475,16.1145,-0.0752992,-52.8316,-0.122229,0.00187384,0.0117737,0.237869,-0.658986,-16.1145,11.1036,-4.99963,0.307746,11.638,0.0370234,22.3087,-0.119686,-0.00124919,-0.00784889,0.0781855,0.270918,-11.638,8.41168,4.37047,0.187483,8.68276,0.246901,95.7945,-0.0882161,-0.00658398,-0.0413684,-8.68276,0.000279118,0.000174841,0.246835,-0.143941,-3.04998,0.163946,-0.096241,-0.351496,0.0363832,0.281857,0.121855,-3.90983,-0.0383087,-19.8138,-1.99228,-22.9085,0.235738,-12.1126,-0.522339,-47.9176,17.8062,-23.3998,-2.19716
15,0.0015,0.1675,36.4337,0.207346,64.1572,-0.33009,-0.00593356,-0.0372816,-8.41614,-0.416406,-27.7473,19.7642,-0.7697,-2.57954,16.1236,-0.0776681,-54.4937,-0.122298,0.00193279,0.0121441,0.204824,-0.689272,-16.1236,11.1362,-4.99787,0.292052,11.6237,0.0376056,22.6595,-0.11954,-0.00126883,-0.00797231,0.065339,0.272786,-11.6237,8.38058,4.37212,0.179688,8.6863,0.247409,95.9913,-0.0882521,-0.00659751,-0.0414534,-8.6863,7.94611e-05,7.44955e-05,0.247381,-0.143949,-3.05128,0.163119,-0.0965426,-0.349101,0.0378818,0.284524,0.122418,-3.9337,-0.0405625,-19.8143,-1.98986,-22.9357,0.240285,-12.1867,-0.553511,-47.9108,17.8122,-23.4208,-2.21684
16,0.0016,0.178667,36.4227,0.206202,63.1618,-0.329971,-0.00590995,-0.0371333,-8.47131,-0.440397,-27.7333,19.7594,-0.769452,-2.61108,16.1258,-0.0797375,-55.9456,-0.122315,0.00198429,0.0124676,0.166403,-0.713089,-16.1258,11.1639,-4.99655,0.270759,11.6074,0.0380599,22.9333,-0.119372,-0.00128416,-0.00806862,0.0517936,0.272837,-11.6074,8.34769,4.37104,0.170634,8.68951,0.24788,96.1741,-0.0882847,-0.00661008,-0.0415323,-8.68951,-0.000144748,-6.02152e-05,0.247903,-0.143938,-3.05247,0.16227,-0.0965105,-0.34608,0.0393306,0.287866,0.122654,-3.9588,-0.0429622,-19.8153,-1.98725,-22.9645,0.24505,-12.2678,-0.57987,-47.8946,17.8115,-23.4461,-2.24338
17,0.0017,0.189833,36.4126,0.205421,62.4414,-0.329852,-0.0058943,-0.037035,-8.53398,-0.452062,-27.7204,19.7549,-0.775073,-2.65287,16.131,-0.0813006,-57.0423,-0.122354,0.00202319,0.012712,0.120593,-0.722757,-16.131,11.1932,-4.99845,0.240143,11.5891,0.038401,23.1388,-0.119184,-0.00129567,-0.00814093,0.0378647,0.271086,-11.5891,8.31336,4.36729,0.160562,8.69243,0.24832,96.3449,-0.0883144,-0.00662182,-0.0416061,-8.69243,-0.000391684,-0.000233354,0.248409,-0.143908,-3.05357,0.161384,-0.0961037,-0.342706,0.0405852,0.291575,0.122512,-3.98476,-0.0454779,-19.8166,-1.98452,-22.9947,0.249943,-12.3574,-0.593644,-47.8797,17.811,-23.4782,-2.28041
18,0.0018,0.201,36.4052,0.204594,61.7076,-0.32975,-0.0058766,-0.0369238,-8.5968,-0.462596,-27.7106,19.7518,-0.787081,-2.69646,16.141,-0.082783,-58.0824,-0.12243,0.00206008,0.0129438,0.0744737,-0.729502,-16.141,11.225,-5.00416,0.208433,11.5691,0.0386427,23.2844,-0.118978,-0.00130382,-0.00819217,0.0238376,0.267565,-11.5691,8.27789,4.36093,0.149698,8.69511,0.248734,96.5056,-0.0883415,-0.00663286,-0.0416755,-8.69511,-0.000659568,-0.000449133,0.248903,-0.143856,-3.05459,0.160455,-0.0953051,-0.339425,0.0414539,0.295189,0.121965,-4.01114,-0.0480759,-19.8184,-1.98169,-23.0257,0.254852,-12.4475,-0.605977,-47.8684,17.8116,-23.5176,-2.31964
19,0.0019,0.212167,36.3889,0.203798,61.0107,-0.329573,-0.00585892,-0.0368127,-8.65908,-0.470884,-27.692,19.7419,-0.801631,-2.7416,16.1438,-0.0841296,-59.0272,-0.122451,0.00209359,0.0131544,0.0284873,-0.732283,-16.1438,11.2509,-5.00994,0.175655,11.5475,0.0388019,23.3804,-0.118756,-0.0013092,-0.00822593,0.0099801,0.262346,-11.5475,8.24163,4.35209,0.138272,8.69755,0.249126,96.6576,-0.0883664,-0.00664331,-0.0417411,-8.69755,-0.000946287,-0.000712046,0.249392,-0.143782,-3.05553,0.159471,-0.0941128,-0.336614,0.0417979,0.298291,0.121009,-4.0373,-0.050713,-19.8207,-1.97879,-23.0569,0.259606,-12.5369,-0.61571,-47.8493,17.8049,-23.5603,-2.36099
20,0.002,0.223333,36.3677,0.20343,60.6263,-0.329357,-0.00585125,-0.0367645,-8.72262,-0.466386,-27.669,19.7283,-0.819531,-2.7925,16.1434,-0.0849638,-59.6125,-0.122448,0.00211435,0.0132848,-0.0193801,-0.720711,-16.1434,11.2735,-5.01679,0.137367,11.5245,0.0388948,23.4364,-0.11852,-0.00131233,-0.00824563,-0.00344734,0.255574,-11.5245,8.20495,4.34094,0.126534,8.69979,0.249499,96.8024,-0.0883892,-0.00665326,-0.0418037,-8.69979,-0.00124891,-0.0010263,0.249881,-0.143684,-3.0564,0.158431,-0.092557,-0.334616,0.041532,0.300515,0.119673,-4.06272,-0.0533326,-19.8233,-1.97588,-23.0877,0.264096,-12.6269,-0.612276,-47.8269,17.7939,-23.6067,-2.40873
21,0.0021,0.2345,36.3484,0.20337,60.4685,-0.32915,-0.0058507,-0.036761,-8.7843,-0.452931,-27.6479,19.7154,-0.842365,-2.84573,16.1461,-0.0854166,-59.9302,-0.122469,0.00212561,0.0133556,-0.0662092,-0.698742,-16.1461,11.2969,-5.02639,0.0967865,11.5004,0.0389296,23.4573,-0.118271,-0.0013135,-0.00825299,-0.0162323,0.247374,-11.5004,8.16813,4.32759,0.114688,8.70185,0.249857,96.9414,-0.0884101,-0.00666281,-0.0418637,-8.70185,-0.00156413,-0.00139579,0.250374,-0.143562,-3.05721,0.157339,-0.0906887,-0.333756,0.0406031,0.301521,0.11801,-4.08688,-0.0558686,-19.8263,-1.97304,-23.1174,0.268226,-12.7138,-0.599489,-47.808,17.783,-23.6582,-2.4595
22,0.0022,0.245667,36.3269,0.203597,60.5203,-0.328924,-0.00585684,-0.0367996,-8.84189,-0.431913,-27.625,19.7006,-0.868659,-2.89928,16.148,-0.0855223,-60.0044,-0.122483,0.00212824,0.0133722,-0.109925,-0.667819,-16.148,11.3183,-5.03745,0.0558113,11.4752,0.0389159,23.449,-0.118012,-0.00131304,-0.00825009,-0.0282146,0.237794,-11.4752,8.13141,4.31221,0.102871,8.70375,0.250204,97.0757,-0.0884293,-0.00667204,-0.0419217,-8.70375,-0.00188838,-0.00182448,0.250876,-0.143414,-3.05796,0.156197,-0.0885673,-0.334256,0.0390121,0.301069,0.116085,-4.1093,-0.058249,-19.8297,-1.97034,-23.1454,0.271924,-12.795,-0.57873,-47.7889,17.7693,-23.713,-2.51127
23,0.0023,0.256833,36.3037,0.204281,60.8991,-0.328682,-0.00587404,-0.0369077,-8.89386,-0.399092,-27.6005,19.6841,-0.897955,-2.95309,16.149,-0.0851285,-59.7281,-0.122491,0.00211844,0.0133106,-0.14916,-0.623957,-16.149,11.3376,-5.04975,0.0142504,11.4492,0.0388689,23.4208,-0.117745,-0.00131146,-0.00824013,-0.0392093,0.227083,-11.4492,8.09517,4.29503,0.091317,8.70549,0.25054,97.2064,-0.0884471,-0.00668102,-0.0419781,-8.70549,-0.00221781,-0.00231677,0.251391,-0.143239,-3.05866,0.155013,-0.0862666,-0.33625,0.0368044,0.299015,0.11398,-4.12952,-0.0603834,-19.8332,-1.96787,-23.1711,0.275146,-12.8684,-0.545742,-47.7699,17.7531,-23.77,-2.56396
24,0.0024,0.268,36.2812,0.205265,61.4928,-0.328444,-0.00589848,-0.0370612,-8.93825,-0.358577,-27.577,19.6678,-0.930608,-3.00447,16.1515,-0.0844043,-59.22,-0.12251,0.00210042,0.0131973,-0.182068,-0.571454,-16.1515,11.3562,-5.06382,-0.0253589,11.4226,0.0387987,23.3784,-0.117471,-0.00130909,-0.00822524,-0.0490878,0.215428,-11.4226,8.05965,4.27625,0.080192,8.7071,0.25087,97.3343,-0.0884634,-0.00668982,-0.0420334,-8.7071,-0.00255096,-0.00288066,0.251925,-0.143036,-3.0593,0.15379,-0.0838624,-0.339745,0.0340559,0.295339,0.111779,-4.14713,-0.0621754,-19.8367,-1.96574,-23.194,0.277881,-12.9316,-0.504614,-47.7534,17.7361,-23.8292,-2.61481
25,0.0025,0.279167,36.2578,0.206365,62.1715,-0.328197,-0.0059257,-0.0372323,-8.97412,-0.315355,-27.5527,19.6502,-0.965706,-3.05116,16.1537,-0.0835436,-58.6161,-0.122526,0.002079,0.0130628,-0.207789,-0.5155,-16.1537,11.3727,-5.07895,-0.0609065,11.3955,0.0387136,23.3272,-0.117192,-0.00130622,-0.00820721,-0.0577525,0.20303,-11.3955,8.02505,4.25605,0.0696439,8.70858,0.251195,97.4604,-0.0884784,-0.00669848,-0.0420878,-8.70858,-0.00288389,-0.00352199,0.25248,-0.142801,-3.0599,0.152528,-0.0814397,-0.34468,0.0308755,0.290093,0.109566,-4.16192,-0.0635528,-19.8402,-1.96406,-23.2136,0.280154,-12.9835,-0.460347,-47.7376,17.717,-23.8892,-2.66144
26,0.0026,0.290333,36.2309,0.207591,62.9395,-0.327922,-0.00595595,-0.0374223,-9.00083,-0.26978,-27.5252,19.6297,-1.00206,-3.09252,16.153,-0.0825471,-57.9169,-0.122521,0.00205421,0.012907,-0.225747,-0.456572,-16.153,11.3852,-5.09415,-0.0918332,11.368,0.0386197,23.2706,-0.116909,-0.00130305,-0.00818731,-0.0651375,0.190005,-11.368,7.99152,4.23462,0.0597664,8.70994,0.251518,97.5858,-0.0884923,-0.0067071,-0.042142,-8.70994,-0.00321303,-0.00424813,0.253064,-0.142534,-3.06045,0.151266,-0.0790742,-0.350786,0.027359,0.283566,0.107433,-4.1738,-0.0644692,-19.8434,-1.96289,-23.2298,0.282009,-13.0234,-0.413324,-47.7193,17.6942,-23.9483,-2.70308
27,0.0027,0.3015,36.2015,0.208966,63.8115,-0.327628,-0.00598992,-0.0376358,-9.01796,-0.222316,-27.4953,19.607,-1.03939,-3.12791,16.1501,-0.0814043,-57.1151,-0.122499,0.00202577,0.0127283,-0.235547,-0.39535,-16.1501,11.3941,-5.10938,-0.117627,11.3402,0.0385277,23.2151,-0.116624,-0.00129994,-0.00816779,-0.0711981,0.176569,-11.3402,7.95928,4.21222,0.0506769,8.71122,0.251842,97.7115,-0.0885052,-0.00671574,-0.0421962,-8.71122,-0.00353467,-0.00506694,0.253681,-0.142232,-3.06096,0.149977,-0.0768455,-0.357701,0.0236475,0.276067,0.105458,-4.18275,-0.0648842,-19.8462,-1.96228,-23.2424,0.283499,-13.0507,-0.364045,-47.6992,17.6684,-24.0057,-2.73896
28,0.0028,0.312667,36.1729,0.210516,64.8046,-0.327339,-0.00602835,-0.0378772,-9.02528,-0.173414,-27.4665,19.5845,-1.07805,-3.1569,16.1481,-0.0800995,-56.1996,-0.122484,0.0019933,0.0125242,-0.236956,-0.332448,-16.1481,11.4016,-5.12523,-0.137907,11.3124,0.0384458,23.1658,-0.116338,-0.00129718,-0.00815044,-0.0759131,0.162878,-11.3124,7.9285,4.18907,0.0424543,8.71241,0.252169,97.8384,-0.0885173,-0.00672446,-0.042251,-8.71241,-0.00384436,-0.00598828,0.254337,-0.141892,-3.06144,0.148632,-0.0748257,-0.364979,0.0198861,0.267994,0.103706,-4.18907,-0.0648307,-19.8485,-1.96223,-23.2515,0.284699,-13.0657,-0.313071,-47.6799,17.6421,-24.0616,-2.76849
29,0.0029,0.323833,36.1474,0.212178,65.8728,-0.327074,-0.00606973,-0.0381372,-9.02301,-0.124335,-27.4409,19.5638,-1.11815,-3.17916,16.1492,-0.078705,-55.2212,-0.122492,0.00195859,0.0123062,-0.230192,-0.269306,-16.1492,11.4095,-5.14203,-0.152428,11.2846,0.0383806,23.1265,-0.116052,-0.00129498,-0.00813662,-0.0792829,0.149107,-11.2846,7.89929,4.16539,0.0351663,8.71353,0.252502,97.9675,-0.0885287,-0.00673334,-0.0423068,-8.71353,-0.00413639,-0.00702338,0.255038,-0.141511,-3.06189,0.147253,-0.0730599,-0.372119,0.0161829,0.259866,0.102231,-4.19313,-0.0643404,-19.8501,-1.9627,-23.2576,0.285713,-13.0689,-0.261735,-47.6631,17.6173,-24.1159,-2.79121
30,0.003,0.335,36.1245,0.213764,66.8828,-0.326828,-0.00610944,-0.0383867,-9.01267,-0.0784756,-27.418,19.5447,-1.15905,-3.1947,16.1528,-0.0774188,-54.3187,-0.12252,0.00192659,0.0121051,-0.216728,-0.209511,-16.1528,11.4172,-5.15936,-0.16125,11.257,0.0383391,23.1015,-0.115768,-0.00129358,-0.00812781,-0.0813351,0.13544,-11.257,7.87175,4.1414,0.028865,8.71461,0.252844,98.1,-0.0885397,-0.00674244,-0.042364,-8.71461,-0.00440416,-0.00818424,0.255792,-0.141085,-3.06232,0.145872,-0.0715735,-0.378704,0.0126485,0.252146,0.101067,-4.19565,-0.0635411,-19.8511,-1.96358,-23.2614,0.286639,-13.0624,-0.21359,-47.6478,17.5938,-24.1683,-2.807
31,0.0031,0.346167,36.1006,0.215078,67.6952,-0.326576,-0.00614268,-0.0385956,-8.99667,-0.0393289,-27.3945,19.5247,-1.19926,-3.20418,16.1553,-0.0764466,-53.6367,-0.122538,0.00190239,0.0119531,-0.198905,-0.156713,-16.1553,11.4221,-5.17596,-0.165028,11.2297,0.0383278,23.0947,-0.115487,-0.0012932,-0.00812543,-0.0821139,0.122025,-11.2297,7.84593,4.11731,0.0235788,8.71565,0.253197,98.2372,-0.0885503,-0.00675187,-0.0424232,-8.71565,-0.00464083,-0.00948618,0.256607,-0.140609,-3.06273,0.144454,-0.0703765,-0.384432,0.00940302,0.245129,0.100219,-4.19736,-0.0625482,-19.8513,-1.96473,-23.2636,0.287587,-13.0496,-0.172254,-47.6302,17.5693,-24.2177,-2.81637
32,0.0032,0.357333,36.072,0.216034,68.2468,-0.326289,-0.00616737,-0.0387507,-8.97626,-0.00704997,-27.3663,19.501,-1.23713,-3.20832,16.1525,-0.0758898,-53.246,-0.122517,0.00188854,0.011866,-0.177851,-0.111316,-16.1525,11.4215,-5.19042,-0.164528,11.2028,0.0383571,23.1124,-0.115211,-0.00129419,-0.00813163,-0.0817192,0.109104,-11.2028,7.82196,4.09336,0.0193321,8.71669,0.253566,98.3804,-0.0885608,-0.00676172,-0.0424851,-8.71669,-0.00483808,-0.0109464,0.257492,-0.140076,-3.06312,0.142966,-0.0694541,-0.388965,0.00652844,0.239144,0.0996682,-4.1991,-0.0615151,-19.8509,-1.96599,-23.2652,0.288668,-13.0324,-0.138019,-47.6061,17.5415,-24.2632,-2.81998
33,0.0033,0.3685,36.0378,0.216531,68.4653,-0.325961,-0.00618113,-0.0388372,-8.9525,0.0187667,-27.3326,19.4731,-1.272,-3.20799,16.1436,-0.0758619,-53.2264,-0.122449,0.00188784,0.0118617,-0.154485,-0.0730891,-16.1436,11.4148,-5.20228,-0.160582,11.1765,0.0384363,23.1601,-0.11494,-0.00129686,-0.00814843,-0.0802651,0.0968431,-11.1765,7.79985,4.06976,0.0161134,8.71775,0.253956,98.5316,-0.0885716,-0.00677211,-0.0425504,-8.71775,-0.00498724,-0.0125861,0.25846,-0.139479,-3.06353,0.141478,-0.0687342,-0.392173,0.00409694,0.234447,0.0993741,-4.20172,-0.0605997,-19.8498,-1.96719,-23.2673,0.289977,-13.0127,-0.110567,-47.5746,17.51,-24.3048,-2.81864
34,0.0034,0.379667,35.9958,0.216536,68.325,-0.325576,-0.00618324,-0.0388504,-8.92555,0.0397453,-27.2914,19.4395,-1.30278,-3.20377,16.1261,-0.0764113,-53.6119,-0.122317,0.00190151,0.0119476,-0.128797,-0.0405558,-16.1261,11.4004,-5.21064,-0.153716,11.1508,0.0385757,23.2441,-0.114676,-0.00130156,-0.00817796,-0.0778811,0.0853789,-11.1508,7.77958,4.04667,0.0138894,8.71887,0.254372,98.6929,-0.088583,-0.00678319,-0.04262,-8.71887,-0.00507775,-0.0144312,0.259526,-0.138809,-3.06394,0.139961,-0.0681553,-0.393929,0.00218184,0.231181,0.0992777,-4.20604,-0.0599416,-19.8482,-1.96817,-23.2708,0.291612,-12.9916,-0.0883515,-47.5335,17.4735,-24.3424,-2.81288
35,0.0035,0.390833,35.9461,0.215976,67.7703,-0.325135,-0.00617198,-0.0387797,-8.89816,0.054939,-27.2425,19.4004,-1.32891,-3.19722,16.1001,-0.0776324,-54.4686,-0.12212,0.0019319,0.0121385,-0.103311,-0.0148449,-16.1001,11.3785,-5.21517,-0.145431,11.1259,0.0387889,23.3725,-0.11442,-0.00130876,-0.00822317,-0.0747467,0.0748809,-11.1259,7.76117,4.02432,0.0126075,8.72011,0.254819,98.8664,-0.0885955,-0.00679512,-0.042695,-8.72011,-0.00509704,-0.016513,0.260705,-0.138052,-3.0644,0.138439,-0.067633,-0.394101,0.000802354,0.229541,0.0993078,-4.21278,-0.0596681,-19.8463,-1.96877,-23.2766,0.293668,-12.9725,-0.0723622,-47.4829,17.4324,-24.376,-2.80425
36,0.0036,0.402,35.896,0.214751,66.7284,-0.324694,-0.00614507,-0.0386106,-8.87541,0.0624204,-27.1934,19.3613,-1.35204,-3.19123,16.0727,-0.0796486,-55.8833,-0.121912,0.00198208,0.0124538,-0.0827972,0.00189218,-16.0727,11.3546,-5.21772,-0.138499,11.1018,0.039094,23.5564,-0.114172,-0.00131905,-0.00828785,-0.071116,0.0655577,-11.1018,7.74462,4.00286,0.0121806,8.7215,0.255306,99.0553,-0.0886097,-0.0068081,-0.0427765,-8.7215,-0.00502946,-0.0188699,0.262018,-0.137194,-3.06491,0.136908,-0.0670793,-0.392683,-2.88215e-05,0.229567,0.0993763,-4.22253,-0.0598688,-19.8442,-1.96889,-23.2856,0.296221,-12.961,-0.0645278,-47.4302,17.3923,-24.4081,-2.79563
37,0.0037,0.413167,35.8501,0.21268,65.0657,-0.324288,-0.00609822,-0.0383162,-8.8611,0.0626291,-27.1486,19.3256,-1.37313,-3.18862,16.0481,-0.0826763,-58.0075,-0.121725,0.00205742,0.0129271,-0.0706662,0.00984877,-16.0481,11.3321,-5.21943,-0.1356,11.0789,0.0395156,23.8104,-0.113936,-0.00133328,-0.00837724,-0.0673284,0.057637,-11.0789,7.72996,3.98251,0.0124749,8.72311,0.255841,99.2627,-0.088626,-0.00682236,-0.0428661,-8.72311,-0.00485662,-0.0215476,0.263491,-0.136214,-3.0655,0.135351,-0.0664146,-0.389681,-0.000339814,0.231255,0.0993918,-4.2357,-0.0606065,-19.8421,-1.96845,-23.2985,0.299329,-12.9614,-0.0643919,-47.3804,17.3568,-24.4404,-2.7899
38,0.0038,0.424333,35.8104,0.209554,62.6296,-0.323933,-0.00602654,-0.0378659,-8.85719,0.0577029,-27.11,19.2951,-1.3924,-3.19152,16.0281,-0.0869669,-61.0179,-0.121574,0.00216419,0.013598,-0.0683658,0.010913,-16.0281,11.3127,-5.22077,-0.138622,11.0573,0.0400865,24.1544,-0.113714,-0.00135254,-0.00849826,-0.0638213,0.0513456,-11.0573,7.71722,3.96345,0.0132951,8.72501,0.256434,99.4931,-0.0886453,-0.00683819,-0.0429656,-8.72501,-0.00455573,-0.0246017,0.265153,-0.135087,-3.06619,0.133779,-0.0655567,-0.385212,-0.00020224,0.234519,0.0992598,-4.25253,-0.0619069,-19.8404,-1.96744,-23.3157,0.303028,-12.9759,-0.0697607,-47.3356,17.3274,-24.4736,-2.78923
39,0.0039,0.4355,35.7761,0.205321,59.3757,-0.323625,-0.00592914,-0.0372539,-8.86575,0.0493805,-27.0769,19.2693,-1.40936,-3.20184,16.0116,-0.0926267,-64.989,-0.121448,0.00230504,0.014483,-0.0773394,0.00660221,-16.0116,11.2958,-5.22145,-0.149181,11.0372,0.040848,24.6133,-0.113508,-0.00137823,-0.00865969,-0.061126,0.0468767,-11.0372,7.70645,3.94588,0.0143774,8.72729,0.2571,99.7514,-0.0886685,-0.00685594,-0.0430772,-8.72729,-0.00409839,-0.0280961,0.267038,-0.133786,-3.06704,0.132194,-0.0644521,-0.379518,0.000279229,0.23912,0.0988964,-4.27296,-0.0637566,-19.8392,-1.9659,-23.3375,0.3073,-13.0065,-0.0788282,-47.2956,17.3037,-24.5078,-2.79564
40,0.004,0.446667,35.764,0.204082,58.1711,-0.323491,-0.00590855,-0.0371245,-8.85813,0.0490079,-27.0661,19.2621,-1.42947,-3.19891,16.0149,-0.0956222,-67.0907,-0.121474,0.00237958,0.0149514,-0.0681925,0.00807127,-16.0149,11.2952,-5.22718,-0.146224,11.0191,0.0418527,25.2187,-0.113321,-0.00141213,-0.00887269,-0.0598814,0.0443864,-11.0191,7.69771,3.92999,0.0153799,8.73005,0.257852,100.043,-0.0886966,-0.006876,-0.0432032,-8.73005,-0.00344978,-0.0321022,0.269187,-0.132275,-3.06806,0.130627,-0.0630794,-0.373028,0.000954751,0.244661,0.0982434,-4.29646,-0.0661005,-19.839,-1.96395,-23.3636,0.31201,-13.024,-0.080172,-47.2782,17.2991,-24.5484,-2.78865
41,0.0041,0.457833,35.758,0.203534,57.3877,-0.323412,-0.00590809,-0.0371216,-8.85231,0.0498066,-27.0613,19.2597,-1.44773,-3.19532,16.0215,-0.0983436,-69.0001,-0.121524,0.0024473,0.0153769,-0.0579907,0.00835293,-16.0215,11.297,-5.23318,-0.141863,11.0031,0.0431717,26.0135,-0.113157,-0.00145664,-0.00915232,-0.0608931,0.0440219,-11.0031,7.69107,3.91597,0.0158589,8.73343,0.258706,100.374,-0.0887309,-0.00689876,-0.0433462,-8.73343,-0.00256829,-0.036694,0.271639,-0.130516,-3.06931,0.129149,-0.0614728,-0.366385,0.0016654,0.250559,0.0973076,-4.32193,-0.0688543,-19.84,-1.96171,-23.393,0.316836,-13.0451,-0.0805205,-47.2677,17.2997,-24.5901,-2.78118
42,0.0042,0.469,35.7446,0.204569,57.6381,-0.323284,-0.005951,-0.0373912,-8.84108,0.0547487,-27.049,19.2519,-1.46007,-3.18588,16.0174,-0.100017,-70.174,-0.121492,0.00248894,0.0156385,-0.0382289,0.0101421,-16.0174,11.2909,-5.23556,-0.130224,10.9897,0.0449113,27.0617,-0.113019,-0.00151533,-0.00952111,-0.0653316,0.0460131,-10.9897,7.68657,3.90397,0.0151786,8.73752,0.259675,100.75,-0.0887725,-0.0069246,-0.0435086,-8.73752,-0.00140654,-0.0419329,0.274429,-0.128475,-3.07084,0.127816,-0.0597377,-0.360319,0.00228297,0.256105,0.0961874,-4.34778,-0.0718912,-19.8418,-1.95914,-23.4235,0.321346,-13.061,-0.0768802,-47.2511,17.295,-24.6274,-2.76835
43,0.0043,0.480167,35.7237,0.206039,58.0959,-0.323109,-0.00601019,-0.0377631,-8.84083,0.0608759,-27.0291,19.2374,-1.46585,-3.18199,16.0024,-0.101972,-71.5461,-0.121379,0.00253761,0.0159443,-0.0233491,0.0100298,-16.0024,11.2756,-5.23383,-0.121678,10.9789,0.0472454,28.4681,-0.112908,-0.00159409,-0.0100159,-0.0750835,0.0507605,-10.9789,7.68421,3.89412,0.0123271,8.7424,0.260766,101.174,-0.088822,-0.00695371,-0.0436915,-8.7424,8.56385e-05,-0.0478301,0.277568,-0.126133,-3.07264,0.126657,-0.058025,-0.355461,0.00273207,0.260604,0.0950563,-4.37242,-0.0750515,-19.8437,-1.95612,-23.4526,0.325195,-13.0866,-0.0722006,-47.2282,17.284,-24.6579,-2.76174
44,0.0044,0.491333,35.7073,0.208884,59.3976,-0.322978,-0.00611146,-0.0383994,-8.84875,0.068579,-27.0136,19.226,-1.46848,-3.18049,15.9881,-0.103531,-72.6397,-0.12127,0.0025764,0.016188,-0.00768757,0.00788267,-15.9881,11.2608,-5.2316,-0.111518,10.9712,0.0504478,30.3977,-0.112829,-0.00170213,-0.0106948,-0.0930532,0.058741,-10.9712,7.68413,3.88664,0.00570376,8.74801,0.261967,101.64,-0.088879,-0.00698572,-0.0438926,-8.74801,0.00195532,-0.0542778,0.281002,-0.123516,-3.07467,0.125632,-0.0563922,-0.352187,0.00288769,0.263504,0.0940257,-4.39457,-0.0781477,-19.845,-1.95267,-23.4785,0.328224,-13.1177,-0.0659609,-47.2108,17.2762,-24.6835,-2.75824
45,0.0045,0.5025,35.6993,0.213251,61.6241,-0.322922,-0.00626207,-0.0393458,-8.86865,0.0783146,-27.0062,19.2206,-1.46917,-3.18382,15.9782,-0.104901,-73.6007,-0.121195,0.00261048,0.0164021,0.00880898,0.00382518,-15.9782,11.2495,-5.23014,-0.0999578,10.967,0.0549286,33.0977,-0.112786,-0.00185332,-0.0116448,-0.123361,0.0702457,-10.967,7.68655,3.88172,-0.00707651,8.75409,0.263223,102.127,-0.0889409,-0.00701923,-0.0441031,-8.75409,0.00424373,-0.0609399,0.284561,-0.120746,-3.07678,0.124592,-0.0546273,-0.35051,0.00244795,0.264527,0.0929591,-4.41342,-0.0809904,-19.8459,-1.94905,-23.5002,0.330418,-13.1575,-0.0573031,-47.2026,17.274,-24.7048,-2.76044
46,0.0046,0.513667,35.6988,0.218364,64.3141,-0.322921,-0.00643768,-0.0404491,-8.89884,0.0858697,-27.0058,19.2211,-1.47128,-3.19294,15.9764,-0.106219,-74.5257,-0.121181,0.00264329,0.0166083,0.025514,-0.00227537,-15.9764,11.2442,-5.23071,-0.0875302,10.9622,0.0601474,36.2422,-0.112737,-0.0020294,-0.0127511,-0.164167,0.0811616,-10.9622,7.68899,3.8775,-0.0267102,8.76018,0.264436,102.598,-0.0890027,-0.00705156,-0.0443063,-8.76018,0.00698341,-0.0671991,0.287927,-0.118065,-3.0787,0.123338,-0.0523937,-0.350229,0.00107475,0.263652,0.0915889,-4.4284,-0.0834088,-19.8467,-1.94562,-23.5174,0.331781,-13.2039,-0.0499329,-47.2027,17.2765,-24.7251,-2.76957
47,0.0047,0.524833,35.7221,0.22115,65.6249,-0.323134,-0.00653692,-0.0410727,-8.91668,0.0794247,-27.0286,19.2363,-1.47168,-3.19888,15.986,-0.107653,-75.5315,-0.121254,0.00267896,0.0168324,0.0431293,-0.0107931,-15.986,11.2469,-5.23449,-0.0737862,10.9703,0.063315,38.1509,-0.11282,-0.00213628,-0.0134227,-0.193928,0.0800438,-10.9703,7.69869,3.87858,-0.0448672,8.76589,0.265487,103.006,-0.0890607,-0.0070796,-0.0444824,-8.76589,0.010174,-0.0723336,0.290729,-0.115767,-3.08022,0.121719,-0.0495326,-0.351154,-0.00135198,0.26097,0.0897734,-4.43955,-0.085242,-19.8477,-1.94275,-23.5306,0.332509,-13.2345,-0.0553499,-47.2274,17.2922,-24.7414,-2.7766
48,0.0048,0.536,35.7739,0.223667,66.7832,-0.323593,-0.00663235,-0.0416723,-8.93055,0.0664641,-27.0787,19.2689,-1.4727,-3.20203,16.0128,-0.109495,-76.8239,-0.121458,0.0027248,0.0171204,0.0645173,-0.022807,-16.0128,11.2612,-5.24334,-0.0566525,10.99,0.066854,40.2834,-0.113022,-0.00225569,-0.0141729,-0.224016,0.0755479,-10.99,7.71492,3.88469,-0.0640734,8.77105,0.266307,103.324,-0.0891131,-0.00710146,-0.0446198,-8.77105,0.0137232,-0.0758802,0.292736,-0.114047,-3.08131,0.119688,-0.0461771,-0.353191,-0.00466571,0.256602,0.0875989,-4.44702,-0.0863767,-19.8489,-1.94066,-23.54,0.332776,-13.2579,-0.0660897,-47.2809,17.3235,-24.7561,-2.78166
49,0.0049,0.547167,35.8545,0.22157,65.1283,-0.324277,-0.00658215,-0.0413569,-8.90962,0.0348516,-27.1568,19.3184,-1.48158,-3.18768,16.0665,-0.112254,-78.7602,-0.121865,0.00279348,0.017552,0.0936573,-0.0408591,-16.0665,11.2925,-5.25999,-0.033008,11.0127,0.0669674,40.3517,-0.113256,-0.00225952,-0.014197,-0.228005,0.0582875,-11.0127,7.73205,3.89144,-0.0728482,8.77527,0.266857,103.537,-0.089156,-0.00711612,-0.0447119,-8.77527,0.0174232,-0.0775777,0.29382,-0.113031,-3.08183,0.117299,-0.0427104,-0.356242,-0.00844725,0.250776,0.0853646,-4.45123,-0.0867777,-19.8504,-1.93945,-23.5459,0.332788,-13.2435,-0.0946365,-47.3634,17.3705,-24.7767,-2.76953
50,0.005,0.558333,35.9666,0.216921,61.774,-0.325174,-0.00646853,-0.040643,-8.8685,-0.0101432,-27.2661,19.3871,-1.50532,-3.15739,16.1608,-0.117325,-82.3181,-0.12258,0.00291967,0.0183448,0.138582,-0.072251,-16.1608,11.3488,-5.28819,0.00379436,11.0281,0.0671524,40.4632,-0.113414,-0.00226576,-0.0142362,-0.229484,0.0411262,-11.0281,7.74442,3.89575,-0.0797509,8.7776,0.267094,103.629,-0.0891797,-0.00712244,-0.0447516,-8.7776,0.0209815,-0.0771765,0.293858,-0.112879,-3.08143,0.114647,-0.0395348,-0.360113,-0.0122715,0.243826,0.0833869,-4.4527,-0.0864579,-19.8517,-1.93914,-23.5487,0.332746,-13.2066,-0.136136,-47.4779,17.4357,-24.8102,-2.74126
51,0.0051,0.5695,36.0883,0.206026,54.1419,-0.326097,-0.00619746,-0.0389398,-8.7935,-0.0878012,-27.3855,19.4629,-1.54312,-3.09848,16.283,-0.128193,-89.9427,-0.123507,0.0031901,0.020044,0.211982,-0.137045,-16.283,11.4226,-5.32406,0.0657631,11.0276,0.0671687,40.473,-0.113409,-0.00226631,-0.0142396,-0.227787,0.0251606,-11.0276,7.74737,3.8945,-0.0841671,8.77769,0.267049,103.612,-0.0891806,-0.00712126,-0.0447442,-8.77769,0.0240831,-0.0748873,0.292958,-0.113558,-3.08008,0.11182,-0.0369088,-0.364272,-0.0158113,0.236369,0.0818756,-4.45203,-0.0854786,-19.8525,-1.93968,-23.5488,0.33281,-13.1337,-0.210189,-47.6023,17.5074,-24.8555,-2.6838
52,0.0052,0.580667,36.1528,0.191448,44.0339,-0.32656,-0.00583002,-0.0366311,-8.71261,-0.194959,-27.4481,19.5066,-1.5702,-3.02967,16.3571,-0.142057,-99.6707,-0.124069,0.00353514,0.0222119,0.284008,-0.231325,-16.3571,11.4694,-5.34629,0.133421,11.0196,0.0666856,40.1819,-0.113327,-0.00225001,-0.0141372,-0.220534,0.00980122,-11.0196,7.74579,3.89092,-0.0849618,8.77609,0.26682,103.523,-0.0891643,-0.00711515,-0.0447058,-8.77609,0.0265645,-0.0713245,0.291436,-0.114833,-3.07813,0.108902,-0.0348858,-0.367879,-0.018864,0.229305,0.0808916,-4.45014,-0.0840055,-19.8528,-1.94088,-23.5469,0.333112,-13.0538,-0.31385,-47.6687,17.5469,-24.8878,-2.61567
53,0.0053,0.591833,36.0841,0.1856,40.1051,-0.326007,-0.00567729,-0.0356715,-8.68854,-0.257767,-27.3777,19.475,-1.56354,-3.0066,16.3005,-0.146838,-103.025,-0.12364,0.00365409,0.0229593,0.294221,-0.28149,-16.3005,11.4424,-5.33423,0.152248,11.0101,0.0659365,39.7305,-0.113229,-0.00222473,-0.0139784,-0.20924,-0.00472469,-11.0101,7.74296,3.88714,-0.0828869,8.77352,0.266502,103.399,-0.0891382,-0.00710665,-0.0446524,-8.77352,0.0284483,-0.067084,0.289596,-0.116451,-3.07596,0.105899,-0.0333998,-0.370217,-0.021305,0.22336,0.0803872,-4.44822,-0.0822871,-19.8522,-1.94247,-23.5443,0.333779,-13.0309,-0.373454,-47.6001,17.5112,-24.8845,-2.59243
54,0.0054,0.603,36.0246,0.187638,41.7253,-0.325526,-0.00572003,-0.03594,-8.70403,-0.271804,-27.3167,19.4499,-1.55966,-3.01909,16.2524,-0.143624,-100.77,-0.123275,0.00357412,0.0224569,0.261485,-0.283571,-16.2524,11.4217,-5.32559,0.133119,11.0017,0.0651062,39.2302,-0.113143,-0.00219672,-0.0138024,-0.194988,-0.0180529,-11.0017,7.74055,3.88416,-0.0783909,8.77053,0.266156,103.265,-0.0891078,-0.00709744,-0.0445945,-8.77053,0.02982,-0.0625661,0.287641,-0.118231,-3.07382,0.102902,-0.0323579,-0.370901,-0.0231146,0.219055,0.0802927,-4.44751,-0.0805942,-19.8508,-1.94416,-23.5423,0.334908,-13.0486,-0.384756,-47.5384,17.4827,-24.8829,-2.60389
55,0.0055,0.614167,35.9985,0.189319,43.0879,-0.325304,-0.00575433,-0.0361555,-8.71534,-0.282583,-27.289,19.4445,-1.56465,-3.02936,16.2349,-0.140823,-98.8048,-0.123142,0.00350442,0.0220189,0.230563,-0.283534,-16.2349,11.4194,-5.32699,0.114161,10.9961,0.0643228,38.7582,-0.113085,-0.00217029,-0.0136363,-0.178437,-0.0298191,-10.9961,7.73947,3.8824,-0.07168,8.76747,0.26582,103.134,-0.0890768,-0.00708846,-0.0445381,-8.76747,0.0307695,-0.058005,0.285686,-0.120063,-3.07184,0.100038,-0.0316462,-0.370094,-0.0243193,0.216436,0.0805136,-4.44894,-0.0791648,-19.8487,-1.94568,-23.5421,0.336536,-13.0643,-0.393394,-47.5077,17.4746,-24.8903,-2.61231
56,0.0056,0.625333,35.9935,0.190503,44.0799,-0.325253,-0.00577749,-0.0363011,-8.72204,-0.292216,-27.2825,19.4516,-1.57464,-3.03625,16.235,-0.138681,-97.3017,-0.123143,0.00345111,0.021684,0.202332,-0.283897,-16.235,11.4275,-5.33481,0.0965666,10.9939,0.0636736,38.367,-0.113063,-0.00214838,-0.0134987,-0.159834,-0.0396914,-10.9939,7.74028,3.88205,-0.062725,8.76454,0.265511,103.015,-0.0890469,-0.00708022,-0.0444864,-8.76454,0.0313722,-0.0535321,0.283796,-0.121881,-3.07009,0.097344,-0.0311922,-0.368029,-0.0249352,0.215364,0.0809705,-4.45332,-0.0782176,-19.846,-1.94677,-23.5446,0.33866,-13.078,-0.401625,-47.4965,17.4799,-24.9039,-2.61662
57,0.0057,0.6365,36.0054,0.19141,44.8461,-0.325343,-0.00579557,-0.0364146,-8.72684,-0.297072,-27.2928,19.4687,-1.58771,-3.04231,16.2473,-0.137051,-96.1579,-0.123236,0.00341054,0.0214291,0.173978,-0.281484,-16.2473,11.4429,-5.34747,0.0774657,10.9963,0.0632225,38.0952,-0.113087,-0.00213316,-0.013403,-0.138984,-0.0472769,-10.9963,7.74378,3.8834,-0.051185,8.76183,0.265238,102.909,-0.0890195,-0.00707295,-0.0444407,-8.76183,0.0316894,-0.0492207,0.282003,-0.123644,-3.06859,0.0948868,-0.0308996,-0.364915,-0.0249688,0.215728,0.0815863,-4.46116,-0.0779313,-19.843,-1.94722,-23.5507,0.341232,-13.0931,-0.405902,-47.5007,17.4965,-24.9227,-2.61949
58,0.0058,0.647667,36.0348,0.192195,45.4886,-0.325581,-0.00581301,-0.0365242,-8.73054,-0.293637,-27.3205,19.4965,-1.60348,-3.04861,16.2712,-0.135843,-95.3107,-0.123417,0.00338049,0.0212403,0.144045,-0.273459,-16.2712,11.4653,-5.36488,0.0549943,11.0042,0.0630326,37.9808,-0.113169,-0.00212675,-0.0133628,-0.115172,-0.0519456,-11.0042,7.75086,3.88674,-0.0362737,8.75942,0.265005,102.818,-0.0889949,-0.00706675,-0.0444017,-8.75942,0.031768,-0.045107,0.280324,-0.125332,-3.06734,0.0925615,-0.0306132,-0.360812,-0.0245056,0.217363,0.0822134,-4.47276,-0.0784083,-19.84,-1.94689,-23.561,0.344205,-13.1107,-0.402658,-47.5213,17.5251,-24.9471,-2.6222
59,0.0059,0.658833,36.0831,0.193373,46.3585,-0.325982,-0.00584351,-0.0367158,-8.73064,-0.281256,-27.367,19.5362,-1.62174,-3.05234,16.3069,-0.134645,-94.4699,-0.123688,0.00335067,0.0210529,0.113789,-0.260265,-16.3069,11.4949,-5.38723,0.0305937,11.019,0.0632045,38.0844,-0.11332,-0.00213255,-0.0133992,-0.0871152,-0.0526375,-11.019,7.76252,3.89242,-0.0166131,8.75731,0.264813,102.744,-0.0889735,-0.00706163,-0.0443695,-8.75731,0.031646,-0.0412066,0.278764,-0.126932,-3.06632,0.0903076,-0.0301821,-0.355822,-0.0237133,0.220102,0.0827085,-4.4881,-0.0796684,-19.8373,-1.94575,-23.5757,0.347517,-13.1284,-0.391107,-47.5602,17.5667,-24.9773,-2.62212
60,0.006,0.67,36.1519,0.195096,47.5402,-0.326559,-0.00589282,-0.0370257,-8.72419,-0.259504,-27.4339,19.589,-1.64211,-3.05032,16.3549,-0.133526,-93.6848,-0.124053,0.00332283,0.0208779,0.0845163,-0.243081,-16.3549,11.5319,-5.41448,0.00549893,11.0414,0.0639604,38.5398,-0.113551,-0.00215806,-0.0135595,-0.0531908,-0.0477765,-11.0414,7.77972,3.9008,0.00971487,8.75551,0.264662,102.685,-0.0889553,-0.00705758,-0.0443441,-8.75551,0.0313529,-0.0375235,0.277323,-0.128439,-3.06553,0.0880982,-0.0295237,-0.350295,-0.0227767,0.223566,0.0829759,-4.50682,-0.0816646,-19.8352,-1.94382,-23.5946,0.351084,-13.1429,-0.370692,-47.6194,17.6224,-25.0132,-2.61626
61,0.0061,0.681167,36.2371,0.197449,49.06,-0.327285,-0.00596607,-0.0374859,-8.70976,-0.22337,-27.5171,19.652,-1.66264,-3.04172,16.4108,-0.132742,-93.1348,-0.124477,0.00330332,0.0207554,0.055828,-0.218916,-16.4108,11.573,-5.44487,-0.0218051,11.0722,0.0656423,39.5533,-0.113868,-0.00221481,-0.013916,-0.011574,-0.0353672,-11.0722,7.80301,3.91208,0.045039,8.75401,0.264549,102.642,-0.08894,-0.00705459,-0.0443253,-8.75401,0.0309136,-0.0340564,0.276,-0.129852,-3.06495,0.0859172,-0.028575,-0.344643,-0.0219134,0.227316,0.0829418,-4.52829,-0.0842704,-19.8339,-1.94124,-23.6174,0.354822,-13.1521,-0.336215,-47.6956,17.6889,-25.0527,-2.60395
62,0.0062,0.692333,36.3143,0.203661,53.1601,-0.327965,-0.00614571,-0.0386147,-8.69274,-0.143619,-27.5923,19.7092,-1.67854,-3.03592,16.4531,-0.1293,-90.7196,-0.124797,0.00321766,0.0202171,0.0218839,-0.15962,-16.4531,11.6043,-5.47236,-0.0616493,11.1084,0.0684864,41.267,-0.11424,-0.00231077,-0.014519,0.038178,-0.0143483,-11.1084,7.83009,3.92499,0.0902807,8.7528,0.264475,102.613,-0.0889277,-0.0070526,-0.0443128,-8.7528,0.0303491,-0.0308003,0.274791,-0.13117,-3.06455,0.0837773,-0.0272699,-0.339364,-0.0213748,0.230861,0.0825455,-4.55161,-0.0872978,-19.8336,-1.93818,-23.6431,0.358636,-13.1606,-0.258186,-47.7652,17.7496,-25.0908,-2.59474
63,0.0063,0.7035,36.4017,0.208438,56.204,-0.328711,-0.00629305,-0.0395404,-8.66184,-0.0744227,-27.6776,19.7698,-1.70131,-3.01465,16.5095,-0.127708,-89.6028,-0.125225,0.00317805,0.0199682,0.000236772,-0.11629,-16.5095,11.643,-5.50442,-0.0894681,11.1403,0.0717089,43.2087,-0.114568,-0.0024195,-0.0152021,0.0897643,0.0121902,-11.1403,7.85306,3.93551,0.139136,8.75184,0.264437,102.598,-0.0889179,-0.0070516,-0.0443065,-8.75184,0.0296771,-0.0277495,0.273693,-0.132396,-3.06432,0.0816979,-0.0255548,-0.33506,-0.0214252,0.233622,0.0817452,-4.57571,-0.0905375,-19.8343,-1.93487,-23.6706,0.362394,-13.1559,-0.190515,-47.8469,17.8135,-25.1383,-2.57051
64,0.0064,0.714667,36.4739,0.210449,57.3831,-0.329308,-0.00636393,-0.0399858,-8.63315,-0.013428,-27.7476,19.8157,-1.73024,-2.99483,16.5635,-0.128047,-89.8404,-0.125634,0.00318647,0.0200212,-0.01496,-0.0814094,-16.5635,11.6782,-5.53656,-0.111915,11.1593,0.0740619,44.6265,-0.114764,-0.00249889,-0.015701,0.132923,0.0390699,-11.1593,7.86483,3.93985,0.181315,8.75111,0.264434,102.597,-0.0889105,-0.00705152,-0.044306,-8.75111,0.0289114,-0.0248951,0.2727,-0.133532,-3.06423,0.0797532,-0.0234122,-0.332463,-0.022332,0.234954,0.0805156,-4.59935,-0.0937682,-19.836,-1.93153,-23.6985,0.365933,-13.1527,-0.130608,-47.9162,17.8618,-25.1938,-2.54838
65,0.0065,0.725833,36.5224,0.207495,55.3115,-0.329672,-0.00628951,-0.0395182,-8.61733,0.0166843,-27.794,19.8399,-1.76802,-2.98329,16.6137,-0.130923,-91.8586,-0.126015,0.00325805,0.020471,-0.0225133,-0.0709494,-16.6137,11.7084,-5.56817,-0.123528,11.1581,0.0739538,44.5614,-0.114751,-0.00249524,-0.015678,0.155779,0.0595704,-11.1581,7.85963,3.93473,0.204506,8.7506,0.264464,102.609,-0.0889054,-0.00705233,-0.0443111,-8.7506,0.0280634,-0.0222289,0.271808,-0.134584,-3.06426,0.0781254,-0.0209227,-0.33254,-0.0243405,0.234104,0.0788742,-4.62125,-0.0967734,-19.8387,-1.92843,-23.7253,0.369083,-13.1605,-0.101012,-47.9652,17.8871,-25.2592,-2.53533
66,0.0066,0.737,36.5473,0.201123,50.9988,-0.329823,-0.00611527,-0.0384233,-8.61587,0.0210476,-27.8168,19.8433,-1.80913,-2.9806,16.6525,-0.135572,-95.12,-0.12631,0.00337373,0.0211978,-0.0260654,-0.0806547,-16.6525,11.7283,-5.59651,-0.127497,11.1445,0.0721705,43.4868,-0.114611,-0.00243507,-0.0153,0.160479,0.0745588,-11.1445,7.84393,3.92294,0.21131,8.75029,0.264525,102.632,-0.0889022,-0.00705393,-0.0443211,-8.75029,0.0271434,-0.0197416,0.271009,-0.135555,-3.06441,0.0769748,-0.0182467,-0.336091,-0.0275697,0.230391,0.0769127,-4.64005,-0.099356,-19.8419,-1.92577,-23.7492,0.371627,-13.1789,-0.0965551,-47.9948,17.8899,-25.3279,-2.53206
67,0.0067,0.748167,36.5707,0.193902,46.0685,-0.329969,-0.0059211,-0.0372034,-8.6213,0.010917,-27.838,19.8434,-1.84983,-2.98058,16.6878,-0.141229,-99.0892,-0.126577,0.00351451,0.0220823,-0.0311967,-0.102302,-16.6878,11.7434,-5.62371,-0.129676,11.1328,0.0705193,42.4919,-0.114491,-0.00237936,-0.0149499,0.160057,0.0870599,-11.1328,7.82971,3.91033,0.213767,8.75016,0.264612,102.666,-0.0889009,-0.00705625,-0.0443357,-8.75016,0.026159,-0.0174239,0.270298,-0.136449,-3.06467,0.0761444,-0.0154692,-0.342905,-0.0319038,0.223717,0.0747545,-4.65458,-0.101375,-19.8454,-1.92375,-23.7686,0.373364,-13.1997,-0.105927,-48.0263,17.8877,-25.3947,-2.53246
68,0.0068,0.759333,36.5842,0.187074,41.3572,-0.33005,-0.00574112,-0.0360725,-8.62901,0.00830288,-27.8492,19.8355,-1.88689,-2.98318,16.7089,-0.147011,-103.146,-0.126737,0.00365841,0.0229865,-0.0388274,-0.117934,-16.7089,11.7465,-5.64777,-0.135707,11.1251,0.0693613,41.7941,-0.114411,-0.00234029,-0.0147044,0.160017,0.101122,-11.1251,7.8193,3.89816,0.217537,8.7502,0.264724,102.709,-0.0889013,-0.00705924,-0.0443545,-8.7502,0.025115,-0.0152686,0.269671,-0.137271,-3.06501,0.0752919,-0.0126163,-0.352285,-0.0371791,0.214319,0.0725209,-4.66438,-0.102769,-19.8492,-1.92248,-23.783,0.374209,-13.2181,-0.107083,-48.0507,17.8758,-25.4556,-2.53645
69,0.0069,0.7705,36.5969,0.18649,40.9749,-0.330137,-0.00572057,-0.0359434,-8.62533,0.0619656,-27.8598,19.8272,-1.92186,-2.9879,16.7254,-0.147024,-103.156,-0.126863,0.00365874,0.0229885,-0.0358931,-0.0802753,-16.7254,11.7454,-5.67032,-0.145986,11.1211,0.0686552,41.3687,-0.114371,-0.00231646,-0.0145548,0.16096,0.118226,-11.1211,7.81273,3.88648,0.223521,8.7504,0.264859,102.762,-0.0889033,-0.00706285,-0.0443772,-8.7504,0.0240153,-0.013266,0.269121,-0.138024,-3.06544,0.0741497,-0.00977218,-0.363696,-0.0432471,0.202431,0.0703669,-4.66957,-0.103553,-19.8531,-1.92205,-23.7924,0.374197,-13.2207,-0.0513592,-48.0766,17.8619,-25.5119,-2.54334
70,0.007,0.781667,36.6797,0.18737,41.5768,-0.330771,-0.00573982,-0.0360643,-8.61714,0.1146,-27.9404,19.868,-1.96854,-2.98688,16.8058,-0.145967,-102.414,-0.127472,0.00363242,0.0228232,-0.0276689,-0.0447405,-16.8058,11.7878,-5.70603,-0.150778,11.1232,0.0683221,41.168,-0.114392,-0.00230522,-0.0144841,0.161283,0.136477,-11.1232,7.81156,3.8762,0.229847,8.75075,0.265015,102.822,-0.0889069,-0.00706701,-0.0444033,-8.75075,0.0228638,-0.0114097,0.268644,-0.138713,-3.06594,0.0726082,-0.00708664,-0.376768,-0.0499228,0.188351,0.0684714,-4.67106,-0.103786,-19.8573,-1.92247,-23.798,0.373576,-13.2156,0.00372721,-48.1744,17.8956,-25.5782,-2.54483
71,0.0071,0.792833,36.7453,0.20438,53.4748,-0.3313,-0.00616174,-0.0387153,-8.549,0.322456,-28.0037,19.9,-2.00549,-2.98027,16.8596,-0.128943,-90.4693,-0.12788,0.00320878,0.0201613,0.0433687,0.148841,-16.8596,11.8137,-5.73483,-0.147172,11.1344,0.0681321,41.0535,-0.114508,-0.00229881,-0.0144439,0.158885,0.151949,-11.1344,7.81803,3.86868,0.233423,8.75126,0.265191,102.891,-0.088912,-0.0070717,-0.0444328,-8.75126,0.0216664,-0.0096942,0.268237,-0.139341,-3.06652,0.0707686,-0.00477233,-0.391232,-0.0569388,0.172516,0.0670176,-4.67042,-0.103566,-19.8613,-1.92358,-23.801,0.372802,-13.1487,0.214118,-48.2562,17.9195,-25.634,-2.54045
72,0.0072,0.804,36.7499,0.22712,69.4272,-0.331394,-0.00672273,-0.0422401,-8.43264,0.555764,-28.0061,19.8876,-2.02285,-2.94909,16.8426,-0.105806,-74.2359,-0.127752,0.00263301,0.0165437,0.167907,0.377842,-16.8426,11.7874,-5.74727,-0.111422,11.1554,0.0675407,40.6972,-0.114723,-0.00227886,-0.0143185,0.151374,0.157494,-11.1554,7.83231,3.86433,0.229503,8.75192,0.265385,102.966,-0.0889188,-0.00707688,-0.0444653,-8.75192,0.0204281,-0.00811492,0.267897,-0.139911,-3.06718,0.0687182,-0.00298733,-0.405883,-0.0636824,0.156111,0.0661418,-4.6691,-0.103016,-19.8642,-1.92494,-23.8023,0.372258,-13.033,0.44976,-48.2762,17.8989,-25.6691,-2.5107
73,0.0073,0.815167,36.8448,0.246459,83.0854,-0.332178,-0.00719045,-0.0451789,-8.30334,0.734667,-28.0987,19.938,-2.06032,-2.91034,16.9132,-0.0851071,-59.713,-0.128287,0.00211791,0.0133072,0.312036,0.575936,-16.9132,11.8215,-5.78048,-0.0542137,11.1788,0.0659702,39.7509,-0.114964,-0.00222587,-0.0139856,0.137374,0.139579,-11.1788,7.84889,3.86059,0.211773,8.75275,0.265596,103.048,-0.0889272,-0.00708249,-0.0445006,-8.75275,0.0191513,-0.00666755,0.26762,-0.140425,-3.0679,0.0663787,-0.00167661,-0.418803,-0.0694945,0.140867,0.0658171,-4.66788,-0.102271,-19.8653,-1.92614,-23.8021,0.37206,-12.9048,0.630719,-48.3827,17.9424,-25.7215,-2.47246
74,0.0074,0.826333,36.9452,0.256161,89.987,-0.332993,-0.00741758,-0.046606,-8.1912,0.820757,-28.1968,19.9899,-2.10121,-2.86371,16.9939,-0.073967,-51.8969,-0.128899,0.00184069,0.0115654,0.436612,0.682472,-16.9939,11.8589,-5.81505,0.00966062,11.1975,0.0643075,38.749,-0.115156,-0.00216977,-0.0136331,0.125938,0.120446,-11.1975,7.86352,3.85473,0.195325,8.75375,0.265821,103.135,-0.0889373,-0.00708849,-0.0445383,-8.75375,0.017839,-0.00534854,0.267403,-0.140886,-3.06869,0.0636777,-0.000677819,-0.428762,-0.0740895,0.128019,0.0659214,-4.66753,-0.101467,-19.8648,-1.92707,-23.8013,0.372292,-12.795,0.718612,-48.4903,17.9887,-25.7745,-2.42549
75,0.0075,0.8375,36.9236,0.249738,85.6394,-0.332937,-0.00723729,-0.0454732,-8.15434,0.738979,-28.1728,19.9463,-2.09479,-2.84245,16.9325,-0.0782703,-54.9162,-0.128433,0.00194778,0.0122382,0.486538,0.637788,-16.9325,11.7858,-5.81022,0.0551003,11.2362,0.0619498,37.3283,-0.115554,-0.00209022,-0.0131332,0.114052,0.0846992,-11.2362,7.89324,3.85673,0.17201,8.75493,0.266059,103.227,-0.0889493,-0.00709484,-0.0445782,-8.75493,0.0164923,-0.00415428,0.267245,-0.141298,-3.06956,0.0605545,0.000191738,-0.435433,-0.0775306,0.117988,0.0663018,-4.66873,-0.100726,-19.8634,-1.9278,-23.8014,0.373021,-12.7625,0.638445,-48.4716,17.941,-25.7782,-2.40313
76,0.0076,0.848667,36.892,0.235012,75.555,-0.332826,-0.00684207,-0.04299,-8.16707,0.574139,-28.1388,19.8917,-2.07675,-2.8488,16.8529,-0.0899514,-63.1119,-0.12783,0.00223846,0.0140647,0.483932,0.527215,-16.8529,11.6953,-5.79664,0.0777878,11.2828,0.0586549,35.3429,-0.116033,-0.00197905,-0.0124347,0.105297,0.0318103,-11.2828,7.92929,3.86155,0.14392,8.7563,0.266308,103.324,-0.0889633,-0.00710149,-0.04462,-8.7563,0.0151134,-0.00308338,0.26714,-0.141663,-3.0705,0.0570235,0.00105628,-0.438946,-0.0799794,0.110737,0.0668359,-4.67234,-0.100157,-19.8615,-1.92834,-23.8038,0.374408,-12.7824,0.475038,-48.4393,17.8834,-25.7698,-2.40755
77,0.0077,0.859833,36.8808,0.219738,65.0146,-0.332833,-0.00643948,-0.0404604,-8.19136,0.427105,-28.1251,19.853,-2.06935,-2.85725,16.8079,-0.10289,-72.1897,-0.127488,0.00256044,0.0160877,0.462609,0.416313,-16.8079,11.6285,-5.78802,0.0861621,11.3151,0.0560613,33.7801,-0.116365,-0.00189154,-0.0118849,0.103895,-0.00291329,-11.3151,7.95734,3.86066,0.128104,8.75786,0.266566,103.424,-0.0889791,-0.00710838,-0.0446632,-8.75786,0.0137054,-0.00213417,0.267089,-0.141983,-3.07152,0.053229,0.00201312,-0.439868,-0.0817025,0.105904,0.0673698,-4.67844,-0.099852,-19.8595,-1.92864,-23.8088,0.376355,-12.8166,0.329266,-48.4245,17.8426,-25.7722,-2.41353
78,0.0078,0.871,36.8643,0.204913,54.7938,-0.332711,-0.00604742,-0.037997,-8.21086,0.296189,-28.106,19.8124,-2.07894,-2.86791,16.7898,-0.115314,-80.907,-0.127351,0.00286962,0.0180304,0.440984,0.322692,-16.7898,11.5812,-5.78286,0.0891807,11.3148,0.0533942,32.1731,-0.116363,-0.00180155,-0.0113195,0.107762,-0.038772,-11.3148,7.96413,3.84618,0.11552,8.75961,0.266833,103.528,-0.0889969,-0.00711549,-0.0447079,-8.75961,0.0122698,-0.00130447,0.267088,-0.14226,-3.07261,0.0493004,0.00314662,-0.439032,-0.083055,0.102895,0.0677571,-4.68722,-0.09988,-19.8576,-1.92865,-23.8169,0.378837,-12.8488,0.199456,-48.4026,17.8007,-25.793,-2.42131
79,0.0079,0.882167,36.8611,0.193597,46.8172,-0.332696,-0.00576188,-0.036203,-8.22009,0.21303,-28.1002,19.7839,-2.08684,-2.8612,16.7833,-0.126407,-88.69,-0.127302,0.00314567,0.0197648,0.426653,0.244167,-16.7833,11.5419,-5.77756,0.0937179,11.3163,0.0528963,31.8731,-0.116378,-0.00178475,-0.0112139,0.114787,-0.0419475,-11.3163,7.9749,3.8332,0.118844,8.76153,0.267107,103.634,-0.0890164,-0.0071228,-0.0447539,-8.76153,0.0108103,-0.000592895,0.267136,-0.142492,-3.07376,0.0452172,0.00462683,-0.437191,-0.0844787,0.101067,0.0678242,-4.69887,-0.100284,-19.8561,-1.92838,-23.8286,0.381836,-12.8737,0.117373,-48.3935,17.771,-25.8144,-2.41154
80,0.008,0.893333,36.8763,0.183991,40.034,-0.332849,-0.00551935,-0.0346791,-8.22131,0.140327,-28.1127,19.7702,-2.08809,-2.85369,16.7845,-0.135843,-95.3103,-0.127311,0.00338048,0.0212402,0.4188,0.180753,-16.7845,11.5087,-5.77064,0.0995205,11.3282,0.0524437,31.6004,-0.116501,-0.00176948,-0.011118,0.123472,-0.049755,-11.3282,7.99435,3.82523,0.121748,8.76358,0.26739,103.744,-0.0890373,-0.00713035,-0.0448013,-8.76358,0.00932885,3.69347e-07,0.267235,-0.142681,-3.07496,0.0409124,0.00656229,-0.434515,-0.0861406,0.100133,0.0674855,-4.71306,-0.101075,-19.8552,-1.92781,-23.8437,0.385209,-12.8935,0.0458136,-48.4024,17.7563,-25.8317,-2.401
81,0.0081,0.9045,36.9195,0.176005,34.3442,-0.333247,-0.00532065,-0.0334306,-8.21656,0.0807415,-28.1533,19.7799,-2.08399,-2.84192,16.8015,-0.144068,-101.081,-0.127439,0.00358517,0.0225263,0.41652,0.126485,-16.8015,11.4887,-5.76414,0.10746,11.3523,0.052391,31.5686,-0.116748,-0.0017677,-0.0111068,0.132674,-0.0535693,-11.3523,8.0238,3.82297,0.126823,8.76575,0.267682,103.857,-0.0890593,-0.00713812,-0.0448501,-8.76575,0.00782607,0.00047783,0.267384,-0.142827,-3.0762,0.036353,0.00892223,-0.430676,-0.0878572,0.100145,0.0667928,-4.72903,-0.10224,-19.8547,-1.92687,-23.8611,0.388725,-12.9092,-0.0125765,-48.4386,17.7652,-25.845,-2.3864
82,0.0082,0.915667,36.9622,0.171578,31.1515,-0.333626,-0.00521043,-0.0327381,-8.18379,0.0361375,-28.1934,19.793,-2.07951,-2.81293,16.8235,-0.148726,-104.349,-0.127607,0.00370108,0.0232546,0.440358,0.0888968,-16.8235,11.4747,-5.7558,0.131873,11.3707,0.0523232,31.5277,-0.116938,-0.00176541,-0.0110924,0.143838,-0.0590639,-11.3707,8.05071,3.81922,0.13267,8.76799,0.267981,103.973,-0.089082,-0.0071461,-0.0449003,-8.76799,0.00630458,0.000838468,0.267582,-0.142929,-3.07747,0.0315405,0.0116267,-0.425488,-0.089436,0.101071,0.0658333,-4.74603,-0.103749,-19.8544,-1.92555,-23.8799,0.392177,-12.8983,-0.0559844,-48.4733,17.778,-25.8584,-2.35492
83,0.0083,0.926833,37.003,0.169773,29.692,-0.33402,-0.00517469,-0.0325136,-8.14153,0.0106337,-28.2316,19.807,-2.06279,-2.77141,16.8328,-0.151813,-106.515,-0.127677,0.0037779,0.0237373,0.47671,0.0564813,-16.8328,11.4524,-5.74083,0.164965,11.3999,0.0532977,32.1149,-0.117238,-0.00179829,-0.011299,0.152021,-0.0506123,-11.3999,8.08674,3.82103,0.142379,8.77026,0.268289,104.092,-0.0891051,-0.0071543,-0.0449518,-8.77026,0.0047647,0.00108138,0.26783,-0.142987,-3.07875,0.026537,0.0146031,-0.419315,-0.0908932,0.102572,0.0646624,-4.7636,-0.105565,-19.8545,-1.92385,-23.8996,0.395449,-12.8786,-0.0803278,-48.5055,17.7922,-25.8598,-2.3113
84,0.0084,0.938,37.0235,0.169081,28.9902,-0.334282,-0.00516851,-0.0324747,-8.09293,-0.0135932,-28.2498,19.8077,-2.03013,-2.72477,16.8141,-0.154004,-108.053,-0.127535,0.00383243,0.0240798,0.519428,0.0253702,-16.8141,11.4103,-5.71438,0.203004,11.4369,0.0544811,32.828,-0.117619,-0.00183822,-0.0115499,0.160146,-0.0421712,-11.4369,8.12926,3.82725,0.152251,8.77251,0.268604,104.215,-0.0891279,-0.00716272,-0.0450047,-8.77251,0.00320772,0.00120506,0.268128,-0.142998,-3.08003,0.0214294,0.0178115,-0.412803,-0.0923947,0.104153,0.063296,-4.78143,-0.107645,-19.855,-1.92182,-23.9199,0.398474,-12.8529,-0.103427,-48.5176,17.7935,-25.8459,-2.263
85,0.0085,0.949167,37.0395,0.169295,28.8963,-0.334518,-0.00518718,-0.032592,-8.04918,-0.0427249,-28.2636,19.8078,-1.98874,-2.67816,16.7872,-0.155554,-109.14,-0.127332,0.00387101,0.0243223,0.55779,-0.011969,-16.7872,11.3641,-5.68205,0.240658,11.4775,0.0559225,33.6965,-0.118036,-0.00188686,-0.0118555,0.16772,-0.0323899,-11.4775,8.17524,3.83627,0.162466,8.7747,0.268927,104.34,-0.0891502,-0.00717134,-0.0450588,-8.7747,0.00163399,0.00120796,0.268476,-0.142964,-3.08128,0.016292,0.0212252,-0.40656,-0.0941083,0.105354,0.0617493,-4.79926,-0.109941,-19.8559,-1.91949,-23.9407,0.401216,-12.8322,-0.13144,-48.526,17.7942,-25.824,-2.21519
86,0.0086,0.960333,37.0579,0.169858,29.0136,-0.334788,-0.0052173,-0.0327813,-8.01502,-0.0729712,-28.28,19.812,-1.93968,-2.63557,16.7574,-0.157077,-110.208,-0.127105,0.00390889,0.0245603,0.588465,-0.0534101,-16.7574,11.3172,-5.64579,0.274278,11.5237,0.0576771,34.7538,-0.118511,-0.00194606,-0.0122274,0.173296,-0.0196067,-11.5237,8.22595,3.849,0.172647,8.77678,0.269257,104.468,-0.0891713,-0.00718014,-0.0451141,-8.77678,4.55504e-05,0.00108726,0.268875,-0.142883,-3.08249,0.01117,0.0248126,-0.401153,-0.0961693,0.10572,0.0600553,-4.81684,-0.112382,-19.8574,-1.91691,-23.9616,0.403655,-12.8207,-0.160541,-48.5386,17.7989,-25.7956,-2.17186
87,0.0087,0.9715,37.0719,0.171685,29.9992,-0.335021,-0.0052804,-0.0331777,-7.98359,-0.107349,-28.2923,19.8164,-1.88554,-2.59205,16.7242,-0.15751,-110.513,-0.126854,0.00391968,0.0246281,0.617088,-0.0994208,-16.7242,11.2703,-5.60556,0.309038,11.5689,0.0596009,35.9129,-0.118976,-0.00201096,-0.0126353,0.178042,-0.00637321,-11.5689,8.27676,3.86278,0.182572,8.77872,0.269594,104.599,-0.0891911,-0.00718912,-0.0451705,-8.77872,-0.00155537,0.00083975,0.269325,-0.142755,-3.08366,0.00611559,0.0285553,-0.397146,-0.0987122,0.104813,0.0582318,-4.83387,-0.114869,-19.8596,-1.91418,-23.9826,0.405787,-12.8113,-0.193663,-48.5491,17.8035,-25.7633,-2.12803
88,0.0088,0.982667,37.0985,0.173928,31.2377,-0.335353,-0.00535723,-0.0336605,-7.96573,-0.143236,-28.3176,19.833,-1.83026,-2.55524,16.7027,-0.157912,-110.795,-0.12669,0.00392969,0.024691,0.63453,-0.149832,-16.7027,11.234,-5.56637,0.337408,11.6154,0.0619043,37.3009,-0.119454,-0.00208868,-0.0131236,0.180246,0.00976197,-11.6154,8.32917,3.87869,0.192111,8.7805,0.269936,104.732,-0.0892092,-0.00719824,-0.0452279,-8.7805,-0.00316555,0.000461404,0.269827,-0.14258,-3.08476,0.00119738,0.0324505,-0.394909,-0.101792,0.102353,0.0562705,-4.84983,-0.117254,-19.8627,-1.91142,-24.0032,0.407591,-12.8144,-0.228039,-48.5752,17.8198,-25.7311,-2.09138
89,0.0089,0.993833,37.1336,0.176426,32.6296,-0.335743,-0.0054425,-0.0341962,-7.94655,-0.179862,-28.3516,19.8596,-1.77524,-2.51644,16.6918,-0.158302,-111.068,-0.126607,0.00393938,0.0247519,0.654595,-0.201924,-16.6918,11.2085,-5.52842,0.368185,11.6598,0.0644445,38.8315,-0.11991,-0.00217439,-0.0136621,0.180966,0.0268441,-11.6598,8.3807,3.89554,0.201178,8.78211,0.270283,104.866,-0.0892255,-0.00720748,-0.045286,-8.78211,-0.00478252,-5.08977e-05,0.27038,-0.142356,-3.0858,-0.00357317,0.0364892,-0.394435,-0.105287,0.0982895,0.0541758,-4.86383,-0.119308,-19.8667,-1.90885,-24.0223,0.409021,-12.8139,-0.262681,-48.6127,17.8454,-25.6993,-2.05324
90,0.009,1.005,37.1651,0.179645,34.5091,-0.33609,-0.00554732,-0.0348548,-7.91763,-0.219594,-28.3823,19.8886,-1.71957,-2.46934,16.6831,-0.158152,-110.963,-0.126542,0.00393566,0.0247285,0.684545,-0.2568,-16.6831,11.1888,-5.48946,0.407364,11.6985,0.067164,40.4702,-0.120308,-0.00226615,-0.0142386,0.181351,0.0436071,-11.6985,8.42874,3.91198,0.210075,8.78353,0.270634,105.002,-0.0892399,-0.00721683,-0.0453447,-8.78353,-0.00640198,-0.000701989,0.270986,-0.142084,-3.08678,-0.00832813,0.0406359,-0.395495,-0.108944,0.0926082,0.051996,-4.87465,-0.120716,-19.8715,-1.9068,-24.0388,0.410044,-12.8006,-0.299674,-48.6493,17.8728,-25.6657,-2.0073
91,0.0091,1.01617,37.1965,0.184542,37.5042,-0.336424,-0.00569924,-0.0358094,-7.89889,-0.260517,-28.4132,19.9229,-1.66357,-2.4247,16.679,-0.156934,-110.108,-0.126511,0.00390534,0.024538,0.708639,-0.316812,-16.679,11.1771,-5.4505,0.445176,11.7328,0.0704872,42.4726,-0.120661,-0.00237828,-0.0149432,0.177238,0.0643174,-11.7328,8.47413,3.9287,0.217804,8.78476,0.270988,105.14,-0.0892524,-0.0072263,-0.0454042,-8.78476,-0.00802226,-0.00149739,0.271648,-0.141763,-3.08768,-0.013382,0.0448147,-0.397687,-0.112449,0.0852773,0.0498185,-4.8811,-0.121155,-19.8771,-1.90561,-24.051,0.410647,-12.7934,-0.336858,-48.6881,17.9049,-25.6293,-1.96423
92,0.0092,1.02733,37.252,0.192192,42.3256,-0.336964,-0.00592902,-0.0372531,-7.91696,-0.295295,-28.4687,19.9782,-1.60537,-2.39975,16.6903,-0.154019,-108.063,-0.126597,0.00383281,0.0240822,0.707478,-0.378808,-16.6903,11.1804,-5.41525,0.467572,11.7759,0.0748631,45.1093,-0.121104,-0.00252592,-0.0158708,0.161384,0.0931523,-11.7759,8.52542,3.95127,0.221191,8.78582,0.271349,105.28,-0.0892632,-0.0072359,-0.0454645,-8.78582,-0.0096388,-0.00244191,0.272366,-0.141391,-3.08852,-0.0191136,0.0488649,-0.400195,-0.115536,0.0766114,0.0477673,-4.88257,-0.120459,-19.883,-1.90556,-24.0579,0.410873,-12.8186,-0.366889,-48.7519,17.9571,-25.5867,-1.94111
93,0.0093,1.0385,37.331,0.201119,48.107,-0.337696,-0.0061846,-0.038859,-7.97024,-0.330687,-28.5478,20.0533,-1.54804,-2.40361,16.72,-0.149162,-104.656,-0.126821,0.00371194,0.0233228,0.667528,-0.433412,-16.72,11.2006,-5.38476,0.46221,11.8243,0.0785669,47.3411,-0.121603,-0.00265089,-0.016656,0.148932,0.113972,-11.8243,8.57957,3.97769,0.223474,8.7867,0.271714,105.421,-0.0892722,-0.00724565,-0.0455258,-8.7867,-0.011247,-0.00354149,0.273145,-0.14097,-3.08929,-0.025628,0.052526,-0.401379,-0.118211,0.0680166,0.0460768,-4.8799,-0.118841,-19.8881,-1.90661,-24.0596,0.410875,-12.8758,-0.397002,-48.8374,18.0285,-25.5397,-1.94666
94,0.0094,1.04967,37.4159,0.21151,54.9213,-0.338457,-0.006476,-0.0406899,-8.0626,-0.353567,-28.6333,20.1378,-1.49467,-2.44005,16.7618,-0.142774,-100.173,-0.127138,0.00355296,0.0223239,0.586395,-0.471933,-16.7618,11.2346,-5.35768,0.424149,11.8667,0.0821981,49.5291,-0.122039,-0.00277341,-0.0174258,0.138447,0.13121,-11.8667,8.62927,4.0035,0.225807,8.78744,0.272086,105.566,-0.0892797,-0.00725555,-0.045588,-8.78744,-0.0128438,-0.00480333,0.273986,-0.140495,-3.09001,-0.0322183,0.055665,-0.399514,-0.120852,0.0619296,0.0450226,-4.87528,-0.116866,-19.8914,-1.90836,-24.0575,0.410851,-12.9701,-0.414769,-48.9242,18.1086,-25.4903,-1.98418
95,0.0095,1.06083,37.4808,0.222804,62.3262,-0.339073,-0.00679359,-0.0426854,-8.18395,-0.356275,-28.699,20.2151,-1.43204,-2.50274,16.7809,-0.135906,-95.3545,-0.127284,0.00338205,0.02125,0.478805,-0.49015,-16.7809,11.26,-5.32427,0.361313,11.9119,0.0862464,51.9684,-0.122503,-0.00291,-0.0182841,0.125304,0.148299,-11.9119,8.68021,4.03219,0.226633,8.78805,0.272464,105.712,-0.0892859,-0.00726564,-0.0456513,-8.78805,-0.0144233,-0.00623389,0.274893,-0.139967,-3.09068,-0.037917,0.058394,-0.394956,-0.123609,0.0592454,0.0446808,-4.87084,-0.115004,-19.8927,-1.91037,-24.0538,0.410982,-13.0927,-0.412884,-48.9867,18.1811,-25.4266,-2.04707
96,0.0096,1.072,37.5464,0.233698,69.4279,-0.339711,-0.00710297,-0.0446293,-8.30434,-0.3452,-28.7657,20.2973,-1.36546,-2.57022,16.7944,-0.129644,-90.9611,-0.127386,0.00322622,0.0202709,0.375743,-0.493834,-16.7944,11.2868,-5.29117,0.296297,11.9634,0.0904934,54.5275,-0.123033,-0.00305329,-0.0191844,0.108477,0.16461,-11.9634,8.73468,4.0651,0.224794,8.78856,0.272848,105.862,-0.089291,-0.00727589,-0.0457158,-8.78856,-0.0159767,-0.00783785,0.275867,-0.139383,-3.09131,-0.0423894,0.0609159,-0.391359,-0.125928,0.0572241,0.044838,-4.86774,-0.113428,-19.8924,-1.91241,-24.0502,0.411422,-13.2145,-0.397712,-49.0494,18.259,-25.3585,-2.11396
97,0.0097,1.08317,37.6097,0.241258,74.2328,-0.340322,-0.00732555,-0.0460278,-8.36382,-0.355789,-28.8303,20.3793,-1.30162,-2.59469,16.809,-0.126283,-88.6031,-0.127496,0.00314259,0.0197455,0.327805,-0.513949,-16.809,11.3163,-5.26108,0.272529,12.0118,0.0943027,56.8228,-0.12353,-0.00318182,-0.019992,0.0973668,0.175649,-12.0118,8.78602,4.0982,0.22468,8.78899,0.273239,106.013,-0.0892954,-0.00728631,-0.0457813,-8.78899,-0.0174897,-0.00961833,0.276908,-0.138743,-3.0919,-0.0469312,0.0627124,-0.388367,-0.127713,0.0548028,0.045426,-4.86686,-0.112223,-19.8912,-1.91431,-24.0483,0.412301,-13.2776,-0.405299,-49.1099,18.3372,-25.2951,-2.13696
98,0.0098,1.09433,37.6799,0.244217,75.9758,-0.340982,-0.00741846,-0.0466116,-8.39824,-0.384783,-28.9021,20.4663,-1.24142,-2.60813,16.832,-0.125822,-88.2796,-0.127671,0.00313112,0.0196734,0.287954,-0.540734,-16.832,11.3533,-5.23515,0.253732,12.0586,0.0964031,58.0884,-0.124012,-0.00325269,-0.0204373,0.103176,0.174902,-12.0586,8.835,4.13177,0.230602,8.78937,0.273636,106.167,-0.0892993,-0.00729689,-0.0458477,-8.78937,-0.0189508,-0.0115781,0.278017,-0.138048,-3.09246,-0.0509141,0.0639024,-0.387356,-0.129043,0.0514981,0.0463202,-4.86912,-0.111526,-19.8899,-1.91591,-24.0498,0.413702,-13.3183,-0.432406,-49.1793,18.4213,-25.2397,-2.1481
99,0.0099,1.1055,37.733,0.242352,74.4341,-0.341512,-0.00738239,-0.0463849,-8.3897,-0.447349,-28.9569,20.5427,-1.17746,-2.58928,16.8375,-0.129173,-90.6309,-0.127713,0.00321451,0.0201974,0.280084,-0.595077,-16.8375,11.3809,-5.20691,0.262638,12.1057,0.0974881,58.7422,-0.124496,-0.0032893,-0.0206673,0.119958,0.168081,-12.1057,8.88255,4.16674,0.241086,8.78974,0.274038,106.323,-0.089303,-0.00730761,-0.045915,-8.78974,-0.0203521,-0.013724,0.279197,-0.137296,-3.09301,-0.0541451,0.0645871,-0.387554,-0.13004,0.0481911,0.0473995,-4.87495,-0.111403,-19.8887,-1.91709,-24.0554,0.41566,-13.3188,-0.494165,-49.2332,18.4955,-25.1847,-2.12622
100,0.01,1.11667,37.7302,0.235595,69.6472,-0.341611,-0.00720759,-0.0452866,-8.3371,-0.544662,-28.9561,20.5838,-1.10264,-2.53696,16.7907,-0.135507,-95.0748,-0.127357,0.00337213,0.0211877,0.296806,-0.678323,-16.7907,11.3768,-5.16735,0.29532,12.1494,0.0966551,58.2402,-0.124946,-0.00326119,-0.0204907,0.15623,0.155351,-12.1494,8.92649,4.2012,0.261277,8.79014,0.274447,106.482,-0.089307,-0.00731853,-0.0459837,-8.79014,-0.0216907,-0.0160653,0.280451,-0.136485,-3.09355,-0.0570773,0.0649175,-0.388407,-0.130841,0.0448264,0.0485373,-4.88423,-0.111863,-19.8878,-1.9177,-24.0651,0.418071,-13.2784,-0.591608,-49.2324,18.5352,-25.1229,-2.07035
101,0.0101,1.12783,37.713,0.231114,66.3524,-0.341556,-0.00709855,-0.0446015,-8.32641,-0.60269,-28.9411,20.6203,-1.03746,-2.51834,16.7454,-0.140602,-98.6496,-0.127014,0.00349892,0.0219844,0.269471,-0.731618,-16.7454,11.3782,-5.1327,0.288449,12.1771,0.0968499,58.3576,-0.125231,-0.00326777,-0.020532,0.194716,0.151898,-12.1771,8.96031,4.23084,0.287323,8.79059,0.274866,106.644,-0.0893117,-0.0073297,-0.0460539,-8.79059,-0.0229694,-0.0186193,0.281788,-0.135609,-3.09411,-0.0600925,0.0653055,-0.390329,-0.131939,0.040519,0.0495888,-4.89626,-0.112879,-19.8871,-1.91753,-24.0779,0.420713,-13.2828,-0.650263,-49.2185,18.5708,-25.0749,-2.04804
102,0.0102,1.139,37.6865,0.225593,62.3119,-0.341406,-0.00696483,-0.0437613,-8.29226,-0.671599,-28.9168,20.6534,-0.981216,-2.47644,16.7,-0.146879,-103.054,-0.12667,0.00365512,0.0229658,0.256554,-0.80208,-16.7,11.3823,-5.10469,0.296157,12.1954,0.0971763,58.5543,-0.125419,-0.00327878,-0.0206012,0.242329,0.154655,-12.1954,8.98787,4.25814,0.322107,8.79114,0.275296,106.811,-0.0893173,-0.00734117,-0.0461259,-8.79114,-0.0241738,-0.0213931,0.283213,-0.134666,-3.0947,-0.0636488,0.0661263,-0.392924,-0.133619,0.0349823,0.0504257,-4.90997,-0.114345,-19.8864,-1.91662,-24.0927,0.423347,-13.2659,-0.719817,-49.1961,18.6032,-25.0389,-2.00267
103,0.0103,1.15017,37.6389,0.220749,58.7322,-0.341107,-0.00684878,-0.0430322,-8.25362,-0.733404,-28.8715,20.6722,-0.92026,-2.42998,16.6293,-0.152587,-107.059,-0.126133,0.00379717,0.0238583,0.237947,-0.869902,-16.6293,11.3709,-5.07471,0.299567,12.2178,0.0975965,58.8075,-0.12565,-0.00329296,-0.0206903,0.300255,0.161778,-12.2178,9.0165,4.2881,0.365776,8.79182,0.27574,106.983,-0.0893242,-0.00735299,-0.0462002,-8.79182,-0.0252805,-0.0243861,0.284726,-0.133659,-3.09533,-0.0679697,0.0675596,-0.394574,-0.13554,0.0292908,0.0509476,-4.92409,-0.116088,-19.8861,-1.91516,-24.1081,0.425741,-13.2457,-0.781932,-49.1521,18.6215,-24.9991,-1.9533
104,0.0104,1.16133,37.5888,0.216513,55.5287,-0.340794,-0.00675202,-0.0424242,-8.217,-0.782078,-28.8238,20.6875,-0.860978,-2.38391,16.5543,-0.158166,-110.973,-0.125565,0.00393601,0.0247307,0.209082,-0.931516,-16.5543,11.3568,-5.04809,0.293859,12.2418,0.0984813,59.3406,-0.125896,-0.00332281,-0.0208778,0.366594,0.175715,-12.2418,9.0444,4.31969,0.418229,8.79267,0.276198,107.161,-0.0893328,-0.00736522,-0.046277,-8.79267,-0.0262762,-0.0276044,0.286332,-0.132584,-3.096,-0.0731811,0.069768,-0.394901,-0.137787,0.023726,0.05103,-4.93774,-0.117931,-19.8863,-1.91344,-24.1236,0.427799,-13.2279,-0.83024,-49.1049,18.6363,-24.9608,-1.90509
105,0.0105,1.1725,37.5161,0.211071,51.3878,-0.340308,-0.00663295,-0.041676,-8.16624,-0.847977,-28.7534,20.6841,-0.799209,-2.31796,16.4575,-0.165834,-116.353,-0.12483,0.00412683,0.0259296,0.189422,-1.01844,-16.4575,11.3264,-5.01969,0.300823,12.2649,0.100231,60.3946,-0.126134,-0.00338183,-0.0212487,0.438072,0.197613,-12.2649,9.06969,4.35192,0.477966,8.79374,0.276675,107.346,-0.0893436,-0.00737794,-0.046357,-8.79374,-0.0271511,-0.0310608,0.288038,-0.131438,-3.09675,-0.0793393,0.0727933,-0.396361,-0.141392,0.0161661,0.0506524,-4.95019,-0.119707,-19.8871,-1.91172,-24.1382,0.429466,-13.1958,-0.894891,-49.0369,18.631,-24.9213,-1.83784
106,0.0106,1.18367,37.4065,0.204691,46.4934,-0.339536,-0.00649843,-0.0408308,-8.10794,-0.937244,-28.6462,20.6509,-0.731763,-2.23426,16.3258,-0.175353,-123.031,-0.123832,0.00436369,0.0274179,0.174598,-1.13711,-16.3258,11.2701,-4.98564,0.319733,12.2856,0.102869,61.9845,-0.126347,-0.00347086,-0.021808,0.512519,0.227759,-12.2856,9.0909,4.38409,0.543586,8.79506,0.277175,107.54,-0.0893571,-0.00739126,-0.0464407,-8.79506,-0.027892,-0.0347649,0.289851,-0.130216,-3.09758,-0.0858257,0.0764147,-0.399042,-0.14615,0.00702928,0.0497885,-4.96052,-0.121257,-19.8883,-1.91017,-24.1508,0.43065,-13.1543,-0.982086,-48.9336,18.5946,-24.8756,-1.75382
107,0.0107,1.19483,37.2418,0.197123,40.6784,-0.338332,-0.00634144,-0.0398444,-8.05713,-1.04793,-28.4838,20.5742,-0.654881,-2.14416,16.144,-0.18688,-131.119,-0.122452,0.00465055,0.0292203,0.15374,-1.28574,-16.144,11.1767,-4.94092,0.342196,12.3011,0.106302,64.0533,-0.126506,-0.0035867,-0.0225359,0.585826,0.266289,-12.3011,9.10566,4.41495,0.612154,8.79669,0.277701,107.744,-0.0893736,-0.00740528,-0.0465288,-8.79669,-0.0284872,-0.0387303,0.291779,-0.128912,-3.09851,-0.0918671,0.0804302,-0.398572,-0.150115,0.000831039,0.0483367,-4.96833,-0.122472,-19.8895,-1.9089,-24.1606,0.431365,-13.1173,-1.08998,-48.7718,18.5151,-24.8146,-1.66446
108,0.0108,1.206,37.0203,0.188761,34.2523,-0.336679,-0.00616868,-0.038759,-8.02239,-1.17603,-28.2646,20.4524,-0.571862,-2.05521,15.9123,-0.199678,-140.099,-0.120696,0.00496904,0.0312214,0.123299,-1.45945,-15.9123,11.0464,-4.88786,0.364861,12.3093,0.110182,66.3911,-0.12659,-0.00371761,-0.0233584,0.652982,0.312345,-12.3093,9.11215,4.44351,0.679495,8.79868,0.278257,107.96,-0.0893938,-0.00742012,-0.046622,-8.79868,-0.0289267,-0.0429775,0.293835,-0.127515,-3.09957,-0.0979099,0.0847159,-0.393814,-0.1527,-0.00185416,0.046604,-4.97371,-0.123316,-19.8901,-1.90793,-24.1672,0.431706,-13.094,-1.21463,-48.5486,18.3917,-24.7409,-1.5769
109,0.0109,1.21717,36.7485,0.182847,29.5353,-0.334622,-0.00605668,-0.0380552,-8.02915,-1.26209,-27.995,20.2897,-0.485324,-2.00289,15.6387,-0.210037,-147.367,-0.11862,0.00522683,0.0328411,0.0634279,-1.59675,-15.6387,10.8846,-4.82833,0.357349,12.3087,0.114034,68.7122,-0.126584,-0.00384758,-0.024175,0.708473,0.363866,-12.3087,9.10913,4.46901,0.740529,8.80106,0.27885,108.19,-0.089418,-0.00743593,-0.0467213,-8.80106,-0.0292028,-0.0475348,0.296033,-0.126012,-3.10077,-0.104829,0.0890726,-0.387408,-0.154739,-0.00414348,0.0451369,-4.977,-0.123796,-19.8904,-1.9073,-24.1711,0.43179,-13.111,-1.29682,-48.2728,18.2277,-24.6606,-1.52596
110,0.011,1.22833,36.4847,0.18834,32.8592,-0.332603,-0.00622407,-0.039107,-8.08929,-1.18952,-27.7333,20.1275,-0.408099,-2.02682,15.3817,-0.208518,-146.301,-0.116671,0.00518902,0.0326036,-0.033038,-1.57804,-15.3817,10.7329,-4.77476,0.284897,12.2991,0.117371,70.7227,-0.126485,-0.00396016,-0.0248824,0.747629,0.417834,-12.2991,9.09627,4.49104,0.790423,8.80388,0.279487,108.437,-0.0894467,-0.00745293,-0.0468281,-8.80388,-0.029308,-0.0524393,0.298396,-0.124386,-3.10214,-0.11245,0.0932181,-0.384222,-0.157841,-0.00980308,0.0441456,-4.97884,-0.123951,-19.8904,-1.90704,-24.1732,0.431787,-13.1806,-1.22025,-48.0079,18.0627,-24.5911,-1.55089
111,0.0111,1.2395,36.3432,0.214764,50.9475,-0.331489,-0.00690379,-0.0433778,-8.16818,-0.884788,-27.5938,20.0469,-0.368704,-2.11926,15.2552,-0.18515,-129.905,-0.115711,0.0046075,0.0289498,-0.12944,-1.32675,-15.2552,10.6721,-4.7555,0.158194,12.2808,0.119736,72.1476,-0.126297,-0.00403994,-0.0253837,0.768466,0.471199,-12.2808,9.07391,4.50941,0.826248,8.80721,0.280178,108.705,-0.0894805,-0.00747135,-0.0469439,-8.80721,-0.029232,-0.0577357,0.300946,-0.122613,-3.1037,-0.120074,0.0967953,-0.39058,-0.164042,-0.0234328,0.0437095,-4.97969,-0.123834,-19.89,-1.90709,-24.1738,0.431793,-13.2679,-0.911826,-47.8744,17.9758,-24.566,-1.64376
112,0.0112,1.25067,36.361,0.245401,72.0953,-0.331561,-0.00767748,-0.048239,-8.2322,-0.517281,-27.6134,20.0718,-0.376908,-2.21956,15.2962,-0.15639,-109.727,-0.116022,0.0038918,0.0244529,-0.192182,-1.00971,-15.2962,10.7259,-4.77996,0.0390277,12.2537,0.120858,72.8237,-0.126019,-0.0040778,-0.0256216,0.771078,0.521391,-12.2537,9.04216,4.52372,0.846895,8.8111,0.280933,108.998,-0.08952,-0.00749148,-0.0470703,-8.8111,-0.0289627,-0.0634778,0.303713,-0.12067,-3.10548,-0.127644,0.0994961,-0.405302,-0.172552,-0.0444538,0.0441055,-4.97936,-0.123498,-19.8894,-1.90739,-24.1729,0.431718,-13.3392,-0.541283,-47.9081,17.9919,-24.5943,-1.74373
113,0.0113,1.26183,36.4439,0.24584,72.1491,-0.332106,-0.00768939,-0.0483138,-8.31686,-0.475953,-27.698,20.1295,-0.40871,-2.26113,15.4096,-0.156722,-109.96,-0.116882,0.00390007,0.0245049,-0.257829,-1.01384,-15.4096,10.8209,-4.82413,-0.00612259,12.2186,0.120799,72.7885,-0.125658,-0.00407583,-0.0256092,0.756595,0.566367,-12.2186,9.00187,4.53395,0.8525,8.81562,0.281763,109.32,-0.089566,-0.00751363,-0.0472095,-8.81562,-0.0284808,-0.0697272,0.306731,-0.118525,-3.10751,-0.133031,0.100935,-0.413178,-0.17707,-0.0580744,0.0448553,-4.97768,-0.123003,-19.8887,-1.90791,-24.1705,0.431476,-13.4276,-0.498021,-47.9999,18.0445,-24.6373,-1.7848
114,0.0114,1.273,36.5784,0.249396,74.465,-0.333027,-0.00776964,-0.0488181,-8.41022,-0.374082,-27.8341,20.221,-0.461648,-2.32957,15.5806,-0.152974,-107.33,-0.118179,0.00380681,0.0239189,-0.317222,-0.951423,-15.5806,10.9566,-4.88579,-0.0645807,12.1769,0.119686,72.1174,-0.125229,-0.00403825,-0.0253731,0.72788,0.605103,-12.1769,8.95437,4.54029,0.844842,8.82088,0.282685,109.678,-0.0896194,-0.0075382,-0.0473639,-8.82088,-0.0277613,-0.0765547,0.310039,-0.116147,-3.10983,-0.135357,0.101482,-0.408907,-0.175874,-0.0581222,0.0452429,-4.97613,-0.12244,-19.8874,-1.90837,-24.1675,0.431408,-13.5217,-0.39504,-48.1304,18.1368,-24.6873,-1.85292
115,0.0115,1.28417,36.6968,0.254611,77.9947,-0.333815,-0.00788397,-0.0495365,-8.49829,-0.239358,-27.9538,20.2986,-0.516555,-2.40738,15.7396,-0.146837,-103.024,-0.119385,0.00365407,0.0229592,-0.35997,-0.850186,-15.7396,11.0837,-4.94613,-0.121653,12.1302,0.117735,70.9418,-0.124748,-0.00397243,-0.0249595,0.68865,0.637599,-12.1302,8.90123,4.54307,0.826752,8.82697,0.283713,110.077,-0.0896812,-0.00756562,-0.0475362,-8.82697,-0.0267721,-0.0840376,0.31368,-0.113497,-3.11248,-0.138069,0.101802,-0.404132,-0.174234,-0.0576248,0.0459726,-4.97622,-0.121924,-19.8852,-1.90863,-24.1657,0.431854,-13.6126,-0.259481,-48.2432,18.2158,-24.7399,-1.92956
116,0.0116,1.29533,36.7266,0.250928,75.2914,-0.333924,-0.00777275,-0.0488376,-8.60599,-0.178423,-27.9848,20.3071,-0.554785,-2.48709,15.8123,-0.149229,-104.702,-0.119936,0.0037136,0.0233332,-0.415335,-0.817721,-15.8123,11.1452,-4.98701,-0.173612,12.0803,0.115291,69.4694,-0.124235,-0.00388998,-0.0244414,0.643365,0.66477,-12.0803,8.84419,4.54276,0.802035,8.83402,0.284866,110.524,-0.0897529,-0.00759637,-0.0477294,-8.83402,-0.0254718,-0.0922606,0.3177,-0.110533,-3.11551,-0.141951,0.10204,-0.402267,-0.173707,-0.0604377,0.047239,-4.97868,-0.121573,-19.8831,-1.90876,-24.1665,0.432914,-13.7266,-0.197956,-48.2702,18.2246,-24.7817,-2.00694
117,0.0117,1.3065,36.8078,0.246326,71.908,-0.334421,-0.00763793,-0.0479905,-8.72175,-0.140893,-28.0669,20.3485,-0.608605,-2.56872,15.9373,-0.152577,-107.052,-0.120885,0.00379692,0.0238568,-0.474786,-0.804177,-15.9373,11.2419,-5.04102,-0.223206,12.0283,0.112739,67.9317,-0.1237,-0.00380387,-0.0239004,0.595207,0.687094,-12.0283,8.78445,4.53962,0.77348,8.84218,0.286164,111.028,-0.0898358,-0.00763098,-0.0479469,-8.84218,-0.0238096,-0.101316,0.322152,-0.107208,-3.11899,-0.146455,0.10234,-0.403451,-0.174545,-0.0662739,0.048708,-4.98399,-0.121511,-19.8818,-1.90877,-24.1712,0.434608,-13.8522,-0.160064,-48.3522,18.2652,-24.8461,-2.0854
118,0.0118,1.31767,36.8607,0.239464,66.877,-0.3347,-0.00744801,-0.0467972,-8.85325,-0.133672,-28.1204,20.3659,-0.657481,-2.65638,16.0352,-0.158448,-111.17,-0.121627,0.00394301,0.0247747,-0.5478,-0.816952,-16.0352,11.3167,-5.08742,-0.276245,11.9739,0.110282,66.451,-0.123141,-0.00372096,-0.0233795,0.546155,0.705007,-11.9739,8.72202,4.53341,0.742837,8.85161,0.28763,111.596,-0.0899316,-0.00767006,-0.0481924,-8.85161,-0.0217268,-0.111303,0.327091,-0.103468,-3.12297,-0.151295,0.102912,-0.407513,-0.176896,-0.0747081,0.0500348,-4.99252,-0.121861,-19.8818,-1.90863,-24.1808,0.43688,-13.9971,-0.15262,-48.4097,18.2803,-24.913,-2.16946
119,0.0119,1.32883,36.8944,0.232105,61.4241,-0.334829,-0.00724733,-0.0455363,-8.99017,-0.121824,-28.1542,20.3666,-0.703522,-2.75186,16.1151,-0.165146,-115.87,-0.122233,0.0041097,0.025822,-0.62522,-0.822049,-16.1151,11.3771,-5.12806,-0.335725,11.9168,0.107965,65.0551,-0.122554,-0.00364279,-0.0228884,0.497525,0.719376,-11.9168,8.65688,4.5238,0.711382,8.86248,0.289286,112.239,-0.090042,-0.00771424,-0.04847,-8.86248,-0.0191515,-0.122316,0.332574,-0.0992575,-3.12752,-0.156458,0.10394,-0.414852,-0.180989,-0.0860103,0.0510016,-5.00433,-0.122741,-19.8837,-1.90817,-24.1957,0.439529,-14.151,-0.140626,-48.4528,18.2774,-24.9852,-2.26133
120,0.012,1.34,36.9063,0.224728,55.8762,-0.334788,-0.00704784,-0.0442829,-9.12825,-0.0992647,-28.1658,20.3491,-0.746494,-2.8532,16.1751,-0.172223,-120.836,-0.122688,0.00428581,0.0269286,-0.702983,-0.814081,-16.1751,11.4219,-5.16221,-0.400101,11.8563,0.105793,63.7465,-0.121931,-0.00356952,-0.022428,0.449684,0.730822,-11.8563,8.5886,4.51024,0.679598,8.87495,0.291158,112.965,-0.0901687,-0.00776414,-0.0487835,-8.87495,-0.0160061,-0.134436,0.338651,-0.0945213,-3.13269,-0.161411,0.105384,-0.422919,-0.185605,-0.0974916,0.0514427,-5.01869,-0.124198,-19.8873,-1.90716,-24.215,0.442165,-14.3083,-0.118078,-48.476,18.2564,-25.059,-2.35959
121,0.0121,1.35117,36.9012,0.217053,50.0343,-0.334611,-0.00684243,-0.0429923,-9.27092,-0.0736153,-28.1598,20.3171,-0.787889,-2.96062,16.2205,-0.179951,-126.258,-0.123033,0.00447813,0.0281369,-0.784036,-0.800639,-16.2205,11.4548,-5.19099,-0.469235,11.7915,0.103741,62.5099,-0.121265,-0.00350028,-0.0219929,0.402225,0.739231,-11.7915,8.51687,4.49231,0.647131,8.88911,0.293263,113.782,-0.0903126,-0.00782029,-0.0491363,-8.88911,-0.012208,-0.147713,0.345358,-0.0892093,-3.13852,-0.164662,0.107035,-0.424637,-0.187664,-0.101782,0.0510136,-5.03419,-0.126085,-19.8915,-1.90542,-24.2362,0.444495,-14.4698,-0.0926654,-48.476,18.224,-25.1259,-2.46511
122,0.0122,1.36233,36.8748,0.21029,44.735,-0.334262,-0.00666207,-0.041859,-9.41132,-0.0417183,-28.132,20.2675,-0.827907,-3.0682,16.2488,-0.187226,-131.362,-0.123247,0.00465916,0.0292744,-0.86227,-0.779959,-16.2488,11.4738,-5.21396,-0.538302,11.7211,0.101905,61.4036,-0.120541,-0.00343833,-0.0216036,0.35586,0.745917,-11.7211,8.441,4.46936,0.615042,8.90491,0.295611,114.693,-0.0904731,-0.0078829,-0.0495297,-8.90491,-0.00767611,-0.162107,0.352687,-0.0833017,-3.14494,-0.166707,0.108922,-0.417388,-0.186312,-0.0974587,0.0499091,-5.04907,-0.128095,-19.8954,-1.90328,-24.2563,0.446431,-14.6271,-0.0608917,-48.4448,18.1779,-25.1816,-2.57186
123,0.0123,1.3735,36.8302,0.205886,40.9437,-0.333772,-0.00654761,-0.0411398,-9.54054,0.00487606,-28.0856,20.2034,-0.865129,-3.1668,16.2595,-0.193137,-135.509,-0.123329,0.00480626,0.0301986,-0.931991,-0.749799,-16.2595,11.4787,-5.23107,-0.603122,11.6486,0.100841,60.7625,-0.119796,-0.00340243,-0.0213781,0.313487,0.75703,-11.6486,8.36413,4.44278,0.588094,8.92204,0.298182,115.69,-0.0906471,-0.00795144,-0.0499604,-8.92204,-0.00235428,-0.177411,0.360545,-0.0768434,-3.15177,-0.167688,0.111125,-0.399023,-0.181017,-0.082876,0.0481192,-5.0619,-0.129957,-19.8986,-1.9013,-24.2735,0.447913,-14.7701,-0.0139563,-48.3833,18.121,-25.2215,-2.67077
124,0.0124,1.38467,36.7902,0.205404,39.741,-0.333347,-0.0065418,-0.0411033,-9.64069,0.0857274,-28.0436,20.1422,-0.897817,-3.24414,16.2638,-0.19648,-137.855,-0.123362,0.00488946,0.0307214,-0.977139,-0.697403,-16.2638,11.4776,-5.24583,-0.655372,11.5867,0.100993,60.8543,-0.119159,-0.00340757,-0.0214104,0.276098,0.779397,-11.5867,8.29599,4.41804,0.569833,8.93965,0.300891,116.742,-0.0908261,-0.0080237,-0.0504144,-8.93965,0.00373355,-0.193041,0.368644,-0.0700324,-3.1586,-0.167742,0.114028,-0.373641,-0.173849,-0.0610563,0.0453384,-5.07262,-0.131513,-19.9009,-1.89962,-24.2875,0.449083,-14.8811,0.068242,-48.3181,18.0687,-25.2464,-2.74972
125,0.0125,1.39583,36.7576,0.209856,41.9345,-0.333033,-0.00666693,-0.0418896,-9.69782,0.196573,-28.0092,20.0859,-0.920396,-3.2906,16.2553,-0.195742,-137.337,-0.123297,0.00487109,0.0306059,-0.98153,-0.623362,-16.2553,11.465,-5.25717,-0.681963,11.5464,0.102087,61.5133,-0.118744,-0.00344447,-0.0216423,0.23968,0.809515,-11.5464,8.24456,4.40019,0.555927,8.95597,0.303511,117.758,-0.0909919,-0.00809355,-0.0508533,-8.95597,0.0104204,-0.207611,0.376271,-0.0634103,-3.16457,-0.168752,0.117489,-0.353238,-0.169293,-0.0442515,0.0424426,-5.08091,-0.132662,-19.9024,-1.89835,-24.2981,0.44994,-14.9475,0.181399,-48.2648,18.0182,-25.2628,-2.79822
126,0.0126,1.407,36.7335,0.217044,46.1664,-0.332826,-0.00686554,-0.0431375,-9.7178,0.335646,-27.9839,20.0376,-0.93444,-3.31213,16.2396,-0.192388,-134.984,-0.123178,0.00478763,0.0300816,-0.952246,-0.529259,-16.2396,11.4469,-5.26534,-0.688824,11.5262,0.103909,62.6113,-0.118537,-0.00350596,-0.0220286,0.202168,0.847353,-11.5262,8.20881,4.38911,0.544701,8.96772,0.305523,118.539,-0.0911113,-0.00814722,-0.0511905,-8.96772,0.0175519,-0.218144,0.381866,-0.0582087,-3.168,-0.170095,0.120659,-0.342145,-0.168113,-0.0361708,0.0399705,-5.08584,-0.133336,-19.9037,-1.89765,-24.3048,0.450277,-14.9737,0.322969,-48.2298,17.9718,-25.2755,-2.82188
127,0.0127,1.41817,36.6881,0.219415,47.5431,-0.332511,-0.00692975,-0.0435409,-9.74085,0.454235,-27.938,19.9712,-0.928391,-3.34261,16.1829,-0.191227,-134.169,-0.122748,0.00475873,0.0299,-0.9253,-0.443269,-16.1829,11.3942,-5.26081,-0.696864,11.5341,0.104341,62.8713,-0.118618,-0.00352051,-0.02212,0.15553,0.872203,-11.5341,8.19351,4.38844,0.521089,8.97108,0.306302,118.841,-0.0911454,-0.00816797,-0.0513209,-8.97108,0.0253017,-0.220997,0.383518,-0.0560169,-3.16683,-0.172296,0.12298,-0.34368,-0.170929,-0.0406449,0.0386611,-5.08702,-0.133516,-19.9049,-1.89752,-24.3072,0.450019,-15.0002,0.443699,-48.1866,17.9028,-25.2763,-2.85393
128,0.0128,1.42933,36.6153,0.21656,46.1596,-0.331952,-0.00681704,-0.0428327,-9.74718,0.502305,-27.8657,19.8836,-0.923554,-3.39099,16.1128,-0.188959,-132.578,-0.122216,0.0047023,0.0295454,-0.877329,-0.358421,-16.1128,11.3294,-5.2506,-0.688638,11.5371,0.0997409,60.0997,-0.118649,-0.00336531,-0.0211449,0.0954544,0.82744,-11.5371,8.17323,4.38424,0.458464,8.96531,0.305778,118.638,-0.0910867,-0.00815402,-0.0512332,-8.96531,0.0332856,-0.215702,0.381002,-0.0571959,-3.16082,-0.176401,0.124896,-0.355302,-0.177005,-0.0560127,0.0385466,-5.0861,-0.133282,-19.9049,-1.89766,-24.3063,0.44958,-15.0097,0.493919,-48.1259,17.809,-25.2858,-2.90287
129,0.0129,1.4405,36.5577,0.209495,42.5405,-0.331552,-0.00655908,-0.0412119,-9.72918,0.504644,-27.8093,19.808,-0.910696,-3.44043,16.042,-0.185609,-130.227,-0.121679,0.00461892,0.0290215,-0.808414,-0.27732,-16.042,11.264,-5.23751,-0.663371,11.5627,0.0907515,54.683,-0.118912,-0.00306201,-0.0192391,0.0321625,0.74151,-11.5627,8.16841,4.38772,0.37468,8.95293,0.304352,118.085,-0.090961,-0.00811599,-0.0509943,-8.95293,0.0404538,-0.204615,0.375562,-0.06091,-3.15173,-0.180333,0.126414,-0.366693,-0.182293,-0.0709914,0.0387926,-5.08425,-0.132735,-19.9038,-1.89796,-24.3032,0.449222,-14.9938,0.498324,-48.0799,17.7278,-25.2849,-2.95241
130,0.013,1.45167,36.3653,0.192062,32.8465,-0.329759,-0.0059491,-0.0373793,-9.68464,0.326728,-27.6186,19.6345,-0.959733,-3.53874,15.9744,-0.181608,-127.42,-0.121166,0.00451935,0.0283959,-0.728944,-0.205979,-15.9744,11.2008,-5.22277,-0.626837,11.4541,0.071248,42.931,-0.117795,-0.00240394,-0.0151044,-0.0188475,0.486405,-11.4541,8.06527,4.32925,0.229402,8.93685,0.302421,117.335,-0.0907977,-0.0080645,-0.0506708,-8.93685,0.0463024,-0.190165,0.368458,-0.0662151,-3.14131,-0.182645,0.126978,-0.376732,-0.18591,-0.0834691,0.0393143,-5.08152,-0.131966,-19.9023,-1.89851,-24.2988,0.448892,-14.9488,0.32174,-47.8976,17.5501,-25.342,-3.05054
131,0.0131,1.46283,36.1803,0.185235,29.6478,-0.32802,-0.00569244,-0.0357667,-9.60215,0.247768,-27.4351,19.4736,-1.00775,-3.55659,15.9145,-0.176948,-124.151,-0.120712,0.0044034,0.0276674,-0.647216,-0.147112,-15.9145,11.1438,-5.20773,-0.583971,11.3463,0.0618739,37.2826,-0.116687,-0.00208766,-0.0131172,-0.035436,0.344131,-11.3463,7.96911,4.27226,0.158224,8.9195,0.30031,116.516,-0.0906214,-0.00800819,-0.0503169,-8.9195,0.0507484,-0.174354,0.360718,-0.0722801,-3.13084,-0.184618,0.126654,-0.391665,-0.190572,-0.100053,0.0405111,-5.07847,-0.131087,-19.9007,-1.89931,-24.2939,0.448651,-14.8652,0.243334,-47.7275,17.3837,-25.4017,-3.06743
132,0.0132,1.474,35.9885,0.183577,29.5648,-0.326162,-0.00560865,-0.0352402,-9.50253,0.217293,-27.2445,19.3128,-1.07113,-3.5315,15.8728,-0.172159,-120.791,-0.120396,0.00428423,0.0269186,-0.561728,-0.101045,-15.8728,11.0999,-5.19624,-0.53414,11.213,0.0574848,34.6379,-0.115316,-0.00193957,-0.0121867,-0.0380711,0.264434,-11.213,7.8598,4.20356,0.123896,8.90273,0.298252,115.718,-0.090451,-0.00795332,-0.0499722,-8.90273,0.0539051,-0.158668,0.353097,-0.0784452,-3.12125,-0.189622,0.126384,-0.409806,-0.196978,-0.122305,0.0427992,-5.07652,-0.130241,-19.8996,-1.90033,-24.2908,0.448763,-14.7687,0.213437,-47.5538,17.2155,-25.4842,-3.03993
133,0.0133,1.48517,35.8025,0.186859,32.3774,-0.324343,-0.00569425,-0.035778,-9.40072,0.228411,-27.059,19.1611,-1.13569,-3.47662,15.8387,-0.167814,-117.742,-0.120137,0.0041761,0.0262392,-0.475838,-0.0676897,-15.8387,11.0626,-5.18485,-0.48031,11.0763,0.0583069,35.1332,-0.11391,-0.0019673,-0.0123609,-0.0373943,0.240095,-11.0763,7.75254,4.13348,0.116617,8.88749,0.296367,114.986,-0.0902961,-0.00790305,-0.0496563,-8.88749,0.0560056,-0.143895,0.345988,-0.08433,-3.11293,-0.199913,0.126748,-0.425146,-0.20362,-0.147314,0.0465296,-5.07653,-0.129557,-19.8993,-1.90149,-24.2906,0.449335,-14.6772,0.225601,-47.3834,17.056,-25.5737,-2.98076
134,0.0134,1.49633,35.6835,0.193938,37.3677,-0.323194,-0.00591221,-0.0371475,-9.33448,0.314332,-26.9398,19.0618,-1.17531,-3.40827,15.8117,-0.16412,-115.15,-0.119932,0.00408416,0.0256616,-0.401157,-0.0465322,-15.8117,11.032,-5.17335,-0.431019,10.9978,0.0633648,38.1809,-0.113103,-0.00213796,-0.0134332,-0.0592656,0.303565,-10.9978,7.69036,4.08782,0.12866,8.87406,0.294693,114.337,-0.0901597,-0.00785841,-0.0493759,-8.87406,0.0572991,-0.130314,0.339521,-0.0897771,-3.10591,-0.20838,0.126904,-0.4362,-0.208703,-0.166903,0.0496951,-5.07713,-0.1291,-19.898,-1.9023,-24.2903,0.449959,-14.62,0.312137,-47.274,16.9508,-25.6325,-2.90861
135,0.0135,1.5075,35.6283,0.196282,39.4457,-0.322673,-0.0059703,-0.0375125,-9.273,0.318259,-26.8838,19.0068,-1.1959,-3.37027,15.7951,-0.160576,-112.664,-0.119806,0.00399599,0.0251075,-0.339448,-0.0350061,-15.7951,11.01,-5.16327,-0.387849,10.9708,0.0636308,38.3412,-0.112825,-0.00214694,-0.0134896,-0.0711499,0.295284,-10.9708,7.66307,4.06212,0.117649,8.8624,0.293228,113.769,-0.0900412,-0.00781935,-0.0491304,-8.8624,0.0579809,-0.117943,0.333699,-0.0947475,-3.10007,-0.214136,0.12727,-0.43761,-0.210423,-0.174918,0.0515913,-5.08,-0.129038,-19.8959,-1.9025,-24.2916,0.45093,-14.5671,0.316491,-47.2174,16.8939,-25.6624,-2.86775
136,0.0136,1.51867,35.55,0.197409,40.701,-0.321882,-0.00599033,-0.0376384,-9.22217,0.305952,-26.8043,18.9392,-1.23296,-3.34218,15.79,-0.157525,-110.523,-0.119768,0.00392005,0.0246304,-0.291764,-0.0300224,-15.79,10.998,-5.15529,-0.352893,10.9076,0.0629825,37.9506,-0.112175,-0.00212506,-0.0133522,-0.0780666,0.277787,-10.9076,7.61265,4.02159,0.10597,8.85234,0.291952,113.273,-0.089939,-0.00778532,-0.0489166,-8.85234,0.0581873,-0.106694,0.328468,-0.0992581,-3.09525,-0.223473,0.128693,-0.431139,-0.210396,-0.179196,0.0539486,-5.0874,-0.12959,-19.8949,-1.90217,-24.2989,0.452612,-14.533,0.305054,-47.1303,16.8266,-25.7111,-2.83561
137,0.0137,1.52983,35.5098,0.197786,41.3954,-0.321419,-0.00599039,-0.0376387,-9.1815,0.298358,-26.7626,18.9019,-1.27159,-3.31547,15.8089,-0.15521,-108.899,-0.119911,0.00386243,0.0242684,-0.244946,-0.0320608,-15.8089,11.0046,-5.15409,-0.316984,10.8573,0.062154,37.4514,-0.111658,-0.00209711,-0.0131765,-0.0928959,0.272406,-10.8573,7.57361,3.98585,0.0928164,8.84366,0.290842,112.843,-0.0898508,-0.00775571,-0.0487306,-8.84366,0.0580119,-0.0964483,0.323761,-0.103344,-3.0913,-0.237776,0.131281,-0.413088,-0.207113,-0.178913,0.0572417,-5.09948,-0.130896,-19.8956,-1.90108,-24.3131,0.454859,-14.5188,0.298742,-47.0713,16.7937,-25.7636,-2.80337
138,0.0138,1.541,35.5196,0.196032,40.727,-0.321407,-0.00592192,-0.0372085,-9.13448,0.260492,-26.7705,18.9026,-1.30752,-3.29209,15.851,-0.153387,-107.62,-0.12023,0.00381707,0.0239833,-0.200455,-0.0413598,-15.851,11.0299,-5.15994,-0.280825,10.8324,0.0595453,35.8794,-0.111402,-0.00200909,-0.0126235,-0.0978525,0.244331,-10.8324,7.55315,3.95947,0.0768277,8.83617,0.289874,112.467,-0.0897748,-0.0077299,-0.0485684,-8.83617,0.0575215,-0.0870881,0.319513,-0.107044,-3.08809,-0.247733,0.133017,-0.404622,-0.206163,-0.182319,0.059565,-5.11399,-0.132878,-19.8969,-1.89872,-24.3304,0.457086,-14.4962,0.260631,-47.072,16.7977,-25.8202,-2.77544
139,0.0139,1.55217,35.5826,0.202643,45.0849,-0.321877,-0.00613379,-0.0385398,-9.13441,0.29129,-26.8314,18.945,-1.33647,-3.2672,15.9172,-0.151445,-106.257,-0.120732,0.00376875,0.0236797,-0.171661,-0.0534561,-15.9172,11.0742,-5.17307,-0.254673,10.8357,0.0650627,39.204,-0.111435,-0.00219525,-0.0137932,-0.133068,0.287988,-10.8357,7.55516,3.947,0.072963,8.82968,0.289026,112.138,-0.0897088,-0.00770729,-0.0484263,-8.82968,0.0567588,-0.078504,0.315662,-0.110398,-3.08549,-0.255315,0.134453,-0.408871,-0.209194,-0.193617,0.0611868,-5.13068,-0.135261,-19.8992,-1.89541,-24.351,0.459465,-14.5204,0.290482,-47.1395,16.8404,-25.8811,-2.74655
140,0.014,1.56333,35.6366,0.21056,50.0951,-0.322297,-0.00639876,-0.0402046,-9.15453,0.33829,-26.8832,18.9869,-1.35722,-3.24586,15.9677,-0.150616,-105.676,-0.121115,0.00374812,0.0235501,-0.140302,-0.0708262,-15.9677,11.1114,-5.18189,-0.226102,10.8449,0.0728865,43.9183,-0.11153,-0.00245923,-0.0154518,-0.190219,0.353335,-10.8449,7.56326,3.9381,0.0636209,8.82401,0.28829,111.853,-0.0896512,-0.00768766,-0.048303,-8.82401,0.0557812,-0.0706413,0.31218,-0.113429,-3.08338,-0.267256,0.137089,-0.417933,-0.214989,-0.213368,0.0634443,-5.14882,-0.13767,-19.9032,-1.89224,-24.3747,0.46221,-14.5706,0.337709,-47.2043,16.8796,-25.9453,-2.72021
141,0.0141,1.5745,35.6934,0.221098,56.5709,-0.322776,-0.00676,-0.0424743,-9.19616,0.402061,-26.9377,19.0354,-1.36834,-3.22551,16.0067,-0.150741,-105.763,-0.121411,0.00375124,0.0235697,-0.100659,-0.0963898,-16.0067,11.1441,-5.18864,-0.189977,10.8677,0.0841941,50.7318,-0.111764,-0.00284075,-0.017849,-0.276484,0.44384,-10.8677,7.58228,3.93647,0.0461519,8.81902,0.287645,111.603,-0.0896005,-0.00767048,-0.0481951,-8.81902,0.0546105,-0.0634101,0.309015,-0.116171,-3.08169,-0.282196,0.14065,-0.428258,-0.222356,-0.237217,0.0660067,-5.16599,-0.139818,-19.9092,-1.8903,-24.3993,0.464952,-14.6443,0.402893,-47.2752,16.9227,-26.0049,-2.69455
142,0.0142,1.58567,35.7763,0.227427,60.4382,-0.323579,-0.00698351,-0.0438787,-9.21607,0.408098,-27.0184,19.1034,-1.35697,-3.21032,16.0251,-0.151417,-106.238,-0.12155,0.00376806,0.0236754,-0.0574833,-0.127971,-16.0251,11.1662,-5.19143,-0.149948,10.9366,0.0917621,55.292,-0.112474,-0.0030961,-0.0194534,-0.344023,0.482802,-10.9366,7.631,3.95311,0.0199504,8.81456,0.287082,111.384,-0.0895552,-0.00765547,-0.0481007,-8.81456,0.0532665,-0.0567447,0.306133,-0.118655,-3.08032,-0.28845,0.143818,-0.438477,-0.229226,-0.251826,0.0654156,-5.17922,-0.141472,-19.9155,-1.88953,-24.4199,0.467022,-14.6837,0.410443,-47.3724,16.9846,-26.0287,-2.67788
143,0.0143,1.59683,35.8236,0.231789,63.2899,-0.324079,-0.00712371,-0.0447596,-9.23085,0.386462,-27.0637,19.1513,-1.34736,-3.21215,16.0206,-0.150235,-105.408,-0.121517,0.00373863,0.0234905,-0.0340824,-0.146397,-16.0206,11.1769,-5.19021,-0.126275,10.9925,0.0954361,57.5057,-0.113048,-0.00322006,-0.0202323,-0.386213,0.481099,-10.9925,7.67084,3.96375,-0.00664805,8.81056,0.286588,111.192,-0.0895145,-0.00764228,-0.0480179,-8.81056,0.0517596,-0.0505827,0.303498,-0.120909,-3.07922,-0.285538,0.147199,-0.437827,-0.231861,-0.247511,0.060932,-5.18819,-0.142542,-19.9197,-1.88922,-24.4338,0.468329,-14.7046,0.391119,-47.4211,17.0302,-26.0287,-2.68289
144,0.0144,1.608,35.8552,0.24081,69.1873,-0.324425,-0.00739821,-0.0464843,-9.27973,0.392531,-27.0931,19.1923,-1.34329,-3.2315,16.0127,-0.146514,-102.798,-0.121456,0.00364605,0.0229088,-0.0230917,-0.153085,-16.0127,11.1873,-5.19093,-0.112635,11.0356,0.10117,60.961,-0.113491,-0.00341354,-0.0214479,-0.449735,0.495512,-11.0356,7.70384,3.9706,-0.0405094,8.8069,0.286154,111.024,-0.0894774,-0.00763072,-0.0479452,-8.8069,0.0501033,-0.0448792,0.301089,-0.122954,-3.07835,-0.284832,0.15084,-0.433226,-0.233291,-0.242706,0.0570899,-5.19247,-0.142995,-19.9216,-1.88911,-24.4404,0.46876,-14.757,0.400376,-47.4479,17.0699,-26.0264,-2.70565
145,0.0145,1.61917,35.8711,0.248145,74.0707,-0.324581,-0.00761423,-0.0478416,-9.30625,0.369185,-27.1072,19.223,-1.35528,-3.24284,16.0161,-0.142657,-100.091,-0.121482,0.00355006,0.0223057,-0.00715113,-0.166121,-16.0161,11.2048,-5.19743,-0.0932986,11.0515,0.105028,63.2856,-0.113655,-0.00354371,-0.0222658,-0.495559,0.486998,-11.0515,7.71923,3.96696,-0.0718803,8.80353,0.285774,110.876,-0.0894432,-0.00762058,-0.0478815,-8.80353,0.048308,-0.0395977,0.298883,-0.124809,-3.07766,-0.289586,0.154383,-0.441372,-0.239422,-0.254766,0.0555858,-5.19344,-0.142898,-19.9223,-1.88929,-24.4421,0.468679,-14.7893,0.38067,-47.4708,17.0943,-26.0522,-2.71857
146,0.0146,1.63033,35.899,0.252795,77.1176,-0.324838,-0.00775784,-0.048744,-9.31144,0.317478,-27.1333,19.2608,-1.36921,-3.24103,16.0267,-0.140896,-98.8556,-0.121563,0.00350623,0.0220303,0.0183255,-0.195077,-16.0267,11.226,-5.20819,-0.0641392,11.0718,0.108247,65.2251,-0.113864,-0.00365232,-0.0229482,-0.529364,0.46616,-11.0718,7.73802,3.96546,-0.0997793,8.8004,0.285443,110.748,-0.0894114,-0.00761175,-0.0478261,-8.8004,0.0463945,-0.0347135,0.296868,-0.126486,-3.07711,-0.292664,0.157445,-0.454033,-0.24666,-0.268929,0.0538842,-5.19213,-0.142362,-19.9217,-1.88975,-24.4402,0.468343,-14.7962,0.332561,-47.5091,17.1244,-26.0784,-2.7188
147,0.0147,1.6415,35.9313,0.255053,78.5321,-0.32513,-0.00783679,-0.04924,-9.30106,0.240931,-27.1641,19.3009,-1.38609,-3.22915,16.0423,-0.140976,-98.9118,-0.121681,0.00350822,0.0220428,0.0478054,-0.239119,-16.0423,11.249,-5.22243,-0.0290669,11.0916,0.110872,66.8067,-0.114067,-0.00374088,-0.0235046,-0.551407,0.435672,-11.0916,7.75687,3.96434,-0.123402,8.79746,0.285157,110.637,-0.0893814,-0.00760413,-0.0477781,-8.79746,0.0443773,-0.0302039,0.295031,-0.127998,-3.07668,-0.304703,0.159886,-0.489821,-0.262403,-0.313003,0.0563594,-5.18781,-0.141476,-19.9209,-1.89065,-24.4347,0.467505,-14.7936,0.259341,-47.5748,17.1478,-26.1338,-2.70529
148,0.0148,1.65267,35.9744,0.254383,77.9233,-0.3255,-0.00783893,-0.0492534,-9.27163,0.128472,-27.2058,19.3473,-1.40879,-3.1991,16.0693,-0.143575,-100.736,-0.121886,0.00357291,0.0224492,0.0889686,-0.313099,-16.0693,11.2784,-5.24302,0.021505,11.1105,0.113047,68.1171,-0.114261,-0.00381425,-0.0239657,-0.565952,0.399301,-11.1105,7.7756,3.96359,-0.144274,8.79464,0.284912,110.542,-0.0893528,-0.00759758,-0.047737,-8.79464,0.0422701,-0.0260483,0.293361,-0.129356,-3.07633,-0.320613,0.161185,-0.521643,-0.27565,-0.359503,0.0614637,-5.18155,-0.140384,-19.921,-1.89213,-24.4279,0.466351,-14.7738,0.149273,-47.6485,17.1796,-26.1962,-2.67129
149,0.0149,1.66383,36.0064,0.251707,75.8953,-0.325774,-0.00779128,-0.048954,-9.22158,-0.0303387,-27.2367,19.3857,-1.43392,-3.14315,16.0897,-0.148223,-103.997,-0.122041,0.00368857,0.023176,0.144917,-0.430847,-16.0897,11.3016,-5.26514,0.0947559,11.1248,0.115227,69.431,-0.114409,-0.00388783,-0.0244279,-0.574572,0.360428,-11.1248,7.79227,3.96179,-0.161854,8.79193,0.284703,110.461,-0.0893252,-0.00759202,-0.0477021,-8.79193,0.0400798,-0.0222247,0.291845,-0.130574,-3.07605,-0.331564,0.162447,-0.546411,-0.286347,-0.393421,0.0646631,-5.17657,-0.13931,-19.9192,-1.89334,-24.4207,0.46565,-14.7297,-0.00720175,-47.7023,17.206,-26.248,-2.61283
150,0.015,1.675,36.0331,0.250898,75.18,-0.325985,-0.00778897,-0.0489396,-9.1923,-0.175244,-27.2625,19.4208,-1.46442,-3.10638,16.1134,-0.150905,-105.878,-0.12222,0.0037553,0.0235953,0.172717,-0.531893,-16.1134,11.3258,-5.29008,0.144709,11.1305,0.117276,70.6654,-0.114467,-0.00395695,-0.0248622,-0.575739,0.318837,-11.1305,7.80447,3.95733,-0.175283,8.78928,0.284527,110.393,-0.0892983,-0.00758733,-0.0476726,-8.78928,0.0378121,-0.0187141,0.290474,-0.131666,-3.07581,-0.346915,0.163949,-0.579083,-0.300927,-0.437016,0.0693699,-5.17343,-0.138392,-19.9171,-1.89449,-24.4154,0.465427,-14.7126,-0.149687,-47.7587,17.2254,-26.3168,-2.57159
151,0.0151,1.68617,36.0317,0.251311,75.5065,-0.32597,-0.00779985,-0.0490079,-9.18793,-0.262682,-27.2605,19.4375,-1.49132,-3.11121,16.1137,-0.150441,-105.553,-0.122223,0.00374376,0.0235228,0.155703,-0.565962,-16.1137,11.3343,-5.31019,0.144361,11.1313,0.117373,70.724,-0.114475,-0.00396023,-0.0248828,-0.556967,0.267809,-11.1313,7.814,3.95151,-0.179966,8.78667,0.284379,110.335,-0.0892718,-0.00758338,-0.0476478,-8.78667,0.0354715,-0.0155021,0.289236,-0.132641,-3.0756,-0.3657,0.166545,-0.625693,-0.322331,-0.49465,0.0744217,-5.17353,-0.137772,-19.9136,-1.89514,-24.4124,0.465965,-14.7272,-0.233909,-47.7998,17.22,-26.3983,-2.57082
152,0.0152,1.69733,36.0438,0.249999,74.92,-0.326067,-0.00774067,-0.0486361,-9.16696,-0.338599,-27.2723,19.4609,-1.521,-3.11701,16.124,-0.148656,-104.3,-0.122301,0.00369934,0.0232437,0.125981,-0.577973,-16.124,11.3475,-5.33509,0.129175,11.1357,0.114403,68.9341,-0.114521,-0.00386,-0.0242531,-0.508843,0.206316,-11.1357,7.82527,3.9476,-0.170761,8.7841,0.284253,110.286,-0.0892457,-0.00758001,-0.0476266,-8.7841,0.0330577,-0.0125711,0.28812,-0.133511,-3.07542,-0.39369,0.168729,-0.692971,-0.351757,-0.580172,0.0834597,-5.17463,-0.137457,-19.9111,-1.89575,-24.4114,0.466602,-14.7353,-0.307327,-47.8763,17.2134,-26.5125,-2.56695
153,0.0153,1.7085,36.0452,0.249401,74.7729,-0.326039,-0.00770427,-0.0484074,-9.13921,-0.408373,-27.2735,19.4761,-1.55813,-3.11354,16.1402,-0.146738,-102.955,-0.122424,0.00365162,0.0229438,0.0951145,-0.592362,-16.1402,11.3615,-5.36232,0.114095,11.1235,0.111995,67.4837,-0.114395,-0.00377878,-0.0237428,-0.452752,0.153439,-11.1235,7.82742,3.93848,-0.152353,8.78158,0.284144,110.244,-0.0892201,-0.00757711,-0.0476084,-8.78158,0.0305493,-0.00989898,0.287114,-0.134289,-3.07528,-0.395513,0.169092,-0.649007,-0.3357,-0.546454,0.0838953,-5.17802,-0.13755,-19.9079,-1.89583,-24.4123,0.467607,-14.7127,-0.376831,-47.8305,17.2445,-26.5169,-2.56204
154,0.0154,1.71967,36.0387,0.246504,73.0842,-0.325913,-0.00760388,-0.0477766,-9.09581,-0.477926,-27.2671,19.4844,-1.60107,-3.09728,16.1621,-0.146364,-102.693,-0.12259,0.00364231,0.0228853,0.0637081,-0.612633,-16.1621,11.3761,-5.3913,0.0990176,11.0975,0.108816,65.5681,-0.114128,-0.00367152,-0.0230689,-0.380428,0.10675,-11.0975,7.822,3.92521,-0.12112,8.77909,0.284052,110.209,-0.0891948,-0.00757467,-0.047593,-8.77909,0.0279564,-0.0074802,0.286216,-0.134977,-3.07517,-0.409344,0.170099,-0.654875,-0.3396,-0.565583,0.088607,-5.18552,-0.138163,-19.9044,-1.89525,-24.4174,0.469354,-14.6907,-0.44599,-47.8263,17.2495,-26.5841,-2.53932
155,0.0155,1.73083,36.0377,0.241696,70.108,-0.325828,-0.00745065,-0.0468138,-9.03882,-0.542785,-27.2664,19.4935,-1.64515,-3.06877,16.1899,-0.147322,-103.365,-0.122801,0.00366615,0.0230351,0.0304333,-0.637228,-16.1899,11.3918,-5.42256,0.0827102,11.0711,0.105041,63.2933,-0.113857,-0.00354414,-0.0222685,-0.292616,0.0691453,-11.0711,7.81622,3.91298,-0.0763887,8.77664,0.283977,110.179,-0.0891699,-0.00757265,-0.0475804,-8.77664,0.0252984,-0.00531606,0.285424,-0.135577,-3.07509,-0.412151,0.170059,-0.638374,-0.333234,-0.554489,0.0899383,-5.1966,-0.139363,-19.9008,-1.89388,-24.4265,0.471583,-14.6476,-0.512088,-47.8055,17.2664,-26.6261,-2.50725
156,0.0156,1.742,36.0418,0.236852,67.0776,-0.325789,-0.0072988,-0.0458597,-8.9766,-0.60053,-27.271,19.5022,-1.68727,-3.03134,16.2201,-0.148582,-104.248,-0.12303,0.00369749,0.023232,-0.0065113,-0.665885,-16.2201,11.4059,-5.45431,0.0648498,11.0475,0.101516,61.1695,-0.113614,-0.00342522,-0.0215213,-0.195857,0.0427622,-11.0475,7.81155,3.90313,-0.0211605,8.77423,0.283918,110.156,-0.0891454,-0.00757107,-0.0475705,-8.77423,0.0225923,-0.00340459,0.284739,-0.136092,-3.07503,-0.415984,0.170702,-0.643951,-0.335799,-0.562286,0.091146,-5.21161,-0.141288,-19.8958,-1.89112,-24.4386,0.474229,-14.6042,-0.571117,-47.8107,17.2753,-26.6881,-2.46596
157,0.0157,1.75317,36.0515,0.231088,63.3258,-0.325803,-0.00713035,-0.0448013,-8.9153,-0.655387,-27.2814,19.5104,-1.72602,-2.98817,16.2522,-0.151487,-106.287,-0.123273,0.0037698,0.0236863,-0.0483453,-0.703783,-16.2522,11.4181,-5.48534,0.04493,11.0275,0.0987015,59.4733,-0.113408,-0.00333024,-0.0209245,-0.0950983,0.0285413,-11.0275,7.80814,3.89584,0.0418769,8.77186,0.283874,110.139,-0.0891214,-0.00756991,-0.0475631,-8.77186,0.0198547,-0.00174243,0.284156,-0.136525,-3.07498,-0.431151,0.169935,-0.69217,-0.353614,-0.617798,0.0980105,-5.22821,-0.143947,-19.8949,-1.88786,-24.4562,0.47645,-14.5747,-0.629399,-47.8685,17.2689,-26.8,-2.41371
158,0.0158,1.76433,36.0526,0.226031,59.9665,-0.325768,-0.0069883,-0.0439088,-8.85881,-0.690623,-27.2834,19.508,-1.75629,-2.94566,16.2692,-0.154695,-108.537,-0.123402,0.00384961,0.0241878,-0.0936495,-0.734442,-16.2692,11.4169,-5.51134,0.019898,11.0139,0.0968785,58.3749,-0.113268,-0.00326873,-0.0205381,0.00438365,0.0267167,-11.0139,7.80747,3.89193,0.109377,8.76954,0.283847,110.129,-0.0890978,-0.00756918,-0.0475586,-8.76954,0.0171024,-0.000325717,0.283677,-0.136878,-3.07494,-0.425991,0.16889,-0.636654,-0.330462,-0.566805,0.0969557,-5.24796,-0.147215,-19.8972,-1.88355,-24.4801,0.478741,-14.5328,-0.668947,-47.8173,17.294,-26.8032,-2.36997
159,0.0159,1.7755,36.06,0.223073,57.9916,-0.325803,-0.00690603,-0.0433918,-8.80877,-0.701754,-27.2919,19.5054,-1.78131,-2.90563,16.2845,-0.156664,-109.919,-0.123518,0.00389861,0.0244957,-0.14151,-0.752537,-16.2845,11.4118,-5.53576,-0.00980655,11.0083,0.0959006,57.7856,-0.11321,-0.00323574,-0.0203307,0.10002,0.0364355,-11.0083,7.81037,3.8916,0.179084,8.76728,0.283836,110.125,-0.0890748,-0.0075689,-0.0475568,-8.76728,0.0143479,0.000851059,0.283299,-0.137155,-3.07491,-0.43163,0.169984,-0.641713,-0.33291,-0.574217,0.0980617,-5.27027,-0.150515,-19.9016,-1.87854,-24.5087,0.481527,-14.5107,-0.682285,-47.8353,17.294,-26.8643,-2.32604
160,0.016,1.78667,36.0801,0.220962,56.516,-0.325954,-0.00685288,-0.0430579,-8.76995,-0.694802,-27.3132,19.5073,-1.80314,-2.87206,16.3053,-0.158709,-111.354,-0.123676,0.0039495,0.0248155,-0.191645,-0.762082,-16.3053,11.408,-5.5601,-0.0439865,11.0097,0.0958296,57.7428,-0.113225,-0.00323334,-0.0203157,0.186785,0.0556813,-11.0097,7.81628,3.89432,0.246818,8.76509,0.283841,110.127,-0.0890526,-0.00756904,-0.0475577,-8.76509,0.011599,0.00179343,0.283019,-0.137361,-3.07489,-0.428903,0.17251,-0.604509,-0.320046,-0.538179,0.0948478,-5.29187,-0.153383,-19.9061,-1.87398,-24.5367,0.484566,-14.4907,-0.675675,-47.8238,17.3133,-26.878,-2.29265
161,0.0161,1.79783,36.1079,0.21957,55.4713,-0.326169,-0.00682379,-0.0428752,-8.74399,-0.667203,-27.3424,19.5105,-1.82334,-2.84914,16.3313,-0.160744,-112.782,-0.123874,0.00400016,0.0251337,-0.240656,-0.757463,-16.3313,11.4057,-5.58413,-0.0820039,11.0135,0.096453,58.1185,-0.113265,-0.00325438,-0.0204478,0.259653,0.0813996,-11.0135,7.82196,3.89829,0.307752,8.76299,0.283862,110.134,-0.0890312,-0.00756958,-0.0475611,-8.76299,0.0088603,0.00250829,0.282833,-0.137499,-3.07489,-0.438382,0.174435,-0.641552,-0.335613,-0.575936,0.0972862,-5.30957,-0.155709,-19.9102,-1.87075,-24.56,0.487155,-14.4919,-0.648477,-47.8941,17.3041,-26.9593,-2.2647
162,0.0162,1.809,36.1443,0.218687,54.7456,-0.326448,-0.00681042,-0.0427911,-8.7365,-0.629369,-27.3803,19.5157,-1.84409,-2.84051,16.367,-0.162625,-114.102,-0.124144,0.00404697,0.0254279,-0.288606,-0.744853,-16.367,11.4081,-5.60866,-0.121737,11.0164,0.0974176,58.6997,-0.113293,-0.00328692,-0.0206523,0.31309,0.10935,-11.0164,7.82487,3.90214,0.356149,8.76099,0.283895,110.147,-0.0890109,-0.00757047,-0.0475667,-8.76099,0.00613372,0.00300205,0.282739,-0.137572,-3.07492,-0.439627,0.17614,-0.60934,-0.323982,-0.550868,0.09672,-5.32222,-0.157299,-19.9132,-1.86877,-24.5769,0.489072,-14.4983,-0.610529,-47.9029,17.3229,-26.9718,-2.25471
163,0.0163,1.82017,36.1846,0.21765,53.9196,-0.326749,-0.00679216,-0.0426764,-8.74574,-0.586293,-27.4222,19.5202,-1.86495,-2.8455,16.4091,-0.164554,-115.454,-0.124464,0.00409496,0.0257294,-0.33532,-0.726958,-16.4091,11.4133,-5.63241,-0.162378,11.0164,0.0982623,59.2087,-0.113294,-0.00331542,-0.0208314,0.348679,0.137243,-11.0164,7.82413,3.90505,0.391853,8.7591,0.283941,110.165,-0.0889917,-0.0075717,-0.0475744,-8.7591,0.00342161,0.00327922,0.282732,-0.137582,-3.07497,-0.44154,0.178899,-0.580275,-0.314459,-0.528509,0.0952509,-5.33163,-0.158088,-19.9149,-1.86769,-24.5889,0.490809,-14.5189,-0.565482,-47.9174,17.338,-26.9823,-2.25944
164,0.0164,1.83133,36.2223,0.216449,53.0093,-0.327022,-0.00676679,-0.042517,-8.76391,-0.537005,-27.4616,19.5201,-1.88423,-2.85944,16.4517,-0.166311,-116.688,-0.124786,0.00413869,0.0260042,-0.37837,-0.702097,-16.4517,11.4174,-5.65331,-0.202553,11.0133,0.098761,59.5092,-0.113262,-0.00333225,-0.0209371,0.371802,0.164363,-11.0133,7.81986,3.90661,0.418171,8.75734,0.283999,110.188,-0.0889738,-0.00757324,-0.047584,-8.75734,0.000728124,0.00334411,0.282812,-0.13753,-3.07506,-0.435316,0.180352,-0.54977,-0.302979,-0.495786,0.0915663,-5.33648,-0.158074,-19.9167,-1.86775,-24.596,0.491944,-14.5357,-0.514727,-47.9281,17.3494,-26.976,-2.27593
165,0.0165,1.8425,36.258,0.215153,52.0769,-0.327271,-0.0067348,-0.042316,-8.78139,-0.477345,-27.4991,19.5167,-1.90259,-2.87627,16.4956,-0.167692,-117.656,-0.12512,0.00417305,0.02622,-0.413837,-0.666989,-16.4956,11.4217,-5.67153,-0.240371,11.0067,0.098777,59.5188,-0.113194,-0.00333279,-0.0209405,0.38815,0.191585,-11.0067,7.81201,3.90635,0.439278,8.75571,0.284067,110.214,-0.0889572,-0.00757506,-0.0475955,-8.75571,-0.00194127,0.00320037,0.282975,-0.137418,-3.07517,-0.430226,0.180046,-0.552749,-0.302827,-0.49223,0.0897232,-5.33608,-0.157326,-19.92,-1.86924,-24.5987,0.492208,-14.5477,-0.454625,-47.9719,17.3446,-26.9936,-2.29434
166,0.0166,1.85367,36.2934,0.214025,51.3049,-0.327506,-0.0067029,-0.0421156,-8.78756,-0.401977,-27.5363,19.5116,-1.92154,-2.88873,16.5433,-0.168451,-118.189,-0.125482,0.00419193,0.0263387,-0.435198,-0.618153,-16.5433,11.428,-5.68811,-0.272142,10.9959,0.098328,59.2483,-0.113083,-0.00331764,-0.0208453,0.401837,0.220757,-10.9959,7.80039,3.90382,0.458734,8.7542,0.284147,110.245,-0.0889419,-0.00757719,-0.0476089,-8.7542,-0.00458137,0.00285083,0.283222,-0.137246,-3.07532,-0.426424,0.180602,-0.506985,-0.284587,-0.453147,0.0877283,-5.33147,-0.156114,-19.9228,-1.87145,-24.5963,0.491694,-14.5455,-0.37749,-47.9661,17.3556,-26.971,-2.30931
167,0.0167,1.86483,36.3158,0.213566,51.0327,-0.327635,-0.00668467,-0.042001,-8.7815,-0.317403,-27.5607,19.4962,-1.93654,-2.89281,16.5809,-0.168211,-118.021,-0.125767,0.00418598,0.0263013,-0.442648,-0.563187,-16.5809,11.4267,-5.69868,-0.295139,10.9821,0.0975389,58.7728,-0.112941,-0.00329101,-0.020678,0.413955,0.252969,-10.9821,7.78593,3.89916,0.47782,8.75281,0.284239,110.281,-0.0889278,-0.00757964,-0.0476243,-8.75281,-0.00718437,0.00229703,0.283551,-0.137015,-3.07549,-0.425232,0.181632,-0.470205,-0.27043,-0.425104,0.0864389,-5.32434,-0.154653,-19.9235,-1.87385,-24.5891,0.490754,-14.5311,-0.290424,-47.9544,17.3519,-26.9507,-2.31562
168,0.0168,1.876,36.3341,0.213327,50.9275,-0.327731,-0.0066704,-0.0419113,-8.76479,-0.227031,-27.581,19.4765,-1.94979,-2.88934,16.6154,-0.167594,-117.588,-0.126028,0.00417062,0.0262048,-0.436308,-0.504937,-16.6154,11.4227,-5.70581,-0.309134,10.9671,0.0965791,58.1945,-0.112787,-0.00325863,-0.0204746,0.423053,0.287647,-10.9671,7.76989,3.89275,0.495479,8.75153,0.284342,110.321,-0.0889148,-0.00758239,-0.0476416,-8.75153,-0.00974156,0.00154261,0.283962,-0.136727,-3.07569,-0.425329,0.18172,-0.472803,-0.270977,-0.43061,0.0864876,-5.31646,-0.153154,-19.9234,-1.87634,-24.5804,0.489732,-14.5066,-0.198465,-47.9773,17.3292,-26.9608,-2.31312
169,0.0169,1.88717,36.3586,0.212954,50.7155,-0.327874,-0.0066536,-0.0418058,-8.7392,-0.132518,-27.6077,19.461,-1.96322,-2.8817,16.6558,-0.167213,-117.32,-0.126335,0.00416113,0.0261452,-0.414166,-0.441663,-16.6558,11.4234,-5.71163,-0.313895,10.9524,0.0957086,57.6699,-0.112636,-0.00322926,-0.02029,0.425331,0.321387,-10.9524,7.75311,3.88479,0.508101,8.75037,0.284458,110.366,-0.088903,-0.00758548,-0.0476609,-8.75037,-0.0122416,0.000589919,0.284454,-0.136382,-3.0759,-0.425761,0.18132,-0.496933,-0.279872,-0.453554,0.0869978,-5.30961,-0.151838,-19.9221,-1.87838,-24.5716,0.488904,-14.4746,-0.103036,-48.0267,17.3027,-26.9884,-2.3058
170,0.017,1.89833,36.3525,0.215832,52.7788,-0.32778,-0.00671798,-0.0422103,-8.68634,-0.0291774,-27.6038,19.4201,-1.97023,-2.8568,16.6674,-0.163617,-114.797,-0.126423,0.00407164,0.0255829,-0.356368,-0.366143,-16.6674,11.4008,-5.70862,-0.294375,10.9358,0.0948625,57.1601,-0.112465,-0.00320071,-0.0201107,0.419341,0.351643,-10.9358,7.73427,3.87438,0.513704,8.74932,0.284586,110.416,-0.0888923,-0.00758891,-0.0476825,-8.74932,-0.014677,-0.000558707,0.285026,-0.135984,-3.07613,-0.432445,0.181712,-0.516745,-0.288545,-0.47837,0.0891813,-5.30518,-0.150884,-19.9202,-1.87988,-24.5651,0.488448,-14.424,0.00165152,-48.0407,17.2517,-27.0137,-2.27917
171,0.0171,1.9095,36.3119,0.216786,53.5112,-0.327412,-0.00673232,-0.0423004,-8.64403,0.0509573,-27.5654,19.3526,-1.96815,-2.83849,16.6488,-0.161716,-113.463,-0.126281,0.00402433,0.0252856,-0.299627,-0.306674,-16.6488,11.3552,-5.69312,-0.272039,10.9147,0.0937731,56.5037,-0.112248,-0.00316395,-0.0198797,0.403972,0.374674,-10.9147,7.71175,3.8605,0.509922,8.74837,0.284728,110.471,-0.0888827,-0.0075927,-0.0477063,-8.74837,-0.0170427,-0.00190156,0.285679,-0.135533,-3.07638,-0.432693,0.181725,-0.505228,-0.28498,-0.469182,0.0890954,-5.30381,-0.150384,-19.918,-1.88076,-24.5616,0.488467,-14.3805,0.0822979,-47.9886,17.1868,-26.9989,-2.26093
172,0.0172,1.92067,36.2515,0.217611,54.2066,-0.326866,-0.0067383,-0.042338,-8.61256,0.104858,-27.5074,19.2701,-1.96582,-2.82472,16.6215,-0.159374,-111.82,-0.126075,0.00396605,0.0249194,-0.246168,-0.265509,-16.6215,11.3026,-5.67141,-0.245576,10.8825,0.0920995,55.4952,-0.111917,-0.00310749,-0.0195249,0.381151,0.389703,-10.8825,7.6811,3.84062,0.497494,8.74755,0.284885,110.531,-0.0888743,-0.00759686,-0.0477325,-8.74755,-0.0193351,-0.00343798,0.286413,-0.13503,-3.07664,-0.423471,0.180829,-0.481591,-0.275758,-0.43893,0.0860528,-5.30571,-0.150365,-19.9148,-1.88089,-24.5609,0.489023,-14.3417,0.135323,-47.9038,17.1135,-26.9656,-2.24965
173,0.0173,1.93183,36.1799,0.218228,54.8028,-0.326196,-0.00673462,-0.0423149,-8.5797,0.143026,-27.4382,19.1803,-1.96762,-2.80833,16.5966,-0.156742,-109.974,-0.125886,0.00390057,0.024508,-0.187837,-0.235183,-16.5966,11.2521,-5.64685,-0.211849,10.8364,0.0899149,54.1789,-0.111443,-0.00303378,-0.0190618,0.354978,0.399761,-10.8364,7.641,3.81371,0.480446,8.74684,0.285055,110.598,-0.0888671,-0.00760141,-0.047761,-8.74684,-0.0215529,-0.00516887,0.287229,-0.134476,-3.07693,-0.410592,0.179627,-0.463347,-0.268277,-0.408559,0.0818416,-5.31084,-0.150804,-19.9114,-1.88041,-24.5635,0.490121,-14.3011,0.171849,-47.813,17.0316,-26.9397,-2.23637
174,0.0174,1.943,36.1219,0.217998,54.8287,-0.325619,-0.00670732,-0.0421434,-8.53737,0.169787,-27.3827,19.101,-1.97555,-2.78718,16.5896,-0.154683,-108.529,-0.125832,0.00384932,0.024186,-0.117232,-0.209179,-16.5896,11.2144,-5.62502,-0.168647,10.7861,0.0874409,52.6881,-0.110925,-0.0029503,-0.0185373,0.326117,0.402659,-10.7861,7.5985,3.78335,0.458696,8.74625,0.28524,110.669,-0.0888612,-0.00760634,-0.047792,-8.74625,-0.0236929,-0.00709558,0.288126,-0.13387,-3.07723,-0.404037,0.178918,-0.459785,-0.267042,-0.396713,0.0797369,-5.31884,-0.151656,-19.909,-1.87962,-24.5702,0.491681,-14.2602,0.197049,-47.7515,16.9543,-26.9425,-2.21577
175,0.0175,1.95417,36.067,0.217648,54.7916,-0.32507,-0.00667465,-0.0419381,-8.47349,0.185817,-27.3304,19.0263,-1.98138,-2.75357,16.5835,-0.152489,-106.99,-0.125786,0.00379474,0.023843,-0.0228566,-0.184949,-16.5835,11.1788,-5.60027,-0.108012,10.7376,0.084696,51.0342,-0.110427,-0.00285769,-0.0179554,0.295154,0.396517,-10.7376,7.5584,3.75209,0.432011,8.74579,0.285441,110.747,-0.0888565,-0.0076117,-0.0478257,-8.74579,-0.0257509,-0.00922031,0.289108,-0.133212,-3.07757,-0.401858,0.178253,-0.45081,-0.263644,-0.385708,0.0793976,-5.32889,-0.152866,-19.9072,-1.87848,-24.5798,0.493523,-14.2042,0.211204,-47.6884,16.8842,-26.9469,-2.18065
176,0.0176,1.96533,36.022,0.217681,55.0548,-0.324611,-0.00664832,-0.0417726,-8.39705,0.182723,-27.2881,18.9628,-1.98459,-2.71069,16.5825,-0.149563,-104.937,-0.125779,0.00372191,0.0233855,0.0853879,-0.170664,-16.5825,11.1495,-5.57355,-0.0336344,10.694,0.0815846,49.1594,-0.109978,-0.00275271,-0.0172958,0.263028,0.38111,-10.694,7.52305,3.72146,0.400875,8.74546,0.285659,110.832,-0.0888532,-0.00761752,-0.0478623,-8.74546,-0.0277235,-0.0115464,0.290176,-0.132501,-3.07793,-0.400288,0.176858,-0.443226,-0.259695,-0.377176,0.0800367,-5.34047,-0.154397,-19.9058,-1.87694,-24.5914,0.495513,-14.1378,0.205184,-47.6371,16.8261,-26.9532,-2.13514
177,0.0177,1.9765,35.9976,0.216585,54.6193,-0.324315,-0.00658499,-0.0413747,-8.30824,0.147965,-27.2664,18.9179,-1.98981,-2.66214,16.5989,-0.146778,-102.983,-0.125903,0.00365261,0.02295,0.208743,-0.169988,-16.5989,11.1354,-5.54936,0.0556848,10.6534,0.0774668,46.6782,-0.109561,-0.00261377,-0.0164228,0.22829,0.347561,-10.6534,7.49114,3.69129,0.360504,8.74528,0.285896,110.924,-0.0888513,-0.00762383,-0.0479019,-8.74528,-0.0296073,-0.0140777,0.291333,-0.131736,-3.07832,-0.397802,0.174852,-0.451939,-0.26102,-0.381156,0.080933,-5.35374,-0.156239,-19.9049,-1.87497,-24.6055,0.497667,-14.0598,0.166578,-47.6233,16.7819,-26.9764,-2.08354
178,0.0178,1.98767,36.027,0.213613,52.9017,-0.324482,-0.00647147,-0.0406614,-8.19534,0.086086,-27.2986,18.9155,-1.99595,-2.59791,16.649,-0.145486,-102.076,-0.126283,0.00362045,0.0227479,0.354447,-0.184241,-16.649,11.1479,-5.53377,0.164117,10.6328,0.0729463,43.9543,-0.109349,-0.00246125,-0.0154645,0.195451,0.301724,-10.6328,7.47503,3.66873,0.316734,8.74524,0.286153,111.023,-0.0888509,-0.00763067,-0.0479449,-8.74524,-0.031397,-0.0168192,0.292582,-0.130914,-3.07876,-0.394133,0.17285,-0.481545,-0.270147,-0.400503,0.0813151,-5.36889,-0.15838,-19.905,-1.87256,-24.6224,0.500008,-13.9584,0.100556,-47.6851,16.7728,-27.0188,-2.01658
179,0.0179,1.99883,36.1031,0.211781,51.7409,-0.325034,-0.00640743,-0.0402591,-8.0631,0.0352213,-27.3775,18.9518,-2.0077,-2.50104,16.7346,-0.145457,-102.056,-0.126932,0.00361973,0.0227435,0.506478,-0.219076,-16.7346,11.1883,-5.52735,0.282474,10.6231,0.0708073,42.6655,-0.109249,-0.00238908,-0.015011,0.175799,0.287386,-10.6231,7.4696,3.64968,0.295721,8.74537,0.286431,111.131,-0.0888523,-0.00763809,-0.0479915,-8.74537,-0.0330882,-0.0197774,0.293928,-0.130033,-3.07924,-0.392665,0.17242,-0.509944,-0.28045,-0.420691,0.0809771,-5.38597,-0.160771,-19.9063,-1.86976,-24.6425,0.502555,-13.8417,0.046871,-47.7937,16.8016,-27.0709,-1.91751
180,0.018,2.01,36.1961,0.209293,50.0729,-0.325709,-0.00633064,-0.0397766,-7.9533,-0.0280025,-27.4734,19.0065,-2.02326,-2.41069,16.8387,-0.146507,-102.793,-0.127722,0.00364586,0.0229076,0.633059,-0.274905,-16.8387,11.2459,-5.52414,0.388728,10.6117,0.0690678,41.6173,-0.109132,-0.00233038,-0.0146422,0.159327,0.281578,-10.6117,7.46523,3.62997,0.280351,8.74569,0.286732,111.248,-0.0888555,-0.00764612,-0.048042,-8.74569,-0.0346754,-0.0229606,0.295374,-0.129091,-3.07977,-0.394157,0.174084,-0.510942,-0.282425,-0.421534,0.0797878,-5.4036,-0.163278,-19.9078,-1.86653,-24.6634,0.505052,-13.7511,-0.0171967,-47.8921,16.8576,-27.1082,-1.82585
181,0.0181,2.02117,36.3044,0.205832,47.6567,-0.326468,-0.00623492,-0.0391752,-7.85895,-0.103995,-27.5846,19.0769,-2.05104,-2.32455,16.9701,-0.149143,-104.642,-0.128719,0.00371146,0.0233198,0.741327,-0.348554,-16.9701,11.3256,-5.52759,0.486349,10.5881,0.0679174,40.9241,-0.108889,-0.00229157,-0.0143983,0.145922,0.280719,-10.5881,7.45434,3.60463,0.26947,8.7462,0.287058,111.375,-0.0888606,-0.00765481,-0.0480966,-8.7462,-0.036159,-0.0263833,0.296926,-0.128082,-3.08036,-0.397551,0.176773,-0.495188,-0.278799,-0.410894,0.0784298,-5.42038,-0.165721,-19.9094,-1.86311,-24.6835,0.507284,-13.6769,-0.0929428,-47.9891,16.935,-27.1454,-1.73883
182,0.0182,2.03233,36.4425,0.203472,45.9523,-0.327534,-0.00617123,-0.038775,-7.79507,-0.192958,-27.7257,19.1744,-2.06356,-2.25555,17.1017,-0.151226,-106.104,-0.129717,0.0037633,0.0236455,0.818928,-0.433586,-17.1017,11.4096,-5.52895,0.566682,10.5939,0.0672868,40.5442,-0.108949,-0.00227029,-0.0142647,0.132926,0.278165,-10.5939,7.46614,3.59239,0.258799,8.74693,0.287412,111.512,-0.088868,-0.00766424,-0.0481559,-8.74693,-0.0375373,-0.030061,0.298595,-0.126999,-3.08103,-0.399469,0.179667,-0.482438,-0.276325,-0.401007,0.076238,-5.43594,-0.167893,-19.9125,-1.86004,-24.7035,0.509309,-13.6305,-0.181184,-48.1206,17.038,-27.1681,-1.67
183,0.0183,2.0435,36.5871,0.200018,43.5744,-0.32868,-0.0060711,-0.0381458,-7.7598,-0.312115,-27.8732,19.2826,-2.06776,-2.21321,17.2279,-0.153387,-107.62,-0.130674,0.00381707,0.0239834,0.867906,-0.526235,-17.2279,11.4953,-5.52728,0.629301,10.6113,0.0656084,39.5328,-0.109128,-0.00221366,-0.0139089,0.120193,0.252927,-10.6113,7.48699,3.58535,0.239272,8.7479,0.287796,111.661,-0.0888779,-0.00767451,-0.0482204,-8.7479,-0.0388064,-0.0340119,0.300389,-0.125835,-3.08179,-0.397759,0.182051,-0.499483,-0.284567,-0.410638,0.0729252,-5.44928,-0.169524,-19.9173,-1.85771,-24.7228,0.511106,-13.6068,-0.299588,-48.2901,17.1404,-27.2012,-1.62918
184,0.0184,2.05467,36.7703,0.19805,41.9989,-0.330179,-0.00602845,-0.0378779,-7.73893,-0.402217,-28.0594,19.4228,-2.06603,-2.16312,17.3705,-0.156407,-109.738,-0.131756,0.00389222,0.0244555,0.90159,-0.627934,-17.3705,11.5945,-5.52965,0.683267,10.6506,0.066239,39.9128,-0.109532,-0.00223494,-0.0140425,0.108629,0.26568,-10.6506,7.52595,3.5882,0.236263,8.74915,0.288217,111.824,-0.0888906,-0.00768573,-0.0482909,-8.74915,-0.0399635,-0.0382597,0.302321,-0.124581,-3.08265,-0.389213,0.183289,-0.530034,-0.296114,-0.423877,0.0679183,-5.45838,-0.170312,-19.9222,-1.85615,-24.7373,0.512443,-13.5865,-0.38924,-48.5117,17.2705,-27.2272,-1.58275
185,0.0185,2.06583,36.9143,0.197829,41.4321,-0.331374,-0.0060477,-0.0379988,-7.73846,-0.479632,-28.2064,19.5437,-2.05205,-2.11849,17.4763,-0.159789,-112.111,-0.132558,0.00397638,0.0249843,0.917263,-0.733523,-17.4763,11.6742,-5.52015,0.725478,10.6873,0.0689399,41.5402,-0.10991,-0.00232607,-0.0146151,0.0949814,0.294893,-10.6873,7.56511,3.59132,0.23966,8.75071,0.288678,112.003,-0.0889065,-0.00769801,-0.048368,-8.75071,-0.0410013,-0.0428298,0.304404,-0.123227,-3.08362,-0.37941,0.183397,-0.564573,-0.30732,-0.440261,0.0635068,-5.46175,-0.170058,-19.9272,-1.85576,-24.7455,0.513111,-13.5796,-0.466292,-48.6982,17.3806,-27.2379,-1.54187
186,0.0186,2.077,37.1058,0.207289,46.7714,-0.333049,-0.00638589,-0.0401237,-7.807,-0.458387,-28.401,19.7056,-2.01789,-2.08823,17.5854,-0.162338,-113.9,-0.133385,0.00403983,0.025383,0.881163,-0.823938,-17.5854,11.7606,-5.51111,0.727141,10.7678,0.0804445,48.4725,-0.110738,-0.00271424,-0.0170541,0.0644656,0.407462,-10.7678,7.63826,3.61498,0.269373,8.75263,0.289183,112.199,-0.088926,-0.00771147,-0.0484526,-8.75263,-0.0419114,-0.0477517,0.306654,-0.121759,-3.08475,-0.375611,0.18323,-0.597893,-0.317644,-0.463781,0.0618305,-5.45932,-0.168751,-19.9325,-1.8568,-24.7477,0.513125,-13.6419,-0.443908,-48.9313,17.5311,-27.2293,-1.51328
187,0.0187,2.08817,37.2003,0.208633,47.2641,-0.333818,-0.00644499,-0.0404951,-7.89426,-0.519197,-28.4984,19.8054,-2.00279,-2.11532,17.6603,-0.164336,-115.302,-0.133954,0.00408953,0.0256953,0.823958,-0.903814,-17.6603,11.8295,-5.49251,0.711062,10.785,0.0832307,50.1513,-0.110915,-0.00280825,-0.0176447,0.036737,0.4273,-10.785,7.66676,3.60988,0.259648,8.75496,0.289738,112.414,-0.0889496,-0.00772628,-0.0485456,-8.75496,-0.0426832,-0.0530597,0.309086,-0.120164,-3.08603,-0.377083,0.183154,-0.621601,-0.324928,-0.48615,0.062213,-5.45203,-0.166576,-19.937,-1.85904,-24.7438,0.512631,-13.7234,-0.502619,-49.057,17.6214,-27.2327,-1.54048
188,0.0188,2.09933,37.303,0.210123,48.1568,-0.334656,-0.00647967,-0.040713,-8.03209,-0.552331,-28.6041,19.9179,-1.98925,-2.19589,17.7411,-0.163062,-114.408,-0.134567,0.00405785,0.0254962,0.710733,-0.942725,-17.7411,11.9085,-5.47717,0.645444,10.8042,0.0828353,49.913,-0.111111,-0.00279491,-0.0175609,0.0149343,0.433697,-10.8042,7.69769,3.60634,0.246173,8.75775,0.29035,112.652,-0.088978,-0.00774261,-0.0486483,-8.75775,-0.0433019,-0.0587916,0.311723,-0.118425,-3.08751,-0.38009,0.183062,-0.631254,-0.328077,-0.499112,0.063213,-5.44109,-0.163857,-19.94,-1.86208,-24.7344,0.511715,-13.8533,-0.533125,-49.1753,17.7278,-27.2228,-1.62096
189,0.0189,2.1105,37.3648,0.2114,49.3204,-0.335326,-0.0064699,-0.0406516,-8.20163,-0.587076,-28.6686,20.0074,-1.92332,-2.32962,17.7279,-0.15763,-110.596,-0.134467,0.00392265,0.0246467,0.55695,-0.937343,-17.7279,11.93,-5.4351,0.540959,10.8757,0.0780071,47.0038,-0.111847,-0.002632,-0.0165374,0.00252384,0.394,-10.8757,7.76282,3.62831,0.218628,8.7611,0.291023,112.913,-0.089012,-0.00776055,-0.0487609,-8.7611,-0.0437343,-0.064969,0.314572,-0.116532,-3.0892,-0.381862,0.183176,-0.635938,-0.330383,-0.506682,0.063649,-5.42871,-0.161005,-19.9405,-1.86533,-24.7212,0.51063,-14.0122,-0.564905,-49.245,17.8117,-27.1512,-1.75534
190,0.019,2.12167,37.459,0.22177,56.4939,-0.33628,-0.00671764,-0.0422082,-8.41618,-0.529163,-28.7656,20.1256,-1.85928,-2.50407,17.7333,-0.146686,-102.918,-0.134508,0.00365032,0.0229357,0.356959,-0.857147,-17.7333,11.9699,-5.40223,0.384993,10.9606,0.0766927,46.2117,-0.11272,-0.00258765,-0.0162587,-0.00807566,0.371949,-10.9606,7.83809,3.65741,0.202088,8.76507,0.291764,113.201,-0.0890523,-0.00778031,-0.0488851,-8.76507,-0.0439646,-0.0716415,0.317662,-0.114463,-3.09115,-0.384173,0.184287,-0.640449,-0.334297,-0.513953,0.0634534,-5.41813,-0.158431,-19.9394,-1.86849,-24.7086,0.509889,-14.2185,-0.503308,-49.3454,17.9229,-27.0818,-1.93073
191,0.0191,2.13283,37.5758,0.239642,68.6505,-0.337434,-0.00717505,-0.0450822,-8.67542,-0.367632,-28.8849,20.2646,-1.79616,-2.7221,17.7507,-0.130901,-91.8431,-0.13464,0.00325751,0.0204675,0.119775,-0.694245,-17.7507,12.0228,-5.37649,0.180632,11.0553,0.0779602,46.9755,-0.113694,-0.00263042,-0.0165274,-0.025461,0.370584,-11.0553,7.9208,3.69253,0.190647,8.76974,0.292583,113.518,-0.0890998,-0.00780214,-0.0490223,-8.76974,-0.0439702,-0.0788592,0.321016,-0.112192,-3.09338,-0.387886,0.186235,-0.636783,-0.336365,-0.515155,0.0632017,-5.41086,-0.156429,-19.9388,-1.8716,-24.7001,0.509634,-14.4742,-0.337825,-49.4605,18.0566,-27.0114,-2.14926
192,0.0192,2.144,37.6374,0.262682,84.2464,-0.338148,-0.00777557,-0.0488554,-8.96336,-0.104018,-28.9488,20.371,-1.72434,-2.98016,17.7205,-0.11165,-78.3365,-0.134411,0.00277845,0.0174575,-0.138316,-0.441534,-17.7205,12.0476,-5.34014,-0.0643699,11.1416,0.080844,48.7131,-0.114582,-0.00272772,-0.0171388,-0.0498247,0.381236,-11.1416,7.99871,3.72549,0.18015,8.77521,0.293489,113.87,-0.0891554,-0.0078263,-0.0491741,-8.77521,-0.0437199,-0.0866753,0.324664,-0.109694,-3.09593,-0.39257,0.188517,-0.626373,-0.336575,-0.511416,0.063093,-5.40787,-0.155183,-19.9386,-1.87429,-24.6968,0.509982,-14.7638,-0.0706845,-49.5138,18.1601,-26.9325,-2.40708
193,0.0193,2.15517,37.6924,0.279816,95.655,-0.338773,-0.00823032,-0.0517126,-9.14763,0.0964259,-29.006,20.473,-1.66619,-3.15124,17.6981,-0.0985243,-69.1268,-0.134241,0.0024518,0.0154051,-0.291036,-0.250835,-17.6981,12.0775,-5.3127,-0.221086,11.2127,0.0838461,50.5221,-0.115312,-0.00282901,-0.0177752,-0.0749811,0.390438,-11.2127,8.06687,3.75345,0.168702,8.78161,0.294494,114.26,-0.0892204,-0.00785311,-0.0493425,-8.78161,-0.0431773,-0.095151,0.328637,-0.106939,-3.09886,-0.395811,0.190713,-0.62122,-0.338426,-0.509967,0.0625952,-5.40973,-0.154772,-19.9373,-1.87594,-24.6978,0.511056,-14.9532,0.132367,-49.5645,18.2586,-26.874,-2.57759
194,0.0194,2.16633,37.7571,0.284551,98.388,-0.339435,-0.00837157,-0.0526001,-9.19865,0.13643,-29.0723,20.5795,-1.62768,-3.19393,17.699,-0.0973232,-68.2841,-0.134247,0.00242191,0.0152173,-0.313617,-0.212455,-17.699,12.121,-5.3005,-0.248333,11.269,0.0862649,51.9796,-0.115892,-0.00291062,-0.018288,-0.0959777,0.391181,-11.269,8.12554,3.77672,0.156616,8.78906,0.29561,114.693,-0.0892961,-0.00788286,-0.0495294,-8.78906,-0.0422959,-0.104343,0.332967,-0.103897,-3.10221,-0.39541,0.191731,-0.628652,-0.343386,-0.51459,0.0618438,-5.4157,-0.15515,-19.9354,-1.87646,-24.7028,0.512651,-15.0098,0.173012,-49.6363,18.3596,-26.8451,-2.61943
195,0.0195,2.1775,37.8182,0.277757,93.055,-0.340065,-0.00822048,-0.0516508,-9.17301,0.0322561,-29.1348,20.6806,-1.59517,-3.15145,17.6983,-0.107141,-75.1725,-0.134242,0.00266623,0.0167524,-0.263062,-0.31158,-17.6983,12.161,-5.29489,-0.190141,11.3221,0.0880468,53.0533,-0.116438,-0.00297075,-0.0186658,-0.112228,0.384863,-11.3221,8.18196,3.80025,0.144742,8.79772,0.296851,115.174,-0.0893841,-0.00791596,-0.0497374,-8.79772,-0.0410265,-0.114322,0.337693,-0.100531,-3.10605,-0.393108,0.19117,-0.637189,-0.346392,-0.518706,0.061939,-5.42411,-0.156175,-19.9332,-1.87596,-24.7103,0.514361,-14.9902,0.067251,-49.7052,18.4583,-26.8242,-2.57515
196,0.0196,2.18867,37.854,0.25811,78.7044,-0.340511,-0.00774583,-0.0486685,-9.10183,-0.235223,-29.1714,20.7606,-1.55939,-3.03966,17.6688,-0.129504,-90.863,-0.134019,0.00322274,0.0202491,-0.170468,-0.568933,-17.6688,12.1781,-5.28873,-0.0631251,11.3774,0.0893793,53.8562,-0.117006,-0.00301571,-0.0189482,-0.123588,0.373022,-11.3774,8.23965,3.82614,0.133913,8.80777,0.298235,115.711,-0.0894862,-0.00795287,-0.0499693,-8.80777,-0.0393119,-0.125162,0.342857,-0.0967991,-3.11045,-0.392222,0.190041,-0.643016,-0.347165,-0.522982,0.0632248,-5.43406,-0.157673,-19.9309,-1.87458,-24.7193,0.516039,-14.9281,-0.202856,-49.7452,18.5389,-26.8017,-2.4604
197,0.0197,2.19983,37.805,0.23176,59.6525,-0.340303,-0.00709987,-0.0446098,-9.03073,-0.608077,-29.1225,20.78,-1.51053,-2.9026,17.5585,-0.158195,-110.993,-0.133182,0.00393671,0.0247351,-0.0814176,-0.92784,-17.5585,12.1382,-5.26943,0.0883193,11.4271,0.0901721,54.3339,-0.117517,-0.00304246,-0.0191163,-0.129915,0.356854,-11.4271,8.29331,3.85155,0.124558,8.8194,0.299782,116.312,-0.0896044,-0.00799413,-0.0502286,-8.8194,-0.0370902,-0.136948,0.348508,-0.0926526,-3.11548,-0.394319,0.189838,-0.652663,-0.350211,-0.533696,0.0647712,-5.44546,-0.159443,-19.9286,-1.8726,-24.7299,0.517804,-14.8705,-0.577681,-49.7038,18.5572,-26.7741,-2.32003
198,0.0198,2.211,37.6821,0.22103,51.5495,-0.339523,-0.00683872,-0.0429689,-9.0397,-0.818043,-28.9991,20.7493,-1.447,-2.86171,17.3786,-0.170971,-119.957,-0.131817,0.00425465,0.0267328,-0.0762205,-1.12048,-17.3786,12.0521,-5.23514,0.14227,11.4706,0.0904836,54.5216,-0.117965,-0.00305297,-0.0191824,-0.130661,0.336734,-11.4706,8.34254,3.87617,0.117255,8.83282,0.301518,116.985,-0.0897407,-0.0080404,-0.0505193,-8.83282,-0.0342932,-0.149782,0.354705,-0.0880307,-3.12124,-0.399008,0.190961,-0.671816,-0.358376,-0.55489,0.0659742,-5.45764,-0.16127,-19.927,-1.87043,-24.742,0.519644,-14.8963,-0.788353,-49.5979,18.5205,-26.7438,-2.27609
199,0.0199,2.22217,37.5722,0.216972,48.06,-0.338835,-0.00674388,-0.0423731,-9.09004,-0.95438,-28.8878,20.7237,-1.3881,-2.86648,17.2143,-0.177284,-124.386,-0.130571,0.00441174,0.0277198,-0.113136,-1.24056,-17.2143,11.9737,-5.20594,0.149307,11.5097,0.090787,54.7044,-0.118367,-0.0030632,-0.0192467,-0.12868,0.317028,-11.5097,8.38843,3.90072,0.112007,8.84822,0.303468,117.742,-0.0898972,-0.00809242,-0.0508462,-8.84822,-0.030848,-0.163768,0.361512,-0.0828665,-3.12779,-0.404913,0.192729,-0.694275,-0.368934,-0.580369,0.066861,-5.4687,-0.162938,-19.9271,-1.86862,-24.7543,0.521215,-14.9636,-0.924589,-49.5091,18.4861,-26.7228,-2.27841
200,0.02,2.23333,37.4783,0.216341,46.8583,-0.338266,-0.00673859,-0.0423398,-9.16614,-1.05018,-28.7915,20.7042,-1.33352,-2.89631,17.0664,-0.180838,-126.88,-0.129449,0.00450019,0.0282755,-0.173981,-1.32414,-17.0664,11.9032,-5.18249,0.130324,11.5461,0.0915217,55.1471,-0.118741,-0.00308799,-0.0194024,-0.126384,0.300615,-11.5461,8.43207,3.92607,0.108573,8.86578,0.305657,118.591,-0.0900756,-0.00815079,-0.0512129,-8.86578,-0.0266625,-0.178982,0.368976,-0.0770969,-3.13521,-0.406259,0.193624,-0.700396,-0.372733,-0.587634,0.0665576,-5.47641,-0.16426,-19.9291,-1.86755,-24.7648,0.522074,-15.0488,-1.02082,-49.421,18.464,-26.686,-2.30768
201,0.0201,2.2445,37.4196,0.217923,47.0939,-0.337972,-0.00679213,-0.0426762,-9.25943,-1.10737,-28.7295,20.7042,-1.28652,-2.94603,16.9508,-0.182803,-128.259,-0.128572,0.00454911,0.0285829,-0.249769,-1.37274,-16.9508,11.8518,-5.16941,0.090969,11.5833,0.092634,55.8173,-0.119124,-0.00312552,-0.0196382,-0.124167,0.286967,-11.5833,8.47536,3.95358,0.106435,8.8855,0.308092,119.536,-0.0902759,-0.00821572,-0.0516209,-8.8855,-0.0216011,-0.195397,0.377094,-0.0706904,-3.14343,-0.402072,0.194959,-0.688778,-0.370119,-0.573125,0.0635386,-5.48235,-0.165214,-19.9315,-1.86688,-24.7737,0.522707,-15.1439,-1.07763,-49.3498,18.4672,-26.6333,-2.35978
202,0.0202,2.25567,37.3923,0.219489,47.2749,-0.337935,-0.00684311,-0.0429965,-9.35918,-1.1558,-28.6981,20.7199,-1.24299,-3.00356,16.8599,-0.184724,-129.607,-0.127882,0.00459691,0.0288832,-0.334214,-1.41183,-16.8599,11.8138,-5.16397,0.0424572,11.6253,0.0934531,56.3109,-0.119556,-0.00315316,-0.0198119,-0.117828,0.271538,-11.6253,8.52034,3.98464,0.106275,8.90714,0.31076,120.571,-0.0904958,-0.00828687,-0.0520679,-8.90714,-0.0154995,-0.212847,0.385791,-0.0636635,-3.15229,-0.40069,0.198306,-0.682592,-0.371683,-0.565324,0.0596808,-5.4878,-0.165829,-19.9336,-1.86648,-24.7817,0.52347,-15.2477,-1.12332,-49.3142,18.4817,-26.59,-2.42041
203,0.0203,2.26683,37.3991,0.219426,46.4758,-0.338183,-0.0068332,-0.0429343,-9.44749,-1.18528,-28.7,20.7531,-1.20169,-3.06583,16.7924,-0.186152,-130.608,-0.127371,0.00463244,0.0291065,-0.423452,-1.42466,-16.7924,11.7891,-5.16595,-0.0175329,11.6765,0.0919292,55.3926,-0.120083,-0.00310174,-0.0194888,-0.0939012,0.247705,-11.6765,8.56897,4.0203,0.11318,8.93014,0.313649,121.692,-0.0907295,-0.00836391,-0.052552,-8.93014,-0.00832549,-0.231132,0.394984,-0.0560474,-3.16147,-0.404456,0.202146,-0.68757,-0.378036,-0.572956,0.0574183,-5.49119,-0.166088,-19.9354,-1.86646,-24.7872,0.523954,-15.3431,-1.14922,-49.323,18.5086,-26.5619,-2.48445
204,0.0204,2.278,37.3522,0.22055,46.4835,-0.338015,-0.00684988,-0.043039,-9.52546,-1.15706,-28.6486,20.7458,-1.14596,-3.13655,16.6752,-0.18622,-130.656,-0.126482,0.00463413,0.0291171,-0.509062,-1.38285,-16.6752,11.7272,-5.15341,-0.0914971,11.7235,0.090032,54.2494,-0.120565,-0.00303773,-0.0190866,-0.0627986,0.226014,-11.7235,8.614,4.05536,0.125513,8.9536,0.316738,122.89,-0.0909678,-0.00844628,-0.0530696,-8.9536,-0.000221544,-0.249997,0.404566,-0.0479072,-3.17057,-0.409182,0.204752,-0.702889,-0.386472,-0.591316,0.0568871,-5.49202,-0.166039,-19.9359,-1.86654,-24.7886,0.524022,-15.4267,-1.11835,-49.2875,18.4928,-26.5259,-2.55565
205,0.0205,2.28917,37.2878,0.22123,46.1533,-0.33768,-0.00685629,-0.0430794,-9.59922,-1.12626,-28.5806,20.724,-1.09132,-3.20237,16.553,-0.186869,-131.112,-0.125555,0.00465029,0.0292186,-0.594177,-1.34367,-16.553,11.6584,-5.1389,-0.164837,11.759,0.0882124,53.153,-0.120931,-0.00297633,-0.0187008,-0.0292266,0.208756,-11.759,8.6515,4.08716,0.141223,8.97582,0.319887,124.112,-0.0911935,-0.00853025,-0.0535971,-8.97582,0.00865017,-0.268545,0.414083,-0.0395818,-3.17876,-0.413151,0.205542,-0.732375,-0.397709,-0.621372,0.0579833,-5.49069,-0.165762,-19.9345,-1.86652,-24.7859,0.523731,-15.5031,-1.08648,-49.2475,18.4597,-26.4986,-2.62066
206,0.0206,2.30033,37.252,0.219991,44.6619,-0.33755,-0.0068094,-0.0427847,-9.66409,-1.10295,-28.5419,20.719,-1.04556,-3.25987,16.4635,-0.188475,-132.239,-0.124876,0.00469026,0.0294698,-0.681793,-1.31466,-16.4635,11.6092,-5.13327,-0.237562,11.7944,0.0858498,51.7295,-0.121295,-0.00289662,-0.0182,0.011768,0.193301,-11.7944,8.68769,4.11992,0.162246,8.99407,0.322617,125.171,-0.091379,-0.00860304,-0.0540545,-8.99407,0.0184087,-0.283988,0.422076,-0.0322024,-3.18455,-0.414361,0.204051,-0.748826,-0.401671,-0.638094,0.0600799,-5.48657,-0.165309,-19.9331,-1.86676,-24.78,0.522846,-15.565,-1.0642,-49.2239,18.4505,-26.4636,-2.67694
207,0.0207,2.3115,37.2361,0.217171,42.3165,-0.337557,-0.00671979,-0.0422217,-9.72057,-1.07763,-28.5236,20.7255,-1.0077,-3.30939,16.4,-0.19069,-133.793,-0.124394,0.00474537,0.0298161,-0.772803,-1.29033,-16.4,11.5756,-5.13451,-0.311748,11.8292,0.0832563,50.1667,-0.121653,-0.00280911,-0.0176502,0.0591318,0.183752,-11.8292,8.7224,4.15343,0.189598,9.0069,0.324605,125.942,-0.0915093,-0.00865605,-0.0543876,-9.0069,0.0289452,-0.294385,0.427542,-0.0266184,-3.18724,-0.416211,0.201,-0.761601,-0.403108,-0.653298,0.0637511,-5.48106,-0.164772,-19.9332,-1.86753,-24.7739,0.521661,-15.6178,-1.04141,-49.2184,18.4549,-26.4349,-2.72398
208,0.0208,2.32267,37.2336,0.213234,39.4821,-0.337645,-0.00660091,-0.0414747,-9.76845,-1.03985,-28.5187,20.7395,-0.976995,-3.35265,16.3574,-0.193098,-135.482,-0.124072,0.00480529,0.0301925,-0.865658,-1.26184,-16.3574,11.5544,-5.14101,-0.388788,11.8627,0.0806849,48.6173,-0.121998,-0.00272235,-0.017105,0.110665,0.182267,-11.8627,8.75519,4.18745,0.222747,9.01346,0.325647,126.347,-0.091576,-0.00868385,-0.0545622,-9.01346,0.0397288,-0.298501,0.429851,-0.0234291,-3.18661,-0.423479,0.201162,-0.796839,-0.416853,-0.691076,0.0664858,-5.47906,-0.164341,-19.9317,-1.8679,-24.7704,0.521405,-15.671,-1.00302,-49.2472,18.4547,-26.4384,-2.76476
209,0.0209,2.33383,37.2409,0.208544,36.4825,-0.337789,-0.00646369,-0.0406126,-9.80299,-0.981903,-28.5237,20.7589,-0.952548,-3.38893,16.3321,-0.195305,-137.03,-0.123879,0.00486021,0.0305376,-0.956009,-1.22089,-16.3321,11.5436,-5.15178,-0.467946,11.897,0.0784122,47.2479,-0.122351,-0.00264567,-0.0166232,0.164783,0.188578,-11.897,8.78719,4.22273,0.260759,9.01177,0.325437,126.265,-0.0915588,-0.00867824,-0.054527,-9.01177,0.050413,-0.294555,0.428077,-0.0235001,-3.18174,-0.431391,0.203851,-0.826997,-0.43174,-0.7232,0.0669558,-5.47998,-0.164035,-19.9297,-1.86807,-24.7696,0.521902,-15.7144,-0.942086,-49.2804,18.459,-26.4453,-2.80007
210,0.021,2.345,37.2555,0.204286,34.1274,-0.33797,-0.00633979,-0.0398341,-9.81302,-0.891699,-28.5368,20.7826,-0.933864,-3.41366,16.321,-0.196363,-137.773,-0.123795,0.00488655,0.0307031,-1.03197,-1.15486,-16.321,11.5414,-5.16642,-0.544046,11.9333,0.0766826,46.2057,-0.122723,-0.00258731,-0.0162566,0.220153,0.202758,-11.9333,8.81893,4.25956,0.302968,9.0012,0.323966,125.695,-0.0914515,-0.00863903,-0.0542806,-9.0012,0.0604013,-0.282541,0.422221,-0.027008,-3.17258,-0.438376,0.206579,-0.833875,-0.43816,-0.734926,0.06681,-5.48218,-0.163826,-19.9297,-1.8686,-24.772,0.522685,-15.7336,-0.848946,-49.3004,18.4758,-26.4408,-2.82416
211,0.0211,2.35617,37.2693,0.202145,33.4409,-0.338135,-0.00627511,-0.0394277,-9.79056,-0.766142,-28.5501,20.8039,-0.917368,-3.42134,16.3131,-0.195344,-137.058,-0.123735,0.00486119,0.0305437,-1.08058,-1.05954,-16.3131,11.5396,-5.18242,-0.608423,11.9722,0.0758633,45.712,-0.123124,-0.00255967,-0.0160829,0.273992,0.22443,-11.9722,8.85079,4.29815,0.347651,8.98397,0.321626,124.787,-0.0912764,-0.00857663,-0.0538885,-8.98397,0.0689716,-0.264836,0.413518,-0.0330982,-3.16056,-0.450863,0.209205,-0.843144,-0.445828,-0.755161,0.0687819,-5.48576,-0.163734,-19.9319,-1.86951,-24.7782,0.523744,-15.7272,-0.720671,-49.3252,18.4886,-26.4507,-2.82881
212,0.0212,2.36733,37.2601,0.202429,34.4744,-0.338128,-0.00627843,-0.0394485,-9.7385,-0.620194,-28.5411,20.8048,-0.894524,-3.40917,16.2818,-0.192482,-135.05,-0.123498,0.00478996,0.0300962,-1.1022,-0.949204,-16.2818,11.5181,-5.19255,-0.656892,12.0146,0.0759834,45.7843,-0.12356,-0.00256372,-0.0161083,0.327383,0.253328,-12.0146,8.88308,4.33851,0.395505,8.96368,0.318928,123.74,-0.0910702,-0.00850467,-0.0534364,-8.96368,0.0756818,-0.244604,0.403601,-0.0404835,-3.14778,-0.464602,0.211265,-0.855762,-0.454112,-0.779801,0.0717815,-5.49069,-0.163768,-19.9354,-1.87056,-24.7871,0.525065,-15.6938,-0.572698,-49.3323,18.4801,-26.4614,-2.81232
213,0.0213,2.3785,37.233,0.2045,36.6398,-0.337992,-0.00633703,-0.0398167,-9.67063,-0.465706,-28.5139,20.7874,-0.864315,-3.38366,16.2297,-0.189056,-132.646,-0.123103,0.00470471,0.0295606,-1.10647,-0.835381,-16.2297,11.4783,-5.19646,-0.693733,12.0601,0.0773228,46.5915,-0.124028,-0.00260891,-0.0163923,0.379023,0.289111,-12.0601,8.91549,4.38032,0.445772,8.94319,0.316234,122.694,-0.090862,-0.00843282,-0.052985,-8.94319,0.080564,-0.224134,0.393635,-0.0481672,-3.1357,-0.478338,0.212246,-0.90431,-0.4742,-0.834199,0.0761029,-5.49628,-0.163913,-19.9378,-1.87112,-24.7956,0.526487,-15.6453,-0.417373,-49.3561,18.4421,-26.4941,-2.78107
214,0.0214,2.38967,37.2121,0.206301,38.449,-0.337908,-0.00639927,-0.0402078,-9.59988,-0.31184,-28.4927,20.7697,-0.833348,-3.35239,16.1821,-0.187209,-131.35,-0.122742,0.00465875,0.0292718,-1.10719,-0.727907,-16.1821,11.4394,-5.20005,-0.727576,12.1061,0.0797988,48.0834,-0.1245,-0.00269246,-0.0169172,0.431221,0.332141,-12.1061,8.94614,4.42233,0.500123,8.92392,0.313711,121.716,-0.0906662,-0.00836557,-0.0525624,-8.92392,0.0839261,-0.20454,0.384173,-0.0556303,-3.12493,-0.490795,0.209891,-0.959051,-0.492716,-0.894097,0.0831949,-5.49908,-0.164051,-19.9403,-1.87149,-24.801,0.527128,-15.5898,-0.265999,-49.392,18.4055,-26.5284,-2.74206
215,0.0215,2.40083,37.1956,0.208104,40.0687,-0.337853,-0.00647274,-0.0406694,-9.52288,-0.155017,-28.4755,20.7515,-0.802925,-3.31352,16.1406,-0.186801,-131.063,-0.122427,0.00464858,0.0292079,-1.1002,-0.623616,-16.1406,11.4039,-5.20322,-0.756403,12.1487,0.0834891,50.307,-0.124939,-0.00281697,-0.0176995,0.483658,0.382507,-12.1487,8.97224,4.46295,0.558441,8.90633,0.311416,120.825,-0.0904876,-0.00830435,-0.0521778,-8.90633,0.0860923,-0.186223,0.375407,-0.0626598,-3.11556,-0.496449,0.209554,-1.00892,-0.510706,-0.940854,0.0858669,-5.50395,-0.164282,-19.9402,-1.87095,-24.8063,0.528241,-15.5233,-0.109745,-49.4246,18.3699,-26.5501,-2.69941
216,0.0216,2.412,37.1824,0.211009,42.265,-0.337804,-0.00658516,-0.0413758,-9.43157,0.00700061,-28.4612,20.7314,-0.777155,-3.26095,16.1092,-0.186776,-131.046,-0.122189,0.00464796,0.029204,-1.07632,-0.52033,-16.1092,11.3743,-5.20785,-0.773394,12.1828,0.0884362,53.2879,-0.125289,-0.00298388,-0.0187483,0.53522,0.440014,-12.1828,8.98972,4.49988,0.619917,8.89047,0.309349,120.023,-0.0903265,-0.00824924,-0.0518315,-8.89047,0.0873171,-0.16927,0.367364,-0.0691897,-3.10748,-0.508161,0.208583,-1.05762,-0.527964,-0.994609,0.0914387,-5.50739,-0.164443,-19.9425,-1.87084,-24.8123,0.52892,-15.4471,0.051141,-49.4614,18.3326,-26.5841,-2.64059
217,0.0217,2.42317,37.1363,0.217409,46.7373,-0.337472,-0.00679471,-0.0426924,-9.31996,0.166701,-28.4137,20.6808,-0.750034,-3.18603,16.057,-0.184574,-129.502,-0.121793,0.00459318,0.0288598,-1.02709,-0.424921,-16.057,11.3261,-5.20571,-0.767809,12.2031,0.094489,56.935,-0.125498,-0.00318811,-0.0200315,0.58336,0.503835,-12.2031,8.9947,4.5309,0.682318,8.87623,0.307494,119.304,-0.0901817,-0.00819978,-0.0515208,-8.87623,0.0877863,-0.15363,0.360007,-0.0752173,-3.10054,-0.528338,0.211462,-1.1244,-0.556478,-1.0713,0.0967574,-5.51233,-0.164574,-19.9443,-1.87049,-24.8194,0.529987,-15.3606,0.213589,-49.4824,18.2539,-26.6407,-2.55929
218,0.0218,2.43433,37.0648,0.225433,52.2476,-0.336905,-0.00704877,-0.0442887,-9.19797,0.325282,-28.3406,20.6069,-0.725508,-3.09922,15.9955,-0.181362,-127.247,-0.121326,0.00451323,0.0283575,-0.958952,-0.334385,-15.9955,11.2694,-5.1989,-0.746315,12.2059,0.100965,60.8371,-0.125527,-0.00340661,-0.0214043,0.624413,0.572033,-12.2059,8.98424,4.55416,0.741699,8.86343,0.30583,118.658,-0.0900517,-0.0081554,-0.0512419,-8.86343,0.0876339,-0.13921,0.35328,-0.0807656,-3.09461,-0.53985,0.214887,-1.15119,-0.57064,-1.10542,0.0979884,-5.51565,-0.164555,-19.947,-1.87056,-24.8255,0.530672,-15.2535,0.375614,-49.4387,18.1657,-26.6565,-2.47056
219,0.0219,2.4455,36.9725,0.23307,57.4698,-0.336133,-0.00729025,-0.045806,-9.07889,0.476721,-28.2465,20.5142,-0.705167,-3.01156,15.93,-0.178338,-125.126,-0.12083,0.00443798,0.0278847,-0.881706,-0.252301,-15.93,11.2092,-5.18839,-0.715839,12.1906,0.107074,64.5182,-0.125369,-0.00361273,-0.0226995,0.654732,0.642061,-12.1906,8.95791,4.56909,0.793809,8.85191,0.304334,118.077,-0.0899347,-0.0081155,-0.0509912,-8.85191,0.0869622,-0.125908,0.347122,-0.0858659,-3.08953,-0.54872,0.218994,-1.16357,-0.580691,-1.12444,0.0974015,-5.51714,-0.164372,-19.9501,-1.87103,-24.8301,0.530953,-15.1447,0.531343,-49.3602,18.0625,-26.6597,-2.3832
220,0.022,2.45667,36.865,0.240354,62.4724,-0.335203,-0.00751658,-0.0472281,-8.95846,0.619872,-28.1371,20.4074,-0.690716,-2.92171,15.8655,-0.175066,-122.83,-0.12034,0.00435656,0.027373,-0.78833,-0.176761,-15.8655,11.1493,-5.17595,-0.671627,12.158,0.112434,67.748,-0.125034,-0.00379359,-0.0238358,0.671378,0.710784,-12.158,8.91662,4.57578,0.835095,8.84151,0.302986,117.554,-0.089829,-0.00807955,-0.0507653,-8.84151,0.0858494,-0.113627,0.341478,-0.090551,-3.08518,-0.557775,0.22264,-1.14813,-0.58,-1.12128,0.09715,-5.5172,-0.164038,-19.9544,-1.87201,-24.8342,0.53093,-15.0334,0.678474,-49.2396,17.9554,-26.6462,-2.29363
221,0.0221,2.46783,36.7487,0.247039,67.119,-0.334167,-0.00771879,-0.0484986,-8.83965,0.74815,-28.0189,20.2917,-0.683268,-2.8316,15.8066,-0.171457,-120.298,-0.119894,0.00426676,0.0268088,-0.681128,-0.111803,-15.8066,11.0935,-5.16302,-0.61389,12.11,0.116727,70.3348,-0.12454,-0.00393844,-0.0247459,0.673555,0.775594,-12.11,8.86193,4.57461,0.863758,8.83208,0.301769,117.082,-0.0897332,-0.00804711,-0.0505615,-8.83208,0.0843586,-0.10228,0.3363,-0.094852,-3.08147,-0.563591,0.227678,-1.14339,-0.584401,-1.12184,0.0945039,-5.518,-0.163647,-19.9544,-1.87222,-24.8352,0.531234,-14.9212,0.812182,-49.1167,17.8351,-26.6403,-2.20586
222,0.0222,2.479,36.6223,0.252619,71.0732,-0.33302,-0.00788299,-0.0495303,-8.73377,0.855612,-27.8905,20.1675,-0.681341,-2.74864,15.7503,-0.167862,-117.776,-0.119467,0.00417729,0.0262467,-0.572701,-0.0620346,-15.7503,11.0404,-5.14852,-0.550332,12.0484,0.119812,72.1934,-0.123907,-0.00404251,-0.0253998,0.662429,0.835103,-12.0484,8.79554,4.56598,0.879988,8.8235,0.300669,116.655,-0.089646,-0.00801777,-0.0503771,-8.8235,0.0825428,-0.0917887,0.331544,-0.0987975,-3.07829,-0.574065,0.231103,-1.16845,-0.598247,-1.15298,0.0953807,-5.51758,-0.163168,-19.9538,-1.8725,-24.8341,0.531302,-14.8254,0.923547,-49.0128,17.6967,-26.6684,-2.12195
223,0.0223,2.49017,36.4902,0.257093,74.3389,-0.331799,-0.0080092,-0.0503233,-8.63581,0.941709,-27.7566,20.0386,-0.686207,-2.66968,15.7,-0.16427,-115.256,-0.119085,0.00408791,0.0256851,-0.459729,-0.0271851,-15.7,10.9927,-5.13385,-0.478698,11.9746,0.121691,73.326,-0.123148,-0.00410593,-0.0257983,0.639583,0.888452,-11.9746,8.71871,4.55005,0.884601,8.81566,0.299672,116.269,-0.0895664,-0.00799118,-0.0502101,-8.81566,0.0804428,-0.0820842,0.327173,-0.102415,-3.07558,-0.577479,0.23319,-1.20597,-0.614384,-1.18641,0.0950826,-5.51625,-0.162663,-19.95,-1.87225,-24.8291,0.531208,-14.7295,1.01224,-48.9126,17.5519,-26.7017,-2.04339
224,0.0224,2.50133,36.3592,0.260201,76.7222,-0.330559,-0.00809224,-0.0508451,-8.54687,1.00525,-27.6239,19.9106,-0.699331,-2.59576,15.6607,-0.161081,-113.018,-0.118787,0.00400855,0.0251865,-0.344915,-0.00789293,-15.6607,10.9544,-5.12092,-0.401076,11.89,0.122517,73.8235,-0.122278,-0.00413379,-0.0259733,0.606517,0.935046,-11.89,8.63309,4.52731,0.87859,8.80847,0.298765,115.917,-0.0894933,-0.00796701,-0.0500582,-8.80847,0.0780941,-0.073104,0.32315,-0.105729,-3.07328,-0.60257,0.229037,-1.2773,-0.638013,-1.27568,0.109109,-5.50833,-0.161992,-19.9504,-1.8732,-24.8207,0.529413,-14.6578,1.07229,-48.8516,17.3994,-26.7957,-1.95724
225,0.0225,2.5125,36.2336,0.262184,78.3746,-0.329338,-0.00813986,-0.0511442,-8.47172,1.04577,-27.4966,19.7875,-0.720817,-2.53029,15.6345,-0.158245,-111.029,-0.118588,0.00393798,0.024743,-0.234438,-0.00395678,-15.6345,10.9272,-5.11066,-0.32183,11.7973,0.122487,73.8057,-0.121324,-0.00413279,-0.0259671,0.564562,0.974199,-11.7973,8.54088,4.49861,0.862852,8.80184,0.297942,115.597,-0.0894259,-0.00794505,-0.0499202,-8.80184,0.0755248,-0.0647914,0.319449,-0.108763,-3.07131,-0.611879,0.23127,-1.33706,-0.662608,-1.33406,0.111165,-5.50737,-0.161594,-19.9438,-1.87238,-24.8134,0.529431,-14.591,1.11544,-48.7774,17.2526,-26.8683,-1.88969
226,0.0226,2.52367,36.1148,0.262922,79.1974,-0.328156,-0.00815074,-0.0512126,-8.41356,1.0652,-27.3762,19.6709,-0.749441,-2.47635,15.6199,-0.15606,-109.495,-0.118477,0.00388358,0.0244013,-0.133335,-0.0133445,-15.6199,10.9102,-5.10294,-0.245465,11.6992,0.121791,73.3864,-0.120316,-0.00410931,-0.0258195,0.515473,1.00578,-11.6992,8.44462,4.46503,0.838761,8.7957,0.297191,115.306,-0.0893636,-0.00792501,-0.0497943,-8.7957,0.0727611,-0.0571,0.316042,-0.111536,-3.06964,-0.632547,0.231521,-1.39674,-0.685946,-1.40664,0.119407,-5.50482,-0.161236,-19.9407,-1.87239,-24.8077,0.528973,-14.5509,1.13548,-48.7136,17.1126,-26.9638,-1.82797
227,0.0227,2.53483,36.005,0.262553,79.2729,-0.327037,-0.00812959,-0.0510797,-8.37562,1.06684,-27.265,19.5626,-0.784266,-2.43711,15.6166,-0.154533,-108.424,-0.118452,0.00384559,0.0241625,-0.0465453,-0.0328056,-15.6166,10.903,-5.09789,-0.176528,11.5984,0.12058,72.6564,-0.119279,-0.00406843,-0.0255627,0.460914,1.02983,-11.5984,8.34667,4.42769,0.807651,8.78999,0.296505,115.04,-0.0893056,-0.00790674,-0.0496795,-8.78999,0.0698241,-0.0499869,0.312907,-0.114067,-3.06823,-0.668423,0.233843,-1.50265,-0.730097,-1.53274,0.131662,-5.50397,-0.161041,-19.9372,-1.87222,-24.8035,0.528918,-14.548,1.13965,-48.7048,16.9602,-27.1205,-1.77653
228,0.0228,2.546,35.9056,0.261519,78.9011,-0.325996,-0.00808872,-0.050823,-8.35035,1.05135,-27.1644,19.4645,-0.824818,-2.40681,15.624,-0.153356,-107.598,-0.118508,0.0038163,0.0239785,0.0318096,-0.0620168,-15.624,10.9056,-5.09599,-0.11068,11.497,0.118996,71.7018,-0.118236,-0.00401498,-0.0252269,0.402498,1.04663,-11.497,8.24885,4.38754,0.770907,8.78466,0.295879,114.797,-0.0892514,-0.00789004,-0.0495746,-8.78466,0.0667313,-0.0434146,0.310023,-0.116373,-3.06704,-0.674108,0.233898,-1.49179,-0.726709,-1.53028,0.1338,-5.50442,-0.161002,-19.9356,-1.87236,-24.8026,0.529139,-14.5289,1.12425,-48.5917,16.8654,-27.1577,-1.74387
229,0.0229,2.55717,35.8262,0.260501,78.5434,-0.325111,-0.0080466,-0.0505583,-8.33717,1.0207,-27.0839,19.3827,-0.872608,-2.38452,15.6496,-0.152018,-106.659,-0.118703,0.00378301,0.0237694,0.100688,-0.0997343,-15.6496,10.9223,-5.09975,-0.0485516,11.3969,0.117214,70.6281,-0.117207,-0.00395486,-0.0248491,0.3418,1.05694,-11.3969,8.15301,4.34561,0.730067,8.77966,0.295306,114.575,-0.0892006,-0.00787475,-0.0494785,-8.77966,0.0634998,-0.0373502,0.307373,-0.118466,-3.06604,-0.694844,0.234099,-1.52123,-0.73986,-1.57699,0.141549,-5.50652,-0.161116,-19.9363,-1.87289,-24.8057,0.529742,-14.5385,1.09369,-48.5415,16.7699,-27.2553,-1.71323
230,0.023,2.56833,35.7538,0.258602,77.5522,-0.324291,-0.0079826,-0.0501562,-8.33322,0.974452,-27.0107,19.3094,-0.922087,-2.36866,15.6779,-0.151608,-106.372,-0.118917,0.00377282,0.0237053,0.161661,-0.14689,-15.6779,10.9431,-5.10486,0.0101797,11.301,0.115429,69.5528,-0.116221,-0.00389465,-0.0244708,0.280063,1.0612,-11.301,8.06133,4.30313,0.686364,8.77495,0.294781,114.371,-0.0891527,-0.00786077,-0.0493907,-8.77495,0.0601454,-0.0317661,0.304942,-0.120361,-3.0652,-0.689417,0.236239,-1.45376,-0.716854,-1.51449,0.137077,-5.51381,-0.161473,-19.9362,-1.87297,-24.8138,0.531665,-14.5364,1.04922,-48.4006,16.7196,-27.2503,-1.69991
231,0.0231,2.5795,35.6891,0.255443,75.6383,-0.323546,-0.00788951,-0.0495713,-8.33664,0.913434,-26.9453,19.2451,-0.972236,-2.35776,15.7073,-0.15275,-107.173,-0.119141,0.00380123,0.0238838,0.215265,-0.203814,-15.7073,10.9669,-5.11126,0.0653741,11.2113,0.113892,68.6263,-0.115298,-0.00384277,-0.0241448,0.218586,1.06057,-11.2113,7.9755,4.26109,0.641366,8.77049,0.294302,114.185,-0.0891074,-0.00784797,-0.0493103,-8.77049,0.0566833,-0.0266382,0.302719,-0.122068,-3.0645,-0.695391,0.237701,-1.42184,-0.706744,-1.49359,0.137789,-5.52202,-0.161924,-19.9383,-1.87345,-24.825,0.533772,-14.5541,0.989211,-48.3054,16.6649,-27.2908,-1.6862
232,0.0232,2.59067,35.6302,0.254774,75.4111,-0.322864,-0.00786272,-0.0494029,-8.36474,0.856684,-26.8859,19.1886,-1.02192,-2.36538,15.7359,-0.151924,-106.593,-0.119357,0.00378067,0.0237546,0.243197,-0.253127,-15.7359,10.9921,-5.11806,0.10199,11.1281,0.112835,67.9893,-0.114442,-0.0038071,-0.0239207,0.158321,1.05668,-11.1281,7.89589,4.21974,0.596556,8.76626,0.293863,114.015,-0.0890644,-0.00783629,-0.0492369,-8.76626,0.0531298,-0.0219458,0.300691,-0.123597,-3.06392,-0.697262,0.235842,-1.38211,-0.689181,-1.46439,0.140223,-5.52832,-0.162358,-19.9411,-1.87403,-24.8347,0.53532,-14.5903,0.930169,-48.2091,16.6254,-27.321,-1.68983
233,0.0233,2.60183,35.5947,0.251415,73.3046,-0.322389,-0.0077672,-0.0488028,-8.39381,0.778675,-26.8502,19.15,-1.07355,-2.37663,15.7768,-0.153618,-107.782,-0.119668,0.00382283,0.0240195,0.271008,-0.313028,-15.7768,11.0258,-5.12958,0.139467,11.0557,0.111568,67.226,-0.113698,-0.00376436,-0.0236522,0.0973941,1.0422,-11.0557,7.82541,4.18099,0.547338,8.76222,0.293465,113.861,-0.0890234,-0.00782567,-0.0491701,-8.76222,0.0494995,-0.0176715,0.298851,-0.124958,-3.06344,-0.709424,0.234003,-1.39779,-0.692515,-1.49118,0.146828,-5.53355,-0.162729,-19.9433,-1.87428,-24.8426,0.5365,-14.6368,0.849949,-48.1912,16.5832,-27.4073,-1.69331
234,0.0234,2.613,35.5611,0.246085,69.8374,-0.321976,-0.00761964,-0.0478756,-8.42636,0.688406,-26.8165,19.1178,-1.11593,-2.39154,15.8017,-0.156977,-110.138,-0.119856,0.0039064,0.0245446,0.293571,-0.380393,-15.8017,11.0514,-5.13913,0.174033,11.001,0.109956,66.2545,-0.113136,-0.00370996,-0.0233104,0.0384019,1.02299,-11.001,7.76923,4.14936,0.497466,8.75834,0.293106,113.721,-0.088984,-0.00781608,-0.0491099,-8.75834,0.0458086,-0.0137992,0.297193,-0.126158,-3.06303,-0.717695,0.231209,-1.38268,-0.682681,-1.48944,0.152764,-5.53697,-0.162904,-19.9468,-1.87473,-24.8496,0.537187,-14.681,0.756711,-48.146,16.5604,-27.455,-1.70158
235,0.0235,2.62417,35.5003,0.242128,67.3541,-0.321352,-0.00750344,-0.0471455,-8.47072,0.594738,-26.7561,19.0716,-1.15729,-2.4186,15.8016,-0.158674,-111.329,-0.119855,0.00394864,0.02481,0.301955,-0.441801,-15.8016,11.0629,-5.1448,0.198336,10.9442,0.108019,65.0874,-0.112551,-0.0036446,-0.0228997,-0.0180779,0.994469,-10.9442,7.71304,4.11471,0.445755,8.7546,0.292783,113.596,-0.088946,-0.00780748,-0.0490558,-8.7546,0.0420703,-0.0103139,0.295708,-0.12721,-3.06269,-0.734466,0.232663,-1.4079,-0.692869,-1.52886,0.158228,-5.54094,-0.162891,-19.9486,-1.87472,-24.8557,0.538102,-14.7461,0.66451,-48.1126,16.504,-27.5419,-1.72227
236,0.0236,2.63533,35.4296,0.236127,63.7888,-0.320642,-0.00730406,-0.0458928,-8.52125,0.470824,-26.6858,19.0198,-1.20281,-2.46751,15.7955,-0.158791,-111.411,-0.119809,0.00395154,0.0248283,0.299465,-0.496112,-15.7955,11.0707,-5.15125,0.21425,10.8831,0.102422,61.7154,-0.111923,-0.00345579,-0.0217133,-0.0697414,0.92864,-10.8831,7.65469,4.07656,0.380626,8.75097,0.292495,113.484,-0.0889092,-0.00779981,-0.0490077,-8.75097,0.0382959,-0.00720119,0.29439,-0.12812,-3.06239,-0.73811,0.235789,-1.38916,-0.687838,-1.51628,0.157083,-5.54451,-0.162671,-19.9496,-1.87468,-24.8607,0.539045,-14.8039,0.543942,-48.0246,16.4572,-27.5798,-1.77138
237,0.0237,2.6465,35.401,0.22788,58.8782,-0.320353,-0.0070272,-0.0441532,-8.57338,0.327467,-26.658,18.9973,-1.23465,-2.53081,15.7936,-0.158747,-111.38,-0.119795,0.00395046,0.0248215,0.288193,-0.544296,-15.7936,11.0807,-5.16104,0.222142,10.86,0.0943864,56.8732,-0.111685,-0.00318465,-0.0200097,-0.114137,0.837271,-10.86,7.62346,4.05528,0.309168,8.74744,0.292241,113.385,-0.0888732,-0.00779302,-0.048965,-8.74744,0.0344922,-0.00444711,0.29323,-0.1289,-3.06211,-0.739329,0.241958,-1.35844,-0.681853,-1.49038,0.152311,-5.5478,-0.16232,-19.9497,-1.87467,-24.8643,0.540007,-14.8605,0.407105,-47.9661,16.4408,-27.5894,-1.83849
238,0.0238,2.65767,35.4203,0.223083,56.0116,-0.320536,-0.00686913,-0.04316,-8.62589,0.216772,-26.6783,19.0093,-1.25376,-2.58155,15.7994,-0.158993,-111.553,-0.119839,0.00395659,0.02486,0.270769,-0.589305,-15.7994,11.095,-5.17543,0.224377,10.8769,0.0900597,54.2662,-0.111859,-0.00303866,-0.0190925,-0.152676,0.775412,-10.8769,7.62204,4.05123,0.255938,8.74399,0.292017,113.299,-0.0888382,-0.00778705,-0.0489275,-8.74399,0.030665,-0.00203924,0.292224,-0.129558,-3.06187,-0.739208,0.246846,-1.29378,-0.662457,-1.4362,0.148039,-5.54802,-0.161821,-19.9511,-1.87537,-24.866,0.540217,-14.9131,0.301797,-47.9232,16.4714,-27.556,-1.8933
239,0.0239,2.66883,35.4455,0.222775,55.828,-0.320781,-0.0068636,-0.0431253,-8.68471,0.150722,-26.7048,19.0268,-1.27309,-2.61587,15.8049,-0.159389,-111.831,-0.119881,0.00396645,0.0249219,0.250312,-0.635257,-15.8049,11.1078,-5.19199,0.224638,10.8999,0.0903408,54.4355,-0.112096,-0.00304815,-0.0191521,-0.194415,0.759159,-10.8999,7.62767,4.049,0.221136,8.74061,0.291824,113.224,-0.0888038,-0.0077819,-0.0488951,-8.74061,0.0268197,3.3124e-05,0.291367,-0.130102,-3.06164,-0.765936,0.252966,-1.30411,-0.674258,-1.47337,0.153153,-5.54657,-0.161289,-19.9525,-1.87625,-24.8657,0.539989,-14.9972,0.242399,-47.9614,16.4763,-27.6121,-1.92273
240,0.024,2.68,35.4609,0.224539,56.9044,-0.320943,-0.00692623,-0.0435188,-8.75305,0.105176,-26.7218,19.038,-1.29438,-2.64625,15.8037,-0.15961,-111.986,-0.119871,0.00397193,0.0249564,0.226797,-0.683161,-15.8037,11.1139,-5.20815,0.223563,10.9199,0.0924893,55.7301,-0.112301,-0.00312064,-0.0196075,-0.242548,0.765376,-10.9199,7.63352,4.04432,0.191624,8.7373,0.291659,113.16,-0.0887702,-0.00777752,-0.0488676,-8.7373,0.0229601,0.00177941,0.290653,-0.130539,-3.06143,-0.798858,0.256607,-1.3337,-0.691227,-1.53459,0.163018,-5.54194,-0.160746,-19.9532,-1.8772,-24.8613,0.538925,-15.0938,0.201036,-48.0087,16.4696,-27.6902,-1.9443
241,0.0241,2.69117,35.4442,0.225623,57.5427,-0.32081,-0.00696775,-0.0437797,-8.82509,0.0552213,-26.7069,19.0263,-1.32085,-2.68445,15.7895,-0.160057,-112.3,-0.119764,0.00398307,0.0250264,0.197977,-0.726666,-15.7895,11.1088,-5.22144,0.21709,10.9206,0.0941582,56.7357,-0.112309,-0.00317695,-0.0199614,-0.289019,0.762796,-10.9206,7.62745,4.03145,0.1597,8.73405,0.291523,113.107,-0.0887372,-0.00777387,-0.0488447,-8.73405,0.0190909,0.00320778,0.290079,-0.130873,-3.06124,-0.843198,0.259965,-1.41605,-0.728017,-1.65152,0.177856,-5.53692,-0.160326,-19.9522,-1.87775,-24.8548,0.537701,-15.2052,0.15486,-48.0752,16.4205,-27.8272,-1.96889
242,0.0242,2.70233,35.4168,0.22646,58.0577,-0.320571,-0.00699794,-0.0439694,-8.89847,0.00117236,-26.6816,19.0065,-1.35214,-2.73066,15.774,-0.16019,-112.393,-0.119646,0.00398636,0.025047,0.163591,-0.762239,-15.774,11.1007,-5.23589,0.204421,10.912,0.0952376,57.3861,-0.11222,-0.00321337,-0.0201902,-0.331197,0.748192,-10.912,7.61614,4.01486,0.12597,8.73086,0.291412,113.064,-0.0887048,-0.00777093,-0.0488262,-8.73086,0.0152194,0.00432493,0.28964,-0.131108,-3.06105,-0.860319,0.259267,-1.43108,-0.733299,-1.68331,0.185894,-5.53212,-0.160087,-19.9498,-1.87785,-24.8472,0.536439,-15.2909,0.100352,-48.0625,16.3953,-27.8826,-2.00833
243,0.0243,2.7135,35.3966,0.228174,59.2203,-0.320392,-0.00704632,-0.0442734,-8.97312,-0.0502671,-26.6638,18.9906,-1.3853,-2.78366,15.7633,-0.159057,-111.598,-0.119565,0.00395818,0.02487,0.12368,-0.7865,-15.7633,11.0938,-5.25324,0.185427,10.9056,0.0959026,57.7868,-0.112155,-0.0032358,-0.0203312,-0.369073,0.724876,-10.9056,7.60749,3.99919,0.0917802,8.72772,0.291329,113.032,-0.0886729,-0.0077687,-0.0488122,-8.72772,0.0113561,0.00513629,0.289336,-0.131248,-3.06087,-0.877466,0.256752,-1.42682,-0.728898,-1.70254,0.195765,-5.52732,-0.160052,-19.9466,-1.87758,-24.8389,0.535057,-15.3779,0.0464333,-48.0372,16.3841,-27.9267,-2.05284
244,0.0244,2.72467,35.382,0.230919,61.1163,-0.320268,-0.00711878,-0.0447286,-9.04948,-0.0858524,-26.6517,18.9774,-1.41682,-2.84547,15.7538,-0.156736,-109.97,-0.119493,0.00390042,0.0245071,0.0786801,-0.789859,-15.7538,11.0852,-5.27088,0.157199,10.9036,0.0963829,58.0762,-0.112133,-0.00325201,-0.020433,-0.403535,0.696497,-10.9036,7.60298,3.98536,0.058022,8.72463,0.291272,113.01,-0.0886415,-0.00776719,-0.0488027,-8.72463,0.00750976,0.00564676,0.289164,-0.131296,-3.06069,-0.939093,0.258631,-1.6106,-0.802655,-1.91992,0.219141,-5.5265,-0.160327,-19.9422,-1.87671,-24.8338,0.534561,-15.5151,0.0124513,-48.2045,16.298,-28.1706,-2.09176
245,0.0245,2.73583,35.3812,0.234226,63.4075,-0.320258,-0.00720451,-0.0452673,-9.12369,-0.101482,-26.6538,18.9726,-1.44924,-2.91379,15.7545,-0.153791,-107.903,-0.119498,0.00382714,0.0240466,0.0330287,-0.770216,-15.7545,11.0814,-5.29121,0.121607,10.9051,0.0967756,58.3129,-0.11215,-0.00326526,-0.0205162,-0.435138,0.665046,-10.9051,7.60213,3.97323,0.0251049,8.72158,0.291242,112.998,-0.0886105,-0.00776639,-0.0487977,-8.72158,0.00368879,0.00585974,0.289122,-0.131257,-3.0605,-0.933655,0.258669,-1.53818,-0.774611,-1.85546,0.217375,-5.52905,-0.160864,-19.9384,-1.8757,-24.8332,0.534793,-15.5864,-0.00367635,-48.1304,16.3223,-28.1379,-2.16162
246,0.0246,2.747,35.3945,0.238962,66.6903,-0.320364,-0.00732603,-0.0460308,-9.19166,-0.105904,-26.6701,18.9763,-1.48257,-2.98139,15.766,-0.149467,-104.869,-0.119586,0.00371952,0.0233704,-0.00910561,-0.73728,-15.766,11.0825,-5.3141,0.0855144,10.9099,0.0971912,58.5633,-0.112198,-0.00327928,-0.0206043,-0.463984,0.631476,-10.9099,7.60457,3.96266,-0.00659657,8.71857,0.291238,112.996,-0.0885799,-0.00776627,-0.0487969,-8.71857,-0.000100291,0.00578005,0.289209,-0.131133,-3.06031,-0.954134,0.257346,-1.53348,-0.772667,-1.87475,0.226886,-5.53148,-0.161528,-19.9384,-1.87535,-24.8359,0.53487,-15.6773,-0.0100864,-48.142,16.3283,-28.1932,-2.21964
247,0.0247,2.75817,35.4308,0.245778,71.4113,-0.320652,-0.00750057,-0.0471275,-9.2521,-0.0914314,-26.7098,18.9951,-1.5187,-3.0485,15.7979,-0.143223,-100.488,-0.119828,0.00356414,0.0223941,-0.0460649,-0.684437,-15.7979,11.0957,-5.34134,0.0484643,10.9173,0.097741,58.8946,-0.112275,-0.00329783,-0.0207209,-0.490429,0.596857,-10.9173,7.60997,3.95357,-0.0368454,8.71561,0.29126,113.005,-0.0885498,-0.00776688,-0.0488007,-8.71561,-0.00385108,0.00540905,0.289424,-0.130929,-3.06012,-0.972629,0.261022,-1.52786,-0.775195,-1.88931,0.231101,-5.53921,-0.162436,-19.9353,-1.87401,-24.8416,0.536304,-15.7639,0.0071539,-48.1729,16.3459,-28.2496,-2.2811
248,0.0248,2.76933,35.5044,0.252736,76.1994,-0.32123,-0.00768077,-0.0482597,-9.30287,-0.0579769,-26.787,19.0392,-1.56161,-3.115,15.8643,-0.137102,-96.194,-0.120331,0.00341182,0.0214371,-0.0753937,-0.612444,-15.8643,11.1312,-5.37702,0.0103876,10.9274,0.0985295,59.3697,-0.112379,-0.00332444,-0.0208881,-0.514782,0.562023,-10.9274,7.61829,3.94606,-0.0654601,8.71269,0.291308,113.024,-0.0885202,-0.00776816,-0.0488088,-8.71269,-0.00755597,0.00474972,0.289765,-0.130646,-3.05992,-0.958573,0.26287,-1.38771,-0.723221,-1.7591,0.223875,-5.54943,-0.163429,-19.935,-1.87313,-24.8528,0.538367,-15.8109,0.0414641,-48.1097,16.4429,-28.1735,-2.35275
249,0.0249,2.7805,35.5819,0.259506,80.8216,-0.321843,-0.00785875,-0.049378,-9.34029,-0.000408641,-26.8682,19.0853,-1.60406,-3.18011,15.9324,-0.131463,-92.2377,-0.120848,0.0032715,0.0205554,-0.0933504,-0.516463,-15.9324,11.1661,-5.41372,-0.0280268,10.9396,0.0995873,60.007,-0.112504,-0.00336013,-0.0211123,-0.537105,0.527262,-10.9396,7.62899,3.93995,-0.0923518,8.70983,0.291382,113.052,-0.0884912,-0.00777012,-0.0488211,-8.70983,-0.0112075,0.00380285,0.290232,-0.130287,-3.05973,-1.03467,0.269968,-1.57613,-0.80497,-1.99243,0.247693,-5.56122,-0.1644,-19.9339,-1.87205,-24.865,0.540957,-15.9362,0.105159,-48.3783,16.4083,-28.4614,-2.39146
250,0.025,2.79167,35.6717,0.262198,82.5572,-0.322555,-0.00793689,-0.0498689,-9.37863,0.0112688,-26.9621,19.1377,-1.64745,-3.23515,16.0112,-0.130107,-91.2863,-0.121445,0.00323776,0.0203434,-0.114637,-0.466037,-16.0112,11.2052,-5.45274,-0.0581511,10.9535,0.100825,60.7527,-0.112647,-0.00340188,-0.0213746,-0.556956,0.492105,-10.9535,7.64173,3.93513,-0.117465,8.70703,0.291481,113.091,-0.0884627,-0.00777276,-0.0488377,-8.70703,-0.0147993,0.00256852,0.290824,-0.129854,-3.05953,-0.98063,0.270709,-1.2944,-0.695363,-1.70626,0.225784,-5.57245,-0.165208,-19.9324,-1.87092,-24.876,0.543608,-15.9317,0.11677,-48.1889,16.5714,-28.2298,-2.46576
251,0.0251,2.80283,35.7716,0.259567,80.5535,-0.323342,-0.00788221,-0.0495254,-9.42948,-0.0361995,-27.0662,19.195,-1.69085,-3.28589,16.1001,-0.134058,-94.0582,-0.12212,0.00333607,0.0209612,-0.151792,-0.473389,-16.1001,11.2482,-5.49236,-0.085826,10.9672,0.10202,61.4727,-0.112788,-0.0034422,-0.021628,-0.573382,0.455514,-10.9672,7.65525,3.93086,-0.140716,8.70431,0.291606,113.139,-0.088435,-0.00777608,-0.0488586,-8.70431,-0.0183245,0.00104644,0.291542,-0.129349,-3.05934,-1.08397,0.277816,-1.54747,-0.801496,-2.02288,0.260736,-5.58154,-0.165678,-19.933,-1.8705,-24.8867,0.545973,-16.095,0.0759378,-48.5467,16.523,-28.6005,-2.47918
252,0.0252,2.814,35.8586,0.2564,78.1937,-0.324022,-0.00781175,-0.0490827,-9.47596,-0.0817446,-27.1577,19.2428,-1.73069,-3.33643,16.18,-0.138289,-97.027,-0.122726,0.00344137,0.0216228,-0.18934,-0.476298,-16.18,11.2832,-5.52757,-0.115512,10.9769,0.102934,62.0234,-0.112888,-0.00347303,-0.0218217,-0.584953,0.416329,-10.9769,7.66717,3.92566,-0.161749,8.70167,0.291756,113.197,-0.0884082,-0.00778009,-0.0488837,-8.70167,-0.0217761,-0.000764636,0.292386,-0.128773,-3.05917,-1.01982,0.274332,-1.18397,-0.654671,-1.66269,0.238854,-5.58766,-0.165664,-19.9354,-1.87082,-24.8958,0.547949,-16.0834,0.0269232,-48.2771,16.7173,-28.2892,-2.54963
253,0.0253,2.82517,35.9315,0.253601,76.1081,-0.324577,-0.00774836,-0.0486844,-9.51317,-0.119142,-27.2352,19.2804,-1.76825,-3.38402,16.2519,-0.141936,-99.5855,-0.123271,0.00353211,0.0221929,-0.222995,-0.469178,-16.2519,11.311,-5.55883,-0.145159,10.9804,0.103605,62.428,-0.112923,-0.00349569,-0.0219641,-0.591022,0.375183,-10.9804,7.67598,3.91871,-0.179846,8.69915,0.291932,113.266,-0.0883826,-0.00778478,-0.0489132,-8.69915,-0.0251463,-0.00286707,0.293356,-0.128127,-3.05902,-1.14701,0.284969,-1.51307,-0.793978,-2.0635,0.2798,-5.59482,-0.165246,-19.9375,-1.87136,-24.9058,0.550564,-16.255,0.000581603,-48.6858,16.615,-28.7375,-2.55366
254,0.0254,2.83633,35.984,0.251947,74.8339,-0.324969,-0.0077121,-0.0484565,-9.53274,-0.141683,-27.2925,19.3033,-1.79967,-3.42359,16.3073,-0.144303,-101.246,-0.123691,0.00359102,0.0225631,-0.245134,-0.446235,-16.3073,11.3257,-5.5834,-0.170609,10.98,0.104117,62.7367,-0.11292,-0.00351297,-0.0220727,-0.590834,0.332975,-10.98,7.68315,3.91115,-0.194076,8.69677,0.292133,113.344,-0.0883584,-0.00779015,-0.0489469,-8.69677,-0.0284227,-0.00526106,0.294453,-0.127414,-3.0589,-1.0379,0.285462,-1.06552,-0.618307,-1.58247,0.235913,-5.60127,-0.164516,-19.9392,-1.87219,-24.9145,0.553207,-16.1719,-0.0207368,-48.2972,16.8128,-28.2967,-2.63447
255,0.0255,2.8475,36.0158,0.251474,74.3992,-0.325202,-0.00770359,-0.0484031,-9.53265,-0.154407,-27.3292,19.3105,-1.82226,-3.45163,16.342,-0.145326,-101.964,-0.123955,0.00361647,0.022723,-0.2547,-0.413045,-16.342,11.3242,-5.6,-0.189226,10.9792,0.104442,62.9325,-0.112911,-0.00352394,-0.0221416,-0.583395,0.290229,-10.9792,7.69063,3.90437,-0.203582,8.69455,0.292357,113.431,-0.0883359,-0.00779612,-0.0489845,-8.69455,-0.0315918,-0.007947,0.295673,-0.126633,-3.05882,-1.21817,0.300313,-1.509,-0.808361,-2.1365,0.293929,-5.60316,-0.163642,-19.9463,-1.87462,-24.9234,0.5545,-16.354,-0.0177369,-48.7845,16.6275,-28.8821,-2.6032
256,0.0256,2.85867,36.0274,0.250959,73.9965,-0.325272,-0.00768798,-0.048305,-9.51385,-0.167433,-27.3458,19.3027,-1.83827,-3.46852,16.3603,-0.145722,-102.242,-0.124093,0.00362634,0.0227849,-0.255904,-0.377093,-16.3603,11.3092,-5.60947,-0.20224,10.9745,0.104075,62.711,-0.112863,-0.00351153,-0.0220636,-0.565414,0.244307,-10.9745,7.69641,3.89698,-0.207487,8.69253,0.292607,113.528,-0.0883154,-0.00780279,-0.0490263,-8.69253,-0.0346468,-0.0109281,0.297021,-0.125786,-3.0588,-1.13192,0.304642,-1.1388,-0.668137,-1.74409,0.255664,-5.60743,-0.163071,-19.9487,-1.8759,-24.9304,0.556063,-16.2532,-0.0258619,-48.4333,16.7586,-28.5127,-2.6568
257,0.0257,2.86983,36.0277,0.249678,73.0839,-0.325235,-0.0076501,-0.048067,-9.48368,-0.183117,-27.3511,19.2871,-1.85285,-3.47759,16.3754,-0.146546,-102.82,-0.124208,0.00364684,0.0229137,-0.255423,-0.343356,-16.3754,11.2906,-5.6153,-0.21377,10.9615,0.103343,62.27,-0.112729,-0.00348684,-0.0219085,-0.537517,0.197825,-10.9615,7.69803,3.88733,-0.204979,8.69074,0.292881,113.634,-0.0882972,-0.0078101,-0.0490723,-8.69074,-0.0375853,-0.0142126,0.298498,-0.124868,-3.05884,-1.3232,0.326408,-1.61262,-0.878049,-2.33017,0.311755,-5.61096,-0.162799,-19.951,-1.87699,-24.9366,0.556986,-16.4178,-0.0195077,-48.9147,16.5321,-29.1196,-2.60885
258,0.0258,2.881,36.0225,0.246716,71.0648,-0.325148,-0.00756333,-0.0475218,-9.43882,-0.201681,-27.3511,19.2681,-1.86338,-3.47789,16.3881,-0.14827,-104.03,-0.124304,0.00368974,0.0231833,-0.254062,-0.311227,-16.3881,11.2697,-5.61694,-0.225056,10.9452,0.101809,61.3458,-0.112562,-0.00343509,-0.0215833,-0.495522,0.149936,-10.9452,7.69822,3.87744,-0.193854,8.68924,0.293177,113.749,-0.0882819,-0.00781798,-0.0491218,-8.68924,-0.0403902,-0.0177999,0.3001,-0.123881,-3.05898,-1.20264,0.328448,-1.08336,-0.674006,-1.77327,0.261737,-5.61289,-0.162821,-19.9515,-1.87745,-24.9393,0.557126,-16.2544,-0.0360544,-48.386,16.7166,-28.576,-2.65902
259,0.0259,2.89217,36.0105,0.242299,68.1067,-0.32501,-0.00743257,-0.0467002,-9.37513,-0.219379,-27.3441,19.2444,-1.86672,-3.46524,16.3934,-0.150584,-105.653,-0.124344,0.00374731,0.0235451,-0.250336,-0.280259,-16.3934,11.2438,-5.61252,-0.234888,10.929,0.0993908,59.8887,-0.112396,-0.0033535,-0.0210706,-0.436734,0.103923,-10.929,7.69882,3.86863,-0.171142,8.68806,0.293492,113.871,-0.08827,-0.00782638,-0.0491746,-8.68806,-0.0430424,-0.0216887,0.301825,-0.122826,-3.05921,-1.44543,0.347619,-1.71597,-0.943282,-2.54743,0.340874,-5.61107,-0.163076,-19.9523,-1.8777,-24.938,0.555936,-16.4316,-0.0348357,-49.0124,16.4234,-29.3522,-2.56843
260,0.026,2.90333,35.9812,0.237828,65.1426,-0.324743,-0.00729707,-0.0458488,-9.28283,-0.227445,-27.3198,19.2084,-1.85973,-3.42969,16.3804,-0.152585,-107.057,-0.124245,0.00379712,0.023858,-0.23271,-0.248376,-16.3804,11.2047,-5.59919,-0.234931,10.9135,0.0965868,58.1991,-0.112236,-0.00325889,-0.0204762,-0.362869,0.0664574,-10.9135,7.70005,3.86116,-0.135199,8.68725,0.293826,114.001,-0.0882617,-0.0078353,-0.0492306,-8.68725,-0.0455258,-0.0258784,0.303673,-0.1217,-3.05956,-1.31786,0.34073,-1.18548,-0.728455,-1.98802,0.296853,-5.60714,-0.163578,-19.9522,-1.87751,-24.9336,0.553926,-16.2078,-0.0502928,-48.4574,16.6024,-28.7813,-2.57891
261,0.0261,2.9145,35.9546,0.233378,62.193,-0.324502,-0.00716159,-0.0449976,-9.17067,-0.227922,-27.2981,19.1743,-1.84819,-3.37484,16.3683,-0.154524,-108.417,-0.124154,0.00384536,0.0241611,-0.208166,-0.220271,-16.3683,11.1667,-5.583,-0.22881,10.8994,0.0937196,56.4715,-0.112091,-0.00316215,-0.0198684,-0.275672,0.0401732,-10.8994,7.70199,3.85531,-0.0860033,8.68683,0.294182,114.139,-0.0882575,-0.0078448,-0.0492903,-8.68683,-0.0478234,-0.030369,0.305645,-0.120504,-3.06003,-1.55817,0.356502,-1.8461,-1.004,-2.7821,0.378617,-5.60517,-0.164407,-19.9504,-1.87647,-24.9297,0.552172,-16.334,-0.0358265,-49.0946,16.2938,-29.56,-2.44406
262,0.0262,2.92567,35.9149,0.229063,59.3181,-0.324174,-0.0070305,-0.0441739,-9.0348,-0.221493,-27.2632,19.13,-1.82567,-3.29726,16.3389,-0.156469,-109.782,-0.123931,0.00389376,0.0244652,-0.171553,-0.197216,-16.3389,11.1166,-5.55824,-0.212553,10.8891,0.0909674,54.8131,-0.111985,-0.00306929,-0.0192849,-0.176411,0.0256404,-10.8891,7.70564,3.85181,-0.0240667,8.68683,0.294564,114.287,-0.0882575,-0.00785497,-0.0493542,-8.68683,-0.0499169,-0.0351594,0.307744,-0.119236,-3.06064,-1.41923,0.351746,-1.26574,-0.771613,-2.16965,0.328296,-5.60514,-0.165438,-19.9467,-1.8747,-24.9262,0.55085,-16.0592,-0.0351852,-48.4756,16.4837,-28.9215,-2.41811
263,0.0263,2.93683,35.8668,0.227841,58.5448,-0.323794,-0.00698188,-0.0438684,-8.87002,-0.203555,-27.2197,19.0768,-1.79466,-3.19096,16.2962,-0.155959,-109.425,-0.123607,0.00388109,0.0243856,-0.113026,-0.175867,-16.2962,11.0557,-5.52748,-0.177872,10.8833,0.0888288,53.5244,-0.111925,-0.00299713,-0.0188315,-0.0697084,0.0240998,-10.8833,7.71107,3.85071,0.0482956,8.68729,0.294971,114.445,-0.0882621,-0.00786584,-0.0494225,-8.68729,-0.0517884,-0.0402485,0.30997,-0.117894,-3.06139,-1.62483,0.365202,-1.75352,-0.97753,-2.78655,0.398381,-5.60601,-0.16653,-19.9461,-1.87343,-24.9266,0.549737,-16.1009,-0.00488342,-48.9194,16.2258,-29.5078,-2.24284
264,0.0264,2.948,35.8095,0.229182,59.4371,-0.32336,-0.00700809,-0.0440332,-8.69919,-0.179511,-27.1669,19.0158,-1.75296,-3.07054,16.2387,-0.15416,-108.162,-0.123171,0.00383632,0.0241043,-0.0474869,-0.161982,-16.2387,10.9849,-5.48867,-0.134525,10.8825,0.0879334,52.9849,-0.111917,-0.00296692,-0.0186417,0.0365386,0.0358917,-10.8825,7.71852,3.85218,0.126279,8.68824,0.295408,114.615,-0.0882718,-0.00787749,-0.0494958,-8.68824,-0.0534204,-0.045638,0.312328,-0.116476,-3.0623,-1.54373,0.36348,-1.36438,-0.823594,-2.38703,0.36815,-5.61015,-0.167669,-19.944,-1.87168,-24.9292,0.54959,-15.8531,0.016299,-48.4752,16.3205,-29.0692,-2.1528
265,0.0265,2.95917,35.7681,0.232763,61.7658,-0.323068,-0.00710136,-0.0446192,-8.53131,-0.14862,-27.1297,18.9653,-1.70733,-2.94391,16.1892,-0.151422,-106.241,-0.122796,0.00376817,0.0236761,0.0218176,-0.153338,-16.1892,10.9212,-5.44915,-0.0858747,10.8892,0.088308,53.2106,-0.111986,-0.00297956,-0.0187211,0.136599,0.0595145,-10.8892,7.7293,3.85679,0.205351,8.68972,0.295876,114.796,-0.0882869,-0.00788997,-0.0495742,-8.68972,-0.0547966,-0.0513284,0.314818,-0.114978,-3.06338,-1.64093,0.375387,-1.52959,-0.901736,-2.62409,0.396218,-5.61822,-0.168781,-19.9432,-1.87016,-24.9374,0.550602,-15.7905,0.0579863,-48.6025,16.1934,-29.2688,-1.99709
266,0.0266,2.97033,35.7482,0.238523,65.5255,-0.32296,-0.0072567,-0.0455952,-8.36172,-0.114479,-27.1137,18.9304,-1.6599,-2.8086,16.1532,-0.147418,-103.432,-0.122522,0.00366854,0.0230501,0.103839,-0.150657,-16.1532,10.8696,-5.41082,-0.0250631,10.9032,0.0895625,53.9666,-0.11213,-0.00302189,-0.0189871,0.226239,0.0920816,-10.9032,7.74337,3.86432,0.281126,8.69179,0.296378,114.991,-0.0883079,-0.00790336,-0.0496582,-8.69179,-0.0559031,-0.0573267,0.317445,-0.113395,-3.06467,-1.60959,0.381003,-1.23511,-0.793258,-2.35337,0.378873,-5.62666,-0.169642,-19.942,-1.86877,-24.9457,0.552033,-15.598,0.0968825,-48.2909,16.2683,-28.9589,-1.8777
267,0.0267,2.9815,35.7484,0.245636,70.1668,-0.323019,-0.00745088,-0.0468153,-8.19728,-0.0847861,-27.1175,18.9113,-1.61229,-2.67057,16.1319,-0.142671,-100.101,-0.122361,0.00355041,0.0223079,0.1973,-0.157503,-16.1319,10.8321,-5.37431,0.0476563,10.922,0.0913916,55.0687,-0.112323,-0.0030836,-0.0193748,0.299907,0.129446,-10.922,7.75899,3.87374,0.347933,8.69449,0.296916,115.199,-0.0883353,-0.00791769,-0.0497483,-8.69449,-0.0567289,-0.0636398,0.320214,-0.111719,-3.06616,-1.70524,0.395154,-1.26063,-0.819041,-2.47828,0.404606,-5.63324,-0.170082,-19.9415,-1.86777,-24.9525,0.553358,-15.5358,0.140285,-48.3197,16.2245,-29.0431,-1.71261
268,0.0268,2.99267,35.7717,0.251914,74.1774,-0.323254,-0.00762718,-0.047923,-8.02886,-0.0646925,-27.1441,18.9103,-1.57016,-2.52628,16.1338,-0.139121,-97.6107,-0.122376,0.00346207,0.0217528,0.313788,-0.175491,-16.1338,10.8147,-5.34326,0.139022,10.94,0.0935431,56.3651,-0.112508,-0.00315619,-0.0198309,0.355223,0.168058,-10.94,7.77247,3.88304,0.402595,8.69787,0.297492,115.423,-0.0883696,-0.00793306,-0.0498449,-8.69787,-0.0572598,-0.0702792,0.323132,-0.10994,-3.0679,-1.73654,0.402419,-1.09149,-0.760592,-2.38074,0.410985,-5.63582,-0.169918,-19.9413,-1.86718,-24.9551,0.554153,-15.4012,0.167809,-48.1769,16.2825,-28.906,-1.56114
269,0.0269,3.00383,35.8021,0.256985,77.3367,-0.323528,-0.00777273,-0.0488375,-7.87514,-0.0610887,-27.1774,18.9164,-1.53167,-2.38919,16.1476,-0.136731,-95.9338,-0.12248,0.00340259,0.0213791,0.435339,-0.208272,-16.1476,10.8099,-5.31391,0.237631,10.9525,0.0956049,57.6074,-0.112637,-0.00322576,-0.020268,0.391496,0.204663,-10.9525,7.78032,3.89029,0.443068,8.70197,0.298111,115.663,-0.0884113,-0.00794956,-0.0499486,-8.70197,-0.0574801,-0.0772578,0.326206,-0.108048,-3.06989,-1.76052,0.402056,-1.05261,-0.743826,-2.37954,0.420998,-5.63517,-0.169149,-19.9426,-1.86727,-24.9555,0.55458,-15.2708,0.171819,-48.1726,16.3053,-28.8667,-1.41361
270,0.027,3.015,35.8435,0.258954,78.3869,-0.323867,-0.00783388,-0.0492217,-7.74168,-0.07808,-27.2212,18.9314,-1.5004,-2.26535,16.1796,-0.136666,-95.888,-0.122722,0.00340097,0.0213689,0.554283,-0.257613,-16.1796,10.821,-5.28871,0.337504,10.9571,0.0968425,58.3532,-0.112684,-0.00326752,-0.0205304,0.410901,0.236904,-10.9571,7.78093,3.89434,0.469314,8.70686,0.298777,115.922,-0.088461,-0.00796733,-0.0500602,-8.70686,-0.0573715,-0.0845901,0.329446,-0.106032,-3.07216,-1.82458,0.40821,-1.11156,-0.771727,-2.49763,0.441196,-5.6364,-0.168162,-19.9404,-1.86682,-24.9547,0.555824,-15.2027,0.161968,-48.2732,16.2929,-28.9527,-1.26833
271,0.0271,3.02617,35.8992,0.257733,77.3126,-0.324295,-0.00780412,-0.0490347,-7.64657,-0.114662,-27.2789,18.9568,-1.47739,-2.16756,16.2329,-0.13853,-97.1961,-0.123127,0.00344737,0.0216604,0.648132,-0.322965,-16.2329,10.8493,-5.26847,0.423039,10.9537,0.0967686,58.3086,-0.112649,-0.00326502,-0.0205147,0.417907,0.265216,-10.9537,7.77463,3.89496,0.484144,8.7126,0.299495,116.2,-0.0885193,-0.00798646,-0.0501804,-8.7126,-0.0569128,-0.0922901,0.332861,-0.103878,-3.07475,-1.63468,0.390447,-0.835151,-0.642692,-2.06933,0.381453,-5.63751,-0.16726,-19.939,-1.86682,-24.9546,0.557047,-14.9188,0.108525,-48.053,16.4473,-28.5013,-1.22906
272,0.0272,3.03733,35.9724,0.255344,75.5181,-0.324839,-0.00773496,-0.0486002,-7.58277,-0.161735,-27.3535,18.9963,-1.46385,-2.08995,16.3101,-0.14044,-98.5358,-0.123713,0.00349488,0.021959,0.718107,-0.398022,-16.3101,10.8976,-5.25437,0.494917,10.943,0.095516,57.5539,-0.112539,-0.00322276,-0.0202492,0.418403,0.292367,-10.943,7.76223,3.89209,0.492809,8.71928,0.300268,116.5,-0.0885871,-0.00800709,-0.05031,-8.71928,-0.0560804,-0.100375,0.336461,-0.101572,-3.07767,-1.73446,0.398882,-0.967232,-0.703963,-2.28418,0.415254,-5.63799,-0.166559,-19.94,-1.86762,-24.9561,0.557967,-14.9552,0.0705874,-48.2607,16.4247,-28.7041,-1.11672
273,0.0273,3.0485,36.0648,0.248059,70.3483,-0.325516,-0.00753691,-0.0473558,-7.50072,-0.231478,-27.4467,19.0508,-1.46058,-1.99575,16.411,-0.146502,-102.789,-0.124478,0.00364573,0.0229068,0.810316,-0.497342,-16.411,10.9651,-5.24769,0.586223,10.9269,0.0934561,56.3127,-0.112373,-0.00315326,-0.0198125,0.415929,0.320713,-10.9269,7.74542,3.88621,0.498998,8.72697,0.301104,116.824,-0.0886653,-0.00802938,-0.0504501,-8.72697,-0.054848,-0.108868,0.34026,-0.0990989,-3.08097,-1.29908,0.350703,-0.713271,-0.551438,-1.59634,0.283503,-5.64071,-0.16605,-19.942,-1.8687,-24.9611,0.559361,-14.4405,-0.0468248,-48.102,16.6307,-28.018,-1.15289
274,0.0274,3.05967,36.1534,0.240363,64.909,-0.326163,-0.00732516,-0.0460253,-7.46602,-0.3043,-27.5354,19.1067,-1.45697,-1.93234,16.5084,-0.152635,-107.092,-0.125217,0.00379837,0.0238659,0.858463,-0.602354,-16.5084,11.0354,-5.23898,0.648332,10.9092,0.0909867,54.8247,-0.112191,-0.00306994,-0.019289,0.4113,0.351242,-10.9092,7.72705,3.87845,0.504032,8.73578,0.302012,117.177,-0.0887548,-0.00805359,-0.0506022,-8.73578,-0.0531886,-0.117796,0.344277,-0.0964376,-3.0847,-1.39829,0.365223,-0.723433,-0.572315,-1.71214,0.310417,-5.64519,-0.165694,-19.9429,-1.86957,-24.967,0.561133,-14.5095,-0.104772,-48.2017,16.6649,-28.1361,-1.06079
275,0.0275,3.07083,36.2438,0.236102,61.8445,-0.326835,-0.00719975,-0.0452374,-7.5233,-0.354317,-27.6252,19.168,-1.45126,-1.9375,16.6035,-0.155503,-109.104,-0.125938,0.00386973,0.0243142,0.820276,-0.684562,-16.6035,11.1091,-5.22794,0.645523,10.8945,0.0886026,53.3881,-0.11204,-0.0029895,-0.0187836,0.402259,0.38132,-10.8945,7.71039,3.87024,0.505888,8.74584,0.303002,117.561,-0.088857,-0.00807998,-0.050768,-8.74584,-0.0510752,-0.1272,0.348535,-0.0935613,-3.08891,-1.07118,0.329592,-0.606853,-0.487705,-1.25085,0.209809,-5.65035,-0.165516,-19.9446,-1.87051,-24.9745,0.562893,-14.2448,-0.190241,-48.1766,16.8098,-27.6766,-1.1648
276,0.0276,3.082,36.2799,0.23164,58.5764,-0.327108,-0.00707255,-0.0444381,-7.59358,-0.402918,-27.6598,19.1994,-1.42936,-1.95405,16.6392,-0.159005,-111.561,-0.126209,0.00395687,0.0248617,0.776194,-0.762784,-16.6392,11.1503,-5.20068,0.636628,10.8834,0.0865568,52.1554,-0.111927,-0.00292047,-0.0183499,0.387473,0.408349,-10.8834,7.69604,3.86176,0.502968,8.75725,0.304088,117.982,-0.0889729,-0.00810894,-0.05095,-8.75725,-0.048482,-0.137136,0.353069,-0.0904339,-3.09365,-1.10673,0.332845,-0.691161,-0.525095,-1.35666,0.220631,-5.65379,-0.165474,-19.9463,-1.87132,-24.98,0.564024,-14.3541,-0.235546,-48.2973,16.803,-27.766,-1.1694
277,0.0277,3.09317,36.3243,0.229625,56.9478,-0.327453,-0.0070101,-0.0440458,-7.70389,-0.434719,-27.7019,19.2414,-1.41208,-2.0044,16.6801,-0.160589,-112.673,-0.126519,0.00399631,0.0251095,0.698855,-0.820153,-16.6801,11.2006,-5.1774,0.599433,10.8741,0.0849274,51.1736,-0.111831,-0.00286549,-0.0180044,0.36739,0.430815,-10.8741,7.68292,3.85233,0.495132,8.77013,0.305287,118.447,-0.0891038,-0.00814092,-0.0511509,-8.77013,-0.045381,-0.147669,0.357916,-0.0870112,-3.09897,-0.888942,0.30218,-0.853691,-0.554008,-1.2438,0.159606,-5.65708,-0.165641,-19.9478,-1.87186,-24.9851,0.564864,-14.2499,-0.298179,-48.5034,16.8156,-27.641,-1.27993
278,0.0278,3.10433,36.387,0.237581,62.2411,-0.327932,-0.00719899,-0.0452326,-7.93047,-0.376427,-27.7613,19.3031,-1.40512,-2.15728,16.7407,-0.152668,-107.115,-0.126979,0.00379918,0.023871,0.509428,-0.785393,-16.7407,11.2719,-5.16214,0.46275,10.8617,0.0836328,50.3936,-0.111702,-0.00282182,-0.01773,0.344686,0.4507,-10.8617,7.66799,3.84027,0.484877,8.78459,0.306616,118.963,-0.0892507,-0.00817635,-0.0513735,-8.78459,-0.0417346,-0.158867,0.363119,-0.0832455,-3.10491,-0.906968,0.301949,-0.958858,-0.594303,-1.34992,0.167096,-5.65859,-0.165948,-19.9478,-1.87186,-24.9868,0.565041,-14.496,-0.240426,-48.6679,16.8369,-27.7418,-1.42515
279,0.0279,3.1155,36.3875,0.247405,68.7734,-0.327924,-0.00743704,-0.0467283,-8.12952,-0.300097,-27.7576,19.3272,-1.38941,-2.29357,16.7449,-0.143295,-100.539,-0.127011,0.00356594,0.0224055,0.349269,-0.734216,-16.7449,11.3098,-5.13445,0.342728,10.8419,0.0826124,49.7787,-0.111499,-0.00278739,-0.0175137,0.321892,0.471607,-10.8419,7.64869,3.82414,0.475193,8.80068,0.308087,119.534,-0.0894141,-0.0082156,-0.0516201,-8.80068,-0.0374879,-0.170771,0.368702,-0.0790941,-3.11149,-0.800237,0.289637,-0.988907,-0.591825,-1.25489,0.135014,-5.65996,-0.166397,-19.9473,-1.87159,-24.9879,0.564959,-14.5897,-0.176857,-48.6938,16.8638,-27.6322,-1.59359
280,0.028,3.12667,36.3868,0.257448,75.3632,-0.3279,-0.00768526,-0.0482879,-8.29797,-0.222756,-27.7518,19.3525,-1.38119,-2.40899,16.7503,-0.134352,-94.2646,-0.127052,0.00334339,0.0210072,0.221746,-0.680994,-16.7503,11.3505,-5.11164,0.244559,10.8181,0.0820909,49.4645,-0.111254,-0.00276979,-0.0174031,0.298728,0.490798,-10.8181,7.62742,3.80498,0.465143,8.81845,0.30971,120.163,-0.0895947,-0.00825886,-0.051892,-8.81845,-0.0325599,-0.18339,0.374675,-0.0745242,-3.11869,-0.777842,0.290725,-0.954684,-0.579279,-1.20283,0.125175,-5.66081,-0.166927,-19.9464,-1.87112,-24.9881,0.564571,-14.7366,-0.0989586,-48.6529,16.9021,-27.5721,-1.71925
281,0.0281,3.13783,36.4,0.267158,81.6048,-0.327987,-0.00793106,-0.0498323,-8.44821,-0.144417,-27.7587,19.3885,-1.38131,-2.51371,16.7672,-0.12654,-88.7835,-0.12718,0.00314899,0.0197857,0.11418,-0.624405,-16.7672,11.3999,-5.09626,0.158193,10.7948,0.0822049,49.5332,-0.111015,-0.00277364,-0.0174273,0.275575,0.506842,-10.7948,7.60755,3.78445,0.454628,8.83797,0.311493,120.855,-0.089793,-0.00830641,-0.0521907,-8.83797,-0.026854,-0.196733,0.381051,-0.0695022,-3.12653,-0.731819,0.286825,-0.918645,-0.56091,-1.12329,0.110123,-5.65847,-0.167391,-19.9463,-1.87087,-24.9853,0.56325,-14.8385,-0.0249838,-48.6237,16.9567,-27.4899,-1.84033
282,0.0282,3.149,36.4344,0.274002,85.7113,-0.328255,-0.00811177,-0.0509677,-8.56482,-0.0875584,-27.7858,19.4397,-1.38835,-2.58849,16.7982,-0.122444,-85.9094,-0.127415,0.00304705,0.0191452,0.0416609,-0.592141,-16.7982,11.4589,-5.08926,0.100723,10.7767,0.0829791,49.9997,-0.110829,-0.00279976,-0.0175914,0.252957,0.524871,-10.7767,7.59298,3.76486,0.445849,8.85943,0.313467,121.621,-0.0900111,-0.00835905,-0.0525215,-8.85943,-0.0202888,-0.21091,0.387897,-0.0639543,-3.13506,-0.716428,0.288558,-0.854158,-0.538399,-1.05418,0.102162,-5.65604,-0.167802,-19.9474,-1.87094,-24.9837,0.561833,-14.9373,0.033197,-48.5874,17.0304,-27.4262,-1.9245
283,0.0283,3.16017,36.489,0.272202,83.7151,-0.328712,-0.0080736,-0.0507279,-8.61657,-0.133512,-27.8321,19.5041,-1.39831,-2.59558,16.8361,-0.126786,-88.9557,-0.127702,0.00315509,0.019824,0.0398225,-0.658137,-16.8361,11.521,-5.08987,0.116696,10.7697,0.0832771,50.1792,-0.110757,-0.00280981,-0.0176546,0.226859,0.537457,-10.7697,7.58766,3.74927,0.432227,8.88326,0.315711,122.492,-0.0902531,-0.00841888,-0.0528974,-8.88326,-0.0128321,-0.226279,0.395416,-0.0577091,-3.14451,-0.694542,0.290654,-0.838676,-0.535729,-1.01589,0.0909017,-5.65398,-0.168108,-19.9483,-1.87105,-24.9822,0.560536,-14.9651,-0.0109655,-48.619,17.0973,-27.3964,-1.94415
284,0.0284,3.17133,36.5936,0.269889,81.3264,-0.329566,-0.00801468,-0.0503577,-8.68349,-0.189489,-27.9272,19.6033,-1.42226,-2.61591,16.9166,-0.13107,-91.9618,-0.128313,0.00326172,0.020494,0.0290491,-0.726156,-16.9166,11.6126,-5.10688,0.127103,10.767,0.0825908,49.7657,-0.110729,-0.00278666,-0.0175091,0.197404,0.541202,-10.767,7.5867,3.73508,0.412145,8.90994,0.318368,123.523,-0.0905242,-0.00848974,-0.0533426,-8.90994,-0.00453481,-0.243546,0.404001,-0.0504476,-3.15516,-0.685126,0.295808,-0.785241,-0.521897,-0.96072,0.0819931,-5.65173,-0.168222,-19.9489,-1.87135,-24.9803,0.559324,-15.0203,-0.061903,-48.6613,17.2101,-27.3633,-1.97459
285,0.0285,3.1825,36.7058,0.265492,77.394,-0.330476,-0.00789782,-0.0496235,-8.75994,-0.260673,-28.0296,19.7087,-1.45343,-2.6432,17.006,-0.137157,-96.2326,-0.128991,0.00341319,0.0214457,0.0127443,-0.804769,-17.006,11.7103,-5.13051,0.135287,10.7605,0.081111,48.8741,-0.110662,-0.00273673,-0.0171954,0.166693,0.53923,-10.7605,7.58448,3.71902,0.388371,8.93938,0.321538,124.753,-0.0908233,-0.00857428,-0.0538738,-8.93938,0.0048654,-0.263148,0.413901,-0.0419367,-3.16686,-0.661633,0.29624,-0.786474,-0.523305,-0.933804,0.071785,-5.64991,-0.168122,-19.9504,-1.87209,-24.9797,0.55847,-15.0715,-0.132555,-48.7665,17.3133,-27.367,-2.01294
286,0.0286,3.19367,36.7737,0.257011,70.6596,-0.331049,-0.00765957,-0.0481265,-8.83886,-0.396991,-28.0889,19.784,-1.47567,-2.68233,17.0511,-0.145527,-102.105,-0.129333,0.00362147,0.0227544,-0.00474075,-0.908825,-17.0511,11.777,-5.14553,0.148688,10.7528,0.0772947,46.5745,-0.110583,-0.00260796,-0.0163863,0.135756,0.496491,-10.7528,7.5819,3.70201,0.347735,8.96987,0.325243,126.19,-0.0911332,-0.00867308,-0.0544946,-8.96987,0.0153431,-0.285012,0.425113,-0.0321486,-3.17876,-0.663636,0.297025,-0.770335,-0.518077,-0.923386,0.0721518,-5.64646,-0.167751,-19.9507,-1.87283,-24.9761,0.557604,-15.149,-0.267717,-48.8099,17.3931,-27.3752,-2.05258
287,0.0287,3.20483,36.7518,0.242007,59.8874,-0.330894,-0.0072074,-0.0452854,-8.92033,-0.615371,-28.061,19.7982,-1.48765,-2.74838,17.0236,-0.154696,-108.538,-0.129124,0.00384966,0.0241881,-0.0300015,-1.02914,-17.0236,11.7929,-5.14418,0.161144,10.7307,0.0676237,40.7471,-0.110356,-0.00228166,-0.0143361,0.107255,0.388246,-10.7307,7.5689,3.67853,0.279874,8.99759,0.32908,127.679,-0.0914147,-0.0087754,-0.0551374,-8.99759,0.0255234,-0.306783,0.436429,-0.0220089,-3.18939,-0.651902,0.292822,-0.776513,-0.515411,-0.916708,0.0717798,-5.64443,-0.167229,-19.9512,-1.87372,-24.9744,0.557501,-15.2167,-0.489778,-48.7887,17.4091,-27.3787,-2.11909
288,0.0288,3.216,36.7031,0.232393,52.5791,-0.330657,-0.00693109,-0.0435493,-8.99652,-0.780311,-28.0095,19.7992,-1.46351,-2.78602,16.925,-0.162784,-114.213,-0.128377,0.00405093,0.0254528,-0.0668196,-1.15132,-16.925,11.7581,-5.1267,0.167164,10.7597,0.0627702,37.8226,-0.110654,-0.0021179,-0.0133072,0.0886245,0.335144,-10.7597,7.5952,3.67626,0.243205,9.01832,0.332407,128.97,-0.0916254,-0.00886412,-0.0556949,-9.01832,0.0358659,-0.324754,0.445898,-0.0130698,-3.19639,-0.648247,0.287809,-0.798911,-0.517865,-0.9329,0.0757191,-5.6434,-0.16666,-19.951,-1.87436,-24.973,0.557905,-15.2882,-0.659161,-48.7594,17.407,-27.3694,-2.1524
289,0.0289,3.22717,36.6431,0.227525,48.7275,-0.330339,-0.00680664,-0.0427674,-9.0748,-0.875028,-27.9493,19.7969,-1.43548,-2.81457,16.8139,-0.168565,-118.269,-0.127534,0.00419479,0.0263567,-0.122033,-1.24667,-16.8139,11.7124,-5.10818,0.153769,10.8034,0.0620723,37.4021,-0.111103,-0.00209435,-0.0131592,0.0730986,0.32498,-10.8034,7.63461,3.68098,0.228005,9.02587,0.334018,129.595,-0.091702,-0.00890708,-0.0559648,-9.02587,0.0466648,-0.332033,0.449887,-0.0082856,-3.19634,-0.645435,0.283643,-0.838339,-0.527909,-0.962443,0.0791767,-5.64399,-0.166204,-19.9488,-1.87436,-24.9716,0.558773,-15.3642,-0.75759,-48.7364,17.3946,-27.3696,-2.17662
290,0.029,3.23833,36.5841,0.222945,45.7106,-0.329999,-0.00668982,-0.0420334,-9.15223,-0.93974,-27.8893,19.7959,-1.41682,-2.85353,16.7151,-0.172377,-120.943,-0.126784,0.00428963,0.0269526,-0.192661,-1.31009,-16.7151,11.6726,-5.09518,0.121049,10.8484,0.0618647,37.2771,-0.111566,-0.00208735,-0.0131152,0.0610955,0.312332,-10.8484,7.67629,3.68734,0.214899,9.02067,0.333457,129.377,-0.0916492,-0.00889211,-0.0558708,-9.02067,0.0580194,-0.325847,0.446964,-0.00897786,-3.18947,-0.668206,0.283731,-0.901835,-0.552452,-1.03869,0.088569,-5.64792,-0.166001,-19.9479,-1.87442,-24.9753,0.560344,-15.4684,-0.822009,-48.7391,17.369,-27.4308,-2.20461
291,0.0291,3.2495,36.5563,0.217468,42.6176,-0.329941,-0.00654525,-0.041125,-9.23006,-0.988384,-27.8601,19.8162,-1.3959,-2.89911,16.6313,-0.175131,-122.876,-0.126149,0.00435818,0.0273833,-0.273021,-1.35757,-16.6313,11.6405,-5.08786,0.0773226,10.9197,0.06138,36.985,-0.112299,-0.00207099,-0.0130124,0.0482256,0.300616,-10.9197,7.73702,3.70612,0.201234,9.00527,0.331219,128.509,-0.0914928,-0.00883244,-0.0554958,-9.00527,0.0685719,-0.309102,0.438668,-0.0141625,-3.17767,-0.67951,0.284119,-0.930763,-0.564874,-1.0731,0.0926815,-5.65294,-0.166038,-19.9484,-1.87461,-24.9813,0.561983,-15.5625,-0.870302,-48.7393,17.3767,-27.4503,-2.24444
292,0.0292,3.26067,36.4835,0.207561,37.1364,-0.32941,-0.0062514,-0.0392787,-9.29598,-1.06046,-27.7864,19.8048,-1.39873,-2.96173,16.5518,-0.177138,-124.284,-0.125546,0.00440813,0.0276971,-0.360564,-1.38691,-16.5518,11.6085,-5.08242,0.0233501,10.9485,0.0566829,34.1547,-0.112595,-0.00191251,-0.0120167,0.0477512,0.248911,-10.9485,7.76908,3.70592,0.177983,8.98317,0.328016,127.266,-0.0912682,-0.00874702,-0.0549592,-8.98317,0.0775301,-0.286033,0.427213,-0.0222284,-3.16307,-0.710518,0.286191,-0.956463,-0.579065,-1.12705,0.102842,-5.65774,-0.166288,-19.9508,-1.8751,-24.989,0.563317,-15.6642,-0.940561,-48.6936,17.3506,-27.5148,-2.29557
293,0.0293,3.27183,36.4048,0.205212,36.3162,-0.328751,-0.00620855,-0.0390095,-9.37743,-1.03914,-27.7069,19.7924,-1.42127,-3.01256,16.4972,-0.178523,-125.256,-0.125132,0.00444259,0.0279136,-0.451803,-1.39059,-16.4972,11.5915,-5.08459,-0.0409982,10.9484,0.0591316,35.6302,-0.112595,-0.00199513,-0.0125358,0.0335837,0.267142,-10.9484,7.7859,3.69457,0.176892,8.95921,0.324603,125.942,-0.0910248,-0.00865601,-0.0543873,-8.95921,0.0843028,-0.261286,0.414994,-0.0312508,-3.14845,-0.736176,0.290821,-0.946351,-0.582772,-1.14589,0.10856,-5.6635,-0.166776,-19.951,-1.87487,-24.9957,0.564699,-15.7771,-0.915097,-48.6043,17.3347,-27.5628,-2.3393
294,0.0294,3.283,36.3797,0.201583,34.7508,-0.328596,-0.00611481,-0.0384205,-9.44562,-1.02209,-27.6806,19.8139,-1.43243,-3.07841,16.4599,-0.179201,-125.731,-0.124849,0.00445945,0.0280196,-0.540559,-1.36272,-16.4599,11.5845,-5.09211,-0.113222,10.9832,0.0593876,35.7845,-0.112953,-0.00200377,-0.0125901,0.0315216,0.251548,-10.9832,7.82605,3.69974,0.170202,8.93658,0.321396,124.697,-0.0907949,-0.0085705,-0.05385,-8.93658,0.089073,-0.237484,0.403346,-0.0400625,-3.13539,-0.75768,0.293378,-0.985109,-0.601698,-1.19884,0.114679,-5.67096,-0.167503,-19.9505,-1.8742,-25.0035,0.566287,-15.8743,-0.89622,-48.6162,17.338,-27.6348,-2.39745
295,0.0295,3.29417,36.3551,0.197916,33.1415,-0.328448,-0.00601272,-0.037779,-9.51036,-0.983292,-27.6543,19.8341,-1.44219,-3.1501,16.4222,-0.179352,-125.838,-0.124563,0.00446323,0.0280433,-0.623378,-1.31151,-16.4222,11.5751,-5.09955,-0.188386,11.0165,0.0587399,35.3942,-0.113295,-0.00198192,-0.0124528,0.0293877,0.235918,-11.0165,7.8663,3.70558,0.162546,8.91637,0.318529,123.585,-0.0905896,-0.00849403,-0.0533695,-8.91637,0.0922987,-0.215531,0.392713,-0.0482166,-3.12426,-0.754043,0.292327,-1.0218,-0.61411,-1.22311,0.114309,-5.67787,-0.168367,-19.9487,-1.87297,-25.0096,0.567534,-15.9423,-0.859332,-48.6247,17.3471,-27.6749,-2.46826
296,0.0296,3.30533,36.3195,0.194921,31.8499,-0.3282,-0.00593203,-0.0372721,-9.57135,-0.935733,-27.6164,19.8454,-1.45222,-3.21968,16.3793,-0.179638,-126.038,-0.124237,0.00447033,0.0280879,-0.701045,-1.25395,-16.3793,11.5597,-5.10555,-0.262141,11.0416,0.0585542,35.2823,-0.113553,-0.00197565,-0.0124134,0.0282916,0.223839,-11.0416,7.9026,3.70895,0.157333,8.8986,0.316004,122.605,-0.090409,-0.00842671,-0.0529466,-8.8986,0.0943733,-0.195533,0.383128,-0.0556239,-3.11487,-0.768205,0.293499,-1.08657,-0.640121,-1.28996,0.119141,-5.68299,-0.169224,-19.9454,-1.87131,-25.0121,0.568252,-16.0225,-0.811458,-48.6484,17.334,-27.7543,-2.53229
297,0.0297,3.3165,36.3145,0.198157,34.2189,-0.328263,-0.00606204,-0.0380889,-9.66009,-0.836436,-27.6088,19.876,-1.44701,-3.28463,16.3373,-0.180215,-126.443,-0.123919,0.00448469,0.0281781,-0.774985,-1.19586,-16.3373,11.5424,-5.11193,-0.333736,11.0942,0.0645862,38.9169,-0.114094,-0.00217917,-0.0136921,-0.00215304,0.263862,-11.0942,7.95911,3.72724,0.156057,8.88295,0.313786,121.745,-0.09025,-0.00836756,-0.0525749,-8.88295,0.0955663,-0.177337,0.374498,-0.0623215,-3.10695,-0.750595,0.289352,-1.04864,-0.61988,-1.24211,0.116377,-5.68445,-0.16992,-19.9425,-1.86987,-25.011,0.568037,-16.0951,-0.717004,-48.6,17.3862,-27.7001,-2.60022
298,0.0298,3.32767,36.3166,0.201021,36.2919,-0.328399,-0.00617888,-0.038823,-9.75198,-0.745451,-27.6083,19.9086,-1.43756,-3.35386,16.2959,-0.180938,-126.95,-0.123604,0.0045027,0.0282913,-0.846644,-1.13955,-16.2959,11.5227,-5.11851,-0.403295,11.1517,0.0701276,42.2559,-0.114685,-0.00236614,-0.0148669,-0.0362493,0.298043,-11.1517,8.01915,3.74933,0.149664,8.86908,0.311831,120.986,-0.0901091,-0.00831543,-0.0522474,-8.86908,0.0960536,-0.160736,0.366703,-0.06838,-3.10023,-0.756632,0.284107,-1.13434,-0.64573,-1.31898,0.124056,-5.68494,-0.170436,-19.9398,-1.8686,-25.009,0.567649,-16.1936,-0.631781,-48.6824,17.3943,-27.7655,-2.66215
299,0.0299,3.33883,36.3152,0.203038,37.8129,-0.328513,-0.00626511,-0.0393648,-9.83801,-0.661975,-27.6041,19.9356,-1.42402,-3.42609,16.2488,-0.181606,-127.419,-0.123247,0.00451932,0.0283957,-0.913421,-1.07784,-16.2488,11.4966,-5.12348,-0.47113,11.2098,0.0745445,44.9173,-0.115283,-0.00251517,-0.0158033,-0.067907,0.319912,-11.2098,8.07937,3.77333,0.139522,8.85668,0.3101,120.315,-0.0899831,-0.00826926,-0.0519573,-8.85668,0.0959533,-0.14553,0.359632,-0.073873,-3.09448,-0.738635,0.278967,-1.09505,-0.62403,-1.26932,0.121739,-5.6843,-0.170652,-19.9405,-1.86836,-25.0089,0.567095,-16.2609,-0.55366,-48.6396,17.4432,-27.7023,-2.73725
300,0.03,3.35,36.3142,0.204786,39.1577,-0.328624,-0.00633852,-0.0398261,-9.91229,-0.575973,-27.6003,19.9603,-1.41042,-3.49812,16.2044,-0.182003,-127.698,-0.122911,0.0045292,0.0284578,-0.970524,-1.0033,-16.2044,11.4701,-5.1292,-0.536092,11.2643,0.0782307,47.1385,-0.115844,-0.00263954,-0.0165847,-0.0962884,0.331978,-11.2643,8.13697,3.79765,0.1275,8.84548,0.308559,119.717,-0.0898693,-0.00822818,-0.0516991,-8.84548,0.0953521,-0.131552,0.35319,-0.0788645,-3.08953,-0.764073,0.279152,-1.15698,-0.648531,-1.34866,0.131498,-5.68378,-0.170502,-19.9424,-1.86872,-25.0101,0.566828,-16.3601,-0.467323,-48.6996,17.443,-27.7692,-2.79979
301,0.0301,3.36117,36.3251,0.205685,39.9457,-0.328823,-0.00638295,-0.0401052,-9.97097,-0.498445,-27.6085,19.9905,-1.39913,-3.56586,16.1728,-0.182497,-128.044,-0.122671,0.00454148,0.0285349,-1.0209,-0.924543,-16.1728,11.4503,-5.13848,-0.597802,11.3171,0.0809994,48.8068,-0.116386,-0.00273296,-0.0171717,-0.114804,0.331784,-11.3171,8.19296,3.82276,0.117178,8.83526,0.307182,119.183,-0.0897655,-0.00819146,-0.0514685,-8.83526,0.0943132,-0.118659,0.347302,-0.0834101,-3.08524,-0.766338,0.280601,-1.1692,-0.655133,-1.36061,0.130609,-5.68392,-0.169979,-19.9441,-1.86933,-25.0119,0.567043,-16.4212,-0.387823,-48.7219,17.4661,-27.7716,-2.86821
302,0.0302,3.37233,36.3551,0.206254,40.4868,-0.329165,-0.00641689,-0.0403185,-10.0213,-0.4247,-27.636,20.0315,-1.39159,-3.62982,16.1605,-0.183174,-128.519,-0.122578,0.00455833,0.0286409,-1.06526,-0.845075,-16.1605,11.4417,-5.15317,-0.655692,11.3688,0.0834827,50.3031,-0.116918,-0.00281675,-0.0176982,-0.130143,0.327489,-11.3688,8.24786,3.84915,0.10736,8.82585,0.305945,118.703,-0.0896699,-0.00815848,-0.0512612,-8.82585,0.0928861,-0.106734,0.341899,-0.0875575,-3.08148,-0.779245,0.280699,-1.17472,-0.658352,-1.37915,0.135259,-5.68004,-0.169027,-19.9478,-1.8708,-25.011,0.566515,-16.4805,-0.313028,-48.7585,17.5023,-27.7818,-2.92804
303,0.0303,3.3835,36.414,0.2066,40.8579,-0.329739,-0.00644327,-0.0404842,-10.0581,-0.349259,-27.6925,20.0904,-1.38732,-3.68748,16.1727,-0.183945,-129.06,-0.12267,0.00457752,0.0287614,-1.09923,-0.760382,-16.1727,11.4487,-5.1746,-0.708084,11.4242,0.085714,51.6476,-0.117487,-0.00289204,-0.0181712,-0.141757,0.320009,-11.4242,8.30471,3.87862,0.0987874,8.8171,0.304831,118.27,-0.089581,-0.00812875,-0.0510744,-8.8171,0.0911139,-0.095686,0.336933,-0.0913457,-3.07818,-0.793063,0.280331,-1.21532,-0.674798,-1.42915,0.140833,-5.67554,-0.16798,-19.9508,-1.87228,-25.0088,0.565963,-16.5267,-0.236908,-48.8587,17.5433,-27.8253,-2.98068
304,0.0304,3.39467,36.4652,0.206382,40.8191,-0.330238,-0.00645414,-0.0405525,-10.0915,-0.278256,-27.7418,20.1416,-1.38153,-3.74265,16.1833,-0.185196,-129.938,-0.122751,0.00460865,0.028957,-1.13063,-0.678893,-16.1833,11.4527,-5.19423,-0.758098,11.4731,0.0877545,52.8771,-0.11799,-0.00296088,-0.0186038,-0.151951,0.311602,-11.4731,8.35651,3.90751,0.0906963,8.80889,0.303824,117.88,-0.0894976,-0.00810191,-0.0509058,-8.80889,0.0890341,-0.0854402,0.332361,-0.0948074,-3.07525,-0.794733,0.283984,-1.23289,-0.684382,-1.44326,0.138677,-5.67622,-0.167249,-19.9472,-1.87211,-25.0062,0.566743,-16.5624,-0.161522,-48.9219,17.5851,-27.831,-3.03723
305,0.0305,3.40583,36.4865,0.206382,40.9404,-0.330496,-0.00646716,-0.0406344,-10.109,-0.214447,-27.7613,20.1685,-1.36727,-3.78697,16.169,-0.185941,-130.46,-0.122642,0.00462718,0.0290734,-1.1537,-0.600407,-16.169,11.4367,-5.20518,-0.800763,11.5164,0.0894088,53.874,-0.118436,-0.0030167,-0.0189545,-0.154233,0.299275,-11.5164,8.40356,3.93588,0.086401,8.80111,0.302914,117.527,-0.0894186,-0.00807764,-0.0507533,-8.80111,0.0866851,-0.0759393,0.328152,-0.0979692,-3.07261,-0.7985,0.282036,-1.2711,-0.696393,-1.47999,0.142535,-5.67368,-0.166707,-19.9441,-1.87205,-25.0004,0.566561,-16.5812,-0.0991183,-48.9765,17.6,-27.8477,-3.07787
306,0.0306,3.417,36.5278,0.206958,41.4763,-0.330904,-0.00649126,-0.0407858,-10.0856,-0.133334,-27.8013,20.2085,-1.35714,-3.80864,16.176,-0.185812,-130.37,-0.122695,0.00462398,0.0290533,-1.1405,-0.503037,-16.176,11.4356,-5.22151,-0.823231,11.5582,0.0906773,54.6383,-0.118866,-0.0030595,-0.0192234,-0.151465,0.285598,-11.5582,8.44863,3.96522,0.0847967,8.79368,0.302093,117.208,-0.089343,-0.00805574,-0.0506157,-8.79368,0.0841037,-0.0671357,0.324282,-0.100854,-3.07021,-0.792993,0.28246,-1.24237,-0.684597,-1.44931,0.14039,-5.67511,-0.16659,-19.9389,-1.87127,-24.9971,0.567205,-16.5537,-0.0174645,-48.9825,17.6527,-27.8036,-3.10105
307,0.0307,3.42817,36.5262,0.209203,43.1964,-0.330974,-0.00655364,-0.0411778,-10.0183,-0.0474149,-27.7986,20.214,-1.33474,-3.79968,16.1438,-0.18371,-128.895,-0.122451,0.00457168,0.0287247,-1.08673,-0.400319,-16.1438,11.4033,-5.2257,-0.816944,11.5958,0.0915615,55.1711,-0.119253,-0.00308933,-0.0194109,-0.145044,0.271585,-11.5958,8.48997,3.99445,0.0852584,8.78651,0.301352,116.921,-0.0892702,-0.00803599,-0.0504916,-8.78651,0.0813188,-0.0589845,0.320723,-0.103484,-3.068,-0.775143,0.279563,-1.18752,-0.65955,-1.3833,0.136053,-5.67742,-0.166816,-19.9357,-1.87073,-24.9967,0.567815,-16.4708,0.065332,-48.9218,17.6837,-27.7148,-3.09582
308,0.0308,3.43933,36.4784,0.212873,45.9255,-0.330689,-0.0066487,-0.041775,-9.9154,0.0336947,-27.7503,20.1827,-1.29727,-3.76267,16.0681,-0.179929,-126.242,-0.121877,0.00447758,0.0281335,-1.00319,-0.30254,-16.0681,11.3366,-5.21535,-0.786423,11.6308,0.0921189,55.5069,-0.119612,-0.00310814,-0.019529,-0.132663,0.257883,-11.6308,8.52857,4.02396,0.0896949,8.77954,0.300683,116.661,-0.0891994,-0.00801814,-0.0503795,-8.77954,0.0783515,-0.0514397,0.317453,-0.10588,-3.06594,-0.773306,0.277359,-1.15242,-0.643541,-1.35274,0.137343,-5.68098,-0.167393,-19.9346,-1.87035,-24.9997,0.568459,-16.3697,0.143661,-48.8373,17.6688,-27.6498,-3.05687
309,0.0309,3.4505,36.4317,0.216149,48.4522,-0.330415,-0.00672574,-0.0422591,-9.79578,0.0999299,-27.7034,20.1495,-1.25532,-3.71041,15.9917,-0.175663,-123.249,-0.121297,0.00437141,0.0274664,-0.911405,-0.218176,-15.9917,11.2681,-5.20243,-0.745223,11.6673,0.0917341,55.2751,-0.119988,-0.00309516,-0.0194474,-0.111644,0.242885,-11.6673,8.56688,4.05517,0.0988071,8.77273,0.300077,116.426,-0.0891302,-0.00800199,-0.050278,-8.77273,0.0752212,-0.0444639,0.314449,-0.108063,-3.064,-0.802041,0.277405,-1.23846,-0.67813,-1.45478,0.148378,-5.68754,-0.168342,-19.9359,-1.87014,-25.0084,0.569564,-16.2854,0.208993,-48.8778,17.6012,-27.7185,-2.99247
310,0.031,3.46167,36.3643,0.218656,50.512,-0.329976,-0.00677565,-0.0425727,-9.65881,0.1529,-27.6363,20.1,-1.20571,-3.64409,15.8981,-0.171308,-120.193,-0.120587,0.00426304,0.0267855,-0.811814,-0.144597,-15.8981,11.1864,-5.18166,-0.694916,11.7002,0.0904355,54.4926,-0.120326,-0.00305134,-0.0191721,-0.0809694,0.22556,-11.7002,8.6019,4.086,0.112977,8.76603,0.299528,116.213,-0.0890621,-0.00798735,-0.050186,-8.76603,0.0719382,-0.038018,0.31169,-0.110052,-3.06215,-0.795091,0.277172,-1.17525,-0.654439,-1.39432,0.14535,-5.69743,-0.169615,-19.9389,-1.86987,-25.0222,0.57125,-16.1513,0.260458,-48.7504,17.5757,-27.6222,-2.92749
311,0.0311,3.47283,36.2989,0.22091,52.4139,-0.329541,-0.00681634,-0.0428283,-9.5092,0.195104,-27.5715,20.0513,-1.15548,-3.56437,15.8101,-0.166911,-117.109,-0.11992,0.00415362,0.026098,-0.705468,-0.0836137,-15.8101,11.1086,-5.1601,-0.635691,11.7294,0.0887954,53.5043,-0.120626,-0.002996,-0.0188244,-0.0443044,0.210224,-11.7294,8.63351,4.11649,0.131719,8.75943,0.299026,116.018,-0.0889951,-0.00797396,-0.0501019,-8.75943,0.0684932,-0.0320578,0.309151,-0.11187,-3.0604,-0.806994,0.283607,-1.18201,-0.664569,-1.40827,0.143847,-5.71201,-0.171154,-19.9388,-1.86849,-25.0384,0.573995,-16.0282,0.307557,-48.6923,17.5182,-27.6022,-2.84653
312,0.0312,3.484,36.2477,0.222074,53.6544,-0.329217,-0.00681959,-0.0428487,-9.34618,0.222485,-27.5213,20.0123,-1.1058,-3.47144,15.7356,-0.162473,-113.995,-0.119355,0.00404318,0.0254041,-0.597406,-0.0374622,-15.7356,11.0414,-5.1403,-0.570364,11.7592,0.0859856,51.8113,-0.120933,-0.0029012,-0.0182288,0.00415498,0.195054,-11.7592,8.66411,4.14802,0.157645,8.75293,0.298562,115.838,-0.0889291,-0.00796157,-0.050024,-8.75293,0.0648931,-0.0265576,0.306814,-0.113529,-3.05873,-0.805398,0.287018,-1.1777,-0.66676,-1.40021,0.139768,-5.72522,-0.172661,-19.9401,-1.86731,-25.0544,0.57631,-15.8768,0.336842,-48.6392,17.4783,-27.5604,-2.75537
313,0.0313,3.49517,36.2087,0.222532,54.4387,-0.328986,-0.00680096,-0.0427317,-9.1707,0.244172,-27.4837,19.9823,-1.05659,-3.36269,15.6728,-0.158279,-111.052,-0.118879,0.00393881,0.0247483,-0.484877,-0.00567886,-15.6728,10.9838,-5.12207,-0.497434,11.7893,0.0826829,49.8212,-0.121243,-0.00278977,-0.0175286,0.0607126,0.188711,-11.7893,8.69386,4.18053,0.191884,8.74654,0.298128,115.67,-0.0888641,-0.00795001,-0.0499514,-8.74654,0.0611398,-0.0214922,0.304663,-0.115042,-3.05714,-0.820037,0.289233,-1.21741,-0.684052,-1.44835,0.14377,-5.73369,-0.173933,-19.9409,-1.86611,-25.0645,0.577463,-15.7244,0.359473,-48.642,17.4321,-27.5695,-2.64146
314,0.0314,3.50633,36.1824,0.222611,54.9259,-0.328857,-0.00677496,-0.0425683,-8.99312,0.261988,-27.459,19.9615,-1.00677,-3.24415,15.6203,-0.154718,-108.553,-0.11848,0.00385019,0.0241914,-0.372403,0.0113234,-15.6203,10.9349,-5.10518,-0.420336,11.8218,0.0796039,47.966,-0.121577,-0.00268588,-0.0168759,0.119524,0.193403,-11.8218,8.72389,4.21482,0.23182,8.74025,0.297725,115.513,-0.0888002,-0.00793927,-0.0498839,-8.74025,0.057262,-0.0168552,0.302696,-0.116411,-3.05563,-0.80398,0.285625,-1.21775,-0.679557,-1.43248,0.140951,-5.73526,-0.17479,-19.9404,-1.86497,-25.0658,0.577029,-15.5324,0.372823,-48.6171,17.417,-27.505,-2.52617
315,0.0315,3.5175,36.1715,0.22299,55.5504,-0.328858,-0.00676209,-0.0424875,-8.81943,0.273961,-27.4501,19.952,-0.956649,-3.12004,15.5792,-0.151525,-106.313,-0.118169,0.00377073,0.0236922,-0.26339,0.0135559,-15.5792,10.8962,-5.09038,-0.341205,11.8582,0.0771627,46.4949,-0.121952,-0.00260351,-0.0163583,0.178012,0.207117,-11.8582,8.75492,4.25137,0.275347,8.73406,0.297352,115.369,-0.0887373,-0.00792931,-0.0498213,-8.73406,0.0532877,-0.0126383,0.300907,-0.117642,-3.05418,-0.797242,0.2816,-1.17826,-0.65882,-1.39594,0.142442,-5.73306,-0.175151,-19.941,-1.86448,-25.0638,0.575917,-15.3497,0.38041,-48.5693,17.4287,-27.4164,-2.40168
316,0.0316,3.52867,36.176,0.223438,56.1405,-0.328983,-0.00675764,-0.0424595,-8.65393,0.280774,-27.4568,19.9536,-0.906995,-2.99429,15.5499,-0.149039,-104.569,-0.117946,0.00370887,0.0233035,-0.161243,0.00235946,-15.5499,10.8678,-5.07812,-0.263214,11.8981,0.0754699,45.475,-0.122362,-0.0025464,-0.0159995,0.235285,0.229178,-11.8981,8.7865,4.28986,0.321709,8.72797,0.297007,115.235,-0.0886754,-0.00792012,-0.0497636,-8.72797,0.0492362,-0.00883056,0.299292,-0.118739,-3.05279,-0.761805,0.275964,-1.13836,-0.635414,-1.32631,0.133803,-5.72946,-0.174946,-19.9403,-1.86426,-25.0591,0.574881,-15.1452,0.381793,-48.5354,17.454,-27.2924,-2.28561
317,0.0317,3.53983,36.198,0.224599,57.129,-0.329251,-0.00677936,-0.042596,-8.50557,0.285959,-27.4814,19.9677,-0.859251,-2.87411,15.5351,-0.146814,-103.008,-0.117834,0.00365349,0.0229556,-0.0740068,-0.0181584,-15.5351,10.8516,-5.06949,-0.192918,11.941,0.0747244,45.0257,-0.122802,-0.00252124,-0.0158414,0.290433,0.258991,-11.941,8.81825,4.32995,0.370254,8.72199,0.296688,115.111,-0.0886147,-0.00791162,-0.0497102,-8.72199,0.0451261,-0.00542092,0.297843,-0.119709,-3.05144,-0.756986,0.274832,-1.13169,-0.630569,-1.31757,0.133045,-5.72346,-0.174014,-19.9408,-1.86495,-25.0528,0.573759,-14.986,0.386777,-48.5539,17.4722,-27.2296,-2.1673
318,0.0318,3.551,36.2305,0.225935,58.113,-0.329604,-0.00681619,-0.0428274,-8.36661,0.287873,-27.5167,19.9904,-0.812579,-2.75406,15.5281,-0.145646,-102.188,-0.117781,0.00362444,0.022773,0.00588283,-0.0496067,-15.5281,10.844,-5.06327,-0.125267,11.9862,0.0751869,45.3045,-0.123268,-0.00253685,-0.0159395,0.343642,0.296505,-11.9862,8.84983,4.37125,0.421359,8.71614,0.296394,114.997,-0.0885552,-0.00790378,-0.0496609,-8.71614,0.0409745,-0.00239682,0.296556,-0.120559,-3.05015,-0.727656,0.27362,-1.09508,-0.614602,-1.25522,0.122063,-5.71635,-0.172421,-19.9422,-1.86635,-25.0462,0.572855,-14.8106,0.389071,-48.554,17.5094,-27.114,-2.05914
319,0.0319,3.56217,36.2854,0.228169,59.599,-0.330138,-0.00688614,-0.0432669,-8.23943,0.288657,-27.5748,20.0287,-0.770544,-2.63592,15.54,-0.144818,-101.608,-0.117871,0.00360384,0.0226436,0.0753578,-0.0896417,-15.54,10.8515,-5.06312,-0.0624707,12.0351,0.0768643,46.3152,-0.12377,-0.00259344,-0.0162951,0.395619,0.341503,-12.0351,8.88184,4.41387,0.475449,8.71041,0.296123,114.892,-0.088497,-0.00789654,-0.0496154,-8.71041,0.036796,0.000251589,0.295424,-0.121293,-3.0489,-0.719968,0.27345,-1.06865,-0.605253,-1.22587,0.118446,-5.70711,-0.170481,-19.9462,-1.86862,-25.0397,0.571619,-14.6665,0.391626,-48.5896,17.5549,-27.0361,-1.94585
320,0.032,3.57333,36.3527,0.23302,62.7831,-0.330767,-0.00703309,-0.0441902,-8.1369,0.299055,-27.6453,20.0761,-0.732224,-2.53035,15.5633,-0.142728,-100.141,-0.118048,0.00355182,0.0223167,0.120781,-0.127811,-15.5633,10.8694,-5.06681,-0.0159374,12.0846,0.0798753,48.1295,-0.124279,-0.00269504,-0.0169334,0.447128,0.394262,-12.0846,8.91223,4.45651,0.533278,8.70481,0.295873,114.795,-0.0884401,-0.00788987,-0.0495735,-8.70481,0.0326046,0.00253633,0.29444,-0.121917,-3.04769,-0.690758,0.270709,-1.01787,-0.584132,-1.15144,0.108286,-5.69926,-0.168841,-19.9495,-1.87065,-25.034,0.570579,-14.5269,0.400923,-48.6127,17.6213,-26.9177,-1.85148
321,0.0321,3.5845,36.448,0.237251,65.3914,-0.331598,-0.00717658,-0.0450918,-8.0373,0.305894,-27.7442,20.1398,-0.705934,-2.42121,15.6191,-0.142629,-100.072,-0.118471,0.00354936,0.0223013,0.164763,-0.176952,-15.6191,10.9089,-5.08055,0.0311831,12.1296,0.0842367,50.7575,-0.124742,-0.00284219,-0.017858,0.497289,0.454435,-12.1296,8.93726,4.49705,0.594123,8.69935,0.295643,114.706,-0.0883847,-0.00788375,-0.0495351,-8.69935,0.0284112,0.00446732,0.293602,-0.122438,-3.04652,-0.671003,0.271164,-0.991957,-0.575594,-1.10653,0.0991313,-5.69688,-0.16788,-19.9488,-1.87155,-25.0308,0.570642,-14.4052,0.409178,-48.685,17.6926,-26.8432,-1.75144
322,0.0322,3.59567,36.5185,0.241154,67.6411,-0.332211,-0.0073229,-0.0460111,-7.94628,0.310795,-27.8184,20.1867,-0.681345,-2.31336,15.6607,-0.144113,-101.113,-0.118787,0.0035863,0.0225334,0.203921,-0.234509,-15.6607,10.9416,-5.09139,0.0760824,12.1637,0.0898344,54.1304,-0.125093,-0.00303106,-0.0190447,0.543854,0.521076,-12.1637,8.95221,4.53291,0.655954,8.69405,0.295433,114.624,-0.0883308,-0.00787814,-0.0494998,-8.69405,0.0242286,0.0060542,0.292904,-0.122862,-3.0454,-0.655651,0.270212,-1.01512,-0.583291,-1.10776,0.0936748,-5.69592,-0.167494,-19.9445,-1.87133,-25.0256,0.570775,-14.2978,0.413513,-48.778,17.7321,-26.8147,-1.64891
323,0.0323,3.60683,36.5822,0.246647,70.9094,-0.332733,-0.00751706,-0.0472311,-7.87846,0.32404,-27.886,20.2267,-0.665941,-2.21946,15.7104,-0.144954,-101.703,-0.119164,0.00360721,0.0226648,0.226063,-0.288821,-15.7104,10.9803,-5.10501,0.108596,12.1829,0.0963612,58.0631,-0.12529,-0.00325128,-0.0204284,0.584384,0.592791,-12.1829,8.95406,4.56226,0.716258,8.68891,0.29524,114.549,-0.0882786,-0.00787299,-0.0494675,-8.68891,0.0200704,0.00730623,0.29234,-0.123192,-3.04431,-0.649695,0.26605,-1.03955,-0.587646,-1.12211,0.0955719,-5.69372,-0.167548,-19.9393,-1.87056,-25.0183,0.570311,-14.2219,0.422542,-48.8648,17.7685,-26.8064,-1.55357
324,0.0324,3.618,36.6416,0.25045,72.9635,-0.333176,-0.0076712,-0.0481996,-7.82656,0.334284,-27.9494,20.2617,-0.663274,-2.13547,15.7727,-0.14773,-103.651,-0.119636,0.00367631,0.0230989,0.241455,-0.348994,-15.7727,11.0287,-5.12374,0.136346,12.185,0.103117,62.1338,-0.125311,-0.00347921,-0.0218605,0.615912,0.667328,-12.185,8.9411,4.5839,0.771454,8.68393,0.295063,114.481,-0.088228,-0.00786829,-0.0494379,-8.68393,0.0159497,0.00823232,0.291907,-0.123435,-3.04327,-0.64544,0.262155,-1.01804,-0.574256,-1.1011,0.098137,-5.69454,-0.168053,-19.9354,-1.86966,-25.0157,0.570356,-14.1665,0.428385,-48.9029,17.8178,-26.7801,-1.46697
325,0.0325,3.62917,36.6824,0.253111,74.2577,-0.333431,-0.00779288,-0.0489641,-7.79421,0.340494,-27.9944,20.2828,-0.670828,-2.06502,15.834,-0.151203,-106.087,-0.120101,0.00376272,0.0236418,0.249397,-0.413169,-15.834,11.0782,-5.14458,0.15947,12.1693,0.109411,65.9263,-0.125151,-0.00369158,-0.0231949,0.635514,0.741785,-12.1693,8.91303,4.59735,0.817773,8.67912,0.294903,114.419,-0.0881791,-0.00786402,-0.0494111,-8.67912,0.0118787,0.0088411,0.2916,-0.123594,-3.04226,-0.656142,0.259831,-1.03862,-0.578981,-1.12974,0.105149,-5.69961,-0.168972,-19.9328,-1.86856,-25.0189,0.571287,-14.15,0.431353,-48.9659,17.8353,-26.8195,-1.38858
326,0.0326,3.64033,36.6988,0.255172,75.2129,-0.333457,-0.00789182,-0.0495858,-7.788,0.348415,-28.0152,20.2861,-0.686334,-2.01577,15.887,-0.154407,-108.336,-0.120503,0.00384247,0.0241429,0.244509,-0.473126,-15.887,11.1236,-5.1655,0.172457,12.1374,0.11482,69.1859,-0.124822,-0.0038741,-0.0243417,0.641975,0.81367,-12.1374,8.87102,4.60284,0.853059,8.67449,0.294759,114.363,-0.088132,-0.00786018,-0.049387,-8.67449,0.00787059,0.00914124,0.291417,-0.123677,-3.04129,-0.665967,0.261096,-1.00585,-0.567139,-1.11351,0.108354,-5.70936,-0.170215,-19.9316,-1.86739,-25.0287,0.573278,-14.1633,0.439296,-48.9527,17.8515,-26.8285,-1.33414
327,0.0327,3.6515,36.6845,0.256591,75.8151,-0.33321,-0.00796566,-0.0500497,-7.80788,0.362944,-28.0053,20.2667,-0.707453,-1.99073,15.9239,-0.157237,-110.321,-0.120783,0.00391289,0.0245854,0.226926,-0.521911,-15.9239,11.159,-5.18436,0.173233,12.0905,0.119198,71.8236,-0.12434,-0.0040218,-0.0252697,0.635228,0.880916,-12.0905,8.81634,4.6006,0.876389,8.67004,0.29463,114.313,-0.0880868,-0.00785675,-0.0493654,-8.67004,0.00393928,0.00914077,0.291354,-0.123686,-3.04035,-0.697251,0.265328,-1.00398,-0.571568,-1.14544,0.116891,-5.722,-0.17166,-19.9345,-1.86691,-25.0455,0.57581,-14.2271,0.456613,-48.9437,17.8282,-26.8984,-1.29803
328,0.0328,3.66267,36.6414,0.257851,76.4086,-0.332707,-0.00802592,-0.0504283,-7.84871,0.384075,-27.9667,20.2258,-0.735304,-1.98683,15.9464,-0.159153,-111.665,-0.120954,0.00396055,0.0248849,0.200967,-0.558001,-15.9464,11.185,-5.20204,0.164877,12.0292,0.122486,73.805,-0.123709,-0.00413275,-0.0259669,0.616104,0.941978,-12.0292,8.74947,4.59037,0.887745,8.66578,0.294517,114.269,-0.0880436,-0.00785372,-0.0493464,-8.66578,9.76023e-05,0.00884888,0.291407,-0.123629,-3.03945,-0.738348,0.273963,-1.00108,-0.580638,-1.18637,0.125041,-5.73762,-0.173244,-19.9388,-1.86653,-25.067,0.578869,-14.3247,0.484794,-48.9066,17.7787,-26.9887,-1.28292
329,0.0329,3.67383,36.5749,0.259181,77.1679,-0.331989,-0.00807722,-0.0507507,-7.90207,0.404005,-27.905,20.1666,-0.771503,-1.99575,15.9594,-0.159796,-112.117,-0.121052,0.00397657,0.0249856,0.173483,-0.588638,-15.9594,11.2039,-5.22002,0.154934,11.9538,0.12456,75.0544,-0.122935,-0.00420271,-0.0264064,0.586166,0.996285,-11.9538,8.67114,4.57202,0.887901,8.66172,0.294418,114.23,-0.0880023,-0.00785109,-0.0493298,-8.66172,-0.00364189,0.0082743,0.291572,-0.12351,-3.03859,-0.748999,0.281682,-0.930917,-0.562037,-1.13806,0.121915,-5.75249,-0.174771,-19.942,-1.86578,-25.0866,0.581605,-14.4036,0.510917,-48.7778,17.7388,-26.9961,-1.29223
330,0.033,3.685,36.4894,0.260679,78.1577,-0.331094,-0.00812218,-0.0510331,-7.96597,0.418489,-27.8242,20.0913,-0.815455,-2.01529,15.9655,-0.159099,-111.627,-0.121099,0.00395922,0.0248765,0.145495,-0.617064,-15.9655,11.2165,-5.23809,0.145254,11.8661,0.125445,75.5878,-0.122032,-0.00423258,-0.0265941,0.546399,1.04282,-11.8661,8.58291,4.54597,0.877217,8.65786,0.294333,114.197,-0.0879631,-0.00784882,-0.0493156,-8.65786,-0.00726671,0.00742599,0.291845,-0.123333,-3.03776,-0.750909,0.286864,-0.756733,-0.50015,-0.99889,0.117884,-5.76239,-0.175979,-19.9467,-1.86547,-25.102,0.583098,-14.4793,0.529374,-48.5276,17.7257,-26.9164,-1.31431
331,0.0331,3.69617,36.3873,0.261694,78.9038,-0.330046,-0.00814631,-0.0511848,-8.04321,0.436156,-27.7267,20.0017,-0.865228,-2.05158,15.9646,-0.157898,-110.785,-0.121092,0.00392934,0.0246887,0.113031,-0.633628,-15.9646,11.2223,-5.25525,0.129046,11.7685,0.125331,75.5191,-0.121028,-0.00422873,-0.0265699,0.497982,1.08055,-11.7685,8.48708,4.51312,0.856348,8.65422,0.294262,114.17,-0.0879261,-0.00784691,-0.0493036,-8.65422,-0.0107668,0.00631279,0.292223,-0.123105,-3.03698,-0.768984,0.290784,-0.737746,-0.49622,-1.00373,0.121642,-5.76887,-0.176811,-19.9494,-1.86494,-25.1118,0.583922,-14.5811,0.550129,-48.4139,17.6405,-26.9807,-1.34602
332,0.0332,3.70733,36.2777,0.262079,79.2775,-0.328924,-0.00814816,-0.0511964,-8.1305,0.4555,-27.622,19.9045,-0.921469,-2.10275,15.963,-0.156594,-109.87,-0.121079,0.00389688,0.0244848,0.0780327,-0.638698,-15.963,11.2256,-5.27327,0.107396,11.6639,0.12447,75.0003,-0.119953,-0.00419968,-0.0263874,0.44227,1.10833,-11.6639,8.38622,4.47464,0.826094,8.6508,0.294204,114.147,-0.0878914,-0.00784536,-0.0492939,-8.6508,-0.0141318,0.00494338,0.292702,-0.122831,-3.03624,-0.778258,0.293841,-0.684835,-0.477562,-0.972502,0.123089,-5.76955,-0.177117,-19.9481,-1.86402,-25.1112,0.58361,-14.6783,0.572224,-48.2549,17.5629,-27.0052,-1.39605
333,0.0333,3.7185,36.1812,0.262376,79.6356,-0.327891,-0.00814328,-0.0511657,-8.22137,0.460308,-27.5302,19.8138,-0.987706,-2.15824,15.978,-0.154878,-108.666,-0.121194,0.00385418,0.0242165,0.0449538,-0.648691,-15.978,11.2375,-5.29701,0.0891196,11.5555,0.123095,74.1717,-0.118838,-0.00415329,-0.0260959,0.381298,1.12635,-11.5555,8.28299,4.43182,0.788188,8.64762,0.294159,114.13,-0.0878591,-0.00784417,-0.0492863,-8.64762,-0.0173524,0.00332599,0.293278,-0.122514,-3.03555,-0.775637,0.294674,-0.621265,-0.4526,-0.919684,0.121629,-5.76547,-0.176828,-19.9472,-1.86387,-25.1059,0.582442,-14.7625,0.578154,-48.0987,17.4973,-27.0133,-1.45417
334,0.0334,3.72967,36.0875,0.262042,79.5749,-0.326879,-0.00812034,-0.0510216,-8.31555,0.450624,-27.4414,19.723,-1.05777,-2.21713,15.9965,-0.153533,-107.722,-0.121334,0.0038207,0.0240061,0.0117525,-0.665451,-15.9965,11.249,-5.32161,0.0726015,11.4463,0.121449,73.1798,-0.117715,-0.00409774,-0.0257469,0.317403,1.13649,-11.4463,8.18002,4.38601,0.745178,8.6447,0.294126,114.117,-0.0878294,-0.00784329,-0.0492808,-8.6447,-0.0204166,0.00147116,0.293948,-0.122159,-3.03491,-0.803234,0.297355,-0.554679,-0.429093,-0.899977,0.130535,-5.75723,-0.175893,-19.9488,-1.86494,-25.0982,0.580626,-14.876,0.572085,-47.9449,17.4289,-27.056,-1.50597
335,0.0335,3.74083,35.9901,0.260349,78.5593,-0.32584,-0.00806332,-0.0506633,-8.41293,0.433724,-27.3486,19.628,-1.12841,-2.2808,16.0101,-0.153529,-107.719,-0.121437,0.0038206,0.0240056,-0.0233518,-0.684142,-16.0101,11.2543,-5.34472,0.0540359,11.3379,0.119772,72.1693,-0.1166,-0.00404116,-0.0253914,0.252476,1.14118,-11.3379,8.07893,4.33808,0.699491,8.64205,0.294106,114.109,-0.0878025,-0.00784276,-0.0492775,-8.64205,-0.0233174,-0.000613214,0.294709,-0.121771,-3.03433,-0.829807,0.300869,-0.577412,-0.441286,-0.949912,0.137984,-5.74787,-0.17442,-19.948,-1.86595,-25.087,0.578982,-14.9906,0.560173,-47.8741,17.3207,-27.1653,-1.56384
336,0.0336,3.752,35.8939,0.25881,77.6322,-0.324819,-0.00801157,-0.0503382,-8.51253,0.420907,-27.2571,19.533,-1.2004,-2.34982,16.022,-0.153543,-107.729,-0.121527,0.00382094,0.0240077,-0.0603383,-0.694847,-16.022,11.2561,-5.36811,0.0315144,11.2323,0.118253,71.2545,-0.115514,-0.00398993,-0.0250695,0.187487,1.1418,-11.2323,7.98134,4.28906,0.652485,8.63968,0.294099,114.107,-0.0877785,-0.00784258,-0.0492764,-8.63968,-0.0260497,-0.00291914,0.295557,-0.121352,-3.03382,-0.870759,0.307972,-0.578181,-0.449917,-0.997808,0.147559,-5.73882,-0.172623,-19.9485,-1.86744,-25.0773,0.577668,-15.1221,0.556257,-47.7838,17.2157,-27.2755,-1.6246
337,0.0337,3.76317,35.7929,0.259104,77.9931,-0.323774,-0.0080049,-0.0502963,-8.61234,0.434677,-27.1607,19.4343,-1.26968,-2.42969,16.0244,-0.151674,-106.418,-0.121546,0.00377444,0.0237155,-0.0971116,-0.673236,-16.0244,11.2493,-5.3885,0.000445257,11.1309,0.116672,70.3015,-0.114471,-0.00393657,-0.0247342,0.122394,1.13652,-11.1309,7.88844,4.23973,0.603262,8.63762,0.294106,114.109,-0.0877575,-0.00784276,-0.0492775,-8.63762,-0.0286099,-0.00544135,0.296493,-0.120904,-3.0334,-0.917104,0.316584,-0.589537,-0.465411,-1.05822,0.15744,-5.7326,-0.171017,-19.9497,-1.86894,-25.0715,0.576973,-15.262,0.580243,-47.6999,17.0999,-27.3994,-1.69528
338,0.0338,3.77433,35.7205,0.257753,77.4025,-0.322987,-0.00793875,-0.0498806,-8.71051,0.441898,-27.0928,19.3543,-1.33719,-2.52408,16.0404,-0.14937,-104.801,-0.121667,0.00371711,0.0233553,-0.129642,-0.634304,-16.0404,11.2496,-5.41178,-0.0328762,11.0442,0.112995,68.0862,-0.11358,-0.00381252,-0.0239548,0.055003,1.1072,-11.0442,7.80714,4.19502,0.541855,8.63587,0.294128,114.118,-0.0877397,-0.00784333,-0.0492811,-8.63587,-0.030994,-0.0081749,0.297514,-0.120429,-3.03306,-0.968426,0.323905,-0.602112,-0.481109,-1.12397,0.170351,-5.72854,-0.169906,-19.9519,-1.87058,-25.0691,0.576532,-15.4075,0.595896,-47.6468,17.0026,-27.5302,-1.7772
339,0.0339,3.7855,35.6916,0.256978,77.1569,-0.322606,-0.00789187,-0.0495861,-8.7985,0.459416,-27.0682,19.3043,-1.39653,-2.61548,16.0714,-0.147057,-103.178,-0.121902,0.00365955,0.0229936,-0.154899,-0.582961,-16.0714,11.2581,-5.43867,-0.0651358,10.9857,0.10987,66.2032,-0.112978,-0.00370708,-0.0232923,-0.00914738,1.07557,-10.9857,7.74752,4.16207,0.482469,8.63446,0.294165,114.132,-0.0877253,-0.00784433,-0.0492874,-8.63446,-0.0331964,-0.0111146,0.298621,-0.119929,-3.03282,-1.00073,0.329655,-0.600249,-0.487993,-1.15815,0.177808,-5.72818,-0.169344,-19.9514,-1.87143,-25.0683,0.576802,-15.5274,0.619727,-47.6198,16.9448,-27.6229,-1.86087
340,0.034,3.79667,35.6624,0.258892,78.8804,-0.322242,-0.00790396,-0.0496621,-8.86064,0.504933,-27.0433,19.2535,-1.45263,-2.70657,16.0952,-0.141176,-99.0522,-0.122082,0.0035132,0.0220741,-0.160045,-0.486785,-16.0952,11.26,-5.46297,-0.0943619,10.9338,0.105846,63.7781,-0.112445,-0.00357129,-0.0224391,-0.0671913,1.02694,-10.9338,7.69376,4.12974,0.420484,8.63341,0.294223,114.155,-0.0877147,-0.00784588,-0.0492971,-8.63341,-0.0352243,-0.0142647,0.299819,-0.119401,-3.03269,-1.02854,0.331688,-0.602978,-0.491294,-1.19268,0.187852,-5.72626,-0.169093,-19.9474,-1.87128,-25.0624,0.576558,-15.6154,0.667527,-47.5936,16.891,-27.7077,-1.94216
341,0.0341,3.80783,35.6618,0.256932,78.2656,-0.322105,-0.00778509,-0.0489152,-8.91437,0.515716,-27.0467,19.2214,-1.51465,-2.80684,16.1436,-0.135285,-94.919,-0.12245,0.0033666,0.021153,-0.153136,-0.392018,-16.1436,11.2771,-5.49242,-0.114639,10.8854,0.0979138,58.9987,-0.111947,-0.00330366,-0.0207575,-0.128492,0.944815,-10.8854,7.64317,4.09661,0.340498,8.63274,0.294304,114.186,-0.0877079,-0.00784803,-0.0493106,-8.63274,-0.0370813,-0.0176291,0.301112,-0.118843,-3.0327,-1.06844,0.334536,-0.631018,-0.504679,-1.26065,0.202561,-5.72599,-0.169175,-19.9417,-1.87042,-25.0568,0.576598,-15.7088,0.681077,-47.6194,16.8463,-27.8321,-2.02769
342,0.0342,3.819,35.6989,0.258935,79.8216,-0.322308,-0.00781871,-0.0491264,-8.95024,0.545068,-27.0876,19.2164,-1.57152,-2.86873,16.2097,-0.131534,-92.2869,-0.122951,0.00327325,0.0205664,-0.143668,-0.319727,-16.2097,11.3044,-5.52475,-0.127896,10.8567,0.0960603,57.8819,-0.111651,-0.00324113,-0.0203646,-0.174099,0.90356,-10.8567,7.60955,4.07149,0.292031,8.63248,0.294408,114.227,-0.0877052,-0.00785083,-0.0493282,-8.63248,-0.0387649,-0.0212117,0.302504,-0.118252,-3.03286,-1.06641,0.334472,-0.512045,-0.457256,-1.16552,0.203335,-5.72764,-0.169549,-19.9365,-1.86933,-25.0539,0.576974,-15.7443,0.70999,-47.5362,16.8898,-27.7909,-2.08842
343,0.0343,3.83017,35.7312,0.253397,76.4284,-0.322464,-0.0076335,-0.0479627,-8.99791,0.50904,-27.1236,19.2061,-1.62813,-2.93744,16.2752,-0.131822,-92.4895,-0.123447,0.00328043,0.0206116,-0.149645,-0.294488,-16.2752,11.3282,-5.55478,-0.140652,10.8234,0.0906825,54.6414,-0.111309,-0.00305967,-0.0192245,-0.215615,0.843793,-10.8234,7.57386,4.04428,0.236393,8.63265,0.294537,114.276,-0.087707,-0.00785426,-0.0493498,-8.63265,-0.0402645,-0.0250136,0.303993,-0.117627,-3.03318,-1.10637,0.337478,-0.515818,-0.461438,-1.21393,0.217783,-5.73216,-0.170207,-19.9324,-1.86809,-25.055,0.577942,-15.8364,0.676311,-47.5717,16.8765,-27.8971,-2.14171
344,0.0344,3.84133,35.776,0.246336,71.9003,-0.322775,-0.00741546,-0.0465927,-9.04957,0.450044,-27.1717,19.2026,-1.66939,-3.00506,16.3303,-0.134233,-94.181,-0.123866,0.00334043,0.0209885,-0.164957,-0.289055,-16.3303,11.3425,-5.57964,-0.155611,10.8123,0.0858722,51.743,-0.111195,-0.00289737,-0.0182047,-0.251317,0.780692,-10.8123,7.55454,4.02722,0.184237,8.6333,0.294697,114.338,-0.0877136,-0.00785851,-0.0493765,-8.6333,-0.0415923,-0.0290545,0.305594,-0.116957,-3.03368,-1.12889,0.341473,-0.498121,-0.459006,-1.22387,0.223737,-5.74116,-0.171142,-19.9289,-1.86668,-25.0619,0.579957,-15.9196,0.620375,-47.5988,16.8769,-27.9551,-2.20137
345,0.0345,3.8525,35.8326,0.240994,68.3703,-0.323243,-0.00725794,-0.045603,-9.09263,0.394422,-27.2315,19.2066,-1.69519,-3.06548,16.3728,-0.136954,-96.0898,-0.124188,0.00340813,0.0214139,-0.180077,-0.280963,-16.3728,11.3461,-5.59827,-0.171615,10.8254,0.0830565,50.0463,-0.11133,-0.00280237,-0.0176078,-0.278103,0.718137,-10.8254,7.5531,4.01931,0.140538,8.63445,0.294891,114.414,-0.0877253,-0.00786369,-0.049409,-8.63445,-0.0427518,-0.0333535,0.307318,-0.116231,-3.0344,-1.13989,0.346848,-0.382061,-0.420549,-1.1425,0.223298,-5.75342,-0.172313,-19.9291,-1.86573,-25.0758,0.582644,-15.9859,0.568958,-47.5427,16.9203,-27.9135,-2.25953
346,0.0346,3.86367,35.8793,0.235787,64.9087,-0.323626,-0.00710514,-0.0446429,-9.12591,0.340487,-27.2811,19.2034,-1.71857,-3.11992,16.4088,-0.139723,-98.0329,-0.124461,0.00347705,0.0218469,-0.193217,-0.270397,-16.4088,11.344,-5.61234,-0.187085,10.8344,0.080387,48.4378,-0.111422,-0.0027123,-0.0170419,-0.296547,0.65462,-10.8344,7.55023,4.00922,0.102513,8.63615,0.295123,114.504,-0.0877425,-0.00786988,-0.0494479,-8.63615,-0.0437361,-0.0379249,0.309172,-0.11544,-3.03535,-1.19797,0.359522,-0.352595,-0.424305,-1.18057,0.234827,-5.7689,-0.173679,-19.9302,-1.86472,-25.0941,0.58607,-16.0928,0.526329,-47.5639,16.9144,-27.9932,-2.29902
347,0.0347,3.87483,35.9469,0.233244,63.0634,-0.324246,-0.00704009,-0.0442342,-9.16629,0.322864,-27.3513,19.2155,-1.7258,-3.1656,16.4366,-0.142287,-99.8317,-0.124672,0.00354085,0.0222478,-0.201874,-0.257217,-16.4366,11.3349,-5.6212,-0.200052,10.8719,0.080133,48.2848,-0.111808,-0.00270373,-0.016988,-0.325967,0.624626,-10.8719,7.56944,4.00997,0.0709987,8.63845,0.295398,114.61,-0.0877659,-0.00787721,-0.049494,-8.63845,-0.044545,-0.0427946,0.311171,-0.114569,-3.03655,-1.23663,0.371162,-0.318025,-0.424846,-1.19251,0.23929,-5.78566,-0.175125,-19.9321,-1.8638,-25.1146,0.589789,-16.1886,0.518901,-47.6014,16.9269,-28.0329,-2.33652
348,0.0348,3.886,35.9821,0.232579,62.3561,-0.32457,-0.00703666,-0.0442127,-9.20927,0.322294,-27.3887,19.2063,-1.73323,-3.20658,16.4501,-0.144689,-101.517,-0.124775,0.00360062,0.0226233,-0.206195,-0.241968,-16.4501,11.315,-5.62266,-0.210485,10.8906,0.0815491,49.138,-0.112,-0.00275151,-0.0172882,-0.361698,0.609434,-10.8906,7.57797,4.00303,0.0419312,8.64138,0.295719,114.735,-0.0877957,-0.00788577,-0.0495478,-8.64138,-0.0451725,-0.0479869,0.313327,-0.113603,-3.03802,-1.22269,0.377301,-0.16821,-0.373046,-1.05644,0.228123,-5.80087,-0.176512,-19.9345,-1.86305,-25.1338,0.593091,-16.2328,0.523083,-47.4915,16.9702,-27.9235,-2.38536
349,0.0349,3.89717,35.9787,0.232957,62.2355,-0.324528,-0.00707086,-0.0444275,-9.25784,0.337609,-27.3872,19.1727,-1.74477,-3.2463,16.4525,-0.147406,-103.423,-0.124792,0.00366823,0.0230482,-0.206987,-0.224481,-16.4525,11.2869,-5.61713,-0.219485,10.8812,0.0842751,50.7806,-0.111904,-0.00284349,-0.0178661,-0.405868,0.60769,-10.8812,7.57014,3.98489,0.0129784,8.64499,0.296088,114.878,-0.0878323,-0.00789561,-0.0496096,-8.64499,-0.045599,-0.0535178,0.315645,-0.112528,-3.03979,-1.24945,0.380955,-0.143384,-0.36652,-1.06775,0.23573,-5.81053,-0.177704,-19.9386,-1.86281,-25.1484,0.594869,-16.3178,0.54086,-47.4692,16.9434,-27.9609,-2.4157
350,0.035,3.90833,35.9604,0.232346,61.5095,-0.324357,-0.00707102,-0.0444285,-9.28774,0.334455,-27.3705,19.1294,-1.75327,-3.28028,16.4464,-0.150093,-105.308,-0.124747,0.0037351,0.0234683,-0.200635,-0.207046,-16.4464,11.2528,-5.60589,-0.223413,10.8647,0.085925,51.7747,-0.111734,-0.00289915,-0.0182159,-0.437777,0.587321,-10.8647,7.55849,3.96395,-0.0149914,8.64933,0.296513,115.043,-0.0878764,-0.00790696,-0.0496809,-8.64933,-0.0458199,-0.0594288,0.318151,-0.111322,-3.04188,-1.16617,0.371084,-0.311281,-0.419339,-1.10774,0.210615,-5.81862,-0.178748,-19.9385,-1.8618,-25.1573,0.596203,-16.2725,0.52679,-47.6203,16.8483,-28.0183,-2.47346
351,0.0351,3.9195,35.9317,0.232324,61.1954,-0.324113,-0.0070844,-0.0445126,-9.30888,0.325041,-27.343,19.0798,-1.75273,-3.30788,16.427,-0.152076,-106.7,-0.124599,0.00378446,0.0237785,-0.187546,-0.192215,-16.427,11.2094,-5.58717,-0.221046,10.8502,0.0873999,52.6635,-0.111585,-0.00294892,-0.0185286,-0.46686,0.563074,-10.8502,7.54953,3.9444,-0.0425155,8.65447,0.297,115.232,-0.0879287,-0.00791994,-0.0497625,-8.65447,-0.0458181,-0.0657553,0.320861,-0.109965,-3.04431,-1.12283,0.363141,-0.490503,-0.478594,-1.20284,0.199937,-5.82194,-0.179481,-19.9399,-1.86138,-25.1623,0.596243,-16.2536,0.508701,-47.7734,16.7398,-28.1179,-2.5117
352,0.0352,3.93067,35.914,0.232042,60.6975,-0.323969,-0.00708962,-0.0445454,-9.31231,0.311926,-27.3261,19.0388,-1.74821,-3.3246,16.4126,-0.154184,-108.179,-0.12449,0.0038369,0.024108,-0.159397,-0.177249,-16.4126,11.1698,-5.56726,-0.208256,10.8409,0.088669,53.4282,-0.111489,-0.00299174,-0.0187976,-0.492426,0.534752,-10.8409,7.54527,3.92749,-0.0692076,8.66049,0.297557,115.448,-0.0879899,-0.00793479,-0.0498557,-8.66049,-0.0455766,-0.0725418,0.323798,-0.108431,-3.04713,-0.99442,0.339511,-0.918145,-0.617372,-1.39967,0.168195,-5.82132,-0.179865,-19.941,-1.86119,-25.1626,0.595325,-16.1281,0.471572,-48.1852,16.5603,-28.3105,-2.56108
353,0.0353,3.94183,35.8725,0.233358,61.3227,-0.32366,-0.00713233,-0.0448137,-9.28772,0.29469,-27.2848,18.9808,-1.72898,-3.32111,16.3684,-0.1545,-108.401,-0.124155,0.00384478,0.0241575,-0.106644,-0.162664,-16.3684,11.1084,-5.5355,-0.176247,10.8366,0.0896661,54.029,-0.111445,-0.00302538,-0.019009,-0.513591,0.502428,-10.8366,7.5454,3.91321,-0.0944871,8.66749,0.298192,115.695,-0.0880609,-0.00795173,-0.0499622,-8.66749,-0.0450742,-0.0798426,0.326989,-0.106691,-3.05038,-0.983557,0.333509,-1.29939,-0.758714,-1.68932,0.16779,-5.8192,-0.179906,-19.9438,-1.86173,-25.1629,0.594145,-16.0905,0.448294,-48.528,16.3604,-28.5812,-2.55918
354,0.0354,3.953,35.8227,0.236467,63.202,-0.323302,-0.00721769,-0.0453501,-9.24717,0.268733,-27.2349,18.9171,-1.70045,-3.30367,16.3113,-0.152872,-107.259,-0.123722,0.00380426,0.0239029,-0.0415641,-0.153836,-16.3113,11.0378,-5.49679,-0.131738,10.8358,0.090423,54.485,-0.111437,-0.00305092,-0.0191695,-0.530029,0.466854,-10.8358,7.54888,3.90105,-0.117827,8.67558,0.298916,115.975,-0.0881431,-0.00797103,-0.0500835,-8.67558,-0.0442846,-0.0877203,0.330467,-0.104712,-3.0541,-0.986394,0.334635,-1.43128,-0.81178,-1.79557,0.166768,-5.81492,-0.179569,-19.9486,-1.86315,-25.1627,0.592608,-16.0485,0.4238,-48.6148,16.2422,-28.6588,-2.54429
355,0.0355,3.96417,35.7887,0.240713,65.8597,-0.323072,-0.00733035,-0.0460579,-9.19594,0.236514,-27.2001,18.866,-1.67075,-3.27646,16.2665,-0.150078,-105.298,-0.123382,0.00373473,0.023466,0.0313866,-0.149714,-16.2665,10.9769,-5.4589,-0.0789875,10.8373,0.0910482,54.8618,-0.111452,-0.00307201,-0.019302,-0.542421,0.429403,-10.8373,7.55484,3.89061,-0.139115,8.68491,0.299742,116.296,-0.0882379,-0.00799307,-0.0502219,-8.68491,-0.0431757,-0.0962492,0.334272,-0.102456,-3.05836,-1.0019,0.34239,-1.46167,-0.832675,-1.83549,0.165285,-5.80993,-0.178936,-19.9511,-1.86434,-25.1595,0.591175,-16.0078,0.399968,-48.6128,16.169,-28.6657,-2.52
356,0.0356,3.97533,35.7695,0.24608,69.262,-0.322961,-0.00747164,-0.0469457,-9.12133,0.198064,-27.1794,18.8282,-1.64021,-3.22942,16.2338,-0.146337,-102.673,-0.123134,0.00364163,0.022881,0.126429,-0.151952,-16.2338,10.9272,-5.42188,-0.00767064,10.8401,0.091731,55.2732,-0.11148,-0.00309505,-0.0194468,-0.55211,0.391723,-10.8401,7.56252,3.88155,-0.158525,8.69564,0.300685,116.662,-0.088347,-0.00801821,-0.0503799,-8.69564,-0.041708,-0.105514,0.338445,-0.099876,-3.06323,-1.0221,0.350561,-1.48965,-0.853515,-1.87902,0.165352,-5.80405,-0.178143,-19.9542,-1.8658,-25.1559,0.589654,-15.9475,0.370482,-48.6232,16.1089,-28.6752,-2.47441
357,0.0357,3.9865,35.7573,0.253,73.686,-0.322911,-0.00765413,-0.0480923,-9.04736,0.148378,-27.1649,18.7995,-1.60587,-3.17656,16.2055,-0.141438,-99.2359,-0.122919,0.00351971,0.022115,0.220727,-0.166724,-16.2055,10.8848,-5.38288,0.0683849,10.8438,0.0926744,55.8417,-0.111519,-0.00312688,-0.0196468,-0.560088,0.354935,-10.8438,7.57167,3.87393,-0.176156,8.708,0.301763,117.08,-0.0884726,-0.00804696,-0.0505605,-8.708,-0.0398337,-0.115615,0.34304,-0.0969211,-3.06879,-1.0053,0.355272,-1.48215,-0.856031,-1.85408,0.153936,-5.79902,-0.177473,-19.9562,-1.86678,-25.1522,0.58834,-15.8517,0.326177,-48.6033,16.0767,-28.6121,-2.43428
358,0.0358,3.99767,35.7677,0.259881,77.9893,-0.323037,-0.00783982,-0.0492591,-8.96758,0.0891045,-27.1721,18.7909,-1.57373,-3.11481,16.1974,-0.137176,-96.2458,-0.122857,0.00341366,0.0214487,0.322323,-0.193286,-16.1974,10.861,-5.34789,0.152795,10.848,0.0940582,56.6755,-0.111562,-0.00317357,-0.0199401,-0.567658,0.319889,-10.848,7.58183,3.86769,-0.192447,8.72224,0.302999,117.56,-0.0886172,-0.00807991,-0.0507676,-8.72224,-0.0374981,-0.126679,0.348124,-0.0935259,-3.07516,-1.00443,0.358031,-1.53527,-0.87976,-1.89683,0.150932,-5.79358,-0.177152,-19.9562,-1.86682,-25.1461,0.586729,-15.7656,0.269984,-48.6635,16.0443,-28.6166,-2.37715
359,0.0359,4.00883,35.8007,0.266849,82.2415,-0.323345,-0.0080327,-0.050471,-8.89278,0.020192,-27.2009,18.8019,-1.54348,-3.05179,16.2085,-0.133547,-93.6997,-0.122942,0.00332336,0.0208813,0.420802,-0.231422,-16.2085,10.8549,-5.31698,0.23817,10.8535,0.0959717,57.8285,-0.111619,-0.00323814,-0.0203458,-0.574882,0.286255,-10.8535,7.59327,3.86311,-0.207467,8.7387,0.304425,118.113,-0.0887844,-0.00811792,-0.0510064,-8.7387,-0.0346403,-0.138872,0.353785,-0.0896072,-3.08249,-0.979755,0.357515,-1.54873,-0.884615,-1.8813,0.14128,-5.79052,-0.17732,-19.9564,-1.86647,-25.1428,0.585474,-15.6631,0.200386,-48.706,16.0509,-28.5676,-2.32503
360,0.036,4.02,35.879,0.272877,85.7049,-0.32401,-0.00820767,-0.0515703,-8.83297,-0.0595767,-27.2737,18.8461,-1.52142,-2.99544,16.2595,-0.131661,-92.3766,-0.123329,0.00327643,0.0205864,0.50649,-0.281851,-16.2595,10.8791,-5.2971,0.316831,10.8618,0.0984569,59.3259,-0.111704,-0.00332199,-0.0208727,-0.581677,0.253466,-10.8618,7.60691,3.86074,-0.221315,8.75778,0.306082,118.756,-0.0889783,-0.00816211,-0.0512841,-8.75778,-0.0311926,-0.152405,0.360139,-0.0850593,-3.09096,-0.935563,0.356497,-1.44958,-0.844938,-1.75407,0.124507,-5.78999,-0.177912,-19.9551,-1.86551,-25.1409,0.584705,-15.5585,0.119009,-48.6783,16.1356,-28.4164,-2.28623
361,0.0361,4.03117,35.9867,0.273427,85.2392,-0.324921,-0.00824651,-0.0518144,-8.74427,-0.162138,-27.3743,18.9128,-1.50198,-2.91737,16.3317,-0.135503,-95.0723,-0.123876,0.00337204,0.0211871,0.619031,-0.353785,-16.3317,10.9215,-5.28351,0.41569,10.8751,0.100908,60.8027,-0.111841,-0.00340468,-0.0213922,-0.583338,0.21873,-10.8751,7.62394,3.86128,-0.232273,8.77997,0.308023,119.509,-0.0892037,-0.00821387,-0.0516093,-8.77997,-0.0270835,-0.167534,0.367327,-0.0797514,-3.10079,-0.895905,0.359074,-1.26024,-0.774483,-1.55904,0.106454,-5.79319,-0.178868,-19.9543,-1.86438,-25.1438,0.584753,-15.4334,0.0180677,-48.5889,16.2739,-28.2048,-2.22616
362,0.0362,4.04233,36.1306,0.271374,83.1278,-0.326126,-0.0081954,-0.0514932,-8.65668,-0.288336,-27.5094,19.005,-1.48708,-2.84238,16.4319,-0.139379,-97.7916,-0.124636,0.00346849,0.0217932,0.709127,-0.437934,-16.4319,10.986,-5.2773,0.502729,10.8929,0.100446,60.5244,-0.112024,-0.00338909,-0.0212943,-0.5601,0.171836,-10.8929,7.64343,3.86376,-0.232918,8.80571,0.310307,120.395,-0.0894652,-0.00827479,-0.0519921,-8.80571,-0.0222389,-0.184526,0.375501,-0.0735358,-3.11219,-0.861365,0.363584,-1.07825,-0.709137,-1.37478,0.0887641,-5.80035,-0.180118,-19.9536,-1.86293,-25.1511,0.585705,-15.3184,-0.10487,-48.5412,16.4329,-28.0129,-2.16791
363,0.0363,4.0535,36.2781,0.266908,79.3076,-0.327328,-0.00807506,-0.0507371,-8.567,-0.428883,-27.6466,19.1039,-1.48002,-2.76262,16.5473,-0.144954,-101.703,-0.125512,0.00360722,0.0226648,0.78877,-0.53751,-16.5473,11.0643,-5.27493,0.585769,10.8957,0.0988664,59.5727,-0.112052,-0.0033358,-0.0209595,-0.520672,0.125223,-10.8957,7.65479,3.86116,-0.223194,8.8351,0.312995,121.438,-0.0897639,-0.00834648,-0.0524425,-8.8351,-0.0165954,-0.203639,0.384809,-0.0662491,-3.12519,-0.87236,0.381184,-0.85926,-0.646174,-1.20745,0.0771013,-5.80891,-0.181462,-19.9517,-1.8611,-25.1588,0.587047,-15.2483,-0.229161,-48.4576,16.5967,-27.8463,-2.09847
364,0.0364,4.06467,36.4231,0.260217,73.858,-0.328493,-0.00789587,-0.0496112,-8.47416,-0.579867,-27.7801,19.2057,-1.4752,-2.67504,16.6664,-0.152652,-107.104,-0.126415,0.00379878,0.0238684,0.861653,-0.653708,-16.6664,11.1492,-5.27336,0.667373,10.8891,0.0968173,58.338,-0.111985,-0.00326667,-0.0205251,-0.468272,0.083801,-10.8891,7.66141,3.85609,-0.202987,8.86754,0.316052,122.624,-0.0900935,-0.00842798,-0.0529545,-8.86754,-0.00996033,-0.224576,0.395111,-0.057926,-3.13942,-0.892226,0.398023,-0.733353,-0.618285,-1.1234,0.0693082,-5.81993,-0.182857,-19.9518,-1.85954,-25.1712,0.589009,-15.1863,-0.364702,-48.4653,16.7279,-27.7698,-2.01672
365,0.0365,4.07583,36.5748,0.251328,66.8525,-0.329711,-0.00765705,-0.0481107,-8.38738,-0.735177,-27.9195,19.3155,-1.47072,-2.58654,16.7919,-0.16218,-113.789,-0.127367,0.00403588,0.0253582,0.915331,-0.782821,-16.7919,11.242,-5.27343,0.737868,10.8812,0.0941691,56.7423,-0.111903,-0.00317732,-0.0199637,-0.400967,0.0493762,-10.8812,7.66752,3.85155,-0.170431,8.90174,0.319338,123.899,-0.0904409,-0.00851561,-0.0535052,-8.90174,-0.00173221,-0.24644,0.405941,-0.0488422,-3.15397,-0.921541,0.419197,-0.594804,-0.59116,-1.03956,0.0614921,-5.8303,-0.184122,-19.9518,-1.85797,-25.1827,0.590925,-15.1392,-0.500102,-48.4661,16.8664,-27.693,-1.93412
366,0.0366,4.087,36.7252,0.245067,61.6368,-0.330926,-0.00748433,-0.0470254,-8.35654,-0.857497,-28.057,19.43,-1.4626,-2.53767,16.9131,-0.169282,-118.772,-0.128286,0.00421262,0.0264687,0.902887,-0.890488,-16.9131,11.3383,-5.27225,0.757264,10.8752,0.0915629,55.1719,-0.111842,-0.00308938,-0.0194112,-0.322596,0.0244952,-10.8752,7.67469,3.84885,-0.126687,8.93683,0.322786,125.237,-0.0907974,-0.00860757,-0.0540829,-8.93683,0.00849538,-0.268615,0.41701,-0.0391939,-3.16824,-0.940765,0.433179,-0.529727,-0.58272,-1.00655,0.0566121,-5.83814,-0.185121,-19.9511,-1.85643,-25.1908,0.592391,-15.1354,-0.609439,-48.5378,16.9909,-27.6599,-1.88866
367,0.0367,4.09817,36.8396,0.241343,58.0704,-0.331879,-0.00737882,-0.0463625,-8.36919,-0.940634,-28.1574,19.5271,-1.44216,-2.52099,16.9942,-0.174541,-122.462,-0.128901,0.00434351,0.0272911,0.839907,-0.971688,-16.9942,11.4158,-5.2614,0.734296,10.8717,0.0893653,53.8477,-0.111806,-0.00301523,-0.0189453,-0.23543,0.0102928,-10.8717,7.68271,3.84803,-0.0725852,8.97367,0.326519,126.685,-0.0911717,-0.00870709,-0.0547083,-8.97367,0.0207612,-0.291515,0.428583,-0.0287933,-3.1827,-0.974419,0.450747,-0.387058,-0.548667,-0.927934,0.0548459,-5.83988,-0.185667,-19.9474,-1.85463,-25.1892,0.592644,-15.1835,-0.675554,-48.4919,17.1238,-27.5592,-1.8735
368,0.0368,4.10933,36.8888,0.243303,58.3225,-0.33234,-0.00741593,-0.0465957,-8.4052,-0.977297,-28.1936,19.5877,-1.40387,-2.52151,17.0089,-0.174673,-122.555,-0.129013,0.00434678,0.0273116,0.742709,-1.01988,-17.0089,11.4565,-5.23472,0.681584,10.8684,0.0871865,52.5349,-0.111771,-0.00294172,-0.0184834,-0.136421,0.00807129,-10.8684,7.68988,3.84798,-0.00591427,9.01149,0.33079,128.342,-0.091556,-0.00882099,-0.0554239,-9.01149,0.0345153,-0.316328,0.441343,-0.0171364,-3.19718,-1.007,0.46119,-0.373669,-0.555975,-0.95251,0.0591626,-5.84019,-0.185809,-19.945,-1.85354,-25.1872,0.592819,-15.2524,-0.701916,-48.5122,17.1782,-27.5436,-1.86952
369,0.0369,4.1205,36.903,0.253658,64.0603,-0.33254,-0.0076659,-0.0481663,-8.46882,-0.947335,-28.2025,19.6345,-1.35594,-2.54699,16.9877,-0.167837,-117.758,-0.128852,0.00417666,0.0262428,0.605953,-1.01555,-16.9877,11.4796,-5.20256,0.590821,10.8681,0.0852129,51.3457,-0.111769,-0.00287513,-0.018065,-0.0275498,0.0197658,-10.8681,7.69766,3.8494,0.0728026,9.04723,0.336282,130.473,-0.091919,-0.00896743,-0.0563441,-9.04723,0.04845,-0.346756,0.457293,-0.00278563,-3.21062,-1.04506,0.469702,-0.437829,-0.590771,-1.04529,0.0670954,-5.83969,-0.185504,-19.945,-1.85359,-25.1866,0.593101,-15.3536,-0.663137,-48.5854,17.1901,-27.5878,-1.8868
370,0.037,4.13167,36.9461,0.273962,76.5616,-0.332938,-0.00817476,-0.0513635,-8.60393,-0.788517,-28.2512,19.7103,-1.31908,-2.64921,17.0032,-0.152573,-107.049,-0.12897,0.00379683,0.0238562,0.388289,-0.894427,-17.0032,11.531,-5.18321,0.413346,10.8702,0.0844495,50.8857,-0.111791,-0.00284937,-0.0179031,0.0804918,0.0456934,-10.8702,7.70553,3.85203,0.157162,9.07271,0.342086,132.725,-0.092178,-0.00912222,-0.0573166,-9.07271,0.0602172,-0.377814,0.473812,0.0121031,-3.21972,-1.10078,0.493206,-0.249716,-0.546643,-0.956898,0.0687265,-5.83761,-0.184718,-19.9451,-1.85437,-25.1845,0.593347,-15.5423,-0.480029,-48.4461,17.3093,-27.4604,-1.98714
371,0.0371,4.14283,36.9551,0.28641,85.2464,-0.333008,-0.0084901,-0.0533449,-8.65005,-0.655284,-28.262,19.7621,-1.29499,-2.6812,17.0118,-0.140718,-98.7306,-0.129035,0.00350179,0.0220024,0.23706,-0.808911,-17.0118,11.5757,-5.16421,0.290844,10.8751,0.085086,51.2692,-0.111841,-0.00287085,-0.0180381,0.181068,0.0840885,-10.8751,7.7138,3.85592,0.242064,9.06818,0.342042,132.708,-0.092132,-0.00912104,-0.0573092,-9.06818,0.0695384,-0.375058,0.472645,0.0133017,-3.21411,-1.11541,0.509947,-0.0858046,-0.503073,-0.84196,0.0594986,-5.83429,-0.183454,-19.9463,-1.85603,-25.1819,0.593626,-15.5997,-0.328791,-48.2942,17.403,-27.3189,-2.02808
372,0.0372,4.154,37.0358,0.296436,93.329,-0.333594,-0.00874549,-0.0549495,-8.69741,-0.470183,-28.3408,19.8625,-1.30366,-2.72643,17.1032,-0.128327,-90.0373,-0.129729,0.00319346,0.0200651,0.0768732,-0.681504,-17.1032,11.6768,-5.17122,0.148862,10.8883,0.0865159,52.1308,-0.111976,-0.00291909,-0.0183412,0.27002,0.130807,-10.8883,7.7261,3.8627,0.322517,9.0443,0.338247,131.235,-0.0918893,-0.00901985,-0.0566734,-9.0443,0.0805142,-0.349316,0.459626,0.00486065,-3.19781,-1.15316,0.527527,0.0296281,-0.479114,-0.792102,0.0585352,-5.83002,-0.181744,-19.9502,-1.85884,-25.1809,0.593945,-15.6806,-0.124399,-48.2614,17.5245,-27.2767,-2.07395
373,0.0373,4.16517,37.1541,0.296203,94.4069,-0.334462,-0.00874805,-0.0549656,-8.66949,-0.392631,-28.4577,19.9853,-1.32796,-2.69278,17.234,-0.125874,-88.3157,-0.13072,0.00313239,0.0196814,0.00311946,-0.663833,-17.234,11.8016,-5.19272,0.0936594,10.9055,0.0883742,53.2505,-0.112154,-0.00298179,-0.0187352,0.342001,0.181202,-10.9055,7.73973,3.87091,0.392759,9.01461,0.333702,129.472,-0.0915877,-0.00889865,-0.0559119,-9.01461,0.0900006,-0.318167,0.44398,-0.00614895,-3.1792,-1.17035,0.538678,0.0521304,-0.483557,-0.794731,0.0548886,-5.82295,-0.1798,-19.9534,-1.86164,-25.1761,0.593611,-15.6628,-0.0337526,-48.3589,17.6402,-27.2988,-2.04428
374,0.0374,4.17633,37.1886,0.2878,89.6621,-0.334695,-0.0085509,-0.0537269,-8.61434,-0.409551,-28.4908,20.0506,-1.33486,-2.62182,17.2803,-0.132133,-92.7074,-0.131072,0.00328816,0.0206601,-0.018903,-0.734356,-17.2803,11.87,-5.19689,0.0950006,10.923,0.0906058,54.5952,-0.112333,-0.00305709,-0.0192082,0.389845,0.227995,-10.923,7.75191,3.87926,0.445129,8.98529,0.329327,127.774,-0.0912897,-0.00878197,-0.0551788,-8.98529,0.0968101,-0.28751,0.428722,-0.0172328,-3.16195,-1.16999,0.548135,0.121373,-0.468777,-0.741254,0.045589,-5.81459,-0.178214,-19.9564,-1.86375,-25.1696,0.592457,-15.5989,-0.0396295,-48.3258,17.7181,-27.2457,-1.98377
375,0.0375,4.1875,37.1846,0.27629,82.625,-0.334624,-0.00827515,-0.0519943,-8.55157,-0.516983,-28.4852,20.0866,-1.33987,-2.52537,17.2926,-0.141699,-99.4191,-0.131164,0.00352621,0.0221558,-0.00795673,-0.886197,-17.2926,11.9142,-5.19737,0.142846,10.9335,0.0926032,55.7987,-0.112441,-0.00312448,-0.0196317,0.414916,0.267815,-10.9335,7.75769,3.88506,0.478792,8.95853,0.325386,126.245,-0.0910179,-0.00867688,-0.0545184,-8.95853,0.101399,-0.259148,0.414741,-0.0275543,-3.14701,-1.18456,0.559332,0.198799,-0.452601,-0.698734,0.0409941,-5.80727,-0.177542,-19.9574,-1.86455,-25.1624,0.590701,-15.5434,-0.135193,-48.2439,17.7695,-27.201,-1.89368
376,0.0376,4.19867,37.1562,0.263828,74.858,-0.334352,-0.00796865,-0.0500685,-8.53087,-0.630166,-28.4549,20.1045,-1.34841,-2.4647,17.2863,-0.151803,-106.509,-0.131117,0.00377766,0.0237358,-0.0168198,-1.0334,-17.2863,11.9463,-5.19901,0.174702,10.9351,0.0937091,56.4651,-0.112458,-0.00316179,-0.0198661,0.420728,0.298897,-10.9351,7.75591,3.88747,0.494939,8.93478,0.321922,124.902,-0.0907766,-0.00858452,-0.0539381,-8.93478,0.104336,-0.233482,0.402213,-0.0368803,-3.13434,-1.18895,0.567174,0.231718,-0.448983,-0.68216,0.0356444,-5.80051,-0.17767,-19.9565,-1.86448,-25.154,0.588403,-15.5203,-0.240662,-48.1797,17.791,-27.1846,-1.84065
377,0.0377,4.20983,37.1162,0.254983,69.5919,-0.333975,-0.00774389,-0.0486563,-8.561,-0.681883,-28.4128,20.1134,-1.36276,-2.46153,17.2745,-0.157709,-110.652,-0.131027,0.00392463,0.0246592,-0.0618318,-1.11145,-17.2745,11.9753,-5.20387,0.162693,10.928,0.0937931,56.5157,-0.112384,-0.00316463,-0.0198839,0.414602,0.323522,-10.928,7.74705,3.88632,0.499392,8.91378,0.318899,123.728,-0.0905632,-0.00850389,-0.0534315,-8.91378,0.106046,-0.210388,0.391048,-0.0452209,-3.12361,-1.19143,0.573911,0.265638,-0.443459,-0.663298,0.0309779,-5.79257,-0.178245,-19.9523,-1.86345,-25.1411,0.585426,-15.545,-0.286217,-48.0995,17.8065,-27.1672,-1.84512
378,0.0378,4.221,37.0795,0.24912,66.3885,-0.333607,-0.00758605,-0.0476645,-8.62317,-0.669841,-28.374,20.1227,-1.385,-2.50148,17.2719,-0.160111,-112.338,-0.131007,0.0039844,0.0250348,-0.130677,-1.12174,-17.2719,12.0098,-5.21389,0.115243,10.9125,0.0929761,56.0234,-0.112226,-0.00313706,-0.0197107,0.402612,0.345082,-10.9125,7.73178,3.88156,0.49774,8.89511,0.316255,122.703,-0.0903735,-0.00843339,-0.0529885,-8.89511,0.106821,-0.189589,0.381084,-0.0526658,-3.11446,-1.18878,0.581258,0.289923,-0.44232,-0.645558,0.0233905,-5.78923,-0.179272,-19.9511,-1.86263,-25.1363,0.583213,-15.6012,-0.267855,-48.0352,17.8177,-27.1669,-1.89488
379,0.0379,4.23217,37.0012,0.242937,62.9338,-0.33291,-0.00741417,-0.0465846,-8.68604,-0.661323,-28.2936,20.1,-1.40212,-2.54154,17.2323,-0.162405,-113.947,-0.130708,0.00404149,0.0253934,-0.19672,-1.13489,-17.2323,12.0164,-5.21635,0.0708049,10.8905,0.091409,55.0792,-0.111999,-0.00308419,-0.0193785,0.389042,0.366708,-10.8905,7.7115,3.87356,0.49425,8.87837,0.313933,121.802,-0.0902035,-0.00837147,-0.0525995,-8.87837,0.106859,-0.170792,0.372158,-0.0593199,-3.10659,-1.24035,0.602565,0.400024,-0.425776,-0.619646,0.0253538,-5.78672,-0.180536,-19.9485,-1.86116,-25.131,0.58102,-15.7131,-0.239294,-47.8421,17.8131,-27.1528,-1.93516
380,0.038,4.24333,36.9047,0.235364,58.4713,-0.332066,-0.00720352,-0.0452611,-8.74692,-0.702416,-28.1952,20.0604,-1.41938,-2.56392,17.178,-0.165833,-116.352,-0.130296,0.00412681,0.0259295,-0.259824,-1.1997,-17.178,12.0087,-5.21682,0.0442154,10.8635,0.0893158,53.8179,-0.111721,-0.00301356,-0.0189348,0.376115,0.390989,-10.8635,7.68759,3.86272,0.491622,8.86321,0.311881,121.006,-0.0900495,-0.00831677,-0.0522558,-8.86321,0.106298,-0.153737,0.364125,-0.0652805,-3.09976,-1.28234,0.6232,0.459161,-0.427126,-0.620457,0.0236057,-5.78783,-0.181996,-19.9482,-1.85981,-25.132,0.579596,-15.8171,-0.261212,-47.6843,17.7734,-27.1718,-1.96072
381,0.0381,4.2545,36.7752,0.230929,56.1615,-0.330971,-0.00706934,-0.0444179,-8.81683,-0.649483,-28.0641,19.9964,-1.43037,-2.61824,17.0913,-0.166122,-116.555,-0.129638,0.00413398,0.0259745,-0.330749,-1.17348,-17.0913,11.9773,-5.20961,-0.0145403,10.8346,0.0869908,52.417,-0.111424,-0.00293512,-0.0184419,0.36328,0.418757,-10.8346,7.66226,3.84987,0.490056,8.84936,0.31006,120.299,-0.0899087,-0.0082682,-0.0519506,-8.84936,0.10524,-0.138204,0.356864,-0.0706336,-3.09376,-1.3328,0.644408,0.547978,-0.418514,-0.606885,0.0248741,-5.7897,-0.18346,-19.9475,-1.85821,-25.1334,0.578435,-15.9393,-0.188535,-47.4636,17.7197,-27.1706,-2.01493
382,0.0382,4.26567,36.623,0.227026,54.1409,-0.329714,-0.0069507,-0.0436726,-8.88883,-0.597223,-27.9104,19.913,-1.43416,-2.67353,16.9774,-0.166298,-116.679,-0.128774,0.00413838,0.0260022,-0.399834,-1.14754,-16.9774,11.9236,-5.19529,-0.0717982,10.809,0.0848905,51.1514,-0.111161,-0.00286425,-0.0179966,0.347574,0.44655,-10.809,7.63912,3.83658,0.486704,8.83657,0.308434,119.668,-0.0897788,-0.00822483,-0.0516781,-8.83657,0.103763,-0.124012,0.350277,-0.0754507,-3.08844,-1.35323,0.657112,0.579575,-0.421273,-0.604098,0.021818,-5.79443,-0.184876,-19.9472,-1.85661,-25.1382,0.578196,-16.0365,-0.124987,-47.2781,17.6351,-27.1765,-2.07352
383,0.0383,4.27683,36.5084,0.223828,52.5129,-0.328758,-0.00685443,-0.0430677,-8.96283,-0.540609,-27.7948,19.8529,-1.4477,-2.73392,16.8955,-0.166444,-116.781,-0.128153,0.004142,0.026025,-0.46531,-1.11283,-16.8955,11.8892,-5.19115,-0.129355,10.7883,0.0832977,50.1916,-0.110948,-0.00281051,-0.0176589,0.32714,0.470294,-10.7883,7.61935,3.82324,0.479107,8.82466,0.306975,119.102,-0.0896578,-0.00818593,-0.0514337,-8.82466,0.10193,-0.111011,0.344281,-0.0797941,-3.08367,-1.39351,0.672085,0.629135,-0.419547,-0.609176,0.0249914,-5.80176,-0.186111,-19.949,-1.85558,-25.1481,0.578951,-16.1581,-0.0546346,-47.1147,17.5777,-27.205,-2.12998
384,0.0384,4.288,36.3958,0.220467,50.6685,-0.327825,-0.00675937,-0.0424704,-9.04744,-0.512537,-27.6814,19.7908,-1.46158,-2.79669,16.8126,-0.167465,-117.497,-0.127524,0.00416741,0.0261846,-0.536392,-1.10063,-16.8126,11.8506,-5.18672,-0.184364,10.7698,0.0822717,49.5734,-0.110757,-0.00277589,-0.0174414,0.30242,0.488299,-10.7698,7.60131,3.80886,0.46704,8.81346,0.305661,118.592,-0.0895441,-0.00815089,-0.0512135,-8.81346,0.0997893,-0.0990723,0.338808,-0.0837182,-3.07936,-1.40386,0.674377,0.590473,-0.435224,-0.653726,0.0281887,-5.80795,-0.186978,-19.9489,-1.85444,-25.1548,0.579951,-16.2593,-0.0251387,-47.0398,17.5011,-27.2701,-2.18855
385,0.0385,4.29917,36.3068,0.216944,48.6232,-0.327061,-0.0066648,-0.0418762,-9.14039,-0.493286,-27.592,19.7429,-1.48634,-2.86458,16.7568,-0.169259,-118.756,-0.127101,0.00421206,0.0264651,-0.613302,-1.09428,-16.7568,11.8281,-5.1903,-0.242327,10.7471,0.0817323,49.2484,-0.110524,-0.00275769,-0.0173271,0.27579,0.50362,-10.7471,7.58095,3.79122,0.453171,8.80288,0.304471,118.131,-0.0894365,-0.00811917,-0.0510142,-8.80288,0.0973772,-0.0880844,0.333799,-0.08727,-3.07542,-1.41518,0.676838,0.558545,-0.448415,-0.69374,0.0317092,-5.81471,-0.187462,-19.9483,-1.85364,-25.1617,0.581654,-16.3703,-0.00390921,-46.9817,17.4408,-27.3418,-2.25122
386,0.0386,4.31033,36.212,0.212899,46.134,-0.326232,-0.00656132,-0.041226,-9.23863,-0.473842,-27.4972,19.6891,-1.51669,-2.93408,16.7034,-0.172124,-120.766,-0.126696,0.00428334,0.026913,-0.695834,-1.09168,-16.7034,11.8042,-5.19518,-0.304088,10.7158,0.0816335,49.1889,-0.110202,-0.00275436,-0.0173061,0.250002,0.523118,-10.7158,7.55574,3.76898,0.441807,8.7928,0.303389,117.711,-0.0893341,-0.0080903,-0.0508328,-8.7928,0.09472,-0.0779494,0.3292,-0.0904905,-3.0718,-1.40693,0.672641,0.47059,-0.474416,-0.757166,0.0333305,-5.82201,-0.187554,-19.9473,-1.8532,-25.169,0.584019,-16.4676,0.0112444,-46.9739,17.3615,-27.4428,-2.31673
387,0.0387,4.3215,36.1042,0.209208,43.7931,-0.32531,-0.00647328,-0.0406728,-9.34208,-0.453621,-27.3896,19.6242,-1.54368,-3.00631,16.6348,-0.175451,-123.1,-0.126176,0.00436614,0.0274333,-0.783623,-1.0895,-16.6348,11.7662,-5.19631,-0.369872,10.6862,0.0822606,49.5667,-0.109898,-0.00277552,-0.0174391,0.224711,0.544032,-10.6862,7.53306,3.74604,0.432016,8.78317,0.302399,117.327,-0.0892362,-0.0080639,-0.050667,-8.78317,0.0918441,-0.06859,0.32497,-0.0934124,-3.06845,-1.40711,0.67195,0.404484,-0.496446,-0.811945,0.035015,-5.82762,-0.187232,-19.9449,-1.85295,-25.173,0.58639,-16.5768,0.0310971,-46.93,17.2748,-27.5286,-2.3849
388,0.0388,4.33267,36.0041,0.206796,42.2994,-0.324484,-0.00641933,-0.0403338,-9.43869,-0.415022,-27.2902,19.5635,-1.56479,-3.08391,16.5602,-0.177824,-124.765,-0.125609,0.0044252,0.0278043,-0.862842,-1.06089,-16.5602,11.7212,-5.19607,-0.437325,10.6701,0.0831294,50.0902,-0.109732,-0.00280483,-0.0176233,0.198056,0.557093,-10.6701,7.52122,3.72734,0.418742,8.77391,0.301491,116.975,-0.0891422,-0.0080397,-0.0505149,-8.77391,0.0887793,-0.0599472,0.321077,-0.096062,-3.06532,-1.41334,0.674452,0.284391,-0.542455,-0.915025,0.0356031,-5.83502,-0.186643,-19.9451,-1.85361,-25.1815,0.589461,-16.6871,0.0727869,-46.9509,17.1675,-27.6613,-2.45884
389,0.0389,4.34383,35.894,0.204585,40.9613,-0.323589,-0.00636706,-0.0400054,-9.53287,-0.375596,-27.181,19.4941,-1.58124,-3.16687,16.4723,-0.179684,-126.07,-0.124943,0.00447147,0.0280951,-0.937789,-1.02111,-16.4723,11.664,-5.1916,-0.504918,10.6567,0.0836106,50.3802,-0.109595,-0.00282107,-0.0177253,0.169895,0.559965,-10.6567,7.51266,3.70882,0.400429,8.76498,0.300657,116.651,-0.0890514,-0.00801747,-0.0503752,-8.76498,0.085551,-0.0519677,0.317494,-0.0984633,-3.06239,-1.45734,0.692227,0.277596,-0.564894,-0.967521,0.0370094,-5.84207,-0.185818,-19.9465,-1.85496,-25.1908,0.592551,-16.8323,0.130813,-46.8499,17.0743,-27.7395,-2.53731
390,0.039,4.355,35.7837,0.205314,41.6042,-0.322709,-0.00639365,-0.0401725,-9.60144,-0.288618,-27.072,19.4246,-1.59392,-3.23636,16.3786,-0.179293,-125.796,-0.124232,0.00446176,0.028034,-0.987113,-0.94566,-16.3786,11.6003,-5.18541,-0.563921,10.6488,0.0847166,51.0466,-0.109513,-0.00285838,-0.0179598,0.142002,0.574862,-10.6488,7.51006,3.69213,0.387168,8.75633,0.299891,116.354,-0.0889636,-0.00799702,-0.0502468,-8.75633,0.0821801,-0.0446052,0.314196,-0.100637,-3.05961,-1.48731,0.705738,0.183181,-0.614923,-1.07532,0.0366158,-5.84633,-0.184757,-19.9477,-1.85663,-25.1967,0.594996,-16.9351,0.232363,-46.8365,16.953,-27.866,-2.60475
391,0.0391,4.36617,35.7118,0.208816,44.1636,-0.322147,-0.00649018,-0.040779,-9.63714,-0.16288,-27.0017,19.3832,-1.6095,-3.29057,16.3133,-0.176286,-123.686,-0.123736,0.00438693,0.0275639,-1.00157,-0.834459,-16.3133,11.5558,-5.18643,-0.607491,10.6506,0.0859171,51.77,-0.109532,-0.00289889,-0.0182142,0.112378,0.592893,-10.6506,7.51617,3.67953,0.373888,8.74795,0.299186,116.08,-0.0888784,-0.00797822,-0.0501286,-8.74795,0.0786858,-0.0378195,0.311166,-0.102603,-3.05696,-1.52705,0.722527,0.145456,-0.64778,-1.15078,0.0375153,-5.84504,-0.183514,-19.9465,-1.85806,-25.1943,0.596001,-17.0092,0.376133,-46.8028,16.8773,-27.9546,-2.65705
392,0.0392,4.37733,35.652,0.205581,42.3694,-0.321617,-0.0063842,-0.0401131,-9.68568,-0.0982494,-26.9438,19.3492,-1.6432,-3.3677,16.2819,-0.176126,-123.574,-0.123498,0.00438295,0.0275389,-1.02684,-0.74437,-16.2819,11.5335,-5.19558,-0.654594,10.6303,0.0831711,50.1153,-0.109323,-0.00280624,-0.0176321,0.0809439,0.571031,-10.6303,7.50734,3.65676,0.34133,8.73979,0.298537,115.828,-0.0887955,-0.00796091,-0.0500199,-8.73979,0.07509,-0.0315768,0.308383,-0.104376,-3.05443,-1.55755,0.735151,-0.00417304,-0.717203,-1.30579,0.038416,-5.8424,-0.182383,-19.9465,-1.85956,-25.1915,0.596384,-17.0856,0.454518,-46.8944,16.7724,-28.1404,-2.7329
393,0.0393,4.3885,35.5905,0.192503,34.5167,-0.321107,-0.00595607,-0.0374231,-9.72393,-0.149481,-26.8845,19.3095,-1.66678,-3.48286,16.2371,-0.177135,-124.282,-0.123159,0.00440805,0.0276966,-1.05233,-0.662194,-16.2371,11.4988,-5.19981,-0.700439,10.6216,0.0716974,43.2018,-0.109233,-0.00241911,-0.0151997,0.0602351,0.441302,-10.6216,7.50492,3.63901,0.269575,8.73183,0.29794,115.597,-0.0887147,-0.00794501,-0.04992,-8.73183,0.0714112,-0.0258466,0.305835,-0.105971,-3.052,-1.61436,0.757014,0.0172644,-0.733587,-1.35649,0.0423476,-5.83531,-0.181532,-19.9423,-1.85967,-25.1796,0.595239,-17.1736,0.426001,-46.8095,16.7163,-28.2029,-2.84528
394,0.0394,4.39967,35.5726,0.182172,28.3303,-0.321045,-0.0056185,-0.0353021,-9.73421,-0.170804,-26.8692,19.3007,-1.67087,-3.56992,16.1923,-0.177937,-124.845,-0.122819,0.00442801,0.027822,-1.06215,-0.572842,-16.1923,11.4623,-5.20291,-0.737398,10.6562,0.0627175,37.7909,-0.10959,-0.00211612,-0.013296,0.0520003,0.334372,-10.6562,7.53494,3.63945,0.217122,8.72406,0.297392,115.384,-0.0886357,-0.00793039,-0.0498281,-8.72406,0.0676661,-0.0206011,0.303506,-0.107405,-3.04964,-1.61473,0.755962,-0.278039,-0.840617,-1.59657,0.0442555,-5.82908,-0.181371,-19.9382,-1.85877,-25.1688,0.593585,-17.178,0.403786,-47.0854,16.6013,-28.4362,-2.93208
395,0.0395,4.41083,35.6132,0.179022,26.513,-0.321586,-0.00551819,-0.0346718,-9.72959,-0.123404,-26.9126,19.3338,-1.64815,-3.61528,16.1471,-0.178211,-125.037,-0.122476,0.00443482,0.0278648,-1.05654,-0.483184,-16.1471,11.4235,-5.20462,-0.76308,10.7497,0.060345,36.3613,-0.110551,-0.00203607,-0.012793,0.0434011,0.295914,-10.7497,7.60891,3.66516,0.195149,8.71645,0.296888,115.188,-0.0885584,-0.00791694,-0.0497436,-8.71645,0.0638659,-0.0158133,0.301383,-0.108691,-3.04735,-1.68032,0.778652,-0.358588,-0.895618,-1.73741,0.050989,-5.82623,-0.18207,-19.9343,-1.857,-25.1619,0.592016,-17.2361,0.473178,-47.2055,16.5812,-28.5474,-2.97227
396,0.0396,4.422,35.6325,0.175982,24.7733,-0.321899,-0.00541968,-0.0340529,-9.70838,-0.0743506,-26.9349,19.3525,-1.63424,-3.64609,16.1045,-0.178295,-125.096,-0.122153,0.00443692,0.027878,-1.03727,-0.396697,-16.1045,11.3852,-5.20552,-0.777929,10.819,0.0578558,34.8614,-0.111264,-0.00195208,-0.0122653,0.0378905,0.262325,-10.819,7.66784,3.68113,0.176948,8.709,0.296422,115.008,-0.0884827,-0.00790451,-0.0496655,-8.709,0.060021,-0.0114598,0.299451,-0.109842,-3.04511,-1.71404,0.791278,-0.706445,-1.03775,-2.05346,0.0536229,-5.82903,-0.183498,-19.933,-1.8553,-25.1637,0.591309,-17.2515,0.53343,-47.5743,16.4595,-28.8514,-3.00116
397,0.0397,4.43317,35.6035,0.178143,26.3044,-0.321776,-0.00548343,-0.0344534,-9.67331,0.0119795,-26.9093,19.3368,-1.62296,-3.64436,16.0401,-0.176917,-124.129,-0.121665,0.00440262,0.0276625,-0.994954,-0.316716,-16.0401,11.3275,-5.19917,-0.772975,10.8617,0.0590692,35.5926,-0.111703,-0.00199303,-0.0125226,0.0233423,0.272554,-10.8617,7.71163,3.68709,0.171534,8.7017,0.295991,114.841,-0.0884085,-0.00789302,-0.0495933,-8.7017,0.0561411,-0.00751912,0.2977,-0.110871,-3.04292,-1.7652,0.811022,-0.919152,-1.13821,-2.28176,0.0569124,-5.83257,-0.185245,-19.9305,-1.85325,-25.1653,0.590559,-17.2711,0.637757,-47.7589,16.3454,-29.07,-2.99689
398,0.0398,4.44433,35.5574,0.179675,27.5554,-0.321526,-0.00551624,-0.0346596,-9.61217,0.0676115,-26.8668,19.3062,-1.60268,-3.6313,15.9573,-0.174467,-122.41,-0.121037,0.00434167,0.0272795,-0.935381,-0.243219,-15.9573,11.2535,-5.18555,-0.752691,10.9055,0.0585499,35.2797,-0.112153,-0.0019755,-0.0124125,0.0177566,0.258596,-10.9055,7.75655,3.69466,0.162167,8.69454,0.295593,114.686,-0.0883358,-0.0078824,-0.0495266,-8.69454,0.0522351,-0.00397218,0.296121,-0.111787,-3.04078,-1.82971,0.838503,-1.23586,-1.28541,-2.60618,0.0589343,-5.837,-0.18716,-19.9268,-1.85074,-25.1667,0.589931,-17.2789,0.718955,-48.0294,16.1701,-29.3756,-2.98244
399,0.0399,4.4555,35.4684,0.177899,26.8641,-0.320846,-0.00543216,-0.0341313,-9.51532,0.0797447,-26.7817,19.2468,-1.5959,-3.6077,15.8705,-0.171444,-120.289,-0.120378,0.00426643,0.0268068,-0.859862,-0.175663,-15.8705,11.1757,-5.16822,-0.718673,10.9104,0.0541201,32.6104,-0.112204,-0.00182604,-0.0114733,0.0320688,0.207089,-10.9104,7.77638,3.68492,0.149652,8.68753,0.295223,114.543,-0.0882645,-0.00787255,-0.0494647,-8.68753,0.0483184,-0.000803368,0.294703,-0.112599,-3.03868,-1.77405,0.823086,-1.85327,-1.49556,-3.03252,0.0503503,-5.847,-0.189282,-19.928,-1.84889,-25.179,0.590557,-17.1364,0.713549,-48.563,15.9024,-29.8075,-2.96679
400,0.04,4.46667,35.4111,0.181918,29.7012,-0.320497,-0.00553961,-0.0348064,-9.4282,0.136061,-26.7284,19.2106,-1.56853,-3.56461,15.7819,-0.167991,-117.866,-0.119706,0.0041805,0.0262669,-0.774462,-0.115345,-15.7819,11.0964,-5.14769,-0.674906,10.9485,0.0550277,33.1574,-0.112596,-0.00185667,-0.0116658,0.0269136,0.207002,-10.9485,7.82082,3.69248,0.146903,8.68065,0.294882,114.41,-0.0881947,-0.00786345,-0.0494075,-8.68065,0.0444043,0.00200209,0.293441,-0.113315,-3.03661,-1.99262,0.90494,-1.90599,-1.60703,-3.3189,0.0657186,-5.85648,-0.191356,-19.9291,-1.84683,-25.1905,0.591086,-17.2773,0.849644,-48.5635,15.7568,-30.078,-2.90781
401,0.0401,4.47783,35.3637,0.18724,33.3315,-0.320229,-0.00568959,-0.0357487,-9.33849,0.194334,-26.6853,19.1831,-1.53785,-3.51158,15.7011,-0.164399,-115.346,-0.119093,0.0040911,0.0257052,-0.679577,-0.0640052,-15.7011,11.023,-5.12702,-0.62139,10.9887,0.0570729,34.3897,-0.113009,-0.00192567,-0.0120993,0.0149968,0.217833,-10.9887,7.86772,3.70311,0.144385,8.67391,0.294566,114.288,-0.0881262,-0.00785502,-0.0493546,-8.67391,0.0405062,0.00445835,0.292327,-0.113945,-3.03457,-1.74486,0.816289,-2.67539,-1.79028,-3.65326,0.0455754,-5.86363,-0.193157,-19.9301,-1.8448,-25.1994,0.591232,-16.947,0.817467,-49.2909,15.548,-30.3905,-2.87477
402,0.0402,4.489,35.3455,0.194541,38.1874,-0.32023,-0.00590277,-0.0370882,-9.24498,0.248543,-26.6716,19.1774,-1.49884,-3.44731,15.6316,-0.160421,-112.555,-0.118566,0.00399211,0.0250832,-0.574545,-0.0243892,-15.6316,10.9591,-5.10758,-0.556513,11.0466,0.0606872,36.5675,-0.113604,-0.00204762,-0.0128656,-0.00311459,0.236298,-11.0466,7.92699,3.72323,0.141768,8.66732,0.294275,114.175,-0.0880592,-0.00784726,-0.0493058,-8.66732,0.036635,0.00657867,0.291356,-0.114495,-3.03256,-2.06983,0.936545,-2.6285,-1.90697,-3.98152,0.0704103,-5.86727,-0.194522,-19.9295,-1.8427,-25.2027,0.590847,-17.1821,0.990566,-49.2296,15.4278,-30.6831,-2.78605
403,0.0403,4.50017,35.3373,0.202999,43.7239,-0.3203,-0.00615581,-0.0386781,-9.15756,0.297954,-26.6681,19.1815,-1.46073,-3.37857,15.5747,-0.156556,-109.843,-0.118134,0.00389593,0.0244789,-0.465774,0.00160569,-15.5747,10.9057,-5.09002,-0.48466,11.1018,0.0655471,39.4959,-0.114172,-0.00221159,-0.0138959,-0.0309206,0.263549,-11.1018,7.98529,3.74426,0.136675,8.66087,0.294008,114.071,-0.0879937,-0.00784015,-0.0492611,-8.66087,0.0327994,0.00837572,0.290521,-0.114974,-3.03058,-1.76231,0.822963,-3.01521,-1.92008,-3.94691,0.0493459,-5.86565,-0.195292,-19.9237,-1.84009,-25.1954,0.589708,-16.7855,0.925626,-49.607,15.4213,-30.603,-2.73951
404,0.0404,4.51133,35.3425,0.211275,49.0863,-0.320475,-0.00640793,-0.0402622,-9.07897,0.335708,-26.6781,19.1974,-1.42225,-3.31067,15.53,-0.153298,-107.557,-0.117795,0.00381485,0.0239694,-0.35681,0.0134745,-15.53,10.8629,-5.07456,-0.408653,11.158,0.0708116,42.668,-0.11475,-0.00238922,-0.0150119,-0.0675882,0.293223,-11.158,8.04468,3.76769,0.126609,8.65457,0.293761,113.975,-0.0879297,-0.00783355,-0.0492197,-8.65457,0.0290097,0.0098614,0.289815,-0.11539,-3.02863,-1.42382,0.692659,-2.89382,-1.72874,-3.47131,0.0291035,-5.87118,-0.195763,-19.9266,-1.8396,-25.2042,0.590658,-16.374,0.832604,-49.4984,15.629,-30.0977,-2.69091
405,0.0405,4.5225,35.3585,0.218597,53.8389,-0.320729,-0.0066305,-0.0416606,-9.00081,0.351441,-26.699,19.2228,-1.38469,-3.24192,15.497,-0.150351,-105.49,-0.117545,0.00374153,0.0235087,-0.247785,0.0108604,-15.497,10.8305,-5.06153,-0.328174,11.213,0.0754139,45.4412,-0.115316,-0.00254451,-0.0159876,-0.104593,0.315307,-11.213,8.10309,3.7926,0.112968,8.64843,0.293535,113.888,-0.0878674,-0.00782752,-0.0491818,-8.64843,0.0252735,0.0110469,0.289234,-0.11575,-3.02671,-2.13305,0.959508,-3.2455,-2.155,-4.54486,0.0786067,-5.87029,-0.19554,-19.9258,-1.83921,-25.2024,0.590591,-17.0042,1.11541,-49.8703,15.2286,-31.132,-2.57272
406,0.0406,4.53367,35.3841,0.223687,57.1585,-0.321055,-0.00678501,-0.0426315,-8.91371,0.3358,-26.7297,19.2564,-1.34793,-3.17096,15.474,-0.148244,-104.011,-0.117371,0.00368908,0.0231792,-0.144157,-0.00523078,-15.474,10.8072,-5.05066,-0.247917,11.2676,0.078601,47.3616,-0.115878,-0.00265204,-0.0166632,-0.127079,0.319433,-11.2676,8.16038,3.81879,0.101794,8.64248,0.293329,113.808,-0.0878068,-0.00782205,-0.0491474,-8.64248,0.0215978,0.011942,0.288776,-0.116063,-3.02483,-1.51938,0.729938,-3.16295,-1.86722,-3.79213,0.0356473,-5.86934,-0.194886,-19.924,-1.83929,-25.1996,0.590967,-16.3024,0.870851,-49.8166,15.5498,-30.3397,-2.54434
407,0.0407,4.54483,35.426,0.227166,59.4544,-0.321509,-0.00688952,-0.0432881,-8.8322,0.30118,-26.7768,19.3027,-1.31302,-3.10598,15.4658,-0.146638,-102.884,-0.117309,0.00364912,0.0229281,-0.0560619,-0.0304453,-15.4658,10.7964,-5.04367,-0.176099,11.3235,0.0806627,48.6039,-0.116452,-0.0027216,-0.0171003,-0.139442,0.313628,-11.3235,8.21785,3.84698,0.0931157,8.6367,0.293141,113.735,-0.0877481,-0.00781704,-0.0491159,-8.6367,0.0179966,0.0125574,0.288431,-0.116332,-3.023,-1.2786,0.637873,-2.83729,-1.64502,-3.26303,0.0194328,-5.87253,-0.194046,-19.9278,-1.84097,-25.2069,0.592588,-15.9833,0.745007,-49.5419,15.8167,-29.7829,-2.49396
408,0.0408,4.556,35.4768,0.229529,60.9993,-0.32203,-0.00696292,-0.0437493,-8.76151,0.254658,-26.8327,19.3582,-1.27929,-3.04854,15.4663,-0.145787,-102.287,-0.117312,0.00362795,0.0227951,0.0162899,-0.0634971,-15.4663,10.7953,-5.03946,-0.113541,11.3793,0.082346,49.6182,-0.117026,-0.0027784,-0.0174572,-0.146663,0.303677,-11.3793,8.27475,3.87674,0.0862138,8.63113,0.29297,113.669,-0.0876916,-0.00781247,-0.0490872,-8.63113,0.0144779,0.0129021,0.288197,-0.116566,-3.02121,-2.2512,1.00962,-3.63481,-2.35365,-4.98147,0.0812634,-5.87147,-0.192901,-19.9301,-1.84291,-25.208,0.593381,-16.8842,1.07137,-50.3976,15.1617,-31.4687,-2.37389
409,0.0409,4.56717,35.5424,0.231113,62.0298,-0.322661,-0.00701367,-0.0440682,-8.70224,0.200394,-26.9036,19.4257,-1.24987,-2.99825,15.4831,-0.145358,-101.986,-0.117439,0.00361726,0.0227279,0.0751383,-0.102918,-15.4831,10.8076,-5.04068,-0.0588175,11.4335,0.0836573,50.4084,-0.117584,-0.00282264,-0.0177352,-0.151579,0.292262,-11.4335,8.32998,3.90758,0.0800447,8.62579,0.292813,113.608,-0.0876373,-0.00780828,-0.0490609,-8.62579,0.011051,0.0129857,0.288068,-0.116771,-3.01948,-2.14742,0.969611,-3.7495,-2.35146,-4.95643,0.0745407,-5.86696,-0.191567,-19.9319,-1.84515,-25.2047,0.59347,-16.7166,0.978438,-50.585,15.2291,-31.411,-2.33024
410,0.041,4.57833,35.6026,0.233897,63.9197,-0.323214,-0.00709238,-0.0445628,-8.66573,0.149816,-26.9691,19.4912,-1.22639,-2.96401,15.5075,-0.143525,-100.7,-0.117624,0.00357165,0.0224414,0.110599,-0.138527,-15.5075,10.8274,-5.04465,-0.0203867,11.4744,0.084753,51.0685,-0.118004,-0.00285961,-0.0179675,-0.155628,0.280618,-11.4744,8.37568,3.93521,0.0741898,8.6207,0.292668,113.551,-0.0875856,-0.00780443,-0.0490367,-8.6207,0.00772489,0.0128173,0.288038,-0.116952,-3.01782,-2.28295,1.01941,-3.91879,-2.46945,-5.24107,0.0847066,-5.86453,-0.190314,-19.9336,-1.84745,-25.2038,0.594048,-16.8132,0.978913,-50.8215,15.1743,-31.6713,-2.28526
411,0.0411,4.5895,35.6844,0.235052,64.6867,-0.323915,-0.00712845,-0.0447894,-8.62359,0.0887573,-27.0561,19.57,-1.21251,-2.92581,15.5596,-0.143092,-100.397,-0.11802,0.00356089,0.0223737,0.142411,-0.181866,-15.5596,10.8658,-5.05729,0.0166084,11.5089,0.0856063,51.5827,-0.118359,-0.0028884,-0.0181484,-0.150111,0.266121,-11.5089,8.41609,3.9619,0.0738139,8.61589,0.292538,113.501,-0.0875367,-0.00780094,-0.0490147,-8.61589,0.00450247,0.0124049,0.288105,-0.117115,-3.01624,-3.07048,1.30847,-3.53773,-2.65321,-5.82066,0.14457,-5.86036,-0.189166,-19.9354,-1.84976,-25.201,0.594055,-17.5544,1.20806,-50.5292,15.067,-32.2341,-2.18719
412,0.0412,4.60067,35.761,0.235449,64.8818,-0.324585,-0.00714891,-0.0449179,-8.58498,0.0234069,-27.1378,19.6458,-1.19449,-2.88721,15.6035,-0.143795,-100.89,-0.118353,0.00357837,0.0224835,0.171048,-0.232688,-15.6035,10.9003,-5.06853,0.0526854,11.5461,0.0868247,52.3169,-0.118741,-0.00292951,-0.0184067,-0.144655,0.254694,-11.5461,8.45726,3.9913,0.074843,8.61137,0.292419,113.455,-0.0874908,-0.00779777,-0.0489948,-8.61137,0.00140114,0.0117577,0.288265,-0.117267,-3.01474,-3.38115,1.41955,-3.22348,-2.66182,-5.92304,0.17122,-5.85368,-0.188295,-19.9306,-1.85042,-25.1891,0.593217,-17.8198,1.25466,-50.2919,15.1336,-32.3066,-2.12278
413,0.0413,4.61183,35.8528,0.235634,64.9127,-0.325379,-0.00716524,-0.0450205,-8.55894,-0.0378235,-27.2347,19.7312,-1.17804,-2.85752,15.6593,-0.144847,-101.628,-0.118776,0.00360454,0.022648,0.185782,-0.281476,-15.6593,10.9438,-5.08402,0.0779692,11.5863,0.0881714,53.1283,-0.119155,-0.00297495,-0.0186922,-0.137535,0.245216,-11.5863,8.49887,4.02339,0.0778573,8.60719,0.292309,113.412,-0.0874483,-0.00779484,-0.0489764,-8.60719,-0.00156286,0.0108873,0.28851,-0.117413,-3.01335,-3.32579,1.39449,-3.01261,-2.55683,-5.69554,0.171023,-5.84913,-0.188058,-19.926,-1.85036,-25.1797,0.592359,-17.7339,1.16861,-50.1733,15.324,-32.0533,-2.09414
414,0.0414,4.623,35.9561,0.233379,63.3058,-0.32627,-0.00711407,-0.044699,-8.53063,-0.107226,-27.3429,19.8233,-1.16302,-2.827,15.723,-0.147576,-103.543,-0.11926,0.00367247,0.0230748,0.197129,-0.336851,-15.723,10.9938,-5.10338,0.10135,11.6297,0.0887485,53.476,-0.119601,-0.00299442,-0.0188145,-0.124407,0.234004,-11.6297,8.54063,4.05792,0.0837161,8.60335,0.292207,113.372,-0.0874093,-0.00779212,-0.0489593,-8.60335,-0.00437834,0.00980439,0.288835,-0.117557,-3.01207,-3.2411,1.3731,-4.48724,-3.07429,-6.76838,0.157288,-5.85239,-0.188837,-19.9245,-1.84958,-25.1819,0.592609,-17.6241,1.07704,-51.7546,14.8994,-33.1134,-2.0771
415,0.0415,4.63417,36.0646,0.22896,60.3071,-0.327201,-0.00699748,-0.0439665,-8.50037,-0.182359,-27.4562,19.919,-1.15142,-2.79734,15.792,-0.151172,-106.066,-0.119783,0.00376196,0.0236371,0.200514,-0.394963,-15.792,11.0491,-5.12682,0.11916,11.6727,0.0880213,53.0379,-0.120043,-0.00296989,-0.0186603,-0.100971,0.21965,-11.6727,8.58068,4.09311,0.0944134,8.59991,0.292111,113.335,-0.0873743,-0.00778956,-0.0489432,-8.59991,-0.00704657,0.00851702,0.289236,-0.117702,-3.01091,-4.07213,1.67141,-3.48317,-3.04155,-6.90062,0.224808,-5.86301,-0.190748,-19.9332,-1.84908,-25.2019,0.593571,-18.4355,1.2983,-50.8726,15.0284,-33.2539,-1.97896
416,0.0416,4.64533,36.1525,0.22343,56.6595,-0.327972,-0.00684138,-0.0429857,-8.46766,-0.256145,-27.5486,20.0007,-1.13649,-2.76838,15.8412,-0.154545,-108.432,-0.120156,0.0038459,0.0241645,0.194017,-0.450314,-15.8412,11.0924,-5.14706,0.12934,11.7144,0.0859515,51.7907,-0.120472,-0.00290005,-0.0182216,-0.0647741,0.20374,-11.7144,8.61868,4.12842,0.112194,8.5969,0.292023,113.301,-0.0873438,-0.00778723,-0.0489286,-8.5969,-0.00957105,0.00702898,0.289713,-0.117853,-3.00992,-4.10528,1.67859,-3.04732,-2.89087,-6.59416,0.230478,-5.87325,-0.19347,-19.9341,-1.84559,-25.2139,0.59375,-18.4462,1.22897,-50.5299,15.2643,-32.9446,-1.94416
417,0.0417,4.6565,36.2144,0.218184,53.2875,-0.328532,-0.00668543,-0.0420058,-8.44303,-0.306601,-27.6147,20.065,-1.11983,-2.7495,15.8698,-0.156856,-110.053,-0.120373,0.00390339,0.0245257,0.171536,-0.486548,-15.8698,11.1227,-5.1642,0.123081,11.7502,0.083098,50.0713,-0.120841,-0.00280377,-0.0176166,-0.0202023,0.191902,-11.7502,8.65203,4.16238,0.136516,8.59437,0.291942,113.27,-0.087318,-0.00778505,-0.0489149,-8.59437,-0.0119546,0.00534497,0.290263,-0.118009,-3.0091,-3.94314,1.62559,-3.54224,-3.0139,-6.80316,0.2128,-5.88733,-0.196744,-19.9338,-1.8415,-25.2292,0.594577,-18.2735,1.12224,-51.0907,15.2096,-33.1522,-1.94213
418,0.0418,4.66767,36.2678,0.214377,50.9273,-0.329032,-0.00656493,-0.0412486,-8.42272,-0.331325,-27.672,20.1223,-1.10235,-2.73498,15.8882,-0.157691,-110.64,-0.120513,0.00392419,0.0246564,0.140679,-0.505223,-15.8882,11.1465,-5.18176,0.106658,11.7873,0.0802042,48.3276,-0.121221,-0.00270613,-0.0170031,0.0289457,0.188088,-11.7873,8.68495,4.19757,0.166844,8.59234,0.291864,113.24,-0.0872975,-0.00778299,-0.0489019,-8.59234,-0.0141892,0.00347276,0.29088,-0.118171,-3.00848,-4.09941,1.6916,-4.49524,-3.4378,-7.73037,0.218241,-5.90251,-0.200081,-19.9364,-1.83836,-25.2484,0.595675,-18.4246,1.16019,-52.1036,14.8462,-34.0811,-1.92106
419,0.0419,4.67883,36.3299,0.211213,49.0155,-0.329608,-0.00646055,-0.0405928,-8.39547,-0.348747,-27.7377,20.1826,-1.0876,-2.71121,15.9115,-0.157902,-110.787,-0.120689,0.00392943,0.0246893,0.114178,-0.525435,-15.9115,11.1726,-5.20393,0.0944269,11.8276,0.0773227,46.5914,-0.121637,-0.00260891,-0.0163923,0.0812047,0.192949,-11.8276,8.71849,4.23467,0.202429,8.59085,0.291792,113.212,-0.0872823,-0.00778106,-0.0488899,-8.59085,-0.0162608,0.00142232,0.291563,-0.11834,-3.00806,-4.12384,1.70053,-4.80524,-3.56088,-8.00205,0.220836,-5.91596,-0.20311,-19.9359,-1.83498,-25.2629,0.59661,-18.4353,1.14867,-52.4788,14.7868,-34.3526,-1.89376
420,0.042,4.69,36.3969,0.208689,47.4844,-0.330237,-0.006378,-0.0400742,-8.36163,-0.37646,-27.8078,20.2417,-1.0718,-2.67295,15.9336,-0.158146,-110.959,-0.120857,0.00393549,0.0247274,0.0961764,-0.564369,-15.9336,11.1955,-5.22763,0.0942697,11.8734,0.0751079,45.2568,-0.122107,-0.00253418,-0.0159227,0.132115,0.206075,-11.8734,8.7539,4.27435,0.240645,8.58992,0.291727,113.186,-0.0872729,-0.00777932,-0.0488789,-8.58992,-0.018165,-0.000799934,0.292309,-0.118516,-3.00787,-4.35037,1.77264,-3.60302,-3.19996,-7.30625,0.247877,-5.92369,-0.20563,-19.9336,-1.8316,-25.2693,0.596446,-18.6357,1.19055,-51.3444,15.2101,-33.6473,-1.82863
421,0.0421,4.70117,36.478,0.206026,45.7827,-0.330986,-0.00629838,-0.0395739,-8.33012,-0.404906,-27.8917,20.3058,-1.0577,-2.63092,15.965,-0.159253,-111.736,-0.121095,0.00396306,0.0249007,0.0778375,-0.611694,-15.965,11.2223,-5.25504,0.0957583,11.9234,0.0736108,44.3548,-0.122622,-0.00248367,-0.0156053,0.181618,0.226689,-11.9234,8.7904,4.31603,0.281228,8.58958,0.291669,113.164,-0.0872694,-0.00777778,-0.0488692,-8.58958,-0.019901,-0.00318998,0.29312,-0.118697,-3.00791,-4.20425,1.71777,-3.69298,-3.16993,-7.21652,0.23911,-5.93002,-0.207553,-19.9305,-1.82844,-25.2733,0.596435,-18.4644,1.10531,-51.5152,15.3074,-33.5475,-1.79538
422,0.0422,4.71233,36.5628,0.202656,43.5041,-0.331772,-0.00620808,-0.0390065,-8.29974,-0.444908,-27.9787,20.3676,-1.04337,-2.5815,15.9968,-0.161859,-113.564,-0.121336,0.00402791,0.0253081,0.0603239,-0.677934,-15.9968,11.2466,-5.2835,0.102522,11.9761,0.0728953,43.9236,-0.123164,-0.00245953,-0.0154537,0.229783,0.254496,-11.9761,8.827,4.359,0.324186,8.58984,0.29162,113.145,-0.0872721,-0.00777646,-0.048861,-8.58984,-0.0214693,-0.00574564,0.293995,-0.118877,-3.00821,-4.65629,1.88297,-3.39665,-3.2451,-7.49035,0.275285,-5.93262,-0.208792,-19.9297,-1.82639,-25.2753,0.595986,-18.8886,1.22927,-51.305,15.2961,-33.809,-1.71023
423,0.0423,4.7235,36.6389,0.200257,41.8192,-0.332495,-0.00614955,-0.0386388,-8.27741,-0.488987,-28.0566,20.4187,-1.02659,-2.53031,16.0192,-0.16436,-115.319,-0.121506,0.00409014,0.0256991,0.0366602,-0.755641,-16.0192,11.2616,-5.30983,0.10882,12.029,0.0730359,44.0083,-0.123708,-0.00246427,-0.0154835,0.276669,0.289525,-12.029,8.86219,4.4023,0.369646,8.59074,0.291581,113.129,-0.0872812,-0.00777542,-0.0488544,-8.59074,-0.0228716,-0.00846817,0.294935,-0.11905,-3.00877,-3.86267,1.60556,-6.07501,-3.91571,-8.7221,0.204814,-5.93841,-0.209383,-19.9309,-1.82545,-25.2828,0.597007,-18.0785,0.907187,-54.0625,14.6775,-35.0315,-1.72849
424,0.0424,4.73467,36.6828,0.20017,41.6447,-0.332971,-0.0061582,-0.0386931,-8.26802,-0.508435,-28.1018,20.4433,-1.00072,-2.48871,16.0097,-0.165647,-116.222,-0.121434,0.00412218,0.0259004,0.00186236,-0.81629,-16.0097,11.2522,-5.32685,0.102916,12.0807,0.0742622,44.7472,-0.12424,-0.00250565,-0.0157434,0.322402,0.331965,-12.0807,8.89507,4.44534,0.417992,8.59229,0.291555,113.119,-0.0872969,-0.00777473,-0.0488501,-8.59229,-0.0241107,-0.0113614,0.295946,-0.119209,-3.00962,-4.50456,1.83758,-4.91277,-3.74838,-8.51737,0.257082,-5.94132,-0.209239,-19.9308,-1.82508,-25.2859,0.597953,-18.7139,1.11991,-52.9454,14.8698,-34.804,-1.63368
425,0.0425,4.74583,36.715,0.202593,43.1154,-0.333356,-0.00623938,-0.0392032,-8.26618,-0.478797,-28.135,20.4559,-0.972213,-2.45996,15.9898,-0.16557,-116.168,-0.121283,0.00412025,0.0258883,-0.0413967,-0.83657,-15.9898,11.2337,-5.3405,0.0792088,12.1307,0.0766204,46.1682,-0.124754,-0.00258521,-0.0162434,0.36972,0.382964,-12.1307,8.92515,4.48763,0.471601,8.5945,0.291543,113.115,-0.0873194,-0.00777442,-0.0488481,-8.5945,-0.0251904,-0.0144317,0.297031,-0.119343,-3.01077,-4.23404,1.74193,-5.49738,-3.85555,-8.67418,0.233012,-5.94625,-0.208601,-19.9365,-1.82654,-25.2968,0.599813,-18.4465,1.05453,-53.5688,14.7738,-34.9432,-1.62713
426,0.0426,4.757,36.763,0.207732,46.3636,-0.333854,-0.00639898,-0.040206,-8.26615,-0.413638,-28.1833,20.4748,-0.950593,-2.43511,15.988,-0.16402,-115.08,-0.12127,0.00408169,0.025646,-0.0867786,-0.830423,-15.988,11.2256,-5.35945,0.0468287,12.1775,0.0802024,48.3266,-0.125235,-0.00270607,-0.0170028,0.418037,0.442898,-12.1775,8.95109,4.52829,0.530285,8.59741,0.29155,113.117,-0.0873489,-0.00777459,-0.0488492,-8.59741,-0.0261133,-0.0176901,0.298198,-0.119439,-3.01223,-4.84247,1.96728,-5.28504,-4.02952,-9.18495,0.276918,-5.949,-0.207466,-19.9419,-1.82866,-25.305,0.601553,-19.0576,1.34618,-53.4102,14.6167,-35.4405,-1.55664
427,0.0427,4.76817,36.8094,0.216156,51.7821,-0.334325,-0.00665183,-0.0417947,-8.26595,-0.317281,-28.2295,20.488,-0.932612,-2.41164,15.9901,-0.160501,-112.611,-0.121285,0.0039941,0.0250956,-0.12892,-0.800939,-15.9901,11.2178,-5.3792,0.0110573,12.2183,0.0850781,51.2644,-0.125654,-0.00287058,-0.0180364,0.463992,0.510539,-12.2183,8.97068,4.56607,0.591318,8.60102,0.291578,113.128,-0.0873856,-0.00777535,-0.048854,-8.60102,-0.0268812,-0.0211495,0.299454,-0.119485,-3.01401,-4.87395,1.96946,-3.97319,-3.5506,-8.17957,0.286306,-5.94865,-0.205974,-19.9452,-1.83092,-25.3078,0.602837,-19.0886,1.44621,-52.1479,15.1064,-34.42,-1.52249
428,0.0428,4.77933,36.8571,0.229682,60.6534,-0.334773,-0.00704236,-0.0442485,-8.25586,-0.148747,-28.2766,20.4983,-0.922779,-2.39574,16.0056,-0.153106,-107.423,-0.121403,0.00381009,0.0239395,-0.154991,-0.705011,-16.0056,11.2184,-5.40166,-0.0312908,12.2461,0.091156,54.9267,-0.125941,-0.00307565,-0.0193249,0.504489,0.583759,-12.2461,8.97907,4.59834,0.65168,8.60535,0.291632,113.149,-0.0874297,-0.0077768,-0.0488631,-8.60535,-0.0274953,-0.0248272,0.300811,-0.119465,-3.01613,-5.07635,2.03739,-3.58811,-3.4843,-8.10373,0.306787,-5.94257,-0.204255,-19.9448,-1.83277,-25.3007,0.602817,-19.2748,1.68439,-51.8095,15.1812,-34.3273,-1.48614
429,0.0429,4.7905,36.9271,0.246121,71.4841,-0.335342,-0.00751204,-0.0471995,-8.23455,0.0608132,-28.3454,20.5201,-0.93093,-2.38089,16.0611,-0.143579,-100.738,-0.121824,0.003573,0.0224499,-0.159265,-0.570272,-16.0611,11.2459,-5.4343,-0.0688833,12.2555,0.0979821,59.0399,-0.126037,-0.00330597,-0.020772,0.535149,0.659038,-12.2555,8.97196,4.62274,0.706598,8.61044,0.291718,113.183,-0.0874813,-0.00777907,-0.0488774,-8.61044,-0.0279528,-0.0287432,0.302279,-0.119362,-3.01861,-4.51282,1.82227,-2.99781,-3.02605,-7.00983,0.27127,-5.92997,-0.202436,-19.9352,-1.83298,-25.2777,0.601268,-18.6773,1.68065,-51.2784,15.6611,-33.2185,-1.50835
430,0.043,4.80167,36.9824,0.265528,84.3955,-0.335752,-0.00805493,-0.0506106,-8.19419,0.319742,-28.3991,20.5276,-0.94788,-2.36696,16.1202,-0.131035,-91.9371,-0.122272,0.00326084,0.0204885,-0.13023,-0.384366,-16.1202,11.2748,-5.46757,-0.0967845,12.246,0.104728,63.1047,-0.125939,-0.00353358,-0.0222021,0.552331,0.732359,-12.246,8.94901,4.63884,0.751266,8.61629,0.291835,113.228,-0.0875408,-0.00778219,-0.0488969,-8.61629,-0.0282515,-0.0329198,0.303868,-0.119156,-3.02144,-4.80567,1.93808,-4.70467,-3.78164,-8.69361,0.288062,-5.92124,-0.200858,-19.9344,-1.83491,-25.2673,0.600424,-18.9211,2.05696,-53.0381,14.9111,-34.9088,-1.47847
431,0.0431,4.81283,36.9969,0.280827,94.4931,-0.335811,-0.00848847,-0.0533346,-8.15844,0.531339,-28.4113,20.5,-0.963954,-2.3471,16.153,-0.121824,-85.4747,-0.122521,0.00303163,0.0190483,-0.0920055,-0.242403,-16.153,11.2817,-5.49268,-0.107169,12.2209,0.11066,66.6791,-0.125681,-0.00373373,-0.0234597,0.556507,0.802127,-12.2209,8.91276,4.64755,0.784721,8.62294,0.291991,113.289,-0.0876084,-0.00778636,-0.0489232,-8.62294,-0.0283845,-0.0373859,0.305596,-0.118827,-3.02465,-4.65654,1.88968,-6.14223,-4.25435,-9.66914,0.272724,-5.91186,-0.19949,-19.9292,-1.83582,-25.2521,0.59927,-18.7268,2.22153,-54.4827,14.4098,-35.8852,-1.47511
432,0.0432,4.824,37.0039,0.288549,99.3493,-0.335775,-0.00872562,-0.0548247,-8.15705,0.653319,-28.4156,20.4602,-0.987341,-2.33263,16.1924,-0.119342,-83.7327,-0.12282,0.00296984,0.0186601,-0.0752182,-0.185524,-16.1924,11.2888,-5.51782,-0.111502,12.181,0.115699,69.7155,-0.125271,-0.00390376,-0.024528,0.548601,0.867187,-12.181,8.86398,4.64883,0.807127,8.63043,0.292192,113.366,-0.0876845,-0.00779171,-0.0489568,-8.63043,-0.0283444,-0.0421757,0.307478,-0.118351,-3.02826,-4.345,1.7758,-6.9657,-4.42997,-9.97293,0.249067,-5.91153,-0.19862,-19.9284,-1.83716,-25.251,0.600023,-18.4136,2.2305,-55.3097,14.1931,-36.2113,-1.48354
433,0.0433,4.83517,37.0083,0.291501,100.935,-0.335683,-0.00883586,-0.0555173,-8.18416,0.732076,-28.4168,20.4132,-1.01952,-2.33277,16.2431,-0.120745,-84.7177,-0.123204,0.00300478,0.0188796,-0.0746629,-0.165938,-16.2431,11.3009,-5.54399,-0.118928,12.1264,0.119802,72.1878,-0.124709,-0.00404219,-0.0253978,0.529302,0.926136,-12.1264,8.80274,4.64217,0.818431,8.6388,0.292444,113.464,-0.0877695,-0.00779845,-0.0489991,-8.6388,-0.0281224,-0.047332,0.309539,-0.117702,-3.03228,-5.58934,2.23074,-6.37585,-4.72445,-10.8981,0.344781,-5.91601,-0.198205,-19.9325,-1.83908,-25.2601,0.601533,-19.6895,2.76461,-54.7252,13.8497,-37.1777,-1.38646
434,0.0434,4.84633,36.9908,0.29036,99.7303,-0.335392,-0.00883529,-0.0555137,-8.24266,0.771181,-28.3955,20.3457,-1.05346,-2.35121,16.2837,-0.12528,-87.899,-0.123512,0.00311762,0.0195886,-0.0936496,-0.178343,-16.2837,11.3033,-5.56436,-0.132754,12.059,0.122881,74.0427,-0.124016,-0.00414606,-0.0260505,0.499102,0.977229,-12.059,8.73061,4.62775,0.818275,8.64812,0.292759,113.587,-0.0878641,-0.00780684,-0.0490518,-8.64812,-0.0277047,-0.0529043,0.311804,-0.116849,-3.03673,-5.39207,2.13138,-4.04962,-3.76188,-8.83737,0.3496,-5.91394,-0.198076,-19.9361,-1.84063,-25.2613,0.600962,-19.5487,2.70448,-52.3813,14.7432,-35.1521,-1.40065
435,0.0435,4.8575,36.9571,0.287103,97.1316,-0.334952,-0.00877208,-0.0551166,-8.31927,0.79597,-28.3576,20.2634,-1.08976,-2.38554,16.3181,-0.130862,-91.8154,-0.123773,0.00325652,0.0204613,-0.120091,-0.196497,-16.3181,11.2998,-5.57999,-0.150989,11.9805,0.124818,75.2098,-0.123209,-0.00421141,-0.0264611,0.459263,1.01954,-11.9805,8.64929,4.60599,0.807104,8.65844,0.293147,113.737,-0.087969,-0.00781719,-0.0491169,-8.65844,-0.027076,-0.0589543,0.314307,-0.115759,-3.04166,-5.0582,2.01178,-4.63722,-3.84401,-8.92862,0.321145,-5.91608,-0.198535,-19.9339,-1.84028,-25.2616,0.601118,-19.2935,2.60922,-52.9287,14.5791,-35.28,-1.46328
436,0.0436,4.86867,36.9086,0.283097,94.0961,-0.334378,-0.00868003,-0.0545382,-8.40238,0.81954,-28.3043,20.1684,-1.12685,-2.43057,16.3452,-0.13611,-95.4975,-0.123979,0.00338712,0.0212819,-0.144084,-0.207227,-16.3452,11.2902,-5.59019,-0.169598,11.8935,0.125586,75.6728,-0.122315,-0.00423734,-0.026624,0.411567,1.05298,-11.8935,8.5611,4.57772,0.786113,8.66987,0.29362,113.921,-0.0880851,-0.00782981,-0.0491961,-8.66987,-0.026217,-0.0655578,0.317086,-0.114388,-3.04709,-5.36785,2.1168,-3.18244,-3.4293,-8.12112,0.350544,-5.9211,-0.199554,-19.9348,-1.83996,-25.2681,0.601554,-19.6913,2.73679,-51.4216,14.8991,-34.5161,-1.47848
437,0.0437,4.87983,36.8432,0.278834,90.9508,-0.333663,-0.00857268,-0.0538637,-8.48312,0.845484,-28.2335,20.0602,-1.16213,-2.48104,16.3603,-0.140687,-98.7094,-0.124093,0.00350104,0.0219977,-0.15802,-0.20649,-16.3603,11.2717,-5.59348,-0.184218,11.8004,0.125326,75.5163,-0.121356,-0.00422857,-0.0265689,0.357414,1.07708,-11.8004,8.46827,4.54403,0.756258,8.68252,0.294195,114.144,-0.0882136,-0.00784514,-0.0492925,-8.68252,-0.0251048,-0.0728104,0.32019,-0.112689,-3.05308,-5.19259,2.0433,-2.64193,-3.15025,-7.49721,0.344313,-5.92769,-0.201087,-19.937,-1.83922,-25.2775,0.602015,-19.6034,2.6877,-50.8124,15.0707,-33.9369,-1.53471
438,0.0438,4.891,36.7678,0.274682,87.9199,-0.332869,-0.00846149,-0.0531651,-8.56648,0.865747,-28.152,19.9443,-1.19486,-2.53796,16.3665,-0.144511,-101.392,-0.12414,0.00359619,0.0225956,-0.168184,-0.201566,-16.3665,11.2467,-5.59074,-0.196802,11.7047,0.124298,74.8967,-0.120373,-0.00419388,-0.0263509,0.298249,1.09102,-11.7047,8.37389,4.50648,0.718533,8.69654,0.294895,114.415,-0.0883561,-0.00786381,-0.0494097,-8.69654,-0.0237079,-0.080831,0.323685,-0.110603,-3.05969,-5.24508,2.06205,-3.35034,-3.43132,-8.1246,0.350661,-5.92929,-0.202966,-19.9307,-1.83615,-25.2733,0.601007,-19.7408,2.72483,-51.4331,14.6768,-34.5928,-1.58629
439,0.0439,4.90217,36.6944,0.270405,84.8118,-0.332097,-0.00834243,-0.052417,-8.64966,0.881028,-28.072,19.8299,-1.22631,-2.59983,16.3724,-0.148037,-103.866,-0.124185,0.00368395,0.0231469,-0.173468,-0.191748,-16.3724,11.2215,-5.58477,-0.207259,11.6099,0.1227,73.9339,-0.119397,-0.00413997,-0.0260122,0.235949,1.09477,-11.6099,8.28073,4.46651,0.67444,8.71215,0.295743,114.744,-0.0885147,-0.0078864,-0.0495517,-8.71215,-0.0219913,-0.0897682,0.327643,-0.108057,-3.06701,-4.86095,1.93556,-6.35622,-4.39196,-10.0778,0.311394,-5.94318,-0.205618,-19.9331,-1.83376,-25.2909,0.602524,-19.4538,2.61097,-54.3613,13.6042,-36.595,-1.68592
440,0.044,4.91333,36.6137,0.266667,82.0635,-0.331279,-0.00823358,-0.0517331,-8.72537,0.888714,-27.9839,19.7104,-1.25266,-2.66019,16.3672,-0.150812,-105.813,-0.124145,0.00375299,0.0235808,-0.168118,-0.179341,-16.3672,11.1884,-5.57239,-0.210333,11.517,0.120708,72.7333,-0.118442,-0.00407274,-0.0255898,0.17231,1.08796,-11.517,8.18985,4.42469,0.62529,8.72957,0.296771,115.143,-0.0886916,-0.00791383,-0.0497241,-8.72957,-0.0199041,-0.0998001,0.332161,-0.104965,-3.07515,-5.68406,2.21377,-3.22936,-3.5576,-8.51606,0.393293,-5.95852,-0.208686,-19.9359,-1.83069,-25.3106,0.604012,-20.368,2.8938,-51.1492,14.3222,-35.0794,-1.66289
441,0.0441,4.9245,36.5264,0.26384,79.9007,-0.330416,-0.00814656,-0.0511863,-8.78945,0.889058,-27.8884,19.5869,-1.27532,-2.7144,16.3534,-0.152751,-107.174,-0.124041,0.00380126,0.023884,-0.149875,-0.16616,-16.3534,11.1494,-5.55445,-0.203758,11.4239,0.118574,71.4479,-0.117484,-0.00400077,-0.0251376,0.109532,1.07259,-11.4239,8.10014,4.38036,0.57359,8.7491,0.298017,115.627,-0.0888902,-0.00794705,-0.0499328,-8.7491,-0.0173749,-0.111122,0.337343,-0.10123,-3.08423,-5.34483,2.07862,-2.72994,-3.22321,-7.74027,0.376419,-5.9733,-0.211919,-19.9362,-1.82648,-25.3272,0.605199,-20.1076,2.75576,-50.5546,14.5372,-34.3428,-1.73278
442,0.0442,4.93567,36.4232,0.261428,77.9297,-0.329431,-0.0080721,-0.0507185,-8.84001,0.883371,-27.776,19.4534,-1.2924,-2.75869,16.324,-0.15473,-108.562,-0.123818,0.0038505,0.0241934,-0.118301,-0.155786,-16.324,11.0998,-5.5284,-0.186927,11.3282,0.116643,70.2839,-0.1165,-0.00393559,-0.024728,0.0494081,1.05345,-11.3282,8.01033,4.33276,0.522626,8.77111,0.299515,116.208,-0.0891138,-0.00798701,-0.0501838,-8.77111,-0.0142904,-0.123927,0.343288,-0.0967499,-3.09439,-5.33775,2.08722,-5.09837,-4.10073,-9.61384,0.367444,-5.98909,-0.215097,-19.9356,-1.82183,-25.344,0.606636,-20.1668,2.75549,-52.81,13.5309,-36.2502,-1.78461
443,0.0443,4.94683,36.2997,0.262425,78.2017,-0.328289,-0.00808837,-0.0508207,-8.86713,0.88021,-27.6421,19.3052,-1.30422,-2.7812,16.2754,-0.154192,-108.184,-0.12345,0.0038371,0.0241092,-0.0634094,-0.146493,-16.2754,11.0354,-5.49433,-0.150826,11.2282,0.115321,69.4873,-0.115473,-0.00389098,-0.0244477,-0.00772703,1.03716,-11.2282,7.91975,4.28153,0.475383,8.79599,0.301296,116.899,-0.0893665,-0.00803449,-0.0504822,-8.79599,-0.0104614,-0.138393,0.350087,-0.0914204,-3.10575,-5.29752,2.0851,-6.79735,-4.72163,-10.9106,0.354022,-6.01315,-0.21813,-19.9462,-1.81934,-25.3806,0.610186,-20.1778,2.74718,-54.3857,12.7643,-37.5954,-1.81699
444,0.0444,4.958,36.1739,0.265866,79.9529,-0.327139,-0.00817652,-0.0513746,-8.8739,0.888057,-27.5047,19.1573,-1.31148,-2.78106,16.2209,-0.152762,-107.181,-0.123036,0.00380152,0.0238857,0.0140574,-0.139764,-16.2209,10.9671,-5.45559,-0.0971169,11.1288,0.11517,69.3965,-0.11445,-0.00388589,-0.0244158,-0.063689,1.03349,-11.1288,7.83216,4.22912,0.43458,8.82426,0.303458,117.738,-0.0896538,-0.00809215,-0.0508445,-8.82426,-0.00567087,-0.15503,0.358014,-0.0850006,-3.11852,-6.12874,2.37671,-5.12012,-4.43291,-10.5088,0.427381,-6.0294,-0.22029,-19.9536,-1.81697,-25.4054,0.612371,-21.032,3.04448,-52.5784,12.9074,-37.2256,-1.74131
445,0.0445,4.96917,36.0463,0.269004,81.5114,-0.325993,-0.0082373,-0.0517565,-8.88406,0.870258,-27.366,19.0116,-1.31042,-2.78802,16.1578,-0.149946,-105.205,-0.122557,0.00373144,0.0234453,0.0921857,-0.140012,-16.1578,10.8951,-5.41041,-0.0392715,11.0328,0.112643,67.8739,-0.113463,-0.00380063,-0.0238801,-0.120547,1.01021,-11.0328,7.74862,4.17679,0.383859,8.8557,0.306306,118.843,-0.0899732,-0.0081681,-0.0513217,-8.8557,6.25012e-05,-0.175435,0.367936,-0.0767965,-3.1326,-5.96637,2.30482,-3.59555,-3.79294,-9.11677,0.423933,-6.04127,-0.221552,-19.9645,-1.81628,-25.4287,0.614056,-20.8917,2.95353,-50.9261,13.4024,-35.8559,-1.75003
446,0.0446,4.98033,35.9757,0.271184,82.5507,-0.325371,-0.00825659,-0.0518777,-8.87172,0.825346,-27.2838,18.9095,-1.29958,-2.78407,16.1178,-0.146215,-102.588,-0.122254,0.0036386,0.022862,0.191589,-0.148311,-16.1178,10.8423,-5.36995,0.0370868,10.9695,0.108091,65.1309,-0.112812,-0.00364704,-0.022915,-0.174958,0.966058,-10.9695,7.68903,4.13832,0.325482,8.88835,0.309308,120.007,-0.0903049,-0.00824815,-0.0518246,-8.88835,0.00759941,-0.196486,0.378207,-0.0679468,-3.14664,-5.92593,2.30064,-5.61357,-4.52662,-10.6753,0.412285,-6.04778,-0.221767,-19.9735,-1.81637,-25.4442,0.615169,-20.8454,2.90421,-52.8709,12.5666,-37.4191,-1.75662
447,0.0447,4.9915,35.9156,0.279011,87.0309,-0.324838,-0.00845678,-0.0531355,-8.85277,0.79955,-27.2117,18.8219,-1.28766,-2.75438,16.0846,-0.141585,-99.339,-0.122002,0.00352337,0.022138,0.296983,-0.169422,-16.0846,10.7985,-5.32868,0.122752,10.9087,0.10805,65.106,-0.112186,-0.00364565,-0.0229063,-0.22746,0.952335,-10.9087,7.63435,4.09935,0.28368,8.92229,0.312546,121.264,-0.0906497,-0.0083345,-0.0523672,-8.92229,0.0166371,-0.218407,0.388997,-0.0583338,-3.16081,-6.09776,2.33601,-2.04578,-3.25584,-8.03763,0.447199,-6.03723,-0.220632,-19.9739,-1.81631,-25.4328,0.612991,-20.9878,2.91493,-49.2314,13.7497,-34.758,-1.69419
448,0.0448,5.00267,35.8921,0.287321,91.5382,-0.324622,-0.0086693,-0.0544708,-8.8359,0.750087,-27.18,18.768,-1.27366,-2.72589,16.0737,-0.137346,-96.3652,-0.121919,0.0034179,0.0214753,0.397612,-0.203664,-16.0737,10.775,-5.29221,0.208974,10.8607,0.107834,64.9765,-0.111692,-0.00363839,-0.0228607,-0.275778,0.927264,-10.8607,7.5903,4.06473,0.240648,8.95773,0.316833,122.927,-0.0910098,-0.00844881,-0.0530854,-8.95773,0.026487,-0.245625,0.402681,-0.0461861,-3.17551,-5.43786,2.10704,-4.07334,-3.74086,-8.91146,0.387769,-6.02864,-0.218766,-19.9752,-1.81743,-25.4243,0.612012,-20.3024,2.63836,-51.2285,13.2097,-35.6094,-1.72611
449,0.0449,5.01383,35.8614,0.2826,87.8048,-0.324271,-0.00843152,-0.0529768,-8.80894,0.567274,-27.1449,18.7136,-1.27767,-2.74379,16.0846,-0.133287,-93.5175,-0.122002,0.00331689,0.0208406,0.478434,-0.248808,-16.0846,10.7709,-5.26055,0.284655,10.7785,0.0930383,56.061,-0.110848,-0.00313916,-0.0197239,-0.289134,0.777934,-10.7785,7.52152,4.0129,0.163835,8.99824,0.322849,125.261,-0.0914213,-0.00860925,-0.0540935,-8.99824,0.0381481,-0.281747,0.421194,-0.0300221,-3.19228,-5.41235,2.09077,-5.18322,-4.13062,-9.7683,0.393169,-6.01691,-0.216169,-19.9744,-1.81938,-25.4105,0.610936,-20.2382,2.44188,-52.3025,12.7636,-36.4564,-1.73968
450,0.045,5.025,35.9587,0.275637,82.2839,-0.325127,-0.00813288,-0.0511004,-8.78157,0.364266,-27.24,18.7502,-1.25162,-2.76447,16.1362,-0.131637,-92.3597,-0.122393,0.00327583,0.0205826,0.54309,-0.304337,-16.1362,10.7977,-5.24041,0.349958,10.7822,0.0774883,46.6911,-0.110885,-0.0026145,-0.0164274,-0.284347,0.618003,-10.7822,7.51057,4.00057,0.0952914,9.04031,0.329786,127.952,-0.0918488,-0.00879421,-0.0552556,-9.04031,0.0506,-0.321623,0.441932,-0.0117903,-3.20972,-4.95633,1.9044,-3.78705,-3.41103,-8.1499,0.374427,-6.00397,-0.213198,-19.9753,-1.82241,-25.3969,0.609911,-19.7419,2.05546,-51.0023,13.5167,-34.7985,-1.78013
451,0.0451,5.03617,36.0925,0.275938,81.1744,-0.326266,-0.00812813,-0.0510705,-8.75421,0.252673,-27.3759,18.8248,-1.23203,-2.73672,16.223,-0.133918,-93.9597,-0.123052,0.00333258,0.0209392,0.612073,-0.374949,-16.223,10.852,-5.2308,0.419311,10.8039,0.0751052,45.2552,-0.111109,-0.00253409,-0.0159222,-0.300767,0.565781,-10.8039,7.51645,3.997,0.0629569,9.06551,0.334751,129.879,-0.0921048,-0.00892662,-0.0560876,-9.06551,0.061841,-0.348975,0.456319,0.00176732,-3.21899,-5.30059,2.01811,-3.28099,-3.35477,-8.13846,0.411851,-5.98685,-0.210191,-19.9752,-1.82578,-25.3779,0.607854,-20.0416,2.06059,-50.6321,13.6443,-34.7484,-1.71702
452,0.0452,5.04733,36.2221,0.279028,82.2609,-0.327315,-0.00823351,-0.0517327,-8.74145,0.181087,-27.518,18.913,-1.22317,-2.70075,16.3282,-0.13612,-95.5047,-0.12385,0.00338737,0.0212835,0.657624,-0.451312,-16.3282,10.9222,-5.22556,0.474147,10.8286,0.0778005,46.8793,-0.111362,-0.00262503,-0.0164936,-0.333713,0.558448,-10.8286,7.52778,3.9933,0.0398974,9.06536,0.337347,130.886,-0.0921033,-0.00899586,-0.0565226,-9.06536,0.0739518,-0.361202,0.46301,0.00908794,-3.2148,-5.51691,2.08821,-3.88905,-3.66177,-8.86937,0.436088,-5.97212,-0.207631,-19.9771,-1.82949,-25.3634,0.606018,-20.2305,2.06167,-51.3841,13.4217,-35.4559,-1.65865
453,0.0453,5.0585,36.2992,0.270727,77.449,-0.327869,-0.0080172,-0.0503736,-8.69381,0.0750251,-27.6072,18.9762,-1.22636,-2.65713,16.4182,-0.140865,-98.8338,-0.124533,0.00350545,0.0220254,0.697948,-0.538128,-16.4182,10.9865,-5.21503,0.526185,10.8483,0.0773206,46.5901,-0.111565,-0.00260884,-0.0163918,-0.359103,0.531872,-10.8483,7.53716,3.98611,0.0121951,9.03265,0.334271,129.693,-0.091771,-0.00891382,-0.0560072,-9.03265,0.0812808,-0.340703,0.452611,0.00255425,-3.19551,-5.55543,2.08934,-5.20023,-4.15112,-9.95919,0.451161,-5.96373,-0.205707,-19.9813,-1.83321,-25.3582,0.605425,-20.213,1.95865,-52.7887,12.9919,-36.5437,-1.60055
454,0.0454,5.06967,36.3628,0.263931,73.9937,-0.328304,-0.00786939,-0.0494449,-8.68257,-0.000929324,-27.6758,19.0346,-1.23196,-2.62621,16.5012,-0.145847,-102.33,-0.125162,0.00362944,0.0228045,0.71205,-0.624861,-16.5012,11.0502,-5.20178,0.559517,10.8685,0.0807877,48.6792,-0.111773,-0.00272582,-0.0171268,-0.401544,0.535017,-10.8685,7.54928,3.97991,-0.0130786,8.99307,0.328991,127.644,-0.0913689,-0.00877302,-0.0551225,-8.99307,0.088915,-0.306088,0.435044,-0.0100927,-3.17265,-6.26893,2.29888,-3.57238,-3.79948,-9.48021,0.549857,-5.95817,-0.204399,-19.983,-1.83593,-25.3538,0.605177,-20.9097,2.09355,-51.2312,13.3992,-36.0659,-1.47118
455,0.0455,5.08083,36.4121,0.256461,69.95,-0.328569,-0.00770267,-0.0483973,-8.69595,-0.0854149,-27.7266,19.0863,-1.25066,-2.61599,16.5924,-0.151643,-106.396,-0.125854,0.00377366,0.0237106,0.705427,-0.711554,-16.5924,11.1232,-5.19108,0.577446,10.8607,0.0839222,50.5679,-0.111693,-0.00283158,-0.0177913,-0.442383,0.531522,-10.8607,7.5444,3.9625,-0.0398973,8.95899,0.324181,125.778,-0.0910226,-0.00864476,-0.0543166,-8.95899,0.0946164,-0.273509,0.418694,-0.0220801,-3.15354,-6.40239,2.35557,-5.8314,-4.69168,-11.4253,0.55558,-5.9567,-0.203836,-19.9763,-1.83604,-25.346,0.605596,-21.055,2.06632,-53.5343,12.5586,-38.0219,-1.45481
456,0.0456,5.092,36.4252,0.246651,64.0697,-0.328577,-0.00747565,-0.0469709,-8.71606,-0.188775,-27.7391,19.1196,-1.25666,-2.61343,16.6408,-0.160137,-112.356,-0.126221,0.00398504,0.0250388,0.693334,-0.806807,-16.6408,11.1737,-5.16957,0.591633,10.8533,0.0866709,52.2242,-0.111617,-0.00292432,-0.0183741,-0.478313,0.519566,-10.8533,7.54134,3.9454,-0.0666317,8.93108,0.320117,124.201,-0.0907391,-0.00853637,-0.0536356,-8.93108,0.0984665,-0.244963,0.404537,-0.0324834,-3.13843,-6.04445,2.26209,-8.76402,-5.65697,-13.3428,0.498798,-5.95841,-0.203924,-19.9673,-1.83487,-25.3394,0.60642,-20.7189,1.86939,-56.4703,11.6277,-39.9388,-1.50821
457,0.0457,5.10317,36.3604,0.239865,60.1363,-0.328002,-0.00732186,-0.0460046,-8.77084,-0.280153,-27.6726,19.1098,-1.24112,-2.64042,16.6078,-0.165915,-116.41,-0.125971,0.00412885,0.0259423,0.648908,-0.883603,-16.6078,11.1788,-5.12833,0.579753,10.8447,0.089057,53.662,-0.111528,-0.00300483,-0.0188799,-0.511849,0.502393,-10.8447,7.53858,3.92861,-0.0938835,8.90789,0.316723,122.884,-0.0905035,-0.00844588,-0.053067,-8.90789,0.101057,-0.220136,0.39238,-0.0414001,-3.12629,-4.79853,1.81975,-9.97818,-5.60441,-12.9032,0.392079,-5.96959,-0.204766,-19.9596,-1.83306,-25.3447,0.609161,-19.539,1.33483,-57.6104,11.6723,-39.489,-1.63918
458,0.0458,5.11433,36.2829,0.2394,60.5094,-0.327361,-0.00732317,-0.0460128,-8.86789,-0.337087,-27.5931,19.0977,-1.21805,-2.70711,16.5511,-0.165541,-116.147,-0.125541,0.00411952,0.0258837,0.560543,-0.918479,-16.5511,11.1742,-5.0846,0.529399,10.8435,0.0910889,54.8863,-0.111516,-0.00307339,-0.0193107,-0.540198,0.478612,-10.8435,7.54164,3.91559,-0.120169,8.88824,0.313851,121.77,-0.0903037,-0.0083693,-0.0525859,-8.88824,0.10278,-0.198432,0.381855,-0.049044,-3.11634,-4.45372,1.69282,-7.48946,-4.54354,-10.5326,0.365499,-5.9794,-0.205841,-19.9525,-1.8309,-25.349,0.611313,-19.301,1.14989,-55.035,12.7232,-37.0996,-1.7303
459,0.0459,5.1255,36.2087,0.244528,64.6866,-0.326779,-0.00746316,-0.0468924,-8.97448,-0.362586,-27.5166,19.0919,-1.19161,-2.78858,16.4845,-0.159858,-112.16,-0.125036,0.00397811,0.0249952,0.460897,-0.916818,-16.4845,11.167,-5.04349,0.464457,10.8528,0.0929773,56.0242,-0.111612,-0.0031371,-0.019711,-0.564051,0.450414,-10.8528,7.55225,3.90756,-0.144994,8.87132,0.311408,120.822,-0.0901319,-0.00830416,-0.0521766,-8.87132,0.103818,-0.179211,0.372642,-0.0556743,-3.10804,-6.76608,2.54019,-4.79554,-4.50266,-10.9868,0.543512,-5.98176,-0.206895,-19.9555,-1.83076,-25.3545,0.611282,-21.7223,1.97071,-52.2676,12.7585,-37.5329,-1.63378
460,0.046,5.13667,36.1868,0.251675,70.1783,-0.326625,-0.00765424,-0.048093,-9.07721,-0.375568,-27.4923,19.1205,-1.17399,-2.87153,16.4587,-0.152504,-107,-0.12484,0.00379511,0.0238453,0.363506,-0.899432,-16.4587,11.1865,-5.01668,0.397624,10.8715,0.0948981,57.1816,-0.111804,-0.00320191,-0.0201182,-0.584205,0.419527,-10.8715,7.56951,3.90412,-0.168132,8.85651,0.309281,119.997,-0.0899814,-0.00824743,-0.0518202,-8.85651,0.104337,-0.162048,0.364477,-0.0614371,-3.10102,-4.02086,1.5302,-6.5665,-4.02261,-9.31696,0.337878,-5.98335,-0.207958,-19.9515,-1.82895,-25.3524,0.611048,-19.0814,0.946671,-54.0103,13.2689,-35.8433,-1.9226
461,0.0461,5.14783,36.2362,0.255143,72.9818,-0.327035,-0.00775559,-0.0487298,-9.15248,-0.41783,-27.5397,19.1958,-1.17335,-2.93012,16.4962,-0.14927,-104.731,-0.125124,0.00371463,0.0233397,0.293077,-0.910004,-16.4962,11.2471,-5.01115,0.354786,10.8968,0.0969662,58.4277,-0.112064,-0.00327169,-0.0205566,-0.60232,0.387712,-10.8968,7.59143,3.90427,-0.190016,8.84323,0.307448,119.286,-0.0898465,-0.00819853,-0.0515129,-8.84323,0.104462,-0.146682,0.357243,-0.0664652,-3.0949,-3.90024,1.48717,-8.34502,-4.63033,-10.5884,0.327582,-5.99913,-0.209255,-19.9529,-1.82769,-25.3713,0.614323,-19.0518,0.860087,-55.8376,12.7377,-37.1331,-1.98822
462,0.0462,5.159,36.3187,0.254914,73.1034,-0.327709,-0.00776682,-0.0488004,-9.20212,-0.496591,-27.6203,19.2934,-1.18152,-2.9632,16.561,-0.150128,-105.333,-0.125616,0.00373598,0.0234739,0.247403,-0.955963,-16.561,11.3262,-5.01769,0.336852,10.9266,0.0992015,59.7746,-0.11237,-0.00334711,-0.0210305,-0.6184,0.355144,-10.9266,7.61647,3.90707,-0.210567,8.83113,0.305841,118.662,-0.0897235,-0.00815569,-0.0512437,-8.83113,0.104228,-0.132757,0.350748,-0.0708899,-3.08948,-4.1788,1.58232,-7.17234,-4.30379,-9.96275,0.355027,-6.00995,-0.21011,-19.9479,-1.82549,-25.3787,0.616674,-19.3909,0.875615,-54.7406,13.1641,-36.5229,-1.9915
463,0.0463,5.17017,36.4052,0.253349,72.2174,-0.328422,-0.00774591,-0.048669,-9.25095,-0.58753,-27.7056,19.3947,-1.19181,-2.99374,16.6272,-0.152604,-107.071,-0.126118,0.00379759,0.023861,0.201549,-1.01311,-16.6272,11.4067,-5.02847,0.320838,10.9582,0.101521,61.172,-0.112696,-0.00342536,-0.0215222,-0.632677,0.321854,-10.9582,7.64304,3.91144,-0.230019,8.81982,0.304433,118.116,-0.0896086,-0.00811814,-0.0510078,-8.81982,0.103728,-0.120134,0.344914,-0.0747788,-3.08456,-5.96669,2.24331,-5.62563,-4.47418,-10.7331,0.486494,-6.01989,-0.210759,-19.9497,-1.82482,-25.3914,0.618719,-21.2375,1.44502,-53.2809,13.0957,-37.3163,-1.88853
464,0.0464,5.18133,36.4639,0.250127,70.1404,-0.328916,-0.0076826,-0.0482712,-9.2942,-0.699153,-27.7634,19.4776,-1.19867,-3.01682,16.6683,-0.156719,-109.957,-0.12643,0.00389998,0.0245043,0.158241,-1.08867,-16.6683,11.4701,-5.0357,0.311003,10.9865,0.103681,62.4736,-0.112986,-0.00349824,-0.0219801,-0.643365,0.286544,-10.9865,7.66792,3.91525,-0.24782,8.80908,0.303165,117.624,-0.0894995,-0.00808434,-0.0507954,-8.80908,0.102974,-0.108581,0.3396,-0.0782186,-3.08,-5.13862,1.94949,-6.52497,-4.47475,-10.5203,0.415193,-6.01298,-0.210702,-19.9511,-1.82505,-25.385,0.616633,-20.4458,1.03964,-54.2395,13.1778,-37.104,-1.98499
465,0.0465,5.1925,36.4916,0.245141,66.7833,-0.329155,-0.00757547,-0.0475981,-9.33719,-0.830595,-27.7909,19.54,-1.20442,-3.03634,16.6856,-0.162719,-114.167,-0.126561,0.0040493,0.0254425,0.112596,-1.18206,-16.6856,11.5165,-5.04009,0.303476,11.0073,0.105822,63.7639,-0.1132,-0.00357049,-0.0224341,-0.65105,0.249467,-11.0073,7.68875,3.91698,-0.26415,8.79873,0.302038,117.187,-0.0893944,-0.00805428,-0.0506065,-8.79873,0.101997,-0.0980165,0.334778,-0.0813076,-3.07567,-6.09711,2.29004,-7.6115,-5.25905,-12.463,0.498879,-6.00753,-0.210357,-19.9501,-1.82498,-25.378,0.615232,-21.4418,1.24909,-55.3525,12.456,-39.0454,-1.92223
466,0.0466,5.20367,36.4852,0.240488,63.5774,-0.32912,-0.0074811,-0.0470051,-9.39105,-0.956721,-27.7848,19.5799,-1.20767,-3.06527,16.6746,-0.16898,-118.56,-0.126477,0.00420511,0.0264215,0.0552091,-1.26966,-16.6746,11.5431,-5.04092,0.285537,11.0219,0.108446,65.3452,-0.113351,-0.00365904,-0.0229904,-0.657598,0.212095,-11.0219,7.70643,3.91731,-0.2793,8.78866,0.301021,116.792,-0.0892921,-0.00802717,-0.0504362,-8.78866,0.100849,-0.0883124,0.330371,-0.0840632,-3.07151,-5.53864,2.07449,-8.48077,-5.3384,-12.5268,0.465808,-5.99935,-0.209645,-19.9532,-1.82638,-25.3718,0.613272,-20.929,0.908128,-56.2188,12.4151,-39.1063,-1.98619
467,0.0467,5.21483,36.4667,0.235944,60.6056,-0.329005,-0.00737277,-0.0463245,-9.44243,-1.0615,-27.7675,19.6107,-1.20783,-3.10593,16.6473,-0.173326,-121.61,-0.12627,0.00431327,0.0271011,-0.0176362,-1.32637,-16.6473,11.5579,-5.04098,0.248523,11.0408,0.109165,65.7783,-0.113545,-0.00368329,-0.0231428,-0.646192,0.165311,-11.0408,7.72648,3.91967,-0.287046,8.77861,0.300105,116.437,-0.0891899,-0.00800275,-0.0502827,-8.77861,0.0995538,-0.0793775,0.326338,-0.0865288,-3.06741,-6.4067,2.35687,-7.5528,-5.31899,-12.7692,0.562738,-5.99109,-0.208769,-19.9561,-1.82796,-25.3653,0.611446,-21.8402,1.08659,-55.2764,12.4637,-39.3424,-1.93175
468,0.0468,5.226,36.4389,0.229461,56.5602,-0.32881,-0.00718871,-0.045168,-9.46962,-1.17218,-27.7414,19.6335,-1.21006,-3.13415,16.6141,-0.176566,-123.882,-0.126018,0.00439388,0.0276076,-0.0958863,-1.38228,-16.6141,11.5663,-5.0421,0.208555,11.0562,0.106769,64.3345,-0.113703,-0.00360245,-0.0226348,-0.605121,0.112051,-11.0562,7.7446,3.92084,-0.279326,8.76862,0.299258,116.108,-0.0890884,-0.00798015,-0.0501408,-8.76862,0.0980485,-0.0710676,0.322597,-0.0887991,-3.06338,-6.79761,2.46494,-5.94023,-4.85442,-11.934,0.621239,-5.98273,-0.207826,-19.9578,-1.8295,-25.3577,0.609632,-22.25,1.08493,-53.6395,12.9496,-38.5018,-1.90328
469,0.0469,5.23717,36.4091,0.225222,54.0411,-0.328545,-0.00706354,-0.0443815,-9.49829,-1.23004,-27.7137,19.6571,-1.22618,-3.17202,16.5992,-0.177944,-124.85,-0.125905,0.00442819,0.0278231,-0.182894,-1.3949,-16.5992,11.586,-5.05096,0.150116,11.0512,0.10471,63.0938,-0.113652,-0.00353297,-0.0221983,-0.556714,0.0685585,-11.0512,7.752,3.91565,-0.262667,8.75868,0.298456,115.797,-0.0889875,-0.00795876,-0.0500063,-8.75868,0.0963043,-0.063245,0.319075,-0.090879,-3.05946,-7.70997,2.75332,-6.01251,-5.21478,-13.0273,0.729504,-5.97083,-0.206824,-19.9606,-1.83142,-25.3471,0.606894,-23.1791,1.31646,-53.6868,12.6109,-39.6005,-1.83562
470,0.047,5.24833,36.3727,0.221856,52.196,-0.328207,-0.006954,-0.0436933,-9.51487,-1.24554,-27.6798,19.6761,-1.24649,-3.20968,16.586,-0.177778,-124.733,-0.125806,0.00442404,0.0277971,-0.272142,-1.37208,-16.586,11.6051,-5.06226,0.0800447,11.0378,0.101953,61.4324,-0.113514,-0.00343994,-0.0216138,-0.49395,0.0321798,-11.0378,7.75516,3.90855,-0.234102,8.74878,0.297681,115.496,-0.0888868,-0.0079381,-0.0498766,-8.74878,0.094363,-0.0559057,0.315755,-0.0927816,-3.05563,-7.27042,2.56622,-6.16152,-5.06741,-12.6637,0.71697,-5.95981,-0.205985,-19.9569,-1.83193,-25.3313,0.604429,-22.7451,1.11469,-53.7982,12.7767,-39.2415,-1.88829
471,0.0471,5.2595,36.3216,0.219822,51.2578,-0.327758,-0.00687869,-0.0432201,-9.51871,-1.22474,-27.6319,19.6833,-1.26254,-3.24245,16.5584,-0.176445,-123.798,-0.125596,0.00439088,0.0275887,-0.35774,-1.32256,-16.5584,11.6121,-5.07078,0.00496087,11.0243,0.09931,59.84,-0.113376,-0.00335077,-0.0210535,-0.422105,0.00551999,-11.0243,7.75854,3.90277,-0.195611,8.73887,0.296957,115.216,-0.0887862,-0.0079188,-0.0497553,-8.73887,0.0922973,-0.0490882,0.31267,-0.0945358,-3.0518,-8.75293,3.11387,-8.98028,-6.71879,-16.5661,0.828519,-5.95266,-0.205356,-19.9561,-1.83293,-25.3227,0.602945,-24.2243,1.68377,-56.5682,11.1316,-43.1514,-1.81098
472,0.0472,5.27067,36.2375,0.219181,51.1938,-0.32707,-0.00684618,-0.0430158,-9.51371,-1.18694,-27.5514,19.6642,-1.26544,-3.26675,16.493,-0.174671,-122.553,-0.1251,0.00434672,0.0273113,-0.437941,-1.26546,-16.493,11.5899,-5.06931,-0.0683643,11.0155,0.0975787,58.7967,-0.113285,-0.00329236,-0.0206865,-0.346816,-0.0117156,-11.0155,7.76443,3.90002,-0.150466,8.72895,0.296273,114.95,-0.0886854,-0.00790055,-0.0496406,-8.72895,0.0902377,-0.042846,0.309827,-0.0961434,-3.04792,-5.17425,1.78634,-11.4364,-6.13613,-14.5024,0.569515,-5.95839,-0.205279,-19.9501,-1.83227,-25.3236,0.604735,-20.6463,0.394128,-58.9379,11.6958,-41.0914,-2.0925
473,0.0473,5.28183,36.1662,0.219265,51.5979,-0.326494,-0.00683458,-0.0429429,-9.49496,-1.14147,-27.4841,19.6501,-1.26892,-3.27658,16.4354,-0.172519,-121.043,-0.124663,0.00429317,0.0269748,-0.512058,-1.21033,-16.4354,11.5703,-5.07126,-0.136386,11.0117,0.0961637,57.9442,-0.113246,-0.00324461,-0.0203865,-0.263753,-0.0191806,-11.0117,7.77268,3.89999,-0.096093,8.71915,0.29562,114.697,-0.0885858,-0.00788313,-0.0495312,-8.71915,0.0880405,-0.0370038,0.307158,-0.0976511,-3.0441,-7.85883,2.76504,-10.5378,-6.90407,-16.7926,0.780818,-5.96461,-0.205533,-19.9535,-1.83317,-25.3338,0.606325,-23.3184,1.41804,-57.9754,10.9129,-43.3952,-1.88944
474,0.0474,5.293,36.1193,0.220976,53.092,-0.326112,-0.00686764,-0.0431506,-9.46136,-1.07291,-27.4412,19.6493,-1.27713,-3.27488,16.3986,-0.169224,-118.731,-0.124384,0.00421117,0.0264596,-0.576714,-1.14237,-16.3986,11.5629,-5.07994,-0.200816,11.0112,0.0952176,57.374,-0.11324,-0.00321269,-0.0201859,-0.175093,-0.0161742,-11.0112,7.78183,3.90186,-0.0336252,8.70955,0.294982,114.449,-0.0884883,-0.00786611,-0.0494243,-8.70955,0.0856276,-0.0314562,0.304611,-0.0990523,-3.04044,-8.1717,2.87309,-5.77662,-5.27199,-13.358,0.808032,-5.97415,-0.2063,-19.9531,-1.8326,-25.3441,0.608495,-23.6072,1.59388,-53.171,12.5447,-39.9792,-1.85835
475,0.0475,5.30417,36.0988,0.224018,55.454,-0.325935,-0.00693892,-0.0435985,-9.41499,-0.975738,-27.4251,19.6637,-1.2912,-3.26488,16.3868,-0.165198,-115.906,-0.124294,0.00411098,0.0258301,-0.630828,-1.05656,-16.3868,11.5711,-5.09554,-0.262942,11.012,0.0948397,57.1463,-0.113249,-0.00319994,-0.0201058,-0.0840828,-0.00233091,-11.012,7.79031,3.9047,0.0348828,8.70008,0.294376,114.214,-0.0883921,-0.00784996,-0.0493228,-8.70008,0.0831518,-0.0263019,0.302236,-0.100352,-3.03682,-7.61902,2.67109,-7.55498,-5.69801,-14.1523,0.765631,-5.98228,-0.207378,-19.9577,-1.83254,-25.3574,0.609924,-23.0163,1.48797,-54.9377,12.1331,-40.8009,-1.88932
476,0.0476,5.31533,36.111,0.223748,55.4199,-0.325998,-0.0069333,-0.0435632,-9.37918,-0.900644,-27.4417,19.6971,-1.31455,-3.25083,16.4098,-0.165136,-115.863,-0.124469,0.00410946,0.0258205,-0.694749,-1.00386,-16.4098,11.6016,-5.11993,-0.325089,11.0103,0.0950798,57.291,-0.113231,-0.00320804,-0.0201567,0.00636341,0.0226104,-11.0103,7.79547,3.90696,0.107523,8.6908,0.293805,113.992,-0.0882978,-0.00783472,-0.049227,-8.6908,0.0806065,-0.0215119,0.300024,-0.101575,-3.03327,-7.37963,2.59054,-6.87552,-5.35283,-13.3369,0.740485,-5.99967,-0.208879,-19.9643,-1.83194,-25.383,0.613426,-22.7585,1.48102,-54.2815,12.5123,-40.0345,-1.89692
477,0.0477,5.3265,36.0607,0.218185,51.6117,-0.325582,-0.00680045,-0.0427285,-9.37577,-0.879159,-27.3962,19.6795,-1.32304,-3.2394,16.3729,-0.170901,-119.908,-0.124189,0.00425292,0.0267219,-0.788709,-1.01636,-16.3729,11.5844,-5.1286,-0.392845,11.0061,0.0958165,57.7349,-0.113188,-0.0032329,-0.0203129,0.0945803,0.059061,-11.0061,7.79712,3.90826,0.183148,8.68164,0.29327,113.785,-0.0882047,-0.00782047,-0.0491375,-8.68164,0.0781377,-0.01712,0.297987,-0.102698,-3.02971,-6.97494,2.42301,-5.59247,-4.69289,-11.8628,0.725713,-6.01626,-0.210368,-19.9653,-1.82954,-25.4022,0.616738,-22.367,1.33348,-52.9539,13.1571,-38.588,-1.89695
478,0.0478,5.33767,36.0026,0.217389,51.1338,-0.325103,-0.00678726,-0.0426456,-9.34752,-0.786249,-27.3429,19.6532,-1.33147,-3.22148,16.3296,-0.172025,-120.696,-0.12386,0.00428088,0.0268976,-0.853441,-0.968596,-16.3296,11.5612,-5.13632,-0.455132,11.0004,0.0966722,58.2505,-0.113129,-0.00326177,-0.0204943,0.178576,0.106833,-11.0004,7.79599,3.90861,0.259912,8.67265,0.292741,113.58,-0.0881134,-0.00780637,-0.0490489,-8.67265,0.0755147,-0.0129763,0.296046,-0.10375,-3.02626,-7.04589,2.49418,-6.33588,-5.03637,-12.5207,0.690991,-6.03816,-0.211912,-19.9703,-1.82762,-25.4312,0.621287,-22.4316,1.49602,-53.6491,12.7892,-39.2834,-1.9092
479,0.0479,5.34883,35.957,0.215884,50.179,-0.324712,-0.00675387,-0.0424358,-9.32622,-0.682734,-27.3023,19.6321,-1.34487,-3.20597,16.301,-0.173589,-121.794,-0.123644,0.00431982,0.0271422,-0.917936,-0.919944,-16.301,11.5463,-5.14761,-0.517984,10.9921,0.0972302,58.5868,-0.113044,-0.0032806,-0.0206126,0.255568,0.164276,-10.9921,7.79157,3.90747,0.334862,8.66385,0.292243,113.386,-0.088024,-0.00779309,-0.0489654,-8.66385,0.0729346,-0.00916038,0.294251,-0.104725,-3.02284,-7.40925,2.65354,-7.28543,-5.55501,-13.6727,0.694434,-6.05791,-0.21309,-19.9751,-1.82613,-25.4576,0.625521,-22.7934,1.75772,-54.5628,12.2509,-40.4752,-1.88601
480,0.048,5.36,35.9125,0.214212,49.0675,-0.324336,-0.00671811,-0.0422112,-9.32507,-0.578608,-27.2629,19.6077,-1.35701,-3.20515,16.2714,-0.175577,-123.189,-0.123419,0.00436928,0.027453,-0.982222,-0.87037,-16.2714,11.5282,-5.15789,-0.581414,10.9859,0.0979791,59.038,-0.11298,-0.00330587,-0.0207714,0.312468,0.221366,-10.9859,7.78685,3.90654,0.395747,8.65532,0.29181,113.218,-0.0879373,-0.00778153,-0.0488928,-8.65532,0.0703964,-0.00566167,0.29263,-0.105664,-3.01949,-7.55068,2.72082,-5.04856,-4.80269,-12.0461,0.689374,-6.06589,-0.213612,-19.9835,-1.82657,-25.4744,0.626955,-22.9416,1.9286,-52.295,12.9784,-38.8775,-1.88883
481,0.0481,5.37117,35.8727,0.212627,47.9945,-0.324001,-0.00668571,-0.0420075,-9.34968,-0.48225,-27.2281,19.5825,-1.36863,-3.22779,16.244,-0.177636,-124.633,-0.123211,0.00442052,0.0277749,-1.04322,-0.816777,-16.244,11.5095,-5.16818,-0.643916,10.9817,0.0988533,59.5648,-0.112937,-0.00333536,-0.0209567,0.340521,0.266668,-10.9817,7.78191,3.9061,0.432315,8.64699,0.29141,113.063,-0.0878526,-0.00777086,-0.0488258,-8.64699,0.0678593,-0.00242704,0.291136,-0.106556,-3.01619,-6.51209,2.30258,-3.91659,-3.92558,-9.99401,0.641448,-6.05871,-0.213355,-19.9869,-1.82719,-25.4695,0.624966,-21.9205,1.60698,-51.1316,13.8298,-36.8321,-1.96138
482,0.0482,5.38233,35.8443,0.211194,47.0489,-0.323765,-0.00665465,-0.0418124,-9.38691,-0.389915,-27.2046,19.5617,-1.38075,-3.26739,16.2235,-0.179287,-125.792,-0.123056,0.0044616,0.028033,-1.09325,-0.752934,-16.2235,11.4936,-5.17988,-0.701657,10.9817,0.0994512,59.9251,-0.112937,-0.00335554,-0.0210835,0.34544,0.297862,-10.9817,7.77837,3.90658,0.447366,8.6391,0.291029,112.915,-0.0877726,-0.00776071,-0.048762,-8.6391,0.0651574,0.000588011,0.289741,-0.107453,-3.0131,-6.34635,2.23133,-4.82211,-4.18016,-10.5308,0.638204,-6.05865,-0.212897,-19.987,-1.82738,-25.4695,0.62511,-21.7919,1.62852,-52.0137,13.5542,-37.381,-2.00408
483,0.0483,5.3935,35.8152,0.209965,46.2954,-0.323524,-0.00662414,-0.0416207,-9.41815,-0.291016,-27.1803,19.5377,-1.39269,-3.31253,16.2022,-0.180225,-126.45,-0.122894,0.00448494,0.0281797,-1.122,-0.670905,-16.2022,11.4756,-5.19061,-0.749674,10.9815,0.0995318,59.9736,-0.112935,-0.00335826,-0.0211005,0.335358,0.317437,-10.9815,7.77365,3.90625,0.447254,8.63151,0.290658,112.771,-0.0876954,-0.00775082,-0.0486998,-8.63151,0.0624519,0.00334977,0.288445,-0.10833,-3.01011,-6.79773,2.37407,-4.28981,-4.14697,-10.6189,0.691426,-6.04951,-0.211964,-19.9869,-1.82821,-25.4593,0.623101,-22.2654,1.87109,-51.4571,13.5625,-37.4709,-1.99801
484,0.0484,5.40467,35.77,0.209588,46.1638,-0.323158,-0.00661226,-0.0415461,-9.42205,-0.17941,-27.1399,19.4997,-1.40092,-3.34795,16.166,-0.180035,-126.317,-0.12262,0.00448022,0.0281501,-1.11411,-0.566885,-16.166,11.4454,-5.19617,-0.777993,10.9797,0.0993245,59.8487,-0.112917,-0.00335126,-0.0210566,0.316311,0.327641,-10.9797,7.76712,3.90445,0.437247,8.62425,0.290298,112.632,-0.0876216,-0.00774122,-0.0486395,-8.62425,0.0598333,0.00585314,0.287249,-0.109194,-3.0072,-6.52549,2.27197,-3.28818,-3.66499,-9.51643,0.671448,-6.04217,-0.210886,-19.9863,-1.82926,-25.4505,0.621675,-21.9897,1.88167,-50.4144,14.0055,-36.3679,-2.05483
485,0.0485,5.41583,35.6892,0.209476,46.2505,-0.322512,-0.0066036,-0.0414916,-9.4161,-0.0784443,-27.0637,19.4334,-1.40066,-3.37519,16.0979,-0.179212,-125.739,-0.122103,0.00445974,0.0280214,-1.09367,-0.469656,-16.0979,11.3897,-5.19073,-0.794627,10.9739,0.0987263,59.4883,-0.112857,-0.00333108,-0.0209298,0.294975,0.334033,-10.9739,7.75751,3.90013,0.423895,8.6174,0.289962,112.501,-0.087552,-0.00773226,-0.0485832,-8.6174,0.0571795,0.008133,0.286156,-0.11006,-3.00446,-7.11114,2.48881,-1.69298,-3.32103,-8.90363,0.712874,-6.03116,-0.209706,-19.9804,-1.82943,-25.4327,0.619445,-22.5584,2.20066,-48.737,14.2829,-35.737,-2.04287
486,0.0486,5.427,35.6127,0.208161,45.519,-0.321889,-0.00656224,-0.0412318,-9.41266,0.0102512,-26.9916,19.3687,-1.40325,-3.40175,16.0375,-0.179295,-125.797,-0.121645,0.0044618,0.0280343,-1.07594,-0.38402,-16.0375,11.3384,-5.18551,-0.810277,10.9643,0.0978159,58.9397,-0.112758,-0.00330036,-0.0207368,0.274193,0.339777,-10.9643,7.74515,3.89318,0.410393,8.61091,0.28964,112.377,-0.0874861,-0.00772368,-0.0485293,-8.61091,0.0544938,0.0101959,0.285154,-0.110924,-3.00186,-7.20814,2.53259,-2.84648,-3.79076,-9.92689,0.713499,-6.02317,-0.208588,-19.9793,-1.83066,-25.4229,0.61794,-22.644,2.33425,-49.8173,13.7473,-36.753,-2.07031
487,0.0487,5.43817,35.514,0.208518,45.9929,-0.32109,-0.00655947,-0.0412144,-9.37757,0.0976142,-26.8971,19.2842,-1.40189,-3.40153,15.9578,-0.177369,-124.446,-0.12104,0.00441388,0.0277332,-1.02891,-0.303052,-15.9578,11.2691,-5.17384,-0.801781,10.9514,0.0965651,58.186,-0.112625,-0.00325816,-0.0204716,0.256187,0.348909,-10.9514,7.73086,3.88373,0.399697,8.60485,0.289322,112.253,-0.0874245,-0.00771519,-0.048476,-8.60485,0.0517571,0.0120529,0.284229,-0.111782,-2.99945,-6.3476,2.15781,-4.79174,-4.09607,-10.5138,0.70167,-6.01514,-0.207565,-19.9746,-1.83126,-25.4096,0.616512,-21.7403,2.04786,-51.6634,13.3569,-37.3253,-2.08335
488,0.0488,5.44933,35.4074,0.210195,47.3864,-0.320227,-0.00659012,-0.041407,-9.31822,0.18346,-26.7945,19.192,-1.39893,-3.38105,15.8715,-0.174188,-122.214,-0.120386,0.00433471,0.0272358,-0.957951,-0.225445,-15.8715,11.1929,-5.15848,-0.774104,10.9367,0.0953766,57.4699,-0.112474,-0.00321806,-0.0202197,0.238986,0.359916,-10.9367,7.71571,3.8722,0.39029,8.59926,0.289007,112.131,-0.0873677,-0.00770678,-0.0484231,-8.59926,0.0489884,0.0137001,0.28338,-0.112648,-2.99724,-7.72283,2.5949,-3.01798,-3.95649,-10.6467,0.86199,-6.01012,-0.206965,-19.9761,-1.8328,-25.4055,0.615454,-23.0512,2.57139,-49.7885,13.4027,-37.4511,-1.90361
489,0.0489,5.4605,35.3047,0.212598,49.2504,-0.319395,-0.00664169,-0.041731,-9.24553,0.260281,-26.6954,19.1019,-1.39634,-3.34811,15.7886,-0.170622,-119.712,-0.119757,0.00424598,0.0266783,-0.872505,-0.155791,-15.7886,11.1183,-5.1418,-0.733249,10.9219,0.0945075,56.9462,-0.112322,-0.00318873,-0.0200354,0.221106,0.36982,-10.9219,7.70102,3.85899,0.380336,8.59413,0.288712,112.017,-0.0873157,-0.00769893,-0.0483738,-8.59413,0.0462512,0.0151323,0.282629,-0.11353,-2.9952,-6.80197,2.20722,-6.55705,-4.83547,-12.434,0.836947,-6.01301,-0.20672,-19.969,-1.83223,-25.4022,0.616551,-22.0605,2.26078,-53.2214,12.4342,-39.2326,-1.89461
490,0.049,5.47167,35.2041,0.215633,51.5517,-0.318567,-0.0067101,-0.0421608,-9.16058,0.329323,-26.5979,19.0138,-1.39661,-3.30297,15.7123,-0.166533,-116.843,-0.119178,0.0041442,0.0260388,-0.773598,-0.0940749,-15.7123,11.0484,-5.12472,-0.679804,10.9019,0.093766,56.4994,-0.112116,-0.00316371,-0.0198782,0.202915,0.380005,-10.9019,7.68347,3.84256,0.37039,8.58989,0.2884,111.895,-0.0872726,-0.00769059,-0.0483214,-8.58989,0.0433929,0.0163476,0.281936,-0.114449,-2.99356,-6.53936,2.11677,-5.90168,-4.48372,-11.6142,0.812389,-6.00604,-0.206608,-19.9669,-1.83268,-25.3925,0.614747,-21.706,2.23948,-52.4664,12.6974,-38.4033,-1.87584
491,0.0491,5.48283,35.1085,0.219173,54.1827,-0.317767,-0.006794,-0.042688,-9.06545,0.385453,-26.5052,18.9306,-1.39992,-3.24741,15.6444,-0.162246,-113.836,-0.118663,0.00403754,0.0253686,-0.663633,-0.0429909,-15.6444,10.985,-5.10786,-0.614904,10.8782,0.0933625,56.2563,-0.111873,-0.0031501,-0.0197927,0.184045,0.387624,-10.8782,7.66432,3.82328,0.3594,8.58586,0.288056,111.762,-0.0872316,-0.00768144,-0.0482639,-8.58586,0.0408197,0.0174048,0.281264,-0.115336,-2.9919,-7.24336,2.44999,-3.11429,-3.81169,-10.1707,0.799672,-6.01206,-0.207235,-19.9708,-1.83342,-25.403,0.615787,-22.3209,2.62821,-49.5903,13.2855,-36.9736,-1.83195
492,0.0492,5.494,35.0205,0.223243,57.1501,-0.317018,-0.00689378,-0.0433149,-8.96096,0.426102,-26.4199,18.8552,-1.40689,-3.18026,15.5869,-0.157748,-110.679,-0.118227,0.0039256,0.0246652,-0.544087,-0.00634778,-15.5869,10.9304,-5.09217,-0.538326,10.8513,0.0932567,56.1925,-0.111596,-0.00314653,-0.0197702,0.165441,0.394171,-10.8513,7.64408,3.80153,0.348517,8.58231,0.287734,111.637,-0.0871956,-0.00767285,-0.0482099,-8.58231,0.0382794,0.0182783,0.280678,-0.116246,-2.99045,-6.19862,2.17525,-4.18509,-3.87467,-9.8469,0.627225,-6.01936,-0.208467,-19.9631,-1.83102,-25.4039,0.616797,-21.1789,2.39288,-50.5681,13.1495,-36.6577,-1.93623
493,0.0493,5.50517,34.9386,0.226801,59.7548,-0.316313,-0.00698055,-0.0438601,-8.85666,0.454603,-26.3403,18.7868,-1.41515,-3.10715,15.5365,-0.153749,-107.874,-0.117845,0.00382608,0.0240399,-0.424197,0.0144909,-15.5365,10.8823,-5.07672,-0.456831,10.8227,0.0931164,56.108,-0.111302,-0.0031418,-0.0197405,0.146907,0.404316,-10.8227,7.62438,3.77877,0.338917,8.57937,0.287433,111.52,-0.0871657,-0.00766483,-0.0481595,-8.57937,0.0357955,0.0189645,0.280177,-0.117198,-2.98924,-6.62363,2.4239,-5.90971,-4.76771,-11.6938,0.578401,-6.03159,-0.210354,-19.9562,-1.82779,-25.4111,0.618561,-21.5119,2.66815,-52.2062,12.1913,-38.52,-1.91019
494,0.0494,5.51633,34.8726,0.229391,61.7346,-0.315743,-0.00703863,-0.044225,-8.75799,0.466739,-26.2763,18.733,-1.42329,-3.03413,15.4964,-0.150191,-105.377,-0.11754,0.00373754,0.0234836,-0.308145,0.0198891,-15.4964,10.8434,-5.06282,-0.373421,10.7994,0.09246,55.7125,-0.111062,-0.00311965,-0.0196013,0.127027,0.413332,-10.7994,7.60989,3.7577,0.327456,8.57687,0.287122,111.399,-0.0871403,-0.00765651,-0.0481073,-8.57687,0.033518,0.0195193,0.279708,-0.118173,-2.98816,-6.51442,2.43219,-1.30186,-3.07875,-7.90483,0.523196,-6.02446,-0.212294,-19.9405,-1.82218,-25.3881,0.615202,-21.2969,2.68663,-47.5186,13.832,-34.7162,-1.89573
495,0.0495,5.5275,34.8263,0.230192,62.5939,-0.315343,-0.0070393,-0.0442292,-8.66632,0.439675,-26.2315,18.6955,-1.43196,-2.97163,15.4682,-0.146992,-103.133,-0.117327,0.00365794,0.0229835,-0.197672,0.0107298,-15.4682,10.8149,-5.05143,-0.289528,10.7832,0.0903415,54.4359,-0.110895,-0.00304817,-0.0191522,0.106297,0.397795,-10.7832,7.60123,3.73864,0.305283,8.57495,0.286843,111.291,-0.0871207,-0.00764907,-0.0480605,-8.57495,0.0311503,0.0198753,0.279343,-0.119166,-2.98739,-8.39502,3.15651,2.37619,-2.53578,-7.08406,0.632251,-6.02862,-0.214849,-19.9432,-1.81877,-25.3951,0.61392,-23.09,3.38134,-43.7985,14.341,-33.9111,-1.72546
496,0.0496,5.53867,34.8017,0.230506,63.0405,-0.315147,-0.00703378,-0.0441946,-8.58442,0.409966,-26.2082,18.6777,-1.43674,-2.90879,15.4471,-0.144963,-101.709,-0.117167,0.00360744,0.0226662,-0.0977794,-0.0110304,-15.4471,10.7941,-5.04141,-0.21012,10.7811,0.0888885,53.5604,-0.110874,-0.00299914,-0.0188442,0.0867963,0.392212,-10.7811,7.60452,3.72482,0.288148,8.57343,0.28658,111.189,-0.0871053,-0.00764208,-0.0480166,-8.57343,0.0287847,0.0200608,0.279055,-0.120155,-2.98682,-8.6939,3.26597,-2.01877,-4.27037,-10.9308,0.657402,-6.03363,-0.216997,-19.9443,-1.81439,-25.4013,0.613195,-23.3119,3.45894,-48.1713,12.5929,-37.7688,-1.6382
497,0.0497,5.54983,34.8107,0.228927,62.2682,-0.315265,-0.00697051,-0.043797,-8.52131,0.358824,-26.218,18.6863,-1.43585,-2.86354,15.4376,-0.14365,-100.788,-0.117095,0.00357477,0.0224609,-0.0167374,-0.0400922,-15.4376,10.7836,-5.03439,-0.142295,10.8005,0.0862244,51.9552,-0.111073,-0.00290926,-0.0182794,0.0680427,0.372454,-10.8005,7.62384,3.71974,0.265332,8.57262,0.286353,111.101,-0.087097,-0.00763602,-0.0479785,-8.57262,0.0264624,0.0200481,0.278871,-0.121197,-2.98658,-5.80727,2.18878,-4.6038,-4.0109,-9.75776,0.460981,-6.03758,-0.218472,-19.9383,-1.80917,-25.3996,0.613142,-20.3662,2.32913,-50.7601,12.8663,-36.5932,-1.78942
498,0.0498,5.561,34.8285,0.225697,60.4348,-0.315463,-0.00685711,-0.0430845,-8.47141,0.294306,-26.2363,18.7053,-1.43467,-2.82942,15.432,-0.14298,-100.318,-0.117052,0.00355808,0.0223561,0.0494171,-0.075672,-15.432,10.779,-5.02876,-0.0834495,10.8241,0.0825412,49.7358,-0.111316,-0.00278498,-0.0174986,0.0514925,0.345775,-10.8241,7.6475,3.71634,0.240607,8.57232,0.286135,111.017,-0.087094,-0.00763021,-0.047942,-8.57232,0.0242036,0.0198778,0.27875,-0.122237,-2.98658,-3.53968,1.39641,-8.25019,-4.45878,-10.1069,0.260415,-6.05464,-0.219982,-19.9317,-1.80459,-25.4122,0.616809,-18.0657,1.47074,-54.4182,12.4419,-36.9537,-1.95219
499,0.0499,5.57217,34.8436,0.220814,57.55,-0.315603,-0.00669181,-0.0420459,-8.4257,0.209666,-26.2514,18.7252,-1.44345,-2.80174,15.4374,-0.142779,-100.177,-0.117093,0.00355308,0.0223247,0.106346,-0.118849,-15.4374,10.7838,-5.027,-0.0290744,10.8334,0.077633,46.7784,-0.111412,-0.00261938,-0.016458,0.0406347,0.306638,-10.8334,7.66264,3.70683,0.214271,8.57268,0.285959,110.948,-0.0870977,-0.00762551,-0.0479125,-8.57268,0.0218778,0.0194739,0.278755,-0.123278,-2.98693,-7.0194,2.64432,-7.39183,-5.54145,-13.3132,0.550679,-6.06655,-0.220646,-19.9395,-1.80472,-25.4327,0.61972,-21.5117,2.63334,-53.5827,11.379,-40.1893,-1.63134
500,0.05,5.58333,34.8603,0.213075,53.089,-0.315733,-0.00641655,-0.0403164,-8.38269,0.0729605,-26.2679,18.7478,-1.45985,-2.79968,15.4528,-0.141062,-98.9719,-0.11721,0.00351035,0.0220562,0.141081,-0.158241,-15.4528,10.7972,-5.02868,0.00996878,10.8339,0.0683257,41.1702,-0.111417,-0.00230535,-0.0144849,0.0497571,0.211677,-10.8339,7.67179,3.69311,0.177915,8.57352,0.285811,110.891,-0.0871063,-0.00762156,-0.0478876,-8.57352,0.0195246,0.0188539,0.278863,-0.124287,-2.98756,-4.01126,1.52823,-4.32246,-3.16736,-7.50158,0.334271,-6.06656,-0.220498,-19.9483,-1.80636,-25.4409,0.620141,-18.4605,1.38069,-50.5386,13.7741,-34.4023,-1.84527
501,0.0501,5.5945,34.8899,0.20746,49.6875,-0.315927,-0.00623188,-0.039156,-8.33776,-0.0332371,-26.2969,18.7827,-1.49033,-2.77557,15.4942,-0.141505,-99.2833,-0.117524,0.00352139,0.0221256,0.175623,-0.209031,-15.4942,10.8284,-5.03891,0.050447,10.8207,0.063275,38.1268,-0.111281,-0.00213493,-0.0134142,0.06164,0.158575,-10.8207,7.67521,3.67388,0.162508,8.57502,0.28569,110.844,-0.0871215,-0.00761834,-0.0478674,-8.57502,0.0172198,0.0180183,0.279074,-0.125296,-2.98852,-4.70706,1.80312,-10.0402,-5.57363,-12.8083,0.374272,-6.06695,-0.219778,-19.9575,-1.80892,-25.4501,0.621071,-19.1118,1.5501,-56.2946,11.4001,-39.7487,-1.78022
502,0.0502,5.60567,34.9587,0.205014,48.1112,-0.316532,-0.00616119,-0.0387119,-8.30681,-0.109599,-26.3645,18.8486,-1.5022,-2.74528,15.5318,-0.142761,-100.164,-0.117809,0.00355263,0.0223219,0.200515,-0.263091,-15.5318,10.8592,-5.04933,0.0843973,10.8497,0.0621851,37.4701,-0.111579,-0.00209816,-0.0131831,0.069894,0.138522,-10.8497,7.71002,3.67343,0.160157,8.57722,0.28559,110.805,-0.0871438,-0.00761567,-0.0478507,-8.57722,0.0149702,0.0169664,0.279381,-0.126294,-2.98984,-2.091,0.785699,-3.24081,-1.94337,-4.48695,0.222537,-6.05984,-0.218361,-19.9464,-1.80833,-25.4317,0.620862,-16.4577,0.457739,-49.5517,15.0969,-31.4209,-1.90188
503,0.0503,5.61683,35.0395,0.204378,47.5554,-0.317238,-0.00615684,-0.0386846,-8.30886,-0.143006,-26.4439,18.9257,-1.51387,-2.7227,15.578,-0.144641,-101.483,-0.11816,0.00359943,0.0226159,0.211538,-0.314957,-15.578,10.8965,-5.06311,0.10725,10.8815,0.0634943,38.259,-0.111906,-0.00214233,-0.0134607,0.0595808,0.159293,-10.8815,7.74936,3.67645,0.161532,8.57998,0.285525,110.78,-0.0871719,-0.00761394,-0.0478398,-8.57998,0.0126581,0.0156288,0.279825,-0.127218,-2.99148,-1.70228,0.622906,-2.11159,-1.34719,-3.15023,0.211376,-6.05446,-0.216776,-19.9477,-1.81071,-25.427,0.62098,-16.0656,0.263124,-48.5031,15.7678,-30.0911,-1.89034
504,0.0504,5.628,35.1308,0.202588,46.1916,-0.318051,-0.0061232,-0.0384732,-8.32156,-0.181003,-26.5335,19.0114,-1.52106,-2.70992,15.6246,-0.147625,-103.577,-0.118513,0.00367368,0.0230824,0.213036,-0.367436,-15.6246,10.935,-5.07844,0.122502,10.923,0.0647362,39.0073,-0.112333,-0.00218423,-0.0137239,0.0486502,0.176019,-10.923,7.79601,3.68547,0.160981,8.58325,0.285477,110.761,-0.0872051,-0.00761265,-0.0478317,-8.58325,0.010414,0.0140616,0.280364,-0.128084,-2.9934,-3.88008,1.43446,-5.41,-3.46536,-8.20658,0.370084,-6.04154,-0.214893,-19.9488,-1.81366,-25.4138,0.619164,-18.2432,1.03856,-51.8923,13.7324,-35.1415,-1.72067
505,0.0505,5.63917,35.2372,0.200588,44.6895,-0.319025,-0.00608253,-0.0382176,-8.34071,-0.226684,-26.6381,19.109,-1.5215,-2.70387,15.669,-0.150644,-105.695,-0.11885,0.0037488,0.0235544,0.207006,-0.42099,-15.669,10.9736,-5.09573,0.132776,10.9813,0.065764,39.6266,-0.112933,-0.00221891,-0.0139418,0.0391703,0.186173,-10.9813,7.85436,3.70306,0.15892,8.58689,0.285468,110.758,-0.087242,-0.00761242,-0.0478302,-8.58689,0.00813283,0.0121845,0.281053,-0.12883,-2.99557,-1.72577,0.587541,-1.67585,-1.14766,-2.83769,0.252601,-6.02966,-0.213371,-19.9465,-1.81569,-25.3986,0.617234,-16.0961,0.147485,-48.2605,16.1456,-29.7578,-1.83404
506,0.0506,5.65033,35.3378,0.199742,43.8808,-0.319958,-0.00607952,-0.0381987,-8.377,-0.258379,-26.7367,19.2045,-1.52053,-2.70597,15.7065,-0.153564,-107.744,-0.119134,0.00382147,0.024011,0.19399,-0.471308,-15.7065,11.0086,-5.11407,0.137176,11.0401,0.0677946,40.8501,-0.113538,-0.00228742,-0.0143723,0.0201746,0.207128,-11.0401,7.91399,3.723,0.154975,8.59117,0.285511,110.775,-0.0872855,-0.00761357,-0.0478375,-8.59117,0.00580007,0.00992753,0.281927,-0.129453,-2.99812,-2.08823,0.698851,-2.32844,-1.51461,-3.76229,0.299582,-6.01657,-0.21198,-19.9513,-1.81916,-25.3887,0.614616,-16.4818,0.228491,-49.0165,15.8707,-30.6715,-1.79177
507,0.0507,5.6615,35.4132,0.198564,42.902,-0.320673,-0.00606152,-0.0380856,-8.41139,-0.294187,-26.8099,19.2836,-1.52099,-2.7154,15.7285,-0.156089,-109.516,-0.119301,0.00388432,0.0244059,0.174015,-0.511462,-15.7285,11.0338,-5.13137,0.133748,11.0887,0.0690537,41.6088,-0.114037,-0.00232991,-0.0146392,0.0105841,0.213821,-11.0887,7.96682,3.74031,0.151848,8.59599,0.2856,110.809,-0.0873345,-0.00761594,-0.0478523,-8.59599,0.00345365,0.00727822,0.282986,-0.129935,-3.00099,-1.72403,0.560595,-1.85711,-1.19012,-2.98055,0.274805,-6.00679,-0.21129,-19.9506,-1.82079,-25.3772,0.61216,-16.1422,0.0551174,-48.6176,16.2727,-29.8787,-1.82843
508,0.0508,5.67267,35.4857,0.19878,42.87,-0.321384,-0.00607968,-0.0381997,-8.45172,-0.316648,-26.8804,19.361,-1.51789,-2.73347,15.7413,-0.157428,-110.455,-0.119398,0.00391763,0.0246152,0.147044,-0.536171,-15.7413,11.0529,-5.14951,0.121531,11.1433,0.0704707,42.4627,-0.114599,-0.00237772,-0.0149396,0.00233776,0.218404,-11.1433,8.02383,3.76186,0.14908,8.60111,0.285737,110.862,-0.0873865,-0.00761958,-0.0478753,-8.60111,0.00112008,0.00423137,0.284232,-0.13024,-3.00408,-1.65702,0.525799,-1.52667,-1.03424,-2.64052,0.277894,-6.00288,-0.210968,-19.9519,-1.82251,-25.3742,0.610987,-16.1116,-0.00181703,-48.359,16.5042,-29.5326,-1.84459
509,0.0509,5.68383,35.5593,0.200424,43.8123,-0.322113,-0.0061341,-0.0385417,-8.49359,-0.333618,-26.9518,19.4377,-1.51358,-2.75344,15.7514,-0.157472,-110.486,-0.119474,0.00391873,0.0246221,0.119381,-0.554716,-15.7514,11.0688,-5.16959,0.108103,11.2011,0.0719534,43.3561,-0.115194,-0.00242775,-0.015254,-0.0061427,0.222344,-11.2011,8.08316,3.78636,0.145987,8.60682,0.285943,110.942,-0.0874446,-0.00762508,-0.0479098,-8.60682,-0.00124603,0.00067035,0.285728,-0.130342,-3.00753,-1.607,0.479643,-1.47357,-0.966112,-2.54508,0.298667,-5.9959,-0.210963,-19.9506,-1.82324,-25.3653,0.60876,-16.0965,-0.0649384,-48.376,16.6484,-29.4239,-1.84601
510,0.051,5.695,35.6246,0.203659,45.7804,-0.322763,-0.00623339,-0.0391655,-8.54034,-0.348967,-27.015,19.5065,-1.50974,-2.77344,15.7588,-0.156608,-109.88,-0.119531,0.00389722,0.024487,0.0924343,-0.57516,-15.7588,11.0804,-5.18994,0.0967087,11.2527,0.0740145,44.598,-0.115724,-0.00249729,-0.0156909,-0.0196163,0.22992,-11.2527,8.13849,3.81036,0.141242,8.61316,0.286252,111.062,-0.087509,-0.00763333,-0.0479616,-8.61316,-0.00372757,-0.00357732,0.287571,-0.130167,-3.0114,-1.43428,0.425734,-1.2764,-0.836178,-2.19913,0.277151,-5.98707,-0.211358,-19.9476,-1.82302,-25.3527,0.605758,-15.9617,-0.134591,-48.2391,16.8473,-29.0616,-1.89054
511,0.0511,5.70617,35.7019,0.20755,48.0904,-0.323512,-0.00635924,-0.0399563,-8.60445,-0.350861,-27.0907,19.5812,-1.50564,-2.80343,15.7756,-0.156253,-109.631,-0.119658,0.00388841,0.0244316,0.0633227,-0.591035,-15.7756,11.0959,-5.21364,0.0817863,11.3069,0.0772258,46.533,-0.116282,-0.00260564,-0.0163717,-0.0483358,0.246231,-11.3069,8.1957,3.83773,0.130003,8.61944,0.286578,111.188,-0.0875728,-0.00764201,-0.0480162,-8.61944,-0.006057,-0.00822583,0.289568,-0.129732,-3.01522,-1.44229,0.429676,-1.16735,-0.797786,-2.1205,0.277611,-5.98505,-0.212156,-19.9443,-1.82206,-25.3473,0.604372,-16.0318,-0.133342,-48.2023,16.9613,-28.9734,-1.92144
512,0.0512,5.71733,35.7992,0.210567,49.797,-0.324419,-0.00646164,-0.0405997,-8.66838,-0.361429,-27.1857,19.666,-1.50543,-2.83443,15.8101,-0.156606,-109.879,-0.11992,0.00389719,0.0244868,0.0344256,-0.610796,-15.8101,11.1212,-5.24364,0.0675797,11.3624,0.0802403,48.3494,-0.116852,-0.00270735,-0.0170108,-0.076059,0.257435,-11.3624,8.25304,3.86739,0.117468,8.62675,0.286933,111.326,-0.087647,-0.00765148,-0.0480757,-8.62675,-0.00806749,-0.0132298,0.291715,-0.129173,-3.01948,-1.58234,0.462798,-1.34557,-0.901691,-2.41658,0.304938,-5.98958,-0.213249,-19.9403,-1.82055,-25.3486,0.604664,-16.2403,-0.11188,-48.4716,16.9437,-29.2706,-1.92483
513,0.0513,5.7285,35.9038,0.212642,50.9068,-0.325388,-0.00653235,-0.041044,-8.72084,-0.397984,-27.2882,19.7519,-1.50468,-2.85699,15.8494,-0.157046,-110.187,-0.120218,0.00390813,0.0245555,0.00594292,-0.645976,-15.8494,11.1469,-5.27551,0.0586259,11.4197,0.0823036,49.5926,-0.117441,-0.00277697,-0.0174482,-0.0920809,0.258083,-11.4197,8.31075,3.89907,0.108491,8.6347,0.287384,111.501,-0.0877278,-0.00766352,-0.0481513,-8.6347,-0.0100913,-0.0190433,0.294242,-0.128252,-3.02411,-1.6594,0.468834,-1.29477,-0.889551,-2.46141,0.330967,-5.99588,-0.214509,-19.939,-1.81929,-25.3545,0.605377,-16.3761,-0.143659,-48.522,17.043,-29.3206,-1.92064
514,0.0514,5.73967,35.9984,0.213798,51.405,-0.326272,-0.00657579,-0.0413169,-8.77046,-0.448085,-27.3804,19.8271,-1.50147,-2.87712,15.882,-0.157951,-110.822,-0.120465,0.00393064,0.0246969,-0.0259334,-0.690124,-15.882,11.1649,-5.3051,0.049757,11.4731,0.0838559,50.528,-0.117991,-0.00282934,-0.0177773,-0.101189,0.253864,-11.4731,8.36516,3.93073,0.102151,8.64334,0.287893,111.699,-0.0878156,-0.00767708,-0.0482365,-8.64334,-0.0118248,-0.0253685,0.297001,-0.127087,-3.02903,-1.50845,0.427092,-1.15684,-0.793802,-2.18216,0.307515,-6.00369,-0.215948,-19.9374,-1.81764,-25.3617,0.606457,-16.2826,-0.23694,-48.4747,17.2156,-29.0453,-1.96315
515,0.0515,5.75083,36.0649,0.214249,51.3852,-0.326934,-0.00660238,-0.041484,-8.82236,-0.501169,-27.4445,19.879,-1.49087,-2.89936,15.8893,-0.159682,-112.036,-0.120521,0.00397373,0.0249677,-0.0613473,-0.735956,-15.8893,11.1627,-5.32787,0.0381244,11.5227,0.0854789,51.5059,-0.118501,-0.0028841,-0.0181213,-0.10821,0.248124,-11.5227,8.41618,3.96259,0.0968134,8.6528,0.288453,111.916,-0.0879117,-0.007692,-0.0483303,-8.6528,-0.0133373,-0.0323926,0.300053,-0.12559,-3.0343,-1.66993,0.446568,-1.19855,-0.83406,-2.39531,0.355534,-6.01275,-0.217442,-19.9383,-1.81621,-25.3726,0.607881,-16.505,-0.272043,-48.5814,17.2287,-29.2588,-1.93595
516,0.0516,5.762,36.1383,0.215379,51.8082,-0.327641,-0.00664715,-0.0417653,-8.88265,-0.551341,-27.5148,19.9314,-1.48215,-2.92722,15.9068,-0.160932,-112.913,-0.120653,0.00400483,0.0251631,-0.103193,-0.779459,-15.9068,11.1648,-5.35287,0.0216877,11.568,0.0872345,52.5638,-0.118966,-0.00294334,-0.0184935,-0.115858,0.24259,-11.568,8.46321,3.99454,0.0912407,8.6636,0.289077,112.158,-0.0880215,-0.00770864,-0.0484348,-8.6636,-0.0144722,-0.0400379,0.303382,-0.123823,-3.04014,-1.44626,0.380907,-1.1845,-0.76213,-2.13713,0.323775,-6.02658,-0.219086,-19.9368,-1.81371,-25.3865,0.610543,-16.3555,-0.389521,-48.6361,17.3555,-29.0058,-1.9929
517,0.0517,5.77317,36.2202,0.218749,53.7318,-0.328395,-0.00675058,-0.0424151,-8.95139,-0.571615,-27.5937,19.9866,-1.47614,-2.96777,15.9387,-0.160375,-112.523,-0.120895,0.00399097,0.025076,-0.149491,-0.794147,-15.9387,11.1749,-5.38029,-0.00550762,11.6063,0.0892907,53.8028,-0.11936,-0.00301272,-0.0189294,-0.126646,0.237971,-11.6063,8.50442,4.02569,0.0840814,8.67525,0.289834,112.452,-0.0881398,-0.00772883,-0.0485617,-8.67525,-0.0154382,-0.0487292,0.307208,-0.121545,-3.04634,-1.5612,0.388776,-1.35154,-0.838094,-2.40273,0.363316,-6.03947,-0.220633,-19.9388,-1.81171,-25.4026,0.612988,-16.5521,-0.403471,-48.884,17.3368,-29.2815,-1.99146
518,0.0518,5.78433,36.304,0.224621,57.364,-0.329156,-0.00691926,-0.043475,-9.01322,-0.544572,-27.673,20.0394,-1.47019,-3.0164,15.9753,-0.157692,-110.64,-0.121173,0.00392419,0.0246564,-0.188809,-0.761128,-15.9753,11.1871,-5.40773,-0.0412876,11.6399,0.09168,55.2425,-0.119706,-0.00309333,-0.019436,-0.135656,0.232264,-11.6399,8.54111,4.05663,0.0781229,8.68875,0.290632,112.761,-0.088277,-0.00775012,-0.0486955,-8.68875,-0.0157076,-0.0577858,0.311193,-0.119092,-3.05324,-1.54552,0.371139,-1.33702,-0.81563,-2.37593,0.373103,-6.05633,-0.222028,-19.9417,-1.8098,-25.424,0.616531,-16.6151,-0.395461,-48.9517,17.414,-29.2701,-2.02677
519,0.0519,5.7955,36.4079,0.231293,61.5132,-0.330077,-0.00710765,-0.0446587,-9.06354,-0.49698,-27.7721,20.1027,-1.46623,-3.06391,16.0298,-0.15431,-108.267,-0.121586,0.00384004,0.0241277,-0.218675,-0.70588,-16.0298,11.2102,-5.43919,-0.0769993,11.6744,0.0940098,56.6463,-0.120061,-0.00317194,-0.0199299,-0.141101,0.224492,-11.6744,8.57687,4.0891,0.073884,8.70376,0.291593,113.134,-0.0884295,-0.00777575,-0.0488565,-8.70376,-0.0155914,-0.0679253,0.315714,-0.116131,-3.06079,-1.60675,0.372799,-1.39467,-0.840683,-2.49409,0.396982,-6.0656,-0.222974,-19.9437,-1.80796,-25.436,0.61835,-16.7359,-0.347155,-49.1105,17.4541,-29.3964,-2.04858
520,0.052,5.80667,36.5372,0.23725,65.2926,-0.331201,-0.00726101,-0.0456223,-9.08609,-0.435447,-27.8964,20.1801,-1.46413,-3.10054,16.1051,-0.149864,-105.148,-0.122157,0.0037294,0.0234325,-0.236778,-0.631572,-16.1051,11.2465,-5.47488,-0.109613,11.7118,0.0943532,56.8532,-0.120445,-0.00318353,-0.0200027,-0.128914,0.211253,-11.7118,8.61264,4.12321,0.0781333,8.72039,0.292761,113.587,-0.0885985,-0.00780688,-0.0490521,-8.72039,-0.0151273,-0.0795809,0.320968,-0.112467,-3.06906,-1.42476,0.315109,-1.39474,-0.777516,-2.29496,0.375448,-6.07262,-0.22341,-19.9447,-1.80624,-25.4446,0.619947,-16.5835,-0.343748,-49.2358,17.5963,-29.2037,-2.10514
521,0.0521,5.81783,36.6794,0.242954,69.0374,-0.33245,-0.00738991,-0.0464322,-9.06783,-0.33859,-28.0334,20.2625,-1.45705,-3.12087,16.1834,-0.143783,-100.881,-0.122751,0.00357807,0.0224817,-0.231385,-0.520904,-16.1834,11.2843,-5.50961,-0.135972,11.7573,0.092602,55.798,-0.120913,-0.00312444,-0.0196314,-0.0976976,0.196433,-11.7573,8.65127,4.16066,0.0931144,8.73875,0.294135,114.121,-0.0887849,-0.00784354,-0.0492824,-8.73875,-0.0141194,-0.0926921,0.326932,-0.108102,-3.07801,-1.39517,0.312919,-1.32041,-0.743681,-2.19811,0.365484,-6.076,-0.222997,-19.9488,-1.8062,-25.4521,0.621158,-16.539,-0.248668,-49.3026,17.7126,-29.1073,-2.13423
522,0.0522,5.829,36.8204,0.247956,72.2946,-0.333685,-0.00749381,-0.047085,-9.02277,-0.227171,-28.1685,20.3409,-1.44863,-3.12324,16.262,-0.13777,-96.6623,-0.123348,0.00342843,0.0215415,-0.207567,-0.402126,-16.262,11.3209,-5.54294,-0.152096,11.799,0.0899492,54.1996,-0.121342,-0.00303493,-0.0190691,-0.0557545,0.187422,-11.799,8.68628,4.19724,0.116785,8.75945,0.295776,114.757,-0.0889953,-0.0078873,-0.0495574,-8.75945,-0.0124669,-0.107509,0.333751,-0.102933,-3.08793,-1.24117,0.283495,-1.3186,-0.710269,-2.0261,0.329377,-6.07719,-0.221751,-19.9501,-1.8064,-25.4545,0.622574,-16.3411,-0.165428,-49.4372,17.8243,-28.9293,-2.17129
523,0.0523,5.84017,36.9571,0.250226,73.6009,-0.334882,-0.00752632,-0.0472893,-8.97782,-0.143562,-28.2977,20.4121,-1.43801,-3.11316,16.3384,-0.1343,-94.2282,-0.123927,0.0033421,0.020999,-0.188459,-0.319669,-16.3384,11.3537,-5.57353,-0.162184,11.8354,0.0868607,52.3386,-0.121717,-0.00293073,-0.0184143,-0.00607552,0.185998,-11.8354,8.71708,4.23253,0.148133,8.78329,0.297666,115.49,-0.0892375,-0.0079377,-0.049874,-8.78329,-0.00989054,-0.123847,0.341338,-0.097016,-3.09911,-1.13275,0.265593,-1.23795,-0.655308,-1.83489,0.300864,-6.07216,-0.219653,-19.9528,-1.8081,-25.4514,0.622951,-16.1827,-0.0976221,-49.4884,17.9487,-28.7244,-2.18935
524,0.0524,5.85133,37.0796,0.250176,73.1302,-0.33597,-0.00750684,-0.0471669,-8.95039,-0.0905506,-28.4117,20.4691,-1.42001,-3.10115,16.4005,-0.134031,-94.0394,-0.124398,0.0033354,0.020957,-0.183796,-0.277105,-16.4005,11.374,-5.59754,-0.172571,11.8692,0.0843659,50.8353,-0.122064,-0.00284655,-0.0178854,0.0433211,0.192916,-11.8692,8.74529,4.26772,0.182817,8.80992,0.299841,116.334,-0.089508,-0.00799569,-0.0502384,-8.80992,-0.00636175,-0.141954,0.349815,-0.090193,-3.11139,-1.10735,0.271263,-1.19174,-0.641947,-1.76507,0.28456,-6.06542,-0.216944,-19.9548,-1.81073,-25.4459,0.623405,-16.1232,-0.0362314,-49.5582,18.0164,-28.6309,-2.19318
525,0.0525,5.8625,37.1902,0.248431,71.3527,-0.336984,-0.00744861,-0.046801,-8.93122,-0.0458097,-28.5119,20.5125,-1.39188,-3.08768,16.4446,-0.136058,-95.4615,-0.124733,0.00338584,0.0212739,-0.185779,-0.251395,-16.4446,11.3795,-5.61388,-0.18441,11.9055,0.0821981,49.5291,-0.122438,-0.00277341,-0.0174258,0.094591,0.207372,-11.9055,8.77381,4.30444,0.221802,8.84003,0.302292,117.285,-0.089814,-0.00806104,-0.050649,-8.84003,-0.00178741,-0.161797,0.35916,-0.082439,-3.12508,-1.04177,0.264588,-1.14183,-0.615471,-1.64579,0.26269,-6.05686,-0.214007,-19.9547,-1.81359,-25.4363,0.623638,-16.0299,0.00477088,-49.6085,18.0834,-28.474,-2.20135
526,0.0526,5.87367,37.2991,0.24677,69.5688,-0.338019,-0.00739522,-0.0464655,-8.91249,0.00572848,-28.6066,20.5485,-1.35355,-3.06891,16.475,-0.138407,-97.1095,-0.124963,0.00344429,0.0216411,-0.186627,-0.22914,-16.475,11.3743,-5.62342,-0.194641,11.9494,0.0803212,48.3981,-0.122889,-0.00271008,-0.0170279,0.148865,0.229707,-11.9494,8.80544,4.34406,0.265967,8.87473,0.304856,118.28,-0.0901665,-0.00812943,-0.0510787,-8.87473,0.00516118,-0.182134,0.368754,-0.0741895,-3.14023,-0.962413,0.260202,-1.05366,-0.576534,-1.48027,0.233469,-6.04554,-0.211048,-19.9549,-1.81712,-25.424,0.623177,-15.9204,0.0548831,-49.6151,18.1548,-28.2578,-2.21226
527,0.0527,5.88483,37.4018,0.246641,68.7332,-0.339032,-0.00738975,-0.0464312,-8.88739,0.0727869,-28.6906,20.5735,-1.3054,-3.0415,16.4888,-0.140377,-98.4915,-0.125068,0.00349331,0.0219491,-0.174115,-0.201501,-16.4888,11.356,-5.62595,-0.19686,11.999,0.0795398,47.9273,-0.123399,-0.00268372,-0.0168623,0.20063,0.259545,-11.999,8.83911,4.38599,0.312107,8.91391,0.307478,119.297,-0.0905645,-0.00819934,-0.051518,-8.91391,0.0147425,-0.202755,0.378461,-0.0654405,-3.15675,-0.922673,0.253665,-1.0422,-0.567579,-1.42512,0.2226,-6.03556,-0.208577,-19.9533,-1.82017,-25.4115,0.622707,-15.8456,0.117876,-49.6861,18.1858,-28.142,-2.19619
528,0.0528,5.896,37.4913,0.246446,67.7719,-0.339958,-0.00739266,-0.0464494,-8.87306,0.139192,-28.7577,20.5841,-1.24775,-3.01437,16.4848,-0.143455,-100.651,-0.125037,0.0035699,0.0224304,-0.167442,-0.18407,-16.4848,11.3238,-5.61993,-0.200952,12.051,0.0799113,48.1512,-0.123933,-0.00269625,-0.016941,0.249908,0.296884,-12.051,8.87273,4.42894,0.360294,8.95552,0.309989,120.272,-0.0909874,-0.00826631,-0.0519388,-8.95552,0.0263783,-0.221954,0.387524,-0.0567569,-3.17371,-0.897285,0.251317,-1.09542,-0.588384,-1.43713,0.213987,-6.03102,-0.206934,-19.9488,-1.82193,-25.4024,0.623071,-15.8014,0.183574,-49.8019,18.1738,-28.0873,-2.17731
529,0.0529,5.90717,37.5764,0.248523,67.7944,-0.340858,-0.00746688,-0.0469158,-8.86902,0.207972,-28.8249,20.5916,-1.18095,-2.988,16.4739,-0.147139,-103.236,-0.124955,0.00366159,0.0230065,-0.16498,-0.17279,-16.4739,11.2866,-5.60831,-0.206598,12.1017,0.0816461,49.1965,-0.124455,-0.00275478,-0.0173088,0.296818,0.341671,-12.1017,8.9041,4.47166,0.410803,9.00086,0.314016,121.834,-0.091448,-0.00837369,-0.0526135,-9.00086,0.0390908,-0.249379,0.400974,-0.044302,-3.1922,-0.868674,0.235371,-1.20343,-0.616699,-1.49713,0.217149,-6.02228,-0.205928,-19.9467,-1.82378,-25.3909,0.621672,-15.76,0.237415,-49.9751,18.1512,-28.069,-2.14918
530,0.053,5.91833,37.6584,0.25502,69.9808,-0.34175,-0.00766491,-0.0481601,-8.85933,0.289457,-28.896,20.5974,-1.10246,-2.94973,16.4532,-0.150093,-105.309,-0.124798,0.0037351,0.0234684,-0.152732,-0.162005,-16.4532,11.2421,-5.59068,-0.204469,12.1517,0.0844063,50.8596,-0.12497,-0.00284791,-0.017894,0.346883,0.396117,-12.1517,8.93326,4.5138,0.467961,9.05348,0.320707,124.43,-0.0919826,-0.0085521,-0.0537345,-9.05348,0.055345,-0.291124,0.42206,-0.0255734,-3.21322,-0.86928,0.219287,-1.39372,-0.677706,-1.65847,0.232615,-6.01754,-0.205743,-19.9423,-1.82416,-25.3816,0.620707,-15.7462,0.303001,-50.232,18.0956,-28.1425,-2.0964
531,0.0531,5.9295,37.7254,0.268398,75.3183,-0.342507,-0.0080557,-0.0506154,-8.84126,0.380577,-28.9803,20.6068,-1.01026,-2.8996,16.4256,-0.152501,-106.998,-0.124588,0.00379504,0.0238449,-0.134148,-0.152789,-16.4256,11.1934,-5.56749,-0.196825,12.1959,0.0886117,53.3937,-0.125424,-0.00298981,-0.0187855,0.396805,0.45953,-12.1959,8.95623,4.55323,0.529623,9.10391,0.332288,128.923,-0.092495,-0.00886093,-0.0556748,-9.10391,0.0738356,-0.358839,0.457122,0.00399962,-3.23239,-0.884455,0.203974,-1.60687,-0.748729,-1.8545,0.25322,-6.01739,-0.206403,-19.9365,-1.82317,-25.3761,0.620236,-15.7431,0.378148,-50.5237,18.0349,-28.2409,-2.02614
532,0.0532,5.94067,37.7497,0.281837,81.2455,-0.34285,-0.00845635,-0.0531328,-8.78695,0.470031,-29.0344,20.5947,-0.922232,-2.82546,16.39,-0.15405,-108.085,-0.124318,0.00383357,0.024087,-0.10152,-0.146754,-16.39,11.1388,-5.53906,-0.177402,12.2314,0.0941968,56.759,-0.12579,-0.00317825,-0.0199695,0.442795,0.53019,-12.2314,8.9706,4.58844,0.592454,9.12823,0.34169,132.571,-0.092742,-0.00911167,-0.0572503,-9.12823,0.0865948,-0.412994,0.485338,0.0283915,-3.24051,-0.907754,0.190692,-1.79633,-0.812545,-2.04076,0.275363,-6.018,-0.207651,-19.9336,-1.82199,-25.3741,0.619361,-15.7127,0.453071,-50.7644,17.9602,-28.3371,-1.93074
533,0.0533,5.95183,37.7071,0.295259,88.147,-0.342558,-0.00885969,-0.055667,-8.67538,0.560023,-29.0385,20.5479,-0.841022,-2.71492,16.3367,-0.15319,-107.482,-0.123915,0.00381218,0.0239526,-0.0420227,-0.140723,-16.3367,11.0708,-5.50284,-0.136672,12.2565,0.100836,60.7593,-0.126047,-0.00340225,-0.021377,0.480525,0.60495,-12.2565,8.97471,4.61827,0.651973,9.11389,0.347613,134.869,-0.0925963,-0.00926961,-0.0582427,-9.11389,0.0957957,-0.445289,0.502453,0.0435452,-3.23022,-0.946597,0.176744,-2.05039,-0.902196,-2.29702,0.304108,-6.02486,-0.209371,-19.9314,-1.82018,-25.3797,0.619777,-15.6468,0.527396,-51.0203,17.8256,-28.5177,-1.79103
534,0.0534,5.963,37.612,0.299768,91.941,-0.341744,-0.00902537,-0.0567081,-8.52743,0.644295,-28.9633,20.4544,-0.786258,-2.58317,16.2779,-0.151379,-106.211,-0.123468,0.0037671,0.0236694,0.0322587,-0.138724,-16.2779,10.9997,-5.46164,-0.083273,12.2673,0.107717,64.9055,-0.126158,-0.00363442,-0.0228357,0.507122,0.680636,-12.2673,8.96616,4.64116,0.704232,9.06681,0.34343,133.246,-0.092118,-0.00915806,-0.0575418,-9.06681,0.102384,-0.418084,0.488603,0.0342187,-3.20412,-0.994292,0.170339,-2.26612,-0.984675,-2.52859,0.329329,-6.03636,-0.211268,-19.9302,-1.81813,-25.3914,0.621311,-15.5581,0.603366,-51.1596,17.6516,-28.7062,-1.63253
535,0.0535,5.97417,37.5079,0.301683,94.8944,-0.34082,-0.00911728,-0.0572855,-8.37326,0.722506,-28.8637,20.3474,-0.745204,-2.44724,16.2261,-0.148735,-104.356,-0.123075,0.00370132,0.023256,0.123384,-0.140098,-16.2261,10.936,-5.41958,-0.0160914,12.2657,0.114153,68.7839,-0.126141,-0.00385159,-0.0242003,0.519488,0.753079,-12.2657,8.94631,4.65754,0.744894,9.01613,0.336265,130.466,-0.0916031,-0.008967,-0.0563413,-9.01613,0.109525,-0.371883,0.46509,0.0168352,-3.17605,-0.989863,0.166435,-2.3031,-0.997117,-2.5527,0.331089,-6.04575,-0.213147,-19.9311,-1.81635,-25.4026,0.622251,-15.4089,0.675794,-51.0979,17.5339,-28.7005,-1.4939
536,0.0536,5.98533,37.4191,0.304729,98.3895,-0.340004,-0.00923423,-0.0580204,-8.22348,0.780733,-28.7764,20.2495,-0.710865,-2.31223,16.192,-0.145392,-102.01,-0.122817,0.00361811,0.0227333,0.233307,-0.152848,-16.192,10.8881,-5.38036,0.0687354,12.2534,0.120048,72.336,-0.126016,-0.00405049,-0.02545,0.51686,0.819016,-12.2534,8.91693,4.66812,0.772177,8.97364,0.330072,128.064,-0.0911714,-0.00880185,-0.0553037,-8.97364,0.114565,-0.330921,0.444423,0.00136747,-3.15315,-0.988031,0.166138,-2.28819,-0.992234,-2.53641,0.330789,-6.05433,-0.21459,-19.9347,-1.81554,-25.4155,0.623446,-15.2658,0.732281,-50.9992,17.4417,-28.6628,-1.358
537,0.0537,5.9965,37.3359,0.308278,101.971,-0.339223,-0.00935911,-0.058805,-8.08449,0.81599,-28.6928,20.1559,-0.679998,-2.18255,16.166,-0.14189,-99.5529,-0.122619,0.00353096,0.0221857,0.352689,-0.179776,-16.166,10.8504,-5.34096,0.165015,12.231,0.125204,75.4428,-0.125785,-0.00422446,-0.026543,0.501689,0.877826,-12.231,8.87862,4.67277,0.787388,8.93887,0.324963,126.081,-0.0908181,-0.00866561,-0.0544477,-8.93887,0.11794,-0.295842,0.426935,-0.0118033,-3.13496,-0.930058,0.17243,-2.12735,-0.933519,-2.3319,0.301525,-6.06723,-0.215769,-19.9373,-1.81472,-25.4323,0.626218,-15.0818,0.772651,-50.7575,17.4077,-28.4442,-1.25481
538,0.0538,6.00767,37.263,0.311033,104.814,-0.338502,-0.0094582,-0.0594276,-7.95879,0.827145,-28.6188,20.0708,-0.657308,-2.06068,16.1566,-0.139178,-97.6506,-0.122548,0.00346349,0.0217617,0.474897,-0.222364,-16.1566,10.8285,-5.30474,0.267619,12.1966,0.129509,78.0366,-0.125431,-0.0043697,-0.0274556,0.476175,0.929335,-12.1966,8.83029,4.67048,0.7919,8.90986,0.320702,124.428,-0.0905234,-0.00855198,-0.0537337,-8.90986,0.120174,-0.26564,0.412026,-0.0230497,-3.1202,-0.882186,0.176051,-1.99341,-0.881718,-2.16232,0.279049,-6.07879,-0.216488,-19.9411,-1.81474,-25.4487,0.629083,-14.9198,0.786709,-50.5533,17.3744,-28.2684,-1.15255
539,0.0539,6.01883,37.1985,0.31325,107.169,-0.337818,-0.00953666,-0.0599206,-7.86674,0.815675,-28.5525,19.993,-0.644638,-1.96177,16.1652,-0.136708,-95.9171,-0.122613,0.003402,0.0213754,0.577082,-0.278292,-16.1652,10.8231,-5.27211,0.360267,12.1481,0.132863,80.0573,-0.124932,-0.00448285,-0.0281666,0.441396,0.972458,-12.1481,8.7708,4.66026,0.78599,8.88521,0.317095,123.029,-0.090273,-0.00845581,-0.0531294,-8.88521,0.121509,-0.239235,0.399122,-0.0327875,-3.10803,-0.837218,0.177903,-1.86888,-0.831474,-2.0045,0.259449,-6.08629,-0.216766,-19.9446,-1.81528,-25.4605,0.631199,-14.7902,0.776812,-50.366,17.3462,-28.1096,-1.07112
540,0.054,6.03,37.1367,0.310924,106.277,-0.337124,-0.00949353,-0.0596496,-7.78622,0.777002,-28.4889,19.9189,-0.642229,-1.87321,16.1878,-0.138238,-96.9908,-0.122785,0.00344009,0.0216147,0.67926,-0.351505,-16.1878,10.8309,-5.24271,0.454569,12.0849,0.135149,81.4351,-0.124283,-0.00456,-0.0286513,0.398479,1.00623,-12.0849,8.70006,4.64166,0.769996,8.86396,0.314013,121.833,-0.090057,-0.00837361,-0.052613,-8.86396,0.122276,-0.216206,0.387937,-0.0411789,-3.09778,-0.786653,0.184778,-1.71976,-0.776328,-1.81847,0.232615,-6.09422,-0.216787,-19.9465,-1.81572,-25.4711,0.633591,-14.6671,0.744994,-50.1551,17.3268,-27.9318,-1.00701
541,0.0541,6.04117,37.0839,0.305289,103.041,-0.336467,-0.00935903,-0.0588045,-7.72639,0.711886,-28.4346,19.8532,-0.652471,-1.80151,16.2311,-0.142394,-99.9068,-0.123113,0.00354351,0.0222645,0.770233,-0.439877,-16.2311,10.8562,-5.21883,0.543327,12.0077,0.136333,82.1487,-0.123489,-0.00459996,-0.0289024,0.348469,1.02924,-12.0077,8.61891,4.61488,0.744115,8.84509,0.311349,120.799,-0.0898654,-0.00830258,-0.0521666,-8.84509,0.122524,-0.195756,0.378084,-0.0485258,-3.08896,-0.73749,0.190961,-1.5839,-0.726354,-1.64392,0.206688,-6.10082,-0.216509,-19.9481,-1.81643,-25.48,0.635819,-14.5647,0.686339,-49.9665,17.3105,-27.7764,-0.959009
542,0.0542,6.05233,37.0343,0.297478,98.2807,-0.33581,-0.00916138,-0.0575627,-7.69004,0.623554,-28.3834,19.7933,-0.671721,-1.74838,16.2862,-0.147978,-103.824,-0.123531,0.00368246,0.0231376,0.844968,-0.540326,-16.2862,10.8938,-5.19792,0.623191,11.9197,0.136433,82.2085,-0.122584,-0.00460331,-0.0289234,0.29333,1.04151,-11.9197,8.53016,4.58119,0.709759,8.82834,0.309023,119.897,-0.0896952,-0.00824054,-0.0517768,-8.82834,0.122374,-0.177494,0.369345,-0.0549848,-3.08133,-0.72724,0.190743,-1.56764,-0.719654,-1.61538,0.202471,-6.10191,-0.215889,-19.9503,-1.81771,-25.4833,0.636743,-14.5192,0.598408,-49.9013,17.2559,-27.7704,-0.909164
543,0.0543,6.0635,36.9787,0.289266,93.2489,-0.335093,-0.00894575,-0.0562078,-7.69282,0.52278,-28.3264,19.7337,-0.694643,-1.72615,16.3408,-0.153274,-107.54,-0.123945,0.00381425,0.0239657,0.885314,-0.642719,-16.3408,10.9354,-5.17606,0.679794,11.8246,0.135571,81.6896,-0.121605,-0.00457425,-0.0287409,0.235143,1.04361,-11.8246,8.43678,4.54212,0.668716,8.81328,0.306968,119.1,-0.0895422,-0.00818575,-0.0514326,-8.81328,0.121888,-0.161038,0.361518,-0.0606944,-3.07466,-0.756818,0.184693,-1.67605,-0.758894,-1.73786,0.219492,-6.09831,-0.215142,-19.9538,-1.81947,-25.4827,0.636366,-14.548,0.492331,-49.9563,17.1554,-27.9152,-0.870295
544,0.0544,6.07467,36.9498,0.279405,87.0636,-0.334571,-0.00868227,-0.0545523,-7.72041,0.40767,-28.2963,19.6959,-0.729713,-1.72496,16.4248,-0.159648,-112.013,-0.124582,0.00397288,0.0249623,0.903403,-0.749609,-16.4248,11,-5.16308,0.721138,11.7255,0.133892,80.6779,-0.120586,-0.0045176,-0.0283849,0.175776,1.0362,-11.7255,8.34147,4.49916,0.622672,8.79959,0.30516,118.398,-0.0894031,-0.00813754,-0.0511297,-8.79959,0.12108,-0.146075,0.354467,-0.0657947,-3.06877,-0.772342,0.187433,-1.70765,-0.776502,-1.77829,0.222269,-6.09714,-0.214402,-19.956,-1.82096,-25.4835,0.636587,-14.5899,0.380701,-49.96,17.0985,-27.9915,-0.866105
545,0.0545,6.08583,36.9103,0.268155,79.9132,-0.333968,-0.00837875,-0.0526452,-7.7699,0.280103,-28.2558,19.657,-0.764252,-1.74234,16.4981,-0.166934,-117.124,-0.125138,0.00415419,0.0261015,0.900117,-0.860273,-16.4981,11.0623,-5.14755,0.747772,11.6253,0.13156,79.2725,-0.119556,-0.0044389,-0.0278905,0.116905,1.0203,-11.6253,8.24657,4.45362,0.573333,8.78693,0.303529,117.765,-0.0892744,-0.00809403,-0.0508563,-8.78693,0.120077,-0.132502,0.348083,-0.0703211,-3.06344,-0.797522,0.18714,-1.81108,-0.819776,-1.88978,0.231838,-6.09431,-0.213606,-19.9576,-1.82246,-25.4819,0.636357,-14.6617,0.253636,-50.0245,17.0148,-28.136,-0.874144
546,0.0546,6.097,36.8232,0.259841,74.8078,-0.333011,-0.00814455,-0.0511737,-7.89562,0.183289,-28.1678,19.596,-0.786631,-1.82565,16.5215,-0.171015,-119.988,-0.125316,0.00425576,0.0267397,0.819887,-0.932429,-16.5215,11.0997,-5.11892,0.710888,11.5263,0.128766,77.5889,-0.118538,-0.00434463,-0.0272981,0.0598363,0.996941,-11.5263,8.15397,4.4067,0.522171,8.77534,0.30209,117.207,-0.0891567,-0.00805568,-0.0506153,-8.77534,0.118777,-0.119964,0.342262,-0.074414,-3.05871,-0.834168,0.179419,-1.95345,-0.870121,-2.05057,0.253443,-6.08523,-0.212709,-19.9584,-1.82394,-25.4727,0.634407,-14.815,0.149999,-50.0797,16.9019,-28.3099,-0.937804
547,0.0547,6.10817,36.6562,0.261107,76.3953,-0.331451,-0.00814765,-0.0511932,-8.14721,0.190097,-28.0001,19.4931,-0.788189,-2.02489,16.4636,-0.165504,-116.121,-0.124877,0.00411861,0.025878,0.6114,-0.896386,-16.4636,11.0927,-5.06844,0.55797,11.428,0.12582,75.8137,-0.117527,-0.00424523,-0.0266736,0.00591539,0.969172,-11.428,8.06352,4.35834,0.471516,8.76453,0.300791,116.703,-0.0890469,-0.00802103,-0.0503976,-8.76453,0.11731,-0.108471,0.33695,-0.0780875,-3.05438,-0.866558,0.168465,-2.10872,-0.921877,-2.21828,0.276504,-6.07342,-0.211871,-19.9574,-1.82491,-25.4586,0.631658,-15.0872,0.146691,-50.0663,16.7463,-28.4651,-1.11673
548,0.0548,6.11933,36.5333,0.266327,80.6335,-0.330233,-0.00825615,-0.0518749,-8.36478,0.219454,-27.8767,19.4268,-0.80904,-2.19852,16.447,-0.156953,-110.122,-0.124751,0.00390581,0.0245409,0.434462,-0.845175,-16.447,11.1179,-5.03704,0.425315,11.3318,0.123634,74.4967,-0.116538,-0.00417148,-0.0262102,-0.0447472,0.948941,-11.3318,7.97674,4.30941,0.42657,8.7545,0.299645,116.258,-0.0889449,-0.00799047,-0.0502056,-8.7545,0.115689,-0.0978971,0.332116,-0.0814128,-3.05041,-0.888597,0.160193,-2.21285,-0.955091,-2.33237,0.293023,-6.06225,-0.211139,-19.9559,-1.82567,-25.4448,0.628981,-15.3156,0.168508,-50.0455,16.646,-28.5862,-1.27652
549,0.0549,6.1305,36.4926,0.272907,85.8251,-0.329641,-0.00839517,-0.0527484,-8.56226,0.263348,-27.8356,19.4191,-0.859732,-2.36234,16.5117,-0.14677,-102.977,-0.125242,0.0036524,0.0229487,0.277659,-0.777961,-16.5117,11.1994,-5.03428,0.303213,11.2357,0.121046,72.9372,-0.11555,-0.00408416,-0.0256615,-0.0947895,0.927391,-11.2357,7.89201,4.25898,0.381193,8.74513,0.298631,115.865,-0.0888498,-0.00796341,-0.0500356,-8.74513,0.113919,-0.0881203,0.327696,-0.084433,-3.04675,-0.91407,0.154553,-2.3308,-0.997293,-2.45969,0.30829,-6.05414,-0.210524,-19.9527,-1.82588,-25.4327,0.627128,-15.5305,0.207377,-50.1191,16.5959,-28.7521,-1.42692
550,0.055,6.14167,36.4464,0.274201,87.5812,-0.329028,-0.00837552,-0.052625,-8.71507,0.270651,-27.7892,19.4092,-0.906676,-2.50531,16.5632,-0.13889,-97.4484,-0.125632,0.00345631,0.0217167,0.163578,-0.721906,-16.5632,11.2721,-5.03091,0.212506,11.147,0.115372,69.5185,-0.114637,-0.00389272,-0.0244587,-0.14241,0.880543,-11.147,7.81348,4.2114,0.325519,8.73624,0.297719,115.511,-0.0887595,-0.00793911,-0.0498829,-8.73624,0.112015,-0.0790335,0.323624,-0.0871613,-3.04334,-0.918533,0.153496,-2.33403,-0.99826,-2.46701,0.310765,-6.04714,-0.210028,-19.9511,-1.82637,-25.4235,0.625471,-15.6807,0.214119,-50.0743,16.5846,-28.7972,-1.56908
551,0.0551,6.15283,36.4007,0.268771,84.8395,-0.32846,-0.00816649,-0.0513116,-8.80816,0.21315,-27.7435,19.4001,-0.94699,-2.60517,16.6002,-0.135319,-94.9425,-0.125913,0.00336744,0.0211582,0.104589,-0.710864,-16.6002,11.3341,-5.02686,0.170976,11.0727,0.107195,64.591,-0.113873,-0.00361681,-0.0227251,-0.184928,0.814047,-11.0727,7.7461,4.16954,0.264005,8.72782,0.296894,115.191,-0.0886739,-0.00791711,-0.0497447,-8.72782,0.109967,-0.0705701,0.31986,-0.0896602,-3.04015,-0.918747,0.156318,-2.33341,-1.00174,-2.46259,0.307771,-6.04583,-0.209846,-19.947,-1.82584,-25.4182,0.625206,-15.7727,0.159622,-50.0239,16.5725,-28.8278,-1.67219
552,0.0552,6.164,36.3767,0.262646,81.1885,-0.328099,-0.00797582,-0.0501135,-8.86792,0.134714,-27.7198,19.4078,-0.98706,-2.65804,16.6427,-0.13653,-95.7924,-0.126235,0.00339758,0.0213476,0.076472,-0.746315,-16.6427,11.3988,-5.02775,0.161597,11.0143,0.103025,62.0785,-0.113273,-0.00347612,-0.0218411,-0.224731,0.773107,-11.0143,7.69259,4.1326,0.217415,8.71967,0.29615,114.902,-0.0885911,-0.00789728,-0.0496201,-8.71967,0.107922,-0.0627685,0.316409,-0.0919058,-3.03705,-0.889672,0.160806,-2.19684,-0.951885,-2.31439,0.291434,-6.04386,-0.209713,-19.9474,-1.82627,-25.4163,0.624705,-15.8015,0.0858068,-49.864,16.6296,-28.7178,-1.7419
553,0.0553,6.17517,36.3499,0.251614,74.2161,-0.327781,-0.00765027,-0.0480681,-8.90617,0.00210781,-27.6936,19.4148,-1.01445,-2.69661,16.6587,-0.141264,-99.1138,-0.126357,0.00351539,0.0220878,0.0597352,-0.815732,-16.6587,11.4455,-5.02555,0.167819,10.9793,0.0973965,58.687,-0.112912,-0.00328621,-0.0206479,-0.253995,0.711948,-10.9793,7.656,4.10502,0.169653,8.71191,0.295482,114.643,-0.0885123,-0.00787945,-0.049508,-8.71191,0.105892,-0.0555644,0.313244,-0.0939295,-3.03408,-0.863155,0.168088,-2.0618,-0.905572,-2.1683,0.273429,-6.04752,-0.209697,-19.9479,-1.8265,-25.421,0.625709,-15.8168,-0.0395018,-49.7033,16.6827,-28.6037,-1.79747
554,0.0554,6.18633,36.3438,0.234498,63.4698,-0.327767,-0.00712683,-0.0447792,-8.92882,-0.195327,-27.6882,19.4348,-1.01434,-2.74335,16.6411,-0.146902,-103.069,-0.126223,0.00365568,0.0229693,0.0381788,-0.899483,-16.6411,11.4692,-5.01804,0.17444,10.9982,0.0865041,52.1237,-0.113107,-0.00291869,-0.0183387,-0.262539,0.600258,-10.9982,7.65529,4.09946,0.113391,8.70446,0.294896,114.416,-0.0884365,-0.00786382,-0.0494098,-8.70446,0.103899,-0.0489071,0.310352,-0.0957609,-3.03118,-0.828123,0.172335,-1.95088,-0.863661,-2.03454,0.255285,-6.0512,-0.20972,-19.9458,-1.82582,-25.4231,0.626768,-15.8081,-0.232712,-49.5849,16.7454,-28.472,-1.8613
555,0.0555,6.1975,36.3559,0.218262,53.2076,-0.327952,-0.00663668,-0.0416995,-8.94795,-0.396021,-27.7015,19.4678,-1.00847,-2.78239,16.6189,-0.152961,-107.321,-0.126055,0.00380648,0.0239168,0.00627705,-0.991331,-16.6189,11.4888,-5.01328,0.176015,11.0399,0.0768923,46.332,-0.113536,-0.00259439,-0.016301,-0.257227,0.493416,-11.0399,7.67135,4.10223,0.0698645,8.697,0.294332,114.197,-0.0883608,-0.00784878,-0.0493153,-8.697,0.101893,-0.0426937,0.307638,-0.0974217,-3.02827,-0.804235,0.171324,-1.90338,-0.840113,-1.96768,0.246913,-6.05202,-0.209652,-19.9411,-1.82428,-25.4195,0.627154,-15.8042,-0.43435,-49.546,16.8034,-28.3956,-1.90833
556,0.0556,6.20867,36.3401,0.208305,46.7189,-0.327863,-0.00635879,-0.0399534,-8.9938,-0.530822,-27.6875,19.4844,-1.0147,-2.816,16.5922,-0.159082,-111.615,-0.125852,0.00395878,0.0248738,-0.0384382,-1.07534,-16.5922,11.5046,-5.01156,0.165951,11.0582,0.073602,44.3495,-0.113724,-0.00248337,-0.0156035,-0.265706,0.444436,-11.0582,7.67473,4.09577,0.04335,8.68966,0.293785,113.985,-0.0882862,-0.0078342,-0.0492237,-8.68966,0.100081,-0.0369989,0.305121,-0.0989077,-3.02531,-0.793049,0.165532,-1.89544,-0.828238,-1.94809,0.248254,-6.04952,-0.209287,-19.9382,-1.8233,-25.4138,0.626926,-15.8364,-0.574576,-49.5211,16.8329,-28.3766,-1.94082
557,0.0557,6.21983,36.2479,0.198051,40.1478,-0.326983,-0.00606333,-0.038097,-9.04699,-0.649609,-27.5974,19.4521,-1.06009,-2.86026,16.5671,-0.164317,-115.288,-0.125662,0.00408906,0.0256923,-0.0956565,-1.14332,-16.5671,11.5199,-5.01401,0.14273,10.9985,0.0691707,41.6793,-0.11311,-0.00233386,-0.0146641,-0.269077,0.39533,-10.9985,7.62947,4.05422,0.0192434,8.68225,0.293197,113.757,-0.0882109,-0.00781853,-0.0491253,-8.68225,0.098378,-0.0317362,0.302713,-0.100298,-3.02223,-0.798973,0.158947,-1.94873,-0.841054,-1.99845,0.25725,-6.04928,-0.208846,-19.9381,-1.82302,-25.4134,0.627407,-15.8952,-0.699508,-49.4842,16.788,-28.4719,-1.9756
558,0.0558,6.231,36.1405,0.195046,38.0427,-0.325991,-0.0060027,-0.0377161,-9.13122,-0.69783,-27.4923,19.4121,-1.10329,-2.90905,16.5259,-0.168481,-118.21,-0.125349,0.00419269,0.0263434,-0.16175,-1.18941,-16.5259,11.5223,-5.01467,0.107172,10.9396,0.070881,42.7099,-0.112504,-0.00239156,-0.0150266,-0.294449,0.394841,-10.9396,7.58933,4.01299,0.00293725,8.67502,0.292646,113.543,-0.0881375,-0.00780383,-0.0490329,-8.67502,0.0967362,-0.0268249,0.300464,-0.101614,-3.01916,-0.80866,0.154568,-2.01686,-0.863361,-2.06468,0.265575,-6.05367,-0.208319,-19.9398,-1.82337,-25.4198,0.629334,-15.9936,-0.751581,-49.4489,16.7254,-28.5878,-2.01414
559,0.0559,6.24217,36.0102,0.195404,37.9778,-0.324856,-0.00605319,-0.0380333,-9.24087,-0.72875,-27.3644,19.3554,-1.13205,-2.96231,16.4503,-0.172413,-120.969,-0.124776,0.00429054,0.0269582,-0.233201,-1.24119,-16.4503,11.498,-5.00752,0.0699413,10.8919,0.075679,45.6009,-0.112013,-0.00255345,-0.0160438,-0.339587,0.417292,-10.8919,7.55902,3.97834,-0.016099,8.66808,0.292138,113.346,-0.088067,-0.00779027,-0.0489477,-8.66808,0.0951438,-0.0222216,0.298365,-0.102867,-3.01615,-0.843032,0.15281,-2.16589,-0.922546,-2.22259,0.281055,-6.06173,-0.207846,-19.9406,-1.82366,-25.4296,0.632316,-16.1456,-0.783785,-49.4709,16.6092,-28.7842,-2.04894
560,0.056,6.25333,35.9294,0.196946,38.667,-0.324227,-0.00613814,-0.0385671,-9.35751,-0.765172,-27.2858,19.3297,-1.14271,-3.02306,16.3756,-0.175781,-123.332,-0.124209,0.00437436,0.0274849,-0.311181,-1.2903,-16.3756,11.4714,-5.00249,0.0278108,10.8925,0.0810253,48.8224,-0.112019,-0.00273384,-0.0171772,-0.384967,0.431991,-10.8925,7.56185,3.96384,-0.0374885,8.66136,0.291702,113.177,-0.0879987,-0.00777866,-0.0488748,-8.66136,0.0931419,-0.0176966,0.296373,-0.10407,-3.01338,-0.862163,0.153966,-2.23468,-0.953042,-2.2969,0.287493,-6.06879,-0.207293,-19.9423,-1.82446,-25.439,0.635135,-16.2885,-0.818499,-49.4627,16.5522,-28.8787,-2.10043
561,0.0561,6.2645,35.875,0.201403,41.1555,-0.323842,-0.00631538,-0.0396807,-9.51107,-0.770763,-27.2336,19.3198,-1.14869,-3.10245,16.3115,-0.178534,-125.263,-0.123723,0.00444285,0.0279153,-0.395705,-1.32988,-16.3115,11.4494,-5.00177,-0.0214293,10.9087,0.0885883,53.3796,-0.112186,-0.00298902,-0.0187806,-0.460491,0.46803,-10.9087,7.57589,3.95833,-0.0703413,8.65488,0.291348,113.039,-0.0879328,-0.00776921,-0.0488154,-8.65488,0.0910912,-0.0134519,0.294561,-0.105256,-3.01068,-0.887618,0.155842,-2.3085,-0.986856,-2.3821,0.295561,-6.0755,-0.206726,-19.9447,-1.82573,-25.4489,0.637874,-16.4742,-0.821647,-49.4868,16.5072,-28.9797,-2.16901
562,0.0562,6.27567,35.8105,0.204164,42.6685,-0.323329,-0.00642822,-0.0403897,-9.64995,-0.787317,-27.1714,19.3021,-1.16591,-3.19049,16.2559,-0.180567,-126.69,-0.123301,0.00449346,0.0282332,-0.484859,-1.34989,-16.2559,11.4307,-5.00448,-0.0796159,10.9062,0.0936196,56.4112,-0.11216,-0.00315877,-0.0198472,-0.516662,0.474048,-10.9062,7.57853,3.94497,-0.102695,8.64843,0.291111,112.947,-0.0878673,-0.0077629,-0.0487757,-8.64843,0.0885211,-0.00931315,0.292913,-0.106398,-3.00818,-0.899031,0.161312,-2.33331,-1.00412,-2.40922,0.294409,-6.08457,-0.206252,-19.9473,-1.82713,-25.4615,0.641098,-16.6335,-0.832257,-49.452,16.4709,-29.0366,-2.25498
563,0.0563,6.28683,35.7509,0.206165,43.8581,-0.32285,-0.00650724,-0.0408862,-9.77062,-0.793887,-27.1146,19.2864,-1.18571,-3.28328,16.2065,-0.181561,-127.387,-0.122927,0.00451818,0.0283886,-0.573781,-1.33991,-16.2065,11.414,-5.00986,-0.146415,10.9026,0.0969973,58.4465,-0.112124,-0.00327274,-0.0205632,-0.555122,0.459943,-10.9026,7.58112,3.93157,-0.131336,8.64171,0.290728,112.799,-0.0877991,-0.00775268,-0.0487115,-8.64171,0.0860764,-0.00541028,0.2912,-0.107414,-3.00553,-0.896353,0.164598,-2.31973,-1.00244,-2.39149,0.289852,-6.08921,-0.20577,-19.9499,-1.82869,-25.4692,0.642989,-16.7562,-0.83506,-49.3842,16.4552,-29.0464,-2.35044
564,0.0564,6.298,35.6985,0.208432,45.3026,-0.322432,-0.00658729,-0.0413892,-9.88104,-0.784952,-27.0653,19.2739,-1.20583,-3.37907,16.1622,-0.181641,-127.443,-0.122591,0.00452017,0.0284011,-0.65924,-1.3064,-16.1622,11.3985,-5.01732,-0.21757,10.9013,0.0997471,60.1034,-0.11211,-0.00336552,-0.0211462,-0.586762,0.43767,-10.9013,7.58584,3.91988,-0.158687,8.63504,0.290325,112.642,-0.0877312,-0.00774195,-0.0486441,-8.63504,0.0837736,-0.00178294,0.289561,-0.108385,-3.00281,-0.870764,0.165998,-2.24164,-0.970875,-2.29809,0.27813,-6.08768,-0.205341,-19.9507,-1.82984,-25.4684,0.642984,-16.8395,-0.824295,-49.2577,16.4732,-28.9723,-2.45795
565,0.0565,6.30917,35.6544,0.211009,47.0166,-0.322087,-0.00667049,-0.0419119,-9.97702,-0.760107,-27.0244,19.2654,-1.22505,-3.47389,16.1222,-0.180893,-126.918,-0.122287,0.00450156,0.0282842,-0.737178,-1.25063,-16.1222,11.3836,-5.02633,-0.289894,10.9039,0.101983,61.4504,-0.112137,-0.00344095,-0.0216201,-0.611528,0.408964,-10.9039,7.59381,3.9106,-0.183986,8.62831,0.289919,112.485,-0.0876629,-0.00773111,-0.048576,-8.62831,0.0815606,0.00160651,0.288001,-0.109318,-3.00001,-0.850225,0.165589,-2.18964,-0.947636,-2.23237,0.270142,-6.08422,-0.204985,-19.9513,-1.83089,-25.4651,0.642219,-16.9115,-0.799504,-49.1654,16.4869,-28.9225,-2.56153
566,0.0566,6.32033,35.6258,0.213525,48.7176,-0.32187,-0.00674905,-0.0424056,-10.0612,-0.730324,-26.9991,19.2658,-1.24555,-3.56503,16.0939,-0.179868,-126.199,-0.122073,0.00447606,0.0281239,-0.8083,-1.18543,-16.0939,11.3745,-5.03883,-0.360234,10.9099,0.103862,62.583,-0.112199,-0.00350437,-0.0220186,-0.630955,0.375955,-10.9099,7.60472,3.90354,-0.207402,8.62191,0.28953,112.334,-0.0875979,-0.00772074,-0.0485109,-8.62191,0.0791546,0.00480942,0.286527,-0.11027,-2.99739,-0.81769,0.169772,-2.09371,-0.911009,-2.11677,0.252991,-6.08026,-0.204829,-19.9497,-1.83118,-25.4592,0.641001,-16.9591,-0.765381,-49.0425,16.5236,-28.8216,-2.67104
567,0.0567,6.3315,35.6033,0.215825,50.2892,-0.321702,-0.00682023,-0.0428528,-10.1349,-0.699248,-26.9797,19.2686,-1.2659,-3.65158,16.0706,-0.178833,-125.473,-0.121896,0.00445029,0.027962,-0.873429,-1.11574,-16.0706,11.3665,-5.05243,-0.42782,10.9169,0.105515,63.5789,-0.112271,-0.00356014,-0.022369,-0.645743,0.339753,-10.9169,7.61699,3.89776,-0.228907,8.61577,0.289142,112.183,-0.0875354,-0.00771039,-0.0484458,-8.61577,0.0767437,0.00779841,0.285129,-0.11123,-2.99485,-0.815796,0.169663,-2.09027,-0.909213,-2.11273,0.251992,-6.07178,-0.20475,-19.9489,-1.83158,-25.4491,0.638349,-17.0225,-0.734335,-49.0189,16.5278,-28.8277,-2.76124
568,0.0568,6.34267,35.5911,0.217629,51.5514,-0.32161,-0.00687816,-0.0432168,-10.2007,-0.668776,-26.971,19.2776,-1.2883,-3.73375,16.0588,-0.178114,-124.969,-0.121806,0.0044324,0.0278496,-0.934769,-1.04514,-16.0588,11.3645,-5.06866,-0.493358,10.9228,0.107085,64.5247,-0.112332,-0.00361309,-0.0227017,-0.656449,0.301444,-10.9228,7.62943,3.8925,-0.248367,8.60949,0.288658,111.995,-0.0874717,-0.00769747,-0.0483646,-8.60949,0.07492,0.0105828,0.283696,-0.112135,-2.99202,-0.808451,0.175329,-2.05467,-0.900928,-2.07275,0.243104,-6.06692,-0.204888,-19.9471,-1.83149,-25.442,0.636404,-17.0761,-0.698335,-48.9728,16.5452,-28.803,-2.85424
569,0.0569,6.35383,35.5915,0.218823,52.3748,-0.321607,-0.00692142,-0.0434886,-10.2599,-0.638187,-26.9749,19.2944,-1.31377,-3.81259,16.0614,-0.178077,-124.942,-0.121826,0.00443148,0.0278438,-0.992889,-0.973355,-16.0614,11.3707,-5.08829,-0.557699,10.9268,0.108709,65.5032,-0.112372,-0.00366788,-0.023046,-0.663616,0.261967,-10.9268,7.64142,3.88758,-0.265695,8.60336,0.28819,111.814,-0.0874094,-0.00768502,-0.0482864,-8.60336,0.0732004,0.0132161,0.282333,-0.113058,-2.9892,-0.816499,0.175573,-2.03679,-0.895926,-2.06663,0.245375,-6.05771,-0.204941,-19.9492,-1.83243,-25.4337,0.633271,-17.1341,-0.667555,-48.9609,16.5661,-28.8141,-2.93394
570,0.057,6.365,35.5986,0.219155,52.6082,-0.321652,-0.00694159,-0.0436153,-10.3092,-0.608058,-26.9854,19.3147,-1.34049,-3.88663,16.0721,-0.178725,-125.398,-0.121907,0.00444763,0.0279453,-1.0467,-0.899927,-16.0721,11.3808,-5.10961,-0.620235,10.929,0.110144,66.3682,-0.112395,-0.00371632,-0.0233503,-0.665081,0.220403,-10.929,7.65288,3.88314,-0.279937,8.59746,0.287736,111.638,-0.0873495,-0.0076729,-0.0482102,-8.59746,0.0714654,0.0157107,0.281031,-0.114022,-2.98646,-0.858827,0.173408,-2.12669,-0.932694,-2.18622,0.263541,-6.0523,-0.205191,-19.9504,-1.8329,-25.4289,0.630997,-17.2204,-0.639841,-49.0625,16.5491,-28.9556,-2.9921
571,0.0571,6.37617,35.603,0.217612,51.7016,-0.32168,-0.00690045,-0.0433568,-10.3314,-0.576616,-26.9932,19.331,-1.36407,-3.94757,16.0786,-0.179563,-125.986,-0.121957,0.00446848,0.0280763,-1.09005,-0.819524,-16.0786,11.3859,-5.12913,-0.677886,10.9327,0.109934,66.2415,-0.112433,-0.00370923,-0.0233058,-0.649642,0.172907,-10.9327,7.66537,3.88008,-0.286027,8.59165,0.287241,111.446,-0.0872905,-0.0076597,-0.0481273,-8.59165,0.0700013,0.0181002,0.27972,-0.115021,-2.98366,-0.881322,0.175476,-2.18126,-0.957982,-2.25247,0.270021,-6.05034,-0.205557,-19.9478,-1.83222,-25.4243,0.629708,-17.263,-0.606697,-49.1223,16.5408,-29.0408,-3.04784
572,0.0572,6.38733,35.6013,0.213718,49.3912,-0.321695,-0.00677841,-0.04259,-10.3141,-0.542529,-26.9947,19.3388,-1.37679,-3.98742,16.0669,-0.180236,-126.458,-0.121868,0.00448523,0.0281815,-1.11971,-0.731369,-16.0669,11.376,-5.14255,-0.728279,10.9481,0.107191,64.589,-0.112592,-0.00361669,-0.0227244,-0.60815,0.120442,-10.9481,7.68435,3.88185,-0.278077,8.58624,0.286763,111.26,-0.0872355,-0.00764695,-0.0480472,-8.58624,0.0683978,0.0203681,0.278472,-0.116079,-2.98106,-0.88284,0.174525,-2.16439,-0.94921,-2.23939,0.27143,-6.0467,-0.205841,-19.9465,-1.83181,-25.4189,0.628064,-17.2436,-0.573844,-49.1055,16.5578,-29.0351,-3.08792
573,0.0573,6.3985,35.5857,0.210733,47.6629,-0.3216,-0.00668366,-0.0419947,-10.2714,-0.490809,-26.982,19.3351,-1.38483,-4.00931,16.0431,-0.180537,-126.669,-0.121687,0.00449271,0.0282285,-1.12962,-0.632647,-16.0431,11.3556,-5.15153,-0.767872,10.9614,0.104973,63.2521,-0.112728,-0.00354184,-0.022254,-0.56052,0.0751025,-10.9614,7.70219,3.8839,-0.262775,8.58125,0.286297,111.08,-0.0871847,-0.00763453,-0.0479692,-8.58125,0.0667351,0.0225026,0.277284,-0.117199,-2.97866,-0.881362,0.168612,-2.11445,-0.92147,-2.19822,0.276497,-6.0394,-0.205877,-19.9453,-1.83159,-25.4096,0.625742,-17.1922,-0.528074,-49.0417,16.582,-28.9927,-3.10707
574,0.0574,6.40967,35.5443,0.208663,46.5325,-0.321271,-0.0066157,-0.0415677,-10.2061,-0.429091,-26.943,19.313,-1.39229,-4.01132,16.0073,-0.180375,-126.555,-0.121416,0.00448867,0.0282031,-1.12289,-0.533023,-16.0073,11.3247,-5.15584,-0.79559,10.9602,0.103211,62.1905,-0.112716,-0.00348239,-0.0218805,-0.506375,0.0389027,-10.9602,7.71217,3.88194,-0.239214,8.57681,0.285826,110.897,-0.0871397,-0.00762197,-0.0478903,-8.57681,0.0650293,0.0245113,0.276136,-0.118393,-2.97652,-0.871191,0.163004,-2.01027,-0.871631,-2.10287,0.277756,-6.0327,-0.205602,-19.9441,-1.83151,-25.401,0.623985,-17.11,-0.471689,-48.8973,16.6099,-28.8962,-3.10958
575,0.0575,6.42083,35.4904,0.206847,45.6181,-0.320838,-0.00655072,-0.0411594,-10.112,-0.362851,-26.8912,19.2806,-1.39626,-3.98891,15.9627,-0.17958,-125.998,-0.121077,0.0044689,0.0280789,-1.09979,-0.436677,-15.9627,11.2857,-5.15621,-0.810095,10.9549,0.101072,60.9019,-0.112662,-0.00341024,-0.0214272,-0.439405,0.0104777,-10.9549,7.71994,3.8796,-0.204269,8.5728,0.285354,110.714,-0.0870989,-0.00760939,-0.0478112,-8.5728,0.0633485,0.0264152,0.275023,-0.119651,-2.97455,-0.884819,0.15445,-1.98607,-0.851956,-2.09921,0.291219,-6.02618,-0.205007,-19.9434,-1.83171,-25.393,0.622644,-17.023,-0.413407,-48.8207,16.597,-28.8885,-3.07505
576,0.0576,6.432,35.4295,0.204836,44.5567,-0.320361,-0.00647982,-0.0407139,-9.9955,-0.295323,-26.8317,19.24,-1.39363,-3.94545,15.9074,-0.178919,-125.534,-0.120658,0.00445245,0.0279756,-1.06513,-0.347515,-15.9074,11.2368,-5.15184,-0.814247,10.9524,0.0987946,59.5294,-0.112636,-0.00333338,-0.0209443,-0.360672,-0.00902391,-10.9524,7.72907,3.87918,-0.158046,8.5697,0.284961,110.561,-0.0870675,-0.00759889,-0.0477452,-8.5697,0.0612161,0.028063,0.274086,-0.120976,-2.97316,-0.891956,0.147985,-1.93667,-0.824012,-2.06771,0.300112,-6.02064,-0.204114,-19.942,-1.83189,-25.3855,0.621974,-16.9081,-0.351451,-48.7104,16.5841,-28.8468,-3.02337
577,0.0577,6.44317,35.3516,0.20491,44.9186,-0.319767,-0.0064641,-0.0406152,-9.84749,-0.225536,-26.7551,19.1822,-1.3813,-3.87149,15.8308,-0.176554,-123.874,-0.120077,0.00439359,0.0276057,-1.00622,-0.266277,-15.8308,11.169,-5.14003,-0.797047,10.9539,0.0968909,58.3823,-0.112651,-0.00326915,-0.0205407,-0.27433,-0.0182874,-10.9539,7.74003,3.88105,-0.10249,8.56695,0.284573,110.41,-0.0870394,-0.00758854,-0.0476802,-8.56695,0.0590284,0.0295724,0.273204,-0.122312,-2.97195,-0.918588,0.144227,-1.92812,-0.816478,-2.08717,0.313821,-6.02137,-0.20317,-19.9412,-1.8323,-25.3855,0.623171,-16.7874,-0.28448,-48.6244,16.5335,-28.854,-2.9345
578,0.0578,6.45433,35.2685,0.206831,46.4838,-0.319138,-0.00650202,-0.0408534,-9.6804,-0.152609,-26.6728,19.1177,-1.36367,-3.776,15.7474,-0.173226,-121.539,-0.119444,0.00431077,0.0270854,-0.930196,-0.192463,-15.7474,11.0945,-5.12413,-0.764421,10.9563,0.0958478,57.7538,-0.112676,-0.00323396,-0.0203195,-0.185439,-0.0169053,-10.9563,7.75072,3.88413,-0.040529,8.56476,0.284209,110.269,-0.0870173,-0.00757884,-0.0476193,-8.56476,0.0567588,0.0309042,0.27241,-0.123681,-2.97105,-0.949467,0.142647,-1.89838,-0.8042,-2.09249,0.326893,-6.02614,-0.202266,-19.9439,-1.8337,-25.3935,0.625512,-16.656,-0.212228,-48.5151,16.4798,-28.8496,-2.8236
579,0.0579,6.4655,35.1882,0.210328,49.0118,-0.318528,-0.00659033,-0.0414083,-9.50365,-0.078427,-26.5931,19.0534,-1.34433,-3.66594,15.6676,-0.169632,-119.018,-0.118839,0.00422133,0.0265234,-0.841033,-0.127074,-15.6676,11.0221,-5.1069,-0.719527,10.9575,0.0960524,57.8771,-0.112688,-0.00324086,-0.0203629,-0.0994689,-0.00553248,-10.9575,7.75949,3.88762,0.0241463,8.56315,0.283908,110.152,-0.0870008,-0.00757081,-0.0475688,-8.56315,0.0541797,0.0319657,0.271779,-0.12505,-2.97056,-0.995323,0.140761,-1.93118,-0.817476,-2.16394,0.346225,-6.03385,-0.201671,-19.946,-1.83488,-25.4041,0.628455,-16.5328,-0.139338,-48.4703,16.401,-28.9124,-2.69126
580,0.058,6.47667,35.1163,0.215134,52.3562,-0.317987,-0.00671878,-0.0422154,-9.31951,-0.00380106,-26.5211,18.9933,-1.32371,-3.54314,15.594,-0.165631,-116.21,-0.118281,0.00412177,0.0258978,-0.740465,-0.0704146,-15.594,10.9545,-5.0892,-0.663347,10.9598,0.0970995,58.508,-0.112712,-0.00327619,-0.0205849,-0.0166175,0.0152787,-10.9598,7.76746,3.89192,0.0907966,8.56243,0.283666,110.059,-0.0869935,-0.00756436,-0.0475283,-8.56243,0.0513348,0.0327075,0.271324,-0.126431,-2.97059,-1.03559,0.134987,-1.94494,-0.81836,-2.21805,0.367066,-6.03793,-0.201201,-19.9475,-1.83595,-25.4101,0.630379,-16.393,-0.0700157,-48.4136,16.3389,-28.9519,-2.54569
581,0.0581,6.48783,35.0549,0.220482,56.0361,-0.317534,-0.00686322,-0.0431229,-9.13062,0.0682404,-26.4592,18.9393,-1.30231,-3.40951,15.5279,-0.161417,-113.254,-0.11778,0.0040169,0.0252389,-0.631243,-0.0251706,-15.5279,10.8931,-5.0715,-0.597129,10.9644,0.0984194,59.3034,-0.112759,-0.00332072,-0.0208647,0.0631484,0.0451524,-10.9644,7.77518,3.89699,0.158743,8.56253,0.28348,109.986,-0.0869945,-0.0075594,-0.0474971,-8.56253,0.0482586,0.0331099,0.271047,-0.127803,-2.97112,-1.09821,0.119889,-2.03772,-0.840628,-2.3632,0.405606,-6.0395,-0.200965,-19.9483,-1.83676,-25.4127,0.631419,-16.2683,-0.0128356,-48.4453,16.2619,-29.0782,-2.37248
582,0.0582,6.499,35.0057,0.226228,59.9514,-0.317177,-0.00701968,-0.0441059,-8.94397,0.132683,-26.4092,18.8935,-1.28206,-3.2699,15.4723,-0.157098,-110.224,-0.117358,0.00390942,0.0245636,-0.516181,0.00567588,-15.4723,10.8408,-5.05508,-0.521987,10.97,0.0999647,60.2345,-0.112817,-0.00337286,-0.0211923,0.135531,0.0820992,-10.97,7.78169,3.90213,0.224216,8.56332,0.283361,109.94,-0.0870026,-0.00755624,-0.0474772,-8.56332,0.0449078,0.03312,0.270981,-0.129116,-2.97213,-1.09639,0.109149,-1.93668,-0.785944,-2.28391,0.414747,-6.04033,-0.201009,-19.9478,-1.83698,-25.4132,0.631988,-16.0807,0.0408229,-48.2937,16.2705,-28.9792,-2.22316
583,0.0583,6.51017,34.9659,0.231718,63.6433,-0.316894,-0.00717185,-0.045062,-8.77145,0.185164,-26.3684,18.8537,-1.2633,-3.13458,15.4257,-0.153326,-107.577,-0.117004,0.00381556,0.0239739,-0.401821,0.0216853,-15.4257,10.7965,-5.03968,-0.443027,10.9754,0.101731,61.2986,-0.112872,-0.00343245,-0.0215667,0.19515,0.122212,-10.9754,7.78605,3.90671,0.282047,8.56478,0.283313,109.922,-0.0870175,-0.00755496,-0.0474692,-8.56478,0.0412672,0.0326832,0.271147,-0.130326,-2.9736,-1.15477,0.0943854,-2.0486,-0.81512,-2.4398,0.451383,-6.04393,-0.201425,-19.9464,-1.83662,-25.416,0.632893,-15.9702,0.0781251,-48.3634,16.2019,-29.1191,-2.0503
584,0.0584,6.52133,34.9345,0.236642,66.9514,-0.31667,-0.00730708,-0.0459118,-8.61917,0.220559,-26.3358,18.8195,-1.24771,-3.01001,15.3891,-0.149849,-105.138,-0.116727,0.00372904,0.0234303,-0.289945,0.0229549,-15.3891,10.7612,-5.02604,-0.361283,10.9785,0.103163,62.1617,-0.112904,-0.00348077,-0.0218704,0.237713,0.160192,-10.9785,7.7867,3.90975,0.326798,8.56694,0.283328,109.927,-0.0870394,-0.00755535,-0.0474717,-8.56694,0.0374125,0.031773,0.271545,-0.131419,-2.97552,-1.12859,0.0891807,-1.76164,-0.69085,-2.18238,0.444848,-6.04748,-0.202093,-19.9489,-1.8368,-25.4223,0.633372,-15.7952,0.107647,-48.0463,16.2918,-28.8524,-1.93179
585,0.0585,6.5325,34.9108,0.240218,69.3799,-0.316503,-0.00740051,-0.0464988,-8.48997,0.235147,-26.3104,18.7908,-1.23501,-2.90071,15.3607,-0.146858,-103.039,-0.116511,0.0036546,0.0229626,-0.181865,0.010177,-15.3607,10.7341,-5.01401,-0.278096,10.98,0.103643,62.4506,-0.112919,-0.00349695,-0.021972,0.262022,0.19163,-10.98,7.78441,3.9114,0.355453,8.57013,0.283433,109.968,-0.0870718,-0.00755816,-0.0474893,-8.57013,0.0333398,0.0303036,0.272234,-0.132392,-2.97806,-1.20292,0.077732,-1.84732,-0.714778,-2.33175,0.483916,-6.05347,-0.202985,-19.9514,-1.83673,-25.4314,0.634207,-15.7464,0.109894,-48.1091,16.2393,-28.9982,-1.78258
586,0.0586,6.54367,34.897,0.241743,70.4462,-0.31641,-0.0074338,-0.0467079,-8.38563,0.230749,-26.2949,18.7697,-1.22577,-2.80928,15.3423,-0.144958,-101.706,-0.116372,0.00360732,0.0226655,-0.0836094,-0.0149186,-15.3423,10.7162,-5.00446,-0.198876,10.9808,0.103077,62.1097,-0.112928,-0.00347787,-0.0218521,0.271847,0.216615,-10.9808,7.7803,3.91184,0.370602,8.57387,0.283624,110.043,-0.0871098,-0.00756326,-0.0475213,-8.57387,0.0290518,0.0282498,0.273218,-0.133157,-2.981,-1.19466,0.07827,-1.59544,-0.61284,-2.12149,0.478644,-6.05962,-0.20397,-19.9549,-1.8367,-25.4416,0.634866,-15.6399,0.105049,-47.8453,16.3202,-28.7888,-1.69577
587,0.0587,6.55483,34.8919,0.242297,70.8708,-0.316381,-0.00743708,-0.0467286,-8.31043,0.213886,-26.2882,18.7571,-1.22043,-2.73896,15.3332,-0.14344,-100.64,-0.116303,0.00356953,0.022428,-0.00411763,-0.0470445,-15.3332,10.708,-4.99764,-0.130933,10.9806,0.101834,61.3606,-0.112926,-0.00343592,-0.0215885,0.271781,0.236344,-10.9806,7.77461,3.91089,0.376264,8.57809,0.283903,110.151,-0.0871527,-0.0075707,-0.0475681,-8.57809,0.0245874,0.0255716,0.274512,-0.133681,-2.9843,-1.29552,0.0673102,-1.72243,-0.655733,-2.33348,0.527325,-6.06487,-0.204904,-19.9599,-1.837,-25.4521,0.635202,-15.6708,0.076293,-47.9705,16.2644,-29.006,-1.57644
588,0.0588,6.566,34.9005,0.241585,70.4101,-0.316456,-0.00740648,-0.0465363,-8.25491,0.185062,-26.2955,18.7564,-1.22104,-2.68296,15.3381,-0.142983,-100.32,-0.11634,0.00355817,0.0223567,0.0627814,-0.0866204,-15.3381,10.7122,-4.99573,-0.0704696,10.9797,0.100307,60.4405,-0.112916,-0.0033844,-0.0212648,0.265065,0.251709,-10.9797,7.768,3.90863,0.375429,8.58275,0.284262,110.29,-0.0872,-0.00758025,-0.0476281,-8.58275,0.0199727,0.0222086,0.276128,-0.133937,-2.98792,-1.29807,0.0682102,-1.55837,-0.589648,-2.20774,0.526256,-6.06779,-0.205706,-19.9625,-1.83684,-25.4578,0.634972,-15.6208,0.0475659,-47.8164,16.3299,-28.8866,-1.52173
589,0.0589,6.57717,34.9348,0.242211,70.8721,-0.316723,-0.0074079,-0.0465452,-8.22866,0.155893,-26.3288,18.7741,-1.23115,-2.64819,15.3694,-0.141128,-99.0183,-0.116577,0.003512,0.0220665,0.104509,-0.12354,-15.3694,10.7357,-5.00199,-0.0271793,10.9775,0.0986153,59.4214,-0.112893,-0.00332733,-0.0209062,0.254764,0.264185,-10.9775,7.76032,3.90474,0.370889,8.58793,0.284724,110.469,-0.0872526,-0.00759257,-0.0477055,-8.58793,0.0152485,0.018097,0.278113,-0.133895,-2.9919,-1.39482,0.0515794,-1.72714,-0.640581,-2.45429,0.579397,-6.06429,-0.206092,-19.9627,-1.83642,-25.4541,0.633343,-15.6878,0.00138076,-48.0186,16.2971,-29.1395,-1.43545
590,0.059,6.58833,34.9698,0.240085,69.3838,-0.316992,-0.00734047,-0.0461216,-8.20016,0.109793,-26.3631,18.7939,-1.24465,-2.6105,15.403,-0.142047,-99.6634,-0.116832,0.00353488,0.0222103,0.150925,-0.175346,-15.403,10.7621,-5.0101,0.021507,10.9734,0.0968688,58.369,-0.112852,-0.00326841,-0.020536,0.242336,0.274582,-10.9734,7.75143,3.899,0.364066,8.59342,0.285263,110.678,-0.0873084,-0.00760694,-0.0477958,-8.59342,0.0105568,0.0132987,0.280416,-0.133548,-2.99607,-1.35725,0.0454735,-1.44235,-0.515276,-2.18929,0.569614,-6.05409,-0.205948,-19.964,-1.83674,-25.4439,0.630272,-15.6115,-0.050682,-47.7695,16.4419,-28.8778,-1.41061
591,0.0591,6.5995,35.0055,0.239492,68.9445,-0.317259,-0.00731208,-0.0459431,-8.19134,0.0660654,-26.3983,18.8155,-1.26146,-2.58685,15.4396,-0.141577,-99.3338,-0.11711,0.00352318,0.0221368,0.179212,-0.223383,-15.4396,10.7917,-5.01958,0.057598,10.9665,0.0952055,57.3668,-0.112781,-0.00321228,-0.0201834,0.228776,0.283441,-10.9665,7.74087,3.89104,0.355988,8.59933,0.285864,110.911,-0.0873685,-0.00762298,-0.0478966,-8.59933,0.00600755,0.007847,0.283008,-0.132908,-3.00044,-1.41989,0.0312501,-1.55475,-0.543904,-2.3562,0.607469,-6.04514,-0.205348,-19.9622,-1.83664,-25.4322,0.627989,-15.6564,-0.108032,-47.9153,16.435,-29.0498,-1.3514
592,0.0592,6.61067,35.0593,0.237752,67.6587,-0.317658,-0.00725715,-0.045598,-8.18853,0.0140395,-26.4519,18.8497,-1.28711,-2.56637,15.497,-0.142535,-100.006,-0.117545,0.00354702,0.0222866,0.202338,-0.278986,-15.497,10.8352,-5.03576,0.0911091,10.9566,0.0937606,56.4962,-0.112679,-0.00316353,-0.0198771,0.21484,0.291344,-10.9566,7.72858,3.88063,0.347527,8.60571,0.286526,111.168,-0.0874333,-0.00764064,-0.0480076,-8.60571,0.00168174,0.00174654,0.285885,-0.13198,-3.005,-1.40496,0.0310503,-1.43193,-0.490944,-2.24044,0.601195,-6.03705,-0.204189,-19.9606,-1.83694,-25.4216,0.626431,-15.6305,-0.159099,-47.8444,16.5218,-28.9491,-1.33874
593,0.0593,6.62183,35.1195,0.234419,65.1891,-0.318092,-0.00716619,-0.0450265,-8.19338,-0.0440203,-26.5122,18.8899,-1.31999,-2.55101,15.5652,-0.145563,-102.131,-0.118062,0.00362238,0.0227601,0.217918,-0.340504,-15.5652,10.8872,-5.05645,0.11918,10.9419,0.0927044,55.8597,-0.112528,-0.0031279,-0.0196531,0.201186,0.298989,-10.9419,7.71361,3.86714,0.339563,8.61249,0.287278,111.46,-0.0875021,-0.00766068,-0.0481335,-8.61249,-0.00250566,-0.00516624,0.289134,-0.130686,-3.00976,-1.34897,0.0398186,-1.09196,-0.357737,-1.89973,0.569462,-6.03331,-0.202728,-19.9597,-1.83754,-25.4165,0.626349,-15.5757,-0.20693,-47.5639,16.6946,-28.6362,-1.3552
594,0.0594,6.633,35.1792,0.230343,62.1318,-0.318506,-0.00706138,-0.0443679,-8.20525,-0.10413,-26.572,18.9323,-1.36046,-2.53916,15.6386,-0.149898,-105.172,-0.118619,0.00373024,0.0234378,0.225938,-0.406215,-15.6386,10.9446,-5.08121,0.141999,10.9207,0.0921607,55.5321,-0.11231,-0.00310955,-0.0195379,0.188701,0.308392,-10.9207,7.69499,3.84985,0.333552,8.61989,0.28808,111.771,-0.0875773,-0.00768207,-0.0482679,-8.61989,-0.0063078,-0.0127005,0.292646,-0.129109,-3.01471,-1.42358,0.0263122,-1.17353,-0.377573,-2.04744,0.610196,-6.02708,-0.201152,-19.9657,-1.84009,-25.4152,0.625641,-15.6559,-0.27897,-47.7113,16.7146,-28.8231,-1.30332
595,0.0595,6.64417,35.2193,0.227045,59.5071,-0.318753,-0.006983,-0.0438755,-8.22334,-0.16067,-26.6125,18.9638,-1.40374,-2.52795,15.6994,-0.154346,-108.292,-0.11908,0.00384093,0.0241333,0.226507,-0.474448,-15.6994,10.9949,-5.105,0.160291,10.892,0.0923939,55.6726,-0.112015,-0.00311742,-0.0195873,0.178053,0.323651,-10.892,7.6723,3.82838,0.331673,8.6279,0.288997,112.127,-0.0876587,-0.00770651,-0.0484215,-8.6279,-0.00987295,-0.0211721,0.296598,-0.127118,-3.01991,-1.38847,0.0392778,-0.928744,-0.29176,-1.80967,0.582679,-6.0305,-0.2001,-19.9694,-1.84196,-25.4226,0.627296,-15.6423,-0.321493,-47.5107,16.8301,-28.636,-1.31797
596,0.0596,6.65533,35.2303,0.225312,57.8634,-0.318782,-0.0069515,-0.0436775,-8.25145,-0.201516,-26.6242,18.9781,-1.44171,-2.52121,15.7302,-0.158201,-110.997,-0.119314,0.00393686,0.024736,0.216905,-0.535974,-15.7302,11.0259,-5.12306,0.169826,10.8634,0.0935008,56.3396,-0.11172,-0.00315477,-0.019822,0.16832,0.347575,-10.8634,7.6513,3.80606,0.334366,8.63667,0.290012,112.521,-0.0877479,-0.00773359,-0.0485916,-8.63667,-0.0131166,-0.0305789,0.300972,-0.124712,-3.0254,-1.44451,0.0386828,-0.924592,-0.290804,-1.8629,0.603928,-6.03413,-0.199466,-19.9699,-1.84299,-25.4272,0.628812,-15.7301,-0.362299,-47.5187,16.8443,-28.7318,-1.28847
597,0.0597,6.6665,35.2229,0.22427,56.7564,-0.318685,-0.00693041,-0.043545,-8.29726,-0.232563,-26.6172,18.9815,-1.47498,-2.53519,15.7378,-0.160665,-112.726,-0.119371,0.00399818,0.0251213,0.195426,-0.579065,-15.7378,11.0416,-5.13786,0.166364,10.8386,0.0938283,56.537,-0.111465,-0.00316582,-0.0198914,0.15385,0.362375,-10.8386,7.63419,3.78481,0.329732,8.64653,0.291106,112.945,-0.087848,-0.00776277,-0.0487749,-8.64653,-0.0158727,-0.0408671,0.305726,-0.121932,-3.03129,-1.42815,0.0327545,-0.600422,-0.151284,-1.59163,0.601955,-6.02988,-0.19907,-19.9723,-1.84438,-25.4247,0.627995,-15.7553,-0.398879,-47.1899,16.9859,-28.4913,-1.30524
598,0.0598,6.67767,35.1647,0.222215,55.1989,-0.318083,-0.00685788,-0.0430893,-8.35843,-0.273646,-26.559,18.9488,-1.52965,-2.57698,15.7385,-0.16127,-113.151,-0.119377,0.00401325,0.025216,0.165053,-0.603608,-15.7385,11.0523,-5.15391,0.152432,10.7684,0.0911712,54.9359,-0.110744,-0.00307617,-0.0193281,0.134307,0.348076,-10.7684,7.58554,3.74299,0.308292,8.65779,0.292314,113.414,-0.0879624,-0.00779497,-0.0489772,-8.65779,-0.0181146,-0.0521514,0.310935,-0.118729,-3.0377,-1.54393,0.0121292,-0.798901,-0.209191,-1.87979,0.666259,-6.03068,-0.199218,-19.9683,-1.84378,-25.4219,0.628262,-15.933,-0.460735,-47.3262,16.8958,-28.8313,-1.28246
599,0.0599,6.68883,35.1208,0.224373,56.3108,-0.317608,-0.00691673,-0.0434591,-8.41855,-0.272922,-26.513,18.9259,-1.58709,-2.60182,15.7465,-0.160631,-112.702,-0.119438,0.00399733,0.025116,0.132927,-0.623377,-15.7465,11.0663,-5.17446,0.136951,10.7029,0.0915161,55.1437,-0.11007,-0.0030878,-0.0194012,0.1199,0.36981,-10.7029,7.54349,3.70285,0.306163,8.67138,0.293487,113.869,-0.0881004,-0.00782626,-0.0491738,-8.67138,-0.0193556,-0.0635691,0.31614,-0.115478,-3.04494,-1.53199,0.00547606,-0.617921,-0.126214,-1.72948,0.667341,-6.02753,-0.199595,-19.9653,-1.84317,-25.4156,0.627258,-15.9781,-0.467042,-47.0962,16.9565,-28.7322,-1.30722
600,0.06,6.7,35.1109,0.224639,56.287,-0.317468,-0.00691029,-0.0434187,-8.48385,-0.301134,-26.4992,18.9237,-1.6354,-2.64152,15.76,-0.159859,-112.161,-0.11954,0.00397814,0.0249954,0.100814,-0.643828,-15.76,11.0813,-5.19756,0.121832,10.6637,0.0897957,54.1071,-0.109667,-0.00302976,-0.0190365,0.102539,0.362436,-10.6637,7.52092,3.67415,0.289634,8.68721,0.294703,114.341,-0.0882613,-0.00785868,-0.0493775,-8.68721,-0.0197417,-0.0754704,0.321543,-0.111994,-3.05299,-1.65147,-0.0152931,-0.794224,-0.176382,-2.00336,0.733274,-6.02713,-0.200333,-19.9596,-1.84146,-25.4099,0.626766,-16.1625,-0.51676,-47.2531,16.9059,-29.0486,-1.28148
601,0.0601,6.71117,35.1232,0.225425,56.5233,-0.317551,-0.00692408,-0.0435053,-8.55324,-0.309359,-26.506,18.9357,-1.67721,-2.67866,15.7752,-0.159455,-111.877,-0.119655,0.00396808,0.0249322,0.0678292,-0.660701,-15.7752,11.0949,-5.22178,0.104563,10.6431,0.088886,53.5589,-0.109455,-0.00299906,-0.0188437,0.0838113,0.370536,-10.6431,7.51365,3.65285,0.278407,8.70488,0.295994,114.842,-0.0884409,-0.0078931,-0.0495938,-8.70488,-0.0191938,-0.0877003,0.327121,-0.108284,-3.06163,-1.65214,-0.0185915,-0.598331,-0.0929488,-1.8516,0.736365,-6.02657,-0.201265,-19.957,-1.84011,-25.4067,0.625999,-16.2319,-0.529216,-47.0613,17.0026,-28.9355,-1.3163
602,0.0602,6.72233,35.1345,0.223077,54.884,-0.317618,-0.00682517,-0.0428838,-8.61885,-0.374878,-26.5106,18.943,-1.72256,-2.73647,15.7929,-0.158441,-111.165,-0.119789,0.00394283,0.0247735,0.0345974,-0.677014,-15.7929,11.1075,-5.24726,0.0875461,10.616,0.0840074,50.6193,-0.109176,-0.00283445,-0.0178094,0.0722134,0.3203,-10.616,7.50189,3.6285,0.247669,8.72566,0.297511,115.43,-0.088652,-0.00793355,-0.0498479,-8.72566,-0.0181645,-0.101725,0.333548,-0.103797,-3.07169,-1.79271,-0.0397617,-0.893893,-0.192859,-2.24341,0.811314,-6.02984,-0.202418,-19.956,-1.83879,-25.4095,0.62603,-16.4414,-0.617057,-47.3605,16.9113,-29.3754,-1.29913
603,0.0603,6.7335,35.2,0.223144,54.7789,-0.318241,-0.00679305,-0.042682,-8.68604,-0.426644,-26.5673,18.9849,-1.74422,-2.79424,15.8099,-0.156,-109.453,-0.119918,0.0038821,0.0243919,-0.00127206,-0.683671,-15.8099,11.1171,-5.27223,0.0669392,10.6398,0.0798294,48.1018,-0.109421,-0.00269349,-0.0169237,0.065536,0.273488,-10.6398,7.52689,3.62648,0.222298,8.75031,0.299315,116.13,-0.0889024,-0.00798166,-0.0501502,-8.75031,-0.0164623,-0.117647,0.340917,-0.0984688,-3.08348,-1.78532,-0.0327335,-0.658128,-0.106806,-2.05037,0.80139,-6.03077,-0.20344,-19.9541,-1.83725,-25.4086,0.625525,-16.5021,-0.662818,-47.1795,17.0409,-29.2032,-1.36733
604,0.0604,6.74467,35.2588,0.225283,55.7905,-0.318777,-0.00682999,-0.0429141,-8.75582,-0.445651,-26.6162,19.0211,-1.77353,-2.84768,15.834,-0.153847,-107.943,-0.120101,0.00382853,0.0240553,-0.0385962,-0.678932,-15.834,11.1291,-5.29836,0.0412903,10.6457,0.0775297,46.7161,-0.109482,-0.00261589,-0.0164361,0.0617856,0.24741,-10.6457,7.54215,3.61667,0.208171,8.77901,0.301601,117.017,-0.089194,-0.00804262,-0.0505333,-8.77901,-0.0141286,-0.136482,0.349781,-0.0918441,-3.09715,-1.93033,-0.0397614,-0.752464,-0.144026,-2.27988,0.86395,-6.03525,-0.204389,-19.954,-1.83616,-25.4134,0.625997,-16.7214,-0.689801,-47.3226,17.0409,-29.4668,-1.35774
605,0.0605,6.75583,35.3265,0.221988,53.3196,-0.319374,-0.00668657,-0.042013,-8.81528,-0.501547,-26.6747,19.0615,-1.80817,-2.91546,15.8695,-0.152509,-107.004,-0.120371,0.00379522,0.0238461,-0.0746448,-0.669668,-15.8695,11.1466,-5.32849,0.014243,10.6464,0.0700168,42.1892,-0.109489,-0.0023624,-0.0148434,0.0698661,0.179164,-10.6464,7.55438,3.60393,0.182291,8.8105,0.30448,118.134,-0.089514,-0.00811939,-0.0510156,-8.8105,-0.0110434,-0.158753,0.360433,-0.0836064,-3.11199,-1.94935,-0.0249169,-0.444302,-0.040033,-2.05176,0.856761,-6.03461,-0.204887,-19.954,-1.83552,-25.4127,0.625449,-16.7992,-0.731351,-47.073,17.1859,-29.2726,-1.43325
606,0.0606,6.767,35.4076,0.225975,55.2996,-0.320068,-0.0067754,-0.0425711,-8.88813,-0.48523,-26.7446,19.1109,-1.84621,-2.96546,15.9199,-0.149887,-105.164,-0.120753,0.00372997,0.0234361,-0.108735,-0.651662,-15.9199,11.172,-5.36291,-0.0130059,10.6421,0.0682017,41.0955,-0.109445,-0.00230116,-0.0144586,0.0661996,0.172656,-10.6421,7.56693,3.59116,0.175604,8.8456,0.30766,119.368,-0.0898705,-0.00820421,-0.0515486,-8.8456,-0.00622313,-0.182571,0.371901,-0.0744608,-3.12806,-2.01794,-0.0191336,-0.24072,0.03245,-1.95666,0.87691,-6.03498,-0.205032,-19.9542,-1.83533,-25.4133,0.625451,-16.941,-0.709396,-46.9395,17.308,-29.2162,-1.4631
607,0.0607,6.77817,35.5285,0.229048,56.6381,-0.321165,-0.00682863,-0.0429055,-8.95894,-0.473232,-26.8518,19.1835,-1.86755,-3.0213,15.9723,-0.14712,-103.223,-0.12115,0.00366112,0.0230035,-0.140579,-0.625875,-15.9723,11.1965,-5.39692,-0.0410783,10.6703,0.0648393,39.0694,-0.109735,-0.00218771,-0.0137458,0.0675273,0.15259,-10.6703,7.6022,3.59323,0.166104,8.88589,0.311329,120.792,-0.0902799,-0.00830204,-0.0521632,-8.88589,5.26393e-05,-0.209218,0.384826,-0.0638626,-3.14633,-1.8945,-0.000400153,0.127904,0.164804,-1.53057,0.811244,-6.02015,-0.204289,-19.9501,-1.83502,-25.3928,0.622053,-16.8736,-0.677922,-46.674,17.5133,-28.7909,-1.588
608,0.0608,6.78933,35.6844,0.233589,58.5491,-0.322642,-0.00693016,-0.0435435,-9.03371,-0.441684,-26.9946,19.2771,-1.86501,-3.07803,16.0171,-0.145101,-101.806,-0.12149,0.00361088,0.0226878,-0.168309,-0.590659,-16.0171,11.2132,-5.42779,-0.0700911,10.7352,0.0625841,37.7105,-0.110402,-0.00211162,-0.0132677,0.0667,0.141328,-10.7352,7.66273,3.61309,0.159298,8.9321,0.316106,122.645,-0.0907494,-0.00842942,-0.0529636,-8.9321,0.00764706,-0.242248,0.401081,-0.0503187,-3.16723,-1.9392,-0.0163474,0.154106,0.195922,-1.56644,0.84333,-5.99845,-0.202811,-19.9424,-1.83452,-25.3612,0.617352,-16.9714,-0.660843,-46.7829,17.6385,-28.7927,-1.61735
609,0.0609,6.8005,35.8865,0.239867,61.2658,-0.324547,-0.00709454,-0.0445763,-9.11759,-0.405013,-27.1814,19.3985,-1.85259,-3.13018,16.0786,-0.144087,-101.094,-0.121957,0.00358563,0.0225292,-0.196214,-0.565899,-16.0786,11.2391,-5.46205,-0.0968084,10.8242,0.0624087,37.6048,-0.111317,-0.0021057,-0.0132305,0.0623083,0.142612,-10.8242,7.74026,3.64435,0.156487,8.98369,0.321545,124.755,-0.0912735,-0.00857447,-0.053875,-8.98369,0.0182735,-0.278646,0.41913,-0.0348904,-3.18986,-1.73604,0.0127258,0.565149,0.336269,-1.01801,0.736505,-5.97983,-0.20085,-19.9425,-1.83605,-25.3405,0.613682,-16.8335,-0.593138,-46.5588,17.8988,-28.2111,-1.78
610,0.061,6.81167,36.0802,0.248855,65.5592,-0.326392,-0.00734814,-0.0461697,-9.20658,-0.340592,-27.3608,19.514,-1.83296,-3.17995,16.1308,-0.143043,-100.362,-0.122352,0.00355965,0.0223659,-0.219819,-0.532166,-16.1308,11.2565,-5.49166,-0.123411,10.9142,0.0646409,38.9499,-0.112243,-0.00218102,-0.0137037,0.048483,0.161042,-10.9142,7.81976,3.67718,0.15549,9.03524,0.327257,126.971,-0.0917973,-0.00872677,-0.0548319,-9.03524,0.0305316,-0.315832,0.437701,-0.0184906,-3.21202,-1.77829,-0.00070512,0.479002,0.319919,-1.14135,0.763836,-5.96959,-0.1989,-19.9445,-1.83788,-25.3308,0.612176,-16.9545,-0.540197,-46.8263,17.996,-28.3051,-1.80393
611,0.0611,6.82283,36.2413,0.259713,70.6998,-0.327932,-0.00766073,-0.0481338,-9.28701,-0.262211,-27.5222,19.6156,-1.80854,-3.22438,16.172,-0.14242,-99.9251,-0.122665,0.00354416,0.0222686,-0.237895,-0.49194,-16.172,11.2644,-5.51559,-0.148671,10.992,0.0680543,41.0066,-0.113043,-0.00229619,-0.0144274,0.0281524,0.186753,-10.992,7.89202,3.70651,0.153666,9.07727,0.334079,129.618,-0.0922243,-0.0089087,-0.055975,-9.07727,0.042976,-0.3582,0.459201,0.000537279,-3.22937,-1.77218,-0.00277103,0.601527,0.373174,-1.03704,0.761193,-5.95937,-0.197235,-19.9471,-1.83993,-25.3219,0.610414,-17.0186,-0.462217,-46.8677,18.1489,-28.1674,-1.85277
612,0.0612,6.834,36.3841,0.269058,74.978,-0.329289,-0.00793441,-0.0498534,-9.34293,-0.194647,-27.6823,19.7159,-1.78058,-3.25523,16.213,-0.142665,-100.097,-0.122976,0.00355025,0.0223069,-0.255555,-0.45934,-16.213,11.2703,-5.53709,-0.172009,11.0745,0.0714531,43.0546,-0.113892,-0.00241087,-0.0151479,0.0092607,0.206402,-11.0745,7.96757,3.73896,0.150702,9.09663,0.34027,132.02,-0.092421,-0.0090738,-0.0570124,-9.09663,0.058292,-0.394783,0.47799,0.017552,-3.23393,-1.525,0.0573273,0.538429,0.281171,-0.815599,0.610648,-5.9541,-0.19619,-19.9502,-1.84191,-25.319,0.609527,-16.822,-0.33351,-47.094,18.1551,-27.9152,-2.03506
613,0.0613,6.84517,36.4722,0.276172,78.2218,-0.330095,-0.00815156,-0.0512178,-9.37276,-0.131639,-27.8059,19.7928,-1.76067,-3.27236,16.2503,-0.143614,-100.763,-0.123259,0.00357386,0.0224552,-0.273519,-0.431658,-16.2503,11.272,-5.55499,-0.194654,11.1369,0.0750938,45.2483,-0.114533,-0.0025337,-0.0159197,-0.014155,0.227119,-11.1369,8.03022,3.76505,0.145175,9.08509,0.344692,133.736,-0.0923037,-0.00919172,-0.0577533,-9.08509,0.0729004,-0.418712,0.490576,0.0292767,-3.22288,-1.95679,-0.0509776,0.552,0.409857,-1.28727,0.875828,-5.95001,-0.195593,-19.9517,-1.84324,-25.3159,0.608681,-17.2796,-0.378209,-47.2055,18.3594,-28.3639,-1.78785
614,0.0614,6.85633,36.5334,0.27528,78.0873,-0.330644,-0.00815247,-0.0512235,-9.36958,-0.0800807,-27.8883,19.8467,-1.74945,-3.27708,16.2818,-0.145076,-101.788,-0.123498,0.00361024,0.0226838,-0.288625,-0.403332,-16.2818,11.2683,-5.56848,-0.216014,11.2052,0.078217,47.1302,-0.115236,-0.00263908,-0.0165818,-0.0346104,0.240308,-11.2052,8.09667,3.79503,0.13856,9.04634,0.342139,132.745,-0.0919101,-0.00912363,-0.0573255,-9.04634,0.0829436,-0.401278,0.481731,0.0239921,-3.19962,-1.66732,0.0232085,0.434042,0.279839,-1.06434,0.698627,-5.94582,-0.195171,-19.9483,-1.84337,-25.3081,0.607837,-16.9827,-0.252043,-47.4026,18.2832,-28.1219,-1.97062
615,0.0615,6.8675,36.5745,0.271733,76.958,-0.331005,-0.00808583,-0.0508048,-9.36079,-0.0254301,-27.9373,19.8801,-1.74269,-3.2794,16.3067,-0.14671,-102.935,-0.123687,0.00365092,0.0229394,-0.297291,-0.37223,-16.3067,11.2591,-5.57724,-0.233927,11.2647,0.0817576,49.2636,-0.115847,-0.00275854,-0.0173324,-0.0603912,0.254658,-11.2647,8.15733,3.8234,0.129026,9.00311,0.336686,130.63,-0.0914708,-0.00897821,-0.0564118,-9.00311,0.0921421,-0.36592,0.463704,0.0111483,-3.1745,-1.68728,0.0150485,0.448907,0.296717,-1.07505,0.714563,-5.94106,-0.194878,-19.9466,-1.84371,-25.3012,0.606768,-16.9891,-0.205259,-47.435,18.3331,-28.119,-1.95807
616,0.0616,6.87867,36.6096,0.268523,75.9897,-0.331337,-0.00802677,-0.0504337,-9.35304,0.0220474,-27.9755,19.9044,-1.72663,-3.28336,16.3188,-0.148146,-103.942,-0.123778,0.00368664,0.0231638,-0.302164,-0.342152,-16.3188,11.2399,-5.57908,-0.248637,11.3252,0.0851463,51.3056,-0.116469,-0.00287288,-0.0180509,-0.0852791,0.264592,-11.3252,8.21818,3.85397,0.118412,8.96559,0.331523,128.626,-0.0910897,-0.00884053,-0.0555467,-8.96559,0.0996071,-0.331539,0.446339,-0.00151854,-3.15313,-1.86417,-0.0139229,0.156875,0.208701,-1.50614,0.810832,-5.93928,-0.194801,-19.9419,-1.84313,-25.2949,0.606471,-17.1565,-0.186677,-47.7605,18.27,-28.5276,-1.86606
617,0.0617,6.88983,36.6442,0.265877,75.1891,-0.331676,-0.00798394,-0.0501646,-9.3452,0.0680166,-28.0109,19.925,-1.70425,-3.28871,16.3269,-0.149818,-105.116,-0.12384,0.00372827,0.0234254,-0.299556,-0.309437,-16.3269,11.2173,-5.57692,-0.259186,11.3831,0.0886451,53.4137,-0.117065,-0.00299093,-0.0187926,-0.111398,0.272058,-11.3831,8.27668,3.88545,0.106172,8.93425,0.327051,126.891,-0.0907712,-0.00872127,-0.0547974,-8.93425,0.105395,-0.300904,0.431009,-0.0127891,-3.13569,-1.91094,-0.0282238,0.346013,0.302664,-1.4072,0.841307,-5.93897,-0.194884,-19.9397,-1.84291,-25.2925,0.606454,-17.1951,-0.155092,-47.6045,18.3848,-28.404,-1.84094
618,0.0618,6.901,36.6791,0.263748,74.5416,-0.332029,-0.00795644,-0.0499918,-9.34262,0.107555,-28.0447,19.943,-1.67416,-3.2974,16.3302,-0.151748,-106.47,-0.123865,0.00377629,0.0237271,-0.296342,-0.279404,-16.3302,11.1913,-5.57007,-0.268689,11.4408,0.0922984,55.6151,-0.117658,-0.0031142,-0.0195671,-0.138237,0.277075,-11.4408,8.33418,3.91865,0.0927171,8.90804,0.323198,125.396,-0.090505,-0.00861854,-0.0541519,-8.90804,0.109885,-0.273701,0.417525,-0.0227315,-3.12143,-1.92579,-0.0190865,0.175122,0.220096,-1.56062,0.839609,-5.94177,-0.195181,-19.9388,-1.8427,-25.2949,0.607152,-17.2102,-0.106713,-47.8084,18.3204,-28.5296,-1.85064
619,0.0619,6.91217,36.7144,0.262405,74.2697,-0.332391,-0.00795013,-0.0499522,-9.33689,0.143246,-28.0782,19.9589,-1.63847,-3.30404,16.3319,-0.153505,-107.702,-0.123878,0.00382,0.0240018,-0.285448,-0.249709,-16.3319,11.1638,-5.55998,-0.272505,11.4967,0.0960267,57.8616,-0.118233,-0.00323999,-0.0203575,-0.165563,0.27956,-11.4967,8.38939,3.95295,0.078103,8.88588,0.319883,124.11,-0.0902798,-0.00853014,-0.0535965,-8.88588,0.113395,-0.249614,0.40569,-0.0314389,-3.10964,-2.20043,-0.0728628,0.125281,0.256748,-1.89993,0.994285,-5.9491,-0.195801,-19.9406,-1.84273,-25.3048,0.608806,-17.4864,-0.125418,-47.8935,18.3729,-28.8432,-1.70095
620,0.062,6.92333,36.7477,0.262153,74.6339,-0.332736,-0.00797096,-0.050083,-9.32063,0.17262,-28.109,19.9711,-1.59835,-3.30298,16.3316,-0.154521,-108.416,-0.123876,0.0038453,0.0241607,-0.262472,-0.221928,-16.3316,11.1346,-5.54686,-0.266459,11.5493,0.0996664,60.0547,-0.118774,-0.0033628,-0.0211291,-0.19132,0.278414,-11.5493,8.44127,3.98759,0.0632245,8.86684,0.317007,122.995,-0.0900864,-0.00845346,-0.0531147,-8.86684,0.116134,-0.228177,0.395238,-0.0390813,-3.09974,-2.39024,-0.0972504,-0.164014,0.161047,-2.34069,1.09089,-5.95785,-0.196566,-19.9431,-1.8427,-25.317,0.61075,-17.6687,-0.121197,-48.2162,18.2894,-29.256,-1.60134
621,0.0621,6.9345,36.7849,0.261867,74.9143,-0.333099,-0.00798727,-0.0501855,-9.2975,0.191368,-28.1436,19.9852,-1.55825,-3.29723,16.3398,-0.155431,-109.054,-0.123938,0.00386793,0.0243029,-0.234674,-0.199301,-16.3398,11.1118,-5.53343,-0.255226,11.5949,0.102819,61.9542,-0.119243,-0.00346916,-0.0217974,-0.212591,0.272453,-11.5949,8.48748,4.02102,0.0493161,8.85023,0.314479,122.014,-0.0899176,-0.00838604,-0.052691,-8.85023,0.118215,-0.20889,0.3859,-0.0458497,-3.09132,-2.48075,-0.105662,-0.211817,0.148337,-2.4766,1.13342,-5.96835,-0.197447,-19.9449,-1.84234,-25.3304,0.613104,-17.7466,-0.111741,-48.3003,18.2911,-29.3652,-1.55071
622,0.0622,6.94567,36.7962,0.26161,75.287,-0.333248,-0.00798991,-0.0502021,-9.24361,0.19699,-28.1524,19.9789,-1.51062,-3.27151,16.3281,-0.15493,-108.702,-0.123849,0.00385547,0.0242246,-0.189069,-0.18096,-16.3281,11.0741,-5.51133,-0.228656,11.6328,0.104289,62.8401,-0.119633,-0.00351877,-0.0221091,-0.219242,0.258157,-11.6328,8.5272,4.05255,0.0410706,8.8353,0.31225,121.149,-0.0897659,-0.00832661,-0.0523176,-8.8353,0.119792,-0.191528,0.377546,-0.0518455,-3.08392,-2.66786,-0.14062,-0.47118,0.078847,-2.8949,1.23863,-5.97391,-0.198174,-19.9463,-1.84197,-25.338,0.614272,-17.8854,-0.141804,-48.5699,18.2157,-29.7435,-1.41861
623,0.0623,6.95683,36.79,0.259983,74.9388,-0.333271,-0.0079307,-0.0498301,-9.14425,0.18621,-28.1441,19.9575,-1.45246,-3.21709,16.2968,-0.152854,-107.246,-0.123612,0.0038038,0.0239,-0.123798,-0.168288,-16.2968,11.0223,-5.48029,-0.184823,11.6716,0.102573,61.806,-0.120032,-0.00346086,-0.0217452,-0.198835,0.233601,-11.6716,8.56524,4.08505,0.0450535,8.82161,0.310264,120.378,-0.0896268,-0.00827365,-0.0519848,-8.82161,0.120897,-0.175714,0.369986,-0.0572246,-3.07732,-2.74193,-0.149319,-0.741251,-0.0229499,-3.19136,1.27646,-5.97701,-0.198817,-19.9439,-1.84073,-25.3391,0.614878,-17.8632,-0.161927,-48.8292,18.0939,-29.9829,-1.32575
624,0.0624,6.968,36.7656,0.25891,74.9675,-0.333126,-0.00788128,-0.0495195,-9.02491,0.17244,-28.1179,19.9243,-1.39134,-3.14503,16.2578,-0.149927,-105.192,-0.123316,0.00373097,0.0234424,-0.0461952,-0.161646,-16.2578,10.9663,-5.44357,-0.129493,11.6989,0.100369,60.4783,-0.120312,-0.00338652,-0.0212781,-0.169853,0.212524,-11.6989,8.59496,4.11433,0.0558056,8.80886,0.308468,119.681,-0.0894973,-0.00822574,-0.0516838,-8.80886,0.121562,-0.161169,0.363069,-0.0620989,-3.07134,-2.66431,-0.14298,-0.458288,0.0888237,-2.87834,1.23957,-5.9777,-0.199327,-19.9403,-1.83937,-25.3365,0.614933,-17.6669,-0.169866,-48.5165,18.1738,-29.6061,-1.29053
625,0.0625,6.97917,36.741,0.258501,75.4531,-0.332944,-0.00784501,-0.0492917,-8.89008,0.157026,-28.0918,19.8944,-1.33497,-3.05735,16.2321,-0.146083,-102.495,-0.123121,0.00363531,0.0228413,0.0397332,-0.16179,-16.2321,10.9223,-5.40793,-0.0651685,11.712,0.0977533,58.902,-0.120448,-0.00329825,-0.0207235,-0.132875,0.196996,-11.712,8.61539,4.13951,0.0737235,8.79694,0.30683,119.046,-0.0893761,-0.00818208,-0.0514095,-8.79694,0.12182,-0.147699,0.356695,-0.0665455,-3.0659,-2.55788,-0.132639,-0.0685831,0.239784,-2.44987,1.18729,-5.97955,-0.199735,-19.9434,-1.83963,-25.3415,0.6152,-17.4275,-0.175348,-48.1038,18.2945,-29.1263,-1.25486
626,0.0626,6.99033,36.7179,0.25783,75.7752,-0.332772,-0.00779678,-0.0489886,-8.72584,0.135901,-28.0675,19.8683,-1.2756,-2.94373,16.2086,-0.141995,-99.6268,-0.122943,0.00353358,0.0222021,0.146873,-0.173024,-16.2086,10.884,-5.37023,0.0179488,11.7237,0.0944917,56.9367,-0.120568,-0.0031882,-0.020032,-0.0871064,0.187173,-11.7237,8.63354,4.16522,0.0991894,8.78561,0.305333,118.465,-0.0892611,-0.00814215,-0.0511587,-8.78561,0.121752,-0.135229,0.350818,-0.0705973,-3.06087,-2.50266,-0.117458,0.155573,0.314661,-2.20542,1.15096,-5.97969,-0.199923,-19.9407,-1.83887,-25.339,0.615238,-17.2082,-0.181479,-47.8526,18.3441,-28.82,-1.17753
627,0.0627,7.0015,36.726,0.257036,75.9974,-0.332846,-0.00774367,-0.0486549,-8.55216,0.107865,-28.0748,19.8665,-1.22007,-2.81667,16.2123,-0.137919,-96.7669,-0.122971,0.00343214,0.0215648,0.258164,-0.19799,-16.2123,10.8688,-5.33892,0.10847,11.7389,0.0910056,54.8361,-0.120724,-0.00307058,-0.019293,-0.0355029,0.18447,-11.7389,8.65229,4.19315,0.131044,8.77482,0.303949,117.928,-0.0891514,-0.00810524,-0.0509267,-8.77482,0.121385,-0.123628,0.345364,-0.074303,-3.05619,-2.33533,-0.0998077,0.805386,0.564994,-1.50393,1.06752,-5.97648,-0.199835,-19.9429,-1.83954,-25.3375,0.614392,-16.864,-0.191778,-47.2123,18.5919,-28.0615,-1.13476
628,0.0628,7.01267,36.7741,0.255613,75.7366,-0.333239,-0.00767607,-0.0482302,-8.37588,0.0724874,-28.1224,19.894,-1.17078,-2.68059,16.2505,-0.13468,-94.4945,-0.123261,0.00335154,0.0210584,0.368857,-0.238241,-16.2505,10.8811,-5.31678,0.202737,11.7591,0.0876298,52.802,-0.120932,-0.00295668,-0.0185773,0.0197914,0.189955,-11.7591,8.67264,4.22368,0.168489,8.76453,0.302663,117.429,-0.0890469,-0.00807094,-0.0507112,-8.76453,0.120773,-0.11283,0.340295,-0.0776883,-3.05182,-2.58359,-0.134856,0.429333,0.447689,-2.07485,1.19593,-5.9769,-0.199699,-19.9447,-1.84022,-25.3397,0.61449,-16.9364,-0.262068,-47.6378,18.5015,-28.5853,-0.870166
629,0.0629,7.02383,36.8492,0.253207,74.7268,-0.333853,-0.00758697,-0.0476703,-8.20165,0.0314164,-28.1973,19.9415,-1.12338,-2.53965,16.3096,-0.13283,-93.1962,-0.123709,0.0033055,0.0207691,0.475969,-0.292113,-16.3096,10.911,-5.29951,0.297557,11.785,0.0845688,50.9576,-0.121198,-0.0028534,-0.0179284,0.0770335,0.203583,-11.785,8.69494,4.25692,0.210489,8.75465,0.301468,116.965,-0.0889465,-0.00803907,-0.0505109,-8.75465,0.119947,-0.102757,0.335575,-0.080788,-3.0477,-2.61396,-0.126782,0.546952,0.481794,-2.01087,1.19946,-5.9689,-0.19922,-19.9463,-1.84125,-25.3323,0.612452,-16.7845,-0.294586,-47.5966,18.5821,-28.4665,-0.727742
630,0.063,7.035,36.9562,0.246808,70.8318,-0.334729,-0.0074037,-0.0465188,-8.02484,-0.0208929,-28.3044,20.0124,-1.07959,-2.39174,16.3934,-0.135629,-95.1604,-0.124345,0.00337516,0.0212068,0.585789,-0.365225,-16.3934,10.9614,-5.28901,0.395931,11.8176,0.0820789,49.4573,-0.121534,-0.00276939,-0.0174006,0.134536,0.225365,-11.8176,8.71981,4.29304,0.256117,8.74516,0.300358,116.535,-0.0888501,-0.00800948,-0.050325,-8.74516,0.118967,-0.0933762,0.331186,-0.0836174,-3.04379,-2.8729,-0.16671,-0.00906726,0.294822,-2.74299,1.33772,-5.96036,-0.198651,-19.9477,-1.8424,-25.3242,0.610226,-16.8581,-0.386254,-48.2612,18.4648,-29.1468,-0.443799
631,0.0631,7.04617,37.0945,0.238708,65.6334,-0.33586,-0.00718601,-0.045151,-7.86057,-0.0835458,-28.4432,20.106,-1.03933,-2.24546,16.5014,-0.14108,-98.9846,-0.125164,0.0035108,0.022059,0.684945,-0.456737,-16.5014,11.0316,-5.285,0.490178,11.8571,0.0804647,48.4846,-0.12194,-0.00271492,-0.0170584,0.190484,0.255312,-11.8571,8.74729,4.33187,0.304404,8.736,0.299323,116.133,-0.088757,-0.00798189,-0.0501517,-8.736,0.117879,-0.0846403,0.327101,-0.0861984,-3.04004,-2.78063,-0.1572,0.191983,0.369972,-2.48777,1.29277,-5.94694,-0.198001,-19.9459,-1.8429,-25.3075,0.606664,-16.5881,-0.438747,-48.1971,18.633,-28.8346,-0.346023
632,0.0632,7.05733,37.2593,0.231674,61.0574,-0.337216,-0.00700413,-0.0440083,-7.72405,-0.147183,-28.6085,20.2185,-1.00001,-2.11207,16.6274,-0.146574,-102.839,-0.126119,0.00364752,0.022918,0.759069,-0.55692,-16.6274,11.1169,-5.28511,0.569615,11.9047,0.0798881,48.1372,-0.12243,-0.00269547,-0.0169361,0.244028,0.293134,-11.9047,8.77828,4.37366,0.354814,8.72715,0.298359,115.76,-0.0886671,-0.00795619,-0.0499902,-8.72715,0.116603,-0.0763836,0.323257,-0.0885697,-3.03649,-3.05604,-0.234776,0.0172186,0.387838,-2.94254,1.47057,-5.9308,-0.197506,-19.945,-1.84349,-25.2886,0.60218,-16.7109,-0.579465,-48.5363,18.7628,-29.2311,-0.0393111
633,0.0633,7.0685,37.4308,0.222657,54.9554,-0.338643,-0.00678343,-0.0426215,-7.59344,-0.220907,-28.7808,20.3384,-0.957642,-1.97613,16.7524,-0.155284,-108.951,-0.127068,0.00386428,0.02428,0.829787,-0.675019,-16.7524,11.2064,-5.2848,0.649306,11.9598,0.0804866,48.4978,-0.122995,-0.00271566,-0.017063,0.295365,0.338868,-11.9598,8.81232,4.4179,0.407634,8.71859,0.297454,115.408,-0.0885801,-0.00793204,-0.0498385,-8.71859,0.115244,-0.068659,0.319661,-0.0907403,-3.03307,-3.25484,-0.269285,-0.685129,0.13844,-3.72503,1.58193,-5.92097,-0.197413,-19.9455,-1.84408,-25.278,0.599146,-16.7693,-0.687605,-49.4114,18.6327,-29.9607,0.204948
634,0.0634,7.07967,37.6012,0.214751,49.4844,-0.340076,-0.00660166,-0.0414794,-7.49321,-0.292676,-28.9521,20.4603,-0.911548,-1.85579,16.8711,-0.164218,-115.219,-0.127968,0.00408661,0.0256769,0.872299,-0.798828,-16.8711,11.2962,-5.28226,0.710806,12.0196,0.082343,49.6164,-0.123611,-0.0027783,-0.0174566,0.344946,0.392444,-12.0196,8.8478,4.46349,0.463241,8.71046,0.296626,115.087,-0.0884975,-0.00790997,-0.0496998,-8.71046,0.113708,-0.0613494,0.316291,-0.0927784,-3.02984,-3.29172,-0.289069,-0.327082,0.308048,-3.48411,1.61288,-5.91469,-0.197633,-19.9434,-1.84381,-25.269,0.59705,-16.6996,-0.779378,-49.2225,18.9245,-29.6647,0.354131
635,0.0635,7.09083,37.746,0.209113,45.4131,-0.341319,-0.00648975,-0.0407763,-7.43642,-0.351399,-29.0971,20.5689,-0.858725,-1.76271,16.9631,-0.172513,-121.039,-0.128665,0.00429304,0.0269739,0.873973,-0.917093,-16.9631,11.3742,-5.2725,0.742408,12.0798,0.0856885,51.6323,-0.12423,-0.00289118,-0.0181658,0.392812,0.453998,-12.0798,8.88155,4.50859,0.521942,8.70321,0.295938,114.82,-0.0884239,-0.00789161,-0.0495845,-8.70321,0.111696,-0.0542568,0.313144,-0.0948124,-3.02706,-3.33135,-0.292705,-0.407825,0.275956,-3.58922,1.63213,-5.91039,-0.198125,-19.9377,-1.84232,-25.2588,0.595468,-16.6782,-0.842229,-49.4426,19.0026,-29.7068,0.464885
636,0.0636,7.102,37.838,0.209242,45.2413,-0.342147,-0.0065348,-0.0410594,-7.44339,-0.36638,-29.1901,20.6494,-0.796891,-1.71836,17.0068,-0.17655,-123.871,-0.128997,0.00439348,0.0276051,0.815187,-0.998652,-17.0068,11.4292,-5.2515,0.72373,12.1356,0.0905552,54.5647,-0.124804,-0.00305538,-0.0191975,0.437021,0.522417,-12.1356,8.91004,4.55119,0.582011,8.6956,0.295236,114.548,-0.0883465,-0.00787291,-0.0494669,-8.6956,0.109855,-0.0477083,0.310173,-0.0965819,-3.0241,-3.35991,-0.310537,-0.143635,0.406633,-3.41262,1.6582,-5.91595,-0.199065,-19.9372,-1.8414,-25.2646,0.596192,-16.7193,-0.875981,-49.271,19.2146,-29.4741,0.536029
637,0.0637,7.11317,37.9128,0.217685,50.6937,-0.342821,-0.00679969,-0.0427237,-7.52107,-0.320549,-29.265,20.7211,-0.739936,-1.73231,17.0424,-0.173908,-122.018,-0.129267,0.00432775,0.0271921,0.692066,-1.02376,-17.0424,11.4843,-5.23051,0.648002,12.1816,0.0968391,58.3511,-0.125277,-0.0032674,-0.0205297,0.475636,0.596288,-12.1816,8.92938,4.58905,0.641486,8.68878,0.294754,114.361,-0.0882772,-0.00786004,-0.0493861,-8.68878,0.106927,-0.0410322,0.307394,-0.0984795,-3.0218,-3.58165,-0.357654,-0.53023,0.301972,-3.96816,1.78797,-5.92566,-0.200208,-19.938,-1.84042,-25.2761,0.59793,-17.0284,-0.87841,-49.7332,19.1827,-29.9842,0.653584
638,0.0638,7.12433,37.9779,0.233623,61.2993,-0.343387,-0.00725905,-0.0456099,-7.64744,-0.210745,-29.3301,20.7887,-0.694298,-1.79149,17.081,-0.164715,-115.568,-0.12956,0.00409898,0.0257546,0.528594,-0.988264,-17.081,11.5469,-5.21447,0.530603,12.2143,0.104009,62.6714,-0.125614,-0.00350932,-0.0220497,0.506476,0.673649,-12.2143,8.93697,4.62047,0.697608,8.68251,0.294329,114.196,-0.0882136,-0.0078487,-0.0493148,-8.68251,0.10387,-0.0347924,0.304827,-0.100299,-3.0197,-3.87182,-0.396344,-1.53546,-0.0711881,-5.08757,1.9395,-5.93117,-0.201198,-19.9352,-1.8387,-25.2797,0.598825,-17.4504,-0.808287,-50.8008,18.8789,-31.0615,0.746835
639,0.0639,7.1355,38.057,0.252154,73.698,-0.34402,-0.00778426,-0.04891,-7.79205,-0.0601047,-29.4095,20.8643,-0.666133,-1.87431,17.1483,-0.15311,-107.425,-0.13007,0.00381018,0.02394,0.358411,-0.911767,-17.1483,11.6301,-5.20885,0.397473,12.2322,0.111322,67.0779,-0.125798,-0.00375607,-0.0236001,0.526022,0.750932,-12.2322,8.93178,4.64473,0.745902,8.67648,0.293942,114.045,-0.0881523,-0.00783837,-0.04925,-8.67648,0.10073,-0.0289776,0.302449,-0.102009,-3.01769,-4.07567,-0.446542,-1.64152,-0.0579805,-5.39989,2.06441,-5.93845,-0.202193,-19.9332,-1.83704,-25.2858,0.600258,-17.8062,-0.70884,-50.9841,18.9693,-31.3518,0.790354
640,0.064,7.14667,38.0939,0.268291,84.4169,-0.344293,-0.00824815,-0.0518246,-7.91943,0.0813557,-29.4468,20.91,-0.640147,-1.94704,17.1881,-0.143754,-100.861,-0.130372,0.00357735,0.0224771,0.218699,-0.840667,-17.1881,11.6957,-5.19824,0.285292,12.2353,0.118422,71.3558,-0.125829,-0.00399561,-0.0251051,0.53236,0.824768,-12.2353,8.91408,4.66173,0.783479,8.67049,0.293623,113.922,-0.0880915,-0.00782989,-0.0491967,-8.67049,0.0972542,-0.0234498,0.300247,-0.103633,-3.01581,-4.06339,-0.44927,-1.69201,-0.0739014,-5.42841,2.06304,-5.94529,-0.203009,-19.9312,-1.83555,-25.2916,0.601768,-17.9281,-0.570924,-51.0701,19.0005,-31.3601,0.717777
641,0.0641,7.15783,38.0628,0.282892,94.0906,-0.344011,-0.00866957,-0.0544725,-8.0397,0.222974,-29.416,20.9086,-0.610021,-2.02001,17.1744,-0.135495,-95.0666,-0.130268,0.00337184,0.0211859,0.0994492,-0.763735,-17.1744,11.7265,-5.17588,0.184494,12.2233,0.125032,75.3392,-0.125706,-0.00421866,-0.0265066,0.525942,0.893115,-12.2233,8.8839,4.67107,0.809661,8.66509,0.293355,113.818,-0.0880366,-0.00782275,-0.0491518,-8.66509,0.0935938,-0.018308,0.298233,-0.105213,-3.01417,-4.22358,-0.465449,-2.387,-0.342017,-6.15617,2.14278,-5.95382,-0.203671,-19.9298,-1.83427,-25.2997,0.603878,-18.2171,-0.446146,-51.7328,18.7323,-32.0659,0.726642
642,0.0642,7.169,38.0324,0.294158,101.508,-0.343688,-0.00900092,-0.0565545,-8.14488,0.343686,-29.3864,20.9061,-0.598576,-2.08416,17.1783,-0.129763,-91.0443,-0.130298,0.00322917,0.0202895,0.00752527,-0.699955,-17.1783,11.7698,-5.16354,0.104695,12.1946,0.130849,78.8438,-0.12541,-0.0044149,-0.0277396,0.507156,0.953643,-12.1946,8.84,4.67162,0.823595,8.65956,0.293072,113.708,-0.0879804,-0.0078152,-0.0491043,-8.65956,0.0899981,-0.0135733,0.296347,-0.106653,-3.01245,-3.97092,-0.482715,-0.174864,0.597395,-4.12803,2.05184,-5.96011,-0.203929,-19.9303,-1.83384,-25.3072,0.605702,-18.0759,-0.342957,-49.4916,19.6697,-30.0338,0.573385
643,0.0643,7.18017,37.9929,0.300815,105.799,-0.343248,-0.0092074,-0.0578518,-8.23904,0.429118,-29.3478,20.8952,-0.604319,-2.14,17.1912,-0.127504,-89.4597,-0.130396,0.00317297,0.0199364,-0.0615993,-0.661864,-17.1912,11.819,-5.15871,0.0458674,12.1474,0.135511,81.653,-0.124925,-0.00457221,-0.028728,0.476947,1.00451,-12.1474,8.78153,4.66242,0.824938,8.65439,0.292809,113.606,-0.0879278,-0.00780817,-0.0490602,-8.65439,0.0864685,-0.00926155,0.294627,-0.10803,-3.01081,-4.42735,-0.598427,-0.206059,0.715725,-4.66205,2.33269,-5.96678,-0.203789,-19.9302,-1.83381,-25.3146,0.607981,-18.6332,-0.373098,-49.4841,19.7771,-30.581,0.800664
644,0.0644,7.19133,37.9195,0.301439,105.949,-0.342498,-0.00925287,-0.0581375,-8.31286,0.444496,-29.2755,20.8586,-0.621564,-2.17332,17.1894,-0.130135,-91.3057,-0.130382,0.00323844,0.0203477,-0.099808,-0.681311,-17.1894,11.8571,-5.15533,0.0227312,12.081,0.138924,83.7097,-0.124243,-0.00468737,-0.0294516,0.436061,1.04365,-12.081,8.70838,4.64311,0.81339,8.64911,0.29265,113.544,-0.0878742,-0.00780395,-0.0490336,-8.64911,0.0821537,-0.00509016,0.293075,-0.109344,-3.00944,-2.99783,-0.318925,1.93835,1.29377,-1.3771,1.5192,-5.96279,-0.202991,-19.9279,-1.83407,-25.308,0.607885,-17.2735,-0.0774196,-47.265,20.3183,-27.3067,-0.046231
645,0.0645,7.2025,37.8037,0.29747,103.004,-0.341382,-0.00917348,-0.0576387,-8.38392,0.408715,-29.1608,20.7905,-0.646617,-2.19971,17.1622,-0.136138,-95.5175,-0.130176,0.00338783,0.0212863,-0.126516,-0.740989,-17.1622,11.8766,-5.15024,0.0174834,11.9971,0.141153,85.053,-0.12338,-0.00476259,-0.0299242,0.386961,1.07146,-11.9971,8.62224,4.6142,0.790884,8.64437,0.292454,113.468,-0.0878261,-0.00779872,-0.0490008,-8.64437,0.0782486,-0.00143459,0.291659,-0.110575,-3.00808,-4.09644,-0.498939,-0.551942,0.460525,-4.56727,2.11702,-5.95943,-0.201863,-19.9306,-1.83579,-25.3069,0.60809,-18.4398,-0.292087,-49.6434,19.4153,-30.5207,0.525404
646,0.0646,7.21367,37.6432,0.290505,98.0736,-0.339886,-0.00901068,-0.0566158,-8.45372,0.315501,-29.0022,20.6896,-0.676896,-2.21653,17.1054,-0.14409,-101.097,-0.129745,0.00358571,0.0225297,-0.146578,-0.847755,-17.1054,11.8735,-5.14214,0.0303774,11.8987,0.142391,85.7988,-0.122368,-0.00480435,-0.0301866,0.332026,1.08881,-11.8987,8.52577,4.57691,0.759603,8.63916,0.292204,113.371,-0.0877732,-0.00779204,-0.0489588,-8.63916,0.0744436,0.00190718,0.290298,-0.111662,-3.00651,-3.61171,-0.389686,-0.143812,0.508653,-3.70219,1.8293,-5.95695,-0.200561,-19.9291,-1.83679,-25.3027,0.608669,-18.0224,-0.274747,-49.0751,19.3614,-29.6817,0.221437
647,0.0647,7.22483,37.4485,0.283033,92.8665,-0.338101,-0.0088268,-0.0554604,-8.5399,0.207734,-28.809,20.5627,-0.711453,-2.24699,17.0246,-0.151635,-106.39,-0.129132,0.00377347,0.0237094,-0.178819,-0.9595,-17.0246,11.8515,-5.1314,0.0367421,11.7893,0.142664,85.963,-0.121243,-0.00481354,-0.0302444,0.27343,1.09681,-11.7893,8.42201,4.53269,0.721484,8.63451,0.292005,113.294,-0.0877259,-0.00778673,-0.0489255,-8.63451,0.0704199,0.00493702,0.289102,-0.112742,-3.00521,-4.15982,-0.502027,-0.788959,0.366974,-4.82244,2.14468,-5.95483,-0.199319,-19.9297,-1.83814,-25.3009,0.60918,-18.6545,-0.493612,-49.5277,19.0915,-30.8348,0.506876
648,0.0648,7.236,37.2311,0.275449,87.7003,-0.336125,-0.00863224,-0.054238,-8.64176,0.0971262,-28.5939,20.4184,-0.749644,-2.29265,16.9285,-0.158318,-111.079,-0.128403,0.00393978,0.0247544,-0.225017,-1.06669,-16.9285,11.8162,-5.11941,0.0326633,11.673,0.14207,85.605,-0.120047,-0.0047935,-0.0301185,0.212803,1.09679,-11.673,8.31431,4.48343,0.678241,8.62954,0.291697,113.175,-0.0876754,-0.00777852,-0.0488739,-8.62954,0.0670346,0.00764325,0.287899,-0.113671,-3.00355,-3.05662,-0.251354,-0.0054005,0.412013,-2.97346,1.48854,-5.95049,-0.198415,-19.9291,-1.83887,-25.2955,0.608718,-17.6489,-0.352643,-48.5285,18.9915,-29.0186,-0.195387
649,0.0649,7.24717,37.0064,0.26885,83.3419,-0.334086,-0.00845458,-0.0531217,-8.75951,0.010661,-28.3717,20.2676,-0.79207,-2.35979,16.828,-0.163068,-114.412,-0.127641,0.00405799,0.0254971,-0.286297,-1.14456,-16.828,11.7751,-5.10851,0.0103089,11.5538,0.140632,84.7392,-0.11882,-0.00474501,-0.0298138,0.151367,1.09073,-11.5538,8.20582,4.43096,0.631463,8.62458,0.291286,113.015,-0.087625,-0.00776755,-0.048805,-8.62458,0.0644905,0.0100513,0.286684,-0.11453,-3.00156,-3.67256,-0.382645,-0.731539,0.258418,-4.2363,1.84771,-5.94667,-0.19807,-19.9289,-1.83916,-25.2911,0.607851,-18.3787,-0.570053,-49.0322,18.6869,-30.3194,0.0957741
650,0.065,7.25833,36.7845,0.26275,79.452,-0.332073,-0.00827926,-0.0520201,-8.88849,-0.0548261,-28.1524,20.1173,-0.837869,-2.44603,16.729,-0.166167,-116.586,-0.12689,0.00413511,0.0259816,-0.35773,-1.19416,-16.729,11.7322,-5.09954,-0.0267891,11.4357,0.138063,83.1907,-0.117606,-0.00465831,-0.029269,0.0891105,1.07718,-11.4357,8.09958,4.37706,0.580333,8.61987,0.290855,112.848,-0.0875771,-0.00775606,-0.0487328,-8.61987,0.0621558,0.0122505,0.285519,-0.115392,-2.99957,-3.75456,-0.41591,-0.41136,0.429146,-4.07771,1.90768,-5.94252,-0.198256,-19.9265,-1.83852,-25.2842,0.606423,-18.5856,-0.668992,-48.4903,18.7079,-30.1997,0.0680747
651,0.0651,7.2695,36.563,0.25525,74.7991,-0.330049,-0.00804859,-0.0505708,-9.02438,-0.122393,-27.9332,19.9651,-0.889889,-2.55356,16.6349,-0.168377,-118.137,-0.126176,0.0041901,0.0263272,-0.434929,-1.22265,-16.6349,11.6897,-5.09288,-0.073968,11.3126,0.13317,80.2428,-0.11634,-0.00449324,-0.0282318,0.0260374,1.04057,-11.3126,7.99091,4.31927,0.518179,8.61549,0.290457,112.693,-0.0875327,-0.00774545,-0.0486661,-8.61549,0.0596849,0.0142594,0.284457,-0.116273,-2.99777,-3.90876,-0.460214,-0.312984,0.519435,-4.17416,2.00634,-5.93985,-0.198892,-19.9228,-1.83722,-25.2777,0.605005,-18.873,-0.781499,-48.1691,18.6473,-30.3417,0.057787
652,0.0652,7.28067,36.3495,0.246919,69.6693,-0.328104,-0.00778787,-0.0489326,-9.16085,-0.191103,-27.7219,19.8167,-0.941559,-2.67136,16.5422,-0.170357,-119.527,-0.125473,0.00423939,0.0266369,-0.515725,-1.23827,-16.5422,11.645,-5.0872,-0.127657,11.1958,0.127223,76.6592,-0.115139,-0.00429257,-0.026971,-0.0337018,0.989951,-11.1958,7.88827,4.2628,0.452379,8.61143,0.290053,112.537,-0.0874914,-0.00773468,-0.0485984,-8.61143,0.0572174,0.0160827,0.283453,-0.117164,-2.99609,-2.95478,-0.292011,1.49149,1.07933,-1.68947,1.47818,-5.93812,-0.199845,-19.9237,-1.83655,-25.2766,0.603431,-18.0537,-0.682959,-46.1542,19.0595,-27.9076,-0.589748
653,0.0653,7.29183,36.1617,0.236043,63.0133,-0.326395,-0.00743975,-0.0467453,-9.29147,-0.303291,-27.5363,19.6834,-0.991808,-2.80879,16.4597,-0.172191,-120.813,-0.124847,0.00428501,0.0269235,-0.600906,-1.24516,-16.4597,11.6044,-5.08472,-0.187144,11.0942,0.118548,71.4322,-0.114094,-0.00399988,-0.025132,-0.0828343,0.887294,-11.0942,7.7965,4.21098,0.372973,8.60773,0.289685,112.394,-0.0874538,-0.00772487,-0.0485368,-8.60773,0.0545729,0.0176996,0.282561,-0.118072,-2.99462,-4.33138,-0.584649,0.20385,0.872983,-4.24342,2.27905,-5.94077,-0.201146,-19.9264,-1.8358,-25.282,0.60264,-19.5636,-1.08909,-47.2588,18.7206,-30.5173,0.0729
654,0.0654,7.303,36.0078,0.225653,56.6945,-0.325016,-0.00710422,-0.0446371,-9.41796,-0.380422,-27.3843,19.5734,-1.03564,-2.94115,16.3848,-0.173589,-121.794,-0.124279,0.0043198,0.0271421,-0.68716,-1.23622,-16.3848,11.5662,-5.08447,-0.252129,11.0187,0.109929,66.2388,-0.113317,-0.00370908,-0.0233048,-0.12649,0.803721,-11.0187,7.72549,4.16783,0.3042,8.60431,0.289313,112.249,-0.0874191,-0.00771494,-0.0484744,-8.60431,0.0520813,0.0191456,0.281722,-0.118993,-2.99322,-3.83604,-0.437736,-0.470598,0.428438,-4.21981,1.95739,-5.94524,-0.202532,-19.9279,-1.83459,-25.2884,0.602263,-19.1992,-1.02069,-47.7828,18.1673,-30.5438,-0.381496
655,0.0655,7.31417,35.8867,0.213429,49.3096,-0.323949,-0.00670254,-0.0421133,-9.52644,-0.464411,-27.265,19.4844,-1.0725,-3.08071,16.3184,-0.17453,-122.454,-0.123775,0.00434322,0.0272893,-0.768672,-1.2042,-16.3184,11.5317,-5.08647,-0.32088,10.967,0.098992,59.6484,-0.112785,-0.00334004,-0.0209861,-0.156466,0.690228,-10.967,7.67178,4.13392,0.232186,8.6013,0.288967,112.115,-0.0873885,-0.00770573,-0.0484165,-8.6013,0.0495656,0.020392,0.280981,-0.11995,-2.99201,-3.97663,-0.452239,-0.808331,0.30322,-4.63956,2.02558,-5.95211,-0.203863,-19.9309,-1.83366,-25.2988,0.602557,-19.4552,-1.12051,-48.0042,17.954,-31.0108,-0.452567
656,0.0656,7.32533,35.7989,0.205643,44.6187,-0.323209,-0.00644793,-0.0405135,-9.62061,-0.484352,-27.1788,19.419,-1.10001,-3.19817,16.2581,-0.175196,-122.921,-0.123318,0.0043598,0.0273934,-0.841155,-1.1501,-16.2581,11.4991,-5.08994,-0.390239,10.9421,0.0921834,55.5458,-0.11253,-0.00311032,-0.0195427,-0.180797,0.618767,-10.9421,7.63958,4.11085,0.183082,8.59866,0.288655,111.994,-0.0873617,-0.00769741,-0.0483642,-8.59866,0.0469775,0.0214325,0.280346,-0.120922,-2.99101,-3.8505,-0.445798,-0.0371493,0.614441,-3.89132,1.96811,-5.94902,-0.204687,-19.9295,-1.83216,-25.2939,0.600667,-19.4201,-1.13484,-47.1454,18.2013,-30.2853,-0.629395
657,0.0657,7.3365,35.7228,0.200253,41.3293,-0.322581,-0.00627735,-0.0394418,-9.7097,-0.485291,-27.1041,19.3615,-1.12604,-3.30439,16.201,-0.17624,-123.654,-0.122885,0.00438577,0.0275566,-0.911242,-1.0938,-16.201,11.4662,-5.09366,-0.459006,10.9254,0.0881238,53.0996,-0.112358,-0.00297334,-0.0186821,-0.202074,0.564195,-10.9254,7.61546,4.08952,0.144827,8.59638,0.288369,111.883,-0.0873385,-0.00768977,-0.0483163,-8.59638,0.0443156,0.0222631,0.279812,-0.121902,-2.99021,-3.96168,-0.479678,-0.0511649,0.648035,-4.03081,2.04243,-5.94336,-0.205076,-19.9268,-1.83074,-25.285,0.59855,-19.6147,-1.17004,-47.0821,18.1788,-30.4419,-0.663411
658,0.0658,7.34767,35.6665,0.195511,38.3871,-0.322135,-0.0061321,-0.0385291,-9.79733,-0.479684,-27.0491,19.3172,-1.14996,-3.40506,16.152,-0.177687,-124.669,-0.122513,0.00442178,0.0277829,-0.98279,-1.03975,-16.152,11.4366,-5.09889,-0.52847,10.9201,0.0851021,51.2789,-0.112303,-0.00287139,-0.0180415,-0.220094,0.518396,-10.9201,7.60121,4.07182,0.112993,8.59445,0.288096,111.777,-0.0873189,-0.00768249,-0.0482705,-8.59445,0.0416672,0.0229055,0.279357,-0.122883,-2.98959,-4.17341,-0.542789,-0.124652,0.690928,-4.33047,2.1826,-5.93694,-0.205054,-19.9256,-1.8301,-25.2767,0.596667,-19.9077,-1.22753,-47.0994,18.178,-30.7571,-0.625792
659,0.0659,7.35883,35.6156,0.192785,36.624,-0.321701,-0.00605665,-0.038055,-9.89293,-0.445248,-26.9994,19.2776,-1.18273,-3.49966,16.1194,-0.179378,-125.856,-0.122266,0.00446388,0.0280474,-1.05502,-0.984942,-16.1194,11.4165,-5.10808,-0.598905,10.9034,0.0842865,50.7875,-0.112131,-0.00284387,-0.0178686,-0.244984,0.500877,-10.9034,7.58209,4.04919,0.0884979,8.59293,0.287877,111.692,-0.0873034,-0.00767665,-0.0482338,-8.59293,0.0388169,0.0232753,0.279056,-0.123846,-2.98925,-4.11565,-0.519845,-0.747351,0.408593,-4.76044,2.14331,-5.93087,-0.204574,-19.9222,-1.82955,-25.2665,0.595508,-19.9395,-1.16967,-47.6689,17.8567,-31.2097,-0.760839
660,0.066,7.37,35.5858,0.19249,36.3322,-0.321438,-0.00606128,-0.0380842,-9.99019,-0.382986,-26.9707,19.2534,-1.21777,-3.58923,16.1029,-0.180892,-126.918,-0.122141,0.00450154,0.028284,-1.1209,-0.921242,-16.1029,11.406,-5.12138,-0.667609,10.8911,0.0856723,51.6225,-0.112005,-0.00289063,-0.0181624,-0.277552,0.502489,-10.8911,7.56854,4.02837,0.0675471,8.59173,0.28771,111.628,-0.0872912,-0.0076722,-0.0482058,-8.59173,0.035767,0.0233458,0.278915,-0.124762,-2.98917,-4.06984,-0.537994,-0.0942481,0.70157,-4.19567,2.13977,-5.93074,-0.203881,-19.9229,-1.83039,-25.2671,0.596265,-19.9908,-1.12486,-46.9879,18.1246,-30.6806,-0.853198
661,0.0661,7.38117,35.5845,0.194334,37.3913,-0.321436,-0.00613192,-0.038528,-10.0772,-0.293523,-26.9705,19.249,-1.24901,-3.67192,16.0988,-0.181728,-127.504,-0.12211,0.00452235,0.0284148,-1.16857,-0.839824,-16.0988,11.4025,-5.13788,-0.728623,10.8948,0.0884963,53.3241,-0.112044,-0.00298591,-0.018761,-0.317814,0.513605,-10.8948,7.56762,4.0145,0.0459724,8.59082,0.287566,111.572,-0.087282,-0.00766835,-0.0481817,-8.59082,0.032696,0.0231607,0.278886,-0.12563,-2.98927,-3.91812,-0.498201,-0.237111,0.598615,-4.13668,2.04615,-5.932,-0.202776,-19.9206,-1.83126,-25.2664,0.598041,-19.9273,-0.9945,-47.1283,18.0164,-30.6521,-1.02773
662,0.0662,7.39233,35.5774,0.19728,39.1787,-0.321366,-0.00623287,-0.0391623,-10.1421,-0.186992,-26.9645,19.2411,-1.28423,-3.74406,16.0977,-0.181824,-127.571,-0.122101,0.00452472,0.0284297,-1.19133,-0.740604,-16.0977,11.3995,-5.15475,-0.777212,10.8895,0.0916394,55.218,-0.111989,-0.00309196,-0.0194274,-0.360593,0.524114,-10.8895,7.56257,3.99694,0.0227319,8.5902,0.287464,111.532,-0.0872757,-0.00766564,-0.0481646,-8.5902,0.0294981,0.0226565,0.279015,-0.126423,-2.98958,-4.47562,-0.630561,-0.539615,0.621149,-4.99902,2.38266,-5.93327,-0.201358,-19.9248,-1.83418,-25.272,0.600182,-20.551,-1.01891,-47.429,18.028,-31.5552,-0.761225
663,0.0663,7.4035,35.5584,0.201364,41.674,-0.321194,-0.00636854,-0.0400147,-10.1959,-0.0698171,-26.9467,19.2248,-1.31706,-3.80862,16.0891,-0.181554,-127.382,-0.122036,0.00451801,0.0283875,-1.19475,-0.633887,-16.0891,11.3896,-5.16841,-0.81429,10.8794,0.0954894,57.5378,-0.111885,-0.00322186,-0.0202436,-0.411238,0.537965,-10.8794,7.55587,3.97847,-0.00415519,8.58994,0.287428,111.518,-0.087273,-0.00766469,-0.0481587,-8.58994,0.0261053,0.0217661,0.279348,-0.127114,-2.99018,-3.87978,-0.509376,0.191192,0.789624,-3.75604,2.03989,-5.93841,-0.199828,-19.9263,-1.83693,-25.2792,0.60365,-20.0141,-0.779022,-46.6818,18.1775,-30.3523,-1.16508
664,0.0664,7.41467,35.5336,0.206015,44.5725,-0.321,-0.00651614,-0.0409421,-10.2305,0.0414424,-26.9231,19.2032,-1.34092,-3.86191,16.0665,-0.180523,-126.659,-0.121864,0.00449237,0.0282264,-1.17653,-0.526057,-16.0665,11.3677,-5.17685,-0.835744,10.8771,0.0990816,59.7024,-0.111861,-0.00334307,-0.0210051,-0.463822,0.544981,-10.8771,7.55563,3.96363,-0.0350727,8.59011,0.287456,111.529,-0.0872748,-0.00766544,-0.0481634,-8.59011,0.0225177,0.0204346,0.279904,-0.127698,-2.99109,-3.95517,-0.492503,-0.734825,0.384701,-4.563,2.0574,-5.94837,-0.198407,-19.9296,-1.8401,-25.2936,0.60826,-20.134,-0.649468,-47.5875,17.7478,-31.1975,-1.19624
665,0.0665,7.42583,35.5019,0.210463,47.3572,-0.320755,-0.00665467,-0.0418125,-10.2405,0.139798,-26.8926,19.1764,-1.3605,-3.90199,16.0366,-0.179285,-125.791,-0.121638,0.00446156,0.0280328,-1.13858,-0.419294,-16.0366,11.3392,-5.18165,-0.842772,10.8747,0.102206,61.585,-0.111837,-0.00344848,-0.0216675,-0.511265,0.540288,-10.8747,7.55646,3.94929,-0.0669689,8.59061,0.287543,111.563,-0.0872798,-0.00766774,-0.0481778,-8.59061,0.0188033,0.0186636,0.280674,-0.128145,-2.99225,-3.7944,-0.455804,-0.588078,0.403196,-4.26446,1.96134,-5.95536,-0.197141,-19.9327,-1.84287,-25.3045,0.611805,-19.9902,-0.513148,-47.4134,17.7367,-30.9295,-1.32885
666,0.0666,7.437,35.4535,0.21449,49.8812,-0.320392,-0.00677786,-0.0425865,-10.2285,0.21772,-26.8455,19.1356,-1.37064,-3.92767,15.9863,-0.177974,-124.87,-0.121257,0.00442892,0.0278278,-1.08455,-0.322253,-15.9863,11.2935,-5.17898,-0.835235,10.8756,0.104771,63.1305,-0.111846,-0.00353502,-0.0222112,-0.55241,0.525025,-10.8756,7.56038,3.93678,-0.0987203,8.59154,0.287693,111.621,-0.0872893,-0.00767176,-0.0482031,-8.59154,0.0149482,0.016394,0.281686,-0.128441,-2.99372,-3.92031,-0.4859,-0.764062,0.364951,-4.54197,2.03768,-5.9633,-0.196599,-19.9312,-1.84333,-25.312,0.614829,-20.1121,-0.46478,-47.5408,17.6572,-31.2246,-1.27516
667,0.0667,7.44817,35.3788,0.219594,53.1917,-0.319832,-0.00692277,-0.043497,-10.1877,0.27541,-26.7724,19.0735,-1.37045,-3.93149,15.9093,-0.175082,-122.842,-0.120672,0.00435697,0.0273756,-1.00833,-0.236472,-15.9093,11.2252,-5.16689,-0.806818,10.8767,0.106744,64.3193,-0.111857,-0.00360159,-0.0226295,-0.586494,0.500986,-10.8767,7.56537,3.92497,-0.12919,8.59285,0.287933,111.714,-0.0873026,-0.00767814,-0.0482432,-8.59285,0.0108962,0.0135257,0.283,-0.12853,-2.99548,-3.8078,-0.472059,-0.565321,0.433375,-4.26126,1.98068,-5.96962,-0.19693,-19.9315,-1.84285,-25.3194,0.616423,-19.9651,-0.393579,-47.2693,17.6641,-30.9511,-1.33439
668,0.0668,7.45933,35.2952,0.224842,56.6225,-0.319198,-0.00706692,-0.0444028,-10.1294,0.313765,-26.6906,19.0045,-1.3659,-3.92157,15.8254,-0.171637,-120.424,-0.120036,0.00427122,0.0268368,-0.921525,-0.162772,-15.8254,11.1504,-5.15042,-0.766454,10.8752,0.108207,65.2009,-0.111841,-0.00365096,-0.0229397,-0.613299,0.469883,-10.8752,7.56952,3.9129,-0.157539,8.59457,0.288272,111.846,-0.0873201,-0.00768718,-0.0483,-8.59457,0.00665385,0.00998078,0.284655,-0.128384,-2.99757,-3.82876,-0.490665,-0.336305,0.550402,-4.10516,2.00429,-5.97776,-0.198246,-19.9315,-1.84132,-25.3283,0.617474,-19.9359,-0.375146,-46.9584,17.7136,-30.7994,-1.2998
669,0.0669,7.4705,35.2061,0.23021,60.1419,-0.318516,-0.00721154,-0.0453115,-10.057,0.337765,-26.6037,18.9324,-1.35763,-3.89988,15.7382,-0.167851,-117.768,-0.119375,0.00417702,0.026245,-0.825576,-0.0990673,-15.7382,11.0726,-5.1304,-0.716044,10.8712,0.109371,65.9021,-0.111801,-0.00369023,-0.0231864,-0.634811,0.434529,-10.8712,7.57316,3.90073,-0.183964,8.59657,0.28869,112.008,-0.0873404,-0.00769833,-0.0483701,-8.59657,0.00230321,0.00575962,0.286628,-0.127967,-2.99987,-3.54054,-0.414114,-0.548239,0.378339,-3.95234,1.82452,-5.9851,-0.200066,-19.9277,-1.83881,-25.3329,0.617821,-19.5826,-0.276415,-47.0796,17.4719,-30.6429,-1.45754
670,0.067,7.48167,35.1161,0.235828,63.8308,-0.317824,-0.00736118,-0.0462517,-9.96993,0.349238,-26.5161,18.8609,-1.34678,-3.86549,15.6518,-0.163732,-114.878,-0.118719,0.0040745,0.0256008,-0.719351,-0.0450532,-15.6518,10.9956,-5.10815,-0.654901,10.8651,0.110382,66.5117,-0.111738,-0.00372436,-0.0234008,-0.651435,0.3963,-10.8651,7.57632,3.88868,-0.208116,8.59915,0.289177,112.197,-0.0873666,-0.00771132,-0.0484517,-8.59915,-0.00200949,0.000886281,0.288899,-0.127318,-3.00248,-3.57622,-0.423342,-0.573201,0.378547,-4.01291,1.84643,-5.99203,-0.202117,-19.9273,-1.83693,-25.3403,0.617673,-19.5382,-0.276221,-47.0166,17.4025,-30.7,-1.40139
671,0.0671,7.49283,35.0343,0.241879,67.7959,-0.31719,-0.00752152,-0.0472591,-9.86925,0.345672,-26.4369,18.7972,-1.33591,-3.81748,15.5748,-0.159248,-111.732,-0.118135,0.00396292,0.0248997,-0.60395,-0.00415606,-15.5748,10.9265,-5.0866,-0.582645,10.8573,0.111365,67.1038,-0.111657,-0.00375751,-0.0236092,-0.663094,0.356183,-10.8573,7.57918,3.87705,-0.22947,8.6022,0.289762,112.424,-0.0873977,-0.00772692,-0.0485497,-8.6022,-0.00635525,-0.00478274,0.291548,-0.126363,-3.00536,-3.96483,-0.459621,-2.2085,-0.259263,-5.73692,2.03547,-6.00319,-0.204421,-19.9276,-1.83479,-25.353,0.618354,-19.8373,-0.31837,-48.573,16.7032,-32.4258,-1.16366
672,0.0672,7.504,34.9674,0.247787,71.6503,-0.316673,-0.00767723,-0.0482375,-9.75931,0.324935,-26.3726,18.7463,-1.32584,-3.7586,15.5116,-0.154848,-108.645,-0.117656,0.00385343,0.0242118,-0.484741,0.021295,-15.5116,10.8688,-5.06739,-0.502738,10.8498,0.112215,67.6159,-0.111581,-0.00378619,-0.0237893,-0.668576,0.314236,-10.8498,7.58291,3.86668,-0.247258,8.606,0.29042,112.679,-0.0874362,-0.00774447,-0.0486599,-8.606,-0.0105959,-0.0112244,0.294539,-0.125131,-3.0086,-3.60245,-0.376556,-1.87311,-0.213424,-5.06513,1.8184,-6.01297,-0.206658,-19.9277,-1.83244,-25.364,0.618646,-19.3747,-0.258279,-48.1735,16.7004,-31.755,-1.32156
673,0.0673,7.51517,34.9179,0.252857,74.9296,-0.316294,-0.0078085,-0.0490622,-9.64279,0.286023,-26.3258,18.7095,-1.31651,-3.69176,15.463,-0.150955,-105.913,-0.117287,0.00375655,0.0236031,-0.36735,0.0312598,-15.463,10.8233,-5.05107,-0.419547,10.8444,0.112641,67.8729,-0.111525,-0.00380058,-0.0238797,-0.664878,0.269419,-10.8444,7.58826,3.85817,-0.260024,8.61056,0.29117,112.97,-0.0874826,-0.00776447,-0.0487856,-8.61056,-0.0146557,-0.0184601,0.297899,-0.123609,-3.01219,-3.9403,-0.453149,-1.9705,-0.167604,-5.51747,2.01795,-6.02282,-0.20869,-19.9287,-1.83019,-25.3758,0.619103,-19.6059,-0.375816,-48.225,16.7117,-32.2098,-1.05472
674,0.0674,7.52633,34.8925,0.256117,77.0855,-0.31612,-0.0078797,-0.0495096,-9.51411,0.225911,-26.303,18.6909,-1.30709,-3.61544,15.4303,-0.147233,-103.302,-0.117039,0.00366394,0.0230212,-0.254596,0.0263021,-15.4303,10.7912,-5.0385,-0.334902,10.8462,0.111353,67.0968,-0.111544,-0.00375712,-0.0236067,-0.643572,0.218076,-10.8462,7.59808,3.85318,-0.26442,8.61595,0.291997,113.291,-0.0875373,-0.00778651,-0.0489241,-8.61595,-0.0184666,-0.0264961,0.301611,-0.121775,-3.01612,-3.99488,-0.532012,-0.0990836,0.697164,-4.10469,2.10253,-6.02344,-0.21012,-19.9318,-1.82885,-25.3793,0.61751,-19.5324,-0.51622,-46.3339,17.5592,-30.7911,-0.895406
675,0.0675,7.5375,34.8849,0.257417,77.9496,-0.31611,-0.00789264,-0.0495909,-9.37734,0.15115,-26.2978,18.6859,-1.29438,-3.53086,15.4049,-0.144463,-101.358,-0.116846,0.003595,0.022588,-0.148191,0.00726751,-15.4049,10.7666,-5.0273,-0.251065,10.8576,0.108981,65.667,-0.111661,-0.00367706,-0.0231037,-0.606805,0.16579,-10.8576,7.61362,3.85257,-0.259361,8.62234,0.292899,113.641,-0.0876023,-0.00781058,-0.0490753,-8.62234,-0.0219077,-0.0353,0.305664,-0.119651,-3.02043,-3.86277,-0.4943,-0.175949,0.623904,-4.02133,2.01821,-6.02232,-0.211034,-19.9338,-1.82767,-25.3798,0.61595,-19.2624,-0.554184,-46.4076,17.4821,-30.6956,-0.896699
676,0.0676,7.54867,34.8871,0.257682,78.0883,-0.316178,-0.00787678,-0.0494913,-9.24618,0.0709862,-26.3022,18.6899,-1.28249,-3.44653,15.388,-0.142473,-99.9622,-0.116718,0.00354547,0.0222769,-0.0565925,-0.0213293,-15.388,10.7501,-5.01808,-0.175291,10.8691,0.106239,64.0149,-0.111779,-0.00358455,-0.0225224,-0.559566,0.117349,-10.8691,7.6296,3.85275,-0.245951,8.63002,0.293916,114.036,-0.0876802,-0.0078377,-0.0492457,-8.63002,-0.0250331,-0.0450813,0.310169,-0.117161,-3.02529,-3.60466,-0.379493,-1.56577,-0.0791849,-4.82773,1.82091,-6.0241,-0.211443,-19.9283,-1.82534,-25.3765,0.615865,-18.8749,-0.51995,-47.7962,16.7854,-31.4867,-1.00976
677,0.0677,7.55983,34.89,0.257468,77.8243,-0.31623,-0.0078511,-0.0493299,-9.12477,-0.00849076,-26.3068,18.6985,-1.27487,-3.36386,15.3791,-0.141317,-99.1514,-0.116651,0.00351672,0.0220962,0.0204333,-0.0576997,-15.3791,10.742,-5.01132,-0.108056,10.8716,0.103705,62.4884,-0.111805,-0.00349907,-0.0219853,-0.505973,0.0770677,-10.8716,7.64122,3.85067,-0.224987,8.63923,0.295081,114.487,-0.0877738,-0.00786875,-0.0494408,-8.63923,-0.0278588,-0.0560534,0.315235,-0.114219,-3.03081,-3.97838,-0.501174,-0.766925,0.389201,-4.6146,2.07214,-6.02155,-0.21115,-19.9308,-1.82557,-25.376,0.615192,-19.1247,-0.720815,-47.0046,17.2621,-31.2655,-0.676527
678,0.0678,7.571,34.9168,0.256374,76.9024,-0.316467,-0.0078031,-0.0490283,-9.00726,-0.0895564,-26.3349,18.7252,-1.27342,-3.27913,15.3931,-0.141118,-99.0114,-0.116757,0.00351175,0.022065,0.0872311,-0.102993,-15.3931,10.7514,-5.01202,-0.0460481,10.8736,0.101096,60.9163,-0.111825,-0.00341104,-0.0214322,-0.444392,0.0436686,-10.8736,7.65294,3.84942,-0.196056,8.6501,0.296395,114.998,-0.0878843,-0.00790381,-0.0496611,-8.6501,-0.0302316,-0.0681769,0.320848,-0.110827,-3.03703,-3.21567,-0.352962,0.502514,0.750491,-2.76244,1.63841,-6.01632,-0.210331,-19.9301,-1.82582,-25.3695,0.614405,-18.2392,-0.65285,-45.7625,17.6499,-29.4054,-1.02631
679,0.0679,7.58217,34.9588,0.25694,77.084,-0.316834,-0.0077976,-0.0489938,-8.9105,-0.158211,-26.3775,18.7641,-1.27235,-3.20547,15.4164,-0.139523,-97.8923,-0.116934,0.00347206,0.0218156,0.128565,-0.144247,-15.4164,10.7699,-5.01605,-0.00187682,10.8794,0.0985882,59.4051,-0.111885,-0.00332642,-0.0209005,-0.376108,0.0181318,-10.8794,7.66712,3.85062,-0.159539,8.66296,0.297874,115.571,-0.0880149,-0.00794324,-0.0499089,-8.66296,-0.0320952,-0.0815874,0.327069,-0.106924,-3.04406,-3.94755,-0.451145,-1.65899,-0.036423,-5.28454,2.01885,-6.01453,-0.209274,-19.9326,-1.82717,-25.3699,0.614808,-18.8726,-0.818629,-47.9691,16.9005,-31.9268,-0.571817
680,0.068,7.59333,35.0401,0.256498,76.4761,-0.317516,-0.00777061,-0.0488242,-8.81644,-0.226018,-26.4581,18.8277,-1.27848,-3.12844,15.4728,-0.139454,-97.8443,-0.117362,0.00347035,0.0218049,0.164886,-0.193845,-15.4728,10.8104,-5.03015,0.0399749,10.8891,0.0964536,58.1188,-0.111985,-0.0032544,-0.020448,-0.303201,0.0010831,-10.8891,7.68346,3.85422,-0.116406,8.67812,0.299499,116.202,-0.088169,-0.00798657,-0.0501811,-8.67812,-0.0332567,-0.0961644,0.333833,-0.102548,-3.052,-3.62314,-0.377906,-1.21232,0.0641617,-4.56599,1.8253,-6.01013,-0.207908,-19.9328,-1.82861,-25.3652,0.614918,-18.4497,-0.811833,-47.6032,17.0632,-31.2096,-0.688213
681,0.0681,7.6045,35.1205,0.25424,74.4835,-0.318203,-0.007704,-0.0484057,-8.72047,-0.299023,-26.5366,18.8904,-1.28188,-3.04335,15.5236,-0.141964,-99.6054,-0.117747,0.00353282,0.0221974,0.202818,-0.258202,-15.5236,10.8486,-5.04379,0.0852126,10.9011,0.09492,57.1948,-0.112108,-0.00320265,-0.0201229,-0.227508,-0.00720169,-10.9011,7.7007,3.85957,-0.0676242,8.69578,0.301284,116.894,-0.0883483,-0.00803417,-0.0504802,-8.69578,-0.0336198,-0.111945,0.341168,-0.0976581,-3.06094,-3.95327,-0.432675,-1.8929,-0.157954,-5.47021,2.00458,-6.00805,-0.20644,-19.9325,-1.83029,-25.3627,0.615876,-18.6818,-0.938138,-48.362,16.9022,-32.1148,-0.422887
682,0.0682,7.61567,35.2039,0.252909,73.0413,-0.318921,-0.00766688,-0.0481724,-8.63941,-0.362103,-26.6161,18.9539,-1.28477,-2.9638,15.5748,-0.144348,-101.278,-0.118135,0.00359213,0.02257,0.227303,-0.322608,-15.5748,10.8879,-5.05808,0.121136,10.9127,0.094089,56.694,-0.112228,-0.00317461,-0.0199467,-0.150265,-0.00656954,-10.9127,7.71704,3.86567,-0.0139075,8.71645,0.303167,117.625,-0.0885584,-0.0080844,-0.0507958,-8.71645,-0.0329254,-0.128619,0.348898,-0.0923613,-3.07102,-3.99493,-0.459048,-1.19524,0.157442,-4.96187,2.04114,-6.00455,-0.204924,-19.9321,-1.83216,-25.3585,0.616557,-18.6389,-1.02608,-47.7434,17.2792,-31.6051,-0.306101
683,0.0683,7.62683,35.2996,0.250917,70.9834,-0.319736,-0.00762241,-0.047893,-8.57232,-0.421814,-26.7056,19.024,-1.29127,-2.8888,15.6362,-0.148557,-104.231,-0.118601,0.00369687,0.0232281,0.2432,-0.39327,-15.6362,10.9354,-5.0768,0.151243,10.9229,0.0942522,56.7924,-0.112333,-0.00318012,-0.0199813,-0.0750263,0.00261603,-10.9229,7.73143,3.87203,0.0424081,8.74049,0.305221,118.422,-0.0888027,-0.00813916,-0.0511399,-8.74049,-0.0311595,-0.146487,0.357199,-0.0865032,-3.08245,-4.09174,-0.474789,-1.09488,0.213208,-4.98907,2.09231,-5.99824,-0.203415,-19.9297,-1.83375,-25.3493,0.61654,-18.6623,-1.10002,-47.7302,17.4035,-31.6297,-0.179945
684,0.0684,7.638,35.3935,0.249113,68.8999,-0.320548,-0.00759036,-0.0476917,-8.52212,-0.475508,-26.7913,19.092,-1.2975,-2.82079,15.6919,-0.153645,-107.801,-0.119023,0.00382349,0.0240237,0.248778,-0.467104,-15.6919,10.9811,-5.09656,0.174251,10.9336,0.0952416,57.3885,-0.112442,-0.0032135,-0.020191,-0.00283649,0.0198472,-10.9336,7.74472,3.87898,0.100241,8.76807,0.307516,119.312,-0.0890828,-0.00820035,-0.0515243,-8.76807,-0.0282515,-0.165821,0.366238,-0.0799257,-3.09528,-4.06057,-0.502304,-0.383223,0.538098,-4.39669,2.10287,-5.98776,-0.201983,-19.9261,-1.83502,-25.3343,0.61533,-18.5705,-1.1798,-47.1006,17.7951,-31.0285,-0.102584
685,0.0685,7.64917,35.4704,0.248772,67.7619,-0.321245,-0.00759903,-0.0477461,-8.49445,-0.510259,-26.8568,19.1466,-1.29964,-2.76659,15.7254,-0.157846,-110.748,-0.119278,0.00392803,0.0246805,0.239072,-0.531041,-15.7254,11.0137,-5.1132,0.184156,10.9455,0.0966948,58.2641,-0.112565,-0.00326253,-0.0204991,0.0659587,0.044685,-10.9455,7.75728,3.88646,0.15883,8.79949,0.309922,120.246,-0.089402,-0.00826453,-0.0519276,-8.79949,-0.0239031,-0.185813,0.375595,-0.0728941,-3.10957,-3.57757,-0.378465,-0.79044,0.233525,-4.17889,1.80653,-5.98745,-0.201087,-19.9194,-1.83506,-25.3278,0.616488,-18.0595,-1.08981,-47.5666,17.545,-30.8064,-0.343572
686,0.0686,7.66033,35.5276,0.250025,67.7914,-0.321791,-0.00764939,-0.0480626,-8.49021,-0.513672,-26.9006,19.1861,-1.29993,-2.73145,15.7392,-0.160485,-112.6,-0.119383,0.0039937,0.0250932,0.212525,-0.571972,-15.7392,11.0341,-5.12749,0.176248,10.9568,0.0984226,59.3053,-0.112681,-0.00332083,-0.0208654,0.128784,0.0758143,-10.9568,7.7678,3.89357,0.215713,8.83152,0.312088,121.086,-0.0897275,-0.00832227,-0.0522904,-8.83152,-0.0175143,-0.204512,0.384223,-0.0660032,-3.12341,-3.88984,-0.459214,-1.10667,0.195463,-4.78172,2.00164,-5.98484,-0.200467,-19.9167,-1.83565,-25.3224,0.616692,-18.3649,-1.17335,-47.924,17.5459,-31.4041,-0.11312
687,0.0687,7.6715,35.5748,0.253716,69.0345,-0.322271,-0.00776487,-0.0487881,-8.50163,-0.508616,-26.9373,19.2176,-1.29716,-2.70571,15.7395,-0.162406,-113.948,-0.119384,0.00404151,0.0253936,0.185632,-0.608121,-15.7395,11.0449,-5.14127,0.167248,10.9662,0.100351,60.467,-0.112778,-0.00338588,-0.0212741,0.181847,0.110501,-10.9662,7.77531,3.89968,0.267184,8.86911,0.315772,122.515,-0.0901094,-0.0084205,-0.0529076,-8.86911,-0.0109959,-0.231614,0.39732,-0.0555568,-3.14014,-3.96442,-0.507831,-0.446324,0.522892,-4.3492,2.07194,-5.97918,-0.200172,-19.9152,-1.83618,-25.3147,0.615704,-18.4452,-1.21662,-47.2988,17.9043,-30.9611,-0.0180629
688,0.0688,7.68267,35.618,0.25921,71.396,-0.322729,-0.00792487,-0.0497934,-8.53737,-0.491835,-26.9658,19.2402,-1.29576,-2.69708,15.7328,-0.162894,-114.29,-0.119334,0.00405366,0.0254699,0.154268,-0.634504,-15.7328,11.0499,-5.15588,0.153339,10.9719,0.102136,61.543,-0.112836,-0.00344613,-0.0216527,0.221715,0.144865,-10.9719,7.77849,3.90394,0.309119,8.91335,0.319967,124.143,-0.0905589,-0.00853239,-0.0536106,-8.91335,-0.00219665,-0.261135,0.411741,-0.043817,-3.15954,-3.69728,-0.433841,-0.749599,0.315966,-4.29198,1.90303,-5.98379,-0.200682,-19.9155,-1.83627,-25.3202,0.616714,-18.2184,-1.12636,-47.6309,17.7199,-30.908,-0.177344
689,0.0689,7.69383,35.6624,0.265474,74.0051,-0.323197,-0.00809919,-0.0508887,-8.59078,-0.485578,-26.9963,19.2591,-1.29568,-2.6989,15.7261,-0.163008,-114.37,-0.119282,0.0040565,0.0254877,0.125545,-0.668628,-15.7261,11.0525,-5.17253,0.144197,10.9735,0.103135,62.1448,-0.112853,-0.00347983,-0.0218644,0.246556,0.175011,-10.9735,7.77715,3.90606,0.338212,8.96288,0.325347,126.23,-0.0910621,-0.00867585,-0.054512,-8.96288,0.00803939,-0.296711,0.429448,-0.0292088,-3.18131,-4.03992,-0.520775,-0.856732,0.369103,-4.76065,2.11407,-5.99302,-0.201906,-19.9205,-1.83651,-25.3352,0.618201,-18.6237,-1.20826,-47.7734,17.7917,-31.3916,0.0333766
690,0.069,7.705,35.7035,0.270857,76.0605,-0.323636,-0.00824285,-0.0517914,-8.66264,-0.47602,-27.021,19.2708,-1.29767,-2.71836,15.7173,-0.163108,-114.44,-0.119216,0.00405898,0.0255033,0.0927602,-0.695354,-15.7173,11.0513,-5.1898,0.129789,10.972,0.103126,62.1393,-0.112837,-0.00347953,-0.0218625,0.258769,0.199869,-10.972,7.77237,3.90631,0.355552,9.01417,0.330839,128.361,-0.0915832,-0.00882231,-0.0554322,-9.01417,0.0194646,-0.331749,0.447059,-0.0141781,-3.20371,-3.75748,-0.441807,-1.12248,0.169084,-4.65455,1.93433,-6.00302,-0.203921,-19.9212,-1.83473,-25.347,0.619172,-18.4231,-1.12175,-48.0647,17.6051,-31.2993,-0.164859
691,0.0691,7.71617,35.7294,0.275463,77.7634,-0.323926,-0.00835974,-0.0525258,-8.73403,-0.457684,-27.0397,19.2758,-1.30256,-2.74545,15.7072,-0.162847,-114.257,-0.119139,0.0040525,0.0254626,0.0567587,-0.710199,-15.7072,11.0468,-5.20786,0.10959,10.9696,0.102354,61.6745,-0.112813,-0.00345349,-0.0216989,0.261817,0.220543,-10.9696,7.76608,3.90532,0.36421,9.05261,0.335955,130.346,-0.0919737,-0.00895874,-0.0562894,-9.05261,0.0319718,-0.36292,0.462919,-1.58565e-05,-3.21925,-3.68475,-0.392884,-1.96024,-0.233797,-5.23177,1.86525,-6.01815,-0.206882,-19.9194,-1.83092,-25.3621,0.620621,-18.4369,-1.05745,-48.9194,17.2111,-31.8965,-0.259572
692,0.0692,7.72733,35.7476,0.281717,80.5011,-0.324124,-0.0085149,-0.0535007,-8.80208,-0.435996,-27.0627,19.2806,-1.31024,-2.77386,15.7021,-0.161043,-112.992,-0.119101,0.0040076,0.0251805,0.0199448,-0.719435,-15.7021,11.0429,-5.22804,0.0885271,10.9655,0.101168,60.9596,-0.11277,-0.00341347,-0.0214474,0.258073,0.237613,-10.9655,7.75803,3.90278,0.366406,9.0801,0.341592,132.533,-0.092253,-0.00910904,-0.0572338,-9.0801,0.0458269,-0.395205,0.479667,0.0150263,-3.22879,-3.8993,-0.40786,-3.31249,-0.776327,-6.54171,1.96682,-6.03551,-0.21054,-19.9187,-1.8261,-25.3806,0.621883,-18.7369,-1.0544,-50.2939,16.6782,-33.2325,-0.185161
693,0.0693,7.7385,35.7498,0.291825,85.3767,-0.324165,-0.00876758,-0.0550884,-8.86264,-0.398333,-27.091,19.285,-1.31461,-2.80562,15.6944,-0.157057,-110.195,-0.119042,0.0039084,0.0245572,-0.0179337,-0.70857,-15.6944,11.0346,-5.24724,0.0623161,10.9602,0.099785,60.1262,-0.112716,-0.0033668,-0.0211542,0.250492,0.252524,-10.9602,7.749,3.89885,0.364946,9.09519,0.349097,135.445,-0.0924064,-0.00930918,-0.0584913,-9.09519,0.0577136,-0.436378,0.501439,0.0337757,-3.23289,-3.89935,-0.448625,-2.46717,-0.378657,-5.87619,2.00078,-6.04612,-0.214281,-19.9226,-1.82159,-25.3958,0.621004,-18.8081,-1.06124,-49.4808,17.0847,-32.5866,-0.183841
694,0.0694,7.74967,35.7677,0.296203,88.2933,-0.324258,-0.0088653,-0.0557023,-8.89693,-0.343325,-27.1232,19.2962,-1.34594,-2.8325,15.7286,-0.152175,-106.769,-0.119302,0.0037869,0.0237938,-0.0533419,-0.674843,-15.7286,11.0529,-5.27716,0.0312536,10.955,0.0983254,59.2467,-0.112663,-0.00331755,-0.0208448,0.240491,0.265722,-10.955,7.73992,3.89384,0.361104,9.08408,0.350052,135.816,-0.0922935,-0.00933465,-0.0586513,-9.08408,0.0657958,-0.43965,0.503409,0.0373838,-3.22485,-3.47052,-0.428819,-0.215096,0.534584,-3.62111,1.80859,-6.05447,-0.217783,-19.9276,-1.81727,-25.4094,0.619641,-18.4219,-0.989927,-47.266,18.0135,-30.3765,-0.404266
695,0.0695,7.76083,35.7814,0.288101,84.2441,-0.324255,-0.00864289,-0.0543049,-8.91193,-0.376167,-27.1406,19.2985,-1.39881,-2.82536,15.7836,-0.154114,-108.129,-0.119719,0.00383515,0.024097,-0.0913788,-0.732557,-15.7836,11.0809,-5.31296,0.0214589,10.9486,0.096938,58.4107,-0.112596,-0.00327074,-0.0205507,0.228764,0.277308,-10.9486,7.73018,3.88734,0.355551,9.04932,0.345277,133.963,-0.0919403,-0.0092073,-0.0578512,-9.04932,0.0790813,-0.408478,0.487462,0.0268047,-3.20237,-3.52937,-0.36879,-2.38314,-0.428074,-5.4009,1.78674,-6.06899,-0.220804,-19.93,-1.81301,-25.4275,0.620503,-18.5103,-0.965761,-49.4537,17.0574,-32.2273,-0.418116
696,0.0696,7.772,35.7811,0.283573,82.9271,-0.324133,-0.00850875,-0.0534621,-8.92489,-0.360682,-27.1422,19.2898,-1.45244,-2.83095,15.8292,-0.151813,-106.515,-0.120065,0.0037779,0.0237373,-0.13017,-0.73925,-15.8292,11.1009,-5.34549,-0.00133138,10.941,0.0956267,57.6206,-0.112519,-0.0032265,-0.0202727,0.216154,0.287839,-10.941,7.72004,3.87939,0.349083,9.01088,0.339759,131.822,-0.0915497,-0.00906016,-0.0569266,-9.01088,0.0907289,-0.371958,0.468922,0.013666,-3.1787,-3.91143,-0.43498,-3.37451,-0.761925,-6.61437,1.99909,-6.07784,-0.222698,-19.934,-1.81067,-25.441,0.620929,-18.9142,-1.01836,-50.4507,16.7172,-33.5078,-0.210932
697,0.0697,7.78317,35.8112,0.280317,82.3928,-0.324244,-0.00840758,-0.0528264,-8.93949,-0.325733,-27.1733,19.3006,-1.51379,-2.84638,15.9046,-0.148646,-104.293,-0.120637,0.00369909,0.0232421,-0.167275,-0.721416,-15.9046,11.1402,-5.38422,-0.0300993,10.9319,0.0943947,56.8782,-0.112425,-0.00318493,-0.0200115,0.202487,0.296322,-10.9319,7.70916,3.86965,0.341228,8.97471,0.334568,129.808,-0.0911822,-0.00892175,-0.056057,-8.97471,0.09936,-0.336836,0.451249,0.00078175,-3.15751,-3.78382,-0.418758,-3.10929,-0.668323,-6.25945,1.93506,-6.08186,-0.223398,-19.9384,-1.80996,-25.4495,0.621235,-18.8052,-0.967889,-50.221,16.8223,-33.2227,-0.290084
698,0.0698,7.79433,35.8589,0.27701,81.6575,-0.324489,-0.00830651,-0.0521913,-8.95532,-0.280973,-27.221,19.3216,-1.5796,-2.86954,15.9967,-0.146093,-102.502,-0.121336,0.00363556,0.0228429,-0.200878,-0.688479,-15.9967,11.1897,-5.42597,-0.0619624,10.9199,0.0932145,56.1671,-0.112301,-0.00314511,-0.0197613,0.187793,0.301976,-10.9199,7.6968,3.8576,0.331706,8.94224,0.329889,127.992,-0.0908524,-0.00879696,-0.0552729,-8.94224,0.105529,-0.304394,0.435071,-0.0112263,-3.13928,-3.50211,-0.384893,-2.15288,-0.308548,-5.1858,1.79236,-6.08505,-0.223111,-19.9426,-1.81042,-25.4569,0.622327,-18.5425,-0.888977,-49.3165,17.2027,-32.2223,-0.454846
699,0.0699,7.8055,35.9113,0.274877,81.5625,-0.324767,-0.00823603,-0.0517485,-8.96815,-0.222944,-27.2728,19.3444,-1.64772,-2.89731,16.0951,-0.142979,-100.317,-0.122082,0.00355806,0.022356,-0.226729,-0.636965,-16.0951,11.2425,-5.46786,-0.0938948,10.9025,0.0920768,55.4815,-0.112122,-0.00310672,-0.0195201,0.172329,0.304166,-10.9025,7.68133,3.84218,0.320464,8.91375,0.325779,126.398,-0.0905629,-0.00868738,-0.0545844,-8.91375,0.109855,-0.275227,0.420643,-0.0220433,-3.12388,-3.75955,-0.412165,-3.00589,-0.631072,-6.14187,1.92018,-6.08939,-0.222023,-19.9445,-1.81145,-25.4635,0.624601,-18.8171,-0.857132,-50.2232,16.9019,-33.2531,-0.352532
700,0.07,7.81667,35.9398,0.275374,83.1461,-0.324852,-0.00823235,-0.0517254,-8.96372,-0.135229,-27.2999,19.3491,-1.71202,-2.92313,16.1731,-0.137799,-96.6828,-0.122674,0.00342916,0.0215461,-0.231538,-0.551102,-16.1731,11.2797,-5.50293,-0.120209,10.8777,0.0909876,54.8252,-0.111867,-0.00306997,-0.0192892,0.156782,0.303074,-10.8777,7.66152,3.82259,0.308055,8.88897,0.322185,125.004,-0.0903111,-0.00859154,-0.0539822,-8.88897,0.112799,-0.249138,0.407835,-0.0316849,-3.11097,-4.06328,-0.461571,-3.59161,-0.81875,-6.93942,2.08439,-6.09276,-0.220334,-19.9441,-1.81291,-25.4671,0.627271,-19.1198,-0.817134,-50.8357,16.7174,-34.1185,-0.21147
701,0.0701,7.82783,35.9531,0.272947,82.5244,-0.324813,-0.00815769,-0.0512563,-8.9662,-0.0761689,-27.3115,19.3407,-1.77447,-2.94971,16.2396,-0.136108,-95.4966,-0.123178,0.00338709,0.0212817,-0.240701,-0.490239,-16.2396,11.3061,-5.53325,-0.144889,10.8462,0.0900069,54.2343,-0.111543,-0.00303688,-0.0190813,0.141888,0.299372,-10.8462,7.63813,3.79904,0.295295,8.86738,0.319049,123.787,-0.0900919,-0.00850789,-0.0534567,-8.86738,0.114698,-0.225779,0.396461,-0.0402573,-3.10012,-3.54527,-0.42656,-0.830814,0.286096,-4.17577,1.84128,-6.08937,-0.218197,-19.9452,-1.81553,-25.4644,0.628505,-18.6008,-0.720926,-48.0875,17.8113,-31.4147,-0.479931
702,0.0702,7.839,35.9506,0.267012,79.2969,-0.324653,-0.00799843,-0.0502556,-8.9879,-0.0558717,-27.307,19.3189,-1.83119,-2.98068,16.2899,-0.138543,-97.2046,-0.123559,0.00344767,0.0216623,-0.26748,-0.467924,-16.2899,11.318,-5.55685,-0.173463,10.8122,0.0892569,53.7824,-0.111194,-0.00301157,-0.0189223,0.128046,0.296235,-10.8122,7.61458,3.77352,0.283705,8.84846,0.316297,122.719,-0.0898996,-0.00843453,-0.0529957,-8.84846,0.115818,-0.204843,0.386336,-0.0478608,-3.09092,-3.81889,-0.459243,-1.9023,-0.122404,-5.32852,1.98127,-6.08145,-0.215964,-19.9457,-1.81853,-25.4562,0.628589,-18.8882,-0.731079,-49.155,17.378,-32.616,-0.370824
703,0.0703,7.85017,35.9332,0.261198,76.0561,-0.324392,-0.00784259,-0.0492764,-9.00892,-0.0319877,-27.2876,19.2866,-1.87852,-3.01082,16.3214,-0.141155,-99.0373,-0.123799,0.00351267,0.0220708,-0.291672,-0.443949,-16.3214,11.3153,-5.57209,-0.200938,10.78,0.0884833,53.3163,-0.110863,-0.00298547,-0.0187583,0.114494,0.295599,-10.78,7.59399,3.74817,0.273176,8.83174,0.313869,121.777,-0.0897298,-0.00836978,-0.0525889,-8.83174,0.116362,-0.186063,0.377302,-0.0545933,-3.08305,-4.35577,-0.532477,-3.72334,-0.796352,-7.36995,2.26269,-6.07287,-0.213913,-19.9436,-1.82091,-25.4448,0.628388,-19.4376,-0.778378,-50.9545,16.6693,-34.6933,-0.119735
704,0.0704,7.86133,35.9126,0.255591,72.9152,-0.324123,-0.00768889,-0.0483107,-9.0281,-0.0031488,-27.2647,19.2523,-1.91732,-3.03981,16.3429,-0.143436,-100.638,-0.123961,0.00356945,0.0224275,-0.311129,-0.416737,-16.3429,11.3044,-5.58147,-0.225814,10.7528,0.0873184,52.6144,-0.110584,-0.00294617,-0.0185113,0.0998797,0.297232,-10.7528,7.57869,3.72478,0.262308,8.81685,0.311709,120.939,-0.0895785,-0.00831217,-0.0522269,-8.81685,0.116357,-0.168955,0.369131,-0.060632,-3.07631,-3.55052,-0.40988,-1.66482,-0.0798119,-4.84591,1.83284,-6.06372,-0.212194,-19.9396,-1.8226,-25.431,0.627747,-18.6423,-0.625223,-48.8691,17.3498,-32.1942,-0.57923
705,0.0705,7.8725,35.8915,0.249928,69.7155,-0.323875,-0.00752946,-0.047309,-9.04002,0.0337887,-27.2414,19.2181,-1.94688,-3.06574,16.355,-0.145468,-102.064,-0.124053,0.00362002,0.0227452,-0.320272,-0.382282,-16.355,11.2861,-5.58533,-0.245556,10.733,0.0856164,51.5888,-0.11038,-0.00288874,-0.0181505,0.0837174,0.300091,-10.733,7.57029,3.70446,0.250247,8.80346,0.30978,120.191,-0.0894424,-0.00826073,-0.0519037,-8.80346,0.11598,-0.153456,0.361764,-0.0660062,-3.07043,-4.04673,-0.507696,-2.54333,-0.334166,-6.09512,2.11665,-6.06136,-0.211066,-19.9365,-1.82383,-25.4256,0.628389,-19.1481,-0.684973,-49.7213,17.0601,-33.4676,-0.320702
706,0.0706,7.88367,35.8755,0.242012,65.1508,-0.323695,-0.00728968,-0.0458024,-9.04279,0.0398058,-27.2236,19.1873,-1.96803,-3.09976,16.3616,-0.147164,-103.254,-0.124103,0.00366222,0.0230104,-0.321306,-0.345688,-16.3616,11.2632,-5.5849,-0.25996,10.7226,0.0811364,48.8893,-0.110273,-0.00273759,-0.0172008,0.0697976,0.270227,-10.7226,7.56904,3.68769,0.225453,8.79128,0.30804,119.515,-0.0893187,-0.00821432,-0.0516121,-8.79128,0.115267,-0.139309,0.355065,-0.0708215,-3.06525,-3.56391,-0.424976,-1.59147,-0.0324352,-4.80469,1.85175,-6.05648,-0.210326,-19.9367,-1.82541,-25.4205,0.627862,-18.6632,-0.595497,-48.7518,17.3294,-32.1932,-0.620148
707,0.0707,7.89483,35.8094,0.229421,57.7097,-0.322996,-0.00689295,-0.0433097,-9.02292,-0.00426142,-27.1557,19.1219,-2.01045,-3.1425,16.369,-0.149086,-104.602,-0.124159,0.00371004,0.0233108,-0.311931,-0.305589,-16.369,11.2403,-5.58204,-0.268417,10.6603,0.0720324,43.4036,-0.109632,-0.00243041,-0.0152707,0.069148,0.187033,-10.6603,7.53267,3.64673,0.186575,8.78014,0.306474,118.908,-0.0892054,-0.00817258,-0.0513498,-8.78014,0.114294,-0.126369,0.34897,-0.0751288,-3.06066,-4.10458,-0.48427,-3.63585,-0.814834,-7.02634,2.12234,-6.05839,-0.210125,-19.9366,-1.82636,-25.4226,0.628679,-19.1859,-0.698656,-50.7281,16.4807,-34.4594,-0.391475
708,0.0708,7.906,35.7881,0.225004,55.1274,-0.322777,-0.00677416,-0.0425633,-9.00172,0.0332818,-27.1327,19.0921,-2.02444,-3.14729,16.3695,-0.151365,-106.201,-0.124163,0.00376675,0.0236672,-0.29572,-0.265511,-16.3695,11.2127,-5.57372,-0.272416,10.6488,0.0713152,42.9715,-0.109513,-0.00240621,-0.0151187,0.0638534,0.185712,-10.6488,7.53606,3.62828,0.181668,8.76986,0.305053,118.357,-0.089101,-0.00813469,-0.0511118,-8.76986,0.113081,-0.114466,0.343388,-0.079,-3.05654,-3.68996,-0.409554,-2.59307,-0.46641,-5.74043,1.88944,-6.06259,-0.210272,-19.9349,-1.82646,-25.4258,0.629816,-18.7543,-0.586544,-49.6607,16.7992,-33.1907,-0.628037
709,0.0709,7.91717,35.8006,0.221575,53.1809,-0.322939,-0.00668135,-0.0419801,-8.97389,0.0587274,-27.1439,19.0861,-2.01095,-3.14615,16.3578,-0.152927,-107.297,-0.124074,0.00380562,0.0239114,-0.2737,-0.232037,-16.3578,11.1761,-5.55864,-0.269451,10.6826,0.0707265,42.6168,-0.109861,-0.00238635,-0.0149939,0.0601036,0.179065,-10.6826,7.57168,3.63016,0.1761,8.76029,0.303776,117.861,-0.0890038,-0.00810062,-0.0508977,-8.76029,0.1117,-0.103535,0.338293,-0.0824703,-3.0528,-4.02015,-0.501636,-2.05351,-0.140586,-5.68571,2.098,-6.06596,-0.210658,-19.9407,-1.82775,-25.435,0.630308,-19.06,-0.653567,-49.1381,17.1177,-33.1317,-0.41784
710,0.071,7.92833,35.8215,0.219573,52.1099,-0.323193,-0.00663263,-0.0416741,-8.93805,0.0899908,-27.1636,19.0872,-1.98797,-3.13319,16.3433,-0.154112,-108.129,-0.123965,0.00383513,0.0240968,-0.241013,-0.202463,-16.3433,11.1376,-5.53999,-0.257331,10.7269,0.0710885,42.8349,-0.110316,-0.00239856,-0.0150706,0.0542616,0.18232,-10.7269,7.61604,3.63762,0.1735,8.7513,0.302597,117.404,-0.0889125,-0.0080692,-0.0507003,-8.7513,0.110134,-0.0934164,0.333586,-0.0856023,-3.04936,-3.46107,-0.377591,-1.58172,-0.0842877,-4.68608,1.76847,-6.06526,-0.211138,-19.9385,-1.82715,-25.4322,0.629699,-18.4644,-0.498738,-48.6838,17.1758,-32.1063,-0.735026
711,0.0711,7.9395,35.8416,0.21842,51.5034,-0.323449,-0.00661418,-0.0415581,-8.90186,0.123429,-27.1828,19.0899,-1.95854,-3.11272,16.3256,-0.15556,-109.144,-0.12383,0.00387114,0.0243231,-0.20297,-0.181114,-16.3256,11.0973,-5.51722,-0.239012,10.7731,0.072463,43.6631,-0.110792,-0.00244494,-0.015362,0.0439497,0.196147,-10.7731,7.66338,3.64712,0.172495,8.74284,0.301517,116.985,-0.0888265,-0.00804038,-0.0505192,-8.74284,0.108396,-0.0840202,0.329234,-0.0884393,-3.0462,-4.12491,-0.468028,-3.77281,-0.891698,-7.15392,2.11561,-6.0737,-0.211934,-19.9318,-1.8249,-25.4353,0.631437,-19.1005,-0.556533,-50.8873,16.3733,-34.5477,-0.365668
712,0.0712,7.95067,35.8458,0.220003,52.7232,-0.323598,-0.00666999,-0.0419088,-8.84623,0.157301,-27.1864,19.0816,-1.91701,-3.07311,16.2871,-0.155034,-108.775,-0.123538,0.00385805,0.0242409,-0.141579,-0.163481,-16.2871,11.0413,-5.48575,-0.201082,10.824,0.0745159,44.9001,-0.111315,-0.00251421,-0.0157972,0.0301236,0.21425,-10.824,7.71508,3.65975,0.171204,8.73478,0.300521,116.598,-0.0887446,-0.00801383,-0.0503524,-8.73478,0.106532,-0.0753062,0.325208,-0.0910051,-3.04324,-3.29763,-0.334221,-1.84262,-0.24099,-4.69942,1.66764,-6.07615,-0.212659,-19.9282,-1.82337,-25.4347,0.631564,-18.22,-0.389579,-48.9572,17.0172,-32.0511,-0.773907
713,0.0713,7.96183,35.8374,0.223257,55.067,-0.323662,-0.00676952,-0.0425342,-8.7785,0.185004,-27.1776,19.0653,-1.86374,-3.02045,16.2316,-0.153146,-107.451,-0.123117,0.00381109,0.0239458,-0.064403,-0.153215,-16.2316,10.9735,-5.44603,-0.148279,10.8788,0.0767975,46.2749,-0.111879,-0.00259119,-0.0162809,0.0129461,0.23364,-10.8788,7.77033,3.67562,0.168237,8.72704,0.299606,116.243,-0.088666,-0.00798942,-0.050199,-8.72704,0.104579,-0.067232,0.321488,-0.0933301,-3.04041,-3.81992,-0.447128,-2.57738,-0.41909,-5.86223,1.97482,-6.0788,-0.213438,-19.9272,-1.82225,-25.4366,0.631641,-18.6772,-0.475562,-49.6822,16.8239,-33.1626,-0.41398
714,0.0714,7.973,35.8368,0.227607,58.1446,-0.323811,-0.00689769,-0.0433395,-8.70194,0.203476,-27.177,19.0568,-1.80157,-2.95974,16.1744,-0.150369,-105.502,-0.122683,0.00374198,0.0235115,0.022653,-0.148778,-16.1744,10.9061,-5.40256,-0.0857276,10.9429,0.0792144,47.7312,-0.112538,-0.00267273,-0.0167933,-0.00503409,0.249697,-10.9429,7.83257,3.69643,0.163667,8.71955,0.298762,115.916,-0.0885899,-0.00796693,-0.0500577,-8.71955,0.102557,-0.0597409,0.318047,-0.0954358,-3.03768,-3.67031,-0.406053,-2.62635,-0.484662,-5.73294,1.88017,-6.08397,-0.214306,-19.9275,-1.82131,-25.4426,0.632316,-18.4562,-0.416883,-49.7308,16.7508,-32.9771,-0.447255
715,0.0715,7.98417,35.8537,0.232779,61.7766,-0.324087,-0.00704659,-0.044275,-8.60496,0.208934,-27.1942,19.0644,-1.74229,-2.88216,16.1369,-0.146855,-103.037,-0.122399,0.00365451,0.022962,0.129328,-0.153519,-16.1369,10.8558,-5.36274,-0.00563621,11.0045,0.0816527,49.2005,-0.113172,-0.00275501,-0.0173102,-0.0219846,0.261947,-11.0045,7.89374,3.71778,0.158501,8.7123,0.297981,115.613,-0.0885162,-0.0079461,-0.0499268,-8.7123,0.100506,-0.0527932,0.314859,-0.0973307,-3.03503,-3.68326,-0.424516,-2.17775,-0.279943,-5.38851,1.89968,-6.09075,-0.215208,-19.9296,-1.82081,-25.4522,0.633388,-18.379,-0.43079,-49.3016,16.9637,-32.583,-0.349098
716,0.0716,7.99533,35.9059,0.238501,65.756,-0.32464,-0.00721094,-0.0453077,-8.49653,0.19846,-27.2467,19.1004,-1.68752,-2.79152,16.1307,-0.14304,-100.36,-0.122352,0.0035596,0.0223656,0.249266,-0.172985,-16.1307,10.8308,-5.33059,0.0889041,11.0698,0.0842766,50.7815,-0.113843,-0.00284354,-0.0178665,-0.040447,0.273171,-11.0698,7.95775,3.74218,0.152096,8.70535,0.297265,115.335,-0.0884456,-0.007927,-0.0498068,-8.70535,0.0982739,-0.0462447,0.311879,-0.0991052,-3.03252,-3.66862,-0.414823,-2.15869,-0.285438,-5.35472,1.88509,-6.0942,-0.215943,-19.9337,-1.82079,-25.4599,0.633703,-18.2594,-0.432306,-49.3392,16.9942,-32.5021,-0.272726
717,0.0717,8.0065,35.9728,0.243734,69.3878,-0.325304,-0.00736228,-0.0462586,-8.38719,0.168453,-27.3145,19.1518,-1.63399,-2.69693,16.1403,-0.139658,-97.987,-0.122424,0.00347542,0.0218367,0.369042,-0.208132,-16.1403,10.8214,-5.3011,0.188032,11.134,0.0867964,52.2998,-0.114503,-0.00292856,-0.0184007,-0.0577275,0.280524,-11.134,8.02126,3.76782,0.145053,8.6985,0.296595,115.075,-0.088376,-0.00790914,-0.0496946,-8.6985,0.0960615,-0.0401835,0.309117,-0.100707,-3.03002,-3.51858,-0.36072,-2.55652,-0.513417,-5.50081,1.77969,-6.09851,-0.21658,-19.9343,-1.82008,-25.4652,0.634437,-18.0043,-0.408846,-49.8053,16.8183,-32.6,-0.282803
718,0.0718,8.01767,36.067,0.248032,72.3438,-0.326179,-0.00749097,-0.0470671,-8.28549,0.121836,-27.4097,19.2258,-1.5842,-2.60369,16.1753,-0.137314,-96.3429,-0.12269,0.0034171,0.0214703,0.483494,-0.259142,-16.1753,10.8334,-5.27791,0.28757,11.1998,0.0893751,53.8536,-0.11518,-0.00301556,-0.0189473,-0.0771555,0.287195,-11.1998,8.08587,3.7959,0.136319,8.69183,0.295972,114.833,-0.0883083,-0.00789251,-0.0495901,-8.69183,0.0937836,-0.0345145,0.30654,-0.102185,-3.02758,-3.60222,-0.418771,-1.72113,-0.103099,-4.93575,1.86108,-6.09625,-0.216857,-19.9353,-1.81987,-25.4635,0.633722,-17.984,-0.513793,-49.0661,17.3029,-31.9835,-0.108881
719,0.0719,8.02883,36.1905,0.250718,74.178,-0.32728,-0.0075774,-0.0476102,-8.19719,0.0571284,-27.5344,19.3228,-1.53933,-2.51861,16.2384,-0.136382,-95.6887,-0.123169,0.0033939,0.0213245,0.581965,-0.323699,-16.2384,10.8677,-5.26188,0.378893,11.2668,0.0917046,55.2573,-0.115869,-0.00309416,-0.0194412,-0.0938461,0.289436,-11.2668,8.15101,3.82611,0.1277,8.68531,0.295395,114.609,-0.088242,-0.00787714,-0.0494935,-8.68531,0.0913915,-0.0291816,0.30413,-0.103562,-3.0252,-3.54231,-0.488827,0.00736969,0.691855,-3.51438,1.8952,-6.08327,-0.216711,-19.9427,-1.82152,-25.4559,0.63026,-17.8228,-0.648409,-47.4698,18.1932,-30.5096,0.00685024
720,0.072,8.04,36.3083,0.249233,73.085,-0.328329,-0.0075598,-0.0474996,-8.1032,-0.0290453,-27.6538,19.4203,-1.49191,-2.42799,16.2988,-0.139603,-97.9483,-0.123626,0.00347404,0.0218281,0.684923,-0.407735,-16.2988,10.9046,-5.24406,0.475596,11.3308,0.0940031,56.6423,-0.116527,-0.00317172,-0.0199285,-0.109307,0.289542,-11.3308,8.21379,3.85695,0.119162,8.67881,0.294832,114.391,-0.088176,-0.00786212,-0.0493992,-8.67881,0.0891474,-0.0242931,0.301886,-0.104811,-3.02274,-3.90307,-0.545615,-1.3808,0.180824,-5.01762,2.09283,-6.07629,-0.216548,-19.9476,-1.82245,-25.4527,0.628452,-18.0826,-0.791208,-48.9822,17.7787,-31.9622,0.2933
721,0.0721,8.05117,36.4381,0.24604,70.7836,-0.329462,-0.00749954,-0.047121,-8.02643,-0.130666,-27.7853,19.5297,-1.44746,-2.34675,16.3736,-0.144546,-101.417,-0.124194,0.00359706,0.022601,0.771274,-0.506258,-16.3736,10.9557,-5.2301,0.56364,11.392,0.0962772,58.0126,-0.117157,-0.00324845,-0.0204106,-0.125255,0.288749,-11.392,8.27421,3.88862,0.10994,8.67244,0.294308,114.188,-0.0881113,-0.00784816,-0.0493114,-8.67244,0.0868429,-0.0197077,0.29979,-0.105982,-3.02033,-3.70603,-0.51866,-1.14619,0.251768,-4.61104,1.99166,-6.08161,-0.216516,-19.9441,-1.82128,-25.4553,0.630021,-17.8141,-0.865842,-48.8756,17.9601,-31.5138,0.27493
722,0.0722,8.06233,36.538,0.240255,66.6526,-0.330364,-0.00737306,-0.0463263,-7.94955,-0.254582,-27.8869,19.6216,-1.39276,-2.26282,16.4204,-0.151969,-106.625,-0.124549,0.00378179,0.0237617,0.856297,-0.624045,-16.4204,10.9912,-5.20685,0.654577,11.4513,0.0983341,59.2519,-0.117766,-0.00331784,-0.0208466,-0.139575,0.285456,-11.4513,8.33257,3.92123,0.100766,8.66627,0.29389,114.025,-0.0880485,-0.007837,-0.0492413,-8.66627,0.0840072,-0.015225,0.297844,-0.107143,-3.01816,-3.75085,-0.485946,-2.52375,-0.352181,-5.7457,1.98512,-6.08892,-0.21632,-19.9399,-1.82009,-25.4595,0.6323,-17.7893,-0.956848,-50.3506,17.4494,-32.598,0.354598
723,0.0723,8.0735,36.6406,0.235391,63.206,-0.331274,-0.00726541,-0.0456499,-7.91492,-0.376799,-27.9915,19.7194,-1.3402,-2.21061,16.4748,-0.15803,-110.877,-0.124961,0.0039326,0.0247093,0.895745,-0.736557,-16.4748,11.0364,-5.18549,0.713097,11.5057,0.0999251,60.2106,-0.118325,-0.00337153,-0.0211839,-0.150439,0.278541,-11.5057,8.38694,3.95354,0.0922792,8.66023,0.293496,113.872,-0.0879872,-0.00782649,-0.0491753,-8.66023,0.0812164,-0.0111038,0.296048,-0.108247,-3.01599,-3.80618,-0.545358,-1.43006,0.168507,-4.93895,2.05527,-6.08826,-0.215727,-19.9396,-1.82047,-25.4584,0.632648,-17.8094,-1.13788,-49.3612,18.0674,-31.7376,0.477306
724,0.0724,8.08467,36.7202,0.229015,58.7285,-0.331989,-0.00711669,-0.0447155,-7.90404,-0.506633,-28.0732,19.8062,-1.28502,-2.17626,16.5134,-0.165238,-115.934,-0.125254,0.00411198,0.0258363,0.908256,-0.853525,-16.5134,11.0762,-5.16026,0.752983,11.5526,0.101124,60.9332,-0.118808,-0.00341199,-0.0214381,-0.158046,0.268597,-11.5526,8.43566,3.98454,0.0846243,8.65425,0.293128,113.73,-0.0879264,-0.00781668,-0.0491137,-8.65425,0.0782959,-0.00724379,0.294373,-0.109291,-3.01387,-2.87144,-0.413048,1.48092,1.23043,-1.60306,1.56214,-6.084,-0.214925,-19.9403,-1.82136,-25.4543,0.632109,-16.8595,-1.13461,-46.5325,19.2153,-28.3424,0.0179849
725,0.0725,8.09583,36.7482,0.221415,53.3718,-0.332294,-0.00693828,-0.0435945,-7.90884,-0.638921,-28.1035,19.8638,-1.2199,-2.15342,16.5075,-0.173788,-121.933,-0.12521,0.00432475,0.0271732,0.90414,-0.972836,-16.5075,11.0921,-5.12407,0.7806,11.5923,0.102399,61.7013,-0.119217,-0.003455,-0.0217084,-0.16459,0.258726,-11.5923,8.4789,4.01445,0.0778181,8.64839,0.292804,113.604,-0.0878669,-0.00780803,-0.0490593,-8.64839,0.0751886,-0.00363758,0.292833,-0.110291,-3.01184,-4.15472,-0.591342,-2.03825,-0.0265985,-5.821,2.23319,-6.08406,-0.214135,-19.9447,-1.82311,-25.4586,0.632648,-18.1476,-1.4444,-50.0864,18.0141,-32.4995,0.712416
726,0.0726,8.107,36.7507,0.219508,52.0467,-0.332393,-0.00689788,-0.0433406,-7.97631,-0.724486,-28.1084,19.9108,-1.15213,-2.18483,16.4804,-0.176242,-123.655,-0.125004,0.00438582,0.0275569,0.832236,-1.04456,-16.4804,11.1014,-5.08515,0.751058,11.6277,0.103258,62.2186,-0.11958,-0.00348396,-0.0218904,-0.165942,0.248004,-11.6277,8.51793,4.04425,0.0739473,8.64261,0.292492,113.483,-0.0878082,-0.00779973,-0.0490071,-8.64261,0.0720698,-0.000323811,0.29141,-0.111235,-3.00983,-3.70347,-0.529046,-0.545885,0.523376,-4.13516,1.99581,-6.08639,-0.213366,-19.943,-1.82352,-25.4596,0.633881,-17.7662,-1.4669,-48.5972,18.6106,-30.7469,0.444861
727,0.0727,8.11817,36.7487,0.222032,53.956,-0.332453,-0.00695465,-0.0436973,-8.08569,-0.760792,-28.1089,19.9577,-1.08629,-2.26074,16.4507,-0.172843,-121.271,-0.124779,0.00430124,0.0270255,0.705655,-1.06212,-16.4507,11.1138,-5.04867,0.671181,11.661,0.102625,61.8372,-0.119923,-0.00346261,-0.0217562,-0.154376,0.232621,-11.661,8.55369,4.0745,0.0760275,8.63696,0.29225,113.389,-0.0877508,-0.00779328,-0.0489666,-8.63696,0.0687025,0.00275767,0.290141,-0.112125,-3.00795,-3.85708,-0.522989,-1.76764,0.0106339,-5.26934,2.05463,-6.08628,-0.212537,-19.9435,-1.8246,-25.4601,0.634469,-18.0291,-1.49632,-49.82,18.1437,-31.8157,0.428361
728,0.0728,8.12933,36.7183,0.230048,59.7514,-0.332272,-0.00714493,-0.0448929,-8.22737,-0.734669,-28.0813,19.9892,-1.02127,-2.37413,16.4022,-0.163603,-114.787,-0.124411,0.0040713,0.0255807,0.540625,-1.01744,-16.4022,11.1179,-5.01067,0.549729,11.6846,0.101634,61.24,-0.120166,-0.00342917,-0.0215461,-0.136499,0.217417,-11.6846,8.58224,4.10238,0.0822513,8.6315,0.292017,113.299,-0.0876953,-0.00778706,-0.0489275,-8.6315,0.0653577,0.00553992,0.288986,-0.112976,-3.00611,-4.05105,-0.572286,-1.79029,0.0557209,-5.494,2.17388,-6.08918,-0.211873,-19.939,-1.82445,-25.4591,0.635813,-18.3676,-1.51883,-49.8105,18.2204,-31.9744,0.435572
729,0.0729,8.1405,36.6877,0.239613,66.7179,-0.332069,-0.00736526,-0.0462773,-8.35221,-0.678578,-28.0535,20.0205,-0.96309,-2.48454,16.3611,-0.151882,-106.564,-0.1241,0.00377963,0.0237481,0.382485,-0.941891,-16.3611,11.1277,-4.97778,0.425495,11.7005,0.0996727,60.0585,-0.120329,-0.00336301,-0.0211304,-0.108554,0.201477,-11.7005,8.60479,4.12848,0.0943273,8.62614,0.291823,113.224,-0.0876409,-0.00778189,-0.048895,-8.62614,0.0618353,0.00805716,0.287966,-0.113791,-3.00436,-3.68172,-0.544744,0.192392,0.852443,-3.53823,1.99791,-6.07898,-0.21101,-19.9414,-1.82621,-25.4501,0.633632,-18.1129,-1.43433,-47.8026,19.0467,-29.9514,0.146999
730,0.073,8.15167,36.6897,0.246383,71.7889,-0.332108,-0.0075099,-0.0471861,-8.44036,-0.622106,-28.0586,20.0719,-0.917347,-2.56837,16.3546,-0.142273,-99.8223,-0.12405,0.00354051,0.0222457,0.251637,-0.871371,-16.3546,11.1601,-4.95769,0.31999,11.7143,0.0970201,58.4602,-0.120471,-0.00327351,-0.0205681,-0.071144,0.190946,-11.7143,8.62476,4.15489,0.114274,8.62085,0.291636,113.151,-0.0875871,-0.0077769,-0.0488637,-8.62085,0.0583197,0.010298,0.28705,-0.114545,-3.00264,-3.95789,-0.560923,-1.05541,0.356767,-4.834,2.12484,-6.08127,-0.210766,-19.9366,-1.82538,-25.4482,0.634454,-18.4795,-1.39379,-49.0506,18.6033,-31.1995,0.190924
731,0.0731,8.16283,36.7272,0.250339,74.9317,-0.332424,-0.00757967,-0.0476245,-8.50498,-0.557865,-28.0992,20.1457,-0.882166,-2.63664,16.3805,-0.134952,-94.6857,-0.124246,0.00335833,0.021101,0.13631,-0.799478,-16.3805,11.2145,-4.95014,0.222663,11.7309,0.0938121,56.5272,-0.120642,-0.00316527,-0.019888,-0.0255687,0.186947,-11.7309,8.64487,4.18324,0.14171,8.61572,0.29148,113.09,-0.087535,-0.00777272,-0.0488375,-8.61572,0.0546664,0.0122612,0.286265,-0.115264,-3.00101,-3.62821,-0.461752,-1.80741,-0.0684646,-5.05024,1.9117,-6.08165,-0.210704,-19.9333,-1.82477,-25.4454,0.63463,-18.2148,-1.23032,-49.8399,18.2524,-31.3778,-0.0903059
732,0.0732,8.174,36.7979,0.2489,74.2978,-0.333003,-0.00751453,-0.0472152,-8.52445,-0.536765,-28.1732,20.2395,-0.85744,-2.65913,16.4356,-0.132951,-93.2812,-0.124665,0.00330851,0.020788,0.0614249,-0.778451,-16.4356,11.2881,-4.95534,0.165114,11.7515,0.0905346,54.5523,-0.120854,-0.00305468,-0.0191931,0.0248032,0.190612,-11.7515,8.66589,4.21383,0.17515,8.61068,0.291316,113.027,-0.0874838,-0.00776836,-0.04881,-8.61068,0.0510741,0.0139522,0.285567,-0.115932,-2.9994,-3.78604,-0.504296,-1.76405,-0.00228383,-5.18841,2.0107,-6.08942,-0.211105,-19.9294,-1.82332,-25.4505,0.636486,-18.3999,-1.25217,-49.8667,18.4139,-31.4963,-0.0119422
733,0.0733,8.18517,36.8955,0.24231,70.022,-0.333799,-0.00732264,-0.0460095,-8.51298,-0.566512,-28.2743,20.349,-0.841389,-2.64296,16.5131,-0.136293,-95.6261,-0.125252,0.00339168,0.0213106,0.014894,-0.816192,-16.5131,11.3759,-4.97151,0.141403,11.7766,0.0874081,52.6684,-0.121112,-0.00294919,-0.0185303,0.0780042,0.202384,-11.7766,8.68808,4.2467,0.213588,8.60587,0.291195,112.98,-0.0874349,-0.00776513,-0.0487898,-8.60587,0.0472962,0.0153476,0.285018,-0.116577,-2.99795,-3.64173,-0.479317,-1.2303,0.192701,-4.60533,1.92985,-6.09911,-0.211781,-19.9284,-1.82199,-25.4602,0.63861,-18.2538,-1.25761,-49.433,18.7197,-30.9069,-0.0744935
734,0.0734,8.19633,36.9583,0.230753,62.2009,-0.334348,-0.00701159,-0.0440551,-8.48444,-0.645316,-28.3404,20.4323,-0.816981,-2.59832,16.5489,-0.145132,-101.828,-0.125523,0.00361165,0.0226927,-0.0151029,-0.910779,-16.5489,11.4351,-4.98211,0.142435,11.808,0.0847753,51.082,-0.121435,-0.00286036,-0.0179722,0.132118,0.222174,-11.808,8.71257,4.28233,0.255988,8.60146,0.291111,112.947,-0.0873901,-0.00776288,-0.0487756,-8.60146,0.0432884,0.0164357,0.284618,-0.117201,-2.99674,-3.76304,-0.548378,0.030271,0.791223,-3.73972,2.0334,-6.109,-0.212571,-19.93,-1.82094,-25.4727,0.640628,-18.3565,-1.40627,-48.2402,19.4026,-30.0294,0.0757114
735,0.0735,8.2075,37.0027,0.222847,56.8615,-0.334776,-0.00679797,-0.0427129,-8.47477,-0.681778,-28.3881,20.5013,-0.787922,-2.57176,16.5596,-0.151082,-106.002,-0.125605,0.0037597,0.0236229,-0.0628176,-0.970853,-16.5596,11.4777,-4.99066,0.122596,11.8457,0.0828839,49.9423,-0.121822,-0.00279655,-0.0175712,0.185447,0.249825,-11.8457,8.73932,4.32054,0.301347,8.5974,0.291045,112.921,-0.0873489,-0.00776113,-0.0487646,-8.5974,0.0392497,0.0172076,0.284348,-0.117801,-2.9957,-4.27458,-0.628003,-1.02181,0.441255,-5.12514,2.30724,-6.12512,-0.213504,-19.932,-1.81952,-25.4924,0.644208,-18.8745,-1.52328,-49.3419,19.1231,-31.4055,0.379687
736,0.0736,8.21867,37.0487,0.216844,52.7704,-0.335232,-0.00664042,-0.041723,-8.4763,-0.697528,-28.4374,20.5681,-0.759319,-2.55235,16.5661,-0.156083,-109.511,-0.125654,0.00388416,0.0244049,-0.119887,-1.0183,-16.5661,11.5161,-5.0018,0.0929913,11.889,0.0819821,49.3989,-0.122268,-0.00276612,-0.01738,0.237171,0.28524,-11.889,8.76786,4.36086,0.349303,8.59358,0.290945,112.883,-0.0873101,-0.00775846,-0.0487478,-8.59358,0.0355297,0.0177297,0.284126,-0.118379,-2.99464,-3.93815,-0.530578,-1.49626,0.132955,-5.11242,2.09113,-6.13399,-0.214038,-19.9337,-1.81864,-25.5039,0.646176,-18.5484,-1.44214,-49.8674,18.8824,-31.3756,0.18496
737,0.0737,8.22983,37.0673,0.211711,49.2271,-0.335501,-0.00651332,-0.0409244,-8.48192,-0.712972,-28.4588,20.6111,-0.721629,-2.52894,16.5374,-0.161111,-113.039,-0.125436,0.00400928,0.025191,-0.178645,-1.07398,-16.5374,11.528,-5.00621,0.0648677,11.9396,0.0821,49.4699,-0.122788,-0.0027701,-0.017405,0.287043,0.328339,-11.9396,8.79931,4.40362,0.399684,8.59032,0.290721,112.796,-0.0872769,-0.0077525,-0.0487104,-8.59032,0.0326639,0.0181363,0.283808,-0.119038,-2.99349,-3.77423,-0.4998,-1.28103,0.187403,-4.75316,1.99883,-6.14072,-0.214244,-19.9354,-1.81825,-25.5128,0.647831,-18.3969,-1.42702,-49.6752,18.9803,-30.9876,0.117717
738,0.0738,8.241,37.0744,0.208035,46.604,-0.3357,-0.00643294,-0.0404193,-8.49353,-0.722029,-28.4685,20.6413,-0.680017,-2.50469,16.4909,-0.165821,-116.344,-0.125084,0.00412649,0.0259275,-0.241314,-1.13138,-16.4909,11.5249,-5.00846,0.0348777,11.996,0.0834053,50.2565,-0.123368,-0.00281414,-0.0176818,0.335289,0.37923,-11.996,8.83296,4.44819,0.452855,8.5875,0.290451,112.691,-0.0872483,-0.00774529,-0.0486651,-8.5875,0.0301237,0.0183944,0.283489,-0.119746,-2.99243,-4.20686,-0.629667,-0.69537,0.577812,-4.77331,2.28061,-6.14394,-0.214032,-19.9371,-1.8184,-25.518,0.648875,-18.8443,-1.56573,-49.101,19.4007,-30.9713,0.424788
739,0.0739,8.25217,37.0907,0.20706,45.7292,-0.33597,-0.00643222,-0.0404149,-8.5132,-0.706145,-28.4869,20.673,-0.643765,-2.48574,16.453,-0.169258,-118.755,-0.124796,0.00421202,0.0264649,-0.310789,-1.17227,-16.453,11.5252,-5.01545,-0.00403538,12.0524,0.0861154,51.8895,-0.123948,-0.00290558,-0.0182563,0.382878,0.438414,-12.0524,8.86462,4.49218,0.50989,8.58529,0.290202,112.595,-0.0872258,-0.00773866,-0.0486234,-8.58529,0.0277061,0.0184607,0.283257,-0.120502,-2.99159,-2.71054,-0.350413,1.55092,1.19688,-1.33228,1.44125,-6.1364,-0.213261,-19.9372,-1.81902,-25.5096,0.647424,-17.3601,-1.26982,-46.8732,20.0509,-27.4857,-0.397065
740,0.074,8.26333,37.0889,0.208301,46.2682,-0.336098,-0.00649896,-0.0408342,-8.5418,-0.675558,-28.4871,20.6869,-0.605677,-2.47099,16.3989,-0.171877,-120.593,-0.124386,0.0042772,0.0268745,-0.385021,-1.20521,-16.3989,11.5112,-5.01897,-0.0480766,12.1065,0.090212,54.3579,-0.124504,-0.0030438,-0.0191248,0.426706,0.5044,-12.1065,8.89253,4.53454,0.568065,8.58348,0.289966,112.503,-0.0872075,-0.00773237,-0.0485839,-8.58348,0.0252529,0.018317,0.283112,-0.121252,-2.99097,-4.23798,-0.675817,-0.0804263,0.882628,-4.32115,2.33203,-6.1296,-0.212254,-19.9403,-1.82074,-25.5051,0.646256,-18.9094,-1.56363,-48.5078,19.7488,-30.4319,0.507301
741,0.0741,8.2745,37.0779,0.211981,48.3629,-0.33614,-0.00663891,-0.0417135,-8.57953,-0.618299,-28.478,20.6894,-0.570633,-2.46458,16.3418,-0.173512,-121.74,-0.123953,0.0043179,0.0271302,-0.464036,-1.21789,-16.3418,11.4925,-5.02217,-0.101132,12.1541,0.095711,57.6714,-0.124994,-0.00322934,-0.0202905,0.46657,0.577013,-12.1541,8.91378,4.5735,0.627189,8.58206,0.289782,112.432,-0.087193,-0.00772746,-0.0485531,-8.58206,0.0225783,0.0178866,0.283124,-0.12196,-2.99064,-3.52583,-0.510297,0.189683,0.809419,-3.31451,1.90608,-6.11968,-0.211008,-19.939,-1.82195,-25.4928,0.644465,-18.225,-1.3396,-48.2273,19.6768,-29.3779,0.0859562
742,0.0742,8.28567,37.0554,0.217641,51.727,-0.336069,-0.00683907,-0.0429711,-8.62549,-0.533695,-28.4571,20.6787,-0.540201,-2.46818,16.2823,-0.174397,-122.361,-0.123502,0.0043399,0.0272684,-0.543549,-1.20719,-16.2823,11.4695,-5.02508,-0.161441,12.1921,0.102447,61.7304,-0.125384,-0.00345663,-0.0217186,0.499095,0.653589,-12.1921,8.92595,4.60753,0.683786,8.58104,0.28959,112.357,-0.0871826,-0.00772234,-0.0485209,-8.58104,0.0199056,0.0172295,0.283207,-0.122648,-2.99052,-3.95781,-0.590532,-0.581895,0.577159,-4.40484,2.1486,-6.11014,-0.209677,-19.9436,-1.82474,-25.4866,0.642725,-18.6934,-1.3339,-48.9827,19.4311,-30.4316,0.323147
743,0.0743,8.29683,37.0287,0.224664,55.9702,-0.335923,-0.00707779,-0.0444711,-8.67574,-0.421834,-28.432,20.6601,-0.521294,-2.48166,16.2347,-0.174511,-122.441,-0.123141,0.00434276,0.0272864,-0.617136,-1.17025,-16.2347,11.4526,-5.0318,-0.225403,12.2135,0.109692,66.0956,-0.125605,-0.00370106,-0.0232545,0.521899,0.731444,-12.2135,8.92403,4.63377,0.734504,8.58051,0.289483,112.316,-0.0871772,-0.00771949,-0.048503,-8.58051,0.0169722,0.0161971,0.283511,-0.123264,-2.99076,-4.24397,-0.658277,-0.677005,0.61157,-4.79893,2.32003,-6.10296,-0.208419,-19.9461,-1.82718,-25.4811,0.641603,-19.0227,-1.28853,-49.0552,19.4445,-30.8013,0.479972
744,0.0744,8.308,36.9848,0.231558,60.1238,-0.335605,-0.00731248,-0.0459456,-8.73571,-0.304607,-28.3896,20.6245,-0.508941,-2.50569,16.1848,-0.174684,-122.562,-0.122762,0.00434705,0.0273133,-0.687299,-1.12522,-16.1848,11.4315,-5.0376,-0.289664,12.2196,0.116836,70.4006,-0.125667,-0.00394212,-0.024769,0.531926,0.806637,-12.2196,8.90904,4.65247,0.775199,8.58034,0.289405,112.285,-0.0871755,-0.00771741,-0.0484899,-8.58034,0.0139768,0.0148636,0.283952,-0.123811,-2.99122,-3.82402,-0.570943,-0.18565,0.716749,-3.94254,2.07635,-6.09554,-0.207278,-19.9457,-1.82896,-25.4725,0.640404,-18.6553,-1.08283,-48.5209,19.5123,-29.9239,0.211068
745,0.0745,8.31917,36.9295,0.237099,63.3633,-0.335162,-0.00750891,-0.0471799,-8.81577,-0.20581,-28.3358,20.5759,-0.504791,-2.54313,16.1386,-0.175736,-123.3,-0.122412,0.00437324,0.0274779,-0.763537,-1.09279,-16.1386,11.41,-5.04404,-0.354952,12.2104,0.123453,74.3874,-0.125573,-0.00416536,-0.0261717,0.528332,0.876161,-12.2104,8.88125,4.6635,0.803788,8.58056,0.289382,112.276,-0.0871778,-0.00771679,-0.048486,-8.58056,0.0108188,0.0131476,0.284584,-0.124253,-2.99197,-3.4461,-0.484355,0.034563,0.710851,-3.34874,1.85114,-6.08702,-0.206341,-19.9421,-1.82988,-25.4597,0.638799,-18.3489,-0.896507,-48.2434,19.4568,-29.3132,-0.0531913
746,0.0746,8.33033,36.8689,0.241836,66.0971,-0.334636,-0.00767885,-0.0482477,-8.91056,-0.115096,-28.2767,20.5189,-0.51168,-2.59444,16.1025,-0.176898,-124.115,-0.122138,0.00440214,0.0276595,-0.841226,-1.0606,-16.1025,11.3931,-5.05341,-0.421291,12.1852,0.129325,77.9257,-0.125314,-0.00436349,-0.0274166,0.511803,0.937937,-12.1852,8.8404,4.6663,0.819805,8.58114,0.289409,112.287,-0.0871836,-0.00771751,-0.0484905,-8.58114,0.0075708,0.0110516,0.285401,-0.124578,-2.99295,-4.03148,-0.610307,-0.669664,0.558995,-4.55968,2.19414,-6.07856,-0.205644,-19.9403,-1.83094,-25.4487,0.637049,-19.0206,-0.931047,-48.8867,19.2469,-30.52,0.236749
747,0.0747,8.3415,36.8063,0.247614,69.6324,-0.334048,-0.00786584,-0.0494226,-9.00234,-0.00791783,-28.2157,20.4572,-0.532074,-2.6548,16.0817,-0.176095,-123.552,-0.12198,0.00438216,0.0275339,-0.903565,-1.00197,-16.0817,11.3852,-5.06719,-0.483527,12.1424,0.134179,80.8506,-0.124874,-0.00452727,-0.0284457,0.483357,0.989979,-12.1424,8.78545,4.65984,0.822992,8.58213,0.28953,112.334,-0.0871937,-0.00772073,-0.0485108,-8.58213,0.00407357,0.00841854,0.286505,-0.124729,-2.99427,-3.00917,-0.446987,1.5966,1.31586,-1.63367,1.64248,-6.07373,-0.205361,-19.935,-1.83079,-25.4383,0.636083,-18.0852,-0.660266,-46.5541,19.9422,-27.6041,-0.37624
748,0.0748,8.35267,36.7473,0.250253,71.0678,-0.333439,-0.0079637,-0.0500374,-9.11645,0.0720096,-28.1584,20.3944,-0.567187,-2.73305,16.0824,-0.177243,-124.357,-0.121986,0.00441073,0.0277134,-0.976962,-0.958899,-16.0824,11.3904,-5.08604,-0.550397,12.0813,0.137775,83.0175,-0.124245,-0.00464861,-0.0292081,0.44408,1.03046,-12.0813,8.71622,4.64357,0.81323,8.58357,0.289721,112.408,-0.0872083,-0.00772582,-0.0485428,-8.58357,0.000450503,0.00526383,0.287864,-0.12471,-2.99588,-2.80017,-0.41392,2.06097,1.47052,-1.036,1.52983,-6.0714,-0.205496,-19.9297,-1.8302,-25.4308,0.635534,-17.988,-0.547407,-46.0271,20.0348,-27.034,-0.567687
749,0.0749,8.36383,36.6664,0.251161,71.3944,-0.332619,-0.00800661,-0.050307,-9.23367,0.151614,-28.0793,20.3133,-0.609492,-2.82345,16.0778,-0.178856,-125.489,-0.12195,0.00445087,0.0279656,-1.04396,-0.903892,-16.0778,11.3897,-5.10283,-0.617138,12.003,0.140014,84.3667,-0.123441,-0.00472416,-0.0296827,0.395828,1.05882,-12.003,8.6341,4.61783,0.791529,8.58553,0.290002,112.517,-0.0872283,-0.00773332,-0.0485899,-8.58553,-0.0033164,0.00149959,0.28953,-0.124491,-2.99784,-3.40047,-0.524443,1.04327,1.17035,-2.50618,1.86571,-6.07713,-0.206252,-19.9281,-1.82974,-25.4359,0.636676,-18.7113,-0.579081,-46.9642,19.654,-28.5515,-0.321066
750,0.075,8.375,36.5615,0.251559,71.4676,-0.331583,-0.00802509,-0.0504232,-9.3373,0.243303,-27.9765,20.2133,-0.655928,-2.91728,16.0622,-0.179726,-126.1,-0.121832,0.00447253,0.0281017,-1.08985,-0.824337,-16.0622,11.3796,-5.11601,-0.676333,11.9114,0.140908,84.9052,-0.122498,-0.00475431,-0.0298722,0.340515,1.07486,-11.9114,8.54219,4.5841,0.759174,8.58796,0.290377,112.662,-0.0872529,-0.00774331,-0.0486527,-8.58796,-0.00722385,-0.00293971,0.291529,-0.124024,-3.00012,-3.92048,-0.617939,0.213753,0.928681,-3.73489,2.15435,-6.08975,-0.207597,-19.9278,-1.82879,-25.4496,0.639278,-19.3475,-0.582233,-47.6905,19.3132,-29.8405,-0.123649
751,0.0751,8.38617,36.446,0.251064,71.0221,-0.330447,-0.00800955,-0.0503255,-9.43033,0.333314,-27.8631,20.104,-0.705998,-3.0123,16.0429,-0.180221,-126.447,-0.121686,0.00448485,0.0281792,-1.11948,-0.734225,-16.0429,11.365,-5.12753,-0.727169,11.8121,0.14045,84.6293,-0.121477,-0.00473886,-0.0297752,0.28011,1.07869,-11.8121,8.44515,4.54485,0.717581,8.59096,0.290835,112.84,-0.0872834,-0.00775554,-0.0487295,-8.59096,-0.0111473,-0.00803844,0.293844,-0.123322,-3.00271,-3.84628,-0.625224,0.93692,1.23533,-3.07923,2.12919,-6.10472,-0.209386,-19.9295,-1.82744,-25.4679,0.64212,-19.3813,-0.501296,-46.8557,19.5119,-29.2531,-0.240983
752,0.0752,8.39733,36.3166,0.249149,69.6816,-0.32921,-0.00794602,-0.0499263,-9.51977,0.409411,-27.736,19.983,-0.751808,-3.11121,16.0079,-0.180819,-126.867,-0.12142,0.00449972,0.0282726,-1.14108,-0.644011,-16.0079,11.3369,-5.13335,-0.772494,11.7141,0.138539,83.4779,-0.120469,-0.00467439,-0.02937,0.215948,1.06864,-11.7141,8.34955,4.50384,0.667005,8.59463,0.291428,113.07,-0.0873207,-0.00777135,-0.0488288,-8.59463,-0.0152177,-0.0140191,0.296606,-0.122302,-3.00572,-3.48903,-0.537241,0.830276,1.09333,-2.76304,1.91237,-6.1209,-0.211334,-19.9339,-1.82564,-25.49,0.644995,-19.1297,-0.339164,-46.8397,19.2507,-29.0048,-0.553846
753,0.0753,8.4085,36.1864,0.244427,66.6242,-0.327967,-0.00778775,-0.0489319,-9.60898,0.449392,-27.6084,19.8597,-0.798371,-3.22369,15.9722,-0.181482,-127.332,-0.121149,0.00451623,0.0283763,-1.15686,-0.556488,-15.9722,11.3063,-5.13771,-0.812906,11.6154,0.133798,80.6212,-0.119454,-0.00451443,-0.028365,0.146679,1.02511,-11.6154,8.25365,4.46032,0.598205,8.5988,0.292111,113.335,-0.0873631,-0.00778955,-0.0489432,-8.5988,-0.0192263,-0.0207607,0.299723,-0.12098,-3.00899,-3.63754,-0.555167,0.215792,0.860702,-3.41188,1.98889,-6.13947,-0.213115,-19.9428,-1.82399,-25.5188,0.648407,-19.386,-0.318889,-47.3354,18.8964,-29.729,-0.586402
754,0.0754,8.41967,36.0319,0.239558,63.5467,-0.326471,-0.00761577,-0.0478513,-9.6781,0.471203,-27.4564,19.7178,-0.857442,-3.32824,15.9371,-0.181238,-127.16,-0.120883,0.00451015,0.0283381,-1.15677,-0.469404,-15.9371,11.2742,-5.14126,-0.84111,11.4909,0.127901,77.0679,-0.118174,-0.00431546,-0.0271148,0.0825249,0.96375,-11.4909,8.1404,4.40317,0.525566,8.60385,0.292895,113.639,-0.0874144,-0.00781046,-0.0490746,-8.60385,-0.0231423,-0.0283539,0.30324,-0.119355,-3.0127,-3.90301,-0.589815,-0.742628,0.505056,-4.46211,2.12735,-6.15634,-0.214442,-19.9499,-1.82228,-25.544,0.651757,-19.7374,-0.333053,-48.1489,18.4006,-30.8636,-0.549129
755,0.0755,8.43083,35.918,0.236469,61.5467,-0.32537,-0.00750001,-0.047124,-9.71456,0.507486,-27.3451,19.606,-0.90666,-3.40625,15.9109,-0.180664,-126.758,-0.120685,0.00449586,0.0282483,-1.13256,-0.37742,-15.9109,11.2476,-5.14612,-0.853624,11.3973,0.123327,74.3119,-0.117211,-0.00416113,-0.0261452,0.0277507,0.911857,-11.3973,8.05124,4.35683,0.464183,8.60975,0.293805,113.993,-0.0874743,-0.00783474,-0.0492271,-8.60975,-0.0269507,-0.0368863,0.307211,-0.117373,-3.01681,-3.50695,-0.523848,0.0690516,0.768911,-3.38045,1.91246,-6.16545,-0.215222,-19.9561,-1.82145,-25.5598,0.653435,-19.387,-0.231584,-47.2322,18.5535,-29.8469,-0.840352
756,0.0756,8.442,35.7687,0.235356,60.8861,-0.323957,-0.00743424,-0.0467107,-9.71338,0.534612,-27.1985,19.467,-0.957062,-3.45625,15.8654,-0.178308,-125.105,-0.120339,0.00443724,0.02788,-1.07615,-0.289499,-15.8654,11.2034,-5.14456,-0.840385,11.2867,0.118818,71.5944,-0.116074,-0.00400897,-0.0251891,-0.0206173,0.854685,-11.2867,7.95197,4.30252,0.405508,8.6166,0.294847,114.397,-0.087544,-0.00786251,-0.0494016,-8.6166,-0.0305732,-0.0463991,0.311654,-0.115022,-3.02137,-4.12257,-0.672198,-0.111139,0.860354,-4.21138,2.28567,-6.16817,-0.215382,-19.961,-1.82147,-25.5674,0.653893,-20.0041,-0.352968,-47.2706,18.5059,-30.7358,-0.516686
757,0.0757,8.45317,35.6143,0.236274,61.5125,-0.322549,-0.00742821,-0.0466728,-9.69523,0.581637,-27.0467,19.3243,-0.993528,-3.47928,15.7986,-0.175057,-122.824,-0.119833,0.00435633,0.0273716,-1.00433,-0.210311,-15.7986,11.1416,-5.13464,-0.812547,11.1913,0.115325,69.4897,-0.115093,-0.00389111,-0.0244486,-0.0664416,0.825817,-11.1913,7.86625,4.25342,0.359614,8.62446,0.296006,114.846,-0.0876238,-0.00789343,-0.0495959,-8.62446,-0.0338697,-0.0568171,0.316528,-0.112312,-3.02634,-2.86262,-0.400037,1.00688,1.02044,-1.92484,1.54903,-6.1662,-0.214961,-19.963,-1.82184,-25.567,0.653515,-18.7241,-0.0333614,-46.0028,18.5229,-28.4854,-1.27673
758,0.0758,8.46433,35.4838,0.235492,61.107,-0.321394,-0.00736276,-0.0462616,-9.66785,0.605047,-26.9183,19.1982,-1.01658,-3.49865,15.7287,-0.171655,-120.437,-0.119303,0.00427168,0.0268397,-0.922963,-0.14149,-15.7287,11.0767,-5.12134,-0.774451,11.1215,0.109877,66.2072,-0.114375,-0.00370731,-0.0232937,-0.111274,0.783238,-11.1215,7.7997,4.21403,0.307631,8.63361,0.29727,115.337,-0.0877168,-0.00792713,-0.0498076,-8.63361,-0.0367014,-0.068095,0.321801,-0.109274,-3.03183,-3.69484,-0.606509,1.14863,1.31045,-2.74493,2.056,-6.16238,-0.214045,-19.9664,-1.82337,-25.5661,0.652962,-19.5251,-0.215507,-45.7361,18.6853,-29.3276,-0.789692
759,0.0759,8.4755,35.3724,0.229136,57.3569,-0.320421,-0.00710487,-0.0446412,-9.62387,0.567726,-26.8088,19.0851,-1.03464,-3.52771,15.6641,-0.167854,-117.77,-0.118812,0.0041771,0.0262455,-0.831032,-0.0808021,-15.6641,11.0157,-5.1073,-0.725865,11.0644,0.098337,59.2537,-0.113787,-0.00331794,-0.0208472,-0.148942,0.687562,-11.0644,7.74193,4.1785,0.235883,8.64389,0.298653,115.874,-0.0878212,-0.00796402,-0.0500394,-8.64389,-0.0390347,-0.0802949,0.327509,-0.105846,-3.03773,-2.66657,-0.343053,0.974482,0.94325,-1.73535,1.42103,-6.15492,-0.212769,-19.9682,-1.82523,-25.5595,0.651673,-18.4454,0.0119043,-45.8025,18.2031,-28.3295,-1.45501
760,0.076,8.48667,35.2535,0.228183,56.863,-0.319367,-0.00702676,-0.0441505,-9.56447,0.561115,-26.6912,18.9706,-1.05762,-3.52311,15.6011,-0.163845,-114.957,-0.118335,0.00407733,0.0256186,-0.729385,-0.02961,-15.6011,10.9564,-5.09146,-0.667127,10.9968,0.0918986,55.3742,-0.113092,-0.00310071,-0.0194823,-0.179552,0.6314,-10.9968,7.68063,4.13592,0.188125,8.65554,0.300129,116.446,-0.0879395,-0.00800338,-0.0502867,-8.65554,-0.0406751,-0.0932742,0.333572,-0.102083,-3.04411,-3.86151,-0.613592,0.524487,1.05719,-3.42799,2.12803,-6.14542,-0.211265,-19.974,-1.82845,-25.5544,0.649949,-19.5714,-0.263742,-46.1407,18.1993,-30.04,-0.745129
761,0.0761,8.49783,35.1865,0.231874,59.2021,-0.318841,-0.00710085,-0.044616,-9.49034,0.570968,-26.6247,18.8949,-1.05832,-3.48879,15.5404,-0.15937,-111.818,-0.117874,0.00396597,0.0249189,-0.612537,0.00881074,-15.5404,10.9,-5.07437,-0.593052,10.9775,0.0895857,53.9805,-0.112894,-0.00302267,-0.018992,-0.209137,0.603576,-10.9775,7.655,4.11411,0.1552,8.66867,0.301658,117.039,-0.0880729,-0.00804416,-0.0505429,-8.66867,-0.0414187,-0.1068,0.339865,-0.0980585,-3.05094,-3.23614,-0.427716,-0.309691,0.502067,-3.38626,1.72151,-6.13802,-0.209859,-19.9763,-1.83108,-25.5485,0.648803,-18.8645,-0.0666077,-46.9107,17.5659,-29.9931,-1.11847
762,0.0762,8.509,35.1376,0.237806,62.8578,-0.318488,-0.00725177,-0.0455642,-9.41282,0.578047,-26.5754,18.8342,-1.05312,-3.44032,15.4839,-0.155088,-108.813,-0.117445,0.0038594,0.0242493,-0.491022,0.0320828,-15.4839,10.8481,-5.0568,-0.510928,10.9706,0.0896368,54.0113,-0.112823,-0.00302439,-0.0190028,-0.238609,0.587203,-10.9706,7.6397,4.0974,0.128753,8.68318,0.303257,117.66,-0.0882204,-0.00808678,-0.0508107,-8.68318,-0.0412385,-0.12092,0.346421,-0.0937174,-3.05815,-3.81169,-0.558085,-0.675625,0.495723,-4.3174,2.06311,-6.12891,-0.208612,-19.9757,-1.83294,-25.5379,0.647167,-19.3534,-0.18865,-47.2267,17.497,-30.9085,-0.730046
763,0.0763,8.52017,35.0996,0.244079,66.6668,-0.318221,-0.00741858,-0.0466123,-9.34179,0.576257,-26.5357,18.7841,-1.05033,-3.38847,15.4375,-0.151309,-106.161,-0.117094,0.00376535,0.0236584,-0.373645,0.0399719,-15.4375,10.8053,-5.04089,-0.42718,10.9629,0.0905218,54.5446,-0.112744,-0.00305425,-0.0191904,-0.268945,0.57621,-10.9629,7.62578,4.07974,0.104429,8.6992,0.304865,118.284,-0.0883831,-0.00812967,-0.0510803,-8.6992,-0.0399244,-0.135266,0.353047,-0.0891847,-3.06572,-3.07052,-0.433742,0.943517,1.02782,-2.21477,1.65822,-6.11837,-0.20766,-19.9712,-1.83365,-25.522,0.645038,-18.5307,-0.0651457,-45.5634,17.9783,-28.7871,-1.08521
764,0.0764,8.53133,35.0718,0.250095,70.2828,-0.318026,-0.00757837,-0.0476163,-9.28036,0.55957,-26.5048,18.7443,-1.05193,-3.3393,15.4029,-0.147769,-103.678,-0.116831,0.00367727,0.023105,-0.265151,0.0342002,-15.4029,10.773,-5.02747,-0.345447,10.9518,0.0913208,55.026,-0.112629,-0.00308121,-0.0193598,-0.298136,0.562874,-10.9518,7.61141,4.05988,0.0799984,8.71707,0.306544,118.935,-0.0885647,-0.00817443,-0.0513615,-8.71707,-0.0375034,-0.150122,0.359904,-0.0843407,-3.07385,-3.56556,-0.558356,0.881351,1.14095,-2.81863,1.96271,-6.11177,-0.207186,-19.9697,-1.83446,-25.5133,0.643622,-18.9577,-0.205972,-45.5931,18.0508,-29.3839,-0.732962
765,0.0765,8.5425,35.0465,0.256005,73.7084,-0.317832,-0.00774442,-0.0486596,-9.24046,0.546492,-26.4749,18.7101,-1.05893,-3.29548,15.3775,-0.145386,-102.006,-0.116639,0.00361796,0.0227323,-0.166839,0.0162497,-15.3775,10.7495,-5.01617,-0.268044,10.932,0.093116,56.1077,-0.112426,-0.00314178,-0.0197404,-0.336652,0.56408,-10.932,7.59367,4.03644,0.0551304,8.73697,0.308275,119.607,-0.0887668,-0.0082206,-0.0516515,-8.73697,-0.0338384,-0.165366,0.36693,-0.0792053,-3.08257,-3.54817,-0.541786,0.633099,1.01949,-2.99466,1.94227,-6.11094,-0.207301,-19.9636,-1.83364,-25.5068,0.643425,-18.8996,-0.202595,-45.8054,17.896,-29.5603,-0.709786
766,0.0766,8.55367,35.0316,0.260659,76.2457,-0.31771,-0.00787649,-0.0494895,-9.21389,0.517318,-26.4535,18.686,-1.07106,-3.26202,15.3647,-0.144053,-101.071,-0.116542,0.00358479,0.0225239,-0.0835329,-0.00992955,-15.3647,10.7373,-5.00844,-0.199551,10.9075,0.0945769,56.988,-0.112174,-0.00319108,-0.0200501,-0.370932,0.55615,-10.9075,7.57439,4.01099,0.0296874,8.75942,0.310136,120.328,-0.088995,-0.00827021,-0.0519633,-8.75942,-0.0289019,-0.181367,0.37433,-0.0736147,-3.09216,-4.51836,-0.746448,-0.349775,0.840084,-4.84996,2.50596,-6.11656,-0.207966,-19.9625,-1.83322,-25.5121,0.644491,-19.8488,-0.437096,-46.7659,17.6928,-31.4331,-0.11157
767,0.0767,8.56483,35.0364,0.266756,79.6217,-0.31776,-0.00805416,-0.0506058,-9.21344,0.48994,-26.4499,18.6783,-1.08391,-3.24167,15.3637,-0.14255,-100.016,-0.116534,0.00354738,0.0222889,-0.0185546,-0.0402357,-15.3637,10.7357,-5.00441,-0.142426,10.8877,0.0970896,58.5021,-0.11197,-0.00327585,-0.0205828,-0.409776,0.552825,-10.8877,7.56023,3.98788,0.00370942,8.78511,0.312216,121.136,-0.0892559,-0.00832569,-0.0523119,-8.78511,-0.0226487,-0.198548,0.382342,-0.0673745,-3.10295,-3.19555,-0.46228,0.930096,1.05257,-2.35979,1.73275,-6.12569,-0.209048,-19.9574,-1.8314,-25.5174,0.646297,-18.5347,-0.181388,-45.4771,17.8995,-28.9611,-0.862626
768,0.0768,8.576,35.0763,0.273795,83.3256,-0.318134,-0.00827617,-0.0520007,-9.24127,0.473445,-26.4791,18.6961,-1.09144,-3.22726,15.3753,-0.142734,-100.145,-0.116622,0.00355196,0.0223176,0.046569,-0.0834743,-15.3753,10.7445,-5.00495,-0.0826523,10.8863,0.101893,61.3962,-0.111956,-0.00343792,-0.0216011,-0.473162,0.571891,-10.8863,7.56031,3.97371,-0.029348,8.81468,0.314636,122.074,-0.0895564,-0.00839022,-0.0527173,-8.81468,-0.0149719,-0.217503,0.391293,-0.0602049,-3.11526,-4.48982,-0.735631,-0.153133,0.907754,-4.65492,2.48363,-6.13768,-0.210419,-19.9561,-1.83004,-25.5297,0.648611,-19.8688,-0.472606,-46.5884,17.7738,-31.276,-0.0950214
769,0.0769,8.58717,35.1387,0.281185,87.3569,-0.318694,-0.00849509,-0.0533762,-9.28545,0.443808,-26.5298,18.7302,-1.1022,-3.22963,15.4045,-0.14137,-99.1887,-0.116844,0.00351804,0.0221045,0.0910163,-0.124905,-15.4045,10.7661,-5.01082,-0.036465,10.888,0.105325,63.4646,-0.111974,-0.00355373,-0.0223288,-0.530277,0.573811,-10.888,7.56344,3.96101,-0.0654078,8.84619,0.31723,123.081,-0.0898765,-0.0084594,-0.053152,-8.84619,-0.0050986,-0.237246,0.400659,-0.0523816,-3.12776,-4.15597,-0.616765,-0.935647,0.447636,-4.89206,2.25003,-6.1541,-0.212047,-19.9557,-1.82858,-25.5476,0.651938,-19.5955,-0.385004,-47.4211,17.3492,-31.5419,-0.327669
770,0.077,8.59833,35.2088,0.285576,89.0284,-0.319298,-0.00862671,-0.0542032,-9.30508,0.374046,-26.5951,18.7752,-1.11682,-3.22219,15.4465,-0.142657,-100.091,-0.117162,0.00355006,0.0223057,0.139259,-0.18255,-15.4465,10.7975,-5.02162,0.015051,10.8845,0.107056,64.5074,-0.111938,-0.00361213,-0.0226957,-0.566507,0.551223,-10.8845,7.56382,3.94616,-0.0971172,8.87784,0.321177,124.612,-0.0901981,-0.00856464,-0.0538132,-8.87784,0.00537332,-0.264096,0.413865,-0.041363,-3.14012,-3.84361,-0.57233,0.156899,0.849452,-3.67706,2.08429,-6.17002,-0.213727,-19.9574,-1.82747,-25.5671,0.655097,-19.3187,-0.412011,-46.3956,17.7972,-30.3609,-0.482798
771,0.0771,8.6095,35.3041,0.293524,92.0274,-0.320117,-0.00885139,-0.0556149,-9.34449,0.297981,-26.6975,18.8447,-1.12732,-3.22894,15.5041,-0.143937,-100.99,-0.117599,0.00358192,0.0225059,0.172146,-0.241268,-15.5041,10.8406,-5.03774,0.0561241,10.8817,0.108533,65.3973,-0.111909,-0.00366196,-0.0230088,-0.598329,0.523086,-10.8817,7.56587,3.93226,-0.127936,8.91831,0.328928,127.62,-0.0906092,-0.00877135,-0.055112,-8.91831,0.0161622,-0.311707,0.438163,-0.021844,-3.15713,-4.13148,-0.643852,0.130667,0.918633,-4.01917,2.26033,-6.18179,-0.215342,-19.9581,-1.82595,-25.5808,0.657179,-19.6578,-0.561213,-46.525,17.9374,-30.7273,-0.311433
772,0.0772,8.62067,35.4164,0.299733,93.7346,-0.321074,-0.00903132,-0.0567454,-9.39088,0.213344,-26.8146,18.9261,-1.14111,-3.24121,15.5755,-0.147031,-103.16,-0.11814,0.00365889,0.0229895,0.195861,-0.306155,-15.5755,10.8939,-5.0588,0.0909537,10.8798,0.109783,66.1509,-0.111889,-0.00370415,-0.0232739,-0.625534,0.490364,-10.8798,7.56951,3.91946,-0.15735,8.96121,0.33698,130.744,-0.0910451,-0.00898606,-0.0564611,-8.96121,0.0291344,-0.359318,0.462725,-0.0017781,-3.17482,-4.5397,-0.734173,-0.238706,0.867561,-4.76563,2.50154,-6.19136,-0.216896,-19.9593,-1.82432,-25.5926,0.658641,-20.1219,-0.737725,-47.0126,17.9694,-31.4993,-0.0810315
773,0.0773,8.63183,35.5205,0.301964,93.3121,-0.321958,-0.00910794,-0.0572269,-9.43498,0.113738,-26.9144,19.0008,-1.15938,-3.25421,15.643,-0.151947,-106.609,-0.118652,0.00378123,0.0237582,0.213281,-0.379901,-15.643,10.946,-5.08067,0.122433,10.8778,0.110965,66.8626,-0.111869,-0.00374401,-0.0235243,-0.648543,0.454601,-10.8778,7.57413,3.90765,-0.184954,8.99972,0.342946,133.059,-0.0914364,-0.00914516,-0.0574607,-8.99972,0.0390387,-0.393631,0.480581,0.0136393,-3.19169,-4.60122,-0.748678,-0.374021,0.829373,-4.94012,2.53928,-6.20214,-0.21842,-19.959,-1.82205,-25.6042,0.660393,-20.2384,-0.85336,-47.2475,18.0081,-31.7037,-0.0545391
774,0.0774,8.643,35.5811,0.30023,91.4426,-0.322439,-0.00907969,-0.0570494,-9.45798,0.0107829,-26.9736,19.0545,-1.18455,-3.25749,15.695,-0.156686,-109.934,-0.119047,0.00389916,0.0244992,0.220614,-0.454995,-15.695,10.9895,-5.10079,0.147437,10.8764,0.112315,67.6761,-0.111854,-0.00378956,-0.0238105,-0.668754,0.417563,-10.8764,7.57985,3.8971,-0.210871,9.00984,0.344601,133.701,-0.0915392,-0.0091893,-0.057738,-9.00984,0.048215,-0.402327,0.485138,0.0191391,-3.19405,-4.77246,-0.785034,-0.70763,0.732414,-5.39538,2.63974,-6.21011,-0.219669,-19.965,-1.82115,-25.6185,0.66138,-20.4405,-0.99392,-47.6463,17.9658,-32.1985,0.0436291
775,0.0775,8.65417,35.596,0.295974,88.9276,-0.322519,-0.00898522,-0.0564558,-9.46981,-0.0809137,-26.988,19.0837,-1.2131,-3.25884,15.7226,-0.160605,-112.684,-0.119256,0.0039967,0.025112,0.213223,-0.519992,-15.7226,11.0181,-5.11713,0.1596,10.8771,0.114019,68.7031,-0.111861,-0.00384707,-0.0241718,-0.686707,0.379992,-10.8771,7.58763,3.8886,-0.235033,8.99633,0.34256,132.909,-0.0914019,-0.00913485,-0.057396,-8.99633,0.0590863,-0.388324,0.477997,0.0154346,-3.18341,-4.66193,-0.751838,-0.762929,0.673853,-5.31681,2.56682,-6.21906,-0.220625,-19.9695,-1.82,-25.6326,0.6628,-20.3508,-1.05338,-47.7204,17.9376,-32.1625,-0.0292216
776,0.0776,8.66533,35.5735,0.292418,87.3759,-0.322299,-0.00890824,-0.0559721,-9.48525,-0.145202,-26.9643,19.0904,-1.23883,-3.27069,15.7197,-0.162545,-114.045,-0.119234,0.00404498,0.0254153,0.189732,-0.558338,-15.7197,11.0271,-5.1285,0.153693,10.8808,0.116053,69.9284,-0.111899,-0.00391568,-0.0246029,-0.701959,0.341927,-10.8808,7.59776,3.88241,-0.25714,8.97303,0.338911,131.493,-0.0911652,-0.00903754,-0.0567845,-8.97303,0.0712087,-0.36383,0.465542,0.00726816,-3.16724,-4.57216,-0.688172,-1.77246,0.184835,-6.00856,2.47802,-6.22672,-0.221046,-19.9752,-1.81947,-25.6463,0.664181,-20.2841,-1.05442,-48.7119,17.4558,-32.8937,-0.128488
777,0.0777,8.6765,35.5474,0.290905,87.372,-0.322057,-0.00888053,-0.055798,-9.50524,-0.184698,-26.9356,19.0944,-1.26542,-3.29402,15.711,-0.162001,-113.664,-0.119169,0.00403145,0.0253303,0.154156,-0.568677,-15.711,11.0322,-5.14177,0.132601,10.8881,0.117976,71.0875,-0.111974,-0.00398058,-0.0250107,-0.711056,0.30173,-10.8881,7.61044,3.87862,-0.27578,8.94834,0.33493,129.948,-0.0909144,-0.00893139,-0.0561176,-8.94834,0.0822487,-0.336466,0.451765,-0.00227515,-3.15084,-4.60304,-0.716591,-0.86456,0.594351,-5.3196,2.51038,-6.22992,-0.220679,-19.9794,-1.81937,-25.6537,0.664908,-20.3382,-1.12197,-47.7795,17.8694,-32.2388,-0.118739
778,0.0778,8.68767,35.5408,0.29003,87.8056,-0.321983,-0.00886305,-0.0556882,-9.51724,-0.224627,-26.9245,19.1084,-1.29496,-3.31504,15.7142,-0.160382,-112.528,-0.119192,0.00399115,0.0250771,0.118719,-0.573309,-15.7142,11.0435,-5.16095,0.110814,10.9002,0.119213,71.8326,-0.112099,-0.0040223,-0.0252729,-0.709549,0.257414,-10.9002,7.62625,3.87752,-0.2891,8.92641,0.331199,128.501,-0.0906916,-0.0088319,-0.0554924,-8.92641,0.0912679,-0.310107,0.438625,-0.011528,-3.13675,-4.39816,-0.736013,1.35708,1.53828,-3.33558,2.43858,-6.22501,-0.219341,-19.9879,-1.82118,-25.6561,0.664081,-20.1404,-1.17998,-45.5553,18.8255,-30.2867,-0.212375
779,0.0779,8.69883,35.5446,0.287182,86.9445,-0.321994,-0.00877946,-0.055163,-9.50659,-0.287156,-26.9229,19.1258,-1.32699,-3.32157,15.7254,-0.159088,-111.62,-0.119277,0.00395895,0.0248748,0.089343,-0.590378,-15.7254,11.0575,-5.18359,0.0970365,10.9121,0.118457,71.3774,-0.112221,-0.00399682,-0.0251128,-0.688736,0.204718,-10.9121,7.64193,3.87675,-0.293788,8.90719,0.327813,127.187,-0.0904963,-0.0087416,-0.0549251,-8.90719,0.0985042,-0.285463,0.426461,-0.0201567,-3.12482,-5.10422,-0.852288,-0.00873906,1.10338,-5.20392,2.82133,-6.21221,-0.217201,-19.9937,-1.82349,-25.6472,0.661823,-20.823,-1.35665,-46.9253,18.4057,-32.1781,0.161577
780,0.078,8.71,35.5537,0.281125,83.9926,-0.322047,-0.00859443,-0.0540004,-9.47133,-0.360994,-26.9266,19.144,-1.36038,-3.31458,15.7414,-0.158785,-111.407,-0.119399,0.0039514,0.0248274,0.0611746,-0.612629,-15.7414,11.0717,-5.20803,0.084814,10.9229,0.115208,69.4195,-0.112332,-0.00388718,-0.0244239,-0.643034,0.147456,-10.9229,7.65719,3.8759,-0.285074,8.88947,0.324702,125.98,-0.0903163,-0.00865864,-0.0544039,-8.88947,0.104178,-0.262329,0.415129,-0.0282548,-3.11432,-5.01299,-0.800483,-0.891246,0.680167,-5.80494,2.74278,-6.19623,-0.214666,-19.9964,-1.8261,-25.632,0.659144,-20.6805,-1.37614,-47.8143,17.9981,-32.7973,0.0873504
781,0.0781,8.72117,35.5585,0.274546,80.6503,-0.322035,-0.00839211,-0.0527292,-9.42569,-0.431253,-26.9265,19.1589,-1.39993,-3.29884,15.7648,-0.158716,-111.358,-0.119577,0.00394968,0.0248166,0.031668,-0.636134,-15.7648,11.0885,-5.23528,0.0718266,10.921,0.111428,67.1416,-0.112313,-0.00375963,-0.0236224,-0.584696,0.0964246,-10.921,7.66592,3.87122,-0.265809,8.87266,0.321834,124.867,-0.0901455,-0.00858216,-0.0539233,-8.87266,0.108457,-0.240593,0.404554,-0.0358701,-3.10486,-5.74705,-0.900254,-3.2465,-0.185306,-8.49226,3.1264,-6.1799,-0.21214,-19.995,-1.82834,-25.6125,0.656532,-21.3526,-1.54365,-50.168,17.1453,-35.5047,0.484086
782,0.0782,8.73233,35.5603,0.268666,77.7446,-0.321983,-0.0082061,-0.0515604,-9.37306,-0.492709,-26.9237,19.1708,-1.44176,-3.2741,15.7916,-0.158003,-110.858,-0.11978,0.00393193,0.0247051,-0.000283304,-0.66026,-15.7916,11.1048,-5.26377,0.0579672,10.912,0.107474,64.7595,-0.11222,-0.00362625,-0.0227844,-0.516033,0.0560518,-10.912,7.67134,3.86503,-0.235699,8.85674,0.319195,123.843,-0.0899837,-0.00851178,-0.0534811,-8.85674,0.111499,-0.220173,0.39469,-0.043013,-3.09637,-4.97921,-0.710293,-3.33195,-0.433542,-7.70253,2.65871,-6.16324,-0.209859,-19.989,-1.82987,-25.5883,0.653784,-20.5155,-1.41286,-50.2447,16.9074,-34.7326,0.0383889
783,0.0783,8.7435,35.5613,0.264122,75.6433,-0.321938,-0.00805923,-0.0506376,-9.32076,-0.536519,-26.9208,19.1797,-1.47819,-3.24845,15.813,-0.156804,-110.017,-0.119942,0.0039021,0.0245176,-0.0352836,-0.675121,-15.813,11.1149,-5.29014,0.0394161,10.9066,0.104146,62.7539,-0.112165,-0.00351394,-0.0220787,-0.443775,0.0250586,-10.9066,7.67926,3.86157,-0.19913,8.84171,0.31678,122.906,-0.089831,-0.00844739,-0.0530765,-8.84171,0.113543,-0.20121,0.38558,-0.049618,-3.08874,-5.90742,-0.884396,-4.87681,-0.879592,-9.96138,3.18118,-6.15281,-0.208193,-19.9816,-1.83081,-25.5698,0.652283,-21.381,-1.62911,-51.7792,16.4693,-37.0094,0.585013
784,0.0784,8.75467,35.566,0.260726,74.1817,-0.321932,-0.00794902,-0.0499452,-9.26831,-0.554658,-26.9223,19.1884,-1.51056,-3.22436,15.8336,-0.155574,-109.154,-0.120099,0.00387149,0.0243253,-0.0713684,-0.672724,-15.8336,11.122,-5.31565,0.0144826,10.9049,0.101677,61.2661,-0.112148,-0.00343063,-0.0215553,-0.369463,0.00326984,-10.9049,7.68914,3.86075,-0.157014,8.82748,0.314623,122.07,-0.0896864,-0.00838989,-0.0527152,-8.82748,0.114796,-0.183722,0.377259,-0.0556682,-3.08183,-4.31218,-0.651522,0.0618935,0.908956,-4.27751,2.33436,-6.13694,-0.206931,-19.9734,-1.83141,-25.5445,0.649014,-19.7174,-1.41311,-46.8338,18.266,-31.3326,-0.240986
785,0.0785,8.76583,35.5808,0.258988,73.7442,-0.322017,-0.00788754,-0.0495588,-9.21435,-0.555777,-26.9342,19.2009,-1.5404,-3.19764,15.8589,-0.153681,-107.826,-0.12029,0.00382439,0.0240294,-0.106963,-0.661448,-15.8589,11.13,-5.34186,-0.01235,10.9077,0.100014,60.2643,-0.112176,-0.00337453,-0.0212028,-0.293299,-0.00968423,-10.9077,7.70128,3.86268,-0.109676,8.81409,0.312655,121.306,-0.0895504,-0.0083374,-0.0523854,-8.81409,0.115356,-0.167519,0.369589,-0.0612211,-3.07562,-4.93559,-0.688395,-3.11642,-0.371088,-7.49016,2.62199,-6.13013,-0.206486,-19.9751,-1.8334,-25.5388,0.64739,-20.2801,-1.45066,-50.0258,16.9964,-34.5693,0.071733
786,0.0786,8.777,35.5943,0.258636,74.1733,-0.3221,-0.00786538,-0.0494196,-9.15567,-0.540262,-26.9453,19.2091,-1.56597,-3.16592,15.8802,-0.151089,-106.008,-0.120452,0.00375989,0.0236241,-0.14046,-0.642012,-15.8802,11.1327,-5.3659,-0.03968,10.9126,0.0988629,59.5706,-0.112226,-0.00333569,-0.0209587,-0.213686,-0.0136047,-10.9126,7.71386,3.86622,-0.0562169,8.80152,0.310862,120.61,-0.0894227,-0.00828959,-0.052085,-8.80152,0.115355,-0.152532,0.362532,-0.0662913,-3.07002,-5.26286,-0.699197,-4.67602,-1.00709,-9.08328,2.76399,-6.13687,-0.20696,-19.9665,-1.83207,-25.5383,0.648932,-20.5554,-1.44642,-51.5878,16.3699,-36.1875,0.247004
787,0.0787,8.78817,35.614,0.258662,74.7635,-0.32223,-0.00785797,-0.0493731,-9.09206,-0.507253,-26.9629,19.2185,-1.591,-3.13002,15.9077,-0.148843,-104.432,-0.12066,0.003704,0.0232729,-0.170185,-0.614007,-15.9077,11.1376,-5.39031,-0.0675081,10.9166,0.0982831,59.2212,-0.112268,-0.00331612,-0.0208358,-0.13218,-0.00810811,-10.9166,7.7249,3.87025,0.00246377,8.78969,0.309222,119.974,-0.0893025,-0.00824585,-0.0518102,-8.78969,0.114862,-0.138633,0.356017,-0.0709308,-3.06497,-3.55077,-0.432506,0.218007,0.723941,-3.29516,1.84138,-6.14575,-0.20798,-19.9624,-1.83101,-25.5444,0.650584,-18.7886,-1.14774,-46.7073,18.1115,-30.4306,-0.638049
788,0.0788,8.79933,35.6462,0.258999,75.4306,-0.322455,-0.00786711,-0.0494305,-9.03016,-0.466552,-26.9935,19.2333,-1.61769,-3.09185,15.9478,-0.147397,-103.417,-0.120965,0.00366801,0.0230468,-0.197582,-0.586655,-15.9478,11.1491,-5.41722,-0.0942851,10.9199,0.0986692,59.4539,-0.112301,-0.00332915,-0.0209177,-0.0540581,0.00612104,-10.9199,7.73417,3.87469,0.0628072,8.77853,0.307726,119.394,-0.0891891,-0.00820597,-0.0515596,-8.77853,0.113982,-0.125776,0.350019,-0.0751541,-3.06037,-2.51013,-0.294479,3.6558,1.99423,0.580099,1.30107,-6.14545,-0.209165,-19.9624,-1.83035,-25.5442,0.64953,-17.6857,-0.970196,-43.3001,19.3972,-26.5818,-1.14125
789,0.0789,8.8105,35.6828,0.260163,76.5546,-0.322719,-0.00790433,-0.0496643,-8.97279,-0.41983,-27.0287,19.2472,-1.6422,-3.0529,15.9899,-0.146077,-102.491,-0.121284,0.00363517,0.0228405,-0.223792,-0.560746,-15.9899,11.1598,-5.44324,-0.119883,10.9249,0.0998733,60.1794,-0.112353,-0.00336978,-0.0211729,0.0189879,0.0281446,-10.9249,7.74297,3.88004,0.123146,8.76798,0.306367,118.866,-0.089082,-0.00816972,-0.0513319,-8.76798,0.112771,-0.11387,0.344498,-0.079003,-3.05617,-4.30802,-0.755303,3.67111,2.51438,-1.4237,2.41208,-6.14687,-0.210626,-19.9624,-1.8291,-25.5457,0.648761,-19.4277,-1.38576,-43.32,19.9325,-28.6116,0.00793714
790,0.079,8.82167,35.7272,0.261809,77.9554,-0.323048,-0.00795657,-0.0499926,-8.91371,-0.353914,-27.0718,19.2633,-1.66547,-3.0137,16.0376,-0.144694,-101.52,-0.121646,0.00360074,0.0226241,-0.24327,-0.522705,-16.0376,11.1728,-5.46881,-0.144652,10.9315,0.101403,61.1012,-0.112421,-0.00342139,-0.0214973,0.0876291,0.057608,-10.9315,7.75116,3.88588,0.183334,8.75807,0.305099,118.375,-0.0889812,-0.00813592,-0.0511195,-8.75807,0.111183,-0.102707,0.339335,-0.0825417,-3.05238,-3.88492,-0.495416,-0.614645,0.448366,-4.34055,2.03217,-6.15082,-0.212198,-19.9549,-1.82588,-25.543,0.648795,-18.9495,-1.06153,-47.6413,17.8858,-31.549,-0.332733
791,0.0791,8.83283,35.7739,0.262957,78.9551,-0.323394,-0.00799812,-0.0502537,-8.85801,-0.280841,-27.1177,19.2779,-1.6873,-2.97594,16.088,-0.144087,-101.095,-0.122028,0.00358565,0.0225293,-0.258414,-0.483021,-16.088,11.1863,-5.49268,-0.167689,10.9373,0.103099,62.1234,-0.112481,-0.00347863,-0.0218569,0.149041,0.0927853,-10.9373,7.75705,3.89112,0.240618,8.74864,0.303945,117.927,-0.0888854,-0.00810514,-0.0509261,-8.74864,0.109394,-0.0923913,0.334586,-0.0857377,-3.04887,-4.03531,-0.49233,-1.8977,-0.0862322,-5.51998,2.09337,-6.1611,-0.213802,-19.9477,-1.82255,-25.5476,0.650603,-19.0544,-0.986974,-48.9631,17.3692,-32.7549,-0.231964
792,0.0792,8.844,35.8116,0.263383,79.4254,-0.323667,-0.00802163,-0.0504014,-8.81439,-0.211399,-27.1548,19.2831,-1.7051,-2.94463,16.131,-0.14426,-101.216,-0.122354,0.00358996,0.0225564,-0.274081,-0.449193,-16.131,11.1932,-5.51155,-0.189956,10.941,0.104774,63.1322,-0.112519,-0.00353512,-0.0222118,0.199336,0.130376,-10.941,7.75971,3.89509,0.290911,8.73964,0.30287,117.51,-0.088794,-0.00807647,-0.050746,-8.73964,0.107418,-0.0828364,0.330187,-0.0886437,-3.04559,-3.95304,-0.548474,0.582416,1.00591,-3.46589,2.1017,-6.17453,-0.215262,-19.9455,-1.82041,-25.5605,0.653376,-18.942,-0.975135,-46.5179,18.4686,-30.7315,-0.189559
793,0.0793,8.85517,35.8398,0.262586,79.0557,-0.323861,-0.00801087,-0.0503338,-8.78627,-0.147861,-27.1827,19.2785,-1.7195,-2.925,16.1668,-0.145291,-101.94,-0.122625,0.00361561,0.0227175,-0.290192,-0.419006,-16.1668,11.1937,-5.52561,-0.2122,10.942,0.105999,63.8704,-0.112529,-0.00357646,-0.0224716,0.234969,0.165864,-10.942,7.75864,3.89739,0.329703,8.73105,0.301878,117.125,-0.0887067,-0.00805002,-0.0505798,-8.73105,0.105281,-0.0739743,0.326118,-0.0912868,-3.04251,-1.74017,-0.0174782,0.946295,0.561533,-0.708152,0.76513,-6.18387,-0.216301,-19.951,-1.82042,-25.5761,0.655287,-16.7103,-0.38164,-46.1874,18.0196,-28.0037,-1.50459
794,0.0794,8.86633,35.8629,0.260801,78.0531,-0.324011,-0.00796866,-0.0500686,-8.76752,-0.0861779,-27.206,19.2679,-1.73205,-2.91552,16.1994,-0.146578,-102.843,-0.122873,0.00364763,0.0229188,-0.301074,-0.38593,-16.1994,11.1911,-5.53647,-0.23197,10.9408,0.106435,64.1329,-0.112516,-0.00359116,-0.0225639,0.256306,0.196689,-10.9408,7.75451,3.8981,0.356008,8.72276,0.300945,116.763,-0.0886225,-0.00802514,-0.0504234,-8.72276,0.103063,-0.0657911,0.322347,-0.0936721,-3.03956,-5.07361,-0.832073,1.14774,1.55467,-4.27444,2.78671,-6.19673,-0.217205,-19.9631,-1.82202,-25.6018,0.658087,-20.0379,-1.13546,-46.0213,19.0006,-31.6083,0.529279
795,0.0795,8.8775,35.8831,0.258461,76.7188,-0.324138,-0.00790563,-0.0496725,-8.75052,-0.0235724,-27.2265,19.2533,-1.74274,-2.91133,16.2296,-0.147687,-103.621,-0.123102,0.00367523,0.0230922,-0.301863,-0.347108,-16.2296,11.1858,-5.54443,-0.246345,10.9387,0.10607,63.9133,-0.112495,-0.00357886,-0.0224866,0.266152,0.222841,-10.9387,7.74867,3.89755,0.371784,8.71481,0.300078,116.426,-0.0885417,-0.00800201,-0.0502781,-8.71481,0.100695,-0.0581641,0.318839,-0.0958632,-3.03677,-4.02408,-0.541151,0.644377,1.02129,-3.49704,2.1206,-6.20803,-0.217813,-19.9684,-1.82249,-25.6194,0.660811,-18.9826,-0.782537,-46.5505,18.4521,-30.8592,-0.129924
796,0.0796,8.88867,35.9016,0.255619,75.0697,-0.324252,-0.00782529,-0.0491677,-8.73252,0.0375958,-27.2455,19.2362,-1.75146,-2.90891,16.2583,-0.148797,-104.399,-0.123319,0.00370285,0.0232657,-0.293449,-0.306051,-16.2583,11.1788,-5.54939,-0.254979,10.9361,0.105145,63.3559,-0.112468,-0.00354765,-0.0222905,0.268098,0.24544,-10.9361,7.74177,3.8958,0.380191,8.70716,0.299271,116.113,-0.0884641,-0.00798049,-0.0501429,-8.70716,0.0982061,-0.0510565,0.315577,-0.0978682,-3.03412,-4.26238,-0.555675,-0.460597,0.580117,-4.6296,2.22968,-6.21826,-0.218179,-19.9711,-1.8226,-25.6334,0.663386,-19.2132,-0.736258,-47.6772,17.9937,-32.0145,-0.0158448
797,0.0797,8.89983,35.9162,0.25211,72.9704,-0.324335,-0.00772565,-0.0485417,-8.71878,0.0914546,-27.261,19.2157,-1.75738,-2.90942,16.2837,-0.150304,-105.456,-0.123512,0.00374034,0.0235013,-0.283562,-0.269775,-16.2837,11.1692,-5.55042,-0.261409,10.9328,0.103909,62.6111,-0.112434,-0.00350594,-0.0220285,0.264519,0.265518,-10.9328,7.73396,3.89272,0.383514,8.69974,0.298505,115.816,-0.0883886,-0.00796005,-0.0500145,-8.69974,0.0957121,-0.0445033,0.31255,-0.0996846,-3.03153,-4.4934,-0.67299,1.51997,1.53322,-3.32664,2.41596,-6.2229,-0.218191,-19.976,-1.82356,-25.6432,0.664564,-19.4351,-0.799727,-45.717,18.9254,-30.7272,0.171102
798,0.0798,8.911,35.9204,0.248249,70.6175,-0.324338,-0.0076164,-0.0478552,-8.70823,0.137825,-27.2661,19.1876,-1.75798,-2.9116,16.2986,-0.152109,-106.723,-0.123625,0.00378528,0.0237836,-0.272586,-0.238651,-16.2986,11.152,-5.54509,-0.265685,10.9292,0.102563,61.8003,-0.112397,-0.00346054,-0.0217432,0.256959,0.28338,-10.9292,7.72588,3.88848,0.383146,8.6926,0.297795,115.54,-0.0883161,-0.00794113,-0.0498956,-8.6926,0.0930955,-0.0383769,0.309731,-0.101368,-3.02906,-3.46405,-0.448047,2.45367,1.67033,-1.44375,1.81053,-6.22178,-0.21787,-19.9785,-1.82437,-25.6443,0.664358,-18.3941,-0.528092,-44.7909,19.0335,-28.846,-0.436705
799,0.0799,8.92217,35.9084,0.24507,68.7252,-0.324219,-0.00752454,-0.0472781,-8.69182,0.177963,-27.2553,19.1477,-1.75188,-2.90805,16.2973,-0.153316,-107.57,-0.123615,0.00381531,0.0239723,-0.252869,-0.21199,-16.2973,11.1228,-5.53204,-0.261753,10.9254,0.101256,61.0124,-0.112358,-0.00341642,-0.021466,0.246811,0.299549,-10.9254,7.71776,3.88308,0.380399,8.68576,0.297131,115.283,-0.0882466,-0.00792342,-0.0497843,-8.68576,0.0904049,-0.0326686,0.307107,-0.102913,-3.0267,-3.09651,-0.325603,1.75496,1.24347,-1.58495,1.55997,-6.21943,-0.217344,-19.9849,-1.8263,-25.6478,0.663749,-18.0078,-0.364984,-45.4853,18.5648,-28.9846,-0.684335
800,0.08,8.93333,35.8889,0.242079,66.9421,-0.324042,-0.00743823,-0.0467358,-8.6684,0.213578,-27.2372,19.1035,-1.7418,-2.89897,16.289,-0.15447,-108.38,-0.123553,0.00384403,0.0241527,-0.22396,-0.1882,-16.289,11.0893,-5.51383,-0.250365,10.9208,0.100041,60.2805,-0.112311,-0.00337544,-0.0212085,0.234689,0.31407,-10.9208,7.70944,3.87637,0.375776,8.67913,0.296508,115.041,-0.0881792,-0.00790682,-0.04968,-8.67913,0.0877083,-0.0273928,0.304675,-0.104339,-3.02438,-3.80638,-0.452304,1.27769,1.18573,-2.7514,1.94928,-6.21905,-0.216791,-19.9914,-1.82831,-25.6535,0.663515,-18.6938,-0.455517,-45.9509,18.4609,-30.1467,-0.286177
801,0.0801,8.9445,35.8527,0.239566,65.4806,-0.323736,-0.00736439,-0.0462718,-8.63832,0.239319,-27.2025,19.048,-1.72513,-2.88325,16.2648,-0.15523,-108.913,-0.123369,0.00386295,0.0242716,-0.186243,-0.171614,-16.2648,11.0448,-5.4877,-0.230028,10.9152,0.0988864,59.5847,-0.112253,-0.00333648,-0.0209637,0.220609,0.325968,-10.9152,7.70081,3.86822,0.368912,8.67269,0.295909,114.809,-0.0881138,-0.00789085,-0.0495797,-8.67269,0.0849647,-0.0224803,0.302396,-0.105652,-3.02213,-4.53705,-0.581948,0.565346,1.03191,-4.12512,2.35035,-6.21527,-0.216038,-19.9985,-1.83069,-25.656,0.662396,-19.3906,-0.558667,-46.6356,18.2492,-31.5062,0.129499
802,0.0802,8.95567,35.7956,0.239371,65.6395,-0.323265,-0.00734798,-0.0461687,-8.58738,0.257352,-27.1471,18.9774,-1.70235,-2.85076,16.2219,-0.153668,-107.817,-0.123044,0.00382406,0.0240273,-0.125419,-0.158607,-16.2219,10.9861,-5.45353,-0.189947,10.9072,0.0976955,58.8672,-0.112171,-0.0032963,-0.0207113,0.204465,0.333764,-10.9072,7.691,3.85805,0.359114,8.66642,0.295343,114.589,-0.0880501,-0.00787575,-0.0494848,-8.66642,0.0821954,-0.0179203,0.300274,-0.106868,-3.01993,-4.23776,-0.466222,-0.135465,0.61029,-4.33762,2.13206,-6.21481,-0.215266,-20.0058,-1.83319,-25.6624,0.662182,-19.0399,-0.424136,-47.2883,17.7545,-31.7024,-0.0565211
803,0.0803,8.96683,35.7294,0.239886,66.3065,-0.322713,-0.00734802,-0.046169,-8.52239,0.264933,-27.0828,18.9017,-1.67834,-2.80751,16.1746,-0.151267,-106.132,-0.122685,0.00376431,0.0236518,-0.0488141,-0.151159,-16.1746,10.925,-5.41512,-0.136108,10.8945,0.0963615,58.0634,-0.11204,-0.00325129,-0.0204285,0.186767,0.336653,-10.8945,7.67838,3.8448,0.346351,8.66034,0.294791,114.375,-0.0879883,-0.00786104,-0.0493923,-8.66034,0.079439,-0.0137184,0.298292,-0.108021,-3.01775,-4.2303,-0.466209,0.568857,0.897155,-3.7691,2.12585,-6.20752,-0.214286,-20.006,-1.83439,-25.6545,0.660427,-18.9602,-0.415562,-46.5199,17.9645,-31.1019,-0.0212355
804,0.0804,8.978,35.652,0.241393,67.6696,-0.322056,-0.00737144,-0.0463161,-8.45406,0.260958,-27.0073,18.8215,-1.65402,-2.76031,16.1236,-0.147766,-103.676,-0.122298,0.00367719,0.0231045,0.0319906,-0.150539,-16.1236,10.8639,-5.37221,-0.0759805,10.874,0.0948727,57.1663,-0.111829,-0.00320106,-0.0201128,0.168437,0.334908,-10.874,7.6611,3.82729,0.331356,8.65449,0.294286,114.179,-0.0879289,-0.00784757,-0.0493078,-8.65449,0.0765889,-0.00979667,0.296457,-0.109106,-3.01568,-2.72381,-0.169286,2.85074,1.5097,-0.29081,1.26626,-6.19289,-0.213172,-20.0042,-1.83531,-25.6365,0.656868,-17.3708,-0.1215,-44.1608,18.4958,-27.5813,-0.837174
805,0.0805,8.98917,35.5826,0.243414,69.4007,-0.321436,-0.00740638,-0.0465356,-8.37593,0.240495,-26.9399,18.7513,-1.63671,-2.7038,16.0887,-0.143627,-100.772,-0.122033,0.00357419,0.0224573,0.122696,-0.161134,-16.0887,10.8177,-5.33171,-0.00457951,10.845,0.0932371,56.1807,-0.111532,-0.00314587,-0.0197661,0.150234,0.32782,-10.845,7.63887,3.80512,0.31442,8.64886,0.293804,113.992,-0.0878716,-0.0078347,-0.0492269,-8.64886,0.0738091,-0.00619405,0.294755,-0.110115,-3.01364,-2.13103,0.0157819,1.64228,0.801338,-0.586074,0.875368,-6.17393,-0.212,-19.9982,-1.83544,-25.6098,0.652362,-16.6809,0.044277,-45.2958,17.7172,-27.8325,-1.17607
806,0.0806,9.00033,35.5316,0.245705,71.3294,-0.320934,-0.00744662,-0.0467885,-8.29012,0.202503,-26.891,18.6987,-1.63051,-2.63939,16.0809,-0.139079,-97.5811,-0.121974,0.00346102,0.0217462,0.22011,-0.184014,-16.0809,10.7938,-5.29767,0.0759701,10.8073,0.0914361,55.0955,-0.111143,-0.0030851,-0.0193843,0.133173,0.315473,-10.8073,7.61168,3.77822,0.296269,8.6434,0.293348,113.815,-0.0878162,-0.00782254,-0.0491505,-8.6434,0.0710437,-0.00287015,0.293177,-0.11106,-3.01163,-2.14913,0.0450021,1.42831,0.675792,-0.778739,0.858224,-6.15044,-0.210864,-19.9845,-1.83397,-25.5707,0.646799,-16.5897,0.0366401,-45.4473,17.5405,-27.9799,-1.13437
807,0.0807,9.0115,35.508,0.246971,72.5259,-0.320623,-0.00746171,-0.0468833,-8.19613,0.150146,-26.8696,18.6703,-1.63637,-2.56582,16.1062,-0.135621,-95.1544,-0.122166,0.00337495,0.0212054,0.324073,-0.220791,-16.1062,10.7965,-5.27244,0.164587,10.7636,0.0896672,54.0297,-0.110695,-0.00302542,-0.0190093,0.117978,0.302738,-10.7636,7.58203,3.74804,0.279326,8.63818,0.292924,113.651,-0.0877632,-0.00781124,-0.0490795,-8.63818,0.0681985,0.000208528,0.291719,-0.111967,-3.00973,-3.35,-0.226841,1.39298,0.958283,-2.14727,1.56863,-6.13425,-0.210117,-19.9782,-1.83373,-25.5466,0.642901,-17.6804,-0.286811,-45.4548,17.7948,-29.3303,-0.354282
808,0.0808,9.02267,35.5149,0.246594,72.5743,-0.320552,-0.0074351,-0.0467161,-8.10585,0.0878969,-26.8786,18.6684,-1.64877,-2.49015,16.1592,-0.133725,-93.8246,-0.122568,0.00332778,0.0209091,0.423543,-0.27189,-16.1592,10.822,-5.25441,0.253169,10.7225,0.0878043,52.9071,-0.110271,-0.00296256,-0.0186143,0.103831,0.294368,-10.7225,7.55607,3.71849,0.264564,8.63323,0.292515,113.492,-0.0877129,-0.00780032,-0.0490109,-8.63323,0.0654186,0.00301038,0.290371,-0.112848,-3.00788,-4.59112,-0.523258,1.74092,1.42775,-3.25773,2.31518,-6.12351,-0.209723,-19.9706,-1.83294,-25.5276,0.640342,-18.8205,-0.645084,-45.1083,18.2632,-30.4341,0.465381
809,0.0809,9.03383,35.5557,0.244167,71.2378,-0.320765,-0.0073518,-0.0461927,-8.03449,0.014157,-26.9217,18.695,-1.66272,-2.42657,16.2358,-0.133266,-93.5024,-0.123149,0.00331636,0.0208373,0.504658,-0.33371,-16.2358,10.8669,-5.24207,0.330917,10.6915,0.0852931,51.394,-0.109952,-0.00287783,-0.018082,0.0892773,0.285293,-10.6915,7.53902,3.69304,0.248619,8.62843,0.292139,113.346,-0.0876641,-0.00779032,-0.048948,-8.62843,0.0625735,0.00558418,0.289139,-0.113695,-3.0061,-3.74143,-0.322648,2.64665,1.57006,-1.5873,1.80204,-6.12003,-0.209868,-19.9626,-1.83151,-25.5162,0.639432,-17.896,-0.518359,-44.2376,18.4336,-28.7662,0.0149039
810,0.081,9.045,35.6357,0.238619,67.7077,-0.321329,-0.00719117,-0.0451835,-7.96321,-0.0731202,-27.0039,18.7545,-1.67429,-2.36028,16.3317,-0.135967,-95.3973,-0.123876,0.00338357,0.0212596,0.585722,-0.411058,-16.3317,10.929,-5.23503,0.410552,10.6801,0.0828201,49.9039,-0.109835,-0.00279439,-0.0175577,0.0749574,0.2781,-10.6801,7.53749,3.67527,0.23354,8.62389,0.291765,113.201,-0.087618,-0.00778035,-0.0488854,-8.62389,0.0598377,0.00790073,0.287997,-0.114533,-3.00437,-2.35711,0.0417409,1.83334,0.825714,-0.684496,0.942574,-6.11994,-0.210538,-19.9586,-1.83029,-25.5124,0.638997,-16.4403,-0.241917,-45.1292,17.7499,-27.8712,-0.778708
811,0.0811,9.05617,35.7354,0.229311,61.5353,-0.322053,-0.00693695,-0.0435861,-7.88058,-0.185361,-27.1061,18.8331,-1.6892,-2.28354,16.4438,-0.142436,-99.9366,-0.124727,0.00354457,0.0222712,0.676434,-0.510583,-16.4438,11.0059,-5.23284,0.500464,10.6723,0.0803416,48.4104,-0.109756,-0.00271077,-0.0170323,0.0622429,0.268073,-10.6723,7.54028,3.65895,0.218586,8.61926,0.291406,113.061,-0.0875709,-0.00777075,-0.0488251,-8.61926,0.0571484,0.0100125,0.28694,-0.11531,-3.00259,-3.2831,-0.244949,3.13727,1.68832,-0.697759,1.55393,-6.12102,-0.211779,-19.9514,-1.82743,-25.5067,0.638447,-17.2847,-0.642089,-43.9202,18.694,-27.8936,-0.091162
812,0.0812,9.06733,35.8486,0.216524,53.098,-0.322879,-0.00657839,-0.0413333,-7.7909,-0.351708,-27.2222,18.9252,-1.7081,-2.21284,16.5695,-0.150441,-105.553,-0.12568,0.00374377,0.0235228,0.763001,-0.627296,-16.5695,11.0953,-5.23446,0.591554,10.6647,0.075842,45.6991,-0.109677,-0.00255895,-0.0160783,0.0605532,0.221507,-10.6647,7.54389,3.64238,0.196488,8.61445,0.291123,112.952,-0.0875221,-0.00776322,-0.0487777,-8.61445,0.0540808,0.0119471,0.286028,-0.116011,-3.00088,-3.3052,-0.23259,2.35248,1.35248,-1.34454,1.55504,-6.12576,-0.213608,-19.9489,-1.82421,-25.5095,0.638186,-17.2219,-0.797906,-44.8186,18.4534,-28.5621,-0.0196134
813,0.0813,9.0785,36.0343,0.205131,45.4479,-0.324416,-0.00627064,-0.0393996,-7.72477,-0.506577,-27.4109,19.0736,-1.70549,-2.14804,16.7079,-0.1589,-111.488,-0.12673,0.00395426,0.0248453,0.826318,-0.751726,-16.7079,11.1978,-5.24,0.668364,10.7167,0.0731522,44.0784,-0.110212,-0.00246819,-0.0155081,0.0586398,0.194275,-10.7167,7.59054,3.65118,0.182856,8.60972,0.290879,112.857,-0.0874741,-0.0077567,-0.0487368,-8.60972,0.050874,0.0136543,0.285238,-0.116667,-2.99926,-3.58495,-0.306414,2.15937,1.35569,-1.81058,1.7307,-6.12923,-0.21543,-19.946,-1.81981,-25.5102,0.637494,-17.439,-1.02842,-45.1975,18.6094,-29.0263,0.220162
814,0.0814,9.08967,36.199,0.193754,37.5575,-0.325762,-0.00598466,-0.0376027,-7.67932,-0.644491,-27.5786,19.215,-1.70443,-2.081,16.8366,-0.169791,-119.129,-0.127706,0.00422528,0.0265482,0.876237,-0.891975,-16.8366,11.2988,-5.24363,0.738499,10.7571,0.0728698,43.9083,-0.110627,-0.00245867,-0.0154483,0.0496966,0.199937,-10.7571,7.63167,3.65651,0.178279,8.60525,0.290675,112.778,-0.0874286,-0.00775127,-0.0487027,-8.60525,0.0475459,0.0151083,0.284578,-0.117305,-2.99777,-2.72784,-0.0747857,1.42711,0.794172,-1.4287,1.19358,-6.13728,-0.21708,-19.9463,-1.81588,-25.5192,0.638139,-16.5444,-0.936357,-46.0978,18.1933,-28.6524,-0.249276
815,0.0815,9.10083,36.3106,0.183021,30.0516,-0.326716,-0.00572046,-0.0359427,-7.67786,-0.770623,-27.6933,19.3304,-1.68667,-2.04542,16.9086,-0.180696,-126.78,-0.128252,0.00449665,0.0282533,0.884248,-1.02428,-16.9086,11.3698,-5.23322,0.776546,10.801,0.073236,44.1289,-0.111078,-0.00247102,-0.0155259,0.0389399,0.209417,-10.801,7.67656,3.66449,0.174421,8.60105,0.290481,112.703,-0.0873859,-0.00774609,-0.0486701,-8.60105,0.0442424,0.0163109,0.284017,-0.117937,-2.99639,-3.12314,-0.180897,1.47667,0.937345,-1.83514,1.44228,-6.14885,-0.218454,-19.9523,-1.81397,-25.5375,0.640038,-16.9498,-1.16997,-46.1689,18.4538,-29.0593,0.0368949
816,0.0816,9.112,36.3368,0.181803,29.1276,-0.327019,-0.00570061,-0.035818,-7.75953,-0.829698,-27.7226,19.3987,-1.6466,-2.07728,16.8964,-0.182966,-128.373,-0.128159,0.00455316,0.0286083,0.81187,-1.09465,-16.8964,11.3932,-5.20127,0.746411,10.8435,0.0744527,44.862,-0.111515,-0.00251207,-0.0157838,0.0255576,0.224088,-10.8435,7.72195,3.67321,0.171396,8.59696,0.290316,112.639,-0.0873444,-0.0077417,-0.0486425,-8.59696,0.040866,0.0172603,0.283574,-0.118535,-2.99509,-4.02628,-0.408858,1.37047,1.15228,-2.9304,1.99732,-6.16325,-0.21951,-19.9613,-1.81372,-25.5619,0.643017,-17.9491,-1.45806,-46.3134,18.7373,-30.1389,0.563052
817,0.0817,9.12317,36.344,0.188572,33.7979,-0.327211,-0.00587975,-0.0369435,-7.89498,-0.833168,-27.7329,19.4591,-1.59405,-2.16034,16.8531,-0.177294,-124.393,-0.127831,0.004412,0.0277214,0.68445,-1.10468,-16.8531,11.3997,-5.16282,0.665752,10.8978,0.0756868,45.6056,-0.112074,-0.00255371,-0.0160455,0.0137513,0.234084,-10.8978,7.77617,3.68789,0.167849,8.59318,0.290179,112.585,-0.0873059,-0.00773803,-0.0486195,-8.59318,0.0374288,0.0179399,0.283255,-0.119118,-2.99394,-3.74646,-0.329299,1.10413,0.953681,-2.82519,1.81758,-6.17636,-0.220059,-19.9689,-1.81424,-25.5837,0.646107,-17.8178,-1.38253,-46.5976,18.5985,-30.0029,0.303346
818,0.0818,9.13433,36.3819,0.198507,40.6234,-0.327646,-0.00614329,-0.0385994,-8.03989,-0.806007,-27.7738,19.5421,-1.54949,-2.25405,16.8364,-0.169098,-118.643,-0.127704,0.00420804,0.0264399,0.551962,-1.08821,-16.8364,11.425,-5.13524,0.575378,10.9558,0.0775514,46.7292,-0.112671,-0.00261662,-0.0164407,-0.00214419,0.248189,-10.9558,7.83402,3.70544,0.163505,8.58971,0.290054,112.537,-0.0872707,-0.0077347,-0.0485986,-8.58971,0.0340162,0.0183601,0.283039,-0.11969,-2.99293,-4.21529,-0.432062,1.08523,1.05833,-3.35902,2.09048,-6.18415,-0.220026,-19.9769,-1.81582,-25.6,0.648191,-18.4393,-1.45809,-46.6655,18.7846,-30.5085,0.484618
819,0.0819,9.1455,36.4761,0.209907,48.4187,-0.328507,-0.00644699,-0.0405077,-8.19643,-0.747023,-27.8711,19.6644,-1.5225,-2.36334,16.8763,-0.159902,-112.191,-0.128007,0.0039792,0.025002,0.412292,-1.04221,-16.8763,11.489,-5.12665,0.471284,11.0133,0.079827,48.1004,-0.113262,-0.00269341,-0.0169232,-0.0222482,0.264807,-11.0133,7.89237,3.72436,0.157498,8.58647,0.289982,112.509,-0.0872378,-0.00773279,-0.0485865,-8.58647,0.0303824,0.0184635,0.282991,-0.120206,-2.99212,-4.3253,-0.441923,1.12058,1.08179,-3.45038,2.14096,-6.18749,-0.219493,-19.9821,-1.8176,-25.6086,0.649497,-18.7092,-1.40844,-46.7326,18.9286,-30.5815,0.427123
820,0.082,9.15667,36.6013,0.219359,54.865,-0.329601,-0.00670074,-0.042102,-8.33978,-0.689839,-27.9992,19.8078,-1.50613,-2.46909,16.9483,-0.152483,-106.986,-0.128553,0.00379458,0.023842,0.283355,-0.99135,-16.9483,11.5746,-5.12954,0.371369,11.0692,0.0819343,49.3701,-0.113837,-0.00276451,-0.0173699,-0.0393129,0.274603,-11.0692,7.95011,3.74416,0.151056,8.58382,0.289908,112.48,-0.0872109,-0.00773081,-0.0485741,-8.58382,0.0269078,0.0183018,0.283032,-0.120752,-2.99151,-4.16401,-0.371194,0.734253,0.839786,-3.57065,2.01567,-6.1881,-0.218696,-19.9867,-1.81976,-25.6138,0.650247,-18.6919,-1.27973,-47.2516,18.8278,-30.6906,0.196831
821,0.0821,9.16783,36.7624,0.22521,58.7679,-0.330972,-0.00686471,-0.0431322,-8.45467,-0.660557,-28.1632,19.9762,-1.50107,-2.5516,17.0543,-0.148697,-104.329,-0.129357,0.00370037,0.0232501,0.182477,-0.965025,-17.0543,11.6836,-5.14603,0.295588,11.1267,0.0840111,50.6215,-0.114428,-0.00283458,-0.0178102,-0.0557101,0.281241,-11.1267,8.00927,3.76618,0.14394,8.58143,0.289896,112.476,-0.0871866,-0.0077305,-0.0485722,-8.58143,0.0232264,0.0177922,0.28326,-0.121225,-2.99113,-4.76649,-0.517135,0.432933,0.876717,-4.47908,2.3806,-6.18451,-0.217674,-19.9873,-1.82139,-25.6104,0.650089,-19.4057,-1.39537,-47.7176,19.0315,-31.5906,0.479086
822,0.0822,9.179,36.8965,0.228291,60.6921,-0.332143,-0.00696014,-0.0437318,-8.54786,-0.663581,-28.3005,20.1269,-1.4889,-2.61244,17.1313,-0.14781,-103.707,-0.129941,0.00367829,0.0231114,0.104318,-0.969112,-17.1313,11.7733,-5.15809,0.242844,11.186,0.0861103,51.8864,-0.115038,-0.00290541,-0.0182552,-0.072973,0.286402,-11.186,8.06984,3.79075,0.135716,8.57921,0.289991,112.513,-0.087164,-0.00773302,-0.048588,-8.57921,0.0191292,0.0168278,0.283762,-0.121556,-2.991,-4.70505,-0.528265,0.955282,1.10622,-4.00251,2.36408,-6.17506,-0.216552,-19.9859,-1.82286,-25.5987,0.648409,-19.428,-1.4084,-47.3311,19.4102,-31.0901,0.400055
823,0.0823,9.19017,37.0126,0.229725,61.4912,-0.333185,-0.00701198,-0.0440575,-8.63834,-0.667269,-28.4193,20.2653,-1.47233,-2.67547,17.1878,-0.148272,-104.031,-0.13037,0.00368978,0.0231836,0.0269157,-0.969668,-17.1878,11.8495,-5.16817,0.188127,11.2471,0.0879164,52.9747,-0.115666,-0.00296635,-0.0186381,-0.0875551,0.287169,-11.2471,8.13142,3.81774,0.127537,8.5777,0.29008,112.547,-0.0871487,-0.00773541,-0.048603,-8.5777,0.0152305,0.0155601,0.284361,-0.1219,-2.99113,-5.00809,-0.607423,1.06125,1.23593,-4.26011,2.55221,-6.1599,-0.215463,-19.9817,-1.82372,-25.5779,0.645137,-19.8063,-1.49015,-47.3397,19.6775,-31.3103,0.521883
824,0.0824,9.20133,37.0913,0.229784,61.3363,-0.333937,-0.00702743,-0.0441547,-8.72402,-0.675703,-28.5009,20.378,-1.44881,-2.73717,17.2093,-0.149901,-105.174,-0.130533,0.00373032,0.0234383,-0.0479769,-0.971705,-17.2093,11.9018,-5.17212,0.134493,11.3055,0.0894696,53.9106,-0.116267,-0.00301875,-0.0189674,-0.0995295,0.284746,-11.3055,8.19108,3.84545,0.119815,8.57652,0.290215,112.6,-0.0871367,-0.007739,-0.0486256,-8.57652,0.0112555,0.0138957,0.285147,-0.122148,-2.99148,-5.04868,-0.617807,0.960072,1.20642,-4.38794,2.5771,-6.15268,-0.214884,-19.9813,-1.82506,-25.5696,0.643467,-19.9254,-1.50839,-47.5222,19.7594,-31.4063,0.483398
825,0.0825,9.2125,37.1702,0.226678,58.9701,-0.334681,-0.00696278,-0.0437484,-8.79179,-0.737687,-28.5824,20.4887,-1.43105,-2.77286,17.2342,-0.154558,-108.442,-0.130722,0.00384622,0.0241665,-0.105145,-1.02572,-17.2342,11.9548,-5.18218,0.107314,11.36,0.0908661,54.7521,-0.116827,-0.00306587,-0.0192634,-0.110663,0.280723,-11.36,8.24777,3.87348,0.111964,8.57599,0.29037,112.66,-0.0871313,-0.00774313,-0.0486515,-8.57599,0.00730834,0.0118372,0.28609,-0.122346,-2.99214,-4.75056,-0.535246,0.94249,1.10306,-4.06603,2.38689,-6.14919,-0.214721,-19.9823,-1.82635,-25.5668,0.642397,-19.6915,-1.48765,-47.6222,19.7654,-31.0639,0.256426
826,0.0826,9.22367,37.2152,0.220647,54.5508,-0.335157,-0.00682457,-0.04288,-8.84828,-0.870761,-28.6298,20.5728,-1.40984,-2.78145,17.2292,-0.162079,-113.719,-0.130684,0.00403339,0.0253425,-0.151609,-1.14899,-17.2292,11.9847,-5.189,0.107473,11.4099,0.0921683,55.5367,-0.117341,-0.00310981,-0.0195395,-0.120639,0.274881,-11.4099,8.30092,3.90162,0.104191,8.57603,0.290558,112.733,-0.0871318,-0.00774815,-0.0486831,-8.57603,0.00334624,0.00934298,0.28722,-0.122456,-2.99311,-4.64457,-0.5193,1.50742,1.31463,-3.49828,2.32891,-6.14367,-0.214797,-19.9775,-1.82602,-25.5562,0.640662,-19.6365,-1.60486,-47.0999,20.0614,-30.4643,0.188129
827,0.0827,9.23483,37.2642,0.216132,51.1945,-0.335656,-0.00672363,-0.0422458,-8.91881,-0.978275,-28.6811,20.6579,-1.39491,-2.80756,17.2311,-0.168049,-117.907,-0.130698,0.00418194,0.0262759,-0.212929,-1.24538,-17.2311,12.0182,-5.20267,0.089934,11.4564,0.093417,56.2891,-0.117819,-0.00315194,-0.0198042,-0.129138,0.26764,-11.4564,8.35121,3.93025,0.0969105,8.57674,0.290764,112.812,-0.0871389,-0.00775363,-0.0487175,-8.57674,-0.00053992,0.00643206,0.288513,-0.12249,-2.9944,-5.05401,-0.58181,-0.341889,0.62326,-5.42064,2.55099,-6.14651,-0.215363,-19.9802,-1.82675,-25.562,0.640706,-20.1193,-1.77545,-49.0032,19.4544,-32.3776,0.384145
828,0.0828,9.246,37.2393,0.21583,50.7655,-0.335586,-0.00672833,-0.0422753,-9.00191,-1.00168,-28.6583,20.6901,-1.36186,-2.86623,17.1617,-0.169949,-119.24,-0.130172,0.00422921,0.0265729,-0.286996,-1.25703,-17.1617,12.0017,-5.19888,0.03976,11.4995,0.0947393,57.0858,-0.118262,-0.00319655,-0.0200845,-0.136866,0.259885,-11.4995,8.39835,3.95939,0.0900652,8.57805,0.291039,112.919,-0.0871523,-0.00776099,-0.0487637,-8.57805,-0.0045309,0.00296388,0.290073,-0.122373,-2.99606,-4.76653,-0.498056,-0.596691,0.422315,-5.29698,2.36471,-6.14906,-0.216165,-19.9749,-1.82535,-25.5598,0.640685,-19.9175,-1.7159,-49.2298,19.2871,-32.2187,0.13916
829,0.0829,9.25717,37.1873,0.216965,51.2982,-0.335304,-0.00677084,-0.0425424,-9.08701,-1.01066,-28.6084,20.6995,-1.32309,-2.92954,17.0682,-0.170708,-119.772,-0.129463,0.00424811,0.0266916,-0.362417,-1.25433,-17.0682,11.9653,-5.19006,-0.0149277,11.5391,0.096279,58.0136,-0.118669,-0.0032485,-0.0204109,-0.14461,0.252308,-11.5391,8.44224,3.98904,0.0834879,8.57999,0.291394,113.057,-0.0871719,-0.00777044,-0.0488231,-8.57999,-0.00863752,-0.00113454,0.291936,-0.122067,-2.99811,-4.10367,-0.463465,3.43347,2.05138,-1.3763,2.05963,-6.15332,-0.21725,-19.9747,-1.8247,-25.5645,0.640814,-19.344,-1.69137,-45.1497,20.9262,-28.2639,-0.2291
830,0.083,9.26833,37.1316,0.219322,52.6636,-0.334985,-0.00684413,-0.0430029,-9.16851,-0.99037,-28.5549,20.7024,-1.28533,-2.99879,16.9744,-0.170343,-119.516,-0.128751,0.00423902,0.0266345,-0.435554,-1.22215,-16.9744,11.9261,-5.18265,-0.0765372,11.5747,0.0978463,58.958,-0.119036,-0.00330139,-0.0207432,-0.150396,0.24451,-11.5747,8.48225,4.01889,0.0782383,8.58256,0.291818,113.222,-0.0871981,-0.00778176,-0.0488942,-8.58256,-0.0127345,-0.00583612,0.29408,-0.121569,-3.00049,-3.92345,-0.422691,3.42086,2.00048,-1.18959,1.95345,-6.15158,-0.218346,-19.9745,-1.82379,-25.5623,0.639291,-19.2435,-1.63141,-45.1085,20.8791,-28.0372,-0.40605
831,0.0831,9.2795,37.0882,0.221226,53.8212,-0.334757,-0.00689651,-0.043332,-9.23633,-0.945798,-28.5133,20.7091,-1.25092,-3.06892,16.8931,-0.169336,-118.81,-0.128134,0.00421397,0.0264771,-0.504577,-1.1624,-16.8931,11.8929,-5.17966,-0.143636,11.6093,0.0983279,59.2482,-0.119392,-0.00331763,-0.0208453,-0.145932,0.233068,-11.6093,8.51981,4.04971,0.0778271,8.58583,0.292234,113.383,-0.0872313,-0.00779284,-0.0489639,-8.58583,-0.0164691,-0.0108973,0.296335,-0.120968,-3.00311,-4.06883,-0.425937,2.36075,1.56639,-2.19453,2.0176,-6.14217,-0.219382,-19.9621,-1.82002,-25.5401,0.635922,-19.4473,-1.59112,-46.1147,20.4554,-28.9855,-0.415393
832,0.0832,9.29067,37.0461,0.220694,53.3879,-0.334532,-0.00688027,-0.04323,-9.29644,-0.941149,-28.4723,20.7107,-1.21872,-3.12389,16.8159,-0.169783,-119.124,-0.127549,0.0042251,0.0265471,-0.576184,-1.14088,-16.8159,11.8585,-5.17866,-0.20149,11.6404,0.0979247,59.0053,-0.119711,-0.00330403,-0.0207598,-0.130401,0.21921,-11.6404,8.55371,4.08034,0.0834633,8.58985,0.292553,113.506,-0.0872721,-0.00780134,-0.0490172,-8.58985,-0.0194802,-0.0159852,0.298491,-0.1204,-3.00586,-4.66479,-0.531147,1.16766,1.1868,-3.80016,2.34832,-6.13832,-0.220572,-19.9577,-1.81755,-25.5315,0.633848,-20.0996,-1.69287,-47.2623,20.08,-30.5504,-0.141717
833,0.0833,9.30183,36.9714,0.219603,52.6063,-0.334038,-0.00684378,-0.0430008,-9.3498,-0.932533,-28.3986,20.6856,-1.18132,-3.17617,16.714,-0.170148,-119.38,-0.126776,0.00423419,0.0266042,-0.649019,-1.1151,-16.714,11.8036,-5.17063,-0.261519,11.6628,0.0967886,58.3207,-0.119942,-0.0032657,-0.020519,-0.106236,0.205063,-11.6628,8.58108,4.10889,0.0943369,8.59454,0.292963,113.666,-0.0873198,-0.00781227,-0.0490859,-8.59454,-0.0224952,-0.0217509,0.300977,-0.119587,-3.00899,-4.48165,-0.471366,0.862382,0.99411,-3.83418,2.22453,-6.15038,-0.222127,-19.9615,-1.8163,-25.5485,0.635664,-19.9818,-1.62603,-47.4977,19.8634,-30.564,-0.315974
834,0.0834,9.313,36.8982,0.218373,51.7626,-0.333549,-0.00679792,-0.0427126,-9.38763,-0.900148,-28.3265,20.6576,-1.14492,-3.22337,16.616,-0.170067,-119.323,-0.126033,0.00423215,0.0265914,-0.715846,-1.06867,-16.616,11.7487,-5.1638,-0.323638,11.6823,0.0949597,57.2186,-0.120142,-0.00320399,-0.0201313,-0.0719607,0.19394,-11.6823,8.60512,4.1374,0.112694,8.59983,0.29348,113.867,-0.0873735,-0.00782608,-0.0491727,-8.59983,-0.0254175,-0.0281743,0.3038,-0.118517,-3.01242,-4.77689,-0.540075,0.413945,0.887789,-4.5192,2.40207,-6.15901,-0.223347,-19.9637,-1.81447,-25.56,0.636833,-20.3235,-1.66357,-47.8762,19.7309,-31.2241,-0.18446
835,0.0835,9.32417,36.8427,0.215992,50.1378,-0.333196,-0.00671768,-0.0422084,-9.41555,-0.863999,-28.2721,20.6371,-1.11247,-3.26212,16.5352,-0.170592,-119.691,-0.12542,0.00424524,0.0266736,-0.781374,-1.02414,-16.5352,11.7028,-5.16203,-0.384828,11.7016,0.0924628,55.7141,-0.12034,-0.00311974,-0.0196019,-0.0282416,0.188399,-11.7016,8.6273,4.16672,0.138992,8.60593,0.294121,114.115,-0.0874355,-0.00784317,-0.0492801,-8.60593,-0.0282549,-0.0353669,0.307015,-0.117159,-3.01628,-4.33033,-0.427313,1.02407,1.00485,-3.52916,2.12481,-6.1563,-0.223805,-19.9582,-1.81108,-25.5515,0.635679,-19.9022,-1.51512,-47.2062,19.8309,-30.1932,-0.501634
836,0.0836,9.33533,36.7973,0.212704,47.8719,-0.332927,-0.00661188,-0.0415437,-9.43909,-0.824155,-28.2279,20.6187,-1.07997,-3.2948,16.4617,-0.171791,-120.532,-0.124862,0.00427505,0.0268609,-0.84855,-0.983435,-16.4617,11.6591,-5.16203,-0.446599,11.7227,0.0895979,53.9879,-0.120558,-0.00302308,-0.0189946,0.0223561,0.190295,-11.7227,8.64889,4.19752,0.172381,8.61289,0.294897,114.416,-0.0875062,-0.00786385,-0.04941,-8.61289,-0.0310154,-0.0434488,0.310675,-0.11545,-3.02058,-2.73881,-0.0877926,2.69679,1.31956,-0.430376,1.19523,-6.16315,-0.223879,-19.9649,-1.8104,-25.5652,0.637264,-18.341,-1.13583,-45.4959,20.1278,-27.0755,-1.46231
837,0.0837,9.3465,36.7601,0.209231,45.4396,-0.332734,-0.00650203,-0.0408535,-9.46173,-0.774904,-28.1916,20.6008,-1.04496,-3.3243,16.3909,-0.17332,-121.605,-0.124325,0.00431311,0.0271001,-0.91651,-0.94179,-16.3909,11.6146,-5.1621,-0.509559,11.7484,0.0867789,52.2893,-0.120822,-0.00292797,-0.0183969,0.0755742,0.200369,-11.7484,8.67153,4.23058,0.21054,8.6208,0.295772,114.755,-0.0875866,-0.00788718,-0.0495566,-8.6208,-0.0334827,-0.05226,0.314686,-0.113447,-3.02528,-2.67368,-0.0692889,2.74758,1.32185,-0.318715,1.15176,-6.16224,-0.223148,-19.9688,-1.81001,-25.5677,0.637556,-18.2977,-1.06734,-45.4128,20.1127,-26.9314,-1.53499
838,0.0838,9.35767,36.7355,0.206212,43.2751,-0.332657,-0.00640634,-0.0402522,-9.47713,-0.705066,-28.1676,20.5871,-1.00766,-3.34908,16.3253,-0.174768,-122.621,-0.123828,0.00434915,0.0273265,-0.977756,-0.888102,-16.3253,11.5716,-5.16292,-0.57166,11.7805,0.084267,50.7757,-0.121152,-0.00284321,-0.0178644,0.13029,0.218604,-11.7805,8.69653,4.26642,0.252936,8.62966,0.296713,115.121,-0.0876766,-0.00791228,-0.0497143,-8.62966,-0.0355683,-0.0617478,0.318995,-0.111156,-3.03035,-3.22886,-0.177023,2.13799,1.18864,-1.41881,1.46607,-6.15535,-0.222015,-19.9696,-1.80996,-25.5606,0.636779,-18.8613,-1.1041,-45.9992,19.9658,-27.9871,-1.24623
839,0.0839,9.36883,36.7269,0.204086,41.6394,-0.332721,-0.00633862,-0.0398267,-9.48469,-0.615547,-28.1594,20.5801,-0.969129,-3.36816,16.2683,-0.176064,-123.53,-0.123396,0.0043814,0.0275291,-1.02962,-0.823057,-16.2683,11.5325,-5.16545,-0.630729,11.819,0.0823826,49.6402,-0.121548,-0.00277963,-0.0174649,0.184551,0.244832,-11.819,8.7238,4.30481,0.298456,8.63961,0.297767,115.53,-0.0877777,-0.00794038,-0.0498909,-8.63961,-0.0373212,-0.0721049,0.323717,-0.108495,-3.03589,-3.32874,-0.175307,1.49557,0.919289,-2.03674,1.50842,-6.14826,-0.220831,-19.9676,-1.81011,-25.5507,0.636147,-18.9617,-1.01168,-46.6315,19.6892,-28.5566,-1.22359
840,0.084,9.38,36.7355,0.203086,40.6791,-0.332936,-0.00630651,-0.039625,-9.48468,-0.509308,-28.168,20.5805,-0.930063,-3.38049,16.2212,-0.177171,-124.307,-0.123038,0.00440894,0.0277022,-1.07116,-0.749632,-16.2212,11.4985,-5.17006,-0.685088,11.8635,0.0813329,49.0078,-0.122006,-0.00274422,-0.0172424,0.237263,0.278935,-11.8635,8.75319,4.34548,0.346497,8.65078,0.298924,115.978,-0.0878912,-0.00797124,-0.0500848,-8.65078,-0.0386108,-0.083262,0.328815,-0.105485,-3.04189,-3.60193,-0.227539,1.0908,0.811022,-2.66225,1.6647,-6.14514,-0.219545,-19.9695,-1.81178,-25.5491,0.636659,-19.2317,-0.956392,-47.0467,19.5797,-29.1414,-1.07913
841,0.0841,9.39117,36.7673,0.203155,40.3472,-0.333346,-0.00630989,-0.0396462,-9.48156,-0.391971,-28.1991,20.5925,-0.892172,-3.38754,16.1895,-0.178274,-125.081,-0.122798,0.00443638,0.0278746,-1.10554,-0.673178,-16.1895,11.4733,-5.17833,-0.7354,11.9145,0.0812728,48.9715,-0.12253,-0.00274219,-0.0172297,0.287216,0.320498,-11.9145,8.78493,4.38832,0.396215,8.66324,0.300156,116.456,-0.0880177,-0.00800409,-0.0502912,-8.66324,-0.0392903,-0.095072,0.334207,-0.102163,-3.04835,-4.1497,-0.347099,0.889718,0.856092,-3.4297,1.98644,-6.13409,-0.217804,-19.9656,-1.81304,-25.5332,0.635506,-19.7653,-0.956873,-47.275,19.6355,-29.8551,-0.765592
842,0.0842,9.40233,36.8197,0.204304,40.6347,-0.333931,-0.00635015,-0.0398991,-9.47394,-0.262545,-28.2501,20.6148,-0.855261,-3.38849,16.1716,-0.179497,-125.939,-0.122662,0.00446682,0.0280659,-1.13203,-0.592926,-16.1716,11.4563,-5.18955,-0.781531,11.971,0.0823222,49.6038,-0.123111,-0.00277759,-0.0174521,0.335221,0.369688,-11.971,8.8185,4.43279,0.448361,8.67713,0.301479,116.97,-0.0881589,-0.00803938,-0.0505129,-8.67713,-0.0393071,-0.107588,0.339927,-0.0985006,-3.05532,-3.91815,-0.278667,0.481078,0.61149,-3.49216,1.83683,-6.1341,-0.216321,-19.9656,-1.81524,-25.5334,0.63704,-19.5262,-0.757533,-47.7347,19.411,-29.8808,-0.914628
843,0.0843,9.4135,36.8757,0.207368,42.124,-0.334556,-0.00644997,-0.0405263,-9.45236,-0.118405,-28.3037,20.6351,-0.816413,-3.37671,16.1531,-0.180175,-126.415,-0.122521,0.00448369,0.0281719,-1.14065,-0.50613,-16.1531,11.4372,-5.1995,-0.816685,12.0301,0.0847144,51.0453,-0.123719,-0.00285831,-0.0179593,0.3808,0.426153,-12.0301,8.85203,4.4777,0.502708,8.69251,0.302828,117.493,-0.0883152,-0.00807535,-0.0507389,-8.69251,-0.0384277,-0.120439,0.345776,-0.0946154,-3.06273,-4.41933,-0.435554,1.20085,1.08565,-3.48753,2.16859,-6.12845,-0.214821,-19.9672,-1.81795,-25.5287,0.636922,-20.0001,-0.76878,-47.07,19.9028,-29.8327,-0.571194
844,0.0844,9.42467,36.9252,0.212947,45.2245,-0.335131,-0.00662451,-0.041623,-9.4124,0.0362775,-28.3491,20.6456,-0.775351,-3.34747,16.1274,-0.179755,-126.12,-0.122327,0.00447326,0.0281063,-1.12558,-0.416393,-16.1274,11.4112,-5.20623,-0.835047,12.0879,0.0884641,53.3047,-0.124313,-0.00298483,-0.0187542,0.422978,0.489274,-12.0879,8.88255,4.52135,0.558365,8.7098,0.304238,118.04,-0.0884908,-0.00811294,-0.0509751,-8.7098,-0.0366037,-0.133742,0.351829,-0.0904616,-3.07078,-4.38626,-0.410554,0.504293,0.770191,-4.00197,2.13594,-6.12545,-0.213669,-19.9692,-1.8206,-25.5275,0.637144,-19.9241,-0.587945,-47.814,19.5952,-30.3048,-0.574379
845,0.0845,9.43583,36.9643,0.220084,49.2742,-0.335618,-0.00685068,-0.0430441,-9.35884,0.197202,-28.3822,20.6438,-0.733816,-3.304,16.0954,-0.17923,-125.752,-0.122084,0.00446018,0.0280241,-1.09003,-0.327328,-16.0954,11.3791,-5.2095,-0.838677,12.1396,0.0936634,56.4376,-0.124845,-0.00316025,-0.0198565,0.460559,0.558185,-12.1396,8.90675,4.56181,0.614279,8.72938,0.30565,118.588,-0.0886897,-0.00815061,-0.0512118,-8.72938,-0.0336558,-0.14723,0.357931,-0.0861252,-3.0796,-4.41111,-0.462504,0.98065,1.03132,-3.6646,2.19119,-6.11301,-0.21269,-19.965,-1.82169,-25.5097,0.634628,-19.883,-0.477992,-47.3665,19.8534,-29.9082,-0.478181
846,0.0846,9.447,36.9603,0.230891,55.7582,-0.335754,-0.00717907,-0.0451074,-9.27398,0.360373,-28.3696,20.6029,-0.686464,-3.2315,16.0288,-0.176315,-123.707,-0.121579,0.00438764,0.0275684,-1.01395,-0.241296,-16.0288,11.3182,-5.20166,-0.810429,12.1797,0.10008,60.3041,-0.125257,-0.00337676,-0.0212168,0.491795,0.63124,-12.1797,8.92051,4.5967,0.668409,8.75182,0.307126,119.161,-0.0889177,-0.00818995,-0.051459,-8.75182,-0.029571,-0.161103,0.364212,-0.0815114,-3.08948,-5.08678,-0.637707,0.702225,1.11718,-4.64667,2.61187,-6.10762,-0.212412,-19.9651,-1.82304,-25.504,0.633203,-20.4684,-0.489746,-47.6325,19.8971,-30.8371,0.0135743
847,0.0847,9.45817,36.9239,0.24325,63.2319,-0.335613,-0.00755151,-0.0474475,-9.18339,0.516152,-28.3215,20.5323,-0.637238,-3.14857,15.9411,-0.172566,-121.076,-0.120914,0.00429435,0.0269822,-0.919391,-0.165357,-15.9411,11.2401,-5.18518,-0.765036,12.2047,0.107084,64.524,-0.125515,-0.00361306,-0.0227015,0.514097,0.705874,-12.2047,8.92136,4.62443,0.717398,8.7781,0.308733,119.784,-0.0891847,-0.00823281,-0.0517283,-8.7781,-0.0243657,-0.175655,0.370845,-0.0764863,-3.10093,-4.45106,-0.499163,1.03742,1.10263,-3.67742,2.2406,-6.09755,-0.212465,-19.9602,-1.82288,-25.4882,0.630258,-19.732,-0.195477,-47.2442,19.8121,-29.8028,-0.277716
848,0.0848,9.46933,36.8649,0.256071,70.9081,-0.33527,-0.00793618,-0.0498645,-9.1032,0.658464,-28.2484,20.4405,-0.588201,-3.06843,15.8419,-0.168747,-118.397,-0.120161,0.00419932,0.0263851,-0.818954,-0.101743,-15.8419,11.153,-5.16237,-0.711407,12.2141,0.114094,68.748,-0.125612,-0.00384958,-0.0241876,0.524577,0.778584,-12.2141,8.90899,4.64461,0.757402,8.80882,0.310724,120.557,-0.0894969,-0.00828591,-0.0520619,-8.80882,-0.0183764,-0.192325,0.378593,-0.0704331,-3.11443,-4.79376,-0.596056,0.753179,1.09741,-4.29183,2.46274,-6.08912,-0.212919,-19.9561,-1.82246,-25.4749,0.627446,-19.9861,-0.150511,-47.4513,19.7155,-30.355,0.0217574
849,0.0849,9.4805,36.7984,0.269351,78.7408,-0.334838,-0.0083297,-0.0523371,-9.03433,0.785762,-28.1677,20.3412,-0.543746,-2.99367,15.7471,-0.164707,-115.562,-0.119442,0.00409877,0.0257533,-0.713289,-0.049042,-15.7471,11.0692,-5.13821,-0.650307,12.208,0.120678,72.7155,-0.125549,-0.00407174,-0.0255835,0.522242,0.846439,-12.208,8.88372,4.65713,0.786256,8.84328,0.31338,121.587,-0.089847,-0.00835672,-0.0525068,-8.84328,-0.0116355,-0.212589,0.388256,-0.0626734,-3.12962,-4.46126,-0.51147,0.221131,0.786733,-4.34529,2.26072,-6.09312,-0.213969,-19.9587,-1.82283,-25.482,0.627564,-19.5887,0.0603231,-47.9053,19.3051,-30.371,-0.105388
850,0.085,9.49167,36.7233,0.283009,86.6223,-0.334299,-0.00872824,-0.0548411,-8.97434,0.894387,-28.0828,20.2373,-0.504606,-2.92378,15.659,-0.160515,-112.621,-0.118774,0.00399447,0.025098,-0.603659,-0.00880759,-15.659,10.9913,-5.11361,-0.582185,12.1862,0.126587,76.2762,-0.125325,-0.00427112,-0.0268363,0.507381,0.907101,-12.1862,8.84559,4.66164,0.803091,8.87806,0.316937,122.967,-0.0902003,-0.00845158,-0.0531028,-8.87806,-0.003906,-0.237578,0.400463,-0.0526373,-3.14469,-4.49732,-0.524242,0.213936,0.798227,-4.38856,2.2863,-6.10411,-0.215379,-19.9602,-1.82228,-25.4956,0.629417,-19.5758,0.154766,-47.8291,19.2133,-30.3888,-0.00806266
851,0.0851,9.50283,36.6414,0.29536,93.8235,-0.333657,-0.00908502,-0.0570829,-8.91627,0.982517,-27.9905,20.129,-0.476821,-2.85414,15.5834,-0.156225,-109.611,-0.118201,0.00388771,0.0244272,-0.486879,0.0172986,-15.5834,10.9239,-5.09085,-0.504311,12.1477,0.131544,79.2629,-0.124928,-0.00443837,-0.0278871,0.480945,0.958708,-12.1477,8.79404,4.65741,0.807641,8.91034,0.320041,124.172,-0.0905283,-0.00853436,-0.053623,-8.91034,0.00651085,-0.259395,0.411059,-0.0433718,-3.15747,-4.33034,-0.446878,-0.638172,0.355208,-4.86913,2.15499,-6.11681,-0.216894,-19.9598,-1.82092,-25.5094,0.631762,-19.3634,0.318745,-48.5885,18.6633,-30.8554,-0.0673928
852,0.0852,9.514,36.5556,0.30643,100.102,-0.332939,-0.0094003,-0.0590638,-8.87114,1.04624,-27.8954,20.0192,-0.459429,-2.79375,15.5207,-0.152485,-106.987,-0.117725,0.00379463,0.0238424,-0.372406,0.0284706,-15.5207,10.8675,-5.07029,-0.423719,12.092,0.135324,81.5404,-0.124355,-0.0045659,-0.0286884,0.444161,0.999725,-12.092,8.72907,4.64396,0.800006,8.94289,0.323591,125.549,-0.090859,-0.00862903,-0.0542178,-8.94289,0.0180398,-0.282695,0.422603,-0.0330978,-3.17003,-4.3304,-0.442723,-0.424605,0.434398,-4.69402,2.14994,-6.12778,-0.218358,-19.9594,-1.81937,-25.5213,0.63372,-19.3293,0.385155,-48.2794,18.6342,-30.6747,-0.0100839
853,0.0853,9.52517,36.4705,0.317668,106.126,-0.332189,-0.00971136,-0.0610182,-8.84246,1.08563,-27.8059,19.9133,-0.451127,-2.74451,15.4729,-0.148901,-104.472,-0.117362,0.00370543,0.0232819,-0.262403,0.0250808,-15.4729,10.8238,-5.05297,-0.34166,12.0191,0.137836,83.0539,-0.123606,-0.00465065,-0.0292209,0.39852,1.02919,-12.0191,8.65103,4.62112,0.780801,8.97858,0.328733,127.544,-0.0912216,-0.00876614,-0.0550793,-8.97858,0.0313566,-0.313912,0.43849,-0.0192745,-3.18365,-4.64761,-0.546882,0.0715144,0.757524,-4.65813,2.36486,-6.13439,-0.219664,-19.9588,-1.81773,-25.5281,0.634633,-19.6245,0.319082,-47.6932,18.8531,-30.6373,0.254982
854,0.0854,9.53633,36.3788,0.329848,112.057,-0.331337,-0.0100395,-0.06308,-8.82372,1.09865,-27.7281,19.8155,-0.44848,-2.70541,15.4376,-0.145897,-102.364,-0.117095,0.00363067,0.0228122,-0.159343,0.00847754,-15.4376,10.7915,-5.03863,-0.260738,11.9308,0.139064,83.7941,-0.122698,-0.00469209,-0.0294813,0.345961,1.04689,-11.9308,8.5617,4.58948,0.751302,9.01034,0.33668,130.628,-0.0915443,-0.00897807,-0.0564109,-9.01034,0.0432877,-0.359624,0.462298,0.000672101,-3.19598,-4.3298,-0.507644,0.643781,0.956862,-3.86037,2.20529,-6.13765,-0.220777,-19.9558,-1.81563,-25.5287,0.634843,-19.2912,0.370231,-47.0401,18.9568,-29.8376,0.134719
855,0.0855,9.5475,36.2798,0.338206,115.861,-0.330368,-0.0102587,-0.0644572,-8.80957,1.08597,-27.6464,19.7189,-0.46054,-2.67622,15.4186,-0.144067,-101.08,-0.11695,0.00358513,0.022526,-0.0678086,-0.0189585,-15.4186,10.7728,-5.02873,-0.185549,11.8311,0.139004,83.7578,-0.121672,-0.00469007,-0.0294686,0.288387,1.05296,-11.8311,8.46435,4.55068,0.712889,9.03015,0.343268,133.184,-0.0917455,-0.00915374,-0.0575147,-9.03015,0.051972,-0.396697,0.481765,0.0175111,-3.20356,-4.37279,-0.535291,0.486396,0.929377,-4.04085,2.24872,-6.14195,-0.221746,-19.9553,-1.81411,-25.533,0.635393,-19.3243,0.328932,-47.1153,18.8342,-30.0344,0.207898
856,0.0856,9.55867,36.161,0.337702,115.774,-0.329161,-0.0102334,-0.0642987,-8.79034,1.05646,-27.5309,19.6095,-0.498337,-2.65241,15.4136,-0.142798,-100.191,-0.116913,0.00355357,0.0223278,0.00462793,-0.0520645,-15.4136,10.7669,-5.0231,-0.122498,11.725,0.137656,82.9454,-0.120581,-0.00464457,-0.0291827,0.227489,1.04687,-11.725,8.36299,4.50693,0.666566,9.02246,0.342845,133.019,-0.0916674,-0.00914245,-0.0574437,-9.02246,0.061659,-0.392298,0.479636,0.0178369,-3.19647,-4.64056,-0.614094,0.302728,0.945197,-4.488,2.42488,-6.14638,-0.222413,-19.9535,-1.81244,-25.5362,0.636255,-19.5773,0.219957,-47.1817,18.7423,-30.5226,0.408726
857,0.0857,9.56983,36.0369,0.332256,113.316,-0.327863,-0.0100692,-0.0632669,-8.7657,1.01031,-27.4086,19.5023,-0.551728,-2.63135,15.4225,-0.142169,-99.7491,-0.11698,0.00353792,0.0222294,0.065676,-0.0916324,-15.4225,10.7732,-5.02225,-0.0659789,11.6176,0.13513,81.4235,-0.119477,-0.00455935,-0.0286473,0.165325,1.02898,-11.6176,8.26167,4.46051,0.614016,8.9967,0.339295,131.642,-0.0914057,-0.0090478,-0.056849,-8.9967,0.0729572,-0.368431,0.467514,0.0100144,-3.17938,-4.4654,-0.554839,-0.36848,0.603993,-4.82329,2.30711,-6.15048,-0.222761,-19.9503,-1.81057,-25.5377,0.637266,-19.3816,0.232706,-47.7274,18.2958,-30.9127,0.313027
858,0.0858,9.581,35.9414,0.32533,110.248,-0.326783,-0.00985618,-0.0619282,-8.74825,0.946452,-27.3149,19.4176,-0.616535,-2.62148,15.4606,-0.140867,-98.8352,-0.117269,0.0035055,0.0220257,0.112617,-0.134011,-15.4606,10.7997,-5.03026,-0.0177879,11.5165,0.131447,79.2042,-0.118437,-0.00443508,-0.0278664,0.103527,0.997698,-11.5165,8.16577,4.41461,0.555846,8.9644,0.33475,129.879,-0.0910775,-0.0089266,-0.0560875,-8.9644,0.0827657,-0.337884,0.452075,-0.000892049,-3.15954,-4.98809,-0.700892,-0.304416,0.797391,-5.35678,2.6407,-6.15797,-0.222764,-19.9544,-1.81055,-25.5498,0.639329,-19.8943,0.0227963,-47.5737,18.4044,-31.5231,0.65855
859,0.0859,9.59217,35.8545,0.314897,104.891,-0.32576,-0.00954217,-0.0599552,-8.72966,0.84421,-27.2285,19.3401,-0.689264,-2.62038,15.5098,-0.141474,-99.2611,-0.117642,0.00352061,0.0221206,0.158211,-0.187494,-15.5098,10.8352,-5.04233,0.0311819,11.4125,0.126237,76.0649,-0.117367,-0.0042593,-0.0267619,0.0443609,0.941287,-11.4125,8.06873,4.36561,0.489145,8.93223,0.330133,128.087,-0.0907507,-0.00880348,-0.0553139,-8.93223,0.0904175,-0.306211,0.436204,-0.0125451,-3.14071,-4.11058,-0.524928,0.808442,1.06522,-3.49935,2.13777,-6.16059,-0.222194,-19.9567,-1.8108,-25.5548,0.640558,-19.0008,0.0970889,-46.3768,18.5945,-29.7434,0.157945
860,0.086,9.60333,35.7772,0.304436,99.3706,-0.324807,-0.00922964,-0.0579915,-8.7181,0.740327,-27.1502,19.2708,-0.768531,-2.62118,15.5695,-0.142679,-100.107,-0.118095,0.0035506,0.0223091,0.193512,-0.246256,-15.5695,10.8787,-5.05792,0.0740421,11.3041,0.121184,73.0203,-0.116253,-0.00408881,-0.0256907,-0.0080944,0.890652,-11.3041,7.97069,4.31297,0.429357,8.90351,0.325931,126.457,-0.0904589,-0.00869143,-0.0546099,-8.90351,0.0959308,-0.27649,0.42147,-0.023579,-3.12458,-5.10598,-0.728402,-0.34956,0.813508,-5.52509,2.71097,-6.16072,-0.221084,-19.964,-1.81281,-25.5618,0.641409,-19.9848,-0.209159,-47.4637,18.2715,-31.8554,0.731195
861,0.0861,9.6145,35.7258,0.293217,93.124,-0.324101,-0.00890228,-0.0559347,-8.71762,0.635157,-27.0968,19.2216,-0.844785,-2.62706,15.6364,-0.145504,-102.089,-0.118602,0.0036209,0.0227508,0.217014,-0.310709,-15.6364,10.9281,-5.0763,0.108848,11.2107,0.116487,70.1903,-0.115292,-0.00393035,-0.0246951,-0.0559353,0.84606,-11.2107,7.88521,4.26501,0.3753,8.8787,0.322234,125.022,-0.0902068,-0.00859283,-0.0539904,-8.8787,0.0998056,-0.249708,0.408299,-0.0334937,-3.11121,-4.35875,-0.54125,-0.338632,0.610024,-4.68009,2.25277,-6.15849,-0.219362,-19.9655,-1.81433,-25.5607,0.64223,-19.2349,-0.125456,-47.4009,18.0173,-31.0855,0.267937
862,0.0862,9.62567,35.7006,0.281615,86.4696,-0.323652,-0.00856544,-0.0538182,-8.73247,0.535896,-27.0691,19.1933,-0.916082,-2.64414,15.7079,-0.149095,-104.608,-0.119145,0.00371026,0.0233123,0.225681,-0.371912,-15.7079,10.9823,-5.09721,0.131391,11.1353,0.111703,67.3072,-0.114517,-0.0037689,-0.0236807,-0.100749,0.805337,-11.1353,7.81435,4.22339,0.324647,8.8574,0.319008,123.771,-0.0899905,-0.0085068,-0.0534498,-8.8574,0.10247,-0.225808,0.396633,-0.0422643,-3.10018,-4.13937,-0.46292,-1.22049,0.157456,-5.12876,2.10031,-6.15514,-0.217059,-19.9665,-1.81657,-25.558,0.643276,-19.027,-0.144084,-48.2561,17.5341,-31.6028,0.0994487
863,0.0863,9.63683,35.7051,0.268891,78.9945,-0.323492,-0.0081924,-0.0514744,-8.7649,0.433363,-27.0704,19.1878,-0.981872,-2.6796,15.785,-0.153216,-107.5,-0.11973,0.00381281,0.0239566,0.216653,-0.427495,-15.785,11.042,-5.12147,0.139119,11.081,0.105896,63.8082,-0.113958,-0.00357298,-0.0224497,-0.142484,0.756656,-11.081,7.75959,4.18961,0.272332,8.83907,0.316211,122.686,-0.0898042,-0.00843223,-0.0529813,-8.83907,0.104202,-0.204415,0.386293,-0.050016,-3.09105,-4.41317,-0.556908,-0.596986,0.522652,-4.94422,2.28795,-6.1447,-0.214265,-19.9688,-1.81983,-25.5486,0.642782,-19.3228,-0.33781,-47.6363,17.8907,-31.4747,0.251133
864,0.0864,9.648,35.7116,0.256554,71.6511,-0.323375,-0.00783147,-0.0492065,-8.80194,0.326813,-27.0736,19.1869,-1.04576,-2.71821,15.8539,-0.157534,-110.53,-0.120253,0.00392028,0.0246319,0.19945,-0.484631,-15.8539,11.0977,-5.14628,0.141407,11.0345,0.100293,60.4325,-0.11348,-0.00338395,-0.021262,-0.178188,0.706236,-11.0345,7.71206,4.15739,0.223851,8.8232,0.313795,121.748,-0.089643,-0.0083678,-0.0525764,-8.8232,0.105208,-0.185166,0.377097,-0.0568704,-3.08347,-4.10835,-0.503719,-0.0774597,0.679614,-4.19937,2.12009,-6.12878,-0.211424,-19.9693,-1.82293,-25.5313,0.640847,-19.0391,-0.38833,-47.1203,18.0435,-30.7765,0.0427285
865,0.0865,9.65917,35.7013,0.247187,66.1386,-0.323159,-0.00755912,-0.0474954,-8.84226,0.240799,-27.0598,19.1784,-1.10254,-2.75744,15.8953,-0.160782,-112.808,-0.120566,0.0040011,0.0251396,0.176634,-0.529145,-15.8953,11.1368,-5.16769,0.136687,10.9968,0.096286,58.0179,-0.113092,-0.00324874,-0.0204124,-0.20964,0.664331,-10.9968,7.6727,4.1281,0.182956,8.80925,0.311683,120.929,-0.0895012,-0.00831148,-0.0522226,-8.80925,0.105613,-0.167744,0.368858,-0.0629571,-3.07708,-3.88388,-0.457221,-0.0368106,0.64486,-3.91955,1.99124,-6.11512,-0.209133,-19.9669,-1.82505,-25.514,0.639109,-18.8413,-0.425556,-47.0635,17.9982,-30.536,-0.127093
866,0.0866,9.67033,35.6889,0.242417,63.5492,-0.322971,-0.00742152,-0.0466308,-8.8935,0.19462,-27.044,19.1715,-1.15161,-2.80343,15.9185,-0.161933,-113.616,-0.120742,0.00402974,0.0253196,0.143959,-0.54753,-15.9185,11.1645,-5.18776,0.118575,10.9736,0.0945259,56.9573,-0.112854,-0.00318935,-0.0200393,-0.240644,0.636611,-10.9736,7.64547,4.10451,0.149622,8.79681,0.309824,120.208,-0.0893748,-0.0082619,-0.0519111,-8.79681,0.10554,-0.151938,0.361448,-0.0683583,-3.07163,-4.10972,-0.501195,-0.656842,0.437419,-4.66325,2.12074,-6.10852,-0.20785,-19.9632,-1.82609,-25.5031,0.638483,-19.1117,-0.514424,-47.664,17.7828,-31.318,-0.0442048
867,0.0867,9.6815,35.6632,0.239929,62.4225,-0.322709,-0.00734725,-0.0461641,-8.94711,0.163474,-27.0152,19.1563,-1.1927,-2.85058,15.9181,-0.161719,-113.466,-0.120739,0.00402441,0.0252861,0.10974,-0.555472,-15.9181,11.1752,-5.20358,0.0973226,10.9595,0.0934621,56.3163,-0.112709,-0.00315346,-0.0198138,-0.271287,0.613856,-10.9595,7.62633,4.08403,0.118989,8.78557,0.308185,119.572,-0.0892606,-0.00821821,-0.0516365,-8.78557,0.105091,-0.137569,0.354769,-0.073148,-3.06689,-4.65375,-0.628393,-1.1399,0.379577,-5.65497,2.44782,-6.10459,-0.207549,-19.9601,-1.8266,-25.496,0.637744,-19.7054,-0.672468,-48.1152,17.7092,-32.3436,0.23498
868,0.0868,9.69267,35.6612,0.23898,62.2637,-0.322642,-0.00731662,-0.0459717,-8.99799,0.131794,-27.0104,19.1569,-1.23878,-2.89181,15.9357,-0.160709,-112.757,-0.120873,0.00399929,0.0251283,0.0791231,-0.567267,-15.9357,11.1958,-5.22642,0.0806611,10.9502,0.0929621,56.015,-0.112614,-0.00313659,-0.0197078,-0.301848,0.594738,-10.9502,7.61243,4.06504,0.0902578,8.77527,0.306727,119.006,-0.089156,-0.00817933,-0.0513922,-8.77527,0.104323,-0.124445,0.348713,-0.0774007,-3.06273,-4.44655,-0.594616,-0.756626,0.500053,-5.12279,2.33615,-6.09972,-0.207942,-19.9547,-1.82616,-25.4856,0.636269,-19.5443,-0.670764,-47.7218,17.8308,-31.8472,0.0806091
869,0.0869,9.70383,35.6524,0.238551,62.3293,-0.322505,-0.00730687,-0.0459104,-9.05061,0.102332,-26.9991,19.1524,-1.28821,-2.92822,15.9535,-0.160218,-112.412,-0.121007,0.00398706,0.0250514,0.051706,-0.586005,-15.9535,11.2137,-5.24987,0.0680051,10.9332,0.0933243,56.2332,-0.112439,-0.00314881,-0.0197846,-0.336568,0.585069,-10.9332,7.59546,4.04285,0.0627941,8.76574,0.305444,118.508,-0.0890592,-0.00814512,-0.0511773,-8.76574,0.103267,-0.112398,0.343216,-0.0811942,-3.05902,-4.16947,-0.532613,-0.523335,0.524413,-4.62715,2.17206,-6.09861,-0.209073,-19.9469,-1.8245,-25.4771,0.635261,-19.3187,-0.639355,-47.4694,17.8523,-31.3924,-0.120899
870,0.087,9.715,35.6441,0.238362,62.3932,-0.32238,-0.00731462,-0.0459591,-9.10782,0.0721475,-26.9885,19.1475,-1.33578,-2.9626,15.9682,-0.1609,-112.891,-0.121119,0.00400403,0.025158,0.0255806,-0.612519,-15.9682,11.2268,-5.27297,0.0576299,10.919,0.0949608,57.2193,-0.112293,-0.00320403,-0.0201315,-0.376607,0.582772,-10.919,7.58251,4.0218,0.0354618,8.75679,0.304301,118.065,-0.0889683,-0.00811462,-0.0509857,-8.75679,0.101895,-0.101217,0.338167,-0.0846093,-3.05569,-4.20946,-0.555546,-0.178206,0.691728,-4.39758,2.20644,-6.10742,-0.210973,-19.9497,-1.82429,-25.4896,0.636154,-19.4247,-0.694371,-47.1163,18.015,-31.2229,-0.12001
871,0.0871,9.72617,35.6433,0.238618,62.6465,-0.322335,-0.00734199,-0.0461311,-9.16865,0.0246285,-26.9859,19.1468,-1.38042,-2.991,15.9827,-0.162176,-113.786,-0.121229,0.00403578,0.0253575,0.000934582,-0.659871,-15.9827,11.2368,-5.29686,0.0545236,10.9124,0.0975426,58.775,-0.112224,-0.00329114,-0.0206788,-0.421321,0.584218,-10.9124,7.57645,4.00411,0.00710613,8.74827,0.303251,117.657,-0.0888816,-0.00808663,-0.0508098,-8.74827,0.100282,-0.0908639,0.333507,-0.0876632,-3.05263,-4.01693,-0.501333,-0.448925,0.519589,-4.39683,2.08438,-6.11871,-0.213208,-19.9532,-1.82369,-25.5055,0.637482,-19.3043,-0.689913,-47.388,17.8427,-31.2827,-0.269146
872,0.0872,9.73733,35.6398,0.238839,62.6796,-0.322291,-0.00738476,-0.0463998,-9.24789,-0.0527796,-26.9812,19.1423,-1.41747,-3.01353,15.9857,-0.165361,-116.021,-0.121252,0.00411505,0.0258556,-0.0259601,-0.750276,-15.9857,11.2352,-5.31767,0.0620216,10.9139,0.101955,61.4336,-0.11224,-0.00344001,-0.0216142,-0.48182,0.598857,-10.9139,7.57791,3.99056,-0.0258719,8.74011,0.302245,117.267,-0.0887988,-0.0080598,-0.0506412,-8.74011,0.0986402,-0.0814966,0.329237,-0.0903574,-3.04968,-4.41859,-0.625615,0.0886193,0.880731,-4.42025,2.35043,-6.12634,-0.215393,-19.9536,-1.82195,-25.5144,0.637949,-19.7928,-0.893788,-46.8462,18.2011,-31.3521,-0.0251552
873,0.0873,9.7485,35.5638,0.235661,60.3758,-0.321666,-0.00733657,-0.046097,-9.33517,-0.168888,-26.9045,19.0857,-1.44246,-3.04002,15.9282,-0.171289,-120.18,-0.120816,0.00426257,0.0267825,-0.0624872,-0.868171,-15.9282,11.1879,-5.32251,0.0690029,10.9034,0.105629,63.6473,-0.112132,-0.00356396,-0.022393,-0.540423,0.602363,-10.9034,7.57246,3.9728,-0.0621783,8.73226,0.301321,116.909,-0.088719,-0.00803517,-0.0504865,-8.73226,0.0969203,-0.0729084,0.325325,-0.0927548,-3.04685,-4.16506,-0.548726,-0.33567,0.617409,-4.46967,2.186,-6.13171,-0.217268,-19.953,-1.81982,-25.5197,0.638167,-19.6319,-0.934881,-47.1931,17.8833,-31.4318,-0.215853
874,0.0874,9.75967,35.4754,0.236041,60.671,-0.320973,-0.00736595,-0.0462816,-9.4187,-0.23396,-26.8156,19.0192,-1.45816,-3.09043,15.8482,-0.172475,-121.012,-0.120209,0.00429208,0.0269679,-0.108536,-0.915241,-15.8482,11.1232,-5.32217,0.0508413,10.9025,0.108051,65.1069,-0.112123,-0.0036457,-0.0229066,-0.585495,0.586224,-10.9025,7.5743,3.95892,-0.0971428,8.72467,0.300465,116.576,-0.0886419,-0.00801233,-0.050343,-8.72467,0.095058,-0.0649355,0.321699,-0.0949165,-3.04413,-3.92837,-0.490886,-0.551536,0.465304,-4.37333,2.04393,-6.14452,-0.218904,-19.9522,-1.81764,-25.5332,0.640633,-19.4916,-0.94375,-47.3194,17.6669,-31.3647,-0.405875
875,0.0875,9.77083,35.3843,0.243843,66.197,-0.320268,-0.00757624,-0.0476029,-9.48602,-0.207421,-26.7246,18.9507,-1.47064,-3.15908,15.7629,-0.165863,-116.373,-0.119562,0.00412755,0.0259342,-0.147012,-0.8603,-15.7629,11.0535,-5.32027,0.0124054,10.9041,0.110033,66.3012,-0.112139,-0.00371257,-0.0233268,-0.62177,0.55981,-10.9041,7.57885,3.94649,-0.129981,8.71724,0.299673,116.269,-0.0885664,-0.00799122,-0.0502103,-8.71724,0.0930688,-0.0575184,0.318335,-0.0968623,-3.04151,-4.29276,-0.571801,-1.03502,0.357427,-5.15969,2.25999,-6.15538,-0.219936,-19.9542,-1.81653,-25.5471,0.643038,-19.9342,-0.999158,-47.7137,17.4916,-32.1774,-0.256053
876,0.0876,9.782,35.3327,0.256217,74.9346,-0.319865,-0.00789874,-0.0496292,-9.52758,-0.114588,-26.6733,18.9092,-1.49053,-3.23058,15.7161,-0.15454,-108.429,-0.119207,0.00384577,0.0241637,-0.165188,-0.733358,-15.7161,11.009,-5.32709,-0.0306157,10.9066,0.111829,67.3836,-0.112165,-0.00377318,-0.0237076,-0.652395,0.527826,-10.9066,7.58494,3.93519,-0.160994,8.71,0.298927,115.98,-0.0884929,-0.00797133,-0.0500853,-8.71,0.0909449,-0.0505985,0.315193,-0.0986285,-3.03897,-4.33087,-0.626882,0.203684,0.934647,-4.22378,2.31921,-6.16422,-0.220389,-19.956,-1.81601,-25.5586,0.645321,-20.0227,-0.961859,-46.4256,18.0278,-31.2729,-0.266049
877,0.0877,9.79317,35.3321,0.267714,83.0477,-0.31985,-0.00819889,-0.0515152,-9.54752,-0.0179138,-26.6734,18.902,-1.52166,-3.29142,15.7199,-0.144075,-101.086,-0.119236,0.00358535,0.0225274,-0.166237,-0.598965,-15.7199,10.9977,-5.34634,-0.0648883,10.9093,0.113554,68.4227,-0.112193,-0.00383137,-0.0240732,-0.678371,0.492279,-10.9093,7.59207,3.92489,-0.190065,8.70291,0.298235,115.711,-0.0884209,-0.00795287,-0.0499694,-8.70291,0.0887724,-0.0441942,0.312287,-0.100217,-3.03646,-3.23341,-0.420129,2.0955,1.48914,-1.50771,1.70019,-6.16666,-0.220221,-19.9566,-1.81603,-25.5619,0.646331,-18.9476,-0.658263,-44.5346,18.5752,-28.5913,-0.944894
878,0.0878,9.80433,35.3821,0.277936,90.2614,-0.320219,-0.00846672,-0.053198,-9.54961,0.0715908,-26.7245,18.9291,-1.56436,-3.34051,15.7739,-0.13485,-94.6135,-0.119645,0.00335576,0.0210849,-0.153927,-0.468938,-15.7739,11.0194,-5.37843,-0.0895762,10.9123,0.115204,69.4173,-0.112224,-0.00388706,-0.0244231,-0.699778,0.453998,-10.9123,7.60011,3.91572,-0.216961,8.69591,0.297581,115.458,-0.0883497,-0.00793543,-0.0498598,-8.69591,0.0865303,-0.0382381,0.309578,-0.101655,-3.03398,-4.05165,-0.577413,0.97108,1.19828,-3.30699,2.16246,-6.16686,-0.219654,-19.9599,-1.81715,-25.5652,0.646923,-19.7681,-0.725476,-45.7133,18.3102,-30.4366,-0.53113
879,0.0879,9.8155,35.4782,0.284926,95.2125,-0.320934,-0.00865215,-0.0543631,-9.54465,0.127278,-26.8219,18.9873,-1.61691,-3.37885,15.8752,-0.128679,-90.2844,-0.120414,0.00320222,0.0201201,-0.140436,-0.369707,-15.8752,11.0724,-5.42099,-0.106406,10.914,0.116621,70.271,-0.112241,-0.00393486,-0.0247235,-0.715219,0.412776,-10.914,7.60786,3.90705,-0.24093,8.689,0.296984,115.226,-0.0882795,-0.00791951,-0.0497598,-8.689,0.0842093,-0.0326889,0.30707,-0.102971,-3.03151,-3.89376,-0.492842,-0.158731,0.634316,-4.01734,2.02942,-6.1637,-0.218766,-19.9615,-1.81838,-25.5632,0.646826,-19.6021,-0.58433,-46.9421,17.8033,-31.1975,-0.702605
880,0.088,9.82667,35.5736,0.286844,96.6503,-0.321637,-0.0087063,-0.0547033,-9.54248,0.133847,-26.919,19.0439,-1.6673,-3.41075,15.9787,-0.127041,-89.1349,-0.121199,0.00316145,0.019864,-0.138343,-0.31571,-15.9787,11.1247,-5.46126,-0.120974,10.9128,0.11746,70.7765,-0.112228,-0.00396317,-0.0249013,-0.721981,0.36767,-10.9128,7.61439,3.89812,-0.260742,8.68216,0.296424,115.009,-0.08821,-0.00790459,-0.049666,-8.68216,0.0818867,-0.0275582,0.304746,-0.104167,-3.02903,-3.63538,-0.437155,0.170226,0.708948,-3.46946,1.87788,-6.15613,-0.217683,-19.9606,-1.81938,-25.554,0.645614,-19.334,-0.520991,-46.7094,17.9334,-30.6907,-0.887256
881,0.0881,9.83783,35.6479,0.285079,95.5657,-0.322166,-0.00866244,-0.0544277,-9.54251,0.104736,-26.9953,19.0842,-1.71163,-3.43856,16.0658,-0.128392,-90.0825,-0.12186,0.00319506,0.0200752,-0.148589,-0.293838,-16.0658,11.1632,-5.49456,-0.136691,10.9066,0.117569,70.8423,-0.112165,-0.00396685,-0.0249245,-0.718509,0.318997,-10.9066,7.61849,3.8882,-0.275344,8.67541,0.295902,114.806,-0.0881414,-0.00789065,-0.0495784,-8.67541,0.0795773,-0.0228217,0.302598,-0.10527,-3.02653,-3.59424,-0.413059,-0.386894,0.452367,-3.86717,1.84275,-6.1443,-0.216414,-19.956,-1.81979,-25.5365,0.643424,-19.281,-0.524737,-47.3382,17.7168,-31.1153,-0.952386
882,0.0882,9.849,35.7044,0.279594,91.921,-0.322557,-0.0085208,-0.0535377,-9.5526,0.042195,-27.0541,19.1108,-1.74827,-3.46758,16.1368,-0.132898,-93.2443,-0.122398,0.0033072,0.0207798,-0.178959,-0.303389,-16.1368,11.1879,-5.52058,-0.15943,10.8989,0.117089,70.5526,-0.112086,-0.00395063,-0.0248226,-0.704934,0.268406,-10.8989,7.62225,3.87861,-0.284105,8.66871,0.295404,114.613,-0.0880733,-0.00787737,-0.049495,-8.66871,0.0771777,-0.0183874,0.300582,-0.106297,-3.02405,-3.40253,-0.387931,0.0528485,0.60764,-3.31203,1.74456,-6.12705,-0.214957,-19.9518,-1.8205,-25.5133,0.6399,-19.0822,-0.560693,-46.953,17.8979,-30.5736,-1.08312
883,0.0883,9.86017,35.7285,0.273584,87.9604,-0.322703,-0.0083608,-0.0525325,-9.54883,-0.0142529,-27.0807,19.1132,-1.77182,-3.49038,16.1746,-0.137351,-96.3686,-0.122684,0.00341802,0.021476,-0.205956,-0.305339,-16.1746,11.1876,-5.53484,-0.182232,10.8919,0.116007,69.9006,-0.112013,-0.00391412,-0.0245931,-0.68085,0.216272,-10.8919,7.62694,3.87025,-0.286621,8.66203,0.294929,114.428,-0.0880055,-0.0078647,-0.0494154,-8.66203,0.0748139,-0.0142906,0.298707,-0.107234,-3.02152,-3.71469,-0.452042,-0.521508,0.441553,-4.11447,1.92551,-6.11415,-0.213642,-19.9475,-1.82108,-25.4949,0.637414,-19.3777,-0.679937,-47.5497,17.7337,-31.3812,-0.927452
884,0.0884,9.87133,35.7489,0.267505,84.0701,-0.322835,-0.00818858,-0.0514504,-9.51852,-0.0575178,-27.104,19.1128,-1.78723,-3.49994,16.2041,-0.140683,-98.7062,-0.122908,0.00350093,0.021997,-0.22133,-0.292447,-16.2041,11.1812,-5.54357,-0.200597,10.8894,0.113739,68.5343,-0.111988,-0.00383761,-0.0241124,-0.64173,0.162398,-10.8894,7.63468,3.86445,-0.280361,8.65546,0.294449,114.242,-0.0879388,-0.0078519,-0.0493349,-8.65546,0.0725309,-0.0105245,0.296942,-0.108103,-3.01898,-3.29885,-0.384063,0.347653,0.726466,-2.96508,1.69956,-6.1028,-0.212369,-19.9418,-1.82138,-25.4769,0.635365,-18.9202,-0.65395,-46.6981,18.0179,-30.2292,-1.16502
885,0.0885,9.8825,35.7612,0.260196,79.4579,-0.322908,-0.00797304,-0.0500961,-9.46606,-0.0964114,-27.1192,19.1066,-1.79517,-3.49595,16.2239,-0.143812,-100.902,-0.123059,0.0035788,0.0224863,-0.231696,-0.27599,-16.2239,11.1677,-5.54614,-0.216405,10.8882,0.110034,66.3016,-0.111976,-0.0037126,-0.0233269,-0.585329,0.109395,-10.8882,7.64361,3.85991,-0.263077,8.64903,0.293974,114.058,-0.0878734,-0.00783924,-0.0492554,-8.64903,0.0701843,-0.00701321,0.295273,-0.108945,-3.01647,-3.57772,-0.477762,0.89912,1.05919,-2.84321,1.88914,-6.09447,-0.211214,-19.9429,-1.82308,-25.4687,0.633957,-19.1383,-0.785388,-46.1629,18.3427,-30.1071,-0.972858
886,0.0886,9.89367,35.7674,0.252784,74.802,-0.322928,-0.00775259,-0.048711,-9.40156,-0.124284,-27.1284,19.0969,-1.79934,-3.48027,16.2407,-0.146773,-102.979,-0.123186,0.00365249,0.0229493,-0.239883,-0.258563,-16.2407,11.1517,-5.54488,-0.23083,10.8839,0.106066,63.9107,-0.111932,-0.00357871,-0.0224857,-0.51885,0.0663373,-10.8839,7.65143,3.85528,-0.235464,8.64283,0.293491,113.871,-0.0878104,-0.00782636,-0.0491745,-8.64283,0.0679415,-0.00378795,0.293694,-0.109744,-3.01398,-2.0752,-0.121235,1.35151,0.846963,-0.808466,0.983919,-6.08768,-0.210179,-19.9408,-1.82413,-25.4593,0.632999,-17.5644,-0.455697,-45.7177,18.1197,-28.0671,-1.86335
887,0.0887,9.90483,35.7794,0.2459,70.4506,-0.323003,-0.00755094,-0.047444,-9.32876,-0.138132,-27.1432,19.0909,-1.79852,-3.45587,16.2588,-0.149852,-105.139,-0.123323,0.0037291,0.0234306,-0.242253,-0.237102,-16.2588,11.1367,-5.54139,-0.242601,10.8836,0.102733,61.9025,-0.111928,-0.00346626,-0.0217792,-0.449489,0.0332558,-10.8836,7.662,3.85341,-0.201674,8.63702,0.293019,113.688,-0.0877514,-0.00781379,-0.0490955,-8.63702,0.0657143,-0.000804478,0.292211,-0.110539,-3.01159,-3.51473,-0.455523,0.933131,1.0453,-2.74637,1.84265,-6.0873,-0.209422,-19.9475,-1.82687,-25.4652,0.633485,-18.9308,-0.803077,-46.1575,18.3094,-30.0101,-0.979733
888,0.0888,9.916,35.793,0.240058,66.7555,-0.323104,-0.00738163,-0.0463802,-9.24388,-0.140578,-27.1599,19.0856,-1.79115,-3.41924,16.2736,-0.152622,-107.083,-0.123436,0.00379803,0.0238638,-0.234503,-0.213686,-16.2736,11.1192,-5.53443,-0.247587,10.8883,0.100125,60.3313,-0.111976,-0.00337829,-0.0212264,-0.378209,0.00943702,-10.8883,7.67559,3.85455,-0.162543,8.63117,0.292554,113.507,-0.0876919,-0.00780138,-0.0490175,-8.63117,0.0636709,0.00193955,0.290816,-0.11127,-3.00911,-3.40138,-0.402731,0.402551,0.764595,-3.03722,1.753,-6.08427,-0.208788,-19.9494,-1.82858,-25.4637,0.633388,-18.7295,-0.752098,-46.7067,18.0216,-30.2921,-1.03285
889,0.0889,9.92717,35.8037,0.235744,64.065,-0.323195,-0.00725639,-0.0455933,-9.14376,-0.13524,-27.1738,19.0772,-1.77609,-3.36678,16.2807,-0.154545,-108.433,-0.123489,0.0038459,0.0241645,-0.213673,-0.19141,-16.2807,11.096,-5.52256,-0.242154,10.8976,0.0981972,59.1694,-0.112072,-0.00331322,-0.0208176,-0.304635,-0.00562306,-10.8976,7.69176,3.85846,-0.118034,8.62545,0.292093,113.328,-0.0876339,-0.00778907,-0.0489402,-8.62545,0.0617934,0.00445497,0.289502,-0.111994,-3.00659,-3.0461,-0.297872,-0.19737,0.396429,-3.10909,1.52398,-6.08462,-0.208439,-19.951,-1.83005,-25.4657,0.634111,-18.2745,-0.641551,-47.3222,17.6436,-30.3509,-1.20869
890,0.089,9.93833,35.8053,0.232397,61.9976,-0.323224,-0.00715984,-0.0449866,-9.03333,-0.127,-27.1785,19.0622,-1.75255,-3.30097,16.2761,-0.156034,-109.477,-0.123455,0.00388295,0.0243973,-0.185607,-0.175068,-16.2761,11.0651,-5.50392,-0.229255,10.9092,0.0967909,58.3221,-0.112192,-0.00326578,-0.0205195,-0.22778,-0.0118784,-10.9092,7.7088,3.86409,-0.0675926,8.61994,0.291641,113.153,-0.0875779,-0.00777702,-0.0488645,-8.61994,0.0599461,0.00679773,0.288258,-0.112719,-3.00412,-3.30034,-0.379446,0.195225,0.65006,-3.08245,1.69462,-6.08482,-0.208341,-19.9461,-1.82985,-25.4613,0.634797,-18.4185,-0.714788,-46.9294,17.8824,-30.2963,-0.971547
891,0.0891,9.9495,35.7793,0.231571,61.6351,-0.323044,-0.0071321,-0.0448123,-8.90442,-0.113494,-27.1556,19.026,-1.71736,-3.21493,16.2442,-0.155677,-109.226,-0.123213,0.00387405,0.0243414,-0.140442,-0.162747,-16.2442,11.0142,-5.47427,-0.201167,10.9204,0.0960721,57.8889,-0.112306,-0.00324152,-0.0203671,-0.149276,-0.00908421,-10.9204,7.72474,3.87037,-0.012115,8.6147,0.291176,112.972,-0.0875247,-0.00776463,-0.0487866,-8.6147,0.0583366,0.00894538,0.287065,-0.113459,-3.00165,-3.21074,-0.37367,0.396848,0.727249,-2.82563,1.65452,-6.08599,-0.208541,-19.9452,-1.83006,-25.4618,0.635479,-18.2012,-0.695705,-46.704,17.9232,-30.0048,-0.924934
892,0.0892,9.96067,35.7338,0.23343,63.0528,-0.322713,-0.00718048,-0.0451163,-8.75855,-0.0960535,-27.1131,18.9747,-1.67348,-3.10957,16.1939,-0.153685,-107.829,-0.122831,0.00382449,0.02403,-0.0753748,-0.155136,-16.1939,10.9501,-5.43618,-0.155905,10.9302,0.0964082,58.0915,-0.112407,-0.00325286,-0.0204383,-0.0733698,0.00227404,-10.9302,7.73872,3.87693,0.0456086,8.60981,0.290707,112.79,-0.0874749,-0.00775211,-0.048708,-8.60981,0.0568082,0.0109519,0.285916,-0.114234,-2.99927,-3.19963,-0.341971,-0.640648,0.261984,-3.6299,1.62603,-6.09374,-0.209196,-19.9442,-1.82957,-25.4696,0.637556,-18.0519,-0.647221,-47.698,17.4071,-30.773,-0.845984
893,0.0893,9.97183,35.6873,0.237088,65.6494,-0.322375,-0.00728136,-0.0457501,-8.60631,-0.0752202,-27.0692,18.9224,-1.62546,-2.99337,16.1417,-0.150758,-105.775,-0.122435,0.00375164,0.0235722,-0.000239211,-0.152296,-16.1417,10.8861,-5.39442,-0.101064,10.9403,0.0976154,58.8189,-0.112511,-0.0032936,-0.0206943,-0.00084812,0.0216892,-10.9403,7.75148,3.884,0.104662,8.60523,0.29023,112.605,-0.0874284,-0.0077394,-0.0486281,-8.60523,0.0553865,0.0128344,0.284802,-0.115044,-2.99697,-3.07486,-0.323064,-0.441728,0.322829,-3.33172,1.55988,-6.10271,-0.210179,-19.944,-1.82864,-25.4794,0.639567,-17.7839,-0.608463,-47.4549,17.4166,-30.4366,-0.793923
894,0.0894,9.983,35.6542,0.241845,68.9734,-0.322142,-0.00741347,-0.0465802,-8.43178,-0.0527334,-27.0384,18.8807,-1.5788,-2.85554,16.1022,-0.14717,-103.258,-0.122136,0.00366236,0.0230113,0.100964,-0.15553,-16.1022,10.8341,-5.35411,-0.0252414,10.9508,0.09926,59.8099,-0.112619,-0.00334908,-0.0210429,0.0683603,0.0488221,-10.9508,7.76286,3.89121,0.164543,8.60111,0.289755,112.421,-0.0873865,-0.00772675,-0.0485486,-8.60111,0.053974,0.0146061,0.283728,-0.115899,-2.99484,-3.38801,-0.382962,-0.943626,0.180915,-4.07536,1.73675,-6.11128,-0.211398,-19.9448,-1.82733,-25.4896,0.641084,-17.9311,-0.647094,-47.9269,17.2343,-31.1438,-0.477699
895,0.0895,9.99417,35.6314,0.247181,72.6845,-0.321985,-0.00756142,-0.0475098,-8.24944,-0.037539,-27.0178,18.8483,-1.5338,-2.70447,16.0739,-0.143174,-100.454,-0.121921,0.00356293,0.0223865,0.215548,-0.172925,-16.0739,10.7938,-5.31474,0.0650367,10.9601,0.101067,60.8987,-0.112715,-0.00341005,-0.021426,0.132367,0.082672,-10.9601,7.77182,3.89777,0.223295,8.59736,0.289288,112.24,-0.0873484,-0.00771429,-0.0484703,-8.59736,0.0527143,0.0162565,0.282702,-0.116819,-2.9928,-3.07549,-0.314552,-0.627917,0.235157,-3.47532,1.55239,-6.12118,-0.212729,-19.9467,-1.82567,-25.5024,0.642602,-17.4461,-0.564821,-47.5924,17.2578,-30.5115,-0.509473
896,0.0896,10.0053,35.6277,0.252424,76.3236,-0.321968,-0.00770826,-0.0484324,-8.07853,-0.0334663,-27.0158,18.8317,-1.49422,-2.5551,16.0661,-0.139389,-97.7981,-0.121862,0.00346872,0.0217946,0.328895,-0.205321,-16.0661,10.7723,-5.27963,0.159146,10.9676,0.103013,62.0711,-0.112792,-0.00347571,-0.0218385,0.186595,0.120195,-10.9676,7.77773,3.90321,0.276602,8.59402,0.2888,112.051,-0.0873145,-0.00770127,-0.0483885,-8.59402,0.0516601,0.0178302,0.281679,-0.117804,-2.99085,-3.2488,-0.343824,-0.898025,0.156174,-3.87912,1.64612,-6.13117,-0.213855,-19.9521,-1.82429,-25.5184,0.643995,-17.4585,-0.591146,-47.866,17.1636,-30.8917,-0.264994
897,0.0897,10.0165,35.6547,0.256676,79.2956,-0.322176,-0.00782855,-0.0491883,-7.92895,-0.0442689,-27.0443,18.838,-1.46555,-2.41701,16.092,-0.136362,-95.6746,-0.122058,0.0033934,0.0213214,0.43473,-0.252219,-16.092,10.7779,-5.2535,0.25196,10.9717,0.104751,63.1185,-0.112834,-0.00353436,-0.022207,0.227309,0.157164,-10.9717,7.77948,3.9068,0.320002,8.59099,0.288287,111.852,-0.0872837,-0.0076876,-0.0483026,-8.59099,0.0507854,0.0193547,0.280645,-0.118846,-2.98897,-3.31064,-0.37489,-0.446708,0.379904,-3.59282,1.69549,-6.13264,-0.214224,-19.9581,-1.82326,-25.5254,0.64356,-17.3722,-0.633383,-47.4492,17.3947,-30.5838,-0.0779578
898,0.0898,10.0277,35.7111,0.258773,80.8198,-0.3226,-0.00788801,-0.0495618,-7.81298,-0.0718924,-27.1017,18.8657,-1.44733,-2.30227,16.1498,-0.134721,-94.5232,-0.122497,0.00335256,0.0210648,0.522734,-0.311278,-16.1498,10.8087,-5.23584,0.33483,10.9727,0.105665,63.6691,-0.112844,-0.00356519,-0.0224007,0.25286,0.189756,-10.9727,7.77733,3.90846,0.350371,8.58857,0.287829,111.674,-0.0872592,-0.00767539,-0.0482259,-8.58857,0.0496289,0.0207578,0.279713,-0.119949,-2.98747,-3.27283,-0.380567,-0.164924,0.506125,-3.33259,1.68527,-6.12713,-0.213985,-19.9645,-1.8231,-25.525,0.641738,-17.2129,-0.666444,-47.2312,17.5487,-30.3049,0.0247384
899,0.0899,10.0388,35.7757,0.256358,79.2936,-0.323083,-0.00782652,-0.0491755,-7.71555,-0.119317,-27.167,18.9018,-1.43273,-2.20174,16.2173,-0.136565,-95.8169,-0.123009,0.00339845,0.0213531,0.605466,-0.385253,-16.2173,10.8504,-5.22017,0.415392,10.9718,0.105614,63.6387,-0.112836,-0.00356348,-0.02239,0.265546,0.216986,-10.9718,7.77268,3.90859,0.368839,8.58656,0.287308,111.472,-0.0872387,-0.00766148,-0.0481385,-8.58656,0.0489496,0.0221635,0.278709,-0.121151,-2.98597,-3.1609,-0.34626,-0.58185,0.29872,-3.54043,1.6145,-6.12231,-0.213596,-19.9667,-1.82285,-25.5216,0.640395,-16.9988,-0.679174,-47.7156,17.3777,-30.4948,0.0531581
900,0.09,10.05,35.8475,0.250627,75.5102,-0.323619,-0.00767584,-0.0482287,-7.64185,-0.183647,-27.239,18.9459,-1.42109,-2.11855,16.2923,-0.140984,-98.9176,-0.123577,0.00350842,0.0220441,0.674138,-0.471823,-16.2923,10.9015,-5.20611,0.487612,10.9703,0.104804,63.1506,-0.112819,-0.00353615,-0.0222183,0.268984,0.239968,-10.9703,7.76665,3.90744,0.378546,8.58498,0.286807,111.277,-0.0872226,-0.00764812,-0.0480545,-8.58498,0.0482076,0.023487,0.277756,-0.12242,-2.98471,-3.19233,-0.352185,-0.764156,0.231949,-3.72244,1.63415,-6.11543,-0.212914,-19.9671,-1.82302,-25.5142,0.638836,-16.9496,-0.748746,-47.9703,17.3548,-30.6577,0.154433
901,0.0901,10.0612,35.939,0.243697,70.9033,-0.324302,-0.00749157,-0.0470709,-7.59256,-0.26081,-27.3305,19.0061,-1.41678,-2.0522,16.3878,-0.146244,-102.608,-0.124302,0.00363933,0.0228666,0.72569,-0.567275,-16.3878,10.9699,-5.19791,0.549859,10.9673,0.103554,62.3973,-0.112789,-0.00349397,-0.0219533,0.265577,0.259448,-10.9673,7.75921,3.90481,0.381764,8.58382,0.286387,111.114,-0.0872109,-0.00763693,-0.0479842,-8.58382,0.0470176,0.0246256,0.276956,-0.123682,-2.98383,-3.01875,-0.318447,-0.620975,0.254288,-3.41806,1.53682,-6.10416,-0.211836,-19.9655,-1.82362,-25.5002,0.636509,-16.7155,-0.791093,-47.917,17.4367,-30.335,0.121127
902,0.0902,10.0723,36.0398,0.236234,65.9321,-0.325057,-0.00729193,-0.0458166,-7.5635,-0.347128,-27.4308,19.0756,-1.41627,-1.99938,16.4924,-0.151838,-106.533,-0.125095,0.00377852,0.0237411,0.762174,-0.669108,-16.4924,11.048,-5.1922,0.603265,10.964,0.102055,61.4941,-0.112755,-0.0034434,-0.0216355,0.257815,0.27632,-10.964,7.7513,3.90095,0.380752,8.58349,0.286017,110.971,-0.0872075,-0.00762706,-0.0479222,-8.58349,0.0456603,0.0255736,0.276275,-0.125019,-2.9834,-2.85586,-0.287819,-0.494966,0.272,-3.13946,1.4463,-6.09035,-0.210473,-19.9649,-1.825,-25.4842,0.633768,-16.5097,-0.84542,-47.8906,17.5226,-30.0399,0.0806811
903,0.0903,10.0835,36.1308,0.225434,58.6218,-0.325737,-0.00700866,-0.0440367,-7.53944,-0.451541,-27.5208,19.1429,-1.41511,-1.9489,16.5872,-0.160714,-112.761,-0.125814,0.00399942,0.0251291,0.796961,-0.786899,-16.5872,11.1243,-5.18453,0.657419,10.9601,0.10049,60.5512,-0.112715,-0.0033906,-0.0213038,0.247126,0.290997,-10.9601,7.74302,3.89579,0.376842,8.58352,0.285658,110.831,-0.0872079,-0.00761748,-0.047862,-8.58352,0.0443608,0.0264319,0.275636,-0.126381,-2.98316,-2.96515,-0.311042,-0.671734,0.224445,-3.40039,1.51031,-6.0799,-0.209075,-19.9622,-1.82622,-25.4701,0.632095,-16.5845,-0.971657,-48.1548,17.5412,-30.2856,0.193509
904,0.0904,10.0947,36.1846,0.213468,50.4509,-0.326133,-0.00669698,-0.0420784,-7.54493,-0.557548,-27.5737,19.1935,-1.40746,-1.92155,16.6455,-0.170923,-119.923,-0.126256,0.00425345,0.0267252,0.804553,-0.903894,-16.6455,11.184,-5.16898,0.690855,10.9551,0.098968,59.6339,-0.112664,-0.00333923,-0.020981,0.234521,0.303962,-10.9551,7.73427,3.88918,0.371023,8.58401,0.285422,110.74,-0.0872128,-0.0076112,-0.0478226,-8.58401,0.0423848,0.0268938,0.275271,-0.127662,-2.98342,-2.87115,-0.286794,-0.7164,0.177874,-3.3303,1.45214,-6.07022,-0.207684,-19.9592,-1.82754,-25.4566,0.630738,-16.4863,-1.05203,-48.2493,17.5439,-30.1944,0.161331
905,0.0905,10.1058,36.2036,0.209445,47.8431,-0.326262,-0.00658397,-0.0413683,-7.62315,-0.611789,-27.5915,19.2289,-1.39443,-1.95567,16.67,-0.173297,-121.589,-0.126443,0.00431255,0.0270965,0.741301,-0.967107,-16.67,11.229,-5.14644,0.664691,10.9487,0.09756,58.7855,-0.112598,-0.00329173,-0.0206825,0.22039,0.314802,-10.9487,7.7249,3.88096,0.363496,8.58484,0.285182,110.647,-0.0872212,-0.00760479,-0.0477823,-8.58484,0.0405154,0.0272393,0.27494,-0.128946,-2.98386,-2.74681,-0.26332,-0.593276,0.200939,-3.0941,1.38231,-6.06021,-0.206416,-19.9569,-1.82907,-25.4434,0.629273,-16.4302,-1.08152,-48.1417,17.6008,-29.9319,0.0559157
906,0.0906,10.117,36.1762,0.21027,48.5975,-0.326034,-0.0065924,-0.0414213,-7.7375,-0.640621,-27.5629,19.2392,-1.37459,-2.02116,16.6501,-0.170996,-119.975,-0.126291,0.00425528,0.0267367,0.643765,-1.00134,-16.6501,11.2499,-5.11525,0.609603,10.94,0.0962198,57.978,-0.112508,-0.00324651,-0.0203984,0.20486,0.322576,-10.94,7.71443,3.87078,0.353973,8.58612,0.285046,110.594,-0.0872343,-0.00760117,-0.0477596,-8.58612,0.0381438,0.0271624,0.274871,-0.130115,-2.98473,-2.60224,-0.242297,-0.320012,0.291406,-2.72191,1.30652,-6.05396,-0.205502,-19.9554,-1.8305,-25.435,0.628597,-16.3937,-1.08842,-47.8383,17.7001,-29.5315,-0.0860428
907,0.0907,10.1282,36.1345,0.215546,52.4277,-0.325687,-0.00671148,-0.0421695,-7.86167,-0.646227,-27.5205,19.242,-1.35687,-2.10021,16.6196,-0.164363,-115.32,-0.12606,0.0040902,0.0256995,0.537715,-1.00752,-16.6196,11.2651,-5.08376,0.543675,10.9273,0.0948344,57.1432,-0.112378,-0.00319976,-0.0201047,0.188132,0.326321,-10.9273,7.70175,3.85792,0.342144,8.58752,0.285074,110.605,-0.0872485,-0.00760192,-0.0477643,-8.58752,0.0349716,0.0264496,0.275202,-0.131035,-2.98603,-2.79439,-0.290551,-0.446242,0.294849,-3.04163,1.42529,-6.04957,-0.20496,-19.9519,-1.83109,-25.427,0.62826,-16.7056,-1.14174,-47.9187,17.7058,-29.8255,-0.0466628
908,0.0908,10.1393,36.1114,0.219304,55.1586,-0.325465,-0.00679221,-0.0426767,-7.96343,-0.66808,-27.4973,19.2575,-1.35222,-2.16317,16.6137,-0.159294,-111.764,-0.126015,0.00396406,0.0249069,0.454798,-1.02513,-16.6137,11.296,-5.06208,0.496194,10.9087,0.0933562,56.2525,-0.112186,-0.00314989,-0.0197913,0.170768,0.325886,-10.9087,7.68565,3.84156,0.3283,8.589,0.285242,110.67,-0.0872635,-0.00760638,-0.0477923,-8.589,0.0311664,0.025091,0.27591,-0.131697,-2.98767,-2.49356,-0.215727,-0.67669,0.115601,-2.88949,1.24311,-6.0465,-0.204796,-19.9481,-1.83126,-25.4201,0.628088,-16.5035,-1.0886,-48.1221,17.5418,-29.6618,-0.291972
909,0.0909,10.1505,36.0872,0.220624,56.1313,-0.325215,-0.00681154,-0.0427982,-8.06053,-0.699347,-27.4735,19.2729,-1.35533,-2.22555,16.6138,-0.156732,-109.966,-0.126016,0.00390031,0.0245064,0.376872,-1.04751,-16.6138,11.3305,-5.04432,0.451278,10.8825,0.0917585,55.2898,-0.111917,-0.00309598,-0.0194526,0.153455,0.321622,-10.8825,7.6652,3.82103,0.313023,8.59085,0.285597,110.808,-0.0872823,-0.00761586,-0.0478519,-8.59085,0.0265431,0.0228354,0.277135,-0.132041,-2.98985,-2.49118,-0.226284,-0.593096,0.162506,-2.8211,1.25201,-6.04959,-0.205066,-19.9441,-1.83091,-25.4198,0.629378,-16.6013,-1.1307,-48.0106,17.6045,-29.5962,-0.344164
910,0.091,10.1617,36.0602,0.218306,54.5338,-0.324926,-0.00673992,-0.0423482,-8.13599,-0.766226,-27.4472,19.2873,-1.36713,-2.2674,16.618,-0.157822,-110.731,-0.126048,0.00392744,0.0246768,0.320078,-1.10162,-16.618,11.3677,-5.03143,0.427959,10.8492,0.090099,54.2899,-0.111574,-0.00303999,-0.0191008,0.136906,0.313634,-10.8492,7.6409,3.79647,0.29691,8.59297,0.286029,110.975,-0.0873039,-0.00762737,-0.0479242,-8.59297,0.0217594,0.0199967,0.278643,-0.132165,-2.99227,-2.2801,-0.192744,-0.259107,0.264323,-2.32315,1.13919,-6.05724,-0.205706,-19.9406,-1.83027,-25.4251,0.631661,-16.4733,-1.16468,-47.6469,17.7213,-29.1154,-0.496549
911,0.0911,10.1728,36.0357,0.214034,51.5225,-0.324643,-0.00661971,-0.0415929,-8.20713,-0.852566,-27.4242,19.3056,-1.38805,-2.30461,16.6297,-0.160985,-112.951,-0.126137,0.00400616,0.0251715,0.266575,-1.17134,-16.6297,11.4105,-5.0251,0.409993,10.8108,0.0884138,53.2744,-0.111179,-0.00298313,-0.0187436,0.121508,0.302252,-10.8108,7.61453,3.76899,0.280384,8.59522,0.286605,111.199,-0.0873267,-0.00764274,-0.0480208,-8.59522,0.0165209,0.0162996,0.280605,-0.131936,-2.99498,-2.2447,-0.20165,0.0623027,0.406541,-2.02749,1.13251,-6.06729,-0.206584,-19.942,-1.83043,-25.4377,0.634306,-16.5191,-1.2608,-47.3038,17.8817,-28.8532,-0.537787
912,0.0912,10.184,36.0113,0.208869,47.8429,-0.324357,-0.00647784,-0.0407015,-8.27851,-0.948383,-27.4016,19.3262,-1.41489,-2.33776,16.6424,-0.165201,-115.909,-0.126233,0.00411108,0.0258307,0.21189,-1.2536,-16.6424,11.4542,-5.02377,0.39425,10.7709,0.0867669,52.2821,-0.110769,-0.00292756,-0.0183944,0.107582,0.294282,-10.7709,7.58898,3.74027,0.266134,8.59799,0.287303,111.47,-0.0873548,-0.00766135,-0.0481377,-8.59799,0.0109376,0.011668,0.283023,-0.131385,-2.99814,-2.08493,-0.162204,0.0690424,0.36427,-1.83966,1.03497,-6.08102,-0.20771,-19.9425,-1.82998,-25.4535,0.637659,-16.4445,-1.3183,-47.275,17.8605,-28.7081,-0.665128
913,0.0913,10.1952,35.9694,0.204222,44.504,-0.323953,-0.00634815,-0.0398866,-8.36777,-1.01626,-27.3621,19.3374,-1.4368,-2.38713,16.6324,-0.168903,-118.506,-0.126157,0.00420319,0.0264094,0.140336,-1.31533,-16.6324,11.4827,-5.01999,0.360435,10.7359,0.0850195,51.2291,-0.11041,-0.0028686,-0.018024,0.0930313,0.293757,-10.7359,7.56887,3.7137,0.253969,8.60113,0.288105,111.781,-0.0873868,-0.00768273,-0.048272,-8.60113,0.00531562,0.00622596,0.285829,-0.130507,-3.00153,-2.33544,-0.214636,-0.115893,0.345375,-2.25979,1.17962,-6.09575,-0.208938,-19.9442,-1.82948,-25.4717,0.641057,-16.799,-1.43983,-47.4222,17.8533,-29.1683,-0.566449
914,0.0914,10.2063,35.9294,0.200228,41.5961,-0.323605,-0.00623206,-0.0391572,-8.46804,-1.06432,-27.3254,19.3518,-1.45228,-2.4508,16.6086,-0.171807,-120.543,-0.125977,0.00427545,0.0268634,0.0588964,-1.35649,-16.6086,11.5014,-5.0167,0.31373,10.7162,0.0829331,49.972,-0.110207,-0.00279821,-0.0175817,0.0776176,0.292932,-10.7162,7.56111,3.69352,0.240751,8.60455,0.289101,112.168,-0.0874215,-0.00770931,-0.048439,-8.60455,-0.000763252,-0.000546478,0.289306,-0.129093,-3.00528,-2.27062,-0.202656,0.0439504,0.397679,-2.05796,1.14265,-6.10805,-0.210128,-19.9454,-1.82868,-25.4865,0.643607,-16.8467,-1.4771,-47.2268,17.9208,-28.9968,-0.664544
915,0.0915,10.2175,35.8938,0.197191,39.3316,-0.323343,-0.00613467,-0.0385453,-8.5722,-1.10567,-27.2949,19.3706,-1.45869,-2.52489,16.57,-0.173408,-121.667,-0.125684,0.0043153,0.0271138,-0.0271608,-1.38195,-16.57,11.5088,-5.01311,0.259941,10.7157,0.0802114,48.332,-0.110202,-0.00270638,-0.0170047,0.063072,0.283871,-10.7157,7.56807,3.68135,0.224606,8.60811,0.290387,112.666,-0.0874576,-0.00774359,-0.0486544,-8.60811,-0.00759251,-0.00913982,0.293724,-0.126927,-3.00943,-2.63317,-0.255406,-1.06583,-0.00376322,-3.33378,1.33484,-6.11778,-0.211152,-19.9504,-1.8288,-25.5021,0.645357,-17.3231,-1.57223,-48.3111,17.538,-30.2946,-0.544695
916,0.0916,10.2287,35.8569,0.194577,37.4895,-0.323114,-0.00604285,-0.0379684,-8.67688,-1.13918,-27.2612,19.3865,-1.45707,-2.60824,16.5136,-0.173835,-121.967,-0.125256,0.00432593,0.0271806,-0.116343,-1.38888,-16.5136,11.5021,-5.00739,0.199059,10.7304,0.076978,46.3837,-0.110352,-0.00259728,-0.0163192,0.052308,0.262409,-10.7304,7.58673,3.67537,0.206239,8.61285,0.291434,113.072,-0.0875058,-0.00777151,-0.0488298,-8.61285,-0.0127106,-0.0171637,0.297674,-0.125054,-3.01354,-2.17959,-0.161946,-0.640758,0.0699247,-2.49936,1.07358,-6.1145,-0.211602,-19.9534,-1.82897,-25.5012,0.643917,-16.971,-1.51273,-47.8553,17.6274,-29.4576,-0.89075
917,0.0917,10.2398,35.8381,0.190577,34.8377,-0.323073,-0.00590089,-0.0370764,-8.76988,-1.19204,-27.2455,19.4128,-1.45134,-2.70005,16.4574,-0.173915,-122.023,-0.12483,0.00432792,0.0271931,-0.205679,-1.38316,-16.4574,11.4931,-5.00417,0.134276,10.7622,0.0719683,43.3651,-0.11068,-0.00242825,-0.0152571,0.0543386,0.208445,-10.7622,7.61782,3.67578,0.183641,8.61854,0.292523,113.495,-0.0875636,-0.00780056,-0.0490124,-8.61854,-0.0173286,-0.0258689,0.301899,-0.122941,-3.01797,-2.24229,-0.170709,-0.919418,-0.0343684,-2.79409,1.10709,-6.10823,-0.21165,-19.956,-1.82925,-25.4967,0.641845,-17.1204,-1.5744,-48.1209,17.5492,-29.7421,-0.951111
918,0.0918,10.251,35.8049,0.190333,34.4505,-0.322846,-0.00587984,-0.0369441,-8.86741,-1.19265,-27.2159,19.4302,-1.46162,-2.78158,16.4142,-0.17351,-121.738,-0.124502,0.00431784,0.0271298,-0.294308,-1.36476,-16.4142,11.4909,-5.00686,0.0663249,10.7656,0.0700131,42.1869,-0.110714,-0.00236228,-0.0148426,0.0519551,0.19417,-10.7656,7.63244,3.66547,0.174979,8.62506,0.29383,114.002,-0.0876299,-0.00783539,-0.0492312,-8.62506,-0.0220647,-0.0360898,0.306874,-0.120229,-3.02289,-2.07637,-0.12992,-0.838499,-0.0437047,-2.54838,1.00562,-6.10336,-0.211266,-19.9556,-1.82903,-25.4908,0.640475,-17.0471,-1.53384,-48.01,17.5574,-29.5008,-1.13549
919,0.0919,10.2622,35.8073,0.192059,35.3413,-0.322969,-0.00592188,-0.0372083,-8.96959,-1.16174,-27.2204,19.4701,-1.4628,-2.86128,16.3777,-0.17258,-121.086,-0.124226,0.00429469,0.0269844,-0.380735,-1.33398,-16.3777,11.4907,-5.01306,-0.00360679,10.7967,0.0696843,41.9888,-0.111035,-0.00235119,-0.0147729,0.0439789,0.197658,-10.7967,7.66791,3.66797,0.170269,8.63284,0.294954,114.438,-0.0877089,-0.00786539,-0.0494197,-8.63284,-0.0254155,-0.045871,0.311491,-0.117711,-3.02794,-2.24955,-0.159068,-1.14554,-0.136765,-2.98373,1.09999,-6.09726,-0.210286,-19.956,-1.82943,-25.4843,0.63918,-17.3164,-1.53109,-48.3219,17.5039,-29.9308,-1.12211
920,0.092,10.2733,35.8168,0.19477,36.8266,-0.323177,-0.00599492,-0.0376672,-9.07022,-1.11521,-27.2315,19.5131,-1.45786,-2.94092,16.3364,-0.171462,-120.302,-0.123912,0.00426688,0.0268096,-0.463028,-1.29193,-16.3364,11.4846,-5.01904,-0.0741307,10.8386,0.0700703,42.2214,-0.111466,-0.00236421,-0.0148548,0.0345464,0.205019,-10.8386,7.71202,3.67603,0.166616,8.64174,0.296162,114.907,-0.0877994,-0.00789759,-0.049622,-8.64174,-0.0282976,-0.0564718,0.31647,-0.114856,-3.0334,-2.04266,-0.0939404,-1.38368,-0.307518,-2.94139,0.961734,-6.0844,-0.208435,-19.9538,-1.83013,-25.4678,0.63687,-17.1973,-1.41759,-48.569,17.3755,-29.867,-1.34232
921,0.0921,10.2845,35.8221,0.198386,38.8202,-0.323359,-0.0061009,-0.0383331,-9.17138,-1.05541,-27.2378,19.5512,-1.45019,-3.01816,16.2886,-0.170644,-119.727,-0.12355,0.00424651,0.0266816,-0.540714,-1.24545,-16.2886,11.4713,-5.0242,-0.143167,10.8816,0.0716257,43.1586,-0.111907,-0.00241669,-0.0151845,0.0212364,0.22054,-10.8816,7.75828,3.68576,0.16428,8.6519,0.297404,115.389,-0.0879026,-0.00793072,-0.0498302,-8.6519,-0.0304988,-0.0676391,0.321672,-0.111756,-3.03928,-1.96555,-0.071641,-1.06202,-0.195979,-2.60537,0.909542,-6.07262,-0.206112,-19.9518,-1.83115,-25.4526,0.635283,-17.2096,-1.33316,-48.2516,17.5241,-29.5082,-1.47334
922,0.0922,10.2957,35.8366,0.202144,40.8578,-0.323621,-0.00621373,-0.039042,-9.27218,-0.993881,-27.2527,19.5934,-1.44257,-3.09507,16.2466,-0.170109,-119.352,-0.123231,0.00423321,0.026598,-0.615034,-1.19768,-16.2466,11.4591,-5.03175,-0.210542,10.9265,0.073546,44.3157,-0.11237,-0.00248148,-0.0155916,0.0063517,0.235867,-10.9265,7.8071,3.6975,0.161133,8.6635,0.298707,115.894,-0.0880204,-0.00796546,-0.0500485,-8.6635,-0.0320651,-0.0795555,0.327187,-0.108329,-3.04566,-2.00938,-0.0837389,-1.0329,-0.172907,-2.63151,0.936146,-6.05563,-0.203589,-19.9553,-1.83387,-25.4369,0.632411,-17.3372,-1.28121,-48.2409,17.5866,-29.511,-1.52651
923,0.0923,10.3068,35.8681,0.206086,42.9609,-0.324029,-0.00633416,-0.0397987,-9.37437,-0.933206,-27.2838,19.6449,-1.43455,-3.17226,16.215,-0.169812,-119.144,-0.122991,0.00422581,0.0265516,-0.68755,-1.15078,-16.215,11.4515,-5.04254,-0.276602,10.9764,0.0757859,45.6653,-0.112882,-0.00255705,-0.0160665,-0.0100688,0.250577,-10.9764,7.86025,3.71249,0.157008,8.67675,0.300112,116.439,-0.088155,-0.00800292,-0.0502838,-8.67675,-0.0330065,-0.0923851,0.333115,-0.104498,-3.05266,-1.90384,-0.0592289,-0.989247,-0.185148,-2.47979,0.872219,-6.03773,-0.201442,-19.9539,-1.8357,-25.4157,0.629232,-17.3159,-1.19388,-48.2269,17.624,-29.33,-1.67081
924,0.0924,10.318,35.9203,0.209901,44.925,-0.324621,-0.00645239,-0.0405415,-9.47846,-0.871103,-27.3346,19.7081,-1.42422,-3.25156,16.1937,-0.169856,-119.175,-0.122829,0.00422691,0.0265585,-0.75794,-1.10186,-16.1937,11.4487,-5.05634,-0.342166,11.0347,0.0781052,47.0629,-0.113483,-0.00263531,-0.0165581,-0.0286515,0.263989,-11.0347,7.91985,3.73236,0.150984,8.69187,0.301652,117.037,-0.0883087,-0.00804399,-0.0505419,-8.69187,-0.0332298,-0.106181,0.339505,-0.10023,-3.06038,-2.00708,-0.0739924,-1.15085,-0.236293,-2.72973,0.926042,-6.0207,-0.199786,-19.9493,-1.83689,-25.3924,0.626112,-17.5062,-1.14488,-48.4347,17.6349,-29.5463,-1.6994
925,0.0925,10.3292,35.9769,0.213065,46.4191,-0.325249,-0.00655217,-0.0411685,-9.57831,-0.815544,-27.3888,19.7714,-1.41342,-3.33093,16.1759,-0.170403,-119.558,-0.122694,0.00424052,0.026644,-0.826965,-1.05239,-16.1759,11.4459,-5.07109,-0.407454,11.092,0.0801465,48.2928,-0.114071,-0.00270418,-0.0169909,-0.0422665,0.26947,-11.092,7.97915,3.75317,0.145382,8.70908,0.303322,117.685,-0.0884835,-0.00808851,-0.0508216,-8.70908,-0.032621,-0.120963,0.346357,-0.0954921,-3.06886,-1.97301,-0.062428,-1.44097,-0.36956,-2.92277,0.904557,-6.00966,-0.198748,-19.9447,-1.83776,-25.3759,0.624208,-17.561,-1.07672,-48.7745,17.5641,-29.7121,-1.80217
926,0.0926,10.3403,36.0362,0.216245,47.8623,-0.3259,-0.00665431,-0.0418102,-9.67834,-0.757047,-27.4443,19.8335,-1.40094,-3.4114,16.1595,-0.171264,-120.162,-0.12257,0.00426194,0.0267786,-0.893509,-0.999518,-16.1595,11.4417,-5.08603,-0.472427,11.1481,0.0823814,49.6395,-0.114648,-0.00277959,-0.0174647,-0.0562608,0.273483,-11.1481,8.03811,3.77538,0.139189,8.72857,0.305127,118.385,-0.0886815,-0.00813665,-0.0511241,-8.72857,-0.031013,-0.136665,0.353652,-0.0902847,-3.07816,-1.81923,-0.0443948,-1.17487,-0.279178,-2.53916,0.828917,-6.00283,-0.198232,-19.9372,-1.8375,-25.3613,0.62317,-17.5004,-0.999674,-48.5563,17.7168,-29.3014,-1.95931
927,0.0927,10.3515,36.1012,0.219353,49.2203,-0.326607,-0.0067547,-0.0424411,-9.77613,-0.691356,-27.5037,19.8958,-1.38513,-3.4926,16.1443,-0.172295,-120.886,-0.122455,0.00428761,0.0269399,-0.954469,-0.939051,-16.1443,11.4362,-5.10093,-0.536128,11.2062,0.0845984,50.9754,-0.115246,-0.00285439,-0.0179347,-0.0709959,0.275912,-11.2062,8.09822,3.80041,0.131898,8.75066,0.30705,119.131,-0.088906,-0.00818792,-0.0514462,-8.75066,-0.0282172,-0.153201,0.361338,-0.0846122,-3.08837,-1.69931,-0.0254308,-1.1678,-0.298796,-2.39549,0.76661,-5.9991,-0.19817,-19.9323,-1.83743,-25.3526,0.622622,-17.4745,-0.914957,-48.6038,17.7596,-29.1332,-2.10336
928,0.0928,10.3627,36.1671,0.222105,50.3273,-0.327329,-0.00684285,-0.0429949,-9.86616,-0.619793,-27.5616,19.9545,-1.36587,-3.57196,16.1269,-0.173406,-121.665,-0.122323,0.00431524,0.0271135,-1.0075,-0.869978,-16.1269,11.4271,-5.11463,-0.597152,11.264,0.0864032,52.0629,-0.11584,-0.00291529,-0.0183173,-0.0824728,0.274212,-11.264,8.1579,3.8272,0.125032,8.77619,0.309108,119.93,-0.0891653,-0.0082428,-0.0517911,-8.77619,-0.0240268,-0.170613,0.369443,-0.0784405,-3.09984,-1.60755,-0.013939,-0.954862,-0.223539,-2.12711,0.720548,-5.99853,-0.198545,-19.9304,-1.8375,-25.3503,0.622545,-17.4722,-0.832277,-48.4468,17.8934,-28.8432,-2.22886
929,0.0929,10.3738,36.2302,0.225254,51.6124,-0.328034,-0.00694058,-0.043609,-9.94721,-0.539242,-27.6142,20.0068,-1.34252,-3.64749,16.1044,-0.174369,-122.341,-0.122153,0.00433921,0.0272641,-1.04885,-0.791288,-16.1044,11.4124,-5.12625,-0.65296,11.3196,0.0881073,53.0897,-0.116412,-0.00297279,-0.0186786,-0.0922258,0.270479,-11.3196,8.21582,3.85498,0.118562,8.80613,0.311515,120.864,-0.0894696,-0.00830701,-0.0521945,-8.80613,-0.0184333,-0.19013,0.378614,-0.0712526,-3.11309,-1.61126,-0.00313644,-1.15884,-0.319311,-2.28937,0.713372,-6.00716,-0.199483,-19.9258,-1.83615,-25.3556,0.624591,-17.5656,-0.741862,-48.6988,17.8513,-28.9875,-2.30952
930,0.093,10.385,36.29,0.2292,53.3289,-0.328718,-0.00705893,-0.0443526,-10.0168,-0.450157,-27.6623,20.0531,-1.31513,-3.71647,16.0777,-0.174947,-122.747,-0.12195,0.0043536,0.0273545,-1.07554,-0.704461,-16.0777,11.3925,-5.13601,-0.700736,11.3729,0.0898164,54.1195,-0.11696,-0.00303045,-0.0190409,-0.101856,0.266081,-11.3729,8.27169,3.88386,0.111948,8.83937,0.31433,121.956,-0.0898073,-0.00838207,-0.0526661,-8.83937,-0.0117773,-0.211652,0.388879,-0.0629785,-3.12769,-1.50056,0.0148952,-0.939323,-0.251049,-1.98818,0.653647,-6.01512,-0.200616,-19.9265,-1.83569,-25.3652,0.626205,-17.5324,-0.635878,-48.5281,17.9663,-28.6685,-2.43662
931,0.0931,10.3962,36.3499,0.2343,55.5664,-0.329411,-0.00720811,-0.0452899,-10.0774,-0.356845,-27.7103,20.0956,-1.282,-3.77922,16.0471,-0.17533,-123.016,-0.121718,0.00436314,0.0274144,-1.08891,-0.613703,-16.0471,11.3678,-5.1438,-0.740234,11.4252,0.0915819,55.1834,-0.117498,-0.00309002,-0.0194152,-0.110932,0.260873,-11.4252,8.3261,3.91426,0.105495,8.87755,0.318049,123.399,-0.0901952,-0.00848123,-0.0532891,-8.87755,-0.00401533,-0.238036,0.401737,-0.0524628,-3.14448,-1.54893,0.00874805,-0.990622,-0.26732,-2.07351,0.678093,-6.03135,-0.202083,-19.9274,-1.83467,-25.3842,0.629794,-17.6577,-0.55018,-48.6284,17.9936,-28.7397,-2.47134
932,0.0932,10.4073,36.4068,0.242693,59.1181,-0.330088,-0.00744593,-0.0467841,-10.1315,-0.264292,-27.7686,20.1396,-1.23767,-3.83726,16.0112,-0.175683,-123.263,-0.121446,0.00437192,0.0274696,-1.09171,-0.522506,-16.0112,11.3374,-5.14882,-0.772413,11.4759,0.0934748,56.3239,-0.118019,-0.00315389,-0.0198165,-0.120185,0.255272,-11.4759,8.37845,3.94597,0.0989067,8.91961,0.324901,126.057,-0.0906225,-0.00866395,-0.0544372,-8.91961,0.0029427,-0.281503,0.423744,-0.0348157,-3.16375,-1.39361,0.0460992,-1.05302,-0.336645,-1.94155,0.584732,-6.04531,-0.203494,-19.9273,-1.83329,-25.3997,0.632796,-17.5704,-0.421686,-48.749,17.9697,-28.5789,-2.61973
933,0.0933,10.4185,36.4471,0.249715,62.3751,-0.330609,-0.00764797,-0.0480536,-10.1633,-0.169985,-27.8056,20.1679,-1.19468,-3.8784,15.9705,-0.175454,-123.102,-0.121136,0.00436621,0.0274337,-1.0797,-0.433234,-15.9705,11.3014,-5.15125,-0.792964,11.5236,0.0956209,57.6171,-0.11851,-0.0032263,-0.0202714,-0.130557,0.249639,-11.5236,8.42766,3.97842,0.0917726,8.95305,0.329548,127.86,-0.0909622,-0.00878788,-0.0552158,-8.95305,0.013611,-0.311521,0.438759,-0.0218458,-3.17721,-1.3179,0.049626,-0.713847,-0.198101,-1.58798,0.551267,-6.0552,-0.204698,-19.9264,-1.83166,-25.4098,0.634829,-17.5364,-0.325056,-48.4458,18.1381,-28.1924,-2.6923
934,0.0934,10.4297,36.4819,0.256871,65.721,-0.331072,-0.00785619,-0.0493619,-10.1821,-0.0767076,-27.8381,20.191,-1.14969,-3.90857,15.9299,-0.175341,-123.023,-0.120829,0.0043634,0.027416,-1.05632,-0.347691,-15.9299,11.2643,-5.15206,-0.804419,11.5684,0.0981109,59.1175,-0.11897,-0.00331031,-0.0207993,-0.142183,0.244212,-11.5684,8.4737,4.01146,0.0841738,8.98364,0.334101,129.627,-0.091273,-0.00890928,-0.0559786,-8.98364,0.0267708,-0.339841,0.453042,-0.00908941,-3.18832,-1.49591,0.0248485,-1.23475,-0.380738,-2.20339,0.644671,-6.06121,-0.205602,-19.9257,-1.83031,-25.4158,0.635987,-17.7393,-0.257462,-48.9985,17.98,-28.7688,-2.62791
935,0.0935,10.4408,36.4907,0.265715,69.9957,-0.331329,-0.0081022,-0.0509076,-10.1684,0.00616679,-27.8506,20.1939,-1.09428,-3.91512,15.8669,-0.173886,-122.002,-0.120351,0.00432719,0.0271885,-1.00812,-0.268346,-15.8669,11.2073,-5.14526,-0.79504,11.6112,0.0999139,60.2039,-0.11941,-0.00337115,-0.0211816,-0.147645,0.235908,-11.6112,8.51672,4.04519,0.0792092,9.01268,0.339687,131.794,-0.091568,-0.00905824,-0.0569146,-9.01268,0.0386044,-0.372525,0.469914,0.00579109,-3.19929,-1.31518,0.0549093,-1.02271,-0.324711,-1.83359,0.547027,-6.06536,-0.206183,-19.9252,-1.82929,-25.4199,0.636821,-17.549,-0.145107,-48.7985,18.0399,-28.3477,-2.73128
936,0.0936,10.452,36.4726,0.27338,73.8822,-0.331357,-0.00830211,-0.0521637,-10.1061,0.0771046,-27.8394,20.1762,-1.03324,-3.88997,15.7866,-0.171034,-120.001,-0.119742,0.00425622,0.0267426,-0.935918,-0.194704,-15.7866,11.1351,-5.13162,-0.765519,11.6534,0.0999981,60.2546,-0.119845,-0.00337399,-0.0211994,-0.137673,0.222069,-11.6534,8.55716,4.07971,0.08143,9.03256,0.344416,133.629,-0.09177,-0.00918434,-0.0577069,-9.03256,0.0497394,-0.399396,0.483898,0.0186658,-3.20588,-1.43336,0.0265433,-1.0725,-0.310992,-2.0092,0.618316,-6.06626,-0.206316,-19.9295,-1.82971,-25.4248,0.636929,-17.6058,-0.102668,-48.8414,18.0355,-28.4673,-2.63472
937,0.0937,10.4632,36.4168,0.276694,76.0552,-0.331009,-0.00837948,-0.0526498,-9.99771,0.139031,-27.789,20.134,-0.98184,-3.83392,15.7032,-0.167713,-117.671,-0.119109,0.00417357,0.0262233,-0.848785,-0.129872,-15.7032,11.0597,-5.11457,-0.722143,11.6835,0.0992776,59.8205,-0.120155,-0.00334968,-0.0210467,-0.118765,0.207268,-11.6835,8.58882,4.11072,0.0887912,9.03016,0.345129,133.906,-0.0917456,-0.00920337,-0.0578265,-9.03016,0.061635,-0.402372,0.485459,0.0220109,-3.20056,-1.38872,0.0575363,-1.49852,-0.519999,-2.29303,0.574205,-6.06851,-0.205984,-19.9288,-1.82941,-25.4266,0.637824,-17.4549,-0.00941698,-49.2163,17.7846,-28.7015,-2.62189
938,0.0938,10.4743,36.33,0.275593,76.4132,-0.330342,-0.00833174,-0.0523499,-9.84797,0.194617,-27.7055,20.0725,-0.940813,-3.74963,15.6206,-0.164061,-115.109,-0.118482,0.00408271,0.0256524,-0.75222,-0.0736066,-15.6206,10.9848,-5.09524,-0.668999,11.7025,0.0976007,58.81,-0.12035,-0.0032931,-0.0206911,-0.0888035,0.194383,-11.7025,8.61252,4.1386,0.103646,9.00694,0.342054,132.712,-0.0915098,-0.00912135,-0.0573111,-9.00694,0.0738411,-0.382427,0.475175,0.0158268,-3.18428,-1.13007,0.103,-0.928583,-0.335135,-1.55312,0.430348,-6.06245,-0.204797,-19.9326,-1.8308,-25.4234,0.636985,-17.0405,0.0928204,-48.5666,17.9066,-27.9173,-2.6823
939,0.0939,10.4855,36.238,0.272091,75.6779,-0.32961,-0.0082143,-0.051612,-9.67577,0.243995,-27.6134,20.0062,-0.903148,-3.64691,15.5424,-0.160381,-112.527,-0.11789,0.00399112,0.0250769,-0.650181,-0.0277724,-15.5424,10.9135,-5.07474,-0.608561,11.7191,0.0951273,57.3197,-0.12052,-0.00320965,-0.0201668,-0.0491215,0.18698,-11.7191,8.63322,4.16654,0.126472,8.97647,0.337344,130.885,-0.0912001,-0.00899577,-0.0565221,-8.97647,0.0847871,-0.351936,0.459572,0.00504932,-3.16482,-1.45882,0.0411641,-1.25327,-0.400734,-2.17511,0.613623,-6.05389,-0.202803,-19.9391,-1.83346,-25.42,0.636021,-17.1885,0.0823556,-48.8058,17.7721,-28.4982,-2.39726
940,0.094,10.4967,36.1571,0.268288,74.8352,-0.328965,-0.00808531,-0.0508015,-9.48721,0.284802,-27.5308,19.947,-0.866283,-3.5271,15.4744,-0.156385,-109.723,-0.117374,0.00389167,0.0244521,-0.539234,0.00495495,-15.4744,10.8508,-5.05524,-0.53725,11.7367,0.092235,55.5769,-0.120702,-0.00311206,-0.0195536,-0.00206237,0.186491,-11.7367,8.65303,4.1957,0.156504,8.94592,0.332437,128.981,-0.0908898,-0.00886492,-0.0557,-8.94592,0.0933559,-0.319608,0.443166,-0.0067465,-3.14635,-1.28677,0.0768641,-1.00673,-0.340955,-1.78632,0.512795,-6.04261,-0.200289,-19.9458,-1.83667,-25.4136,0.634622,-16.8166,0.161377,-48.4833,17.7693,-28.0662,-2.37968
941,0.0941,10.5078,36.0943,0.264702,74.0355,-0.328474,-0.00796181,-0.0500255,-9.29245,0.316497,-27.4656,19.8996,-0.828878,-3.39596,15.4188,-0.152476,-106.98,-0.116952,0.0037944,0.0238409,-0.424173,0.0229459,-15.4188,10.7984,-5.03767,-0.458309,11.7577,0.089279,53.7957,-0.120917,-0.00301232,-0.018927,0.0496433,0.19396,-11.7577,8.6733,4.22678,0.192545,8.91792,0.327898,127.22,-0.0906053,-0.00874388,-0.0549394,-8.91792,0.0995913,-0.289157,0.427826,-0.0179854,-3.13019,-1.26661,0.08642,-0.932987,-0.320834,-1.70402,0.494761,-6.02909,-0.197584,-19.9464,-1.83885,-25.3991,0.632901,-16.5881,0.205333,-48.345,17.7399,-27.932,-2.26829
942,0.0942,10.519,36.0543,0.261352,73.2129,-0.328177,-0.00784708,-0.0493046,-9.09937,0.33957,-27.423,19.8676,-0.790875,-3.25882,15.3774,-0.149082,-104.6,-0.116638,0.00370995,0.0233103,-0.310539,0.0260586,-15.3774,10.7584,-5.02305,-0.376016,11.7839,0.0865419,52.1465,-0.121187,-0.00291997,-0.0183467,0.104152,0.209477,-11.7839,8.69519,4.26031,0.233612,8.89299,0.323893,125.666,-0.090352,-0.00863706,-0.0542683,-8.89299,0.104035,-0.261685,0.414095,-0.0281385,-3.11641,-1.29198,0.0838477,-1.0939,-0.386824,-1.86074,0.50636,-6.01155,-0.195232,-19.9479,-1.8414,-25.3809,0.629729,-16.4029,0.228187,-48.4648,17.6394,-28.0325,-2.12273
943,0.0943,10.5302,36.0401,0.258922,72.8251,-0.328102,-0.00776075,-0.0487622,-8.91528,0.355591,-27.4062,19.8534,-0.752929,-3.12029,15.3522,-0.145796,-102.294,-0.116447,0.00362817,0.0227965,-0.203652,0.0154516,-15.3522,10.732,-5.01231,-0.294084,11.8168,0.084324,50.8101,-0.121526,-0.00284514,-0.0178765,0.15941,0.233011,-11.8168,8.71955,4.29658,0.27855,8.87104,0.320394,124.309,-0.090129,-0.00854378,-0.0536822,-8.87104,0.107128,-0.237112,0.401914,-0.0371896,-3.10475,-1.11488,0.109822,-0.897711,-0.336842,-1.51057,0.413273,-5.99045,-0.193214,-19.9459,-1.84346,-25.3556,0.625487,-16.0206,0.272199,-48.2499,17.6731,-27.6191,-2.08153
944,0.0944,10.5413,36.0418,0.256664,72.3358,-0.328171,-0.00768664,-0.0482966,-8.74259,0.36591,-27.4051,19.8504,-0.712795,-2.98297,15.3337,-0.143599,-100.752,-0.116306,0.00357349,0.0224529,-0.104632,-0.0078889,-15.3337,10.713,-5.0029,-0.214604,11.8564,0.0829161,49.9617,-0.121932,-0.00279763,-0.017578,0.213774,0.264644,-11.8564,8.74636,4.33538,0.326524,8.85173,0.317346,123.126,-0.0899328,-0.0084625,-0.0531715,-8.85173,0.109155,-0.215016,0.39107,-0.0452715,-3.09489,-1.24196,0.0745268,-0.935626,-0.314159,-1.68386,0.494833,-5.97646,-0.192009,-19.9424,-1.84463,-25.3368,0.622493,-15.961,0.248427,-48.2831,17.6917,-27.7334,-1.86565
945,0.0945,10.5525,36.062,0.254558,71.7244,-0.328406,-0.00762641,-0.0479182,-8.58673,0.373552,-27.4227,19.8603,-0.672018,-2.85182,15.3249,-0.142703,-100.124,-0.11624,0.00355121,0.0223129,-0.0178075,-0.040841,-15.3249,10.7032,-4.99613,-0.141856,11.9026,0.082566,49.7508,-0.122408,-0.00278582,-0.0175038,0.265574,0.303998,-11.9026,8.77573,4.37657,0.376473,8.83449,0.314695,122.098,-0.0897577,-0.0083918,-0.0527272,-8.83449,0.110396,-0.195184,0.381431,-0.0524516,-3.08644,-1.16974,0.0969373,-1.01693,-0.372556,-1.66898,0.44806,-5.96589,-0.19142,-19.9368,-1.84492,-25.3198,0.619998,-15.7224,0.27907,-48.3764,17.6428,-27.6608,-1.78376
946,0.0946,10.5637,36.0978,0.254075,72.0442,-0.32878,-0.00761703,-0.0478592,-8.45504,0.384914,-27.4559,19.8814,-0.630629,-2.73228,15.3234,-0.141612,-99.3581,-0.116228,0.00352405,0.0221422,0.0488109,-0.077302,-15.3234,10.7011,-4.99155,-0.0819745,11.9553,0.0833344,50.2138,-0.122949,-0.00281175,-0.0176667,0.315375,0.351218,-11.9553,8.8075,4.41978,0.428907,8.81923,0.312352,121.189,-0.0896026,-0.00832932,-0.0523347,-8.81923,0.110998,-0.177261,0.372781,-0.05886,-3.07921,-1.17965,0.0916124,-0.831245,-0.290701,-1.53358,0.457066,-5.9597,-0.191458,-19.934,-1.84524,-25.3103,0.618151,-15.5944,0.285068,-48.2211,17.7454,-27.4746,-1.65706
947,0.0947,10.5748,36.1554,0.25335,71.9898,-0.329335,-0.00761276,-0.0478324,-8.32954,0.391457,-27.5108,19.9171,-0.593089,-2.61081,15.3376,-0.142238,-99.7972,-0.116336,0.00353962,0.0222401,0.112696,-0.125794,-15.3376,10.7117,-4.99258,-0.0217941,12.0122,0.0853065,51.4021,-0.123535,-0.00287829,-0.0180848,0.363357,0.406175,-12.0122,8.84035,4.46409,0.483992,8.80559,0.310281,120.385,-0.089464,-0.0082741,-0.0519877,-8.80559,0.111075,-0.160953,0.36498,-0.0645921,-3.07301,-1.21386,0.0913614,-1.02504,-0.372891,-1.72325,0.472188,-5.95481,-0.191851,-19.9321,-1.84546,-25.3032,0.616505,-15.4982,0.290968,-48.4679,17.6987,-27.6195,-1.52212
948,0.0948,10.586,36.2309,0.25584,73.9684,-0.330028,-0.0077018,-0.0483918,-8.23214,0.40901,-27.5835,19.9645,-0.561325,-2.50465,15.3688,-0.141351,-99.1751,-0.116572,0.00351756,0.0221015,0.152148,-0.170352,-15.3688,10.7357,-4.99911,0.0214283,12.0687,0.0887281,53.4638,-0.124116,-0.00299373,-0.0188102,0.409071,0.468669,-12.0687,8.87088,4.50753,0.541587,8.79335,0.308464,119.68,-0.0893397,-0.00822563,-0.0516831,-8.79335,0.110694,-0.146028,0.357925,-0.0697432,-3.06766,-1.12564,0.112423,-0.835433,-0.320118,-1.47044,0.419194,-5.96096,-0.192994,-19.93,-1.84471,-25.3081,0.617278,-15.3187,0.328439,-48.3489,17.7997,-27.3399,-1.46817
949,0.0949,10.5972,36.3304,0.257726,75.3238,-0.330894,-0.00778823,-0.0489349,-8.14098,0.420241,-27.6808,20.0261,-0.540642,-2.39739,15.428,-0.142636,-100.077,-0.117022,0.00354954,0.0223024,0.190817,-0.227157,-15.428,10.7787,-5.01457,0.0659365,12.1203,0.0935136,56.3473,-0.124647,-0.0031552,-0.0198247,0.450286,0.537377,-12.1203,8.8958,4.54825,0.599571,8.78208,0.306849,119.053,-0.0892252,-0.00818257,-0.0514126,-8.78208,0.11002,-0.132467,0.351558,-0.0743256,-3.0629,-1.23071,0.0985928,-0.996102,-0.371297,-1.7137,0.473612,-5.96695,-0.194247,-19.9301,-1.84427,-25.315,0.618096,-15.3386,0.324586,-48.607,17.8105,-27.5693,-1.30568
950,0.095,10.6083,36.4226,0.259164,76.1901,-0.331679,-0.00787513,-0.0494809,-8.06145,0.424981,-27.7711,20.0816,-0.525969,-2.29369,15.4891,-0.145803,-102.299,-0.117485,0.00362835,0.0227976,0.225087,-0.294744,-15.4891,10.8244,-5.03167,0.109,12.1619,0.0995795,60.0023,-0.125075,-0.00335986,-0.0211106,0.485099,0.610617,-12.1619,8.91147,4.58412,0.655931,8.77163,0.305388,118.486,-0.089119,-0.00814361,-0.0511678,-8.77163,0.109109,-0.120098,0.345767,-0.0784131,-3.05862,-1.14882,0.127645,-1.07786,-0.436844,-1.6841,0.416683,-5.98167,-0.195914,-19.9287,-1.84286,-25.3301,0.621058,-15.1919,0.356712,-48.7777,17.8019,-27.5402,-1.25594
951,0.0951,10.6195,36.4965,0.260872,77.1262,-0.332288,-0.00797586,-0.0501138,-8.0047,0.42978,-27.8433,20.1232,-0.517197,-2.20446,15.5452,-0.149612,-104.971,-0.117911,0.00372314,0.0233932,0.246373,-0.364059,-15.5452,10.868,-5.04831,0.142855,12.1893,0.106421,64.125,-0.125356,-0.00359071,-0.0225611,0.510896,0.685807,-12.1893,8.91468,4.61317,0.707413,8.76197,0.304063,117.972,-0.0890208,-0.00810828,-0.0509458,-8.76197,0.108033,-0.108826,0.3405,-0.0820582,-3.05473,-1.18069,0.111526,-0.986139,-0.380361,-1.64528,0.44436,-5.99582,-0.197574,-19.9274,-1.84113,-25.3446,0.623938,-15.1812,0.343732,-48.7568,17.9017,-27.5071,-1.13616
952,0.0952,10.6307,36.55,0.261843,77.5063,-0.332702,-0.00805817,-0.050631,-7.9734,0.432902,-27.8953,20.1495,-0.515622,-2.13458,15.596,-0.154258,-108.231,-0.118296,0.00383874,0.0241195,0.254837,-0.433151,-15.596,10.9093,-5.06493,0.166782,12.201,0.113228,68.2263,-0.125477,-0.00382037,-0.0240041,0.524728,0.759382,-12.201,8.90456,4.63469,0.749876,8.75297,0.302873,117.511,-0.0889294,-0.00807654,-0.0507464,-8.75297,0.10667,-0.0983291,0.335645,-0.0853779,-3.05124,-1.12914,0.115586,-0.965533,-0.377004,-1.57039,0.421877,-6.00427,-0.198807,-19.9264,-1.83972,-25.3531,0.625713,-15.1068,0.349681,-48.7872,17.9328,-27.4391,-1.08699
953,0.0953,10.6418,36.5864,0.262792,77.8611,-0.332949,-0.00813562,-0.0511176,-7.97312,0.437659,-27.9299,20.1636,-0.523042,-2.09081,15.6434,-0.158596,-111.274,-0.118656,0.0039467,0.0247978,0.246991,-0.494951,-15.6434,10.9505,-5.08342,0.17716,12.1981,0.119506,72.0093,-0.125446,-0.0040322,-0.0253351,0.524762,0.827751,-12.1981,8.88199,4.64889,0.78027,8.74487,0.301882,117.126,-0.0888471,-0.00805012,-0.0505804,-8.74487,0.104859,-0.0883791,0.331189,-0.0885088,-3.04824,-1.11816,0.108606,-0.882484,-0.335418,-1.49053,0.424406,-6.01438,-0.199969,-19.9271,-1.83851,-25.365,0.627821,-15.1057,0.346295,-48.7395,17.9897,-27.3786,-1.03858
954,0.0954,10.653,36.5944,0.263958,78.411,-0.332947,-0.00821199,-0.0515975,-7.99716,0.442746,-27.9362,20.1579,-0.536019,-2.06914,15.6753,-0.162067,-113.71,-0.118897,0.00403307,0.0253405,0.228483,-0.548869,-15.6753,10.9825,-5.10083,0.178325,12.1819,0.125035,75.3407,-0.12528,-0.00421874,-0.0265071,0.511606,0.888834,-12.1819,8.84834,4.65619,0.798072,8.73725,0.30099,116.78,-0.0887697,-0.00802632,-0.0504309,-8.73725,0.102782,-0.0790671,0.32706,-0.0913809,-3.04554,-1.09868,0.104889,-0.939554,-0.35501,-1.51417,0.42031,-6.02048,-0.200638,-19.9296,-1.83811,-25.3742,0.62913,-15.1163,0.346998,-48.8054,17.9648,-27.4244,-1.0197
955,0.0955,10.6642,36.5636,0.265873,79.5442,-0.332614,-0.00830015,-0.0521514,-8.04173,0.457192,-27.9041,20.1246,-0.552404,-2.06984,15.6817,-0.164064,-115.111,-0.118946,0.00408278,0.0256529,0.201151,-0.585074,-15.6817,10.998,-5.11444,0.168958,12.1519,0.129773,78.1955,-0.124972,-0.0043786,-0.0275115,0.487079,0.941674,-12.1519,8.80336,4.65601,0.804182,8.72996,0.300165,116.46,-0.0886956,-0.00800433,-0.0502927,-8.72996,0.100592,-0.0704816,0.323255,-0.0939794,-3.04298,-1.03512,0.112729,-0.846094,-0.326252,-1.36722,0.388046,-6.02427,-0.200855,-19.9321,-1.83813,-25.3807,0.630102,-15.1011,0.369066,-48.6823,17.9602,-27.3003,-1.0517
956,0.0956,10.6753,36.5101,0.268257,81.0799,-0.332066,-0.00839143,-0.0527249,-8.10211,0.4768,-27.8497,20.0737,-0.578326,-2.08958,15.6813,-0.164689,-115.55,-0.118943,0.00409833,0.0257506,0.168415,-0.60624,-15.6813,11.0083,-5.12913,0.15224,12.1059,0.133532,80.4605,-0.124498,-0.00450543,-0.0283085,0.452437,0.984771,-12.1059,8.74565,4.64714,0.798764,8.72296,0.299415,116.169,-0.0886245,-0.00798433,-0.0501671,-8.72296,0.0982689,-0.0625119,0.319744,-0.0963395,-3.04058,-1.09774,0.107643,-0.977651,-0.374891,-1.53783,0.416671,-6.02907,-0.200849,-19.9338,-1.83823,-25.3876,0.631346,-15.2289,0.383595,-48.7611,17.8606,-27.5038,-1.04156
957,0.0957,10.6865,36.4412,0.270142,82.3502,-0.331354,-0.00846019,-0.053157,-8.16831,0.479109,-27.7799,20.0089,-0.616557,-2.11645,15.6827,-0.164749,-115.592,-0.118954,0.00409983,0.02576,0.139487,-0.6326,-15.6827,11.018,-5.14674,0.140465,12.0421,0.136132,82.0272,-0.123843,-0.00459316,-0.0288597,0.408529,1.01603,-12.0421,8.67434,4.6287,0.781499,8.71632,0.29876,115.915,-0.0885571,-0.00796687,-0.0500573,-8.71632,0.0956804,-0.0550018,0.316494,-0.098518,-3.03841,-1.00793,0.126651,-0.827599,-0.33565,-1.31528,0.363473,-6.03013,-0.200326,-19.9372,-1.83934,-25.3921,0.631852,-15.2064,0.405433,-48.5447,17.8339,-27.3239,-1.12112
958,0.0958,10.6977,36.355,0.27099,83.0012,-0.330465,-0.00849179,-0.0533555,-8.23943,0.45611,-27.6931,19.9285,-0.665196,-2.14816,15.6838,-0.164615,-115.498,-0.118962,0.00409649,0.025739,0.113261,-0.67155,-15.6838,11.0247,-5.16549,0.134907,11.9613,0.137437,82.8134,-0.123011,-0.00463718,-0.0291363,0.35719,1.03469,-11.9613,8.5903,4.6008,0.753274,8.70988,0.298169,115.686,-0.0884917,-0.00795111,-0.0499583,-8.70988,0.0929671,-0.0480143,0.313493,-0.100502,-3.03634,-1.07289,0.11473,-0.928973,-0.36418,-1.47063,0.399738,-6.02194,-0.199089,-19.9416,-1.8413,-25.3871,0.630331,-15.3343,0.37175,-48.5637,17.723,-27.5229,-1.11809
959,0.0959,10.7088,36.2582,0.26995,82.4675,-0.329459,-0.00846478,-0.0531858,-8.31998,0.425526,-27.5967,19.8383,-0.723135,-2.19378,15.688,-0.165028,-115.788,-0.118994,0.00410677,0.0258036,0.082488,-0.706489,-15.688,11.031,-5.18573,0.12429,11.8669,0.137433,82.8113,-0.12204,-0.00463706,-0.0291355,0.300853,1.04144,-11.8669,8.49657,4.56476,0.716028,8.70332,0.297546,115.444,-0.088425,-0.00793448,-0.0498538,-8.70332,0.0905708,-0.0417636,0.310714,-0.102173,-3.0341,-1.01369,0.129927,-0.953041,-0.38754,-1.42782,0.363259,-6.0097,-0.197261,-19.939,-1.84219,-25.3709,0.628283,-15.3434,0.358192,-48.4887,17.6085,-27.5219,-1.20224
960,0.096,10.72,36.1623,0.267492,81.0471,-0.328434,-0.00839319,-0.052736,-8.40721,0.386837,-27.5016,19.7466,-0.791018,-2.25076,15.7027,-0.165799,-116.329,-0.119105,0.00412596,0.0259242,0.0482332,-0.737872,-15.7027,11.042,-5.20988,0.109702,11.7628,0.136385,82.1798,-0.12097,-0.0046017,-0.0289133,0.24131,1.03643,-11.7628,8.39647,4.52249,0.671337,8.69676,0.296907,115.196,-0.0883583,-0.00791745,-0.0497468,-8.69676,0.0882775,-0.0360375,0.308101,-0.103636,-3.0318,-1.06428,0.120938,-1.04005,-0.411886,-1.55661,0.391798,-5.99399,-0.194918,-19.9365,-1.84359,-25.3511,0.625718,-15.4655,0.312858,-48.4781,17.4911,-27.6987,-1.23324
961,0.0961,10.7312,36.0709,0.263416,78.5995,-0.327431,-0.0082728,-0.0519796,-8.49439,0.308439,-27.4114,19.6556,-0.865934,-2.3033,15.7262,-0.167191,-117.305,-0.119284,0.00416059,0.0261417,0.0152763,-0.798474,-15.7262,11.0559,-5.23733,0.104973,11.6543,0.134383,80.9733,-0.119855,-0.00453415,-0.0284889,0.180682,1.0206,-11.6543,8.29405,4.47628,0.621117,8.69035,0.296224,114.931,-0.0882932,-0.00789925,-0.0496324,-8.69035,0.0863089,-0.030897,0.305646,-0.104892,-3.02939,-1.00668,0.134889,-1.01557,-0.416772,-1.47572,0.356469,-5.97776,-0.192387,-19.9334,-1.84513,-25.33,0.623231,-15.4788,0.250941,-48.3604,17.3937,-27.6717,-1.3236
962,0.0962,10.7423,35.9293,0.258472,75.6229,-0.326053,-0.00812418,-0.0510457,-8.58445,0.210341,-27.2714,19.5279,-0.927965,-2.35728,15.6977,-0.168685,-118.353,-0.119067,0.00419776,0.0263753,-0.0215483,-0.871283,-15.6977,11.0306,-5.25062,0.101418,11.5475,0.131634,79.3168,-0.118756,-0.00444139,-0.027906,0.121155,0.997113,-11.5475,8.19401,4.42868,0.568225,8.68406,0.295524,114.659,-0.0882293,-0.00788056,-0.049515,-8.68406,0.0845114,-0.0262054,0.303327,-0.106024,-3.02692,-1.06468,0.123037,-1.10381,-0.441274,-1.61226,0.389259,-5.9637,-0.190187,-19.9345,-1.84732,-25.3153,0.621008,-15.6128,0.143192,-48.3097,17.2393,-27.8556,-1.34701
963,0.0963,10.7535,35.7619,0.256309,74.6645,-0.324496,-0.00803915,-0.0505114,-8.67912,0.172975,-27.1058,19.382,-0.980486,-2.4352,15.637,-0.166752,-116.997,-0.118607,0.00414967,0.0260731,-0.0649242,-0.877878,-15.637,10.9811,-5.25518,0.075004,11.4469,0.128253,77.28,-0.117721,-0.00432733,-0.0271894,0.063764,0.967939,-11.4469,8.09979,4.38174,0.5142,8.67796,0.294808,114.382,-0.0881673,-0.00786148,-0.0493951,-8.67796,0.0829142,-0.0219074,0.301128,-0.10704,-3.02441,-0.992834,0.138305,-1.06133,-0.442998,-1.49819,0.346564,-5.95401,-0.188757,-19.9325,-1.84832,-25.3027,0.619441,-15.626,0.122523,-48.0996,17.0907,-27.7813,-1.4692
964,0.0964,10.7647,35.6376,0.258406,76.7547,-0.323294,-0.00805516,-0.050612,-8.76523,0.200373,-26.9835,19.266,-1.04005,-2.52896,15.609,-0.159987,-112.251,-0.118395,0.00398133,0.0250154,-0.103138,-0.812316,-15.609,10.9528,-5.26903,0.0334282,11.3565,0.124314,74.9066,-0.116792,-0.00419443,-0.0263544,0.00993944,0.931067,-11.3565,8.0142,4.33693,0.459413,8.67204,0.294079,114.099,-0.0881071,-0.00784205,-0.0492731,-8.67204,0.0816225,-0.0180009,0.299048,-0.107947,-3.0218,-1.04778,0.124408,-1.10703,-0.449429,-1.596,0.379768,-5.94698,-0.188075,-19.9323,-1.84939,-25.2947,0.618041,-15.76,0.136705,-48.0229,16.9672,-27.9308,-1.53115
965,0.0965,10.7758,35.5372,0.263368,80.888,-0.322242,-0.00813897,-0.0511386,-8.83236,0.268267,-26.8852,19.1664,-1.11501,-2.62773,15.6163,-0.14998,-105.23,-0.11845,0.0037323,0.0234507,-0.127314,-0.69447,-15.6163,10.9473,-5.29166,-0.0121506,11.2546,0.119979,72.294,-0.115744,-0.00404814,-0.0254352,-0.03881,0.882505,-11.2546,7.92205,4.28547,0.403678,8.66623,0.29337,113.824,-0.0880482,-0.00782312,-0.0491541,-8.66623,0.0802319,-0.0142668,0.29705,-0.108823,-3.01926,-0.966305,0.147198,-1.01785,-0.441864,-1.43069,0.326679,-5.94827,-0.188197,-19.9286,-1.84924,-25.2928,0.618425,-15.7469,0.227268,-47.8317,16.8753,-27.8385,-1.68262
966,0.0966,10.787,35.4603,0.270311,86.3999,-0.321313,-0.00827372,-0.0519853,-8.87142,0.393897,-26.8105,19.0846,-1.21168,-2.71549,15.6677,-0.138157,-96.9342,-0.11884,0.00343808,0.0216021,-0.128054,-0.530755,-15.6677,10.9714,-5.32485,-0.0544482,11.132,0.11583,69.7943,-0.114482,-0.00390817,-0.0245557,-0.0827658,0.845593,-11.132,7.81808,4.22281,0.355608,8.6606,0.292638,113.54,-0.087991,-0.00780363,-0.0490316,-8.6606,0.0790596,-0.0108128,0.295125,-0.109647,-3.01665,-1.03909,0.139429,-0.99655,-0.429026,-1.49218,0.361903,-5.95289,-0.188921,-19.9303,-1.84975,-25.2997,0.619196,-15.8634,0.344405,-47.7374,16.8058,-28.0036,-1.73439
967,0.0967,10.7982,35.4452,0.274098,89.771,-0.320873,-0.00832225,-0.0522902,-8.8903,0.496019,-26.7976,19.0462,-1.3207,-2.79384,15.7738,-0.128658,-90.2691,-0.119645,0.00320168,0.0201167,-0.113331,-0.376787,-15.7738,11.0319,-5.37145,-0.0850037,11.0163,0.110809,66.7689,-0.113293,-0.00373876,-0.0234913,-0.121862,0.79496,-11.0163,7.72104,4.16121,0.305247,8.65511,0.291946,113.271,-0.0879352,-0.00778517,-0.0489156,-8.65511,0.0778452,-0.00751321,0.293293,-0.110455,-3.01409,-0.978318,0.157631,-0.963091,-0.436264,-1.39669,0.322255,-5.95938,-0.19024,-19.9254,-1.84803,-25.3023,0.620152,-15.828,0.46341,-47.6861,16.7619,-28.0197,-1.85143
968,0.0968,10.8093,35.5029,0.270213,87.7711,-0.32106,-0.00817944,-0.0513929,-8.9306,0.508891,-26.8575,19.0576,-1.42923,-2.85859,15.9243,-0.126763,-88.9396,-0.120786,0.00315452,0.0198205,-0.119157,-0.3223,-15.9243,11.1201,-5.42847,-0.105045,10.9287,0.105744,63.7166,-0.112392,-0.00356785,-0.0224174,-0.161561,0.754228,-10.9287,7.64603,4.11048,0.257908,8.64988,0.291232,112.994,-0.087882,-0.00776612,-0.048796,-8.64988,0.0769633,-0.0044775,0.291527,-0.111243,-3.01146,-1.04176,0.139523,-1.03328,-0.445169,-1.52391,0.364586,-5.96477,-0.191925,-19.9233,-1.84624,-25.3064,0.620472,-15.9371,0.456489,-47.8141,16.7662,-28.2595,-1.87353
969,0.0969,10.8205,35.5666,0.259666,81.3204,-0.321409,-0.00785174,-0.0493339,-8.98833,0.448055,-26.9234,19.0702,-1.50622,-2.92946,16.0379,-0.129345,-90.7515,-0.121648,0.00321879,0.0202242,-0.143416,-0.324676,-16.0379,11.1789,-5.47332,-0.123911,10.8838,0.0985251,59.367,-0.111931,-0.00332429,-0.0208871,-0.200086,0.696349,-10.8838,7.60143,4.07912,0.203198,8.64483,0.290486,112.705,-0.0878307,-0.00774624,-0.0486711,-8.64483,0.0763829,-0.00163555,0.289793,-0.112016,-3.00875,-0.956419,0.151627,-1.00393,-0.445407,-1.40705,0.321382,-5.97312,-0.193939,-19.9183,-1.84321,-25.3109,0.621425,-15.9179,0.405743,-47.8456,16.7815,-28.2242,-1.98666
970,0.097,10.8317,35.6471,0.248497,74.3453,-0.321993,-0.00751533,-0.0472202,-9.04042,0.375478,-27.0059,19.0928,-1.5577,-2.99603,16.1287,-0.133348,-93.5599,-0.122337,0.0033184,0.0208501,-0.172986,-0.334416,-16.1287,11.2198,-5.50943,-0.145521,10.8783,0.0920642,55.474,-0.111874,-0.0031063,-0.0195174,-0.227329,0.634078,-10.8783,7.58486,4.06457,0.155633,8.6401,0.289781,112.431,-0.0877827,-0.00772743,-0.0485529,-8.6401,0.075816,0.00109272,0.288139,-0.112836,-3.00614,-1.03055,0.128235,-1.04205,-0.43462,-1.52167,0.372622,-5.98302,-0.196016,-19.9195,-1.84126,-25.3231,0.622674,-16.054,0.307697,-47.9675,16.8169,-28.4025,-2.00073
971,0.0971,10.8428,35.7403,0.239612,68.7263,-0.322755,-0.0072581,-0.045604,-9.09154,0.317704,-27.101,19.1234,-1.58936,-3.05519,16.2017,-0.137581,-96.5299,-0.12289,0.00342374,0.021512,-0.204693,-0.342852,-16.2017,11.2465,-5.538,-0.169291,10.903,0.0881317,53.1044,-0.112128,-0.00297361,-0.0186837,-0.25127,0.584993,-10.903,7.59036,4.06231,0.117565,8.63558,0.289061,112.152,-0.0877368,-0.00770823,-0.0484323,-8.63558,0.0755632,0.00368988,0.286511,-0.113678,-3.00347,-0.934143,0.152915,-1.04863,-0.463594,-1.41693,0.313464,-5.99884,-0.198078,-19.9173,-1.83847,-25.3385,0.625673,-16.0245,0.272541,-48.0669,16.8213,-28.3448,-2.11606
972,0.0972,10.854,35.8081,0.234782,65.6012,-0.323292,-0.00713286,-0.0448171,-9.14203,0.300288,-27.1707,19.1382,-1.62089,-3.10358,16.2614,-0.141277,-99.1228,-0.123343,0.0035157,0.0220898,-0.231114,-0.33952,-16.2614,11.263,-5.56001,-0.19266,10.9155,0.0877011,52.845,-0.112257,-0.00295908,-0.0185925,-0.279678,0.56451,-10.9155,7.59029,4.05369,0.0899372,8.63123,0.288358,111.879,-0.0876926,-0.00768948,-0.0483144,-8.63123,0.075298,0.00619786,0.284931,-0.11457,-3.00086,-1.01416,0.13518,-0.99925,-0.42395,-1.46742,0.360975,-6.01073,-0.199708,-19.9269,-1.83866,-25.3608,0.627709,-16.1669,0.235761,-48.0969,16.8756,-28.4491,-2.1149
973,0.0973,10.8652,35.8545,0.231302,63.3491,-0.323634,-0.00704891,-0.0442896,-9.19101,0.301295,-27.2186,19.1396,-1.65296,-3.14827,16.3114,-0.14446,-101.356,-0.123723,0.00359493,0.0225876,-0.252156,-0.328293,-16.3114,11.2721,-5.57643,-0.214318,10.9158,0.0881513,53.1162,-0.112259,-0.00297427,-0.0186879,-0.311624,0.554253,-10.9158,7.58425,4.03901,0.0643048,8.62723,0.287611,111.589,-0.087652,-0.00766957,-0.0481893,-8.62723,0.0753356,0.00861845,0.283333,-0.115527,-2.99825,-0.950788,0.160742,-1.13472,-0.507187,-1.49967,0.313177,-6.02778,-0.201109,-19.9291,-1.83745,-25.3818,0.631391,-16.1696,0.260928,-48.2824,16.795,-28.5345,-2.2037
974,0.0974,10.8763,35.8749,0.229973,62.4447,-0.323753,-0.00703284,-0.0441886,-9.23808,0.319975,-27.2403,19.1247,-1.6819,-3.18812,16.3453,-0.147116,-103.22,-0.123979,0.00366102,0.0230029,-0.265522,-0.309659,-16.3453,11.269,-5.58515,-0.232476,10.906,0.0902234,54.3648,-0.112159,-0.00304419,-0.0191272,-0.348916,0.554215,-10.906,7.57388,4.01982,0.0401359,8.62364,0.286865,111.3,-0.0876155,-0.00764968,-0.0480643,-8.62364,0.0754183,0.0109687,0.28176,-0.116565,-2.99578,-1.00691,0.153552,-1.03732,-0.459111,-1.48279,0.340754,-6.03867,-0.201911,-19.9406,-1.83884,-25.4048,0.633544,-16.2837,0.271615,-48.2182,16.8267,-28.5695,-2.21382
975,0.0975,10.8875,35.8862,0.230086,62.4819,-0.323803,-0.00706231,-0.0443738,-9.28581,0.348905,-27.2522,19.104,-1.70562,-3.22503,16.3698,-0.149317,-104.764,-0.124165,0.00371578,0.023347,-0.272284,-0.288053,-16.3698,11.2587,-5.58847,-0.246506,10.8957,0.0934088,56.2841,-0.112053,-0.00315166,-0.0198025,-0.392782,0.560514,-10.8957,7.56524,4.00059,0.0146904,8.62074,0.285994,110.962,-0.087586,-0.00762644,-0.0479183,-8.62074,0.0764442,0.0132438,0.280072,-0.117735,-2.99321,-1.00057,0.170691,-1.16489,-0.530403,-1.57209,0.322281,-6.04987,-0.202275,-19.9473,-1.83966,-25.4235,0.636072,-16.3362,0.317321,-48.3643,16.734,-28.7012,-2.26667
976,0.0976,10.8987,35.8986,0.231308,63.1682,-0.323903,-0.00712841,-0.0447891,-9.32875,0.389089,-27.2648,19.0848,-1.71575,-3.25876,16.3801,-0.151504,-106.299,-0.124243,0.00377022,0.023689,-0.265863,-0.258702,-16.3801,11.2382,-5.58471,-0.253787,10.9002,0.0975953,58.8068,-0.112099,-0.00329292,-0.02069,-0.444613,0.570973,-10.9002,7.56813,3.98796,-0.01389,8.61827,0.285216,110.66,-0.0875609,-0.00760571,-0.0477881,-8.61827,0.0768174,0.0154778,0.278504,-0.119002,-2.99108,-1.05819,0.157546,-1.10604,-0.490421,-1.59097,0.355903,-6.04988,-0.201922,-19.9564,-1.84173,-25.4321,0.635926,-16.4368,0.344713,-48.3272,16.7527,-28.7389,-2.26693
977,0.0977,10.9098,35.8779,0.232528,63.867,-0.323689,-0.00719358,-0.0451986,-9.3756,0.428258,-27.2437,19.0442,-1.72904,-3.29487,16.3809,-0.153583,-107.757,-0.12425,0.00382195,0.024014,-0.255156,-0.230048,-16.3809,11.2108,-5.57505,-0.257717,10.8803,0.101684,61.2705,-0.111895,-0.00343088,-0.0215568,-0.503815,0.580984,-10.8803,7.55644,3.96643,-0.0479103,8.61663,0.284427,110.354,-0.0875442,-0.00758465,-0.0476558,-8.61663,0.0773221,0.0176051,0.276959,-0.120415,-2.98924,-1.00195,0.172505,-1.14877,-0.522556,-1.56057,0.320364,-6.04666,-0.201125,-19.9531,-1.84151,-25.4254,0.635381,-16.4242,0.399639,-48.3455,16.6802,-28.715,-2.33913
978,0.0978,10.921,35.8664,0.233213,64.2627,-0.323584,-0.00723906,-0.0454843,-9.40269,0.454015,-27.2315,19.0098,-1.7317,-3.32255,16.3758,-0.155475,-109.085,-0.124211,0.00386903,0.0243098,-0.229211,-0.201063,-16.3758,11.1788,-5.56117,-0.250851,10.8754,0.105054,63.3008,-0.111844,-0.00354456,-0.0222711,-0.558301,0.577239,-10.8754,7.55554,3.95134,-0.0841804,8.61518,0.283634,110.046,-0.0875295,-0.00756352,-0.047523,-8.61518,0.0778387,0.0196621,0.275435,-0.121869,-2.98752,-1.06429,0.149462,-1.04502,-0.453244,-1.55051,0.365306,-6.0341,-0.199718,-19.9547,-1.84304,-25.413,0.63262,-16.5011,0.403759,-48.2313,16.7135,-28.6952,-2.32462
979,0.0979,10.9322,35.8531,0.233128,64.1713,-0.323495,-0.00725612,-0.0455915,-9.40562,0.456793,-27.2167,18.9747,-1.72368,-3.33943,16.3582,-0.157229,-110.315,-0.124078,0.00391268,0.0245841,-0.193656,-0.175859,-16.3582,11.1386,-5.54024,-0.235851,10.88,0.107347,64.6825,-0.111891,-0.00362193,-0.0227573,-0.597106,0.555268,-10.88,7.56186,3.94005,-0.116921,8.61486,0.28301,109.804,-0.0875262,-0.00754686,-0.0474183,-8.61486,0.0773838,0.0215134,0.274168,-0.123479,-2.98666,-1.01008,0.166184,-1.10908,-0.498042,-1.54048,0.329683,-6.02214,-0.197984,-19.9475,-1.84305,-25.3928,0.630441,-16.4378,0.424993,-48.2733,16.6336,-28.657,-2.37931
980,0.098,10.9433,35.8227,0.233242,64.1991,-0.323269,-0.00727399,-0.0457038,-9.3973,0.440821,-27.1846,18.9286,-1.7084,-3.34867,16.3259,-0.158496,-111.205,-0.123833,0.00394422,0.0247823,-0.154266,-0.160157,-16.3259,11.0881,-5.51168,-0.214556,10.8821,0.109122,65.7523,-0.111912,-0.00368184,-0.0231337,-0.628384,0.525336,-10.8821,7.56741,3.92846,-0.147692,8.61465,0.282616,109.651,-0.0875241,-0.00753637,-0.0473524,-8.61465,0.0756416,0.0234345,0.273128,-0.125188,-2.98642,-1.08778,0.157637,-1.13146,-0.494627,-1.64879,0.367603,-6.00675,-0.195881,-19.9456,-1.8447,-25.3739,0.627563,-16.4918,0.402577,-48.2616,16.5893,-28.7311,-2.3535
981,0.0981,10.9545,35.7711,0.236381,66.0819,-0.322877,-0.00736473,-0.046274,-9.35768,0.409756,-27.131,18.8682,-1.68542,-3.33665,16.2746,-0.157269,-110.343,-0.123443,0.00391368,0.0245904,-0.0887923,-0.148255,-16.2746,11.0228,-5.47512,-0.171178,10.8812,0.110427,66.5385,-0.111904,-0.00372586,-0.0234102,-0.653657,0.490064,-10.8812,7.57202,3.91654,-0.176592,8.61523,0.283223,109.887,-0.08753,-0.00755256,-0.0474541,-8.61523,0.0679472,0.0248491,0.273366,-0.12684,-2.98888,-1.04965,0.180523,-1.12502,-0.516095,-1.60028,0.331471,-5.99542,-0.193711,-19.9396,-1.84576,-25.3557,0.626058,-16.4028,0.396568,-48.1956,16.5063,-28.6414,-2.37912
982,0.0982,10.9657,35.6962,0.240721,68.646,-0.322289,-0.00748266,-0.0470149,-9.29625,0.363187,-27.0587,18.7972,-1.65379,-3.31062,16.2075,-0.155056,-108.791,-0.122934,0.0038586,0.0242443,-0.0112657,-0.143494,-16.2075,10.9475,-5.43031,-0.115999,10.8766,0.111295,67.0618,-0.111856,-0.00375516,-0.0235944,-0.672839,0.450343,-10.8766,7.57506,3.90402,-0.203212,8.61215,0.284481,110.375,-0.0874987,-0.0075861,-0.0476649,-8.61215,0.0563385,0.0253868,0.274627,-0.127505,-2.99141,-1.24481,0.174443,-1.3626,-0.605025,-2.00718,0.412931,-5.98566,-0.191669,-19.9424,-1.84882,-25.3476,0.624815,-16.5267,0.345961,-48.3637,16.3433,-29.0085,-2.27288
983,0.0983,10.9768,35.6138,0.24539,71.616,-0.321627,-0.0076047,-0.0477818,-9.22671,0.30923,-26.9813,18.7253,-1.61834,-3.27661,16.1387,-0.151702,-106.437,-0.122413,0.00377514,0.0237199,0.0662145,-0.145356,-16.1387,10.8733,-5.38155,-0.0575437,10.8677,0.111792,67.3611,-0.111765,-0.00377192,-0.0236997,-0.685571,0.407181,-10.8677,7.57633,3.8908,-0.22688,8.60736,0.2853,110.692,-0.08745,-0.00760792,-0.047802,-8.60736,0.0474054,0.025143,0.27568,-0.127587,-2.99219,-1.29143,0.209253,-1.54452,-0.717362,-2.1993,0.399638,-5.98177,-0.190094,-19.9389,-1.8502,-25.34,0.62504,-16.4999,0.328389,-48.4647,16.1577,-29.1576,-2.25193
984,0.0984,10.988,35.5512,0.250136,74.7295,-0.321111,-0.0077272,-0.0485515,-9.1283,0.246153,-26.9232,18.6708,-1.58749,-3.2186,16.0915,-0.147907,-103.775,-0.122055,0.0036807,0.0231265,0.16759,-0.15633,-16.0915,10.8175,-5.33733,0.0211413,10.8559,0.112173,67.5907,-0.111643,-0.00378478,-0.0237804,-0.692116,0.362345,-10.8559,7.57656,3.8775,-0.246902,8.60377,0.28587,110.914,-0.0874136,-0.00762313,-0.0478976,-8.60377,0.040138,0.0242413,0.276688,-0.127668,-2.99284,-1.60353,0.217244,-1.70947,-0.792092,-2.6776,0.515881,-5.97597,-0.188937,-19.94,-1.85228,-25.3347,0.624432,-16.7078,0.27446,-48.5726,16.0264,-29.5997,-2.07829
985,0.0985,10.9992,35.5013,0.254868,77.8656,-0.320694,-0.00784883,-0.0493156,-9.00892,0.170139,-26.8772,18.6295,-1.55704,-3.14108,16.0563,-0.143994,-101.03,-0.121787,0.00358334,0.0225148,0.284612,-0.180483,-16.0563,10.7744,-5.29456,0.115263,10.8438,0.112513,67.7957,-0.111519,-0.00379626,-0.0238526,-0.692311,0.316985,-10.8438,7.57732,3.86527,-0.262684,8.60122,0.286349,111.1,-0.0873877,-0.00763591,-0.0479778,-8.60122,0.0336371,0.02282,0.277774,-0.127747,-2.99366,-1.56658,0.245982,-1.44104,-0.721345,-2.41746,0.476568,-5.97878,-0.188658,-19.9389,-1.85304,-25.337,0.625607,-16.5543,0.227463,-48.2572,16.0551,-29.3115,-2.03891
986,0.0986,11.0103,35.4904,0.258564,80.3111,-0.320579,-0.00794302,-0.0499075,-8.87844,0.0783922,-26.8702,18.6192,-1.53435,-3.05163,16.0573,-0.140883,-98.8465,-0.121795,0.0035059,0.0220282,0.405679,-0.220116,-16.0573,10.7603,-5.26163,0.216497,10.834,0.112678,67.895,-0.111418,-0.00380182,-0.0238875,-0.684976,0.270785,-10.834,7.58,3.85505,-0.273641,8.59915,0.286769,111.263,-0.0873666,-0.00764711,-0.0480482,-8.59915,0.0277228,0.0210127,0.278927,-0.127769,-2.99449,-1.50233,0.199203,-1.56558,-0.719828,-2.44451,0.491206,-5.98152,-0.189155,-19.9444,-1.85432,-25.3452,0.626062,-16.3623,0.0884396,-48.3802,16.0451,-29.3241,-1.93436
987,0.0987,11.0215,35.5347,0.260537,81.6112,-0.320892,-0.00798778,-0.0501887,-8.74942,-0.0315085,-26.9189,18.6507,-1.52419,-2.96102,16.1102,-0.13878,-97.3714,-0.122196,0.00345358,0.0216995,0.514073,-0.275003,-16.1102,10.7854,-5.24368,0.312803,10.8274,0.112097,67.5448,-0.111351,-0.00378221,-0.0237643,-0.666433,0.221641,-10.8274,7.58506,3.84709,-0.278499,8.59706,0.287221,111.438,-0.0873454,-0.00765915,-0.0481239,-8.59706,0.0218535,0.0187041,0.280287,-0.127605,-2.99532,-1.5963,0.245583,-1.25354,-0.652169,-2.30282,0.489773,-5.98896,-0.190659,-19.9372,-1.85164,-25.3468,0.627172,-16.3347,0.0234153,-48.1097,16.1469,-29.1738,-1.84407
988,0.0988,11.0327,35.5958,0.259113,80.6445,-0.321351,-0.00793684,-0.0498686,-8.61605,-0.1581,-26.9847,18.6975,-1.5124,-2.86696,16.1735,-0.138837,-97.4113,-0.122676,0.003455,0.0217084,0.611509,-0.344114,-16.1735,10.8217,-5.2274,0.4039,10.8271,0.11025,66.4318,-0.111348,-0.00371988,-0.0233727,-0.632328,0.169921,-10.8271,7.59402,3.8423,-0.274587,8.59523,0.287701,111.624,-0.0873269,-0.00767195,-0.0482043,-8.59523,0.0160922,0.015918,0.281841,-0.127305,-2.99627,-1.74706,0.245488,-0.753993,-0.454593,-2.07941,0.550727,-5.9965,-0.193029,-19.9347,-1.84881,-25.3528,0.627428,-16.3596,-0.105642,-47.6734,16.3941,-28.9446,-1.6888
989,0.0989,11.0438,35.6802,0.254077,77.255,-0.321995,-0.00778455,-0.0489118,-8.4809,-0.29846,-27.0738,18.7641,-1.50376,-2.77058,16.2564,-0.141258,-99.1097,-0.123306,0.00351524,0.0220869,0.694702,-0.427166,-16.2564,10.8753,-5.21629,0.48718,10.8299,0.107098,64.5327,-0.111376,-0.00361354,-0.0227046,-0.581688,0.118368,-10.8299,7.60511,3.83938,-0.26029,8.59391,0.288237,111.832,-0.0873134,-0.00768625,-0.0482941,-8.59391,0.0103376,0.0125546,0.283655,-0.126854,-2.99747,-1.81562,0.287651,-0.642111,-0.459571,-2.06823,0.542365,-6.01334,-0.196416,-19.9291,-1.8439,-25.3662,0.629354,-16.3099,-0.207226,-47.645,16.4606,-28.9382,-1.59886
990,0.099,11.055,35.7641,0.245497,71.4094,-0.322631,-0.00754186,-0.0473869,-8.3346,-0.451303,-27.1619,18.8345,-1.49486,-2.65965,16.3404,-0.146956,-103.108,-0.123943,0.00365705,0.0229779,0.779809,-0.531467,-16.3404,10.9333,-5.20504,0.575486,10.8302,0.103698,62.4838,-0.111379,-0.00349882,-0.0219837,-0.52094,0.0751584,-10.8302,7.61554,3.83656,-0.236194,8.59347,0.288756,112.033,-0.087309,-0.0077001,-0.0483811,-8.59347,0.00500633,0.00881097,0.285578,-0.126371,-2.99894,-1.99722,0.263061,-0.325482,-0.307972,-2.02282,0.636378,-6.02952,-0.200243,-19.9324,-1.84009,-25.3872,0.630439,-16.3614,-0.388485,-47.4198,16.6864,-28.9049,-1.39283
991,0.0991,11.0662,35.872,0.239691,67.4397,-0.323453,-0.00737144,-0.0463161,-8.24752,-0.585021,-27.275,18.9259,-1.48918,-2.58806,16.447,-0.150341,-105.482,-0.124751,0.00374127,0.0235071,0.800227,-0.625496,-16.447,11.0105,-5.19919,0.617246,10.8323,0.100643,60.6432,-0.111401,-0.00339575,-0.0213361,-0.455058,0.0409865,-10.8323,7.62752,3.83555,-0.204955,8.59269,0.289388,112.279,-0.087301,-0.00771696,-0.0484871,-8.59269,-0.000512019,0.00435218,0.287868,-0.125535,-3.00035,-1.81089,0.304025,-0.538684,-0.437521,-1.97973,0.525957,-6.05347,-0.20439,-19.9268,-1.83366,-25.4084,0.633469,-16.1119,-0.485386,-47.7405,16.6547,-28.8773,-1.42863
992,0.0992,11.0773,35.9851,0.232581,62.5135,-0.32433,-0.0071718,-0.0450618,-8.1759,-0.714753,-27.3929,19.0249,-1.48042,-2.5236,16.5528,-0.155407,-109.037,-0.125553,0.00386735,0.0242993,0.801176,-0.724638,-16.5528,11.0919,-5.19329,0.645306,10.8395,0.0979459,59.018,-0.111474,-0.00330475,-0.0207643,-0.384297,0.0156155,-10.8395,7.64265,3.83747,-0.166828,8.59278,0.290043,112.533,-0.0873019,-0.0077344,-0.0485967,-8.59278,-0.00572991,-0.00061336,0.290353,-0.124596,-3.00208,-1.93618,0.269887,-0.261708,-0.288509,-1.90089,0.605434,-6.07205,-0.208051,-19.9372,-1.83095,-25.4387,0.635085,-16.1841,-0.652917,-47.5918,16.9054,-28.82,-1.28308
993,0.0993,11.0885,36.074,0.226173,58.0046,-0.325039,-0.00699421,-0.0439459,-8.12444,-0.830693,-27.4867,19.1121,-1.46033,-2.47098,16.6289,-0.160355,-112.509,-0.126131,0.00399047,0.0250729,0.778897,-0.818908,-16.6289,11.1585,-5.17901,0.655554,10.8514,0.0957519,57.696,-0.111597,-0.00323072,-0.0202992,-0.309705,-0.000933165,-10.8514,7.66049,3.84214,-0.122393,8.59363,0.290776,112.817,-0.0873106,-0.00775396,-0.0487196,-8.59363,-0.0108513,-0.00628258,0.293163,-0.123449,-3.00415,-1.783,0.297349,-0.640332,-0.467811,-2.0265,0.521023,-6.09221,-0.211108,-19.9358,-1.82614,-25.4596,0.637874,-15.9997,-0.744452,-48.0628,16.8182,-28.9464,-1.31209
994,0.0994,11.0997,36.1469,0.223359,55.9358,-0.325636,-0.00691147,-0.043426,-8.14271,-0.896744,-27.5643,19.1958,-1.43437,-2.47388,16.6852,-0.162377,-113.927,-0.126558,0.00404079,0.025389,0.684567,-0.872394,-16.6852,11.2198,-5.16106,0.604701,10.8664,0.0941538,56.7331,-0.111751,-0.0031768,-0.0199604,-0.232006,-0.00851485,-10.8664,7.67968,3.84877,-0.0720165,8.59527,0.291582,113.13,-0.0873272,-0.00777545,-0.0488546,-8.59527,-0.0158352,-0.0126614,0.296293,-0.122082,-3.00656,-1.92793,0.268066,-0.333242,-0.310831,-1.94827,0.605232,-6.09926,-0.212952,-19.9428,-1.8244,-25.4739,0.637941,-16.1699,-0.84163,-47.8404,17.0605,-28.8565,-1.2307
995,0.0995,11.1108,36.1442,0.225975,57.5804,-0.325662,-0.00697095,-0.0437998,-8.19761,-0.909459,-27.5661,19.236,-1.3893,-2.5081,16.6653,-0.159817,-112.131,-0.126407,0.0039771,0.0249888,0.553197,-0.881889,-16.6653,11.2383,-5.12495,0.517977,10.8811,0.0933476,56.2473,-0.111902,-0.0031496,-0.0197895,-0.153035,-0.00699755,-10.8811,7.69797,3.85616,-0.0167477,8.59777,0.292445,113.465,-0.0873526,-0.00779846,-0.0489991,-8.59777,-0.0205719,-0.0197235,0.299715,-0.120508,-3.00933,-1.77644,0.279953,-0.733818,-0.48147,-2.09468,0.535142,-6.10567,-0.21383,-19.9419,-1.82207,-25.48,0.638854,-16.0797,-0.843335,-48.2419,16.9325,-28.964,-1.33411
996,0.0996,11.122,36.1253,0.236895,64.9321,-0.325562,-0.00724631,-0.0455299,-8.30818,-0.836579,-27.5515,19.269,-1.34291,-2.59484,16.6301,-0.150039,-105.271,-0.12614,0.00373375,0.0234599,0.369034,-0.814931,-16.6301,11.2515,-5.0878,0.376311,10.8939,0.0935714,56.3821,-0.112034,-0.00315715,-0.0198369,-0.0759559,0.00330834,-10.8939,7.71403,3.86363,0.0413174,8.60126,0.293362,113.821,-0.087388,-0.00782292,-0.0491529,-8.60126,-0.0249563,-0.0274325,0.303413,-0.118737,-3.01247,-1.86807,0.259763,-0.446474,-0.341395,-1.9748,0.59002,-6.10114,-0.213527,-19.947,-1.8225,-25.4796,0.637667,-16.2774,-0.790344,-47.9449,17.1051,-28.7973,-1.36715
997,0.0997,11.1332,36.1728,0.249256,73.1945,-0.325968,-0.00756526,-0.0475339,-8.39947,-0.737544,-27.6026,19.3455,-1.31918,-2.66895,16.6603,-0.139729,-98.0369,-0.126369,0.00347719,0.0218478,0.208071,-0.730652,-16.6603,11.3095,-5.07387,0.245823,10.9066,0.0946565,57.036,-0.112164,-0.00319376,-0.020067,-0.0016382,0.0219986,-10.9066,7.72865,3.87148,0.101257,8.6059,0.294328,114.195,-0.0874352,-0.00784869,-0.0493147,-8.6059,-0.0288901,-0.0357309,0.30736,-0.116795,-3.01603,-1.74045,0.278258,-0.752934,-0.481614,-2.07473,0.522937,-6.09956,-0.21257,-19.9461,-1.82268,-25.477,0.638006,-16.2395,-0.671856,-48.3016,17.0412,-28.8709,-1.50801
998,0.0998,11.1443,36.2495,0.257564,78.5445,-0.326601,-0.00778779,-0.0489321,-8.44274,-0.661543,-27.6828,19.4391,-1.3066,-2.70006,16.7182,-0.134026,-94.0354,-0.126808,0.00333526,0.0209561,0.0994979,-0.677669,-16.7182,11.3855,-5.07158,0.15782,10.9198,0.0962301,57.9841,-0.1123,-0.00324685,-0.0204006,0.0693079,0.0486205,-10.9198,7.74202,3.87957,0.162108,8.61154,0.29536,114.596,-0.0874925,-0.0078762,-0.0494876,-8.61154,-0.0324946,-0.044794,0.311635,-0.114583,-3.01999,-1.89071,0.240645,-0.607818,-0.382336,-2.13028,0.61484,-6.09321,-0.210982,-19.9554,-1.8261,-25.4787,0.637369,-16.4267,-0.63188,-48.2459,17.2307,-28.9156,-1.44786
999,0.0999,11.1555,36.3007,0.261513,80.795,-0.327041,-0.00790401,-0.0496624,-8.44531,-0.620576,-27.7366,19.513,-1.29039,-2.69019,16.75,-0.132972,-93.2962,-0.127049,0.00330905,0.0207913,0.038355,-0.667146,-16.75,11.4435,-5.06539,0.112427,10.9323,0.0980378,59.0734,-0.112429,-0.00330785,-0.0207838,0.134826,0.0820647,-10.9323,7.75329,3.88721,0.221781,8.61849,0.296448,115.018,-0.0875632,-0.00790521,-0.0496699,-8.61849,-0.0354944,-0.0543712,0.316138,-0.112206,-3.0244,-1.68723,0.292285,-0.855658,-0.537852,-2.09478,0.487449,-6.0926,-0.209326,-19.9537,-1.82757,-25.4765,0.638574,-16.2251,-0.537618,-48.546,17.1475,-28.8617,-1.56417
1000,0.1,11.1667,36.3613,0.261935,80.5421,-0.32755,-0.00793398,-0.0498506,-8.4262,-0.619989,-27.7991,19.5908,-1.28293,-2.652,16.7919,-0.13565,-95.1749,-0.127367,0.00337568,0.02121,0.00971965,-0.701641,-16.7919,11.5085,-5.06704,0.100903,10.9427,0.100012,60.2627,-0.112536,-0.00337444,-0.0212022,0.190835,0.119566,-10.9427,7.76143,3.89373,0.276361,8.62676,0.297573,115.454,-0.0876471,-0.00793521,-0.0498584,-8.62676,-0.0379142,-0.0645245,0.32087,-0.109622,-3.02926,-1.78509,0.256098,-0.731171,-0.44824,-2.10652,0.556291,-6.0829,-0.207435,-19.9614,-1.83157,-25.4731,0.63727,-16.2942,-0.571326,-48.4916,17.311,-28.8625,-1.45844
1001,0.1001,11.1778,36.4072,0.258509,77.5864,-0.327942,-0.00786666,-0.0494277,-8.3867,-0.691412,-27.8462,19.6553,-1.2786,-2.57922,16.8212,-0.142057,-99.6705,-0.127589,0.00353513,0.0222119,0.0161851,-0.808643,-16.8212,11.5641,-5.07018,0.134075,10.9496,0.101796,61.3379,-0.112607,-0.00343465,-0.0215805,0.233508,0.156976,-10.9496,7.76529,3.89838,0.321341,8.6364,0.29877,115.919,-0.0877451,-0.00796714,-0.050059,-8.6364,-0.0397454,-0.0753239,0.325891,-0.106788,-3.03464,-1.65649,0.300749,-0.849506,-0.544967,-2.05482,0.465435,-6.07716,-0.205844,-19.9573,-1.83292,-25.4629,0.637012,-16.1203,-0.596508,-48.653,17.2774,-28.7964,-1.47677
1002,0.1002,11.189,36.4682,0.254539,74.3164,-0.32844,-0.00777851,-0.0488738,-8.38344,-0.759656,-27.9074,19.7279,-1.28577,-2.53564,16.8683,-0.148222,-103.996,-0.127946,0.00368855,0.0231758,0.00337028,-0.909,-16.8683,11.6322,-5.08287,0.151755,10.9524,0.102746,61.9105,-0.112636,-0.00346671,-0.021782,0.260628,0.190234,-10.9524,7.76458,3.90081,0.353084,8.64744,0.300015,116.402,-0.0878572,-0.00800035,-0.0502677,-8.64744,-0.0408891,-0.0866862,0.331147,-0.103714,-3.04048,-1.71582,0.252781,-0.726825,-0.440962,-2.02792,0.530159,-6.06421,-0.204393,-19.9633,-1.8364,-25.4542,0.634414,-16.1635,-0.711268,-48.5975,17.4505,-28.7679,-1.37107
1003,0.1003,11.2002,36.4812,0.249588,70.4417,-0.328571,-0.00765757,-0.048114,-8.40763,-0.831187,-27.9198,19.7652,-1.28504,-2.5144,16.8687,-0.154452,-108.367,-0.12795,0.00384357,0.0241499,-0.0216219,-1.00768,-16.8687,11.6679,-5.08608,0.160257,10.9525,0.102747,61.9107,-0.112637,-0.00346672,-0.0217821,0.273927,0.217736,-10.9525,7.76066,3.90146,0.372129,8.65993,0.301293,116.898,-0.0879842,-0.00803442,-0.0504818,-8.65993,-0.0412398,-0.0984847,0.336576,-0.10043,-3.04679,-1.6022,0.290095,-0.977811,-0.583877,-2.09894,0.45285,-6.0578,-0.203522,-19.9578,-1.83684,-25.442,0.633326,-16.0676,-0.744614,-48.8553,17.3444,-28.826,-1.42823
1004,0.1004,11.2113,36.4742,0.244505,66.5278,-0.328551,-0.00752651,-0.0472905,-8.45779,-0.898134,-27.911,19.7858,-1.28335,-2.51541,16.8488,-0.160104,-112.332,-0.127799,0.00398422,0.0250336,-0.0610504,-1.09799,-16.8488,11.6886,-5.08719,0.156441,10.9513,0.101959,61.4364,-0.112624,-0.00344016,-0.0216152,0.277337,0.2407,-10.9513,7.7549,3.90068,0.381833,8.67408,0.302649,117.424,-0.0881279,-0.00807057,-0.0507089,-8.67408,-0.0408456,-0.11093,0.342297,-0.0968421,-3.05368,-1.6864,0.25442,-0.766267,-0.457914,-2.02967,0.517029,-6.04733,-0.20296,-19.9615,-1.83897,-25.434,0.630636,-16.1915,-0.846673,-48.6388,17.4889,-28.747,-1.36774
1005,0.1005,11.2225,36.4449,0.239987,63.0356,-0.328364,-0.00740547,-0.0465299,-8.53078,-0.948557,-27.8787,19.7879,-1.2793,-2.53866,16.806,-0.164787,-115.618,-0.127474,0.00410077,0.0257659,-0.114563,-1.16935,-16.806,11.6919,-5.08476,0.137484,10.9487,0.100698,60.6762,-0.112597,-0.0033976,-0.0213477,0.274025,0.260389,-10.9487,7.7477,3.89842,0.38518,8.69024,0.304077,117.978,-0.0882921,-0.00810864,-0.0509481,-8.69024,-0.0395995,-0.123978,0.348287,-0.0929622,-3.06133,-1.6483,0.269203,-1.0404,-0.584648,-2.20469,0.489423,-6.04203,-0.202896,-19.9581,-1.83895,-25.4249,0.629093,-16.2211,-0.88225,-48.8772,17.3643,-28.9089,-1.42015
1006,0.1006,11.2337,36.4004,0.236347,60.1338,-0.328063,-0.00730449,-0.0458955,-8.6226,-0.974752,-27.8295,19.7761,-1.27397,-2.58285,16.7469,-0.168516,-118.235,-0.127026,0.00419357,0.026349,-0.180352,-1.2151,-16.7469,11.682,-5.07994,0.102467,10.9448,0.0992082,59.7787,-0.112557,-0.00334734,-0.0210319,0.266472,0.277861,-10.9448,7.73938,3.89465,0.384536,8.70872,0.305654,118.59,-0.0884798,-0.00815072,-0.0512125,-8.70872,-0.0375091,-0.137841,0.354701,-0.0886808,-3.06986,-1.68123,0.257553,-0.860416,-0.498575,-2.10182,0.512407,-6.03492,-0.203097,-19.959,-1.8395,-25.4179,0.626729,-16.3388,-0.920296,-48.649,17.4381,-28.7937,-1.44372
1007,0.1007,11.2448,36.3467,0.233356,57.6405,-0.327698,-0.00721953,-0.0453617,-8.72745,-0.989419,-27.7698,19.7543,-1.2681,-2.63986,16.6766,-0.171712,-120.477,-0.126492,0.00427309,0.0268486,-0.25353,-1.24809,-16.6766,11.6619,-5.0739,0.0586053,10.9403,0.0976664,58.8496,-0.112511,-0.00329532,-0.0207051,0.255939,0.293256,-10.9403,7.73067,3.88959,0.381012,8.72986,0.307402,119.268,-0.0886946,-0.00819731,-0.0515052,-8.72986,-0.0345838,-0.15299,0.361721,-0.0837929,-3.07948,-1.65462,0.286362,-1.03758,-0.603774,-2.21106,0.476626,-6.03374,-0.203661,-19.9551,-1.83853,-25.4129,0.625819,-16.4158,-0.906718,-48.7625,17.312,-28.8921,-1.53741
1008,0.1008,11.256,36.2987,0.231417,55.7763,-0.327382,-0.00716147,-0.0449969,-8.84328,-0.993548,-27.7146,19.7327,-1.26544,-2.70737,16.6097,-0.174213,-122.232,-0.125985,0.00433533,0.0272397,-0.33223,-1.26956,-16.6097,11.6415,-5.07053,0.00778246,10.9348,0.0961412,57.9306,-0.112454,-0.00324386,-0.0203817,0.243203,0.306748,-10.9348,7.72146,3.88309,0.375284,8.75425,0.309488,120.077,-0.0889424,-0.00825295,-0.0518548,-8.75425,-0.0307396,-0.170115,0.36976,-0.0779986,-3.09044,-1.71527,0.260998,-0.889938,-0.517879,-2.16188,0.521615,-6.03716,-0.204507,-19.9617,-1.83951,-25.423,0.625786,-16.5957,-0.937057,-48.5662,17.3754,-28.8503,-1.55997
1009,0.1009,11.2672,36.2614,0.230535,54.5166,-0.327154,-0.00713155,-0.0448088,-8.96921,-0.986732,-27.6682,19.7146,-1.26683,-2.78467,16.5509,-0.176179,-123.611,-0.125539,0.00438425,0.027547,-0.414859,-1.27926,-16.5509,11.6242,-5.07065,-0.0491198,10.9276,0.0947372,57.0846,-0.11238,-0.00319648,-0.0200841,0.228628,0.317946,-10.9276,7.7114,3.8749,0.367576,8.78298,0.311977,121.043,-0.0892343,-0.00831931,-0.0522718,-8.78298,-0.0254195,-0.189733,0.379052,-0.0710767,-3.10313,-1.60811,0.271761,-1.2023,-0.656512,-2.28717,0.469186,-6.0451,-0.205524,-19.9599,-1.83831,-25.4302,0.627118,-16.6224,-0.920495,-48.8304,17.2198,-28.9842,-1.68837
1010,0.101,11.2783,36.2312,0.230575,53.7108,-0.326984,-0.00712673,-0.0447786,-9.10345,-0.968326,-27.6277,19.6976,-1.27082,-2.8702,16.4968,-0.177927,-124.838,-0.125129,0.00442777,0.0278205,-0.499208,-1.27743,-16.4968,11.6075,-5.07305,-0.11079,10.9176,0.0934663,56.3188,-0.112278,-0.0031536,-0.0198147,0.212514,0.326018,-10.9176,7.69987,3.86461,0.357816,8.81675,0.315036,122.23,-0.0895775,-0.0084009,-0.0527844,-8.81675,-0.0169156,-0.213315,0.390255,-0.0623856,-3.11722,-1.64909,0.247486,-1.0383,-0.562483,-2.20592,0.506445,-6.04756,-0.206391,-19.9627,-1.83807,-25.4356,0.627079,-16.8001,-0.927231,-48.6287,17.2971,-28.9123,-1.73668
1011,0.1011,11.2895,36.1967,0.235414,54.8183,-0.326789,-0.00725025,-0.0455546,-9.24682,-0.946081,-27.6005,19.6837,-1.26637,-2.96669,16.4356,-0.179566,-125.987,-0.124664,0.00446854,0.0280766,-0.583858,-1.26493,-16.4356,11.5831,-5.07414,-0.176054,10.903,0.0922716,55.599,-0.112127,-0.00311329,-0.0195614,0.195204,0.330331,-10.903,7.68562,3.8514,0.345967,8.85817,0.322708,125.207,-0.0899982,-0.00860549,-0.0540699,-8.85817,-0.0114775,-0.262005,0.414941,-0.0436287,-3.13661,-1.5033,0.273629,-1.07469,-0.604408,-2.07082,0.425773,-6.05269,-0.207235,-19.9577,-1.83615,-25.4365,0.628113,-16.8028,-0.879687,-48.6329,17.2431,-28.7737,-1.91281
1012,0.1012,11.3007,36.1526,0.239275,55.4855,-0.326507,-0.00734802,-0.0461689,-9.39401,-0.931939,-27.5569,19.6575,-1.26675,-3.06945,16.3705,-0.181398,-127.273,-0.12417,0.00451414,0.0283632,-0.670906,-1.25193,-16.3705,11.5532,-5.0745,-0.243365,10.8817,0.0910802,54.881,-0.111909,-0.00307309,-0.0193088,0.177296,0.33074,-10.8817,7.66746,3.83446,0.332325,8.9004,0.329593,127.878,-0.0904273,-0.00878907,-0.0552233,-8.9004,-0.0107482,-0.30476,0.436833,-0.0267097,-3.15841,-1.57496,0.240331,-1.04277,-0.556015,-2.12784,0.483755,-6.05406,-0.207863,-19.964,-1.83697,-25.444,0.628195,-17.023,-0.899471,-48.5638,17.2645,-28.8386,-1.9575
1013,0.1013,11.3118,36.1072,0.239501,54.7765,-0.326171,-0.00734795,-0.0461686,-9.53298,-0.903252,-27.4996,19.6237,-1.28338,-3.17032,16.3204,-0.183062,-128.44,-0.123791,0.00455554,0.0286233,-0.758231,-1.22745,-16.3204,11.5315,-5.07926,-0.314459,10.8527,0.0897975,54.1082,-0.11161,-0.00302982,-0.0190369,0.159381,0.326992,-10.8527,7.64469,3.81324,0.317122,8.93413,0.332766,129.109,-0.09077,-0.00887368,-0.055755,-8.93413,-0.00279481,-0.326505,0.447513,-0.0173587,-3.17298,-1.41445,0.271017,-1.11578,-0.618662,-2.00216,0.392911,-6.06505,-0.20863,-19.9646,-1.83659,-25.4568,0.63092,-17.0125,-0.840865,-48.58,17.1684,-28.7423,-2.14649
1014,0.1014,11.323,36.0606,0.239952,54.27,-0.325785,-0.00735196,-0.0461937,-9.65879,-0.855597,-27.4462,19.592,-1.30899,-3.2702,16.2844,-0.184255,-129.277,-0.123518,0.00458523,0.0288098,-0.839648,-1.18227,-16.2844,11.5175,-5.08821,-0.387704,10.8149,0.0883666,53.246,-0.111222,-0.00298154,-0.0187335,0.142145,0.319243,-10.8149,7.61691,3.7873,0.300838,8.96128,0.33584,130.301,-0.0910459,-0.00895565,-0.05627,-8.96128,0.00743137,-0.346855,0.457567,-0.00807962,-3.18333,-1.48924,0.245179,-0.892927,-0.50407,-1.90349,0.444176,-6.06862,-0.209059,-19.9696,-1.8375,-25.4656,0.631651,-17.2166,-0.819477,-48.3087,17.2505,-28.678,-2.19437
1015,0.1015,11.3342,36.0148,0.239482,53.5325,-0.325376,-0.0073316,-0.0460658,-9.77061,-0.787349,-27.3897,19.5595,-1.345,-3.36339,16.2604,-0.185119,-129.883,-0.123336,0.00460673,0.0289449,-0.913727,-1.12244,-16.2604,11.51,-5.10078,-0.460257,10.7709,0.0870419,52.4478,-0.110769,-0.00293684,-0.0184527,0.126621,0.31399,-10.7709,7.58633,3.75767,0.286745,8.98351,0.337558,130.968,-0.0912717,-0.00900148,-0.056558,-8.98351,0.0210982,-0.35837,0.463104,-0.00189612,-3.18987,-1.3313,0.283568,-0.824802,-0.522904,-1.66106,0.346119,-6.07637,-0.209479,-19.9661,-1.83639,-25.4709,0.633571,-17.1783,-0.713259,-48.1806,17.2002,-28.477,-2.3837
1016,0.1016,11.3453,35.9824,0.241077,53.8273,-0.325075,-0.00736565,-0.0462798,-9.87118,-0.695911,-27.3505,19.5382,-1.38228,-3.45166,16.2473,-0.1853,-130.01,-0.123237,0.00461123,0.0289732,-0.975295,-1.04473,-16.2473,11.5082,-5.11659,-0.529181,10.7274,0.0857946,51.6962,-0.110322,-0.00289476,-0.0181883,0.111703,0.312219,-10.7274,7.55804,3.72738,0.274381,9.00759,0.340583,132.142,-0.0915164,-0.00908213,-0.0570647,-9.00759,0.0365968,-0.375749,0.471976,0.00693424,-3.19686,-1.40477,0.262492,-0.644915,-0.429854,-1.59693,0.392383,-6.07667,-0.209555,-19.9703,-1.83719,-25.4751,0.633508,-17.3526,-0.642974,-47.9657,17.2712,-28.4544,-2.42577
1017,0.1017,11.3565,35.9565,0.246125,55.9052,-0.324819,-0.00749099,-0.0470673,-9.94977,-0.581249,-27.3307,19.5295,-1.41776,-3.52965,16.2426,-0.18421,-129.246,-0.1232,0.00458412,0.0288029,-1.01714,-0.946432,-16.2426,11.5106,-5.13487,-0.5897,10.6852,0.0847588,51.0721,-0.109888,-0.00285981,-0.0179687,0.0960817,0.315877,-10.6852,7.53264,3.6972,0.263648,9.02871,0.345577,134.079,-0.091731,-0.0092153,-0.0579014,-9.02871,0.0493051,-0.402922,0.486305,0.0199148,-3.2036,-1.28069,0.296931,-0.726716,-0.502023,-1.51961,0.312216,-6.08084,-0.209617,-19.9658,-1.83613,-25.4756,0.634616,-17.3113,-0.493936,-48.0232,17.1914,-28.4129,-2.58282
1018,0.1018,11.3677,35.9389,0.243435,54.386,-0.324588,-0.00739271,-0.0464498,-9.99917,-0.501327,-27.3145,19.5278,-1.46715,-3.60382,16.2616,-0.183313,-128.617,-0.123344,0.0045618,0.0286626,-1.0539,-0.852243,-16.2616,11.528,-5.15943,-0.645497,10.6516,0.0812322,48.9471,-0.109542,-0.00274082,-0.0172211,0.0804597,0.293545,-10.6516,7.51421,3.67087,0.241265,9.02573,0.345516,134.056,-0.0917006,-0.00921369,-0.0578913,-9.02573,0.0573709,-0.401311,0.485545,0.0214073,-3.19958,-1.3239,0.276922,-0.629124,-0.438126,-1.49448,0.34649,-6.0784,-0.209445,-19.9702,-1.83724,-25.477,0.633841,-17.4015,-0.43385,-47.9138,17.2524,-28.4386,-2.62348
1019,0.1019,11.3788,35.9348,0.235679,50.6465,-0.324464,-0.00716258,-0.0450038,-10.0221,-0.429274,-27.3087,19.5375,-1.52102,-3.65952,16.2928,-0.183377,-128.662,-0.123581,0.00456339,0.0286726,-1.09088,-0.768881,-16.2928,11.5518,-5.18723,-0.698864,10.6426,0.0779222,46.9526,-0.10945,-0.00262914,-0.0165193,0.0681321,0.269375,-10.6426,7.51466,3.65431,0.220767,8.99932,0.341134,132.355,-0.0914323,-0.00909683,-0.0571571,-8.99932,0.0702316,-0.373218,0.47108,0.0119031,-3.18143,-1.25693,0.296747,-0.715642,-0.495498,-1.48992,0.302943,-6.07273,-0.209141,-19.965,-1.83634,-25.4658,0.632416,-17.3517,-0.341669,-47.9893,17.2057,-28.4767,-2.72416
1020,0.102,11.39,35.9198,0.224785,45.2498,-0.324248,-0.00682594,-0.0428887,-10.0039,-0.386341,-27.2926,19.5397,-1.57498,-3.70905,16.3171,-0.182753,-128.224,-0.123766,0.00454786,0.0285751,-1.10347,-0.672579,-16.3171,11.5685,-5.21302,-0.738622,10.6361,0.0715572,43.1173,-0.109383,-0.00241438,-0.01517,0.0661669,0.204274,-10.6361,7.51731,3.63834,0.190079,8.96658,0.335981,130.356,-0.0910997,-0.00895943,-0.0562938,-8.96658,0.0819649,-0.339445,0.453868,-0.000295171,-3.16051,-1.31125,0.277371,-0.662387,-0.453051,-1.51338,0.341644,-6.05703,-0.208579,-19.9606,-1.83579,-25.4441,0.628378,-17.3722,-0.317549,-47.9156,17.2508,-28.5325,-2.73903
1021,0.1021,11.4012,35.9059,0.219836,43.3489,-0.324167,-0.00668789,-0.0420213,-9.97992,-0.285966,-27.2777,19.5424,-1.5946,-3.72975,16.2959,-0.1822,-127.836,-0.123605,0.00453409,0.0284886,-1.10389,-0.574688,-16.2959,11.5502,-5.2242,-0.77041,10.6747,0.0708394,42.6848,-0.109779,-0.00239016,-0.0150178,0.059339,0.198252,-10.6747,7.55458,3.64175,0.182437,8.93538,0.331196,128.5,-0.0907827,-0.00883183,-0.055492,-8.93538,0.0904703,-0.307213,0.437619,-0.0121502,-3.14177,-1.25139,0.285858,-0.702961,-0.478907,-1.48476,0.311566,-6.03667,-0.207982,-19.9473,-1.83322,-25.4088,0.623219,-17.268,-0.20809,-47.928,17.2303,-28.4881,-2.79496
1022,0.1022,11.4123,35.8704,0.215358,41.5526,-0.323929,-0.00656775,-0.0412664,-9.96725,-0.19218,-27.2406,19.5281,-1.60353,-3.75157,16.25,-0.1823,-127.906,-0.123257,0.00453658,0.0285042,-1.11054,-0.489668,-16.25,11.5118,-5.22626,-0.803023,10.7128,0.07071,42.6069,-0.110171,-0.00238579,-0.0149904,0.0509365,0.200963,-10.7128,7.59329,3.64572,0.177353,8.90765,0.326948,126.851,-0.090501,-0.00871854,-0.0547802,-8.90765,0.0965249,-0.277897,0.422971,-0.0229927,-3.1259,-1.25968,0.266628,-0.709508,-0.458957,-1.50657,0.33262,-6.02037,-0.20764,-19.941,-1.83188,-25.3846,0.618822,-17.2473,-0.133192,-47.8912,17.2372,-28.4947,-2.80013
1023,0.1023,11.4235,35.8328,0.212317,40.5828,-0.32368,-0.00648533,-0.0407486,-9.93876,-0.0988966,-27.2008,19.5105,-1.60853,-3.76134,16.2002,-0.181619,-127.428,-0.122879,0.00451964,0.0283977,-1.09772,-0.404126,-16.2002,11.4685,-5.22605,-0.821334,10.749,0.0706939,42.5971,-0.110544,-0.00238525,-0.014987,0.0425977,0.204419,-10.749,7.63202,3.6502,0.17269,8.88364,0.323242,125.414,-0.090257,-0.00861972,-0.0541593,-8.88364,0.10081,-0.251649,0.409973,-0.0326867,-3.11269,-1.22377,0.266136,-0.743558,-0.472116,-1.49614,0.318962,-6.01341,-0.207737,-19.9367,-1.83049,-25.3726,0.61661,-17.1759,-0.0404983,-47.8811,17.2079,-28.4773,-2.82577
1024,0.1024,11.4347,35.7982,0.211195,40.5917,-0.323474,-0.00647023,-0.0406537,-9.91105,0.010652,-27.1635,19.495,-1.60597,-3.76267,16.1455,-0.181633,-127.438,-0.122464,0.00451999,0.0283999,-1.07479,-0.320505,-16.1455,11.4206,-5.22232,-0.832603,10.7897,0.0727853,43.8573,-0.110963,-0.00245581,-0.0154303,0.0267018,0.227335,-10.7897,7.67586,3.65761,0.171678,8.86296,0.320043,124.172,-0.0900469,-0.00853441,-0.0536233,-8.86296,0.103821,-0.228247,0.398503,-0.0412666,-3.10174,-1.22362,0.264397,-0.746262,-0.472718,-1.49828,0.320075,-6.01126,-0.208162,-19.9347,-1.8292,-25.3683,0.61543,-17.1459,0.0668876,-47.8444,17.1931,-28.4725,-2.82716
1025,0.1025,11.4458,35.7519,0.212263,42.0278,-0.323207,-0.00650879,-0.0408959,-9.8557,0.108536,-27.1142,19.4673,-1.59092,-3.74264,16.069,-0.179686,-126.071,-0.121884,0.00447152,0.0280954,-1.02099,-0.242423,-16.069,11.3532,-5.21123,-0.818375,10.8379,0.0746992,45.0106,-0.111458,-0.00252039,-0.0158361,0.0103313,0.245064,-10.8379,7.72571,3.66915,0.168326,8.84504,0.31725,123.089,-0.0898649,-0.00845992,-0.0531552,-8.84504,0.105896,-0.207356,0.388336,-0.048843,-3.09259,-1.23979,0.257866,-0.806197,-0.489804,-1.56261,0.331425,-6.01787,-0.208983,-19.9371,-1.82846,-25.3778,0.616312,-17.1134,0.15742,-47.8575,17.149,-28.5314,-2.7949
1026,0.1026,11.457,35.7079,0.214825,44.4349,-0.322981,-0.00658214,-0.0413568,-9.76453,0.185503,-27.0671,19.4388,-1.56751,-3.70034,15.9855,-0.176258,-123.666,-0.121251,0.00438622,0.0275594,-0.938034,-0.168617,-15.9855,11.2787,-5.19637,-0.780772,10.893,0.0762746,45.9598,-0.112024,-0.00257354,-0.0161701,0.00285873,0.246881,-10.893,7.78075,3.68442,0.165286,8.82935,0.314808,122.141,-0.0897055,-0.00839482,-0.0527462,-8.82935,0.107238,-0.188589,0.379279,-0.0555596,-3.08486,-1.15505,0.275636,-0.78009,-0.496998,-1.44679,0.281494,-6.02709,-0.209983,-19.9389,-1.82736,-25.3897,0.617813,-16.9467,0.251156,-47.786,17.1144,-28.404,-2.80103
1027,0.1027,11.4682,35.6603,0.219032,47.8149,-0.322735,-0.00670518,-0.0421299,-9.67332,0.268456,-27.0165,19.4079,-1.53709,-3.6477,15.8963,-0.172399,-120.959,-0.120574,0.00429019,0.0269561,-0.840454,-0.10436,-15.8963,11.1992,-5.17728,-0.729323,10.9485,0.0787795,47.4692,-0.112596,-0.00265806,-0.0167011,-0.0173686,0.264819,-10.9485,7.83752,3.70172,0.159886,8.8155,0.312652,121.305,-0.0895647,-0.00833731,-0.0523848,-8.8155,0.107996,-0.171624,0.37115,-0.0615363,-3.07826,-1.21239,0.258536,-0.863605,-0.510264,-1.57882,0.319129,-6.03067,-0.210821,-19.9413,-1.82647,-25.396,0.617993,-16.9164,0.316171,-47.8214,17.0711,-28.5119,-2.71058
1028,0.1028,11.4793,35.6145,0.223922,51.6046,-0.322506,-0.00684515,-0.0430094,-9.56655,0.335255,-26.9677,19.3787,-1.50201,-3.58303,15.8071,-0.168042,-117.902,-0.119897,0.00418176,0.0262748,-0.728761,-0.0489793,-15.8071,11.1199,-5.15569,-0.664544,11.0043,0.0812306,48.9461,-0.11317,-0.00274076,-0.0172207,-0.0346917,0.275938,-11.0043,7.89496,3.72054,0.154073,8.8031,0.310733,120.56,-0.0894387,-0.00828616,-0.0520635,-8.8031,0.108296,-0.156246,0.363825,-0.066862,-3.07256,-1.11694,0.27865,-0.848376,-0.523389,-1.46267,0.263961,-6.03204,-0.211486,-19.9375,-1.82438,-25.3938,0.617895,-16.7155,0.402418,-47.7536,17.0309,-28.3585,-2.70117
1029,0.1029,11.4905,35.5754,0.228947,55.4265,-0.322331,-0.00698858,-0.0439105,-9.45927,0.38541,-26.9258,19.3554,-1.46371,-3.51475,15.7233,-0.163727,-114.874,-0.119261,0.00407439,0.0256001,-0.615692,-0.00676469,-15.7233,11.0453,-5.1332,-0.594529,11.0603,0.0836492,50.4034,-0.113745,-0.00282237,-0.0177335,-0.051691,0.28394,-11.0603,7.95293,3.7411,0.147355,8.79189,0.309025,119.898,-0.0893248,-0.00824059,-0.0517772,-8.79189,0.108235,-0.142254,0.357202,-0.0716066,-3.06757,-1.20053,0.254426,-0.870632,-0.5033,-1.57763,0.318906,-6.02927,-0.211805,-19.9372,-1.82342,-25.3904,0.616997,-16.6891,0.428031,-47.7336,17.0287,-28.4317,-2.57884
1030,0.103,11.5017,35.5495,0.234286,59.3983,-0.32227,-0.00714186,-0.0448736,-9.35641,0.419802,-26.8974,19.3432,-1.42201,-3.44484,15.6479,-0.159458,-111.879,-0.11869,0.00396815,0.0249326,-0.504455,0.0208451,-15.6479,10.9782,-5.11108,-0.521066,11.1201,0.0862659,51.9802,-0.11436,-0.00291066,-0.0182882,-0.0703717,0.291093,-11.1201,8.01382,3.76493,0.139355,8.78158,0.307478,119.297,-0.0892201,-0.00819935,-0.051518,-8.78158,0.107864,-0.12946,0.351167,-0.0758536,-3.06313,-1.11046,0.281185,-0.872641,-0.531674,-1.48035,0.260119,-6.03018,-0.211976,-19.9332,-1.82193,-25.3876,0.617357,-16.4971,0.489012,-47.7033,16.9896,-28.2899,-2.56737
1031,0.1031,11.5128,35.5398,0.239176,63.025,-0.322343,-0.0072825,-0.0457573,-9.25503,0.436325,-26.8853,19.3437,-1.37834,-3.37312,15.5841,-0.155599,-109.172,-0.118206,0.00387213,0.0243293,-0.394875,0.0343919,-15.5841,10.921,-5.09071,-0.444575,11.1836,0.0886861,53.4385,-0.115013,-0.00299232,-0.0188013,-0.0880317,0.294756,-11.1836,8.07707,3.79206,0.130645,8.77213,0.306089,118.759,-0.0891241,-0.00816232,-0.0512853,-8.77213,0.107178,-0.117645,0.345639,-0.0796961,-3.05919,-1.21517,0.257634,-0.869024,-0.503469,-1.59588,0.321895,-6.02953,-0.211784,-19.9368,-1.82258,-25.3902,0.617549,-16.4997,0.482176,-47.6912,17.0176,-28.3644,-2.43367
1032,0.1032,11.524,35.5407,0.243778,66.4245,-0.322497,-0.00741495,-0.0465895,-9.15563,0.435643,-26.884,19.3535,-1.33462,-3.29962,15.5309,-0.152013,-106.655,-0.117802,0.00378287,0.0237685,-0.288144,0.0340395,-15.5309,10.8733,-5.07221,-0.365809,11.2464,0.0909647,54.8114,-0.11566,-0.0030692,-0.0192843,-0.104083,0.295354,-11.2464,8.13962,3.82075,0.121846,8.7634,0.304826,118.268,-0.0890354,-0.00812863,-0.0510737,-8.7634,0.10625,-0.106738,0.340559,-0.0831571,-3.05565,-1.12832,0.289058,-0.789287,-0.507493,-1.43414,0.259151,-6.03141,-0.21141,-19.9367,-1.82284,-25.3922,0.618675,-16.3154,0.513291,-47.61,17.0232,-28.1609,-2.42179
1033,0.1033,11.5352,35.5521,0.248338,69.7456,-0.322728,-0.00754739,-0.0474217,-9.06409,0.421337,-26.8936,19.3727,-1.2917,-3.22813,15.4891,-0.148687,-104.322,-0.117485,0.0037001,0.0232484,-0.188646,0.0214055,-15.4891,10.836,-5.05622,-0.288369,11.3079,0.0933363,56.2405,-0.116291,-0.00314922,-0.0197871,-0.120276,0.294856,-11.3079,8.20079,3.85083,0.112653,8.75517,0.303688,117.827,-0.0889518,-0.00809828,-0.050883,-8.75517,0.105076,-0.0966108,0.335883,-0.0863027,-3.05242,-1.21963,0.271199,-0.69166,-0.451971,-1.4567,0.309606,-6.03083,-0.210701,-19.9416,-1.82486,-25.3962,0.619338,-16.3146,0.481835,-47.5268,17.0959,-28.1446,-2.29919
1034,0.1034,11.5463,35.5735,0.251715,72.2022,-0.323034,-0.00765121,-0.048074,-8.98324,0.394882,-26.9134,19.4008,-1.24953,-3.16179,15.4578,-0.146704,-102.931,-0.117248,0.00365076,0.0229384,-0.0984604,-0.00270463,-15.4578,10.8085,-5.04288,-0.215065,11.3683,0.0957798,57.7128,-0.116913,-0.00323166,-0.0203051,-0.137412,0.293791,-11.3683,8.26068,3.88247,0.10267,8.74737,0.302639,117.42,-0.0888725,-0.0080703,-0.0507072,-8.74737,0.103796,-0.087298,0.331584,-0.0891124,-3.04939,-1.11301,0.29801,-0.662209,-0.470771,-1.31271,0.242804,-6.03009,-0.209883,-19.9431,-1.82651,-25.3969,0.619997,-16.1263,0.48301,-47.5188,17.1035,-27.9591,-2.29899
1035,0.1035,11.5575,35.6065,0.254875,74.4844,-0.323426,-0.00774945,-0.0486912,-8.92038,0.361059,-26.9452,19.4391,-1.20893,-3.1072,15.4383,-0.144984,-101.724,-0.1171,0.00360797,0.0226695,-0.0267106,-0.0322148,-15.4383,10.7921,-5.03298,-0.153223,11.4282,0.0981893,59.1647,-0.117529,-0.00331296,-0.0208159,-0.153736,0.290895,-11.4282,8.31934,3.91571,0.092578,8.73994,0.30167,117.044,-0.088797,-0.00804446,-0.0505448,-8.73994,0.102378,-0.0786641,0.327605,-0.0916516,-3.04655,-1.19602,0.267004,-0.638721,-0.426352,-1.38909,0.302153,-6.02038,-0.20879,-19.9467,-1.82898,-25.3895,0.618253,-16.1368,0.419273,-47.5307,17.1837,-27.9875,-2.18679
1036,0.1036,11.5687,35.6495,0.257478,76.38,-0.323888,-0.00783092,-0.0492032,-8.86855,0.319407,-26.9873,19.4864,-1.17198,-3.06057,15.4315,-0.14357,-100.732,-0.117048,0.00357278,0.0224484,0.0314355,-0.0663023,-15.4315,10.7874,-5.02746,-0.0997542,11.4853,0.10025,60.4062,-0.118116,-0.00338248,-0.0212527,-0.167208,0.284958,-11.4853,8.37511,3.94947,0.0830715,8.73278,0.300799,116.706,-0.0887243,-0.00802123,-0.0503989,-8.73278,0.100752,-0.0705671,0.323916,-0.0939872,-3.04388,-1.08289,0.289545,-0.624094,-0.443826,-1.2538,0.237648,-6.01026,-0.207758,-19.944,-1.83002,-25.3757,0.616285,-15.9617,0.401194,-47.5554,17.2125,-27.8015,-2.20663
1037,0.1037,11.5798,35.7189,0.259299,77.7622,-0.324529,-0.00788813,-0.0495626,-8.82236,0.267868,-27.0562,19.5513,-1.14684,-3.01805,15.4589,-0.142446,-99.9433,-0.117256,0.0035448,0.0222727,0.0801971,-0.106432,-15.4589,10.806,-5.03242,-0.0511976,11.5343,0.101755,61.3135,-0.11862,-0.00343328,-0.0215719,-0.176787,0.27526,-11.5343,8.42474,3.98168,0.0744227,8.72577,0.29999,116.392,-0.088653,-0.00799966,-0.0502633,-8.72577,0.0990396,-0.0630581,0.320498,-0.0961047,-3.04128,-1.16863,0.26494,-0.61116,-0.410921,-1.34148,0.292802,-5.99927,-0.20681,-19.9453,-1.83186,-25.3648,0.613858,-15.9903,0.325997,-47.6127,17.3085,-27.8531,-2.11139
1038,0.1038,11.591,35.7724,0.259984,78.3433,-0.325023,-0.00791557,-0.049735,-8.7806,0.208866,-27.1094,19.6078,-1.12291,-2.97841,15.4798,-0.142345,-99.8722,-0.117414,0.00354228,0.0222568,0.121825,-0.15244,-15.4798,10.8231,-5.03655,-0.00675644,11.5736,0.103076,62.1095,-0.119024,-0.00347785,-0.021852,-0.183464,0.264179,-11.5736,8.46735,4.01171,0.0671427,8.71896,0.299253,116.106,-0.0885839,-0.00798,-0.0501398,-8.71896,0.0971275,-0.0559867,0.317308,-0.0980726,-3.0388,-1.07129,0.291557,-0.613758,-0.441547,-1.23478,0.230654,-5.99264,-0.206224,-19.9426,-1.83246,-25.3549,0.612327,-15.8445,0.294198,-47.6658,17.3337,-27.7126,-2.13543
1039,0.1039,11.6022,35.842,0.26038,78.7717,-0.325622,-0.00792996,-0.0498254,-8.74774,0.149059,-27.1789,19.6744,-1.10685,-2.94587,15.5233,-0.141913,-99.5696,-0.117745,0.00353155,0.0221894,0.147535,-0.197972,-15.5233,10.8557,-5.04761,0.026664,11.6063,0.103727,62.5015,-0.11936,-0.0034998,-0.0219899,-0.182886,0.251963,-11.6063,8.50436,4.04065,0.0638952,8.71239,0.298566,115.84,-0.0885172,-0.0079617,-0.0500249,-8.71239,0.0950674,-0.0493549,0.314327,-0.0998924,-3.03643,-1.18361,0.267244,-0.584123,-0.403217,-1.33631,0.295514,-5.98778,-0.206015,-19.9461,-1.83394,-25.3528,0.61085,-15.9191,0.210288,-47.7091,17.4373,-27.796,-2.0395
1040,0.104,11.6133,35.9276,0.257472,77.0184,-0.326333,-0.00784844,-0.0493132,-8.70837,0.0780179,-27.2649,19.7511,-1.09734,-2.91205,15.5865,-0.143286,-100.533,-0.118224,0.00356571,0.022404,0.165709,-0.249411,-15.5865,10.9023,-5.0652,0.0549141,11.6353,0.102821,61.9557,-0.119659,-0.00346924,-0.0217979,-0.168292,0.234533,-11.6353,8.53726,4.06943,0.0671107,8.70579,0.297937,115.595,-0.0884501,-0.00794491,-0.0499193,-8.70579,0.0928959,-0.0431437,0.311551,-0.10156,-3.03407,-1.08922,0.298101,-0.538659,-0.420316,-1.19229,0.230299,-5.98888,-0.206435,-19.946,-1.83381,-25.354,0.610512,-15.7865,0.169684,-47.7495,17.497,-27.6436,-2.07123
1041,0.1041,11.6245,36.0101,0.252391,73.7512,-0.326991,-0.0077103,-0.0484453,-8.6695,0.00143495,-27.348,19.8273,-1.0947,-2.87866,15.6574,-0.146592,-102.852,-0.118762,0.00364798,0.022921,0.177894,-0.306756,-15.6574,10.9561,-5.08696,0.0789524,11.6533,0.101615,61.2286,-0.119844,-0.00342853,-0.0215421,-0.148028,0.217675,-11.6533,8.56233,4.09539,0.0742152,8.69936,0.297369,115.375,-0.0883848,-0.00792976,-0.0498242,-8.69936,0.0905162,-0.0372691,0.308959,-0.103125,-3.03183,-1.20665,0.279884,-0.475279,-0.378625,-1.26968,0.291477,-5.99144,-0.207346,-19.9495,-1.83357,-25.3601,0.610082,-15.8676,0.0739734,-47.7728,17.6152,-27.7245,-1.9771
1042,0.1042,11.6357,36.0891,0.245572,69.3838,-0.327606,-0.00751892,-0.0472427,-8.62458,-0.0794057,-27.4278,19.902,-1.09642,-2.84171,15.7309,-0.150487,-105.585,-0.119319,0.00374492,0.02353,0.184937,-0.367633,-15.7309,11.0134,-5.11194,0.099942,11.665,0.0992841,59.8244,-0.119964,-0.0033499,-0.021048,-0.116316,0.200065,-11.665,8.58217,4.12008,0.0879819,8.6932,0.296775,115.145,-0.0883222,-0.00791393,-0.0497247,-8.6932,0.0881617,-0.0318537,0.306502,-0.10456,-3.02963,-1.12275,0.314833,-0.381062,-0.384254,-1.09584,0.226619,-5.9953,-0.208649,-19.9473,-1.83117,-25.3623,0.609742,-15.7426,0.0267784,-47.7561,17.6866,-27.5545,-2.00534
1043,0.1043,11.6468,36.1574,0.238057,64.5399,-0.32814,-0.00730471,-0.0458968,-8.57324,-0.161412,-27.4971,19.9691,-1.09605,-2.79705,15.7937,-0.154592,-108.465,-0.119796,0.00384705,0.0241718,0.188466,-0.435379,-15.7937,11.0642,-5.13608,0.120499,11.6771,0.096296,58.0239,-0.120089,-0.00324908,-0.0204146,-0.0751268,0.189198,-11.6771,8.60074,4.14602,0.110133,8.68658,0.296353,114.981,-0.0882549,-0.00790269,-0.049654,-8.68658,0.0847691,-0.0262717,0.304175,-0.105984,-3.02768,-1.24034,0.288074,-0.361316,-0.348131,-1.21023,0.29602,-6.00035,-0.210117,-19.951,-1.82946,-25.3712,0.609512,-15.8139,-0.0834548,-47.8094,17.7916,-27.6775,-1.89152
1044,0.1044,11.658,36.2033,0.230513,59.6936,-0.328512,-0.00708556,-0.0445199,-8.52537,-0.22973,-27.544,20.0204,-1.08934,-2.75475,15.8309,-0.158329,-111.087,-0.120077,0.00394006,0.0247561,0.181045,-0.496192,-15.8309,11.0988,-5.15587,0.131453,11.6922,0.0928138,55.9257,-0.120244,-0.00313159,-0.0196763,-0.0262132,0.1856,-11.6922,8.61951,4.17392,0.139784,8.6802,0.296029,114.855,-0.0881901,-0.00789403,-0.0495997,-8.6802,0.0808618,-0.0209257,0.302038,-0.107391,-3.02598,-1.12885,0.307635,-0.328135,-0.356122,-1.06137,0.235467,-6.00193,-0.211381,-19.9478,-1.82631,-25.3697,0.608718,-15.6562,-0.133476,-47.8199,17.8379,-27.5204,-1.91056
1045,0.1045,11.6692,36.2317,0.22464,56.0396,-0.328765,-0.00690834,-0.0434064,-8.48758,-0.266547,-27.574,20.0589,-1.07722,-2.72194,15.8455,-0.160371,-112.52,-0.120189,0.00399086,0.0250753,0.159879,-0.534359,-15.8455,11.1191,-5.17302,0.127022,11.7122,0.0893887,53.8618,-0.12045,-0.00301602,-0.0189502,0.0265582,0.190283,-11.7122,8.6397,4.20439,0.175123,8.67401,0.295622,114.697,-0.0881272,-0.00788318,-0.0495315,-8.67401,0.0775294,-0.016289,0.300057,-0.108588,-3.02408,-1.2184,0.271215,-0.367333,-0.329465,-1.19643,0.303625,-6.00335,-0.212318,-19.9493,-1.82462,-25.3725,0.608212,-15.7093,-0.20765,-47.8906,17.9048,-27.6462,-1.8101
1046,0.1046,11.6803,36.2588,0.221096,53.9739,-0.329024,-0.00679188,-0.0426746,-8.4559,-0.275555,-27.603,20.0944,-1.06372,-2.69484,15.8533,-0.160438,-112.567,-0.120248,0.00399254,0.0250858,0.130236,-0.552704,-15.8533,11.1345,-5.1915,0.112113,11.7377,0.0862685,51.9817,-0.120712,-0.00291075,-0.0182888,0.0816067,0.203248,-11.7377,8.66173,4.23749,0.215287,8.66775,0.295265,114.559,-0.0880636,-0.00787367,-0.0494717,-8.66775,0.0739003,-0.0119352,0.298231,-0.10971,-3.02224,-1.10227,0.288013,-0.363724,-0.34451,-1.06712,0.244147,-6.00283,-0.212776,-19.9459,-1.82256,-25.3686,0.607801,-15.561,-0.200318,-47.9126,17.9274,-27.4995,-1.84289
1047,0.1047,11.6915,36.2967,0.219481,53.2251,-0.329382,-0.00672762,-0.0422709,-8.42547,-0.26811,-27.6431,20.1335,-1.05055,-2.6662,15.8651,-0.159021,-111.573,-0.120338,0.00395728,0.0248643,0.0984735,-0.563027,-15.8651,11.1508,-5.2132,0.0945704,11.7699,0.0836269,50.39,-0.121043,-0.00282161,-0.0177287,0.137736,0.224372,-11.7699,8.68619,4.27337,0.259565,8.66168,0.294876,114.408,-0.0880019,-0.00786328,-0.0494065,-8.66168,0.0705444,-0.0080563,0.296535,-0.110719,-3.02034,-1.21054,0.253367,-0.376556,-0.310221,-1.20088,0.31784,-6.00171,-0.212723,-19.9473,-1.8223,-25.3687,0.607703,-15.6377,-0.227465,-47.967,18.001,-27.6201,-1.74066
1048,0.1048,11.7027,36.3471,0.218945,53.1504,-0.329855,-0.00669688,-0.0420778,-8.39611,-0.247783,-27.6958,20.1765,-1.03715,-2.6358,15.8825,-0.157302,-110.367,-0.120469,0.0039145,0.0245956,0.066518,-0.568666,-15.8825,11.1683,-5.23738,0.0756613,11.8088,0.0817358,49.2505,-0.121443,-0.00275781,-0.0173278,0.193211,0.253678,-11.8088,8.7132,4.3119,0.307017,8.65584,0.294512,114.267,-0.0879426,-0.00785358,-0.0493455,-8.65584,0.0672056,-0.00452748,0.294987,-0.111666,-3.01847,-1.10236,0.276482,-0.319841,-0.3134,-1.03553,0.255234,-5.99893,-0.212177,-19.9427,-1.82148,-25.3612,0.607769,-15.4974,-0.183478,-47.9584,18.0416,-27.4339,-1.77279
1049,0.1049,11.7138,36.4105,0.219366,53.5534,-0.330438,-0.00669891,-0.0420905,-8.36555,-0.215532,-27.764,20.226,-1.02427,-2.60487,15.9085,-0.155892,-109.377,-0.120666,0.00387942,0.0243751,0.0349617,-0.56828,-15.9085,11.1894,-5.26486,0.0547513,11.8547,0.0807928,48.6823,-0.121916,-0.00272599,-0.0171279,0.24676,0.290964,-11.8547,8.7429,4.35293,0.356875,8.64727,0.294465,114.249,-0.0878555,-0.00785234,-0.0493377,-8.64727,0.0617839,-0.00071357,0.29369,-0.112332,-3.01649,-1.2156,0.251421,-0.308751,-0.282574,-1.15185,0.321473,-5.99818,-0.211284,-19.9443,-1.82259,-25.3619,0.608658,-15.5793,-0.175395,-48.017,18.1208,-27.538,-1.67474
1050,0.105,11.725,36.4869,0.22095,54.7571,-0.331145,-0.00674002,-0.0423488,-8.33688,-0.178505,-27.844,20.2784,-1.01048,-2.56745,15.9379,-0.154195,-108.187,-0.12089,0.00383719,0.0241097,0.00586912,-0.573396,-15.9379,11.2101,-5.29399,0.0376625,11.9082,0.0810568,48.8414,-0.122465,-0.0027349,-0.0171839,0.298076,0.336232,-11.9082,8.77588,4.3965,0.409182,8.64082,0.294089,114.103,-0.08779,-0.0078423,-0.0492747,-8.64082,0.0586593,0.00208477,0.292383,-0.112991,-3.01429,-1.12936,0.287083,-0.184554,-0.277363,-0.951316,0.25502,-5.99447,-0.210043,-19.9398,-1.82299,-25.3536,0.609193,-15.4607,-0.101465,-47.9684,18.178,-27.3154,-1.70323
1051,0.1051,11.7362,36.5666,0.223956,56.8409,-0.331894,-0.00682834,-0.0429037,-8.31021,-0.140656,-27.9271,20.3278,-0.993757,-2.5245,15.9641,-0.152373,-106.908,-0.121088,0.00379184,0.0238248,-0.0226826,-0.585796,-15.9641,11.2256,-5.32195,0.0234639,11.9675,0.0826689,49.8128,-0.123075,-0.00278929,-0.0175256,0.347379,0.389356,-11.9675,8.81107,4.44183,0.46419,8.63491,0.293661,113.936,-0.0877299,-0.00783088,-0.0492029,-8.63491,0.0557845,0.00455486,0.291134,-0.113642,-3.01215,-1.25336,0.264226,-0.205773,-0.261414,-1.10431,0.322885,-5.99643,-0.208799,-19.9444,-1.82562,-25.3602,0.611131,-15.56,-0.085229,-48.0773,18.2408,-27.4583,-1.59048
1052,0.1052,11.7473,36.6445,0.227397,59.0988,-0.332635,-0.00694029,-0.0436071,-8.287,-0.0987175,-28.0081,20.3709,-0.975403,-2.47898,15.9865,-0.151529,-106.316,-0.121258,0.00377085,0.0236929,-0.0520991,-0.602356,-15.9865,11.2357,-5.34812,0.00904074,12.0283,0.0857378,51.6619,-0.123701,-0.00289284,-0.0181762,0.394725,0.450231,-12.0283,8.84525,4.48703,0.52201,8.62962,0.293189,113.753,-0.0876762,-0.0078183,-0.0491238,-8.62962,0.053408,0.00670167,0.289948,-0.114305,-3.01003,-1.11524,0.283982,-0.263168,-0.30109,-1.00061,0.251637,-5.9939,-0.207464,-19.942,-1.82699,-25.3552,0.612015,-15.3961,-0.0221995,-48.2133,18.2428,-27.3312,-1.61533
1053,0.1053,11.7585,36.723,0.230918,61.2686,-0.33337,-0.00706687,-0.0444025,-8.27079,-0.0635318,-28.0899,20.4092,-0.960619,-2.43167,16.0135,-0.15204,-106.674,-0.121463,0.00378355,0.0237727,-0.0838845,-0.632105,-16.0135,11.246,-5.37559,-0.00408466,12.085,0.0902287,54.368,-0.124283,-0.00304436,-0.0191283,0.437576,0.517376,-12.085,8.87443,4.5299,0.580299,8.62449,0.29273,113.575,-0.087624,-0.00780606,-0.0490469,-8.62449,0.0511969,0.00864838,0.288842,-0.114925,-3.00788,-1.20576,0.250221,-0.349794,-0.295561,-1.17546,0.317517,-5.98655,-0.206153,-19.9409,-1.82878,-25.3461,0.611456,-15.4631,-0.0194643,-48.3805,18.2849,-27.4822,-1.5027
1054,0.1054,11.7697,36.7869,0.235861,64.2867,-0.333973,-0.00724132,-0.0454986,-8.26546,-0.028216,-28.1568,20.4323,-0.947547,-2.38679,16.0339,-0.152565,-107.043,-0.121618,0.00379663,0.0238549,-0.121096,-0.667259,-16.0339,11.2489,-5.4006,-0.0192716,12.1333,0.0961254,57.9211,-0.124781,-0.00324332,-0.0203784,0.475281,0.590111,-12.1333,8.89557,4.56861,0.638346,8.61965,0.292301,113.409,-0.0875749,-0.00779462,-0.0489751,-8.61965,0.048932,0.0104156,0.28783,-0.115557,-3.00586,-1.09121,0.275777,-0.323131,-0.313511,-1.02835,0.250017,-5.9763,-0.205051,-19.9344,-1.82934,-25.3287,0.609891,-15.333,0.0425095,-48.4143,18.2894,-27.3045,-1.52688
1055,0.1055,11.7808,36.8308,0.242872,68.6494,-0.334389,-0.00747667,-0.0469773,-8.26897,0.0383729,-28.2037,20.4368,-0.937249,-2.35379,16.0472,-0.15209,-106.71,-0.121718,0.00378481,0.0237806,-0.159371,-0.674699,-16.0472,11.2448,-5.42211,-0.0432793,12.1685,0.103087,62.1157,-0.125143,-0.0034782,-0.0218542,0.505466,0.666382,-12.1685,8.90516,4.60105,0.693414,8.61507,0.291875,113.244,-0.0875284,-0.00778327,-0.0489038,-8.61507,0.0466905,0.012006,0.286882,-0.11619,-3.00392,-1.19718,0.243002,-0.378498,-0.298061,-1.19485,0.320757,-5.96803,-0.204362,-19.9348,-1.83115,-25.32,0.608257,-15.4342,0.0770133,-48.517,18.3076,-27.4521,-1.42477
1056,0.1056,11.792,36.8609,0.250608,73.4883,-0.334659,-0.00773292,-0.0485874,-8.2793,0.132331,-28.2366,20.4272,-0.933514,-2.33355,16.0621,-0.151214,-106.095,-0.121832,0.00376299,0.0236436,-0.193454,-0.654991,-16.0621,11.24,-5.44257,-0.0728259,12.1879,0.110367,66.5027,-0.125341,-0.00372385,-0.0233977,0.525029,0.742877,-12.1879,8.90119,4.62591,0.74141,8.61088,0.291455,113.081,-0.0874858,-0.00777206,-0.0488333,-8.61088,0.0444448,0.0134168,0.286004,-0.116849,-3.00213,-1.07119,0.264029,-0.410511,-0.331401,-1.08465,0.253092,-5.96044,-0.204135,-19.9323,-1.83202,-25.3092,0.606365,-15.3109,0.192224,-48.5794,18.2638,-27.3274,-1.47409
1057,0.1057,11.8032,36.8837,0.258358,78.36,-0.334831,-0.0079874,-0.0501863,-8.29885,0.235928,-28.2621,20.4082,-0.93868,-2.32517,16.0857,-0.150086,-105.304,-0.12201,0.00373493,0.0234673,-0.223245,-0.622199,-16.0857,11.2394,-5.46409,-0.103386,12.191,0.11741,70.7465,-0.125374,-0.00396149,-0.0248908,0.531417,0.815852,-12.191,8.88367,4.64294,0.778662,8.60702,0.291034,112.917,-0.0874466,-0.00776084,-0.0487628,-8.60702,0.0422756,0.014662,0.285182,-0.117528,-3.00045,-1.16839,0.230194,-0.473198,-0.317989,-1.24834,0.321669,-5.95165,-0.204355,-19.9318,-1.83294,-25.2991,0.603726,-15.4189,0.261767,-48.6671,18.2573,-27.4861,-1.39978
1058,0.1058,11.8143,36.899,0.265596,82.9212,-0.334906,-0.00822404,-0.0516732,-8.32785,0.339537,-28.2796,20.3798,-0.951417,-2.32802,16.1162,-0.148918,-104.484,-0.122242,0.00370586,0.0232846,-0.248551,-0.583228,-16.1162,11.2417,-5.48559,-0.132775,12.1791,0.123872,74.6402,-0.125252,-0.00417952,-0.0262607,0.524381,0.88269,-12.1791,8.85366,4.65243,0.803729,8.60368,0.290642,112.765,-0.0874126,-0.00775038,-0.0486971,-8.60368,0.040075,0.015725,0.284452,-0.118258,-2.99898,-1.05684,0.257477,-0.444301,-0.337492,-1.1017,0.253422,-5.95084,-0.205387,-19.9304,-1.83262,-25.2969,0.602512,-15.3355,0.391628,-48.6543,18.2097,-27.3501,-1.47209
1059,0.1059,11.8255,36.9031,0.271749,86.7953,-0.334855,-0.00842713,-0.0529492,-8.36362,0.44059,-28.2859,20.3402,-0.971096,-2.34092,16.1509,-0.148093,-103.905,-0.122505,0.00368532,0.0231556,-0.268298,-0.539325,-16.1509,11.2454,-5.50596,-0.160211,12.1516,0.129596,78.089,-0.124969,-0.00437264,-0.0274741,0.505225,0.941944,-12.1516,8.81097,4.65385,0.816862,8.60055,0.290246,112.611,-0.0873808,-0.00773982,-0.0486307,-8.60055,0.0379714,0.0166464,0.283767,-0.118986,-2.99757,-1.17029,0.231403,-0.482191,-0.324734,-1.25871,0.320307,-5.95682,-0.207255,-19.9351,-1.83217,-25.308,0.602181,-15.4907,0.464739,-48.7032,18.1832,-27.5378,-1.41843
1060,0.106,11.8367,36.8998,0.276523,89.7885,-0.334701,-0.00858763,-0.0539577,-8.40624,0.53317,-28.2846,20.2921,-1.00091,-2.36289,16.1955,-0.147728,-103.649,-0.122843,0.00367625,0.0230986,-0.284112,-0.495491,-16.1955,11.2546,-5.52716,-0.18532,12.1065,0.13438,80.9718,-0.124505,-0.00453406,-0.0284883,0.475606,0.992755,-12.1065,8.75435,4.646,0.818721,8.59774,0.289871,112.466,-0.0873523,-0.00772982,-0.0485679,-8.59774,0.0359068,0.0174092,0.283159,-0.119742,-2.99629,-1.05924,0.258669,-0.477158,-0.352639,-1.13045,0.251949,-5.96802,-0.209931,-19.9376,-1.82945,-25.3227,0.602395,-15.4335,0.581908,-48.6993,18.11,-27.454,-1.50855
1061,0.1061,11.8478,36.8878,0.279288,91.4741,-0.334432,-0.00868856,-0.0545918,-8.45828,0.610242,-28.2744,20.2352,-1.04137,-2.39521,16.2498,-0.148304,-104.053,-0.123255,0.00369058,0.0231886,-0.29922,-0.457028,-16.2498,11.2692,-5.54899,-0.209114,12.0427,0.138077,83.1995,-0.123848,-0.0046588,-0.0292721,0.436341,1.03344,-12.0427,8.68332,4.62816,0.809139,8.5954,0.289515,112.328,-0.0873285,-0.00772034,-0.0485083,-8.5954,0.0338317,0.018014,0.282625,-0.120534,-2.99523,-1.14507,0.234649,-0.501807,-0.335293,-1.24651,0.306433,-5.97914,-0.212866,-19.9438,-1.82587,-25.3406,0.602142,-15.5825,0.632025,-48.72,18.074,-27.6285,-1.48663
1062,0.1062,11.859,36.8592,0.280278,92.0182,-0.333991,-0.0087349,-0.054883,-8.51737,0.672531,-28.2474,20.1643,-1.08898,-2.43787,16.3039,-0.149515,-104.903,-0.123665,0.00372071,0.0233779,-0.31219,-0.420913,-16.3039,11.2826,-5.56842,-0.231271,11.962,0.140593,84.7152,-0.123018,-0.00474368,-0.0298054,0.388158,1.06168,-11.962,8.59957,4.60078,0.787721,8.59334,0.2892,112.206,-0.0873076,-0.00771193,-0.0484555,-8.59334,0.0317627,0.018455,0.282189,-0.121345,-2.99432,-1.04924,0.257085,-0.470757,-0.347189,-1.1149,0.248931,-5.98905,-0.215502,-19.9464,-1.82092,-25.3537,0.601876,-15.5557,0.714114,-48.6646,17.9962,-27.5576,-1.58706
1063,0.1063,11.8702,36.8099,0.279734,91.6246,-0.333352,-0.00873004,-0.0548525,-8.57756,0.724337,-28.1995,20.0777,-1.14159,-2.48786,16.3532,-0.150807,-105.809,-0.124039,0.00375287,0.02358,-0.318958,-0.38274,-16.3532,11.2917,-5.58381,-0.249821,11.8651,0.141631,85.3408,-0.122022,-0.00477871,-0.0300255,0.333089,1.07753,-11.8651,8.50416,4.56437,0.755615,8.59169,0.28891,112.093,-0.0872908,-0.0077042,-0.0484069,-8.59169,0.0295447,0.0186893,0.281854,-0.122144,-2.99365,-1.14776,0.224543,-0.483042,-0.313968,-1.23735,0.317336,-5.99569,-0.217606,-19.9497,-1.81707,-25.3638,0.60142,-15.721,0.731274,-48.6322,17.9466,-27.7427,-1.5691
1064,0.1064,11.8813,36.7399,0.277891,90.4494,-0.332525,-0.00868073,-0.0545426,-8.63885,0.760992,-28.1307,19.9758,-1.19555,-2.54393,16.3927,-0.152044,-106.678,-0.124339,0.00378366,0.0237735,-0.321444,-0.346446,-16.3927,11.2932,-5.59347,-0.26469,11.7568,0.141295,85.1385,-0.120908,-0.00476738,-0.0299543,0.272991,1.08012,-11.7568,8.40097,4.52087,0.713923,8.5904,0.288641,111.989,-0.0872777,-0.00769702,-0.0483618,-8.5904,0.02732,0.0187549,0.281598,-0.12294,-2.99317,-1.04882,0.239242,-0.491745,-0.330929,-1.13592,0.266816,-6.00188,-0.219171,-19.9492,-1.81375,-25.37,0.601597,-15.6896,0.781063,-48.5717,17.8311,-27.7015,-1.67552
1065,0.1065,11.8925,36.6508,0.274848,88.5483,-0.331538,-0.00858972,-0.0539708,-8.69501,0.786471,-28.0427,19.8604,-1.24775,-2.60263,16.4191,-0.153191,-107.482,-0.124539,0.00381218,0.0239527,-0.315638,-0.308488,-16.4191,11.2849,-5.5965,-0.274179,11.6421,0.139613,84.1248,-0.119729,-0.00471062,-0.0295977,0.210205,1.07006,-11.6421,8.29397,4.47246,0.66454,8.58957,0.288426,111.905,-0.0872693,-0.00769129,-0.0483258,-8.58957,0.0248985,0.0185554,0.281494,-0.123715,-2.99299,-1.13683,0.212904,-0.513148,-0.308418,-1.25181,0.325258,-6.00717,-0.219951,-19.9522,-1.81252,-25.3786,0.602342,-15.839,0.779425,-48.508,17.7395,-27.8782,-1.67503
1066,0.1066,11.9037,36.5496,0.270436,85.8039,-0.330462,-0.00845312,-0.0531125,-8.74408,0.800157,-27.9424,19.7371,-1.29488,-2.66242,16.4321,-0.154436,-108.356,-0.124638,0.00384318,0.0241474,-0.301634,-0.269722,-16.4321,11.2669,-5.59264,-0.278268,11.5284,0.136622,82.3224,-0.11856,-0.00460969,-0.0289635,0.14661,1.04747,-11.5284,8.18868,4.42221,0.60886,8.58905,0.28825,111.837,-0.0872641,-0.00768661,-0.0482964,-8.58905,0.0224107,0.0181249,0.281511,-0.124455,-2.99301,-1.05499,0.235165,-0.522236,-0.335663,-1.16591,0.273452,-6.0137,-0.219996,-19.9546,-1.81229,-25.3881,0.604169,-15.8128,0.815326,-48.4193,17.5891,-27.8489,-1.7848
1067,0.1067,11.9148,36.4465,0.264184,81.9312,-0.329393,-0.00825503,-0.0518679,-8.78531,0.787139,-27.8403,19.6129,-1.33522,-2.72689,16.4352,-0.155784,-109.301,-0.124661,0.00387672,0.0243582,-0.27931,-0.232555,-16.4352,11.2415,-5.583,-0.276084,11.4225,0.131849,79.4465,-0.117471,-0.00444865,-0.0279517,0.0827533,0.999885,-11.4225,8.08972,4.3729,0.542409,8.58876,0.288119,111.786,-0.087261,-0.0076831,-0.0482743,-8.58876,0.0198088,0.0174369,0.281664,-0.125119,-2.99321,-1.14063,0.220007,-0.485646,-0.304976,-1.22986,0.319809,-6.01465,-0.219153,-19.9571,-1.81333,-25.3915,0.605386,-15.9406,0.787993,-48.283,17.4946,-27.9566,-1.80169
1068,0.1068,11.926,36.3135,0.257194,77.6512,-0.328072,-0.00802735,-0.0504373,-8.81202,0.749715,-27.7082,19.4686,-1.3721,-2.78654,16.4177,-0.156642,-109.904,-0.124529,0.00389809,0.0244924,-0.247659,-0.201176,-16.4177,11.2014,-5.56413,-0.264956,11.3069,0.125796,75.7991,-0.116282,-0.00424441,-0.0266684,0.0244767,0.933845,-11.3069,7.98519,4.31775,0.472097,8.58884,0.288041,111.756,-0.0872619,-0.00768102,-0.0482613,-8.58884,0.0170463,0.0164189,0.28199,-0.125715,-2.99368,-1.07633,0.242391,-0.448492,-0.316617,-1.12612,0.274284,-6.01198,-0.217728,-19.9553,-1.81441,-25.387,0.606262,-15.9003,0.774379,-48.1121,17.3376,-27.8852,-1.90599
1069,0.1069,11.9372,36.183,0.250738,73.6766,-0.326784,-0.00781742,-0.0491183,-8.82655,0.725099,-27.5787,19.329,-1.40474,-2.82811,16.3978,-0.157525,-110.523,-0.124377,0.00392004,0.0246303,-0.209673,-0.176429,-16.3978,11.1599,-5.54162,-0.247225,11.196,0.120236,72.449,-0.115141,-0.00405682,-0.0254897,-0.0276371,0.887434,-11.196,7.88658,4.26309,0.41353,8.58924,0.288026,111.75,-0.087266,-0.00768064,-0.0482589,-8.58924,0.0140937,0.0150228,0.282515,-0.126208,-2.99441,-1.15988,0.225065,-0.456907,-0.301583,-1.22511,0.321968,-6.00809,-0.215941,-19.9564,-1.81674,-25.3838,0.60713,-15.9945,0.734223,-47.992,17.2107,-28.0136,-1.89901
1070,0.107,11.9483,36.0642,0.244596,69.9302,-0.325654,-0.00761293,-0.0478335,-8.81807,0.694004,-27.461,19.199,-1.42158,-2.85148,16.3639,-0.157875,-110.769,-0.124121,0.00392876,0.0246851,-0.152424,-0.157587,-16.3639,11.1081,-5.51237,-0.213481,11.1104,0.114394,68.9289,-0.11426,-0.00385971,-0.0242513,-0.0757157,0.840599,-11.1104,7.80761,4.21736,0.35737,8.58993,0.288077,111.77,-0.087273,-0.00768198,-0.0482673,-8.58993,0.0109915,0.0132367,0.283244,-0.126573,-2.99537,-1.07916,0.24712,-0.439831,-0.319648,-1.12074,0.270545,-6.00302,-0.214083,-19.9547,-1.81873,-25.3766,0.607787,-15.9002,0.727041,-47.8555,17.0606,-27.919,-1.97315
1071,0.1071,11.9595,35.9341,0.239658,67.1046,-0.324485,-0.00742983,-0.046683,-8.79184,0.641855,-27.3322,19.0619,-1.42023,-2.86276,16.3012,-0.156106,-109.528,-0.123645,0.00388474,0.0244085,-0.0823806,-0.147369,-16.3012,11.0355,-5.47115,-0.165796,11.042,0.107568,64.8159,-0.113557,-0.0036294,-0.0228042,-0.118498,0.781498,-11.042,7.74219,4.17772,0.299628,8.59096,0.288196,111.816,-0.0872834,-0.00768516,-0.0482873,-8.59096,0.00772722,0.0109906,0.284207,-0.1268,-2.99659,-1.15629,0.224956,-0.441741,-0.295937,-1.20977,0.320647,-5.99415,-0.212248,-19.952,-1.82062,-25.3643,0.607407,-15.9423,0.654564,-47.7259,16.9453,-27.9943,-1.93471
1072,0.1072,11.9707,35.8475,0.237018,65.7588,-0.323757,-0.00731343,-0.0459516,-8.76181,0.588597,-27.247,18.9577,-1.3998,-2.86351,16.241,-0.153186,-107.478,-0.123189,0.00381206,0.0239519,-0.011681,-0.146028,-16.241,10.9655,-5.4276,-0.113591,11.0142,0.1018,61.3406,-0.113271,-0.0034348,-0.0215815,-0.15787,0.730352,-11.0142,7.70672,4.15465,0.248147,8.59226,0.288403,111.897,-0.0872966,-0.00769069,-0.048322,-8.59226,0.00427325,0.00821394,0.285447,-0.12684,-2.99807,-1.08033,0.245818,-0.36816,-0.292474,-1.06517,0.272376,-5.9835,-0.210689,-19.9446,-1.82134,-25.3457,0.606337,-15.8256,0.623726,-47.5598,16.8438,-27.8106,-1.9848
1073,0.1073,11.9818,35.7948,0.238246,66.7897,-0.323316,-0.00732035,-0.0459951,-8.70777,0.54614,-27.1962,18.8819,-1.3802,-2.83614,16.2034,-0.149547,-104.926,-0.122903,0.00372152,0.023383,0.0786196,-0.150071,-16.2034,10.9137,-5.38863,-0.0451206,10.9976,0.0990674,59.6938,-0.1131,-0.00334259,-0.0210021,-0.19251,0.69568,-10.9976,7.68114,4.13507,0.208833,8.59388,0.288725,112.022,-0.0873131,-0.00769928,-0.048376,-8.59388,0.000530934,0.00475495,0.287046,-0.126634,-2.99985,-1.12781,0.231028,-0.3914,-0.286324,-1.13764,0.304347,-5.97381,-0.209453,-19.9408,-1.82262,-25.3314,0.605198,-15.8094,0.567715,-47.5284,16.7729,-27.8492,-1.92659
1074,0.1074,11.993,35.7451,0.242146,69.4651,-0.322887,-0.00741251,-0.0465742,-8.64393,0.503297,-27.1485,18.8141,-1.36225,-2.79103,16.1731,-0.145409,-102.022,-0.122673,0.00361854,0.022736,0.17825,-0.166341,-16.1731,10.8708,-5.34912,0.0344144,10.9761,0.0984337,59.3119,-0.112879,-0.0033212,-0.0208677,-0.226251,0.672894,-10.9761,7.65432,4.1131,0.176439,8.59593,0.289122,112.175,-0.0873339,-0.00770985,-0.0484424,-8.59593,-0.00325566,0.000719244,0.288923,-0.126223,-3.00188,-1.04009,0.24716,-0.394814,-0.304849,-1.04431,0.255919,-5.96891,-0.208881,-19.9363,-1.82306,-25.3218,0.604647,-15.6529,0.541576,-47.4796,16.6861,-27.7284,-1.93046
1075,0.1075,12.0042,35.7023,0.237018,66.7006,-0.322459,-0.0071978,-0.0452251,-8.56533,0.378208,-27.1077,18.7552,-1.36086,-2.76472,16.1683,-0.141085,-98.9883,-0.122637,0.00351093,0.0220598,0.27457,-0.19563,-16.1683,10.8497,-5.31533,0.11607,10.9354,0.0885026,53.3279,-0.112461,-0.00298613,-0.0187624,-0.24139,0.580903,-10.9354,7.6144,4.08007,0.123443,8.59851,0.2896,112.361,-0.0873601,-0.0077226,-0.0485226,-8.59851,-0.00706513,-0.00396266,0.291109,-0.125598,-3.00423,-1.09749,0.231156,-0.445425,-0.307492,-1.14943,0.292671,-5.96635,-0.208795,-19.9345,-1.82356,-25.3173,0.604165,-15.6292,0.400569,-47.4876,16.6241,-27.8276,-1.86788
1076,0.1076,12.0153,35.7442,0.241172,69.3987,-0.322799,-0.007305,-0.0458987,-8.49813,0.324628,-27.152,18.7619,-1.34898,-2.70288,16.2019,-0.137836,-96.7086,-0.122892,0.00343007,0.0215518,0.378151,-0.238319,-16.2019,10.8585,-5.29212,0.206143,10.9407,0.0888161,53.5168,-0.112515,-0.0029967,-0.0188288,-0.274645,0.57391,-10.9407,7.60971,4.06783,0.0979045,8.60164,0.290192,112.59,-0.0873919,-0.00773838,-0.0486217,-8.60164,-0.0109633,-0.00943021,0.293686,-0.124689,-3.00693,-0.987822,0.256043,-0.423878,-0.326954,-1.01029,0.227606,-5.96216,-0.208981,-19.9317,-1.82356,-25.3101,0.602943,-15.4481,0.371691,-47.5075,16.6114,-27.6693,-1.87233
1077,0.1077,12.0265,35.8062,0.245236,71.8679,-0.323229,-0.0074221,-0.0466344,-8.43508,0.262296,-27.2166,18.7878,-1.35896,-2.63739,16.2783,-0.136128,-95.5106,-0.123471,0.00338759,0.0212848,0.480018,-0.295403,-16.2783,10.8998,-5.28102,0.298183,10.9227,0.0904796,54.5192,-0.11233,-0.00305283,-0.0191815,-0.309888,0.572557,-10.9227,7.59141,4.04554,0.0743047,8.60521,0.290885,112.859,-0.0874282,-0.00775686,-0.0487378,-8.60521,-0.0148577,-0.0156802,0.29664,-0.123476,-3.00988,-1.0334,0.24448,-0.506777,-0.348439,-1.12681,0.255901,-5.96067,-0.209575,-19.9317,-1.82367,-25.3085,0.601931,-15.4292,0.297201,-47.6551,16.6157,-27.7943,-1.77956
1078,0.1078,12.0377,35.8921,0.245361,71.5364,-0.323839,-0.00744142,-0.0467558,-8.35571,0.175268,-27.3054,18.8361,-1.37667,-2.55919,16.3794,-0.13848,-97.1608,-0.124238,0.00344612,0.0216526,0.598182,-0.372932,-16.3794,10.962,-5.27691,0.404319,10.9033,0.0921458,55.5231,-0.11213,-0.00310905,-0.0195347,-0.344456,0.566927,-10.9033,7.57412,4.02217,0.0496746,8.60943,0.291696,113.174,-0.0874711,-0.00777849,-0.0488737,-8.60943,-0.0187265,-0.0228203,0.300024,-0.121934,-3.01318,-0.958445,0.260245,-0.450644,-0.343283,-1.00011,0.212585,-5.95809,-0.210524,-19.9288,-1.82265,-25.3029,0.600195,-15.2722,0.224989,-47.6849,16.6702,-27.6797,-1.74641
1079,0.1079,12.0488,36.0253,0.243026,69.3645,-0.324828,-0.00740713,-0.0465403,-8.27783,0.0734946,-27.4415,18.9222,-1.40347,-2.47504,16.5204,-0.144231,-101.196,-0.125307,0.00358923,0.0225518,0.721999,-0.471913,-16.5204,11.055,-5.28483,0.518054,10.8903,0.0946528,57.0338,-0.111997,-0.00319364,-0.0200662,-0.385211,0.567795,-10.8903,7.56334,4.00147,0.0238252,8.61462,0.292605,113.527,-0.0875238,-0.00780272,-0.049026,-8.61462,-0.0223876,-0.0307756,0.303788,-0.120109,-3.01692,-1.04034,0.23611,-0.530142,-0.347885,-1.15695,0.266613,-5.95763,-0.211762,-19.93,-1.82212,-25.3035,0.598659,-15.2758,0.0978426,-47.9015,16.7522,-27.8639,-1.60977
1080,0.108,12.06,36.1883,0.240723,67.0484,-0.326062,-0.00738405,-0.0463954,-8.2279,-0.038198,-27.6079,19.0336,-1.4321,-2.4023,16.6839,-0.151263,-106.13,-0.126548,0.00376422,0.0236513,0.827111,-0.588282,-16.6839,11.1667,-5.29867,0.623047,10.8841,0.0983011,59.2321,-0.111933,-0.00331673,-0.0208396,-0.434721,0.576124,-10.8841,7.55876,3.98437,-0.00441207,8.62029,0.293685,113.946,-0.0875814,-0.00783154,-0.049207,-8.62029,-0.0260403,-0.0398765,0.308126,-0.117804,-3.02094,-0.949976,0.247375,-0.517344,-0.352544,-1.04965,0.221975,-5.95886,-0.213208,-19.9307,-1.82121,-25.3055,0.597463,-15.1367,-0.00403138,-48.0559,16.8599,-27.7873,-1.58286
1081,0.1081,12.0712,36.3407,0.23579,62.8823,-0.327204,-0.00729272,-0.0458215,-8.19366,-0.175736,-27.7636,19.1431,-1.45932,-2.33814,16.8414,-0.160706,-112.755,-0.127742,0.00399922,0.0251278,0.92076,-0.725429,-16.8414,11.2785,-5.31009,0.724369,10.8723,0.101608,61.2244,-0.111812,-0.00342829,-0.0215406,-0.487406,0.579069,-10.8723,7.55164,3.9659,-0.0371213,8.62701,0.294889,114.413,-0.0876497,-0.00786365,-0.0494087,-8.62701,-0.0293755,-0.0499348,0.312919,-0.11514,-3.02539,-1.01223,0.224173,-0.568594,-0.346758,-1.16265,0.268076,-5.96002,-0.214737,-19.9298,-1.81957,-25.3059,0.596368,-15.1659,-0.1663,-48.262,16.9767,-27.9279,-1.4737
1082,0.1082,12.0823,36.4896,0.229855,58.0258,-0.328344,-0.0071723,-0.0450649,-8.18622,-0.332535,-27.9155,19.2559,-1.4784,-2.29322,16.9857,-0.170775,-119.82,-0.128837,0.00424979,0.0267022,0.986441,-0.873293,-16.9857,11.3863,-5.31736,0.808905,10.8689,0.104425,62.9218,-0.111777,-0.00352334,-0.0221378,-0.537707,0.573022,-10.8689,7.55144,3.95108,-0.0718119,8.63495,0.296206,114.924,-0.0877304,-0.00789875,-0.0496293,-8.63495,-0.0322632,-0.0609103,0.318139,-0.112126,-3.03032,-0.95192,0.236211,-0.496814,-0.331274,-1.03983,0.234281,-5.96403,-0.216378,-19.9276,-1.81713,-25.3082,0.596108,-15.1022,-0.312702,-48.3399,17.1075,-27.8264,-1.46284
1083,0.1083,12.0935,36.5868,0.223031,52.6114,-0.3291,-0.00702123,-0.0441157,-8.21177,-0.501346,-28.0152,19.3419,-1.48174,-2.27905,17.076,-0.18085,-126.889,-0.129522,0.0045005,0.0282775,1.00719,-1.01734,-17.076,11.4653,-5.30983,0.86058,10.8665,0.106256,64.0255,-0.111752,-0.00358514,-0.0225261,-0.574594,0.550561,-10.8665,7.55285,3.93686,-0.103838,8.64436,0.297625,115.474,-0.087826,-0.00793659,-0.0498671,-8.64436,-0.0345707,-0.0727641,0.32376,-0.108776,-3.0358,-1.00174,0.218847,-0.568124,-0.339423,-1.15292,0.269848,-5.9734,-0.218089,-19.9293,-1.81503,-25.32,0.597255,-15.1869,-0.500587,-48.5126,17.1874,-27.9547,-1.41195
1084,0.1084,12.1047,36.6352,0.221236,50.7508,-0.329484,-0.00699051,-0.0439227,-8.29301,-0.64237,-28.0654,19.4028,-1.47243,-2.31257,17.1175,-0.185431,-130.102,-0.129837,0.00461449,0.0289937,0.967086,-1.12678,-17.1175,11.5188,-5.29001,0.863629,10.8624,0.107526,64.7904,-0.11171,-0.00362798,-0.0227952,-0.604834,0.520622,-10.8624,7.55426,3.92265,-0.134387,8.65526,0.299141,116.063,-0.0879367,-0.00797703,-0.0501211,-8.65526,-0.0362101,-0.0854926,0.329776,-0.105065,-3.04181,-0.898244,0.235062,-0.572309,-0.356447,-1.04244,0.21537,-5.98111,-0.219477,-19.9311,-1.81306,-25.3303,0.598266,-15.1724,-0.626785,-48.5689,17.2333,-27.8451,-1.49893
1085,0.1085,12.1158,36.6532,0.222946,51.3644,-0.329637,-0.00704288,-0.0442517,-8.40289,-0.767261,-28.0843,19.4484,-1.45678,-2.37125,17.1286,-0.186125,-130.59,-0.129921,0.00463177,0.0291023,0.893363,-1.21497,-17.1286,11.5566,-5.26429,0.839958,10.8566,0.108309,65.2623,-0.111651,-0.0036544,-0.0229613,-0.628321,0.484781,-10.8566,7.55557,3.9085,-0.162752,8.66793,0.300762,116.692,-0.0880655,-0.00802026,-0.0503928,-8.66793,-0.0370722,-0.0990993,0.336191,-0.100986,-3.04846,-0.956707,0.218133,-0.639331,-0.363712,-1.16017,0.253748,-5.98959,-0.220641,-19.933,-1.81112,-25.3413,0.599636,-15.3492,-0.769769,-48.6566,17.2735,-27.9582,-1.51787
1086,0.1086,12.127,36.6702,0.230132,55.8202,-0.329782,-0.00722914,-0.045422,-8.5566,-0.840299,-28.1011,19.4972,-1.44338,-2.47389,17.1392,-0.181146,-127.096,-0.130001,0.00450787,0.0283238,0.771925,-1.2485,-17.1392,11.5979,-5.24117,0.770508,10.8484,0.108803,65.5599,-0.111566,-0.00367106,-0.023066,-0.645935,0.445236,-10.8484,7.55632,3.89433,-0.188582,8.68259,0.302476,117.356,-0.0882143,-0.00806595,-0.0506798,-8.68259,-0.037035,-0.113544,0.342978,-0.0965354,-3.05581,-0.897039,0.232461,-0.568095,-0.349833,-1.03558,0.217425,-5.99659,-0.221272,-19.9351,-1.80971,-25.3509,0.601038,-15.4502,-0.82911,-48.6043,17.3377,-27.8299,-1.65542
1087,0.1087,12.1382,36.6589,0.237861,60.6243,-0.329713,-0.00742878,-0.0466764,-8.70604,-0.90287,-28.0883,19.5276,-1.42274,-2.5766,17.1211,-0.175703,-123.277,-0.129864,0.0043724,0.0274726,0.652205,-1.27083,-17.1211,11.6206,-5.21159,0.699062,10.8384,0.109261,65.8359,-0.111463,-0.00368652,-0.0231631,-0.658782,0.403992,-10.8384,7.55677,3.88051,-0.211694,8.69946,0.304302,118.065,-0.0883858,-0.00811467,-0.0509859,-8.69946,-0.0360351,-0.1289,0.350183,-0.0916592,-3.06397,-0.942891,0.224363,-0.623551,-0.362083,-1.128,0.242332,-6.00369,-0.221316,-19.9389,-1.80927,-25.3623,0.602958,-15.6526,-0.899824,-48.6508,17.3562,-27.913,-1.73131
1088,0.1088,12.1493,36.6917,0.245906,65.5969,-0.329983,-0.00763722,-0.0479861,-8.86257,-0.936405,-28.1181,19.589,-1.4163,-2.6929,17.1447,-0.170166,-119.392,-0.130043,0.00423461,0.0266069,0.523432,-1.26447,-17.1447,11.6733,-5.19779,0.611952,10.8281,0.109795,66.1578,-0.111357,-0.00370454,-0.0232763,-0.667116,0.362086,-10.8281,7.55785,3.86777,-0.231789,8.71888,0.306276,118.831,-0.0885831,-0.0081673,-0.0513166,-8.71888,-0.0340201,-0.145301,0.357885,-0.0862773,-3.07306,-0.901236,0.233831,-0.577826,-0.351339,-1.0445,0.217072,-6.00777,-0.220618,-19.9444,-1.81005,-25.3719,0.60466,-15.7716,-0.923193,-48.6402,17.4276,-27.8327,-1.87117
1089,0.1089,12.1605,36.7292,0.254077,70.5865,-0.330303,-0.00784975,-0.0493214,-9.02687,-0.945164,-28.1508,19.6536,-1.40957,-2.82198,17.1684,-0.164774,-115.609,-0.130223,0.00410043,0.0257638,0.384451,-1.23377,-17.1684,11.7268,-5.18614,0.509548,10.8194,0.110392,66.5172,-0.111268,-0.00372467,-0.0234028,-0.669961,0.319542,-10.8194,7.56057,3.85684,-0.248186,8.74136,0.308459,119.678,-0.0888115,-0.00822551,-0.0516824,-8.74136,-0.0309332,-0.162978,0.366227,-0.080275,-3.08334,-0.895012,0.24035,-0.66462,-0.392357,-1.1062,0.208717,-6.00349,-0.218907,-19.9476,-1.81157,-25.3701,0.605095,-15.9254,-0.923721,-48.763,17.4496,-27.8859,-2.00817
1090,0.109,12.1717,36.8112,0.261305,74.8439,-0.330978,-0.00803801,-0.0505043,-9.18048,-0.93654,-28.2261,19.7486,-1.41492,-2.94991,17.2294,-0.160452,-112.576,-0.130685,0.00399288,0.025088,0.252862,-1.18547,-17.2294,11.8072,-5.18982,0.40551,10.8143,0.110846,66.791,-0.111216,-0.00374,-0.0234991,-0.665805,0.275655,-10.8143,7.56597,3.84836,-0.260274,8.76754,0.310911,120.629,-0.0890774,-0.00829089,-0.0520932,-8.76754,-0.0267222,-0.182341,0.375411,-0.0734582,-3.09515,-0.894995,0.240585,-0.618313,-0.372274,-1.07115,0.208027,-5.99485,-0.216572,-19.9493,-1.81361,-25.3621,0.604816,-16.0703,-0.912528,-48.7937,17.5627,-27.8482,-2.13707
1091,0.1091,12.1828,36.8748,0.267897,78.5912,-0.33154,-0.00820571,-0.051558,-9.32622,-0.909149,-28.2799,19.8299,-1.41218,-3.0797,17.2621,-0.15655,-109.839,-0.130933,0.00389578,0.0244779,0.124254,-1.11668,-17.2621,11.8695,-5.18926,0.296439,10.8141,0.110688,66.6961,-0.111213,-0.00373468,-0.0234657,-0.651802,0.228775,-10.8141,7.57464,3.84271,-0.267104,8.79867,0.313758,121.734,-0.0893938,-0.00836681,-0.0525702,-8.79867,-0.0212421,-0.203819,0.385712,-0.0656227,-3.10904,-0.869675,0.247634,-0.676384,-0.403751,-1.09076,0.191768,-5.97833,-0.213416,-19.9483,-1.81628,-25.3427,0.603269,-16.1742,-0.874931,-48.9046,17.6098,-27.8457,-2.28467
1092,0.1092,12.194,36.9296,0.271553,80.2882,-0.332069,-0.0082884,-0.0520776,-9.43686,-0.903029,-28.3214,19.9016,-1.4036,-3.18177,17.2732,-0.15457,-108.45,-0.131018,0.00384652,0.0241684,0.0208668,-1.06664,-17.2732,11.9169,-5.18726,0.209324,10.8205,0.109093,65.7346,-0.111279,-0.00368085,-0.0231274,-0.621844,0.177481,-10.8205,7.58744,3.84027,-0.265706,8.83588,0.317031,123.004,-0.0897718,-0.00845408,-0.0531185,-8.83588,-0.013866,-0.227658,0.397237,-0.0566063,-3.12539,-0.835271,0.251253,-0.674181,-0.406345,-1.05407,0.174777,-5.96066,-0.209997,-19.9485,-1.81988,-25.3233,0.601612,-16.2328,-0.861773,-48.944,17.6754,-27.781,-2.40539
1093,0.1093,12.2052,36.9815,0.272499,80.1424,-0.3326,-0.00829201,-0.0521002,-9.51846,-0.90253,-28.3571,19.9689,-1.39364,-3.26292,17.2725,-0.154182,-108.178,-0.131012,0.00383686,0.0241077,-0.0663227,-1.02353,-17.2725,11.9559,-5.18727,0.134276,10.832,0.106135,63.9523,-0.111397,-0.00358104,-0.0225004,-0.575085,0.126385,-10.832,7.60356,3.84036,-0.253785,8.87705,0.320546,124.368,-0.09019,-0.00854783,-0.0537076,-8.87705,-0.0053871,-0.252647,0.40939,-0.0467302,-3.14341,-0.832768,0.25362,-0.712667,-0.426397,-1.08312,0.171235,-5.94406,-0.206687,-19.9482,-1.82361,-25.3047,0.600176,-16.2953,-0.855597,-49.018,17.7188,-27.7815,-2.49151
1094,0.1094,12.2163,37.005,0.273448,79.8276,-0.332919,-0.0082953,-0.0521209,-9.58427,-0.893749,-28.3616,20.0143,-1.37896,-3.32874,17.2412,-0.154222,-108.206,-0.130775,0.00383786,0.024114,-0.141158,-0.981618,-17.2412,11.973,-5.18373,0.0678829,10.8398,0.10301,62.0692,-0.111477,-0.0034756,-0.0218378,-0.519108,0.0825451,-10.8398,7.61817,3.83996,-0.23299,8.92401,0.324661,125.964,-0.0906672,-0.00865756,-0.0543971,-8.92401,0.00532311,-0.280665,0.423171,-0.0351913,-3.16364,-0.790165,0.266438,-0.697499,-0.437512,-1.02384,0.142584,-5.92943,-0.203851,-19.9473,-1.82703,-25.2877,0.598855,-16.3039,-0.831162,-49.0064,17.7498,-27.6905,-2.58731
1095,0.1095,12.2275,37.0399,0.274749,79.076,-0.333329,-0.00831346,-0.052235,-9.63161,-0.93487,-28.3842,20.0684,-1.36696,-3.35892,17.2203,-0.156276,-109.647,-0.130616,0.00388896,0.0244351,-0.198994,-1.0003,-17.2203,11.994,-5.18767,0.0312699,10.8441,0.100156,60.3498,-0.111522,-0.00337932,-0.0212329,-0.457104,0.0475356,-10.8441,7.63143,3.83941,-0.204573,8.97551,0.330869,128.373,-0.0911904,-0.0088231,-0.0554372,-8.97551,0.0178945,-0.319829,0.442928,-0.0186968,-3.18562,-0.791287,0.274789,-0.702243,-0.453457,-1.027,0.135061,-5.9176,-0.201764,-19.9445,-1.82952,-25.272,0.597664,-16.3405,-0.861845,-49.031,17.7854,-27.666,-2.6262
1096,0.1096,12.2387,37.0712,0.280044,79.5919,-0.333709,-0.00844235,-0.0530449,-9.66741,-0.990718,-28.433,20.1339,-1.34533,-3.37449,17.1966,-0.159446,-111.871,-0.130437,0.00396784,0.0249307,-0.254451,-1.03905,-17.1966,12.0105,-5.195,0.0017826,10.8518,0.0976195,58.8213,-0.111601,-0.00329373,-0.0206951,-0.390194,0.0208341,-10.8518,7.6469,3.84119,-0.169462,9.02277,0.34187,132.641,-0.0916706,-0.00911646,-0.0572804,-9.02277,0.0274937,-0.384589,0.47652,0.0084776,-3.20682,-0.770036,0.282253,-0.665303,-0.450628,-0.973816,0.119948,-5.90694,-0.200596,-19.9401,-1.83085,-25.2561,0.595969,-16.3444,-0.909061,-49.0384,17.8524,-27.5753,-2.65858
1097,0.1097,12.2498,37.0564,0.281026,78.7868,-0.333686,-0.00845955,-0.0531529,-9.68069,-1.0115,-28.4263,20.1641,-1.32971,-3.38288,17.1473,-0.16193,-113.614,-0.130063,0.00402967,0.0253192,-0.314407,-1.05173,-17.1473,12.007,-5.19804,-0.0387159,10.8633,0.0957242,57.6793,-0.11172,-0.00322978,-0.0202933,-0.320565,0.00250827,-10.8633,7.66451,3.84544,-0.128845,9.04572,0.347232,134.721,-0.0919037,-0.00925944,-0.0581788,-9.04572,0.0377202,-0.415686,0.492636,0.0228861,-3.21531,-0.800578,0.289037,-0.597768,-0.436945,-0.9525,0.125646,-5.89917,-0.200509,-19.9324,-1.83033,-25.2403,0.594082,-16.3804,-0.922976,-48.9565,17.8968,-27.5225,-2.66315
1098,0.1098,12.261,37.007,0.279074,77.072,-0.333357,-0.00840222,-0.0527927,-9.67473,-1.0105,-28.3811,20.1682,-1.31879,-3.38052,17.0811,-0.164098,-115.135,-0.129561,0.00408363,0.0256582,-0.377493,-1.05296,-17.0811,11.9887,-5.19822,-0.0848492,10.8768,0.0944304,56.8997,-0.111859,-0.00318613,-0.020019,-0.248155,-0.00742421,-10.8768,7.68289,3.85136,-0.0827133,9.04908,0.348742,135.307,-0.0919379,-0.00929972,-0.0584319,-9.04908,0.0498919,-0.423101,0.49655,0.0280672,-3.21296,-0.791493,0.299457,-0.544607,-0.430324,-0.899039,0.112693,-5.89745,-0.201359,-19.9291,-1.82969,-25.2353,0.592948,-16.3637,-0.912398,-48.8547,17.9081,-27.4532,-2.67488
1099,0.1099,12.2722,36.9293,0.274797,74.5762,-0.332772,-0.00828691,-0.0520682,-9.65019,-1.0008,-28.3052,20.1502,-1.3118,-3.36384,17.0023,-0.16627,-116.659,-0.128963,0.00413767,0.0259978,-0.441029,-1.05492,-17.0023,11.9583,-5.19593,-0.131064,10.8901,0.0937074,56.4641,-0.111995,-0.00316174,-0.0198658,-0.172303,-0.00861167,-10.8901,7.70051,3.85804,-0.0305081,9.03686,0.34736,134.771,-0.0918137,-0.00926285,-0.0582002,-9.03686,0.0627336,-0.412808,0.491338,0.0260804,-3.20227,-0.758793,0.297538,-0.593077,-0.446401,-0.902049,0.102386,-5.90146,-0.203051,-19.9266,-1.82815,-25.2375,0.592563,-16.3104,-0.906314,-48.8249,17.8756,-27.4514,-2.66889
1100,0.11,12.2833,36.8165,0.26907,71.7101,-0.331885,-0.00813836,-0.0511349,-9.61746,-0.982622,-28.1915,20.1043,-1.30496,-3.3393,16.9022,-0.168366,-118.13,-0.128204,0.00418984,0.0263255,-0.508721,-1.05748,-16.9022,11.9098,-5.18767,-0.17993,10.9012,0.0937694,56.5015,-0.11211,-0.00316383,-0.0198789,-0.0957415,-0.000899208,-10.9012,7.71581,3.86471,0.0261175,9.013,0.343667,133.338,-0.0915713,-0.00916437,-0.0575814,-9.013,0.0757606,-0.387993,0.478711,0.0179995,-3.18549,-0.728788,0.287992,-0.637782,-0.451054,-0.906178,0.100283,-5.90693,-0.205194,-19.9244,-1.8259,-25.2415,0.592153,-16.2532,-0.899824,-48.7536,17.8273,-27.4526,-2.64686
1101,0.1101,12.2945,36.7134,0.263581,69.225,-0.331054,-0.00800281,-0.0502831,-9.58677,-0.954203,-28.0863,20.0615,-1.306,-3.31504,16.8186,-0.170225,-119.434,-0.127569,0.0042361,0.0266162,-0.58072,-1.05634,-16.8186,11.8696,-5.18444,-0.232798,10.9114,0.0948301,57.1406,-0.112214,-0.00319962,-0.0201038,-0.0226491,0.0149717,-10.9114,7.72915,3.87161,0.084177,8.9834,0.338976,131.518,-0.0912706,-0.00903929,-0.0567955,-8.9834,0.0871703,-0.356368,0.462721,0.00683762,-3.16642,-0.702684,0.292695,-0.654398,-0.46364,-0.890932,0.0868299,-5.91184,-0.207448,-19.9205,-1.823,-25.2432,0.59154,-16.2013,-0.868956,-48.6612,17.7748,-27.4401,-2.63667
1102,0.1102,12.3057,36.6392,0.259098,67.4058,-0.330442,-0.0078977,-0.0496227,-9.55968,-0.910216,-28.0098,20.0348,-1.31606,-3.29421,16.7639,-0.171633,-120.422,-0.127155,0.00427113,0.0268363,-0.653424,-1.0447,-16.7639,11.8472,-5.18995,-0.289152,10.922,0.096515,58.1558,-0.112323,-0.00325647,-0.020461,0.0470182,0.0386065,-10.922,7.74127,3.87885,0.143188,8.95328,0.334216,129.672,-0.0909645,-0.00891236,-0.055998,-8.95328,0.0958757,-0.323875,0.446402,-0.00496099,-3.14824,-0.692952,0.287419,-0.661588,-0.459961,-0.886861,0.0886912,-5.91826,-0.209535,-19.9224,-1.82144,-25.2521,0.591492,-16.1709,-0.832332,-48.5938,17.7534,-27.455,-2.61402
1103,0.1103,12.3168,36.5715,0.255584,66.1322,-0.329885,-0.00781996,-0.0491343,-9.53849,-0.849901,-27.9393,20.008,-1.32723,-3.27903,16.7138,-0.172706,-121.175,-0.126775,0.00429784,0.0270041,-0.725268,-1.02114,-16.7138,11.8253,-5.19686,-0.348465,10.9325,0.0985023,59.3533,-0.112431,-0.00332352,-0.0208823,0.111992,0.0691718,-10.9325,7.75168,3.88593,0.201643,8.92522,0.329788,127.953,-0.0906795,-0.00879428,-0.0552561,-8.92522,0.102071,-0.293015,0.43103,-0.0162966,-3.13221,-0.654634,0.293835,-0.641402,-0.459855,-0.823376,0.0686862,-5.92837,-0.211292,-19.9249,-1.82012,-25.2656,0.592903,-16.1215,-0.767359,-48.5056,17.728,-27.4162,-2.61744
1104,0.1104,12.328,36.4983,0.253177,65.469,-0.329287,-0.00777187,-0.0488321,-9.52097,-0.765959,-27.863,19.9726,-1.33682,-3.27125,16.6574,-0.173298,-121.59,-0.126347,0.00431256,0.0270966,-0.789819,-0.976761,-16.6574,11.7965,-5.20208,-0.408986,10.9408,0.100629,60.6348,-0.112517,-0.00339528,-0.0213332,0.168908,0.104484,-10.9408,7.75895,3.89195,0.256242,8.90006,0.325846,126.424,-0.0904239,-0.00868916,-0.0545956,-8.90006,0.106318,-0.264796,0.417104,-0.0266888,-3.11851,-0.644359,0.296182,-0.59277,-0.444077,-0.768061,0.0629616,-5.93925,-0.212503,-19.9267,-1.81892,-25.2794,0.595143,-16.1046,-0.68228,-48.3825,17.7096,-27.3843,-2.61315
1105,0.1105,12.3392,36.4241,0.251243,64.9945,-0.32868,-0.00773611,-0.0486074,-9.51226,-0.672335,-27.7858,19.9315,-1.34701,-3.27265,16.6008,-0.173853,-121.979,-0.125918,0.00432637,0.0271834,-0.84826,-0.922296,-16.6008,11.765,-5.20715,-0.468475,10.9455,0.102727,61.8989,-0.112565,-0.00346606,-0.0217779,0.213771,0.140825,-10.9455,7.76193,3.89616,0.302699,8.87777,0.322369,125.075,-0.0901974,-0.00859643,-0.0540129,-8.87777,0.109136,-0.2394,0.404658,-0.0360128,-3.10688,-0.613315,0.300015,-0.591579,-0.448638,-0.730538,0.0480871,-5.94527,-0.212984,-19.9277,-1.81825,-25.287,0.596753,-16.0708,-0.585303,-48.305,17.6646,-27.3645,-2.62781
1106,0.1106,12.3503,36.3421,0.248643,63.978,-0.328006,-0.00767874,-0.0482469,-9.51948,-0.584108,-27.7007,19.88,-1.35653,-3.28696,16.5388,-0.17486,-122.686,-0.125447,0.00435143,0.0273408,-0.90553,-0.869155,-16.5388,11.7268,-5.21013,-0.527158,10.9452,0.104161,62.7633,-0.112562,-0.00351446,-0.022082,0.244102,0.174137,-10.9452,7.75966,3.8979,0.337204,8.85805,0.319342,123.9,-0.0899971,-0.0085157,-0.0535057,-8.85805,0.11091,-0.216634,0.393604,-0.0443041,-3.09701,-0.597753,0.291686,-0.57868,-0.433701,-0.705665,0.0504137,-5.94308,-0.212761,-19.931,-1.81906,-25.2876,0.59663,-16.0603,-0.505182,-48.2104,17.6273,-27.3498,-2.63992
1107,0.1107,12.3615,36.2534,0.245163,62.3127,-0.32728,-0.0075923,-0.0477038,-9.54161,-0.502324,-27.6092,19.8193,-1.3642,-3.3151,16.4706,-0.176242,-123.655,-0.12493,0.00438582,0.0275569,-0.961203,-0.815749,-16.4706,11.6814,-5.21049,-0.585179,10.9424,0.104713,63.0955,-0.112533,-0.00353307,-0.0221989,0.260001,0.201527,-10.9424,7.75417,3.89796,0.35859,8.84041,0.316692,122.872,-0.0898178,-0.00844504,-0.0530618,-8.84041,0.111897,-0.196236,0.383772,-0.0516647,-3.08851,-0.56213,0.293049,-0.609132,-0.447074,-0.691974,0.0362544,-5.93723,-0.211892,-19.9318,-1.82,-25.2818,0.596183,-16.041,-0.421168,-48.1501,17.5523,-27.338,-2.68266
1108,0.1108,12.3727,36.1657,0.241005,60.182,-0.326567,-0.00748075,-0.0470029,-9.56791,-0.417497,-27.5186,19.7555,-1.37103,-3.35129,16.4014,-0.177593,-124.604,-0.124405,0.00441946,0.0277683,-1.00885,-0.754093,-16.4014,11.633,-5.20973,-0.640226,10.9395,0.104277,62.8329,-0.112504,-0.00351836,-0.0221065,0.265667,0.224454,-10.9395,7.74759,3.897,0.370218,8.82473,0.314322,121.953,-0.0896585,-0.00838184,-0.0526647,-8.82473,0.112141,-0.177613,0.374856,-0.0583056,-3.08128,-0.536779,0.291691,-0.688025,-0.475199,-0.730723,0.0285372,-5.93131,-0.21071,-19.93,-1.82074,-25.2736,0.596025,-16.036,-0.336516,-48.1366,17.4595,-27.3754,-2.72673
1109,0.1109,12.3838,36.0792,0.236762,57.9624,-0.325866,-0.00736269,-0.0462612,-9.59042,-0.326474,-27.4294,19.6895,-1.37761,-3.38972,16.3326,-0.178748,-125.414,-0.123883,0.0044482,0.0279489,-1.04397,-0.682079,-16.3326,11.5827,-5.20815,-0.689663,10.9361,0.103294,62.2404,-0.112468,-0.00348518,-0.0218981,0.26411,0.243742,-10.9361,7.73992,3.89478,0.374937,8.81056,0.312217,121.136,-0.0895145,-0.00832571,-0.052312,-8.81056,0.111863,-0.160751,0.366832,-0.0642412,-3.07499,-0.526995,0.282533,-0.743603,-0.485049,-0.769476,0.0338673,-5.92394,-0.209412,-19.9294,-1.82214,-25.2648,0.595424,-16.0414,-0.253353,-48.1024,17.3823,-27.4119,-2.76043
1110,0.111,12.395,36.0005,0.232243,55.5217,-0.325223,-0.00723482,-0.0454577,-9.61278,-0.236128,-27.3481,19.6263,-1.38605,-3.42968,16.2712,-0.18001,-126.299,-0.123418,0.00447958,0.028146,-1.07322,-0.608278,-16.2712,11.5355,-5.20764,-0.735652,10.9315,0.101933,61.4204,-0.112421,-0.00343927,-0.0216095,0.258207,0.260992,-10.9315,7.7312,3.89114,0.375503,8.79777,0.31032,120.4,-0.0893846,-0.00827514,-0.0519942,-8.79777,0.111158,-0.145405,0.359556,-0.069551,-3.06953,-0.497092,0.277939,-0.758032,-0.485699,-0.749067,0.0269554,-5.91043,-0.207804,-19.9291,-1.8242,-25.2496,0.593429,-16.0203,-0.165993,-48.0352,17.3164,-27.3847,-2.8093
1111,0.1111,12.4062,35.9378,0.227672,52.9966,-0.324704,-0.00710488,-0.0446413,-9.63398,-0.146571,-27.2832,19.5726,-1.39841,-3.47025,16.2253,-0.18139,-127.267,-0.123069,0.00451394,0.0283619,-1.0969,-0.532787,-16.2253,11.4975,-5.21037,-0.778404,10.9265,0.100449,60.5261,-0.112369,-0.00338919,-0.0212949,0.248995,0.276106,-10.9265,7.72213,3.88627,0.372867,8.78607,0.308613,119.738,-0.0892657,-0.00822962,-0.0517083,-8.78607,0.11011,-0.131423,0.352954,-0.0743061,-3.06472,-0.474677,0.274674,-0.769429,-0.486909,-0.733748,0.0214558,-5.89826,-0.206315,-19.9279,-1.82604,-25.235,0.591668,-16.0069,-0.0782111,-47.9805,17.2596,-27.3671,-2.85713
1112,0.1112,12.4173,35.8858,0.223857,50.9464,-0.324267,-0.00699413,-0.0439454,-9.6403,-0.0533796,-27.2291,19.525,-1.41322,-3.50209,16.1892,-0.182197,-127.833,-0.122795,0.00453401,0.028488,-1.10266,-0.451695,-16.1892,11.465,-5.21484,-0.809813,10.9213,0.0989711,59.6358,-0.112316,-0.00333934,-0.0209817,0.237676,0.289539,-10.9213,7.71306,3.88019,0.368162,8.77532,0.307083,119.144,-0.0891565,-0.0081888,-0.0514518,-8.77532,0.108776,-0.118632,0.346952,-0.0785705,-3.06044,-0.461895,0.273763,-0.816118,-0.504647,-0.759536,0.0174633,-5.88694,-0.205011,-19.9261,-1.82763,-25.2207,0.589943,-15.9891,0.0153718,-47.9713,17.1927,-27.3935,-2.89468
1113,0.1113,12.4285,35.8276,0.221496,49.8558,-0.323784,-0.00692109,-0.0434865,-9.61991,0.0433826,-27.1693,19.4717,-1.42608,-3.51583,16.1471,-0.18184,-127.583,-0.122476,0.00452514,0.0284323,-1.0796,-0.365524,-16.1471,11.4265,-5.21639,-0.821449,10.9153,0.097637,58.8319,-0.112254,-0.00329432,-0.0206988,0.224978,0.301663,-10.9153,7.70372,3.87269,0.36217,8.76529,0.305699,118.607,-0.0890546,-0.0081519,-0.0512199,-8.76529,0.107244,-0.106956,0.341492,-0.0823816,-3.05656,-0.455048,0.270941,-0.830782,-0.507587,-0.763571,0.0173165,-5.88106,-0.204203,-19.9246,-1.82881,-25.2129,0.589127,-15.956,0.110121,-47.9247,17.1353,-27.4026,-2.90939
1114,0.1114,12.4397,35.7588,0.219945,49.2791,-0.323219,-0.00687003,-0.0431657,-9.58019,0.13474,-27.0989,19.4089,-1.43558,-3.51466,16.0947,-0.180972,-126.974,-0.122078,0.00450352,0.0282965,-1.03536,-0.282805,-16.0947,11.3783,-5.21342,-0.816551,10.9081,0.0964826,58.1363,-0.11218,-0.00325537,-0.0204541,0.211169,0.312115,-10.9081,7.6941,3.86368,0.354987,8.756,0.304434,118.117,-0.0889602,-0.00811819,-0.0510081,-8.756,0.105431,-0.096126,0.336453,-0.0858442,-3.0531,-0.44662,0.269133,-0.833153,-0.50675,-0.754009,0.015561,-5.87828,-0.203779,-19.922,-1.8293,-25.2074,0.588766,-15.9051,0.200094,-47.8541,17.0728,-27.397,-2.91033
1115,0.1115,12.4508,35.667,0.220627,50.2123,-0.322477,-0.00687631,-0.0432051,-9.51165,0.21795,-27.006,19.3269,-1.43852,-3.4902,16.0202,-0.178171,-125.009,-0.121514,0.00443383,0.0278586,-0.960656,-0.205418,-16.0202,11.311,-5.20252,-0.786547,10.8995,0.0955061,57.5479,-0.112092,-0.00322243,-0.0202471,0.196211,0.319873,-10.8995,7.68401,3.85295,0.346225,8.7472,0.303292,117.673,-0.0888708,-0.00808771,-0.0508166,-8.7472,0.103495,-0.0862087,0.331859,-0.0889469,-3.04988,-0.440703,0.266083,-0.847262,-0.50939,-0.759137,0.0160499,-5.87352,-0.203585,-19.9203,-1.82979,-25.2007,0.587575,-15.8259,0.280448,-47.7735,16.9877,-27.3983,-2.88658
1116,0.1116,12.462,35.5587,0.222474,51.9318,-0.321602,-0.00691229,-0.0434312,-9.41949,0.291601,-26.8969,19.2325,-1.43727,-3.4471,15.9322,-0.174348,-122.327,-0.120846,0.0043387,0.0272608,-0.860986,-0.13417,-15.9322,11.2326,-5.18529,-0.735952,10.8876,0.0945912,56.9967,-0.11197,-0.00319156,-0.0200532,0.180365,0.324334,-10.8876,7.67233,3.83977,0.335738,8.73887,0.302231,117.262,-0.0887862,-0.00805943,-0.0506389,-8.73887,0.101436,-0.0770847,0.327627,-0.091744,-3.04688,-0.431848,0.265178,-0.888322,-0.524509,-0.78406,0.0136789,-5.86826,-0.20354,-19.917,-1.82972,-25.1918,0.586176,-15.7196,0.353239,-47.7023,16.8783,-27.4131,-2.84724
1117,0.1117,12.4732,35.4431,0.22474,53.9185,-0.320656,-0.00695875,-0.0437231,-9.31876,0.350298,-26.7809,19.1334,-1.43609,-3.39543,15.8424,-0.170184,-119.405,-0.120165,0.00423507,0.0266097,-0.751832,-0.0737557,-15.8424,11.1524,-5.16494,-0.6748,10.8698,0.0936668,56.4397,-0.111786,-0.00316037,-0.0198572,0.163943,0.324754,-10.8698,7.65731,3.8231,0.323411,8.73087,0.301257,116.884,-0.0887049,-0.00803345,-0.0504756,-8.73087,0.0992994,-0.0686868,0.323738,-0.0942508,-3.04404,-0.423301,0.262945,-0.916158,-0.531836,-0.796393,0.0126756,-5.86954,-0.204017,-19.913,-1.82874,-25.1894,0.586025,-15.6116,0.409226,-47.6101,16.7729,-27.4219,-2.79673
1118,0.1118,12.4843,35.3176,0.22682,55.755,-0.319619,-0.00700063,-0.0439862,-9.22513,0.392293,-26.6553,19.0287,-1.43455,-3.34518,15.7492,-0.166263,-116.654,-0.119458,0.0041375,0.0259967,-0.649774,-0.0274228,-15.7492,11.07,-5.14056,-0.614271,10.8452,0.0927343,55.8777,-0.111533,-0.0031289,-0.0196595,0.147881,0.322625,-10.8452,7.63861,3.80253,0.310432,8.72324,0.300348,116.531,-0.0886274,-0.00800922,-0.0503234,-8.72324,0.0970909,-0.0609437,0.320146,-0.0965166,-3.04134,-0.418067,0.260198,-0.947441,-0.540106,-0.816103,0.0135137,-5.8704,-0.204687,-19.9086,-1.82738,-25.1863,0.585615,-15.5136,0.447803,-47.5114,16.6613,-27.4369,-2.74606
1119,0.1119,12.4955,35.1962,0.229142,57.7423,-0.318599,-0.0070482,-0.0442852,-9.12746,0.418418,-26.534,18.9296,-1.43612,-3.28841,15.6647,-0.162125,-113.75,-0.118817,0.00403451,0.0253496,-0.54375,0.00567016,-15.6647,10.995,-5.11649,-0.5464,10.8156,0.0917484,55.2837,-0.111229,-0.00309564,-0.0194505,0.132224,0.317998,-10.8156,7.61776,3.77895,0.296804,8.71593,0.299518,116.209,-0.0885531,-0.00798708,-0.0501843,-8.71593,0.0947501,-0.0537264,0.316819,-0.0985812,-3.03881,-0.398421,0.251696,-0.911861,-0.51719,-0.765708,0.0139945,-5.86533,-0.205317,-19.9093,-1.82727,-25.1813,0.583566,-15.3912,0.464798,-47.3552,16.5851,-27.3831,-2.69085
1120,0.112,12.5067,35.0836,0.231091,59.4947,-0.317638,-0.00708294,-0.0445035,-9.0247,0.427741,-26.4217,18.8399,-1.44126,-3.22494,15.5919,-0.157993,-110.851,-0.118265,0.00393169,0.0247035,-0.43256,0.0250094,-15.5919,10.93,-5.09408,-0.4704,10.7827,0.0903496,54.4409,-0.110891,-0.00304844,-0.0191539,0.116746,0.310363,-10.7827,7.59615,3.75326,0.281829,8.70889,0.298735,115.905,-0.0884816,-0.00796619,-0.050053,-8.70889,0.0923682,-0.047055,0.313732,-0.100447,-3.03637,-0.397428,0.245684,-0.933159,-0.519267,-0.784477,0.0194252,-5.86444,-0.206115,-19.9108,-1.82697,-25.1816,0.58255,-15.2866,0.46731,-47.2657,16.4937,-27.4074,-2.62296
1121,0.1121,12.5178,34.977,0.232137,60.6467,-0.316705,-0.00709097,-0.0445539,-8.92527,0.424413,-26.3159,18.7586,-1.45204,-3.1597,15.5321,-0.154324,-108.277,-0.117811,0.0038404,0.0241299,-0.324718,0.0304819,-15.5321,10.8762,-5.07398,-0.392679,10.7429,0.0884654,53.3055,-0.110482,-0.00298487,-0.0187545,0.101498,0.303949,-10.7429,7.57148,3.72407,0.266961,8.70205,0.297996,115.619,-0.0884121,-0.0079465,-0.0499293,-8.70205,0.0899819,-0.0408942,0.310869,-0.102125,-3.03398,-0.410113,0.244135,-0.990347,-0.539984,-0.846864,0.0258867,-5.87009,-0.207049,-19.9122,-1.82617,-25.1892,0.583232,-15.2055,0.461499,-47.2184,16.3924,-27.4881,-2.55058
1122,0.1122,12.529,34.8812,0.233655,62.0586,-0.315843,-0.00711517,-0.0447059,-8.83204,0.420455,-26.2208,18.6893,-1.46761,-3.08958,15.4865,-0.150743,-105.765,-0.117465,0.00375127,0.02357,-0.222343,0.022805,-15.4865,10.8347,-5.05706,-0.314583,10.6992,0.0870663,52.4625,-0.110032,-0.00293766,-0.0184579,0.0858465,0.310236,-10.6992,7.54638,3.69313,0.256769,8.69554,0.297332,115.361,-0.088346,-0.00792878,-0.049818,-8.69554,0.0874137,-0.0350875,0.308207,-0.103683,-3.03176,-0.413768,0.241006,-0.994986,-0.538905,-0.854748,0.0299317,-5.87503,-0.207719,-19.9186,-1.8263,-25.2006,0.583844,-15.1208,0.453741,-47.1344,16.3241,-27.523,-2.4758
1123,0.1123,12.5402,34.8135,0.234012,62.6462,-0.315242,-0.00711018,-0.0446746,-8.74493,0.39883,-26.154,18.6443,-1.47832,-3.02235,15.4514,-0.148324,-104.068,-0.117199,0.00369109,0.0231918,-0.125651,0.00226272,-15.4514,10.8034,-5.04267,-0.237435,10.6729,0.0856237,51.5932,-0.109761,-0.00288899,-0.0181521,0.0699722,0.311747,-10.6729,7.53518,3.66945,0.244695,8.68925,0.296713,115.121,-0.088282,-0.00791228,-0.0497144,-8.68925,0.0848201,-0.0297081,0.305742,-0.105105,-3.0296,-0.436875,0.239181,-1.05734,-0.561618,-0.934164,0.0400665,-5.87932,-0.207878,-19.9283,-1.82696,-25.2143,0.584678,-15.0611,0.430133,-47.1397,16.2557,-27.6268,-2.3976
1124,0.1124,12.5513,34.7722,0.22842,59.5801,-0.31487,-0.00690976,-0.0434153,-8.66238,0.29782,-26.1139,18.62,-1.48957,-2.98706,15.432,-0.146532,-102.81,-0.117052,0.00364648,0.0229115,-0.0449715,-0.0258722,-15.432,10.7857,-5.03272,-0.169689,10.6572,0.0788266,47.4975,-0.109599,-0.00265965,-0.0167111,0.0656341,0.24142,-10.6572,7.53086,3.64952,0.210064,8.68304,0.296125,114.892,-0.088219,-0.00789659,-0.0496157,-8.68304,0.0822719,-0.0247451,0.303452,-0.106375,-3.02744,-0.451415,0.243605,-1.09323,-0.578466,-0.974927,0.0409018,-5.89399,-0.207854,-19.9318,-1.82587,-25.2338,0.588753,-15.0078,0.333571,-47.1389,16.2157,-27.6983,-2.35741
1125,0.1125,12.5625,34.7604,0.224715,57.624,-0.314765,-0.00677416,-0.0425633,-8.58775,0.204533,-26.1034,18.6216,-1.49937,-2.94939,15.4265,-0.144906,-101.669,-0.11701,0.00360601,0.0226572,0.0194112,-0.0588746,-15.4265,10.7806,-5.02722,-0.111978,10.6569,0.0740331,44.6092,-0.109597,-0.00249792,-0.0156949,0.0698837,0.183811,-10.6569,7.5397,3.63542,0.187957,8.67705,0.295587,114.684,-0.0881581,-0.00788225,-0.0495257,-8.67705,0.0795967,-0.0200915,0.301324,-0.107565,-3.02537,-0.46165,0.24618,-1.11894,-0.590691,-1.00531,0.0434345,-5.90266,-0.207587,-19.9369,-1.826,-25.2481,0.591524,-14.9521,0.243126,-47.1593,16.2049,-27.7528,-2.31443
1126,0.1126,12.5737,34.808,0.223854,57.2329,-0.315218,-0.00674694,-0.0423923,-8.52809,0.157951,-26.1526,18.669,-1.49765,-2.89547,15.4403,-0.144709,-101.531,-0.117115,0.00360113,0.0226266,0.0799171,-0.102756,-15.4403,10.7905,-5.02832,-0.0548614,10.6965,0.0734793,44.2755,-0.110004,-0.00247923,-0.0155775,0.0632321,0.18381,-10.6965,7.57921,3.63934,0.182725,8.67124,0.295084,114.489,-0.088099,-0.00786884,-0.0494414,-8.67124,0.0768971,-0.0157821,0.299352,-0.108671,-3.02334,-0.479127,0.251757,-1.1771,-0.619831,-1.07136,0.0471029,-5.91118,-0.207256,-19.9392,-1.8261,-25.2597,0.59442,-14.9184,0.202453,-47.2688,16.2231,-27.8287,-2.25395
1127,0.1127,12.5848,34.8688,0.225586,58.5777,-0.315782,-0.00679062,-0.0426667,-8.49749,0.126507,-26.215,18.7291,-1.49563,-2.85845,15.4629,-0.142673,-100.102,-0.117286,0.00355044,0.0223081,0.114368,-0.140162,-15.4629,10.8085,-5.0324,-0.0163487,10.7403,0.0736385,44.3715,-0.110455,-0.0024846,-0.0156112,0.0536781,0.192473,-10.7403,7.62316,3.64645,0.179218,8.66553,0.29462,114.309,-0.0880411,-0.00785646,-0.0493636,-8.66553,0.074197,-0.0117941,0.297531,-0.109684,-3.02132,-0.496064,0.259689,-1.24772,-0.655155,-1.14499,0.047815,-5.92219,-0.206787,-19.9365,-1.82546,-25.2695,0.598196,-14.9157,0.17941,-47.3992,16.2485,-27.9101,-2.21244
1128,0.1128,12.596,34.9674,0.226052,58.9692,-0.316649,-0.00680781,-0.0427747,-8.46835,0.0862559,-26.3155,18.8158,-1.50012,-2.81956,15.5177,-0.142493,-99.976,-0.117702,0.00354597,0.02228,0.148518,-0.188199,-15.5177,10.8478,-5.04643,0.0235761,10.7897,0.0743576,44.8047,-0.110963,-0.00250886,-0.0157637,0.0431006,0.203009,-10.7897,7.67217,3.65695,0.176211,8.65996,0.294187,114.141,-0.0879845,-0.00784491,-0.049291,-8.65996,0.0714456,-0.00809462,0.295844,-0.110633,-3.01935,-0.540889,0.267378,-1.43496,-0.735389,-1.35114,0.0591469,-5.92838,-0.205972,-19.9312,-1.82486,-25.2715,0.600939,-14.9376,0.147662,-47.6817,16.2556,-28.1227,-2.15948
1129,0.1129,12.6072,35.0735,0.225063,58.254,-0.317586,-0.00679565,-0.0426983,-8.4419,0.0380368,-26.4237,18.9104,-1.50325,-2.77776,15.5751,-0.144566,-101.431,-0.118137,0.00359756,0.0226041,0.183409,-0.249562,-15.5751,10.8904,-5.06244,0.0661318,10.8439,0.0758418,45.6991,-0.11152,-0.00255894,-0.0160783,0.0291535,0.218964,-10.8439,7.72573,3.67071,0.173508,8.65446,0.293787,113.986,-0.0879286,-0.00783427,-0.0492241,-8.65446,0.0686347,-0.00466123,0.294286,-0.111513,-3.0174,-0.525004,0.26929,-1.41293,-0.727121,-1.30908,0.0513344,-5.93304,-0.205017,-19.9241,-1.82416,-25.27,0.603324,-14.8999,0.10231,-47.7607,16.3591,-28.0823,-2.12311
1130,0.113,12.6183,35.188,0.223473,57.1072,-0.318585,-0.00676921,-0.0425322,-8.42891,-0.0129565,-26.5405,19.0133,-1.50926,-2.74651,15.6415,-0.147325,-103.366,-0.118641,0.00366621,0.0230355,0.205033,-0.311592,-15.6415,10.9408,-5.08243,0.0988905,10.8975,0.0774057,46.6414,-0.112071,-0.00261171,-0.0164099,0.0150776,0.232683,-10.8975,7.77974,3.68549,0.170007,8.64902,0.293391,113.832,-0.0878733,-0.00782371,-0.0491578,-8.64902,0.0659525,-0.00153359,0.292835,-0.112319,-3.0154,-0.499462,0.266617,-1.36155,-0.703142,-1.23342,0.0436261,-5.9313,-0.203914,-19.9195,-1.82448,-25.2638,0.603927,-14.8597,0.0497466,-47.8215,16.4857,-28.0065,-2.09895
1131,0.1131,12.6295,35.3165,0.221235,55.4629,-0.319698,-0.00673061,-0.0422897,-8.43022,-0.0630694,-26.6715,19.1284,-1.51785,-2.72467,15.7191,-0.151174,-106.067,-0.11923,0.003762,0.0236373,0.21598,-0.37492,-15.7191,11.0003,-5.10758,0.123474,10.9537,0.0794142,47.8516,-0.112649,-0.00267948,-0.0168357,-0.00244279,0.248441,-10.9537,7.83656,3.70282,0.165247,8.64376,0.292995,113.678,-0.0878199,-0.00781313,-0.0490913,-8.64376,0.0634098,0.00130481,0.291484,-0.113089,-3.01339,-0.468888,0.265336,-1.2815,-0.669768,-1.12632,0.0324801,-5.93085,-0.202992,-19.9138,-1.82453,-25.258,0.604656,-14.83,-0.000725375,-47.8668,16.6341,-27.9022,-2.08754
1132,0.1132,12.6407,35.4412,0.21869,53.5599,-0.320781,-0.00668544,-0.0420059,-8.4393,-0.120267,-26.7988,19.2428,-1.52615,-2.70799,15.7933,-0.155536,-109.128,-0.119792,0.00387056,0.0243194,0.21981,-0.443035,-15.7933,11.0587,-5.13391,0.144106,11.0095,0.0815244,49.1231,-0.113223,-0.00275068,-0.017283,-0.0206925,0.262369,-11.0095,7.89375,3.72157,0.15943,8.63842,0.292702,113.564,-0.0877656,-0.00780532,-0.0490423,-8.63842,0.0603982,0.00400696,0.290292,-0.11381,-3.01152,-0.429309,0.261926,-1.13466,-0.609587,-0.955741,0.0196462,-5.92417,-0.20214,-19.9113,-1.8255,-25.2483,0.603495,-14.7928,-0.0604812,-47.8448,16.8077,-27.7302,-2.08485
1133,0.1133,12.6518,35.5418,0.215801,51.4252,-0.321685,-0.0066303,-0.0416594,-8.45197,-0.1865,-26.9022,19.342,-1.52734,-2.69517,15.8418,-0.1601,-112.33,-0.12016,0.00398414,0.0250331,0.217677,-0.514319,-15.8418,11.1005,-5.15527,0.16138,11.0668,0.083471,50.2961,-0.113812,-0.00281636,-0.0176957,-0.0364721,0.270449,-11.0668,7.9523,3.74242,0.153127,8.63318,0.29243,113.459,-0.0877123,-0.00779808,-0.0489968,-8.63318,0.05737,0.00645287,0.289211,-0.114495,-3.00968,-0.443229,0.263666,-1.15341,-0.620563,-0.98707,0.0231329,-5.9188,-0.201624,-19.9088,-1.82614,-25.2401,0.602336,-14.814,-0.124457,-47.9644,16.8953,-27.7545,-2.0697
1134,0.1134,12.663,35.62,0.213934,49.9914,-0.322422,-0.00660109,-0.0414759,-8.47718,-0.241349,-26.9832,19.4275,-1.5233,-2.69511,15.8667,-0.163728,-114.875,-0.12035,0.00407442,0.0256003,0.203459,-0.572364,-15.8667,11.1274,-5.17348,0.166756,11.1251,0.0854684,51.4996,-0.114412,-0.00288375,-0.0181191,-0.052535,0.276767,-11.1251,8.01186,3.76534,0.146053,8.62811,0.292193,113.367,-0.0876608,-0.00779176,-0.048957,-8.62811,0.054248,0.00865443,0.288252,-0.115155,-3.00792,-0.420863,0.265885,-1.05949,-0.586749,-0.877684,0.011866,-5.91988,-0.20161,-19.9027,-1.82533,-25.2356,0.602534,-14.8179,-0.177074,-47.9454,17.0154,-27.6366,-2.08071
1135,0.1135,12.6742,35.6889,0.213682,49.6873,-0.323097,-0.0066129,-0.0415501,-8.51339,-0.280385,-27.0551,19.507,-1.51645,-2.70667,15.8794,-0.165818,-116.342,-0.120445,0.00412643,0.0259271,0.179832,-0.613995,-15.8794,11.1462,-5.19187,0.16168,11.1863,0.0875609,52.7605,-0.115041,-0.00295435,-0.0185627,-0.0700577,0.282265,-11.1863,8.07347,3.7912,0.13776,8.62316,0.291939,113.269,-0.0876106,-0.00778498,-0.0489145,-8.62316,0.0513458,0.0105942,0.287365,-0.115785,-3.00611,-0.395979,0.266465,-0.984581,-0.557836,-0.780401,0.00129043,-5.92296,-0.201968,-19.8961,-1.82394,-25.2329,0.602922,-14.8323,-0.215888,-47.9358,17.1252,-27.5297,-2.10246
1136,0.1136,12.6853,35.7594,0.214364,50.0642,-0.323789,-0.00664593,-0.0417576,-8.55094,-0.319309,-27.1286,19.5861,-1.51029,-2.72053,15.892,-0.166737,-116.986,-0.120541,0.00414929,0.0260708,0.153114,-0.652057,-15.892,11.1638,-5.21325,0.154432,11.2489,0.0894273,53.8851,-0.115685,-0.00301732,-0.0189584,-0.0855869,0.284129,-11.2489,8.13583,3.81938,0.129361,8.61847,0.291674,113.166,-0.0875629,-0.0077779,-0.04887,-8.61847,0.0486196,0.0122954,0.286547,-0.116414,-3.00432,-0.384964,0.261009,-0.968809,-0.54636,-0.754736,0.00198152,-5.91885,-0.202398,-19.8946,-1.82366,-25.2269,0.601178,-14.8547,-0.260699,-47.992,17.2161,-27.4919,-2.11737
1137,0.1137,12.6965,35.8317,0.215582,50.8325,-0.32449,-0.00669128,-0.0420426,-8.59027,-0.358597,-27.2038,19.6637,-1.50569,-2.73636,15.9081,-0.166995,-117.167,-0.120664,0.00415571,0.0261111,0.123372,-0.688275,-15.9081,11.1814,-5.2371,0.145114,11.3094,0.0911829,54.9429,-0.116307,-0.00307656,-0.0193306,-0.0995568,0.283585,-11.3094,8.19654,3.84848,0.1211,8.61409,0.291394,113.057,-0.0875184,-0.00777043,-0.048823,-8.61409,0.0460934,0.0137779,0.285788,-0.117069,-3.00257,-0.388711,0.25768,-1.02481,-0.564075,-0.805369,0.00682685,-5.91997,-0.203178,-19.8904,-1.82228,-25.2243,0.600613,-14.899,-0.304095,-48.1191,17.2774,-27.5353,-2.12892
1138,0.1138,12.7077,35.8958,0.216415,51.331,-0.325118,-0.00672537,-0.0422567,-8.63277,-0.395673,-27.2709,19.7329,-1.49991,-2.75671,15.9197,-0.167498,-117.52,-0.120751,0.00416822,0.0261897,0.0902896,-0.720606,-15.9197,11.1933,-5.26024,0.131929,11.3663,0.0927351,55.8782,-0.116893,-0.00312893,-0.0196597,-0.113258,0.281635,-11.3663,8.25443,3.87802,0.112329,8.60981,0.291177,112.973,-0.0874749,-0.00776466,-0.0487868,-8.60981,0.0432974,0.0150564,0.285169,-0.117693,-3.00097,-0.376971,0.250285,-1.01484,-0.551888,-0.784185,0.00935902,-5.91988,-0.204035,-19.8894,-1.82151,-25.2231,0.599666,-14.9296,-0.349424,-48.1751,17.3595,-27.5072,-2.14768
1139,0.1139,12.7188,35.9488,0.217322,51.9137,-0.325652,-0.00675965,-0.0424721,-8.67474,-0.434525,-27.3269,19.791,-1.49256,-2.77799,15.924,-0.167702,-117.664,-0.120784,0.00417331,0.0262217,0.0550798,-0.751651,-15.924,11.1974,-5.28192,0.117126,11.4191,0.094109,56.7061,-0.117435,-0.00317529,-0.0199509,-0.12408,0.276272,-11.4191,8.30897,3.9077,0.104202,8.60574,0.290915,112.871,-0.0874335,-0.00775768,-0.0487429,-8.60574,0.0408535,0.0161507,0.284563,-0.118336,-2.99932,-0.369114,0.241711,-0.995285,-0.535708,-0.760788,0.0144414,-5.91988,-0.204914,-19.8914,-1.82146,-25.225,0.598807,-14.9637,-0.397727,-48.2135,17.4338,-27.4784,-2.16474
1140,0.114,12.73,35.999,0.21905,53.1197,-0.326157,-0.00681248,-0.0428041,-8.71775,-0.471837,-27.3796,19.8435,-1.48549,-2.8008,15.9285,-0.166803,-117.033,-0.120818,0.00415094,0.0260811,0.0166368,-0.779089,-15.9285,11.199,-5.30398,0.0999712,11.4682,0.0952916,57.4187,-0.11794,-0.00321519,-0.0202016,-0.132092,0.268315,-11.4682,8.36065,3.93756,0.0969455,8.60229,0.290561,112.734,-0.0873986,-0.00774823,-0.0486836,-8.60229,0.038937,0.0171146,0.283902,-0.119074,-2.99772,-0.366455,0.234833,-0.988539,-0.526141,-0.75281,0.0200385,-5.92452,-0.205866,-19.8936,-1.82137,-25.2323,0.599355,-15.0087,-0.442871,-48.2617,17.496,-27.4706,-2.18141
1141,0.1141,12.7412,36.0401,0.220935,54.4385,-0.326579,-0.00686972,-0.0431638,-8.76344,-0.503303,-27.4229,19.8862,-1.47707,-2.82742,15.9289,-0.16578,-116.315,-0.120821,0.00412547,0.0259211,-0.0252285,-0.800253,-15.9289,11.1949,-5.32431,0.0784798,11.5119,0.0965321,58.1661,-0.11839,-0.00325704,-0.0204646,-0.138966,0.259752,-11.5119,8.40804,3.96711,0.0903335,8.59925,0.290183,112.587,-0.0873676,-0.00773815,-0.0486202,-8.59925,0.0371977,0.0179505,0.28326,-0.119869,-2.99623,-0.356217,0.231381,-0.945796,-0.505753,-0.70201,0.0193444,-5.9371,-0.206942,-19.8948,-1.82083,-25.2475,0.60215,-15.0568,-0.478863,-48.2635,17.5596,-27.4266,-2.20593
1142,0.1142,12.7523,36.0667,0.222093,55.2128,-0.326878,-0.00691161,-0.0434269,-8.81152,-0.529233,-27.4514,19.915,-1.46621,-2.85762,15.9195,-0.165805,-116.332,-0.12075,0.0041261,0.025925,-0.0687626,-0.816693,-15.9195,11.1811,-5.34206,0.0532198,11.5506,0.0980844,59.1015,-0.118788,-0.00330942,-0.0207937,-0.146165,0.252013,-11.5506,8.45121,3.99655,0.0840957,8.5966,0.289813,112.444,-0.0873407,-0.00772829,-0.0485583,-8.5966,0.035448,0.0186404,0.282676,-0.120703,-2.99494,-0.351632,0.229071,-0.901836,-0.486731,-0.656198,0.0196723,-5.95066,-0.20787,-19.8976,-1.82064,-25.2653,0.605439,-15.1138,-0.508032,-48.2509,17.6076,-27.3877,-2.23251
1143,0.1143,12.7635,36.0733,0.224473,56.8535,-0.327016,-0.00698291,-0.0438749,-8.85669,-0.537214,-27.4599,19.9261,-1.45089,-2.89051,15.8937,-0.1645,-115.417,-0.120554,0.00409361,0.0257209,-0.112364,-0.814985,-15.8937,11.1534,-5.35553,0.0233011,11.5854,0.0995193,59.9661,-0.119146,-0.00335783,-0.0210979,-0.150085,0.244044,-11.5854,8.49057,4.02621,0.0799655,8.59424,0.289453,112.304,-0.0873167,-0.00771869,-0.048498,-8.59424,0.0337277,0.0191966,0.28215,-0.121562,-2.99378,-0.351857,0.225319,-0.866706,-0.470023,-0.624951,0.0232316,-5.96119,-0.208445,-19.9021,-1.82095,-25.2812,0.608218,-15.1697,-0.52034,-48.2287,17.6351,-27.3571,-2.25906
1144,0.1144,12.7747,36.0806,0.227532,59.1106,-0.327157,-0.00705889,-0.0443523,-8.88441,-0.514394,-27.4686,19.9331,-1.43449,-2.92349,15.8692,-0.161127,-113.05,-0.120369,0.00400969,0.0251936,-0.149972,-0.777958,-15.8692,11.1242,-5.36872,-0.0118995,11.619,0.0995771,60.0009,-0.119491,-0.00335978,-0.0211101,-0.142072,0.231465,-11.619,8.5272,4.0567,0.0812261,8.59237,0.289082,112.16,-0.0872977,-0.0077088,-0.0484358,-8.59237,0.032098,0.0196373,0.281651,-0.122468,-2.99281,-0.353811,0.218602,-0.859851,-0.460363,-0.621767,0.0304114,-5.96775,-0.208506,-19.9084,-1.82189,-25.2944,0.610281,-15.206,-0.504298,-48.2368,17.6508,-27.3507,-2.2828
1145,0.1145,12.7858,36.0835,0.231241,61.8764,-0.327245,-0.00714622,-0.044901,-8.89456,-0.470211,-27.4727,19.9336,-1.41866,-2.95122,15.8478,-0.156564,-109.849,-0.120206,0.00389613,0.0244801,-0.177976,-0.718301,-15.8478,11.0949,-5.38076,-0.0465625,11.6448,0.0990916,59.7084,-0.119756,-0.0033434,-0.0210072,-0.125651,0.217633,-11.6448,8.55757,4.08551,0.0874151,8.59093,0.288713,112.017,-0.0872831,-0.00769895,-0.0483739,-8.59093,0.030457,0.0199302,0.281206,-0.123407,-2.99208,-0.350501,0.210691,-0.854499,-0.448937,-0.614655,0.0366994,-5.9698,-0.207897,-19.9141,-1.82304,-25.302,0.611597,-15.2149,-0.467418,-48.2412,17.6617,-27.3353,-2.30293
1146,0.1146,12.797,36.1049,0.234986,64.7435,-0.327453,-0.00722684,-0.0454076,-8.88434,-0.410096,-27.495,19.9442,-1.41041,-2.9703,15.8524,-0.15113,-106.036,-0.120241,0.0037609,0.0236304,-0.194663,-0.641977,-15.8524,11.0817,-5.39863,-0.077853,11.6626,0.0977384,58.893,-0.11994,-0.00329775,-0.0207204,-0.0998711,0.203197,-11.6626,8.58171,4.11254,0.0991056,8.58981,0.288377,111.887,-0.0872717,-0.00769,-0.0483177,-8.58981,0.0286839,0.0200488,0.280858,-0.124318,-2.99155,-0.34814,0.202779,-0.856351,-0.440009,-0.615162,0.0432426,-5.96637,-0.206537,-19.919,-1.82454,-25.3027,0.611919,-15.1988,-0.413854,-48.2704,17.6797,-27.3283,-2.31514
1147,0.1147,12.8082,36.1573,0.237955,67.1488,-0.327897,-0.00728053,-0.0457449,-8.85541,-0.344964,-27.548,19.9728,-1.40766,-2.97608,15.8875,-0.145618,-102.169,-0.120507,0.00362375,0.0227687,-0.202996,-0.564223,-15.8875,11.0879,-5.42295,-0.103659,11.6805,0.0955235,57.5584,-0.120124,-0.00322301,-0.0202508,-0.0631421,0.192362,-11.6805,8.60427,4.14054,0.118904,8.58927,0.28805,111.76,-0.0872663,-0.00768127,-0.0482628,-8.58927,0.0268971,0.0200082,0.280575,-0.125256,-2.99133,-0.348865,0.194193,-0.873123,-0.436311,-0.63315,0.0513287,-5.95731,-0.204446,-19.9248,-1.82683,-25.298,0.611173,-15.1616,-0.355217,-48.3459,17.7096,-27.3388,-2.31358
1148,0.1148,12.8193,36.2361,0.23863,68.0022,-0.328546,-0.00727146,-0.0456879,-8.81664,-0.286398,-27.6271,20.0163,-1.4079,-2.97073,15.9473,-0.141776,-99.4733,-0.12096,0.00352813,0.0221679,-0.209904,-0.499389,-15.9473,11.1099,-5.45159,-0.125902,11.6997,0.0926646,55.8357,-0.120321,-0.00312655,-0.0196447,-0.0176035,0.187888,-11.6997,8.62606,4.16989,0.146496,8.58913,0.287741,111.64,-0.0872648,-0.00767304,-0.0482111,-8.58913,0.0251033,0.0197985,0.280369,-0.126195,-2.99132,-0.357091,0.185169,-0.898983,-0.436976,-0.667546,0.0621959,-5.94464,-0.202045,-19.931,-1.82969,-25.2896,0.609596,-15.1184,-0.303274,-48.4572,17.7497,-27.3651,-2.29894
1149,0.1149,12.8305,36.3301,0.236639,66.9934,-0.32932,-0.00719413,-0.0452021,-8.77592,-0.238472,-27.7213,20.0667,-1.40736,-2.95785,16.0187,-0.14042,-98.5219,-0.121502,0.00349439,0.0219559,-0.220885,-0.453028,-16.0187,11.1382,-5.48137,-0.147447,11.7219,0.0895812,53.9778,-0.12055,-0.00302252,-0.018991,0.0343947,0.191423,-11.7219,8.6482,4.20111,0.181228,8.58943,0.287478,111.537,-0.0872679,-0.00766601,-0.0481669,-8.58943,0.0231334,0.019326,0.280304,-0.127096,-2.99163,-0.373966,0.175932,-0.940986,-0.445498,-0.725262,0.0764408,-5.93102,-0.199884,-19.9365,-1.83276,-25.2796,0.607548,-15.0809,-0.262423,-48.5988,17.7885,-27.4122,-2.27386
1150,0.115,12.8417,36.4265,0.233166,64.8957,-0.330123,-0.00708228,-0.0444993,-8.73514,-0.192801,-27.8179,20.1151,-1.40203,-2.94022,16.0885,-0.140872,-98.8392,-0.122032,0.00350564,0.0220266,-0.234244,-0.417023,-16.0885,11.1638,-5.50848,-0.169083,11.7479,0.0867442,52.2684,-0.120817,-0.0029268,-0.0183896,0.0891318,0.203376,-11.7479,8.6709,4.23433,0.2211,8.59003,0.287294,111.466,-0.087274,-0.00766112,-0.0481363,-8.59003,0.0208462,0.0185022,0.280449,-0.127878,-2.99223,-0.392986,0.168805,-0.988001,-0.45904,-0.788699,0.0903638,-5.91917,-0.198222,-19.94,-1.83556,-25.2697,0.605597,-15.0473,-0.222218,-48.7459,17.8205,-27.4605,-2.24426
1151,0.1151,12.8528,36.5177,0.228998,62.242,-0.330904,-0.00695701,-0.0437122,-8.69648,-0.146812,-27.9093,20.1563,-1.38781,-2.91951,16.1469,-0.142527,-100,-0.122474,0.00354682,0.0222853,-0.249771,-0.388606,-16.1469,11.18,-5.52936,-0.190961,11.7797,0.0843322,50.815,-0.121144,-0.00284541,-0.0178783,0.14445,0.223517,-11.7797,8.69551,4.27011,0.264691,8.59116,0.287193,111.427,-0.0872854,-0.00765842,-0.0481192,-8.59116,0.018277,0.0172605,0.280826,-0.128558,-2.99324,-0.421742,0.160946,-1.06847,-0.485764,-0.891581,0.110086,-5.90743,-0.196965,-19.9431,-1.83826,-25.2597,0.60332,-15.0256,-0.182831,-48.9209,17.8323,-27.5391,-2.2061
1152,0.1152,12.864,36.6079,0.224754,59.4418,-0.331695,-0.00683618,-0.042953,-8.65723,-0.0944833,-27.9999,20.1937,-1.36573,-2.89536,16.1973,-0.145032,-101.758,-0.122857,0.00360917,0.0226771,-0.263639,-0.361608,-16.1973,11.1897,-5.54523,-0.212059,11.8182,0.0826183,49.7823,-0.12154,-0.00278759,-0.0175149,0.198873,0.251693,-11.8182,8.72261,4.30856,0.311183,8.59247,0.287168,111.417,-0.0872987,-0.00765776,-0.0481151,-8.59247,0.0154312,0.0155727,0.281441,-0.129069,-2.99448,-0.418887,0.16341,-1.05637,-0.484277,-0.876762,0.107765,-5.90211,-0.19619,-19.9412,-1.83949,-25.2521,0.602474,-14.9782,-0.127263,-48.9975,17.87,-27.4946,-2.18512
1153,0.1153,12.8752,36.6907,0.221384,57.1362,-0.332449,-0.00674532,-0.0423821,-8.62187,-0.0399423,-28.0833,20.2231,-1.3336,-2.86865,16.2333,-0.147665,-103.605,-0.12313,0.00367469,0.0230888,-0.279551,-0.340085,-16.2333,11.1886,-5.55367,-0.23293,11.8634,0.0818148,49.2981,-0.122004,-0.00276048,-0.0173446,0.251739,0.287841,-11.8634,8.75222,4.34945,0.360298,8.59406,0.287235,111.443,-0.0873149,-0.00765954,-0.0481263,-8.59406,0.0123016,0.0133621,0.282337,-0.129386,-2.99602,-0.411343,0.170308,-1.03182,-0.482758,-0.843274,0.0984766,-5.90206,-0.195824,-19.9362,-1.83957,-25.2475,0.602757,-14.9353,-0.0654584,-49.0513,17.9008,-27.4244,-2.16741
1154,0.1154,12.8863,36.7763,0.219138,55.5015,-0.333244,-0.00669124,-0.0420423,-8.58184,0.0255905,-28.1695,20.2517,-1.29517,-2.83592,16.2646,-0.150221,-105.399,-0.123367,0.00373829,0.0234884,-0.288412,-0.315244,-16.2646,11.1835,-5.55834,-0.24985,11.9156,0.0819945,49.4064,-0.122541,-0.00276654,-0.0173827,0.302666,0.331783,-11.9156,8.78468,4.39271,0.41178,8.5961,0.287365,111.494,-0.0873356,-0.00766299,-0.048148,-8.5961,0.00905181,0.0106671,0.283467,-0.129542,-2.99785,-0.409622,0.174986,-1.03379,-0.489253,-0.838954,0.0934374,-5.90342,-0.195816,-19.9312,-1.83923,-25.2444,0.603089,-14.8949,0.00475992,-49.1345,17.9232,-27.3785,-2.1394
1155,0.1155,12.8975,36.8583,0.21828,54.6907,-0.334028,-0.00668257,-0.0419878,-8.53788,0.101149,-28.2524,20.2754,-1.24932,-2.79734,16.2864,-0.152694,-107.133,-0.123532,0.00379982,0.023875,-0.2908,-0.287795,-16.2864,11.1715,-5.55745,-0.262989,11.9734,0.083381,50.2418,-0.123135,-0.00281332,-0.0176766,0.351457,0.383367,-11.9734,8.81901,4.43758,0.465659,8.59853,0.287593,111.582,-0.0873604,-0.00766908,-0.0481862,-8.59853,0.00557769,0.00734689,0.284919,-0.129462,-3.00001,-0.405728,0.175846,-1.04846,-0.495992,-0.844558,0.0913237,-5.90463,-0.196161,-19.9267,-1.83859,-25.2416,0.603044,-14.8482,0.0808343,-49.2276,17.9408,-27.3355,-2.10297
1156,0.1156,12.9087,36.9419,0.218767,54.6479,-0.33483,-0.00671981,-0.0422218,-8.49292,0.18469,-28.3372,20.2983,-1.20039,-2.75452,16.3077,-0.155325,-108.979,-0.123694,0.0038653,0.0242864,-0.289457,-0.259522,-16.3077,11.159,-5.55378,-0.273932,12.0328,0.0861481,51.9092,-0.123747,-0.00290668,-0.0182632,0.397949,0.442374,-12.0328,8.85253,4.48248,0.521918,8.60141,0.287943,111.718,-0.0873896,-0.00767843,-0.048245,-8.60141,0.00183883,0.00326756,0.286765,-0.129092,-3.00251,-0.408299,0.171914,-1.08408,-0.506305,-0.876459,0.0963624,-5.90384,-0.196726,-19.9233,-1.83784,-25.2375,0.602258,-14.8051,0.159878,-49.3446,17.9541,-27.3144,-2.0559
1157,0.1157,12.9198,37.0187,0.221004,55.6646,-0.335576,-0.00681298,-0.0428072,-8.44049,0.275689,-28.4153,20.3141,-1.14895,-2.70291,16.324,-0.157686,-110.636,-0.123818,0.00392405,0.0246555,-0.275844,-0.230034,-16.324,11.1429,-5.54617,-0.276374,12.0898,0.0902917,54.4059,-0.124333,-0.00304649,-0.0191417,0.440252,0.507685,-12.0898,8.88224,4.52569,0.578829,8.6049,0.288398,111.895,-0.087425,-0.00769055,-0.0483211,-8.6049,-0.00196126,-0.00150121,0.288958,-0.12847,-3.00537,-0.404631,0.169833,-1.11344,-0.515229,-0.89519,0.0971676,-5.9086,-0.197658,-19.9184,-1.83617,-25.2383,0.602749,-14.7537,0.247864,-49.4472,17.9627,-27.2824,-2.00299
1158,0.1158,12.931,37.0791,0.225946,58.3938,-0.336179,-0.00698622,-0.0438957,-8.38098,0.368789,-28.4773,20.3161,-1.09527,-2.64067,16.3306,-0.158897,-111.486,-0.123868,0.00395419,0.0248449,-0.249498,-0.203868,-16.3306,11.1198,-5.533,-0.267623,12.1395,0.0958457,57.7525,-0.124844,-0.00323388,-0.0203191,0.477515,0.578552,-12.1395,8.90476,4.56525,0.635564,8.60899,0.288997,112.127,-0.0874666,-0.00770652,-0.0484215,-8.60899,-0.00589491,-0.00715639,0.291609,-0.127516,-3.00862,-0.396377,0.165822,-1.11613,-0.510907,-0.887244,0.0980817,-5.91359,-0.198709,-19.9151,-1.83462,-25.2408,0.603257,-14.6909,0.335903,-49.5085,17.9706,-27.2233,-1.93934
1159,0.1159,12.9422,37.1188,0.232554,62.1473,-0.336592,-0.00721076,-0.0453065,-8.31929,0.458392,-28.5188,20.3012,-1.04184,-2.57153,16.3284,-0.159648,-112.013,-0.123852,0.00397288,0.0249624,-0.213608,-0.185007,-16.3284,11.0903,-5.51445,-0.249308,12.1767,0.102487,61.7542,-0.125227,-0.00345796,-0.021727,0.508004,0.653272,-12.1767,8.91615,4.59882,0.689979,8.61368,0.289715,112.406,-0.0875143,-0.00772568,-0.0485419,-8.61368,-0.00987405,-0.0137089,0.294695,-0.126205,-3.0122,-0.403898,0.157594,-1.14321,-0.513319,-0.919426,0.109292,-5.91716,-0.199731,-19.9156,-1.83386,-25.2451,0.603435,-14.6403,0.416255,-49.5776,17.954,-27.2064,-1.8588
1160,0.116,12.9533,37.1201,0.241853,67.7098,-0.336674,-0.00750632,-0.0471636,-8.24658,0.545403,-28.5222,20.2555,-0.98594,-2.49048,16.3028,-0.158258,-111.037,-0.123657,0.00393829,0.024745,-0.156083,-0.169644,-16.3028,11.0432,-5.48632,-0.21249,12.1982,0.109564,66.0188,-0.125448,-0.00369676,-0.0232274,0.528587,0.728807,-12.1982,8.91412,4.62493,0.738152,8.61909,0.290547,112.728,-0.0875692,-0.00774786,-0.0486812,-8.61909,-0.013761,-0.0211399,0.298202,-0.124551,-3.01614,-0.407686,0.154548,-1.15306,-0.513967,-0.930011,0.113886,-5.92715,-0.200852,-19.9145,-1.83252,-25.2552,0.605446,-14.5814,0.499099,-49.5897,17.909,-27.1712,-1.77115
1161,0.1161,12.9645,37.0907,0.251915,73.7914,-0.336484,-0.00781899,-0.0491282,-8.16818,0.624334,-28.4947,20.1861,-0.929262,-2.40408,16.2611,-0.155994,-109.449,-0.123341,0.00388195,0.024391,-0.0787419,-0.159249,-16.2611,10.985,-5.45023,-0.159235,12.2041,0.116404,70.1399,-0.125508,-0.00392752,-0.0246773,0.536066,0.801084,-12.2041,8.89889,4.6435,0.775721,8.62551,0.291506,113.1,-0.0876344,-0.00777342,-0.0488418,-8.62551,-0.0175008,-0.0295354,0.302172,-0.122539,-3.02056,-0.393793,0.158563,-1.10844,-0.499424,-0.871667,0.104501,-5.94254,-0.201973,-19.9125,-1.83088,-25.2705,0.609049,-14.5045,0.580924,-49.5157,17.8558,-27.0714,-1.69053
1162,0.1162,12.9757,37.0452,0.262344,80.1558,-0.336133,-0.00813665,-0.0511241,-8.08924,0.692475,-28.451,20.1053,-0.875733,-2.31701,16.2172,-0.152952,-107.315,-0.123008,0.00380625,0.0239154,0.0134264,-0.154183,-16.2172,10.9274,-5.41026,-0.0930299,12.1952,0.122762,73.9711,-0.125416,-0.00414205,-0.0260253,0.530181,0.86751,-12.1952,8.87136,4.65476,0.801349,8.63285,0.292534,113.499,-0.087709,-0.00780085,-0.0490142,-8.63285,-0.0208531,-0.038666,0.306464,-0.120232,-3.02532,-0.411571,0.153635,-1.13875,-0.507646,-0.915801,0.116209,-5.95187,-0.202686,-19.917,-1.83117,-25.2851,0.611288,-14.4527,0.643423,-49.5067,17.7665,-27.0767,-1.58951
1163,0.1163,12.9868,36.992,0.27256,86.4036,-0.335687,-0.00844319,-0.0530501,-7.99827,0.742924,-28.3993,20.0202,-0.829084,-2.22024,16.1795,-0.149554,-104.931,-0.122722,0.0037217,0.0233841,0.130559,-0.160238,-16.1795,10.8777,-5.36962,-0.00527049,12.171,0.12844,77.3926,-0.125168,-0.00433364,-0.027229,0.512636,0.927006,-12.171,8.83136,4.65811,0.815654,8.64146,0.293675,113.942,-0.0877965,-0.00783125,-0.0492052,-8.64146,-0.023844,-0.0487144,0.311184,-0.117575,-3.03062,-0.420521,0.153063,-1.13165,-0.505167,-0.91734,0.120032,-5.96258,-0.203152,-19.9211,-1.83148,-25.3009,0.614124,-14.3814,0.692835,-49.452,17.6836,-27.0474,-1.48608
1164,0.1164,12.998,36.9349,0.283018,92.8709,-0.335167,-0.00874835,-0.0549675,-7.92838,0.769711,-28.3434,19.9343,-0.792113,-2.13559,16.1542,-0.145169,-101.854,-0.12253,0.00361256,0.0226984,0.238387,-0.182052,-16.1542,10.8405,-5.32992,0.0820929,12.1295,0.13326,80.2968,-0.124741,-0.00449626,-0.0282508,0.484458,0.978159,-12.1295,8.77752,4.65233,0.818683,8.65122,0.294927,114.428,-0.0878957,-0.00786465,-0.0494151,-8.65122,-0.0263965,-0.0596946,0.316336,-0.114531,-3.03637,-0.428288,0.153901,-1.11743,-0.50127,-0.910934,0.121919,-5.97175,-0.203199,-19.9259,-1.83223,-25.3157,0.616836,-14.3284,0.720413,-49.3867,17.6008,-27.0188,-1.39684
1165,0.1165,13.0092,36.896,0.29158,98.0947,-0.334738,-0.00899675,-0.0565282,-7.86261,0.772132,-28.305,19.8628,-0.774326,-2.05392,16.1644,-0.141652,-99.3865,-0.122607,0.00352505,0.0221486,0.353278,-0.218879,-16.1644,10.8318,-5.29977,0.178469,12.0693,0.136984,82.5408,-0.124122,-0.00462192,-0.0290404,0.44647,1.01928,-12.0693,8.7092,4.63665,0.810182,8.66236,0.296248,114.94,-0.0880088,-0.00789989,-0.0496364,-8.66236,-0.0282735,-0.0713379,0.321779,-0.111198,-3.04258,-0.428891,0.158382,-1.11883,-0.50586,-0.90748,0.117588,-5.98155,-0.202758,-19.9282,-1.83262,-25.3287,0.620082,-14.273,0.727757,-49.352,17.5243,-27.0105,-1.31625
1166,0.1166,13.0203,36.8463,0.298358,102.168,-0.334182,-0.00918977,-0.057741,-7.81888,0.749705,-28.2549,19.786,-0.765715,-1.98834,16.1803,-0.138739,-97.3427,-0.122728,0.00345257,0.0216931,0.456188,-0.270025,-16.1803,10.8312,-5.26927,0.270504,11.991,0.139452,84.0279,-0.123317,-0.00470519,-0.0295636,0.399902,1.04913,-11.991,8.62725,4.61112,0.790418,8.67497,0.297645,115.482,-0.088137,-0.00793714,-0.0498706,-8.67497,-0.0294037,-0.0836422,0.327517,-0.107559,-3.04927,-0.43232,0.161188,-1.15693,-0.522401,-0.93899,0.116068,-5.98543,-0.201556,-19.9281,-1.83297,-25.3329,0.62227,-14.2366,0.709337,-49.3399,17.4306,-27.0376,-1.25001
1167,0.1167,13.0315,36.8268,0.302997,104.84,-0.333818,-0.00931823,-0.0585482,-7.82318,0.709162,-28.234,19.7318,-0.777583,-1.95975,16.24,-0.13676,-95.954,-0.123181,0.00340331,0.0213836,0.519724,-0.328609,-16.24,10.8641,-5.25075,0.336348,11.8973,0.140624,84.7343,-0.122353,-0.00474474,-0.0298121,0.346591,1.06748,-11.8973,8.53408,4.57675,0.760563,8.68949,0.299133,116.059,-0.0882845,-0.0079768,-0.0501197,-8.68949,-0.029714,-0.0967103,0.3336,-0.10358,-3.05666,-0.47423,0.155408,-1.31417,-0.579817,-1.11717,0.137788,-5.97962,-0.199535,-19.9309,-1.83466,-25.329,0.622283,-14.277,0.665035,-49.479,17.3173,-27.2238,-1.19968
1168,0.1168,13.0427,36.8355,0.302241,103.828,-0.333644,-0.00930136,-0.0584422,-7.81838,0.637797,-28.2398,19.6997,-0.80799,-1.92723,16.3372,-0.138984,-97.5145,-0.123918,0.00345866,0.0217314,0.599485,-0.406979,-16.3372,10.9267,-5.24389,0.415878,11.7921,0.140527,84.6753,-0.121272,-0.00474144,-0.0297913,0.288296,1.07384,-11.7921,8.43301,4.53518,0.721706,8.70616,0.300699,116.667,-0.0884539,-0.00801858,-0.0503822,-8.70616,-0.0290651,-0.11042,0.339972,-0.0992821,-3.06481,-0.487131,0.153875,-1.36112,-0.596921,-1.16988,0.143331,-5.97028,-0.197219,-19.9331,-1.83657,-25.3206,0.621464,-14.2758,0.594453,-49.534,17.2662,-27.2985,-1.16243
1169,0.1169,13.0538,36.822,0.29862,100.896,-0.33329,-0.00920238,-0.0578203,-7.82519,0.544247,-28.2216,19.656,-0.836215,-1.9056,16.4159,-0.142939,-100.289,-0.124515,0.00355708,0.0223498,0.673099,-0.496528,-16.4159,10.9811,-5.2303,0.493014,11.6809,0.139192,83.8713,-0.120128,-0.00469642,-0.0295085,0.226852,1.06818,-11.6809,8.32822,4.48871,0.675165,8.72514,0.302367,117.314,-0.0886467,-0.00806305,-0.0506616,-8.72514,-0.0274072,-0.1248,0.346664,-0.0946227,-3.07378,-0.513976,0.148821,-1.46523,-0.634698,-1.28834,0.157457,-5.95831,-0.19509,-19.9348,-1.83862,-25.3088,0.619695,-14.2975,0.497978,-49.6216,17.1827,-27.4334,-1.12845
1170,0.117,13.065,36.8351,0.2924,96.2096,-0.333146,-0.00902708,-0.0567188,-7.86951,0.431674,-28.2285,19.6344,-0.872884,-1.91524,16.5182,-0.148343,-104.081,-0.125291,0.00369155,0.0231947,0.713807,-0.592087,-16.5182,11.0558,-5.22366,0.547527,11.57,0.136495,82.2459,-0.118987,-0.0046054,-0.0289366,0.163582,1.04857,-11.57,8.22457,4.44018,0.621058,8.7469,0.304248,118.044,-0.0888678,-0.00811322,-0.0509769,-8.7469,-0.0248084,-0.14029,0.353944,-0.0894058,-3.08383,-0.577052,0.143571,-1.71514,-0.732142,-1.5688,0.186236,-5.95432,-0.193662,-19.9309,-1.83921,-25.3008,0.619619,-14.4009,0.381583,-49.8745,17.063,-27.7425,-1.10939
1171,0.1171,13.0762,36.8551,0.285855,91.3874,-0.333069,-0.00882779,-0.0554667,-7.96619,0.305519,-28.2408,19.6217,-0.909442,-1.97373,16.6214,-0.15251,-107.004,-0.126074,0.00379524,0.0238462,0.705684,-0.67712,-16.6214,11.1359,-5.21668,0.565486,11.4619,0.131946,79.5053,-0.117876,-0.00445194,-0.0279724,0.0998486,1.00394,-11.4619,8.12371,4.39059,0.555958,8.77172,0.306419,118.886,-0.0891199,-0.0081711,-0.0513405,-8.77172,-0.0212991,-0.157508,0.362105,-0.0833541,-3.09518,-0.641706,0.142475,-1.96887,-0.83568,-1.85062,0.212306,-5.95515,-0.19284,-19.9248,-1.83909,-25.296,0.620393,-14.563,0.255155,-50.1345,16.947,-28.0561,-1.14103
1172,0.1172,13.0873,36.819,0.279552,86.6765,-0.332546,-0.00862828,-0.0542131,-8.10036,0.191045,-28.1967,19.5784,-0.937325,-2.0657,16.6766,-0.156079,-109.508,-0.126493,0.00388405,0.0244042,0.657854,-0.745208,-16.6766,11.19,-5.19569,0.550571,11.3432,0.126606,76.2872,-0.116655,-0.00427174,-0.0268401,0.040942,0.953132,-11.3432,8.01693,4.33458,0.491284,8.79916,0.309025,119.898,-0.0893987,-0.00824059,-0.0517772,-8.79916,-0.0168793,-0.176913,0.371455,-0.0762131,-3.10756,-0.674286,0.144741,-2.08737,-0.887575,-1.98401,0.223416,-5.95509,-0.192447,-19.9211,-1.8394,-25.2926,0.620503,-14.7297,0.143339,-50.2052,16.8514,-28.2139,-1.22179
1173,0.1173,13.0985,36.7851,0.275232,83.2125,-0.332051,-0.00848107,-0.0532881,-8.26128,0.101829,-28.155,19.5434,-0.966282,-2.17995,16.7299,-0.1583,-111.067,-0.126897,0.00393934,0.0247516,0.57918,-0.792289,-16.7299,11.2476,-5.17571,0.508432,11.2268,0.121521,73.2231,-0.115458,-0.00410017,-0.0257621,-0.0120656,0.905515,-11.2268,7.91394,4.27745,0.432138,8.8284,0.312012,121.056,-0.0896958,-0.00832024,-0.0522776,-8.8284,-0.0113974,-0.19823,0.381839,-0.0680223,-3.12052,-0.689483,0.146177,-2.13767,-0.910294,-2.04346,0.228685,-5.95276,-0.192398,-19.9185,-1.83975,-25.2877,0.619675,-14.9035,0.0556079,-50.2111,16.7933,-28.2974,-1.33159
1174,0.1174,13.1097,36.7199,0.27354,81.4518,-0.331332,-0.00841362,-0.0528643,-8.42891,0.0448387,-28.0802,19.4967,-0.989718,-2.29601,16.7461,-0.159461,-111.881,-0.12702,0.00396822,0.024933,0.488824,-0.822627,-16.7461,11.2879,-5.14974,0.453657,11.1152,0.11807,71.1438,-0.11431,-0.00398374,-0.0250305,-0.0591667,0.870772,-11.1152,7.81692,4.21976,0.383318,8.85857,0.314931,122.189,-0.0900023,-0.0083981,-0.0527668,-8.85857,-0.00330582,-0.218878,0.391878,-0.0597378,-3.13299,-0.656403,0.150172,-2.0129,-0.863283,-1.90327,0.212556,-5.9478,-0.192611,-19.9149,-1.83962,-25.2789,0.617956,-15.0331,0.00239904,-50.008,16.7938,-28.1719,-1.4655
1175,0.1175,13.1208,36.6191,0.266875,77.1197,-0.330422,-0.00813179,-0.0510936,-8.61603,-0.0506739,-27.9702,19.4327,-0.987646,-2.47005,16.6979,-0.155623,-109.189,-0.126654,0.00387272,0.024333,0.379675,-0.815304,-16.6979,11.2914,-5.10987,0.378333,11.0314,0.104324,62.861,-0.113449,-0.00351993,-0.0221164,-0.105886,0.758142,-11.0314,7.73868,4.17278,0.297023,8.88982,0.318174,123.447,-0.0903198,-0.00848458,-0.0533102,-8.88982,0.0064888,-0.240858,0.40268,-0.0505527,-3.1454,-0.634577,0.150649,-1.9391,-0.832939,-1.8191,0.204029,-5.94556,-0.193187,-19.91,-1.83862,-25.2718,0.616726,-15.1962,-0.0932121,-49.8192,16.7612,-28.0785,-1.64929
1176,0.1176,13.132,36.5633,0.272435,80.0845,-0.329983,-0.00822748,-0.0516948,-8.78997,-0.0670036,-27.9105,19.4081,-0.965573,-2.60887,16.6465,-0.149089,-104.604,-0.126264,0.00371012,0.0233114,0.277123,-0.788746,-16.6465,11.2946,-5.07328,0.304047,10.9931,0.0985362,59.3737,-0.113054,-0.00332466,-0.0208895,-0.14334,0.703941,-10.9931,7.69567,4.14549,0.245794,8.92375,0.322988,125.315,-0.0906645,-0.00861294,-0.0541167,-8.92375,0.0178014,-0.270961,0.417881,-0.0377835,-3.15871,-0.571561,0.155115,-1.71483,-0.74469,-1.56041,0.175233,-5.94483,-0.194083,-19.9064,-1.83743,-25.2676,0.615641,-15.3064,-0.105971,-49.5317,16.826,-27.7936,-1.81799
1177,0.1177,13.1432,36.5749,0.282938,85.0326,-0.330125,-0.00846681,-0.0531986,-8.94211,-0.0798919,-27.9393,19.4417,-0.93952,-2.72584,16.6362,-0.143353,-100.579,-0.126186,0.00356737,0.0224144,0.195395,-0.768855,-16.6362,11.325,-5.0522,0.245792,10.9791,0.0942208,56.7734,-0.11291,-0.00317906,-0.0199746,-0.177916,0.660839,-10.9791,7.67123,4.12827,0.201972,8.95959,0.33207,128.839,-0.0910286,-0.00885512,-0.0556384,-8.95959,0.0281235,-0.324001,0.445425,-0.0155905,-3.17361,-0.53824,0.157448,-1.58567,-0.693731,-1.41428,0.160157,-5.94774,-0.195259,-19.9033,-1.83592,-25.268,0.615357,-15.4281,-0.117702,-49.4283,16.912,-27.6218,-1.95033
1178,0.1178,13.1543,36.6217,0.292243,89.0724,-0.330524,-0.00869635,-0.0546408,-9.06379,-0.103065,-28.0031,19.501,-0.929883,-2.81069,16.6652,-0.14065,-98.6829,-0.126406,0.0035001,0.0219918,0.136988,-0.772665,-16.6652,11.3811,-5.04571,0.208665,10.9651,0.0922704,55.5982,-0.112767,-0.00311325,-0.0195611,-0.209374,0.633516,-10.9651,7.64885,4.11042,0.168269,8.99141,0.340623,132.157,-0.091352,-0.0090832,-0.0570714,-8.99141,0.0360844,-0.372836,0.471001,0.00540882,-3.18762,-0.498091,0.161272,-1.41821,-0.629117,-1.22658,0.140778,-5.95308,-0.196543,-19.9022,-1.83459,-25.2729,0.615703,-15.515,-0.138337,-49.3236,17.0372,-27.4294,-2.0542
1179,0.1179,13.1655,36.6622,0.292889,89.2381,-0.330814,-0.00870698,-0.0547075,-9.15895,-0.120916,-28.0386,19.5502,-0.947872,-2.87601,16.7114,-0.140337,-98.4638,-0.126757,0.00349233,0.021943,0.0839284,-0.782616,-16.7114,11.4493,-5.04789,0.174918,10.9488,0.0914197,55.0856,-0.112599,-0.00308455,-0.0193808,-0.240968,0.615463,-10.9488,7.62689,4.09045,0.138836,9.00191,0.341806,132.616,-0.0914586,-0.00911476,-0.0572697,-9.00191,0.0462369,-0.378316,0.473941,0.00957185,-3.18976,-0.471756,0.166477,-1.2997,-0.586297,-1.09284,0.125361,-5.96355,-0.197906,-19.901,-1.83299,-25.2834,0.617507,-15.5943,-0.152345,-49.2393,17.1309,-27.3241,-2.13314
1180,0.118,13.1767,36.6932,0.287752,86.3089,-0.331007,-0.00857262,-0.0538633,-9.2132,-0.170283,-28.0657,19.5985,-0.975134,-2.90307,16.7588,-0.143099,-100.402,-0.127116,0.00356106,0.0223748,0.0534658,-0.832241,-16.7588,11.5179,-5.05465,0.166979,10.943,0.0910931,54.8888,-0.112539,-0.00307353,-0.0193116,-0.275272,0.604442,-10.943,7.61398,4.07384,0.110499,8.99139,0.339758,131.822,-0.0913518,-0.00906015,-0.0569266,-8.99139,0.0575154,-0.363888,0.466638,0.00567316,-3.18055,-0.447927,0.171932,-1.17271,-0.540922,-0.954664,0.110519,-5.97517,-0.199129,-19.902,-1.83199,-25.2973,0.619837,-15.6363,-0.19748,-49.1404,17.2256,-27.2271,-2.17271
1181,0.1181,13.1878,36.7123,0.279713,81.6881,-0.33108,-0.00836528,-0.0525606,-9.24963,-0.25222,-28.0846,19.6435,-1.00977,-2.91722,16.8054,-0.147765,-103.675,-0.127469,0.00367716,0.0231043,0.0245696,-0.90509,-16.8054,11.5852,-5.06474,0.165842,10.9374,0.0909134,54.7806,-0.112481,-0.00306747,-0.0192735,-0.304664,0.585318,-10.9374,7.60275,4.05659,0.0829096,8.96954,0.336564,130.582,-0.0911297,-0.00897497,-0.0563914,-8.96954,0.0675518,-0.341774,0.455508,-0.00162513,-3.16597,-0.431149,0.176233,-1.06621,-0.502838,-0.841744,0.0995018,-5.98688,-0.200117,-19.9035,-1.83127,-25.3118,0.622483,-15.6677,-0.276104,-49.0543,17.3094,-27.1633,-2.19523
1182,0.1182,13.199,36.6718,0.269308,75.5936,-0.330669,-0.00810545,-0.050928,-9.288,-0.346648,-28.0442,19.6508,-1.04024,-2.92477,16.8047,-0.154816,-108.622,-0.127464,0.00385264,0.0242068,-0.00770176,-1.00019,-16.8047,11.6194,-5.06509,0.167229,10.926,0.0916325,55.2139,-0.112364,-0.00309173,-0.0194259,-0.339168,0.576498,-10.926,7.58995,4.03658,0.0562537,8.94113,0.332491,129.002,-0.0908412,-0.00886635,-0.0557089,-8.94113,0.077042,-0.313568,0.441369,-0.0117312,-3.14825,-0.425117,0.173784,-1.016,-0.479688,-0.792205,0.0995028,-5.99443,-0.200675,-19.9066,-1.83138,-25.3231,0.624395,-15.7076,-0.373539,-48.9668,17.3397,-27.1556,-2.20087
1183,0.1183,13.2102,36.6084,0.259365,69.6852,-0.33008,-0.00786945,-0.0494452,-9.33729,-0.454322,-27.9802,19.6432,-1.07121,-2.93136,16.7827,-0.162797,-114.222,-0.127298,0.00405124,0.0254547,-0.045571,-1.11435,-16.7827,11.638,-5.0646,0.169993,10.9127,0.0937403,56.4839,-0.112227,-0.00316285,-0.0198728,-0.378701,0.57529,-10.9127,7.57812,4.01572,0.0301318,8.91302,0.328422,127.423,-0.0905555,-0.00875784,-0.0550271,-8.91302,0.0847422,-0.284747,0.427047,-0.0223294,-3.13148,-0.418586,0.170182,-1.01993,-0.474498,-0.787242,0.100567,-6.00433,-0.200924,-19.9074,-1.83114,-25.3349,0.627252,-15.7602,-0.485065,-48.9075,17.3376,-27.1934,-2.20354
1184,0.1184,13.2213,36.5542,0.25291,65.9396,-0.329605,-0.00773421,-0.0485955,-9.41607,-0.540482,-27.9238,19.6411,-1.09748,-2.95654,16.7533,-0.169216,-118.726,-0.127074,0.00421099,0.0264585,-0.0991238,-1.21532,-16.7533,11.6502,-5.06617,0.158967,10.9124,0.097339,58.6523,-0.112224,-0.00328427,-0.0206357,-0.428442,0.5845,-10.9124,7.57689,4.00081,0.00199376,8.8885,0.324788,126.013,-0.0903064,-0.00866093,-0.0544182,-8.8885,0.0903419,-0.258193,0.413991,-0.0321139,-3.1175,-0.402822,0.169228,-0.979913,-0.454187,-0.734385,0.0952631,-6.01023,-0.200575,-19.9068,-1.83101,-25.3409,0.629491,-15.8291,-0.571829,-48.8106,17.3559,-27.1728,-2.23179
1185,0.1185,13.2325,36.4717,0.250199,64.5778,-0.328881,-0.00770272,-0.0483976,-9.52984,-0.584479,-27.8384,19.6191,-1.12643,-3.01092,16.7082,-0.173426,-121.68,-0.126732,0.00431576,0.0271167,-0.168914,-1.28201,-16.7082,11.6499,-5.06599,0.127506,10.8959,0.102048,61.49,-0.112055,-0.00344317,-0.0216341,-0.493349,0.603167,-10.8959,7.56685,3.98046,-0.0323678,8.86757,0.321577,124.768,-0.0900938,-0.00857531,-0.0538803,-8.86757,0.0943637,-0.234217,0.402291,-0.0408959,-3.10606,-0.390966,0.169808,-0.939472,-0.435843,-0.685291,0.0899615,-6.01204,-0.199486,-19.9066,-1.83145,-25.3426,0.63113,-15.9328,-0.614158,-48.6844,17.3518,-27.1543,-2.28983
1186,0.1186,13.2437,36.3849,0.247928,63.5578,-0.328164,-0.00766877,-0.0481843,-9.64315,-0.619656,-27.7477,19.5915,-1.14635,-3.08413,16.6439,-0.175999,-123.485,-0.126245,0.00437977,0.0275189,-0.247884,-1.31509,-16.6439,11.6343,-5.06244,0.0802267,10.8912,0.10516,63.365,-0.112006,-0.00354816,-0.0222937,-0.54548,0.598262,-10.8912,7.56539,3.96485,-0.0676483,8.84978,0.318767,123.677,-0.089913,-0.00850038,-0.0534094,-8.84978,0.0971764,-0.212533,0.391817,-0.0487597,-3.09671,-0.388212,0.166893,-0.920054,-0.423158,-0.667225,0.0916204,-6.00574,-0.197535,-19.9093,-1.83329,-25.3382,0.631103,-16.0371,-0.650298,-48.5771,17.3351,-27.1517,-2.36141
1187,0.1187,13.2548,36.2937,0.246621,63.1572,-0.327409,-0.00765327,-0.0480869,-9.75557,-0.64167,-27.6521,19.5589,-1.16701,-3.16874,16.5764,-0.177305,-124.401,-0.125733,0.00441229,0.0277232,-0.33076,-1.3222,-16.5764,11.6141,-5.05961,0.0229589,10.8826,0.107567,64.8152,-0.111918,-0.00362936,-0.022804,-0.590231,0.581401,-10.8826,7.5623,3.94833,-0.102657,8.83458,0.31636,122.743,-0.0897586,-0.0084362,-0.0530062,-8.83458,0.0991266,-0.193017,0.382521,-0.0557213,-3.08904,-0.391207,0.165408,-0.906748,-0.415512,-0.660157,0.0935746,-5.9981,-0.195234,-19.9131,-1.83566,-25.3332,0.630873,-16.1449,-0.671496,-48.472,17.3077,-27.1603,-2.44429
1188,0.1188,13.266,36.2135,0.245761,63.0163,-0.326758,-0.00764567,-0.0480392,-9.86255,-0.660833,-27.5674,19.5317,-1.18668,-3.25714,16.5132,-0.178047,-124.921,-0.125253,0.00443073,0.0278391,-0.414622,-1.31584,-16.5132,11.594,-5.05899,-0.0388445,10.8789,0.109548,66.0092,-0.11188,-0.00369622,-0.023224,-0.626503,0.554643,-10.8789,7.56343,3.93423,-0.135615,8.82142,0.31426,121.929,-0.0896249,-0.00838018,-0.0526543,-8.82142,0.100362,-0.175318,0.374183,-0.0619167,-3.08268,-0.392524,0.165853,-0.862297,-0.3988,-0.624357,0.0922191,-5.99055,-0.193182,-19.9175,-1.83828,-25.3289,0.630358,-16.2456,-0.688163,-48.3472,17.2946,-27.1399,-2.53456
1189,0.1189,13.2772,36.1479,0.244971,62.873,-0.326228,-0.0076383,-0.0479928,-9.96618,-0.678328,-27.4972,19.5124,-1.20739,-3.34768,16.4601,-0.178732,-125.403,-0.12485,0.0044478,0.0279463,-0.498841,-1.3018,-16.4601,11.5784,-5.06195,-0.103357,10.878,0.111311,67.0714,-0.11187,-0.0037557,-0.0235978,-0.657488,0.522469,-10.878,7.56737,3.922,-0.166982,8.80985,0.312392,121.204,-0.0895074,-0.00833039,-0.0523414,-8.80985,0.101006,-0.159177,0.366635,-0.0674395,-3.07735,-0.397641,0.16592,-0.812323,-0.380815,-0.588546,0.0923983,-5.98296,-0.191659,-19.922,-1.84103,-25.3247,0.629339,-16.3468,-0.704067,-48.2315,17.2905,-27.1206,-2.62595
1190,0.119,13.2883,36.0997,0.244183,62.6816,-0.325837,-0.00763118,-0.0479481,-10.0678,-0.695141,-27.4447,19.5032,-1.23082,-3.43933,16.4217,-0.179568,-125.989,-0.124559,0.00446859,0.028077,-0.583685,-1.28352,-16.4217,11.5703,-5.06974,-0.16985,10.8785,0.113066,68.1287,-0.111876,-0.0038149,-0.0239697,-0.684594,0.487204,-10.8785,7.57317,3.91129,-0.196719,8.7995,0.310685,120.542,-0.0894021,-0.00828487,-0.0520554,-8.7995,0.101175,-0.144473,0.359759,-0.0723658,-3.07277,-0.40418,0.166395,-0.764521,-0.364604,-0.555806,0.0931679,-5.97651,-0.190706,-19.9262,-1.84365,-25.3216,0.628107,-16.4485,-0.719452,-48.1354,17.295,-27.1082,-2.71806
1191,0.1191,13.2995,36.0687,0.243521,62.5159,-0.325585,-0.00762819,-0.0479293,-10.1676,-0.710894,-27.4095,19.5042,-1.25647,-3.53173,16.3975,-0.18053,-126.664,-0.124376,0.00449252,0.0282274,-0.669568,-1.26153,-16.3975,11.5697,-5.08204,-0.238412,10.881,0.114896,69.2313,-0.111902,-0.00387665,-0.0243577,-0.7079,0.449706,-10.881,7.58096,3.90234,-0.224494,8.79015,0.309155,119.948,-0.0893072,-0.00824407,-0.051799,-8.79015,0.100927,-0.13098,0.353493,-0.0767697,-3.06882,-0.407457,0.167267,-0.729819,-0.352988,-0.530973,0.0936447,-5.97041,-0.190248,-19.9289,-1.84561,-25.3175,0.626517,-16.5455,-0.733875,-48.0683,17.3056,-27.1049,-2.81156
1192,0.1192,13.3107,36.05,0.242941,62.3679,-0.325432,-0.00762797,-0.047928,-10.2635,-0.722767,-27.3873,19.512,-1.28277,-3.62408,16.3831,-0.181578,-127.399,-0.124267,0.00451862,0.0283914,-0.755602,-1.2333,-16.3831,11.5736,-5.09726,-0.309212,10.8854,0.116789,70.3723,-0.111947,-0.00394053,-0.0247591,-0.726433,0.41011,-10.8854,7.5906,3.89515,-0.249588,8.78147,0.30773,119.395,-0.089219,-0.00820606,-0.0515602,-8.78147,0.100421,-0.118713,0.347767,-0.08066,-3.06528,-0.406841,0.167585,-0.706699,-0.344018,-0.512161,0.093691,-5.96489,-0.19025,-19.9295,-1.84664,-25.312,0.624682,-16.6352,-0.745432,-48.0235,17.3213,-27.1069,-2.9057
1193,0.1193,13.3218,36.0379,0.242195,62.0784,-0.325333,-0.00762184,-0.0478894,-10.3503,-0.727498,-27.372,19.5228,-1.30898,-3.71461,16.374,-0.182714,-128.196,-0.124197,0.00454688,0.0285689,-0.839323,-1.19485,-16.374,11.579,-5.114,-0.381817,10.8906,0.118448,71.372,-0.112,-0.00399651,-0.0251108,-0.737608,0.367715,-10.8906,7.60123,3.88916,-0.270728,8.77333,0.30646,118.903,-0.0891363,-0.00817221,-0.0513475,-8.77333,0.099632,-0.107433,0.342548,-0.0841432,-3.06206,-0.403181,0.165906,-0.701118,-0.338669,-0.505697,0.0947361,-5.9606,-0.190649,-19.9291,-1.84696,-25.3069,0.622828,-16.714,-0.75224,-48.0022,17.3372,-27.1216,-2.99705
1194,0.1194,13.333,36.0247,0.240693,61.2977,-0.325223,-0.00758975,-0.0476878,-10.4214,-0.726555,-27.3562,19.5318,-1.33477,-3.80007,16.3652,-0.183909,-129.034,-0.12413,0.00457661,0.0287557,-0.918755,-1.14592,-16.3652,11.5826,-5.13076,-0.454895,10.894,0.119271,71.8679,-0.112035,-0.00402428,-0.0252853,-0.737105,0.320735,-10.894,7.6114,3.88324,-0.286107,8.76555,0.30533,118.464,-0.0890572,-0.00814208,-0.0511582,-8.76555,0.0986269,-0.0970733,0.337795,-0.0872551,-3.05907,-0.402632,0.163072,-0.690626,-0.330917,-0.49841,0.0977144,-5.95605,-0.191338,-19.9271,-1.84642,-25.3,0.62067,-16.7801,-0.754821,-47.9739,17.3544,-27.1332,-3.08169
1195,0.1195,13.3442,36.0092,0.238409,60.0301,-0.325087,-0.00752927,-0.0473078,-10.4722,-0.717693,-27.3387,19.5382,-1.36037,-3.87782,16.3565,-0.184982,-129.787,-0.124064,0.00460332,0.0289235,-0.991227,-1.08437,-16.3565,11.5842,-5.1473,-0.527087,10.8947,0.119063,71.7422,-0.112042,-0.00401725,-0.0252411,-0.722955,0.269284,-10.8947,7.62055,3.87698,-0.294496,8.75798,0.304328,118.075,-0.0889804,-0.00811534,-0.0509902,-8.75798,0.0973975,-0.0874842,0.333444,-0.090056,-3.05623,-0.405983,0.159892,-0.681186,-0.323731,-0.495886,0.102441,-5.95341,-0.192323,-19.9252,-1.84542,-25.2953,0.61881,-16.8316,-0.750125,-47.945,17.369,-27.1515,-3.15656
1196,0.1196,13.3553,35.985,0.235197,58.1927,-0.32488,-0.00743578,-0.0467204,-10.4982,-0.701199,-27.3131,19.5375,-1.38345,-3.94468,16.3412,-0.185943,-130.462,-0.123949,0.00462724,0.0290738,-1.05447,-1.01073,-16.3412,11.5792,-5.16154,-0.596642,10.8932,0.117713,70.9291,-0.112027,-0.00397171,-0.024955,-0.693185,0.213503,-10.8932,7.62877,3.87065,-0.294565,8.75053,0.303426,117.725,-0.0889046,-0.0080913,-0.0508391,-8.75053,0.0960287,-0.0786601,0.329466,-0.0925634,-3.05347,-0.410919,0.1571,-0.667385,-0.315403,-0.490538,0.107308,-5.95412,-0.193537,-19.9242,-1.84422,-25.2951,0.617719,-16.8632,-0.737635,-47.9047,17.3778,-27.1691,-3.21965
1197,0.1197,13.3665,35.9555,0.230388,55.3839,-0.324639,-0.00728791,-0.0457913,-10.4988,-0.679882,-27.2831,19.531,-1.40202,-3.99799,16.3187,-0.186888,-131.125,-0.123778,0.00465075,0.0292216,-1.10982,-0.930617,-16.3187,11.567,-5.17311,-0.662738,10.8938,0.114699,69.1128,-0.112033,-0.00387001,-0.024316,-0.645961,0.156105,-10.8938,7.63815,3.86588,-0.284594,8.74302,0.302577,117.396,-0.0888284,-0.00806866,-0.0506969,-8.74302,0.0946303,-0.070611,0.325812,-0.094787,-3.05066,-0.416789,0.153921,-0.659213,-0.309064,-0.490385,0.112804,-5.95755,-0.194826,-19.9245,-1.84305,-25.2992,0.617365,-16.8731,-0.720787,-47.8668,17.3789,-27.1916,-3.26782
1198,0.1198,13.3777,35.9183,0.224786,52.0839,-0.32433,-0.00711257,-0.0446896,-10.4797,-0.652381,-27.2455,19.518,-1.41893,-4.03759,16.2917,-0.187811,-131.772,-0.123573,0.00467371,0.0293658,-1.1586,-0.848219,-16.2917,11.5495,-5.18278,-0.724949,10.8909,0.110798,66.7621,-0.112003,-0.00373838,-0.0234889,-0.585376,0.10299,-10.8909,7.64615,3.86074,-0.264604,8.7357,0.301799,117.094,-0.088754,-0.0080479,-0.0505664,-8.7357,0.092848,-0.0629078,0.322357,-0.0968897,-3.04804,-0.424635,0.152276,-0.649884,-0.304649,-0.49047,0.117305,-5.96415,-0.196109,-19.9265,-1.84213,-25.3084,0.617937,-16.8685,-0.696215,-47.8219,17.3713,-27.2178,-3.30235
1199,0.1199,13.3888,35.875,0.219388,48.9238,-0.323959,-0.00694199,-0.0436178,-10.4433,-0.610862,-27.2023,19.5003,-1.43597,-4.06181,16.2644,-0.188512,-132.264,-0.123366,0.00469116,0.0294754,-1.19857,-0.76298,-16.2644,11.5296,-5.19179,-0.781666,10.8821,0.106855,64.3863,-0.111913,-0.00360534,-0.022653,-0.516279,0.0611985,-10.8821,7.65155,3.85462,-0.234678,8.72844,0.301045,116.801,-0.0886802,-0.0080278,-0.0504402,-8.72844,0.09092,-0.0557315,0.319114,-0.0988037,-3.04547,-0.439752,0.150796,-0.635702,-0.299272,-0.494024,0.124295,-5.97214,-0.197218,-19.9302,-1.84166,-25.3208,0.619101,-16.8552,-0.657283,-47.7681,17.3594,-27.2508,-3.31841
