     50000   -90.00000000   1.2216640000e+00
     50000   -88.00000000   1.2238670000e+00
     50000   -86.00000000   1.2230970000e+00
     50000   -84.00000000   1.2193700000e+00
     50000   -82.00000000   1.2127200000e+00
     50000   -80.00000000   1.2031900000e+00
     50000   -78.00000000   1.1908420000e+00
     50000   -76.00000000   1.1757490000e+00
     50000   -74.00000000   1.1579970000e+00
     50000   -72.00000000   1.1376850000e+00
     50000   -70.00000000   1.1149260000e+00
     50000   -68.00000000   1.0898440000e+00
     50000   -66.00000000   1.0625720000e+00
     50000   -64.00000000   1.0332570000e+00
     50000   -62.00000000   1.0020530000e+00
     50000   -60.00000000   9.6912500000e-01
     50000   -58.00000000   9.3464400000e-01
     50000   -56.00000000   8.9879000000e-01
     50000   -54.00000000   8.6175000000e-01
     50000   -52.00000000   8.2371400000e-01
     50000   -50.00000000   7.8487900000e-01
     50000   -48.00000000   7.4544400000e-01
     50000   -46.00000000   7.0561200000e-01
     50000   -44.00000000   6.6558700000e-01
     50000   -42.00000000   6.2557300000e-01
     50000   -40.00000000   5.8577400000e-01
     50000   -38.00000000   5.4639300000e-01
     50000   -36.00000000   5.0763100000e-01
     50000   -34.00000000   4.6968400000e-01
     50000   -32.00000000   4.3274500000e-01
     50000   -30.00000000   3.9700100000e-01
     50000   -28.00000000   3.6263400000e-01
     50000   -26.00000000   3.2981700000e-01
     50000   -24.00000000   2.9871600000e-01
     50000   -22.00000000   2.6948900000e-01
     50000   -20.00000000   2.4228300000e-01
     50000   -18.00000000   2.1723600000e-01
     50000   -16.00000000   1.9447300000e-01
     50000   -14.00000000   1.7411100000e-01
     50000   -12.00000000   1.5625100000e-01
     50000   -10.00000000   1.4098400000e-01
     50000    -8.00000000   1.2838600000e-01
     50000    -6.00000000   1.1877200000e-01
     50000    -4.00000000   1.1144000000e-01
     50000    -2.00000000   7.2772000000e-02
     50000     0.00000000   5.1660000000e-02
     50000     2.00000000   4.9830000000e-02
     50000     4.00000000   4.5250000000e-02
     50000     6.00000000   5.3230000000e-02
     50000     8.00000000   1.0129000000e-01
     50000    10.00000000   1.3537000000e-01
     50000    12.00000000   1.5798000000e-01
     50000    14.00000000   1.7691000000e-01
     50000    16.00000000   1.9728000000e-01
     50000    18.00000000   2.2052400000e-01
     50000    20.00000000   2.3843200000e-01
     50000    22.00000000   2.6452800000e-01
     50000    24.00000000   2.9432200000e-01
     50000    26.00000000   3.2549400000e-01
     50000    28.00000000   3.5838700000e-01
     50000    30.00000000   3.9283600000e-01
     50000    32.00000000   4.2866600000e-01
     50000    34.00000000   4.6569600000e-01
     50000    36.00000000   5.0374000000e-01
     50000    38.00000000   5.4260300000e-01
     50000    40.00000000   5.8209000000e-01
     50000    42.00000000   6.2199800000e-01
     50000    44.00000000   6.6212700000e-01
     50000    46.00000000   7.0227100000e-01
     50000    48.00000000   7.4222600000e-01
     50000    50.00000000   7.8178700000e-01
     50000    52.00000000   8.2075300000e-01
     50000    54.00000000   8.5892300000e-01
     50000    56.00000000   8.9610100000e-01
     50000    58.00000000   9.3209500000e-01
     50000    60.00000000   9.6672000000e-01
     50000    62.00000000   9.9979500000e-01
     50000    64.00000000   1.0311490000e+00
     50000    66.00000000   1.0606160000e+00
     50000    68.00000000   1.0880420000e+00
     50000    70.00000000   1.1132810000e+00
     50000    72.00000000   1.1361990000e+00
     50000    74.00000000   1.1566710000e+00
     50000    76.00000000   1.1745850000e+00
     50000    78.00000000   1.1898420000e+00
     50000    80.00000000   1.2023550000e+00
     50000    82.00000000   1.2120500000e+00
     50000    84.00000000   1.2188680000e+00
     50000    86.00000000   1.2227610000e+00
     50000    88.00000000   1.2236990000e+00
     50000    90.00000000   1.2216640000e+00
    100000   -90.00000000   1.2216640000e+00
    100000   -88.00000000   1.2225870000e+00
    100000   -86.00000000   1.2205390000e+00
    100000   -84.00000000   1.2155380000e+00
    100000   -82.00000000   1.2076160000e+00
    100000   -80.00000000   1.1968230000e+00
    100000   -78.00000000   1.1832190000e+00
    100000   -76.00000000   1.1668780000e+00
    100000   -74.00000000   1.1478900000e+00
    100000   -72.00000000   1.1263540000e+00
    100000   -70.00000000   1.1023850000e+00
    100000   -68.00000000   1.0761080000e+00
    100000   -66.00000000   1.0476580000e+00
    100000   -64.00000000   1.0171830000e+00
    100000   -62.00000000   9.8483900000e-01
    100000   -60.00000000   9.5079100000e-01
    100000   -58.00000000   9.1521300000e-01
    100000   -56.00000000   8.7828600000e-01
    100000   -54.00000000   8.4019700000e-01
    100000   -52.00000000   8.0113900000e-01
    100000   -50.00000000   7.6130900000e-01
    100000   -48.00000000   7.2090800000e-01
    100000   -46.00000000   6.8014000000e-01
    100000   -44.00000000   6.3921000000e-01
    100000   -42.00000000   5.9832300000e-01
    100000   -40.00000000   5.5768400000e-01
    100000   -38.00000000   5.1749800000e-01
    100000   -36.00000000   4.7796600000e-01
    100000   -34.00000000   4.3928400000e-01
    100000   -32.00000000   4.0164800000e-01
    100000   -30.00000000   3.6524500000e-01
    100000   -28.00000000   3.3025800000e-01
    100000   -26.00000000   2.9685900000e-01
    100000   -24.00000000   2.6521800000e-01
    100000   -22.00000000   2.3549100000e-01
    100000   -20.00000000   2.0782600000e-01
    100000   -18.00000000   1.8236200000e-01
    100000   -16.00000000   1.5922600000e-01
    100000   -14.00000000   1.3853200000e-01
    100000   -12.00000000   1.2038500000e-01
    100000   -10.00000000   1.0487300000e-01
    100000    -8.00000000   9.3569000000e-02
    100000    -6.00000000   8.7987000000e-02
    100000    -4.00000000   3.8928000000e-02
    100000    -2.00000000   3.0140000000e-02
    100000     0.00000000   2.1600000000e-02
    100000     2.00000000   1.9600000000e-02
    100000     4.00000000   2.0570000000e-02
    100000     6.00000000   2.4240000000e-02
    100000     8.00000000   2.8740000000e-02
    100000    10.00000000   3.4390000000e-02
    100000    12.00000000   3.9128000000e-02
    100000    14.00000000   5.5748000000e-02
    100000    16.00000000   7.2898000000e-02
    100000    18.00000000   9.6951000000e-02
    100000    20.00000000   1.2343600000e-01
    100000    22.00000000   1.5222400000e-01
    100000    24.00000000   1.8317600000e-01
    100000    26.00000000   2.1614200000e-01
    100000    28.00000000   2.5096300000e-01
    100000    30.00000000   2.8747100000e-01
    100000    32.00000000   3.2548800000e-01
    100000    34.00000000   3.6483200000e-01
    100000    36.00000000   4.0531100000e-01
    100000    38.00000000   4.4673000000e-01
    100000    40.00000000   4.8888900000e-01
    100000    42.00000000   5.3158400000e-01
    100000    44.00000000   5.7460900000e-01
    100000    46.00000000   6.1775600000e-01
    100000    48.00000000   6.6081600000e-01
    100000    50.00000000   7.0358300000e-01
    100000    52.00000000   7.4584800000e-01
    100000    54.00000000   7.8741000000e-01
    100000    56.00000000   8.2806700000e-01
    100000    58.00000000   8.6762300000e-01
    100000    60.00000000   9.0588800000e-01
    100000    62.00000000   9.4267700000e-01
    100000    64.00000000   9.7781400000e-01
    100000    66.00000000   1.0111310000e+00
    100000    68.00000000   1.0424660000e+00
    100000    70.00000000   1.0716700000e+00
    100000    72.00000000   1.0986020000e+00
    100000    74.00000000   1.1231360000e+00
    100000    76.00000000   1.1451520000e+00
    100000    78.00000000   1.1645470000e+00
    100000    80.00000000   1.1812280000e+00
    100000    82.00000000   1.1951180000e+00
    100000    84.00000000   1.2061500000e+00
    100000    86.00000000   1.2142740000e+00
    100000    88.00000000   1.2194530000e+00
    100000    90.00000000   1.2216640000e+00
    150000   -90.00000000   1.2216640000e+00
    150000   -88.00000000   1.2213830000e+00
    150000   -86.00000000   1.2181320000e+00
    150000   -84.00000000   1.2119310000e+00
    150000   -82.00000000   1.2028150000e+00
    150000   -80.00000000   1.1908320000e+00
    150000   -78.00000000   1.1760450000e+00
    150000   -76.00000000   1.1585310000e+00
    150000   -74.00000000   1.1383790000e+00
    150000   -72.00000000   1.1156920000e+00
    150000   -70.00000000   1.0905850000e+00
    150000   -68.00000000   1.0631830000e+00
    150000   -66.00000000   1.0336250000e+00
    150000   -64.00000000   1.0020580000e+00
    150000   -62.00000000   9.6864100000e-01
    150000   -60.00000000   9.3353900000e-01
    150000   -58.00000000   8.9692900000e-01
    150000   -56.00000000   8.5899200000e-01
    150000   -54.00000000   8.1991700000e-01
    150000   -52.00000000   7.7989700000e-01
    150000   -50.00000000   7.3913100000e-01
    150000   -48.00000000   6.9782200000e-01
    150000   -46.00000000   6.5617300000e-01
    150000   -44.00000000   6.1439100000e-01
    150000   -42.00000000   5.7268300000e-01
    150000   -40.00000000   5.3125400000e-01
    150000   -38.00000000   4.9031000000e-01
    150000   -36.00000000   4.5005200000e-01
    150000   -34.00000000   4.1068000000e-01
    150000   -32.00000000   3.7238800000e-01
    150000   -30.00000000   3.3536500000e-01
    150000   -28.00000000   2.9979400000e-01
    150000   -26.00000000   2.6584900000e-01
    150000   -24.00000000   2.3369800000e-01
    150000   -22.00000000   2.0350000000e-01
    150000   -20.00000000   1.7540400000e-01
    150000   -18.00000000   1.4954800000e-01
    150000   -16.00000000   1.2606000000e-01
    150000   -14.00000000   1.0505400000e-01
    150000   -12.00000000   8.6636000000e-02
    150000   -10.00000000   7.0895000000e-02
    150000    -8.00000000   6.8854000000e-02
    150000    -6.00000000   5.2150000000e-02
    150000    -4.00000000   2.6003000000e-02
    150000    -2.00000000   1.9400000000e-02
    150000     0.00000000   1.5670000000e-02
    150000     2.00000000   1.5950000000e-02
    150000     4.00000000   1.6840000000e-02
    150000     6.00000000   1.9930000000e-02
    150000     8.00000000   2.3760000000e-02
    150000    10.00000000   2.8610000000e-02
    150000    12.00000000   3.5120000000e-02
    150000    14.00000000   4.3973000000e-02
    150000    16.00000000   5.8960000000e-02
    150000    18.00000000   8.2716000000e-02
    150000    20.00000000   1.0942100000e-01
    150000    22.00000000   1.3839600000e-01
    150000    24.00000000   1.6955100000e-01
    150000    26.00000000   2.0273800000e-01
    150000    28.00000000   2.3779500000e-01
    150000    30.00000000   2.7455500000e-01
    150000    32.00000000   3.1284100000e-01
    150000    34.00000000   3.5246800000e-01
    150000    36.00000000   3.9324500000e-01
    150000    38.00000000   4.3497800000e-01
    150000    40.00000000   4.7746400000e-01
    150000    42.00000000   5.2050100000e-01
    150000    44.00000000   5.6388100000e-01
    150000    46.00000000   6.0739600000e-01
    150000    48.00000000   6.5083700000e-01
    150000    50.00000000   6.9399600000e-01
    150000    52.00000000   7.3666700000e-01
    150000    54.00000000   7.7864400000e-01
    150000    56.00000000   8.1972700000e-01
    150000    58.00000000   8.5972000000e-01
    150000    60.00000000   8.9843100000e-01
    150000    62.00000000   9.3567500000e-01
    150000    64.00000000   9.7127700000e-01
    150000    66.00000000   1.0050650000e+00
    150000    68.00000000   1.0368790000e+00
    150000    70.00000000   1.0665690000e+00
    150000    72.00000000   1.0939940000e+00
    150000    74.00000000   1.1190250000e+00
    150000    76.00000000   1.1415440000e+00
    150000    78.00000000   1.1614460000e+00
    150000    80.00000000   1.1786390000e+00
    150000    82.00000000   1.1930420000e+00
    150000    84.00000000   1.2045910000e+00
    150000    86.00000000   1.2132340000e+00
    150000    88.00000000   1.2189330000e+00
    150000    90.00000000   1.2216640000e+00
    200000   -90.00000000   1.2216640000e+00
    200000   -88.00000000   1.2209010000e+00
    200000   -86.00000000   1.2171690000e+00
    200000   -84.00000000   1.2104870000e+00
    200000   -82.00000000   1.2008920000e+00
    200000   -80.00000000   1.1884330000e+00
    200000   -78.00000000   1.1731740000e+00
    200000   -76.00000000   1.1551900000e+00
    200000   -74.00000000   1.1345720000e+00
    200000   -72.00000000   1.1114240000e+00
    200000   -70.00000000   1.0858610000e+00
    200000   -68.00000000   1.0580090000e+00
    200000   -66.00000000   1.0280070000e+00
    200000   -64.00000000   9.9600300000e-01
    200000   -62.00000000   9.6215600000e-01
    200000   -60.00000000   9.2663400000e-01
    200000   -58.00000000   8.8961000000e-01
    200000   -56.00000000   8.5126900000e-01
    200000   -54.00000000   8.1179800000e-01
    200000   -52.00000000   7.7139300000e-01
    200000   -50.00000000   7.3025300000e-01
    200000   -48.00000000   6.8858000000e-01
    200000   -46.00000000   6.4657800000e-01
    200000   -44.00000000   6.0445600000e-01
    200000   -42.00000000   5.6241800000e-01
    200000   -40.00000000   5.2067300000e-01
    200000   -38.00000000   4.7942600000e-01
    200000   -36.00000000   4.3887800000e-01
    200000   -34.00000000   3.9923000000e-01
    200000   -32.00000000   3.6067500000e-01
    200000   -30.00000000   3.2340400000e-01
    200000   -28.00000000   2.8759800000e-01
    200000   -26.00000000   2.5343500000e-01
    200000   -24.00000000   2.2108100000e-01
    200000   -22.00000000   1.9069400000e-01
    200000   -20.00000000   1.6242600000e-01
    200000   -18.00000000   1.3641300000e-01
    200000   -16.00000000   1.1278300000e-01
    200000   -14.00000000   9.1653000000e-02
    200000   -12.00000000   7.3126000000e-02
    200000   -10.00000000   6.9481000000e-02
    200000    -8.00000000   3.7613000000e-02
    200000    -6.00000000   2.5871000000e-02
    200000    -4.00000000   1.9470000000e-02
    200000    -2.00000000   1.4760000000e-02
    200000     0.00000000   1.3560000000e-02
    200000     2.00000000   1.4300000000e-02
    200000     4.00000000   1.5240000000e-02
    200000     6.00000000   1.7970000000e-02
    200000     8.00000000   2.1590000000e-02
    200000    10.00000000   2.6350000000e-02
    200000    12.00000000   3.3210000000e-02
    200000    14.00000000   4.3320000000e-02
    200000    16.00000000   5.8605000000e-02
    200000    18.00000000   8.0412000000e-02
    200000    20.00000000   1.0708800000e-01
    200000    22.00000000   1.3595700000e-01
    200000    24.00000000   1.6714800000e-01
    200000    26.00000000   2.0037300000e-01
    200000    28.00000000   2.3547200000e-01
    200000    30.00000000   2.7227700000e-01
    200000    32.00000000   3.1061000000e-01
    200000    34.00000000   3.5028700000e-01
    200000    36.00000000   3.9111700000e-01
    200000    38.00000000   4.3290500000e-01
    200000    40.00000000   4.7544900000e-01
    200000    42.00000000   5.1854600000e-01
    200000    44.00000000   5.6198800000e-01
    200000    46.00000000   6.0556800000e-01
    200000    48.00000000   6.4907700000e-01
    200000    50.00000000   6.9230500000e-01
    200000    52.00000000   7.3504700000e-01
    200000    54.00000000   7.7709800000e-01
    200000    56.00000000   8.1825600000e-01
    200000    58.00000000   8.5832600000e-01
    200000    60.00000000   8.9711500000e-01
    200000    62.00000000   9.3444000000e-01
    200000    64.00000000   9.7012300000e-01
    200000    66.00000000   1.0039950000e+00
    200000    68.00000000   1.0358930000e+00
    200000    70.00000000   1.0656690000e+00
    200000    72.00000000   1.0931810000e+00
    200000    74.00000000   1.1183000000e+00
    200000    76.00000000   1.1409080000e+00
    200000    78.00000000   1.1608990000e+00
    200000    80.00000000   1.1781820000e+00
    200000    82.00000000   1.1926760000e+00
    200000    84.00000000   1.2043160000e+00
    200000    86.00000000   1.2130500000e+00
    200000    88.00000000   1.2188410000e+00
    200000    90.00000000   1.2216640000e+00
    250000   -90.00000000   1.2216640000e+00
    250000   -88.00000000   1.2201570000e+00
    250000   -86.00000000   1.2156800000e+00
    250000   -84.00000000   1.2082570000e+00
    250000   -82.00000000   1.1979230000e+00
    250000   -80.00000000   1.1847280000e+00
    250000   -78.00000000   1.1687370000e+00
    250000   -76.00000000   1.1500280000e+00
    250000   -74.00000000   1.1286910000e+00
    250000   -72.00000000   1.1048310000e+00
    250000   -70.00000000   1.0785630000e+00
    250000   -68.00000000   1.0500160000e+00
    250000   -66.00000000   1.0193280000e+00
    250000   -64.00000000   9.8665000000e-01
    250000   -62.00000000   9.5213900000e-01
    250000   -60.00000000   9.1596500000e-01
    250000   -58.00000000   8.7830300000e-01
    250000   -56.00000000   8.3933700000e-01
    250000   -54.00000000   7.9925700000e-01
    250000   -52.00000000   7.5825700000e-01
    250000   -50.00000000   7.1653800000e-01
    250000   -48.00000000   6.7430300000e-01
    250000   -46.00000000   6.3175700000e-01
    250000   -44.00000000   5.8910700000e-01
    250000   -42.00000000   5.4656200000e-01
    250000   -40.00000000   5.0432800000e-01
    250000   -38.00000000   4.6261200000e-01
    250000   -36.00000000   4.2161700000e-01
    250000   -34.00000000   3.8154100000e-01
    250000   -32.00000000   3.4258100000e-01
    250000   -30.00000000   3.0492600000e-01
    250000   -28.00000000   2.6875900000e-01
    250000   -26.00000000   2.3425700000e-01
    250000   -24.00000000   2.0158800000e-01
    250000   -22.00000000   1.7091100000e-01
    250000   -20.00000000   1.4237500000e-01
    250000   -18.00000000   1.1612000000e-01
    250000   -16.00000000   9.2273000000e-02
    250000   -14.00000000   7.0950000000e-02
    250000   -12.00000000   5.8719000000e-02
    250000   -10.00000000   3.6280000000e-02
    250000    -8.00000000   2.3646000000e-02
    250000    -6.00000000   2.1020000000e-02
    250000    -4.00000000   1.5940000000e-02
    250000    -2.00000000   1.2760000000e-02
    250000     0.00000000   1.2450000000e-02
    250000     2.00000000   1.3430000000e-02
    250000     4.00000000   1.4470000000e-02
    250000     6.00000000   1.6810000000e-02
    250000     8.00000000   2.0250000000e-02
    250000    10.00000000   2.5050000000e-02
    250000    12.00000000   3.2170000000e-02
    250000    14.00000000   4.2560000000e-02
    250000    16.00000000   5.8057000000e-02
    250000    18.00000000   8.0700000000e-02
    250000    20.00000000   1.0746400000e-01
    250000    22.00000000   1.3643400000e-01
    250000    24.00000000   1.6761800000e-01
    250000    26.00000000   2.0083600000e-01
    250000    28.00000000   2.3592700000e-01
    250000    30.00000000   2.7272200000e-01
    250000    32.00000000   3.1104600000e-01
    250000    34.00000000   3.5071300000e-01
    250000    36.00000000   3.9153300000e-01
    250000    38.00000000   4.3331000000e-01
    250000    40.00000000   4.7584300000e-01
    250000    42.00000000   5.1892800000e-01
    250000    44.00000000   5.6235800000e-01
    250000    46.00000000   6.0592600000e-01
    250000    48.00000000   6.4942100000e-01
    250000    50.00000000   6.9263600000e-01
    250000    52.00000000   7.3536400000e-01
    250000    54.00000000   7.7740000000e-01
    250000    56.00000000   8.1854400000e-01
    250000    58.00000000   8.5859800000e-01
    250000    60.00000000   8.9737300000e-01
    250000    62.00000000   9.3468200000e-01
    250000    64.00000000   9.7034900000e-01
    250000    66.00000000   1.0042040000e+00
    250000    68.00000000   1.0360860000e+00
    250000    70.00000000   1.0658450000e+00
    250000    72.00000000   1.0933400000e+00
    250000    74.00000000   1.1184420000e+00
    250000    76.00000000   1.1410320000e+00
    250000    78.00000000   1.1610060000e+00
    250000    80.00000000   1.1782710000e+00
    250000    82.00000000   1.1927480000e+00
    250000    84.00000000   1.2043700000e+00
    250000    86.00000000   1.2130860000e+00
    250000    88.00000000   1.2188590000e+00
    250000    90.00000000   1.2216640000e+00
     50000   -90.00000000   1.2216640000e+00
     50000   -88.00000000   1.2235590000e+00
     50000   -86.00000000   1.2224810000e+00
     50000   -84.00000000   1.2184470000e+00
     50000   -82.00000000   1.2114910000e+00
     50000   -80.00000000   1.2016570000e+00
     50000   -78.00000000   1.1890060000e+00
     50000   -76.00000000   1.1736120000e+00
     50000   -74.00000000   1.1555620000e+00
     50000   -72.00000000   1.1349560000e+00
     50000   -70.00000000   1.1119060000e+00
     50000   -68.00000000   1.0865350000e+00
     50000   -66.00000000   1.0589800000e+00
     50000   -64.00000000   1.0293860000e+00
     50000   -62.00000000   9.9790700000e-01
     50000   -60.00000000   9.6470900000e-01
     50000   -58.00000000   9.2996400000e-01
     50000   -56.00000000   8.9385200000e-01
     50000   -54.00000000   8.5655900000e-01
     50000   -52.00000000   8.1827700000e-01
     50000   -50.00000000   7.7920200000e-01
     50000   -48.00000000   7.3953500000e-01
     50000   -46.00000000   6.9947700000e-01
     50000   -44.00000000   6.5923400000e-01
     50000   -42.00000000   6.1901000000e-01
     50000   -40.00000000   5.7900800000e-01
     50000   -38.00000000   5.3943400000e-01
     50000   -36.00000000   5.0048600000e-01
     50000   -34.00000000   4.6236200000e-01
     50000   -32.00000000   4.2525500000e-01
     50000   -30.00000000   3.8935300000e-01
     50000   -28.00000000   3.5483600000e-01
     50000   -26.00000000   3.2187900000e-01
     50000   -24.00000000   2.9064800000e-01
     50000   -22.00000000   2.6130000000e-01
     50000   -20.00000000   2.3398400000e-01
     50000   -18.00000000   2.0883600000e-01
     50000   -16.00000000   1.8598400000e-01
     50000   -14.00000000   1.6554200000e-01
     50000   -12.00000000   1.4761300000e-01
     50000   -10.00000000   1.3228700000e-01
     50000    -8.00000000   1.1964100000e-01
     50000    -6.00000000   1.1014100000e-01
     50000    -4.00000000   1.0263000000e-01
     50000    -2.00000000   7.4470000000e-02
     50000     0.00000000   4.8150000000e-02
     50000     2.00000000   4.6090000000e-02
     50000     4.00000000   4.0770000000e-02
     50000     6.00000000   3.9042000000e-02
     50000     8.00000000   4.9237000000e-02
     50000    10.00000000   6.1903000000e-02
     50000    12.00000000   7.6336000000e-02
     50000    14.00000000   9.4837000000e-02
     50000    16.00000000   1.1593800000e-01
     50000    18.00000000   1.3953400000e-01
     50000    20.00000000   1.6550900000e-01
     50000    22.00000000   1.9373700000e-01
     50000    24.00000000   2.2407800000e-01
     50000    26.00000000   2.5638400000e-01
     50000    28.00000000   2.9049600000e-01
     50000    30.00000000   3.2624600000e-01
     50000    32.00000000   3.6345800000e-01
     50000    34.00000000   4.0195100000e-01
     50000    36.00000000   4.4153300000e-01
     50000    38.00000000   4.8201200000e-01
     50000    40.00000000   5.2318700000e-01
     50000    42.00000000   5.6485700000e-01
     50000    44.00000000   6.0681600000e-01
     50000    46.00000000   6.4885800000e-01
     50000    48.00000000   6.9077600000e-01
     50000    50.00000000   7.3236200000e-01
     50000    52.00000000   7.7341400000e-01
     50000    54.00000000   8.1372700000e-01
     50000    56.00000000   8.5310400000e-01
     50000    58.00000000   8.9134900000e-01
     50000    60.00000000   9.2827400000e-01
     50000    62.00000000   9.6369700000e-01
     50000    64.00000000   9.9744200000e-01
     50000    66.00000000   1.0293420000e+00
     50000    68.00000000   1.0592380000e+00
     50000    70.00000000   1.0869830000e+00
     50000    72.00000000   1.1124380000e+00
     50000    74.00000000   1.1354770000e+00
     50000    76.00000000   1.1559840000e+00
     50000    78.00000000   1.1738560000e+00
     50000    80.00000000   1.1890030000e+00
     50000    82.00000000   1.2013490000e+00
     50000    84.00000000   1.2108300000e+00
     50000    86.00000000   1.2173980000e+00
     50000    88.00000000   1.2210160000e+00
     50000    90.00000000   1.2216640000e+00
    100000   -90.00000000   1.2216640000e+00
    100000   -88.00000000   1.2225780000e+00
    100000   -86.00000000   1.2205200000e+00
    100000   -84.00000000   1.2155090000e+00
    100000   -82.00000000   1.2075780000e+00
    100000   -80.00000000   1.1967750000e+00
    100000   -78.00000000   1.1831610000e+00
    100000   -76.00000000   1.1668110000e+00
    100000   -74.00000000   1.1478130000e+00
    100000   -72.00000000   1.1262690000e+00
    100000   -70.00000000   1.1022910000e+00
    100000   -68.00000000   1.0760040000e+00
    100000   -66.00000000   1.0475460000e+00
    100000   -64.00000000   1.0170620000e+00
    100000   -62.00000000   9.8470900000e-01
    100000   -60.00000000   9.5065300000e-01
    100000   -58.00000000   9.1506600000e-01
    100000   -56.00000000   8.7813100000e-01
    100000   -54.00000000   8.4003400000e-01
    100000   -52.00000000   8.0096900000e-01
    100000   -50.00000000   7.6113100000e-01
    100000   -48.00000000   7.2072400000e-01
    100000   -46.00000000   6.7994900000e-01
    100000   -44.00000000   6.3901100000e-01
    100000   -42.00000000   5.9811800000e-01
    100000   -40.00000000   5.5747300000e-01
    100000   -38.00000000   5.1728100000e-01
    100000   -36.00000000   4.7774200000e-01
    100000   -34.00000000   4.3905500000e-01
    100000   -32.00000000   4.0141400000e-01
    100000   -30.00000000   3.6500600000e-01
    100000   -28.00000000   3.3001400000e-01
    100000   -26.00000000   2.9661100000e-01
    100000   -24.00000000   2.6496600000e-01
    100000   -22.00000000   2.3523500000e-01
    100000   -20.00000000   2.0756700000e-01
    100000   -18.00000000   1.8210000000e-01
    100000   -16.00000000   1.5896000000e-01
    100000   -14.00000000   1.3826400000e-01
    100000   -12.00000000   1.2011400000e-01
    100000   -10.00000000   1.0460100000e-01
    100000    -8.00000000   9.4135000000e-02
    100000    -6.00000000   8.1780000000e-02
    100000    -4.00000000   3.8053000000e-02
    100000    -2.00000000   3.0280000000e-02
    100000     0.00000000   2.2820000000e-02
    100000     2.00000000   1.8010000000e-02
    100000     4.00000000   1.9590000000e-02
    100000     6.00000000   2.3300000000e-02
    100000     8.00000000   2.7970000000e-02
    100000    10.00000000   3.3279000000e-02
    100000    12.00000000   4.1310000000e-02
    100000    14.00000000   5.9399000000e-02
    100000    16.00000000   8.1516000000e-02
    100000    18.00000000   1.0547800000e-01
    100000    20.00000000   1.3186000000e-01
    100000    22.00000000   1.6053600000e-01
    100000    24.00000000   1.9136600000e-01
    100000    26.00000000   2.2420000000e-01
    100000    28.00000000   2.5887900000e-01
    100000    30.00000000   2.9523500000e-01
    100000    32.00000000   3.3309100000e-01
    100000    34.00000000   3.7226400000e-01
    100000    36.00000000   4.1256400000e-01
    100000    38.00000000   4.5379500000e-01
    100000    40.00000000   4.9575700000e-01
    100000    42.00000000   5.3824600000e-01
    100000    44.00000000   5.8105800000e-01
    100000    46.00000000   6.2398300000e-01
    100000    48.00000000   6.6681500000e-01
    100000    50.00000000   7.0934500000e-01
    100000    52.00000000   7.5136800000e-01
    100000    54.00000000   7.9268000000e-01
    100000    56.00000000   8.3308000000e-01
    100000    58.00000000   8.7237400000e-01
    100000    60.00000000   9.1037000000e-01
    100000    62.00000000   9.4688600000e-01
    100000    64.00000000   9.8174400000e-01
    100000    66.00000000   1.0147770000e+00
    100000    68.00000000   1.0458240000e+00
    100000    70.00000000   1.0747360000e+00
    100000    72.00000000   1.1013730000e+00
    100000    74.00000000   1.1256070000e+00
    100000    76.00000000   1.1473210000e+00
    100000    78.00000000   1.1664110000e+00
    100000    80.00000000   1.1827850000e+00
    100000    82.00000000   1.1963660000e+00
    100000    84.00000000   1.2070870000e+00
    100000    86.00000000   1.2149000000e+00
    100000    88.00000000   1.2197660000e+00
    100000    90.00000000   1.2216640000e+00
    150000   -90.00000000   1.2216640000e+00
    150000   -88.00000000   1.2210870000e+00
    150000   -86.00000000   1.2175410000e+00
    150000   -84.00000000   1.2110450000e+00
    150000   -82.00000000   1.2016350000e+00
    150000   -80.00000000   1.1893590000e+00
    150000   -78.00000000   1.1742820000e+00
    150000   -76.00000000   1.1564800000e+00
    150000   -74.00000000   1.1360420000e+00
    150000   -72.00000000   1.1130720000e+00
    150000   -70.00000000   1.0876850000e+00
    150000   -68.00000000   1.0600070000e+00
    150000   -66.00000000   1.0301760000e+00
    150000   -64.00000000   9.9834100000e-01
    150000   -62.00000000   9.6466000000e-01
    150000   -60.00000000   9.2930000000e-01
    150000   -58.00000000   8.9243600000e-01
    150000   -56.00000000   8.5425100000e-01
    150000   -54.00000000   8.1493300000e-01
    150000   -52.00000000   7.7467700000e-01
    150000   -50.00000000   7.3368100000e-01
    150000   -48.00000000   6.9214800000e-01
    150000   -46.00000000   6.5028300000e-01
    150000   -44.00000000   6.0829200000e-01
    150000   -42.00000000   5.6638200000e-01
    150000   -40.00000000   5.2475900000e-01
    150000   -38.00000000   4.8362800000e-01
    150000   -36.00000000   4.4319300000e-01
    150000   -34.00000000   4.0365100000e-01
    150000   -32.00000000   3.6519800000e-01
    150000   -30.00000000   3.2802200000e-01
    150000   -28.00000000   2.9230700000e-01
    150000   -26.00000000   2.5822800000e-01
    150000   -24.00000000   2.2595200000e-01
    150000   -22.00000000   1.9563900000e-01
    150000   -20.00000000   1.6743700000e-01
    150000   -18.00000000   1.4148500000e-01
    150000   -16.00000000   1.1790900000e-01
    150000   -14.00000000   9.6828000000e-02
    150000   -12.00000000   7.8342000000e-02
    150000   -10.00000000   6.2545000000e-02
    150000    -8.00000000   5.9532000000e-02
    150000    -6.00000000   3.4278000000e-02
    150000    -4.00000000   2.6339000000e-02
    150000    -2.00000000   2.0250000000e-02
    150000     0.00000000   1.5170000000e-02
    150000     2.00000000   1.4700000000e-02
    150000     4.00000000   1.6170000000e-02
    150000     6.00000000   1.9330000000e-02
    150000     8.00000000   2.3250000000e-02
    150000    10.00000000   2.8090000000e-02
    150000    12.00000000   3.5200000000e-02
    150000    14.00000000   4.4950000000e-02
    150000    16.00000000   6.4573000000e-02
    150000    18.00000000   8.8562000000e-02
    150000    20.00000000   1.1514700000e-01
    150000    22.00000000   1.4404500000e-01
    150000    24.00000000   1.7511700000e-01
    150000    26.00000000   2.0821400000e-01
    150000    28.00000000   2.4317500000e-01
    150000    30.00000000   2.7983100000e-01
    150000    32.00000000   3.1800700000e-01
    150000    34.00000000   3.5751800000e-01
    150000    36.00000000   3.9817400000e-01
    150000    38.00000000   4.3977900000e-01
    150000    40.00000000   4.8213100000e-01
    150000    42.00000000   5.2502800000e-01
    150000    44.00000000   5.6826300000e-01
    150000    46.00000000   6.1162800000e-01
    150000    48.00000000   6.5491400000e-01
    150000    50.00000000   6.9791200000e-01
    150000    52.00000000   7.4041800000e-01
    150000    54.00000000   7.8222500000e-01
    150000    56.00000000   8.2313400000e-01
    150000    58.00000000   8.6294800000e-01
    150000    60.00000000   9.0147700000e-01
    150000    62.00000000   9.3853600000e-01
    150000    64.00000000   9.7394700000e-01
    150000    66.00000000   1.0075430000e+00
    150000    68.00000000   1.0391610000e+00
    150000    70.00000000   1.0686530000e+00
    150000    72.00000000   1.0958770000e+00
    150000    74.00000000   1.1207040000e+00
    150000    76.00000000   1.1430180000e+00
    150000    78.00000000   1.1627130000e+00
    150000    80.00000000   1.1796970000e+00
    150000    82.00000000   1.1938900000e+00
    150000    84.00000000   1.2052280000e+00
    150000    86.00000000   1.2136590000e+00
    150000    88.00000000   1.2191450000e+00
    150000    90.00000000   1.2216640000e+00
    200000   -90.00000000   1.2216640000e+00
    200000   -88.00000000   1.2204560000e+00
    200000   -86.00000000   1.2162800000e+00
    200000   -84.00000000   1.2091550000e+00
    200000   -82.00000000   1.1991190000e+00
    200000   -80.00000000   1.1862200000e+00
    200000   -78.00000000   1.1705240000e+00
    200000   -76.00000000   1.1521060000e+00
    200000   -74.00000000   1.1310590000e+00
    200000   -72.00000000   1.1074860000e+00
    200000   -70.00000000   1.0815020000e+00
    200000   -68.00000000   1.0532340000e+00
    200000   -66.00000000   1.0228230000e+00
    200000   -64.00000000   9.9041600000e-01
    200000   -62.00000000   9.5617300000e-01
    200000   -60.00000000   9.2026100000e-01
    200000   -58.00000000   8.8285600000e-01
    200000   -56.00000000   8.4414200000e-01
    200000   -54.00000000   8.0430700000e-01
    200000   -52.00000000   7.6354700000e-01
    200000   -50.00000000   7.2206100000e-01
    200000   -48.00000000   6.8005200000e-01
    200000   -46.00000000   6.3772500000e-01
    200000   -44.00000000   5.9528700000e-01
    200000   -42.00000000   5.5294700000e-01
    200000   -40.00000000   5.1091000000e-01
    200000   -38.00000000   4.6938300000e-01
    200000   -36.00000000   4.2856700000e-01
    200000   -34.00000000   3.8866400000e-01
    200000   -32.00000000   3.4986700000e-01
    200000   -30.00000000   3.1236600000e-01
    200000   -28.00000000   2.7634500000e-01
    200000   -26.00000000   2.4198000000e-01
    200000   -24.00000000   2.0943700000e-01
    200000   -22.00000000   1.7887700000e-01
    200000   -20.00000000   1.5044900000e-01
    200000   -18.00000000   1.2429100000e-01
    200000   -16.00000000   1.0053200000e-01
    200000   -14.00000000   7.9286000000e-02
    200000   -12.00000000   6.0659000000e-02
    200000   -10.00000000   4.4741000000e-02
    200000    -8.00000000   4.3795000000e-02
    200000    -6.00000000   2.4226000000e-02
    200000    -4.00000000   2.0260000000e-02
    200000    -2.00000000   1.5290000000e-02
    200000     0.00000000   1.2770000000e-02
    200000     2.00000000   1.3290000000e-02
    200000     4.00000000   1.4540000000e-02
    200000     6.00000000   1.7440000000e-02
    200000     8.00000000   2.1090000000e-02
    200000    10.00000000   2.6000000000e-02
    200000    12.00000000   3.3070000000e-02
    200000    14.00000000   4.3677000000e-02
    200000    16.00000000   6.3610000000e-02
    200000    18.00000000   8.8085000000e-02
    200000    20.00000000   1.1435600000e-01
    200000    22.00000000   1.4326500000e-01
    200000    24.00000000   1.7434800000e-01
    200000    26.00000000   2.0745700000e-01
    200000    28.00000000   2.4243200000e-01
    200000    30.00000000   2.7910300000e-01
    200000    32.00000000   3.1729400000e-01
    200000    34.00000000   3.5682100000e-01
    200000    36.00000000   3.9749300000e-01
    200000    38.00000000   4.3911500000e-01
    200000    40.00000000   4.8148700000e-01
    200000    42.00000000   5.2440300000e-01
    200000    44.00000000   5.6765800000e-01
    200000    46.00000000   6.1104300000e-01
    200000    48.00000000   6.5435100000e-01
    200000    50.00000000   6.9737200000e-01
    200000    52.00000000   7.3989900000e-01
    200000    54.00000000   7.8173000000e-01
    200000    56.00000000   8.2266300000e-01
    200000    58.00000000   8.6250200000e-01
    200000    60.00000000   9.0105600000e-01
    200000    62.00000000   9.3814100000e-01
    200000    64.00000000   9.7357800000e-01
    200000    66.00000000   1.0072000000e+00
    200000    68.00000000   1.0388460000e+00
    200000    70.00000000   1.0683650000e+00
    200000    72.00000000   1.0956170000e+00
    200000    74.00000000   1.1204720000e+00
    200000    76.00000000   1.1428140000e+00
    200000    78.00000000   1.1625380000e+00
    200000    80.00000000   1.1795500000e+00
    200000    82.00000000   1.1937730000e+00
    200000    84.00000000   1.2051400000e+00
    200000    86.00000000   1.2136000000e+00
    200000    88.00000000   1.2191160000e+00
    200000    90.00000000   1.2216640000e+00
    250000   -90.00000000   1.2216640000e+00
    250000   -88.00000000   1.2204040000e+00
    250000   -86.00000000   1.2161760000e+00
    250000   -84.00000000   1.2089990000e+00
    250000   -82.00000000   1.1989110000e+00
    250000   -80.00000000   1.1859610000e+00
    250000   -78.00000000   1.1702140000e+00
    250000   -76.00000000   1.1517460000e+00
    250000   -74.00000000   1.1306480000e+00
    250000   -72.00000000   1.1070250000e+00
    250000   -70.00000000   1.0809920000e+00
    250000   -68.00000000   1.0526760000e+00
    250000   -66.00000000   1.0222160000e+00
    250000   -64.00000000   9.8976200000e-01
    250000   -62.00000000   9.5547300000e-01
    250000   -60.00000000   9.1951500000e-01
    250000   -58.00000000   8.8206600000e-01
    250000   -56.00000000   8.4330800000e-01
    250000   -54.00000000   8.0343000000e-01
    250000   -52.00000000   7.6262900000e-01
    250000   -50.00000000   7.2110200000e-01
    250000   -48.00000000   6.7905400000e-01
    250000   -46.00000000   6.3668900000e-01
    250000   -44.00000000   5.9421500000e-01
    250000   -42.00000000   5.5183900000e-01
    250000   -40.00000000   5.0976800000e-01
    250000   -38.00000000   4.6820700000e-01
    250000   -36.00000000   4.2736100000e-01
    250000   -34.00000000   3.8742700000e-01
    250000   -32.00000000   3.4860200000e-01
    250000   -30.00000000   3.1107500000e-01
    250000   -28.00000000   2.7502800000e-01
    250000   -26.00000000   2.4063900000e-01
    250000   -24.00000000   2.0807500000e-01
    250000   -22.00000000   1.7749400000e-01
    250000   -20.00000000   1.4904800000e-01
    250000   -18.00000000   1.2287300000e-01
    250000   -16.00000000   9.9098000000e-02
    250000   -14.00000000   7.7839000000e-02
    250000   -12.00000000   5.9200000000e-02
    250000   -10.00000000   4.5969000000e-02
    250000    -8.00000000   3.2228000000e-02
    250000    -6.00000000   2.1173000000e-02
    250000    -4.00000000   1.6510000000e-02
    250000    -2.00000000   1.2720000000e-02
    250000     0.00000000   1.1630000000e-02
    250000     2.00000000   1.2500000000e-02
    250000     4.00000000   1.3550000000e-02
    250000     6.00000000   1.6310000000e-02
    250000     8.00000000   1.9770000000e-02
    250000    10.00000000   2.4620000000e-02
    250000    12.00000000   3.1600000000e-02
    250000    14.00000000   4.1971000000e-02
    250000    16.00000000   5.9970000000e-02
    250000    18.00000000   8.4688000000e-02
    250000    20.00000000   1.1091600000e-01
    250000    22.00000000   1.3987000000e-01
    250000    24.00000000   1.7100400000e-01
    250000    26.00000000   2.0416700000e-01
    250000    28.00000000   2.3919900000e-01
    250000    30.00000000   2.7593200000e-01
    250000    32.00000000   3.1418900000e-01
    250000    34.00000000   3.5378600000e-01
    250000    36.00000000   3.9453200000e-01
    250000    38.00000000   4.3623100000e-01
    250000    40.00000000   4.7868200000e-01
    250000    42.00000000   5.2168200000e-01
    250000    44.00000000   5.6502400000e-01
    250000    46.00000000   6.0850000000e-01
    250000    48.00000000   6.5190100000e-01
    250000    50.00000000   6.9501800000e-01
    250000    52.00000000   7.3764600000e-01
    250000    54.00000000   7.7957900000e-01
    250000    56.00000000   8.2061600000e-01
    250000    58.00000000   8.6056200000e-01
    250000    60.00000000   8.9922600000e-01
    250000    62.00000000   9.3642200000e-01
    250000    64.00000000   9.7197400000e-01
    250000    66.00000000   1.0057110000e+00
    250000    68.00000000   1.0374750000e+00
    250000    70.00000000   1.0671130000e+00
    250000    72.00000000   1.0944850000e+00
    250000    74.00000000   1.1194630000e+00
    250000    76.00000000   1.1419290000e+00
    250000    78.00000000   1.1617770000e+00
    250000    80.00000000   1.1789150000e+00
    250000    82.00000000   1.1932640000e+00
    250000    84.00000000   1.2047580000e+00
    250000    86.00000000   1.2133450000e+00
    250000    88.00000000   1.2189880000e+00
    250000    90.00000000   1.2216640000e+00
     50000   -90.00000000   1.2216640000e+00
     50000   -88.00000000   1.2234550000e+00
     50000   -86.00000000   1.2222720000e+00
     50000   -84.00000000   1.2181350000e+00
     50000   -82.00000000   1.2110750000e+00
     50000   -80.00000000   1.2011380000e+00
     50000   -78.00000000   1.1883850000e+00
     50000   -76.00000000   1.1728900000e+00
     50000   -74.00000000   1.1547390000e+00
     50000   -72.00000000   1.1340330000e+00
     50000   -70.00000000   1.1108840000e+00
     50000   -68.00000000   1.0854160000e+00
     50000   -66.00000000   1.0577650000e+00
     50000   -64.00000000   1.0280760000e+00
     50000   -62.00000000   9.9650500000e-01
     50000   -60.00000000   9.6321500000e-01
     50000   -58.00000000   9.2838100000e-01
     50000   -56.00000000   8.9218100000e-01
     50000   -54.00000000   8.5480300000e-01
     50000   -52.00000000   8.1643800000e-01
     50000   -50.00000000   7.7728200000e-01
     50000   -48.00000000   7.3753600000e-01
     50000   -46.00000000   6.9740200000e-01
     50000   -44.00000000   6.5708500000e-01
     50000   -42.00000000   6.1679000000e-01
     50000   -40.00000000   5.7672000000e-01
     50000   -38.00000000   5.3708000000e-01
     50000   -36.00000000   4.9806900000e-01
     50000   -34.00000000   4.5988500000e-01
     50000   -32.00000000   4.2272200000e-01
     50000   -30.00000000   3.8676600000e-01
     50000   -28.00000000   3.5219800000e-01
     50000   -26.00000000   3.1919400000e-01
     50000   -24.00000000   2.8791900000e-01
     50000   -22.00000000   2.5853100000e-01
     50000   -20.00000000   2.3117700000e-01
     50000   -18.00000000   2.0599500000e-01
     50000   -16.00000000   1.8311200000e-01
     50000   -14.00000000   1.6264300000e-01
     50000   -12.00000000   1.4469100000e-01
     50000   -10.00000000   1.2934500000e-01
     50000    -8.00000000   1.1668300000e-01
     50000    -6.00000000   1.0727200000e-01
     50000    -4.00000000   9.9650000000e-02
     50000    -2.00000000   5.3147000000e-02
     50000     0.00000000   4.3910000000e-02
     50000     2.00000000   4.1760000000e-02
     50000     4.00000000   3.6860000000e-02
     50000     6.00000000   3.4970000000e-02
     50000     8.00000000   4.2756000000e-02
     50000    10.00000000   5.5764000000e-02
     50000    12.00000000   7.8605000000e-02
     50000    14.00000000   8.5610000000e-02
     50000    16.00000000   1.0679600000e-01
     50000    18.00000000   1.3048900000e-01
     50000    20.00000000   1.5657300000e-01
     50000    22.00000000   1.8492000000e-01
     50000    24.00000000   2.1539100000e-01
     50000    26.00000000   2.4783700000e-01
     50000    28.00000000   2.8209900000e-01
     50000    30.00000000   3.1801000000e-01
     50000    32.00000000   3.5539400000e-01
     50000    34.00000000   3.9406700000e-01
     50000    36.00000000   4.3384000000e-01
     50000    38.00000000   4.7451800000e-01
     50000    40.00000000   5.1590200000e-01
     50000    42.00000000   5.5779000000e-01
     50000    44.00000000   5.9997500000e-01
     50000    46.00000000   6.4225200000e-01
     50000    48.00000000   6.8441200000e-01
     50000    50.00000000   7.2625000000e-01
     50000    52.00000000   7.6755900000e-01
     50000    54.00000000   8.0813700000e-01
     50000    56.00000000   8.4778600000e-01
     50000    58.00000000   8.8631000000e-01
     50000    60.00000000   9.2351900000e-01
     50000    62.00000000   9.5923200000e-01
     50000    64.00000000   9.9327300000e-01
     50000    66.00000000   1.0254740000e+00
     50000    68.00000000   1.0556760000e+00
     50000    70.00000000   1.0837310000e+00
     50000    72.00000000   1.1095000000e+00
     50000    74.00000000   1.1328560000e+00
     50000    76.00000000   1.1536830000e+00
     50000    78.00000000   1.1718790000e+00
     50000    80.00000000   1.1873520000e+00
     50000    82.00000000   1.2000260000e+00
     50000    84.00000000   1.2098360000e+00
     50000    86.00000000   1.2167340000e+00
     50000    88.00000000   1.2206840000e+00
     50000    90.00000000   1.2216640000e+00
    100000   -90.00000000   1.2216640000e+00
    100000   -88.00000000   1.2234400000e+00
    100000   -86.00000000   1.2222440000e+00
    100000   -84.00000000   1.2180930000e+00
    100000   -82.00000000   1.2110180000e+00
    100000   -80.00000000   1.2010680000e+00
    100000   -78.00000000   1.1883010000e+00
    100000   -76.00000000   1.1727910000e+00
    100000   -74.00000000   1.1546270000e+00
    100000   -72.00000000   1.1339070000e+00
    100000   -70.00000000   1.1107450000e+00
    100000   -68.00000000   1.0852640000e+00
    100000   -66.00000000   1.0576000000e+00
    100000   -64.00000000   1.0278980000e+00
    100000   -62.00000000   9.9631400000e-01
    100000   -60.00000000   9.6301200000e-01
    100000   -58.00000000   9.2816600000e-01
    100000   -56.00000000   8.9195400000e-01
    100000   -54.00000000   8.5456400000e-01
    100000   -52.00000000   8.1618700000e-01
    100000   -50.00000000   7.7702100000e-01
    100000   -48.00000000   7.3726400000e-01
    100000   -46.00000000   6.9712000000e-01
    100000   -44.00000000   6.5679300000e-01
    100000   -42.00000000   6.1648800000e-01
    100000   -40.00000000   5.7640900000e-01
    100000   -38.00000000   5.3675900000e-01
    100000   -36.00000000   4.9774000000e-01
    100000   -34.00000000   4.5954900000e-01
    100000   -32.00000000   4.2237700000e-01
    100000   -30.00000000   3.8641400000e-01
    100000   -28.00000000   3.5183900000e-01
    100000   -26.00000000   3.1882900000e-01
    100000   -24.00000000   2.8754800000e-01
    100000   -22.00000000   2.5815400000e-01
    100000   -20.00000000   2.3079500000e-01
    100000   -18.00000000   2.0560900000e-01
    100000   -16.00000000   1.8272200000e-01
    100000   -14.00000000   1.6224900000e-01
    100000   -12.00000000   1.4429300000e-01
    100000   -10.00000000   1.2894500000e-01
    100000    -8.00000000   1.1641200000e-01
    100000    -6.00000000   1.0734500000e-01
    100000    -4.00000000   5.2117000000e-02
    100000    -2.00000000   2.9900000000e-02
    100000     0.00000000   2.4530000000e-02
    100000     2.00000000   1.7030000000e-02
    100000     4.00000000   1.8310000000e-02
    100000     6.00000000   2.2140000000e-02
    100000     8.00000000   2.6450000000e-02
    100000    10.00000000   3.1262000000e-02
    100000    12.00000000   3.8716000000e-02
    100000    14.00000000   5.6999000000e-02
    100000    16.00000000   7.9190000000e-02
    100000    18.00000000   1.0317600000e-01
    100000    20.00000000   1.2958600000e-01
    100000    22.00000000   1.5829200000e-01
    100000    24.00000000   1.8915500000e-01
    100000    26.00000000   2.2202500000e-01
    100000    28.00000000   2.5674200000e-01
    100000    30.00000000   2.9313900000e-01
    100000    32.00000000   3.3103900000e-01
    100000    34.00000000   3.7025800000e-01
    100000    36.00000000   4.1060600000e-01
    100000    38.00000000   4.5188700000e-01
    100000    40.00000000   4.9390300000e-01
    100000    42.00000000   5.3644800000e-01
    100000    44.00000000   5.7931700000e-01
    100000    46.00000000   6.2230200000e-01
    100000    48.00000000   6.6519600000e-01
    100000    50.00000000   7.0779000000e-01
    100000    52.00000000   7.4987800000e-01
    100000    54.00000000   7.9125700000e-01
    100000    56.00000000   8.3172700000e-01
    100000    58.00000000   8.7109100000e-01
    100000    60.00000000   9.0916000000e-01
    100000    62.00000000   9.4575000000e-01
    100000    64.00000000   9.8068400000e-01
    100000    66.00000000   1.0137930000e+00
    100000    68.00000000   1.0449180000e+00
    100000    70.00000000   1.0739080000e+00
    100000    72.00000000   1.1006250000e+00
    100000    74.00000000   1.1249400000e+00
    100000    76.00000000   1.1467350000e+00
    100000    78.00000000   1.1659080000e+00
    100000    80.00000000   1.1823650000e+00
    100000    82.00000000   1.1960290000e+00
    100000    84.00000000   1.2068340000e+00
    100000    86.00000000   1.2147310000e+00
    100000    88.00000000   1.2196820000e+00
    100000    90.00000000   1.2216640000e+00
    150000   -90.00000000   1.2216640000e+00
    150000   -88.00000000   1.2224060000e+00
    150000   -86.00000000   1.2201770000e+00
    150000   -84.00000000   1.2149950000e+00
    150000   -82.00000000   1.2068940000e+00
    150000   -80.00000000   1.1959210000e+00
    150000   -78.00000000   1.1821390000e+00
    150000   -76.00000000   1.1656220000e+00
    150000   -74.00000000   1.1464580000e+00
    150000   -72.00000000   1.1247490000e+00
    150000   -70.00000000   1.1006090000e+00
    150000   -68.00000000   1.0741620000e+00
    150000   -66.00000000   1.0455460000e+00
    150000   -64.00000000   1.0149060000e+00
    150000   -62.00000000   9.8240100000e-01
    150000   -60.00000000   9.4819400000e-01
    150000   -58.00000000   9.1246100000e-01
    150000   -56.00000000   8.7538200000e-01
    150000   -54.00000000   8.3714400000e-01
    150000   -52.00000000   7.9794200000e-01
    150000   -50.00000000   7.5797100000e-01
    150000   -48.00000000   7.1743400000e-01
    150000   -46.00000000   6.7653300000e-01
    150000   -44.00000000   6.3547400000e-01
    150000   -42.00000000   5.9446400000e-01
    150000   -40.00000000   5.5370600000e-01
    150000   -38.00000000   5.1340600000e-01
    150000   -36.00000000   4.7376400000e-01
    150000   -34.00000000   4.3497900000e-01
    150000   -32.00000000   3.9724400000e-01
    150000   -30.00000000   3.6074800000e-01
    150000   -28.00000000   3.2567200000e-01
    150000   -26.00000000   2.9219200000e-01
    150000   -24.00000000   2.6047400000e-01
    150000   -22.00000000   2.3067600000e-01
    150000   -20.00000000   2.0294600000e-01
    150000   -18.00000000   1.7742300000e-01
    150000   -16.00000000   1.5423400000e-01
    150000   -14.00000000   1.3349300000e-01
    150000   -12.00000000   1.1530500000e-01
    150000   -10.00000000   9.9759000000e-02
    150000    -8.00000000   8.9273000000e-02
    150000    -6.00000000   7.6890000000e-02
    150000    -4.00000000   2.7550000000e-02
    150000    -2.00000000   2.1330000000e-02
    150000     0.00000000   1.5670000000e-02
    150000     2.00000000   1.2960000000e-02
    150000     4.00000000   1.5300000000e-02
    150000     6.00000000   1.8600000000e-02
    150000     8.00000000   2.2450000000e-02
    150000    10.00000000   2.7580000000e-02
    150000    12.00000000   3.4784000000e-02
    150000    14.00000000   5.0634000000e-02
    150000    16.00000000   7.2337000000e-02
    150000    18.00000000   9.6309000000e-02
    150000    20.00000000   1.2280100000e-01
    150000    22.00000000   1.5159700000e-01
    150000    24.00000000   1.8255800000e-01
    150000    26.00000000   2.1553500000e-01
    150000    28.00000000   2.5036700000e-01
    150000    30.00000000   2.8688600000e-01
    150000    32.00000000   3.2491500000e-01
    150000    34.00000000   3.6427100000e-01
    150000    36.00000000   4.0476400000e-01
    150000    38.00000000   4.4619700000e-01
    150000    40.00000000   4.8837100000e-01
    150000    42.00000000   5.3108200000e-01
    150000    44.00000000   5.7412300000e-01
    150000    46.00000000   6.1728600000e-01
    150000    48.00000000   6.6036400000e-01
    150000    50.00000000   7.0314800000e-01
    150000    52.00000000   7.4543200000e-01
    150000    54.00000000   7.8701300000e-01
    150000    56.00000000   8.2768900000e-01
    150000    58.00000000   8.6726500000e-01
    150000    60.00000000   9.0555000000e-01
    150000    62.00000000   9.4236000000e-01
    150000    64.00000000   9.7751800000e-01
    150000    66.00000000   1.0108560000e+00
    150000    68.00000000   1.0422130000e+00
    150000    70.00000000   1.0714390000e+00
    150000    72.00000000   1.0983940000e+00
    150000    74.00000000   1.1229490000e+00
    150000    76.00000000   1.1449890000e+00
    150000    78.00000000   1.1644060000e+00
    150000    80.00000000   1.1811110000e+00
    150000    82.00000000   1.1950240000e+00
    150000    84.00000000   1.2060800000e+00
    150000    86.00000000   1.2142270000e+00
    150000    88.00000000   1.2194300000e+00
    150000    90.00000000   1.2216640000e+00
    200000   -90.00000000   1.2216640000e+00
    200000   -88.00000000   1.2223530000e+00
    200000   -86.00000000   1.2200710000e+00
    200000   -84.00000000   1.2148370000e+00
    200000   -82.00000000   1.2066840000e+00
    200000   -80.00000000   1.1956590000e+00
    200000   -78.00000000   1.1818250000e+00
    200000   -76.00000000   1.1652560000e+00
    200000   -74.00000000   1.1460420000e+00
    200000   -72.00000000   1.1242830000e+00
    200000   -70.00000000   1.1000920000e+00
    200000   -68.00000000   1.0735960000e+00
    200000   -66.00000000   1.0449310000e+00
    200000   -64.00000000   1.0142440000e+00
    200000   -62.00000000   9.8169100000e-01
    200000   -60.00000000   9.4743900000e-01
    200000   -58.00000000   9.1166000000e-01
    200000   -56.00000000   8.7453700000e-01
    200000   -54.00000000   8.3625600000e-01
    200000   -52.00000000   7.9701200000e-01
    200000   -50.00000000   7.5700000000e-01
    200000   -48.00000000   7.1642300000e-01
    200000   -46.00000000   6.7548400000e-01
    200000   -44.00000000   6.3438800000e-01
    200000   -42.00000000   5.9334100000e-01
    200000   -40.00000000   5.5254900000e-01
    200000   -38.00000000   5.1221600000e-01
    200000   -36.00000000   4.7254200000e-01
    200000   -34.00000000   4.3372700000e-01
    200000   -32.00000000   3.9596300000e-01
    200000   -30.00000000   3.5944000000e-01
    200000   -28.00000000   3.2433900000e-01
    200000   -26.00000000   2.9083400000e-01
    200000   -24.00000000   2.5909400000e-01
    200000   -22.00000000   2.2927500000e-01
    200000   -20.00000000   2.0152700000e-01
    200000   -18.00000000   1.7598700000e-01
    200000   -16.00000000   1.5278200000e-01
    200000   -14.00000000   1.3202800000e-01
    200000   -12.00000000   1.1382700000e-01
    200000   -10.00000000   9.8271000000e-02
    200000    -8.00000000   8.6631000000e-02
    200000    -6.00000000   7.7323000000e-02
    200000    -4.00000000   2.7461000000e-02
    200000    -2.00000000   1.6200000000e-02
    200000     0.00000000   1.2270000000e-02
    200000     2.00000000   1.1670000000e-02
    200000     4.00000000   1.3810000000e-02
    200000     6.00000000   1.6850000000e-02
    200000     8.00000000   2.0540000000e-02
    200000    10.00000000   2.5382000000e-02
    200000    12.00000000   3.2333000000e-02
    200000    14.00000000   5.0315000000e-02
    200000    16.00000000   7.1510000000e-02
    200000    18.00000000   9.5578000000e-02
    200000    20.00000000   1.2207900000e-01
    200000    22.00000000   1.5088500000e-01
    200000    24.00000000   1.8185600000e-01
    200000    26.00000000   2.1484400000e-01
    200000    28.00000000   2.4968800000e-01
    200000    30.00000000   2.8622000000e-01
    200000    32.00000000   3.2426300000e-01
    200000    34.00000000   3.6363400000e-01
    200000    36.00000000   4.0414200000e-01
    200000    38.00000000   4.4559200000e-01
    200000    40.00000000   4.8778200000e-01
    200000    42.00000000   5.3051100000e-01
    200000    44.00000000   5.7357000000e-01
    200000    46.00000000   6.1675200000e-01
    200000    48.00000000   6.5985000000e-01
    200000    50.00000000   7.0265400000e-01
    200000    52.00000000   7.4495900000e-01
    200000    54.00000000   7.8656100000e-01
    200000    56.00000000   8.2725900000e-01
    200000    58.00000000   8.6685700000e-01
    200000    60.00000000   9.0516500000e-01
    200000    62.00000000   9.4199900000e-01
    200000    64.00000000   9.7718100000e-01
    200000    66.00000000   1.0105430000e+00
    200000    68.00000000   1.0419250000e+00
    200000    70.00000000   1.0711760000e+00
    200000    72.00000000   1.0981560000e+00
    200000    74.00000000   1.1227380000e+00
    200000    76.00000000   1.1448030000e+00
    200000    78.00000000   1.1642470000e+00
    200000    80.00000000   1.1809780000e+00
    200000    82.00000000   1.1949170000e+00
    200000    84.00000000   1.2059990000e+00
    200000    86.00000000   1.2141740000e+00
    200000    88.00000000   1.2194030000e+00
    200000    90.00000000   1.2216640000e+00
    250000   -90.00000000   1.2216640000e+00
    250000   -88.00000000   1.2232870000e+00
    250000   -86.00000000   1.2219370000e+00
    250000   -84.00000000   1.2176330000e+00
    250000   -82.00000000   1.2104060000e+00
    250000   -80.00000000   1.2003040000e+00
    250000   -78.00000000   1.1873870000e+00
    250000   -76.00000000   1.1717280000e+00
    250000   -74.00000000   1.1534150000e+00
    250000   -72.00000000   1.1325490000e+00
    250000   -70.00000000   1.1092410000e+00
    250000   -68.00000000   1.0836170000e+00
    250000   -66.00000000   1.0558120000e+00
    250000   -64.00000000   1.0259700000e+00
    250000   -62.00000000   9.9425000000e-01
    250000   -60.00000000   9.6081400000e-01
    250000   -58.00000000   9.2583600000e-01
    250000   -56.00000000   8.8949500000e-01
    250000   -54.00000000   8.5198000000e-01
    250000   -52.00000000   8.1348000000e-01
    250000   -50.00000000   7.7419400000e-01
    250000   -48.00000000   7.3432200000e-01
    250000   -46.00000000   6.9406600000e-01
    250000   -44.00000000   6.5363000000e-01
    250000   -42.00000000   6.1322000000e-01
    250000   -40.00000000   5.7304100000e-01
    250000   -38.00000000   5.3329500000e-01
    250000   -36.00000000   4.9418300000e-01
    250000   -34.00000000   4.5590300000e-01
    250000   -32.00000000   4.1864800000e-01
    250000   -30.00000000   3.8260600000e-01
    250000   -28.00000000   3.4795700000e-01
    250000   -26.00000000   3.1487700000e-01
    250000   -24.00000000   2.8353100000e-01
    250000   -22.00000000   2.5407700000e-01
    250000   -20.00000000   2.2666300000e-01
    250000   -18.00000000   2.0142700000e-01
    250000   -16.00000000   1.7849500000e-01
    250000   -14.00000000   1.5798300000e-01
    250000   -12.00000000   1.3999300000e-01
    250000   -10.00000000   1.2887000000e-01
    250000    -8.00000000   1.0863600000e-01
    250000    -6.00000000   5.9472000000e-02
    250000    -4.00000000   1.7130000000e-02
    250000    -2.00000000   1.3293000000e-02
    250000     0.00000000   1.0750000000e-02
    250000     2.00000000   1.1070000000e-02
    250000     4.00000000   1.2920000000e-02
    250000     6.00000000   1.5770000000e-02
    250000     8.00000000   1.9500000000e-02
    250000    10.00000000   2.3867000000e-02
    250000    12.00000000   3.2930000000e-02
    250000    14.00000000   5.1860000000e-02
    250000    16.00000000   7.3281000000e-02
    250000    18.00000000   9.7330000000e-02
    250000    20.00000000   1.2381000000e-01
    250000    22.00000000   1.5259300000e-01
    250000    24.00000000   1.8353900000e-01
    250000    26.00000000   2.1650000000e-01
    250000    28.00000000   2.5131500000e-01
    250000    30.00000000   2.8781600000e-01
    250000    32.00000000   3.2582600000e-01
    250000    34.00000000   3.6516200000e-01
    250000    36.00000000   4.0563300000e-01
    250000    38.00000000   4.4704300000e-01
    250000    40.00000000   4.8919400000e-01
    250000    42.00000000   5.3188000000e-01
    250000    44.00000000   5.7489500000e-01
    250000    46.00000000   6.1803200000e-01
    250000    48.00000000   6.6108300000e-01
    250000    50.00000000   7.0383800000e-01
    250000    52.00000000   7.4609400000e-01
    250000    54.00000000   7.8764400000e-01
    250000    56.00000000   8.2828900000e-01
    250000    58.00000000   8.6783400000e-01
    250000    60.00000000   9.0608700000e-01
    250000    62.00000000   9.4286400000e-01
    250000    64.00000000   9.7798900000e-01
    250000    66.00000000   1.0112920000e+00
    250000    68.00000000   1.0426150000e+00
    250000    70.00000000   1.0718060000e+00
    250000    72.00000000   1.0987260000e+00
    250000    74.00000000   1.1232450000e+00
    250000    76.00000000   1.1452480000e+00
    250000    78.00000000   1.1646300000e+00
    250000    80.00000000   1.1812980000e+00
    250000    82.00000000   1.1951730000e+00
    250000    84.00000000   1.2061920000e+00
    250000    86.00000000   1.2143020000e+00
    250000    88.00000000   1.2194670000e+00
    250000    90.00000000   1.2216640000e+00
     50000   -90.00000000   1.2216640000e+00
     50000   -88.00000000   1.2234220000e+00
     50000   -86.00000000   1.2222070000e+00
     50000   -84.00000000   1.2180380000e+00
     50000   -82.00000000   1.2109450000e+00
     50000   -80.00000000   1.2009760000e+00
     50000   -78.00000000   1.1881910000e+00
     50000   -76.00000000   1.1726640000e+00
     50000   -74.00000000   1.1544820000e+00
     50000   -72.00000000   1.1337450000e+00
     50000   -70.00000000   1.1105650000e+00
     50000   -68.00000000   1.0850670000e+00
     50000   -66.00000000   1.0573860000e+00
     50000   -64.00000000   1.0276670000e+00
     50000   -62.00000000   9.9606700000e-01
     50000   -60.00000000   9.6274900000e-01
     50000   -58.00000000   9.2788700000e-01
     50000   -56.00000000   8.9166000000e-01
     50000   -54.00000000   8.5425500000e-01
     50000   -52.00000000   8.1586400000e-01
     50000   -50.00000000   7.7668300000e-01
     50000   -48.00000000   7.3691200000e-01
     50000   -46.00000000   6.9675400000e-01
     50000   -44.00000000   6.5641400000e-01
     50000   -42.00000000   6.1609700000e-01
     50000   -40.00000000   5.7600600000e-01
     50000   -38.00000000   5.3634500000e-01
     50000   -36.00000000   4.9731500000e-01
     50000   -34.00000000   4.5911300000e-01
     50000   -32.00000000   4.2193100000e-01
     50000   -30.00000000   3.8595800000e-01
     50000   -28.00000000   3.5137500000e-01
     50000   -26.00000000   3.1835600000e-01
     50000   -24.00000000   2.8706700000e-01
     50000   -22.00000000   2.5766600000e-01
     50000   -20.00000000   2.3030100000e-01
     50000   -18.00000000   2.0510900000e-01
     50000   -16.00000000   1.8221600000e-01
     50000   -14.00000000   1.6173900000e-01
     50000   -12.00000000   1.4377900000e-01
     50000   -10.00000000   1.2842700000e-01
     50000    -8.00000000   1.1575900000e-01
     50000    -6.00000000   1.0621000000e-01
     50000    -4.00000000   9.8720000000e-02
     50000    -2.00000000   5.5319000000e-02
     50000     0.00000000   3.9820000000e-02
     50000     2.00000000   3.9800000000e-02
     50000     4.00000000   3.6860000000e-02
     50000     6.00000000   3.2390000000e-02
     50000     8.00000000   3.7130000000e-02
     50000    10.00000000   4.1721000000e-02
     50000    12.00000000   5.2330000000e-02
     50000    14.00000000   7.1519000000e-02
     50000    16.00000000   9.2346000000e-02
     50000    18.00000000   1.1619300000e-01
     50000    20.00000000   1.4244700000e-01
     50000    22.00000000   1.7098200000e-01
     50000    24.00000000   2.0165800000e-01
     50000    26.00000000   2.3432600000e-01
     50000    28.00000000   2.6882700000e-01
     50000    30.00000000   3.0499200000e-01
     50000    32.00000000   3.4264500000e-01
     50000    34.00000000   3.8160400000e-01
     50000    36.00000000   4.2167800000e-01
     50000    38.00000000   4.6267200000e-01
     50000    40.00000000   5.0438700000e-01
     50000    42.00000000   5.4661900000e-01
     50000    44.00000000   5.8916200000e-01
     50000    46.00000000   6.3181000000e-01
     50000    48.00000000   6.7435400000e-01
     50000    50.00000000   7.1658700000e-01
     50000    52.00000000   7.5830400000e-01
     50000    54.00000000   7.9930200000e-01
     50000    56.00000000   8.3938000000e-01
     50000    58.00000000   8.7834400000e-01
     50000    60.00000000   9.1600300000e-01
     50000    62.00000000   9.5217500000e-01
     50000    64.00000000   9.8668300000e-01
     50000    66.00000000   1.0193590000e+00
     50000    68.00000000   1.0500450000e+00
     50000    70.00000000   1.0785890000e+00
     50000    72.00000000   1.1048540000e+00
     50000    74.00000000   1.1287120000e+00
     50000    76.00000000   1.1500460000e+00
     50000    78.00000000   1.1687530000e+00
     50000    80.00000000   1.1847420000e+00
     50000    82.00000000   1.1979340000e+00
     50000    84.00000000   1.2082650000e+00
     50000    86.00000000   1.2156860000e+00
     50000    88.00000000   1.2201590000e+00
     50000    90.00000000   1.2216640000e+00
    100000   -90.00000000   1.2216640000e+00
    100000   -88.00000000   1.2232220000e+00
    100000   -86.00000000   1.2218080000e+00
    100000   -84.00000000   1.2174390000e+00
    100000   -82.00000000   1.2101480000e+00
    100000   -80.00000000   1.1999810000e+00
    100000   -78.00000000   1.1870000000e+00
    100000   -76.00000000   1.1712780000e+00
    100000   -74.00000000   1.1529030000e+00
    100000   -72.00000000   1.1319740000e+00
    100000   -70.00000000   1.1086060000e+00
    100000   -68.00000000   1.0829210000e+00
    100000   -66.00000000   1.0550550000e+00
    100000   -64.00000000   1.0251560000e+00
    100000   -62.00000000   9.9337700000e-01
    100000   -60.00000000   9.5988400000e-01
    100000   -58.00000000   9.2485100000e-01
    100000   -56.00000000   8.8845600000e-01
    100000   -54.00000000   8.5088700000e-01
    100000   -52.00000000   8.1233600000e-01
    100000   -50.00000000   7.7300000000e-01
    100000   -48.00000000   7.3307800000e-01
    100000   -46.00000000   6.9277400000e-01
    100000   -44.00000000   6.5229300000e-01
    100000   -42.00000000   6.1183900000e-01
    100000   -40.00000000   5.7161700000e-01
    100000   -38.00000000   5.3183000000e-01
    100000   -36.00000000   4.9267900000e-01
    100000   -34.00000000   4.5436200000e-01
    100000   -32.00000000   4.1707200000e-01
    100000   -30.00000000   3.8099600000e-01
    100000   -28.00000000   3.4631600000e-01
    100000   -26.00000000   3.1320600000e-01
    100000   -24.00000000   2.8183300000e-01
    100000   -22.00000000   2.5235400000e-01
    100000   -20.00000000   2.2491700000e-01
    100000   -18.00000000   1.9965900000e-01
    100000   -16.00000000   1.7670900000e-01
    100000   -14.00000000   1.5617900000e-01
    100000   -12.00000000   1.3817400000e-01
    100000   -10.00000000   1.2278400000e-01
    100000    -8.00000000   1.1008500000e-01
    100000    -6.00000000   1.0164900000e-01
    100000    -4.00000000   8.6897000000e-02
    100000    -2.00000000   2.8440000000e-02
    100000     0.00000000   2.5310000000e-02
    100000     2.00000000   1.7850000000e-02
    100000     4.00000000   1.7390000000e-02
    100000     6.00000000   2.1300000000e-02
    100000     8.00000000   2.5150000000e-02
    100000    10.00000000   3.1044000000e-02
    100000    12.00000000   4.3959000000e-02
    100000    14.00000000   6.3089000000e-02
    100000    16.00000000   8.4027000000e-02
    100000    18.00000000   1.0796200000e-01
    100000    20.00000000   1.3431500000e-01
    100000    22.00000000   1.6295800000e-01
    100000    24.00000000   1.9375200000e-01
    100000    26.00000000   2.2654800000e-01
    100000    28.00000000   2.6118500000e-01
    100000    30.00000000   2.9749700000e-01
    100000    32.00000000   3.3530600000e-01
    100000    34.00000000   3.7443000000e-01
    100000    36.00000000   4.1467700000e-01
    100000    38.00000000   4.5585300000e-01
    100000    40.00000000   4.9775800000e-01
    100000    42.00000000   5.4018800000e-01
    100000    44.00000000   5.8293700000e-01
    100000    46.00000000   6.2579800000e-01
    100000    48.00000000   6.6856300000e-01
    100000    50.00000000   7.1102400000e-01
    100000    52.00000000   7.5297600000e-01
    100000    54.00000000   7.9421500000e-01
    100000    56.00000000   8.3454100000e-01
    100000    58.00000000   8.7375800000e-01
    100000    60.00000000   9.1167600000e-01
    100000    62.00000000   9.4811200000e-01
    100000    64.00000000   9.8289000000e-01
    100000    66.00000000   1.0158390000e+00
    100000    68.00000000   1.0468030000e+00
    100000    70.00000000   1.0756290000e+00
    100000    72.00000000   1.1021800000e+00
    100000    74.00000000   1.1263270000e+00
    100000    76.00000000   1.1479530000e+00
    100000    78.00000000   1.1669540000e+00
    100000    80.00000000   1.1832390000e+00
    100000    82.00000000   1.1967290000e+00
    100000    84.00000000   1.2073600000e+00
    100000    86.00000000   1.2150820000e+00
    100000    88.00000000   1.2198570000e+00
    100000    90.00000000   1.2216640000e+00
    150000   -90.00000000   1.2216640000e+00
    150000   -88.00000000   1.2233230000e+00
    150000   -86.00000000   1.2220100000e+00
    150000   -84.00000000   1.2177420000e+00
    150000   -82.00000000   1.2105520000e+00
    150000   -80.00000000   1.2004850000e+00
    150000   -78.00000000   1.1876030000e+00
    150000   -76.00000000   1.1719800000e+00
    150000   -74.00000000   1.1537030000e+00
    150000   -72.00000000   1.1328710000e+00
    150000   -70.00000000   1.1095980000e+00
    150000   -68.00000000   1.0840080000e+00
    150000   -66.00000000   1.0562360000e+00
    150000   -64.00000000   1.0264280000e+00
    150000   -62.00000000   9.9473900000e-01
    150000   -60.00000000   9.6133500000e-01
    150000   -58.00000000   9.2638800000e-01
    150000   -56.00000000   8.9007900000e-01
    150000   -54.00000000   8.5259300000e-01
    150000   -52.00000000   8.1412300000e-01
    150000   -50.00000000   7.7486500000e-01
    150000   -48.00000000   7.3502000000e-01
    150000   -46.00000000   6.9479000000e-01
    150000   -44.00000000   6.5438000000e-01
    150000   -42.00000000   6.1399500000e-01
    150000   -40.00000000   5.7384000000e-01
    150000   -38.00000000   5.3411700000e-01
    150000   -36.00000000   4.9502700000e-01
    150000   -34.00000000   4.5676800000e-01
    150000   -32.00000000   4.1953300000e-01
    150000   -30.00000000   3.8350900000e-01
    150000   -28.00000000   3.4887800000e-01
    150000   -26.00000000   3.1581400000e-01
    150000   -24.00000000   2.8448400000e-01
    150000   -22.00000000   2.5504400000e-01
    150000   -20.00000000   2.2764300000e-01
    150000   -18.00000000   2.0241900000e-01
    150000   -16.00000000   1.7949800000e-01
    150000   -14.00000000   1.5899500000e-01
    150000   -12.00000000   1.4101300000e-01
    150000   -10.00000000   1.2564200000e-01
    150000    -8.00000000   1.1360700000e-01
    150000    -6.00000000   9.8138000000e-02
    150000    -4.00000000   6.0314000000e-02
    150000    -2.00000000   1.9870000000e-02
    150000     0.00000000   1.6870000000e-02
    150000     2.00000000   1.2360000000e-02
    150000     4.00000000   1.4590000000e-02
    150000     6.00000000   1.8100000000e-02
    150000     8.00000000   2.2230000000e-02
    150000    10.00000000   3.0154000000e-02
    150000    12.00000000   4.3031000000e-02
    150000    14.00000000   6.2609000000e-02
    150000    16.00000000   8.3079000000e-02
    150000    18.00000000   1.0702400000e-01
    150000    20.00000000   1.3338800000e-01
    150000    22.00000000   1.6204400000e-01
    150000    24.00000000   1.9285100000e-01
    150000    26.00000000   2.2566100000e-01
    150000    28.00000000   2.6031500000e-01
    150000    30.00000000   2.9664300000e-01
    150000    32.00000000   3.3447000000e-01
    150000    34.00000000   3.7361200000e-01
    150000    36.00000000   4.1387900000e-01
    150000    38.00000000   4.5507600000e-01
    150000    40.00000000   4.9700200000e-01
    150000    42.00000000   5.3945500000e-01
    150000    44.00000000   5.8222700000e-01
    150000    46.00000000   6.2511300000e-01
    150000    48.00000000   6.6790300000e-01
    150000    50.00000000   7.1039000000e-01
    150000    52.00000000   7.5236900000e-01
    150000    54.00000000   7.9363500000e-01
    150000    56.00000000   8.3398900000e-01
    150000    58.00000000   8.7323500000e-01
    150000    60.00000000   9.1118300000e-01
    150000    62.00000000   9.4764900000e-01
    150000    64.00000000   9.8245700000e-01
    150000    66.00000000   1.0154380000e+00
    150000    68.00000000   1.0464330000e+00
    150000    70.00000000   1.0752920000e+00
    150000    72.00000000   1.1018750000e+00
    150000    74.00000000   1.1260550000e+00
    150000    76.00000000   1.1477140000e+00
    150000    78.00000000   1.1667490000e+00
    150000    80.00000000   1.1830680000e+00
    150000    82.00000000   1.1965920000e+00
    150000    84.00000000   1.2072570000e+00
    150000    86.00000000   1.2150130000e+00
    150000    88.00000000   1.2198230000e+00
    150000    90.00000000   1.2216640000e+00
    200000   -90.00000000   1.2216640000e+00
    200000   -88.00000000   1.2232330000e+00
    200000   -86.00000000   1.2218290000e+00
    200000   -84.00000000   1.2174710000e+00
    200000   -82.00000000   1.2101900000e+00
    200000   -80.00000000   1.2000350000e+00
    200000   -78.00000000   1.1870640000e+00
    200000   -76.00000000   1.1713520000e+00
    200000   -74.00000000   1.1529870000e+00
    200000   -72.00000000   1.1320690000e+00
    200000   -70.00000000   1.1087110000e+00
    200000   -68.00000000   1.0830360000e+00
    200000   -66.00000000   1.0551810000e+00
    200000   -64.00000000   1.0252900000e+00
    200000   -62.00000000   9.9352100000e-01
    200000   -60.00000000   9.6003800000e-01
    200000   -58.00000000   9.2501400000e-01
    200000   -56.00000000   8.8862800000e-01
    200000   -54.00000000   8.5106800000e-01
    200000   -52.00000000   8.1252500000e-01
    200000   -50.00000000   7.7319700000e-01
    200000   -48.00000000   7.3328400000e-01
    200000   -46.00000000   6.9298800000e-01
    200000   -44.00000000   6.5251400000e-01
    200000   -42.00000000   6.1206700000e-01
    200000   -40.00000000   5.7185200000e-01
    200000   -38.00000000   5.3207200000e-01
    200000   -36.00000000   4.9292800000e-01
    200000   -34.00000000   4.5461700000e-01
    200000   -32.00000000   4.1733300000e-01
    200000   -30.00000000   3.8126200000e-01
    200000   -28.00000000   3.4658700000e-01
    200000   -26.00000000   3.1348200000e-01
    200000   -24.00000000   2.8211400000e-01
    200000   -22.00000000   2.5263900000e-01
    200000   -20.00000000   2.2520600000e-01
    200000   -18.00000000   1.9995200000e-01
    200000   -16.00000000   1.7700400000e-01
    200000   -14.00000000   1.5647800000e-01
    200000   -12.00000000   1.3847500000e-01
    200000   -10.00000000   1.2308700000e-01
    200000    -8.00000000   1.1119900000e-01
    200000    -6.00000000   9.1101000000e-02
    200000    -4.00000000   4.4697000000e-02
    200000    -2.00000000   1.7180000000e-02
    200000     0.00000000   1.2770000000e-02
    200000     2.00000000   1.0720000000e-02
    200000     4.00000000   1.3250000000e-02
    200000     6.00000000   1.6440000000e-02
    200000     8.00000000   2.0930000000e-02
    200000    10.00000000   2.9526000000e-02
    200000    12.00000000   4.0536000000e-02
    200000    14.00000000   6.0406000000e-02
    200000    16.00000000   8.0618000000e-02
    200000    18.00000000   1.0458900000e-01
    200000    20.00000000   1.3098200000e-01
    200000    22.00000000   1.5966900000e-01
    200000    24.00000000   1.9051200000e-01
    200000    26.00000000   2.2336000000e-01
    200000    28.00000000   2.5805400000e-01
    200000    30.00000000   2.9442500000e-01
    200000    32.00000000   3.3229800000e-01
    200000    34.00000000   3.7148900000e-01
    200000    36.00000000   4.1180700000e-01
    200000    38.00000000   4.5305800000e-01
    200000    40.00000000   4.9504000000e-01
    200000    42.00000000   5.3755200000e-01
    200000    44.00000000   5.8038500000e-01
    200000    46.00000000   6.2333400000e-01
    200000    48.00000000   6.6619000000e-01
    200000    50.00000000   7.0874400000e-01
    200000    52.00000000   7.5079200000e-01
    200000    54.00000000   7.9213000000e-01
    200000    56.00000000   8.3255700000e-01
    200000    58.00000000   8.7187800000e-01
    200000    60.00000000   9.0990300000e-01
    200000    62.00000000   9.4644700000e-01
    200000    64.00000000   9.8133500000e-01
    200000    66.00000000   1.0143970000e+00
    200000    68.00000000   1.0454740000e+00
    200000    70.00000000   1.0744160000e+00
    200000    72.00000000   1.1010840000e+00
    200000    74.00000000   1.1253490000e+00
    200000    76.00000000   1.1470950000e+00
    200000    78.00000000   1.1662160000e+00
    200000    80.00000000   1.1826230000e+00
    200000    82.00000000   1.1962350000e+00
    200000    84.00000000   1.2069900000e+00
    200000    86.00000000   1.2148340000e+00
    200000    88.00000000   1.2197330000e+00
    200000    90.00000000   1.2216640000e+00
    250000   -90.00000000   1.2216640000e+00
    250000   -88.00000000   1.2235890000e+00
    250000   -86.00000000   1.2225410000e+00
    250000   -84.00000000   1.2185380000e+00
    250000   -82.00000000   1.2116110000e+00
    250000   -80.00000000   1.2018070000e+00
    250000   -78.00000000   1.1891860000e+00
    250000   -76.00000000   1.1738220000e+00
    250000   -74.00000000   1.1558010000e+00
    250000   -72.00000000   1.1352240000e+00
    250000   -70.00000000   1.1122020000e+00
    250000   -68.00000000   1.0868600000e+00
    250000   -66.00000000   1.0593320000e+00
    250000   -64.00000000   1.0297650000e+00
    250000   -62.00000000   9.9831300000e-01
    250000   -60.00000000   9.6514200000e-01
    250000   -58.00000000   9.3042300000e-01
    250000   -56.00000000   8.9433600000e-01
    250000   -54.00000000   8.5706700000e-01
    250000   -52.00000000   8.1880900000e-01
    250000   -50.00000000   7.7975800000e-01
    250000   -48.00000000   7.4011400000e-01
    250000   -46.00000000   7.0007800000e-01
    250000   -44.00000000   6.5985600000e-01
    250000   -42.00000000   6.1965300000e-01
    250000   -40.00000000   5.7967100000e-01
    250000   -38.00000000   5.4011600000e-01
    250000   -36.00000000   5.0118600000e-01
    250000   -34.00000000   4.6307900000e-01
    250000   -32.00000000   4.2598900000e-01
    250000   -30.00000000   3.9010200000e-01
    250000   -28.00000000   3.5560000000e-01
    250000   -26.00000000   3.2265700000e-01
    250000   -24.00000000   2.9143800000e-01
    250000   -22.00000000   2.6210300000e-01
    250000   -20.00000000   2.3479700000e-01
    250000   -18.00000000   2.0965900000e-01
    250000   -16.00000000   1.8681600000e-01
    250000   -14.00000000   1.6638200000e-01
    250000   -12.00000000   1.4845900000e-01
    250000   -10.00000000   1.3321800000e-01
    250000    -8.00000000   1.1598800000e-01
    250000    -6.00000000   6.7519000000e-02
    250000    -4.00000000   5.2120000000e-02
    250000    -2.00000000   1.4350000000e-02
    250000     0.00000000   1.0630000000e-02
    250000     2.00000000   1.0060000000e-02
    250000     4.00000000   1.2420000000e-02
    250000     6.00000000   1.5520000000e-02
    250000     8.00000000   2.0320000000e-02
    250000    10.00000000   2.8902000000e-02
    250000    12.00000000   3.8759000000e-02
    250000    14.00000000   5.8492000000e-02
    250000    16.00000000   7.8845000000e-02
    250000    18.00000000   1.0283500000e-01
    250000    20.00000000   1.2924900000e-01
    250000    22.00000000   1.5796000000e-01
    250000    24.00000000   1.8882800000e-01
    250000    26.00000000   2.2170300000e-01
    250000    28.00000000   2.5642600000e-01
    250000    30.00000000   2.9282900000e-01
    250000    32.00000000   3.3073500000e-01
    250000    34.00000000   3.6996100000e-01
    250000    36.00000000   4.1031600000e-01
    250000    38.00000000   4.5160500000e-01
    250000    40.00000000   4.9362800000e-01
    250000    42.00000000   5.3618100000e-01
    250000    44.00000000   5.7905900000e-01
    250000    46.00000000   6.2205300000e-01
    250000    48.00000000   6.6495600000e-01
    250000    50.00000000   7.0755900000e-01
    250000    52.00000000   7.4965700000e-01
    250000    54.00000000   7.9104600000e-01
    250000    56.00000000   8.3152600000e-01
    250000    58.00000000   8.7090100000e-01
    250000    60.00000000   9.0898100000e-01
    250000    62.00000000   9.4558200000e-01
    250000    64.00000000   9.8052600000e-01
    250000    66.00000000   1.0136470000e+00
    250000    68.00000000   1.0447830000e+00
    250000    70.00000000   1.0737860000e+00
    250000    72.00000000   1.1005140000e+00
    250000    74.00000000   1.1248410000e+00
    250000    76.00000000   1.1466490000e+00
    250000    78.00000000   1.1658330000e+00
    250000    80.00000000   1.1823030000e+00
    250000    82.00000000   1.1959790000e+00
    250000    84.00000000   1.2067970000e+00
    250000    86.00000000   1.2147060000e+00
    250000    88.00000000   1.2196690000e+00
    250000    90.00000000   1.2216640000e+00
     50000   -90.00000000   1.2216640000e+00
     50000   -88.00000000   1.2232120000e+00
     50000   -86.00000000   1.2217870000e+00
     50000   -84.00000000   1.2174080000e+00
     50000   -82.00000000   1.2101070000e+00
     50000   -80.00000000   1.1999300000e+00
     50000   -78.00000000   1.1869390000e+00
     50000   -76.00000000   1.1712070000e+00
     50000   -74.00000000   1.1528210000e+00
     50000   -72.00000000   1.1318830000e+00
     50000   -70.00000000   1.1085050000e+00
     50000   -68.00000000   1.0828100000e+00
     50000   -66.00000000   1.0549360000e+00
     50000   -64.00000000   1.0250260000e+00
     50000   -62.00000000   9.9323900000e-01
     50000   -60.00000000   9.5973700000e-01
     50000   -58.00000000   9.2469400000e-01
     50000   -56.00000000   8.8829100000e-01
     50000   -54.00000000   8.5071400000e-01
     50000   -52.00000000   8.1215400000e-01
     50000   -50.00000000   7.7281000000e-01
     50000   -48.00000000   7.3288100000e-01
     50000   -46.00000000   6.9256900000e-01
     50000   -44.00000000   6.5208100000e-01
     50000   -42.00000000   6.1162000000e-01
     50000   -40.00000000   5.7139100000e-01
     50000   -38.00000000   5.3159800000e-01
     50000   -36.00000000   4.9244100000e-01
     50000   -34.00000000   4.5411800000e-01
     50000   -32.00000000   4.1682200000e-01
     50000   -30.00000000   3.8074100000e-01
     50000   -28.00000000   3.4605600000e-01
     50000   -26.00000000   3.1294100000e-01
     50000   -24.00000000   2.8156300000e-01
     50000   -22.00000000   2.5208000000e-01
     50000   -20.00000000   2.2464000000e-01
     50000   -18.00000000   1.9937900000e-01
     50000   -16.00000000   1.7642500000e-01
     50000   -14.00000000   1.5589300000e-01
     50000   -12.00000000   1.3788600000e-01
     50000   -10.00000000   1.2249400000e-01
     50000    -8.00000000   1.0979300000e-01
     50000    -6.00000000   1.0045900000e-01
     50000    -4.00000000   9.2710000000e-02
     50000    -2.00000000   6.6031000000e-02
     50000     0.00000000   3.6020000000e-02
     50000     2.00000000   3.8640000000e-02
     50000     4.00000000   3.6980000000e-02
     50000     6.00000000   3.0950000000e-02
     50000     8.00000000   3.4092000000e-02
     50000    10.00000000   4.1437000000e-02
     50000    12.00000000   5.8280000000e-02
     50000    14.00000000   7.5875000000e-02
     50000    16.00000000   9.7152000000e-02
     50000    18.00000000   1.2094700000e-01
     50000    20.00000000   1.4714500000e-01
     50000    22.00000000   1.7561700000e-01
     50000    24.00000000   2.0622500000e-01
     50000    26.00000000   2.3881900000e-01
     50000    28.00000000   2.7324100000e-01
     50000    30.00000000   3.0932100000e-01
     50000    32.00000000   3.4688500000e-01
     50000    34.00000000   3.8574900000e-01
     50000    36.00000000   4.2572300000e-01
     50000    38.00000000   4.6661200000e-01
     50000    40.00000000   5.0821700000e-01
     50000    42.00000000   5.5033400000e-01
     50000    44.00000000   5.9275800000e-01
     50000    46.00000000   6.3528200000e-01
     50000    48.00000000   6.7769900000e-01
     50000    50.00000000   7.1980100000e-01
     50000    52.00000000   7.6138200000e-01
     50000    54.00000000   8.0224000000e-01
     50000    56.00000000   8.4217500000e-01
     50000    58.00000000   8.8099300000e-01
     50000    60.00000000   9.1850300000e-01
     50000    62.00000000   9.5452200000e-01
     50000    64.00000000   9.8887500000e-01
     50000    66.00000000   1.0213930000e+00
     50000    68.00000000   1.0519170000e+00
     50000    70.00000000   1.0802990000e+00
     50000    72.00000000   1.1063990000e+00
     50000    74.00000000   1.1300900000e+00
     50000    76.00000000   1.1512560000e+00
     50000    78.00000000   1.1697930000e+00
     50000    80.00000000   1.1856100000e+00
     50000    82.00000000   1.1986290000e+00
     50000    84.00000000   1.2087880000e+00
     50000    86.00000000   1.2160340000e+00
     50000    88.00000000   1.2203340000e+00
     50000    90.00000000   1.2216640000e+00
    100000   -90.00000000   1.2216640000e+00
    100000   -88.00000000   1.2231690000e+00
    100000   -86.00000000   1.2217000000e+00
    100000   -84.00000000   1.2172780000e+00
    100000   -82.00000000   1.2099340000e+00
    100000   -80.00000000   1.1997150000e+00
    100000   -78.00000000   1.1866810000e+00
    100000   -76.00000000   1.1709070000e+00
    100000   -74.00000000   1.1524800000e+00
    100000   -72.00000000   1.1315000000e+00
    100000   -70.00000000   1.1080810000e+00
    100000   -68.00000000   1.0823460000e+00
    100000   -66.00000000   1.0544310000e+00
    100000   -64.00000000   1.0244830000e+00
    100000   -62.00000000   9.9265600000e-01
    100000   -60.00000000   9.5911700000e-01
    100000   -58.00000000   9.2403700000e-01
    100000   -56.00000000   8.8759800000e-01
    100000   -54.00000000   8.4998500000e-01
    100000   -52.00000000   8.1139100000e-01
    100000   -50.00000000   7.7201300000e-01
    100000   -48.00000000   7.3205100000e-01
    100000   -46.00000000   6.9170800000e-01
    100000   -44.00000000   6.5118900000e-01
    100000   -42.00000000   6.1069800000e-01
    100000   -40.00000000   5.7044100000e-01
    100000   -38.00000000   5.3062000000e-01
    100000   -36.00000000   4.9143800000e-01
    100000   -34.00000000   4.5309000000e-01
    100000   -32.00000000   4.1577000000e-01
    100000   -30.00000000   3.7966700000e-01
    100000   -28.00000000   3.4496100000e-01
    100000   -26.00000000   3.1182600000e-01
    100000   -24.00000000   2.8043100000e-01
    100000   -22.00000000   2.5093000000e-01
    100000   -20.00000000   2.2347400000e-01
    100000   -18.00000000   1.9820000000e-01
    100000   -16.00000000   1.7523300000e-01
    100000   -14.00000000   1.5469000000e-01
    100000   -12.00000000   1.3667300000e-01
    100000   -10.00000000   1.2127200000e-01
    100000    -8.00000000   1.0856500000e-01
    100000    -6.00000000   9.9673000000e-02
    100000    -4.00000000   8.6857000000e-02
    100000    -2.00000000   3.6816000000e-02
    100000     0.00000000   2.5180000000e-02
    100000     2.00000000   1.9140000000e-02
    100000     4.00000000   1.6800000000e-02
    100000     6.00000000   2.0700000000e-02
    100000     8.00000000   2.5280000000e-02
    100000    10.00000000   3.5939000000e-02
    100000    12.00000000   5.3134000000e-02
    100000    14.00000000   7.1076000000e-02
    100000    16.00000000   9.2398000000e-02
    100000    18.00000000   1.1624300000e-01
    100000    20.00000000   1.4249700000e-01
    100000    22.00000000   1.7103200000e-01
    100000    24.00000000   2.0170700000e-01
    100000    26.00000000   2.3437400000e-01
    100000    28.00000000   2.6887400000e-01
    100000    30.00000000   3.0503800000e-01
    100000    32.00000000   3.4269100000e-01
    100000    34.00000000   3.8164900000e-01
    100000    36.00000000   4.2172200000e-01
    100000    38.00000000   4.6271500000e-01
    100000    40.00000000   5.0442800000e-01
    100000    42.00000000   5.4665800000e-01
    100000    44.00000000   5.8920000000e-01
    100000    46.00000000   6.3184700000e-01
    100000    48.00000000   6.7438900000e-01
    100000    50.00000000   7.1662200000e-01
    100000    52.00000000   7.5833700000e-01
    100000    54.00000000   7.9933300000e-01
    100000    56.00000000   8.3941000000e-01
    100000    58.00000000   8.7837200000e-01
    100000    60.00000000   9.1603000000e-01
    100000    62.00000000   9.5220000000e-01
    100000    64.00000000   9.8670700000e-01
    100000    66.00000000   1.0193810000e+00
    100000    68.00000000   1.0500650000e+00
    100000    70.00000000   1.0786070000e+00
    100000    72.00000000   1.1048710000e+00
    100000    74.00000000   1.1287270000e+00
    100000    76.00000000   1.1500590000e+00
    100000    78.00000000   1.1687640000e+00
    100000    80.00000000   1.1847510000e+00
    100000    82.00000000   1.1979410000e+00
    100000    84.00000000   1.2082710000e+00
    100000    86.00000000   1.2156890000e+00
    100000    88.00000000   1.2201610000e+00
    100000    90.00000000   1.2216640000e+00
    150000   -90.00000000   1.2216640000e+00
    150000   -88.00000000   1.2233070000e+00
    150000   -86.00000000   1.2219770000e+00
    150000   -84.00000000   1.2176930000e+00
    150000   -82.00000000   1.2104860000e+00
    150000   -80.00000000   1.2004040000e+00
    150000   -78.00000000   1.1875060000e+00
    150000   -76.00000000   1.1718660000e+00
    150000   -74.00000000   1.1535730000e+00
    150000   -72.00000000   1.1327260000e+00
    150000   -70.00000000   1.1094370000e+00
    150000   -68.00000000   1.0838320000e+00
    150000   -66.00000000   1.0560450000e+00
    150000   -64.00000000   1.0262220000e+00
    150000   -62.00000000   9.9451900000e-01
    150000   -60.00000000   9.6110000000e-01
    150000   -58.00000000   9.2613900000e-01
    150000   -56.00000000   8.8981600000e-01
    150000   -54.00000000   8.5231700000e-01
    150000   -52.00000000   8.1383300000e-01
    150000   -50.00000000   7.7456300000e-01
    150000   -48.00000000   7.3470500000e-01
    150000   -46.00000000   6.9446400000e-01
    150000   -44.00000000   6.5404200000e-01
    150000   -42.00000000   6.1364600000e-01
    150000   -40.00000000   5.7348000000e-01
    150000   -38.00000000   5.3374600000e-01
    150000   -36.00000000   4.9464700000e-01
    150000   -34.00000000   4.5637900000e-01
    150000   -32.00000000   4.1913500000e-01
    150000   -30.00000000   3.8310200000e-01
    150000   -28.00000000   3.4846300000e-01
    150000   -26.00000000   3.1539200000e-01
    150000   -24.00000000   2.8405500000e-01
    150000   -22.00000000   2.5460900000e-01
    150000   -20.00000000   2.2720200000e-01
    150000   -18.00000000   2.0197200000e-01
    150000   -16.00000000   1.7904600000e-01
    150000   -14.00000000   1.5853900000e-01
    150000   -12.00000000   1.4055300000e-01
    150000   -10.00000000   1.2517900000e-01
    150000    -8.00000000   1.1489400000e-01
    150000    -6.00000000   9.6327000000e-02
    150000    -4.00000000   6.7207000000e-02
    150000    -2.00000000   2.4060000000e-02
    150000     0.00000000   1.7670000000e-02
    150000     2.00000000   1.2490000000e-02
    150000     4.00000000   1.4060000000e-02
    150000     6.00000000   1.7720000000e-02
    150000     8.00000000   2.3750000000e-02
    150000    10.00000000   3.3321000000e-02
    150000    12.00000000   4.8798000000e-02
    150000    14.00000000   6.6736000000e-02
    150000    16.00000000   8.8106000000e-02
    150000    18.00000000   1.1199700000e-01
    150000    20.00000000   1.3830200000e-01
    150000    22.00000000   1.6689200000e-01
    150000    24.00000000   1.9762800000e-01
    150000    26.00000000   2.3036100000e-01
    150000    28.00000000   2.6493200000e-01
    150000    30.00000000   3.0117200000e-01
    150000    32.00000000   3.3890500000e-01
    150000    34.00000000   3.7794700000e-01
    150000    36.00000000   4.1811000000e-01
    150000    38.00000000   4.5919600000e-01
    150000    40.00000000   5.0100800000e-01
    150000    42.00000000   5.4334100000e-01
    150000    44.00000000   5.8598900000e-01
    150000    46.00000000   6.2874500000e-01
    150000    48.00000000   6.7140200000e-01
    150000    50.00000000   7.1375200000e-01
    150000    52.00000000   7.5558800000e-01
    150000    54.00000000   7.9670900000e-01
    150000    56.00000000   8.3691300000e-01
    150000    58.00000000   8.7600600000e-01
    150000    60.00000000   9.1379800000e-01
    150000    62.00000000   9.5010400000e-01
    150000    64.00000000   9.8475000000e-01
    150000    66.00000000   1.0175650000e+00
    150000    68.00000000   1.0483920000e+00
    150000    70.00000000   1.0770810000e+00
    150000    72.00000000   1.1034910000e+00
    150000    74.00000000   1.1274960000e+00
    150000    76.00000000   1.1489790000e+00
    150000    78.00000000   1.1678360000e+00
    150000    80.00000000   1.1839760000e+00
    150000    82.00000000   1.1973200000e+00
    150000    84.00000000   1.2078040000e+00
    150000    86.00000000   1.2153780000e+00
    150000    88.00000000   1.2200050000e+00
    150000    90.00000000   1.2216640000e+00
    200000   -90.00000000   1.2216640000e+00
    200000   -88.00000000   1.2230240000e+00
    200000   -86.00000000   1.2214110000e+00
    200000   -84.00000000   1.2168440000e+00
    200000   -82.00000000   1.2093560000e+00
    200000   -80.00000000   1.1989940000e+00
    200000   -78.00000000   1.1858180000e+00
    200000   -76.00000000   1.1699020000e+00
    200000   -74.00000000   1.1513350000e+00
    200000   -72.00000000   1.1302170000e+00
    200000   -70.00000000   1.1066610000e+00
    200000   -68.00000000   1.0807910000e+00
    200000   -66.00000000   1.0527430000e+00
    200000   -64.00000000   1.0226630000e+00
    200000   -62.00000000   9.9070700000e-01
    200000   -60.00000000   9.5704100000e-01
    200000   -58.00000000   9.2183700000e-01
    200000   -56.00000000   8.8527600000e-01
    200000   -54.00000000   8.4754500000e-01
    200000   -52.00000000   8.0883500000e-01
    200000   -50.00000000   7.6934400000e-01
    200000   -48.00000000   7.2927300000e-01
    200000   -46.00000000   6.8882400000e-01
    200000   -44.00000000   6.4820200000e-01
    200000   -42.00000000   6.0761300000e-01
    200000   -40.00000000   5.6726100000e-01
    200000   -38.00000000   5.2734900000e-01
    200000   -36.00000000   4.8807900000e-01
    200000   -34.00000000   4.4964800000e-01
    200000   -32.00000000   4.1225000000e-01
    200000   -30.00000000   3.7607100000e-01
    200000   -28.00000000   3.4129500000e-01
    200000   -26.00000000   3.0809500000e-01
    200000   -24.00000000   2.7663800000e-01
    200000   -22.00000000   2.4708100000e-01
    200000   -20.00000000   2.1957300000e-01
    200000   -18.00000000   1.9425100000e-01
    200000   -16.00000000   1.7124200000e-01
    200000   -14.00000000   1.5066200000e-01
    200000   -12.00000000   1.3261200000e-01
    200000   -10.00000000   1.1718400000e-01
    200000    -8.00000000   1.0551800000e-01
    200000    -6.00000000   9.3671000000e-02
    200000    -4.00000000   5.0398000000e-02
    200000    -2.00000000   1.8430000000e-02
    200000     0.00000000   1.3450000000e-02
    200000     2.00000000   1.0380000000e-02
    200000     4.00000000   1.2820000000e-02
    200000     6.00000000   1.6420000000e-02
    200000     8.00000000   2.2623000000e-02
    200000    10.00000000   3.1696000000e-02
    200000    12.00000000   4.8334000000e-02
    200000    14.00000000   6.5155000000e-02
    200000    16.00000000   8.8979000000e-02
    200000    18.00000000   1.1286100000e-01
    200000    20.00000000   1.3915600000e-01
    200000    22.00000000   1.6773500000e-01
    200000    24.00000000   1.9845800000e-01
    200000    26.00000000   2.3117800000e-01
    200000    28.00000000   2.6573400000e-01
    200000    30.00000000   3.0195800000e-01
    200000    32.00000000   3.3967500000e-01
    200000    34.00000000   3.7870000000e-01
    200000    36.00000000   4.1884500000e-01
    200000    38.00000000   4.5991200000e-01
    200000    40.00000000   5.0170400000e-01
    200000    42.00000000   5.4401600000e-01
    200000    44.00000000   5.8664200000e-01
    200000    46.00000000   6.2937600000e-01
    200000    48.00000000   6.7201000000e-01
    200000    50.00000000   7.1433600000e-01
    200000    52.00000000   7.5614800000e-01
    200000    54.00000000   7.9724300000e-01
    200000    56.00000000   8.3742100000e-01
    200000    58.00000000   8.7648800000e-01
    200000    60.00000000   9.1425200000e-01
    200000    62.00000000   9.5053100000e-01
    200000    64.00000000   9.8514800000e-01
    200000    66.00000000   1.0179350000e+00
    200000    68.00000000   1.0487320000e+00
    200000    70.00000000   1.0773910000e+00
    200000    72.00000000   1.1037720000e+00
    200000    74.00000000   1.1277470000e+00
    200000    76.00000000   1.1491990000e+00
    200000    78.00000000   1.1680250000e+00
    200000    80.00000000   1.1841330000e+00
    200000    82.00000000   1.1974460000e+00
    200000    84.00000000   1.2078990000e+00
    200000    86.00000000   1.2154410000e+00
    200000    88.00000000   1.2200370000e+00
    200000    90.00000000   1.2216640000e+00
    250000   -90.00000000   1.2216640000e+00
    250000   -88.00000000   1.2233710000e+00
    250000   -86.00000000   1.2221050000e+00
    250000   -84.00000000   1.2178840000e+00
    250000   -82.00000000   1.2107400000e+00
    250000   -80.00000000   1.2007210000e+00
    250000   -78.00000000   1.1878850000e+00
    250000   -76.00000000   1.1723080000e+00
    250000   -74.00000000   1.1540760000e+00
    250000   -72.00000000   1.1332900000e+00
    250000   -70.00000000   1.1100620000e+00
    250000   -68.00000000   1.0845160000e+00
    250000   -66.00000000   1.0567870000e+00
    250000   -64.00000000   1.0270220000e+00
    250000   -62.00000000   9.9537600000e-01
    250000   -60.00000000   9.6201300000e-01
    250000   -58.00000000   9.2710700000e-01
    250000   -56.00000000   8.9083700000e-01
    250000   -54.00000000   8.5339000000e-01
    250000   -52.00000000   8.1495800000e-01
    250000   -50.00000000   7.7573700000e-01
    250000   -48.00000000   7.3592700000e-01
    250000   -46.00000000   6.9573200000e-01
    250000   -44.00000000   6.5535600000e-01
    250000   -42.00000000   6.1500300000e-01
    250000   -40.00000000   5.7487900000e-01
    250000   -38.00000000   5.3518500000e-01
    250000   -36.00000000   4.9612400000e-01
    250000   -34.00000000   4.5789300000e-01
    250000   -32.00000000   4.2068300000e-01
    250000   -30.00000000   3.8468400000e-01
    250000   -28.00000000   3.5007600000e-01
    250000   -26.00000000   3.1703300000e-01
    250000   -24.00000000   2.8572300000e-01
    250000   -22.00000000   2.5630200000e-01
    250000   -20.00000000   2.2891800000e-01
    250000   -18.00000000   2.0370900000e-01
    250000   -16.00000000   1.8080200000e-01
    250000   -14.00000000   1.6031100000e-01
    250000   -12.00000000   1.4233900000e-01
    250000   -10.00000000   1.2740900000e-01
    250000    -8.00000000   1.1399500000e-01
    250000    -6.00000000   8.8248000000e-02
    250000    -4.00000000   4.3290000000e-02
    250000    -2.00000000   1.3760000000e-02
    250000     0.00000000   1.1090000000e-02
    250000     2.00000000   9.4700000000e-03
    250000     4.00000000   1.2140000000e-02
    250000     6.00000000   1.5640000000e-02
    250000     8.00000000   2.1900000000e-02
    250000    10.00000000   3.0198000000e-02
    250000    12.00000000   4.6076000000e-02
    250000    14.00000000   6.4604000000e-02
    250000    16.00000000   8.8199000000e-02
    250000    18.00000000   1.1209000000e-01
    250000    20.00000000   1.3839300000e-01
    250000    22.00000000   1.6698200000e-01
    250000    24.00000000   1.9771700000e-01
    250000    26.00000000   2.3044800000e-01
    250000    28.00000000   2.6501700000e-01
    250000    30.00000000   3.0125600000e-01
    250000    32.00000000   3.3898700000e-01
    250000    34.00000000   3.7802800000e-01
    250000    36.00000000   4.1818800000e-01
    250000    38.00000000   4.5927300000e-01
    250000    40.00000000   5.0108200000e-01
    250000    42.00000000   5.4341300000e-01
    250000    44.00000000   5.8605900000e-01
    250000    46.00000000   6.2881300000e-01
    250000    48.00000000   6.7146700000e-01
    250000    50.00000000   7.1381400000e-01
    250000    52.00000000   7.5564800000e-01
    250000    54.00000000   7.9676600000e-01
    250000    56.00000000   8.3696800000e-01
    250000    58.00000000   8.7605800000e-01
    250000    60.00000000   9.1384600000e-01
    250000    62.00000000   9.5015000000e-01
    250000    64.00000000   9.8479200000e-01
    250000    66.00000000   1.0176050000e+00
    250000    68.00000000   1.0484280000e+00
    250000    70.00000000   1.0771140000e+00
    250000    72.00000000   1.1035210000e+00
    250000    74.00000000   1.1275230000e+00
    250000    76.00000000   1.1490030000e+00
    250000    78.00000000   1.1678560000e+00
    250000    80.00000000   1.1839920000e+00
    250000    82.00000000   1.1973330000e+00
    250000    84.00000000   1.2078140000e+00
    250000    86.00000000   1.2153850000e+00
    250000    88.00000000   1.2200090000e+00
    250000    90.00000000   1.2216640000e+00
     50000   -90.00000000   1.2216640000e+00
     50000   -88.00000000   1.2231530000e+00
     50000   -86.00000000   1.2216700000e+00
     50000   -84.00000000   1.2172320000e+00
     50000   -82.00000000   1.2098720000e+00
     50000   -80.00000000   1.1996380000e+00
     50000   -78.00000000   1.1865890000e+00
     50000   -76.00000000   1.1707990000e+00
     50000   -74.00000000   1.1523570000e+00
     50000   -72.00000000   1.1313630000e+00
     50000   -70.00000000   1.1079290000e+00
     50000   -68.00000000   1.0821790000e+00
     50000   -66.00000000   1.0542510000e+00
     50000   -64.00000000   1.0242880000e+00
     50000   -62.00000000   9.9244800000e-01
     50000   -60.00000000   9.5889500000e-01
     50000   -58.00000000   9.2380200000e-01
     50000   -56.00000000   8.8734900000e-01
     50000   -54.00000000   8.4972400000e-01
     50000   -52.00000000   8.1111800000e-01
     50000   -50.00000000   7.7172700000e-01
     50000   -48.00000000   7.3175400000e-01
     50000   -46.00000000   6.9140000000e-01
     50000   -44.00000000   6.5086900000e-01
     50000   -42.00000000   6.1036800000e-01
     50000   -40.00000000   5.7010100000e-01
     50000   -38.00000000   5.3027000000e-01
     50000   -36.00000000   4.9107800000e-01
     50000   -34.00000000   4.5272200000e-01
     50000   -32.00000000   4.1539400000e-01
     50000   -30.00000000   3.7928200000e-01
     50000   -28.00000000   3.4456900000e-01
     50000   -26.00000000   3.1142700000e-01
     50000   -24.00000000   2.8002500000e-01
     50000   -22.00000000   2.5051900000e-01
     50000   -20.00000000   2.2305700000e-01
     50000   -18.00000000   1.9777700000e-01
     50000   -16.00000000   1.7480600000e-01
     50000   -14.00000000   1.5425900000e-01
     50000   -12.00000000   1.3623900000e-01
     50000   -10.00000000   1.2083500000e-01
     50000    -8.00000000   1.0812600000e-01
     50000    -6.00000000   9.8775000000e-02
     50000    -4.00000000   9.1030000000e-02
     50000    -2.00000000   6.4801000000e-02
     50000     0.00000000   3.4970000000e-02
     50000     2.00000000   3.7840000000e-02
     50000     4.00000000   3.6900000000e-02
     50000     6.00000000   3.0080000000e-02
     50000     8.00000000   3.3050000000e-02
     50000    10.00000000   4.6580000000e-02
     50000    12.00000000   7.6052000000e-02
     50000    14.00000000   1.0543500000e-01
     50000    16.00000000   1.2019800000e-01
     50000    18.00000000   1.4225800000e-01
     50000    20.00000000   1.6820100000e-01
     50000    22.00000000   1.9639300000e-01
     50000    24.00000000   2.2669600000e-01
     50000    26.00000000   2.5895900000e-01
     50000    28.00000000   2.9302500000e-01
     50000    30.00000000   3.2872700000e-01
     50000    32.00000000   3.6588800000e-01
     50000    34.00000000   4.0432600000e-01
     50000    36.00000000   4.4385100000e-01
     50000    38.00000000   4.8426900000e-01
     50000    40.00000000   5.2538200000e-01
     50000    42.00000000   5.6698600000e-01
     50000    44.00000000   6.0887700000e-01
     50000    46.00000000   6.5084800000e-01
     50000    48.00000000   6.9269200000e-01
     50000    50.00000000   7.3420400000e-01
     50000    52.00000000   7.7517800000e-01
     50000    54.00000000   8.1541100000e-01
     50000    56.00000000   8.5470600000e-01
     50000    58.00000000   8.9286700000e-01
     50000    60.00000000   9.2970700000e-01
     50000    62.00000000   9.6504200000e-01
     50000    64.00000000   9.9869800000e-01
     50000    66.00000000   1.0305070000e+00
     50000    68.00000000   1.0603110000e+00
     50000    70.00000000   1.0879630000e+00
     50000    72.00000000   1.1133240000e+00
     50000    74.00000000   1.1362670000e+00
     50000    76.00000000   1.1566770000e+00
     50000    78.00000000   1.1744510000e+00
     50000    80.00000000   1.1895010000e+00
     50000    82.00000000   1.2017480000e+00
     50000    84.00000000   1.2111300000e+00
     50000    86.00000000   1.2175970000e+00
     50000    88.00000000   1.2211160000e+00
     50000    90.00000000   1.2216640000e+00
    100000   -90.00000000   1.2216640000e+00
    100000   -88.00000000   1.2229230000e+00
    100000   -86.00000000   1.2212100000e+00
    100000   -84.00000000   1.2165430000e+00
    100000   -82.00000000   1.2089560000e+00
    100000   -80.00000000   1.1984940000e+00
    100000   -78.00000000   1.1852190000e+00
    100000   -76.00000000   1.1692060000e+00
    100000   -74.00000000   1.1505420000e+00
    100000   -72.00000000   1.1293280000e+00
    100000   -70.00000000   1.1056760000e+00
    100000   -68.00000000   1.0797120000e+00
    100000   -66.00000000   1.0515720000e+00
    100000   -64.00000000   1.0214010000e+00
    100000   -62.00000000   9.8935600000e-01
    100000   -60.00000000   9.5560200000e-01
    100000   -58.00000000   9.2031200000e-01
    100000   -56.00000000   8.8366600000e-01
    100000   -54.00000000   8.4585200000e-01
    100000   -52.00000000   8.0706300000e-01
    100000   -50.00000000   7.6749400000e-01
    100000   -48.00000000   7.2734700000e-01
    100000   -46.00000000   6.8682400000e-01
    100000   -44.00000000   6.4613100000e-01
    100000   -42.00000000   6.0547300000e-01
    100000   -40.00000000   5.6505500000e-01
    100000   -38.00000000   5.2508000000e-01
    100000   -36.00000000   4.8575000000e-01
    100000   -34.00000000   4.4726100000e-01
    100000   -32.00000000   4.0980800000e-01
    100000   -30.00000000   3.7357800000e-01
    100000   -28.00000000   3.3875300000e-01
    100000   -26.00000000   3.0550800000e-01
    100000   -24.00000000   2.7400800000e-01
    100000   -22.00000000   2.4441200000e-01
    100000   -20.00000000   2.1686800000e-01
    100000   -18.00000000   1.9151300000e-01
    100000   -16.00000000   1.6847500000e-01
    100000   -14.00000000   1.4786800000e-01
    100000   -12.00000000   1.2979600000e-01
    100000   -10.00000000   1.1434900000e-01
    100000    -8.00000000   1.0160400000e-01
    100000    -6.00000000   9.2623000000e-02
    100000    -4.00000000   8.3984000000e-02
    100000    -2.00000000   4.7774000000e-02
    100000     0.00000000   2.5340000000e-02
    100000     2.00000000   2.0040000000e-02
    100000     4.00000000   1.6470000000e-02
    100000     6.00000000   2.0160000000e-02
    100000     8.00000000   2.6070000000e-02
    100000    10.00000000   3.9820000000e-02
    100000    12.00000000   6.5299000000e-02
    100000    14.00000000   8.8768000000e-02
    100000    16.00000000   1.0786200000e-01
    100000    18.00000000   1.3154300000e-01
    100000    20.00000000   1.5761400000e-01
    100000    22.00000000   1.8594700000e-01
    100000    24.00000000   2.1640300000e-01
    100000    26.00000000   2.4883300000e-01
    100000    28.00000000   2.8307800000e-01
    100000    30.00000000   3.1897000000e-01
    100000    32.00000000   3.5633400000e-01
    100000    34.00000000   3.9498500000e-01
    100000    36.00000000   4.3473600000e-01
    100000    38.00000000   4.7539100000e-01
    100000    40.00000000   5.1675100000e-01
    100000    42.00000000   5.5861400000e-01
    100000    44.00000000   6.0077300000e-01
    100000    46.00000000   6.4302200000e-01
    100000    48.00000000   6.8515400000e-01
    100000    50.00000000   7.2696200000e-01
    100000    52.00000000   7.6824100000e-01
    100000    54.00000000   8.0878900000e-01
    100000    56.00000000   8.4840600000e-01
    100000    58.00000000   8.8689700000e-01
    100000    60.00000000   9.2407400000e-01
    100000    62.00000000   9.5975300000e-01
    100000    64.00000000   9.9375900000e-01
    100000    66.00000000   1.0259240000e+00
    100000    68.00000000   1.0560910000e+00
    100000    70.00000000   1.0841100000e+00
    100000    72.00000000   1.1098420000e+00
    100000    74.00000000   1.1331610000e+00
    100000    76.00000000   1.1539510000e+00
    100000    78.00000000   1.1721090000e+00
    100000    80.00000000   1.1875440000e+00
    100000    82.00000000   1.2001800000e+00
    100000    84.00000000   1.2099520000e+00
    100000    86.00000000   1.2168110000e+00
    100000    88.00000000   1.2207230000e+00
    100000    90.00000000   1.2216640000e+00
    150000   -90.00000000   1.2216640000e+00
    150000   -88.00000000   1.2231260000e+00
    150000   -86.00000000   1.2216160000e+00
    150000   -84.00000000   1.2171510000e+00
    150000   -82.00000000   1.2097650000e+00
    150000   -80.00000000   1.1995040000e+00
    150000   -78.00000000   1.1864280000e+00
    150000   -76.00000000   1.1706130000e+00
    150000   -74.00000000   1.1521450000e+00
    150000   -72.00000000   1.1311250000e+00
    150000   -70.00000000   1.1076650000e+00
    150000   -68.00000000   1.0818910000e+00
    150000   -66.00000000   1.0539370000e+00
    150000   -64.00000000   1.0239500000e+00
    150000   -62.00000000   9.9208600000e-01
    150000   -60.00000000   9.5851000000e-01
    150000   -58.00000000   9.2339400000e-01
    150000   -56.00000000   8.8691800000e-01
    150000   -54.00000000   8.4927100000e-01
    150000   -52.00000000   8.1064300000e-01
    150000   -50.00000000   7.7123200000e-01
    150000   -48.00000000   7.3123800000e-01
    150000   -46.00000000   6.9086400000e-01
    150000   -44.00000000   6.5031500000e-01
    150000   -42.00000000   6.0979500000e-01
    150000   -40.00000000   5.6951000000e-01
    150000   -38.00000000   5.2966300000e-01
    150000   -36.00000000   4.9045500000e-01
    150000   -34.00000000   4.5208300000e-01
    150000   -32.00000000   4.1474000000e-01
    150000   -30.00000000   3.7861500000e-01
    150000   -28.00000000   3.4388800000e-01
    150000   -26.00000000   3.1073500000e-01
    150000   -24.00000000   2.7932100000e-01
    150000   -22.00000000   2.4980400000e-01
    150000   -20.00000000   2.2233300000e-01
    150000   -18.00000000   1.9704400000e-01
    150000   -16.00000000   1.7406500000e-01
    150000   -14.00000000   1.5351100000e-01
    150000   -12.00000000   1.3548500000e-01
    150000   -10.00000000   1.2007600000e-01
    150000    -8.00000000   1.0774300000e-01
    150000    -6.00000000   9.8533000000e-02
    150000    -4.00000000   7.3177000000e-02
    150000    -2.00000000   3.2190000000e-02
    150000     0.00000000   1.8700000000e-02
    150000     2.00000000   1.2800000000e-02
    150000     4.00000000   1.3870000000e-02
    150000     6.00000000   1.7680000000e-02
    150000     8.00000000   2.4850000000e-02
    150000    10.00000000   3.7008000000e-02
    150000    12.00000000   5.9573000000e-02
    150000    14.00000000   7.8246000000e-02
    150000    16.00000000   1.0038500000e-01
    150000    18.00000000   1.2414600000e-01
    150000    20.00000000   1.5030500000e-01
    150000    22.00000000   1.7873600000e-01
    150000    24.00000000   2.0929800000e-01
    150000    26.00000000   2.4184200000e-01
    150000    28.00000000   2.7621000000e-01
    150000    30.00000000   3.1223400000e-01
    150000    32.00000000   3.4973700000e-01
    150000    34.00000000   3.8853700000e-01
    150000    36.00000000   4.2844400000e-01
    150000    38.00000000   4.6926200000e-01
    150000    40.00000000   5.1079300000e-01
    150000    42.00000000   5.5283300000e-01
    150000    44.00000000   5.9517700000e-01
    150000    46.00000000   6.3761900000e-01
    150000    48.00000000   6.7994900000e-01
    150000    50.00000000   7.2196200000e-01
    150000    52.00000000   7.6345300000e-01
    150000    54.00000000   8.0421700000e-01
    150000    56.00000000   8.4405600000e-01
    150000    58.00000000   8.8277500000e-01
    150000    60.00000000   9.2018500000e-01
    150000    62.00000000   9.5610100000e-01
    150000    64.00000000   9.9034900000e-01
    150000    66.00000000   1.0227610000e+00
    150000    68.00000000   1.0531770000e+00
    150000    70.00000000   1.0814490000e+00
    150000    72.00000000   1.1074390000e+00
    150000    74.00000000   1.1310170000e+00
    150000    76.00000000   1.1520700000e+00
    150000    78.00000000   1.1704920000e+00
    150000    80.00000000   1.1861940000e+00
    150000    82.00000000   1.1990970000e+00
    150000    84.00000000   1.2091390000e+00
    150000    86.00000000   1.2162690000e+00
    150000    88.00000000   1.2204510000e+00
    150000    90.00000000   1.2216640000e+00
    200000   -90.00000000   1.2216640000e+00
    200000   -88.00000000   1.2230040000e+00
    200000   -86.00000000   1.2213710000e+00
    200000   -84.00000000   1.2167850000e+00
    200000   -82.00000000   1.2092770000e+00
    200000   -80.00000000   1.1988950000e+00
    200000   -78.00000000   1.1856990000e+00
    200000   -76.00000000   1.1697640000e+00
    200000   -74.00000000   1.1511780000e+00
    200000   -72.00000000   1.1300410000e+00
    200000   -70.00000000   1.1064660000e+00
    200000   -68.00000000   1.0805770000e+00
    200000   -66.00000000   1.0525110000e+00
    200000   -64.00000000   1.0224130000e+00
    200000   -62.00000000   9.9044000000e-01
    200000   -60.00000000   9.5675600000e-01
    200000   -58.00000000   9.2153500000e-01
    200000   -56.00000000   8.8495700000e-01
    200000   -54.00000000   8.4720900000e-01
    200000   -52.00000000   8.0848400000e-01
    200000   -50.00000000   7.6897800000e-01
    200000   -48.00000000   7.2889100000e-01
    200000   -46.00000000   6.8842800000e-01
    200000   -44.00000000   6.4779200000e-01
    200000   -42.00000000   6.0718900000e-01
    200000   -40.00000000   5.6682400000e-01
    200000   -38.00000000   5.2689900000e-01
    200000   -36.00000000   4.8761700000e-01
    200000   -34.00000000   4.4917500000e-01
    200000   -32.00000000   4.1176600000e-01
    200000   -30.00000000   3.7557700000e-01
    200000   -28.00000000   3.4079100000e-01
    200000   -26.00000000   3.0758200000e-01
    200000   -24.00000000   2.7611700000e-01
    200000   -22.00000000   2.4655200000e-01
    200000   -20.00000000   2.1903700000e-01
    200000   -18.00000000   1.9370900000e-01
    200000   -16.00000000   1.7069400000e-01
    200000   -14.00000000   1.5010800000e-01
    200000   -12.00000000   1.3205400000e-01
    200000   -10.00000000   1.1662200000e-01
    200000    -8.00000000   1.0605500000e-01
    200000    -6.00000000   9.2134000000e-02
    200000    -4.00000000   6.5977000000e-02
    200000    -2.00000000   2.2210000000e-02
    200000     0.00000000   1.4120000000e-02
    200000     2.00000000   1.0280000000e-02
    200000     4.00000000   1.2510000000e-02
    200000     6.00000000   1.6490000000e-02
    200000     8.00000000   2.4382000000e-02
    200000    10.00000000   3.4501000000e-02
    200000    12.00000000   4.9850000000e-02
    200000    14.00000000   7.0667000000e-02
    200000    16.00000000   9.1992000000e-02
    200000    18.00000000   1.1584200000e-01
    200000    20.00000000   1.4210100000e-01
    200000    22.00000000   1.7064100000e-01
    200000    24.00000000   2.0132200000e-01
    200000    26.00000000   2.3399500000e-01
    200000    28.00000000   2.6850100000e-01
    200000    30.00000000   3.0467300000e-01
    200000    32.00000000   3.4233300000e-01
    200000    34.00000000   3.8129900000e-01
    200000    36.00000000   4.2138000000e-01
    200000    38.00000000   4.6238200000e-01
    200000    40.00000000   5.0410500000e-01
    200000    42.00000000   5.4634500000e-01
    200000    44.00000000   5.8889700000e-01
    200000    46.00000000   6.3155400000e-01
    200000    48.00000000   6.7410700000e-01
    200000    50.00000000   7.1635000000e-01
    200000    52.00000000   7.5807700000e-01
    200000    54.00000000   7.9908500000e-01
    200000    56.00000000   8.3917400000e-01
    200000    58.00000000   8.7814900000e-01
    200000    60.00000000   9.1581900000e-01
    200000    62.00000000   9.5200200000e-01
    200000    64.00000000   9.8652200000e-01
    200000    66.00000000   1.0192100000e+00
    200000    68.00000000   1.0499070000e+00
    200000    70.00000000   1.0784630000e+00
    200000    72.00000000   1.1047410000e+00
    200000    74.00000000   1.1286110000e+00
    200000    76.00000000   1.1499570000e+00
    200000    78.00000000   1.1686770000e+00
    200000    80.00000000   1.1846780000e+00
    200000    82.00000000   1.1978820000e+00
    200000    84.00000000   1.2082260000e+00
    200000    86.00000000   1.2156600000e+00
    200000    88.00000000   1.2201460000e+00
    200000    90.00000000   1.2216640000e+00
    250000   -90.00000000   1.2216640000e+00
    250000   -88.00000000   1.2232580000e+00
    250000   -86.00000000   1.2218800000e+00
    250000   -84.00000000   1.2175470000e+00
    250000   -82.00000000   1.2102920000e+00
    250000   -80.00000000   1.2001610000e+00
    250000   -78.00000000   1.1872160000e+00
    250000   -76.00000000   1.1715290000e+00
    250000   -74.00000000   1.1531890000e+00
    250000   -72.00000000   1.1322950000e+00
    250000   -70.00000000   1.1089600000e+00
    250000   -68.00000000   1.0833090000e+00
    250000   -66.00000000   1.0554770000e+00
    250000   -64.00000000   1.0256100000e+00
    250000   -62.00000000   9.9386400000e-01
    250000   -60.00000000   9.6040300000e-01
    250000   -58.00000000   9.2540000000e-01
    250000   -56.00000000   8.8903600000e-01
    250000   -54.00000000   8.5149700000e-01
    250000   -52.00000000   8.1297500000e-01
    250000   -50.00000000   7.7366600000e-01
    250000   -48.00000000   7.3377200000e-01
    250000   -46.00000000   6.9349500000e-01
    250000   -44.00000000   6.5303900000e-01
    250000   -42.00000000   6.1261000000e-01
    250000   -40.00000000   5.7241100000e-01
    250000   -38.00000000   5.3264700000e-01
    250000   -36.00000000   4.9351900000e-01
    250000   -34.00000000   4.5522200000e-01
    250000   -32.00000000   4.1795200000e-01
    250000   -30.00000000   3.8189400000e-01
    250000   -28.00000000   3.4723200000e-01
    250000   -26.00000000   3.1413800000e-01
    250000   -24.00000000   2.8278000000e-01
    250000   -22.00000000   2.5331600000e-01
    250000   -20.00000000   2.2589100000e-01
    250000   -18.00000000   2.0064600000e-01
    250000   -16.00000000   1.7770600000e-01
    250000   -14.00000000   1.5718600000e-01
    250000   -12.00000000   1.3918900000e-01
    250000   -10.00000000   1.2381900000e-01
    250000    -8.00000000   1.1135200000e-01
    250000    -6.00000000   8.5100000000e-02
    250000    -4.00000000   5.5750000000e-02
    250000    -2.00000000   1.7370000000e-02
    250000     0.00000000   1.1580000000e-02
    250000     2.00000000   9.2200000000e-03
    250000     4.00000000   1.1800000000e-02
    250000     6.00000000   1.5770000000e-02
    250000     8.00000000   2.3034000000e-02
    250000    10.00000000   3.3815000000e-02
    250000    12.00000000   4.8994000000e-02
    250000    14.00000000   6.9613000000e-02
    250000    16.00000000   9.0949000000e-02
    250000    18.00000000   1.1481000000e-01
    250000    20.00000000   1.4108100000e-01
    250000    22.00000000   1.6963400000e-01
    250000    24.00000000   2.0033000000e-01
    250000    26.00000000   2.3301900000e-01
    250000    28.00000000   2.6754300000e-01
    250000    30.00000000   3.0373300000e-01
    250000    32.00000000   3.4141300000e-01
    250000    34.00000000   3.8039900000e-01
    250000    36.00000000   4.2050200000e-01
    250000    38.00000000   4.6152700000e-01
    250000    40.00000000   5.0327300000e-01
    250000    42.00000000   5.4553800000e-01
    250000    44.00000000   5.8811600000e-01
    250000    46.00000000   6.3080000000e-01
    250000    48.00000000   6.7338100000e-01
    250000    50.00000000   7.1565300000e-01
    250000    52.00000000   7.5740900000e-01
    250000    54.00000000   7.9844700000e-01
    250000    56.00000000   8.3856700000e-01
    250000    58.00000000   8.7757300000e-01
    250000    60.00000000   9.1527600000e-01
    250000    62.00000000   9.5149300000e-01
    250000    64.00000000   9.8604600000e-01
    250000    66.00000000   1.0187680000e+00
    250000    68.00000000   1.0495000000e+00
    250000    70.00000000   1.0780920000e+00
    250000    72.00000000   1.1044050000e+00
    250000    74.00000000   1.1283110000e+00
    250000    76.00000000   1.1496950000e+00
    250000    78.00000000   1.1684510000e+00
    250000    80.00000000   1.1844890000e+00
    250000    82.00000000   1.1977310000e+00
    250000    84.00000000   1.2081130000e+00
    250000    86.00000000   1.2155840000e+00
    250000    88.00000000   1.2201090000e+00
    250000    90.00000000   1.2216640000e+00
     50000   -90.00000000   1.2216640000e+00
     50000   -88.00000000   1.2231790000e+00
     50000   -86.00000000   1.2217210000e+00
     50000   -84.00000000   1.2173080000e+00
     50000   -82.00000000   1.2099740000e+00
     50000   -80.00000000   1.1997650000e+00
     50000   -78.00000000   1.1867410000e+00
     50000   -76.00000000   1.1709760000e+00
     50000   -74.00000000   1.1525590000e+00
     50000   -72.00000000   1.1315890000e+00
     50000   -70.00000000   1.1081790000e+00
     50000   -68.00000000   1.0824540000e+00
     50000   -66.00000000   1.0545480000e+00
     50000   -64.00000000   1.0246090000e+00
     50000   -62.00000000   9.9279100000e-01
     50000   -60.00000000   9.5926100000e-01
     50000   -58.00000000   9.2419000000e-01
     50000   -56.00000000   8.8775800000e-01
     50000   -54.00000000   8.5015400000e-01
     50000   -52.00000000   8.1156800000e-01
     50000   -50.00000000   7.7219800000e-01
     50000   -48.00000000   7.3224300000e-01
     50000   -46.00000000   6.9190800000e-01
     50000   -44.00000000   6.5139600000e-01
     50000   -42.00000000   6.1091200000e-01
     50000   -40.00000000   5.7066100000e-01
     50000   -38.00000000   5.3084700000e-01
     50000   -36.00000000   4.9167000000e-01
     50000   -34.00000000   4.5332800000e-01
     50000   -32.00000000   4.1601400000e-01
     50000   -30.00000000   3.7991600000e-01
     50000   -28.00000000   3.4521500000e-01
     50000   -26.00000000   3.1208500000e-01
     50000   -24.00000000   2.8069300000e-01
     50000   -22.00000000   2.5119700000e-01
     50000   -20.00000000   2.2374500000e-01
     50000   -18.00000000   1.9847300000e-01
     50000   -16.00000000   1.7551000000e-01
     50000   -14.00000000   1.5496900000e-01
     50000   -12.00000000   1.3695400000e-01
     50000   -10.00000000   1.2155600000e-01
     50000    -8.00000000   1.0885000000e-01
     50000    -6.00000000   9.9336000000e-02
     50000    -4.00000000   9.1760000000e-02
     50000    -2.00000000   6.1789000000e-02
     50000     0.00000000   3.4850000000e-02
     50000     2.00000000   3.7370000000e-02
     50000     4.00000000   3.6720000000e-02
     50000     6.00000000   2.9540000000e-02
     50000     8.00000000   3.3590000000e-02
     50000    10.00000000   5.2200000000e-02
     50000    12.00000000   7.5078000000e-02
     50000    14.00000000   9.9260000000e-02
     50000    16.00000000   1.1499000000e-01
     50000    18.00000000   1.3859600000e-01
     50000    20.00000000   1.6458300000e-01
     50000    22.00000000   1.9282300000e-01
     50000    24.00000000   2.2317800000e-01
     50000    26.00000000   2.5549900000e-01
     50000    28.00000000   2.8962600000e-01
     50000    30.00000000   3.2539200000e-01
     50000    32.00000000   3.6262300000e-01
     50000    34.00000000   4.0113400000e-01
     50000    36.00000000   4.4073600000e-01
     50000    38.00000000   4.8123500000e-01
     50000    40.00000000   5.2243200000e-01
     50000    42.00000000   5.6412500000e-01
     50000    44.00000000   6.0610700000e-01
     50000    46.00000000   6.4817300000e-01
     50000    48.00000000   6.9011600000e-01
     50000    50.00000000   7.3172900000e-01
     50000    52.00000000   7.7280700000e-01
     50000    54.00000000   8.1314800000e-01
     50000    56.00000000   8.5255300000e-01
     50000    58.00000000   8.9082700000e-01
     50000    60.00000000   9.2778200000e-01
     50000    62.00000000   9.6323400000e-01
     50000    64.00000000   9.9701000000e-01
     50000    66.00000000   1.0289410000e+00
     50000    68.00000000   1.0588690000e+00
     50000    70.00000000   1.0866460000e+00
     50000    72.00000000   1.1121340000e+00
     50000    74.00000000   1.1352050000e+00
     50000    76.00000000   1.1557450000e+00
     50000    78.00000000   1.1736510000e+00
     50000    80.00000000   1.1888320000e+00
     50000    82.00000000   1.2012120000e+00
     50000    84.00000000   1.2107270000e+00
     50000    86.00000000   1.2173290000e+00
     50000    88.00000000   1.2209810000e+00
     50000    90.00000000   1.2216640000e+00
    100000   -90.00000000   1.2216640000e+00
    100000   -88.00000000   1.2231220000e+00
    100000   -86.00000000   1.2216070000e+00
    100000   -84.00000000   1.2171380000e+00
    100000   -82.00000000   1.2097470000e+00
    100000   -80.00000000   1.1994810000e+00
    100000   -78.00000000   1.1864010000e+00
    100000   -76.00000000   1.1705810000e+00
    100000   -74.00000000   1.1521090000e+00
    100000   -72.00000000   1.1310850000e+00
    100000   -70.00000000   1.1076210000e+00
    100000   -68.00000000   1.0818420000e+00
    100000   -66.00000000   1.0538840000e+00
    100000   -64.00000000   1.0238930000e+00
    100000   -62.00000000   9.9202500000e-01
    100000   -60.00000000   9.5844500000e-01
    100000   -58.00000000   9.2332500000e-01
    100000   -56.00000000   8.8684600000e-01
    100000   -54.00000000   8.4919400000e-01
    100000   -52.00000000   8.1056300000e-01
    100000   -50.00000000   7.7114900000e-01
    100000   -48.00000000   7.3115100000e-01
    100000   -46.00000000   6.9077400000e-01
    100000   -44.00000000   6.5022100000e-01
    100000   -42.00000000   6.0969900000e-01
    100000   -40.00000000   5.6941100000e-01
    100000   -38.00000000   5.2956100000e-01
    100000   -36.00000000   4.9035000000e-01
    100000   -34.00000000   4.5197500000e-01
    100000   -32.00000000   4.1463000000e-01
    100000   -30.00000000   3.7850200000e-01
    100000   -28.00000000   3.4377300000e-01
    100000   -26.00000000   3.1061800000e-01
    100000   -24.00000000   2.7920200000e-01
    100000   -22.00000000   2.4968400000e-01
    100000   -20.00000000   2.2221100000e-01
    100000   -18.00000000   1.9692100000e-01
    100000   -16.00000000   1.7394100000e-01
    100000   -14.00000000   1.5338500000e-01
    100000   -12.00000000   1.3535800000e-01
    100000   -10.00000000   1.1994800000e-01
    100000    -8.00000000   1.0723400000e-01
    100000    -6.00000000   9.7884000000e-02
    100000    -4.00000000   8.1387000000e-02
    100000    -2.00000000   5.0586000000e-02
    100000     0.00000000   2.5940000000e-02
    100000     2.00000000   2.0570000000e-02
    100000     4.00000000   1.6320000000e-02
    100000     6.00000000   1.9930000000e-02
    100000     8.00000000   2.7568000000e-02
    100000    10.00000000   3.9733000000e-02
    100000    12.00000000   5.8082000000e-02
    100000    14.00000000   6.7269000000e-02
    100000    16.00000000   8.8626000000e-02
    100000    18.00000000   1.1251200000e-01
    100000    20.00000000   1.3881100000e-01
    100000    22.00000000   1.6739400000e-01
    100000    24.00000000   1.9812300000e-01
    100000    26.00000000   2.3084800000e-01
    100000    28.00000000   2.6541000000e-01
    100000    30.00000000   3.0164000000e-01
    100000    32.00000000   3.3936400000e-01
    100000    34.00000000   3.7839600000e-01
    100000    36.00000000   4.1854800000e-01
    100000    38.00000000   4.5962300000e-01
    100000    40.00000000   5.0142300000e-01
    100000    42.00000000   5.4374300000e-01
    100000    44.00000000   5.8637800000e-01
    100000    46.00000000   6.2912100000e-01
    100000    48.00000000   6.7176400000e-01
    100000    50.00000000   7.1410000000e-01
    100000    52.00000000   7.5592200000e-01
    100000    54.00000000   7.9702700000e-01
    100000    56.00000000   8.3721600000e-01
    100000    58.00000000   8.7629300000e-01
    100000    60.00000000   9.1406800000e-01
    100000    62.00000000   9.5035800000e-01
    100000    64.00000000   9.8498700000e-01
    100000    66.00000000   1.0177850000e+00
    100000    68.00000000   1.0485950000e+00
    100000    70.00000000   1.0772660000e+00
    100000    72.00000000   1.1036590000e+00
    100000    74.00000000   1.1276460000e+00
    100000    76.00000000   1.1491100000e+00
    100000    78.00000000   1.1679490000e+00
    100000    80.00000000   1.1840700000e+00
    100000    82.00000000   1.1973950000e+00
    100000    84.00000000   1.2078600000e+00
    100000    86.00000000   1.2154160000e+00
    100000    88.00000000   1.2200240000e+00
    100000    90.00000000   1.2216640000e+00
    150000   -90.00000000   1.2216640000e+00
    150000   -88.00000000   1.2231950000e+00
    150000   -86.00000000   1.2217530000e+00
    150000   -84.00000000   1.2173560000e+00
    150000   -82.00000000   1.2100380000e+00
    150000   -80.00000000   1.1998450000e+00
    150000   -78.00000000   1.1868360000e+00
    150000   -76.00000000   1.1710880000e+00
    150000   -74.00000000   1.1526860000e+00
    150000   -72.00000000   1.1317310000e+00
    150000   -70.00000000   1.1083370000e+00
    150000   -68.00000000   1.0826260000e+00
    150000   -66.00000000   1.0547360000e+00
    150000   -64.00000000   1.0248110000e+00
    150000   -62.00000000   9.9300800000e-01
    150000   -60.00000000   9.5949100000e-01
    150000   -58.00000000   9.2443400000e-01
    150000   -56.00000000   8.8801600000e-01
    150000   -54.00000000   8.5042500000e-01
    150000   -52.00000000   8.1185200000e-01
    150000   -50.00000000   7.7249400000e-01
    150000   -48.00000000   7.3255200000e-01
    150000   -46.00000000   6.9222800000e-01
    150000   -44.00000000   6.5172700000e-01
    150000   -42.00000000   6.1125400000e-01
    150000   -40.00000000   5.7101400000e-01
    150000   -38.00000000   5.3121000000e-01
    150000   -36.00000000   4.9204300000e-01
    150000   -34.00000000   4.5371000000e-01
    150000   -32.00000000   4.1640500000e-01
    150000   -30.00000000   3.8031500000e-01
    150000   -28.00000000   3.4562100000e-01
    150000   -26.00000000   3.1249900000e-01
    150000   -24.00000000   2.8111400000e-01
    150000   -22.00000000   2.5162400000e-01
    150000   -20.00000000   2.2417700000e-01
    150000   -18.00000000   1.9891100000e-01
    150000   -16.00000000   1.7595200000e-01
    150000   -14.00000000   1.5541600000e-01
    150000   -12.00000000   1.3740500000e-01
    150000   -10.00000000   1.2200900000e-01
    150000    -8.00000000   1.0938200000e-01
    150000    -6.00000000   9.9360000000e-02
    150000    -4.00000000   7.7183000000e-02
    150000    -2.00000000   3.2850000000e-02
    150000     0.00000000   1.8970000000e-02
    150000     2.00000000   1.3200000000e-02
    150000     4.00000000   1.3540000000e-02
    150000     6.00000000   1.7700000000e-02
    150000     8.00000000   2.5780000000e-02
    150000    10.00000000   3.9690000000e-02
    150000    12.00000000   5.4890000000e-02
    150000    14.00000000   7.4310000000e-02
    150000    16.00000000   9.5601000000e-02
    150000    18.00000000   1.1941300000e-01
    150000    20.00000000   1.4562900000e-01
    150000    22.00000000   1.7412200000e-01
    150000    24.00000000   2.0475200000e-01
    150000    26.00000000   2.3737000000e-01
    150000    28.00000000   2.7181600000e-01
    150000    30.00000000   3.0792400000e-01
    150000    32.00000000   3.4551700000e-01
    150000    34.00000000   3.8441200000e-01
    150000    36.00000000   4.2441800000e-01
    150000    38.00000000   4.6534100000e-01
    150000    40.00000000   5.0698100000e-01
    150000    42.00000000   5.4913500000e-01
    150000    44.00000000   5.9159800000e-01
    150000    46.00000000   6.3416200000e-01
    150000    48.00000000   6.7662000000e-01
    150000    50.00000000   7.1876400000e-01
    150000    52.00000000   7.6038900000e-01
    150000    54.00000000   8.0129200000e-01
    150000    56.00000000   8.4127400000e-01
    150000    58.00000000   8.8013800000e-01
    150000    60.00000000   9.1769600000e-01
    150000    62.00000000   9.5376500000e-01
    150000    64.00000000   9.8816800000e-01
    150000    66.00000000   1.0207370000e+00
    150000    68.00000000   1.0513130000e+00
    150000    70.00000000   1.0797470000e+00
    150000    72.00000000   1.1059010000e+00
    150000    74.00000000   1.1296460000e+00
    150000    76.00000000   1.1508660000e+00
    150000    78.00000000   1.1694570000e+00
    150000    80.00000000   1.1853300000e+00
    150000    82.00000000   1.1984050000e+00
    150000    84.00000000   1.2086190000e+00
    150000    86.00000000   1.2159220000e+00
    150000    88.00000000   1.2202770000e+00
    150000    90.00000000   1.2216640000e+00
    200000   -90.00000000   1.2216640000e+00
    200000   -88.00000000   1.2238840000e+00
    200000   -86.00000000   1.2231300000e+00
    200000   -84.00000000   1.2194200000e+00
    200000   -82.00000000   1.2127860000e+00
    200000   -80.00000000   1.2032730000e+00
    200000   -78.00000000   1.1909410000e+00
    200000   -76.00000000   1.1758640000e+00
    200000   -74.00000000   1.1581280000e+00
    200000   -72.00000000   1.1378320000e+00
    200000   -70.00000000   1.1150890000e+00
    200000   -68.00000000   1.0900220000e+00
    200000   -66.00000000   1.0627650000e+00
    200000   -64.00000000   1.0334650000e+00
    200000   -62.00000000   1.0022760000e+00
    200000   -60.00000000   9.6936200000e-01
    200000   -58.00000000   9.3489500000e-01
    200000   -56.00000000   8.9905600000e-01
    200000   -54.00000000   8.6202900000e-01
    200000   -52.00000000   8.2400600000e-01
    200000   -50.00000000   7.8518400000e-01
    200000   -48.00000000   7.4576200000e-01
    200000   -46.00000000   7.0594200000e-01
    200000   -44.00000000   6.6592800000e-01
    200000   -42.00000000   6.2592500000e-01
    200000   -40.00000000   5.8613700000e-01
    200000   -38.00000000   5.4676700000e-01
    200000   -36.00000000   5.0801500000e-01
    200000   -34.00000000   4.7007700000e-01
    200000   -32.00000000   4.3314700000e-01
    200000   -30.00000000   3.9741200000e-01
    200000   -28.00000000   3.6305300000e-01
    200000   -26.00000000   3.3024300000e-01
    200000   -24.00000000   2.9914900000e-01
    200000   -22.00000000   2.6992900000e-01
    200000   -20.00000000   2.4272900000e-01
    200000   -18.00000000   2.1768700000e-01
    200000   -16.00000000   1.9493000000e-01
    200000   -14.00000000   1.7457200000e-01
    200000   -12.00000000   1.5630800000e-01
    200000   -10.00000000   1.3313600000e-01
    200000    -8.00000000   1.0058200000e-01
    200000    -6.00000000   7.8084000000e-02
    200000    -4.00000000   6.4649000000e-02
    200000    -2.00000000   3.7790000000e-02
    200000     0.00000000   1.4390000000e-02
    200000     2.00000000   1.0040000000e-02
    200000     4.00000000   1.2320000000e-02
    200000     6.00000000   1.6600000000e-02
    200000     8.00000000   2.0259000000e-02
    200000    10.00000000   4.4000000000e-02
    200000    12.00000000   2.8111000000e-02
    200000    14.00000000   4.5027000000e-02
    200000    16.00000000   6.6591000000e-02
    200000    18.00000000   9.0711000000e-02
    200000    20.00000000   1.1727000000e-01
    200000    22.00000000   1.4614000000e-01
    200000    24.00000000   1.7718100000e-01
    200000    26.00000000   2.1024400000e-01
    200000    28.00000000   2.4517000000e-01
    200000    30.00000000   2.8178800000e-01
    200000    32.00000000   3.1992400000e-01
    200000    34.00000000   3.5939200000e-01
    200000    36.00000000   4.0000200000e-01
    200000    38.00000000   4.4155900000e-01
    200000    40.00000000   4.8386200000e-01
    200000    42.00000000   5.2670700000e-01
    200000    44.00000000   5.6988900000e-01
    200000    46.00000000   6.1319700000e-01
    200000    48.00000000   6.5642600000e-01
    200000    50.00000000   6.9936500000e-01
    200000    52.00000000   7.4180900000e-01
    200000    54.00000000   7.8355300000e-01
    200000    56.00000000   8.2439700000e-01
    200000    58.00000000   8.6414500000e-01
    200000    60.00000000   9.0260700000e-01
    200000    62.00000000   9.3959600000e-01
    200000    64.00000000   9.7493800000e-01
    200000    66.00000000   1.0084620000e+00
    200000    68.00000000   1.0400080000e+00
    200000    70.00000000   1.0694250000e+00
    200000    72.00000000   1.0965750000e+00
    200000    74.00000000   1.1213270000e+00
    200000    76.00000000   1.1435650000e+00
    200000    78.00000000   1.1631830000e+00
    200000    80.00000000   1.1800890000e+00
    200000    82.00000000   1.1942050000e+00
    200000    84.00000000   1.2054640000e+00
    200000    86.00000000   1.2138170000e+00
    200000    88.00000000   1.2192240000e+00
    200000    90.00000000   1.2216640000e+00
    250000   -90.00000000   1.2216640000e+00
    250000   -88.00000000   1.2229050000e+00
    250000   -86.00000000   1.2211740000e+00
    250000   -84.00000000   1.2164890000e+00
    250000   -82.00000000   1.2088830000e+00
    250000   -80.00000000   1.1984040000e+00
    250000   -78.00000000   1.1851110000e+00
    250000   -76.00000000   1.1690800000e+00
    250000   -74.00000000   1.1503980000e+00
    250000   -72.00000000   1.1291670000e+00
    250000   -70.00000000   1.1054980000e+00
    250000   -68.00000000   1.0795170000e+00
    250000   -66.00000000   1.0513600000e+00
    250000   -64.00000000   1.0211730000e+00
    250000   -62.00000000   9.8911200000e-01
    250000   -60.00000000   9.5534200000e-01
    250000   -58.00000000   9.2003600000e-01
    250000   -56.00000000   8.8337600000e-01
    250000   -54.00000000   8.4554700000e-01
    250000   -52.00000000   8.0674300000e-01
    250000   -50.00000000   7.6716000000e-01
    250000   -48.00000000   7.2699900000e-01
    250000   -46.00000000   6.8646300000e-01
    250000   -44.00000000   6.4575700000e-01
    250000   -42.00000000   6.0508700000e-01
    250000   -40.00000000   5.6465700000e-01
    250000   -38.00000000   5.2467100000e-01
    250000   -36.00000000   4.8532900000e-01
    250000   -34.00000000   4.4683000000e-01
    250000   -32.00000000   4.0936700000e-01
    250000   -30.00000000   3.7312800000e-01
    250000   -28.00000000   3.3829400000e-01
    250000   -26.00000000   3.0504000000e-01
    250000   -24.00000000   2.7353300000e-01
    250000   -22.00000000   2.4393000000e-01
    250000   -20.00000000   2.1637900000e-01
    250000   -18.00000000   1.9101900000e-01
    250000   -16.00000000   1.6797500000e-01
    250000   -14.00000000   1.4736400000e-01
    250000   -12.00000000   1.2928800000e-01
    250000   -10.00000000   1.1383700000e-01
    250000    -8.00000000   1.0270500000e-01
    250000    -6.00000000   8.8058000000e-02
    250000    -4.00000000   5.2305000000e-02
    250000    -2.00000000   2.0960000000e-02
    250000     0.00000000   1.2180000000e-02
    250000     2.00000000   9.0700000000e-03
    250000     4.00000000   1.1720000000e-02
    250000     6.00000000   1.5943000000e-02
    250000     8.00000000   2.3802000000e-02
    250000    10.00000000   3.4318000000e-02
    250000    12.00000000   5.2056000000e-02
    250000    14.00000000   7.0752000000e-02
    250000    16.00000000   9.2077000000e-02
    250000    18.00000000   1.1592600000e-01
    250000    20.00000000   1.4218400000e-01
    250000    22.00000000   1.7072200000e-01
    250000    24.00000000   2.0140200000e-01
    250000    26.00000000   2.3407400000e-01
    250000    28.00000000   2.6857900000e-01
    250000    30.00000000   3.0474900000e-01
    250000    32.00000000   3.4240800000e-01
    250000    34.00000000   3.8137200000e-01
    250000    36.00000000   4.2145200000e-01
    250000    38.00000000   4.6245200000e-01
    250000    40.00000000   5.0417200000e-01
    250000    42.00000000   5.4641000000e-01
    250000    44.00000000   5.8896000000e-01
    250000    46.00000000   6.3161500000e-01
    250000    48.00000000   6.7416600000e-01
    250000    50.00000000   7.1640700000e-01
    250000    52.00000000   7.5813200000e-01
    250000    54.00000000   7.9913700000e-01
    250000    56.00000000   8.3922300000e-01
    250000    58.00000000   8.7819500000e-01
    250000    60.00000000   9.1586300000e-01
    250000    62.00000000   9.5204400000e-01
    250000    64.00000000   9.8656000000e-01
    250000    66.00000000   1.0192450000e+00
    250000    68.00000000   1.0499400000e+00
    250000    70.00000000   1.0784930000e+00
    250000    72.00000000   1.1047680000e+00
    250000    74.00000000   1.1286350000e+00
    250000    76.00000000   1.1499790000e+00
    250000    78.00000000   1.1686950000e+00
    250000    80.00000000   1.1846930000e+00
    250000    82.00000000   1.1978950000e+00
    250000    84.00000000   1.2082360000e+00
    250000    86.00000000   1.2156660000e+00
    250000    88.00000000   1.2201490000e+00
    250000    90.00000000   1.2216640000e+00
     50000   -90.00000000   1.2216640000e+00
     50000   -88.00000000   1.2230370000e+00
     50000   -86.00000000   1.2214370000e+00
     50000   -84.00000000   1.2168840000e+00
     50000   -82.00000000   1.2094090000e+00
     50000   -80.00000000   1.1990600000e+00
     50000   -78.00000000   1.1858970000e+00
     50000   -76.00000000   1.1699940000e+00
     50000   -74.00000000   1.1514400000e+00
     50000   -72.00000000   1.1303340000e+00
     50000   -70.00000000   1.1067900000e+00
     50000   -68.00000000   1.0809330000e+00
     50000   -66.00000000   1.0528970000e+00
     50000   -64.00000000   1.0228290000e+00
     50000   -62.00000000   9.9088500000e-01
     50000   -60.00000000   9.5723100000e-01
     50000   -58.00000000   9.2203800000e-01
     50000   -56.00000000   8.8548800000e-01
     50000   -54.00000000   8.4776800000e-01
     50000   -52.00000000   8.0906900000e-01
     50000   -50.00000000   7.6958800000e-01
     50000   -48.00000000   7.2952700000e-01
     50000   -46.00000000   6.8908800000e-01
     50000   -44.00000000   6.4847500000e-01
     50000   -42.00000000   6.0789500000e-01
     50000   -40.00000000   5.6755100000e-01
     50000   -38.00000000   5.2764800000e-01
     50000   -36.00000000   4.8838600000e-01
     50000   -34.00000000   4.4996300000e-01
     50000   -32.00000000   4.1257100000e-01
     50000   -30.00000000   3.7640000000e-01
     50000   -28.00000000   3.4163000000e-01
     50000   -26.00000000   3.0843600000e-01
     50000   -24.00000000   2.7698400000e-01
     50000   -22.00000000   2.4743300000e-01
     50000   -20.00000000   2.1993000000e-01
     50000   -18.00000000   1.9461200000e-01
     50000   -16.00000000   1.7160700000e-01
     50000   -14.00000000   1.5103000000e-01
     50000   -12.00000000   1.3298300000e-01
     50000   -10.00000000   1.1755800000e-01
     50000    -8.00000000   1.0483000000e-01
     50000    -6.00000000   9.5612000000e-02
     50000    -4.00000000   8.7710000000e-02
     50000    -2.00000000   5.9778000000e-02
     50000     0.00000000   3.4760000000e-02
     50000     2.00000000   3.6980000000e-02
     50000     4.00000000   3.7730000000e-02
     50000     6.00000000   2.8950000000e-02
     50000     8.00000000   3.4870000000e-02
     50000    10.00000000   5.5048000000e-02
     50000    12.00000000   8.0280000000e-02
     50000    14.00000000   9.5115000000e-02
     50000    16.00000000   1.1469400000e-01
     50000    18.00000000   1.3830300000e-01
     50000    20.00000000   1.6429400000e-01
     50000    22.00000000   1.9253800000e-01
     50000    24.00000000   2.2289700000e-01
     50000    26.00000000   2.5522200000e-01
     50000    28.00000000   2.8935400000e-01
     50000    30.00000000   3.2512600000e-01
     50000    32.00000000   3.6236100000e-01
     50000    34.00000000   4.0087800000e-01
     50000    36.00000000   4.4048700000e-01
     50000    38.00000000   4.8099300000e-01
     50000    40.00000000   5.2219600000e-01
     50000    42.00000000   5.6389600000e-01
     50000    44.00000000   6.0588600000e-01
     50000    46.00000000   6.4795900000e-01
     50000    48.00000000   6.8991000000e-01
     50000    50.00000000   7.3153100000e-01
     50000    52.00000000   7.7261700000e-01
     50000    54.00000000   8.1296700000e-01
     50000    56.00000000   8.5238000000e-01
     50000    58.00000000   8.9066400000e-01
     50000    60.00000000   9.2762800000e-01
     50000    62.00000000   9.6309000000e-01
     50000    64.00000000   9.9687500000e-01
     50000    66.00000000   1.0288150000e+00
     50000    68.00000000   1.0587540000e+00
     50000    70.00000000   1.0865410000e+00
     50000    72.00000000   1.1120390000e+00
     50000    74.00000000   1.1351200000e+00
     50000    76.00000000   1.1556710000e+00
     50000    78.00000000   1.1735870000e+00
     50000    80.00000000   1.1887790000e+00
     50000    82.00000000   1.2011690000e+00
     50000    84.00000000   1.2106950000e+00
     50000    86.00000000   1.2173070000e+00
     50000    88.00000000   1.2209710000e+00
     50000    90.00000000   1.2216640000e+00
    100000   -90.00000000   1.2216640000e+00
    100000   -88.00000000   1.2229250000e+00
    100000   -86.00000000   1.2212150000e+00
    100000   -84.00000000   1.2165500000e+00
    100000   -82.00000000   1.2089650000e+00
    100000   -80.00000000   1.1985050000e+00
    100000   -78.00000000   1.1852330000e+00
    100000   -76.00000000   1.1692220000e+00
    100000   -74.00000000   1.1505600000e+00
    100000   -72.00000000   1.1293480000e+00
    100000   -70.00000000   1.1056990000e+00
    100000   -68.00000000   1.0797370000e+00
    100000   -66.00000000   1.0515980000e+00
    100000   -64.00000000   1.0214300000e+00
    100000   -62.00000000   9.8938700000e-01
    100000   -60.00000000   9.5563400000e-01
    100000   -58.00000000   9.2034600000e-01
    100000   -56.00000000   8.8370300000e-01
    100000   -54.00000000   8.4589100000e-01
    100000   -52.00000000   8.0710300000e-01
    100000   -50.00000000   7.6753600000e-01
    100000   -48.00000000   7.2739100000e-01
    100000   -46.00000000   6.8687000000e-01
    100000   -44.00000000   6.4617900000e-01
    100000   -42.00000000   6.0552200000e-01
    100000   -40.00000000   5.6510500000e-01
    100000   -38.00000000   5.2513200000e-01
    100000   -36.00000000   4.8580300000e-01
    100000   -34.00000000   4.4731600000e-01
    100000   -32.00000000   4.0986400000e-01
    100000   -30.00000000   3.7363500000e-01
    100000   -28.00000000   3.3881100000e-01
    100000   -26.00000000   3.0556700000e-01
    100000   -24.00000000   2.7406800000e-01
    100000   -22.00000000   2.4447300000e-01
    100000   -20.00000000   2.1692900000e-01
    100000   -18.00000000   1.9157600000e-01
    100000   -16.00000000   1.6853800000e-01
    100000   -14.00000000   1.4793200000e-01
    100000   -12.00000000   1.2986000000e-01
    100000   -10.00000000   1.1441300000e-01
    100000    -8.00000000   1.0166800000e-01
    100000    -6.00000000   9.3045000000e-02
    100000    -4.00000000   8.0723000000e-02
    100000    -2.00000000   4.8617000000e-02
    100000     0.00000000   2.6450000000e-02
    100000     2.00000000   2.0880000000e-02
    100000     4.00000000   1.6260000000e-02
    100000     6.00000000   1.9850000000e-02
    100000     8.00000000   2.8210000000e-02
    100000    10.00000000   4.3092000000e-02
    100000    12.00000000   8.0650000000e-02
    100000    14.00000000   9.7749000000e-02
    100000    16.00000000   1.2017700000e-01
    100000    18.00000000   1.4372800000e-01
    100000    20.00000000   1.6965400000e-01
    100000    22.00000000   1.9782600000e-01
    100000    24.00000000   2.2810800000e-01
    100000    26.00000000   2.6034800000e-01
    100000    28.00000000   2.9439000000e-01
    100000    30.00000000   3.3006600000e-01
    100000    32.00000000   3.6719900000e-01
    100000    34.00000000   4.0560700000e-01
    100000    36.00000000   4.4510200000e-01
    100000    38.00000000   4.8548700000e-01
    100000    40.00000000   5.2656600000e-01
    100000    42.00000000   5.6813500000e-01
    100000    44.00000000   6.0998900000e-01
    100000    46.00000000   6.5192200000e-01
    100000    48.00000000   6.9372700000e-01
    100000    50.00000000   7.3519800000e-01
    100000    52.00000000   7.7612900000e-01
    100000    54.00000000   8.1632000000e-01
    100000    56.00000000   8.5557000000e-01
    100000    58.00000000   8.9368600000e-01
    100000    60.00000000   9.3048000000e-01
    100000    62.00000000   9.6576800000e-01
    100000    64.00000000   9.9937500000e-01
    100000    66.00000000   1.0311360000e+00
    100000    68.00000000   1.0608900000e+00
    100000    70.00000000   1.0884920000e+00
    100000    72.00000000   1.1138010000e+00
    100000    74.00000000   1.1366930000e+00
    100000    76.00000000   1.1570510000e+00
    100000    78.00000000   1.1747730000e+00
    100000    80.00000000   1.1897690000e+00
    100000    82.00000000   1.2019630000e+00
    100000    84.00000000   1.2112910000e+00
    100000    86.00000000   1.2177050000e+00
    100000    88.00000000   1.2211700000e+00
    100000    90.00000000   1.2216640000e+00
    150000   -90.00000000   1.2216640000e+00
    150000   -88.00000000   1.2232460000e+00
    150000   -86.00000000   1.2218550000e+00
    150000   -84.00000000   1.2175100000e+00
    150000   -82.00000000   1.2102430000e+00
    150000   -80.00000000   1.2001000000e+00
    150000   -78.00000000   1.1871420000e+00
    150000   -76.00000000   1.1714430000e+00
    150000   -74.00000000   1.1530910000e+00
    150000   -72.00000000   1.1321850000e+00
    150000   -70.00000000   1.1088390000e+00
    150000   -68.00000000   1.0831760000e+00
    150000   -66.00000000   1.0553330000e+00
    150000   -64.00000000   1.0254540000e+00
    150000   -62.00000000   9.9369700000e-01
    150000   -60.00000000   9.6022500000e-01
    150000   -58.00000000   9.2521200000e-01
    150000   -56.00000000   8.8883700000e-01
    150000   -54.00000000   8.5128800000e-01
    150000   -52.00000000   8.1275600000e-01
    150000   -50.00000000   7.7343800000e-01
    150000   -48.00000000   7.3353400000e-01
    150000   -46.00000000   6.9324800000e-01
    150000   -44.00000000   6.5278300000e-01
    150000   -42.00000000   6.1234500000e-01
    150000   -40.00000000   5.7213900000e-01
    150000   -38.00000000   5.3236700000e-01
    150000   -36.00000000   4.9323100000e-01
    150000   -34.00000000   4.5492700000e-01
    150000   -32.00000000   4.1765000000e-01
    150000   -30.00000000   3.8158600000e-01
    150000   -28.00000000   3.4691800000e-01
    150000   -26.00000000   3.1381900000e-01
    150000   -24.00000000   2.8245500000e-01
    150000   -22.00000000   2.5298500000e-01
    150000   -20.00000000   2.2555700000e-01
    150000   -18.00000000   2.0030700000e-01
    150000   -16.00000000   1.7736400000e-01
    150000   -14.00000000   1.5684000000e-01
    150000   -12.00000000   1.3884100000e-01
    150000   -10.00000000   1.2345500000e-01
    150000    -8.00000000   1.1085900000e-01
    150000    -6.00000000   1.0082000000e-01
    150000    -4.00000000   7.5467000000e-02
    150000    -2.00000000   3.2900000000e-02
    150000     0.00000000   1.9420000000e-02
    150000     2.00000000   1.3310000000e-02
    150000     4.00000000   1.3350000000e-02
    150000     6.00000000   1.7740000000e-02
    150000     8.00000000   2.7124000000e-02
    150000    10.00000000   4.0450000000e-02
    150000    12.00000000   5.6203000000e-02
    150000    14.00000000   7.4945000000e-02
    150000    16.00000000   9.6230000000e-02
    150000    18.00000000   1.2003500000e-01
    150000    20.00000000   1.4624400000e-01
    150000    22.00000000   1.7472800000e-01
    150000    24.00000000   2.0534900000e-01
    150000    26.00000000   2.3795800000e-01
    150000    28.00000000   2.7239400000e-01
    150000    30.00000000   3.0849100000e-01
    150000    32.00000000   3.4607200000e-01
    150000    34.00000000   3.8495400000e-01
    150000    36.00000000   4.2494700000e-01
    150000    38.00000000   4.6585600000e-01
    150000    40.00000000   5.0748200000e-01
    150000    42.00000000   5.4962100000e-01
    150000    44.00000000   5.9206900000e-01
    150000    46.00000000   6.3461600000e-01
    150000    48.00000000   6.7705700000e-01
    150000    50.00000000   7.1918400000e-01
    150000    52.00000000   7.6079200000e-01
    150000    54.00000000   8.0167700000e-01
    150000    56.00000000   8.4163900000e-01
    150000    58.00000000   8.8048500000e-01
    150000    60.00000000   9.1802400000e-01
    150000    62.00000000   9.5407200000e-01
    150000    64.00000000   9.8845400000e-01
    150000    66.00000000   1.0210030000e+00
    150000    68.00000000   1.0515580000e+00
    150000    70.00000000   1.0799710000e+00
    150000    72.00000000   1.1061030000e+00
    150000    74.00000000   1.1298260000e+00
    150000    76.00000000   1.1510240000e+00
    150000    78.00000000   1.1695930000e+00
    150000    80.00000000   1.1854430000e+00
    150000    82.00000000   1.1984960000e+00
    150000    84.00000000   1.2086870000e+00
    150000    86.00000000   1.2159670000e+00
    150000    88.00000000   1.2203000000e+00
    150000    90.00000000   1.2216640000e+00
    200000   -90.00000000   1.2216640000e+00
    200000   -88.00000000   1.2227460000e+00
    200000   -86.00000000   1.2208560000e+00
    200000   -84.00000000   1.2160120000e+00
    200000   -82.00000000   1.2082490000e+00
    200000   -80.00000000   1.1976120000e+00
    200000   -78.00000000   1.1841630000e+00
    200000   -76.00000000   1.1679770000e+00
    200000   -74.00000000   1.1491420000e+00
    200000   -72.00000000   1.1277580000e+00
    200000   -70.00000000   1.1039390000e+00
    200000   -68.00000000   1.0778100000e+00
    200000   -66.00000000   1.0495060000e+00
    200000   -64.00000000   1.0191740000e+00
    200000   -62.00000000   9.8697100000e-01
    200000   -60.00000000   9.5306200000e-01
    200000   -58.00000000   9.1762000000e-01
    200000   -56.00000000   8.8082600000e-01
    200000   -54.00000000   8.4286700000e-01
    200000   -52.00000000   8.0393600000e-01
    200000   -50.00000000   7.6422900000e-01
    200000   -48.00000000   7.2394800000e-01
    200000   -46.00000000   6.8329600000e-01
    200000   -44.00000000   6.4247800000e-01
    200000   -42.00000000   6.0169900000e-01
    200000   -40.00000000   5.6116400000e-01
    200000   -38.00000000   5.2107800000e-01
    200000   -36.00000000   4.8164100000e-01
    200000   -34.00000000   4.4305100000e-01
    200000   -32.00000000   4.0550100000e-01
    200000   -30.00000000   3.6918000000e-01
    200000   -28.00000000   3.3426900000e-01
    200000   -26.00000000   3.0094300000e-01
    200000   -24.00000000   2.6936800000e-01
    200000   -22.00000000   2.3970300000e-01
    200000   -20.00000000   2.1209500000e-01
    200000   -18.00000000   1.8668300000e-01
    200000   -16.00000000   1.6359300000e-01
    200000   -14.00000000   1.4294000000e-01
    200000   -12.00000000   1.2482800000e-01
    200000   -10.00000000   1.0934700000e-01
    200000    -8.00000000   9.7035000000e-02
    200000    -6.00000000   8.7541000000e-02
    200000    -4.00000000   6.2774000000e-02
    200000    -2.00000000   3.2010000000e-02
    200000     0.00000000   1.5220000000e-02
    200000     2.00000000   1.0240000000e-02
    200000     4.00000000   1.2240000000e-02
    200000     6.00000000   1.6796000000e-02
    200000     8.00000000   2.5538000000e-02
    200000    10.00000000   3.8606000000e-02
    200000    12.00000000   5.5480000000e-02
    200000    14.00000000   7.4149000000e-02
    200000    16.00000000   9.5442000000e-02
    200000    18.00000000   1.1925600000e-01
    200000    20.00000000   1.4547400000e-01
    200000    22.00000000   1.7396800000e-01
    200000    24.00000000   2.0460000000e-01
    200000    26.00000000   2.3722100000e-01
    200000    28.00000000   2.7167000000e-01
    200000    30.00000000   3.0778100000e-01
    200000    32.00000000   3.4537700000e-01
    200000    34.00000000   3.8427400000e-01
    200000    36.00000000   4.2428400000e-01
    200000    38.00000000   4.6521000000e-01
    200000    40.00000000   5.0685400000e-01
    200000    42.00000000   5.4901200000e-01
    200000    44.00000000   5.9147900000e-01
    200000    46.00000000   6.3404700000e-01
    200000    48.00000000   6.7650900000e-01
    200000    50.00000000   7.1865700000e-01
    200000    52.00000000   7.6028700000e-01
    200000    54.00000000   8.0119500000e-01
    200000    56.00000000   8.4118100000e-01
    200000    58.00000000   8.8005000000e-01
    200000    60.00000000   9.1761400000e-01
    200000    62.00000000   9.5368700000e-01
    200000    64.00000000   9.8809500000e-01
    200000    66.00000000   1.0206690000e+00
    200000    68.00000000   1.0512510000e+00
    200000    70.00000000   1.0796910000e+00
    200000    72.00000000   1.1058500000e+00
    200000    74.00000000   1.1296000000e+00
    200000    76.00000000   1.1508260000e+00
    200000    78.00000000   1.1694230000e+00
    200000    80.00000000   1.1853010000e+00
    200000    82.00000000   1.1983820000e+00
    200000    84.00000000   1.2086020000e+00
    200000    86.00000000   1.2159100000e+00
    200000    88.00000000   1.2202720000e+00
    200000    90.00000000   1.2216640000e+00
    250000   -90.00000000   1.2216640000e+00
    250000   -88.00000000   1.2229710000e+00
    250000   -86.00000000   1.2213050000e+00
    250000   -84.00000000   1.2166850000e+00
    250000   -82.00000000   1.2091440000e+00
    250000   -80.00000000   1.1987290000e+00
    250000   -78.00000000   1.1855010000e+00
    250000   -76.00000000   1.1695340000e+00
    250000   -74.00000000   1.1509150000e+00
    250000   -72.00000000   1.1297460000e+00
    250000   -70.00000000   1.1061400000e+00
    250000   -68.00000000   1.0802200000e+00
    250000   -66.00000000   1.0521230000e+00
    250000   -64.00000000   1.0219950000e+00
    250000   -62.00000000   9.8999200000e-01
    250000   -60.00000000   9.5627900000e-01
    250000   -58.00000000   9.2103000000e-01
    250000   -56.00000000   8.8442400000e-01
    250000   -54.00000000   8.4664900000e-01
    250000   -52.00000000   8.0789700000e-01
    250000   -50.00000000   7.6836500000e-01
    250000   -48.00000000   7.2825400000e-01
    250000   -46.00000000   6.8776600000e-01
    250000   -44.00000000   6.4710700000e-01
    250000   -42.00000000   6.0648100000e-01
    250000   -40.00000000   5.6609400000e-01
    250000   -38.00000000   5.2614900000e-01
    250000   -36.00000000   4.8684700000e-01
    250000   -34.00000000   4.4838500000e-01
    250000   -32.00000000   4.1095800000e-01
    250000   -30.00000000   3.7475200000e-01
    250000   -28.00000000   3.3995000000e-01
    250000   -26.00000000   3.0672600000e-01
    250000   -24.00000000   2.7524600000e-01
    250000   -22.00000000   2.4566900000e-01
    250000   -20.00000000   2.1814200000e-01
    250000   -18.00000000   1.9280200000e-01
    250000   -16.00000000   1.6977800000e-01
    250000   -14.00000000   1.4918400000e-01
    250000   -12.00000000   1.3112200000e-01
    250000   -10.00000000   1.1568400000e-01
    250000    -8.00000000   1.0474900000e-01
    250000    -6.00000000   9.0363000000e-02
    250000    -4.00000000   5.2387000000e-02
    250000    -2.00000000   2.3960000000e-02
    250000     0.00000000   1.2610000000e-02
    250000     2.00000000   8.9900000000e-03
    250000     4.00000000   1.1700000000e-02
    250000     6.00000000   1.6537000000e-02
    250000     8.00000000   2.4316000000e-02
    250000    10.00000000   3.5790000000e-02
    250000    12.00000000   5.3343000000e-02
    250000    14.00000000   7.2029000000e-02
    250000    16.00000000   9.3342000000e-02
    250000    18.00000000   1.1717700000e-01
    250000    20.00000000   1.4342000000e-01
    250000    22.00000000   1.7194200000e-01
    250000    24.00000000   2.0260400000e-01
    250000    26.00000000   2.3525700000e-01
    250000    28.00000000   2.6974100000e-01
    250000    30.00000000   3.0588900000e-01
    250000    32.00000000   3.4352400000e-01
    250000    34.00000000   3.8246300000e-01
    250000    36.00000000   4.2251600000e-01
    250000    38.00000000   4.6348800000e-01
    250000    40.00000000   5.0518000000e-01
    250000    42.00000000   5.4738800000e-01
    250000    44.00000000   5.8990700000e-01
    250000    46.00000000   6.3252900000e-01
    250000    48.00000000   6.7504700000e-01
    250000    50.00000000   7.1725300000e-01
    250000    52.00000000   7.5894200000e-01
    250000    54.00000000   7.9991000000e-01
    250000    56.00000000   8.3995900000e-01
    250000    58.00000000   8.7889200000e-01
    250000    60.00000000   9.1652100000e-01
    250000    62.00000000   9.5266100000e-01
    250000    64.00000000   9.8713700000e-01
    250000    66.00000000   1.0197810000e+00
    250000    68.00000000   1.0504320000e+00
    250000    70.00000000   1.0789430000e+00
    250000    72.00000000   1.1051740000e+00
    250000    74.00000000   1.1289980000e+00
    250000    76.00000000   1.1502970000e+00
    250000    78.00000000   1.1689690000e+00
    250000    80.00000000   1.1849210000e+00
    250000    82.00000000   1.1980780000e+00
    250000    84.00000000   1.2083730000e+00
    250000    86.00000000   1.2157580000e+00
    250000    88.00000000   1.2201950000e+00
    250000    90.00000000   1.2216640000e+00
     50000   -90.00000000   1.2216640000e+00
     50000   -88.00000000   1.2230040000e+00
     50000   -86.00000000   1.2213720000e+00
     50000   -84.00000000   1.2167850000e+00
     50000   -82.00000000   1.2092780000e+00
     50000   -80.00000000   1.1988960000e+00
     50000   -78.00000000   1.1857010000e+00
     50000   -76.00000000   1.1697660000e+00
     50000   -74.00000000   1.1511800000e+00
     50000   -72.00000000   1.1300430000e+00
     50000   -70.00000000   1.1064680000e+00
     50000   -68.00000000   1.0805800000e+00
     50000   -66.00000000   1.0525140000e+00
     50000   -64.00000000   1.0224160000e+00
     50000   -62.00000000   9.9044300000e-01
     50000   -60.00000000   9.5676000000e-01
     50000   -58.00000000   9.2153900000e-01
     50000   -56.00000000   8.8496100000e-01
     50000   -54.00000000   8.4721400000e-01
     50000   -52.00000000   8.0848800000e-01
     50000   -50.00000000   7.6898300000e-01
     50000   -48.00000000   7.2889600000e-01
     50000   -46.00000000   6.8843300000e-01
     50000   -44.00000000   6.4779700000e-01
     50000   -42.00000000   6.0719400000e-01
     50000   -40.00000000   5.6682900000e-01
     50000   -38.00000000   5.2690500000e-01
     50000   -36.00000000   4.8762300000e-01
     50000   -34.00000000   4.4918100000e-01
     50000   -32.00000000   4.1177200000e-01
     50000   -30.00000000   3.7558400000e-01
     50000   -28.00000000   3.4079800000e-01
     50000   -26.00000000   3.0758900000e-01
     50000   -24.00000000   2.7612400000e-01
     50000   -22.00000000   2.4655900000e-01
     50000   -20.00000000   2.1904400000e-01
     50000   -18.00000000   1.9371600000e-01
     50000   -16.00000000   1.7070100000e-01
     50000   -14.00000000   1.5011500000e-01
     50000   -12.00000000   1.3206100000e-01
     50000   -10.00000000   1.1663000000e-01
     50000    -8.00000000   1.0389700000e-01
     50000    -6.00000000   9.4680000000e-02
     50000    -4.00000000   8.6770000000e-02
     50000    -2.00000000   6.2618000000e-02
     50000     0.00000000   3.3410000000e-02
     50000     2.00000000   3.6670000000e-02
     50000     4.00000000   3.6980000000e-02
     50000     6.00000000   2.8490000000e-02
     50000     8.00000000   3.3930000000e-02
     50000    10.00000000   5.5078000000e-02
     50000    12.00000000   7.4070000000e-02
     50000    14.00000000   9.2817000000e-02
     50000    16.00000000   1.1060600000e-01
     50000    18.00000000   1.3425800000e-01
     50000    20.00000000   1.6029700000e-01
     50000    22.00000000   1.8859400000e-01
     50000    24.00000000   2.1901100000e-01
     50000    26.00000000   2.5139900000e-01
     50000    28.00000000   2.8559800000e-01
     50000    30.00000000   3.2144200000e-01
     50000    32.00000000   3.5875400000e-01
     50000    34.00000000   3.9735200000e-01
     50000    36.00000000   4.3704600000e-01
     50000    38.00000000   4.7764100000e-01
     50000    40.00000000   5.1893800000e-01
     50000    42.00000000   5.6073500000e-01
     50000    44.00000000   6.0282600000e-01
     50000    46.00000000   6.4500500000e-01
     50000    48.00000000   6.8706400000e-01
     50000    50.00000000   7.2879700000e-01
     50000    52.00000000   7.6999900000e-01
     50000    54.00000000   8.1046700000e-01
     50000    56.00000000   8.5000200000e-01
     50000    58.00000000   8.8841000000e-01
     50000    60.00000000   9.2550100000e-01
     50000    62.00000000   9.6109300000e-01
     50000    64.00000000   9.9501000000e-01
     50000    66.00000000   1.0270850000e+00
     50000    68.00000000   1.0571600000e+00
     50000    70.00000000   1.0850860000e+00
     50000    72.00000000   1.1107240000e+00
     50000    74.00000000   1.1339480000e+00
     50000    76.00000000   1.1546420000e+00
     50000    78.00000000   1.1727030000e+00
     50000    80.00000000   1.1880400000e+00
     50000    82.00000000   1.2005770000e+00
     50000    84.00000000   1.2102510000e+00
     50000    86.00000000   1.2170110000e+00
     50000    88.00000000   1.2208220000e+00
     50000    90.00000000   1.2216640000e+00
    100000   -90.00000000   1.2216640000e+00
    100000   -88.00000000   1.2227310000e+00
    100000   -86.00000000   1.2208250000e+00
    100000   -84.00000000   1.2159670000e+00
    100000   -82.00000000   1.2081880000e+00
    100000   -80.00000000   1.1975370000e+00
    100000   -78.00000000   1.1840730000e+00
    100000   -76.00000000   1.1678720000e+00
    100000   -74.00000000   1.1490220000e+00
    100000   -72.00000000   1.1276240000e+00
    100000   -70.00000000   1.1037900000e+00
    100000   -68.00000000   1.0776470000e+00
    100000   -66.00000000   1.0493290000e+00
    100000   -64.00000000   1.0189840000e+00
    100000   -62.00000000   9.8676800000e-01
    100000   -60.00000000   9.5284500000e-01
    100000   -58.00000000   9.1739000000e-01
    100000   -56.00000000   8.8058300000e-01
    100000   -54.00000000   8.4261200000e-01
    100000   -52.00000000   8.0366800000e-01
    100000   -50.00000000   7.6395000000e-01
    100000   -48.00000000   7.2365800000e-01
    100000   -46.00000000   6.8299500000e-01
    100000   -44.00000000   6.4216600000e-01
    100000   -42.00000000   6.0137600000e-01
    100000   -40.00000000   5.6083200000e-01
    100000   -38.00000000   5.2073600000e-01
    100000   -36.00000000   4.8129000000e-01
    100000   -34.00000000   4.4269100000e-01
    100000   -32.00000000   4.0513300000e-01
    100000   -30.00000000   3.6880400000e-01
    100000   -28.00000000   3.3388500000e-01
    100000   -26.00000000   3.0055200000e-01
    100000   -24.00000000   2.6897100000e-01
    100000   -22.00000000   2.3930000000e-01
    100000   -20.00000000   2.1168700000e-01
    100000   -18.00000000   1.8627000000e-01
    100000   -16.00000000   1.6317500000e-01
    100000   -14.00000000   1.4251900000e-01
    100000   -12.00000000   1.2440300000e-01
    100000   -10.00000000   1.0891900000e-01
    100000    -8.00000000   9.6144000000e-02
    100000    -6.00000000   8.7112000000e-02
    100000    -4.00000000   7.8960000000e-02
    100000    -2.00000000   5.0455000000e-02
    100000     0.00000000   2.6440000000e-02
    100000     2.00000000   2.1120000000e-02
    100000     4.00000000   1.6230000000e-02
    100000     6.00000000   1.9810000000e-02
    100000     8.00000000   2.9732000000e-02
    100000    10.00000000   5.2236000000e-02
    100000    12.00000000   6.3636000000e-02
    100000    14.00000000   8.1338000000e-02
    100000    16.00000000   1.0256400000e-01
    100000    18.00000000   1.2630200000e-01
    100000    20.00000000   1.5243600000e-01
    100000    22.00000000   1.8083800000e-01
    100000    24.00000000   2.1136900000e-01
    100000    26.00000000   2.4388000000e-01
    100000    28.00000000   2.7821200000e-01
    100000    30.00000000   3.1419800000e-01
    100000    32.00000000   3.5166000000e-01
    100000    34.00000000   3.9041700000e-01
    100000    36.00000000   4.3027800000e-01
    100000    38.00000000   4.7104900000e-01
    100000    40.00000000   5.1253000000e-01
    100000    42.00000000   5.5451800000e-01
    100000    44.00000000   5.9680900000e-01
    100000    46.00000000   6.3919400000e-01
    100000    48.00000000   6.8146700000e-01
    100000    50.00000000   7.2342000000e-01
    100000    52.00000000   7.6484900000e-01
    100000    54.00000000   8.0555000000e-01
    100000    56.00000000   8.4532400000e-01
    100000    58.00000000   8.8397700000e-01
    100000    60.00000000   9.2131800000e-01
    100000    62.00000000   9.5716600000e-01
    100000    64.00000000   9.9134300000e-01
    100000    66.00000000   1.0236830000e+00
    100000    68.00000000   1.0540270000e+00
    100000    70.00000000   1.0822250000e+00
    100000    72.00000000   1.1081390000e+00
    100000    74.00000000   1.1316420000e+00
    100000    76.00000000   1.1526180000e+00
    100000    78.00000000   1.1709630000e+00
    100000    80.00000000   1.1865870000e+00
    100000    82.00000000   1.1994130000e+00
    100000    84.00000000   1.2093760000e+00
    100000    86.00000000   1.2164270000e+00
    100000    88.00000000   1.2205300000e+00
    100000    90.00000000   1.2216640000e+00
    150000   -90.00000000   1.2216640000e+00
    150000   -88.00000000   1.2231380000e+00
    150000   -86.00000000   1.2216390000e+00
    150000   -84.00000000   1.2171860000e+00
    150000   -82.00000000   1.2098110000e+00
    150000   -80.00000000   1.1995620000e+00
    150000   -78.00000000   1.1864970000e+00
    150000   -76.00000000   1.1706930000e+00
    150000   -74.00000000   1.1522360000e+00
    150000   -72.00000000   1.1312270000e+00
    150000   -70.00000000   1.1077790000e+00
    150000   -68.00000000   1.0820150000e+00
    150000   -66.00000000   1.0540720000e+00
    150000   -64.00000000   1.0240960000e+00
    150000   -62.00000000   9.9224200000e-01
    150000   -60.00000000   9.5867600000e-01
    150000   -58.00000000   9.2357000000e-01
    150000   -56.00000000   8.8710400000e-01
    150000   -54.00000000   8.4946600000e-01
    150000   -52.00000000   8.1084800000e-01
    150000   -50.00000000   7.7144600000e-01
    150000   -48.00000000   7.3146100000e-01
    150000   -46.00000000   6.9109500000e-01
    150000   -44.00000000   6.5055400000e-01
    150000   -42.00000000   6.1004300000e-01
    150000   -40.00000000   5.6976500000e-01
    150000   -38.00000000   5.2992500000e-01
    150000   -36.00000000   4.9072400000e-01
    150000   -34.00000000   4.5235900000e-01
    150000   -32.00000000   4.1502200000e-01
    150000   -30.00000000   3.7890300000e-01
    150000   -28.00000000   3.4418200000e-01
    150000   -26.00000000   3.1103400000e-01
    150000   -24.00000000   2.7962500000e-01
    150000   -22.00000000   2.5011300000e-01
    150000   -20.00000000   2.2264500000e-01
    150000   -18.00000000   1.9736100000e-01
    150000   -16.00000000   1.7438500000e-01
    150000   -14.00000000   1.5383400000e-01
    150000   -12.00000000   1.3581000000e-01
    150000   -10.00000000   1.2040400000e-01
    150000    -8.00000000   1.0752000000e-01
    150000    -6.00000000   9.6623000000e-02
    150000    -4.00000000   7.4379000000e-02
    150000    -2.00000000   3.5210000000e-02
    150000     0.00000000   1.9850000000e-02
    150000     2.00000000   1.3420000000e-02
    150000     4.00000000   1.3240000000e-02
    150000     6.00000000   1.7870000000e-02
    150000     8.00000000   2.7819000000e-02
    150000    10.00000000   4.1185000000e-02
    150000    12.00000000   5.8070000000e-02
    150000    14.00000000   7.7098000000e-02
    150000    16.00000000   9.8364000000e-02
    150000    18.00000000   1.2214600000e-01
    150000    20.00000000   1.4833000000e-01
    150000    22.00000000   1.7678600000e-01
    150000    24.00000000   2.0737700000e-01
    150000    26.00000000   2.3995200000e-01
    150000    28.00000000   2.7435400000e-01
    150000    30.00000000   3.1041300000e-01
    150000    32.00000000   3.4795400000e-01
    150000    34.00000000   3.8679400000e-01
    150000    36.00000000   4.2674300000e-01
    150000    38.00000000   4.6760500000e-01
    150000    40.00000000   5.0918200000e-01
    150000    42.00000000   5.5127100000e-01
    150000    44.00000000   5.9366500000e-01
    150000    46.00000000   6.3615800000e-01
    150000    48.00000000   6.7854200000e-01
    150000    50.00000000   7.2061100000e-01
    150000    52.00000000   7.6215800000e-01
    150000    54.00000000   8.0298100000e-01
    150000    56.00000000   8.4288100000e-01
    150000    58.00000000   8.8166100000e-01
    150000    60.00000000   9.1913300000e-01
    150000    62.00000000   9.5511400000e-01
    150000    64.00000000   9.8942700000e-01
    150000    66.00000000   1.0219060000e+00
    150000    68.00000000   1.0523900000e+00
    150000    70.00000000   1.0807300000e+00
    150000    72.00000000   1.1067890000e+00
    150000    74.00000000   1.1304380000e+00
    150000    76.00000000   1.1515610000e+00
    150000    78.00000000   1.1700550000e+00
    150000    80.00000000   1.1858290000e+00
    150000    82.00000000   1.1988050000e+00
    150000    84.00000000   1.2089190000e+00
    150000    86.00000000   1.2161220000e+00
    150000    88.00000000   1.2203780000e+00
    150000    90.00000000   1.2216640000e+00
    200000   -90.00000000   1.2216640000e+00
    200000   -88.00000000   1.2224800000e+00
    200000   -86.00000000   1.2203240000e+00
    200000   -84.00000000   1.2152160000e+00
    200000   -82.00000000   1.2071880000e+00
    200000   -80.00000000   1.1962890000e+00
    200000   -78.00000000   1.1825790000e+00
    200000   -76.00000000   1.1661340000e+00
    200000   -74.00000000   1.1470420000e+00
    200000   -72.00000000   1.1254040000e+00
    200000   -70.00000000   1.1013330000e+00
    200000   -68.00000000   1.0749560000e+00
    200000   -66.00000000   1.0464070000e+00
    200000   -64.00000000   1.0158350000e+00
    200000   -62.00000000   9.8339500000e-01
    200000   -60.00000000   9.4925300000e-01
    200000   -58.00000000   9.1358300000e-01
    200000   -56.00000000   8.7656600000e-01
    200000   -54.00000000   8.3838900000e-01
    200000   -52.00000000   7.9924500000e-01
    200000   -50.00000000   7.5933200000e-01
    200000   -48.00000000   7.1885000000e-01
    200000   -46.00000000   6.7800400000e-01
    200000   -44.00000000   6.3699800000e-01
    200000   -42.00000000   5.9603700000e-01
    200000   -40.00000000   5.5532800000e-01
    200000   -38.00000000   5.1507500000e-01
    200000   -36.00000000   4.7547700000e-01
    200000   -34.00000000   4.3673500000e-01
    200000   -32.00000000   3.9904000000e-01
    200000   -30.00000000   3.6258200000e-01
    200000   -28.00000000   3.2754200000e-01
    200000   -26.00000000   2.9409500000e-01
    200000   -24.00000000   2.6240800000e-01
    200000   -22.00000000   2.3263900000e-01
    200000   -20.00000000   2.0493600000e-01
    200000   -18.00000000   1.7943700000e-01
    200000   -16.00000000   1.5627000000e-01
    200000   -14.00000000   1.3554800000e-01
    200000   -12.00000000   1.1737600000e-01
    200000   -10.00000000   1.0184400000e-01
    200000    -8.00000000   8.9030000000e-02
    200000    -6.00000000   8.1412000000e-02
    200000    -4.00000000   5.9370000000e-02
    200000    -2.00000000   3.4964000000e-02
    200000     0.00000000   1.5610000000e-02
    200000     2.00000000   1.0300000000e-02
    200000     4.00000000   1.2200000000e-02
    200000     6.00000000   1.6976000000e-02
    200000     8.00000000   2.6181000000e-02
    200000    10.00000000   3.7927000000e-02
    200000    12.00000000   5.5192000000e-02
    200000    14.00000000   7.3863000000e-02
    200000    16.00000000   9.5159000000e-02
    200000    18.00000000   1.1897600000e-01
    200000    20.00000000   1.4519700000e-01
    200000    22.00000000   1.7369500000e-01
    200000    24.00000000   2.0433100000e-01
    200000    26.00000000   2.3695600000e-01
    200000    28.00000000   2.7141000000e-01
    200000    30.00000000   3.0752600000e-01
    200000    32.00000000   3.4512700000e-01
    200000    34.00000000   3.8403000000e-01
    200000    36.00000000   4.2404600000e-01
    200000    38.00000000   4.6497800000e-01
    200000    40.00000000   5.0662900000e-01
    200000    42.00000000   5.4879300000e-01
    200000    44.00000000   5.9126700000e-01
    200000    46.00000000   6.3384200000e-01
    200000    48.00000000   6.7631200000e-01
    200000    50.00000000   7.1846800000e-01
    200000    52.00000000   7.6010600000e-01
    200000    54.00000000   8.0102200000e-01
    200000    56.00000000   8.4101600000e-01
    200000    58.00000000   8.7989400000e-01
    200000    60.00000000   9.1746600000e-01
    200000    62.00000000   9.5354900000e-01
    200000    64.00000000   9.8796600000e-01
    200000    66.00000000   1.0205500000e+00
    200000    68.00000000   1.0511410000e+00
    200000    70.00000000   1.0795900000e+00
    200000    72.00000000   1.1057590000e+00
    200000    74.00000000   1.1295190000e+00
    200000    76.00000000   1.1507540000e+00
    200000    78.00000000   1.1693620000e+00
    200000    80.00000000   1.1852500000e+00
    200000    82.00000000   1.1983410000e+00
    200000    84.00000000   1.2085710000e+00
    200000    86.00000000   1.2158900000e+00
    200000    88.00000000   1.2202610000e+00
    200000    90.00000000   1.2216640000e+00
    250000   -90.00000000   1.2216640000e+00
    250000   -88.00000000   1.2229820000e+00
    250000   -86.00000000   1.2213270000e+00
    250000   -84.00000000   1.2167180000e+00
    250000   -82.00000000   1.2091890000e+00
    250000   -80.00000000   1.1987850000e+00
    250000   -78.00000000   1.1855670000e+00
    250000   -76.00000000   1.1696110000e+00
    250000   -74.00000000   1.1510030000e+00
    250000   -72.00000000   1.1298450000e+00
    250000   -70.00000000   1.1062490000e+00
    250000   -68.00000000   1.0803390000e+00
    250000   -66.00000000   1.0522530000e+00
    250000   -64.00000000   1.0221350000e+00
    250000   -62.00000000   9.9014200000e-01
    250000   -60.00000000   9.5643900000e-01
    250000   -58.00000000   9.2119900000e-01
    250000   -56.00000000   8.8460200000e-01
    250000   -54.00000000   8.4683700000e-01
    250000   -52.00000000   8.0809300000e-01
    250000   -50.00000000   7.6857000000e-01
    250000   -48.00000000   7.2846700000e-01
    250000   -46.00000000   6.8798700000e-01
    250000   -44.00000000   6.4733600000e-01
    250000   -42.00000000   6.0671800000e-01
    250000   -40.00000000   5.6633800000e-01
    250000   -38.00000000   5.2640000000e-01
    250000   -36.00000000   4.8710400000e-01
    250000   -34.00000000   4.4864900000e-01
    250000   -32.00000000   4.1122800000e-01
    250000   -30.00000000   3.7502800000e-01
    250000   -28.00000000   3.4023100000e-01
    250000   -26.00000000   3.0701200000e-01
    250000   -24.00000000   2.7553700000e-01
    250000   -22.00000000   2.4596400000e-01
    250000   -20.00000000   2.1844100000e-01
    250000   -18.00000000   1.9310600000e-01
    250000   -16.00000000   1.7008400000e-01
    250000   -14.00000000   1.4949300000e-01
    250000   -12.00000000   1.3143400000e-01
    250000   -10.00000000   1.1599800000e-01
    250000    -8.00000000   1.0416500000e-01
    250000    -6.00000000   8.9129000000e-02
    250000    -4.00000000   5.5029000000e-02
    250000    -2.00000000   2.4844000000e-02
    250000     0.00000000   1.3060000000e-02
    250000     2.00000000   8.9500000000e-03
    250000     4.00000000   1.1710000000e-02
    250000     6.00000000   1.7049000000e-02
    250000     8.00000000   2.3527000000e-02
    250000    10.00000000   3.5414000000e-02
    250000    12.00000000   5.2696000000e-02
    250000    14.00000000   7.1387000000e-02
    250000    16.00000000   9.2706000000e-02
    250000    18.00000000   1.1654900000e-01
    250000    20.00000000   1.4279900000e-01
    250000    22.00000000   1.7132900000e-01
    250000    24.00000000   2.0200000000e-01
    250000    26.00000000   2.3466300000e-01
    250000    28.00000000   2.6915700000e-01
    250000    30.00000000   3.0531600000e-01
    250000    32.00000000   3.4296300000e-01
    250000    34.00000000   3.8191500000e-01
    250000    36.00000000   4.2198100000e-01
    250000    38.00000000   4.6296800000e-01
    250000    40.00000000   5.0467400000e-01
    250000    42.00000000   5.4689700000e-01
    250000    44.00000000   5.8943100000e-01
    250000    46.00000000   6.3207000000e-01
    250000    48.00000000   6.7460400000e-01
    250000    50.00000000   7.1682800000e-01
    250000    52.00000000   7.5853500000e-01
    250000    54.00000000   7.9952200000e-01
    250000    56.00000000   8.3958900000e-01
    250000    58.00000000   8.7854200000e-01
    250000    60.00000000   9.1619100000e-01
    250000    62.00000000   9.5235100000e-01
    250000    64.00000000   9.8684700000e-01
    250000    66.00000000   1.0195120000e+00
    250000    68.00000000   1.0501850000e+00
    250000    70.00000000   1.0787170000e+00
    250000    72.00000000   1.1049700000e+00
    250000    74.00000000   1.1288150000e+00
    250000    76.00000000   1.1501370000e+00
    250000    78.00000000   1.1688310000e+00
    250000    80.00000000   1.1848070000e+00
    250000    82.00000000   1.1979860000e+00
    250000    84.00000000   1.2083040000e+00
    250000    86.00000000   1.2157120000e+00
    250000    88.00000000   1.2201720000e+00
    250000    90.00000000   1.2216640000e+00
     50000   -90.00000000   1.2216640000e+00
     50000   -88.00000000   1.2229940000e+00
     50000   -86.00000000   1.2213510000e+00
     50000   -84.00000000   1.2167540000e+00
     50000   -82.00000000   1.2092360000e+00
     50000   -80.00000000   1.1988440000e+00
     50000   -78.00000000   1.1856380000e+00
     50000   -76.00000000   1.1696930000e+00
     50000   -74.00000000   1.1510970000e+00
     50000   -72.00000000   1.1299500000e+00
     50000   -70.00000000   1.1063650000e+00
     50000   -68.00000000   1.0804670000e+00
     50000   -66.00000000   1.0523910000e+00
     50000   -64.00000000   1.0222840000e+00
     50000   -62.00000000   9.9030200000e-01
     50000   -60.00000000   9.5660900000e-01
     50000   -58.00000000   9.2138000000e-01
     50000   -56.00000000   8.8479300000e-01
     50000   -54.00000000   8.4703700000e-01
     50000   -52.00000000   8.0830300000e-01
     50000   -50.00000000   7.6878900000e-01
     50000   -48.00000000   7.2869500000e-01
     50000   -46.00000000   6.8822400000e-01
     50000   -44.00000000   6.4758100000e-01
     50000   -42.00000000   6.0697100000e-01
     50000   -40.00000000   5.6659900000e-01
     50000   -38.00000000   5.2666800000e-01
     50000   -36.00000000   4.8738000000e-01
     50000   -34.00000000   4.4893200000e-01
     50000   -32.00000000   4.1151700000e-01
     50000   -30.00000000   3.7532300000e-01
     50000   -28.00000000   3.4053200000e-01
     50000   -26.00000000   3.0731900000e-01
     50000   -24.00000000   2.7584900000e-01
     50000   -22.00000000   2.4628000000e-01
     50000   -20.00000000   2.1876200000e-01
     50000   -18.00000000   1.9343000000e-01
     50000   -16.00000000   1.7041200000e-01
     50000   -14.00000000   1.4982400000e-01
     50000   -12.00000000   1.3176700000e-01
     50000   -10.00000000   1.1633300000e-01
     50000    -8.00000000   1.0359900000e-01
     50000    -6.00000000   9.4321000000e-02
     50000    -4.00000000   8.6470000000e-02
     50000    -2.00000000   5.9051000000e-02
     50000     0.00000000   3.4420000000e-02
     50000     2.00000000   3.6240000000e-02
     50000     4.00000000   3.7070000000e-02
     50000     6.00000000   2.8030000000e-02
     50000     8.00000000   3.4520000000e-02
     50000    10.00000000   5.8353000000e-02
     50000    12.00000000   9.1074000000e-02
     50000    14.00000000   9.5587000000e-02
     50000    16.00000000   1.1624400000e-01
     50000    18.00000000   1.3983700000e-01
     50000    20.00000000   1.6580900000e-01
     50000    22.00000000   1.9403300000e-01
     50000    24.00000000   2.2437000000e-01
     50000    26.00000000   2.5667100000e-01
     50000    28.00000000   2.9077800000e-01
     50000    30.00000000   3.2652200000e-01
     50000    32.00000000   3.6372900000e-01
     50000    34.00000000   4.0221500000e-01
     50000    36.00000000   4.4179200000e-01
     50000    38.00000000   4.8226300000e-01
     50000    40.00000000   5.2343200000e-01
     50000    42.00000000   5.6509400000e-01
     50000    44.00000000   6.0704600000e-01
     50000    46.00000000   6.4908000000e-01
     50000    48.00000000   6.9098900000e-01
     50000    50.00000000   7.3256800000e-01
     50000    52.00000000   7.7361000000e-01
     50000    54.00000000   8.1391500000e-01
     50000    56.00000000   8.5328200000e-01
     50000    58.00000000   8.9151800000e-01
     50000    60.00000000   9.2843400000e-01
     50000    62.00000000   9.6384700000e-01
     50000    64.00000000   9.9758200000e-01
     50000    66.00000000   1.0294710000e+00
     50000    68.00000000   1.0593580000e+00
     50000    70.00000000   1.0870920000e+00
     50000    72.00000000   1.1125370000e+00
     50000    74.00000000   1.1355650000e+00
     50000    76.00000000   1.1560610000e+00
     50000    78.00000000   1.1739220000e+00
     50000    80.00000000   1.1890590000e+00
     50000    82.00000000   1.2013940000e+00
     50000    84.00000000   1.2108640000e+00
     50000    86.00000000   1.2174200000e+00
     50000    88.00000000   1.2210270000e+00
     50000    90.00000000   1.2216640000e+00
    100000   -90.00000000   1.2216640000e+00
    100000   -88.00000000   1.2229670000e+00
    100000   -86.00000000   1.2212980000e+00
    100000   -84.00000000   1.2166760000e+00
    100000   -82.00000000   1.2091320000e+00
    100000   -80.00000000   1.1987140000e+00
    100000   -78.00000000   1.1854830000e+00
    100000   -76.00000000   1.1695130000e+00
    100000   -74.00000000   1.1508910000e+00
    100000   -72.00000000   1.1297190000e+00
    100000   -70.00000000   1.1061100000e+00
    100000   -68.00000000   1.0801870000e+00
    100000   -66.00000000   1.0520870000e+00
    100000   -64.00000000   1.0219560000e+00
    100000   -62.00000000   9.8995100000e-01
    100000   -60.00000000   9.5623500000e-01
    100000   -58.00000000   9.2098300000e-01
    100000   -56.00000000   8.8437500000e-01
    100000   -54.00000000   8.4659700000e-01
    100000   -52.00000000   8.0784300000e-01
    100000   -50.00000000   7.6830900000e-01
    100000   -48.00000000   7.2819500000e-01
    100000   -46.00000000   6.8770500000e-01
    100000   -44.00000000   6.4704300000e-01
    100000   -42.00000000   6.0641500000e-01
    100000   -40.00000000   5.6602600000e-01
    100000   -38.00000000   5.2607900000e-01
    100000   -36.00000000   4.8677500000e-01
    100000   -34.00000000   4.4831200000e-01
    100000   -32.00000000   4.1088300000e-01
    100000   -30.00000000   3.7467600000e-01
    100000   -28.00000000   3.3987200000e-01
    100000   -26.00000000   3.0664700000e-01
    100000   -24.00000000   2.7516600000e-01
    100000   -22.00000000   2.4558700000e-01
    100000   -20.00000000   2.1805900000e-01
    100000   -18.00000000   1.9271900000e-01
    100000   -16.00000000   1.6969300000e-01
    100000   -14.00000000   1.4909800000e-01
    100000   -12.00000000   1.3103600000e-01
    100000   -10.00000000   1.1559700000e-01
    100000    -8.00000000   1.0285900000e-01
    100000    -6.00000000   9.4103000000e-02
    100000    -4.00000000   7.8817000000e-02
    100000    -2.00000000   4.8514000000e-02
    100000     0.00000000   2.6600000000e-02
    100000     2.00000000   2.1420000000e-02
    100000     4.00000000   1.6220000000e-02
    100000     6.00000000   1.9790000000e-02
    100000     8.00000000   3.1023000000e-02
    100000    10.00000000   6.0139000000e-02
    100000    12.00000000   7.8026000000e-02
    100000    14.00000000   9.8389000000e-02
    100000    16.00000000   1.1945600000e-01
    100000    18.00000000   1.4301500000e-01
    100000    20.00000000   1.6894900000e-01
    100000    22.00000000   1.9713100000e-01
    100000    24.00000000   2.2742300000e-01
    100000    26.00000000   2.5967400000e-01
    100000    28.00000000   2.9372800000e-01
    100000    30.00000000   3.2941600000e-01
    100000    32.00000000   3.6656300000e-01
    100000    34.00000000   4.0498500000e-01
    100000    36.00000000   4.4449500000e-01
    100000    38.00000000   4.8489700000e-01
    100000    40.00000000   5.2599200000e-01
    100000    42.00000000   5.6757700000e-01
    100000    44.00000000   6.0944900000e-01
    100000    46.00000000   6.5140100000e-01
    100000    48.00000000   6.9322500000e-01
    100000    50.00000000   7.3471600000e-01
    100000    52.00000000   7.7566800000e-01
    100000    54.00000000   8.1587900000e-01
    100000    56.00000000   8.5515100000e-01
    100000    58.00000000   8.9328900000e-01
    100000    60.00000000   9.3010500000e-01
    100000    62.00000000   9.6541600000e-01
    100000    64.00000000   9.9904700000e-01
    100000    66.00000000   1.0308300000e+00
    100000    68.00000000   1.0606090000e+00
    100000    70.00000000   1.0882350000e+00
    100000    72.00000000   1.1135700000e+00
    100000    74.00000000   1.1364860000e+00
    100000    76.00000000   1.1568690000e+00
    100000    78.00000000   1.1746170000e+00
    100000    80.00000000   1.1896390000e+00
    100000    82.00000000   1.2018590000e+00
    100000    84.00000000   1.2112130000e+00
    100000    86.00000000   1.2176530000e+00
    100000    88.00000000   1.2211440000e+00
    100000    90.00000000   1.2216640000e+00
    150000   -90.00000000   1.2216640000e+00
    150000   -88.00000000   1.2231490000e+00
    150000   -86.00000000   1.2216610000e+00
    150000   -84.00000000   1.2172200000e+00
    150000   -82.00000000   1.2098560000e+00
    150000   -80.00000000   1.1996180000e+00
    150000   -78.00000000   1.1865650000e+00
    150000   -76.00000000   1.1707710000e+00
    150000   -74.00000000   1.1523260000e+00
    150000   -72.00000000   1.1313270000e+00
    150000   -70.00000000   1.1078890000e+00
    150000   -68.00000000   1.0821360000e+00
    150000   -66.00000000   1.0542040000e+00
    150000   -64.00000000   1.0242380000e+00
    150000   -62.00000000   9.9239400000e-01
    150000   -60.00000000   9.5883700000e-01
    150000   -58.00000000   9.2374100000e-01
    150000   -56.00000000   8.8728500000e-01
    150000   -54.00000000   8.4965600000e-01
    150000   -52.00000000   8.1104700000e-01
    150000   -50.00000000   7.7165400000e-01
    150000   -48.00000000   7.3167700000e-01
    150000   -46.00000000   6.9132000000e-01
    150000   -44.00000000   6.5078700000e-01
    150000   -42.00000000   6.1028300000e-01
    150000   -40.00000000   5.7001300000e-01
    150000   -38.00000000   5.3018000000e-01
    150000   -36.00000000   4.9098500000e-01
    150000   -34.00000000   4.5262700000e-01
    150000   -32.00000000   4.1529600000e-01
    150000   -30.00000000   3.7918300000e-01
    150000   -28.00000000   3.4446700000e-01
    150000   -26.00000000   3.1132400000e-01
    150000   -24.00000000   2.7992000000e-01
    150000   -22.00000000   2.5041200000e-01
    150000   -20.00000000   2.2294900000e-01
    150000   -18.00000000   1.9766800000e-01
    150000   -16.00000000   1.7469600000e-01
    150000   -14.00000000   1.5414800000e-01
    150000   -12.00000000   1.3612600000e-01
    150000   -10.00000000   1.2072200000e-01
    150000    -8.00000000   1.0833600000e-01
    150000    -6.00000000   9.8060000000e-02
    150000    -4.00000000   6.5546000000e-02
    150000    -2.00000000   4.3623000000e-02
    150000     0.00000000   2.0010000000e-02
    150000     2.00000000   1.3620000000e-02
    150000     4.00000000   1.3170000000e-02
    150000     6.00000000   1.7900000000e-02
    150000     8.00000000   2.8776000000e-02
    150000    10.00000000   4.1724000000e-02
    150000    12.00000000   5.9208000000e-02
    150000    14.00000000   7.7953000000e-02
    150000    16.00000000   9.9210000000e-02
    150000    18.00000000   1.2298400000e-01
    150000    20.00000000   1.4915700000e-01
    150000    22.00000000   1.7760300000e-01
    150000    24.00000000   2.0818200000e-01
    150000    26.00000000   2.4074400000e-01
    150000    28.00000000   2.7513200000e-01
    150000    30.00000000   3.1117600000e-01
    150000    32.00000000   3.4870100000e-01
    150000    34.00000000   3.8752400000e-01
    150000    36.00000000   4.2745500000e-01
    150000    38.00000000   4.6829900000e-01
    150000    40.00000000   5.0985700000e-01
    150000    42.00000000   5.5192500000e-01
    150000    44.00000000   5.9429900000e-01
    150000    46.00000000   6.3677000000e-01
    150000    48.00000000   6.7913200000e-01
    150000    50.00000000   7.2117700000e-01
    150000    52.00000000   7.6270100000e-01
    150000    54.00000000   8.0349900000e-01
    150000    56.00000000   8.4337300000e-01
    150000    58.00000000   8.8212800000e-01
    150000    60.00000000   9.1957400000e-01
    150000    62.00000000   9.5552800000e-01
    150000    64.00000000   9.8981400000e-01
    150000    66.00000000   1.0222640000e+00
    150000    68.00000000   1.0527200000e+00
    150000    70.00000000   1.0810310000e+00
    150000    72.00000000   1.1070610000e+00
    150000    74.00000000   1.1306800000e+00
    150000    76.00000000   1.1517740000e+00
    150000    78.00000000   1.1702380000e+00
    150000    80.00000000   1.1859820000e+00
    150000    82.00000000   1.1989270000e+00
    150000    84.00000000   1.2090110000e+00
    150000    86.00000000   1.2161840000e+00
    150000    88.00000000   1.2204080000e+00
    150000    90.00000000   1.2216640000e+00
    200000   -90.00000000   1.2216640000e+00
    200000   -88.00000000   1.2228590000e+00
    200000   -86.00000000   1.2210820000e+00
    200000   -84.00000000   1.2163520000e+00
    200000   -82.00000000   1.2087010000e+00
    200000   -80.00000000   1.1981760000e+00
    200000   -78.00000000   1.1848380000e+00
    200000   -76.00000000   1.1687630000e+00
    200000   -74.00000000   1.1500370000e+00
    200000   -72.00000000   1.1287620000e+00
    200000   -70.00000000   1.1050500000e+00
    200000   -68.00000000   1.0790260000e+00
    200000   -66.00000000   1.0508270000e+00
    200000   -64.00000000   1.0205980000e+00
    200000   -62.00000000   9.8849600000e-01
    200000   -60.00000000   9.5468600000e-01
    200000   -58.00000000   9.1934100000e-01
    200000   -56.00000000   8.8264200000e-01
    200000   -54.00000000   8.4477600000e-01
    200000   -52.00000000   8.0593500000e-01
    200000   -50.00000000   7.6631700000e-01
    200000   -48.00000000   7.2612100000e-01
    200000   -46.00000000   6.8555200000e-01
    200000   -44.00000000   6.4481400000e-01
    200000   -42.00000000   6.0411200000e-01
    200000   -40.00000000   5.6365200000e-01
    200000   -38.00000000   5.2363700000e-01
    200000   -36.00000000   4.8426800000e-01
    200000   -34.00000000   4.4574300000e-01
    200000   -32.00000000   4.0825500000e-01
    200000   -30.00000000   3.7199200000e-01
    200000   -28.00000000   3.3713600000e-01
    200000   -26.00000000   3.0386200000e-01
    200000   -24.00000000   2.7233500000e-01
    200000   -22.00000000   2.4271400000e-01
    200000   -20.00000000   2.1514700000e-01
    200000   -18.00000000   1.8977200000e-01
    200000   -16.00000000   1.6671500000e-01
    200000   -14.00000000   1.4609100000e-01
    200000   -12.00000000   1.2800500000e-01
    200000   -10.00000000   1.1254500000e-01
    200000    -8.00000000   1.0196600000e-01
    200000    -6.00000000   8.9197000000e-02
    200000    -4.00000000   6.0712000000e-02
    200000    -2.00000000   3.3444000000e-02
    200000     0.00000000   1.5840000000e-02
    200000     2.00000000   1.0330000000e-02
    200000     4.00000000   1.2180000000e-02
    200000     6.00000000   1.5029000000e-02
    200000     8.00000000   8.5530000000e-03
    200000    10.00000000   2.1643000000e-02
    200000    12.00000000   3.3890000000e-02
    200000    14.00000000   5.2732000000e-02
    200000    16.00000000   7.4224000000e-02
    200000    18.00000000   9.8263000000e-02
    200000    20.00000000   1.2473200000e-01
    200000    22.00000000   1.5350200000e-01
    200000    24.00000000   1.8443600000e-01
    200000    26.00000000   2.1738200000e-01
    200000    28.00000000   2.5218100000e-01
    200000    30.00000000   2.8866500000e-01
    200000    32.00000000   3.2665800000e-01
    200000    34.00000000   3.6597500000e-01
    200000    36.00000000   4.0642600000e-01
    200000    38.00000000   4.4781600000e-01
    200000    40.00000000   4.8994500000e-01
    200000    42.00000000   5.3260900000e-01
    200000    44.00000000   5.7560100000e-01
    200000    46.00000000   6.1871400000e-01
    200000    48.00000000   6.6173900000e-01
    200000    50.00000000   7.0446900000e-01
    200000    52.00000000   7.4669700000e-01
    200000    54.00000000   7.8822100000e-01
    200000    56.00000000   8.2883800000e-01
    200000    58.00000000   8.6835300000e-01
    200000    60.00000000   9.0657700000e-01
    200000    62.00000000   9.4332400000e-01
    200000    64.00000000   9.7841900000e-01
    200000    66.00000000   1.0116910000e+00
    200000    68.00000000   1.0429820000e+00
    200000    70.00000000   1.0721410000e+00
    200000    72.00000000   1.0990290000e+00
    200000    74.00000000   1.1235160000e+00
    200000    76.00000000   1.1454860000e+00
    200000    78.00000000   1.1648340000e+00
    200000    80.00000000   1.1814680000e+00
    200000    82.00000000   1.1953100000e+00
    200000    84.00000000   1.2062940000e+00
    200000    86.00000000   1.2143700000e+00
    200000    88.00000000   1.2195010000e+00
    200000    90.00000000   1.2216640000e+00
    250000   -90.00000000   1.2216640000e+00
    250000   -88.00000000   1.2230890000e+00
    250000   -86.00000000   1.2215410000e+00
    250000   -84.00000000   1.2170390000e+00
    250000   -82.00000000   1.2096150000e+00
    250000   -80.00000000   1.1993170000e+00
    250000   -78.00000000   1.1862050000e+00
    250000   -76.00000000   1.1703520000e+00
    250000   -74.00000000   1.1518480000e+00
    250000   -72.00000000   1.1307920000e+00
    250000   -70.00000000   1.1072970000e+00
    250000   -68.00000000   1.0814880000e+00
    250000   -66.00000000   1.0534990000e+00
    250000   -64.00000000   1.0234790000e+00
    250000   -62.00000000   9.9158100000e-01
    250000   -60.00000000   9.5797200000e-01
    250000   -58.00000000   9.2282300000e-01
    250000   -56.00000000   8.8631700000e-01
    250000   -54.00000000   8.4863800000e-01
    250000   -52.00000000   8.0998100000e-01
    250000   -50.00000000   7.7054000000e-01
    250000   -48.00000000   7.3051800000e-01
    250000   -46.00000000   6.9011700000e-01
    250000   -44.00000000   6.4954100000e-01
    250000   -42.00000000   6.0899600000e-01
    250000   -40.00000000   5.6868600000e-01
    250000   -38.00000000   5.2881500000e-01
    250000   -36.00000000   4.8958400000e-01
    250000   -34.00000000   4.5119100000e-01
    250000   -32.00000000   4.1382800000e-01
    250000   -30.00000000   3.7768300000e-01
    250000   -28.00000000   3.4293800000e-01
    250000   -26.00000000   3.0976800000e-01
    250000   -24.00000000   2.7833800000e-01
    250000   -22.00000000   2.4880700000e-01
    250000   -20.00000000   2.2132200000e-01
    250000   -18.00000000   1.9602100000e-01
    250000   -16.00000000   1.7303100000e-01
    250000   -14.00000000   1.5246700000e-01
    250000   -12.00000000   1.3443200000e-01
    250000   -10.00000000   1.1878000000e-01
    250000    -8.00000000   1.0695900000e-01
    250000    -6.00000000   8.6233000000e-02
    250000    -4.00000000   5.0105000000e-02
    250000    -2.00000000   2.6956000000e-02
    250000     0.00000000   1.3030000000e-02
    250000     2.00000000   8.9200000000e-03
    250000     4.00000000   1.1800000000e-02
    250000     6.00000000   1.8120000000e-02
    250000     8.00000000   2.9308000000e-02
    250000    10.00000000   4.6402000000e-02
    250000    12.00000000   6.3876000000e-02
    250000    14.00000000   8.2477000000e-02
    250000    16.00000000   1.0369300000e-01
    250000    18.00000000   1.2741900000e-01
    250000    20.00000000   1.5353900000e-01
    250000    22.00000000   1.8192600000e-01
    250000    24.00000000   2.1244100000e-01
    250000    26.00000000   2.4493500000e-01
    250000    28.00000000   2.7924900000e-01
    250000    30.00000000   3.1521400000e-01
    250000    32.00000000   3.5265600000e-01
    250000    34.00000000   3.9139000000e-01
    250000    36.00000000   4.3122800000e-01
    250000    38.00000000   4.7197400000e-01
    250000    40.00000000   5.1342900000e-01
    250000    42.00000000   5.5539100000e-01
    250000    44.00000000   5.9765300000e-01
    250000    46.00000000   6.4000900000e-01
    250000    48.00000000   6.8225200000e-01
    250000    50.00000000   7.2417400000e-01
    250000    52.00000000   7.6557100000e-01
    250000    54.00000000   8.0624000000e-01
    250000    56.00000000   8.4598100000e-01
    250000    58.00000000   8.8459900000e-01
    250000    60.00000000   9.2190500000e-01
    250000    62.00000000   9.5771700000e-01
    250000    64.00000000   9.9185800000e-01
    250000    66.00000000   1.0241600000e+00
    250000    68.00000000   1.0544660000e+00
    250000    70.00000000   1.0826260000e+00
    250000    72.00000000   1.1085020000e+00
    250000    74.00000000   1.1319660000e+00
    250000    76.00000000   1.1529020000e+00
    250000    78.00000000   1.1712070000e+00
    250000    80.00000000   1.1867910000e+00
    250000    82.00000000   1.1995760000e+00
    250000    84.00000000   1.2094990000e+00
    250000    86.00000000   1.2165090000e+00
    250000    88.00000000   1.2205710000e+00
    250000    90.00000000   1.2216640000e+00
     50000   -90.00000000   1.2216640000e+00
     50000   -88.00000000   1.2229660000e+00
     50000   -86.00000000   1.2212960000e+00
     50000   -84.00000000   1.2166720000e+00
     50000   -82.00000000   1.2091270000e+00
     50000   -80.00000000   1.1987080000e+00
     50000   -78.00000000   1.1854760000e+00
     50000   -76.00000000   1.1695040000e+00
     50000   -74.00000000   1.1508820000e+00
     50000   -72.00000000   1.1297090000e+00
     50000   -70.00000000   1.1060980000e+00
     50000   -68.00000000   1.0801740000e+00
     50000   -66.00000000   1.0520730000e+00
     50000   -64.00000000   1.0219410000e+00
     50000   -62.00000000   9.8993500000e-01
     50000   -60.00000000   9.5621800000e-01
     50000   -58.00000000   9.2096500000e-01
     50000   -56.00000000   8.8435600000e-01
     50000   -54.00000000   8.4657700000e-01
     50000   -52.00000000   8.0782200000e-01
     50000   -50.00000000   7.6828700000e-01
     50000   -48.00000000   7.2817200000e-01
     50000   -46.00000000   6.8768100000e-01
     50000   -44.00000000   6.4701900000e-01
     50000   -42.00000000   6.0639000000e-01
     50000   -40.00000000   5.6600000000e-01
     50000   -38.00000000   5.2605200000e-01
     50000   -36.00000000   4.8674800000e-01
     50000   -34.00000000   4.4828400000e-01
     50000   -32.00000000   4.1085400000e-01
     50000   -30.00000000   3.7464600000e-01
     50000   -28.00000000   3.3984200000e-01
     50000   -26.00000000   3.0661600000e-01
     50000   -24.00000000   2.7513500000e-01
     50000   -22.00000000   2.4555500000e-01
     50000   -20.00000000   2.1802700000e-01
     50000   -18.00000000   1.9268600000e-01
     50000   -16.00000000   1.6966100000e-01
     50000   -14.00000000   1.4906500000e-01
     50000   -12.00000000   1.3100200000e-01
     50000   -10.00000000   1.1556300000e-01
     50000    -8.00000000   1.0282500000e-01
     50000    -6.00000000   9.3604000000e-02
     50000    -4.00000000   8.5690000000e-02
     50000    -2.00000000   5.8147000000e-02
     50000     0.00000000   3.1090000000e-02
     50000     2.00000000   3.5730000000e-02
     50000     4.00000000   3.7660000000e-02
     50000     6.00000000   2.7690000000e-02
     50000     8.00000000   3.3889000000e-02
     50000    10.00000000   5.9266000000e-02
     50000    12.00000000   8.9533000000e-02
     50000    14.00000000   9.4844000000e-02
     50000    16.00000000   1.1594400000e-01
     50000    18.00000000   1.3954000000e-01
     50000    20.00000000   1.6551600000e-01
     50000    22.00000000   1.9374300000e-01
     50000    24.00000000   2.2408500000e-01
     50000    26.00000000   2.5639000000e-01
     50000    28.00000000   2.9050200000e-01
     50000    30.00000000   3.2625200000e-01
     50000    32.00000000   3.6346400000e-01
     50000    34.00000000   4.0195600000e-01
     50000    36.00000000   4.4153900000e-01
     50000    38.00000000   4.8201700000e-01
     50000    40.00000000   5.2319300000e-01
     50000    42.00000000   5.6486200000e-01
     50000    44.00000000   6.0682100000e-01
     50000    46.00000000   6.4886300000e-01
     50000    48.00000000   6.9078000000e-01
     50000    50.00000000   7.3236700000e-01
     50000    52.00000000   7.7341800000e-01
     50000    54.00000000   8.1373100000e-01
     50000    56.00000000   8.5310800000e-01
     50000    58.00000000   8.9135300000e-01
     50000    60.00000000   9.2827800000e-01
     50000    62.00000000   9.6370000000e-01
     50000    64.00000000   9.9744500000e-01
     50000    66.00000000   1.0293440000e+00
     50000    68.00000000   1.0592410000e+00
     50000    70.00000000   1.0869850000e+00
     50000    72.00000000   1.1124400000e+00
     50000    74.00000000   1.1354790000e+00
     50000    76.00000000   1.1559850000e+00
     50000    78.00000000   1.1738570000e+00
     50000    80.00000000   1.1890040000e+00
     50000    82.00000000   1.2013500000e+00
     50000    84.00000000   1.2108310000e+00
     50000    86.00000000   1.2173980000e+00
     50000    88.00000000   1.2210160000e+00
     50000    90.00000000   1.2216640000e+00
    100000   -90.00000000   1.2216640000e+00
    100000   -88.00000000   1.2230080000e+00
    100000   -86.00000000   1.2213800000e+00
    100000   -84.00000000   1.2167990000e+00
    100000   -82.00000000   1.2092950000e+00
    100000   -80.00000000   1.1989180000e+00
    100000   -78.00000000   1.1857270000e+00
    100000   -76.00000000   1.1697970000e+00
    100000   -74.00000000   1.1512150000e+00
    100000   -72.00000000   1.1300820000e+00
    100000   -70.00000000   1.1065110000e+00
    100000   -68.00000000   1.0806270000e+00
    100000   -66.00000000   1.0525650000e+00
    100000   -64.00000000   1.0224710000e+00
    100000   -62.00000000   9.9050200000e-01
    100000   -60.00000000   9.5682300000e-01
    100000   -58.00000000   9.2160600000e-01
    100000   -56.00000000   8.8503200000e-01
    100000   -54.00000000   8.4728800000e-01
    100000   -52.00000000   8.0856600000e-01
    100000   -50.00000000   7.6906400000e-01
    100000   -48.00000000   7.2898100000e-01
    100000   -46.00000000   6.8852100000e-01
    100000   -44.00000000   6.4788800000e-01
    100000   -42.00000000   6.0728800000e-01
    100000   -40.00000000   5.6692600000e-01
    100000   -38.00000000   5.2700500000e-01
    100000   -36.00000000   4.8772500000e-01
    100000   -34.00000000   4.4928600000e-01
    100000   -32.00000000   4.1187900000e-01
    100000   -30.00000000   3.7569300000e-01
    100000   -28.00000000   3.4090900000e-01
    100000   -26.00000000   3.0770200000e-01
    100000   -24.00000000   2.7623900000e-01
    100000   -22.00000000   2.4667600000e-01
    100000   -20.00000000   2.1916300000e-01
    100000   -18.00000000   1.9383600000e-01
    100000   -16.00000000   1.7082200000e-01
    100000   -14.00000000   1.5023800000e-01
    100000   -12.00000000   1.3218500000e-01
    100000   -10.00000000   1.1675400000e-01
    100000    -8.00000000   1.0402200000e-01
    100000    -6.00000000   9.4530000000e-02
    100000    -4.00000000   7.8329000000e-02
    100000    -2.00000000   4.6110000000e-02
    100000     0.00000000   2.6850000000e-02
    100000     2.00000000   2.1420000000e-02
    100000     4.00000000   1.6180000000e-02
    100000     6.00000000   1.9830000000e-02
    100000     8.00000000   2.9196000000e-02
    100000    10.00000000   4.9199000000e-02
    100000    12.00000000   5.3995000000e-02
    100000    14.00000000   7.1077000000e-02
    100000    16.00000000   9.2399000000e-02
    100000    18.00000000   1.1624500000e-01
    100000    20.00000000   1.4249900000e-01
    100000    22.00000000   1.7103300000e-01
    100000    24.00000000   2.0170800000e-01
    100000    26.00000000   2.3437500000e-01
    100000    28.00000000   2.6887500000e-01
    100000    30.00000000   3.0503900000e-01
    100000    32.00000000   3.4269200000e-01
    100000    34.00000000   3.8165000000e-01
    100000    36.00000000   4.2172300000e-01
    100000    38.00000000   4.6271600000e-01
    100000    40.00000000   5.0442900000e-01
    100000    42.00000000   5.4666000000e-01
    100000    44.00000000   5.8920200000e-01
    100000    46.00000000   6.3184800000e-01
    100000    48.00000000   6.7439000000e-01
    100000    50.00000000   7.1662200000e-01
    100000    52.00000000   7.5833800000e-01
    100000    54.00000000   7.9933400000e-01
    100000    56.00000000   8.3941100000e-01
    100000    58.00000000   8.7837300000e-01
    100000    60.00000000   9.1603100000e-01
    100000    62.00000000   9.5220100000e-01
    100000    64.00000000   9.8670700000e-01
    100000    66.00000000   1.0193820000e+00
    100000    68.00000000   1.0500650000e+00
    100000    70.00000000   1.0786080000e+00
    100000    72.00000000   1.1048710000e+00
    100000    74.00000000   1.1287270000e+00
    100000    76.00000000   1.1500600000e+00
    100000    78.00000000   1.1687650000e+00
    100000    80.00000000   1.1847510000e+00
    100000    82.00000000   1.1979410000e+00
    100000    84.00000000   1.2082710000e+00
    100000    86.00000000   1.2156890000e+00
    100000    88.00000000   1.2201610000e+00
    100000    90.00000000   1.2216640000e+00
    150000   -90.00000000   1.2216640000e+00
    150000   -88.00000000   1.2231250000e+00
    150000   -86.00000000   1.2216130000e+00
    150000   -84.00000000   1.2171460000e+00
    150000   -82.00000000   1.2097590000e+00
    150000   -80.00000000   1.1994960000e+00
    150000   -78.00000000   1.1864190000e+00
    150000   -76.00000000   1.1706020000e+00
    150000   -74.00000000   1.1521320000e+00
    150000   -72.00000000   1.1311100000e+00
    150000   -70.00000000   1.1076490000e+00
    150000   -68.00000000   1.0818730000e+00
    150000   -66.00000000   1.0539180000e+00
    150000   -64.00000000   1.0239300000e+00
    150000   -62.00000000   9.9206400000e-01
    150000   -60.00000000   9.5848600000e-01
    150000   -58.00000000   9.2336900000e-01
    150000   -56.00000000   8.8689200000e-01
    150000   -54.00000000   8.4924400000e-01
    150000   -52.00000000   8.1061500000e-01
    150000   -50.00000000   7.7120200000e-01
    150000   -48.00000000   7.3120700000e-01
    150000   -46.00000000   6.9083200000e-01
    150000   -44.00000000   6.5028200000e-01
    150000   -42.00000000   6.0976100000e-01
    150000   -40.00000000   5.6947500000e-01
    150000   -38.00000000   5.2962700000e-01
    150000   -36.00000000   4.9041700000e-01
    150000   -34.00000000   4.5204400000e-01
    150000   -32.00000000   4.1470100000e-01
    150000   -30.00000000   3.7857500000e-01
    150000   -28.00000000   3.4384700000e-01
    150000   -26.00000000   3.1069300000e-01
    150000   -24.00000000   2.7927900000e-01
    150000   -22.00000000   2.4976100000e-01
    150000   -20.00000000   2.2228900000e-01
    150000   -18.00000000   1.9700000000e-01
    150000   -16.00000000   1.7402100000e-01
    150000   -14.00000000   1.5346600000e-01
    150000   -12.00000000   1.3543900000e-01
    150000   -10.00000000   1.2003100000e-01
    150000    -8.00000000   1.0741300000e-01
    150000    -6.00000000   9.6817000000e-02
    150000    -4.00000000   6.5133000000e-02
    150000    -2.00000000   4.7781000000e-02
    150000     0.00000000   1.6470000000e-02
    150000     2.00000000   1.3970000000e-02
    150000     4.00000000   1.3110000000e-02
    150000     6.00000000   1.8305000000e-02
    150000     8.00000000   2.9686000000e-02
    150000    10.00000000   4.2913000000e-02
    150000    12.00000000   6.0587000000e-02
    150000    14.00000000   7.9215000000e-02
    150000    16.00000000   1.0046000000e-01
    150000    18.00000000   1.2422100000e-01
    150000    20.00000000   1.5037900000e-01
    150000    22.00000000   1.7880900000e-01
    150000    24.00000000   2.0937000000e-01
    150000    26.00000000   2.4191300000e-01
    150000    28.00000000   2.7628000000e-01
    150000    30.00000000   3.1230200000e-01
    150000    32.00000000   3.4980400000e-01
    150000    34.00000000   3.8860200000e-01
    150000    36.00000000   4.2850700000e-01
    150000    38.00000000   4.6932400000e-01
    150000    40.00000000   5.1085300000e-01
    150000    42.00000000   5.5289200000e-01
    150000    44.00000000   5.9523400000e-01
    150000    46.00000000   6.3767300000e-01
    150000    48.00000000   6.8000200000e-01
    150000    50.00000000   7.2201300000e-01
    150000    52.00000000   7.6350100000e-01
    150000    54.00000000   8.0426300000e-01
    150000    56.00000000   8.4410000000e-01
    150000    58.00000000   8.8281700000e-01
    150000    60.00000000   9.2022400000e-01
    150000    62.00000000   9.5613800000e-01
    150000    64.00000000   9.9038400000e-01
    150000    66.00000000   1.0227930000e+00
    150000    68.00000000   1.0532070000e+00
    150000    70.00000000   1.0814760000e+00
    150000    72.00000000   1.1074630000e+00
    150000    74.00000000   1.1310390000e+00
    150000    76.00000000   1.1520890000e+00
    150000    78.00000000   1.1705080000e+00
    150000    80.00000000   1.1862070000e+00
    150000    82.00000000   1.1991080000e+00
    150000    84.00000000   1.2091470000e+00
    150000    86.00000000   1.2162740000e+00
    150000    88.00000000   1.2204540000e+00
    150000    90.00000000   1.2216640000e+00
    200000   -90.00000000   1.2216640000e+00
    200000   -88.00000000   1.2230080000e+00
    200000   -86.00000000   1.2213800000e+00
    200000   -84.00000000   1.2167980000e+00
    200000   -82.00000000   1.2092940000e+00
    200000   -80.00000000   1.1989170000e+00
    200000   -78.00000000   1.1857250000e+00
    200000   -76.00000000   1.1697950000e+00
    200000   -74.00000000   1.1512130000e+00
    200000   -72.00000000   1.1300800000e+00
    200000   -70.00000000   1.1065080000e+00
    200000   -68.00000000   1.0806240000e+00
    200000   -66.00000000   1.0525610000e+00
    200000   -64.00000000   1.0224680000e+00
    200000   -62.00000000   9.9049800000e-01
    200000   -60.00000000   9.5681800000e-01
    200000   -58.00000000   9.2160100000e-01
    200000   -56.00000000   8.8502700000e-01
    200000   -54.00000000   8.4728300000e-01
    200000   -52.00000000   8.0856100000e-01
    200000   -50.00000000   7.6905800000e-01
    200000   -48.00000000   7.2897500000e-01
    200000   -46.00000000   6.8851500000e-01
    200000   -44.00000000   6.4788200000e-01
    200000   -42.00000000   6.0728200000e-01
    200000   -40.00000000   5.6691900000e-01
    200000   -38.00000000   5.2699800000e-01
    200000   -36.00000000   4.8771900000e-01
    200000   -34.00000000   4.4927900000e-01
    200000   -32.00000000   4.1187200000e-01
    200000   -30.00000000   3.7568600000e-01
    200000   -28.00000000   3.4090200000e-01
    200000   -26.00000000   3.0769500000e-01
    200000   -24.00000000   2.7623100000e-01
    200000   -22.00000000   2.4666800000e-01
    200000   -20.00000000   2.1915500000e-01
    200000   -18.00000000   1.9382800000e-01
    200000   -16.00000000   1.7081400000e-01
    200000   -14.00000000   1.5023000000e-01
    200000   -12.00000000   1.3217700000e-01
    200000   -10.00000000   1.1674500000e-01
    200000    -8.00000000   1.0619100000e-01
    200000    -6.00000000   8.9315000000e-02
    200000    -4.00000000   5.7410000000e-02
    200000    -2.00000000   3.3350000000e-02
    200000     0.00000000   1.6130000000e-02
    200000     2.00000000   1.0430000000e-02
    200000     4.00000000   1.2180000000e-02
    200000     6.00000000   1.8194000000e-02
    200000     8.00000000   2.7374000000e-02
    200000    10.00000000   4.2694000000e-02
    200000    12.00000000   6.0369000000e-02
    200000    14.00000000   7.8999000000e-02
    200000    16.00000000   1.0024600000e-01
    200000    18.00000000   1.2400900000e-01
    200000    20.00000000   1.5017000000e-01
    200000    22.00000000   1.7860200000e-01
    200000    24.00000000   2.0916600000e-01
    200000    26.00000000   2.4171300000e-01
    200000    28.00000000   2.7608300000e-01
    200000    30.00000000   3.1210900000e-01
    200000    32.00000000   3.4961500000e-01
    200000    34.00000000   3.8841800000e-01
    200000    36.00000000   4.2832700000e-01
    200000    38.00000000   4.6914900000e-01
    200000    40.00000000   5.1068300000e-01
    200000    42.00000000   5.5272600000e-01
    200000    44.00000000   5.9507400000e-01
    200000    46.00000000   6.3751900000e-01
    200000    48.00000000   6.7985300000e-01
    200000    50.00000000   7.2187000000e-01
    200000    52.00000000   7.6336400000e-01
    200000    54.00000000   8.0413300000e-01
    200000    56.00000000   8.4397600000e-01
    200000    58.00000000   8.8269900000e-01
    200000    60.00000000   9.2011300000e-01
    200000    62.00000000   9.5603400000e-01
    200000    64.00000000   9.9028600000e-01
    200000    66.00000000   1.0227020000e+00
    200000    68.00000000   1.0531230000e+00
    200000    70.00000000   1.0814000000e+00
    200000    72.00000000   1.1073940000e+00
    200000    74.00000000   1.1309780000e+00
    200000    76.00000000   1.1520350000e+00
    200000    78.00000000   1.1704620000e+00
    200000    80.00000000   1.1861690000e+00
    200000    82.00000000   1.1990770000e+00
    200000    84.00000000   1.2091240000e+00
    200000    86.00000000   1.2162590000e+00
    200000    88.00000000   1.2204460000e+00
    200000    90.00000000   1.2216640000e+00
    250000   -90.00000000   1.2216640000e+00
    250000   -88.00000000   1.2229050000e+00
    250000   -86.00000000   1.2211740000e+00
    250000   -84.00000000   1.2164890000e+00
    250000   -82.00000000   1.2088830000e+00
    250000   -80.00000000   1.1984040000e+00
    250000   -78.00000000   1.1851110000e+00
    250000   -76.00000000   1.1690800000e+00
    250000   -74.00000000   1.1503980000e+00
    250000   -72.00000000   1.1291670000e+00
    250000   -70.00000000   1.1054980000e+00
    250000   -68.00000000   1.0795170000e+00
    250000   -66.00000000   1.0513600000e+00
    250000   -64.00000000   1.0211730000e+00
    250000   -62.00000000   9.8911200000e-01
    250000   -60.00000000   9.5534200000e-01
    250000   -58.00000000   9.2003600000e-01
    250000   -56.00000000   8.8337600000e-01
    250000   -54.00000000   8.4554700000e-01
    250000   -52.00000000   8.0674300000e-01
    250000   -50.00000000   7.6716000000e-01
    250000   -48.00000000   7.2699900000e-01
    250000   -46.00000000   6.8646300000e-01
    250000   -44.00000000   6.4575700000e-01
    250000   -42.00000000   6.0508700000e-01
    250000   -40.00000000   5.6465700000e-01
    250000   -38.00000000   5.2467100000e-01
    250000   -36.00000000   4.8532900000e-01
    250000   -34.00000000   4.4683000000e-01
    250000   -32.00000000   4.0936700000e-01
    250000   -30.00000000   3.7312800000e-01
    250000   -28.00000000   3.3829400000e-01
    250000   -26.00000000   3.0504000000e-01
    250000   -24.00000000   2.7353300000e-01
    250000   -22.00000000   2.4393000000e-01
    250000   -20.00000000   2.1637900000e-01
    250000   -18.00000000   1.9101900000e-01
    250000   -16.00000000   1.6797500000e-01
    250000   -14.00000000   1.4736400000e-01
    250000   -12.00000000   1.2928800000e-01
    250000   -10.00000000   1.1383700000e-01
    250000    -8.00000000   1.0293000000e-01
    250000    -6.00000000   8.9169000000e-02
    250000    -4.00000000   5.6775000000e-02
    250000    -2.00000000   2.7907000000e-02
    250000     0.00000000   1.2800000000e-02
    250000     2.00000000   8.9000000000e-03
    250000     4.00000000   1.1760000000e-02
    250000     6.00000000   1.7915000000e-02
    250000     8.00000000   2.4660000000e-02
    250000    10.00000000   3.6854000000e-02
    250000    12.00000000   5.3794000000e-02
    250000    14.00000000   7.2477000000e-02
    250000    16.00000000   9.3785000000e-02
    250000    18.00000000   1.1761600000e-01
    250000    20.00000000   1.4385400000e-01
    250000    22.00000000   1.7237000000e-01
    250000    24.00000000   2.0302600000e-01
    250000    26.00000000   2.3567200000e-01
    250000    28.00000000   2.7014800000e-01
    250000    30.00000000   3.0628800000e-01
    250000    32.00000000   3.4391500000e-01
    250000    34.00000000   3.8284500000e-01
    250000    36.00000000   4.2288900000e-01
    250000    38.00000000   4.6385200000e-01
    250000    40.00000000   5.0553400000e-01
    250000    42.00000000   5.4773100000e-01
    250000    44.00000000   5.9023900000e-01
    250000    46.00000000   6.3285000000e-01
    250000    48.00000000   6.7535500000e-01
    250000    50.00000000   7.1754900000e-01
    250000    52.00000000   7.5922600000e-01
    250000    54.00000000   8.0018200000e-01
    250000    56.00000000   8.4021700000e-01
    250000    58.00000000   8.7913700000e-01
    250000    60.00000000   9.1675200000e-01
    250000    62.00000000   9.5287800000e-01
    250000    64.00000000   9.8734000000e-01
    250000    66.00000000   1.0199680000e+00
    250000    68.00000000   1.0506050000e+00
    250000    70.00000000   1.0791010000e+00
    250000    72.00000000   1.1053170000e+00
    250000    74.00000000   1.1291250000e+00
    250000    76.00000000   1.1504090000e+00
    250000    78.00000000   1.1690650000e+00
    250000    80.00000000   1.1850020000e+00
    250000    82.00000000   1.1981420000e+00
    250000    84.00000000   1.2084210000e+00
    250000    86.00000000   1.2157900000e+00
    250000    88.00000000   1.2202120000e+00
    250000    90.00000000   1.2216640000e+00
     50000   -90.00000000   1.2216640000e+00
     50000   -88.00000000   1.2229990000e+00
     50000   -86.00000000   1.2213620000e+00
     50000   -84.00000000   1.2167710000e+00
     50000   -82.00000000   1.2092580000e+00
     50000   -80.00000000   1.1988720000e+00
     50000   -78.00000000   1.1856720000e+00
     50000   -76.00000000   1.1697320000e+00
     50000   -74.00000000   1.1511410000e+00
     50000   -72.00000000   1.1300000000e+00
     50000   -70.00000000   1.1064200000e+00
     50000   -68.00000000   1.0805270000e+00
     50000   -66.00000000   1.0524570000e+00
     50000   -64.00000000   1.0223550000e+00
     50000   -62.00000000   9.9037700000e-01
     50000   -60.00000000   9.5668900000e-01
     50000   -58.00000000   9.2146500000e-01
     50000   -56.00000000   8.8488300000e-01
     50000   -54.00000000   8.4713100000e-01
     50000   -52.00000000   8.0840200000e-01
     50000   -50.00000000   7.6889200000e-01
     50000   -48.00000000   7.2880200000e-01
     50000   -46.00000000   6.8833600000e-01
     50000   -44.00000000   6.4769600000e-01
     50000   -42.00000000   6.0709000000e-01
     50000   -40.00000000   5.6672200000e-01
     50000   -38.00000000   5.2679500000e-01
     50000   -36.00000000   4.8751000000e-01
     50000   -34.00000000   4.4906500000e-01
     50000   -32.00000000   4.1165300000e-01
     50000   -30.00000000   3.7546200000e-01
     50000   -28.00000000   3.4067400000e-01
     50000   -26.00000000   3.0746300000e-01
     50000   -24.00000000   2.7599500000e-01
     50000   -22.00000000   2.4642900000e-01
     50000   -20.00000000   2.1891200000e-01
     50000   -18.00000000   1.9358200000e-01
     50000   -16.00000000   1.7056600000e-01
     50000   -14.00000000   1.4997900000e-01
     50000   -12.00000000   1.3192400000e-01
     50000   -10.00000000   1.1649100000e-01
     50000    -8.00000000   1.0375800000e-01
     50000    -6.00000000   9.4477000000e-02
     50000    -4.00000000   8.6630000000e-02
     50000    -2.00000000   5.8913000000e-02
     50000     0.00000000   3.3890000000e-02
     50000     2.00000000   3.5670000000e-02
     50000     4.00000000   3.6897000000e-02
     50000     6.00000000   2.7380000000e-02
     50000     8.00000000   3.4316000000e-02
     50000    10.00000000   5.8221000000e-02
     50000    12.00000000   7.9888000000e-02
     50000    14.00000000   9.3416000000e-02
     50000    16.00000000   1.1453000000e-01
     50000    18.00000000   1.3814100000e-01
     50000    20.00000000   1.6413300000e-01
     50000    22.00000000   1.9237900000e-01
     50000    24.00000000   2.2274100000e-01
     50000    26.00000000   2.5506800000e-01
     50000    28.00000000   2.8920300000e-01
     50000    30.00000000   3.2497800000e-01
     50000    32.00000000   3.6221700000e-01
     50000    34.00000000   4.0073700000e-01
     50000    36.00000000   4.4034900000e-01
     50000    38.00000000   4.8085800000e-01
     50000    40.00000000   5.2206600000e-01
     50000    42.00000000   5.6376900000e-01
     50000    44.00000000   6.0576300000e-01
     50000    46.00000000   6.4784100000e-01
     50000    48.00000000   6.8979600000e-01
     50000    50.00000000   7.3142100000e-01
     50000    52.00000000   7.7251200000e-01
     50000    54.00000000   8.1286600000e-01
     50000    56.00000000   8.5228500000e-01
     50000    58.00000000   8.9057300000e-01
     50000    60.00000000   9.2754200000e-01
     50000    62.00000000   9.6301000000e-01
     50000    64.00000000   9.9680000000e-01
     50000    66.00000000   1.0287460000e+00
     50000    68.00000000   1.0586900000e+00
     50000    70.00000000   1.0864820000e+00
     50000    72.00000000   1.1119860000e+00
     50000    74.00000000   1.1350730000e+00
     50000    76.00000000   1.1556290000e+00
     50000    78.00000000   1.1735510000e+00
     50000    80.00000000   1.1887490000e+00
     50000    82.00000000   1.2011450000e+00
     50000    84.00000000   1.2106770000e+00
     50000    86.00000000   1.2172950000e+00
     50000    88.00000000   1.2209650000e+00
     50000    90.00000000   1.2216640000e+00
    100000   -90.00000000   1.2216640000e+00
    100000   -88.00000000   1.2228020000e+00
    100000   -86.00000000   1.2209670000e+00
    100000   -84.00000000   1.2161790000e+00
    100000   -82.00000000   1.2084710000e+00
    100000   -80.00000000   1.1978890000e+00
    100000   -78.00000000   1.1844950000e+00
    100000   -76.00000000   1.1683630000e+00
    100000   -74.00000000   1.1495810000e+00
    100000   -72.00000000   1.1282500000e+00
    100000   -70.00000000   1.1044840000e+00
    100000   -68.00000000   1.0784070000e+00
    100000   -66.00000000   1.0501540000e+00
    100000   -64.00000000   1.0198730000e+00
    100000   -62.00000000   9.8772000000e-01
    100000   -60.00000000   9.5385900000e-01
    100000   -58.00000000   9.1846500000e-01
    100000   -56.00000000   8.8171700000e-01
    100000   -54.00000000   8.4380400000e-01
    100000   -52.00000000   8.0491700000e-01
    100000   -50.00000000   7.6525400000e-01
    100000   -48.00000000   7.2501500000e-01
    100000   -46.00000000   6.8440300000e-01
    100000   -44.00000000   6.4362400000e-01
    100000   -42.00000000   6.0288300000e-01
    100000   -40.00000000   5.6238500000e-01
    100000   -38.00000000   5.2233400000e-01
    100000   -36.00000000   4.8293000000e-01
    100000   -34.00000000   4.4437200000e-01
    100000   -32.00000000   4.0685200000e-01
    100000   -30.00000000   3.7056000000e-01
    100000   -28.00000000   3.3567600000e-01
    100000   -26.00000000   3.0237500000e-01
    100000   -24.00000000   2.7082400000e-01
    100000   -22.00000000   2.4118000000e-01
    100000   -20.00000000   2.1359300000e-01
    100000   -18.00000000   1.8819800000e-01
    100000   -16.00000000   1.6512500000e-01
    100000   -14.00000000   1.4448600000e-01
    100000   -12.00000000   1.2638700000e-01
    100000   -10.00000000   1.1091600000e-01
    100000    -8.00000000   9.8152000000e-02
    100000    -6.00000000   8.9867000000e-02
    100000    -4.00000000   7.9284000000e-02
    100000    -2.00000000   4.9093000000e-02
    100000     0.00000000   2.6970000000e-02
    100000     2.00000000   2.1560000000e-02
    100000     4.00000000   1.6280000000e-02
    100000     6.00000000   1.9920000000e-02
    100000     8.00000000   3.2487000000e-02
    100000    10.00000000   6.8920000000e-02
    100000    12.00000000   8.4972000000e-02
    100000    14.00000000   1.0495300000e-01
    100000    16.00000000   1.2595900000e-01
    100000    18.00000000   1.4944900000e-01
    100000    20.00000000   1.7530600000e-01
    100000    22.00000000   2.0340300000e-01
    100000    24.00000000   2.3360200000e-01
    100000    26.00000000   2.6575500000e-01
    100000    28.00000000   2.9970100000e-01
    100000    30.00000000   3.3527500000e-01
    100000    32.00000000   3.7230000000e-01
    100000    34.00000000   4.1059400000e-01
    100000    36.00000000   4.4996800000e-01
    100000    38.00000000   4.9022700000e-01
    100000    40.00000000   5.3117400000e-01
    100000    42.00000000   5.7260500000e-01
    100000    44.00000000   6.1431600000e-01
    100000    46.00000000   6.5610000000e-01
    100000    48.00000000   6.9775200000e-01
    100000    50.00000000   7.3906400000e-01
    100000    52.00000000   7.7983200000e-01
    100000    54.00000000   8.1985500000e-01
    100000    56.00000000   8.5893400000e-01
    100000    58.00000000   8.9687400000e-01
    100000    60.00000000   9.3348700000e-01
    100000    62.00000000   9.6859100000e-01
    100000    64.00000000   1.0020120000e+00
    100000    66.00000000   1.0335820000e+00
    100000    68.00000000   1.0631440000e+00
    100000    70.00000000   1.0905490000e+00
    100000    72.00000000   1.1156600000e+00
    100000    74.00000000   1.1383510000e+00
    100000    76.00000000   1.1585060000e+00
    100000    78.00000000   1.1760230000e+00
    100000    80.00000000   1.1908140000e+00
    100000    82.00000000   1.2028000000e+00
    100000    84.00000000   1.2119200000e+00
    100000    86.00000000   1.2181250000e+00
    100000    88.00000000   1.2213800000e+00
    100000    90.00000000   1.2216640000e+00
    150000   -90.00000000   1.2216640000e+00
    150000   -88.00000000   1.2231980000e+00
    150000   -86.00000000   1.2217590000e+00
    150000   -84.00000000   1.2173650000e+00
    150000   -82.00000000   1.2100500000e+00
    150000   -80.00000000   1.1998600000e+00
    150000   -78.00000000   1.1868540000e+00
    150000   -76.00000000   1.1711080000e+00
    150000   -74.00000000   1.1527090000e+00
    150000   -72.00000000   1.1317580000e+00
    150000   -70.00000000   1.1083660000e+00
    150000   -68.00000000   1.0826580000e+00
    150000   -66.00000000   1.0547700000e+00
    150000   -64.00000000   1.0248480000e+00
    150000   -62.00000000   9.9304800000e-01
    150000   -60.00000000   9.5953400000e-01
    150000   -58.00000000   9.2447900000e-01
    150000   -56.00000000   8.8806400000e-01
    150000   -54.00000000   8.5047500000e-01
    150000   -52.00000000   8.1190400000e-01
    150000   -50.00000000   7.7254900000e-01
    150000   -48.00000000   7.3260900000e-01
    150000   -46.00000000   6.9228700000e-01
    150000   -44.00000000   6.5178800000e-01
    150000   -42.00000000   6.1131800000e-01
    150000   -40.00000000   5.7107900000e-01
    150000   -38.00000000   5.3127700000e-01
    150000   -36.00000000   4.9211200000e-01
    150000   -34.00000000   4.5378100000e-01
    150000   -32.00000000   4.1647700000e-01
    150000   -30.00000000   3.8038900000e-01
    150000   -28.00000000   3.4569700000e-01
    150000   -26.00000000   3.1257600000e-01
    150000   -24.00000000   2.8119200000e-01
    150000   -22.00000000   2.5170300000e-01
    150000   -20.00000000   2.2425800000e-01
    150000   -18.00000000   1.9899200000e-01
    150000   -16.00000000   1.7603400000e-01
    150000   -14.00000000   1.5549900000e-01
    150000   -12.00000000   1.3748800000e-01
    150000   -10.00000000   1.2209300000e-01
    150000    -8.00000000   1.0961900000e-01
    150000    -6.00000000   9.4214000000e-02
    150000    -4.00000000   6.4871000000e-02
    150000    -2.00000000   4.6259000000e-02
    150000     0.00000000   2.0480000000e-02
    150000     2.00000000   1.3860000000e-02
    150000     4.00000000   1.3080000000e-02
    150000     6.00000000   1.8701000000e-02
    150000     8.00000000   2.8673000000e-02
    150000    10.00000000   4.1189000000e-02
    150000    12.00000000   5.8093000000e-02
    150000    14.00000000   7.6741000000e-02
    150000    16.00000000   9.8010000000e-02
    150000    18.00000000   1.2179600000e-01
    150000    20.00000000   1.4798300000e-01
    150000    22.00000000   1.7644500000e-01
    150000    24.00000000   2.0704000000e-01
    150000    26.00000000   2.3962100000e-01
    150000    28.00000000   2.7402900000e-01
    150000    30.00000000   3.1009400000e-01
    150000    32.00000000   3.4764200000e-01
    150000    34.00000000   3.8648900000e-01
    150000    36.00000000   4.2644500000e-01
    150000    38.00000000   4.6731500000e-01
    150000    40.00000000   5.0890000000e-01
    150000    42.00000000   5.5099700000e-01
    150000    44.00000000   5.9340000000e-01
    150000    46.00000000   6.3590200000e-01
    150000    48.00000000   6.7829600000e-01
    150000    50.00000000   7.2037400000e-01
    150000    52.00000000   7.6193100000e-01
    150000    54.00000000   8.0276500000e-01
    150000    56.00000000   8.4267400000e-01
    150000    58.00000000   8.8146600000e-01
    150000    60.00000000   9.1894900000e-01
    150000    62.00000000   9.5494100000e-01
    150000    64.00000000   9.8926600000e-01
    150000    66.00000000   1.0217560000e+00
    150000    68.00000000   1.0522520000e+00
    150000    70.00000000   1.0806040000e+00
    150000    72.00000000   1.1066750000e+00
    150000    74.00000000   1.1303360000e+00
    150000    76.00000000   1.1514720000e+00
    150000    78.00000000   1.1699780000e+00
    150000    80.00000000   1.1857650000e+00
    150000    82.00000000   1.1987530000e+00
    150000    84.00000000   1.2088810000e+00
    150000    86.00000000   1.2160970000e+00
    150000    88.00000000   1.2203650000e+00
    150000    90.00000000   1.2216640000e+00
    200000   -90.00000000   1.2216640000e+00
    200000   -88.00000000   1.2229510000e+00
    200000   -86.00000000   1.2212650000e+00
    200000   -84.00000000   1.2166260000e+00
    200000   -82.00000000   1.2090650000e+00
    200000   -80.00000000   1.1986310000e+00
    200000   -78.00000000   1.1853830000e+00
    200000   -76.00000000   1.1693970000e+00
    200000   -74.00000000   1.1507590000e+00
    200000   -72.00000000   1.1295710000e+00
    200000   -70.00000000   1.1059460000e+00
    200000   -68.00000000   1.0800080000e+00
    200000   -66.00000000   1.0518920000e+00
    200000   -64.00000000   1.0217460000e+00
    200000   -62.00000000   9.8972600000e-01
    200000   -60.00000000   9.5599600000e-01
    200000   -58.00000000   9.2073000000e-01
    200000   -56.00000000   8.8410700000e-01
    200000   -54.00000000   8.4631600000e-01
    200000   -52.00000000   8.0754800000e-01
    200000   -50.00000000   7.6800100000e-01
    200000   -48.00000000   7.2787400000e-01
    200000   -46.00000000   6.8737200000e-01
    200000   -44.00000000   6.4669900000e-01
    200000   -42.00000000   6.0605900000e-01
    200000   -40.00000000   5.6565900000e-01
    200000   -38.00000000   5.2570200000e-01
    200000   -36.00000000   4.8638800000e-01
    200000   -34.00000000   4.4791500000e-01
    200000   -32.00000000   4.1047700000e-01
    200000   -30.00000000   3.7426100000e-01
    200000   -28.00000000   3.3944900000e-01
    200000   -26.00000000   3.0621600000e-01
    200000   -24.00000000   2.7472800000e-01
    200000   -22.00000000   2.4514300000e-01
    200000   -20.00000000   2.1760900000e-01
    200000   -18.00000000   1.9226300000e-01
    200000   -16.00000000   1.6923300000e-01
    200000   -14.00000000   1.4863300000e-01
    200000   -12.00000000   1.3056700000e-01
    200000   -10.00000000   1.1512500000e-01
    200000    -8.00000000   1.0457400000e-01
    200000    -6.00000000   9.0889000000e-02
    200000    -4.00000000   6.0948000000e-02
    200000    -2.00000000   3.2424000000e-02
    200000     0.00000000   1.6270000000e-02
    200000     2.00000000   1.0430000000e-02
    200000     4.00000000   1.2180000000e-02
    200000     6.00000000   1.8527000000e-02
    200000     8.00000000   2.6582000000e-02
    200000    10.00000000   3.9743000000e-02
    200000    12.00000000   5.6318000000e-02
    200000    14.00000000   7.4980000000e-02
    200000    16.00000000   9.6265000000e-02
    200000    18.00000000   1.2007000000e-01
    200000    20.00000000   1.4627800000e-01
    200000    22.00000000   1.7476200000e-01
    200000    24.00000000   2.0538300000e-01
    200000    26.00000000   2.3799000000e-01
    200000    28.00000000   2.7242600000e-01
    200000    30.00000000   3.0852300000e-01
    200000    32.00000000   3.4610300000e-01
    200000    34.00000000   3.8498400000e-01
    200000    36.00000000   4.2497700000e-01
    200000    38.00000000   4.6588500000e-01
    200000    40.00000000   5.0751000000e-01
    200000    42.00000000   5.4964900000e-01
    200000    44.00000000   5.9209500000e-01
    200000    46.00000000   6.3464200000e-01
    200000    48.00000000   6.7708200000e-01
    200000    50.00000000   7.1920800000e-01
    200000    52.00000000   7.6081400000e-01
    200000    54.00000000   8.0169800000e-01
    200000    56.00000000   8.4166000000e-01
    200000    58.00000000   8.8050400000e-01
    200000    60.00000000   9.1804200000e-01
    200000    62.00000000   9.5408900000e-01
    200000    64.00000000   9.8847000000e-01
    200000    66.00000000   1.0210180000e+00
    200000    68.00000000   1.0515720000e+00
    200000    70.00000000   1.0799840000e+00
    200000    72.00000000   1.1061140000e+00
    200000    74.00000000   1.1298360000e+00
    200000    76.00000000   1.1510330000e+00
    200000    78.00000000   1.1696010000e+00
    200000    80.00000000   1.1854500000e+00
    200000    82.00000000   1.1985010000e+00
    200000    84.00000000   1.2086910000e+00
    200000    86.00000000   1.2159700000e+00
    200000    88.00000000   1.2203020000e+00
    200000    90.00000000   1.2216640000e+00
    250000   -90.00000000   1.2216640000e+00
    250000   -88.00000000   1.2230620000e+00
    250000   -86.00000000   1.2214870000e+00
    250000   -84.00000000   1.2169580000e+00
    250000   -82.00000000   1.2095080000e+00
    250000   -80.00000000   1.1991830000e+00
    250000   -78.00000000   1.1860440000e+00
    250000   -76.00000000   1.1701660000e+00
    250000   -74.00000000   1.1516360000e+00
    250000   -72.00000000   1.1305540000e+00
    250000   -70.00000000   1.1070340000e+00
    250000   -68.00000000   1.0811990000e+00
    250000   -66.00000000   1.0531860000e+00
    250000   -64.00000000   1.0231410000e+00
    250000   -62.00000000   9.9121900000e-01
    250000   -60.00000000   9.5758600000e-01
    250000   -58.00000000   9.2241500000e-01
    250000   -56.00000000   8.8588600000e-01
    250000   -54.00000000   8.4818500000e-01
    250000   -52.00000000   8.0950600000e-01
    250000   -50.00000000   7.7004500000e-01
    250000   -48.00000000   7.3000200000e-01
    250000   -46.00000000   6.8958100000e-01
    250000   -44.00000000   6.4898600000e-01
    250000   -42.00000000   6.0842300000e-01
    250000   -40.00000000   5.6809600000e-01
    250000   -38.00000000   5.2820800000e-01
    250000   -36.00000000   4.8896100000e-01
    250000   -34.00000000   4.5055200000e-01
    250000   -32.00000000   4.1317400000e-01
    250000   -30.00000000   3.7701500000e-01
    250000   -28.00000000   3.4225700000e-01
    250000   -26.00000000   3.0907500000e-01
    250000   -24.00000000   2.7763400000e-01
    250000   -22.00000000   2.4809200000e-01
    250000   -20.00000000   2.2059700000e-01
    250000   -18.00000000   1.9528800000e-01
    250000   -16.00000000   1.7229000000e-01
    250000   -14.00000000   1.5171900000e-01
    250000   -12.00000000   1.3367800000e-01
    250000   -10.00000000   1.1825700000e-01
    250000    -8.00000000   1.0620400000e-01
    250000    -6.00000000   8.9062000000e-02
    250000    -4.00000000   5.3284000000e-02
    250000    -2.00000000   2.8565000000e-02
    250000     0.00000000   1.3200000000e-02
    250000     2.00000000   8.8900000000e-03
    250000     4.00000000   1.1790000000e-02
    250000     6.00000000   1.8130000000e-02
    250000     8.00000000   2.6250000000e-02
    250000    10.00000000   3.8436000000e-02
    250000    12.00000000   5.5365000000e-02
    250000    14.00000000   7.4035000000e-02
    250000    16.00000000   9.5329000000e-02
    250000    18.00000000   1.1914400000e-01
    250000    20.00000000   1.4536300000e-01
    250000    22.00000000   1.7385900000e-01
    250000    24.00000000   2.0449300000e-01
    250000    26.00000000   2.3711500000e-01
    250000    28.00000000   2.7156600000e-01
    250000    30.00000000   3.0767900000e-01
    250000    32.00000000   3.4527700000e-01
    250000    34.00000000   3.8417700000e-01
    250000    36.00000000   4.2418800000e-01
    250000    38.00000000   4.6511700000e-01
    250000    40.00000000   5.0676400000e-01
    250000    42.00000000   5.4892500000e-01
    250000    44.00000000   5.9139400000e-01
    250000    46.00000000   6.3396500000e-01
    250000    48.00000000   6.7643000000e-01
    250000    50.00000000   7.1858200000e-01
    250000    52.00000000   7.6021400000e-01
    250000    54.00000000   8.0112500000e-01
    250000    56.00000000   8.4111500000e-01
    250000    58.00000000   8.7998800000e-01
    250000    60.00000000   9.1755500000e-01
    250000    62.00000000   9.5363200000e-01
    250000    64.00000000   9.8804300000e-01
    250000    66.00000000   1.0206210000e+00
    250000    68.00000000   1.0512070000e+00
    250000    70.00000000   1.0796500000e+00
    250000    72.00000000   1.1058130000e+00
    250000    74.00000000   1.1295670000e+00
    250000    76.00000000   1.1507970000e+00
    250000    78.00000000   1.1693980000e+00
    250000    80.00000000   1.1852800000e+00
    250000    82.00000000   1.1983650000e+00
    250000    84.00000000   1.2085890000e+00
    250000    86.00000000   1.2159020000e+00
    250000    88.00000000   1.2202680000e+00
    250000    90.00000000   1.2216640000e+00
     50000   -90.00000000   1.2216640000e+00
     50000   -88.00000000   1.2229540000e+00
     50000   -86.00000000   1.2212720000e+00
     50000   -84.00000000   1.2166370000e+00
     50000   -82.00000000   1.2090800000e+00
     50000   -80.00000000   1.1986490000e+00
     50000   -78.00000000   1.1854050000e+00
     50000   -76.00000000   1.1694220000e+00
     50000   -74.00000000   1.1507880000e+00
     50000   -72.00000000   1.1296030000e+00
     50000   -70.00000000   1.1059810000e+00
     50000   -68.00000000   1.0800460000e+00
     50000   -66.00000000   1.0519350000e+00
     50000   -64.00000000   1.0217920000e+00
     50000   -62.00000000   9.8977500000e-01
     50000   -60.00000000   9.5604800000e-01
     50000   -58.00000000   9.2078500000e-01
     50000   -56.00000000   8.8416500000e-01
     50000   -54.00000000   8.4637700000e-01
     50000   -52.00000000   8.0761200000e-01
     50000   -50.00000000   7.6806800000e-01
     50000   -48.00000000   7.2794400000e-01
     50000   -46.00000000   6.8744400000e-01
     50000   -44.00000000   6.4677300000e-01
     50000   -42.00000000   6.0613700000e-01
     50000   -40.00000000   5.6573900000e-01
     50000   -38.00000000   5.2578400000e-01
     50000   -36.00000000   4.8647200000e-01
     50000   -34.00000000   4.4800100000e-01
     50000   -32.00000000   4.1056500000e-01
     50000   -30.00000000   3.7435100000e-01
     50000   -28.00000000   3.3954100000e-01
     50000   -26.00000000   3.0631000000e-01
     50000   -24.00000000   2.7482300000e-01
     50000   -22.00000000   2.4523900000e-01
     50000   -20.00000000   2.1770600000e-01
     50000   -18.00000000   1.9236200000e-01
     50000   -16.00000000   1.6933300000e-01
     50000   -14.00000000   1.4873400000e-01
     50000   -12.00000000   1.3066900000e-01
     50000   -10.00000000   1.1522800000e-01
     50000    -8.00000000   1.0248700000e-01
     50000    -6.00000000   9.3249000000e-02
     50000    -4.00000000   8.5350000000e-02
     50000    -2.00000000   5.7742000000e-02
     50000     0.00000000   3.3740000000e-02
     50000     2.00000000   3.5190000000e-02
     50000     4.00000000   3.7920000000e-02
     50000     6.00000000   2.7090000000e-02
     50000     8.00000000   3.5619000000e-02
     50000    10.00000000   5.4770000000e-02
     50000    12.00000000   7.6292000000e-02
     50000    14.00000000   8.9167000000e-02
     50000    16.00000000   1.1032100000e-01
     50000    18.00000000   1.3397600000e-01
     50000    20.00000000   1.6001800000e-01
     50000    22.00000000   1.8831900000e-01
     50000    24.00000000   2.1874000000e-01
     50000    26.00000000   2.5113200000e-01
     50000    28.00000000   2.8533700000e-01
     50000    30.00000000   3.2118500000e-01
     50000    32.00000000   3.5850300000e-01
     50000    34.00000000   3.9710600000e-01
     50000    36.00000000   4.3680600000e-01
     50000    38.00000000   4.7740700000e-01
     50000    40.00000000   5.1871100000e-01
     50000    42.00000000   5.6051500000e-01
     50000    44.00000000   6.0261300000e-01
     50000    46.00000000   6.4479900000e-01
     50000    48.00000000   6.8686600000e-01
     50000    50.00000000   7.2860700000e-01
     50000    52.00000000   7.6981600000e-01
     50000    54.00000000   8.1029300000e-01
     50000    56.00000000   8.4983600000e-01
     50000    58.00000000   8.8825300000e-01
     50000    60.00000000   9.2535300000e-01
     50000    62.00000000   9.6095400000e-01
     50000    64.00000000   9.9488000000e-01
     50000    66.00000000   1.0269650000e+00
     50000    68.00000000   1.0570490000e+00
     50000    70.00000000   1.0849850000e+00
     50000    72.00000000   1.1106330000e+00
     50000    74.00000000   1.1338660000e+00
     50000    76.00000000   1.1545700000e+00
     50000    78.00000000   1.1726410000e+00
     50000    80.00000000   1.1879890000e+00
     50000    82.00000000   1.2005360000e+00
     50000    84.00000000   1.2102200000e+00
     50000    86.00000000   1.2169900000e+00
     50000    88.00000000   1.2208120000e+00
     50000    90.00000000   1.2216640000e+00
    100000   -90.00000000   1.2216640000e+00
    100000   -88.00000000   1.2226590000e+00
    100000   -86.00000000   1.2206830000e+00
    100000   -84.00000000   1.2157530000e+00
    100000   -82.00000000   1.2079040000e+00
    100000   -80.00000000   1.1971810000e+00
    100000   -78.00000000   1.1836480000e+00
    100000   -76.00000000   1.1673770000e+00
    100000   -74.00000000   1.1484580000e+00
    100000   -72.00000000   1.1269920000e+00
    100000   -70.00000000   1.1030910000e+00
    100000   -68.00000000   1.0768810000e+00
    100000   -66.00000000   1.0484970000e+00
    100000   -64.00000000   1.0180880000e+00
    100000   -62.00000000   9.8580700000e-01
    100000   -60.00000000   9.5182300000e-01
    100000   -58.00000000   9.1630600000e-01
    100000   -56.00000000   8.7944000000e-01
    100000   -54.00000000   8.4141000000e-01
    100000   -52.00000000   8.0240900000e-01
    100000   -50.00000000   7.6263600000e-01
    100000   -48.00000000   7.2228900000e-01
    100000   -46.00000000   6.8157400000e-01
    100000   -44.00000000   6.4069500000e-01
    100000   -42.00000000   5.9985700000e-01
    100000   -40.00000000   5.5926500000e-01
    100000   -38.00000000   5.1912400000e-01
    100000   -36.00000000   4.7963500000e-01
    100000   -34.00000000   4.4099500000e-01
    100000   -32.00000000   4.0339900000e-01
    100000   -30.00000000   3.6703300000e-01
    100000   -28.00000000   3.3208000000e-01
    100000   -26.00000000   2.9871400000e-01
    100000   -24.00000000   2.6710300000e-01
    100000   -22.00000000   2.3740400000e-01
    100000   -20.00000000   2.0976600000e-01
    100000   -18.00000000   1.8432500000e-01
    100000   -16.00000000   1.6121000000e-01
    100000   -14.00000000   1.4053500000e-01
    100000   -12.00000000   1.2240300000e-01
    100000   -10.00000000   1.0690600000e-01
    100000    -8.00000000   9.4119000000e-02
    100000    -6.00000000   8.5059000000e-02
    100000    -4.00000000   7.6920000000e-02
    100000    -2.00000000   5.1201000000e-02
    100000     0.00000000   2.7080000000e-02
    100000     2.00000000   2.1820000000e-02
    100000     4.00000000   1.6110000000e-02
    100000     6.00000000   1.9384000000e-02
    100000     8.00000000   2.4291000000e-02
    100000    10.00000000   4.0220000000e-02
    100000    12.00000000   4.2276000000e-02
    100000    14.00000000   6.1051000000e-02
    100000    16.00000000   8.2466000000e-02
    100000    18.00000000   1.0641700000e-01
    100000    20.00000000   1.3278800000e-01
    100000    22.00000000   1.6145200000e-01
    100000    24.00000000   1.9226800000e-01
    100000    26.00000000   2.2508700000e-01
    100000    28.00000000   2.5975100000e-01
    100000    30.00000000   2.9609000000e-01
    100000    32.00000000   3.3392900000e-01
    100000    34.00000000   3.7308300000e-01
    100000    36.00000000   4.1336300000e-01
    100000    38.00000000   4.5457300000e-01
    100000    40.00000000   4.9651300000e-01
    100000    42.00000000   5.3898000000e-01
    100000    44.00000000   5.8176800000e-01
    100000    46.00000000   6.2466900000e-01
    100000    48.00000000   6.6747600000e-01
    100000    50.00000000   7.0998000000e-01
    100000    52.00000000   7.5197600000e-01
    100000    54.00000000   7.9326000000e-01
    100000    56.00000000   8.3363200000e-01
    100000    58.00000000   8.7289700000e-01
    100000    60.00000000   9.1086400000e-01
    100000    62.00000000   9.4735000000e-01
    100000    64.00000000   9.8217700000e-01
    100000    66.00000000   1.0151790000e+00
    100000    68.00000000   1.0461940000e+00
    100000    70.00000000   1.0750740000e+00
    100000    72.00000000   1.1016780000e+00
    100000    74.00000000   1.1258790000e+00
    100000    76.00000000   1.1475600000e+00
    100000    78.00000000   1.1666160000e+00
    100000    80.00000000   1.1829570000e+00
    100000    82.00000000   1.1965030000e+00
    100000    84.00000000   1.2071910000e+00
    100000    86.00000000   1.2149690000e+00
    100000    88.00000000   1.2198010000e+00
    100000    90.00000000   1.2216640000e+00
    150000   -90.00000000   1.2216640000e+00
    150000   -88.00000000   1.2228860000e+00
    150000   -86.00000000   1.2211350000e+00
    150000   -84.00000000   1.2164300000e+00
    150000   -82.00000000   1.2088050000e+00
    150000   -80.00000000   1.1983060000e+00
    150000   -78.00000000   1.1849950000e+00
    150000   -76.00000000   1.1689450000e+00
    150000   -74.00000000   1.1502440000e+00
    150000   -72.00000000   1.1289940000e+00
    150000   -70.00000000   1.1053070000e+00
    150000   -68.00000000   1.0793080000e+00
    150000   -66.00000000   1.0511320000e+00
    150000   -64.00000000   1.0209280000e+00
    150000   -62.00000000   9.8884900000e-01
    150000   -60.00000000   9.5506200000e-01
    150000   -58.00000000   9.1974000000e-01
    150000   -56.00000000   8.8306300000e-01
    150000   -54.00000000   8.4521800000e-01
    150000   -52.00000000   8.0639800000e-01
    150000   -50.00000000   7.6680000000e-01
    150000   -48.00000000   7.2662400000e-01
    150000   -46.00000000   6.8607400000e-01
    150000   -44.00000000   6.4535500000e-01
    150000   -42.00000000   6.0467100000e-01
    150000   -40.00000000   5.6422800000e-01
    150000   -38.00000000   5.2423000000e-01
    150000   -36.00000000   4.8487600000e-01
    150000   -34.00000000   4.4636600000e-01
    150000   -32.00000000   4.0889300000e-01
    150000   -30.00000000   3.7264300000e-01
    150000   -28.00000000   3.3780000000e-01
    150000   -26.00000000   3.0453700000e-01
    150000   -24.00000000   2.7302200000e-01
    150000   -22.00000000   2.4341100000e-01
    150000   -20.00000000   2.1585300000e-01
    150000   -18.00000000   1.9048600000e-01
    150000   -16.00000000   1.6743700000e-01
    150000   -14.00000000   1.4682100000e-01
    150000   -12.00000000   1.2874000000e-01
    150000   -10.00000000   1.1328600000e-01
    150000    -8.00000000   1.0056900000e-01
    150000    -6.00000000   9.1958000000e-02
    150000    -4.00000000   7.3657000000e-02
    150000    -2.00000000   3.8913000000e-02
    150000     0.00000000   2.0560000000e-02
    150000     2.00000000   1.3940000000e-02
    150000     4.00000000   1.3050000000e-02
    150000     6.00000000   1.9016000000e-02
    150000     8.00000000   2.9217000000e-02
    150000    10.00000000   4.1268000000e-02
    150000    12.00000000   5.8508000000e-02
    150000    14.00000000   7.7152000000e-02
    150000    16.00000000   9.8417000000e-02
    150000    18.00000000   1.2219900000e-01
    150000    20.00000000   1.4838200000e-01
    150000    22.00000000   1.7683800000e-01
    150000    24.00000000   2.0742800000e-01
    150000    26.00000000   2.4000300000e-01
    150000    28.00000000   2.7440300000e-01
    150000    30.00000000   3.1046200000e-01
    150000    32.00000000   3.4800200000e-01
    150000    34.00000000   3.8684000000e-01
    150000    36.00000000   4.2678800000e-01
    150000    38.00000000   4.6764900000e-01
    150000    40.00000000   5.0922500000e-01
    150000    42.00000000   5.5131200000e-01
    150000    44.00000000   5.9370500000e-01
    150000    46.00000000   6.3619700000e-01
    150000    48.00000000   6.7858000000e-01
    150000    50.00000000   7.2064700000e-01
    150000    52.00000000   7.6219300000e-01
    150000    54.00000000   8.0301400000e-01
    150000    56.00000000   8.4291200000e-01
    150000    58.00000000   8.8169100000e-01
    150000    60.00000000   9.1916100000e-01
    150000    62.00000000   9.5514000000e-01
    150000    64.00000000   9.8945200000e-01
    150000    66.00000000   1.0219280000e+00
    150000    68.00000000   1.0524110000e+00
    150000    70.00000000   1.0807490000e+00
    150000    72.00000000   1.1068060000e+00
    150000    74.00000000   1.1304530000e+00
    150000    76.00000000   1.1515740000e+00
    150000    78.00000000   1.1700660000e+00
    150000    80.00000000   1.1858380000e+00
    150000    82.00000000   1.1988130000e+00
    150000    84.00000000   1.2089250000e+00
    150000    86.00000000   1.2161260000e+00
    150000    88.00000000   1.2203800000e+00
    150000    90.00000000   1.2216640000e+00
    200000   -90.00000000   1.2216640000e+00
    200000   -88.00000000   1.2228350000e+00
    200000   -86.00000000   1.2210330000e+00
    200000   -84.00000000   1.2162780000e+00
    200000   -82.00000000   1.2086030000e+00
    200000   -80.00000000   1.1980540000e+00
    200000   -78.00000000   1.1846920000e+00
    200000   -76.00000000   1.1685920000e+00
    200000   -74.00000000   1.1498430000e+00
    200000   -72.00000000   1.1285440000e+00
    200000   -70.00000000   1.1048090000e+00
    200000   -68.00000000   1.0787620000e+00
    200000   -66.00000000   1.0505400000e+00
    200000   -64.00000000   1.0202890000e+00
    200000   -62.00000000   9.8816500000e-01
    200000   -60.00000000   9.5433400000e-01
    200000   -58.00000000   9.1896800000e-01
    200000   -56.00000000   8.8224800000e-01
    200000   -54.00000000   8.4436200000e-01
    200000   -52.00000000   8.0550100000e-01
    200000   -50.00000000   7.6586400000e-01
    200000   -48.00000000   7.2565000000e-01
    200000   -46.00000000   6.8506300000e-01
    200000   -44.00000000   6.4430700000e-01
    200000   -42.00000000   6.0358900000e-01
    200000   -40.00000000   5.6311300000e-01
    200000   -38.00000000   5.2308200000e-01
    200000   -36.00000000   4.8369800000e-01
    200000   -34.00000000   4.4515900000e-01
    200000   -32.00000000   4.0765800000e-01
    200000   -30.00000000   3.7138200000e-01
    200000   -28.00000000   3.3651400000e-01
    200000   -26.00000000   3.0322800000e-01
    200000   -24.00000000   2.7169100000e-01
    200000   -22.00000000   2.4206100000e-01
    200000   -20.00000000   2.1448500000e-01
    200000   -18.00000000   1.8910200000e-01
    200000   -16.00000000   1.6603700000e-01
    200000   -14.00000000   1.4540800000e-01
    200000   -12.00000000   1.2731600000e-01
    200000   -10.00000000   1.1185200000e-01
    200000    -8.00000000   9.9142000000e-02
    200000    -6.00000000   9.0208000000e-02
    200000    -4.00000000   6.5716000000e-02
    200000    -2.00000000   3.3826000000e-02
    200000     0.00000000   1.6260000000e-02
    200000     2.00000000   1.0550000000e-02
    200000     4.00000000   1.2190000000e-02
    200000     6.00000000   1.8889000000e-02
    200000     8.00000000   2.6962000000e-02
    200000    10.00000000   4.0121000000e-02
    200000    12.00000000   5.6693000000e-02
    200000    14.00000000   7.5352000000e-02
    200000    16.00000000   9.6634000000e-02
    200000    18.00000000   1.2043500000e-01
    200000    20.00000000   1.4663900000e-01
    200000    22.00000000   1.7511800000e-01
    200000    24.00000000   2.0573300000e-01
    200000    26.00000000   2.3833500000e-01
    200000    28.00000000   2.7276500000e-01
    200000    30.00000000   3.0885500000e-01
    200000    32.00000000   3.4642800000e-01
    200000    34.00000000   3.8530200000e-01
    200000    36.00000000   4.2528700000e-01
    200000    38.00000000   4.6618700000e-01
    200000    40.00000000   5.0780400000e-01
    200000    42.00000000   5.4993400000e-01
    200000    44.00000000   5.9237100000e-01
    200000    46.00000000   6.3490800000e-01
    200000    48.00000000   6.7733800000e-01
    200000    50.00000000   7.1945400000e-01
    200000    52.00000000   7.6105000000e-01
    200000    54.00000000   8.0192400000e-01
    200000    56.00000000   8.4187400000e-01
    200000    58.00000000   8.8070700000e-01
    200000    60.00000000   9.1823400000e-01
    200000    62.00000000   9.5426900000e-01
    200000    64.00000000   9.8863900000e-01
    200000    66.00000000   1.0211740000e+00
    200000    68.00000000   1.0517150000e+00
    200000    70.00000000   1.0801150000e+00
    200000    72.00000000   1.1062330000e+00
    200000    74.00000000   1.1299420000e+00
    200000    76.00000000   1.1511260000e+00
    200000    78.00000000   1.1696810000e+00
    200000    80.00000000   1.1855160000e+00
    200000    82.00000000   1.1985540000e+00
    200000    84.00000000   1.2087310000e+00
    200000    86.00000000   1.2159970000e+00
    200000    88.00000000   1.2203150000e+00
    200000    90.00000000   1.2216640000e+00
    250000   -90.00000000   1.2216640000e+00
    250000   -88.00000000   1.2230590000e+00
    250000   -86.00000000   1.2214810000e+00
    250000   -84.00000000   1.2169490000e+00
    250000   -82.00000000   1.2094950000e+00
    250000   -80.00000000   1.1991670000e+00
    250000   -78.00000000   1.1860260000e+00
    250000   -76.00000000   1.1701440000e+00
    250000   -74.00000000   1.1516110000e+00
    250000   -72.00000000   1.1305260000e+00
    250000   -70.00000000   1.1070030000e+00
    250000   -68.00000000   1.0811650000e+00
    250000   -66.00000000   1.0531490000e+00
    250000   -64.00000000   1.0231010000e+00
    250000   -62.00000000   9.9117700000e-01
    250000   -60.00000000   9.5754100000e-01
    250000   -58.00000000   9.2236700000e-01
    250000   -56.00000000   8.8583500000e-01
    250000   -54.00000000   8.4813200000e-01
    250000   -52.00000000   8.0945000000e-01
    250000   -50.00000000   7.6998700000e-01
    250000   -48.00000000   7.2994200000e-01
    250000   -46.00000000   6.8951800000e-01
    250000   -44.00000000   6.4892100000e-01
    250000   -42.00000000   6.0835600000e-01
    250000   -40.00000000   5.6802600000e-01
    250000   -38.00000000   5.2813600000e-01
    250000   -36.00000000   4.8888700000e-01
    250000   -34.00000000   4.5047700000e-01
    250000   -32.00000000   4.1309700000e-01
    250000   -30.00000000   3.7693700000e-01
    250000   -28.00000000   3.4217700000e-01
    250000   -26.00000000   3.0899300000e-01
    250000   -24.00000000   2.7755100000e-01
    250000   -22.00000000   2.4800800000e-01
    250000   -20.00000000   2.2051200000e-01
    250000   -18.00000000   1.9520200000e-01
    250000   -16.00000000   1.7220300000e-01
    250000   -14.00000000   1.5163100000e-01
    250000   -12.00000000   1.3359000000e-01
    250000   -10.00000000   1.1816800000e-01
    250000    -8.00000000   1.0587300000e-01
    250000    -6.00000000   8.7482000000e-02
    250000    -4.00000000   5.8203000000e-02
    250000    -2.00000000   2.5816000000e-02
    250000     0.00000000   1.3710000000e-02
    250000     2.00000000   8.9500000000e-03
    250000     4.00000000   1.1820000000e-02
    250000     6.00000000   1.8579000000e-02
    250000     8.00000000   2.6023000000e-02
    250000    10.00000000   3.9186000000e-02
    250000    12.00000000   5.5765000000e-02
    250000    14.00000000   7.4432000000e-02
    250000    16.00000000   9.5722000000e-02
    250000    18.00000000   1.1953300000e-01
    250000    20.00000000   1.4574700000e-01
    250000    22.00000000   1.7423800000e-01
    250000    24.00000000   2.0486600000e-01
    250000    26.00000000   2.3748200000e-01
    250000    28.00000000   2.7192700000e-01
    250000    30.00000000   3.0803300000e-01
    250000    32.00000000   3.4562400000e-01
    250000    34.00000000   3.8451600000e-01
    250000    36.00000000   4.2451900000e-01
    250000    38.00000000   4.6544000000e-01
    250000    40.00000000   5.0707700000e-01
    250000    42.00000000   5.4922900000e-01
    250000    44.00000000   5.9168800000e-01
    250000    46.00000000   6.3424900000e-01
    250000    48.00000000   6.7670400000e-01
    250000    50.00000000   7.1884500000e-01
    250000    52.00000000   7.6046600000e-01
    250000    54.00000000   8.0136600000e-01
    250000    56.00000000   8.4134400000e-01
    250000    58.00000000   8.8020500000e-01
    250000    60.00000000   9.1775900000e-01
    250000    62.00000000   9.5382400000e-01
    250000    64.00000000   9.8822300000e-01
    250000    66.00000000   1.0207880000e+00
    250000    68.00000000   1.0513600000e+00
    250000    70.00000000   1.0797900000e+00
    250000    72.00000000   1.1059400000e+00
    250000    74.00000000   1.1296800000e+00
    250000    76.00000000   1.1508960000e+00
    250000    78.00000000   1.1694830000e+00
    250000    80.00000000   1.1853510000e+00
    250000    82.00000000   1.1984220000e+00
    250000    84.00000000   1.2086320000e+00
    250000    86.00000000   1.2159310000e+00
    250000    88.00000000   1.2202820000e+00
    250000    90.00000000   1.2216640000e+00
     50000   -90.00000000   1.2216640000e+00
     50000   -88.00000000   1.2230000000e+00
     50000   -86.00000000   1.2213640000e+00
     50000   -84.00000000   1.2167740000e+00
     50000   -82.00000000   1.2092620000e+00
     50000   -80.00000000   1.1988770000e+00
     50000   -78.00000000   1.1856770000e+00
     50000   -76.00000000   1.1697390000e+00
     50000   -74.00000000   1.1511490000e+00
     50000   -72.00000000   1.1300090000e+00
     50000   -70.00000000   1.1064300000e+00
     50000   -68.00000000   1.0805380000e+00
     50000   -66.00000000   1.0524680000e+00
     50000   -64.00000000   1.0223670000e+00
     50000   -62.00000000   9.9039000000e-01
     50000   -60.00000000   9.5670400000e-01
     50000   -58.00000000   9.2147900000e-01
     50000   -56.00000000   8.8489900000e-01
     50000   -54.00000000   8.4714800000e-01
     50000   -52.00000000   8.0841900000e-01
     50000   -50.00000000   7.6891000000e-01
     50000   -48.00000000   7.2882100000e-01
     50000   -46.00000000   6.8835500000e-01
     50000   -44.00000000   6.4771700000e-01
     50000   -42.00000000   6.0711100000e-01
     50000   -40.00000000   5.6674300000e-01
     50000   -38.00000000   5.2681700000e-01
     50000   -36.00000000   4.8753300000e-01
     50000   -34.00000000   4.4908800000e-01
     50000   -32.00000000   4.1167700000e-01
     50000   -30.00000000   3.7548700000e-01
     50000   -28.00000000   3.4069900000e-01
     50000   -26.00000000   3.0748800000e-01
     50000   -24.00000000   2.7602100000e-01
     50000   -22.00000000   2.4645500000e-01
     50000   -20.00000000   2.1893900000e-01
     50000   -18.00000000   1.9360900000e-01
     50000   -16.00000000   1.7059300000e-01
     50000   -14.00000000   1.5000700000e-01
     50000   -12.00000000   1.3195200000e-01
     50000   -10.00000000   1.1651900000e-01
     50000    -8.00000000   1.0378600000e-01
     50000    -6.00000000   9.5488000000e-02
     50000    -4.00000000   8.6277000000e-02
     50000    -2.00000000   6.1463000000e-02
     50000     0.00000000   3.9240000000e-02
     50000     2.00000000   3.5150000000e-02
     50000     4.00000000   3.7777000000e-02
     50000     6.00000000   2.6820000000e-02
     50000     8.00000000   3.6896000000e-02
     50000    10.00000000   6.9710000000e-02
     50000    12.00000000   8.9456000000e-02
     50000    14.00000000   1.0388700000e-01
     50000    16.00000000   1.2490300000e-01
     50000    18.00000000   1.4840400000e-01
     50000    20.00000000   1.7427400000e-01
     50000    22.00000000   2.0238500000e-01
     50000    24.00000000   2.3259900000e-01
     50000    26.00000000   2.6476800000e-01
     50000    28.00000000   2.9873100000e-01
     50000    30.00000000   3.3432400000e-01
     50000    32.00000000   3.7136800000e-01
     50000    34.00000000   4.0968300000e-01
     50000    36.00000000   4.4907900000e-01
     50000    38.00000000   4.8936200000e-01
     50000    40.00000000   5.3033200000e-01
     50000    42.00000000   5.7178900000e-01
     50000    44.00000000   6.1352600000e-01
     50000    46.00000000   6.5533700000e-01
     50000    48.00000000   6.9701700000e-01
     50000    50.00000000   7.3835800000e-01
     50000    52.00000000   7.7915600000e-01
     50000    54.00000000   8.1921000000e-01
     50000    56.00000000   8.5831900000e-01
     50000    58.00000000   8.9629200000e-01
     50000    60.00000000   9.3293800000e-01
     50000    62.00000000   9.6807600000e-01
     50000    64.00000000   1.0015310000e+00
     50000    66.00000000   1.0331350000e+00
     50000    68.00000000   1.0627320000e+00
     50000    70.00000000   1.0901730000e+00
     50000    72.00000000   1.1153210000e+00
     50000    74.00000000   1.1380480000e+00
     50000    76.00000000   1.1582400000e+00
     50000    78.00000000   1.1757950000e+00
     50000    80.00000000   1.1906230000e+00
     50000    82.00000000   1.2026470000e+00
     50000    84.00000000   1.2118050000e+00
     50000    86.00000000   1.2180480000e+00
     50000    88.00000000   1.2213410000e+00
     50000    90.00000000   1.2216640000e+00
    100000   -90.00000000   1.2216640000e+00
    100000   -88.00000000   1.2228020000e+00
    100000   -86.00000000   1.2209680000e+00
    100000   -84.00000000   1.2161800000e+00
    100000   -82.00000000   1.2084720000e+00
    100000   -80.00000000   1.1978900000e+00
    100000   -78.00000000   1.1844970000e+00
    100000   -76.00000000   1.1683650000e+00
    100000   -74.00000000   1.1495840000e+00
    100000   -72.00000000   1.1282530000e+00
    100000   -70.00000000   1.1044870000e+00
    100000   -68.00000000   1.0784100000e+00
    100000   -66.00000000   1.0501580000e+00
    100000   -64.00000000   1.0198770000e+00
    100000   -62.00000000   9.8772400000e-01
    100000   -60.00000000   9.5386400000e-01
    100000   -58.00000000   9.1847000000e-01
    100000   -56.00000000   8.8172300000e-01
    100000   -54.00000000   8.4380900000e-01
    100000   -52.00000000   8.0492300000e-01
    100000   -50.00000000   7.6526000000e-01
    100000   -48.00000000   7.2502100000e-01
    100000   -46.00000000   6.8441000000e-01
    100000   -44.00000000   6.4363100000e-01
    100000   -42.00000000   6.0289000000e-01
    100000   -40.00000000   5.6239300000e-01
    100000   -38.00000000   5.2234100000e-01
    100000   -36.00000000   4.8293800000e-01
    100000   -34.00000000   4.4438000000e-01
    100000   -32.00000000   4.0686100000e-01
    100000   -30.00000000   3.7056800000e-01
    100000   -28.00000000   3.3568400000e-01
    100000   -26.00000000   3.0238400000e-01
    100000   -24.00000000   2.7083300000e-01
    100000   -22.00000000   2.4118900000e-01
    100000   -20.00000000   2.1360200000e-01
    100000   -18.00000000   1.8820800000e-01
    100000   -16.00000000   1.6513400000e-01
    100000   -14.00000000   1.4449600000e-01
    100000   -12.00000000   1.2639600000e-01
    100000   -10.00000000   1.1092600000e-01
    100000    -8.00000000   9.8162000000e-02
    100000    -6.00000000   8.9755000000e-02
    100000    -4.00000000   7.8790000000e-02
    100000    -2.00000000   4.6496000000e-02
    100000     0.00000000   2.5140000000e-02
    100000     2.00000000   2.1380000000e-02
    100000     4.00000000   1.6190000000e-02
    100000     6.00000000   1.9990000000e-02
    100000     8.00000000   3.2606000000e-02
    100000    10.00000000   6.4770000000e-02
    100000    12.00000000   6.5073000000e-02
    100000    14.00000000   8.3665000000e-02
    100000    16.00000000   1.0487000000e-01
    100000    18.00000000   1.2858300000e-01
    100000    20.00000000   1.5469000000e-01
    100000    22.00000000   1.8306100000e-01
    100000    24.00000000   2.1356000000e-01
    100000    26.00000000   2.4603600000e-01
    100000    28.00000000   2.8033000000e-01
    100000    30.00000000   3.1627400000e-01
    100000    32.00000000   3.5369400000e-01
    100000    34.00000000   3.9240500000e-01
    100000    36.00000000   4.3221800000e-01
    100000    38.00000000   4.7293900000e-01
    100000    40.00000000   5.1436700000e-01
    100000    42.00000000   5.5630000000e-01
    100000    44.00000000   5.9853400000e-01
    100000    46.00000000   6.4086000000e-01
    100000    48.00000000   6.8307100000e-01
    100000    50.00000000   7.2496100000e-01
    100000    52.00000000   7.6632500000e-01
    100000    54.00000000   8.0695900000e-01
    100000    56.00000000   8.4666500000e-01
    100000    58.00000000   8.8524800000e-01
    100000    60.00000000   9.2251700000e-01
    100000    62.00000000   9.5829100000e-01
    100000    64.00000000   9.9239400000e-01
    100000    66.00000000   1.0246580000e+00
    100000    68.00000000   1.0549250000e+00
    100000    70.00000000   1.0830450000e+00
    100000    72.00000000   1.1088800000e+00
    100000    74.00000000   1.1323030000e+00
    100000    76.00000000   1.1531980000e+00
    100000    78.00000000   1.1714620000e+00
    100000    80.00000000   1.1870040000e+00
    100000    82.00000000   1.1997470000e+00
    100000    84.00000000   1.2096270000e+00
    100000    86.00000000   1.2165940000e+00
    100000    88.00000000   1.2206140000e+00
    100000    90.00000000   1.2216640000e+00
    150000   -90.00000000   1.2216640000e+00
    150000   -88.00000000   1.2230490000e+00
    150000   -86.00000000   1.2214620000e+00
    150000   -84.00000000   1.2169210000e+00
    150000   -82.00000000   1.2094580000e+00
    150000   -80.00000000   1.1991210000e+00
    150000   -78.00000000   1.1859700000e+00
    150000   -76.00000000   1.1700800000e+00
    150000   -74.00000000   1.1515380000e+00
    150000   -72.00000000   1.1304440000e+00
    150000   -70.00000000   1.1069120000e+00
    150000   -68.00000000   1.0810660000e+00
    150000   -66.00000000   1.0530410000e+00
    150000   -64.00000000   1.0229850000e+00
    150000   -62.00000000   9.9105200000e-01
    150000   -60.00000000   9.5740800000e-01
    150000   -58.00000000   9.2222600000e-01
    150000   -56.00000000   8.8568700000e-01
    150000   -54.00000000   8.4797600000e-01
    150000   -52.00000000   8.0928700000e-01
    150000   -50.00000000   7.6981600000e-01
    150000   -48.00000000   7.2976400000e-01
    150000   -46.00000000   6.8933400000e-01
    150000   -44.00000000   6.4873100000e-01
    150000   -42.00000000   6.0815900000e-01
    150000   -40.00000000   5.6782300000e-01
    150000   -38.00000000   5.2792800000e-01
    150000   -36.00000000   4.8867300000e-01
    150000   -34.00000000   4.5025700000e-01
    150000   -32.00000000   4.1287200000e-01
    150000   -30.00000000   3.7670700000e-01
    150000   -28.00000000   3.4194400000e-01
    150000   -26.00000000   3.0875500000e-01
    150000   -24.00000000   2.7730900000e-01
    150000   -22.00000000   2.4776200000e-01
    150000   -20.00000000   2.2026300000e-01
    150000   -18.00000000   1.9495000000e-01
    150000   -16.00000000   1.7194800000e-01
    150000   -14.00000000   1.5137400000e-01
    150000   -12.00000000   1.3333000000e-01
    150000   -10.00000000   1.1790700000e-01
    150000    -8.00000000   1.0569800000e-01
    150000    -6.00000000   9.5515000000e-02
    150000    -4.00000000   6.1584000000e-02
    150000    -2.00000000   4.5909000000e-02
    150000     0.00000000   2.0620000000e-02
    150000     2.00000000   1.4520000000e-02
    150000     4.00000000   1.2740000000e-02
    150000     6.00000000   1.9501000000e-02
    150000     8.00000000   2.9874000000e-02
    150000    10.00000000   4.2085000000e-02
    150000    12.00000000   5.9318000000e-02
    150000    14.00000000   7.7956000000e-02
    150000    16.00000000   9.9214000000e-02
    150000    18.00000000   1.2298700000e-01
    150000    20.00000000   1.4916100000e-01
    150000    22.00000000   1.7760600000e-01
    150000    24.00000000   2.0818500000e-01
    150000    26.00000000   2.4074700000e-01
    150000    28.00000000   2.7513500000e-01
    150000    30.00000000   3.1117900000e-01
    150000    32.00000000   3.4870400000e-01
    150000    34.00000000   3.8752700000e-01
    150000    36.00000000   4.2745800000e-01
    150000    38.00000000   4.6830200000e-01
    150000    40.00000000   5.0986000000e-01
    150000    42.00000000   5.5192800000e-01
    150000    44.00000000   5.9430100000e-01
    150000    46.00000000   6.3677300000e-01
    150000    48.00000000   6.7913400000e-01
    150000    50.00000000   7.2118000000e-01
    150000    52.00000000   7.6270300000e-01
    150000    54.00000000   8.0350100000e-01
    150000    56.00000000   8.4337500000e-01
    150000    58.00000000   8.8213000000e-01
    150000    60.00000000   9.1957600000e-01
    150000    62.00000000   9.5552900000e-01
    150000    64.00000000   9.8981500000e-01
    150000    66.00000000   1.0222650000e+00
    150000    68.00000000   1.0527210000e+00
    150000    70.00000000   1.0810330000e+00
    150000    72.00000000   1.1070620000e+00
    150000    74.00000000   1.1306810000e+00
    150000    76.00000000   1.1517750000e+00
    150000    78.00000000   1.1702390000e+00
    150000    80.00000000   1.1859820000e+00
    150000    82.00000000   1.1989280000e+00
    150000    84.00000000   1.2090120000e+00
    150000    86.00000000   1.2161840000e+00
    150000    88.00000000   1.2204090000e+00
    150000    90.00000000   1.2216640000e+00
    200000   -90.00000000   1.2216640000e+00
    200000   -88.00000000   1.2229700000e+00
    200000   -86.00000000   1.2213030000e+00
    200000   -84.00000000   1.2166830000e+00
    200000   -82.00000000   1.2091410000e+00
    200000   -80.00000000   1.1987260000e+00
    200000   -78.00000000   1.1854970000e+00
    200000   -76.00000000   1.1695290000e+00
    200000   -74.00000000   1.1509100000e+00
    200000   -72.00000000   1.1297400000e+00
    200000   -70.00000000   1.1061330000e+00
    200000   -68.00000000   1.0802120000e+00
    200000   -66.00000000   1.0521150000e+00
    200000   -64.00000000   1.0219860000e+00
    200000   -62.00000000   9.8998300000e-01
    200000   -60.00000000   9.5626900000e-01
    200000   -58.00000000   9.2101900000e-01
    200000   -56.00000000   8.8441300000e-01
    200000   -54.00000000   8.4663700000e-01
    200000   -52.00000000   8.0788500000e-01
    200000   -50.00000000   7.6835200000e-01
    200000   -48.00000000   7.2824000000e-01
    200000   -46.00000000   6.8775200000e-01
    200000   -44.00000000   6.4709200000e-01
    200000   -42.00000000   6.0646600000e-01
    200000   -40.00000000   5.6607800000e-01
    200000   -38.00000000   5.2613300000e-01
    200000   -36.00000000   4.8683000000e-01
    200000   -34.00000000   4.4836800000e-01
    200000   -32.00000000   4.1094100000e-01
    200000   -30.00000000   3.7473500000e-01
    200000   -28.00000000   3.3993200000e-01
    200000   -26.00000000   3.0670800000e-01
    200000   -24.00000000   2.7522800000e-01
    200000   -22.00000000   2.4565000000e-01
    200000   -20.00000000   2.1812300000e-01
    200000   -18.00000000   1.9278300000e-01
    200000   -16.00000000   1.6975900000e-01
    200000   -14.00000000   1.4916400000e-01
    200000   -12.00000000   1.3110200000e-01
    200000   -10.00000000   1.1566400000e-01
    200000    -8.00000000   1.0438700000e-01
    200000    -6.00000000   9.1362000000e-02
    200000    -4.00000000   6.6790000000e-02
    200000    -2.00000000   3.3200000000e-02
    200000     0.00000000   1.6730000000e-02
    200000     2.00000000   1.1385000000e-02
    200000     4.00000000   1.2200000000e-02
    200000     6.00000000   1.9319000000e-02
    200000     8.00000000   2.7360000000e-02
    200000    10.00000000   3.9675000000e-02
    200000    12.00000000   5.6461000000e-02
    200000    14.00000000   7.5122000000e-02
    200000    16.00000000   9.6406000000e-02
    200000    18.00000000   1.2021000000e-01
    200000    20.00000000   1.4641600000e-01
    200000    22.00000000   1.7489800000e-01
    200000    24.00000000   2.0551700000e-01
    200000    26.00000000   2.3812200000e-01
    200000    28.00000000   2.7255600000e-01
    200000    30.00000000   3.0865000000e-01
    200000    32.00000000   3.4622700000e-01
    200000    34.00000000   3.8510600000e-01
    200000    36.00000000   4.2509500000e-01
    200000    38.00000000   4.6600100000e-01
    200000    40.00000000   5.0762200000e-01
    200000    42.00000000   5.4975800000e-01
    200000    44.00000000   5.9220000000e-01
    200000    46.00000000   6.3474400000e-01
    200000    48.00000000   6.7718000000e-01
    200000    50.00000000   7.1930200000e-01
    200000    52.00000000   7.6090500000e-01
    200000    54.00000000   8.0178400000e-01
    200000    56.00000000   8.4174200000e-01
    200000    58.00000000   8.8058200000e-01
    200000    60.00000000   9.1811500000e-01
    200000    62.00000000   9.5415800000e-01
    200000    64.00000000   9.8853500000e-01
    200000    66.00000000   1.0210770000e+00
    200000    68.00000000   1.0516270000e+00
    200000    70.00000000   1.0800340000e+00
    200000    72.00000000   1.1061600000e+00
    200000    74.00000000   1.1298760000e+00
    200000    76.00000000   1.1510680000e+00
    200000    78.00000000   1.1696310000e+00
    200000    80.00000000   1.1854750000e+00
    200000    82.00000000   1.1985210000e+00
    200000    84.00000000   1.2087060000e+00
    200000    86.00000000   1.2159800000e+00
    200000    88.00000000   1.2203070000e+00
    200000    90.00000000   1.2216640000e+00
    250000   -90.00000000   1.2216640000e+00
    250000   -88.00000000   1.2229500000e+00
    250000   -86.00000000   1.2212640000e+00
    250000   -84.00000000   1.2166250000e+00
    250000   -82.00000000   1.2090640000e+00
    250000   -80.00000000   1.1986290000e+00
    250000   -78.00000000   1.1853810000e+00
    250000   -76.00000000   1.1693940000e+00
    250000   -74.00000000   1.1507560000e+00
    250000   -72.00000000   1.1295680000e+00
    250000   -70.00000000   1.1059420000e+00
    250000   -68.00000000   1.0800040000e+00
    250000   -66.00000000   1.0518880000e+00
    250000   -64.00000000   1.0217420000e+00
    250000   -62.00000000   9.8972100000e-01
    250000   -60.00000000   9.5599100000e-01
    250000   -58.00000000   9.2072400000e-01
    250000   -56.00000000   8.8410200000e-01
    250000   -54.00000000   8.4631000000e-01
    250000   -52.00000000   8.0754200000e-01
    250000   -50.00000000   7.6799400000e-01
    250000   -48.00000000   7.2786800000e-01
    250000   -46.00000000   6.8736500000e-01
    250000   -44.00000000   6.4669100000e-01
    250000   -42.00000000   6.0605200000e-01
    250000   -40.00000000   5.6565200000e-01
    250000   -38.00000000   5.2569400000e-01
    250000   -36.00000000   4.8638000000e-01
    250000   -34.00000000   4.4790700000e-01
    250000   -32.00000000   4.1046800000e-01
    250000   -30.00000000   3.7425200000e-01
    250000   -28.00000000   3.3944100000e-01
    250000   -26.00000000   3.0620700000e-01
    250000   -24.00000000   2.7471900000e-01
    250000   -22.00000000   2.4513400000e-01
    250000   -20.00000000   2.1759900000e-01
    250000   -18.00000000   1.9225400000e-01
    250000   -16.00000000   1.6922300000e-01
    250000   -14.00000000   1.4862400000e-01
    250000   -12.00000000   1.3055800000e-01
    250000   -10.00000000   1.1511500000e-01
    250000    -8.00000000   1.0358100000e-01
    250000    -6.00000000   8.8787000000e-02
    250000    -4.00000000   5.7350000000e-02
    250000    -2.00000000   2.9415000000e-02
    250000     0.00000000   1.1390000000e-02
    250000     2.00000000   8.8600000000e-03
    250000     4.00000000   1.1850000000e-02
    250000     6.00000000   1.8415000000e-02
    250000     8.00000000   2.7770000000e-02
    250000    10.00000000   3.9948000000e-02
    250000    12.00000000   5.6866000000e-02
    250000    14.00000000   7.5524000000e-02
    250000    16.00000000   9.6804000000e-02
    250000    18.00000000   1.2060300000e-01
    250000    20.00000000   1.4680500000e-01
    250000    22.00000000   1.7528200000e-01
    250000    24.00000000   2.0589500000e-01
    250000    26.00000000   2.3849400000e-01
    250000    28.00000000   2.7292100000e-01
    250000    30.00000000   3.0900800000e-01
    250000    32.00000000   3.4657800000e-01
    250000    34.00000000   3.8544900000e-01
    250000    36.00000000   4.2543000000e-01
    250000    38.00000000   4.6632700000e-01
    250000    40.00000000   5.0794000000e-01
    250000    42.00000000   5.5006500000e-01
    250000    44.00000000   5.9249800000e-01
    250000    46.00000000   6.3503100000e-01
    250000    48.00000000   6.7745700000e-01
    250000    50.00000000   7.1956800000e-01
    250000    52.00000000   7.6115900000e-01
    250000    54.00000000   8.0202800000e-01
    250000    56.00000000   8.4197300000e-01
    250000    58.00000000   8.8080100000e-01
    250000    60.00000000   9.1832200000e-01
    250000    62.00000000   9.5435200000e-01
    250000    64.00000000   9.8871600000e-01
    250000    66.00000000   1.0212460000e+00
    250000    68.00000000   1.0517820000e+00
    250000    70.00000000   1.0801750000e+00
    250000    72.00000000   1.1062870000e+00
    250000    74.00000000   1.1299900000e+00
    250000    76.00000000   1.1511680000e+00
    250000    78.00000000   1.1697170000e+00
    250000    80.00000000   1.1855470000e+00
    250000    82.00000000   1.1985790000e+00
    250000    84.00000000   1.2087500000e+00
    250000    86.00000000   1.2160090000e+00
    250000    88.00000000   1.2203210000e+00
    250000    90.00000000   1.2216640000e+00
     50000   -90.00000000   1.2216640000e+00
     50000   -88.00000000   1.2229500000e+00
     50000   -86.00000000   1.2212630000e+00
     50000   -84.00000000   1.2166230000e+00
     50000   -82.00000000   1.2090620000e+00
     50000   -80.00000000   1.1986260000e+00
     50000   -78.00000000   1.1853780000e+00
     50000   -76.00000000   1.1693900000e+00
     50000   -74.00000000   1.1507520000e+00
     50000   -72.00000000   1.1295630000e+00
     50000   -70.00000000   1.1059370000e+00
     50000   -68.00000000   1.0799980000e+00
     50000   -66.00000000   1.0518820000e+00
     50000   -64.00000000   1.0217350000e+00
     50000   -62.00000000   9.8971400000e-01
     50000   -60.00000000   9.5598300000e-01
     50000   -58.00000000   9.2071600000e-01
     50000   -56.00000000   8.8409200000e-01
     50000   -54.00000000   8.4630000000e-01
     50000   -52.00000000   8.0753200000e-01
     50000   -50.00000000   7.6798400000e-01
     50000   -48.00000000   7.2785700000e-01
     50000   -46.00000000   6.8735400000e-01
     50000   -44.00000000   6.4668000000e-01
     50000   -42.00000000   6.0604000000e-01
     50000   -40.00000000   5.6563900000e-01
     50000   -38.00000000   5.2568100000e-01
     50000   -36.00000000   4.8636600000e-01
     50000   -34.00000000   4.4789300000e-01
     50000   -32.00000000   4.1045500000e-01
     50000   -30.00000000   3.7423800000e-01
     50000   -28.00000000   3.3942600000e-01
     50000   -26.00000000   3.0619300000e-01
     50000   -24.00000000   2.7470400000e-01
     50000   -22.00000000   2.4511900000e-01
     50000   -20.00000000   2.1758400000e-01
     50000   -18.00000000   1.9223800000e-01
     50000   -16.00000000   1.6920800000e-01
     50000   -14.00000000   1.4860800000e-01
     50000   -12.00000000   1.3054200000e-01
     50000   -10.00000000   1.1509900000e-01
     50000    -8.00000000   1.0235800000e-01
     50000    -6.00000000   9.3118000000e-02
     50000    -4.00000000   8.5220000000e-02
     50000    -2.00000000   5.8586000000e-02
     50000     0.00000000   3.3510000000e-02
     50000     2.00000000   3.4880000000e-02
     50000     4.00000000   3.7430000000e-02
     50000     6.00000000   2.6610000000e-02
     50000     8.00000000   3.6800000000e-02
     50000    10.00000000   6.1034000000e-02
     50000    12.00000000   7.4826000000e-02
     50000    14.00000000   9.0189000000e-02
     50000    16.00000000   1.1133300000e-01
     50000    18.00000000   1.3497800000e-01
     50000    20.00000000   1.6100800000e-01
     50000    22.00000000   1.8929600000e-01
     50000    24.00000000   2.1970200000e-01
     50000    26.00000000   2.5207900000e-01
     50000    28.00000000   2.8626600000e-01
     50000    30.00000000   3.2209700000e-01
     50000    32.00000000   3.5939600000e-01
     50000    34.00000000   3.9797900000e-01
     50000    36.00000000   4.3765800000e-01
     50000    38.00000000   4.7823700000e-01
     50000    40.00000000   5.1951800000e-01
     50000    42.00000000   5.6129700000e-01
     50000    44.00000000   6.0337000000e-01
     50000    46.00000000   6.4553000000e-01
     50000    48.00000000   6.8757000000e-01
     50000    50.00000000   7.2928300000e-01
     50000    52.00000000   7.7046500000e-01
     50000    54.00000000   8.1091100000e-01
     50000    56.00000000   8.5042500000e-01
     50000    58.00000000   8.8881100000e-01
     50000    60.00000000   9.2587900000e-01
     50000    62.00000000   9.6144800000e-01
     50000    64.00000000   9.9534200000e-01
     50000    66.00000000   1.0273930000e+00
     50000    68.00000000   1.0574440000e+00
     50000    70.00000000   1.0853450000e+00
     50000    72.00000000   1.1109580000e+00
     50000    74.00000000   1.1341560000e+00
     50000    76.00000000   1.1548250000e+00
     50000    78.00000000   1.1728600000e+00
     50000    80.00000000   1.1881710000e+00
     50000    82.00000000   1.2006820000e+00
     50000    84.00000000   1.2103300000e+00
     50000    86.00000000   1.2170630000e+00
     50000    88.00000000   1.2208490000e+00
     50000    90.00000000   1.2216640000e+00
    100000   -90.00000000   1.2216640000e+00
    100000   -88.00000000   1.2228820000e+00
    100000   -86.00000000   1.2211280000e+00
    100000   -84.00000000   1.2164210000e+00
    100000   -82.00000000   1.2087930000e+00
    100000   -80.00000000   1.1982900000e+00
    100000   -78.00000000   1.1849760000e+00
    100000   -76.00000000   1.1689220000e+00
    100000   -74.00000000   1.1502190000e+00
    100000   -72.00000000   1.1289650000e+00
    100000   -70.00000000   1.1052750000e+00
    100000   -68.00000000   1.0792730000e+00
    100000   -66.00000000   1.0510950000e+00
    100000   -64.00000000   1.0208870000e+00
    100000   -62.00000000   9.8880600000e-01
    100000   -60.00000000   9.5501600000e-01
    100000   -58.00000000   9.1969100000e-01
    100000   -56.00000000   8.8301100000e-01
    100000   -54.00000000   8.4516400000e-01
    100000   -52.00000000   8.0634100000e-01
    100000   -50.00000000   7.6674100000e-01
    100000   -48.00000000   7.2656300000e-01
    100000   -46.00000000   6.8601000000e-01
    100000   -44.00000000   6.4528900000e-01
    100000   -42.00000000   6.0460300000e-01
    100000   -40.00000000   5.6415800000e-01
    100000   -38.00000000   5.2415700000e-01
    100000   -36.00000000   4.8480200000e-01
    100000   -34.00000000   4.4629000000e-01
    100000   -32.00000000   4.0881400000e-01
    100000   -30.00000000   3.7256300000e-01
    100000   -28.00000000   3.3771900000e-01
    100000   -26.00000000   3.0445400000e-01
    100000   -24.00000000   2.7293800000e-01
    100000   -22.00000000   2.4332600000e-01
    100000   -20.00000000   2.1576700000e-01
    100000   -18.00000000   1.9039900000e-01
    100000   -16.00000000   1.6734900000e-01
    100000   -14.00000000   1.4673100000e-01
    100000   -12.00000000   1.2865000000e-01
    100000   -10.00000000   1.1319500000e-01
    100000    -8.00000000   1.0044300000e-01
    100000    -6.00000000   9.1836000000e-02
    100000    -4.00000000   7.7735000000e-02
    100000    -2.00000000   4.6242000000e-02
    100000     0.00000000   2.4950000000e-02
    100000     2.00000000   2.0240000000e-02
    100000     4.00000000   1.6460000000e-02
    100000     6.00000000   2.0130000000e-02
    100000     8.00000000   3.5275000000e-02
    100000    10.00000000   5.6505000000e-02
    100000    12.00000000   7.4115000000e-02
    100000    14.00000000   9.2634000000e-02
    100000    16.00000000   1.1375500000e-01
    100000    18.00000000   1.3737400000e-01
    100000    20.00000000   1.6337600000e-01
    100000    22.00000000   1.9163200000e-01
    100000    24.00000000   2.2200400000e-01
    100000    26.00000000   2.5434400000e-01
    100000    28.00000000   2.8849100000e-01
    100000    30.00000000   3.2428000000e-01
    100000    32.00000000   3.6153300000e-01
    100000    34.00000000   4.0006800000e-01
    100000    36.00000000   4.3969700000e-01
    100000    38.00000000   4.8022300000e-01
    100000    40.00000000   5.2144800000e-01
    100000    42.00000000   5.6317000000e-01
    100000    44.00000000   6.0518300000e-01
    100000    46.00000000   6.4728100000e-01
    100000    48.00000000   6.8925600000e-01
    100000    50.00000000   7.3090300000e-01
    100000    52.00000000   7.7201600000e-01
    100000    54.00000000   8.1239300000e-01
    100000    56.00000000   8.5183400000e-01
    100000    58.00000000   8.9014600000e-01
    100000    60.00000000   9.2713900000e-01
    100000    62.00000000   9.6263100000e-01
    100000    64.00000000   9.9644700000e-01
    100000    66.00000000   1.0284180000e+00
    100000    68.00000000   1.0583880000e+00
    100000    70.00000000   1.0862070000e+00
    100000    72.00000000   1.1117370000e+00
    100000    74.00000000   1.1348510000e+00
    100000    76.00000000   1.1554340000e+00
    100000    78.00000000   1.1733840000e+00
    100000    80.00000000   1.1886090000e+00
    100000    82.00000000   1.2010330000e+00
    100000    84.00000000   1.2105930000e+00
    100000    86.00000000   1.2172390000e+00
    100000    88.00000000   1.2209370000e+00
    100000    90.00000000   1.2216640000e+00
    150000   -90.00000000   1.2216640000e+00
    150000   -88.00000000   1.2228700000e+00
    150000   -86.00000000   1.2211030000e+00
    150000   -84.00000000   1.2163830000e+00
    150000   -82.00000000   1.2087420000e+00
    150000   -80.00000000   1.1982280000e+00
    150000   -78.00000000   1.1849000000e+00
    150000   -76.00000000   1.1688350000e+00
    150000   -74.00000000   1.1501190000e+00
    150000   -72.00000000   1.1288540000e+00
    150000   -70.00000000   1.1051520000e+00
    150000   -68.00000000   1.0791380000e+00
    150000   -66.00000000   1.0509480000e+00
    150000   -64.00000000   1.0207290000e+00
    150000   -62.00000000   9.8863600000e-01
    150000   -60.00000000   9.5483500000e-01
    150000   -58.00000000   9.1949900000e-01
    150000   -56.00000000   8.8280900000e-01
    150000   -54.00000000   8.4495100000e-01
    150000   -52.00000000   8.0611900000e-01
    150000   -50.00000000   7.6650800000e-01
    150000   -48.00000000   7.2632100000e-01
    150000   -46.00000000   6.8575900000e-01
    150000   -44.00000000   6.4502900000e-01
    150000   -42.00000000   6.0433400000e-01
    150000   -40.00000000   5.6388100000e-01
    150000   -38.00000000   5.2387200000e-01
    150000   -36.00000000   4.8451000000e-01
    150000   -34.00000000   4.4599000000e-01
    150000   -32.00000000   4.0850800000e-01
    150000   -30.00000000   3.7225100000e-01
    150000   -28.00000000   3.3740000000e-01
    150000   -26.00000000   3.0413000000e-01
    150000   -24.00000000   2.7260700000e-01
    150000   -22.00000000   2.4299100000e-01
    150000   -20.00000000   2.1542700000e-01
    150000   -18.00000000   1.9005500000e-01
    150000   -16.00000000   1.6700100000e-01
    150000   -14.00000000   1.4638100000e-01
    150000   -12.00000000   1.2829700000e-01
    150000   -10.00000000   1.1283900000e-01
    150000    -8.00000000   1.0008500000e-01
    150000    -6.00000000   9.0598000000e-02
    150000    -4.00000000   7.4056000000e-02
    150000    -2.00000000   3.9050000000e-02
    150000     0.00000000   2.0910000000e-02
    150000     2.00000000   1.3770000000e-02
    150000     4.00000000   1.3030000000e-02
    150000     6.00000000   1.9760000000e-02
    150000     8.00000000   3.0556000000e-02
    150000    10.00000000   4.3064000000e-02
    150000    12.00000000   6.0563000000e-02
    150000    14.00000000   7.9191000000e-02
    150000    16.00000000   1.0043700000e-01
    150000    18.00000000   1.2419700000e-01
    150000    20.00000000   1.5035600000e-01
    150000    22.00000000   1.7878600000e-01
    150000    24.00000000   2.0934700000e-01
    150000    26.00000000   2.4189100000e-01
    150000    28.00000000   2.7625800000e-01
    150000    30.00000000   3.1228100000e-01
    150000    32.00000000   3.4978300000e-01
    150000    34.00000000   3.8858200000e-01
    150000    36.00000000   4.2848700000e-01
    150000    38.00000000   4.6930500000e-01
    150000    40.00000000   5.1083400000e-01
    150000    42.00000000   5.5287300000e-01
    150000    44.00000000   5.9521600000e-01
    150000    46.00000000   6.3765600000e-01
    150000    48.00000000   6.7998500000e-01
    150000    50.00000000   7.2199700000e-01
    150000    52.00000000   7.6348600000e-01
    150000    54.00000000   8.0424900000e-01
    150000    56.00000000   8.4408600000e-01
    150000    58.00000000   8.8280400000e-01
    150000    60.00000000   9.2021200000e-01
    150000    62.00000000   9.5612600000e-01
    150000    64.00000000   9.9037300000e-01
    150000    66.00000000   1.0227830000e+00
    150000    68.00000000   1.0531970000e+00
    150000    70.00000000   1.0814680000e+00
    150000    72.00000000   1.1074550000e+00
    150000    74.00000000   1.1310320000e+00
    150000    76.00000000   1.1520830000e+00
    150000    78.00000000   1.1705030000e+00
    150000    80.00000000   1.1862030000e+00
    150000    82.00000000   1.1991050000e+00
    150000    84.00000000   1.2091450000e+00
    150000    86.00000000   1.2162730000e+00
    150000    88.00000000   1.2204530000e+00
    150000    90.00000000   1.2216640000e+00
    200000   -90.00000000   1.2216640000e+00
    200000   -88.00000000   1.2229990000e+00
    200000   -86.00000000   1.2213610000e+00
    200000   -84.00000000   1.2167700000e+00
    200000   -82.00000000   1.2092570000e+00
    200000   -80.00000000   1.1988700000e+00
    200000   -78.00000000   1.1856690000e+00
    200000   -76.00000000   1.1697300000e+00
    200000   -74.00000000   1.1511380000e+00
    200000   -72.00000000   1.1299960000e+00
    200000   -70.00000000   1.1064160000e+00
    200000   -68.00000000   1.0805230000e+00
    200000   -66.00000000   1.0524520000e+00
    200000   -64.00000000   1.0223500000e+00
    200000   -62.00000000   9.9037200000e-01
    200000   -60.00000000   9.5668400000e-01
    200000   -58.00000000   9.2145900000e-01
    200000   -56.00000000   8.8487700000e-01
    200000   -54.00000000   8.4712500000e-01
    200000   -52.00000000   8.0839500000e-01
    200000   -50.00000000   7.6888500000e-01
    200000   -48.00000000   7.2879500000e-01
    200000   -46.00000000   6.8832800000e-01
    200000   -44.00000000   6.4768900000e-01
    200000   -42.00000000   6.0708200000e-01
    200000   -40.00000000   5.6671300000e-01
    200000   -38.00000000   5.2678600000e-01
    200000   -36.00000000   4.8750100000e-01
    200000   -34.00000000   4.4905600000e-01
    200000   -32.00000000   4.1164400000e-01
    200000   -30.00000000   3.7545300000e-01
    200000   -28.00000000   3.4066400000e-01
    200000   -26.00000000   3.0745300000e-01
    200000   -24.00000000   2.7598500000e-01
    200000   -22.00000000   2.4641900000e-01
    200000   -20.00000000   2.1890200000e-01
    200000   -18.00000000   1.9357200000e-01
    200000   -16.00000000   1.7055600000e-01
    200000   -14.00000000   1.4996900000e-01
    200000   -12.00000000   1.3191300000e-01
    200000   -10.00000000   1.1648100000e-01
    200000    -8.00000000   1.0420700000e-01
    200000    -6.00000000   9.3135000000e-02
    200000    -4.00000000   5.9576000000e-02
    200000    -2.00000000   3.2520000000e-02
    200000     0.00000000   1.6800000000e-02
    200000     2.00000000   1.0480000000e-02
    200000     4.00000000   1.2220000000e-02
    200000     6.00000000   1.9609000000e-02
    200000     8.00000000   2.7912000000e-02
    200000    10.00000000   4.1065000000e-02
    200000    12.00000000   5.7631000000e-02
    200000    14.00000000   7.6282000000e-02
    200000    16.00000000   9.7555000000e-02
    200000    18.00000000   1.2134700000e-01
    200000    20.00000000   1.4754000000e-01
    200000    22.00000000   1.7600700000e-01
    200000    24.00000000   2.0660900000e-01
    200000    26.00000000   2.3919700000e-01
    200000    28.00000000   2.7361100000e-01
    200000    30.00000000   3.0968500000e-01
    200000    32.00000000   3.4724100000e-01
    200000    34.00000000   3.8609700000e-01
    200000    36.00000000   4.2606300000e-01
    200000    38.00000000   4.6694300000e-01
    200000    40.00000000   5.0853800000e-01
    200000    42.00000000   5.5064600000e-01
    200000    44.00000000   5.9306000000e-01
    200000    46.00000000   6.3557400000e-01
    200000    48.00000000   6.7798000000e-01
    200000    50.00000000   7.2007100000e-01
    200000    52.00000000   7.6164100000e-01
    200000    54.00000000   8.0248700000e-01
    200000    56.00000000   8.4241000000e-01
    200000    58.00000000   8.8121600000e-01
    200000    60.00000000   9.1871300000e-01
    200000    62.00000000   9.5471900000e-01
    200000    64.00000000   9.8905900000e-01
    200000    66.00000000   1.0215640000e+00
    200000    68.00000000   1.0520750000e+00
    200000    70.00000000   1.0804430000e+00
    200000    72.00000000   1.1065290000e+00
    200000    74.00000000   1.1302060000e+00
    200000    76.00000000   1.1513570000e+00
    200000    78.00000000   1.1698800000e+00
    200000    80.00000000   1.1856830000e+00
    200000    82.00000000   1.1986880000e+00
    200000    84.00000000   1.2088310000e+00
    200000    86.00000000   1.2160640000e+00
    200000    88.00000000   1.2203480000e+00
    200000    90.00000000   1.2216640000e+00
    250000   -90.00000000   1.2216640000e+00
    250000   -88.00000000   1.2229640000e+00
    250000   -86.00000000   1.2212920000e+00
    250000   -84.00000000   1.2166660000e+00
    250000   -82.00000000   1.2091190000e+00
    250000   -80.00000000   1.1986970000e+00
    250000   -78.00000000   1.1854630000e+00
    250000   -76.00000000   1.1694890000e+00
    250000   -74.00000000   1.1508650000e+00
    250000   -72.00000000   1.1296890000e+00
    250000   -70.00000000   1.1060770000e+00
    250000   -68.00000000   1.0801510000e+00
    250000   -66.00000000   1.0520480000e+00
    250000   -64.00000000   1.0219140000e+00
    250000   -62.00000000   9.8990600000e-01
    250000   -60.00000000   9.5618700000e-01
    250000   -58.00000000   9.2093200000e-01
    250000   -56.00000000   8.8432100000e-01
    250000   -54.00000000   8.4654100000e-01
    250000   -52.00000000   8.0778400000e-01
    250000   -50.00000000   7.6824700000e-01
    250000   -48.00000000   7.2813000000e-01
    250000   -46.00000000   6.8763800000e-01
    250000   -44.00000000   6.4697400000e-01
    250000   -42.00000000   6.0634400000e-01
    250000   -40.00000000   5.6595200000e-01
    250000   -38.00000000   5.2600300000e-01
    250000   -36.00000000   4.8669700000e-01
    250000   -34.00000000   4.4823200000e-01
    250000   -32.00000000   4.1080100000e-01
    250000   -30.00000000   3.7459200000e-01
    250000   -28.00000000   3.3978700000e-01
    250000   -26.00000000   3.0656000000e-01
    250000   -24.00000000   2.7507800000e-01
    250000   -22.00000000   2.4549800000e-01
    250000   -20.00000000   2.1796800000e-01
    250000   -18.00000000   1.9262700000e-01
    250000   -16.00000000   1.6960100000e-01
    250000   -14.00000000   1.4900500000e-01
    250000   -12.00000000   1.3094200000e-01
    250000   -10.00000000   1.1550200000e-01
    250000    -8.00000000   1.0338200000e-01
    250000    -6.00000000   8.8447000000e-02
    250000    -4.00000000   4.9985000000e-02
    250000    -2.00000000   3.0350000000e-02
    250000     0.00000000   1.3920000000e-02
    250000     2.00000000   8.8600000000e-03
    250000     4.00000000   1.1815000000e-02
    250000     6.00000000   1.8648000000e-02
    250000     8.00000000   2.8920000000e-02
    250000    10.00000000   4.1092000000e-02
    250000    12.00000000   5.8002000000e-02
    250000    14.00000000   7.6651000000e-02
    250000    16.00000000   9.7921000000e-02
    250000    18.00000000   1.2170800000e-01
    250000    20.00000000   1.4789600000e-01
    250000    22.00000000   1.7635900000e-01
    250000    24.00000000   2.0695600000e-01
    250000    26.00000000   2.3953800000e-01
    250000    28.00000000   2.7394700000e-01
    250000    30.00000000   3.1001400000e-01
    250000    32.00000000   3.4756300000e-01
    250000    34.00000000   3.8641200000e-01
    250000    36.00000000   4.2637000000e-01
    250000    38.00000000   4.6724200000e-01
    250000    40.00000000   5.0882900000e-01
    250000    42.00000000   5.5092800000e-01
    250000    44.00000000   5.9333300000e-01
    250000    46.00000000   6.3583800000e-01
    250000    48.00000000   6.7823400000e-01
    250000    50.00000000   7.2031500000e-01
    250000    52.00000000   7.6187400000e-01
    250000    54.00000000   8.0271000000e-01
    250000    56.00000000   8.4262300000e-01
    250000    58.00000000   8.8141700000e-01
    250000    60.00000000   9.1890300000e-01
    250000    62.00000000   9.5489800000e-01
    250000    64.00000000   9.8922500000e-01
    250000    66.00000000   1.0217180000e+00
    250000    68.00000000   1.0522170000e+00
    250000    70.00000000   1.0805730000e+00
    250000    72.00000000   1.1066460000e+00
    250000    74.00000000   1.1303110000e+00
    250000    76.00000000   1.1514490000e+00
    250000    78.00000000   1.1699590000e+00
    250000    80.00000000   1.1857490000e+00
    250000    82.00000000   1.1987410000e+00
    250000    84.00000000   1.2088710000e+00
    250000    86.00000000   1.2160900000e+00
    250000    88.00000000   1.2203620000e+00
    250000    90.00000000   1.2216640000e+00
     50000   -90.00000000   1.2216640000e+00
     50000   -88.00000000   1.2229960000e+00
     50000   -86.00000000   1.2213560000e+00
     50000   -84.00000000   1.2167610000e+00
     50000   -82.00000000   1.2092460000e+00
     50000   -80.00000000   1.1988560000e+00
     50000   -78.00000000   1.1856530000e+00
     50000   -76.00000000   1.1697100000e+00
     50000   -74.00000000   1.1511170000e+00
     50000   -72.00000000   1.1299720000e+00
     50000   -70.00000000   1.1063890000e+00
     50000   -68.00000000   1.0804940000e+00
     50000   -66.00000000   1.0524200000e+00
     50000   -64.00000000   1.0223150000e+00
     50000   -62.00000000   9.9033500000e-01
     50000   -60.00000000   9.5664500000e-01
     50000   -58.00000000   9.2141700000e-01
     50000   -56.00000000   8.8483300000e-01
     50000   -54.00000000   8.4707800000e-01
     50000   -52.00000000   8.0834700000e-01
     50000   -50.00000000   7.6883500000e-01
     50000   -48.00000000   7.2874200000e-01
     50000   -46.00000000   6.8827300000e-01
     50000   -44.00000000   6.4763200000e-01
     50000   -42.00000000   6.0702300000e-01
     50000   -40.00000000   5.6665300000e-01
     50000   -38.00000000   5.2672400000e-01
     50000   -36.00000000   4.8743700000e-01
     50000   -34.00000000   4.4899100000e-01
     50000   -32.00000000   4.1157700000e-01
     50000   -30.00000000   3.7538500000e-01
     50000   -28.00000000   3.4059500000e-01
     50000   -26.00000000   3.0738200000e-01
     50000   -24.00000000   2.7591300000e-01
     50000   -22.00000000   2.4634600000e-01
     50000   -20.00000000   2.1882800000e-01
     50000   -18.00000000   1.9349700000e-01
     50000   -16.00000000   1.7048000000e-01
     50000   -14.00000000   1.4989200000e-01
     50000   -12.00000000   1.3183600000e-01
     50000   -10.00000000   1.1640300000e-01
     50000    -8.00000000   1.0366900000e-01
     50000    -6.00000000   9.4539000000e-02
     50000    -4.00000000   8.5331000000e-02
     50000    -2.00000000   5.7486000000e-02
     50000     0.00000000   3.3420000000e-02
     50000     2.00000000   3.4650000000e-02
     50000     4.00000000   3.7250000000e-02
     50000     6.00000000   2.6500000000e-02
     50000     8.00000000   3.7463000000e-02
     50000    10.00000000   6.8856000000e-02
     50000    12.00000000   7.1480000000e-02
     50000    14.00000000   8.8530000000e-02
     50000    16.00000000   1.0968900000e-01
     50000    18.00000000   1.3335100000e-01
     50000    20.00000000   1.5940100000e-01
     50000    22.00000000   1.8771000000e-01
     50000    24.00000000   2.1814000000e-01
     50000    26.00000000   2.5054200000e-01
     50000    28.00000000   2.8475600000e-01
     50000    30.00000000   3.2061600000e-01
     50000    32.00000000   3.5794600000e-01
     50000    34.00000000   3.9656100000e-01
     50000    36.00000000   4.3627400000e-01
     50000    38.00000000   4.7688900000e-01
     50000    40.00000000   5.1820800000e-01
     50000    42.00000000   5.6002600000e-01
     50000    44.00000000   6.0214000000e-01
     50000    46.00000000   6.4434200000e-01
     50000    48.00000000   6.8642600000e-01
     50000    50.00000000   7.2818400000e-01
     50000    52.00000000   7.6941200000e-01
     50000    54.00000000   8.0990600000e-01
     50000    56.00000000   8.4946900000e-01
     50000    58.00000000   8.8790400000e-01
     50000    60.00000000   9.2502400000e-01
     50000    62.00000000   9.6064500000e-01
     50000    64.00000000   9.9459200000e-01
     50000    66.00000000   1.0266980000e+00
     50000    68.00000000   1.0568030000e+00
     50000    70.00000000   1.0847600000e+00
     50000    72.00000000   1.1104300000e+00
     50000    74.00000000   1.1336850000e+00
     50000    76.00000000   1.1544110000e+00
     50000    78.00000000   1.1725040000e+00
     50000    80.00000000   1.1878740000e+00
     50000    82.00000000   1.2004440000e+00
     50000    84.00000000   1.2101510000e+00
     50000    86.00000000   1.2169440000e+00
     50000    88.00000000   1.2207890000e+00
     50000    90.00000000   1.2216640000e+00
    100000   -90.00000000   1.2216640000e+00
    100000   -88.00000000   1.2226660000e+00
    100000   -86.00000000   1.2206960000e+00
    100000   -84.00000000   1.2157730000e+00
    100000   -82.00000000   1.2079300000e+00
    100000   -80.00000000   1.1972140000e+00
    100000   -78.00000000   1.1836870000e+00
    100000   -76.00000000   1.1674230000e+00
    100000   -74.00000000   1.1485100000e+00
    100000   -72.00000000   1.1270500000e+00
    100000   -70.00000000   1.1031550000e+00
    100000   -68.00000000   1.0769510000e+00
    100000   -66.00000000   1.0485740000e+00
    100000   -64.00000000   1.0181700000e+00
    100000   -62.00000000   9.8589600000e-01
    100000   -60.00000000   9.5191700000e-01
    100000   -58.00000000   9.1640600000e-01
    100000   -56.00000000   8.7954500000e-01
    100000   -54.00000000   8.4152000000e-01
    100000   -52.00000000   8.0252500000e-01
    100000   -50.00000000   7.6275600000e-01
    100000   -48.00000000   7.2241500000e-01
    100000   -46.00000000   6.8170500000e-01
    100000   -44.00000000   6.4083000000e-01
    100000   -42.00000000   5.9999600000e-01
    100000   -40.00000000   5.5940900000e-01
    100000   -38.00000000   5.1927300000e-01
    100000   -36.00000000   4.7978700000e-01
    100000   -34.00000000   4.4115100000e-01
    100000   -32.00000000   4.0355800000e-01
    100000   -30.00000000   3.6719500000e-01
    100000   -28.00000000   3.3224600000e-01
    100000   -26.00000000   2.9888300000e-01
    100000   -24.00000000   2.6727500000e-01
    100000   -22.00000000   2.3757900000e-01
    100000   -20.00000000   2.0994200000e-01
    100000   -18.00000000   1.8450400000e-01
    100000   -16.00000000   1.6139000000e-01
    100000   -14.00000000   1.4071700000e-01
    100000   -12.00000000   1.2258700000e-01
    100000   -10.00000000   1.0709100000e-01
    100000    -8.00000000   9.4305000000e-02
    100000    -6.00000000   8.5739000000e-02
    100000    -4.00000000   7.5427000000e-02
    100000    -2.00000000   4.8826000000e-02
    100000     0.00000000   2.7140000000e-02
    100000     2.00000000   2.1800000000e-02
    100000     4.00000000   1.6250000000e-02
    100000     6.00000000   2.0346000000e-02
    100000     8.00000000   3.5529000000e-02
    100000    10.00000000   5.6733000000e-02
    100000    12.00000000   7.4304000000e-02
    100000    14.00000000   9.2821000000e-02
    100000    16.00000000   1.1394000000e-01
    100000    18.00000000   1.3755800000e-01
    100000    20.00000000   1.6355700000e-01
    100000    22.00000000   1.9181100000e-01
    100000    24.00000000   2.2218000000e-01
    100000    26.00000000   2.5451700000e-01
    100000    28.00000000   2.8866200000e-01
    100000    30.00000000   3.2444700000e-01
    100000    32.00000000   3.6169600000e-01
    100000    34.00000000   4.0022800000e-01
    100000    36.00000000   4.3985200000e-01
    100000    38.00000000   4.8037500000e-01
    100000    40.00000000   5.2159600000e-01
    100000    42.00000000   5.6331300000e-01
    100000    44.00000000   6.0532200000e-01
    100000    46.00000000   6.4741500000e-01
    100000    48.00000000   6.8938500000e-01
    100000    50.00000000   7.3102700000e-01
    100000    52.00000000   7.7213500000e-01
    100000    54.00000000   8.1250600000e-01
    100000    56.00000000   8.5194200000e-01
    100000    58.00000000   8.9024800000e-01
    100000    60.00000000   9.2723600000e-01
    100000    62.00000000   9.6272200000e-01
    100000    64.00000000   9.9653100000e-01
    100000    66.00000000   1.0284970000e+00
    100000    68.00000000   1.0584600000e+00
    100000    70.00000000   1.0862720000e+00
    100000    72.00000000   1.1117960000e+00
    100000    74.00000000   1.1349040000e+00
    100000    76.00000000   1.1554810000e+00
    100000    78.00000000   1.1734240000e+00
    100000    80.00000000   1.1886420000e+00
    100000    82.00000000   1.2010600000e+00
    100000    84.00000000   1.2106130000e+00
    100000    86.00000000   1.2172530000e+00
    100000    88.00000000   1.2209430000e+00
    100000    90.00000000   1.2216640000e+00
    150000   -90.00000000   1.2216640000e+00
    150000   -88.00000000   1.2229230000e+00
    150000   -86.00000000   1.2212100000e+00
    150000   -84.00000000   1.2165440000e+00
    150000   -82.00000000   1.2089560000e+00
    150000   -80.00000000   1.1984950000e+00
    150000   -78.00000000   1.1852200000e+00
    150000   -76.00000000   1.1692070000e+00
    150000   -74.00000000   1.1505430000e+00
    150000   -72.00000000   1.1293290000e+00
    150000   -70.00000000   1.1056780000e+00
    150000   -68.00000000   1.0797140000e+00
    150000   -66.00000000   1.0515740000e+00
    150000   -64.00000000   1.0214040000e+00
    150000   -62.00000000   9.8935900000e-01
    150000   -60.00000000   9.5560500000e-01
    150000   -58.00000000   9.2031500000e-01
    150000   -56.00000000   8.8367000000e-01
    150000   -54.00000000   8.4585600000e-01
    150000   -52.00000000   8.0706600000e-01
    150000   -50.00000000   7.6749800000e-01
    150000   -48.00000000   7.2735100000e-01
    150000   -46.00000000   6.8682900000e-01
    150000   -44.00000000   6.4613600000e-01
    150000   -42.00000000   6.0547800000e-01
    150000   -40.00000000   5.6506000000e-01
    150000   -38.00000000   5.2508500000e-01
    150000   -36.00000000   4.8575500000e-01
    150000   -34.00000000   4.4726600000e-01
    150000   -32.00000000   4.0981300000e-01
    150000   -30.00000000   3.7358400000e-01
    150000   -28.00000000   3.3875900000e-01
    150000   -26.00000000   3.0551300000e-01
    150000   -24.00000000   2.7401400000e-01
    150000   -22.00000000   2.4441800000e-01
    150000   -20.00000000   2.1687400000e-01
    150000   -18.00000000   1.9151900000e-01
    150000   -16.00000000   1.6848100000e-01
    150000   -14.00000000   1.4787400000e-01
    150000   -12.00000000   1.2980200000e-01
    150000   -10.00000000   1.1435500000e-01
    150000    -8.00000000   1.0251900000e-01
    150000    -6.00000000   9.1630000000e-02
    150000    -4.00000000   7.2377000000e-02
    150000    -2.00000000   3.7288000000e-02
    150000     0.00000000   2.0940000000e-02
    150000     2.00000000   1.4190000000e-02
    150000     4.00000000   1.3010000000e-02
    150000     6.00000000   2.0287000000e-02
    150000     8.00000000   3.0370000000e-02
    150000    10.00000000   4.2722000000e-02
    150000    12.00000000   5.9435000000e-02
    150000    14.00000000   7.8071000000e-02
    150000    16.00000000   9.9328000000e-02
    150000    18.00000000   1.2310000000e-01
    150000    20.00000000   1.4927200000e-01
    150000    22.00000000   1.7771600000e-01
    150000    24.00000000   2.0829300000e-01
    150000    26.00000000   2.4085400000e-01
    150000    28.00000000   2.7524000000e-01
    150000    30.00000000   3.1128200000e-01
    150000    32.00000000   3.4880500000e-01
    150000    34.00000000   3.8762600000e-01
    150000    36.00000000   4.2755400000e-01
    150000    38.00000000   4.6839600000e-01
    150000    40.00000000   5.0995100000e-01
    150000    42.00000000   5.5201600000e-01
    150000    44.00000000   5.9438700000e-01
    150000    46.00000000   6.3685500000e-01
    150000    48.00000000   6.7921400000e-01
    150000    50.00000000   7.2125600000e-01
    150000    52.00000000   7.6277600000e-01
    150000    54.00000000   8.0357100000e-01
    150000    56.00000000   8.4344200000e-01
    150000    58.00000000   8.8219300000e-01
    150000    60.00000000   9.1963500000e-01
    150000    62.00000000   9.5558500000e-01
    150000    64.00000000   9.8986700000e-01
    150000    66.00000000   1.0223140000e+00
    150000    68.00000000   1.0527650000e+00
    150000    70.00000000   1.0810730000e+00
    150000    72.00000000   1.1070990000e+00
    150000    74.00000000   1.1307140000e+00
    150000    76.00000000   1.1518040000e+00
    150000    78.00000000   1.1702630000e+00
    150000    80.00000000   1.1860030000e+00
    150000    82.00000000   1.1989440000e+00
    150000    84.00000000   1.2090240000e+00
    150000    86.00000000   1.2161920000e+00
    150000    88.00000000   1.2204130000e+00
    150000    90.00000000   1.2216640000e+00
    200000   -90.00000000   1.2216640000e+00
    200000   -88.00000000   1.2229240000e+00
    200000   -86.00000000   1.2212120000e+00
    200000   -84.00000000   1.2165460000e+00
    200000   -82.00000000   1.2089590000e+00
    200000   -80.00000000   1.1984980000e+00
    200000   -78.00000000   1.1852250000e+00
    200000   -76.00000000   1.1692120000e+00
    200000   -74.00000000   1.1505490000e+00
    200000   -72.00000000   1.1293350000e+00
    200000   -70.00000000   1.1056850000e+00
    200000   -68.00000000   1.0797220000e+00
    200000   -66.00000000   1.0515820000e+00
    200000   -64.00000000   1.0214120000e+00
    200000   -62.00000000   9.8936800000e-01
    200000   -60.00000000   9.5561500000e-01
    200000   -58.00000000   9.2032500000e-01
    200000   -56.00000000   8.8368100000e-01
    200000   -54.00000000   8.4586800000e-01
    200000   -52.00000000   8.0707800000e-01
    200000   -50.00000000   7.6751000000e-01
    200000   -48.00000000   7.2736400000e-01
    200000   -46.00000000   6.8684200000e-01
    200000   -44.00000000   6.4615000000e-01
    200000   -42.00000000   6.0549200000e-01
    200000   -40.00000000   5.6507500000e-01
    200000   -38.00000000   5.2510100000e-01
    200000   -36.00000000   4.8577100000e-01
    200000   -34.00000000   4.4728300000e-01
    200000   -32.00000000   4.0983000000e-01
    200000   -30.00000000   3.7360000000e-01
    200000   -28.00000000   3.3877600000e-01
    200000   -26.00000000   3.0553100000e-01
    200000   -24.00000000   2.7403100000e-01
    200000   -22.00000000   2.4443600000e-01
    200000   -20.00000000   2.1689200000e-01
    200000   -18.00000000   1.9153800000e-01
    200000   -16.00000000   1.6850000000e-01
    200000   -14.00000000   1.4789300000e-01
    200000   -12.00000000   1.2982100000e-01
    200000   -10.00000000   1.1437400000e-01
    200000    -8.00000000   1.0220700000e-01
    200000    -6.00000000   9.0392000000e-02
    200000    -4.00000000   4.7180000000e-02
    200000    -2.00000000   3.6340000000e-02
    200000     0.00000000   1.6440000000e-02
    200000     2.00000000   1.0480000000e-02
    200000     4.00000000   1.2220000000e-02
    200000     6.00000000   1.9828000000e-02
    200000     8.00000000   2.8442000000e-02
    200000    10.00000000   4.1592000000e-02
    200000    12.00000000   5.8154000000e-02
    200000    14.00000000   7.6801000000e-02
    200000    16.00000000   9.8070000000e-02
    200000    18.00000000   1.2185500000e-01
    200000    20.00000000   1.4804200000e-01
    200000    22.00000000   1.7650300000e-01
    200000    24.00000000   2.0709700000e-01
    200000    26.00000000   2.3967800000e-01
    200000    28.00000000   2.7408400000e-01
    200000    30.00000000   3.1014800000e-01
    200000    32.00000000   3.4769500000e-01
    200000    34.00000000   3.8654000000e-01
    200000    36.00000000   4.2649500000e-01
    200000    38.00000000   4.6736400000e-01
    200000    40.00000000   5.0894800000e-01
    200000    42.00000000   5.5104400000e-01
    200000    44.00000000   5.9344500000e-01
    200000    46.00000000   6.3594600000e-01
    200000    48.00000000   6.7833800000e-01
    200000    50.00000000   7.2041400000e-01
    200000    52.00000000   7.6197000000e-01
    200000    54.00000000   8.0280100000e-01
    200000    56.00000000   8.4270900000e-01
    200000    58.00000000   8.8149900000e-01
    200000    60.00000000   9.1898000000e-01
    200000    62.00000000   9.5497000000e-01
    200000    64.00000000   9.8929300000e-01
    200000    66.00000000   1.0217810000e+00
    200000    68.00000000   1.0522750000e+00
    200000    70.00000000   1.0806260000e+00
    200000    72.00000000   1.1066940000e+00
    200000    74.00000000   1.1303530000e+00
    200000    76.00000000   1.1514870000e+00
    200000    78.00000000   1.1699910000e+00
    200000    80.00000000   1.1857750000e+00
    200000    82.00000000   1.1987620000e+00
    200000    84.00000000   1.2088870000e+00
    200000    86.00000000   1.2161010000e+00
    200000    88.00000000   1.2203670000e+00
    200000    90.00000000   1.2216640000e+00
    250000   -90.00000000   1.2216640000e+00
    250000   -88.00000000   1.2229690000e+00
    250000   -86.00000000   1.2213010000e+00
    250000   -84.00000000   1.2166790000e+00
    250000   -82.00000000   1.2091370000e+00
    250000   -80.00000000   1.1987200000e+00
    250000   -78.00000000   1.1854900000e+00
    250000   -76.00000000   1.1695210000e+00
    250000   -74.00000000   1.1509010000e+00
    250000   -72.00000000   1.1297300000e+00
    250000   -70.00000000   1.1061210000e+00
    250000   -68.00000000   1.0802000000e+00
    250000   -66.00000000   1.0521010000e+00
    250000   -64.00000000   1.0219720000e+00
    250000   -62.00000000   9.8996700000e-01
    250000   -60.00000000   9.5625300000e-01
    250000   -58.00000000   9.2100200000e-01
    250000   -56.00000000   8.8439400000e-01
    250000   -54.00000000   8.4661800000e-01
    250000   -52.00000000   8.0786400000e-01
    250000   -50.00000000   7.6833100000e-01
    250000   -48.00000000   7.2821800000e-01
    250000   -46.00000000   6.8772900000e-01
    250000   -44.00000000   6.4706800000e-01
    250000   -42.00000000   6.0644100000e-01
    250000   -40.00000000   5.6605300000e-01
    250000   -38.00000000   5.2610600000e-01
    250000   -36.00000000   4.8680300000e-01
    250000   -34.00000000   4.4834100000e-01
    250000   -32.00000000   4.1091200000e-01
    250000   -30.00000000   3.7470600000e-01
    250000   -28.00000000   3.3990300000e-01
    250000   -26.00000000   3.0667800000e-01
    250000   -24.00000000   2.7519700000e-01
    250000   -22.00000000   2.4561900000e-01
    250000   -20.00000000   2.1809100000e-01
    250000   -18.00000000   1.9275100000e-01
    250000   -16.00000000   1.6972600000e-01
    250000   -14.00000000   1.4913100000e-01
    250000   -12.00000000   1.3107000000e-01
    250000   -10.00000000   1.1563100000e-01
    250000    -8.00000000   1.0419900000e-01
    250000    -6.00000000   8.8671000000e-02
    250000    -4.00000000   5.7801000000e-02
    250000    -2.00000000   2.7747000000e-02
    250000     0.00000000   1.3840000000e-02
    250000     2.00000000   8.8600000000e-03
    250000     4.00000000   1.1900000000e-02
    250000     6.00000000   1.9169000000e-02
    250000     8.00000000   2.6824000000e-02
    250000    10.00000000   4.0731000000e-02
    250000    12.00000000   5.6989000000e-02
    250000    14.00000000   7.5645000000e-02
    250000    16.00000000   9.6925000000e-02
    250000    18.00000000   1.2072200000e-01
    250000    20.00000000   1.4692300000e-01
    250000    22.00000000   1.7539800000e-01
    250000    24.00000000   2.0600900000e-01
    250000    26.00000000   2.3860700000e-01
    250000    28.00000000   2.7303200000e-01
    250000    30.00000000   3.0911700000e-01
    250000    32.00000000   3.4668500000e-01
    250000    34.00000000   3.8555300000e-01
    250000    36.00000000   4.2553200000e-01
    250000    38.00000000   4.6642600000e-01
    250000    40.00000000   5.0803600000e-01
    250000    42.00000000   5.5015800000e-01
    250000    44.00000000   5.9258800000e-01
    250000    46.00000000   6.3511800000e-01
    250000    48.00000000   6.7754100000e-01
    250000    50.00000000   7.1964900000e-01
    250000    52.00000000   7.6123700000e-01
    250000    54.00000000   8.0210100000e-01
    250000    56.00000000   8.4204300000e-01
    250000    58.00000000   8.8086800000e-01
    250000    60.00000000   9.1838500000e-01
    250000    62.00000000   9.5441100000e-01
    250000    64.00000000   9.8877100000e-01
    250000    66.00000000   1.0212970000e+00
    250000    68.00000000   1.0518290000e+00
    250000    70.00000000   1.0802180000e+00
    250000    72.00000000   1.1063260000e+00
    250000    74.00000000   1.1300250000e+00
    250000    76.00000000   1.1511990000e+00
    250000    78.00000000   1.1697440000e+00
    250000    80.00000000   1.1855690000e+00
    250000    82.00000000   1.1985960000e+00
    250000    84.00000000   1.2087630000e+00
    250000    86.00000000   1.2160180000e+00
    250000    88.00000000   1.2203250000e+00
    250000    90.00000000   1.2216640000e+00
     50000   -90.00000000   1.2216640000e+00
     50000   -88.00000000   1.2229630000e+00
     50000   -86.00000000   1.2212900000e+00
     50000   -84.00000000   1.2166630000e+00
     50000   -82.00000000   1.2091150000e+00
     50000   -80.00000000   1.1986920000e+00
     50000   -78.00000000   1.1854570000e+00
     50000   -76.00000000   1.1694820000e+00
     50000   -74.00000000   1.1508570000e+00
     50000   -72.00000000   1.1296810000e+00
     50000   -70.00000000   1.1060670000e+00
     50000   -68.00000000   1.0801400000e+00
     50000   -66.00000000   1.0520370000e+00
     50000   -64.00000000   1.0219020000e+00
     50000   -62.00000000   9.8989200000e-01
     50000   -60.00000000   9.5617300000e-01
     50000   -58.00000000   9.2091700000e-01
     50000   -56.00000000   8.8430500000e-01
     50000   -54.00000000   8.4652400000e-01
     50000   -52.00000000   8.0776600000e-01
     50000   -50.00000000   7.6822900000e-01
     50000   -48.00000000   7.2811200000e-01
     50000   -46.00000000   6.8761800000e-01
     50000   -44.00000000   6.4695400000e-01
     50000   -42.00000000   6.0632300000e-01
     50000   -40.00000000   5.6593100000e-01
     50000   -38.00000000   5.2598100000e-01
     50000   -36.00000000   4.8667500000e-01
     50000   -34.00000000   4.4820900000e-01
     50000   -32.00000000   4.1077800000e-01
     50000   -30.00000000   3.7456800000e-01
     50000   -28.00000000   3.3976200000e-01
     50000   -26.00000000   3.0653500000e-01
     50000   -24.00000000   2.7505200000e-01
     50000   -22.00000000   2.4547200000e-01
     50000   -20.00000000   2.1794200000e-01
     50000   -18.00000000   1.9260000000e-01
     50000   -16.00000000   1.6957400000e-01
     50000   -14.00000000   1.4897700000e-01
     50000   -12.00000000   1.3091400000e-01
     50000   -10.00000000   1.1547500000e-01
     50000    -8.00000000   1.0273500000e-01
     50000    -6.00000000   9.3422000000e-02
     50000    -4.00000000   8.5600000000e-02
     50000    -2.00000000   5.7960000000e-02
     50000     0.00000000   3.3050000000e-02
     50000     2.00000000   3.4530000000e-02
     50000     4.00000000   3.8640000000e-02
     50000     6.00000000   2.6590000000e-02
     50000     8.00000000   3.8923000000e-02
     50000    10.00000000   6.8580000000e-02
     50000    12.00000000   8.8863000000e-02
     50000    14.00000000   1.0277400000e-01
     50000    16.00000000   1.2380000000e-01
     50000    18.00000000   1.4731300000e-01
     50000    20.00000000   1.7319600000e-01
     50000    22.00000000   2.0132100000e-01
     50000    24.00000000   2.3155100000e-01
     50000    26.00000000   2.6373600000e-01
     50000    28.00000000   2.9771800000e-01
     50000    30.00000000   3.3333000000e-01
     50000    32.00000000   3.7039500000e-01
     50000    34.00000000   4.0873200000e-01
     50000    36.00000000   4.4815100000e-01
     50000    38.00000000   4.8845800000e-01
     50000    40.00000000   5.2945300000e-01
     50000    42.00000000   5.7093600000e-01
     50000    44.00000000   6.1270000000e-01
     50000    46.00000000   6.5454000000e-01
     50000    48.00000000   6.9624900000e-01
     50000    50.00000000   7.3762000000e-01
     50000    52.00000000   7.7845000000e-01
     50000    54.00000000   8.1853500000e-01
     50000    56.00000000   8.5767800000e-01
     50000    58.00000000   8.9568400000e-01
     50000    60.00000000   9.3236400000e-01
     50000    62.00000000   9.6753700000e-01
     50000    64.00000000   1.0010280000e+00
     50000    66.00000000   1.0326690000e+00
     50000    68.00000000   1.0623020000e+00
     50000    70.00000000   1.0897810000e+00
     50000    72.00000000   1.1149660000e+00
     50000    74.00000000   1.1377320000e+00
     50000    76.00000000   1.1579630000e+00
     50000    78.00000000   1.1755570000e+00
     50000    80.00000000   1.1904240000e+00
     50000    82.00000000   1.2024880000e+00
     50000    84.00000000   1.2116850000e+00
     50000    86.00000000   1.2179680000e+00
     50000    88.00000000   1.2213010000e+00
     50000    90.00000000   1.2216640000e+00
    100000   -90.00000000   1.2216640000e+00
    100000   -88.00000000   1.2226540000e+00
    100000   -86.00000000   1.2206710000e+00
    100000   -84.00000000   1.2157360000e+00
    100000   -82.00000000   1.2078810000e+00
    100000   -80.00000000   1.1971530000e+00
    100000   -78.00000000   1.1836140000e+00
    100000   -76.00000000   1.1673380000e+00
    100000   -74.00000000   1.1484140000e+00
    100000   -72.00000000   1.1269420000e+00
    100000   -70.00000000   1.1030350000e+00
    100000   -68.00000000   1.0768200000e+00
    100000   -66.00000000   1.0484310000e+00
    100000   -64.00000000   1.0180160000e+00
    100000   -62.00000000   9.8573100000e-01
    100000   -60.00000000   9.5174100000e-01
    100000   -58.00000000   9.1622000000e-01
    100000   -56.00000000   8.7934900000e-01
    100000   -54.00000000   8.4131400000e-01
    100000   -52.00000000   8.0230900000e-01
    100000   -50.00000000   7.6253100000e-01
    100000   -48.00000000   7.2218000000e-01
    100000   -46.00000000   6.8146100000e-01
    100000   -44.00000000   6.4057700000e-01
    100000   -42.00000000   5.9973500000e-01
    100000   -40.00000000   5.5914000000e-01
    100000   -38.00000000   5.1899600000e-01
    100000   -36.00000000   4.7950300000e-01
    100000   -34.00000000   4.4086000000e-01
    100000   -32.00000000   4.0326000000e-01
    100000   -30.00000000   3.6689200000e-01
    100000   -28.00000000   3.3193600000e-01
    100000   -26.00000000   2.9856800000e-01
    100000   -24.00000000   2.6695400000e-01
    100000   -22.00000000   2.3725300000e-01
    100000   -20.00000000   2.0961200000e-01
    100000   -18.00000000   1.8417000000e-01
    100000   -16.00000000   1.6105300000e-01
    100000   -14.00000000   1.4037700000e-01
    100000   -12.00000000   1.2224400000e-01
    100000   -10.00000000   1.0674500000e-01
    100000    -8.00000000   9.3958000000e-02
    100000    -6.00000000   8.5183000000e-02
    100000    -4.00000000   7.5606000000e-02
    100000    -2.00000000   4.8935000000e-02
    100000     0.00000000   2.5440000000e-02
    100000     2.00000000   2.2000000000e-02
    100000     4.00000000   1.6475000000e-02
    100000     6.00000000   2.0260000000e-02
    100000     8.00000000   3.7430000000e-02
    100000    10.00000000   7.1519000000e-02
    100000    12.00000000   8.8781000000e-02
    100000    14.00000000   1.0728800000e-01
    100000    16.00000000   1.2827200000e-01
    100000    18.00000000   1.5173700000e-01
    100000    20.00000000   1.7756700000e-01
    100000    22.00000000   2.0563500000e-01
    100000    24.00000000   2.3580100000e-01
    100000    26.00000000   2.6791700000e-01
    100000    28.00000000   3.0182600000e-01
    100000    30.00000000   3.3735900000e-01
    100000    32.00000000   3.7434000000e-01
    100000    34.00000000   4.1258900000e-01
    100000    36.00000000   4.5191400000e-01
    100000    38.00000000   4.9212400000e-01
    100000    40.00000000   5.3301700000e-01
    100000    42.00000000   5.7439300000e-01
    100000    44.00000000   6.1604700000e-01
    100000    46.00000000   6.5777200000e-01
    100000    48.00000000   6.9936200000e-01
    100000    50.00000000   7.4061100000e-01
    100000    52.00000000   7.8131400000e-01
    100000    54.00000000   8.2127000000e-01
    100000    56.00000000   8.6027900000e-01
    100000    58.00000000   8.9814900000e-01
    100000    60.00000000   9.3469000000e-01
    100000    62.00000000   9.6972100000e-01
    100000    64.00000000   1.0030670000e+00
    100000    66.00000000   1.0345610000e+00
    100000    68.00000000   1.0640450000e+00
    100000    70.00000000   1.0913720000e+00
    100000    72.00000000   1.1164040000e+00
    100000    74.00000000   1.1390140000e+00
    100000    76.00000000   1.1590880000e+00
    100000    78.00000000   1.1765240000e+00
    100000    80.00000000   1.1912310000e+00
    100000    82.00000000   1.2031350000e+00
    100000    84.00000000   1.2121720000e+00
    100000    86.00000000   1.2182930000e+00
    100000    88.00000000   1.2214640000e+00
    100000    90.00000000   1.2216640000e+00
    150000   -90.00000000   1.2216640000e+00
    150000   -88.00000000   1.2228420000e+00
    150000   -86.00000000   1.2210480000e+00
    150000   -84.00000000   1.2163000000e+00
    150000   -82.00000000   1.2086320000e+00
    150000   -80.00000000   1.1980900000e+00
    150000   -78.00000000   1.1847360000e+00
    150000   -76.00000000   1.1686430000e+00
    150000   -74.00000000   1.1499010000e+00
    150000   -72.00000000   1.1286090000e+00
    150000   -70.00000000   1.1048800000e+00
    150000   -68.00000000   1.0788410000e+00
    150000   -66.00000000   1.0506260000e+00
    150000   -64.00000000   1.0203810000e+00
    150000   -62.00000000   9.8826400000e-01
    150000   -60.00000000   9.5443900000e-01
    150000   -58.00000000   9.1907900000e-01
    150000   -56.00000000   8.8236500000e-01
    150000   -54.00000000   8.4448500000e-01
    150000   -52.00000000   8.0563100000e-01
    150000   -50.00000000   7.6599900000e-01
    150000   -48.00000000   7.2579000000e-01
    150000   -46.00000000   6.8520800000e-01
    150000   -44.00000000   6.4445800000e-01
    150000   -42.00000000   6.0374500000e-01
    150000   -40.00000000   5.6327300000e-01
    150000   -38.00000000   5.2324700000e-01
    150000   -36.00000000   4.8386800000e-01
    150000   -34.00000000   4.4533300000e-01
    150000   -32.00000000   4.0783600000e-01
    150000   -30.00000000   3.7156400000e-01
    150000   -28.00000000   3.3669900000e-01
    150000   -26.00000000   3.0341700000e-01
    150000   -24.00000000   2.7188300000e-01
    150000   -22.00000000   2.4225500000e-01
    150000   -20.00000000   2.1468200000e-01
    150000   -18.00000000   1.8930100000e-01
    150000   -16.00000000   1.6623900000e-01
    150000   -14.00000000   1.4561100000e-01
    150000   -12.00000000   1.2752100000e-01
    150000   -10.00000000   1.1205800000e-01
    150000    -8.00000000   9.9300000000e-02
    150000    -6.00000000   8.9246000000e-02
    150000    -4.00000000   7.6088000000e-02
    150000    -2.00000000   3.9831000000e-02
    150000     0.00000000   2.0890000000e-02
    150000     2.00000000   1.3760000000e-02
    150000     4.00000000   1.2930000000e-02
    150000     6.00000000   2.0520000000e-02
    150000     8.00000000   3.1430000000e-02
    150000    10.00000000   4.3589000000e-02
    150000    12.00000000   6.0482000000e-02
    150000    14.00000000   7.9110000000e-02
    150000    16.00000000   1.0035700000e-01
    150000    18.00000000   1.2411800000e-01
    150000    20.00000000   1.5027800000e-01
    150000    22.00000000   1.7870900000e-01
    150000    24.00000000   2.0927100000e-01
    150000    26.00000000   2.4181600000e-01
    150000    28.00000000   2.7618500000e-01
    150000    30.00000000   3.1220900000e-01
    150000    32.00000000   3.4971300000e-01
    150000    34.00000000   3.8851300000e-01
    150000    36.00000000   4.2842000000e-01
    150000    38.00000000   4.6923900000e-01
    150000    40.00000000   5.1077100000e-01
    150000    42.00000000   5.5281200000e-01
    150000    44.00000000   5.9515700000e-01
    150000    46.00000000   6.3759900000e-01
    150000    48.00000000   6.7993000000e-01
    150000    50.00000000   7.2194400000e-01
    150000    52.00000000   7.6343500000e-01
    150000    54.00000000   8.0420000000e-01
    150000    56.00000000   8.4404000000e-01
    150000    58.00000000   8.8276000000e-01
    150000    60.00000000   9.2017000000e-01
    150000    62.00000000   9.5608800000e-01
    150000    64.00000000   9.9033600000e-01
    150000    66.00000000   1.0227490000e+00
    150000    68.00000000   1.0531660000e+00
    150000    70.00000000   1.0814390000e+00
    150000    72.00000000   1.1074300000e+00
    150000    74.00000000   1.1310090000e+00
    150000    76.00000000   1.1520630000e+00
    150000    78.00000000   1.1704860000e+00
    150000    80.00000000   1.1861890000e+00
    150000    82.00000000   1.1990930000e+00
    150000    84.00000000   1.2091360000e+00
    150000    86.00000000   1.2162670000e+00
    150000    88.00000000   1.2204500000e+00
    150000    90.00000000   1.2216640000e+00
    200000   -90.00000000   1.2216640000e+00
    200000   -88.00000000   1.2231000000e+00
    200000   -86.00000000   1.2215630000e+00
    200000   -84.00000000   1.2170730000e+00
    200000   -82.00000000   1.2096600000e+00
    200000   -80.00000000   1.1993730000e+00
    200000   -78.00000000   1.1862720000e+00
    200000   -76.00000000   1.1704310000e+00
    200000   -74.00000000   1.1519370000e+00
    200000   -72.00000000   1.1308920000e+00
    200000   -70.00000000   1.1074080000e+00
    200000   -68.00000000   1.0816090000e+00
    200000   -66.00000000   1.0536310000e+00
    200000   -64.00000000   1.0236200000e+00
    200000   -62.00000000   9.9173300000e-01
    200000   -60.00000000   9.5813300000e-01
    200000   -58.00000000   9.2299500000e-01
    200000   -56.00000000   8.8649800000e-01
    200000   -54.00000000   8.4882900000e-01
    200000   -52.00000000   8.1018000000e-01
    200000   -50.00000000   7.7074800000e-01
    200000   -48.00000000   7.3073500000e-01
    200000   -46.00000000   6.9034100000e-01
    200000   -44.00000000   6.4977400000e-01
    200000   -42.00000000   6.0923600000e-01
    200000   -40.00000000   5.6893400000e-01
    200000   -38.00000000   5.2907000000e-01
    200000   -36.00000000   4.8984600000e-01
    200000   -34.00000000   4.5145900000e-01
    200000   -32.00000000   4.1410200000e-01
    200000   -30.00000000   3.7796300000e-01
    200000   -28.00000000   3.4322400000e-01
    200000   -26.00000000   3.1005800000e-01
    200000   -24.00000000   2.7863300000e-01
    200000   -22.00000000   2.4910700000e-01
    200000   -20.00000000   2.2162600000e-01
    200000   -18.00000000   1.9632900000e-01
    200000   -16.00000000   1.7334200000e-01
    200000   -14.00000000   1.5278100000e-01
    200000   -12.00000000   1.3474900000e-01
    200000   -10.00000000   1.1933500000e-01
    200000    -8.00000000   1.0657700000e-01
    200000    -6.00000000   8.9870000000e-02
    200000    -4.00000000   5.9184000000e-02
    200000    -2.00000000   3.1550000000e-02
    200000     0.00000000   1.6820000000e-02
    200000     2.00000000   1.0450000000e-02
    200000     4.00000000   1.2100000000e-02
    200000     6.00000000   1.9866000000e-02
    200000     8.00000000   2.8862000000e-02
    200000    10.00000000   4.2010000000e-02
    200000    12.00000000   5.8569000000e-02
    200000    14.00000000   7.7213000000e-02
    200000    16.00000000   9.8477000000e-02
    200000    18.00000000   1.2225800000e-01
    200000    20.00000000   1.4844100000e-01
    200000    22.00000000   1.7689600000e-01
    200000    24.00000000   2.0748500000e-01
    200000    26.00000000   2.4005900000e-01
    200000    28.00000000   2.7445800000e-01
    200000    30.00000000   3.1051500000e-01
    200000    32.00000000   3.4805400000e-01
    200000    34.00000000   3.8689200000e-01
    200000    36.00000000   4.2683800000e-01
    200000    38.00000000   4.6769800000e-01
    200000    40.00000000   5.0927300000e-01
    200000    42.00000000   5.5135900000e-01
    200000    44.00000000   5.9375000000e-01
    200000    46.00000000   6.3624000000e-01
    200000    48.00000000   6.7862100000e-01
    200000    50.00000000   7.2068700000e-01
    200000    52.00000000   7.6223100000e-01
    200000    54.00000000   8.0305100000e-01
    200000    56.00000000   8.4294600000e-01
    200000    58.00000000   8.8172400000e-01
    200000    60.00000000   9.1919200000e-01
    200000    62.00000000   9.5516900000e-01
    200000    64.00000000   9.8947900000e-01
    200000    66.00000000   1.0219540000e+00
    200000    68.00000000   1.0524340000e+00
    200000    70.00000000   1.0807710000e+00
    200000    72.00000000   1.1068250000e+00
    200000    74.00000000   1.1304700000e+00
    200000    76.00000000   1.1515890000e+00
    200000    78.00000000   1.1700790000e+00
    200000    80.00000000   1.1858490000e+00
    200000    82.00000000   1.1988210000e+00
    200000    84.00000000   1.2089320000e+00
    200000    86.00000000   1.2161300000e+00
    200000    88.00000000   1.2203820000e+00
    200000    90.00000000   1.2216640000e+00
    250000   -90.00000000   1.2216640000e+00
    250000   -88.00000000   1.2228220000e+00
    250000   -86.00000000   1.2210090000e+00
    250000   -84.00000000   1.2162410000e+00
    250000   -82.00000000   1.2085540000e+00
    250000   -80.00000000   1.1979920000e+00
    250000   -78.00000000   1.1846190000e+00
    250000   -76.00000000   1.1685070000e+00
    250000   -74.00000000   1.1497460000e+00
    250000   -72.00000000   1.1284350000e+00
    250000   -70.00000000   1.1046880000e+00
    250000   -68.00000000   1.0786300000e+00
    250000   -66.00000000   1.0503970000e+00
    250000   -64.00000000   1.0201350000e+00
    250000   -62.00000000   9.8800000000e-01
    250000   -60.00000000   9.5415700000e-01
    250000   -58.00000000   9.1878100000e-01
    250000   -56.00000000   8.8205100000e-01
    250000   -54.00000000   8.4415400000e-01
    250000   -52.00000000   8.0528400000e-01
    250000   -50.00000000   7.6563700000e-01
    250000   -48.00000000   7.2541400000e-01
    250000   -46.00000000   6.8481800000e-01
    250000   -44.00000000   6.4405300000e-01
    250000   -42.00000000   6.0332700000e-01
    250000   -40.00000000   5.6284200000e-01
    250000   -38.00000000   5.2280400000e-01
    250000   -36.00000000   4.8341300000e-01
    250000   -34.00000000   4.4486700000e-01
    250000   -32.00000000   4.0735800000e-01
    250000   -30.00000000   3.7107700000e-01
    250000   -28.00000000   3.3620300000e-01
    250000   -26.00000000   3.0291100000e-01
    250000   -24.00000000   2.7136900000e-01
    250000   -22.00000000   2.4173400000e-01
    250000   -20.00000000   2.1415300000e-01
    250000   -18.00000000   1.8876600000e-01
    250000   -16.00000000   1.6569800000e-01
    250000   -14.00000000   1.4506500000e-01
    250000   -12.00000000   1.2697100000e-01
    250000   -10.00000000   1.1150400000e-01
    250000    -8.00000000   1.0072800000e-01
    250000    -6.00000000   8.7369000000e-02
    250000    -4.00000000   5.3493000000e-02
    250000    -2.00000000   2.7496000000e-02
    250000     0.00000000   1.2460000000e-02
    250000     2.00000000   8.9200000000e-03
    250000     4.00000000   1.1760000000e-02
    250000     6.00000000   1.8927000000e-02
    250000     8.00000000   2.7274000000e-02
    250000    10.00000000   4.1178000000e-02
    250000    12.00000000   5.7433000000e-02
    250000    14.00000000   7.6086000000e-02
    250000    16.00000000   9.7361000000e-02
    250000    18.00000000   1.2115400000e-01
    250000    20.00000000   1.4734900000e-01
    250000    22.00000000   1.7581900000e-01
    250000    24.00000000   2.0642400000e-01
    250000    26.00000000   2.3901500000e-01
    250000    28.00000000   2.7343300000e-01
    250000    30.00000000   3.0951000000e-01
    250000    32.00000000   3.4707000000e-01
    250000    34.00000000   3.8592900000e-01
    250000    36.00000000   4.2589900000e-01
    250000    38.00000000   4.6678300000e-01
    250000    40.00000000   5.0838300000e-01
    250000    42.00000000   5.5049600000e-01
    250000    44.00000000   5.9291500000e-01
    250000    46.00000000   6.3543300000e-01
    250000    48.00000000   6.7784400000e-01
    250000    50.00000000   7.1994000000e-01
    250000    52.00000000   7.6151600000e-01
    250000    54.00000000   8.0236800000e-01
    250000    56.00000000   8.4229700000e-01
    250000    58.00000000   8.8110800000e-01
    250000    60.00000000   9.1861200000e-01
    250000    62.00000000   9.5462400000e-01
    250000    64.00000000   9.8897000000e-01
    250000    66.00000000   1.0214810000e+00
    250000    68.00000000   1.0519990000e+00
    250000    70.00000000   1.0803730000e+00
    250000    72.00000000   1.1064660000e+00
    250000    74.00000000   1.1301500000e+00
    250000    76.00000000   1.1513080000e+00
    250000    78.00000000   1.1698380000e+00
    250000    80.00000000   1.1856470000e+00
    250000    82.00000000   1.1986600000e+00
    250000    84.00000000   1.2088100000e+00
    250000    86.00000000   1.2160490000e+00
    250000    88.00000000   1.2203410000e+00
    250000    90.00000000   1.2216640000e+00
     50000   -90.00000000   1.2216640000e+00
     50000   -88.00000000   1.2228380000e+00
     50000   -86.00000000   1.2210390000e+00
     50000   -84.00000000   1.2162880000e+00
     50000   -82.00000000   1.2086150000e+00
     50000   -80.00000000   1.1980690000e+00
     50000   -78.00000000   1.1847110000e+00
     50000   -76.00000000   1.1686140000e+00
     50000   -74.00000000   1.1498670000e+00
     50000   -72.00000000   1.1285710000e+00
     50000   -70.00000000   1.1048390000e+00
     50000   -68.00000000   1.0787960000e+00
     50000   -66.00000000   1.0505760000e+00
     50000   -64.00000000   1.0203280000e+00
     50000   -62.00000000   9.8820700000e-01
     50000   -60.00000000   9.5437800000e-01
     50000   -58.00000000   9.1901500000e-01
     50000   -56.00000000   8.8229800000e-01
     50000   -54.00000000   8.4441400000e-01
     50000   -52.00000000   8.0555600000e-01
     50000   -50.00000000   7.6592100000e-01
     50000   -48.00000000   7.2571000000e-01
     50000   -46.00000000   6.8512500000e-01
     50000   -44.00000000   6.4437100000e-01
     50000   -42.00000000   6.0365500000e-01
     50000   -40.00000000   5.6318100000e-01
     50000   -38.00000000   5.2315200000e-01
     50000   -36.00000000   4.8377000000e-01
     50000   -34.00000000   4.4523300000e-01
     50000   -32.00000000   4.0773300000e-01
     50000   -30.00000000   3.7145900000e-01
     50000   -28.00000000   3.3659300000e-01
     50000   -26.00000000   3.0330900000e-01
     50000   -24.00000000   2.7177300000e-01
     50000   -22.00000000   2.4214400000e-01
     50000   -20.00000000   2.1456900000e-01
     50000   -18.00000000   1.8918600000e-01
     50000   -16.00000000   1.6612300000e-01
     50000   -14.00000000   1.4549400000e-01
     50000   -12.00000000   1.2740300000e-01
     50000   -10.00000000   1.1193900000e-01
     50000    -8.00000000   9.9181000000e-02
     50000    -6.00000000   9.0020000000e-02
     50000    -4.00000000   7.9652000000e-02
     50000    -2.00000000   5.1948000000e-02
     50000     0.00000000   2.9990000000e-02
     50000     2.00000000   3.5570000000e-02
     50000     4.00000000   3.8120000000e-02
     50000     6.00000000   2.6243000000e-02
     50000     8.00000000   3.5338000000e-02
     50000    10.00000000   5.2290000000e-02
     50000    12.00000000   6.1839000000e-02
     50000    14.00000000   8.0456000000e-02
     50000    16.00000000   1.0169100000e-01
     50000    18.00000000   1.2543800000e-01
     50000    20.00000000   1.5158200000e-01
     50000    22.00000000   1.7999500000e-01
     50000    24.00000000   2.1053900000e-01
     50000    26.00000000   2.4306300000e-01
     50000    28.00000000   2.7741000000e-01
     50000    30.00000000   3.1341100000e-01
     50000    32.00000000   3.5089000000e-01
     50000    34.00000000   3.8966400000e-01
     50000    36.00000000   4.2954300000e-01
     50000    38.00000000   4.7033300000e-01
     50000    40.00000000   5.1183400000e-01
     50000    42.00000000   5.5384300000e-01
     50000    44.00000000   5.9615500000e-01
     50000    46.00000000   6.3856200000e-01
     50000    48.00000000   6.8085800000e-01
     50000    50.00000000   7.2283600000e-01
     50000    52.00000000   7.6428900000e-01
     50000    54.00000000   8.0501600000e-01
     50000    56.00000000   8.4481600000e-01
     50000    58.00000000   8.8349500000e-01
     50000    60.00000000   9.2086400000e-01
     50000    62.00000000   9.5673900000e-01
     50000    64.00000000   9.9094500000e-01
     50000    66.00000000   1.0233130000e+00
     50000    68.00000000   1.0536860000e+00
     50000    70.00000000   1.0819140000e+00
     50000    72.00000000   1.1078580000e+00
     50000    74.00000000   1.1313920000e+00
     50000    76.00000000   1.1523980000e+00
     50000    78.00000000   1.1707740000e+00
     50000    80.00000000   1.1864300000e+00
     50000    82.00000000   1.1992860000e+00
     50000    84.00000000   1.2092810000e+00
     50000    86.00000000   1.2163640000e+00
     50000    88.00000000   1.2204990000e+00
     50000    90.00000000   1.2216640000e+00
    100000   -90.00000000   1.2216640000e+00
    100000   -88.00000000   1.2226750000e+00
    100000   -86.00000000   1.2207150000e+00
    100000   -84.00000000   1.2158010000e+00
    100000   -82.00000000   1.2079680000e+00
    100000   -80.00000000   1.1972610000e+00
    100000   -78.00000000   1.1837430000e+00
    100000   -76.00000000   1.1674890000e+00
    100000   -74.00000000   1.1485850000e+00
    100000   -72.00000000   1.1271340000e+00
    100000   -70.00000000   1.1032480000e+00
    100000   -68.00000000   1.0770530000e+00
    100000   -66.00000000   1.0486850000e+00
    100000   -64.00000000   1.0182890000e+00
    100000   -62.00000000   9.8602300000e-01
    100000   -60.00000000   9.5205300000e-01
    100000   -58.00000000   9.1655000000e-01
    100000   -56.00000000   8.7969700000e-01
    100000   -54.00000000   8.4168000000e-01
    100000   -52.00000000   8.0269300000e-01
    100000   -50.00000000   7.6293100000e-01
    100000   -48.00000000   7.2259700000e-01
    100000   -46.00000000   6.8189400000e-01
    100000   -44.00000000   6.4102500000e-01
    100000   -42.00000000   6.0019800000e-01
    100000   -40.00000000   5.5961800000e-01
    100000   -38.00000000   5.1948700000e-01
    100000   -36.00000000   4.8000700000e-01
    100000   -34.00000000   4.4137700000e-01
    100000   -32.00000000   4.0378900000e-01
    100000   -30.00000000   3.6743100000e-01
    100000   -28.00000000   3.3248600000e-01
    100000   -26.00000000   2.9912800000e-01
    100000   -24.00000000   2.6752400000e-01
    100000   -22.00000000   2.3783100000e-01
    100000   -20.00000000   2.1019800000e-01
    100000   -18.00000000   1.8476300000e-01
    100000   -16.00000000   1.6165200000e-01
    100000   -14.00000000   1.4098100000e-01
    100000   -12.00000000   1.2285300000e-01
    100000   -10.00000000   1.0735900000e-01
    100000    -8.00000000   9.4574000000e-02
    100000    -6.00000000   8.6196000000e-02
    100000    -4.00000000   6.6189000000e-02
    100000    -2.00000000   4.4973000000e-02
    100000     0.00000000   2.5360000000e-02
    100000     2.00000000   2.1760000000e-02
    100000     4.00000000   1.6810000000e-02
    100000     6.00000000   2.1100000000e-02
    100000     8.00000000   3.5251000000e-02
    100000    10.00000000   4.7611000000e-02
    100000    12.00000000   6.4804000000e-02
    100000    14.00000000   8.3398000000e-02
    100000    16.00000000   1.0460500000e-01
    100000    18.00000000   1.2832100000e-01
    100000    20.00000000   1.5443100000e-01
    100000    22.00000000   1.8280600000e-01
    100000    24.00000000   2.1330800000e-01
    100000    26.00000000   2.4578800000e-01
    100000    28.00000000   2.8008600000e-01
    100000    30.00000000   3.1603600000e-01
    100000    32.00000000   3.5346000000e-01
    100000    34.00000000   3.9217700000e-01
    100000    36.00000000   4.3199500000e-01
    100000    38.00000000   4.7272200000e-01
    100000    40.00000000   5.1415600000e-01
    100000    42.00000000   5.5609600000e-01
    100000    44.00000000   5.9833500000e-01
    100000    46.00000000   6.4066800000e-01
    100000    48.00000000   6.8288700000e-01
    100000    50.00000000   7.2478400000e-01
    100000    52.00000000   7.6615500000e-01
    100000    54.00000000   8.0679700000e-01
    100000    56.00000000   8.4651100000e-01
    100000    58.00000000   8.8510200000e-01
    100000    60.00000000   9.2238000000e-01
    100000    62.00000000   9.5816200000e-01
    100000    64.00000000   9.9227400000e-01
    100000    66.00000000   1.0245460000e+00
    100000    68.00000000   1.0548220000e+00
    100000    70.00000000   1.0829510000e+00
    100000    72.00000000   1.1087950000e+00
    100000    74.00000000   1.1322270000e+00
    100000    76.00000000   1.1531320000e+00
    100000    78.00000000   1.1714050000e+00
    100000    80.00000000   1.1869560000e+00
    100000    82.00000000   1.1997080000e+00
    100000    84.00000000   1.2095980000e+00
    100000    86.00000000   1.2165750000e+00
    100000    88.00000000   1.2206040000e+00
    100000    90.00000000   1.2216640000e+00
    150000   -90.00000000   1.2216640000e+00
    150000   -88.00000000   1.2226450000e+00
    150000   -86.00000000   1.2206540000e+00
    150000   -84.00000000   1.2157100000e+00
    150000   -82.00000000   1.2078470000e+00
    150000   -80.00000000   1.1971100000e+00
    150000   -78.00000000   1.1835620000e+00
    150000   -76.00000000   1.1672780000e+00
    150000   -74.00000000   1.1483450000e+00
    150000   -72.00000000   1.1268650000e+00
    150000   -70.00000000   1.1029510000e+00
    150000   -68.00000000   1.0767270000e+00
    150000   -66.00000000   1.0483310000e+00
    150000   -64.00000000   1.0179080000e+00
    150000   -62.00000000   9.8561500000e-01
    150000   -60.00000000   9.5161700000e-01
    150000   -58.00000000   9.1608900000e-01
    150000   -56.00000000   8.7921000000e-01
    150000   -54.00000000   8.4116900000e-01
    150000   -52.00000000   8.0215700000e-01
    150000   -50.00000000   7.6237200000e-01
    150000   -48.00000000   7.2201500000e-01
    150000   -46.00000000   6.8128900000e-01
    150000   -44.00000000   6.4039900000e-01
    150000   -42.00000000   5.9955200000e-01
    150000   -40.00000000   5.5895100000e-01
    150000   -38.00000000   5.1880100000e-01
    150000   -36.00000000   4.7930300000e-01
    150000   -34.00000000   4.4065500000e-01
    150000   -32.00000000   4.0305000000e-01
    150000   -30.00000000   3.6667700000e-01
    150000   -28.00000000   3.3171700000e-01
    150000   -26.00000000   2.9834600000e-01
    150000   -24.00000000   2.6672800000e-01
    150000   -22.00000000   2.3702400000e-01
    150000   -20.00000000   2.0938000000e-01
    150000   -18.00000000   1.8393500000e-01
    150000   -16.00000000   1.6081500000e-01
    150000   -14.00000000   1.4013600000e-01
    150000   -12.00000000   1.2200200000e-01
    150000   -10.00000000   1.0650100000e-01
    150000    -8.00000000   9.3794000000e-02
    150000    -6.00000000   8.4335000000e-02
    150000    -4.00000000   6.5738000000e-02
    150000    -2.00000000   3.3100000000e-02
    150000     0.00000000   1.9540000000e-02
    150000     2.00000000   1.2990000000e-02
    150000     4.00000000   1.2970000000e-02
    150000     6.00000000   2.1053000000e-02
    150000     8.00000000   3.4230000000e-02
    150000    10.00000000   4.6375000000e-02
    150000    12.00000000   6.3247000000e-02
    150000    14.00000000   8.1854000000e-02
    150000    16.00000000   1.0307500000e-01
    150000    18.00000000   1.2680800000e-01
    150000    20.00000000   1.5293500000e-01
    150000    22.00000000   1.8133000000e-01
    150000    24.00000000   2.1185400000e-01
    150000    26.00000000   2.4435800000e-01
    150000    28.00000000   2.7868100000e-01
    150000    30.00000000   3.1465800000e-01
    150000    32.00000000   3.5211100000e-01
    150000    34.00000000   3.9085700000e-01
    150000    36.00000000   4.3070800000e-01
    150000    38.00000000   4.7146800000e-01
    150000    40.00000000   5.1293700000e-01
    150000    42.00000000   5.5491300000e-01
    150000    44.00000000   5.9719100000e-01
    150000    46.00000000   6.3956300000e-01
    150000    48.00000000   6.8182200000e-01
    150000    50.00000000   7.2376100000e-01
    150000    52.00000000   7.6517600000e-01
    150000    54.00000000   8.0586200000e-01
    150000    56.00000000   8.4562100000e-01
    150000    58.00000000   8.8425800000e-01
    150000    60.00000000   9.2158400000e-01
    150000    62.00000000   9.5741500000e-01
    150000    64.00000000   9.9157600000e-01
    150000    66.00000000   1.0238990000e+00
    150000    68.00000000   1.0542260000e+00
    150000    70.00000000   1.0824070000e+00
    150000    72.00000000   1.1083030000e+00
    150000    74.00000000   1.1317890000e+00
    150000    76.00000000   1.1527470000e+00
    150000    78.00000000   1.1710740000e+00
    150000    80.00000000   1.1866800000e+00
    150000    82.00000000   1.1994870000e+00
    150000    84.00000000   1.2094320000e+00
    150000    86.00000000   1.2164640000e+00
    150000    88.00000000   1.2205490000e+00
    150000    90.00000000   1.2216640000e+00
    200000   -90.00000000   1.2216640000e+00
    200000   -88.00000000   1.2230570000e+00
    200000   -86.00000000   1.2214780000e+00
    200000   -84.00000000   1.2169440000e+00
    200000   -82.00000000   1.2094900000e+00
    200000   -80.00000000   1.1991600000e+00
    200000   -78.00000000   1.1860170000e+00
    200000   -76.00000000   1.1701340000e+00
    200000   -74.00000000   1.1515990000e+00
    200000   -72.00000000   1.1305130000e+00
    200000   -70.00000000   1.1069880000e+00
    200000   -68.00000000   1.0811500000e+00
    200000   -66.00000000   1.0531320000e+00
    200000   -64.00000000   1.0230830000e+00
    200000   -62.00000000   9.9115700000e-01
    200000   -60.00000000   9.5752000000e-01
    200000   -58.00000000   9.2234500000e-01
    200000   -56.00000000   8.8581200000e-01
    200000   -54.00000000   8.4810800000e-01
    200000   -52.00000000   8.0942500000e-01
    200000   -50.00000000   7.6996000000e-01
    200000   -48.00000000   7.2991400000e-01
    200000   -46.00000000   6.8949000000e-01
    200000   -44.00000000   6.4889200000e-01
    200000   -42.00000000   6.0832500000e-01
    200000   -40.00000000   5.6799500000e-01
    200000   -38.00000000   5.2810400000e-01
    200000   -36.00000000   4.8885400000e-01
    200000   -34.00000000   4.5044300000e-01
    200000   -32.00000000   4.1306200000e-01
    200000   -30.00000000   3.7690100000e-01
    200000   -28.00000000   3.4214100000e-01
    200000   -26.00000000   3.0895600000e-01
    200000   -24.00000000   2.7751300000e-01
    200000   -22.00000000   2.4797000000e-01
    200000   -20.00000000   2.2047400000e-01
    200000   -18.00000000   1.9516300000e-01
    200000   -16.00000000   1.7216400000e-01
    200000   -14.00000000   1.5159200000e-01
    200000   -12.00000000   1.3354900000e-01
    200000   -10.00000000   1.1812800000e-01
    200000    -8.00000000   1.0531200000e-01
    200000    -6.00000000   9.5440000000e-02
    200000    -4.00000000   4.6818000000e-02
    200000    -2.00000000   3.4460000000e-02
    200000     0.00000000   1.5800000000e-02
    200000     2.00000000   1.0610000000e-02
    200000     4.00000000   1.2080000000e-02
    200000     6.00000000   1.9715000000e-02
    200000     8.00000000   3.0142000000e-02
    200000    10.00000000   4.4029000000e-02
    200000    12.00000000   6.0264000000e-02
    200000    14.00000000   7.8895000000e-02
    200000    16.00000000   1.0014300000e-01
    200000    18.00000000   1.2390700000e-01
    200000    20.00000000   1.5007000000e-01
    200000    22.00000000   1.7850300000e-01
    200000    24.00000000   2.0906800000e-01
    200000    26.00000000   2.4161700000e-01
    200000    28.00000000   2.7598900000e-01
    200000    30.00000000   3.1201700000e-01
    200000    32.00000000   3.4952400000e-01
    200000    34.00000000   3.8832900000e-01
    200000    36.00000000   4.2824100000e-01
    200000    38.00000000   4.6906400000e-01
    200000    40.00000000   5.1060100000e-01
    200000    42.00000000   5.5264700000e-01
    200000    44.00000000   5.9499700000e-01
    200000    46.00000000   6.3744400000e-01
    200000    48.00000000   6.7978100000e-01
    200000    50.00000000   7.2180100000e-01
    200000    52.00000000   7.6329800000e-01
    200000    54.00000000   8.0407000000e-01
    200000    56.00000000   8.4391600000e-01
    200000    58.00000000   8.8264200000e-01
    200000    60.00000000   9.2005900000e-01
    200000    62.00000000   9.5598300000e-01
    200000    64.00000000   9.9023900000e-01
    200000    66.00000000   1.0226590000e+00
    200000    68.00000000   1.0530830000e+00
    200000    70.00000000   1.0813630000e+00
    200000    72.00000000   1.1073610000e+00
    200000    74.00000000   1.1309480000e+00
    200000    76.00000000   1.1520090000e+00
    200000    78.00000000   1.1704400000e+00
    200000    80.00000000   1.1861500000e+00
    200000    82.00000000   1.1990620000e+00
    200000    84.00000000   1.2091130000e+00
    200000    86.00000000   1.2162510000e+00
    200000    88.00000000   1.2204420000e+00
    200000    90.00000000   1.2216640000e+00
    250000   -90.00000000   1.2216640000e+00
    250000   -88.00000000   1.2228510000e+00
    250000   -86.00000000   1.2210660000e+00
    250000   -84.00000000   1.2163280000e+00
    250000   -82.00000000   1.2086690000e+00
    250000   -80.00000000   1.1981360000e+00
    250000   -78.00000000   1.1847910000e+00
    250000   -76.00000000   1.1687080000e+00
    250000   -74.00000000   1.1499740000e+00
    250000   -72.00000000   1.1286910000e+00
    250000   -70.00000000   1.1049720000e+00
    250000   -68.00000000   1.0789410000e+00
    250000   -66.00000000   1.0507340000e+00
    250000   -64.00000000   1.0204980000e+00
    250000   -62.00000000   9.8838900000e-01
    250000   -60.00000000   9.5457200000e-01
    250000   -58.00000000   9.1922000000e-01
    250000   -56.00000000   8.8251500000e-01
    250000   -54.00000000   8.4464200000e-01
    250000   -52.00000000   8.0579500000e-01
    250000   -50.00000000   7.6617000000e-01
    250000   -48.00000000   7.2596900000e-01
    250000   -46.00000000   6.8539400000e-01
    250000   -44.00000000   6.4465000000e-01
    250000   -42.00000000   6.0394300000e-01
    250000   -40.00000000   5.6347800000e-01
    250000   -38.00000000   5.2345700000e-01
    250000   -36.00000000   4.8408400000e-01
    250000   -34.00000000   4.4555400000e-01
    250000   -32.00000000   4.0806200000e-01
    250000   -30.00000000   3.7179500000e-01
    250000   -28.00000000   3.3693500000e-01
    250000   -26.00000000   3.0365700000e-01
    250000   -24.00000000   2.7212700000e-01
    250000   -22.00000000   2.4250300000e-01
    250000   -20.00000000   2.1493300000e-01
    250000   -18.00000000   1.8955500000e-01
    250000   -16.00000000   1.6649500000e-01
    250000   -14.00000000   1.4587000000e-01
    250000   -12.00000000   1.2778200000e-01
    250000   -10.00000000   1.1606300000e-01
    250000    -8.00000000   1.0179200000e-01
    250000    -6.00000000   7.7980000000e-02
    250000    -4.00000000   4.4430000000e-02
    250000    -2.00000000   2.7660000000e-02
    250000     0.00000000   1.2910000000e-02
    250000     2.00000000   8.9400000000e-03
    250000     4.00000000   1.1750000000e-02
    250000     6.00000000   1.9572000000e-02
    250000     8.00000000   2.8078000000e-02
    250000    10.00000000   4.2462000000e-02
    250000    12.00000000   5.8482000000e-02
    250000    14.00000000   7.7127000000e-02
    250000    16.00000000   9.8392000000e-02
    250000    18.00000000   1.2217500000e-01
    250000    20.00000000   1.4835800000e-01
    250000    22.00000000   1.7681400000e-01
    250000    24.00000000   2.0740400000e-01
    250000    26.00000000   2.3997900000e-01
    250000    28.00000000   2.7438000000e-01
    250000    30.00000000   3.1043900000e-01
    250000    32.00000000   3.4798000000e-01
    250000    34.00000000   3.8681900000e-01
    250000    36.00000000   4.2676700000e-01
    250000    38.00000000   4.6762900000e-01
    250000    40.00000000   5.0920500000e-01
    250000    42.00000000   5.5129300000e-01
    250000    44.00000000   5.9368700000e-01
    250000    46.00000000   6.3617900000e-01
    250000    48.00000000   6.7856200000e-01
    250000    50.00000000   7.2063000000e-01
    250000    52.00000000   7.6217700000e-01
    250000    54.00000000   8.0299900000e-01
    250000    56.00000000   8.4289700000e-01
    250000    58.00000000   8.8167700000e-01
    250000    60.00000000   9.1914800000e-01
    250000    62.00000000   9.5512800000e-01
    250000    64.00000000   9.8944100000e-01
    250000    66.00000000   1.0219180000e+00
    250000    68.00000000   1.0524010000e+00
    250000    70.00000000   1.0807400000e+00
    250000    72.00000000   1.1067980000e+00
    250000    74.00000000   1.1304460000e+00
    250000    76.00000000   1.1515680000e+00
    250000    78.00000000   1.1700610000e+00
    250000    80.00000000   1.1858340000e+00
    250000    82.00000000   1.1988090000e+00
    250000    84.00000000   1.2089220000e+00
    250000    86.00000000   1.2161240000e+00
    250000    88.00000000   1.2203790000e+00
    250000    90.00000000   1.2216640000e+00
     50000   -90.00000000   1.2216640000e+00
     50000   -88.00000000   1.2226510000e+00
     50000   -86.00000000   1.2206660000e+00
     50000   -84.00000000   1.2157280000e+00
     50000   -82.00000000   1.2078700000e+00
     50000   -80.00000000   1.1971400000e+00
     50000   -78.00000000   1.1835980000e+00
     50000   -76.00000000   1.1673190000e+00
     50000   -74.00000000   1.1483920000e+00
     50000   -72.00000000   1.1269180000e+00
     50000   -70.00000000   1.1030090000e+00
     50000   -68.00000000   1.0767910000e+00
     50000   -66.00000000   1.0484000000e+00
     50000   -64.00000000   1.0179820000e+00
     50000   -62.00000000   9.8569500000e-01
     50000   -60.00000000   9.5170200000e-01
     50000   -58.00000000   9.1617900000e-01
     50000   -56.00000000   8.7930500000e-01
     50000   -54.00000000   8.4126800000e-01
     50000   -52.00000000   8.0226100000e-01
     50000   -50.00000000   7.6248100000e-01
     50000   -48.00000000   7.2212800000e-01
     50000   -46.00000000   6.8140700000e-01
     50000   -44.00000000   6.4052100000e-01
     50000   -42.00000000   5.9967800000e-01
     50000   -40.00000000   5.5908100000e-01
     50000   -38.00000000   5.1893500000e-01
     50000   -36.00000000   4.7944100000e-01
     50000   -34.00000000   4.4079600000e-01
     50000   -32.00000000   4.0319400000e-01
     50000   -30.00000000   3.6682400000e-01
     50000   -28.00000000   3.3186700000e-01
     50000   -26.00000000   2.9849800000e-01
     50000   -24.00000000   2.6688300000e-01
     50000   -22.00000000   2.3718100000e-01
     50000   -20.00000000   2.0953900000e-01
     50000   -18.00000000   1.8409600000e-01
     50000   -16.00000000   1.6097800000e-01
     50000   -14.00000000   1.4030100000e-01
     50000   -12.00000000   1.2216800000e-01
     50000   -10.00000000   1.0666900000e-01
     50000    -8.00000000   9.3881000000e-02
     50000    -6.00000000   8.4703000000e-02
     50000    -4.00000000   7.6680000000e-02
     50000    -2.00000000   4.8461000000e-02
     50000     0.00000000   2.7900000000e-02
     50000     2.00000000   3.5220000000e-02
     50000     4.00000000   3.8845000000e-02
     50000     6.00000000   2.6794000000e-02
     50000     8.00000000   3.9944000000e-02
     50000    10.00000000   5.6797000000e-02
     50000    12.00000000   6.8178000000e-02
     50000    14.00000000   8.6745000000e-02
     50000    16.00000000   1.0792100000e-01
     50000    18.00000000   1.3160200000e-01
     50000    20.00000000   1.5767200000e-01
     50000    22.00000000   1.8600400000e-01
     50000    24.00000000   2.1645900000e-01
     50000    26.00000000   2.4888800000e-01
     50000    28.00000000   2.8313200000e-01
     50000    30.00000000   3.1902300000e-01
     50000    32.00000000   3.5638600000e-01
     50000    34.00000000   3.9503600000e-01
     50000    36.00000000   4.3478600000e-01
     50000    38.00000000   4.7544000000e-01
     50000    40.00000000   5.1679800000e-01
     50000    42.00000000   5.5865900000e-01
     50000    44.00000000   6.0081700000e-01
     50000    46.00000000   6.4306400000e-01
     50000    48.00000000   6.8519500000e-01
     50000    50.00000000   7.2700200000e-01
     50000    52.00000000   7.6827900000e-01
     50000    54.00000000   8.0882500000e-01
     50000    56.00000000   8.4844000000e-01
     50000    58.00000000   8.8693000000e-01
     50000    60.00000000   9.2410400000e-01
     50000    62.00000000   9.5978200000e-01
     50000    64.00000000   9.9378600000e-01
     50000    66.00000000   1.0259490000e+00
     50000    68.00000000   1.0561140000e+00
     50000    70.00000000   1.0841310000e+00
     50000    72.00000000   1.1098610000e+00
     50000    74.00000000   1.1331780000e+00
     50000    76.00000000   1.1539660000e+00
     50000    78.00000000   1.1721220000e+00
     50000    80.00000000   1.1875550000e+00
     50000    82.00000000   1.2001880000e+00
     50000    84.00000000   1.2099590000e+00
     50000    86.00000000   1.2168160000e+00
     50000    88.00000000   1.2207250000e+00
     50000    90.00000000   1.2216640000e+00
    100000   -90.00000000   1.2216640000e+00
    100000   -88.00000000   1.2227070000e+00
    100000   -86.00000000   1.2207770000e+00
    100000   -84.00000000   1.2158940000e+00
    100000   -82.00000000   1.2080920000e+00
    100000   -80.00000000   1.1974160000e+00
    100000   -78.00000000   1.1839290000e+00
    100000   -76.00000000   1.1677040000e+00
    100000   -74.00000000   1.1488310000e+00
    100000   -72.00000000   1.1274090000e+00
    100000   -70.00000000   1.1035530000e+00
    100000   -68.00000000   1.0773870000e+00
    100000   -66.00000000   1.0490470000e+00
    100000   -64.00000000   1.0186790000e+00
    100000   -62.00000000   9.8644100000e-01
    100000   -60.00000000   9.5249800000e-01
    100000   -58.00000000   9.1702200000e-01
    100000   -56.00000000   8.8019500000e-01
    100000   -54.00000000   8.4220400000e-01
    100000   -52.00000000   8.0324100000e-01
    100000   -50.00000000   7.6350400000e-01
    100000   -48.00000000   7.2319300000e-01
    100000   -46.00000000   6.8251200000e-01
    100000   -44.00000000   6.4166600000e-01
    100000   -42.00000000   6.0086000000e-01
    100000   -40.00000000   5.6030000000e-01
    100000   -38.00000000   5.2018800000e-01
    100000   -36.00000000   4.8072800000e-01
    100000   -34.00000000   4.4211500000e-01
    100000   -32.00000000   4.0454400000e-01
    100000   -30.00000000   3.6820200000e-01
    100000   -28.00000000   3.3327200000e-01
    100000   -26.00000000   2.9992800000e-01
    100000   -24.00000000   2.6833700000e-01
    100000   -22.00000000   2.3865600000e-01
    100000   -20.00000000   2.1103400000e-01
    100000   -18.00000000   1.8560900000e-01
    100000   -16.00000000   1.6250800000e-01
    100000   -14.00000000   1.4184500000e-01
    100000   -12.00000000   1.2372400000e-01
    100000   -10.00000000   1.0823500000e-01
    100000    -8.00000000   9.6510000000e-02
    100000    -6.00000000   8.5450000000e-02
    100000    -4.00000000   6.3418000000e-02
    100000    -2.00000000   3.9030000000e-02
    100000     0.00000000   2.3740000000e-02
    100000     2.00000000   2.1830000000e-02
    100000     4.00000000   1.6480000000e-02
    100000     6.00000000   2.0643000000e-02
    100000     8.00000000   3.5609000000e-02
    100000    10.00000000   4.8128000000e-02
    100000    12.00000000   6.5318000000e-02
    100000    14.00000000   8.3908000000e-02
    100000    16.00000000   1.0511000000e-01
    100000    18.00000000   1.2882100000e-01
    100000    20.00000000   1.5492400000e-01
    100000    22.00000000   1.8329300000e-01
    100000    24.00000000   2.1378800000e-01
    100000    26.00000000   2.4626000000e-01
    100000    28.00000000   2.8055000000e-01
    100000    30.00000000   3.1649100000e-01
    100000    32.00000000   3.5390600000e-01
    100000    34.00000000   3.9261200000e-01
    100000    36.00000000   4.3242000000e-01
    100000    38.00000000   4.7313600000e-01
    100000    40.00000000   5.1455900000e-01
    100000    42.00000000   5.5648600000e-01
    100000    44.00000000   5.9871300000e-01
    100000    46.00000000   6.4103300000e-01
    100000    48.00000000   6.8323800000e-01
    100000    50.00000000   7.2512200000e-01
    100000    52.00000000   7.6647900000e-01
    100000    54.00000000   8.0710600000e-01
    100000    56.00000000   8.4680500000e-01
    100000    58.00000000   8.8538000000e-01
    100000    60.00000000   9.2264200000e-01
    100000    62.00000000   9.5840900000e-01
    100000    64.00000000   9.9250400000e-01
    100000    66.00000000   1.0247600000e+00
    100000    68.00000000   1.0550190000e+00
    100000    70.00000000   1.0831310000e+00
    100000    72.00000000   1.1089580000e+00
    100000    74.00000000   1.1323720000e+00
    100000    76.00000000   1.1532590000e+00
    100000    78.00000000   1.1715140000e+00
    100000    80.00000000   1.1870470000e+00
    100000    82.00000000   1.1997810000e+00
    100000    84.00000000   1.2096530000e+00
    100000    86.00000000   1.2166120000e+00
    100000    88.00000000   1.2206230000e+00
    100000    90.00000000   1.2216640000e+00
    150000   -90.00000000   1.2216640000e+00
    150000   -88.00000000   1.2226040000e+00
    150000   -86.00000000   1.2205710000e+00
    150000   -84.00000000   1.2155860000e+00
    150000   -82.00000000   1.2076810000e+00
    150000   -80.00000000   1.1969030000e+00
    150000   -78.00000000   1.1833150000e+00
    150000   -76.00000000   1.1669900000e+00
    150000   -74.00000000   1.1480170000e+00
    150000   -72.00000000   1.1264970000e+00
    150000   -70.00000000   1.1025430000e+00
    150000   -68.00000000   1.0762810000e+00
    150000   -66.00000000   1.0478460000e+00
    150000   -64.00000000   1.0173860000e+00
    150000   -62.00000000   9.8505600000e-01
    150000   -60.00000000   9.5102200000e-01
    150000   -58.00000000   9.1545800000e-01
    150000   -56.00000000   8.7854400000e-01
    150000   -54.00000000   8.4046900000e-01
    150000   -52.00000000   8.0142400000e-01
    150000   -50.00000000   7.6160600000e-01
    150000   -48.00000000   7.2121800000e-01
    150000   -46.00000000   6.8046200000e-01
    150000   -44.00000000   6.3954300000e-01
    150000   -42.00000000   5.9866700000e-01
    150000   -40.00000000   5.5803900000e-01
    150000   -38.00000000   5.1786300000e-01
    150000   -36.00000000   4.7834000000e-01
    150000   -34.00000000   4.3966800000e-01
    150000   -32.00000000   4.0204100000e-01
    150000   -30.00000000   3.6564600000e-01
    150000   -28.00000000   3.3066600000e-01
    150000   -26.00000000   2.9727500000e-01
    150000   -24.00000000   2.6564000000e-01
    150000   -22.00000000   2.3592000000e-01
    150000   -20.00000000   2.0826100000e-01
    150000   -18.00000000   1.8280200000e-01
    150000   -16.00000000   1.5967000000e-01
    150000   -14.00000000   1.3898100000e-01
    150000   -12.00000000   1.2083700000e-01
    150000   -10.00000000   1.0532900000e-01
    150000    -8.00000000   9.2904000000e-02
    150000    -6.00000000   8.3905000000e-02
    150000    -4.00000000   5.9444000000e-02
    150000    -2.00000000   2.7470000000e-02
    150000     0.00000000   1.8300000000e-02
    150000     2.00000000   1.2650000000e-02
    150000     4.00000000   1.2790000000e-02
    150000     6.00000000   2.0592000000e-02
    150000     8.00000000   3.4130000000e-02
    150000    10.00000000   4.6276000000e-02
    150000    12.00000000   6.3148000000e-02
    150000    14.00000000   8.1756000000e-02
    150000    16.00000000   1.0297800000e-01
    150000    18.00000000   1.2671100000e-01
    150000    20.00000000   1.5284000000e-01
    150000    22.00000000   1.8123700000e-01
    150000    24.00000000   2.1176200000e-01
    150000    26.00000000   2.4426700000e-01
    150000    28.00000000   2.7859200000e-01
    150000    30.00000000   3.1457000000e-01
    150000    32.00000000   3.5202500000e-01
    150000    34.00000000   3.9077400000e-01
    150000    36.00000000   4.3062600000e-01
    150000    38.00000000   4.7138800000e-01
    150000    40.00000000   5.1286000000e-01
    150000    42.00000000   5.5483800000e-01
    150000    44.00000000   5.9711800000e-01
    150000    46.00000000   6.3949300000e-01
    150000    48.00000000   6.8175400000e-01
    150000    50.00000000   7.2369600000e-01
    150000    52.00000000   7.6511400000e-01
    150000    54.00000000   8.0580300000e-01
    150000    56.00000000   8.4556500000e-01
    150000    58.00000000   8.8420500000e-01
    150000    60.00000000   9.2153300000e-01
    150000    62.00000000   9.5736800000e-01
    150000    64.00000000   9.9153200000e-01
    150000    66.00000000   1.0238580000e+00
    150000    68.00000000   1.0541880000e+00
    150000    70.00000000   1.0823720000e+00
    150000    72.00000000   1.1082720000e+00
    150000    74.00000000   1.1317610000e+00
    150000    76.00000000   1.1527220000e+00
    150000    78.00000000   1.1710530000e+00
    150000    80.00000000   1.1866620000e+00
    150000    82.00000000   1.1994730000e+00
    150000    84.00000000   1.2094210000e+00
    150000    86.00000000   1.2164570000e+00
    150000    88.00000000   1.2205450000e+00
    150000    90.00000000   1.2216640000e+00
    200000   -90.00000000   1.2216640000e+00
    200000   -88.00000000   1.2226470000e+00
    200000   -86.00000000   1.2206570000e+00
    200000   -84.00000000   1.2157150000e+00
    200000   -82.00000000   1.2078530000e+00
    200000   -80.00000000   1.1971180000e+00
    200000   -78.00000000   1.1835720000e+00
    200000   -76.00000000   1.1672890000e+00
    200000   -74.00000000   1.1483580000e+00
    200000   -72.00000000   1.1268790000e+00
    200000   -70.00000000   1.1029660000e+00
    200000   -68.00000000   1.0767440000e+00
    200000   -66.00000000   1.0483490000e+00
    200000   -64.00000000   1.0179270000e+00
    200000   -62.00000000   9.8563600000e-01
    200000   -60.00000000   9.5164000000e-01
    200000   -58.00000000   9.1611300000e-01
    200000   -56.00000000   8.7923500000e-01
    200000   -54.00000000   8.4119500000e-01
    200000   -52.00000000   8.0218400000e-01
    200000   -50.00000000   7.6240100000e-01
    200000   -48.00000000   7.2204500000e-01
    200000   -46.00000000   6.8132000000e-01
    200000   -44.00000000   6.4043200000e-01
    200000   -42.00000000   5.9958500000e-01
    200000   -40.00000000   5.5898500000e-01
    200000   -38.00000000   5.1883600000e-01
    200000   -36.00000000   4.7934000000e-01
    200000   -34.00000000   4.4069200000e-01
    200000   -32.00000000   4.0308900000e-01
    200000   -30.00000000   3.6671600000e-01
    200000   -28.00000000   3.3175700000e-01
    200000   -26.00000000   2.9838600000e-01
    200000   -24.00000000   2.6676900000e-01
    200000   -22.00000000   2.3706500000e-01
    200000   -20.00000000   2.0942200000e-01
    200000   -18.00000000   1.8397700000e-01
    200000   -16.00000000   1.6085800000e-01
    200000   -14.00000000   1.4018000000e-01
    200000   -12.00000000   1.2204600000e-01
    200000   -10.00000000   1.0654600000e-01
    200000    -8.00000000   9.6780000000e-02
    200000    -6.00000000   8.0945000000e-02
    200000    -4.00000000   4.8921000000e-02
    200000    -2.00000000   2.2440000000e-02
    200000     0.00000000   1.4710000000e-02
    200000     2.00000000   1.0470000000e-02
    200000     4.00000000   1.1760000000e-02
    200000     6.00000000   1.9445000000e-02
    200000     8.00000000   2.9302000000e-02
    200000    10.00000000   4.3195000000e-02
    200000    12.00000000   5.9436000000e-02
    200000    14.00000000   7.8073000000e-02
    200000    16.00000000   9.9329000000e-02
    200000    18.00000000   1.2310100000e-01
    200000    20.00000000   1.4927300000e-01
    200000    22.00000000   1.7771700000e-01
    200000    24.00000000   2.0829400000e-01
    200000    26.00000000   2.4085500000e-01
    200000    28.00000000   2.7524100000e-01
    200000    30.00000000   3.1128300000e-01
    200000    32.00000000   3.4880600000e-01
    200000    34.00000000   3.8762700000e-01
    200000    36.00000000   4.2755500000e-01
    200000    38.00000000   4.6839700000e-01
    200000    40.00000000   5.0995200000e-01
    200000    42.00000000   5.5201700000e-01
    200000    44.00000000   5.9438700000e-01
    200000    46.00000000   6.3685600000e-01
    200000    48.00000000   6.7921400000e-01
    200000    50.00000000   7.2125700000e-01
    200000    52.00000000   7.6277700000e-01
    200000    54.00000000   8.0357200000e-01
    200000    56.00000000   8.4344200000e-01
    200000    58.00000000   8.8219300000e-01
    200000    60.00000000   9.1963500000e-01
    200000    62.00000000   9.5558600000e-01
    200000    64.00000000   9.8986800000e-01
    200000    66.00000000   1.0223140000e+00
    200000    68.00000000   1.0527660000e+00
    200000    70.00000000   1.0810740000e+00
    200000    72.00000000   1.1070990000e+00
    200000    74.00000000   1.1307140000e+00
    200000    76.00000000   1.1518040000e+00
    200000    78.00000000   1.1702640000e+00
    200000    80.00000000   1.1860030000e+00
    200000    82.00000000   1.1989450000e+00
    200000    84.00000000   1.2090240000e+00
    200000    86.00000000   1.2161920000e+00
    200000    88.00000000   1.2204130000e+00
    200000    90.00000000   1.2216640000e+00
    250000   -90.00000000   1.2216640000e+00
    250000   -88.00000000   1.2227770000e+00
    250000   -86.00000000   1.2209190000e+00
    250000   -84.00000000   1.2161070000e+00
    250000   -82.00000000   1.2083740000e+00
    250000   -80.00000000   1.1977690000e+00
    250000   -78.00000000   1.1843510000e+00
    250000   -76.00000000   1.1681950000e+00
    250000   -74.00000000   1.1493900000e+00
    250000   -72.00000000   1.1280370000e+00
    250000   -70.00000000   1.1042470000e+00
    250000   -68.00000000   1.0781470000e+00
    250000   -66.00000000   1.0498730000e+00
    250000   -64.00000000   1.0195700000e+00
    250000   -62.00000000   9.8739500000e-01
    250000   -60.00000000   9.5351300000e-01
    250000   -58.00000000   9.1809800000e-01
    250000   -56.00000000   8.8133000000e-01
    250000   -54.00000000   8.4339700000e-01
    250000   -52.00000000   8.0449100000e-01
    250000   -50.00000000   7.6480900000e-01
    250000   -48.00000000   7.2455100000e-01
    250000   -46.00000000   6.8392200000e-01
    250000   -44.00000000   6.4312600000e-01
    250000   -42.00000000   6.0236900000e-01
    250000   -40.00000000   5.6185500000e-01
    250000   -38.00000000   5.2178800000e-01
    250000   -36.00000000   4.8237000000e-01
    250000   -34.00000000   4.4379800000e-01
    250000   -32.00000000   4.0626500000e-01
    250000   -30.00000000   3.6996000000e-01
    250000   -28.00000000   3.3506500000e-01
    250000   -26.00000000   3.0175300000e-01
    250000   -24.00000000   2.7019200000e-01
    250000   -22.00000000   2.4053900000e-01
    250000   -20.00000000   2.1294200000e-01
    250000   -18.00000000   1.8754000000e-01
    250000   -16.00000000   1.6445900000e-01
    250000   -14.00000000   1.4381500000e-01
    250000   -12.00000000   1.2571000000e-01
    250000   -10.00000000   1.1031800000e-01
    250000    -8.00000000   9.9113000000e-02
    250000    -6.00000000   8.3760000000e-02
    250000    -4.00000000   4.2890000000e-02
    250000    -2.00000000   2.1580000000e-02
    250000     0.00000000   1.2407000000e-02
    250000     2.00000000   8.9200000000e-03
    250000     4.00000000   1.1430000000e-02
    250000     6.00000000   1.9289000000e-02
    250000     8.00000000   2.7979000000e-02
    250000    10.00000000   4.2362000000e-02
    250000    12.00000000   5.8384000000e-02
    250000    14.00000000   7.7029000000e-02
    250000    16.00000000   9.8295000000e-02
    250000    18.00000000   1.2207900000e-01
    250000    20.00000000   1.4826300000e-01
    250000    22.00000000   1.7672000000e-01
    250000    24.00000000   2.0731200000e-01
    250000    26.00000000   2.3988900000e-01
    250000    28.00000000   2.7429100000e-01
    250000    30.00000000   3.1035200000e-01
    250000    32.00000000   3.4789400000e-01
    250000    34.00000000   3.8673500000e-01
    250000    36.00000000   4.2668500000e-01
    250000    38.00000000   4.6754900000e-01
    250000    40.00000000   5.0912800000e-01
    250000    42.00000000   5.5121800000e-01
    250000    44.00000000   5.9361400000e-01
    250000    46.00000000   6.3610900000e-01
    250000    48.00000000   6.7849500000e-01
    250000    50.00000000   7.2056500000e-01
    250000    52.00000000   7.6211500000e-01
    250000    54.00000000   8.0294000000e-01
    250000    56.00000000   8.4284100000e-01
    250000    58.00000000   8.8162300000e-01
    250000    60.00000000   9.1909800000e-01
    250000    62.00000000   9.5508100000e-01
    250000    64.00000000   9.8939600000e-01
    250000    66.00000000   1.0218770000e+00
    250000    68.00000000   1.0523630000e+00
    250000    70.00000000   1.0807060000e+00
    250000    72.00000000   1.1067670000e+00
    250000    74.00000000   1.1304180000e+00
    250000    76.00000000   1.1515440000e+00
    250000    78.00000000   1.1700400000e+00
    250000    80.00000000   1.1858160000e+00
    250000    82.00000000   1.1987950000e+00
    250000    84.00000000   1.2089120000e+00
    250000    86.00000000   1.2161170000e+00
    250000    88.00000000   1.2203750000e+00
    250000    90.00000000   1.2216640000e+00
     50000   -90.00000000   1.2216640000e+00
     50000   -88.00000000   1.2227230000e+00
     50000   -86.00000000   1.2208110000e+00
     50000   -84.00000000   1.2159450000e+00
     50000   -82.00000000   1.2081590000e+00
     50000   -80.00000000   1.1975000000e+00
     50000   -78.00000000   1.1840290000e+00
     50000   -76.00000000   1.1678220000e+00
     50000   -74.00000000   1.1489650000e+00
     50000   -72.00000000   1.1275590000e+00
     50000   -70.00000000   1.1037190000e+00
     50000   -68.00000000   1.0775690000e+00
     50000   -66.00000000   1.0492440000e+00
     50000   -64.00000000   1.0188920000e+00
     50000   -62.00000000   9.8666900000e-01
     50000   -60.00000000   9.5274100000e-01
     50000   -58.00000000   9.1727900000e-01
     50000   -56.00000000   8.8046600000e-01
     50000   -54.00000000   8.4248900000e-01
     50000   -52.00000000   8.0354000000e-01
     50000   -50.00000000   7.6381600000e-01
     50000   -48.00000000   7.2351800000e-01
     50000   -46.00000000   6.8284900000e-01
     50000   -44.00000000   6.4201500000e-01
     50000   -42.00000000   6.0122100000e-01
     50000   -40.00000000   5.6067200000e-01
     50000   -38.00000000   5.2057100000e-01
     50000   -36.00000000   4.8112000000e-01
     50000   -34.00000000   4.4251700000e-01
     50000   -32.00000000   4.0495500000e-01
     50000   -30.00000000   3.6862300000e-01
     50000   -28.00000000   3.3370100000e-01
     50000   -26.00000000   3.0036400000e-01
     50000   -24.00000000   2.6878000000e-01
     50000   -22.00000000   2.3910600000e-01
     50000   -20.00000000   2.1149100000e-01
     50000   -18.00000000   1.8607100000e-01
     50000   -16.00000000   1.6297400000e-01
     50000   -14.00000000   1.4231600000e-01
     50000   -12.00000000   1.2419900000e-01
     50000   -10.00000000   1.0871400000e-01
     50000    -8.00000000   9.5937000000e-02
     50000    -6.00000000   8.7337000000e-02
     50000    -4.00000000   7.3666000000e-02
     50000    -2.00000000   3.7883000000e-02
     50000     0.00000000   2.6430000000e-02
     50000     2.00000000   3.4760000000e-02
     50000     4.00000000   3.9250000000e-02
     50000     6.00000000   2.7050000000e-02
     50000     8.00000000   4.2331000000e-02
     50000    10.00000000   6.0187000000e-02
     50000    12.00000000   7.7770000000e-02
     50000    14.00000000   9.6259000000e-02
     50000    16.00000000   1.1734700000e-01
     50000    18.00000000   1.4092800000e-01
     50000    20.00000000   1.6688700000e-01
     50000    22.00000000   1.9509600000e-01
     50000    24.00000000   2.2541700000e-01
     50000    26.00000000   2.5770200000e-01
     50000    28.00000000   2.9179000000e-01
     50000    30.00000000   3.2751500000e-01
     50000    32.00000000   3.6470100000e-01
     50000    34.00000000   4.0316600000e-01
     50000    36.00000000   4.4271900000e-01
     50000    38.00000000   4.8316700000e-01
     50000    40.00000000   5.2431000000e-01
     50000    42.00000000   5.6594600000e-01
     50000    44.00000000   6.0787000000e-01
     50000    46.00000000   6.4987600000e-01
     50000    48.00000000   6.9175600000e-01
     50000    50.00000000   7.3330500000e-01
     50000    52.00000000   7.7431600000e-01
     50000    54.00000000   8.1458900000e-01
     50000    56.00000000   8.5392300000e-01
     50000    58.00000000   8.9212600000e-01
     50000    60.00000000   9.2900700000e-01
     50000    62.00000000   9.6438500000e-01
     50000    64.00000000   9.9808400000e-01
     50000    66.00000000   1.0299380000e+00
     50000    68.00000000   1.0597870000e+00
     50000    70.00000000   1.0874840000e+00
     50000    72.00000000   1.1128910000e+00
     50000    74.00000000   1.1358810000e+00
     50000    76.00000000   1.1563380000e+00
     50000    78.00000000   1.1741610000e+00
     50000    80.00000000   1.1892580000e+00
     50000    82.00000000   1.2015530000e+00
     50000    84.00000000   1.2109840000e+00
     50000    86.00000000   1.2175000000e+00
     50000    88.00000000   1.2210670000e+00
     50000    90.00000000   1.2216640000e+00
    100000   -90.00000000   1.2216640000e+00
    100000   -88.00000000   1.2226690000e+00
    100000   -86.00000000   1.2207030000e+00
    100000   -84.00000000   1.2157830000e+00
    100000   -82.00000000   1.2079440000e+00
    100000   -80.00000000   1.1972310000e+00
    100000   -78.00000000   1.1837080000e+00
    100000   -76.00000000   1.1674470000e+00
    100000   -74.00000000   1.1485380000e+00
    100000   -72.00000000   1.1270810000e+00
    100000   -70.00000000   1.1031890000e+00
    100000   -68.00000000   1.0769890000e+00
    100000   -66.00000000   1.0486140000e+00
    100000   -64.00000000   1.0182140000e+00
    100000   -62.00000000   9.8594200000e-01
    100000   -60.00000000   9.5196600000e-01
    100000   -58.00000000   9.1645900000e-01
    100000   -56.00000000   8.7960100000e-01
    100000   -54.00000000   8.4157900000e-01
    100000   -52.00000000   8.0258600000e-01
    100000   -50.00000000   7.6282000000e-01
    100000   -48.00000000   7.2248200000e-01
    100000   -46.00000000   6.8177400000e-01
    100000   -44.00000000   6.4090100000e-01
    100000   -42.00000000   6.0007000000e-01
    100000   -40.00000000   5.5948600000e-01
    100000   -38.00000000   5.1935100000e-01
    100000   -36.00000000   4.7986800000e-01
    100000   -34.00000000   4.4123400000e-01
    100000   -32.00000000   4.0364200000e-01
    100000   -30.00000000   3.6728200000e-01
    100000   -28.00000000   3.3233400000e-01
    100000   -26.00000000   2.9897300000e-01
    100000   -24.00000000   2.6736600000e-01
    100000   -22.00000000   2.3767100000e-01
    100000   -20.00000000   2.1003600000e-01
    100000   -18.00000000   1.8459800000e-01
    100000   -16.00000000   1.6148600000e-01
    100000   -14.00000000   1.4081400000e-01
    100000   -12.00000000   1.2268400000e-01
    100000   -10.00000000   1.0718900000e-01
    100000    -8.00000000   9.4657000000e-02
    100000    -6.00000000   8.4982000000e-02
    100000    -4.00000000   5.9269000000e-02
    100000    -2.00000000   3.0620000000e-02
    100000     0.00000000   2.2330000000e-02
    100000     2.00000000   2.1110000000e-02
    100000     4.00000000   1.6570000000e-02
    100000     6.00000000   1.8081000000e-02
    100000     8.00000000   2.1483000000e-02
    100000    10.00000000   3.0243000000e-02
    100000    12.00000000   4.2517000000e-02
    100000    14.00000000   6.1290000000e-02
    100000    16.00000000   8.2703000000e-02
    100000    18.00000000   1.0665200000e-01
    100000    20.00000000   1.3302000000e-01
    100000    22.00000000   1.6168100000e-01
    100000    24.00000000   1.9249400000e-01
    100000    26.00000000   2.2530900000e-01
    100000    28.00000000   2.5996900000e-01
    100000    30.00000000   2.9630400000e-01
    100000    32.00000000   3.3413800000e-01
    100000    34.00000000   3.7328700000e-01
    100000    36.00000000   4.1356200000e-01
    100000    38.00000000   4.5476700000e-01
    100000    40.00000000   4.9670200000e-01
    100000    42.00000000   5.3916400000e-01
    100000    44.00000000   5.8194600000e-01
    100000    46.00000000   6.2484100000e-01
    100000    48.00000000   6.6764100000e-01
    100000    50.00000000   7.1013900000e-01
    100000    52.00000000   7.5212800000e-01
    100000    54.00000000   7.9340500000e-01
    100000    56.00000000   8.3377000000e-01
    100000    58.00000000   8.7302800000e-01
    100000    60.00000000   9.1098700000e-01
    100000    62.00000000   9.4746500000e-01
    100000    64.00000000   9.8228600000e-01
    100000    66.00000000   1.0152790000e+00
    100000    68.00000000   1.0462870000e+00
    100000    70.00000000   1.0751580000e+00
    100000    72.00000000   1.1017540000e+00
    100000    74.00000000   1.1259470000e+00
    100000    76.00000000   1.1476190000e+00
    100000    78.00000000   1.1666680000e+00
    100000    80.00000000   1.1830000000e+00
    100000    82.00000000   1.1965370000e+00
    100000    84.00000000   1.2072160000e+00
    100000    86.00000000   1.2149860000e+00
    100000    88.00000000   1.2198090000e+00
    100000    90.00000000   1.2216640000e+00
    150000   -90.00000000   1.2216640000e+00
    150000   -88.00000000   1.2225460000e+00
    150000   -86.00000000   1.2204560000e+00
    150000   -84.00000000   1.2154140000e+00
    150000   -82.00000000   1.2074520000e+00
    150000   -80.00000000   1.1966170000e+00
    150000   -78.00000000   1.1829720000e+00
    150000   -76.00000000   1.1665910000e+00
    150000   -74.00000000   1.1475630000e+00
    150000   -72.00000000   1.1259880000e+00
    150000   -70.00000000   1.1019800000e+00
    150000   -68.00000000   1.0756640000e+00
    150000   -66.00000000   1.0471760000e+00
    150000   -64.00000000   1.0166630000e+00
    150000   -62.00000000   9.8428200000e-01
    150000   -60.00000000   9.5019800000e-01
    150000   -58.00000000   9.1458500000e-01
    150000   -56.00000000   8.7762300000e-01
    150000   -54.00000000   8.3950000000e-01
    150000   -52.00000000   8.0040900000e-01
    150000   -50.00000000   7.6054700000e-01
    150000   -48.00000000   7.2011500000e-01
    150000   -46.00000000   6.7931700000e-01
    150000   -44.00000000   6.3835800000e-01
    150000   -42.00000000   5.9744200000e-01
    150000   -40.00000000   5.5677700000e-01
    150000   -38.00000000   5.1656400000e-01
    150000   -36.00000000   4.7700700000e-01
    150000   -34.00000000   4.3830200000e-01
    150000   -32.00000000   4.0064300000e-01
    150000   -30.00000000   3.6421900000e-01
    150000   -28.00000000   3.2921100000e-01
    150000   -26.00000000   2.9579400000e-01
    150000   -24.00000000   2.6413500000e-01
    150000   -22.00000000   2.3439200000e-01
    150000   -20.00000000   2.0671300000e-01
    150000   -18.00000000   1.8123500000e-01
    150000   -16.00000000   1.5808700000e-01
    150000   -14.00000000   1.3738200000e-01
    150000   -12.00000000   1.1922500000e-01
    150000   -10.00000000   1.0370600000e-01
    150000    -8.00000000   9.1364000000e-02
    150000    -6.00000000   8.1748000000e-02
    150000    -4.00000000   5.4510000000e-02
    150000    -2.00000000   2.1750000000e-02
    150000     0.00000000   1.6950000000e-02
    150000     2.00000000   1.3550000000e-02
    150000     4.00000000   1.2580000000e-02
    150000     6.00000000   2.0240000000e-02
    150000     8.00000000   3.4760000000e-02
    150000    10.00000000   4.6902000000e-02
    150000    12.00000000   6.3771000000e-02
    150000    14.00000000   8.2373000000e-02
    150000    16.00000000   1.0358900000e-01
    150000    18.00000000   1.2731700000e-01
    150000    20.00000000   1.5343800000e-01
    150000    22.00000000   1.8182700000e-01
    150000    24.00000000   2.1234300000e-01
    150000    26.00000000   2.4483900000e-01
    150000    28.00000000   2.7915400000e-01
    150000    30.00000000   3.1512100000e-01
    150000    32.00000000   3.5256500000e-01
    150000    34.00000000   3.9130100000e-01
    150000    36.00000000   4.3114100000e-01
    150000    38.00000000   4.7188900000e-01
    150000    40.00000000   5.1334700000e-01
    150000    42.00000000   5.5531100000e-01
    150000    44.00000000   5.9757600000e-01
    150000    46.00000000   6.3993500000e-01
    150000    48.00000000   6.8218000000e-01
    150000    50.00000000   7.2410500000e-01
    150000    52.00000000   7.6550500000e-01
    150000    54.00000000   8.0617700000e-01
    150000    56.00000000   8.4592000000e-01
    150000    58.00000000   8.8454200000e-01
    150000    60.00000000   9.2185100000e-01
    150000    62.00000000   9.5766600000e-01
    150000    64.00000000   9.9181100000e-01
    150000    66.00000000   1.0241170000e+00
    150000    68.00000000   1.0544260000e+00
    150000    70.00000000   1.0825900000e+00
    150000    72.00000000   1.1084690000e+00
    150000    74.00000000   1.1319360000e+00
    150000    76.00000000   1.1528760000e+00
    150000    78.00000000   1.1711850000e+00
    150000    80.00000000   1.1867730000e+00
    150000    82.00000000   1.1995610000e+00
    150000    84.00000000   1.2094880000e+00
    150000    86.00000000   1.2165010000e+00
    150000    88.00000000   1.2205670000e+00
    150000    90.00000000   1.2216640000e+00
    200000   -90.00000000   1.2216640000e+00
    200000   -88.00000000   1.2228590000e+00
    200000   -86.00000000   1.2210830000e+00
    200000   -84.00000000   1.2163520000e+00
    200000   -82.00000000   1.2087010000e+00
    200000   -80.00000000   1.1981760000e+00
    200000   -78.00000000   1.1848390000e+00
    200000   -76.00000000   1.1687640000e+00
    200000   -74.00000000   1.1500380000e+00
    200000   -72.00000000   1.1287630000e+00
    200000   -70.00000000   1.1050510000e+00
    200000   -68.00000000   1.0790270000e+00
    200000   -66.00000000   1.0508280000e+00
    200000   -64.00000000   1.0205990000e+00
    200000   -62.00000000   9.8849700000e-01
    200000   -60.00000000   9.5468800000e-01
    200000   -58.00000000   9.1934300000e-01
    200000   -56.00000000   8.8264400000e-01
    200000   -54.00000000   8.4477800000e-01
    200000   -52.00000000   8.0593700000e-01
    200000   -50.00000000   7.6631900000e-01
    200000   -48.00000000   7.2612300000e-01
    200000   -46.00000000   6.8555400000e-01
    200000   -44.00000000   6.4481600000e-01
    200000   -42.00000000   6.0411500000e-01
    200000   -40.00000000   5.6365500000e-01
    200000   -38.00000000   5.2364000000e-01
    200000   -36.00000000   4.8427100000e-01
    200000   -34.00000000   4.4574600000e-01
    200000   -32.00000000   4.0825800000e-01
    200000   -30.00000000   3.7199500000e-01
    200000   -28.00000000   3.3713900000e-01
    200000   -26.00000000   3.0386400000e-01
    200000   -24.00000000   2.7233800000e-01
    200000   -22.00000000   2.4271700000e-01
    200000   -20.00000000   2.1515000000e-01
    200000   -18.00000000   1.8977400000e-01
    200000   -16.00000000   1.6671800000e-01
    200000   -14.00000000   1.4609400000e-01
    200000   -12.00000000   1.2800800000e-01
    200000   -10.00000000   1.1254800000e-01
    200000    -8.00000000   1.0093900000e-01
    200000    -6.00000000   8.5947000000e-02
    200000    -4.00000000   4.5211000000e-02
    200000    -2.00000000   1.8570000000e-02
    200000     0.00000000   1.3750000000e-02
    200000     2.00000000   1.0320000000e-02
    200000     4.00000000   1.1560000000e-02
    200000     6.00000000   1.8911000000e-02
    200000     8.00000000   2.7239000000e-02
    200000    10.00000000   4.1755000000e-02
    200000    12.00000000   5.7693000000e-02
    200000    14.00000000   7.6344000000e-02
    200000    16.00000000   9.7617000000e-02
    200000    18.00000000   1.2140700000e-01
    200000    20.00000000   1.4759900000e-01
    200000    22.00000000   1.7606600000e-01
    200000    24.00000000   2.0666700000e-01
    200000    26.00000000   2.3925400000e-01
    200000    28.00000000   2.7366800000e-01
    200000    30.00000000   3.0974000000e-01
    200000    32.00000000   3.4729500000e-01
    200000    34.00000000   3.8615000000e-01
    200000    36.00000000   4.2611400000e-01
    200000    38.00000000   4.6699300000e-01
    200000    40.00000000   5.0858700000e-01
    200000    42.00000000   5.5069300000e-01
    200000    44.00000000   5.9310600000e-01
    200000    46.00000000   6.3561800000e-01
    200000    48.00000000   6.7802200000e-01
    200000    50.00000000   7.2011100000e-01
    200000    52.00000000   7.6168000000e-01
    200000    54.00000000   8.0252400000e-01
    200000    56.00000000   8.4244600000e-01
    200000    58.00000000   8.8124900000e-01
    200000    60.00000000   9.1874500000e-01
    200000    62.00000000   9.5474900000e-01
    200000    64.00000000   9.8908700000e-01
    200000    66.00000000   1.0215890000e+00
    200000    68.00000000   1.0520980000e+00
    200000    70.00000000   1.0804640000e+00
    200000    72.00000000   1.1065490000e+00
    200000    74.00000000   1.1302230000e+00
    200000    76.00000000   1.1513730000e+00
    200000    78.00000000   1.1698930000e+00
    200000    80.00000000   1.1856940000e+00
    200000    82.00000000   1.1986970000e+00
    200000    84.00000000   1.2088380000e+00
    200000    86.00000000   1.2160680000e+00
    200000    88.00000000   1.2203510000e+00
    200000    90.00000000   1.2216640000e+00
    250000   -90.00000000   1.2216640000e+00
    250000   -88.00000000   1.2231340000e+00
    250000   -86.00000000   1.2216310000e+00
    250000   -84.00000000   1.2171740000e+00
    250000   -82.00000000   1.2097960000e+00
    250000   -80.00000000   1.1995420000e+00
    250000   -78.00000000   1.1864750000e+00
    250000   -76.00000000   1.1706670000e+00
    250000   -74.00000000   1.1522060000e+00
    250000   -72.00000000   1.1311930000e+00
    250000   -70.00000000   1.1077410000e+00
    250000   -68.00000000   1.0819740000e+00
    250000   -66.00000000   1.0540280000e+00
    250000   -64.00000000   1.0240480000e+00
    250000   -62.00000000   9.9219100000e-01
    250000   -60.00000000   9.5862100000e-01
    250000   -58.00000000   9.2351100000e-01
    250000   -56.00000000   8.8704300000e-01
    250000   -54.00000000   8.4940200000e-01
    250000   -52.00000000   8.1078000000e-01
    250000   -50.00000000   7.7137500000e-01
    250000   -48.00000000   7.3138700000e-01
    250000   -46.00000000   6.9101900000e-01
    250000   -44.00000000   6.5047500000e-01
    250000   -42.00000000   6.0996100000e-01
    250000   -40.00000000   5.6968100000e-01
    250000   -38.00000000   5.2983900000e-01
    250000   -36.00000000   4.9063500000e-01
    250000   -34.00000000   4.5226700000e-01
    250000   -32.00000000   4.1492900000e-01
    250000   -30.00000000   3.7880800000e-01
    250000   -28.00000000   3.4408500000e-01
    250000   -26.00000000   3.1093500000e-01
    250000   -24.00000000   2.7952400000e-01
    250000   -22.00000000   2.5001100000e-01
    250000   -20.00000000   2.2254200000e-01
    250000   -18.00000000   1.9725600000e-01
    250000   -16.00000000   1.7427900000e-01
    250000   -14.00000000   1.5372700000e-01
    250000   -12.00000000   1.3570200000e-01
    250000   -10.00000000   1.2242700000e-01
    250000    -8.00000000   1.0673700000e-01
    250000    -6.00000000   6.8921000000e-02
    250000    -4.00000000   4.6589000000e-02
    250000    -2.00000000   1.5680000000e-02
    250000     0.00000000   1.1410000000e-02
    250000     2.00000000   8.8200000000e-03
    250000     4.00000000   1.1168000000e-02
    250000     6.00000000   1.9093000000e-02
    250000     8.00000000   2.7512000000e-02
    250000    10.00000000   4.1907000000e-02
    250000    12.00000000   5.7844000000e-02
    250000    14.00000000   7.6494000000e-02
    250000    16.00000000   9.7765000000e-02
    250000    18.00000000   1.2155400000e-01
    250000    20.00000000   1.4774500000e-01
    250000    22.00000000   1.7620900000e-01
    250000    24.00000000   2.0680800000e-01
    250000    26.00000000   2.3939300000e-01
    250000    28.00000000   2.7380400000e-01
    250000    30.00000000   3.0987400000e-01
    250000    32.00000000   3.4742600000e-01
    250000    34.00000000   3.8627800000e-01
    250000    36.00000000   4.2623900000e-01
    250000    38.00000000   4.6711500000e-01
    250000    40.00000000   5.0870500000e-01
    250000    42.00000000   5.5080800000e-01
    250000    44.00000000   5.9321700000e-01
    250000    46.00000000   6.3572600000e-01
    250000    48.00000000   6.7812600000e-01
    250000    50.00000000   7.2021100000e-01
    250000    52.00000000   7.6177500000e-01
    250000    54.00000000   8.0261500000e-01
    250000    56.00000000   8.4253200000e-01
    250000    58.00000000   8.8133100000e-01
    250000    60.00000000   9.1882200000e-01
    250000    62.00000000   9.5482200000e-01
    250000    64.00000000   9.8915500000e-01
    250000    66.00000000   1.0216520000e+00
    250000    68.00000000   1.0521560000e+00
    250000    70.00000000   1.0805170000e+00
    250000    72.00000000   1.1065960000e+00
    250000    74.00000000   1.1302660000e+00
    250000    76.00000000   1.1514100000e+00
    250000    78.00000000   1.1699250000e+00
    250000    80.00000000   1.1857200000e+00
    250000    82.00000000   1.1987180000e+00
    250000    84.00000000   1.2088540000e+00
    250000    86.00000000   1.2160790000e+00
    250000    88.00000000   1.2203560000e+00
    250000    90.00000000   1.2216640000e+00
     50000   -90.00000000   1.2216640000e+00
     50000   -88.00000000   1.2230010000e+00
     50000   -86.00000000   1.2213650000e+00
     50000   -84.00000000   1.2167750000e+00
     50000   -82.00000000   1.2092640000e+00
     50000   -80.00000000   1.1988790000e+00
     50000   -78.00000000   1.1856800000e+00
     50000   -76.00000000   1.1697430000e+00
     50000   -74.00000000   1.1511530000e+00
     50000   -72.00000000   1.1300130000e+00
     50000   -70.00000000   1.1064350000e+00
     50000   -68.00000000   1.0805430000e+00
     50000   -66.00000000   1.0524740000e+00
     50000   -64.00000000   1.0223730000e+00
     50000   -62.00000000   9.9039700000e-01
     50000   -60.00000000   9.5671100000e-01
     50000   -58.00000000   9.2148700000e-01
     50000   -56.00000000   8.8490700000e-01
     50000   -54.00000000   8.4715600000e-01
     50000   -52.00000000   8.0842800000e-01
     50000   -50.00000000   7.6892000000e-01
     50000   -48.00000000   7.2883100000e-01
     50000   -46.00000000   6.8836500000e-01
     50000   -44.00000000   6.4772700000e-01
     50000   -42.00000000   6.0712200000e-01
     50000   -40.00000000   5.6675500000e-01
     50000   -38.00000000   5.2682800000e-01
     50000   -36.00000000   4.8754400000e-01
     50000   -34.00000000   4.4910000000e-01
     50000   -32.00000000   4.1168900000e-01
     50000   -30.00000000   3.7549900000e-01
     50000   -28.00000000   3.4071200000e-01
     50000   -26.00000000   3.0750100000e-01
     50000   -24.00000000   2.7603400000e-01
     50000   -22.00000000   2.4646900000e-01
     50000   -20.00000000   2.1895200000e-01
     50000   -18.00000000   1.9362300000e-01
     50000   -16.00000000   1.7060700000e-01
     50000   -14.00000000   1.5002100000e-01
     50000   -12.00000000   1.3196600000e-01
     50000   -10.00000000   1.1653300000e-01
     50000    -8.00000000   1.0447100000e-01
     50000    -6.00000000   9.3830000000e-02
     50000    -4.00000000   7.6031000000e-02
     50000    -2.00000000   3.0360000000e-02
     50000     0.00000000   2.5470000000e-02
     50000     2.00000000   3.4290000000e-02
     50000     4.00000000   3.9380000000e-02
     50000     6.00000000   2.7950000000e-02
     50000     8.00000000   4.2094000000e-02
     50000    10.00000000   6.5639000000e-02
     50000    12.00000000   7.9204000000e-02
     50000    14.00000000   9.6351000000e-02
     50000    16.00000000   1.1743700000e-01
     50000    18.00000000   1.4101700000e-01
     50000    20.00000000   1.6697500000e-01
     50000    22.00000000   1.9518400000e-01
     50000    24.00000000   2.2550400000e-01
     50000    26.00000000   2.5778600000e-01
     50000    28.00000000   2.9187300000e-01
     50000    30.00000000   3.2759700000e-01
     50000    32.00000000   3.6478100000e-01
     50000    34.00000000   4.0324400000e-01
     50000    36.00000000   4.4279500000e-01
     50000    38.00000000   4.8324100000e-01
     50000    40.00000000   5.2438200000e-01
     50000    42.00000000   5.6601600000e-01
     50000    44.00000000   6.0793800000e-01
     50000    46.00000000   6.4994200000e-01
     50000    48.00000000   6.9181900000e-01
     50000    50.00000000   7.3336500000e-01
     50000    52.00000000   7.7437400000e-01
     50000    54.00000000   8.1464400000e-01
     50000    56.00000000   8.5397600000e-01
     50000    58.00000000   8.9217600000e-01
     50000    60.00000000   9.2905400000e-01
     50000    62.00000000   9.6442900000e-01
     50000    64.00000000   9.9812600000e-01
     50000    66.00000000   1.0299760000e+00
     50000    68.00000000   1.0598230000e+00
     50000    70.00000000   1.0875170000e+00
     50000    72.00000000   1.1129200000e+00
     50000    74.00000000   1.1359070000e+00
     50000    76.00000000   1.1563610000e+00
     50000    78.00000000   1.1741800000e+00
     50000    80.00000000   1.1892740000e+00
     50000    82.00000000   1.2015660000e+00
     50000    84.00000000   1.2109930000e+00
     50000    86.00000000   1.2175060000e+00
     50000    88.00000000   1.2210700000e+00
     50000    90.00000000   1.2216640000e+00
    100000   -90.00000000   1.2216640000e+00
    100000   -88.00000000   1.2226880000e+00
    100000   -86.00000000   1.2207410000e+00
    100000   -84.00000000   1.2158400000e+00
    100000   -82.00000000   1.2080190000e+00
    100000   -80.00000000   1.1973260000e+00
    100000   -78.00000000   1.1838200000e+00
    100000   -76.00000000   1.1675780000e+00
    100000   -74.00000000   1.1486870000e+00
    100000   -72.00000000   1.1272480000e+00
    100000   -70.00000000   1.1033750000e+00
    100000   -68.00000000   1.0771920000e+00
    100000   -66.00000000   1.0488350000e+00
    100000   -64.00000000   1.0184510000e+00
    100000   -62.00000000   9.8619700000e-01
    100000   -60.00000000   9.5223800000e-01
    100000   -58.00000000   9.1674600000e-01
    100000   -56.00000000   8.7990400000e-01
    100000   -54.00000000   8.4189800000e-01
    100000   -52.00000000   8.0292000000e-01
    100000   -50.00000000   7.6316900000e-01
    100000   -48.00000000   7.2284500000e-01
    100000   -46.00000000   6.8215000000e-01
    100000   -44.00000000   6.4129200000e-01
    100000   -42.00000000   6.0047300000e-01
    100000   -40.00000000   5.5990100000e-01
    100000   -38.00000000   5.1977800000e-01
    100000   -36.00000000   4.8030700000e-01
    100000   -34.00000000   4.4168300000e-01
    100000   -32.00000000   4.0410200000e-01
    100000   -30.00000000   3.6775100000e-01
    100000   -28.00000000   3.3281300000e-01
    100000   -26.00000000   2.9946000000e-01
    100000   -24.00000000   2.6786100000e-01
    100000   -22.00000000   2.3817400000e-01
    100000   -20.00000000   2.1054500000e-01
    100000   -18.00000000   1.8511400000e-01
    100000   -16.00000000   1.6200700000e-01
    100000   -14.00000000   1.4134000000e-01
    100000   -12.00000000   1.2321500000e-01
    100000   -10.00000000   1.0772300000e-01
    100000    -8.00000000   9.5244000000e-02
    100000    -6.00000000   8.6748000000e-02
    100000    -4.00000000   6.1419000000e-02
    100000    -2.00000000   2.5610000000e-02
    100000     0.00000000   2.1260000000e-02
    100000     2.00000000   2.0460000000e-02
    100000     4.00000000   1.6560000000e-02
    100000     6.00000000   1.9728000000e-02
    100000     8.00000000   3.9704000000e-02
    100000    10.00000000   6.0552000000e-02
    100000    12.00000000   7.8094000000e-02
    100000    14.00000000   9.6581000000e-02
    100000    16.00000000   1.1766500000e-01
    100000    18.00000000   1.4124300000e-01
    100000    20.00000000   1.6719800000e-01
    100000    22.00000000   1.9540400000e-01
    100000    24.00000000   2.2572100000e-01
    100000    26.00000000   2.5800000000e-01
    100000    28.00000000   2.9208300000e-01
    100000    30.00000000   3.2780300000e-01
    100000    32.00000000   3.6498300000e-01
    100000    34.00000000   4.0344100000e-01
    100000    36.00000000   4.4298700000e-01
    100000    38.00000000   4.8342800000e-01
    100000    40.00000000   5.2456400000e-01
    100000    42.00000000   5.6619300000e-01
    100000    44.00000000   6.0810900000e-01
    100000    46.00000000   6.5010700000e-01
    100000    48.00000000   6.9197800000e-01
    100000    50.00000000   7.3351800000e-01
    100000    52.00000000   7.7452000000e-01
    100000    54.00000000   8.1478400000e-01
    100000    56.00000000   8.5410900000e-01
    100000    58.00000000   8.9230200000e-01
    100000    60.00000000   9.2917300000e-01
    100000    62.00000000   9.6454100000e-01
    100000    64.00000000   9.9823000000e-01
    100000    66.00000000   1.0300730000e+00
    100000    68.00000000   1.0599120000e+00
    100000    70.00000000   1.0875980000e+00
    100000    72.00000000   1.1129940000e+00
    100000    74.00000000   1.1359720000e+00
    100000    76.00000000   1.1564190000e+00
    100000    78.00000000   1.1742300000e+00
    100000    80.00000000   1.1893150000e+00
    100000    82.00000000   1.2015990000e+00
    100000    84.00000000   1.2110180000e+00
    100000    86.00000000   1.2175230000e+00
    100000    88.00000000   1.2210790000e+00
    100000    90.00000000   1.2216640000e+00
    150000   -90.00000000   1.2216640000e+00
    150000   -88.00000000   1.2231690000e+00
    150000   -86.00000000   1.2217020000e+00
    150000   -84.00000000   1.2172800000e+00
    150000   -82.00000000   1.2099370000e+00
    150000   -80.00000000   1.1997180000e+00
    150000   -78.00000000   1.1866850000e+00
    150000   -76.00000000   1.1709110000e+00
    150000   -74.00000000   1.1524850000e+00
    150000   -72.00000000   1.1315060000e+00
    150000   -70.00000000   1.1080870000e+00
    150000   -68.00000000   1.0823530000e+00
    150000   -66.00000000   1.0544390000e+00
    150000   -64.00000000   1.0244910000e+00
    150000   -62.00000000   9.9266600000e-01
    150000   -60.00000000   9.5912700000e-01
    150000   -58.00000000   9.2404800000e-01
    150000   -56.00000000   8.8760900000e-01
    150000   -54.00000000   8.4999600000e-01
    150000   -52.00000000   8.1140300000e-01
    150000   -50.00000000   7.7202600000e-01
    150000   -48.00000000   7.3206400000e-01
    150000   -46.00000000   6.9172200000e-01
    150000   -44.00000000   6.5120300000e-01
    150000   -42.00000000   6.1071300000e-01
    150000   -40.00000000   5.7045600000e-01
    150000   -38.00000000   5.3063600000e-01
    150000   -36.00000000   4.9145300000e-01
    150000   -34.00000000   4.5310600000e-01
    150000   -32.00000000   4.1578700000e-01
    150000   -30.00000000   3.7968400000e-01
    150000   -28.00000000   3.4497800000e-01
    150000   -26.00000000   3.1184400000e-01
    150000   -24.00000000   2.8044800000e-01
    150000   -22.00000000   2.5094900000e-01
    150000   -20.00000000   2.2349300000e-01
    150000   -18.00000000   1.9821800000e-01
    150000   -16.00000000   1.7525200000e-01
    150000   -14.00000000   1.5470900000e-01
    150000   -12.00000000   1.3669200000e-01
    150000   -10.00000000   1.2381800000e-01
    150000    -8.00000000   1.0884500000e-01
    150000    -6.00000000   8.1731000000e-02
    150000    -4.00000000   4.8397000000e-02
    150000    -2.00000000   2.1240000000e-02
    150000     0.00000000   1.6410000000e-02
    150000     2.00000000   1.2410000000e-02
    150000     4.00000000   1.2560000000e-02
    150000     6.00000000   2.0207000000e-02
    150000     8.00000000   3.2121000000e-02
    150000    10.00000000   4.5250000000e-02
    150000    12.00000000   6.1787000000e-02
    150000    14.00000000   8.0405000000e-02
    150000    16.00000000   1.0164000000e-01
    150000    18.00000000   1.2538700000e-01
    150000    20.00000000   1.5153200000e-01
    150000    22.00000000   1.7994600000e-01
    150000    24.00000000   2.1049000000e-01
    150000    26.00000000   2.4301600000e-01
    150000    28.00000000   2.7736300000e-01
    150000    30.00000000   3.1336500000e-01
    150000    32.00000000   3.5084400000e-01
    150000    34.00000000   3.8961900000e-01
    150000    36.00000000   4.2950000000e-01
    150000    38.00000000   4.7029100000e-01
    150000    40.00000000   5.1179300000e-01
    150000    42.00000000   5.5380400000e-01
    150000    44.00000000   5.9611700000e-01
    150000    46.00000000   6.3852600000e-01
    150000    48.00000000   6.8082300000e-01
    150000    50.00000000   7.2280200000e-01
    150000    52.00000000   7.6425600000e-01
    150000    54.00000000   8.0498400000e-01
    150000    56.00000000   8.4478600000e-01
    150000    58.00000000   8.8346700000e-01
    150000    60.00000000   9.2083700000e-01
    150000    62.00000000   9.5671400000e-01
    150000    64.00000000   9.9092100000e-01
    150000    66.00000000   1.0232920000e+00
    150000    68.00000000   1.0536660000e+00
    150000    70.00000000   1.0818960000e+00
    150000    72.00000000   1.1078420000e+00
    150000    74.00000000   1.1313770000e+00
    150000    76.00000000   1.1523850000e+00
    150000    78.00000000   1.1707630000e+00
    150000    80.00000000   1.1864200000e+00
    150000    82.00000000   1.1992790000e+00
    150000    84.00000000   1.2092760000e+00
    150000    86.00000000   1.2163600000e+00
    150000    88.00000000   1.2204970000e+00
    150000    90.00000000   1.2216640000e+00
    200000   -90.00000000   1.2216640000e+00
    200000   -88.00000000   1.2230370000e+00
    200000   -86.00000000   1.2214370000e+00
    200000   -84.00000000   1.2168830000e+00
    200000   -82.00000000   1.2094080000e+00
    200000   -80.00000000   1.1990590000e+00
    200000   -78.00000000   1.1858950000e+00
    200000   -76.00000000   1.1699930000e+00
    200000   -74.00000000   1.1514380000e+00
    200000   -72.00000000   1.1303320000e+00
    200000   -70.00000000   1.1067880000e+00
    200000   -68.00000000   1.0809300000e+00
    200000   -66.00000000   1.0528940000e+00
    200000   -64.00000000   1.0228260000e+00
    200000   -62.00000000   9.9088300000e-01
    200000   -60.00000000   9.5722800000e-01
    200000   -58.00000000   9.2203500000e-01
    200000   -56.00000000   8.8548500000e-01
    200000   -54.00000000   8.4776400000e-01
    200000   -52.00000000   8.0906500000e-01
    200000   -50.00000000   7.6958400000e-01
    200000   -48.00000000   7.2952300000e-01
    200000   -46.00000000   6.8908300000e-01
    200000   -44.00000000   6.4847100000e-01
    200000   -42.00000000   6.0789000000e-01
    200000   -40.00000000   5.6754600000e-01
    200000   -38.00000000   5.2764300000e-01
    200000   -36.00000000   4.8838100000e-01
    200000   -34.00000000   4.4995700000e-01
    200000   -32.00000000   4.1256600000e-01
    200000   -30.00000000   3.7639500000e-01
    200000   -28.00000000   3.4162400000e-01
    200000   -26.00000000   3.0843000000e-01
    200000   -24.00000000   2.7697900000e-01
    200000   -22.00000000   2.4742700000e-01
    200000   -20.00000000   2.1992400000e-01
    200000   -18.00000000   1.9460600000e-01
    200000   -16.00000000   1.7160100000e-01
    200000   -14.00000000   1.5102400000e-01
    200000   -12.00000000   1.3297700000e-01
    200000   -10.00000000   1.1759500000e-01
    200000    -8.00000000   1.0535400000e-01
    200000    -6.00000000   7.7502000000e-02
    200000    -4.00000000   4.7810000000e-02
    200000    -2.00000000   1.4700000000e-02
    200000     0.00000000   1.2500000000e-02
    200000     2.00000000   1.0090000000e-02
    200000     4.00000000   1.1390000000e-02
    200000     6.00000000   1.9619000000e-02
    200000     8.00000000   2.8188000000e-02
    200000    10.00000000   4.2571000000e-02
    200000    12.00000000   5.8591000000e-02
    200000    14.00000000   7.7235000000e-02
    200000    16.00000000   9.8499000000e-02
    200000    18.00000000   1.2228000000e-01
    200000    20.00000000   1.4846200000e-01
    200000    22.00000000   1.7691700000e-01
    200000    24.00000000   2.0750500000e-01
    200000    26.00000000   2.4007900000e-01
    200000    28.00000000   2.7447800000e-01
    200000    30.00000000   3.1053500000e-01
    200000    32.00000000   3.4807400000e-01
    200000    34.00000000   3.8691100000e-01
    200000    36.00000000   4.2685700000e-01
    200000    38.00000000   4.6771600000e-01
    200000    40.00000000   5.0929000000e-01
    200000    42.00000000   5.5137500000e-01
    200000    44.00000000   5.9376600000e-01
    200000    46.00000000   6.3625600000e-01
    200000    48.00000000   6.7863700000e-01
    200000    50.00000000   7.2070100000e-01
    200000    52.00000000   7.6224500000e-01
    200000    54.00000000   8.0306400000e-01
    200000    56.00000000   8.4295900000e-01
    200000    58.00000000   8.8173600000e-01
    200000    60.00000000   9.1920400000e-01
    200000    62.00000000   9.5518000000e-01
    200000    64.00000000   9.8948900000e-01
    200000    66.00000000   1.0219630000e+00
    200000    68.00000000   1.0524420000e+00
    200000    70.00000000   1.0807780000e+00
    200000    72.00000000   1.1068320000e+00
    200000    74.00000000   1.1304760000e+00
    200000    76.00000000   1.1515950000e+00
    200000    78.00000000   1.1700840000e+00
    200000    80.00000000   1.1858530000e+00
    200000    82.00000000   1.1988240000e+00
    200000    84.00000000   1.2089340000e+00
    200000    86.00000000   1.2161320000e+00
    200000    88.00000000   1.2203830000e+00
    200000    90.00000000   1.2216640000e+00
    250000   -90.00000000   1.2216640000e+00
    250000   -88.00000000   1.2227250000e+00
    250000   -86.00000000   1.2208150000e+00
    250000   -84.00000000   1.2159510000e+00
    250000   -82.00000000   1.2081670000e+00
    250000   -80.00000000   1.1975100000e+00
    250000   -78.00000000   1.1840410000e+00
    250000   -76.00000000   1.1678350000e+00
    250000   -74.00000000   1.1489790000e+00
    250000   -72.00000000   1.1275760000e+00
    250000   -70.00000000   1.1037380000e+00
    250000   -68.00000000   1.0775890000e+00
    250000   -66.00000000   1.0492660000e+00
    250000   -64.00000000   1.0189160000e+00
    250000   -62.00000000   9.8669500000e-01
    250000   -60.00000000   9.5276800000e-01
    250000   -58.00000000   9.1730800000e-01
    250000   -56.00000000   8.8049700000e-01
    250000   -54.00000000   8.4252100000e-01
    250000   -52.00000000   8.0357300000e-01
    250000   -50.00000000   7.6385100000e-01
    250000   -48.00000000   7.2355400000e-01
    250000   -46.00000000   6.8288700000e-01
    250000   -44.00000000   6.4205400000e-01
    250000   -42.00000000   6.0126100000e-01
    250000   -40.00000000   5.6071300000e-01
    250000   -38.00000000   5.2061400000e-01
    250000   -36.00000000   4.8116400000e-01
    250000   -34.00000000   4.4256200000e-01
    250000   -32.00000000   4.0500100000e-01
    250000   -30.00000000   3.6867000000e-01
    250000   -28.00000000   3.3374900000e-01
    250000   -26.00000000   3.0041300000e-01
    250000   -24.00000000   2.6883000000e-01
    250000   -22.00000000   2.3915700000e-01
    250000   -20.00000000   2.1154200000e-01
    250000   -18.00000000   1.8612300000e-01
    250000   -16.00000000   1.6302700000e-01
    250000   -14.00000000   1.4236900000e-01
    250000   -12.00000000   1.2425200000e-01
    250000   -10.00000000   1.0876700000e-01
    250000    -8.00000000   9.8431000000e-02
    250000    -6.00000000   8.4882000000e-02
    250000    -4.00000000   3.9076000000e-02
    250000    -2.00000000   1.5250000000e-02
    250000     0.00000000   1.0610000000e-02
    250000     2.00000000   8.7000000000e-03
    250000     4.00000000   1.0803000000e-02
    250000     6.00000000   1.8484000000e-02
    250000     8.00000000   2.7402000000e-02
    250000    10.00000000   4.1798000000e-02
    250000    12.00000000   5.7736000000e-02
    250000    14.00000000   7.6387000000e-02
    250000    16.00000000   9.7659000000e-02
    250000    18.00000000   1.2144900000e-01
    250000    20.00000000   1.4764100000e-01
    250000    22.00000000   1.7610600000e-01
    250000    24.00000000   2.0670700000e-01
    250000    26.00000000   2.3929300000e-01
    250000    28.00000000   2.7370600000e-01
    250000    30.00000000   3.0977800000e-01
    250000    32.00000000   3.4733200000e-01
    250000    34.00000000   3.8618600000e-01
    250000    36.00000000   4.2614900000e-01
    250000    38.00000000   4.6702800000e-01
    250000    40.00000000   5.0862100000e-01
    250000    42.00000000   5.5072600000e-01
    250000    44.00000000   5.9313800000e-01
    250000    46.00000000   6.3564900000e-01
    250000    48.00000000   6.7805200000e-01
    250000    50.00000000   7.2014000000e-01
    250000    52.00000000   7.6170700000e-01
    250000    54.00000000   8.0255000000e-01
    250000    56.00000000   8.4247000000e-01
    250000    58.00000000   8.8127200000e-01
    250000    60.00000000   9.1876700000e-01
    250000    62.00000000   9.5477000000e-01
    250000    64.00000000   9.8910600000e-01
    250000    66.00000000   1.0216070000e+00
    250000    68.00000000   1.0521150000e+00
    250000    70.00000000   1.0804790000e+00
    250000    72.00000000   1.1065620000e+00
    250000    74.00000000   1.1302360000e+00
    250000    76.00000000   1.1513830000e+00
    250000    78.00000000   1.1699020000e+00
    250000    80.00000000   1.1857010000e+00
    250000    82.00000000   1.1987030000e+00
    250000    84.00000000   1.2088430000e+00
    250000    86.00000000   1.2160710000e+00
    250000    88.00000000   1.2203520000e+00
    250000    90.00000000   1.2216640000e+00
     50000   -90.00000000   1.2216640000e+00
     50000   -88.00000000   1.2226740000e+00
     50000   -86.00000000   1.2207110000e+00
     50000   -84.00000000   1.2157960000e+00
     50000   -82.00000000   1.2079610000e+00
     50000   -80.00000000   1.1972530000e+00
     50000   -78.00000000   1.1837330000e+00
     50000   -76.00000000   1.1674770000e+00
     50000   -74.00000000   1.1485710000e+00
     50000   -72.00000000   1.1271190000e+00
     50000   -70.00000000   1.1032310000e+00
     50000   -68.00000000   1.0770340000e+00
     50000   -66.00000000   1.0486640000e+00
     50000   -64.00000000   1.0182670000e+00
     50000   -62.00000000   9.8600000000e-01
     50000   -60.00000000   9.5202800000e-01
     50000   -58.00000000   9.1652400000e-01
     50000   -56.00000000   8.7966900000e-01
     50000   -54.00000000   8.4165100000e-01
     50000   -52.00000000   8.0266200000e-01
     50000   -50.00000000   7.6289900000e-01
     50000   -48.00000000   7.2256400000e-01
     50000   -46.00000000   6.8185900000e-01
     50000   -44.00000000   6.4098900000e-01
     50000   -42.00000000   6.0016100000e-01
     50000   -40.00000000   5.5957900000e-01
     50000   -38.00000000   5.1944700000e-01
     50000   -36.00000000   4.7996700000e-01
     50000   -34.00000000   4.4133500000e-01
     50000   -32.00000000   4.0374600000e-01
     50000   -30.00000000   3.6738800000e-01
     50000   -28.00000000   3.3244200000e-01
     50000   -26.00000000   2.9908300000e-01
     50000   -24.00000000   2.6747800000e-01
     50000   -22.00000000   2.3778400000e-01
     50000   -20.00000000   2.1015100000e-01
     50000   -18.00000000   1.8471500000e-01
     50000   -16.00000000   1.6160400000e-01
     50000   -14.00000000   1.4093200000e-01
     50000   -12.00000000   1.2280400000e-01
     50000   -10.00000000   1.0730900000e-01
     50000    -8.00000000   9.4525000000e-02
     50000    -6.00000000   8.6547000000e-02
     50000    -4.00000000   6.8921000000e-02
     50000    -2.00000000   2.9183000000e-02
     50000     0.00000000   2.5000000000e-02
     50000     2.00000000   3.3820000000e-02
     50000     4.00000000   3.9170000000e-02
     50000     6.00000000   2.7880000000e-02
     50000     8.00000000   4.4208000000e-02
     50000    10.00000000   7.0069000000e-02
     50000    12.00000000   8.2691000000e-02
     50000    14.00000000   1.0114200000e-01
     50000    16.00000000   1.2218400000e-01
     50000    18.00000000   1.4571300000e-01
     50000    20.00000000   1.7161500000e-01
     50000    22.00000000   1.9976200000e-01
     50000    24.00000000   2.3001400000e-01
     50000    26.00000000   2.6222400000e-01
     50000    28.00000000   2.9623300000e-01
     50000    30.00000000   3.3187300000e-01
     50000    32.00000000   3.6896900000e-01
     50000    34.00000000   4.0733700000e-01
     50000    36.00000000   4.4679000000e-01
     50000    38.00000000   4.8713200000e-01
     50000    40.00000000   5.2816500000e-01
     50000    42.00000000   5.6968600000e-01
     50000    44.00000000   6.1149000000e-01
     50000    46.00000000   6.5337200000e-01
     50000    48.00000000   6.9512300000e-01
     50000    50.00000000   7.3653900000e-01
     50000    52.00000000   7.7741400000e-01
     50000    54.00000000   8.1754600000e-01
     50000    56.00000000   8.5673700000e-01
     50000    58.00000000   8.9479200000e-01
     50000    60.00000000   9.3152300000e-01
     50000    62.00000000   9.6674700000e-01
     50000    64.00000000   1.0002900000e+00
     50000    66.00000000   1.0319840000e+00
     50000    68.00000000   1.0616720000e+00
     50000    70.00000000   1.0892050000e+00
     50000    72.00000000   1.1144460000e+00
     50000    74.00000000   1.1372680000e+00
     50000    76.00000000   1.1575560000e+00
     50000    78.00000000   1.1752070000e+00
     50000    80.00000000   1.1901320000e+00
     50000    82.00000000   1.2022530000e+00
     50000    84.00000000   1.2115100000e+00
     50000    86.00000000   1.2178510000e+00
     50000    88.00000000   1.2212430000e+00
     50000    90.00000000   1.2216640000e+00
    100000   -90.00000000   1.2216640000e+00
    100000   -88.00000000   1.2227610000e+00
    100000   -86.00000000   1.2208850000e+00
    100000   -84.00000000   1.2160560000e+00
    100000   -82.00000000   1.2083070000e+00
    100000   -80.00000000   1.1976850000e+00
    100000   -78.00000000   1.1842500000e+00
    100000   -76.00000000   1.1680790000e+00
    100000   -74.00000000   1.1492570000e+00
    100000   -72.00000000   1.1278880000e+00
    100000   -70.00000000   1.1040820000e+00
    100000   -68.00000000   1.0779670000e+00
    100000   -66.00000000   1.0496760000e+00
    100000   -64.00000000   1.0193580000e+00
    100000   -62.00000000   9.8716800000e-01
    100000   -60.00000000   9.5327200000e-01
    100000   -58.00000000   9.1784300000e-01
    100000   -56.00000000   8.8106100000e-01
    100000   -54.00000000   8.4311400000e-01
    100000   -52.00000000   8.0419400000e-01
    100000   -50.00000000   7.6449900000e-01
    100000   -48.00000000   7.2422900000e-01
    100000   -46.00000000   6.8358800000e-01
    100000   -44.00000000   6.4278000000e-01
    100000   -42.00000000   6.0201100000e-01
    100000   -40.00000000   5.6148600000e-01
    100000   -38.00000000   5.2140900000e-01
    100000   -36.00000000   4.8198000000e-01
    100000   -34.00000000   4.4339900000e-01
    100000   -32.00000000   4.0585700000e-01
    100000   -30.00000000   3.6954300000e-01
    100000   -28.00000000   3.3463900000e-01
    100000   -26.00000000   3.0132000000e-01
    100000   -24.00000000   2.6975100000e-01
    100000   -22.00000000   2.4009200000e-01
    100000   -20.00000000   2.1248900000e-01
    100000   -18.00000000   1.8708200000e-01
    100000   -16.00000000   1.6399600000e-01
    100000   -14.00000000   1.4334700000e-01
    100000   -12.00000000   1.2523900000e-01
    100000   -10.00000000   1.0976000000e-01
    100000    -8.00000000   9.7895000000e-02
    100000    -6.00000000   8.6990000000e-02
    100000    -4.00000000   5.8680000000e-02
    100000    -2.00000000   2.4540000000e-02
    100000     0.00000000   2.0600000000e-02
    100000     2.00000000   1.9990000000e-02
    100000     4.00000000   1.6450000000e-02
    100000     6.00000000   1.9676000000e-02
    100000     8.00000000   3.5520000000e-02
    100000    10.00000000   4.7659000000e-02
    100000    12.00000000   6.4521000000e-02
    100000    14.00000000   8.3118000000e-02
    100000    16.00000000   1.0432700000e-01
    100000    18.00000000   1.2804600000e-01
    100000    20.00000000   1.5415900000e-01
    100000    22.00000000   1.8253800000e-01
    100000    24.00000000   2.1304400000e-01
    100000    26.00000000   2.4552800000e-01
    100000    28.00000000   2.7983200000e-01
    100000    30.00000000   3.1578600000e-01
    100000    32.00000000   3.5321500000e-01
    100000    34.00000000   3.9193700000e-01
    100000    36.00000000   4.3176200000e-01
    100000    38.00000000   4.7249400000e-01
    100000    40.00000000   5.1393500000e-01
    100000    42.00000000   5.5588100000e-01
    100000    44.00000000   5.9812800000e-01
    100000    46.00000000   6.4046800000e-01
    100000    48.00000000   6.8269400000e-01
    100000    50.00000000   7.2459900000e-01
    100000    52.00000000   7.6597800000e-01
    100000    54.00000000   8.0662800000e-01
    100000    56.00000000   8.4635000000e-01
    100000    58.00000000   8.8494900000e-01
    100000    60.00000000   9.2223500000e-01
    100000    62.00000000   9.5802700000e-01
    100000    64.00000000   9.9214700000e-01
    100000    66.00000000   1.0244290000e+00
    100000    68.00000000   1.0547140000e+00
    100000    70.00000000   1.0828520000e+00
    100000    72.00000000   1.1087060000e+00
    100000    74.00000000   1.1321480000e+00
    100000    76.00000000   1.1530620000e+00
    100000    78.00000000   1.1713450000e+00
    100000    80.00000000   1.1869060000e+00
    100000    82.00000000   1.1996680000e+00
    100000    84.00000000   1.2095680000e+00
    100000    86.00000000   1.2165550000e+00
    100000    88.00000000   1.2205940000e+00
    100000    90.00000000   1.2216640000e+00
    150000   -90.00000000   1.2216640000e+00
    150000   -88.00000000   1.2224980000e+00
    150000   -86.00000000   1.2203600000e+00
    150000   -84.00000000   1.2152700000e+00
    150000   -82.00000000   1.2072600000e+00
    150000   -80.00000000   1.1963780000e+00
    150000   -78.00000000   1.1826860000e+00
    150000   -76.00000000   1.1662580000e+00
    150000   -74.00000000   1.1471840000e+00
    150000   -72.00000000   1.1255630000e+00
    150000   -70.00000000   1.1015090000e+00
    150000   -68.00000000   1.0751480000e+00
    150000   -66.00000000   1.0466160000e+00
    150000   -64.00000000   1.0160600000e+00
    150000   -62.00000000   9.8363600000e-01
    150000   -60.00000000   9.4951000000e-01
    150000   -58.00000000   9.1385500000e-01
    150000   -56.00000000   8.7685300000e-01
    150000   -54.00000000   8.3869100000e-01
    150000   -52.00000000   7.9956200000e-01
    150000   -50.00000000   7.5966300000e-01
    150000   -48.00000000   7.1919400000e-01
    150000   -46.00000000   6.7836100000e-01
    150000   -44.00000000   6.3736700000e-01
    150000   -42.00000000   5.9641900000e-01
    150000   -40.00000000   5.5572200000e-01
    150000   -38.00000000   5.1548000000e-01
    150000   -36.00000000   4.7589300000e-01
    150000   -34.00000000   4.3716100000e-01
    150000   -32.00000000   3.9947600000e-01
    150000   -30.00000000   3.6302700000e-01
    150000   -28.00000000   3.2799600000e-01
    150000   -26.00000000   2.9455700000e-01
    150000   -24.00000000   2.6287800000e-01
    150000   -22.00000000   2.3311600000e-01
    150000   -20.00000000   2.0541900000e-01
    150000   -18.00000000   1.7992600000e-01
    150000   -16.00000000   1.5676400000e-01
    150000   -14.00000000   1.3604700000e-01
    150000   -12.00000000   1.1787900000e-01
    150000   -10.00000000   1.0235100000e-01
    150000    -8.00000000   9.0156000000e-02
    150000    -6.00000000   8.1029000000e-02
    150000    -4.00000000   4.8429000000e-02
    150000    -2.00000000   1.9910000000e-02
    150000     0.00000000   1.5630000000e-02
    150000     2.00000000   1.2970000000e-02
    150000     4.00000000   1.2460000000e-02
    150000     6.00000000   1.5075000000e-02
    150000     8.00000000   3.3131000000e-02
    150000    10.00000000   2.3732000000e-02
    150000    12.00000000   3.9363000000e-02
    150000    14.00000000   5.8161000000e-02
    150000    16.00000000   7.9603000000e-02
    150000    18.00000000   1.0358500000e-01
    150000    20.00000000   1.2999000000e-01
    150000    22.00000000   1.5869100000e-01
    150000    24.00000000   1.8954800000e-01
    150000    26.00000000   2.2241100000e-01
    150000    28.00000000   2.5712200000e-01
    150000    30.00000000   2.9351100000e-01
    150000    32.00000000   3.3140300000e-01
    150000    34.00000000   3.7061400000e-01
    150000    36.00000000   4.1095400000e-01
    150000    38.00000000   4.5222600000e-01
    150000    40.00000000   4.9423200000e-01
    150000    42.00000000   5.3676700000e-01
    150000    44.00000000   5.7962600000e-01
    150000    46.00000000   6.2260100000e-01
    150000    48.00000000   6.6548300000e-01
    150000    50.00000000   7.0806600000e-01
    150000    52.00000000   7.5014300000e-01
    150000    54.00000000   7.9151000000e-01
    150000    56.00000000   8.3196700000e-01
    150000    58.00000000   8.7131900000e-01
    150000    60.00000000   9.0937500000e-01
    150000    62.00000000   9.4595200000e-01
    150000    64.00000000   9.8087200000e-01
    150000    66.00000000   1.0139680000e+00
    150000    68.00000000   1.0450790000e+00
    150000    70.00000000   1.0740550000e+00
    150000    72.00000000   1.1007580000e+00
    150000    74.00000000   1.1250580000e+00
    150000    76.00000000   1.1468390000e+00
    150000    78.00000000   1.1659970000e+00
    150000    80.00000000   1.1824400000e+00
    150000    82.00000000   1.1960890000e+00
    150000    84.00000000   1.2068790000e+00
    150000    86.00000000   1.2147610000e+00
    150000    88.00000000   1.2196970000e+00
    150000    90.00000000   1.2216640000e+00
    200000   -90.00000000   1.2216640000e+00
    200000   -88.00000000   1.2230460000e+00
    200000   -86.00000000   1.2214550000e+00
    200000   -84.00000000   1.2169100000e+00
    200000   -82.00000000   1.2094450000e+00
    200000   -80.00000000   1.1991040000e+00
    200000   -78.00000000   1.1859500000e+00
    200000   -76.00000000   1.1700560000e+00
    200000   -74.00000000   1.1515100000e+00
    200000   -72.00000000   1.1304130000e+00
    200000   -70.00000000   1.1068780000e+00
    200000   -68.00000000   1.0810280000e+00
    200000   -66.00000000   1.0530000000e+00
    200000   -64.00000000   1.0229410000e+00
    200000   -62.00000000   9.9100500000e-01
    200000   -60.00000000   9.5735800000e-01
    200000   -58.00000000   9.2217300000e-01
    200000   -56.00000000   8.8563100000e-01
    200000   -54.00000000   8.4791700000e-01
    200000   -52.00000000   8.0922500000e-01
    200000   -50.00000000   7.6975200000e-01
    200000   -48.00000000   7.2969700000e-01
    200000   -46.00000000   6.8926500000e-01
    200000   -44.00000000   6.4865800000e-01
    200000   -42.00000000   6.0808400000e-01
    200000   -40.00000000   5.6774600000e-01
    200000   -38.00000000   5.2784900000e-01
    200000   -36.00000000   4.8859200000e-01
    200000   -34.00000000   4.5017400000e-01
    200000   -32.00000000   4.1278700000e-01
    200000   -30.00000000   3.7662100000e-01
    200000   -28.00000000   3.4185500000e-01
    200000   -26.00000000   3.0866500000e-01
    200000   -24.00000000   2.7721700000e-01
    200000   -22.00000000   2.4766900000e-01
    200000   -20.00000000   2.2016900000e-01
    200000   -18.00000000   1.9485400000e-01
    200000   -16.00000000   1.7185200000e-01
    200000   -14.00000000   1.5127700000e-01
    200000   -12.00000000   1.3323200000e-01
    200000   -10.00000000   1.1804900000e-01
    200000    -8.00000000   1.0407700000e-01
    200000    -6.00000000   7.1959000000e-02
    200000    -4.00000000   2.4620000000e-02
    200000    -2.00000000   1.6580000000e-02
    200000     0.00000000   1.2080000000e-02
    200000     2.00000000   1.0055000000e-02
    200000     4.00000000   1.1190000000e-02
    200000     6.00000000   1.9063000000e-02
    200000     8.00000000   2.9053000000e-02
    200000    10.00000000   4.2946000000e-02
    200000    12.00000000   5.9189000000e-02
    200000    14.00000000   7.7828000000e-02
    200000    16.00000000   9.9087000000e-02
    200000    18.00000000   1.2286200000e-01
    200000    20.00000000   1.4903600000e-01
    200000    22.00000000   1.7748400000e-01
    200000    24.00000000   2.0806400000e-01
    200000    26.00000000   2.4062800000e-01
    200000    28.00000000   2.7501800000e-01
    200000    30.00000000   3.1106400000e-01
    200000    32.00000000   3.4859200000e-01
    200000    34.00000000   3.8741800000e-01
    200000    36.00000000   4.2735100000e-01
    200000    38.00000000   4.6819800000e-01
    200000    40.00000000   5.0975900000e-01
    200000    42.00000000   5.5183000000e-01
    200000    44.00000000   5.9420600000e-01
    200000    46.00000000   6.3668100000e-01
    200000    48.00000000   6.7904600000e-01
    200000    50.00000000   7.2109400000e-01
    200000    52.00000000   7.6262100000e-01
    200000    54.00000000   8.0342300000e-01
    200000    56.00000000   8.4330100000e-01
    200000    58.00000000   8.8206000000e-01
    200000    60.00000000   9.1950900000e-01
    200000    62.00000000   9.5546700000e-01
    200000    64.00000000   9.8975700000e-01
    200000    66.00000000   1.0222110000e+00
    200000    68.00000000   1.0526710000e+00
    200000    70.00000000   1.0809870000e+00
    200000    72.00000000   1.1070210000e+00
    200000    74.00000000   1.1306450000e+00
    200000    76.00000000   1.1517430000e+00
    200000    78.00000000   1.1702110000e+00
    200000    80.00000000   1.1859590000e+00
    200000    82.00000000   1.1989090000e+00
    200000    84.00000000   1.2089980000e+00
    200000    86.00000000   1.2161750000e+00
    200000    88.00000000   1.2204040000e+00
    200000    90.00000000   1.2216640000e+00
    250000   -90.00000000   1.2216640000e+00
    250000   -88.00000000   1.2226150000e+00
    250000   -86.00000000   1.2205950000e+00
    250000   -84.00000000   1.2156210000e+00
    250000   -82.00000000   1.2077280000e+00
    250000   -80.00000000   1.1969620000e+00
    250000   -78.00000000   1.1833850000e+00
    250000   -76.00000000   1.1670720000e+00
    250000   -74.00000000   1.1481110000e+00
    250000   -72.00000000   1.1266020000e+00
    250000   -70.00000000   1.1026590000e+00
    250000   -68.00000000   1.0764080000e+00
    250000   -66.00000000   1.0479840000e+00
    250000   -64.00000000   1.0175340000e+00
    250000   -62.00000000   9.8521500000e-01
    250000   -60.00000000   9.5119200000e-01
    250000   -58.00000000   9.1563800000e-01
    250000   -56.00000000   8.7873400000e-01
    250000   -54.00000000   8.4066800000e-01
    250000   -52.00000000   8.0163200000e-01
    250000   -50.00000000   7.6182400000e-01
    250000   -48.00000000   7.2144500000e-01
    250000   -46.00000000   6.8069700000e-01
    250000   -44.00000000   6.3978700000e-01
    250000   -42.00000000   5.9891900000e-01
    250000   -40.00000000   5.5829900000e-01
    250000   -38.00000000   5.1813000000e-01
    250000   -36.00000000   4.7861400000e-01
    250000   -34.00000000   4.3994900000e-01
    250000   -32.00000000   4.0232800000e-01
    250000   -30.00000000   3.6594000000e-01
    250000   -28.00000000   3.3096500000e-01
    250000   -26.00000000   2.9758000000e-01
    250000   -24.00000000   2.6595000000e-01
    250000   -22.00000000   2.3623400000e-01
    250000   -20.00000000   2.0857900000e-01
    250000   -18.00000000   1.8312500000e-01
    250000   -16.00000000   1.5999600000e-01
    250000   -14.00000000   1.3931000000e-01
    250000   -12.00000000   1.2116900000e-01
    250000   -10.00000000   1.0566300000e-01
    250000    -8.00000000   1.0203400000e-01
    250000    -6.00000000   7.2073000000e-02
    250000    -4.00000000   2.1980000000e-02
    250000    -2.00000000   1.4280000000e-02
    250000     0.00000000   1.0085000000e-02
    250000     2.00000000   8.6000000000e-03
    250000     4.00000000   1.0704000000e-02
    250000     6.00000000   1.7978000000e-02
    250000     8.00000000   2.6790000000e-02
    250000    10.00000000   4.1333000000e-02
    250000    12.00000000   5.7274000000e-02
    250000    14.00000000   7.5928000000e-02
    250000    16.00000000   9.7205000000e-02
    250000    18.00000000   1.2099900000e-01
    250000    20.00000000   1.4719700000e-01
    250000    22.00000000   1.7566800000e-01
    250000    24.00000000   2.0627500000e-01
    250000    26.00000000   2.3886900000e-01
    250000    28.00000000   2.7328900000e-01
    250000    30.00000000   3.0936900000e-01
    250000    32.00000000   3.4693200000e-01
    250000    34.00000000   3.8579400000e-01
    250000    36.00000000   4.2576700000e-01
    250000    38.00000000   4.6665500000e-01
    250000    40.00000000   5.0825900000e-01
    250000    42.00000000   5.5037500000e-01
    250000    44.00000000   5.9279800000e-01
    250000    46.00000000   6.3532100000e-01
    250000    48.00000000   6.7773600000e-01
    250000    50.00000000   7.1983600000e-01
    250000    52.00000000   7.6141600000e-01
    250000    54.00000000   8.0227300000e-01
    250000    56.00000000   8.4220600000e-01
    250000    58.00000000   8.8102200000e-01
    250000    60.00000000   9.1853000000e-01
    250000    62.00000000   9.5454800000e-01
    250000    64.00000000   9.8889900000e-01
    250000    66.00000000   1.0214150000e+00
    250000    68.00000000   1.0519380000e+00
    250000    70.00000000   1.0803180000e+00
    250000    72.00000000   1.1064160000e+00
    250000    74.00000000   1.1301050000e+00
    250000    76.00000000   1.1512690000e+00
    250000    78.00000000   1.1698040000e+00
    250000    80.00000000   1.1856190000e+00
    250000    82.00000000   1.1986370000e+00
    250000    84.00000000   1.2087930000e+00
    250000    86.00000000   1.2160380000e+00
    250000    88.00000000   1.2203360000e+00
    250000    90.00000000   1.2216640000e+00
     50000   -90.00000000   1.2216640000e+00
     50000   -88.00000000   1.2227980000e+00
     50000   -86.00000000   1.2209600000e+00
     50000   -84.00000000   1.2161680000e+00
     50000   -82.00000000   1.2084560000e+00
     50000   -80.00000000   1.1978700000e+00
     50000   -78.00000000   1.1844730000e+00
     50000   -76.00000000   1.1683370000e+00
     50000   -74.00000000   1.1495520000e+00
     50000   -72.00000000   1.1282180000e+00
     50000   -70.00000000   1.1044480000e+00
     50000   -68.00000000   1.0783670000e+00
     50000   -66.00000000   1.0501110000e+00
     50000   -64.00000000   1.0198270000e+00
     50000   -62.00000000   9.8767000000e-01
     50000   -60.00000000   9.5380600000e-01
     50000   -58.00000000   9.1840900000e-01
     50000   -56.00000000   8.8165800000e-01
     50000   -54.00000000   8.4374200000e-01
     50000   -52.00000000   8.0485200000e-01
     50000   -50.00000000   7.6518600000e-01
     50000   -48.00000000   7.2494400000e-01
     50000   -46.00000000   6.8433000000e-01
     50000   -44.00000000   6.4354800000e-01
     50000   -42.00000000   6.0280500000e-01
     50000   -40.00000000   5.6230400000e-01
     50000   -38.00000000   5.2225100000e-01
     50000   -36.00000000   4.8284500000e-01
     50000   -34.00000000   4.4428400000e-01
     50000   -32.00000000   4.0676300000e-01
     50000   -30.00000000   3.7046800000e-01
     50000   -28.00000000   3.3558300000e-01
     50000   -26.00000000   3.0228000000e-01
     50000   -24.00000000   2.7072700000e-01
     50000   -22.00000000   2.4108300000e-01
     50000   -20.00000000   2.1349300000e-01
     50000   -18.00000000   1.8809800000e-01
     50000   -16.00000000   1.6502300000e-01
     50000   -14.00000000   1.4438400000e-01
     50000   -12.00000000   1.2628400000e-01
     50000   -10.00000000   1.1081200000e-01
     50000    -8.00000000   9.8048000000e-02
     50000    -6.00000000   8.9690000000e-02
     50000    -4.00000000   6.3060000000e-02
     50000    -2.00000000   2.6690000000e-02
     50000     0.00000000   2.4620000000e-02
     50000     2.00000000   3.3370000000e-02
     50000     4.00000000   3.8930000000e-02
     50000     6.00000000   2.8900000000e-02
     50000     8.00000000   4.1703000000e-02
     50000    10.00000000   6.3770000000e-02
     50000    12.00000000   8.4916000000e-02
     50000    14.00000000   9.8035000000e-02
     50000    16.00000000   1.1910500000e-01
     50000    18.00000000   1.4266800000e-01
     50000    20.00000000   1.6860600000e-01
     50000    22.00000000   1.9679300000e-01
     50000    24.00000000   2.2708900000e-01
     50000    26.00000000   2.5934600000e-01
     50000    28.00000000   2.9340600000e-01
     50000    30.00000000   3.2910000000e-01
     50000    32.00000000   3.6625300000e-01
     50000    34.00000000   4.0468300000e-01
     50000    36.00000000   4.4419900000e-01
     50000    38.00000000   4.8460900000e-01
     50000    40.00000000   5.2571200000e-01
     50000    42.00000000   5.6730600000e-01
     50000    44.00000000   6.0918700000e-01
     50000    46.00000000   6.5114700000e-01
     50000    48.00000000   6.9298100000e-01
     50000    50.00000000   7.3448100000e-01
     50000    52.00000000   7.7544300000e-01
     50000    54.00000000   8.1566400000e-01
     50000    56.00000000   8.5494700000e-01
     50000    58.00000000   8.9309500000e-01
     50000    60.00000000   9.2992200000e-01
     50000    62.00000000   9.6524400000e-01
     50000    64.00000000   9.9888600000e-01
     50000    66.00000000   1.0306820000e+00
     50000    68.00000000   1.0604730000e+00
     50000    70.00000000   1.0881100000e+00
     50000    72.00000000   1.1134570000e+00
     50000    74.00000000   1.1363850000e+00
     50000    76.00000000   1.1567810000e+00
     50000    78.00000000   1.1745410000e+00
     50000    80.00000000   1.1895760000e+00
     50000    82.00000000   1.2018080000e+00
     50000    84.00000000   1.2111750000e+00
     50000    86.00000000   1.2176270000e+00
     50000    88.00000000   1.2211310000e+00
     50000    90.00000000   1.2216640000e+00
    100000   -90.00000000   1.2216640000e+00
    100000   -88.00000000   1.2228380000e+00
    100000   -86.00000000   1.2210390000e+00
    100000   -84.00000000   1.2162880000e+00
    100000   -82.00000000   1.2086150000e+00
    100000   -80.00000000   1.1980690000e+00
    100000   -78.00000000   1.1847110000e+00
    100000   -76.00000000   1.1686140000e+00
    100000   -74.00000000   1.1498680000e+00
    100000   -72.00000000   1.1285720000e+00
    100000   -70.00000000   1.1048400000e+00
    100000   -68.00000000   1.0787960000e+00
    100000   -66.00000000   1.0505770000e+00
    100000   -64.00000000   1.0203290000e+00
    100000   -62.00000000   9.8820800000e-01
    100000   -60.00000000   9.5437900000e-01
    100000   -58.00000000   9.1901600000e-01
    100000   -56.00000000   8.8229900000e-01
    100000   -54.00000000   8.4441500000e-01
    100000   -52.00000000   8.0555700000e-01
    100000   -50.00000000   7.6592200000e-01
    100000   -48.00000000   7.2571000000e-01
    100000   -46.00000000   6.8512500000e-01
    100000   -44.00000000   6.4437200000e-01
    100000   -42.00000000   6.0365600000e-01
    100000   -40.00000000   5.6318200000e-01
    100000   -38.00000000   5.2315300000e-01
    100000   -36.00000000   4.8377100000e-01
    100000   -34.00000000   4.4523400000e-01
    100000   -32.00000000   4.0773400000e-01
    100000   -30.00000000   3.7146000000e-01
    100000   -28.00000000   3.3659400000e-01
    100000   -26.00000000   3.0330900000e-01
    100000   -24.00000000   2.7177400000e-01
    100000   -22.00000000   2.4214400000e-01
    100000   -20.00000000   2.1457000000e-01
    100000   -18.00000000   1.8918700000e-01
    100000   -16.00000000   1.6612400000e-01
    100000   -14.00000000   1.4549500000e-01
    100000   -12.00000000   1.2740400000e-01
    100000   -10.00000000   1.1194000000e-01
    100000    -8.00000000   9.9620000000e-02
    100000    -6.00000000   8.9525000000e-02
    100000    -4.00000000   5.4114000000e-02
    100000    -2.00000000   2.3390000000e-02
    100000     0.00000000   2.0040000000e-02
    100000     2.00000000   1.9610000000e-02
    100000     4.00000000   1.6430000000e-02
    100000     6.00000000   1.9173000000e-02
    100000     8.00000000   3.7664000000e-02
    100000    10.00000000   5.0847000000e-02
    100000    12.00000000   6.8016000000e-02
    100000    14.00000000   8.6584000000e-02
    100000    16.00000000   1.0776200000e-01
    100000    18.00000000   1.3144400000e-01
    100000    20.00000000   1.5751700000e-01
    100000    22.00000000   1.8585100000e-01
    100000    24.00000000   2.1630800000e-01
    100000    26.00000000   2.4874000000e-01
    100000    28.00000000   2.8298600000e-01
    100000    30.00000000   3.1888000000e-01
    100000    32.00000000   3.5624500000e-01
    100000    34.00000000   3.9489900000e-01
    100000    36.00000000   4.3465200000e-01
    100000    38.00000000   4.7530900000e-01
    100000    40.00000000   5.1667200000e-01
    100000    42.00000000   5.5853600000e-01
    100000    44.00000000   6.0069800000e-01
    100000    46.00000000   6.4295000000e-01
    100000    48.00000000   6.8508400000e-01
    100000    50.00000000   7.2689500000e-01
    100000    52.00000000   7.6817700000e-01
    100000    54.00000000   8.0872800000e-01
    100000    56.00000000   8.4834700000e-01
    100000    58.00000000   8.8684200000e-01
    100000    60.00000000   9.2402200000e-01
    100000    62.00000000   9.5970400000e-01
    100000    64.00000000   9.9371300000e-01
    100000    66.00000000   1.0258820000e+00
    100000    68.00000000   1.0560520000e+00
    100000    70.00000000   1.0840740000e+00
    100000    72.00000000   1.1098100000e+00
    100000    74.00000000   1.1331320000e+00
    100000    76.00000000   1.1539260000e+00
    100000    78.00000000   1.1720870000e+00
    100000    80.00000000   1.1875260000e+00
    100000    82.00000000   1.2001650000e+00
    100000    84.00000000   1.2099410000e+00
    100000    86.00000000   1.2168040000e+00
    100000    88.00000000   1.2207190000e+00
    100000    90.00000000   1.2216640000e+00
    150000   -90.00000000   1.2216640000e+00
    150000   -88.00000000   1.2225670000e+00
    150000   -86.00000000   1.2204980000e+00
    150000   -84.00000000   1.2154760000e+00
    150000   -82.00000000   1.2075340000e+00
    150000   -80.00000000   1.1967200000e+00
    150000   -78.00000000   1.1830960000e+00
    150000   -76.00000000   1.1667350000e+00
    150000   -74.00000000   1.1477260000e+00
    150000   -72.00000000   1.1261710000e+00
    150000   -70.00000000   1.1021830000e+00
    150000   -68.00000000   1.0758860000e+00
    150000   -66.00000000   1.0474170000e+00
    150000   -64.00000000   1.0169230000e+00
    150000   -62.00000000   9.8456100000e-01
    150000   -60.00000000   9.5049500000e-01
    150000   -58.00000000   9.1489900000e-01
    150000   -56.00000000   8.7795500000e-01
    150000   -54.00000000   8.3984900000e-01
    150000   -52.00000000   8.0077400000e-01
    150000   -50.00000000   7.6092800000e-01
    150000   -48.00000000   7.2051200000e-01
    150000   -46.00000000   6.7972900000e-01
    150000   -44.00000000   6.3878400000e-01
    150000   -42.00000000   5.9788300000e-01
    150000   -40.00000000   5.5723100000e-01
    150000   -38.00000000   5.1703100000e-01
    150000   -36.00000000   4.7748600000e-01
    150000   -34.00000000   4.3879300000e-01
    150000   -32.00000000   4.0114600000e-01
    150000   -30.00000000   3.6473200000e-01
    150000   -28.00000000   3.2973500000e-01
    150000   -26.00000000   2.9632700000e-01
    150000   -24.00000000   2.6467700000e-01
    150000   -22.00000000   2.3494200000e-01
    150000   -20.00000000   2.0727000000e-01
    150000   -18.00000000   1.8179900000e-01
    150000   -16.00000000   1.5865600000e-01
    150000   -14.00000000   1.3795700000e-01
    150000   -12.00000000   1.1980500000e-01
    150000   -10.00000000   1.0429000000e-01
    150000    -8.00000000   9.1953000000e-02
    150000    -6.00000000   8.3273000000e-02
    150000    -4.00000000   4.6941000000e-02
    150000    -2.00000000   1.8990000000e-02
    150000     0.00000000   1.4860000000e-02
    150000     2.00000000   1.2693000000e-02
    150000     4.00000000   1.2380000000e-02
    150000     6.00000000   1.8751000000e-02
    150000     8.00000000   3.0231000000e-02
    150000    10.00000000   4.3372000000e-02
    150000    12.00000000   5.9921000000e-02
    150000    14.00000000   7.8554000000e-02
    150000    16.00000000   9.9806000000e-02
    150000    18.00000000   1.2357300000e-01
    150000    20.00000000   1.4974000000e-01
    150000    22.00000000   1.7817800000e-01
    150000    24.00000000   2.0874800000e-01
    150000    26.00000000   2.4130100000e-01
    150000    28.00000000   2.7567900000e-01
    150000    30.00000000   3.1171300000e-01
    150000    32.00000000   3.4922700000e-01
    150000    34.00000000   3.8803800000e-01
    150000    36.00000000   4.2795700000e-01
    150000    38.00000000   4.6878800000e-01
    150000    40.00000000   5.1033200000e-01
    150000    42.00000000   5.5238600000e-01
    150000    44.00000000   5.9474500000e-01
    150000    46.00000000   6.3720100000e-01
    150000    48.00000000   6.7954700000e-01
    150000    50.00000000   7.2157600000e-01
    150000    52.00000000   7.6308200000e-01
    150000    54.00000000   8.0386300000e-01
    150000    56.00000000   8.4372000000e-01
    150000    58.00000000   8.8245600000e-01
    150000    60.00000000   9.1988400000e-01
    150000    62.00000000   9.5581900000e-01
    150000    64.00000000   9.9008500000e-01
    150000    66.00000000   1.0225160000e+00
    150000    68.00000000   1.0529520000e+00
    150000    70.00000000   1.0812430000e+00
    150000    72.00000000   1.1072530000e+00
    150000    74.00000000   1.1308510000e+00
    150000    76.00000000   1.1519240000e+00
    150000    78.00000000   1.1703670000e+00
    150000    80.00000000   1.1860890000e+00
    150000    82.00000000   1.1990140000e+00
    150000    84.00000000   1.2090760000e+00
    150000    86.00000000   1.2162270000e+00
    150000    88.00000000   1.2204300000e+00
    150000    90.00000000   1.2216640000e+00
    200000   -90.00000000   1.2216640000e+00
    200000   -88.00000000   1.2227810000e+00
    200000   -86.00000000   1.2209260000e+00
    200000   -84.00000000   1.2161180000e+00
    200000   -82.00000000   1.2083890000e+00
    200000   -80.00000000   1.1977870000e+00
    200000   -78.00000000   1.1843720000e+00
    200000   -76.00000000   1.1682210000e+00
    200000   -74.00000000   1.1494190000e+00
    200000   -72.00000000   1.1280690000e+00
    200000   -70.00000000   1.1042830000e+00
    200000   -68.00000000   1.0781870000e+00
    200000   -66.00000000   1.0499150000e+00
    200000   -64.00000000   1.0196160000e+00
    200000   -62.00000000   9.8744400000e-01
    200000   -60.00000000   9.5356500000e-01
    200000   -58.00000000   9.1815400000e-01
    200000   -56.00000000   8.8138900000e-01
    200000   -54.00000000   8.4345900000e-01
    200000   -52.00000000   8.0455500000e-01
    200000   -50.00000000   7.6487600000e-01
    200000   -48.00000000   7.2462200000e-01
    200000   -46.00000000   6.8399500000e-01
    200000   -44.00000000   6.4320200000e-01
    200000   -42.00000000   6.0244700000e-01
    200000   -40.00000000   5.6193600000e-01
    200000   -38.00000000   5.2187100000e-01
    200000   -36.00000000   4.8245500000e-01
    200000   -34.00000000   4.4388500000e-01
    200000   -32.00000000   4.0635500000e-01
    200000   -30.00000000   3.7005100000e-01
    200000   -28.00000000   3.3515700000e-01
    200000   -26.00000000   3.0184700000e-01
    200000   -24.00000000   2.7028800000e-01
    200000   -22.00000000   2.4063600000e-01
    200000   -20.00000000   2.1304100000e-01
    200000   -18.00000000   1.8764000000e-01
    200000   -16.00000000   1.6456000000e-01
    200000   -14.00000000   1.4391700000e-01
    200000   -12.00000000   1.2581300000e-01
    200000   -10.00000000   1.1033800000e-01
    200000    -8.00000000   1.0023800000e-01
    200000    -6.00000000   8.6863000000e-02
    200000    -4.00000000   2.5993000000e-02
    200000    -2.00000000   1.5700000000e-02
    200000     0.00000000   1.1420000000e-02
    200000     2.00000000   9.8500000000e-03
    200000     4.00000000   1.1070000000e-02
    200000     6.00000000   1.8866000000e-02
    200000     8.00000000   2.7519000000e-02
    200000    10.00000000   4.2092000000e-02
    200000    12.00000000   5.8028000000e-02
    200000    14.00000000   7.6676000000e-02
    200000    16.00000000   9.7946000000e-02
    200000    18.00000000   1.2173300000e-01
    200000    20.00000000   1.4792100000e-01
    200000    22.00000000   1.7638300000e-01
    200000    24.00000000   2.0698000000e-01
    200000    26.00000000   2.3956200000e-01
    200000    28.00000000   2.7397000000e-01
    200000    30.00000000   3.1003700000e-01
    200000    32.00000000   3.4758600000e-01
    200000    34.00000000   3.8643400000e-01
    200000    36.00000000   4.2639100000e-01
    200000    38.00000000   4.6726300000e-01
    200000    40.00000000   5.0884900000e-01
    200000    42.00000000   5.5094800000e-01
    200000    44.00000000   5.9335200000e-01
    200000    46.00000000   6.3585600000e-01
    200000    48.00000000   6.7825200000e-01
    200000    50.00000000   7.2033200000e-01
    200000    52.00000000   7.6189100000e-01
    200000    54.00000000   8.0272600000e-01
    200000    56.00000000   8.4263700000e-01
    200000    58.00000000   8.8143100000e-01
    200000    60.00000000   9.1891600000e-01
    200000    62.00000000   9.5491000000e-01
    200000    64.00000000   9.8923700000e-01
    200000    66.00000000   1.0217290000e+00
    200000    68.00000000   1.0522270000e+00
    200000    70.00000000   1.0805820000e+00
    200000    72.00000000   1.1066550000e+00
    200000    74.00000000   1.1303180000e+00
    200000    76.00000000   1.1514560000e+00
    200000    78.00000000   1.1699640000e+00
    200000    80.00000000   1.1857530000e+00
    200000    82.00000000   1.1987440000e+00
    200000    84.00000000   1.2088740000e+00
    200000    86.00000000   1.2160920000e+00
    200000    88.00000000   1.2203630000e+00
    200000    90.00000000   1.2216640000e+00
    250000   -90.00000000   1.2216640000e+00
    250000   -88.00000000   1.2230290000e+00
    250000   -86.00000000   1.2214210000e+00
    250000   -84.00000000   1.2168590000e+00
    250000   -82.00000000   1.2093760000e+00
    250000   -80.00000000   1.1990190000e+00
    250000   -78.00000000   1.1858480000e+00
    250000   -76.00000000   1.1699370000e+00
    250000   -74.00000000   1.1513750000e+00
    250000   -72.00000000   1.1302620000e+00
    250000   -70.00000000   1.1067100000e+00
    250000   -68.00000000   1.0808450000e+00
    250000   -66.00000000   1.0528010000e+00
    250000   -64.00000000   1.0227260000e+00
    250000   -62.00000000   9.9077500000e-01
    250000   -60.00000000   9.5711300000e-01
    250000   -58.00000000   9.2191400000e-01
    250000   -56.00000000   8.8535700000e-01
    250000   -54.00000000   8.4762900000e-01
    250000   -52.00000000   8.0892400000e-01
    250000   -50.00000000   7.6943700000e-01
    250000   -48.00000000   7.2936900000e-01
    250000   -46.00000000   6.8892400000e-01
    250000   -44.00000000   6.4830600000e-01
    250000   -42.00000000   6.0772000000e-01
    250000   -40.00000000   5.6737100000e-01
    250000   -38.00000000   5.2746200000e-01
    250000   -36.00000000   4.8819500000e-01
    250000   -34.00000000   4.4976700000e-01
    250000   -32.00000000   4.1237200000e-01
    250000   -30.00000000   3.7619600000e-01
    250000   -28.00000000   3.4142200000e-01
    250000   -26.00000000   3.0822500000e-01
    250000   -24.00000000   2.7677000000e-01
    250000   -22.00000000   2.4721500000e-01
    250000   -20.00000000   2.1970800000e-01
    250000   -18.00000000   1.9438800000e-01
    250000   -16.00000000   1.7138100000e-01
    250000   -14.00000000   1.5080100000e-01
    250000   -12.00000000   1.3275300000e-01
    250000   -10.00000000   1.1732600000e-01
    250000    -8.00000000   1.0511300000e-01
    250000    -6.00000000   8.7055000000e-02
    250000    -4.00000000   2.6504000000e-02
    250000    -2.00000000   1.3460000000e-02
    250000     0.00000000   1.0000000000e-02
    250000     2.00000000   8.8900000000e-03
    250000     4.00000000   1.0577000000e-02
    250000     6.00000000   1.7939000000e-02
    250000     8.00000000   2.6321000000e-02
    250000    10.00000000   4.0867000000e-02
    250000    12.00000000   5.6811000000e-02
    250000    14.00000000   7.5469000000e-02
    250000    16.00000000   9.6750000000e-02
    250000    18.00000000   1.2054900000e-01
    250000    20.00000000   1.4675200000e-01
    250000    22.00000000   1.7522900000e-01
    250000    24.00000000   2.0584300000e-01
    250000    26.00000000   2.3844300000e-01
    250000    28.00000000   2.7287100000e-01
    250000    30.00000000   3.0895900000e-01
    250000    32.00000000   3.4653000000e-01
    250000    34.00000000   3.8540200000e-01
    250000    36.00000000   4.2538400000e-01
    250000    38.00000000   4.6628200000e-01
    250000    40.00000000   5.0789600000e-01
    250000    42.00000000   5.5002300000e-01
    250000    44.00000000   5.9245700000e-01
    250000    46.00000000   6.3499200000e-01
    250000    48.00000000   6.7741900000e-01
    250000    50.00000000   7.1953200000e-01
    250000    52.00000000   7.6112500000e-01
    250000    54.00000000   8.0199400000e-01
    250000    56.00000000   8.4194200000e-01
    250000    58.00000000   8.8077100000e-01
    250000    60.00000000   9.1829400000e-01
    250000    62.00000000   9.5432600000e-01
    250000    64.00000000   9.8869100000e-01
    250000    66.00000000   1.0212230000e+00
    250000    68.00000000   1.0517610000e+00
    250000    70.00000000   1.0801560000e+00
    250000    72.00000000   1.1062700000e+00
    250000    74.00000000   1.1299750000e+00
    250000    76.00000000   1.1511550000e+00
    250000    78.00000000   1.1697060000e+00
    250000    80.00000000   1.1855370000e+00
    250000    82.00000000   1.1985710000e+00
    250000    84.00000000   1.2087440000e+00
    250000    86.00000000   1.2160050000e+00
    250000    88.00000000   1.2203190000e+00
    250000    90.00000000   1.2216640000e+00
     50000   -90.00000000   1.2216640000e+00
     50000   -88.00000000   1.2228340000e+00
     50000   -86.00000000   1.2210320000e+00
     50000   -84.00000000   1.2162760000e+00
     50000   -82.00000000   1.2086000000e+00
     50000   -80.00000000   1.1980500000e+00
     50000   -78.00000000   1.1846880000e+00
     50000   -76.00000000   1.1685880000e+00
     50000   -74.00000000   1.1498370000e+00
     50000   -72.00000000   1.1285380000e+00
     50000   -70.00000000   1.1048020000e+00
     50000   -68.00000000   1.0787550000e+00
     50000   -66.00000000   1.0505320000e+00
     50000   -64.00000000   1.0202800000e+00
     50000   -62.00000000   9.8815600000e-01
     50000   -60.00000000   9.5432400000e-01
     50000   -58.00000000   9.1895700000e-01
     50000   -56.00000000   8.8223700000e-01
     50000   -54.00000000   8.4435000000e-01
     50000   -52.00000000   8.0548900000e-01
     50000   -50.00000000   7.6585100000e-01
     50000   -48.00000000   7.2563600000e-01
     50000   -46.00000000   6.8504900000e-01
     50000   -44.00000000   6.4429300000e-01
     50000   -42.00000000   6.0357400000e-01
     50000   -40.00000000   5.6309700000e-01
     50000   -38.00000000   5.2306600000e-01
     50000   -36.00000000   4.8368200000e-01
     50000   -34.00000000   4.4514200000e-01
     50000   -32.00000000   4.0764100000e-01
     50000   -30.00000000   3.7136500000e-01
     50000   -28.00000000   3.3649700000e-01
     50000   -26.00000000   3.0321000000e-01
     50000   -24.00000000   2.7167300000e-01
     50000   -22.00000000   2.4204200000e-01
     50000   -20.00000000   2.1446600000e-01
     50000   -18.00000000   1.8908200000e-01
     50000   -16.00000000   1.6601800000e-01
     50000   -14.00000000   1.4538800000e-01
     50000   -12.00000000   1.2729600000e-01
     50000   -10.00000000   1.1183200000e-01
     50000    -8.00000000   9.9141000000e-02
     50000    -6.00000000   9.0432000000e-02
     50000    -4.00000000   6.3281000000e-02
     50000    -2.00000000   2.8700000000e-02
     50000     0.00000000   2.4260000000e-02
     50000     2.00000000   3.2950000000e-02
     50000     4.00000000   3.8750000000e-02
     50000     6.00000000   2.9960000000e-02
     50000     8.00000000   4.3345000000e-02
     50000    10.00000000   6.9383000000e-02
     50000    12.00000000   7.5482000000e-02
     50000    14.00000000   9.3990000000e-02
     50000    16.00000000   1.1509800000e-01
     50000    18.00000000   1.3870300000e-01
     50000    20.00000000   1.6468900000e-01
     50000    22.00000000   1.9292800000e-01
     50000    24.00000000   2.2328100000e-01
     50000    26.00000000   2.5560000000e-01
     50000    28.00000000   2.8972500000e-01
     50000    30.00000000   3.2549000000e-01
     50000    32.00000000   3.6271800000e-01
     50000    34.00000000   4.0122700000e-01
     50000    36.00000000   4.4082700000e-01
     50000    38.00000000   4.8132400000e-01
     50000    40.00000000   5.2251900000e-01
     50000    42.00000000   5.6420800000e-01
     50000    44.00000000   6.0618800000e-01
     50000    46.00000000   6.4825100000e-01
     50000    48.00000000   6.9019100000e-01
     50000    50.00000000   7.3180100000e-01
     50000    52.00000000   7.7287600000e-01
     50000    54.00000000   8.1321400000e-01
     50000    56.00000000   8.5261600000e-01
     50000    58.00000000   8.9088600000e-01
     50000    60.00000000   9.2783800000e-01
     50000    62.00000000   9.6328700000e-01
     50000    64.00000000   9.9705900000e-01
     50000    66.00000000   1.0289860000e+00
     50000    68.00000000   1.0589110000e+00
     50000    70.00000000   1.0866840000e+00
     50000    72.00000000   1.1121690000e+00
     50000    74.00000000   1.1352360000e+00
     50000    76.00000000   1.1557720000e+00
     50000    78.00000000   1.1736740000e+00
     50000    80.00000000   1.1888520000e+00
     50000    82.00000000   1.2012280000e+00
     50000    84.00000000   1.2107390000e+00
     50000    86.00000000   1.2173370000e+00
     50000    88.00000000   1.2209850000e+00
     50000    90.00000000   1.2216640000e+00
    100000   -90.00000000   1.2216640000e+00
    100000   -88.00000000   1.2226470000e+00
    100000   -86.00000000   1.2206580000e+00
    100000   -84.00000000   1.2157160000e+00
    100000   -82.00000000   1.2078540000e+00
    100000   -80.00000000   1.1971190000e+00
    100000   -78.00000000   1.1835730000e+00
    100000   -76.00000000   1.1672900000e+00
    100000   -74.00000000   1.1483590000e+00
    100000   -72.00000000   1.1268810000e+00
    100000   -70.00000000   1.1029680000e+00
    100000   -68.00000000   1.0767460000e+00
    100000   -66.00000000   1.0483510000e+00
    100000   -64.00000000   1.0179300000e+00
    100000   -62.00000000   9.8563800000e-01
    100000   -60.00000000   9.5164300000e-01
    100000   -58.00000000   9.1611600000e-01
    100000   -56.00000000   8.7923800000e-01
    100000   -54.00000000   8.4119800000e-01
    100000   -52.00000000   8.0218800000e-01
    100000   -50.00000000   7.6240400000e-01
    100000   -48.00000000   7.2204800000e-01
    100000   -46.00000000   6.8132400000e-01
    100000   -44.00000000   6.4043500000e-01
    100000   -42.00000000   5.9958900000e-01
    100000   -40.00000000   5.5898900000e-01
    100000   -38.00000000   5.1884100000e-01
    100000   -36.00000000   4.7934400000e-01
    100000   -34.00000000   4.4069700000e-01
    100000   -32.00000000   4.0309300000e-01
    100000   -30.00000000   3.6672100000e-01
    100000   -28.00000000   3.3176200000e-01
    100000   -26.00000000   2.9839100000e-01
    100000   -24.00000000   2.6677400000e-01
    100000   -22.00000000   2.3707000000e-01
    100000   -20.00000000   2.0942700000e-01
    100000   -18.00000000   1.8398200000e-01
    100000   -16.00000000   1.6086300000e-01
    100000   -14.00000000   1.4018500000e-01
    100000   -12.00000000   1.2205100000e-01
    100000   -10.00000000   1.0655100000e-01
    100000    -8.00000000   9.3854000000e-02
    100000    -6.00000000   8.5009000000e-02
    100000    -4.00000000   5.4352000000e-02
    100000    -2.00000000   2.2700000000e-02
    100000     0.00000000   1.9550000000e-02
    100000     2.00000000   1.9280000000e-02
    100000     4.00000000   1.6473000000e-02
    100000     6.00000000   1.9182000000e-02
    100000     8.00000000   3.3298000000e-02
    100000    10.00000000   4.6519000000e-02
    100000    12.00000000   6.2701000000e-02
    100000    14.00000000   8.1312000000e-02
    100000    16.00000000   1.0253800000e-01
    100000    18.00000000   1.2627700000e-01
    100000    20.00000000   1.5241100000e-01
    100000    22.00000000   1.8081300000e-01
    100000    24.00000000   2.1134400000e-01
    100000    26.00000000   2.4385600000e-01
    100000    28.00000000   2.7818800000e-01
    100000    30.00000000   3.1417400000e-01
    100000    32.00000000   3.5163700000e-01
    100000    34.00000000   3.9039400000e-01
    100000    36.00000000   4.3025600000e-01
    100000    38.00000000   4.7102800000e-01
    100000    40.00000000   5.1250900000e-01
    100000    42.00000000   5.5449800000e-01
    100000    44.00000000   5.9678900000e-01
    100000    46.00000000   6.3917500000e-01
    100000    48.00000000   6.8144800000e-01
    100000    50.00000000   7.2340300000e-01
    100000    52.00000000   7.6483200000e-01
    100000    54.00000000   8.0553400000e-01
    100000    56.00000000   8.4530900000e-01
    100000    58.00000000   8.8396200000e-01
    100000    60.00000000   9.2130500000e-01
    100000    62.00000000   9.5715300000e-01
    100000    64.00000000   9.9133100000e-01
    100000    66.00000000   1.0236720000e+00
    100000    68.00000000   1.0540160000e+00
    100000    70.00000000   1.0822160000e+00
    100000    72.00000000   1.1081310000e+00
    100000    74.00000000   1.1316350000e+00
    100000    76.00000000   1.1526110000e+00
    100000    78.00000000   1.1709580000e+00
    100000    80.00000000   1.1865830000e+00
    100000    82.00000000   1.1994090000e+00
    100000    84.00000000   1.2093730000e+00
    100000    86.00000000   1.2164250000e+00
    100000    88.00000000   1.2205290000e+00
    100000    90.00000000   1.2216640000e+00
    150000   -90.00000000   1.2216640000e+00
    150000   -88.00000000   1.2226310000e+00
    150000   -86.00000000   1.2206260000e+00
    150000   -84.00000000   1.2156690000e+00
    150000   -82.00000000   1.2077910000e+00
    150000   -80.00000000   1.1970410000e+00
    150000   -78.00000000   1.1834800000e+00
    150000   -76.00000000   1.1671820000e+00
    150000   -74.00000000   1.1482360000e+00
    150000   -72.00000000   1.1267420000e+00
    150000   -70.00000000   1.1028150000e+00
    150000   -68.00000000   1.0765780000e+00
    150000   -66.00000000   1.0481690000e+00
    150000   -64.00000000   1.0177340000e+00
    150000   -62.00000000   9.8542800000e-01
    150000   -60.00000000   9.5141900000e-01
    150000   -58.00000000   9.1587800000e-01
    150000   -56.00000000   8.7898800000e-01
    150000   -54.00000000   8.4093500000e-01
    150000   -52.00000000   8.0191200000e-01
    150000   -50.00000000   7.6211600000e-01
    150000   -48.00000000   7.2174900000e-01
    150000   -46.00000000   6.8101300000e-01
    150000   -44.00000000   6.4011400000e-01
    150000   -42.00000000   5.9925600000e-01
    150000   -40.00000000   5.5864700000e-01
    150000   -38.00000000   5.1848800000e-01
    150000   -36.00000000   4.7898200000e-01
    150000   -34.00000000   4.4032600000e-01
    150000   -32.00000000   4.0271400000e-01
    150000   -30.00000000   3.6633300000e-01
    150000   -28.00000000   3.3136700000e-01
    150000   -26.00000000   2.9798900000e-01
    150000   -24.00000000   2.6636500000e-01
    150000   -22.00000000   2.3665500000e-01
    150000   -20.00000000   2.0900700000e-01
    150000   -18.00000000   1.8355700000e-01
    150000   -16.00000000   1.6043300000e-01
    150000   -14.00000000   1.3975100000e-01
    150000   -12.00000000   1.2161300000e-01
    150000   -10.00000000   1.0611000000e-01
    150000    -8.00000000   9.3666000000e-02
    150000    -6.00000000   8.5473000000e-02
    150000    -4.00000000   4.9212000000e-02
    150000    -2.00000000   1.8200000000e-02
    150000     0.00000000   1.4350000000e-02
    150000     2.00000000   1.2510000000e-02
    150000     4.00000000   1.2450000000e-02
    150000     6.00000000   1.7279000000e-02
    150000     8.00000000   4.6413000000e-02
    150000    10.00000000   3.8322000000e-02
    150000    12.00000000   5.4283000000e-02
    150000    14.00000000   7.2962000000e-02
    150000    16.00000000   9.4266000000e-02
    150000    18.00000000   1.1809200000e-01
    150000    20.00000000   1.4432400000e-01
    150000    22.00000000   1.7283300000e-01
    150000    24.00000000   2.0348200000e-01
    150000    26.00000000   2.3612100000e-01
    150000    28.00000000   2.7059000000e-01
    150000    30.00000000   3.0672100000e-01
    150000    32.00000000   3.4433900000e-01
    150000    34.00000000   3.8326000000e-01
    150000    36.00000000   4.2329400000e-01
    150000    38.00000000   4.6424600000e-01
    150000    40.00000000   5.0591700000e-01
    150000    42.00000000   5.4810300000e-01
    150000    44.00000000   5.9059800000e-01
    150000    46.00000000   6.3319700000e-01
    150000    48.00000000   6.7569000000e-01
    150000    50.00000000   7.1787100000e-01
    150000    52.00000000   7.5953400000e-01
    150000    54.00000000   8.0047500000e-01
    150000    56.00000000   8.4049700000e-01
    150000    58.00000000   8.7940200000e-01
    150000    60.00000000   9.1700200000e-01
    150000    62.00000000   9.5311300000e-01
    150000    64.00000000   9.8755900000e-01
    150000    66.00000000   1.0201720000e+00
    150000    68.00000000   1.0507930000e+00
    150000    70.00000000   1.0792720000e+00
    150000    72.00000000   1.1054710000e+00
    150000    74.00000000   1.1292630000e+00
    150000    76.00000000   1.1505300000e+00
    150000    78.00000000   1.1691680000e+00
    150000    80.00000000   1.1850880000e+00
    150000    82.00000000   1.1982110000e+00
    150000    84.00000000   1.2084740000e+00
    150000    86.00000000   1.2158250000e+00
    150000    88.00000000   1.2202290000e+00
    150000    90.00000000   1.2216640000e+00
    200000   -90.00000000   1.2216640000e+00
    200000   -88.00000000   1.2232560000e+00
    200000   -86.00000000   1.2218750000e+00
    200000   -84.00000000   1.2175390000e+00
    200000   -82.00000000   1.2102820000e+00
    200000   -80.00000000   1.2001490000e+00
    200000   -78.00000000   1.1872000000e+00
    200000   -76.00000000   1.1715110000e+00
    200000   -74.00000000   1.1531680000e+00
    200000   -72.00000000   1.1322720000e+00
    200000   -70.00000000   1.1089350000e+00
    200000   -68.00000000   1.0832820000e+00
    200000   -66.00000000   1.0554470000e+00
    200000   -64.00000000   1.0255780000e+00
    200000   -62.00000000   9.9382900000e-01
    200000   -60.00000000   9.6036600000e-01
    200000   -58.00000000   9.2536100000e-01
    200000   -56.00000000   8.8899400000e-01
    200000   -54.00000000   8.5145300000e-01
    200000   -52.00000000   8.1292900000e-01
    200000   -50.00000000   7.7361900000e-01
    200000   -48.00000000   7.3372200000e-01
    200000   -46.00000000   6.9344300000e-01
    200000   -44.00000000   6.5298600000e-01
    200000   -42.00000000   6.1255400000e-01
    200000   -40.00000000   5.7235400000e-01
    200000   -38.00000000   5.3258900000e-01
    200000   -36.00000000   4.9345800000e-01
    200000   -34.00000000   4.5516100000e-01
    200000   -32.00000000   4.1788900000e-01
    200000   -30.00000000   3.8183000000e-01
    200000   -28.00000000   3.4716600000e-01
    200000   -26.00000000   3.1407200000e-01
    200000   -24.00000000   2.8271300000e-01
    200000   -22.00000000   2.5324700000e-01
    200000   -20.00000000   2.2582200000e-01
    200000   -18.00000000   2.0057500000e-01
    200000   -16.00000000   1.7763400000e-01
    200000   -14.00000000   1.5711400000e-01
    200000   -12.00000000   1.3911600000e-01
    200000   -10.00000000   1.2373200000e-01
    200000    -8.00000000   1.1119000000e-01
    200000    -6.00000000   9.7411000000e-02
    200000    -4.00000000   3.5897000000e-02
    200000    -2.00000000   1.5170000000e-02
    200000     0.00000000   1.1040000000e-02
    200000     2.00000000   8.8150000000e-03
    200000     4.00000000   1.0810000000e-02
    200000     6.00000000   1.8222000000e-02
    200000     8.00000000   2.7209000000e-02
    200000    10.00000000   4.1784000000e-02
    200000    12.00000000   5.7723000000e-02
    200000    14.00000000   7.6373000000e-02
    200000    16.00000000   9.7646000000e-02
    200000    18.00000000   1.2143600000e-01
    200000    20.00000000   1.4762800000e-01
    200000    22.00000000   1.7609400000e-01
    200000    24.00000000   2.0669500000e-01
    200000    26.00000000   2.3928100000e-01
    200000    28.00000000   2.7369400000e-01
    200000    30.00000000   3.0976600000e-01
    200000    32.00000000   3.4732100000e-01
    200000    34.00000000   3.8617500000e-01
    200000    36.00000000   4.2613800000e-01
    200000    38.00000000   4.6701700000e-01
    200000    40.00000000   5.0861000000e-01
    200000    42.00000000   5.5071600000e-01
    200000    44.00000000   5.9312800000e-01
    200000    46.00000000   6.3563900000e-01
    200000    48.00000000   6.7804300000e-01
    200000    50.00000000   7.2013100000e-01
    200000    52.00000000   7.6169800000e-01
    200000    54.00000000   8.0254200000e-01
    200000    56.00000000   8.4246300000e-01
    200000    58.00000000   8.8126500000e-01
    200000    60.00000000   9.1876000000e-01
    200000    62.00000000   9.5476300000e-01
    200000    64.00000000   9.8910000000e-01
    200000    66.00000000   1.0216020000e+00
    200000    68.00000000   1.0521100000e+00
    200000    70.00000000   1.0804750000e+00
    200000    72.00000000   1.1065580000e+00
    200000    74.00000000   1.1302320000e+00
    200000    76.00000000   1.1513800000e+00
    200000    78.00000000   1.1698990000e+00
    200000    80.00000000   1.1856990000e+00
    200000    82.00000000   1.1987010000e+00
    200000    84.00000000   1.2088410000e+00
    200000    86.00000000   1.2160700000e+00
    200000    88.00000000   1.2203520000e+00
    200000    90.00000000   1.2216640000e+00
    250000   -90.00000000   1.2216640000e+00
    250000   -88.00000000   1.2231600000e+00
    250000   -86.00000000   1.2216840000e+00
    250000   -84.00000000   1.2172540000e+00
    250000   -82.00000000   1.2099020000e+00
    250000   -80.00000000   1.1996740000e+00
    250000   -78.00000000   1.1866330000e+00
    250000   -76.00000000   1.1708510000e+00
    250000   -74.00000000   1.1524160000e+00
    250000   -72.00000000   1.1314280000e+00
    250000   -70.00000000   1.1080010000e+00
    250000   -68.00000000   1.0822590000e+00
    250000   -66.00000000   1.0543370000e+00
    250000   -64.00000000   1.0243810000e+00
    250000   -62.00000000   9.9254700000e-01
    250000   -60.00000000   9.5900100000e-01
    250000   -58.00000000   9.2391400000e-01
    250000   -56.00000000   8.8746800000e-01
    250000   -54.00000000   8.4984800000e-01
    250000   -52.00000000   8.1124800000e-01
    250000   -50.00000000   7.7186400000e-01
    250000   -48.00000000   7.3189600000e-01
    250000   -46.00000000   6.9154700000e-01
    250000   -44.00000000   6.5102200000e-01
    250000   -42.00000000   6.1052600000e-01
    250000   -40.00000000   5.7026300000e-01
    250000   -38.00000000   5.3043800000e-01
    250000   -36.00000000   4.9125000000e-01
    250000   -34.00000000   4.5289800000e-01
    250000   -32.00000000   4.1557400000e-01
    250000   -30.00000000   3.7946600000e-01
    250000   -28.00000000   3.4475600000e-01
    250000   -26.00000000   3.1161800000e-01
    250000   -24.00000000   2.8021900000e-01
    250000   -22.00000000   2.5071500000e-01
    250000   -20.00000000   2.2325600000e-01
    250000   -18.00000000   1.9797900000e-01
    250000   -16.00000000   1.7501000000e-01
    250000   -14.00000000   1.5446500000e-01
    250000   -12.00000000   1.3644600000e-01
    250000   -10.00000000   1.2121400000e-01
    250000    -8.00000000   1.1142300000e-01
    250000    -6.00000000   7.8397000000e-02
    250000    -4.00000000   2.0640000000e-02
    250000    -2.00000000   1.2970000000e-02
    250000     0.00000000   8.9100000000e-03
    250000     2.00000000   8.5400000000e-03
    250000     4.00000000   9.9990000000e-03
    250000     6.00000000   3.5740000000e-03
    250000     8.00000000   1.7683000000e-02
    250000    10.00000000   1.8158000000e-02
    250000    12.00000000   3.4256000000e-02
    250000    14.00000000   5.3095000000e-02
    250000    16.00000000   7.4584000000e-02
    250000    18.00000000   9.8619000000e-02
    250000    20.00000000   1.2508400000e-01
    250000    22.00000000   1.5385000000e-01
    250000    24.00000000   1.8477800000e-01
    250000    26.00000000   2.1771800000e-01
    250000    28.00000000   2.5251200000e-01
    250000    30.00000000   2.8899000000e-01
    250000    32.00000000   3.2697600000e-01
    250000    34.00000000   3.6628600000e-01
    250000    36.00000000   4.0673000000e-01
    250000    38.00000000   4.4811200000e-01
    250000    40.00000000   4.9023200000e-01
    250000    42.00000000   5.3288700000e-01
    250000    44.00000000   5.7587000000e-01
    250000    46.00000000   6.1897400000e-01
    250000    48.00000000   6.6199000000e-01
    250000    50.00000000   7.0471000000e-01
    250000    52.00000000   7.4692800000e-01
    250000    54.00000000   7.8844100000e-01
    250000    56.00000000   8.2904700000e-01
    250000    58.00000000   8.6855200000e-01
    250000    60.00000000   9.0676400000e-01
    250000    62.00000000   9.4350000000e-01
    250000    64.00000000   9.7858300000e-01
    250000    66.00000000   1.0118440000e+00
    250000    68.00000000   1.0431230000e+00
    250000    70.00000000   1.0722690000e+00
    250000    72.00000000   1.0991440000e+00
    250000    74.00000000   1.1236190000e+00
    250000    76.00000000   1.1455760000e+00
    250000    78.00000000   1.1649120000e+00
    250000    80.00000000   1.1815330000e+00
    250000    82.00000000   1.1953620000e+00
    250000    84.00000000   1.2063340000e+00
    250000    86.00000000   1.2143970000e+00
    250000    88.00000000   1.2195140000e+00
    250000    90.00000000   1.2216640000e+00
     50000   -90.00000000   1.2216640000e+00
     50000   -88.00000000   1.2228610000e+00
     50000   -86.00000000   1.2210850000e+00
     50000   -84.00000000   1.2163560000e+00
     50000   -82.00000000   1.2087060000e+00
     50000   -80.00000000   1.1981830000e+00
     50000   -78.00000000   1.1848470000e+00
     50000   -76.00000000   1.1687720000e+00
     50000   -74.00000000   1.1500480000e+00
     50000   -72.00000000   1.1287740000e+00
     50000   -70.00000000   1.1050630000e+00
     50000   -68.00000000   1.0790410000e+00
     50000   -66.00000000   1.0508430000e+00
     50000   -64.00000000   1.0206150000e+00
     50000   -62.00000000   9.8851400000e-01
     50000   -60.00000000   9.5470500000e-01
     50000   -58.00000000   9.1936200000e-01
     50000   -56.00000000   8.8266400000e-01
     50000   -54.00000000   8.4479900000e-01
     50000   -52.00000000   8.0595900000e-01
     50000   -50.00000000   7.6634200000e-01
     50000   -48.00000000   7.2614700000e-01
     50000   -46.00000000   6.8557900000e-01
     50000   -44.00000000   6.4484200000e-01
     50000   -42.00000000   6.0414100000e-01
     50000   -40.00000000   5.6368200000e-01
     50000   -38.00000000   5.2366800000e-01
     50000   -36.00000000   4.8430000000e-01
     50000   -34.00000000   4.4577500000e-01
     50000   -32.00000000   4.0828800000e-01
     50000   -30.00000000   3.7202600000e-01
     50000   -28.00000000   3.3717000000e-01
     50000   -26.00000000   3.0389600000e-01
     50000   -24.00000000   2.7237000000e-01
     50000   -22.00000000   2.4275000000e-01
     50000   -20.00000000   2.1518300000e-01
     50000   -18.00000000   1.8980800000e-01
     50000   -16.00000000   1.6675200000e-01
     50000   -14.00000000   1.4612900000e-01
     50000   -12.00000000   1.2804300000e-01
     50000   -10.00000000   1.1258400000e-01
     50000    -8.00000000   1.0040400000e-01
     50000    -6.00000000   9.1237000000e-02
     50000    -4.00000000   6.6937000000e-02
     50000    -2.00000000   2.7970000000e-02
     50000     0.00000000   2.3970000000e-02
     50000     2.00000000   3.2510000000e-02
     50000     4.00000000   3.7546000000e-02
     50000     6.00000000   2.8102000000e-02
     50000     8.00000000   3.9191000000e-02
     50000    10.00000000   4.5954000000e-02
     50000    12.00000000   6.1864000000e-02
     50000    14.00000000   8.0481000000e-02
     50000    16.00000000   1.0171500000e-01
     50000    18.00000000   1.2546200000e-01
     50000    20.00000000   1.5160600000e-01
     50000    22.00000000   1.8001900000e-01
     50000    24.00000000   2.1056200000e-01
     50000    26.00000000   2.4308600000e-01
     50000    28.00000000   2.7743200000e-01
     50000    30.00000000   3.1343300000e-01
     50000    32.00000000   3.5091100000e-01
     50000    34.00000000   3.8968500000e-01
     50000    36.00000000   4.2956400000e-01
     50000    38.00000000   4.7035300000e-01
     50000    40.00000000   5.1185300000e-01
     50000    42.00000000   5.5386200000e-01
     50000    44.00000000   5.9617300000e-01
     50000    46.00000000   6.3858000000e-01
     50000    48.00000000   6.8087600000e-01
     50000    50.00000000   7.2285200000e-01
     50000    52.00000000   7.6430500000e-01
     50000    54.00000000   8.0503100000e-01
     50000    56.00000000   8.4483000000e-01
     50000    58.00000000   8.8350900000e-01
     50000    60.00000000   9.2087700000e-01
     50000    62.00000000   9.5675100000e-01
     50000    64.00000000   9.9095600000e-01
     50000    66.00000000   1.0233240000e+00
     50000    68.00000000   1.0536960000e+00
     50000    70.00000000   1.0819230000e+00
     50000    72.00000000   1.1078660000e+00
     50000    74.00000000   1.1313990000e+00
     50000    76.00000000   1.1524040000e+00
     50000    78.00000000   1.1707800000e+00
     50000    80.00000000   1.1864340000e+00
     50000    82.00000000   1.1992900000e+00
     50000    84.00000000   1.2092840000e+00
     50000    86.00000000   1.2163650000e+00
     50000    88.00000000   1.2204990000e+00
     50000    90.00000000   1.2216640000e+00
    100000   -90.00000000   1.2216640000e+00
    100000   -88.00000000   1.2226410000e+00
    100000   -86.00000000   1.2206460000e+00
    100000   -84.00000000   1.2156980000e+00
    100000   -82.00000000   1.2078310000e+00
    100000   -80.00000000   1.1970900000e+00
    100000   -78.00000000   1.1835380000e+00
    100000   -76.00000000   1.1672500000e+00
    100000   -74.00000000   1.1483130000e+00
    100000   -72.00000000   1.1268290000e+00
    100000   -70.00000000   1.1029110000e+00
    100000   -68.00000000   1.0766840000e+00
    100000   -66.00000000   1.0482830000e+00
    100000   -64.00000000   1.0178570000e+00
    100000   -62.00000000   9.8556100000e-01
    100000   -60.00000000   9.5156000000e-01
    100000   -58.00000000   9.1602800000e-01
    100000   -56.00000000   8.7914600000e-01
    100000   -54.00000000   8.4110100000e-01
    100000   -52.00000000   8.0208600000e-01
    100000   -50.00000000   7.6229700000e-01
    100000   -48.00000000   7.2193700000e-01
    100000   -46.00000000   6.8120900000e-01
    100000   -44.00000000   6.4031600000e-01
    100000   -42.00000000   5.9946600000e-01
    100000   -40.00000000   5.5886200000e-01
    100000   -38.00000000   5.1871000000e-01
    100000   -36.00000000   4.7921000000e-01
    100000   -34.00000000   4.4055900000e-01
    100000   -32.00000000   4.0295200000e-01
    100000   -30.00000000   3.6657700000e-01
    100000   -28.00000000   3.3161500000e-01
    100000   -26.00000000   2.9824200000e-01
    100000   -24.00000000   2.6662300000e-01
    100000   -22.00000000   2.3691700000e-01
    100000   -20.00000000   2.0927100000e-01
    100000   -18.00000000   1.8382500000e-01
    100000   -16.00000000   1.6070400000e-01
    100000   -14.00000000   1.4002400000e-01
    100000   -12.00000000   1.2188900000e-01
    100000   -10.00000000   1.0638700000e-01
    100000    -8.00000000   9.4237000000e-02
    100000    -6.00000000   8.5346000000e-02
    100000    -4.00000000   5.6449000000e-02
    100000    -2.00000000   2.2000000000e-02
    100000     0.00000000   1.9110000000e-02
    100000     2.00000000   1.7090000000e-02
    100000     4.00000000   1.6330000000e-02
    100000     6.00000000   1.3543000000e-02
    100000     8.00000000   2.6359000000e-02
    100000    10.00000000   2.2863000000e-02
    100000    12.00000000   3.8929000000e-02
    100000    14.00000000   5.7731000000e-02
    100000    16.00000000   7.9177000000e-02
    100000    18.00000000   1.0316300000e-01
    100000    20.00000000   1.2957300000e-01
    100000    22.00000000   1.5827900000e-01
    100000    24.00000000   1.8914200000e-01
    100000    26.00000000   2.2201200000e-01
    100000    28.00000000   2.5673000000e-01
    100000    30.00000000   2.9312700000e-01
    100000    32.00000000   3.3102700000e-01
    100000    34.00000000   3.7024600000e-01
    100000    36.00000000   4.1059500000e-01
    100000    38.00000000   4.5187700000e-01
    100000    40.00000000   4.9389200000e-01
    100000    42.00000000   5.3643800000e-01
    100000    44.00000000   5.7930700000e-01
    100000    46.00000000   6.2229300000e-01
    100000    48.00000000   6.6518600000e-01
    100000    50.00000000   7.0778100000e-01
    100000    52.00000000   7.4987000000e-01
    100000    54.00000000   7.9124900000e-01
    100000    56.00000000   8.3171900000e-01
    100000    58.00000000   8.7108400000e-01
    100000    60.00000000   9.0915300000e-01
    100000    62.00000000   9.4574300000e-01
    100000    64.00000000   9.8067700000e-01
    100000    66.00000000   1.0137870000e+00
    100000    68.00000000   1.0449120000e+00
    100000    70.00000000   1.0739030000e+00
    100000    72.00000000   1.1006210000e+00
    100000    74.00000000   1.1249360000e+00
    100000    76.00000000   1.1467320000e+00
    100000    78.00000000   1.1659050000e+00
    100000    80.00000000   1.1823630000e+00
    100000    82.00000000   1.1960270000e+00
    100000    84.00000000   1.2068330000e+00
    100000    86.00000000   1.2147300000e+00
    100000    88.00000000   1.2196810000e+00
    100000    90.00000000   1.2216640000e+00
    150000   -90.00000000   1.2216640000e+00
    150000   -88.00000000   1.2226140000e+00
    150000   -86.00000000   1.2205910000e+00
    150000   -84.00000000   1.2156160000e+00
    150000   -82.00000000   1.2077210000e+00
    150000   -80.00000000   1.1969540000e+00
    150000   -78.00000000   1.1833750000e+00
    150000   -76.00000000   1.1670600000e+00
    150000   -74.00000000   1.1480970000e+00
    150000   -72.00000000   1.1265870000e+00
    150000   -70.00000000   1.1026430000e+00
    150000   -68.00000000   1.0763900000e+00
    150000   -66.00000000   1.0479650000e+00
    150000   -64.00000000   1.0175130000e+00
    150000   -62.00000000   9.8519200000e-01
    150000   -60.00000000   9.5116800000e-01
    150000   -58.00000000   9.1561200000e-01
    150000   -56.00000000   8.7870700000e-01
    150000   -54.00000000   8.4064000000e-01
    150000   -52.00000000   8.0160300000e-01
    150000   -50.00000000   7.6179400000e-01
    150000   -48.00000000   7.2141300000e-01
    150000   -46.00000000   6.8066400000e-01
    150000   -44.00000000   6.3975200000e-01
    150000   -42.00000000   5.9888300000e-01
    150000   -40.00000000   5.5826200000e-01
    150000   -38.00000000   5.1809200000e-01
    150000   -36.00000000   4.7857500000e-01
    150000   -34.00000000   4.3990900000e-01
    150000   -32.00000000   4.0228800000e-01
    150000   -30.00000000   3.6589800000e-01
    150000   -28.00000000   3.3092300000e-01
    150000   -26.00000000   2.9753700000e-01
    150000   -24.00000000   2.6590700000e-01
    150000   -22.00000000   2.3619000000e-01
    150000   -20.00000000   2.0853500000e-01
    150000   -18.00000000   1.8307900000e-01
    150000   -16.00000000   1.5995000000e-01
    150000   -14.00000000   1.3926400000e-01
    150000   -12.00000000   1.2112200000e-01
    150000   -10.00000000   1.0561500000e-01
    150000    -8.00000000   9.3403000000e-02
    150000    -6.00000000   8.5214000000e-02
    150000    -4.00000000   4.2723000000e-02
    150000    -2.00000000   1.7880000000e-02
    150000     0.00000000   1.3880000000e-02
    150000     2.00000000   1.2230000000e-02
    150000     4.00000000   1.2298000000e-02
    150000     6.00000000   1.8045000000e-02
    150000     8.00000000   2.8148000000e-02
    150000    10.00000000   4.2531000000e-02
    150000    12.00000000   5.8551000000e-02
    150000    14.00000000   7.7195000000e-02
    150000    16.00000000   9.8460000000e-02
    150000    18.00000000   1.2224200000e-01
    150000    20.00000000   1.4842400000e-01
    150000    22.00000000   1.7687900000e-01
    150000    24.00000000   2.0746900000e-01
    150000    26.00000000   2.4004300000e-01
    150000    28.00000000   2.7444200000e-01
    150000    30.00000000   3.1050000000e-01
    150000    32.00000000   3.4803900000e-01
    150000    34.00000000   3.8687700000e-01
    150000    36.00000000   4.2682400000e-01
    150000    38.00000000   4.6768400000e-01
    150000    40.00000000   5.0925900000e-01
    150000    42.00000000   5.5134500000e-01
    150000    44.00000000   5.9373700000e-01
    150000    46.00000000   6.3622800000e-01
    150000    48.00000000   6.7861000000e-01
    150000    50.00000000   7.2067600000e-01
    150000    52.00000000   7.6222000000e-01
    150000    54.00000000   8.0304000000e-01
    150000    56.00000000   8.4293700000e-01
    150000    58.00000000   8.8171400000e-01
    150000    60.00000000   9.1918300000e-01
    150000    62.00000000   9.5516100000e-01
    150000    64.00000000   9.8947100000e-01
    150000    66.00000000   1.0219460000e+00
    150000    68.00000000   1.0524270000e+00
    150000    70.00000000   1.0807650000e+00
    150000    72.00000000   1.1068200000e+00
    150000    74.00000000   1.1304650000e+00
    150000    76.00000000   1.1515850000e+00
    150000    78.00000000   1.1700760000e+00
    150000    80.00000000   1.1858460000e+00
    150000    82.00000000   1.1988190000e+00
    150000    84.00000000   1.2089300000e+00
    150000    86.00000000   1.2161290000e+00
    150000    88.00000000   1.2203810000e+00
    150000    90.00000000   1.2216640000e+00
    200000   -90.00000000   1.2216640000e+00
    200000   -88.00000000   1.2228530000e+00
    200000   -86.00000000   1.2210700000e+00
    200000   -84.00000000   1.2163340000e+00
    200000   -82.00000000   1.2086770000e+00
    200000   -80.00000000   1.1981460000e+00
    200000   -78.00000000   1.1848030000e+00
    200000   -76.00000000   1.1687210000e+00
    200000   -74.00000000   1.1499900000e+00
    200000   -72.00000000   1.1287090000e+00
    200000   -70.00000000   1.1049910000e+00
    200000   -68.00000000   1.0789620000e+00
    200000   -66.00000000   1.0507570000e+00
    200000   -64.00000000   1.0205230000e+00
    200000   -62.00000000   9.8841500000e-01
    200000   -60.00000000   9.5460000000e-01
    200000   -58.00000000   9.1925000000e-01
    200000   -56.00000000   8.8254600000e-01
    200000   -54.00000000   8.4467500000e-01
    200000   -52.00000000   8.0582900000e-01
    200000   -50.00000000   7.6620600000e-01
    200000   -48.00000000   7.2600600000e-01
    200000   -46.00000000   6.8543300000e-01
    200000   -44.00000000   6.4469100000e-01
    200000   -42.00000000   6.0398500000e-01
    200000   -40.00000000   5.6352100000e-01
    200000   -38.00000000   5.2350200000e-01
    200000   -36.00000000   4.8412900000e-01
    200000   -34.00000000   4.4560100000e-01
    200000   -32.00000000   4.0811000000e-01
    200000   -30.00000000   3.7184400000e-01
    200000   -28.00000000   3.3698500000e-01
    200000   -26.00000000   3.0370700000e-01
    200000   -24.00000000   2.7217800000e-01
    200000   -22.00000000   2.4255500000e-01
    200000   -20.00000000   2.1498600000e-01
    200000   -18.00000000   1.8960800000e-01
    200000   -16.00000000   1.6655000000e-01
    200000   -14.00000000   1.4592500000e-01
    200000   -12.00000000   1.2783700000e-01
    200000   -10.00000000   1.1363700000e-01
    200000    -8.00000000   9.9620000000e-02
    200000    -6.00000000   8.8041000000e-02
    200000    -4.00000000   2.2290000000e-02
    200000    -2.00000000   1.4630000000e-02
    200000     0.00000000   1.0590000000e-02
    200000     2.00000000   9.7000000000e-03
    200000     4.00000000   1.1058000000e-02
    200000     6.00000000   1.0821000000e-02
    200000     8.00000000   2.4604000000e-02
    200000    10.00000000   2.3104000000e-02
    200000    12.00000000   3.9169000000e-02
    200000    14.00000000   5.7968000000e-02
    200000    16.00000000   7.9412000000e-02
    200000    18.00000000   1.0339600000e-01
    200000    20.00000000   1.2980300000e-01
    200000    22.00000000   1.5850600000e-01
    200000    24.00000000   1.8936600000e-01
    200000    26.00000000   2.2223200000e-01
    200000    28.00000000   2.5694600000e-01
    200000    30.00000000   2.9333900000e-01
    200000    32.00000000   3.3123500000e-01
    200000    34.00000000   3.7044900000e-01
    200000    36.00000000   4.1079300000e-01
    200000    38.00000000   4.5206900000e-01
    200000    40.00000000   4.9408000000e-01
    200000    42.00000000   5.3661900000e-01
    200000    44.00000000   5.7948300000e-01
    200000    46.00000000   6.2246300000e-01
    200000    48.00000000   6.6535000000e-01
    200000    50.00000000   7.0793800000e-01
    200000    52.00000000   7.5002000000e-01
    200000    54.00000000   7.9139300000e-01
    200000    56.00000000   8.3185600000e-01
    200000    58.00000000   8.7121400000e-01
    200000    60.00000000   9.0927600000e-01
    200000    62.00000000   9.4585800000e-01
    200000    64.00000000   9.8078500000e-01
    200000    66.00000000   1.0138870000e+00
    200000    68.00000000   1.0450040000e+00
    200000    70.00000000   1.0739870000e+00
    200000    72.00000000   1.1006960000e+00
    200000    74.00000000   1.1250030000e+00
    200000    76.00000000   1.1467910000e+00
    200000    78.00000000   1.1659560000e+00
    200000    80.00000000   1.1824050000e+00
    200000    82.00000000   1.1960610000e+00
    200000    84.00000000   1.2068590000e+00
    200000    86.00000000   1.2147470000e+00
    200000    88.00000000   1.2196900000e+00
    200000    90.00000000   1.2216640000e+00
    250000   -90.00000000   1.2216640000e+00
    250000   -88.00000000   1.2227150000e+00
    250000   -86.00000000   1.2207940000e+00
    250000   -84.00000000   1.2159200000e+00
    250000   -82.00000000   1.2081250000e+00
    250000   -80.00000000   1.1974580000e+00
    250000   -78.00000000   1.1839790000e+00
    250000   -76.00000000   1.1677630000e+00
    250000   -74.00000000   1.1488980000e+00
    250000   -72.00000000   1.1274840000e+00
    250000   -70.00000000   1.1036360000e+00
    250000   -68.00000000   1.0774780000e+00
    250000   -66.00000000   1.0491450000e+00
    250000   -64.00000000   1.0187860000e+00
    250000   -62.00000000   9.8655500000e-01
    250000   -60.00000000   9.5261900000e-01
    250000   -58.00000000   9.1715100000e-01
    250000   -56.00000000   8.8033100000e-01
    250000   -54.00000000   8.4234600000e-01
    250000   -52.00000000   8.0339000000e-01
    250000   -50.00000000   7.6366000000e-01
    250000   -48.00000000   7.2335500000e-01
    250000   -46.00000000   6.8268100000e-01
    250000   -44.00000000   6.4184100000e-01
    250000   -42.00000000   6.0104100000e-01
    250000   -40.00000000   5.6048600000e-01
    250000   -38.00000000   5.2038000000e-01
    250000   -36.00000000   4.8092400000e-01
    250000   -34.00000000   4.4231600000e-01
    250000   -32.00000000   4.0475000000e-01
    250000   -30.00000000   3.6841200000e-01
    250000   -28.00000000   3.3348600000e-01
    250000   -26.00000000   3.0014600000e-01
    250000   -24.00000000   2.6855900000e-01
    250000   -22.00000000   2.3888100000e-01
    250000   -20.00000000   2.1126300000e-01
    250000   -18.00000000   1.8584000000e-01
    250000   -16.00000000   1.6274100000e-01
    250000   -14.00000000   1.4339100000e-01
    250000   -12.00000000   1.2814900000e-01
    250000   -10.00000000   1.1366700000e-01
    250000    -8.00000000   1.0568700000e-01
    250000    -6.00000000   9.7050000000e-02
    250000    -4.00000000   1.5800000000e-02
    250000    -2.00000000   1.2540000000e-02
    250000     0.00000000   8.6400000000e-03
    250000     2.00000000   8.4900000000e-03
    250000     4.00000000   1.0210000000e-02
    250000     6.00000000   1.7420000000e-02
    250000     8.00000000   2.6620000000e-02
    250000    10.00000000   4.1012000000e-02
    250000    12.00000000   5.7043000000e-02
    250000    14.00000000   7.5699000000e-02
    250000    16.00000000   9.6978000000e-02
    250000    18.00000000   1.2077500000e-01
    250000    20.00000000   1.4697500000e-01
    250000    22.00000000   1.7544900000e-01
    250000    24.00000000   2.0606000000e-01
    250000    26.00000000   2.3865600000e-01
    250000    28.00000000   2.7308100000e-01
    250000    30.00000000   3.0916400000e-01
    250000    32.00000000   3.4673100000e-01
    250000    34.00000000   3.8559900000e-01
    250000    36.00000000   4.2557600000e-01
    250000    38.00000000   4.6646900000e-01
    250000    40.00000000   5.0807800000e-01
    250000    42.00000000   5.5019900000e-01
    250000    44.00000000   5.9262800000e-01
    250000    46.00000000   6.3515600000e-01
    250000    48.00000000   6.7757800000e-01
    250000    50.00000000   7.1968400000e-01
    250000    52.00000000   7.6127100000e-01
    250000    54.00000000   8.0213400000e-01
    250000    56.00000000   8.4207400000e-01
    250000    58.00000000   8.8089700000e-01
    250000    60.00000000   9.1841200000e-01
    250000    62.00000000   9.5443700000e-01
    250000    64.00000000   9.8879500000e-01
    250000    66.00000000   1.0213190000e+00
    250000    68.00000000   1.0518490000e+00
    250000    70.00000000   1.0802370000e+00
    250000    72.00000000   1.1063430000e+00
    250000    74.00000000   1.1300400000e+00
    250000    76.00000000   1.1512120000e+00
    250000    78.00000000   1.1697550000e+00
    250000    80.00000000   1.1855780000e+00
    250000    82.00000000   1.1986040000e+00
    250000    84.00000000   1.2087690000e+00
    250000    86.00000000   1.2160220000e+00
    250000    88.00000000   1.2203270000e+00
    250000    90.00000000   1.2216640000e+00
     50000   -90.00000000   1.2216640000e+00
     50000   -88.00000000   1.2228030000e+00
     50000   -86.00000000   1.2209700000e+00
     50000   -84.00000000   1.2161840000e+00
     50000   -82.00000000   1.2084770000e+00
     50000   -80.00000000   1.1978970000e+00
     50000   -78.00000000   1.1845040000e+00
     50000   -76.00000000   1.1683740000e+00
     50000   -74.00000000   1.1495940000e+00
     50000   -72.00000000   1.1282650000e+00
     50000   -70.00000000   1.1045000000e+00
     50000   -68.00000000   1.0784240000e+00
     50000   -66.00000000   1.0501730000e+00
     50000   -64.00000000   1.0198930000e+00
     50000   -62.00000000   9.8774100000e-01
     50000   -60.00000000   9.5388200000e-01
     50000   -58.00000000   9.1848900000e-01
     50000   -56.00000000   8.8174300000e-01
     50000   -54.00000000   8.4383100000e-01
     50000   -52.00000000   8.0494500000e-01
     50000   -50.00000000   7.6528300000e-01
     50000   -48.00000000   7.2504500000e-01
     50000   -46.00000000   6.8443500000e-01
     50000   -44.00000000   6.4365700000e-01
     50000   -42.00000000   6.0291700000e-01
     50000   -40.00000000   5.6242000000e-01
     50000   -38.00000000   5.2237000000e-01
     50000   -36.00000000   4.8296700000e-01
     50000   -34.00000000   4.4441000000e-01
     50000   -32.00000000   4.0689100000e-01
     50000   -30.00000000   3.7059900000e-01
     50000   -28.00000000   3.3571600000e-01
     50000   -26.00000000   3.0241600000e-01
     50000   -24.00000000   2.7086600000e-01
     50000   -22.00000000   2.4122300000e-01
     50000   -20.00000000   2.1363600000e-01
     50000   -18.00000000   1.8824200000e-01
     50000   -16.00000000   1.6516900000e-01
     50000   -14.00000000   1.4453100000e-01
     50000   -12.00000000   1.2643200000e-01
     50000   -10.00000000   1.1096200000e-01
     50000    -8.00000000   9.8264000000e-02
     50000    -6.00000000   8.9821000000e-02
     50000    -4.00000000   6.2128000000e-02
     50000    -2.00000000   2.7320000000e-02
     50000     0.00000000   2.3730000000e-02
     50000     2.00000000   3.2100000000e-02
     50000     4.00000000   3.6410000000e-02
     50000     6.00000000   3.1300000000e-02
     50000     8.00000000   3.9510000000e-02
     50000    10.00000000   1.2048600000e-01
     50000    12.00000000   1.4749700000e-01
     50000    14.00000000   1.7450800000e-01
     50000    16.00000000   2.0184300000e-01
     50000    18.00000000   2.2853000000e-01
     50000    20.00000000   2.5159700000e-01
     50000    22.00000000   2.8050000000e-01
     50000    24.00000000   3.0956500000e-01
     50000    26.00000000   3.4049000000e-01
     50000    28.00000000   3.7311900000e-01
     50000    30.00000000   4.0728500000e-01
     50000    32.00000000   4.4281600000e-01
     50000    34.00000000   4.7952900000e-01
     50000    36.00000000   5.1723800000e-01
     50000    38.00000000   5.5575100000e-01
     50000    40.00000000   5.9487100000e-01
     50000    42.00000000   6.3439800000e-01
     50000    44.00000000   6.7412900000e-01
     50000    46.00000000   7.1386200000e-01
     50000    48.00000000   7.5339000000e-01
     50000    50.00000000   7.9251200000e-01
     50000    52.00000000   8.3102500000e-01
     50000    54.00000000   8.6873000000e-01
     50000    56.00000000   9.0543100000e-01
     50000    58.00000000   9.4093700000e-01
     50000    60.00000000   9.7506300000e-01
     50000    62.00000000   1.0076280000e+00
     50000    64.00000000   1.0384630000e+00
     50000    66.00000000   1.0674030000e+00
     50000    68.00000000   1.0942920000e+00
     50000    70.00000000   1.1189880000e+00
     50000    72.00000000   1.1413550000e+00
     50000    74.00000000   1.1612700000e+00
     50000    76.00000000   1.1786220000e+00
     50000    78.00000000   1.1933110000e+00
     50000    80.00000000   1.2052530000e+00
     50000    82.00000000   1.2143720000e+00
     50000    84.00000000   1.2206120000e+00
     50000    86.00000000   1.2239250000e+00
     50000    88.00000000   1.2242820000e+00
     50000    90.00000000   1.2216640000e+00
    100000   -90.00000000   1.2216640000e+00
    100000   -88.00000000   1.2224480000e+00
    100000   -86.00000000   1.2202590000e+00
    100000   -84.00000000   1.2151190000e+00
    100000   -82.00000000   1.2070590000e+00
    100000   -80.00000000   1.1961270000e+00
    100000   -78.00000000   1.1823860000e+00
    100000   -76.00000000   1.1659090000e+00
    100000   -74.00000000   1.1467850000e+00
    100000   -72.00000000   1.1251160000e+00
    100000   -70.00000000   1.1010150000e+00
    100000   -68.00000000   1.0746070000e+00
    100000   -66.00000000   1.0460280000e+00
    100000   -64.00000000   1.0154260000e+00
    100000   -62.00000000   9.8295700000e-01
    100000   -60.00000000   9.4878700000e-01
    100000   -58.00000000   9.1308900000e-01
    100000   -56.00000000   8.7604500000e-01
    100000   -54.00000000   8.3784100000e-01
    100000   -52.00000000   7.9867200000e-01
    100000   -50.00000000   7.5873300000e-01
    100000   -48.00000000   7.1822700000e-01
    100000   -46.00000000   6.7735700000e-01
    100000   -44.00000000   6.3632700000e-01
    100000   -42.00000000   5.9534500000e-01
    100000   -40.00000000   5.5461500000e-01
    100000   -38.00000000   5.1434000000e-01
    100000   -36.00000000   4.7472400000e-01
    100000   -34.00000000   4.3596200000e-01
    100000   -32.00000000   3.9825000000e-01
    100000   -30.00000000   3.6177500000e-01
    100000   -28.00000000   3.2671900000e-01
    100000   -26.00000000   2.9325800000e-01
    100000   -24.00000000   2.6155700000e-01
    100000   -22.00000000   2.3177500000e-01
    100000   -20.00000000   2.0406100000e-01
    100000   -18.00000000   1.7855100000e-01
    100000   -16.00000000   1.5537400000e-01
    100000   -14.00000000   1.3464400000e-01
    100000   -12.00000000   1.1646500000e-01
    100000   -10.00000000   1.0092700000e-01
    100000    -8.00000000   8.8107000000e-02
    100000    -6.00000000   8.0501000000e-02
    100000    -4.00000000   5.2335000000e-02
    100000    -2.00000000   2.1880000000e-02
    100000     0.00000000   1.8600000000e-02
    100000     2.00000000   1.8170000000e-02
    100000     4.00000000   1.6290000000e-02
    100000     6.00000000   1.8035000000e-02
    100000     8.00000000   3.9033000000e-02
    100000    10.00000000   5.1493000000e-02
    100000    12.00000000   6.8930000000e-02
    100000    14.00000000   8.7490000000e-02
    100000    16.00000000   1.0865900000e-01
    100000    18.00000000   1.3233300000e-01
    100000    20.00000000   1.5839400000e-01
    100000    22.00000000   1.8671700000e-01
    100000    24.00000000   2.1716100000e-01
    100000    26.00000000   2.4957900000e-01
    100000    28.00000000   2.8381100000e-01
    100000    30.00000000   3.1968900000e-01
    100000    32.00000000   3.5703700000e-01
    100000    34.00000000   3.9567300000e-01
    100000    36.00000000   4.3540800000e-01
    100000    38.00000000   4.7604500000e-01
    100000    40.00000000   5.1738700000e-01
    100000    42.00000000   5.5923000000e-01
    100000    44.00000000   6.0137000000e-01
    100000    46.00000000   6.4359800000e-01
    100000    48.00000000   6.8570900000e-01
    100000    50.00000000   7.2749600000e-01
    100000    52.00000000   7.6875200000e-01
    100000    54.00000000   8.0927700000e-01
    100000    56.00000000   8.4887000000e-01
    100000    58.00000000   8.8733700000e-01
    100000    60.00000000   9.2448900000e-01
    100000    62.00000000   9.6014200000e-01
    100000    64.00000000   9.9412300000e-01
    100000    66.00000000   1.0262620000e+00
    100000    68.00000000   1.0564020000e+00
    100000    70.00000000   1.0843930000e+00
    100000    72.00000000   1.1100990000e+00
    100000    74.00000000   1.1333900000e+00
    100000    76.00000000   1.1541520000e+00
    100000    78.00000000   1.1722820000e+00
    100000    80.00000000   1.1876880000e+00
    100000    82.00000000   1.2002950000e+00
    100000    84.00000000   1.2100390000e+00
    100000    86.00000000   1.2168690000e+00
    100000    88.00000000   1.2207520000e+00
    100000    90.00000000   1.2216640000e+00
    150000   -90.00000000   1.2216640000e+00
    150000   -88.00000000   1.2228840000e+00
    150000   -86.00000000   1.2211320000e+00
    150000   -84.00000000   1.2164270000e+00
    150000   -82.00000000   1.2088010000e+00
    150000   -80.00000000   1.1983010000e+00
    150000   -78.00000000   1.1849880000e+00
    150000   -76.00000000   1.1689370000e+00
    150000   -74.00000000   1.1502350000e+00
    150000   -72.00000000   1.1289840000e+00
    150000   -70.00000000   1.1052950000e+00
    150000   -68.00000000   1.0792950000e+00
    150000   -66.00000000   1.0511190000e+00
    150000   -64.00000000   1.0209130000e+00
    150000   -62.00000000   9.8883300000e-01
    150000   -60.00000000   9.5504500000e-01
    150000   -58.00000000   9.1972200000e-01
    150000   -56.00000000   8.8304400000e-01
    150000   -54.00000000   8.4519800000e-01
    150000   -52.00000000   8.0637800000e-01
    150000   -50.00000000   7.6677900000e-01
    150000   -48.00000000   7.2660200000e-01
    150000   -46.00000000   6.8605100000e-01
    150000   -44.00000000   6.4533100000e-01
    150000   -42.00000000   6.0464600000e-01
    150000   -40.00000000   5.6420300000e-01
    150000   -38.00000000   5.2420300000e-01
    150000   -36.00000000   4.8485000000e-01
    150000   -34.00000000   4.4633900000e-01
    150000   -32.00000000   4.0886500000e-01
    150000   -30.00000000   3.7261500000e-01
    150000   -28.00000000   3.3777100000e-01
    150000   -26.00000000   3.0450700000e-01
    150000   -24.00000000   2.7299100000e-01
    150000   -22.00000000   2.4338000000e-01
    150000   -20.00000000   2.1582200000e-01
    150000   -18.00000000   1.9045500000e-01
    150000   -16.00000000   1.6740500000e-01
    150000   -14.00000000   1.4692200000e-01
    150000   -12.00000000   1.3637200000e-01
    150000   -10.00000000   1.1662000000e-01
    150000    -8.00000000   1.0931600000e-01
    150000    -6.00000000   1.0114200000e-01
    150000    -4.00000000   3.9272000000e-02
    150000    -2.00000000   1.7350000000e-02
    150000     0.00000000   1.3300000000e-02
    150000     2.00000000   1.2000000000e-02
    150000     4.00000000   1.2500000000e-02
    150000     6.00000000   1.7667000000e-02
    150000     8.00000000   2.7699000000e-02
    150000    10.00000000   4.2084000000e-02
    150000    12.00000000   5.8108000000e-02
    150000    14.00000000   7.6755000000e-02
    150000    16.00000000   9.8024000000e-02
    150000    18.00000000   1.2181000000e-01
    150000    20.00000000   1.4799800000e-01
    150000    22.00000000   1.7645900000e-01
    150000    24.00000000   2.0705400000e-01
    150000    26.00000000   2.3963500000e-01
    150000    28.00000000   2.7404200000e-01
    150000    30.00000000   3.1010700000e-01
    150000    32.00000000   3.4765500000e-01
    150000    34.00000000   3.8650100000e-01
    150000    36.00000000   4.2645700000e-01
    150000    38.00000000   4.6732700000e-01
    150000    40.00000000   5.0891200000e-01
    150000    42.00000000   5.5100800000e-01
    150000    44.00000000   5.9341100000e-01
    150000    46.00000000   6.3591300000e-01
    150000    48.00000000   6.7830600000e-01
    150000    50.00000000   7.2038400000e-01
    150000    52.00000000   7.6194100000e-01
    150000    54.00000000   8.0277400000e-01
    150000    56.00000000   8.4268300000e-01
    150000    58.00000000   8.8147400000e-01
    150000    60.00000000   9.1895700000e-01
    150000    62.00000000   9.5494800000e-01
    150000    64.00000000   9.8927300000e-01
    150000    66.00000000   1.0217620000e+00
    150000    68.00000000   1.0522570000e+00
    150000    70.00000000   1.0806090000e+00
    150000    72.00000000   1.1066800000e+00
    150000    74.00000000   1.1303400000e+00
    150000    76.00000000   1.1514750000e+00
    150000    78.00000000   1.1699810000e+00
    150000    80.00000000   1.1857670000e+00
    150000    82.00000000   1.1987560000e+00
    150000    84.00000000   1.2088820000e+00
    150000    86.00000000   1.2160980000e+00
    150000    88.00000000   1.2203650000e+00
    150000    90.00000000   1.2216640000e+00
    200000   -90.00000000   1.2216640000e+00
    200000   -88.00000000   1.2225840000e+00
    200000   -86.00000000   1.2205320000e+00
    200000   -84.00000000   1.2155270000e+00
    200000   -82.00000000   1.2076030000e+00
    200000   -80.00000000   1.1968060000e+00
    200000   -78.00000000   1.1831980000e+00
    200000   -76.00000000   1.1668540000e+00
    200000   -74.00000000   1.1478620000e+00
    200000   -72.00000000   1.1263230000e+00
    200000   -70.00000000   1.1023510000e+00
    200000   -68.00000000   1.0760700000e+00
    200000   -66.00000000   1.0476170000e+00
    200000   -64.00000000   1.0171390000e+00
    200000   -62.00000000   9.8479200000e-01
    200000   -60.00000000   9.5074100000e-01
    200000   -58.00000000   9.1516000000e-01
    200000   -56.00000000   8.7823000000e-01
    200000   -54.00000000   8.4013800000e-01
    200000   -52.00000000   8.0107700000e-01
    200000   -50.00000000   7.6124500000e-01
    200000   -48.00000000   7.2084100000e-01
    200000   -46.00000000   6.8007100000e-01
    200000   -44.00000000   6.3913800000e-01
    200000   -42.00000000   5.9824900000e-01
    200000   -40.00000000   5.5760800000e-01
    200000   -38.00000000   5.1741900000e-01
    200000   -36.00000000   4.7788500000e-01
    200000   -34.00000000   4.3920100000e-01
    200000   -32.00000000   4.0156300000e-01
    200000   -30.00000000   3.6515900000e-01
    200000   -28.00000000   3.3016900000e-01
    200000   -26.00000000   2.9677000000e-01
    200000   -24.00000000   2.6512600000e-01
    200000   -22.00000000   2.3539800000e-01
    200000   -20.00000000   2.0773200000e-01
    200000   -18.00000000   1.8226700000e-01
    200000   -16.00000000   1.5913000000e-01
    200000   -14.00000000   1.3843500000e-01
    200000   -12.00000000   1.2028700000e-01
    200000   -10.00000000   1.0477500000e-01
    200000    -8.00000000   9.2152000000e-02
    200000    -6.00000000   8.5903000000e-02
    200000    -4.00000000   3.5433000000e-02
    200000    -2.00000000   1.4330000000e-02
    200000     0.00000000   1.0230000000e-02
    200000     2.00000000   9.6200000000e-03
    200000     4.00000000   1.1333000000e-02
    200000     6.00000000   1.7113000000e-02
    200000     8.00000000   2.6391000000e-02
    200000    10.00000000   4.0971000000e-02
    200000    12.00000000   5.6914000000e-02
    200000    14.00000000   7.5572000000e-02
    200000    16.00000000   9.6851000000e-02
    200000    18.00000000   1.2065000000e-01
    200000    20.00000000   1.4685100000e-01
    200000    22.00000000   1.7532800000e-01
    200000    24.00000000   2.0594000000e-01
    200000    26.00000000   2.3853900000e-01
    200000    28.00000000   2.7296500000e-01
    200000    30.00000000   3.0905100000e-01
    200000    32.00000000   3.4662000000e-01
    200000    34.00000000   3.8549000000e-01
    200000    36.00000000   4.2547000000e-01
    200000    38.00000000   4.6636600000e-01
    200000    40.00000000   5.0797700000e-01
    200000    42.00000000   5.5010200000e-01
    200000    44.00000000   5.9253300000e-01
    200000    46.00000000   6.3506500000e-01
    200000    48.00000000   6.7749000000e-01
    200000    50.00000000   7.1960000000e-01
    200000    52.00000000   7.6119000000e-01
    200000    54.00000000   8.0205700000e-01
    200000    56.00000000   8.4200100000e-01
    200000    58.00000000   8.8082700000e-01
    200000    60.00000000   9.1834700000e-01
    200000    62.00000000   9.5437600000e-01
    200000    64.00000000   9.8873800000e-01
    200000    66.00000000   1.0212660000e+00
    200000    68.00000000   1.0518000000e+00
    200000    70.00000000   1.0801920000e+00
    200000    72.00000000   1.1063030000e+00
    200000    74.00000000   1.1300040000e+00
    200000    76.00000000   1.1511800000e+00
    200000    78.00000000   1.1697280000e+00
    200000    80.00000000   1.1855550000e+00
    200000    82.00000000   1.1985860000e+00
    200000    84.00000000   1.2087550000e+00
    200000    86.00000000   1.2160130000e+00
    200000    88.00000000   1.2203230000e+00
    200000    90.00000000   1.2216640000e+00
    250000   -90.00000000   1.2216640000e+00
    250000   -88.00000000   1.2228420000e+00
    250000   -86.00000000   1.2210470000e+00
    250000   -84.00000000   1.2163000000e+00
    250000   -82.00000000   1.2086310000e+00
    250000   -80.00000000   1.1980890000e+00
    250000   -78.00000000   1.1847340000e+00
    250000   -76.00000000   1.1686420000e+00
    250000   -74.00000000   1.1498990000e+00
    250000   -72.00000000   1.1286070000e+00
    250000   -70.00000000   1.1048780000e+00
    250000   -68.00000000   1.0788390000e+00
    250000   -66.00000000   1.0506230000e+00
    250000   -64.00000000   1.0203780000e+00
    250000   -62.00000000   9.8826100000e-01
    250000   -60.00000000   9.5443600000e-01
    250000   -58.00000000   9.1907600000e-01
    250000   -56.00000000   8.8236200000e-01
    250000   -54.00000000   8.4448200000e-01
    250000   -52.00000000   8.0562700000e-01
    250000   -50.00000000   7.6599500000e-01
    250000   -48.00000000   7.2578600000e-01
    250000   -46.00000000   6.8520400000e-01
    250000   -44.00000000   6.4445400000e-01
    250000   -42.00000000   6.0374000000e-01
    250000   -40.00000000   5.6326900000e-01
    250000   -38.00000000   5.2324300000e-01
    250000   -36.00000000   4.8386300000e-01
    250000   -34.00000000   4.4532800000e-01
    250000   -32.00000000   4.0783000000e-01
    250000   -30.00000000   3.7155900000e-01
    250000   -28.00000000   3.3669400000e-01
    250000   -26.00000000   3.0341200000e-01
    250000   -24.00000000   2.7187800000e-01
    250000   -22.00000000   2.4225000000e-01
    250000   -20.00000000   2.1467600000e-01
    250000   -18.00000000   1.8929500000e-01
    250000   -16.00000000   1.6623300000e-01
    250000   -14.00000000   1.4560600000e-01
    250000   -12.00000000   1.2751500000e-01
    250000   -10.00000000   1.1205200000e-01
    250000    -8.00000000   9.9393000000e-02
    250000    -6.00000000   8.5506000000e-02
    250000    -4.00000000   2.5608000000e-02
    250000    -2.00000000   1.2070000000e-02
    250000     0.00000000   8.3600000000e-03
    250000     2.00000000   8.4400000000e-03
    250000     4.00000000   1.0580000000e-02
    250000     6.00000000   1.6989000000e-02
    250000     8.00000000   2.5841000000e-02
    250000    10.00000000   4.0238000000e-02
    250000    12.00000000   5.6274000000e-02
    250000    14.00000000   7.4936000000e-02
    250000    16.00000000   9.6222000000e-02
    250000    18.00000000   1.2002700000e-01
    250000    20.00000000   1.4623600000e-01
    250000    22.00000000   1.7472000000e-01
    250000    24.00000000   2.0534100000e-01
    250000    26.00000000   2.3795000000e-01
    250000    28.00000000   2.7238600000e-01
    250000    30.00000000   3.0848300000e-01
    250000    32.00000000   3.4606500000e-01
    250000    34.00000000   3.8494700000e-01
    250000    36.00000000   4.2494000000e-01
    250000    38.00000000   4.6585000000e-01
    250000    40.00000000   5.0747600000e-01
    250000    42.00000000   5.4961500000e-01
    250000    44.00000000   5.9206200000e-01
    250000    46.00000000   6.3461000000e-01
    250000    48.00000000   6.7705100000e-01
    250000    50.00000000   7.1917900000e-01
    250000    52.00000000   7.6078600000e-01
    250000    54.00000000   8.0167200000e-01
    250000    56.00000000   8.4163500000e-01
    250000    58.00000000   8.8048000000e-01
    250000    60.00000000   9.1801900000e-01
    250000    62.00000000   9.5406800000e-01
    250000    64.00000000   9.8845100000e-01
    250000    66.00000000   1.0209990000e+00
    250000    68.00000000   1.0515550000e+00
    250000    70.00000000   1.0799680000e+00
    250000    72.00000000   1.1061000000e+00
    250000    74.00000000   1.1298230000e+00
    250000    76.00000000   1.1510220000e+00
    250000    78.00000000   1.1695920000e+00
    250000    80.00000000   1.1854420000e+00
    250000    82.00000000   1.1984950000e+00
    250000    84.00000000   1.2086860000e+00
    250000    86.00000000   1.2159670000e+00
    250000    88.00000000   1.2203000000e+00
    250000    90.00000000   1.2216640000e+00
     50000   -90.00000000   1.2216640000e+00
     50000   -88.00000000   1.2227920000e+00
     50000   -86.00000000   1.2209480000e+00
     50000   -84.00000000   1.2161510000e+00
     50000   -82.00000000   1.2084340000e+00
     50000   -80.00000000   1.1978430000e+00
     50000   -78.00000000   1.1844390000e+00
     50000   -76.00000000   1.1682980000e+00
     50000   -74.00000000   1.1495080000e+00
     50000   -72.00000000   1.1281680000e+00
     50000   -70.00000000   1.1043930000e+00
     50000   -68.00000000   1.0783070000e+00
     50000   -66.00000000   1.0500460000e+00
     50000   -64.00000000   1.0197570000e+00
     50000   -62.00000000   9.8759500000e-01
     50000   -60.00000000   9.5372600000e-01
     50000   -58.00000000   9.1832400000e-01
     50000   -56.00000000   8.8156900000e-01
     50000   -54.00000000   8.4364800000e-01
     50000   -52.00000000   8.0475300000e-01
     50000   -50.00000000   7.6508300000e-01
     50000   -48.00000000   7.2483700000e-01
     50000   -46.00000000   6.8421900000e-01
     50000   -44.00000000   6.4343300000e-01
     50000   -42.00000000   6.0268600000e-01
     50000   -40.00000000   5.6218200000e-01
     50000   -38.00000000   5.2212500000e-01
     50000   -36.00000000   4.8271500000e-01
     50000   -34.00000000   4.4415200000e-01
     50000   -32.00000000   4.0662700000e-01
     50000   -30.00000000   3.7033000000e-01
     50000   -28.00000000   3.3544100000e-01
     50000   -26.00000000   3.0213600000e-01
     50000   -24.00000000   2.7058100000e-01
     50000   -22.00000000   2.4093400000e-01
     50000   -20.00000000   2.1334300000e-01
     50000   -18.00000000   1.8794600000e-01
     50000   -16.00000000   1.6486900000e-01
     50000   -14.00000000   1.4422900000e-01
     50000   -12.00000000   1.2612700000e-01
     50000   -10.00000000   1.1065500000e-01
     50000    -8.00000000   9.7951000000e-02
     50000    -6.00000000   8.9392000000e-02
     50000    -4.00000000   6.0732000000e-02
     50000    -2.00000000   2.6860000000e-02
     50000     0.00000000   2.3540000000e-02
     50000     2.00000000   3.1690000000e-02
     50000     4.00000000   3.6190000000e-02
     50000     6.00000000   3.1280000000e-02
     50000     8.00000000   2.9572000000e-02
     50000    10.00000000   1.2795400000e-01
     50000    12.00000000   1.5319200000e-01
     50000    14.00000000   1.7843000000e-01
     50000    16.00000000   2.0366800000e-01
     50000    18.00000000   2.2895300000e-01
     50000    20.00000000   2.5280800000e-01
     50000    22.00000000   2.7996900000e-01
     50000    24.00000000   3.1032400000e-01
     50000    26.00000000   3.4123700000e-01
     50000    28.00000000   3.7385200000e-01
     50000    30.00000000   4.0800500000e-01
     50000    32.00000000   4.4352000000e-01
     50000    34.00000000   4.8021800000e-01
     50000    36.00000000   5.1791000000e-01
     50000    38.00000000   5.5640600000e-01
     50000    40.00000000   5.9550700000e-01
     50000    42.00000000   6.3501500000e-01
     50000    44.00000000   6.7472700000e-01
     50000    46.00000000   7.1443900000e-01
     50000    48.00000000   7.5394600000e-01
     50000    50.00000000   7.9304600000e-01
     50000    52.00000000   8.3153700000e-01
     50000    54.00000000   8.6921800000e-01
     50000    56.00000000   9.0589500000e-01
     50000    58.00000000   9.4137700000e-01
     50000    60.00000000   9.7547800000e-01
     50000    62.00000000   1.0080180000e+00
     50000    64.00000000   1.0388270000e+00
     50000    66.00000000   1.0677400000e+00
     50000    68.00000000   1.0946040000e+00
     50000    70.00000000   1.1192720000e+00
     50000    72.00000000   1.1416120000e+00
     50000    74.00000000   1.1614990000e+00
     50000    76.00000000   1.1788230000e+00
     50000    78.00000000   1.1934840000e+00
     50000    80.00000000   1.2053970000e+00
     50000    82.00000000   1.2144880000e+00
     50000    84.00000000   1.2206990000e+00
     50000    86.00000000   1.2239830000e+00
     50000    88.00000000   1.2243110000e+00
     50000    90.00000000   1.2216640000e+00
    100000   -90.00000000   1.2216640000e+00
    100000   -88.00000000   1.2224640000e+00
    100000   -86.00000000   1.2202930000e+00
    100000   -84.00000000   1.2151690000e+00
    100000   -82.00000000   1.2071250000e+00
    100000   -80.00000000   1.1962100000e+00
    100000   -78.00000000   1.1824850000e+00
    100000   -76.00000000   1.1660250000e+00
    100000   -74.00000000   1.1469170000e+00
    100000   -72.00000000   1.1252640000e+00
    100000   -70.00000000   1.1011780000e+00
    100000   -68.00000000   1.0747860000e+00
    100000   -66.00000000   1.0462230000e+00
    100000   -64.00000000   1.0156360000e+00
    100000   -62.00000000   9.8318200000e-01
    100000   -60.00000000   9.4902700000e-01
    100000   -58.00000000   9.1334300000e-01
    100000   -56.00000000   8.7631300000e-01
    100000   -54.00000000   8.3812300000e-01
    100000   -52.00000000   7.9896600000e-01
    100000   -50.00000000   7.5904100000e-01
    100000   -48.00000000   7.1854700000e-01
    100000   -46.00000000   6.7768900000e-01
    100000   -44.00000000   6.3667200000e-01
    100000   -42.00000000   5.9570100000e-01
    100000   -40.00000000   5.5498200000e-01
    100000   -38.00000000   5.1471800000e-01
    100000   -36.00000000   4.7511100000e-01
    100000   -34.00000000   4.3635900000e-01
    100000   -32.00000000   3.9865600000e-01
    100000   -30.00000000   3.6219000000e-01
    100000   -28.00000000   3.2714200000e-01
    100000   -26.00000000   2.9368800000e-01
    100000   -24.00000000   2.6199500000e-01
    100000   -22.00000000   2.3221900000e-01
    100000   -20.00000000   2.0451100000e-01
    100000   -18.00000000   1.7900700000e-01
    100000   -16.00000000   1.5583400000e-01
    100000   -14.00000000   1.3510900000e-01
    100000   -12.00000000   1.1693300000e-01
    100000   -10.00000000   1.0139800000e-01
    100000    -8.00000000   8.8661000000e-02
    100000    -6.00000000   8.1134000000e-02
    100000    -4.00000000   5.9130000000e-02
    100000    -2.00000000   2.1450000000e-02
    100000     0.00000000   1.8200000000e-02
    100000     2.00000000   1.7520000000e-02
    100000     4.00000000   1.6050000000e-02
    100000     6.00000000   1.8201000000e-02
    100000     8.00000000   3.5605000000e-02
    100000    10.00000000   4.9194000000e-02
    100000    12.00000000   6.6375000000e-02
    100000    14.00000000   8.4957000000e-02
    100000    16.00000000   1.0614900000e-01
    100000    18.00000000   1.2984900000e-01
    100000    20.00000000   1.5594000000e-01
    100000    22.00000000   1.8429600000e-01
    100000    24.00000000   2.1477600000e-01
    100000    26.00000000   2.4723200000e-01
    100000    28.00000000   2.8150500000e-01
    100000    30.00000000   3.1742700000e-01
    100000    32.00000000   3.5482300000e-01
    100000    34.00000000   3.9350900000e-01
    100000    36.00000000   4.3329500000e-01
    100000    38.00000000   4.7398800000e-01
    100000    40.00000000   5.1538700000e-01
    100000    42.00000000   5.5729000000e-01
    100000    44.00000000   5.9949100000e-01
    100000    46.00000000   6.4178400000e-01
    100000    48.00000000   6.8396200000e-01
    100000    50.00000000   7.2581700000e-01
    100000    52.00000000   7.6714500000e-01
    100000    54.00000000   8.0774200000e-01
    100000    56.00000000   8.4741000000e-01
    100000    58.00000000   8.8595300000e-01
    100000    60.00000000   9.2318300000e-01
    100000    62.00000000   9.5891600000e-01
    100000    64.00000000   9.9297800000e-01
    100000    66.00000000   1.0252000000e+00
    100000    68.00000000   1.0554240000e+00
    100000    70.00000000   1.0835000000e+00
    100000    72.00000000   1.1092920000e+00
    100000    74.00000000   1.1326700000e+00
    100000    76.00000000   1.1535200000e+00
    100000    78.00000000   1.1717390000e+00
    100000    80.00000000   1.1872350000e+00
    100000    82.00000000   1.1999320000e+00
    100000    84.00000000   1.2097660000e+00
    100000    86.00000000   1.2166870000e+00
    100000    88.00000000   1.2206600000e+00
    100000    90.00000000   1.2216640000e+00
    150000   -90.00000000   1.2216640000e+00
    150000   -88.00000000   1.2227860000e+00
    150000   -86.00000000   1.2209360000e+00
    150000   -84.00000000   1.2161330000e+00
    150000   -82.00000000   1.2084090000e+00
    150000   -80.00000000   1.1978120000e+00
    150000   -78.00000000   1.1844030000e+00
    150000   -76.00000000   1.1682560000e+00
    150000   -74.00000000   1.1494590000e+00
    150000   -72.00000000   1.1281140000e+00
    150000   -70.00000000   1.1043330000e+00
    150000   -68.00000000   1.0782410000e+00
    150000   -66.00000000   1.0499740000e+00
    150000   -64.00000000   1.0196790000e+00
    150000   -62.00000000   9.8751200000e-01
    150000   -60.00000000   9.5363800000e-01
    150000   -58.00000000   9.1823100000e-01
    150000   -56.00000000   8.8147000000e-01
    150000   -54.00000000   8.4354400000e-01
    150000   -52.00000000   8.0464500000e-01
    150000   -50.00000000   7.6496900000e-01
    150000   -48.00000000   7.2471900000e-01
    150000   -46.00000000   6.8409600000e-01
    150000   -44.00000000   6.4330600000e-01
    150000   -42.00000000   6.0255500000e-01
    150000   -40.00000000   5.6204700000e-01
    150000   -38.00000000   5.2198600000e-01
    150000   -36.00000000   4.8257300000e-01
    150000   -34.00000000   4.4400600000e-01
    150000   -32.00000000   4.0647800000e-01
    150000   -30.00000000   3.7017700000e-01
    150000   -28.00000000   3.3528600000e-01
    150000   -26.00000000   3.0197800000e-01
    150000   -24.00000000   2.7042000000e-01
    150000   -22.00000000   2.4077100000e-01
    150000   -20.00000000   2.1317700000e-01
    150000   -18.00000000   1.8777800000e-01
    150000   -16.00000000   1.6470000000e-01
    150000   -14.00000000   1.4405800000e-01
    150000   -12.00000000   1.2595500000e-01
    150000   -10.00000000   1.1248400000e-01
    150000    -8.00000000   9.7742000000e-02
    150000    -6.00000000   8.6638000000e-02
    150000    -4.00000000   4.5990000000e-02
    150000    -2.00000000   1.6840000000e-02
    150000     0.00000000   1.2850000000e-02
    150000     2.00000000   1.1770000000e-02
    150000     4.00000000   1.2115000000e-02
    150000     6.00000000   1.7428000000e-02
    150000     8.00000000   3.2550000000e-02
    150000    10.00000000   4.4704000000e-02
    150000    12.00000000   6.1588000000e-02
    150000    14.00000000   8.0208000000e-02
    150000    16.00000000   1.0144400000e-01
    150000    18.00000000   1.2519400000e-01
    150000    20.00000000   1.5134100000e-01
    150000    22.00000000   1.7975800000e-01
    150000    24.00000000   2.1030400000e-01
    150000    26.00000000   2.4283300000e-01
    150000    28.00000000   2.7718300000e-01
    150000    30.00000000   3.1318800000e-01
    150000    32.00000000   3.5067200000e-01
    150000    34.00000000   3.8945100000e-01
    150000    36.00000000   4.2933500000e-01
    150000    38.00000000   4.7013100000e-01
    150000    40.00000000   5.1163700000e-01
    150000    42.00000000   5.5365200000e-01
    150000    44.00000000   5.9597000000e-01
    150000    46.00000000   6.3838400000e-01
    150000    48.00000000   6.8068700000e-01
    150000    50.00000000   7.2267100000e-01
    150000    52.00000000   7.6413100000e-01
    150000    54.00000000   8.0486500000e-01
    150000    56.00000000   8.4467300000e-01
    150000    58.00000000   8.8335900000e-01
    150000    60.00000000   9.2073600000e-01
    150000    62.00000000   9.5661900000e-01
    150000    64.00000000   9.9083200000e-01
    150000    66.00000000   1.0232090000e+00
    150000    68.00000000   1.0535900000e+00
    150000    70.00000000   1.0818260000e+00
    150000    72.00000000   1.1077790000e+00
    150000    74.00000000   1.1313210000e+00
    150000    76.00000000   1.1523360000e+00
    150000    78.00000000   1.1707210000e+00
    150000    80.00000000   1.1863850000e+00
    150000    82.00000000   1.1992510000e+00
    150000    84.00000000   1.2092540000e+00
    150000    86.00000000   1.2163460000e+00
    150000    88.00000000   1.2204900000e+00
    150000    90.00000000   1.2216640000e+00
    200000   -90.00000000   1.2216640000e+00
    200000   -88.00000000   1.2233100000e+00
    200000   -86.00000000   1.2219830000e+00
    200000   -84.00000000   1.2177020000e+00
    200000   -82.00000000   1.2104980000e+00
    200000   -80.00000000   1.2004180000e+00
    200000   -78.00000000   1.1875230000e+00
    200000   -76.00000000   1.1718870000e+00
    200000   -74.00000000   1.1535960000e+00
    200000   -72.00000000   1.1327520000e+00
    200000   -70.00000000   1.1094660000e+00
    200000   -68.00000000   1.0838640000e+00
    200000   -66.00000000   1.0560790000e+00
    200000   -64.00000000   1.0262590000e+00
    200000   -62.00000000   9.9455900000e-01
    200000   -60.00000000   9.6114300000e-01
    200000   -58.00000000   9.2618400000e-01
    200000   -56.00000000   8.8986300000e-01
    200000   -54.00000000   8.5236600000e-01
    200000   -52.00000000   8.1388600000e-01
    200000   -50.00000000   7.7461700000e-01
    200000   -48.00000000   7.3476200000e-01
    200000   -46.00000000   6.9452300000e-01
    200000   -44.00000000   6.5410300000e-01
    200000   -42.00000000   6.1370900000e-01
    200000   -40.00000000   5.7354500000e-01
    200000   -38.00000000   5.3381300000e-01
    200000   -36.00000000   4.9471600000e-01
    200000   -34.00000000   4.5644900000e-01
    200000   -32.00000000   4.1920700000e-01
    200000   -30.00000000   3.8317600000e-01
    200000   -28.00000000   3.4853800000e-01
    200000   -26.00000000   3.1546800000e-01
    200000   -24.00000000   2.8413200000e-01
    200000   -22.00000000   2.5468700000e-01
    200000   -20.00000000   2.2728200000e-01
    200000   -18.00000000   2.0205300000e-01
    200000   -16.00000000   1.7912800000e-01
    200000   -14.00000000   1.5862100000e-01
    200000   -12.00000000   1.4063600000e-01
    200000   -10.00000000   1.2531900000e-01
    200000    -8.00000000   8.9061000000e-02
    200000    -6.00000000   6.7899000000e-02
    200000    -4.00000000   3.6120000000e-02
    200000    -2.00000000   1.3750000000e-02
    200000     0.00000000   9.8100000000e-03
    200000     2.00000000   9.6300000000e-03
    200000     4.00000000   1.1213000000e-02
    200000     6.00000000   1.5800000000e-02
    200000     8.00000000   2.6935000000e-02
    200000    10.00000000   4.0861000000e-02
    200000    12.00000000   5.6885000000e-02
    200000    14.00000000   7.5542000000e-02
    200000    16.00000000   9.6823000000e-02
    200000    18.00000000   1.2062100000e-01
    200000    20.00000000   1.4682300000e-01
    200000    22.00000000   1.7530000000e-01
    200000    24.00000000   2.0591200000e-01
    200000    26.00000000   2.3851100000e-01
    200000    28.00000000   2.7293800000e-01
    200000    30.00000000   3.0902500000e-01
    200000    32.00000000   3.4659500000e-01
    200000    34.00000000   3.8546500000e-01
    200000    36.00000000   4.2544600000e-01
    200000    38.00000000   4.6634200000e-01
    200000    40.00000000   5.0795400000e-01
    200000    42.00000000   5.5007900000e-01
    200000    44.00000000   5.9251200000e-01
    200000    46.00000000   6.3504400000e-01
    200000    48.00000000   6.7747000000e-01
    200000    50.00000000   7.1958000000e-01
    200000    52.00000000   7.6117100000e-01
    200000    54.00000000   8.0203900000e-01
    200000    56.00000000   8.4198400000e-01
    200000    58.00000000   8.8081100000e-01
    200000    60.00000000   9.1833200000e-01
    200000    62.00000000   9.5436100000e-01
    200000    64.00000000   9.8872500000e-01
    200000    66.00000000   1.0212530000e+00
    200000    68.00000000   1.0517890000e+00
    200000    70.00000000   1.0801820000e+00
    200000    72.00000000   1.1062930000e+00
    200000    74.00000000   1.1299960000e+00
    200000    76.00000000   1.1511730000e+00
    200000    78.00000000   1.1697210000e+00
    200000    80.00000000   1.1855500000e+00
    200000    82.00000000   1.1985820000e+00
    200000    84.00000000   1.2087520000e+00
    200000    86.00000000   1.2160100000e+00
    200000    88.00000000   1.2203220000e+00
    200000    90.00000000   1.2216640000e+00
    250000   -90.00000000   1.2216640000e+00
    250000   -88.00000000   1.2233220000e+00
    250000   -86.00000000   1.2220070000e+00
    250000   -84.00000000   1.2177380000e+00
    250000   -82.00000000   1.2105460000e+00
    250000   -80.00000000   1.2004780000e+00
    250000   -78.00000000   1.1875950000e+00
    250000   -76.00000000   1.1719710000e+00
    250000   -74.00000000   1.1536920000e+00
    250000   -72.00000000   1.1328590000e+00
    250000   -70.00000000   1.1095850000e+00
    250000   -68.00000000   1.0839930000e+00
    250000   -66.00000000   1.0562200000e+00
    250000   -64.00000000   1.0264110000e+00
    250000   -62.00000000   9.9472100000e-01
    250000   -60.00000000   9.6131600000e-01
    250000   -58.00000000   9.2636800000e-01
    250000   -56.00000000   8.9005700000e-01
    250000   -54.00000000   8.5257000000e-01
    250000   -52.00000000   8.1409900000e-01
    250000   -50.00000000   7.7484000000e-01
    250000   -48.00000000   7.3499400000e-01
    250000   -46.00000000   6.9476300000e-01
    250000   -44.00000000   6.5435200000e-01
    250000   -42.00000000   6.1396600000e-01
    250000   -40.00000000   5.7381000000e-01
    250000   -38.00000000   5.3408600000e-01
    250000   -36.00000000   4.9499500000e-01
    250000   -34.00000000   4.5673600000e-01
    250000   -32.00000000   4.1950000000e-01
    250000   -30.00000000   3.8347500000e-01
    250000   -28.00000000   3.4884400000e-01
    250000   -26.00000000   3.1577900000e-01
    250000   -24.00000000   2.8444800000e-01
    250000   -22.00000000   2.5500800000e-01
    250000   -20.00000000   2.2760700000e-01
    250000   -18.00000000   2.0238200000e-01
    250000   -16.00000000   1.7946100000e-01
    250000   -14.00000000   1.5898600000e-01
    250000   -12.00000000   1.4162700000e-01
    250000   -10.00000000   1.2577100000e-01
    250000    -8.00000000   1.1127700000e-01
    250000    -6.00000000   9.6740000000e-02
    250000    -4.00000000   2.0520000000e-02
    250000    -2.00000000   1.1690000000e-02
    250000     0.00000000   8.2000000000e-03
    250000     2.00000000   8.4900000000e-03
    250000     4.00000000   1.0955000000e-02
    250000     6.00000000   1.7473000000e-02
    250000     8.00000000   2.6664000000e-02
    250000    10.00000000   4.0572000000e-02
    250000    12.00000000   5.6831000000e-02
    250000    14.00000000   7.5489000000e-02
    250000    16.00000000   9.6769000000e-02
    250000    18.00000000   1.2056900000e-01
    250000    20.00000000   1.4677100000e-01
    250000    22.00000000   1.7524800000e-01
    250000    24.00000000   2.0586200000e-01
    250000    26.00000000   2.3846200000e-01
    250000    28.00000000   2.7288900000e-01
    250000    30.00000000   3.0897700000e-01
    250000    32.00000000   3.4654800000e-01
    250000    34.00000000   3.8541900000e-01
    250000    36.00000000   4.2540100000e-01
    250000    38.00000000   4.6629800000e-01
    250000    40.00000000   5.0791200000e-01
    250000    42.00000000   5.5003800000e-01
    250000    44.00000000   5.9247200000e-01
    250000    46.00000000   6.3500600000e-01
    250000    48.00000000   6.7743300000e-01
    250000    50.00000000   7.1954500000e-01
    250000    52.00000000   7.6113700000e-01
    250000    54.00000000   8.0200600000e-01
    250000    56.00000000   8.4195300000e-01
    250000    58.00000000   8.8078200000e-01
    250000    60.00000000   9.1830400000e-01
    250000    62.00000000   9.5433500000e-01
    250000    64.00000000   9.8870000000e-01
    250000    66.00000000   1.0212310000e+00
    250000    68.00000000   1.0517680000e+00
    250000    70.00000000   1.0801630000e+00
    250000    72.00000000   1.1062760000e+00
    250000    74.00000000   1.1299810000e+00
    250000    76.00000000   1.1511600000e+00
    250000    78.00000000   1.1697100000e+00
    250000    80.00000000   1.1855410000e+00
    250000    82.00000000   1.1985740000e+00
    250000    84.00000000   1.2087460000e+00
    250000    86.00000000   1.2160070000e+00
    250000    88.00000000   1.2203200000e+00
    250000    90.00000000   1.2216640000e+00
     50000   -90.00000000   1.2216640000e+00
     50000   -88.00000000   1.2225950000e+00
     50000   -86.00000000   1.2205550000e+00
     50000   -84.00000000   1.2155610000e+00
     50000   -82.00000000   1.2076480000e+00
     50000   -80.00000000   1.1968620000e+00
     50000   -78.00000000   1.1832660000e+00
     50000   -76.00000000   1.1669330000e+00
     50000   -74.00000000   1.1479520000e+00
     50000   -72.00000000   1.1264240000e+00
     50000   -70.00000000   1.1024620000e+00
     50000   -68.00000000   1.0761920000e+00
     50000   -66.00000000   1.0477500000e+00
     50000   -64.00000000   1.0172820000e+00
     50000   -62.00000000   9.8494500000e-01
     50000   -60.00000000   9.5090400000e-01
     50000   -58.00000000   9.1533300000e-01
     50000   -56.00000000   8.7841200000e-01
     50000   -54.00000000   8.4033000000e-01
     50000   -52.00000000   8.0127800000e-01
     50000   -50.00000000   7.6145400000e-01
     50000   -48.00000000   7.2106000000e-01
     50000   -46.00000000   6.8029700000e-01
     50000   -44.00000000   6.3937200000e-01
     50000   -42.00000000   5.9849100000e-01
     50000   -40.00000000   5.5785700000e-01
     50000   -38.00000000   5.1767600000e-01
     50000   -36.00000000   4.7814800000e-01
     50000   -34.00000000   4.3947200000e-01
     50000   -32.00000000   4.0184000000e-01
     50000   -30.00000000   3.6544100000e-01
     50000   -28.00000000   3.3045700000e-01
     50000   -26.00000000   2.9706300000e-01
     50000   -24.00000000   2.6542400000e-01
     50000   -22.00000000   2.3570000000e-01
     50000   -20.00000000   2.0803800000e-01
     50000   -18.00000000   1.8257700000e-01
     50000   -16.00000000   1.5944300000e-01
     50000   -14.00000000   1.3875100000e-01
     50000   -12.00000000   1.2060500000e-01
     50000   -10.00000000   1.0509600000e-01
     50000    -8.00000000   9.2299000000e-02
     50000    -6.00000000   8.3723000000e-02
     50000    -4.00000000   6.1731000000e-02
     50000    -2.00000000   2.6734000000e-02
     50000     0.00000000   2.3370000000e-02
     50000     2.00000000   3.1330000000e-02
     50000     4.00000000   3.6900000000e-02
     50000     6.00000000   3.0840000000e-02
     50000     8.00000000   4.2484000000e-02
     50000    10.00000000   6.3420000000e-02
     50000    12.00000000   8.0978000000e-02
     50000    14.00000000   9.9442000000e-02
     50000    16.00000000   1.2050000000e-01
     50000    18.00000000   1.4404700000e-01
     50000    20.00000000   1.6996900000e-01
     50000    22.00000000   1.9813800000e-01
     50000    24.00000000   2.2841400000e-01
     50000    26.00000000   2.6065000000e-01
     50000    28.00000000   2.9468700000e-01
     50000    30.00000000   3.3035600000e-01
     50000    32.00000000   3.6748300000e-01
     50000    34.00000000   4.0588500000e-01
     50000    36.00000000   4.4537300000e-01
     50000    38.00000000   4.8575200000e-01
     50000    40.00000000   5.2682300000e-01
     50000    42.00000000   5.6838400000e-01
     50000    44.00000000   6.1023000000e-01
     50000    46.00000000   6.5215500000e-01
     50000    48.00000000   6.9395100000e-01
     50000    50.00000000   7.3541300000e-01
     50000    52.00000000   7.7633600000e-01
     50000    54.00000000   8.1651700000e-01
     50000    56.00000000   8.5575800000e-01
     50000    58.00000000   8.9386400000e-01
     50000    60.00000000   9.3064700000e-01
     50000    62.00000000   9.6592500000e-01
     50000    64.00000000   9.9952200000e-01
     50000    66.00000000   1.0312720000e+00
     50000    68.00000000   1.0610160000e+00
     50000    70.00000000   1.0886060000e+00
     50000    72.00000000   1.1139050000e+00
     50000    74.00000000   1.1367850000e+00
     50000    76.00000000   1.1571320000e+00
     50000    78.00000000   1.1748430000e+00
     50000    80.00000000   1.1898270000e+00
     50000    82.00000000   1.2020100000e+00
     50000    84.00000000   1.2113260000e+00
     50000    86.00000000   1.2177290000e+00
     50000    88.00000000   1.2211810000e+00
     50000    90.00000000   1.2216640000e+00
    100000   -90.00000000   1.2216640000e+00
    100000   -88.00000000   1.2228110000e+00
    100000   -86.00000000   1.2209860000e+00
    100000   -84.00000000   1.2162070000e+00
    100000   -82.00000000   1.2085080000e+00
    100000   -80.00000000   1.1979350000e+00
    100000   -78.00000000   1.1845500000e+00
    100000   -76.00000000   1.1684270000e+00
    100000   -74.00000000   1.1496550000e+00
    100000   -72.00000000   1.1283330000e+00
    100000   -70.00000000   1.1045750000e+00
    100000   -68.00000000   1.0785060000e+00
    100000   -66.00000000   1.0502630000e+00
    100000   -64.00000000   1.0199900000e+00
    100000   -62.00000000   9.8784500000e-01
    100000   -60.00000000   9.5399200000e-01
    100000   -58.00000000   9.1860600000e-01
    100000   -56.00000000   8.8186600000e-01
    100000   -54.00000000   8.4396100000e-01
    100000   -52.00000000   8.0508100000e-01
    100000   -50.00000000   7.6542500000e-01
    100000   -48.00000000   7.2519300000e-01
    100000   -46.00000000   6.8458900000e-01
    100000   -44.00000000   6.4381600000e-01
    100000   -42.00000000   6.0308200000e-01
    100000   -40.00000000   5.6259000000e-01
    100000   -38.00000000   5.2254400000e-01
    100000   -36.00000000   4.8314600000e-01
    100000   -34.00000000   4.4459300000e-01
    100000   -32.00000000   4.0707900000e-01
    100000   -30.00000000   3.7079100000e-01
    100000   -28.00000000   3.3591100000e-01
    100000   -26.00000000   3.0261500000e-01
    100000   -24.00000000   2.7106800000e-01
    100000   -22.00000000   2.4142800000e-01
    100000   -20.00000000   2.1384300000e-01
    100000   -18.00000000   1.8845200000e-01
    100000   -16.00000000   1.6538100000e-01
    100000   -14.00000000   1.4474500000e-01
    100000   -12.00000000   1.2664800000e-01
    100000   -10.00000000   1.1117900000e-01
    100000    -8.00000000   9.9717000000e-02
    100000    -6.00000000   8.6972000000e-02
    100000    -4.00000000   4.8053000000e-02
    100000    -2.00000000   2.0440000000e-02
    100000     0.00000000   1.7600000000e-02
    100000     2.00000000   1.7120000000e-02
    100000     4.00000000   1.5690000000e-02
    100000     6.00000000   1.8335000000e-02
    100000     8.00000000   3.4592000000e-02
    100000    10.00000000   4.8527000000e-02
    100000    12.00000000   6.5713000000e-02
    100000    14.00000000   8.4300000000e-02
    100000    16.00000000   1.0549800000e-01
    100000    18.00000000   1.2920500000e-01
    100000    20.00000000   1.5530400000e-01
    100000    22.00000000   1.8366800000e-01
    100000    24.00000000   2.1415700000e-01
    100000    26.00000000   2.4662300000e-01
    100000    28.00000000   2.8090700000e-01
    100000    30.00000000   3.1684100000e-01
    100000    32.00000000   3.5424900000e-01
    100000    34.00000000   3.9294700000e-01
    100000    36.00000000   4.3274700000e-01
    100000    38.00000000   4.7345400000e-01
    100000    40.00000000   5.1486800000e-01
    100000    42.00000000   5.5678700000e-01
    100000    44.00000000   5.9900400000e-01
    100000    46.00000000   6.4131400000e-01
    100000    48.00000000   6.8350900000e-01
    100000    50.00000000   7.2538200000e-01
    100000    52.00000000   7.6672800000e-01
    100000    54.00000000   8.0734400000e-01
    100000    56.00000000   8.4703100000e-01
    100000    58.00000000   8.8559400000e-01
    100000    60.00000000   9.2284400000e-01
    100000    62.00000000   9.5859900000e-01
    100000    64.00000000   9.9268100000e-01
    100000    66.00000000   1.0249240000e+00
    100000    68.00000000   1.0551700000e+00
    100000    70.00000000   1.0832690000e+00
    100000    72.00000000   1.1090820000e+00
    100000    74.00000000   1.1324840000e+00
    100000    76.00000000   1.1533560000e+00
    100000    78.00000000   1.1715980000e+00
    100000    80.00000000   1.1871170000e+00
    100000    82.00000000   1.1998380000e+00
    100000    84.00000000   1.2096950000e+00
    100000    86.00000000   1.2166400000e+00
    100000    88.00000000   1.2206370000e+00
    100000    90.00000000   1.2216640000e+00
    150000   -90.00000000   1.2216640000e+00
    150000   -88.00000000   1.2227250000e+00
    150000   -86.00000000   1.2208140000e+00
    150000   -84.00000000   1.2159500000e+00
    150000   -82.00000000   1.2081660000e+00
    150000   -80.00000000   1.1975090000e+00
    150000   -78.00000000   1.1840400000e+00
    150000   -76.00000000   1.1678330000e+00
    150000   -74.00000000   1.1489780000e+00
    150000   -72.00000000   1.1275740000e+00
    150000   -70.00000000   1.1037360000e+00
    150000   -68.00000000   1.0775870000e+00
    150000   -66.00000000   1.0492640000e+00
    150000   -64.00000000   1.0189140000e+00
    150000   -62.00000000   9.8669200000e-01
    150000   -60.00000000   9.5276500000e-01
    150000   -58.00000000   9.1730500000e-01
    150000   -56.00000000   8.8049400000e-01
    150000   -54.00000000   8.4251800000e-01
    150000   -52.00000000   8.0357000000e-01
    150000   -50.00000000   7.6384700000e-01
    150000   -48.00000000   7.2355000000e-01
    150000   -46.00000000   6.8288300000e-01
    150000   -44.00000000   6.4205000000e-01
    150000   -42.00000000   6.0125700000e-01
    150000   -40.00000000   5.6070900000e-01
    150000   -38.00000000   5.2061000000e-01
    150000   -36.00000000   4.8116000000e-01
    150000   -34.00000000   4.4255800000e-01
    150000   -32.00000000   4.0499700000e-01
    150000   -30.00000000   3.6866500000e-01
    150000   -28.00000000   3.3374400000e-01
    150000   -26.00000000   3.0040800000e-01
    150000   -24.00000000   2.6882500000e-01
    150000   -22.00000000   2.3915200000e-01
    150000   -20.00000000   2.1153700000e-01
    150000   -18.00000000   1.8611700000e-01
    150000   -16.00000000   1.6302100000e-01
    150000   -14.00000000   1.4236300000e-01
    150000   -12.00000000   1.3192300000e-01
    150000   -10.00000000   1.1148200000e-01
    150000    -8.00000000   1.0496300000e-01
    150000    -6.00000000   9.7492000000e-02
    150000    -4.00000000   3.9070000000e-02
    150000    -2.00000000   1.6290000000e-02
    150000     0.00000000   1.2540000000e-02
    150000     2.00000000   1.1530000000e-02
    150000     4.00000000   1.2120000000e-02
    150000     6.00000000   1.7403000000e-02
    150000     8.00000000   3.1310000000e-02
    150000    10.00000000   4.3470000000e-02
    150000    12.00000000   6.0363000000e-02
    150000    14.00000000   7.8993000000e-02
    150000    16.00000000   1.0024100000e-01
    150000    18.00000000   1.2400300000e-01
    150000    20.00000000   1.5016400000e-01
    150000    22.00000000   1.7859700000e-01
    150000    24.00000000   2.0916100000e-01
    150000    26.00000000   2.4170700000e-01
    150000    28.00000000   2.7607800000e-01
    150000    30.00000000   3.1210400000e-01
    150000    32.00000000   3.4961000000e-01
    150000    34.00000000   3.8841300000e-01
    150000    36.00000000   4.2832200000e-01
    150000    38.00000000   4.6914400000e-01
    150000    40.00000000   5.1067800000e-01
    150000    42.00000000   5.5272200000e-01
    150000    44.00000000   5.9507000000e-01
    150000    46.00000000   6.3751400000e-01
    150000    48.00000000   6.7984900000e-01
    150000    50.00000000   7.2186600000e-01
    150000    52.00000000   7.6336000000e-01
    150000    54.00000000   8.0412900000e-01
    150000    56.00000000   8.4397200000e-01
    150000    58.00000000   8.8269600000e-01
    150000    60.00000000   9.2011000000e-01
    150000    62.00000000   9.5603100000e-01
    150000    64.00000000   9.9028300000e-01
    150000    66.00000000   1.0227000000e+00
    150000    68.00000000   1.0531210000e+00
    150000    70.00000000   1.0813980000e+00
    150000    72.00000000   1.1073920000e+00
    150000    74.00000000   1.1309760000e+00
    150000    76.00000000   1.1520330000e+00
    150000    78.00000000   1.1704610000e+00
    150000    80.00000000   1.1861680000e+00
    150000    82.00000000   1.1990760000e+00
    150000    84.00000000   1.2091230000e+00
    150000    86.00000000   1.2162580000e+00
    150000    88.00000000   1.2204460000e+00
    150000    90.00000000   1.2216640000e+00
    200000   -90.00000000   1.2216640000e+00
    200000   -88.00000000   1.2228390000e+00
    200000   -86.00000000   1.2210410000e+00
    200000   -84.00000000   1.2162900000e+00
    200000   -82.00000000   1.2086190000e+00
    200000   -80.00000000   1.1980730000e+00
    200000   -78.00000000   1.1847160000e+00
    200000   -76.00000000   1.1686200000e+00
    200000   -74.00000000   1.1498740000e+00
    200000   -72.00000000   1.1285790000e+00
    200000   -70.00000000   1.1048480000e+00
    200000   -68.00000000   1.0788050000e+00
    200000   -66.00000000   1.0505870000e+00
    200000   -64.00000000   1.0203390000e+00
    200000   -62.00000000   9.8821900000e-01
    200000   -60.00000000   9.5439100000e-01
    200000   -58.00000000   9.1902800000e-01
    200000   -56.00000000   8.8231200000e-01
    200000   -54.00000000   8.4442900000e-01
    200000   -52.00000000   8.0557200000e-01
    200000   -50.00000000   7.6593700000e-01
    200000   -48.00000000   7.2572600000e-01
    200000   -46.00000000   6.8514200000e-01
    200000   -44.00000000   6.4439000000e-01
    200000   -42.00000000   6.0367400000e-01
    200000   -40.00000000   5.6320000000e-01
    200000   -38.00000000   5.2317200000e-01
    200000   -36.00000000   4.8379100000e-01
    200000   -34.00000000   4.4525400000e-01
    200000   -32.00000000   4.0775500000e-01
    200000   -30.00000000   3.7148100000e-01
    200000   -28.00000000   3.3661500000e-01
    200000   -26.00000000   3.0333100000e-01
    200000   -24.00000000   2.7179600000e-01
    200000   -22.00000000   2.4216700000e-01
    200000   -20.00000000   2.1459200000e-01
    200000   -18.00000000   1.8921000000e-01
    200000   -16.00000000   1.6614700000e-01
    200000   -14.00000000   1.4551900000e-01
    200000   -12.00000000   1.2832800000e-01
    200000   -10.00000000   1.1331000000e-01
    200000    -8.00000000   1.0085900000e-01
    200000    -6.00000000   9.0608000000e-02
    200000    -4.00000000   3.2060000000e-02
    200000    -2.00000000   1.3320000000e-02
    200000     0.00000000   9.6300000000e-03
    200000     2.00000000   9.4900000000e-03
    200000     4.00000000   1.0692000000e-02
    200000     6.00000000   1.6349000000e-02
    200000     8.00000000   2.5162000000e-02
    200000    10.00000000   3.9563000000e-02
    200000    12.00000000   5.5603000000e-02
    200000    14.00000000   7.4271000000e-02
    200000    16.00000000   9.5563000000e-02
    200000    18.00000000   1.1937500000e-01
    200000    20.00000000   1.4559200000e-01
    200000    22.00000000   1.7408500000e-01
    200000    24.00000000   2.0471500000e-01
    200000    26.00000000   2.3733400000e-01
    200000    28.00000000   2.7178100000e-01
    200000    30.00000000   3.0789000000e-01
    200000    32.00000000   3.4548300000e-01
    200000    34.00000000   3.8437800000e-01
    200000    36.00000000   4.2438600000e-01
    200000    38.00000000   4.6530900000e-01
    200000    40.00000000   5.0695000000e-01
    200000    42.00000000   5.4910600000e-01
    200000    44.00000000   5.9156900000e-01
    200000    46.00000000   6.3413400000e-01
    200000    48.00000000   6.7659300000e-01
    200000    50.00000000   7.1873800000e-01
    200000    52.00000000   7.6036400000e-01
    200000    54.00000000   8.0126900000e-01
    200000    56.00000000   8.4125100000e-01
    200000    58.00000000   8.8011700000e-01
    200000    60.00000000   9.1767600000e-01
    200000    62.00000000   9.5374600000e-01
    200000    64.00000000   9.8815000000e-01
    200000    66.00000000   1.0207200000e+00
    200000    68.00000000   1.0512980000e+00
    200000    70.00000000   1.0797340000e+00
    200000    72.00000000   1.1058880000e+00
    200000    74.00000000   1.1296350000e+00
    200000    76.00000000   1.1508560000e+00
    200000    78.00000000   1.1694490000e+00
    200000    80.00000000   1.1853230000e+00
    200000    82.00000000   1.1983990000e+00
    200000    84.00000000   1.2086150000e+00
    200000    86.00000000   1.2159190000e+00
    200000    88.00000000   1.2202760000e+00
    200000    90.00000000   1.2216640000e+00
    250000   -90.00000000   1.2216640000e+00
    250000   -88.00000000   1.2221850000e+00
    250000   -86.00000000   1.2197360000e+00
    250000   -84.00000000   1.2143340000e+00
    250000   -82.00000000   1.2060140000e+00
    250000   -80.00000000   1.1948230000e+00
    250000   -78.00000000   1.1808240000e+00
    250000   -76.00000000   1.1640920000e+00
    250000   -74.00000000   1.1447150000e+00
    250000   -72.00000000   1.1227960000e+00
    250000   -70.00000000   1.0984460000e+00
    250000   -68.00000000   1.0717940000e+00
    250000   -66.00000000   1.0429740000e+00
    250000   -64.00000000   1.0121350000e+00
    250000   -62.00000000   9.7943200000e-01
    250000   -60.00000000   9.4503300000e-01
    250000   -58.00000000   9.0911000000e-01
    250000   -56.00000000   8.7184600000e-01
    250000   -54.00000000   8.3342800000e-01
    250000   -52.00000000   7.9404900000e-01
    250000   -50.00000000   7.5390700000e-01
    250000   -48.00000000   7.1320300000e-01
    250000   -46.00000000   6.7214100000e-01
    250000   -44.00000000   6.3092600000e-01
    250000   -42.00000000   5.8976500000e-01
    250000   -40.00000000   5.4886300000e-01
    250000   -38.00000000   5.0842300000e-01
    250000   -36.00000000   4.6864900000e-01
    250000   -34.00000000   4.2973700000e-01
    250000   -32.00000000   3.9188200000e-01
    250000   -30.00000000   3.5527200000e-01
    250000   -28.00000000   3.2008900000e-01
    250000   -26.00000000   2.8650900000e-01
    250000   -24.00000000   2.5469700000e-01
    250000   -22.00000000   2.2481300000e-01
    250000   -20.00000000   1.9700500000e-01
    250000   -18.00000000   1.7141000000e-01
    250000   -16.00000000   1.4815600000e-01
    250000   -14.00000000   1.2735800000e-01
    250000   -12.00000000   1.0912000000e-01
    250000   -10.00000000   9.3976000000e-02
    250000    -8.00000000   8.2562000000e-02
    250000    -6.00000000   6.5867000000e-02
    250000    -4.00000000   4.7790000000e-02
    250000    -2.00000000   1.1370000000e-02
    250000     0.00000000   8.0000000000e-03
    250000     2.00000000   8.4100000000e-03
    250000     4.00000000   1.0103000000e-02
    250000     6.00000000   1.6549000000e-02
    250000     8.00000000   2.6842000000e-02
    250000    10.00000000   4.0001000000e-02
    250000    12.00000000   5.6575000000e-02
    250000    14.00000000   7.5235000000e-02
    250000    16.00000000   9.6517000000e-02
    250000    18.00000000   1.2032000000e-01
    250000    20.00000000   1.4652500000e-01
    250000    22.00000000   1.7500500000e-01
    250000    24.00000000   2.0562200000e-01
    250000    26.00000000   2.3822600000e-01
    250000    28.00000000   2.7265800000e-01
    250000    30.00000000   3.0875000000e-01
    250000    32.00000000   3.4632600000e-01
    250000    34.00000000   3.8520200000e-01
    250000    36.00000000   4.2518900000e-01
    250000    38.00000000   4.6609200000e-01
    250000    40.00000000   5.0771100000e-01
    250000    42.00000000   5.4984400000e-01
    250000    44.00000000   5.9228400000e-01
    250000    46.00000000   6.3482400000e-01
    250000    48.00000000   6.7725700000e-01
    250000    50.00000000   7.1937600000e-01
    250000    52.00000000   7.6097600000e-01
    250000    54.00000000   8.0185200000e-01
    250000    56.00000000   8.4180700000e-01
    250000    58.00000000   8.8064300000e-01
    250000    60.00000000   9.1817300000e-01
    250000    62.00000000   9.5421200000e-01
    250000    64.00000000   9.8858500000e-01
    250000    66.00000000   1.0211240000e+00
    250000    68.00000000   1.0516700000e+00
    250000    70.00000000   1.0800730000e+00
    250000    72.00000000   1.1061950000e+00
    250000    74.00000000   1.1299080000e+00
    250000    76.00000000   1.1510960000e+00
    250000    78.00000000   1.1696550000e+00
    250000    80.00000000   1.1854950000e+00
    250000    82.00000000   1.1985370000e+00
    250000    84.00000000   1.2087190000e+00
    250000    86.00000000   1.2159880000e+00
    250000    88.00000000   1.2203110000e+00
    250000    90.00000000   1.2216640000e+00
     50000   -90.00000000   1.2216640000e+00
     50000   -88.00000000   1.2229100000e+00
     50000   -86.00000000   1.2211830000e+00
     50000   -84.00000000   1.2165030000e+00
     50000   -82.00000000   1.2089010000e+00
     50000   -80.00000000   1.1984260000e+00
     50000   -78.00000000   1.1851380000e+00
     50000   -76.00000000   1.1691120000e+00
     50000   -74.00000000   1.1504350000e+00
     50000   -72.00000000   1.1292070000e+00
     50000   -70.00000000   1.1055430000e+00
     50000   -68.00000000   1.0795660000e+00
     50000   -66.00000000   1.0514130000e+00
     50000   -64.00000000   1.0212300000e+00
     50000   -62.00000000   9.8917300000e-01
     50000   -60.00000000   9.5540700000e-01
     50000   -58.00000000   9.2010500000e-01
     50000   -56.00000000   8.8344900000e-01
     50000   -54.00000000   8.4562400000e-01
     50000   -52.00000000   8.0682300000e-01
     50000   -50.00000000   7.6724400000e-01
     50000   -48.00000000   7.2708600000e-01
     50000   -46.00000000   6.8655400000e-01
     50000   -44.00000000   6.4585200000e-01
     50000   -42.00000000   6.0518400000e-01
     50000   -40.00000000   5.6475700000e-01
     50000   -38.00000000   5.2477400000e-01
     50000   -36.00000000   4.8543500000e-01
     50000   -34.00000000   4.4693900000e-01
     50000   -32.00000000   4.0947800000e-01
     50000   -30.00000000   3.7324100000e-01
     50000   -28.00000000   3.3841000000e-01
     50000   -26.00000000   3.0515800000e-01
     50000   -24.00000000   2.7365300000e-01
     50000   -22.00000000   2.4405100000e-01
     50000   -20.00000000   2.1650200000e-01
     50000   -18.00000000   1.9114300000e-01
     50000   -16.00000000   1.6810100000e-01
     50000   -14.00000000   1.4749100000e-01
     50000   -12.00000000   1.2941600000e-01
     50000   -10.00000000   1.1396600000e-01
     50000    -8.00000000   1.0398300000e-01
     50000    -6.00000000   9.0827000000e-02
     50000    -4.00000000   5.5131000000e-02
     50000    -2.00000000   2.5640000000e-02
     50000     0.00000000   2.2910000000e-02
     50000     2.00000000   3.0950000000e-02
     50000     4.00000000   3.7630000000e-02
     50000     6.00000000   3.1145000000e-02
     50000     8.00000000   4.5904000000e-02
     50000    10.00000000   6.9007000000e-02
     50000    12.00000000   8.0449000000e-02
     50000    14.00000000   9.7758000000e-02
     50000    16.00000000   1.1883100000e-01
     50000    18.00000000   1.4239600000e-01
     50000    20.00000000   1.6833800000e-01
     50000    22.00000000   1.9652800000e-01
     50000    24.00000000   2.2682800000e-01
     50000    26.00000000   2.5909000000e-01
     50000    28.00000000   2.9315400000e-01
     50000    30.00000000   3.2885300000e-01
     50000    32.00000000   3.6601100000e-01
     50000    34.00000000   4.0444600000e-01
     50000    36.00000000   4.4396800000e-01
     50000    38.00000000   4.8438400000e-01
     50000    40.00000000   5.2549300000e-01
     50000    42.00000000   5.6709400000e-01
     50000    44.00000000   6.0898100000e-01
     50000    46.00000000   6.5094900000e-01
     50000    48.00000000   6.9279000000e-01
     50000    50.00000000   7.3429700000e-01
     50000    52.00000000   7.7526700000e-01
     50000    54.00000000   8.1549600000e-01
     50000    56.00000000   8.5478700000e-01
     50000    58.00000000   8.9294400000e-01
     50000    60.00000000   9.2977900000e-01
     50000    62.00000000   9.6511000000e-01
     50000    64.00000000   9.9876100000e-01
     50000    66.00000000   1.0305660000e+00
     50000    68.00000000   1.0603660000e+00
     50000    70.00000000   1.0880130000e+00
     50000    72.00000000   1.1133680000e+00
     50000    74.00000000   1.1363070000e+00
     50000    76.00000000   1.1567120000e+00
     50000    78.00000000   1.1744820000e+00
     50000    80.00000000   1.1895260000e+00
     50000    82.00000000   1.2017680000e+00
     50000    84.00000000   1.2111450000e+00
     50000    86.00000000   1.2176080000e+00
     50000    88.00000000   1.2211210000e+00
     50000    90.00000000   1.2216640000e+00
    100000   -90.00000000   1.2216640000e+00
    100000   -88.00000000   1.2222940000e+00
    100000   -86.00000000   1.2199520000e+00
    100000   -84.00000000   1.2146590000e+00
    100000   -82.00000000   1.2064460000e+00
    100000   -80.00000000   1.1953630000e+00
    100000   -78.00000000   1.1814710000e+00
    100000   -76.00000000   1.1648440000e+00
    100000   -74.00000000   1.1455720000e+00
    100000   -72.00000000   1.1237560000e+00
    100000   -70.00000000   1.0995090000e+00
    100000   -68.00000000   1.0729580000e+00
    100000   -66.00000000   1.0442380000e+00
    100000   -64.00000000   1.0134970000e+00
    100000   -62.00000000   9.8089100000e-01
    100000   -60.00000000   9.4658700000e-01
    100000   -58.00000000   9.1075700000e-01
    100000   -56.00000000   8.7358400000e-01
    100000   -54.00000000   8.3525500000e-01
    100000   -52.00000000   7.9596200000e-01
    100000   -50.00000000   7.5590400000e-01
    100000   -48.00000000   7.1528200000e-01
    100000   -46.00000000   6.7429900000e-01
    100000   -44.00000000   6.3316200000e-01
    100000   -42.00000000   5.9207400000e-01
    100000   -40.00000000   5.5124300000e-01
    100000   -38.00000000   5.1087200000e-01
    100000   -36.00000000   4.7116300000e-01
    100000   -34.00000000   4.3231400000e-01
    100000   -32.00000000   3.9451800000e-01
    100000   -30.00000000   3.5796400000e-01
    100000   -28.00000000   3.2283300000e-01
    100000   -26.00000000   2.8930200000e-01
    100000   -24.00000000   2.5753700000e-01
    100000   -22.00000000   2.2769500000e-01
    100000   -20.00000000   1.9992500000e-01
    100000   -18.00000000   1.7436600000e-01
    100000   -16.00000000   1.5114300000e-01
    100000   -14.00000000   1.3037400000e-01
    100000   -12.00000000   1.1216000000e-01
    100000   -10.00000000   9.6593000000e-02
    100000    -8.00000000   8.3749000000e-02
    100000    -6.00000000   7.5248000000e-02
    100000    -4.00000000   5.7875000000e-02
    100000    -2.00000000   2.0633000000e-02
    100000     0.00000000   1.7340000000e-02
    100000     2.00000000   1.6740000000e-02
    100000     4.00000000   1.5765000000e-02
    100000     6.00000000   1.7972000000e-02
    100000     8.00000000   4.0141000000e-02
    100000    10.00000000   6.1034000000e-02
    100000    12.00000000   7.2958000000e-02
    100000    14.00000000   9.1486000000e-02
    100000    16.00000000   1.1261800000e-01
    100000    18.00000000   1.3624900000e-01
    100000    20.00000000   1.6226400000e-01
    100000    22.00000000   1.9053500000e-01
    100000    24.00000000   2.2092400000e-01
    100000    26.00000000   2.5328100000e-01
    100000    28.00000000   2.8744700000e-01
    100000    30.00000000   3.2325500000e-01
    100000    32.00000000   3.6053000000e-01
    100000    34.00000000   3.9908800000e-01
    100000    36.00000000   4.3874000000e-01
    100000    38.00000000   4.7929100000e-01
    100000    40.00000000   5.2054200000e-01
    100000    42.00000000   5.6229100000e-01
    100000    44.00000000   6.0433200000e-01
    100000    46.00000000   6.4645900000e-01
    100000    48.00000000   6.8846500000e-01
    100000    50.00000000   7.3014300000e-01
    100000    52.00000000   7.7128800000e-01
    100000    54.00000000   8.1169700000e-01
    100000    56.00000000   8.5117300000e-01
    100000    58.00000000   8.8951900000e-01
    100000    60.00000000   9.2654800000e-01
    100000    62.00000000   9.6207600000e-01
    100000    64.00000000   9.9592800000e-01
    100000    66.00000000   1.0279370000e+00
    100000    68.00000000   1.0579450000e+00
    100000    70.00000000   1.0858020000e+00
    100000    72.00000000   1.1113710000e+00
    100000    74.00000000   1.1345250000e+00
    100000    76.00000000   1.1551480000e+00
    100000    78.00000000   1.1731380000e+00
    100000    80.00000000   1.1884040000e+00
    100000    82.00000000   1.2008690000e+00
    100000    84.00000000   1.2104690000e+00
    100000    86.00000000   1.2171570000e+00
    100000    88.00000000   1.2208950000e+00
    100000    90.00000000   1.2216640000e+00
    150000   -90.00000000   1.2216640000e+00
    150000   -88.00000000   1.2229370000e+00
    150000   -86.00000000   1.2212380000e+00
    150000   -84.00000000   1.2165850000e+00
    150000   -82.00000000   1.2090110000e+00
    150000   -80.00000000   1.1985630000e+00
    150000   -78.00000000   1.1853020000e+00
    150000   -76.00000000   1.1693020000e+00
    150000   -74.00000000   1.1506520000e+00
    150000   -72.00000000   1.1294510000e+00
    150000   -70.00000000   1.1058120000e+00
    150000   -68.00000000   1.0798610000e+00
    150000   -66.00000000   1.0517340000e+00
    150000   -64.00000000   1.0215750000e+00
    150000   -62.00000000   9.8954300000e-01
    150000   -60.00000000   9.5580100000e-01
    150000   -58.00000000   9.2052300000e-01
    150000   -56.00000000   8.8388900000e-01
    150000   -54.00000000   8.4608600000e-01
    150000   -52.00000000   8.0730800000e-01
    150000   -50.00000000   7.6775000000e-01
    150000   -48.00000000   7.2761300000e-01
    150000   -46.00000000   6.8710100000e-01
    150000   -44.00000000   6.4641800000e-01
    150000   -42.00000000   6.0576900000e-01
    150000   -40.00000000   5.6536000000e-01
    150000   -38.00000000   5.2539400000e-01
    150000   -36.00000000   4.8607200000e-01
    150000   -34.00000000   4.4759100000e-01
    150000   -32.00000000   4.1014600000e-01
    150000   -30.00000000   3.7392300000e-01
    150000   -28.00000000   3.3910500000e-01
    150000   -26.00000000   3.0586600000e-01
    150000   -24.00000000   2.7437200000e-01
    150000   -22.00000000   2.4478100000e-01
    150000   -20.00000000   2.1724200000e-01
    150000   -18.00000000   1.9189200000e-01
    150000   -16.00000000   1.6885800000e-01
    150000   -14.00000000   1.4825500000e-01
    150000   -12.00000000   1.3540200000e-01
    150000   -10.00000000   1.1614100000e-01
    150000    -8.00000000   1.0761300000e-01
    150000    -6.00000000   9.8494000000e-02
    150000    -4.00000000   3.9855000000e-02
    150000    -2.00000000   1.5740000000e-02
    150000     0.00000000   1.2140000000e-02
    150000     2.00000000   1.1520000000e-02
    150000     4.00000000   1.2040000000e-02
    150000     6.00000000   1.7335000000e-02
    150000     8.00000000   2.7234000000e-02
    150000    10.00000000   4.1138000000e-02
    150000    12.00000000   5.7393000000e-02
    150000    14.00000000   7.6047000000e-02
    150000    16.00000000   9.7322000000e-02
    150000    18.00000000   1.2111600000e-01
    150000    20.00000000   1.4731100000e-01
    150000    22.00000000   1.7578200000e-01
    150000    24.00000000   2.0638700000e-01
    150000    26.00000000   2.3897900000e-01
    150000    28.00000000   2.7339700000e-01
    150000    30.00000000   3.0947500000e-01
    150000    32.00000000   3.4703500000e-01
    150000    34.00000000   3.8589600000e-01
    150000    36.00000000   4.2586600000e-01
    150000    38.00000000   4.6675100000e-01
    150000    40.00000000   5.0835200000e-01
    150000    42.00000000   5.5046600000e-01
    150000    44.00000000   5.9288600000e-01
    150000    46.00000000   6.3540500000e-01
    150000    48.00000000   6.7781700000e-01
    150000    50.00000000   7.1991400000e-01
    150000    52.00000000   7.6149100000e-01
    150000    54.00000000   8.0234400000e-01
    150000    56.00000000   8.4227500000e-01
    150000    58.00000000   8.8108700000e-01
    150000    60.00000000   9.1859100000e-01
    150000    62.00000000   9.5460500000e-01
    150000    64.00000000   9.8895200000e-01
    150000    66.00000000   1.0214650000e+00
    150000    68.00000000   1.0519840000e+00
    150000    70.00000000   1.0803600000e+00
    150000    72.00000000   1.1064540000e+00
    150000    74.00000000   1.1301390000e+00
    150000    76.00000000   1.1512990000e+00
    150000    78.00000000   1.1698290000e+00
    150000    80.00000000   1.1856400000e+00
    150000    82.00000000   1.1986540000e+00
    150000    84.00000000   1.2088060000e+00
    150000    86.00000000   1.2160470000e+00
    150000    88.00000000   1.2203400000e+00
    150000    90.00000000   1.2216640000e+00
    200000   -90.00000000   1.2216640000e+00
    200000   -88.00000000   1.2232350000e+00
    200000   -86.00000000   1.2218340000e+00
    200000   -84.00000000   1.2174780000e+00
    200000   -82.00000000   1.2102010000e+00
    200000   -80.00000000   1.2000470000e+00
    200000   -78.00000000   1.1870790000e+00
    200000   -76.00000000   1.1713700000e+00
    200000   -74.00000000   1.1530070000e+00
    200000   -72.00000000   1.1320920000e+00
    200000   -70.00000000   1.1087350000e+00
    200000   -68.00000000   1.0830630000e+00
    200000   -66.00000000   1.0552100000e+00
    200000   -64.00000000   1.0253220000e+00
    200000   -62.00000000   9.9355500000e-01
    200000   -60.00000000   9.6007400000e-01
    200000   -58.00000000   9.2505200000e-01
    200000   -56.00000000   8.8866800000e-01
    200000   -54.00000000   8.5111000000e-01
    200000   -52.00000000   8.1257000000e-01
    200000   -50.00000000   7.7324400000e-01
    200000   -48.00000000   7.3333200000e-01
    200000   -46.00000000   6.9303800000e-01
    200000   -44.00000000   6.5256600000e-01
    200000   -42.00000000   6.1212100000e-01
    200000   -40.00000000   5.7190800000e-01
    200000   -38.00000000   5.3212900000e-01
    200000   -36.00000000   4.9298700000e-01
    200000   -34.00000000   4.5467700000e-01
    200000   -32.00000000   4.1739400000e-01
    200000   -30.00000000   3.8132500000e-01
    200000   -28.00000000   3.4665100000e-01
    200000   -26.00000000   3.1354700000e-01
    200000   -24.00000000   2.8218000000e-01
    200000   -22.00000000   2.5270600000e-01
    200000   -20.00000000   2.2527300000e-01
    200000   -18.00000000   2.0002100000e-01
    200000   -16.00000000   1.7707400000e-01
    200000   -14.00000000   1.5654800000e-01
    200000   -12.00000000   1.4207000000e-01
    200000   -10.00000000   1.0846200000e-01
    200000    -8.00000000   9.1915000000e-02
    200000    -6.00000000   8.0511000000e-02
    200000    -4.00000000   4.1910000000e-02
    200000    -2.00000000   1.2680000000e-02
    200000     0.00000000   9.4200000000e-03
    200000     2.00000000   9.4100000000e-03
    200000     4.00000000   1.2019000000e-02
    200000     6.00000000   1.6591000000e-02
    200000     8.00000000   2.4682000000e-02
    200000    10.00000000   3.9086000000e-02
    200000    12.00000000   5.5130000000e-02
    200000    14.00000000   7.3801000000e-02
    200000    16.00000000   9.5098000000e-02
    200000    18.00000000   1.1891500000e-01
    200000    20.00000000   1.4513700000e-01
    200000    22.00000000   1.7363600000e-01
    200000    24.00000000   2.0427300000e-01
    200000    26.00000000   2.3689900000e-01
    200000    28.00000000   2.7135400000e-01
    200000    30.00000000   3.0747100000e-01
    200000    32.00000000   3.4507300000e-01
    200000    34.00000000   3.8397700000e-01
    200000    36.00000000   4.2399400000e-01
    200000    38.00000000   4.6492800000e-01
    200000    40.00000000   5.0658000000e-01
    200000    42.00000000   5.4874600000e-01
    200000    44.00000000   5.9122100000e-01
    200000    46.00000000   6.3379800000e-01
    200000    48.00000000   6.7626900000e-01
    200000    50.00000000   7.1842700000e-01
    200000    52.00000000   7.6006700000e-01
    200000    54.00000000   8.0098400000e-01
    200000    56.00000000   8.4098100000e-01
    200000    58.00000000   8.7986100000e-01
    200000    60.00000000   9.1743500000e-01
    200000    62.00000000   9.5351900000e-01
    200000    64.00000000   9.8793800000e-01
    200000    66.00000000   1.0205240000e+00
    200000    68.00000000   1.0511170000e+00
    200000    70.00000000   1.0795680000e+00
    200000    72.00000000   1.1057390000e+00
    200000    74.00000000   1.1295010000e+00
    200000    76.00000000   1.1507390000e+00
    200000    78.00000000   1.1693480000e+00
    200000    80.00000000   1.1852390000e+00
    200000    82.00000000   1.1983320000e+00
    200000    84.00000000   1.2085640000e+00
    200000    86.00000000   1.2158850000e+00
    200000    88.00000000   1.2202590000e+00
    200000    90.00000000   1.2216640000e+00
    250000   -90.00000000   1.2216640000e+00
    250000   -88.00000000   1.2221820000e+00
    250000   -86.00000000   1.2197290000e+00
    250000   -84.00000000   1.2143250000e+00
    250000   -82.00000000   1.2060020000e+00
    250000   -80.00000000   1.1948080000e+00
    250000   -78.00000000   1.1808060000e+00
    250000   -76.00000000   1.1640710000e+00
    250000   -74.00000000   1.1446910000e+00
    250000   -72.00000000   1.1227680000e+00
    250000   -70.00000000   1.0984170000e+00
    250000   -68.00000000   1.0717610000e+00
    250000   -66.00000000   1.0429380000e+00
    250000   -64.00000000   1.0120960000e+00
    250000   -62.00000000   9.7939100000e-01
    250000   -60.00000000   9.4498900000e-01
    250000   -58.00000000   9.0906400000e-01
    250000   -56.00000000   8.7179700000e-01
    250000   -54.00000000   8.3337600000e-01
    250000   -52.00000000   7.9399500000e-01
    250000   -50.00000000   7.5385000000e-01
    250000   -48.00000000   7.1314400000e-01
    250000   -46.00000000   6.7208000000e-01
    250000   -44.00000000   6.3086300000e-01
    250000   -42.00000000   5.8970000000e-01
    250000   -40.00000000   5.4879600000e-01
    250000   -38.00000000   5.0835400000e-01
    250000   -36.00000000   4.6857800000e-01
    250000   -34.00000000   4.2966500000e-01
    250000   -32.00000000   3.9180800000e-01
    250000   -30.00000000   3.5519600000e-01
    250000   -28.00000000   3.2001200000e-01
    250000   -26.00000000   2.8643000000e-01
    250000   -24.00000000   2.5461700000e-01
    250000   -22.00000000   2.2473200000e-01
    250000   -20.00000000   1.9692200000e-01
    250000   -18.00000000   1.7132700000e-01
    250000   -16.00000000   1.4807200000e-01
    250000   -14.00000000   1.2727300000e-01
    250000   -12.00000000   1.1164000000e-01
    250000   -10.00000000   9.3982000000e-02
    250000    -8.00000000   8.3113000000e-02
    250000    -6.00000000   7.2023000000e-02
    250000    -4.00000000   6.0883000000e-02
    250000    -2.00000000   1.1060000000e-02
    250000     0.00000000   7.8700000000e-03
    250000     2.00000000   8.4000000000e-03
    250000     4.00000000   1.0000000000e-02
    250000     6.00000000   1.6423000000e-02
    250000     8.00000000   2.6982000000e-02
    250000    10.00000000   4.0141000000e-02
    250000    12.00000000   5.6713000000e-02
    250000    14.00000000   7.5372000000e-02
    250000    16.00000000   9.6653000000e-02
    250000    18.00000000   1.2045400000e-01
    250000    20.00000000   1.4665800000e-01
    250000    22.00000000   1.7513600000e-01
    250000    24.00000000   2.0575100000e-01
    250000    26.00000000   2.3835300000e-01
    250000    28.00000000   2.7278300000e-01
    250000    30.00000000   3.0887200000e-01
    250000    32.00000000   3.4644500000e-01
    250000    34.00000000   3.8531900000e-01
    250000    36.00000000   4.2530300000e-01
    250000    38.00000000   4.6620300000e-01
    250000    40.00000000   5.0781900000e-01
    250000    42.00000000   5.4994900000e-01
    250000    44.00000000   5.9238500000e-01
    250000    46.00000000   6.3492200000e-01
    250000    48.00000000   6.7735200000e-01
    250000    50.00000000   7.1946700000e-01
    250000    52.00000000   7.6106300000e-01
    250000    54.00000000   8.0193500000e-01
    250000    56.00000000   8.4188600000e-01
    250000    58.00000000   8.8071800000e-01
    250000    60.00000000   9.1824400000e-01
    250000    62.00000000   9.5427900000e-01
    250000    64.00000000   9.8864700000e-01
    250000    66.00000000   1.0211820000e+00
    250000    68.00000000   1.0517230000e+00
    250000    70.00000000   1.0801220000e+00
    250000    72.00000000   1.1062390000e+00
    250000    74.00000000   1.1299470000e+00
    250000    76.00000000   1.1511300000e+00
    250000    78.00000000   1.1696850000e+00
    250000    80.00000000   1.1855200000e+00
    250000    82.00000000   1.1985570000e+00
    250000    84.00000000   1.2087330000e+00
    250000    86.00000000   1.2159980000e+00
    250000    88.00000000   1.2203160000e+00
    250000    90.00000000   1.2216640000e+00
     50000   -90.00000000   1.2216640000e+00
     50000   -88.00000000   1.2226400000e+00
     50000   -86.00000000   1.2206430000e+00
     50000   -84.00000000   1.2156940000e+00
     50000   -82.00000000   1.2078250000e+00
     50000   -80.00000000   1.1970830000e+00
     50000   -78.00000000   1.1835300000e+00
     50000   -76.00000000   1.1672400000e+00
     50000   -74.00000000   1.1483020000e+00
     50000   -72.00000000   1.1268170000e+00
     50000   -70.00000000   1.1028970000e+00
     50000   -68.00000000   1.0766690000e+00
     50000   -66.00000000   1.0482670000e+00
     50000   -64.00000000   1.0178390000e+00
     50000   -62.00000000   9.8554200000e-01
     50000   -60.00000000   9.5153900000e-01
     50000   -58.00000000   9.1600600000e-01
     50000   -56.00000000   8.7912300000e-01
     50000   -54.00000000   8.4107700000e-01
     50000   -52.00000000   8.0206100000e-01
     50000   -50.00000000   7.6227100000e-01
     50000   -48.00000000   7.2191000000e-01
     50000   -46.00000000   6.8118000000e-01
     50000   -44.00000000   6.4028700000e-01
     50000   -42.00000000   5.9943600000e-01
     50000   -40.00000000   5.5883100000e-01
     50000   -38.00000000   5.1867800000e-01
     50000   -36.00000000   4.7917700000e-01
     50000   -34.00000000   4.4052600000e-01
     50000   -32.00000000   4.0291800000e-01
     50000   -30.00000000   3.6654200000e-01
     50000   -28.00000000   3.3158000000e-01
     50000   -26.00000000   2.9820500000e-01
     50000   -24.00000000   2.6658600000e-01
     50000   -22.00000000   2.3687900000e-01
     50000   -20.00000000   2.0923300000e-01
     50000   -18.00000000   1.8378600000e-01
     50000   -16.00000000   1.6066500000e-01
     50000   -14.00000000   1.3998500000e-01
     50000   -12.00000000   1.2184900000e-01
     50000   -10.00000000   1.0634800000e-01
     50000    -8.00000000   9.3961000000e-02
     50000    -6.00000000   8.5690000000e-02
     50000    -4.00000000   6.1653000000e-02
     50000    -2.00000000   2.5000000000e-02
     50000     0.00000000   2.2920000000e-02
     50000     2.00000000   3.0620000000e-02
     50000     4.00000000   3.6770000000e-02
     50000     6.00000000   3.0306000000e-02
     50000     8.00000000   4.1937000000e-02
     50000    10.00000000   7.0994000000e-02
     50000    12.00000000   7.6382000000e-02
     50000    14.00000000   9.4883000000e-02
     50000    16.00000000   1.1598300000e-01
     50000    18.00000000   1.3957800000e-01
     50000    20.00000000   1.6555400000e-01
     50000    22.00000000   1.9378100000e-01
     50000    24.00000000   2.2412100000e-01
     50000    26.00000000   2.5642700000e-01
     50000    28.00000000   2.9053800000e-01
     50000    30.00000000   3.2628700000e-01
     50000    32.00000000   3.6349800000e-01
     50000    34.00000000   4.0199000000e-01
     50000    36.00000000   4.4157100000e-01
     50000    38.00000000   4.8204900000e-01
     50000    40.00000000   5.2322300000e-01
     50000    42.00000000   5.6489200000e-01
     50000    44.00000000   6.0685000000e-01
     50000    46.00000000   6.4889100000e-01
     50000    48.00000000   6.9080700000e-01
     50000    50.00000000   7.3239300000e-01
     50000    52.00000000   7.7344300000e-01
     50000    54.00000000   8.1375500000e-01
     50000    56.00000000   8.5313000000e-01
     50000    58.00000000   8.9137400000e-01
     50000    60.00000000   9.2829800000e-01
     50000    62.00000000   9.6371900000e-01
     50000    64.00000000   9.9746200000e-01
     50000    66.00000000   1.0293610000e+00
     50000    68.00000000   1.0592560000e+00
     50000    70.00000000   1.0869990000e+00
     50000    72.00000000   1.1124530000e+00
     50000    74.00000000   1.1354900000e+00
     50000    76.00000000   1.1559950000e+00
     50000    78.00000000   1.1738660000e+00
     50000    80.00000000   1.1890110000e+00
     50000    82.00000000   1.2013560000e+00
     50000    84.00000000   1.2108350000e+00
     50000    86.00000000   1.2174010000e+00
     50000    88.00000000   1.2210170000e+00
     50000    90.00000000   1.2216640000e+00
    100000   -90.00000000   1.2216640000e+00
    100000   -88.00000000   1.2232210000e+00
    100000   -86.00000000   1.2218050000e+00
    100000   -84.00000000   1.2174340000e+00
    100000   -82.00000000   1.2101420000e+00
    100000   -80.00000000   1.1999740000e+00
    100000   -78.00000000   1.1869910000e+00
    100000   -76.00000000   1.1712680000e+00
    100000   -74.00000000   1.1528910000e+00
    100000   -72.00000000   1.1319610000e+00
    100000   -70.00000000   1.1085910000e+00
    100000   -68.00000000   1.0829050000e+00
    100000   -66.00000000   1.0550380000e+00
    100000   -64.00000000   1.0251370000e+00
    100000   -62.00000000   9.9335700000e-01
    100000   -60.00000000   9.5986300000e-01
    100000   -58.00000000   9.2482800000e-01
    100000   -56.00000000   8.8843200000e-01
    100000   -54.00000000   8.5086200000e-01
    100000   -52.00000000   8.1231000000e-01
    100000   -50.00000000   7.7297200000e-01
    100000   -48.00000000   7.3304900000e-01
    100000   -46.00000000   6.9274500000e-01
    100000   -44.00000000   6.5226200000e-01
    100000   -42.00000000   6.1180700000e-01
    100000   -40.00000000   5.7158400000e-01
    100000   -38.00000000   5.3179600000e-01
    100000   -36.00000000   4.9264500000e-01
    100000   -34.00000000   4.5432700000e-01
    100000   -32.00000000   4.1703600000e-01
    100000   -30.00000000   3.8095900000e-01
    100000   -28.00000000   3.4627800000e-01
    100000   -26.00000000   3.1316800000e-01
    100000   -24.00000000   2.8179400000e-01
    100000   -22.00000000   2.5231400000e-01
    100000   -20.00000000   2.2487600000e-01
    100000   -18.00000000   1.9961900000e-01
    100000   -16.00000000   1.7666700000e-01
    100000   -14.00000000   1.5613800000e-01
    100000   -12.00000000   1.3992500000e-01
    100000   -10.00000000   1.1364800000e-01
    100000    -8.00000000   9.8586000000e-02
    100000    -6.00000000   8.9574000000e-02
    100000    -4.00000000   5.3845000000e-02
    100000    -2.00000000   1.8950000000e-02
    100000     0.00000000   1.6920000000e-02
    100000     2.00000000   1.6370000000e-02
    100000     4.00000000   1.5540000000e-02
    100000     6.00000000   1.9742000000e-02
    100000     8.00000000   3.6620000000e-02
    100000    10.00000000   4.2696000000e-02
    100000    12.00000000   5.6229000000e-02
    100000    14.00000000   7.4892000000e-02
    100000    16.00000000   9.6178000000e-02
    100000    18.00000000   1.1998400000e-01
    100000    20.00000000   1.4619300000e-01
    100000    22.00000000   1.7467800000e-01
    100000    24.00000000   2.0530000000e-01
    100000    26.00000000   2.3790900000e-01
    100000    28.00000000   2.7234600000e-01
    100000    30.00000000   3.0844400000e-01
    100000    32.00000000   3.4602600000e-01
    100000    34.00000000   3.8490900000e-01
    100000    36.00000000   4.2490300000e-01
    100000    38.00000000   4.6581400000e-01
    100000    40.00000000   5.0744100000e-01
    100000    42.00000000   5.4958100000e-01
    100000    44.00000000   5.9202900000e-01
    100000    46.00000000   6.3457900000e-01
    100000    48.00000000   6.7702100000e-01
    100000    50.00000000   7.1914900000e-01
    100000    52.00000000   7.6075800000e-01
    100000    54.00000000   8.0164500000e-01
    100000    56.00000000   8.4160900000e-01
    100000    58.00000000   8.8045600000e-01
    100000    60.00000000   9.1799600000e-01
    100000    62.00000000   9.5404700000e-01
    100000    64.00000000   9.8843100000e-01
    100000    66.00000000   1.0209810000e+00
    100000    68.00000000   1.0515380000e+00
    100000    70.00000000   1.0799530000e+00
    100000    72.00000000   1.1060860000e+00
    100000    74.00000000   1.1298110000e+00
    100000    76.00000000   1.1510110000e+00
    100000    78.00000000   1.1695820000e+00
    100000    80.00000000   1.1854340000e+00
    100000    82.00000000   1.1984880000e+00
    100000    84.00000000   1.2086820000e+00
    100000    86.00000000   1.2159640000e+00
    100000    88.00000000   1.2202980000e+00
    100000    90.00000000   1.2216640000e+00
    150000   -90.00000000   1.2216640000e+00
    150000   -88.00000000   1.2231270000e+00
    150000   -86.00000000   1.2216170000e+00
    150000   -84.00000000   1.2171530000e+00
    150000   -82.00000000   1.2097670000e+00
    150000   -80.00000000   1.1995070000e+00
    150000   -78.00000000   1.1864320000e+00
    150000   -76.00000000   1.1706170000e+00
    150000   -74.00000000   1.1521490000e+00
    150000   -72.00000000   1.1311290000e+00
    150000   -70.00000000   1.1076700000e+00
    150000   -68.00000000   1.0818970000e+00
    150000   -66.00000000   1.0539430000e+00
    150000   -64.00000000   1.0239570000e+00
    150000   -62.00000000   9.9209300000e-01
    150000   -60.00000000   9.5851700000e-01
    150000   -58.00000000   9.2340200000e-01
    150000   -56.00000000   8.8692700000e-01
    150000   -54.00000000   8.4928000000e-01
    150000   -52.00000000   8.1065300000e-01
    150000   -50.00000000   7.7124200000e-01
    150000   -48.00000000   7.3124900000e-01
    150000   -46.00000000   6.9087500000e-01
    150000   -44.00000000   6.5032600000e-01
    150000   -42.00000000   6.0980700000e-01
    150000   -40.00000000   5.6952200000e-01
    150000   -38.00000000   5.2967500000e-01
    150000   -36.00000000   4.9046700000e-01
    150000   -34.00000000   4.5209600000e-01
    150000   -32.00000000   4.1475300000e-01
    150000   -30.00000000   3.7862800000e-01
    150000   -28.00000000   3.4390200000e-01
    150000   -26.00000000   3.1074900000e-01
    150000   -24.00000000   2.7933500000e-01
    150000   -22.00000000   2.4981900000e-01
    150000   -20.00000000   2.2234700000e-01
    150000   -18.00000000   1.9705900000e-01
    150000   -16.00000000   1.7408000000e-01
    150000   -14.00000000   1.5352600000e-01
    150000   -12.00000000   1.3550000000e-01
    150000   -10.00000000   1.2036900000e-01
    150000    -8.00000000   9.1309000000e-02
    150000    -6.00000000   7.2021000000e-02
    150000    -4.00000000   5.1010000000e-02
    150000    -2.00000000   1.4930000000e-02
    150000     0.00000000   1.1830000000e-02
    150000     2.00000000   1.1410000000e-02
    150000     4.00000000   1.1855000000e-02
    150000     6.00000000   1.6782000000e-02
    150000     8.00000000   2.9430000000e-02
    150000    10.00000000   4.1600000000e-02
    150000    12.00000000   5.8506000000e-02
    150000    14.00000000   7.7150000000e-02
    150000    16.00000000   9.8416000000e-02
    150000    18.00000000   1.2219800000e-01
    150000    20.00000000   1.4838000000e-01
    150000    22.00000000   1.7683600000e-01
    150000    24.00000000   2.0742600000e-01
    150000    26.00000000   2.4000100000e-01
    150000    28.00000000   2.7440200000e-01
    150000    30.00000000   3.1046000000e-01
    150000    32.00000000   3.4800000000e-01
    150000    34.00000000   3.8683900000e-01
    150000    36.00000000   4.2678600000e-01
    150000    38.00000000   4.6764800000e-01
    150000    40.00000000   5.0922400000e-01
    150000    42.00000000   5.5131100000e-01
    150000    44.00000000   5.9370400000e-01
    150000    46.00000000   6.3619600000e-01
    150000    48.00000000   6.7857900000e-01
    150000    50.00000000   7.2064600000e-01
    150000    52.00000000   7.6219100000e-01
    150000    54.00000000   8.0301300000e-01
    150000    56.00000000   8.4291100000e-01
    150000    58.00000000   8.8169000000e-01
    150000    60.00000000   9.1916000000e-01
    150000    62.00000000   9.5513900000e-01
    150000    64.00000000   9.8945100000e-01
    150000    66.00000000   1.0219280000e+00
    150000    68.00000000   1.0524100000e+00
    150000    70.00000000   1.0807490000e+00
    150000    72.00000000   1.1068060000e+00
    150000    74.00000000   1.1304530000e+00
    150000    76.00000000   1.1515740000e+00
    150000    78.00000000   1.1700660000e+00
    150000    80.00000000   1.1858380000e+00
    150000    82.00000000   1.1988120000e+00
    150000    84.00000000   1.2089250000e+00
    150000    86.00000000   1.2161260000e+00
    150000    88.00000000   1.2203800000e+00
    150000    90.00000000   1.2216640000e+00
    200000   -90.00000000   1.2216640000e+00
    200000   -88.00000000   1.2235660000e+00
    200000   -86.00000000   1.2224950000e+00
    200000   -84.00000000   1.2184690000e+00
    200000   -82.00000000   1.2115190000e+00
    200000   -80.00000000   1.2016920000e+00
    200000   -78.00000000   1.1890490000e+00
    200000   -76.00000000   1.1736620000e+00
    200000   -74.00000000   1.1556190000e+00
    200000   -72.00000000   1.1350190000e+00
    200000   -70.00000000   1.1119760000e+00
    200000   -68.00000000   1.0866120000e+00
    200000   -66.00000000   1.0590630000e+00
    200000   -64.00000000   1.0294750000e+00
    200000   -62.00000000   9.9800300000e-01
    200000   -60.00000000   9.6481100000e-01
    200000   -58.00000000   9.3007200000e-01
    200000   -56.00000000   8.9396600000e-01
    200000   -54.00000000   8.5667900000e-01
    200000   -52.00000000   8.1840300000e-01
    200000   -50.00000000   7.7933300000e-01
    200000   -48.00000000   7.3967200000e-01
    200000   -46.00000000   6.9961900000e-01
    200000   -44.00000000   6.5938100000e-01
    200000   -42.00000000   6.1916200000e-01
    200000   -40.00000000   5.7916500000e-01
    200000   -38.00000000   5.3959500000e-01
    200000   -36.00000000   5.0065100000e-01
    200000   -34.00000000   4.6253200000e-01
    200000   -32.00000000   4.2542900000e-01
    200000   -30.00000000   3.8953000000e-01
    200000   -28.00000000   3.5501600000e-01
    200000   -26.00000000   3.2206300000e-01
    200000   -24.00000000   2.9083500000e-01
    200000   -22.00000000   2.6149000000e-01
    200000   -20.00000000   2.3417600000e-01
    200000   -18.00000000   2.0903100000e-01
    200000   -16.00000000   1.8618100000e-01
    200000   -14.00000000   1.6574000000e-01
    200000   -12.00000000   1.4849400000e-01
    200000   -10.00000000   1.0198600000e-01
    200000    -8.00000000   8.1361000000e-02
    200000    -6.00000000   7.1412000000e-02
    200000    -4.00000000   4.6857000000e-02
    200000    -2.00000000   1.2490000000e-02
    200000     0.00000000   9.1800000000e-03
    200000     2.00000000   9.3900000000e-03
    200000     4.00000000   1.0227000000e-02
    200000     6.00000000   7.3910000000e-03
    200000     8.00000000   1.5322000000e-02
    200000    10.00000000   1.5601000000e-02
    200000    12.00000000   3.1716000000e-02
    200000    14.00000000   5.0576000000e-02
    200000    16.00000000   7.2088000000e-02
    200000    18.00000000   9.6150000000e-02
    200000    20.00000000   1.2264400000e-01
    200000    22.00000000   1.5144200000e-01
    200000    24.00000000   1.8240600000e-01
    200000    26.00000000   2.1538500000e-01
    200000    28.00000000   2.5021900000e-01
    200000    30.00000000   2.8674100000e-01
    200000    32.00000000   3.2477300000e-01
    200000    34.00000000   3.6413300000e-01
    200000    36.00000000   4.0462900000e-01
    200000    38.00000000   4.4606600000e-01
    200000    40.00000000   4.8824300000e-01
    200000    42.00000000   5.3095700000e-01
    200000    44.00000000   5.7400200000e-01
    200000    46.00000000   6.1717000000e-01
    200000    48.00000000   6.6025200000e-01
    200000    50.00000000   7.0304100000e-01
    200000    52.00000000   7.4533000000e-01
    200000    54.00000000   7.8691500000e-01
    200000    56.00000000   8.2759500000e-01
    200000    58.00000000   8.6717600000e-01
    200000    60.00000000   9.0546600000e-01
    200000    62.00000000   9.4228100000e-01
    200000    64.00000000   9.7744500000e-01
    200000    66.00000000   1.0107880000e+00
    200000    68.00000000   1.0421500000e+00
    200000    70.00000000   1.0713810000e+00
    200000    72.00000000   1.0983420000e+00
    200000    74.00000000   1.1229030000e+00
    200000    76.00000000   1.1449480000e+00
    200000    78.00000000   1.1643720000e+00
    200000    80.00000000   1.1810820000e+00
    200000    82.00000000   1.1950010000e+00
    200000    84.00000000   1.2060620000e+00
    200000    86.00000000   1.2142160000e+00
    200000    88.00000000   1.2194240000e+00
    200000    90.00000000   1.2216640000e+00
    250000   -90.00000000   1.2216640000e+00
    250000   -88.00000000   1.2225770000e+00
    250000   -86.00000000   1.2205190000e+00
    250000   -84.00000000   1.2155070000e+00
    250000   -82.00000000   1.2075760000e+00
    250000   -80.00000000   1.1967730000e+00
    250000   -78.00000000   1.1831590000e+00
    250000   -76.00000000   1.1668090000e+00
    250000   -74.00000000   1.1478100000e+00
    250000   -72.00000000   1.1262650000e+00
    250000   -70.00000000   1.1022870000e+00
    250000   -68.00000000   1.0760000000e+00
    250000   -66.00000000   1.0475410000e+00
    250000   -64.00000000   1.0170570000e+00
    250000   -62.00000000   9.8470400000e-01
    250000   -60.00000000   9.5064700000e-01
    250000   -58.00000000   9.1506000000e-01
    250000   -56.00000000   8.7812500000e-01
    250000   -54.00000000   8.4002800000e-01
    250000   -52.00000000   8.0096200000e-01
    250000   -50.00000000   7.6112400000e-01
    250000   -48.00000000   7.2071600000e-01
    250000   -46.00000000   6.7994100000e-01
    250000   -44.00000000   6.3900300000e-01
    250000   -42.00000000   5.9810900000e-01
    250000   -40.00000000   5.5746400000e-01
    250000   -38.00000000   5.1727100000e-01
    250000   -36.00000000   4.7773300000e-01
    250000   -34.00000000   4.3904600000e-01
    250000   -32.00000000   4.0140400000e-01
    250000   -30.00000000   3.6499600000e-01
    250000   -28.00000000   3.3000400000e-01
    250000   -26.00000000   2.9660100000e-01
    250000   -24.00000000   2.6495500000e-01
    250000   -22.00000000   2.3522400000e-01
    250000   -20.00000000   2.0755600000e-01
    250000   -18.00000000   1.8208900000e-01
    250000   -16.00000000   1.5894900000e-01
    250000   -14.00000000   1.3825300000e-01
    250000   -12.00000000   1.2144500000e-01
    250000   -10.00000000   1.1054600000e-01
    250000    -8.00000000   9.3015000000e-02
    250000    -6.00000000   6.4860000000e-02
    250000    -4.00000000   2.5310000000e-02
    250000    -2.00000000   1.0810000000e-02
    250000     0.00000000   7.7800000000e-03
    250000     2.00000000   8.4100000000e-03
    250000     4.00000000   9.9600000000e-03
    250000     6.00000000   1.1701000000e-02
    250000     8.00000000   2.5014000000e-02
    250000    10.00000000   2.1742000000e-02
    250000    12.00000000   3.7816000000e-02
    250000    14.00000000   5.6626000000e-02
    250000    16.00000000   7.8082000000e-02
    250000    18.00000000   1.0208000000e-01
    250000    20.00000000   1.2850300000e-01
    250000    22.00000000   1.5722400000e-01
    250000    24.00000000   1.8810200000e-01
    250000    26.00000000   2.2098900000e-01
    250000    28.00000000   2.5572500000e-01
    250000    30.00000000   2.9214100000e-01
    250000    32.00000000   3.3006200000e-01
    250000    34.00000000   3.6930200000e-01
    250000    36.00000000   4.0967400000e-01
    250000    38.00000000   4.5097900000e-01
    250000    40.00000000   4.9302000000e-01
    250000    42.00000000   5.3559100000e-01
    250000    44.00000000   5.7848800000e-01
    250000    46.00000000   6.2150200000e-01
    250000    48.00000000   6.6442500000e-01
    250000    50.00000000   7.0704900000e-01
    250000    52.00000000   7.4916900000e-01
    250000    54.00000000   7.9058000000e-01
    250000    56.00000000   8.3108200000e-01
    250000    58.00000000   8.7048000000e-01
    250000    60.00000000   9.0858400000e-01
    250000    62.00000000   9.4520900000e-01
    250000    64.00000000   9.8017800000e-01
    250000    66.00000000   1.0133240000e+00
    250000    68.00000000   1.0444860000e+00
    250000    70.00000000   1.0735140000e+00
    250000    72.00000000   1.1002690000e+00
    250000    74.00000000   1.1246220000e+00
    250000    76.00000000   1.1464570000e+00
    250000    78.00000000   1.1656680000e+00
    250000    80.00000000   1.1821650000e+00
    250000    82.00000000   1.1958680000e+00
    250000    84.00000000   1.2067140000e+00
    250000    86.00000000   1.2146500000e+00
    250000    88.00000000   1.2196410000e+00
    250000    90.00000000   1.2216640000e+00
     50000   -90.00000000   1.2216640000e+00
     50000   -88.00000000   1.2227550000e+00
     50000   -86.00000000   1.2208730000e+00
     50000   -84.00000000   1.2160380000e+00
     50000   -82.00000000   1.2082830000e+00
     50000   -80.00000000   1.1976550000e+00
     50000   -78.00000000   1.1842150000e+00
     50000   -76.00000000   1.1680370000e+00
     50000   -74.00000000   1.1492100000e+00
     50000   -72.00000000   1.1278350000e+00
     50000   -70.00000000   1.1040240000e+00
     50000   -68.00000000   1.0779030000e+00
     50000   -66.00000000   1.0496070000e+00
     50000   -64.00000000   1.0192830000e+00
     50000   -62.00000000   9.8708800000e-01
     50000   -60.00000000   9.5318700000e-01
     50000   -58.00000000   9.1775200000e-01
     50000   -56.00000000   8.8096500000e-01
     50000   -54.00000000   8.4301300000e-01
     50000   -52.00000000   8.0408900000e-01
     50000   -50.00000000   7.6438900000e-01
     50000   -48.00000000   7.2411500000e-01
     50000   -46.00000000   6.8346900000e-01
     50000   -44.00000000   6.4265700000e-01
     50000   -42.00000000   6.0188400000e-01
     50000   -40.00000000   5.6135500000e-01
     50000   -38.00000000   5.2127400000e-01
     50000   -36.00000000   4.8184200000e-01
     50000   -34.00000000   4.4325700000e-01
     50000   -32.00000000   4.0571200000e-01
     50000   -30.00000000   3.6939500000e-01
     50000   -28.00000000   3.3448800000e-01
     50000   -26.00000000   3.0116600000e-01
     50000   -24.00000000   2.6959500000e-01
     50000   -22.00000000   2.3993300000e-01
     50000   -20.00000000   2.1232900000e-01
     50000   -18.00000000   1.8691900000e-01
     50000   -16.00000000   1.6383200000e-01
     50000   -14.00000000   1.4318100000e-01
     50000   -12.00000000   1.2507100000e-01
     50000   -10.00000000   1.0959200000e-01
     50000    -8.00000000   9.8145000000e-02
     50000    -6.00000000   8.6820000000e-02
     50000    -4.00000000   5.6335000000e-02
     50000    -2.00000000   2.4840000000e-02
     50000     0.00000000   2.2920000000e-02
     50000     2.00000000   3.0570000000e-02
     50000     4.00000000   3.7300000000e-02
     50000     6.00000000   3.0153000000e-02
     50000     8.00000000   3.3492000000e-02
     50000    10.00000000   4.2786000000e-02
     50000    12.00000000   5.6278000000e-02
     50000    14.00000000   7.4941000000e-02
     50000    16.00000000   9.6226000000e-02
     50000    18.00000000   1.2003200000e-01
     50000    20.00000000   1.4624000000e-01
     50000    22.00000000   1.7472500000e-01
     50000    24.00000000   2.0534600000e-01
     50000    26.00000000   2.3795400000e-01
     50000    28.00000000   2.7239100000e-01
     50000    30.00000000   3.0848800000e-01
     50000    32.00000000   3.4606900000e-01
     50000    34.00000000   3.8495100000e-01
     50000    36.00000000   4.2494400000e-01
     50000    38.00000000   4.6585300000e-01
     50000    40.00000000   5.0747900000e-01
     50000    42.00000000   5.4961900000e-01
     50000    44.00000000   5.9206600000e-01
     50000    46.00000000   6.3461400000e-01
     50000    48.00000000   6.7705500000e-01
     50000    50.00000000   7.1918200000e-01
     50000    52.00000000   7.6078900000e-01
     50000    54.00000000   8.0167400000e-01
     50000    56.00000000   8.4163700000e-01
     50000    58.00000000   8.8048300000e-01
     50000    60.00000000   9.1802200000e-01
     50000    62.00000000   9.5407000000e-01
     50000    64.00000000   9.8845300000e-01
     50000    66.00000000   1.0210010000e+00
     50000    68.00000000   1.0515570000e+00
     50000    70.00000000   1.0799700000e+00
     50000    72.00000000   1.1061020000e+00
     50000    74.00000000   1.1298250000e+00
     50000    76.00000000   1.1510230000e+00
     50000    78.00000000   1.1695930000e+00
     50000    80.00000000   1.1854430000e+00
     50000    82.00000000   1.1984950000e+00
     50000    84.00000000   1.2086870000e+00
     50000    86.00000000   1.2159670000e+00
     50000    88.00000000   1.2203000000e+00
     50000    90.00000000   1.2216640000e+00
    100000   -90.00000000   1.2216640000e+00
    100000   -88.00000000   1.2224960000e+00
    100000   -86.00000000   1.2203550000e+00
    100000   -84.00000000   1.2152630000e+00
    100000   -82.00000000   1.2072500000e+00
    100000   -80.00000000   1.1963660000e+00
    100000   -78.00000000   1.1826720000e+00
    100000   -76.00000000   1.1662420000e+00
    100000   -74.00000000   1.1471650000e+00
    100000   -72.00000000   1.1255410000e+00
    100000   -70.00000000   1.1014860000e+00
    100000   -68.00000000   1.0751220000e+00
    100000   -66.00000000   1.0465880000e+00
    100000   -64.00000000   1.0160300000e+00
    100000   -62.00000000   9.8360400000e-01
    100000   -60.00000000   9.4947600000e-01
    100000   -58.00000000   9.1381900000e-01
    100000   -56.00000000   8.7681500000e-01
    100000   -54.00000000   8.3865100000e-01
    100000   -52.00000000   7.9952000000e-01
    100000   -50.00000000   7.5961800000e-01
    100000   -48.00000000   7.1914800000e-01
    100000   -46.00000000   6.7831300000e-01
    100000   -44.00000000   6.3731800000e-01
    100000   -42.00000000   5.9636800000e-01
    100000   -40.00000000   5.5567000000e-01
    100000   -38.00000000   5.1542600000e-01
    100000   -36.00000000   4.7583800000e-01
    100000   -34.00000000   4.3710400000e-01
    100000   -32.00000000   3.9941800000e-01
    100000   -30.00000000   3.6296800000e-01
    100000   -28.00000000   3.2793500000e-01
    100000   -26.00000000   2.9449600000e-01
    100000   -24.00000000   2.6281500000e-01
    100000   -22.00000000   2.3305200000e-01
    100000   -20.00000000   2.0535500000e-01
    100000   -18.00000000   1.7986100000e-01
    100000   -16.00000000   1.5669800000e-01
    100000   -14.00000000   1.3598000000e-01
    100000   -12.00000000   1.1781200000e-01
    100000   -10.00000000   1.0240200000e-01
    100000    -8.00000000   9.5076000000e-02
    100000    -6.00000000   7.7671000000e-02
    100000    -4.00000000   4.8680000000e-02
    100000    -2.00000000   1.8750000000e-02
    100000     0.00000000   1.6810000000e-02
    100000     2.00000000   1.6330000000e-02
    100000     4.00000000   1.5275000000e-02
    100000     6.00000000   1.7997000000e-02
    100000     8.00000000   3.7686000000e-02
    100000    10.00000000   4.2284000000e-02
    100000    12.00000000   5.5489000000e-02
    100000    14.00000000   7.4157000000e-02
    100000    16.00000000   9.5450000000e-02
    100000    18.00000000   1.1926400000e-01
    100000    20.00000000   1.4548200000e-01
    100000    22.00000000   1.7397600000e-01
    100000    24.00000000   2.0460800000e-01
    100000    26.00000000   2.3722800000e-01
    100000    28.00000000   2.7167800000e-01
    100000    30.00000000   3.0778800000e-01
    100000    32.00000000   3.4538400000e-01
    100000    34.00000000   3.8428100000e-01
    100000    36.00000000   4.2429100000e-01
    100000    38.00000000   4.6521700000e-01
    100000    40.00000000   5.0686100000e-01
    100000    42.00000000   5.4901900000e-01
    100000    44.00000000   5.9148500000e-01
    100000    46.00000000   6.3405300000e-01
    100000    48.00000000   6.7651400000e-01
    100000    50.00000000   7.1866300000e-01
    100000    52.00000000   7.6029200000e-01
    100000    54.00000000   8.0120000000e-01
    100000    56.00000000   8.4118600000e-01
    100000    58.00000000   8.8005500000e-01
    100000    60.00000000   9.1761800000e-01
    100000    62.00000000   9.5369100000e-01
    100000    64.00000000   9.8809900000e-01
    100000    66.00000000   1.0206730000e+00
    100000    68.00000000   1.0512540000e+00
    100000    70.00000000   1.0796940000e+00
    100000    72.00000000   1.1058520000e+00
    100000    74.00000000   1.1296020000e+00
    100000    76.00000000   1.1508280000e+00
    100000    78.00000000   1.1694250000e+00
    100000    80.00000000   1.1853020000e+00
    100000    82.00000000   1.1983830000e+00
    100000    84.00000000   1.2086030000e+00
    100000    86.00000000   1.2159110000e+00
    100000    88.00000000   1.2202720000e+00
    100000    90.00000000   1.2216640000e+00
    150000   -90.00000000   1.2216640000e+00
    150000   -88.00000000   1.2226990000e+00
    150000   -86.00000000   1.2207610000e+00
    150000   -84.00000000   1.2158710000e+00
    150000   -82.00000000   1.2080600000e+00
    150000   -80.00000000   1.1973770000e+00
    150000   -78.00000000   1.1838810000e+00
    150000   -76.00000000   1.1676490000e+00
    150000   -74.00000000   1.1487680000e+00
    150000   -72.00000000   1.1273390000e+00
    150000   -70.00000000   1.1034750000e+00
    150000   -68.00000000   1.0773020000e+00
    150000   -66.00000000   1.0489540000e+00
    150000   -64.00000000   1.0185800000e+00
    150000   -62.00000000   9.8633500000e-01
    150000   -60.00000000   9.5238400000e-01
    150000   -58.00000000   9.1690200000e-01
    150000   -56.00000000   8.8006800000e-01
    150000   -54.00000000   8.4207000000e-01
    150000   -52.00000000   8.0310100000e-01
    150000   -50.00000000   7.6335800000e-01
    150000   -48.00000000   7.2304100000e-01
    150000   -46.00000000   6.8235400000e-01
    150000   -44.00000000   6.4150300000e-01
    150000   -42.00000000   6.0069100000e-01
    150000   -40.00000000   5.6012600000e-01
    150000   -38.00000000   5.2001000000e-01
    150000   -36.00000000   4.8054400000e-01
    150000   -34.00000000   4.4192700000e-01
    150000   -32.00000000   4.0435100000e-01
    150000   -30.00000000   3.6800600000e-01
    150000   -28.00000000   3.3307200000e-01
    150000   -26.00000000   2.9972400000e-01
    150000   -24.00000000   2.6813000000e-01
    150000   -22.00000000   2.3844600000e-01
    150000   -20.00000000   2.1082100000e-01
    150000   -18.00000000   1.8539300000e-01
    150000   -16.00000000   1.6229000000e-01
    150000   -14.00000000   1.4162500000e-01
    150000   -12.00000000   1.2408200000e-01
    150000   -10.00000000   1.1085600000e-01
    150000    -8.00000000   9.7016000000e-02
    150000    -6.00000000   8.7729000000e-02
    150000    -4.00000000   3.8180000000e-02
    150000    -2.00000000   1.4960000000e-02
    150000     0.00000000   1.1580000000e-02
    150000     2.00000000   1.1390000000e-02
    150000     4.00000000   1.2040000000e-02
    150000     6.00000000   1.5307000000e-02
    150000     8.00000000   2.5220000000e-02
    150000    10.00000000   4.3839000000e-02
    150000    12.00000000   5.4348000000e-02
    150000    14.00000000   7.3025000000e-02
    150000    16.00000000   9.4329000000e-02
    150000    18.00000000   1.1815400000e-01
    150000    20.00000000   1.4438500000e-01
    150000    22.00000000   1.7289400000e-01
    150000    24.00000000   2.0354200000e-01
    150000    26.00000000   2.3618000000e-01
    150000    28.00000000   2.7064800000e-01
    150000    30.00000000   3.0677800000e-01
    150000    32.00000000   3.4439500000e-01
    150000    34.00000000   3.8331400000e-01
    150000    36.00000000   4.2334700000e-01
    150000    38.00000000   4.6429800000e-01
    150000    40.00000000   5.0596700000e-01
    150000    42.00000000   5.4815200000e-01
    150000    44.00000000   5.9064600000e-01
    150000    46.00000000   6.3324200000e-01
    150000    48.00000000   6.7573400000e-01
    150000    50.00000000   7.1791300000e-01
    150000    52.00000000   7.5957400000e-01
    150000    54.00000000   8.0051400000e-01
    150000    56.00000000   8.4053300000e-01
    150000    58.00000000   8.7943700000e-01
    150000    60.00000000   9.1703500000e-01
    150000    62.00000000   9.5314400000e-01
    150000    64.00000000   9.8758700000e-01
    150000    66.00000000   1.0201980000e+00
    150000    68.00000000   1.0508170000e+00
    150000    70.00000000   1.0792950000e+00
    150000    72.00000000   1.1054920000e+00
    150000    74.00000000   1.1292810000e+00
    150000    76.00000000   1.1505450000e+00
    150000    78.00000000   1.1691820000e+00
    150000    80.00000000   1.1851000000e+00
    150000    82.00000000   1.1982210000e+00
    150000    84.00000000   1.2084810000e+00
    150000    86.00000000   1.2158290000e+00
    150000    88.00000000   1.2202310000e+00
    150000    90.00000000   1.2216640000e+00
    200000   -90.00000000   1.2216640000e+00
    200000   -88.00000000   1.2235230000e+00
    200000   -86.00000000   1.2224100000e+00
    200000   -84.00000000   1.2183410000e+00
    200000   -82.00000000   1.2113490000e+00
    200000   -80.00000000   1.2014810000e+00
    200000   -78.00000000   1.1887950000e+00
    200000   -76.00000000   1.1733670000e+00
    200000   -74.00000000   1.1552820000e+00
    200000   -72.00000000   1.1346420000e+00
    200000   -70.00000000   1.1115590000e+00
    200000   -68.00000000   1.0861550000e+00
    200000   -66.00000000   1.0585670000e+00
    200000   -64.00000000   1.0289400000e+00
    200000   -62.00000000   9.9743000000e-01
    200000   -60.00000000   9.6420100000e-01
    200000   -58.00000000   9.2942600000e-01
    200000   -56.00000000   8.9328400000e-01
    200000   -54.00000000   8.5596200000e-01
    200000   -52.00000000   8.1765100000e-01
    200000   -50.00000000   7.7854900000e-01
    200000   -48.00000000   7.3885500000e-01
    200000   -46.00000000   6.9877200000e-01
    200000   -44.00000000   6.5850300000e-01
    200000   -42.00000000   6.1825500000e-01
    200000   -40.00000000   5.7823100000e-01
    200000   -38.00000000   5.3863300000e-01
    200000   -36.00000000   4.9966400000e-01
    200000   -34.00000000   4.6152000000e-01
    200000   -32.00000000   4.2439400000e-01
    200000   -30.00000000   3.8847300000e-01
    200000   -28.00000000   3.5393900000e-01
    200000   -26.00000000   3.2096600000e-01
    200000   -24.00000000   2.8972000000e-01
    200000   -22.00000000   2.6035900000e-01
    200000   -20.00000000   2.3303000000e-01
    200000   -18.00000000   2.0787100000e-01
    200000   -16.00000000   1.8500800000e-01
    200000   -14.00000000   1.6462800000e-01
    200000   -12.00000000   1.4753800000e-01
    200000   -10.00000000   1.0930200000e-01
    200000    -8.00000000   9.5248000000e-02
    200000    -6.00000000   8.6883000000e-02
    200000    -4.00000000   2.6735000000e-02
    200000    -2.00000000   1.1830000000e-02
    200000     0.00000000   9.1400000000e-03
    200000     2.00000000   9.3900000000e-03
    200000     4.00000000   1.0712000000e-02
    200000     6.00000000   1.4799000000e-02
    200000     8.00000000   2.8370000000e-02
    200000    10.00000000   2.5369000000e-02
    200000    12.00000000   4.1118000000e-02
    200000    14.00000000   5.9902000000e-02
    200000    16.00000000   8.1328000000e-02
    200000    18.00000000   1.0529200000e-01
    200000    20.00000000   1.3167600000e-01
    200000    22.00000000   1.6035500000e-01
    200000    24.00000000   1.9118700000e-01
    200000    26.00000000   2.2402400000e-01
    200000    28.00000000   2.5870600000e-01
    200000    30.00000000   2.9506500000e-01
    200000    32.00000000   3.3292500000e-01
    200000    34.00000000   3.7210200000e-01
    200000    36.00000000   4.1240500000e-01
    200000    38.00000000   4.5364000000e-01
    200000    40.00000000   4.9560700000e-01
    200000    42.00000000   5.3810100000e-01
    200000    44.00000000   5.8091700000e-01
    200000    46.00000000   6.2384700000e-01
    200000    48.00000000   6.6668400000e-01
    200000    50.00000000   7.0921900000e-01
    200000    52.00000000   7.5124700000e-01
    200000    54.00000000   7.9256400000e-01
    200000    56.00000000   8.3297000000e-01
    200000    58.00000000   8.7227000000e-01
    200000    60.00000000   9.1027200000e-01
    200000    62.00000000   9.4679400000e-01
    200000    64.00000000   9.8165900000e-01
    200000    66.00000000   1.0146970000e+00
    200000    68.00000000   1.0457510000e+00
    200000    70.00000000   1.0746690000e+00
    200000    72.00000000   1.1013120000e+00
    200000    74.00000000   1.1255530000e+00
    200000    76.00000000   1.1472730000e+00
    200000    78.00000000   1.1663700000e+00
    200000    80.00000000   1.1827510000e+00
    200000    82.00000000   1.1963380000e+00
    200000    84.00000000   1.2070670000e+00
    200000    86.00000000   1.2148860000e+00
    200000    88.00000000   1.2197590000e+00
    200000    90.00000000   1.2216640000e+00
    250000   -90.00000000   1.2216640000e+00
    250000   -88.00000000   1.2239610000e+00
    250000   -86.00000000   1.2232840000e+00
    250000   -84.00000000   1.2196510000e+00
    250000   -82.00000000   1.2130940000e+00
    250000   -80.00000000   1.2036570000e+00
    250000   -78.00000000   1.1914010000e+00
    250000   -76.00000000   1.1763990000e+00
    250000   -74.00000000   1.1587370000e+00
    250000   -72.00000000   1.1385160000e+00
    250000   -70.00000000   1.1158450000e+00
    250000   -68.00000000   1.0908500000e+00
    250000   -66.00000000   1.0636650000e+00
    250000   -64.00000000   1.0344350000e+00
    250000   -62.00000000   1.0033150000e+00
    250000   -60.00000000   9.7046800000e-01
    250000   -58.00000000   9.3606800000e-01
    250000   -56.00000000   9.0029300000e-01
    250000   -54.00000000   8.6332900000e-01
    250000   -52.00000000   8.2536800000e-01
    250000   -50.00000000   7.8660600000e-01
    250000   -48.00000000   7.4724200000e-01
    250000   -46.00000000   7.0747900000e-01
    250000   -44.00000000   6.6752000000e-01
    250000   -42.00000000   6.2756900000e-01
    250000   -40.00000000   5.8783200000e-01
    250000   -38.00000000   5.4851000000e-01
    250000   -36.00000000   5.0980400000e-01
    250000   -34.00000000   4.7191100000e-01
    250000   -32.00000000   4.3502300000e-01
    250000   -30.00000000   3.9932800000e-01
    250000   -28.00000000   3.6500600000e-01
    250000   -26.00000000   3.3223100000e-01
    250000   -24.00000000   3.0117000000e-01
    250000   -22.00000000   2.7198000000e-01
    250000   -20.00000000   2.4480800000e-01
    250000   -18.00000000   2.1979100000e-01
    250000   -16.00000000   1.9705600000e-01
    250000   -14.00000000   1.7656900000e-01
    250000   -12.00000000   1.5761500000e-01
    250000   -10.00000000   9.3296000000e-02
    250000    -8.00000000   7.6642000000e-02
    250000    -6.00000000   6.6345000000e-02
    250000    -4.00000000   5.6047000000e-02
    250000    -2.00000000   1.0750000000e-02
    250000     0.00000000   7.7800000000e-03
    250000     2.00000000   8.4200000000e-03
    250000     4.00000000   1.0145000000e-02
    250000     6.00000000   1.6355000000e-02
    250000     8.00000000   2.4723000000e-02
    250000    10.00000000   3.7894000000e-02
    250000    12.00000000   5.4482000000e-02
    250000    14.00000000   7.3159000000e-02
    250000    16.00000000   9.4461000000e-02
    250000    18.00000000   1.1828500000e-01
    250000    20.00000000   1.4451400000e-01
    250000    22.00000000   1.7302200000e-01
    250000    24.00000000   2.0366800000e-01
    250000    26.00000000   2.3630300000e-01
    250000    28.00000000   2.7076900000e-01
    250000    30.00000000   3.0689700000e-01
    250000    32.00000000   3.4451100000e-01
    250000    34.00000000   3.8342800000e-01
    250000    36.00000000   4.2345800000e-01
    250000    38.00000000   4.6440600000e-01
    250000    40.00000000   5.0607200000e-01
    250000    42.00000000   5.4825400000e-01
    250000    44.00000000   5.9074400000e-01
    250000    46.00000000   6.3333800000e-01
    250000    48.00000000   6.7582600000e-01
    250000    50.00000000   7.1800100000e-01
    250000    52.00000000   7.5965900000e-01
    250000    54.00000000   8.0059500000e-01
    250000    56.00000000   8.4061000000e-01
    250000    58.00000000   8.7950900000e-01
    250000    60.00000000   9.1710300000e-01
    250000    62.00000000   9.5320800000e-01
    250000    64.00000000   9.8764800000e-01
    250000    66.00000000   1.0202540000e+00
    250000    68.00000000   1.0508690000e+00
    250000    70.00000000   1.0793420000e+00
    250000    72.00000000   1.1055340000e+00
    250000    74.00000000   1.1293190000e+00
    250000    76.00000000   1.1505790000e+00
    250000    78.00000000   1.1692110000e+00
    250000    80.00000000   1.1851240000e+00
    250000    82.00000000   1.1982400000e+00
    250000    84.00000000   1.2084950000e+00
    250000    86.00000000   1.2158390000e+00
    250000    88.00000000   1.2202360000e+00
    250000    90.00000000   1.2216640000e+00
     50000   -90.00000000   1.2216640000e+00
     50000   -88.00000000   1.2225050000e+00
     50000   -86.00000000   1.2203750000e+00
     50000   -84.00000000   1.2152920000e+00
     50000   -82.00000000   1.2072890000e+00
     50000   -80.00000000   1.1964150000e+00
     50000   -78.00000000   1.1827300000e+00
     50000   -76.00000000   1.1663090000e+00
     50000   -74.00000000   1.1472420000e+00
     50000   -72.00000000   1.1256280000e+00
     50000   -70.00000000   1.1015810000e+00
     50000   -68.00000000   1.0752270000e+00
     50000   -66.00000000   1.0467020000e+00
     50000   -64.00000000   1.0161520000e+00
     50000   -62.00000000   9.8373500000e-01
     50000   -60.00000000   9.4961600000e-01
     50000   -58.00000000   9.1396700000e-01
     50000   -56.00000000   8.7697100000e-01
     50000   -54.00000000   8.3881500000e-01
     50000   -52.00000000   7.9969200000e-01
     50000   -50.00000000   7.5979800000e-01
     50000   -48.00000000   7.1933600000e-01
     50000   -46.00000000   6.7850800000e-01
     50000   -44.00000000   6.3751900000e-01
     50000   -42.00000000   5.9657600000e-01
     50000   -40.00000000   5.5588400000e-01
     50000   -38.00000000   5.1564600000e-01
     50000   -36.00000000   4.7606400000e-01
     50000   -34.00000000   4.3733600000e-01
     50000   -32.00000000   3.9965500000e-01
     50000   -30.00000000   3.6321000000e-01
     50000   -28.00000000   3.2818200000e-01
     50000   -26.00000000   2.9474700000e-01
     50000   -24.00000000   2.6307100000e-01
     50000   -22.00000000   2.3331100000e-01
     50000   -20.00000000   2.0561800000e-01
     50000   -18.00000000   1.8012700000e-01
     50000   -16.00000000   1.5696600000e-01
     50000   -14.00000000   1.3625200000e-01
     50000   -12.00000000   1.1808500000e-01
     50000   -10.00000000   1.0255800000e-01
     50000    -8.00000000   9.0138000000e-02
     50000    -6.00000000   8.3265000000e-02
     50000    -4.00000000   5.9602000000e-02
     50000    -2.00000000   2.4880000000e-02
     50000     0.00000000   2.2940000000e-02
     50000     2.00000000   3.0590000000e-02
     50000     4.00000000   3.7990000000e-02
     50000     6.00000000   3.1057000000e-02
     50000     8.00000000   4.0309000000e-02
     50000    10.00000000   6.5474000000e-02
     50000    12.00000000   7.7663000000e-02
     50000    14.00000000   9.5835000000e-02
     50000    16.00000000   1.1692600000e-01
     50000    18.00000000   1.4051200000e-01
     50000    20.00000000   1.6647600000e-01
     50000    22.00000000   1.9469100000e-01
     50000    24.00000000   2.2501800000e-01
     50000    26.00000000   2.5730900000e-01
     50000    28.00000000   2.9140400000e-01
     50000    30.00000000   3.2713600000e-01
     50000    32.00000000   3.6433000000e-01
     50000    34.00000000   4.0280300000e-01
     50000    36.00000000   4.4236500000e-01
     50000    38.00000000   4.8282200000e-01
     50000    40.00000000   5.2397500000e-01
     50000    42.00000000   5.6562100000e-01
     50000    44.00000000   6.0755600000e-01
     50000    46.00000000   6.4957200000e-01
     50000    48.00000000   6.9146400000e-01
     50000    50.00000000   7.3302400000e-01
     50000    52.00000000   7.7404700000e-01
     50000    54.00000000   8.1433200000e-01
     50000    56.00000000   8.5367900000e-01
     50000    58.00000000   8.9189400000e-01
     50000    60.00000000   9.2878900000e-01
     50000    62.00000000   9.6418000000e-01
     50000    64.00000000   9.9789300000e-01
     50000    66.00000000   1.0297600000e+00
     50000    68.00000000   1.0596230000e+00
     50000    70.00000000   1.0873350000e+00
     50000    72.00000000   1.1127560000e+00
     50000    74.00000000   1.1357600000e+00
     50000    76.00000000   1.1562320000e+00
     50000    78.00000000   1.1740700000e+00
     50000    80.00000000   1.1891820000e+00
     50000    82.00000000   1.2014920000e+00
     50000    84.00000000   1.2109380000e+00
     50000    86.00000000   1.2174690000e+00
     50000    88.00000000   1.2210520000e+00
     50000    90.00000000   1.2216640000e+00
    100000   -90.00000000   1.2216640000e+00
    100000   -88.00000000   1.2225320000e+00
    100000   -86.00000000   1.2204290000e+00
    100000   -84.00000000   1.2153730000e+00
    100000   -82.00000000   1.2073970000e+00
    100000   -80.00000000   1.1965490000e+00
    100000   -78.00000000   1.1828910000e+00
    100000   -76.00000000   1.1664970000e+00
    100000   -74.00000000   1.1474550000e+00
    100000   -72.00000000   1.1258670000e+00
    100000   -70.00000000   1.1018460000e+00
    100000   -68.00000000   1.0755170000e+00
    100000   -66.00000000   1.0470170000e+00
    100000   -64.00000000   1.0164920000e+00
    100000   -62.00000000   9.8409800000e-01
    100000   -60.00000000   9.5000200000e-01
    100000   -58.00000000   9.1437700000e-01
    100000   -56.00000000   8.7740400000e-01
    100000   -54.00000000   8.3927000000e-01
    100000   -52.00000000   8.0016800000e-01
    100000   -50.00000000   7.6029600000e-01
    100000   -48.00000000   7.1985300000e-01
    100000   -46.00000000   6.7904500000e-01
    100000   -44.00000000   6.3807600000e-01
    100000   -42.00000000   5.9715100000e-01
    100000   -40.00000000   5.5647700000e-01
    100000   -38.00000000   5.1625600000e-01
    100000   -36.00000000   4.7669000000e-01
    100000   -34.00000000   4.3797700000e-01
    100000   -32.00000000   4.0031100000e-01
    100000   -30.00000000   3.6388000000e-01
    100000   -28.00000000   3.2886500000e-01
    100000   -26.00000000   2.9544200000e-01
    100000   -24.00000000   2.6377800000e-01
    100000   -22.00000000   2.3402900000e-01
    100000   -20.00000000   2.0634500000e-01
    100000   -18.00000000   1.8086300000e-01
    100000   -16.00000000   1.5771000000e-01
    100000   -14.00000000   1.3700200000e-01
    100000   -12.00000000   1.1884200000e-01
    100000   -10.00000000   1.0332000000e-01
    100000    -8.00000000   9.2534000000e-02
    100000    -6.00000000   8.0117000000e-02
    100000    -4.00000000   5.6281000000e-02
    100000    -2.00000000   1.8850000000e-02
    100000     0.00000000   1.6820000000e-02
    100000     2.00000000   1.6330000000e-02
    100000     4.00000000   1.5410000000e-02
    100000     6.00000000   1.5793000000e-02
    100000     8.00000000   3.0302000000e-02
    100000    10.00000000   3.1012000000e-02
    100000    12.00000000   4.5367000000e-02
    100000    14.00000000   6.4117000000e-02
    100000    16.00000000   8.5503000000e-02
    100000    18.00000000   1.0942200000e-01
    100000    20.00000000   1.3575800000e-01
    100000    22.00000000   1.6438200000e-01
    100000    24.00000000   1.9515500000e-01
    100000    26.00000000   2.2792800000e-01
    100000    28.00000000   2.6254100000e-01
    100000    30.00000000   2.9882700000e-01
    100000    32.00000000   3.3660800000e-01
    100000    34.00000000   3.7570300000e-01
    100000    36.00000000   4.1591900000e-01
    100000    38.00000000   4.5706300000e-01
    100000    40.00000000   4.9893400000e-01
    100000    42.00000000   5.4132800000e-01
    100000    44.00000000   5.8404100000e-01
    100000    46.00000000   6.2686400000e-01
    100000    48.00000000   6.6959000000e-01
    100000    50.00000000   7.1201100000e-01
    100000    52.00000000   7.5392100000e-01
    100000    54.00000000   7.9511700000e-01
    100000    56.00000000   8.3539900000e-01
    100000    58.00000000   8.7457100000e-01
    100000    60.00000000   9.1244400000e-01
    100000    62.00000000   9.4883300000e-01
    100000    64.00000000   9.8356300000e-01
    100000    66.00000000   1.0164640000e+00
    100000    68.00000000   1.0473780000e+00
    100000    70.00000000   1.0761540000e+00
    100000    72.00000000   1.1026550000e+00
    100000    74.00000000   1.1267500000e+00
    100000    76.00000000   1.1483240000e+00
    100000    78.00000000   1.1672730000e+00
    100000    80.00000000   1.1835050000e+00
    100000    82.00000000   1.1969430000e+00
    100000    84.00000000   1.2075210000e+00
    100000    86.00000000   1.2151890000e+00
    100000    88.00000000   1.2199110000e+00
    100000    90.00000000   1.2216640000e+00
    150000   -90.00000000   1.2216640000e+00
    150000   -88.00000000   1.2224870000e+00
    150000   -86.00000000   1.2203380000e+00
    150000   -84.00000000   1.2152370000e+00
    150000   -82.00000000   1.2072160000e+00
    150000   -80.00000000   1.1963240000e+00
    150000   -78.00000000   1.1826210000e+00
    150000   -76.00000000   1.1661820000e+00
    150000   -74.00000000   1.1470970000e+00
    150000   -72.00000000   1.1254650000e+00
    150000   -70.00000000   1.1014020000e+00
    150000   -68.00000000   1.0750300000e+00
    150000   -66.00000000   1.0464880000e+00
    150000   -64.00000000   1.0159220000e+00
    150000   -62.00000000   9.8348800000e-01
    150000   -60.00000000   9.4935300000e-01
    150000   -58.00000000   9.1368900000e-01
    150000   -56.00000000   8.7667800000e-01
    150000   -54.00000000   8.3850600000e-01
    150000   -52.00000000   7.9936800000e-01
    150000   -50.00000000   7.5946000000e-01
    150000   -48.00000000   7.1898400000e-01
    150000   -46.00000000   6.7814300000e-01
    150000   -44.00000000   6.3714100000e-01
    150000   -42.00000000   5.9618600000e-01
    150000   -40.00000000   5.5548100000e-01
    150000   -38.00000000   5.1523200000e-01
    150000   -36.00000000   4.7563900000e-01
    150000   -34.00000000   4.3690000000e-01
    150000   -32.00000000   3.9920900000e-01
    150000   -30.00000000   3.6275500000e-01
    150000   -28.00000000   3.2771800000e-01
    150000   -26.00000000   2.9427500000e-01
    150000   -24.00000000   2.6259100000e-01
    150000   -22.00000000   2.3282400000e-01
    150000   -20.00000000   2.0512400000e-01
    150000   -18.00000000   1.7962700000e-01
    150000   -16.00000000   1.5646100000e-01
    150000   -14.00000000   1.3574200000e-01
    150000   -12.00000000   1.1822200000e-01
    150000   -10.00000000   1.0490100000e-01
    150000    -8.00000000   9.0575000000e-02
    150000    -6.00000000   8.0485000000e-02
    150000    -4.00000000   4.7690000000e-02
    150000    -2.00000000   1.4970000000e-02
    150000     0.00000000   1.1740000000e-02
    150000     2.00000000   1.1390000000e-02
    150000     4.00000000   1.2190000000e-02
    150000     6.00000000   1.6574000000e-02
    150000     8.00000000   2.5913000000e-02
    150000    10.00000000   3.5800000000e-02
    150000    12.00000000   4.9408000000e-02
    150000    14.00000000   6.8125000000e-02
    150000    16.00000000   8.9474000000e-02
    150000    18.00000000   1.1335100000e-01
    150000    20.00000000   1.3964000000e-01
    150000    22.00000000   1.6821200000e-01
    150000    24.00000000   1.9892900000e-01
    150000    26.00000000   2.3164100000e-01
    150000    28.00000000   2.6618900000e-01
    150000    30.00000000   3.0240500000e-01
    150000    32.00000000   3.4011200000e-01
    150000    34.00000000   3.7912700000e-01
    150000    36.00000000   4.1926100000e-01
    150000    38.00000000   4.6031800000e-01
    150000    40.00000000   5.0209800000e-01
    150000    42.00000000   5.4439900000e-01
    150000    44.00000000   5.8701300000e-01
    150000    46.00000000   6.2973400000e-01
    150000    48.00000000   6.7235500000e-01
    150000    50.00000000   7.1466700000e-01
    150000    52.00000000   7.5646500000e-01
    150000    54.00000000   7.9754600000e-01
    150000    56.00000000   8.3770900000e-01
    150000    58.00000000   8.7676100000e-01
    150000    60.00000000   9.1451000000e-01
    150000    62.00000000   9.5077300000e-01
    150000    64.00000000   9.8537400000e-01
    150000    66.00000000   1.0181440000e+00
    150000    68.00000000   1.0489250000e+00
    150000    70.00000000   1.0775670000e+00
    150000    72.00000000   1.1039310000e+00
    150000    74.00000000   1.1278890000e+00
    150000    76.00000000   1.1493240000e+00
    150000    78.00000000   1.1681320000e+00
    150000    80.00000000   1.1842230000e+00
    150000    82.00000000   1.1975180000e+00
    150000    84.00000000   1.2079530000e+00
    150000    86.00000000   1.2154770000e+00
    150000    88.00000000   1.2200550000e+00
    150000    90.00000000   1.2216640000e+00
    200000   -90.00000000   1.2216640000e+00
    200000   -88.00000000   1.2223330000e+00
    200000   -86.00000000   1.2200300000e+00
    200000   -84.00000000   1.2147750000e+00
    200000   -82.00000000   1.2066020000e+00
    200000   -80.00000000   1.1955570000e+00
    200000   -78.00000000   1.1817030000e+00
    200000   -76.00000000   1.1651140000e+00
    200000   -74.00000000   1.1458800000e+00
    200000   -72.00000000   1.1241010000e+00
    200000   -70.00000000   1.0998910000e+00
    200000   -68.00000000   1.0733760000e+00
    200000   -66.00000000   1.0446920000e+00
    200000   -64.00000000   1.0139860000e+00
    200000   -62.00000000   9.8141500000e-01
    200000   -60.00000000   9.4714500000e-01
    200000   -58.00000000   9.1134900000e-01
    200000   -56.00000000   8.7420800000e-01
    200000   -54.00000000   8.3591100000e-01
    200000   -52.00000000   7.9665000000e-01
    200000   -50.00000000   7.5662200000e-01
    200000   -48.00000000   7.1602900000e-01
    200000   -46.00000000   6.7507500000e-01
    200000   -44.00000000   6.3396500000e-01
    200000   -42.00000000   5.9290400000e-01
    200000   -40.00000000   5.5209900000e-01
    200000   -38.00000000   5.1175200000e-01
    200000   -36.00000000   4.7206700000e-01
    200000   -34.00000000   4.3324000000e-01
    200000   -32.00000000   3.9546500000e-01
    200000   -30.00000000   3.5893100000e-01
    200000   -28.00000000   3.2382000000e-01
    200000   -26.00000000   2.9030600000e-01
    200000   -24.00000000   2.5855700000e-01
    200000   -22.00000000   2.2873000000e-01
    200000   -20.00000000   2.0097400000e-01
    200000   -18.00000000   1.7542800000e-01
    200000   -16.00000000   1.5221700000e-01
    200000   -14.00000000   1.3145700000e-01
    200000   -12.00000000   1.1771500000e-01
    200000   -10.00000000   9.8148000000e-02
    200000    -8.00000000   8.6753000000e-02
    200000    -6.00000000   7.5160000000e-02
    200000    -4.00000000   5.2560000000e-02
    200000    -2.00000000   1.2400000000e-02
    200000     0.00000000   9.2000000000e-03
    200000     2.00000000   9.3900000000e-03
    200000     4.00000000   1.0787000000e-02
    200000     6.00000000   1.6482000000e-02
    200000     8.00000000   2.6855000000e-02
    200000    10.00000000   3.8680000000e-02
    200000    12.00000000   5.5938000000e-02
    200000    14.00000000   7.4603000000e-02
    200000    16.00000000   9.5892000000e-02
    200000    18.00000000   1.1970100000e-01
    200000    20.00000000   1.4591400000e-01
    200000    22.00000000   1.7440200000e-01
    200000    24.00000000   2.0502800000e-01
    200000    26.00000000   2.3764100000e-01
    200000    28.00000000   2.7208400000e-01
    200000    30.00000000   3.0818600000e-01
    200000    32.00000000   3.4577400000e-01
    200000    34.00000000   3.8466200000e-01
    200000    36.00000000   4.2466300000e-01
    200000    38.00000000   4.6557900000e-01
    200000    40.00000000   5.0721300000e-01
    200000    42.00000000   5.4936000000e-01
    200000    44.00000000   5.9181600000e-01
    200000    46.00000000   6.3437200000e-01
    200000    48.00000000   6.7682200000e-01
    200000    50.00000000   7.1895800000e-01
    200000    52.00000000   7.6057500000e-01
    200000    54.00000000   8.0147000000e-01
    200000    56.00000000   8.4144300000e-01
    200000    58.00000000   8.8029900000e-01
    200000    60.00000000   9.1784800000e-01
    200000    62.00000000   9.5390700000e-01
    200000    64.00000000   9.8830000000e-01
    200000    66.00000000   1.0208600000e+00
    200000    68.00000000   1.0514260000e+00
    200000    70.00000000   1.0798510000e+00
    200000    72.00000000   1.1059940000e+00
    200000    74.00000000   1.1297290000e+00
    200000    76.00000000   1.1509390000e+00
    200000    78.00000000   1.1695200000e+00
    200000    80.00000000   1.1853820000e+00
    200000    82.00000000   1.1984470000e+00
    200000    84.00000000   1.2086510000e+00
    200000    86.00000000   1.2159430000e+00
    200000    88.00000000   1.2202880000e+00
    200000    90.00000000   1.2216640000e+00
    250000   -90.00000000   1.2216640000e+00
    250000   -88.00000000   1.2238500000e+00
    250000   -86.00000000   1.2230620000e+00
    250000   -84.00000000   1.2193190000e+00
    250000   -82.00000000   1.2126510000e+00
    250000   -80.00000000   1.2031050000e+00
    250000   -78.00000000   1.1907400000e+00
    250000   -76.00000000   1.1756300000e+00
    250000   -74.00000000   1.1578610000e+00
    250000   -72.00000000   1.1375330000e+00
    250000   -70.00000000   1.1147580000e+00
    250000   -68.00000000   1.0896600000e+00
    250000   -66.00000000   1.0623720000e+00
    250000   -64.00000000   1.0330420000e+00
    250000   -62.00000000   1.0018230000e+00
    250000   -60.00000000   9.6887900000e-01
    250000   -58.00000000   9.3438400000e-01
    250000   -56.00000000   8.9851500000e-01
    250000   -54.00000000   8.6146100000e-01
    250000   -52.00000000   8.2341100000e-01
    250000   -50.00000000   7.8456300000e-01
    250000   -48.00000000   7.4511500000e-01
    250000   -46.00000000   7.0527100000e-01
    250000   -44.00000000   6.6523300000e-01
    250000   -42.00000000   6.2520700000e-01
    250000   -40.00000000   5.8539700000e-01
    250000   -38.00000000   5.4600600000e-01
    250000   -36.00000000   5.0723300000e-01
    250000   -34.00000000   4.6927600000e-01
    250000   -32.00000000   4.3232800000e-01
    250000   -30.00000000   3.9657500000e-01
    250000   -28.00000000   3.6220000000e-01
    250000   -26.00000000   3.2937500000e-01
    250000   -24.00000000   2.9826700000e-01
    250000   -22.00000000   2.6903300000e-01
    250000   -20.00000000   2.4182100000e-01
    250000   -18.00000000   2.1676800000e-01
    250000   -16.00000000   1.9406900000e-01
    250000   -14.00000000   1.7134100000e-01
    250000   -12.00000000   1.3004400000e-01
    250000   -10.00000000   9.2528000000e-02
    250000    -8.00000000   8.2705000000e-02
    250000    -6.00000000   7.2881000000e-02
    250000    -4.00000000   6.3058000000e-02
    250000    -2.00000000   1.0665000000e-02
    250000     0.00000000   7.8700000000e-03
    250000     2.00000000   8.4200000000e-03
    250000     4.00000000   1.0110000000e-02
    250000     6.00000000   1.7772000000e-02
    250000     8.00000000   5.0127000000e-02
    250000    10.00000000   4.9131000000e-02
    250000    12.00000000   6.4181000000e-02
    250000    14.00000000   8.2780000000e-02
    250000    16.00000000   1.0399300000e-01
    250000    18.00000000   1.2771500000e-01
    250000    20.00000000   1.5383200000e-01
    250000    22.00000000   1.8221600000e-01
    250000    24.00000000   2.1272600000e-01
    250000    26.00000000   2.4521600000e-01
    250000    28.00000000   2.7952400000e-01
    250000    30.00000000   3.1548400000e-01
    250000    32.00000000   3.5292000000e-01
    250000    34.00000000   3.9164900000e-01
    250000    36.00000000   4.3148000000e-01
    250000    38.00000000   4.7222000000e-01
    250000    40.00000000   5.1366800000e-01
    250000    42.00000000   5.5562300000e-01
    250000    44.00000000   5.9787700000e-01
    250000    46.00000000   6.4022600000e-01
    250000    48.00000000   6.8246100000e-01
    250000    50.00000000   7.2437500000e-01
    250000    52.00000000   7.6576300000e-01
    250000    54.00000000   8.0642300000e-01
    250000    56.00000000   8.4615500000e-01
    250000    58.00000000   8.8476400000e-01
    250000    60.00000000   9.2206100000e-01
    250000    62.00000000   9.5786300000e-01
    250000    64.00000000   9.9199400000e-01
    250000    66.00000000   1.0242870000e+00
    250000    68.00000000   1.0545830000e+00
    250000    70.00000000   1.0827330000e+00
    250000    72.00000000   1.1085980000e+00
    250000    74.00000000   1.1320520000e+00
    250000    76.00000000   1.1529780000e+00
    250000    78.00000000   1.1712720000e+00
    250000    80.00000000   1.1868450000e+00
    250000    82.00000000   1.1996200000e+00
    250000    84.00000000   1.2095310000e+00
    250000    86.00000000   1.2165310000e+00
    250000    88.00000000   1.2205820000e+00
    250000    90.00000000   1.2216640000e+00
     50000   -90.00000000   1.2216640000e+00
     50000   -88.00000000   1.2226700000e+00
     50000   -86.00000000   1.2207040000e+00
     50000   -84.00000000   1.2157850000e+00
     50000   -82.00000000   1.2079470000e+00
     50000   -80.00000000   1.1972350000e+00
     50000   -78.00000000   1.1837120000e+00
     50000   -76.00000000   1.1674520000e+00
     50000   -74.00000000   1.1485430000e+00
     50000   -72.00000000   1.1270870000e+00
     50000   -70.00000000   1.1031960000e+00
     50000   -68.00000000   1.0769960000e+00
     50000   -66.00000000   1.0486230000e+00
     50000   -64.00000000   1.0182220000e+00
     50000   -62.00000000   9.8595200000e-01
     50000   -60.00000000   9.5197600000e-01
     50000   -58.00000000   9.1646900000e-01
     50000   -56.00000000   8.7961200000e-01
     50000   -54.00000000   8.4159100000e-01
     50000   -52.00000000   8.0259900000e-01
     50000   -50.00000000   7.6283300000e-01
     50000   -48.00000000   7.2249500000e-01
     50000   -46.00000000   6.8178800000e-01
     50000   -44.00000000   6.4091600000e-01
     50000   -42.00000000   6.0008500000e-01
     50000   -40.00000000   5.5950100000e-01
     50000   -38.00000000   5.1936700000e-01
     50000   -36.00000000   4.7988400000e-01
     50000   -34.00000000   4.4125000000e-01
     50000   -32.00000000   4.0365900000e-01
     50000   -30.00000000   3.6729900000e-01
     50000   -28.00000000   3.3235100000e-01
     50000   -26.00000000   2.9899100000e-01
     50000   -24.00000000   2.6738400000e-01
     50000   -22.00000000   2.3768900000e-01
     50000   -20.00000000   2.1005500000e-01
     50000   -18.00000000   1.8461800000e-01
     50000   -16.00000000   1.6150500000e-01
     50000   -14.00000000   1.4083300000e-01
     50000   -12.00000000   1.2270400000e-01
     50000   -10.00000000   1.0720800000e-01
     50000    -8.00000000   9.4729000000e-02
     50000    -6.00000000   8.6105000000e-02
     50000    -4.00000000   5.8435000000e-02
     50000    -2.00000000   2.4910000000e-02
     50000     0.00000000   2.2960000000e-02
     50000     2.00000000   3.0620000000e-02
     50000     4.00000000   3.7400000000e-02
     50000     6.00000000   3.2020000000e-02
     50000     8.00000000   4.0421000000e-02
     50000    10.00000000   7.2997000000e-02
     50000    12.00000000   7.9875000000e-02
     50000    14.00000000   9.7236000000e-02
     50000    16.00000000   1.1831400000e-01
     50000    18.00000000   1.4188500000e-01
     50000    20.00000000   1.6783300000e-01
     50000    22.00000000   1.9603000000e-01
     50000    24.00000000   2.2633700000e-01
     50000    26.00000000   2.5860700000e-01
     50000    28.00000000   2.9267900000e-01
     50000    30.00000000   3.2838700000e-01
     50000    32.00000000   3.6555500000e-01
     50000    34.00000000   4.0400000000e-01
     50000    36.00000000   4.4353400000e-01
     50000    38.00000000   4.8396000000e-01
     50000    40.00000000   5.2508100000e-01
     50000    42.00000000   5.6669500000e-01
     50000    44.00000000   6.0859500000e-01
     50000    46.00000000   6.5057600000e-01
     50000    48.00000000   6.9243000000e-01
     50000    50.00000000   7.3395200000e-01
     50000    52.00000000   7.7493600000e-01
     50000    54.00000000   8.1518100000e-01
     50000    56.00000000   8.5448600000e-01
     50000    58.00000000   8.9265900000e-01
     50000    60.00000000   9.2951100000e-01
     50000    62.00000000   9.6485800000e-01
     50000    64.00000000   9.9852600000e-01
     50000    66.00000000   1.0303470000e+00
     50000    68.00000000   1.0601640000e+00
     50000    70.00000000   1.0878290000e+00
     50000    72.00000000   1.1132020000e+00
     50000    74.00000000   1.1361580000e+00
     50000    76.00000000   1.1565820000e+00
     50000    78.00000000   1.1743700000e+00
     50000    80.00000000   1.1894330000e+00
     50000    82.00000000   1.2016930000e+00
     50000    84.00000000   1.2110890000e+00
     50000    86.00000000   1.2175700000e+00
     50000    88.00000000   1.2211020000e+00
     50000    90.00000000   1.2216640000e+00
    100000   -90.00000000   1.2216640000e+00
    100000   -88.00000000   1.2228890000e+00
    100000   -86.00000000   1.2211410000e+00
    100000   -84.00000000   1.2164400000e+00
    100000   -82.00000000   1.2088180000e+00
    100000   -80.00000000   1.1983220000e+00
    100000   -78.00000000   1.1850140000e+00
    100000   -76.00000000   1.1689670000e+00
    100000   -74.00000000   1.1502690000e+00
    100000   -72.00000000   1.1290220000e+00
    100000   -70.00000000   1.1053380000e+00
    100000   -68.00000000   1.0793420000e+00
    100000   -66.00000000   1.0511700000e+00
    100000   -64.00000000   1.0209670000e+00
    100000   -62.00000000   9.8889200000e-01
    100000   -60.00000000   9.5510700000e-01
    100000   -58.00000000   9.1978800000e-01
    100000   -56.00000000   8.8311300000e-01
    100000   -54.00000000   8.4527100000e-01
    100000   -52.00000000   8.0645400000e-01
    100000   -50.00000000   7.6685800000e-01
    100000   -48.00000000   7.2668500000e-01
    100000   -46.00000000   6.8613800000e-01
    100000   -44.00000000   6.4542000000e-01
    100000   -42.00000000   6.0473900000e-01
    100000   -40.00000000   5.6429800000e-01
    100000   -38.00000000   5.2430100000e-01
    100000   -36.00000000   4.8495000000e-01
    100000   -34.00000000   4.4644200000e-01
    100000   -32.00000000   4.0897000000e-01
    100000   -30.00000000   3.7272200000e-01
    100000   -28.00000000   3.3788000000e-01
    100000   -26.00000000   3.0461900000e-01
    100000   -24.00000000   2.7310500000e-01
    100000   -22.00000000   2.4349600000e-01
    100000   -20.00000000   2.1593900000e-01
    100000   -18.00000000   1.9057300000e-01
    100000   -16.00000000   1.6752500000e-01
    100000   -14.00000000   1.4690900000e-01
    100000   -12.00000000   1.2882900000e-01
    100000   -10.00000000   1.1337500000e-01
    100000    -8.00000000   1.0078600000e-01
    100000    -6.00000000   9.0900000000e-02
    100000    -4.00000000   4.9287000000e-02
    100000    -2.00000000   1.8870000000e-02
    100000     0.00000000   1.6820000000e-02
    100000     2.00000000   1.6340000000e-02
    100000     4.00000000   1.5205000000e-02
    100000     6.00000000   1.9417000000e-02
    100000     8.00000000   2.9250000000e-02
    100000    10.00000000   4.6434000000e-02
    100000    12.00000000   5.8328000000e-02
    100000    14.00000000   7.6974000000e-02
    100000    16.00000000   9.8241000000e-02
    100000    18.00000000   1.2202500000e-01
    100000    20.00000000   1.4821000000e-01
    100000    22.00000000   1.7666800000e-01
    100000    24.00000000   2.0726000000e-01
    100000    26.00000000   2.3983800000e-01
    100000    28.00000000   2.7424100000e-01
    100000    30.00000000   3.1030200000e-01
    100000    32.00000000   3.4784600000e-01
    100000    34.00000000   3.8668800000e-01
    100000    36.00000000   4.2663900000e-01
    100000    38.00000000   4.6750500000e-01
    100000    40.00000000   5.0908500000e-01
    100000    42.00000000   5.5117600000e-01
    100000    44.00000000   5.9357300000e-01
    100000    46.00000000   6.3606900000e-01
    100000    48.00000000   6.7845700000e-01
    100000    50.00000000   7.2052900000e-01
    100000    52.00000000   7.6208000000e-01
    100000    54.00000000   8.0290600000e-01
    100000    56.00000000   8.4280900000e-01
    100000    58.00000000   8.8159300000e-01
    100000    60.00000000   9.1906900000e-01
    100000    62.00000000   9.5505400000e-01
    100000    64.00000000   9.8937100000e-01
    100000    66.00000000   1.0218540000e+00
    100000    68.00000000   1.0523420000e+00
    100000    70.00000000   1.0806870000e+00
    100000    72.00000000   1.1067490000e+00
    100000    74.00000000   1.1304020000e+00
    100000    76.00000000   1.1515300000e+00
    100000    78.00000000   1.1700280000e+00
    100000    80.00000000   1.1858060000e+00
    100000    82.00000000   1.1987870000e+00
    100000    84.00000000   1.2089060000e+00
    100000    86.00000000   1.2161130000e+00
    100000    88.00000000   1.2203730000e+00
    100000    90.00000000   1.2216640000e+00
    150000   -90.00000000   1.2216640000e+00
    150000   -88.00000000   1.2238690000e+00
    150000   -86.00000000   1.2231000000e+00
    150000   -84.00000000   1.2193750000e+00
    150000   -82.00000000   1.2127250000e+00
    150000   -80.00000000   1.2031980000e+00
    150000   -78.00000000   1.1908510000e+00
    150000   -76.00000000   1.1757590000e+00
    150000   -74.00000000   1.1580080000e+00
    150000   -72.00000000   1.1376980000e+00
    150000   -70.00000000   1.1149410000e+00
    150000   -68.00000000   1.0898590000e+00
    150000   -66.00000000   1.0625890000e+00
    150000   -64.00000000   1.0332750000e+00
    150000   -62.00000000   1.0020730000e+00
    150000   -60.00000000   9.6914500000e-01
    150000   -58.00000000   9.3466600000e-01
    150000   -56.00000000   8.9881300000e-01
    150000   -54.00000000   8.6177400000e-01
    150000   -52.00000000   8.2373900000e-01
    150000   -50.00000000   7.8490500000e-01
    150000   -48.00000000   7.4547200000e-01
    150000   -46.00000000   7.0564100000e-01
    150000   -44.00000000   6.6561700000e-01
    150000   -42.00000000   6.2560300000e-01
    150000   -40.00000000   5.8580600000e-01
    150000   -38.00000000   5.4642600000e-01
    150000   -36.00000000   5.0766400000e-01
    150000   -34.00000000   4.6971800000e-01
    150000   -32.00000000   4.3278000000e-01
    150000   -30.00000000   3.9703700000e-01
    150000   -28.00000000   3.6267000000e-01
    150000   -26.00000000   3.2985400000e-01
    150000   -24.00000000   2.9875400000e-01
    150000   -22.00000000   2.6952700000e-01
    150000   -20.00000000   2.4232200000e-01
    150000   -18.00000000   2.1727500000e-01
    150000   -16.00000000   1.9451300000e-01
    150000   -14.00000000   1.7476000000e-01
    150000   -12.00000000   1.5419900000e-01
    150000   -10.00000000   1.0414200000e-01
    150000    -8.00000000   8.9603000000e-02
    150000    -6.00000000   7.9721000000e-02
    150000    -4.00000000   5.7685000000e-02
    150000    -2.00000000   1.4980000000e-02
    150000     0.00000000   1.1740000000e-02
    150000     2.00000000   1.1390000000e-02
    150000     4.00000000   1.2280000000e-02
    150000     6.00000000   1.7586000000e-02
    150000     8.00000000   3.0302000000e-02
    150000    10.00000000   4.3837000000e-02
    150000    12.00000000   6.1058000000e-02
    150000    14.00000000   7.9682000000e-02
    150000    16.00000000   1.0092300000e-01
    150000    18.00000000   1.2467900000e-01
    150000    20.00000000   1.5083200000e-01
    150000    22.00000000   1.7925500000e-01
    150000    24.00000000   2.0981000000e-01
    150000    26.00000000   2.4234600000e-01
    150000    28.00000000   2.7670500000e-01
    150000    30.00000000   3.1271900000e-01
    150000    32.00000000   3.5021300000e-01
    150000    34.00000000   3.8900200000e-01
    150000    36.00000000   4.2889700000e-01
    150000    38.00000000   4.6970400000e-01
    150000    40.00000000   5.1122200000e-01
    150000    42.00000000   5.5325000000e-01
    150000    44.00000000   5.9558100000e-01
    150000    46.00000000   6.3800800000e-01
    150000    48.00000000   6.8032400000e-01
    150000    50.00000000   7.2232300000e-01
    150000    52.00000000   7.6379800000e-01
    150000    54.00000000   8.0454600000e-01
    150000    56.00000000   8.4437000000e-01
    150000    58.00000000   8.8307200000e-01
    150000    60.00000000   9.2046500000e-01
    150000    62.00000000   9.5636400000e-01
    150000    64.00000000   9.9059500000e-01
    150000    66.00000000   1.0229890000e+00
    150000    68.00000000   1.0533870000e+00
    150000    70.00000000   1.0816410000e+00
    150000    72.00000000   1.1076120000e+00
    150000    74.00000000   1.1311720000e+00
    150000    76.00000000   1.1522050000e+00
    150000    78.00000000   1.1706080000e+00
    150000    80.00000000   1.1862910000e+00
    150000    82.00000000   1.1991750000e+00
    150000    84.00000000   1.2091980000e+00
    150000    86.00000000   1.2163080000e+00
    150000    88.00000000   1.2204710000e+00
    150000    90.00000000   1.2216640000e+00
    200000   -90.00000000   1.2216640000e+00
    200000   -88.00000000   1.2237850000e+00
    200000   -86.00000000   1.2229320000e+00
    200000   -84.00000000   1.2191230000e+00
    200000   -82.00000000   1.2123910000e+00
    200000   -80.00000000   1.2027800000e+00
    200000   -78.00000000   1.1903510000e+00
    200000   -76.00000000   1.1751770000e+00
    200000   -74.00000000   1.1573450000e+00
    200000   -72.00000000   1.1369550000e+00
    200000   -70.00000000   1.1141180000e+00
    200000   -68.00000000   1.0889590000e+00
    200000   -66.00000000   1.0616110000e+00
    200000   -64.00000000   1.0322210000e+00
    200000   -62.00000000   1.0009440000e+00
    200000   -60.00000000   9.6794300000e-01
    200000   -58.00000000   9.3339200000e-01
    200000   -56.00000000   8.9746900000e-01
    200000   -54.00000000   8.6036100000e-01
    200000   -52.00000000   8.2225900000e-01
    200000   -50.00000000   7.8336000000e-01
    200000   -48.00000000   7.4386300000e-01
    200000   -46.00000000   7.0397100000e-01
    200000   -44.00000000   6.6388700000e-01
    200000   -42.00000000   6.2381700000e-01
    200000   -40.00000000   5.8396400000e-01
    200000   -38.00000000   5.4453100000e-01
    200000   -36.00000000   5.0571900000e-01
    200000   -34.00000000   4.6772500000e-01
    200000   -32.00000000   4.3074100000e-01
    200000   -30.00000000   3.9495400000e-01
    200000   -28.00000000   3.6054700000e-01
    200000   -26.00000000   3.2769300000e-01
    200000   -24.00000000   2.9655700000e-01
    200000   -22.00000000   2.6729800000e-01
    200000   -20.00000000   2.4006200000e-01
    200000   -18.00000000   2.1498800000e-01
    200000   -16.00000000   1.9238500000e-01
    200000   -14.00000000   1.7315800000e-01
    200000   -12.00000000   1.5539100000e-01
    200000   -10.00000000   9.6877000000e-02
    200000    -8.00000000   8.6985000000e-02
    200000    -6.00000000   7.7093000000e-02
    200000    -4.00000000   4.8350000000e-02
    200000    -2.00000000   1.2400000000e-02
    200000     0.00000000   9.2000000000e-03
    200000     2.00000000   9.3900000000e-03
    200000     4.00000000   1.0838000000e-02
    200000     6.00000000   1.4096000000e-02
    200000     8.00000000   3.1889000000e-02
    200000    10.00000000   3.4582000000e-02
    200000    12.00000000   5.0569000000e-02
    200000    14.00000000   6.9277000000e-02
    200000    16.00000000   9.0616000000e-02
    200000    18.00000000   1.1448000000e-01
    200000    20.00000000   1.4075500000e-01
    200000    22.00000000   1.6931300000e-01
    200000    24.00000000   2.0001300000e-01
    200000    26.00000000   2.3270800000e-01
    200000    28.00000000   2.6723700000e-01
    200000    30.00000000   3.0343300000e-01
    200000    32.00000000   3.4111900000e-01
    200000    34.00000000   3.8011200000e-01
    200000    36.00000000   4.2022200000e-01
    200000    38.00000000   4.6125400000e-01
    200000    40.00000000   5.0300800000e-01
    200000    42.00000000   5.4528100000e-01
    200000    44.00000000   5.8786700000e-01
    200000    46.00000000   6.3055900000e-01
    200000    48.00000000   6.7314900000e-01
    200000    50.00000000   7.1543000000e-01
    200000    52.00000000   7.5719600000e-01
    200000    54.00000000   7.9824300000e-01
    200000    56.00000000   8.3837300000e-01
    200000    58.00000000   8.7739000000e-01
    200000    60.00000000   9.1510300000e-01
    200000    62.00000000   9.5133000000e-01
    200000    64.00000000   9.8589400000e-01
    200000    66.00000000   1.0186270000e+00
    200000    68.00000000   1.0493700000e+00
    200000    70.00000000   1.0779730000e+00
    200000    72.00000000   1.1042980000e+00
    200000    74.00000000   1.1282160000e+00
    200000    76.00000000   1.1496110000e+00
    200000    78.00000000   1.1683790000e+00
    200000    80.00000000   1.1844290000e+00
    200000    82.00000000   1.1976830000e+00
    200000    84.00000000   1.2080770000e+00
    200000    86.00000000   1.2155600000e+00
    200000    88.00000000   1.2200960000e+00
    200000    90.00000000   1.2216640000e+00
    250000   -90.00000000   1.2216640000e+00
    250000   -88.00000000   1.2227290000e+00
    250000   -86.00000000   1.2208230000e+00
    250000   -84.00000000   1.2159630000e+00
    250000   -82.00000000   1.2081830000e+00
    250000   -80.00000000   1.1975290000e+00
    250000   -78.00000000   1.1840640000e+00
    250000   -76.00000000   1.1678620000e+00
    250000   -74.00000000   1.1490110000e+00
    250000   -72.00000000   1.1276110000e+00
    250000   -70.00000000   1.1037760000e+00
    250000   -68.00000000   1.0776310000e+00
    250000   -66.00000000   1.0493120000e+00
    250000   -64.00000000   1.0189660000e+00
    250000   -62.00000000   9.8674800000e-01
    250000   -60.00000000   9.5282400000e-01
    250000   -58.00000000   9.1736800000e-01
    250000   -56.00000000   8.8056000000e-01
    250000   -54.00000000   8.4258700000e-01
    250000   -52.00000000   8.0364300000e-01
    250000   -50.00000000   7.6392300000e-01
    250000   -48.00000000   7.2363000000e-01
    250000   -46.00000000   6.8296600000e-01
    250000   -44.00000000   6.4213600000e-01
    250000   -42.00000000   6.0134600000e-01
    250000   -40.00000000   5.6080000000e-01
    250000   -38.00000000   5.2070300000e-01
    250000   -36.00000000   4.8125600000e-01
    250000   -34.00000000   4.4265600000e-01
    250000   -32.00000000   4.0509800000e-01
    250000   -30.00000000   3.6876800000e-01
    250000   -28.00000000   3.3384900000e-01
    250000   -26.00000000   3.0051500000e-01
    250000   -24.00000000   2.6893400000e-01
    250000   -22.00000000   2.3926200000e-01
    250000   -20.00000000   2.1164800000e-01
    250000   -18.00000000   1.8623000000e-01
    250000   -16.00000000   1.6313600000e-01
    250000   -14.00000000   1.4247900000e-01
    250000   -12.00000000   1.2436300000e-01
    250000   -10.00000000   1.0894300000e-01
    250000    -8.00000000   9.6477000000e-02
    250000    -6.00000000   7.8467000000e-02
    250000    -4.00000000   2.2590000000e-02
    250000    -2.00000000   1.0750000000e-02
    250000     0.00000000   7.8700000000e-03
    250000     2.00000000   8.4200000000e-03
    250000     4.00000000   9.4970000000e-03
    250000     6.00000000   6.9720000000e-03
    250000     8.00000000   1.4849000000e-02
    250000    10.00000000   1.5581000000e-02
    250000    12.00000000   3.1697000000e-02
    250000    14.00000000   5.0556000000e-02
    250000    16.00000000   7.2069000000e-02
    250000    18.00000000   9.6131000000e-02
    250000    20.00000000   1.2262500000e-01
    250000    22.00000000   1.5142400000e-01
    250000    24.00000000   1.8238700000e-01
    250000    26.00000000   2.1536600000e-01
    250000    28.00000000   2.5020100000e-01
    250000    30.00000000   2.8672300000e-01
    250000    32.00000000   3.2475600000e-01
    250000    34.00000000   3.6411600000e-01
    250000    36.00000000   4.0461300000e-01
    250000    38.00000000   4.4605000000e-01
    250000    40.00000000   4.8822800000e-01
    250000    42.00000000   5.3094300000e-01
    250000    44.00000000   5.7398800000e-01
    250000    46.00000000   6.1715600000e-01
    250000    48.00000000   6.6023900000e-01
    250000    50.00000000   7.0302800000e-01
    250000    52.00000000   7.4531700000e-01
    250000    54.00000000   7.8690300000e-01
    250000    56.00000000   8.2758400000e-01
    250000    58.00000000   8.6716500000e-01
    250000    60.00000000   9.0545600000e-01
    250000    62.00000000   9.4227200000e-01
    250000    64.00000000   9.7743600000e-01
    250000    66.00000000   1.0107800000e+00
    250000    68.00000000   1.0421420000e+00
    250000    70.00000000   1.0713740000e+00
    250000    72.00000000   1.0983360000e+00
    250000    74.00000000   1.1228980000e+00
    250000    76.00000000   1.1449430000e+00
    250000    78.00000000   1.1643670000e+00
    250000    80.00000000   1.1810790000e+00
    250000    82.00000000   1.1949980000e+00
    250000    84.00000000   1.2060600000e+00
    250000    86.00000000   1.2142140000e+00
    250000    88.00000000   1.2194230000e+00
    250000    90.00000000   1.2216640000e+00
     50000   -90.00000000   1.2216640000e+00
     50000   -88.00000000   1.2226700000e+00
     50000   -86.00000000   1.2207040000e+00
     50000   -84.00000000   1.2157850000e+00
     50000   -82.00000000   1.2079470000e+00
     50000   -80.00000000   1.1972350000e+00
     50000   -78.00000000   1.1837120000e+00
     50000   -76.00000000   1.1674520000e+00
     50000   -74.00000000   1.1485430000e+00
     50000   -72.00000000   1.1270870000e+00
     50000   -70.00000000   1.1031960000e+00
     50000   -68.00000000   1.0769960000e+00
     50000   -66.00000000   1.0486230000e+00
     50000   -64.00000000   1.0182220000e+00
     50000   -62.00000000   9.8595200000e-01
     50000   -60.00000000   9.5197600000e-01
     50000   -58.00000000   9.1646900000e-01
     50000   -56.00000000   8.7961200000e-01
     50000   -54.00000000   8.4159100000e-01
     50000   -52.00000000   8.0259900000e-01
     50000   -50.00000000   7.6283300000e-01
     50000   -48.00000000   7.2249500000e-01
     50000   -46.00000000   6.8178800000e-01
     50000   -44.00000000   6.4091600000e-01
     50000   -42.00000000   6.0008500000e-01
     50000   -40.00000000   5.5950100000e-01
     50000   -38.00000000   5.1936700000e-01
     50000   -36.00000000   4.7988400000e-01
     50000   -34.00000000   4.4125000000e-01
     50000   -32.00000000   4.0365900000e-01
     50000   -30.00000000   3.6729900000e-01
     50000   -28.00000000   3.3235100000e-01
     50000   -26.00000000   2.9899100000e-01
     50000   -24.00000000   2.6738400000e-01
     50000   -22.00000000   2.3768900000e-01
     50000   -20.00000000   2.1005500000e-01
     50000   -18.00000000   1.8461800000e-01
     50000   -16.00000000   1.6150500000e-01
     50000   -14.00000000   1.4083300000e-01
     50000   -12.00000000   1.2270400000e-01
     50000   -10.00000000   1.0720800000e-01
     50000    -8.00000000   9.4729000000e-02
     50000    -6.00000000   8.6105000000e-02
     50000    -4.00000000   5.8435000000e-02
     50000    -2.00000000   2.4910000000e-02
     50000     0.00000000   2.2960000000e-02
     50000     2.00000000   3.0620000000e-02
     50000     4.00000000   3.7400000000e-02
     50000     6.00000000   3.2020000000e-02
     50000     8.00000000   4.0421000000e-02
     50000    10.00000000   7.2997000000e-02
     50000    12.00000000   7.9875000000e-02
     50000    14.00000000   9.7236000000e-02
     50000    16.00000000   1.1831400000e-01
     50000    18.00000000   1.4188500000e-01
     50000    20.00000000   1.6783300000e-01
     50000    22.00000000   1.9603000000e-01
     50000    24.00000000   2.2633700000e-01
     50000    26.00000000   2.5860700000e-01
     50000    28.00000000   2.9267900000e-01
     50000    30.00000000   3.2838700000e-01
     50000    32.00000000   3.6555500000e-01
     50000    34.00000000   4.0400000000e-01
     50000    36.00000000   4.4353400000e-01
     50000    38.00000000   4.8396000000e-01
     50000    40.00000000   5.2508100000e-01
     50000    42.00000000   5.6669500000e-01
     50000    44.00000000   6.0859500000e-01
     50000    46.00000000   6.5057600000e-01
     50000    48.00000000   6.9243000000e-01
     50000    50.00000000   7.3395200000e-01
     50000    52.00000000   7.7493600000e-01
     50000    54.00000000   8.1518100000e-01
     50000    56.00000000   8.5448600000e-01
     50000    58.00000000   8.9265900000e-01
     50000    60.00000000   9.2951100000e-01
     50000    62.00000000   9.6485800000e-01
     50000    64.00000000   9.9852600000e-01
     50000    66.00000000   1.0303470000e+00
     50000    68.00000000   1.0601640000e+00
     50000    70.00000000   1.0878290000e+00
     50000    72.00000000   1.1132020000e+00
     50000    74.00000000   1.1361580000e+00
     50000    76.00000000   1.1565820000e+00
     50000    78.00000000   1.1743700000e+00
     50000    80.00000000   1.1894330000e+00
     50000    82.00000000   1.2016930000e+00
     50000    84.00000000   1.2110890000e+00
     50000    86.00000000   1.2175700000e+00
     50000    88.00000000   1.2211020000e+00
     50000    90.00000000   1.2216640000e+00
    100000   -90.00000000   1.2216640000e+00
    100000   -88.00000000   1.2228890000e+00
    100000   -86.00000000   1.2211410000e+00
    100000   -84.00000000   1.2164400000e+00
    100000   -82.00000000   1.2088180000e+00
    100000   -80.00000000   1.1983220000e+00
    100000   -78.00000000   1.1850140000e+00
    100000   -76.00000000   1.1689670000e+00
    100000   -74.00000000   1.1502690000e+00
    100000   -72.00000000   1.1290220000e+00
    100000   -70.00000000   1.1053380000e+00
    100000   -68.00000000   1.0793420000e+00
    100000   -66.00000000   1.0511700000e+00
    100000   -64.00000000   1.0209670000e+00
    100000   -62.00000000   9.8889200000e-01
    100000   -60.00000000   9.5510700000e-01
    100000   -58.00000000   9.1978800000e-01
    100000   -56.00000000   8.8311300000e-01
    100000   -54.00000000   8.4527100000e-01
    100000   -52.00000000   8.0645400000e-01
    100000   -50.00000000   7.6685800000e-01
    100000   -48.00000000   7.2668500000e-01
    100000   -46.00000000   6.8613800000e-01
    100000   -44.00000000   6.4542000000e-01
    100000   -42.00000000   6.0473900000e-01
    100000   -40.00000000   5.6429800000e-01
    100000   -38.00000000   5.2430100000e-01
    100000   -36.00000000   4.8495000000e-01
    100000   -34.00000000   4.4644200000e-01
    100000   -32.00000000   4.0897000000e-01
    100000   -30.00000000   3.7272200000e-01
    100000   -28.00000000   3.3788000000e-01
    100000   -26.00000000   3.0461900000e-01
    100000   -24.00000000   2.7310500000e-01
    100000   -22.00000000   2.4349600000e-01
    100000   -20.00000000   2.1593900000e-01
    100000   -18.00000000   1.9057300000e-01
    100000   -16.00000000   1.6752500000e-01
    100000   -14.00000000   1.4690900000e-01
    100000   -12.00000000   1.2882900000e-01
    100000   -10.00000000   1.1337500000e-01
    100000    -8.00000000   1.0078600000e-01
    100000    -6.00000000   9.0900000000e-02
    100000    -4.00000000   4.9287000000e-02
    100000    -2.00000000   1.8870000000e-02
    100000     0.00000000   1.6820000000e-02
    100000     2.00000000   1.6340000000e-02
    100000     4.00000000   1.5205000000e-02
    100000     6.00000000   1.9417000000e-02
    100000     8.00000000   2.9250000000e-02
    100000    10.00000000   4.6434000000e-02
    100000    12.00000000   5.8328000000e-02
    100000    14.00000000   7.6974000000e-02
    100000    16.00000000   9.8241000000e-02
    100000    18.00000000   1.2202500000e-01
    100000    20.00000000   1.4821000000e-01
    100000    22.00000000   1.7666800000e-01
    100000    24.00000000   2.0726000000e-01
    100000    26.00000000   2.3983800000e-01
    100000    28.00000000   2.7424100000e-01
    100000    30.00000000   3.1030200000e-01
    100000    32.00000000   3.4784600000e-01
    100000    34.00000000   3.8668800000e-01
    100000    36.00000000   4.2663900000e-01
    100000    38.00000000   4.6750500000e-01
    100000    40.00000000   5.0908500000e-01
    100000    42.00000000   5.5117600000e-01
    100000    44.00000000   5.9357300000e-01
    100000    46.00000000   6.3606900000e-01
    100000    48.00000000   6.7845700000e-01
    100000    50.00000000   7.2052900000e-01
    100000    52.00000000   7.6208000000e-01
    100000    54.00000000   8.0290600000e-01
    100000    56.00000000   8.4280900000e-01
    100000    58.00000000   8.8159300000e-01
    100000    60.00000000   9.1906900000e-01
    100000    62.00000000   9.5505400000e-01
    100000    64.00000000   9.8937100000e-01
    100000    66.00000000   1.0218540000e+00
    100000    68.00000000   1.0523420000e+00
    100000    70.00000000   1.0806870000e+00
    100000    72.00000000   1.1067490000e+00
    100000    74.00000000   1.1304020000e+00
    100000    76.00000000   1.1515300000e+00
    100000    78.00000000   1.1700280000e+00
    100000    80.00000000   1.1858060000e+00
    100000    82.00000000   1.1987870000e+00
    100000    84.00000000   1.2089060000e+00
    100000    86.00000000   1.2161130000e+00
    100000    88.00000000   1.2203730000e+00
    100000    90.00000000   1.2216640000e+00
    150000   -90.00000000   1.2216640000e+00
    150000   -88.00000000   1.2238690000e+00
    150000   -86.00000000   1.2231000000e+00
    150000   -84.00000000   1.2193750000e+00
    150000   -82.00000000   1.2127250000e+00
    150000   -80.00000000   1.2031980000e+00
    150000   -78.00000000   1.1908510000e+00
    150000   -76.00000000   1.1757590000e+00
    150000   -74.00000000   1.1580080000e+00
    150000   -72.00000000   1.1376980000e+00
    150000   -70.00000000   1.1149410000e+00
    150000   -68.00000000   1.0898590000e+00
    150000   -66.00000000   1.0625890000e+00
    150000   -64.00000000   1.0332750000e+00
    150000   -62.00000000   1.0020730000e+00
    150000   -60.00000000   9.6914500000e-01
    150000   -58.00000000   9.3466600000e-01
    150000   -56.00000000   8.9881300000e-01
    150000   -54.00000000   8.6177400000e-01
    150000   -52.00000000   8.2373900000e-01
    150000   -50.00000000   7.8490500000e-01
    150000   -48.00000000   7.4547200000e-01
    150000   -46.00000000   7.0564100000e-01
    150000   -44.00000000   6.6561700000e-01
    150000   -42.00000000   6.2560300000e-01
    150000   -40.00000000   5.8580600000e-01
    150000   -38.00000000   5.4642600000e-01
    150000   -36.00000000   5.0766400000e-01
    150000   -34.00000000   4.6971800000e-01
    150000   -32.00000000   4.3278000000e-01
    150000   -30.00000000   3.9703700000e-01
    150000   -28.00000000   3.6267000000e-01
    150000   -26.00000000   3.2985400000e-01
    150000   -24.00000000   2.9875400000e-01
    150000   -22.00000000   2.6952700000e-01
    150000   -20.00000000   2.4232200000e-01
    150000   -18.00000000   2.1727500000e-01
    150000   -16.00000000   1.9451300000e-01
    150000   -14.00000000   1.7476000000e-01
    150000   -12.00000000   1.5419900000e-01
    150000   -10.00000000   1.0414200000e-01
    150000    -8.00000000   8.9603000000e-02
    150000    -6.00000000   7.9721000000e-02
    150000    -4.00000000   5.7685000000e-02
    150000    -2.00000000   1.4980000000e-02
    150000     0.00000000   1.1740000000e-02
    150000     2.00000000   1.1390000000e-02
    150000     4.00000000   1.2280000000e-02
    150000     6.00000000   1.7586000000e-02
    150000     8.00000000   3.0302000000e-02
    150000    10.00000000   4.3837000000e-02
    150000    12.00000000   6.1058000000e-02
    150000    14.00000000   7.9682000000e-02
    150000    16.00000000   1.0092300000e-01
    150000    18.00000000   1.2467900000e-01
    150000    20.00000000   1.5083200000e-01
    150000    22.00000000   1.7925500000e-01
    150000    24.00000000   2.0981000000e-01
    150000    26.00000000   2.4234600000e-01
    150000    28.00000000   2.7670500000e-01
    150000    30.00000000   3.1271900000e-01
    150000    32.00000000   3.5021300000e-01
    150000    34.00000000   3.8900200000e-01
    150000    36.00000000   4.2889700000e-01
    150000    38.00000000   4.6970400000e-01
    150000    40.00000000   5.1122200000e-01
    150000    42.00000000   5.5325000000e-01
    150000    44.00000000   5.9558100000e-01
    150000    46.00000000   6.3800800000e-01
    150000    48.00000000   6.8032400000e-01
    150000    50.00000000   7.2232300000e-01
    150000    52.00000000   7.6379800000e-01
    150000    54.00000000   8.0454600000e-01
    150000    56.00000000   8.4437000000e-01
    150000    58.00000000   8.8307200000e-01
    150000    60.00000000   9.2046500000e-01
    150000    62.00000000   9.5636400000e-01
    150000    64.00000000   9.9059500000e-01
    150000    66.00000000   1.0229890000e+00
    150000    68.00000000   1.0533870000e+00
    150000    70.00000000   1.0816410000e+00
    150000    72.00000000   1.1076120000e+00
    150000    74.00000000   1.1311720000e+00
    150000    76.00000000   1.1522050000e+00
    150000    78.00000000   1.1706080000e+00
    150000    80.00000000   1.1862910000e+00
    150000    82.00000000   1.1991750000e+00
    150000    84.00000000   1.2091980000e+00
    150000    86.00000000   1.2163080000e+00
    150000    88.00000000   1.2204710000e+00
    150000    90.00000000   1.2216640000e+00
    200000   -90.00000000   1.2216640000e+00
    200000   -88.00000000   1.2237850000e+00
    200000   -86.00000000   1.2229320000e+00
    200000   -84.00000000   1.2191230000e+00
    200000   -82.00000000   1.2123910000e+00
    200000   -80.00000000   1.2027800000e+00
    200000   -78.00000000   1.1903510000e+00
    200000   -76.00000000   1.1751770000e+00
    200000   -74.00000000   1.1573450000e+00
    200000   -72.00000000   1.1369550000e+00
    200000   -70.00000000   1.1141180000e+00
    200000   -68.00000000   1.0889590000e+00
    200000   -66.00000000   1.0616110000e+00
    200000   -64.00000000   1.0322210000e+00
    200000   -62.00000000   1.0009440000e+00
    200000   -60.00000000   9.6794300000e-01
    200000   -58.00000000   9.3339200000e-01
    200000   -56.00000000   8.9746900000e-01
    200000   -54.00000000   8.6036100000e-01
    200000   -52.00000000   8.2225900000e-01
    200000   -50.00000000   7.8336000000e-01
    200000   -48.00000000   7.4386300000e-01
    200000   -46.00000000   7.0397100000e-01
    200000   -44.00000000   6.6388700000e-01
    200000   -42.00000000   6.2381700000e-01
    200000   -40.00000000   5.8396400000e-01
    200000   -38.00000000   5.4453100000e-01
    200000   -36.00000000   5.0571900000e-01
    200000   -34.00000000   4.6772500000e-01
    200000   -32.00000000   4.3074100000e-01
    200000   -30.00000000   3.9495400000e-01
    200000   -28.00000000   3.6054700000e-01
    200000   -26.00000000   3.2769300000e-01
    200000   -24.00000000   2.9655700000e-01
    200000   -22.00000000   2.6729800000e-01
    200000   -20.00000000   2.4006200000e-01
    200000   -18.00000000   2.1498800000e-01
    200000   -16.00000000   1.9238500000e-01
    200000   -14.00000000   1.7315800000e-01
    200000   -12.00000000   1.5539100000e-01
    200000   -10.00000000   9.6877000000e-02
    200000    -8.00000000   8.6985000000e-02
    200000    -6.00000000   7.7093000000e-02
    200000    -4.00000000   4.8350000000e-02
    200000    -2.00000000   1.2400000000e-02
    200000     0.00000000   9.2000000000e-03
    200000     2.00000000   9.3900000000e-03
    200000     4.00000000   1.0838000000e-02
    200000     6.00000000   1.4096000000e-02
    200000     8.00000000   3.1889000000e-02
    200000    10.00000000   3.4582000000e-02
    200000    12.00000000   5.0569000000e-02
    200000    14.00000000   6.9277000000e-02
    200000    16.00000000   9.0616000000e-02
    200000    18.00000000   1.1448000000e-01
    200000    20.00000000   1.4075500000e-01
    200000    22.00000000   1.6931300000e-01
    200000    24.00000000   2.0001300000e-01
    200000    26.00000000   2.3270800000e-01
    200000    28.00000000   2.6723700000e-01
    200000    30.00000000   3.0343300000e-01
    200000    32.00000000   3.4111900000e-01
    200000    34.00000000   3.8011200000e-01
    200000    36.00000000   4.2022200000e-01
    200000    38.00000000   4.6125400000e-01
    200000    40.00000000   5.0300800000e-01
    200000    42.00000000   5.4528100000e-01
    200000    44.00000000   5.8786700000e-01
    200000    46.00000000   6.3055900000e-01
    200000    48.00000000   6.7314900000e-01
    200000    50.00000000   7.1543000000e-01
    200000    52.00000000   7.5719600000e-01
    200000    54.00000000   7.9824300000e-01
    200000    56.00000000   8.3837300000e-01
    200000    58.00000000   8.7739000000e-01
    200000    60.00000000   9.1510300000e-01
    200000    62.00000000   9.5133000000e-01
    200000    64.00000000   9.8589400000e-01
    200000    66.00000000   1.0186270000e+00
    200000    68.00000000   1.0493700000e+00
    200000    70.00000000   1.0779730000e+00
    200000    72.00000000   1.1042980000e+00
    200000    74.00000000   1.1282160000e+00
    200000    76.00000000   1.1496110000e+00
    200000    78.00000000   1.1683790000e+00
    200000    80.00000000   1.1844290000e+00
    200000    82.00000000   1.1976830000e+00
    200000    84.00000000   1.2080770000e+00
    200000    86.00000000   1.2155600000e+00
    200000    88.00000000   1.2200960000e+00
    200000    90.00000000   1.2216640000e+00
    250000   -90.00000000   1.2216640000e+00
    250000   -88.00000000   1.2227290000e+00
    250000   -86.00000000   1.2208230000e+00
    250000   -84.00000000   1.2159630000e+00
    250000   -82.00000000   1.2081830000e+00
    250000   -80.00000000   1.1975290000e+00
    250000   -78.00000000   1.1840640000e+00
    250000   -76.00000000   1.1678620000e+00
    250000   -74.00000000   1.1490110000e+00
    250000   -72.00000000   1.1276110000e+00
    250000   -70.00000000   1.1037760000e+00
    250000   -68.00000000   1.0776310000e+00
    250000   -66.00000000   1.0493120000e+00
    250000   -64.00000000   1.0189660000e+00
    250000   -62.00000000   9.8674800000e-01
    250000   -60.00000000   9.5282400000e-01
    250000   -58.00000000   9.1736800000e-01
    250000   -56.00000000   8.8056000000e-01
    250000   -54.00000000   8.4258700000e-01
    250000   -52.00000000   8.0364300000e-01
    250000   -50.00000000   7.6392300000e-01
    250000   -48.00000000   7.2363000000e-01
    250000   -46.00000000   6.8296600000e-01
    250000   -44.00000000   6.4213600000e-01
    250000   -42.00000000   6.0134600000e-01
    250000   -40.00000000   5.6080000000e-01
    250000   -38.00000000   5.2070300000e-01
    250000   -36.00000000   4.8125600000e-01
    250000   -34.00000000   4.4265600000e-01
    250000   -32.00000000   4.0509800000e-01
    250000   -30.00000000   3.6876800000e-01
    250000   -28.00000000   3.3384900000e-01
    250000   -26.00000000   3.0051500000e-01
    250000   -24.00000000   2.6893400000e-01
    250000   -22.00000000   2.3926200000e-01
    250000   -20.00000000   2.1164800000e-01
    250000   -18.00000000   1.8623000000e-01
    250000   -16.00000000   1.6313600000e-01
    250000   -14.00000000   1.4247900000e-01
    250000   -12.00000000   1.2436300000e-01
    250000   -10.00000000   1.0894300000e-01
    250000    -8.00000000   9.6477000000e-02
    250000    -6.00000000   7.8467000000e-02
    250000    -4.00000000   2.2590000000e-02
    250000    -2.00000000   1.0750000000e-02
    250000     0.00000000   7.8700000000e-03
    250000     2.00000000   8.4200000000e-03
    250000     4.00000000   9.4970000000e-03
    250000     6.00000000   6.9720000000e-03
    250000     8.00000000   1.4849000000e-02
    250000    10.00000000   1.5581000000e-02
    250000    12.00000000   3.1697000000e-02
    250000    14.00000000   5.0556000000e-02
    250000    16.00000000   7.2069000000e-02
    250000    18.00000000   9.6131000000e-02
    250000    20.00000000   1.2262500000e-01
    250000    22.00000000   1.5142400000e-01
    250000    24.00000000   1.8238700000e-01
    250000    26.00000000   2.1536600000e-01
    250000    28.00000000   2.5020100000e-01
    250000    30.00000000   2.8672300000e-01
    250000    32.00000000   3.2475600000e-01
    250000    34.00000000   3.6411600000e-01
    250000    36.00000000   4.0461300000e-01
    250000    38.00000000   4.4605000000e-01
    250000    40.00000000   4.8822800000e-01
    250000    42.00000000   5.3094300000e-01
    250000    44.00000000   5.7398800000e-01
    250000    46.00000000   6.1715600000e-01
    250000    48.00000000   6.6023900000e-01
    250000    50.00000000   7.0302800000e-01
    250000    52.00000000   7.4531700000e-01
    250000    54.00000000   7.8690300000e-01
    250000    56.00000000   8.2758400000e-01
    250000    58.00000000   8.6716500000e-01
    250000    60.00000000   9.0545600000e-01
    250000    62.00000000   9.4227200000e-01
    250000    64.00000000   9.7743600000e-01
    250000    66.00000000   1.0107800000e+00
    250000    68.00000000   1.0421420000e+00
    250000    70.00000000   1.0713740000e+00
    250000    72.00000000   1.0983360000e+00
    250000    74.00000000   1.1228980000e+00
    250000    76.00000000   1.1449430000e+00
    250000    78.00000000   1.1643670000e+00
    250000    80.00000000   1.1810790000e+00
    250000    82.00000000   1.1949980000e+00
    250000    84.00000000   1.2060600000e+00
    250000    86.00000000   1.2142140000e+00
    250000    88.00000000   1.2194230000e+00
    250000    90.00000000   1.2216640000e+00
     50000   -90.00000000   1.2216640000e+00
     50000   -88.00000000   1.2226780000e+00
     50000   -86.00000000   1.2207200000e+00
     50000   -84.00000000   1.2158090000e+00
     50000   -82.00000000   1.2079780000e+00
     50000   -80.00000000   1.1972750000e+00
     50000   -78.00000000   1.1837590000e+00
     50000   -76.00000000   1.1675070000e+00
     50000   -74.00000000   1.1486060000e+00
     50000   -72.00000000   1.1271580000e+00
     50000   -70.00000000   1.1032740000e+00
     50000   -68.00000000   1.0770820000e+00
     50000   -66.00000000   1.0487150000e+00
     50000   -64.00000000   1.0183220000e+00
     50000   -62.00000000   9.8605900000e-01
     50000   -60.00000000   9.5209100000e-01
     50000   -58.00000000   9.1659000000e-01
     50000   -56.00000000   8.7973900000e-01
     50000   -54.00000000   8.4172500000e-01
     50000   -52.00000000   8.0273900000e-01
     50000   -50.00000000   7.6298000000e-01
     50000   -48.00000000   7.2264800000e-01
     50000   -46.00000000   6.8194600000e-01
     50000   -44.00000000   6.4108000000e-01
     50000   -42.00000000   6.0025500000e-01
     50000   -40.00000000   5.5967600000e-01
     50000   -38.00000000   5.1954700000e-01
     50000   -36.00000000   4.8006900000e-01
     50000   -34.00000000   4.4144000000e-01
     50000   -32.00000000   4.0385300000e-01
     50000   -30.00000000   3.6749700000e-01
     50000   -28.00000000   3.3255300000e-01
     50000   -26.00000000   2.9919600000e-01
     50000   -24.00000000   2.6759300000e-01
     50000   -22.00000000   2.3790100000e-01
     50000   -20.00000000   2.1026900000e-01
     50000   -18.00000000   1.8483500000e-01
     50000   -16.00000000   1.6172500000e-01
     50000   -14.00000000   1.4105500000e-01
     50000   -12.00000000   1.2292700000e-01
     50000   -10.00000000   1.0743300000e-01
     50000    -8.00000000   9.6066000000e-02
     50000    -6.00000000   8.4640000000e-02
     50000    -4.00000000   5.6872000000e-02
     50000    -2.00000000   2.4940000000e-02
     50000     0.00000000   2.2970000000e-02
     50000     2.00000000   3.0630000000e-02
     50000     4.00000000   3.6910000000e-02
     50000     6.00000000   2.9419000000e-02
     50000     8.00000000   3.1228000000e-02
     50000    10.00000000   4.0357000000e-02
     50000    12.00000000   5.5016000000e-02
     50000    14.00000000   7.3688000000e-02
     50000    16.00000000   9.4985000000e-02
     50000    18.00000000   1.1880400000e-01
     50000    20.00000000   1.4502700000e-01
     50000    22.00000000   1.7352800000e-01
     50000    24.00000000   2.0416600000e-01
     50000    26.00000000   2.3679400000e-01
     50000    28.00000000   2.7125100000e-01
     50000    30.00000000   3.0737000000e-01
     50000    32.00000000   3.4497400000e-01
     50000    34.00000000   3.8388000000e-01
     50000    36.00000000   4.2390000000e-01
     50000    38.00000000   4.6483600000e-01
     50000    40.00000000   5.0649000000e-01
     50000    42.00000000   5.4865900000e-01
     50000    44.00000000   5.9113700000e-01
     50000    46.00000000   6.3371700000e-01
     50000    48.00000000   6.7619100000e-01
     50000    50.00000000   7.1835200000e-01
     50000    52.00000000   7.5999500000e-01
     50000    54.00000000   8.0091600000e-01
     50000    56.00000000   8.4091500000e-01
     50000    58.00000000   8.7979900000e-01
     50000    60.00000000   9.1737600000e-01
     50000    62.00000000   9.5346400000e-01
     50000    64.00000000   9.8788700000e-01
     50000    66.00000000   1.0204760000e+00
     50000    68.00000000   1.0510730000e+00
     50000    70.00000000   1.0795280000e+00
     50000    72.00000000   1.1057030000e+00
     50000    74.00000000   1.1294690000e+00
     50000    76.00000000   1.1507110000e+00
     50000    78.00000000   1.1693240000e+00
     50000    80.00000000   1.1852180000e+00
     50000    82.00000000   1.1983160000e+00
     50000    84.00000000   1.2085520000e+00
     50000    86.00000000   1.2158770000e+00
     50000    88.00000000   1.2202550000e+00
     50000    90.00000000   1.2216640000e+00
    100000   -90.00000000   1.2216640000e+00
    100000   -88.00000000   1.2226540000e+00
    100000   -86.00000000   1.2206720000e+00
    100000   -84.00000000   1.2157370000e+00
    100000   -82.00000000   1.2078820000e+00
    100000   -80.00000000   1.1971550000e+00
    100000   -78.00000000   1.1836160000e+00
    100000   -76.00000000   1.1673400000e+00
    100000   -74.00000000   1.1484160000e+00
    100000   -72.00000000   1.1269440000e+00
    100000   -70.00000000   1.1030380000e+00
    100000   -68.00000000   1.0768230000e+00
    100000   -66.00000000   1.0484350000e+00
    100000   -64.00000000   1.0180200000e+00
    100000   -62.00000000   9.8573500000e-01
    100000   -60.00000000   9.5174600000e-01
    100000   -58.00000000   9.1622500000e-01
    100000   -56.00000000   8.7935400000e-01
    100000   -54.00000000   8.4131900000e-01
    100000   -52.00000000   8.0231500000e-01
    100000   -50.00000000   7.6253700000e-01
    100000   -48.00000000   7.2218600000e-01
    100000   -46.00000000   6.8146700000e-01
    100000   -44.00000000   6.4058400000e-01
    100000   -42.00000000   5.9974200000e-01
    100000   -40.00000000   5.5914700000e-01
    100000   -38.00000000   5.1900300000e-01
    100000   -36.00000000   4.7951100000e-01
    100000   -34.00000000   4.4086800000e-01
    100000   -32.00000000   4.0326800000e-01
    100000   -30.00000000   3.6689900000e-01
    100000   -28.00000000   3.3194400000e-01
    100000   -26.00000000   2.9857600000e-01
    100000   -24.00000000   2.6696300000e-01
    100000   -22.00000000   2.3726100000e-01
    100000   -20.00000000   2.0962100000e-01
    100000   -18.00000000   1.8417900000e-01
    100000   -16.00000000   1.6106200000e-01
    100000   -14.00000000   1.4038500000e-01
    100000   -12.00000000   1.2225300000e-01
    100000   -10.00000000   1.0675400000e-01
    100000    -8.00000000   9.8307000000e-02
    100000    -6.00000000   8.2194000000e-02
    100000    -4.00000000   4.3380000000e-02
    100000    -2.00000000   1.9150000000e-02
    100000     0.00000000   1.6820000000e-02
    100000     2.00000000   1.6330000000e-02
    100000     4.00000000   1.5430000000e-02
    100000     6.00000000   1.7116000000e-02
    100000     8.00000000   1.9205000000e-02
    100000    10.00000000   5.2468000000e-02
    100000    12.00000000   6.0584000000e-02
    100000    14.00000000   7.9211000000e-02
    100000    16.00000000   1.0045700000e-01
    100000    18.00000000   1.2421800000e-01
    100000    20.00000000   1.5037600000e-01
    100000    22.00000000   1.7880600000e-01
    100000    24.00000000   2.0936700000e-01
    100000    26.00000000   2.4191000000e-01
    100000    28.00000000   2.7627700000e-01
    100000    30.00000000   3.1229900000e-01
    100000    32.00000000   3.4980100000e-01
    100000    34.00000000   3.8860000000e-01
    100000    36.00000000   4.2850500000e-01
    100000    38.00000000   4.6932200000e-01
    100000    40.00000000   5.1085100000e-01
    100000    42.00000000   5.5288900000e-01
    100000    44.00000000   5.9523200000e-01
    100000    46.00000000   6.3767100000e-01
    100000    48.00000000   6.8000000000e-01
    100000    50.00000000   7.2201100000e-01
    100000    52.00000000   7.6349900000e-01
    100000    54.00000000   8.0426100000e-01
    100000    56.00000000   8.4409800000e-01
    100000    58.00000000   8.8281500000e-01
    100000    60.00000000   9.2022200000e-01
    100000    62.00000000   9.5613700000e-01
    100000    64.00000000   9.9038200000e-01
    100000    66.00000000   1.0227910000e+00
    100000    68.00000000   1.0532050000e+00
    100000    70.00000000   1.0814750000e+00
    100000    72.00000000   1.1074620000e+00
    100000    74.00000000   1.1310380000e+00
    100000    76.00000000   1.1520880000e+00
    100000    78.00000000   1.1705080000e+00
    100000    80.00000000   1.1862070000e+00
    100000    82.00000000   1.1991080000e+00
    100000    84.00000000   1.2091470000e+00
    100000    86.00000000   1.2162740000e+00
    100000    88.00000000   1.2204540000e+00
    100000    90.00000000   1.2216640000e+00
    150000   -90.00000000   1.2216640000e+00
    150000   -88.00000000   1.2226680000e+00
    150000   -86.00000000   1.2206990000e+00
    150000   -84.00000000   1.2157780000e+00
    150000   -82.00000000   1.2079370000e+00
    150000   -80.00000000   1.1972220000e+00
    150000   -78.00000000   1.1836970000e+00
    150000   -76.00000000   1.1674340000e+00
    150000   -74.00000000   1.1485230000e+00
    150000   -72.00000000   1.1270650000e+00
    150000   -70.00000000   1.1031720000e+00
    150000   -68.00000000   1.0769690000e+00
    150000   -66.00000000   1.0485930000e+00
    150000   -64.00000000   1.0181910000e+00
    150000   -62.00000000   9.8591800000e-01
    150000   -60.00000000   9.5194000000e-01
    150000   -58.00000000   9.1643100000e-01
    150000   -56.00000000   8.7957200000e-01
    150000   -54.00000000   8.4154800000e-01
    150000   -52.00000000   8.0255500000e-01
    150000   -50.00000000   7.6278700000e-01
    150000   -48.00000000   7.2244700000e-01
    150000   -46.00000000   6.8173800000e-01
    150000   -44.00000000   6.4086400000e-01
    150000   -42.00000000   6.0003200000e-01
    150000   -40.00000000   5.5944600000e-01
    150000   -38.00000000   5.1931000000e-01
    150000   -36.00000000   4.7982600000e-01
    150000   -34.00000000   4.4119100000e-01
    150000   -32.00000000   4.0359800000e-01
    150000   -30.00000000   3.6723700000e-01
    150000   -28.00000000   3.3228800000e-01
    150000   -26.00000000   2.9892600000e-01
    150000   -24.00000000   2.6731900000e-01
    150000   -22.00000000   2.3762300000e-01
    150000   -20.00000000   2.0998700000e-01
    150000   -18.00000000   1.8454900000e-01
    150000   -16.00000000   1.6143600000e-01
    150000   -14.00000000   1.4076300000e-01
    150000   -12.00000000   1.2263400000e-01
    150000   -10.00000000   1.0881700000e-01
    150000    -8.00000000   9.4416000000e-02
    150000    -6.00000000   8.3819000000e-02
    150000    -4.00000000   3.9385000000e-02
    150000    -2.00000000   1.4990000000e-02
    150000     0.00000000   1.1730000000e-02
    150000     2.00000000   1.1400000000e-02
    150000     4.00000000   1.2030000000e-02
    150000     6.00000000   1.7956000000e-02
    150000     8.00000000   3.5420000000e-02
    150000    10.00000000   5.1594000000e-02
    150000    12.00000000   6.4423000000e-02
    150000    14.00000000   8.3020000000e-02
    150000    16.00000000   1.0423000000e-01
    150000    18.00000000   1.2795000000e-01
    150000    20.00000000   1.5406400000e-01
    150000    22.00000000   1.8244500000e-01
    150000    24.00000000   2.1295200000e-01
    150000    26.00000000   2.4543800000e-01
    150000    28.00000000   2.7974200000e-01
    150000    30.00000000   3.1569800000e-01
    150000    32.00000000   3.5313000000e-01
    150000    34.00000000   3.9185400000e-01
    150000    36.00000000   4.3168000000e-01
    150000    38.00000000   4.7241400000e-01
    150000    40.00000000   5.1385700000e-01
    150000    42.00000000   5.5580600000e-01
    150000    44.00000000   5.9805500000e-01
    150000    46.00000000   6.4039800000e-01
    150000    48.00000000   6.8262600000e-01
    150000    50.00000000   7.2453400000e-01
    150000    52.00000000   7.6591600000e-01
    150000    54.00000000   8.0656800000e-01
    150000    56.00000000   8.4629300000e-01
    150000    58.00000000   8.8489500000e-01
    150000    60.00000000   9.2218500000e-01
    150000    62.00000000   9.5797900000e-01
    150000    64.00000000   9.9210300000e-01
    150000    66.00000000   1.0243880000e+00
    150000    68.00000000   1.0546760000e+00
    150000    70.00000000   1.0828180000e+00
    150000    72.00000000   1.1086750000e+00
    150000    74.00000000   1.1321200000e+00
    150000    76.00000000   1.1530370000e+00
    150000    78.00000000   1.1713240000e+00
    150000    80.00000000   1.1868880000e+00
    150000    82.00000000   1.1996540000e+00
    150000    84.00000000   1.2095570000e+00
    150000    86.00000000   1.2165480000e+00
    150000    88.00000000   1.2205910000e+00
    150000    90.00000000   1.2216640000e+00
    200000   -90.00000000   1.2216640000e+00
    200000   -88.00000000   1.2226710000e+00
    200000   -86.00000000   1.2207060000e+00
    200000   -84.00000000   1.2157880000e+00
    200000   -82.00000000   1.2079510000e+00
    200000   -80.00000000   1.1972400000e+00
    200000   -78.00000000   1.1837180000e+00
    200000   -76.00000000   1.1674590000e+00
    200000   -74.00000000   1.1485510000e+00
    200000   -72.00000000   1.1270960000e+00
    200000   -70.00000000   1.1032060000e+00
    200000   -68.00000000   1.0770070000e+00
    200000   -66.00000000   1.0486340000e+00
    200000   -64.00000000   1.0182350000e+00
    200000   -62.00000000   9.8596500000e-01
    200000   -60.00000000   9.5199100000e-01
    200000   -58.00000000   9.1648500000e-01
    200000   -56.00000000   8.7962800000e-01
    200000   -54.00000000   8.4160800000e-01
    200000   -52.00000000   8.0261600000e-01
    200000   -50.00000000   7.6285200000e-01
    200000   -48.00000000   7.2251400000e-01
    200000   -46.00000000   6.8180800000e-01
    200000   -44.00000000   6.4093600000e-01
    200000   -42.00000000   6.0010700000e-01
    200000   -40.00000000   5.5952300000e-01
    200000   -38.00000000   5.1939000000e-01
    200000   -36.00000000   4.7990700000e-01
    200000   -34.00000000   4.4127400000e-01
    200000   -32.00000000   4.0368400000e-01
    200000   -30.00000000   3.6732400000e-01
    200000   -28.00000000   3.3237700000e-01
    200000   -26.00000000   2.9901700000e-01
    200000   -24.00000000   2.6741100000e-01
    200000   -22.00000000   2.3771600000e-01
    200000   -20.00000000   2.1008200000e-01
    200000   -18.00000000   1.8464500000e-01
    200000   -16.00000000   1.6153300000e-01
    200000   -14.00000000   1.4086100000e-01
    200000   -12.00000000   1.2273200000e-01
    200000   -10.00000000   1.0724900000e-01
    200000    -8.00000000   9.4829000000e-02
    200000    -6.00000000   7.9916000000e-02
    200000    -4.00000000   2.9170000000e-02
    200000    -2.00000000   1.2400000000e-02
    200000     0.00000000   9.1400000000e-03
    200000     2.00000000   9.4000000000e-03
    200000     4.00000000   1.0665000000e-02
    200000     6.00000000   1.6212000000e-02
    200000     8.00000000   2.3424000000e-02
    200000    10.00000000   3.7835000000e-02
    200000    12.00000000   5.3887000000e-02
    200000    14.00000000   7.2569000000e-02
    200000    16.00000000   9.3877000000e-02
    200000    18.00000000   1.1770700000e-01
    200000    20.00000000   1.4394300000e-01
    200000    22.00000000   1.7245800000e-01
    200000    24.00000000   2.0311300000e-01
    200000    26.00000000   2.3575700000e-01
    200000    28.00000000   2.7023200000e-01
    200000    30.00000000   3.0637100000e-01
    200000    32.00000000   3.4399600000e-01
    200000    34.00000000   3.8292400000e-01
    200000    36.00000000   4.2296600000e-01
    200000    38.00000000   4.6392700000e-01
    200000    40.00000000   5.0560700000e-01
    200000    42.00000000   5.4780200000e-01
    200000    44.00000000   5.9030700000e-01
    200000    46.00000000   6.3291600000e-01
    200000    48.00000000   6.7541900000e-01
    200000    50.00000000   7.1761100000e-01
    200000    52.00000000   7.5928500000e-01
    200000    54.00000000   8.0023800000e-01
    200000    56.00000000   8.4027000000e-01
    200000    58.00000000   8.7918800000e-01
    200000    60.00000000   9.1679900000e-01
    200000    62.00000000   9.5292300000e-01
    200000    64.00000000   9.8738100000e-01
    200000    66.00000000   1.0200070000e+00
    200000    68.00000000   1.0506410000e+00
    200000    70.00000000   1.0791340000e+00
    200000    72.00000000   1.1053460000e+00
    200000    74.00000000   1.1291510000e+00
    200000    76.00000000   1.1504320000e+00
    200000    78.00000000   1.1690840000e+00
    200000    80.00000000   1.1850180000e+00
    200000    82.00000000   1.1981550000e+00
    200000    84.00000000   1.2084310000e+00
    200000    86.00000000   1.2157970000e+00
    200000    88.00000000   1.2202150000e+00
    200000    90.00000000   1.2216640000e+00
    250000   -90.00000000   1.2216640000e+00
    250000   -88.00000000   1.2219170000e+00
    250000   -86.00000000   1.2191990000e+00
    250000   -84.00000000   1.2135300000e+00
    250000   -82.00000000   1.2049430000e+00
    250000   -80.00000000   1.1934880000e+00
    250000   -78.00000000   1.1792250000e+00
    250000   -76.00000000   1.1622320000e+00
    250000   -74.00000000   1.1425960000e+00
    250000   -72.00000000   1.1204190000e+00
    250000   -70.00000000   1.0958160000e+00
    250000   -68.00000000   1.0689130000e+00
    250000   -66.00000000   1.0398460000e+00
    250000   -64.00000000   1.0087630000e+00
    250000   -62.00000000   9.7582200000e-01
    250000   -60.00000000   9.4118700000e-01
    250000   -58.00000000   9.0503500000e-01
    250000   -56.00000000   8.6754600000e-01
    250000   -54.00000000   8.2890700000e-01
    250000   -52.00000000   7.8931400000e-01
    250000   -50.00000000   7.4896300000e-01
    250000   -48.00000000   7.0805700000e-01
    250000   -46.00000000   6.6679800000e-01
    250000   -44.00000000   6.2539400000e-01
    250000   -42.00000000   5.8405000000e-01
    250000   -40.00000000   5.4297100000e-01
    250000   -38.00000000   5.0236300000e-01
    250000   -36.00000000   4.6242700000e-01
    250000   -34.00000000   4.2336100000e-01
    250000   -32.00000000   3.8536000000e-01
    250000   -30.00000000   3.4861200000e-01
    250000   -28.00000000   3.1329900000e-01
    250000   -26.00000000   2.7959700000e-01
    250000   -24.00000000   2.4767200000e-01
    250000   -22.00000000   2.1768300000e-01
    250000   -20.00000000   1.8977800000e-01
    250000   -18.00000000   1.6409600000e-01
    250000   -16.00000000   1.4076300000e-01
    250000   -14.00000000   1.1989600000e-01
    250000   -12.00000000   1.0159800000e-01
    250000   -10.00000000   8.5958000000e-02
    250000    -8.00000000   7.3819000000e-02
    250000    -6.00000000   6.3895000000e-02
    250000    -4.00000000   3.9816000000e-02
    250000    -2.00000000   1.0750000000e-02
    250000     0.00000000   7.7700000000e-03
    250000     2.00000000   8.4300000000e-03
    250000     4.00000000   9.8700000000e-03
    250000     6.00000000   1.0852000000e-02
    250000     8.00000000   2.6083000000e-02
    250000    10.00000000   1.3151000000e-02
    250000    12.00000000   2.8813000000e-02
    250000    14.00000000   4.7696000000e-02
    250000    16.00000000   6.9235000000e-02
    250000    18.00000000   9.3327000000e-02
    250000    20.00000000   1.1985400000e-01
    250000    22.00000000   1.4869000000e-01
    250000    24.00000000   1.7969400000e-01
    250000    26.00000000   2.1271700000e-01
    250000    28.00000000   2.4759800000e-01
    250000    30.00000000   2.8417000000e-01
    250000    32.00000000   3.2225600000e-01
    250000    34.00000000   3.6167200000e-01
    250000    36.00000000   4.0222700000e-01
    250000    38.00000000   4.4372700000e-01
    250000    40.00000000   4.8596900000e-01
    250000    42.00000000   5.2875200000e-01
    250000    44.00000000   5.7186700000e-01
    250000    46.00000000   6.1510800000e-01
    250000    48.00000000   6.5826600000e-01
    250000    50.00000000   7.0113300000e-01
    250000    52.00000000   7.4350200000e-01
    250000    54.00000000   7.8517000000e-01
    250000    56.00000000   8.2593500000e-01
    250000    58.00000000   8.6560300000e-01
    250000    60.00000000   9.0398200000e-01
    250000    62.00000000   9.4088800000e-01
    250000    64.00000000   9.7614400000e-01
    250000    66.00000000   1.0095800000e+00
    250000    68.00000000   1.0410380000e+00
    250000    70.00000000   1.0703660000e+00
    250000    72.00000000   1.0974250000e+00
    250000    74.00000000   1.1220850000e+00
    250000    76.00000000   1.1442300000e+00
    250000    78.00000000   1.1637540000e+00
    250000    80.00000000   1.1805670000e+00
    250000    82.00000000   1.1945870000e+00
    250000    84.00000000   1.2057520000e+00
    250000    86.00000000   1.2140080000e+00
    250000    88.00000000   1.2193200000e+00
    250000    90.00000000   1.2216640000e+00
     50000   -90.00000000   1.2216640000e+00
     50000   -88.00000000   1.2226780000e+00
     50000   -86.00000000   1.2207200000e+00
     50000   -84.00000000   1.2158090000e+00
     50000   -82.00000000   1.2079780000e+00
     50000   -80.00000000   1.1972750000e+00
     50000   -78.00000000   1.1837590000e+00
     50000   -76.00000000   1.1675070000e+00
     50000   -74.00000000   1.1486060000e+00
     50000   -72.00000000   1.1271580000e+00
     50000   -70.00000000   1.1032740000e+00
     50000   -68.00000000   1.0770820000e+00
     50000   -66.00000000   1.0487150000e+00
     50000   -64.00000000   1.0183220000e+00
     50000   -62.00000000   9.8605900000e-01
     50000   -60.00000000   9.5209100000e-01
     50000   -58.00000000   9.1659000000e-01
     50000   -56.00000000   8.7973900000e-01
     50000   -54.00000000   8.4172500000e-01
     50000   -52.00000000   8.0273900000e-01
     50000   -50.00000000   7.6298000000e-01
     50000   -48.00000000   7.2264800000e-01
     50000   -46.00000000   6.8194600000e-01
     50000   -44.00000000   6.4108000000e-01
     50000   -42.00000000   6.0025500000e-01
     50000   -40.00000000   5.5967600000e-01
     50000   -38.00000000   5.1954700000e-01
     50000   -36.00000000   4.8006900000e-01
     50000   -34.00000000   4.4144000000e-01
     50000   -32.00000000   4.0385300000e-01
     50000   -30.00000000   3.6749700000e-01
     50000   -28.00000000   3.3255300000e-01
     50000   -26.00000000   2.9919600000e-01
     50000   -24.00000000   2.6759300000e-01
     50000   -22.00000000   2.3790100000e-01
     50000   -20.00000000   2.1026900000e-01
     50000   -18.00000000   1.8483500000e-01
     50000   -16.00000000   1.6172500000e-01
     50000   -14.00000000   1.4105500000e-01
     50000   -12.00000000   1.2292700000e-01
     50000   -10.00000000   1.0743300000e-01
     50000    -8.00000000   9.6066000000e-02
     50000    -6.00000000   8.4640000000e-02
     50000    -4.00000000   5.6872000000e-02
     50000    -2.00000000   2.4940000000e-02
     50000     0.00000000   2.2970000000e-02
     50000     2.00000000   3.0630000000e-02
     50000     4.00000000   3.6910000000e-02
     50000     6.00000000   2.9419000000e-02
     50000     8.00000000   3.1228000000e-02
     50000    10.00000000   4.0357000000e-02
     50000    12.00000000   5.5016000000e-02
     50000    14.00000000   7.3688000000e-02
     50000    16.00000000   9.4985000000e-02
     50000    18.00000000   1.1880400000e-01
     50000    20.00000000   1.4502700000e-01
     50000    22.00000000   1.7352800000e-01
     50000    24.00000000   2.0416600000e-01
     50000    26.00000000   2.3679400000e-01
     50000    28.00000000   2.7125100000e-01
     50000    30.00000000   3.0737000000e-01
     50000    32.00000000   3.4497400000e-01
     50000    34.00000000   3.8388000000e-01
     50000    36.00000000   4.2390000000e-01
     50000    38.00000000   4.6483600000e-01
     50000    40.00000000   5.0649000000e-01
     50000    42.00000000   5.4865900000e-01
     50000    44.00000000   5.9113700000e-01
     50000    46.00000000   6.3371700000e-01
     50000    48.00000000   6.7619100000e-01
     50000    50.00000000   7.1835200000e-01
     50000    52.00000000   7.5999500000e-01
     50000    54.00000000   8.0091600000e-01
     50000    56.00000000   8.4091500000e-01
     50000    58.00000000   8.7979900000e-01
     50000    60.00000000   9.1737600000e-01
     50000    62.00000000   9.5346400000e-01
     50000    64.00000000   9.8788700000e-01
     50000    66.00000000   1.0204760000e+00
     50000    68.00000000   1.0510730000e+00
     50000    70.00000000   1.0795280000e+00
     50000    72.00000000   1.1057030000e+00
     50000    74.00000000   1.1294690000e+00
     50000    76.00000000   1.1507110000e+00
     50000    78.00000000   1.1693240000e+00
     50000    80.00000000   1.1852180000e+00
     50000    82.00000000   1.1983160000e+00
     50000    84.00000000   1.2085520000e+00
     50000    86.00000000   1.2158770000e+00
     50000    88.00000000   1.2202550000e+00
     50000    90.00000000   1.2216640000e+00
    100000   -90.00000000   1.2216640000e+00
    100000   -88.00000000   1.2226540000e+00
    100000   -86.00000000   1.2206720000e+00
    100000   -84.00000000   1.2157370000e+00
    100000   -82.00000000   1.2078820000e+00
    100000   -80.00000000   1.1971550000e+00
    100000   -78.00000000   1.1836160000e+00
    100000   -76.00000000   1.1673400000e+00
    100000   -74.00000000   1.1484160000e+00
    100000   -72.00000000   1.1269440000e+00
    100000   -70.00000000   1.1030380000e+00
    100000   -68.00000000   1.0768230000e+00
    100000   -66.00000000   1.0484350000e+00
    100000   -64.00000000   1.0180200000e+00
    100000   -62.00000000   9.8573500000e-01
    100000   -60.00000000   9.5174600000e-01
    100000   -58.00000000   9.1622500000e-01
    100000   -56.00000000   8.7935400000e-01
    100000   -54.00000000   8.4131900000e-01
    100000   -52.00000000   8.0231500000e-01
    100000   -50.00000000   7.6253700000e-01
    100000   -48.00000000   7.2218600000e-01
    100000   -46.00000000   6.8146700000e-01
    100000   -44.00000000   6.4058400000e-01
    100000   -42.00000000   5.9974200000e-01
    100000   -40.00000000   5.5914700000e-01
    100000   -38.00000000   5.1900300000e-01
    100000   -36.00000000   4.7951100000e-01
    100000   -34.00000000   4.4086800000e-01
    100000   -32.00000000   4.0326800000e-01
    100000   -30.00000000   3.6689900000e-01
    100000   -28.00000000   3.3194400000e-01
    100000   -26.00000000   2.9857600000e-01
    100000   -24.00000000   2.6696300000e-01
    100000   -22.00000000   2.3726100000e-01
    100000   -20.00000000   2.0962100000e-01
    100000   -18.00000000   1.8417900000e-01
    100000   -16.00000000   1.6106200000e-01
    100000   -14.00000000   1.4038500000e-01
    100000   -12.00000000   1.2225300000e-01
    100000   -10.00000000   1.0675400000e-01
    100000    -8.00000000   9.8307000000e-02
    100000    -6.00000000   8.2194000000e-02
    100000    -4.00000000   4.3380000000e-02
    100000    -2.00000000   1.9150000000e-02
    100000     0.00000000   1.6820000000e-02
    100000     2.00000000   1.6330000000e-02
    100000     4.00000000   1.5430000000e-02
    100000     6.00000000   1.7116000000e-02
    100000     8.00000000   1.9205000000e-02
    100000    10.00000000   5.2468000000e-02
    100000    12.00000000   6.0584000000e-02
    100000    14.00000000   7.9211000000e-02
    100000    16.00000000   1.0045700000e-01
    100000    18.00000000   1.2421800000e-01
    100000    20.00000000   1.5037600000e-01
    100000    22.00000000   1.7880600000e-01
    100000    24.00000000   2.0936700000e-01
    100000    26.00000000   2.4191000000e-01
    100000    28.00000000   2.7627700000e-01
    100000    30.00000000   3.1229900000e-01
    100000    32.00000000   3.4980100000e-01
    100000    34.00000000   3.8860000000e-01
    100000    36.00000000   4.2850500000e-01
    100000    38.00000000   4.6932200000e-01
    100000    40.00000000   5.1085100000e-01
    100000    42.00000000   5.5288900000e-01
    100000    44.00000000   5.9523200000e-01
    100000    46.00000000   6.3767100000e-01
    100000    48.00000000   6.8000000000e-01
    100000    50.00000000   7.2201100000e-01
    100000    52.00000000   7.6349900000e-01
    100000    54.00000000   8.0426100000e-01
    100000    56.00000000   8.4409800000e-01
    100000    58.00000000   8.8281500000e-01
    100000    60.00000000   9.2022200000e-01
    100000    62.00000000   9.5613700000e-01
    100000    64.00000000   9.9038200000e-01
    100000    66.00000000   1.0227910000e+00
    100000    68.00000000   1.0532050000e+00
    100000    70.00000000   1.0814750000e+00
    100000    72.00000000   1.1074620000e+00
    100000    74.00000000   1.1310380000e+00
    100000    76.00000000   1.1520880000e+00
    100000    78.00000000   1.1705080000e+00
    100000    80.00000000   1.1862070000e+00
    100000    82.00000000   1.1991080000e+00
    100000    84.00000000   1.2091470000e+00
    100000    86.00000000   1.2162740000e+00
    100000    88.00000000   1.2204540000e+00
    100000    90.00000000   1.2216640000e+00
    150000   -90.00000000   1.2216640000e+00
    150000   -88.00000000   1.2226680000e+00
    150000   -86.00000000   1.2206990000e+00
    150000   -84.00000000   1.2157780000e+00
    150000   -82.00000000   1.2079370000e+00
    150000   -80.00000000   1.1972220000e+00
    150000   -78.00000000   1.1836970000e+00
    150000   -76.00000000   1.1674340000e+00
    150000   -74.00000000   1.1485230000e+00
    150000   -72.00000000   1.1270650000e+00
    150000   -70.00000000   1.1031720000e+00
    150000   -68.00000000   1.0769690000e+00
    150000   -66.00000000   1.0485930000e+00
    150000   -64.00000000   1.0181910000e+00
    150000   -62.00000000   9.8591800000e-01
    150000   -60.00000000   9.5194000000e-01
    150000   -58.00000000   9.1643100000e-01
    150000   -56.00000000   8.7957200000e-01
    150000   -54.00000000   8.4154800000e-01
    150000   -52.00000000   8.0255500000e-01
    150000   -50.00000000   7.6278700000e-01
    150000   -48.00000000   7.2244700000e-01
    150000   -46.00000000   6.8173800000e-01
    150000   -44.00000000   6.4086400000e-01
    150000   -42.00000000   6.0003200000e-01
    150000   -40.00000000   5.5944600000e-01
    150000   -38.00000000   5.1931000000e-01
    150000   -36.00000000   4.7982600000e-01
    150000   -34.00000000   4.4119100000e-01
    150000   -32.00000000   4.0359800000e-01
    150000   -30.00000000   3.6723700000e-01
    150000   -28.00000000   3.3228800000e-01
    150000   -26.00000000   2.9892600000e-01
    150000   -24.00000000   2.6731900000e-01
    150000   -22.00000000   2.3762300000e-01
    150000   -20.00000000   2.0998700000e-01
    150000   -18.00000000   1.8454900000e-01
    150000   -16.00000000   1.6143600000e-01
    150000   -14.00000000   1.4076300000e-01
    150000   -12.00000000   1.2263400000e-01
    150000   -10.00000000   1.0881700000e-01
    150000    -8.00000000   9.4416000000e-02
    150000    -6.00000000   8.3819000000e-02
    150000    -4.00000000   3.9385000000e-02
    150000    -2.00000000   1.4990000000e-02
    150000     0.00000000   1.1730000000e-02
    150000     2.00000000   1.1400000000e-02
    150000     4.00000000   1.2030000000e-02
    150000     6.00000000   1.7956000000e-02
    150000     8.00000000   3.5420000000e-02
    150000    10.00000000   5.1594000000e-02
    150000    12.00000000   6.4423000000e-02
    150000    14.00000000   8.3020000000e-02
    150000    16.00000000   1.0423000000e-01
    150000    18.00000000   1.2795000000e-01
    150000    20.00000000   1.5406400000e-01
    150000    22.00000000   1.8244500000e-01
    150000    24.00000000   2.1295200000e-01
    150000    26.00000000   2.4543800000e-01
    150000    28.00000000   2.7974200000e-01
    150000    30.00000000   3.1569800000e-01
    150000    32.00000000   3.5313000000e-01
    150000    34.00000000   3.9185400000e-01
    150000    36.00000000   4.3168000000e-01
    150000    38.00000000   4.7241400000e-01
    150000    40.00000000   5.1385700000e-01
    150000    42.00000000   5.5580600000e-01
    150000    44.00000000   5.9805500000e-01
    150000    46.00000000   6.4039800000e-01
    150000    48.00000000   6.8262600000e-01
    150000    50.00000000   7.2453400000e-01
    150000    52.00000000   7.6591600000e-01
    150000    54.00000000   8.0656800000e-01
    150000    56.00000000   8.4629300000e-01
    150000    58.00000000   8.8489500000e-01
    150000    60.00000000   9.2218500000e-01
    150000    62.00000000   9.5797900000e-01
    150000    64.00000000   9.9210300000e-01
    150000    66.00000000   1.0243880000e+00
    150000    68.00000000   1.0546760000e+00
    150000    70.00000000   1.0828180000e+00
    150000    72.00000000   1.1086750000e+00
    150000    74.00000000   1.1321200000e+00
    150000    76.00000000   1.1530370000e+00
    150000    78.00000000   1.1713240000e+00
    150000    80.00000000   1.1868880000e+00
    150000    82.00000000   1.1996540000e+00
    150000    84.00000000   1.2095570000e+00
    150000    86.00000000   1.2165480000e+00
    150000    88.00000000   1.2205910000e+00
    150000    90.00000000   1.2216640000e+00
    200000   -90.00000000   1.2216640000e+00
    200000   -88.00000000   1.2226710000e+00
    200000   -86.00000000   1.2207060000e+00
    200000   -84.00000000   1.2157880000e+00
    200000   -82.00000000   1.2079510000e+00
    200000   -80.00000000   1.1972400000e+00
    200000   -78.00000000   1.1837180000e+00
    200000   -76.00000000   1.1674590000e+00
    200000   -74.00000000   1.1485510000e+00
    200000   -72.00000000   1.1270960000e+00
    200000   -70.00000000   1.1032060000e+00
    200000   -68.00000000   1.0770070000e+00
    200000   -66.00000000   1.0486340000e+00
    200000   -64.00000000   1.0182350000e+00
    200000   -62.00000000   9.8596500000e-01
    200000   -60.00000000   9.5199100000e-01
    200000   -58.00000000   9.1648500000e-01
    200000   -56.00000000   8.7962800000e-01
    200000   -54.00000000   8.4160800000e-01
    200000   -52.00000000   8.0261600000e-01
    200000   -50.00000000   7.6285200000e-01
    200000   -48.00000000   7.2251400000e-01
    200000   -46.00000000   6.8180800000e-01
    200000   -44.00000000   6.4093600000e-01
    200000   -42.00000000   6.0010700000e-01
    200000   -40.00000000   5.5952300000e-01
    200000   -38.00000000   5.1939000000e-01
    200000   -36.00000000   4.7990700000e-01
    200000   -34.00000000   4.4127400000e-01
    200000   -32.00000000   4.0368400000e-01
    200000   -30.00000000   3.6732400000e-01
    200000   -28.00000000   3.3237700000e-01
    200000   -26.00000000   2.9901700000e-01
    200000   -24.00000000   2.6741100000e-01
    200000   -22.00000000   2.3771600000e-01
    200000   -20.00000000   2.1008200000e-01
    200000   -18.00000000   1.8464500000e-01
    200000   -16.00000000   1.6153300000e-01
    200000   -14.00000000   1.4086100000e-01
    200000   -12.00000000   1.2273200000e-01
    200000   -10.00000000   1.0724900000e-01
    200000    -8.00000000   9.4829000000e-02
    200000    -6.00000000   7.9916000000e-02
    200000    -4.00000000   2.9170000000e-02
    200000    -2.00000000   1.2400000000e-02
    200000     0.00000000   9.1400000000e-03
    200000     2.00000000   9.4000000000e-03
    200000     4.00000000   1.0665000000e-02
    200000     6.00000000   1.6212000000e-02
    200000     8.00000000   2.3424000000e-02
    200000    10.00000000   3.7835000000e-02
    200000    12.00000000   5.3887000000e-02
    200000    14.00000000   7.2569000000e-02
    200000    16.00000000   9.3877000000e-02
    200000    18.00000000   1.1770700000e-01
    200000    20.00000000   1.4394300000e-01
    200000    22.00000000   1.7245800000e-01
    200000    24.00000000   2.0311300000e-01
    200000    26.00000000   2.3575700000e-01
    200000    28.00000000   2.7023200000e-01
    200000    30.00000000   3.0637100000e-01
    200000    32.00000000   3.4399600000e-01
    200000    34.00000000   3.8292400000e-01
    200000    36.00000000   4.2296600000e-01
    200000    38.00000000   4.6392700000e-01
    200000    40.00000000   5.0560700000e-01
    200000    42.00000000   5.4780200000e-01
    200000    44.00000000   5.9030700000e-01
    200000    46.00000000   6.3291600000e-01
    200000    48.00000000   6.7541900000e-01
    200000    50.00000000   7.1761100000e-01
    200000    52.00000000   7.5928500000e-01
    200000    54.00000000   8.0023800000e-01
    200000    56.00000000   8.4027000000e-01
    200000    58.00000000   8.7918800000e-01
    200000    60.00000000   9.1679900000e-01
    200000    62.00000000   9.5292300000e-01
    200000    64.00000000   9.8738100000e-01
    200000    66.00000000   1.0200070000e+00
    200000    68.00000000   1.0506410000e+00
    200000    70.00000000   1.0791340000e+00
    200000    72.00000000   1.1053460000e+00
    200000    74.00000000   1.1291510000e+00
    200000    76.00000000   1.1504320000e+00
    200000    78.00000000   1.1690840000e+00
    200000    80.00000000   1.1850180000e+00
    200000    82.00000000   1.1981550000e+00
    200000    84.00000000   1.2084310000e+00
    200000    86.00000000   1.2157970000e+00
    200000    88.00000000   1.2202150000e+00
    200000    90.00000000   1.2216640000e+00
    250000   -90.00000000   1.2216640000e+00
    250000   -88.00000000   1.2219170000e+00
    250000   -86.00000000   1.2191990000e+00
    250000   -84.00000000   1.2135300000e+00
    250000   -82.00000000   1.2049430000e+00
    250000   -80.00000000   1.1934880000e+00
    250000   -78.00000000   1.1792250000e+00
    250000   -76.00000000   1.1622320000e+00
    250000   -74.00000000   1.1425960000e+00
    250000   -72.00000000   1.1204190000e+00
    250000   -70.00000000   1.0958160000e+00
    250000   -68.00000000   1.0689130000e+00
    250000   -66.00000000   1.0398460000e+00
    250000   -64.00000000   1.0087630000e+00
    250000   -62.00000000   9.7582200000e-01
    250000   -60.00000000   9.4118700000e-01
    250000   -58.00000000   9.0503500000e-01
    250000   -56.00000000   8.6754600000e-01
    250000   -54.00000000   8.2890700000e-01
    250000   -52.00000000   7.8931400000e-01
    250000   -50.00000000   7.4896300000e-01
    250000   -48.00000000   7.0805700000e-01
    250000   -46.00000000   6.6679800000e-01
    250000   -44.00000000   6.2539400000e-01
    250000   -42.00000000   5.8405000000e-01
    250000   -40.00000000   5.4297100000e-01
    250000   -38.00000000   5.0236300000e-01
    250000   -36.00000000   4.6242700000e-01
    250000   -34.00000000   4.2336100000e-01
    250000   -32.00000000   3.8536000000e-01
    250000   -30.00000000   3.4861200000e-01
    250000   -28.00000000   3.1329900000e-01
    250000   -26.00000000   2.7959700000e-01
    250000   -24.00000000   2.4767200000e-01
    250000   -22.00000000   2.1768300000e-01
    250000   -20.00000000   1.8977800000e-01
    250000   -18.00000000   1.6409600000e-01
    250000   -16.00000000   1.4076300000e-01
    250000   -14.00000000   1.1989600000e-01
    250000   -12.00000000   1.0159800000e-01
    250000   -10.00000000   8.5958000000e-02
    250000    -8.00000000   7.3819000000e-02
    250000    -6.00000000   6.3895000000e-02
    250000    -4.00000000   3.9816000000e-02
    250000    -2.00000000   1.0750000000e-02
    250000     0.00000000   7.7700000000e-03
    250000     2.00000000   8.4300000000e-03
    250000     4.00000000   9.8700000000e-03
    250000     6.00000000   1.0852000000e-02
    250000     8.00000000   2.6083000000e-02
    250000    10.00000000   1.3151000000e-02
    250000    12.00000000   2.8813000000e-02
    250000    14.00000000   4.7696000000e-02
    250000    16.00000000   6.9235000000e-02
    250000    18.00000000   9.3327000000e-02
    250000    20.00000000   1.1985400000e-01
    250000    22.00000000   1.4869000000e-01
    250000    24.00000000   1.7969400000e-01
    250000    26.00000000   2.1271700000e-01
    250000    28.00000000   2.4759800000e-01
    250000    30.00000000   2.8417000000e-01
    250000    32.00000000   3.2225600000e-01
    250000    34.00000000   3.6167200000e-01
    250000    36.00000000   4.0222700000e-01
    250000    38.00000000   4.4372700000e-01
    250000    40.00000000   4.8596900000e-01
    250000    42.00000000   5.2875200000e-01
    250000    44.00000000   5.7186700000e-01
    250000    46.00000000   6.1510800000e-01
    250000    48.00000000   6.5826600000e-01
    250000    50.00000000   7.0113300000e-01
    250000    52.00000000   7.4350200000e-01
    250000    54.00000000   7.8517000000e-01
    250000    56.00000000   8.2593500000e-01
    250000    58.00000000   8.6560300000e-01
    250000    60.00000000   9.0398200000e-01
    250000    62.00000000   9.4088800000e-01
    250000    64.00000000   9.7614400000e-01
    250000    66.00000000   1.0095800000e+00
    250000    68.00000000   1.0410380000e+00
    250000    70.00000000   1.0703660000e+00
    250000    72.00000000   1.0974250000e+00
    250000    74.00000000   1.1220850000e+00
    250000    76.00000000   1.1442300000e+00
    250000    78.00000000   1.1637540000e+00
    250000    80.00000000   1.1805670000e+00
    250000    82.00000000   1.1945870000e+00
    250000    84.00000000   1.2057520000e+00
    250000    86.00000000   1.2140080000e+00
    250000    88.00000000   1.2193200000e+00
    250000    90.00000000   1.2216640000e+00
     50000   -90.00000000   1.2216640000e+00
     50000   -88.00000000   1.2227930000e+00
     50000   -86.00000000   1.2209500000e+00
     50000   -84.00000000   1.2161530000e+00
     50000   -82.00000000   1.2084360000e+00
     50000   -80.00000000   1.1978460000e+00
     50000   -78.00000000   1.1844440000e+00
     50000   -76.00000000   1.1683030000e+00
     50000   -74.00000000   1.1495140000e+00
     50000   -72.00000000   1.1281750000e+00
     50000   -70.00000000   1.1044000000e+00
     50000   -68.00000000   1.0783150000e+00
     50000   -66.00000000   1.0500540000e+00
     50000   -64.00000000   1.0197660000e+00
     50000   -62.00000000   9.8760400000e-01
     50000   -60.00000000   9.5373600000e-01
     50000   -58.00000000   9.1833500000e-01
     50000   -56.00000000   8.8158000000e-01
     50000   -54.00000000   8.4366000000e-01
     50000   -52.00000000   8.0476600000e-01
     50000   -50.00000000   7.6509600000e-01
     50000   -48.00000000   7.2485100000e-01
     50000   -46.00000000   6.8423300000e-01
     50000   -44.00000000   6.4344800000e-01
     50000   -42.00000000   6.0270100000e-01
     50000   -40.00000000   5.6219800000e-01
     50000   -38.00000000   5.2214100000e-01
     50000   -36.00000000   4.8273200000e-01
     50000   -34.00000000   4.4416900000e-01
     50000   -32.00000000   4.0664500000e-01
     50000   -30.00000000   3.7034800000e-01
     50000   -28.00000000   3.3545900000e-01
     50000   -26.00000000   3.0215500000e-01
     50000   -24.00000000   2.7060000000e-01
     50000   -22.00000000   2.4095300000e-01
     50000   -20.00000000   2.1336200000e-01
     50000   -18.00000000   1.8796500000e-01
     50000   -16.00000000   1.6488900000e-01
     50000   -14.00000000   1.4424900000e-01
     50000   -12.00000000   1.2614700000e-01
     50000   -10.00000000   1.1067500000e-01
     50000    -8.00000000   9.9319000000e-02
     50000    -6.00000000   8.7721000000e-02
     50000    -4.00000000   5.5091000000e-02
     50000    -2.00000000   2.4910000000e-02
     50000     0.00000000   2.2810000000e-02
     50000     2.00000000   3.0660000000e-02
     50000     4.00000000   3.7860000000e-02
     50000     6.00000000   3.1687000000e-02
     50000     8.00000000   3.7939000000e-02
     50000    10.00000000   5.9627000000e-02
     50000    12.00000000   6.7189000000e-02
     50000    14.00000000   8.5764000000e-02
     50000    16.00000000   1.0694900000e-01
     50000    18.00000000   1.3064000000e-01
     50000    20.00000000   1.5672200000e-01
     50000    22.00000000   1.8506700000e-01
     50000    24.00000000   2.1553600000e-01
     50000    26.00000000   2.4798000000e-01
     50000    28.00000000   2.8223900000e-01
     50000    30.00000000   3.1814800000e-01
     50000    32.00000000   3.5552800000e-01
     50000    34.00000000   3.9419800000e-01
     50000    36.00000000   4.3396800000e-01
     50000    38.00000000   4.7464300000e-01
     50000    40.00000000   5.1602400000e-01
     50000    42.00000000   5.5790800000e-01
     50000    44.00000000   6.0008900000e-01
     50000    46.00000000   6.4236200000e-01
     50000    48.00000000   6.8451800000e-01
     50000    50.00000000   7.2635200000e-01
     50000    52.00000000   7.6765700000e-01
     50000    54.00000000   8.0823100000e-01
     50000    56.00000000   8.4787500000e-01
     50000    58.00000000   8.8639400000e-01
     50000    60.00000000   9.2359900000e-01
     50000    62.00000000   9.5930700000e-01
     50000    64.00000000   9.9334200000e-01
     50000    66.00000000   1.0255380000e+00
     50000    68.00000000   1.0557350000e+00
     50000    70.00000000   1.0837850000e+00
     50000    72.00000000   1.1095490000e+00
     50000    74.00000000   1.1328990000e+00
     50000    76.00000000   1.1537210000e+00
     50000    78.00000000   1.1719120000e+00
     50000    80.00000000   1.1873790000e+00
     50000    82.00000000   1.2000480000e+00
     50000    84.00000000   1.2098530000e+00
     50000    86.00000000   1.2167450000e+00
     50000    88.00000000   1.2206890000e+00
     50000    90.00000000   1.2216640000e+00
    100000   -90.00000000   1.2216640000e+00
    100000   -88.00000000   1.2226820000e+00
    100000   -86.00000000   1.2207270000e+00
    100000   -84.00000000   1.2158200000e+00
    100000   -82.00000000   1.2079930000e+00
    100000   -80.00000000   1.1972930000e+00
    100000   -78.00000000   1.1837810000e+00
    100000   -76.00000000   1.1675320000e+00
    100000   -74.00000000   1.1486350000e+00
    100000   -72.00000000   1.1271890000e+00
    100000   -70.00000000   1.1033100000e+00
    100000   -68.00000000   1.0771200000e+00
    100000   -66.00000000   1.0487570000e+00
    100000   -64.00000000   1.0183680000e+00
    100000   -62.00000000   9.8610800000e-01
    100000   -60.00000000   9.5214200000e-01
    100000   -58.00000000   9.1664500000e-01
    100000   -56.00000000   8.7979700000e-01
    100000   -54.00000000   8.4178600000e-01
    100000   -52.00000000   8.0280300000e-01
    100000   -50.00000000   7.6304700000e-01
    100000   -48.00000000   7.2271700000e-01
    100000   -46.00000000   6.8201800000e-01
    100000   -44.00000000   6.4115400000e-01
    100000   -42.00000000   6.0033200000e-01
    100000   -40.00000000   5.5975500000e-01
    100000   -38.00000000   5.1962800000e-01
    100000   -36.00000000   4.8015200000e-01
    100000   -34.00000000   4.4152500000e-01
    100000   -32.00000000   4.0394100000e-01
    100000   -30.00000000   3.6758600000e-01
    100000   -28.00000000   3.3264400000e-01
    100000   -26.00000000   2.9928900000e-01
    100000   -24.00000000   2.6768700000e-01
    100000   -22.00000000   2.3799700000e-01
    100000   -20.00000000   2.1036600000e-01
    100000   -18.00000000   1.8493300000e-01
    100000   -16.00000000   1.6182400000e-01
    100000   -14.00000000   1.4115500000e-01
    100000   -12.00000000   1.2302900000e-01
    100000   -10.00000000   1.1125900000e-01
    100000    -8.00000000   9.4829000000e-02
    100000    -6.00000000   8.3636000000e-02
    100000    -4.00000000   5.0890000000e-02
    100000    -2.00000000   1.8070000000e-02
    100000     0.00000000   1.6820000000e-02
    100000     2.00000000   1.6330000000e-02
    100000     4.00000000   1.5839000000e-02
    100000     6.00000000   1.7493000000e-02
    100000     8.00000000   2.8700000000e-02
    100000    10.00000000   4.6068000000e-02
    100000    12.00000000   5.7785000000e-02
    100000    14.00000000   7.6435000000e-02
    100000    16.00000000   9.7707000000e-02
    100000    18.00000000   1.2149600000e-01
    100000    20.00000000   1.4768800000e-01
    100000    22.00000000   1.7615300000e-01
    100000    24.00000000   2.0675300000e-01
    100000    26.00000000   2.3933800000e-01
    100000    28.00000000   2.7375100000e-01
    100000    30.00000000   3.0982100000e-01
    100000    32.00000000   3.4737500000e-01
    100000    34.00000000   3.8622800000e-01
    100000    36.00000000   4.2619000000e-01
    100000    38.00000000   4.6706700000e-01
    100000    40.00000000   5.0865900000e-01
    100000    42.00000000   5.5076300000e-01
    100000    44.00000000   5.9317400000e-01
    100000    46.00000000   6.3568400000e-01
    100000    48.00000000   6.7808500000e-01
    100000    50.00000000   7.2017200000e-01
    100000    52.00000000   7.6173800000e-01
    100000    54.00000000   8.0258000000e-01
    100000    56.00000000   8.4249800000e-01
    100000    58.00000000   8.8129900000e-01
    100000    60.00000000   9.1879200000e-01
    100000    62.00000000   9.5479300000e-01
    100000    64.00000000   9.8912800000e-01
    100000    66.00000000   1.0216280000e+00
    100000    68.00000000   1.0521340000e+00
    100000    70.00000000   1.0804970000e+00
    100000    72.00000000   1.1065780000e+00
    100000    74.00000000   1.1302490000e+00
    100000    76.00000000   1.1513960000e+00
    100000    78.00000000   1.1699130000e+00
    100000    80.00000000   1.1857100000e+00
    100000    82.00000000   1.1987100000e+00
    100000    84.00000000   1.2088480000e+00
    100000    86.00000000   1.2160750000e+00
    100000    88.00000000   1.2203540000e+00
    100000    90.00000000   1.2216640000e+00
    150000   -90.00000000   1.2216640000e+00
    150000   -88.00000000   1.2226650000e+00
    150000   -86.00000000   1.2206950000e+00
    150000   -84.00000000   1.2157710000e+00
    150000   -82.00000000   1.2079270000e+00
    150000   -80.00000000   1.1972110000e+00
    150000   -78.00000000   1.1836830000e+00
    150000   -76.00000000   1.1674180000e+00
    150000   -74.00000000   1.1485050000e+00
    150000   -72.00000000   1.1270440000e+00
    150000   -70.00000000   1.1031490000e+00
    150000   -68.00000000   1.0769440000e+00
    150000   -66.00000000   1.0485660000e+00
    150000   -64.00000000   1.0181620000e+00
    150000   -62.00000000   9.8588700000e-01
    150000   -60.00000000   9.5190700000e-01
    150000   -58.00000000   9.1639600000e-01
    150000   -56.00000000   8.7953500000e-01
    150000   -54.00000000   8.4151000000e-01
    150000   -52.00000000   8.0251400000e-01
    150000   -50.00000000   7.6274500000e-01
    150000   -48.00000000   7.2240300000e-01
    150000   -46.00000000   6.8169200000e-01
    150000   -44.00000000   6.4081700000e-01
    150000   -42.00000000   5.9998300000e-01
    150000   -40.00000000   5.5939500000e-01
    150000   -38.00000000   5.1925800000e-01
    150000   -36.00000000   4.7977200000e-01
    150000   -34.00000000   4.4113600000e-01
    150000   -32.00000000   4.0354200000e-01
    150000   -30.00000000   3.6718000000e-01
    150000   -28.00000000   3.3223000000e-01
    150000   -26.00000000   2.9886700000e-01
    150000   -24.00000000   2.6725800000e-01
    150000   -22.00000000   2.3756200000e-01
    150000   -20.00000000   2.0992500000e-01
    150000   -18.00000000   1.8448600000e-01
    150000   -16.00000000   1.6137300000e-01
    150000   -14.00000000   1.4069900000e-01
    150000   -12.00000000   1.2832200000e-01
    150000   -10.00000000   1.0862300000e-01
    150000    -8.00000000   1.0069600000e-01
    150000    -6.00000000   9.2116000000e-02
    150000    -4.00000000   4.4208000000e-02
    150000    -2.00000000   1.5000000000e-02
    150000     0.00000000   1.1730000000e-02
    150000     2.00000000   1.1400000000e-02
    150000     4.00000000   1.2050000000e-02
    150000     6.00000000   1.4940000000e-02
    150000     8.00000000   1.9636000000e-02
    150000    10.00000000   2.7336000000e-02
    150000    12.00000000   4.2141000000e-02
    150000    14.00000000   6.0916000000e-02
    150000    16.00000000   8.2333000000e-02
    150000    18.00000000   1.0628500000e-01
    150000    20.00000000   1.3265800000e-01
    150000    22.00000000   1.6132400000e-01
    150000    24.00000000   1.9214200000e-01
    150000    26.00000000   2.2496300000e-01
    150000    28.00000000   2.5962900000e-01
    150000    30.00000000   2.9597000000e-01
    150000    32.00000000   3.3381100000e-01
    150000    34.00000000   3.7296800000e-01
    150000    36.00000000   4.1325100000e-01
    150000    38.00000000   4.5446400000e-01
    150000    40.00000000   4.9640700000e-01
    150000    42.00000000   5.3887700000e-01
    150000    44.00000000   5.8166900000e-01
    150000    46.00000000   6.2457300000e-01
    150000    48.00000000   6.6738300000e-01
    150000    50.00000000   7.0989100000e-01
    150000    52.00000000   7.5189100000e-01
    150000    54.00000000   7.9317900000e-01
    150000    56.00000000   8.3355500000e-01
    150000    58.00000000   8.7282400000e-01
    150000    60.00000000   9.1079500000e-01
    150000    62.00000000   9.4728500000e-01
    150000    64.00000000   9.8211700000e-01
    150000    66.00000000   1.0151220000e+00
    150000    68.00000000   1.0461420000e+00
    150000    70.00000000   1.0750260000e+00
    150000    72.00000000   1.1016350000e+00
    150000    74.00000000   1.1258410000e+00
    150000    76.00000000   1.1475260000e+00
    150000    78.00000000   1.1665870000e+00
    150000    80.00000000   1.1829330000e+00
    150000    82.00000000   1.1964840000e+00
    150000    84.00000000   1.2071760000e+00
    150000    86.00000000   1.2149590000e+00
    150000    88.00000000   1.2197960000e+00
    150000    90.00000000   1.2216640000e+00
    200000   -90.00000000   1.2216640000e+00
    200000   -88.00000000   1.2220730000e+00
    200000   -86.00000000   1.2195110000e+00
    200000   -84.00000000   1.2139980000e+00
    200000   -82.00000000   1.2055660000e+00
    200000   -80.00000000   1.1942650000e+00
    200000   -78.00000000   1.1801560000e+00
    200000   -76.00000000   1.1633140000e+00
    200000   -74.00000000   1.1438290000e+00
    200000   -72.00000000   1.1218020000e+00
    200000   -70.00000000   1.0973470000e+00
    200000   -68.00000000   1.0705890000e+00
    200000   -66.00000000   1.0416660000e+00
    200000   -64.00000000   1.0107250000e+00
    200000   -62.00000000   9.7792200000e-01
    200000   -60.00000000   9.4342500000e-01
    200000   -58.00000000   9.0740600000e-01
    200000   -56.00000000   8.7004800000e-01
    200000   -54.00000000   8.3153800000e-01
    200000   -52.00000000   7.9206900000e-01
    200000   -50.00000000   7.5183900000e-01
    200000   -48.00000000   7.1105100000e-01
    200000   -46.00000000   6.6990700000e-01
    200000   -44.00000000   6.2861300000e-01
    200000   -42.00000000   5.8737500000e-01
    200000   -40.00000000   5.4639900000e-01
    200000   -38.00000000   5.0588900000e-01
    200000   -36.00000000   4.6604700000e-01
    200000   -34.00000000   4.2707100000e-01
    200000   -32.00000000   3.8915500000e-01
    200000   -30.00000000   3.5248700000e-01
    200000   -28.00000000   3.1725000000e-01
    200000   -26.00000000   2.8361800000e-01
    200000   -24.00000000   2.5176000000e-01
    200000   -22.00000000   2.2183100000e-01
    200000   -20.00000000   1.9398300000e-01
    200000   -18.00000000   1.6835100000e-01
    200000   -16.00000000   1.4506400000e-01
    200000   -14.00000000   1.2423800000e-01
    200000   -12.00000000   1.0597400000e-01
    200000   -10.00000000   9.2521000000e-02
    200000    -8.00000000   7.7892000000e-02
    200000    -6.00000000   6.6944000000e-02
    200000    -4.00000000   5.5853000000e-02
    200000    -2.00000000   1.2410000000e-02
    200000     0.00000000   9.2000000000e-03
    200000     2.00000000   9.4000000000e-03
    200000     4.00000000   1.1137000000e-02
    200000     6.00000000   1.6456000000e-02
    200000     8.00000000   2.7640000000e-02
    200000    10.00000000   3.9819000000e-02
    200000    12.00000000   5.6738000000e-02
    200000    14.00000000   7.5397000000e-02
    200000    16.00000000   9.6678000000e-02
    200000    18.00000000   1.2047800000e-01
    200000    20.00000000   1.4668200000e-01
    200000    22.00000000   1.7516000000e-01
    200000    24.00000000   2.0577500000e-01
    200000    26.00000000   2.3837600000e-01
    200000    28.00000000   2.7280500000e-01
    200000    30.00000000   3.0889400000e-01
    200000    32.00000000   3.4646700000e-01
    200000    34.00000000   3.8534000000e-01
    200000    36.00000000   4.2532400000e-01
    200000    38.00000000   4.6622400000e-01
    200000    40.00000000   5.0783900000e-01
    200000    42.00000000   5.4996800000e-01
    200000    44.00000000   5.9240400000e-01
    200000    46.00000000   6.3494000000e-01
    200000    48.00000000   6.7736900000e-01
    200000    50.00000000   7.1948400000e-01
    200000    52.00000000   7.6107900000e-01
    200000    54.00000000   8.0195100000e-01
    200000    56.00000000   8.4190000000e-01
    200000    58.00000000   8.8073200000e-01
    200000    60.00000000   9.1825600000e-01
    200000    62.00000000   9.5429100000e-01
    200000    64.00000000   9.8865900000e-01
    200000    66.00000000   1.0211920000e+00
    200000    68.00000000   1.0517330000e+00
    200000    70.00000000   1.0801300000e+00
    200000    72.00000000   1.1062470000e+00
    200000    74.00000000   1.1299540000e+00
    200000    76.00000000   1.1511370000e+00
    200000    78.00000000   1.1696900000e+00
    200000    80.00000000   1.1855240000e+00
    200000    82.00000000   1.1985610000e+00
    200000    84.00000000   1.2087360000e+00
    200000    86.00000000   1.2160000000e+00
    200000    88.00000000   1.2203170000e+00
    200000    90.00000000   1.2216640000e+00
    250000   -90.00000000   1.2216640000e+00
    250000   -88.00000000   1.2231790000e+00
    250000   -86.00000000   1.2217210000e+00
    250000   -84.00000000   1.2173090000e+00
    250000   -82.00000000   1.2099750000e+00
    250000   -80.00000000   1.1997650000e+00
    250000   -78.00000000   1.1867420000e+00
    250000   -76.00000000   1.1709770000e+00
    250000   -74.00000000   1.1525600000e+00
    250000   -72.00000000   1.1315900000e+00
    250000   -70.00000000   1.1081800000e+00
    250000   -68.00000000   1.0824550000e+00
    250000   -66.00000000   1.0545500000e+00
    250000   -64.00000000   1.0246110000e+00
    250000   -62.00000000   9.9279300000e-01
    250000   -60.00000000   9.5926300000e-01
    250000   -58.00000000   9.2419200000e-01
    250000   -56.00000000   8.8776100000e-01
    250000   -54.00000000   8.5015600000e-01
    250000   -52.00000000   8.1157100000e-01
    250000   -50.00000000   7.7220100000e-01
    250000   -48.00000000   7.3224600000e-01
    250000   -46.00000000   6.9191100000e-01
    250000   -44.00000000   6.5139900000e-01
    250000   -42.00000000   6.1091500000e-01
    250000   -40.00000000   5.7066500000e-01
    250000   -38.00000000   5.3085000000e-01
    250000   -36.00000000   4.9167400000e-01
    250000   -34.00000000   4.5333200000e-01
    250000   -32.00000000   4.1601800000e-01
    250000   -30.00000000   3.7992000000e-01
    250000   -28.00000000   3.4521900000e-01
    250000   -26.00000000   3.1208900000e-01
    250000   -24.00000000   2.8069700000e-01
    250000   -22.00000000   2.5120100000e-01
    250000   -20.00000000   2.2374900000e-01
    250000   -18.00000000   1.9847700000e-01
    250000   -16.00000000   1.7551400000e-01
    250000   -14.00000000   1.5497300000e-01
    250000   -12.00000000   1.3833800000e-01
    250000   -10.00000000   1.2156000000e-01
    250000    -8.00000000   8.9860000000e-02
    250000    -6.00000000   7.5487000000e-02
    250000    -4.00000000   3.1628000000e-02
    250000    -2.00000000   1.0750000000e-02
    250000     0.00000000   7.7700000000e-03
    250000     2.00000000   8.4300000000e-03
    250000     4.00000000   1.0037000000e-02
    250000     6.00000000   1.6118000000e-02
    250000     8.00000000   2.3537000000e-02
    250000    10.00000000   3.7463000000e-02
    250000    12.00000000   5.3743000000e-02
    250000    14.00000000   7.2426000000e-02
    250000    16.00000000   9.3735000000e-02
    250000    18.00000000   1.1756600000e-01
    250000    20.00000000   1.4380500000e-01
    250000    22.00000000   1.7232100000e-01
    250000    24.00000000   2.0297800000e-01
    250000    26.00000000   2.3562400000e-01
    250000    28.00000000   2.7010200000e-01
    250000    30.00000000   3.0624300000e-01
    250000    32.00000000   3.4387000000e-01
    250000    34.00000000   3.8280200000e-01
    250000    36.00000000   4.2284700000e-01
    250000    38.00000000   4.6381100000e-01
    250000    40.00000000   5.0549400000e-01
    250000    42.00000000   5.4769200000e-01
    250000    44.00000000   5.9020100000e-01
    250000    46.00000000   6.3281300000e-01
    250000    48.00000000   6.7532000000e-01
    250000    50.00000000   7.1751600000e-01
    250000    52.00000000   7.5919400000e-01
    250000    54.00000000   8.0015100000e-01
    250000    56.00000000   8.4018800000e-01
    250000    58.00000000   8.7910900000e-01
    250000    60.00000000   9.1672600000e-01
    250000    62.00000000   9.5285300000e-01
    250000    64.00000000   9.8731600000e-01
    250000    66.00000000   1.0199470000e+00
    250000    68.00000000   1.0505860000e+00
    250000    70.00000000   1.0790830000e+00
    250000    72.00000000   1.1053010000e+00
    250000    74.00000000   1.1291100000e+00
    250000    76.00000000   1.1503960000e+00
    250000    78.00000000   1.1690540000e+00
    250000    80.00000000   1.1849920000e+00
    250000    82.00000000   1.1981350000e+00
    250000    84.00000000   1.2084160000e+00
    250000    86.00000000   1.2157860000e+00
    250000    88.00000000   1.2202100000e+00
    250000    90.00000000   1.2216640000e+00
     50000   -90.00000000   1.2216640000e+00
     50000   -88.00000000   1.2227490000e+00
     50000   -86.00000000   1.2208620000e+00
     50000   -84.00000000   1.2160220000e+00
     50000   -82.00000000   1.2082610000e+00
     50000   -80.00000000   1.1976280000e+00
     50000   -78.00000000   1.1841820000e+00
     50000   -76.00000000   1.1679990000e+00
     50000   -74.00000000   1.1491670000e+00
     50000   -72.00000000   1.1277860000e+00
     50000   -70.00000000   1.1039700000e+00
     50000   -68.00000000   1.0778440000e+00
     50000   -66.00000000   1.0495430000e+00
     50000   -64.00000000   1.0192140000e+00
     50000   -62.00000000   9.8701400000e-01
     50000   -60.00000000   9.5310800000e-01
     50000   -58.00000000   9.1766800000e-01
     50000   -56.00000000   8.8087700000e-01
     50000   -54.00000000   8.4292100000e-01
     50000   -52.00000000   8.0399200000e-01
     50000   -50.00000000   7.6428800000e-01
     50000   -48.00000000   7.2400900000e-01
     50000   -46.00000000   6.8335900000e-01
     50000   -44.00000000   6.4254300000e-01
     50000   -42.00000000   6.0176700000e-01
     50000   -40.00000000   5.6123400000e-01
     50000   -38.00000000   5.2115000000e-01
     50000   -36.00000000   4.8171500000e-01
     50000   -34.00000000   4.4312600000e-01
     50000   -32.00000000   4.0557800000e-01
     50000   -30.00000000   3.6925900000e-01
     50000   -28.00000000   3.3434900000e-01
     50000   -26.00000000   3.0102500000e-01
     50000   -24.00000000   2.6945100000e-01
     50000   -22.00000000   2.3978700000e-01
     50000   -20.00000000   2.1218100000e-01
     50000   -18.00000000   1.8676900000e-01
     50000   -16.00000000   1.6368000000e-01
     50000   -14.00000000   1.4302900000e-01
     50000   -12.00000000   1.2491700000e-01
     50000   -10.00000000   1.0943700000e-01
     50000    -8.00000000   9.8133000000e-02
     50000    -6.00000000   8.6528000000e-02
     50000    -4.00000000   5.5054000000e-02
     50000    -2.00000000   2.5000000000e-02
     50000     0.00000000   2.3020000000e-02
     50000     2.00000000   3.0670000000e-02
     50000     4.00000000   3.7830000000e-02
     50000     6.00000000   3.1483000000e-02
     50000     8.00000000   3.7602000000e-02
     50000    10.00000000   5.7826000000e-02
     50000    12.00000000   6.6942000000e-02
     50000    14.00000000   8.5518000000e-02
     50000    16.00000000   1.0670600000e-01
     50000    18.00000000   1.3040000000e-01
     50000    20.00000000   1.5648400000e-01
     50000    22.00000000   1.8483200000e-01
     50000    24.00000000   2.1530500000e-01
     50000    26.00000000   2.4775200000e-01
     50000    28.00000000   2.8201600000e-01
     50000    30.00000000   3.1792900000e-01
     50000    32.00000000   3.5531400000e-01
     50000    34.00000000   3.9398900000e-01
     50000    36.00000000   4.3376400000e-01
     50000    38.00000000   4.7444400000e-01
     50000    40.00000000   5.1583000000e-01
     50000    42.00000000   5.5772000000e-01
     50000    44.00000000   5.9990800000e-01
     50000    46.00000000   6.4218600000e-01
     50000    48.00000000   6.8434900000e-01
     50000    50.00000000   7.2618900000e-01
     50000    52.00000000   7.6750100000e-01
     50000    54.00000000   8.0808200000e-01
     50000    56.00000000   8.4773300000e-01
     50000    58.00000000   8.8626000000e-01
     50000    60.00000000   9.2347200000e-01
     50000    62.00000000   9.5918800000e-01
     50000    64.00000000   9.9323200000e-01
     50000    66.00000000   1.0254350000e+00
     50000    68.00000000   1.0556400000e+00
     50000    70.00000000   1.0836980000e+00
     50000    72.00000000   1.1094710000e+00
     50000    74.00000000   1.1328300000e+00
     50000    76.00000000   1.1536600000e+00
     50000    78.00000000   1.1718590000e+00
     50000    80.00000000   1.1873360000e+00
     50000    82.00000000   1.2000130000e+00
     50000    84.00000000   1.2098260000e+00
     50000    86.00000000   1.2167280000e+00
     50000    88.00000000   1.2206810000e+00
     50000    90.00000000   1.2216640000e+00
    100000   -90.00000000   1.2216640000e+00
    100000   -88.00000000   1.2224380000e+00
    100000   -86.00000000   1.2202410000e+00
    100000   -84.00000000   1.2150910000e+00
    100000   -82.00000000   1.2070220000e+00
    100000   -80.00000000   1.1960810000e+00
    100000   -78.00000000   1.1823300000e+00
    100000   -76.00000000   1.1658440000e+00
    100000   -74.00000000   1.1467120000e+00
    100000   -72.00000000   1.1250340000e+00
    100000   -70.00000000   1.1009240000e+00
    100000   -68.00000000   1.0745070000e+00
    100000   -66.00000000   1.0459200000e+00
    100000   -64.00000000   1.0153100000e+00
    100000   -62.00000000   9.8283300000e-01
    100000   -60.00000000   9.4865400000e-01
    100000   -58.00000000   9.1294800000e-01
    100000   -56.00000000   8.7589600000e-01
    100000   -54.00000000   8.3768500000e-01
    100000   -52.00000000   7.9850800000e-01
    100000   -50.00000000   7.5856200000e-01
    100000   -48.00000000   7.1804900000e-01
    100000   -46.00000000   6.7717200000e-01
    100000   -44.00000000   6.3613600000e-01
    100000   -42.00000000   5.9514700000e-01
    100000   -40.00000000   5.5441100000e-01
    100000   -38.00000000   5.1413100000e-01
    100000   -36.00000000   4.7450900000e-01
    100000   -34.00000000   4.3574200000e-01
    100000   -32.00000000   3.9802500000e-01
    100000   -30.00000000   3.6154500000e-01
    100000   -28.00000000   3.2648500000e-01
    100000   -26.00000000   2.9301900000e-01
    100000   -24.00000000   2.6131400000e-01
    100000   -22.00000000   2.3152900000e-01
    100000   -20.00000000   2.0381100000e-01
    100000   -18.00000000   1.7829800000e-01
    100000   -16.00000000   1.5511800000e-01
    100000   -14.00000000   1.3438600000e-01
    100000   -12.00000000   1.1620500000e-01
    100000   -10.00000000   1.0066500000e-01
    100000    -8.00000000   9.0682000000e-02
    100000    -6.00000000   7.5061000000e-02
    100000    -4.00000000   5.2777000000e-02
    100000    -2.00000000   1.8930000000e-02
    100000     0.00000000   1.6820000000e-02
    100000     2.00000000   1.6340000000e-02
    100000     4.00000000   1.5560000000e-02
    100000     6.00000000   1.7498000000e-02
    100000     8.00000000   2.3454000000e-02
    100000    10.00000000   5.0899000000e-02
    100000    12.00000000   5.9259000000e-02
    100000    14.00000000   7.7898000000e-02
    100000    16.00000000   9.9156000000e-02
    100000    18.00000000   1.2293000000e-01
    100000    20.00000000   1.4910400000e-01
    100000    22.00000000   1.7755000000e-01
    100000    24.00000000   2.0813000000e-01
    100000    26.00000000   2.4069300000e-01
    100000    28.00000000   2.7508100000e-01
    100000    30.00000000   3.1112700000e-01
    100000    32.00000000   3.4865300000e-01
    100000    34.00000000   3.8747700000e-01
    100000    36.00000000   4.2740900000e-01
    100000    38.00000000   4.6825500000e-01
    100000    40.00000000   5.0981400000e-01
    100000    42.00000000   5.5188300000e-01
    100000    44.00000000   5.9425800000e-01
    100000    46.00000000   6.3673000000e-01
    100000    48.00000000   6.7909400000e-01
    100000    50.00000000   7.2114100000e-01
    100000    52.00000000   7.6266600000e-01
    100000    54.00000000   8.0346600000e-01
    100000    56.00000000   8.4334100000e-01
    100000    58.00000000   8.8209800000e-01
    100000    60.00000000   9.1954500000e-01
    100000    62.00000000   9.5550100000e-01
    100000    64.00000000   9.8978900000e-01
    100000    66.00000000   1.0222410000e+00
    100000    68.00000000   1.0526980000e+00
    100000    70.00000000   1.0810120000e+00
    100000    72.00000000   1.1070430000e+00
    100000    74.00000000   1.1306650000e+00
    100000    76.00000000   1.1517600000e+00
    100000    78.00000000   1.1702260000e+00
    100000    80.00000000   1.1859720000e+00
    100000    82.00000000   1.1989190000e+00
    100000    84.00000000   1.2090050000e+00
    100000    86.00000000   1.2161800000e+00
    100000    88.00000000   1.2204060000e+00
    100000    90.00000000   1.2216640000e+00
    150000   -90.00000000   1.2216640000e+00
    150000   -88.00000000   1.2238030000e+00
    150000   -86.00000000   1.2229680000e+00
    150000   -84.00000000   1.2191770000e+00
    150000   -82.00000000   1.2124620000e+00
    150000   -80.00000000   1.2028700000e+00
    150000   -78.00000000   1.1904580000e+00
    150000   -76.00000000   1.1753020000e+00
    150000   -74.00000000   1.1574870000e+00
    150000   -72.00000000   1.1371140000e+00
    150000   -70.00000000   1.1142940000e+00
    150000   -68.00000000   1.0891520000e+00
    150000   -66.00000000   1.0618210000e+00
    150000   -64.00000000   1.0324470000e+00
    150000   -62.00000000   1.0011860000e+00
    150000   -60.00000000   9.6820100000e-01
    150000   -58.00000000   9.3366500000e-01
    150000   -56.00000000   8.9775700000e-01
    150000   -54.00000000   8.6066300000e-01
    150000   -52.00000000   8.2257600000e-01
    150000   -50.00000000   7.8369100000e-01
    150000   -48.00000000   7.4420700000e-01
    150000   -46.00000000   7.0432800000e-01
    150000   -44.00000000   6.6425700000e-01
    150000   -42.00000000   6.2419900000e-01
    150000   -40.00000000   5.8435800000e-01
    150000   -38.00000000   5.4493700000e-01
    150000   -36.00000000   5.0613500000e-01
    150000   -34.00000000   4.6815100000e-01
    150000   -32.00000000   4.3117700000e-01
    150000   -30.00000000   3.9540000000e-01
    150000   -28.00000000   3.6100200000e-01
    150000   -26.00000000   3.2815500000e-01
    150000   -24.00000000   2.9702800000e-01
    150000   -22.00000000   2.6777500000e-01
    150000   -20.00000000   2.4054600000e-01
    150000   -18.00000000   2.1547800000e-01
    150000   -16.00000000   1.9269700000e-01
    150000   -14.00000000   1.7235100000e-01
    150000   -12.00000000   1.5506300000e-01
    150000   -10.00000000   1.0608300000e-01
    150000    -8.00000000   9.2056000000e-02
    150000    -6.00000000   8.2206000000e-02
    150000    -4.00000000   5.4773000000e-02
    150000    -2.00000000   1.5010000000e-02
    150000     0.00000000   1.1570000000e-02
    150000     2.00000000   1.1400000000e-02
    150000     4.00000000   1.2220000000e-02
    150000     6.00000000   1.6252000000e-02
    150000     8.00000000   3.5841000000e-02
    150000    10.00000000   3.9207000000e-02
    150000    12.00000000   5.2172000000e-02
    150000    14.00000000   7.0867000000e-02
    150000    16.00000000   9.2191000000e-02
    150000    18.00000000   1.1603900000e-01
    150000    20.00000000   1.4229500000e-01
    150000    22.00000000   1.7083200000e-01
    150000    24.00000000   2.0151000000e-01
    150000    26.00000000   2.3418100000e-01
    150000    28.00000000   2.6868400000e-01
    150000    30.00000000   3.0485200000e-01
    150000    32.00000000   3.4250800000e-01
    150000    34.00000000   3.8147000000e-01
    150000    36.00000000   4.2154700000e-01
    150000    38.00000000   4.6254500000e-01
    150000    40.00000000   5.0426300000e-01
    150000    42.00000000   5.4649900000e-01
    150000    44.00000000   5.8904600000e-01
    150000    46.00000000   6.3169700000e-01
    150000    48.00000000   6.7424500000e-01
    150000    50.00000000   7.1648300000e-01
    150000    52.00000000   7.5820500000e-01
    150000    54.00000000   7.9920700000e-01
    150000    56.00000000   8.3929000000e-01
    150000    58.00000000   8.7825800000e-01
    150000    60.00000000   9.1592200000e-01
    150000    62.00000000   9.5209900000e-01
    150000    64.00000000   9.8661200000e-01
    150000    66.00000000   1.0192940000e+00
    150000    68.00000000   1.0499840000e+00
    150000    70.00000000   1.0785340000e+00
    150000    72.00000000   1.1048040000e+00
    150000    74.00000000   1.1286680000e+00
    150000    76.00000000   1.1500070000e+00
    150000    78.00000000   1.1687200000e+00
    150000    80.00000000   1.1847130000e+00
    150000    82.00000000   1.1979110000e+00
    150000    84.00000000   1.2082480000e+00
    150000    86.00000000   1.2156740000e+00
    150000    88.00000000   1.2201540000e+00
    150000    90.00000000   1.2216640000e+00
    200000   -90.00000000   1.2216640000e+00
    200000   -88.00000000   1.2236410000e+00
    200000   -86.00000000   1.2226460000e+00
    200000   -84.00000000   1.2186950000e+00
    200000   -82.00000000   1.2118200000e+00
    200000   -80.00000000   1.2020680000e+00
    200000   -78.00000000   1.1894980000e+00
    200000   -76.00000000   1.1741850000e+00
    200000   -74.00000000   1.1562150000e+00
    200000   -72.00000000   1.1356870000e+00
    200000   -70.00000000   1.1127150000e+00
    200000   -68.00000000   1.0874220000e+00
    200000   -66.00000000   1.0599430000e+00
    200000   -64.00000000   1.0304230000e+00
    200000   -62.00000000   9.9901800000e-01
    200000   -60.00000000   9.6589200000e-01
    200000   -58.00000000   9.3121800000e-01
    200000   -56.00000000   8.9517500000e-01
    200000   -54.00000000   8.5795000000e-01
    200000   -52.00000000   8.1973400000e-01
    200000   -50.00000000   7.8072300000e-01
    200000   -48.00000000   7.4111800000e-01
    200000   -46.00000000   7.0112100000e-01
    200000   -44.00000000   6.6093600000e-01
    200000   -42.00000000   6.2076800000e-01
    200000   -40.00000000   5.8082100000e-01
    200000   -38.00000000   5.4129900000e-01
    200000   -36.00000000   5.0240000000e-01
    200000   -34.00000000   4.6432400000e-01
    200000   -32.00000000   4.2726200000e-01
    200000   -30.00000000   3.9140200000e-01
    200000   -28.00000000   3.5692500000e-01
    200000   -26.00000000   3.2400600000e-01
    200000   -24.00000000   2.9281000000e-01
    200000   -22.00000000   2.6349500000e-01
    200000   -20.00000000   2.3620800000e-01
    200000   -18.00000000   2.1108700000e-01
    200000   -16.00000000   1.8825900000e-01
    200000   -14.00000000   1.6824600000e-01
    200000   -12.00000000   1.5069300000e-01
    200000   -10.00000000   1.0350600000e-01
    200000    -8.00000000   9.0050000000e-02
    200000    -6.00000000   8.0524000000e-02
    200000    -4.00000000   3.5535000000e-02
    200000    -2.00000000   1.2410000000e-02
    200000     0.00000000   9.2000000000e-03
    200000     2.00000000   9.4000000000e-03
    200000     4.00000000   1.0780000000e-02
    200000     6.00000000   1.5010000000e-02
    200000     8.00000000   4.1775000000e-02
    200000    10.00000000   3.2345000000e-02
    200000    12.00000000   4.7981000000e-02
    200000    14.00000000   6.6710000000e-02
    200000    16.00000000   8.8072000000e-02
    200000    18.00000000   1.1196400000e-01
    200000    20.00000000   1.3826900000e-01
    200000    22.00000000   1.6686000000e-01
    200000    24.00000000   1.9759600000e-01
    200000    26.00000000   2.3033000000e-01
    200000    28.00000000   2.6490100000e-01
    200000    30.00000000   3.0114100000e-01
    200000    32.00000000   3.3887500000e-01
    200000    34.00000000   3.7791800000e-01
    200000    36.00000000   4.1808100000e-01
    200000    38.00000000   4.5916900000e-01
    200000    40.00000000   5.0098100000e-01
    200000    42.00000000   5.4331500000e-01
    200000    44.00000000   5.8596400000e-01
    200000    46.00000000   6.2872100000e-01
    200000    48.00000000   6.7137900000e-01
    200000    50.00000000   7.1372900000e-01
    200000    52.00000000   7.5556700000e-01
    200000    54.00000000   7.9668800000e-01
    200000    56.00000000   8.3689400000e-01
    200000    58.00000000   8.7598800000e-01
    200000    60.00000000   9.1378000000e-01
    200000    62.00000000   9.5008800000e-01
    200000    64.00000000   9.8473400000e-01
    200000    66.00000000   1.0175510000e+00
    200000    68.00000000   1.0483790000e+00
    200000    70.00000000   1.0770690000e+00
    200000    72.00000000   1.1034800000e+00
    200000    74.00000000   1.1274870000e+00
    200000    76.00000000   1.1489710000e+00
    200000    78.00000000   1.1678290000e+00
    200000    80.00000000   1.1839700000e+00
    200000    82.00000000   1.1973150000e+00
    200000    84.00000000   1.2078000000e+00
    200000    86.00000000   1.2153750000e+00
    200000    88.00000000   1.2200040000e+00
    200000    90.00000000   1.2216640000e+00
    250000   -90.00000000   1.2216640000e+00
    250000   -88.00000000   1.2228630000e+00
    250000   -86.00000000   1.2210900000e+00
    250000   -84.00000000   1.2163640000e+00
    250000   -82.00000000   1.2087170000e+00
    250000   -80.00000000   1.1981960000e+00
    250000   -78.00000000   1.1848630000e+00
    250000   -76.00000000   1.1687910000e+00
    250000   -74.00000000   1.1500690000e+00
    250000   -72.00000000   1.1287980000e+00
    250000   -70.00000000   1.1050900000e+00
    250000   -68.00000000   1.0790700000e+00
    250000   -66.00000000   1.0508740000e+00
    250000   -64.00000000   1.0206490000e+00
    250000   -62.00000000   9.8855100000e-01
    250000   -60.00000000   9.5474500000e-01
    250000   -58.00000000   9.1940300000e-01
    250000   -56.00000000   8.8270800000e-01
    250000   -54.00000000   8.4484500000e-01
    250000   -52.00000000   8.0600700000e-01
    250000   -50.00000000   7.6639200000e-01
    250000   -48.00000000   7.2620000000e-01
    250000   -46.00000000   6.8563300000e-01
    250000   -44.00000000   6.4489800000e-01
    250000   -42.00000000   6.0419900000e-01
    250000   -40.00000000   5.6374200000e-01
    250000   -38.00000000   5.2372900000e-01
    250000   -36.00000000   4.8436300000e-01
    250000   -34.00000000   4.4584000000e-01
    250000   -32.00000000   4.0835400000e-01
    250000   -30.00000000   3.7209400000e-01
    250000   -28.00000000   3.3724000000e-01
    250000   -26.00000000   3.0396700000e-01
    250000   -24.00000000   2.7244200000e-01
    250000   -22.00000000   2.4282300000e-01
    250000   -20.00000000   2.1525700000e-01
    250000   -18.00000000   1.8988300000e-01
    250000   -16.00000000   1.6682700000e-01
    250000   -14.00000000   1.4637100000e-01
    250000   -12.00000000   1.3073700000e-01
    250000   -10.00000000   1.1472900000e-01
    250000    -8.00000000   1.0447200000e-01
    250000    -6.00000000   9.3679000000e-02
    250000    -4.00000000   2.4342000000e-02
    250000    -2.00000000   1.0750000000e-02
    250000     0.00000000   7.8400000000e-03
    250000     2.00000000   8.4300000000e-03
    250000     4.00000000   1.0159000000e-02
    250000     6.00000000   7.9150000000e-03
    250000     8.00000000   1.8385000000e-02
    250000    10.00000000   1.5658000000e-02
    250000    12.00000000   3.1773000000e-02
    250000    14.00000000   5.0632000000e-02
    250000    16.00000000   7.2144000000e-02
    250000    18.00000000   9.6205000000e-02
    250000    20.00000000   1.2269800000e-01
    250000    22.00000000   1.5149600000e-01
    250000    24.00000000   1.8245900000e-01
    250000    26.00000000   2.1543600000e-01
    250000    28.00000000   2.5027000000e-01
    250000    30.00000000   2.8679100000e-01
    250000    32.00000000   3.2482200000e-01
    250000    34.00000000   3.6418100000e-01
    250000    36.00000000   4.0467600000e-01
    250000    38.00000000   4.4611100000e-01
    250000    40.00000000   4.8828700000e-01
    250000    42.00000000   5.3100000000e-01
    250000    44.00000000   5.7404400000e-01
    250000    46.00000000   6.1721000000e-01
    250000    48.00000000   6.6029100000e-01
    250000    50.00000000   7.0307800000e-01
    250000    52.00000000   7.4536500000e-01
    250000    54.00000000   7.8694900000e-01
    250000    56.00000000   8.2762800000e-01
    250000    58.00000000   8.6720700000e-01
    250000    60.00000000   9.0549500000e-01
    250000    62.00000000   9.4230900000e-01
    250000    64.00000000   9.7747000000e-01
    250000    66.00000000   1.0108110000e+00
    250000    68.00000000   1.0421720000e+00
    250000    70.00000000   1.0714010000e+00
    250000    72.00000000   1.0983600000e+00
    250000    74.00000000   1.1229190000e+00
    250000    76.00000000   1.1449620000e+00
    250000    78.00000000   1.1643840000e+00
    250000    80.00000000   1.1810920000e+00
    250000    82.00000000   1.1950090000e+00
    250000    84.00000000   1.2060680000e+00
    250000    86.00000000   1.2142200000e+00
    250000    88.00000000   1.2194260000e+00
    250000    90.00000000   1.2216640000e+00
     50000   -90.00000000   1.2216640000e+00
     50000   -88.00000000   1.2227490000e+00
     50000   -86.00000000   1.2208620000e+00
     50000   -84.00000000   1.2160220000e+00
     50000   -82.00000000   1.2082610000e+00
     50000   -80.00000000   1.1976280000e+00
     50000   -78.00000000   1.1841820000e+00
     50000   -76.00000000   1.1679990000e+00
     50000   -74.00000000   1.1491670000e+00
     50000   -72.00000000   1.1277860000e+00
     50000   -70.00000000   1.1039700000e+00
     50000   -68.00000000   1.0778440000e+00
     50000   -66.00000000   1.0495430000e+00
     50000   -64.00000000   1.0192140000e+00
     50000   -62.00000000   9.8701400000e-01
     50000   -60.00000000   9.5310800000e-01
     50000   -58.00000000   9.1766800000e-01
     50000   -56.00000000   8.8087700000e-01
     50000   -54.00000000   8.4292100000e-01
     50000   -52.00000000   8.0399200000e-01
     50000   -50.00000000   7.6428800000e-01
     50000   -48.00000000   7.2400900000e-01
     50000   -46.00000000   6.8335900000e-01
     50000   -44.00000000   6.4254300000e-01
     50000   -42.00000000   6.0176700000e-01
     50000   -40.00000000   5.6123400000e-01
     50000   -38.00000000   5.2115000000e-01
     50000   -36.00000000   4.8171500000e-01
     50000   -34.00000000   4.4312600000e-01
     50000   -32.00000000   4.0557800000e-01
     50000   -30.00000000   3.6925900000e-01
     50000   -28.00000000   3.3434900000e-01
     50000   -26.00000000   3.0102500000e-01
     50000   -24.00000000   2.6945100000e-01
     50000   -22.00000000   2.3978700000e-01
     50000   -20.00000000   2.1218100000e-01
     50000   -18.00000000   1.8676900000e-01
     50000   -16.00000000   1.6368000000e-01
     50000   -14.00000000   1.4302900000e-01
     50000   -12.00000000   1.2491700000e-01
     50000   -10.00000000   1.0943700000e-01
     50000    -8.00000000   9.8133000000e-02
     50000    -6.00000000   8.6528000000e-02
     50000    -4.00000000   5.5054000000e-02
     50000    -2.00000000   2.5000000000e-02
     50000     0.00000000   2.3020000000e-02
     50000     2.00000000   3.0670000000e-02
     50000     4.00000000   3.7830000000e-02
     50000     6.00000000   3.1483000000e-02
     50000     8.00000000   3.7602000000e-02
     50000    10.00000000   5.7826000000e-02
     50000    12.00000000   6.6942000000e-02
     50000    14.00000000   8.5518000000e-02
     50000    16.00000000   1.0670600000e-01
     50000    18.00000000   1.3040000000e-01
     50000    20.00000000   1.5648400000e-01
     50000    22.00000000   1.8483200000e-01
     50000    24.00000000   2.1530500000e-01
     50000    26.00000000   2.4775200000e-01
     50000    28.00000000   2.8201600000e-01
     50000    30.00000000   3.1792900000e-01
     50000    32.00000000   3.5531400000e-01
     50000    34.00000000   3.9398900000e-01
     50000    36.00000000   4.3376400000e-01
     50000    38.00000000   4.7444400000e-01
     50000    40.00000000   5.1583000000e-01
     50000    42.00000000   5.5772000000e-01
     50000    44.00000000   5.9990800000e-01
     50000    46.00000000   6.4218600000e-01
     50000    48.00000000   6.8434900000e-01
     50000    50.00000000   7.2618900000e-01
     50000    52.00000000   7.6750100000e-01
     50000    54.00000000   8.0808200000e-01
     50000    56.00000000   8.4773300000e-01
     50000    58.00000000   8.8626000000e-01
     50000    60.00000000   9.2347200000e-01
     50000    62.00000000   9.5918800000e-01
     50000    64.00000000   9.9323200000e-01
     50000    66.00000000   1.0254350000e+00
     50000    68.00000000   1.0556400000e+00
     50000    70.00000000   1.0836980000e+00
     50000    72.00000000   1.1094710000e+00
     50000    74.00000000   1.1328300000e+00
     50000    76.00000000   1.1536600000e+00
     50000    78.00000000   1.1718590000e+00
     50000    80.00000000   1.1873360000e+00
     50000    82.00000000   1.2000130000e+00
     50000    84.00000000   1.2098260000e+00
     50000    86.00000000   1.2167280000e+00
     50000    88.00000000   1.2206810000e+00
     50000    90.00000000   1.2216640000e+00
    100000   -90.00000000   1.2216640000e+00
    100000   -88.00000000   1.2224380000e+00
    100000   -86.00000000   1.2202410000e+00
    100000   -84.00000000   1.2150910000e+00
    100000   -82.00000000   1.2070220000e+00
    100000   -80.00000000   1.1960810000e+00
    100000   -78.00000000   1.1823300000e+00
    100000   -76.00000000   1.1658440000e+00
    100000   -74.00000000   1.1467120000e+00
    100000   -72.00000000   1.1250340000e+00
    100000   -70.00000000   1.1009240000e+00
    100000   -68.00000000   1.0745070000e+00
    100000   -66.00000000   1.0459200000e+00
    100000   -64.00000000   1.0153100000e+00
    100000   -62.00000000   9.8283300000e-01
    100000   -60.00000000   9.4865400000e-01
    100000   -58.00000000   9.1294800000e-01
    100000   -56.00000000   8.7589600000e-01
    100000   -54.00000000   8.3768500000e-01
    100000   -52.00000000   7.9850800000e-01
    100000   -50.00000000   7.5856200000e-01
    100000   -48.00000000   7.1804900000e-01
    100000   -46.00000000   6.7717200000e-01
    100000   -44.00000000   6.3613600000e-01
    100000   -42.00000000   5.9514700000e-01
    100000   -40.00000000   5.5441100000e-01
    100000   -38.00000000   5.1413100000e-01
    100000   -36.00000000   4.7450900000e-01
    100000   -34.00000000   4.3574200000e-01
    100000   -32.00000000   3.9802500000e-01
    100000   -30.00000000   3.6154500000e-01
    100000   -28.00000000   3.2648500000e-01
    100000   -26.00000000   2.9301900000e-01
    100000   -24.00000000   2.6131400000e-01
    100000   -22.00000000   2.3152900000e-01
    100000   -20.00000000   2.0381100000e-01
    100000   -18.00000000   1.7829800000e-01
    100000   -16.00000000   1.5511800000e-01
    100000   -14.00000000   1.3438600000e-01
    100000   -12.00000000   1.1620500000e-01
    100000   -10.00000000   1.0066500000e-01
    100000    -8.00000000   9.0682000000e-02
    100000    -6.00000000   7.5061000000e-02
    100000    -4.00000000   5.2777000000e-02
    100000    -2.00000000   1.8930000000e-02
    100000     0.00000000   1.6820000000e-02
    100000     2.00000000   1.6340000000e-02
    100000     4.00000000   1.5560000000e-02
    100000     6.00000000   1.7498000000e-02
    100000     8.00000000   2.3454000000e-02
    100000    10.00000000   5.0899000000e-02
    100000    12.00000000   5.9259000000e-02
    100000    14.00000000   7.7898000000e-02
    100000    16.00000000   9.9156000000e-02
    100000    18.00000000   1.2293000000e-01
    100000    20.00000000   1.4910400000e-01
    100000    22.00000000   1.7755000000e-01
    100000    24.00000000   2.0813000000e-01
    100000    26.00000000   2.4069300000e-01
    100000    28.00000000   2.7508100000e-01
    100000    30.00000000   3.1112700000e-01
    100000    32.00000000   3.4865300000e-01
    100000    34.00000000   3.8747700000e-01
    100000    36.00000000   4.2740900000e-01
    100000    38.00000000   4.6825500000e-01
    100000    40.00000000   5.0981400000e-01
    100000    42.00000000   5.5188300000e-01
    100000    44.00000000   5.9425800000e-01
    100000    46.00000000   6.3673000000e-01
    100000    48.00000000   6.7909400000e-01
    100000    50.00000000   7.2114100000e-01
    100000    52.00000000   7.6266600000e-01
    100000    54.00000000   8.0346600000e-01
    100000    56.00000000   8.4334100000e-01
    100000    58.00000000   8.8209800000e-01
    100000    60.00000000   9.1954500000e-01
    100000    62.00000000   9.5550100000e-01
    100000    64.00000000   9.8978900000e-01
    100000    66.00000000   1.0222410000e+00
    100000    68.00000000   1.0526980000e+00
    100000    70.00000000   1.0810120000e+00
    100000    72.00000000   1.1070430000e+00
    100000    74.00000000   1.1306650000e+00
    100000    76.00000000   1.1517600000e+00
    100000    78.00000000   1.1702260000e+00
    100000    80.00000000   1.1859720000e+00
    100000    82.00000000   1.1989190000e+00
    100000    84.00000000   1.2090050000e+00
    100000    86.00000000   1.2161800000e+00
    100000    88.00000000   1.2204060000e+00
    100000    90.00000000   1.2216640000e+00
    150000   -90.00000000   1.2216640000e+00
    150000   -88.00000000   1.2238030000e+00
    150000   -86.00000000   1.2229680000e+00
    150000   -84.00000000   1.2191770000e+00
    150000   -82.00000000   1.2124620000e+00
    150000   -80.00000000   1.2028700000e+00
    150000   -78.00000000   1.1904580000e+00
    150000   -76.00000000   1.1753020000e+00
    150000   -74.00000000   1.1574870000e+00
    150000   -72.00000000   1.1371140000e+00
    150000   -70.00000000   1.1142940000e+00
    150000   -68.00000000   1.0891520000e+00
    150000   -66.00000000   1.0618210000e+00
    150000   -64.00000000   1.0324470000e+00
    150000   -62.00000000   1.0011860000e+00
    150000   -60.00000000   9.6820100000e-01
    150000   -58.00000000   9.3366500000e-01
    150000   -56.00000000   8.9775700000e-01
    150000   -54.00000000   8.6066300000e-01
    150000   -52.00000000   8.2257600000e-01
    150000   -50.00000000   7.8369100000e-01
    150000   -48.00000000   7.4420700000e-01
    150000   -46.00000000   7.0432800000e-01
    150000   -44.00000000   6.6425700000e-01
    150000   -42.00000000   6.2419900000e-01
    150000   -40.00000000   5.8435800000e-01
    150000   -38.00000000   5.4493700000e-01
    150000   -36.00000000   5.0613500000e-01
    150000   -34.00000000   4.6815100000e-01
    150000   -32.00000000   4.3117700000e-01
    150000   -30.00000000   3.9540000000e-01
    150000   -28.00000000   3.6100200000e-01
    150000   -26.00000000   3.2815500000e-01
    150000   -24.00000000   2.9702800000e-01
    150000   -22.00000000   2.6777500000e-01
    150000   -20.00000000   2.4054600000e-01
    150000   -18.00000000   2.1547800000e-01
    150000   -16.00000000   1.9269700000e-01
    150000   -14.00000000   1.7235100000e-01
    150000   -12.00000000   1.5506300000e-01
    150000   -10.00000000   1.0608300000e-01
    150000    -8.00000000   9.2056000000e-02
    150000    -6.00000000   8.2206000000e-02
    150000    -4.00000000   5.4773000000e-02
    150000    -2.00000000   1.5010000000e-02
    150000     0.00000000   1.1570000000e-02
    150000     2.00000000   1.1400000000e-02
    150000     4.00000000   1.2220000000e-02
    150000     6.00000000   1.6252000000e-02
    150000     8.00000000   3.5841000000e-02
    150000    10.00000000   3.9207000000e-02
    150000    12.00000000   5.2172000000e-02
    150000    14.00000000   7.0867000000e-02
    150000    16.00000000   9.2191000000e-02
    150000    18.00000000   1.1603900000e-01
    150000    20.00000000   1.4229500000e-01
    150000    22.00000000   1.7083200000e-01
    150000    24.00000000   2.0151000000e-01
    150000    26.00000000   2.3418100000e-01
    150000    28.00000000   2.6868400000e-01
    150000    30.00000000   3.0485200000e-01
    150000    32.00000000   3.4250800000e-01
    150000    34.00000000   3.8147000000e-01
    150000    36.00000000   4.2154700000e-01
    150000    38.00000000   4.6254500000e-01
    150000    40.00000000   5.0426300000e-01
    150000    42.00000000   5.4649900000e-01
    150000    44.00000000   5.8904600000e-01
    150000    46.00000000   6.3169700000e-01
    150000    48.00000000   6.7424500000e-01
    150000    50.00000000   7.1648300000e-01
    150000    52.00000000   7.5820500000e-01
    150000    54.00000000   7.9920700000e-01
    150000    56.00000000   8.3929000000e-01
    150000    58.00000000   8.7825800000e-01
    150000    60.00000000   9.1592200000e-01
    150000    62.00000000   9.5209900000e-01
    150000    64.00000000   9.8661200000e-01
    150000    66.00000000   1.0192940000e+00
    150000    68.00000000   1.0499840000e+00
    150000    70.00000000   1.0785340000e+00
    150000    72.00000000   1.1048040000e+00
    150000    74.00000000   1.1286680000e+00
    150000    76.00000000   1.1500070000e+00
    150000    78.00000000   1.1687200000e+00
    150000    80.00000000   1.1847130000e+00
    150000    82.00000000   1.1979110000e+00
    150000    84.00000000   1.2082480000e+00
    150000    86.00000000   1.2156740000e+00
    150000    88.00000000   1.2201540000e+00
    150000    90.00000000   1.2216640000e+00
    200000   -90.00000000   1.2216640000e+00
    200000   -88.00000000   1.2236410000e+00
    200000   -86.00000000   1.2226460000e+00
    200000   -84.00000000   1.2186950000e+00
    200000   -82.00000000   1.2118200000e+00
    200000   -80.00000000   1.2020680000e+00
    200000   -78.00000000   1.1894980000e+00
    200000   -76.00000000   1.1741850000e+00
    200000   -74.00000000   1.1562150000e+00
    200000   -72.00000000   1.1356870000e+00
    200000   -70.00000000   1.1127150000e+00
    200000   -68.00000000   1.0874220000e+00
    200000   -66.00000000   1.0599430000e+00
    200000   -64.00000000   1.0304230000e+00
    200000   -62.00000000   9.9901800000e-01
    200000   -60.00000000   9.6589200000e-01
    200000   -58.00000000   9.3121800000e-01
    200000   -56.00000000   8.9517500000e-01
    200000   -54.00000000   8.5795000000e-01
    200000   -52.00000000   8.1973400000e-01
    200000   -50.00000000   7.8072300000e-01
    200000   -48.00000000   7.4111800000e-01
    200000   -46.00000000   7.0112100000e-01
    200000   -44.00000000   6.6093600000e-01
    200000   -42.00000000   6.2076800000e-01
    200000   -40.00000000   5.8082100000e-01
    200000   -38.00000000   5.4129900000e-01
    200000   -36.00000000   5.0240000000e-01
    200000   -34.00000000   4.6432400000e-01
    200000   -32.00000000   4.2726200000e-01
    200000   -30.00000000   3.9140200000e-01
    200000   -28.00000000   3.5692500000e-01
    200000   -26.00000000   3.2400600000e-01
    200000   -24.00000000   2.9281000000e-01
    200000   -22.00000000   2.6349500000e-01
    200000   -20.00000000   2.3620800000e-01
    200000   -18.00000000   2.1108700000e-01
    200000   -16.00000000   1.8825900000e-01
    200000   -14.00000000   1.6824600000e-01
    200000   -12.00000000   1.5069300000e-01
    200000   -10.00000000   1.0350600000e-01
    200000    -8.00000000   9.0050000000e-02
    200000    -6.00000000   8.0524000000e-02
    200000    -4.00000000   3.5535000000e-02
    200000    -2.00000000   1.2410000000e-02
    200000     0.00000000   9.2000000000e-03
    200000     2.00000000   9.4000000000e-03
    200000     4.00000000   1.0780000000e-02
    200000     6.00000000   1.5010000000e-02
    200000     8.00000000   4.1775000000e-02
    200000    10.00000000   3.2345000000e-02
    200000    12.00000000   4.7981000000e-02
    200000    14.00000000   6.6710000000e-02
    200000    16.00000000   8.8072000000e-02
    200000    18.00000000   1.1196400000e-01
    200000    20.00000000   1.3826900000e-01
    200000    22.00000000   1.6686000000e-01
    200000    24.00000000   1.9759600000e-01
    200000    26.00000000   2.3033000000e-01
    200000    28.00000000   2.6490100000e-01
    200000    30.00000000   3.0114100000e-01
    200000    32.00000000   3.3887500000e-01
    200000    34.00000000   3.7791800000e-01
    200000    36.00000000   4.1808100000e-01
    200000    38.00000000   4.5916900000e-01
    200000    40.00000000   5.0098100000e-01
    200000    42.00000000   5.4331500000e-01
    200000    44.00000000   5.8596400000e-01
    200000    46.00000000   6.2872100000e-01
    200000    48.00000000   6.7137900000e-01
    200000    50.00000000   7.1372900000e-01
    200000    52.00000000   7.5556700000e-01
    200000    54.00000000   7.9668800000e-01
    200000    56.00000000   8.3689400000e-01
    200000    58.00000000   8.7598800000e-01
    200000    60.00000000   9.1378000000e-01
    200000    62.00000000   9.5008800000e-01
    200000    64.00000000   9.8473400000e-01
    200000    66.00000000   1.0175510000e+00
    200000    68.00000000   1.0483790000e+00
    200000    70.00000000   1.0770690000e+00
    200000    72.00000000   1.1034800000e+00
    200000    74.00000000   1.1274870000e+00
    200000    76.00000000   1.1489710000e+00
    200000    78.00000000   1.1678290000e+00
    200000    80.00000000   1.1839700000e+00
    200000    82.00000000   1.1973150000e+00
    200000    84.00000000   1.2078000000e+00
    200000    86.00000000   1.2153750000e+00
    200000    88.00000000   1.2200040000e+00
    200000    90.00000000   1.2216640000e+00
    250000   -90.00000000   1.2216640000e+00
    250000   -88.00000000   1.2228630000e+00
    250000   -86.00000000   1.2210900000e+00
    250000   -84.00000000   1.2163640000e+00
    250000   -82.00000000   1.2087170000e+00
    250000   -80.00000000   1.1981960000e+00
    250000   -78.00000000   1.1848630000e+00
    250000   -76.00000000   1.1687910000e+00
    250000   -74.00000000   1.1500690000e+00
    250000   -72.00000000   1.1287980000e+00
    250000   -70.00000000   1.1050900000e+00
    250000   -68.00000000   1.0790700000e+00
    250000   -66.00000000   1.0508740000e+00
    250000   -64.00000000   1.0206490000e+00
    250000   -62.00000000   9.8855100000e-01
    250000   -60.00000000   9.5474500000e-01
    250000   -58.00000000   9.1940300000e-01
    250000   -56.00000000   8.8270800000e-01
    250000   -54.00000000   8.4484500000e-01
    250000   -52.00000000   8.0600700000e-01
    250000   -50.00000000   7.6639200000e-01
    250000   -48.00000000   7.2620000000e-01
    250000   -46.00000000   6.8563300000e-01
    250000   -44.00000000   6.4489800000e-01
    250000   -42.00000000   6.0419900000e-01
    250000   -40.00000000   5.6374200000e-01
    250000   -38.00000000   5.2372900000e-01
    250000   -36.00000000   4.8436300000e-01
    250000   -34.00000000   4.4584000000e-01
    250000   -32.00000000   4.0835400000e-01
    250000   -30.00000000   3.7209400000e-01
    250000   -28.00000000   3.3724000000e-01
    250000   -26.00000000   3.0396700000e-01
    250000   -24.00000000   2.7244200000e-01
    250000   -22.00000000   2.4282300000e-01
    250000   -20.00000000   2.1525700000e-01
    250000   -18.00000000   1.8988300000e-01
    250000   -16.00000000   1.6682700000e-01
    250000   -14.00000000   1.4637100000e-01
    250000   -12.00000000   1.3073700000e-01
    250000   -10.00000000   1.1472900000e-01
    250000    -8.00000000   1.0447200000e-01
    250000    -6.00000000   9.3679000000e-02
    250000    -4.00000000   2.4342000000e-02
    250000    -2.00000000   1.0750000000e-02
    250000     0.00000000   7.8400000000e-03
    250000     2.00000000   8.4300000000e-03
    250000     4.00000000   1.0159000000e-02
    250000     6.00000000   7.9150000000e-03
    250000     8.00000000   1.8385000000e-02
    250000    10.00000000   1.5658000000e-02
    250000    12.00000000   3.1773000000e-02
    250000    14.00000000   5.0632000000e-02
    250000    16.00000000   7.2144000000e-02
    250000    18.00000000   9.6205000000e-02
    250000    20.00000000   1.2269800000e-01
    250000    22.00000000   1.5149600000e-01
    250000    24.00000000   1.8245900000e-01
    250000    26.00000000   2.1543600000e-01
    250000    28.00000000   2.5027000000e-01
    250000    30.00000000   2.8679100000e-01
    250000    32.00000000   3.2482200000e-01
    250000    34.00000000   3.6418100000e-01
    250000    36.00000000   4.0467600000e-01
    250000    38.00000000   4.4611100000e-01
    250000    40.00000000   4.8828700000e-01
    250000    42.00000000   5.3100000000e-01
    250000    44.00000000   5.7404400000e-01
    250000    46.00000000   6.1721000000e-01
    250000    48.00000000   6.6029100000e-01
    250000    50.00000000   7.0307800000e-01
    250000    52.00000000   7.4536500000e-01
    250000    54.00000000   7.8694900000e-01
    250000    56.00000000   8.2762800000e-01
    250000    58.00000000   8.6720700000e-01
    250000    60.00000000   9.0549500000e-01
    250000    62.00000000   9.4230900000e-01
    250000    64.00000000   9.7747000000e-01
    250000    66.00000000   1.0108110000e+00
    250000    68.00000000   1.0421720000e+00
    250000    70.00000000   1.0714010000e+00
    250000    72.00000000   1.0983600000e+00
    250000    74.00000000   1.1229190000e+00
    250000    76.00000000   1.1449620000e+00
    250000    78.00000000   1.1643840000e+00
    250000    80.00000000   1.1810920000e+00
    250000    82.00000000   1.1950090000e+00
    250000    84.00000000   1.2060680000e+00
    250000    86.00000000   1.2142200000e+00
    250000    88.00000000   1.2194260000e+00
    250000    90.00000000   1.2216640000e+00
     50000   -90.00000000   1.2216640000e+00
     50000   -88.00000000   1.2227380000e+00
     50000   -86.00000000   1.2208400000e+00
     50000   -84.00000000   1.2159880000e+00
     50000   -82.00000000   1.2082170000e+00
     50000   -80.00000000   1.1975720000e+00
     50000   -78.00000000   1.1841150000e+00
     50000   -76.00000000   1.1679210000e+00
     50000   -74.00000000   1.1490780000e+00
     50000   -72.00000000   1.1276870000e+00
     50000   -70.00000000   1.1038600000e+00
     50000   -68.00000000   1.0777230000e+00
     50000   -66.00000000   1.0494120000e+00
     50000   -64.00000000   1.0190730000e+00
     50000   -62.00000000   9.8686300000e-01
     50000   -60.00000000   9.5294700000e-01
     50000   -58.00000000   9.1749800000e-01
     50000   -56.00000000   8.8069700000e-01
     50000   -54.00000000   8.4273100000e-01
     50000   -52.00000000   8.0379400000e-01
     50000   -50.00000000   7.6408100000e-01
     50000   -48.00000000   7.2379400000e-01
     50000   -46.00000000   6.8313600000e-01
     50000   -44.00000000   6.4231200000e-01
     50000   -42.00000000   6.0152700000e-01
     50000   -40.00000000   5.6098800000e-01
     50000   -38.00000000   5.2089600000e-01
     50000   -36.00000000   4.8145400000e-01
     50000   -34.00000000   4.4285900000e-01
     50000   -32.00000000   4.0530500000e-01
     50000   -30.00000000   3.6898000000e-01
     50000   -28.00000000   3.3406500000e-01
     50000   -26.00000000   3.0073500000e-01
     50000   -24.00000000   2.6915700000e-01
     50000   -22.00000000   2.3948900000e-01
     50000   -20.00000000   2.1187800000e-01
     50000   -18.00000000   1.8646300000e-01
     50000   -16.00000000   1.6337100000e-01
     50000   -14.00000000   1.4271600000e-01
     50000   -12.00000000   1.2460200000e-01
     50000   -10.00000000   1.0912000000e-01
     50000    -8.00000000   9.7829000000e-02
     50000    -6.00000000   8.6238000000e-02
     50000    -4.00000000   5.5017000000e-02
     50000    -2.00000000   2.5040000000e-02
     50000     0.00000000   2.3030000000e-02
     50000     2.00000000   3.0690000000e-02
     50000     4.00000000   3.7770000000e-02
     50000     6.00000000   3.2340000000e-02
     50000     8.00000000   4.3747000000e-02
     50000    10.00000000   7.3350000000e-02
     50000    12.00000000   9.0370000000e-02
     50000    14.00000000   1.0772300000e-01
     50000    16.00000000   1.2870400000e-01
     50000    18.00000000   1.5216400000e-01
     50000    20.00000000   1.7798900000e-01
     50000    22.00000000   2.0605100000e-01
     50000    24.00000000   2.3621100000e-01
     50000    26.00000000   2.6832100000e-01
     50000    28.00000000   3.0222200000e-01
     50000    30.00000000   3.3774700000e-01
     50000    32.00000000   3.7472100000e-01
     50000    34.00000000   4.1296100000e-01
     50000    36.00000000   4.5227800000e-01
     50000    38.00000000   4.9247700000e-01
     50000    40.00000000   5.3336100000e-01
     50000    42.00000000   5.7472700000e-01
     50000    44.00000000   6.1637000000e-01
     50000    46.00000000   6.5808400000e-01
     50000    48.00000000   6.9966200000e-01
     50000    50.00000000   7.4089900000e-01
     50000    52.00000000   7.8159000000e-01
     50000    54.00000000   8.2153300000e-01
     50000    56.00000000   8.6053000000e-01
     50000    58.00000000   8.9838700000e-01
     50000    60.00000000   9.3491500000e-01
     50000    62.00000000   9.6993200000e-01
     50000    64.00000000   1.0032640000e+00
     50000    66.00000000   1.0347430000e+00
     50000    68.00000000   1.0642130000e+00
     50000    70.00000000   1.0915250000e+00
     50000    72.00000000   1.1165420000e+00
     50000    74.00000000   1.1391380000e+00
     50000    76.00000000   1.1591970000e+00
     50000    78.00000000   1.1766170000e+00
     50000    80.00000000   1.1913090000e+00
     50000    82.00000000   1.2031970000e+00
     50000    84.00000000   1.2122190000e+00
     50000    86.00000000   1.2183240000e+00
     50000    88.00000000   1.2214790000e+00
     50000    90.00000000   1.2216640000e+00
    100000   -90.00000000   1.2216640000e+00
    100000   -88.00000000   1.2222510000e+00
    100000   -86.00000000   1.2198660000e+00
    100000   -84.00000000   1.2145290000e+00
    100000   -82.00000000   1.2062730000e+00
    100000   -80.00000000   1.1951470000e+00
    100000   -78.00000000   1.1812120000e+00
    100000   -76.00000000   1.1645430000e+00
    100000   -74.00000000   1.1452290000e+00
    100000   -72.00000000   1.1233720000e+00
    100000   -70.00000000   1.0990840000e+00
    100000   -68.00000000   1.0724920000e+00
    100000   -66.00000000   1.0437320000e+00
    100000   -64.00000000   1.0129520000e+00
    100000   -62.00000000   9.8030700000e-01
    100000   -60.00000000   9.4596500000e-01
    100000   -58.00000000   9.1009800000e-01
    100000   -56.00000000   8.7288800000e-01
    100000   -54.00000000   8.3452300000e-01
    100000   -52.00000000   7.9519600000e-01
    100000   -50.00000000   7.5510500000e-01
    100000   -48.00000000   7.1445000000e-01
    100000   -46.00000000   6.7343500000e-01
    100000   -44.00000000   6.3226700000e-01
    100000   -42.00000000   5.9115000000e-01
    100000   -40.00000000   5.5029000000e-01
    100000   -38.00000000   5.0989200000e-01
    100000   -36.00000000   4.7015700000e-01
    100000   -34.00000000   4.3128200000e-01
    100000   -32.00000000   3.9346300000e-01
    100000   -30.00000000   3.5688600000e-01
    100000   -28.00000000   3.2173500000e-01
    100000   -26.00000000   2.8818400000e-01
    100000   -24.00000000   2.5640000000e-01
    100000   -22.00000000   2.2654100000e-01
    100000   -20.00000000   1.9875600000e-01
    100000   -18.00000000   1.7318300000e-01
    100000   -16.00000000   1.4994800000e-01
    100000   -14.00000000   1.2916700000e-01
    100000   -12.00000000   1.1094300000e-01
    100000   -10.00000000   9.5368000000e-02
    100000    -8.00000000   8.2517000000e-02
    100000    -6.00000000   7.4653000000e-02
    100000    -4.00000000   5.6525000000e-02
    100000    -2.00000000   1.7893000000e-02
    100000     0.00000000   1.6830000000e-02
    100000     2.00000000   1.6350000000e-02
    100000     4.00000000   1.5800000000e-02
    100000     6.00000000   1.7098000000e-02
    100000     8.00000000   2.5236000000e-02
    100000    10.00000000   5.2165000000e-02
    100000    12.00000000   6.1048000000e-02
    100000    14.00000000   7.9672000000e-02
    100000    16.00000000   1.0091400000e-01
    100000    18.00000000   1.2466900000e-01
    100000    20.00000000   1.5082300000e-01
    100000    22.00000000   1.7924600000e-01
    100000    24.00000000   2.0980000000e-01
    100000    26.00000000   2.4233700000e-01
    100000    28.00000000   2.7669600000e-01
    100000    30.00000000   3.1271100000e-01
    100000    32.00000000   3.5020400000e-01
    100000    34.00000000   3.8899300000e-01
    100000    36.00000000   4.2888900000e-01
    100000    38.00000000   4.6969600000e-01
    100000    40.00000000   5.1121500000e-01
    100000    42.00000000   5.5324200000e-01
    100000    44.00000000   5.9557300000e-01
    100000    46.00000000   6.3800100000e-01
    100000    48.00000000   6.8031800000e-01
    100000    50.00000000   7.2231600000e-01
    100000    52.00000000   7.6379200000e-01
    100000    54.00000000   8.0454100000e-01
    100000    56.00000000   8.4436400000e-01
    100000    58.00000000   8.8306700000e-01
    100000    60.00000000   9.2046000000e-01
    100000    62.00000000   9.5636000000e-01
    100000    64.00000000   9.9059000000e-01
    100000    66.00000000   1.0229850000e+00
    100000    68.00000000   1.0533830000e+00
    100000    70.00000000   1.0816380000e+00
    100000    72.00000000   1.1076090000e+00
    100000    74.00000000   1.1311690000e+00
    100000    76.00000000   1.1522030000e+00
    100000    78.00000000   1.1706060000e+00
    100000    80.00000000   1.1862890000e+00
    100000    82.00000000   1.1991740000e+00
    100000    84.00000000   1.2091970000e+00
    100000    86.00000000   1.2163070000e+00
    100000    88.00000000   1.2204700000e+00
    100000    90.00000000   1.2216640000e+00
    150000   -90.00000000   1.2216640000e+00
    150000   -88.00000000   1.2225960000e+00
    150000   -86.00000000   1.2205570000e+00
    150000   -84.00000000   1.2155650000e+00
    150000   -82.00000000   1.2076520000e+00
    150000   -80.00000000   1.1968680000e+00
    150000   -78.00000000   1.1832720000e+00
    150000   -76.00000000   1.1669410000e+00
    150000   -74.00000000   1.1479610000e+00
    150000   -72.00000000   1.1264340000e+00
    150000   -70.00000000   1.1024740000e+00
    150000   -68.00000000   1.0762050000e+00
    150000   -66.00000000   1.0477630000e+00
    150000   -64.00000000   1.0172960000e+00
    150000   -62.00000000   9.8496000000e-01
    150000   -60.00000000   9.5092000000e-01
    150000   -58.00000000   9.1535000000e-01
    150000   -56.00000000   8.7843000000e-01
    150000   -54.00000000   8.4034900000e-01
    150000   -52.00000000   8.0129800000e-01
    150000   -50.00000000   7.6147500000e-01
    150000   -48.00000000   7.2108100000e-01
    150000   -46.00000000   6.8032000000e-01
    150000   -44.00000000   6.3939600000e-01
    150000   -42.00000000   5.9851500000e-01
    150000   -40.00000000   5.5788200000e-01
    150000   -38.00000000   5.1770200000e-01
    150000   -36.00000000   4.7817500000e-01
    150000   -34.00000000   4.3949900000e-01
    150000   -32.00000000   4.0186700000e-01
    150000   -30.00000000   3.6546900000e-01
    150000   -28.00000000   3.3048600000e-01
    150000   -26.00000000   2.9709200000e-01
    150000   -24.00000000   2.6545400000e-01
    150000   -22.00000000   2.3573000000e-01
    150000   -20.00000000   2.0806900000e-01
    150000   -18.00000000   1.8260800000e-01
    150000   -16.00000000   1.5947400000e-01
    150000   -14.00000000   1.3878300000e-01
    150000   -12.00000000   1.2063700000e-01
    150000   -10.00000000   1.0808700000e-01
    150000    -8.00000000   9.2270000000e-02
    150000    -6.00000000   7.9877000000e-02
    150000    -4.00000000   4.1295000000e-02
    150000    -2.00000000   1.4550000000e-02
    150000     0.00000000   1.1730000000e-02
    150000     2.00000000   1.1400000000e-02
    150000     4.00000000   1.2230000000e-02
    150000     6.00000000   1.8267000000e-02
    150000     8.00000000   4.9060000000e-02
    150000    10.00000000   6.5336000000e-02
    150000    12.00000000   7.7896000000e-02
    150000    14.00000000   9.6385000000e-02
    150000    16.00000000   1.1747100000e-01
    150000    18.00000000   1.4105000000e-01
    150000    20.00000000   1.6700800000e-01
    150000    22.00000000   1.9521600000e-01
    150000    24.00000000   2.2553500000e-01
    150000    26.00000000   2.5781800000e-01
    150000    28.00000000   2.9190400000e-01
    150000    30.00000000   3.2762700000e-01
    150000    32.00000000   3.6481100000e-01
    150000    34.00000000   4.0327300000e-01
    150000    36.00000000   4.4282300000e-01
    150000    38.00000000   4.8326900000e-01
    150000    40.00000000   5.2440900000e-01
    150000    42.00000000   5.6604200000e-01
    150000    44.00000000   6.0796300000e-01
    150000    46.00000000   6.4996600000e-01
    150000    48.00000000   6.9184300000e-01
    150000    50.00000000   7.3338800000e-01
    150000    52.00000000   7.7439600000e-01
    150000    54.00000000   8.1466500000e-01
    150000    56.00000000   8.5399600000e-01
    150000    58.00000000   8.9219400000e-01
    150000    60.00000000   9.2907200000e-01
    150000    62.00000000   9.6444600000e-01
    150000    64.00000000   9.9814100000e-01
    150000    66.00000000   1.0299900000e+00
    150000    68.00000000   1.0598360000e+00
    150000    70.00000000   1.0875290000e+00
    150000    72.00000000   1.1129310000e+00
    150000    74.00000000   1.1359160000e+00
    150000    76.00000000   1.1563700000e+00
    150000    78.00000000   1.1741870000e+00
    150000    80.00000000   1.1892800000e+00
    150000    82.00000000   1.2015710000e+00
    150000    84.00000000   1.2109970000e+00
    150000    86.00000000   1.2175090000e+00
    150000    88.00000000   1.2210710000e+00
    150000    90.00000000   1.2216640000e+00
    200000   -90.00000000   1.2216640000e+00
    200000   -88.00000000   1.2227590000e+00
    200000   -86.00000000   1.2208820000e+00
    200000   -84.00000000   1.2160510000e+00
    200000   -82.00000000   1.2083000000e+00
    200000   -80.00000000   1.1976760000e+00
    200000   -78.00000000   1.1842400000e+00
    200000   -76.00000000   1.1680670000e+00
    200000   -74.00000000   1.1492440000e+00
    200000   -72.00000000   1.1278720000e+00
    200000   -70.00000000   1.1040660000e+00
    200000   -68.00000000   1.0779480000e+00
    200000   -66.00000000   1.0496560000e+00
    200000   -64.00000000   1.0193370000e+00
    200000   -62.00000000   9.8714500000e-01
    200000   -60.00000000   9.5324700000e-01
    200000   -58.00000000   9.1781600000e-01
    200000   -56.00000000   8.8103300000e-01
    200000   -54.00000000   8.4308500000e-01
    200000   -52.00000000   8.0416300000e-01
    200000   -50.00000000   7.6446700000e-01
    200000   -48.00000000   7.2419600000e-01
    200000   -46.00000000   6.8355300000e-01
    200000   -44.00000000   6.4274400000e-01
    200000   -42.00000000   6.0197400000e-01
    200000   -40.00000000   5.6144800000e-01
    200000   -38.00000000   5.2137000000e-01
    200000   -36.00000000   4.8194000000e-01
    200000   -34.00000000   4.4335700000e-01
    200000   -32.00000000   4.0581500000e-01
    200000   -30.00000000   3.6950000000e-01
    200000   -28.00000000   3.3459500000e-01
    200000   -26.00000000   3.0127500000e-01
    200000   -24.00000000   2.6970600000e-01
    200000   -22.00000000   2.4004600000e-01
    200000   -20.00000000   2.1244300000e-01
    200000   -18.00000000   1.8703500000e-01
    200000   -16.00000000   1.6394800000e-01
    200000   -14.00000000   1.4329900000e-01
    200000   -12.00000000   1.2860300000e-01
    200000   -10.00000000   1.1010300000e-01
    200000    -8.00000000   9.8349000000e-02
    200000    -6.00000000   8.6415000000e-02
    200000    -4.00000000   3.6754000000e-02
    200000    -2.00000000   1.2420000000e-02
    200000     0.00000000   9.1400000000e-03
    200000     2.00000000   9.4100000000e-03
    200000     4.00000000   1.0855000000e-02
    200000     6.00000000   1.6324000000e-02
    200000     8.00000000   2.7490000000e-02
    200000    10.00000000   3.9670000000e-02
    200000    12.00000000   5.6590000000e-02
    200000    14.00000000   7.5250000000e-02
    200000    16.00000000   9.6532000000e-02
    200000    18.00000000   1.2033400000e-01
    200000    20.00000000   1.4654000000e-01
    200000    22.00000000   1.7502000000e-01
    200000    24.00000000   2.0563700000e-01
    200000    26.00000000   2.3824000000e-01
    200000    28.00000000   2.7267200000e-01
    200000    30.00000000   3.0876300000e-01
    200000    32.00000000   3.4633900000e-01
    200000    34.00000000   3.8521500000e-01
    200000    36.00000000   4.2520200000e-01
    200000    38.00000000   4.6610400000e-01
    200000    40.00000000   5.0772300000e-01
    200000    42.00000000   5.4985500000e-01
    200000    44.00000000   5.9229500000e-01
    200000    46.00000000   6.3483500000e-01
    200000    48.00000000   6.7726800000e-01
    200000    50.00000000   7.1938600000e-01
    200000    52.00000000   7.6098500000e-01
    200000    54.00000000   8.0186100000e-01
    200000    56.00000000   8.4181500000e-01
    200000    58.00000000   8.8065200000e-01
    200000    60.00000000   9.1818100000e-01
    200000    62.00000000   9.5422000000e-01
    200000    64.00000000   9.8859200000e-01
    200000    66.00000000   1.0211310000e+00
    200000    68.00000000   1.0516760000e+00
    200000    70.00000000   1.0800790000e+00
    200000    72.00000000   1.1062000000e+00
    200000    74.00000000   1.1299130000e+00
    200000    76.00000000   1.1511000000e+00
    200000    78.00000000   1.1696590000e+00
    200000    80.00000000   1.1854980000e+00
    200000    82.00000000   1.1985400000e+00
    200000    84.00000000   1.2087200000e+00
    200000    86.00000000   1.2159890000e+00
    200000    88.00000000   1.2203110000e+00
    200000    90.00000000   1.2216640000e+00
    250000   -90.00000000   1.2216640000e+00
    250000   -88.00000000   1.2225670000e+00
    250000   -86.00000000   1.2204990000e+00
    250000   -84.00000000   1.2154770000e+00
    250000   -82.00000000   1.2075360000e+00
    250000   -80.00000000   1.1967230000e+00
    250000   -78.00000000   1.1830990000e+00
    250000   -76.00000000   1.1667380000e+00
    250000   -74.00000000   1.1477300000e+00
    250000   -72.00000000   1.1261760000e+00
    250000   -70.00000000   1.1021880000e+00
    250000   -68.00000000   1.0758910000e+00
    250000   -66.00000000   1.0474230000e+00
    250000   -64.00000000   1.0169300000e+00
    250000   -62.00000000   9.8456800000e-01
    250000   -60.00000000   9.5050200000e-01
    250000   -58.00000000   9.1490700000e-01
    250000   -56.00000000   8.7796300000e-01
    250000   -54.00000000   8.3985700000e-01
    250000   -52.00000000   8.0078300000e-01
    250000   -50.00000000   7.6093800000e-01
    250000   -48.00000000   7.2052200000e-01
    250000   -46.00000000   6.7973900000e-01
    250000   -44.00000000   6.3879500000e-01
    250000   -42.00000000   5.9789400000e-01
    250000   -40.00000000   5.5724200000e-01
    250000   -38.00000000   5.1704300000e-01
    250000   -36.00000000   4.7749800000e-01
    250000   -34.00000000   4.3880600000e-01
    250000   -32.00000000   4.0115900000e-01
    250000   -30.00000000   3.6474500000e-01
    250000   -28.00000000   3.2974800000e-01
    250000   -26.00000000   2.9634000000e-01
    250000   -24.00000000   2.6469000000e-01
    250000   -22.00000000   2.3495500000e-01
    250000   -20.00000000   2.0728400000e-01
    250000   -18.00000000   1.8181300000e-01
    250000   -16.00000000   1.5867100000e-01
    250000   -14.00000000   1.3797200000e-01
    250000   -12.00000000   1.1982000000e-01
    250000   -10.00000000   1.0430400000e-01
    250000    -8.00000000   9.2536000000e-02
    250000    -6.00000000   7.5368000000e-02
    250000    -4.00000000   3.3274000000e-02
    250000    -2.00000000   1.0750000000e-02
    250000     0.00000000   7.7800000000e-03
    250000     2.00000000   8.4400000000e-03
    250000     4.00000000   9.9400000000e-03
    250000     6.00000000   1.5722000000e-02
    250000     8.00000000   2.2977000000e-02
    250000    10.00000000   3.6906000000e-02
    250000    12.00000000   5.3190000000e-02
    250000    14.00000000   7.1878000000e-02
    250000    16.00000000   9.3192000000e-02
    250000    18.00000000   1.1702900000e-01
    250000    20.00000000   1.4327400000e-01
    250000    22.00000000   1.7179800000e-01
    250000    24.00000000   2.0246200000e-01
    250000    26.00000000   2.3511700000e-01
    250000    28.00000000   2.6960300000e-01
    250000    30.00000000   3.0575400000e-01
    250000    32.00000000   3.4339100000e-01
    250000    34.00000000   3.8233400000e-01
    250000    36.00000000   4.2239000000e-01
    250000    38.00000000   4.6336600000e-01
    250000    40.00000000   5.0506100000e-01
    250000    42.00000000   5.4727200000e-01
    250000    44.00000000   5.8979500000e-01
    250000    46.00000000   6.3242100000e-01
    250000    48.00000000   6.7494200000e-01
    250000    50.00000000   7.1715300000e-01
    250000    52.00000000   7.5884600000e-01
    250000    54.00000000   7.9981900000e-01
    250000    56.00000000   8.3987200000e-01
    250000    58.00000000   8.7881000000e-01
    250000    60.00000000   9.1644300000e-01
    250000    62.00000000   9.5258800000e-01
    250000    64.00000000   9.8706900000e-01
    250000    66.00000000   1.0197170000e+00
    250000    68.00000000   1.0503740000e+00
    250000    70.00000000   1.0788900000e+00
    250000    72.00000000   1.1051260000e+00
    250000    74.00000000   1.1289550000e+00
    250000    76.00000000   1.1502590000e+00
    250000    78.00000000   1.1689360000e+00
    250000    80.00000000   1.1848940000e+00
    250000    82.00000000   1.1980560000e+00
    250000    84.00000000   1.2083570000e+00
    250000    86.00000000   1.2157470000e+00
    250000    88.00000000   1.2201900000e+00
    250000    90.00000000   1.2216640000e+00
     50000   -90.00000000   1.2216640000e+00
     50000   -88.00000000   1.2227380000e+00
     50000   -86.00000000   1.2208400000e+00
     50000   -84.00000000   1.2159880000e+00
     50000   -82.00000000   1.2082170000e+00
     50000   -80.00000000   1.1975720000e+00
     50000   -78.00000000   1.1841150000e+00
     50000   -76.00000000   1.1679210000e+00
     50000   -74.00000000   1.1490780000e+00
     50000   -72.00000000   1.1276870000e+00
     50000   -70.00000000   1.1038600000e+00
     50000   -68.00000000   1.0777230000e+00
     50000   -66.00000000   1.0494120000e+00
     50000   -64.00000000   1.0190730000e+00
     50000   -62.00000000   9.8686300000e-01
     50000   -60.00000000   9.5294700000e-01
     50000   -58.00000000   9.1749800000e-01
     50000   -56.00000000   8.8069700000e-01
     50000   -54.00000000   8.4273100000e-01
     50000   -52.00000000   8.0379400000e-01
     50000   -50.00000000   7.6408100000e-01
     50000   -48.00000000   7.2379400000e-01
     50000   -46.00000000   6.8313600000e-01
     50000   -44.00000000   6.4231200000e-01
     50000   -42.00000000   6.0152700000e-01
     50000   -40.00000000   5.6098800000e-01
     50000   -38.00000000   5.2089600000e-01
     50000   -36.00000000   4.8145400000e-01
     50000   -34.00000000   4.4285900000e-01
     50000   -32.00000000   4.0530500000e-01
     50000   -30.00000000   3.6898000000e-01
     50000   -28.00000000   3.3406500000e-01
     50000   -26.00000000   3.0073500000e-01
     50000   -24.00000000   2.6915700000e-01
     50000   -22.00000000   2.3948900000e-01
     50000   -20.00000000   2.1187800000e-01
     50000   -18.00000000   1.8646300000e-01
     50000   -16.00000000   1.6337100000e-01
     50000   -14.00000000   1.4271600000e-01
     50000   -12.00000000   1.2460200000e-01
     50000   -10.00000000   1.0912000000e-01
     50000    -8.00000000   9.7829000000e-02
     50000    -6.00000000   8.6238000000e-02
     50000    -4.00000000   5.5017000000e-02
     50000    -2.00000000   2.5040000000e-02
     50000     0.00000000   2.3030000000e-02
     50000     2.00000000   3.0690000000e-02
     50000     4.00000000   3.7770000000e-02
     50000     6.00000000   3.2340000000e-02
     50000     8.00000000   4.3747000000e-02
     50000    10.00000000   7.3350000000e-02
     50000    12.00000000   9.0370000000e-02
     50000    14.00000000   1.0772300000e-01
     50000    16.00000000   1.2870400000e-01
     50000    18.00000000   1.5216400000e-01
     50000    20.00000000   1.7798900000e-01
     50000    22.00000000   2.0605100000e-01
     50000    24.00000000   2.3621100000e-01
     50000    26.00000000   2.6832100000e-01
     50000    28.00000000   3.0222200000e-01
     50000    30.00000000   3.3774700000e-01
     50000    32.00000000   3.7472100000e-01
     50000    34.00000000   4.1296100000e-01
     50000    36.00000000   4.5227800000e-01
     50000    38.00000000   4.9247700000e-01
     50000    40.00000000   5.3336100000e-01
     50000    42.00000000   5.7472700000e-01
     50000    44.00000000   6.1637000000e-01
     50000    46.00000000   6.5808400000e-01
     50000    48.00000000   6.9966200000e-01
     50000    50.00000000   7.4089900000e-01
     50000    52.00000000   7.8159000000e-01
     50000    54.00000000   8.2153300000e-01
     50000    56.00000000   8.6053000000e-01
     50000    58.00000000   8.9838700000e-01
     50000    60.00000000   9.3491500000e-01
     50000    62.00000000   9.6993200000e-01
     50000    64.00000000   1.0032640000e+00
     50000    66.00000000   1.0347430000e+00
     50000    68.00000000   1.0642130000e+00
     50000    70.00000000   1.0915250000e+00
     50000    72.00000000   1.1165420000e+00
     50000    74.00000000   1.1391380000e+00
     50000    76.00000000   1.1591970000e+00
     50000    78.00000000   1.1766170000e+00
     50000    80.00000000   1.1913090000e+00
     50000    82.00000000   1.2031970000e+00
     50000    84.00000000   1.2122190000e+00
     50000    86.00000000   1.2183240000e+00
     50000    88.00000000   1.2214790000e+00
     50000    90.00000000   1.2216640000e+00
    100000   -90.00000000   1.2216640000e+00
    100000   -88.00000000   1.2222510000e+00
    100000   -86.00000000   1.2198660000e+00
    100000   -84.00000000   1.2145290000e+00
    100000   -82.00000000   1.2062730000e+00
    100000   -80.00000000   1.1951470000e+00
    100000   -78.00000000   1.1812120000e+00
    100000   -76.00000000   1.1645430000e+00
    100000   -74.00000000   1.1452290000e+00
    100000   -72.00000000   1.1233720000e+00
    100000   -70.00000000   1.0990840000e+00
    100000   -68.00000000   1.0724920000e+00
    100000   -66.00000000   1.0437320000e+00
    100000   -64.00000000   1.0129520000e+00
    100000   -62.00000000   9.8030700000e-01
    100000   -60.00000000   9.4596500000e-01
    100000   -58.00000000   9.1009800000e-01
    100000   -56.00000000   8.7288800000e-01
    100000   -54.00000000   8.3452300000e-01
    100000   -52.00000000   7.9519600000e-01
    100000   -50.00000000   7.5510500000e-01
    100000   -48.00000000   7.1445000000e-01
    100000   -46.00000000   6.7343500000e-01
    100000   -44.00000000   6.3226700000e-01
    100000   -42.00000000   5.9115000000e-01
    100000   -40.00000000   5.5029000000e-01
    100000   -38.00000000   5.0989200000e-01
    100000   -36.00000000   4.7015700000e-01
    100000   -34.00000000   4.3128200000e-01
    100000   -32.00000000   3.9346300000e-01
    100000   -30.00000000   3.5688600000e-01
    100000   -28.00000000   3.2173500000e-01
    100000   -26.00000000   2.8818400000e-01
    100000   -24.00000000   2.5640000000e-01
    100000   -22.00000000   2.2654100000e-01
    100000   -20.00000000   1.9875600000e-01
    100000   -18.00000000   1.7318300000e-01
    100000   -16.00000000   1.4994800000e-01
    100000   -14.00000000   1.2916700000e-01
    100000   -12.00000000   1.1094300000e-01
    100000   -10.00000000   9.5368000000e-02
    100000    -8.00000000   8.2517000000e-02
    100000    -6.00000000   7.4653000000e-02
    100000    -4.00000000   5.6525000000e-02
    100000    -2.00000000   1.7893000000e-02
    100000     0.00000000   1.6830000000e-02
    100000     2.00000000   1.6350000000e-02
    100000     4.00000000   1.5800000000e-02
    100000     6.00000000   1.7098000000e-02
    100000     8.00000000   2.5236000000e-02
    100000    10.00000000   5.2165000000e-02
    100000    12.00000000   6.1048000000e-02
    100000    14.00000000   7.9672000000e-02
    100000    16.00000000   1.0091400000e-01
    100000    18.00000000   1.2466900000e-01
    100000    20.00000000   1.5082300000e-01
    100000    22.00000000   1.7924600000e-01
    100000    24.00000000   2.0980000000e-01
    100000    26.00000000   2.4233700000e-01
    100000    28.00000000   2.7669600000e-01
    100000    30.00000000   3.1271100000e-01
    100000    32.00000000   3.5020400000e-01
    100000    34.00000000   3.8899300000e-01
    100000    36.00000000   4.2888900000e-01
    100000    38.00000000   4.6969600000e-01
    100000    40.00000000   5.1121500000e-01
    100000    42.00000000   5.5324200000e-01
    100000    44.00000000   5.9557300000e-01
    100000    46.00000000   6.3800100000e-01
    100000    48.00000000   6.8031800000e-01
    100000    50.00000000   7.2231600000e-01
    100000    52.00000000   7.6379200000e-01
    100000    54.00000000   8.0454100000e-01
    100000    56.00000000   8.4436400000e-01
    100000    58.00000000   8.8306700000e-01
    100000    60.00000000   9.2046000000e-01
    100000    62.00000000   9.5636000000e-01
    100000    64.00000000   9.9059000000e-01
    100000    66.00000000   1.0229850000e+00
    100000    68.00000000   1.0533830000e+00
    100000    70.00000000   1.0816380000e+00
    100000    72.00000000   1.1076090000e+00
    100000    74.00000000   1.1311690000e+00
    100000    76.00000000   1.1522030000e+00
    100000    78.00000000   1.1706060000e+00
    100000    80.00000000   1.1862890000e+00
    100000    82.00000000   1.1991740000e+00
    100000    84.00000000   1.2091970000e+00
    100000    86.00000000   1.2163070000e+00
    100000    88.00000000   1.2204700000e+00
    100000    90.00000000   1.2216640000e+00
    150000   -90.00000000   1.2216640000e+00
    150000   -88.00000000   1.2225960000e+00
    150000   -86.00000000   1.2205570000e+00
    150000   -84.00000000   1.2155650000e+00
    150000   -82.00000000   1.2076520000e+00
    150000   -80.00000000   1.1968680000e+00
    150000   -78.00000000   1.1832720000e+00
    150000   -76.00000000   1.1669410000e+00
    150000   -74.00000000   1.1479610000e+00
    150000   -72.00000000   1.1264340000e+00
    150000   -70.00000000   1.1024740000e+00
    150000   -68.00000000   1.0762050000e+00
    150000   -66.00000000   1.0477630000e+00
    150000   -64.00000000   1.0172960000e+00
    150000   -62.00000000   9.8496000000e-01
    150000   -60.00000000   9.5092000000e-01
    150000   -58.00000000   9.1535000000e-01
    150000   -56.00000000   8.7843000000e-01
    150000   -54.00000000   8.4034900000e-01
    150000   -52.00000000   8.0129800000e-01
    150000   -50.00000000   7.6147500000e-01
    150000   -48.00000000   7.2108100000e-01
    150000   -46.00000000   6.8032000000e-01
    150000   -44.00000000   6.3939600000e-01
    150000   -42.00000000   5.9851500000e-01
    150000   -40.00000000   5.5788200000e-01
    150000   -38.00000000   5.1770200000e-01
    150000   -36.00000000   4.7817500000e-01
    150000   -34.00000000   4.3949900000e-01
    150000   -32.00000000   4.0186700000e-01
    150000   -30.00000000   3.6546900000e-01
    150000   -28.00000000   3.3048600000e-01
    150000   -26.00000000   2.9709200000e-01
    150000   -24.00000000   2.6545400000e-01
    150000   -22.00000000   2.3573000000e-01
    150000   -20.00000000   2.0806900000e-01
    150000   -18.00000000   1.8260800000e-01
    150000   -16.00000000   1.5947400000e-01
    150000   -14.00000000   1.3878300000e-01
    150000   -12.00000000   1.2063700000e-01
    150000   -10.00000000   1.0808700000e-01
    150000    -8.00000000   9.2270000000e-02
    150000    -6.00000000   7.9877000000e-02
    150000    -4.00000000   4.1295000000e-02
    150000    -2.00000000   1.4550000000e-02
    150000     0.00000000   1.1730000000e-02
    150000     2.00000000   1.1400000000e-02
    150000     4.00000000   1.2230000000e-02
    150000     6.00000000   1.8267000000e-02
    150000     8.00000000   4.9060000000e-02
    150000    10.00000000   6.5336000000e-02
    150000    12.00000000   7.7896000000e-02
    150000    14.00000000   9.6385000000e-02
    150000    16.00000000   1.1747100000e-01
    150000    18.00000000   1.4105000000e-01
    150000    20.00000000   1.6700800000e-01
    150000    22.00000000   1.9521600000e-01
    150000    24.00000000   2.2553500000e-01
    150000    26.00000000   2.5781800000e-01
    150000    28.00000000   2.9190400000e-01
    150000    30.00000000   3.2762700000e-01
    150000    32.00000000   3.6481100000e-01
    150000    34.00000000   4.0327300000e-01
    150000    36.00000000   4.4282300000e-01
    150000    38.00000000   4.8326900000e-01
    150000    40.00000000   5.2440900000e-01
    150000    42.00000000   5.6604200000e-01
    150000    44.00000000   6.0796300000e-01
    150000    46.00000000   6.4996600000e-01
    150000    48.00000000   6.9184300000e-01
    150000    50.00000000   7.3338800000e-01
    150000    52.00000000   7.7439600000e-01
    150000    54.00000000   8.1466500000e-01
    150000    56.00000000   8.5399600000e-01
    150000    58.00000000   8.9219400000e-01
    150000    60.00000000   9.2907200000e-01
    150000    62.00000000   9.6444600000e-01
    150000    64.00000000   9.9814100000e-01
    150000    66.00000000   1.0299900000e+00
    150000    68.00000000   1.0598360000e+00
    150000    70.00000000   1.0875290000e+00
    150000    72.00000000   1.1129310000e+00
    150000    74.00000000   1.1359160000e+00
    150000    76.00000000   1.1563700000e+00
    150000    78.00000000   1.1741870000e+00
    150000    80.00000000   1.1892800000e+00
    150000    82.00000000   1.2015710000e+00
    150000    84.00000000   1.2109970000e+00
    150000    86.00000000   1.2175090000e+00
    150000    88.00000000   1.2210710000e+00
    150000    90.00000000   1.2216640000e+00
    200000   -90.00000000   1.2216640000e+00
    200000   -88.00000000   1.2227590000e+00
    200000   -86.00000000   1.2208820000e+00
    200000   -84.00000000   1.2160510000e+00
    200000   -82.00000000   1.2083000000e+00
    200000   -80.00000000   1.1976760000e+00
    200000   -78.00000000   1.1842400000e+00
    200000   -76.00000000   1.1680670000e+00
    200000   -74.00000000   1.1492440000e+00
    200000   -72.00000000   1.1278720000e+00
    200000   -70.00000000   1.1040660000e+00
    200000   -68.00000000   1.0779480000e+00
    200000   -66.00000000   1.0496560000e+00
    200000   -64.00000000   1.0193370000e+00
    200000   -62.00000000   9.8714500000e-01
    200000   -60.00000000   9.5324700000e-01
    200000   -58.00000000   9.1781600000e-01
    200000   -56.00000000   8.8103300000e-01
    200000   -54.00000000   8.4308500000e-01
    200000   -52.00000000   8.0416300000e-01
    200000   -50.00000000   7.6446700000e-01
    200000   -48.00000000   7.2419600000e-01
    200000   -46.00000000   6.8355300000e-01
    200000   -44.00000000   6.4274400000e-01
    200000   -42.00000000   6.0197400000e-01
    200000   -40.00000000   5.6144800000e-01
    200000   -38.00000000   5.2137000000e-01
    200000   -36.00000000   4.8194000000e-01
    200000   -34.00000000   4.4335700000e-01
    200000   -32.00000000   4.0581500000e-01
    200000   -30.00000000   3.6950000000e-01
    200000   -28.00000000   3.3459500000e-01
    200000   -26.00000000   3.0127500000e-01
    200000   -24.00000000   2.6970600000e-01
    200000   -22.00000000   2.4004600000e-01
    200000   -20.00000000   2.1244300000e-01
    200000   -18.00000000   1.8703500000e-01
    200000   -16.00000000   1.6394800000e-01
    200000   -14.00000000   1.4329900000e-01
    200000   -12.00000000   1.2860300000e-01
    200000   -10.00000000   1.1010300000e-01
    200000    -8.00000000   9.8349000000e-02
    200000    -6.00000000   8.6415000000e-02
    200000    -4.00000000   3.6754000000e-02
    200000    -2.00000000   1.2420000000e-02
    200000     0.00000000   9.1400000000e-03
    200000     2.00000000   9.4100000000e-03
    200000     4.00000000   1.0855000000e-02
    200000     6.00000000   1.6324000000e-02
    200000     8.00000000   2.7490000000e-02
    200000    10.00000000   3.9670000000e-02
    200000    12.00000000   5.6590000000e-02
    200000    14.00000000   7.5250000000e-02
    200000    16.00000000   9.6532000000e-02
    200000    18.00000000   1.2033400000e-01
    200000    20.00000000   1.4654000000e-01
    200000    22.00000000   1.7502000000e-01
    200000    24.00000000   2.0563700000e-01
    200000    26.00000000   2.3824000000e-01
    200000    28.00000000   2.7267200000e-01
    200000    30.00000000   3.0876300000e-01
    200000    32.00000000   3.4633900000e-01
    200000    34.00000000   3.8521500000e-01
    200000    36.00000000   4.2520200000e-01
    200000    38.00000000   4.6610400000e-01
    200000    40.00000000   5.0772300000e-01
    200000    42.00000000   5.4985500000e-01
    200000    44.00000000   5.9229500000e-01
    200000    46.00000000   6.3483500000e-01
    200000    48.00000000   6.7726800000e-01
    200000    50.00000000   7.1938600000e-01
    200000    52.00000000   7.6098500000e-01
    200000    54.00000000   8.0186100000e-01
    200000    56.00000000   8.4181500000e-01
    200000    58.00000000   8.8065200000e-01
    200000    60.00000000   9.1818100000e-01
    200000    62.00000000   9.5422000000e-01
    200000    64.00000000   9.8859200000e-01
    200000    66.00000000   1.0211310000e+00
    200000    68.00000000   1.0516760000e+00
    200000    70.00000000   1.0800790000e+00
    200000    72.00000000   1.1062000000e+00
    200000    74.00000000   1.1299130000e+00
    200000    76.00000000   1.1511000000e+00
    200000    78.00000000   1.1696590000e+00
    200000    80.00000000   1.1854980000e+00
    200000    82.00000000   1.1985400000e+00
    200000    84.00000000   1.2087200000e+00
    200000    86.00000000   1.2159890000e+00
    200000    88.00000000   1.2203110000e+00
    200000    90.00000000   1.2216640000e+00
    250000   -90.00000000   1.2216640000e+00
    250000   -88.00000000   1.2225670000e+00
    250000   -86.00000000   1.2204990000e+00
    250000   -84.00000000   1.2154770000e+00
    250000   -82.00000000   1.2075360000e+00
    250000   -80.00000000   1.1967230000e+00
    250000   -78.00000000   1.1830990000e+00
    250000   -76.00000000   1.1667380000e+00
    250000   -74.00000000   1.1477300000e+00
    250000   -72.00000000   1.1261760000e+00
    250000   -70.00000000   1.1021880000e+00
    250000   -68.00000000   1.0758910000e+00
    250000   -66.00000000   1.0474230000e+00
    250000   -64.00000000   1.0169300000e+00
    250000   -62.00000000   9.8456800000e-01
    250000   -60.00000000   9.5050200000e-01
    250000   -58.00000000   9.1490700000e-01
    250000   -56.00000000   8.7796300000e-01
    250000   -54.00000000   8.3985700000e-01
    250000   -52.00000000   8.0078300000e-01
    250000   -50.00000000   7.6093800000e-01
    250000   -48.00000000   7.2052200000e-01
    250000   -46.00000000   6.7973900000e-01
    250000   -44.00000000   6.3879500000e-01
    250000   -42.00000000   5.9789400000e-01
    250000   -40.00000000   5.5724200000e-01
    250000   -38.00000000   5.1704300000e-01
    250000   -36.00000000   4.7749800000e-01
    250000   -34.00000000   4.3880600000e-01
    250000   -32.00000000   4.0115900000e-01
    250000   -30.00000000   3.6474500000e-01
    250000   -28.00000000   3.2974800000e-01
    250000   -26.00000000   2.9634000000e-01
    250000   -24.00000000   2.6469000000e-01
    250000   -22.00000000   2.3495500000e-01
    250000   -20.00000000   2.0728400000e-01
    250000   -18.00000000   1.8181300000e-01
    250000   -16.00000000   1.5867100000e-01
    250000   -14.00000000   1.3797200000e-01
    250000   -12.00000000   1.1982000000e-01
    250000   -10.00000000   1.0430400000e-01
    250000    -8.00000000   9.2536000000e-02
    250000    -6.00000000   7.5368000000e-02
    250000    -4.00000000   3.3274000000e-02
    250000    -2.00000000   1.0750000000e-02
    250000     0.00000000   7.7800000000e-03
    250000     2.00000000   8.4400000000e-03
    250000     4.00000000   9.9400000000e-03
    250000     6.00000000   1.5722000000e-02
    250000     8.00000000   2.2977000000e-02
    250000    10.00000000   3.6906000000e-02
    250000    12.00000000   5.3190000000e-02
    250000    14.00000000   7.1878000000e-02
    250000    16.00000000   9.3192000000e-02
    250000    18.00000000   1.1702900000e-01
    250000    20.00000000   1.4327400000e-01
    250000    22.00000000   1.7179800000e-01
    250000    24.00000000   2.0246200000e-01
    250000    26.00000000   2.3511700000e-01
    250000    28.00000000   2.6960300000e-01
    250000    30.00000000   3.0575400000e-01
    250000    32.00000000   3.4339100000e-01
    250000    34.00000000   3.8233400000e-01
    250000    36.00000000   4.2239000000e-01
    250000    38.00000000   4.6336600000e-01
    250000    40.00000000   5.0506100000e-01
    250000    42.00000000   5.4727200000e-01
    250000    44.00000000   5.8979500000e-01
    250000    46.00000000   6.3242100000e-01
    250000    48.00000000   6.7494200000e-01
    250000    50.00000000   7.1715300000e-01
    250000    52.00000000   7.5884600000e-01
    250000    54.00000000   7.9981900000e-01
    250000    56.00000000   8.3987200000e-01
    250000    58.00000000   8.7881000000e-01
    250000    60.00000000   9.1644300000e-01
    250000    62.00000000   9.5258800000e-01
    250000    64.00000000   9.8706900000e-01
    250000    66.00000000   1.0197170000e+00
    250000    68.00000000   1.0503740000e+00
    250000    70.00000000   1.0788900000e+00
    250000    72.00000000   1.1051260000e+00
    250000    74.00000000   1.1289550000e+00
    250000    76.00000000   1.1502590000e+00
    250000    78.00000000   1.1689360000e+00
    250000    80.00000000   1.1848940000e+00
    250000    82.00000000   1.1980560000e+00
    250000    84.00000000   1.2083570000e+00
    250000    86.00000000   1.2157470000e+00
    250000    88.00000000   1.2201900000e+00
    250000    90.00000000   1.2216640000e+00
