     50000   -90.00000000  -0.0000000000e+00
     50000   -88.00000000  -4.3664000000e-02
     50000   -86.00000000  -8.7073000000e-02
     50000   -84.00000000  -1.3001600000e-01
     50000   -82.00000000  -1.7228200000e-01
     50000   -80.00000000  -2.1366500000e-01
     50000   -78.00000000  -2.5396100000e-01
     50000   -76.00000000  -2.9297300000e-01
     50000   -74.00000000  -3.3050800000e-01
     50000   -72.00000000  -3.6638000000e-01
     50000   -70.00000000  -4.0041300000e-01
     50000   -68.00000000  -4.3243700000e-01
     50000   -66.00000000  -4.6229200000e-01
     50000   -64.00000000  -4.8982900000e-01
     50000   -62.00000000  -5.1490900000e-01
     50000   -60.00000000  -5.3740400000e-01
     50000   -58.00000000  -5.5719800000e-01
     50000   -56.00000000  -5.7418900000e-01
     50000   -54.00000000  -5.8828500000e-01
     50000   -52.00000000  -5.9941000000e-01
     50000   -50.00000000  -6.0749900000e-01
     50000   -48.00000000  -6.1250200000e-01
     50000   -46.00000000  -6.1438100000e-01
     50000   -44.00000000  -6.1311200000e-01
     50000   -42.00000000  -6.0868600000e-01
     50000   -40.00000000  -6.0110300000e-01
     50000   -38.00000000  -5.9037700000e-01
     50000   -36.00000000  -5.7653200000e-01
     50000   -34.00000000  -5.5960300000e-01
     50000   -32.00000000  -5.3963100000e-01
     50000   -30.00000000  -5.1666400000e-01
     50000   -28.00000000  -4.9075100000e-01
     50000   -26.00000000  -4.6193800000e-01
     50000   -24.00000000  -4.3026100000e-01
     50000   -22.00000000  -3.9573600000e-01
     50000   -20.00000000  -3.5834000000e-01
     50000   -18.00000000  -3.1798300000e-01
     50000   -16.00000000  -2.7446300000e-01
     50000   -14.00000000  -2.2737400000e-01
     50000   -12.00000000  -1.7592600000e-01
     50000   -10.00000000  -1.1856200000e-01
     50000    -8.00000000  -5.1975000000e-02
     50000    -6.00000000   3.3999000000e-02
     50000    -4.00000000   1.5710000000e-01
     50000    -2.00000000   2.3620900000e-01
     50000     0.00000000  -1.6150000000e-01
     50000     2.00000000  -1.0070000000e-01
     50000     4.00000000  -1.0350000000e-01
     50000     6.00000000  -8.8000000000e-03
     50000     8.00000000   1.0040000000e-01
     50000    10.00000000   2.6560000000e-01
     50000    12.00000000   3.6730000000e-01
     50000    14.00000000   4.5300000000e-01
     50000    16.00000000   5.3147300000e-01
     50000    18.00000000   6.2962500000e-01
     50000    20.00000000   6.2898200000e-01
     50000    22.00000000   6.4920400000e-01
     50000    24.00000000   6.5688900000e-01
     50000    26.00000000   6.6547500000e-01
     50000    28.00000000   6.7416200000e-01
     50000    30.00000000   6.8233900000e-01
     50000    32.00000000   6.8952900000e-01
     50000    34.00000000   6.9535700000e-01
     50000    36.00000000   6.9952000000e-01
     50000    38.00000000   7.0177700000e-01
     50000    40.00000000   7.0193700000e-01
     50000    42.00000000   6.9984500000e-01
     50000    44.00000000   6.9538600000e-01
     50000    46.00000000   6.8847300000e-01
     50000    48.00000000   6.7904600000e-01
     50000    50.00000000   6.6707200000e-01
     50000    52.00000000   6.5253700000e-01
     50000    54.00000000   6.3545300000e-01
     50000    56.00000000   6.1584900000e-01
     50000    58.00000000   5.9377200000e-01
     50000    60.00000000   5.6928800000e-01
     50000    62.00000000   5.4248000000e-01
     50000    64.00000000   5.1344400000e-01
     50000    66.00000000   4.8229400000e-01
     50000    68.00000000   4.4915400000e-01
     50000    70.00000000   4.1416200000e-01
     50000    72.00000000   3.7747000000e-01
     50000    74.00000000   3.3923700000e-01
     50000    76.00000000   2.9963500000e-01
     50000    78.00000000   2.5884200000e-01
     50000    80.00000000   2.1704700000e-01
     50000    82.00000000   1.7444300000e-01
     50000    84.00000000   1.3123000000e-01
     50000    86.00000000   8.7612000000e-02
     50000    88.00000000   4.3799000000e-02
     50000    90.00000000   0.0000000000e+00
    100000   -90.00000000  -0.0000000000e+00
    100000   -88.00000000  -4.3643000000e-02
    100000   -86.00000000  -8.6989000000e-02
    100000   -84.00000000  -1.2982700000e-01
    100000   -82.00000000  -1.7194500000e-01
    100000   -80.00000000  -2.1313700000e-01
    100000   -78.00000000  -2.5319900000e-01
    100000   -76.00000000  -2.9193300000e-01
    100000   -74.00000000  -3.2914500000e-01
    100000   -72.00000000  -3.6464900000e-01
    100000   -70.00000000  -3.9826700000e-01
    100000   -68.00000000  -4.2982700000e-01
    100000   -66.00000000  -4.5917000000e-01
    100000   -64.00000000  -4.8614300000e-01
    100000   -62.00000000  -5.1060500000e-01
    100000   -60.00000000  -5.3242600000e-01
    100000   -58.00000000  -5.5148900000e-01
    100000   -56.00000000  -5.6768500000e-01
    100000   -54.00000000  -5.8092200000e-01
    100000   -52.00000000  -5.9111600000e-01
    100000   -50.00000000  -5.9819900000e-01
    100000   -48.00000000  -6.0211300000e-01
    100000   -46.00000000  -6.0281400000e-01
    100000   -44.00000000  -6.0026800000e-01
    100000   -42.00000000  -5.9445400000e-01
    100000   -40.00000000  -5.8536100000e-01
    100000   -38.00000000  -5.7298500000e-01
    100000   -36.00000000  -5.5733100000e-01
    100000   -34.00000000  -5.3840900000e-01
    100000   -32.00000000  -5.1622900000e-01
    100000   -30.00000000  -4.9079900000e-01
    100000   -28.00000000  -4.6211700000e-01
    100000   -26.00000000  -4.3016200000e-01
    100000   -24.00000000  -3.9488100000e-01
    100000   -22.00000000  -3.5616600000e-01
    100000   -20.00000000  -3.1382100000e-01
    100000   -18.00000000  -2.6751100000e-01
    100000   -16.00000000  -2.1665800000e-01
    100000   -14.00000000  -1.6026900000e-01
    100000   -12.00000000  -9.6576000000e-02
    100000   -10.00000000  -2.2257000000e-02
    100000    -8.00000000   6.9523000000e-02
    100000    -6.00000000   2.0913100000e-01
    100000    -4.00000000   3.6471400000e-01
    100000    -2.00000000   3.2328100000e-01
    100000     0.00000000   4.9370000000e-01
    100000     2.00000000   6.5880000000e-01
    100000     4.00000000   7.9480000000e-01
    100000     6.00000000   9.1690000000e-01
    100000     8.00000000   1.1250190000e+00
    100000    10.00000000   1.1290560000e+00
    100000    12.00000000   9.9968600000e-01
    100000    14.00000000   9.3557100000e-01
    100000    16.00000000   8.8451400000e-01
    100000    18.00000000   8.5064400000e-01
    100000    20.00000000   8.2817000000e-01
    100000    22.00000000   8.1335200000e-01
    100000    24.00000000   8.0365600000e-01
    100000    26.00000000   7.9728900000e-01
    100000    28.00000000   7.9294200000e-01
    100000    30.00000000   7.8963200000e-01
    100000    32.00000000   7.8660600000e-01
    100000    34.00000000   7.8327300000e-01
    100000    36.00000000   7.7916800000e-01
    100000    38.00000000   7.7392200000e-01
    100000    40.00000000   7.6723800000e-01
    100000    42.00000000   7.5888100000e-01
    100000    44.00000000   7.4866800000e-01
    100000    46.00000000   7.3645700000e-01
    100000    48.00000000   7.2214200000e-01
    100000    50.00000000   7.0565200000e-01
    100000    52.00000000   6.8694300000e-01
    100000    54.00000000   6.6600000000e-01
    100000    56.00000000   6.4282800000e-01
    100000    58.00000000   6.1745700000e-01
    100000    60.00000000   5.8993700000e-01
    100000    62.00000000   5.6033500000e-01
    100000    64.00000000   5.2873800000e-01
    100000    66.00000000   4.9524700000e-01
    100000    68.00000000   4.5998000000e-01
    100000    70.00000000   4.2306700000e-01
    100000    72.00000000   3.8465200000e-01
    100000    74.00000000   3.4489100000e-01
    100000    76.00000000   3.0394900000e-01
    100000    78.00000000   2.6200400000e-01
    100000    80.00000000   2.1923700000e-01
    100000    82.00000000   1.7584200000e-01
    100000    84.00000000   1.3201500000e-01
    100000    86.00000000   8.7961000000e-02
    100000    88.00000000   4.3886000000e-02
    100000    90.00000000   0.0000000000e+00
    150000   -90.00000000  -0.0000000000e+00
    150000   -88.00000000  -4.3674000000e-02
    150000   -86.00000000  -8.7112000000e-02
    150000   -84.00000000  -1.3010300000e-01
    150000   -82.00000000  -1.7243600000e-01
    150000   -80.00000000  -2.1390600000e-01
    150000   -78.00000000  -2.5430900000e-01
    150000   -76.00000000  -2.9344800000e-01
    150000   -74.00000000  -3.3113000000e-01
    150000   -72.00000000  -3.6717100000e-01
    150000   -70.00000000  -4.0139300000e-01
    150000   -68.00000000  -4.3362900000e-01
    150000   -66.00000000  -4.6371800000e-01
    150000   -64.00000000  -4.9151300000e-01
    150000   -62.00000000  -5.1687500000e-01
    150000   -60.00000000  -5.3967700000e-01
    150000   -58.00000000  -5.5980600000e-01
    150000   -56.00000000  -5.7715900000e-01
    150000   -54.00000000  -5.9164800000e-01
    150000   -52.00000000  -6.0319700000e-01
    150000   -50.00000000  -6.1174600000e-01
    150000   -48.00000000  -6.1724500000e-01
    150000   -46.00000000  -6.1966300000e-01
    150000   -44.00000000  -6.1897800000e-01
    150000   -42.00000000  -6.1518400000e-01
    150000   -40.00000000  -6.0829100000e-01
    150000   -38.00000000  -5.9831800000e-01
    150000   -36.00000000  -5.8529900000e-01
    150000   -34.00000000  -5.6928000000e-01
    150000   -32.00000000  -5.5031700000e-01
    150000   -30.00000000  -5.2847400000e-01
    150000   -28.00000000  -5.0382600000e-01
    150000   -26.00000000  -4.7644800000e-01
    150000   -24.00000000  -4.4641700000e-01
    150000   -22.00000000  -4.1380500000e-01
    150000   -20.00000000  -3.7866800000e-01
    150000   -18.00000000  -3.4103000000e-01
    150000   -16.00000000  -3.0085800000e-01
    150000   -14.00000000  -2.5801500000e-01
    150000   -12.00000000  -2.1216000000e-01
    150000   -10.00000000  -1.6253700000e-01
    150000    -8.00000000  -1.0702900000e-01
    150000    -6.00000000  -4.0134000000e-02
    150000    -4.00000000   9.9133000000e-02
    150000    -2.00000000   3.0570000000e-01
    150000     0.00000000   4.6430000000e-01
    150000     2.00000000   6.0920000000e-01
    150000     4.00000000   7.4640000000e-01
    150000     6.00000000   8.7210000000e-01
    150000     8.00000000   1.0740000000e+00
    150000    10.00000000   1.1977000000e+00
    150000    12.00000000   1.2823080000e+00
    150000    14.00000000   1.3593660000e+00
    150000    16.00000000   1.2489150000e+00
    150000    18.00000000   1.1899370000e+00
    150000    20.00000000   1.1274410000e+00
    150000    22.00000000   1.0793640000e+00
    150000    24.00000000   1.0415000000e+00
    150000    26.00000000   1.0109000000e+00
    150000    28.00000000   9.8543100000e-01
    150000    30.00000000   9.6350700000e-01
    150000    32.00000000   9.4392300000e-01
    150000    34.00000000   9.2574500000e-01
    150000    36.00000000   9.0824300000e-01
    150000    38.00000000   8.9083600000e-01
    150000    40.00000000   8.7306200000e-01
    150000    42.00000000   8.5455300000e-01
    150000    44.00000000   8.3501400000e-01
    150000    46.00000000   8.1421600000e-01
    150000    48.00000000   7.9198000000e-01
    150000    50.00000000   7.6817300000e-01
    150000    52.00000000   7.4270000000e-01
    150000    54.00000000   7.1550200000e-01
    150000    56.00000000   6.8654900000e-01
    150000    58.00000000   6.5584100000e-01
    150000    60.00000000   6.2339900000e-01
    150000    62.00000000   5.8927000000e-01
    150000    64.00000000   5.5352200000e-01
    150000    66.00000000   5.1623800000e-01
    150000    68.00000000   4.7752400000e-01
    150000    70.00000000   4.3749700000e-01
    150000    72.00000000   3.9629100000e-01
    150000    74.00000000   3.5405300000e-01
    150000    76.00000000   3.1094100000e-01
    150000    78.00000000   2.6712600000e-01
    150000    80.00000000   2.2278600000e-01
    150000    82.00000000   1.7810900000e-01
    150000    84.00000000   1.3328900000e-01
    150000    86.00000000   8.8526000000e-02
    150000    88.00000000   4.4027000000e-02
    150000    90.00000000   0.0000000000e+00
    200000   -90.00000000  -0.0000000000e+00
    200000   -88.00000000  -4.3758000000e-02
    200000   -86.00000000  -8.7449000000e-02
    200000   -84.00000000  -1.3086200000e-01
    200000   -82.00000000  -1.7378800000e-01
    200000   -80.00000000  -2.1602100000e-01
    200000   -78.00000000  -2.5736200000e-01
    200000   -76.00000000  -2.9761400000e-01
    200000   -74.00000000  -3.3659000000e-01
    200000   -72.00000000  -3.7410600000e-01
    200000   -70.00000000  -4.0999200000e-01
    200000   -68.00000000  -4.4408400000e-01
    200000   -66.00000000  -4.7622700000e-01
    200000   -64.00000000  -5.0628200000e-01
    200000   -62.00000000  -5.3411800000e-01
    200000   -60.00000000  -5.5961800000e-01
    200000   -58.00000000  -5.8267900000e-01
    200000   -56.00000000  -6.0321300000e-01
    200000   -54.00000000  -6.2114700000e-01
    200000   -52.00000000  -6.3642400000e-01
    200000   -50.00000000  -6.4900300000e-01
    200000   -48.00000000  -6.5886300000e-01
    200000   -46.00000000  -6.6600100000e-01
    200000   -44.00000000  -6.7043300000e-01
    200000   -42.00000000  -6.7219700000e-01
    200000   -40.00000000  -6.7135400000e-01
    200000   -38.00000000  -6.6799000000e-01
    200000   -36.00000000  -6.6221800000e-01
    200000   -34.00000000  -6.5418300000e-01
    200000   -32.00000000  -6.4406500000e-01
    200000   -30.00000000  -6.3209000000e-01
    200000   -28.00000000  -6.1853400000e-01
    200000   -26.00000000  -6.0374300000e-01
    200000   -24.00000000  -5.8815300000e-01
    200000   -22.00000000  -5.7232700000e-01
    200000   -20.00000000  -5.5701000000e-01
    200000   -18.00000000  -5.4322100000e-01
    200000   -16.00000000  -5.3242600000e-01
    200000   -14.00000000  -5.2683800000e-01
    200000   -12.00000000  -5.1695300000e-01
    200000   -10.00000000  -5.1458100000e-01
    200000    -8.00000000  -3.9859800000e-01
    200000    -6.00000000  -1.0430000000e-01
    200000    -4.00000000   1.1460000000e-01
    200000    -2.00000000   2.7440000000e-01
    200000     0.00000000   4.1720000000e-01
    200000     2.00000000   5.6070000000e-01
    200000     4.00000000   6.9500000000e-01
    200000     6.00000000   8.2120000000e-01
    200000     8.00000000   1.0236000000e+00
    200000    10.00000000   1.1546000000e+00
    200000    12.00000000   1.2662000000e+00
    200000    14.00000000   1.3356000000e+00
    200000    16.00000000   1.4206990000e+00
    200000    18.00000000   1.4364260000e+00
    200000    20.00000000   1.3138710000e+00
    200000    22.00000000   1.2709230000e+00
    200000    24.00000000   1.2127740000e+00
    200000    26.00000000   1.1647230000e+00
    200000    28.00000000   1.1240440000e+00
    200000    30.00000000   1.0887160000e+00
    200000    32.00000000   1.0572090000e+00
    200000    34.00000000   1.0283420000e+00
    200000    36.00000000   1.0011910000e+00
    200000    38.00000000   9.7502700000e-01
    200000    40.00000000   9.4926700000e-01
    200000    42.00000000   9.2344700000e-01
    200000    44.00000000   8.9719300000e-01
    200000    46.00000000   8.7021200000e-01
    200000    48.00000000   8.4227100000e-01
    200000    50.00000000   8.1319500000e-01
    200000    52.00000000   7.8285100000e-01
    200000    54.00000000   7.5114900000e-01
    200000    56.00000000   7.1803400000e-01
    200000    58.00000000   6.8348100000e-01
    200000    60.00000000   6.4749600000e-01
    200000    62.00000000   6.1010700000e-01
    200000    64.00000000   5.7136900000e-01
    200000    66.00000000   5.3135500000e-01
    200000    68.00000000   4.9015700000e-01
    200000    70.00000000   4.4788800000e-01
    200000    72.00000000   4.0467200000e-01
    200000    74.00000000   3.6065000000e-01
    200000    76.00000000   3.1597600000e-01
    200000    78.00000000   2.7081500000e-01
    200000    80.00000000   2.2534200000e-01
    200000    82.00000000   1.7974200000e-01
    200000    84.00000000   1.3420600000e-01
    200000    86.00000000   8.8934000000e-02
    200000    88.00000000   4.4129000000e-02
    200000    90.00000000   0.0000000000e+00
    250000   -90.00000000  -0.0000000000e+00
    250000   -88.00000000  -4.3780000000e-02
    250000   -86.00000000  -8.7536000000e-02
    250000   -84.00000000  -1.3105800000e-01
    250000   -82.00000000  -1.7413800000e-01
    250000   -80.00000000  -2.1657000000e-01
    250000   -78.00000000  -2.5815400000e-01
    250000   -76.00000000  -2.9869500000e-01
    250000   -74.00000000  -3.3800500000e-01
    250000   -72.00000000  -3.7590500000e-01
    250000   -70.00000000  -4.1222200000e-01
    250000   -68.00000000  -4.4679400000e-01
    250000   -66.00000000  -4.7947100000e-01
    250000   -64.00000000  -5.1011100000e-01
    250000   -62.00000000  -5.3858900000e-01
    250000   -60.00000000  -5.6478800000e-01
    250000   -58.00000000  -5.8861000000e-01
    250000   -56.00000000  -6.0996900000e-01
    250000   -54.00000000  -6.2879600000e-01
    250000   -52.00000000  -6.4503900000e-01
    250000   -50.00000000  -6.5866400000e-01
    250000   -48.00000000  -6.6965400000e-01
    250000   -46.00000000  -6.7801600000e-01
    250000   -44.00000000  -6.8377400000e-01
    250000   -42.00000000  -6.8697900000e-01
    250000   -40.00000000  -6.8770500000e-01
    250000   -38.00000000  -6.8605400000e-01
    250000   -36.00000000  -6.8216100000e-01
    250000   -34.00000000  -6.7619600000e-01
    250000   -32.00000000  -6.6837300000e-01
    250000   -30.00000000  -6.5895600000e-01
    250000   -28.00000000  -6.4827600000e-01
    250000   -26.00000000  -6.3674800000e-01
    250000   -24.00000000  -6.2490300000e-01
    250000   -22.00000000  -6.1343000000e-01
    250000   -20.00000000  -6.0325100000e-01
    250000   -18.00000000  -5.9564700000e-01
    250000   -16.00000000  -5.9246800000e-01
    250000   -14.00000000  -5.9654000000e-01
    250000   -12.00000000  -6.1929400000e-01
    250000   -10.00000000  -5.9083300000e-01
    250000    -8.00000000  -3.3516100000e-01
    250000    -6.00000000  -8.1900000000e-02
    250000    -4.00000000   1.0030000000e-01
    250000    -2.00000000   2.4680000000e-01
    250000     0.00000000   3.8880000000e-01
    250000     2.00000000   5.2880000000e-01
    250000     4.00000000   6.6240000000e-01
    250000     6.00000000   7.9170000000e-01
    250000     8.00000000   9.5710000000e-01
    250000    10.00000000   1.1437000000e+00
    250000    12.00000000   1.2443000000e+00
    250000    14.00000000   1.3250000000e+00
    250000    16.00000000   1.3926820000e+00
    250000    18.00000000   1.4365200000e+00
    250000    20.00000000   1.3894920000e+00
    250000    22.00000000   1.3067700000e+00
    250000    24.00000000   1.2448260000e+00
    250000    26.00000000   1.1935100000e+00
    250000    28.00000000   1.1499840000e+00
    250000    30.00000000   1.1121470000e+00
    250000    32.00000000   1.0784090000e+00
    250000    34.00000000   1.0475410000e+00
    250000    36.00000000   1.0185850000e+00
    250000    38.00000000   9.9078300000e-01
    250000    40.00000000   9.6352800000e-01
    250000    42.00000000   9.3633900000e-01
    250000    44.00000000   9.0882900000e-01
    250000    46.00000000   8.8069000000e-01
    250000    48.00000000   8.5168300000e-01
    250000    50.00000000   8.2162000000e-01
    250000    52.00000000   7.9036500000e-01
    250000    54.00000000   7.5782000000e-01
    250000    56.00000000   7.2392500000e-01
    250000    58.00000000   6.8865300000e-01
    250000    60.00000000   6.5200500000e-01
    250000    62.00000000   6.1400600000e-01
    250000    64.00000000   5.7470900000e-01
    250000    66.00000000   5.3418300000e-01
    250000    68.00000000   4.9252200000e-01
    250000    70.00000000   4.4983200000e-01
    250000    72.00000000   4.0624000000e-01
    250000    74.00000000   3.6188500000e-01
    250000    76.00000000   3.1691800000e-01
    250000    78.00000000   2.7150500000e-01
    250000    80.00000000   2.2582100000e-01
    250000    82.00000000   1.8004700000e-01
    250000    84.00000000   1.3437800000e-01
    250000    86.00000000   8.9010000000e-02
    250000    88.00000000   4.4148000000e-02
    250000    90.00000000   0.0000000000e+00
     50000   -90.00000000  -0.0000000000e+00
     50000   -88.00000000  -4.3674000000e-02
     50000   -86.00000000  -8.7113000000e-02
     50000   -84.00000000  -1.3010500000e-01
     50000   -82.00000000  -1.7244100000e-01
     50000   -80.00000000  -2.1391400000e-01
     50000   -78.00000000  -2.5432000000e-01
     50000   -76.00000000  -2.9346300000e-01
     50000   -74.00000000  -3.3115000000e-01
     50000   -72.00000000  -3.6719600000e-01
     50000   -70.00000000  -4.0142400000e-01
     50000   -68.00000000  -4.3366600000e-01
     50000   -66.00000000  -4.6376300000e-01
     50000   -64.00000000  -4.9156600000e-01
     50000   -62.00000000  -5.1693700000e-01
     50000   -60.00000000  -5.3974900000e-01
     50000   -58.00000000  -5.5988800000e-01
     50000   -56.00000000  -5.7725300000e-01
     50000   -54.00000000  -5.9175400000e-01
     50000   -52.00000000  -6.0331700000e-01
     50000   -50.00000000  -6.1188000000e-01
     50000   -48.00000000  -6.1739500000e-01
     50000   -46.00000000  -6.1983000000e-01
     50000   -44.00000000  -6.1916300000e-01
     50000   -42.00000000  -6.1539000000e-01
     50000   -40.00000000  -6.0851800000e-01
     50000   -38.00000000  -5.9856900000e-01
     50000   -36.00000000  -5.8557700000e-01
     50000   -34.00000000  -5.6958600000e-01
     50000   -32.00000000  -5.5065500000e-01
     50000   -30.00000000  -5.2884800000e-01
     50000   -28.00000000  -5.0423900000e-01
     50000   -26.00000000  -4.7690600000e-01
     50000   -24.00000000  -4.4692800000e-01
     50000   -22.00000000  -4.1437700000e-01
     50000   -20.00000000  -3.7931100000e-01
     50000   -18.00000000  -3.4175800000e-01
     50000   -16.00000000  -3.0169300000e-01
     50000   -14.00000000  -2.5898400000e-01
     50000   -12.00000000  -2.1330500000e-01
     50000   -10.00000000  -1.6392800000e-01
     50000    -8.00000000  -1.0920800000e-01
     50000    -6.00000000  -4.6638000000e-02
     50000    -4.00000000   3.6262000000e-02
     50000    -2.00000000   1.9430000000e-02
     50000     0.00000000   9.7400000000e-02
     50000     2.00000000   2.6170000000e-01
     50000     4.00000000   3.0980000000e-01
     50000     6.00000000   3.1160000000e-01
     50000     8.00000000   3.9110000000e-01
     50000    10.00000000   5.0366700000e-01
     50000    12.00000000   5.4723300000e-01
     50000    14.00000000   7.0670000000e-01
     50000    16.00000000   7.7080000000e-01
     50000    18.00000000   8.6517300000e-01
     50000    20.00000000   9.3330000000e-01
     50000    22.00000000   9.0876200000e-01
     50000    24.00000000   8.8720800000e-01
     50000    26.00000000   8.7232800000e-01
     50000    28.00000000   8.6056100000e-01
     50000    30.00000000   8.5071200000e-01
     50000    32.00000000   8.4186900000e-01
     50000    34.00000000   8.3332100000e-01
     50000    36.00000000   8.2451100000e-01
     50000    38.00000000   8.1499200000e-01
     50000    40.00000000   8.0441300000e-01
     50000    42.00000000   7.9249000000e-01
     50000    44.00000000   7.7900000000e-01
     50000    46.00000000   7.6377200000e-01
     50000    48.00000000   7.4667500000e-01
     50000    50.00000000   7.2761400000e-01
     50000    52.00000000   7.0653000000e-01
     50000    54.00000000   6.8338900000e-01
     50000    56.00000000   6.5818700000e-01
     50000    58.00000000   6.3094100000e-01
     50000    60.00000000   6.0169200000e-01
     50000    62.00000000   5.7050000000e-01
     50000    64.00000000   5.3744400000e-01
     50000    66.00000000   5.0262100000e-01
     50000    68.00000000   4.6614300000e-01
     50000    70.00000000   4.2813600000e-01
     50000    72.00000000   3.8874000000e-01
     50000    74.00000000   3.4810900000e-01
     50000    76.00000000   3.0640600000e-01
     50000    78.00000000   2.6380300000e-01
     50000    80.00000000   2.2048400000e-01
     50000    82.00000000   1.7663800000e-01
     50000    84.00000000   1.3246300000e-01
     50000    86.00000000   8.8160000000e-02
     50000    88.00000000   4.3935000000e-02
     50000    90.00000000   0.0000000000e+00
    100000   -90.00000000  -0.0000000000e+00
    100000   -88.00000000  -4.3670000000e-02
    100000   -86.00000000  -8.7097000000e-02
    100000   -84.00000000  -1.3007000000e-01
    100000   -82.00000000  -1.7237900000e-01
    100000   -80.00000000  -2.1381600000e-01
    100000   -78.00000000  -2.5417800000e-01
    100000   -76.00000000  -2.9326900000e-01
    100000   -74.00000000  -3.3089600000e-01
    100000   -72.00000000  -3.6687300000e-01
    100000   -70.00000000  -4.0102400000e-01
    100000   -68.00000000  -4.3318000000e-01
    100000   -66.00000000  -4.6318200000e-01
    100000   -64.00000000  -4.9087900000e-01
    100000   -62.00000000  -5.1613500000e-01
    100000   -60.00000000  -5.3882200000e-01
    100000   -58.00000000  -5.5882500000e-01
    100000   -56.00000000  -5.7604100000e-01
    100000   -54.00000000  -5.9038300000e-01
    100000   -52.00000000  -6.0177200000e-01
    100000   -50.00000000  -6.1014800000e-01
    100000   -48.00000000  -6.1546000000e-01
    100000   -46.00000000  -6.1767500000e-01
    100000   -44.00000000  -6.1677100000e-01
    100000   -42.00000000  -6.1273900000e-01
    100000   -40.00000000  -6.0558600000e-01
    100000   -38.00000000  -5.9533000000e-01
    100000   -36.00000000  -5.8200000000e-01
    100000   -34.00000000  -5.6563900000e-01
    100000   -32.00000000  -5.4629600000e-01
    100000   -30.00000000  -5.2403000000e-01
    100000   -28.00000000  -4.9890600000e-01
    100000   -26.00000000  -4.7098800000e-01
    100000   -24.00000000  -4.4033800000e-01
    100000   -22.00000000  -4.0700600000e-01
    100000   -20.00000000  -3.7101900000e-01
    100000   -18.00000000  -3.3235700000e-01
    100000   -16.00000000  -2.9092600000e-01
    100000   -14.00000000  -2.4648500000e-01
    100000   -12.00000000  -1.9852600000e-01
    100000   -10.00000000  -1.4599000000e-01
    100000    -8.00000000  -8.6578000000e-02
    100000    -6.00000000  -4.0710000000e-03
    100000    -4.00000000   8.1732000000e-02
    100000    -2.00000000   3.9279300000e-01
    100000     0.00000000   6.3300000000e-01
    100000     2.00000000   8.3540000000e-01
    100000     4.00000000   1.0173000000e+00
    100000     6.00000000   1.1667000000e+00
    100000     8.00000000   1.3252000000e+00
    100000    10.00000000   1.4421370000e+00
    100000    12.00000000   1.4704210000e+00
    100000    14.00000000   1.3198260000e+00
    100000    16.00000000   1.2297290000e+00
    100000    18.00000000   1.1520660000e+00
    100000    20.00000000   1.0940370000e+00
    100000    22.00000000   1.0496720000e+00
    100000    24.00000000   1.0149520000e+00
    100000    26.00000000   9.8705700000e-01
    100000    28.00000000   9.6394500000e-01
    100000    30.00000000   9.4409900000e-01
    100000    32.00000000   9.2636300000e-01
    100000    34.00000000   9.0984300000e-01
    100000    36.00000000   8.9383600000e-01
    100000    38.00000000   8.7778600000e-01
    100000    40.00000000   8.6125000000e-01
    100000    42.00000000   8.4387400000e-01
    100000    44.00000000   8.2537600000e-01
    100000    46.00000000   8.0553700000e-01
    100000    48.00000000   7.8418500000e-01
    100000    50.00000000   7.6119400000e-01
    100000    52.00000000   7.3647600000e-01
    100000    54.00000000   7.0997600000e-01
    100000    56.00000000   6.8166900000e-01
    100000    58.00000000   6.5155600000e-01
    100000    60.00000000   6.1966400000e-01
    100000    62.00000000   5.8604100000e-01
    100000    64.00000000   5.5075500000e-01
    100000    66.00000000   5.1389500000e-01
    100000    68.00000000   4.7556500000e-01
    100000    70.00000000   4.3588600000e-01
    100000    72.00000000   3.9499200000e-01
    100000    74.00000000   3.5303000000e-01
    100000    76.00000000   3.1016100000e-01
    100000    78.00000000   2.6655400000e-01
    100000    80.00000000   2.2239000000e-01
    100000    82.00000000   1.7785600000e-01
    100000    84.00000000   1.3314700000e-01
    100000    86.00000000   8.8463000000e-02
    100000    88.00000000   4.4011000000e-02
    100000    90.00000000   0.0000000000e+00
    150000   -90.00000000  -0.0000000000e+00
    150000   -88.00000000  -4.3695000000e-02
    150000   -86.00000000  -8.7196000000e-02
    150000   -84.00000000  -1.3029200000e-01
    150000   -82.00000000  -1.7277300000e-01
    150000   -80.00000000  -2.1443300000e-01
    150000   -78.00000000  -2.5507000000e-01
    150000   -76.00000000  -2.9448600000e-01
    150000   -74.00000000  -3.3249000000e-01
    150000   -72.00000000  -3.6889900000e-01
    150000   -70.00000000  -4.0353600000e-01
    150000   -68.00000000  -4.3623300000e-01
    150000   -66.00000000  -4.6683500000e-01
    150000   -64.00000000  -4.9519300000e-01
    150000   -62.00000000  -5.2117100000e-01
    150000   -60.00000000  -5.4464500000e-01
    150000   -58.00000000  -5.6550400000e-01
    150000   -56.00000000  -5.8365000000e-01
    150000   -54.00000000  -5.9899700000e-01
    150000   -52.00000000  -6.1147600000e-01
    150000   -50.00000000  -6.2102800000e-01
    150000   -48.00000000  -6.2761400000e-01
    150000   -46.00000000  -6.3120800000e-01
    150000   -44.00000000  -6.3179700000e-01
    150000   -42.00000000  -6.2938900000e-01
    150000   -40.00000000  -6.2400300000e-01
    150000   -38.00000000  -6.1567600000e-01
    150000   -36.00000000  -6.0446300000e-01
    150000   -34.00000000  -5.9043300000e-01
    150000   -32.00000000  -5.7367400000e-01
    150000   -30.00000000  -5.5429000000e-01
    150000   -28.00000000  -5.3240500000e-01
    150000   -26.00000000  -5.0816300000e-01
    150000   -24.00000000  -4.8173000000e-01
    150000   -22.00000000  -4.5330000000e-01
    150000   -20.00000000  -4.2310100000e-01
    150000   -18.00000000  -3.9140500000e-01
    150000   -16.00000000  -3.5855200000e-01
    150000   -14.00000000  -3.2499100000e-01
    150000   -12.00000000  -2.9135800000e-01
    150000   -10.00000000  -2.5865900000e-01
    150000    -8.00000000  -2.4341500000e-01
    150000    -6.00000000  -1.4891200000e-01
    150000    -4.00000000   1.9588100000e-01
    150000    -2.00000000   4.3920000000e-01
    150000     0.00000000   6.3560000000e-01
    150000     2.00000000   8.1950000000e-01
    150000     4.00000000   9.9340000000e-01
    150000     6.00000000   1.1443000000e+00
    150000     8.00000000   1.2915000000e+00
    150000    10.00000000   1.4228000000e+00
    150000    12.00000000   1.5153000000e+00
    150000    14.00000000   1.5982520000e+00
    150000    16.00000000   1.6064680000e+00
    150000    18.00000000   1.4419990000e+00
    150000    20.00000000   1.4222500000e+00
    150000    22.00000000   1.3414100000e+00
    150000    24.00000000   1.2757970000e+00
    150000    26.00000000   1.2213260000e+00
    150000    28.00000000   1.1750500000e+00
    150000    30.00000000   1.1347890000e+00
    150000    32.00000000   1.0988940000e+00
    150000    34.00000000   1.0660940000e+00
    150000    36.00000000   1.0353930000e+00
    150000    38.00000000   1.0060070000e+00
    150000    40.00000000   9.7730900000e-01
    150000    42.00000000   9.4879700000e-01
    150000    44.00000000   9.2007300000e-01
    150000    46.00000000   8.9081600000e-01
    150000    48.00000000   8.6077700000e-01
    150000    50.00000000   8.2976100000e-01
    150000    52.00000000   7.9762500000e-01
    150000    54.00000000   7.6426600000e-01
    150000    56.00000000   7.2961900000e-01
    150000    58.00000000   6.9365200000e-01
    150000    60.00000000   6.5636200000e-01
    150000    62.00000000   6.1777400000e-01
    150000    64.00000000   5.7793600000e-01
    150000    66.00000000   5.3691700000e-01
    150000    68.00000000   4.9480600000e-01
    150000    70.00000000   4.5171100000e-01
    150000    72.00000000   4.0775600000e-01
    150000    74.00000000   3.6307800000e-01
    150000    76.00000000   3.1782900000e-01
    150000    78.00000000   2.7217300000e-01
    150000    80.00000000   2.2628300000e-01
    150000    82.00000000   1.8034300000e-01
    150000    84.00000000   1.3454300000e-01
    150000    86.00000000   8.9083000000e-02
    150000    88.00000000   4.4166000000e-02
    150000    90.00000000   0.0000000000e+00
    200000   -90.00000000  -0.0000000000e+00
    200000   -88.00000000  -4.3721000000e-02
    200000   -86.00000000  -8.7302000000e-02
    200000   -84.00000000  -1.3053100000e-01
    200000   -82.00000000  -1.7319800000e-01
    200000   -80.00000000  -2.1509900000e-01
    200000   -78.00000000  -2.5603000000e-01
    200000   -76.00000000  -2.9579700000e-01
    200000   -74.00000000  -3.3420800000e-01
    200000   -72.00000000  -3.7108100000e-01
    200000   -70.00000000  -4.0624100000e-01
    200000   -68.00000000  -4.3952300000e-01
    200000   -66.00000000  -4.7077000000e-01
    200000   -64.00000000  -4.9983900000e-01
    200000   -62.00000000  -5.2659500000e-01
    200000   -60.00000000  -5.5091900000e-01
    200000   -58.00000000  -5.7270000000e-01
    200000   -56.00000000  -5.9184700000e-01
    200000   -54.00000000  -6.0827800000e-01
    200000   -52.00000000  -6.2192900000e-01
    200000   -50.00000000  -6.3275000000e-01
    200000   -48.00000000  -6.4070700000e-01
    200000   -46.00000000  -6.4578600000e-01
    200000   -44.00000000  -6.4798500000e-01
    200000   -42.00000000  -6.4732500000e-01
    200000   -40.00000000  -6.4384200000e-01
    200000   -38.00000000  -6.3759500000e-01
    200000   -36.00000000  -6.2866200000e-01
    200000   -34.00000000  -6.1714400000e-01
    200000   -32.00000000  -6.0316700000e-01
    200000   -30.00000000  -5.8688700000e-01
    200000   -28.00000000  -5.6849200000e-01
    200000   -26.00000000  -5.4821000000e-01
    200000   -24.00000000  -5.2632000000e-01
    200000   -22.00000000  -5.0317100000e-01
    200000   -20.00000000  -4.7920700000e-01
    200000   -18.00000000  -4.5501400000e-01
    200000   -16.00000000  -4.3140400000e-01
    200000   -14.00000000  -4.0956300000e-01
    200000   -12.00000000  -3.9136300000e-01
    200000   -10.00000000  -3.9984000000e-01
    200000    -8.00000000  -3.9747500000e-01
    200000    -6.00000000  -6.3577000000e-02
    200000    -4.00000000   2.2830000000e-01
    200000    -2.00000000   4.3180000000e-01
    200000     0.00000000   6.1240000000e-01
    200000     2.00000000   7.9190000000e-01
    200000     4.00000000   9.6810000000e-01
    200000     6.00000000   1.1242000000e+00
    200000     8.00000000   1.2607000000e+00
    200000    10.00000000   1.3847000000e+00
    200000    12.00000000   1.4925000000e+00
    200000    14.00000000   1.5675000000e+00
    200000    16.00000000   1.6327000000e+00
    200000    18.00000000   1.6621630000e+00
    200000    20.00000000   1.4206780000e+00
    200000    22.00000000   1.5355340000e+00
    200000    24.00000000   1.4493650000e+00
    200000    26.00000000   1.3772090000e+00
    200000    28.00000000   1.3155190000e+00
    200000    30.00000000   1.2616750000e+00
    200000    32.00000000   1.2136970000e+00
    200000    34.00000000   1.1700640000e+00
    200000    36.00000000   1.1295860000e+00
    200000    38.00000000   1.0913260000e+00
    200000    40.00000000   1.0545340000e+00
    200000    42.00000000   1.0186140000e+00
    200000    44.00000000   9.8308400000e-01
    200000    46.00000000   9.4756200000e-01
    200000    48.00000000   9.1174200000e-01
    200000    50.00000000   8.7538600000e-01
    200000    52.00000000   8.3831400000e-01
    200000    54.00000000   8.0039000000e-01
    200000    56.00000000   7.6152500000e-01
    200000    58.00000000   7.2166200000e-01
    200000    60.00000000   6.8078100000e-01
    200000    62.00000000   6.3889000000e-01
    200000    64.00000000   5.9602200000e-01
    200000    66.00000000   5.5223500000e-01
    200000    68.00000000   5.0760900000e-01
    200000    70.00000000   4.6224200000e-01
    200000    72.00000000   4.1624900000e-01
    200000    74.00000000   3.6976400000e-01
    200000    76.00000000   3.2293100000e-01
    200000    78.00000000   2.7591100000e-01
    200000    80.00000000   2.2887300000e-01
    200000    82.00000000   1.8199700000e-01
    200000    84.00000000   1.3547300000e-01
    200000    86.00000000   8.9496000000e-02
    200000    88.00000000   4.4269000000e-02
    200000    90.00000000   0.0000000000e+00
    250000   -90.00000000  -0.0000000000e+00
    250000   -88.00000000  -4.3797000000e-02
    250000   -86.00000000  -8.7606000000e-02
    250000   -84.00000000  -1.3121600000e-01
    250000   -82.00000000  -1.7441800000e-01
    250000   -80.00000000  -2.1700900000e-01
    250000   -78.00000000  -2.5878800000e-01
    250000   -76.00000000  -2.9956000000e-01
    250000   -74.00000000  -3.3913900000e-01
    250000   -72.00000000  -3.7734500000e-01
    250000   -70.00000000  -4.1400800000e-01
    250000   -68.00000000  -4.4896500000e-01
    250000   -66.00000000  -4.8206900000e-01
    250000   -64.00000000  -5.1317900000e-01
    250000   -62.00000000  -5.4217000000e-01
    250000   -60.00000000  -5.6892900000e-01
    250000   -58.00000000  -5.9336000000e-01
    250000   -56.00000000  -6.1538000000e-01
    250000   -54.00000000  -6.3492200000e-01
    250000   -52.00000000  -6.5193900000e-01
    250000   -50.00000000  -6.6640100000e-01
    250000   -48.00000000  -6.7829700000e-01
    250000   -46.00000000  -6.8763900000e-01
    250000   -44.00000000  -6.9446000000e-01
    250000   -42.00000000  -6.9881900000e-01
    250000   -40.00000000  -7.0080100000e-01
    250000   -38.00000000  -7.0052300000e-01
    250000   -36.00000000  -6.9813500000e-01
    250000   -34.00000000  -6.9382800000e-01
    250000   -32.00000000  -6.8784200000e-01
    250000   -30.00000000  -6.8047400000e-01
    250000   -28.00000000  -6.7209700000e-01
    250000   -26.00000000  -6.6318400000e-01
    250000   -24.00000000  -6.5433700000e-01
    250000   -22.00000000  -6.4635000000e-01
    250000   -20.00000000  -6.4028700000e-01
    250000   -18.00000000  -6.3763600000e-01
    250000   -16.00000000  -6.4055800000e-01
    250000   -14.00000000  -6.4994900000e-01
    250000   -12.00000000  -6.4851900000e-01
    250000   -10.00000000  -6.1068700000e-01
    250000    -8.00000000  -3.1180000000e-01
    250000    -6.00000000  -1.7000000000e-02
    250000    -4.00000000   2.3220000000e-01
    250000    -2.00000000   4.1550000000e-01
    250000     0.00000000   5.9570000000e-01
    250000     2.00000000   7.7910000000e-01
    250000     4.00000000   9.5580000000e-01
    250000     6.00000000   1.1195000000e+00
    250000     8.00000000   1.2512000000e+00
    250000    10.00000000   1.3753000000e+00
    250000    12.00000000   1.4745000000e+00
    250000    14.00000000   1.5542000000e+00
    250000    16.00000000   1.6121000000e+00
    250000    18.00000000   1.6710200000e+00
    250000    20.00000000   1.6663560000e+00
    250000    22.00000000   1.5597810000e+00
    250000    24.00000000   1.4665560000e+00
    250000    26.00000000   1.3926490000e+00
    250000    28.00000000   1.3294320000e+00
    250000    30.00000000   1.2742420000e+00
    250000    32.00000000   1.2250680000e+00
    250000    34.00000000   1.1803620000e+00
    250000    36.00000000   1.1389160000e+00
    250000    38.00000000   1.0997760000e+00
    250000    40.00000000   1.0621830000e+00
    250000    42.00000000   1.0255290000e+00
    250000    44.00000000   9.8932500000e-01
    250000    46.00000000   9.5318200000e-01
    250000    48.00000000   9.1679000000e-01
    250000    50.00000000   8.7990500000e-01
    250000    52.00000000   8.4234400000e-01
    250000    54.00000000   8.0396800000e-01
    250000    56.00000000   7.6468500000e-01
    250000    58.00000000   7.2443700000e-01
    250000    60.00000000   6.8320000000e-01
    250000    62.00000000   6.4098200000e-01
    250000    64.00000000   5.9781400000e-01
    250000    66.00000000   5.5375300000e-01
    250000    68.00000000   5.0887700000e-01
    250000    70.00000000   4.6328500000e-01
    250000    72.00000000   4.1709000000e-01
    250000    74.00000000   3.7042600000e-01
    250000    76.00000000   3.2343700000e-01
    250000    78.00000000   2.7628100000e-01
    250000    80.00000000   2.2912900000e-01
    250000    82.00000000   1.8216100000e-01
    250000    84.00000000   1.3556500000e-01
    250000    86.00000000   8.9537000000e-02
    250000    88.00000000   4.4280000000e-02
    250000    90.00000000   0.0000000000e+00
     50000   -90.00000000  -0.0000000000e+00
     50000   -88.00000000  -4.3692000000e-02
     50000   -86.00000000  -8.7185000000e-02
     50000   -84.00000000  -1.3026700000e-01
     50000   -82.00000000  -1.7272900000e-01
     50000   -80.00000000  -2.1436500000e-01
     50000   -78.00000000  -2.5497100000e-01
     50000   -76.00000000  -2.9435100000e-01
     50000   -74.00000000  -3.3231400000e-01
     50000   -72.00000000  -3.6867500000e-01
     50000   -70.00000000  -4.0325800000e-01
     50000   -68.00000000  -4.3589600000e-01
     50000   -66.00000000  -4.6643100000e-01
     50000   -64.00000000  -4.9471600000e-01
     50000   -62.00000000  -5.2061400000e-01
     50000   -60.00000000  -5.4400100000e-01
     50000   -58.00000000  -5.6476600000e-01
     50000   -56.00000000  -5.8280900000e-01
     50000   -54.00000000  -5.9804500000e-01
     50000   -52.00000000  -6.1040300000e-01
     50000   -50.00000000  -6.1982500000e-01
     50000   -48.00000000  -6.2627000000e-01
     50000   -46.00000000  -6.2971100000e-01
     50000   -44.00000000  -6.3013600000e-01
     50000   -42.00000000  -6.2754800000e-01
     50000   -40.00000000  -6.2196600000e-01
     50000   -38.00000000  -6.1342700000e-01
     50000   -36.00000000  -6.0197900000e-01
     50000   -34.00000000  -5.8769200000e-01
     50000   -32.00000000  -5.7064700000e-01
     50000   -30.00000000  -5.5094400000e-01
     50000   -28.00000000  -5.2870100000e-01
     50000   -26.00000000  -5.0405200000e-01
     50000   -24.00000000  -4.7715300000e-01
     50000   -22.00000000  -4.4818100000e-01
     50000   -20.00000000  -4.1734200000e-01
     50000   -18.00000000  -3.8487600000e-01
     50000   -16.00000000  -3.5107500000e-01
     50000   -14.00000000  -3.1631000000e-01
     50000   -12.00000000  -2.8109300000e-01
     50000   -10.00000000  -2.4620000000e-01
     50000    -8.00000000  -2.1300200000e-01
     50000    -6.00000000  -1.9569500000e-01
     50000    -4.00000000  -1.4340900000e-01
     50000    -2.00000000  -1.0283400000e-01
     50000     0.00000000   1.7980000000e-01
     50000     2.00000000   3.8460000000e-01
     50000     4.00000000   4.6610000000e-01
     50000     6.00000000   4.5340000000e-01
     50000     8.00000000   4.7250000000e-01
     50000    10.00000000   5.9800000000e-01
     50000    12.00000000   6.8190000000e-01
     50000    14.00000000   7.8050000000e-01
     50000    16.00000000   8.4866400000e-01
     50000    18.00000000   9.3557800000e-01
     50000    20.00000000   9.2547900000e-01
     50000    22.00000000   8.9956400000e-01
     50000    24.00000000   8.8073900000e-01
     50000    26.00000000   8.6651800000e-01
     50000    28.00000000   8.5532600000e-01
     50000    30.00000000   8.4598300000e-01
     50000    32.00000000   8.3759100000e-01
     50000    34.00000000   8.2944700000e-01
     50000    36.00000000   8.2100000000e-01
     50000    38.00000000   8.1181300000e-01
     50000    40.00000000   8.0153500000e-01
     50000    42.00000000   7.8988800000e-01
     50000    44.00000000   7.7665200000e-01
     50000    46.00000000   7.6165800000e-01
     50000    48.00000000   7.4477600000e-01
     50000    50.00000000   7.2591400000e-01
     50000    52.00000000   7.0501300000e-01
     50000    54.00000000   6.8204300000e-01
     50000    56.00000000   6.5699800000e-01
     50000    58.00000000   6.2989700000e-01
     50000    60.00000000   6.0078200000e-01
     50000    62.00000000   5.6971300000e-01
     50000    64.00000000   5.3677000000e-01
     50000    66.00000000   5.0205000000e-01
     50000    68.00000000   4.6566600000e-01
     50000    70.00000000   4.2774300000e-01
     50000    72.00000000   3.8842400000e-01
     50000    74.00000000   3.4786000000e-01
     50000    76.00000000   3.0621500000e-01
     50000    78.00000000   2.6366400000e-01
     50000    80.00000000   2.2038700000e-01
     50000    82.00000000   1.7657700000e-01
     50000    84.00000000   1.3242800000e-01
     50000    86.00000000   8.8144000000e-02
     50000    88.00000000   4.3932000000e-02
     50000    90.00000000   0.0000000000e+00
    100000   -90.00000000  -0.0000000000e+00
    100000   -88.00000000  -4.3695000000e-02
    100000   -86.00000000  -8.7198000000e-02
    100000   -84.00000000  -1.3029700000e-01
    100000   -82.00000000  -1.7278200000e-01
    100000   -80.00000000  -2.1444700000e-01
    100000   -78.00000000  -2.5509000000e-01
    100000   -76.00000000  -2.9451300000e-01
    100000   -74.00000000  -3.3252500000e-01
    100000   -72.00000000  -3.6894300000e-01
    100000   -70.00000000  -4.0359100000e-01
    100000   -68.00000000  -4.3630100000e-01
    100000   -66.00000000  -4.6691500000e-01
    100000   -64.00000000  -4.9528800000e-01
    100000   -62.00000000  -5.2128200000e-01
    100000   -60.00000000  -5.4477400000e-01
    100000   -58.00000000  -5.6565200000e-01
    100000   -56.00000000  -5.8381800000e-01
    100000   -54.00000000  -5.9918700000e-01
    100000   -52.00000000  -6.1168900000e-01
    100000   -50.00000000  -6.2126800000e-01
    100000   -48.00000000  -6.2788200000e-01
    100000   -46.00000000  -6.3150600000e-01
    100000   -44.00000000  -6.3212900000e-01
    100000   -42.00000000  -6.2975600000e-01
    100000   -40.00000000  -6.2440900000e-01
    100000   -38.00000000  -6.1612500000e-01
    100000   -36.00000000  -6.0495800000e-01
    100000   -34.00000000  -5.9098000000e-01
    100000   -32.00000000  -5.7427700000e-01
    100000   -30.00000000  -5.5495700000e-01
    100000   -28.00000000  -5.3314300000e-01
    100000   -26.00000000  -5.0898200000e-01
    100000   -24.00000000  -4.8264300000e-01
    100000   -22.00000000  -4.5432100000e-01
    100000   -20.00000000  -4.2424900000e-01
    100000   -18.00000000  -3.9270700000e-01
    100000   -16.00000000  -3.6004300000e-01
    100000   -14.00000000  -3.2672200000e-01
    100000   -12.00000000  -2.9340500000e-01
    100000   -10.00000000  -2.6114300000e-01
    100000    -8.00000000  -2.2980700000e-01
    100000    -6.00000000  -1.9575800000e-01
    100000    -4.00000000  -3.7673000000e-02
    100000    -2.00000000   3.4530000000e-01
    100000     0.00000000   6.4220000000e-01
    100000     2.00000000   8.5840000000e-01
    100000     4.00000000   1.0287000000e+00
    100000     6.00000000   1.2168000000e+00
    100000     8.00000000   1.3803000000e+00
    100000    10.00000000   1.4983620000e+00
    100000    12.00000000   1.5942230000e+00
    100000    14.00000000   1.4082310000e+00
    100000    16.00000000   1.3457810000e+00
    100000    18.00000000   1.2533960000e+00
    100000    20.00000000   1.1834140000e+00
    100000    22.00000000   1.1291170000e+00
    100000    24.00000000   1.0859840000e+00
    100000    26.00000000   1.0508520000e+00
    100000    28.00000000   1.0214320000e+00
    100000    30.00000000   9.9602700000e-01
    100000    32.00000000   9.7334600000e-01
    100000    34.00000000   9.5239200000e-01
    100000    36.00000000   9.3238400000e-01
    100000    38.00000000   9.1270300000e-01
    100000    40.00000000   8.9285500000e-01
    100000    42.00000000   8.7244600000e-01
    100000    44.00000000   8.5116400000e-01
    100000    46.00000000   8.2875900000e-01
    100000    48.00000000   8.0504200000e-01
    100000    50.00000000   7.7986600000e-01
    100000    52.00000000   7.5312800000e-01
    100000    54.00000000   7.2476000000e-01
    100000    56.00000000   6.9472700000e-01
    100000    58.00000000   6.6301900000e-01
    100000    60.00000000   6.2965700000e-01
    100000    62.00000000   5.9468200000e-01
    100000    64.00000000   5.5815700000e-01
    100000    66.00000000   5.2016500000e-01
    100000    68.00000000   4.8080500000e-01
    100000    70.00000000   4.4019500000e-01
    100000    72.00000000   3.9846700000e-01
    100000    74.00000000   3.5576600000e-01
    100000    76.00000000   3.1224900000e-01
    100000    78.00000000   2.6808400000e-01
    100000    80.00000000   2.2345000000e-01
    100000    82.00000000   1.7853300000e-01
    100000    84.00000000   1.3352700000e-01
    100000    86.00000000   8.8632000000e-02
    100000    88.00000000   4.4053000000e-02
    100000    90.00000000   0.0000000000e+00
    150000   -90.00000000  -0.0000000000e+00
    150000   -88.00000000  -4.3718000000e-02
    150000   -86.00000000  -8.7288000000e-02
    150000   -84.00000000  -1.3050100000e-01
    150000   -82.00000000  -1.7314500000e-01
    150000   -80.00000000  -2.1501500000e-01
    150000   -78.00000000  -2.5591000000e-01
    150000   -76.00000000  -2.9563200000e-01
    150000   -74.00000000  -3.3399300000e-01
    150000   -72.00000000  -3.7080700000e-01
    150000   -70.00000000  -4.0590200000e-01
    150000   -68.00000000  -4.3911100000e-01
    150000   -66.00000000  -4.7027700000e-01
    150000   -64.00000000  -4.9925700000e-01
    150000   -62.00000000  -5.2591600000e-01
    150000   -60.00000000  -5.5013300000e-01
    150000   -58.00000000  -5.7179900000e-01
    150000   -56.00000000  -5.9082000000e-01
    150000   -54.00000000  -6.0711500000e-01
    150000   -52.00000000  -6.2061900000e-01
    150000   -50.00000000  -6.3128100000e-01
    150000   -48.00000000  -6.3906700000e-01
    150000   -46.00000000  -6.4396000000e-01
    150000   -44.00000000  -6.4595700000e-01
    150000   -42.00000000  -6.4507800000e-01
    150000   -40.00000000  -6.4135700000e-01
    150000   -38.00000000  -6.3484900000e-01
    150000   -36.00000000  -6.2563000000e-01
    150000   -34.00000000  -6.1379700000e-01
    150000   -32.00000000  -5.9947200000e-01
    150000   -30.00000000  -5.8280400000e-01
    150000   -28.00000000  -5.6397100000e-01
    150000   -26.00000000  -5.4319300000e-01
    150000   -24.00000000  -5.2073400000e-01
    150000   -22.00000000  -4.9692400000e-01
    150000   -20.00000000  -4.7217900000e-01
    150000   -18.00000000  -4.4704600000e-01
    150000   -16.00000000  -4.2227700000e-01
    150000   -14.00000000  -3.9896900000e-01
    150000   -12.00000000  -3.7883500000e-01
    150000   -10.00000000  -3.6459300000e-01
    150000    -8.00000000  -3.6542200000e-01
    150000    -6.00000000  -2.0188700000e-01
    150000    -4.00000000   1.4860000000e-01
    150000    -2.00000000   4.5060000000e-01
    150000     0.00000000   6.6760000000e-01
    150000     2.00000000   8.5950000000e-01
    150000     4.00000000   1.0312000000e+00
    150000     6.00000000   1.1919000000e+00
    150000     8.00000000   1.3480000000e+00
    150000    10.00000000   1.4733000000e+00
    150000    12.00000000   1.5729000000e+00
    150000    14.00000000   1.6552000000e+00
    150000    16.00000000   1.7090130000e+00
    150000    18.00000000   1.6287430000e+00
    150000    20.00000000   1.5318740000e+00
    150000    22.00000000   1.4415560000e+00
    150000    24.00000000   1.3653380000e+00
    150000    26.00000000   1.3017440000e+00
    150000    28.00000000   1.2475160000e+00
    150000    30.00000000   1.2002480000e+00
    150000    32.00000000   1.1581190000e+00
    150000    34.00000000   1.1197300000e+00
    150000    36.00000000   1.0839860000e+00
    150000    38.00000000   1.0500220000e+00
    150000    40.00000000   1.0171480000e+00
    150000    42.00000000   9.8481500000e-01
    150000    44.00000000   9.5257900000e-01
    150000    46.00000000   9.2009000000e-01
    150000    48.00000000   8.8706900000e-01
    150000    50.00000000   8.5329900000e-01
    150000    52.00000000   8.1861600000e-01
    150000    54.00000000   7.8290200000e-01
    150000    56.00000000   7.4607900000e-01
    150000    58.00000000   7.0810200000e-01
    150000    60.00000000   6.6896000000e-01
    150000    62.00000000   6.2866800000e-01
    150000    64.00000000   5.8726600000e-01
    150000    66.00000000   5.4481900000e-01
    150000    68.00000000   5.0141100000e-01
    150000    70.00000000   4.5714400000e-01
    150000    72.00000000   4.1213700000e-01
    150000    74.00000000   3.6652700000e-01
    150000    76.00000000   3.2046100000e-01
    150000    78.00000000   2.7410100000e-01
    150000    80.00000000   2.2761900000e-01
    150000    82.00000000   1.8119600000e-01
    150000    84.00000000   1.3502300000e-01
    150000    86.00000000   8.9296000000e-02
    150000    88.00000000   4.4219000000e-02
    150000    90.00000000   0.0000000000e+00
    200000   -90.00000000  -0.0000000000e+00
    200000   -88.00000000  -4.3810000000e-02
    200000   -86.00000000  -8.7657000000e-02
    200000   -84.00000000  -1.3133200000e-01
    200000   -82.00000000  -1.7462400000e-01
    200000   -80.00000000  -2.1733100000e-01
    200000   -78.00000000  -2.5925300000e-01
    200000   -76.00000000  -3.0019500000e-01
    200000   -74.00000000  -3.3997100000e-01
    200000   -72.00000000  -3.7840200000e-01
    200000   -70.00000000  -4.1531800000e-01
    200000   -68.00000000  -4.5055900000e-01
    200000   -66.00000000  -4.8397500000e-01
    200000   -64.00000000  -5.1543000000e-01
    200000   -62.00000000  -5.4479800000e-01
    200000   -60.00000000  -5.7196900000e-01
    200000   -58.00000000  -5.9684700000e-01
    200000   -56.00000000  -6.1935100000e-01
    200000   -54.00000000  -6.3941900000e-01
    200000   -52.00000000  -6.5700400000e-01
    200000   -50.00000000  -6.7208000000e-01
    200000   -48.00000000  -6.8464100000e-01
    200000   -46.00000000  -6.9470200000e-01
    200000   -44.00000000  -7.0230300000e-01
    200000   -42.00000000  -7.0750900000e-01
    200000   -40.00000000  -7.1041400000e-01
    200000   -38.00000000  -7.1114300000e-01
    200000   -36.00000000  -7.0985900000e-01
    200000   -34.00000000  -7.0677000000e-01
    200000   -32.00000000  -7.0213100000e-01
    200000   -30.00000000  -6.9626700000e-01
    200000   -28.00000000  -6.8958200000e-01
    200000   -26.00000000  -6.8258700000e-01
    200000   -24.00000000  -6.7594200000e-01
    200000   -22.00000000  -6.7051300000e-01
    200000   -20.00000000  -6.6747100000e-01
    200000   -18.00000000  -6.6845500000e-01
    200000   -16.00000000  -6.7585500000e-01
    200000   -14.00000000  -6.9334200000e-01
    200000   -12.00000000  -6.7865400000e-01
    200000   -10.00000000  -6.8189300000e-01
    200000    -8.00000000  -3.8670000000e-01
    200000    -6.00000000  -9.3300000000e-02
    200000    -4.00000000   2.1220000000e-01
    200000    -2.00000000   4.6520000000e-01
    200000     0.00000000   6.6110000000e-01
    200000     2.00000000   8.3860000000e-01
    200000     4.00000000   1.0180000000e+00
    200000     6.00000000   1.1636000000e+00
    200000     8.00000000   1.3157000000e+00
    200000    10.00000000   1.4425000000e+00
    200000    12.00000000   1.5491000000e+00
    200000    14.00000000   1.6582910000e+00
    200000    16.00000000   1.6184320000e+00
    200000    18.00000000   1.4782420000e+00
    200000    20.00000000   1.3809310000e+00
    200000    22.00000000   1.3046830000e+00
    200000    24.00000000   1.2429600000e+00
    200000    26.00000000   1.1918340000e+00
    200000    28.00000000   1.1484740000e+00
    200000    30.00000000   1.1107830000e+00
    200000    32.00000000   1.0771740000e+00
    200000    34.00000000   1.0464230000e+00
    200000    36.00000000   1.0175730000e+00
    200000    38.00000000   9.8986500000e-01
    200000    40.00000000   9.6269800000e-01
    200000    42.00000000   9.3558900000e-01
    200000    44.00000000   9.0815100000e-01
    200000    46.00000000   8.8008000000e-01
    200000    48.00000000   8.5113500000e-01
    200000    50.00000000   8.2113000000e-01
    200000    52.00000000   7.8992700000e-01
    200000    54.00000000   7.5743100000e-01
    200000    56.00000000   7.2358200000e-01
    200000    58.00000000   6.8835200000e-01
    200000    60.00000000   6.5174200000e-01
    200000    62.00000000   6.1377900000e-01
    200000    64.00000000   5.7451400000e-01
    200000    66.00000000   5.3401900000e-01
    200000    68.00000000   4.9238400000e-01
    200000    70.00000000   4.4971900000e-01
    200000    72.00000000   4.0614900000e-01
    200000    74.00000000   3.6181300000e-01
    200000    76.00000000   3.1686400000e-01
    200000    78.00000000   2.7146500000e-01
    200000    80.00000000   2.2579300000e-01
    200000    82.00000000   1.8003000000e-01
    200000    84.00000000   1.3436800000e-01
    200000    86.00000000   8.9005000000e-02
    200000    88.00000000   4.4147000000e-02
    200000    90.00000000   0.0000000000e+00
    250000   -90.00000000  -0.0000000000e+00
    250000   -88.00000000  -4.3846000000e-02
    250000   -86.00000000  -8.7801000000e-02
    250000   -84.00000000  -1.3165600000e-01
    250000   -82.00000000  -1.7520100000e-01
    250000   -80.00000000  -2.1823400000e-01
    250000   -78.00000000  -2.6055600000e-01
    250000   -76.00000000  -3.0197400000e-01
    250000   -74.00000000  -3.4230200000e-01
    250000   -72.00000000  -3.8136400000e-01
    250000   -70.00000000  -4.1899000000e-01
    250000   -68.00000000  -4.5502300000e-01
    250000   -66.00000000  -4.8931700000e-01
    250000   -64.00000000  -5.2173600000e-01
    250000   -62.00000000  -5.5216000000e-01
    250000   -60.00000000  -5.8048300000e-01
    250000   -58.00000000  -6.0661300000e-01
    250000   -56.00000000  -6.3047600000e-01
    250000   -54.00000000  -6.5201400000e-01
    250000   -52.00000000  -6.7119100000e-01
    250000   -50.00000000  -6.8798800000e-01
    250000   -48.00000000  -7.0241100000e-01
    250000   -46.00000000  -7.1448800000e-01
    250000   -44.00000000  -7.2427400000e-01
    250000   -42.00000000  -7.3185200000e-01
    250000   -40.00000000  -7.3734000000e-01
    250000   -38.00000000  -7.4089100000e-01
    250000   -36.00000000  -7.4270200000e-01
    250000   -34.00000000  -7.4302100000e-01
    250000   -32.00000000  -7.4216000000e-01
    250000   -30.00000000  -7.4050900000e-01
    250000   -28.00000000  -7.3856000000e-01
    250000   -26.00000000  -7.3693900000e-01
    250000   -24.00000000  -7.3646000000e-01
    250000   -22.00000000  -7.3819800000e-01
    250000   -20.00000000  -7.4361900000e-01
    250000   -18.00000000  -7.5478600000e-01
    250000   -16.00000000  -7.7472900000e-01
    250000   -14.00000000  -7.6149400000e-01
    250000   -12.00000000  -8.7061000000e-01
    250000   -10.00000000  -6.2756800000e-01
    250000    -8.00000000  -3.4280000000e-01
    250000    -6.00000000  -4.4800000000e-02
    250000    -4.00000000   2.4250000000e-01
    250000    -2.00000000   4.6320000000e-01
    250000     0.00000000   6.4820000000e-01
    250000     2.00000000   8.2780000000e-01
    250000     4.00000000   1.0091000000e+00
    250000     6.00000000   1.1538000000e+00
    250000     8.00000000   1.3072000000e+00
    250000    10.00000000   1.4333000000e+00
    250000    12.00000000   1.5349000000e+00
    250000    14.00000000   1.6163000000e+00
    250000    16.00000000   1.6315000000e+00
    250000    18.00000000   1.6580560000e+00
    250000    20.00000000   1.6256210000e+00
    250000    22.00000000   1.5160330000e+00
    250000    24.00000000   1.4296720000e+00
    250000    26.00000000   1.3595230000e+00
    250000    28.00000000   1.2995810000e+00
    250000    30.00000000   1.2472780000e+00
    250000    32.00000000   1.2006720000e+00
    250000    34.00000000   1.1582670000e+00
    250000    36.00000000   1.1188990000e+00
    250000    38.00000000   1.0816450000e+00
    250000    40.00000000   1.0457720000e+00
    250000    42.00000000   1.0106920000e+00
    250000    44.00000000   9.7593500000e-01
    250000    46.00000000   9.4112300000e-01
    250000    48.00000000   9.0595900000e-01
    250000    50.00000000   8.7021000000e-01
    250000    52.00000000   8.3369700000e-01
    250000    54.00000000   7.9629200000e-01
    250000    56.00000000   7.5790500000e-01
    250000    58.00000000   7.1848400000e-01
    250000    60.00000000   6.7801100000e-01
    250000    62.00000000   6.3649400000e-01
    250000    64.00000000   5.9397000000e-01
    250000    66.00000000   5.5049700000e-01
    250000    68.00000000   5.0615600000e-01
    250000    70.00000000   4.6104700000e-01
    250000    72.00000000   4.1528500000e-01
    250000    74.00000000   3.6900500000e-01
    250000    76.00000000   3.2235200000e-01
    250000    78.00000000   2.7548700000e-01
    250000    80.00000000   2.2857900000e-01
    250000    82.00000000   1.8180900000e-01
    250000    84.00000000   1.3536700000e-01
    250000    86.00000000   8.9449000000e-02
    250000    88.00000000   4.4258000000e-02
    250000    90.00000000   0.0000000000e+00
     50000   -90.00000000  -0.0000000000e+00
     50000   -88.00000000  -4.3702000000e-02
     50000   -86.00000000  -8.7227000000e-02
     50000   -84.00000000  -1.3036300000e-01
     50000   -82.00000000  -1.7289900000e-01
     50000   -80.00000000  -2.1463100000e-01
     50000   -78.00000000  -2.5535500000e-01
     50000   -76.00000000  -2.9487500000e-01
     50000   -74.00000000  -3.3300000000e-01
     50000   -72.00000000  -3.6954600000e-01
     50000   -70.00000000  -4.0433800000e-01
     50000   -68.00000000  -4.3720900000e-01
     50000   -66.00000000  -4.6800200000e-01
     50000   -64.00000000  -4.9657100000e-01
     50000   -62.00000000  -5.2278000000e-01
     50000   -60.00000000  -5.4650600000e-01
     50000   -58.00000000  -5.6763900000e-01
     50000   -56.00000000  -5.8608100000e-01
     50000   -54.00000000  -6.0175000000e-01
     50000   -52.00000000  -6.1457600000e-01
     50000   -50.00000000  -6.2450500000e-01
     50000   -48.00000000  -6.3149800000e-01
     50000   -46.00000000  -6.3553200000e-01
     50000   -44.00000000  -6.3659900000e-01
     50000   -42.00000000  -6.3470900000e-01
     50000   -40.00000000  -6.2988800000e-01
     50000   -38.00000000  -6.2217800000e-01
     50000   -36.00000000  -6.1164100000e-01
     50000   -34.00000000  -5.9835600000e-01
     50000   -32.00000000  -5.8242200000e-01
     50000   -30.00000000  -5.6395900000e-01
     50000   -28.00000000  -5.4310900000e-01
     50000   -26.00000000  -5.2004100000e-01
     50000   -24.00000000  -4.9495600000e-01
     50000   -22.00000000  -4.6809300000e-01
     50000   -20.00000000  -4.3974300000e-01
     50000   -18.00000000  -4.1027300000e-01
     50000   -16.00000000  -3.8016100000e-01
     50000   -14.00000000  -3.5007700000e-01
     50000   -12.00000000  -3.2102100000e-01
     50000   -10.00000000  -2.9466000000e-01
     50000    -8.00000000  -2.7413800000e-01
     50000    -6.00000000  -2.7105300000e-01
     50000    -4.00000000  -2.9270000000e-01
     50000    -2.00000000  -8.9891000000e-02
     50000     0.00000000   2.2350000000e-01
     50000     2.00000000   4.3560000000e-01
     50000     4.00000000   5.7160000000e-01
     50000     6.00000000   6.1570000000e-01
     50000     8.00000000   6.1520000000e-01
     50000    10.00000000   6.5740000000e-01
     50000    12.00000000   7.2610000000e-01
     50000    14.00000000   8.1670000000e-01
     50000    16.00000000   8.7745300000e-01
     50000    18.00000000   9.8875200000e-01
     50000    20.00000000   9.8384200000e-01
     50000    22.00000000   9.6355700000e-01
     50000    24.00000000   9.3795600000e-01
     50000    26.00000000   9.1790500000e-01
     50000    28.00000000   9.0163200000e-01
     50000    30.00000000   8.8781100000e-01
     50000    32.00000000   8.7543500000e-01
     50000    34.00000000   8.6372000000e-01
     50000    36.00000000   8.5205100000e-01
     50000    38.00000000   8.3993800000e-01
     50000    40.00000000   8.2699200000e-01
     50000    42.00000000   8.1290300000e-01
     50000    44.00000000   7.9742400000e-01
     50000    46.00000000   7.8036400000e-01
     50000    48.00000000   7.6157600000e-01
     50000    50.00000000   7.4095400000e-01
     50000    52.00000000   7.1842600000e-01
     50000    54.00000000   6.9395100000e-01
     50000    56.00000000   6.6751500000e-01
     50000    58.00000000   6.3913100000e-01
     50000    60.00000000   6.0883100000e-01
     50000    62.00000000   5.7667400000e-01
     50000    64.00000000   5.4273200000e-01
     50000    66.00000000   5.0710000000e-01
     50000    68.00000000   4.6988600000e-01
     50000    70.00000000   4.3121500000e-01
     50000    72.00000000   3.9122400000e-01
     50000    74.00000000   3.5006400000e-01
     50000    76.00000000   3.0789700000e-01
     50000    78.00000000   2.6489600000e-01
     50000    80.00000000   2.2124100000e-01
     50000    82.00000000   1.7712200000e-01
     50000    84.00000000   1.3273500000e-01
     50000    86.00000000   8.8280000000e-02
     50000    88.00000000   4.3966000000e-02
     50000    90.00000000   0.0000000000e+00
    100000   -90.00000000  -0.0000000000e+00
    100000   -88.00000000  -4.3705000000e-02
    100000   -86.00000000  -8.7237000000e-02
    100000   -84.00000000  -1.3038500000e-01
    100000   -82.00000000  -1.7293900000e-01
    100000   -80.00000000  -2.1469300000e-01
    100000   -78.00000000  -2.5544400000e-01
    100000   -76.00000000  -2.9499700000e-01
    100000   -74.00000000  -3.3316000000e-01
    100000   -72.00000000  -3.6974900000e-01
    100000   -70.00000000  -4.0459000000e-01
    100000   -68.00000000  -4.3751600000e-01
    100000   -66.00000000  -4.6836900000e-01
    100000   -64.00000000  -4.9700400000e-01
    100000   -62.00000000  -5.2328500000e-01
    100000   -60.00000000  -5.4709100000e-01
    100000   -58.00000000  -5.6831000000e-01
    100000   -56.00000000  -5.8684500000e-01
    100000   -54.00000000  -6.0261500000e-01
    100000   -52.00000000  -6.1555000000e-01
    100000   -50.00000000  -6.2559700000e-01
    100000   -48.00000000  -6.3271800000e-01
    100000   -46.00000000  -6.3689000000e-01
    100000   -44.00000000  -6.3810800000e-01
    100000   -42.00000000  -6.3638000000e-01
    100000   -40.00000000  -6.3173600000e-01
    100000   -38.00000000  -6.2422000000e-01
    100000   -36.00000000  -6.1389600000e-01
    100000   -34.00000000  -6.0084500000e-01
    100000   -32.00000000  -5.8517100000e-01
    100000   -30.00000000  -5.6699700000e-01
    100000   -28.00000000  -5.4647200000e-01
    100000   -26.00000000  -5.2377300000e-01
    100000   -24.00000000  -4.9911200000e-01
    100000   -22.00000000  -4.7274100000e-01
    100000   -20.00000000  -4.4497200000e-01
    100000   -18.00000000  -4.1620000000e-01
    100000   -16.00000000  -3.8695000000e-01
    100000   -14.00000000  -3.5795800000e-01
    100000   -12.00000000  -3.3034100000e-01
    100000   -10.00000000  -3.0597100000e-01
    100000    -8.00000000  -2.8486700000e-01
    100000    -6.00000000  -2.8570000000e-01
    100000    -4.00000000  -4.1970000000e-02
    100000    -2.00000000   2.8640000000e-01
    100000     0.00000000   6.3130000000e-01
    100000     2.00000000   8.6240000000e-01
    100000     4.00000000   1.0463000000e+00
    100000     6.00000000   1.2401000000e+00
    100000     8.00000000   1.4093000000e+00
    100000    10.00000000   1.5393000000e+00
    100000    12.00000000   1.6327720000e+00
    100000    14.00000000   1.6795850000e+00
    100000    16.00000000   1.5371690000e+00
    100000    18.00000000   1.4528880000e+00
    100000    20.00000000   1.3593740000e+00
    100000    22.00000000   1.2855220000e+00
    100000    24.00000000   1.2258270000e+00
    100000    26.00000000   1.1764470000e+00
    100000    28.00000000   1.1346080000e+00
    100000    30.00000000   1.0982590000e+00
    100000    32.00000000   1.0658420000e+00
    100000    34.00000000   1.0361610000e+00
    100000    36.00000000   1.0082750000e+00
    100000    38.00000000   9.8144400000e-01
    100000    40.00000000   9.5507500000e-01
    100000    42.00000000   9.2869700000e-01
    100000    44.00000000   9.0193200000e-01
    100000    46.00000000   8.7447900000e-01
    100000    48.00000000   8.4610400000e-01
    100000    50.00000000   8.1662600000e-01
    100000    52.00000000   7.8591100000e-01
    100000    54.00000000   7.5386600000e-01
    100000    56.00000000   7.2043300000e-01
    100000    58.00000000   6.8558700000e-01
    100000    60.00000000   6.4933200000e-01
    100000    62.00000000   6.1169500000e-01
    100000    64.00000000   5.7272900000e-01
    100000    66.00000000   5.3250700000e-01
    100000    68.00000000   4.9112000000e-01
    100000    70.00000000   4.4868000000e-01
    100000    72.00000000   4.0531000000e-01
    100000    74.00000000   3.6115300000e-01
    100000    76.00000000   3.1636000000e-01
    100000    78.00000000   2.7109600000e-01
    100000    80.00000000   2.2553700000e-01
    100000    82.00000000   1.7986600000e-01
    100000    84.00000000   1.3427600000e-01
    100000    86.00000000   8.8965000000e-02
    100000    88.00000000   4.4137000000e-02
    100000    90.00000000   0.0000000000e+00
    150000   -90.00000000  -0.0000000000e+00
    150000   -88.00000000  -4.3727000000e-02
    150000   -86.00000000  -8.7324000000e-02
    150000   -84.00000000  -1.3058200000e-01
    150000   -82.00000000  -1.7328900000e-01
    150000   -80.00000000  -2.1524100000e-01
    150000   -78.00000000  -2.5623600000e-01
    150000   -76.00000000  -2.9607700000e-01
    150000   -74.00000000  -3.3457500000e-01
    150000   -72.00000000  -3.7154700000e-01
    150000   -70.00000000  -4.0681900000e-01
    150000   -68.00000000  -4.4022600000e-01
    150000   -66.00000000  -4.7161200000e-01
    150000   -64.00000000  -5.0083300000e-01
    150000   -62.00000000  -5.2775500000e-01
    150000   -60.00000000  -5.5226000000e-01
    150000   -58.00000000  -5.7423900000e-01
    150000   -56.00000000  -5.9360000000e-01
    150000   -54.00000000  -6.1026300000e-01
    150000   -52.00000000  -6.2416400000e-01
    150000   -50.00000000  -6.3525600000e-01
    150000   -48.00000000  -6.4350700000e-01
    150000   -46.00000000  -6.4890300000e-01
    150000   -44.00000000  -6.5144700000e-01
    150000   -42.00000000  -6.5116100000e-01
    150000   -40.00000000  -6.4808500000e-01
    150000   -38.00000000  -6.4228200000e-01
    150000   -36.00000000  -6.3383700000e-01
    150000   -34.00000000  -6.2285600000e-01
    150000   -32.00000000  -6.0947400000e-01
    150000   -30.00000000  -5.9385800000e-01
    150000   -28.00000000  -5.7620900000e-01
    150000   -26.00000000  -5.5677400000e-01
    150000   -24.00000000  -5.3585600000e-01
    150000   -22.00000000  -5.1383600000e-01
    150000   -20.00000000  -4.9120600000e-01
    150000   -18.00000000  -4.6861800000e-01
    150000   -16.00000000  -4.4698300000e-01
    150000   -14.00000000  -4.2764900000e-01
    150000   -12.00000000  -4.1275000000e-01
    150000   -10.00000000  -4.0331700000e-01
    150000    -8.00000000  -4.0191700000e-01
    150000    -6.00000000  -2.3674500000e-01
    150000    -4.00000000   1.0150000000e-01
    150000    -2.00000000   4.3850000000e-01
    150000     0.00000000   6.8310000000e-01
    150000     2.00000000   8.8100000000e-01
    150000     4.00000000   1.0393000000e+00
    150000     6.00000000   1.2228000000e+00
    150000     8.00000000   1.3788000000e+00
    150000    10.00000000   1.5025000000e+00
    150000    12.00000000   1.6372060000e+00
    150000    14.00000000   1.6260510000e+00
    150000    16.00000000   1.4696140000e+00
    150000    18.00000000   1.3587560000e+00
    150000    20.00000000   1.2763460000e+00
    150000    22.00000000   1.2117210000e+00
    150000    24.00000000   1.1598410000e+00
    150000    26.00000000   1.1171840000e+00
    150000    28.00000000   1.0812050000e+00
    150000    30.00000000   1.0500200000e+00
    150000    32.00000000   1.0221970000e+00
    150000    34.00000000   9.9663400000e-01
    150000    36.00000000   9.7246500000e-01
    150000    38.00000000   9.4900800000e-01
    150000    40.00000000   9.2571600000e-01
    150000    42.00000000   9.0215500000e-01
    150000    44.00000000   8.7797600000e-01
    150000    46.00000000   8.5290600000e-01
    150000    48.00000000   8.2672900000e-01
    150000    50.00000000   7.9928100000e-01
    150000    52.00000000   7.7044200000e-01
    150000    54.00000000   7.4013200000e-01
    150000    56.00000000   7.0830300000e-01
    150000    58.00000000   6.7493900000e-01
    150000    60.00000000   6.4004800000e-01
    150000    62.00000000   6.0366800000e-01
    150000    64.00000000   5.6585300000e-01
    150000    66.00000000   5.2668300000e-01
    150000    68.00000000   4.8625300000e-01
    150000    70.00000000   4.4467600000e-01
    150000    72.00000000   4.0208200000e-01
    150000    74.00000000   3.5861100000e-01
    150000    76.00000000   3.1442000000e-01
    150000    78.00000000   2.6967500000e-01
    150000    80.00000000   2.2455200000e-01
    150000    82.00000000   1.7923700000e-01
    150000    84.00000000   1.3392300000e-01
    150000    86.00000000   8.8808000000e-02
    150000    88.00000000   4.4097000000e-02
    150000    90.00000000   0.0000000000e+00
    200000   -90.00000000  -0.0000000000e+00
    200000   -88.00000000  -4.3767000000e-02
    200000   -86.00000000  -8.7485000000e-02
    200000   -84.00000000  -1.3094400000e-01
    200000   -82.00000000  -1.7393400000e-01
    200000   -80.00000000  -2.1625100000e-01
    200000   -78.00000000  -2.5769300000e-01
    200000   -76.00000000  -2.9806700000e-01
    200000   -74.00000000  -3.3718200000e-01
    200000   -72.00000000  -3.7485900000e-01
    200000   -70.00000000  -4.1092600000e-01
    200000   -68.00000000  -4.4521800000e-01
    200000   -66.00000000  -4.7758500000e-01
    200000   -64.00000000  -5.0788500000e-01
    200000   -62.00000000  -5.3598900000e-01
    200000   -60.00000000  -5.6178200000e-01
    200000   -58.00000000  -5.8516200000e-01
    200000   -56.00000000  -6.0604200000e-01
    200000   -54.00000000  -6.2434900000e-01
    200000   -52.00000000  -6.4003100000e-01
    200000   -50.00000000  -6.5304800000e-01
    200000   -48.00000000  -6.6338100000e-01
    200000   -46.00000000  -6.7103100000e-01
    200000   -44.00000000  -6.7601800000e-01
    200000   -42.00000000  -6.7838600000e-01
    200000   -40.00000000  -6.7819900000e-01
    200000   -38.00000000  -6.7555200000e-01
    200000   -36.00000000  -6.7056700000e-01
    200000   -34.00000000  -6.6339900000e-01
    200000   -32.00000000  -6.5424200000e-01
    200000   -30.00000000  -6.4333700000e-01
    200000   -28.00000000  -6.3098500000e-01
    200000   -26.00000000  -6.1756100000e-01
    200000   -24.00000000  -6.0353900000e-01
    200000   -22.00000000  -5.8953500000e-01
    200000   -20.00000000  -5.7636900000e-01
    200000   -18.00000000  -5.6516900000e-01
    200000   -16.00000000  -5.5756300000e-01
    200000   -14.00000000  -5.5601900000e-01
    200000   -12.00000000  -5.6002900000e-01
    200000   -10.00000000  -6.0717700000e-01
    200000    -8.00000000  -4.5985800000e-01
    200000    -6.00000000  -1.2490000000e-01
    200000    -4.00000000   1.8170000000e-01
    200000    -2.00000000   4.7550000000e-01
    200000     0.00000000   6.8730000000e-01
    200000     2.00000000   8.7360000000e-01
    200000     4.00000000   1.0286000000e+00
    200000     6.00000000   1.2023000000e+00
    200000     8.00000000   1.3538000000e+00
    200000    10.00000000   1.4777000000e+00
    200000    12.00000000   1.5749000000e+00
    200000    14.00000000   1.6143780000e+00
    200000    16.00000000   1.6456870000e+00
    200000    18.00000000   1.5661190000e+00
    200000    20.00000000   1.4451470000e+00
    200000    22.00000000   1.3617620000e+00
    200000    24.00000000   1.2939940000e+00
    200000    26.00000000   1.2376690000e+00
    200000    28.00000000   1.1897760000e+00
    200000    30.00000000   1.1480920000e+00
    200000    32.00000000   1.1109300000e+00
    200000    34.00000000   1.0769940000e+00
    200000    36.00000000   1.0452690000e+00
    200000    38.00000000   1.0149520000e+00
    200000    40.00000000   9.8540500000e-01
    200000    42.00000000   9.5611700000e-01
    200000    44.00000000   9.2667900000e-01
    200000    46.00000000   8.9676500000e-01
    200000    48.00000000   8.6612000000e-01
    200000    50.00000000   8.3454500000e-01
    200000    52.00000000   8.0189100000e-01
    200000    54.00000000   7.6805300000e-01
    200000    56.00000000   7.3296400000e-01
    200000    58.00000000   6.9658800000e-01
    200000    60.00000000   6.5892200000e-01
    200000    62.00000000   6.1998800000e-01
    200000    64.00000000   5.7983200000e-01
    200000    66.00000000   5.3852300000e-01
    200000    68.00000000   4.9614800000e-01
    200000    70.00000000   4.5281500000e-01
    200000    72.00000000   4.0864600000e-01
    200000    74.00000000   3.6377900000e-01
    200000    76.00000000   3.1836400000e-01
    200000    78.00000000   2.7256400000e-01
    200000    80.00000000   2.2655400000e-01
    200000    82.00000000   1.8051600000e-01
    200000    84.00000000   1.3464100000e-01
    200000    86.00000000   8.9127000000e-02
    200000    88.00000000   4.4177000000e-02
    200000    90.00000000   0.0000000000e+00
    250000   -90.00000000  -0.0000000000e+00
    250000   -88.00000000  -4.3755000000e-02
    250000   -86.00000000  -8.7436000000e-02
    250000   -84.00000000  -1.3083200000e-01
    250000   -82.00000000  -1.7373600000e-01
    250000   -80.00000000  -2.1594000000e-01
    250000   -78.00000000  -2.5724500000e-01
    250000   -76.00000000  -2.9745500000e-01
    250000   -74.00000000  -3.3638000000e-01
    250000   -72.00000000  -3.7384100000e-01
    250000   -70.00000000  -4.0966300000e-01
    250000   -68.00000000  -4.4368300000e-01
    250000   -66.00000000  -4.7574800000e-01
    250000   -64.00000000  -5.0571600000e-01
    250000   -62.00000000  -5.3345700000e-01
    250000   -60.00000000  -5.5885300000e-01
    250000   -58.00000000  -5.8180200000e-01
    250000   -56.00000000  -6.0221500000e-01
    250000   -54.00000000  -6.2001600000e-01
    250000   -52.00000000  -6.3515000000e-01
    250000   -50.00000000  -6.4757500000e-01
    250000   -48.00000000  -6.5726800000e-01
    250000   -46.00000000  -6.6422500000e-01
    250000   -44.00000000  -6.6846000000e-01
    250000   -42.00000000  -6.7001100000e-01
    250000   -40.00000000  -6.6893600000e-01
    250000   -38.00000000  -6.6531900000e-01
    250000   -36.00000000  -6.5926900000e-01
    250000   -34.00000000  -6.5092800000e-01
    250000   -32.00000000  -6.4047200000e-01
    250000   -30.00000000  -6.2811800000e-01
    250000   -28.00000000  -6.1413700000e-01
    250000   -26.00000000  -5.9886300000e-01
    250000   -24.00000000  -5.8272000000e-01
    250000   -22.00000000  -5.6625100000e-01
    250000   -20.00000000  -5.5017300000e-01
    250000   -18.00000000  -5.3547100000e-01
    250000   -16.00000000  -5.2355000000e-01
    250000   -14.00000000  -5.1653300000e-01
    250000   -12.00000000  -5.1902200000e-01
    250000   -10.00000000  -5.2924400000e-01
    250000    -8.00000000  -3.9578500000e-01
    250000    -6.00000000  -7.7400000000e-02
    250000    -4.00000000   2.2940000000e-01
    250000    -2.00000000   4.8170000000e-01
    250000     0.00000000   6.8170000000e-01
    250000     2.00000000   8.6030000000e-01
    250000     4.00000000   1.0306000000e+00
    250000     6.00000000   1.1927000000e+00
    250000     8.00000000   1.3459000000e+00
    250000    10.00000000   1.4714000000e+00
    250000    12.00000000   1.5617000000e+00
    250000    14.00000000   1.6145500000e+00
    250000    16.00000000   1.6569370000e+00
    250000    18.00000000   1.5765500000e+00
    250000    20.00000000   1.4545590000e+00
    250000    22.00000000   1.3701290000e+00
    250000    24.00000000   1.3014750000e+00
    250000    26.00000000   1.2443870000e+00
    250000    28.00000000   1.1958310000e+00
    250000    30.00000000   1.1535610000e+00
    250000    32.00000000   1.1158780000e+00
    250000    34.00000000   1.0814750000e+00
    250000    36.00000000   1.0493280000e+00
    250000    38.00000000   1.0186290000e+00
    250000    40.00000000   9.8873300000e-01
    250000    42.00000000   9.5912600000e-01
    250000    44.00000000   9.2939500000e-01
    250000    46.00000000   8.9921100000e-01
    250000    48.00000000   8.6831700000e-01
    250000    50.00000000   8.3651100000e-01
    250000    52.00000000   8.0364500000e-01
    250000    54.00000000   7.6961000000e-01
    250000    56.00000000   7.3433900000e-01
    250000    58.00000000   6.9779600000e-01
    250000    60.00000000   6.5997500000e-01
    250000    62.00000000   6.2089800000e-01
    250000    64.00000000   5.8061200000e-01
    250000    66.00000000   5.3918300000e-01
    250000    68.00000000   4.9670000000e-01
    250000    70.00000000   4.5326900000e-01
    250000    72.00000000   4.0901200000e-01
    250000    74.00000000   3.6406700000e-01
    250000    76.00000000   3.1858400000e-01
    250000    78.00000000   2.7272600000e-01
    250000    80.00000000   2.2666600000e-01
    250000    82.00000000   1.8058700000e-01
    250000    84.00000000   1.3468100000e-01
    250000    86.00000000   8.9144000000e-02
    250000    88.00000000   4.4181000000e-02
    250000    90.00000000   0.0000000000e+00
     50000   -90.00000000  -0.0000000000e+00
     50000   -88.00000000  -4.3715000000e-02
     50000   -86.00000000  -8.7279000000e-02
     50000   -84.00000000  -1.3047900000e-01
     50000   -82.00000000  -1.7310600000e-01
     50000   -80.00000000  -2.1495400000e-01
     50000   -78.00000000  -2.5582100000e-01
     50000   -76.00000000  -2.9551100000e-01
     50000   -74.00000000  -3.3383400000e-01
     50000   -72.00000000  -3.7060600000e-01
     50000   -70.00000000  -4.0565200000e-01
     50000   -68.00000000  -4.3880700000e-01
     50000   -66.00000000  -4.6991400000e-01
     50000   -64.00000000  -4.9882800000e-01
     50000   -62.00000000  -5.2541500000e-01
     50000   -60.00000000  -5.4955300000e-01
     50000   -58.00000000  -5.7113500000e-01
     50000   -56.00000000  -5.9006300000e-01
     50000   -54.00000000  -6.0625900000e-01
     50000   -52.00000000  -6.1965400000e-01
     50000   -50.00000000  -6.3019900000e-01
     50000   -48.00000000  -6.3785800000e-01
     50000   -46.00000000  -6.4261400000e-01
     50000   -44.00000000  -6.4446300000e-01
     50000   -42.00000000  -6.4342200000e-01
     50000   -40.00000000  -6.3952500000e-01
     50000   -38.00000000  -6.3282600000e-01
     50000   -36.00000000  -6.2339600000e-01
     50000   -34.00000000  -6.1133200000e-01
     50000   -32.00000000  -5.9675000000e-01
     50000   -30.00000000  -5.7979400000e-01
     50000   -28.00000000  -5.6064000000e-01
     50000   -26.00000000  -5.3949600000e-01
     50000   -24.00000000  -5.1661800000e-01
     50000   -22.00000000  -4.9232000000e-01
     50000   -20.00000000  -4.6699900000e-01
     50000   -18.00000000  -4.4117300000e-01
     50000   -16.00000000  -4.1555200000e-01
     50000   -14.00000000  -3.9116100000e-01
     50000   -12.00000000  -3.6960300000e-01
     50000   -10.00000000  -3.5362200000e-01
     50000    -8.00000000  -3.4852400000e-01
     50000    -6.00000000  -3.6084700000e-01
     50000    -4.00000000  -4.0462300000e-01
     50000    -2.00000000  -6.6482000000e-02
     50000     0.00000000   2.4820000000e-01
     50000     2.00000000   4.5610000000e-01
     50000     4.00000000   6.3690000000e-01
     50000     6.00000000   7.3765000000e-01
     50000     8.00000000   7.5160000000e-01
     50000    10.00000000   7.2500000000e-01
     50000    12.00000000   7.7040000000e-01
     50000    14.00000000   8.3425000000e-01
     50000    16.00000000   8.6235000000e-01
     50000    18.00000000   9.9291300000e-01
     50000    20.00000000   1.0828000000e+00
     50000    22.00000000   1.0428780000e+00
     50000    24.00000000   1.0060220000e+00
     50000    26.00000000   9.7903600000e-01
     50000    28.00000000   9.5671800000e-01
     50000    30.00000000   9.3757100000e-01
     50000    32.00000000   9.2045600000e-01
     50000    34.00000000   9.0449300000e-01
     50000    36.00000000   8.8899000000e-01
     50000    38.00000000   8.7339600000e-01
     50000    40.00000000   8.5727700000e-01
     50000    42.00000000   8.4028200000e-01
     50000    44.00000000   8.2213400000e-01
     50000    46.00000000   8.0261700000e-01
     50000    48.00000000   7.8156200000e-01
     50000    50.00000000   7.5884700000e-01
     50000    52.00000000   7.3438300000e-01
     50000    54.00000000   7.0811800000e-01
     50000    56.00000000   6.8002800000e-01
     50000    58.00000000   6.5011500000e-01
     50000    60.00000000   6.1840800000e-01
     50000    62.00000000   5.8495400000e-01
     50000    64.00000000   5.4982500000e-01
     50000    66.00000000   5.1310700000e-01
     50000    68.00000000   4.7490700000e-01
     50000    70.00000000   4.3534400000e-01
     50000    72.00000000   3.9455500000e-01
     50000    74.00000000   3.5268600000e-01
     50000    76.00000000   3.0989800000e-01
     50000    78.00000000   2.6636200000e-01
     50000    80.00000000   2.2225700000e-01
     50000    82.00000000   1.7777100000e-01
     50000    84.00000000   1.3309900000e-01
     50000    86.00000000   8.8442000000e-02
     50000    88.00000000   4.4006000000e-02
     50000    90.00000000   0.0000000000e+00
    100000   -90.00000000  -0.0000000000e+00
    100000   -88.00000000  -4.3710000000e-02
    100000   -86.00000000  -8.7257000000e-02
    100000   -84.00000000  -1.3042900000e-01
    100000   -82.00000000  -1.7301700000e-01
    100000   -80.00000000  -2.1481500000e-01
    100000   -78.00000000  -2.5562100000e-01
    100000   -76.00000000  -2.9523800000e-01
    100000   -74.00000000  -3.3347500000e-01
    100000   -72.00000000  -3.7015000000e-01
    100000   -70.00000000  -4.0508700000e-01
    100000   -68.00000000  -4.3812000000e-01
    100000   -66.00000000  -4.6909200000e-01
    100000   -64.00000000  -4.9785800000e-01
    100000   -62.00000000  -5.2428200000e-01
    100000   -60.00000000  -5.4824400000e-01
    100000   -58.00000000  -5.6963200000e-01
    100000   -56.00000000  -5.8835200000e-01
    100000   -54.00000000  -6.0432100000e-01
    100000   -52.00000000  -6.1747200000e-01
    100000   -50.00000000  -6.2775200000e-01
    100000   -48.00000000  -6.3512500000e-01
    100000   -46.00000000  -6.3957000000e-01
    100000   -44.00000000  -6.4108300000e-01
    100000   -42.00000000  -6.3967800000e-01
    100000   -40.00000000  -6.3538300000e-01
    100000   -38.00000000  -6.2825000000e-01
    100000   -36.00000000  -6.1834400000e-01
    100000   -34.00000000  -6.0575500000e-01
    100000   -32.00000000  -5.9059200000e-01
    100000   -30.00000000  -5.7298900000e-01
    100000   -28.00000000  -5.5310600000e-01
    100000   -26.00000000  -5.3113500000e-01
    100000   -24.00000000  -5.0730900000e-01
    100000   -22.00000000  -4.8190800000e-01
    100000   -20.00000000  -4.5528500000e-01
    100000   -18.00000000  -4.2789300000e-01
    100000   -16.00000000  -4.0034200000e-01
    100000   -14.00000000  -3.7350500000e-01
    100000   -12.00000000  -3.4872500000e-01
    100000   -10.00000000  -3.2828300000e-01
    100000    -8.00000000  -3.1556700000e-01
    100000    -6.00000000  -3.2350000000e-01
    100000    -4.00000000  -5.9339000000e-02
    100000    -2.00000000   2.7270000000e-01
    100000     0.00000000   6.0700000000e-01
    100000     2.00000000   8.4260000000e-01
    100000     4.00000000   1.0635000000e+00
    100000     6.00000000   1.2529000000e+00
    100000     8.00000000   1.4250000000e+00
    100000    10.00000000   1.5587000000e+00
    100000    12.00000000   1.6739050000e+00
    100000    14.00000000   1.5854870000e+00
    100000    16.00000000   1.4294040000e+00
    100000    18.00000000   1.3264100000e+00
    100000    20.00000000   1.2478160000e+00
    100000    22.00000000   1.1863610000e+00
    100000    24.00000000   1.1371670000e+00
    100000    26.00000000   1.0968200000e+00
    100000    28.00000000   1.0628550000e+00
    100000    30.00000000   1.0334440000e+00
    100000    32.00000000   1.0072000000e+00
    100000    34.00000000   9.8305200000e-01
    100000    36.00000000   9.6016000000e-01
    100000    38.00000000   9.3786200000e-01
    100000    40.00000000   9.1562800000e-01
    100000    42.00000000   8.9303400000e-01
    100000    44.00000000   8.6974500000e-01
    100000    46.00000000   8.4549300000e-01
    100000    48.00000000   8.2007100000e-01
    100000    50.00000000   7.9332000000e-01
    100000    52.00000000   7.6512700000e-01
    100000    54.00000000   7.3541300000e-01
    100000    56.00000000   7.0413500000e-01
    100000    58.00000000   6.7127900000e-01
    100000    60.00000000   6.3685800000e-01
    100000    62.00000000   6.0090900000e-01
    100000    64.00000000   5.6349000000e-01
    100000    66.00000000   5.2468200000e-01
    100000    68.00000000   4.8458000000e-01
    100000    70.00000000   4.4330100000e-01
    100000    72.00000000   4.0097200000e-01
    100000    74.00000000   3.5773800000e-01
    100000    76.00000000   3.1375400000e-01
    100000    78.00000000   2.6918700000e-01
    100000    80.00000000   2.2421400000e-01
    100000    82.00000000   1.7902100000e-01
    100000    84.00000000   1.3380100000e-01
    100000    86.00000000   8.8754000000e-02
    100000    88.00000000   4.4084000000e-02
    100000    90.00000000   0.0000000000e+00
    150000   -90.00000000  -0.0000000000e+00
    150000   -88.00000000  -4.3721000000e-02
    150000   -86.00000000  -8.7302000000e-02
    150000   -84.00000000  -1.3053200000e-01
    150000   -82.00000000  -1.7320000000e-01
    150000   -80.00000000  -2.1510200000e-01
    150000   -78.00000000  -2.5603600000e-01
    150000   -76.00000000  -2.9580400000e-01
    150000   -74.00000000  -3.3421700000e-01
    150000   -72.00000000  -3.7109300000e-01
    150000   -70.00000000  -4.0625600000e-01
    150000   -68.00000000  -4.3954100000e-01
    150000   -66.00000000  -4.7079200000e-01
    150000   -64.00000000  -4.9986400000e-01
    150000   -62.00000000  -5.2662500000e-01
    150000   -60.00000000  -5.5095300000e-01
    150000   -58.00000000  -5.7274000000e-01
    150000   -56.00000000  -5.9189200000e-01
    150000   -54.00000000  -6.0832900000e-01
    150000   -52.00000000  -6.2198600000e-01
    150000   -50.00000000  -6.3281400000e-01
    150000   -48.00000000  -6.4077900000e-01
    150000   -46.00000000  -6.4586600000e-01
    150000   -44.00000000  -6.4807400000e-01
    150000   -42.00000000  -6.4742300000e-01
    150000   -40.00000000  -6.4395100000e-01
    150000   -38.00000000  -6.3771500000e-01
    150000   -36.00000000  -6.2879500000e-01
    150000   -34.00000000  -6.1729000000e-01
    150000   -32.00000000  -6.0332900000e-01
    150000   -30.00000000  -5.8706600000e-01
    150000   -28.00000000  -5.6869000000e-01
    150000   -26.00000000  -5.4843000000e-01
    150000   -24.00000000  -5.2656500000e-01
    150000   -22.00000000  -5.0344500000e-01
    150000   -20.00000000  -4.7951500000e-01
    150000   -18.00000000  -4.5536400000e-01
    150000   -16.00000000  -4.3180400000e-01
    150000   -14.00000000  -4.1002700000e-01
    150000   -12.00000000  -3.9191200000e-01
    150000   -10.00000000  -3.7870200000e-01
    150000    -8.00000000  -3.8453300000e-01
    150000    -6.00000000  -2.4447900000e-01
    150000    -4.00000000   8.7500000000e-02
    150000    -2.00000000   4.0740000000e-01
    150000     0.00000000   6.8300000000e-01
    150000     2.00000000   8.8250000000e-01
    150000     4.00000000   1.0599000000e+00
    150000     6.00000000   1.2442000000e+00
    150000     8.00000000   1.3971000000e+00
    150000    10.00000000   1.5140000000e+00
    150000    12.00000000   1.5723000000e+00
    150000    14.00000000   1.6121890000e+00
    150000    16.00000000   1.5916190000e+00
    150000    18.00000000   1.4667410000e+00
    150000    20.00000000   1.3668230000e+00
    150000    22.00000000   1.2921430000e+00
    150000    24.00000000   1.2317480000e+00
    150000    26.00000000   1.1817640000e+00
    150000    28.00000000   1.1394000000e+00
    150000    30.00000000   1.1025870000e+00
    150000    32.00000000   1.0697580000e+00
    150000    34.00000000   1.0397070000e+00
    150000    36.00000000   1.0114880000e+00
    150000    38.00000000   9.8435400000e-01
    150000    40.00000000   9.5770900000e-01
    150000    42.00000000   9.3107800000e-01
    150000    44.00000000   9.0408100000e-01
    150000    46.00000000   8.7641500000e-01
    150000    48.00000000   8.4784200000e-01
    150000    50.00000000   8.1818200000e-01
    150000    52.00000000   7.8729900000e-01
    150000    54.00000000   7.5509800000e-01
    150000    56.00000000   7.2152100000e-01
    150000    58.00000000   6.8654300000e-01
    150000    60.00000000   6.5016500000e-01
    150000    62.00000000   6.1241500000e-01
    150000    64.00000000   5.7334600000e-01
    150000    66.00000000   5.3302900000e-01
    150000    68.00000000   4.9155700000e-01
    150000    70.00000000   4.4903900000e-01
    150000    72.00000000   4.0560000000e-01
    150000    74.00000000   3.6138100000e-01
    150000    76.00000000   3.1653400000e-01
    150000    78.00000000   2.7122400000e-01
    150000    80.00000000   2.2562500000e-01
    150000    82.00000000   1.7992300000e-01
    150000    84.00000000   1.3430800000e-01
    150000    86.00000000   8.8979000000e-02
    150000    88.00000000   4.4140000000e-02
    150000    90.00000000   0.0000000000e+00
    200000   -90.00000000  -0.0000000000e+00
    200000   -88.00000000  -4.3754000000e-02
    200000   -86.00000000  -8.7432000000e-02
    200000   -84.00000000  -1.3082500000e-01
    200000   -82.00000000  -1.7372200000e-01
    200000   -80.00000000  -2.1591800000e-01
    200000   -78.00000000  -2.5721300000e-01
    200000   -76.00000000  -2.9741100000e-01
    200000   -74.00000000  -3.3632300000e-01
    200000   -72.00000000  -3.7376800000e-01
    200000   -70.00000000  -4.0957300000e-01
    200000   -68.00000000  -4.4357400000e-01
    200000   -66.00000000  -4.7561700000e-01
    200000   -64.00000000  -5.0556200000e-01
    200000   -62.00000000  -5.3327700000e-01
    200000   -60.00000000  -5.5864500000e-01
    200000   -58.00000000  -5.8156300000e-01
    200000   -56.00000000  -6.0194200000e-01
    200000   -54.00000000  -6.1970800000e-01
    200000   -52.00000000  -6.3480300000e-01
    200000   -50.00000000  -6.4718600000e-01
    200000   -48.00000000  -6.5683300000e-01
    200000   -46.00000000  -6.6374000000e-01
    200000   -44.00000000  -6.6792300000e-01
    200000   -42.00000000  -6.6941500000e-01
    200000   -40.00000000  -6.6827700000e-01
    200000   -38.00000000  -6.6459100000e-01
    200000   -36.00000000  -6.5846500000e-01
    200000   -34.00000000  -6.5004100000e-01
    200000   -32.00000000  -6.3949200000e-01
    200000   -30.00000000  -6.2703500000e-01
    200000   -28.00000000  -6.1293800000e-01
    200000   -26.00000000  -5.9753300000e-01
    200000   -24.00000000  -5.8123900000e-01
    200000   -22.00000000  -5.6459400000e-01
    200000   -20.00000000  -5.4830900000e-01
    200000   -18.00000000  -5.3335700000e-01
    200000   -16.00000000  -5.2112900000e-01
    200000   -14.00000000  -5.1372400000e-01
    200000   -12.00000000  -5.1453200000e-01
    200000   -10.00000000  -5.0491100000e-01
    200000    -8.00000000  -4.6677900000e-01
    200000    -6.00000000  -1.5510000000e-01
    200000    -4.00000000   1.5880000000e-01
    200000    -2.00000000   4.6000000000e-01
    200000     0.00000000   6.9580000000e-01
    200000     2.00000000   8.8830000000e-01
    200000     4.00000000   1.0518000000e+00
    200000     6.00000000   1.2260000000e+00
    200000     8.00000000   1.3772000000e+00
    200000    10.00000000   1.4800000000e+00
    200000    12.00000000   1.5546000000e+00
    200000    14.00000000   1.6277210000e+00
    200000    16.00000000   1.5976350000e+00
    200000    18.00000000   1.4647180000e+00
    200000    20.00000000   1.3673190000e+00
    200000    22.00000000   1.2925840000e+00
    200000    24.00000000   1.2321410000e+00
    200000    26.00000000   1.1821170000e+00
    200000    28.00000000   1.1397180000e+00
    200000    30.00000000   1.1028740000e+00
    200000    32.00000000   1.0700190000e+00
    200000    34.00000000   1.0399430000e+00
    200000    36.00000000   1.0117020000e+00
    200000    38.00000000   9.8454700000e-01
    200000    40.00000000   9.5788500000e-01
    200000    42.00000000   9.3123700000e-01
    200000    44.00000000   9.0422400000e-01
    200000    46.00000000   8.7654300000e-01
    200000    48.00000000   8.4795800000e-01
    200000    50.00000000   8.1828600000e-01
    200000    52.00000000   7.8739100000e-01
    200000    54.00000000   7.5518000000e-01
    200000    56.00000000   7.2159400000e-01
    200000    58.00000000   6.8660600000e-01
    200000    60.00000000   6.5022000000e-01
    200000    62.00000000   6.1246300000e-01
    200000    64.00000000   5.7338700000e-01
    200000    66.00000000   5.3306400000e-01
    200000    68.00000000   4.9158600000e-01
    200000    70.00000000   4.4906300000e-01
    200000    72.00000000   4.0561900000e-01
    200000    74.00000000   3.6139600000e-01
    200000    76.00000000   3.1654600000e-01
    200000    78.00000000   2.7123200000e-01
    200000    80.00000000   2.2563100000e-01
    200000    82.00000000   1.7992600000e-01
    200000    84.00000000   1.3431000000e-01
    200000    86.00000000   8.8980000000e-02
    200000    88.00000000   4.4140000000e-02
    200000    90.00000000   0.0000000000e+00
    250000   -90.00000000  -0.0000000000e+00
    250000   -88.00000000  -4.3780000000e-02
    250000   -86.00000000  -8.7536000000e-02
    250000   -84.00000000  -1.3105900000e-01
    250000   -82.00000000  -1.7413900000e-01
    250000   -80.00000000  -2.1657200000e-01
    250000   -78.00000000  -2.5815700000e-01
    250000   -76.00000000  -2.9869900000e-01
    250000   -74.00000000  -3.3801100000e-01
    250000   -72.00000000  -3.7591200000e-01
    250000   -70.00000000  -4.1223100000e-01
    250000   -68.00000000  -4.4680600000e-01
    250000   -66.00000000  -4.7948500000e-01
    250000   -64.00000000  -5.1012800000e-01
    250000   -62.00000000  -5.3860800000e-01
    250000   -60.00000000  -5.6481000000e-01
    250000   -58.00000000  -5.8863500000e-01
    250000   -56.00000000  -6.0999800000e-01
    250000   -54.00000000  -6.2882900000e-01
    250000   -52.00000000  -6.4507600000e-01
    250000   -50.00000000  -6.5870500000e-01
    250000   -48.00000000  -6.6970000000e-01
    250000   -46.00000000  -6.7806700000e-01
    250000   -44.00000000  -6.8383100000e-01
    250000   -42.00000000  -6.8704200000e-01
    250000   -40.00000000  -6.8777500000e-01
    250000   -38.00000000  -6.8613100000e-01
    250000   -36.00000000  -6.8224600000e-01
    250000   -34.00000000  -6.7629000000e-01
    250000   -32.00000000  -6.6847600000e-01
    250000   -30.00000000  -6.5907000000e-01
    250000   -28.00000000  -6.4840300000e-01
    250000   -26.00000000  -6.3688900000e-01
    250000   -24.00000000  -6.2506000000e-01
    250000   -22.00000000  -6.1360500000e-01
    250000   -20.00000000  -6.0344800000e-01
    250000   -18.00000000  -5.9587000000e-01
    250000   -16.00000000  -5.9272400000e-01
    250000   -14.00000000  -5.9683700000e-01
    250000   -12.00000000  -6.0194100000e-01
    250000   -10.00000000  -6.4880000000e-01
    250000    -8.00000000  -4.0729000000e-01
    250000    -6.00000000  -9.4800000000e-02
    250000    -4.00000000   2.1330000000e-01
    250000    -2.00000000   4.8160000000e-01
    250000     0.00000000   6.9720000000e-01
    250000     2.00000000   8.8680000000e-01
    250000     4.00000000   1.0435000000e+00
    250000     6.00000000   1.2178000000e+00
    250000     8.00000000   1.3700000000e+00
    250000    10.00000000   1.4755000000e+00
    250000    12.00000000   1.5679000000e+00
    250000    14.00000000   1.6375230000e+00
    250000    16.00000000   1.6391000000e+00
    250000    18.00000000   1.5179710000e+00
    250000    20.00000000   1.4093130000e+00
    250000    22.00000000   1.3299110000e+00
    250000    24.00000000   1.2655160000e+00
    250000    26.00000000   1.2120920000e+00
    250000    28.00000000   1.1667290000e+00
    250000    30.00000000   1.1272730000e+00
    250000    32.00000000   1.0920940000e+00
    250000    34.00000000   1.0599350000e+00
    250000    36.00000000   1.0298140000e+00
    250000    38.00000000   1.0009530000e+00
    250000    40.00000000   9.7273400000e-01
    250000    42.00000000   9.4466200000e-01
    250000    44.00000000   9.1634000000e-01
    250000    46.00000000   8.8745500000e-01
    250000    48.00000000   8.5775800000e-01
    250000    50.00000000   8.2705900000e-01
    250000    52.00000000   7.9521500000e-01
    250000    54.00000000   7.6212600000e-01
    250000    56.00000000   7.2772900000e-01
    250000    58.00000000   6.9199300000e-01
    250000    60.00000000   6.5491600000e-01
    250000    62.00000000   6.1652400000e-01
    250000    64.00000000   5.7686500000e-01
    250000    66.00000000   5.3600900000e-01
    250000    68.00000000   4.9404800000e-01
    250000    70.00000000   4.5108800000e-01
    250000    72.00000000   4.0725300000e-01
    250000    74.00000000   3.6268200000e-01
    250000    76.00000000   3.1752700000e-01
    250000    78.00000000   2.7195100000e-01
    250000    80.00000000   2.2612900000e-01
    250000    82.00000000   1.8024500000e-01
    250000    84.00000000   1.3448800000e-01
    250000    86.00000000   8.9059000000e-02
    250000    88.00000000   4.4160000000e-02
    250000    90.00000000   0.0000000000e+00
     50000   -90.00000000  -0.0000000000e+00
     50000   -88.00000000  -4.3712000000e-02
     50000   -86.00000000  -8.7266000000e-02
     50000   -84.00000000  -1.3045100000e-01
     50000   -82.00000000  -1.7305600000e-01
     50000   -80.00000000  -2.1487700000e-01
     50000   -78.00000000  -2.5571000000e-01
     50000   -76.00000000  -2.9536000000e-01
     50000   -74.00000000  -3.3363500000e-01
     50000   -72.00000000  -3.7035300000e-01
     50000   -70.00000000  -4.0533900000e-01
     50000   -68.00000000  -4.3842600000e-01
     50000   -66.00000000  -4.6945800000e-01
     50000   -64.00000000  -4.9829000000e-01
     50000   -62.00000000  -5.2478700000e-01
     50000   -60.00000000  -5.4882700000e-01
     50000   -58.00000000  -5.7030100000e-01
     50000   -56.00000000  -5.8911400000e-01
     50000   -54.00000000  -6.0518400000e-01
     50000   -52.00000000  -6.1844400000e-01
     50000   -50.00000000  -6.2884200000e-01
     50000   -48.00000000  -6.3634200000e-01
     50000   -46.00000000  -6.4092500000e-01
     50000   -44.00000000  -6.4258800000e-01
     50000   -42.00000000  -6.4134500000e-01
     50000   -40.00000000  -6.3722800000e-01
     50000   -38.00000000  -6.3028700000e-01
     50000   -36.00000000  -6.2059400000e-01
     50000   -34.00000000  -6.0823800000e-01
     50000   -32.00000000  -5.9333400000e-01
     50000   -30.00000000  -5.7601900000e-01
     50000   -28.00000000  -5.5646000000e-01
     50000   -26.00000000  -5.3485800000e-01
     50000   -24.00000000  -5.1145400000e-01
     50000   -22.00000000  -4.8654400000e-01
     50000   -20.00000000  -4.6050100000e-01
     50000   -18.00000000  -4.3380700000e-01
     50000   -16.00000000  -4.0711500000e-01
     50000   -14.00000000  -3.8136600000e-01
     50000   -12.00000000  -3.5802100000e-01
     50000   -10.00000000  -3.3956600000e-01
     50000    -8.00000000  -3.3079100000e-01
     50000    -6.00000000  -3.4283600000e-01
     50000    -4.00000000  -4.0740000000e-01
     50000    -2.00000000  -1.1823200000e-01
     50000     0.00000000   2.5850000000e-01
     50000     2.00000000   4.7310000000e-01
     50000     4.00000000   6.8970000000e-01
     50000     6.00000000   8.2080000000e-01
     50000     8.00000000   8.7320000000e-01
     50000    10.00000000   8.2620000000e-01
     50000    12.00000000   8.1560000000e-01
     50000    14.00000000   8.9600000000e-01
     50000    16.00000000   8.7780000000e-01
     50000    18.00000000   8.8140700000e-01
     50000    20.00000000   1.1158000000e+00
     50000    22.00000000   1.0724820000e+00
     50000    24.00000000   1.0322480000e+00
     50000    26.00000000   1.0025910000e+00
     50000    28.00000000   9.7794300000e-01
     50000    30.00000000   9.5674400000e-01
     50000    32.00000000   9.3780300000e-01
     50000    34.00000000   9.2020300000e-01
     50000    36.00000000   9.0322200000e-01
     50000    38.00000000   8.8628800000e-01
     50000    40.00000000   8.6894600000e-01
     50000    42.00000000   8.5083100000e-01
     50000    44.00000000   8.3165500000e-01
     50000    46.00000000   8.1119100000e-01
     50000    48.00000000   7.8926300000e-01
     50000    50.00000000   7.6574100000e-01
     50000    52.00000000   7.4053100000e-01
     50000    54.00000000   7.1357600000e-01
     50000    56.00000000   6.8484900000e-01
     50000    58.00000000   6.5434800000e-01
     50000    60.00000000   6.2209700000e-01
     50000    62.00000000   5.8814500000e-01
     50000    64.00000000   5.5255800000e-01
     50000    66.00000000   5.1542200000e-01
     50000    68.00000000   4.7684100000e-01
     50000    70.00000000   4.3693500000e-01
     50000    72.00000000   3.9583800000e-01
     50000    74.00000000   3.5369600000e-01
     50000    76.00000000   3.1066900000e-01
     50000    78.00000000   2.6692700000e-01
     50000    80.00000000   2.2264800000e-01
     50000    82.00000000   1.7802100000e-01
     50000    84.00000000   1.3323900000e-01
     50000    86.00000000   8.8504000000e-02
     50000    88.00000000   4.4022000000e-02
     50000    90.00000000   0.0000000000e+00
    100000   -90.00000000  -0.0000000000e+00
    100000   -88.00000000  -4.3716000000e-02
    100000   -86.00000000  -8.7283000000e-02
    100000   -84.00000000  -1.3048900000e-01
    100000   -82.00000000  -1.7312500000e-01
    100000   -80.00000000  -2.1498400000e-01
    100000   -78.00000000  -2.5586400000e-01
    100000   -76.00000000  -2.9557000000e-01
    100000   -74.00000000  -3.3391100000e-01
    100000   -72.00000000  -3.7070400000e-01
    100000   -70.00000000  -4.0577400000e-01
    100000   -68.00000000  -4.3895500000e-01
    100000   -66.00000000  -4.7009100000e-01
    100000   -64.00000000  -4.9903600000e-01
    100000   -62.00000000  -5.2565900000e-01
    100000   -60.00000000  -5.4983500000e-01
    100000   -58.00000000  -5.7145800000e-01
    100000   -56.00000000  -5.9043100000e-01
    100000   -54.00000000  -6.0667500000e-01
    100000   -52.00000000  -6.2012300000e-01
    100000   -50.00000000  -6.3072500000e-01
    100000   -48.00000000  -6.3844600000e-01
    100000   -46.00000000  -6.4326800000e-01
    100000   -44.00000000  -6.4519000000e-01
    100000   -42.00000000  -6.4422700000e-01
    100000   -40.00000000  -6.4041600000e-01
    100000   -38.00000000  -6.3381000000e-01
    100000   -36.00000000  -6.2448300000e-01
    100000   -34.00000000  -6.1253100000e-01
    100000   -32.00000000  -5.9807400000e-01
    100000   -30.00000000  -5.8125800000e-01
    100000   -28.00000000  -5.6226000000e-01
    100000   -26.00000000  -5.4129400000e-01
    100000   -24.00000000  -5.1862000000e-01
    100000   -22.00000000  -4.9455900000e-01
    100000   -20.00000000  -4.6951800000e-01
    100000   -18.00000000  -4.4402900000e-01
    100000   -16.00000000  -4.1882200000e-01
    100000   -14.00000000  -3.9495800000e-01
    100000   -12.00000000  -3.7409300000e-01
    100000   -10.00000000  -3.5907100000e-01
    100000    -8.00000000  -3.5182200000e-01
    100000    -6.00000000  -3.6539200000e-01
    100000    -4.00000000  -7.2187000000e-02
    100000    -2.00000000   2.6190000000e-01
    100000     0.00000000   5.8070000000e-01
    100000     2.00000000   8.3080000000e-01
    100000     4.00000000   1.0658000000e+00
    100000     6.00000000   1.2590000000e+00
    100000     8.00000000   1.4326000000e+00
    100000    10.00000000   1.5476000000e+00
    100000    12.00000000   1.5810950000e+00
    100000    14.00000000   1.5572680000e+00
    100000    16.00000000   1.4182740000e+00
    100000    18.00000000   1.3119640000e+00
    100000    20.00000000   1.2350730000e+00
    100000    22.00000000   1.1750350000e+00
    100000    24.00000000   1.1270400000e+00
    100000    26.00000000   1.0877250000e+00
    100000    28.00000000   1.0546590000e+00
    100000    30.00000000   1.0260410000e+00
    100000    32.00000000   1.0005020000e+00
    100000    34.00000000   9.7698500000e-01
    100000    36.00000000   9.5466500000e-01
    100000    38.00000000   9.3288400000e-01
    100000    40.00000000   9.1112200000e-01
    100000    42.00000000   8.8896100000e-01
    100000    44.00000000   8.6606800000e-01
    100000    46.00000000   8.4218200000e-01
    100000    48.00000000   8.1709700000e-01
    100000    50.00000000   7.9065800000e-01
    100000    52.00000000   7.6275300000e-01
    100000    54.00000000   7.3330500000e-01
    100000    56.00000000   7.0227400000e-01
    100000    58.00000000   6.6964500000e-01
    100000    60.00000000   6.3543400000e-01
    100000    62.00000000   5.9967700000e-01
    100000    64.00000000   5.6243500000e-01
    100000    66.00000000   5.2378800000e-01
    100000    68.00000000   4.8383300000e-01
    100000    70.00000000   4.4268600000e-01
    100000    72.00000000   4.0047600000e-01
    100000    74.00000000   3.5734800000e-01
    100000    76.00000000   3.1345600000e-01
    100000    78.00000000   2.6896900000e-01
    100000    80.00000000   2.2406300000e-01
    100000    82.00000000   1.7892500000e-01
    100000    84.00000000   1.3374700000e-01
    100000    86.00000000   8.8730000000e-02
    100000    88.00000000   4.4078000000e-02
    100000    90.00000000   0.0000000000e+00
    150000   -90.00000000  -0.0000000000e+00
    150000   -88.00000000  -4.3721000000e-02
    150000   -86.00000000  -8.7302000000e-02
    150000   -84.00000000  -1.3053100000e-01
    150000   -82.00000000  -1.7319900000e-01
    150000   -80.00000000  -2.1510000000e-01
    150000   -78.00000000  -2.5603200000e-01
    150000   -76.00000000  -2.9579900000e-01
    150000   -74.00000000  -3.3421100000e-01
    150000   -72.00000000  -3.7108500000e-01
    150000   -70.00000000  -4.0624700000e-01
    150000   -68.00000000  -4.3952900000e-01
    150000   -66.00000000  -4.7077800000e-01
    150000   -64.00000000  -4.9984900000e-01
    150000   -62.00000000  -5.2660700000e-01
    150000   -60.00000000  -5.5093200000e-01
    150000   -58.00000000  -5.7271600000e-01
    150000   -56.00000000  -5.9186400000e-01
    150000   -54.00000000  -6.0829700000e-01
    150000   -52.00000000  -6.2195100000e-01
    150000   -50.00000000  -6.3277400000e-01
    150000   -48.00000000  -6.4073500000e-01
    150000   -46.00000000  -6.4581600000e-01
    150000   -44.00000000  -6.4801900000e-01
    150000   -42.00000000  -6.4736200000e-01
    150000   -40.00000000  -6.4388400000e-01
    150000   -38.00000000  -6.3764100000e-01
    150000   -36.00000000  -6.2871200000e-01
    150000   -34.00000000  -6.1719900000e-01
    150000   -32.00000000  -6.0322900000e-01
    150000   -30.00000000  -5.8695500000e-01
    150000   -28.00000000  -5.6856700000e-01
    150000   -26.00000000  -5.4829400000e-01
    150000   -24.00000000  -5.2641300000e-01
    150000   -22.00000000  -5.0327600000e-01
    150000   -20.00000000  -4.7932500000e-01
    150000   -18.00000000  -4.5514700000e-01
    150000   -16.00000000  -4.3155600000e-01
    150000   -14.00000000  -4.0974000000e-01
    150000   -12.00000000  -3.9157200000e-01
    150000   -10.00000000  -3.7996500000e-01
    150000    -8.00000000  -3.7635700000e-01
    150000    -6.00000000  -2.6471300000e-01
    150000    -4.00000000   6.4900000000e-02
    150000    -2.00000000   3.8770000000e-01
    150000     0.00000000   6.7510000000e-01
    150000     2.00000000   8.6290000000e-01
    150000     4.00000000   1.0694000000e+00
    150000     6.00000000   1.2557000000e+00
    150000     8.00000000   1.4050000000e+00
    150000    10.00000000   1.4720000000e+00
    150000    12.00000000   1.5502330000e+00
    150000    14.00000000   1.5998320000e+00
    150000    16.00000000   1.4944800000e+00
    150000    18.00000000   1.3706330000e+00
    150000    20.00000000   1.2868220000e+00
    150000    22.00000000   1.2210320000e+00
    150000    24.00000000   1.1681670000e+00
    150000    26.00000000   1.1246610000e+00
    150000    28.00000000   1.0879430000e+00
    150000    30.00000000   1.0561060000e+00
    150000    32.00000000   1.0277040000e+00
    150000    34.00000000   1.0016210000e+00
    150000    36.00000000   9.7698400000e-01
    150000    38.00000000   9.5310000000e-01
    150000    40.00000000   9.2942000000e-01
    150000    42.00000000   9.0550300000e-01
    150000    44.00000000   8.8099900000e-01
    150000    46.00000000   8.5562800000e-01
    150000    48.00000000   8.2917300000e-01
    150000    50.00000000   8.0146900000e-01
    150000    52.00000000   7.7239400000e-01
    150000    54.00000000   7.4186500000e-01
    150000    56.00000000   7.0983400000e-01
    150000    58.00000000   6.7628200000e-01
    150000    60.00000000   6.4122000000e-01
    150000    62.00000000   6.0468000000e-01
    150000    64.00000000   5.6672100000e-01
    150000    66.00000000   5.2741800000e-01
    150000    68.00000000   4.8686700000e-01
    150000    70.00000000   4.4518100000e-01
    150000    72.00000000   4.0248900000e-01
    150000    74.00000000   3.5893200000e-01
    150000    76.00000000   3.1466500000e-01
    150000    78.00000000   2.6985400000e-01
    150000    80.00000000   2.2467700000e-01
    150000    82.00000000   1.7931700000e-01
    150000    84.00000000   1.3396700000e-01
    150000    86.00000000   8.8828000000e-02
    150000    88.00000000   4.4102000000e-02
    150000    90.00000000   0.0000000000e+00
    200000   -90.00000000  -0.0000000000e+00
    200000   -88.00000000  -4.3746000000e-02
    200000   -86.00000000  -8.7403000000e-02
    200000   -84.00000000  -1.3075800000e-01
    200000   -82.00000000  -1.7360300000e-01
    200000   -80.00000000  -2.1573300000e-01
    200000   -78.00000000  -2.5694600000e-01
    200000   -76.00000000  -2.9704600000e-01
    200000   -74.00000000  -3.3584500000e-01
    200000   -72.00000000  -3.7316100000e-01
    200000   -70.00000000  -4.0882000000e-01
    200000   -68.00000000  -4.4265800000e-01
    200000   -66.00000000  -4.7452200000e-01
    200000   -64.00000000  -5.0426800000e-01
    200000   -62.00000000  -5.3176700000e-01
    200000   -60.00000000  -5.5689900000e-01
    200000   -58.00000000  -5.7956100000e-01
    200000   -56.00000000  -5.9966100000e-01
    200000   -54.00000000  -6.1712500000e-01
    200000   -52.00000000  -6.3189400000e-01
    200000   -50.00000000  -6.4392400000e-01
    200000   -48.00000000  -6.5318900000e-01
    200000   -46.00000000  -6.5968300000e-01
    200000   -44.00000000  -6.6341800000e-01
    200000   -42.00000000  -6.6442400000e-01
    200000   -40.00000000  -6.6275600000e-01
    200000   -38.00000000  -6.5849100000e-01
    200000   -36.00000000  -6.5173100000e-01
    200000   -34.00000000  -6.4260700000e-01
    200000   -32.00000000  -6.3128400000e-01
    200000   -30.00000000  -6.1796300000e-01
    200000   -28.00000000  -6.0289500000e-01
    200000   -26.00000000  -5.8638800000e-01
    200000   -24.00000000  -5.6882900000e-01
    200000   -22.00000000  -5.5071500000e-01
    200000   -20.00000000  -5.3269500000e-01
    200000   -18.00000000  -5.1565500000e-01
    200000   -16.00000000  -5.0085500000e-01
    200000   -14.00000000  -4.9018700000e-01
    200000   -12.00000000  -4.8670000000e-01
    200000   -10.00000000  -4.6639100000e-01
    200000    -8.00000000  -4.7677700000e-01
    200000    -6.00000000  -1.6732900000e-01
    200000    -4.00000000   1.2840000000e-01
    200000    -2.00000000   4.4400000000e-01
    200000     0.00000000   6.9520000000e-01
    200000     2.00000000   8.7650000000e-01
    200000     4.00000000   1.0648000000e+00
    200000     6.00000000   1.2417000000e+00
    200000     8.00000000   1.3797000000e+00
    200000    10.00000000   1.4721000000e+00
    200000    12.00000000   1.5641180000e+00
    200000    14.00000000   1.6201590000e+00
    200000    16.00000000   1.5085600000e+00
    200000    18.00000000   1.3853320000e+00
    200000    20.00000000   1.2997870000e+00
    200000    22.00000000   1.2325570000e+00
    200000    24.00000000   1.1784710000e+00
    200000    26.00000000   1.1339150000e+00
    200000    28.00000000   1.0962830000e+00
    200000    30.00000000   1.0636390000e+00
    200000    32.00000000   1.0345200000e+00
    200000    34.00000000   1.0077940000e+00
    200000    36.00000000   9.8257600000e-01
    200000    38.00000000   9.5816500000e-01
    200000    40.00000000   9.3400500000e-01
    200000    42.00000000   9.0964800000e-01
    200000    44.00000000   8.8474000000e-01
    200000    46.00000000   8.5899700000e-01
    200000    48.00000000   8.3219900000e-01
    200000    50.00000000   8.0417800000e-01
    200000    52.00000000   7.7480900000e-01
    200000    54.00000000   7.4400900000e-01
    200000    56.00000000   7.1172800000e-01
    200000    58.00000000   6.7794500000e-01
    200000    60.00000000   6.4266900000e-01
    200000    62.00000000   6.0593400000e-01
    200000    64.00000000   5.6779400000e-01
    200000    66.00000000   5.2832700000e-01
    200000    68.00000000   4.8762700000e-01
    200000    70.00000000   4.4580700000e-01
    200000    72.00000000   4.0299300000e-01
    200000    74.00000000   3.5932900000e-01
    200000    76.00000000   3.1496800000e-01
    200000    78.00000000   2.7007600000e-01
    200000    80.00000000   2.2483000000e-01
    200000    82.00000000   1.7941500000e-01
    200000    84.00000000   1.3402200000e-01
    200000    86.00000000   8.8852000000e-02
    200000    88.00000000   4.4108000000e-02
    200000    90.00000000   0.0000000000e+00
    250000   -90.00000000  -0.0000000000e+00
    250000   -88.00000000  -4.3765000000e-02
    250000   -86.00000000  -8.7478000000e-02
    250000   -84.00000000  -1.3092700000e-01
    250000   -82.00000000  -1.7390500000e-01
    250000   -80.00000000  -2.1620500000e-01
    250000   -78.00000000  -2.5762700000e-01
    250000   -76.00000000  -2.9797600000e-01
    250000   -74.00000000  -3.3706400000e-01
    250000   -72.00000000  -3.7470900000e-01
    250000   -70.00000000  -4.1073900000e-01
    250000   -68.00000000  -4.4499100000e-01
    250000   -66.00000000  -4.7731400000e-01
    250000   -64.00000000  -5.0756400000e-01
    250000   -62.00000000  -5.3561500000e-01
    250000   -60.00000000  -5.6134900000e-01
    250000   -58.00000000  -5.8466500000e-01
    250000   -56.00000000  -6.0547500000e-01
    250000   -54.00000000  -6.2370800000e-01
    250000   -52.00000000  -6.3930900000e-01
    250000   -50.00000000  -6.5223800000e-01
    250000   -48.00000000  -6.6247700000e-01
    250000   -46.00000000  -6.7002400000e-01
    250000   -44.00000000  -6.7490100000e-01
    250000   -42.00000000  -6.7714700000e-01
    250000   -40.00000000  -6.7682900000e-01
    250000   -38.00000000  -6.7403900000e-01
    250000   -36.00000000  -6.6889600000e-01
    250000   -34.00000000  -6.6155400000e-01
    250000   -32.00000000  -6.5220500000e-01
    250000   -30.00000000  -6.4108600000e-01
    250000   -28.00000000  -6.2849300000e-01
    250000   -26.00000000  -6.1479500000e-01
    250000   -24.00000000  -6.0045900000e-01
    250000   -22.00000000  -5.8609100000e-01
    250000   -20.00000000  -5.7249400000e-01
    250000   -18.00000000  -5.6077700000e-01
    250000   -16.00000000  -5.5253200000e-01
    250000   -14.00000000  -5.5017900000e-01
    250000   -12.00000000  -5.4674500000e-01
    250000   -10.00000000  -5.4829800000e-01
    250000    -8.00000000  -4.0413600000e-01
    250000    -6.00000000  -1.0910000000e-01
    250000    -4.00000000   1.6870000000e-01
    250000    -2.00000000   4.6760000000e-01
    250000     0.00000000   7.0060000000e-01
    250000     2.00000000   8.8690000000e-01
    250000     4.00000000   1.0612000000e+00
    250000     6.00000000   1.2326000000e+00
    250000     8.00000000   1.3703000000e+00
    250000    10.00000000   1.4805000000e+00
    250000    12.00000000   1.5894610000e+00
    250000    14.00000000   1.6158000000e+00
    250000    16.00000000   1.4759050000e+00
    250000    18.00000000   1.3622700000e+00
    250000    20.00000000   1.2794460000e+00
    250000    22.00000000   1.2144760000e+00
    250000    24.00000000   1.1623050000e+00
    250000    26.00000000   1.1193960000e+00
    250000    28.00000000   1.0831990000e+00
    250000    30.00000000   1.0518210000e+00
    250000    32.00000000   1.0238270000e+00
    250000    34.00000000   9.9811000000e-01
    250000    36.00000000   9.7380200000e-01
    250000    38.00000000   9.5021900000e-01
    250000    40.00000000   9.2681200000e-01
    250000    42.00000000   9.0314600000e-01
    250000    44.00000000   8.7887100000e-01
    250000    46.00000000   8.5371100000e-01
    250000    48.00000000   8.2745200000e-01
    250000    50.00000000   7.9992800000e-01
    250000    52.00000000   7.7102000000e-01
    250000    54.00000000   7.4064500000e-01
    250000    56.00000000   7.0875600000e-01
    250000    58.00000000   6.7533600000e-01
    250000    60.00000000   6.4039500000e-01
    250000    62.00000000   6.0396700000e-01
    250000    64.00000000   5.6611000000e-01
    250000    66.00000000   5.2690000000e-01
    250000    68.00000000   4.8643500000e-01
    250000    70.00000000   4.4482600000e-01
    250000    72.00000000   4.0220200000e-01
    250000    74.00000000   3.5870600000e-01
    250000    76.00000000   3.1449300000e-01
    250000    78.00000000   2.6972800000e-01
    250000    80.00000000   2.2458900000e-01
    250000    82.00000000   1.7926100000e-01
    250000    84.00000000   1.3393600000e-01
    250000    86.00000000   8.8814000000e-02
    250000    88.00000000   4.4099000000e-02
    250000    90.00000000   0.0000000000e+00
     50000   -90.00000000  -0.0000000000e+00
     50000   -88.00000000  -4.3712000000e-02
     50000   -86.00000000  -8.7266000000e-02
     50000   -84.00000000  -1.3045100000e-01
     50000   -82.00000000  -1.7305700000e-01
     50000   -80.00000000  -2.1487700000e-01
     50000   -78.00000000  -2.5571000000e-01
     50000   -76.00000000  -2.9536000000e-01
     50000   -74.00000000  -3.3363600000e-01
     50000   -72.00000000  -3.7035400000e-01
     50000   -70.00000000  -4.0534000000e-01
     50000   -68.00000000  -4.3842700000e-01
     50000   -66.00000000  -4.6945900000e-01
     50000   -64.00000000  -4.9829100000e-01
     50000   -62.00000000  -5.2478800000e-01
     50000   -60.00000000  -5.4882900000e-01
     50000   -58.00000000  -5.7030300000e-01
     50000   -56.00000000  -5.8911700000e-01
     50000   -54.00000000  -6.0518700000e-01
     50000   -52.00000000  -6.1844700000e-01
     50000   -50.00000000  -6.2884500000e-01
     50000   -48.00000000  -6.3634600000e-01
     50000   -46.00000000  -6.4093000000e-01
     50000   -44.00000000  -6.4259300000e-01
     50000   -42.00000000  -6.4135000000e-01
     50000   -40.00000000  -6.3723400000e-01
     50000   -38.00000000  -6.3029400000e-01
     50000   -36.00000000  -6.2060100000e-01
     50000   -34.00000000  -6.0824600000e-01
     50000   -32.00000000  -5.9334300000e-01
     50000   -30.00000000  -5.7602900000e-01
     50000   -28.00000000  -5.5647100000e-01
     50000   -26.00000000  -5.3487000000e-01
     50000   -24.00000000  -5.1146700000e-01
     50000   -22.00000000  -4.8655900000e-01
     50000   -20.00000000  -4.6051800000e-01
     50000   -18.00000000  -4.3382600000e-01
     50000   -16.00000000  -4.0713600000e-01
     50000   -14.00000000  -3.8139200000e-01
     50000   -12.00000000  -3.5805100000e-01
     50000   -10.00000000  -3.3960200000e-01
     50000    -8.00000000  -3.3083600000e-01
     50000    -6.00000000  -3.4118800000e-01
     50000    -4.00000000  -3.9357900000e-01
     50000    -2.00000000  -1.1016800000e-01
     50000     0.00000000   2.6380000000e-01
     50000     2.00000000   5.0230000000e-01
     50000     4.00000000   7.2460000000e-01
     50000     6.00000000   8.8805000000e-01
     50000     8.00000000   9.6930000000e-01
     50000    10.00000000   8.9400000000e-01
     50000    12.00000000   8.6320000000e-01
     50000    14.00000000   8.5085700000e-01
     50000    16.00000000   9.7010800000e-01
     50000    18.00000000   1.0452800000e+00
     50000    20.00000000   1.1527590000e+00
     50000    22.00000000   1.1166050000e+00
     50000    24.00000000   1.0746360000e+00
     50000    26.00000000   1.0406590000e+00
     50000    28.00000000   1.0122480000e+00
     50000    30.00000000   9.8773100000e-01
     50000    32.00000000   9.6584000000e-01
     50000    34.00000000   9.4559400000e-01
     50000    36.00000000   9.2622500000e-01
     50000    38.00000000   9.0712400000e-01
     50000    40.00000000   8.8780500000e-01
     50000    42.00000000   8.6788100000e-01
     50000    44.00000000   8.4704400000e-01
     50000    46.00000000   8.2504900000e-01
     50000    48.00000000   8.0171000000e-01
     50000    50.00000000   7.7688300000e-01
     50000    52.00000000   7.5046800000e-01
     50000    54.00000000   7.2239800000e-01
     50000    56.00000000   6.9264000000e-01
     50000    58.00000000   6.6118800000e-01
     50000    60.00000000   6.2806100000e-01
     50000    62.00000000   5.9330200000e-01
     50000    64.00000000   5.5697500000e-01
     50000    66.00000000   5.1916300000e-01
     50000    68.00000000   4.7996800000e-01
     50000    70.00000000   4.3950700000e-01
     50000    72.00000000   3.9791200000e-01
     50000    74.00000000   3.5532900000e-01
     50000    76.00000000   3.1191500000e-01
     50000    78.00000000   2.6784000000e-01
     50000    80.00000000   2.2328100000e-01
     50000    82.00000000   1.7842500000e-01
     50000    84.00000000   1.3346600000e-01
     50000    86.00000000   8.8605000000e-02
     50000    88.00000000   4.4047000000e-02
     50000    90.00000000   0.0000000000e+00
    100000   -90.00000000  -0.0000000000e+00
    100000   -88.00000000  -4.3722000000e-02
    100000   -86.00000000  -8.7305000000e-02
    100000   -84.00000000  -1.3053800000e-01
    100000   -82.00000000  -1.7321100000e-01
    100000   -80.00000000  -2.1511800000e-01
    100000   -78.00000000  -2.5605900000e-01
    100000   -76.00000000  -2.9583500000e-01
    100000   -74.00000000  -3.3425800000e-01
    100000   -72.00000000  -3.7114500000e-01
    100000   -70.00000000  -4.0632000000e-01
    100000   -68.00000000  -4.3961900000e-01
    100000   -66.00000000  -4.7088600000e-01
    100000   -64.00000000  -4.9997600000e-01
    100000   -62.00000000  -5.2675500000e-01
    100000   -60.00000000  -5.5110300000e-01
    100000   -58.00000000  -5.7291200000e-01
    100000   -56.00000000  -5.9208800000e-01
    100000   -54.00000000  -6.0855100000e-01
    100000   -52.00000000  -6.2223600000e-01
    100000   -50.00000000  -6.3309400000e-01
    100000   -48.00000000  -6.4109300000e-01
    100000   -46.00000000  -6.4621500000e-01
    100000   -44.00000000  -6.4846100000e-01
    100000   -42.00000000  -6.4785300000e-01
    100000   -40.00000000  -6.4442600000e-01
    100000   -38.00000000  -6.3824000000e-01
    100000   -36.00000000  -6.2937300000e-01
    100000   -34.00000000  -6.1792900000e-01
    100000   -32.00000000  -6.0403500000e-01
    100000   -30.00000000  -5.8784600000e-01
    100000   -28.00000000  -5.6955300000e-01
    100000   -26.00000000  -5.4938800000e-01
    100000   -24.00000000  -5.2763200000e-01
    100000   -22.00000000  -5.0463800000e-01
    100000   -20.00000000  -4.8085800000e-01
    100000   -18.00000000  -4.5688500000e-01
    100000   -16.00000000  -4.3354700000e-01
    100000   -14.00000000  -4.1205100000e-01
    100000   -12.00000000  -3.9430500000e-01
    100000   -10.00000000  -3.8360300000e-01
    100000    -8.00000000  -3.7607900000e-01
    100000    -6.00000000  -3.8719700000e-01
    100000    -4.00000000  -6.8398000000e-02
    100000    -2.00000000   2.5220000000e-01
    100000     0.00000000   5.5710000000e-01
    100000     2.00000000   8.3080000000e-01
    100000     4.00000000   1.0635000000e+00
    100000     6.00000000   1.2577000000e+00
    100000     8.00000000   1.4273000000e+00
    100000    10.00000000   1.4679000000e+00
    100000    12.00000000   1.5448410000e+00
    100000    14.00000000   1.5077180000e+00
    100000    16.00000000   1.3693330000e+00
    100000    18.00000000   1.2719610000e+00
    100000    20.00000000   1.1997890000e+00
    100000    22.00000000   1.1436720000e+00
    100000    24.00000000   1.0989980000e+00
    100000    26.00000000   1.0625400000e+00
    100000    28.00000000   1.0319640000e+00
    100000    30.00000000   1.0055410000e+00
    100000    32.00000000   9.8195400000e-01
    100000    34.00000000   9.6018800000e-01
    100000    36.00000000   9.3944700000e-01
    100000    38.00000000   9.1910000000e-01
    100000    40.00000000   8.9864500000e-01
    100000    42.00000000   8.7768100000e-01
    100000    44.00000000   8.5588800000e-01
    100000    46.00000000   8.3301400000e-01
    100000    48.00000000   8.0886300000e-01
    100000    50.00000000   7.8328700000e-01
    100000    52.00000000   7.5617900000e-01
    100000    54.00000000   7.2746900000e-01
    100000    56.00000000   6.9711900000e-01
    100000    58.00000000   6.6512000000e-01
    100000    60.00000000   6.3148800000e-01
    100000    62.00000000   5.9626600000e-01
    100000    64.00000000   5.5951300000e-01
    100000    66.00000000   5.2131300000e-01
    100000    68.00000000   4.8176500000e-01
    100000    70.00000000   4.4098500000e-01
    100000    72.00000000   3.9910400000e-01
    100000    74.00000000   3.5626700000e-01
    100000    76.00000000   3.1263200000e-01
    100000    78.00000000   2.6836500000e-01
    100000    80.00000000   2.2364400000e-01
    100000    82.00000000   1.7865700000e-01
    100000    84.00000000   1.3359700000e-01
    100000    86.00000000   8.8663000000e-02
    100000    88.00000000   4.4061000000e-02
    100000    90.00000000   0.0000000000e+00
    150000   -90.00000000  -0.0000000000e+00
    150000   -88.00000000  -4.3727000000e-02
    150000   -86.00000000  -8.7325000000e-02
    150000   -84.00000000  -1.3058300000e-01
    150000   -82.00000000  -1.7329200000e-01
    150000   -80.00000000  -2.1524500000e-01
    150000   -78.00000000  -2.5624200000e-01
    150000   -76.00000000  -2.9608500000e-01
    150000   -74.00000000  -3.3458600000e-01
    150000   -72.00000000  -3.7156100000e-01
    150000   -70.00000000  -4.0683600000e-01
    150000   -68.00000000  -4.4024600000e-01
    150000   -66.00000000  -4.7163600000e-01
    150000   -64.00000000  -5.0086100000e-01
    150000   -62.00000000  -5.2778900000e-01
    150000   -60.00000000  -5.5229800000e-01
    150000   -58.00000000  -5.7428300000e-01
    150000   -56.00000000  -5.9365000000e-01
    150000   -54.00000000  -6.1031900000e-01
    150000   -52.00000000  -6.2422800000e-01
    150000   -50.00000000  -6.3532800000e-01
    150000   -48.00000000  -6.4358700000e-01
    150000   -46.00000000  -6.4899200000e-01
    150000   -44.00000000  -6.5154600000e-01
    150000   -42.00000000  -6.5127000000e-01
    150000   -40.00000000  -6.4820600000e-01
    150000   -38.00000000  -6.4241600000e-01
    150000   -36.00000000  -6.3398400000e-01
    150000   -34.00000000  -6.2301900000e-01
    150000   -32.00000000  -6.0965500000e-01
    150000   -30.00000000  -5.9405800000e-01
    150000   -28.00000000  -5.7643000000e-01
    150000   -26.00000000  -5.5701900000e-01
    150000   -24.00000000  -5.3612800000e-01
    150000   -22.00000000  -5.1414100000e-01
    150000   -20.00000000  -4.9154900000e-01
    150000   -18.00000000  -4.6900600000e-01
    150000   -16.00000000  -4.4742800000e-01
    150000   -14.00000000  -4.2816600000e-01
    150000   -12.00000000  -4.1336100000e-01
    150000   -10.00000000  -4.0472300000e-01
    150000    -8.00000000  -4.1087000000e-01
    150000    -6.00000000  -2.7980400000e-01
    150000    -4.00000000   5.5300000000e-02
    150000    -2.00000000   3.6380000000e-01
    150000     0.00000000   6.5940000000e-01
    150000     2.00000000   8.6650000000e-01
    150000     4.00000000   1.0711000000e+00
    150000     6.00000000   1.2573000000e+00
    150000     8.00000000   1.3781000000e+00
    150000    10.00000000   1.4625000000e+00
    150000    12.00000000   1.5677080000e+00
    150000    14.00000000   1.5182920000e+00
    150000    16.00000000   1.3730880000e+00
    150000    18.00000000   1.2767550000e+00
    150000    20.00000000   1.2040180000e+00
    150000    22.00000000   1.1474310000e+00
    150000    24.00000000   1.1023590000e+00
    150000    26.00000000   1.0655580000e+00
    150000    28.00000000   1.0346840000e+00
    150000    30.00000000   1.0079970000e+00
    150000    32.00000000   9.8417700000e-01
    150000    34.00000000   9.6220100000e-01
    150000    36.00000000   9.4127000000e-01
    150000    38.00000000   9.2075200000e-01
    150000    40.00000000   9.0014000000e-01
    150000    42.00000000   8.7903300000e-01
    150000    44.00000000   8.5710800000e-01
    150000    46.00000000   8.3411300000e-01
    150000    48.00000000   8.0985000000e-01
    150000    50.00000000   7.8417000000e-01
    150000    52.00000000   7.5696700000e-01
    150000    54.00000000   7.2816800000e-01
    150000    56.00000000   6.9773700000e-01
    150000    58.00000000   6.6566200000e-01
    150000    60.00000000   6.3196100000e-01
    150000    62.00000000   5.9667400000e-01
    150000    64.00000000   5.5986300000e-01
    150000    66.00000000   5.2161000000e-01
    150000    68.00000000   4.8201300000e-01
    150000    70.00000000   4.4118900000e-01
    150000    72.00000000   3.9926900000e-01
    150000    74.00000000   3.5639700000e-01
    150000    76.00000000   3.1273000000e-01
    150000    78.00000000   2.6843700000e-01
    150000    80.00000000   2.2369500000e-01
    150000    82.00000000   1.7868900000e-01
    150000    84.00000000   1.3361500000e-01
    150000    86.00000000   8.8671000000e-02
    150000    88.00000000   4.4063000000e-02
    150000    90.00000000   0.0000000000e+00
    200000   -90.00000000  -0.0000000000e+00
    200000   -88.00000000  -4.3721000000e-02
    200000   -86.00000000  -8.7300000000e-02
    200000   -84.00000000  -1.3052600000e-01
    200000   -82.00000000  -1.7319000000e-01
    200000   -80.00000000  -2.1508600000e-01
    200000   -78.00000000  -2.5601300000e-01
    200000   -76.00000000  -2.9577300000e-01
    200000   -74.00000000  -3.3417600000e-01
    200000   -72.00000000  -3.7104100000e-01
    200000   -70.00000000  -4.0619100000e-01
    200000   -68.00000000  -4.3946200000e-01
    200000   -66.00000000  -4.7069800000e-01
    200000   -64.00000000  -4.9975400000e-01
    200000   -62.00000000  -5.2649600000e-01
    200000   -60.00000000  -5.5080300000e-01
    200000   -58.00000000  -5.7256800000e-01
    200000   -56.00000000  -5.9169700000e-01
    200000   -54.00000000  -6.0810800000e-01
    200000   -52.00000000  -6.2173700000e-01
    200000   -50.00000000  -6.3253500000e-01
    200000   -48.00000000  -6.4046700000e-01
    200000   -46.00000000  -6.4551800000e-01
    200000   -44.00000000  -6.4768800000e-01
    200000   -42.00000000  -6.4699600000e-01
    200000   -40.00000000  -6.4347800000e-01
    200000   -38.00000000  -6.3719300000e-01
    200000   -36.00000000  -6.2821800000e-01
    200000   -34.00000000  -6.1665400000e-01
    200000   -32.00000000  -6.0262600000e-01
    200000   -30.00000000  -5.8628900000e-01
    200000   -28.00000000  -5.6783000000e-01
    200000   -26.00000000  -5.4747500000e-01
    200000   -24.00000000  -5.2550200000e-01
    200000   -22.00000000  -5.0225700000e-01
    200000   -20.00000000  -4.7817800000e-01
    200000   -18.00000000  -4.5384800000e-01
    200000   -16.00000000  -4.3006800000e-01
    200000   -14.00000000  -4.0801200000e-01
    200000   -12.00000000  -3.8952900000e-01
    200000   -10.00000000  -3.7673000000e-01
    200000    -8.00000000  -3.8048900000e-01
    200000    -6.00000000  -2.1021600000e-01
    200000    -4.00000000   1.2160000000e-01
    200000    -2.00000000   4.2810000000e-01
    200000     0.00000000   6.8820000000e-01
    200000     2.00000000   8.7220000000e-01
    200000     4.00000000   1.0692000000e+00
    200000     6.00000000   1.2472000000e+00
    200000     8.00000000   1.3622000000e+00
    200000    10.00000000   1.4687000000e+00
    200000    12.00000000   1.5775990000e+00
    200000    14.00000000   1.5187810000e+00
    200000    16.00000000   1.3757560000e+00
    200000    18.00000000   1.2790920000e+00
    200000    20.00000000   1.2060790000e+00
    200000    22.00000000   1.1492630000e+00
    200000    24.00000000   1.1039970000e+00
    200000    26.00000000   1.0670290000e+00
    200000    28.00000000   1.0360100000e+00
    200000    30.00000000   1.0091950000e+00
    200000    32.00000000   9.8526000000e-01
    200000    34.00000000   9.6318200000e-01
    200000    36.00000000   9.4215900000e-01
    200000    38.00000000   9.2155700000e-01
    200000    40.00000000   9.0086900000e-01
    200000    42.00000000   8.7969200000e-01
    200000    44.00000000   8.5770300000e-01
    200000    46.00000000   8.3464800000e-01
    200000    48.00000000   8.1033100000e-01
    200000    50.00000000   7.8460100000e-01
    200000    52.00000000   7.5735100000e-01
    200000    54.00000000   7.2850900000e-01
    200000    56.00000000   6.9803800000e-01
    200000    58.00000000   6.6592600000e-01
    200000    60.00000000   6.3219200000e-01
    200000    62.00000000   5.9687400000e-01
    200000    64.00000000   5.6003400000e-01
    200000    66.00000000   5.2175400000e-01
    200000    68.00000000   4.8213400000e-01
    200000    70.00000000   4.4128800000e-01
    200000    72.00000000   3.9934900000e-01
    200000    74.00000000   3.5646000000e-01
    200000    76.00000000   3.1277800000e-01
    200000    78.00000000   2.6847200000e-01
    200000    80.00000000   2.2371900000e-01
    200000    82.00000000   1.7870500000e-01
    200000    84.00000000   1.3362400000e-01
    200000    86.00000000   8.8675000000e-02
    200000    88.00000000   4.4064000000e-02
    200000    90.00000000   0.0000000000e+00
    250000   -90.00000000  -0.0000000000e+00
    250000   -88.00000000  -4.3750000000e-02
    250000   -86.00000000  -8.7416000000e-02
    250000   -84.00000000  -1.3078800000e-01
    250000   -82.00000000  -1.7365700000e-01
    250000   -80.00000000  -2.1581700000e-01
    250000   -78.00000000  -2.5706700000e-01
    250000   -76.00000000  -2.9721200000e-01
    250000   -74.00000000  -3.3606200000e-01
    250000   -72.00000000  -3.7343600000e-01
    250000   -70.00000000  -4.0916200000e-01
    250000   -68.00000000  -4.4307400000e-01
    250000   -66.00000000  -4.7501900000e-01
    250000   -64.00000000  -5.0485500000e-01
    250000   -62.00000000  -5.3245200000e-01
    250000   -60.00000000  -5.5769100000e-01
    250000   -58.00000000  -5.8046900000e-01
    250000   -56.00000000  -6.0069600000e-01
    250000   -54.00000000  -6.1829700000e-01
    250000   -52.00000000  -6.3321400000e-01
    250000   -50.00000000  -6.4540400000e-01
    250000   -48.00000000  -6.5484300000e-01
    250000   -46.00000000  -6.6152400000e-01
    250000   -44.00000000  -6.6546200000e-01
    250000   -42.00000000  -6.6668900000e-01
    250000   -40.00000000  -6.6526100000e-01
    250000   -38.00000000  -6.6125900000e-01
    250000   -36.00000000  -6.5478700000e-01
    250000   -34.00000000  -6.4598000000e-01
    250000   -32.00000000  -6.3500900000e-01
    250000   -30.00000000  -6.2208000000e-01
    250000   -28.00000000  -6.0745200000e-01
    250000   -26.00000000  -5.9144500000e-01
    250000   -24.00000000  -5.7446000000e-01
    250000   -22.00000000  -5.5701300000e-01
    250000   -20.00000000  -5.3978100000e-01
    250000   -18.00000000  -5.2368800000e-01
    250000   -16.00000000  -5.1005500000e-01
    250000   -14.00000000  -5.0086800000e-01
    250000   -12.00000000  -4.9933000000e-01
    250000   -10.00000000  -5.1335900000e-01
    250000    -8.00000000  -4.4518900000e-01
    250000    -6.00000000  -1.2620000000e-01
    250000    -4.00000000   1.6350000000e-01
    250000    -2.00000000   4.5980000000e-01
    250000     0.00000000   6.9670000000e-01
    250000     2.00000000   8.7630000000e-01
    250000     4.00000000   1.0671000000e+00
    250000     6.00000000   1.2382000000e+00
    250000     8.00000000   1.3626000000e+00
    250000    10.00000000   1.4821340000e+00
    250000    12.00000000   1.5748340000e+00
    250000    14.00000000   1.4529350000e+00
    250000    16.00000000   1.3182210000e+00
    250000    18.00000000   1.2293320000e+00
    250000    20.00000000   1.1621890000e+00
    250000    22.00000000   1.1102500000e+00
    250000    24.00000000   1.0691150000e+00
    250000    26.00000000   1.0357020000e+00
    250000    28.00000000   1.0077800000e+00
    250000    30.00000000   9.8369500000e-01
    250000    32.00000000   9.6218800000e-01
    250000    34.00000000   9.4228800000e-01
    250000    36.00000000   9.2323000000e-01
    250000    38.00000000   9.0441100000e-01
    250000    40.00000000   8.8534900000e-01
    250000    42.00000000   8.6566100000e-01
    250000    44.00000000   8.4504000000e-01
    250000    46.00000000   8.2324500000e-01
    250000    48.00000000   8.0008900000e-01
    250000    50.00000000   7.7543200000e-01
    250000    52.00000000   7.4917400000e-01
    250000    54.00000000   7.2124900000e-01
    250000    56.00000000   6.9162600000e-01
    250000    58.00000000   6.6029700000e-01
    250000    60.00000000   6.2728400000e-01
    250000    62.00000000   5.9263000000e-01
    250000    64.00000000   5.5639900000e-01
    250000    66.00000000   5.1867600000e-01
    250000    68.00000000   4.7956100000e-01
    250000    70.00000000   4.3917200000e-01
    250000    72.00000000   3.9764200000e-01
    250000    74.00000000   3.5511600000e-01
    250000    76.00000000   3.1175300000e-01
    250000    78.00000000   2.6772100000e-01
    250000    80.00000000   2.2319800000e-01
    250000    82.00000000   1.7837200000e-01
    250000    84.00000000   1.3343700000e-01
    250000    86.00000000   8.8592000000e-02
    250000    88.00000000   4.4043000000e-02
    250000    90.00000000   0.0000000000e+00
     50000   -90.00000000  -0.0000000000e+00
     50000   -88.00000000  -4.3714000000e-02
     50000   -86.00000000  -8.7272000000e-02
     50000   -84.00000000  -1.3046300000e-01
     50000   -82.00000000  -1.7307800000e-01
     50000   -80.00000000  -2.1491100000e-01
     50000   -78.00000000  -2.5575900000e-01
     50000   -76.00000000  -2.9542700000e-01
     50000   -74.00000000  -3.3372300000e-01
     50000   -72.00000000  -3.7046500000e-01
     50000   -70.00000000  -4.0547700000e-01
     50000   -68.00000000  -4.3859400000e-01
     50000   -66.00000000  -4.6965900000e-01
     50000   -64.00000000  -4.9852700000e-01
     50000   -62.00000000  -5.2506400000e-01
     50000   -60.00000000  -5.4914700000e-01
     50000   -58.00000000  -5.7066900000e-01
     50000   -56.00000000  -5.8953300000e-01
     50000   -54.00000000  -6.0565800000e-01
     50000   -52.00000000  -6.1897700000e-01
     50000   -50.00000000  -6.2944000000e-01
     50000   -48.00000000  -6.3701100000e-01
     50000   -46.00000000  -6.4167000000e-01
     50000   -44.00000000  -6.4341500000e-01
     50000   -42.00000000  -6.4226100000e-01
     50000   -40.00000000  -6.3824100000e-01
     50000   -38.00000000  -6.3140700000e-01
     50000   -36.00000000  -6.2183000000e-01
     50000   -34.00000000  -6.0960200000e-01
     50000   -32.00000000  -5.9484000000e-01
     50000   -30.00000000  -5.7768400000e-01
     50000   -28.00000000  -5.5830300000e-01
     50000   -26.00000000  -5.3690300000e-01
     50000   -24.00000000  -5.1373100000e-01
     50000   -22.00000000  -4.8909100000e-01
     50000   -20.00000000  -4.6336600000e-01
     50000   -18.00000000  -4.3705500000e-01
     50000   -16.00000000  -4.1083500000e-01
     50000   -14.00000000  -3.8568500000e-01
     50000   -12.00000000  -3.6312800000e-01
     50000   -10.00000000  -3.4576400000e-01
     50000    -8.00000000  -3.3861100000e-01
     50000    -6.00000000  -3.5613600000e-01
     50000    -4.00000000  -3.9053500000e-01
     50000    -2.00000000  -1.0392500000e-01
     50000     0.00000000   2.5890000000e-01
     50000     2.00000000   5.1130000000e-01
     50000     4.00000000   7.3730000000e-01
     50000     6.00000000   9.4340000000e-01
     50000     8.00000000   1.1578470000e+00
     50000    10.00000000   1.4615440000e+00
     50000    12.00000000   1.4008360000e+00
     50000    14.00000000   1.2448070000e+00
     50000    16.00000000   1.1508950000e+00
     50000    18.00000000   1.0832320000e+00
     50000    20.00000000   1.0333220000e+00
     50000    22.00000000   9.9570600000e-01
     50000    24.00000000   9.6670000000e-01
     50000    26.00000000   9.4372100000e-01
     50000    28.00000000   9.2489400000e-01
     50000    30.00000000   9.0882500000e-01
     50000    32.00000000   8.9444800000e-01
     50000    34.00000000   8.8093900000e-01
     50000    36.00000000   8.6765000000e-01
     50000    38.00000000   8.5406700000e-01
     50000    40.00000000   8.3978100000e-01
     50000    42.00000000   8.2446500000e-01
     50000    44.00000000   8.0785900000e-01
     50000    46.00000000   7.8976100000e-01
     50000    48.00000000   7.7001600000e-01
     50000    50.00000000   7.4851000000e-01
     50000    52.00000000   7.2516500000e-01
     50000    54.00000000   6.9993400000e-01
     50000    56.00000000   6.7279900000e-01
     50000    58.00000000   6.4376900000e-01
     50000    60.00000000   6.1287500000e-01
     50000    62.00000000   5.8017100000e-01
     50000    64.00000000   5.4572700000e-01
     50000    66.00000000   5.0963700000e-01
     50000    68.00000000   4.7200600000e-01
     50000    70.00000000   4.3295800000e-01
     50000    72.00000000   3.9263000000e-01
     50000    74.00000000   3.5117100000e-01
     50000    76.00000000   3.0874200000e-01
     50000    78.00000000   2.6551500000e-01
     50000    80.00000000   2.2167000000e-01
     50000    82.00000000   1.7739600000e-01
     50000    84.00000000   1.3288800000e-01
     50000    86.00000000   8.8349000000e-02
     50000    88.00000000   4.3983000000e-02
     50000    90.00000000   0.0000000000e+00
    100000   -90.00000000  -0.0000000000e+00
    100000   -88.00000000  -4.3722000000e-02
    100000   -86.00000000  -8.7307000000e-02
    100000   -84.00000000  -1.3054300000e-01
    100000   -82.00000000  -1.7322100000e-01
    100000   -80.00000000  -2.1513400000e-01
    100000   -78.00000000  -2.5608200000e-01
    100000   -76.00000000  -2.9586700000e-01
    100000   -74.00000000  -3.3430000000e-01
    100000   -72.00000000  -3.7119700000e-01
    100000   -70.00000000  -4.0638500000e-01
    100000   -68.00000000  -4.3969800000e-01
    100000   -66.00000000  -4.7098000000e-01
    100000   -64.00000000  -5.0008700000e-01
    100000   -62.00000000  -5.2688500000e-01
    100000   -60.00000000  -5.5125400000e-01
    100000   -58.00000000  -5.7308500000e-01
    100000   -56.00000000  -5.9228500000e-01
    100000   -54.00000000  -6.0877400000e-01
    100000   -52.00000000  -6.2248700000e-01
    100000   -50.00000000  -6.3337600000e-01
    100000   -48.00000000  -6.4140700000e-01
    100000   -46.00000000  -6.4656400000e-01
    100000   -44.00000000  -6.4885000000e-01
    100000   -42.00000000  -6.4828300000e-01
    100000   -40.00000000  -6.4490200000e-01
    100000   -38.00000000  -6.3876600000e-01
    100000   -36.00000000  -6.2995400000e-01
    100000   -34.00000000  -6.1857000000e-01
    100000   -32.00000000  -6.0474200000e-01
    100000   -30.00000000  -5.8862800000e-01
    100000   -28.00000000  -5.7041900000e-01
    100000   -26.00000000  -5.5034900000e-01
    100000   -24.00000000  -5.2870200000e-01
    100000   -22.00000000  -5.0583500000e-01
    100000   -20.00000000  -4.8220400000e-01
    100000   -18.00000000  -4.5841200000e-01
    100000   -16.00000000  -4.3529500000e-01
    100000   -14.00000000  -4.1408000000e-01
    100000   -12.00000000  -3.9670500000e-01
    100000   -10.00000000  -3.8651500000e-01
    100000    -8.00000000  -3.8492900000e-01
    100000    -6.00000000  -4.1380200000e-01
    100000    -4.00000000  -9.8838000000e-02
    100000    -2.00000000   2.3890000000e-01
    100000     0.00000000   5.3700000000e-01
    100000     2.00000000   8.1940000000e-01
    100000     4.00000000   1.0572000000e+00
    100000     6.00000000   1.2535000000e+00
    100000     8.00000000   1.3862000000e+00
    100000    10.00000000   1.4481000000e+00
    100000    12.00000000   1.5243870000e+00
    100000    14.00000000   1.4474340000e+00
    100000    16.00000000   1.3096230000e+00
    100000    18.00000000   1.2218250000e+00
    100000    20.00000000   1.1555670000e+00
    100000    22.00000000   1.1043650000e+00
    100000    24.00000000   1.0638530000e+00
    100000    26.00000000   1.0309750000e+00
    100000    28.00000000   1.0035210000e+00
    100000    30.00000000   9.7984800000e-01
    100000    32.00000000   9.5870800000e-01
    100000    34.00000000   9.3913500000e-01
    100000    36.00000000   9.2037400000e-01
    100000    38.00000000   9.0182400000e-01
    100000    40.00000000   8.8300800000e-01
    100000    42.00000000   8.6354400000e-01
    100000    44.00000000   8.4312900000e-01
    100000    46.00000000   8.2152400000e-01
    100000    48.00000000   7.9854300000e-01
    100000    50.00000000   7.7404800000e-01
    100000    52.00000000   7.4794000000e-01
    100000    54.00000000   7.2015400000e-01
    100000    56.00000000   6.9065800000e-01
    100000    58.00000000   6.5944800000e-01
    100000    60.00000000   6.2654400000e-01
    100000    62.00000000   5.9199000000e-01
    100000    64.00000000   5.5585100000e-01
    100000    66.00000000   5.1821100000e-01
    100000    68.00000000   4.7917300000e-01
    100000    70.00000000   4.3885300000e-01
    100000    72.00000000   3.9738400000e-01
    100000    74.00000000   3.5491400000e-01
    100000    76.00000000   3.1159800000e-01
    100000    78.00000000   2.6760800000e-01
    100000    80.00000000   2.2312000000e-01
    100000    82.00000000   1.7832200000e-01
    100000    84.00000000   1.3340900000e-01
    100000    86.00000000   8.8580000000e-02
    100000    88.00000000   4.4040000000e-02
    100000    90.00000000   0.0000000000e+00
    150000   -90.00000000  -0.0000000000e+00
    150000   -88.00000000  -4.3719000000e-02
    150000   -86.00000000  -8.7293000000e-02
    150000   -84.00000000  -1.3051000000e-01
    150000   -82.00000000  -1.7316200000e-01
    150000   -80.00000000  -2.1504200000e-01
    150000   -78.00000000  -2.5594800000e-01
    150000   -76.00000000  -2.9568500000e-01
    150000   -74.00000000  -3.3406100000e-01
    150000   -72.00000000  -3.7089500000e-01
    150000   -70.00000000  -4.0601000000e-01
    150000   -68.00000000  -4.3924200000e-01
    150000   -66.00000000  -4.7043500000e-01
    150000   -64.00000000  -4.9944300000e-01
    150000   -62.00000000  -5.2613300000e-01
    150000   -60.00000000  -5.5038400000e-01
    150000   -58.00000000  -5.7208700000e-01
    150000   -56.00000000  -5.9114800000e-01
    150000   -54.00000000  -6.0748700000e-01
    150000   -52.00000000  -6.2103800000e-01
    150000   -50.00000000  -6.3175000000e-01
    150000   -48.00000000  -6.3959100000e-01
    150000   -46.00000000  -6.4454300000e-01
    150000   -44.00000000  -6.4660500000e-01
    150000   -42.00000000  -6.4579600000e-01
    150000   -40.00000000  -6.4215100000e-01
    150000   -38.00000000  -6.3572700000e-01
    150000   -36.00000000  -6.2659900000e-01
    150000   -34.00000000  -6.1486700000e-01
    150000   -32.00000000  -6.0065300000e-01
    150000   -30.00000000  -5.8410800000e-01
    150000   -28.00000000  -5.6541600000e-01
    150000   -26.00000000  -5.4479600000e-01
    150000   -24.00000000  -5.2251900000e-01
    150000   -22.00000000  -4.9892000000e-01
    150000   -20.00000000  -4.7442400000e-01
    150000   -18.00000000  -4.4959200000e-01
    150000   -16.00000000  -4.2519300000e-01
    150000   -14.00000000  -4.0235400000e-01
    150000   -12.00000000  -3.8283800000e-01
    150000   -10.00000000  -3.6938700000e-01
    150000    -8.00000000  -3.7224200000e-01
    150000    -6.00000000  -2.9820000000e-01
    150000    -4.00000000   4.2600000000e-02
    150000    -2.00000000   3.4910000000e-01
    150000     0.00000000   6.4220000000e-01
    150000     2.00000000   8.6300000000e-01
    150000     4.00000000   1.0673000000e+00
    150000     6.00000000   1.2539000000e+00
    150000     8.00000000   1.3599000000e+00
    150000    10.00000000   1.4528520000e+00
    150000    12.00000000   1.5376910000e+00
    150000    14.00000000   1.4391680000e+00
    150000    16.00000000   1.3054950000e+00
    150000    18.00000000   1.2182200000e+00
    150000    20.00000000   1.1523880000e+00
    150000    22.00000000   1.1015390000e+00
    150000    24.00000000   1.0613260000e+00
    150000    26.00000000   1.0287060000e+00
    150000    28.00000000   1.0014760000e+00
    150000    30.00000000   9.7800100000e-01
    150000    32.00000000   9.5703600000e-01
    150000    34.00000000   9.3762200000e-01
    150000    36.00000000   9.1900200000e-01
    150000    38.00000000   9.0058200000e-01
    150000    40.00000000   8.8188300000e-01
    150000    42.00000000   8.6252800000e-01
    150000    44.00000000   8.4221200000e-01
    150000    46.00000000   8.2069800000e-01
    150000    48.00000000   7.9780200000e-01
    150000    50.00000000   7.7338400000e-01
    150000    52.00000000   7.4734800000e-01
    150000    54.00000000   7.1962800000e-01
    150000    56.00000000   6.9019400000e-01
    150000    58.00000000   6.5904000000e-01
    150000    60.00000000   6.2618800000e-01
    150000    62.00000000   5.9168200000e-01
    150000    64.00000000   5.5558800000e-01
    150000    66.00000000   5.1798800000e-01
    150000    68.00000000   4.7898600000e-01
    150000    70.00000000   4.3869900000e-01
    150000    72.00000000   3.9726100000e-01
    150000    74.00000000   3.5481600000e-01
    150000    76.00000000   3.1152400000e-01
    150000    78.00000000   2.6755300000e-01
    150000    80.00000000   2.2308200000e-01
    150000    82.00000000   1.7829800000e-01
    150000    84.00000000   1.3339500000e-01
    150000    86.00000000   8.8574000000e-02
    150000    88.00000000   4.4039000000e-02
    150000    90.00000000   0.0000000000e+00
    200000   -90.00000000  -0.0000000000e+00
    200000   -88.00000000  -4.3720000000e-02
    200000   -86.00000000  -8.7298000000e-02
    200000   -84.00000000  -1.3052100000e-01
    200000   -82.00000000  -1.7318200000e-01
    200000   -80.00000000  -2.1507300000e-01
    200000   -78.00000000  -2.5599300000e-01
    200000   -76.00000000  -2.9574600000e-01
    200000   -74.00000000  -3.3414200000e-01
    200000   -72.00000000  -3.7099700000e-01
    200000   -70.00000000  -4.0613700000e-01
    200000   -68.00000000  -4.3939600000e-01
    200000   -66.00000000  -4.7061900000e-01
    200000   -64.00000000  -4.9966000000e-01
    200000   -62.00000000  -5.2638600000e-01
    200000   -60.00000000  -5.5067700000e-01
    200000   -58.00000000  -5.7242300000e-01
    200000   -56.00000000  -5.9153100000e-01
    200000   -54.00000000  -6.0792100000e-01
    200000   -52.00000000  -6.2152600000e-01
    200000   -50.00000000  -6.3229800000e-01
    200000   -48.00000000  -6.4020300000e-01
    200000   -46.00000000  -6.4522400000e-01
    200000   -44.00000000  -6.4736200000e-01
    200000   -42.00000000  -6.4663400000e-01
    200000   -40.00000000  -6.4307800000e-01
    200000   -38.00000000  -6.3675100000e-01
    200000   -36.00000000  -6.2773000000e-01
    200000   -34.00000000  -6.1611500000e-01
    200000   -32.00000000  -6.0203100000e-01
    200000   -30.00000000  -5.8563200000e-01
    200000   -28.00000000  -5.6710200000e-01
    200000   -26.00000000  -5.4666800000e-01
    200000   -24.00000000  -5.2460300000e-01
    200000   -22.00000000  -5.0125100000e-01
    200000   -20.00000000  -4.7704700000e-01
    200000   -18.00000000  -4.5256500000e-01
    200000   -16.00000000  -4.2859900000e-01
    200000   -14.00000000  -4.0630700000e-01
    200000   -12.00000000  -3.8751300000e-01
    200000   -10.00000000  -3.7445900000e-01
    200000    -8.00000000  -3.7462200000e-01
    200000    -6.00000000  -2.2222400000e-01
    200000    -4.00000000   1.0660000000e-01
    200000    -2.00000000   4.1660000000e-01
    200000     0.00000000   6.7540000000e-01
    200000     2.00000000   8.6950000000e-01
    200000     4.00000000   1.0675000000e+00
    200000     6.00000000   1.2449000000e+00
    200000     8.00000000   1.3593000000e+00
    200000    10.00000000   1.4774270000e+00
    200000    12.00000000   1.4852140000e+00
    200000    14.00000000   1.3339190000e+00
    200000    16.00000000   1.2213960000e+00
    200000    18.00000000   1.1447900000e+00
    200000    20.00000000   1.0876190000e+00
    200000    22.00000000   1.0439680000e+00
    200000    24.00000000   1.0098520000e+00
    200000    26.00000000   9.8247600000e-01
    200000    28.00000000   9.5981800000e-01
    200000    30.00000000   9.4037100000e-01
    200000    32.00000000   9.2299000000e-01
    200000    34.00000000   9.0678800000e-01
    200000    36.00000000   8.9106800000e-01
    200000    38.00000000   8.7527900000e-01
    200000    40.00000000   8.5898100000e-01
    200000    42.00000000   8.4182200000e-01
    200000    44.00000000   8.2352500000e-01
    200000    46.00000000   8.0386900000e-01
    200000    48.00000000   7.8268700000e-01
    200000    50.00000000   7.5985300000e-01
    200000    52.00000000   7.3528100000e-01
    200000    54.00000000   7.0891500000e-01
    200000    56.00000000   6.8073200000e-01
    200000    58.00000000   6.5073300000e-01
    200000    60.00000000   6.1894600000e-01
    200000    62.00000000   5.8542000000e-01
    200000    64.00000000   5.5022400000e-01
    200000    66.00000000   5.1344500000e-01
    200000    68.00000000   4.7518900000e-01
    200000    70.00000000   4.3557700000e-01
    200000    72.00000000   3.9474200000e-01
    200000    74.00000000   3.5283300000e-01
    200000    76.00000000   3.1001100000e-01
    200000    78.00000000   2.6644500000e-01
    200000    80.00000000   2.2231400000e-01
    200000    82.00000000   1.7780700000e-01
    200000    84.00000000   1.3312000000e-01
    200000    86.00000000   8.8451000000e-02
    200000    88.00000000   4.4008000000e-02
    200000    90.00000000   0.0000000000e+00
    250000   -90.00000000  -0.0000000000e+00
    250000   -88.00000000  -4.3740000000e-02
    250000   -86.00000000  -8.7377000000e-02
    250000   -84.00000000  -1.3070100000e-01
    250000   -82.00000000  -1.7350100000e-01
    250000   -80.00000000  -2.1557200000e-01
    250000   -78.00000000  -2.5671400000e-01
    250000   -76.00000000  -2.9673000000e-01
    250000   -74.00000000  -3.3543100000e-01
    250000   -72.00000000  -3.7263500000e-01
    250000   -70.00000000  -4.0816700000e-01
    250000   -68.00000000  -4.4186500000e-01
    250000   -66.00000000  -4.7357300000e-01
    250000   -64.00000000  -5.0314800000e-01
    250000   -62.00000000  -5.3045800000e-01
    250000   -60.00000000  -5.5538600000e-01
    250000   -58.00000000  -5.7782500000e-01
    250000   -56.00000000  -5.9768400000e-01
    250000   -54.00000000  -6.1488700000e-01
    250000   -52.00000000  -6.2937300000e-01
    250000   -50.00000000  -6.4109700000e-01
    250000   -48.00000000  -6.5003200000e-01
    250000   -46.00000000  -6.5616700000e-01
    250000   -44.00000000  -6.5951300000e-01
    250000   -42.00000000  -6.6009800000e-01
    250000   -40.00000000  -6.5797100000e-01
    250000   -38.00000000  -6.5320400000e-01
    250000   -36.00000000  -6.4589400000e-01
    250000   -34.00000000  -6.3616500000e-01
    250000   -32.00000000  -6.2417000000e-01
    250000   -30.00000000  -6.1010100000e-01
    250000   -28.00000000  -5.9419100000e-01
    250000   -26.00000000  -5.7672900000e-01
    250000   -24.00000000  -5.5807500000e-01
    250000   -22.00000000  -5.3868600000e-01
    250000   -20.00000000  -5.1916300000e-01
    250000   -18.00000000  -5.0031300000e-01
    250000   -16.00000000  -4.8328400000e-01
    250000   -14.00000000  -4.6979000000e-01
    250000   -12.00000000  -4.6258100000e-01
    250000   -10.00000000  -4.3740000000e-01
    250000    -8.00000000  -4.4600800000e-01
    250000    -6.00000000  -1.3580000000e-01
    250000    -4.00000000   1.5020000000e-01
    250000    -2.00000000   4.4670000000e-01
    250000     0.00000000   6.8740000000e-01
    250000     2.00000000   8.7000000000e-01
    250000     4.00000000   1.0655000000e+00
    250000     6.00000000   1.2390000000e+00
    250000     8.00000000   1.3549000000e+00
    250000    10.00000000   1.4468000000e+00
    250000    12.00000000   1.4969290000e+00
    250000    14.00000000   1.5281220000e+00
    250000    16.00000000   1.4144280000e+00
    250000    18.00000000   1.3045610000e+00
    250000    20.00000000   1.2285440000e+00
    250000    22.00000000   1.1692310000e+00
    250000    24.00000000   1.1218510000e+00
    250000    26.00000000   1.0830640000e+00
    250000    28.00000000   1.0504590000e+00
    250000    30.00000000   1.0222470000e+00
    250000    32.00000000   9.9706900000e-01
    250000    34.00000000   9.7387700000e-01
    250000    36.00000000   9.5184800000e-01
    250000    38.00000000   9.3033300000e-01
    250000    40.00000000   9.0881300000e-01
    250000    42.00000000   8.8687300000e-01
    250000    44.00000000   8.6418400000e-01
    250000    46.00000000   8.4048600000e-01
    250000    48.00000000   8.1557300000e-01
    250000    50.00000000   7.8929400000e-01
    250000    52.00000000   7.6153600000e-01
    250000    54.00000000   7.3222500000e-01
    250000    56.00000000   7.0132000000e-01
    250000    58.00000000   6.6880800000e-01
    250000    60.00000000   6.3470400000e-01
    250000    62.00000000   5.9904600000e-01
    250000    64.00000000   5.6189400000e-01
    250000    66.00000000   5.2333000000e-01
    250000    68.00000000   4.8345100000e-01
    250000    70.00000000   4.4237100000e-01
    250000    72.00000000   4.0022200000e-01
    250000    74.00000000   3.5714800000e-01
    250000    76.00000000   3.1330300000e-01
    250000    78.00000000   2.6885700000e-01
    250000    80.00000000   2.2398500000e-01
    250000    82.00000000   1.7887500000e-01
    250000    84.00000000   1.3371900000e-01
    250000    86.00000000   8.8717000000e-02
    250000    88.00000000   4.4075000000e-02
    250000    90.00000000   0.0000000000e+00
     50000   -90.00000000  -0.0000000000e+00
     50000   -88.00000000  -4.3718000000e-02
     50000   -86.00000000  -8.7288000000e-02
     50000   -84.00000000  -1.3049900000e-01
     50000   -82.00000000  -1.7314200000e-01
     50000   -80.00000000  -2.1501100000e-01
     50000   -78.00000000  -2.5590400000e-01
     50000   -76.00000000  -2.9562400000e-01
     50000   -74.00000000  -3.3398100000e-01
     50000   -72.00000000  -3.7079300000e-01
     50000   -70.00000000  -4.0588400000e-01
     50000   -68.00000000  -4.3908900000e-01
     50000   -66.00000000  -4.7025100000e-01
     50000   -64.00000000  -4.9922600000e-01
     50000   -62.00000000  -5.2587900000e-01
     50000   -60.00000000  -5.5009100000e-01
     50000   -58.00000000  -5.7175100000e-01
     50000   -56.00000000  -5.9076500000e-01
     50000   -54.00000000  -6.0705300000e-01
     50000   -52.00000000  -6.2054900000e-01
     50000   -50.00000000  -6.3120300000e-01
     50000   -48.00000000  -6.3898000000e-01
     50000   -46.00000000  -6.4386200000e-01
     50000   -44.00000000  -6.4584900000e-01
     50000   -42.00000000  -6.4495800000e-01
     50000   -40.00000000  -6.4122400000e-01
     50000   -38.00000000  -6.3470200000e-01
     50000   -36.00000000  -6.2546800000e-01
     50000   -34.00000000  -6.1361900000e-01
     50000   -32.00000000  -5.9927500000e-01
     50000   -30.00000000  -5.8258500000e-01
     50000   -28.00000000  -5.6373000000e-01
     50000   -26.00000000  -5.4292500000e-01
     50000   -24.00000000  -5.2043600000e-01
     50000   -22.00000000  -4.9659000000e-01
     50000   -20.00000000  -4.7180300000e-01
     50000   -18.00000000  -4.4662000000e-01
     50000   -16.00000000  -4.2178900000e-01
     50000   -14.00000000  -3.9840200000e-01
     50000   -12.00000000  -3.7816500000e-01
     50000   -10.00000000  -3.6401500000e-01
     50000    -8.00000000  -3.6163500000e-01
     50000    -6.00000000  -3.8177100000e-01
     50000    -4.00000000  -3.7722000000e-01
     50000    -2.00000000  -9.5300000000e-02
     50000     0.00000000   2.5000000000e-01
     50000     2.00000000   5.1370000000e-01
     50000     4.00000000   7.4680000000e-01
     50000     6.00000000   9.4500000000e-01
     50000     8.00000000   1.2510000000e+00
     50000    10.00000000   1.4552240000e+00
     50000    12.00000000   1.4381560000e+00
     50000    14.00000000   1.2920800000e+00
     50000    16.00000000   1.1871390000e+00
     50000    18.00000000   1.1148790000e+00
     50000    20.00000000   1.0612360000e+00
     50000    22.00000000   1.0205170000e+00
     50000    24.00000000   9.8888400000e-01
     50000    26.00000000   9.6364500000e-01
     50000    28.00000000   9.4284800000e-01
     50000    30.00000000   9.2504200000e-01
     50000    32.00000000   9.0912100000e-01
     50000    34.00000000   8.9422700000e-01
     50000    36.00000000   8.7968900000e-01
     50000    38.00000000   8.6497200000e-01
     50000    40.00000000   8.4965200000e-01
     50000    42.00000000   8.3338800000e-01
     50000    44.00000000   8.1591300000e-01
     50000    46.00000000   7.9701400000e-01
     50000    48.00000000   7.7653000000e-01
     50000    50.00000000   7.5434200000e-01
     50000    52.00000000   7.3036500000e-01
     50000    54.00000000   7.0455100000e-01
     50000    56.00000000   6.7687700000e-01
     50000    58.00000000   6.4734900000e-01
     50000    60.00000000   6.1599600000e-01
     50000    62.00000000   5.8286900000e-01
     50000    64.00000000   5.4803900000e-01
     50000    66.00000000   5.1159500000e-01
     50000    68.00000000   4.7364300000e-01
     50000    70.00000000   4.3430400000e-01
     50000    72.00000000   3.9371600000e-01
     50000    74.00000000   3.5202600000e-01
     50000    76.00000000   3.0939500000e-01
     50000    78.00000000   2.6599300000e-01
     50000    80.00000000   2.2200100000e-01
     50000    82.00000000   1.7760800000e-01
     50000    84.00000000   1.3300700000e-01
     50000    86.00000000   8.8401000000e-02
     50000    88.00000000   4.3996000000e-02
     50000    90.00000000   0.0000000000e+00
    100000   -90.00000000  -0.0000000000e+00
    100000   -88.00000000  -4.3722000000e-02
    100000   -86.00000000  -8.7307000000e-02
    100000   -84.00000000  -1.3054200000e-01
    100000   -82.00000000  -1.7321900000e-01
    100000   -80.00000000  -2.1513200000e-01
    100000   -78.00000000  -2.5607800000e-01
    100000   -76.00000000  -2.9586300000e-01
    100000   -74.00000000  -3.3429400000e-01
    100000   -72.00000000  -3.7119000000e-01
    100000   -70.00000000  -4.0637700000e-01
    100000   -68.00000000  -4.3968800000e-01
    100000   -66.00000000  -4.7096800000e-01
    100000   -64.00000000  -5.0007200000e-01
    100000   -62.00000000  -5.2686800000e-01
    100000   -60.00000000  -5.5123400000e-01
    100000   -58.00000000  -5.7306200000e-01
    100000   -56.00000000  -5.9225900000e-01
    100000   -54.00000000  -6.0874400000e-01
    100000   -52.00000000  -6.2245400000e-01
    100000   -50.00000000  -6.3333800000e-01
    100000   -48.00000000  -6.4136500000e-01
    100000   -46.00000000  -6.4651800000e-01
    100000   -44.00000000  -6.4879800000e-01
    100000   -42.00000000  -6.4822600000e-01
    100000   -40.00000000  -6.4483900000e-01
    100000   -38.00000000  -6.3869600000e-01
    100000   -36.00000000  -6.2987700000e-01
    100000   -34.00000000  -6.1848500000e-01
    100000   -32.00000000  -6.0464800000e-01
    100000   -30.00000000  -5.8852400000e-01
    100000   -28.00000000  -5.7030400000e-01
    100000   -26.00000000  -5.5022100000e-01
    100000   -24.00000000  -5.2855900000e-01
    100000   -22.00000000  -5.0567600000e-01
    100000   -20.00000000  -4.8202500000e-01
    100000   -18.00000000  -4.5820900000e-01
    100000   -16.00000000  -4.3506200000e-01
    100000   -14.00000000  -4.1381000000e-01
    100000   -12.00000000  -3.9638500000e-01
    100000   -10.00000000  -3.8612800000e-01
    100000    -8.00000000  -3.8709300000e-01
    100000    -6.00000000  -4.2150000000e-01
    100000    -4.00000000  -1.3685800000e-01
    100000    -2.00000000   2.2910000000e-01
    100000     0.00000000   5.4610000000e-01
    100000     2.00000000   8.0970000000e-01
    100000     4.00000000   1.0488000000e+00
    100000     6.00000000   1.2463000000e+00
    100000     8.00000000   1.3549000000e+00
    100000    10.00000000   1.4314770000e+00
    100000    12.00000000   1.4959590000e+00
    100000    14.00000000   1.3981910000e+00
    100000    16.00000000   1.2720520000e+00
    100000    18.00000000   1.1890200000e+00
    100000    20.00000000   1.1266320000e+00
    100000    22.00000000   1.0786450000e+00
    100000    24.00000000   1.0408570000e+00
    100000    26.00000000   1.0103220000e+00
    100000    28.00000000   9.8491000000e-01
    100000    30.00000000   9.6303700000e-01
    100000    32.00000000   9.4349700000e-01
    100000    34.00000000   9.2536000000e-01
    100000    36.00000000   9.0789400000e-01
    100000    38.00000000   8.9052000000e-01
    100000    40.00000000   8.7277600000e-01
    100000    42.00000000   8.5429400000e-01
    100000    44.00000000   8.3478100000e-01
    100000    46.00000000   8.1400600000e-01
    100000    48.00000000   7.9179100000e-01
    100000    50.00000000   7.6800400000e-01
    100000    52.00000000   7.4254900000e-01
    100000    54.00000000   7.1536800000e-01
    100000    56.00000000   6.8643100000e-01
    100000    58.00000000   6.5573700000e-01
    100000    60.00000000   6.2330900000e-01
    100000    62.00000000   5.8919200000e-01
    100000    64.00000000   5.5345500000e-01
    100000    66.00000000   5.1618200000e-01
    100000    68.00000000   4.7747600000e-01
    100000    70.00000000   4.3745800000e-01
    100000    72.00000000   3.9625900000e-01
    100000    74.00000000   3.5402800000e-01
    100000    76.00000000   3.1092200000e-01
    100000    78.00000000   2.6711200000e-01
    100000    80.00000000   2.2277700000e-01
    100000    82.00000000   1.7810300000e-01
    100000    84.00000000   1.3328600000e-01
    100000    86.00000000   8.8525000000e-02
    100000    88.00000000   4.4027000000e-02
    100000    90.00000000   0.0000000000e+00
    150000   -90.00000000  -0.0000000000e+00
    150000   -88.00000000  -4.3719000000e-02
    150000   -86.00000000  -8.7296000000e-02
    150000   -84.00000000  -1.3051700000e-01
    150000   -82.00000000  -1.7317300000e-01
    150000   -80.00000000  -2.1506000000e-01
    150000   -78.00000000  -2.5597400000e-01
    150000   -76.00000000  -2.9572000000e-01
    150000   -74.00000000  -3.3410800000e-01
    150000   -72.00000000  -3.7095400000e-01
    150000   -70.00000000  -4.0608300000e-01
    150000   -68.00000000  -4.3933100000e-01
    150000   -66.00000000  -4.7054100000e-01
    150000   -64.00000000  -4.9956800000e-01
    150000   -62.00000000  -5.2627900000e-01
    150000   -60.00000000  -5.5055300000e-01
    150000   -58.00000000  -5.7228100000e-01
    150000   -56.00000000  -5.9136900000e-01
    150000   -54.00000000  -6.0773700000e-01
    150000   -52.00000000  -6.2132000000e-01
    150000   -50.00000000  -6.3206700000e-01
    150000   -48.00000000  -6.3994500000e-01
    150000   -46.00000000  -6.4493600000e-01
    150000   -44.00000000  -6.4704200000e-01
    150000   -42.00000000  -6.4628000000e-01
    150000   -40.00000000  -6.4268600000e-01
    150000   -38.00000000  -6.3631800000e-01
    150000   -36.00000000  -6.2725200000e-01
    150000   -34.00000000  -6.1558700000e-01
    150000   -32.00000000  -6.0144900000e-01
    150000   -30.00000000  -5.8498800000e-01
    150000   -28.00000000  -5.6638900000e-01
    150000   -26.00000000  -5.4587600000e-01
    150000   -24.00000000  -5.2372200000e-01
    150000   -22.00000000  -5.0026500000e-01
    150000   -20.00000000  -4.7593800000e-01
    150000   -18.00000000  -4.5130800000e-01
    150000   -16.00000000  -4.2715900000e-01
    150000   -14.00000000  -4.0463500000e-01
    150000   -12.00000000  -3.8553600000e-01
    150000   -10.00000000  -3.7296000000e-01
    150000    -8.00000000  -3.7568900000e-01
    150000    -6.00000000  -3.1245700000e-01
    150000    -4.00000000   3.0600000000e-02
    150000    -2.00000000   3.3830000000e-01
    150000     0.00000000   6.1980000000e-01
    150000     2.00000000   8.5450000000e-01
    150000     4.00000000   1.0601000000e+00
    150000     6.00000000   1.2515000000e+00
    150000     8.00000000   1.3422000000e+00
    150000    10.00000000   1.4379110000e+00
    150000    12.00000000   1.4855020000e+00
    150000    14.00000000   1.3594710000e+00
    150000    16.00000000   1.2376340000e+00
    150000    18.00000000   1.1589680000e+00
    150000    20.00000000   1.1001240000e+00
    150000    22.00000000   1.0550840000e+00
    150000    24.00000000   1.0197900000e+00
    150000    26.00000000   9.9140200000e-01
    150000    28.00000000   9.6786100000e-01
    150000    30.00000000   9.4763600000e-01
    150000    32.00000000   9.2956300000e-01
    150000    34.00000000   9.1274100000e-01
    150000    36.00000000   8.9646200000e-01
    150000    38.00000000   8.8016500000e-01
    150000    40.00000000   8.6340300000e-01
    150000    42.00000000   8.4582000000e-01
    150000    44.00000000   8.2713300000e-01
    150000    46.00000000   8.0711800000e-01
    150000    48.00000000   7.8560500000e-01
    150000    50.00000000   7.6246600000e-01
    150000    52.00000000   7.3761100000e-01
    150000    54.00000000   7.1098300000e-01
    150000    56.00000000   6.8255900000e-01
    150000    58.00000000   6.5233700000e-01
    150000    60.00000000   6.2034500000e-01
    150000    62.00000000   5.8662900000e-01
    150000    64.00000000   5.5126000000e-01
    150000    66.00000000   5.1432200000e-01
    150000    68.00000000   4.7592200000e-01
    150000    70.00000000   4.3617900000e-01
    150000    72.00000000   3.9522800000e-01
    150000    74.00000000   3.5321600000e-01
    150000    76.00000000   3.1030300000e-01
    150000    78.00000000   2.6665900000e-01
    150000    80.00000000   2.2246200000e-01
    150000    82.00000000   1.7790200000e-01
    150000    84.00000000   1.3317300000e-01
    150000    86.00000000   8.8475000000e-02
    150000    88.00000000   4.4014000000e-02
    150000    90.00000000   0.0000000000e+00
    200000   -90.00000000  -0.0000000000e+00
    200000   -88.00000000  -4.3728000000e-02
    200000   -86.00000000  -8.7330000000e-02
    200000   -84.00000000  -1.3059300000e-01
    200000   -82.00000000  -1.7331000000e-01
    200000   -80.00000000  -2.1527400000e-01
    200000   -78.00000000  -2.5628300000e-01
    200000   -76.00000000  -2.9614200000e-01
    200000   -74.00000000  -3.3466000000e-01
    200000   -72.00000000  -3.7165500000e-01
    200000   -70.00000000  -4.0695300000e-01
    200000   -68.00000000  -4.4038800000e-01
    200000   -66.00000000  -4.7180600000e-01
    200000   -64.00000000  -5.0106200000e-01
    200000   -62.00000000  -5.2802300000e-01
    200000   -60.00000000  -5.5257000000e-01
    200000   -58.00000000  -5.7459500000e-01
    200000   -56.00000000  -5.9400500000e-01
    200000   -54.00000000  -6.1072100000e-01
    200000   -52.00000000  -6.2468000000e-01
    200000   -50.00000000  -6.3583500000e-01
    200000   -48.00000000  -6.4415400000e-01
    200000   -46.00000000  -6.4962300000e-01
    200000   -44.00000000  -6.5224700000e-01
    200000   -42.00000000  -6.5204600000e-01
    200000   -40.00000000  -6.4906500000e-01
    200000   -38.00000000  -6.4336500000e-01
    200000   -36.00000000  -6.3503200000e-01
    200000   -34.00000000  -6.2417500000e-01
    200000   -32.00000000  -6.1093100000e-01
    200000   -30.00000000  -5.9546800000e-01
    200000   -28.00000000  -5.7799200000e-01
    200000   -26.00000000  -5.5875200000e-01
    200000   -24.00000000  -5.3805800000e-01
    200000   -22.00000000  -5.1629900000e-01
    200000   -20.00000000  -4.9397700000e-01
    200000   -18.00000000  -4.7175900000e-01
    200000   -16.00000000  -4.5058100000e-01
    200000   -14.00000000  -4.3182500000e-01
    200000   -12.00000000  -4.1768800000e-01
    200000   -10.00000000  -4.0763900000e-01
    200000    -8.00000000  -4.2296000000e-01
    200000    -6.00000000  -2.3090100000e-01
    200000    -4.00000000   9.6600000000e-02
    200000    -2.00000000   3.9930000000e-01
    200000     0.00000000   6.5740000000e-01
    200000     2.00000000   8.6230000000e-01
    200000     4.00000000   1.0609000000e+00
    200000     6.00000000   1.2391000000e+00
    200000     8.00000000   1.3407000000e+00
    200000    10.00000000   1.4135000000e+00
    200000    12.00000000   1.4767330000e+00
    200000    14.00000000   1.4874000000e+00
    200000    16.00000000   1.3657670000e+00
    200000    18.00000000   1.2656960000e+00
    200000    20.00000000   1.1942630000e+00
    200000    22.00000000   1.1387600000e+00
    200000    24.00000000   1.0946060000e+00
    200000    26.00000000   1.0585950000e+00
    200000    28.00000000   1.0284100000e+00
    200000    30.00000000   1.0023300000e+00
    200000    32.00000000   9.7904900000e-01
    200000    34.00000000   9.5755700000e-01
    200000    36.00000000   9.3706300000e-01
    200000    38.00000000   9.1694100000e-01
    200000    40.00000000   8.9669100000e-01
    200000    42.00000000   8.7591400000e-01
    200000    44.00000000   8.5429400000e-01
    200000    46.00000000   8.3157800000e-01
    200000    48.00000000   8.0757400000e-01
    200000    50.00000000   7.8213300000e-01
    200000    52.00000000   7.5514900000e-01
    200000    54.00000000   7.2655500000e-01
    200000    56.00000000   6.9631200000e-01
    200000    58.00000000   6.6441100000e-01
    200000    60.00000000   6.3087100000e-01
    200000    62.00000000   5.9573100000e-01
    200000    64.00000000   5.5905600000e-01
    200000    66.00000000   5.2092500000e-01
    200000    68.00000000   4.8144100000e-01
    200000    70.00000000   4.4071900000e-01
    200000    72.00000000   3.9888900000e-01
    200000    74.00000000   3.5609800000e-01
    200000    76.00000000   3.1250200000e-01
    200000    78.00000000   2.6827000000e-01
    200000    80.00000000   2.2357900000e-01
    200000    82.00000000   1.7861500000e-01
    200000    84.00000000   1.3357300000e-01
    200000    86.00000000   8.8653000000e-02
    200000    88.00000000   4.4059000000e-02
    200000    90.00000000   0.0000000000e+00
    250000   -90.00000000  -0.0000000000e+00
    250000   -88.00000000  -4.3734000000e-02
    250000   -86.00000000  -8.7353000000e-02
    250000   -84.00000000  -1.3064700000e-01
    250000   -82.00000000  -1.7340500000e-01
    250000   -80.00000000  -2.1542300000e-01
    250000   -78.00000000  -2.5649900000e-01
    250000   -76.00000000  -2.9643600000e-01
    250000   -74.00000000  -3.3504600000e-01
    250000   -72.00000000  -3.7214500000e-01
    250000   -70.00000000  -4.0756100000e-01
    250000   -68.00000000  -4.4112700000e-01
    250000   -66.00000000  -4.7269000000e-01
    250000   -64.00000000  -5.0210600000e-01
    250000   -62.00000000  -5.2924200000e-01
    250000   -60.00000000  -5.5397900000e-01
    250000   -58.00000000  -5.7621100000e-01
    250000   -56.00000000  -5.9584600000e-01
    250000   -54.00000000  -6.1280500000e-01
    250000   -52.00000000  -6.2702800000e-01
    250000   -50.00000000  -6.3846800000e-01
    250000   -48.00000000  -6.4709500000e-01
    250000   -46.00000000  -6.5289800000e-01
    250000   -44.00000000  -6.5588200000e-01
    250000   -42.00000000  -6.5607500000e-01
    250000   -40.00000000  -6.5352100000e-01
    250000   -38.00000000  -6.4828800000e-01
    250000   -36.00000000  -6.4046700000e-01
    250000   -34.00000000  -6.3017400000e-01
    250000   -32.00000000  -6.1755500000e-01
    250000   -30.00000000  -6.0279000000e-01
    250000   -28.00000000  -5.8609700000e-01
    250000   -26.00000000  -5.6774600000e-01
    250000   -24.00000000  -5.4807300000e-01
    250000   -22.00000000  -5.2750100000e-01
    250000   -20.00000000  -5.0657800000e-01
    250000   -18.00000000  -4.8604600000e-01
    250000   -16.00000000  -4.6694400000e-01
    250000   -14.00000000  -4.5082100000e-01
    250000   -12.00000000  -4.4015000000e-01
    250000   -10.00000000  -4.6864900000e-01
    250000    -8.00000000  -4.5036100000e-01
    250000    -6.00000000  -1.6304400000e-01
    250000    -4.00000000   1.3880000000e-01
    250000    -2.00000000   4.3240000000e-01
    250000     0.00000000   6.7450000000e-01
    250000     2.00000000   8.6470000000e-01
    250000     4.00000000   1.0590000000e+00
    250000     6.00000000   1.2369000000e+00
    250000     8.00000000   1.3363000000e+00
    250000    10.00000000   1.4047000000e+00
    250000    12.00000000   1.5034590000e+00
    250000    14.00000000   1.4983580000e+00
    250000    16.00000000   1.3665810000e+00
    250000    18.00000000   1.2679430000e+00
    250000    20.00000000   1.1962450000e+00
    250000    22.00000000   1.1405220000e+00
    250000    24.00000000   1.0961810000e+00
    250000    26.00000000   1.0600100000e+00
    250000    28.00000000   1.0296850000e+00
    250000    30.00000000   1.0034810000e+00
    250000    32.00000000   9.8009100000e-01
    250000    34.00000000   9.5850000000e-01
    250000    36.00000000   9.3791800000e-01
    250000    38.00000000   9.1771500000e-01
    250000    40.00000000   8.9739200000e-01
    250000    42.00000000   8.7654800000e-01
    250000    44.00000000   8.5486500000e-01
    250000    46.00000000   8.3209300000e-01
    250000    48.00000000   8.0803600000e-01
    250000    50.00000000   7.8254700000e-01
    250000    52.00000000   7.5551900000e-01
    250000    54.00000000   7.2688300000e-01
    250000    56.00000000   6.9660100000e-01
    250000    58.00000000   6.6466500000e-01
    250000    60.00000000   6.3109200000e-01
    250000    62.00000000   5.9592300000e-01
    250000    64.00000000   5.5922000000e-01
    250000    66.00000000   5.2106400000e-01
    250000    68.00000000   4.8155700000e-01
    250000    70.00000000   4.4081400000e-01
    250000    72.00000000   3.9896600000e-01
    250000    74.00000000   3.5615900000e-01
    250000    76.00000000   3.1254900000e-01
    250000    78.00000000   2.6830400000e-01
    250000    80.00000000   2.2360200000e-01
    250000    82.00000000   1.7863000000e-01
    250000    84.00000000   1.3358200000e-01
    250000    86.00000000   8.8656000000e-02
    250000    88.00000000   4.4060000000e-02
    250000    90.00000000   0.0000000000e+00
     50000   -90.00000000  -0.0000000000e+00
     50000   -88.00000000  -4.3715000000e-02
     50000   -86.00000000  -8.7279000000e-02
     50000   -84.00000000  -1.3047900000e-01
     50000   -82.00000000  -1.7310700000e-01
     50000   -80.00000000  -2.1495600000e-01
     50000   -78.00000000  -2.5582500000e-01
     50000   -76.00000000  -2.9551600000e-01
     50000   -74.00000000  -3.3384000000e-01
     50000   -72.00000000  -3.7061400000e-01
     50000   -70.00000000  -4.0566200000e-01
     50000   -68.00000000  -4.3881900000e-01
     50000   -66.00000000  -4.6992800000e-01
     50000   -64.00000000  -4.9884400000e-01
     50000   -62.00000000  -5.2543400000e-01
     50000   -60.00000000  -5.4957600000e-01
     50000   -58.00000000  -5.7116000000e-01
     50000   -56.00000000  -5.9009200000e-01
     50000   -54.00000000  -6.0629200000e-01
     50000   -52.00000000  -6.1969100000e-01
     50000   -50.00000000  -6.3024100000e-01
     50000   -48.00000000  -6.3790500000e-01
     50000   -46.00000000  -6.4266500000e-01
     50000   -44.00000000  -6.4452000000e-01
     50000   -42.00000000  -6.4348600000e-01
     50000   -40.00000000  -6.3959600000e-01
     50000   -38.00000000  -6.3290400000e-01
     50000   -36.00000000  -6.2348200000e-01
     50000   -34.00000000  -6.1142600000e-01
     50000   -32.00000000  -5.9685400000e-01
     50000   -30.00000000  -5.7991000000e-01
     50000   -28.00000000  -5.6076800000e-01
     50000   -26.00000000  -5.3963800000e-01
     50000   -24.00000000  -5.1677600000e-01
     50000   -22.00000000  -4.9249700000e-01
     50000   -20.00000000  -4.6719800000e-01
     50000   -18.00000000  -4.4139900000e-01
     50000   -16.00000000  -4.1581100000e-01
     50000   -14.00000000  -3.9146100000e-01
     50000   -12.00000000  -3.6995800000e-01
     50000   -10.00000000  -3.5405400000e-01
     50000    -8.00000000  -3.4906800000e-01
     50000    -6.00000000  -3.7099200000e-01
     50000    -4.00000000  -4.0324900000e-01
     50000    -2.00000000  -8.4639000000e-02
     50000     0.00000000   2.5830000000e-01
     50000     2.00000000   5.1390000000e-01
     50000     4.00000000   7.4780000000e-01
     50000     6.00000000   9.5620000000e-01
     50000     8.00000000   1.2830000000e+00
     50000    10.00000000   1.4348940000e+00
     50000    12.00000000   1.3687840000e+00
     50000    14.00000000   1.2260870000e+00
     50000    16.00000000   1.1343550000e+00
     50000    18.00000000   1.0687910000e+00
     50000    20.00000000   1.0205850000e+00
     50000    22.00000000   9.8438400000e-01
     50000    24.00000000   9.5657700000e-01
     50000    26.00000000   9.3462900000e-01
     50000    28.00000000   9.1670200000e-01
     50000    30.00000000   9.0142400000e-01
     50000    32.00000000   8.8775200000e-01
     50000    34.00000000   8.7487500000e-01
     50000    36.00000000   8.6215600000e-01
     50000    38.00000000   8.4909100000e-01
     50000    40.00000000   8.3527700000e-01
     50000    42.00000000   8.2039300000e-01
     50000    44.00000000   8.0418400000e-01
     50000    46.00000000   7.8645200000e-01
     50000    48.00000000   7.6704400000e-01
     50000    50.00000000   7.4584900000e-01
     50000    52.00000000   7.2279200000e-01
     50000    54.00000000   6.9782700000e-01
     50000    56.00000000   6.7093800000e-01
     50000    58.00000000   6.4213600000e-01
     50000    60.00000000   6.1145100000e-01
     50000    62.00000000   5.7893900000e-01
     50000    64.00000000   5.4467300000e-01
     50000    66.00000000   5.0874300000e-01
     50000    68.00000000   4.7126000000e-01
     50000    70.00000000   4.3234400000e-01
     50000    72.00000000   3.9213500000e-01
     50000    74.00000000   3.5078100000e-01
     50000    76.00000000   3.0844500000e-01
     50000    78.00000000   2.6529700000e-01
     50000    80.00000000   2.2151900000e-01
     50000    82.00000000   1.7730000000e-01
     50000    84.00000000   1.3283400000e-01
     50000    86.00000000   8.8325000000e-02
     50000    88.00000000   4.3977000000e-02
     50000    90.00000000   0.0000000000e+00
    100000   -90.00000000  -0.0000000000e+00
    100000   -88.00000000  -4.3722000000e-02
    100000   -86.00000000  -8.7304000000e-02
    100000   -84.00000000  -1.3053600000e-01
    100000   -82.00000000  -1.7320800000e-01
    100000   -80.00000000  -2.1511400000e-01
    100000   -78.00000000  -2.5605200000e-01
    100000   -76.00000000  -2.9582700000e-01
    100000   -74.00000000  -3.3424700000e-01
    100000   -72.00000000  -3.7113100000e-01
    100000   -70.00000000  -4.0630300000e-01
    100000   -68.00000000  -4.3959800000e-01
    100000   -66.00000000  -4.7086100000e-01
    100000   -64.00000000  -4.9994600000e-01
    100000   -62.00000000  -5.2672000000e-01
    100000   -60.00000000  -5.5106300000e-01
    100000   -58.00000000  -5.7286600000e-01
    100000   -56.00000000  -5.9203500000e-01
    100000   -54.00000000  -6.0849100000e-01
    100000   -52.00000000  -6.2216900000e-01
    100000   -50.00000000  -6.3301900000e-01
    100000   -48.00000000  -6.4100800000e-01
    100000   -46.00000000  -6.4612100000e-01
    100000   -44.00000000  -6.4835700000e-01
    100000   -42.00000000  -6.4773700000e-01
    100000   -40.00000000  -6.4429800000e-01
    100000   -38.00000000  -6.3809900000e-01
    100000   -36.00000000  -6.2921800000e-01
    100000   -34.00000000  -6.1775700000e-01
    100000   -32.00000000  -6.0384500000e-01
    100000   -30.00000000  -5.8763700000e-01
    100000   -28.00000000  -5.6932100000e-01
    100000   -26.00000000  -5.4913000000e-01
    100000   -24.00000000  -5.2734500000e-01
    100000   -22.00000000  -5.0431800000e-01
    100000   -20.00000000  -4.8049700000e-01
    100000   -18.00000000  -4.5647600000e-01
    100000   -16.00000000  -4.3307800000e-01
    100000   -14.00000000  -4.1150700000e-01
    100000   -12.00000000  -3.9366200000e-01
    100000   -10.00000000  -3.8282200000e-01
    100000    -8.00000000  -3.8376500000e-01
    100000    -6.00000000  -4.1590000000e-01
    100000    -4.00000000  -1.3623200000e-01
    100000    -2.00000000   2.1870000000e-01
    100000     0.00000000   4.8970000000e-01
    100000     2.00000000   7.9920000000e-01
    100000     4.00000000   1.0380000000e+00
    100000     6.00000000   1.2432000000e+00
    100000     8.00000000   1.3433000000e+00
    100000    10.00000000   1.4332760000e+00
    100000    12.00000000   1.4306540000e+00
    100000    14.00000000   1.2858250000e+00
    100000    16.00000000   1.1822960000e+00
    100000    18.00000000   1.1106500000e+00
    100000    20.00000000   1.0575060000e+00
    100000    22.00000000   1.0172020000e+00
    100000    24.00000000   9.8592000000e-01
    100000    26.00000000   9.6098200000e-01
    100000    28.00000000   9.4044900000e-01
    100000    30.00000000   9.2287500000e-01
    100000    32.00000000   9.0716000000e-01
    100000    34.00000000   8.9245200000e-01
    100000    36.00000000   8.7808000000e-01
    100000    38.00000000   8.6351500000e-01
    100000    40.00000000   8.4833300000e-01
    100000    42.00000000   8.3219600000e-01
    100000    44.00000000   8.1483700000e-01
    100000    46.00000000   7.9604500000e-01
    100000    48.00000000   7.7566000000e-01
    100000    50.00000000   7.5356300000e-01
    100000    52.00000000   7.2967000000e-01
    100000    54.00000000   7.0393400000e-01
    100000    56.00000000   6.7633200000e-01
    100000    58.00000000   6.4687100000e-01
    100000    60.00000000   6.1557900000e-01
    100000    62.00000000   5.8250900000e-01
    100000    64.00000000   5.4773000000e-01
    100000    66.00000000   5.1133300000e-01
    100000    68.00000000   4.7342400000e-01
    100000    70.00000000   4.3412500000e-01
    100000    72.00000000   3.9357100000e-01
    100000    74.00000000   3.5191200000e-01
    100000    76.00000000   3.0930700000e-01
    100000    78.00000000   2.6592900000e-01
    100000    80.00000000   2.2195700000e-01
    100000    82.00000000   1.7757900000e-01
    100000    84.00000000   1.3299100000e-01
    100000    86.00000000   8.8394000000e-02
    100000    88.00000000   4.3994000000e-02
    100000    90.00000000   0.0000000000e+00
    150000   -90.00000000  -0.0000000000e+00
    150000   -88.00000000  -4.3719000000e-02
    150000   -86.00000000  -8.7294000000e-02
    150000   -84.00000000  -1.3051300000e-01
    150000   -82.00000000  -1.7316600000e-01
    150000   -80.00000000  -2.1504800000e-01
    150000   -78.00000000  -2.5595800000e-01
    150000   -76.00000000  -2.9569800000e-01
    150000   -74.00000000  -3.3407800000e-01
    150000   -72.00000000  -3.7091600000e-01
    150000   -70.00000000  -4.0603700000e-01
    150000   -68.00000000  -4.3927500000e-01
    150000   -66.00000000  -4.7047400000e-01
    150000   -64.00000000  -4.9948900000e-01
    150000   -62.00000000  -5.2618700000e-01
    150000   -60.00000000  -5.5044600000e-01
    150000   -58.00000000  -5.7215800000e-01
    150000   -56.00000000  -5.9122900000e-01
    150000   -54.00000000  -6.0757900000e-01
    150000   -52.00000000  -6.2114100000e-01
    150000   -50.00000000  -6.3186600000e-01
    150000   -48.00000000  -6.3972100000e-01
    150000   -46.00000000  -6.4468700000e-01
    150000   -44.00000000  -6.4676600000e-01
    150000   -42.00000000  -6.4597300000e-01
    150000   -40.00000000  -6.4234700000e-01
    150000   -38.00000000  -6.3594400000e-01
    150000   -36.00000000  -6.2683800000e-01
    150000   -34.00000000  -6.1513100000e-01
    150000   -32.00000000  -6.0094500000e-01
    150000   -30.00000000  -5.8443100000e-01
    150000   -28.00000000  -5.6577300000e-01
    150000   -26.00000000  -5.4519200000e-01
    150000   -24.00000000  -5.2296000000e-01
    150000   -22.00000000  -4.9941400000e-01
    150000   -20.00000000  -4.7498000000e-01
    150000   -18.00000000  -4.5022200000e-01
    150000   -16.00000000  -4.2591400000e-01
    150000   -14.00000000  -4.0319100000e-01
    150000   -12.00000000  -3.8382800000e-01
    150000   -10.00000000  -3.7088700000e-01
    150000    -8.00000000  -3.6970800000e-01
    150000    -6.00000000  -3.2221300000e-01
    150000    -4.00000000   1.9900000000e-02
    150000    -2.00000000   3.2620000000e-01
    150000     0.00000000   5.8860000000e-01
    150000     2.00000000   8.4400000000e-01
    150000     4.00000000   1.0506000000e+00
    150000     6.00000000   1.2343000000e+00
    150000     8.00000000   1.3309000000e+00
    150000    10.00000000   1.3985000000e+00
    150000    12.00000000   1.4670360000e+00
    150000    14.00000000   1.3943120000e+00
    150000    16.00000000   1.2659360000e+00
    150000    18.00000000   1.1836800000e+00
    150000    20.00000000   1.1219220000e+00
    150000    22.00000000   1.0744580000e+00
    150000    24.00000000   1.0371130000e+00
    150000    26.00000000   1.0069600000e+00
    150000    28.00000000   9.8188100000e-01
    150000    30.00000000   9.6030000000e-01
    150000    32.00000000   9.4102100000e-01
    150000    34.00000000   9.2311800000e-01
    150000    36.00000000   9.0586300000e-01
    150000    38.00000000   8.8868000000e-01
    150000    40.00000000   8.7111000000e-01
    150000    42.00000000   8.5278800000e-01
    150000    44.00000000   8.3342200000e-01
    150000    46.00000000   8.1278200000e-01
    150000    48.00000000   7.9069200000e-01
    150000    50.00000000   7.6702000000e-01
    150000    52.00000000   7.4167200000e-01
    150000    54.00000000   7.1458900000e-01
    150000    56.00000000   6.8574300000e-01
    150000    58.00000000   6.5513300000e-01
    150000    60.00000000   6.2278200000e-01
    150000    62.00000000   5.8873700000e-01
    150000    64.00000000   5.5306500000e-01
    150000    66.00000000   5.1585100000e-01
    150000    68.00000000   4.7720000000e-01
    150000    70.00000000   4.3723000000e-01
    150000    72.00000000   3.9607600000e-01
    150000    74.00000000   3.5388400000e-01
    150000    76.00000000   3.1081200000e-01
    150000    78.00000000   2.6703200000e-01
    150000    80.00000000   2.2272100000e-01
    150000    82.00000000   1.7806700000e-01
    150000    84.00000000   1.3326500000e-01
    150000    86.00000000   8.8516000000e-02
    150000    88.00000000   4.4024000000e-02
    150000    90.00000000   0.0000000000e+00
    200000   -90.00000000  -0.0000000000e+00
    200000   -88.00000000  -4.3765000000e-02
    200000   -86.00000000  -8.7479000000e-02
    200000   -84.00000000  -1.3093000000e-01
    200000   -82.00000000  -1.7391000000e-01
    200000   -80.00000000  -2.1621300000e-01
    200000   -78.00000000  -2.5763900000e-01
    200000   -76.00000000  -2.9799200000e-01
    200000   -74.00000000  -3.3708400000e-01
    200000   -72.00000000  -3.7473500000e-01
    200000   -70.00000000  -4.1077100000e-01
    200000   -68.00000000  -4.4503100000e-01
    200000   -66.00000000  -4.7736100000e-01
    200000   -64.00000000  -5.0762000000e-01
    200000   -62.00000000  -5.3568000000e-01
    200000   -60.00000000  -5.6142500000e-01
    200000   -58.00000000  -5.8475200000e-01
    200000   -56.00000000  -6.0557400000e-01
    200000   -54.00000000  -6.2382000000e-01
    200000   -52.00000000  -6.3943500000e-01
    200000   -50.00000000  -6.5237900000e-01
    200000   -48.00000000  -6.6263500000e-01
    200000   -46.00000000  -6.7020000000e-01
    200000   -44.00000000  -6.7509500000e-01
    200000   -42.00000000  -6.7736300000e-01
    200000   -40.00000000  -6.7706800000e-01
    200000   -38.00000000  -6.7430300000e-01
    200000   -36.00000000  -6.6918700000e-01
    200000   -34.00000000  -6.6187600000e-01
    200000   -32.00000000  -6.5256000000e-01
    200000   -30.00000000  -6.4147900000e-01
    200000   -28.00000000  -6.2892800000e-01
    200000   -26.00000000  -6.1527700000e-01
    200000   -24.00000000  -6.0099600000e-01
    200000   -22.00000000  -5.8669100000e-01
    200000   -20.00000000  -5.7317000000e-01
    200000   -18.00000000  -5.6154200000e-01
    200000   -16.00000000  -5.5340900000e-01
    200000   -14.00000000  -5.5119700000e-01
    200000   -12.00000000  -5.5884300000e-01
    200000   -10.00000000  -5.6567300000e-01
    200000    -8.00000000  -5.2967100000e-01
    200000    -6.00000000  -2.0888200000e-01
    200000    -4.00000000   8.6200000000e-02
    200000    -2.00000000   3.8580000000e-01
    200000     0.00000000   6.3830000000e-01
    200000     2.00000000   8.5180000000e-01
    200000     4.00000000   1.0508000000e+00
    200000     6.00000000   1.2315000000e+00
    200000     8.00000000   1.3216000000e+00
    200000    10.00000000   1.3835000000e+00
    200000    12.00000000   1.4807880000e+00
    200000    14.00000000   1.4327260000e+00
    200000    16.00000000   1.2999850000e+00
    200000    18.00000000   1.2128150000e+00
    200000    20.00000000   1.1476200000e+00
    200000    22.00000000   1.0973010000e+00
    200000    24.00000000   1.0575370000e+00
    200000    26.00000000   1.0253030000e+00
    200000    28.00000000   9.9841000000e-01
    200000    30.00000000   9.7523100000e-01
    200000    32.00000000   9.5453000000e-01
    200000    34.00000000   9.3535200000e-01
    200000    36.00000000   9.1694600000e-01
    200000    38.00000000   8.9871900000e-01
    200000    40.00000000   8.8019800000e-01
    200000    42.00000000   8.6100400000e-01
    200000    44.00000000   8.4083600000e-01
    200000    46.00000000   8.1945900000e-01
    200000    48.00000000   7.9668900000e-01
    200000    50.00000000   7.7238800000e-01
    200000    52.00000000   7.4645900000e-01
    200000    54.00000000   7.1884000000e-01
    200000    56.00000000   6.8949700000e-01
    200000    58.00000000   6.5842900000e-01
    200000    60.00000000   6.2565500000e-01
    200000    62.00000000   5.9122200000e-01
    200000    64.00000000   5.5519300000e-01
    200000    66.00000000   5.1765400000e-01
    200000    68.00000000   4.7870700000e-01
    200000    70.00000000   4.3847000000e-01
    200000    72.00000000   3.9707500000e-01
    200000    74.00000000   3.5467000000e-01
    200000    76.00000000   3.1141300000e-01
    200000    78.00000000   2.6747200000e-01
    200000    80.00000000   2.2302600000e-01
    200000    82.00000000   1.7826200000e-01
    200000    84.00000000   1.3337500000e-01
    200000    86.00000000   8.8565000000e-02
    200000    88.00000000   4.4037000000e-02
    200000    90.00000000   0.0000000000e+00
    250000   -90.00000000  -0.0000000000e+00
    250000   -88.00000000  -4.3829000000e-02
    250000   -86.00000000  -8.7732000000e-02
    250000   -84.00000000  -1.3150000000e-01
    250000   -82.00000000  -1.7492400000e-01
    250000   -80.00000000  -2.1780100000e-01
    250000   -78.00000000  -2.5993000000e-01
    250000   -76.00000000  -3.0112000000e-01
    250000   -74.00000000  -3.4118300000e-01
    250000   -72.00000000  -3.7994100000e-01
    250000   -70.00000000  -4.1722600000e-01
    250000   -68.00000000  -4.5287900000e-01
    250000   -66.00000000  -4.8675100000e-01
    250000   -64.00000000  -5.1870700000e-01
    250000   -62.00000000  -5.4862400000e-01
    250000   -60.00000000  -5.7639300000e-01
    250000   -58.00000000  -6.0192200000e-01
    250000   -56.00000000  -6.2513200000e-01
    250000   -54.00000000  -6.4596400000e-01
    250000   -52.00000000  -6.6437600000e-01
    250000   -50.00000000  -6.8034700000e-01
    250000   -48.00000000  -6.9387500000e-01
    250000   -46.00000000  -7.0498400000e-01
    250000   -44.00000000  -7.1372000000e-01
    250000   -42.00000000  -7.2015900000e-01
    250000   -40.00000000  -7.2440600000e-01
    250000   -38.00000000  -7.2660100000e-01
    250000   -36.00000000  -7.2692600000e-01
    250000   -34.00000000  -7.2560800000e-01
    250000   -32.00000000  -7.2293200000e-01
    250000   -30.00000000  -7.1925700000e-01
    250000   -28.00000000  -7.1503300000e-01
    250000   -26.00000000  -7.1083100000e-01
    250000   -24.00000000  -7.0739000000e-01
    250000   -22.00000000  -7.0568500000e-01
    250000   -20.00000000  -7.0704100000e-01
    250000   -18.00000000  -7.1331700000e-01
    250000   -16.00000000  -7.2723500000e-01
    250000   -14.00000000  -7.5298800000e-01
    250000   -12.00000000  -7.2211000000e-01
    250000   -10.00000000  -7.6238200000e-01
    250000    -8.00000000  -4.3900000000e-01
    250000    -6.00000000  -1.4650000000e-01
    250000    -4.00000000   1.2880000000e-01
    250000    -2.00000000   4.1770000000e-01
    250000     0.00000000   6.5540000000e-01
    250000     2.00000000   8.5720000000e-01
    250000     4.00000000   1.0490000000e+00
    250000     6.00000000   1.2292000000e+00
    250000     8.00000000   1.3130000000e+00
    250000    10.00000000   1.3974000000e+00
    250000    12.00000000   1.5016920000e+00
    250000    14.00000000   1.4501010000e+00
    250000    16.00000000   1.3145430000e+00
    250000    18.00000000   1.2256320000e+00
    250000    20.00000000   1.1589250000e+00
    250000    22.00000000   1.1073490000e+00
    250000    24.00000000   1.0665210000e+00
    250000    26.00000000   1.0333720000e+00
    250000    28.00000000   1.0056810000e+00
    250000    30.00000000   9.8179900000e-01
    250000    32.00000000   9.6047300000e-01
    250000    34.00000000   9.4073400000e-01
    250000    36.00000000   9.2182200000e-01
    250000    38.00000000   9.0313600000e-01
    250000    40.00000000   8.8419500000e-01
    250000    42.00000000   8.6461700000e-01
    250000    44.00000000   8.4409800000e-01
    250000    46.00000000   8.2239600000e-01
    250000    48.00000000   7.9932700000e-01
    250000    50.00000000   7.7475000000e-01
    250000    52.00000000   7.4856600000e-01
    250000    54.00000000   7.2071000000e-01
    250000    56.00000000   6.9114900000e-01
    250000    58.00000000   6.5987900000e-01
    250000    60.00000000   6.2691900000e-01
    250000    62.00000000   5.9231500000e-01
    250000    64.00000000   5.5612900000e-01
    250000    66.00000000   5.1844700000e-01
    250000    68.00000000   4.7936900000e-01
    250000    70.00000000   4.3901500000e-01
    250000    72.00000000   3.9751500000e-01
    250000    74.00000000   3.5501600000e-01
    250000    76.00000000   3.1167700000e-01
    250000    78.00000000   2.6766500000e-01
    250000    80.00000000   2.2316000000e-01
    250000    82.00000000   1.7834800000e-01
    250000    84.00000000   1.3342300000e-01
    250000    86.00000000   8.8586000000e-02
    250000    88.00000000   4.4042000000e-02
    250000    90.00000000   0.0000000000e+00
     50000   -90.00000000  -0.0000000000e+00
     50000   -88.00000000  -4.3718000000e-02
     50000   -86.00000000  -8.7291000000e-02
     50000   -84.00000000  -1.3050600000e-01
     50000   -82.00000000  -1.7315400000e-01
     50000   -80.00000000  -2.1503000000e-01
     50000   -78.00000000  -2.5593200000e-01
     50000   -76.00000000  -2.9566200000e-01
     50000   -74.00000000  -3.3403100000e-01
     50000   -72.00000000  -3.7085700000e-01
     50000   -70.00000000  -4.0596300000e-01
     50000   -68.00000000  -4.3918500000e-01
     50000   -66.00000000  -4.7036600000e-01
     50000   -64.00000000  -4.9936200000e-01
     50000   -62.00000000  -5.2603800000e-01
     50000   -60.00000000  -5.5027400000e-01
     50000   -58.00000000  -5.7196100000e-01
     50000   -56.00000000  -5.9100500000e-01
     50000   -54.00000000  -6.0732500000e-01
     50000   -52.00000000  -6.2085500000e-01
     50000   -50.00000000  -6.3154500000e-01
     50000   -48.00000000  -6.3936200000e-01
     50000   -46.00000000  -6.4428800000e-01
     50000   -44.00000000  -6.4632200000e-01
     50000   -42.00000000  -6.4548200000e-01
     50000   -40.00000000  -6.4180400000e-01
     50000   -38.00000000  -6.3534300000e-01
     50000   -36.00000000  -6.2617600000e-01
     50000   -34.00000000  -6.1440000000e-01
     50000   -32.00000000  -6.0013700000e-01
     50000   -30.00000000  -5.8353900000e-01
     50000   -28.00000000  -5.6478500000e-01
     50000   -26.00000000  -5.4409600000e-01
     50000   -24.00000000  -5.2174000000e-01
     50000   -22.00000000  -4.9804800000e-01
     50000   -20.00000000  -4.7344400000e-01
     50000   -18.00000000  -4.4848000000e-01
     50000   -16.00000000  -4.2392000000e-01
     50000   -14.00000000  -4.0087500000e-01
     50000   -12.00000000  -3.8109000000e-01
     50000   -10.00000000  -3.6756400000e-01
     50000    -8.00000000  -3.6370600000e-01
     50000    -6.00000000  -3.9453600000e-01
     50000    -4.00000000  -3.2174800000e-01
     50000    -2.00000000  -6.9100000000e-02
     50000     0.00000000   2.3580000000e-01
     50000     2.00000000   5.1080000000e-01
     50000     4.00000000   7.4310000000e-01
     50000     6.00000000   9.5160000000e-01
     50000     8.00000000   1.2883000000e+00
     50000    10.00000000   1.3946190000e+00
     50000    12.00000000   1.4057000000e+00
     50000    14.00000000   1.2594370000e+00
     50000    16.00000000   1.1703240000e+00
     50000    18.00000000   1.1001970000e+00
     50000    20.00000000   1.0482860000e+00
     50000    22.00000000   1.0090060000e+00
     50000    24.00000000   9.7859200000e-01
     50000    26.00000000   9.5440100000e-01
     50000    28.00000000   9.3451900000e-01
     50000    30.00000000   9.1751800000e-01
     50000    32.00000000   9.0231300000e-01
     50000    34.00000000   8.8806200000e-01
     50000    36.00000000   8.7410400000e-01
     50000    38.00000000   8.5991300000e-01
     50000    40.00000000   8.4507200000e-01
     50000    42.00000000   8.2924800000e-01
     50000    44.00000000   8.1217600000e-01
     50000    46.00000000   7.9364900000e-01
     50000    48.00000000   7.7350800000e-01
     50000    50.00000000   7.5163600000e-01
     50000    52.00000000   7.2795300000e-01
     50000    54.00000000   7.0240900000e-01
     50000    56.00000000   6.7498500000e-01
     50000    58.00000000   6.4568800000e-01
     50000    60.00000000   6.1454800000e-01
     50000    62.00000000   5.8161700000e-01
     50000    64.00000000   5.4696700000e-01
     50000    66.00000000   5.1068600000e-01
     50000    68.00000000   4.7288300000e-01
     50000    70.00000000   4.3368000000e-01
     50000    72.00000000   3.9321200000e-01
     50000    74.00000000   3.5162900000e-01
     50000    76.00000000   3.0909200000e-01
     50000    78.00000000   2.6577100000e-01
     50000    80.00000000   2.2184800000e-01
     50000    82.00000000   1.7750900000e-01
     50000    84.00000000   1.3295200000e-01
     50000    86.00000000   8.8377000000e-02
     50000    88.00000000   4.3990000000e-02
     50000    90.00000000   0.0000000000e+00
    100000   -90.00000000  -0.0000000000e+00
    100000   -88.00000000  -4.3723000000e-02
    100000   -86.00000000  -8.7311000000e-02
    100000   -84.00000000  -1.3055200000e-01
    100000   -82.00000000  -1.7323600000e-01
    100000   -80.00000000  -2.1515800000e-01
    100000   -78.00000000  -2.5611600000e-01
    100000   -76.00000000  -2.9591400000e-01
    100000   -74.00000000  -3.3436100000e-01
    100000   -72.00000000  -3.7127500000e-01
    100000   -70.00000000  -4.0648200000e-01
    100000   -68.00000000  -4.3981600000e-01
    100000   -66.00000000  -4.7112100000e-01
    100000   -64.00000000  -5.0025300000e-01
    100000   -62.00000000  -5.2707900000e-01
    100000   -60.00000000  -5.5147800000e-01
    100000   -58.00000000  -5.7334200000e-01
    100000   -56.00000000  -5.9257700000e-01
    100000   -54.00000000  -6.0910500000e-01
    100000   -52.00000000  -6.2286000000e-01
    100000   -50.00000000  -6.3379400000e-01
    100000   -48.00000000  -6.4187400000e-01
    100000   -46.00000000  -6.4708500000e-01
    100000   -44.00000000  -6.4942800000e-01
    100000   -42.00000000  -6.4892300000e-01
    100000   -40.00000000  -6.4561100000e-01
    100000   -38.00000000  -6.3954900000e-01
    100000   -36.00000000  -6.3081800000e-01
    100000   -34.00000000  -6.1952400000e-01
    100000   -32.00000000  -6.0579600000e-01
    100000   -30.00000000  -5.8979200000e-01
    100000   -28.00000000  -5.7170800000e-01
    100000   -26.00000000  -5.5177900000e-01
    100000   -24.00000000  -5.3029400000e-01
    100000   -22.00000000  -5.0761600000e-01
    100000   -20.00000000  -4.8420800000e-01
    100000   -18.00000000  -4.6068300000e-01
    100000   -16.00000000  -4.3789600000e-01
    100000   -14.00000000  -4.1710000000e-01
    100000   -12.00000000  -4.0027600000e-01
    100000   -10.00000000  -3.9085000000e-01
    100000    -8.00000000  -3.9291300000e-01
    100000    -6.00000000  -4.2950000000e-01
    100000    -4.00000000  -1.4747400000e-01
    100000    -2.00000000   2.0920000000e-01
    100000     0.00000000   4.8630000000e-01
    100000     2.00000000   7.8460000000e-01
    100000     4.00000000   1.0266000000e+00
    100000     6.00000000   1.2262000000e+00
    100000     8.00000000   1.3240000000e+00
    100000    10.00000000   1.4199590000e+00
    100000    12.00000000   1.3402000000e+00
    100000    14.00000000   1.1964010000e+00
    100000    16.00000000   1.1091970000e+00
    100000    18.00000000   1.0468250000e+00
    100000    20.00000000   1.0012090000e+00
    100000    22.00000000   9.6716100000e-01
    100000    24.00000000   9.4117800000e-01
    100000    26.00000000   9.2079900000e-01
    100000    28.00000000   9.0424000000e-01
    100000    30.00000000   8.9016700000e-01
    100000    32.00000000   8.7756700000e-01
    100000    34.00000000   8.6565100000e-01
    100000    36.00000000   8.5380000000e-01
    100000    38.00000000   8.4152200000e-01
    100000    40.00000000   8.2842600000e-01
    100000    42.00000000   8.1419900000e-01
    100000    44.00000000   7.9859400000e-01
    100000    46.00000000   7.8141700000e-01
    100000    48.00000000   7.6252200000e-01
    100000    50.00000000   7.4180100000e-01
    100000    52.00000000   7.1918200000e-01
    100000    54.00000000   6.9462200000e-01
    100000    56.00000000   6.6810800000e-01
    100000    58.00000000   6.3965100000e-01
    100000    60.00000000   6.0928500000e-01
    100000    62.00000000   5.7706600000e-01
    100000    64.00000000   5.4306800000e-01
    100000    66.00000000   5.0738400000e-01
    100000    68.00000000   4.7012400000e-01
    100000    70.00000000   4.3141000000e-01
    100000    72.00000000   3.9138100000e-01
    100000    74.00000000   3.5018800000e-01
    100000    76.00000000   3.0799200000e-01
    100000    78.00000000   2.6496500000e-01
    100000    80.00000000   2.2128900000e-01
    100000    82.00000000   1.7715300000e-01
    100000    84.00000000   1.3275200000e-01
    100000    86.00000000   8.8288000000e-02
    100000    88.00000000   4.3967000000e-02
    100000    90.00000000   0.0000000000e+00
    150000   -90.00000000  -0.0000000000e+00
    150000   -88.00000000  -4.3731000000e-02
    150000   -86.00000000  -8.7341000000e-02
    150000   -84.00000000  -1.3061900000e-01
    150000   -82.00000000  -1.7335600000e-01
    150000   -80.00000000  -2.1534500000e-01
    150000   -78.00000000  -2.5638600000e-01
    150000   -76.00000000  -2.9628200000e-01
    150000   -74.00000000  -3.3484400000e-01
    150000   -72.00000000  -3.7188900000e-01
    150000   -70.00000000  -4.0724300000e-01
    150000   -68.00000000  -4.4074100000e-01
    150000   -66.00000000  -4.7222800000e-01
    150000   -64.00000000  -5.0156000000e-01
    150000   -62.00000000  -5.2860400000e-01
    150000   -60.00000000  -5.5324200000e-01
    150000   -58.00000000  -5.7536500000e-01
    150000   -56.00000000  -5.9488200000e-01
    150000   -54.00000000  -6.1171500000e-01
    150000   -52.00000000  -6.2580000000e-01
    150000   -50.00000000  -6.3709000000e-01
    150000   -48.00000000  -6.4555600000e-01
    150000   -46.00000000  -6.5118400000e-01
    150000   -44.00000000  -6.5398000000e-01
    150000   -42.00000000  -6.5396700000e-01
    150000   -40.00000000  -6.5118900000e-01
    150000   -38.00000000  -6.4571200000e-01
    150000   -36.00000000  -6.3762300000e-01
    150000   -34.00000000  -6.2703500000e-01
    150000   -32.00000000  -6.1408900000e-01
    150000   -30.00000000  -5.9895900000e-01
    150000   -28.00000000  -5.8185600000e-01
    150000   -26.00000000  -5.6304000000e-01
    150000   -24.00000000  -5.4283300000e-01
    150000   -22.00000000  -5.2164000000e-01
    150000   -20.00000000  -4.9998500000e-01
    150000   -18.00000000  -4.7857000000e-01
    150000   -16.00000000  -4.5838200000e-01
    150000   -14.00000000  -4.4088200000e-01
    150000   -12.00000000  -4.2839700000e-01
    150000   -10.00000000  -4.2451400000e-01
    150000    -8.00000000  -4.3140300000e-01
    150000    -6.00000000  -3.5575000000e-01
    150000    -4.00000000   9.6000000000e-03
    150000    -2.00000000   3.1690000000e-01
    150000     0.00000000   5.8900000000e-01
    150000     2.00000000   8.3180000000e-01
    150000     4.00000000   1.0393000000e+00
    150000     6.00000000   1.2228000000e+00
    150000     8.00000000   1.3132000000e+00
    150000    10.00000000   1.3990650000e+00
    150000    12.00000000   1.4472420000e+00
    150000    14.00000000   1.3384180000e+00
    150000    16.00000000   1.2244370000e+00
    150000    18.00000000   1.1474450000e+00
    150000    20.00000000   1.0899610000e+00
    150000    22.00000000   1.0460500000e+00
    150000    24.00000000   1.0117130000e+00
    150000    26.00000000   9.8414800000e-01
    150000    28.00000000   9.6132400000e-01
    150000    30.00000000   9.4173100000e-01
    150000    32.00000000   9.2422100000e-01
    150000    34.00000000   9.0790200000e-01
    150000    36.00000000   8.9207800000e-01
    150000    38.00000000   8.7619400000e-01
    150000    40.00000000   8.5980900000e-01
    150000    42.00000000   8.4257100000e-01
    150000    44.00000000   8.2420000000e-01
    150000    46.00000000   8.0447800000e-01
    150000    48.00000000   7.8323400000e-01
    150000    50.00000000   7.6034300000e-01
    150000    52.00000000   7.3571700000e-01
    150000    54.00000000   7.0930200000e-01
    150000    56.00000000   6.8107400000e-01
    150000    58.00000000   6.5103400000e-01
    150000    60.00000000   6.1920800000e-01
    150000    62.00000000   5.8564700000e-01
    150000    64.00000000   5.5041800000e-01
    150000    66.00000000   5.1361000000e-01
    150000    68.00000000   4.7532700000e-01
    150000    70.00000000   4.3568900000e-01
    150000    72.00000000   3.9483300000e-01
    150000    74.00000000   3.5290500000e-01
    150000    76.00000000   3.1006600000e-01
    150000    78.00000000   2.6648500000e-01
    150000    80.00000000   2.2234200000e-01
    150000    82.00000000   1.7782500000e-01
    150000    84.00000000   1.3312900000e-01
    150000    86.00000000   8.8456000000e-02
    150000    88.00000000   4.4009000000e-02
    150000    90.00000000   0.0000000000e+00
    200000   -90.00000000  -0.0000000000e+00
    200000   -88.00000000  -4.3789000000e-02
    200000   -86.00000000  -8.7575000000e-02
    200000   -84.00000000  -1.3114500000e-01
    200000   -82.00000000  -1.7429300000e-01
    200000   -80.00000000  -2.1681200000e-01
    200000   -78.00000000  -2.5850400000e-01
    200000   -76.00000000  -2.9917300000e-01
    200000   -74.00000000  -3.3863200000e-01
    200000   -72.00000000  -3.7670100000e-01
    200000   -70.00000000  -4.1320900000e-01
    200000   -68.00000000  -4.4799400000e-01
    200000   -66.00000000  -4.8090700000e-01
    200000   -64.00000000  -5.1180700000e-01
    200000   -62.00000000  -5.4056800000e-01
    200000   -60.00000000  -5.6707700000e-01
    200000   -58.00000000  -5.9123500000e-01
    200000   -56.00000000  -6.1295900000e-01
    200000   -54.00000000  -6.3218200000e-01
    200000   -52.00000000  -6.4885300000e-01
    200000   -50.00000000  -6.6294000000e-01
    200000   -48.00000000  -6.7443200000e-01
    200000   -46.00000000  -6.8333500000e-01
    200000   -44.00000000  -6.8968100000e-01
    200000   -42.00000000  -6.9352300000e-01
    200000   -40.00000000  -6.9494400000e-01
    200000   -38.00000000  -6.9405200000e-01
    200000   -36.00000000  -6.9099000000e-01
    200000   -34.00000000  -6.8594200000e-01
    200000   -32.00000000  -6.7913400000e-01
    200000   -30.00000000  -6.7084900000e-01
    200000   -28.00000000  -6.6144300000e-01
    200000   -26.00000000  -6.5136000000e-01
    200000   -24.00000000  -6.4117200000e-01
    200000   -22.00000000  -6.3162600000e-01
    200000   -20.00000000  -6.2372200000e-01
    200000   -18.00000000  -6.1885500000e-01
    200000   -16.00000000  -6.1904900000e-01
    200000   -14.00000000  -6.2739700000e-01
    200000   -12.00000000  -6.4465000000e-01
    200000   -10.00000000  -6.4753500000e-01
    200000    -8.00000000  -5.4949200000e-01
    200000    -6.00000000  -2.2060000000e-01
    200000    -4.00000000   7.7300000000e-02
    200000    -2.00000000   3.7570000000e-01
    200000     0.00000000   6.2050000000e-01
    200000     2.00000000   8.4000000000e-01
    200000     4.00000000   1.0386000000e+00
    200000     6.00000000   1.2206000000e+00
    200000     8.00000000   1.2987000000e+00
    200000    10.00000000   1.3785710000e+00
    200000    12.00000000   1.4683450000e+00
    200000    14.00000000   1.3750730000e+00
    200000    16.00000000   1.2514420000e+00
    200000    18.00000000   1.1710250000e+00
    200000    20.00000000   1.1107590000e+00
    200000    22.00000000   1.0645370000e+00
    200000    24.00000000   1.0282420000e+00
    200000    26.00000000   9.9899300000e-01
    200000    28.00000000   9.7470100000e-01
    200000    30.00000000   9.5381500000e-01
    200000    32.00000000   9.3515400000e-01
    200000    34.00000000   9.1780400000e-01
    200000    36.00000000   9.0104800000e-01
    200000    38.00000000   8.8431900000e-01
    200000    40.00000000   8.6716300000e-01
    200000    42.00000000   8.4922000000e-01
    200000    44.00000000   8.3020100000e-01
    200000    46.00000000   8.0988200000e-01
    200000    48.00000000   7.8808700000e-01
    200000    50.00000000   7.6468800000e-01
    200000    52.00000000   7.3959200000e-01
    200000    54.00000000   7.1274300000e-01
    200000    56.00000000   6.8411200000e-01
    200000    58.00000000   6.5370100000e-01
    200000    60.00000000   6.2153400000e-01
    200000    62.00000000   5.8765800000e-01
    200000    64.00000000   5.5214000000e-01
    200000    66.00000000   5.1506800000e-01
    200000    68.00000000   4.7654600000e-01
    200000    70.00000000   4.3669200000e-01
    200000    72.00000000   3.9564200000e-01
    200000    74.00000000   3.5354200000e-01
    200000    76.00000000   3.1055200000e-01
    200000    78.00000000   2.6684100000e-01
    200000    80.00000000   2.2258900000e-01
    200000    82.00000000   1.7798300000e-01
    200000    84.00000000   1.3321800000e-01
    200000    86.00000000   8.8495000000e-02
    200000    88.00000000   4.4019000000e-02
    200000    90.00000000   0.0000000000e+00
    250000   -90.00000000  -0.0000000000e+00
    250000   -88.00000000  -4.3815000000e-02
    250000   -86.00000000  -8.7678000000e-02
    250000   -84.00000000  -1.3137800000e-01
    250000   -82.00000000  -1.7470700000e-01
    250000   -80.00000000  -2.1746100000e-01
    250000   -78.00000000  -2.5943900000e-01
    250000   -76.00000000  -3.0045000000e-01
    250000   -74.00000000  -3.4030500000e-01
    250000   -72.00000000  -3.7882600000e-01
    250000   -70.00000000  -4.1584400000e-01
    250000   -68.00000000  -4.5119800000e-01
    250000   -66.00000000  -4.8474000000e-01
    250000   -64.00000000  -5.1633200000e-01
    250000   -62.00000000  -5.4585100000e-01
    250000   -60.00000000  -5.7318700000e-01
    250000   -58.00000000  -5.9824400000e-01
    250000   -56.00000000  -6.2094300000e-01
    250000   -54.00000000  -6.4122100000e-01
    250000   -52.00000000  -6.5903400000e-01
    250000   -50.00000000  -6.7435600000e-01
    250000   -48.00000000  -6.8718400000e-01
    250000   -46.00000000  -6.9753300000e-01
    250000   -44.00000000  -7.0544700000e-01
    250000   -42.00000000  -7.1099200000e-01
    250000   -40.00000000  -7.1426700000e-01
    250000   -38.00000000  -7.1539900000e-01
    250000   -36.00000000  -7.1455900000e-01
    250000   -34.00000000  -7.1195700000e-01
    250000   -32.00000000  -7.0785900000e-01
    250000   -30.00000000  -7.0259800000e-01
    250000   -28.00000000  -6.9659000000e-01
    250000   -26.00000000  -6.9036400000e-01
    250000   -24.00000000  -6.8460100000e-01
    250000   -22.00000000  -6.8019800000e-01
    250000   -20.00000000  -6.7836700000e-01
    250000   -18.00000000  -6.8080800000e-01
    250000   -16.00000000  -6.9000300000e-01
    250000   -14.00000000  -7.0976600000e-01
    250000   -12.00000000  -7.1978400000e-01
    250000   -10.00000000  -7.6285300000e-01
    250000    -8.00000000  -4.6239300000e-01
    250000    -6.00000000  -1.6970000000e-01
    250000    -4.00000000   1.1160000000e-01
    250000    -2.00000000   4.0590000000e-01
    250000     0.00000000   6.3840000000e-01
    250000     2.00000000   8.4230000000e-01
    250000     4.00000000   1.0371000000e+00
    250000     6.00000000   1.2171000000e+00
    250000     8.00000000   1.2937000000e+00
    250000    10.00000000   1.3934000000e+00
    250000    12.00000000   1.4879830000e+00
    250000    14.00000000   1.4177620000e+00
    250000    16.00000000   1.2999770000e+00
    250000    18.00000000   1.2129570000e+00
    250000    20.00000000   1.1477450000e+00
    250000    22.00000000   1.0974120000e+00
    250000    24.00000000   1.0576370000e+00
    250000    26.00000000   1.0253920000e+00
    250000    28.00000000   9.9849000000e-01
    250000    30.00000000   9.7530300000e-01
    250000    32.00000000   9.5459600000e-01
    250000    34.00000000   9.3541100000e-01
    250000    36.00000000   9.1700000000e-01
    250000    38.00000000   8.9876800000e-01
    250000    40.00000000   8.8024200000e-01
    250000    42.00000000   8.6104300000e-01
    250000    44.00000000   8.4087200000e-01
    250000    46.00000000   8.1949200000e-01
    250000    48.00000000   7.9671800000e-01
    250000    50.00000000   7.7241400000e-01
    250000    52.00000000   7.4648300000e-01
    250000    54.00000000   7.1886000000e-01
    250000    56.00000000   6.8951600000e-01
    250000    58.00000000   6.5844500000e-01
    250000    60.00000000   6.2566900000e-01
    250000    62.00000000   5.9123400000e-01
    250000    64.00000000   5.5520300000e-01
    250000    66.00000000   5.1766300000e-01
    250000    68.00000000   4.7871400000e-01
    250000    70.00000000   4.3847600000e-01
    250000    72.00000000   3.9708000000e-01
    250000    74.00000000   3.5467400000e-01
    250000    76.00000000   3.1141600000e-01
    250000    78.00000000   2.6747400000e-01
    250000    80.00000000   2.2302700000e-01
    250000    82.00000000   1.7826300000e-01
    250000    84.00000000   1.3337500000e-01
    250000    86.00000000   8.8565000000e-02
    250000    88.00000000   4.4037000000e-02
    250000    90.00000000   0.0000000000e+00
     50000   -90.00000000  -0.0000000000e+00
     50000   -88.00000000  -4.3721000000e-02
     50000   -86.00000000  -8.7300000000e-02
     50000   -84.00000000  -1.3052700000e-01
     50000   -82.00000000  -1.7319200000e-01
     50000   -80.00000000  -2.1508900000e-01
     50000   -78.00000000  -2.5601600000e-01
     50000   -76.00000000  -2.9577800000e-01
     50000   -74.00000000  -3.3418300000e-01
     50000   -72.00000000  -3.7104900000e-01
     50000   -70.00000000  -4.0620200000e-01
     50000   -68.00000000  -4.3947500000e-01
     50000   -66.00000000  -4.7071300000e-01
     50000   -64.00000000  -4.9977200000e-01
     50000   -62.00000000  -5.2651700000e-01
     50000   -60.00000000  -5.5082800000e-01
     50000   -58.00000000  -5.7259600000e-01
     50000   -56.00000000  -5.9172800000e-01
     50000   -54.00000000  -6.0814400000e-01
     50000   -52.00000000  -6.2177700000e-01
     50000   -50.00000000  -6.3258000000e-01
     50000   -48.00000000  -6.4051800000e-01
     50000   -46.00000000  -6.4557500000e-01
     50000   -44.00000000  -6.4775100000e-01
     50000   -42.00000000  -6.4706600000e-01
     50000   -40.00000000  -6.4355500000e-01
     50000   -38.00000000  -6.3727800000e-01
     50000   -36.00000000  -6.2831200000e-01
     50000   -34.00000000  -6.1675700000e-01
     50000   -32.00000000  -6.0274100000e-01
     50000   -30.00000000  -5.8641600000e-01
     50000   -28.00000000  -5.6797000000e-01
     50000   -26.00000000  -5.4763100000e-01
     50000   -24.00000000  -5.2567500000e-01
     50000   -22.00000000  -5.0245000000e-01
     50000   -20.00000000  -4.7839600000e-01
     50000   -18.00000000  -4.5409500000e-01
     50000   -16.00000000  -4.3035000000e-01
     50000   -14.00000000  -4.0834000000e-01
     50000   -12.00000000  -3.8991700000e-01
     50000   -10.00000000  -3.7827700000e-01
     50000    -8.00000000  -3.7521900000e-01
     50000    -6.00000000  -4.0820000000e-01
     50000    -4.00000000  -3.3513200000e-01
     50000    -2.00000000  -6.1400000000e-02
     50000     0.00000000   2.2820000000e-01
     50000     2.00000000   5.0570000000e-01
     50000     4.00000000   7.4000000000e-01
     50000     6.00000000   9.4890000000e-01
     50000     8.00000000   1.3056830000e+00
     50000    10.00000000   1.3386650000e+00
     50000    12.00000000   1.1780690000e+00
     50000    14.00000000   1.0701860000e+00
     50000    16.00000000   1.0004740000e+00
     50000    18.00000000   9.5189400000e-01
     50000    20.00000000   9.1747600000e-01
     50000    22.00000000   8.9273400000e-01
     50000    24.00000000   8.7463200000e-01
     50000    26.00000000   8.6103300000e-01
     50000    28.00000000   8.5038300000e-01
     50000    30.00000000   8.4151900000e-01
     50000    32.00000000   8.3355100000e-01
     50000    34.00000000   8.2578800000e-01
     50000    36.00000000   8.1768600000e-01
     50000    38.00000000   8.0881100000e-01
     50000    40.00000000   7.9881700000e-01
     50000    42.00000000   7.8743100000e-01
     50000    44.00000000   7.7443500000e-01
     50000    46.00000000   7.5966100000e-01
     50000    48.00000000   7.4298200000e-01
     50000    50.00000000   7.2430900000e-01
     50000    52.00000000   7.0358200000e-01
     50000    54.00000000   6.8077200000e-01
     50000    56.00000000   6.5587500000e-01
     50000    58.00000000   6.2891100000e-01
     50000    60.00000000   5.9992200000e-01
     50000    62.00000000   5.6897000000e-01
     50000    64.00000000   5.3613400000e-01
     50000    66.00000000   5.0151100000e-01
     50000    68.00000000   4.6521500000e-01
     50000    70.00000000   4.2737300000e-01
     50000    72.00000000   3.8812500000e-01
     50000    74.00000000   3.4762500000e-01
     50000    76.00000000   3.0603600000e-01
     50000    78.00000000   2.6353200000e-01
     50000    80.00000000   2.2029600000e-01
     50000    82.00000000   1.7651800000e-01
     50000    84.00000000   1.3239500000e-01
     50000    86.00000000   8.8130000000e-02
     50000    88.00000000   4.3928000000e-02
     50000    90.00000000   0.0000000000e+00
    100000   -90.00000000  -0.0000000000e+00
    100000   -88.00000000  -4.3725000000e-02
    100000   -86.00000000  -8.7319000000e-02
    100000   -84.00000000  -1.3056900000e-01
    100000   -82.00000000  -1.7326600000e-01
    100000   -80.00000000  -2.1520500000e-01
    100000   -78.00000000  -2.5618400000e-01
    100000   -76.00000000  -2.9600700000e-01
    100000   -74.00000000  -3.3448300000e-01
    100000   -72.00000000  -3.7143100000e-01
    100000   -70.00000000  -4.0667500000e-01
    100000   -68.00000000  -4.4005000000e-01
    100000   -66.00000000  -4.7140100000e-01
    100000   -64.00000000  -5.0058400000e-01
    100000   -62.00000000  -5.2746500000e-01
    100000   -60.00000000  -5.5192500000e-01
    100000   -58.00000000  -5.7385500000e-01
    100000   -56.00000000  -5.9316200000e-01
    100000   -54.00000000  -6.0976600000e-01
    100000   -52.00000000  -6.2360500000e-01
    100000   -50.00000000  -6.3462900000e-01
    100000   -48.00000000  -6.4280700000e-01
    100000   -46.00000000  -6.4812400000e-01
    100000   -44.00000000  -6.5058200000e-01
    100000   -42.00000000  -6.5020200000e-01
    100000   -40.00000000  -6.4702400000e-01
    100000   -38.00000000  -6.4111000000e-01
    100000   -36.00000000  -6.3254300000e-01
    100000   -34.00000000  -6.2142700000e-01
    100000   -32.00000000  -6.0789700000e-01
    100000   -30.00000000  -5.9211500000e-01
    100000   -28.00000000  -5.7428000000e-01
    100000   -26.00000000  -5.5463300000e-01
    100000   -24.00000000  -5.3347200000e-01
    100000   -22.00000000  -5.1117000000e-01
    100000   -20.00000000  -4.8820600000e-01
    100000   -18.00000000  -4.6521600000e-01
    100000   -16.00000000  -4.4308800000e-01
    100000   -14.00000000  -4.2312700000e-01
    100000   -12.00000000  -4.0740200000e-01
    100000   -10.00000000  -3.9949900000e-01
    100000    -8.00000000  -4.0217800000e-01
    100000    -6.00000000  -4.3591300000e-01
    100000    -4.00000000  -1.5366500000e-01
    100000    -2.00000000   2.0170000000e-01
    100000     0.00000000   4.7930000000e-01
    100000     2.00000000   7.7230000000e-01
    100000     4.00000000   1.0140000000e+00
    100000     6.00000000   1.2135000000e+00
    100000     8.00000000   1.3112720000e+00
    100000    10.00000000   1.3844390000e+00
    100000    12.00000000   1.2841680000e+00
    100000    14.00000000   1.1477920000e+00
    100000    16.00000000   1.0673250000e+00
    100000    18.00000000   1.0102640000e+00
    100000    20.00000000   9.6896100000e-01
    100000    22.00000000   9.3849700000e-01
    100000    24.00000000   9.1554900000e-01
    100000    26.00000000   8.9778200000e-01
    100000    28.00000000   8.8349800000e-01
    100000    30.00000000   8.7143100000e-01
    100000    32.00000000   8.6061500000e-01
    100000    34.00000000   8.5029900000e-01
    100000    36.00000000   8.3989100000e-01
    100000    38.00000000   8.2892400000e-01
    100000    40.00000000   8.1702300000e-01
    100000    42.00000000   8.0389000000e-01
    100000    44.00000000   7.8928900000e-01
    100000    46.00000000   7.7303800000e-01
    100000    48.00000000   7.5499700000e-01
    100000    50.00000000   7.3506500000e-01
    100000    52.00000000   7.1317400000e-01
    100000    54.00000000   6.8928800000e-01
    100000    56.00000000   6.6339700000e-01
    100000    58.00000000   6.3551500000e-01
    100000    60.00000000   6.0567900000e-01
    100000    62.00000000   5.7394800000e-01
    100000    64.00000000   5.4039700000e-01
    100000    66.00000000   5.0512200000e-01
    100000    68.00000000   4.6823300000e-01
    100000    70.00000000   4.2985500000e-01
    100000    72.00000000   3.9012700000e-01
    100000    74.00000000   3.4920100000e-01
    100000    76.00000000   3.0723900000e-01
    100000    78.00000000   2.6441300000e-01
    100000    80.00000000   2.2090700000e-01
    100000    82.00000000   1.7690800000e-01
    100000    84.00000000   1.3261500000e-01
    100000    86.00000000   8.8227000000e-02
    100000    88.00000000   4.3952000000e-02
    100000    90.00000000   0.0000000000e+00
    150000   -90.00000000  -0.0000000000e+00
    150000   -88.00000000  -4.3737000000e-02
    150000   -86.00000000  -8.7367000000e-02
    150000   -84.00000000  -1.3067800000e-01
    150000   -82.00000000  -1.7346100000e-01
    150000   -80.00000000  -2.1551100000e-01
    150000   -78.00000000  -2.5662500000e-01
    150000   -76.00000000  -2.9660900000e-01
    150000   -74.00000000  -3.3527200000e-01
    150000   -72.00000000  -3.7243200000e-01
    150000   -70.00000000  -4.0791700000e-01
    150000   -68.00000000  -4.4156000000e-01
    150000   -66.00000000  -4.7320800000e-01
    150000   -64.00000000  -5.0271700000e-01
    150000   -62.00000000  -5.2995600000e-01
    150000   -60.00000000  -5.5480500000e-01
    150000   -58.00000000  -5.7715800000e-01
    150000   -56.00000000  -5.9692500000e-01
    150000   -54.00000000  -6.1402700000e-01
    150000   -52.00000000  -6.2840400000e-01
    150000   -50.00000000  -6.4001100000e-01
    150000   -48.00000000  -6.4881800000e-01
    150000   -46.00000000  -6.5481700000e-01
    150000   -44.00000000  -6.5801300000e-01
    150000   -42.00000000  -6.5843600000e-01
    150000   -40.00000000  -6.5613300000e-01
    150000   -38.00000000  -6.5117300000e-01
    150000   -36.00000000  -6.4365200000e-01
    150000   -34.00000000  -6.3369000000e-01
    150000   -32.00000000  -6.2143800000e-01
    150000   -30.00000000  -6.0708100000e-01
    150000   -28.00000000  -5.9084700000e-01
    150000   -26.00000000  -5.7301800000e-01
    150000   -24.00000000  -5.5394300000e-01
    150000   -22.00000000  -5.3406500000e-01
    150000   -20.00000000  -5.1396400000e-01
    150000   -18.00000000  -4.9441900000e-01
    150000   -16.00000000  -4.7653400000e-01
    150000   -14.00000000  -4.6195300000e-01
    150000   -12.00000000  -4.5331400000e-01
    150000   -10.00000000  -4.5007100000e-01
    150000    -8.00000000  -4.7670000000e-01
    150000    -6.00000000  -3.3625100000e-01
    150000    -4.00000000   3.3000000000e-03
    150000    -2.00000000   3.0550000000e-01
    150000     0.00000000   5.7020000000e-01
    150000     2.00000000   8.1920000000e-01
    150000     4.00000000   1.0263000000e+00
    150000     6.00000000   1.2105000000e+00
    150000     8.00000000   1.2949000000e+00
    150000    10.00000000   1.3911500000e+00
    150000    12.00000000   1.4150000000e+00
    150000    14.00000000   1.2786980000e+00
    150000    16.00000000   1.1770990000e+00
    150000    18.00000000   1.1061120000e+00
    150000    20.00000000   1.0535030000e+00
    150000    22.00000000   1.0136440000e+00
    150000    24.00000000   9.8273800000e-01
    150000    26.00000000   9.5812500000e-01
    150000    28.00000000   9.3787500000e-01
    150000    30.00000000   9.2055000000e-01
    150000    32.00000000   9.0505600000e-01
    150000    34.00000000   8.9054600000e-01
    150000    36.00000000   8.7635400000e-01
    150000    38.00000000   8.6195100000e-01
    150000    40.00000000   8.4691700000e-01
    150000    42.00000000   8.3091600000e-01
    150000    44.00000000   8.1368200000e-01
    150000    46.00000000   7.9500500000e-01
    150000    48.00000000   7.7472600000e-01
    150000    50.00000000   7.5272600000e-01
    150000    52.00000000   7.2892500000e-01
    150000    54.00000000   7.0327200000e-01
    150000    56.00000000   6.7574800000e-01
    150000    58.00000000   6.4635800000e-01
    150000    60.00000000   6.1513200000e-01
    150000    62.00000000   5.8212200000e-01
    150000    64.00000000   5.4739900000e-01
    150000    66.00000000   5.1105200000e-01
    150000    68.00000000   4.7318900000e-01
    150000    70.00000000   4.3393200000e-01
    150000    72.00000000   3.9341500000e-01
    150000    74.00000000   3.5178900000e-01
    150000    76.00000000   3.0921400000e-01
    150000    78.00000000   2.6586100000e-01
    150000    80.00000000   2.2191000000e-01
    150000    82.00000000   1.7754900000e-01
    150000    84.00000000   1.3297400000e-01
    150000    86.00000000   8.8387000000e-02
    150000    88.00000000   4.3992000000e-02
    150000    90.00000000   0.0000000000e+00
    200000   -90.00000000  -0.0000000000e+00
    200000   -88.00000000  -4.3771000000e-02
    200000   -86.00000000  -8.7500000000e-02
    200000   -84.00000000  -1.3097800000e-01
    200000   -82.00000000  -1.7399500000e-01
    200000   -80.00000000  -2.1634600000e-01
    200000   -78.00000000  -2.5783100000e-01
    200000   -76.00000000  -2.9825400000e-01
    200000   -74.00000000  -3.3742800000e-01
    200000   -72.00000000  -3.7517100000e-01
    200000   -70.00000000  -4.1131200000e-01
    200000   -68.00000000  -4.4568800000e-01
    200000   -66.00000000  -4.7814800000e-01
    200000   -64.00000000  -5.0854900000e-01
    200000   -62.00000000  -5.3676500000e-01
    200000   -60.00000000  -5.6267900000e-01
    200000   -58.00000000  -5.8619000000e-01
    200000   -56.00000000  -6.0721300000e-01
    200000   -54.00000000  -6.2567600000e-01
    200000   -52.00000000  -6.4152400000e-01
    200000   -50.00000000  -6.5472300000e-01
    200000   -48.00000000  -6.6525200000e-01
    200000   -46.00000000  -6.7311500000e-01
    200000   -44.00000000  -6.7833200000e-01
    200000   -42.00000000  -6.8094900000e-01
    200000   -40.00000000  -6.8103500000e-01
    200000   -38.00000000  -6.7868500000e-01
    200000   -36.00000000  -6.7402500000e-01
    200000   -34.00000000  -6.6721600000e-01
    200000   -32.00000000  -6.5845700000e-01
    200000   -30.00000000  -6.4799600000e-01
    200000   -28.00000000  -6.3614300000e-01
    200000   -26.00000000  -6.2328400000e-01
    200000   -24.00000000  -6.0991100000e-01
    200000   -22.00000000  -5.9666200000e-01
    200000   -20.00000000  -5.8438700000e-01
    200000   -18.00000000  -5.7426000000e-01
    200000   -16.00000000  -5.6797400000e-01
    200000   -14.00000000  -5.6810500000e-01
    200000   -12.00000000  -5.7883700000e-01
    200000   -10.00000000  -5.8758700000e-01
    200000    -8.00000000  -5.6690600000e-01
    200000    -6.00000000  -2.2202500000e-01
    200000    -4.00000000   6.2100000000e-02
    200000    -2.00000000   3.5720000000e-01
    200000     0.00000000   6.0740000000e-01
    200000     2.00000000   8.2680000000e-01
    200000     4.00000000   1.0250000000e+00
    200000     6.00000000   1.2075000000e+00
    200000     8.00000000   1.2827000000e+00
    200000    10.00000000   1.3882340000e+00
    200000    12.00000000   1.4284000000e+00
    200000    14.00000000   1.2950280000e+00
    200000    16.00000000   1.1868600000e+00
    200000    18.00000000   1.1146350000e+00
    200000    20.00000000   1.0610210000e+00
    200000    22.00000000   1.0203260000e+00
    200000    24.00000000   9.8871300000e-01
    200000    26.00000000   9.6349100000e-01
    200000    28.00000000   9.4271000000e-01
    200000    30.00000000   9.2491700000e-01
    200000    32.00000000   9.0900800000e-01
    200000    34.00000000   8.9412500000e-01
    200000    36.00000000   8.7959600000e-01
    200000    38.00000000   8.6488800000e-01
    200000    40.00000000   8.4957600000e-01
    200000    42.00000000   8.3332000000e-01
    200000    44.00000000   8.1585100000e-01
    200000    46.00000000   7.9695800000e-01
    200000    48.00000000   7.7648000000e-01
    200000    50.00000000   7.5429700000e-01
    200000    52.00000000   7.3032500000e-01
    200000    54.00000000   7.0451500000e-01
    200000    56.00000000   6.7684600000e-01
    200000    58.00000000   6.4732200000e-01
    200000    60.00000000   6.1597200000e-01
    200000    62.00000000   5.8284900000e-01
    200000    64.00000000   5.4802100000e-01
    200000    66.00000000   5.1158000000e-01
    200000    68.00000000   4.7363000000e-01
    200000    70.00000000   4.3429400000e-01
    200000    72.00000000   3.9370800000e-01
    200000    74.00000000   3.5201900000e-01
    200000    76.00000000   3.0939000000e-01
    200000    78.00000000   2.6598900000e-01
    200000    80.00000000   2.2199900000e-01
    200000    82.00000000   1.7760600000e-01
    200000    84.00000000   1.3300600000e-01
    200000    86.00000000   8.8401000000e-02
    200000    88.00000000   4.3996000000e-02
    200000    90.00000000   0.0000000000e+00
    250000   -90.00000000  -0.0000000000e+00
    250000   -88.00000000  -4.3787000000e-02
    250000   -86.00000000  -8.7565000000e-02
    250000   -84.00000000  -1.3112300000e-01
    250000   -82.00000000  -1.7425300000e-01
    250000   -80.00000000  -2.1675000000e-01
    250000   -78.00000000  -2.5841400000e-01
    250000   -76.00000000  -2.9905000000e-01
    250000   -74.00000000  -3.3847100000e-01
    250000   -72.00000000  -3.7649700000e-01
    250000   -70.00000000  -4.1295500000e-01
    250000   -68.00000000  -4.4768600000e-01
    250000   -66.00000000  -4.8053800000e-01
    250000   -64.00000000  -5.1137100000e-01
    250000   -62.00000000  -5.4006000000e-01
    250000   -60.00000000  -5.6648900000e-01
    250000   -58.00000000  -5.9056100000e-01
    250000   -56.00000000  -6.1219200000e-01
    250000   -54.00000000  -6.3131300000e-01
    250000   -52.00000000  -6.4787400000e-01
    250000   -50.00000000  -6.6184200000e-01
    250000   -48.00000000  -6.7320500000e-01
    250000   -46.00000000  -6.8196900000e-01
    250000   -44.00000000  -6.8816400000e-01
    250000   -42.00000000  -6.9184300000e-01
    250000   -40.00000000  -6.9308500000e-01
    250000   -38.00000000  -6.9199800000e-01
    250000   -36.00000000  -6.8872300000e-01
    250000   -34.00000000  -6.8344000000e-01
    250000   -32.00000000  -6.7637100000e-01
    250000   -30.00000000  -6.6779500000e-01
    250000   -28.00000000  -6.5806200000e-01
    250000   -26.00000000  -6.4760800000e-01
    250000   -24.00000000  -6.3699500000e-01
    250000   -22.00000000  -6.2695300000e-01
    250000   -20.00000000  -6.1846500000e-01
    250000   -18.00000000  -6.1289600000e-01
    250000   -16.00000000  -6.1222300000e-01
    250000   -14.00000000  -6.1947300000e-01
    250000   -12.00000000  -6.3558200000e-01
    250000   -10.00000000  -6.3980200000e-01
    250000    -8.00000000  -5.1636900000e-01
    250000    -6.00000000  -1.7810000000e-01
    250000    -4.00000000   1.1170000000e-01
    250000    -2.00000000   3.9320000000e-01
    250000     0.00000000   6.2040000000e-01
    250000     2.00000000   8.2860000000e-01
    250000     4.00000000   1.0240000000e+00
    250000     6.00000000   1.2034000000e+00
    250000     8.00000000   1.2797000000e+00
    250000    10.00000000   1.4056140000e+00
    250000    12.00000000   1.4456000000e+00
    250000    14.00000000   1.3102890000e+00
    250000    16.00000000   1.1993900000e+00
    250000    18.00000000   1.1255760000e+00
    250000    20.00000000   1.0706710000e+00
    250000    22.00000000   1.0289040000e+00
    250000    24.00000000   9.9638200000e-01
    250000    26.00000000   9.7037900000e-01
    250000    28.00000000   9.4891700000e-01
    250000    30.00000000   9.3052400000e-01
    250000    32.00000000   9.1408100000e-01
    250000    34.00000000   8.9871900000e-01
    250000    36.00000000   8.8375800000e-01
    250000    38.00000000   8.6865800000e-01
    250000    40.00000000   8.5298800000e-01
    250000    42.00000000   8.3640400000e-01
    250000    44.00000000   8.1863500000e-01
    250000    46.00000000   7.9946600000e-01
    250000    48.00000000   7.7873200000e-01
    250000    50.00000000   7.5631300000e-01
    250000    52.00000000   7.3212300000e-01
    250000    54.00000000   7.0611200000e-01
    250000    56.00000000   6.7825600000e-01
    250000    58.00000000   6.4855900000e-01
    250000    60.00000000   6.1705100000e-01
    250000    62.00000000   5.8378200000e-01
    250000    64.00000000   5.4882000000e-01
    250000    66.00000000   5.1225700000e-01
    250000    68.00000000   4.7419600000e-01
    250000    70.00000000   4.3475900000e-01
    250000    72.00000000   3.9408300000e-01
    250000    74.00000000   3.5231500000e-01
    250000    76.00000000   3.0961500000e-01
    250000    78.00000000   2.6615400000e-01
    250000    80.00000000   2.2211300000e-01
    250000    82.00000000   1.7767900000e-01
    250000    84.00000000   1.3304700000e-01
    250000    86.00000000   8.8419000000e-02
    250000    88.00000000   4.4000000000e-02
    250000    90.00000000   0.0000000000e+00
     50000   -90.00000000  -0.0000000000e+00
     50000   -88.00000000  -4.3718000000e-02
     50000   -86.00000000  -8.7291000000e-02
     50000   -84.00000000  -1.3050700000e-01
     50000   -82.00000000  -1.7315600000e-01
     50000   -80.00000000  -2.1503200000e-01
     50000   -78.00000000  -2.5593500000e-01
     50000   -76.00000000  -2.9566600000e-01
     50000   -74.00000000  -3.3403700000e-01
     50000   -72.00000000  -3.7086300000e-01
     50000   -70.00000000  -4.0597100000e-01
     50000   -68.00000000  -4.3919500000e-01
     50000   -66.00000000  -4.7037800000e-01
     50000   -64.00000000  -4.9937600000e-01
     50000   -62.00000000  -5.2605500000e-01
     50000   -60.00000000  -5.5029300000e-01
     50000   -58.00000000  -5.7198300000e-01
     50000   -56.00000000  -5.9103000000e-01
     50000   -54.00000000  -6.0735300000e-01
     50000   -52.00000000  -6.2088700000e-01
     50000   -50.00000000  -6.3158200000e-01
     50000   -48.00000000  -6.3940300000e-01
     50000   -46.00000000  -6.4433300000e-01
     50000   -44.00000000  -6.4637200000e-01
     50000   -42.00000000  -6.4553800000e-01
     50000   -40.00000000  -6.4186600000e-01
     50000   -38.00000000  -6.3541100000e-01
     50000   -36.00000000  -6.2625100000e-01
     50000   -34.00000000  -6.1448200000e-01
     50000   -32.00000000  -6.0022800000e-01
     50000   -30.00000000  -5.8363900000e-01
     50000   -28.00000000  -5.6489600000e-01
     50000   -26.00000000  -5.4421900000e-01
     50000   -24.00000000  -5.2187700000e-01
     50000   -22.00000000  -4.9820200000e-01
     50000   -20.00000000  -4.7361700000e-01
     50000   -18.00000000  -4.4867600000e-01
     50000   -16.00000000  -4.2414500000e-01
     50000   -14.00000000  -4.0113600000e-01
     50000   -12.00000000  -3.8139900000e-01
     50000   -10.00000000  -3.6793900000e-01
     50000    -8.00000000  -3.6658600000e-01
     50000    -6.00000000  -3.9311200000e-01
     50000    -4.00000000  -3.7621400000e-01
     50000    -2.00000000  -5.8100000000e-02
     50000     0.00000000   2.2050000000e-01
     50000     2.00000000   5.0330000000e-01
     50000     4.00000000   7.3700000000e-01
     50000     6.00000000   9.3750000000e-01
     50000     8.00000000   1.3110290000e+00
     50000    10.00000000   1.2689140000e+00
     50000    12.00000000   1.1083960000e+00
     50000    14.00000000   1.0154480000e+00
     50000    16.00000000   9.5332200000e-01
     50000    18.00000000   9.1072300000e-01
     50000    20.00000000   8.8116200000e-01
     50000    22.00000000   8.6045500000e-01
     50000    24.00000000   8.4577100000e-01
     50000    26.00000000   8.3511300000e-01
     50000    28.00000000   8.2702600000e-01
     50000    30.00000000   8.2042000000e-01
     50000    32.00000000   8.1446200000e-01
     50000    34.00000000   8.0850000000e-01
     50000    36.00000000   8.0202400000e-01
     50000    38.00000000   7.9462400000e-01
     50000    40.00000000   7.8597600000e-01
     50000    42.00000000   7.7582200000e-01
     50000    44.00000000   7.6395700000e-01
     50000    46.00000000   7.5022500000e-01
     50000    48.00000000   7.3450800000e-01
     50000    50.00000000   7.1672200000e-01
     50000    52.00000000   6.9681600000e-01
     50000    54.00000000   6.7476500000e-01
     50000    56.00000000   6.5057000000e-01
     50000    58.00000000   6.2425400000e-01
     50000    60.00000000   5.9586200000e-01
     50000    62.00000000   5.6545900000e-01
     50000    64.00000000   5.3312600000e-01
     50000    66.00000000   4.9896400000e-01
     50000    68.00000000   4.6308600000e-01
     50000    70.00000000   4.2562200000e-01
     50000    72.00000000   3.8671300000e-01
     50000    74.00000000   3.4651300000e-01
     50000    76.00000000   3.0518800000e-01
     50000    78.00000000   2.6291100000e-01
     50000    80.00000000   2.1986600000e-01
     50000    82.00000000   1.7624300000e-01
     50000    84.00000000   1.3224100000e-01
     50000    86.00000000   8.8061000000e-02
     50000    88.00000000   4.3911000000e-02
     50000    90.00000000   0.0000000000e+00
    100000   -90.00000000  -0.0000000000e+00
    100000   -88.00000000  -4.3724000000e-02
    100000   -86.00000000  -8.7312000000e-02
    100000   -84.00000000  -1.3055500000e-01
    100000   -82.00000000  -1.7324100000e-01
    100000   -80.00000000  -2.1516600000e-01
    100000   -78.00000000  -2.5612800000e-01
    100000   -76.00000000  -2.9592900000e-01
    100000   -74.00000000  -3.3438200000e-01
    100000   -72.00000000  -3.7130200000e-01
    100000   -70.00000000  -4.0651500000e-01
    100000   -68.00000000  -4.3985600000e-01
    100000   -66.00000000  -4.7116900000e-01
    100000   -64.00000000  -5.0030900000e-01
    100000   -62.00000000  -5.2714500000e-01
    100000   -60.00000000  -5.5155400000e-01
    100000   -58.00000000  -5.7342900000e-01
    100000   -56.00000000  -5.9267700000e-01
    100000   -54.00000000  -6.0921800000e-01
    100000   -52.00000000  -6.2298700000e-01
    100000   -50.00000000  -6.3393700000e-01
    100000   -48.00000000  -6.4203400000e-01
    100000   -46.00000000  -6.4726200000e-01
    100000   -44.00000000  -6.4962500000e-01
    100000   -42.00000000  -6.4914200000e-01
    100000   -40.00000000  -6.4585200000e-01
    100000   -38.00000000  -6.3981500000e-01
    100000   -36.00000000  -6.3111300000e-01
    100000   -34.00000000  -6.1984900000e-01
    100000   -32.00000000  -6.0615400000e-01
    100000   -30.00000000  -5.9018900000e-01
    100000   -28.00000000  -5.7214700000e-01
    100000   -26.00000000  -5.5226600000e-01
    100000   -24.00000000  -5.3083600000e-01
    100000   -22.00000000  -5.0822200000e-01
    100000   -20.00000000  -4.8489000000e-01
    100000   -18.00000000  -4.6145700000e-01
    100000   -16.00000000  -4.3878200000e-01
    100000   -14.00000000  -4.1812900000e-01
    100000   -12.00000000  -4.0149200000e-01
    100000   -10.00000000  -3.9232500000e-01
    100000    -8.00000000  -3.9582900000e-01
    100000    -6.00000000  -4.3200000000e-01
    100000    -4.00000000  -1.6386400000e-01
    100000    -2.00000000   1.9430000000e-01
    100000     0.00000000   4.7605000000e-01
    100000     2.00000000   7.6370000000e-01
    100000     4.00000000   1.0010000000e+00
    100000     6.00000000   1.1985000000e+00
    100000     8.00000000   1.2934000000e+00
    100000    10.00000000   1.3536110000e+00
    100000    12.00000000   1.3080480000e+00
    100000    14.00000000   1.1751340000e+00
    100000    16.00000000   1.0900280000e+00
    100000    18.00000000   1.0300870000e+00
    100000    20.00000000   9.8644600000e-01
    100000    22.00000000   9.5403900000e-01
    100000    24.00000000   9.2944500000e-01
    100000    26.00000000   9.1026200000e-01
    100000    28.00000000   8.9474400000e-01
    100000    30.00000000   8.8159000000e-01
    100000    32.00000000   8.6980600000e-01
    100000    34.00000000   8.5862200000e-01
    100000    36.00000000   8.4743200000e-01
    100000    38.00000000   8.3575400000e-01
    100000    40.00000000   8.2320500000e-01
    100000    42.00000000   8.0947900000e-01
    100000    44.00000000   7.9433400000e-01
    100000    46.00000000   7.7758100000e-01
    100000    48.00000000   7.5907700000e-01
    100000    50.00000000   7.3871700000e-01
    100000    52.00000000   7.1643100000e-01
    100000    54.00000000   6.9218000000e-01
    100000    56.00000000   6.6595100000e-01
    100000    58.00000000   6.3775700000e-01
    100000    60.00000000   6.0763400000e-01
    100000    62.00000000   5.7563800000e-01
    100000    64.00000000   5.4184500000e-01
    100000    66.00000000   5.0634900000e-01
    100000    68.00000000   4.6925800000e-01
    100000    70.00000000   4.3069800000e-01
    100000    72.00000000   3.9080700000e-01
    100000    74.00000000   3.4973600000e-01
    100000    76.00000000   3.0764700000e-01
    100000    78.00000000   2.6471300000e-01
    100000    80.00000000   2.2111400000e-01
    100000    82.00000000   1.7704100000e-01
    100000    84.00000000   1.3268900000e-01
    100000    86.00000000   8.8260000000e-02
    100000    88.00000000   4.3960000000e-02
    100000    90.00000000   0.0000000000e+00
    150000   -90.00000000  -0.0000000000e+00
    150000   -88.00000000  -4.3739000000e-02
    150000   -86.00000000  -8.7374000000e-02
    150000   -84.00000000  -1.3069300000e-01
    150000   -82.00000000  -1.7348800000e-01
    150000   -80.00000000  -2.1555200000e-01
    150000   -78.00000000  -2.5668500000e-01
    150000   -76.00000000  -2.9669000000e-01
    150000   -74.00000000  -3.3537800000e-01
    150000   -72.00000000  -3.7256700000e-01
    150000   -70.00000000  -4.0808400000e-01
    150000   -68.00000000  -4.4176300000e-01
    150000   -66.00000000  -4.7345100000e-01
    150000   -64.00000000  -5.0300400000e-01
    150000   -62.00000000  -5.3029100000e-01
    150000   -60.00000000  -5.5519300000e-01
    150000   -58.00000000  -5.7760300000e-01
    150000   -56.00000000  -5.9743100000e-01
    150000   -54.00000000  -6.1460100000e-01
    150000   -52.00000000  -6.2905000000e-01
    150000   -50.00000000  -6.4073500000e-01
    150000   -48.00000000  -6.4962800000e-01
    150000   -46.00000000  -6.5571800000e-01
    150000   -44.00000000  -6.5901400000e-01
    150000   -42.00000000  -6.5954500000e-01
    150000   -40.00000000  -6.5735900000e-01
    150000   -38.00000000  -6.5252800000e-01
    150000   -36.00000000  -6.4514800000e-01
    150000   -34.00000000  -6.3534100000e-01
    150000   -32.00000000  -6.2326100000e-01
    150000   -30.00000000  -6.0909600000e-01
    150000   -28.00000000  -5.9307800000e-01
    150000   -26.00000000  -5.7549400000e-01
    150000   -24.00000000  -5.5669900000e-01
    150000   -22.00000000  -5.3714800000e-01
    150000   -20.00000000  -5.1743200000e-01
    150000   -18.00000000  -4.9835100000e-01
    150000   -16.00000000  -4.8103700000e-01
    150000   -14.00000000  -4.6718200000e-01
    150000   -12.00000000  -4.5949700000e-01
    150000   -10.00000000  -4.6023800000e-01
    150000    -8.00000000  -4.7455500000e-01
    150000    -6.00000000  -4.0153000000e-01
    150000    -4.00000000  -6.0000000000e-03
    150000    -2.00000000   2.9890000000e-01
    150000     0.00000000   5.6260000000e-01
    150000     2.00000000   8.0610000000e-01
    150000     4.00000000   1.0125000000e+00
    150000     6.00000000   1.1977000000e+00
    150000     8.00000000   1.2808000000e+00
    150000    10.00000000   1.3720380000e+00
    150000    12.00000000   1.3654510000e+00
    150000    14.00000000   1.2324980000e+00
    150000    16.00000000   1.1356470000e+00
    150000    18.00000000   1.0699190000e+00
    150000    20.00000000   1.0215790000e+00
    150000    22.00000000   9.8526700000e-01
    150000    24.00000000   9.5736700000e-01
    150000    26.00000000   9.3533900000e-01
    150000    28.00000000   9.1734100000e-01
    150000    30.00000000   9.0200200000e-01
    150000    32.00000000   8.8827500000e-01
    150000    34.00000000   8.7534800000e-01
    150000    36.00000000   8.6258500000e-01
    150000    38.00000000   8.4948000000e-01
    150000    40.00000000   8.3562900000e-01
    150000    42.00000000   8.2071100000e-01
    150000    44.00000000   8.0447100000e-01
    150000    46.00000000   7.8671000000e-01
    150000    48.00000000   7.6727600000e-01
    150000    50.00000000   7.4605700000e-01
    150000    52.00000000   7.2297700000e-01
    150000    54.00000000   6.9799100000e-01
    150000    56.00000000   6.7108400000e-01
    150000    58.00000000   6.4226300000e-01
    150000    60.00000000   6.1156200000e-01
    150000    62.00000000   5.7903500000e-01
    150000    64.00000000   5.4475500000e-01
    150000    66.00000000   5.0881300000e-01
    150000    68.00000000   4.7131800000e-01
    150000    70.00000000   4.3239200000e-01
    150000    72.00000000   3.9217400000e-01
    150000    74.00000000   3.5081200000e-01
    150000    76.00000000   3.0846800000e-01
    150000    78.00000000   2.6531400000e-01
    150000    80.00000000   2.2153100000e-01
    150000    82.00000000   1.7730700000e-01
    150000    84.00000000   1.3283800000e-01
    150000    86.00000000   8.8326000000e-02
    150000    88.00000000   4.3977000000e-02
    150000    90.00000000   0.0000000000e+00
    200000   -90.00000000  -0.0000000000e+00
    200000   -88.00000000  -4.3749000000e-02
    200000   -86.00000000  -8.7414000000e-02
    200000   -84.00000000  -1.3078300000e-01
    200000   -82.00000000  -1.7364700000e-01
    200000   -80.00000000  -2.1580200000e-01
    200000   -78.00000000  -2.5704500000e-01
    200000   -76.00000000  -2.9718100000e-01
    200000   -74.00000000  -3.3602200000e-01
    200000   -72.00000000  -3.7338600000e-01
    200000   -70.00000000  -4.0909900000e-01
    200000   -68.00000000  -4.4299700000e-01
    200000   -66.00000000  -4.7492700000e-01
    200000   -64.00000000  -5.0474700000e-01
    200000   -62.00000000  -5.3232600000e-01
    200000   -60.00000000  -5.5754600000e-01
    200000   -58.00000000  -5.8030200000e-01
    200000   -56.00000000  -6.0050600000e-01
    200000   -54.00000000  -6.1808200000e-01
    200000   -52.00000000  -6.3297100000e-01
    200000   -50.00000000  -6.4513200000e-01
    200000   -48.00000000  -6.5453900000e-01
    200000   -46.00000000  -6.6118600000e-01
    200000   -44.00000000  -6.6508600000e-01
    200000   -42.00000000  -6.6627200000e-01
    200000   -40.00000000  -6.6480100000e-01
    200000   -38.00000000  -6.6075000000e-01
    200000   -36.00000000  -6.5422500000e-01
    200000   -34.00000000  -6.4536000000e-01
    200000   -32.00000000  -6.3432300000e-01
    200000   -30.00000000  -6.2132300000e-01
    200000   -28.00000000  -6.0661400000e-01
    200000   -26.00000000  -5.9051500000e-01
    200000   -24.00000000  -5.7342400000e-01
    200000   -22.00000000  -5.5585400000e-01
    200000   -20.00000000  -5.3847700000e-01
    200000   -18.00000000  -5.2221000000e-01
    200000   -16.00000000  -5.0836200000e-01
    200000   -14.00000000  -4.9890300000e-01
    200000   -12.00000000  -4.9700700000e-01
    200000   -10.00000000  -4.9778200000e-01
    200000    -8.00000000  -5.4360000000e-01
    200000    -6.00000000  -2.6330700000e-01
    200000    -4.00000000   5.9300000000e-02
    200000    -2.00000000   3.5360000000e-01
    200000     0.00000000   5.9020000000e-01
    200000     2.00000000   8.1290000000e-01
    200000     4.00000000   1.0107000000e+00
    200000     6.00000000   1.1930000000e+00
    200000     8.00000000   1.2707000000e+00
    200000    10.00000000   1.3919560000e+00
    200000    12.00000000   1.3743140000e+00
    200000    14.00000000   1.2325490000e+00
    200000    16.00000000   1.1374950000e+00
    200000    18.00000000   1.0715330000e+00
    200000    20.00000000   1.0230030000e+00
    200000    22.00000000   9.8653300000e-01
    200000    24.00000000   9.5849900000e-01
    200000    26.00000000   9.3635500000e-01
    200000    28.00000000   9.1825700000e-01
    200000    30.00000000   9.0282900000e-01
    200000    32.00000000   8.8902300000e-01
    200000    34.00000000   8.7602600000e-01
    200000    36.00000000   8.6319900000e-01
    200000    38.00000000   8.5003600000e-01
    200000    40.00000000   8.3613200000e-01
    200000    42.00000000   8.2116600000e-01
    200000    44.00000000   8.0488200000e-01
    200000    46.00000000   7.8708000000e-01
    200000    48.00000000   7.6760800000e-01
    200000    50.00000000   7.4635400000e-01
    200000    52.00000000   7.2324200000e-01
    200000    54.00000000   6.9822700000e-01
    200000    56.00000000   6.7129200000e-01
    200000    58.00000000   6.4244600000e-01
    200000    60.00000000   6.1172200000e-01
    200000    62.00000000   5.7917300000e-01
    200000    64.00000000   5.4487300000e-01
    200000    66.00000000   5.0891300000e-01
    200000    68.00000000   4.7140100000e-01
    200000    70.00000000   4.3246100000e-01
    200000    72.00000000   3.9222900000e-01
    200000    74.00000000   3.5085500000e-01
    200000    76.00000000   3.0850100000e-01
    200000    78.00000000   2.6533900000e-01
    200000    80.00000000   2.2154800000e-01
    200000    82.00000000   1.7731800000e-01
    200000    84.00000000   1.3284500000e-01
    200000    86.00000000   8.8329000000e-02
    200000    88.00000000   4.3978000000e-02
    200000    90.00000000   0.0000000000e+00
    250000   -90.00000000  -0.0000000000e+00
    250000   -88.00000000  -4.3765000000e-02
    250000   -86.00000000  -8.7478000000e-02
    250000   -84.00000000  -1.3092800000e-01
    250000   -82.00000000  -1.7390600000e-01
    250000   -80.00000000  -2.1620600000e-01
    250000   -78.00000000  -2.5762900000e-01
    250000   -76.00000000  -2.9797900000e-01
    250000   -74.00000000  -3.3706700000e-01
    250000   -72.00000000  -3.7471300000e-01
    250000   -70.00000000  -4.1074500000e-01
    250000   -68.00000000  -4.4499800000e-01
    250000   -66.00000000  -4.7732200000e-01
    250000   -64.00000000  -5.0757400000e-01
    250000   -62.00000000  -5.3562600000e-01
    250000   -60.00000000  -5.6136200000e-01
    250000   -58.00000000  -5.8468000000e-01
    250000   -56.00000000  -6.0549300000e-01
    250000   -54.00000000  -6.2372800000e-01
    250000   -52.00000000  -6.3933100000e-01
    250000   -50.00000000  -6.5226300000e-01
    250000   -48.00000000  -6.6250400000e-01
    250000   -46.00000000  -6.7005500000e-01
    250000   -44.00000000  -6.7493400000e-01
    250000   -42.00000000  -6.7718400000e-01
    250000   -40.00000000  -6.7687100000e-01
    250000   -38.00000000  -6.7408500000e-01
    250000   -36.00000000  -6.6894700000e-01
    250000   -34.00000000  -6.6161000000e-01
    250000   -32.00000000  -6.5226700000e-01
    250000   -30.00000000  -6.4115500000e-01
    250000   -28.00000000  -6.2856900000e-01
    250000   -26.00000000  -6.1487900000e-01
    250000   -24.00000000  -6.0055300000e-01
    250000   -22.00000000  -5.8619500000e-01
    250000   -20.00000000  -5.7261200000e-01
    250000   -18.00000000  -5.6091000000e-01
    250000   -16.00000000  -5.5268500000e-01
    250000   -14.00000000  -5.5035600000e-01
    250000   -12.00000000  -5.5784900000e-01
    250000   -10.00000000  -5.6791000000e-01
    250000    -8.00000000  -5.1575200000e-01
    250000    -6.00000000  -1.7240000000e-01
    250000    -4.00000000   1.0550000000e-01
    250000    -2.00000000   3.8050000000e-01
    250000     0.00000000   6.0370000000e-01
    250000     2.00000000   8.1430000000e-01
    250000     4.00000000   1.0093000000e+00
    250000     6.00000000   1.1894000000e+00
    250000     8.00000000   1.2739500000e+00
    250000    10.00000000   1.4010270000e+00
    250000    12.00000000   1.4071420000e+00
    250000    14.00000000   1.2677980000e+00
    250000    16.00000000   1.1655590000e+00
    250000    18.00000000   1.0960370000e+00
    250000    20.00000000   1.0446160000e+00
    250000    22.00000000   1.0057440000e+00
    250000    24.00000000   9.7567600000e-01
    250000    26.00000000   9.5178200000e-01
    250000    28.00000000   9.3215900000e-01
    250000    30.00000000   9.1538600000e-01
    250000    32.00000000   9.0038400000e-01
    250000    34.00000000   8.8631500000e-01
    250000    36.00000000   8.7252100000e-01
    250000    38.00000000   8.5848000000e-01
    250000    40.00000000   8.4377500000e-01
    250000    42.00000000   8.2807500000e-01
    250000    44.00000000   8.1111800000e-01
    250000    46.00000000   7.9269600000e-01
    250000    48.00000000   7.7265200000e-01
    250000    50.00000000   7.5087000000e-01
    250000    52.00000000   7.2726900000e-01
    250000    54.00000000   7.0180200000e-01
    250000    56.00000000   6.7444900000e-01
    250000    58.00000000   6.4521800000e-01
    250000    60.00000000   6.1413800000e-01
    250000    62.00000000   5.8126300000e-01
    250000    64.00000000   5.4666300000e-01
    250000    66.00000000   5.1042900000e-01
    250000    68.00000000   4.7266800000e-01
    250000    70.00000000   4.3350300000e-01
    250000    72.00000000   3.9307000000e-01
    250000    74.00000000   3.5151700000e-01
    250000    76.00000000   3.0900600000e-01
    250000    78.00000000   2.6570900000e-01
    250000    80.00000000   2.2180400000e-01
    250000    82.00000000   1.7748200000e-01
    250000    84.00000000   1.3293700000e-01
    250000    86.00000000   8.8370000000e-02
    250000    88.00000000   4.3988000000e-02
    250000    90.00000000   0.0000000000e+00
     50000   -90.00000000  -0.0000000000e+00
     50000   -88.00000000  -4.3721000000e-02
     50000   -86.00000000  -8.7303000000e-02
     50000   -84.00000000  -1.3053300000e-01
     50000   -82.00000000  -1.7320300000e-01
     50000   -80.00000000  -2.1510500000e-01
     50000   -78.00000000  -2.5604000000e-01
     50000   -76.00000000  -2.9581000000e-01
     50000   -74.00000000  -3.3422600000e-01
     50000   -72.00000000  -3.7110300000e-01
     50000   -70.00000000  -4.0626900000e-01
     50000   -68.00000000  -4.3955700000e-01
     50000   -66.00000000  -4.7081100000e-01
     50000   -64.00000000  -4.9988700000e-01
     50000   -62.00000000  -5.2665100000e-01
     50000   -60.00000000  -5.5098300000e-01
     50000   -58.00000000  -5.7277500000e-01
     50000   -56.00000000  -5.9193200000e-01
     50000   -54.00000000  -6.0837400000e-01
     50000   -52.00000000  -6.2203700000e-01
     50000   -50.00000000  -6.3287100000e-01
     50000   -48.00000000  -6.4084300000e-01
     50000   -46.00000000  -6.4593700000e-01
     50000   -44.00000000  -6.4815300000e-01
     50000   -42.00000000  -6.4751000000e-01
     50000   -40.00000000  -6.4404800000e-01
     50000   -38.00000000  -6.3782200000e-01
     50000   -36.00000000  -6.2891200000e-01
     50000   -34.00000000  -6.1742000000e-01
     50000   -32.00000000  -6.0347200000e-01
     50000   -30.00000000  -5.8722400000e-01
     50000   -28.00000000  -5.6886500000e-01
     50000   -26.00000000  -5.4862400000e-01
     50000   -24.00000000  -5.2678100000e-01
     50000   -22.00000000  -5.0368700000e-01
     50000   -20.00000000  -4.7978700000e-01
     50000   -18.00000000  -4.5567200000e-01
     50000   -16.00000000  -4.3215700000e-01
     50000   -14.00000000  -4.1043800000e-01
     50000   -12.00000000  -3.9239700000e-01
     50000   -10.00000000  -3.8128800000e-01
     50000    -8.00000000  -3.7919500000e-01
     50000    -6.00000000  -4.1330000000e-01
     50000    -4.00000000  -3.2435500000e-01
     50000    -2.00000000  -5.5800000000e-02
     50000     0.00000000   2.1040000000e-01
     50000     2.00000000   4.9820000000e-01
     50000     4.00000000   7.3100000000e-01
     50000     6.00000000   9.3890200000e-01
     50000     8.00000000   1.2975830000e+00
     50000    10.00000000   1.1967430000e+00
     50000    12.00000000   1.0495190000e+00
     50000    14.00000000   9.6614900000e-01
     50000    16.00000000   9.1085500000e-01
     50000    18.00000000   8.7364300000e-01
     50000    20.00000000   8.4845600000e-01
     50000    22.00000000   8.3138400000e-01
     50000    24.00000000   8.1977800000e-01
     50000    26.00000000   8.1176800000e-01
     50000    28.00000000   8.0599000000e-01
     50000    30.00000000   8.0141800000e-01
     50000    32.00000000   7.9726900000e-01
     50000    34.00000000   7.9293000000e-01
     50000    36.00000000   7.8791800000e-01
     50000    38.00000000   7.8184700000e-01
     50000    40.00000000   7.7441100000e-01
     50000    42.00000000   7.6536600000e-01
     50000    44.00000000   7.5452100000e-01
     50000    46.00000000   7.4172700000e-01
     50000    48.00000000   7.2687600000e-01
     50000    50.00000000   7.0989000000e-01
     50000    52.00000000   6.9072300000e-01
     50000    54.00000000   6.6935500000e-01
     50000    56.00000000   6.4579200000e-01
     50000    58.00000000   6.2005900000e-01
     50000    60.00000000   5.9220500000e-01
     50000    62.00000000   5.6229700000e-01
     50000    64.00000000   5.3041800000e-01
     50000    66.00000000   4.9667000000e-01
     50000    68.00000000   4.6116900000e-01
     50000    70.00000000   4.2404500000e-01
     50000    72.00000000   3.8544100000e-01
     50000    74.00000000   3.4551200000e-01
     50000    76.00000000   3.0442300000e-01
     50000    78.00000000   2.6235100000e-01
     50000    80.00000000   2.1947800000e-01
     50000    82.00000000   1.7599600000e-01
     50000    84.00000000   1.3210200000e-01
     50000    86.00000000   8.7999000000e-02
     50000    88.00000000   4.3895000000e-02
     50000    90.00000000   0.0000000000e+00
    100000   -90.00000000  -0.0000000000e+00
    100000   -88.00000000  -4.3724000000e-02
    100000   -86.00000000  -8.7313000000e-02
    100000   -84.00000000  -1.3055500000e-01
    100000   -82.00000000  -1.7324200000e-01
    100000   -80.00000000  -2.1516700000e-01
    100000   -78.00000000  -2.5612900000e-01
    100000   -76.00000000  -2.9593100000e-01
    100000   -74.00000000  -3.3438400000e-01
    100000   -72.00000000  -3.7130500000e-01
    100000   -70.00000000  -4.0651900000e-01
    100000   -68.00000000  -4.3986000000e-01
    100000   -66.00000000  -4.7117400000e-01
    100000   -64.00000000  -5.0031600000e-01
    100000   -62.00000000  -5.2715200000e-01
    100000   -60.00000000  -5.5156200000e-01
    100000   -58.00000000  -5.7343900000e-01
    100000   -56.00000000  -5.9268800000e-01
    100000   -54.00000000  -6.0923100000e-01
    100000   -52.00000000  -6.2300200000e-01
    100000   -50.00000000  -6.3395300000e-01
    100000   -48.00000000  -6.4205100000e-01
    100000   -46.00000000  -6.4728200000e-01
    100000   -44.00000000  -6.4964700000e-01
    100000   -42.00000000  -6.4916600000e-01
    100000   -40.00000000  -6.4587900000e-01
    100000   -38.00000000  -6.3984500000e-01
    100000   -36.00000000  -6.3114600000e-01
    100000   -34.00000000  -6.1988500000e-01
    100000   -32.00000000  -6.0619400000e-01
    100000   -30.00000000  -5.9023300000e-01
    100000   -28.00000000  -5.7219600000e-01
    100000   -26.00000000  -5.5232000000e-01
    100000   -24.00000000  -5.3089700000e-01
    100000   -22.00000000  -5.0829000000e-01
    100000   -20.00000000  -4.8496600000e-01
    100000   -18.00000000  -4.6154400000e-01
    100000   -16.00000000  -4.3888200000e-01
    100000   -14.00000000  -4.1824400000e-01
    100000   -12.00000000  -4.0162800000e-01
    100000   -10.00000000  -3.9249100000e-01
    100000    -8.00000000  -3.9681600000e-01
    100000    -6.00000000  -4.3417100000e-01
    100000    -4.00000000  -1.8531700000e-01
    100000    -2.00000000   1.8650000000e-01
    100000     0.00000000   4.6670000000e-01
    100000     2.00000000   7.5210000000e-01
    100000     4.00000000   9.8770000000e-01
    100000     6.00000000   1.1842000000e+00
    100000     8.00000000   1.2847000000e+00
    100000    10.00000000   1.3191630000e+00
    100000    12.00000000   1.2921700000e+00
    100000    14.00000000   1.1705600000e+00
    100000    16.00000000   1.0852220000e+00
    100000    18.00000000   1.0258910000e+00
    100000    20.00000000   9.8274500000e-01
    100000    22.00000000   9.5074900000e-01
    100000    24.00000000   9.2650400000e-01
    100000    26.00000000   9.0762000000e-01
    100000    28.00000000   8.9236300000e-01
    100000    30.00000000   8.7943900000e-01
    100000    32.00000000   8.6786100000e-01
    100000    34.00000000   8.5686100000e-01
    100000    36.00000000   8.4583600000e-01
    100000    38.00000000   8.3430900000e-01
    100000    40.00000000   8.2189700000e-01
    100000    42.00000000   8.0829600000e-01
    100000    44.00000000   7.9326600000e-01
    100000    46.00000000   7.7662000000e-01
    100000    48.00000000   7.5821400000e-01
    100000    50.00000000   7.3794400000e-01
    100000    52.00000000   7.1574200000e-01
    100000    54.00000000   6.9156800000e-01
    100000    56.00000000   6.6541000000e-01
    100000    58.00000000   6.3728200000e-01
    100000    60.00000000   6.0722000000e-01
    100000    62.00000000   5.7528000000e-01
    100000    64.00000000   5.4153900000e-01
    100000    66.00000000   5.0608900000e-01
    100000    68.00000000   4.6904100000e-01
    100000    70.00000000   4.3052000000e-01
    100000    72.00000000   3.9066300000e-01
    100000    74.00000000   3.4962300000e-01
    100000    76.00000000   3.0756100000e-01
    100000    78.00000000   2.6464900000e-01
    100000    80.00000000   2.2107000000e-01
    100000    82.00000000   1.7701300000e-01
    100000    84.00000000   1.3267300000e-01
    100000    86.00000000   8.8253000000e-02
    100000    88.00000000   4.3959000000e-02
    100000    90.00000000   0.0000000000e+00
    150000   -90.00000000  -0.0000000000e+00
    150000   -88.00000000  -4.3734000000e-02
    150000   -86.00000000  -8.7355000000e-02
    150000   -84.00000000  -1.3065000000e-01
    150000   -82.00000000  -1.7341100000e-01
    150000   -80.00000000  -2.1543200000e-01
    150000   -78.00000000  -2.5651100000e-01
    150000   -76.00000000  -2.9645300000e-01
    150000   -74.00000000  -3.3506800000e-01
    150000   -72.00000000  -3.7217300000e-01
    150000   -70.00000000  -4.0759600000e-01
    150000   -68.00000000  -4.4117000000e-01
    150000   -66.00000000  -4.7274100000e-01
    150000   -64.00000000  -5.0216600000e-01
    150000   -62.00000000  -5.2931200000e-01
    150000   -60.00000000  -5.5406000000e-01
    150000   -58.00000000  -5.7630400000e-01
    150000   -56.00000000  -5.9595100000e-01
    150000   -54.00000000  -6.1292500000e-01
    150000   -52.00000000  -6.2716300000e-01
    150000   -50.00000000  -6.3861900000e-01
    150000   -48.00000000  -6.4726400000e-01
    150000   -46.00000000  -6.5308600000e-01
    150000   -44.00000000  -6.5609100000e-01
    150000   -42.00000000  -6.5630600000e-01
    150000   -40.00000000  -6.5377700000e-01
    150000   -38.00000000  -6.4857100000e-01
    150000   -36.00000000  -6.4077900000e-01
    150000   -34.00000000  -6.3051800000e-01
    150000   -32.00000000  -6.1793600000e-01
    150000   -30.00000000  -6.0321000000e-01
    150000   -28.00000000  -5.8656200000e-01
    150000   -26.00000000  -5.6826300000e-01
    150000   -24.00000000  -5.4864800000e-01
    150000   -22.00000000  -5.2814400000e-01
    150000   -20.00000000  -5.0730200000e-01
    150000   -18.00000000  -4.8686600000e-01
    150000   -16.00000000  -4.6788300000e-01
    150000   -14.00000000  -4.5191100000e-01
    150000   -12.00000000  -4.4144000000e-01
    150000   -10.00000000  -4.4070100000e-01
    150000    -8.00000000  -4.5214600000e-01
    150000    -6.00000000  -3.7560200000e-01
    150000    -4.00000000  -1.4000000000e-02
    150000    -2.00000000   2.8940000000e-01
    150000     0.00000000   5.5290000000e-01
    150000     2.00000000   7.9270000000e-01
    150000     4.00000000   9.9800000000e-01
    150000     6.00000000   1.1838000000e+00
    150000     8.00000000   1.2669500000e+00
    150000    10.00000000   1.3608260000e+00
    150000    12.00000000   1.3105470000e+00
    150000    14.00000000   1.1731920000e+00
    150000    16.00000000   1.0884630000e+00
    150000    18.00000000   1.0287210000e+00
    150000    20.00000000   9.8524100000e-01
    150000    22.00000000   9.5296800000e-01
    150000    24.00000000   9.2848700000e-01
    150000    26.00000000   9.0940200000e-01
    150000    28.00000000   8.9396900000e-01
    150000    30.00000000   8.8089000000e-01
    150000    32.00000000   8.6917300000e-01
    150000    34.00000000   8.5804900000e-01
    150000    36.00000000   8.4691300000e-01
    150000    38.00000000   8.3528400000e-01
    150000    40.00000000   8.2277900000e-01
    150000    42.00000000   8.0909400000e-01
    150000    44.00000000   7.9398700000e-01
    150000    46.00000000   7.7726800000e-01
    150000    48.00000000   7.5879600000e-01
    150000    50.00000000   7.3846600000e-01
    150000    52.00000000   7.1620700000e-01
    150000    54.00000000   6.9198100000e-01
    150000    56.00000000   6.6577500000e-01
    150000    58.00000000   6.3760300000e-01
    150000    60.00000000   6.0749900000e-01
    150000    62.00000000   5.7552200000e-01
    150000    64.00000000   5.4174600000e-01
    150000    66.00000000   5.0626400000e-01
    150000    68.00000000   4.6918800000e-01
    150000    70.00000000   4.3064000000e-01
    150000    72.00000000   3.9076000000e-01
    150000    74.00000000   3.4969900000e-01
    150000    76.00000000   3.0761900000e-01
    150000    78.00000000   2.6469200000e-01
    150000    80.00000000   2.2110000000e-01
    150000    82.00000000   1.7703200000e-01
    150000    84.00000000   1.3268400000e-01
    150000    86.00000000   8.8258000000e-02
    150000    88.00000000   4.3960000000e-02
    150000    90.00000000   0.0000000000e+00
    200000   -90.00000000  -0.0000000000e+00
    200000   -88.00000000  -4.3755000000e-02
    200000   -86.00000000  -8.7438000000e-02
    200000   -84.00000000  -1.3083700000e-01
    200000   -82.00000000  -1.7374300000e-01
    200000   -80.00000000  -2.1595200000e-01
    200000   -78.00000000  -2.5726100000e-01
    200000   -76.00000000  -2.9747700000e-01
    200000   -74.00000000  -3.3641000000e-01
    200000   -72.00000000  -3.7387800000e-01
    200000   -70.00000000  -4.0970900000e-01
    200000   -68.00000000  -4.4373900000e-01
    200000   -66.00000000  -4.7581500000e-01
    200000   -64.00000000  -5.0579600000e-01
    200000   -62.00000000  -5.3355000000e-01
    200000   -60.00000000  -5.5896100000e-01
    200000   -58.00000000  -5.8192600000e-01
    200000   -56.00000000  -6.0235500000e-01
    200000   -54.00000000  -6.2017600000e-01
    200000   -52.00000000  -6.3533000000e-01
    200000   -50.00000000  -6.4777600000e-01
    200000   -48.00000000  -6.5749300000e-01
    200000   -46.00000000  -6.6447500000e-01
    200000   -44.00000000  -6.6873800000e-01
    200000   -42.00000000  -6.7031900000e-01
    200000   -40.00000000  -6.6927700000e-01
    200000   -38.00000000  -6.6569500000e-01
    200000   -36.00000000  -6.5968500000e-01
    200000   -34.00000000  -6.5138700000e-01
    200000   -32.00000000  -6.4097800000e-01
    200000   -30.00000000  -6.2867800000e-01
    200000   -28.00000000  -6.1475600000e-01
    200000   -26.00000000  -5.9955100000e-01
    200000   -24.00000000  -5.8348600000e-01
    200000   -22.00000000  -5.6710700000e-01
    200000   -20.00000000  -5.5113700000e-01
    200000   -18.00000000  -5.3656300000e-01
    200000   -16.00000000  -5.2480100000e-01
    200000   -14.00000000  -5.1798600000e-01
    200000   -12.00000000  -5.1957200000e-01
    200000   -10.00000000  -5.3956800000e-01
    200000    -8.00000000  -5.5450300000e-01
    200000    -6.00000000  -2.2126300000e-01
    200000    -4.00000000   5.1700000000e-02
    200000    -2.00000000   3.4230000000e-01
    200000     0.00000000   5.7600000000e-01
    200000     2.00000000   7.9870000000e-01
    200000     4.00000000   9.9640000000e-01
    200000     6.00000000   1.1793000000e+00
    200000     8.00000000   1.2701000000e+00
    200000    10.00000000   1.3805650000e+00
    200000    12.00000000   1.3287060000e+00
    200000    14.00000000   1.1896050000e+00
    200000    16.00000000   1.1026050000e+00
    200000    18.00000000   1.0410690000e+00
    200000    20.00000000   9.9613200000e-01
    200000    22.00000000   9.6264800000e-01
    200000    24.00000000   9.3714300000e-01
    200000    26.00000000   9.1717500000e-01
    200000    28.00000000   9.0097400000e-01
    200000    30.00000000   8.8721700000e-01
    200000    32.00000000   8.7489800000e-01
    200000    34.00000000   8.6323400000e-01
    200000    36.00000000   8.5161000000e-01
    200000    38.00000000   8.3953900000e-01
    200000    40.00000000   8.2663100000e-01
    200000    42.00000000   8.1257600000e-01
    200000    44.00000000   7.9712900000e-01
    200000    46.00000000   7.8009800000e-01
    200000    48.00000000   7.6133800000e-01
    200000    50.00000000   7.4074100000e-01
    200000    52.00000000   7.1823600000e-01
    200000    54.00000000   6.9378200000e-01
    200000    56.00000000   6.6736600000e-01
    200000    58.00000000   6.3899900000e-01
    200000    60.00000000   6.0871700000e-01
    200000    62.00000000   5.7657500000e-01
    200000    64.00000000   5.4264800000e-01
    200000    66.00000000   5.0702800000e-01
    200000    68.00000000   4.6982600000e-01
    200000    70.00000000   4.3116500000e-01
    200000    72.00000000   3.9118400000e-01
    200000    74.00000000   3.5003300000e-01
    200000    76.00000000   3.0787400000e-01
    200000    78.00000000   2.6487900000e-01
    200000    80.00000000   2.2122900000e-01
    200000    82.00000000   1.7711400000e-01
    200000    84.00000000   1.3273000000e-01
    200000    86.00000000   8.8278000000e-02
    200000    88.00000000   4.3965000000e-02
    200000    90.00000000   0.0000000000e+00
    250000   -90.00000000  -0.0000000000e+00
    250000   -88.00000000  -4.3752000000e-02
    250000   -86.00000000  -8.7425000000e-02
    250000   -84.00000000  -1.3080900000e-01
    250000   -82.00000000  -1.7369400000e-01
    250000   -80.00000000  -2.1587500000e-01
    250000   -78.00000000  -2.5715100000e-01
    250000   -76.00000000  -2.9732600000e-01
    250000   -74.00000000  -3.3621200000e-01
    250000   -72.00000000  -3.7362700000e-01
    250000   -70.00000000  -4.0939700000e-01
    250000   -68.00000000  -4.4336000000e-01
    250000   -66.00000000  -4.7536200000e-01
    250000   -64.00000000  -5.0526000000e-01
    250000   -62.00000000  -5.3292500000e-01
    250000   -60.00000000  -5.5823800000e-01
    250000   -58.00000000  -5.8109700000e-01
    250000   -56.00000000  -6.0141100000e-01
    250000   -54.00000000  -6.1910600000e-01
    250000   -52.00000000  -6.3412500000e-01
    250000   -50.00000000  -6.4642600000e-01
    250000   -48.00000000  -6.5598400000e-01
    250000   -46.00000000  -6.6279500000e-01
    250000   -44.00000000  -6.6687300000e-01
    250000   -42.00000000  -6.6825300000e-01
    250000   -40.00000000  -6.6699100000e-01
    250000   -38.00000000  -6.6317000000e-01
    250000   -36.00000000  -6.5689600000e-01
    250000   -34.00000000  -6.4830900000e-01
    250000   -32.00000000  -6.3758000000e-01
    250000   -30.00000000  -6.2492200000e-01
    250000   -28.00000000  -6.1059800000e-01
    250000   -26.00000000  -5.9493700000e-01
    250000   -24.00000000  -5.7834800000e-01
    250000   -22.00000000  -5.6136100000e-01
    250000   -20.00000000  -5.4467200000e-01
    250000   -18.00000000  -5.2923400000e-01
    250000   -16.00000000  -5.1640600000e-01
    250000   -14.00000000  -5.0824100000e-01
    250000   -12.00000000  -5.0804900000e-01
    250000   -10.00000000  -5.1222100000e-01
    250000    -8.00000000  -5.2082600000e-01
    250000    -6.00000000  -2.0142500000e-01
    250000    -4.00000000   8.2300000000e-02
    250000    -2.00000000   3.6770000000e-01
    250000     0.00000000   5.8690000000e-01
    250000     2.00000000   7.9960000000e-01
    250000     4.00000000   9.9540000000e-01
    250000     6.00000000   1.1757000000e+00
    250000     8.00000000   1.2630000000e+00
    250000    10.00000000   1.3966160000e+00
    250000    12.00000000   1.3456010000e+00
    250000    14.00000000   1.2039300000e+00
    250000    16.00000000   1.1149110000e+00
    250000    18.00000000   1.0518130000e+00
    250000    20.00000000   1.0056100000e+00
    250000    22.00000000   9.7107300000e-01
    250000    24.00000000   9.4467500000e-01
    250000    26.00000000   9.2394000000e-01
    250000    28.00000000   9.0707000000e-01
    250000    30.00000000   8.9272400000e-01
    250000    32.00000000   8.7988000000e-01
    250000    34.00000000   8.6774600000e-01
    250000    36.00000000   8.5569800000e-01
    250000    38.00000000   8.4324100000e-01
    250000    40.00000000   8.2998200000e-01
    250000    42.00000000   8.1560500000e-01
    250000    44.00000000   7.9986300000e-01
    250000    46.00000000   7.8256100000e-01
    250000    48.00000000   7.6354900000e-01
    250000    50.00000000   7.4272100000e-01
    250000    52.00000000   7.2000200000e-01
    250000    54.00000000   6.9535000000e-01
    250000    56.00000000   6.6875100000e-01
    250000    58.00000000   6.4021500000e-01
    250000    60.00000000   6.0977700000e-01
    250000    62.00000000   5.7749100000e-01
    250000    64.00000000   5.4343200000e-01
    250000    66.00000000   5.0769300000e-01
    250000    68.00000000   4.7038200000e-01
    250000    70.00000000   4.3162200000e-01
    250000    72.00000000   3.9155300000e-01
    250000    74.00000000   3.5032300000e-01
    250000    76.00000000   3.0809500000e-01
    250000    78.00000000   2.6504100000e-01
    250000    80.00000000   2.2134200000e-01
    250000    82.00000000   1.7718600000e-01
    250000    84.00000000   1.3277100000e-01
    250000    86.00000000   8.8296000000e-02
    250000    88.00000000   4.3970000000e-02
    250000    90.00000000   0.0000000000e+00
     50000   -90.00000000  -0.0000000000e+00
     50000   -88.00000000  -4.3717000000e-02
     50000   -86.00000000  -8.7287000000e-02
     50000   -84.00000000  -1.3049700000e-01
     50000   -82.00000000  -1.7313900000e-01
     50000   -80.00000000  -2.1500600000e-01
     50000   -78.00000000  -2.5589700000e-01
     50000   -76.00000000  -2.9561500000e-01
     50000   -74.00000000  -3.3397000000e-01
     50000   -72.00000000  -3.7077900000e-01
     50000   -70.00000000  -4.0586600000e-01
     50000   -68.00000000  -4.3906700000e-01
     50000   -66.00000000  -4.7022500000e-01
     50000   -64.00000000  -4.9919500000e-01
     50000   -62.00000000  -5.2584400000e-01
     50000   -60.00000000  -5.5005000000e-01
     50000   -58.00000000  -5.7170400000e-01
     50000   -56.00000000  -5.9071100000e-01
     50000   -54.00000000  -6.0699200000e-01
     50000   -52.00000000  -6.2048100000e-01
     50000   -50.00000000  -6.3112600000e-01
     50000   -48.00000000  -6.3889400000e-01
     50000   -46.00000000  -6.4376600000e-01
     50000   -44.00000000  -6.4574300000e-01
     50000   -42.00000000  -6.4484000000e-01
     50000   -40.00000000  -6.4109400000e-01
     50000   -38.00000000  -6.3455900000e-01
     50000   -36.00000000  -6.2531000000e-01
     50000   -34.00000000  -6.1344400000e-01
     50000   -32.00000000  -5.9908200000e-01
     50000   -30.00000000  -5.8237200000e-01
     50000   -28.00000000  -5.6349300000e-01
     50000   -26.00000000  -5.4266200000e-01
     50000   -24.00000000  -5.2014400000e-01
     50000   -22.00000000  -4.9626300000e-01
     50000   -20.00000000  -4.7143500000e-01
     50000   -18.00000000  -4.4620300000e-01
     50000   -16.00000000  -4.2131200000e-01
     50000   -14.00000000  -3.9784800000e-01
     50000   -12.00000000  -3.7751000000e-01
     50000   -10.00000000  -3.6322000000e-01
     50000    -8.00000000  -3.6048200000e-01
     50000    -6.00000000  -3.8965400000e-01
     50000    -4.00000000  -3.5507600000e-01
     50000    -2.00000000  -5.3700000000e-02
     50000     0.00000000   2.0600000000e-01
     50000     2.00000000   4.9510000000e-01
     50000     4.00000000   7.2630000000e-01
     50000     6.00000000   9.4149200000e-01
     50000     8.00000000   1.2781570000e+00
     50000    10.00000000   1.1459600000e+00
     50000    12.00000000   1.0125510000e+00
     50000    14.00000000   9.3488500000e-01
     50000    16.00000000   8.8392400000e-01
     50000    18.00000000   8.5012900000e-01
     50000    20.00000000   8.2771500000e-01
     50000    22.00000000   8.1294800000e-01
     50000    24.00000000   8.0329500000e-01
     50000    26.00000000   7.9696400000e-01
     50000    28.00000000   7.9265000000e-01
     50000    30.00000000   7.8936800000e-01
     50000    32.00000000   7.8636700000e-01
     50000    34.00000000   7.8305600000e-01
     50000    36.00000000   7.7897200000e-01
     50000    38.00000000   7.7374400000e-01
     50000    40.00000000   7.6707700000e-01
     50000    42.00000000   7.5873600000e-01
     50000    44.00000000   7.4853700000e-01
     50000    46.00000000   7.3633800000e-01
     50000    48.00000000   7.2203600000e-01
     50000    50.00000000   7.0555700000e-01
     50000    52.00000000   6.8685900000e-01
     50000    54.00000000   6.6592400000e-01
     50000    56.00000000   6.4276100000e-01
     50000    58.00000000   6.1739900000e-01
     50000    60.00000000   5.8988600000e-01
     50000    62.00000000   5.6029100000e-01
     50000    64.00000000   5.2870000000e-01
     50000    66.00000000   4.9521500000e-01
     50000    68.00000000   4.5995300000e-01
     50000    70.00000000   4.2304500000e-01
     50000    72.00000000   3.8463400000e-01
     50000    74.00000000   3.4487700000e-01
     50000    76.00000000   3.0393900000e-01
     50000    78.00000000   2.6199600000e-01
     50000    80.00000000   2.1923200000e-01
     50000    82.00000000   1.7583800000e-01
     50000    84.00000000   1.3201400000e-01
     50000    86.00000000   8.7960000000e-02
     50000    88.00000000   4.3886000000e-02
     50000    90.00000000   0.0000000000e+00
    100000   -90.00000000  -0.0000000000e+00
    100000   -88.00000000  -4.3725000000e-02
    100000   -86.00000000  -8.7317000000e-02
    100000   -84.00000000  -1.3056400000e-01
    100000   -82.00000000  -1.7325800000e-01
    100000   -80.00000000  -2.1519200000e-01
    100000   -78.00000000  -2.5616400000e-01
    100000   -76.00000000  -2.9598000000e-01
    100000   -74.00000000  -3.3444800000e-01
    100000   -72.00000000  -3.7138600000e-01
    100000   -70.00000000  -4.0661900000e-01
    100000   -68.00000000  -4.3998200000e-01
    100000   -66.00000000  -4.7132000000e-01
    100000   -64.00000000  -5.0048800000e-01
    100000   -62.00000000  -5.2735300000e-01
    100000   -60.00000000  -5.5179500000e-01
    100000   -58.00000000  -5.7370600000e-01
    100000   -56.00000000  -5.9299200000e-01
    100000   -54.00000000  -6.0957500000e-01
    100000   -52.00000000  -6.2338900000e-01
    100000   -50.00000000  -6.3438700000e-01
    100000   -48.00000000  -6.4253700000e-01
    100000   -46.00000000  -6.4782300000e-01
    100000   -44.00000000  -6.5024700000e-01
    100000   -42.00000000  -6.4983100000e-01
    100000   -40.00000000  -6.4661500000e-01
    100000   -38.00000000  -6.4065800000e-01
    100000   -36.00000000  -6.3204300000e-01
    100000   -34.00000000  -6.2087600000e-01
    100000   -32.00000000  -6.0728800000e-01
    100000   -30.00000000  -5.9144200000e-01
    100000   -28.00000000  -5.7353500000e-01
    100000   -26.00000000  -5.5380600000e-01
    100000   -24.00000000  -5.3255100000e-01
    100000   -22.00000000  -5.1014000000e-01
    100000   -20.00000000  -4.8704700000e-01
    100000   -18.00000000  -4.6390300000e-01
    100000   -16.00000000  -4.4158400000e-01
    100000   -14.00000000  -4.2138100000e-01
    100000   -12.00000000  -4.0533800000e-01
    100000   -10.00000000  -3.9699300000e-01
    100000    -8.00000000  -3.9973400000e-01
    100000    -6.00000000  -4.3046200000e-01
    100000    -4.00000000  -1.6010700000e-01
    100000    -2.00000000   1.7920000000e-01
    100000     0.00000000   4.6200000000e-01
    100000     2.00000000   7.4040000000e-01
    100000     4.00000000   9.7420000000e-01
    100000     6.00000000   1.1700000000e+00
    100000     8.00000000   1.2690000000e+00
    100000    10.00000000   1.3005260000e+00
    100000    12.00000000   1.2300970000e+00
    100000    14.00000000   1.1568320000e+00
    100000    16.00000000   1.0770120000e+00
    100000    18.00000000   1.0187230000e+00
    100000    20.00000000   9.7642200000e-01
    100000    22.00000000   9.4512900000e-01
    100000    24.00000000   9.2147900000e-01
    100000    26.00000000   9.0310700000e-01
    100000    28.00000000   8.8829700000e-01
    100000    30.00000000   8.7576600000e-01
    100000    32.00000000   8.6453700000e-01
    100000    34.00000000   8.5385000000e-01
    100000    36.00000000   8.4310900000e-01
    100000    38.00000000   8.3183900000e-01
    100000    40.00000000   8.1966100000e-01
    100000    42.00000000   8.0627500000e-01
    100000    44.00000000   7.9144200000e-01
    100000    46.00000000   7.7497700000e-01
    100000    48.00000000   7.5673800000e-01
    100000    50.00000000   7.3662300000e-01
    100000    52.00000000   7.1456400000e-01
    100000    54.00000000   6.9052200000e-01
    100000    56.00000000   6.6448600000e-01
    100000    58.00000000   6.3647100000e-01
    100000    60.00000000   6.0651300000e-01
    100000    62.00000000   5.7466900000e-01
    100000    64.00000000   5.4101500000e-01
    100000    66.00000000   5.0564600000e-01
    100000    68.00000000   4.6867100000e-01
    100000    70.00000000   4.3021500000e-01
    100000    72.00000000   3.9041700000e-01
    100000    74.00000000   3.4942900000e-01
    100000    76.00000000   3.0741300000e-01
    100000    78.00000000   2.6454100000e-01
    100000    80.00000000   2.2099500000e-01
    100000    82.00000000   1.7696500000e-01
    100000    84.00000000   1.3264600000e-01
    100000    86.00000000   8.8241000000e-02
    100000    88.00000000   4.3956000000e-02
    100000    90.00000000   0.0000000000e+00
    150000   -90.00000000  -0.0000000000e+00
    150000   -88.00000000  -4.3722000000e-02
    150000   -86.00000000  -8.7305000000e-02
    150000   -84.00000000  -1.3053700000e-01
    150000   -82.00000000  -1.7321000000e-01
    150000   -80.00000000  -2.1511800000e-01
    150000   -78.00000000  -2.5605800000e-01
    150000   -76.00000000  -2.9583500000e-01
    150000   -74.00000000  -3.3425700000e-01
    150000   -72.00000000  -3.7114400000e-01
    150000   -70.00000000  -4.0631900000e-01
    150000   -68.00000000  -4.3961800000e-01
    150000   -66.00000000  -4.7088400000e-01
    150000   -64.00000000  -4.9997300000e-01
    150000   -62.00000000  -5.2675200000e-01
    150000   -60.00000000  -5.5110000000e-01
    150000   -58.00000000  -5.7290800000e-01
    150000   -56.00000000  -5.9208400000e-01
    150000   -54.00000000  -6.0854600000e-01
    150000   -52.00000000  -6.2223000000e-01
    150000   -50.00000000  -6.3308800000e-01
    150000   -48.00000000  -6.4108500000e-01
    150000   -46.00000000  -6.4620700000e-01
    150000   -44.00000000  -6.4845300000e-01
    150000   -42.00000000  -6.4784300000e-01
    150000   -40.00000000  -6.4441500000e-01
    150000   -38.00000000  -6.3822800000e-01
    150000   -36.00000000  -6.2936000000e-01
    150000   -34.00000000  -6.1791500000e-01
    150000   -32.00000000  -6.0401800000e-01
    150000   -30.00000000  -5.8782800000e-01
    150000   -28.00000000  -5.6953400000e-01
    150000   -26.00000000  -5.4936600000e-01
    150000   -24.00000000  -5.2760700000e-01
    150000   -22.00000000  -5.0461100000e-01
    150000   -20.00000000  -4.8082700000e-01
    150000   -18.00000000  -4.5685100000e-01
    150000   -16.00000000  -4.3350700000e-01
    150000   -14.00000000  -4.1200400000e-01
    150000   -12.00000000  -3.9425000000e-01
    150000   -10.00000000  -3.8353600000e-01
    150000    -8.00000000  -3.8851700000e-01
    150000    -6.00000000  -3.8852900000e-01
    150000    -4.00000000  -2.4819000000e-02
    150000    -2.00000000   2.8810000000e-01
    150000     0.00000000   5.4220000000e-01
    150000     2.00000000   7.7870000000e-01
    150000     4.00000000   9.8270000000e-01
    150000     6.00000000   1.1690000000e+00
    150000     8.00000000   1.2573720000e+00
    150000    10.00000000   1.3368040000e+00
    150000    12.00000000   1.2483090000e+00
    150000    14.00000000   1.1179360000e+00
    150000    16.00000000   1.0416060000e+00
    150000    18.00000000   9.8780800000e-01
    150000    20.00000000   9.4915400000e-01
    150000    22.00000000   9.2089100000e-01
    150000    24.00000000   8.9980800000e-01
    150000    26.00000000   8.8364400000e-01
    150000    28.00000000   8.7075800000e-01
    150000    30.00000000   8.5992300000e-01
    150000    32.00000000   8.5020300000e-01
    150000    34.00000000   8.4086900000e-01
    150000    36.00000000   8.3134800000e-01
    150000    38.00000000   8.2118600000e-01
    150000    40.00000000   8.1001900000e-01
    150000    42.00000000   7.9755800000e-01
    150000    44.00000000   7.8357500000e-01
    150000    46.00000000   7.6789200000e-01
    150000    48.00000000   7.5037500000e-01
    150000    50.00000000   7.3092700000e-01
    150000    52.00000000   7.0948400000e-01
    150000    54.00000000   6.8601200000e-01
    150000    56.00000000   6.6050300000e-01
    150000    58.00000000   6.3297400000e-01
    150000    60.00000000   6.0346400000e-01
    150000    62.00000000   5.7203300000e-01
    150000    64.00000000   5.3875700000e-01
    150000    66.00000000   5.0373300000e-01
    150000    68.00000000   4.6707200000e-01
    150000    70.00000000   4.2890000000e-01
    150000    72.00000000   3.8935700000e-01
    150000    74.00000000   3.4859500000e-01
    150000    76.00000000   3.0677600000e-01
    150000    78.00000000   2.6407400000e-01
    150000    80.00000000   2.2067200000e-01
    150000    82.00000000   1.7675800000e-01
    150000    84.00000000   1.3253000000e-01
    150000    86.00000000   8.8190000000e-02
    150000    88.00000000   4.3943000000e-02
    150000    90.00000000   0.0000000000e+00
    200000   -90.00000000  -0.0000000000e+00
    200000   -88.00000000  -4.3738000000e-02
    200000   -86.00000000  -8.7369000000e-02
    200000   -84.00000000  -1.3068100000e-01
    200000   -82.00000000  -1.7346600000e-01
    200000   -80.00000000  -2.1551800000e-01
    200000   -78.00000000  -2.5663600000e-01
    200000   -76.00000000  -2.9662300000e-01
    200000   -74.00000000  -3.3529100000e-01
    200000   -72.00000000  -3.7245700000e-01
    200000   -70.00000000  -4.0794700000e-01
    200000   -68.00000000  -4.4159700000e-01
    200000   -66.00000000  -4.7325200000e-01
    200000   -64.00000000  -5.0276900000e-01
    200000   -62.00000000  -5.3001600000e-01
    200000   -60.00000000  -5.5487400000e-01
    200000   -58.00000000  -5.7723800000e-01
    200000   -56.00000000  -5.9701600000e-01
    200000   -54.00000000  -6.1413000000e-01
    200000   -52.00000000  -6.2852000000e-01
    200000   -50.00000000  -6.4014100000e-01
    200000   -48.00000000  -6.4896400000e-01
    200000   -46.00000000  -6.5497800000e-01
    200000   -44.00000000  -6.5819300000e-01
    200000   -42.00000000  -6.5863500000e-01
    200000   -40.00000000  -6.5635300000e-01
    200000   -38.00000000  -6.5141700000e-01
    200000   -36.00000000  -6.4392100000e-01
    200000   -34.00000000  -6.3398700000e-01
    200000   -32.00000000  -6.2176500000e-01
    200000   -30.00000000  -6.0744300000e-01
    200000   -28.00000000  -5.9124800000e-01
    200000   -26.00000000  -5.7346300000e-01
    200000   -24.00000000  -5.5443800000e-01
    200000   -22.00000000  -5.3461900000e-01
    200000   -20.00000000  -5.1458700000e-01
    200000   -18.00000000  -4.9512500000e-01
    200000   -16.00000000  -4.7734200000e-01
    200000   -14.00000000  -4.6289200000e-01
    200000   -12.00000000  -4.5442500000e-01
    200000   -10.00000000  -4.5482300000e-01
    200000    -8.00000000  -4.7840000000e-01
    200000    -6.00000000  -2.7487700000e-01
    200000    -4.00000000   3.5000000000e-02
    200000    -2.00000000   3.3530000000e-01
    200000     0.00000000   5.6290000000e-01
    200000     2.00000000   7.8400000000e-01
    200000     4.00000000   9.8140000000e-01
    200000     6.00000000   1.1641000000e+00
    200000     8.00000000   1.2644000000e+00
    200000    10.00000000   1.3475220000e+00
    200000    12.00000000   1.3422000000e+00
    200000    14.00000000   1.2231830000e+00
    200000    16.00000000   1.1240660000e+00
    200000    18.00000000   1.0598070000e+00
    200000    20.00000000   1.0126600000e+00
    200000    22.00000000   9.7734000000e-01
    200000    24.00000000   9.5027800000e-01
    200000    26.00000000   9.2897300000e-01
    200000    28.00000000   9.1160500000e-01
    200000    30.00000000   8.9682000000e-01
    200000    32.00000000   8.8358600000e-01
    200000    34.00000000   8.7110200000e-01
    200000    36.00000000   8.5873800000e-01
    200000    38.00000000   8.4599500000e-01
    200000    40.00000000   8.3247500000e-01
    200000    42.00000000   8.1785900000e-01
    200000    44.00000000   8.0189700000e-01
    200000    46.00000000   7.8439300000e-01
    200000    48.00000000   7.6519500000e-01
    200000    50.00000000   7.4419400000e-01
    200000    52.00000000   7.2131500000e-01
    200000    54.00000000   6.9651600000e-01
    200000    56.00000000   6.6978100000e-01
    200000    58.00000000   6.4111900000e-01
    200000    60.00000000   6.1056500000e-01
    200000    62.00000000   5.7817300000e-01
    200000    64.00000000   5.4401600000e-01
    200000    66.00000000   5.0818800000e-01
    200000    68.00000000   4.7079500000e-01
    200000    70.00000000   4.3196200000e-01
    200000    72.00000000   3.9182700000e-01
    200000    74.00000000   3.5053900000e-01
    200000    76.00000000   3.0826000000e-01
    200000    78.00000000   2.6516100000e-01
    200000    80.00000000   2.2142500000e-01
    200000    82.00000000   1.7724000000e-01
    200000    84.00000000   1.3280100000e-01
    200000    86.00000000   8.8310000000e-02
    200000    88.00000000   4.3973000000e-02
    200000    90.00000000   0.0000000000e+00
    250000   -90.00000000  -0.0000000000e+00
    250000   -88.00000000  -4.3730000000e-02
    250000   -86.00000000  -8.7338000000e-02
    250000   -84.00000000  -1.3061300000e-01
    250000   -82.00000000  -1.7334400000e-01
    250000   -80.00000000  -2.1532800000e-01
    250000   -78.00000000  -2.5636100000e-01
    250000   -76.00000000  -2.9624800000e-01
    250000   -74.00000000  -3.3479900000e-01
    250000   -72.00000000  -3.7183200000e-01
    250000   -70.00000000  -4.0717200000e-01
    250000   -68.00000000  -4.4065500000e-01
    250000   -66.00000000  -4.7212500000e-01
    250000   -64.00000000  -5.0143800000e-01
    250000   -62.00000000  -5.2846300000e-01
    250000   -60.00000000  -5.5307800000e-01
    250000   -58.00000000  -5.7517800000e-01
    250000   -56.00000000  -5.9466900000e-01
    250000   -54.00000000  -6.1147300000e-01
    250000   -52.00000000  -6.2552700000e-01
    250000   -50.00000000  -6.3678500000e-01
    250000   -48.00000000  -6.4521500000e-01
    250000   -46.00000000  -6.5080400000e-01
    250000   -44.00000000  -6.5355800000e-01
    250000   -42.00000000  -6.5349900000e-01
    250000   -40.00000000  -6.5067200000e-01
    250000   -38.00000000  -6.4514000000e-01
    250000   -36.00000000  -6.3699200000e-01
    250000   -34.00000000  -6.2633800000e-01
    250000   -32.00000000  -6.1332000000e-01
    250000   -30.00000000  -5.9810900000e-01
    250000   -28.00000000  -5.8091500000e-01
    250000   -26.00000000  -5.6199600000e-01
    250000   -24.00000000  -5.4167000000e-01
    250000   -22.00000000  -5.2033900000e-01
    250000   -20.00000000  -4.9852100000e-01
    250000   -18.00000000  -4.7691100000e-01
    250000   -16.00000000  -4.5648200000e-01
    250000   -14.00000000  -4.3867600000e-01
    250000   -12.00000000  -4.2578900000e-01
    250000   -10.00000000  -4.1657300000e-01
    250000    -8.00000000  -4.3562100000e-01
    250000    -6.00000000  -2.1001000000e-01
    250000    -4.00000000   8.7800000000e-02
    250000    -2.00000000   3.5170000000e-01
    250000     0.00000000   5.7410000000e-01
    250000     2.00000000   7.8440000000e-01
    250000     4.00000000   9.8010000000e-01
    250000     6.00000000   1.1606000000e+00
    250000     8.00000000   1.2625820000e+00
    250000    10.00000000   1.3723160000e+00
    250000    12.00000000   1.2574300000e+00
    250000    14.00000000   1.1266460000e+00
    250000    16.00000000   1.0491090000e+00
    250000    18.00000000   9.9435900000e-01
    250000    20.00000000   9.5493300000e-01
    250000    22.00000000   9.2602800000e-01
    250000    24.00000000   9.0440000000e-01
    250000    26.00000000   8.8776800000e-01
    250000    28.00000000   8.7447500000e-01
    250000    30.00000000   8.6328100000e-01
    250000    32.00000000   8.5324100000e-01
    250000    34.00000000   8.4362000000e-01
    250000    36.00000000   8.3384100000e-01
    250000    38.00000000   8.2344300000e-01
    250000    40.00000000   8.1206200000e-01
    250000    42.00000000   7.9940500000e-01
    250000    44.00000000   7.8524200000e-01
    250000    46.00000000   7.6939300000e-01
    250000    48.00000000   7.5172300000e-01
    250000    50.00000000   7.3213400000e-01
    250000    52.00000000   7.1056000000e-01
    250000    54.00000000   6.8696700000e-01
    250000    56.00000000   6.6134700000e-01
    250000    58.00000000   6.3371500000e-01
    250000    60.00000000   6.0411000000e-01
    250000    62.00000000   5.7259100000e-01
    250000    64.00000000   5.3923600000e-01
    250000    66.00000000   5.0413800000e-01
    250000    68.00000000   4.6741100000e-01
    250000    70.00000000   4.2917900000e-01
    250000    72.00000000   3.8958200000e-01
    250000    74.00000000   3.4877100000e-01
    250000    76.00000000   3.0691100000e-01
    250000    78.00000000   2.6417300000e-01
    250000    80.00000000   2.2074100000e-01
    250000    82.00000000   1.7680200000e-01
    250000    84.00000000   1.3255500000e-01
    250000    86.00000000   8.8201000000e-02
    250000    88.00000000   4.3946000000e-02
    250000    90.00000000   0.0000000000e+00
     50000   -90.00000000  -0.0000000000e+00
     50000   -88.00000000  -4.3720000000e-02
     50000   -86.00000000  -8.7298000000e-02
     50000   -84.00000000  -1.3052100000e-01
     50000   -82.00000000  -1.7318200000e-01
     50000   -80.00000000  -2.1507300000e-01
     50000   -78.00000000  -2.5599300000e-01
     50000   -76.00000000  -2.9574600000e-01
     50000   -74.00000000  -3.3414200000e-01
     50000   -72.00000000  -3.7099700000e-01
     50000   -70.00000000  -4.0613700000e-01
     50000   -68.00000000  -4.3939600000e-01
     50000   -66.00000000  -4.7061900000e-01
     50000   -64.00000000  -4.9966000000e-01
     50000   -62.00000000  -5.2638600000e-01
     50000   -60.00000000  -5.5067700000e-01
     50000   -58.00000000  -5.7242300000e-01
     50000   -56.00000000  -5.9153100000e-01
     50000   -54.00000000  -6.0792000000e-01
     50000   -52.00000000  -6.2152600000e-01
     50000   -50.00000000  -6.3229800000e-01
     50000   -48.00000000  -6.4020300000e-01
     50000   -46.00000000  -6.4522400000e-01
     50000   -44.00000000  -6.4736200000e-01
     50000   -42.00000000  -6.4663400000e-01
     50000   -40.00000000  -6.4307800000e-01
     50000   -38.00000000  -6.3675100000e-01
     50000   -36.00000000  -6.2772900000e-01
     50000   -34.00000000  -6.1611400000e-01
     50000   -32.00000000  -6.0203100000e-01
     50000   -30.00000000  -5.8563100000e-01
     50000   -28.00000000  -5.6710200000e-01
     50000   -26.00000000  -5.4666700000e-01
     50000   -24.00000000  -5.2460200000e-01
     50000   -22.00000000  -5.0125000000e-01
     50000   -20.00000000  -4.7704600000e-01
     50000   -18.00000000  -4.5256400000e-01
     50000   -16.00000000  -4.2859700000e-01
     50000   -14.00000000  -4.0630500000e-01
     50000   -12.00000000  -3.8751000000e-01
     50000   -10.00000000  -3.7535600000e-01
     50000    -8.00000000  -3.7519700000e-01
     50000    -6.00000000  -4.0582700000e-01
     50000    -4.00000000  -3.4802500000e-01
     50000    -2.00000000  -5.3300000000e-02
     50000     0.00000000   2.0050000000e-01
     50000     2.00000000   4.9190000000e-01
     50000     4.00000000   7.2310000000e-01
     50000     6.00000000   9.2080000000e-01
     50000     8.00000000   1.2177500000e+00
     50000    10.00000000   1.1670870000e+00
     50000    12.00000000   1.2837120000e+00
     50000    14.00000000   1.1796700000e+00
     50000    16.00000000   1.1127640000e+00
     50000    18.00000000   1.0499390000e+00
     50000    20.00000000   1.0039560000e+00
     50000    22.00000000   9.6960300000e-01
     50000    24.00000000   9.4336100000e-01
     50000    26.00000000   9.2276000000e-01
     50000    28.00000000   9.0600600000e-01
     50000    30.00000000   8.9176300000e-01
     50000    32.00000000   8.7901100000e-01
     50000    34.00000000   8.6695800000e-01
     50000    36.00000000   8.5498400000e-01
     50000    38.00000000   8.4259500000e-01
     50000    40.00000000   8.2939700000e-01
     50000    42.00000000   8.1507700000e-01
     50000    44.00000000   7.9938600000e-01
     50000    46.00000000   7.8213100000e-01
     50000    48.00000000   7.6316300000e-01
     50000    50.00000000   7.4237500000e-01
     50000    52.00000000   7.1969400000e-01
     50000    54.00000000   6.9507600000e-01
     50000    56.00000000   6.6850900000e-01
     50000    58.00000000   6.4000300000e-01
     50000    60.00000000   6.0959200000e-01
     50000    62.00000000   5.7733100000e-01
     50000    64.00000000   5.4329500000e-01
     50000    66.00000000   5.0757700000e-01
     50000    68.00000000   4.7028500000e-01
     50000    70.00000000   4.3154300000e-01
     50000    72.00000000   3.9148800000e-01
     50000    74.00000000   3.5027200000e-01
     50000    76.00000000   3.0805600000e-01
     50000    78.00000000   2.6501300000e-01
     50000    80.00000000   2.2132200000e-01
     50000    82.00000000   1.7717400000e-01
     50000    84.00000000   1.3276300000e-01
     50000    86.00000000   8.8293000000e-02
     50000    88.00000000   4.3969000000e-02
     50000    90.00000000   0.0000000000e+00
    100000   -90.00000000  -0.0000000000e+00
    100000   -88.00000000  -4.3712000000e-02
    100000   -86.00000000  -8.7265000000e-02
    100000   -84.00000000  -1.3044700000e-01
    100000   -82.00000000  -1.7305000000e-01
    100000   -80.00000000  -2.1486600000e-01
    100000   -78.00000000  -2.5569400000e-01
    100000   -76.00000000  -2.9533800000e-01
    100000   -74.00000000  -3.3360700000e-01
    100000   -72.00000000  -3.7031800000e-01
    100000   -70.00000000  -4.0529500000e-01
    100000   -68.00000000  -4.3837200000e-01
    100000   -66.00000000  -4.6939400000e-01
    100000   -64.00000000  -4.9821400000e-01
    100000   -62.00000000  -5.2469800000e-01
    100000   -60.00000000  -5.4872500000e-01
    100000   -58.00000000  -5.7018400000e-01
    100000   -56.00000000  -5.8898100000e-01
    100000   -54.00000000  -6.0503300000e-01
    100000   -52.00000000  -6.1827300000e-01
    100000   -50.00000000  -6.2865100000e-01
    100000   -48.00000000  -6.3612900000e-01
    100000   -46.00000000  -6.4068800000e-01
    100000   -44.00000000  -6.4232500000e-01
    100000   -42.00000000  -6.4105300000e-01
    100000   -40.00000000  -6.3690500000e-01
    100000   -38.00000000  -6.2993100000e-01
    100000   -36.00000000  -6.2020000000e-01
    100000   -34.00000000  -6.0780400000e-01
    100000   -32.00000000  -5.9285400000e-01
    100000   -30.00000000  -5.7548900000e-01
    100000   -28.00000000  -5.5587300000e-01
    100000   -26.00000000  -5.3420600000e-01
    100000   -24.00000000  -5.1072800000e-01
    100000   -22.00000000  -4.8573300000e-01
    100000   -20.00000000  -4.5958800000e-01
    100000   -18.00000000  -4.3277200000e-01
    100000   -16.00000000  -4.0592900000e-01
    100000   -14.00000000  -3.7999000000e-01
    100000   -12.00000000  -3.5639400000e-01
    100000   -10.00000000  -3.3759100000e-01
    100000    -8.00000000  -3.2847200000e-01
    100000    -6.00000000  -3.4170100000e-01
    100000    -4.00000000  -2.0369000000e-01
    100000    -2.00000000   1.7230000000e-01
    100000     0.00000000   4.5870000000e-01
    100000     2.00000000   7.2950000000e-01
    100000     4.00000000   9.6050000000e-01
    100000     6.00000000   1.1559000000e+00
    100000     8.00000000   1.2513000000e+00
    100000    10.00000000   1.2636480000e+00
    100000    12.00000000   1.2672070000e+00
    100000    14.00000000   1.1493450000e+00
    100000    16.00000000   1.0637140000e+00
    100000    18.00000000   1.0071110000e+00
    100000    20.00000000   9.6618000000e-01
    100000    22.00000000   9.3602500000e-01
    100000    24.00000000   9.1333900000e-01
    100000    26.00000000   8.9579700000e-01
    100000    28.00000000   8.8170900000e-01
    100000    30.00000000   8.6981500000e-01
    100000    32.00000000   8.5915300000e-01
    100000    34.00000000   8.4897500000e-01
    100000    36.00000000   8.3869200000e-01
    100000    38.00000000   8.2783700000e-01
    100000    40.00000000   8.1603900000e-01
    100000    42.00000000   8.0300100000e-01
    100000    44.00000000   7.8848700000e-01
    100000    46.00000000   7.7231600000e-01
    100000    48.00000000   7.5434800000e-01
    100000    50.00000000   7.3448400000e-01
    100000    52.00000000   7.1265600000e-01
    100000    54.00000000   6.8882800000e-01
    100000    56.00000000   6.6299000000e-01
    100000    58.00000000   6.3515800000e-01
    100000    60.00000000   6.0536800000e-01
    100000    62.00000000   5.7367900000e-01
    100000    64.00000000   5.4016700000e-01
    100000    66.00000000   5.0492700000e-01
    100000    68.00000000   4.6807000000e-01
    100000    70.00000000   4.2972100000e-01
    100000    72.00000000   3.9001900000e-01
    100000    74.00000000   3.4911600000e-01
    100000    76.00000000   3.0717400000e-01
    100000    78.00000000   2.6436600000e-01
    100000    80.00000000   2.2087400000e-01
    100000    82.00000000   1.7688700000e-01
    100000    84.00000000   1.3260300000e-01
    100000    86.00000000   8.8222000000e-02
    100000    88.00000000   4.3951000000e-02
    100000    90.00000000   0.0000000000e+00
    150000   -90.00000000  -0.0000000000e+00
    150000   -88.00000000  -4.3720000000e-02
    150000   -86.00000000  -8.7298000000e-02
    150000   -84.00000000  -1.3052100000e-01
    150000   -82.00000000  -1.7318100000e-01
    150000   -80.00000000  -2.1507300000e-01
    150000   -78.00000000  -2.5599300000e-01
    150000   -76.00000000  -2.9574500000e-01
    150000   -74.00000000  -3.3414100000e-01
    150000   -72.00000000  -3.7099500000e-01
    150000   -70.00000000  -4.0613500000e-01
    150000   -68.00000000  -4.3939400000e-01
    150000   -66.00000000  -4.7061600000e-01
    150000   -64.00000000  -4.9965700000e-01
    150000   -62.00000000  -5.2638300000e-01
    150000   -60.00000000  -5.5067300000e-01
    150000   -58.00000000  -5.7241900000e-01
    150000   -56.00000000  -5.9152600000e-01
    150000   -54.00000000  -6.0791500000e-01
    150000   -52.00000000  -6.2151900000e-01
    150000   -50.00000000  -6.3229100000e-01
    150000   -48.00000000  -6.4019500000e-01
    150000   -46.00000000  -6.4521500000e-01
    150000   -44.00000000  -6.4735200000e-01
    150000   -42.00000000  -6.4662300000e-01
    150000   -40.00000000  -6.4306600000e-01
    150000   -38.00000000  -6.3673700000e-01
    150000   -36.00000000  -6.2771400000e-01
    150000   -34.00000000  -6.1609800000e-01
    150000   -32.00000000  -6.0201300000e-01
    150000   -30.00000000  -5.8561100000e-01
    150000   -28.00000000  -5.6707900000e-01
    150000   -26.00000000  -5.4664200000e-01
    150000   -24.00000000  -5.2457500000e-01
    150000   -22.00000000  -5.0121900000e-01
    150000   -20.00000000  -4.7701100000e-01
    150000   -18.00000000  -4.5252400000e-01
    150000   -16.00000000  -4.2855200000e-01
    150000   -14.00000000  -4.0625200000e-01
    150000   -12.00000000  -3.8744900000e-01
    150000   -10.00000000  -3.7528100000e-01
    150000    -8.00000000  -3.7719300000e-01
    150000    -6.00000000  -3.7996500000e-01
    150000    -4.00000000  -3.7456000000e-02
    150000    -2.00000000   2.7750000000e-01
    150000     0.00000000   5.3230000000e-01
    150000     2.00000000   7.6440000000e-01
    150000     4.00000000   9.5860000000e-01
    150000     6.00000000   1.1537000000e+00
    150000     8.00000000   1.2457000000e+00
    150000    10.00000000   1.3153030000e+00
    150000    12.00000000   1.2383210000e+00
    150000    14.00000000   1.1096300000e+00
    150000    16.00000000   1.0344510000e+00
    150000    18.00000000   9.8156100000e-01
    150000    20.00000000   9.4364400000e-01
    150000    22.00000000   9.1599300000e-01
    150000    24.00000000   8.9542800000e-01
    150000    26.00000000   8.7971100000e-01
    150000    28.00000000   8.6721400000e-01
    150000    30.00000000   8.5672200000e-01
    150000    32.00000000   8.4730600000e-01
    150000    34.00000000   8.3824600000e-01
    150000    36.00000000   8.2897200000e-01
    150000    38.00000000   8.1903300000e-01
    150000    40.00000000   8.0807000000e-01
    150000    42.00000000   7.9579600000e-01
    150000    44.00000000   7.8198500000e-01
    150000    46.00000000   7.6646000000e-01
    150000    48.00000000   7.4908900000e-01
    150000    50.00000000   7.2977500000e-01
    150000    52.00000000   7.0845700000e-01
    150000    54.00000000   6.8510000000e-01
    150000    56.00000000   6.5969800000e-01
    150000    58.00000000   6.3226700000e-01
    150000    60.00000000   6.0284800000e-01
    150000    62.00000000   5.7150000000e-01
    150000    64.00000000   5.3830100000e-01
    150000    66.00000000   5.0334700000e-01
    150000    68.00000000   4.6674900000e-01
    150000    70.00000000   4.2863400000e-01
    150000    72.00000000   3.8914300000e-01
    150000    74.00000000   3.4842600000e-01
    150000    76.00000000   3.0664700000e-01
    150000    78.00000000   2.6398000000e-01
    150000    80.00000000   2.2060700000e-01
    150000    82.00000000   1.7671700000e-01
    150000    84.00000000   1.3250700000e-01
    150000    86.00000000   8.8179000000e-02
    150000    88.00000000   4.3940000000e-02
    150000    90.00000000   0.0000000000e+00
    200000   -90.00000000  -0.0000000000e+00
    200000   -88.00000000  -4.3730000000e-02
    200000   -86.00000000  -8.7338000000e-02
    200000   -84.00000000  -1.3061100000e-01
    200000   -82.00000000  -1.7334200000e-01
    200000   -80.00000000  -2.1532400000e-01
    200000   -78.00000000  -2.5635500000e-01
    200000   -76.00000000  -2.9624000000e-01
    200000   -74.00000000  -3.3478900000e-01
    200000   -72.00000000  -3.7181900000e-01
    200000   -70.00000000  -4.0715600000e-01
    200000   -68.00000000  -4.4063600000e-01
    200000   -66.00000000  -4.7210200000e-01
    200000   -64.00000000  -5.0141200000e-01
    200000   -62.00000000  -5.2843100000e-01
    200000   -60.00000000  -5.5304200000e-01
    200000   -58.00000000  -5.7513600000e-01
    200000   -56.00000000  -5.9462100000e-01
    200000   -54.00000000  -6.1141900000e-01
    200000   -52.00000000  -6.2546700000e-01
    200000   -50.00000000  -6.3671700000e-01
    200000   -48.00000000  -6.4513900000e-01
    200000   -46.00000000  -6.5072000000e-01
    200000   -44.00000000  -6.5346400000e-01
    200000   -42.00000000  -6.5339600000e-01
    200000   -40.00000000  -6.5055700000e-01
    200000   -38.00000000  -6.4501400000e-01
    200000   -36.00000000  -6.3685200000e-01
    200000   -34.00000000  -6.2618400000e-01
    200000   -32.00000000  -6.1314900000e-01
    200000   -30.00000000  -5.9792000000e-01
    200000   -28.00000000  -5.8070600000e-01
    200000   -26.00000000  -5.6176400000e-01
    200000   -24.00000000  -5.4141200000e-01
    200000   -22.00000000  -5.2005100000e-01
    200000   -20.00000000  -4.9819700000e-01
    200000   -18.00000000  -4.7654300000e-01
    200000   -16.00000000  -4.5606100000e-01
    200000   -14.00000000  -4.3818700000e-01
    200000   -12.00000000  -4.2521100000e-01
    200000   -10.00000000  -4.2089000000e-01
    200000    -8.00000000  -4.3181200000e-01
    200000    -6.00000000  -3.0260700000e-01
    200000    -4.00000000   5.0400000000e-02
    200000    -2.00000000   3.2130000000e-01
    200000     0.00000000   5.4980000000e-01
    200000     2.00000000   7.6900000000e-01
    200000     4.00000000   9.6580000000e-01
    200000     6.00000000   1.1493000000e+00
    200000     8.00000000   1.2519000000e+00
    200000    10.00000000   1.3264600000e+00
    200000    12.00000000   1.3164810000e+00
    200000    14.00000000   1.1909730000e+00
    200000    16.00000000   1.0992530000e+00
    200000    18.00000000   1.0381420000e+00
    200000    20.00000000   9.9355100000e-01
    200000    22.00000000   9.6035400000e-01
    200000    24.00000000   9.3509100000e-01
    200000    26.00000000   9.1533300000e-01
    200000    28.00000000   8.9931300000e-01
    200000    30.00000000   8.8571700000e-01
    200000    32.00000000   8.7354100000e-01
    200000    34.00000000   8.6200500000e-01
    200000    36.00000000   8.5049700000e-01
    200000    38.00000000   8.3853000000e-01
    200000    40.00000000   8.2571800000e-01
    200000    42.00000000   8.1175000000e-01
    200000    44.00000000   7.9638400000e-01
    200000    46.00000000   7.7942700000e-01
    200000    48.00000000   7.6073500000e-01
    200000    50.00000000   7.4020100000e-01
    200000    52.00000000   7.1775500000e-01
    200000    54.00000000   6.9335500000e-01
    200000    56.00000000   6.6698900000e-01
    200000    58.00000000   6.3866800000e-01
    200000    60.00000000   6.0842800000e-01
    200000    62.00000000   5.7632500000e-01
    200000    64.00000000   5.4243400000e-01
    200000    66.00000000   5.0684700000e-01
    200000    68.00000000   4.6967500000e-01
    200000    70.00000000   4.3104100000e-01
    200000    72.00000000   3.9108400000e-01
    200000    74.00000000   3.4995400000e-01
    200000    76.00000000   3.0781300000e-01
    200000    78.00000000   2.6483400000e-01
    200000    80.00000000   2.2119900000e-01
    200000    82.00000000   1.7709500000e-01
    200000    84.00000000   1.3271900000e-01
    200000    86.00000000   8.8273000000e-02
    200000    88.00000000   4.3964000000e-02
    200000    90.00000000   0.0000000000e+00
    250000   -90.00000000  -0.0000000000e+00
    250000   -88.00000000  -4.3727000000e-02
    250000   -86.00000000  -8.7326000000e-02
    250000   -84.00000000  -1.3058500000e-01
    250000   -82.00000000  -1.7329600000e-01
    250000   -80.00000000  -2.1525100000e-01
    250000   -78.00000000  -2.5625000000e-01
    250000   -76.00000000  -2.9609700000e-01
    250000   -74.00000000  -3.3460100000e-01
    250000   -72.00000000  -3.7158100000e-01
    250000   -70.00000000  -4.0686100000e-01
    250000   -68.00000000  -4.4027600000e-01
    250000   -66.00000000  -4.7167200000e-01
    250000   -64.00000000  -5.0090300000e-01
    250000   -62.00000000  -5.2783800000e-01
    250000   -60.00000000  -5.5235600000e-01
    250000   -58.00000000  -5.7434900000e-01
    250000   -56.00000000  -5.9372500000e-01
    250000   -54.00000000  -6.1040400000e-01
    250000   -52.00000000  -6.2432400000e-01
    250000   -50.00000000  -6.3543500000e-01
    250000   -48.00000000  -6.4370700000e-01
    250000   -46.00000000  -6.4912600000e-01
    250000   -44.00000000  -6.5169400000e-01
    250000   -42.00000000  -6.5143400000e-01
    250000   -40.00000000  -6.4838800000e-01
    250000   -38.00000000  -6.4261700000e-01
    250000   -36.00000000  -6.3420600000e-01
    250000   -34.00000000  -6.2326300000e-01
    250000   -32.00000000  -6.0992400000e-01
    250000   -30.00000000  -5.9435600000e-01
    250000   -28.00000000  -5.7676000000e-01
    250000   -26.00000000  -5.5738500000e-01
    250000   -24.00000000  -5.3653600000e-01
    250000   -22.00000000  -5.1459700000e-01
    250000   -20.00000000  -4.9206200000e-01
    250000   -18.00000000  -4.6958800000e-01
    250000   -16.00000000  -4.4809500000e-01
    250000   -14.00000000  -4.2893900000e-01
    250000   -12.00000000  -4.1427500000e-01
    250000   -10.00000000  -4.0665700000e-01
    250000    -8.00000000  -4.1626200000e-01
    250000    -6.00000000  -2.3135700000e-01
    250000    -4.00000000   7.9800000000e-02
    250000    -2.00000000   3.4030000000e-01
    250000     0.00000000   5.4870000000e-01
    250000     2.00000000   7.6880000000e-01
    250000     4.00000000   9.6430000000e-01
    250000     6.00000000   1.1457000000e+00
    250000     8.00000000   1.2596190000e+00
    250000    10.00000000   1.3374660000e+00
    250000    12.00000000   1.2070540000e+00
    250000    14.00000000   1.0865080000e+00
    250000    16.00000000   1.0145340000e+00
    250000    18.00000000   9.6417000000e-01
    250000    20.00000000   9.2830500000e-01
    250000    22.00000000   9.0235900000e-01
    250000    24.00000000   8.8323800000e-01
    250000    26.00000000   8.6876200000e-01
    250000    28.00000000   8.5734800000e-01
    250000    30.00000000   8.4781000000e-01
    250000    32.00000000   8.3924300000e-01
    250000    34.00000000   8.3094300000e-01
    250000    36.00000000   8.2235600000e-01
    250000    38.00000000   8.1304100000e-01
    250000    40.00000000   8.0264600000e-01
    250000    42.00000000   7.9089300000e-01
    250000    44.00000000   7.7755900000e-01
    250000    46.00000000   7.6247500000e-01
    250000    48.00000000   7.4550900000e-01
    250000    50.00000000   7.2657100000e-01
    250000    52.00000000   7.0559900000e-01
    250000    54.00000000   6.8256300000e-01
    250000    56.00000000   6.5745700000e-01
    250000    58.00000000   6.3030000000e-01
    250000    60.00000000   6.0113300000e-01
    250000    62.00000000   5.7001700000e-01
    250000    64.00000000   5.3703000000e-01
    250000    66.00000000   5.0227100000e-01
    250000    68.00000000   4.6585000000e-01
    250000    70.00000000   4.2789500000e-01
    250000    72.00000000   3.8854600000e-01
    250000    74.00000000   3.4795600000e-01
    250000    76.00000000   3.0628900000e-01
    250000    78.00000000   2.6371800000e-01
    250000    80.00000000   2.2042500000e-01
    250000    82.00000000   1.7660000000e-01
    250000    84.00000000   1.3244200000e-01
    250000    86.00000000   8.8150000000e-02
    250000    88.00000000   4.3933000000e-02
    250000    90.00000000   0.0000000000e+00
     50000   -90.00000000  -0.0000000000e+00
     50000   -88.00000000  -4.3721000000e-02
     50000   -86.00000000  -8.7300000000e-02
     50000   -84.00000000  -1.3052700000e-01
     50000   -82.00000000  -1.7319100000e-01
     50000   -80.00000000  -2.1508800000e-01
     50000   -78.00000000  -2.5601500000e-01
     50000   -76.00000000  -2.9577600000e-01
     50000   -74.00000000  -3.3418000000e-01
     50000   -72.00000000  -3.7104600000e-01
     50000   -70.00000000  -4.0619700000e-01
     50000   -68.00000000  -4.3947000000e-01
     50000   -66.00000000  -4.7070700000e-01
     50000   -64.00000000  -4.9976400000e-01
     50000   -62.00000000  -5.2650800000e-01
     50000   -60.00000000  -5.5081800000e-01
     50000   -58.00000000  -5.7258500000e-01
     50000   -56.00000000  -5.9171500000e-01
     50000   -54.00000000  -6.0812900000e-01
     50000   -52.00000000  -6.2176100000e-01
     50000   -50.00000000  -6.3256200000e-01
     50000   -48.00000000  -6.4049700000e-01
     50000   -46.00000000  -6.4555200000e-01
     50000   -44.00000000  -6.4772600000e-01
     50000   -42.00000000  -6.4703700000e-01
     50000   -40.00000000  -6.4352400000e-01
     50000   -38.00000000  -6.3724300000e-01
     50000   -36.00000000  -6.2827300000e-01
     50000   -34.00000000  -6.1671500000e-01
     50000   -32.00000000  -6.0269400000e-01
     50000   -30.00000000  -5.8636400000e-01
     50000   -28.00000000  -5.6791300000e-01
     50000   -26.00000000  -5.4756700000e-01
     50000   -24.00000000  -5.2560500000e-01
     50000   -22.00000000  -5.0237100000e-01
     50000   -20.00000000  -4.7830700000e-01
     50000   -18.00000000  -4.5399400000e-01
     50000   -16.00000000  -4.3023500000e-01
     50000   -14.00000000  -4.0820600000e-01
     50000   -12.00000000  -3.8975900000e-01
     50000   -10.00000000  -3.7808500000e-01
     50000    -8.00000000  -3.7434200000e-01
     50000    -6.00000000  -3.9309900000e-01
     50000    -4.00000000  -3.0823200000e-01
     50000    -2.00000000  -5.3300000000e-02
     50000     0.00000000   1.9380000000e-01
     50000     2.00000000   4.8820000000e-01
     50000     4.00000000   7.1630000000e-01
     50000     6.00000000   8.9270000000e-01
     50000     8.00000000   1.2172000000e+00
     50000    10.00000000   1.1585500000e+00
     50000    12.00000000   1.2368330000e+00
     50000    14.00000000   1.1197700000e+00
     50000    16.00000000   1.0434160000e+00
     50000    18.00000000   9.8938800000e-01
     50000    20.00000000   9.5054800000e-01
     50000    22.00000000   9.2213000000e-01
     50000    24.00000000   9.0091500000e-01
     50000    26.00000000   8.8463900000e-01
     50000    28.00000000   8.7165400000e-01
     50000    30.00000000   8.6073300000e-01
     50000    32.00000000   8.5093600000e-01
     50000    34.00000000   8.4153300000e-01
     50000    36.00000000   8.3195000000e-01
     50000    38.00000000   8.2173000000e-01
     50000    40.00000000   8.1051100000e-01
     50000    42.00000000   7.9800300000e-01
     50000    44.00000000   7.8397700000e-01
     50000    46.00000000   7.6825400000e-01
     50000    48.00000000   7.5070000000e-01
     50000    50.00000000   7.3121800000e-01
     50000    52.00000000   7.0974300000e-01
     50000    54.00000000   6.8624200000e-01
     50000    56.00000000   6.6070600000e-01
     50000    58.00000000   6.3315300000e-01
     50000    60.00000000   6.0362000000e-01
     50000    62.00000000   5.7216700000e-01
     50000    64.00000000   5.3887200000e-01
     50000    66.00000000   5.0383100000e-01
     50000    68.00000000   4.6715400000e-01
     50000    70.00000000   4.2896700000e-01
     50000    72.00000000   3.8941100000e-01
     50000    74.00000000   3.4863700000e-01
     50000    76.00000000   3.0680900000e-01
     50000    78.00000000   2.6409800000e-01
     50000    80.00000000   2.2068900000e-01
     50000    82.00000000   1.7676900000e-01
     50000    84.00000000   1.3253600000e-01
     50000    86.00000000   8.8192000000e-02
     50000    88.00000000   4.3944000000e-02
     50000    90.00000000   0.0000000000e+00
    100000   -90.00000000  -0.0000000000e+00
    100000   -88.00000000  -4.3725000000e-02
    100000   -86.00000000  -8.7318000000e-02
    100000   -84.00000000  -1.3056600000e-01
    100000   -82.00000000  -1.7326200000e-01
    100000   -80.00000000  -2.1519800000e-01
    100000   -78.00000000  -2.5617400000e-01
    100000   -76.00000000  -2.9599200000e-01
    100000   -74.00000000  -3.3446400000e-01
    100000   -72.00000000  -3.7140600000e-01
    100000   -70.00000000  -4.0664500000e-01
    100000   -68.00000000  -4.4001300000e-01
    100000   -66.00000000  -4.7135700000e-01
    100000   -64.00000000  -5.0053200000e-01
    100000   -62.00000000  -5.2740500000e-01
    100000   -60.00000000  -5.5185500000e-01
    100000   -58.00000000  -5.7377400000e-01
    100000   -56.00000000  -5.9307000000e-01
    100000   -54.00000000  -6.0966300000e-01
    100000   -52.00000000  -6.2348900000e-01
    100000   -50.00000000  -6.3449900000e-01
    100000   -48.00000000  -6.4266100000e-01
    100000   -46.00000000  -6.4796100000e-01
    100000   -44.00000000  -6.5040100000e-01
    100000   -42.00000000  -6.5000100000e-01
    100000   -40.00000000  -6.4680300000e-01
    100000   -38.00000000  -6.4086600000e-01
    100000   -36.00000000  -6.3227300000e-01
    100000   -34.00000000  -6.2112900000e-01
    100000   -32.00000000  -6.0756800000e-01
    100000   -30.00000000  -5.9175200000e-01
    100000   -28.00000000  -5.7387700000e-01
    100000   -26.00000000  -5.5418600000e-01
    100000   -24.00000000  -5.3297400000e-01
    100000   -22.00000000  -5.1061300000e-01
    100000   -20.00000000  -4.8758000000e-01
    100000   -18.00000000  -4.6450700000e-01
    100000   -16.00000000  -4.4227500000e-01
    100000   -14.00000000  -4.2218300000e-01
    100000   -12.00000000  -4.0628700000e-01
    100000   -10.00000000  -3.9814500000e-01
    100000    -8.00000000  -4.0285500000e-01
    100000    -6.00000000  -4.3417800000e-01
    100000    -4.00000000  -1.8691700000e-01
    100000    -2.00000000   1.6520000000e-01
    100000     0.00000000   4.5280000000e-01
    100000     2.00000000   7.1840000000e-01
    100000     4.00000000   9.4690000000e-01
    100000     6.00000000   1.1415000000e+00
    100000     8.00000000   1.2343000000e+00
    100000    10.00000000   1.2238870000e+00
    100000    12.00000000   1.2647000000e+00
    100000    14.00000000   1.1567570000e+00
    100000    16.00000000   1.0676090000e+00
    100000    18.00000000   1.0105120000e+00
    100000    20.00000000   9.6918000000e-01
    100000    22.00000000   9.3869100000e-01
    100000    24.00000000   9.1572300000e-01
    100000    26.00000000   8.9793800000e-01
    100000    28.00000000   8.8363800000e-01
    100000    30.00000000   8.7155800000e-01
    100000    32.00000000   8.6073000000e-01
    100000    34.00000000   8.5040300000e-01
    100000    36.00000000   8.3998500000e-01
    100000    38.00000000   8.2900900000e-01
    100000    40.00000000   8.1710000000e-01
    100000    42.00000000   8.0396000000e-01
    100000    44.00000000   7.8935300000e-01
    100000    46.00000000   7.7309500000e-01
    100000    48.00000000   7.5504800000e-01
    100000    50.00000000   7.3511000000e-01
    100000    52.00000000   7.1321500000e-01
    100000    54.00000000   6.8932400000e-01
    100000    56.00000000   6.6342800000e-01
    100000    58.00000000   6.3554300000e-01
    100000    60.00000000   6.0570300000e-01
    100000    62.00000000   5.7396900000e-01
    100000    64.00000000   5.4041500000e-01
    100000    66.00000000   5.0513800000e-01
    100000    68.00000000   4.6824600000e-01
    100000    70.00000000   4.2986600000e-01
    100000    72.00000000   3.9013600000e-01
    100000    74.00000000   3.4920800000e-01
    100000    76.00000000   3.0724400000e-01
    100000    78.00000000   2.6441700000e-01
    100000    80.00000000   2.2090900000e-01
    100000    82.00000000   1.7691000000e-01
    100000    84.00000000   1.3261600000e-01
    100000    86.00000000   8.8227000000e-02
    100000    88.00000000   4.3952000000e-02
    100000    90.00000000   0.0000000000e+00
    150000   -90.00000000  -0.0000000000e+00
    150000   -88.00000000  -4.3727000000e-02
    150000   -86.00000000  -8.7325000000e-02
    150000   -84.00000000  -1.3058300000e-01
    150000   -82.00000000  -1.7329200000e-01
    150000   -80.00000000  -2.1524500000e-01
    150000   -78.00000000  -2.5624200000e-01
    150000   -76.00000000  -2.9608600000e-01
    150000   -74.00000000  -3.3458700000e-01
    150000   -72.00000000  -3.7156200000e-01
    150000   -70.00000000  -4.0683800000e-01
    150000   -68.00000000  -4.4024800000e-01
    150000   -66.00000000  -4.7163800000e-01
    150000   -64.00000000  -5.0086400000e-01
    150000   -62.00000000  -5.2779200000e-01
    150000   -60.00000000  -5.5230200000e-01
    150000   -58.00000000  -5.7428800000e-01
    150000   -56.00000000  -5.9365500000e-01
    150000   -54.00000000  -6.1032500000e-01
    150000   -52.00000000  -6.2423400000e-01
    150000   -50.00000000  -6.3533500000e-01
    150000   -48.00000000  -6.4359500000e-01
    150000   -46.00000000  -6.4900100000e-01
    150000   -44.00000000  -6.5155600000e-01
    150000   -42.00000000  -6.5128100000e-01
    150000   -40.00000000  -6.4821800000e-01
    150000   -38.00000000  -6.4243000000e-01
    150000   -36.00000000  -6.3399900000e-01
    150000   -34.00000000  -6.2303500000e-01
    150000   -32.00000000  -6.0967300000e-01
    150000   -30.00000000  -5.9407700000e-01
    150000   -28.00000000  -5.7645200000e-01
    150000   -26.00000000  -5.5704300000e-01
    150000   -24.00000000  -5.3615600000e-01
    150000   -22.00000000  -5.1417200000e-01
    150000   -20.00000000  -4.9158300000e-01
    150000   -18.00000000  -4.6904500000e-01
    150000   -16.00000000  -4.4747300000e-01
    150000   -14.00000000  -4.2821700000e-01
    150000   -12.00000000  -4.1342200000e-01
    150000   -10.00000000  -4.0493200000e-01
    150000    -8.00000000  -4.1200000000e-01
    150000    -6.00000000  -3.7398600000e-01
    150000    -4.00000000  -3.7400000000e-02
    150000    -2.00000000   2.6630000000e-01
    150000     0.00000000   5.2220000000e-01
    150000     2.00000000   7.5010000000e-01
    150000     4.00000000   9.5210000000e-01
    150000     6.00000000   1.1386000000e+00
    150000     8.00000000   1.2342830000e+00
    150000    10.00000000   1.2813820000e+00
    150000    12.00000000   1.1953150000e+00
    150000    14.00000000   1.0738660000e+00
    150000    16.00000000   1.0036440000e+00
    150000    18.00000000   9.5466100000e-01
    150000    20.00000000   9.1991700000e-01
    150000    22.00000000   8.9490400000e-01
    150000    24.00000000   8.7657200000e-01
    150000    26.00000000   8.6277500000e-01
    150000    28.00000000   8.5195300000e-01
    150000    30.00000000   8.4293700000e-01
    150000    32.00000000   8.3483400000e-01
    150000    34.00000000   8.2695000000e-01
    150000    36.00000000   8.1873900000e-01
    150000    38.00000000   8.0976400000e-01
    150000    40.00000000   7.9968000000e-01
    150000    42.00000000   7.8821100000e-01
    150000    44.00000000   7.7513900000e-01
    150000    46.00000000   7.6029500000e-01
    150000    48.00000000   7.4355200000e-01
    150000    50.00000000   7.2481900000e-01
    150000    52.00000000   7.0403700000e-01
    150000    54.00000000   6.8117500000e-01
    150000    56.00000000   6.5623200000e-01
    150000    58.00000000   6.2922400000e-01
    150000    60.00000000   6.0019500000e-01
    150000    62.00000000   5.6920600000e-01
    150000    64.00000000   5.3633600000e-01
    150000    66.00000000   5.0168200000e-01
    150000    68.00000000   4.6535800000e-01
    150000    70.00000000   4.2749000000e-01
    150000    72.00000000   3.8822000000e-01
    150000    74.00000000   3.4770000000e-01
    150000    76.00000000   3.0609300000e-01
    150000    78.00000000   2.6357400000e-01
    150000    80.00000000   2.2032500000e-01
    150000    82.00000000   1.7653700000e-01
    150000    84.00000000   1.3240600000e-01
    150000    86.00000000   8.8134000000e-02
    150000    88.00000000   4.3929000000e-02
    150000    90.00000000   0.0000000000e+00
    200000   -90.00000000  -0.0000000000e+00
    200000   -88.00000000  -4.3727000000e-02
    200000   -86.00000000  -8.7325000000e-02
    200000   -84.00000000  -1.3058300000e-01
    200000   -82.00000000  -1.7329100000e-01
    200000   -80.00000000  -2.1524400000e-01
    200000   -78.00000000  -2.5624100000e-01
    200000   -76.00000000  -2.9608400000e-01
    200000   -74.00000000  -3.3458400000e-01
    200000   -72.00000000  -3.7155900000e-01
    200000   -70.00000000  -4.0683300000e-01
    200000   -68.00000000  -4.4024300000e-01
    200000   -66.00000000  -4.7163200000e-01
    200000   -64.00000000  -5.0085600000e-01
    200000   -62.00000000  -5.2778300000e-01
    200000   -60.00000000  -5.5229200000e-01
    200000   -58.00000000  -5.7427600000e-01
    200000   -56.00000000  -5.9364200000e-01
    200000   -54.00000000  -6.1031000000e-01
    200000   -52.00000000  -6.2421800000e-01
    200000   -50.00000000  -6.3531600000e-01
    200000   -48.00000000  -6.4357500000e-01
    200000   -46.00000000  -6.4897800000e-01
    200000   -44.00000000  -6.5153000000e-01
    200000   -42.00000000  -6.5125300000e-01
    200000   -40.00000000  -6.4818700000e-01
    200000   -38.00000000  -6.4239500000e-01
    200000   -36.00000000  -6.3396100000e-01
    200000   -34.00000000  -6.2299300000e-01
    200000   -32.00000000  -6.0962600000e-01
    200000   -30.00000000  -5.9402600000e-01
    200000   -28.00000000  -5.7639500000e-01
    200000   -26.00000000  -5.5698000000e-01
    200000   -24.00000000  -5.3608500000e-01
    200000   -22.00000000  -5.1409300000e-01
    200000   -20.00000000  -4.9149400000e-01
    200000   -18.00000000  -4.6894500000e-01
    200000   -16.00000000  -4.4735800000e-01
    200000   -14.00000000  -4.2808400000e-01
    200000   -12.00000000  -4.1326400000e-01
    200000   -10.00000000  -4.0548700000e-01
    200000    -8.00000000  -4.1330400000e-01
    200000    -6.00000000  -2.8537300000e-01
    200000    -4.00000000   2.8700000000e-02
    200000    -2.00000000   3.0920000000e-01
    200000     0.00000000   5.3740000000e-01
    200000     2.00000000   7.5360000000e-01
    200000     4.00000000   9.4990000000e-01
    200000     6.00000000   1.1341000000e+00
    200000     8.00000000   1.2641840000e+00
    200000    10.00000000   1.2933270000e+00
    200000    12.00000000   1.1720410000e+00
    200000    14.00000000   1.0576880000e+00
    200000    16.00000000   9.8970800000e-01
    200000    18.00000000   9.4249400000e-01
    200000    20.00000000   9.0918500000e-01
    200000    22.00000000   8.8536400000e-01
    200000    24.00000000   8.6804200000e-01
    200000    26.00000000   8.5511500000e-01
    200000    28.00000000   8.4505000000e-01
    200000    30.00000000   8.3670200000e-01
    200000    32.00000000   8.2919300000e-01
    200000    34.00000000   8.2184100000e-01
    200000    36.00000000   8.1411000000e-01
    200000    38.00000000   8.0557100000e-01
    200000    40.00000000   7.9588500000e-01
    200000    42.00000000   7.8478000000e-01
    200000    44.00000000   7.7204300000e-01
    200000    46.00000000   7.5750700000e-01
    200000    48.00000000   7.4104700000e-01
    200000    50.00000000   7.2257700000e-01
    200000    52.00000000   7.0203700000e-01
    200000    54.00000000   6.7940000000e-01
    200000    56.00000000   6.5466400000e-01
    200000    58.00000000   6.2784800000e-01
    200000    60.00000000   5.9899500000e-01
    200000    62.00000000   5.6816800000e-01
    200000    64.00000000   5.3544700000e-01
    200000    66.00000000   5.0093000000e-01
    200000    68.00000000   4.6472900000e-01
    200000    70.00000000   4.2697300000e-01
    200000    72.00000000   3.8780300000e-01
    200000    74.00000000   3.4737100000e-01
    200000    76.00000000   3.0584200000e-01
    200000    78.00000000   2.6339000000e-01
    200000    80.00000000   2.2019800000e-01
    200000    82.00000000   1.7645600000e-01
    200000    84.00000000   1.3236000000e-01
    200000    86.00000000   8.8114000000e-02
    200000    88.00000000   4.3924000000e-02
    200000    90.00000000   0.0000000000e+00
    250000   -90.00000000  -0.0000000000e+00
    250000   -88.00000000  -4.3730000000e-02
    250000   -86.00000000  -8.7339000000e-02
    250000   -84.00000000  -1.3061400000e-01
    250000   -82.00000000  -1.7334700000e-01
    250000   -80.00000000  -2.1533200000e-01
    250000   -78.00000000  -2.5636700000e-01
    250000   -76.00000000  -2.9625700000e-01
    250000   -74.00000000  -3.3481100000e-01
    250000   -72.00000000  -3.7184700000e-01
    250000   -70.00000000  -4.0719100000e-01
    250000   -68.00000000  -4.4067700000e-01
    250000   -66.00000000  -4.7215200000e-01
    250000   -64.00000000  -5.0147000000e-01
    250000   -62.00000000  -5.2850000000e-01
    250000   -60.00000000  -5.5312100000e-01
    250000   -58.00000000  -5.7522700000e-01
    250000   -56.00000000  -5.9472500000e-01
    250000   -54.00000000  -6.1153600000e-01
    250000   -52.00000000  -6.2559900000e-01
    250000   -50.00000000  -6.3686500000e-01
    250000   -48.00000000  -6.4530400000e-01
    250000   -46.00000000  -6.5090400000e-01
    250000   -44.00000000  -6.5366900000e-01
    250000   -42.00000000  -6.5362200000e-01
    250000   -40.00000000  -6.5080800000e-01
    250000   -38.00000000  -6.4529000000e-01
    250000   -36.00000000  -6.3715800000e-01
    250000   -34.00000000  -6.2652100000e-01
    250000   -32.00000000  -6.1352200000e-01
    250000   -30.00000000  -5.9833200000e-01
    250000   -28.00000000  -5.8116200000e-01
    250000   -26.00000000  -5.6227000000e-01
    250000   -24.00000000  -5.4197500000e-01
    250000   -22.00000000  -5.2068100000e-01
    250000   -20.00000000  -4.9890600000e-01
    250000   -18.00000000  -4.7734700000e-01
    250000   -16.00000000  -4.5698100000e-01
    250000   -14.00000000  -4.3925500000e-01
    250000   -12.00000000  -4.2647400000e-01
    250000   -10.00000000  -4.2335200000e-01
    250000    -8.00000000  -4.3713300000e-01
    250000    -6.00000000  -2.3621200000e-01
    250000    -4.00000000   7.1600000000e-02
    250000    -2.00000000   3.2420000000e-01
    250000     0.00000000   5.4470000000e-01
    250000     2.00000000   7.5290000000e-01
    250000     4.00000000   9.4850000000e-01
    250000     6.00000000   1.1212000000e+00
    250000     8.00000000   1.2664960000e+00
    250000    10.00000000   1.2822210000e+00
    250000    12.00000000   1.1335850000e+00
    250000    14.00000000   1.0311040000e+00
    250000    16.00000000   9.6680800000e-01
    250000    18.00000000   9.2249900000e-01
    250000    20.00000000   8.9154900000e-01
    250000    22.00000000   8.6968800000e-01
    250000    24.00000000   8.5402600000e-01
    250000    26.00000000   8.4252700000e-01
    250000    28.00000000   8.3370700000e-01
    250000    30.00000000   8.2645500000e-01
    250000    32.00000000   8.1992200000e-01
    250000    34.00000000   8.1344500000e-01
    250000    36.00000000   8.0650300000e-01
    250000    38.00000000   7.9868200000e-01
    250000    40.00000000   7.8964900000e-01
    250000    42.00000000   7.7914200000e-01
    250000    44.00000000   7.6695400000e-01
    250000    46.00000000   7.5292400000e-01
    250000    48.00000000   7.3693200000e-01
    250000    50.00000000   7.1889200000e-01
    250000    52.00000000   6.9875100000e-01
    250000    54.00000000   6.7648300000e-01
    250000    56.00000000   6.5208700000e-01
    250000    58.00000000   6.2558600000e-01
    250000    60.00000000   5.9702300000e-01
    250000    62.00000000   5.6646300000e-01
    250000    64.00000000   5.3398700000e-01
    250000    66.00000000   4.9969300000e-01
    250000    68.00000000   4.6369500000e-01
    250000    70.00000000   4.2612300000e-01
    250000    72.00000000   3.8711700000e-01
    250000    74.00000000   3.4683100000e-01
    250000    76.00000000   3.0543000000e-01
    250000    78.00000000   2.6308800000e-01
    250000    80.00000000   2.1998900000e-01
    250000    82.00000000   1.7632200000e-01
    250000    84.00000000   1.3228500000e-01
    250000    86.00000000   8.8081000000e-02
    250000    88.00000000   4.3916000000e-02
    250000    90.00000000   0.0000000000e+00
     50000   -90.00000000  -0.0000000000e+00
     50000   -88.00000000  -4.3722000000e-02
     50000   -86.00000000  -8.7304000000e-02
     50000   -84.00000000  -1.3053600000e-01
     50000   -82.00000000  -1.7320900000e-01
     50000   -80.00000000  -2.1511500000e-01
     50000   -78.00000000  -2.5605400000e-01
     50000   -76.00000000  -2.9582900000e-01
     50000   -74.00000000  -3.3425000000e-01
     50000   -72.00000000  -3.7113400000e-01
     50000   -70.00000000  -4.0630700000e-01
     50000   -68.00000000  -4.3960300000e-01
     50000   -66.00000000  -4.7086700000e-01
     50000   -64.00000000  -4.9995300000e-01
     50000   -62.00000000  -5.2672800000e-01
     50000   -60.00000000  -5.5107200000e-01
     50000   -58.00000000  -5.7287700000e-01
     50000   -56.00000000  -5.9204800000e-01
     50000   -54.00000000  -6.0850500000e-01
     50000   -52.00000000  -6.2218500000e-01
     50000   -50.00000000  -6.3303700000e-01
     50000   -48.00000000  -6.4102800000e-01
     50000   -46.00000000  -6.4614300000e-01
     50000   -44.00000000  -6.4838200000e-01
     50000   -42.00000000  -6.4776500000e-01
     50000   -40.00000000  -6.4432900000e-01
     50000   -38.00000000  -6.3813200000e-01
     50000   -36.00000000  -6.2925500000e-01
     50000   -34.00000000  -6.1779800000e-01
     50000   -32.00000000  -6.0389000000e-01
     50000   -30.00000000  -5.8768600000e-01
     50000   -28.00000000  -5.6937700000e-01
     50000   -26.00000000  -5.4919100000e-01
     50000   -24.00000000  -5.2741300000e-01
     50000   -22.00000000  -5.0439400000e-01
     50000   -20.00000000  -4.8058300000e-01
     50000   -18.00000000  -4.5657400000e-01
     50000   -16.00000000  -4.3318900000e-01
     50000   -14.00000000  -4.1163600000e-01
     50000   -12.00000000  -3.9381500000e-01
     50000   -10.00000000  -3.8300800000e-01
     50000    -8.00000000  -3.7884000000e-01
     50000    -6.00000000  -4.0853000000e-01
     50000    -4.00000000  -3.2364300000e-01
     50000    -2.00000000  -5.4700000000e-02
     50000     0.00000000   1.8680000000e-01
     50000     2.00000000   4.8410000000e-01
     50000     4.00000000   7.1040000000e-01
     50000     6.00000000   9.0820000000e-01
     50000     8.00000000   1.1861000000e+00
     50000    10.00000000   1.2166310000e+00
     50000    12.00000000   1.2381950000e+00
     50000    14.00000000   1.1111340000e+00
     50000    16.00000000   1.0406110000e+00
     50000    18.00000000   9.8693900000e-01
     50000    20.00000000   9.4838800000e-01
     50000    22.00000000   9.2021000000e-01
     50000    24.00000000   8.9919800000e-01
     50000    26.00000000   8.8309700000e-01
     50000    28.00000000   8.7026500000e-01
     50000    30.00000000   8.5947800000e-01
     50000    32.00000000   8.4980000000e-01
     50000    34.00000000   8.4050400000e-01
     50000    36.00000000   8.3101800000e-01
     50000    38.00000000   8.2088700000e-01
     50000    40.00000000   8.0974800000e-01
     50000    42.00000000   7.9731300000e-01
     50000    44.00000000   7.8335400000e-01
     50000    46.00000000   7.6769300000e-01
     50000    48.00000000   7.5019600000e-01
     50000    50.00000000   7.3076600000e-01
     50000    52.00000000   7.0934100000e-01
     50000    54.00000000   6.8588500000e-01
     50000    56.00000000   6.6039100000e-01
     50000    58.00000000   6.3287600000e-01
     50000    60.00000000   6.0337900000e-01
     50000    62.00000000   5.7195900000e-01
     50000    64.00000000   5.3869400000e-01
     50000    66.00000000   5.0367900000e-01
     50000    68.00000000   4.6702700000e-01
     50000    70.00000000   4.2886300000e-01
     50000    72.00000000   3.8932700000e-01
     50000    74.00000000   3.4857100000e-01
     50000    76.00000000   3.0675800000e-01
     50000    78.00000000   2.6406100000e-01
     50000    80.00000000   2.2066300000e-01
     50000    82.00000000   1.7675300000e-01
     50000    84.00000000   1.3252700000e-01
     50000    86.00000000   8.8188000000e-02
     50000    88.00000000   4.3943000000e-02
     50000    90.00000000   0.0000000000e+00
    100000   -90.00000000  -0.0000000000e+00
    100000   -88.00000000  -4.3721000000e-02
    100000   -86.00000000  -8.7303000000e-02
    100000   -84.00000000  -1.3053400000e-01
    100000   -82.00000000  -1.7320400000e-01
    100000   -80.00000000  -2.1510700000e-01
    100000   -78.00000000  -2.5604300000e-01
    100000   -76.00000000  -2.9581400000e-01
    100000   -74.00000000  -3.3423100000e-01
    100000   -72.00000000  -3.7111000000e-01
    100000   -70.00000000  -4.0627700000e-01
    100000   -68.00000000  -4.3956600000e-01
    100000   -66.00000000  -4.7082200000e-01
    100000   -64.00000000  -4.9990100000e-01
    100000   -62.00000000  -5.2666700000e-01
    100000   -60.00000000  -5.5100200000e-01
    100000   -58.00000000  -5.7279600000e-01
    100000   -56.00000000  -5.9195600000e-01
    100000   -54.00000000  -6.0840100000e-01
    100000   -52.00000000  -6.2206700000e-01
    100000   -50.00000000  -6.3290500000e-01
    100000   -48.00000000  -6.4088100000e-01
    100000   -46.00000000  -6.4597900000e-01
    100000   -44.00000000  -6.4820000000e-01
    100000   -42.00000000  -6.4756300000e-01
    100000   -40.00000000  -6.4410500000e-01
    100000   -38.00000000  -6.3788600000e-01
    100000   -36.00000000  -6.2898300000e-01
    100000   -34.00000000  -6.1749800000e-01
    100000   -32.00000000  -6.0355800000e-01
    100000   -30.00000000  -5.8731900000e-01
    100000   -28.00000000  -5.6897000000e-01
    100000   -26.00000000  -5.4874100000e-01
    100000   -24.00000000  -5.2691100000e-01
    100000   -22.00000000  -5.0383300000e-01
    100000   -20.00000000  -4.7995100000e-01
    100000   -18.00000000  -4.5585800000e-01
    100000   -16.00000000  -4.3237000000e-01
    100000   -14.00000000  -4.1068400000e-01
    100000   -12.00000000  -3.9268900000e-01
    100000   -10.00000000  -3.8164200000e-01
    100000    -8.00000000  -3.8353500000e-01
    100000    -6.00000000  -4.1390000000e-01
    100000    -4.00000000  -2.0332400000e-01
    100000    -2.00000000   1.5770000000e-01
    100000     0.00000000   4.4680000000e-01
    100000     2.00000000   7.0750000000e-01
    100000     4.00000000   9.3250000000e-01
    100000     6.00000000   1.1264000000e+00
    100000     8.00000000   1.2101200000e+00
    100000    10.00000000   1.2483180000e+00
    100000    12.00000000   1.2214790000e+00
    100000    14.00000000   1.1006130000e+00
    100000    16.00000000   1.0266840000e+00
    100000    18.00000000   9.7477900000e-01
    100000    20.00000000   9.3766200000e-01
    100000    22.00000000   9.1067600000e-01
    100000    24.00000000   8.9067400000e-01
    100000    26.00000000   8.7544100000e-01
    100000    28.00000000   8.6336600000e-01
    100000    30.00000000   8.5324700000e-01
    100000    32.00000000   8.4416200000e-01
    100000    34.00000000   8.3539800000e-01
    100000    36.00000000   8.2639200000e-01
    100000    38.00000000   8.1669600000e-01
    100000    40.00000000   8.0595500000e-01
    100000    42.00000000   7.9388400000e-01
    100000    44.00000000   7.8025900000e-01
    100000    46.00000000   7.6490600000e-01
    100000    48.00000000   7.4769300000e-01
    100000    50.00000000   7.2852600000e-01
    100000    52.00000000   7.0734300000e-01
    100000    54.00000000   6.8411100000e-01
    100000    56.00000000   6.5882400000e-01
    100000    58.00000000   6.3150000000e-01
    100000    60.00000000   6.0217900000e-01
    100000    62.00000000   5.7092200000e-01
    100000    64.00000000   5.3780500000e-01
    100000    66.00000000   5.0292700000e-01
    100000    68.00000000   4.6639800000e-01
    100000    70.00000000   4.2834600000e-01
    100000    72.00000000   3.8891000000e-01
    100000    74.00000000   3.4824300000e-01
    100000    76.00000000   3.0650800000e-01
    100000    78.00000000   2.6387800000e-01
    100000    80.00000000   2.2053600000e-01
    100000    82.00000000   1.7667100000e-01
    100000    84.00000000   1.3248100000e-01
    100000    86.00000000   8.8168000000e-02
    100000    88.00000000   4.3937000000e-02
    100000    90.00000000   0.0000000000e+00
    150000   -90.00000000  -0.0000000000e+00
    150000   -88.00000000  -4.3731000000e-02
    150000   -86.00000000  -8.7341000000e-02
    150000   -84.00000000  -1.3061800000e-01
    150000   -82.00000000  -1.7335500000e-01
    150000   -80.00000000  -2.1534400000e-01
    150000   -78.00000000  -2.5638400000e-01
    150000   -76.00000000  -2.9628000000e-01
    150000   -74.00000000  -3.3484000000e-01
    150000   -72.00000000  -3.7188400000e-01
    150000   -70.00000000  -4.0723700000e-01
    150000   -68.00000000  -4.4073400000e-01
    150000   -66.00000000  -4.7222000000e-01
    150000   -64.00000000  -5.0155000000e-01
    150000   -62.00000000  -5.2859400000e-01
    150000   -60.00000000  -5.5322900000e-01
    150000   -58.00000000  -5.7535100000e-01
    150000   -56.00000000  -5.9486600000e-01
    150000   -54.00000000  -6.1169600000e-01
    150000   -52.00000000  -6.2577900000e-01
    150000   -50.00000000  -6.3706700000e-01
    150000   -48.00000000  -6.4553000000e-01
    150000   -46.00000000  -6.5115600000e-01
    150000   -44.00000000  -6.5394800000e-01
    150000   -42.00000000  -6.5393200000e-01
    150000   -40.00000000  -6.5115000000e-01
    150000   -38.00000000  -6.4566900000e-01
    150000   -36.00000000  -6.3757500000e-01
    150000   -34.00000000  -6.2698200000e-01
    150000   -32.00000000  -6.1403100000e-01
    150000   -30.00000000  -5.9889400000e-01
    150000   -28.00000000  -5.8178500000e-01
    150000   -26.00000000  -5.6296100000e-01
    150000   -24.00000000  -5.4274500000e-01
    150000   -22.00000000  -5.2154100000e-01
    150000   -20.00000000  -4.9987400000e-01
    150000   -18.00000000  -4.7844500000e-01
    150000   -16.00000000  -4.5823800000e-01
    150000   -14.00000000  -4.4071500000e-01
    150000   -12.00000000  -4.2820000000e-01
    150000   -10.00000000  -4.2474000000e-01
    150000    -8.00000000  -4.2775200000e-01
    150000    -6.00000000  -3.9810600000e-01
    150000    -4.00000000  -4.7439000000e-02
    150000    -2.00000000   2.5720000000e-01
    150000     0.00000000   5.1210000000e-01
    150000     2.00000000   7.3560000000e-01
    150000     4.00000000   9.3650000000e-01
    150000     6.00000000   1.1234000000e+00
    150000     8.00000000   1.2240000000e+00
    150000    10.00000000   1.2518280000e+00
    150000    12.00000000   1.2368910000e+00
    150000    14.00000000   1.1102460000e+00
    150000    16.00000000   1.0349820000e+00
    150000    18.00000000   9.8202400000e-01
    150000    20.00000000   9.4405300000e-01
    150000    22.00000000   9.1635700000e-01
    150000    24.00000000   8.9575300000e-01
    150000    26.00000000   8.8000300000e-01
    150000    28.00000000   8.6747700000e-01
    150000    30.00000000   8.5695900000e-01
    150000    32.00000000   8.4752100000e-01
    150000    34.00000000   8.3844000000e-01
    150000    36.00000000   8.2914800000e-01
    150000    38.00000000   8.1919300000e-01
    150000    40.00000000   8.0821500000e-01
    150000    42.00000000   7.9592700000e-01
    150000    44.00000000   7.8210300000e-01
    150000    46.00000000   7.6656600000e-01
    150000    48.00000000   7.4918400000e-01
    150000    50.00000000   7.2986100000e-01
    150000    52.00000000   7.0853300000e-01
    150000    54.00000000   6.8516800000e-01
    150000    56.00000000   6.5975800000e-01
    150000    58.00000000   6.3232000000e-01
    150000    60.00000000   6.0289400000e-01
    150000    62.00000000   5.7153900000e-01
    150000    64.00000000   5.3833500000e-01
    150000    66.00000000   5.0337500000e-01
    150000    68.00000000   4.6677300000e-01
    150000    70.00000000   4.2865400000e-01
    150000    72.00000000   3.8915900000e-01
    150000    74.00000000   3.4843800000e-01
    150000    76.00000000   3.0665700000e-01
    150000    78.00000000   2.6398700000e-01
    150000    80.00000000   2.2061100000e-01
    150000    82.00000000   1.7672000000e-01
    150000    84.00000000   1.3250900000e-01
    150000    86.00000000   8.8180000000e-02
    150000    88.00000000   4.3940000000e-02
    150000    90.00000000   0.0000000000e+00
    200000   -90.00000000  -0.0000000000e+00
    200000   -88.00000000  -4.3727000000e-02
    200000   -86.00000000  -8.7324000000e-02
    200000   -84.00000000  -1.3058100000e-01
    200000   -82.00000000  -1.7328800000e-01
    200000   -80.00000000  -2.1523900000e-01
    200000   -78.00000000  -2.5623300000e-01
    200000   -76.00000000  -2.9607400000e-01
    200000   -74.00000000  -3.3457100000e-01
    200000   -72.00000000  -3.7154200000e-01
    200000   -70.00000000  -4.0681300000e-01
    200000   -68.00000000  -4.4021800000e-01
    200000   -66.00000000  -4.7160200000e-01
    200000   -64.00000000  -5.0082100000e-01
    200000   -62.00000000  -5.2774200000e-01
    200000   -60.00000000  -5.5224500000e-01
    200000   -58.00000000  -5.7422200000e-01
    200000   -56.00000000  -5.9358000000e-01
    200000   -54.00000000  -6.1024000000e-01
    200000   -52.00000000  -6.2413900000e-01
    200000   -50.00000000  -6.3522800000e-01
    200000   -48.00000000  -6.4347500000e-01
    200000   -46.00000000  -6.4886800000e-01
    200000   -44.00000000  -6.5140800000e-01
    200000   -42.00000000  -6.5111700000e-01
    200000   -40.00000000  -6.4803700000e-01
    200000   -38.00000000  -6.4222900000e-01
    200000   -36.00000000  -6.3377700000e-01
    200000   -34.00000000  -6.2279000000e-01
    200000   -32.00000000  -6.0940200000e-01
    200000   -30.00000000  -5.9377900000e-01
    200000   -28.00000000  -5.7612100000e-01
    200000   -26.00000000  -5.5667600000e-01
    200000   -24.00000000  -5.3574700000e-01
    200000   -22.00000000  -5.1371500000e-01
    200000   -20.00000000  -4.9106900000e-01
    200000   -18.00000000  -4.6846200000e-01
    200000   -16.00000000  -4.4680500000e-01
    200000   -14.00000000  -4.2744200000e-01
    200000   -12.00000000  -4.1250500000e-01
    200000   -10.00000000  -4.0598000000e-01
    200000    -8.00000000  -4.1650400000e-01
    200000    -6.00000000  -3.0028500000e-01
    200000    -4.00000000   2.1400000000e-02
    200000    -2.00000000   2.9700000000e-01
    200000     0.00000000   5.2510000000e-01
    200000     2.00000000   7.3810000000e-01
    200000     4.00000000   9.3380000000e-01
    200000     6.00000000   1.1212000000e+00
    200000     8.00000000   1.2253000000e+00
    200000    10.00000000   1.3033620000e+00
    200000    12.00000000   1.3005430000e+00
    200000    14.00000000   1.1609530000e+00
    200000    16.00000000   1.0786620000e+00
    200000    18.00000000   1.0201630000e+00
    200000    20.00000000   9.7769200000e-01
    200000    22.00000000   9.4625800000e-01
    200000    24.00000000   9.2248800000e-01
    200000    26.00000000   9.0401400000e-01
    200000    28.00000000   8.8911400000e-01
    200000    30.00000000   8.7650400000e-01
    200000    32.00000000   8.6520500000e-01
    200000    34.00000000   8.5445500000e-01
    200000    36.00000000   8.4365700000e-01
    200000    38.00000000   8.3233500000e-01
    200000    40.00000000   8.2011000000e-01
    200000    42.00000000   8.0668100000e-01
    200000    44.00000000   7.9180900000e-01
    200000    46.00000000   7.7530700000e-01
    200000    48.00000000   7.5703400000e-01
    200000    50.00000000   7.3688900000e-01
    200000    52.00000000   7.1480000000e-01
    200000    54.00000000   6.9073200000e-01
    200000    56.00000000   6.6467200000e-01
    200000    58.00000000   6.3663400000e-01
    200000    60.00000000   6.0665500000e-01
    200000    62.00000000   5.7479200000e-01
    200000    64.00000000   5.4112000000e-01
    200000    66.00000000   5.0573500000e-01
    200000    68.00000000   4.6874500000e-01
    200000    70.00000000   4.3027600000e-01
    200000    72.00000000   3.9046700000e-01
    200000    74.00000000   3.4946800000e-01
    200000    76.00000000   3.0744300000e-01
    200000    78.00000000   2.6456300000e-01
    200000    80.00000000   2.2101000000e-01
    200000    82.00000000   1.7697500000e-01
    200000    84.00000000   1.3265200000e-01
    200000    86.00000000   8.8244000000e-02
    200000    88.00000000   4.3956000000e-02
    200000    90.00000000   0.0000000000e+00
    250000   -90.00000000  -0.0000000000e+00
    250000   -88.00000000  -4.3728000000e-02
    250000   -86.00000000  -8.7328000000e-02
    250000   -84.00000000  -1.3059000000e-01
    250000   -82.00000000  -1.7330500000e-01
    250000   -80.00000000  -2.1526500000e-01
    250000   -78.00000000  -2.5627100000e-01
    250000   -76.00000000  -2.9612500000e-01
    250000   -74.00000000  -3.3463800000e-01
    250000   -72.00000000  -3.7162800000e-01
    250000   -70.00000000  -4.0691900000e-01
    250000   -68.00000000  -4.4034700000e-01
    250000   -66.00000000  -4.7175600000e-01
    250000   -64.00000000  -5.0100300000e-01
    250000   -62.00000000  -5.2795500000e-01
    250000   -60.00000000  -5.5249100000e-01
    250000   -58.00000000  -5.7450400000e-01
    250000   -56.00000000  -5.9390100000e-01
    250000   -54.00000000  -6.1060400000e-01
    250000   -52.00000000  -6.2454800000e-01
    250000   -50.00000000  -6.3568700000e-01
    250000   -48.00000000  -6.4398900000e-01
    250000   -46.00000000  -6.4943900000e-01
    250000   -44.00000000  -6.5204200000e-01
    250000   -42.00000000  -6.5182000000e-01
    250000   -40.00000000  -6.4881400000e-01
    250000   -38.00000000  -6.4308800000e-01
    250000   -36.00000000  -6.3472600000e-01
    250000   -34.00000000  -6.2383700000e-01
    250000   -32.00000000  -6.1055800000e-01
    250000   -30.00000000  -5.9505600000e-01
    250000   -28.00000000  -5.7753500000e-01
    250000   -26.00000000  -5.5824500000e-01
    250000   -24.00000000  -5.3749400000e-01
    250000   -22.00000000  -5.1566900000e-01
    250000   -20.00000000  -4.9326700000e-01
    250000   -18.00000000  -4.7095500000e-01
    250000   -16.00000000  -4.4966000000e-01
    250000   -14.00000000  -4.3075600000e-01
    250000   -12.00000000  -4.1642400000e-01
    250000   -10.00000000  -4.1099600000e-01
    250000    -8.00000000  -4.2152200000e-01
    250000    -6.00000000  -2.5582500000e-01
    250000    -4.00000000   6.3400000000e-02
    250000    -2.00000000   3.1230000000e-01
    250000     0.00000000   5.2640000000e-01
    250000     2.00000000   7.3680000000e-01
    250000     4.00000000   9.2920000000e-01
    250000     6.00000000   1.1134000000e+00
    250000     8.00000000   1.2290570000e+00
    250000    10.00000000   1.3250640000e+00
    250000    12.00000000   1.3002920000e+00
    250000    14.00000000   1.1604270000e+00
    250000    16.00000000   1.0782080000e+00
    250000    18.00000000   1.0197670000e+00
    250000    20.00000000   9.7734300000e-01
    250000    22.00000000   9.4594800000e-01
    250000    24.00000000   9.2221100000e-01
    250000    26.00000000   9.0376400000e-01
    250000    28.00000000   8.8888900000e-01
    250000    30.00000000   8.7630100000e-01
    250000    32.00000000   8.6502100000e-01
    250000    34.00000000   8.5428900000e-01
    250000    36.00000000   8.4350600000e-01
    250000    38.00000000   8.3219800000e-01
    250000    40.00000000   8.1998700000e-01
    250000    42.00000000   8.0656900000e-01
    250000    44.00000000   7.9170800000e-01
    250000    46.00000000   7.7521600000e-01
    250000    48.00000000   7.5695300000e-01
    250000    50.00000000   7.3681600000e-01
    250000    52.00000000   7.1473500000e-01
    250000    54.00000000   6.9067400000e-01
    250000    56.00000000   6.6462100000e-01
    250000    58.00000000   6.3659000000e-01
    250000    60.00000000   6.0661600000e-01
    250000    62.00000000   5.7475800000e-01
    250000    64.00000000   5.4109200000e-01
    250000    66.00000000   5.0571000000e-01
    250000    68.00000000   4.6872500000e-01
    250000    70.00000000   4.3025900000e-01
    250000    72.00000000   3.9045300000e-01
    250000    74.00000000   3.4945800000e-01
    250000    76.00000000   3.0743500000e-01
    250000    78.00000000   2.6455700000e-01
    250000    80.00000000   2.2100600000e-01
    250000    82.00000000   1.7697200000e-01
    250000    84.00000000   1.3265000000e-01
    250000    86.00000000   8.8243000000e-02
    250000    88.00000000   4.3956000000e-02
    250000    90.00000000   0.0000000000e+00
     50000   -90.00000000  -0.0000000000e+00
     50000   -88.00000000  -4.3714000000e-02
     50000   -86.00000000  -8.7275000000e-02
     50000   -84.00000000  -1.3047000000e-01
     50000   -82.00000000  -1.7309000000e-01
     50000   -80.00000000  -2.1492900000e-01
     50000   -78.00000000  -2.5578500000e-01
     50000   -76.00000000  -2.9546200000e-01
     50000   -74.00000000  -3.3377000000e-01
     50000   -72.00000000  -3.7052400000e-01
     50000   -70.00000000  -4.0555100000e-01
     50000   -68.00000000  -4.3868400000e-01
     50000   -66.00000000  -4.6976700000e-01
     50000   -64.00000000  -4.9865400000e-01
     50000   -62.00000000  -5.2521200000e-01
     50000   -60.00000000  -5.4931900000e-01
     50000   -58.00000000  -5.7086600000e-01
     50000   -56.00000000  -5.8975700000e-01
     50000   -54.00000000  -6.0591200000e-01
     50000   -52.00000000  -6.1926300000e-01
     50000   -50.00000000  -6.2976100000e-01
     50000   -48.00000000  -6.3736900000e-01
     50000   -46.00000000  -6.4206900000e-01
     50000   -44.00000000  -6.4385800000e-01
     50000   -42.00000000  -6.4275200000e-01
     50000   -40.00000000  -6.3878400000e-01
     50000   -38.00000000  -6.3200700000e-01
     50000   -36.00000000  -6.2249200000e-01
     50000   -34.00000000  -6.1033300000e-01
     50000   -32.00000000  -5.9564700000e-01
     50000   -30.00000000  -5.7857600000e-01
     50000   -28.00000000  -5.5929100000e-01
     50000   -26.00000000  -5.3799900000e-01
     50000   -24.00000000  -5.1495100000e-01
     50000   -22.00000000  -4.9045600000e-01
     50000   -20.00000000  -4.6490200000e-01
     50000   -18.00000000  -4.3879600000e-01
     50000   -16.00000000  -4.1282900000e-01
     50000   -14.00000000  -3.8800000000e-01
     50000   -12.00000000  -3.6586600000e-01
     50000   -10.00000000  -3.4908600000e-01
     50000    -8.00000000  -3.4256700000e-01
     50000    -6.00000000  -3.5076000000e-01
     50000    -4.00000000  -2.9141600000e-01
     50000    -2.00000000  -5.6300000000e-02
     50000     0.00000000   1.8380000000e-01
     50000     2.00000000   4.8070000000e-01
     50000     4.00000000   7.0660000000e-01
     50000     6.00000000   8.9610000000e-01
     50000     8.00000000   1.2115000000e+00
     50000    10.00000000   1.2490040000e+00
     50000    12.00000000   1.1475400000e+00
     50000    14.00000000   1.0383990000e+00
     50000    16.00000000   9.7309200000e-01
     50000    18.00000000   9.2798600000e-01
     50000    20.00000000   8.9638800000e-01
     50000    22.00000000   8.7398900000e-01
     50000    24.00000000   8.5787200000e-01
     50000    26.00000000   8.4598100000e-01
     50000    28.00000000   8.3681900000e-01
     50000    30.00000000   8.2926700000e-01
     50000    32.00000000   8.2246600000e-01
     50000    34.00000000   8.1574900000e-01
     50000    36.00000000   8.0859100000e-01
     50000    38.00000000   8.0057200000e-01
     50000    40.00000000   7.9136000000e-01
     50000    42.00000000   7.8069000000e-01
     50000    44.00000000   7.6835100000e-01
     50000    46.00000000   7.5418200000e-01
     50000    48.00000000   7.3806100000e-01
     50000    50.00000000   7.1990300000e-01
     50000    52.00000000   6.9965300000e-01
     50000    54.00000000   6.7728400000e-01
     50000    56.00000000   6.5279400000e-01
     50000    58.00000000   6.2620700000e-01
     50000    60.00000000   5.9756400000e-01
     50000    62.00000000   5.6693100000e-01
     50000    64.00000000   5.3438700000e-01
     50000    66.00000000   5.0003200000e-01
     50000    68.00000000   4.6397900000e-01
     50000    70.00000000   4.2635600000e-01
     50000    72.00000000   3.8730500000e-01
     50000    74.00000000   3.4697900000e-01
     50000    76.00000000   3.0554300000e-01
     50000    78.00000000   2.6317100000e-01
     50000    80.00000000   2.2004600000e-01
     50000    82.00000000   1.7635900000e-01
     50000    84.00000000   1.3230600000e-01
     50000    86.00000000   8.8090000000e-02
     50000    88.00000000   4.3918000000e-02
     50000    90.00000000   0.0000000000e+00
    100000   -90.00000000  -0.0000000000e+00
    100000   -88.00000000  -4.3723000000e-02
    100000   -86.00000000  -8.7311000000e-02
    100000   -84.00000000  -1.3055100000e-01
    100000   -82.00000000  -1.7323500000e-01
    100000   -80.00000000  -2.1515700000e-01
    100000   -78.00000000  -2.5611400000e-01
    100000   -76.00000000  -2.9591100000e-01
    100000   -74.00000000  -3.3435800000e-01
    100000   -72.00000000  -3.7127100000e-01
    100000   -70.00000000  -4.0647700000e-01
    100000   -68.00000000  -4.3981000000e-01
    100000   -66.00000000  -4.7111400000e-01
    100000   -64.00000000  -5.0024500000e-01
    100000   -62.00000000  -5.2706900000e-01
    100000   -60.00000000  -5.5146700000e-01
    100000   -58.00000000  -5.7332900000e-01
    100000   -56.00000000  -5.9256300000e-01
    100000   -54.00000000  -6.0908900000e-01
    100000   -52.00000000  -6.2284200000e-01
    100000   -50.00000000  -6.3377400000e-01
    100000   -48.00000000  -6.4185100000e-01
    100000   -46.00000000  -6.4706000000e-01
    100000   -44.00000000  -6.4940000000e-01
    100000   -42.00000000  -6.4889200000e-01
    100000   -40.00000000  -6.4557600000e-01
    100000   -38.00000000  -6.3951000000e-01
    100000   -36.00000000  -6.3077600000e-01
    100000   -34.00000000  -6.1947700000e-01
    100000   -32.00000000  -6.0574400000e-01
    100000   -30.00000000  -5.8973600000e-01
    100000   -28.00000000  -5.7164500000e-01
    100000   -26.00000000  -5.5170900000e-01
    100000   -24.00000000  -5.3021600000e-01
    100000   -22.00000000  -5.0752900000e-01
    100000   -20.00000000  -4.8411000000e-01
    100000   -18.00000000  -4.6057200000e-01
    100000   -16.00000000  -4.3776900000e-01
    100000   -14.00000000  -4.1695300000e-01
    100000   -12.00000000  -4.0010100000e-01
    100000   -10.00000000  -3.9063800000e-01
    100000    -8.00000000  -3.9144800000e-01
    100000    -6.00000000  -4.1803900000e-01
    100000    -4.00000000  -2.0169300000e-01
    100000    -2.00000000   1.4980000000e-01
    100000     0.00000000   4.4030000000e-01
    100000     2.00000000   6.9660000000e-01
    100000     4.00000000   9.1810000000e-01
    100000     6.00000000   1.1108000000e+00
    100000     8.00000000   1.1981020000e+00
    100000    10.00000000   1.2879260000e+00
    100000    12.00000000   1.2378970000e+00
    100000    14.00000000   1.1210940000e+00
    100000    16.00000000   1.0443270000e+00
    100000    18.00000000   9.9018400000e-01
    100000    20.00000000   9.5125000000e-01
    100000    22.00000000   9.2275400000e-01
    100000    24.00000000   9.0147300000e-01
    100000    26.00000000   8.8514000000e-01
    100000    28.00000000   8.7210600000e-01
    100000    30.00000000   8.6114100000e-01
    100000    32.00000000   8.5130500000e-01
    100000    34.00000000   8.4186700000e-01
    100000    36.00000000   8.3225200000e-01
    100000    38.00000000   8.2200500000e-01
    100000    40.00000000   8.1076000000e-01
    100000    42.00000000   7.9822800000e-01
    100000    44.00000000   7.8417900000e-01
    100000    46.00000000   7.6843600000e-01
    100000    48.00000000   7.5086400000e-01
    100000    50.00000000   7.3136400000e-01
    100000    52.00000000   7.0987400000e-01
    100000    54.00000000   6.8635800000e-01
    100000    56.00000000   6.6080900000e-01
    100000    58.00000000   6.3324300000e-01
    100000    60.00000000   6.0369900000e-01
    100000    62.00000000   5.7223500000e-01
    100000    64.00000000   5.3893100000e-01
    100000    66.00000000   5.0388000000e-01
    100000    68.00000000   4.6719500000e-01
    100000    70.00000000   4.2900100000e-01
    100000    72.00000000   3.8943900000e-01
    100000    74.00000000   3.4865900000e-01
    100000    76.00000000   3.0682500000e-01
    100000    78.00000000   2.6411000000e-01
    100000    80.00000000   2.2069700000e-01
    100000    82.00000000   1.7677400000e-01
    100000    84.00000000   1.3253900000e-01
    100000    86.00000000   8.8194000000e-02
    100000    88.00000000   4.3944000000e-02
    100000    90.00000000   0.0000000000e+00
    150000   -90.00000000  -0.0000000000e+00
    150000   -88.00000000  -4.3721000000e-02
    150000   -86.00000000  -8.7303000000e-02
    150000   -84.00000000  -1.3053300000e-01
    150000   -82.00000000  -1.7320200000e-01
    150000   -80.00000000  -2.1510500000e-01
    150000   -78.00000000  -2.5604000000e-01
    150000   -76.00000000  -2.9581000000e-01
    150000   -74.00000000  -3.3422500000e-01
    150000   -72.00000000  -3.7110200000e-01
    150000   -70.00000000  -4.0626800000e-01
    150000   -68.00000000  -4.3955500000e-01
    150000   -66.00000000  -4.7080900000e-01
    150000   -64.00000000  -4.9988500000e-01
    150000   -62.00000000  -5.2664900000e-01
    150000   -60.00000000  -5.5098100000e-01
    150000   -58.00000000  -5.7277200000e-01
    150000   -56.00000000  -5.9192800000e-01
    150000   -54.00000000  -6.0837000000e-01
    150000   -52.00000000  -6.2203200000e-01
    150000   -50.00000000  -6.3286600000e-01
    150000   -48.00000000  -6.4083700000e-01
    150000   -46.00000000  -6.4593100000e-01
    150000   -44.00000000  -6.4814600000e-01
    150000   -42.00000000  -6.4750300000e-01
    150000   -40.00000000  -6.4403900000e-01
    150000   -38.00000000  -6.3781300000e-01
    150000   -36.00000000  -6.2890200000e-01
    150000   -34.00000000  -6.1740900000e-01
    150000   -32.00000000  -6.0346000000e-01
    150000   -30.00000000  -5.8721100000e-01
    150000   -28.00000000  -5.6885000000e-01
    150000   -26.00000000  -5.4860700000e-01
    150000   -24.00000000  -5.2676300000e-01
    150000   -22.00000000  -5.0366700000e-01
    150000   -20.00000000  -4.7976400000e-01
    150000   -18.00000000  -4.5564600000e-01
    150000   -16.00000000  -4.3212700000e-01
    150000   -14.00000000  -4.1040300000e-01
    150000   -12.00000000  -3.9235600000e-01
    150000   -10.00000000  -3.8123800000e-01
    150000    -8.00000000  -3.8436700000e-01
    150000    -6.00000000  -3.8762800000e-01
    150000    -4.00000000  -6.9812000000e-02
    150000    -2.00000000   2.4690000000e-01
    150000     0.00000000   5.0030000000e-01
    150000     2.00000000   7.2120000000e-01
    150000     4.00000000   9.2040000000e-01
    150000     6.00000000   1.0993000000e+00
    150000     8.00000000   1.2078000000e+00
    150000    10.00000000   1.3010030000e+00
    150000    12.00000000   1.2863420000e+00
    150000    14.00000000   1.1492390000e+00
    150000    16.00000000   1.0685710000e+00
    150000    18.00000000   1.0113530000e+00
    150000    20.00000000   9.6992100000e-01
    150000    22.00000000   9.3935100000e-01
    150000    24.00000000   9.1631200000e-01
    150000    26.00000000   8.9846700000e-01
    150000    28.00000000   8.8411500000e-01
    150000    30.00000000   8.7198900000e-01
    150000    32.00000000   8.6112000000e-01
    150000    34.00000000   8.5075600000e-01
    150000    36.00000000   8.4030500000e-01
    150000    38.00000000   8.2929900000e-01
    150000    40.00000000   8.1736200000e-01
    150000    42.00000000   8.0419700000e-01
    150000    44.00000000   7.8956600000e-01
    150000    46.00000000   7.7328800000e-01
    150000    48.00000000   7.5522100000e-01
    150000    50.00000000   7.3526500000e-01
    150000    52.00000000   7.1335300000e-01
    150000    54.00000000   6.8944700000e-01
    150000    56.00000000   6.6353700000e-01
    150000    58.00000000   6.3563800000e-01
    150000    60.00000000   6.0578600000e-01
    150000    62.00000000   5.7404100000e-01
    150000    64.00000000   5.4047700000e-01
    150000    66.00000000   5.0519000000e-01
    150000    68.00000000   4.6829000000e-01
    150000    70.00000000   4.2990200000e-01
    150000    72.00000000   3.9016500000e-01
    150000    74.00000000   3.4923000000e-01
    150000    76.00000000   3.0726100000e-01
    150000    78.00000000   2.6443000000e-01
    150000    80.00000000   2.2091800000e-01
    150000    82.00000000   1.7691600000e-01
    150000    84.00000000   1.3261900000e-01
    150000    86.00000000   8.8229000000e-02
    150000    88.00000000   4.3953000000e-02
    150000    90.00000000   0.0000000000e+00
    200000   -90.00000000  -0.0000000000e+00
    200000   -88.00000000  -4.3721000000e-02
    200000   -86.00000000  -8.7302000000e-02
    200000   -84.00000000  -1.3053100000e-01
    200000   -82.00000000  -1.7319900000e-01
    200000   -80.00000000  -2.1510000000e-01
    200000   -78.00000000  -2.5603200000e-01
    200000   -76.00000000  -2.9579900000e-01
    200000   -74.00000000  -3.3421000000e-01
    200000   -72.00000000  -3.7108400000e-01
    200000   -70.00000000  -4.0624500000e-01
    200000   -68.00000000  -4.3952800000e-01
    200000   -66.00000000  -4.7077600000e-01
    200000   -64.00000000  -4.9984600000e-01
    200000   -62.00000000  -5.2660300000e-01
    200000   -60.00000000  -5.5092800000e-01
    200000   -58.00000000  -5.7271100000e-01
    200000   -56.00000000  -5.9185900000e-01
    200000   -54.00000000  -6.0829200000e-01
    200000   -52.00000000  -6.2194400000e-01
    200000   -50.00000000  -6.3276700000e-01
    200000   -48.00000000  -6.4072700000e-01
    200000   -46.00000000  -6.4580800000e-01
    200000   -44.00000000  -6.4801000000e-01
    200000   -42.00000000  -6.4735200000e-01
    200000   -40.00000000  -6.4387200000e-01
    200000   -38.00000000  -6.3762800000e-01
    200000   -36.00000000  -6.2869800000e-01
    200000   -34.00000000  -6.1718400000e-01
    200000   -32.00000000  -6.0321100000e-01
    200000   -30.00000000  -5.8693600000e-01
    200000   -28.00000000  -5.6854600000e-01
    200000   -26.00000000  -5.4827000000e-01
    200000   -24.00000000  -5.2638700000e-01
    200000   -22.00000000  -5.0324600000e-01
    200000   -20.00000000  -4.7929100000e-01
    200000   -18.00000000  -4.5511000000e-01
    200000   -16.00000000  -4.3151300000e-01
    200000   -14.00000000  -4.0969000000e-01
    200000   -12.00000000  -3.9151300000e-01
    200000   -10.00000000  -3.8021500000e-01
    200000    -8.00000000  -3.8459500000e-01
    200000    -6.00000000  -3.3105100000e-01
    200000    -4.00000000   1.7700000000e-02
    200000    -2.00000000   2.8450000000e-01
    200000     0.00000000   5.0990000000e-01
    200000     2.00000000   7.2240000000e-01
    200000     4.00000000   9.1780000000e-01
    200000     6.00000000   1.1034000000e+00
    200000     8.00000000   1.2211390000e+00
    200000    10.00000000   1.2972660000e+00
    200000    12.00000000   1.2156330000e+00
    200000    14.00000000   1.0915820000e+00
    200000    16.00000000   1.0189050000e+00
    200000    18.00000000   9.6798700000e-01
    200000    20.00000000   9.3167100000e-01
    200000    22.00000000   9.0535100000e-01
    200000    24.00000000   8.8591300000e-01
    200000    26.00000000   8.7116500000e-01
    200000    28.00000000   8.5951300000e-01
    200000    30.00000000   8.4976600000e-01
    200000    32.00000000   8.4101300000e-01
    200000    34.00000000   8.3254600000e-01
    200000    36.00000000   8.2380800000e-01
    200000    38.00000000   8.1435600000e-01
    200000    40.00000000   8.0383600000e-01
    200000    42.00000000   7.9196900000e-01
    200000    44.00000000   7.7853000000e-01
    200000    46.00000000   7.6334900000e-01
    200000    48.00000000   7.4629500000e-01
    200000    50.00000000   7.2727400000e-01
    200000    52.00000000   7.0622600000e-01
    200000    54.00000000   6.8312000000e-01
    200000    56.00000000   6.5794900000e-01
    200000    58.00000000   6.3073200000e-01
    200000    60.00000000   6.0150900000e-01
    200000    62.00000000   5.7034200000e-01
    200000    64.00000000   5.3730900000e-01
    200000    66.00000000   5.0250700000e-01
    200000    68.00000000   4.6604700000e-01
    200000    70.00000000   4.2805700000e-01
    200000    72.00000000   3.8867700000e-01
    200000    74.00000000   3.4805900000e-01
    200000    76.00000000   3.0636800000e-01
    200000    78.00000000   2.6377500000e-01
    200000    80.00000000   2.2046500000e-01
    200000    82.00000000   1.7662600000e-01
    200000    84.00000000   1.3245600000e-01
    200000    86.00000000   8.8157000000e-02
    200000    88.00000000   4.3935000000e-02
    200000    90.00000000   0.0000000000e+00
    250000   -90.00000000  -0.0000000000e+00
    250000   -88.00000000  -4.3708000000e-02
    250000   -86.00000000  -8.7249000000e-02
    250000   -84.00000000  -1.3041100000e-01
    250000   -82.00000000  -1.7298500000e-01
    250000   -80.00000000  -2.1476500000e-01
    250000   -78.00000000  -2.5554900000e-01
    250000   -76.00000000  -2.9514000000e-01
    250000   -74.00000000  -3.3334800000e-01
    250000   -72.00000000  -3.6998800000e-01
    250000   -70.00000000  -4.0488600000e-01
    250000   -68.00000000  -4.3787500000e-01
    250000   -66.00000000  -4.6879900000e-01
    250000   -64.00000000  -4.9751200000e-01
    250000   -62.00000000  -5.2387800000e-01
    250000   -60.00000000  -5.4777600000e-01
    250000   -58.00000000  -5.6909600000e-01
    250000   -56.00000000  -5.8774100000e-01
    250000   -54.00000000  -6.0363000000e-01
    250000   -52.00000000  -6.1669300000e-01
    250000   -50.00000000  -6.2687900000e-01
    250000   -48.00000000  -6.3415000000e-01
    250000   -46.00000000  -6.3848400000e-01
    250000   -44.00000000  -6.3987700000e-01
    250000   -42.00000000  -6.3834100000e-01
    250000   -40.00000000  -6.3390500000e-01
    250000   -38.00000000  -6.2661700000e-01
    250000   -36.00000000  -6.1654200000e-01
    250000   -34.00000000  -6.0376500000e-01
    250000   -32.00000000  -5.8839500000e-01
    250000   -30.00000000  -5.7056000000e-01
    250000   -28.00000000  -5.5041700000e-01
    250000   -26.00000000  -5.2815200000e-01
    250000   -24.00000000  -5.0398700000e-01
    250000   -22.00000000  -4.7819300000e-01
    250000   -20.00000000  -4.5110600000e-01
    250000   -18.00000000  -4.2315500000e-01
    250000   -16.00000000  -3.9491500000e-01
    250000   -14.00000000  -3.6720400000e-01
    250000   -12.00000000  -3.4127500000e-01
    250000   -10.00000000  -3.1924100000e-01
    250000    -8.00000000  -3.0511000000e-01
    250000    -6.00000000  -2.5990800000e-01
    250000    -4.00000000   4.5845000000e-02
    250000    -2.00000000   2.9760000000e-01
    250000     0.00000000   5.1140000000e-01
    250000     2.00000000   7.2060000000e-01
    250000     4.00000000   9.1670000000e-01
    250000     6.00000000   1.1175630000e+00
    250000     8.00000000   1.2395870000e+00
    250000    10.00000000   1.0939140000e+00
    250000    12.00000000   9.6522400000e-01
    250000    14.00000000   8.9486300000e-01
    250000    16.00000000   8.4944800000e-01
    250000    18.00000000   8.2002600000e-01
    250000    20.00000000   8.0116300000e-01
    250000    22.00000000   7.8934700000e-01
    250000    24.00000000   7.8219300000e-01
    250000    26.00000000   7.7801300000e-01
    250000    28.00000000   7.7557200000e-01
    250000    30.00000000   7.7394200000e-01
    250000    32.00000000   7.7240900000e-01
    250000    34.00000000   7.7041600000e-01
    250000    36.00000000   7.6752100000e-01
    250000    38.00000000   7.6337100000e-01
    250000    40.00000000   7.5768800000e-01
    250000    42.00000000   7.5024800000e-01
    250000    44.00000000   7.4087600000e-01
    250000    46.00000000   7.2944000000e-01
    250000    48.00000000   7.1584000000e-01
    250000    50.00000000   7.0001000000e-01
    250000    52.00000000   6.8191200000e-01
    250000    54.00000000   6.6153300000e-01
    250000    56.00000000   6.3888200000e-01
    250000    58.00000000   6.1399300000e-01
    250000    60.00000000   5.8691700000e-01
    250000    62.00000000   5.5772400000e-01
    250000    64.00000000   5.2650100000e-01
    250000    66.00000000   4.9335300000e-01
    250000    68.00000000   4.5839600000e-01
    250000    70.00000000   4.2176500000e-01
    250000    72.00000000   3.8360200000e-01
    250000    74.00000000   3.4406400000e-01
    250000    76.00000000   3.0331900000e-01
    250000    78.00000000   2.6154100000e-01
    250000    80.00000000   2.1891700000e-01
    250000    82.00000000   1.7563700000e-01
    250000    84.00000000   1.3190100000e-01
    250000    86.00000000   8.7910000000e-02
    250000    88.00000000   4.3873000000e-02
    250000    90.00000000   0.0000000000e+00
     50000   -90.00000000  -0.0000000000e+00
     50000   -88.00000000  -4.3721000000e-02
     50000   -86.00000000  -8.7300000000e-02
     50000   -84.00000000  -1.3052600000e-01
     50000   -82.00000000  -1.7319000000e-01
     50000   -80.00000000  -2.1508500000e-01
     50000   -78.00000000  -2.5601100000e-01
     50000   -76.00000000  -2.9577100000e-01
     50000   -74.00000000  -3.3417400000e-01
     50000   -72.00000000  -3.7103800000e-01
     50000   -70.00000000  -4.0618700000e-01
     50000   -68.00000000  -4.3945700000e-01
     50000   -66.00000000  -4.7069200000e-01
     50000   -64.00000000  -4.9974700000e-01
     50000   -62.00000000  -5.2648800000e-01
     50000   -60.00000000  -5.5079400000e-01
     50000   -58.00000000  -5.7255800000e-01
     50000   -56.00000000  -5.9168500000e-01
     50000   -54.00000000  -6.0809400000e-01
     50000   -52.00000000  -6.2172200000e-01
     50000   -50.00000000  -6.3251700000e-01
     50000   -48.00000000  -6.4044800000e-01
     50000   -46.00000000  -6.4549700000e-01
     50000   -44.00000000  -6.4766500000e-01
     50000   -42.00000000  -6.4697000000e-01
     50000   -40.00000000  -6.4344900000e-01
     50000   -38.00000000  -6.3716100000e-01
     50000   -36.00000000  -6.2818200000e-01
     50000   -34.00000000  -6.1661400000e-01
     50000   -32.00000000  -6.0258300000e-01
     50000   -30.00000000  -5.8624200000e-01
     50000   -28.00000000  -5.6777700000e-01
     50000   -26.00000000  -5.4741600000e-01
     50000   -24.00000000  -5.2543700000e-01
     50000   -22.00000000  -5.0218300000e-01
     50000   -20.00000000  -4.7809600000e-01
     50000   -18.00000000  -4.5375400000e-01
     50000   -16.00000000  -4.2996000000e-01
     50000   -14.00000000  -4.0788800000e-01
     50000   -12.00000000  -3.8938200000e-01
     50000   -10.00000000  -3.7762800000e-01
     50000    -8.00000000  -3.7475000000e-01
     50000    -6.00000000  -4.0710000000e-01
     50000    -4.00000000  -2.9682400000e-01
     50000    -2.00000000  -5.9200000000e-02
     50000     0.00000000   1.7710000000e-01
     50000     2.00000000   4.8030000000e-01
     50000     4.00000000   7.0230000000e-01
     50000     6.00000000   8.9540000000e-01
     50000     8.00000000   1.2183540000e+00
     50000    10.00000000   1.2633060000e+00
     50000    12.00000000   1.1451070000e+00
     50000    14.00000000   1.0477890000e+00
     50000    16.00000000   9.8118100000e-01
     50000    18.00000000   9.3504800000e-01
     50000    20.00000000   9.0261700000e-01
     50000    22.00000000   8.7952600000e-01
     50000    24.00000000   8.6282300000e-01
     50000    26.00000000   8.5042700000e-01
     50000    28.00000000   8.4082600000e-01
     50000    30.00000000   8.3288600000e-01
     50000    32.00000000   8.2574000000e-01
     50000    34.00000000   8.1871500000e-01
     50000    36.00000000   8.1127700000e-01
     50000    38.00000000   8.0300600000e-01
     50000    40.00000000   7.9356300000e-01
     50000    42.00000000   7.8268100000e-01
     50000    44.00000000   7.7014800000e-01
     50000    46.00000000   7.5580000000e-01
     50000    48.00000000   7.3951500000e-01
     50000    50.00000000   7.2120500000e-01
     50000    52.00000000   7.0081300000e-01
     50000    54.00000000   6.7831400000e-01
     50000    56.00000000   6.5370400000e-01
     50000    58.00000000   6.2700600000e-01
     50000    60.00000000   5.9826100000e-01
     50000    62.00000000   5.6753300000e-01
     50000    64.00000000   5.3490300000e-01
     50000    66.00000000   5.0046900000e-01
     50000    68.00000000   4.6434400000e-01
     50000    70.00000000   4.2665600000e-01
     50000    72.00000000   3.8754700000e-01
     50000    74.00000000   3.4717000000e-01
     50000    76.00000000   3.0568900000e-01
     50000    78.00000000   2.6327800000e-01
     50000    80.00000000   2.2012000000e-01
     50000    82.00000000   1.7640600000e-01
     50000    84.00000000   1.3233200000e-01
     50000    86.00000000   8.8102000000e-02
     50000    88.00000000   4.3921000000e-02
     50000    90.00000000   0.0000000000e+00
    100000   -90.00000000  -0.0000000000e+00
    100000   -88.00000000  -4.3724000000e-02
    100000   -86.00000000  -8.7312000000e-02
    100000   -84.00000000  -1.3055300000e-01
    100000   -82.00000000  -1.7323900000e-01
    100000   -80.00000000  -2.1516200000e-01
    100000   -78.00000000  -2.5612200000e-01
    100000   -76.00000000  -2.9592200000e-01
    100000   -74.00000000  -3.3437300000e-01
    100000   -72.00000000  -3.7129000000e-01
    100000   -70.00000000  -4.0650000000e-01
    100000   -68.00000000  -4.3983800000e-01
    100000   -66.00000000  -4.7114800000e-01
    100000   -64.00000000  -5.0028500000e-01
    100000   -62.00000000  -5.2711600000e-01
    100000   -60.00000000  -5.5152000000e-01
    100000   -58.00000000  -5.7339100000e-01
    100000   -56.00000000  -5.9263300000e-01
    100000   -54.00000000  -6.0916800000e-01
    100000   -52.00000000  -6.2293200000e-01
    100000   -50.00000000  -6.3387400000e-01
    100000   -48.00000000  -6.4196400000e-01
    100000   -46.00000000  -6.4718400000e-01
    100000   -44.00000000  -6.4953800000e-01
    100000   -42.00000000  -6.4904600000e-01
    100000   -40.00000000  -6.4574600000e-01
    100000   -38.00000000  -6.3969800000e-01
    100000   -36.00000000  -6.3098300000e-01
    100000   -34.00000000  -6.1970600000e-01
    100000   -32.00000000  -6.0599700000e-01
    100000   -30.00000000  -5.9001500000e-01
    100000   -28.00000000  -5.7195400000e-01
    100000   -26.00000000  -5.5205200000e-01
    100000   -24.00000000  -5.3059800000e-01
    100000   -22.00000000  -5.0795600000e-01
    100000   -20.00000000  -4.8459000000e-01
    100000   -18.00000000  -4.6111700000e-01
    100000   -16.00000000  -4.3839300000e-01
    100000   -14.00000000  -4.1767700000e-01
    100000   -12.00000000  -4.0095800000e-01
    100000   -10.00000000  -3.9167700000e-01
    100000    -8.00000000  -3.9212200000e-01
    100000    -6.00000000  -4.1898500000e-01
    100000    -4.00000000  -2.0003400000e-01
    100000    -2.00000000   1.4100000000e-01
    100000     0.00000000   4.3460000000e-01
    100000     2.00000000   6.8560000000e-01
    100000     4.00000000   9.0390000000e-01
    100000     6.00000000   1.0953000000e+00
    100000     8.00000000   1.2557320000e+00
    100000    10.00000000   1.3193790000e+00
    100000    12.00000000   1.1838570000e+00
    100000    14.00000000   1.0877960000e+00
    100000    16.00000000   1.0156430000e+00
    100000    18.00000000   9.6513900000e-01
    100000    20.00000000   9.2915900000e-01
    100000    22.00000000   9.0311800000e-01
    100000    24.00000000   8.8391600000e-01
    100000    26.00000000   8.6937200000e-01
    100000    28.00000000   8.5789700000e-01
    100000    30.00000000   8.4830600000e-01
    100000    32.00000000   8.3969200000e-01
    100000    34.00000000   8.3135000000e-01
    100000    36.00000000   8.2272400000e-01
    100000    38.00000000   8.1337400000e-01
    100000    40.00000000   8.0294800000e-01
    100000    42.00000000   7.9116600000e-01
    100000    44.00000000   7.7780600000e-01
    100000    46.00000000   7.6269600000e-01
    100000    48.00000000   7.4570900000e-01
    100000    50.00000000   7.2674900000e-01
    100000    52.00000000   7.0575800000e-01
    100000    54.00000000   6.8270400000e-01
    100000    56.00000000   6.5758200000e-01
    100000    58.00000000   6.3041000000e-01
    100000    60.00000000   6.0122900000e-01
    100000    62.00000000   5.7009900000e-01
    100000    64.00000000   5.3710100000e-01
    100000    66.00000000   5.0233100000e-01
    100000    68.00000000   4.6590000000e-01
    100000    70.00000000   4.2793600000e-01
    100000    72.00000000   3.8857900000e-01
    100000    74.00000000   3.4798200000e-01
    100000    76.00000000   3.0630900000e-01
    100000    78.00000000   2.6373200000e-01
    100000    80.00000000   2.2043500000e-01
    100000    82.00000000   1.7660700000e-01
    100000    84.00000000   1.3244500000e-01
    100000    86.00000000   8.8152000000e-02
    100000    88.00000000   4.3933000000e-02
    100000    90.00000000   0.0000000000e+00
    150000   -90.00000000  -0.0000000000e+00
    150000   -88.00000000  -4.3719000000e-02
    150000   -86.00000000  -8.7293000000e-02
    150000   -84.00000000  -1.3051200000e-01
    150000   -82.00000000  -1.7316500000e-01
    150000   -80.00000000  -2.1504600000e-01
    150000   -78.00000000  -2.5595500000e-01
    150000   -76.00000000  -2.9569300000e-01
    150000   -74.00000000  -3.3407200000e-01
    150000   -72.00000000  -3.7090900000e-01
    150000   -70.00000000  -4.0602800000e-01
    150000   -68.00000000  -4.3926300000e-01
    150000   -66.00000000  -4.7046000000e-01
    150000   -64.00000000  -4.9947300000e-01
    150000   -62.00000000  -5.2616800000e-01
    150000   -60.00000000  -5.5042400000e-01
    150000   -58.00000000  -5.7213300000e-01
    150000   -56.00000000  -5.9120100000e-01
    150000   -54.00000000  -6.0754600000e-01
    150000   -52.00000000  -6.2110500000e-01
    150000   -50.00000000  -6.3182600000e-01
    150000   -48.00000000  -6.3967500000e-01
    150000   -46.00000000  -6.4463700000e-01
    150000   -44.00000000  -6.4670900000e-01
    150000   -42.00000000  -6.4591100000e-01
    150000   -40.00000000  -6.4227800000e-01
    150000   -38.00000000  -6.3586700000e-01
    150000   -36.00000000  -6.2675400000e-01
    150000   -34.00000000  -6.1503800000e-01
    150000   -32.00000000  -6.0084200000e-01
    150000   -30.00000000  -5.8431700000e-01
    150000   -28.00000000  -5.6564700000e-01
    150000   -26.00000000  -5.4505300000e-01
    150000   -24.00000000  -5.2280500000e-01
    150000   -22.00000000  -4.9924000000e-01
    150000   -20.00000000  -4.7478400000e-01
    150000   -18.00000000  -4.5000000000e-01
    150000   -16.00000000  -4.2566100000e-01
    150000   -14.00000000  -4.0289600000e-01
    150000   -12.00000000  -3.8348000000e-01
    150000   -10.00000000  -3.6927600000e-01
    150000    -8.00000000  -3.6790200000e-01
    150000    -6.00000000  -3.6082200000e-01
    150000    -4.00000000  -5.9600000000e-02
    150000    -2.00000000   2.3280000000e-01
    150000     0.00000000   4.8900000000e-01
    150000     2.00000000   7.0420000000e-01
    150000     4.00000000   9.0660000000e-01
    150000     6.00000000   1.0929000000e+00
    150000     8.00000000   1.1848530000e+00
    150000    10.00000000   1.3113510000e+00
    150000    12.00000000   1.2206950000e+00
    150000    14.00000000   1.0957630000e+00
    150000    16.00000000   1.0225070000e+00
    150000    18.00000000   9.7113100000e-01
    150000    20.00000000   9.3444500000e-01
    150000    22.00000000   9.0781600000e-01
    150000    24.00000000   8.8811700000e-01
    150000    26.00000000   8.7314500000e-01
    150000    28.00000000   8.6129700000e-01
    150000    30.00000000   8.5137700000e-01
    150000    32.00000000   8.4247100000e-01
    150000    34.00000000   8.3386600000e-01
    150000    36.00000000   8.2500400000e-01
    150000    38.00000000   8.1543900000e-01
    150000    40.00000000   8.0481700000e-01
    150000    42.00000000   7.9285500000e-01
    150000    44.00000000   7.7933100000e-01
    150000    46.00000000   7.6407000000e-01
    150000    48.00000000   7.4694200000e-01
    150000    50.00000000   7.2785400000e-01
    150000    52.00000000   7.0674300000e-01
    150000    54.00000000   6.8357800000e-01
    150000    56.00000000   6.5835400000e-01
    150000    58.00000000   6.3108800000e-01
    150000    60.00000000   6.0182000000e-01
    150000    62.00000000   5.7061000000e-01
    150000    64.00000000   5.3753900000e-01
    150000    66.00000000   5.0270100000e-01
    150000    68.00000000   4.6621000000e-01
    150000    70.00000000   4.2819100000e-01
    150000    72.00000000   3.8878500000e-01
    150000    74.00000000   3.4814400000e-01
    150000    76.00000000   3.0643200000e-01
    150000    78.00000000   2.6382300000e-01
    150000    80.00000000   2.2049800000e-01
    150000    82.00000000   1.7664700000e-01
    150000    84.00000000   1.3246800000e-01
    150000    86.00000000   8.8162000000e-02
    150000    88.00000000   4.3936000000e-02
    150000    90.00000000   0.0000000000e+00
    200000   -90.00000000  -0.0000000000e+00
    200000   -88.00000000  -4.3717000000e-02
    200000   -86.00000000  -8.7285000000e-02
    200000   -84.00000000  -1.3049300000e-01
    200000   -82.00000000  -1.7313100000e-01
    200000   -80.00000000  -2.1499300000e-01
    200000   -78.00000000  -2.5587800000e-01
    200000   -76.00000000  -2.9558900000e-01
    200000   -74.00000000  -3.3393600000e-01
    200000   -72.00000000  -3.7073600000e-01
    200000   -70.00000000  -4.0581300000e-01
    200000   -68.00000000  -4.3900200000e-01
    200000   -66.00000000  -4.7014800000e-01
    200000   -64.00000000  -4.9910400000e-01
    200000   -62.00000000  -5.2573700000e-01
    200000   -60.00000000  -5.4992600000e-01
    200000   -58.00000000  -5.7156200000e-01
    200000   -56.00000000  -5.9055100000e-01
    200000   -54.00000000  -6.0681000000e-01
    200000   -52.00000000  -6.2027500000e-01
    200000   -50.00000000  -6.3089600000e-01
    200000   -48.00000000  -6.3863700000e-01
    200000   -46.00000000  -6.4348000000e-01
    200000   -44.00000000  -6.4542500000e-01
    200000   -42.00000000  -6.4448800000e-01
    200000   -40.00000000  -6.4070500000e-01
    200000   -38.00000000  -6.3412900000e-01
    200000   -36.00000000  -6.2483500000e-01
    200000   -34.00000000  -6.1291900000e-01
    200000   -32.00000000  -5.9850300000e-01
    200000   -30.00000000  -5.8173200000e-01
    200000   -28.00000000  -5.6278500000e-01
    200000   -26.00000000  -5.4187600000e-01
    200000   -24.00000000  -5.1926800000e-01
    200000   -22.00000000  -4.9528400000e-01
    200000   -20.00000000  -4.7033400000e-01
    200000   -18.00000000  -4.4495400000e-01
    200000   -16.00000000  -4.1988200000e-01
    200000   -14.00000000  -3.9618800000e-01
    200000   -12.00000000  -3.7554700000e-01
    200000   -10.00000000  -3.6083700000e-01
    200000    -8.00000000  -3.5779300000e-01
    200000    -6.00000000  -3.2201500000e-01
    200000    -4.00000000   4.5270000000e-03
    200000    -2.00000000   2.7190000000e-01
    200000     0.00000000   4.9760000000e-01
    200000     2.00000000   7.0660000000e-01
    200000     4.00000000   9.0180000000e-01
    200000     6.00000000   1.0889000000e+00
    200000     8.00000000   1.2251300000e+00
    200000    10.00000000   1.2258100000e+00
    200000    12.00000000   1.0871330000e+00
    200000    14.00000000   9.9222600000e-01
    200000    16.00000000   9.3331800000e-01
    200000    18.00000000   8.9325700000e-01
    200000    20.00000000   8.6575600000e-01
    200000    22.00000000   8.4676100000e-01
    200000    24.00000000   8.3352700000e-01
    200000    26.00000000   8.2411700000e-01
    200000    28.00000000   8.1711700000e-01
    200000    30.00000000   8.1147000000e-01
    200000    32.00000000   8.0636300000e-01
    200000    34.00000000   8.0116600000e-01
    200000    36.00000000   7.9537900000e-01
    200000    38.00000000   7.8860500000e-01
    200000    40.00000000   7.8052900000e-01
    200000    42.00000000   7.7089700000e-01
    200000    44.00000000   7.5951300000e-01
    200000    46.00000000   7.4622300000e-01
    200000    48.00000000   7.3091300000e-01
    200000    50.00000000   7.1350400000e-01
    200000    52.00000000   6.9394600000e-01
    200000    54.00000000   6.7221700000e-01
    200000    56.00000000   6.4831900000e-01
    200000    58.00000000   6.2227800000e-01
    200000    60.00000000   5.9413900000e-01
    200000    62.00000000   5.6396900000e-01
    200000    64.00000000   5.3185100000e-01
    200000    66.00000000   4.9788300000e-01
    200000    68.00000000   4.6218300000e-01
    200000    70.00000000   4.2487900000e-01
    200000    72.00000000   3.8611400000e-01
    200000    74.00000000   3.4604100000e-01
    200000    76.00000000   3.0482800000e-01
    200000    78.00000000   2.6264700000e-01
    200000    80.00000000   2.1968300000e-01
    200000    82.00000000   1.7612700000e-01
    200000    84.00000000   1.3217500000e-01
    200000    86.00000000   8.8032000000e-02
    200000    88.00000000   4.3904000000e-02
    200000    90.00000000   0.0000000000e+00
    250000   -90.00000000  -0.0000000000e+00
    250000   -88.00000000  -4.3719000000e-02
    250000   -86.00000000  -8.7293000000e-02
    250000   -84.00000000  -1.3051200000e-01
    250000   -82.00000000  -1.7316500000e-01
    250000   -80.00000000  -2.1504600000e-01
    250000   -78.00000000  -2.5595500000e-01
    250000   -76.00000000  -2.9569300000e-01
    250000   -74.00000000  -3.3407300000e-01
    250000   -72.00000000  -3.7090900000e-01
    250000   -70.00000000  -4.0602800000e-01
    250000   -68.00000000  -4.3926400000e-01
    250000   -66.00000000  -4.7046000000e-01
    250000   -64.00000000  -4.9947300000e-01
    250000   -62.00000000  -5.2616800000e-01
    250000   -60.00000000  -5.5042400000e-01
    250000   -58.00000000  -5.7213400000e-01
    250000   -56.00000000  -5.9120100000e-01
    250000   -54.00000000  -6.0754700000e-01
    250000   -52.00000000  -6.2110500000e-01
    250000   -50.00000000  -6.3182600000e-01
    250000   -48.00000000  -6.3967600000e-01
    250000   -46.00000000  -6.4463800000e-01
    250000   -44.00000000  -6.4671000000e-01
    250000   -42.00000000  -6.4591200000e-01
    250000   -40.00000000  -6.4228000000e-01
    250000   -38.00000000  -6.3586900000e-01
    250000   -36.00000000  -6.2675600000e-01
    250000   -34.00000000  -6.1504000000e-01
    250000   -32.00000000  -6.0084400000e-01
    250000   -30.00000000  -5.8432000000e-01
    250000   -28.00000000  -5.6565000000e-01
    250000   -26.00000000  -5.4505600000e-01
    250000   -24.00000000  -5.2280800000e-01
    250000   -22.00000000  -4.9924300000e-01
    250000   -20.00000000  -4.7478800000e-01
    250000   -18.00000000  -4.5000400000e-01
    250000   -16.00000000  -4.2566600000e-01
    250000   -14.00000000  -4.0290200000e-01
    250000   -12.00000000  -3.8348600000e-01
    250000   -10.00000000  -3.7047300000e-01
    250000    -8.00000000  -3.7183500000e-01
    250000    -6.00000000  -2.8775300000e-01
    250000    -4.00000000   3.8600000000e-02
    250000    -2.00000000   2.8600000000e-01
    250000     0.00000000   4.9830000000e-01
    250000     2.00000000   7.0420000000e-01
    250000     4.00000000   9.0070000000e-01
    250000     6.00000000   1.0796000000e+00
    250000     8.00000000   1.2300110000e+00
    250000    10.00000000   1.1533630000e+00
    250000    12.00000000   1.0101340000e+00
    250000    14.00000000   9.3284200000e-01
    250000    16.00000000   8.8216300000e-01
    250000    18.00000000   8.4859200000e-01
    250000    20.00000000   8.2635900000e-01
    250000    22.00000000   8.1174300000e-01
    250000    24.00000000   8.0221700000e-01
    250000    26.00000000   7.9599700000e-01
    250000    28.00000000   7.9177700000e-01
    250000    30.00000000   7.8858000000e-01
    250000    32.00000000   7.8565400000e-01
    250000    34.00000000   7.8241100000e-01
    250000    36.00000000   7.7838700000e-01
    250000    38.00000000   7.7321500000e-01
    250000    40.00000000   7.6659800000e-01
    250000    42.00000000   7.5830300000e-01
    250000    44.00000000   7.4814600000e-01
    250000    46.00000000   7.3598600000e-01
    250000    48.00000000   7.2171900000e-01
    250000    50.00000000   7.0527300000e-01
    250000    52.00000000   6.8660600000e-01
    250000    54.00000000   6.6570000000e-01
    250000    56.00000000   6.4256300000e-01
    250000    58.00000000   6.1722500000e-01
    250000    60.00000000   5.8973400000e-01
    250000    62.00000000   5.6016000000e-01
    250000    64.00000000   5.2858800000e-01
    250000    66.00000000   4.9512000000e-01
    250000    68.00000000   4.5987400000e-01
    250000    70.00000000   4.2297900000e-01
    250000    72.00000000   3.8458200000e-01
    250000    74.00000000   3.4483500000e-01
    250000    76.00000000   3.0390700000e-01
    250000    78.00000000   2.6197300000e-01
    250000    80.00000000   2.1921600000e-01
    250000    82.00000000   1.7582800000e-01
    250000    84.00000000   1.3200800000e-01
    250000    86.00000000   8.7958000000e-02
    250000    88.00000000   4.3885000000e-02
    250000    90.00000000   0.0000000000e+00
     50000   -90.00000000  -0.0000000000e+00
     50000   -88.00000000  -4.3711000000e-02
     50000   -86.00000000  -8.7263000000e-02
     50000   -84.00000000  -1.3044400000e-01
     50000   -82.00000000  -1.7304400000e-01
     50000   -80.00000000  -2.1485700000e-01
     50000   -78.00000000  -2.5568200000e-01
     50000   -76.00000000  -2.9532100000e-01
     50000   -74.00000000  -3.3358400000e-01
     50000   -72.00000000  -3.7028800000e-01
     50000   -70.00000000  -4.0525900000e-01
     50000   -68.00000000  -4.3832800000e-01
     50000   -66.00000000  -4.6934100000e-01
     50000   -64.00000000  -4.9815200000e-01
     50000   -62.00000000  -5.2462500000e-01
     50000   -60.00000000  -5.4864000000e-01
     50000   -58.00000000  -5.7008700000e-01
     50000   -56.00000000  -5.8887000000e-01
     50000   -54.00000000  -6.0490800000e-01
     50000   -52.00000000  -6.1813300000e-01
     50000   -50.00000000  -6.2849300000e-01
     50000   -48.00000000  -6.3595300000e-01
     50000   -46.00000000  -6.4049200000e-01
     50000   -44.00000000  -6.4210700000e-01
     50000   -42.00000000  -6.4081200000e-01
     50000   -40.00000000  -6.3663800000e-01
     50000   -38.00000000  -6.2963600000e-01
     50000   -36.00000000  -6.1987400000e-01
     50000   -34.00000000  -6.0744400000e-01
     50000   -32.00000000  -5.9245700000e-01
     50000   -30.00000000  -5.7505000000e-01
     50000   -28.00000000  -5.5538800000e-01
     50000   -26.00000000  -5.3366700000e-01
     50000   -24.00000000  -5.1012800000e-01
     50000   -22.00000000  -4.8506200000e-01
     50000   -20.00000000  -4.5883300000e-01
     50000   -18.00000000  -4.3191600000e-01
     50000   -16.00000000  -4.0494900000e-01
     50000   -14.00000000  -3.7885200000e-01
     50000   -12.00000000  -3.5504800000e-01
     50000   -10.00000000  -3.3595800000e-01
     50000    -8.00000000  -3.2623900000e-01
     50000    -6.00000000  -3.4991500000e-01
     50000    -4.00000000  -3.1093700000e-01
     50000    -2.00000000  -6.2200000000e-02
     50000     0.00000000   1.7610000000e-01
     50000     2.00000000   4.7270000000e-01
     50000     4.00000000   6.9630000000e-01
     50000     6.00000000   8.9000000000e-01
     50000     8.00000000   1.2378010000e+00
     50000    10.00000000   1.2545690000e+00
     50000    12.00000000   1.1071530000e+00
     50000    14.00000000   1.0174660000e+00
     50000    16.00000000   9.5506000000e-01
     50000    18.00000000   9.1224100000e-01
     50000    20.00000000   8.8250100000e-01
     50000    22.00000000   8.6164600000e-01
     50000    24.00000000   8.4683500000e-01
     50000    26.00000000   8.3606900000e-01
     50000    28.00000000   8.2788700000e-01
     50000    30.00000000   8.2119800000e-01
     50000    32.00000000   8.1516600000e-01
     50000    34.00000000   8.0913800000e-01
     50000    36.00000000   8.0260100000e-01
     50000    38.00000000   7.9514700000e-01
     50000    40.00000000   7.8645000000e-01
     50000    42.00000000   7.7625000000e-01
     50000    44.00000000   7.6434400000e-01
     50000    46.00000000   7.5057300000e-01
     50000    48.00000000   7.3482100000e-01
     50000    50.00000000   7.1700200000e-01
     50000    52.00000000   6.9706600000e-01
     50000    54.00000000   6.7498600000e-01
     50000    56.00000000   6.5076500000e-01
     50000    58.00000000   6.2442500000e-01
     50000    60.00000000   5.9601200000e-01
     50000    62.00000000   5.6558800000e-01
     50000    64.00000000   5.3323700000e-01
     50000    66.00000000   4.9905800000e-01
     50000    68.00000000   4.6316500000e-01
     50000    70.00000000   4.2568600000e-01
     50000    72.00000000   3.8676500000e-01
     50000    74.00000000   3.4655400000e-01
     50000    76.00000000   3.0521900000e-01
     50000    78.00000000   2.6293400000e-01
     50000    80.00000000   2.1988200000e-01
     50000    82.00000000   1.7625300000e-01
     50000    84.00000000   1.3224700000e-01
     50000    86.00000000   8.8064000000e-02
     50000    88.00000000   4.3911000000e-02
     50000    90.00000000   0.0000000000e+00
    100000   -90.00000000  -0.0000000000e+00
    100000   -88.00000000  -4.3721000000e-02
    100000   -86.00000000  -8.7300000000e-02
    100000   -84.00000000  -1.3052700000e-01
    100000   -82.00000000  -1.7319200000e-01
    100000   -80.00000000  -2.1508900000e-01
    100000   -78.00000000  -2.5601600000e-01
    100000   -76.00000000  -2.9577800000e-01
    100000   -74.00000000  -3.3418300000e-01
    100000   -72.00000000  -3.7104900000e-01
    100000   -70.00000000  -4.0620200000e-01
    100000   -68.00000000  -4.3947500000e-01
    100000   -66.00000000  -4.7071300000e-01
    100000   -64.00000000  -4.9977200000e-01
    100000   -62.00000000  -5.2651700000e-01
    100000   -60.00000000  -5.5082800000e-01
    100000   -58.00000000  -5.7259600000e-01
    100000   -56.00000000  -5.9172800000e-01
    100000   -54.00000000  -6.0814400000e-01
    100000   -52.00000000  -6.2177700000e-01
    100000   -50.00000000  -6.3258000000e-01
    100000   -48.00000000  -6.4051800000e-01
    100000   -46.00000000  -6.4557500000e-01
    100000   -44.00000000  -6.4775100000e-01
    100000   -42.00000000  -6.4706600000e-01
    100000   -40.00000000  -6.4355500000e-01
    100000   -38.00000000  -6.3727800000e-01
    100000   -36.00000000  -6.2831200000e-01
    100000   -34.00000000  -6.1675700000e-01
    100000   -32.00000000  -6.0274100000e-01
    100000   -30.00000000  -5.8641600000e-01
    100000   -28.00000000  -5.6797000000e-01
    100000   -26.00000000  -5.4763100000e-01
    100000   -24.00000000  -5.2567500000e-01
    100000   -22.00000000  -5.0245000000e-01
    100000   -20.00000000  -4.7839600000e-01
    100000   -18.00000000  -4.5409500000e-01
    100000   -16.00000000  -4.3035000000e-01
    100000   -14.00000000  -4.0834000000e-01
    100000   -12.00000000  -3.8991700000e-01
    100000   -10.00000000  -3.7827700000e-01
    100000    -8.00000000  -3.7732300000e-01
    100000    -6.00000000  -4.0820000000e-01
    100000    -4.00000000  -2.1879800000e-01
    100000    -2.00000000   1.3480000000e-01
    100000     0.00000000   4.2930000000e-01
    100000     2.00000000   6.7490000000e-01
    100000     4.00000000   8.8960000000e-01
    100000     6.00000000   1.0801000000e+00
    100000     8.00000000   1.2283890000e+00
    100000    10.00000000   1.2799650000e+00
    100000    12.00000000   1.1573950000e+00
    100000    14.00000000   1.0584250000e+00
    100000    16.00000000   9.9034300000e-01
    100000    18.00000000   9.4304800000e-01
    100000    20.00000000   9.0967400000e-01
    100000    22.00000000   8.8579900000e-01
    100000    24.00000000   8.6843100000e-01
    100000    26.00000000   8.5546400000e-01
    100000    28.00000000   8.4536500000e-01
    100000    30.00000000   8.3698600000e-01
    100000    32.00000000   8.2945000000e-01
    100000    34.00000000   8.2207400000e-01
    100000    36.00000000   8.1432100000e-01
    100000    38.00000000   8.0576200000e-01
    100000    40.00000000   7.9605800000e-01
    100000    42.00000000   7.8493700000e-01
    100000    44.00000000   7.7218400000e-01
    100000    46.00000000   7.5763400000e-01
    100000    48.00000000   7.4116200000e-01
    100000    50.00000000   7.2267900000e-01
    100000    52.00000000   7.0212800000e-01
    100000    54.00000000   6.7948100000e-01
    100000    56.00000000   6.5473500000e-01
    100000    58.00000000   6.2791100000e-01
    100000    60.00000000   5.9905000000e-01
    100000    62.00000000   5.6821500000e-01
    100000    64.00000000   5.3548800000e-01
    100000    66.00000000   5.0096400000e-01
    100000    68.00000000   4.6475800000e-01
    100000    70.00000000   4.2699700000e-01
    100000    72.00000000   3.8782200000e-01
    100000    74.00000000   3.4738600000e-01
    100000    76.00000000   3.0585400000e-01
    100000    78.00000000   2.6339900000e-01
    100000    80.00000000   2.2020400000e-01
    100000    82.00000000   1.7645900000e-01
    100000    84.00000000   1.3236200000e-01
    100000    86.00000000   8.8115000000e-02
    100000    88.00000000   4.3924000000e-02
    100000    90.00000000   0.0000000000e+00
    150000   -90.00000000  -0.0000000000e+00
    150000   -88.00000000  -4.3717000000e-02
    150000   -86.00000000  -8.7287000000e-02
    150000   -84.00000000  -1.3049700000e-01
    150000   -82.00000000  -1.7313800000e-01
    150000   -80.00000000  -2.1500400000e-01
    150000   -78.00000000  -2.5589400000e-01
    150000   -76.00000000  -2.9561100000e-01
    150000   -74.00000000  -3.3396400000e-01
    150000   -72.00000000  -3.7077100000e-01
    150000   -70.00000000  -4.0585700000e-01
    150000   -68.00000000  -4.3905600000e-01
    150000   -66.00000000  -4.7021200000e-01
    150000   -64.00000000  -4.9918000000e-01
    150000   -62.00000000  -5.2582600000e-01
    150000   -60.00000000  -5.5002800000e-01
    150000   -58.00000000  -5.7167900000e-01
    150000   -56.00000000  -5.9068400000e-01
    150000   -54.00000000  -6.0696100000e-01
    150000   -52.00000000  -6.2044500000e-01
    150000   -50.00000000  -6.3108600000e-01
    150000   -48.00000000  -6.3885000000e-01
    150000   -46.00000000  -6.4371700000e-01
    150000   -44.00000000  -6.4568800000e-01
    150000   -42.00000000  -6.4478000000e-01
    150000   -40.00000000  -6.4102700000e-01
    150000   -38.00000000  -6.3448500000e-01
    150000   -36.00000000  -6.2522800000e-01
    150000   -34.00000000  -6.1335300000e-01
    150000   -32.00000000  -5.9898200000e-01
    150000   -30.00000000  -5.8226200000e-01
    150000   -28.00000000  -5.6337100000e-01
    150000   -26.00000000  -5.4252700000e-01
    150000   -24.00000000  -5.1999300000e-01
    150000   -22.00000000  -4.9609500000e-01
    150000   -20.00000000  -4.7124600000e-01
    150000   -18.00000000  -4.4598800000e-01
    150000   -16.00000000  -4.2106600000e-01
    150000   -14.00000000  -3.9756300000e-01
    150000   -12.00000000  -3.7717300000e-01
    150000   -10.00000000  -3.6262100000e-01
    150000    -8.00000000  -3.5520600000e-01
    150000    -6.00000000  -3.6198000000e-01
    150000    -4.00000000  -6.6300000000e-02
    150000    -2.00000000   2.2850000000e-01
    150000     0.00000000   4.7720000000e-01
    150000     2.00000000   6.9160000000e-01
    150000     4.00000000   8.8860000000e-01
    150000     6.00000000   1.1145270000e+00
    150000     8.00000000   1.2456000000e+00
    150000    10.00000000   1.0714600000e+00
    150000    12.00000000   9.5548300000e-01
    150000    14.00000000   8.8662500000e-01
    150000    16.00000000   8.4235100000e-01
    150000    18.00000000   8.1383000000e-01
    150000    20.00000000   7.9569800000e-01
    150000    22.00000000   7.8448900000e-01
    150000    24.00000000   7.7784900000e-01
    150000    26.00000000   7.7411200000e-01
    150000    28.00000000   7.7205600000e-01
    150000    30.00000000   7.7076600000e-01
    150000    32.00000000   7.6953600000e-01
    150000    34.00000000   7.6781400000e-01
    150000    36.00000000   7.6516300000e-01
    150000    38.00000000   7.6123600000e-01
    150000    40.00000000   7.5575600000e-01
    150000    42.00000000   7.4850100000e-01
    150000    44.00000000   7.3929900000e-01
    150000    46.00000000   7.2801900000e-01
    150000    48.00000000   7.1456400000e-01
    150000    50.00000000   6.9886800000e-01
    150000    52.00000000   6.8089300000e-01
    150000    54.00000000   6.6062800000e-01
    150000    56.00000000   6.3808400000e-01
    150000    58.00000000   6.1329200000e-01
    150000    60.00000000   5.8630600000e-01
    150000    62.00000000   5.5719600000e-01
    150000    64.00000000   5.2604900000e-01
    150000    66.00000000   4.9296900000e-01
    150000    68.00000000   4.5807600000e-01
    150000    70.00000000   4.2150100000e-01
    150000    72.00000000   3.8338900000e-01
    150000    74.00000000   3.4389700000e-01
    150000    76.00000000   3.0319100000e-01
    150000    78.00000000   2.6144800000e-01
    150000    80.00000000   2.1885200000e-01
    150000    82.00000000   1.7559600000e-01
    150000    84.00000000   1.3187700000e-01
    150000    86.00000000   8.7900000000e-02
    150000    88.00000000   4.3870000000e-02
    150000    90.00000000   0.0000000000e+00
    200000   -90.00000000  -0.0000000000e+00
    200000   -88.00000000  -4.3715000000e-02
    200000   -86.00000000  -8.7279000000e-02
    200000   -84.00000000  -1.3047900000e-01
    200000   -82.00000000  -1.7310600000e-01
    200000   -80.00000000  -2.1495400000e-01
    200000   -78.00000000  -2.5582200000e-01
    200000   -76.00000000  -2.9551200000e-01
    200000   -74.00000000  -3.3383500000e-01
    200000   -72.00000000  -3.7060700000e-01
    200000   -70.00000000  -4.0565400000e-01
    200000   -68.00000000  -4.3880900000e-01
    200000   -66.00000000  -4.6991600000e-01
    200000   -64.00000000  -4.9883100000e-01
    200000   -62.00000000  -5.2541800000e-01
    200000   -60.00000000  -5.4955800000e-01
    200000   -58.00000000  -5.7113900000e-01
    200000   -56.00000000  -5.9006900000e-01
    200000   -54.00000000  -6.0626500000e-01
    200000   -52.00000000  -6.1966100000e-01
    200000   -50.00000000  -6.3020700000e-01
    200000   -48.00000000  -6.3786700000e-01
    200000   -46.00000000  -6.4262300000e-01
    200000   -44.00000000  -6.4447300000e-01
    200000   -42.00000000  -6.4343400000e-01
    200000   -40.00000000  -6.3953800000e-01
    200000   -38.00000000  -6.3284000000e-01
    200000   -36.00000000  -6.2341200000e-01
    200000   -34.00000000  -6.1134900000e-01
    200000   -32.00000000  -5.9676900000e-01
    200000   -30.00000000  -5.7981500000e-01
    200000   -28.00000000  -5.6066300000e-01
    200000   -26.00000000  -5.3952200000e-01
    200000   -24.00000000  -5.1664600000e-01
    200000   -22.00000000  -4.9235200000e-01
    200000   -20.00000000  -4.6703500000e-01
    200000   -18.00000000  -4.4121400000e-01
    200000   -16.00000000  -4.1559900000e-01
    200000   -14.00000000  -3.9121500000e-01
    200000   -12.00000000  -3.6966700000e-01
    200000   -10.00000000  -3.5213800000e-01
    200000    -8.00000000  -3.4767300000e-01
    200000    -6.00000000  -3.0503500000e-01
    200000    -4.00000000   4.0000000000e-03
    200000    -2.00000000   2.5900000000e-01
    200000     0.00000000   4.8430000000e-01
    200000     2.00000000   6.9100000000e-01
    200000     4.00000000   8.8620000000e-01
    200000     6.00000000   1.0714000000e+00
    200000     8.00000000   1.2222700000e+00
    200000    10.00000000   1.3145300000e+00
    200000    12.00000000   1.1962670000e+00
    200000    14.00000000   1.0775690000e+00
    200000    16.00000000   1.0068340000e+00
    200000    18.00000000   9.5744700000e-01
    200000    20.00000000   9.2237400000e-01
    200000    22.00000000   8.9708700000e-01
    200000    24.00000000   8.7852400000e-01
    200000    26.00000000   8.6452900000e-01
    200000    28.00000000   8.5353300000e-01
    200000    30.00000000   8.4436400000e-01
    200000    32.00000000   8.3612600000e-01
    200000    34.00000000   8.2812000000e-01
    200000    36.00000000   8.1979800000e-01
    200000    38.00000000   8.1072400000e-01
    200000    40.00000000   8.0054900000e-01
    200000    42.00000000   7.8899700000e-01
    200000    44.00000000   7.7584800000e-01
    200000    46.00000000   7.6093400000e-01
    200000    48.00000000   7.4412500000e-01
    200000    50.00000000   7.2533200000e-01
    200000    52.00000000   7.0449400000e-01
    200000    54.00000000   6.8158200000e-01
    200000    56.00000000   6.5659000000e-01
    200000    58.00000000   6.2953900000e-01
    200000    60.00000000   6.0047000000e-01
    200000    62.00000000   5.6944300000e-01
    200000    64.00000000   5.3653900000e-01
    200000    66.00000000   5.0185500000e-01
    200000    68.00000000   4.6550200000e-01
    200000    70.00000000   4.2760900000e-01
    200000    72.00000000   3.8831600000e-01
    200000    74.00000000   3.4777500000e-01
    200000    76.00000000   3.0615000000e-01
    200000    78.00000000   2.6361600000e-01
    200000    80.00000000   2.2035400000e-01
    200000    82.00000000   1.7655600000e-01
    200000    84.00000000   1.3241600000e-01
    200000    86.00000000   8.8139000000e-02
    200000    88.00000000   4.3930000000e-02
    200000    90.00000000   0.0000000000e+00
    250000   -90.00000000  -0.0000000000e+00
    250000   -88.00000000  -4.3715000000e-02
    250000   -86.00000000  -8.7279000000e-02
    250000   -84.00000000  -1.3047800000e-01
    250000   -82.00000000  -1.7310500000e-01
    250000   -80.00000000  -2.1495300000e-01
    250000   -78.00000000  -2.5582000000e-01
    250000   -76.00000000  -2.9551000000e-01
    250000   -74.00000000  -3.3383200000e-01
    250000   -72.00000000  -3.7060400000e-01
    250000   -70.00000000  -4.0564900000e-01
    250000   -68.00000000  -4.3880400000e-01
    250000   -66.00000000  -4.6991000000e-01
    250000   -64.00000000  -4.9882300000e-01
    250000   -62.00000000  -5.2540900000e-01
    250000   -60.00000000  -5.4954700000e-01
    250000   -58.00000000  -5.7112700000e-01
    250000   -56.00000000  -5.9005500000e-01
    250000   -54.00000000  -6.0624900000e-01
    250000   -52.00000000  -6.1964300000e-01
    250000   -50.00000000  -6.3018700000e-01
    250000   -48.00000000  -6.3784500000e-01
    250000   -46.00000000  -6.4259900000e-01
    250000   -44.00000000  -6.4444600000e-01
    250000   -42.00000000  -6.4340400000e-01
    250000   -40.00000000  -6.3950500000e-01
    250000   -38.00000000  -6.3280300000e-01
    250000   -36.00000000  -6.2337200000e-01
    250000   -34.00000000  -6.1130400000e-01
    250000   -32.00000000  -5.9672000000e-01
    250000   -30.00000000  -5.7976100000e-01
    250000   -28.00000000  -5.6060300000e-01
    250000   -26.00000000  -5.3945500000e-01
    250000   -24.00000000  -5.1657200000e-01
    250000   -22.00000000  -4.9226900000e-01
    250000   -20.00000000  -4.6694200000e-01
    250000   -18.00000000  -4.4110900000e-01
    250000   -16.00000000  -4.1547800000e-01
    250000   -14.00000000  -3.9107500000e-01
    250000   -12.00000000  -3.6950100000e-01
    250000   -10.00000000  -3.5334400000e-01
    250000    -8.00000000  -3.4637500000e-01
    250000    -6.00000000  -2.7214500000e-01
    250000    -4.00000000   3.3200000000e-02
    250000    -2.00000000   2.6640000000e-01
    250000     0.00000000   4.9350000000e-01
    250000     2.00000000   6.8810000000e-01
    250000     4.00000000   8.8490000000e-01
    250000     6.00000000   1.1059050000e+00
    250000     8.00000000   1.1683380000e+00
    250000    10.00000000   1.0020700000e+00
    250000    12.00000000   8.9716400000e-01
    250000    14.00000000   8.3730600000e-01
    250000    16.00000000   7.9986800000e-01
    250000    18.00000000   7.7673600000e-01
    250000    20.00000000   7.6297900000e-01
    250000    22.00000000   7.5540700000e-01
    250000    24.00000000   7.5184600000e-01
    250000    26.00000000   7.5075800000e-01
    250000    28.00000000   7.5101200000e-01
    250000    30.00000000   7.5175700000e-01
    250000    32.00000000   7.5233700000e-01
    250000    34.00000000   7.5223800000e-01
    250000    36.00000000   7.5105200000e-01
    250000    38.00000000   7.4845400000e-01
    250000    40.00000000   7.4418600000e-01
    250000    42.00000000   7.3804100000e-01
    250000    44.00000000   7.2985900000e-01
    250000    46.00000000   7.1951800000e-01
    250000    48.00000000   7.0692900000e-01
    250000    50.00000000   6.9203300000e-01
    250000    52.00000000   6.7479800000e-01
    250000    54.00000000   6.5521700000e-01
    250000    56.00000000   6.3330400000e-01
    250000    58.00000000   6.0909600000e-01
    250000    60.00000000   5.8264800000e-01
    250000    62.00000000   5.5403200000e-01
    250000    64.00000000   5.2333900000e-01
    250000    66.00000000   4.9067400000e-01
    250000    68.00000000   4.5615800000e-01
    250000    70.00000000   4.1992300000e-01
    250000    72.00000000   3.8211700000e-01
    250000    74.00000000   3.4289500000e-01
    250000    76.00000000   3.0242600000e-01
    250000    78.00000000   2.6088800000e-01
    250000    80.00000000   2.1846400000e-01
    250000    82.00000000   1.7534800000e-01
    250000    84.00000000   1.3173800000e-01
    250000    86.00000000   8.7838000000e-02
    250000    88.00000000   4.3855000000e-02
    250000    90.00000000   0.0000000000e+00
     50000   -90.00000000  -0.0000000000e+00
     50000   -88.00000000  -4.3713000000e-02
     50000   -86.00000000  -8.7269000000e-02
     50000   -84.00000000  -1.3045800000e-01
     50000   -82.00000000  -1.7306900000e-01
     50000   -80.00000000  -2.1489600000e-01
     50000   -78.00000000  -2.5573700000e-01
     50000   -76.00000000  -2.9539700000e-01
     50000   -74.00000000  -3.3368400000e-01
     50000   -72.00000000  -3.7041500000e-01
     50000   -70.00000000  -4.0541600000e-01
     50000   -68.00000000  -4.3852000000e-01
     50000   -66.00000000  -4.6957000000e-01
     50000   -64.00000000  -4.9842200000e-01
     50000   -62.00000000  -5.2494100000e-01
     50000   -60.00000000  -5.4900500000e-01
     50000   -58.00000000  -5.7050600000e-01
     50000   -56.00000000  -5.8934700000e-01
     50000   -54.00000000  -6.0544800000e-01
     50000   -52.00000000  -6.1874100000e-01
     50000   -50.00000000  -6.2917500000e-01
     50000   -48.00000000  -6.3671400000e-01
     50000   -46.00000000  -6.4134000000e-01
     50000   -44.00000000  -6.4304900000e-01
     50000   -42.00000000  -6.4185500000e-01
     50000   -40.00000000  -6.3779200000e-01
     50000   -38.00000000  -6.3091100000e-01
     50000   -36.00000000  -6.2128200000e-01
     50000   -34.00000000  -6.0899800000e-01
     50000   -32.00000000  -5.9417300000e-01
     50000   -30.00000000  -5.7694600000e-01
     50000   -28.00000000  -5.5748700000e-01
     50000   -26.00000000  -5.3599700000e-01
     50000   -24.00000000  -5.1272200000e-01
     50000   -22.00000000  -4.8796200000e-01
     50000   -20.00000000  -4.6209700000e-01
     50000   -18.00000000  -4.3561500000e-01
     50000   -16.00000000  -4.0918600000e-01
     50000   -14.00000000  -3.8377100000e-01
     50000   -12.00000000  -3.6086500000e-01
     50000   -10.00000000  -3.4301700000e-01
     50000    -8.00000000  -3.3508500000e-01
     50000    -6.00000000  -3.5784000000e-01
     50000    -4.00000000  -3.0101300000e-01
     50000    -2.00000000  -5.8200000000e-02
     50000     0.00000000   1.7340000000e-01
     50000     2.00000000   4.7450000000e-01
     50000     4.00000000   6.9950000000e-01
     50000     6.00000000   8.9750000000e-01
     50000     8.00000000   1.2336420000e+00
     50000    10.00000000   1.2345260000e+00
     50000    12.00000000   1.1026000000e+00
     50000    14.00000000   1.0135990000e+00
     50000    16.00000000   9.5172900000e-01
     50000    18.00000000   9.0933200000e-01
     50000    20.00000000   8.7993500000e-01
     50000    22.00000000   8.5936500000e-01
     50000    24.00000000   8.4479600000e-01
     50000    26.00000000   8.3423800000e-01
     50000    28.00000000   8.2623700000e-01
     50000    30.00000000   8.1970800000e-01
     50000    32.00000000   8.1381700000e-01
     50000    34.00000000   8.0791600000e-01
     50000    36.00000000   8.0149500000e-01
     50000    38.00000000   7.9414500000e-01
     50000    40.00000000   7.8554200000e-01
     50000    42.00000000   7.7543000000e-01
     50000    44.00000000   7.6360400000e-01
     50000    46.00000000   7.4990700000e-01
     50000    48.00000000   7.3422200000e-01
     50000    50.00000000   7.1646600000e-01
     50000    52.00000000   6.9658800000e-01
     50000    54.00000000   6.7456200000e-01
     50000    56.00000000   6.5039000000e-01
     50000    58.00000000   6.2409600000e-01
     50000    60.00000000   5.9572500000e-01
     50000    62.00000000   5.6534000000e-01
     50000    64.00000000   5.3302500000e-01
     50000    66.00000000   4.9887800000e-01
     50000    68.00000000   4.6301400000e-01
     50000    70.00000000   4.2556300000e-01
     50000    72.00000000   3.8666500000e-01
     50000    74.00000000   3.4647600000e-01
     50000    76.00000000   3.0515900000e-01
     50000    78.00000000   2.6289000000e-01
     50000    80.00000000   2.1985100000e-01
     50000    82.00000000   1.7623400000e-01
     50000    84.00000000   1.3223600000e-01
     50000    86.00000000   8.8059000000e-02
     50000    88.00000000   4.3910000000e-02
     50000    90.00000000   0.0000000000e+00
    100000   -90.00000000  -0.0000000000e+00
    100000   -88.00000000  -4.3721000000e-02
    100000   -86.00000000  -8.7303000000e-02
    100000   -84.00000000  -1.3053400000e-01
    100000   -82.00000000  -1.7320500000e-01
    100000   -80.00000000  -2.1510900000e-01
    100000   -78.00000000  -2.5604600000e-01
    100000   -76.00000000  -2.9581800000e-01
    100000   -74.00000000  -3.3423600000e-01
    100000   -72.00000000  -3.7111600000e-01
    100000   -70.00000000  -4.0628500000e-01
    100000   -68.00000000  -4.3957600000e-01
    100000   -66.00000000  -4.7083400000e-01
    100000   -64.00000000  -4.9991500000e-01
    100000   -62.00000000  -5.2668400000e-01
    100000   -60.00000000  -5.5102100000e-01
    100000   -58.00000000  -5.7281800000e-01
    100000   -56.00000000  -5.9198100000e-01
    100000   -54.00000000  -6.0842900000e-01
    100000   -52.00000000  -6.2209900000e-01
    100000   -50.00000000  -6.3294100000e-01
    100000   -48.00000000  -6.4092100000e-01
    100000   -46.00000000  -6.4602300000e-01
    100000   -44.00000000  -6.4824900000e-01
    100000   -42.00000000  -6.4761700000e-01
    100000   -40.00000000  -6.4416600000e-01
    100000   -38.00000000  -6.3795200000e-01
    100000   -36.00000000  -6.2905600000e-01
    100000   -34.00000000  -6.1757900000e-01
    100000   -32.00000000  -6.0364800000e-01
    100000   -30.00000000  -5.8741900000e-01
    100000   -28.00000000  -5.6908000000e-01
    100000   -26.00000000  -5.4886300000e-01
    100000   -24.00000000  -5.2704700000e-01
    100000   -22.00000000  -5.0398400000e-01
    100000   -20.00000000  -4.8012200000e-01
    100000   -18.00000000  -4.5605100000e-01
    100000   -16.00000000  -4.3259100000e-01
    100000   -14.00000000  -4.1094200000e-01
    100000   -12.00000000  -3.9299300000e-01
    100000   -10.00000000  -3.8201100000e-01
    100000    -8.00000000  -3.7859900000e-01
    100000    -6.00000000  -3.9991400000e-01
    100000    -4.00000000  -2.0220000000e-01
    100000    -2.00000000   1.3700000000e-01
    100000     0.00000000   4.2900000000e-01
    100000     2.00000000   6.7420000000e-01
    100000     4.00000000   8.8970000000e-01
    100000     6.00000000   1.1198080000e+00
    100000     8.00000000   1.2810000000e+00
    100000    10.00000000   1.0981100000e+00
    100000    12.00000000   9.7860300000e-01
    100000    14.00000000   9.0617600000e-01
    100000    16.00000000   8.5919400000e-01
    100000    18.00000000   8.2853600000e-01
    100000    20.00000000   8.0866900000e-01
    100000    22.00000000   7.9601900000e-01
    100000    24.00000000   7.8815800000e-01
    100000    26.00000000   7.8337000000e-01
    100000    28.00000000   7.8039900000e-01
    100000    30.00000000   7.7830300000e-01
    100000    32.00000000   7.7635500000e-01
    100000    34.00000000   7.7398900000e-01
    100000    36.00000000   7.7075800000e-01
    100000    38.00000000   7.6630400000e-01
    100000    40.00000000   7.6034200000e-01
    100000    42.00000000   7.5264700000e-01
    100000    44.00000000   7.4304200000e-01
    100000    46.00000000   7.3139000000e-01
    100000    48.00000000   7.1759100000e-01
    100000    50.00000000   7.0157800000e-01
    100000    52.00000000   6.8331000000e-01
    100000    54.00000000   6.6277400000e-01
    100000    56.00000000   6.3997900000e-01
    100000    58.00000000   6.1495600000e-01
    100000    60.00000000   5.8775600000e-01
    100000    62.00000000   5.5845000000e-01
    100000    64.00000000   5.2712300000e-01
    100000    66.00000000   4.9387900000e-01
    100000    68.00000000   4.5883600000e-01
    100000    70.00000000   4.2212600000e-01
    100000    72.00000000   3.8389400000e-01
    100000    74.00000000   3.4429400000e-01
    100000    76.00000000   3.0349400000e-01
    100000    78.00000000   2.6167000000e-01
    100000    80.00000000   2.1900600000e-01
    100000    82.00000000   1.7569400000e-01
    100000    84.00000000   1.3193200000e-01
    100000    86.00000000   8.7924000000e-02
    100000    88.00000000   4.3877000000e-02
    100000    90.00000000   0.0000000000e+00
    150000   -90.00000000  -0.0000000000e+00
    150000   -88.00000000  -4.3713000000e-02
    150000   -86.00000000  -8.7268000000e-02
    150000   -84.00000000  -1.3045500000e-01
    150000   -82.00000000  -1.7306400000e-01
    150000   -80.00000000  -2.1488800000e-01
    150000   -78.00000000  -2.5572700000e-01
    150000   -76.00000000  -2.9538200000e-01
    150000   -74.00000000  -3.3366500000e-01
    150000   -72.00000000  -3.7039100000e-01
    150000   -70.00000000  -4.0538600000e-01
    150000   -68.00000000  -4.3848300000e-01
    150000   -66.00000000  -4.6952600000e-01
    150000   -64.00000000  -4.9837000000e-01
    150000   -62.00000000  -5.2488000000e-01
    150000   -60.00000000  -5.4893500000e-01
    150000   -58.00000000  -5.7042500000e-01
    150000   -56.00000000  -5.8925500000e-01
    150000   -54.00000000  -6.0534400000e-01
    150000   -52.00000000  -6.1862400000e-01
    150000   -50.00000000  -6.2904400000e-01
    150000   -48.00000000  -6.3656800000e-01
    150000   -46.00000000  -6.4117700000e-01
    150000   -44.00000000  -6.4286700000e-01
    150000   -42.00000000  -6.4165400000e-01
    150000   -40.00000000  -6.3757000000e-01
    150000   -38.00000000  -6.3066500000e-01
    150000   -36.00000000  -6.2101100000e-01
    150000   -34.00000000  -6.0869900000e-01
    150000   -32.00000000  -5.9384200000e-01
    150000   -30.00000000  -5.7658100000e-01
    150000   -28.00000000  -5.5708200000e-01
    150000   -26.00000000  -5.3554800000e-01
    150000   -24.00000000  -5.1222200000e-01
    150000   -22.00000000  -4.8740400000e-01
    150000   -20.00000000  -4.6146800000e-01
    150000   -18.00000000  -4.3490300000e-01
    150000   -16.00000000  -4.0837000000e-01
    150000   -14.00000000  -3.8282400000e-01
    150000   -12.00000000  -3.5974500000e-01
    150000   -10.00000000  -3.4165800000e-01
    150000    -8.00000000  -3.3629700000e-01
    150000    -6.00000000  -3.3935900000e-01
    150000    -4.00000000  -8.2526000000e-02
    150000    -2.00000000   2.2690000000e-01
    150000     0.00000000   4.7720000000e-01
    150000     2.00000000   6.9170000000e-01
    150000     4.00000000   8.8840000000e-01
    150000     6.00000000   1.0774000000e+00
    150000     8.00000000   1.2228690000e+00
    150000    10.00000000   1.2908620000e+00
    150000    12.00000000   1.1885000000e+00
    150000    14.00000000   1.0711330000e+00
    150000    16.00000000   1.0012900000e+00
    150000    18.00000000   9.5260600000e-01
    150000    20.00000000   9.1810400000e-01
    150000    22.00000000   8.9329200000e-01
    150000    24.00000000   8.7513100000e-01
    150000    26.00000000   8.6148100000e-01
    150000    28.00000000   8.5078700000e-01
    150000    30.00000000   8.4188400000e-01
    150000    32.00000000   8.3388100000e-01
    150000    34.00000000   8.2608700000e-01
    150000    36.00000000   8.1795700000e-01
    150000    38.00000000   8.0905600000e-01
    150000    40.00000000   7.9903900000e-01
    150000    42.00000000   7.8763200000e-01
    150000    44.00000000   7.7461600000e-01
    150000    46.00000000   7.5982400000e-01
    150000    48.00000000   7.4312900000e-01
    150000    50.00000000   7.2444000000e-01
    150000    52.00000000   7.0369900000e-01
    150000    54.00000000   6.8087600000e-01
    150000    56.00000000   6.5596700000e-01
    150000    58.00000000   6.2899200000e-01
    150000    60.00000000   5.9999300000e-01
    150000    62.00000000   5.6903100000e-01
    150000    64.00000000   5.3618600000e-01
    150000    66.00000000   5.0155500000e-01
    150000    68.00000000   4.6525200000e-01
    150000    70.00000000   4.2740300000e-01
    150000    72.00000000   3.8814900000e-01
    150000    74.00000000   3.4764400000e-01
    150000    76.00000000   3.0605100000e-01
    150000    78.00000000   2.6354300000e-01
    150000    80.00000000   2.2030400000e-01
    150000    82.00000000   1.7652300000e-01
    150000    84.00000000   1.3239800000e-01
    150000    86.00000000   8.8131000000e-02
    150000    88.00000000   4.3928000000e-02
    150000    90.00000000   0.0000000000e+00
    200000   -90.00000000  -0.0000000000e+00
    200000   -88.00000000  -4.3712000000e-02
    200000   -86.00000000  -8.7267000000e-02
    200000   -84.00000000  -1.3045200000e-01
    200000   -82.00000000  -1.7305800000e-01
    200000   -80.00000000  -2.1487900000e-01
    200000   -78.00000000  -2.5571300000e-01
    200000   -76.00000000  -2.9536400000e-01
    200000   -74.00000000  -3.3364000000e-01
    200000   -72.00000000  -3.7036000000e-01
    200000   -70.00000000  -4.0534700000e-01
    200000   -68.00000000  -4.3843600000e-01
    200000   -66.00000000  -4.6947000000e-01
    200000   -64.00000000  -4.9830400000e-01
    200000   -62.00000000  -5.2480300000e-01
    200000   -60.00000000  -5.4884600000e-01
    200000   -58.00000000  -5.7032300000e-01
    200000   -56.00000000  -5.8913900000e-01
    200000   -54.00000000  -6.0521200000e-01
    200000   -52.00000000  -6.1847500000e-01
    200000   -50.00000000  -6.2887700000e-01
    200000   -48.00000000  -6.3638200000e-01
    200000   -46.00000000  -6.4097000000e-01
    200000   -44.00000000  -6.4263700000e-01
    200000   -42.00000000  -6.4140000000e-01
    200000   -40.00000000  -6.3728800000e-01
    200000   -38.00000000  -6.3035400000e-01
    200000   -36.00000000  -6.2066700000e-01
    200000   -34.00000000  -6.0832000000e-01
    200000   -32.00000000  -5.9342400000e-01
    200000   -30.00000000  -5.7611800000e-01
    200000   -28.00000000  -5.5657000000e-01
    200000   -26.00000000  -5.3498000000e-01
    200000   -24.00000000  -5.1158900000e-01
    200000   -22.00000000  -4.8669600000e-01
    200000   -20.00000000  -4.6067200000e-01
    200000   -18.00000000  -4.3400000000e-01
    200000   -16.00000000  -4.0733700000e-01
    200000   -14.00000000  -3.8162400000e-01
    200000   -12.00000000  -3.5832600000e-01
    200000   -10.00000000  -3.3993600000e-01
    200000    -8.00000000  -3.3074500000e-01
    200000    -6.00000000  -3.1361400000e-01
    200000    -4.00000000  -2.5650000000e-03
    200000    -2.00000000   2.5740000000e-01
    200000     0.00000000   4.6060000000e-01
    200000     2.00000000   6.9080000000e-01
    200000     4.00000000   8.8610000000e-01
    200000     6.00000000   1.0920550000e+00
    200000     8.00000000   1.2266130000e+00
    200000    10.00000000   1.0819450000e+00
    200000    12.00000000   9.5706600000e-01
    200000    14.00000000   8.8796400000e-01
    200000    16.00000000   8.4350500000e-01
    200000    18.00000000   8.1483700000e-01
    200000    20.00000000   7.9658700000e-01
    200000    22.00000000   7.8527900000e-01
    200000    24.00000000   7.7855500000e-01
    200000    26.00000000   7.7474600000e-01
    200000    28.00000000   7.7262800000e-01
    200000    30.00000000   7.7128300000e-01
    200000    32.00000000   7.7000300000e-01
    200000    34.00000000   7.6823700000e-01
    200000    36.00000000   7.6554700000e-01
    200000    38.00000000   7.6158300000e-01
    200000    40.00000000   7.5607000000e-01
    200000    42.00000000   7.4878500000e-01
    200000    44.00000000   7.3955600000e-01
    200000    46.00000000   7.2825000000e-01
    200000    48.00000000   7.1477100000e-01
    200000    50.00000000   6.9905400000e-01
    200000    52.00000000   6.8105900000e-01
    200000    54.00000000   6.6077500000e-01
    200000    56.00000000   6.3821400000e-01
    200000    58.00000000   6.1340600000e-01
    200000    60.00000000   5.8640500000e-01
    200000    62.00000000   5.5728100000e-01
    200000    64.00000000   5.2612200000e-01
    200000    66.00000000   4.9303200000e-01
    200000    68.00000000   4.5812800000e-01
    200000    70.00000000   4.2154400000e-01
    200000    72.00000000   3.8342400000e-01
    200000    74.00000000   3.4392400000e-01
    200000    76.00000000   3.0321200000e-01
    200000    78.00000000   2.6146300000e-01
    200000    80.00000000   2.1886300000e-01
    200000    82.00000000   1.7560300000e-01
    200000    84.00000000   1.3188100000e-01
    200000    86.00000000   8.7901000000e-02
    200000    88.00000000   4.3871000000e-02
    200000    90.00000000   0.0000000000e+00
    250000   -90.00000000  -0.0000000000e+00
    250000   -88.00000000  -4.3708000000e-02
    250000   -86.00000000  -8.7251000000e-02
    250000   -84.00000000  -1.3041500000e-01
    250000   -82.00000000  -1.7299300000e-01
    250000   -80.00000000  -2.1477700000e-01
    250000   -78.00000000  -2.5556600000e-01
    250000   -76.00000000  -2.9516400000e-01
    250000   -74.00000000  -3.3337800000e-01
    250000   -72.00000000  -3.7002700000e-01
    250000   -70.00000000  -4.0493400000e-01
    250000   -68.00000000  -4.3793400000e-01
    250000   -66.00000000  -4.6887000000e-01
    250000   -64.00000000  -4.9759500000e-01
    250000   -62.00000000  -5.2397600000e-01
    250000   -60.00000000  -5.4788900000e-01
    250000   -58.00000000  -5.6922500000e-01
    250000   -56.00000000  -5.8788800000e-01
    250000   -54.00000000  -6.0379600000e-01
    250000   -52.00000000  -6.1688000000e-01
    250000   -50.00000000  -6.2708900000e-01
    250000   -48.00000000  -6.3438400000e-01
    250000   -46.00000000  -6.3874500000e-01
    250000   -44.00000000  -6.4016800000e-01
    250000   -42.00000000  -6.3866300000e-01
    250000   -40.00000000  -6.3426100000e-01
    250000   -38.00000000  -6.2701000000e-01
    250000   -36.00000000  -6.1697500000e-01
    250000   -34.00000000  -6.0424400000e-01
    250000   -32.00000000  -5.8892400000e-01
    250000   -30.00000000  -5.7114500000e-01
    250000   -28.00000000  -5.5106400000e-01
    250000   -26.00000000  -5.2886900000e-01
    250000   -24.00000000  -5.0478600000e-01
    250000   -22.00000000  -4.7908700000e-01
    250000   -20.00000000  -4.5211100000e-01
    250000   -18.00000000  -4.2429500000e-01
    250000   -16.00000000  -3.9622100000e-01
    250000   -14.00000000  -3.6872000000e-01
    250000   -12.00000000  -3.4306700000e-01
    250000   -10.00000000  -3.1639600000e-01
    250000    -8.00000000  -3.0931100000e-01
    250000    -6.00000000  -2.5588500000e-01
    250000    -4.00000000   3.4200000000e-02
    250000    -2.00000000   2.6660000000e-01
    250000     0.00000000   4.7383300000e-01
    250000     2.00000000   6.8800000000e-01
    250000     4.00000000   8.8480000000e-01
    250000     6.00000000   1.1052000000e+00
    250000     8.00000000   1.1725600000e+00
    250000    10.00000000   1.0054120000e+00
    250000    12.00000000   8.9988200000e-01
    250000    14.00000000   8.3960400000e-01
    250000    16.00000000   8.0184800000e-01
    250000    18.00000000   7.7846500000e-01
    250000    20.00000000   7.6450400000e-01
    250000    22.00000000   7.5676200000e-01
    250000    24.00000000   7.5305800000e-01
    250000    26.00000000   7.5184600000e-01
    250000    28.00000000   7.5199300000e-01
    250000    30.00000000   7.5264300000e-01
    250000    32.00000000   7.5313900000e-01
    250000    34.00000000   7.5296400000e-01
    250000    36.00000000   7.5170900000e-01
    250000    38.00000000   7.4905000000e-01
    250000    40.00000000   7.4472500000e-01
    250000    42.00000000   7.3852900000e-01
    250000    44.00000000   7.3029900000e-01
    250000    46.00000000   7.1991400000e-01
    250000    48.00000000   7.0728500000e-01
    250000    50.00000000   6.9235100000e-01
    250000    52.00000000   6.7508200000e-01
    250000    54.00000000   6.5546900000e-01
    250000    56.00000000   6.3352700000e-01
    250000    58.00000000   6.0929200000e-01
    250000    60.00000000   5.8281800000e-01
    250000    62.00000000   5.5418000000e-01
    250000    64.00000000   5.2346500000e-01
    250000    66.00000000   4.9078100000e-01
    250000    68.00000000   4.5624700000e-01
    250000    70.00000000   4.1999700000e-01
    250000    72.00000000   3.8217600000e-01
    250000    74.00000000   3.4294200000e-01
    250000    76.00000000   3.0246200000e-01
    250000    78.00000000   2.6091400000e-01
    250000    80.00000000   2.1848200000e-01
    250000    82.00000000   1.7536000000e-01
    250000    84.00000000   1.3174500000e-01
    250000    86.00000000   8.7841000000e-02
    250000    88.00000000   4.3856000000e-02
    250000    90.00000000   0.0000000000e+00
     50000   -90.00000000  -0.0000000000e+00
     50000   -88.00000000  -4.3718000000e-02
     50000   -86.00000000  -8.7290000000e-02
     50000   -84.00000000  -1.3050400000e-01
     50000   -82.00000000  -1.7315100000e-01
     50000   -80.00000000  -2.1502600000e-01
     50000   -78.00000000  -2.5592500000e-01
     50000   -76.00000000  -2.9565300000e-01
     50000   -74.00000000  -3.3401900000e-01
     50000   -72.00000000  -3.7084100000e-01
     50000   -70.00000000  -4.0594400000e-01
     50000   -68.00000000  -4.3916200000e-01
     50000   -66.00000000  -4.7033800000e-01
     50000   -64.00000000  -4.9932900000e-01
     50000   -62.00000000  -5.2600000000e-01
     50000   -60.00000000  -5.5023000000e-01
     50000   -58.00000000  -5.7191100000e-01
     50000   -56.00000000  -5.9094700000e-01
     50000   -54.00000000  -6.0725900000e-01
     50000   -52.00000000  -6.2078100000e-01
     50000   -50.00000000  -6.3146300000e-01
     50000   -48.00000000  -6.3927000000e-01
     50000   -46.00000000  -6.4418500000e-01
     50000   -44.00000000  -6.4620800000e-01
     50000   -42.00000000  -6.4535600000e-01
     50000   -40.00000000  -6.4166400000e-01
     50000   -38.00000000  -6.3518900000e-01
     50000   -36.00000000  -6.2600500000e-01
     50000   -34.00000000  -6.1421100000e-01
     50000   -32.00000000  -5.9992900000e-01
     50000   -30.00000000  -5.8330900000e-01
     50000   -28.00000000  -5.6453000000e-01
     50000   -26.00000000  -5.4381400000e-01
     50000   -24.00000000  -5.2142500000e-01
     50000   -22.00000000  -4.9769700000e-01
     50000   -20.00000000  -4.7304800000e-01
     50000   -18.00000000  -4.4803100000e-01
     50000   -16.00000000  -4.2340600000e-01
     50000   -14.00000000  -4.0027900000e-01
     50000   -12.00000000  -3.8038500000e-01
     50000   -10.00000000  -3.6670800000e-01
     50000    -8.00000000  -3.6221600000e-01
     50000    -6.00000000  -3.8860000000e-01
     50000    -4.00000000  -2.8225800000e-01
     50000    -2.00000000  -5.4500000000e-02
     50000     0.00000000   1.7140000000e-01
     50000     2.00000000   4.7450000000e-01
     50000     4.00000000   6.9950000000e-01
     50000     6.00000000   9.9153100000e-01
     50000     8.00000000   1.1352100000e+00
     50000    10.00000000   1.0031830000e+00
     50000    12.00000000   9.0453800000e-01
     50000    14.00000000   8.4354200000e-01
     50000    16.00000000   8.0523900000e-01
     50000    18.00000000   7.8142600000e-01
     50000    20.00000000   7.6711600000e-01
     50000    22.00000000   7.5908400000e-01
     50000    24.00000000   7.5513400000e-01
     50000    26.00000000   7.5371100000e-01
     50000    28.00000000   7.5367300000e-01
     50000    30.00000000   7.5416100000e-01
     50000    32.00000000   7.5451200000e-01
     50000    34.00000000   7.5420700000e-01
     50000    36.00000000   7.5283600000e-01
     50000    38.00000000   7.5007100000e-01
     50000    40.00000000   7.4564900000e-01
     50000    42.00000000   7.3936400000e-01
     50000    44.00000000   7.3105300000e-01
     50000    46.00000000   7.2059300000e-01
     50000    48.00000000   7.0789400000e-01
     50000    50.00000000   6.9289700000e-01
     50000    52.00000000   6.7556800000e-01
     50000    54.00000000   6.5590100000e-01
     50000    56.00000000   6.3390800000e-01
     50000    58.00000000   6.0962700000e-01
     50000    60.00000000   5.8311000000e-01
     50000    62.00000000   5.5443200000e-01
     50000    64.00000000   5.2368200000e-01
     50000    66.00000000   4.9096500000e-01
     50000    68.00000000   4.5640100000e-01
     50000    70.00000000   4.2012300000e-01
     50000    72.00000000   3.8227800000e-01
     50000    74.00000000   3.4302200000e-01
     50000    76.00000000   3.0252300000e-01
     50000    78.00000000   2.6095800000e-01
     50000    80.00000000   2.1851300000e-01
     50000    82.00000000   1.7537900000e-01
     50000    84.00000000   1.3175600000e-01
     50000    86.00000000   8.7846000000e-02
     50000    88.00000000   4.3857000000e-02
     50000    90.00000000   0.0000000000e+00
    100000   -90.00000000  -0.0000000000e+00
    100000   -88.00000000  -4.3719000000e-02
    100000   -86.00000000  -8.7295000000e-02
    100000   -84.00000000  -1.3051600000e-01
    100000   -82.00000000  -1.7317300000e-01
    100000   -80.00000000  -2.1505900000e-01
    100000   -78.00000000  -2.5597300000e-01
    100000   -76.00000000  -2.9571900000e-01
    100000   -74.00000000  -3.3410600000e-01
    100000   -72.00000000  -3.7095100000e-01
    100000   -70.00000000  -4.0608000000e-01
    100000   -68.00000000  -4.3932700000e-01
    100000   -66.00000000  -4.7053600000e-01
    100000   -64.00000000  -4.9956300000e-01
    100000   -62.00000000  -5.2627300000e-01
    100000   -60.00000000  -5.5054600000e-01
    100000   -58.00000000  -5.7227300000e-01
    100000   -56.00000000  -5.9136000000e-01
    100000   -54.00000000  -6.0772600000e-01
    100000   -52.00000000  -6.2130700000e-01
    100000   -50.00000000  -6.3205300000e-01
    100000   -48.00000000  -6.3992900000e-01
    100000   -46.00000000  -6.4491900000e-01
    100000   -44.00000000  -6.4702300000e-01
    100000   -42.00000000  -6.4625900000e-01
    100000   -40.00000000  -6.4266300000e-01
    100000   -38.00000000  -6.3629200000e-01
    100000   -36.00000000  -6.2722400000e-01
    100000   -34.00000000  -6.1555600000e-01
    100000   -32.00000000  -6.0141400000e-01
    100000   -30.00000000  -5.8495000000e-01
    100000   -28.00000000  -5.6634700000e-01
    100000   -26.00000000  -5.4583000000e-01
    100000   -24.00000000  -5.2367000000e-01
    100000   -22.00000000  -5.0020700000e-01
    100000   -20.00000000  -4.7587300000e-01
    100000   -18.00000000  -4.5123400000e-01
    100000   -16.00000000  -4.2707400000e-01
    100000   -14.00000000  -4.0453700000e-01
    100000   -12.00000000  -3.8542000000e-01
    100000   -10.00000000  -3.7281900000e-01
    100000    -8.00000000  -3.6541500000e-01
    100000    -6.00000000  -3.8205900000e-01
    100000    -4.00000000  -1.9819700000e-01
    100000    -2.00000000   1.3220000000e-01
    100000     0.00000000   4.3150000000e-01
    100000     2.00000000   6.7370000000e-01
    100000     4.00000000   8.8990000000e-01
    100000     6.00000000   1.0797000000e+00
    100000     8.00000000   1.2311550000e+00
    100000    10.00000000   1.2498500000e+00
    100000    12.00000000   1.1069170000e+00
    100000    14.00000000   1.0087820000e+00
    100000    16.00000000   9.4757900000e-01
    100000    18.00000000   9.0570900000e-01
    100000    20.00000000   8.7673900000e-01
    100000    22.00000000   8.5652400000e-01
    100000    24.00000000   8.4225600000e-01
    100000    26.00000000   8.3195600000e-01
    100000    28.00000000   8.2418100000e-01
    100000    30.00000000   8.1785100000e-01
    100000    32.00000000   8.1213700000e-01
    100000    34.00000000   8.0639500000e-01
    100000    36.00000000   8.0011600000e-01
    100000    38.00000000   7.9289600000e-01
    100000    40.00000000   7.8441200000e-01
    100000    42.00000000   7.7440800000e-01
    100000    44.00000000   7.6268200000e-01
    100000    46.00000000   7.4907600000e-01
    100000    48.00000000   7.3347600000e-01
    100000    50.00000000   7.1579800000e-01
    100000    52.00000000   6.9599200000e-01
    100000    54.00000000   6.7403300000e-01
    100000    56.00000000   6.4992400000e-01
    100000    58.00000000   6.2368600000e-01
    100000    60.00000000   5.9536700000e-01
    100000    62.00000000   5.6503100000e-01
    100000    64.00000000   5.3276000000e-01
    100000    66.00000000   4.9865400000e-01
    100000    68.00000000   4.6282700000e-01
    100000    70.00000000   4.2540900000e-01
    100000    72.00000000   3.8654100000e-01
    100000    74.00000000   3.4637800000e-01
    100000    76.00000000   3.0508400000e-01
    100000    78.00000000   2.6283500000e-01
    100000    80.00000000   2.1981300000e-01
    100000    82.00000000   1.7621000000e-01
    100000    84.00000000   1.3222200000e-01
    100000    86.00000000   8.8053000000e-02
    100000    88.00000000   4.3909000000e-02
    100000    90.00000000   0.0000000000e+00
    150000   -90.00000000  -0.0000000000e+00
    150000   -88.00000000  -4.3717000000e-02
    150000   -86.00000000  -8.7286000000e-02
    150000   -84.00000000  -1.3049500000e-01
    150000   -82.00000000  -1.7313600000e-01
    150000   -80.00000000  -2.1500100000e-01
    150000   -78.00000000  -2.5588900000e-01
    150000   -76.00000000  -2.9560400000e-01
    150000   -74.00000000  -3.3395500000e-01
    150000   -72.00000000  -3.7076000000e-01
    150000   -70.00000000  -4.0584300000e-01
    150000   -68.00000000  -4.3903900000e-01
    150000   -66.00000000  -4.7019100000e-01
    150000   -64.00000000  -4.9915600000e-01
    150000   -62.00000000  -5.2579800000e-01
    150000   -60.00000000  -5.4999600000e-01
    150000   -58.00000000  -5.7164200000e-01
    150000   -56.00000000  -5.9064100000e-01
    150000   -54.00000000  -6.0691300000e-01
    150000   -52.00000000  -6.2039100000e-01
    150000   -50.00000000  -6.3102600000e-01
    150000   -48.00000000  -6.3878200000e-01
    150000   -46.00000000  -6.4364200000e-01
    150000   -44.00000000  -6.4560500000e-01
    150000   -42.00000000  -6.4468700000e-01
    150000   -40.00000000  -6.4092400000e-01
    150000   -38.00000000  -6.3437100000e-01
    150000   -36.00000000  -6.2510300000e-01
    150000   -34.00000000  -6.1321500000e-01
    150000   -32.00000000  -5.9882900000e-01
    150000   -30.00000000  -5.8209300000e-01
    150000   -28.00000000  -5.6318500000e-01
    150000   -26.00000000  -5.4232000000e-01
    150000   -24.00000000  -5.1976200000e-01
    150000   -22.00000000  -4.9583700000e-01
    150000   -20.00000000  -4.7095500000e-01
    150000   -18.00000000  -4.4565900000e-01
    150000   -16.00000000  -4.2068900000e-01
    150000   -14.00000000  -3.9712500000e-01
    150000   -12.00000000  -3.7665500000e-01
    150000   -10.00000000  -3.6218200000e-01
    150000    -8.00000000  -3.5426100000e-01
    150000    -6.00000000  -3.5732300000e-01
    150000    -4.00000000  -7.0700000000e-02
    150000    -2.00000000   2.2650000000e-01
    150000     0.00000000   4.7660000000e-01
    150000     2.00000000   6.9150000000e-01
    150000     4.00000000   8.8820000000e-01
    150000     6.00000000   1.0767000000e+00
    150000     8.00000000   1.2422760000e+00
    150000    10.00000000   1.2286310000e+00
    150000    12.00000000   1.0802060000e+00
    150000    14.00000000   9.8910500000e-01
    150000    16.00000000   9.3063000000e-01
    150000    18.00000000   8.9091000000e-01
    150000    20.00000000   8.6368600000e-01
    150000    22.00000000   8.4492100000e-01
    150000    24.00000000   8.3188200000e-01
    150000    26.00000000   8.2263900000e-01
    150000    28.00000000   8.1578500000e-01
    150000    30.00000000   8.1026700000e-01
    150000    32.00000000   8.0527500000e-01
    150000    34.00000000   8.0018100000e-01
    150000    36.00000000   7.9448600000e-01
    150000    38.00000000   7.8779700000e-01
    150000    40.00000000   7.7979700000e-01
    150000    42.00000000   7.7023500000e-01
    150000    44.00000000   7.5891500000e-01
    150000    46.00000000   7.4568500000e-01
    150000    48.00000000   7.3043000000e-01
    150000    50.00000000   7.1307100000e-01
    150000    52.00000000   6.9356000000e-01
    150000    54.00000000   6.7187400000e-01
    150000    56.00000000   6.4801700000e-01
    150000    58.00000000   6.2201200000e-01
    150000    60.00000000   5.9390800000e-01
    150000    62.00000000   5.6376900000e-01
    150000    64.00000000   5.3167900000e-01
    150000    66.00000000   4.9773800000e-01
    150000    68.00000000   4.6206200000e-01
    150000    70.00000000   4.2477900000e-01
    150000    72.00000000   3.8603300000e-01
    150000    74.00000000   3.4597800000e-01
    150000    76.00000000   3.0477900000e-01
    150000    78.00000000   2.6261100000e-01
    150000    80.00000000   2.1965800000e-01
    150000    82.00000000   1.7611100000e-01
    150000    84.00000000   1.3216700000e-01
    150000    86.00000000   8.8028000000e-02
    150000    88.00000000   4.3903000000e-02
    150000    90.00000000   0.0000000000e+00
    200000   -90.00000000  -0.0000000000e+00
    200000   -88.00000000  -4.3717000000e-02
    200000   -86.00000000  -8.7286000000e-02
    200000   -84.00000000  -1.3049500000e-01
    200000   -82.00000000  -1.7313500000e-01
    200000   -80.00000000  -2.1500000000e-01
    200000   -78.00000000  -2.5588700000e-01
    200000   -76.00000000  -2.9560200000e-01
    200000   -74.00000000  -3.3395200000e-01
    200000   -72.00000000  -3.7075600000e-01
    200000   -70.00000000  -4.0583800000e-01
    200000   -68.00000000  -4.3903300000e-01
    200000   -66.00000000  -4.7018500000e-01
    200000   -64.00000000  -4.9914800000e-01
    200000   -62.00000000  -5.2578800000e-01
    200000   -60.00000000  -5.4998500000e-01
    200000   -58.00000000  -5.7163000000e-01
    200000   -56.00000000  -5.9062700000e-01
    200000   -54.00000000  -6.0689700000e-01
    200000   -52.00000000  -6.2037300000e-01
    200000   -50.00000000  -6.3100600000e-01
    200000   -48.00000000  -6.3875900000e-01
    200000   -46.00000000  -6.4361700000e-01
    200000   -44.00000000  -6.4557700000e-01
    200000   -42.00000000  -6.4465600000e-01
    200000   -40.00000000  -6.4089100000e-01
    200000   -38.00000000  -6.3433400000e-01
    200000   -36.00000000  -6.2506100000e-01
    200000   -34.00000000  -6.1317000000e-01
    200000   -32.00000000  -5.9877900000e-01
    200000   -30.00000000  -5.8203700000e-01
    200000   -28.00000000  -5.6312300000e-01
    200000   -26.00000000  -5.4225200000e-01
    200000   -24.00000000  -5.1968600000e-01
    200000   -22.00000000  -4.9575100000e-01
    200000   -20.00000000  -4.7086000000e-01
    200000   -18.00000000  -4.4555000000e-01
    200000   -16.00000000  -4.2056500000e-01
    200000   -14.00000000  -3.9698000000e-01
    200000   -12.00000000  -3.7648400000e-01
    200000   -10.00000000  -3.6197400000e-01
    200000    -8.00000000  -3.6019900000e-01
    200000    -6.00000000  -3.4459500000e-01
    200000    -4.00000000  -4.5000000000e-03
    200000    -2.00000000   2.6750000000e-01
    200000     0.00000000   4.8390000000e-01
    200000     2.00000000   6.9970000000e-01
    200000     4.00000000   8.8600000000e-01
    200000     6.00000000   1.1268530000e+00
    200000     8.00000000   1.0683760000e+00
    200000    10.00000000   9.3526200000e-01
    200000    12.00000000   8.4852100000e-01
    200000    14.00000000   7.9617000000e-01
    200000    16.00000000   7.6443200000e-01
    200000    18.00000000   7.4579600000e-01
    200000    20.00000000   7.3568900000e-01
    200000    22.00000000   7.3114900000e-01
    200000    24.00000000   7.3015700000e-01
    200000    26.00000000   7.3127900000e-01
    200000    28.00000000   7.3345900000e-01
    200000    30.00000000   7.3590100000e-01
    200000    32.00000000   7.3799100000e-01
    200000    34.00000000   7.3924600000e-01
    200000    36.00000000   7.3928100000e-01
    200000    38.00000000   7.3779300000e-01
    200000    40.00000000   7.3453600000e-01
    200000    42.00000000   7.2931700000e-01
    200000    44.00000000   7.2198600000e-01
    200000    46.00000000   7.1242700000e-01
    200000    48.00000000   7.0056000000e-01
    200000    50.00000000   6.8633100000e-01
    200000    52.00000000   6.6971300000e-01
    200000    54.00000000   6.5070200000e-01
    200000    56.00000000   6.2931700000e-01
    200000    58.00000000   6.0559600000e-01
    200000    60.00000000   5.7959600000e-01
    200000    62.00000000   5.5139400000e-01
    200000    64.00000000   5.2107900000e-01
    200000    66.00000000   4.8876000000e-01
    200000    68.00000000   4.5455800000e-01
    200000    70.00000000   4.1860800000e-01
    200000    72.00000000   3.8105500000e-01
    200000    74.00000000   3.4206000000e-01
    200000    76.00000000   3.0178900000e-01
    200000    78.00000000   2.6042100000e-01
    200000    80.00000000   2.1814000000e-01
    200000    82.00000000   1.7514100000e-01
    200000    84.00000000   1.3162200000e-01
    200000    86.00000000   8.7786000000e-02
    200000    88.00000000   4.3842000000e-02
    200000    90.00000000   0.0000000000e+00
    250000   -90.00000000  -0.0000000000e+00
    250000   -88.00000000  -4.3712000000e-02
    250000   -86.00000000  -8.7267000000e-02
    250000   -84.00000000  -1.3045100000e-01
    250000   -82.00000000  -1.7305700000e-01
    250000   -80.00000000  -2.1487800000e-01
    250000   -78.00000000  -2.5571200000e-01
    250000   -76.00000000  -2.9536200000e-01
    250000   -74.00000000  -3.3363800000e-01
    250000   -72.00000000  -3.7035700000e-01
    250000   -70.00000000  -4.0534300000e-01
    250000   -68.00000000  -4.3843100000e-01
    250000   -66.00000000  -4.6946400000e-01
    250000   -64.00000000  -4.9829700000e-01
    250000   -62.00000000  -5.2479500000e-01
    250000   -60.00000000  -5.4883700000e-01
    250000   -58.00000000  -5.7031300000e-01
    250000   -56.00000000  -5.8912700000e-01
    250000   -54.00000000  -6.0519900000e-01
    250000   -52.00000000  -6.1846000000e-01
    250000   -50.00000000  -6.2886000000e-01
    250000   -48.00000000  -6.3636300000e-01
    250000   -46.00000000  -6.4094900000e-01
    250000   -44.00000000  -6.4261400000e-01
    250000   -42.00000000  -6.4137400000e-01
    250000   -40.00000000  -6.3726000000e-01
    250000   -38.00000000  -6.3032200000e-01
    250000   -36.00000000  -6.2063300000e-01
    250000   -34.00000000  -6.0828100000e-01
    250000   -32.00000000  -5.9338100000e-01
    250000   -30.00000000  -5.7607100000e-01
    250000   -28.00000000  -5.5651800000e-01
    250000   -26.00000000  -5.3492200000e-01
    250000   -24.00000000  -5.1152500000e-01
    250000   -22.00000000  -4.8662400000e-01
    250000   -20.00000000  -4.6059100000e-01
    250000   -18.00000000  -4.3390900000e-01
    250000   -16.00000000  -4.0723100000e-01
    250000   -14.00000000  -3.8150200000e-01
    250000   -12.00000000  -3.5818100000e-01
    250000   -10.00000000  -3.3966700000e-01
    250000    -8.00000000  -3.3506600000e-01
    250000    -6.00000000  -2.7574500000e-01
    250000    -4.00000000   3.2800000000e-02
    250000    -2.00000000   2.6720000000e-01
    250000     0.00000000   4.7120000000e-01
    250000     2.00000000   6.8780000000e-01
    250000     4.00000000   8.8470000000e-01
    250000     6.00000000   1.1077880000e+00
    250000     8.00000000   1.1969590000e+00
    250000    10.00000000   1.0226140000e+00
    250000    12.00000000   9.1688400000e-01
    250000    14.00000000   8.5398300000e-01
    250000    16.00000000   8.1423300000e-01
    250000    18.00000000   7.8927900000e-01
    250000    20.00000000   7.7404300000e-01
    250000    22.00000000   7.6524100000e-01
    250000    24.00000000   7.6063900000e-01
    250000    26.00000000   7.5865500000e-01
    250000    28.00000000   7.5812800000e-01
    250000    30.00000000   7.5818500000e-01
    250000    32.00000000   7.5815300000e-01
    250000    34.00000000   7.5750500000e-01
    250000    36.00000000   7.5582400000e-01
    250000    38.00000000   7.5277700000e-01
    250000    40.00000000   7.4809800000e-01
    250000    42.00000000   7.4157800000e-01
    250000    44.00000000   7.3305200000e-01
    250000    46.00000000   7.2239300000e-01
    250000    48.00000000   7.0951100000e-01
    250000    50.00000000   6.9434400000e-01
    250000    52.00000000   6.7685900000e-01
    250000    54.00000000   6.5704700000e-01
    250000    56.00000000   6.3492000000e-01
    250000    58.00000000   6.1051500000e-01
    250000    60.00000000   5.8388500000e-01
    250000    62.00000000   5.5510200000e-01
    250000    64.00000000   5.2425500000e-01
    250000    66.00000000   4.9145100000e-01
    250000    68.00000000   4.5680700000e-01
    250000    70.00000000   4.2045700000e-01
    250000    72.00000000   3.8254700000e-01
    250000    74.00000000   3.4323400000e-01
    250000    76.00000000   3.0268500000e-01
    250000    78.00000000   2.6107700000e-01
    250000    80.00000000   2.1859500000e-01
    250000    82.00000000   1.7543200000e-01
    250000    84.00000000   1.3178500000e-01
    250000    86.00000000   8.7859000000e-02
    250000    88.00000000   4.3860000000e-02
    250000    90.00000000   0.0000000000e+00
     50000   -90.00000000  -0.0000000000e+00
     50000   -88.00000000  -4.3708000000e-02
     50000   -86.00000000  -8.7248000000e-02
     50000   -84.00000000  -1.3040900000e-01
     50000   -82.00000000  -1.7298100000e-01
     50000   -80.00000000  -2.1475900000e-01
     50000   -78.00000000  -2.5554000000e-01
     50000   -76.00000000  -2.9512800000e-01
     50000   -74.00000000  -3.3333100000e-01
     50000   -72.00000000  -3.6996700000e-01
     50000   -70.00000000  -4.0486100000e-01
     50000   -68.00000000  -4.3784400000e-01
     50000   -66.00000000  -4.6876200000e-01
     50000   -64.00000000  -4.9746800000e-01
     50000   -62.00000000  -5.2382700000e-01
     50000   -60.00000000  -5.4771800000e-01
     50000   -58.00000000  -5.6902900000e-01
     50000   -56.00000000  -5.8766500000e-01
     50000   -54.00000000  -6.0354300000e-01
     50000   -52.00000000  -6.1659500000e-01
     50000   -50.00000000  -6.2676900000e-01
     50000   -48.00000000  -6.3402700000e-01
     50000   -46.00000000  -6.3834700000e-01
     50000   -44.00000000  -6.3972600000e-01
     50000   -42.00000000  -6.3817300000e-01
     50000   -40.00000000  -6.3371900000e-01
     50000   -38.00000000  -6.2641100000e-01
     50000   -36.00000000  -6.1631500000e-01
     50000   -34.00000000  -6.0351500000e-01
     50000   -32.00000000  -5.8811800000e-01
     50000   -30.00000000  -5.7025500000e-01
     50000   -28.00000000  -5.5007900000e-01
     50000   -26.00000000  -5.2777600000e-01
     50000   -24.00000000  -5.0356800000e-01
     50000   -22.00000000  -4.7772500000e-01
     50000   -20.00000000  -4.5057900000e-01
     50000   -18.00000000  -4.2255800000e-01
     50000   -16.00000000  -3.9423200000e-01
     50000   -14.00000000  -3.6641100000e-01
     50000   -12.00000000  -3.4033700000e-01
     50000   -10.00000000  -3.1810300000e-01
     50000    -8.00000000  -3.0371300000e-01
     50000    -6.00000000  -3.2088600000e-01
     50000    -4.00000000  -3.0282700000e-01
     50000    -2.00000000  -5.3858000000e-02
     50000     0.00000000   1.7060000000e-01
     50000     2.00000000   4.7590000000e-01
     50000     4.00000000   7.0220000000e-01
     50000     6.00000000   9.7787100000e-01
     50000     8.00000000   1.2025140000e+00
     50000    10.00000000   1.0238300000e+00
     50000    12.00000000   9.2257300000e-01
     50000    14.00000000   8.5879300000e-01
     50000    16.00000000   8.1837700000e-01
     50000    18.00000000   7.9289700000e-01
     50000    20.00000000   7.7723500000e-01
     50000    22.00000000   7.6807800000e-01
     50000    24.00000000   7.6317600000e-01
     50000    26.00000000   7.6093300000e-01
     50000    28.00000000   7.6018100000e-01
     50000    30.00000000   7.6003900000e-01
     50000    32.00000000   7.5983000000e-01
     50000    34.00000000   7.5902400000e-01
     50000    36.00000000   7.5720000000e-01
     50000    38.00000000   7.5402300000e-01
     50000    40.00000000   7.4922700000e-01
     50000    42.00000000   7.4259800000e-01
     50000    44.00000000   7.3397200000e-01
     50000    46.00000000   7.2322200000e-01
     50000    48.00000000   7.1025500000e-01
     50000    50.00000000   6.9501100000e-01
     50000    52.00000000   6.7745400000e-01
     50000    54.00000000   6.5757400000e-01
     50000    56.00000000   6.3538700000e-01
     50000    58.00000000   6.1092400000e-01
     50000    60.00000000   5.8424200000e-01
     50000    62.00000000   5.5541000000e-01
     50000    64.00000000   5.2452000000e-01
     50000    66.00000000   4.9167400000e-01
     50000    68.00000000   4.5699400000e-01
     50000    70.00000000   4.2061100000e-01
     50000    72.00000000   3.8267100000e-01
     50000    74.00000000   3.4333100000e-01
     50000    76.00000000   3.0275900000e-01
     50000    78.00000000   2.6113200000e-01
     50000    80.00000000   2.1863300000e-01
     50000    82.00000000   1.7545600000e-01
     50000    84.00000000   1.3179900000e-01
     50000    86.00000000   8.7865000000e-02
     50000    88.00000000   4.3862000000e-02
     50000    90.00000000   0.0000000000e+00
    100000   -90.00000000  -0.0000000000e+00
    100000   -88.00000000  -4.3721000000e-02
    100000   -86.00000000  -8.7300000000e-02
    100000   -84.00000000  -1.3052600000e-01
    100000   -82.00000000  -1.7319100000e-01
    100000   -80.00000000  -2.1508700000e-01
    100000   -78.00000000  -2.5601400000e-01
    100000   -76.00000000  -2.9577400000e-01
    100000   -74.00000000  -3.3417900000e-01
    100000   -72.00000000  -3.7104400000e-01
    100000   -70.00000000  -4.0619500000e-01
    100000   -68.00000000  -4.3946700000e-01
    100000   -66.00000000  -4.7070300000e-01
    100000   -64.00000000  -4.9976000000e-01
    100000   -62.00000000  -5.2650300000e-01
    100000   -60.00000000  -5.5081200000e-01
    100000   -58.00000000  -5.7257800000e-01
    100000   -56.00000000  -5.9170800000e-01
    100000   -54.00000000  -6.0812000000e-01
    100000   -52.00000000  -6.2175100000e-01
    100000   -50.00000000  -6.3255100000e-01
    100000   -48.00000000  -6.4048500000e-01
    100000   -46.00000000  -6.4553800000e-01
    100000   -44.00000000  -6.4771000000e-01
    100000   -42.00000000  -6.4702000000e-01
    100000   -40.00000000  -6.4350500000e-01
    100000   -38.00000000  -6.3722300000e-01
    100000   -36.00000000  -6.2825100000e-01
    100000   -34.00000000  -6.1669000000e-01
    100000   -32.00000000  -6.0266600000e-01
    100000   -30.00000000  -5.8633400000e-01
    100000   -28.00000000  -5.6787900000e-01
    100000   -26.00000000  -5.4753000000e-01
    100000   -24.00000000  -5.2556300000e-01
    100000   -22.00000000  -5.0232400000e-01
    100000   -20.00000000  -4.7825400000e-01
    100000   -18.00000000  -4.5393400000e-01
    100000   -16.00000000  -4.3016600000e-01
    100000   -14.00000000  -4.0812700000e-01
    100000   -12.00000000  -3.8966500000e-01
    100000   -10.00000000  -3.7797100000e-01
    100000    -8.00000000  -3.7441000000e-01
    100000    -6.00000000  -3.9499800000e-01
    100000    -4.00000000  -2.0532500000e-01
    100000    -2.00000000   1.2890000000e-01
    100000     0.00000000   4.3370000000e-01
    100000     2.00000000   6.7430000000e-01
    100000     4.00000000   8.8980000000e-01
    100000     6.00000000   1.0796000000e+00
    100000     8.00000000   1.2231610000e+00
    100000    10.00000000   1.2310820000e+00
    100000    12.00000000   1.1052780000e+00
    100000    14.00000000   1.0109180000e+00
    100000    16.00000000   9.4942000000e-01
    100000    18.00000000   9.0731600000e-01
    100000    20.00000000   8.7815700000e-01
    100000    22.00000000   8.5778400000e-01
    100000    24.00000000   8.4338300000e-01
    100000    26.00000000   8.3296800000e-01
    100000    28.00000000   8.2509300000e-01
    100000    30.00000000   8.1867400000e-01
    100000    32.00000000   8.1288200000e-01
    100000    34.00000000   8.0707000000e-01
    100000    36.00000000   8.0072800000e-01
    100000    38.00000000   7.9345000000e-01
    100000    40.00000000   7.8491400000e-01
    100000    42.00000000   7.7486100000e-01
    100000    44.00000000   7.6309100000e-01
    100000    46.00000000   7.4944500000e-01
    100000    48.00000000   7.3380700000e-01
    100000    50.00000000   7.1609500000e-01
    100000    52.00000000   6.9625600000e-01
    100000    54.00000000   6.7426800000e-01
    100000    56.00000000   6.5013100000e-01
    100000    58.00000000   6.2386800000e-01
    100000    60.00000000   5.9552600000e-01
    100000    62.00000000   5.6516800000e-01
    100000    64.00000000   5.3287800000e-01
    100000    66.00000000   4.9875300000e-01
    100000    68.00000000   4.6291000000e-01
    100000    70.00000000   4.2547700000e-01
    100000    72.00000000   3.8659600000e-01
    100000    74.00000000   3.4642100000e-01
    100000    76.00000000   3.0511700000e-01
    100000    78.00000000   2.6285900000e-01
    100000    80.00000000   2.1983000000e-01
    100000    82.00000000   1.7622100000e-01
    100000    84.00000000   1.3222800000e-01
    100000    86.00000000   8.8055000000e-02
    100000    88.00000000   4.3909000000e-02
    100000    90.00000000   0.0000000000e+00
    150000   -90.00000000  -0.0000000000e+00
    150000   -88.00000000  -4.3719000000e-02
    150000   -86.00000000  -8.7293000000e-02
    150000   -84.00000000  -1.3051200000e-01
    150000   -82.00000000  -1.7316400000e-01
    150000   -80.00000000  -2.1504600000e-01
    150000   -78.00000000  -2.5595400000e-01
    150000   -76.00000000  -2.9569300000e-01
    150000   -74.00000000  -3.3407200000e-01
    150000   -72.00000000  -3.7090800000e-01
    150000   -70.00000000  -4.0602600000e-01
    150000   -68.00000000  -4.3926200000e-01
    150000   -66.00000000  -4.7045800000e-01
    150000   -64.00000000  -4.9947100000e-01
    150000   -62.00000000  -5.2616500000e-01
    150000   -60.00000000  -5.5042100000e-01
    150000   -58.00000000  -5.7213000000e-01
    150000   -56.00000000  -5.9119700000e-01
    150000   -54.00000000  -6.0754300000e-01
    150000   -52.00000000  -6.2110000000e-01
    150000   -50.00000000  -6.3182100000e-01
    150000   -48.00000000  -6.3967000000e-01
    150000   -46.00000000  -6.4463000000e-01
    150000   -44.00000000  -6.4670200000e-01
    150000   -42.00000000  -6.4590400000e-01
    150000   -40.00000000  -6.4227000000e-01
    150000   -38.00000000  -6.3585800000e-01
    150000   -36.00000000  -6.2674400000e-01
    150000   -34.00000000  -6.1502700000e-01
    150000   -32.00000000  -6.0083000000e-01
    150000   -30.00000000  -5.8430400000e-01
    150000   -28.00000000  -5.6563200000e-01
    150000   -26.00000000  -5.4503600000e-01
    150000   -24.00000000  -5.2278700000e-01
    150000   -22.00000000  -4.9921900000e-01
    150000   -20.00000000  -4.7476100000e-01
    150000   -18.00000000  -4.4997300000e-01
    150000   -16.00000000  -4.2563000000e-01
    150000   -14.00000000  -4.0286100000e-01
    150000   -12.00000000  -3.8343800000e-01
    150000   -10.00000000  -3.7041400000e-01
    150000    -8.00000000  -3.6131200000e-01
    150000    -6.00000000  -3.7840100000e-01
    150000    -4.00000000  -7.9463000000e-02
    150000    -2.00000000   2.2560000000e-01
    150000     0.00000000   4.7780000000e-01
    150000     2.00000000   6.9140000000e-01
    150000     4.00000000   8.8810000000e-01
    150000     6.00000000   1.1212850000e+00
    150000     8.00000000   1.1595010000e+00
    150000    10.00000000   9.9507600000e-01
    150000    12.00000000   8.9147600000e-01
    150000    14.00000000   8.3249500000e-01
    150000    16.00000000   7.9572400000e-01
    150000    18.00000000   7.7311800000e-01
    150000    20.00000000   7.5978800000e-01
    150000    22.00000000   7.5257000000e-01
    150000    24.00000000   7.4931000000e-01
    150000    26.00000000   7.4848000000e-01
    150000    28.00000000   7.4895900000e-01
    150000    30.00000000   7.4990300000e-01
    150000    32.00000000   7.5065900000e-01
    150000    34.00000000   7.5071800000e-01
    150000    36.00000000   7.4967500000e-01
    150000    38.00000000   7.4720800000e-01
    150000    40.00000000   7.4305800000e-01
    150000    42.00000000   7.3702100000e-01
    150000    44.00000000   7.2893900000e-01
    150000    46.00000000   7.1868900000e-01
    150000    48.00000000   7.0618400000e-01
    150000    50.00000000   6.9136600000e-01
    150000    52.00000000   6.7420300000e-01
    150000    54.00000000   6.5468900000e-01
    150000    56.00000000   6.3283800000e-01
    150000    58.00000000   6.0868700000e-01
    150000    60.00000000   5.8229100000e-01
    150000    62.00000000   5.5372400000e-01
    150000    64.00000000   5.2307500000e-01
    150000    66.00000000   4.9045100000e-01
    150000    68.00000000   4.5597100000e-01
    150000    70.00000000   4.1977000000e-01
    150000    72.00000000   3.8199300000e-01
    150000    74.00000000   3.4279700000e-01
    150000    76.00000000   3.0235200000e-01
    150000    78.00000000   2.6083300000e-01
    150000    80.00000000   2.1842600000e-01
    150000    82.00000000   1.7532400000e-01
    150000    84.00000000   1.3172400000e-01
    150000    86.00000000   8.7832000000e-02
    150000    88.00000000   4.3853000000e-02
    150000    90.00000000   0.0000000000e+00
    200000   -90.00000000  -0.0000000000e+00
    200000   -88.00000000  -4.3714000000e-02
    200000   -86.00000000  -8.7272000000e-02
    200000   -84.00000000  -1.3046400000e-01
    200000   -82.00000000  -1.7308000000e-01
    200000   -80.00000000  -2.1491400000e-01
    200000   -78.00000000  -2.5576400000e-01
    200000   -76.00000000  -2.9543400000e-01
    200000   -74.00000000  -3.3373200000e-01
    200000   -72.00000000  -3.7047700000e-01
    200000   -70.00000000  -4.0549200000e-01
    200000   -68.00000000  -4.3861200000e-01
    200000   -66.00000000  -4.6968100000e-01
    200000   -64.00000000  -4.9855300000e-01
    200000   -62.00000000  -5.2509400000e-01
    200000   -60.00000000  -5.4918200000e-01
    200000   -58.00000000  -5.7070900000e-01
    200000   -56.00000000  -5.8957800000e-01
    200000   -54.00000000  -6.0570900000e-01
    200000   -52.00000000  -6.1903500000e-01
    200000   -50.00000000  -6.2950500000e-01
    200000   -48.00000000  -6.3708300000e-01
    200000   -46.00000000  -6.4175000000e-01
    200000   -44.00000000  -6.4350400000e-01
    200000   -42.00000000  -6.4236000000e-01
    200000   -40.00000000  -6.3835100000e-01
    200000   -38.00000000  -6.3152800000e-01
    200000   -36.00000000  -6.2196300000e-01
    200000   -34.00000000  -6.0975000000e-01
    200000   -32.00000000  -5.9500300000e-01
    200000   -30.00000000  -5.7786400000e-01
    200000   -28.00000000  -5.5850300000e-01
    200000   -26.00000000  -5.3712400000e-01
    200000   -24.00000000  -5.1397700000e-01
    200000   -22.00000000  -4.8936700000e-01
    200000   -20.00000000  -4.6367600000e-01
    200000   -18.00000000  -4.3740700000e-01
    200000   -16.00000000  -4.1123800000e-01
    200000   -14.00000000  -3.8615300000e-01
    200000   -12.00000000  -3.6368100000e-01
    200000   -10.00000000  -3.4581300000e-01
    200000    -8.00000000  -3.4364800000e-01
    200000    -6.00000000  -3.0982700000e-01
    200000    -4.00000000  -2.7000000000e-03
    200000    -2.00000000   2.5910000000e-01
    200000     0.00000000   4.8290000000e-01
    200000     2.00000000   6.9060000000e-01
    200000     4.00000000   8.8590000000e-01
    200000     6.00000000   1.0808770000e+00
    200000     8.00000000   1.2175790000e+00
    200000    10.00000000   1.0799930000e+00
    200000    12.00000000   9.5403200000e-01
    200000    14.00000000   8.8539800000e-01
    200000    16.00000000   8.4129500000e-01
    200000    18.00000000   8.1290800000e-01
    200000    20.00000000   7.9488400000e-01
    200000    22.00000000   7.8376600000e-01
    200000    24.00000000   7.7720300000e-01
    200000    26.00000000   7.7353100000e-01
    200000    28.00000000   7.7153300000e-01
    200000    30.00000000   7.7029400000e-01
    200000    32.00000000   7.6910800000e-01
    200000    34.00000000   7.6742700000e-01
    200000    36.00000000   7.6481200000e-01
    200000    38.00000000   7.6091900000e-01
    200000    40.00000000   7.5546800000e-01
    200000    42.00000000   7.4824100000e-01
    200000    44.00000000   7.3906500000e-01
    200000    46.00000000   7.2780800000e-01
    200000    48.00000000   7.1437400000e-01
    200000    50.00000000   6.9869800000e-01
    200000    52.00000000   6.8074200000e-01
    200000    54.00000000   6.6049400000e-01
    200000    56.00000000   6.3796500000e-01
    200000    58.00000000   6.1318800000e-01
    200000    60.00000000   5.8621500000e-01
    200000    62.00000000   5.5711700000e-01
    200000    64.00000000   5.2598100000e-01
    200000    66.00000000   4.9291200000e-01
    200000    68.00000000   4.5802800000e-01
    200000    70.00000000   4.2146200000e-01
    200000    72.00000000   3.8335700000e-01
    200000    74.00000000   3.4387200000e-01
    200000    76.00000000   3.0317200000e-01
    200000    78.00000000   2.6143400000e-01
    200000    80.00000000   2.1884200000e-01
    200000    82.00000000   1.7559000000e-01
    200000    84.00000000   1.3187400000e-01
    200000    86.00000000   8.7898000000e-02
    200000    88.00000000   4.3870000000e-02
    200000    90.00000000   0.0000000000e+00
    250000   -90.00000000  -0.0000000000e+00
    250000   -88.00000000  -4.3701000000e-02
    250000   -86.00000000  -8.7222000000e-02
    250000   -84.00000000  -1.3035100000e-01
    250000   -82.00000000  -1.7287900000e-01
    250000   -80.00000000  -2.1459900000e-01
    250000   -78.00000000  -2.5531000000e-01
    250000   -76.00000000  -2.9481300000e-01
    250000   -74.00000000  -3.3291900000e-01
    250000   -72.00000000  -3.6944300000e-01
    250000   -70.00000000  -4.0421100000e-01
    250000   -68.00000000  -4.3705500000e-01
    250000   -66.00000000  -4.6781700000e-01
    250000   -64.00000000  -4.9635200000e-01
    250000   -62.00000000  -5.2252500000e-01
    250000   -60.00000000  -5.4621100000e-01
    250000   -58.00000000  -5.6730100000e-01
    250000   -56.00000000  -5.8569600000e-01
    250000   -54.00000000  -6.0131400000e-01
    250000   -52.00000000  -6.1408500000e-01
    250000   -50.00000000  -6.2395400000e-01
    250000   -48.00000000  -6.3088300000e-01
    250000   -46.00000000  -6.3484700000e-01
    250000   -44.00000000  -6.3583800000e-01
    250000   -42.00000000  -6.3386600000e-01
    250000   -40.00000000  -6.2895500000e-01
    250000   -38.00000000  -6.2114800000e-01
    250000   -36.00000000  -6.1050400000e-01
    250000   -34.00000000  -5.9710100000e-01
    250000   -32.00000000  -5.8103600000e-01
    250000   -30.00000000  -5.6242700000e-01
    250000   -28.00000000  -5.4141300000e-01
    250000   -26.00000000  -5.1815900000e-01
    250000   -24.00000000  -4.9286100000e-01
    250000   -22.00000000  -4.6574900000e-01
    250000   -20.00000000  -4.3710600000e-01
    250000   -18.00000000  -4.0728300000e-01
    250000   -16.00000000  -3.7673700000e-01
    250000   -14.00000000  -3.4610200000e-01
    250000   -12.00000000  -3.1266000000e-01
    250000   -10.00000000  -2.9673900000e-01
    250000    -8.00000000  -2.9398900000e-01
    250000    -6.00000000  -2.4990000000e-01
    250000    -4.00000000   3.3500000000e-02
    250000    -2.00000000   2.6700000000e-01
    250000     0.00000000   4.7090000000e-01
    250000     2.00000000   6.8850000000e-01
    250000     4.00000000   8.8460000000e-01
    250000     6.00000000   1.0893570000e+00
    250000     8.00000000   1.1778000000e+00
    250000    10.00000000   1.0233090000e+00
    250000    12.00000000   9.1120300000e-01
    250000    14.00000000   8.4917800000e-01
    250000    16.00000000   8.1009400000e-01
    250000    18.00000000   7.8566500000e-01
    250000    20.00000000   7.7085500000e-01
    250000    22.00000000   7.6240800000e-01
    250000    24.00000000   7.5810600000e-01
    250000    26.00000000   7.5638000000e-01
    250000    28.00000000   7.5607800000e-01
    250000    30.00000000   7.5633300000e-01
    250000    32.00000000   7.5647700000e-01
    250000    34.00000000   7.5598700000e-01
    250000    36.00000000   7.5444900000e-01
    250000    38.00000000   7.5153100000e-01
    250000    40.00000000   7.4697100000e-01
    250000    42.00000000   7.4055900000e-01
    250000    44.00000000   7.3213200000e-01
    250000    46.00000000   7.2156500000e-01
    250000    48.00000000   7.0876700000e-01
    250000    50.00000000   6.9367800000e-01
    250000    52.00000000   6.7626500000e-01
    250000    54.00000000   6.5651900000e-01
    250000    56.00000000   6.3445500000e-01
    250000    58.00000000   6.1010600000e-01
    250000    60.00000000   5.8352800000e-01
    250000    62.00000000   5.5479400000e-01
    250000    64.00000000   5.2399100000e-01
    250000    66.00000000   4.9122700000e-01
    250000    68.00000000   4.5662000000e-01
    250000    70.00000000   4.2030300000e-01
    250000    72.00000000   3.8242300000e-01
    250000    74.00000000   3.4313600000e-01
    250000    76.00000000   3.0261000000e-01
    250000    78.00000000   2.6102200000e-01
    250000    80.00000000   2.1855700000e-01
    250000    82.00000000   1.7540800000e-01
    250000    84.00000000   1.3177200000e-01
    250000    86.00000000   8.7853000000e-02
    250000    88.00000000   4.3859000000e-02
    250000    90.00000000   0.0000000000e+00
     50000   -90.00000000  -0.0000000000e+00
     50000   -88.00000000  -4.3717000000e-02
     50000   -86.00000000  -8.7284000000e-02
     50000   -84.00000000  -1.3049200000e-01
     50000   -82.00000000  -1.7312900000e-01
     50000   -80.00000000  -2.1499000000e-01
     50000   -78.00000000  -2.5587300000e-01
     50000   -76.00000000  -2.9558300000e-01
     50000   -74.00000000  -3.3392700000e-01
     50000   -72.00000000  -3.7072400000e-01
     50000   -70.00000000  -4.0579900000e-01
     50000   -68.00000000  -4.3898600000e-01
     50000   -66.00000000  -4.7012800000e-01
     50000   -64.00000000  -4.9908000000e-01
     50000   -62.00000000  -5.2571000000e-01
     50000   -60.00000000  -5.4989400000e-01
     50000   -58.00000000  -5.7152600000e-01
     50000   -56.00000000  -5.9050900000e-01
     50000   -54.00000000  -6.0676300000e-01
     50000   -52.00000000  -6.2022200000e-01
     50000   -50.00000000  -6.3083600000e-01
     50000   -48.00000000  -6.3857000000e-01
     50000   -46.00000000  -6.4340600000e-01
     50000   -44.00000000  -6.4534200000e-01
     50000   -42.00000000  -6.4439600000e-01
     50000   -40.00000000  -6.4060300000e-01
     50000   -38.00000000  -6.3401600000e-01
     50000   -36.00000000  -6.2471100000e-01
     50000   -34.00000000  -6.1278300000e-01
     50000   -32.00000000  -5.9835200000e-01
     50000   -30.00000000  -5.8156500000e-01
     50000   -28.00000000  -5.6260000000e-01
     50000   -26.00000000  -5.4167100000e-01
     50000   -24.00000000  -5.1904000000e-01
     50000   -22.00000000  -4.9502900000e-01
     50000   -20.00000000  -4.7004700000e-01
     50000   -18.00000000  -4.4462900000e-01
     50000   -16.00000000  -4.1950900000e-01
     50000   -14.00000000  -3.9575500000e-01
     50000   -12.00000000  -3.7503500000e-01
     50000   -10.00000000  -3.6021600000e-01
     50000    -8.00000000  -3.5433500000e-01
     50000    -6.00000000  -3.7760000000e-01
     50000    -4.00000000  -2.7214000000e-01
     50000    -2.00000000  -4.8600000000e-02
     50000     0.00000000   1.6840000000e-01
     50000     2.00000000   4.7690000000e-01
     50000     4.00000000   7.0590000000e-01
     50000     6.00000000   9.8463100000e-01
     50000     8.00000000   1.1985690000e+00
     50000    10.00000000   1.0217610000e+00
     50000    12.00000000   9.1916000000e-01
     50000    14.00000000   8.5590700000e-01
     50000    16.00000000   8.1589100000e-01
     50000    18.00000000   7.9072600000e-01
     50000    20.00000000   7.7532000000e-01
     50000    22.00000000   7.6637600000e-01
     50000    24.00000000   7.6165400000e-01
     50000    26.00000000   7.5956600000e-01
     50000    28.00000000   7.5894900000e-01
     50000    30.00000000   7.5892700000e-01
     50000    32.00000000   7.5882400000e-01
     50000    34.00000000   7.5811200000e-01
     50000    36.00000000   7.5637400000e-01
     50000    38.00000000   7.5327500000e-01
     50000    40.00000000   7.4855000000e-01
     50000    42.00000000   7.4198600000e-01
     50000    44.00000000   7.3342000000e-01
     50000    46.00000000   7.2272500000e-01
     50000    48.00000000   7.0980900000e-01
     50000    50.00000000   6.9461100000e-01
     50000    52.00000000   6.7709700000e-01
     50000    54.00000000   6.5725800000e-01
     50000    56.00000000   6.3510700000e-01
     50000    58.00000000   6.1067900000e-01
     50000    60.00000000   5.8402800000e-01
     50000    62.00000000   5.5522500000e-01
     50000    64.00000000   5.2436100000e-01
     50000    66.00000000   4.9154000000e-01
     50000    68.00000000   4.5688100000e-01
     50000    70.00000000   4.2051800000e-01
     50000    72.00000000   3.8259700000e-01
     50000    74.00000000   3.4327300000e-01
     50000    76.00000000   3.0271500000e-01
     50000    78.00000000   2.6109900000e-01
     50000    80.00000000   2.1861000000e-01
     50000    82.00000000   1.7544100000e-01
     50000    84.00000000   1.3179100000e-01
     50000    86.00000000   8.7861000000e-02
     50000    88.00000000   4.3861000000e-02
     50000    90.00000000   0.0000000000e+00
    100000   -90.00000000  -0.0000000000e+00
    100000   -88.00000000  -4.3716000000e-02
    100000   -86.00000000  -8.7283000000e-02
    100000   -84.00000000  -1.3048800000e-01
    100000   -82.00000000  -1.7312200000e-01
    100000   -80.00000000  -2.1498000000e-01
    100000   -78.00000000  -2.5585800000e-01
    100000   -76.00000000  -2.9556200000e-01
    100000   -74.00000000  -3.3390000000e-01
    100000   -72.00000000  -3.7069000000e-01
    100000   -70.00000000  -4.0575700000e-01
    100000   -68.00000000  -4.3893400000e-01
    100000   -66.00000000  -4.7006600000e-01
    100000   -64.00000000  -4.9900700000e-01
    100000   -62.00000000  -5.2562400000e-01
    100000   -60.00000000  -5.4979600000e-01
    100000   -58.00000000  -5.7141200000e-01
    100000   -56.00000000  -5.9038000000e-01
    100000   -54.00000000  -6.0661700000e-01
    100000   -52.00000000  -6.2005800000e-01
    100000   -50.00000000  -6.3065200000e-01
    100000   -48.00000000  -6.3836400000e-01
    100000   -46.00000000  -6.4317600000e-01
    100000   -44.00000000  -6.4508800000e-01
    100000   -42.00000000  -6.4411500000e-01
    100000   -40.00000000  -6.4029100000e-01
    100000   -38.00000000  -6.3367200000e-01
    100000   -36.00000000  -6.2433000000e-01
    100000   -34.00000000  -6.1236300000e-01
    100000   -32.00000000  -5.9788800000e-01
    100000   -30.00000000  -5.8105300000e-01
    100000   -28.00000000  -5.6203300000e-01
    100000   -26.00000000  -5.4104200000e-01
    100000   -24.00000000  -5.1833900000e-01
    100000   -22.00000000  -4.9424500000e-01
    100000   -20.00000000  -4.6916500000e-01
    100000   -18.00000000  -4.4362900000e-01
    100000   -16.00000000  -4.1836400000e-01
    100000   -14.00000000  -3.9442500000e-01
    100000   -12.00000000  -3.7346300000e-01
    100000   -10.00000000  -3.5830800000e-01
    100000    -8.00000000  -3.5383600000e-01
    100000    -6.00000000  -3.7160100000e-01
    100000    -4.00000000  -1.9447700000e-01
    100000    -2.00000000   1.2570000000e-01
    100000     0.00000000   4.2330000000e-01
    100000     2.00000000   6.7460000000e-01
    100000     4.00000000   8.8950000000e-01
    100000     6.00000000   1.0794000000e+00
    100000     8.00000000   1.2415530000e+00
    100000    10.00000000   1.2217630000e+00
    100000    12.00000000   1.0746310000e+00
    100000    14.00000000   9.8441700000e-01
    100000    16.00000000   9.2659100000e-01
    100000    18.00000000   8.8738400000e-01
    100000    20.00000000   8.6057600000e-01
    100000    22.00000000   8.4215700000e-01
    100000    24.00000000   8.2941000000e-01
    100000    26.00000000   8.2041900000e-01
    100000    28.00000000   8.1378500000e-01
    100000    30.00000000   8.0846000000e-01
    100000    32.00000000   8.0364000000e-01
    100000    34.00000000   7.9870000000e-01
    100000    36.00000000   7.9314500000e-01
    100000    38.00000000   7.8658200000e-01
    100000    40.00000000   7.7869700000e-01
    100000    42.00000000   7.6924100000e-01
    100000    44.00000000   7.5801800000e-01
    100000    46.00000000   7.4487700000e-01
    100000    48.00000000   7.2970400000e-01
    100000    50.00000000   7.1242200000e-01
    100000    52.00000000   6.9298100000e-01
    100000    54.00000000   6.7136000000e-01
    100000    56.00000000   6.4756200000e-01
    100000    58.00000000   6.2161300000e-01
    100000    60.00000000   5.9356000000e-01
    100000    62.00000000   5.6346800000e-01
    100000    64.00000000   5.3142200000e-01
    100000    66.00000000   4.9752000000e-01
    100000    68.00000000   4.6187900000e-01
    100000    70.00000000   4.2462900000e-01
    100000    72.00000000   3.8591200000e-01
    100000    74.00000000   3.4588300000e-01
    100000    76.00000000   3.0470700000e-01
    100000    78.00000000   2.6255800000e-01
    100000    80.00000000   2.1962100000e-01
    100000    82.00000000   1.7608700000e-01
    100000    84.00000000   1.3215300000e-01
    100000    86.00000000   8.8022000000e-02
    100000    88.00000000   4.3901000000e-02
    100000    90.00000000   0.0000000000e+00
    150000   -90.00000000  -0.0000000000e+00
    150000   -88.00000000  -4.3715000000e-02
    150000   -86.00000000  -8.7278000000e-02
    150000   -84.00000000  -1.3047700000e-01
    150000   -82.00000000  -1.7310300000e-01
    150000   -80.00000000  -2.1495000000e-01
    150000   -78.00000000  -2.5581600000e-01
    150000   -76.00000000  -2.9550400000e-01
    150000   -74.00000000  -3.3382400000e-01
    150000   -72.00000000  -3.7059300000e-01
    150000   -70.00000000  -4.0563600000e-01
    150000   -68.00000000  -4.3878800000e-01
    150000   -66.00000000  -4.6989100000e-01
    150000   -64.00000000  -4.9880100000e-01
    150000   -62.00000000  -5.2538300000e-01
    150000   -60.00000000  -5.4951700000e-01
    150000   -58.00000000  -5.7109300000e-01
    150000   -56.00000000  -5.9001600000e-01
    150000   -54.00000000  -6.0620500000e-01
    150000   -52.00000000  -6.1959300000e-01
    150000   -50.00000000  -6.3013100000e-01
    150000   -48.00000000  -6.3778200000e-01
    150000   -46.00000000  -6.4252900000e-01
    150000   -44.00000000  -6.4436900000e-01
    150000   -42.00000000  -6.4331800000e-01
    150000   -40.00000000  -6.3941000000e-01
    150000   -38.00000000  -6.3269800000e-01
    150000   -36.00000000  -6.2325500000e-01
    150000   -34.00000000  -6.1117600000e-01
    150000   -32.00000000  -5.9657800000e-01
    150000   -30.00000000  -5.7960500000e-01
    150000   -28.00000000  -5.6043000000e-01
    150000   -26.00000000  -5.3926300000e-01
    150000   -24.00000000  -5.1635800000e-01
    150000   -22.00000000  -4.9202900000e-01
    150000   -20.00000000  -4.6667200000e-01
    150000   -18.00000000  -4.4080300000e-01
    150000   -16.00000000  -4.1512800000e-01
    150000   -14.00000000  -3.9066800000e-01
    150000   -12.00000000  -3.6902100000e-01
    150000   -10.00000000  -3.5291600000e-01
    150000    -8.00000000  -3.4871200000e-01
    150000    -6.00000000  -3.4754600000e-01
    150000    -4.00000000  -7.3971000000e-02
    150000    -2.00000000   2.2550000000e-01
    150000     0.00000000   4.7230000000e-01
    150000     2.00000000   6.9130000000e-01
    150000     4.00000000   8.8790000000e-01
    150000     6.00000000   1.0756000000e+00
    150000     8.00000000   1.2129050000e+00
    150000    10.00000000   1.2786000000e+00
    150000    12.00000000   1.1426110000e+00
    150000    14.00000000   1.0356740000e+00
    150000    16.00000000   9.7074400000e-01
    150000    18.00000000   9.2593600000e-01
    150000    20.00000000   8.9458000000e-01
    150000    22.00000000   8.7238200000e-01
    150000    24.00000000   8.5643500000e-01
    150000    26.00000000   8.4469000000e-01
    150000    28.00000000   8.3565600000e-01
    150000    30.00000000   8.2821600000e-01
    150000    32.00000000   8.2151500000e-01
    150000    34.00000000   8.1488800000e-01
    150000    36.00000000   8.0781100000e-01
    150000    38.00000000   7.9986600000e-01
    150000    40.00000000   7.9072100000e-01
    150000    42.00000000   7.8011100000e-01
    150000    44.00000000   7.6782900000e-01
    150000    46.00000000   7.5371200000e-01
    150000    48.00000000   7.3763900000e-01
    150000    50.00000000   7.1952500000e-01
    150000    52.00000000   6.9931600000e-01
    150000    54.00000000   6.7698400000e-01
    150000    56.00000000   6.5253000000e-01
    150000    58.00000000   6.2597500000e-01
    150000    60.00000000   5.9736200000e-01
    150000    62.00000000   5.6675600000e-01
    150000    64.00000000   5.3423800000e-01
    150000    66.00000000   4.9990500000e-01
    150000    68.00000000   4.6387300000e-01
    150000    70.00000000   4.2626900000e-01
    150000    72.00000000   3.8723500000e-01
    150000    74.00000000   3.4692400000e-01
    150000    76.00000000   3.0550100000e-01
    150000    78.00000000   2.6314000000e-01
    150000    80.00000000   2.2002500000e-01
    150000    82.00000000   1.7634500000e-01
    150000    84.00000000   1.3229800000e-01
    150000    86.00000000   8.8086000000e-02
    150000    88.00000000   4.3917000000e-02
    150000    90.00000000   0.0000000000e+00
    200000   -90.00000000  -0.0000000000e+00
    200000   -88.00000000  -4.3718000000e-02
    200000   -86.00000000  -8.7291000000e-02
    200000   -84.00000000  -1.3050700000e-01
    200000   -82.00000000  -1.7315700000e-01
    200000   -80.00000000  -2.1503400000e-01
    200000   -78.00000000  -2.5593700000e-01
    200000   -76.00000000  -2.9566900000e-01
    200000   -74.00000000  -3.3404000000e-01
    200000   -72.00000000  -3.7086800000e-01
    200000   -70.00000000  -4.0597700000e-01
    200000   -68.00000000  -4.3920200000e-01
    200000   -66.00000000  -4.7038600000e-01
    200000   -64.00000000  -4.9938500000e-01
    200000   -62.00000000  -5.2606600000e-01
    200000   -60.00000000  -5.5030600000e-01
    200000   -58.00000000  -5.7199800000e-01
    200000   -56.00000000  -5.9104700000e-01
    200000   -54.00000000  -6.0737200000e-01
    200000   -52.00000000  -6.2090900000e-01
    200000   -50.00000000  -6.3160600000e-01
    200000   -48.00000000  -6.3943000000e-01
    200000   -46.00000000  -6.4436300000e-01
    200000   -44.00000000  -6.4640600000e-01
    200000   -42.00000000  -6.4557500000e-01
    200000   -40.00000000  -6.4190600000e-01
    200000   -38.00000000  -6.3545600000e-01
    200000   -36.00000000  -6.2630000000e-01
    200000   -34.00000000  -6.1453700000e-01
    200000   -32.00000000  -6.0028900000e-01
    200000   -30.00000000  -5.8370600000e-01
    200000   -28.00000000  -5.6497000000e-01
    200000   -26.00000000  -5.4430200000e-01
    200000   -24.00000000  -5.2196900000e-01
    200000   -22.00000000  -4.9830500000e-01
    200000   -20.00000000  -4.7373200000e-01
    200000   -18.00000000  -4.4880700000e-01
    200000   -16.00000000  -4.2429400000e-01
    200000   -14.00000000  -4.0131000000e-01
    200000   -12.00000000  -3.8160400000e-01
    200000   -10.00000000  -3.6684800000e-01
    200000    -8.00000000  -3.6690000000e-01
    200000    -6.00000000  -3.1582300000e-01
    200000    -4.00000000  -5.8000000000e-03
    200000    -2.00000000   2.5900000000e-01
    200000     0.00000000   4.8360000000e-01
    200000     2.00000000   6.9050000000e-01
    200000     4.00000000   8.8580000000e-01
    200000     6.00000000   1.0984870000e+00
    200000     8.00000000   1.1886000000e+00
    200000    10.00000000   1.0318940000e+00
    200000    12.00000000   9.1825600000e-01
    200000    14.00000000   8.5514300000e-01
    200000    16.00000000   8.1523300000e-01
    200000    18.00000000   7.9015200000e-01
    200000    20.00000000   7.7481300000e-01
    200000    22.00000000   7.6592500000e-01
    200000    24.00000000   7.6125100000e-01
    200000    26.00000000   7.5920400000e-01
    200000    28.00000000   7.5862300000e-01
    200000    30.00000000   7.5863200000e-01
    200000    32.00000000   7.5855700000e-01
    200000    34.00000000   7.5787100000e-01
    200000    36.00000000   7.5615500000e-01
    200000    38.00000000   7.5307700000e-01
    200000    40.00000000   7.4837000000e-01
    200000    42.00000000   7.4182400000e-01
    200000    44.00000000   7.3327400000e-01
    200000    46.00000000   7.2259300000e-01
    200000    48.00000000   7.0969000000e-01
    200000    50.00000000   6.9450500000e-01
    200000    52.00000000   6.7700200000e-01
    200000    54.00000000   6.5717400000e-01
    200000    56.00000000   6.3503300000e-01
    200000    58.00000000   6.1061400000e-01
    200000    60.00000000   5.8397100000e-01
    200000    62.00000000   5.5517600000e-01
    200000    64.00000000   5.2431900000e-01
    200000    66.00000000   4.9150400000e-01
    200000    68.00000000   4.5685200000e-01
    200000    70.00000000   4.2049400000e-01
    200000    72.00000000   3.8257700000e-01
    200000    74.00000000   3.4325700000e-01
    200000    76.00000000   3.0270300000e-01
    200000    78.00000000   2.6109000000e-01
    200000    80.00000000   2.1860400000e-01
    200000    82.00000000   1.7543800000e-01
    200000    84.00000000   1.3178800000e-01
    200000    86.00000000   8.7860000000e-02
    200000    88.00000000   4.3861000000e-02
    200000    90.00000000   0.0000000000e+00
    250000   -90.00000000  -0.0000000000e+00
    250000   -88.00000000  -4.3716000000e-02
    250000   -86.00000000  -8.7283000000e-02
    250000   -84.00000000  -1.3048700000e-01
    250000   -82.00000000  -1.7312100000e-01
    250000   -80.00000000  -2.1497800000e-01
    250000   -78.00000000  -2.5585700000e-01
    250000   -76.00000000  -2.9556000000e-01
    250000   -74.00000000  -3.3389800000e-01
    250000   -72.00000000  -3.7068700000e-01
    250000   -70.00000000  -4.0575300000e-01
    250000   -68.00000000  -4.3892900000e-01
    250000   -66.00000000  -4.7006000000e-01
    250000   -64.00000000  -4.9900000000e-01
    250000   -62.00000000  -5.2561600000e-01
    250000   -60.00000000  -5.4978600000e-01
    250000   -58.00000000  -5.7140100000e-01
    250000   -56.00000000  -5.9036700000e-01
    250000   -54.00000000  -6.0660300000e-01
    250000   -52.00000000  -6.2004200000e-01
    250000   -50.00000000  -6.3063400000e-01
    250000   -48.00000000  -6.3834400000e-01
    250000   -46.00000000  -6.4315400000e-01
    250000   -44.00000000  -6.4506300000e-01
    250000   -42.00000000  -6.4408700000e-01
    250000   -40.00000000  -6.4026100000e-01
    250000   -38.00000000  -6.3363800000e-01
    250000   -36.00000000  -6.2429300000e-01
    250000   -34.00000000  -6.1232200000e-01
    250000   -32.00000000  -5.9784300000e-01
    250000   -30.00000000  -5.8100300000e-01
    250000   -28.00000000  -5.6197700000e-01
    250000   -26.00000000  -5.4098000000e-01
    250000   -24.00000000  -5.1827000000e-01
    250000   -22.00000000  -4.9416800000e-01
    250000   -20.00000000  -4.6907900000e-01
    250000   -18.00000000  -4.4353100000e-01
    250000   -16.00000000  -4.1825200000e-01
    250000   -14.00000000  -3.9429600000e-01
    250000   -12.00000000  -3.7331000000e-01
    250000   -10.00000000  -3.5725700000e-01
    250000    -8.00000000  -3.5420000000e-01
    250000    -6.00000000  -2.9131900000e-01
    250000    -4.00000000   3.0500000000e-02
    250000    -2.00000000   2.6700000000e-01
    250000     0.00000000   4.8165000000e-01
    250000     2.00000000   6.8750000000e-01
    250000     4.00000000   8.8450000000e-01
    250000     6.00000000   1.1017830000e+00
    250000     8.00000000   1.1716760000e+00
    250000    10.00000000   1.0047130000e+00
    250000    12.00000000   8.9931300000e-01
    250000    14.00000000   8.3912300000e-01
    250000    16.00000000   8.0143300000e-01
    250000    18.00000000   7.7810300000e-01
    250000    20.00000000   7.6418500000e-01
    250000    22.00000000   7.5647900000e-01
    250000    24.00000000   7.5280500000e-01
    250000    26.00000000   7.5161800000e-01
    250000    28.00000000   7.5178700000e-01
    250000    30.00000000   7.5245800000e-01
    250000    32.00000000   7.5297100000e-01
    250000    34.00000000   7.5281200000e-01
    250000    36.00000000   7.5157200000e-01
    250000    38.00000000   7.4892500000e-01
    250000    40.00000000   7.4461200000e-01
    250000    42.00000000   7.3842700000e-01
    250000    44.00000000   7.3020700000e-01
    250000    46.00000000   7.1983100000e-01
    250000    48.00000000   7.0721000000e-01
    250000    50.00000000   6.9228500000e-01
    250000    52.00000000   6.7502200000e-01
    250000    54.00000000   6.5541600000e-01
    250000    56.00000000   6.3348000000e-01
    250000    58.00000000   6.0925100000e-01
    250000    60.00000000   5.8278300000e-01
    250000    62.00000000   5.5414900000e-01
    250000    64.00000000   5.2343900000e-01
    250000    66.00000000   4.9075900000e-01
    250000    68.00000000   4.5622900000e-01
    250000    70.00000000   4.1998200000e-01
    250000    72.00000000   3.8216400000e-01
    250000    74.00000000   3.4293200000e-01
    250000    76.00000000   3.0245500000e-01
    250000    78.00000000   2.6090800000e-01
    250000    80.00000000   2.1847800000e-01
    250000    82.00000000   1.7535700000e-01
    250000    84.00000000   1.3174300000e-01
    250000    86.00000000   8.7840000000e-02
    250000    88.00000000   4.3856000000e-02
    250000    90.00000000   0.0000000000e+00
     50000   -90.00000000  -0.0000000000e+00
     50000   -88.00000000  -4.3717000000e-02
     50000   -86.00000000  -8.7287000000e-02
     50000   -84.00000000  -1.3049700000e-01
     50000   -82.00000000  -1.7313900000e-01
     50000   -80.00000000  -2.1500600000e-01
     50000   -78.00000000  -2.5589700000e-01
     50000   -76.00000000  -2.9561400000e-01
     50000   -74.00000000  -3.3396900000e-01
     50000   -72.00000000  -3.7077700000e-01
     50000   -70.00000000  -4.0586400000e-01
     50000   -68.00000000  -4.3906500000e-01
     50000   -66.00000000  -4.7022200000e-01
     50000   -64.00000000  -4.9919200000e-01
     50000   -62.00000000  -5.2584000000e-01
     50000   -60.00000000  -5.5004500000e-01
     50000   -58.00000000  -5.7169900000e-01
     50000   -56.00000000  -5.9070600000e-01
     50000   -54.00000000  -6.0698600000e-01
     50000   -52.00000000  -6.2047300000e-01
     50000   -50.00000000  -6.3111800000e-01
     50000   -48.00000000  -6.3888400000e-01
     50000   -46.00000000  -6.4375600000e-01
     50000   -44.00000000  -6.4573100000e-01
     50000   -42.00000000  -6.4482800000e-01
     50000   -40.00000000  -6.4108000000e-01
     50000   -38.00000000  -6.3454300000e-01
     50000   -36.00000000  -6.2529200000e-01
     50000   -34.00000000  -6.1342400000e-01
     50000   -32.00000000  -5.9906100000e-01
     50000   -30.00000000  -5.8234800000e-01
     50000   -28.00000000  -5.6346700000e-01
     50000   -26.00000000  -5.4263400000e-01
     50000   -24.00000000  -5.2011200000e-01
     50000   -22.00000000  -4.9622700000e-01
     50000   -20.00000000  -4.7139500000e-01
     50000   -18.00000000  -4.4615800000e-01
     50000   -16.00000000  -4.2126000000e-01
     50000   -14.00000000  -3.9778700000e-01
     50000   -12.00000000  -3.7743900000e-01
     50000   -10.00000000  -3.6313300000e-01
     50000    -8.00000000  -3.5634900000e-01
     50000    -6.00000000  -3.7813200000e-01
     50000    -4.00000000  -2.6403900000e-01
     50000    -2.00000000  -4.6800000000e-02
     50000     0.00000000   1.6780000000e-01
     50000     2.00000000   4.7710000000e-01
     50000     4.00000000   7.0620000000e-01
     50000     6.00000000   9.9251900000e-01
     50000     8.00000000   1.2072450000e+00
     50000    10.00000000   1.0350310000e+00
     50000    12.00000000   9.3142200000e-01
     50000    14.00000000   8.6627700000e-01
     50000    16.00000000   8.2482300000e-01
     50000    18.00000000   7.9852600000e-01
     50000    20.00000000   7.8219900000e-01
     50000    22.00000000   7.7249000000e-01
     50000    24.00000000   7.6712100000e-01
     50000    26.00000000   7.6447600000e-01
     50000    28.00000000   7.6337400000e-01
     50000    30.00000000   7.6292400000e-01
     50000    32.00000000   7.6244000000e-01
     50000    34.00000000   7.6138800000e-01
     50000    36.00000000   7.5934100000e-01
     50000    38.00000000   7.5596300000e-01
     50000    40.00000000   7.5098200000e-01
     50000    42.00000000   7.4418500000e-01
     50000    44.00000000   7.3540500000e-01
     50000    46.00000000   7.2451200000e-01
     50000    48.00000000   7.1141400000e-01
     50000    50.00000000   6.9604800000e-01
     50000    52.00000000   6.7837800000e-01
     50000    54.00000000   6.5839600000e-01
     50000    56.00000000   6.3611200000e-01
     50000    58.00000000   6.1156100000e-01
     50000    60.00000000   5.8479700000e-01
     50000    62.00000000   5.5589000000e-01
     50000    64.00000000   5.2493100000e-01
     50000    66.00000000   4.9202300000e-01
     50000    68.00000000   4.5728500000e-01
     50000    70.00000000   4.2085000000e-01
     50000    72.00000000   3.8286400000e-01
     50000    74.00000000   3.4348300000e-01
     50000    76.00000000   3.0287500000e-01
     50000    78.00000000   2.6121700000e-01
     50000    80.00000000   2.1869200000e-01
     50000    82.00000000   1.7549400000e-01
     50000    84.00000000   1.3182000000e-01
     50000    86.00000000   8.7874000000e-02
     50000    88.00000000   4.3864000000e-02
     50000    90.00000000   0.0000000000e+00
    100000   -90.00000000  -0.0000000000e+00
    100000   -88.00000000  -4.3717000000e-02
    100000   -86.00000000  -8.7286000000e-02
    100000   -84.00000000  -1.3049500000e-01
    100000   -82.00000000  -1.7313500000e-01
    100000   -80.00000000  -2.1500100000e-01
    100000   -78.00000000  -2.5588900000e-01
    100000   -76.00000000  -2.9560300000e-01
    100000   -74.00000000  -3.3395500000e-01
    100000   -72.00000000  -3.7075900000e-01
    100000   -70.00000000  -4.0584200000e-01
    100000   -68.00000000  -4.3903800000e-01
    100000   -66.00000000  -4.7019000000e-01
    100000   -64.00000000  -4.9915400000e-01
    100000   -62.00000000  -5.2579600000e-01
    100000   -60.00000000  -5.4999400000e-01
    100000   -58.00000000  -5.7164000000e-01
    100000   -56.00000000  -5.9063800000e-01
    100000   -54.00000000  -6.0691000000e-01
    100000   -52.00000000  -6.2038800000e-01
    100000   -50.00000000  -6.3102100000e-01
    100000   -48.00000000  -6.3877700000e-01
    100000   -46.00000000  -6.4363600000e-01
    100000   -44.00000000  -6.4559900000e-01
    100000   -42.00000000  -6.4468100000e-01
    100000   -40.00000000  -6.4091700000e-01
    100000   -38.00000000  -6.3436400000e-01
    100000   -36.00000000  -6.2509400000e-01
    100000   -34.00000000  -6.1320600000e-01
    100000   -32.00000000  -5.9881900000e-01
    100000   -30.00000000  -5.8208100000e-01
    100000   -28.00000000  -5.6317200000e-01
    100000   -26.00000000  -5.4230500000e-01
    100000   -24.00000000  -5.1974600000e-01
    100000   -22.00000000  -4.9581900000e-01
    100000   -20.00000000  -4.7093500000e-01
    100000   -18.00000000  -4.4563600000e-01
    100000   -16.00000000  -4.2066300000e-01
    100000   -14.00000000  -3.9709400000e-01
    100000   -12.00000000  -3.7661900000e-01
    100000   -10.00000000  -3.6213800000e-01
    100000    -8.00000000  -3.5853800000e-01
    100000    -6.00000000  -3.8462500000e-01
    100000    -4.00000000  -2.2918600000e-01
    100000    -2.00000000   1.2880000000e-01
    100000     0.00000000   4.2650000000e-01
    100000     2.00000000   6.7470000000e-01
    100000     4.00000000   8.8930000000e-01
    100000     6.00000000   1.0793000000e+00
    100000     8.00000000   1.2154090000e+00
    100000    10.00000000   1.2583690000e+00
    100000    12.00000000   1.1417710000e+00
    100000    14.00000000   1.0444880000e+00
    100000    16.00000000   9.7833700000e-01
    100000    18.00000000   9.3256500000e-01
    100000    20.00000000   9.0042700000e-01
    100000    22.00000000   8.7758000000e-01
    100000    24.00000000   8.6108200000e-01
    100000    26.00000000   8.4886400000e-01
    100000    28.00000000   8.3941700000e-01
    100000    30.00000000   8.3161300000e-01
    100000    32.00000000   8.2458900000e-01
    100000    34.00000000   8.1767200000e-01
    100000    36.00000000   8.1033300000e-01
    100000    38.00000000   8.0215000000e-01
    100000    40.00000000   7.9278900000e-01
    100000    42.00000000   7.8198100000e-01
    100000    44.00000000   7.6951600000e-01
    100000    46.00000000   7.5523100000e-01
    100000    48.00000000   7.3900400000e-01
    100000    50.00000000   7.2074700000e-01
    100000    52.00000000   7.0040500000e-01
    100000    54.00000000   6.7795200000e-01
    100000    56.00000000   6.5338400000e-01
    100000    58.00000000   6.2672500000e-01
    100000    60.00000000   5.9801600000e-01
    100000    62.00000000   5.6732100000e-01
    100000    64.00000000   5.3472200000e-01
    100000    66.00000000   5.0031500000e-01
    100000    68.00000000   4.6421600000e-01
    100000    70.00000000   4.2655100000e-01
    100000    72.00000000   3.8746200000e-01
    100000    74.00000000   3.4710300000e-01
    100000    76.00000000   3.0563800000e-01
    100000    78.00000000   2.6324000000e-01
    100000    80.00000000   2.2009400000e-01
    100000    82.00000000   1.7638900000e-01
    100000    84.00000000   1.3232300000e-01
    100000    86.00000000   8.8098000000e-02
    100000    88.00000000   4.3920000000e-02
    100000    90.00000000   0.0000000000e+00
    150000   -90.00000000  -0.0000000000e+00
    150000   -88.00000000  -4.3715000000e-02
    150000   -86.00000000  -8.7276000000e-02
    150000   -84.00000000  -1.3047200000e-01
    150000   -82.00000000  -1.7309400000e-01
    150000   -80.00000000  -2.1493500000e-01
    150000   -78.00000000  -2.5579500000e-01
    150000   -76.00000000  -2.9547500000e-01
    150000   -74.00000000  -3.3378700000e-01
    150000   -72.00000000  -3.7054600000e-01
    150000   -70.00000000  -4.0557800000e-01
    150000   -68.00000000  -4.3871600000e-01
    150000   -66.00000000  -4.6980500000e-01
    150000   -64.00000000  -4.9870000000e-01
    150000   -62.00000000  -5.2526500000e-01
    150000   -60.00000000  -5.4938000000e-01
    150000   -58.00000000  -5.7093600000e-01
    150000   -56.00000000  -5.8983700000e-01
    150000   -54.00000000  -6.0600200000e-01
    150000   -52.00000000  -6.1936600000e-01
    150000   -50.00000000  -6.2987600000e-01
    150000   -48.00000000  -6.3749700000e-01
    150000   -46.00000000  -6.4221100000e-01
    150000   -44.00000000  -6.4401600000e-01
    150000   -42.00000000  -6.4292700000e-01
    150000   -40.00000000  -6.3897800000e-01
    150000   -38.00000000  -6.3222100000e-01
    150000   -36.00000000  -6.2272800000e-01
    150000   -34.00000000  -6.1059400000e-01
    150000   -32.00000000  -5.9593600000e-01
    150000   -30.00000000  -5.7889500000e-01
    150000   -28.00000000  -5.5964400000e-01
    150000   -26.00000000  -5.3839000000e-01
    150000   -24.00000000  -5.1538700000e-01
    150000   -22.00000000  -4.9094300000e-01
    150000   -20.00000000  -4.6545000000e-01
    150000   -18.00000000  -4.3941800000e-01
    150000   -16.00000000  -4.1354100000e-01
    150000   -14.00000000  -3.8882600000e-01
    150000   -12.00000000  -3.6684300000e-01
    150000   -10.00000000  -3.5027200000e-01
    150000    -8.00000000  -3.4534100000e-01
    150000    -6.00000000  -3.5318800000e-01
    150000    -4.00000000  -8.8544000000e-02
    150000    -2.00000000   2.2490000000e-01
    150000     0.00000000   4.7230000000e-01
    150000     2.00000000   6.9110000000e-01
    150000     4.00000000   8.8790000000e-01
    150000     6.00000000   1.0861270000e+00
    150000     8.00000000   1.2473090000e+00
    150000    10.00000000   1.1129960000e+00
    150000    12.00000000   9.8195400000e-01
    150000    14.00000000   9.0901000000e-01
    150000    16.00000000   8.6163500000e-01
    150000    18.00000000   8.3066700000e-01
    150000    20.00000000   8.1054900000e-01
    150000    22.00000000   7.9769000000e-01
    150000    24.00000000   7.8965200000e-01
    150000    26.00000000   7.8471200000e-01
    150000    28.00000000   7.8160900000e-01
    150000    30.00000000   7.7939500000e-01
    150000    32.00000000   7.7734300000e-01
    150000    34.00000000   7.7488400000e-01
    150000    36.00000000   7.7156900000e-01
    150000    38.00000000   7.6703800000e-01
    150000    40.00000000   7.6100700000e-01
    150000    42.00000000   7.5324900000e-01
    150000    44.00000000   7.4358400000e-01
    150000    46.00000000   7.3187800000e-01
    150000    48.00000000   7.1803000000e-01
    150000    50.00000000   7.0197100000e-01
    150000    52.00000000   6.8366000000e-01
    150000    54.00000000   6.6308500000e-01
    150000    56.00000000   6.4025400000e-01
    150000    58.00000000   6.1519700000e-01
    150000    60.00000000   5.8796700000e-01
    150000    62.00000000   5.5863100000e-01
    150000    64.00000000   5.2727900000e-01
    150000    66.00000000   4.9401100000e-01
    150000    68.00000000   4.5894700000e-01
    150000    70.00000000   4.2221700000e-01
    150000    72.00000000   3.8396700000e-01
    150000    74.00000000   3.4435100000e-01
    150000    76.00000000   3.0353800000e-01
    150000    78.00000000   2.6170200000e-01
    150000    80.00000000   2.1902800000e-01
    150000    82.00000000   1.7570800000e-01
    150000    84.00000000   1.3194000000e-01
    150000    86.00000000   8.7928000000e-02
    150000    88.00000000   4.3877000000e-02
    150000    90.00000000   0.0000000000e+00
    200000   -90.00000000  -0.0000000000e+00
    200000   -88.00000000  -4.3711000000e-02
    200000   -86.00000000  -8.7263000000e-02
    200000   -84.00000000  -1.3044300000e-01
    200000   -82.00000000  -1.7304200000e-01
    200000   -80.00000000  -2.1485400000e-01
    200000   -78.00000000  -2.5567800000e-01
    200000   -76.00000000  -2.9531500000e-01
    200000   -74.00000000  -3.3357700000e-01
    200000   -72.00000000  -3.7028000000e-01
    200000   -70.00000000  -4.0524800000e-01
    200000   -68.00000000  -4.3831500000e-01
    200000   -66.00000000  -4.6932600000e-01
    200000   -64.00000000  -4.9813300000e-01
    200000   -62.00000000  -5.2460400000e-01
    200000   -60.00000000  -5.4861600000e-01
    200000   -58.00000000  -5.7005900000e-01
    200000   -56.00000000  -5.8883800000e-01
    200000   -54.00000000  -6.0487100000e-01
    200000   -52.00000000  -6.1809100000e-01
    200000   -50.00000000  -6.2844700000e-01
    200000   -48.00000000  -6.3590100000e-01
    200000   -46.00000000  -6.4043400000e-01
    200000   -44.00000000  -6.4204300000e-01
    200000   -42.00000000  -6.4074100000e-01
    200000   -40.00000000  -6.3655900000e-01
    200000   -38.00000000  -6.2954900000e-01
    200000   -36.00000000  -6.1977800000e-01
    200000   -34.00000000  -6.0733800000e-01
    200000   -32.00000000  -5.9234000000e-01
    200000   -30.00000000  -5.7492100000e-01
    200000   -28.00000000  -5.5524400000e-01
    200000   -26.00000000  -5.3350800000e-01
    200000   -24.00000000  -5.0995100000e-01
    200000   -22.00000000  -4.8486300000e-01
    200000   -20.00000000  -4.5861000000e-01
    200000   -18.00000000  -4.3166300000e-01
    200000   -16.00000000  -4.0466000000e-01
    200000   -14.00000000  -3.7851600000e-01
    200000   -12.00000000  -3.5465100000e-01
    200000   -10.00000000  -3.3547600000e-01
    200000    -8.00000000  -3.2915300000e-01
    200000    -6.00000000  -3.1235100000e-01
    200000    -4.00000000  -5.9900000000e-03
    200000    -2.00000000   2.5890000000e-01
    200000     0.00000000   4.8260000000e-01
    200000     2.00000000   6.9040000000e-01
    200000     4.00000000   8.8580000000e-01
    200000     6.00000000   1.0972420000e+00
    200000     8.00000000   1.1386850000e+00
    200000    10.00000000   9.7860200000e-01
    200000    12.00000000   8.7807600000e-01
    200000    14.00000000   8.2116400000e-01
    200000    16.00000000   7.8596300000e-01
    200000    18.00000000   7.6459500000e-01
    200000    20.00000000   7.5227000000e-01
    200000    22.00000000   7.4588800000e-01
    200000    24.00000000   7.4333500000e-01
    200000    26.00000000   7.4311400000e-01
    200000    28.00000000   7.4412400000e-01
    200000    30.00000000   7.4553500000e-01
    200000    32.00000000   7.4670800000e-01
    200000    34.00000000   7.4714000000e-01
    200000    36.00000000   7.4643300000e-01
    200000    38.00000000   7.4427100000e-01
    200000    40.00000000   7.4039900000e-01
    200000    42.00000000   7.3461800000e-01
    200000    44.00000000   7.2677000000e-01
    200000    46.00000000   7.1673600000e-01
    200000    48.00000000   7.0443000000e-01
    200000    50.00000000   6.8979500000e-01
    200000    52.00000000   6.7280300000e-01
    200000    54.00000000   6.5344500000e-01
    200000    56.00000000   6.3174000000e-01
    200000    58.00000000   6.0772300000e-01
    200000    60.00000000   5.8145000000e-01
    200000    62.00000000   5.5299700000e-01
    200000    64.00000000   5.2245200000e-01
    200000    66.00000000   4.8992300000e-01
    200000    68.00000000   4.5553000000e-01
    200000    70.00000000   4.1940700000e-01
    200000    72.00000000   3.8170000000e-01
    200000    74.00000000   3.4256700000e-01
    200000    76.00000000   3.0217600000e-01
    200000    78.00000000   2.6070400000e-01
    200000    80.00000000   2.1833700000e-01
    200000    82.00000000   1.7526700000e-01
    200000    84.00000000   1.3169200000e-01
    200000    86.00000000   8.7818000000e-02
    200000    88.00000000   4.3850000000e-02
    200000    90.00000000   0.0000000000e+00
    250000   -90.00000000  -0.0000000000e+00
    250000   -88.00000000  -4.3713000000e-02
    250000   -86.00000000  -8.7268000000e-02
    250000   -84.00000000  -1.3045500000e-01
    250000   -82.00000000  -1.7306300000e-01
    250000   -80.00000000  -2.1488700000e-01
    250000   -78.00000000  -2.5572500000e-01
    250000   -76.00000000  -2.9538000000e-01
    250000   -74.00000000  -3.3366200000e-01
    250000   -72.00000000  -3.7038700000e-01
    250000   -70.00000000  -4.0538100000e-01
    250000   -68.00000000  -4.3847700000e-01
    250000   -66.00000000  -4.6952000000e-01
    250000   -64.00000000  -4.9836300000e-01
    250000   -62.00000000  -5.2487200000e-01
    250000   -60.00000000  -5.4892500000e-01
    250000   -58.00000000  -5.7041400000e-01
    250000   -56.00000000  -5.8924200000e-01
    250000   -54.00000000  -6.0532900000e-01
    250000   -52.00000000  -6.1860700000e-01
    250000   -50.00000000  -6.2902500000e-01
    250000   -48.00000000  -6.3654700000e-01
    250000   -46.00000000  -6.4115400000e-01
    250000   -44.00000000  -6.4284200000e-01
    250000   -42.00000000  -6.4162600000e-01
    250000   -40.00000000  -6.3753800000e-01
    250000   -38.00000000  -6.3063000000e-01
    250000   -36.00000000  -6.2097300000e-01
    250000   -34.00000000  -6.0865600000e-01
    250000   -32.00000000  -5.9379600000e-01
    250000   -30.00000000  -5.7652900000e-01
    250000   -28.00000000  -5.5702500000e-01
    250000   -26.00000000  -5.3548500000e-01
    250000   -24.00000000  -5.1215200000e-01
    250000   -22.00000000  -4.8732500000e-01
    250000   -20.00000000  -4.6137900000e-01
    250000   -18.00000000  -4.3480200000e-01
    250000   -16.00000000  -4.0825500000e-01
    250000   -14.00000000  -3.8269000000e-01
    250000   -12.00000000  -3.5958700000e-01
    250000   -10.00000000  -3.4147100000e-01
    250000    -8.00000000  -3.3784300000e-01
    250000    -6.00000000  -3.0497400000e-01
    250000    -4.00000000   3.0200000000e-02
    250000    -2.00000000   2.6700000000e-01
    250000     0.00000000   4.7650000000e-01
    250000     2.00000000   6.8750000000e-01
    250000     4.00000000   8.8450000000e-01
    250000     6.00000000   1.1199520000e+00
    250000     8.00000000   1.1324060000e+00
    250000    10.00000000   1.0010760000e+00
    250000    12.00000000   9.0270500000e-01
    250000    14.00000000   8.4199200000e-01
    250000    16.00000000   8.0390400000e-01
    250000    18.00000000   7.8026000000e-01
    250000    20.00000000   7.6608800000e-01
    250000    22.00000000   7.5817000000e-01
    250000    24.00000000   7.5431700000e-01
    250000    26.00000000   7.5297700000e-01
    250000    28.00000000   7.5301100000e-01
    250000    30.00000000   7.5356300000e-01
    250000    32.00000000   7.5397100000e-01
    250000    34.00000000   7.5371800000e-01
    250000    36.00000000   7.5239300000e-01
    250000    38.00000000   7.4966900000e-01
    250000    40.00000000   7.4528500000e-01
    250000    42.00000000   7.3903500000e-01
    250000    44.00000000   7.3075600000e-01
    250000    46.00000000   7.2032600000e-01
    250000    48.00000000   7.0765400000e-01
    250000    50.00000000   6.9268200000e-01
    250000    52.00000000   6.7537700000e-01
    250000    54.00000000   6.5573100000e-01
    250000    56.00000000   6.3375800000e-01
    250000    58.00000000   6.0949500000e-01
    250000    60.00000000   5.8299500000e-01
    250000    62.00000000   5.5433300000e-01
    250000    64.00000000   5.2359700000e-01
    250000    66.00000000   4.9089300000e-01
    250000    68.00000000   4.5634000000e-01
    250000    70.00000000   4.2007300000e-01
    250000    72.00000000   3.8223800000e-01
    250000    74.00000000   3.4299000000e-01
    250000    76.00000000   3.0249900000e-01
    250000    78.00000000   2.6094100000e-01
    250000    80.00000000   2.1850100000e-01
    250000    82.00000000   1.7537200000e-01
    250000    84.00000000   1.3175100000e-01
    250000    86.00000000   8.7844000000e-02
    250000    88.00000000   4.3856000000e-02
    250000    90.00000000   0.0000000000e+00
     50000   -90.00000000  -0.0000000000e+00
     50000   -88.00000000  -4.3717000000e-02
     50000   -86.00000000  -8.7286000000e-02
     50000   -84.00000000  -1.3049500000e-01
     50000   -82.00000000  -1.7313500000e-01
     50000   -80.00000000  -2.1500000000e-01
     50000   -78.00000000  -2.5588700000e-01
     50000   -76.00000000  -2.9560200000e-01
     50000   -74.00000000  -3.3395200000e-01
     50000   -72.00000000  -3.7075600000e-01
     50000   -70.00000000  -4.0583800000e-01
     50000   -68.00000000  -4.3903300000e-01
     50000   -66.00000000  -4.7018500000e-01
     50000   -64.00000000  -4.9914700000e-01
     50000   -62.00000000  -5.2578800000e-01
     50000   -60.00000000  -5.4998500000e-01
     50000   -58.00000000  -5.7162900000e-01
     50000   -56.00000000  -5.9062700000e-01
     50000   -54.00000000  -6.0689700000e-01
     50000   -52.00000000  -6.2037300000e-01
     50000   -50.00000000  -6.3100500000e-01
     50000   -48.00000000  -6.3875900000e-01
     50000   -46.00000000  -6.4361600000e-01
     50000   -44.00000000  -6.4557600000e-01
     50000   -42.00000000  -6.4465500000e-01
     50000   -40.00000000  -6.4089000000e-01
     50000   -38.00000000  -6.3433300000e-01
     50000   -36.00000000  -6.2506000000e-01
     50000   -34.00000000  -6.1316800000e-01
     50000   -32.00000000  -5.9877800000e-01
     50000   -30.00000000  -5.8203600000e-01
     50000   -28.00000000  -5.6312100000e-01
     50000   -26.00000000  -5.4225000000e-01
     50000   -24.00000000  -5.1968400000e-01
     50000   -22.00000000  -4.9574900000e-01
     50000   -20.00000000  -4.7085700000e-01
     50000   -18.00000000  -4.4554700000e-01
     50000   -16.00000000  -4.2056100000e-01
     50000   -14.00000000  -3.9697600000e-01
     50000   -12.00000000  -3.7647900000e-01
     50000   -10.00000000  -3.6196800000e-01
     50000    -8.00000000  -3.5767200000e-01
     50000    -6.00000000  -3.8423700000e-01
     50000    -4.00000000  -2.7637300000e-01
     50000    -2.00000000  -4.5300000000e-02
     50000     0.00000000   1.6750000000e-01
     50000     2.00000000   4.7740000000e-01
     50000     4.00000000   7.0710000000e-01
     50000     6.00000000   9.8170400000e-01
     50000     8.00000000   1.1643130000e+00
     50000    10.00000000   1.0062310000e+00
     50000    12.00000000   9.0184200000e-01
     50000    14.00000000   8.4126100000e-01
     50000    16.00000000   8.0327500000e-01
     50000    18.00000000   7.7971100000e-01
     50000    20.00000000   7.6560400000e-01
     50000    22.00000000   7.5773900000e-01
     50000    24.00000000   7.5393200000e-01
     50000    26.00000000   7.5263100000e-01
     50000    28.00000000   7.5270000000e-01
     50000    30.00000000   7.5328200000e-01
     50000    32.00000000   7.5371600000e-01
     50000    34.00000000   7.5348700000e-01
     50000    36.00000000   7.5218400000e-01
     50000    38.00000000   7.4948000000e-01
     50000    40.00000000   7.4511400000e-01
     50000    42.00000000   7.3888000000e-01
     50000    44.00000000   7.3061700000e-01
     50000    46.00000000   7.2020000000e-01
     50000    48.00000000   7.0754100000e-01
     50000    50.00000000   6.9258100000e-01
     50000    52.00000000   6.7528700000e-01
     50000    54.00000000   6.5565100000e-01
     50000    56.00000000   6.3368700000e-01
     50000    58.00000000   6.0943300000e-01
     50000    60.00000000   5.8294100000e-01
     50000    62.00000000   5.5428600000e-01
     50000    64.00000000   5.2355700000e-01
     50000    66.00000000   4.9085900000e-01
     50000    68.00000000   4.5631200000e-01
     50000    70.00000000   4.2005000000e-01
     50000    72.00000000   3.8221900000e-01
     50000    74.00000000   3.4297500000e-01
     50000    76.00000000   3.0248800000e-01
     50000    78.00000000   2.6093300000e-01
     50000    80.00000000   2.1849500000e-01
     50000    82.00000000   1.7536800000e-01
     50000    84.00000000   1.3174900000e-01
     50000    86.00000000   8.7843000000e-02
     50000    88.00000000   4.3856000000e-02
     50000    90.00000000   0.0000000000e+00
    100000   -90.00000000  -0.0000000000e+00
    100000   -88.00000000  -4.3716000000e-02
    100000   -86.00000000  -8.7282000000e-02
    100000   -84.00000000  -1.3048700000e-01
    100000   -82.00000000  -1.7312100000e-01
    100000   -80.00000000  -2.1497700000e-01
    100000   -78.00000000  -2.5585500000e-01
    100000   -76.00000000  -2.9555800000e-01
    100000   -74.00000000  -3.3389500000e-01
    100000   -72.00000000  -3.7068300000e-01
    100000   -70.00000000  -4.0574800000e-01
    100000   -68.00000000  -4.3892300000e-01
    100000   -66.00000000  -4.7005300000e-01
    100000   -64.00000000  -4.9899200000e-01
    100000   -62.00000000  -5.2560700000e-01
    100000   -60.00000000  -5.4977500000e-01
    100000   -58.00000000  -5.7138900000e-01
    100000   -56.00000000  -5.9035300000e-01
    100000   -54.00000000  -6.0658700000e-01
    100000   -52.00000000  -6.2002400000e-01
    100000   -50.00000000  -6.3061400000e-01
    100000   -48.00000000  -6.3832100000e-01
    100000   -46.00000000  -6.4312900000e-01
    100000   -44.00000000  -6.4503500000e-01
    100000   -42.00000000  -6.4405600000e-01
    100000   -40.00000000  -6.4022700000e-01
    100000   -38.00000000  -6.3360100000e-01
    100000   -36.00000000  -6.2425200000e-01
    100000   -34.00000000  -6.1227600000e-01
    100000   -32.00000000  -5.9779200000e-01
    100000   -30.00000000  -5.8094700000e-01
    100000   -28.00000000  -5.6191600000e-01
    100000   -26.00000000  -5.4091200000e-01
    100000   -24.00000000  -5.1819400000e-01
    100000   -22.00000000  -4.9408300000e-01
    100000   -20.00000000  -4.6898300000e-01
    100000   -18.00000000  -4.4342200000e-01
    100000   -16.00000000  -4.1812700000e-01
    100000   -14.00000000  -3.9415100000e-01
    100000   -12.00000000  -3.7313900000e-01
    100000   -10.00000000  -3.5791400000e-01
    100000    -8.00000000  -3.5205400000e-01
    100000    -6.00000000  -3.7370000000e-01
    100000    -4.00000000  -2.1837200000e-01
    100000    -2.00000000   1.2800000000e-01
    100000     0.00000000   4.2570000000e-01
    100000     2.00000000   6.7430000000e-01
    100000     4.00000000   8.8910000000e-01
    100000     6.00000000   1.1289290000e+00
    100000     8.00000000   1.1360160000e+00
    100000    10.00000000   9.6642700000e-01
    100000    12.00000000   8.7129600000e-01
    100000    14.00000000   8.1543000000e-01
    100000    16.00000000   7.8102300000e-01
    100000    18.00000000   7.6028200000e-01
    100000    20.00000000   7.4846600000e-01
    100000    22.00000000   7.4250700000e-01
    100000    24.00000000   7.4031200000e-01
    100000    26.00000000   7.4039900000e-01
    100000    28.00000000   7.4167700000e-01
    100000    30.00000000   7.4332500000e-01
    100000    32.00000000   7.4470800000e-01
    100000    34.00000000   7.4532900000e-01
    100000    36.00000000   7.4479200000e-01
    100000    38.00000000   7.4278500000e-01
    100000    40.00000000   7.3905400000e-01
    100000    42.00000000   7.3340200000e-01
    100000    44.00000000   7.2567200000e-01
    100000    46.00000000   7.1574700000e-01
    100000    48.00000000   7.0354200000e-01
    100000    50.00000000   6.8900100000e-01
    100000    52.00000000   6.7209400000e-01
    100000    54.00000000   6.5281600000e-01
    100000    56.00000000   6.3118400000e-01
    100000    58.00000000   6.0723500000e-01
    100000    60.00000000   5.8102500000e-01
    100000    62.00000000   5.5262900000e-01
    100000    64.00000000   5.2213700000e-01
    100000    66.00000000   4.8965700000e-01
    100000    68.00000000   4.5530700000e-01
    100000    70.00000000   4.1922400000e-01
    100000    72.00000000   3.8155200000e-01
    100000    74.00000000   3.4245100000e-01
    100000    76.00000000   3.0208700000e-01
    100000    78.00000000   2.6063900000e-01
    100000    80.00000000   2.1829200000e-01
    100000    82.00000000   1.7523800000e-01
    100000    84.00000000   1.3167600000e-01
    100000    86.00000000   8.7810000000e-02
    100000    88.00000000   4.3848000000e-02
    100000    90.00000000   0.0000000000e+00
    150000   -90.00000000  -0.0000000000e+00
    150000   -88.00000000  -4.3713000000e-02
    150000   -86.00000000  -8.7268000000e-02
    150000   -84.00000000  -1.3045500000e-01
    150000   -82.00000000  -1.7306400000e-01
    150000   -80.00000000  -2.1488800000e-01
    150000   -78.00000000  -2.5572700000e-01
    150000   -76.00000000  -2.9538200000e-01
    150000   -74.00000000  -3.3366500000e-01
    150000   -72.00000000  -3.7039100000e-01
    150000   -70.00000000  -4.0538600000e-01
    150000   -68.00000000  -4.3848300000e-01
    150000   -66.00000000  -4.6952700000e-01
    150000   -64.00000000  -4.9837100000e-01
    150000   -62.00000000  -5.2488100000e-01
    150000   -60.00000000  -5.4893600000e-01
    150000   -58.00000000  -5.7042700000e-01
    150000   -56.00000000  -5.8925700000e-01
    150000   -54.00000000  -6.0534600000e-01
    150000   -52.00000000  -6.1862600000e-01
    150000   -50.00000000  -6.2904600000e-01
    150000   -48.00000000  -6.3657000000e-01
    150000   -46.00000000  -6.4117900000e-01
    150000   -44.00000000  -6.4287000000e-01
    150000   -42.00000000  -6.4165700000e-01
    150000   -40.00000000  -6.3757300000e-01
    150000   -38.00000000  -6.3066900000e-01
    150000   -36.00000000  -6.2101500000e-01
    150000   -34.00000000  -6.0870400000e-01
    150000   -32.00000000  -5.9384800000e-01
    150000   -30.00000000  -5.7658700000e-01
    150000   -28.00000000  -5.5708900000e-01
    150000   -26.00000000  -5.3555600000e-01
    150000   -24.00000000  -5.1223100000e-01
    150000   -22.00000000  -4.8741300000e-01
    150000   -20.00000000  -4.6147900000e-01
    150000   -18.00000000  -4.3491500000e-01
    150000   -16.00000000  -4.0838400000e-01
    150000   -14.00000000  -3.8284000000e-01
    150000   -12.00000000  -3.5976400000e-01
    150000   -10.00000000  -3.4161100000e-01
    150000    -8.00000000  -3.3493700000e-01
    150000    -6.00000000  -3.2658900000e-01
    150000    -4.00000000  -7.3500000000e-02
    150000    -2.00000000   2.2400000000e-01
    150000     0.00000000   4.7600000000e-01
    150000     2.00000000   6.8860000000e-01
    150000     4.00000000   8.8785000000e-01
    150000     6.00000000   1.0748000000e+00
    150000     8.00000000   1.2182300000e+00
    150000    10.00000000   1.2590130000e+00
    150000    12.00000000   1.1144580000e+00
    150000    14.00000000   1.0150920000e+00
    150000    16.00000000   9.5301500000e-01
    150000    18.00000000   9.1045500000e-01
    150000    20.00000000   8.8092600000e-01
    150000    22.00000000   8.6024500000e-01
    150000    24.00000000   8.4558300000e-01
    150000    26.00000000   8.3494400000e-01
    150000    28.00000000   8.2687400000e-01
    150000    30.00000000   8.2028300000e-01
    150000    32.00000000   8.1433700000e-01
    150000    34.00000000   8.0838800000e-01
    150000    36.00000000   8.0192200000e-01
    150000    38.00000000   7.9453200000e-01
    150000    40.00000000   7.8589300000e-01
    150000    42.00000000   7.7574600000e-01
    150000    44.00000000   7.6388900000e-01
    150000    46.00000000   7.5016400000e-01
    150000    48.00000000   7.3445300000e-01
    150000    50.00000000   7.1667300000e-01
    150000    52.00000000   6.9677200000e-01
    150000    54.00000000   6.7472600000e-01
    150000    56.00000000   6.5053500000e-01
    150000    58.00000000   6.2422300000e-01
    150000    60.00000000   5.9583600000e-01
    150000    62.00000000   5.6543600000e-01
    150000    64.00000000   5.3310700000e-01
    150000    66.00000000   4.9894700000e-01
    150000    68.00000000   4.6307200000e-01
    150000    70.00000000   4.2561000000e-01
    150000    72.00000000   3.8670400000e-01
    150000    74.00000000   3.4650600000e-01
    150000    76.00000000   3.0518200000e-01
    150000    78.00000000   2.6290700000e-01
    150000    80.00000000   2.1986300000e-01
    150000    82.00000000   1.7624200000e-01
    150000    84.00000000   1.3224000000e-01
    150000    86.00000000   8.8061000000e-02
    150000    88.00000000   4.3911000000e-02
    150000    90.00000000   0.0000000000e+00
    200000   -90.00000000  -0.0000000000e+00
    200000   -88.00000000  -4.3710000000e-02
    200000   -86.00000000  -8.7258000000e-02
    200000   -84.00000000  -1.3043200000e-01
    200000   -82.00000000  -1.7302200000e-01
    200000   -80.00000000  -2.1482300000e-01
    200000   -78.00000000  -2.5563300000e-01
    200000   -76.00000000  -2.9525500000e-01
    200000   -74.00000000  -3.3349800000e-01
    200000   -72.00000000  -3.7017800000e-01
    200000   -70.00000000  -4.0512200000e-01
    200000   -68.00000000  -4.3816200000e-01
    200000   -66.00000000  -4.6914300000e-01
    200000   -64.00000000  -4.9791700000e-01
    200000   -62.00000000  -5.2435200000e-01
    200000   -60.00000000  -5.4832400000e-01
    200000   -58.00000000  -5.6972500000e-01
    200000   -56.00000000  -5.8845700000e-01
    200000   -54.00000000  -6.0444000000e-01
    200000   -52.00000000  -6.1760600000e-01
    200000   -50.00000000  -6.2790200000e-01
    200000   -48.00000000  -6.3529300000e-01
    200000   -46.00000000  -6.3975700000e-01
    200000   -44.00000000  -6.4129100000e-01
    200000   -42.00000000  -6.3990800000e-01
    200000   -40.00000000  -6.3563800000e-01
    200000   -38.00000000  -6.2853100000e-01
    200000   -36.00000000  -6.1865500000e-01
    200000   -34.00000000  -6.0609800000e-01
    200000   -32.00000000  -5.9097100000e-01
    200000   -30.00000000  -5.7340700000e-01
    200000   -28.00000000  -5.5356900000e-01
    200000   -26.00000000  -5.3164900000e-01
    200000   -24.00000000  -5.0788100000e-01
    200000   -22.00000000  -4.8254800000e-01
    200000   -20.00000000  -4.5600600000e-01
    200000   -18.00000000  -4.2871000000e-01
    200000   -16.00000000  -4.0127700000e-01
    200000   -14.00000000  -3.7459000000e-01
    200000   -12.00000000  -3.5000800000e-01
    200000   -10.00000000  -3.2666300000e-01
    200000    -8.00000000  -3.1793500000e-01
    200000    -6.00000000  -3.0466400000e-01
    200000    -4.00000000  -5.2000000000e-03
    200000    -2.00000000   2.6040000000e-01
    200000     0.00000000   4.8340000000e-01
    200000     2.00000000   6.9930000000e-01
    200000     4.00000000   8.8570000000e-01
    200000     6.00000000   1.0972200000e+00
    200000     8.00000000   1.1889000000e+00
    200000    10.00000000   1.0321520000e+00
    200000    12.00000000   9.1845200000e-01
    200000    14.00000000   8.5530900000e-01
    200000    16.00000000   8.1537500000e-01
    200000    18.00000000   7.9027600000e-01
    200000    20.00000000   7.7492300000e-01
    200000    22.00000000   7.6602300000e-01
    200000    24.00000000   7.6133800000e-01
    200000    26.00000000   7.5928300000e-01
    200000    28.00000000   7.5869400000e-01
    200000    30.00000000   7.5869600000e-01
    200000    32.00000000   7.5861500000e-01
    200000    34.00000000   7.5792300000e-01
    200000    36.00000000   7.5620300000e-01
    200000    38.00000000   7.5312000000e-01
    200000    40.00000000   7.4840900000e-01
    200000    42.00000000   7.4185900000e-01
    200000    44.00000000   7.3330500000e-01
    200000    46.00000000   7.2262100000e-01
    200000    48.00000000   7.0971600000e-01
    200000    50.00000000   6.9452800000e-01
    200000    52.00000000   6.7702300000e-01
    200000    54.00000000   6.5719200000e-01
    200000    56.00000000   6.3504900000e-01
    200000    58.00000000   6.1062800000e-01
    200000    60.00000000   5.8398300000e-01
    200000    62.00000000   5.5518700000e-01
    200000    64.00000000   5.2432800000e-01
    200000    66.00000000   4.9151200000e-01
    200000    68.00000000   4.5685800000e-01
    200000    70.00000000   4.2049900000e-01
    200000    72.00000000   3.8258100000e-01
    200000    74.00000000   3.4326100000e-01
    200000    76.00000000   3.0270500000e-01
    200000    78.00000000   2.6109200000e-01
    200000    80.00000000   2.1860600000e-01
    200000    82.00000000   1.7543800000e-01
    200000    84.00000000   1.3178900000e-01
    200000    86.00000000   8.7860000000e-02
    200000    88.00000000   4.3861000000e-02
    200000    90.00000000   0.0000000000e+00
    250000   -90.00000000  -0.0000000000e+00
    250000   -88.00000000  -4.3718000000e-02
    250000   -86.00000000  -8.7289000000e-02
    250000   -84.00000000  -1.3050200000e-01
    250000   -82.00000000  -1.7314800000e-01
    250000   -80.00000000  -2.1502000000e-01
    250000   -78.00000000  -2.5591600000e-01
    250000   -76.00000000  -2.9564100000e-01
    250000   -74.00000000  -3.3400400000e-01
    250000   -72.00000000  -3.7082200000e-01
    250000   -70.00000000  -4.0592000000e-01
    250000   -68.00000000  -4.3913300000e-01
    250000   -66.00000000  -4.7030400000e-01
    250000   -64.00000000  -4.9928800000e-01
    250000   -62.00000000  -5.2595200000e-01
    250000   -60.00000000  -5.5017500000e-01
    250000   -58.00000000  -5.7184700000e-01
    250000   -56.00000000  -5.9087500000e-01
    250000   -54.00000000  -6.0717800000e-01
    250000   -52.00000000  -6.2068900000e-01
    250000   -50.00000000  -6.3136000000e-01
    250000   -48.00000000  -6.3915500000e-01
    250000   -46.00000000  -6.4405800000e-01
    250000   -44.00000000  -6.4606600000e-01
    250000   -42.00000000  -6.4519900000e-01
    250000   -40.00000000  -6.4149000000e-01
    250000   -38.00000000  -6.3499700000e-01
    250000   -36.00000000  -6.2579300000e-01
    250000   -34.00000000  -6.1397700000e-01
    250000   -32.00000000  -5.9967100000e-01
    250000   -30.00000000  -5.8302300000e-01
    250000   -28.00000000  -5.6421400000e-01
    250000   -26.00000000  -5.4346200000e-01
    250000   -24.00000000  -5.2103400000e-01
    250000   -22.00000000  -4.9725900000e-01
    250000   -20.00000000  -4.7255600000e-01
    250000   -18.00000000  -4.4747300000e-01
    250000   -16.00000000  -4.2276700000e-01
    250000   -14.00000000  -3.9953700000e-01
    250000   -12.00000000  -3.7950800000e-01
    250000   -10.00000000  -3.6565600000e-01
    250000    -8.00000000  -3.6467200000e-01
    250000    -6.00000000  -2.9888100000e-01
    250000    -4.00000000   3.0400000000e-02
    250000    -2.00000000   2.6710000000e-01
    250000     0.00000000   4.7290000000e-01
    250000     2.00000000   6.8750000000e-01
    250000     4.00000000   8.8440000000e-01
    250000     6.00000000   1.0873480000e+00
    250000     8.00000000   1.1725000000e+00
    250000    10.00000000   1.0190260000e+00
    250000    12.00000000   9.0774100000e-01
    250000    14.00000000   8.4625100000e-01
    250000    16.00000000   8.0757300000e-01
    250000    18.00000000   7.8346400000e-01
    250000    20.00000000   7.6891300000e-01
    250000    22.00000000   7.6068100000e-01
    250000    24.00000000   7.5656200000e-01
    250000    26.00000000   7.5499300000e-01
    250000    28.00000000   7.5482900000e-01
    250000    30.00000000   7.5520500000e-01
    250000    32.00000000   7.5545600000e-01
    250000    34.00000000   7.5506300000e-01
    250000    36.00000000   7.5361100000e-01
    250000    38.00000000   7.5077300000e-01
    250000    40.00000000   7.4628400000e-01
    250000    42.00000000   7.3993800000e-01
    250000    44.00000000   7.3157200000e-01
    250000    46.00000000   7.2106000000e-01
    250000    48.00000000   7.0831400000e-01
    250000    50.00000000   6.9327200000e-01
    250000    52.00000000   6.7590300000e-01
    250000    54.00000000   6.5619800000e-01
    250000    56.00000000   6.3417100000e-01
    250000    58.00000000   6.0985700000e-01
    250000    60.00000000   5.8331100000e-01
    250000    62.00000000   5.5460600000e-01
    250000    64.00000000   5.2383100000e-01
    250000    66.00000000   4.9109100000e-01
    250000    68.00000000   4.5650600000e-01
    250000    70.00000000   4.2021000000e-01
    250000    72.00000000   3.8234700000e-01
    250000    74.00000000   3.4307700000e-01
    250000    76.00000000   3.0256500000e-01
    250000    78.00000000   2.6098900000e-01
    250000    80.00000000   2.1853400000e-01
    250000    82.00000000   1.7539300000e-01
    250000    84.00000000   1.3176300000e-01
    250000    86.00000000   8.7849000000e-02
    250000    88.00000000   4.3858000000e-02
    250000    90.00000000   0.0000000000e+00
     50000   -90.00000000  -0.0000000000e+00
     50000   -88.00000000  -4.3718000000e-02
     50000   -86.00000000  -8.7289000000e-02
     50000   -84.00000000  -1.3050100000e-01
     50000   -82.00000000  -1.7314500000e-01
     50000   -80.00000000  -2.1501600000e-01
     50000   -78.00000000  -2.5591100000e-01
     50000   -76.00000000  -2.9563400000e-01
     50000   -74.00000000  -3.3399500000e-01
     50000   -72.00000000  -3.7081000000e-01
     50000   -70.00000000  -4.0590500000e-01
     50000   -68.00000000  -4.3911400000e-01
     50000   -66.00000000  -4.7028200000e-01
     50000   -64.00000000  -4.9926200000e-01
     50000   -62.00000000  -5.2592200000e-01
     50000   -60.00000000  -5.5014000000e-01
     50000   -58.00000000  -5.7180700000e-01
     50000   -56.00000000  -5.9082900000e-01
     50000   -54.00000000  -6.0712600000e-01
     50000   -52.00000000  -6.2063100000e-01
     50000   -50.00000000  -6.3129400000e-01
     50000   -48.00000000  -6.3908200000e-01
     50000   -46.00000000  -6.4397600000e-01
     50000   -44.00000000  -6.4597600000e-01
     50000   -42.00000000  -6.4509800000e-01
     50000   -40.00000000  -6.4137900000e-01
     50000   -38.00000000  -6.3487400000e-01
     50000   -36.00000000  -6.2565700000e-01
     50000   -34.00000000  -6.1382700000e-01
     50000   -32.00000000  -5.9950600000e-01
     50000   -30.00000000  -5.8284000000e-01
     50000   -28.00000000  -5.6401200000e-01
     50000   -26.00000000  -5.4323800000e-01
     50000   -24.00000000  -5.2078400000e-01
     50000   -22.00000000  -4.9698000000e-01
     50000   -20.00000000  -4.7224200000e-01
     50000   -18.00000000  -4.4711700000e-01
     50000   -16.00000000  -4.2235900000e-01
     50000   -14.00000000  -3.9906400000e-01
     50000   -12.00000000  -3.7894800000e-01
     50000   -10.00000000  -3.6496400000e-01
     50000    -8.00000000  -3.6077800000e-01
     50000    -6.00000000  -3.8925800000e-01
     50000    -4.00000000  -2.7598800000e-01
     50000    -2.00000000  -4.4600000000e-02
     50000     0.00000000   1.6730000000e-01
     50000     2.00000000   4.7790000000e-01
     50000     4.00000000   7.0790000000e-01
     50000     6.00000000   1.0111930000e+00
     50000     8.00000000   1.1465220000e+00
     50000    10.00000000   9.9053600000e-01
     50000    12.00000000   8.9298900000e-01
     50000    14.00000000   8.3377500000e-01
     50000    16.00000000   7.9682600000e-01
     50000    18.00000000   7.7408000000e-01
     50000    20.00000000   7.6063700000e-01
     50000    22.00000000   7.5332500000e-01
     50000    24.00000000   7.4998500000e-01
     50000    26.00000000   7.4908600000e-01
     50000    28.00000000   7.4950500000e-01
     50000    30.00000000   7.5039600000e-01
     50000    32.00000000   7.5110600000e-01
     50000    34.00000000   7.5112300000e-01
     50000    36.00000000   7.5004200000e-01
     50000    38.00000000   7.4753900000e-01
     50000    40.00000000   7.4335800000e-01
     50000    42.00000000   7.3729300000e-01
     50000    44.00000000   7.2918400000e-01
     50000    46.00000000   7.1891000000e-01
     50000    48.00000000   7.0638200000e-01
     50000    50.00000000   6.9154300000e-01
     50000    52.00000000   6.7436100000e-01
     50000    54.00000000   6.5482900000e-01
     50000    56.00000000   6.3296200000e-01
     50000    58.00000000   6.0879600000e-01
     50000    60.00000000   5.8238600000e-01
     50000    62.00000000   5.5380600000e-01
     50000    64.00000000   5.2314500000e-01
     50000    66.00000000   4.9051000000e-01
     50000    68.00000000   4.5602100000e-01
     50000    70.00000000   4.1981000000e-01
     50000    72.00000000   3.8202600000e-01
     50000    74.00000000   3.4282300000e-01
     50000    76.00000000   3.0237200000e-01
     50000    78.00000000   2.6084800000e-01
     50000    80.00000000   2.1843600000e-01
     50000    82.00000000   1.7533000000e-01
     50000    84.00000000   1.3172800000e-01
     50000    86.00000000   8.7833000000e-02
     50000    88.00000000   4.3854000000e-02
     50000    90.00000000   0.0000000000e+00
    100000   -90.00000000  -0.0000000000e+00
    100000   -88.00000000  -4.3719000000e-02
    100000   -86.00000000  -8.7293000000e-02
    100000   -84.00000000  -1.3051100000e-01
    100000   -82.00000000  -1.7316300000e-01
    100000   -80.00000000  -2.1504300000e-01
    100000   -78.00000000  -2.5595000000e-01
    100000   -76.00000000  -2.9568700000e-01
    100000   -74.00000000  -3.3406400000e-01
    100000   -72.00000000  -3.7089900000e-01
    100000   -70.00000000  -4.0601500000e-01
    100000   -68.00000000  -4.3924800000e-01
    100000   -66.00000000  -4.7044200000e-01
    100000   -64.00000000  -4.9945100000e-01
    100000   -62.00000000  -5.2614300000e-01
    100000   -60.00000000  -5.5039500000e-01
    100000   -58.00000000  -5.7210000000e-01
    100000   -56.00000000  -5.9116300000e-01
    100000   -54.00000000  -6.0750300000e-01
    100000   -52.00000000  -6.2105600000e-01
    100000   -50.00000000  -6.3177100000e-01
    100000   -48.00000000  -6.3961500000e-01
    100000   -46.00000000  -6.4456900000e-01
    100000   -44.00000000  -6.4663400000e-01
    100000   -42.00000000  -6.4582800000e-01
    100000   -40.00000000  -6.4218600000e-01
    100000   -38.00000000  -6.3576600000e-01
    100000   -36.00000000  -6.2664200000e-01
    100000   -34.00000000  -6.1491400000e-01
    100000   -32.00000000  -6.0070500000e-01
    100000   -30.00000000  -5.8416600000e-01
    100000   -28.00000000  -5.6548000000e-01
    100000   -26.00000000  -5.4486700000e-01
    100000   -24.00000000  -5.2259800000e-01
    100000   -22.00000000  -4.9900900000e-01
    100000   -20.00000000  -4.7452400000e-01
    100000   -18.00000000  -4.4970500000e-01
    100000   -16.00000000  -4.2532300000e-01
    100000   -14.00000000  -4.0250400000e-01
    100000   -12.00000000  -3.8301600000e-01
    100000   -10.00000000  -3.6990100000e-01
    100000    -8.00000000  -3.6522400000e-01
    100000    -6.00000000  -3.8262500000e-01
    100000    -4.00000000  -2.0501700000e-01
    100000    -2.00000000   1.2780000000e-01
    100000     0.00000000   4.2530000000e-01
    100000     2.00000000   6.7420000000e-01
    100000     4.00000000   8.8900000000e-01
    100000     6.00000000   1.0790000000e+00
    100000     8.00000000   1.2207160000e+00
    100000    10.00000000   1.2532990000e+00
    100000    12.00000000   1.1097550000e+00
    100000    14.00000000   1.0111560000e+00
    100000    16.00000000   9.4962500000e-01
    100000    18.00000000   9.0749500000e-01
    100000    20.00000000   8.7831500000e-01
    100000    22.00000000   8.5792500000e-01
    100000    24.00000000   8.4350800000e-01
    100000    26.00000000   8.3308100000e-01
    100000    28.00000000   8.2519500000e-01
    100000    30.00000000   8.1876600000e-01
    100000    32.00000000   8.1296500000e-01
    100000    34.00000000   8.0714500000e-01
    100000    36.00000000   8.0079600000e-01
    100000    38.00000000   7.9351200000e-01
    100000    40.00000000   7.8496900000e-01
    100000    42.00000000   7.7491200000e-01
    100000    44.00000000   7.6313600000e-01
    100000    46.00000000   7.4948600000e-01
    100000    48.00000000   7.3384400000e-01
    100000    50.00000000   7.1612700000e-01
    100000    52.00000000   6.9628600000e-01
    100000    54.00000000   6.7429400000e-01
    100000    56.00000000   6.5015400000e-01
    100000    58.00000000   6.2388900000e-01
    100000    60.00000000   5.9554400000e-01
    100000    62.00000000   5.6518300000e-01
    100000    64.00000000   5.3289100000e-01
    100000    66.00000000   4.9876400000e-01
    100000    68.00000000   4.6291900000e-01
    100000    70.00000000   4.2548500000e-01
    100000    72.00000000   3.8660200000e-01
    100000    74.00000000   3.4642600000e-01
    100000    76.00000000   3.0512100000e-01
    100000    78.00000000   2.6286200000e-01
    100000    80.00000000   2.1983200000e-01
    100000    82.00000000   1.7622200000e-01
    100000    84.00000000   1.3222900000e-01
    100000    86.00000000   8.8056000000e-02
    100000    88.00000000   4.3909000000e-02
    100000    90.00000000   0.0000000000e+00
    150000   -90.00000000  -0.0000000000e+00
    150000   -88.00000000  -4.3713000000e-02
    150000   -86.00000000  -8.7271000000e-02
    150000   -84.00000000  -1.3046100000e-01
    150000   -82.00000000  -1.7307400000e-01
    150000   -80.00000000  -2.1490500000e-01
    150000   -78.00000000  -2.5575100000e-01
    150000   -76.00000000  -2.9541500000e-01
    150000   -74.00000000  -3.3370800000e-01
    150000   -72.00000000  -3.7044500000e-01
    150000   -70.00000000  -4.0545300000e-01
    150000   -68.00000000  -4.3856500000e-01
    150000   -66.00000000  -4.6962400000e-01
    150000   -64.00000000  -4.9848600000e-01
    150000   -62.00000000  -5.2501600000e-01
    150000   -60.00000000  -5.4909200000e-01
    150000   -58.00000000  -5.7060500000e-01
    150000   -56.00000000  -5.8946000000e-01
    150000   -54.00000000  -6.0557600000e-01
    150000   -52.00000000  -6.1888500000e-01
    150000   -50.00000000  -6.2933700000e-01
    150000   -48.00000000  -6.3689500000e-01
    150000   -46.00000000  -6.4154100000e-01
    150000   -44.00000000  -6.4327200000e-01
    150000   -42.00000000  -6.4210200000e-01
    150000   -40.00000000  -6.3806600000e-01
    150000   -38.00000000  -6.3121300000e-01
    150000   -36.00000000  -6.2161600000e-01
    150000   -34.00000000  -6.0936600000e-01
    150000   -32.00000000  -5.9458000000e-01
    150000   -30.00000000  -5.7739600000e-01
    150000   -28.00000000  -5.5798400000e-01
    150000   -26.00000000  -5.3654900000e-01
    150000   -24.00000000  -5.1333700000e-01
    150000   -22.00000000  -4.8865000000e-01
    150000   -20.00000000  -4.6287100000e-01
    150000   -18.00000000  -4.3649300000e-01
    150000   -16.00000000  -4.1019100000e-01
    150000   -14.00000000  -3.8493800000e-01
    150000   -12.00000000  -3.6224500000e-01
    150000   -10.00000000  -3.4469200000e-01
    150000    -8.00000000  -3.3803100000e-01
    150000    -6.00000000  -3.5130000000e-01
    150000    -4.00000000  -9.6333000000e-02
    150000    -2.00000000   2.2360000000e-01
    150000     0.00000000   4.7640000000e-01
    150000     2.00000000   6.9100000000e-01
    150000     4.00000000   8.8770000000e-01
    150000     6.00000000   1.0850970000e+00
    150000     8.00000000   1.2236660000e+00
    150000    10.00000000   1.1068620000e+00
    150000    12.00000000   9.7347000000e-01
    150000    14.00000000   9.0183600000e-01
    150000    16.00000000   8.5545500000e-01
    150000    18.00000000   8.2527100000e-01
    150000    20.00000000   8.0579000000e-01
    150000    22.00000000   7.9345900000e-01
    150000    24.00000000   7.8587000000e-01
    150000    26.00000000   7.8131500000e-01
    150000    28.00000000   7.7854700000e-01
    150000    30.00000000   7.7663000000e-01
    150000    32.00000000   7.7484100000e-01
    150000    34.00000000   7.7261800000e-01
    150000    36.00000000   7.6951600000e-01
    150000    38.00000000   7.6517900000e-01
    150000    40.00000000   7.5932400000e-01
    150000    42.00000000   7.5172700000e-01
    150000    44.00000000   7.4221100000e-01
    150000    46.00000000   7.3064200000e-01
    150000    48.00000000   7.1691900000e-01
    150000    50.00000000   7.0097600000e-01
    150000    52.00000000   6.8277400000e-01
    150000    54.00000000   6.6229800000e-01
    150000    56.00000000   6.3955800000e-01
    150000    58.00000000   6.1458700000e-01
    150000    60.00000000   5.8743400000e-01
    150000    62.00000000   5.5817100000e-01
    150000    64.00000000   5.2688500000e-01
    150000    66.00000000   4.9367700000e-01
    150000    68.00000000   4.5866800000e-01
    150000    70.00000000   4.2198800000e-01
    150000    72.00000000   3.8378200000e-01
    150000    74.00000000   3.4420600000e-01
    150000    76.00000000   3.0342700000e-01
    150000    78.00000000   2.6162000000e-01
    150000    80.00000000   2.1897200000e-01
    150000    82.00000000   1.7567200000e-01
    150000    84.00000000   1.3192000000e-01
    150000    86.00000000   8.7919000000e-02
    150000    88.00000000   4.3875000000e-02
    150000    90.00000000   0.0000000000e+00
    200000   -90.00000000  -0.0000000000e+00
    200000   -88.00000000  -4.3717000000e-02
    200000   -86.00000000  -8.7287000000e-02
    200000   -84.00000000  -1.3049600000e-01
    200000   -82.00000000  -1.7313700000e-01
    200000   -80.00000000  -2.1500300000e-01
    200000   -78.00000000  -2.5589300000e-01
    200000   -76.00000000  -2.9560900000e-01
    200000   -74.00000000  -3.3396200000e-01
    200000   -72.00000000  -3.7076800000e-01
    200000   -70.00000000  -4.0585400000e-01
    200000   -68.00000000  -4.3905200000e-01
    200000   -66.00000000  -4.7020700000e-01
    200000   -64.00000000  -4.9917400000e-01
    200000   -62.00000000  -5.2581900000e-01
    200000   -60.00000000  -5.5002000000e-01
    200000   -58.00000000  -5.7167000000e-01
    200000   -56.00000000  -5.9067400000e-01
    200000   -54.00000000  -6.0694900000e-01
    200000   -52.00000000  -6.2043200000e-01
    200000   -50.00000000  -6.3107200000e-01
    200000   -48.00000000  -6.3883300000e-01
    200000   -46.00000000  -6.4369900000e-01
    200000   -44.00000000  -6.4566800000e-01
    200000   -42.00000000  -6.4475700000e-01
    200000   -40.00000000  -6.4100200000e-01
    200000   -38.00000000  -6.3445700000e-01
    200000   -36.00000000  -6.2519800000e-01
    200000   -34.00000000  -6.1332000000e-01
    200000   -32.00000000  -5.9894500000e-01
    200000   -30.00000000  -5.8222100000e-01
    200000   -28.00000000  -5.6332600000e-01
    200000   -26.00000000  -5.4247700000e-01
    200000   -24.00000000  -5.1993700000e-01
    200000   -22.00000000  -4.9603200000e-01
    200000   -20.00000000  -4.7117500000e-01
    200000   -18.00000000  -4.4590900000e-01
    200000   -16.00000000  -4.2097500000e-01
    200000   -14.00000000  -3.9745600000e-01
    200000   -12.00000000  -3.7704700000e-01
    200000   -10.00000000  -3.5998200000e-01
    200000    -8.00000000  -3.5597400000e-01
    200000    -6.00000000  -3.1335000000e-01
    200000    -4.00000000  -8.9000000000e-03
    200000    -2.00000000   2.5780000000e-01
    200000     0.00000000   4.8240000000e-01
    200000     2.00000000   6.9360000000e-01
    200000     4.00000000   8.8560000000e-01
    200000     6.00000000   1.0868940000e+00
    200000     8.00000000   1.2188300000e+00
    200000    10.00000000   1.0811670000e+00
    200000    12.00000000   9.5497600000e-01
    200000    14.00000000   8.8619600000e-01
    200000    16.00000000   8.4198200000e-01
    200000    18.00000000   8.1350800000e-01
    200000    20.00000000   7.9541400000e-01
    200000    22.00000000   7.8423700000e-01
    200000    24.00000000   7.7762400000e-01
    200000    26.00000000   7.7390900000e-01
    200000    28.00000000   7.7187400000e-01
    200000    30.00000000   7.7060100000e-01
    200000    32.00000000   7.6938700000e-01
    200000    34.00000000   7.6767900000e-01
    200000    36.00000000   7.6504100000e-01
    200000    38.00000000   7.6112500000e-01
    200000    40.00000000   7.5565500000e-01
    200000    42.00000000   7.4841000000e-01
    200000    44.00000000   7.3921700000e-01
    200000    46.00000000   7.2794600000e-01
    200000    48.00000000   7.1449800000e-01
    200000    50.00000000   6.9880900000e-01
    200000    52.00000000   6.8084100000e-01
    200000    54.00000000   6.6058100000e-01
    200000    56.00000000   6.3804200000e-01
    200000    58.00000000   6.1325600000e-01
    200000    60.00000000   5.8627400000e-01
    200000    62.00000000   5.5716800000e-01
    200000    64.00000000   5.2602500000e-01
    200000    66.00000000   4.9295000000e-01
    200000    68.00000000   4.5805900000e-01
    200000    70.00000000   4.2148700000e-01
    200000    72.00000000   3.8337800000e-01
    200000    74.00000000   3.4388800000e-01
    200000    76.00000000   3.0318400000e-01
    200000    78.00000000   2.6144300000e-01
    200000    80.00000000   2.1884900000e-01
    200000    82.00000000   1.7559400000e-01
    200000    84.00000000   1.3187600000e-01
    200000    86.00000000   8.7899000000e-02
    200000    88.00000000   4.3870000000e-02
    200000    90.00000000   0.0000000000e+00
    250000   -90.00000000  -0.0000000000e+00
    250000   -88.00000000  -4.3711000000e-02
    250000   -86.00000000  -8.7261000000e-02
    250000   -84.00000000  -1.3043900000e-01
    250000   -82.00000000  -1.7303600000e-01
    250000   -80.00000000  -2.1484500000e-01
    250000   -78.00000000  -2.5566400000e-01
    250000   -76.00000000  -2.9529600000e-01
    250000   -74.00000000  -3.3355200000e-01
    250000   -72.00000000  -3.7024800000e-01
    250000   -70.00000000  -4.0520800000e-01
    250000   -68.00000000  -4.3826700000e-01
    250000   -66.00000000  -4.6926800000e-01
    250000   -64.00000000  -4.9806500000e-01
    250000   -62.00000000  -5.2452400000e-01
    250000   -60.00000000  -5.4852400000e-01
    250000   -58.00000000  -5.6995300000e-01
    250000   -56.00000000  -5.8871800000e-01
    250000   -54.00000000  -6.0473500000e-01
    250000   -52.00000000  -6.1793800000e-01
    250000   -50.00000000  -6.2827500000e-01
    250000   -48.00000000  -6.3570900000e-01
    250000   -46.00000000  -6.4022100000e-01
    250000   -44.00000000  -6.4180600000e-01
    250000   -42.00000000  -6.4047800000e-01
    250000   -40.00000000  -6.3626900000e-01
    250000   -38.00000000  -6.2922800000e-01
    250000   -36.00000000  -6.1942400000e-01
    250000   -34.00000000  -6.0694700000e-01
    250000   -32.00000000  -5.9190800000e-01
    250000   -30.00000000  -5.7444300000e-01
    250000   -28.00000000  -5.5471600000e-01
    250000   -26.00000000  -5.3292200000e-01
    250000   -24.00000000  -5.0929800000e-01
    250000   -22.00000000  -4.8413300000e-01
    250000   -20.00000000  -4.5778900000e-01
    250000   -18.00000000  -4.3073200000e-01
    250000   -16.00000000  -4.0359300000e-01
    250000   -14.00000000  -3.7727800000e-01
    250000   -12.00000000  -3.5318700000e-01
    250000   -10.00000000  -3.3229200000e-01
    250000    -8.00000000  -3.1728200000e-01
    250000    -6.00000000  -2.7044900000e-01
    250000    -4.00000000   3.0200000000e-02
    250000    -2.00000000   2.6705000000e-01
    250000     0.00000000   4.7286700000e-01
    250000     2.00000000   6.8740000000e-01
    250000     4.00000000   8.8440000000e-01
    250000     6.00000000   1.0848630000e+00
    250000     8.00000000   1.1801000000e+00
    250000    10.00000000   1.0251670000e+00
    250000    12.00000000   9.1270500000e-01
    250000    14.00000000   8.5044800000e-01
    250000    16.00000000   8.1118900000e-01
    250000    18.00000000   7.8662100000e-01
    250000    20.00000000   7.7169800000e-01
    250000    22.00000000   7.6315700000e-01
    250000    24.00000000   7.5877600000e-01
    250000    26.00000000   7.5698100000e-01
    250000    28.00000000   7.5662000000e-01
    250000    30.00000000   7.5682300000e-01
    250000    32.00000000   7.5692000000e-01
    250000    34.00000000   7.5638800000e-01
    250000    36.00000000   7.5481200000e-01
    250000    38.00000000   7.5186000000e-01
    250000    40.00000000   7.4726900000e-01
    250000    42.00000000   7.4082900000e-01
    250000    44.00000000   7.3237500000e-01
    250000    46.00000000   7.2178400000e-01
    250000    48.00000000   7.0896300000e-01
    250000    50.00000000   6.9385400000e-01
    250000    52.00000000   6.7642200000e-01
    250000    54.00000000   6.5665900000e-01
    250000    56.00000000   6.3457800000e-01
    250000    58.00000000   6.1021400000e-01
    250000    60.00000000   5.8362300000e-01
    250000    62.00000000   5.5487500000e-01
    250000    64.00000000   5.2406100000e-01
    250000    66.00000000   4.9128600000e-01
    250000    68.00000000   4.5666900000e-01
    250000    70.00000000   4.2034400000e-01
    250000    72.00000000   3.8245600000e-01
    250000    74.00000000   3.4316200000e-01
    250000    76.00000000   3.0263000000e-01
    250000    78.00000000   2.6103700000e-01
    250000    80.00000000   2.1856700000e-01
    250000    82.00000000   1.7541400000e-01
    250000    84.00000000   1.3177500000e-01
    250000    86.00000000   8.7854000000e-02
    250000    88.00000000   4.3859000000e-02
    250000    90.00000000   0.0000000000e+00
     50000   -90.00000000  -0.0000000000e+00
     50000   -88.00000000  -4.3718000000e-02
     50000   -86.00000000  -8.7289000000e-02
     50000   -84.00000000  -1.3050100000e-01
     50000   -82.00000000  -1.7314500000e-01
     50000   -80.00000000  -2.1501600000e-01
     50000   -78.00000000  -2.5591100000e-01
     50000   -76.00000000  -2.9563400000e-01
     50000   -74.00000000  -3.3399500000e-01
     50000   -72.00000000  -3.7081000000e-01
     50000   -70.00000000  -4.0590500000e-01
     50000   -68.00000000  -4.3911400000e-01
     50000   -66.00000000  -4.7028200000e-01
     50000   -64.00000000  -4.9926200000e-01
     50000   -62.00000000  -5.2592200000e-01
     50000   -60.00000000  -5.5014000000e-01
     50000   -58.00000000  -5.7180700000e-01
     50000   -56.00000000  -5.9082900000e-01
     50000   -54.00000000  -6.0712600000e-01
     50000   -52.00000000  -6.2063100000e-01
     50000   -50.00000000  -6.3129400000e-01
     50000   -48.00000000  -6.3908200000e-01
     50000   -46.00000000  -6.4397600000e-01
     50000   -44.00000000  -6.4597600000e-01
     50000   -42.00000000  -6.4509800000e-01
     50000   -40.00000000  -6.4137900000e-01
     50000   -38.00000000  -6.3487400000e-01
     50000   -36.00000000  -6.2565700000e-01
     50000   -34.00000000  -6.1382700000e-01
     50000   -32.00000000  -5.9950600000e-01
     50000   -30.00000000  -5.8284000000e-01
     50000   -28.00000000  -5.6401200000e-01
     50000   -26.00000000  -5.4323800000e-01
     50000   -24.00000000  -5.2078400000e-01
     50000   -22.00000000  -4.9698000000e-01
     50000   -20.00000000  -4.7224200000e-01
     50000   -18.00000000  -4.4711700000e-01
     50000   -16.00000000  -4.2235900000e-01
     50000   -14.00000000  -3.9906400000e-01
     50000   -12.00000000  -3.7894800000e-01
     50000   -10.00000000  -3.6496400000e-01
     50000    -8.00000000  -3.6077800000e-01
     50000    -6.00000000  -3.8925800000e-01
     50000    -4.00000000  -2.7598800000e-01
     50000    -2.00000000  -4.4600000000e-02
     50000     0.00000000   1.6730000000e-01
     50000     2.00000000   4.7790000000e-01
     50000     4.00000000   7.0790000000e-01
     50000     6.00000000   1.0111930000e+00
     50000     8.00000000   1.1465220000e+00
     50000    10.00000000   9.9053600000e-01
     50000    12.00000000   8.9298900000e-01
     50000    14.00000000   8.3377500000e-01
     50000    16.00000000   7.9682600000e-01
     50000    18.00000000   7.7408000000e-01
     50000    20.00000000   7.6063700000e-01
     50000    22.00000000   7.5332500000e-01
     50000    24.00000000   7.4998500000e-01
     50000    26.00000000   7.4908600000e-01
     50000    28.00000000   7.4950500000e-01
     50000    30.00000000   7.5039600000e-01
     50000    32.00000000   7.5110600000e-01
     50000    34.00000000   7.5112300000e-01
     50000    36.00000000   7.5004200000e-01
     50000    38.00000000   7.4753900000e-01
     50000    40.00000000   7.4335800000e-01
     50000    42.00000000   7.3729300000e-01
     50000    44.00000000   7.2918400000e-01
     50000    46.00000000   7.1891000000e-01
     50000    48.00000000   7.0638200000e-01
     50000    50.00000000   6.9154300000e-01
     50000    52.00000000   6.7436100000e-01
     50000    54.00000000   6.5482900000e-01
     50000    56.00000000   6.3296200000e-01
     50000    58.00000000   6.0879600000e-01
     50000    60.00000000   5.8238600000e-01
     50000    62.00000000   5.5380600000e-01
     50000    64.00000000   5.2314500000e-01
     50000    66.00000000   4.9051000000e-01
     50000    68.00000000   4.5602100000e-01
     50000    70.00000000   4.1981000000e-01
     50000    72.00000000   3.8202600000e-01
     50000    74.00000000   3.4282300000e-01
     50000    76.00000000   3.0237200000e-01
     50000    78.00000000   2.6084800000e-01
     50000    80.00000000   2.1843600000e-01
     50000    82.00000000   1.7533000000e-01
     50000    84.00000000   1.3172800000e-01
     50000    86.00000000   8.7833000000e-02
     50000    88.00000000   4.3854000000e-02
     50000    90.00000000   0.0000000000e+00
    100000   -90.00000000  -0.0000000000e+00
    100000   -88.00000000  -4.3719000000e-02
    100000   -86.00000000  -8.7293000000e-02
    100000   -84.00000000  -1.3051100000e-01
    100000   -82.00000000  -1.7316300000e-01
    100000   -80.00000000  -2.1504300000e-01
    100000   -78.00000000  -2.5595000000e-01
    100000   -76.00000000  -2.9568700000e-01
    100000   -74.00000000  -3.3406400000e-01
    100000   -72.00000000  -3.7089900000e-01
    100000   -70.00000000  -4.0601500000e-01
    100000   -68.00000000  -4.3924800000e-01
    100000   -66.00000000  -4.7044200000e-01
    100000   -64.00000000  -4.9945100000e-01
    100000   -62.00000000  -5.2614300000e-01
    100000   -60.00000000  -5.5039500000e-01
    100000   -58.00000000  -5.7210000000e-01
    100000   -56.00000000  -5.9116300000e-01
    100000   -54.00000000  -6.0750300000e-01
    100000   -52.00000000  -6.2105600000e-01
    100000   -50.00000000  -6.3177100000e-01
    100000   -48.00000000  -6.3961500000e-01
    100000   -46.00000000  -6.4456900000e-01
    100000   -44.00000000  -6.4663400000e-01
    100000   -42.00000000  -6.4582800000e-01
    100000   -40.00000000  -6.4218600000e-01
    100000   -38.00000000  -6.3576600000e-01
    100000   -36.00000000  -6.2664200000e-01
    100000   -34.00000000  -6.1491400000e-01
    100000   -32.00000000  -6.0070500000e-01
    100000   -30.00000000  -5.8416600000e-01
    100000   -28.00000000  -5.6548000000e-01
    100000   -26.00000000  -5.4486700000e-01
    100000   -24.00000000  -5.2259800000e-01
    100000   -22.00000000  -4.9900900000e-01
    100000   -20.00000000  -4.7452400000e-01
    100000   -18.00000000  -4.4970500000e-01
    100000   -16.00000000  -4.2532300000e-01
    100000   -14.00000000  -4.0250400000e-01
    100000   -12.00000000  -3.8301600000e-01
    100000   -10.00000000  -3.6990100000e-01
    100000    -8.00000000  -3.6522400000e-01
    100000    -6.00000000  -3.8262500000e-01
    100000    -4.00000000  -2.0501700000e-01
    100000    -2.00000000   1.2780000000e-01
    100000     0.00000000   4.2530000000e-01
    100000     2.00000000   6.7420000000e-01
    100000     4.00000000   8.8900000000e-01
    100000     6.00000000   1.0790000000e+00
    100000     8.00000000   1.2207160000e+00
    100000    10.00000000   1.2532990000e+00
    100000    12.00000000   1.1097550000e+00
    100000    14.00000000   1.0111560000e+00
    100000    16.00000000   9.4962500000e-01
    100000    18.00000000   9.0749500000e-01
    100000    20.00000000   8.7831500000e-01
    100000    22.00000000   8.5792500000e-01
    100000    24.00000000   8.4350800000e-01
    100000    26.00000000   8.3308100000e-01
    100000    28.00000000   8.2519500000e-01
    100000    30.00000000   8.1876600000e-01
    100000    32.00000000   8.1296500000e-01
    100000    34.00000000   8.0714500000e-01
    100000    36.00000000   8.0079600000e-01
    100000    38.00000000   7.9351200000e-01
    100000    40.00000000   7.8496900000e-01
    100000    42.00000000   7.7491200000e-01
    100000    44.00000000   7.6313600000e-01
    100000    46.00000000   7.4948600000e-01
    100000    48.00000000   7.3384400000e-01
    100000    50.00000000   7.1612700000e-01
    100000    52.00000000   6.9628600000e-01
    100000    54.00000000   6.7429400000e-01
    100000    56.00000000   6.5015400000e-01
    100000    58.00000000   6.2388900000e-01
    100000    60.00000000   5.9554400000e-01
    100000    62.00000000   5.6518300000e-01
    100000    64.00000000   5.3289100000e-01
    100000    66.00000000   4.9876400000e-01
    100000    68.00000000   4.6291900000e-01
    100000    70.00000000   4.2548500000e-01
    100000    72.00000000   3.8660200000e-01
    100000    74.00000000   3.4642600000e-01
    100000    76.00000000   3.0512100000e-01
    100000    78.00000000   2.6286200000e-01
    100000    80.00000000   2.1983200000e-01
    100000    82.00000000   1.7622200000e-01
    100000    84.00000000   1.3222900000e-01
    100000    86.00000000   8.8056000000e-02
    100000    88.00000000   4.3909000000e-02
    100000    90.00000000   0.0000000000e+00
    150000   -90.00000000  -0.0000000000e+00
    150000   -88.00000000  -4.3713000000e-02
    150000   -86.00000000  -8.7271000000e-02
    150000   -84.00000000  -1.3046100000e-01
    150000   -82.00000000  -1.7307400000e-01
    150000   -80.00000000  -2.1490500000e-01
    150000   -78.00000000  -2.5575100000e-01
    150000   -76.00000000  -2.9541500000e-01
    150000   -74.00000000  -3.3370800000e-01
    150000   -72.00000000  -3.7044500000e-01
    150000   -70.00000000  -4.0545300000e-01
    150000   -68.00000000  -4.3856500000e-01
    150000   -66.00000000  -4.6962400000e-01
    150000   -64.00000000  -4.9848600000e-01
    150000   -62.00000000  -5.2501600000e-01
    150000   -60.00000000  -5.4909200000e-01
    150000   -58.00000000  -5.7060500000e-01
    150000   -56.00000000  -5.8946000000e-01
    150000   -54.00000000  -6.0557600000e-01
    150000   -52.00000000  -6.1888500000e-01
    150000   -50.00000000  -6.2933700000e-01
    150000   -48.00000000  -6.3689500000e-01
    150000   -46.00000000  -6.4154100000e-01
    150000   -44.00000000  -6.4327200000e-01
    150000   -42.00000000  -6.4210200000e-01
    150000   -40.00000000  -6.3806600000e-01
    150000   -38.00000000  -6.3121300000e-01
    150000   -36.00000000  -6.2161600000e-01
    150000   -34.00000000  -6.0936600000e-01
    150000   -32.00000000  -5.9458000000e-01
    150000   -30.00000000  -5.7739600000e-01
    150000   -28.00000000  -5.5798400000e-01
    150000   -26.00000000  -5.3654900000e-01
    150000   -24.00000000  -5.1333700000e-01
    150000   -22.00000000  -4.8865000000e-01
    150000   -20.00000000  -4.6287100000e-01
    150000   -18.00000000  -4.3649300000e-01
    150000   -16.00000000  -4.1019100000e-01
    150000   -14.00000000  -3.8493800000e-01
    150000   -12.00000000  -3.6224500000e-01
    150000   -10.00000000  -3.4469200000e-01
    150000    -8.00000000  -3.3803100000e-01
    150000    -6.00000000  -3.5130000000e-01
    150000    -4.00000000  -9.6333000000e-02
    150000    -2.00000000   2.2360000000e-01
    150000     0.00000000   4.7640000000e-01
    150000     2.00000000   6.9100000000e-01
    150000     4.00000000   8.8770000000e-01
    150000     6.00000000   1.0850970000e+00
    150000     8.00000000   1.2236660000e+00
    150000    10.00000000   1.1068620000e+00
    150000    12.00000000   9.7347000000e-01
    150000    14.00000000   9.0183600000e-01
    150000    16.00000000   8.5545500000e-01
    150000    18.00000000   8.2527100000e-01
    150000    20.00000000   8.0579000000e-01
    150000    22.00000000   7.9345900000e-01
    150000    24.00000000   7.8587000000e-01
    150000    26.00000000   7.8131500000e-01
    150000    28.00000000   7.7854700000e-01
    150000    30.00000000   7.7663000000e-01
    150000    32.00000000   7.7484100000e-01
    150000    34.00000000   7.7261800000e-01
    150000    36.00000000   7.6951600000e-01
    150000    38.00000000   7.6517900000e-01
    150000    40.00000000   7.5932400000e-01
    150000    42.00000000   7.5172700000e-01
    150000    44.00000000   7.4221100000e-01
    150000    46.00000000   7.3064200000e-01
    150000    48.00000000   7.1691900000e-01
    150000    50.00000000   7.0097600000e-01
    150000    52.00000000   6.8277400000e-01
    150000    54.00000000   6.6229800000e-01
    150000    56.00000000   6.3955800000e-01
    150000    58.00000000   6.1458700000e-01
    150000    60.00000000   5.8743400000e-01
    150000    62.00000000   5.5817100000e-01
    150000    64.00000000   5.2688500000e-01
    150000    66.00000000   4.9367700000e-01
    150000    68.00000000   4.5866800000e-01
    150000    70.00000000   4.2198800000e-01
    150000    72.00000000   3.8378200000e-01
    150000    74.00000000   3.4420600000e-01
    150000    76.00000000   3.0342700000e-01
    150000    78.00000000   2.6162000000e-01
    150000    80.00000000   2.1897200000e-01
    150000    82.00000000   1.7567200000e-01
    150000    84.00000000   1.3192000000e-01
    150000    86.00000000   8.7919000000e-02
    150000    88.00000000   4.3875000000e-02
    150000    90.00000000   0.0000000000e+00
    200000   -90.00000000  -0.0000000000e+00
    200000   -88.00000000  -4.3717000000e-02
    200000   -86.00000000  -8.7287000000e-02
    200000   -84.00000000  -1.3049600000e-01
    200000   -82.00000000  -1.7313700000e-01
    200000   -80.00000000  -2.1500300000e-01
    200000   -78.00000000  -2.5589300000e-01
    200000   -76.00000000  -2.9560900000e-01
    200000   -74.00000000  -3.3396200000e-01
    200000   -72.00000000  -3.7076800000e-01
    200000   -70.00000000  -4.0585400000e-01
    200000   -68.00000000  -4.3905200000e-01
    200000   -66.00000000  -4.7020700000e-01
    200000   -64.00000000  -4.9917400000e-01
    200000   -62.00000000  -5.2581900000e-01
    200000   -60.00000000  -5.5002000000e-01
    200000   -58.00000000  -5.7167000000e-01
    200000   -56.00000000  -5.9067400000e-01
    200000   -54.00000000  -6.0694900000e-01
    200000   -52.00000000  -6.2043200000e-01
    200000   -50.00000000  -6.3107200000e-01
    200000   -48.00000000  -6.3883300000e-01
    200000   -46.00000000  -6.4369900000e-01
    200000   -44.00000000  -6.4566800000e-01
    200000   -42.00000000  -6.4475700000e-01
    200000   -40.00000000  -6.4100200000e-01
    200000   -38.00000000  -6.3445700000e-01
    200000   -36.00000000  -6.2519800000e-01
    200000   -34.00000000  -6.1332000000e-01
    200000   -32.00000000  -5.9894500000e-01
    200000   -30.00000000  -5.8222100000e-01
    200000   -28.00000000  -5.6332600000e-01
    200000   -26.00000000  -5.4247700000e-01
    200000   -24.00000000  -5.1993700000e-01
    200000   -22.00000000  -4.9603200000e-01
    200000   -20.00000000  -4.7117500000e-01
    200000   -18.00000000  -4.4590900000e-01
    200000   -16.00000000  -4.2097500000e-01
    200000   -14.00000000  -3.9745600000e-01
    200000   -12.00000000  -3.7704700000e-01
    200000   -10.00000000  -3.5998200000e-01
    200000    -8.00000000  -3.5597400000e-01
    200000    -6.00000000  -3.1335000000e-01
    200000    -4.00000000  -8.9000000000e-03
    200000    -2.00000000   2.5780000000e-01
    200000     0.00000000   4.8240000000e-01
    200000     2.00000000   6.9360000000e-01
    200000     4.00000000   8.8560000000e-01
    200000     6.00000000   1.0868940000e+00
    200000     8.00000000   1.2188300000e+00
    200000    10.00000000   1.0811670000e+00
    200000    12.00000000   9.5497600000e-01
    200000    14.00000000   8.8619600000e-01
    200000    16.00000000   8.4198200000e-01
    200000    18.00000000   8.1350800000e-01
    200000    20.00000000   7.9541400000e-01
    200000    22.00000000   7.8423700000e-01
    200000    24.00000000   7.7762400000e-01
    200000    26.00000000   7.7390900000e-01
    200000    28.00000000   7.7187400000e-01
    200000    30.00000000   7.7060100000e-01
    200000    32.00000000   7.6938700000e-01
    200000    34.00000000   7.6767900000e-01
    200000    36.00000000   7.6504100000e-01
    200000    38.00000000   7.6112500000e-01
    200000    40.00000000   7.5565500000e-01
    200000    42.00000000   7.4841000000e-01
    200000    44.00000000   7.3921700000e-01
    200000    46.00000000   7.2794600000e-01
    200000    48.00000000   7.1449800000e-01
    200000    50.00000000   6.9880900000e-01
    200000    52.00000000   6.8084100000e-01
    200000    54.00000000   6.6058100000e-01
    200000    56.00000000   6.3804200000e-01
    200000    58.00000000   6.1325600000e-01
    200000    60.00000000   5.8627400000e-01
    200000    62.00000000   5.5716800000e-01
    200000    64.00000000   5.2602500000e-01
    200000    66.00000000   4.9295000000e-01
    200000    68.00000000   4.5805900000e-01
    200000    70.00000000   4.2148700000e-01
    200000    72.00000000   3.8337800000e-01
    200000    74.00000000   3.4388800000e-01
    200000    76.00000000   3.0318400000e-01
    200000    78.00000000   2.6144300000e-01
    200000    80.00000000   2.1884900000e-01
    200000    82.00000000   1.7559400000e-01
    200000    84.00000000   1.3187600000e-01
    200000    86.00000000   8.7899000000e-02
    200000    88.00000000   4.3870000000e-02
    200000    90.00000000   0.0000000000e+00
    250000   -90.00000000  -0.0000000000e+00
    250000   -88.00000000  -4.3711000000e-02
    250000   -86.00000000  -8.7261000000e-02
    250000   -84.00000000  -1.3043900000e-01
    250000   -82.00000000  -1.7303600000e-01
    250000   -80.00000000  -2.1484500000e-01
    250000   -78.00000000  -2.5566400000e-01
    250000   -76.00000000  -2.9529600000e-01
    250000   -74.00000000  -3.3355200000e-01
    250000   -72.00000000  -3.7024800000e-01
    250000   -70.00000000  -4.0520800000e-01
    250000   -68.00000000  -4.3826700000e-01
    250000   -66.00000000  -4.6926800000e-01
    250000   -64.00000000  -4.9806500000e-01
    250000   -62.00000000  -5.2452400000e-01
    250000   -60.00000000  -5.4852400000e-01
    250000   -58.00000000  -5.6995300000e-01
    250000   -56.00000000  -5.8871800000e-01
    250000   -54.00000000  -6.0473500000e-01
    250000   -52.00000000  -6.1793800000e-01
    250000   -50.00000000  -6.2827500000e-01
    250000   -48.00000000  -6.3570900000e-01
    250000   -46.00000000  -6.4022100000e-01
    250000   -44.00000000  -6.4180600000e-01
    250000   -42.00000000  -6.4047800000e-01
    250000   -40.00000000  -6.3626900000e-01
    250000   -38.00000000  -6.2922800000e-01
    250000   -36.00000000  -6.1942400000e-01
    250000   -34.00000000  -6.0694700000e-01
    250000   -32.00000000  -5.9190800000e-01
    250000   -30.00000000  -5.7444300000e-01
    250000   -28.00000000  -5.5471600000e-01
    250000   -26.00000000  -5.3292200000e-01
    250000   -24.00000000  -5.0929800000e-01
    250000   -22.00000000  -4.8413300000e-01
    250000   -20.00000000  -4.5778900000e-01
    250000   -18.00000000  -4.3073200000e-01
    250000   -16.00000000  -4.0359300000e-01
    250000   -14.00000000  -3.7727800000e-01
    250000   -12.00000000  -3.5318700000e-01
    250000   -10.00000000  -3.3229200000e-01
    250000    -8.00000000  -3.1728200000e-01
    250000    -6.00000000  -2.7044900000e-01
    250000    -4.00000000   3.0200000000e-02
    250000    -2.00000000   2.6705000000e-01
    250000     0.00000000   4.7286700000e-01
    250000     2.00000000   6.8740000000e-01
    250000     4.00000000   8.8440000000e-01
    250000     6.00000000   1.0848630000e+00
    250000     8.00000000   1.1801000000e+00
    250000    10.00000000   1.0251670000e+00
    250000    12.00000000   9.1270500000e-01
    250000    14.00000000   8.5044800000e-01
    250000    16.00000000   8.1118900000e-01
    250000    18.00000000   7.8662100000e-01
    250000    20.00000000   7.7169800000e-01
    250000    22.00000000   7.6315700000e-01
    250000    24.00000000   7.5877600000e-01
    250000    26.00000000   7.5698100000e-01
    250000    28.00000000   7.5662000000e-01
    250000    30.00000000   7.5682300000e-01
    250000    32.00000000   7.5692000000e-01
    250000    34.00000000   7.5638800000e-01
    250000    36.00000000   7.5481200000e-01
    250000    38.00000000   7.5186000000e-01
    250000    40.00000000   7.4726900000e-01
    250000    42.00000000   7.4082900000e-01
    250000    44.00000000   7.3237500000e-01
    250000    46.00000000   7.2178400000e-01
    250000    48.00000000   7.0896300000e-01
    250000    50.00000000   6.9385400000e-01
    250000    52.00000000   6.7642200000e-01
    250000    54.00000000   6.5665900000e-01
    250000    56.00000000   6.3457800000e-01
    250000    58.00000000   6.1021400000e-01
    250000    60.00000000   5.8362300000e-01
    250000    62.00000000   5.5487500000e-01
    250000    64.00000000   5.2406100000e-01
    250000    66.00000000   4.9128600000e-01
    250000    68.00000000   4.5666900000e-01
    250000    70.00000000   4.2034400000e-01
    250000    72.00000000   3.8245600000e-01
    250000    74.00000000   3.4316200000e-01
    250000    76.00000000   3.0263000000e-01
    250000    78.00000000   2.6103700000e-01
    250000    80.00000000   2.1856700000e-01
    250000    82.00000000   1.7541400000e-01
    250000    84.00000000   1.3177500000e-01
    250000    86.00000000   8.7854000000e-02
    250000    88.00000000   4.3859000000e-02
    250000    90.00000000   0.0000000000e+00
     50000   -90.00000000  -0.0000000000e+00
     50000   -88.00000000  -4.3709000000e-02
     50000   -86.00000000  -8.7254000000e-02
     50000   -84.00000000  -1.3042400000e-01
     50000   -82.00000000  -1.7300900000e-01
     50000   -80.00000000  -2.1480200000e-01
     50000   -78.00000000  -2.5560200000e-01
     50000   -76.00000000  -2.9521200000e-01
     50000   -74.00000000  -3.3344200000e-01
     50000   -72.00000000  -3.7010800000e-01
     50000   -70.00000000  -4.0503400000e-01
     50000   -68.00000000  -4.3805600000e-01
     50000   -66.00000000  -4.6901500000e-01
     50000   -64.00000000  -4.9776700000e-01
     50000   -62.00000000  -5.2417600000e-01
     50000   -60.00000000  -5.4812100000e-01
     50000   -58.00000000  -5.6949100000e-01
     50000   -56.00000000  -5.8819100000e-01
     50000   -54.00000000  -6.0413900000e-01
     50000   -52.00000000  -6.1726700000e-01
     50000   -50.00000000  -6.2752200000e-01
     50000   -48.00000000  -6.3486800000e-01
     50000   -46.00000000  -6.3928400000e-01
     50000   -44.00000000  -6.4076600000e-01
     50000   -42.00000000  -6.3932600000e-01
     50000   -40.00000000  -6.3499400000e-01
     50000   -38.00000000  -6.2782000000e-01
     50000   -36.00000000  -6.1787000000e-01
     50000   -34.00000000  -6.0523100000e-01
     50000   -32.00000000  -5.9001400000e-01
     50000   -30.00000000  -5.7235000000e-01
     50000   -28.00000000  -5.5239800000e-01
     50000   -26.00000000  -5.3035000000e-01
     50000   -24.00000000  -5.0643400000e-01
     50000   -22.00000000  -4.8093000000e-01
     50000   -20.00000000  -4.5418500000e-01
     50000   -18.00000000  -4.2664600000e-01
     50000   -16.00000000  -3.9891400000e-01
     50000   -14.00000000  -3.7184600000e-01
     50000   -12.00000000  -3.4676300000e-01
     50000   -10.00000000  -3.2590300000e-01
     50000    -8.00000000  -3.1355300000e-01
     50000    -6.00000000  -3.3075400000e-01
     50000    -4.00000000  -2.9101900000e-01
     50000    -2.00000000  -4.4900000000e-02
     50000     0.00000000   1.6740000000e-01
     50000     2.00000000   4.7760000000e-01
     50000     4.00000000   7.0740000000e-01
     50000     6.00000000   9.7636700000e-01
     50000     8.00000000   1.2278000000e+00
     50000    10.00000000   1.0587480000e+00
     50000    12.00000000   9.4385800000e-01
     50000    14.00000000   8.7679300000e-01
     50000    16.00000000   8.3388300000e-01
     50000    18.00000000   8.0643600000e-01
     50000    20.00000000   7.8917600000e-01
     50000    22.00000000   7.7869200000e-01
     50000    24.00000000   7.7266600000e-01
     50000    26.00000000   7.6945600000e-01
     50000    28.00000000   7.6786100000e-01
     50000    30.00000000   7.6697700000e-01
     50000    32.00000000   7.6610800000e-01
     50000    34.00000000   7.6470900000e-01
     50000    36.00000000   7.6235000000e-01
     50000    38.00000000   7.5868800000e-01
     50000    40.00000000   7.5344900000e-01
     50000    42.00000000   7.4641600000e-01
     50000    44.00000000   7.3741800000e-01
     50000    46.00000000   7.2632500000e-01
     50000    48.00000000   7.1304200000e-01
     50000    50.00000000   6.9750500000e-01
     50000    52.00000000   6.7967800000e-01
     50000    54.00000000   6.5955000000e-01
     50000    56.00000000   6.3713100000e-01
     50000    58.00000000   6.1245600000e-01
     50000    60.00000000   5.8557700000e-01
     50000    62.00000000   5.5656500000e-01
     50000    64.00000000   5.2550900000e-01
     50000    66.00000000   4.9251200000e-01
     50000    68.00000000   4.5769400000e-01
     50000    70.00000000   4.2118700000e-01
     50000    72.00000000   3.8313500000e-01
     50000    74.00000000   3.4369700000e-01
     50000    76.00000000   3.0303800000e-01
     50000    78.00000000   2.6133600000e-01
     50000    80.00000000   2.1877500000e-01
     50000    82.00000000   1.7554600000e-01
     50000    84.00000000   1.3185000000e-01
     50000    86.00000000   8.7887000000e-02
     50000    88.00000000   4.3867000000e-02
     50000    90.00000000   0.0000000000e+00
    100000   -90.00000000  -0.0000000000e+00
    100000   -88.00000000  -4.3715000000e-02
    100000   -86.00000000  -8.7277000000e-02
    100000   -84.00000000  -1.3047600000e-01
    100000   -82.00000000  -1.7310100000e-01
    100000   -80.00000000  -2.1494700000e-01
    100000   -78.00000000  -2.5581100000e-01
    100000   -76.00000000  -2.9549700000e-01
    100000   -74.00000000  -3.3381500000e-01
    100000   -72.00000000  -3.7058200000e-01
    100000   -70.00000000  -4.0562300000e-01
    100000   -68.00000000  -4.3877100000e-01
    100000   -66.00000000  -4.6987100000e-01
    100000   -64.00000000  -4.9877700000e-01
    100000   -62.00000000  -5.2535600000e-01
    100000   -60.00000000  -5.4948500000e-01
    100000   -58.00000000  -5.7105600000e-01
    100000   -56.00000000  -5.8997400000e-01
    100000   -54.00000000  -6.0615800000e-01
    100000   -52.00000000  -6.1954000000e-01
    100000   -50.00000000  -6.3007200000e-01
    100000   -48.00000000  -6.3771600000e-01
    100000   -46.00000000  -6.4245500000e-01
    100000   -44.00000000  -6.4428700000e-01
    100000   -42.00000000  -6.4322700000e-01
    100000   -40.00000000  -6.3931000000e-01
    100000   -38.00000000  -6.3258700000e-01
    100000   -36.00000000  -6.2313300000e-01
    100000   -34.00000000  -6.1104100000e-01
    100000   -32.00000000  -5.9642900000e-01
    100000   -30.00000000  -5.7944000000e-01
    100000   -28.00000000  -5.6024700000e-01
    100000   -26.00000000  -5.3906000000e-01
    100000   -24.00000000  -5.1613300000e-01
    100000   -22.00000000  -4.9177800000e-01
    100000   -20.00000000  -4.6638900000e-01
    100000   -18.00000000  -4.4048200000e-01
    100000   -16.00000000  -4.1476000000e-01
    100000   -14.00000000  -3.9024100000e-01
    100000   -12.00000000  -3.6851600000e-01
    100000   -10.00000000  -3.5230300000e-01
    100000    -8.00000000  -3.4735100000e-01
    100000    -6.00000000  -3.6823800000e-01
    100000    -4.00000000  -2.2645800000e-01
    100000    -2.00000000   1.2790000000e-01
    100000     0.00000000   4.2550000000e-01
    100000     2.00000000   6.7420000000e-01
    100000     4.00000000   8.8900000000e-01
    100000     6.00000000   1.1323990000e+00
    100000     8.00000000   1.1379830000e+00
    100000    10.00000000   9.7851700000e-01
    100000    12.00000000   8.8235600000e-01
    100000    14.00000000   8.2478300000e-01
    100000    16.00000000   7.8908000000e-01
    100000    18.00000000   7.6731700000e-01
    100000    20.00000000   7.5467200000e-01
    100000    22.00000000   7.4802200000e-01
    100000    24.00000000   7.4524400000e-01
    100000    26.00000000   7.4482800000e-01
    100000    28.00000000   7.4566900000e-01
    100000    30.00000000   7.4693000000e-01
    100000    32.00000000   7.4797000000e-01
    100000    34.00000000   7.4828300000e-01
    100000    36.00000000   7.4746900000e-01
    100000    38.00000000   7.4520900000e-01
    100000    40.00000000   7.4124800000e-01
    100000    42.00000000   7.3538600000e-01
    100000    44.00000000   7.2746200000e-01
    100000    46.00000000   7.1736000000e-01
    100000    48.00000000   7.0499000000e-01
    100000    50.00000000   6.9029700000e-01
    100000    52.00000000   6.7325000000e-01
    100000    54.00000000   6.5384200000e-01
    100000    56.00000000   6.3209000000e-01
    100000    58.00000000   6.0803100000e-01
    100000    60.00000000   5.8171900000e-01
    100000    62.00000000   5.5322900000e-01
    100000    64.00000000   5.2265100000e-01
    100000    66.00000000   4.9009200000e-01
    100000    68.00000000   4.5567100000e-01
    100000    70.00000000   4.1952300000e-01
    100000    72.00000000   3.8179400000e-01
    100000    74.00000000   3.4264100000e-01
    100000    76.00000000   3.0223200000e-01
    100000    78.00000000   2.6074500000e-01
    100000    80.00000000   2.1836600000e-01
    100000    82.00000000   1.7528500000e-01
    100000    84.00000000   1.3170300000e-01
    100000    86.00000000   8.7822000000e-02
    100000    88.00000000   4.3851000000e-02
    100000    90.00000000   0.0000000000e+00
    150000   -90.00000000  -0.0000000000e+00
    150000   -88.00000000  -4.3718000000e-02
    150000   -86.00000000  -8.7291000000e-02
    150000   -84.00000000  -1.3050600000e-01
    150000   -82.00000000  -1.7315400000e-01
    150000   -80.00000000  -2.1503000000e-01
    150000   -78.00000000  -2.5593200000e-01
    150000   -76.00000000  -2.9566200000e-01
    150000   -74.00000000  -3.3403100000e-01
    150000   -72.00000000  -3.7085700000e-01
    150000   -70.00000000  -4.0596300000e-01
    150000   -68.00000000  -4.3918500000e-01
    150000   -66.00000000  -4.7036600000e-01
    150000   -64.00000000  -4.9936100000e-01
    150000   -62.00000000  -5.2603800000e-01
    150000   -60.00000000  -5.5027400000e-01
    150000   -58.00000000  -5.7196100000e-01
    150000   -56.00000000  -5.9100500000e-01
    150000   -54.00000000  -6.0732400000e-01
    150000   -52.00000000  -6.2085500000e-01
    150000   -50.00000000  -6.3154500000e-01
    150000   -48.00000000  -6.3936200000e-01
    150000   -46.00000000  -6.4428800000e-01
    150000   -44.00000000  -6.4632200000e-01
    150000   -42.00000000  -6.4548200000e-01
    150000   -40.00000000  -6.4180400000e-01
    150000   -38.00000000  -6.3534300000e-01
    150000   -36.00000000  -6.2617500000e-01
    150000   -34.00000000  -6.1439900000e-01
    150000   -32.00000000  -6.0013600000e-01
    150000   -30.00000000  -5.8353800000e-01
    150000   -28.00000000  -5.6478400000e-01
    150000   -26.00000000  -5.4409500000e-01
    150000   -24.00000000  -5.2173800000e-01
    150000   -22.00000000  -4.9804700000e-01
    150000   -20.00000000  -4.7344200000e-01
    150000   -18.00000000  -4.4847800000e-01
    150000   -16.00000000  -4.2391800000e-01
    150000   -14.00000000  -4.0087300000e-01
    150000   -12.00000000  -3.8108700000e-01
    150000   -10.00000000  -3.6756000000e-01
    150000    -8.00000000  -3.6229600000e-01
    150000    -6.00000000  -3.7234300000e-01
    150000    -4.00000000  -7.1275000000e-02
    150000    -2.00000000   2.2380000000e-01
    150000     0.00000000   4.7620000000e-01
    150000     2.00000000   6.9100000000e-01
    150000     4.00000000   8.8770000000e-01
    150000     6.00000000   1.0853050000e+00
    150000     8.00000000   1.2232100000e+00
    150000    10.00000000   1.1102490000e+00
    150000    12.00000000   9.7618200000e-01
    150000    14.00000000   9.0412900000e-01
    150000    16.00000000   8.5743000000e-01
    150000    18.00000000   8.2699600000e-01
    150000    20.00000000   8.0731100000e-01
    150000    22.00000000   7.9481200000e-01
    150000    24.00000000   7.8707900000e-01
    150000    26.00000000   7.8240100000e-01
    150000    28.00000000   7.7952600000e-01
    150000    30.00000000   7.7751400000e-01
    150000    32.00000000   7.7564100000e-01
    150000    34.00000000   7.7334300000e-01
    150000    36.00000000   7.7017200000e-01
    150000    38.00000000   7.6577300000e-01
    150000    40.00000000   7.5986200000e-01
    150000    42.00000000   7.5221300000e-01
    150000    44.00000000   7.4265000000e-01
    150000    46.00000000   7.3103700000e-01
    150000    48.00000000   7.1727400000e-01
    150000    50.00000000   7.0129400000e-01
    150000    52.00000000   6.8305700000e-01
    150000    54.00000000   6.6254900000e-01
    150000    56.00000000   6.3978100000e-01
    150000    58.00000000   6.1478200000e-01
    150000    60.00000000   5.8760500000e-01
    150000    62.00000000   5.5831800000e-01
    150000    64.00000000   5.2701100000e-01
    150000    66.00000000   4.9378400000e-01
    150000    68.00000000   4.5875700000e-01
    150000    70.00000000   4.2206100000e-01
    150000    72.00000000   3.8384100000e-01
    150000    74.00000000   3.4425200000e-01
    150000    76.00000000   3.0346200000e-01
    150000    78.00000000   2.6164600000e-01
    150000    80.00000000   2.1899000000e-01
    150000    82.00000000   1.7568400000e-01
    150000    84.00000000   1.3192700000e-01
    150000    86.00000000   8.7922000000e-02
    150000    88.00000000   4.3876000000e-02
    150000    90.00000000   0.0000000000e+00
    200000   -90.00000000  -0.0000000000e+00
    200000   -88.00000000  -4.3711000000e-02
    200000   -86.00000000  -8.7260000000e-02
    200000   -84.00000000  -1.3043600000e-01
    200000   -82.00000000  -1.7302900000e-01
    200000   -80.00000000  -2.1483500000e-01
    200000   -78.00000000  -2.5564900000e-01
    200000   -76.00000000  -2.9527700000e-01
    200000   -74.00000000  -3.3352600000e-01
    200000   -72.00000000  -3.7021500000e-01
    200000   -70.00000000  -4.0516700000e-01
    200000   -68.00000000  -4.3821800000e-01
    200000   -66.00000000  -4.6920900000e-01
    200000   -64.00000000  -4.9799500000e-01
    200000   -62.00000000  -5.2444300000e-01
    200000   -60.00000000  -5.4842900000e-01
    200000   -58.00000000  -5.6984500000e-01
    200000   -56.00000000  -5.8859500000e-01
    200000   -54.00000000  -6.0459600000e-01
    200000   -52.00000000  -6.1778100000e-01
    200000   -50.00000000  -6.2809900000e-01
    200000   -48.00000000  -6.3551200000e-01
    200000   -46.00000000  -6.4000100000e-01
    200000   -44.00000000  -6.4156200000e-01
    200000   -42.00000000  -6.4020800000e-01
    200000   -40.00000000  -6.3597000000e-01
    200000   -38.00000000  -6.2889800000e-01
    200000   -36.00000000  -6.1906000000e-01
    200000   -34.00000000  -6.0654500000e-01
    200000   -32.00000000  -5.9146500000e-01
    200000   -30.00000000  -5.7395300000e-01
    200000   -28.00000000  -5.5417300000e-01
    200000   -26.00000000  -5.3232000000e-01
    200000   -24.00000000  -5.0862700000e-01
    200000   -22.00000000  -4.8338300000e-01
    200000   -20.00000000  -4.5694500000e-01
    200000   -18.00000000  -4.2977500000e-01
    200000   -16.00000000  -4.0249700000e-01
    200000   -14.00000000  -3.7600600000e-01
    200000   -12.00000000  -3.5074700000e-01
    200000   -10.00000000  -3.3100900000e-01
    200000    -8.00000000  -2.8336400000e-01
    200000    -6.00000000  -2.5780000000e-01
    200000    -4.00000000  -8.7000000000e-03
    200000    -2.00000000   2.6030000000e-01
    200000     0.00000000   4.7180000000e-01
    200000     2.00000000   6.9360000000e-01
    200000     4.00000000   8.8560000000e-01
    200000     6.00000000   1.0868170000e+00
    200000     8.00000000   1.2178010000e+00
    200000    10.00000000   1.0787350000e+00
    200000    12.00000000   9.5302100000e-01
    200000    14.00000000   8.8454300000e-01
    200000    16.00000000   8.4055800000e-01
    200000    18.00000000   8.1226400000e-01
    200000    20.00000000   7.9431700000e-01
    200000    22.00000000   7.8326200000e-01
    200000    24.00000000   7.7675200000e-01
    200000    26.00000000   7.7312600000e-01
    200000    28.00000000   7.7116800000e-01
    200000    30.00000000   7.6996400000e-01
    200000    32.00000000   7.6881000000e-01
    200000    34.00000000   7.6715700000e-01
    200000    36.00000000   7.6456800000e-01
    200000    38.00000000   7.6069700000e-01
    200000    40.00000000   7.5526700000e-01
    200000    42.00000000   7.4805900000e-01
    200000    44.00000000   7.3890100000e-01
    200000    46.00000000   7.2766100000e-01
    200000    48.00000000   7.1424200000e-01
    200000    50.00000000   6.9857900000e-01
    200000    52.00000000   6.8063600000e-01
    200000    54.00000000   6.6040000000e-01
    200000    56.00000000   6.3788200000e-01
    200000    58.00000000   6.1311500000e-01
    200000    60.00000000   5.8615200000e-01
    200000    62.00000000   5.5706200000e-01
    200000    64.00000000   5.2593400000e-01
    200000    66.00000000   4.9287300000e-01
    200000    68.00000000   4.5799500000e-01
    200000    70.00000000   4.2143400000e-01
    200000    72.00000000   3.8333500000e-01
    200000    74.00000000   3.4385400000e-01
    200000    76.00000000   3.0315900000e-01
    200000    78.00000000   2.6142400000e-01
    200000    80.00000000   2.1883600000e-01
    200000    82.00000000   1.7558500000e-01
    200000    84.00000000   1.3187100000e-01
    200000    86.00000000   8.7897000000e-02
    200000    88.00000000   4.3870000000e-02
    200000    90.00000000   0.0000000000e+00
    250000   -90.00000000  -0.0000000000e+00
    250000   -88.00000000  -4.3719000000e-02
    250000   -86.00000000  -8.7293000000e-02
    250000   -84.00000000  -1.3051200000e-01
    250000   -82.00000000  -1.7316500000e-01
    250000   -80.00000000  -2.1504600000e-01
    250000   -78.00000000  -2.5595500000e-01
    250000   -76.00000000  -2.9569400000e-01
    250000   -74.00000000  -3.3407300000e-01
    250000   -72.00000000  -3.7090900000e-01
    250000   -70.00000000  -4.0602800000e-01
    250000   -68.00000000  -4.3926400000e-01
    250000   -66.00000000  -4.7046100000e-01
    250000   -64.00000000  -4.9947400000e-01
    250000   -62.00000000  -5.2616900000e-01
    250000   -60.00000000  -5.5042500000e-01
    250000   -58.00000000  -5.7213500000e-01
    250000   -56.00000000  -5.9120200000e-01
    250000   -54.00000000  -6.0754800000e-01
    250000   -52.00000000  -6.2110700000e-01
    250000   -50.00000000  -6.3182800000e-01
    250000   -48.00000000  -6.3967800000e-01
    250000   -46.00000000  -6.4464000000e-01
    250000   -44.00000000  -6.4671200000e-01
    250000   -42.00000000  -6.4591500000e-01
    250000   -40.00000000  -6.4228200000e-01
    250000   -38.00000000  -6.3587200000e-01
    250000   -36.00000000  -6.2675900000e-01
    250000   -34.00000000  -6.1504300000e-01
    250000   -32.00000000  -6.0084800000e-01
    250000   -30.00000000  -5.8432400000e-01
    250000   -28.00000000  -5.6565500000e-01
    250000   -26.00000000  -5.4506100000e-01
    250000   -24.00000000  -5.2281400000e-01
    250000   -22.00000000  -4.9925000000e-01
    250000   -20.00000000  -4.7479600000e-01
    250000   -18.00000000  -4.5001300000e-01
    250000   -16.00000000  -4.2567500000e-01
    250000   -14.00000000  -4.0147500000e-01
    250000   -12.00000000  -3.8350000000e-01
    250000   -10.00000000  -3.2162400000e-01
    250000    -8.00000000  -2.9645700000e-01
    250000    -6.00000000  -2.7520000000e-01
    250000    -4.00000000   3.0300000000e-02
    250000    -2.00000000   2.6700000000e-01
    250000     0.00000000   4.8125000000e-01
    250000     2.00000000   6.8740000000e-01
    250000     4.00000000   8.8440000000e-01
    250000     6.00000000   1.0782510000e+00
    250000     8.00000000   1.2168210000e+00
    250000    10.00000000   1.0780640000e+00
    250000    12.00000000   9.5248200000e-01
    250000    14.00000000   8.8408700000e-01
    250000    16.00000000   8.4016500000e-01
    250000    18.00000000   8.1192100000e-01
    250000    20.00000000   7.9401400000e-01
    250000    22.00000000   7.8299300000e-01
    250000    24.00000000   7.7651100000e-01
    250000    26.00000000   7.7291000000e-01
    250000    28.00000000   7.7097300000e-01
    250000    30.00000000   7.6978800000e-01
    250000    32.00000000   7.6865100000e-01
    250000    34.00000000   7.6701200000e-01
    250000    36.00000000   7.6443700000e-01
    250000    38.00000000   7.6057900000e-01
    250000    40.00000000   7.5516000000e-01
    250000    42.00000000   7.4796300000e-01
    250000    44.00000000   7.3881400000e-01
    250000    46.00000000   7.2758200000e-01
    250000    48.00000000   7.1417100000e-01
    250000    50.00000000   6.9851600000e-01
    250000    52.00000000   6.8058000000e-01
    250000    54.00000000   6.6035000000e-01
    250000    56.00000000   6.3783800000e-01
    250000    58.00000000   6.1307600000e-01
    250000    60.00000000   5.8611800000e-01
    250000    62.00000000   5.5703300000e-01
    250000    64.00000000   5.2590900000e-01
    250000    66.00000000   4.9285100000e-01
    250000    68.00000000   4.5797700000e-01
    250000    70.00000000   4.2142000000e-01
    250000    72.00000000   3.8332400000e-01
    250000    74.00000000   3.4384500000e-01
    250000    76.00000000   3.0315100000e-01
    250000    78.00000000   2.6141900000e-01
    250000    80.00000000   2.1883200000e-01
    250000    82.00000000   1.7558300000e-01
    250000    84.00000000   1.3187000000e-01
    250000    86.00000000   8.7896000000e-02
    250000    88.00000000   4.3870000000e-02
    250000    90.00000000   0.0000000000e+00
     50000   -90.00000000  -0.0000000000e+00
     50000   -88.00000000  -4.3716000000e-02
     50000   -86.00000000  -8.7282000000e-02
     50000   -84.00000000  -1.3048500000e-01
     50000   -82.00000000  -1.7311800000e-01
     50000   -80.00000000  -2.1497300000e-01
     50000   -78.00000000  -2.5584800000e-01
     50000   -76.00000000  -2.9554800000e-01
     50000   -74.00000000  -3.3388300000e-01
     50000   -72.00000000  -3.7066800000e-01
     50000   -70.00000000  -4.0572900000e-01
     50000   -68.00000000  -4.3890000000e-01
     50000   -66.00000000  -4.7002500000e-01
     50000   -64.00000000  -4.9895900000e-01
     50000   -62.00000000  -5.2556800000e-01
     50000   -60.00000000  -5.4973100000e-01
     50000   -58.00000000  -5.7133800000e-01
     50000   -56.00000000  -5.9029500000e-01
     50000   -54.00000000  -6.0652100000e-01
     50000   -52.00000000  -6.1994900000e-01
     50000   -50.00000000  -6.3053000000e-01
     50000   -48.00000000  -6.3822800000e-01
     50000   -46.00000000  -6.4302500000e-01
     50000   -44.00000000  -6.4492000000e-01
     50000   -42.00000000  -6.4392900000e-01
     50000   -40.00000000  -6.4008600000e-01
     50000   -38.00000000  -6.3344500000e-01
     50000   -36.00000000  -6.2408000000e-01
     50000   -34.00000000  -6.1208600000e-01
     50000   -32.00000000  -5.9758300000e-01
     50000   -30.00000000  -5.8071500000e-01
     50000   -28.00000000  -5.6165900000e-01
     50000   -26.00000000  -5.4062700000e-01
     50000   -24.00000000  -5.1787700000e-01
     50000   -22.00000000  -4.9372800000e-01
     50000   -20.00000000  -4.6858400000e-01
     50000   -18.00000000  -4.4297000000e-01
     50000   -16.00000000  -4.1761000000e-01
     50000   -14.00000000  -3.9355000000e-01
     50000   -12.00000000  -3.7242800000e-01
     50000   -10.00000000  -3.5705100000e-01
     50000    -8.00000000  -3.5171700000e-01
     50000    -6.00000000  -3.7462900000e-01
     50000    -4.00000000  -2.7603000000e-01
     50000    -2.00000000  -4.6100000000e-02
     50000     0.00000000   1.6770000000e-01
     50000     2.00000000   4.7710000000e-01
     50000     4.00000000   7.0650000000e-01
     50000     6.00000000   9.8762800000e-01
     50000     8.00000000   1.1716270000e+00
     50000    10.00000000   1.0050620000e+00
     50000    12.00000000   9.0057700000e-01
     50000    14.00000000   8.4019200000e-01
     50000    16.00000000   8.0235400000e-01
     50000    18.00000000   7.7890700000e-01
     50000    20.00000000   7.6489400000e-01
     50000    22.00000000   7.5710900000e-01
     50000    24.00000000   7.5336800000e-01
     50000    26.00000000   7.5212500000e-01
     50000    28.00000000   7.5224400000e-01
     50000    30.00000000   7.5287000000e-01
     50000    32.00000000   7.5334400000e-01
     50000    34.00000000   7.5314900000e-01
     50000    36.00000000   7.5187800000e-01
     50000    38.00000000   7.4920200000e-01
     50000    40.00000000   7.4486300000e-01
     50000    42.00000000   7.3865400000e-01
     50000    44.00000000   7.3041200000e-01
     50000    46.00000000   7.2001600000e-01
     50000    48.00000000   7.0737600000e-01
     50000    50.00000000   6.9243300000e-01
     50000    52.00000000   6.7515400000e-01
     50000    54.00000000   6.5553300000e-01
     50000    56.00000000   6.3358400000e-01
     50000    58.00000000   6.0934200000e-01
     50000    60.00000000   5.8286200000e-01
     50000    62.00000000   5.5421700000e-01
     50000    64.00000000   5.2349800000e-01
     50000    66.00000000   4.9080900000e-01
     50000    68.00000000   4.5627000000e-01
     50000    70.00000000   4.2001600000e-01
     50000    72.00000000   3.8219100000e-01
     50000    74.00000000   3.4295400000e-01
     50000    76.00000000   3.0247100000e-01
     50000    78.00000000   2.6092000000e-01
     50000    80.00000000   2.1848700000e-01
     50000    82.00000000   1.7536200000e-01
     50000    84.00000000   1.3174600000e-01
     50000    86.00000000   8.7841000000e-02
     50000    88.00000000   4.3856000000e-02
     50000    90.00000000   0.0000000000e+00
    100000   -90.00000000  -0.0000000000e+00
    100000   -88.00000000  -4.3719000000e-02
    100000   -86.00000000  -8.7293000000e-02
    100000   -84.00000000  -1.3051000000e-01
    100000   -82.00000000  -1.7316200000e-01
    100000   -80.00000000  -2.1504100000e-01
    100000   -78.00000000  -2.5594800000e-01
    100000   -76.00000000  -2.9568400000e-01
    100000   -74.00000000  -3.3406000000e-01
    100000   -72.00000000  -3.7089300000e-01
    100000   -70.00000000  -4.0600800000e-01
    100000   -68.00000000  -4.3924000000e-01
    100000   -66.00000000  -4.7043200000e-01
    100000   -64.00000000  -4.9944000000e-01
    100000   -62.00000000  -5.2612900000e-01
    100000   -60.00000000  -5.5037900000e-01
    100000   -58.00000000  -5.7208200000e-01
    100000   -56.00000000  -5.9114200000e-01
    100000   -54.00000000  -6.0748000000e-01
    100000   -52.00000000  -6.2103000000e-01
    100000   -50.00000000  -6.3174200000e-01
    100000   -48.00000000  -6.3958200000e-01
    100000   -46.00000000  -6.4453300000e-01
    100000   -44.00000000  -6.4659400000e-01
    100000   -42.00000000  -6.4578300000e-01
    100000   -40.00000000  -6.4213700000e-01
    100000   -38.00000000  -6.3571100000e-01
    100000   -36.00000000  -6.2658200000e-01
    100000   -34.00000000  -6.1484800000e-01
    100000   -32.00000000  -6.0063200000e-01
    100000   -30.00000000  -5.8408600000e-01
    100000   -28.00000000  -5.6539000000e-01
    100000   -26.00000000  -5.4476800000e-01
    100000   -24.00000000  -5.2248800000e-01
    100000   -22.00000000  -4.9888500000e-01
    100000   -20.00000000  -4.7438500000e-01
    100000   -18.00000000  -4.4954700000e-01
    100000   -16.00000000  -4.2514200000e-01
    100000   -14.00000000  -4.0229400000e-01
    100000   -12.00000000  -3.8276800000e-01
    100000   -10.00000000  -3.6960100000e-01
    100000    -8.00000000  -3.6547600000e-01
    100000    -6.00000000  -3.9350000000e-01
    100000    -4.00000000  -2.2058300000e-01
    100000    -2.00000000   1.2830000000e-01
    100000     0.00000000   4.3060000000e-01
    100000     2.00000000   6.7450000000e-01
    100000     4.00000000   8.8910000000e-01
    100000     6.00000000   1.1001670000e+00
    100000     8.00000000   1.2243480000e+00
    100000    10.00000000   1.0769720000e+00
    100000    12.00000000   9.5356100000e-01
    100000    14.00000000   8.8499900000e-01
    100000    16.00000000   8.4095100000e-01
    100000    18.00000000   8.1260700000e-01
    100000    20.00000000   7.9462000000e-01
    100000    22.00000000   7.8353100000e-01
    100000    24.00000000   7.7699200000e-01
    100000    26.00000000   7.7334200000e-01
    100000    28.00000000   7.7136300000e-01
    100000    30.00000000   7.7014000000e-01
    100000    32.00000000   7.6896900000e-01
    100000    34.00000000   7.6730100000e-01
    100000    36.00000000   7.6469800000e-01
    100000    38.00000000   7.6081500000e-01
    100000    40.00000000   7.5537400000e-01
    100000    42.00000000   7.4815600000e-01
    100000    44.00000000   7.3898800000e-01
    100000    46.00000000   7.2773900000e-01
    100000    48.00000000   7.1431200000e-01
    100000    50.00000000   6.9864300000e-01
    100000    52.00000000   6.8069300000e-01
    100000    54.00000000   6.6045000000e-01
    100000    56.00000000   6.3792600000e-01
    100000    58.00000000   6.1315400000e-01
    100000    60.00000000   5.8618500000e-01
    100000    62.00000000   5.5709100000e-01
    100000    64.00000000   5.2595900000e-01
    100000    66.00000000   4.9289400000e-01
    100000    68.00000000   4.5801300000e-01
    100000    70.00000000   4.2144900000e-01
    100000    72.00000000   3.8334700000e-01
    100000    74.00000000   3.4386400000e-01
    100000    76.00000000   3.0316600000e-01
    100000    78.00000000   2.6142900000e-01
    100000    80.00000000   2.1883900000e-01
    100000    82.00000000   1.7558800000e-01
    100000    84.00000000   1.3187300000e-01
    100000    86.00000000   8.7898000000e-02
    100000    88.00000000   4.3870000000e-02
    100000    90.00000000   0.0000000000e+00
    150000   -90.00000000  -0.0000000000e+00
    150000   -88.00000000  -4.3712000000e-02
    150000   -86.00000000  -8.7264000000e-02
    150000   -84.00000000  -1.3044500000e-01
    150000   -82.00000000  -1.7304600000e-01
    150000   -80.00000000  -2.1486100000e-01
    150000   -78.00000000  -2.5568800000e-01
    150000   -76.00000000  -2.9532900000e-01
    150000   -74.00000000  -3.3359500000e-01
    150000   -72.00000000  -3.7030200000e-01
    150000   -70.00000000  -4.0527600000e-01
    150000   -68.00000000  -4.3834900000e-01
    150000   -66.00000000  -4.6936600000e-01
    150000   -64.00000000  -4.9818100000e-01
    150000   -62.00000000  -5.2466000000e-01
    150000   -60.00000000  -5.4868000000e-01
    150000   -58.00000000  -5.7013300000e-01
    150000   -56.00000000  -5.8892200000e-01
    150000   -54.00000000  -6.0496600000e-01
    150000   -52.00000000  -6.1819900000e-01
    150000   -50.00000000  -6.2856700000e-01
    150000   -48.00000000  -6.3603600000e-01
    150000   -46.00000000  -6.4058400000e-01
    150000   -44.00000000  -6.4220900000e-01
    150000   -42.00000000  -6.4092500000e-01
    150000   -40.00000000  -6.3676300000e-01
    150000   -38.00000000  -6.2977400000e-01
    150000   -36.00000000  -6.2002700000e-01
    150000   -34.00000000  -6.0761300000e-01
    150000   -32.00000000  -5.9264300000e-01
    150000   -30.00000000  -5.7525600000e-01
    150000   -28.00000000  -5.5561500000e-01
    150000   -26.00000000  -5.3392000000e-01
    150000   -24.00000000  -5.1040900000e-01
    150000   -22.00000000  -4.8537600000e-01
    150000   -20.00000000  -4.5918700000e-01
    150000   -18.00000000  -4.3231700000e-01
    150000   -16.00000000  -4.0540900000e-01
    150000   -14.00000000  -3.7938600000e-01
    150000   -12.00000000  -3.5567900000e-01
    150000   -10.00000000  -3.3672400000e-01
    150000    -8.00000000  -3.2824200000e-01
    150000    -6.00000000  -3.3780000000e-01
    150000    -4.00000000  -9.7603000000e-02
    150000    -2.00000000   2.2030000000e-01
    150000     0.00000000   4.6660000000e-01
    150000     2.00000000   6.9100000000e-01
    150000     4.00000000   8.8780000000e-01
    150000     6.00000000   1.0856350000e+00
    150000     8.00000000   1.2245750000e+00
    150000    10.00000000   1.1083380000e+00
    150000    12.00000000   9.7465200000e-01
    150000    14.00000000   9.0283600000e-01
    150000    16.00000000   8.5631600000e-01
    150000    18.00000000   8.2602300000e-01
    150000    20.00000000   8.0645300000e-01
    150000    22.00000000   7.9404900000e-01
    150000    24.00000000   7.8639700000e-01
    150000    26.00000000   7.8178800000e-01
    150000    28.00000000   7.7897400000e-01
    150000    30.00000000   7.7701500000e-01
    150000    32.00000000   7.7519000000e-01
    150000    34.00000000   7.7293400000e-01
    150000    36.00000000   7.6980200000e-01
    150000    38.00000000   7.6543800000e-01
    150000    40.00000000   7.5955900000e-01
    150000    42.00000000   7.5193900000e-01
    150000    44.00000000   7.4240200000e-01
    150000    46.00000000   7.3081400000e-01
    150000    48.00000000   7.1707400000e-01
    150000    50.00000000   7.0111500000e-01
    150000    52.00000000   6.8289700000e-01
    150000    54.00000000   6.6240700000e-01
    150000    56.00000000   6.3965500000e-01
    150000    58.00000000   6.1467200000e-01
    150000    60.00000000   5.8750900000e-01
    150000    62.00000000   5.5823500000e-01
    150000    64.00000000   5.2693900000e-01
    150000    66.00000000   4.9372400000e-01
    150000    68.00000000   4.5870700000e-01
    150000    70.00000000   4.2202000000e-01
    150000    72.00000000   3.8380700000e-01
    150000    74.00000000   3.4422600000e-01
    150000    76.00000000   3.0344200000e-01
    150000    78.00000000   2.6163200000e-01
    150000    80.00000000   2.1898000000e-01
    150000    82.00000000   1.7567700000e-01
    150000    84.00000000   1.3192300000e-01
    150000    86.00000000   8.7920000000e-02
    150000    88.00000000   4.3876000000e-02
    150000    90.00000000   0.0000000000e+00
    200000   -90.00000000  -0.0000000000e+00
    200000   -88.00000000  -4.3719000000e-02
    200000   -86.00000000  -8.7292000000e-02
    200000   -84.00000000  -1.3050900000e-01
    200000   -82.00000000  -1.7316000000e-01
    200000   -80.00000000  -2.1504000000e-01
    200000   -78.00000000  -2.5594500000e-01
    200000   -76.00000000  -2.9568100000e-01
    200000   -74.00000000  -3.3405600000e-01
    200000   -72.00000000  -3.7088700000e-01
    200000   -70.00000000  -4.0600100000e-01
    200000   -68.00000000  -4.3923100000e-01
    200000   -66.00000000  -4.7042200000e-01
    200000   -64.00000000  -4.9942700000e-01
    200000   -62.00000000  -5.2611500000e-01
    200000   -60.00000000  -5.5036300000e-01
    200000   -58.00000000  -5.7206300000e-01
    200000   -56.00000000  -5.9112100000e-01
    200000   -54.00000000  -6.0745600000e-01
    200000   -52.00000000  -6.2100300000e-01
    200000   -50.00000000  -6.3171100000e-01
    200000   -48.00000000  -6.3954800000e-01
    200000   -46.00000000  -6.4449400000e-01
    200000   -44.00000000  -6.4655100000e-01
    200000   -42.00000000  -6.4573600000e-01
    200000   -40.00000000  -6.4208500000e-01
    200000   -38.00000000  -6.3565400000e-01
    200000   -36.00000000  -6.2651800000e-01
    200000   -34.00000000  -6.1477800000e-01
    200000   -32.00000000  -6.0055500000e-01
    200000   -30.00000000  -5.8400000000e-01
    200000   -28.00000000  -5.6529500000e-01
    200000   -26.00000000  -5.4466200000e-01
    200000   -24.00000000  -5.2237100000e-01
    200000   -22.00000000  -4.9875400000e-01
    200000   -20.00000000  -4.7423700000e-01
    200000   -18.00000000  -4.4938000000e-01
    200000   -16.00000000  -4.2495100000e-01
    200000   -14.00000000  -4.0207200000e-01
    200000   -12.00000000  -3.8250500000e-01
    200000   -10.00000000  -3.6764300000e-01
    200000    -8.00000000  -3.6739100000e-01
    200000    -6.00000000  -3.1519200000e-01
    200000    -4.00000000  -7.2000000000e-03
    200000    -2.00000000   2.5890000000e-01
    200000     0.00000000   4.7180000000e-01
    200000     2.00000000   6.9030000000e-01
    200000     4.00000000   8.8570000000e-01
    200000     6.00000000   1.1048730000e+00
    200000     8.00000000   1.1410420000e+00
    200000    10.00000000   9.8046700000e-01
    200000    12.00000000   8.7959300000e-01
    200000    14.00000000   8.2244700000e-01
    200000    16.00000000   7.8706800000e-01
    200000    18.00000000   7.6556000000e-01
    200000    20.00000000   7.5312100000e-01
    200000    22.00000000   7.4664400000e-01
    200000    24.00000000   7.4401200000e-01
    200000    26.00000000   7.4372200000e-01
    200000    28.00000000   7.4467100000e-01
    200000    30.00000000   7.4603000000e-01
    200000    32.00000000   7.4715500000e-01
    200000    34.00000000   7.4754500000e-01
    200000    36.00000000   7.4680000000e-01
    200000    38.00000000   7.4460300000e-01
    200000    40.00000000   7.4070000000e-01
    200000    42.00000000   7.3489000000e-01
    200000    44.00000000   7.2701500000e-01
    200000    46.00000000   7.1695700000e-01
    200000    48.00000000   7.0462800000e-01
    200000    50.00000000   6.8997300000e-01
    200000    52.00000000   6.7296100000e-01
    200000    54.00000000   6.5358600000e-01
    200000    56.00000000   6.3186400000e-01
    200000    58.00000000   6.0783200000e-01
    200000    60.00000000   5.8154500000e-01
    200000    62.00000000   5.5307900000e-01
    200000    64.00000000   5.2252300000e-01
    200000    66.00000000   4.8998300000e-01
    200000    68.00000000   4.5558000000e-01
    200000    70.00000000   4.1944800000e-01
    200000    72.00000000   3.8173300000e-01
    200000    74.00000000   3.4259300000e-01
    200000    76.00000000   3.0219600000e-01
    200000    78.00000000   2.6071900000e-01
    200000    80.00000000   2.1834700000e-01
    200000    82.00000000   1.7527300000e-01
    200000    84.00000000   1.3169600000e-01
    200000    86.00000000   8.7819000000e-02
    200000    88.00000000   4.3850000000e-02
    200000    90.00000000   0.0000000000e+00
    250000   -90.00000000  -0.0000000000e+00
    250000   -88.00000000  -4.3723000000e-02
    250000   -86.00000000  -8.7308000000e-02
    250000   -84.00000000  -1.3054500000e-01
    250000   -82.00000000  -1.7322400000e-01
    250000   -80.00000000  -2.1514000000e-01
    250000   -78.00000000  -2.5609000000e-01
    250000   -76.00000000  -2.9587800000e-01
    250000   -74.00000000  -3.3431400000e-01
    250000   -72.00000000  -3.7121500000e-01
    250000   -70.00000000  -4.0640800000e-01
    250000   -68.00000000  -4.3972500000e-01
    250000   -66.00000000  -4.7101300000e-01
    250000   -64.00000000  -5.0012600000e-01
    250000   -62.00000000  -5.2693000000e-01
    250000   -60.00000000  -5.5130600000e-01
    250000   -58.00000000  -5.7314400000e-01
    250000   -56.00000000  -5.9235300000e-01
    250000   -54.00000000  -6.0885100000e-01
    250000   -52.00000000  -6.2257400000e-01
    250000   -50.00000000  -6.3347300000e-01
    250000   -48.00000000  -6.4151500000e-01
    250000   -46.00000000  -6.4668500000e-01
    250000   -44.00000000  -6.4898400000e-01
    250000   -42.00000000  -6.4843100000e-01
    250000   -40.00000000  -6.4506600000e-01
    250000   -38.00000000  -6.3894700000e-01
    250000   -36.00000000  -6.3015500000e-01
    250000   -34.00000000  -6.1879100000e-01
    250000   -32.00000000  -6.0498700000e-01
    250000   -30.00000000  -5.8889800000e-01
    250000   -28.00000000  -5.7071800000e-01
    250000   -26.00000000  -5.5068000000e-01
    250000   -24.00000000  -5.2907100000e-01
    250000   -22.00000000  -5.0624800000e-01
    250000   -20.00000000  -4.8266900000e-01
    250000   -18.00000000  -4.5893900000e-01
    250000   -16.00000000  -4.3589800000e-01
    250000   -14.00000000  -4.1478100000e-01
    250000   -12.00000000  -3.9753300000e-01
    250000   -10.00000000  -3.8757800000e-01
    250000    -8.00000000  -3.9366600000e-01
    250000    -6.00000000  -3.0171100000e-01
    250000    -4.00000000   3.0500000000e-02
    250000    -2.00000000   2.6700000000e-01
    250000     0.00000000   4.7296700000e-01
    250000     2.00000000   6.8750000000e-01
    250000     4.00000000   8.8450000000e-01
    250000     6.00000000   1.1005710000e+00
    250000     8.00000000   1.1647050000e+00
    250000    10.00000000   9.9919500000e-01
    250000    12.00000000   8.9482600000e-01
    250000    14.00000000   8.3532800000e-01
    250000    16.00000000   7.9816400000e-01
    250000    18.00000000   7.7524800000e-01
    250000    20.00000000   7.6166700000e-01
    250000    22.00000000   7.5424100000e-01
    250000    24.00000000   7.5080400000e-01
    250000    26.00000000   7.4982100000e-01
    250000    28.00000000   7.5016800000e-01
    250000    30.00000000   7.5099500000e-01
    250000    32.00000000   7.5164700000e-01
    250000    34.00000000   7.5161300000e-01
    250000    36.00000000   7.5048600000e-01
    250000    38.00000000   7.4794200000e-01
    250000    40.00000000   7.4372200000e-01
    250000    42.00000000   7.3762200000e-01
    250000    44.00000000   7.2948100000e-01
    250000    46.00000000   7.1917700000e-01
    250000    48.00000000   7.0662300000e-01
    250000    50.00000000   6.9175900000e-01
    250000    52.00000000   6.7455300000e-01
    250000    54.00000000   6.5499900000e-01
    250000    56.00000000   6.3311200000e-01
    250000    58.00000000   6.0892800000e-01
    250000    60.00000000   5.8250100000e-01
    250000    62.00000000   5.5390500000e-01
    250000    64.00000000   5.2323100000e-01
    250000    66.00000000   4.9058200000e-01
    250000    68.00000000   4.5608100000e-01
    250000    70.00000000   4.1986000000e-01
    250000    72.00000000   3.8206600000e-01
    250000    74.00000000   3.4285500000e-01
    250000    76.00000000   3.0239600000e-01
    250000    78.00000000   2.6086500000e-01
    250000    80.00000000   2.1844800000e-01
    250000    82.00000000   1.7533800000e-01
    250000    84.00000000   1.3173200000e-01
    250000    86.00000000   8.7835000000e-02
    250000    88.00000000   4.3854000000e-02
    250000    90.00000000   0.0000000000e+00
     50000   -90.00000000  -0.0000000000e+00
     50000   -88.00000000  -4.3716000000e-02
     50000   -86.00000000  -8.7282000000e-02
     50000   -84.00000000  -1.3048500000e-01
     50000   -82.00000000  -1.7311800000e-01
     50000   -80.00000000  -2.1497300000e-01
     50000   -78.00000000  -2.5584800000e-01
     50000   -76.00000000  -2.9554800000e-01
     50000   -74.00000000  -3.3388300000e-01
     50000   -72.00000000  -3.7066800000e-01
     50000   -70.00000000  -4.0572900000e-01
     50000   -68.00000000  -4.3890000000e-01
     50000   -66.00000000  -4.7002500000e-01
     50000   -64.00000000  -4.9895900000e-01
     50000   -62.00000000  -5.2556800000e-01
     50000   -60.00000000  -5.4973100000e-01
     50000   -58.00000000  -5.7133800000e-01
     50000   -56.00000000  -5.9029500000e-01
     50000   -54.00000000  -6.0652100000e-01
     50000   -52.00000000  -6.1994900000e-01
     50000   -50.00000000  -6.3053000000e-01
     50000   -48.00000000  -6.3822800000e-01
     50000   -46.00000000  -6.4302500000e-01
     50000   -44.00000000  -6.4492000000e-01
     50000   -42.00000000  -6.4392900000e-01
     50000   -40.00000000  -6.4008600000e-01
     50000   -38.00000000  -6.3344500000e-01
     50000   -36.00000000  -6.2408000000e-01
     50000   -34.00000000  -6.1208600000e-01
     50000   -32.00000000  -5.9758300000e-01
     50000   -30.00000000  -5.8071500000e-01
     50000   -28.00000000  -5.6165900000e-01
     50000   -26.00000000  -5.4062700000e-01
     50000   -24.00000000  -5.1787700000e-01
     50000   -22.00000000  -4.9372800000e-01
     50000   -20.00000000  -4.6858400000e-01
     50000   -18.00000000  -4.4297000000e-01
     50000   -16.00000000  -4.1761000000e-01
     50000   -14.00000000  -3.9355000000e-01
     50000   -12.00000000  -3.7242800000e-01
     50000   -10.00000000  -3.5705100000e-01
     50000    -8.00000000  -3.5171700000e-01
     50000    -6.00000000  -3.7462900000e-01
     50000    -4.00000000  -2.7603000000e-01
     50000    -2.00000000  -4.6100000000e-02
     50000     0.00000000   1.6770000000e-01
     50000     2.00000000   4.7710000000e-01
     50000     4.00000000   7.0650000000e-01
     50000     6.00000000   9.8762800000e-01
     50000     8.00000000   1.1716270000e+00
     50000    10.00000000   1.0050620000e+00
     50000    12.00000000   9.0057700000e-01
     50000    14.00000000   8.4019200000e-01
     50000    16.00000000   8.0235400000e-01
     50000    18.00000000   7.7890700000e-01
     50000    20.00000000   7.6489400000e-01
     50000    22.00000000   7.5710900000e-01
     50000    24.00000000   7.5336800000e-01
     50000    26.00000000   7.5212500000e-01
     50000    28.00000000   7.5224400000e-01
     50000    30.00000000   7.5287000000e-01
     50000    32.00000000   7.5334400000e-01
     50000    34.00000000   7.5314900000e-01
     50000    36.00000000   7.5187800000e-01
     50000    38.00000000   7.4920200000e-01
     50000    40.00000000   7.4486300000e-01
     50000    42.00000000   7.3865400000e-01
     50000    44.00000000   7.3041200000e-01
     50000    46.00000000   7.2001600000e-01
     50000    48.00000000   7.0737600000e-01
     50000    50.00000000   6.9243300000e-01
     50000    52.00000000   6.7515400000e-01
     50000    54.00000000   6.5553300000e-01
     50000    56.00000000   6.3358400000e-01
     50000    58.00000000   6.0934200000e-01
     50000    60.00000000   5.8286200000e-01
     50000    62.00000000   5.5421700000e-01
     50000    64.00000000   5.2349800000e-01
     50000    66.00000000   4.9080900000e-01
     50000    68.00000000   4.5627000000e-01
     50000    70.00000000   4.2001600000e-01
     50000    72.00000000   3.8219100000e-01
     50000    74.00000000   3.4295400000e-01
     50000    76.00000000   3.0247100000e-01
     50000    78.00000000   2.6092000000e-01
     50000    80.00000000   2.1848700000e-01
     50000    82.00000000   1.7536200000e-01
     50000    84.00000000   1.3174600000e-01
     50000    86.00000000   8.7841000000e-02
     50000    88.00000000   4.3856000000e-02
     50000    90.00000000   0.0000000000e+00
    100000   -90.00000000  -0.0000000000e+00
    100000   -88.00000000  -4.3719000000e-02
    100000   -86.00000000  -8.7293000000e-02
    100000   -84.00000000  -1.3051000000e-01
    100000   -82.00000000  -1.7316200000e-01
    100000   -80.00000000  -2.1504100000e-01
    100000   -78.00000000  -2.5594800000e-01
    100000   -76.00000000  -2.9568400000e-01
    100000   -74.00000000  -3.3406000000e-01
    100000   -72.00000000  -3.7089300000e-01
    100000   -70.00000000  -4.0600800000e-01
    100000   -68.00000000  -4.3924000000e-01
    100000   -66.00000000  -4.7043200000e-01
    100000   -64.00000000  -4.9944000000e-01
    100000   -62.00000000  -5.2612900000e-01
    100000   -60.00000000  -5.5037900000e-01
    100000   -58.00000000  -5.7208200000e-01
    100000   -56.00000000  -5.9114200000e-01
    100000   -54.00000000  -6.0748000000e-01
    100000   -52.00000000  -6.2103000000e-01
    100000   -50.00000000  -6.3174200000e-01
    100000   -48.00000000  -6.3958200000e-01
    100000   -46.00000000  -6.4453300000e-01
    100000   -44.00000000  -6.4659400000e-01
    100000   -42.00000000  -6.4578300000e-01
    100000   -40.00000000  -6.4213700000e-01
    100000   -38.00000000  -6.3571100000e-01
    100000   -36.00000000  -6.2658200000e-01
    100000   -34.00000000  -6.1484800000e-01
    100000   -32.00000000  -6.0063200000e-01
    100000   -30.00000000  -5.8408600000e-01
    100000   -28.00000000  -5.6539000000e-01
    100000   -26.00000000  -5.4476800000e-01
    100000   -24.00000000  -5.2248800000e-01
    100000   -22.00000000  -4.9888500000e-01
    100000   -20.00000000  -4.7438500000e-01
    100000   -18.00000000  -4.4954700000e-01
    100000   -16.00000000  -4.2514200000e-01
    100000   -14.00000000  -4.0229400000e-01
    100000   -12.00000000  -3.8276800000e-01
    100000   -10.00000000  -3.6960100000e-01
    100000    -8.00000000  -3.6547600000e-01
    100000    -6.00000000  -3.9350000000e-01
    100000    -4.00000000  -2.2058300000e-01
    100000    -2.00000000   1.2830000000e-01
    100000     0.00000000   4.3060000000e-01
    100000     2.00000000   6.7450000000e-01
    100000     4.00000000   8.8910000000e-01
    100000     6.00000000   1.1001670000e+00
    100000     8.00000000   1.2243480000e+00
    100000    10.00000000   1.0769720000e+00
    100000    12.00000000   9.5356100000e-01
    100000    14.00000000   8.8499900000e-01
    100000    16.00000000   8.4095100000e-01
    100000    18.00000000   8.1260700000e-01
    100000    20.00000000   7.9462000000e-01
    100000    22.00000000   7.8353100000e-01
    100000    24.00000000   7.7699200000e-01
    100000    26.00000000   7.7334200000e-01
    100000    28.00000000   7.7136300000e-01
    100000    30.00000000   7.7014000000e-01
    100000    32.00000000   7.6896900000e-01
    100000    34.00000000   7.6730100000e-01
    100000    36.00000000   7.6469800000e-01
    100000    38.00000000   7.6081500000e-01
    100000    40.00000000   7.5537400000e-01
    100000    42.00000000   7.4815600000e-01
    100000    44.00000000   7.3898800000e-01
    100000    46.00000000   7.2773900000e-01
    100000    48.00000000   7.1431200000e-01
    100000    50.00000000   6.9864300000e-01
    100000    52.00000000   6.8069300000e-01
    100000    54.00000000   6.6045000000e-01
    100000    56.00000000   6.3792600000e-01
    100000    58.00000000   6.1315400000e-01
    100000    60.00000000   5.8618500000e-01
    100000    62.00000000   5.5709100000e-01
    100000    64.00000000   5.2595900000e-01
    100000    66.00000000   4.9289400000e-01
    100000    68.00000000   4.5801300000e-01
    100000    70.00000000   4.2144900000e-01
    100000    72.00000000   3.8334700000e-01
    100000    74.00000000   3.4386400000e-01
    100000    76.00000000   3.0316600000e-01
    100000    78.00000000   2.6142900000e-01
    100000    80.00000000   2.1883900000e-01
    100000    82.00000000   1.7558800000e-01
    100000    84.00000000   1.3187300000e-01
    100000    86.00000000   8.7898000000e-02
    100000    88.00000000   4.3870000000e-02
    100000    90.00000000   0.0000000000e+00
    150000   -90.00000000  -0.0000000000e+00
    150000   -88.00000000  -4.3712000000e-02
    150000   -86.00000000  -8.7264000000e-02
    150000   -84.00000000  -1.3044500000e-01
    150000   -82.00000000  -1.7304600000e-01
    150000   -80.00000000  -2.1486100000e-01
    150000   -78.00000000  -2.5568800000e-01
    150000   -76.00000000  -2.9532900000e-01
    150000   -74.00000000  -3.3359500000e-01
    150000   -72.00000000  -3.7030200000e-01
    150000   -70.00000000  -4.0527600000e-01
    150000   -68.00000000  -4.3834900000e-01
    150000   -66.00000000  -4.6936600000e-01
    150000   -64.00000000  -4.9818100000e-01
    150000   -62.00000000  -5.2466000000e-01
    150000   -60.00000000  -5.4868000000e-01
    150000   -58.00000000  -5.7013300000e-01
    150000   -56.00000000  -5.8892200000e-01
    150000   -54.00000000  -6.0496600000e-01
    150000   -52.00000000  -6.1819900000e-01
    150000   -50.00000000  -6.2856700000e-01
    150000   -48.00000000  -6.3603600000e-01
    150000   -46.00000000  -6.4058400000e-01
    150000   -44.00000000  -6.4220900000e-01
    150000   -42.00000000  -6.4092500000e-01
    150000   -40.00000000  -6.3676300000e-01
    150000   -38.00000000  -6.2977400000e-01
    150000   -36.00000000  -6.2002700000e-01
    150000   -34.00000000  -6.0761300000e-01
    150000   -32.00000000  -5.9264300000e-01
    150000   -30.00000000  -5.7525600000e-01
    150000   -28.00000000  -5.5561500000e-01
    150000   -26.00000000  -5.3392000000e-01
    150000   -24.00000000  -5.1040900000e-01
    150000   -22.00000000  -4.8537600000e-01
    150000   -20.00000000  -4.5918700000e-01
    150000   -18.00000000  -4.3231700000e-01
    150000   -16.00000000  -4.0540900000e-01
    150000   -14.00000000  -3.7938600000e-01
    150000   -12.00000000  -3.5567900000e-01
    150000   -10.00000000  -3.3672400000e-01
    150000    -8.00000000  -3.2824200000e-01
    150000    -6.00000000  -3.3780000000e-01
    150000    -4.00000000  -9.7603000000e-02
    150000    -2.00000000   2.2030000000e-01
    150000     0.00000000   4.6660000000e-01
    150000     2.00000000   6.9100000000e-01
    150000     4.00000000   8.8780000000e-01
    150000     6.00000000   1.0856350000e+00
    150000     8.00000000   1.2245750000e+00
    150000    10.00000000   1.1083380000e+00
    150000    12.00000000   9.7465200000e-01
    150000    14.00000000   9.0283600000e-01
    150000    16.00000000   8.5631600000e-01
    150000    18.00000000   8.2602300000e-01
    150000    20.00000000   8.0645300000e-01
    150000    22.00000000   7.9404900000e-01
    150000    24.00000000   7.8639700000e-01
    150000    26.00000000   7.8178800000e-01
    150000    28.00000000   7.7897400000e-01
    150000    30.00000000   7.7701500000e-01
    150000    32.00000000   7.7519000000e-01
    150000    34.00000000   7.7293400000e-01
    150000    36.00000000   7.6980200000e-01
    150000    38.00000000   7.6543800000e-01
    150000    40.00000000   7.5955900000e-01
    150000    42.00000000   7.5193900000e-01
    150000    44.00000000   7.4240200000e-01
    150000    46.00000000   7.3081400000e-01
    150000    48.00000000   7.1707400000e-01
    150000    50.00000000   7.0111500000e-01
    150000    52.00000000   6.8289700000e-01
    150000    54.00000000   6.6240700000e-01
    150000    56.00000000   6.3965500000e-01
    150000    58.00000000   6.1467200000e-01
    150000    60.00000000   5.8750900000e-01
    150000    62.00000000   5.5823500000e-01
    150000    64.00000000   5.2693900000e-01
    150000    66.00000000   4.9372400000e-01
    150000    68.00000000   4.5870700000e-01
    150000    70.00000000   4.2202000000e-01
    150000    72.00000000   3.8380700000e-01
    150000    74.00000000   3.4422600000e-01
    150000    76.00000000   3.0344200000e-01
    150000    78.00000000   2.6163200000e-01
    150000    80.00000000   2.1898000000e-01
    150000    82.00000000   1.7567700000e-01
    150000    84.00000000   1.3192300000e-01
    150000    86.00000000   8.7920000000e-02
    150000    88.00000000   4.3876000000e-02
    150000    90.00000000   0.0000000000e+00
    200000   -90.00000000  -0.0000000000e+00
    200000   -88.00000000  -4.3719000000e-02
    200000   -86.00000000  -8.7292000000e-02
    200000   -84.00000000  -1.3050900000e-01
    200000   -82.00000000  -1.7316000000e-01
    200000   -80.00000000  -2.1504000000e-01
    200000   -78.00000000  -2.5594500000e-01
    200000   -76.00000000  -2.9568100000e-01
    200000   -74.00000000  -3.3405600000e-01
    200000   -72.00000000  -3.7088700000e-01
    200000   -70.00000000  -4.0600100000e-01
    200000   -68.00000000  -4.3923100000e-01
    200000   -66.00000000  -4.7042200000e-01
    200000   -64.00000000  -4.9942700000e-01
    200000   -62.00000000  -5.2611500000e-01
    200000   -60.00000000  -5.5036300000e-01
    200000   -58.00000000  -5.7206300000e-01
    200000   -56.00000000  -5.9112100000e-01
    200000   -54.00000000  -6.0745600000e-01
    200000   -52.00000000  -6.2100300000e-01
    200000   -50.00000000  -6.3171100000e-01
    200000   -48.00000000  -6.3954800000e-01
    200000   -46.00000000  -6.4449400000e-01
    200000   -44.00000000  -6.4655100000e-01
    200000   -42.00000000  -6.4573600000e-01
    200000   -40.00000000  -6.4208500000e-01
    200000   -38.00000000  -6.3565400000e-01
    200000   -36.00000000  -6.2651800000e-01
    200000   -34.00000000  -6.1477800000e-01
    200000   -32.00000000  -6.0055500000e-01
    200000   -30.00000000  -5.8400000000e-01
    200000   -28.00000000  -5.6529500000e-01
    200000   -26.00000000  -5.4466200000e-01
    200000   -24.00000000  -5.2237100000e-01
    200000   -22.00000000  -4.9875400000e-01
    200000   -20.00000000  -4.7423700000e-01
    200000   -18.00000000  -4.4938000000e-01
    200000   -16.00000000  -4.2495100000e-01
    200000   -14.00000000  -4.0207200000e-01
    200000   -12.00000000  -3.8250500000e-01
    200000   -10.00000000  -3.6764300000e-01
    200000    -8.00000000  -3.6739100000e-01
    200000    -6.00000000  -3.1519200000e-01
    200000    -4.00000000  -7.2000000000e-03
    200000    -2.00000000   2.5890000000e-01
    200000     0.00000000   4.7180000000e-01
    200000     2.00000000   6.9030000000e-01
    200000     4.00000000   8.8570000000e-01
    200000     6.00000000   1.1048730000e+00
    200000     8.00000000   1.1410420000e+00
    200000    10.00000000   9.8046700000e-01
    200000    12.00000000   8.7959300000e-01
    200000    14.00000000   8.2244700000e-01
    200000    16.00000000   7.8706800000e-01
    200000    18.00000000   7.6556000000e-01
    200000    20.00000000   7.5312100000e-01
    200000    22.00000000   7.4664400000e-01
    200000    24.00000000   7.4401200000e-01
    200000    26.00000000   7.4372200000e-01
    200000    28.00000000   7.4467100000e-01
    200000    30.00000000   7.4603000000e-01
    200000    32.00000000   7.4715500000e-01
    200000    34.00000000   7.4754500000e-01
    200000    36.00000000   7.4680000000e-01
    200000    38.00000000   7.4460300000e-01
    200000    40.00000000   7.4070000000e-01
    200000    42.00000000   7.3489000000e-01
    200000    44.00000000   7.2701500000e-01
    200000    46.00000000   7.1695700000e-01
    200000    48.00000000   7.0462800000e-01
    200000    50.00000000   6.8997300000e-01
    200000    52.00000000   6.7296100000e-01
    200000    54.00000000   6.5358600000e-01
    200000    56.00000000   6.3186400000e-01
    200000    58.00000000   6.0783200000e-01
    200000    60.00000000   5.8154500000e-01
    200000    62.00000000   5.5307900000e-01
    200000    64.00000000   5.2252300000e-01
    200000    66.00000000   4.8998300000e-01
    200000    68.00000000   4.5558000000e-01
    200000    70.00000000   4.1944800000e-01
    200000    72.00000000   3.8173300000e-01
    200000    74.00000000   3.4259300000e-01
    200000    76.00000000   3.0219600000e-01
    200000    78.00000000   2.6071900000e-01
    200000    80.00000000   2.1834700000e-01
    200000    82.00000000   1.7527300000e-01
    200000    84.00000000   1.3169600000e-01
    200000    86.00000000   8.7819000000e-02
    200000    88.00000000   4.3850000000e-02
    200000    90.00000000   0.0000000000e+00
    250000   -90.00000000  -0.0000000000e+00
    250000   -88.00000000  -4.3723000000e-02
    250000   -86.00000000  -8.7308000000e-02
    250000   -84.00000000  -1.3054500000e-01
    250000   -82.00000000  -1.7322400000e-01
    250000   -80.00000000  -2.1514000000e-01
    250000   -78.00000000  -2.5609000000e-01
    250000   -76.00000000  -2.9587800000e-01
    250000   -74.00000000  -3.3431400000e-01
    250000   -72.00000000  -3.7121500000e-01
    250000   -70.00000000  -4.0640800000e-01
    250000   -68.00000000  -4.3972500000e-01
    250000   -66.00000000  -4.7101300000e-01
    250000   -64.00000000  -5.0012600000e-01
    250000   -62.00000000  -5.2693000000e-01
    250000   -60.00000000  -5.5130600000e-01
    250000   -58.00000000  -5.7314400000e-01
    250000   -56.00000000  -5.9235300000e-01
    250000   -54.00000000  -6.0885100000e-01
    250000   -52.00000000  -6.2257400000e-01
    250000   -50.00000000  -6.3347300000e-01
    250000   -48.00000000  -6.4151500000e-01
    250000   -46.00000000  -6.4668500000e-01
    250000   -44.00000000  -6.4898400000e-01
    250000   -42.00000000  -6.4843100000e-01
    250000   -40.00000000  -6.4506600000e-01
    250000   -38.00000000  -6.3894700000e-01
    250000   -36.00000000  -6.3015500000e-01
    250000   -34.00000000  -6.1879100000e-01
    250000   -32.00000000  -6.0498700000e-01
    250000   -30.00000000  -5.8889800000e-01
    250000   -28.00000000  -5.7071800000e-01
    250000   -26.00000000  -5.5068000000e-01
    250000   -24.00000000  -5.2907100000e-01
    250000   -22.00000000  -5.0624800000e-01
    250000   -20.00000000  -4.8266900000e-01
    250000   -18.00000000  -4.5893900000e-01
    250000   -16.00000000  -4.3589800000e-01
    250000   -14.00000000  -4.1478100000e-01
    250000   -12.00000000  -3.9753300000e-01
    250000   -10.00000000  -3.8757800000e-01
    250000    -8.00000000  -3.9366600000e-01
    250000    -6.00000000  -3.0171100000e-01
    250000    -4.00000000   3.0500000000e-02
    250000    -2.00000000   2.6700000000e-01
    250000     0.00000000   4.7296700000e-01
    250000     2.00000000   6.8750000000e-01
    250000     4.00000000   8.8450000000e-01
    250000     6.00000000   1.1005710000e+00
    250000     8.00000000   1.1647050000e+00
    250000    10.00000000   9.9919500000e-01
    250000    12.00000000   8.9482600000e-01
    250000    14.00000000   8.3532800000e-01
    250000    16.00000000   7.9816400000e-01
    250000    18.00000000   7.7524800000e-01
    250000    20.00000000   7.6166700000e-01
    250000    22.00000000   7.5424100000e-01
    250000    24.00000000   7.5080400000e-01
    250000    26.00000000   7.4982100000e-01
    250000    28.00000000   7.5016800000e-01
    250000    30.00000000   7.5099500000e-01
    250000    32.00000000   7.5164700000e-01
    250000    34.00000000   7.5161300000e-01
    250000    36.00000000   7.5048600000e-01
    250000    38.00000000   7.4794200000e-01
    250000    40.00000000   7.4372200000e-01
    250000    42.00000000   7.3762200000e-01
    250000    44.00000000   7.2948100000e-01
    250000    46.00000000   7.1917700000e-01
    250000    48.00000000   7.0662300000e-01
    250000    50.00000000   6.9175900000e-01
    250000    52.00000000   6.7455300000e-01
    250000    54.00000000   6.5499900000e-01
    250000    56.00000000   6.3311200000e-01
    250000    58.00000000   6.0892800000e-01
    250000    60.00000000   5.8250100000e-01
    250000    62.00000000   5.5390500000e-01
    250000    64.00000000   5.2323100000e-01
    250000    66.00000000   4.9058200000e-01
    250000    68.00000000   4.5608100000e-01
    250000    70.00000000   4.1986000000e-01
    250000    72.00000000   3.8206600000e-01
    250000    74.00000000   3.4285500000e-01
    250000    76.00000000   3.0239600000e-01
    250000    78.00000000   2.6086500000e-01
    250000    80.00000000   2.1844800000e-01
    250000    82.00000000   1.7533800000e-01
    250000    84.00000000   1.3173200000e-01
    250000    86.00000000   8.7835000000e-02
    250000    88.00000000   4.3854000000e-02
    250000    90.00000000   0.0000000000e+00
     50000   -90.00000000  -0.0000000000e+00
     50000   -88.00000000  -4.3715000000e-02
     50000   -86.00000000  -8.7279000000e-02
     50000   -84.00000000  -1.3047900000e-01
     50000   -82.00000000  -1.7310700000e-01
     50000   -80.00000000  -2.1495600000e-01
     50000   -78.00000000  -2.5582400000e-01
     50000   -76.00000000  -2.9551500000e-01
     50000   -74.00000000  -3.3383900000e-01
     50000   -72.00000000  -3.7061200000e-01
     50000   -70.00000000  -4.0565900000e-01
     50000   -68.00000000  -4.3881600000e-01
     50000   -66.00000000  -4.6992400000e-01
     50000   -64.00000000  -4.9884000000e-01
     50000   -62.00000000  -5.2542900000e-01
     50000   -60.00000000  -5.4957000000e-01
     50000   -58.00000000  -5.7115400000e-01
     50000   -56.00000000  -5.9008500000e-01
     50000   -54.00000000  -6.0628300000e-01
     50000   -52.00000000  -6.1968200000e-01
     50000   -50.00000000  -6.3023000000e-01
     50000   -48.00000000  -6.3789300000e-01
     50000   -46.00000000  -6.4265200000e-01
     50000   -44.00000000  -6.4450600000e-01
     50000   -42.00000000  -6.4346900000e-01
     50000   -40.00000000  -6.3957800000e-01
     50000   -38.00000000  -6.3288300000e-01
     50000   -36.00000000  -6.2346000000e-01
     50000   -34.00000000  -6.1140200000e-01
     50000   -32.00000000  -5.9682700000e-01
     50000   -30.00000000  -5.7988000000e-01
     50000   -28.00000000  -5.6073500000e-01
     50000   -26.00000000  -5.3960100000e-01
     50000   -24.00000000  -5.1673500000e-01
     50000   -22.00000000  -4.9245100000e-01
     50000   -20.00000000  -4.6714700000e-01
     50000   -18.00000000  -4.4134100000e-01
     50000   -16.00000000  -4.1574400000e-01
     50000   -14.00000000  -3.9138300000e-01
     50000   -12.00000000  -3.6986600000e-01
     50000   -10.00000000  -3.5394200000e-01
     50000    -8.00000000  -3.4781300000e-01
     50000    -6.00000000  -3.7201700000e-01
     50000    -4.00000000  -2.7531700000e-01
     50000    -2.00000000  -4.6400000000e-02
     50000     0.00000000   1.6770000000e-01
     50000     2.00000000   4.7710000000e-01
     50000     4.00000000   7.0640000000e-01
     50000     6.00000000   1.0079120000e+00
     50000     8.00000000   1.1604830000e+00
     50000    10.00000000   9.9169500000e-01
     50000    12.00000000   8.9433300000e-01
     50000    14.00000000   8.3491200000e-01
     50000    16.00000000   7.9780500000e-01
     50000    18.00000000   7.7493500000e-01
     50000    20.00000000   7.6139100000e-01
     50000    22.00000000   7.5399500000e-01
     50000    24.00000000   7.5058400000e-01
     50000    26.00000000   7.4962400000e-01
     50000    28.00000000   7.4999000000e-01
     50000    30.00000000   7.5083400000e-01
     50000    32.00000000   7.5150200000e-01
     50000    34.00000000   7.5148200000e-01
     50000    36.00000000   7.5036700000e-01
     50000    38.00000000   7.4783400000e-01
     50000    40.00000000   7.4362400000e-01
     50000    42.00000000   7.3753400000e-01
     50000    44.00000000   7.2940100000e-01
     50000    46.00000000   7.1910500000e-01
     50000    48.00000000   7.0655800000e-01
     50000    50.00000000   6.9170100000e-01
     50000    52.00000000   6.7450200000e-01
     50000    54.00000000   6.5495400000e-01
     50000    56.00000000   6.3307200000e-01
     50000    58.00000000   6.0889200000e-01
     50000    60.00000000   5.8247000000e-01
     50000    62.00000000   5.5387900000e-01
     50000    64.00000000   5.2320800000e-01
     50000    66.00000000   4.9056300000e-01
     50000    68.00000000   4.5606500000e-01
     50000    70.00000000   4.1984700000e-01
     50000    72.00000000   3.8205500000e-01
     50000    74.00000000   3.4284600000e-01
     50000    76.00000000   3.0238900000e-01
     50000    78.00000000   2.6086000000e-01
     50000    80.00000000   2.1844500000e-01
     50000    82.00000000   1.7533600000e-01
     50000    84.00000000   1.3173100000e-01
     50000    86.00000000   8.7835000000e-02
     50000    88.00000000   4.3854000000e-02
     50000    90.00000000   0.0000000000e+00
    100000   -90.00000000  -0.0000000000e+00
    100000   -88.00000000  -4.3717000000e-02
    100000   -86.00000000  -8.7286000000e-02
    100000   -84.00000000  -1.3049500000e-01
    100000   -82.00000000  -1.7313500000e-01
    100000   -80.00000000  -2.1500000000e-01
    100000   -78.00000000  -2.5588700000e-01
    100000   -76.00000000  -2.9560200000e-01
    100000   -74.00000000  -3.3395200000e-01
    100000   -72.00000000  -3.7075600000e-01
    100000   -70.00000000  -4.0583800000e-01
    100000   -68.00000000  -4.3903300000e-01
    100000   -66.00000000  -4.7018500000e-01
    100000   -64.00000000  -4.9914700000e-01
    100000   -62.00000000  -5.2578800000e-01
    100000   -60.00000000  -5.4998500000e-01
    100000   -58.00000000  -5.7162900000e-01
    100000   -56.00000000  -5.9062700000e-01
    100000   -54.00000000  -6.0689700000e-01
    100000   -52.00000000  -6.2037300000e-01
    100000   -50.00000000  -6.3100500000e-01
    100000   -48.00000000  -6.3875900000e-01
    100000   -46.00000000  -6.4361600000e-01
    100000   -44.00000000  -6.4557600000e-01
    100000   -42.00000000  -6.4465500000e-01
    100000   -40.00000000  -6.4089000000e-01
    100000   -38.00000000  -6.3433300000e-01
    100000   -36.00000000  -6.2506000000e-01
    100000   -34.00000000  -6.1316800000e-01
    100000   -32.00000000  -5.9877800000e-01
    100000   -30.00000000  -5.8203600000e-01
    100000   -28.00000000  -5.6312100000e-01
    100000   -26.00000000  -5.4225000000e-01
    100000   -24.00000000  -5.1968400000e-01
    100000   -22.00000000  -4.9574900000e-01
    100000   -20.00000000  -4.7085700000e-01
    100000   -18.00000000  -4.4554700000e-01
    100000   -16.00000000  -4.2056100000e-01
    100000   -14.00000000  -3.9697600000e-01
    100000   -12.00000000  -3.7647900000e-01
    100000   -10.00000000  -3.6196800000e-01
    100000    -8.00000000  -3.5834600000e-01
    100000    -6.00000000  -3.8383600000e-01
    100000    -4.00000000  -2.2913800000e-01
    100000    -2.00000000   1.2860000000e-01
    100000     0.00000000   4.2630000000e-01
    100000     2.00000000   6.7460000000e-01
    100000     4.00000000   8.8920000000e-01
    100000     6.00000000   1.0792000000e+00
    100000     8.00000000   1.2319520000e+00
    100000    10.00000000   1.2152790000e+00
    100000    12.00000000   1.0743110000e+00
    100000    14.00000000   9.8537300000e-01
    100000    16.00000000   9.2741500000e-01
    100000    18.00000000   8.8810300000e-01
    100000    20.00000000   8.6121000000e-01
    100000    22.00000000   8.4272000000e-01
    100000    24.00000000   8.2991400000e-01
    100000    26.00000000   8.2087200000e-01
    100000    28.00000000   8.1419300000e-01
    100000    30.00000000   8.0882800000e-01
    100000    32.00000000   8.0397300000e-01
    100000    34.00000000   7.9900200000e-01
    100000    36.00000000   7.9341800000e-01
    100000    38.00000000   7.8682900000e-01
    100000    40.00000000   7.7892100000e-01
    100000    42.00000000   7.6944400000e-01
    100000    44.00000000   7.5820100000e-01
    100000    46.00000000   7.4504100000e-01
    100000    48.00000000   7.2985200000e-01
    100000    50.00000000   7.1255400000e-01
    100000    52.00000000   6.9309900000e-01
    100000    54.00000000   6.7146500000e-01
    100000    56.00000000   6.4765500000e-01
    100000    58.00000000   6.2169500000e-01
    100000    60.00000000   5.9363100000e-01
    100000    62.00000000   5.6353000000e-01
    100000    64.00000000   5.3147400000e-01
    100000    66.00000000   4.9756500000e-01
    100000    68.00000000   4.6191700000e-01
    100000    70.00000000   4.2466000000e-01
    100000    72.00000000   3.8593700000e-01
    100000    74.00000000   3.4590200000e-01
    100000    76.00000000   3.0472100000e-01
    100000    78.00000000   2.6256900000e-01
    100000    80.00000000   2.1962900000e-01
    100000    82.00000000   1.7609200000e-01
    100000    84.00000000   1.3215600000e-01
    100000    86.00000000   8.8023000000e-02
    100000    88.00000000   4.3901000000e-02
    100000    90.00000000   0.0000000000e+00
    150000   -90.00000000  -0.0000000000e+00
    150000   -88.00000000  -4.3717000000e-02
    150000   -86.00000000  -8.7287000000e-02
    150000   -84.00000000  -1.3049700000e-01
    150000   -82.00000000  -1.7313900000e-01
    150000   -80.00000000  -2.1500600000e-01
    150000   -78.00000000  -2.5589700000e-01
    150000   -76.00000000  -2.9561400000e-01
    150000   -74.00000000  -3.3396900000e-01
    150000   -72.00000000  -3.7077700000e-01
    150000   -70.00000000  -4.0586500000e-01
    150000   -68.00000000  -4.3906500000e-01
    150000   -66.00000000  -4.7022300000e-01
    150000   -64.00000000  -4.9919300000e-01
    150000   -62.00000000  -5.2584100000e-01
    150000   -60.00000000  -5.5004600000e-01
    150000   -58.00000000  -5.7169900000e-01
    150000   -56.00000000  -5.9070700000e-01
    150000   -54.00000000  -6.0698700000e-01
    150000   -52.00000000  -6.2047500000e-01
    150000   -50.00000000  -6.3111900000e-01
    150000   -48.00000000  -6.3888600000e-01
    150000   -46.00000000  -6.4375800000e-01
    150000   -44.00000000  -6.4573400000e-01
    150000   -42.00000000  -6.4483000000e-01
    150000   -40.00000000  -6.4108300000e-01
    150000   -38.00000000  -6.3454600000e-01
    150000   -36.00000000  -6.2529600000e-01
    150000   -34.00000000  -6.1342800000e-01
    150000   -32.00000000  -5.9906400000e-01
    150000   -30.00000000  -5.8235300000e-01
    150000   -28.00000000  -5.6347200000e-01
    150000   -26.00000000  -5.4263900000e-01
    150000   -24.00000000  -5.2011800000e-01
    150000   -22.00000000  -4.9623400000e-01
    150000   -20.00000000  -4.7140300000e-01
    150000   -18.00000000  -4.4616600000e-01
    150000   -16.00000000  -4.2127000000e-01
    150000   -14.00000000  -3.9779900000e-01
    150000   -12.00000000  -3.7745200000e-01
    150000   -10.00000000  -3.6314900000e-01
    150000    -8.00000000  -3.5786100000e-01
    150000    -6.00000000  -3.4882900000e-01
    150000    -4.00000000  -7.3200000000e-02
    150000    -2.00000000   2.2470000000e-01
    150000     0.00000000   4.7230000000e-01
    150000     2.00000000   6.9100000000e-01
    150000     4.00000000   8.8780000000e-01
    150000     6.00000000   1.0857360000e+00
    150000     8.00000000   1.2246780000e+00
    150000    10.00000000   1.1084250000e+00
    150000    12.00000000   9.7472200000e-01
    150000    14.00000000   9.0289400000e-01
    150000    16.00000000   8.5636600000e-01
    150000    18.00000000   8.2606700000e-01
    150000    20.00000000   8.0649200000e-01
    150000    22.00000000   7.9408400000e-01
    150000    24.00000000   7.8642800000e-01
    150000    26.00000000   7.8181600000e-01
    150000    28.00000000   7.7899900000e-01
    150000    30.00000000   7.7703800000e-01
    150000    32.00000000   7.7521000000e-01
    150000    34.00000000   7.7295300000e-01
    150000    36.00000000   7.6981900000e-01
    150000    38.00000000   7.6545300000e-01
    150000    40.00000000   7.5957200000e-01
    150000    42.00000000   7.5195100000e-01
    150000    44.00000000   7.4241400000e-01
    150000    46.00000000   7.3082400000e-01
    150000    48.00000000   7.1708300000e-01
    150000    50.00000000   7.0112300000e-01
    150000    52.00000000   6.8290400000e-01
    150000    54.00000000   6.6241400000e-01
    150000    56.00000000   6.3966100000e-01
    150000    58.00000000   6.1467700000e-01
    150000    60.00000000   5.8751300000e-01
    150000    62.00000000   5.5823900000e-01
    150000    64.00000000   5.2694300000e-01
    150000    66.00000000   4.9372700000e-01
    150000    68.00000000   4.5870900000e-01
    150000    70.00000000   4.2202100000e-01
    150000    72.00000000   3.8380900000e-01
    150000    74.00000000   3.4422700000e-01
    150000    76.00000000   3.0344300000e-01
    150000    78.00000000   2.6163200000e-01
    150000    80.00000000   2.1898000000e-01
    150000    82.00000000   1.7567800000e-01
    150000    84.00000000   1.3192300000e-01
    150000    86.00000000   8.7920000000e-02
    150000    88.00000000   4.3876000000e-02
    150000    90.00000000   0.0000000000e+00
    200000   -90.00000000  -0.0000000000e+00
    200000   -88.00000000  -4.3716000000e-02
    200000   -86.00000000  -8.7280000000e-02
    200000   -84.00000000  -1.3048200000e-01
    200000   -82.00000000  -1.7311100000e-01
    200000   -80.00000000  -2.1496200000e-01
    200000   -78.00000000  -2.5583300000e-01
    200000   -76.00000000  -2.9552800000e-01
    200000   -74.00000000  -3.3385500000e-01
    200000   -72.00000000  -3.7063300000e-01
    200000   -70.00000000  -4.0568600000e-01
    200000   -68.00000000  -4.3884800000e-01
    200000   -66.00000000  -4.6996300000e-01
    200000   -64.00000000  -4.9888600000e-01
    200000   -62.00000000  -5.2548300000e-01
    200000   -60.00000000  -5.4963200000e-01
    200000   -58.00000000  -5.7122400000e-01
    200000   -56.00000000  -5.9016500000e-01
    200000   -54.00000000  -6.0637400000e-01
    200000   -52.00000000  -6.1978400000e-01
    200000   -50.00000000  -6.3034500000e-01
    200000   -48.00000000  -6.3802200000e-01
    200000   -46.00000000  -6.4279500000e-01
    200000   -44.00000000  -6.4466500000e-01
    200000   -42.00000000  -6.4364600000e-01
    200000   -40.00000000  -6.3977300000e-01
    200000   -38.00000000  -6.3309900000e-01
    200000   -36.00000000  -6.2369800000e-01
    200000   -34.00000000  -6.1166400000e-01
    200000   -32.00000000  -5.9711700000e-01
    200000   -30.00000000  -5.8020000000e-01
    200000   -28.00000000  -5.6108900000e-01
    200000   -26.00000000  -5.3999500000e-01
    200000   -24.00000000  -5.1717300000e-01
    200000   -22.00000000  -4.9294100000e-01
    200000   -20.00000000  -4.6769800000e-01
    200000   -18.00000000  -4.4196600000e-01
    200000   -16.00000000  -4.1645900000e-01
    200000   -14.00000000  -3.9221400000e-01
    200000   -12.00000000  -3.7084900000e-01
    200000   -10.00000000  -3.5513400000e-01
    200000    -8.00000000  -3.5550500000e-01
    200000    -6.00000000  -3.3470100000e-01
    200000    -4.00000000  -7.6000000000e-03
    200000    -2.00000000   2.5890000000e-01
    200000     0.00000000   4.8340000000e-01
    200000     2.00000000   6.9040000000e-01
    200000     4.00000000   8.8570000000e-01
    200000     6.00000000   1.0871510000e+00
    200000     8.00000000   1.2172460000e+00
    200000    10.00000000   1.0820890000e+00
    200000    12.00000000   9.5571800000e-01
    200000    14.00000000   8.8682300000e-01
    200000    16.00000000   8.4252300000e-01
    200000    18.00000000   8.1398000000e-01
    200000    20.00000000   7.9583000000e-01
    200000    22.00000000   7.8460700000e-01
    200000    24.00000000   7.7795400000e-01
    200000    26.00000000   7.7420600000e-01
    200000    28.00000000   7.7214100000e-01
    200000    30.00000000   7.7084300000e-01
    200000    32.00000000   7.6960600000e-01
    200000    34.00000000   7.6787700000e-01
    200000    36.00000000   7.6522000000e-01
    200000    38.00000000   7.6128800000e-01
    200000    40.00000000   7.5580200000e-01
    200000    42.00000000   7.4854300000e-01
    200000    44.00000000   7.3933800000e-01
    200000    46.00000000   7.2805400000e-01
    200000    48.00000000   7.1459500000e-01
    200000    50.00000000   6.9889600000e-01
    200000    52.00000000   6.8091800000e-01
    200000    54.00000000   6.6065000000e-01
    200000    56.00000000   6.3810300000e-01
    200000    58.00000000   6.1330900000e-01
    200000    60.00000000   5.8632100000e-01
    200000    62.00000000   5.5720800000e-01
    200000    64.00000000   5.2606000000e-01
    200000    66.00000000   4.9297900000e-01
    200000    68.00000000   4.5808400000e-01
    200000    70.00000000   4.2150700000e-01
    200000    72.00000000   3.8339400000e-01
    200000    74.00000000   3.4390100000e-01
    200000    76.00000000   3.0319400000e-01
    200000    78.00000000   2.6145000000e-01
    200000    80.00000000   2.1885400000e-01
    200000    82.00000000   1.7559700000e-01
    200000    84.00000000   1.3187800000e-01
    200000    86.00000000   8.7900000000e-02
    200000    88.00000000   4.3871000000e-02
    200000    90.00000000   0.0000000000e+00
    250000   -90.00000000  -0.0000000000e+00
    250000   -88.00000000  -4.3712000000e-02
    250000   -86.00000000  -8.7266000000e-02
    250000   -84.00000000  -1.3045100000e-01
    250000   -82.00000000  -1.7305600000e-01
    250000   -80.00000000  -2.1487700000e-01
    250000   -78.00000000  -2.5571000000e-01
    250000   -76.00000000  -2.9536000000e-01
    250000   -74.00000000  -3.3363500000e-01
    250000   -72.00000000  -3.7035300000e-01
    250000   -70.00000000  -4.0533900000e-01
    250000   -68.00000000  -4.3842600000e-01
    250000   -66.00000000  -4.6945900000e-01
    250000   -64.00000000  -4.9829000000e-01
    250000   -62.00000000  -5.2478700000e-01
    250000   -60.00000000  -5.4882800000e-01
    250000   -58.00000000  -5.7030200000e-01
    250000   -56.00000000  -5.8911500000e-01
    250000   -54.00000000  -6.0518500000e-01
    250000   -52.00000000  -6.1844500000e-01
    250000   -50.00000000  -6.2884300000e-01
    250000   -48.00000000  -6.3634300000e-01
    250000   -46.00000000  -6.4092700000e-01
    250000   -44.00000000  -6.4259000000e-01
    250000   -42.00000000  -6.4134700000e-01
    250000   -40.00000000  -6.3723000000e-01
    250000   -38.00000000  -6.3028900000e-01
    250000   -36.00000000  -6.2059600000e-01
    250000   -34.00000000  -6.0824100000e-01
    250000   -32.00000000  -5.9333700000e-01
    250000   -30.00000000  -5.7602200000e-01
    250000   -28.00000000  -5.5646400000e-01
    250000   -26.00000000  -5.3486200000e-01
    250000   -24.00000000  -5.1145800000e-01
    250000   -22.00000000  -4.8654900000e-01
    250000   -20.00000000  -4.6050700000e-01
    250000   -18.00000000  -4.3381300000e-01
    250000   -16.00000000  -4.0712200000e-01
    250000   -14.00000000  -3.8137500000e-01
    250000   -12.00000000  -3.5803100000e-01
    250000   -10.00000000  -3.3862800000e-01
    250000    -8.00000000  -3.2597200000e-01
    250000    -6.00000000  -2.5502400000e-01
    250000    -4.00000000   3.0300000000e-02
    250000    -2.00000000   2.6700000000e-01
    250000     0.00000000   4.7040000000e-01
    250000     2.00000000   6.8750000000e-01
    250000     4.00000000   8.8450000000e-01
    250000     6.00000000   1.1180550000e+00
    250000     8.00000000   1.1246740000e+00
    250000    10.00000000   9.9478100000e-01
    250000    12.00000000   8.9732800000e-01
    250000    14.00000000   8.3744400000e-01
    250000    16.00000000   7.9998700000e-01
    250000    18.00000000   7.7684000000e-01
    250000    20.00000000   7.6307100000e-01
    250000    22.00000000   7.5548800000e-01
    250000    24.00000000   7.5191900000e-01
    250000    26.00000000   7.5082300000e-01
    250000    28.00000000   7.5107100000e-01
    250000    30.00000000   7.5181000000e-01
    250000    32.00000000   7.5238500000e-01
    250000    34.00000000   7.5228100000e-01
    250000    36.00000000   7.5109100000e-01
    250000    38.00000000   7.4849000000e-01
    250000    40.00000000   7.4421800000e-01
    250000    42.00000000   7.3807100000e-01
    250000    44.00000000   7.2988600000e-01
    250000    46.00000000   7.1954200000e-01
    250000    48.00000000   7.0695000000e-01
    250000    50.00000000   6.9205200000e-01
    250000    52.00000000   6.7481500000e-01
    250000    54.00000000   6.5523200000e-01
    250000    56.00000000   6.3331700000e-01
    250000    58.00000000   6.0910800000e-01
    250000    60.00000000   5.8265800000e-01
    250000    62.00000000   5.5404100000e-01
    250000    64.00000000   5.2334700000e-01
    250000    66.00000000   4.9068100000e-01
    250000    68.00000000   4.5616300000e-01
    250000    70.00000000   4.1992800000e-01
    250000    72.00000000   3.8212000000e-01
    250000    74.00000000   3.4289800000e-01
    250000    76.00000000   3.0242900000e-01
    250000    78.00000000   2.6088900000e-01
    250000    80.00000000   2.1846500000e-01
    250000    82.00000000   1.7534900000e-01
    250000    84.00000000   1.3173800000e-01
    250000    86.00000000   8.7838000000e-02
    250000    88.00000000   4.3855000000e-02
    250000    90.00000000   0.0000000000e+00
     50000   -90.00000000  -0.0000000000e+00
     50000   -88.00000000  -4.3717000000e-02
     50000   -86.00000000  -8.7287000000e-02
     50000   -84.00000000  -1.3049700000e-01
     50000   -82.00000000  -1.7313900000e-01
     50000   -80.00000000  -2.1500600000e-01
     50000   -78.00000000  -2.5589700000e-01
     50000   -76.00000000  -2.9561400000e-01
     50000   -74.00000000  -3.3396900000e-01
     50000   -72.00000000  -3.7077700000e-01
     50000   -70.00000000  -4.0586400000e-01
     50000   -68.00000000  -4.3906500000e-01
     50000   -66.00000000  -4.7022200000e-01
     50000   -64.00000000  -4.9919200000e-01
     50000   -62.00000000  -5.2584000000e-01
     50000   -60.00000000  -5.5004500000e-01
     50000   -58.00000000  -5.7169900000e-01
     50000   -56.00000000  -5.9070600000e-01
     50000   -54.00000000  -6.0698600000e-01
     50000   -52.00000000  -6.2047300000e-01
     50000   -50.00000000  -6.3111800000e-01
     50000   -48.00000000  -6.3888400000e-01
     50000   -46.00000000  -6.4375600000e-01
     50000   -44.00000000  -6.4573100000e-01
     50000   -42.00000000  -6.4482800000e-01
     50000   -40.00000000  -6.4108000000e-01
     50000   -38.00000000  -6.3454300000e-01
     50000   -36.00000000  -6.2529200000e-01
     50000   -34.00000000  -6.1342400000e-01
     50000   -32.00000000  -5.9906100000e-01
     50000   -30.00000000  -5.8234800000e-01
     50000   -28.00000000  -5.6346700000e-01
     50000   -26.00000000  -5.4263400000e-01
     50000   -24.00000000  -5.2011200000e-01
     50000   -22.00000000  -4.9622700000e-01
     50000   -20.00000000  -4.7139500000e-01
     50000   -18.00000000  -4.4615800000e-01
     50000   -16.00000000  -4.2126000000e-01
     50000   -14.00000000  -3.9778700000e-01
     50000   -12.00000000  -3.7743900000e-01
     50000   -10.00000000  -3.6313300000e-01
     50000    -8.00000000  -3.5634900000e-01
     50000    -6.00000000  -3.7813200000e-01
     50000    -4.00000000  -2.6403900000e-01
     50000    -2.00000000  -4.6800000000e-02
     50000     0.00000000   1.6780000000e-01
     50000     2.00000000   4.7710000000e-01
     50000     4.00000000   7.0620000000e-01
     50000     6.00000000   9.9251900000e-01
     50000     8.00000000   1.2072450000e+00
     50000    10.00000000   1.0350310000e+00
     50000    12.00000000   9.3142200000e-01
     50000    14.00000000   8.6627700000e-01
     50000    16.00000000   8.2482300000e-01
     50000    18.00000000   7.9852600000e-01
     50000    20.00000000   7.8219900000e-01
     50000    22.00000000   7.7249000000e-01
     50000    24.00000000   7.6712100000e-01
     50000    26.00000000   7.6447600000e-01
     50000    28.00000000   7.6337400000e-01
     50000    30.00000000   7.6292400000e-01
     50000    32.00000000   7.6244000000e-01
     50000    34.00000000   7.6138800000e-01
     50000    36.00000000   7.5934100000e-01
     50000    38.00000000   7.5596300000e-01
     50000    40.00000000   7.5098200000e-01
     50000    42.00000000   7.4418500000e-01
     50000    44.00000000   7.3540500000e-01
     50000    46.00000000   7.2451200000e-01
     50000    48.00000000   7.1141400000e-01
     50000    50.00000000   6.9604800000e-01
     50000    52.00000000   6.7837800000e-01
     50000    54.00000000   6.5839600000e-01
     50000    56.00000000   6.3611200000e-01
     50000    58.00000000   6.1156100000e-01
     50000    60.00000000   5.8479700000e-01
     50000    62.00000000   5.5589000000e-01
     50000    64.00000000   5.2493100000e-01
     50000    66.00000000   4.9202300000e-01
     50000    68.00000000   4.5728500000e-01
     50000    70.00000000   4.2085000000e-01
     50000    72.00000000   3.8286400000e-01
     50000    74.00000000   3.4348300000e-01
     50000    76.00000000   3.0287500000e-01
     50000    78.00000000   2.6121700000e-01
     50000    80.00000000   2.1869200000e-01
     50000    82.00000000   1.7549400000e-01
     50000    84.00000000   1.3182000000e-01
     50000    86.00000000   8.7874000000e-02
     50000    88.00000000   4.3864000000e-02
     50000    90.00000000   0.0000000000e+00
    100000   -90.00000000  -0.0000000000e+00
    100000   -88.00000000  -4.3717000000e-02
    100000   -86.00000000  -8.7286000000e-02
    100000   -84.00000000  -1.3049500000e-01
    100000   -82.00000000  -1.7313500000e-01
    100000   -80.00000000  -2.1500100000e-01
    100000   -78.00000000  -2.5588900000e-01
    100000   -76.00000000  -2.9560300000e-01
    100000   -74.00000000  -3.3395500000e-01
    100000   -72.00000000  -3.7075900000e-01
    100000   -70.00000000  -4.0584200000e-01
    100000   -68.00000000  -4.3903800000e-01
    100000   -66.00000000  -4.7019000000e-01
    100000   -64.00000000  -4.9915400000e-01
    100000   -62.00000000  -5.2579600000e-01
    100000   -60.00000000  -5.4999400000e-01
    100000   -58.00000000  -5.7164000000e-01
    100000   -56.00000000  -5.9063800000e-01
    100000   -54.00000000  -6.0691000000e-01
    100000   -52.00000000  -6.2038800000e-01
    100000   -50.00000000  -6.3102100000e-01
    100000   -48.00000000  -6.3877700000e-01
    100000   -46.00000000  -6.4363600000e-01
    100000   -44.00000000  -6.4559900000e-01
    100000   -42.00000000  -6.4468100000e-01
    100000   -40.00000000  -6.4091700000e-01
    100000   -38.00000000  -6.3436400000e-01
    100000   -36.00000000  -6.2509400000e-01
    100000   -34.00000000  -6.1320600000e-01
    100000   -32.00000000  -5.9881900000e-01
    100000   -30.00000000  -5.8208100000e-01
    100000   -28.00000000  -5.6317200000e-01
    100000   -26.00000000  -5.4230500000e-01
    100000   -24.00000000  -5.1974600000e-01
    100000   -22.00000000  -4.9581900000e-01
    100000   -20.00000000  -4.7093500000e-01
    100000   -18.00000000  -4.4563600000e-01
    100000   -16.00000000  -4.2066300000e-01
    100000   -14.00000000  -3.9709400000e-01
    100000   -12.00000000  -3.7661900000e-01
    100000   -10.00000000  -3.6213800000e-01
    100000    -8.00000000  -3.5853800000e-01
    100000    -6.00000000  -3.8462500000e-01
    100000    -4.00000000  -2.2918600000e-01
    100000    -2.00000000   1.2880000000e-01
    100000     0.00000000   4.2650000000e-01
    100000     2.00000000   6.7470000000e-01
    100000     4.00000000   8.8930000000e-01
    100000     6.00000000   1.0793000000e+00
    100000     8.00000000   1.2154090000e+00
    100000    10.00000000   1.2583690000e+00
    100000    12.00000000   1.1417710000e+00
    100000    14.00000000   1.0444880000e+00
    100000    16.00000000   9.7833700000e-01
    100000    18.00000000   9.3256500000e-01
    100000    20.00000000   9.0042700000e-01
    100000    22.00000000   8.7758000000e-01
    100000    24.00000000   8.6108200000e-01
    100000    26.00000000   8.4886400000e-01
    100000    28.00000000   8.3941700000e-01
    100000    30.00000000   8.3161300000e-01
    100000    32.00000000   8.2458900000e-01
    100000    34.00000000   8.1767200000e-01
    100000    36.00000000   8.1033300000e-01
    100000    38.00000000   8.0215000000e-01
    100000    40.00000000   7.9278900000e-01
    100000    42.00000000   7.8198100000e-01
    100000    44.00000000   7.6951600000e-01
    100000    46.00000000   7.5523100000e-01
    100000    48.00000000   7.3900400000e-01
    100000    50.00000000   7.2074700000e-01
    100000    52.00000000   7.0040500000e-01
    100000    54.00000000   6.7795200000e-01
    100000    56.00000000   6.5338400000e-01
    100000    58.00000000   6.2672500000e-01
    100000    60.00000000   5.9801600000e-01
    100000    62.00000000   5.6732100000e-01
    100000    64.00000000   5.3472200000e-01
    100000    66.00000000   5.0031500000e-01
    100000    68.00000000   4.6421600000e-01
    100000    70.00000000   4.2655100000e-01
    100000    72.00000000   3.8746200000e-01
    100000    74.00000000   3.4710300000e-01
    100000    76.00000000   3.0563800000e-01
    100000    78.00000000   2.6324000000e-01
    100000    80.00000000   2.2009400000e-01
    100000    82.00000000   1.7638900000e-01
    100000    84.00000000   1.3232300000e-01
    100000    86.00000000   8.8098000000e-02
    100000    88.00000000   4.3920000000e-02
    100000    90.00000000   0.0000000000e+00
    150000   -90.00000000  -0.0000000000e+00
    150000   -88.00000000  -4.3715000000e-02
    150000   -86.00000000  -8.7276000000e-02
    150000   -84.00000000  -1.3047200000e-01
    150000   -82.00000000  -1.7309400000e-01
    150000   -80.00000000  -2.1493500000e-01
    150000   -78.00000000  -2.5579500000e-01
    150000   -76.00000000  -2.9547500000e-01
    150000   -74.00000000  -3.3378700000e-01
    150000   -72.00000000  -3.7054600000e-01
    150000   -70.00000000  -4.0557800000e-01
    150000   -68.00000000  -4.3871600000e-01
    150000   -66.00000000  -4.6980500000e-01
    150000   -64.00000000  -4.9870000000e-01
    150000   -62.00000000  -5.2526500000e-01
    150000   -60.00000000  -5.4938000000e-01
    150000   -58.00000000  -5.7093600000e-01
    150000   -56.00000000  -5.8983700000e-01
    150000   -54.00000000  -6.0600200000e-01
    150000   -52.00000000  -6.1936600000e-01
    150000   -50.00000000  -6.2987600000e-01
    150000   -48.00000000  -6.3749700000e-01
    150000   -46.00000000  -6.4221100000e-01
    150000   -44.00000000  -6.4401600000e-01
    150000   -42.00000000  -6.4292700000e-01
    150000   -40.00000000  -6.3897800000e-01
    150000   -38.00000000  -6.3222100000e-01
    150000   -36.00000000  -6.2272800000e-01
    150000   -34.00000000  -6.1059400000e-01
    150000   -32.00000000  -5.9593600000e-01
    150000   -30.00000000  -5.7889500000e-01
    150000   -28.00000000  -5.5964400000e-01
    150000   -26.00000000  -5.3839000000e-01
    150000   -24.00000000  -5.1538700000e-01
    150000   -22.00000000  -4.9094300000e-01
    150000   -20.00000000  -4.6545000000e-01
    150000   -18.00000000  -4.3941800000e-01
    150000   -16.00000000  -4.1354100000e-01
    150000   -14.00000000  -3.8882600000e-01
    150000   -12.00000000  -3.6684300000e-01
    150000   -10.00000000  -3.5027200000e-01
    150000    -8.00000000  -3.4534100000e-01
    150000    -6.00000000  -3.5318800000e-01
    150000    -4.00000000  -8.8544000000e-02
    150000    -2.00000000   2.2490000000e-01
    150000     0.00000000   4.7230000000e-01
    150000     2.00000000   6.9110000000e-01
    150000     4.00000000   8.8790000000e-01
    150000     6.00000000   1.0861270000e+00
    150000     8.00000000   1.2473090000e+00
    150000    10.00000000   1.1129960000e+00
    150000    12.00000000   9.8195400000e-01
    150000    14.00000000   9.0901000000e-01
    150000    16.00000000   8.6163500000e-01
    150000    18.00000000   8.3066700000e-01
    150000    20.00000000   8.1054900000e-01
    150000    22.00000000   7.9769000000e-01
    150000    24.00000000   7.8965200000e-01
    150000    26.00000000   7.8471200000e-01
    150000    28.00000000   7.8160900000e-01
    150000    30.00000000   7.7939500000e-01
    150000    32.00000000   7.7734300000e-01
    150000    34.00000000   7.7488400000e-01
    150000    36.00000000   7.7156900000e-01
    150000    38.00000000   7.6703800000e-01
    150000    40.00000000   7.6100700000e-01
    150000    42.00000000   7.5324900000e-01
    150000    44.00000000   7.4358400000e-01
    150000    46.00000000   7.3187800000e-01
    150000    48.00000000   7.1803000000e-01
    150000    50.00000000   7.0197100000e-01
    150000    52.00000000   6.8366000000e-01
    150000    54.00000000   6.6308500000e-01
    150000    56.00000000   6.4025400000e-01
    150000    58.00000000   6.1519700000e-01
    150000    60.00000000   5.8796700000e-01
    150000    62.00000000   5.5863100000e-01
    150000    64.00000000   5.2727900000e-01
    150000    66.00000000   4.9401100000e-01
    150000    68.00000000   4.5894700000e-01
    150000    70.00000000   4.2221700000e-01
    150000    72.00000000   3.8396700000e-01
    150000    74.00000000   3.4435100000e-01
    150000    76.00000000   3.0353800000e-01
    150000    78.00000000   2.6170200000e-01
    150000    80.00000000   2.1902800000e-01
    150000    82.00000000   1.7570800000e-01
    150000    84.00000000   1.3194000000e-01
    150000    86.00000000   8.7928000000e-02
    150000    88.00000000   4.3877000000e-02
    150000    90.00000000   0.0000000000e+00
    200000   -90.00000000  -0.0000000000e+00
    200000   -88.00000000  -4.3711000000e-02
    200000   -86.00000000  -8.7263000000e-02
    200000   -84.00000000  -1.3044300000e-01
    200000   -82.00000000  -1.7304200000e-01
    200000   -80.00000000  -2.1485400000e-01
    200000   -78.00000000  -2.5567800000e-01
    200000   -76.00000000  -2.9531500000e-01
    200000   -74.00000000  -3.3357700000e-01
    200000   -72.00000000  -3.7028000000e-01
    200000   -70.00000000  -4.0524800000e-01
    200000   -68.00000000  -4.3831500000e-01
    200000   -66.00000000  -4.6932600000e-01
    200000   -64.00000000  -4.9813300000e-01
    200000   -62.00000000  -5.2460400000e-01
    200000   -60.00000000  -5.4861600000e-01
    200000   -58.00000000  -5.7005900000e-01
    200000   -56.00000000  -5.8883800000e-01
    200000   -54.00000000  -6.0487100000e-01
    200000   -52.00000000  -6.1809100000e-01
    200000   -50.00000000  -6.2844700000e-01
    200000   -48.00000000  -6.3590100000e-01
    200000   -46.00000000  -6.4043400000e-01
    200000   -44.00000000  -6.4204300000e-01
    200000   -42.00000000  -6.4074100000e-01
    200000   -40.00000000  -6.3655900000e-01
    200000   -38.00000000  -6.2954900000e-01
    200000   -36.00000000  -6.1977800000e-01
    200000   -34.00000000  -6.0733800000e-01
    200000   -32.00000000  -5.9234000000e-01
    200000   -30.00000000  -5.7492100000e-01
    200000   -28.00000000  -5.5524400000e-01
    200000   -26.00000000  -5.3350800000e-01
    200000   -24.00000000  -5.0995100000e-01
    200000   -22.00000000  -4.8486300000e-01
    200000   -20.00000000  -4.5861000000e-01
    200000   -18.00000000  -4.3166300000e-01
    200000   -16.00000000  -4.0466000000e-01
    200000   -14.00000000  -3.7851600000e-01
    200000   -12.00000000  -3.5465100000e-01
    200000   -10.00000000  -3.3547600000e-01
    200000    -8.00000000  -3.2915300000e-01
    200000    -6.00000000  -3.1235100000e-01
    200000    -4.00000000  -5.9900000000e-03
    200000    -2.00000000   2.5890000000e-01
    200000     0.00000000   4.8260000000e-01
    200000     2.00000000   6.9040000000e-01
    200000     4.00000000   8.8580000000e-01
    200000     6.00000000   1.0972420000e+00
    200000     8.00000000   1.1386850000e+00
    200000    10.00000000   9.7860200000e-01
    200000    12.00000000   8.7807600000e-01
    200000    14.00000000   8.2116400000e-01
    200000    16.00000000   7.8596300000e-01
    200000    18.00000000   7.6459500000e-01
    200000    20.00000000   7.5227000000e-01
    200000    22.00000000   7.4588800000e-01
    200000    24.00000000   7.4333500000e-01
    200000    26.00000000   7.4311400000e-01
    200000    28.00000000   7.4412400000e-01
    200000    30.00000000   7.4553500000e-01
    200000    32.00000000   7.4670800000e-01
    200000    34.00000000   7.4714000000e-01
    200000    36.00000000   7.4643300000e-01
    200000    38.00000000   7.4427100000e-01
    200000    40.00000000   7.4039900000e-01
    200000    42.00000000   7.3461800000e-01
    200000    44.00000000   7.2677000000e-01
    200000    46.00000000   7.1673600000e-01
    200000    48.00000000   7.0443000000e-01
    200000    50.00000000   6.8979500000e-01
    200000    52.00000000   6.7280300000e-01
    200000    54.00000000   6.5344500000e-01
    200000    56.00000000   6.3174000000e-01
    200000    58.00000000   6.0772300000e-01
    200000    60.00000000   5.8145000000e-01
    200000    62.00000000   5.5299700000e-01
    200000    64.00000000   5.2245200000e-01
    200000    66.00000000   4.8992300000e-01
    200000    68.00000000   4.5553000000e-01
    200000    70.00000000   4.1940700000e-01
    200000    72.00000000   3.8170000000e-01
    200000    74.00000000   3.4256700000e-01
    200000    76.00000000   3.0217600000e-01
    200000    78.00000000   2.6070400000e-01
    200000    80.00000000   2.1833700000e-01
    200000    82.00000000   1.7526700000e-01
    200000    84.00000000   1.3169200000e-01
    200000    86.00000000   8.7818000000e-02
    200000    88.00000000   4.3850000000e-02
    200000    90.00000000   0.0000000000e+00
    250000   -90.00000000  -0.0000000000e+00
    250000   -88.00000000  -4.3713000000e-02
    250000   -86.00000000  -8.7268000000e-02
    250000   -84.00000000  -1.3045500000e-01
    250000   -82.00000000  -1.7306300000e-01
    250000   -80.00000000  -2.1488700000e-01
    250000   -78.00000000  -2.5572500000e-01
    250000   -76.00000000  -2.9538000000e-01
    250000   -74.00000000  -3.3366200000e-01
    250000   -72.00000000  -3.7038700000e-01
    250000   -70.00000000  -4.0538100000e-01
    250000   -68.00000000  -4.3847700000e-01
    250000   -66.00000000  -4.6952000000e-01
    250000   -64.00000000  -4.9836300000e-01
    250000   -62.00000000  -5.2487200000e-01
    250000   -60.00000000  -5.4892500000e-01
    250000   -58.00000000  -5.7041400000e-01
    250000   -56.00000000  -5.8924200000e-01
    250000   -54.00000000  -6.0532900000e-01
    250000   -52.00000000  -6.1860700000e-01
    250000   -50.00000000  -6.2902500000e-01
    250000   -48.00000000  -6.3654700000e-01
    250000   -46.00000000  -6.4115400000e-01
    250000   -44.00000000  -6.4284200000e-01
    250000   -42.00000000  -6.4162600000e-01
    250000   -40.00000000  -6.3753800000e-01
    250000   -38.00000000  -6.3063000000e-01
    250000   -36.00000000  -6.2097300000e-01
    250000   -34.00000000  -6.0865600000e-01
    250000   -32.00000000  -5.9379600000e-01
    250000   -30.00000000  -5.7652900000e-01
    250000   -28.00000000  -5.5702500000e-01
    250000   -26.00000000  -5.3548500000e-01
    250000   -24.00000000  -5.1215200000e-01
    250000   -22.00000000  -4.8732500000e-01
    250000   -20.00000000  -4.6137900000e-01
    250000   -18.00000000  -4.3480200000e-01
    250000   -16.00000000  -4.0825500000e-01
    250000   -14.00000000  -3.8269000000e-01
    250000   -12.00000000  -3.5958700000e-01
    250000   -10.00000000  -3.4147100000e-01
    250000    -8.00000000  -3.3784300000e-01
    250000    -6.00000000  -3.0497400000e-01
    250000    -4.00000000   3.0200000000e-02
    250000    -2.00000000   2.6700000000e-01
    250000     0.00000000   4.7650000000e-01
    250000     2.00000000   6.8750000000e-01
    250000     4.00000000   8.8450000000e-01
    250000     6.00000000   1.1199520000e+00
    250000     8.00000000   1.1324060000e+00
    250000    10.00000000   1.0010760000e+00
    250000    12.00000000   9.0270500000e-01
    250000    14.00000000   8.4199200000e-01
    250000    16.00000000   8.0390400000e-01
    250000    18.00000000   7.8026000000e-01
    250000    20.00000000   7.6608800000e-01
    250000    22.00000000   7.5817000000e-01
    250000    24.00000000   7.5431700000e-01
    250000    26.00000000   7.5297700000e-01
    250000    28.00000000   7.5301100000e-01
    250000    30.00000000   7.5356300000e-01
    250000    32.00000000   7.5397100000e-01
    250000    34.00000000   7.5371800000e-01
    250000    36.00000000   7.5239300000e-01
    250000    38.00000000   7.4966900000e-01
    250000    40.00000000   7.4528500000e-01
    250000    42.00000000   7.3903500000e-01
    250000    44.00000000   7.3075600000e-01
    250000    46.00000000   7.2032600000e-01
    250000    48.00000000   7.0765400000e-01
    250000    50.00000000   6.9268200000e-01
    250000    52.00000000   6.7537700000e-01
    250000    54.00000000   6.5573100000e-01
    250000    56.00000000   6.3375800000e-01
    250000    58.00000000   6.0949500000e-01
    250000    60.00000000   5.8299500000e-01
    250000    62.00000000   5.5433300000e-01
    250000    64.00000000   5.2359700000e-01
    250000    66.00000000   4.9089300000e-01
    250000    68.00000000   4.5634000000e-01
    250000    70.00000000   4.2007300000e-01
    250000    72.00000000   3.8223800000e-01
    250000    74.00000000   3.4299000000e-01
    250000    76.00000000   3.0249900000e-01
    250000    78.00000000   2.6094100000e-01
    250000    80.00000000   2.1850100000e-01
    250000    82.00000000   1.7537200000e-01
    250000    84.00000000   1.3175100000e-01
    250000    86.00000000   8.7844000000e-02
    250000    88.00000000   4.3856000000e-02
    250000    90.00000000   0.0000000000e+00
     50000   -90.00000000  -0.0000000000e+00
     50000   -88.00000000  -4.3716000000e-02
     50000   -86.00000000  -8.7281000000e-02
     50000   -84.00000000  -1.3048400000e-01
     50000   -82.00000000  -1.7311600000e-01
     50000   -80.00000000  -2.1497000000e-01
     50000   -78.00000000  -2.5584400000e-01
     50000   -76.00000000  -2.9554300000e-01
     50000   -74.00000000  -3.3387500000e-01
     50000   -72.00000000  -3.7065800000e-01
     50000   -70.00000000  -4.0571700000e-01
     50000   -68.00000000  -4.3888600000e-01
     50000   -66.00000000  -4.7000900000e-01
     50000   -64.00000000  -4.9894000000e-01
     50000   -62.00000000  -5.2554500000e-01
     50000   -60.00000000  -5.4970400000e-01
     50000   -58.00000000  -5.7130800000e-01
     50000   -56.00000000  -5.9026100000e-01
     50000   -54.00000000  -6.0648200000e-01
     50000   -52.00000000  -6.1990600000e-01
     50000   -50.00000000  -6.3048100000e-01
     50000   -48.00000000  -6.3817300000e-01
     50000   -46.00000000  -6.4296400000e-01
     50000   -44.00000000  -6.4485200000e-01
     50000   -42.00000000  -6.4385400000e-01
     50000   -40.00000000  -6.4000300000e-01
     50000   -38.00000000  -6.3335300000e-01
     50000   -36.00000000  -6.2397800000e-01
     50000   -34.00000000  -6.1197400000e-01
     50000   -32.00000000  -5.9745900000e-01
     50000   -30.00000000  -5.8057800000e-01
     50000   -28.00000000  -5.6150800000e-01
     50000   -26.00000000  -5.4045900000e-01
     50000   -24.00000000  -5.1769000000e-01
     50000   -22.00000000  -4.9351900000e-01
     50000   -20.00000000  -4.6834900000e-01
     50000   -18.00000000  -4.4270300000e-01
     50000   -16.00000000  -4.1730400000e-01
     50000   -14.00000000  -3.9319500000e-01
     50000   -12.00000000  -3.7200800000e-01
     50000   -10.00000000  -3.5654200000e-01
     50000    -8.00000000  -3.5104300000e-01
     50000    -6.00000000  -3.7530400000e-01
     50000    -4.00000000  -2.7712700000e-01
     50000    -2.00000000  -4.7000000000e-02
     50000     0.00000000   1.6790000000e-01
     50000     2.00000000   4.7720000000e-01
     50000     4.00000000   7.0610000000e-01
     50000     6.00000000   9.9047400000e-01
     50000     8.00000000   1.2040760000e+00
     50000    10.00000000   1.0315820000e+00
     50000    12.00000000   9.2794500000e-01
     50000    14.00000000   8.6333700000e-01
     50000    16.00000000   8.2229100000e-01
     50000    18.00000000   7.9631500000e-01
     50000    20.00000000   7.8024900000e-01
     50000    22.00000000   7.7075700000e-01
     50000    24.00000000   7.6557100000e-01
     50000    26.00000000   7.6308400000e-01
     50000    28.00000000   7.6211900000e-01
     50000    30.00000000   7.6179000000e-01
     50000    32.00000000   7.6141500000e-01
     50000    34.00000000   7.6045900000e-01
     50000    36.00000000   7.5850000000e-01
     50000    38.00000000   7.5520100000e-01
     50000    40.00000000   7.5029300000e-01
     50000    42.00000000   7.4356200000e-01
     50000    44.00000000   7.3484200000e-01
     50000    46.00000000   7.2400500000e-01
     50000    48.00000000   7.1095900000e-01
     50000    50.00000000   6.9564000000e-01
     50000    52.00000000   6.7801500000e-01
     50000    54.00000000   6.5807300000e-01
     50000    56.00000000   6.3582700000e-01
     50000    58.00000000   6.1131100000e-01
     50000    60.00000000   5.8457900000e-01
     50000    62.00000000   5.5570200000e-01
     50000    64.00000000   5.2476900000e-01
     50000    66.00000000   4.9188600000e-01
     50000    68.00000000   4.5717000000e-01
     50000    70.00000000   4.2075600000e-01
     50000    72.00000000   3.8278800000e-01
     50000    74.00000000   3.4342400000e-01
     50000    76.00000000   3.0283000000e-01
     50000    78.00000000   2.6118300000e-01
     50000    80.00000000   2.1866900000e-01
     50000    82.00000000   1.7547900000e-01
     50000    84.00000000   1.3181200000e-01
     50000    86.00000000   8.7870000000e-02
     50000    88.00000000   4.3863000000e-02
     50000    90.00000000   0.0000000000e+00
    100000   -90.00000000  -0.0000000000e+00
    100000   -88.00000000  -4.3715000000e-02
    100000   -86.00000000  -8.7277000000e-02
    100000   -84.00000000  -1.3047500000e-01
    100000   -82.00000000  -1.7309800000e-01
    100000   -80.00000000  -2.1494300000e-01
    100000   -78.00000000  -2.5580500000e-01
    100000   -76.00000000  -2.9548900000e-01
    100000   -74.00000000  -3.3380500000e-01
    100000   -72.00000000  -3.7056900000e-01
    100000   -70.00000000  -4.0560600000e-01
    100000   -68.00000000  -4.3875100000e-01
    100000   -66.00000000  -4.6984700000e-01
    100000   -64.00000000  -4.9874900000e-01
    100000   -62.00000000  -5.2532300000e-01
    100000   -60.00000000  -5.4944700000e-01
    100000   -58.00000000  -5.7101300000e-01
    100000   -56.00000000  -5.8992400000e-01
    100000   -54.00000000  -6.0610100000e-01
    100000   -52.00000000  -6.1947700000e-01
    100000   -50.00000000  -6.3000000000e-01
    100000   -48.00000000  -6.3763700000e-01
    100000   -46.00000000  -6.4236700000e-01
    100000   -44.00000000  -6.4418900000e-01
    100000   -42.00000000  -6.4311800000e-01
    100000   -40.00000000  -6.3918900000e-01
    100000   -38.00000000  -6.3245400000e-01
    100000   -36.00000000  -6.2298600000e-01
    100000   -34.00000000  -6.1087900000e-01
    100000   -32.00000000  -5.9625000000e-01
    100000   -30.00000000  -5.7924200000e-01
    100000   -28.00000000  -5.6002800000e-01
    100000   -26.00000000  -5.3881700000e-01
    100000   -24.00000000  -5.1586200000e-01
    100000   -22.00000000  -4.9147400000e-01
    100000   -20.00000000  -4.6604800000e-01
    100000   -18.00000000  -4.4009500000e-01
    100000   -16.00000000  -4.1431700000e-01
    100000   -14.00000000  -3.8972700000e-01
    100000   -12.00000000  -3.6790800000e-01
    100000   -10.00000000  -3.5166400000e-01
    100000    -8.00000000  -3.4351500000e-01
    100000    -6.00000000  -3.4544200000e-01
    100000    -4.00000000  -2.1320000000e-01
    100000    -2.00000000   1.2910000000e-01
    100000     0.00000000   4.2190000000e-01
    100000     2.00000000   6.7460000000e-01
    100000     4.00000000   8.8930000000e-01
    100000     6.00000000   1.0989820000e+00
    100000     8.00000000   1.2047930000e+00
    100000    10.00000000   1.0608190000e+00
    100000    12.00000000   9.3906500000e-01
    100000    14.00000000   8.7274000000e-01
    100000    16.00000000   8.3039100000e-01
    100000    18.00000000   8.0338700000e-01
    100000    20.00000000   7.8648700000e-01
    100000    22.00000000   7.7630200000e-01
    100000    24.00000000   7.7052900000e-01
    100000    26.00000000   7.6753700000e-01
    100000    28.00000000   7.6613200000e-01
    100000    30.00000000   7.6541500000e-01
    100000    32.00000000   7.6469400000e-01
    100000    34.00000000   7.6342900000e-01
    100000    36.00000000   7.6119100000e-01
    100000    38.00000000   7.5763800000e-01
    100000    40.00000000   7.5249900000e-01
    100000    42.00000000   7.4555600000e-01
    100000    44.00000000   7.3664200000e-01
    100000    46.00000000   7.2562600000e-01
    100000    48.00000000   7.1241500000e-01
    100000    50.00000000   6.9694400000e-01
    100000    52.00000000   6.7917700000e-01
    100000    54.00000000   6.5910500000e-01
    100000    56.00000000   6.3673800000e-01
    100000    58.00000000   6.1211100000e-01
    100000    60.00000000   5.8527600000e-01
    100000    62.00000000   5.5630500000e-01
    100000    64.00000000   5.2528600000e-01
    100000    66.00000000   4.9232300000e-01
    100000    68.00000000   4.5753600000e-01
    100000    70.00000000   4.2105700000e-01
    100000    72.00000000   3.8303100000e-01
    100000    74.00000000   3.4361500000e-01
    100000    76.00000000   3.0297600000e-01
    100000    78.00000000   2.6129000000e-01
    100000    80.00000000   2.1874300000e-01
    100000    82.00000000   1.7552600000e-01
    100000    84.00000000   1.3183800000e-01
    100000    86.00000000   8.7882000000e-02
    100000    88.00000000   4.3866000000e-02
    100000    90.00000000   0.0000000000e+00
    150000   -90.00000000  -0.0000000000e+00
    150000   -88.00000000  -4.3714000000e-02
    150000   -86.00000000  -8.7275000000e-02
    150000   -84.00000000  -1.3047100000e-01
    150000   -82.00000000  -1.7309200000e-01
    150000   -80.00000000  -2.1493300000e-01
    150000   -78.00000000  -2.5579100000e-01
    150000   -76.00000000  -2.9547000000e-01
    150000   -74.00000000  -3.3378000000e-01
    150000   -72.00000000  -3.7053800000e-01
    150000   -70.00000000  -4.0556800000e-01
    150000   -68.00000000  -4.3870400000e-01
    150000   -66.00000000  -4.6979100000e-01
    150000   -64.00000000  -4.9868300000e-01
    150000   -62.00000000  -5.2524500000e-01
    150000   -60.00000000  -5.4935700000e-01
    150000   -58.00000000  -5.7091000000e-01
    150000   -56.00000000  -5.8980700000e-01
    150000   -54.00000000  -6.0596800000e-01
    150000   -52.00000000  -6.1932700000e-01
    150000   -50.00000000  -6.2983300000e-01
    150000   -48.00000000  -6.3744900000e-01
    150000   -46.00000000  -6.4215800000e-01
    150000   -44.00000000  -6.4395700000e-01
    150000   -42.00000000  -6.4286100000e-01
    150000   -40.00000000  -6.3890500000e-01
    150000   -38.00000000  -6.3214000000e-01
    150000   -36.00000000  -6.2264000000e-01
    150000   -34.00000000  -6.1049600000e-01
    150000   -32.00000000  -5.9582700000e-01
    150000   -30.00000000  -5.7877500000e-01
    150000   -28.00000000  -5.5951100000e-01
    150000   -26.00000000  -5.3824400000e-01
    150000   -24.00000000  -5.1522300000e-01
    150000   -22.00000000  -4.9076000000e-01
    150000   -20.00000000  -4.6524400000e-01
    150000   -18.00000000  -4.3918400000e-01
    150000   -16.00000000  -4.1327400000e-01
    150000   -14.00000000  -3.8851600000e-01
    150000   -12.00000000  -3.6647600000e-01
    150000   -10.00000000  -3.4982700000e-01
    150000    -8.00000000  -3.4203700000e-01
    150000    -6.00000000  -3.6000000000e-01
    150000    -4.00000000  -9.9434000000e-02
    150000    -2.00000000   2.2510000000e-01
    150000     0.00000000   4.7560000000e-01
    150000     2.00000000   6.9040000000e-01
    150000     4.00000000   8.8790000000e-01
    150000     6.00000000   1.1308870000e+00
    150000     8.00000000   1.1273470000e+00
    150000    10.00000000   9.8337700000e-01
    150000    12.00000000   8.8736700000e-01
    150000    14.00000000   8.2902100000e-01
    150000    16.00000000   7.9273100000e-01
    150000    18.00000000   7.7050400000e-01
    150000    20.00000000   7.5748300000e-01
    150000    22.00000000   7.5052100000e-01
    150000    24.00000000   7.4747800000e-01
    150000    26.00000000   7.4683500000e-01
    150000    28.00000000   7.4747700000e-01
    150000    30.00000000   7.4856400000e-01
    150000    32.00000000   7.4944800000e-01
    150000    34.00000000   7.4962100000e-01
    150000    36.00000000   7.4868100000e-01
    150000    38.00000000   7.4630700000e-01
    150000    40.00000000   7.4224200000e-01
    150000    42.00000000   7.3628400000e-01
    150000    44.00000000   7.2827400000e-01
    150000    46.00000000   7.1809000000e-01
    150000    48.00000000   7.0564600000e-01
    150000    50.00000000   6.9088400000e-01
    150000    52.00000000   6.7377400000e-01
    150000    54.00000000   6.5430700000e-01
    150000    56.00000000   6.3250100000e-01
    150000    58.00000000   6.0839100000e-01
    150000    60.00000000   5.8203300000e-01
    150000    62.00000000   5.5350100000e-01
    150000    64.00000000   5.2288400000e-01
    150000    66.00000000   4.9028900000e-01
    150000    68.00000000   4.5583600000e-01
    150000    70.00000000   4.1965800000e-01
    150000    72.00000000   3.8190300000e-01
    150000    74.00000000   3.4272700000e-01
    150000    76.00000000   3.0229800000e-01
    150000    78.00000000   2.6079400000e-01
    150000    80.00000000   2.1839900000e-01
    150000    82.00000000   1.7530600000e-01
    150000    84.00000000   1.3171500000e-01
    150000    86.00000000   8.7827000000e-02
    150000    88.00000000   4.3852000000e-02
    150000    90.00000000   0.0000000000e+00
    200000   -90.00000000  -0.0000000000e+00
    200000   -88.00000000  -4.3710000000e-02
    200000   -86.00000000  -8.7257000000e-02
    200000   -84.00000000  -1.3043000000e-01
    200000   -82.00000000  -1.7302000000e-01
    200000   -80.00000000  -2.1482000000e-01
    200000   -78.00000000  -2.5562800000e-01
    200000   -76.00000000  -2.9524700000e-01
    200000   -74.00000000  -3.3348800000e-01
    200000   -72.00000000  -3.7016600000e-01
    200000   -70.00000000  -4.0510700000e-01
    200000   -68.00000000  -4.3814400000e-01
    200000   -66.00000000  -4.6912000000e-01
    200000   -64.00000000  -4.9789100000e-01
    200000   -62.00000000  -5.2432100000e-01
    200000   -60.00000000  -5.4828900000e-01
    200000   -58.00000000  -5.6968400000e-01
    200000   -56.00000000  -5.8841100000e-01
    200000   -54.00000000  -6.0438800000e-01
    200000   -52.00000000  -6.1754700000e-01
    200000   -50.00000000  -6.2783600000e-01
    200000   -48.00000000  -6.3521900000e-01
    200000   -46.00000000  -6.3967500000e-01
    200000   -44.00000000  -6.4119900000e-01
    200000   -42.00000000  -6.3980600000e-01
    200000   -40.00000000  -6.3552500000e-01
    200000   -38.00000000  -6.2840700000e-01
    200000   -36.00000000  -6.1851800000e-01
    200000   -34.00000000  -6.0594600000e-01
    200000   -32.00000000  -5.9080300000e-01
    200000   -30.00000000  -5.7322200000e-01
    200000   -28.00000000  -5.5336400000e-01
    200000   -26.00000000  -5.3142200000e-01
    200000   -24.00000000  -5.0762800000e-01
    200000   -22.00000000  -4.8226500000e-01
    200000   -20.00000000  -4.5568700000e-01
    200000   -18.00000000  -4.2834900000e-01
    200000   -16.00000000  -4.0086400000e-01
    200000   -14.00000000  -3.7411000000e-01
    200000   -12.00000000  -3.4944100000e-01
    200000   -10.00000000  -3.2915200000e-01
    200000    -8.00000000  -3.2662600000e-01
    200000    -6.00000000  -3.0313300000e-01
    200000    -4.00000000  -8.8930000000e-03
    200000    -2.00000000   2.5890000000e-01
    200000     0.00000000   4.7800000000e-01
    200000     2.00000000   6.9040000000e-01
    200000     4.00000000   8.8580000000e-01
    200000     6.00000000   1.0901870000e+00
    200000     8.00000000   1.1908000000e+00
    200000    10.00000000   1.0338130000e+00
    200000    12.00000000   9.1969300000e-01
    200000    14.00000000   8.5635800000e-01
    200000    16.00000000   8.1627900000e-01
    200000    18.00000000   7.9106600000e-01
    200000    20.00000000   7.7561900000e-01
    200000    22.00000000   7.6664200000e-01
    200000    24.00000000   7.6189100000e-01
    200000    26.00000000   7.5978000000e-01
    200000    28.00000000   7.5914200000e-01
    200000    30.00000000   7.5910000000e-01
    200000    32.00000000   7.5898100000e-01
    200000    34.00000000   7.5825500000e-01
    200000    36.00000000   7.5650300000e-01
    200000    38.00000000   7.5339200000e-01
    200000    40.00000000   7.4865500000e-01
    200000    42.00000000   7.4208200000e-01
    200000    44.00000000   7.3350600000e-01
    200000    46.00000000   7.2280200000e-01
    200000    48.00000000   7.0987800000e-01
    200000    50.00000000   6.9467300000e-01
    200000    52.00000000   6.7715300000e-01
    200000    54.00000000   6.5730700000e-01
    200000    56.00000000   6.3515100000e-01
    200000    58.00000000   6.1071700000e-01
    200000    60.00000000   5.8406100000e-01
    200000    62.00000000   5.5525400000e-01
    200000    64.00000000   5.2438600000e-01
    200000    66.00000000   4.9156100000e-01
    200000    68.00000000   4.5689900000e-01
    200000    70.00000000   4.2053300000e-01
    200000    72.00000000   3.8260800000e-01
    200000    74.00000000   3.4328200000e-01
    200000    76.00000000   3.0272200000e-01
    200000    78.00000000   2.6110400000e-01
    200000    80.00000000   2.1861400000e-01
    200000    82.00000000   1.7544400000e-01
    200000    84.00000000   1.3179200000e-01
    200000    86.00000000   8.7862000000e-02
    200000    88.00000000   4.3861000000e-02
    200000    90.00000000   0.0000000000e+00
    250000   -90.00000000  -0.0000000000e+00
    250000   -88.00000000  -4.3713000000e-02
    250000   -86.00000000  -8.7270000000e-02
    250000   -84.00000000  -1.3046000000e-01
    250000   -82.00000000  -1.7307300000e-01
    250000   -80.00000000  -2.1490300000e-01
    250000   -78.00000000  -2.5574700000e-01
    250000   -76.00000000  -2.9541000000e-01
    250000   -74.00000000  -3.3370200000e-01
    250000   -72.00000000  -3.7043800000e-01
    250000   -70.00000000  -4.0544400000e-01
    250000   -68.00000000  -4.3855300000e-01
    250000   -66.00000000  -4.6961000000e-01
    250000   -64.00000000  -4.9846900000e-01
    250000   -62.00000000  -5.2499600000e-01
    250000   -60.00000000  -5.4907000000e-01
    250000   -58.00000000  -5.7058000000e-01
    250000   -56.00000000  -5.8943100000e-01
    250000   -54.00000000  -6.0554300000e-01
    250000   -52.00000000  -6.1884800000e-01
    250000   -50.00000000  -6.2929500000e-01
    250000   -48.00000000  -6.3684800000e-01
    250000   -46.00000000  -6.4148900000e-01
    250000   -44.00000000  -6.4321400000e-01
    250000   -42.00000000  -6.4203900000e-01
    250000   -40.00000000  -6.3799500000e-01
    250000   -38.00000000  -6.3113500000e-01
    250000   -36.00000000  -6.2153000000e-01
    250000   -34.00000000  -6.0927100000e-01
    250000   -32.00000000  -5.9447400000e-01
    250000   -30.00000000  -5.7728000000e-01
    250000   -28.00000000  -5.5785600000e-01
    250000   -26.00000000  -5.3640600000e-01
    250000   -24.00000000  -5.1317800000e-01
    250000   -22.00000000  -4.8847300000e-01
    250000   -20.00000000  -4.6267100000e-01
    250000   -18.00000000  -4.3626600000e-01
    250000   -16.00000000  -4.0993200000e-01
    250000   -14.00000000  -3.8463700000e-01
    250000   -12.00000000  -3.6188800000e-01
    250000   -10.00000000  -3.4433700000e-01
    250000    -8.00000000  -3.4146100000e-01
    250000    -6.00000000  -2.8643100000e-01
    250000    -4.00000000   3.0300000000e-02
    250000    -2.00000000   2.6700000000e-01
    250000     0.00000000   4.7040000000e-01
    250000     2.00000000   6.8750000000e-01
    250000     4.00000000   8.8450000000e-01
    250000     6.00000000   1.0788060000e+00
    250000     8.00000000   1.2249390000e+00
    250000    10.00000000   1.0845210000e+00
    250000    12.00000000   9.5767300000e-01
    250000    14.00000000   8.8847700000e-01
    250000    16.00000000   8.4394700000e-01
    250000    18.00000000   8.1522300000e-01
    250000    20.00000000   7.9692700000e-01
    250000    22.00000000   7.8558200000e-01
    250000    24.00000000   7.7882600000e-01
    250000    26.00000000   7.7498900000e-01
    250000    28.00000000   7.7284700000e-01
    250000    30.00000000   7.7148000000e-01
    250000    32.00000000   7.7018200000e-01
    250000    34.00000000   7.6839900000e-01
    250000    36.00000000   7.6569300000e-01
    250000    38.00000000   7.6171600000e-01
    250000    40.00000000   7.5619000000e-01
    250000    42.00000000   7.4889400000e-01
    250000    44.00000000   7.3965400000e-01
    250000    46.00000000   7.2833900000e-01
    250000    48.00000000   7.1485100000e-01
    250000    50.00000000   6.9912500000e-01
    250000    52.00000000   6.8112200000e-01
    250000    54.00000000   6.6083200000e-01
    250000    56.00000000   6.3826400000e-01
    250000    58.00000000   6.1345000000e-01
    250000    60.00000000   5.8644300000e-01
    250000    62.00000000   5.5731400000e-01
    250000    64.00000000   5.2615100000e-01
    250000    66.00000000   4.9305600000e-01
    250000    68.00000000   4.5814800000e-01
    250000    70.00000000   4.2156000000e-01
    250000    72.00000000   3.8343700000e-01
    250000    74.00000000   3.4393400000e-01
    250000    76.00000000   3.0322000000e-01
    250000    78.00000000   2.6146900000e-01
    250000    80.00000000   2.1886700000e-01
    250000    82.00000000   1.7560500000e-01
    250000    84.00000000   1.3188300000e-01
    250000    86.00000000   8.7902000000e-02
    250000    88.00000000   4.3871000000e-02
    250000    90.00000000   0.0000000000e+00
     50000   -90.00000000  -0.0000000000e+00
     50000   -88.00000000  -4.3716000000e-02
     50000   -86.00000000  -8.7281000000e-02
     50000   -84.00000000  -1.3048300000e-01
     50000   -82.00000000  -1.7311400000e-01
     50000   -80.00000000  -2.1496700000e-01
     50000   -78.00000000  -2.5584000000e-01
     50000   -76.00000000  -2.9553700000e-01
     50000   -74.00000000  -3.3386800000e-01
     50000   -72.00000000  -3.7064900000e-01
     50000   -70.00000000  -4.0570500000e-01
     50000   -68.00000000  -4.3887100000e-01
     50000   -66.00000000  -4.6999100000e-01
     50000   -64.00000000  -4.9891900000e-01
     50000   -62.00000000  -5.2552100000e-01
     50000   -60.00000000  -5.4967600000e-01
     50000   -58.00000000  -5.7127500000e-01
     50000   -56.00000000  -5.9022400000e-01
     50000   -54.00000000  -6.0644000000e-01
     50000   -52.00000000  -6.1985800000e-01
     50000   -50.00000000  -6.3042800000e-01
     50000   -48.00000000  -6.3811400000e-01
     50000   -46.00000000  -6.4289900000e-01
     50000   -44.00000000  -6.4477900000e-01
     50000   -42.00000000  -6.4377300000e-01
     50000   -40.00000000  -6.3991300000e-01
     50000   -38.00000000  -6.3325400000e-01
     50000   -36.00000000  -6.2386900000e-01
     50000   -34.00000000  -6.1185400000e-01
     50000   -32.00000000  -5.9732600000e-01
     50000   -30.00000000  -5.8043100000e-01
     50000   -28.00000000  -5.6134500000e-01
     50000   -26.00000000  -5.4027900000e-01
     50000   -24.00000000  -5.1748900000e-01
     50000   -22.00000000  -4.9329500000e-01
     50000   -20.00000000  -4.6809600000e-01
     50000   -18.00000000  -4.4241700000e-01
     50000   -16.00000000  -4.1697600000e-01
     50000   -14.00000000  -3.9281400000e-01
     50000   -12.00000000  -3.7155800000e-01
     50000   -10.00000000  -3.5599500000e-01
     50000    -8.00000000  -3.4913800000e-01
     50000    -6.00000000  -3.6676600000e-01
     50000    -4.00000000  -2.6335200000e-01
     50000    -2.00000000  -4.7500000000e-02
     50000     0.00000000   1.6790000000e-01
     50000     2.00000000   4.7720000000e-01
     50000     4.00000000   7.0590000000e-01
     50000     6.00000000   9.8697500000e-01
     50000     8.00000000   1.1816830000e+00
     50000    10.00000000   1.0203090000e+00
     50000    12.00000000   9.1739000000e-01
     50000    14.00000000   8.5441000000e-01
     50000    16.00000000   8.1460200000e-01
     50000    18.00000000   7.8960100000e-01
     50000    20.00000000   7.7432700000e-01
     50000    22.00000000   7.6549300000e-01
     50000    24.00000000   7.6086500000e-01
     50000    26.00000000   7.5885700000e-01
     50000    28.00000000   7.5831100000e-01
     50000    30.00000000   7.5835000000e-01
     50000    32.00000000   7.5830200000e-01
     50000    34.00000000   7.5764000000e-01
     50000    36.00000000   7.5594600000e-01
     50000    38.00000000   7.5288700000e-01
     50000    40.00000000   7.4819900000e-01
     50000    42.00000000   7.4166900000e-01
     50000    44.00000000   7.3313300000e-01
     50000    46.00000000   7.2246700000e-01
     50000    48.00000000   7.0957700000e-01
     50000    50.00000000   6.9440300000e-01
     50000    52.00000000   6.7691200000e-01
     50000    54.00000000   6.5709300000e-01
     50000    56.00000000   6.3496200000e-01
     50000    58.00000000   6.1055100000e-01
     50000    60.00000000   5.8391600000e-01
     50000    62.00000000   5.5512900000e-01
     50000    64.00000000   5.2427900000e-01
     50000    66.00000000   4.9147000000e-01
     50000    68.00000000   4.5682300000e-01
     50000    70.00000000   4.2047100000e-01
     50000    72.00000000   3.8255800000e-01
     50000    74.00000000   3.4324200000e-01
     50000    76.00000000   3.0269200000e-01
     50000    78.00000000   2.6108200000e-01
     50000    80.00000000   2.1859900000e-01
     50000    82.00000000   1.7543400000e-01
     50000    84.00000000   1.3178600000e-01
     50000    86.00000000   8.7859000000e-02
     50000    88.00000000   4.3860000000e-02
     50000    90.00000000   0.0000000000e+00
    100000   -90.00000000  -0.0000000000e+00
    100000   -88.00000000  -4.3720000000e-02
    100000   -86.00000000  -8.7299000000e-02
    100000   -84.00000000  -1.3052500000e-01
    100000   -82.00000000  -1.7318800000e-01
    100000   -80.00000000  -2.1508300000e-01
    100000   -78.00000000  -2.5600700000e-01
    100000   -76.00000000  -2.9576500000e-01
    100000   -74.00000000  -3.3416700000e-01
    100000   -72.00000000  -3.7102900000e-01
    100000   -70.00000000  -4.0617600000e-01
    100000   -68.00000000  -4.3944400000e-01
    100000   -66.00000000  -4.7067600000e-01
    100000   -64.00000000  -4.9972800000e-01
    100000   -62.00000000  -5.2646600000e-01
    100000   -60.00000000  -5.5076900000e-01
    100000   -58.00000000  -5.7252900000e-01
    100000   -56.00000000  -5.9165100000e-01
    100000   -54.00000000  -6.0805600000e-01
    100000   -52.00000000  -6.2167900000e-01
    100000   -50.00000000  -6.3247000000e-01
    100000   -48.00000000  -6.4039500000e-01
    100000   -46.00000000  -6.4543800000e-01
    100000   -44.00000000  -6.4759900000e-01
    100000   -42.00000000  -6.4689700000e-01
    100000   -40.00000000  -6.4336900000e-01
    100000   -38.00000000  -6.3707200000e-01
    100000   -36.00000000  -6.2808400000e-01
    100000   -34.00000000  -6.1650600000e-01
    100000   -32.00000000  -6.0246300000e-01
    100000   -30.00000000  -5.8610900000e-01
    100000   -28.00000000  -5.6763000000e-01
    100000   -26.00000000  -5.4725400000e-01
    100000   -24.00000000  -5.2525600000e-01
    100000   -22.00000000  -5.0198100000e-01
    100000   -20.00000000  -4.7786800000e-01
    100000   -18.00000000  -4.5349600000e-01
    100000   -16.00000000  -4.2966400000e-01
    100000   -14.00000000  -4.0754400000e-01
    100000   -12.00000000  -3.8897600000e-01
    100000   -10.00000000  -3.7700700000e-01
    100000    -8.00000000  -3.6781300000e-01
    100000    -6.00000000  -3.4973000000e-01
    100000    -4.00000000  -1.9950000000e-01
    100000    -2.00000000   1.2910000000e-01
    100000     0.00000000   4.2690000000e-01
    100000     2.00000000   6.7460000000e-01
    100000     4.00000000   8.8930000000e-01
    100000     6.00000000   1.0905230000e+00
    100000     8.00000000   1.2454680000e+00
    100000    10.00000000   1.1299980000e+00
    100000    12.00000000   9.9370600000e-01
    100000    14.00000000   9.1894900000e-01
    100000    16.00000000   8.7019600000e-01
    100000    18.00000000   8.3814200000e-01
    100000    20.00000000   8.1714300000e-01
    100000    22.00000000   8.0355100000e-01
    100000    24.00000000   7.9489200000e-01
    100000    26.00000000   7.8941800000e-01
    100000    28.00000000   7.8584900000e-01
    100000    30.00000000   7.8322600000e-01
    100000    32.00000000   7.8080900000e-01
    100000    34.00000000   7.7802300000e-01
    100000    36.00000000   7.7441200000e-01
    100000    38.00000000   7.6961400000e-01
    100000    40.00000000   7.6333900000e-01
    100000    42.00000000   7.5535600000e-01
    100000    44.00000000   7.4548700000e-01
    100000    46.00000000   7.3359100000e-01
    100000    48.00000000   7.1956800000e-01
    100000    50.00000000   7.0334800000e-01
    100000    52.00000000   6.8488900000e-01
    100000    54.00000000   6.6417600000e-01
    100000    56.00000000   6.4121700000e-01
    100000    58.00000000   6.1604300000e-01
    100000    60.00000000   5.8870400000e-01
    100000    62.00000000   5.5926900000e-01
    100000    64.00000000   5.2782500000e-01
    100000    66.00000000   4.9447400000e-01
    100000    68.00000000   4.5933300000e-01
    100000    70.00000000   4.2253500000e-01
    100000    72.00000000   3.8422300000e-01
    100000    74.00000000   3.4455300000e-01
    100000    76.00000000   3.0369200000e-01
    100000    78.00000000   2.6181500000e-01
    100000    80.00000000   2.1910600000e-01
    100000    82.00000000   1.7575800000e-01
    100000    84.00000000   1.3196900000e-01
    100000    86.00000000   8.7940000000e-02
    100000    88.00000000   4.3881000000e-02
    100000    90.00000000   0.0000000000e+00
    150000   -90.00000000  -0.0000000000e+00
    150000   -88.00000000  -4.3717000000e-02
    150000   -86.00000000  -8.7287000000e-02
    150000   -84.00000000  -1.3049800000e-01
    150000   -82.00000000  -1.7314000000e-01
    150000   -80.00000000  -2.1500700000e-01
    150000   -78.00000000  -2.5589800000e-01
    150000   -76.00000000  -2.9561600000e-01
    150000   -74.00000000  -3.3397100000e-01
    150000   -72.00000000  -3.7078000000e-01
    150000   -70.00000000  -4.0586800000e-01
    150000   -68.00000000  -4.3907000000e-01
    150000   -66.00000000  -4.7022800000e-01
    150000   -64.00000000  -4.9919900000e-01
    150000   -62.00000000  -5.2584800000e-01
    150000   -60.00000000  -5.5005500000e-01
    150000   -58.00000000  -5.7170900000e-01
    150000   -56.00000000  -5.9071800000e-01
    150000   -54.00000000  -6.0700000000e-01
    150000   -52.00000000  -6.2048900000e-01
    150000   -50.00000000  -6.3113500000e-01
    150000   -48.00000000  -6.3890400000e-01
    150000   -46.00000000  -6.4377800000e-01
    150000   -44.00000000  -6.4575600000e-01
    150000   -42.00000000  -6.4485500000e-01
    150000   -40.00000000  -6.4111000000e-01
    150000   -38.00000000  -6.3457600000e-01
    150000   -36.00000000  -6.2532900000e-01
    150000   -34.00000000  -6.1346500000e-01
    150000   -32.00000000  -5.9910500000e-01
    150000   -30.00000000  -5.8239800000e-01
    150000   -28.00000000  -5.6352200000e-01
    150000   -26.00000000  -5.4269500000e-01
    150000   -24.00000000  -5.2017900000e-01
    150000   -22.00000000  -4.9630300000e-01
    150000   -20.00000000  -4.7148000000e-01
    150000   -18.00000000  -4.4625400000e-01
    150000   -16.00000000  -4.2137100000e-01
    150000   -14.00000000  -3.9791600000e-01
    150000   -12.00000000  -3.7759100000e-01
    150000   -10.00000000  -3.6331700000e-01
    150000    -8.00000000  -3.5699300000e-01
    150000    -6.00000000  -3.7034000000e-01
    150000    -4.00000000  -8.2702000000e-02
    150000    -2.00000000   2.2510000000e-01
    150000     0.00000000   4.7550000000e-01
    150000     2.00000000   6.9110000000e-01
    150000     4.00000000   8.8790000000e-01
    150000     6.00000000   1.0961250000e+00
    150000     8.00000000   1.2104790000e+00
    150000    10.00000000   1.0737030000e+00
    150000    12.00000000   9.4897600000e-01
    150000    14.00000000   8.8112200000e-01
    150000    16.00000000   8.3761100000e-01
    150000    18.00000000   8.0969100000e-01
    150000    20.00000000   7.9204800000e-01
    150000    22.00000000   7.8124500000e-01
    150000    24.00000000   7.7494800000e-01
    150000    26.00000000   7.7150600000e-01
    150000    28.00000000   7.6970800000e-01
    150000    30.00000000   7.6864500000e-01
    150000    32.00000000   7.6761700000e-01
    150000    34.00000000   7.6607600000e-01
    150000    36.00000000   7.6358900000e-01
    150000    38.00000000   7.5981000000e-01
    150000    40.00000000   7.5446500000e-01
    150000    42.00000000   7.4733400000e-01
    150000    44.00000000   7.3824600000e-01
    150000    46.00000000   7.2707100000e-01
    150000    48.00000000   7.1371200000e-01
    150000    50.00000000   6.9810500000e-01
    150000    52.00000000   6.8021300000e-01
    150000    54.00000000   6.6002500000e-01
    150000    56.00000000   6.3755100000e-01
    150000    58.00000000   6.1282400000e-01
    150000    60.00000000   5.8589800000e-01
    150000    62.00000000   5.5684300000e-01
    150000    64.00000000   5.2574600000e-01
    150000    66.00000000   4.9271300000e-01
    150000    68.00000000   4.5786200000e-01
    150000    70.00000000   4.2132500000e-01
    150000    72.00000000   3.8324700000e-01
    150000    74.00000000   3.4378500000e-01
    150000    76.00000000   3.0310600000e-01
    150000    78.00000000   2.6138500000e-01
    150000    80.00000000   2.1880900000e-01
    150000    82.00000000   1.7556800000e-01
    150000    84.00000000   1.3186200000e-01
    150000    86.00000000   8.7893000000e-02
    150000    88.00000000   4.3869000000e-02
    150000    90.00000000   0.0000000000e+00
    200000   -90.00000000  -0.0000000000e+00
    200000   -88.00000000  -4.3714000000e-02
    200000   -86.00000000  -8.7274000000e-02
    200000   -84.00000000  -1.3046700000e-01
    200000   -82.00000000  -1.7308500000e-01
    200000   -80.00000000  -2.1492200000e-01
    200000   -78.00000000  -2.5577500000e-01
    200000   -76.00000000  -2.9544800000e-01
    200000   -74.00000000  -3.3375100000e-01
    200000   -72.00000000  -3.7050000000e-01
    200000   -70.00000000  -4.0552100000e-01
    200000   -68.00000000  -4.3864800000e-01
    200000   -66.00000000  -4.6972300000e-01
    200000   -64.00000000  -4.9860300000e-01
    200000   -62.00000000  -5.2515200000e-01
    200000   -60.00000000  -5.4925000000e-01
    200000   -58.00000000  -5.7078600000e-01
    200000   -56.00000000  -5.8966600000e-01
    200000   -54.00000000  -6.0580900000e-01
    200000   -52.00000000  -6.1914800000e-01
    200000   -50.00000000  -6.2963100000e-01
    200000   -48.00000000  -6.3722400000e-01
    200000   -46.00000000  -6.4190700000e-01
    200000   -44.00000000  -6.4367900000e-01
    200000   -42.00000000  -6.4255300000e-01
    200000   -40.00000000  -6.3856400000e-01
    200000   -38.00000000  -6.3176400000e-01
    200000   -36.00000000  -6.2222400000e-01
    200000   -34.00000000  -6.1003700000e-01
    200000   -32.00000000  -5.9532100000e-01
    200000   -30.00000000  -5.7821500000e-01
    200000   -28.00000000  -5.5889100000e-01
    200000   -26.00000000  -5.3755500000e-01
    200000   -24.00000000  -5.1445700000e-01
    200000   -22.00000000  -4.8990300000e-01
    200000   -20.00000000  -4.6428000000e-01
    200000   -18.00000000  -4.3809100000e-01
    200000   -16.00000000  -4.1202200000e-01
    200000   -14.00000000  -3.8706300000e-01
    200000   -12.00000000  -3.6475700000e-01
    200000   -10.00000000  -3.4774200000e-01
    200000    -8.00000000  -3.4471600000e-01
    200000    -6.00000000  -3.3056500000e-01
    200000    -4.00000000  -6.0000000000e-03
    200000    -2.00000000   2.5880000000e-01
    200000     0.00000000   4.8340000000e-01
    200000     2.00000000   6.9040000000e-01
    200000     4.00000000   8.8580000000e-01
    200000     6.00000000   1.1089170000e+00
    200000     8.00000000   1.1647050000e+00
    200000    10.00000000   9.9919500000e-01
    200000    12.00000000   8.9482600000e-01
    200000    14.00000000   8.3532800000e-01
    200000    16.00000000   7.9816400000e-01
    200000    18.00000000   7.7524800000e-01
    200000    20.00000000   7.6166700000e-01
    200000    22.00000000   7.5424100000e-01
    200000    24.00000000   7.5080400000e-01
    200000    26.00000000   7.4982100000e-01
    200000    28.00000000   7.5016800000e-01
    200000    30.00000000   7.5099500000e-01
    200000    32.00000000   7.5164700000e-01
    200000    34.00000000   7.5161300000e-01
    200000    36.00000000   7.5048600000e-01
    200000    38.00000000   7.4794200000e-01
    200000    40.00000000   7.4372200000e-01
    200000    42.00000000   7.3762200000e-01
    200000    44.00000000   7.2948100000e-01
    200000    46.00000000   7.1917700000e-01
    200000    48.00000000   7.0662300000e-01
    200000    50.00000000   6.9175900000e-01
    200000    52.00000000   6.7455300000e-01
    200000    54.00000000   6.5499900000e-01
    200000    56.00000000   6.3311200000e-01
    200000    58.00000000   6.0892800000e-01
    200000    60.00000000   5.8250100000e-01
    200000    62.00000000   5.5390500000e-01
    200000    64.00000000   5.2323100000e-01
    200000    66.00000000   4.9058200000e-01
    200000    68.00000000   4.5608100000e-01
    200000    70.00000000   4.1986000000e-01
    200000    72.00000000   3.8206600000e-01
    200000    74.00000000   3.4285500000e-01
    200000    76.00000000   3.0239600000e-01
    200000    78.00000000   2.6086500000e-01
    200000    80.00000000   2.1844800000e-01
    200000    82.00000000   1.7533800000e-01
    200000    84.00000000   1.3173200000e-01
    200000    86.00000000   8.7835000000e-02
    200000    88.00000000   4.3854000000e-02
    200000    90.00000000   0.0000000000e+00
    250000   -90.00000000  -0.0000000000e+00
    250000   -88.00000000  -4.3709000000e-02
    250000   -86.00000000  -8.7253000000e-02
    250000   -84.00000000  -1.3042000000e-01
    250000   -82.00000000  -1.7300100000e-01
    250000   -80.00000000  -2.1479000000e-01
    250000   -78.00000000  -2.5558500000e-01
    250000   -76.00000000  -2.9518900000e-01
    250000   -74.00000000  -3.3341200000e-01
    250000   -72.00000000  -3.7006900000e-01
    250000   -70.00000000  -4.0498700000e-01
    250000   -68.00000000  -4.3799800000e-01
    250000   -66.00000000  -4.6894600000e-01
    250000   -64.00000000  -4.9768500000e-01
    250000   -62.00000000  -5.2408100000e-01
    250000   -60.00000000  -5.4801000000e-01
    250000   -58.00000000  -5.6936400000e-01
    250000   -56.00000000  -5.8804700000e-01
    250000   -54.00000000  -6.0397600000e-01
    250000   -52.00000000  -6.1708300000e-01
    250000   -50.00000000  -6.2731600000e-01
    250000   -48.00000000  -6.3463800000e-01
    250000   -46.00000000  -6.3902800000e-01
    250000   -44.00000000  -6.4048100000e-01
    250000   -42.00000000  -6.3901000000e-01
    250000   -40.00000000  -6.3464500000e-01
    250000   -38.00000000  -6.2743400000e-01
    250000   -36.00000000  -6.1744400000e-01
    250000   -34.00000000  -6.0476100000e-01
    250000   -32.00000000  -5.8949400000e-01
    250000   -30.00000000  -5.7177500000e-01
    250000   -28.00000000  -5.5176200000e-01
    250000   -26.00000000  -5.2964400000e-01
    250000   -24.00000000  -5.0564900000e-01
    250000   -22.00000000  -4.8005200000e-01
    250000   -20.00000000  -4.5319700000e-01
    250000   -18.00000000  -4.2552600000e-01
    250000   -16.00000000  -3.9763100000e-01
    250000   -14.00000000  -3.7035700000e-01
    250000   -12.00000000  -3.4500200000e-01
    250000   -10.00000000  -3.2455600000e-01
    250000    -8.00000000  -3.1614900000e-01
    250000    -6.00000000  -2.7780400000e-01
    250000    -4.00000000   3.0200000000e-02
    250000    -2.00000000   2.6700000000e-01
    250000     0.00000000   4.8260000000e-01
    250000     2.00000000   6.8530000000e-01
    250000     4.00000000   8.8670000000e-01
    250000     6.00000000   1.0789970000e+00
    250000     8.00000000   1.2249110000e+00
    250000    10.00000000   1.0845210000e+00
    250000    12.00000000   9.5767300000e-01
    250000    14.00000000   8.8847700000e-01
    250000    16.00000000   8.4394700000e-01
    250000    18.00000000   8.1522300000e-01
    250000    20.00000000   7.9692700000e-01
    250000    22.00000000   7.8558200000e-01
    250000    24.00000000   7.7882600000e-01
    250000    26.00000000   7.7498900000e-01
    250000    28.00000000   7.7284700000e-01
    250000    30.00000000   7.7148000000e-01
    250000    32.00000000   7.7018200000e-01
    250000    34.00000000   7.6839900000e-01
    250000    36.00000000   7.6569300000e-01
    250000    38.00000000   7.6171600000e-01
    250000    40.00000000   7.5619000000e-01
    250000    42.00000000   7.4889400000e-01
    250000    44.00000000   7.3965400000e-01
    250000    46.00000000   7.2833900000e-01
    250000    48.00000000   7.1485100000e-01
    250000    50.00000000   6.9912500000e-01
    250000    52.00000000   6.8112200000e-01
    250000    54.00000000   6.6083200000e-01
    250000    56.00000000   6.3826400000e-01
    250000    58.00000000   6.1345000000e-01
    250000    60.00000000   5.8644300000e-01
    250000    62.00000000   5.5731400000e-01
    250000    64.00000000   5.2615100000e-01
    250000    66.00000000   4.9305600000e-01
    250000    68.00000000   4.5814800000e-01
    250000    70.00000000   4.2156000000e-01
    250000    72.00000000   3.8343700000e-01
    250000    74.00000000   3.4393400000e-01
    250000    76.00000000   3.0322000000e-01
    250000    78.00000000   2.6146900000e-01
    250000    80.00000000   2.1886700000e-01
    250000    82.00000000   1.7560500000e-01
    250000    84.00000000   1.3188300000e-01
    250000    86.00000000   8.7902000000e-02
    250000    88.00000000   4.3871000000e-02
    250000    90.00000000   0.0000000000e+00
     50000   -90.00000000  -0.0000000000e+00
     50000   -88.00000000  -4.3717000000e-02
     50000   -86.00000000  -8.7286000000e-02
     50000   -84.00000000  -1.3049400000e-01
     50000   -82.00000000  -1.7313400000e-01
     50000   -80.00000000  -2.1499800000e-01
     50000   -78.00000000  -2.5588500000e-01
     50000   -76.00000000  -2.9559900000e-01
     50000   -74.00000000  -3.3394900000e-01
     50000   -72.00000000  -3.7075100000e-01
     50000   -70.00000000  -4.0583300000e-01
     50000   -68.00000000  -4.3902600000e-01
     50000   -66.00000000  -4.7017600000e-01
     50000   -64.00000000  -4.9913800000e-01
     50000   -62.00000000  -5.2577700000e-01
     50000   -60.00000000  -5.4997200000e-01
     50000   -58.00000000  -5.7161500000e-01
     50000   -56.00000000  -5.9061000000e-01
     50000   -54.00000000  -6.0687800000e-01
     50000   -52.00000000  -6.2035100000e-01
     50000   -50.00000000  -6.3098100000e-01
     50000   -48.00000000  -6.3873200000e-01
     50000   -46.00000000  -6.4358600000e-01
     50000   -44.00000000  -6.4554300000e-01
     50000   -42.00000000  -6.4461800000e-01
     50000   -40.00000000  -6.4084900000e-01
     50000   -38.00000000  -6.3428800000e-01
     50000   -36.00000000  -6.2501000000e-01
     50000   -34.00000000  -6.1311300000e-01
     50000   -32.00000000  -5.9871700000e-01
     50000   -30.00000000  -5.8196800000e-01
     50000   -28.00000000  -5.6304700000e-01
     50000   -26.00000000  -5.4216700000e-01
     50000   -24.00000000  -5.1959200000e-01
     50000   -22.00000000  -4.9564600000e-01
     50000   -20.00000000  -4.7074100000e-01
     50000   -18.00000000  -4.4541600000e-01
     50000   -16.00000000  -4.2041100000e-01
     50000   -14.00000000  -3.9680100000e-01
     50000   -12.00000000  -3.7627300000e-01
     50000   -10.00000000  -3.6171700000e-01
     50000    -8.00000000  -3.5437100000e-01
     50000    -6.00000000  -3.7594400000e-01
     50000    -4.00000000  -2.6407500000e-01
     50000    -2.00000000  -4.7800000000e-02
     50000     0.00000000   1.6810000000e-01
     50000     2.00000000   4.7730000000e-01
     50000     4.00000000   7.0590000000e-01
     50000     6.00000000   1.0077020000e+00
     50000     8.00000000   1.1414490000e+00
     50000    10.00000000   9.8696100000e-01
     50000    12.00000000   8.9078900000e-01
     50000    14.00000000   8.3191500000e-01
     50000    16.00000000   7.9522400000e-01
     50000    18.00000000   7.7268100000e-01
     50000    20.00000000   7.5940300000e-01
     50000    22.00000000   7.5222800000e-01
     50000    24.00000000   7.4900400000e-01
     50000    26.00000000   7.4820500000e-01
     50000    28.00000000   7.4871100000e-01
     50000    30.00000000   7.4967900000e-01
     50000    32.00000000   7.5045700000e-01
     50000    34.00000000   7.5053500000e-01
     50000    36.00000000   7.4950900000e-01
     50000    38.00000000   7.4705700000e-01
     50000    40.00000000   7.4292100000e-01
     50000    42.00000000   7.3689800000e-01
     50000    44.00000000   7.2882700000e-01
     50000    46.00000000   7.1858900000e-01
     50000    48.00000000   7.0609400000e-01
     50000    50.00000000   6.9128500000e-01
     50000    52.00000000   6.7413100000e-01
     50000    54.00000000   6.5462500000e-01
     50000    56.00000000   6.3278100000e-01
     50000    58.00000000   6.0863700000e-01
     50000    60.00000000   5.8224800000e-01
     50000    62.00000000   5.5368600000e-01
     50000    64.00000000   5.2304300000e-01
     50000    66.00000000   4.9042400000e-01
     50000    68.00000000   4.5594800000e-01
     50000    70.00000000   4.1975100000e-01
     50000    72.00000000   3.8197800000e-01
     50000    74.00000000   3.4278600000e-01
     50000    76.00000000   3.0234300000e-01
     50000    78.00000000   2.6082600000e-01
     50000    80.00000000   2.1842200000e-01
     50000    82.00000000   1.7532100000e-01
     50000    84.00000000   1.3172300000e-01
     50000    86.00000000   8.7831000000e-02
     50000    88.00000000   4.3853000000e-02
     50000    90.00000000   0.0000000000e+00
    100000   -90.00000000  -0.0000000000e+00
    100000   -88.00000000  -4.3718000000e-02
    100000   -86.00000000  -8.7291000000e-02
    100000   -84.00000000  -1.3050700000e-01
    100000   -82.00000000  -1.7315700000e-01
    100000   -80.00000000  -2.1503400000e-01
    100000   -78.00000000  -2.5593700000e-01
    100000   -76.00000000  -2.9567000000e-01
    100000   -74.00000000  -3.3404200000e-01
    100000   -72.00000000  -3.7087000000e-01
    100000   -70.00000000  -4.0597900000e-01
    100000   -68.00000000  -4.3920500000e-01
    100000   -66.00000000  -4.7039000000e-01
    100000   -64.00000000  -4.9939000000e-01
    100000   -62.00000000  -5.2607100000e-01
    100000   -60.00000000  -5.5031200000e-01
    100000   -58.00000000  -5.7200500000e-01
    100000   -56.00000000  -5.9105500000e-01
    100000   -54.00000000  -6.0738100000e-01
    100000   -52.00000000  -6.2091800000e-01
    100000   -50.00000000  -6.3161700000e-01
    100000   -48.00000000  -6.3944200000e-01
    100000   -46.00000000  -6.4437700000e-01
    100000   -44.00000000  -6.4642100000e-01
    100000   -42.00000000  -6.4559100000e-01
    100000   -40.00000000  -6.4192500000e-01
    100000   -38.00000000  -6.3547600000e-01
    100000   -36.00000000  -6.2632300000e-01
    100000   -34.00000000  -6.1456200000e-01
    100000   -32.00000000  -6.0031600000e-01
    100000   -30.00000000  -5.8373600000e-01
    100000   -28.00000000  -5.6500400000e-01
    100000   -26.00000000  -5.4433900000e-01
    100000   -24.00000000  -5.2201000000e-01
    100000   -22.00000000  -4.9835100000e-01
    100000   -20.00000000  -4.7378400000e-01
    100000   -18.00000000  -4.4886600000e-01
    100000   -16.00000000  -4.2436200000e-01
    100000   -14.00000000  -4.0138800000e-01
    100000   -12.00000000  -3.8169700000e-01
    100000   -10.00000000  -3.6830000000e-01
    100000    -8.00000000  -3.6243400000e-01
    100000    -6.00000000  -3.8378200000e-01
    100000    -4.00000000  -2.0444700000e-01
    100000    -2.00000000   1.2910000000e-01
    100000     0.00000000   4.2720000000e-01
    100000     2.00000000   6.7460000000e-01
    100000     4.00000000   8.8940000000e-01
    100000     6.00000000   1.0794000000e+00
    100000     8.00000000   1.2078350000e+00
    100000    10.00000000   1.2719570000e+00
    100000    12.00000000   1.1732690000e+00
    100000    14.00000000   1.0565910000e+00
    100000    16.00000000   9.8876300000e-01
    100000    18.00000000   9.4166900000e-01
    100000    20.00000000   9.0845700000e-01
    100000    22.00000000   8.8471700000e-01
    100000    24.00000000   8.6746400000e-01
    100000    26.00000000   8.5459600000e-01
    100000    28.00000000   8.4458200000e-01
    100000    30.00000000   8.3627900000e-01
    100000    32.00000000   8.2881000000e-01
    100000    34.00000000   8.2149500000e-01
    100000    36.00000000   8.1379600000e-01
    100000    38.00000000   8.0528700000e-01
    100000    40.00000000   7.9562800000e-01
    100000    42.00000000   7.8454800000e-01
    100000    44.00000000   7.7183300000e-01
    100000    46.00000000   7.5731800000e-01
    100000    48.00000000   7.4087800000e-01
    100000    50.00000000   7.2242500000e-01
    100000    52.00000000   7.0190100000e-01
    100000    54.00000000   6.7928000000e-01
    100000    56.00000000   6.5455700000e-01
    100000    58.00000000   6.2775500000e-01
    100000    60.00000000   5.9891400000e-01
    100000    62.00000000   5.6809800000e-01
    100000    64.00000000   5.3538700000e-01
    100000    66.00000000   5.0087900000e-01
    100000    68.00000000   4.6468600000e-01
    100000    70.00000000   4.2693800000e-01
    100000    72.00000000   3.8777400000e-01
    100000    74.00000000   3.4734900000e-01
    100000    76.00000000   3.0582500000e-01
    100000    78.00000000   2.6337800000e-01
    100000    80.00000000   2.2018900000e-01
    100000    82.00000000   1.7645000000e-01
    100000    84.00000000   1.3235700000e-01
    100000    86.00000000   8.8113000000e-02
    100000    88.00000000   4.3924000000e-02
    100000    90.00000000   0.0000000000e+00
    150000   -90.00000000  -0.0000000000e+00
    150000   -88.00000000  -4.3718000000e-02
    150000   -86.00000000  -8.7288000000e-02
    150000   -84.00000000  -1.3049900000e-01
    150000   -82.00000000  -1.7314300000e-01
    150000   -80.00000000  -2.1501200000e-01
    150000   -78.00000000  -2.5590500000e-01
    150000   -76.00000000  -2.9562600000e-01
    150000   -74.00000000  -3.3398400000e-01
    150000   -72.00000000  -3.7079600000e-01
    150000   -70.00000000  -4.0588800000e-01
    150000   -68.00000000  -4.3909300000e-01
    150000   -66.00000000  -4.7025600000e-01
    150000   -64.00000000  -4.9923200000e-01
    150000   -62.00000000  -5.2588700000e-01
    150000   -60.00000000  -5.5009900000e-01
    150000   -58.00000000  -5.7176100000e-01
    150000   -56.00000000  -5.9077700000e-01
    150000   -54.00000000  -6.0706600000e-01
    150000   -52.00000000  -6.2056400000e-01
    150000   -50.00000000  -6.3121900000e-01
    150000   -48.00000000  -6.3899800000e-01
    150000   -46.00000000  -6.4388200000e-01
    150000   -44.00000000  -6.4587200000e-01
    150000   -42.00000000  -6.4498300000e-01
    150000   -40.00000000  -6.4125200000e-01
    150000   -38.00000000  -6.3473300000e-01
    150000   -36.00000000  -6.2550200000e-01
    150000   -34.00000000  -6.1365600000e-01
    150000   -32.00000000  -5.9931600000e-01
    150000   -30.00000000  -5.8263100000e-01
    150000   -28.00000000  -5.6378000000e-01
    150000   -26.00000000  -5.4298100000e-01
    150000   -24.00000000  -5.2049800000e-01
    150000   -22.00000000  -4.9666000000e-01
    150000   -20.00000000  -4.7188200000e-01
    150000   -18.00000000  -4.4670900000e-01
    150000   -16.00000000  -4.2189200000e-01
    150000   -14.00000000  -3.9852100000e-01
    150000   -12.00000000  -3.7830600000e-01
    150000   -10.00000000  -3.6418500000e-01
    150000    -8.00000000  -3.5313900000e-01
    150000    -6.00000000  -3.6325500000e-01
    150000    -4.00000000  -7.2300000000e-02
    150000    -2.00000000   2.2910000000e-01
    150000     0.00000000   4.7560000000e-01
    150000     2.00000000   6.9120000000e-01
    150000     4.00000000   8.8790000000e-01
    150000     6.00000000   1.0856860000e+00
    150000     8.00000000   1.2237990000e+00
    150000    10.00000000   1.1099010000e+00
    150000    12.00000000   9.7590400000e-01
    150000    14.00000000   9.0389400000e-01
    150000    16.00000000   8.5722800000e-01
    150000    18.00000000   8.2681900000e-01
    150000    20.00000000   8.0715500000e-01
    150000    22.00000000   7.9467300000e-01
    150000    24.00000000   7.8695500000e-01
    150000    26.00000000   7.8228900000e-01
    150000    28.00000000   7.7942500000e-01
    150000    30.00000000   7.7742300000e-01
    150000    32.00000000   7.7555900000e-01
    150000    34.00000000   7.7326800000e-01
    150000    36.00000000   7.7010500000e-01
    150000    38.00000000   7.6571200000e-01
    150000    40.00000000   7.5980700000e-01
    150000    42.00000000   7.5216300000e-01
    150000    44.00000000   7.4260500000e-01
    150000    46.00000000   7.3099600000e-01
    150000    48.00000000   7.1723800000e-01
    150000    50.00000000   7.0126100000e-01
    150000    52.00000000   6.8302800000e-01
    150000    54.00000000   6.6252400000e-01
    150000    56.00000000   6.3975800000e-01
    150000    58.00000000   6.1476200000e-01
    150000    60.00000000   5.8758700000e-01
    150000    62.00000000   5.5830300000e-01
    150000    64.00000000   5.2699800000e-01
    150000    66.00000000   4.9377300000e-01
    150000    68.00000000   4.5874800000e-01
    150000    70.00000000   4.2205300000e-01
    150000    72.00000000   3.8383500000e-01
    150000    74.00000000   3.4424700000e-01
    150000    76.00000000   3.0345800000e-01
    150000    78.00000000   2.6164400000e-01
    150000    80.00000000   2.1898800000e-01
    150000    82.00000000   1.7568300000e-01
    150000    84.00000000   1.3192600000e-01
    150000    86.00000000   8.7921000000e-02
    150000    88.00000000   4.3876000000e-02
    150000    90.00000000   0.0000000000e+00
    200000   -90.00000000  -0.0000000000e+00
    200000   -88.00000000  -4.3721000000e-02
    200000   -86.00000000  -8.7302000000e-02
    200000   -84.00000000  -1.3053100000e-01
    200000   -82.00000000  -1.7319900000e-01
    200000   -80.00000000  -2.1510000000e-01
    200000   -78.00000000  -2.5603200000e-01
    200000   -76.00000000  -2.9579900000e-01
    200000   -74.00000000  -3.3421100000e-01
    200000   -72.00000000  -3.7108500000e-01
    200000   -70.00000000  -4.0624600000e-01
    200000   -68.00000000  -4.3952900000e-01
    200000   -66.00000000  -4.7077800000e-01
    200000   -64.00000000  -4.9984900000e-01
    200000   -62.00000000  -5.2660700000e-01
    200000   -60.00000000  -5.5093100000e-01
    200000   -58.00000000  -5.7271500000e-01
    200000   -56.00000000  -5.9186400000e-01
    200000   -54.00000000  -6.0829700000e-01
    200000   -52.00000000  -6.2195000000e-01
    200000   -50.00000000  -6.3277400000e-01
    200000   -48.00000000  -6.4073500000e-01
    200000   -46.00000000  -6.4581600000e-01
    200000   -44.00000000  -6.4801900000e-01
    200000   -42.00000000  -6.4736200000e-01
    200000   -40.00000000  -6.4388300000e-01
    200000   -38.00000000  -6.3764000000e-01
    200000   -36.00000000  -6.2871200000e-01
    200000   -34.00000000  -6.1719900000e-01
    200000   -32.00000000  -6.0322800000e-01
    200000   -30.00000000  -5.8695500000e-01
    200000   -28.00000000  -5.6856700000e-01
    200000   -26.00000000  -5.4829300000e-01
    200000   -24.00000000  -5.2641200000e-01
    200000   -22.00000000  -5.0327500000e-01
    200000   -20.00000000  -4.7932300000e-01
    200000   -18.00000000  -4.5514600000e-01
    200000   -16.00000000  -4.3155400000e-01
    200000   -14.00000000  -4.0973800000e-01
    200000   -12.00000000  -3.9157000000e-01
    200000   -10.00000000  -3.8028400000e-01
    200000    -8.00000000  -3.8008100000e-01
    200000    -6.00000000  -3.5463700000e-01
    200000    -4.00000000  -6.4000000000e-03
    200000    -2.00000000   2.5890000000e-01
    200000     0.00000000   4.8350000000e-01
    200000     2.00000000   6.8840000000e-01
    200000     4.00000000   8.8580000000e-01
    200000     6.00000000   1.1053660000e+00
    200000     8.00000000   1.1389800000e+00
    200000    10.00000000   9.7883500000e-01
    200000    12.00000000   8.7826600000e-01
    200000    14.00000000   8.2132400000e-01
    200000    16.00000000   7.8610100000e-01
    200000    18.00000000   7.6471500000e-01
    200000    20.00000000   7.5237700000e-01
    200000    22.00000000   7.4598300000e-01
    200000    24.00000000   7.4342000000e-01
    200000    26.00000000   7.4319000000e-01
    200000    28.00000000   7.4419200000e-01
    200000    30.00000000   7.4559700000e-01
    200000    32.00000000   7.4676400000e-01
    200000    34.00000000   7.4719000000e-01
    200000    36.00000000   7.4647900000e-01
    200000    38.00000000   7.4431200000e-01
    200000    40.00000000   7.4043700000e-01
    200000    42.00000000   7.3465200000e-01
    200000    44.00000000   7.2680000000e-01
    200000    46.00000000   7.1676300000e-01
    200000    48.00000000   7.0445500000e-01
    200000    50.00000000   6.8981800000e-01
    200000    52.00000000   6.7282200000e-01
    200000    54.00000000   6.5346300000e-01
    200000    56.00000000   6.3175500000e-01
    200000    58.00000000   6.0773600000e-01
    200000    60.00000000   5.8146200000e-01
    200000    62.00000000   5.5300700000e-01
    200000    64.00000000   5.2246100000e-01
    200000    66.00000000   4.8993100000e-01
    200000    68.00000000   4.5553600000e-01
    200000    70.00000000   4.1941200000e-01
    200000    72.00000000   3.8170400000e-01
    200000    74.00000000   3.4257100000e-01
    200000    76.00000000   3.0217900000e-01
    200000    78.00000000   2.6070600000e-01
    200000    80.00000000   2.1833800000e-01
    200000    82.00000000   1.7526800000e-01
    200000    84.00000000   1.3169300000e-01
    200000    86.00000000   8.7818000000e-02
    200000    88.00000000   4.3850000000e-02
    200000    90.00000000   0.0000000000e+00
    250000   -90.00000000  -0.0000000000e+00
    250000   -88.00000000  -4.3708000000e-02
    250000   -86.00000000  -8.7251000000e-02
    250000   -84.00000000  -1.3041600000e-01
    250000   -82.00000000  -1.7299300000e-01
    250000   -80.00000000  -2.1477800000e-01
    250000   -78.00000000  -2.5556800000e-01
    250000   -76.00000000  -2.9516500000e-01
    250000   -74.00000000  -3.3338100000e-01
    250000   -72.00000000  -3.7003000000e-01
    250000   -70.00000000  -4.0493800000e-01
    250000   -68.00000000  -4.3793900000e-01
    250000   -66.00000000  -4.6887500000e-01
    250000   -64.00000000  -4.9760100000e-01
    250000   -62.00000000  -5.2398300000e-01
    250000   -60.00000000  -5.4789700000e-01
    250000   -58.00000000  -5.6923500000e-01
    250000   -56.00000000  -5.8789900000e-01
    250000   -54.00000000  -6.0380900000e-01
    250000   -52.00000000  -6.1689500000e-01
    250000   -50.00000000  -6.2710500000e-01
    250000   -48.00000000  -6.3440200000e-01
    250000   -46.00000000  -6.3876500000e-01
    250000   -44.00000000  -6.4018900000e-01
    250000   -42.00000000  -6.3868700000e-01
    250000   -40.00000000  -6.3428800000e-01
    250000   -38.00000000  -6.2703900000e-01
    250000   -36.00000000  -6.1700800000e-01
    250000   -34.00000000  -6.0428000000e-01
    250000   -32.00000000  -5.8896300000e-01
    250000   -30.00000000  -5.7118900000e-01
    250000   -28.00000000  -5.5111300000e-01
    250000   -26.00000000  -5.2892300000e-01
    250000   -24.00000000  -5.0484600000e-01
    250000   -22.00000000  -4.7915400000e-01
    250000   -20.00000000  -4.5218700000e-01
    250000   -18.00000000  -4.2438100000e-01
    250000   -16.00000000  -3.9631900000e-01
    250000   -14.00000000  -3.6883400000e-01
    250000   -12.00000000  -3.4320200000e-01
    250000   -10.00000000  -3.2282300000e-01
    250000    -8.00000000  -3.0810000000e-01
    250000    -6.00000000  -2.6988100000e-01
    250000    -4.00000000   3.0400000000e-02
    250000    -2.00000000   2.6700000000e-01
    250000     0.00000000   4.8076700000e-01
    250000     2.00000000   6.8750000000e-01
    250000     4.00000000   8.8450000000e-01
    250000     6.00000000   1.1283550000e+00
    250000     8.00000000   1.1177340000e+00
    250000    10.00000000   9.6641700000e-01
    250000    12.00000000   8.7425100000e-01
    250000    14.00000000   8.1792900000e-01
    250000    16.00000000   7.8317600000e-01
    250000    18.00000000   7.6216200000e-01
    250000    20.00000000   7.5012400000e-01
    250000    22.00000000   7.4398000000e-01
    250000    24.00000000   7.4163000000e-01
    250000    26.00000000   7.4158200000e-01
    250000    28.00000000   7.4274400000e-01
    250000    30.00000000   7.4428800000e-01
    250000    32.00000000   7.4557900000e-01
    250000    34.00000000   7.4611800000e-01
    250000    36.00000000   7.4550700000e-01
    250000    38.00000000   7.4343200000e-01
    250000    40.00000000   7.3964000000e-01
    250000    42.00000000   7.3393200000e-01
    250000    44.00000000   7.2615000000e-01
    250000    46.00000000   7.1617800000e-01
    250000    48.00000000   7.0392900000e-01
    250000    50.00000000   6.8934700000e-01
    250000    52.00000000   6.7240300000e-01
    250000    54.00000000   6.5309000000e-01
    250000    56.00000000   6.3142600000e-01
    250000    58.00000000   6.0744700000e-01
    250000    60.00000000   5.8121000000e-01
    250000    62.00000000   5.5278900000e-01
    250000    64.00000000   5.2227500000e-01
    250000    66.00000000   4.8977300000e-01
    250000    68.00000000   4.5540400000e-01
    250000    70.00000000   4.1930400000e-01
    250000    72.00000000   3.8161700000e-01
    250000    74.00000000   3.4250200000e-01
    250000    76.00000000   3.0212600000e-01
    250000    78.00000000   2.6066800000e-01
    250000    80.00000000   2.1831200000e-01
    250000    82.00000000   1.7525100000e-01
    250000    84.00000000   1.3168300000e-01
    250000    86.00000000   8.7814000000e-02
    250000    88.00000000   4.3849000000e-02
    250000    90.00000000   0.0000000000e+00
     50000   -90.00000000  -0.0000000000e+00
     50000   -88.00000000  -4.3717000000e-02
     50000   -86.00000000  -8.7285000000e-02
     50000   -84.00000000  -1.3049300000e-01
     50000   -82.00000000  -1.7313200000e-01
     50000   -80.00000000  -2.1499500000e-01
     50000   -78.00000000  -2.5588100000e-01
     50000   -76.00000000  -2.9559300000e-01
     50000   -74.00000000  -3.3394100000e-01
     50000   -72.00000000  -3.7074100000e-01
     50000   -70.00000000  -4.0582000000e-01
     50000   -68.00000000  -4.3901100000e-01
     50000   -66.00000000  -4.7015800000e-01
     50000   -64.00000000  -4.9911600000e-01
     50000   -62.00000000  -5.2575200000e-01
     50000   -60.00000000  -5.4994300000e-01
     50000   -58.00000000  -5.7158200000e-01
     50000   -56.00000000  -5.9057200000e-01
     50000   -54.00000000  -6.0683500000e-01
     50000   -52.00000000  -6.2030300000e-01
     50000   -50.00000000  -6.3092700000e-01
     50000   -48.00000000  -6.3867200000e-01
     50000   -46.00000000  -6.4351900000e-01
     50000   -44.00000000  -6.4546800000e-01
     50000   -42.00000000  -6.4453600000e-01
     50000   -40.00000000  -6.4075700000e-01
     50000   -38.00000000  -6.3418700000e-01
     50000   -36.00000000  -6.2489900000e-01
     50000   -34.00000000  -6.1299000000e-01
     50000   -32.00000000  -5.9858100000e-01
     50000   -30.00000000  -5.8181900000e-01
     50000   -28.00000000  -5.6288100000e-01
     50000   -26.00000000  -5.4198300000e-01
     50000   -24.00000000  -5.1938700000e-01
     50000   -22.00000000  -4.9541700000e-01
     50000   -20.00000000  -4.7048300000e-01
     50000   -18.00000000  -4.4512400000e-01
     50000   -16.00000000  -4.2007600000e-01
     50000   -14.00000000  -3.9641300000e-01
     50000   -12.00000000  -3.7581300000e-01
     50000   -10.00000000  -3.6116000000e-01
     50000    -8.00000000  -3.5540900000e-01
     50000    -6.00000000  -3.7920000000e-01
     50000    -4.00000000  -2.7167100000e-01
     50000    -2.00000000  -4.8300000000e-02
     50000     0.00000000   1.6830000000e-01
     50000     2.00000000   4.7730000000e-01
     50000     4.00000000   7.0590000000e-01
     50000     6.00000000   9.6725700000e-01
     50000     8.00000000   1.2265000000e+00
     50000    10.00000000   1.0506400000e+00
     50000    12.00000000   9.4300900000e-01
     50000    14.00000000   8.7607500000e-01
     50000    16.00000000   8.3326400000e-01
     50000    18.00000000   8.0589600000e-01
     50000    20.00000000   7.8870000000e-01
     50000    22.00000000   7.7826900000e-01
     50000    24.00000000   7.7228700000e-01
     50000    26.00000000   7.6911600000e-01
     50000    28.00000000   7.6755500000e-01
     50000    30.00000000   7.6670000000e-01
     50000    32.00000000   7.6585700000e-01
     50000    34.00000000   7.6448200000e-01
     50000    36.00000000   7.6214500000e-01
     50000    38.00000000   7.5850200000e-01
     50000    40.00000000   7.5328100000e-01
     50000    42.00000000   7.4626400000e-01
     50000    44.00000000   7.3728000000e-01
     50000    46.00000000   7.2620100000e-01
     50000    48.00000000   7.1293100000e-01
     50000    50.00000000   6.9740600000e-01
     50000    52.00000000   6.7959000000e-01
     50000    54.00000000   6.5947100000e-01
     50000    56.00000000   6.3706200000e-01
     50000    58.00000000   6.1239500000e-01
     50000    60.00000000   5.8552400000e-01
     50000    62.00000000   5.5651900000e-01
     50000    64.00000000   5.2546900000e-01
     50000    66.00000000   4.9247900000e-01
     50000    68.00000000   4.5766600000e-01
     50000    70.00000000   4.2116400000e-01
     50000    72.00000000   3.8311700000e-01
     50000    74.00000000   3.4368200000e-01
     50000    76.00000000   3.0302700000e-01
     50000    78.00000000   2.6132800000e-01
     50000    80.00000000   2.1876900000e-01
     50000    82.00000000   1.7554300000e-01
     50000    84.00000000   1.3184800000e-01
     50000    86.00000000   8.7886000000e-02
     50000    88.00000000   4.3867000000e-02
     50000    90.00000000   0.0000000000e+00
    100000   -90.00000000  -0.0000000000e+00
    100000   -88.00000000  -4.3716000000e-02
    100000   -86.00000000  -8.7283000000e-02
    100000   -84.00000000  -1.3048900000e-01
    100000   -82.00000000  -1.7312400000e-01
    100000   -80.00000000  -2.1498300000e-01
    100000   -78.00000000  -2.5586300000e-01
    100000   -76.00000000  -2.9556900000e-01
    100000   -74.00000000  -3.3390900000e-01
    100000   -72.00000000  -3.7070100000e-01
    100000   -70.00000000  -4.0577000000e-01
    100000   -68.00000000  -4.3895000000e-01
    100000   -66.00000000  -4.7008600000e-01
    100000   -64.00000000  -4.9903100000e-01
    100000   -62.00000000  -5.2565200000e-01
    100000   -60.00000000  -5.4982700000e-01
    100000   -58.00000000  -5.7144900000e-01
    100000   -56.00000000  -5.9042100000e-01
    100000   -54.00000000  -6.0666300000e-01
    100000   -52.00000000  -6.2011000000e-01
    100000   -50.00000000  -6.3071000000e-01
    100000   -48.00000000  -6.3843000000e-01
    100000   -46.00000000  -6.4324900000e-01
    100000   -44.00000000  -6.4516900000e-01
    100000   -42.00000000  -6.4420400000e-01
    100000   -40.00000000  -6.4039100000e-01
    100000   -38.00000000  -6.3378200000e-01
    100000   -36.00000000  -6.2445200000e-01
    100000   -34.00000000  -6.1249700000e-01
    100000   -32.00000000  -5.9803600000e-01
    100000   -30.00000000  -5.8121600000e-01
    100000   -28.00000000  -5.6221400000e-01
    100000   -26.00000000  -5.4124200000e-01
    100000   -24.00000000  -5.1856200000e-01
    100000   -22.00000000  -4.9449500000e-01
    100000   -20.00000000  -4.6944600000e-01
    100000   -18.00000000  -4.4394800000e-01
    100000   -16.00000000  -4.1872900000e-01
    100000   -14.00000000  -3.9484900000e-01
    100000   -12.00000000  -3.7396400000e-01
    100000   -10.00000000  -3.5891600000e-01
    100000    -8.00000000  -3.5509900000e-01
    100000    -6.00000000  -3.7922100000e-01
    100000    -4.00000000  -2.2790800000e-01
    100000    -2.00000000   1.2910000000e-01
    100000     0.00000000   4.2750000000e-01
    100000     2.00000000   6.7460000000e-01
    100000     4.00000000   8.8940000000e-01
    100000     6.00000000   1.0995540000e+00
    100000     8.00000000   1.2086050000e+00
    100000    10.00000000   1.0680840000e+00
    100000    12.00000000   9.4445900000e-01
    100000    14.00000000   8.7730200000e-01
    100000    16.00000000   8.3432100000e-01
    100000    18.00000000   8.0681800000e-01
    100000    20.00000000   7.8951300000e-01
    100000    22.00000000   7.7899200000e-01
    100000    24.00000000   7.7293400000e-01
    100000    26.00000000   7.6969700000e-01
    100000    28.00000000   7.6807800000e-01
    100000    30.00000000   7.6717300000e-01
    100000    32.00000000   7.6628500000e-01
    100000    34.00000000   7.6487000000e-01
    100000    36.00000000   7.6249600000e-01
    100000    38.00000000   7.5882000000e-01
    100000    40.00000000   7.5356900000e-01
    100000    42.00000000   7.4652400000e-01
    100000    44.00000000   7.3751500000e-01
    100000    46.00000000   7.2641200000e-01
    100000    48.00000000   7.1312100000e-01
    100000    50.00000000   6.9757600000e-01
    100000    52.00000000   6.7974100000e-01
    100000    54.00000000   6.5960500000e-01
    100000    56.00000000   6.3718000000e-01
    100000    58.00000000   6.1249900000e-01
    100000    60.00000000   5.8561500000e-01
    100000    62.00000000   5.5659800000e-01
    100000    64.00000000   5.2553700000e-01
    100000    66.00000000   4.9253600000e-01
    100000    68.00000000   4.5771400000e-01
    100000    70.00000000   4.2120300000e-01
    100000    72.00000000   3.8314900000e-01
    100000    74.00000000   3.4370700000e-01
    100000    76.00000000   3.0304600000e-01
    100000    78.00000000   2.6134200000e-01
    100000    80.00000000   2.1877900000e-01
    100000    82.00000000   1.7554900000e-01
    100000    84.00000000   1.3185100000e-01
    100000    86.00000000   8.7888000000e-02
    100000    88.00000000   4.3868000000e-02
    100000    90.00000000   0.0000000000e+00
    150000   -90.00000000  -0.0000000000e+00
    150000   -88.00000000  -4.3718000000e-02
    150000   -86.00000000  -8.7291000000e-02
    150000   -84.00000000  -1.3050600000e-01
    150000   -82.00000000  -1.7315400000e-01
    150000   -80.00000000  -2.1502900000e-01
    150000   -78.00000000  -2.5593000000e-01
    150000   -76.00000000  -2.9566000000e-01
    150000   -74.00000000  -3.3402800000e-01
    150000   -72.00000000  -3.7085300000e-01
    150000   -70.00000000  -4.0595800000e-01
    150000   -68.00000000  -4.3917900000e-01
    150000   -66.00000000  -4.7035900000e-01
    150000   -64.00000000  -4.9935400000e-01
    150000   -62.00000000  -5.2602900000e-01
    150000   -60.00000000  -5.5026400000e-01
    150000   -58.00000000  -5.7194900000e-01
    150000   -56.00000000  -5.9099100000e-01
    150000   -54.00000000  -6.0730900000e-01
    150000   -52.00000000  -6.2083700000e-01
    150000   -50.00000000  -6.3152600000e-01
    150000   -48.00000000  -6.3934000000e-01
    150000   -46.00000000  -6.4426400000e-01
    150000   -44.00000000  -6.4629500000e-01
    150000   -42.00000000  -6.4545200000e-01
    150000   -40.00000000  -6.4177100000e-01
    150000   -38.00000000  -6.3530700000e-01
    150000   -36.00000000  -6.2613500000e-01
    150000   -34.00000000  -6.1435500000e-01
    150000   -32.00000000  -6.0008800000e-01
    150000   -30.00000000  -5.8348400000e-01
    150000   -28.00000000  -5.6472400000e-01
    150000   -26.00000000  -5.4402900000e-01
    150000   -24.00000000  -5.2166500000e-01
    150000   -22.00000000  -4.9796500000e-01
    150000   -20.00000000  -4.7335000000e-01
    150000   -18.00000000  -4.4837300000e-01
    150000   -16.00000000  -4.2379800000e-01
    150000   -14.00000000  -4.0073300000e-01
    150000   -12.00000000  -3.8092200000e-01
    150000   -10.00000000  -3.6736100000e-01
    150000    -8.00000000  -3.6111600000e-01
    150000    -6.00000000  -3.4880900000e-01
    150000    -4.00000000  -7.4058000000e-02
    150000    -2.00000000   2.2530000000e-01
    150000     0.00000000   4.7220000000e-01
    150000     2.00000000   6.9120000000e-01
    150000     4.00000000   8.8800000000e-01
    150000     6.00000000   1.0963350000e+00
    150000     8.00000000   1.2108390000e+00
    150000    10.00000000   1.0739540000e+00
    150000    12.00000000   9.4917800000e-01
    150000    14.00000000   8.8129300000e-01
    150000    16.00000000   8.3775900000e-01
    150000    18.00000000   8.0982000000e-01
    150000    20.00000000   7.9216100000e-01
    150000    22.00000000   7.8134500000e-01
    150000    24.00000000   7.7503800000e-01
    150000    26.00000000   7.7158700000e-01
    150000    28.00000000   7.6978100000e-01
    150000    30.00000000   7.6871100000e-01
    150000    32.00000000   7.6767700000e-01
    150000    34.00000000   7.6613000000e-01
    150000    36.00000000   7.6363800000e-01
    150000    38.00000000   7.5985500000e-01
    150000    40.00000000   7.5450500000e-01
    150000    42.00000000   7.4737000000e-01
    150000    44.00000000   7.3827900000e-01
    150000    46.00000000   7.2710000000e-01
    150000    48.00000000   7.1373900000e-01
    150000    50.00000000   6.9812900000e-01
    150000    52.00000000   6.8023400000e-01
    150000    54.00000000   6.6004300000e-01
    150000    56.00000000   6.3756700000e-01
    150000    58.00000000   6.1283900000e-01
    150000    60.00000000   5.8591100000e-01
    150000    62.00000000   5.5685400000e-01
    150000    64.00000000   5.2575600000e-01
    150000    66.00000000   4.9272100000e-01
    150000    68.00000000   4.5786900000e-01
    150000    70.00000000   4.2133000000e-01
    150000    72.00000000   3.8325200000e-01
    150000    74.00000000   3.4378800000e-01
    150000    76.00000000   3.0310800000e-01
    150000    78.00000000   2.6138700000e-01
    150000    80.00000000   2.1881000000e-01
    150000    82.00000000   1.7556900000e-01
    150000    84.00000000   1.3186200000e-01
    150000    86.00000000   8.7893000000e-02
    150000    88.00000000   4.3869000000e-02
    150000    90.00000000   0.0000000000e+00
    200000   -90.00000000  -0.0000000000e+00
    200000   -88.00000000  -4.3713000000e-02
    200000   -86.00000000  -8.7269000000e-02
    200000   -84.00000000  -1.3045600000e-01
    200000   -82.00000000  -1.7306500000e-01
    200000   -80.00000000  -2.1489000000e-01
    200000   -78.00000000  -2.5572900000e-01
    200000   -76.00000000  -2.9538600000e-01
    200000   -74.00000000  -3.3367000000e-01
    200000   -72.00000000  -3.7039700000e-01
    200000   -70.00000000  -4.0539300000e-01
    200000   -68.00000000  -4.3849200000e-01
    200000   -66.00000000  -4.6953700000e-01
    200000   -64.00000000  -4.9838300000e-01
    200000   -62.00000000  -5.2489600000e-01
    200000   -60.00000000  -5.4895300000e-01
    200000   -58.00000000  -5.7044600000e-01
    200000   -56.00000000  -5.8927900000e-01
    200000   -54.00000000  -6.0537000000e-01
    200000   -52.00000000  -6.1865400000e-01
    200000   -50.00000000  -6.2907700000e-01
    200000   -48.00000000  -6.3660500000e-01
    200000   -46.00000000  -6.4121900000e-01
    200000   -44.00000000  -6.4291400000e-01
    200000   -42.00000000  -6.4170600000e-01
    200000   -40.00000000  -6.3762700000e-01
    200000   -38.00000000  -6.3072800000e-01
    200000   -36.00000000  -6.2108000000e-01
    200000   -34.00000000  -6.0877500000e-01
    200000   -32.00000000  -5.9392700000e-01
    200000   -30.00000000  -5.7667500000e-01
    200000   -28.00000000  -5.5718600000e-01
    200000   -26.00000000  -5.3566300000e-01
    200000   -24.00000000  -5.1235000000e-01
    200000   -22.00000000  -4.8754700000e-01
    200000   -20.00000000  -4.6162900000e-01
    200000   -18.00000000  -4.3508600000e-01
    200000   -16.00000000  -4.0858000000e-01
    200000   -14.00000000  -3.8306700000e-01
    200000   -12.00000000  -3.6003200000e-01
    200000   -10.00000000  -3.4200700000e-01
    200000    -8.00000000  -3.3851400000e-01
    200000    -6.00000000  -3.2084700000e-01
    200000    -4.00000000  -2.6000000000e-02
    200000    -2.00000000   2.5890000000e-01
    200000     0.00000000   4.8350000000e-01
    200000     2.00000000   6.9050000000e-01
    200000     4.00000000   8.8580000000e-01
    200000     6.00000000   1.1282690000e+00
    200000     8.00000000   1.1816640000e+00
    200000    10.00000000   1.0012260000e+00
    200000    12.00000000   9.0154400000e-01
    200000    14.00000000   8.4101000000e-01
    200000    16.00000000   8.0305800000e-01
    200000    18.00000000   7.7952200000e-01
    200000    20.00000000   7.6543700000e-01
    200000    22.00000000   7.5759100000e-01
    200000    24.00000000   7.5379900000e-01
    200000    26.00000000   7.5251200000e-01
    200000    28.00000000   7.5259200000e-01
    200000    30.00000000   7.5318500000e-01
    200000    32.00000000   7.5362900000e-01
    200000    34.00000000   7.5340700000e-01
    200000    36.00000000   7.5211200000e-01
    200000    38.00000000   7.4941400000e-01
    200000    40.00000000   7.4505500000e-01
    200000    42.00000000   7.3882700000e-01
    200000    44.00000000   7.3056800000e-01
    200000    46.00000000   7.2015700000e-01
    200000    48.00000000   7.0750200000e-01
    200000    50.00000000   6.9254600000e-01
    200000    52.00000000   6.7525600000e-01
    200000    54.00000000   6.5562300000e-01
    200000    56.00000000   6.3366300000e-01
    200000    58.00000000   6.0941100000e-01
    200000    60.00000000   5.8292200000e-01
    200000    62.00000000   5.5427000000e-01
    200000    64.00000000   5.2354300000e-01
    200000    66.00000000   4.9084700000e-01
    200000    68.00000000   4.5630200000e-01
    200000    70.00000000   4.2004200000e-01
    200000    72.00000000   3.8221200000e-01
    200000    74.00000000   3.4297000000e-01
    200000    76.00000000   3.0248400000e-01
    200000    78.00000000   2.6093000000e-01
    200000    80.00000000   2.1849300000e-01
    200000    82.00000000   1.7536700000e-01
    200000    84.00000000   1.3174900000e-01
    200000    86.00000000   8.7842000000e-02
    200000    88.00000000   4.3856000000e-02
    200000    90.00000000   0.0000000000e+00
    250000   -90.00000000  -0.0000000000e+00
    250000   -88.00000000  -4.3714000000e-02
    250000   -86.00000000  -8.7272000000e-02
    250000   -84.00000000  -1.3046400000e-01
    250000   -82.00000000  -1.7308000000e-01
    250000   -80.00000000  -2.1491400000e-01
    250000   -78.00000000  -2.5576400000e-01
    250000   -76.00000000  -2.9543300000e-01
    250000   -74.00000000  -3.3373200000e-01
    250000   -72.00000000  -3.7047600000e-01
    250000   -70.00000000  -4.0549100000e-01
    250000   -68.00000000  -4.3861100000e-01
    250000   -66.00000000  -4.6967900000e-01
    250000   -64.00000000  -4.9855100000e-01
    250000   -62.00000000  -5.2509100000e-01
    250000   -60.00000000  -5.4917900000e-01
    250000   -58.00000000  -5.7070500000e-01
    250000   -56.00000000  -5.8957400000e-01
    250000   -54.00000000  -6.0570500000e-01
    250000   -52.00000000  -6.1903000000e-01
    250000   -50.00000000  -6.2950000000e-01
    250000   -48.00000000  -6.3707700000e-01
    250000   -46.00000000  -6.4174400000e-01
    250000   -44.00000000  -6.4349700000e-01
    250000   -42.00000000  -6.4235200000e-01
    250000   -40.00000000  -6.3834100000e-01
    250000   -38.00000000  -6.3151700000e-01
    250000   -36.00000000  -6.2195200000e-01
    250000   -34.00000000  -6.0973700000e-01
    250000   -32.00000000  -5.9498900000e-01
    250000   -30.00000000  -5.7784900000e-01
    250000   -28.00000000  -5.5848600000e-01
    250000   -26.00000000  -5.3710600000e-01
    250000   -24.00000000  -5.1395600000e-01
    250000   -22.00000000  -4.8934300000e-01
    250000   -20.00000000  -4.6365000000e-01
    250000   -18.00000000  -4.3737700000e-01
    250000   -16.00000000  -4.1120300000e-01
    250000   -14.00000000  -3.8611300000e-01
    250000   -12.00000000  -3.6363400000e-01
    250000   -10.00000000  -3.4512800000e-01
    250000    -8.00000000  -3.0031400000e-01
    250000    -6.00000000  -2.4303600000e-01
    250000    -4.00000000   3.0400000000e-02
    250000    -2.00000000   2.6700000000e-01
    250000     0.00000000   4.7316700000e-01
    250000     2.00000000   6.8760000000e-01
    250000     4.00000000   8.9360000000e-01
    250000     6.00000000   1.1142900000e+00
    250000     8.00000000   1.0837350000e+00
    250000    10.00000000   9.2635200000e-01
    250000    12.00000000   8.4079000000e-01
    250000    14.00000000   7.8963200000e-01
    250000    16.00000000   7.5880000000e-01
    250000    18.00000000   7.4087800000e-01
    250000    20.00000000   7.3135100000e-01
    250000    22.00000000   7.2729400000e-01
    250000    24.00000000   7.2671000000e-01
    250000    26.00000000   7.2818300000e-01
    250000    28.00000000   7.3066900000e-01
    250000    30.00000000   7.3338100000e-01
    250000    32.00000000   7.3571100000e-01
    250000    34.00000000   7.3718100000e-01
    250000    36.00000000   7.3741100000e-01
    250000    38.00000000   7.3609900000e-01
    250000    40.00000000   7.3300200000e-01
    250000    42.00000000   7.2793100000e-01
    250000    44.00000000   7.2073400000e-01
    250000    46.00000000   7.1130000000e-01
    250000    48.00000000   6.9954800000e-01
    250000    50.00000000   6.8542500000e-01
    250000    52.00000000   6.6890500000e-01
    250000    54.00000000   6.4998500000e-01
    250000    56.00000000   6.2868300000e-01
    250000    58.00000000   6.0504000000e-01
    250000    60.00000000   5.7911100000e-01
    250000    62.00000000   5.5097400000e-01
    250000    64.00000000   5.2072000000e-01
    250000    66.00000000   4.8845600000e-01
    250000    68.00000000   4.5430400000e-01
    250000    70.00000000   4.1839800000e-01
    250000    72.00000000   3.8088700000e-01
    250000    74.00000000   3.4192700000e-01
    250000    76.00000000   3.0168800000e-01
    250000    78.00000000   2.6034600000e-01
    250000    80.00000000   2.1808900000e-01
    250000    82.00000000   1.7510800000e-01
    250000    84.00000000   1.3160300000e-01
    250000    86.00000000   8.7778000000e-02
    250000    88.00000000   4.3840000000e-02
    250000    90.00000000   0.0000000000e+00
     50000   -90.00000000  -0.0000000000e+00
     50000   -88.00000000  -4.3717000000e-02
     50000   -86.00000000  -8.7284000000e-02
     50000   -84.00000000  -1.3049200000e-01
     50000   -82.00000000  -1.7312900000e-01
     50000   -80.00000000  -2.1499000000e-01
     50000   -78.00000000  -2.5587300000e-01
     50000   -76.00000000  -2.9558300000e-01
     50000   -74.00000000  -3.3392700000e-01
     50000   -72.00000000  -3.7072400000e-01
     50000   -70.00000000  -4.0579900000e-01
     50000   -68.00000000  -4.3898600000e-01
     50000   -66.00000000  -4.7012800000e-01
     50000   -64.00000000  -4.9908000000e-01
     50000   -62.00000000  -5.2571000000e-01
     50000   -60.00000000  -5.4989400000e-01
     50000   -58.00000000  -5.7152600000e-01
     50000   -56.00000000  -5.9050900000e-01
     50000   -54.00000000  -6.0676300000e-01
     50000   -52.00000000  -6.2022200000e-01
     50000   -50.00000000  -6.3083600000e-01
     50000   -48.00000000  -6.3857000000e-01
     50000   -46.00000000  -6.4340600000e-01
     50000   -44.00000000  -6.4534200000e-01
     50000   -42.00000000  -6.4439600000e-01
     50000   -40.00000000  -6.4060300000e-01
     50000   -38.00000000  -6.3401600000e-01
     50000   -36.00000000  -6.2471100000e-01
     50000   -34.00000000  -6.1278300000e-01
     50000   -32.00000000  -5.9835200000e-01
     50000   -30.00000000  -5.8156500000e-01
     50000   -28.00000000  -5.6260000000e-01
     50000   -26.00000000  -5.4167100000e-01
     50000   -24.00000000  -5.1904000000e-01
     50000   -22.00000000  -4.9502900000e-01
     50000   -20.00000000  -4.7004700000e-01
     50000   -18.00000000  -4.4462900000e-01
     50000   -16.00000000  -4.1950900000e-01
     50000   -14.00000000  -3.9575500000e-01
     50000   -12.00000000  -3.7503500000e-01
     50000   -10.00000000  -3.6021600000e-01
     50000    -8.00000000  -3.5433500000e-01
     50000    -6.00000000  -3.7760000000e-01
     50000    -4.00000000  -2.7214000000e-01
     50000    -2.00000000  -4.8600000000e-02
     50000     0.00000000   1.6840000000e-01
     50000     2.00000000   4.7690000000e-01
     50000     4.00000000   7.0590000000e-01
     50000     6.00000000   9.8463100000e-01
     50000     8.00000000   1.1985690000e+00
     50000    10.00000000   1.0217610000e+00
     50000    12.00000000   9.1916000000e-01
     50000    14.00000000   8.5590700000e-01
     50000    16.00000000   8.1589100000e-01
     50000    18.00000000   7.9072600000e-01
     50000    20.00000000   7.7532000000e-01
     50000    22.00000000   7.6637600000e-01
     50000    24.00000000   7.6165400000e-01
     50000    26.00000000   7.5956600000e-01
     50000    28.00000000   7.5894900000e-01
     50000    30.00000000   7.5892700000e-01
     50000    32.00000000   7.5882400000e-01
     50000    34.00000000   7.5811200000e-01
     50000    36.00000000   7.5637400000e-01
     50000    38.00000000   7.5327500000e-01
     50000    40.00000000   7.4855000000e-01
     50000    42.00000000   7.4198600000e-01
     50000    44.00000000   7.3342000000e-01
     50000    46.00000000   7.2272500000e-01
     50000    48.00000000   7.0980900000e-01
     50000    50.00000000   6.9461100000e-01
     50000    52.00000000   6.7709700000e-01
     50000    54.00000000   6.5725800000e-01
     50000    56.00000000   6.3510700000e-01
     50000    58.00000000   6.1067900000e-01
     50000    60.00000000   5.8402800000e-01
     50000    62.00000000   5.5522500000e-01
     50000    64.00000000   5.2436100000e-01
     50000    66.00000000   4.9154000000e-01
     50000    68.00000000   4.5688100000e-01
     50000    70.00000000   4.2051800000e-01
     50000    72.00000000   3.8259700000e-01
     50000    74.00000000   3.4327300000e-01
     50000    76.00000000   3.0271500000e-01
     50000    78.00000000   2.6109900000e-01
     50000    80.00000000   2.1861000000e-01
     50000    82.00000000   1.7544100000e-01
     50000    84.00000000   1.3179100000e-01
     50000    86.00000000   8.7861000000e-02
     50000    88.00000000   4.3861000000e-02
     50000    90.00000000   0.0000000000e+00
    100000   -90.00000000  -0.0000000000e+00
    100000   -88.00000000  -4.3716000000e-02
    100000   -86.00000000  -8.7283000000e-02
    100000   -84.00000000  -1.3048800000e-01
    100000   -82.00000000  -1.7312200000e-01
    100000   -80.00000000  -2.1498000000e-01
    100000   -78.00000000  -2.5585800000e-01
    100000   -76.00000000  -2.9556200000e-01
    100000   -74.00000000  -3.3390000000e-01
    100000   -72.00000000  -3.7069000000e-01
    100000   -70.00000000  -4.0575700000e-01
    100000   -68.00000000  -4.3893400000e-01
    100000   -66.00000000  -4.7006600000e-01
    100000   -64.00000000  -4.9900700000e-01
    100000   -62.00000000  -5.2562400000e-01
    100000   -60.00000000  -5.4979600000e-01
    100000   -58.00000000  -5.7141200000e-01
    100000   -56.00000000  -5.9038000000e-01
    100000   -54.00000000  -6.0661700000e-01
    100000   -52.00000000  -6.2005800000e-01
    100000   -50.00000000  -6.3065200000e-01
    100000   -48.00000000  -6.3836400000e-01
    100000   -46.00000000  -6.4317600000e-01
    100000   -44.00000000  -6.4508800000e-01
    100000   -42.00000000  -6.4411500000e-01
    100000   -40.00000000  -6.4029100000e-01
    100000   -38.00000000  -6.3367200000e-01
    100000   -36.00000000  -6.2433000000e-01
    100000   -34.00000000  -6.1236300000e-01
    100000   -32.00000000  -5.9788800000e-01
    100000   -30.00000000  -5.8105300000e-01
    100000   -28.00000000  -5.6203300000e-01
    100000   -26.00000000  -5.4104200000e-01
    100000   -24.00000000  -5.1833900000e-01
    100000   -22.00000000  -4.9424500000e-01
    100000   -20.00000000  -4.6916500000e-01
    100000   -18.00000000  -4.4362900000e-01
    100000   -16.00000000  -4.1836400000e-01
    100000   -14.00000000  -3.9442500000e-01
    100000   -12.00000000  -3.7346300000e-01
    100000   -10.00000000  -3.5830800000e-01
    100000    -8.00000000  -3.5383600000e-01
    100000    -6.00000000  -3.7160100000e-01
    100000    -4.00000000  -1.9447700000e-01
    100000    -2.00000000   1.2570000000e-01
    100000     0.00000000   4.2330000000e-01
    100000     2.00000000   6.7460000000e-01
    100000     4.00000000   8.8950000000e-01
    100000     6.00000000   1.0794000000e+00
    100000     8.00000000   1.2415530000e+00
    100000    10.00000000   1.2217630000e+00
    100000    12.00000000   1.0746310000e+00
    100000    14.00000000   9.8441700000e-01
    100000    16.00000000   9.2659100000e-01
    100000    18.00000000   8.8738400000e-01
    100000    20.00000000   8.6057600000e-01
    100000    22.00000000   8.4215700000e-01
    100000    24.00000000   8.2941000000e-01
    100000    26.00000000   8.2041900000e-01
    100000    28.00000000   8.1378500000e-01
    100000    30.00000000   8.0846000000e-01
    100000    32.00000000   8.0364000000e-01
    100000    34.00000000   7.9870000000e-01
    100000    36.00000000   7.9314500000e-01
    100000    38.00000000   7.8658200000e-01
    100000    40.00000000   7.7869700000e-01
    100000    42.00000000   7.6924100000e-01
    100000    44.00000000   7.5801800000e-01
    100000    46.00000000   7.4487700000e-01
    100000    48.00000000   7.2970400000e-01
    100000    50.00000000   7.1242200000e-01
    100000    52.00000000   6.9298100000e-01
    100000    54.00000000   6.7136000000e-01
    100000    56.00000000   6.4756200000e-01
    100000    58.00000000   6.2161300000e-01
    100000    60.00000000   5.9356000000e-01
    100000    62.00000000   5.6346800000e-01
    100000    64.00000000   5.3142200000e-01
    100000    66.00000000   4.9752000000e-01
    100000    68.00000000   4.6187900000e-01
    100000    70.00000000   4.2462900000e-01
    100000    72.00000000   3.8591200000e-01
    100000    74.00000000   3.4588300000e-01
    100000    76.00000000   3.0470700000e-01
    100000    78.00000000   2.6255800000e-01
    100000    80.00000000   2.1962100000e-01
    100000    82.00000000   1.7608700000e-01
    100000    84.00000000   1.3215300000e-01
    100000    86.00000000   8.8022000000e-02
    100000    88.00000000   4.3901000000e-02
    100000    90.00000000   0.0000000000e+00
    150000   -90.00000000  -0.0000000000e+00
    150000   -88.00000000  -4.3715000000e-02
    150000   -86.00000000  -8.7278000000e-02
    150000   -84.00000000  -1.3047700000e-01
    150000   -82.00000000  -1.7310300000e-01
    150000   -80.00000000  -2.1495000000e-01
    150000   -78.00000000  -2.5581600000e-01
    150000   -76.00000000  -2.9550400000e-01
    150000   -74.00000000  -3.3382400000e-01
    150000   -72.00000000  -3.7059300000e-01
    150000   -70.00000000  -4.0563600000e-01
    150000   -68.00000000  -4.3878800000e-01
    150000   -66.00000000  -4.6989100000e-01
    150000   -64.00000000  -4.9880100000e-01
    150000   -62.00000000  -5.2538300000e-01
    150000   -60.00000000  -5.4951700000e-01
    150000   -58.00000000  -5.7109300000e-01
    150000   -56.00000000  -5.9001600000e-01
    150000   -54.00000000  -6.0620500000e-01
    150000   -52.00000000  -6.1959300000e-01
    150000   -50.00000000  -6.3013100000e-01
    150000   -48.00000000  -6.3778200000e-01
    150000   -46.00000000  -6.4252900000e-01
    150000   -44.00000000  -6.4436900000e-01
    150000   -42.00000000  -6.4331800000e-01
    150000   -40.00000000  -6.3941000000e-01
    150000   -38.00000000  -6.3269800000e-01
    150000   -36.00000000  -6.2325500000e-01
    150000   -34.00000000  -6.1117600000e-01
    150000   -32.00000000  -5.9657800000e-01
    150000   -30.00000000  -5.7960500000e-01
    150000   -28.00000000  -5.6043000000e-01
    150000   -26.00000000  -5.3926300000e-01
    150000   -24.00000000  -5.1635800000e-01
    150000   -22.00000000  -4.9202900000e-01
    150000   -20.00000000  -4.6667200000e-01
    150000   -18.00000000  -4.4080300000e-01
    150000   -16.00000000  -4.1512800000e-01
    150000   -14.00000000  -3.9066800000e-01
    150000   -12.00000000  -3.6902100000e-01
    150000   -10.00000000  -3.5291600000e-01
    150000    -8.00000000  -3.4871200000e-01
    150000    -6.00000000  -3.4754600000e-01
    150000    -4.00000000  -7.3971000000e-02
    150000    -2.00000000   2.2550000000e-01
    150000     0.00000000   4.7230000000e-01
    150000     2.00000000   6.9130000000e-01
    150000     4.00000000   8.8790000000e-01
    150000     6.00000000   1.0756000000e+00
    150000     8.00000000   1.2129050000e+00
    150000    10.00000000   1.2786000000e+00
    150000    12.00000000   1.1426110000e+00
    150000    14.00000000   1.0356740000e+00
    150000    16.00000000   9.7074400000e-01
    150000    18.00000000   9.2593600000e-01
    150000    20.00000000   8.9458000000e-01
    150000    22.00000000   8.7238200000e-01
    150000    24.00000000   8.5643500000e-01
    150000    26.00000000   8.4469000000e-01
    150000    28.00000000   8.3565600000e-01
    150000    30.00000000   8.2821600000e-01
    150000    32.00000000   8.2151500000e-01
    150000    34.00000000   8.1488800000e-01
    150000    36.00000000   8.0781100000e-01
    150000    38.00000000   7.9986600000e-01
    150000    40.00000000   7.9072100000e-01
    150000    42.00000000   7.8011100000e-01
    150000    44.00000000   7.6782900000e-01
    150000    46.00000000   7.5371200000e-01
    150000    48.00000000   7.3763900000e-01
    150000    50.00000000   7.1952500000e-01
    150000    52.00000000   6.9931600000e-01
    150000    54.00000000   6.7698400000e-01
    150000    56.00000000   6.5253000000e-01
    150000    58.00000000   6.2597500000e-01
    150000    60.00000000   5.9736200000e-01
    150000    62.00000000   5.6675600000e-01
    150000    64.00000000   5.3423800000e-01
    150000    66.00000000   4.9990500000e-01
    150000    68.00000000   4.6387300000e-01
    150000    70.00000000   4.2626900000e-01
    150000    72.00000000   3.8723500000e-01
    150000    74.00000000   3.4692400000e-01
    150000    76.00000000   3.0550100000e-01
    150000    78.00000000   2.6314000000e-01
    150000    80.00000000   2.2002500000e-01
    150000    82.00000000   1.7634500000e-01
    150000    84.00000000   1.3229800000e-01
    150000    86.00000000   8.8086000000e-02
    150000    88.00000000   4.3917000000e-02
    150000    90.00000000   0.0000000000e+00
    200000   -90.00000000  -0.0000000000e+00
    200000   -88.00000000  -4.3718000000e-02
    200000   -86.00000000  -8.7291000000e-02
    200000   -84.00000000  -1.3050700000e-01
    200000   -82.00000000  -1.7315700000e-01
    200000   -80.00000000  -2.1503400000e-01
    200000   -78.00000000  -2.5593700000e-01
    200000   -76.00000000  -2.9566900000e-01
    200000   -74.00000000  -3.3404000000e-01
    200000   -72.00000000  -3.7086800000e-01
    200000   -70.00000000  -4.0597700000e-01
    200000   -68.00000000  -4.3920200000e-01
    200000   -66.00000000  -4.7038600000e-01
    200000   -64.00000000  -4.9938500000e-01
    200000   -62.00000000  -5.2606600000e-01
    200000   -60.00000000  -5.5030600000e-01
    200000   -58.00000000  -5.7199800000e-01
    200000   -56.00000000  -5.9104700000e-01
    200000   -54.00000000  -6.0737200000e-01
    200000   -52.00000000  -6.2090900000e-01
    200000   -50.00000000  -6.3160600000e-01
    200000   -48.00000000  -6.3943000000e-01
    200000   -46.00000000  -6.4436300000e-01
    200000   -44.00000000  -6.4640600000e-01
    200000   -42.00000000  -6.4557500000e-01
    200000   -40.00000000  -6.4190600000e-01
    200000   -38.00000000  -6.3545600000e-01
    200000   -36.00000000  -6.2630000000e-01
    200000   -34.00000000  -6.1453700000e-01
    200000   -32.00000000  -6.0028900000e-01
    200000   -30.00000000  -5.8370600000e-01
    200000   -28.00000000  -5.6497000000e-01
    200000   -26.00000000  -5.4430200000e-01
    200000   -24.00000000  -5.2196900000e-01
    200000   -22.00000000  -4.9830500000e-01
    200000   -20.00000000  -4.7373200000e-01
    200000   -18.00000000  -4.4880700000e-01
    200000   -16.00000000  -4.2429400000e-01
    200000   -14.00000000  -4.0131000000e-01
    200000   -12.00000000  -3.8160400000e-01
    200000   -10.00000000  -3.6684800000e-01
    200000    -8.00000000  -3.6690000000e-01
    200000    -6.00000000  -3.1582300000e-01
    200000    -4.00000000  -5.8000000000e-03
    200000    -2.00000000   2.5900000000e-01
    200000     0.00000000   4.8360000000e-01
    200000     2.00000000   6.9050000000e-01
    200000     4.00000000   8.8580000000e-01
    200000     6.00000000   1.0984870000e+00
    200000     8.00000000   1.1886000000e+00
    200000    10.00000000   1.0318940000e+00
    200000    12.00000000   9.1825600000e-01
    200000    14.00000000   8.5514300000e-01
    200000    16.00000000   8.1523300000e-01
    200000    18.00000000   7.9015200000e-01
    200000    20.00000000   7.7481300000e-01
    200000    22.00000000   7.6592500000e-01
    200000    24.00000000   7.6125100000e-01
    200000    26.00000000   7.5920400000e-01
    200000    28.00000000   7.5862300000e-01
    200000    30.00000000   7.5863200000e-01
    200000    32.00000000   7.5855700000e-01
    200000    34.00000000   7.5787100000e-01
    200000    36.00000000   7.5615500000e-01
    200000    38.00000000   7.5307700000e-01
    200000    40.00000000   7.4837000000e-01
    200000    42.00000000   7.4182400000e-01
    200000    44.00000000   7.3327400000e-01
    200000    46.00000000   7.2259300000e-01
    200000    48.00000000   7.0969000000e-01
    200000    50.00000000   6.9450500000e-01
    200000    52.00000000   6.7700200000e-01
    200000    54.00000000   6.5717400000e-01
    200000    56.00000000   6.3503300000e-01
    200000    58.00000000   6.1061400000e-01
    200000    60.00000000   5.8397100000e-01
    200000    62.00000000   5.5517600000e-01
    200000    64.00000000   5.2431900000e-01
    200000    66.00000000   4.9150400000e-01
    200000    68.00000000   4.5685200000e-01
    200000    70.00000000   4.2049400000e-01
    200000    72.00000000   3.8257700000e-01
    200000    74.00000000   3.4325700000e-01
    200000    76.00000000   3.0270300000e-01
    200000    78.00000000   2.6109000000e-01
    200000    80.00000000   2.1860400000e-01
    200000    82.00000000   1.7543800000e-01
    200000    84.00000000   1.3178800000e-01
    200000    86.00000000   8.7860000000e-02
    200000    88.00000000   4.3861000000e-02
    200000    90.00000000   0.0000000000e+00
    250000   -90.00000000  -0.0000000000e+00
    250000   -88.00000000  -4.3716000000e-02
    250000   -86.00000000  -8.7283000000e-02
    250000   -84.00000000  -1.3048700000e-01
    250000   -82.00000000  -1.7312100000e-01
    250000   -80.00000000  -2.1497800000e-01
    250000   -78.00000000  -2.5585700000e-01
    250000   -76.00000000  -2.9556000000e-01
    250000   -74.00000000  -3.3389800000e-01
    250000   -72.00000000  -3.7068700000e-01
    250000   -70.00000000  -4.0575300000e-01
    250000   -68.00000000  -4.3892900000e-01
    250000   -66.00000000  -4.7006000000e-01
    250000   -64.00000000  -4.9900000000e-01
    250000   -62.00000000  -5.2561600000e-01
    250000   -60.00000000  -5.4978600000e-01
    250000   -58.00000000  -5.7140100000e-01
    250000   -56.00000000  -5.9036700000e-01
    250000   -54.00000000  -6.0660300000e-01
    250000   -52.00000000  -6.2004200000e-01
    250000   -50.00000000  -6.3063400000e-01
    250000   -48.00000000  -6.3834400000e-01
    250000   -46.00000000  -6.4315400000e-01
    250000   -44.00000000  -6.4506300000e-01
    250000   -42.00000000  -6.4408700000e-01
    250000   -40.00000000  -6.4026100000e-01
    250000   -38.00000000  -6.3363800000e-01
    250000   -36.00000000  -6.2429300000e-01
    250000   -34.00000000  -6.1232200000e-01
    250000   -32.00000000  -5.9784300000e-01
    250000   -30.00000000  -5.8100300000e-01
    250000   -28.00000000  -5.6197700000e-01
    250000   -26.00000000  -5.4098000000e-01
    250000   -24.00000000  -5.1827000000e-01
    250000   -22.00000000  -4.9416800000e-01
    250000   -20.00000000  -4.6907900000e-01
    250000   -18.00000000  -4.4353100000e-01
    250000   -16.00000000  -4.1825200000e-01
    250000   -14.00000000  -3.9429600000e-01
    250000   -12.00000000  -3.7331000000e-01
    250000   -10.00000000  -3.5725700000e-01
    250000    -8.00000000  -3.5420000000e-01
    250000    -6.00000000  -2.9131900000e-01
    250000    -4.00000000   3.0500000000e-02
    250000    -2.00000000   2.6700000000e-01
    250000     0.00000000   4.8165000000e-01
    250000     2.00000000   6.8750000000e-01
    250000     4.00000000   8.8450000000e-01
    250000     6.00000000   1.1017830000e+00
    250000     8.00000000   1.1716760000e+00
    250000    10.00000000   1.0047130000e+00
    250000    12.00000000   8.9931300000e-01
    250000    14.00000000   8.3912300000e-01
    250000    16.00000000   8.0143300000e-01
    250000    18.00000000   7.7810300000e-01
    250000    20.00000000   7.6418500000e-01
    250000    22.00000000   7.5647900000e-01
    250000    24.00000000   7.5280500000e-01
    250000    26.00000000   7.5161800000e-01
    250000    28.00000000   7.5178700000e-01
    250000    30.00000000   7.5245800000e-01
    250000    32.00000000   7.5297100000e-01
    250000    34.00000000   7.5281200000e-01
    250000    36.00000000   7.5157200000e-01
    250000    38.00000000   7.4892500000e-01
    250000    40.00000000   7.4461200000e-01
    250000    42.00000000   7.3842700000e-01
    250000    44.00000000   7.3020700000e-01
    250000    46.00000000   7.1983100000e-01
    250000    48.00000000   7.0721000000e-01
    250000    50.00000000   6.9228500000e-01
    250000    52.00000000   6.7502200000e-01
    250000    54.00000000   6.5541600000e-01
    250000    56.00000000   6.3348000000e-01
    250000    58.00000000   6.0925100000e-01
    250000    60.00000000   5.8278300000e-01
    250000    62.00000000   5.5414900000e-01
    250000    64.00000000   5.2343900000e-01
    250000    66.00000000   4.9075900000e-01
    250000    68.00000000   4.5622900000e-01
    250000    70.00000000   4.1998200000e-01
    250000    72.00000000   3.8216400000e-01
    250000    74.00000000   3.4293200000e-01
    250000    76.00000000   3.0245500000e-01
    250000    78.00000000   2.6090800000e-01
    250000    80.00000000   2.1847800000e-01
    250000    82.00000000   1.7535700000e-01
    250000    84.00000000   1.3174300000e-01
    250000    86.00000000   8.7840000000e-02
    250000    88.00000000   4.3856000000e-02
    250000    90.00000000   0.0000000000e+00
     50000   -90.00000000  -0.0000000000e+00
     50000   -88.00000000  -4.3717000000e-02
     50000   -86.00000000  -8.7286000000e-02
     50000   -84.00000000  -1.3049400000e-01
     50000   -82.00000000  -1.7313400000e-01
     50000   -80.00000000  -2.1499800000e-01
     50000   -78.00000000  -2.5588500000e-01
     50000   -76.00000000  -2.9559900000e-01
     50000   -74.00000000  -3.3394800000e-01
     50000   -72.00000000  -3.7075100000e-01
     50000   -70.00000000  -4.0583200000e-01
     50000   -68.00000000  -4.3902600000e-01
     50000   -66.00000000  -4.7017600000e-01
     50000   -64.00000000  -4.9913700000e-01
     50000   -62.00000000  -5.2577600000e-01
     50000   -60.00000000  -5.4997100000e-01
     50000   -58.00000000  -5.7161300000e-01
     50000   -56.00000000  -5.9060800000e-01
     50000   -54.00000000  -6.0687600000e-01
     50000   -52.00000000  -6.2034900000e-01
     50000   -50.00000000  -6.3097800000e-01
     50000   -48.00000000  -6.3872900000e-01
     50000   -46.00000000  -6.4358300000e-01
     50000   -44.00000000  -6.4553900000e-01
     50000   -42.00000000  -6.4461500000e-01
     50000   -40.00000000  -6.4084400000e-01
     50000   -38.00000000  -6.3428300000e-01
     50000   -36.00000000  -6.2500500000e-01
     50000   -34.00000000  -6.1310700000e-01
     50000   -32.00000000  -5.9871000000e-01
     50000   -30.00000000  -5.8196100000e-01
     50000   -28.00000000  -5.6303900000e-01
     50000   -26.00000000  -5.4215800000e-01
     50000   -24.00000000  -5.1958200000e-01
     50000   -22.00000000  -4.9563500000e-01
     50000   -20.00000000  -4.7072900000e-01
     50000   -18.00000000  -4.4540200000e-01
     50000   -16.00000000  -4.2039500000e-01
     50000   -14.00000000  -3.9678300000e-01
     50000   -12.00000000  -3.7625100000e-01
     50000   -10.00000000  -3.6169100000e-01
     50000    -8.00000000  -3.5494100000e-01
     50000    -6.00000000  -3.8010000000e-01
     50000    -4.00000000  -2.7232700000e-01
     50000    -2.00000000  -4.9000000000e-02
     50000     0.00000000   1.6880000000e-01
     50000     2.00000000   4.7690000000e-01
     50000     4.00000000   7.0560000000e-01
     50000     6.00000000   9.8157200000e-01
     50000     8.00000000   1.1823630000e+00
     50000    10.00000000   1.0133190000e+00
     50000    12.00000000   9.0974200000e-01
     50000    14.00000000   8.4794300000e-01
     50000    16.00000000   8.0903000000e-01
     50000    18.00000000   7.8473600000e-01
     50000    20.00000000   7.7003600000e-01
     50000    22.00000000   7.6167900000e-01
     50000    24.00000000   7.5745500000e-01
     50000    26.00000000   7.5579500000e-01
     50000    28.00000000   7.5555100000e-01
     50000    30.00000000   7.5585700000e-01
     50000    32.00000000   7.5604600000e-01
     50000    34.00000000   7.5559700000e-01
     50000    36.00000000   7.5409500000e-01
     50000    38.00000000   7.5121100000e-01
     50000    40.00000000   7.4668100000e-01
     50000    42.00000000   7.4029700000e-01
     50000    44.00000000   7.3189500000e-01
     50000    46.00000000   7.2135200000e-01
     50000    48.00000000   7.0857600000e-01
     50000    50.00000000   6.9350700000e-01
     50000    52.00000000   6.7611200000e-01
     50000    54.00000000   6.5638400000e-01
     50000    56.00000000   6.3433500000e-01
     50000    58.00000000   6.1000100000e-01
     50000    60.00000000   5.8343700000e-01
     50000    62.00000000   5.5471400000e-01
     50000    64.00000000   5.2392400000e-01
     50000    66.00000000   4.9116900000e-01
     50000    68.00000000   4.5657200000e-01
     50000    70.00000000   4.2026400000e-01
     50000    72.00000000   3.8239100000e-01
     50000    74.00000000   3.4311100000e-01
     50000    76.00000000   3.0259100000e-01
     50000    78.00000000   2.6100800000e-01
     50000    80.00000000   2.1854800000e-01
     50000    82.00000000   1.7540100000e-01
     50000    84.00000000   1.3176800000e-01
     50000    86.00000000   8.7851000000e-02
     50000    88.00000000   4.3858000000e-02
     50000    90.00000000   0.0000000000e+00
    100000   -90.00000000  -0.0000000000e+00
    100000   -88.00000000  -4.3719000000e-02
    100000   -86.00000000  -8.7294000000e-02
    100000   -84.00000000  -1.3051400000e-01
    100000   -82.00000000  -1.7316900000e-01
    100000   -80.00000000  -2.1505300000e-01
    100000   -78.00000000  -2.5596500000e-01
    100000   -76.00000000  -2.9570700000e-01
    100000   -74.00000000  -3.3409100000e-01
    100000   -72.00000000  -3.7093200000e-01
    100000   -70.00000000  -4.0605600000e-01
    100000   -68.00000000  -4.3929800000e-01
    100000   -66.00000000  -4.7050200000e-01
    100000   -64.00000000  -4.9952200000e-01
    100000   -62.00000000  -5.2622600000e-01
    100000   -60.00000000  -5.5049100000e-01
    100000   -58.00000000  -5.7221000000e-01
    100000   -56.00000000  -5.9128800000e-01
    100000   -54.00000000  -6.0764500000e-01
    100000   -52.00000000  -6.2121600000e-01
    100000   -50.00000000  -6.3195100000e-01
    100000   -48.00000000  -6.3981500000e-01
    100000   -46.00000000  -6.4479200000e-01
    100000   -44.00000000  -6.4688200000e-01
    100000   -42.00000000  -6.4610200000e-01
    100000   -40.00000000  -6.4249000000e-01
    100000   -38.00000000  -6.3610100000e-01
    100000   -36.00000000  -6.2701200000e-01
    100000   -34.00000000  -6.1532300000e-01
    100000   -32.00000000  -6.0115700000e-01
    100000   -30.00000000  -5.8466500000e-01
    100000   -28.00000000  -5.6603200000e-01
    100000   -26.00000000  -5.4548000000e-01
    100000   -24.00000000  -5.2328100000e-01
    100000   -22.00000000  -4.9977200000e-01
    100000   -20.00000000  -4.7538300000e-01
    100000   -18.00000000  -4.5067800000e-01
    100000   -16.00000000  -4.2643800000e-01
    100000   -14.00000000  -4.0379800000e-01
    100000   -12.00000000  -3.8454600000e-01
    100000   -10.00000000  -3.7175900000e-01
    100000    -8.00000000  -3.6787300000e-01
    100000    -6.00000000  -3.8841900000e-01
    100000    -4.00000000  -2.0481600000e-01
    100000    -2.00000000   1.2970000000e-01
    100000     0.00000000   4.2340000000e-01
    100000     2.00000000   6.7440000000e-01
    100000     4.00000000   8.8950000000e-01
    100000     6.00000000   1.0795000000e+00
    100000     8.00000000   1.2058900000e+00
    100000    10.00000000   1.2584950000e+00
    100000    12.00000000   1.1771650000e+00
    100000    14.00000000   1.0589000000e+00
    100000    16.00000000   9.9075200000e-01
    100000    18.00000000   9.4340500000e-01
    100000    20.00000000   9.0998900000e-01
    100000    22.00000000   8.8607800000e-01
    100000    24.00000000   8.6868100000e-01
    100000    26.00000000   8.5568900000e-01
    100000    28.00000000   8.4556700000e-01
    100000    30.00000000   8.3716800000e-01
    100000    32.00000000   8.2961500000e-01
    100000    34.00000000   8.2222400000e-01
    100000    36.00000000   8.1445700000e-01
    100000    38.00000000   8.0588500000e-01
    100000    40.00000000   7.9617000000e-01
    100000    42.00000000   7.8503700000e-01
    100000    44.00000000   7.7227500000e-01
    100000    46.00000000   7.5771500000e-01
    100000    48.00000000   7.4123500000e-01
    100000    50.00000000   7.2274500000e-01
    100000    52.00000000   7.0218700000e-01
    100000    54.00000000   6.7953300000e-01
    100000    56.00000000   6.5478100000e-01
    100000    58.00000000   6.2795100000e-01
    100000    60.00000000   5.9908500000e-01
    100000    62.00000000   5.6824600000e-01
    100000    64.00000000   5.3551400000e-01
    100000    66.00000000   5.0098600000e-01
    100000    68.00000000   4.6477600000e-01
    100000    70.00000000   4.2701200000e-01
    100000    72.00000000   3.8783400000e-01
    100000    74.00000000   3.4739600000e-01
    100000    76.00000000   3.0586100000e-01
    100000    78.00000000   2.6340400000e-01
    100000    80.00000000   2.2020800000e-01
    100000    82.00000000   1.7646200000e-01
    100000    84.00000000   1.3236400000e-01
    100000    86.00000000   8.8116000000e-02
    100000    88.00000000   4.3924000000e-02
    100000    90.00000000   0.0000000000e+00
    150000   -90.00000000  -0.0000000000e+00
    150000   -88.00000000  -4.3720000000e-02
    150000   -86.00000000  -8.7296000000e-02
    150000   -84.00000000  -1.3051700000e-01
    150000   -82.00000000  -1.7317400000e-01
    150000   -80.00000000  -2.1506100000e-01
    150000   -78.00000000  -2.5597600000e-01
    150000   -76.00000000  -2.9572300000e-01
    150000   -74.00000000  -3.3411200000e-01
    150000   -72.00000000  -3.7095900000e-01
    150000   -70.00000000  -4.0608900000e-01
    150000   -68.00000000  -4.3933800000e-01
    150000   -66.00000000  -4.7055000000e-01
    150000   -64.00000000  -4.9957900000e-01
    150000   -62.00000000  -5.2629200000e-01
    150000   -60.00000000  -5.5056700000e-01
    150000   -58.00000000  -5.7229800000e-01
    150000   -56.00000000  -5.9138800000e-01
    150000   -54.00000000  -6.0775800000e-01
    150000   -52.00000000  -6.2134300000e-01
    150000   -50.00000000  -6.3209300000e-01
    150000   -48.00000000  -6.3997400000e-01
    150000   -46.00000000  -6.4496900000e-01
    150000   -44.00000000  -6.4707900000e-01
    150000   -42.00000000  -6.4632100000e-01
    150000   -40.00000000  -6.4273100000e-01
    150000   -38.00000000  -6.3636800000e-01
    150000   -36.00000000  -6.2730700000e-01
    150000   -34.00000000  -6.1564800000e-01
    150000   -32.00000000  -6.0151600000e-01
    150000   -30.00000000  -5.8506200000e-01
    150000   -28.00000000  -5.6647100000e-01
    150000   -26.00000000  -5.4596700000e-01
    150000   -24.00000000  -5.2382300000e-01
    150000   -22.00000000  -5.0037900000e-01
    150000   -20.00000000  -4.7606600000e-01
    150000   -18.00000000  -4.5145300000e-01
    150000   -16.00000000  -4.2732400000e-01
    150000   -14.00000000  -4.0482800000e-01
    150000   -12.00000000  -3.8576400000e-01
    150000   -10.00000000  -3.7323600000e-01
    150000    -8.00000000  -3.6866200000e-01
    150000    -6.00000000  -3.5897800000e-01
    150000    -4.00000000  -6.8400000000e-02
    150000    -2.00000000   2.2560000000e-01
    150000     0.00000000   4.7560000000e-01
    150000     2.00000000   6.9130000000e-01
    150000     4.00000000   8.8800000000e-01
    150000     6.00000000   1.0852090000e+00
    150000     8.00000000   1.2250930000e+00
    150000    10.00000000   1.1072960000e+00
    150000    12.00000000   9.7381800000e-01
    150000    14.00000000   9.0213000000e-01
    150000    16.00000000   8.5570800000e-01
    150000    18.00000000   8.2549200000e-01
    150000    20.00000000   8.0598500000e-01
    150000    22.00000000   7.9363300000e-01
    150000    24.00000000   7.8602500000e-01
    150000    26.00000000   7.8145400000e-01
    150000    28.00000000   7.7867300000e-01
    150000    30.00000000   7.7674300000e-01
    150000    32.00000000   7.7494300000e-01
    150000    34.00000000   7.7271100000e-01
    150000    36.00000000   7.6960000000e-01
    150000    38.00000000   7.6525500000e-01
    150000    40.00000000   7.5939300000e-01
    150000    42.00000000   7.5178900000e-01
    150000    44.00000000   7.4226700000e-01
    150000    46.00000000   7.3069200000e-01
    150000    48.00000000   7.1696500000e-01
    150000    50.00000000   7.0101700000e-01
    150000    52.00000000   6.8281000000e-01
    150000    54.00000000   6.6233000000e-01
    150000    56.00000000   6.3958700000e-01
    150000    58.00000000   6.1461200000e-01
    150000    60.00000000   5.8745600000e-01
    150000    62.00000000   5.5819000000e-01
    150000    64.00000000   5.2690100000e-01
    150000    66.00000000   4.9369100000e-01
    150000    68.00000000   4.5867900000e-01
    150000    70.00000000   4.2199700000e-01
    150000    72.00000000   3.8378900000e-01
    150000    74.00000000   3.4421200000e-01
    150000    76.00000000   3.0343100000e-01
    150000    78.00000000   2.6162400000e-01
    150000    80.00000000   2.1897400000e-01
    150000    82.00000000   1.7567400000e-01
    150000    84.00000000   1.3192100000e-01
    150000    86.00000000   8.7919000000e-02
    150000    88.00000000   4.3875000000e-02
    150000    90.00000000   0.0000000000e+00
    200000   -90.00000000  -0.0000000000e+00
    200000   -88.00000000  -4.3717000000e-02
    200000   -86.00000000  -8.7284000000e-02
    200000   -84.00000000  -1.3049000000e-01
    200000   -82.00000000  -1.7312600000e-01
    200000   -80.00000000  -2.1498600000e-01
    200000   -78.00000000  -2.5586800000e-01
    200000   -76.00000000  -2.9557600000e-01
    200000   -74.00000000  -3.3391800000e-01
    200000   -72.00000000  -3.7071300000e-01
    200000   -70.00000000  -4.0578500000e-01
    200000   -68.00000000  -4.3896800000e-01
    200000   -66.00000000  -4.7010700000e-01
    200000   -64.00000000  -4.9905600000e-01
    200000   -62.00000000  -5.2568100000e-01
    200000   -60.00000000  -5.4986100000e-01
    200000   -58.00000000  -5.7148700000e-01
    200000   -56.00000000  -5.9046500000e-01
    200000   -54.00000000  -6.0671400000e-01
    200000   -52.00000000  -6.2016700000e-01
    200000   -50.00000000  -6.3077400000e-01
    200000   -48.00000000  -6.3850000000e-01
    200000   -46.00000000  -6.4332800000e-01
    200000   -44.00000000  -6.4525700000e-01
    200000   -42.00000000  -6.4430100000e-01
    200000   -40.00000000  -6.4049800000e-01
    200000   -38.00000000  -6.3390000000e-01
    200000   -36.00000000  -6.2458300000e-01
    200000   -34.00000000  -6.1264100000e-01
    200000   -32.00000000  -5.9819500000e-01
    200000   -30.00000000  -5.8139200000e-01
    200000   -28.00000000  -5.6240900000e-01
    200000   -26.00000000  -5.4145900000e-01
    200000   -24.00000000  -5.1880400000e-01
    200000   -22.00000000  -4.9476500000e-01
    200000   -20.00000000  -4.6974900000e-01
    200000   -18.00000000  -4.4429200000e-01
    200000   -16.00000000  -4.1912300000e-01
    200000   -14.00000000  -3.9530700000e-01
    200000   -12.00000000  -3.7450500000e-01
    200000   -10.00000000  -3.5957200000e-01
    200000    -8.00000000  -3.5690800000e-01
    200000    -6.00000000  -3.3377900000e-01
    200000    -4.00000000  -7.7940000000e-03
    200000    -2.00000000   2.5910000000e-01
    200000     0.00000000   4.8360000000e-01
    200000     2.00000000   6.9050000000e-01
    200000     4.00000000   8.8580000000e-01
    200000     6.00000000   1.0885270000e+00
    200000     8.00000000   1.2177590000e+00
    200000    10.00000000   1.0799090000e+00
    200000    12.00000000   9.5396500000e-01
    200000    14.00000000   8.8534100000e-01
    200000    16.00000000   8.4124600000e-01
    200000    18.00000000   8.1286500000e-01
    200000    20.00000000   7.9484700000e-01
    200000    22.00000000   7.8373300000e-01
    200000    24.00000000   7.7717300000e-01
    200000    26.00000000   7.7350400000e-01
    200000    28.00000000   7.7150900000e-01
    200000    30.00000000   7.7027200000e-01
    200000    32.00000000   7.6908900000e-01
    200000    34.00000000   7.6740900000e-01
    200000    36.00000000   7.6479600000e-01
    200000    38.00000000   7.6090400000e-01
    200000    40.00000000   7.5545500000e-01
    200000    42.00000000   7.4822900000e-01
    200000    44.00000000   7.3905400000e-01
    200000    46.00000000   7.2779800000e-01
    200000    48.00000000   7.1436500000e-01
    200000    50.00000000   6.9869000000e-01
    200000    52.00000000   6.8073500000e-01
    200000    54.00000000   6.6048800000e-01
    200000    56.00000000   6.3796000000e-01
    200000    58.00000000   6.1318300000e-01
    200000    60.00000000   5.8621100000e-01
    200000    62.00000000   5.5711300000e-01
    200000    64.00000000   5.2597800000e-01
    200000    66.00000000   4.9291000000e-01
    200000    68.00000000   4.5802600000e-01
    200000    70.00000000   4.2146000000e-01
    200000    72.00000000   3.8335600000e-01
    200000    74.00000000   3.4387100000e-01
    200000    76.00000000   3.0317100000e-01
    200000    78.00000000   2.6143300000e-01
    200000    80.00000000   2.1884200000e-01
    200000    82.00000000   1.7558900000e-01
    200000    84.00000000   1.3187400000e-01
    200000    86.00000000   8.7898000000e-02
    200000    88.00000000   4.3870000000e-02
    200000    90.00000000   0.0000000000e+00
    250000   -90.00000000  -0.0000000000e+00
    250000   -88.00000000  -4.3712000000e-02
    250000   -86.00000000  -8.7265000000e-02
    250000   -84.00000000  -1.3044800000e-01
    250000   -82.00000000  -1.7305100000e-01
    250000   -80.00000000  -2.1486900000e-01
    250000   -78.00000000  -2.5569800000e-01
    250000   -76.00000000  -2.9534400000e-01
    250000   -74.00000000  -3.3361400000e-01
    250000   -72.00000000  -3.7032700000e-01
    250000   -70.00000000  -4.0530600000e-01
    250000   -68.00000000  -4.3838600000e-01
    250000   -66.00000000  -4.6941100000e-01
    250000   -64.00000000  -4.9823400000e-01
    250000   -62.00000000  -5.2472100000e-01
    250000   -60.00000000  -5.4875100000e-01
    250000   -58.00000000  -5.7021400000e-01
    250000   -56.00000000  -5.8901500000e-01
    250000   -54.00000000  -6.0507200000e-01
    250000   -52.00000000  -6.1831700000e-01
    250000   -50.00000000  -6.2870000000e-01
    250000   -48.00000000  -6.3618400000e-01
    250000   -46.00000000  -6.4074900000e-01
    250000   -44.00000000  -6.4239300000e-01
    250000   -42.00000000  -6.4112800000e-01
    250000   -40.00000000  -6.3698800000e-01
    250000   -38.00000000  -6.3002200000e-01
    250000   -36.00000000  -6.2030100000e-01
    250000   -34.00000000  -6.0791600000e-01
    250000   -32.00000000  -5.9297800000e-01
    250000   -30.00000000  -5.7562500000e-01
    250000   -28.00000000  -5.5602400000e-01
    250000   -26.00000000  -5.3437400000e-01
    250000   -24.00000000  -5.1091500000e-01
    250000   -22.00000000  -4.8594200000e-01
    250000   -20.00000000  -4.5982300000e-01
    250000   -18.00000000  -4.3303800000e-01
    250000   -16.00000000  -4.0623500000e-01
    250000   -14.00000000  -3.8034500000e-01
    250000   -12.00000000  -3.5681300000e-01
    250000   -10.00000000  -3.3797500000e-01
    250000    -8.00000000  -3.3023000000e-01
    250000    -6.00000000  -2.8166400000e-01
    250000    -4.00000000   3.0600000000e-02
    250000    -2.00000000   2.6700000000e-01
    250000     0.00000000   4.7060000000e-01
    250000     2.00000000   6.8760000000e-01
    250000     4.00000000   8.9820500000e-01
    250000     6.00000000   1.1241400000e+00
    250000     8.00000000   1.0193260000e+00
    250000    10.00000000   8.8597400000e-01
    250000    12.00000000   8.0823000000e-01
    250000    14.00000000   7.6209700000e-01
    250000    16.00000000   7.3508100000e-01
    250000    18.00000000   7.2016800000e-01
    250000    20.00000000   7.1308400000e-01
    250000    22.00000000   7.1105700000e-01
    250000    24.00000000   7.1219200000e-01
    250000    26.00000000   7.1514400000e-01
    250000    28.00000000   7.1892000000e-01
    250000    30.00000000   7.2276800000e-01
    250000    32.00000000   7.2610900000e-01
    250000    34.00000000   7.2848400000e-01
    250000    36.00000000   7.2953200000e-01
    250000    38.00000000   7.2896200000e-01
    250000    40.00000000   7.2654300000e-01
    250000    42.00000000   7.2209100000e-01
    250000    44.00000000   7.1546400000e-01
    250000    46.00000000   7.0655400000e-01
    250000    48.00000000   6.9528500000e-01
    250000    50.00000000   6.8160900000e-01
    250000    52.00000000   6.6550200000e-01
    250000    54.00000000   6.4696300000e-01
    250000    56.00000000   6.2601500000e-01
    250000    58.00000000   6.0269700000e-01
    250000    60.00000000   5.7706900000e-01
    250000    62.00000000   5.4920800000e-01
    250000    64.00000000   5.1920700000e-01
    250000    66.00000000   4.8717500000e-01
    250000    68.00000000   4.5323300000e-01
    250000    70.00000000   4.1751800000e-01
    250000    72.00000000   3.8017600000e-01
    250000    74.00000000   3.4136800000e-01
    250000    76.00000000   3.0126100000e-01
    250000    78.00000000   2.6003400000e-01
    250000    80.00000000   2.1787200000e-01
    250000    82.00000000   1.7497000000e-01
    250000    84.00000000   1.3152600000e-01
    250000    86.00000000   8.7744000000e-02
    250000    88.00000000   4.3831000000e-02
    250000    90.00000000   0.0000000000e+00
     50000   -90.00000000  -0.0000000000e+00
     50000   -88.00000000  -4.3718000000e-02
     50000   -86.00000000  -8.7289000000e-02
     50000   -84.00000000  -1.3050200000e-01
     50000   -82.00000000  -1.7314800000e-01
     50000   -80.00000000  -2.1502000000e-01
     50000   -78.00000000  -2.5591700000e-01
     50000   -76.00000000  -2.9564200000e-01
     50000   -74.00000000  -3.3400500000e-01
     50000   -72.00000000  -3.7082300000e-01
     50000   -70.00000000  -4.0592200000e-01
     50000   -68.00000000  -4.3913400000e-01
     50000   -66.00000000  -4.7030600000e-01
     50000   -64.00000000  -4.9929000000e-01
     50000   -62.00000000  -5.2595500000e-01
     50000   -60.00000000  -5.5017800000e-01
     50000   -58.00000000  -5.7185100000e-01
     50000   -56.00000000  -5.9087900000e-01
     50000   -54.00000000  -6.0718200000e-01
     50000   -52.00000000  -6.2069500000e-01
     50000   -50.00000000  -6.3136600000e-01
     50000   -48.00000000  -6.3916200000e-01
     50000   -46.00000000  -6.4406500000e-01
     50000   -44.00000000  -6.4607400000e-01
     50000   -42.00000000  -6.4520800000e-01
     50000   -40.00000000  -6.4150000000e-01
     50000   -38.00000000  -6.3500800000e-01
     50000   -36.00000000  -6.2580500000e-01
     50000   -34.00000000  -6.1399100000e-01
     50000   -32.00000000  -5.9968600000e-01
     50000   -30.00000000  -5.8303900000e-01
     50000   -28.00000000  -5.6423200000e-01
     50000   -26.00000000  -5.4348200000e-01
     50000   -24.00000000  -5.2105700000e-01
     50000   -22.00000000  -4.9728400000e-01
     50000   -20.00000000  -4.7258400000e-01
     50000   -18.00000000  -4.4750600000e-01
     50000   -16.00000000  -4.2280400000e-01
     50000   -14.00000000  -3.9958000000e-01
     50000   -12.00000000  -3.7955800000e-01
     50000   -10.00000000  -3.6570500000e-01
     50000    -8.00000000  -3.6105100000e-01
     50000    -6.00000000  -3.8690000000e-01
     50000    -4.00000000  -2.7401200000e-01
     50000    -2.00000000  -4.9300000000e-02
     50000     0.00000000   1.6920000000e-01
     50000     2.00000000   4.7680000000e-01
     50000     4.00000000   7.0440000000e-01
     50000     6.00000000   1.0037560000e+00
     50000     8.00000000   1.1333890000e+00
     50000    10.00000000   1.0045220000e+00
     50000    12.00000000   9.0582100000e-01
     50000    14.00000000   8.4462700000e-01
     50000    16.00000000   8.0617400000e-01
     50000    18.00000000   7.8224200000e-01
     50000    20.00000000   7.6783600000e-01
     50000    22.00000000   7.5972400000e-01
     50000    24.00000000   7.5570600000e-01
     50000    26.00000000   7.5422500000e-01
     50000    28.00000000   7.5413600000e-01
     50000    30.00000000   7.5457900000e-01
     50000    32.00000000   7.5489000000e-01
     50000    34.00000000   7.5455000000e-01
     50000    36.00000000   7.5314700000e-01
     50000    38.00000000   7.5035200000e-01
     50000    40.00000000   7.4590400000e-01
     50000    42.00000000   7.3959400000e-01
     50000    44.00000000   7.3126100000e-01
     50000    46.00000000   7.2078000000e-01
     50000    48.00000000   7.0806200000e-01
     50000    50.00000000   6.9304700000e-01
     50000    52.00000000   6.7570300000e-01
     50000    54.00000000   6.5602000000e-01
     50000    56.00000000   6.3401400000e-01
     50000    58.00000000   6.0971900000e-01
     50000    60.00000000   5.8319100000e-01
     50000    62.00000000   5.5450200000e-01
     50000    64.00000000   5.2374100000e-01
     50000    66.00000000   4.9101500000e-01
     50000    68.00000000   4.5644300000e-01
     50000    70.00000000   4.2015800000e-01
     50000    72.00000000   3.8230600000e-01
     50000    74.00000000   3.4304400000e-01
     50000    76.00000000   3.0254000000e-01
     50000    78.00000000   2.6097100000e-01
     50000    80.00000000   2.1852200000e-01
     50000    82.00000000   1.7538500000e-01
     50000    84.00000000   1.3175900000e-01
     50000    86.00000000   8.7847000000e-02
     50000    88.00000000   4.3857000000e-02
     50000    90.00000000   0.0000000000e+00
    100000   -90.00000000  -0.0000000000e+00
    100000   -88.00000000  -4.3717000000e-02
    100000   -86.00000000  -8.7287000000e-02
    100000   -84.00000000  -1.3049800000e-01
    100000   -82.00000000  -1.7314100000e-01
    100000   -80.00000000  -2.1500900000e-01
    100000   -78.00000000  -2.5590000000e-01
    100000   -76.00000000  -2.9561900000e-01
    100000   -74.00000000  -3.3397500000e-01
    100000   -72.00000000  -3.7078500000e-01
    100000   -70.00000000  -4.0587500000e-01
    100000   -68.00000000  -4.3907700000e-01
    100000   -66.00000000  -4.7023800000e-01
    100000   -64.00000000  -4.9921000000e-01
    100000   -62.00000000  -5.2586100000e-01
    100000   -60.00000000  -5.5007000000e-01
    100000   -58.00000000  -5.7172700000e-01
    100000   -56.00000000  -5.9073800000e-01
    100000   -54.00000000  -6.0702200000e-01
    100000   -52.00000000  -6.2051400000e-01
    100000   -50.00000000  -6.3116300000e-01
    100000   -48.00000000  -6.3893600000e-01
    100000   -46.00000000  -6.4381300000e-01
    100000   -44.00000000  -6.4579500000e-01
    100000   -42.00000000  -6.4489800000e-01
    100000   -40.00000000  -6.4115800000e-01
    100000   -38.00000000  -6.3462900000e-01
    100000   -36.00000000  -6.2538700000e-01
    100000   -34.00000000  -6.1352900000e-01
    100000   -32.00000000  -5.9917600000e-01
    100000   -30.00000000  -5.8247600000e-01
    100000   -28.00000000  -5.6360800000e-01
    100000   -26.00000000  -5.4279000000e-01
    100000   -24.00000000  -5.2028600000e-01
    100000   -22.00000000  -4.9642300000e-01
    100000   -20.00000000  -4.7161500000e-01
    100000   -18.00000000  -4.4640600000e-01
    100000   -16.00000000  -4.2154500000e-01
    100000   -14.00000000  -3.9811800000e-01
    100000   -12.00000000  -3.7783000000e-01
    100000   -10.00000000  -3.6360800000e-01
    100000    -8.00000000  -3.5999000000e-01
    100000    -6.00000000  -3.8551400000e-01
    100000    -4.00000000  -2.2934100000e-01
    100000    -2.00000000   1.2990000000e-01
    100000     0.00000000   4.2870000000e-01
    100000     2.00000000   6.7430000000e-01
    100000     4.00000000   8.8960000000e-01
    100000     6.00000000   1.1007940000e+00
    100000     8.00000000   1.2299040000e+00
    100000    10.00000000   1.0819990000e+00
    100000    12.00000000   9.5740400000e-01
    100000    14.00000000   8.8824900000e-01
    100000    16.00000000   8.4375100000e-01
    100000    18.00000000   8.1505200000e-01
    100000    20.00000000   7.9677600000e-01
    100000    22.00000000   7.8544700000e-01
    100000    24.00000000   7.7870600000e-01
    100000    26.00000000   7.7488100000e-01
    100000    28.00000000   7.7275000000e-01
    100000    30.00000000   7.7139300000e-01
    100000    32.00000000   7.7010300000e-01
    100000    34.00000000   7.6832700000e-01
    100000    36.00000000   7.6562800000e-01
    100000    38.00000000   7.6165700000e-01
    100000    40.00000000   7.5613700000e-01
    100000    42.00000000   7.4884500000e-01
    100000    44.00000000   7.3961000000e-01
    100000    46.00000000   7.2829900000e-01
    100000    48.00000000   7.1481600000e-01
    100000    50.00000000   6.9909300000e-01
    100000    52.00000000   6.8109400000e-01
    100000    54.00000000   6.6080700000e-01
    100000    56.00000000   6.3824100000e-01
    100000    58.00000000   6.1343100000e-01
    100000    60.00000000   5.8642700000e-01
    100000    62.00000000   5.5730000000e-01
    100000    64.00000000   5.2613800000e-01
    100000    66.00000000   4.9304500000e-01
    100000    68.00000000   4.5813900000e-01
    100000    70.00000000   4.2155300000e-01
    100000    72.00000000   3.8343100000e-01
    100000    74.00000000   3.4393000000e-01
    100000    76.00000000   3.0321600000e-01
    100000    78.00000000   2.6146600000e-01
    100000    80.00000000   2.1886500000e-01
    100000    82.00000000   1.7560400000e-01
    100000    84.00000000   1.3188200000e-01
    100000    86.00000000   8.7902000000e-02
    100000    88.00000000   4.3871000000e-02
    100000    90.00000000   0.0000000000e+00
    150000   -90.00000000  -0.0000000000e+00
    150000   -88.00000000  -4.3712000000e-02
    150000   -86.00000000  -8.7265000000e-02
    150000   -84.00000000  -1.3044800000e-01
    150000   -82.00000000  -1.7305100000e-01
    150000   -80.00000000  -2.1486900000e-01
    150000   -78.00000000  -2.5569800000e-01
    150000   -76.00000000  -2.9534400000e-01
    150000   -74.00000000  -3.3361400000e-01
    150000   -72.00000000  -3.7032600000e-01
    150000   -70.00000000  -4.0530600000e-01
    150000   -68.00000000  -4.3838500000e-01
    150000   -66.00000000  -4.6941000000e-01
    150000   -64.00000000  -4.9823300000e-01
    150000   -62.00000000  -5.2472000000e-01
    150000   -60.00000000  -5.4875000000e-01
    150000   -58.00000000  -5.7021300000e-01
    150000   -56.00000000  -5.8901300000e-01
    150000   -54.00000000  -6.0507000000e-01
    150000   -52.00000000  -6.1831500000e-01
    150000   -50.00000000  -6.2869700000e-01
    150000   -48.00000000  -6.3618100000e-01
    150000   -46.00000000  -6.4074600000e-01
    150000   -44.00000000  -6.4238900000e-01
    150000   -42.00000000  -6.4112400000e-01
    150000   -40.00000000  -6.3698400000e-01
    150000   -38.00000000  -6.3001700000e-01
    150000   -36.00000000  -6.2029600000e-01
    150000   -34.00000000  -6.0790900000e-01
    150000   -32.00000000  -5.9297100000e-01
    150000   -30.00000000  -5.7561800000e-01
    150000   -28.00000000  -5.5601600000e-01
    150000   -26.00000000  -5.3436500000e-01
    150000   -24.00000000  -5.1090500000e-01
    150000   -22.00000000  -4.8593000000e-01
    150000   -20.00000000  -4.5981000000e-01
    150000   -18.00000000  -4.3302400000e-01
    150000   -16.00000000  -4.0621800000e-01
    150000   -14.00000000  -3.8032500000e-01
    150000   -12.00000000  -3.5197900000e-01
    150000   -10.00000000  -3.4022300000e-01
    150000    -8.00000000  -3.3899700000e-01
    150000    -6.00000000  -2.9374400000e-01
    150000    -4.00000000  -7.4200000000e-02
    150000    -2.00000000   2.2580000000e-01
    150000     0.00000000   4.7560000000e-01
    150000     2.00000000   6.9140000000e-01
    150000     4.00000000   8.8800000000e-01
    150000     6.00000000   1.1073370000e+00
    150000     8.00000000   1.1938000000e+00
    150000    10.00000000   1.0340070000e+00
    150000    12.00000000   9.2165200000e-01
    150000    14.00000000   8.5801500000e-01
    150000    16.00000000   8.1770700000e-01
    150000    18.00000000   7.9231200000e-01
    150000    20.00000000   7.7671800000e-01
    150000    22.00000000   7.6761900000e-01
    150000    24.00000000   7.6276500000e-01
    150000    26.00000000   7.6056400000e-01
    150000    28.00000000   7.5984900000e-01
    150000    30.00000000   7.5973900000e-01
    150000    32.00000000   7.5955900000e-01
    150000    34.00000000   7.5877800000e-01
    150000    36.00000000   7.5697700000e-01
    150000    38.00000000   7.5382200000e-01
    150000    40.00000000   7.4904400000e-01
    150000    42.00000000   7.4243300000e-01
    150000    44.00000000   7.3382300000e-01
    150000    46.00000000   7.2308800000e-01
    150000    48.00000000   7.1013500000e-01
    150000    50.00000000   6.9490300000e-01
    150000    52.00000000   6.7735700000e-01
    150000    54.00000000   6.5748900000e-01
    150000    56.00000000   6.3531100000e-01
    150000    58.00000000   6.1085800000e-01
    150000    60.00000000   5.8418400000e-01
    150000    62.00000000   5.5536000000e-01
    150000    64.00000000   5.2447700000e-01
    150000    66.00000000   4.9163800000e-01
    150000    68.00000000   4.5696300000e-01
    150000    70.00000000   4.2058600000e-01
    150000    72.00000000   3.8265100000e-01
    150000    74.00000000   3.4331600000e-01
    150000    76.00000000   3.0274700000e-01
    150000    78.00000000   2.6112300000e-01
    150000    80.00000000   2.1862700000e-01
    150000    82.00000000   1.7545200000e-01
    150000    84.00000000   1.3179700000e-01
    150000    86.00000000   8.7864000000e-02
    150000    88.00000000   4.3861000000e-02
    150000    90.00000000   0.0000000000e+00
    200000   -90.00000000  -0.0000000000e+00
    200000   -88.00000000  -4.3718000000e-02
    200000   -86.00000000  -8.7290000000e-02
    200000   -84.00000000  -1.3050300000e-01
    200000   -82.00000000  -1.7314900000e-01
    200000   -80.00000000  -2.1502200000e-01
    200000   -78.00000000  -2.5592000000e-01
    200000   -76.00000000  -2.9564600000e-01
    200000   -74.00000000  -3.3401100000e-01
    200000   -72.00000000  -3.7083000000e-01
    200000   -70.00000000  -4.0593100000e-01
    200000   -68.00000000  -4.3914500000e-01
    200000   -66.00000000  -4.7031900000e-01
    200000   -64.00000000  -4.9930600000e-01
    200000   -62.00000000  -5.2597300000e-01
    200000   -60.00000000  -5.5019900000e-01
    200000   -58.00000000  -5.7187500000e-01
    200000   -56.00000000  -5.9090700000e-01
    200000   -54.00000000  -6.0721300000e-01
    200000   -52.00000000  -6.2073000000e-01
    200000   -50.00000000  -6.3140500000e-01
    200000   -48.00000000  -6.3920600000e-01
    200000   -46.00000000  -6.4411300000e-01
    200000   -44.00000000  -6.4612800000e-01
    200000   -42.00000000  -6.4526700000e-01
    200000   -40.00000000  -6.4156700000e-01
    200000   -38.00000000  -6.3508100000e-01
    200000   -36.00000000  -6.2588600000e-01
    200000   -34.00000000  -6.1408000000e-01
    200000   -32.00000000  -5.9978400000e-01
    200000   -30.00000000  -5.8314800000e-01
    200000   -28.00000000  -5.6435200000e-01
    200000   -26.00000000  -5.4361600000e-01
    200000   -24.00000000  -5.2120500000e-01
    200000   -22.00000000  -4.9745100000e-01
    200000   -20.00000000  -4.7277100000e-01
    200000   -18.00000000  -4.4771800000e-01
    200000   -16.00000000  -4.2304700000e-01
    200000   -14.00000000  -3.9986200000e-01
    200000   -12.00000000  -3.7989200000e-01
    200000   -10.00000000  -3.6607900000e-01
    200000    -8.00000000  -3.6476900000e-01
    200000    -6.00000000  -3.1896600000e-01
    200000    -4.00000000  -1.4600000000e-02
    200000    -2.00000000   2.6700000000e-01
    200000     0.00000000   4.8360000000e-01
    200000     2.00000000   6.9050000000e-01
    200000     4.00000000   8.8580000000e-01
    200000     6.00000000   1.0886230000e+00
    200000     8.00000000   1.2177020000e+00
    200000    10.00000000   1.0799090000e+00
    200000    12.00000000   9.5396500000e-01
    200000    14.00000000   8.8534100000e-01
    200000    16.00000000   8.4124600000e-01
    200000    18.00000000   8.1286500000e-01
    200000    20.00000000   7.9484700000e-01
    200000    22.00000000   7.8373300000e-01
    200000    24.00000000   7.7717300000e-01
    200000    26.00000000   7.7350400000e-01
    200000    28.00000000   7.7150900000e-01
    200000    30.00000000   7.7027200000e-01
    200000    32.00000000   7.6908900000e-01
    200000    34.00000000   7.6740900000e-01
    200000    36.00000000   7.6479600000e-01
    200000    38.00000000   7.6090400000e-01
    200000    40.00000000   7.5545500000e-01
    200000    42.00000000   7.4822900000e-01
    200000    44.00000000   7.3905400000e-01
    200000    46.00000000   7.2779800000e-01
    200000    48.00000000   7.1436500000e-01
    200000    50.00000000   6.9869000000e-01
    200000    52.00000000   6.8073500000e-01
    200000    54.00000000   6.6048800000e-01
    200000    56.00000000   6.3796000000e-01
    200000    58.00000000   6.1318300000e-01
    200000    60.00000000   5.8621100000e-01
    200000    62.00000000   5.5711300000e-01
    200000    64.00000000   5.2597800000e-01
    200000    66.00000000   4.9291000000e-01
    200000    68.00000000   4.5802600000e-01
    200000    70.00000000   4.2146000000e-01
    200000    72.00000000   3.8335600000e-01
    200000    74.00000000   3.4387100000e-01
    200000    76.00000000   3.0317100000e-01
    200000    78.00000000   2.6143300000e-01
    200000    80.00000000   2.1884200000e-01
    200000    82.00000000   1.7558900000e-01
    200000    84.00000000   1.3187400000e-01
    200000    86.00000000   8.7898000000e-02
    200000    88.00000000   4.3870000000e-02
    200000    90.00000000   0.0000000000e+00
    250000   -90.00000000  -0.0000000000e+00
    250000   -88.00000000  -4.3715000000e-02
    250000   -86.00000000  -8.7277000000e-02
    250000   -84.00000000  -1.3047400000e-01
    250000   -82.00000000  -1.7309800000e-01
    250000   -80.00000000  -2.1494100000e-01
    250000   -78.00000000  -2.5580300000e-01
    250000   -76.00000000  -2.9548600000e-01
    250000   -74.00000000  -3.3380100000e-01
    250000   -72.00000000  -3.7056400000e-01
    250000   -70.00000000  -4.0560000000e-01
    250000   -68.00000000  -4.3874400000e-01
    250000   -66.00000000  -4.6983900000e-01
    250000   -64.00000000  -4.9873900000e-01
    250000   -62.00000000  -5.2531100000e-01
    250000   -60.00000000  -5.4943300000e-01
    250000   -58.00000000  -5.7099700000e-01
    250000   -56.00000000  -5.8990700000e-01
    250000   -54.00000000  -6.0608100000e-01
    250000   -52.00000000  -6.1945400000e-01
    250000   -50.00000000  -6.2997500000e-01
    250000   -48.00000000  -6.3760800000e-01
    250000   -46.00000000  -6.4233500000e-01
    250000   -44.00000000  -6.4415300000e-01
    250000   -42.00000000  -6.4307900000e-01
    250000   -40.00000000  -6.3914600000e-01
    250000   -38.00000000  -6.3240600000e-01
    250000   -36.00000000  -6.2293300000e-01
    250000   -34.00000000  -6.1082000000e-01
    250000   -32.00000000  -5.9618500000e-01
    250000   -30.00000000  -5.7917100000e-01
    250000   -28.00000000  -5.5994900000e-01
    250000   -26.00000000  -5.3873000000e-01
    250000   -24.00000000  -5.1576500000e-01
    250000   -22.00000000  -4.9136600000e-01
    250000   -20.00000000  -4.6592500000e-01
    250000   -18.00000000  -4.3995600000e-01
    250000   -16.00000000  -4.1415800000e-01
    250000   -14.00000000  -3.8954300000e-01
    250000   -12.00000000  -3.6647500000e-01
    250000   -10.00000000  -3.5130000000e-01
    250000    -8.00000000  -3.6240000000e-01
    250000    -6.00000000  -2.7530000000e-01
    250000    -4.00000000   3.0700000000e-02
    250000    -2.00000000   2.6700000000e-01
    250000     0.00000000   4.8165000000e-01
    250000     2.00000000   6.8760000000e-01
    250000     4.00000000   8.8460000000e-01
    250000     6.00000000   1.1010600000e+00
    250000     8.00000000   1.1644110000e+00
    250000    10.00000000   9.9896200000e-01
    250000    12.00000000   8.9463600000e-01
    250000    14.00000000   8.3516800000e-01
    250000    16.00000000   7.9802600000e-01
    250000    18.00000000   7.7512800000e-01
    250000    20.00000000   7.6156100000e-01
    250000    22.00000000   7.5414600000e-01
    250000    24.00000000   7.5071900000e-01
    250000    26.00000000   7.4974600000e-01
    250000    28.00000000   7.5010000000e-01
    250000    30.00000000   7.5093300000e-01
    250000    32.00000000   7.5159100000e-01
    250000    34.00000000   7.5156200000e-01
    250000    36.00000000   7.5044000000e-01
    250000    38.00000000   7.4790000000e-01
    250000    40.00000000   7.4368500000e-01
    250000    42.00000000   7.3758800000e-01
    250000    44.00000000   7.2945000000e-01
    250000    46.00000000   7.1915000000e-01
    250000    48.00000000   7.0659800000e-01
    250000    50.00000000   6.9173600000e-01
    250000    52.00000000   6.7453300000e-01
    250000    54.00000000   6.5498200000e-01
    250000    56.00000000   6.3309700000e-01
    250000    58.00000000   6.0891400000e-01
    250000    60.00000000   5.8248900000e-01
    250000    62.00000000   5.5389500000e-01
    250000    64.00000000   5.2322200000e-01
    250000    66.00000000   4.9057500000e-01
    250000    68.00000000   4.5607500000e-01
    250000    70.00000000   4.1985500000e-01
    250000    72.00000000   3.8206200000e-01
    250000    74.00000000   3.4285200000e-01
    250000    76.00000000   3.0239300000e-01
    250000    78.00000000   2.6086300000e-01
    250000    80.00000000   2.1844700000e-01
    250000    82.00000000   1.7533700000e-01
    250000    84.00000000   1.3173200000e-01
    250000    86.00000000   8.7835000000e-02
    250000    88.00000000   4.3854000000e-02
    250000    90.00000000   0.0000000000e+00
