     50000   -90.00000000   1.2524960000e+00
     50000   -88.00000000   1.2548600000e+00
     50000   -86.00000000   1.2541760000e+00
     50000   -84.00000000   1.2504610000e+00
     50000   -82.00000000   1.2437480000e+00
     50000   -80.00000000   1.2340830000e+00
     50000   -78.00000000   1.2215270000e+00
     50000   -76.00000000   1.2061560000e+00
     50000   -74.00000000   1.1880580000e+00
     50000   -72.00000000   1.1673350000e+00
     50000   -70.00000000   1.1441020000e+00
     50000   -68.00000000   1.1184860000e+00
     50000   -66.00000000   1.0906230000e+00
     50000   -64.00000000   1.0606640000e+00
     50000   -62.00000000   1.0287670000e+00
     50000   -60.00000000   9.9510000000e-01
     50000   -58.00000000   9.5984000000e-01
     50000   -56.00000000   9.2317100000e-01
     50000   -54.00000000   8.8528200000e-01
     50000   -52.00000000   8.4637100000e-01
     50000   -50.00000000   8.0663800000e-01
     50000   -48.00000000   7.6628800000e-01
     50000   -46.00000000   7.2552800000e-01
     50000   -44.00000000   6.8456800000e-01
     50000   -42.00000000   6.4361600000e-01
     50000   -40.00000000   6.0288200000e-01
     50000   -38.00000000   5.6257400000e-01
     50000   -36.00000000   5.2289700000e-01
     50000   -34.00000000   4.8405300000e-01
     50000   -32.00000000   4.4624000000e-01
     50000   -30.00000000   4.0964900000e-01
     50000   -28.00000000   3.7446500000e-01
     50000   -26.00000000   3.4086800000e-01
     50000   -24.00000000   3.0902700000e-01
     50000   -22.00000000   2.7910400000e-01
     50000   -20.00000000   2.5124900000e-01
     50000   -18.00000000   2.2560500000e-01
     50000   -16.00000000   2.0229900000e-01
     50000   -14.00000000   1.8145000000e-01
     50000   -12.00000000   1.6316300000e-01
     50000   -10.00000000   1.4753100000e-01
     50000    -8.00000000   1.3463200000e-01
     50000    -6.00000000   1.2521100000e-01
     50000    -4.00000000   1.1728000000e-01
     50000    -2.00000000   1.0821600000e-01
     50000     0.00000000   9.5310000000e-02
     50000     2.00000000   8.9280000000e-02
     50000     4.00000000   1.0249700000e-01
     50000     6.00000000   1.1362000000e-01
     50000     8.00000000   1.2721000000e-01
     50000    10.00000000   1.4495000000e-01
     50000    12.00000000   1.6276000000e-01
     50000    14.00000000   1.7888000000e-01
     50000    16.00000000   1.9418600000e-01
     50000    18.00000000   2.1079400000e-01
     50000    20.00000000   2.3321700000e-01
     50000    22.00000000   2.6388000000e-01
     50000    24.00000000   2.9402700000e-01
     50000    26.00000000   3.2611000000e-01
     50000    28.00000000   3.5996700000e-01
     50000    30.00000000   3.9542900000e-01
     50000    32.00000000   4.3231500000e-01
     50000    34.00000000   4.7044100000e-01
     50000    36.00000000   5.0961300000e-01
     50000    38.00000000   5.4963500000e-01
     50000    40.00000000   5.9030400000e-01
     50000    42.00000000   6.3141400000e-01
     50000    44.00000000   6.7275600000e-01
     50000    46.00000000   7.1412200000e-01
     50000    48.00000000   7.5530100000e-01
     50000    50.00000000   7.9608300000e-01
     50000    52.00000000   8.3626200000e-01
     50000    54.00000000   8.7563100000e-01
     50000    56.00000000   9.1398900000e-01
     50000    58.00000000   9.5113900000e-01
     50000    60.00000000   9.8689100000e-01
     50000    62.00000000   1.0210590000e+00
     50000    64.00000000   1.0534660000e+00
     50000    66.00000000   1.0839450000e+00
     50000    68.00000000   1.1123350000e+00
     50000    70.00000000   1.1384860000e+00
     50000    72.00000000   1.1622610000e+00
     50000    74.00000000   1.1835320000e+00
     50000    76.00000000   1.2021840000e+00
     50000    78.00000000   1.2181130000e+00
     50000    80.00000000   1.2312320000e+00
     50000    82.00000000   1.2414630000e+00
     50000    84.00000000   1.2487450000e+00
     50000    86.00000000   1.2530310000e+00
     50000    88.00000000   1.2542870000e+00
     50000    90.00000000   1.2524960000e+00
    100000   -90.00000000   1.2524960000e+00
    100000   -88.00000000   1.2528350000e+00
    100000   -86.00000000   1.2501290000e+00
    100000   -84.00000000   1.2443970000e+00
    100000   -82.00000000   1.2356730000e+00
    100000   -80.00000000   1.2240080000e+00
    100000   -78.00000000   1.2094640000e+00
    100000   -76.00000000   1.1921200000e+00
    100000   -74.00000000   1.1720660000e+00
    100000   -72.00000000   1.1494070000e+00
    100000   -70.00000000   1.1242590000e+00
    100000   -68.00000000   1.0967510000e+00
    100000   -66.00000000   1.0670250000e+00
    100000   -64.00000000   1.0352310000e+00
    100000   -62.00000000   1.0015290000e+00
    100000   -60.00000000   9.6609100000e-01
    100000   -58.00000000   9.2909500000e-01
    100000   -56.00000000   8.9072700000e-01
    100000   -54.00000000   8.5117900000e-01
    100000   -52.00000000   8.1065100000e-01
    100000   -50.00000000   7.6934400000e-01
    100000   -48.00000000   7.2746600000e-01
    100000   -46.00000000   6.8522500000e-01
    100000   -44.00000000   6.4283200000e-01
    100000   -42.00000000   6.0050000000e-01
    100000   -40.00000000   5.5843700000e-01
    100000   -38.00000000   5.1685500000e-01
    100000   -36.00000000   4.7595900000e-01
    100000   -34.00000000   4.3595400000e-01
    100000   -32.00000000   3.9703700000e-01
    100000   -30.00000000   3.5940300000e-01
    100000   -28.00000000   3.2323800000e-01
    100000   -26.00000000   2.8872100000e-01
    100000   -24.00000000   2.5602400000e-01
    100000   -22.00000000   2.2531000000e-01
    100000   -20.00000000   1.9673000000e-01
    100000   -18.00000000   1.7042500000e-01
    100000   -16.00000000   1.4652800000e-01
    100000   -14.00000000   1.2515500000e-01
    100000   -12.00000000   1.0641200000e-01
    100000   -10.00000000   9.0394000000e-02
    100000    -8.00000000   7.7178000000e-02
    100000    -6.00000000   6.9583000000e-02
    100000    -4.00000000   5.7537000000e-02
    100000    -2.00000000   3.0172000000e-02
    100000     0.00000000   2.7210000000e-02
    100000     2.00000000   2.7300000000e-02
    100000     4.00000000   2.8710000000e-02
    100000     6.00000000   3.1260000000e-02
    100000     8.00000000   3.4727000000e-02
    100000    10.00000000   4.4358000000e-02
    100000    12.00000000   6.2560000000e-02
    100000    14.00000000   7.8807000000e-02
    100000    16.00000000   1.0061100000e-01
    100000    18.00000000   1.2499600000e-01
    100000    20.00000000   1.5184300000e-01
    100000    22.00000000   1.8102100000e-01
    100000    24.00000000   2.1238700000e-01
    100000    26.00000000   2.4578900000e-01
    100000    28.00000000   2.8106200000e-01
    100000    30.00000000   3.1803500000e-01
    100000    32.00000000   3.5652800000e-01
    100000    34.00000000   3.9635300000e-01
    100000    36.00000000   4.3731500000e-01
    100000    38.00000000   4.7921400000e-01
    100000    40.00000000   5.2184600000e-01
    100000    42.00000000   5.6500200000e-01
    100000    44.00000000   6.0847200000e-01
    100000    46.00000000   6.5204300000e-01
    100000    48.00000000   6.9550400000e-01
    100000    50.00000000   7.3864000000e-01
    100000    52.00000000   7.8124300000e-01
    100000    54.00000000   8.2310300000e-01
    100000    56.00000000   8.6401600000e-01
    100000    58.00000000   9.0378200000e-01
    100000    60.00000000   9.4220800000e-01
    100000    62.00000000   9.7910400000e-01
    100000    64.00000000   1.0142910000e+00
    100000    66.00000000   1.0475960000e+00
    100000    68.00000000   1.0788580000e+00
    100000    70.00000000   1.1079210000e+00
    100000    72.00000000   1.1346460000e+00
    100000    74.00000000   1.1589000000e+00
    100000    76.00000000   1.1805640000e+00
    100000    78.00000000   1.1995330000e+00
    100000    80.00000000   1.2157130000e+00
    100000    82.00000000   1.2290250000e+00
    100000    84.00000000   1.2394040000e+00
    100000    86.00000000   1.2467970000e+00
    100000    88.00000000   1.2511680000e+00
    100000    90.00000000   1.2524960000e+00
    150000   -90.00000000   1.2524960000e+00
    150000   -88.00000000   1.2516430000e+00
    150000   -86.00000000   1.2477460000e+00
    150000   -84.00000000   1.2408260000e+00
    150000   -82.00000000   1.2309190000e+00
    150000   -80.00000000   1.2180760000e+00
    150000   -78.00000000   1.2023610000e+00
    150000   -76.00000000   1.1838550000e+00
    150000   -74.00000000   1.1626490000e+00
    150000   -72.00000000   1.1388490000e+00
    150000   -70.00000000   1.1125740000e+00
    150000   -68.00000000   1.0839530000e+00
    150000   -66.00000000   1.0531290000e+00
    150000   -64.00000000   1.0202540000e+00
    150000   -62.00000000   9.8549000000e-01
    150000   -60.00000000   9.4900900000e-01
    150000   -58.00000000   9.1099100000e-01
    150000   -56.00000000   8.7162300000e-01
    150000   -54.00000000   8.3109800000e-01
    150000   -52.00000000   7.8961800000e-01
    150000   -50.00000000   7.4738400000e-01
    150000   -48.00000000   7.0460600000e-01
    150000   -46.00000000   6.6149300000e-01
    150000   -44.00000000   6.1825700000e-01
    150000   -42.00000000   5.7511100000e-01
    150000   -40.00000000   5.3226600000e-01
    150000   -38.00000000   4.8993300000e-01
    150000   -36.00000000   4.4832000000e-01
    150000   -34.00000000   4.0763000000e-01
    150000   -32.00000000   3.6806400000e-01
    150000   -30.00000000   3.2981600000e-01
    150000   -28.00000000   2.9307300000e-01
    150000   -26.00000000   2.5801500000e-01
    150000   -24.00000000   2.2481400000e-01
    150000   -22.00000000   1.9363400000e-01
    150000   -20.00000000   1.6462600000e-01
    150000   -18.00000000   1.3793400000e-01
    150000   -16.00000000   1.1368700000e-01
    150000   -14.00000000   9.2006000000e-02
    150000   -12.00000000   7.2995000000e-02
    150000   -10.00000000   5.6749000000e-02
    150000    -8.00000000   4.3585000000e-02
    150000    -6.00000000   3.5339000000e-02
    150000    -4.00000000   2.4137000000e-02
    150000    -2.00000000   2.1340000000e-02
    150000     0.00000000   2.0820000000e-02
    150000     2.00000000   2.1550000000e-02
    150000     4.00000000   2.2890000000e-02
    150000     6.00000000   2.4860000000e-02
    150000     8.00000000   2.8060000000e-02
    150000    10.00000000   3.3480000000e-02
    150000    12.00000000   4.1453000000e-02
    150000    14.00000000   5.2225000000e-02
    150000    16.00000000   7.7072000000e-02
    150000    18.00000000   9.7226000000e-02
    150000    20.00000000   1.2440500000e-01
    150000    22.00000000   1.5394800000e-01
    150000    24.00000000   1.8571200000e-01
    150000    26.00000000   2.1954400000e-01
    150000    28.00000000   2.5528000000e-01
    150000    30.00000000   2.9274800000e-01
    150000    32.00000000   3.3176600000e-01
    150000    34.00000000   3.7214500000e-01
    150000    36.00000000   4.1369200000e-01
    150000    38.00000000   4.5620400000e-01
    150000    40.00000000   4.9947700000e-01
    150000    42.00000000   5.4330200000e-01
    150000    44.00000000   5.8746700000e-01
    150000    46.00000000   6.3175900000e-01
    150000    48.00000000   6.7596500000e-01
    150000    50.00000000   7.1987100000e-01
    150000    52.00000000   7.6326500000e-01
    150000    54.00000000   8.0594000000e-01
    150000    56.00000000   8.4768800000e-01
    150000    58.00000000   8.8830900000e-01
    150000    60.00000000   9.2760800000e-01
    150000    62.00000000   9.6539500000e-01
    150000    64.00000000   1.0014910000e+00
    150000    66.00000000   1.0357200000e+00
    150000    68.00000000   1.0679190000e+00
    150000    70.00000000   1.0979350000e+00
    150000    72.00000000   1.1256230000e+00
    150000    74.00000000   1.1508510000e+00
    150000    76.00000000   1.1735000000e+00
    150000    78.00000000   1.1934620000e+00
    150000    80.00000000   1.2106430000e+00
    150000    82.00000000   1.2249620000e+00
    150000    84.00000000   1.2363520000e+00
    150000    86.00000000   1.2447600000e+00
    150000    88.00000000   1.2501490000e+00
    150000    90.00000000   1.2524960000e+00
    200000   -90.00000000   1.2524960000e+00
    200000   -88.00000000   1.2509810000e+00
    200000   -86.00000000   1.2464230000e+00
    200000   -84.00000000   1.2388440000e+00
    200000   -82.00000000   1.2282800000e+00
    200000   -80.00000000   1.2147830000e+00
    200000   -78.00000000   1.1984190000e+00
    200000   -76.00000000   1.1792680000e+00
    200000   -74.00000000   1.1574230000e+00
    200000   -72.00000000   1.1329900000e+00
    200000   -70.00000000   1.1060890000e+00
    200000   -68.00000000   1.0768510000e+00
    200000   -66.00000000   1.0454170000e+00
    200000   -64.00000000   1.0119420000e+00
    200000   -62.00000000   9.7658900000e-01
    200000   -60.00000000   9.3952900000e-01
    200000   -58.00000000   9.0094300000e-01
    200000   -56.00000000   8.6102000000e-01
    200000   -54.00000000   8.1995400000e-01
    200000   -52.00000000   7.7794400000e-01
    200000   -50.00000000   7.3519700000e-01
    200000   -48.00000000   6.9191900000e-01
    200000   -46.00000000   6.4832200000e-01
    200000   -44.00000000   6.0461800000e-01
    200000   -42.00000000   5.6102100000e-01
    200000   -40.00000000   5.1774200000e-01
    200000   -38.00000000   4.7499200000e-01
    200000   -36.00000000   4.3298100000e-01
    200000   -34.00000000   3.9191200000e-01
    200000   -32.00000000   3.5198500000e-01
    200000   -30.00000000   3.1339600000e-01
    200000   -28.00000000   2.7633200000e-01
    200000   -26.00000000   2.4097300000e-01
    200000   -24.00000000   2.0749300000e-01
    200000   -22.00000000   1.7605400000e-01
    200000   -20.00000000   1.4680900000e-01
    200000   -18.00000000   1.1990100000e-01
    200000   -16.00000000   9.5461000000e-02
    200000   -14.00000000   7.3608000000e-02
    200000   -12.00000000   5.7371000000e-02
    200000   -10.00000000   4.4962000000e-02
    200000    -8.00000000   2.9569000000e-02
    200000    -6.00000000   2.2760000000e-02
    200000    -4.00000000   1.9490000000e-02
    200000    -2.00000000   1.8300000000e-02
    200000     0.00000000   1.8360000000e-02
    200000     2.00000000   1.9120000000e-02
    200000     4.00000000   2.0570000000e-02
    200000     6.00000000   2.2710000000e-02
    200000     8.00000000   2.5920000000e-02
    200000    10.00000000   3.1990000000e-02
    200000    12.00000000   3.9480000000e-02
    200000    14.00000000   5.0930000000e-02
    200000    16.00000000   6.2961000000e-02
    200000    18.00000000   8.0432000000e-02
    200000    20.00000000   1.1089800000e-01
    200000    22.00000000   1.3745500000e-01
    200000    24.00000000   1.6946200000e-01
    200000    26.00000000   2.0355600000e-01
    200000    28.00000000   2.3957400000e-01
    200000    30.00000000   2.7734300000e-01
    200000    32.00000000   3.1668000000e-01
    200000    34.00000000   3.5739800000e-01
    200000    36.00000000   3.9930100000e-01
    200000    38.00000000   4.4218700000e-01
    200000    40.00000000   4.8585100000e-01
    200000    42.00000000   5.3008300000e-01
    200000    44.00000000   5.7467200000e-01
    200000    46.00000000   6.1940300000e-01
    200000    48.00000000   6.6406300000e-01
    200000    50.00000000   7.0843700000e-01
    200000    52.00000000   7.5231400000e-01
    200000    54.00000000   7.9548400000e-01
    200000    56.00000000   8.3774100000e-01
    200000    58.00000000   8.7888300000e-01
    200000    60.00000000   9.1871400000e-01
    200000    62.00000000   9.5704400000e-01
    200000    64.00000000   9.9369300000e-01
    200000    66.00000000   1.0284850000e+00
    200000    68.00000000   1.0612560000e+00
    200000    70.00000000   1.0918510000e+00
    200000    72.00000000   1.1201260000e+00
    200000    74.00000000   1.1459480000e+00
    200000    76.00000000   1.1691970000e+00
    200000    78.00000000   1.1897640000e+00
    200000    80.00000000   1.2075540000e+00
    200000    82.00000000   1.2224860000e+00
    200000    84.00000000   1.2344920000e+00
    200000    86.00000000   1.2435190000e+00
    200000    88.00000000   1.2495290000e+00
    200000    90.00000000   1.2524960000e+00
    250000   -90.00000000   1.2524960000e+00
    250000   -88.00000000   1.2506530000e+00
    250000   -86.00000000   1.2457670000e+00
    250000   -84.00000000   1.2378600000e+00
    250000   -82.00000000   1.2269700000e+00
    250000   -80.00000000   1.2131490000e+00
    250000   -78.00000000   1.1964630000e+00
    250000   -76.00000000   1.1769920000e+00
    250000   -74.00000000   1.1548290000e+00
    250000   -72.00000000   1.1300830000e+00
    250000   -70.00000000   1.1028710000e+00
    250000   -68.00000000   1.0733260000e+00
    250000   -66.00000000   1.0415900000e+00
    250000   -64.00000000   1.0078180000e+00
    250000   -62.00000000   9.7217100000e-01
    250000   -60.00000000   9.3482400000e-01
    250000   -58.00000000   8.9595700000e-01
    250000   -56.00000000   8.5575800000e-01
    250000   -54.00000000   8.1442300000e-01
    250000   -52.00000000   7.7215100000e-01
    250000   -50.00000000   7.2914800000e-01
    250000   -48.00000000   6.8562300000e-01
    250000   -46.00000000   6.4178500000e-01
    250000   -44.00000000   5.9785000000e-01
    250000   -42.00000000   5.5402800000e-01
    250000   -40.00000000   5.1053400000e-01
    250000   -38.00000000   4.6757800000e-01
    250000   -36.00000000   4.2536800000e-01
    250000   -34.00000000   3.8411100000e-01
    250000   -32.00000000   3.4400600000e-01
    250000   -30.00000000   3.0524700000e-01
    250000   -28.00000000   2.6802400000e-01
    250000   -26.00000000   2.3251600000e-01
    250000   -24.00000000   1.9889700000e-01
    250000   -22.00000000   1.6733000000e-01
    250000   -20.00000000   1.3796700000e-01
    250000   -18.00000000   1.1095200000e-01
    250000   -16.00000000   8.6416000000e-02
    250000   -14.00000000   6.4479000000e-02
    250000   -12.00000000   4.5185000000e-02
    250000   -10.00000000   3.0936000000e-02
    250000    -8.00000000   2.3956000000e-02
    250000    -6.00000000   1.9390000000e-02
    250000    -4.00000000   1.7350000000e-02
    250000    -2.00000000   1.6800000000e-02
    250000     0.00000000   1.6960000000e-02
    250000     2.00000000   1.7780000000e-02
    250000     4.00000000   1.9330000000e-02
    250000     6.00000000   2.1660000000e-02
    250000     8.00000000   2.5040000000e-02
    250000    10.00000000   3.1480000000e-02
    250000    12.00000000   4.0230000000e-02
    250000    14.00000000   5.1460000000e-02
    250000    16.00000000   6.4876000000e-02
    250000    18.00000000   8.2260000000e-02
    250000    20.00000000   1.0647000000e-01
    250000    22.00000000   1.3626200000e-01
    250000    24.00000000   1.6828700000e-01
    250000    26.00000000   2.0240000000e-01
    250000    28.00000000   2.3843800000e-01
    250000    30.00000000   2.7622900000e-01
    250000    32.00000000   3.1559000000e-01
    250000    34.00000000   3.5633200000e-01
    250000    36.00000000   3.9826000000e-01
    250000    38.00000000   4.4117300000e-01
    250000    40.00000000   4.8486500000e-01
    250000    42.00000000   5.2912700000e-01
    250000    44.00000000   5.7374600000e-01
    250000    46.00000000   6.1850900000e-01
    250000    48.00000000   6.6320200000e-01
    250000    50.00000000   7.0761000000e-01
    250000    52.00000000   7.5152200000e-01
    250000    54.00000000   7.9472800000e-01
    250000    56.00000000   8.3702100000e-01
    250000    58.00000000   8.7820100000e-01
    250000    60.00000000   9.1807000000e-01
    250000    62.00000000   9.5644100000e-01
    250000    64.00000000   9.9312900000e-01
    250000    66.00000000   1.0279610000e+00
    250000    68.00000000   1.0607740000e+00
    250000    70.00000000   1.0914110000e+00
    250000    72.00000000   1.1197280000e+00
    250000    74.00000000   1.1455930000e+00
    250000    76.00000000   1.1688860000e+00
    250000    78.00000000   1.1894960000e+00
    250000    80.00000000   1.2073310000e+00
    250000    82.00000000   1.2223070000e+00
    250000    84.00000000   1.2343580000e+00
    250000    86.00000000   1.2434300000e+00
    250000    88.00000000   1.2494840000e+00
    250000    90.00000000   1.2524960000e+00
     50000   -90.00000000   1.2524960000e+00
     50000   -88.00000000   1.2547710000e+00
     50000   -86.00000000   1.2539970000e+00
     50000   -84.00000000   1.2501930000e+00
     50000   -82.00000000   1.2433910000e+00
     50000   -80.00000000   1.2336370000e+00
     50000   -78.00000000   1.2209940000e+00
     50000   -76.00000000   1.2055350000e+00
     50000   -74.00000000   1.1873510000e+00
     50000   -72.00000000   1.1665420000e+00
     50000   -70.00000000   1.1432250000e+00
     50000   -68.00000000   1.1175240000e+00
     50000   -66.00000000   1.0895800000e+00
     50000   -64.00000000   1.0595390000e+00
     50000   -62.00000000   1.0275620000e+00
     50000   -60.00000000   9.9381700000e-01
     50000   -58.00000000   9.5848000000e-01
     50000   -56.00000000   9.2173500000e-01
     50000   -54.00000000   8.8377400000e-01
     50000   -52.00000000   8.4479100000e-01
     50000   -50.00000000   8.0498800000e-01
     50000   -48.00000000   7.6457100000e-01
     50000   -46.00000000   7.2374600000e-01
     50000   -44.00000000   6.8272200000e-01
     50000   -42.00000000   6.4170900000e-01
     50000   -40.00000000   6.0091600000e-01
     50000   -38.00000000   5.6055200000e-01
     50000   -36.00000000   5.2082100000e-01
     50000   -34.00000000   4.8192600000e-01
     50000   -32.00000000   4.4406300000e-01
     50000   -30.00000000   4.0742600000e-01
     50000   -28.00000000   3.7219900000e-01
     50000   -26.00000000   3.3856100000e-01
     50000   -24.00000000   3.0668300000e-01
     50000   -22.00000000   2.7672500000e-01
     50000   -20.00000000   2.4883800000e-01
     50000   -18.00000000   2.2316400000e-01
     50000   -16.00000000   1.9983200000e-01
     50000   -14.00000000   1.7896000000e-01
     50000   -12.00000000   1.6065300000e-01
     50000   -10.00000000   1.4500400000e-01
     50000    -8.00000000   1.3209100000e-01
     50000    -6.00000000   1.2323300000e-01
     50000    -4.00000000   1.1451200000e-01
     50000    -2.00000000   9.7028000000e-02
     50000     0.00000000   7.2560000000e-02
     50000     2.00000000   7.6870000000e-02
     50000     4.00000000   9.5910000000e-02
     50000     6.00000000   1.1597000000e-01
     50000     8.00000000   1.3777000000e-01
     50000    10.00000000   1.5708000000e-01
     50000    12.00000000   1.7390000000e-01
     50000    14.00000000   1.9450000000e-01
     50000    16.00000000   2.1134000000e-01
     50000    18.00000000   2.2904100000e-01
     50000    20.00000000   2.4650000000e-01
     50000    22.00000000   2.7235000000e-01
     50000    24.00000000   3.0441000000e-01
     50000    26.00000000   3.3632500000e-01
     50000    28.00000000   3.7000300000e-01
     50000    30.00000000   4.0527100000e-01
     50000    32.00000000   4.4195400000e-01
     50000    34.00000000   4.7986300000e-01
     50000    36.00000000   5.1880800000e-01
     50000    38.00000000   5.5859100000e-01
     50000    40.00000000   5.9901000000e-01
     50000    42.00000000   6.3986000000e-01
     50000    44.00000000   6.8093200000e-01
     50000    46.00000000   7.2201700000e-01
     50000    48.00000000   7.6290600000e-01
     50000    50.00000000   8.0338900000e-01
     50000    52.00000000   8.4325900000e-01
     50000    54.00000000   8.8231100000e-01
     50000    56.00000000   9.2034400000e-01
     50000    58.00000000   9.5716200000e-01
     50000    60.00000000   9.9257300000e-01
     50000    62.00000000   1.0263940000e+00
     50000    64.00000000   1.0584490000e+00
     50000    66.00000000   1.0885680000e+00
     50000    68.00000000   1.1165920000e+00
     50000    70.00000000   1.1423740000e+00
     50000    72.00000000   1.1657730000e+00
     50000    74.00000000   1.1866650000e+00
     50000    76.00000000   1.2049330000e+00
     50000    78.00000000   1.2204760000e+00
     50000    80.00000000   1.2332050000e+00
     50000    82.00000000   1.2430450000e+00
     50000    84.00000000   1.2499330000e+00
     50000    86.00000000   1.2538240000e+00
     50000    88.00000000   1.2546840000e+00
     50000    90.00000000   1.2524960000e+00
    100000   -90.00000000   1.2524960000e+00
    100000   -88.00000000   1.2523070000e+00
    100000   -86.00000000   1.2490720000e+00
    100000   -84.00000000   1.2428130000e+00
    100000   -82.00000000   1.2335650000e+00
    100000   -80.00000000   1.2213770000e+00
    100000   -78.00000000   1.2063140000e+00
    100000   -76.00000000   1.1884540000e+00
    100000   -74.00000000   1.1678900000e+00
    100000   -72.00000000   1.1447240000e+00
    100000   -70.00000000   1.1190770000e+00
    100000   -68.00000000   1.0910750000e+00
    100000   -66.00000000   1.0608620000e+00
    100000   -64.00000000   1.0285880000e+00
    100000   -62.00000000   9.9441600000e-01
    100000   -60.00000000   9.5851500000e-01
    100000   -58.00000000   9.2106600000e-01
    100000   -56.00000000   8.8225400000e-01
    100000   -54.00000000   8.4227400000e-01
    100000   -52.00000000   8.0132300000e-01
    100000   -50.00000000   7.5960500000e-01
    100000   -48.00000000   7.1732700000e-01
    100000   -46.00000000   6.7470000000e-01
    100000   -44.00000000   6.3193300000e-01
    100000   -42.00000000   5.8924000000e-01
    100000   -40.00000000   5.4683000000e-01
    100000   -38.00000000   5.0491500000e-01
    100000   -36.00000000   4.6370100000e-01
    100000   -34.00000000   4.2339200000e-01
    100000   -32.00000000   3.8418800000e-01
    100000   -30.00000000   3.4628100000e-01
    100000   -28.00000000   3.0986000000e-01
    100000   -26.00000000   2.7510300000e-01
    100000   -24.00000000   2.4218300000e-01
    100000   -22.00000000   2.1126100000e-01
    100000   -20.00000000   1.8249200000e-01
    100000   -18.00000000   1.5601500000e-01
    100000   -16.00000000   1.3196300000e-01
    100000   -14.00000000   1.1045300000e-01
    100000   -12.00000000   9.1592000000e-02
    100000   -10.00000000   7.5472000000e-02
    100000    -8.00000000   6.2174000000e-02
    100000    -6.00000000   5.5413000000e-02
    100000    -4.00000000   4.1354000000e-02
    100000    -2.00000000   2.7617000000e-02
    100000     0.00000000   2.5360000000e-02
    100000     2.00000000   2.5980000000e-02
    100000     4.00000000   2.7670000000e-02
    100000     6.00000000   2.9650000000e-02
    100000     8.00000000   3.4840000000e-02
    100000    10.00000000   4.0586000000e-02
    100000    12.00000000   4.6730000000e-02
    100000    14.00000000   6.6980000000e-02
    100000    16.00000000   8.5360000000e-02
    100000    18.00000000   1.0990700000e-01
    100000    20.00000000   1.3693400000e-01
    100000    22.00000000   1.6631100000e-01
    100000    24.00000000   1.9789300000e-01
    100000    26.00000000   2.3152800000e-01
    100000    28.00000000   2.6705300000e-01
    100000    30.00000000   3.0429500000e-01
    100000    32.00000000   3.4307300000e-01
    100000    34.00000000   3.8320000000e-01
    100000    36.00000000   4.2447900000e-01
    100000    38.00000000   4.6671100000e-01
    100000    40.00000000   5.0969200000e-01
    100000    42.00000000   5.5321100000e-01
    100000    44.00000000   5.9705900000e-01
    100000    46.00000000   6.4102200000e-01
    100000    48.00000000   6.8488700000e-01
    100000    50.00000000   7.2844200000e-01
    100000    52.00000000   7.7147500000e-01
    100000    54.00000000   8.1377700000e-01
    100000    56.00000000   8.5514400000e-01
    100000    58.00000000   8.9537500000e-01
    100000    60.00000000   9.3427500000e-01
    100000    62.00000000   9.7165500000e-01
    100000    64.00000000   1.0073360000e+00
    100000    66.00000000   1.0411430000e+00
    100000    68.00000000   1.0729140000e+00
    100000    70.00000000   1.1024950000e+00
    100000    72.00000000   1.1297430000e+00
    100000    74.00000000   1.1545260000e+00
    100000    76.00000000   1.1767260000e+00
    100000    78.00000000   1.1962340000e+00
    100000    80.00000000   1.2129580000e+00
    100000    82.00000000   1.2268170000e+00
    100000    84.00000000   1.2377450000e+00
    100000    86.00000000   1.2456900000e+00
    100000    88.00000000   1.2506150000e+00
    100000    90.00000000   1.2524960000e+00
    150000   -90.00000000   1.2524960000e+00
    150000   -88.00000000   1.2516610000e+00
    150000   -86.00000000   1.2477810000e+00
    150000   -84.00000000   1.2408780000e+00
    150000   -82.00000000   1.2309880000e+00
    150000   -80.00000000   1.2181620000e+00
    150000   -78.00000000   1.2024650000e+00
    150000   -76.00000000   1.1839760000e+00
    150000   -74.00000000   1.1627870000e+00
    150000   -72.00000000   1.1390040000e+00
    150000   -70.00000000   1.1127450000e+00
    150000   -68.00000000   1.0841400000e+00
    150000   -66.00000000   1.0533320000e+00
    150000   -64.00000000   1.0204730000e+00
    150000   -62.00000000   9.8572500000e-01
    150000   -60.00000000   9.4925900000e-01
    150000   -58.00000000   9.1125600000e-01
    150000   -56.00000000   8.7190200000e-01
    150000   -54.00000000   8.3139200000e-01
    150000   -52.00000000   7.8992500000e-01
    150000   -50.00000000   7.4770500000e-01
    150000   -48.00000000   7.0494000000e-01
    150000   -46.00000000   6.6184000000e-01
    150000   -44.00000000   6.1861600000e-01
    150000   -42.00000000   5.7548200000e-01
    150000   -40.00000000   5.3264900000e-01
    150000   -38.00000000   4.9032700000e-01
    150000   -36.00000000   4.4872400000e-01
    150000   -34.00000000   4.0804500000e-01
    150000   -32.00000000   3.6848800000e-01
    150000   -30.00000000   3.3024900000e-01
    150000   -28.00000000   2.9351400000e-01
    150000   -26.00000000   2.5846400000e-01
    150000   -24.00000000   2.2527100000e-01
    150000   -22.00000000   1.9409700000e-01
    150000   -20.00000000   1.6509500000e-01
    150000   -18.00000000   1.3840900000e-01
    150000   -16.00000000   1.1416700000e-01
    150000   -14.00000000   9.2490000000e-02
    150000   -12.00000000   7.3484000000e-02
    150000   -10.00000000   5.7241000000e-02
    150000    -8.00000000   4.5821000000e-02
    150000    -6.00000000   3.0759000000e-02
    150000    -4.00000000   2.2477000000e-02
    150000    -2.00000000   2.0050000000e-02
    150000     0.00000000   1.9870000000e-02
    150000     2.00000000   2.0690000000e-02
    150000     4.00000000   2.2310000000e-02
    150000     6.00000000   2.4230000000e-02
    150000     8.00000000   2.8130000000e-02
    150000    10.00000000   3.3630000000e-02
    150000    12.00000000   4.1530000000e-02
    150000    14.00000000   5.2281000000e-02
    150000    16.00000000   6.9847000000e-02
    150000    18.00000000   1.0207800000e-01
    150000    20.00000000   1.1733100000e-01
    150000    22.00000000   1.4696800000e-01
    150000    24.00000000   1.7883500000e-01
    150000    26.00000000   2.1277800000e-01
    150000    28.00000000   2.4863300000e-01
    150000    30.00000000   2.8622800000e-01
    150000    32.00000000   3.2538200000e-01
    150000    34.00000000   3.6590400000e-01
    150000    36.00000000   4.0760100000e-01
    150000    38.00000000   4.5027200000e-01
    150000    40.00000000   4.9371100000e-01
    150000    42.00000000   5.3770800000e-01
    150000    44.00000000   5.8205200000e-01
    150000    46.00000000   6.2653000000e-01
    150000    48.00000000   6.7092800000e-01
    150000    50.00000000   7.1503200000e-01
    150000    52.00000000   7.5863100000e-01
    150000    54.00000000   8.0151500000e-01
    150000    56.00000000   8.4347800000e-01
    150000    58.00000000   8.8432000000e-01
    150000    60.00000000   9.2384400000e-01
    150000    62.00000000   9.6186100000e-01
    150000    64.00000000   9.9819000000e-01
    150000    66.00000000   1.0326580000e+00
    150000    68.00000000   1.0650990000e+00
    150000    70.00000000   1.0953600000e+00
    150000    72.00000000   1.1232960000e+00
    150000    74.00000000   1.1487760000e+00
    150000    76.00000000   1.1716790000e+00
    150000    78.00000000   1.1918970000e+00
    150000    80.00000000   1.2093360000e+00
    150000    82.00000000   1.2239140000e+00
    150000    84.00000000   1.2355650000e+00
    150000    86.00000000   1.2442350000e+00
    150000    88.00000000   1.2498870000e+00
    150000    90.00000000   1.2524960000e+00
    200000   -90.00000000   1.2524960000e+00
    200000   -88.00000000   1.2512280000e+00
    200000   -86.00000000   1.2469150000e+00
    200000   -84.00000000   1.2395810000e+00
    200000   -82.00000000   1.2292610000e+00
    200000   -80.00000000   1.2160080000e+00
    200000   -78.00000000   1.1998860000e+00
    200000   -76.00000000   1.1809740000e+00
    200000   -74.00000000   1.1593670000e+00
    200000   -72.00000000   1.1351700000e+00
    200000   -70.00000000   1.1085010000e+00
    200000   -68.00000000   1.0794930000e+00
    200000   -66.00000000   1.0482860000e+00
    200000   -64.00000000   1.0150340000e+00
    200000   -62.00000000   9.7990000000e-01
    200000   -60.00000000   9.4305500000e-01
    200000   -58.00000000   9.0468100000e-01
    200000   -56.00000000   8.6496400000e-01
    200000   -54.00000000   8.2409900000e-01
    200000   -52.00000000   7.8228700000e-01
    200000   -50.00000000   7.3973000000e-01
    200000   -48.00000000   6.9663800000e-01
    200000   -46.00000000   6.5322100000e-01
    200000   -44.00000000   6.0969200000e-01
    200000   -42.00000000   5.6626200000e-01
    200000   -40.00000000   5.2314500000e-01
    200000   -38.00000000   4.8055000000e-01
    200000   -36.00000000   4.3868700000e-01
    200000   -34.00000000   3.9775900000e-01
    200000   -32.00000000   3.5796600000e-01
    200000   -30.00000000   3.1950400000e-01
    200000   -28.00000000   2.8255900000e-01
    200000   -26.00000000   2.4731300000e-01
    200000   -24.00000000   2.1393600000e-01
    200000   -22.00000000   1.8259300000e-01
    200000   -20.00000000   1.5343700000e-01
    200000   -18.00000000   1.2660900000e-01
    200000   -16.00000000   1.0224100000e-01
    200000   -14.00000000   8.0452000000e-02
    200000   -12.00000000   6.1348000000e-02
    200000   -10.00000000   4.5830000000e-02
    200000    -8.00000000   2.5987000000e-02
    200000    -6.00000000   2.1863000000e-02
    200000    -4.00000000   1.8360000000e-02
    200000    -2.00000000   1.7220000000e-02
    200000     0.00000000   1.7290000000e-02
    200000     2.00000000   1.8350000000e-02
    200000     4.00000000   2.0120000000e-02
    200000     6.00000000   2.2350000000e-02
    200000     8.00000000   2.5810000000e-02
    200000    10.00000000   3.1800000000e-02
    200000    12.00000000   3.9600000000e-02
    200000    14.00000000   5.0680000000e-02
    200000    16.00000000   6.3980000000e-02
    200000    18.00000000   8.3865000000e-02
    200000    20.00000000   1.2746100000e-01
    200000    22.00000000   1.3416800000e-01
    200000    24.00000000   1.6622300000e-01
    200000    26.00000000   2.0037000000e-01
    200000    28.00000000   2.3644400000e-01
    200000    30.00000000   2.7427200000e-01
    200000    32.00000000   3.1367400000e-01
    200000    34.00000000   3.5445900000e-01
    200000    36.00000000   3.9643300000e-01
    200000    38.00000000   4.3939300000e-01
    200000    40.00000000   4.8313500000e-01
    200000    42.00000000   5.2744800000e-01
    200000    44.00000000   5.7212100000e-01
    200000    46.00000000   6.1694000000e-01
    200000    48.00000000   6.6169000000e-01
    200000    50.00000000   7.0615800000e-01
    200000    52.00000000   7.5013100000e-01
    200000    54.00000000   7.9340000000e-01
    200000    56.00000000   8.3575800000e-01
    200000    58.00000000   8.7700400000e-01
    200000    60.00000000   9.1694100000e-01
    200000    62.00000000   9.5538000000e-01
    200000    64.00000000   9.9213900000e-01
    200000    66.00000000   1.0270430000e+00
    200000    68.00000000   1.0599280000e+00
    200000    70.00000000   1.0906380000e+00
    200000    72.00000000   1.1190300000e+00
    200000    74.00000000   1.1449710000e+00
    200000    76.00000000   1.1683390000e+00
    200000    78.00000000   1.1890270000e+00
    200000    80.00000000   1.2069380000e+00
    200000    82.00000000   1.2219930000e+00
    200000    84.00000000   1.2341220000e+00
    200000    86.00000000   1.2432720000e+00
    200000    88.00000000   1.2494050000e+00
    200000    90.00000000   1.2524960000e+00
    250000   -90.00000000   1.2524960000e+00
    250000   -88.00000000   1.2507420000e+00
    250000   -86.00000000   1.2459450000e+00
    250000   -84.00000000   1.2381280000e+00
    250000   -82.00000000   1.2273270000e+00
    250000   -80.00000000   1.2135940000e+00
    250000   -78.00000000   1.1969950000e+00
    250000   -76.00000000   1.1776110000e+00
    250000   -74.00000000   1.1555350000e+00
    250000   -72.00000000   1.1308740000e+00
    250000   -70.00000000   1.1037460000e+00
    250000   -68.00000000   1.0742850000e+00
    250000   -66.00000000   1.0426310000e+00
    250000   -64.00000000   1.0089400000e+00
    250000   -62.00000000   9.7337300000e-01
    250000   -60.00000000   9.3610400000e-01
    250000   -58.00000000   8.9731400000e-01
    250000   -56.00000000   8.5719000000e-01
    250000   -54.00000000   8.1592800000e-01
    250000   -52.00000000   7.7372700000e-01
    250000   -50.00000000   7.3079400000e-01
    250000   -48.00000000   6.8733500000e-01
    250000   -46.00000000   6.4356400000e-01
    250000   -44.00000000   5.9969100000e-01
    250000   -42.00000000   5.5593000000e-01
    250000   -40.00000000   5.1249400000e-01
    250000   -38.00000000   4.6959500000e-01
    250000   -36.00000000   4.2743900000e-01
    250000   -34.00000000   3.8623300000e-01
    250000   -32.00000000   3.4617600000e-01
    250000   -30.00000000   3.0746400000e-01
    250000   -28.00000000   2.7028400000e-01
    250000   -26.00000000   2.3481700000e-01
    250000   -24.00000000   2.0123500000e-01
    250000   -22.00000000   1.6970300000e-01
    250000   -20.00000000   1.4037200000e-01
    250000   -18.00000000   1.1338700000e-01
    250000   -16.00000000   8.8877000000e-02
    250000   -14.00000000   6.7491000000e-02
    250000   -12.00000000   5.3726000000e-02
    250000   -10.00000000   3.0536000000e-02
    250000    -8.00000000   2.3340000000e-02
    250000    -6.00000000   1.8380000000e-02
    250000    -4.00000000   1.6230000000e-02
    250000    -2.00000000   1.5580000000e-02
    250000     0.00000000   1.5870000000e-02
    250000     2.00000000   1.7090000000e-02
    250000     4.00000000   1.8890000000e-02
    250000     6.00000000   2.1370000000e-02
    250000     8.00000000   2.4760000000e-02
    250000    10.00000000   3.0880000000e-02
    250000    12.00000000   3.9730000000e-02
    250000    14.00000000   5.1160000000e-02
    250000    16.00000000   6.5760000000e-02
    250000    18.00000000   8.1845000000e-02
    250000    20.00000000   1.0300400000e-01
    250000    22.00000000   1.3153200000e-01
    250000    24.00000000   1.6488700000e-01
    250000    26.00000000   1.9905500000e-01
    250000    28.00000000   2.3515200000e-01
    250000    30.00000000   2.7300600000e-01
    250000    32.00000000   3.1243300000e-01
    250000    34.00000000   3.5324600000e-01
    250000    36.00000000   3.9524900000e-01
    250000    38.00000000   4.3824100000e-01
    250000    40.00000000   4.8201400000e-01
    250000    42.00000000   5.2636100000e-01
    250000    44.00000000   5.7106900000e-01
    250000    46.00000000   6.1592400000e-01
    250000    48.00000000   6.6071100000e-01
    250000    50.00000000   7.0521800000e-01
    250000    52.00000000   7.4923100000e-01
    250000    54.00000000   7.9254000000e-01
    250000    56.00000000   8.3494000000e-01
    250000    58.00000000   8.7622900000e-01
    250000    60.00000000   9.1621000000e-01
    250000    62.00000000   9.5469300000e-01
    250000    64.00000000   9.9149700000e-01
    250000    66.00000000   1.0264480000e+00
    250000    68.00000000   1.0593800000e+00
    250000    70.00000000   1.0901380000e+00
    250000    72.00000000   1.1185780000e+00
    250000    74.00000000   1.1445680000e+00
    250000    76.00000000   1.1679850000e+00
    250000    78.00000000   1.1887230000e+00
    250000    80.00000000   1.2066840000e+00
    250000    82.00000000   1.2217890000e+00
    250000    84.00000000   1.2339690000e+00
    250000    86.00000000   1.2431700000e+00
    250000    88.00000000   1.2493540000e+00
    250000    90.00000000   1.2524960000e+00
     50000   -90.00000000   1.2524960000e+00
     50000   -88.00000000   1.2547920000e+00
     50000   -86.00000000   1.2540400000e+00
     50000   -84.00000000   1.2502570000e+00
     50000   -82.00000000   1.2434750000e+00
     50000   -80.00000000   1.2337430000e+00
     50000   -78.00000000   1.2211200000e+00
     50000   -76.00000000   1.2056820000e+00
     50000   -74.00000000   1.1875180000e+00
     50000   -72.00000000   1.1667300000e+00
     50000   -70.00000000   1.1434320000e+00
     50000   -68.00000000   1.1177520000e+00
     50000   -66.00000000   1.0898260000e+00
     50000   -64.00000000   1.0598050000e+00
     50000   -62.00000000   1.0278470000e+00
     50000   -60.00000000   9.9412100000e-01
     50000   -58.00000000   9.5880200000e-01
     50000   -56.00000000   9.2207500000e-01
     50000   -54.00000000   8.8413000000e-01
     50000   -52.00000000   8.4516400000e-01
     50000   -50.00000000   8.0537800000e-01
     50000   -48.00000000   7.6497700000e-01
     50000   -46.00000000   7.2416700000e-01
     50000   -44.00000000   6.8315800000e-01
     50000   -42.00000000   6.4216000000e-01
     50000   -40.00000000   6.0138100000e-01
     50000   -38.00000000   5.6103000000e-01
     50000   -36.00000000   5.2131200000e-01
     50000   -34.00000000   4.8242900000e-01
     50000   -32.00000000   4.4457800000e-01
     50000   -30.00000000   4.0795200000e-01
     50000   -28.00000000   3.7273500000e-01
     50000   -26.00000000   3.3910700000e-01
     50000   -24.00000000   3.0723700000e-01
     50000   -22.00000000   2.7728700000e-01
     50000   -20.00000000   2.4940800000e-01
     50000   -18.00000000   2.2374100000e-01
     50000   -16.00000000   2.0041500000e-01
     50000   -14.00000000   1.7954900000e-01
     50000   -12.00000000   1.6124700000e-01
     50000   -10.00000000   1.4560100000e-01
     50000    -8.00000000   1.3269200000e-01
     50000    -6.00000000   1.2486800000e-01
     50000    -4.00000000   1.1382500000e-01
     50000    -2.00000000   7.2028000000e-02
     50000     0.00000000   6.2210000000e-02
     50000     2.00000000   6.5030000000e-02
     50000     4.00000000   7.8930000000e-02
     50000     6.00000000   1.1287000000e-01
     50000     8.00000000   1.3035000000e-01
     50000    10.00000000   1.5271000000e-01
     50000    12.00000000   1.7313000000e-01
     50000    14.00000000   1.9225000000e-01
     50000    16.00000000   2.1013800000e-01
     50000    18.00000000   2.2838000000e-01
     50000    20.00000000   2.5298800000e-01
     50000    22.00000000   2.8222300000e-01
     50000    24.00000000   3.1210100000e-01
     50000    26.00000000   3.4389200000e-01
     50000    28.00000000   3.7743600000e-01
     50000    30.00000000   4.1256200000e-01
     50000    32.00000000   4.4909300000e-01
     50000    34.00000000   4.8684300000e-01
     50000    36.00000000   5.2561900000e-01
     50000    38.00000000   5.6522500000e-01
     50000    40.00000000   6.0545900000e-01
     50000    42.00000000   6.4611600000e-01
     50000    44.00000000   6.8698800000e-01
     50000    46.00000000   7.2786500000e-01
     50000    48.00000000   7.6853900000e-01
     50000    50.00000000   8.0880100000e-01
     50000    52.00000000   8.4844200000e-01
     50000    54.00000000   8.8726000000e-01
     50000    56.00000000   9.2505200000e-01
     50000    58.00000000   9.6162300000e-01
     50000    60.00000000   9.9678300000e-01
     50000    62.00000000   1.0303470000e+00
     50000    64.00000000   1.0621390000e+00
     50000    66.00000000   1.0919920000e+00
     50000    68.00000000   1.1197460000e+00
     50000    70.00000000   1.1452530000e+00
     50000    72.00000000   1.1683750000e+00
     50000    74.00000000   1.1889850000e+00
     50000    76.00000000   1.2069700000e+00
     50000    78.00000000   1.2222270000e+00
     50000    80.00000000   1.2346670000e+00
     50000    82.00000000   1.2442160000e+00
     50000    84.00000000   1.2508130000e+00
     50000    86.00000000   1.2544110000e+00
     50000    88.00000000   1.2549780000e+00
     50000    90.00000000   1.2524960000e+00
    100000   -90.00000000   1.2524960000e+00
    100000   -88.00000000   1.2523320000e+00
    100000   -86.00000000   1.2491230000e+00
    100000   -84.00000000   1.2428890000e+00
    100000   -82.00000000   1.2336660000e+00
    100000   -80.00000000   1.2215030000e+00
    100000   -78.00000000   1.2064650000e+00
    100000   -76.00000000   1.1886300000e+00
    100000   -74.00000000   1.1680900000e+00
    100000   -72.00000000   1.1449490000e+00
    100000   -70.00000000   1.1193250000e+00
    100000   -68.00000000   1.0913480000e+00
    100000   -66.00000000   1.0611580000e+00
    100000   -64.00000000   1.0289070000e+00
    100000   -62.00000000   9.9475700000e-01
    100000   -60.00000000   9.5887900000e-01
    100000   -58.00000000   9.2145100000e-01
    100000   -56.00000000   8.8266100000e-01
    100000   -54.00000000   8.4270100000e-01
    100000   -52.00000000   8.0177000000e-01
    100000   -50.00000000   7.6007200000e-01
    100000   -48.00000000   7.1781400000e-01
    100000   -46.00000000   6.7520500000e-01
    100000   -44.00000000   6.3245600000e-01
    100000   -42.00000000   5.8978000000e-01
    100000   -40.00000000   5.4738700000e-01
    100000   -38.00000000   5.0548800000e-01
    100000   -36.00000000   4.6428900000e-01
    100000   -34.00000000   4.2399500000e-01
    100000   -32.00000000   3.8480400000e-01
    100000   -30.00000000   3.4691100000e-01
    100000   -28.00000000   3.1050200000e-01
    100000   -26.00000000   2.7575600000e-01
    100000   -24.00000000   2.4284700000e-01
    100000   -22.00000000   2.1193600000e-01
    100000   -20.00000000   1.8317500000e-01
    100000   -18.00000000   1.5670700000e-01
    100000   -16.00000000   1.3266200000e-01
    100000   -14.00000000   1.1115900000e-01
    100000   -12.00000000   9.2303000000e-02
    100000   -10.00000000   7.6188000000e-02
    100000    -8.00000000   6.4058000000e-02
    100000    -6.00000000   5.9342000000e-02
    100000    -4.00000000   3.7510000000e-02
    100000    -2.00000000   2.6840000000e-02
    100000     0.00000000   2.3320000000e-02
    100000     2.00000000   2.3490000000e-02
    100000     4.00000000   2.4580000000e-02
    100000     6.00000000   2.7640000000e-02
    100000     8.00000000   3.2550000000e-02
    100000    10.00000000   3.8919000000e-02
    100000    12.00000000   4.7038000000e-02
    100000    14.00000000   7.5937000000e-02
    100000    16.00000000   8.6412000000e-02
    100000    18.00000000   1.1094800000e-01
    100000    20.00000000   1.3796300000e-01
    100000    22.00000000   1.6732500000e-01
    100000    24.00000000   1.9889300000e-01
    100000    26.00000000   2.3251200000e-01
    100000    28.00000000   2.6802000000e-01
    100000    30.00000000   3.0524300000e-01
    100000    32.00000000   3.4400200000e-01
    100000    34.00000000   3.8410700000e-01
    100000    36.00000000   4.2536500000e-01
    100000    38.00000000   4.6757400000e-01
    100000    40.00000000   5.1053000000e-01
    100000    42.00000000   5.5402500000e-01
    100000    44.00000000   5.9784600000e-01
    100000    46.00000000   6.4178200000e-01
    100000    48.00000000   6.8562000000e-01
    100000    50.00000000   7.2914500000e-01
    100000    52.00000000   7.7214800000e-01
    100000    54.00000000   8.1442000000e-01
    100000    56.00000000   8.5575600000e-01
    100000    58.00000000   8.9595500000e-01
    100000    60.00000000   9.3482200000e-01
    100000    62.00000000   9.7216900000e-01
    100000    64.00000000   1.0078160000e+00
    100000    66.00000000   1.0415880000e+00
    100000    68.00000000   1.0733240000e+00
    100000    70.00000000   1.1028690000e+00
    100000    72.00000000   1.1300810000e+00
    100000    74.00000000   1.1548280000e+00
    100000    76.00000000   1.1769910000e+00
    100000    78.00000000   1.1964620000e+00
    100000    80.00000000   1.2131480000e+00
    100000    82.00000000   1.2269700000e+00
    100000    84.00000000   1.2378600000e+00
    100000    86.00000000   1.2457670000e+00
    100000    88.00000000   1.2506530000e+00
    100000    90.00000000   1.2524960000e+00
    150000   -90.00000000   1.2524960000e+00
    150000   -88.00000000   1.2516010000e+00
    150000   -86.00000000   1.2476610000e+00
    150000   -84.00000000   1.2406980000e+00
    150000   -82.00000000   1.2307490000e+00
    150000   -80.00000000   1.2178640000e+00
    150000   -78.00000000   1.2021080000e+00
    150000   -76.00000000   1.1835600000e+00
    150000   -74.00000000   1.1623130000e+00
    150000   -72.00000000   1.1384730000e+00
    150000   -70.00000000   1.1121570000e+00
    150000   -68.00000000   1.0834970000e+00
    150000   -66.00000000   1.0526340000e+00
    150000   -64.00000000   1.0197200000e+00
    150000   -62.00000000   9.8491800000e-01
    150000   -60.00000000   9.4840000000e-01
    150000   -58.00000000   9.1034500000e-01
    150000   -56.00000000   8.7094100000e-01
    150000   -54.00000000   8.3038200000e-01
    150000   -52.00000000   7.8886700000e-01
    150000   -50.00000000   7.4660100000e-01
    150000   -48.00000000   7.0379000000e-01
    150000   -46.00000000   6.6064600000e-01
    150000   -44.00000000   6.1738000000e-01
    150000   -42.00000000   5.7420500000e-01
    150000   -40.00000000   5.3133300000e-01
    150000   -38.00000000   4.8897300000e-01
    150000   -36.00000000   4.4733400000e-01
    150000   -34.00000000   4.0662000000e-01
    150000   -32.00000000   3.6703100000e-01
    150000   -30.00000000   3.2876100000e-01
    150000   -28.00000000   2.9199700000e-01
    150000   -26.00000000   2.5691900000e-01
    150000   -24.00000000   2.2370100000e-01
    150000   -22.00000000   1.9250400000e-01
    150000   -20.00000000   1.6348100000e-01
    150000   -18.00000000   1.3677500000e-01
    150000   -16.00000000   1.1251600000e-01
    150000   -14.00000000   9.0823000000e-02
    150000   -12.00000000   7.1803000000e-02
    150000   -10.00000000   5.6565000000e-02
    150000    -8.00000000   4.5924000000e-02
    150000    -6.00000000   2.9590000000e-02
    150000    -4.00000000   2.2280000000e-02
    150000    -2.00000000   1.8620000000e-02
    150000     0.00000000   1.8150000000e-02
    150000     2.00000000   1.8910000000e-02
    150000     4.00000000   2.0260000000e-02
    150000     6.00000000   2.2400000000e-02
    150000     8.00000000   2.6450000000e-02
    150000    10.00000000   3.1610000000e-02
    150000    12.00000000   3.8910000000e-02
    150000    14.00000000   4.8870000000e-02
    150000    16.00000000   6.1469000000e-02
    150000    18.00000000   8.3768000000e-02
    150000    20.00000000   1.0623000000e-01
    150000    22.00000000   1.3532600000e-01
    150000    24.00000000   1.6736400000e-01
    150000    26.00000000   2.0149300000e-01
    150000    28.00000000   2.3754700000e-01
    150000    30.00000000   2.7535500000e-01
    150000    32.00000000   3.1473400000e-01
    150000    34.00000000   3.5549500000e-01
    150000    36.00000000   3.9744400000e-01
    150000    38.00000000   4.4037800000e-01
    150000    40.00000000   4.8409200000e-01
    150000    42.00000000   5.2837700000e-01
    150000    44.00000000   5.7302000000e-01
    150000    46.00000000   6.1780800000e-01
    150000    48.00000000   6.6252600000e-01
    150000    50.00000000   7.0696100000e-01
    150000    52.00000000   7.5090100000e-01
    150000    54.00000000   7.9413500000e-01
    150000    56.00000000   8.3645700000e-01
    150000    58.00000000   8.7766600000e-01
    150000    60.00000000   9.1756600000e-01
    150000    62.00000000   9.5596700000e-01
    150000    64.00000000   9.9268600000e-01
    150000    66.00000000   1.0275510000e+00
    150000    68.00000000   1.0603960000e+00
    150000    70.00000000   1.0910660000e+00
    150000    72.00000000   1.1194160000e+00
    150000    74.00000000   1.1453150000e+00
    150000    76.00000000   1.1686410000e+00
    150000    78.00000000   1.1892860000e+00
    150000    80.00000000   1.2071550000e+00
    150000    82.00000000   1.2221670000e+00
    150000    84.00000000   1.2342520000e+00
    150000    86.00000000   1.2433590000e+00
    150000    88.00000000   1.2494480000e+00
    150000    90.00000000   1.2524960000e+00
    200000   -90.00000000   1.2524960000e+00
    200000   -88.00000000   1.2508990000e+00
    200000   -86.00000000   1.2462580000e+00
    200000   -84.00000000   1.2385970000e+00
    200000   -82.00000000   1.2279510000e+00
    200000   -80.00000000   1.2143730000e+00
    200000   -78.00000000   1.1979280000e+00
    200000   -76.00000000   1.1786970000e+00
    200000   -74.00000000   1.1567720000e+00
    200000   -72.00000000   1.1322600000e+00
    200000   -70.00000000   1.1052810000e+00
    200000   -68.00000000   1.0759660000e+00
    200000   -66.00000000   1.0444560000e+00
    200000   -64.00000000   1.0109070000e+00
    200000   -62.00000000   9.7548000000e-01
    200000   -60.00000000   9.3834800000e-01
    200000   -58.00000000   8.9969100000e-01
    200000   -56.00000000   8.5969900000e-01
    200000   -54.00000000   8.1856500000e-01
    200000   -52.00000000   7.7649000000e-01
    200000   -50.00000000   7.3367800000e-01
    200000   -48.00000000   6.9033800000e-01
    200000   -46.00000000   6.4668100000e-01
    200000   -44.00000000   6.0291900000e-01
    200000   -42.00000000   5.5926500000e-01
    200000   -40.00000000   5.1593200000e-01
    200000   -38.00000000   4.7313100000e-01
    200000   -36.00000000   4.3106900000e-01
    200000   -34.00000000   3.8995300000e-01
    200000   -32.00000000   3.4998200000e-01
    200000   -30.00000000   3.1135000000e-01
    200000   -28.00000000   2.7424600000e-01
    200000   -26.00000000   2.3885000000e-01
    200000   -24.00000000   2.0533500000e-01
    200000   -22.00000000   1.7386300000e-01
    200000   -20.00000000   1.4458900000e-01
    200000   -18.00000000   1.1765400000e-01
    200000   -16.00000000   9.3190000000e-02
    200000   -14.00000000   7.1316000000e-02
    200000   -12.00000000   6.4985000000e-02
    200000   -10.00000000   3.7439000000e-02
    200000    -8.00000000   2.8680000000e-02
    200000    -6.00000000   2.1870000000e-02
    200000    -4.00000000   1.7470000000e-02
    200000    -2.00000000   1.5850000000e-02
    200000     0.00000000   1.5870000000e-02
    200000     2.00000000   1.6730000000e-02
    200000     4.00000000   1.8300000000e-02
    200000     6.00000000   2.0160000000e-02
    200000     8.00000000   2.4190000000e-02
    200000    10.00000000   2.9600000000e-02
    200000    12.00000000   3.6960000000e-02
    200000    14.00000000   4.6091000000e-02
    200000    16.00000000   6.4070000000e-02
    200000    18.00000000   8.9086000000e-02
    200000    20.00000000   1.1638400000e-01
    200000    22.00000000   1.4603400000e-01
    200000    24.00000000   1.7791500000e-01
    200000    26.00000000   2.1187300000e-01
    200000    28.00000000   2.4774400000e-01
    200000    30.00000000   2.8535600000e-01
    200000    32.00000000   3.2452800000e-01
    200000    34.00000000   3.6507000000e-01
    200000    36.00000000   4.0678700000e-01
    200000    38.00000000   4.4947900000e-01
    200000    40.00000000   4.9293900000e-01
    200000    42.00000000   5.3695900000e-01
    200000    44.00000000   5.8132800000e-01
    200000    46.00000000   6.2583100000e-01
    200000    48.00000000   6.7025400000e-01
    200000    50.00000000   7.1438500000e-01
    200000    52.00000000   7.5801100000e-01
    200000    54.00000000   8.0092300000e-01
    200000    56.00000000   8.4291500000e-01
    200000    58.00000000   8.8378600000e-01
    200000    60.00000000   9.2334000000e-01
    200000    62.00000000   9.6138900000e-01
    200000    64.00000000   9.9774900000e-01
    200000    66.00000000   1.0322480000e+00
    200000    68.00000000   1.0647220000e+00
    200000    70.00000000   1.0950150000e+00
    200000    72.00000000   1.1229850000e+00
    200000    74.00000000   1.1484990000e+00
    200000    76.00000000   1.1714350000e+00
    200000    78.00000000   1.1916880000e+00
    200000    80.00000000   1.2091610000e+00
    200000    82.00000000   1.2237740000e+00
    200000    84.00000000   1.2354590000e+00
    200000    86.00000000   1.2441650000e+00
    200000    88.00000000   1.2498510000e+00
    200000    90.00000000   1.2524960000e+00
    250000   -90.00000000   1.2524960000e+00
    250000   -88.00000000   1.2504260000e+00
    250000   -86.00000000   1.2453140000e+00
    250000   -84.00000000   1.2371810000e+00
    250000   -82.00000000   1.2260660000e+00
    250000   -80.00000000   1.2120210000e+00
    250000   -78.00000000   1.1951120000e+00
    250000   -76.00000000   1.1754200000e+00
    250000   -74.00000000   1.1530390000e+00
    250000   -72.00000000   1.1280750000e+00
    250000   -70.00000000   1.1006490000e+00
    250000   -68.00000000   1.0708920000e+00
    250000   -66.00000000   1.0389480000e+00
    250000   -64.00000000   1.0049700000e+00
    250000   -62.00000000   9.6912200000e-01
    250000   -60.00000000   9.3157600000e-01
    250000   -58.00000000   8.9251500000e-01
    250000   -56.00000000   8.5212600000e-01
    250000   -54.00000000   8.1060500000e-01
    250000   -52.00000000   7.6815200000e-01
    250000   -50.00000000   7.2497300000e-01
    250000   -48.00000000   6.8127600000e-01
    250000   -46.00000000   6.3727300000e-01
    250000   -44.00000000   5.9317700000e-01
    250000   -42.00000000   5.4920000000e-01
    250000   -40.00000000   5.0555700000e-01
    250000   -38.00000000   4.6245900000e-01
    250000   -36.00000000   4.2011300000e-01
    250000   -34.00000000   3.7872500000e-01
    250000   -32.00000000   3.3849700000e-01
    250000   -30.00000000   2.9962100000e-01
    250000   -28.00000000   2.6228800000e-01
    250000   -26.00000000   2.2667800000e-01
    250000   -24.00000000   1.9296300000e-01
    250000   -22.00000000   1.6130700000e-01
    250000   -20.00000000   1.3186300000e-01
    250000   -18.00000000   1.0477400000e-01
    250000   -16.00000000   8.0172000000e-02
    250000   -14.00000000   6.7870000000e-02
    250000   -12.00000000   3.4870000000e-02
    250000   -10.00000000   3.0009000000e-02
    250000    -8.00000000   2.3690000000e-02
    250000    -6.00000000   1.8020000000e-02
    250000    -4.00000000   1.5140000000e-02
    250000    -2.00000000   1.4320000000e-02
    250000     0.00000000   1.4520000000e-02
    250000     2.00000000   1.5570000000e-02
    250000     4.00000000   1.7160000000e-02
    250000     6.00000000   1.8970000000e-02
    250000     8.00000000   2.2910000000e-02
    250000    10.00000000   2.8530000000e-02
    250000    12.00000000   3.6600000000e-02
    250000    14.00000000   4.7260000000e-02
    250000    16.00000000   6.6280000000e-02
    250000    18.00000000   8.7387000000e-02
    250000    20.00000000   1.1228800000e-01
    250000    22.00000000   1.4158600000e-01
    250000    24.00000000   1.7411800000e-01
    250000    26.00000000   2.0813700000e-01
    250000    28.00000000   2.4407500000e-01
    250000    30.00000000   2.8175700000e-01
    250000    32.00000000   3.2100300000e-01
    250000    34.00000000   3.6162400000e-01
    250000    36.00000000   4.0342500000e-01
    250000    38.00000000   4.4620400000e-01
    250000    40.00000000   4.8975600000e-01
    250000    42.00000000   5.3387100000e-01
    250000    44.00000000   5.7833800000e-01
    250000    46.00000000   6.2294400000e-01
    250000    48.00000000   6.6747300000e-01
    250000    50.00000000   7.1171300000e-01
    250000    52.00000000   7.5545200000e-01
    250000    54.00000000   7.9848000000e-01
    250000    56.00000000   8.4059100000e-01
    250000    58.00000000   8.8158400000e-01
    250000    60.00000000   9.2126200000e-01
    250000    62.00000000   9.5943700000e-01
    250000    64.00000000   9.9592700000e-01
    250000    66.00000000   1.0305580000e+00
    250000    68.00000000   1.0631650000e+00
    250000    70.00000000   1.0935940000e+00
    250000    72.00000000   1.1217010000e+00
    250000    74.00000000   1.1473530000e+00
    250000    76.00000000   1.1704300000e+00
    250000    78.00000000   1.1908240000e+00
    250000    80.00000000   1.2084390000e+00
    250000    82.00000000   1.2231950000e+00
    250000    84.00000000   1.2350250000e+00
    250000    86.00000000   1.2438750000e+00
    250000    88.00000000   1.2497060000e+00
    250000    90.00000000   1.2524960000e+00
     50000   -90.00000000   1.2524960000e+00
     50000   -88.00000000   1.2544420000e+00
     50000   -86.00000000   1.2533400000e+00
     50000   -84.00000000   1.2492080000e+00
     50000   -82.00000000   1.2420790000e+00
     50000   -80.00000000   1.2320010000e+00
     50000   -78.00000000   1.2190350000e+00
     50000   -76.00000000   1.2032560000e+00
     50000   -74.00000000   1.1847530000e+00
     50000   -72.00000000   1.1636300000e+00
     50000   -70.00000000   1.1400020000e+00
     50000   -68.00000000   1.1139940000e+00
     50000   -66.00000000   1.0857470000e+00
     50000   -64.00000000   1.0554090000e+00
     50000   -62.00000000   1.0231390000e+00
     50000   -60.00000000   9.8910600000e-01
     50000   -58.00000000   9.5348700000e-01
     50000   -56.00000000   9.1646600000e-01
     50000   -54.00000000   8.7823500000e-01
     50000   -52.00000000   8.3899000000e-01
     50000   -50.00000000   7.9893100000e-01
     50000   -48.00000000   7.5826600000e-01
     50000   -46.00000000   7.1720000000e-01
     50000   -44.00000000   6.7594300000e-01
     50000   -42.00000000   6.3470600000e-01
     50000   -40.00000000   5.9369800000e-01
     50000   -38.00000000   5.5312700000e-01
     50000   -36.00000000   5.1319800000e-01
     50000   -34.00000000   4.7411400000e-01
     50000   -32.00000000   4.3607200000e-01
     50000   -30.00000000   3.9926600000e-01
     50000   -28.00000000   3.6387900000e-01
     50000   -26.00000000   3.3009200000e-01
     50000   -24.00000000   2.9807500000e-01
     50000   -22.00000000   2.6798800000e-01
     50000   -20.00000000   2.3998300000e-01
     50000   -18.00000000   2.1420200000e-01
     50000   -16.00000000   1.9077400000e-01
     50000   -14.00000000   1.6981700000e-01
     50000   -12.00000000   1.5143600000e-01
     50000   -10.00000000   1.3572400000e-01
     50000    -8.00000000   1.2275900000e-01
     50000    -6.00000000   1.1350300000e-01
     50000    -4.00000000   1.0532000000e-01
     50000    -2.00000000   6.1106000000e-02
     50000     0.00000000   5.6290000000e-02
     50000     2.00000000   5.8770000000e-02
     50000     4.00000000   6.5640000000e-02
     50000     6.00000000   9.1180000000e-02
     50000     8.00000000   1.2365200000e-01
     50000    10.00000000   1.4930000000e-01
     50000    12.00000000   1.6961000000e-01
     50000    14.00000000   1.8888500000e-01
     50000    16.00000000   2.0763700000e-01
     50000    18.00000000   2.2685000000e-01
     50000    20.00000000   2.4955700000e-01
     50000    22.00000000   2.7985400000e-01
     50000    24.00000000   3.0976600000e-01
     50000    26.00000000   3.4159500000e-01
     50000    28.00000000   3.7517900000e-01
     50000    30.00000000   4.1034900000e-01
     50000    32.00000000   4.4692600000e-01
     50000    34.00000000   4.8472400000e-01
     50000    36.00000000   5.2355200000e-01
     50000    38.00000000   5.6321200000e-01
     50000    40.00000000   6.0350200000e-01
     50000    42.00000000   6.4421700000e-01
     50000    44.00000000   6.8515000000e-01
     50000    46.00000000   7.2609000000e-01
     50000    48.00000000   7.6682900000e-01
     50000    50.00000000   8.0715800000e-01
     50000    52.00000000   8.4686900000e-01
     50000    54.00000000   8.8575700000e-01
     50000    56.00000000   9.2362300000e-01
     50000    58.00000000   9.6026900000e-01
     50000    60.00000000   9.9550500000e-01
     50000    62.00000000   1.0291470000e+00
     50000    64.00000000   1.0610190000e+00
     50000    66.00000000   1.0909520000e+00
     50000    68.00000000   1.1187890000e+00
     50000    70.00000000   1.1443790000e+00
     50000    72.00000000   1.1675850000e+00
     50000    74.00000000   1.1882810000e+00
     50000    76.00000000   1.2063520000e+00
     50000    78.00000000   1.2216950000e+00
     50000    80.00000000   1.2342230000e+00
     50000    82.00000000   1.2438610000e+00
     50000    84.00000000   1.2505460000e+00
     50000    86.00000000   1.2542330000e+00
     50000    88.00000000   1.2548890000e+00
     50000    90.00000000   1.2524960000e+00
    100000   -90.00000000   1.2524960000e+00
    100000   -88.00000000   1.2525930000e+00
    100000   -86.00000000   1.2496440000e+00
    100000   -84.00000000   1.2436690000e+00
    100000   -82.00000000   1.2347050000e+00
    100000   -80.00000000   1.2228000000e+00
    100000   -78.00000000   1.2080180000e+00
    100000   -76.00000000   1.1904370000e+00
    100000   -74.00000000   1.1701480000e+00
    100000   -72.00000000   1.1472560000e+00
    100000   -70.00000000   1.1218790000e+00
    100000   -68.00000000   1.0941450000e+00
    100000   -66.00000000   1.0641950000e+00
    100000   -64.00000000   1.0321800000e+00
    100000   -62.00000000   9.9826200000e-01
    100000   -60.00000000   9.6261200000e-01
    100000   -58.00000000   9.2540700000e-01
    100000   -56.00000000   8.8683600000e-01
    100000   -54.00000000   8.4708900000e-01
    100000   -52.00000000   8.0636700000e-01
    100000   -50.00000000   7.6487100000e-01
    100000   -48.00000000   7.2281000000e-01
    100000   -46.00000000   6.8039100000e-01
    100000   -44.00000000   6.3782700000e-01
    100000   -42.00000000   5.9532800000e-01
    100000   -40.00000000   5.5310700000e-01
    100000   -38.00000000   5.1137100000e-01
    100000   -36.00000000   4.7033000000e-01
    100000   -34.00000000   4.3018500000e-01
    100000   -32.00000000   3.9113600000e-01
    100000   -30.00000000   3.5337700000e-01
    100000   -28.00000000   3.1709400000e-01
    100000   -26.00000000   2.8246700000e-01
    100000   -24.00000000   2.4966800000e-01
    100000   -22.00000000   2.1885800000e-01
    100000   -20.00000000   1.9019100000e-01
    100000   -18.00000000   1.6380700000e-01
    100000   -16.00000000   1.3983900000e-01
    100000   -14.00000000   1.1840300000e-01
    100000   -12.00000000   9.9606000000e-02
    100000   -10.00000000   8.3541000000e-02
    100000    -8.00000000   7.4217000000e-02
    100000    -6.00000000   5.9910000000e-02
    100000    -4.00000000   3.6451000000e-02
    100000    -2.00000000   2.8170000000e-02
    100000     0.00000000   2.2250000000e-02
    100000     2.00000000   2.1560000000e-02
    100000     4.00000000   2.2430000000e-02
    100000     6.00000000   2.6030000000e-02
    100000     8.00000000   3.0650000000e-02
    100000    10.00000000   3.6440000000e-02
    100000    12.00000000   4.4103000000e-02
    100000    14.00000000   5.2857000000e-02
    100000    16.00000000   7.7069000000e-02
    100000    18.00000000   9.1558000000e-02
    100000    20.00000000   1.1880400000e-01
    100000    22.00000000   1.4842200000e-01
    100000    24.00000000   1.8026700000e-01
    100000    26.00000000   2.1418700000e-01
    100000    28.00000000   2.5001800000e-01
    100000    30.00000000   2.8758600000e-01
    100000    32.00000000   3.2671100000e-01
    100000    34.00000000   3.6720400000e-01
    100000    36.00000000   4.0887000000e-01
    100000    38.00000000   4.5150800000e-01
    100000    40.00000000   4.9491200000e-01
    100000    42.00000000   5.3887300000e-01
    100000    44.00000000   5.8318000000e-01
    100000    46.00000000   6.2761900000e-01
    100000    48.00000000   6.7197700000e-01
    100000    50.00000000   7.1604000000e-01
    100000    52.00000000   7.5959600000e-01
    100000    54.00000000   8.0243600000e-01
    100000    56.00000000   8.4435500000e-01
    100000    58.00000000   8.8515100000e-01
    100000    60.00000000   9.2462800000e-01
    100000    62.00000000   9.6259700000e-01
    100000    64.00000000   9.9887800000e-01
    100000    66.00000000   1.0332960000e+00
    100000    68.00000000   1.0656870000e+00
    100000    70.00000000   1.0958960000e+00
    100000    72.00000000   1.1237810000e+00
    100000    74.00000000   1.1492080000e+00
    100000    76.00000000   1.1720580000e+00
    100000    78.00000000   1.1922230000e+00
    100000    80.00000000   1.2096080000e+00
    100000    82.00000000   1.2241320000e+00
    100000    84.00000000   1.2357290000e+00
    100000    86.00000000   1.2443440000e+00
    100000    88.00000000   1.2499410000e+00
    100000    90.00000000   1.2524960000e+00
    150000   -90.00000000   1.2524960000e+00
    150000   -88.00000000   1.2514110000e+00
    150000   -86.00000000   1.2472820000e+00
    150000   -84.00000000   1.2401300000e+00
    150000   -82.00000000   1.2299920000e+00
    150000   -80.00000000   1.2169200000e+00
    150000   -78.00000000   1.2009780000e+00
    150000   -76.00000000   1.1822450000e+00
    150000   -74.00000000   1.1608150000e+00
    150000   -72.00000000   1.1367930000e+00
    150000   -70.00000000   1.1102980000e+00
    150000   -68.00000000   1.0814600000e+00
    150000   -66.00000000   1.0504220000e+00
    150000   -64.00000000   1.0173370000e+00
    150000   -62.00000000   9.8236600000e-01
    150000   -60.00000000   9.4568200000e-01
    150000   -58.00000000   9.0746400000e-01
    150000   -56.00000000   8.6790100000e-01
    150000   -54.00000000   8.2718700000e-01
    150000   -52.00000000   7.8552000000e-01
    150000   -50.00000000   7.4310600000e-01
    150000   -48.00000000   7.0015300000e-01
    150000   -46.00000000   6.5687000000e-01
    150000   -44.00000000   6.1347000000e-01
    150000   -42.00000000   5.7016500000e-01
    150000   -40.00000000   5.2716800000e-01
    150000   -38.00000000   4.8468900000e-01
    150000   -36.00000000   4.4293600000e-01
    150000   -34.00000000   4.0211300000e-01
    150000   -32.00000000   3.6242100000e-01
    150000   -30.00000000   3.2405200000e-01
    150000   -28.00000000   2.8719700000e-01
    150000   -26.00000000   2.5203300000e-01
    150000   -24.00000000   2.1873400000e-01
    150000   -22.00000000   1.8746300000e-01
    150000   -20.00000000   1.5837200000e-01
    150000   -18.00000000   1.3160400000e-01
    150000   -16.00000000   1.0729000000e-01
    150000   -14.00000000   8.5548000000e-02
    150000   -12.00000000   6.6485000000e-02
    150000   -10.00000000   5.1850000000e-02
    150000    -8.00000000   4.4649000000e-02
    150000    -6.00000000   2.8720000000e-02
    150000    -4.00000000   2.3000000000e-02
    150000    -2.00000000   1.7980000000e-02
    150000     0.00000000   1.6780000000e-02
    150000     2.00000000   1.7280000000e-02
    150000     4.00000000   1.8150000000e-02
    150000     6.00000000   2.1210000000e-02
    150000     8.00000000   2.5070000000e-02
    150000    10.00000000   3.0050000000e-02
    150000    12.00000000   3.5926000000e-02
    150000    14.00000000   4.8976000000e-02
    150000    16.00000000   7.1269000000e-02
    150000    18.00000000   9.6044000000e-02
    150000    20.00000000   1.2323700000e-01
    150000    22.00000000   1.5279500000e-01
    150000    24.00000000   1.8457700000e-01
    150000    26.00000000   2.1842700000e-01
    150000    28.00000000   2.5418300000e-01
    150000    30.00000000   2.9167100000e-01
    150000    32.00000000   3.3071200000e-01
    150000    34.00000000   3.7111500000e-01
    150000    36.00000000   4.1268600000e-01
    150000    38.00000000   4.5522500000e-01
    150000    40.00000000   4.9852500000e-01
    150000    42.00000000   5.4237900000e-01
    150000    44.00000000   5.8657300000e-01
    150000    46.00000000   6.3089600000e-01
    150000    48.00000000   6.7513300000e-01
    150000    50.00000000   7.1907200000e-01
    150000    52.00000000   7.6250000000e-01
    150000    54.00000000   8.0520900000e-01
    150000    56.00000000   8.4699300000e-01
    150000    58.00000000   8.8765000000e-01
    150000    60.00000000   9.2698600000e-01
    150000    62.00000000   9.6481200000e-01
    150000    64.00000000   1.0009460000e+00
    150000    66.00000000   1.0352140000e+00
    150000    68.00000000   1.0674540000e+00
    150000    70.00000000   1.0975090000e+00
    150000    72.00000000   1.1252380000e+00
    150000    74.00000000   1.1505080000e+00
    150000    76.00000000   1.1731990000e+00
    150000    78.00000000   1.1932040000e+00
    150000    80.00000000   1.2104270000e+00
    150000    82.00000000   1.2247890000e+00
    150000    84.00000000   1.2362220000e+00
    150000    86.00000000   1.2446730000e+00
    150000    88.00000000   1.2501060000e+00
    150000    90.00000000   1.2524960000e+00
    200000   -90.00000000   1.2524960000e+00
    200000   -88.00000000   1.2511060000e+00
    200000   -86.00000000   1.2466720000e+00
    200000   -84.00000000   1.2392170000e+00
    200000   -82.00000000   1.2287770000e+00
    200000   -80.00000000   1.2154030000e+00
    200000   -78.00000000   1.1991620000e+00
    200000   -76.00000000   1.1801320000e+00
    200000   -74.00000000   1.1584070000e+00
    200000   -72.00000000   1.1340940000e+00
    200000   -70.00000000   1.1073100000e+00
    200000   -68.00000000   1.0781880000e+00
    200000   -66.00000000   1.0468700000e+00
    200000   -64.00000000   1.0135080000e+00
    200000   -62.00000000   9.7826500000e-01
    200000   -60.00000000   9.4131400000e-01
    200000   -58.00000000   9.0283500000e-01
    200000   -56.00000000   8.6301700000e-01
    200000   -54.00000000   8.2205200000e-01
    200000   -52.00000000   7.8014300000e-01
    200000   -50.00000000   7.3749200000e-01
    200000   -48.00000000   6.9430800000e-01
    200000   -46.00000000   6.5080200000e-01
    200000   -44.00000000   6.0718600000e-01
    200000   -42.00000000   5.6367400000e-01
    200000   -40.00000000   5.2047700000e-01
    200000   -38.00000000   4.7780600000e-01
    200000   -36.00000000   4.3586900000e-01
    200000   -34.00000000   3.9487200000e-01
    200000   -32.00000000   3.5501300000e-01
    200000   -30.00000000   3.1648800000e-01
    200000   -28.00000000   2.7948400000e-01
    200000   -26.00000000   2.4418200000e-01
    200000   -24.00000000   2.1075500000e-01
    200000   -22.00000000   1.7936400000e-01
    200000   -20.00000000   1.5016400000e-01
    200000   -18.00000000   1.2329700000e-01
    200000   -16.00000000   9.8893000000e-02
    200000   -14.00000000   7.7073000000e-02
    200000   -12.00000000   5.9561000000e-02
    200000   -10.00000000   4.2965000000e-02
    200000    -8.00000000   2.8886000000e-02
    200000    -6.00000000   2.2620000000e-02
    200000    -4.00000000   1.7390000000e-02
    200000    -2.00000000   1.4820000000e-02
    200000     0.00000000   1.4650000000e-02
    200000     2.00000000   1.5410000000e-02
    200000     4.00000000   1.6340000000e-02
    200000     6.00000000   1.9040000000e-02
    200000     8.00000000   2.2860000000e-02
    200000    10.00000000   2.7940000000e-02
    200000    12.00000000   3.5440000000e-02
    200000    14.00000000   4.8402000000e-02
    200000    16.00000000   6.7438000000e-02
    200000    18.00000000   9.1565000000e-02
    200000    20.00000000   1.1888100000e-01
    200000    22.00000000   1.4849800000e-01
    200000    24.00000000   1.8034200000e-01
    200000    26.00000000   2.1426100000e-01
    200000    28.00000000   2.5009000000e-01
    200000    30.00000000   2.8765700000e-01
    200000    32.00000000   3.2678100000e-01
    200000    34.00000000   3.6727200000e-01
    200000    36.00000000   4.0893600000e-01
    200000    38.00000000   4.5157200000e-01
    200000    40.00000000   4.9497500000e-01
    200000    42.00000000   5.3893400000e-01
    200000    44.00000000   5.8323900000e-01
    200000    46.00000000   6.2767600000e-01
    200000    48.00000000   6.7203200000e-01
    200000    50.00000000   7.1609300000e-01
    200000    52.00000000   7.5964700000e-01
    200000    54.00000000   8.0248500000e-01
    200000    56.00000000   8.4440100000e-01
    200000    58.00000000   8.8519400000e-01
    200000    60.00000000   9.2466900000e-01
    200000    62.00000000   9.6263600000e-01
    200000    64.00000000   9.9891400000e-01
    200000    66.00000000   1.0333290000e+00
    200000    68.00000000   1.0657170000e+00
    200000    70.00000000   1.0959240000e+00
    200000    72.00000000   1.1238060000e+00
    200000    74.00000000   1.1492310000e+00
    200000    76.00000000   1.1720780000e+00
    200000    78.00000000   1.1922400000e+00
    200000    80.00000000   1.2096220000e+00
    200000    82.00000000   1.2241440000e+00
    200000    84.00000000   1.2357370000e+00
    200000    86.00000000   1.2443500000e+00
    200000    88.00000000   1.2499440000e+00
    200000    90.00000000   1.2524960000e+00
    250000   -90.00000000   1.2524960000e+00
    250000   -88.00000000   1.2509820000e+00
    250000   -86.00000000   1.2464240000e+00
    250000   -84.00000000   1.2388450000e+00
    250000   -82.00000000   1.2282820000e+00
    250000   -80.00000000   1.2147850000e+00
    250000   -78.00000000   1.1984220000e+00
    250000   -76.00000000   1.1792710000e+00
    250000   -74.00000000   1.1574260000e+00
    250000   -72.00000000   1.1329940000e+00
    250000   -70.00000000   1.1060930000e+00
    250000   -68.00000000   1.0768550000e+00
    250000   -66.00000000   1.0454220000e+00
    250000   -64.00000000   1.0119470000e+00
    250000   -62.00000000   9.7659400000e-01
    250000   -60.00000000   9.3953500000e-01
    250000   -58.00000000   9.0095000000e-01
    250000   -56.00000000   8.6102700000e-01
    250000   -54.00000000   8.1996100000e-01
    250000   -52.00000000   7.7795200000e-01
    250000   -50.00000000   7.3520400000e-01
    250000   -48.00000000   6.9192700000e-01
    250000   -46.00000000   6.4833000000e-01
    250000   -44.00000000   6.0462600000e-01
    250000   -42.00000000   5.6102900000e-01
    250000   -40.00000000   5.1775100000e-01
    250000   -38.00000000   4.7500100000e-01
    250000   -36.00000000   4.3299000000e-01
    250000   -34.00000000   3.9192100000e-01
    250000   -32.00000000   3.5199500000e-01
    250000   -30.00000000   3.1340600000e-01
    250000   -28.00000000   2.7634200000e-01
    250000   -26.00000000   2.4098400000e-01
    250000   -24.00000000   2.0750400000e-01
    250000   -22.00000000   1.7606500000e-01
    250000   -20.00000000   1.4682000000e-01
    250000   -18.00000000   1.1991200000e-01
    250000   -16.00000000   9.5473000000e-02
    250000   -14.00000000   7.3620000000e-02
    250000   -12.00000000   5.5149000000e-02
    250000   -10.00000000   4.3370000000e-02
    250000    -8.00000000   2.3956000000e-02
    250000    -6.00000000   1.8665000000e-02
    250000    -4.00000000   1.4640000000e-02
    250000    -2.00000000   1.3280000000e-02
    250000     0.00000000   1.3410000000e-02
    250000     2.00000000   1.4250000000e-02
    250000     4.00000000   1.5400000000e-02
    250000     6.00000000   1.7840000000e-02
    250000     8.00000000   2.1500000000e-02
    250000    10.00000000   2.6760000000e-02
    250000    12.00000000   3.5020000000e-02
    250000    14.00000000   4.8470000000e-02
    250000    16.00000000   6.7188000000e-02
    250000    18.00000000   9.1448000000e-02
    250000    20.00000000   1.1874400000e-01
    250000    22.00000000   1.4836200000e-01
    250000    24.00000000   1.8020900000e-01
    250000    26.00000000   2.1413000000e-01
    250000    28.00000000   2.4996100000e-01
    250000    30.00000000   2.8753100000e-01
    250000    32.00000000   3.2665700000e-01
    250000    34.00000000   3.6715100000e-01
    250000    36.00000000   4.0881800000e-01
    250000    38.00000000   4.5145700000e-01
    250000    40.00000000   4.9486300000e-01
    250000    42.00000000   5.3882500000e-01
    250000    44.00000000   5.8313400000e-01
    250000    46.00000000   6.2757500000e-01
    250000    48.00000000   6.7193400000e-01
    250000    50.00000000   7.1599900000e-01
    250000    52.00000000   7.5955700000e-01
    250000    54.00000000   8.0239900000e-01
    250000    56.00000000   8.4431900000e-01
    250000    58.00000000   8.8511700000e-01
    250000    60.00000000   9.2459600000e-01
    250000    62.00000000   9.6256700000e-01
    250000    64.00000000   9.9885000000e-01
    250000    66.00000000   1.0332700000e+00
    250000    68.00000000   1.0656630000e+00
    250000    70.00000000   1.0958740000e+00
    250000    72.00000000   1.1237610000e+00
    250000    74.00000000   1.1491910000e+00
    250000    76.00000000   1.1720430000e+00
    250000    78.00000000   1.1922100000e+00
    250000    80.00000000   1.2095970000e+00
    250000    82.00000000   1.2241230000e+00
    250000    84.00000000   1.2357220000e+00
    250000    86.00000000   1.2443400000e+00
    250000    88.00000000   1.2499390000e+00
    250000    90.00000000   1.2524960000e+00
     50000   -90.00000000   1.2524960000e+00
     50000   -88.00000000   1.2545110000e+00
     50000   -86.00000000   1.2534780000e+00
     50000   -84.00000000   1.2494150000e+00
     50000   -82.00000000   1.2423540000e+00
     50000   -80.00000000   1.2323440000e+00
     50000   -78.00000000   1.2194450000e+00
     50000   -76.00000000   1.2037330000e+00
     50000   -74.00000000   1.1852980000e+00
     50000   -72.00000000   1.1642410000e+00
     50000   -70.00000000   1.1406770000e+00
     50000   -68.00000000   1.1147340000e+00
     50000   -66.00000000   1.0865500000e+00
     50000   -64.00000000   1.0562740000e+00
     50000   -62.00000000   1.0240660000e+00
     50000   -60.00000000   9.9009300000e-01
     50000   -58.00000000   9.5453300000e-01
     50000   -56.00000000   9.1757100000e-01
     50000   -54.00000000   8.7939600000e-01
     50000   -52.00000000   8.4020500000e-01
     50000   -50.00000000   8.0020100000e-01
     50000   -48.00000000   7.5958700000e-01
     50000   -46.00000000   7.1857200000e-01
     50000   -44.00000000   6.7736400000e-01
     50000   -42.00000000   6.3617400000e-01
     50000   -40.00000000   5.9521100000e-01
     50000   -38.00000000   5.5468300000e-01
     50000   -36.00000000   5.1479500000e-01
     50000   -34.00000000   4.7575100000e-01
     50000   -32.00000000   4.3774700000e-01
     50000   -30.00000000   4.0097600000e-01
     50000   -28.00000000   3.6562300000e-01
     50000   -26.00000000   3.3186700000e-01
     50000   -24.00000000   2.9987900000e-01
     50000   -22.00000000   2.6981900000e-01
     50000   -20.00000000   2.4183900000e-01
     50000   -18.00000000   2.1608000000e-01
     50000   -16.00000000   1.9267200000e-01
     50000   -14.00000000   1.7173300000e-01
     50000   -12.00000000   1.5336800000e-01
     50000   -10.00000000   1.3766900000e-01
     50000    -8.00000000   1.2471500000e-01
     50000    -6.00000000   1.1545800000e-01
     50000    -4.00000000   9.8538000000e-02
     50000    -2.00000000   5.4756000000e-02
     50000     0.00000000   5.1940000000e-02
     50000     2.00000000   5.2870000000e-02
     50000     4.00000000   5.9960000000e-02
     50000     6.00000000   7.8120000000e-02
     50000     8.00000000   1.0623000000e-01
     50000    10.00000000   1.4084000000e-01
     50000    12.00000000   1.6567000000e-01
     50000    14.00000000   1.8626000000e-01
     50000    16.00000000   2.0397500000e-01
     50000    18.00000000   2.2505000000e-01
     50000    20.00000000   2.4798000000e-01
     50000    22.00000000   2.7381200000e-01
     50000    24.00000000   3.0584900000e-01
     50000    26.00000000   3.3774100000e-01
     50000    28.00000000   3.7139300000e-01
     50000    30.00000000   4.0663500000e-01
     50000    32.00000000   4.4328900000e-01
     50000    34.00000000   4.8116900000e-01
     50000    36.00000000   5.2008200000e-01
     50000    38.00000000   5.5983200000e-01
     50000    40.00000000   6.0021700000e-01
     50000    42.00000000   6.4103000000e-01
     50000    44.00000000   6.8206500000e-01
     50000    46.00000000   7.2311100000e-01
     50000    48.00000000   7.6396000000e-01
     50000    50.00000000   8.0440200000e-01
     50000    52.00000000   8.4422900000e-01
     50000    54.00000000   8.8323700000e-01
     50000    56.00000000   9.2122500000e-01
     50000    58.00000000   9.5799600000e-01
     50000    60.00000000   9.9336100000e-01
     50000    62.00000000   1.0271340000e+00
     50000    64.00000000   1.0591390000e+00
     50000    66.00000000   1.0892080000e+00
     50000    68.00000000   1.1171820000e+00
     50000    70.00000000   1.1429120000e+00
     50000    72.00000000   1.1662600000e+00
     50000    74.00000000   1.1870990000e+00
     50000    76.00000000   1.2053140000e+00
     50000    78.00000000   1.2208040000e+00
     50000    80.00000000   1.2334790000e+00
     50000    82.00000000   1.2432640000e+00
     50000    84.00000000   1.2500980000e+00
     50000    86.00000000   1.2539340000e+00
     50000    88.00000000   1.2547390000e+00
     50000    90.00000000   1.2524960000e+00
    100000   -90.00000000   1.2524960000e+00
    100000   -88.00000000   1.2524570000e+00
    100000   -86.00000000   1.2493740000e+00
    100000   -84.00000000   1.2432650000e+00
    100000   -82.00000000   1.2341660000e+00
    100000   -80.00000000   1.2221270000e+00
    100000   -78.00000000   1.2072130000e+00
    100000   -76.00000000   1.1895000000e+00
    100000   -74.00000000   1.1690810000e+00
    100000   -72.00000000   1.1460600000e+00
    100000   -70.00000000   1.1205550000e+00
    100000   -68.00000000   1.0926940000e+00
    100000   -66.00000000   1.0626200000e+00
    100000   -64.00000000   1.0304830000e+00
    100000   -62.00000000   9.9644500000e-01
    100000   -60.00000000   9.6067600000e-01
    100000   -58.00000000   9.2335600000e-01
    100000   -56.00000000   8.8467100000e-01
    100000   -54.00000000   8.4481400000e-01
    100000   -52.00000000   8.0398300000e-01
    100000   -50.00000000   7.6238300000e-01
    100000   -48.00000000   7.2021900000e-01
    100000   -46.00000000   6.7770200000e-01
    100000   -44.00000000   6.3504200000e-01
    100000   -42.00000000   5.9245100000e-01
    100000   -40.00000000   5.5014100000e-01
    100000   -38.00000000   5.0832100000e-01
    100000   -36.00000000   4.6719800000e-01
    100000   -34.00000000   4.2697500000e-01
    100000   -32.00000000   3.8785300000e-01
    100000   -30.00000000   3.5002400000e-01
    100000   -28.00000000   3.1367600000e-01
    100000   -26.00000000   2.7898700000e-01
    100000   -24.00000000   2.4613100000e-01
    100000   -22.00000000   2.1526900000e-01
    100000   -20.00000000   1.8655300000e-01
    100000   -18.00000000   1.6012600000e-01
    100000   -16.00000000   1.3611700000e-01
    100000   -14.00000000   1.1464700000e-01
    100000   -12.00000000   9.5819000000e-02
    100000   -10.00000000   7.9728000000e-02
    100000    -8.00000000   7.0374000000e-02
    100000    -6.00000000   5.6060000000e-02
    100000    -4.00000000   3.4915000000e-02
    100000    -2.00000000   2.8470000000e-02
    100000     0.00000000   2.2080000000e-02
    100000     2.00000000   1.9790000000e-02
    100000     4.00000000   2.1320000000e-02
    100000     6.00000000   2.4670000000e-02
    100000     8.00000000   2.9040000000e-02
    100000    10.00000000   3.4620000000e-02
    100000    12.00000000   4.0594000000e-02
    100000    14.00000000   5.5219000000e-02
    100000    16.00000000   7.8151000000e-02
    100000    18.00000000   1.0277500000e-01
    100000    20.00000000   1.2988800000e-01
    100000    22.00000000   1.5935800000e-01
    100000    24.00000000   1.9104200000e-01
    100000    26.00000000   2.2478800000e-01
    100000    28.00000000   2.6043200000e-01
    100000    30.00000000   2.9780100000e-01
    100000    32.00000000   3.3671400000e-01
    100000    34.00000000   3.7698300000e-01
    100000    36.00000000   4.1841200000e-01
    100000    38.00000000   4.6080200000e-01
    100000    40.00000000   5.0394700000e-01
    100000    42.00000000   5.4763800000e-01
    100000    44.00000000   5.9166500000e-01
    100000    46.00000000   6.3581300000e-01
    100000    48.00000000   6.7986900000e-01
    100000    50.00000000   7.2362200000e-01
    100000    52.00000000   7.6685800000e-01
    100000    54.00000000   8.0936900000e-01
    100000    56.00000000   8.5095100000e-01
    100000    58.00000000   8.9140100000e-01
    100000    60.00000000   9.3052500000e-01
    100000    62.00000000   9.6813500000e-01
    100000    64.00000000   1.0040480000e+00
    100000    66.00000000   1.0380930000e+00
    100000    68.00000000   1.0701050000e+00
    100000    70.00000000   1.0999300000e+00
    100000    72.00000000   1.1274260000e+00
    100000    74.00000000   1.1524590000e+00
    100000    76.00000000   1.1749120000e+00
    100000    78.00000000   1.1946750000e+00
    100000    80.00000000   1.2116560000e+00
    100000    82.00000000   1.2257740000e+00
    100000    84.00000000   1.2369610000e+00
    100000    86.00000000   1.2451670000e+00
    100000    88.00000000   1.2503530000e+00
    100000    90.00000000   1.2524960000e+00
    150000   -90.00000000   1.2524960000e+00
    150000   -88.00000000   1.2519900000e+00
    150000   -86.00000000   1.2484390000e+00
    150000   -84.00000000   1.2418640000e+00
    150000   -82.00000000   1.2323020000e+00
    150000   -80.00000000   1.2198010000e+00
    150000   -78.00000000   1.2044270000e+00
    150000   -76.00000000   1.1862590000e+00
    150000   -74.00000000   1.1653880000e+00
    150000   -72.00000000   1.1419200000e+00
    150000   -70.00000000   1.1159730000e+00
    150000   -68.00000000   1.0876760000e+00
    150000   -66.00000000   1.0571710000e+00
    150000   -64.00000000   1.0246100000e+00
    150000   -62.00000000   9.9015500000e-01
    150000   -60.00000000   9.5397800000e-01
    150000   -58.00000000   9.1625700000e-01
    150000   -56.00000000   8.7717900000e-01
    150000   -54.00000000   8.3693900000e-01
    150000   -52.00000000   7.9573500000e-01
    150000   -50.00000000   7.5377100000e-01
    150000   -48.00000000   7.1125500000e-01
    150000   -46.00000000   6.6839500000e-01
    150000   -44.00000000   6.2540500000e-01
    150000   -42.00000000   5.8249500000e-01
    150000   -40.00000000   5.3987800000e-01
    150000   -38.00000000   4.9776300000e-01
    150000   -36.00000000   4.5635900000e-01
    150000   -34.00000000   4.1586800000e-01
    150000   -32.00000000   3.7649100000e-01
    150000   -30.00000000   3.3842100000e-01
    150000   -28.00000000   3.0184600000e-01
    150000   -26.00000000   2.6694600000e-01
    150000   -24.00000000   2.3389200000e-01
    150000   -22.00000000   2.0284700000e-01
    150000   -20.00000000   1.7396400000e-01
    150000   -18.00000000   1.4738400000e-01
    150000   -16.00000000   1.2323900000e-01
    150000   -14.00000000   1.0164700000e-01
    150000   -12.00000000   8.2715000000e-02
    150000   -10.00000000   6.7832000000e-02
    150000    -8.00000000   6.0041000000e-02
    150000    -6.00000000   3.1197000000e-02
    150000    -4.00000000   2.3250000000e-02
    150000    -2.00000000   1.8140000000e-02
    150000     0.00000000   1.5810000000e-02
    150000     2.00000000   1.5830000000e-02
    150000     4.00000000   1.7230000000e-02
    150000     6.00000000   2.0280000000e-02
    150000     8.00000000   2.3900000000e-02
    150000    10.00000000   2.8790000000e-02
    150000    12.00000000   3.6730000000e-02
    150000    14.00000000   5.0517000000e-02
    150000    16.00000000   7.1148000000e-02
    150000    18.00000000   9.5814000000e-02
    150000    20.00000000   1.2303900000e-01
    150000    22.00000000   1.5260000000e-01
    150000    24.00000000   1.8438400000e-01
    150000    26.00000000   2.1823800000e-01
    150000    28.00000000   2.5399700000e-01
    150000    30.00000000   2.9148900000e-01
    150000    32.00000000   3.3053300000e-01
    150000    34.00000000   3.7094100000e-01
    150000    36.00000000   4.1251600000e-01
    150000    38.00000000   4.5505900000e-01
    150000    40.00000000   4.9836400000e-01
    150000    42.00000000   5.4222200000e-01
    150000    44.00000000   5.8642200000e-01
    150000    46.00000000   6.3075000000e-01
    150000    48.00000000   6.7499300000e-01
    150000    50.00000000   7.1893700000e-01
    150000    52.00000000   7.6237100000e-01
    150000    54.00000000   8.0508500000e-01
    150000    56.00000000   8.4687500000e-01
    150000    58.00000000   8.8753900000e-01
    150000    60.00000000   9.2688100000e-01
    150000    62.00000000   9.6471300000e-01
    150000    64.00000000   1.0008530000e+00
    150000    66.00000000   1.0351290000e+00
    150000    68.00000000   1.0673750000e+00
    150000    70.00000000   1.0974380000e+00
    150000    72.00000000   1.1251730000e+00
    150000    74.00000000   1.1504510000e+00
    150000    76.00000000   1.1731490000e+00
    150000    78.00000000   1.1931600000e+00
    150000    80.00000000   1.2103910000e+00
    150000    82.00000000   1.2247590000e+00
    150000    84.00000000   1.2362000000e+00
    150000    86.00000000   1.2446590000e+00
    150000    88.00000000   1.2500990000e+00
    150000    90.00000000   1.2524960000e+00
    200000   -90.00000000   1.2524960000e+00
    200000   -88.00000000   1.2513420000e+00
    200000   -86.00000000   1.2471440000e+00
    200000   -84.00000000   1.2399230000e+00
    200000   -82.00000000   1.2297170000e+00
    200000   -80.00000000   1.2165760000e+00
    200000   -78.00000000   1.2005660000e+00
    200000   -76.00000000   1.1817660000e+00
    200000   -74.00000000   1.1602690000e+00
    200000   -72.00000000   1.1361810000e+00
    200000   -70.00000000   1.1096210000e+00
    200000   -68.00000000   1.0807190000e+00
    200000   -66.00000000   1.0496170000e+00
    200000   -64.00000000   1.0164690000e+00
    200000   -62.00000000   9.8143700000e-01
    200000   -60.00000000   9.4469200000e-01
    200000   -58.00000000   9.0641600000e-01
    200000   -56.00000000   8.6679500000e-01
    200000   -54.00000000   8.2602300000e-01
    200000   -52.00000000   7.8430200000e-01
    200000   -50.00000000   7.4183400000e-01
    200000   -48.00000000   6.9882800000e-01
    200000   -46.00000000   6.5549500000e-01
    200000   -44.00000000   6.1204600000e-01
    200000   -42.00000000   5.6869400000e-01
    200000   -40.00000000   5.2565200000e-01
    200000   -38.00000000   4.8313000000e-01
    200000   -36.00000000   4.4133500000e-01
    200000   -34.00000000   4.0047300000e-01
    200000   -32.00000000   3.6074200000e-01
    200000   -30.00000000   3.2233900000e-01
    200000   -28.00000000   2.8544900000e-01
    200000   -26.00000000   2.5025500000e-01
    200000   -24.00000000   2.1692700000e-01
    200000   -22.00000000   1.8562800000e-01
    200000   -20.00000000   1.5651300000e-01
    200000   -18.00000000   1.2972200000e-01
    200000   -16.00000000   1.0538800000e-01
    200000   -14.00000000   8.3628000000e-02
    200000   -12.00000000   6.4550000000e-02
    200000   -10.00000000   6.0748000000e-02
    200000    -8.00000000   3.1103000000e-02
    200000    -6.00000000   2.3130000000e-02
    200000    -4.00000000   1.7680000000e-02
    200000    -2.00000000   1.4370000000e-02
    200000     0.00000000   1.3640000000e-02
    200000     2.00000000   1.4150000000e-02
    200000     4.00000000   1.5340000000e-02
    200000     6.00000000   1.8110000000e-02
    200000     8.00000000   2.1750000000e-02
    200000    10.00000000   2.6970000000e-02
    200000    12.00000000   3.5890000000e-02
    200000    14.00000000   4.9200000000e-02
    200000    16.00000000   6.9915000000e-02
    200000    18.00000000   9.4571000000e-02
    200000    20.00000000   1.2175600000e-01
    200000    22.00000000   1.5133400000e-01
    200000    24.00000000   1.8313700000e-01
    200000    26.00000000   2.1701100000e-01
    200000    28.00000000   2.5279200000e-01
    200000    30.00000000   2.9030700000e-01
    200000    32.00000000   3.2937500000e-01
    200000    34.00000000   3.6980900000e-01
    200000    36.00000000   4.1141200000e-01
    200000    38.00000000   4.5398300000e-01
    200000    40.00000000   4.9731800000e-01
    200000    42.00000000   5.4120800000e-01
    200000    44.00000000   5.8544000000e-01
    200000    46.00000000   6.2980200000e-01
    200000    48.00000000   6.7407900000e-01
    200000    50.00000000   7.1805900000e-01
    200000    52.00000000   7.6153000000e-01
    200000    54.00000000   8.0428300000e-01
    200000    56.00000000   8.4611200000e-01
    200000    58.00000000   8.8681500000e-01
    200000    60.00000000   9.2619900000e-01
    200000    62.00000000   9.6407200000e-01
    200000    64.00000000   1.0002550000e+00
    200000    66.00000000   1.0345730000e+00
    200000    68.00000000   1.0668630000e+00
    200000    70.00000000   1.0969710000e+00
    200000    72.00000000   1.1247520000e+00
    200000    74.00000000   1.1500740000e+00
    200000    76.00000000   1.1728180000e+00
    200000    78.00000000   1.1928760000e+00
    200000    80.00000000   1.2101540000e+00
    200000    82.00000000   1.2245690000e+00
    200000    84.00000000   1.2360570000e+00
    200000    86.00000000   1.2445640000e+00
    200000    88.00000000   1.2500510000e+00
    200000    90.00000000   1.2524960000e+00
    250000   -90.00000000   1.2524960000e+00
    250000   -88.00000000   1.2507990000e+00
    250000   -86.00000000   1.2460580000e+00
    250000   -84.00000000   1.2382960000e+00
    250000   -82.00000000   1.2275510000e+00
    250000   -80.00000000   1.2138740000e+00
    250000   -78.00000000   1.1973310000e+00
    250000   -76.00000000   1.1780010000e+00
    250000   -74.00000000   1.1559800000e+00
    250000   -72.00000000   1.1313720000e+00
    250000   -70.00000000   1.1042980000e+00
    250000   -68.00000000   1.0748890000e+00
    250000   -66.00000000   1.0432880000e+00
    250000   -64.00000000   1.0096470000e+00
    250000   -62.00000000   9.7413100000e-01
    250000   -60.00000000   9.3691100000e-01
    250000   -58.00000000   8.9816900000e-01
    250000   -56.00000000   8.5809200000e-01
    250000   -54.00000000   8.1687600000e-01
    250000   -52.00000000   7.7472100000e-01
    250000   -50.00000000   7.3183100000e-01
    250000   -48.00000000   6.8841500000e-01
    250000   -46.00000000   6.4468500000e-01
    250000   -44.00000000   6.0085200000e-01
    250000   -42.00000000   5.5712900000e-01
    250000   -40.00000000   5.1373100000e-01
    250000   -38.00000000   4.7086600000e-01
    250000   -36.00000000   4.2874500000e-01
    250000   -34.00000000   3.8757100000e-01
    250000   -32.00000000   3.4754500000e-01
    250000   -30.00000000   3.0886100000e-01
    250000   -28.00000000   2.7170900000e-01
    250000   -26.00000000   2.3626700000e-01
    250000   -24.00000000   2.0271000000e-01
    250000   -22.00000000   1.7119900000e-01
    250000   -20.00000000   1.4188900000e-01
    250000   -18.00000000   1.1492100000e-01
    250000   -16.00000000   9.0428000000e-02
    250000   -14.00000000   6.8528000000e-02
    250000   -12.00000000   5.3459000000e-02
    250000   -10.00000000   3.2920000000e-02
    250000    -8.00000000   2.4593000000e-02
    250000    -6.00000000   1.9010000000e-02
    250000    -4.00000000   1.4580000000e-02
    250000    -2.00000000   1.2600000000e-02
    250000     0.00000000   1.2480000000e-02
    250000     2.00000000   1.3190000000e-02
    250000     4.00000000   1.4210000000e-02
    250000     6.00000000   1.6890000000e-02
    250000     8.00000000   2.0420000000e-02
    250000    10.00000000   2.6090000000e-02
    250000    12.00000000   3.4510000000e-02
    250000    14.00000000   4.7795000000e-02
    250000    16.00000000   6.8090000000e-02
    250000    18.00000000   9.3008000000e-02
    250000    20.00000000   1.2005200000e-01
    250000    22.00000000   1.4965300000e-01
    250000    24.00000000   1.8148000000e-01
    250000    26.00000000   2.1538100000e-01
    250000    28.00000000   2.5119000000e-01
    250000    30.00000000   2.8873600000e-01
    250000    32.00000000   3.2783800000e-01
    250000    34.00000000   3.6830500000e-01
    250000    36.00000000   4.0994400000e-01
    250000    38.00000000   4.5255400000e-01
    250000    40.00000000   4.9592900000e-01
    250000    42.00000000   5.3986000000e-01
    250000    44.00000000   5.8413500000e-01
    250000    46.00000000   6.2854200000e-01
    250000    48.00000000   6.7286600000e-01
    250000    50.00000000   7.1689400000e-01
    250000    52.00000000   7.6041400000e-01
    250000    54.00000000   8.0321700000e-01
    250000    56.00000000   8.4509700000e-01
    250000    58.00000000   8.8585400000e-01
    250000    60.00000000   9.2529200000e-01
    250000    62.00000000   9.6322100000e-01
    250000    64.00000000   9.9946000000e-01
    250000    66.00000000   1.0338360000e+00
    250000    68.00000000   1.0661840000e+00
    250000    70.00000000   1.0963500000e+00
    250000    72.00000000   1.1241910000e+00
    250000    74.00000000   1.1495740000e+00
    250000    76.00000000   1.1723800000e+00
    250000    78.00000000   1.1924990000e+00
    250000    80.00000000   1.2098390000e+00
    250000    82.00000000   1.2243170000e+00
    250000    84.00000000   1.2358670000e+00
    250000    86.00000000   1.2444370000e+00
    250000    88.00000000   1.2499880000e+00
    250000    90.00000000   1.2524960000e+00
     50000   -90.00000000   1.2524960000e+00
     50000   -88.00000000   1.2538560000e+00
     50000   -86.00000000   1.2521680000e+00
     50000   -84.00000000   1.2474520000e+00
     50000   -82.00000000   1.2397410000e+00
     50000   -80.00000000   1.2290840000e+00
     50000   -78.00000000   1.2155410000e+00
     50000   -76.00000000   1.1991910000e+00
     50000   -74.00000000   1.1801220000e+00
     50000   -72.00000000   1.1584390000e+00
     50000   -70.00000000   1.1342550000e+00
     50000   -68.00000000   1.1077010000e+00
     50000   -66.00000000   1.0789130000e+00
     50000   -64.00000000   1.0480430000e+00
     50000   -62.00000000   1.0152510000e+00
     50000   -60.00000000   9.8070500000e-01
     50000   -58.00000000   9.4458400000e-01
     50000   -56.00000000   9.0707100000e-01
     50000   -54.00000000   8.6836000000e-01
     50000   -52.00000000   8.2864600000e-01
     50000   -50.00000000   7.8813200000e-01
     50000   -48.00000000   7.4702400000e-01
     50000   -46.00000000   7.0552900000e-01
     50000   -44.00000000   6.6385800000e-01
     50000   -42.00000000   6.2222100000e-01
     50000   -40.00000000   5.8082800000e-01
     50000   -38.00000000   5.3988700000e-01
     50000   -36.00000000   4.9960600000e-01
     50000   -34.00000000   4.6018500000e-01
     50000   -32.00000000   4.2182400000e-01
     50000   -30.00000000   3.8471600000e-01
     50000   -28.00000000   3.4904500000e-01
     50000   -26.00000000   3.1499200000e-01
     50000   -24.00000000   2.8272600000e-01
     50000   -22.00000000   2.5241000000e-01
     50000   -20.00000000   2.2419600000e-01
     50000   -18.00000000   1.9822300000e-01
     50000   -16.00000000   1.7462400000e-01
     50000   -14.00000000   1.5351500000e-01
     50000   -12.00000000   1.3500200000e-01
     50000   -10.00000000   1.1917800000e-01
     50000    -8.00000000   1.0612200000e-01
     50000    -6.00000000   9.7232000000e-02
     50000    -4.00000000   8.8560000000e-02
     50000    -2.00000000   5.1973000000e-02
     50000     0.00000000   4.8660000000e-02
     50000     2.00000000   4.9000000000e-02
     50000     4.00000000   5.6770000000e-02
     50000     6.00000000   6.8820000000e-02
     50000     8.00000000   9.2720000000e-02
     50000    10.00000000   1.3011000000e-01
     50000    12.00000000   1.6321700000e-01
     50000    14.00000000   1.8433000000e-01
     50000    16.00000000   2.0327000000e-01
     50000    18.00000000   2.1928800000e-01
     50000    20.00000000   2.4787000000e-01
     50000    22.00000000   2.7370300000e-01
     50000    24.00000000   3.0574200000e-01
     50000    26.00000000   3.3763600000e-01
     50000    28.00000000   3.7129000000e-01
     50000    30.00000000   4.0653400000e-01
     50000    32.00000000   4.4319000000e-01
     50000    34.00000000   4.8107200000e-01
     50000    36.00000000   5.1998800000e-01
     50000    38.00000000   5.5974000000e-01
     50000    40.00000000   6.0012700000e-01
     50000    42.00000000   6.4094300000e-01
     50000    44.00000000   6.8198100000e-01
     50000    46.00000000   7.2303000000e-01
     50000    48.00000000   7.6388200000e-01
     50000    50.00000000   8.0432600000e-01
     50000    52.00000000   8.4415700000e-01
     50000    54.00000000   8.8316800000e-01
     50000    56.00000000   9.2115900000e-01
     50000    58.00000000   9.5793400000e-01
     50000    60.00000000   9.9330200000e-01
     50000    62.00000000   1.0270790000e+00
     50000    64.00000000   1.0590880000e+00
     50000    66.00000000   1.0891610000e+00
     50000    68.00000000   1.1171380000e+00
     50000    70.00000000   1.1428720000e+00
     50000    72.00000000   1.1662240000e+00
     50000    74.00000000   1.1870670000e+00
     50000    76.00000000   1.2052860000e+00
     50000    78.00000000   1.2207790000e+00
     50000    80.00000000   1.2334580000e+00
     50000    82.00000000   1.2432470000e+00
     50000    84.00000000   1.2500850000e+00
     50000    86.00000000   1.2539250000e+00
     50000    88.00000000   1.2547350000e+00
     50000    90.00000000   1.2524960000e+00
    100000   -90.00000000   1.2524960000e+00
    100000   -88.00000000   1.2533440000e+00
    100000   -86.00000000   1.2511460000e+00
    100000   -84.00000000   1.2459200000e+00
    100000   -82.00000000   1.2377010000e+00
    100000   -80.00000000   1.2265380000e+00
    100000   -78.00000000   1.2124940000e+00
    100000   -76.00000000   1.1956450000e+00
    100000   -74.00000000   1.1760820000e+00
    100000   -72.00000000   1.1539090000e+00
    100000   -70.00000000   1.1292420000e+00
    100000   -68.00000000   1.1022100000e+00
    100000   -66.00000000   1.0729520000e+00
    100000   -64.00000000   1.0416180000e+00
    100000   -62.00000000   1.0083700000e+00
    100000   -60.00000000   9.7337700000e-01
    100000   -58.00000000   9.3681700000e-01
    100000   -56.00000000   8.9887500000e-01
    100000   -54.00000000   8.5974400000e-01
    100000   -52.00000000   8.1962200000e-01
    100000   -50.00000000   7.7871100000e-01
    100000   -48.00000000   7.3721600000e-01
    100000   -46.00000000   6.9534700000e-01
    100000   -44.00000000   6.5331400000e-01
    100000   -42.00000000   6.1132800000e-01
    100000   -40.00000000   5.6960000000e-01
    100000   -38.00000000   5.2833700000e-01
    100000   -36.00000000   4.8774800000e-01
    100000   -34.00000000   4.4803400000e-01
    100000   -32.00000000   4.0939400000e-01
    100000   -30.00000000   3.7202200000e-01
    100000   -28.00000000   3.3610400000e-01
    100000   -26.00000000   3.0181800000e-01
    100000   -24.00000000   2.6933600000e-01
    100000   -22.00000000   2.3882000000e-01
    100000   -20.00000000   2.1042200000e-01
    100000   -18.00000000   1.8428400000e-01
    100000   -16.00000000   1.6053500000e-01
    100000   -14.00000000   1.3929300000e-01
    100000   -12.00000000   1.2066500000e-01
    100000   -10.00000000   1.0474400000e-01
    100000    -8.00000000   9.5373000000e-02
    100000    -6.00000000   7.3977000000e-02
    100000    -4.00000000   3.4960000000e-02
    100000    -2.00000000   2.8350000000e-02
    100000     0.00000000   2.2310000000e-02
    100000     2.00000000   1.8730000000e-02
    100000     4.00000000   2.0440000000e-02
    100000     6.00000000   2.3600000000e-02
    100000     8.00000000   2.7740000000e-02
    100000    10.00000000   3.2570000000e-02
    100000    12.00000000   3.9679000000e-02
    100000    14.00000000   5.4922000000e-02
    100000    16.00000000   7.7183000000e-02
    100000    18.00000000   1.0168600000e-01
    100000    20.00000000   1.2881100000e-01
    100000    22.00000000   1.5829600000e-01
    100000    24.00000000   1.8999600000e-01
    100000    26.00000000   2.2375900000e-01
    100000    28.00000000   2.5942100000e-01
    100000    30.00000000   2.9680900000e-01
    100000    32.00000000   3.3574200000e-01
    100000    34.00000000   3.7603300000e-01
    100000    36.00000000   4.1748600000e-01
    100000    38.00000000   4.5989900000e-01
    100000    40.00000000   5.0307000000e-01
    100000    42.00000000   5.4678700000e-01
    100000    44.00000000   5.9084100000e-01
    100000    46.00000000   6.3501700000e-01
    100000    48.00000000   6.7910300000e-01
    100000    50.00000000   7.2288500000e-01
    100000    52.00000000   7.6615300000e-01
    100000    54.00000000   8.0869600000e-01
    100000    56.00000000   8.5031000000e-01
    100000    58.00000000   8.9079400000e-01
    100000    60.00000000   9.2995200000e-01
    100000    62.00000000   9.6759700000e-01
    100000    64.00000000   1.0035460000e+00
    100000    66.00000000   1.0376270000e+00
    100000    68.00000000   1.0696760000e+00
    100000    70.00000000   1.0995380000e+00
    100000    72.00000000   1.1270720000e+00
    100000    74.00000000   1.1521440000e+00
    100000    76.00000000   1.1746350000e+00
    100000    78.00000000   1.1944370000e+00
    100000    80.00000000   1.2114570000e+00
    100000    82.00000000   1.2256140000e+00
    100000    84.00000000   1.2368420000e+00
    100000    86.00000000   1.2450870000e+00
    100000    88.00000000   1.2503130000e+00
    100000    90.00000000   1.2524960000e+00
    150000   -90.00000000   1.2524960000e+00
    150000   -88.00000000   1.2522310000e+00
    150000   -86.00000000   1.2489220000e+00
    150000   -84.00000000   1.2425880000e+00
    150000   -82.00000000   1.2332650000e+00
    150000   -80.00000000   1.2210030000e+00
    150000   -78.00000000   1.2058660000e+00
    150000   -76.00000000   1.1879330000e+00
    150000   -74.00000000   1.1672960000e+00
    150000   -72.00000000   1.1440580000e+00
    150000   -70.00000000   1.1183390000e+00
    150000   -68.00000000   1.0902680000e+00
    150000   -66.00000000   1.0599860000e+00
    150000   -64.00000000   1.0276440000e+00
    150000   -62.00000000   9.9340400000e-01
    150000   -60.00000000   9.5743800000e-01
    150000   -58.00000000   9.1992400000e-01
    150000   -56.00000000   8.8104900000e-01
    150000   -54.00000000   8.4100700000e-01
    150000   -52.00000000   7.9999600000e-01
    150000   -50.00000000   7.5822000000e-01
    150000   -48.00000000   7.1588500000e-01
    150000   -46.00000000   6.7320300000e-01
    150000   -44.00000000   6.3038300000e-01
    150000   -42.00000000   5.8763800000e-01
    150000   -40.00000000   5.4517900000e-01
    150000   -38.00000000   5.0321700000e-01
    150000   -36.00000000   4.6195800000e-01
    150000   -34.00000000   4.2160600000e-01
    150000   -32.00000000   3.8236000000e-01
    150000   -30.00000000   3.4441500000e-01
    150000   -28.00000000   3.0795700000e-01
    150000   -26.00000000   2.7316600000e-01
    150000   -24.00000000   2.4021400000e-01
    150000   -22.00000000   2.0926300000e-01
    150000   -20.00000000   1.8046700000e-01
    150000   -18.00000000   1.5396600000e-01
    150000   -16.00000000   1.2989100000e-01
    150000   -14.00000000   1.0836200000e-01
    150000   -12.00000000   8.9484000000e-02
    150000   -10.00000000   7.3592000000e-02
    150000    -8.00000000   7.0025000000e-02
    150000    -6.00000000   3.5479000000e-02
    150000    -4.00000000   2.3570000000e-02
    150000    -2.00000000   1.8310000000e-02
    150000     0.00000000   1.5140000000e-02
    150000     2.00000000   1.4520000000e-02
    150000     4.00000000   1.6510000000e-02
    150000     6.00000000   1.9480000000e-02
    150000     8.00000000   2.2890000000e-02
    150000    10.00000000   2.8170000000e-02
    150000    12.00000000   3.7151000000e-02
    150000    14.00000000   5.1680000000e-02
    150000    16.00000000   7.3982000000e-02
    150000    18.00000000   9.8277000000e-02
    150000    20.00000000   1.2544300000e-01
    150000    22.00000000   1.5497200000e-01
    150000    24.00000000   1.8672200000e-01
    150000    26.00000000   2.2053700000e-01
    150000    28.00000000   2.5625600000e-01
    150000    30.00000000   2.9370500000e-01
    150000    32.00000000   3.3270300000e-01
    150000    34.00000000   3.7306200000e-01
    150000    36.00000000   4.1458600000e-01
    150000    38.00000000   4.5707500000e-01
    150000    40.00000000   5.0032400000e-01
    150000    42.00000000   5.4412300000e-01
    150000    44.00000000   5.8826200000e-01
    150000    46.00000000   6.3252700000e-01
    150000    48.00000000   6.7670500000e-01
    150000    50.00000000   7.2058100000e-01
    150000    52.00000000   7.6394600000e-01
    150000    54.00000000   8.0658900000e-01
    150000    56.00000000   8.4830600000e-01
    150000    58.00000000   8.8889400000e-01
    150000    60.00000000   9.2816000000e-01
    150000    62.00000000   9.6591400000e-01
    150000    64.00000000   1.0019750000e+00
    150000    66.00000000   1.0361690000e+00
    150000    68.00000000   1.0683330000e+00
    150000    70.00000000   1.0983130000e+00
    150000    72.00000000   1.1259640000e+00
    150000    74.00000000   1.1511560000e+00
    150000    76.00000000   1.1737670000e+00
    150000    78.00000000   1.1936920000e+00
    150000    80.00000000   1.2108350000e+00
    150000    82.00000000   1.2251150000e+00
    150000    84.00000000   1.2364670000e+00
    150000    86.00000000   1.2448370000e+00
    150000    88.00000000   1.2501880000e+00
    150000    90.00000000   1.2524960000e+00
    200000   -90.00000000   1.2524960000e+00
    200000   -88.00000000   1.2512640000e+00
    200000   -86.00000000   1.2469880000e+00
    200000   -84.00000000   1.2396900000e+00
    200000   -82.00000000   1.2294060000e+00
    200000   -80.00000000   1.2161890000e+00
    200000   -78.00000000   1.2001020000e+00
    200000   -76.00000000   1.1812260000e+00
    200000   -74.00000000   1.1596540000e+00
    200000   -72.00000000   1.1354920000e+00
    200000   -70.00000000   1.1088580000e+00
    200000   -68.00000000   1.0798830000e+00
    200000   -66.00000000   1.0487100000e+00
    200000   -64.00000000   1.0154910000e+00
    200000   -62.00000000   9.8038900000e-01
    200000   -60.00000000   9.4357600000e-01
    200000   -58.00000000   9.0523300000e-01
    200000   -56.00000000   8.6554600000e-01
    200000   -54.00000000   8.2471200000e-01
    200000   -52.00000000   7.8292800000e-01
    200000   -50.00000000   7.4040000000e-01
    200000   -48.00000000   6.9733500000e-01
    200000   -46.00000000   6.5394500000e-01
    200000   -44.00000000   6.1044100000e-01
    200000   -42.00000000   5.6703600000e-01
    200000   -40.00000000   5.2394200000e-01
    200000   -38.00000000   4.8137100000e-01
    200000   -36.00000000   4.3952900000e-01
    200000   -34.00000000   3.9862200000e-01
    200000   -32.00000000   3.5885000000e-01
    200000   -30.00000000   3.2040600000e-01
    200000   -28.00000000   2.8347900000e-01
    200000   -26.00000000   2.4824900000e-01
    200000   -24.00000000   2.1488800000e-01
    200000   -22.00000000   1.8355900000e-01
    200000   -20.00000000   1.5441500000e-01
    200000   -18.00000000   1.2759900000e-01
    200000   -16.00000000   1.0324200000e-01
    200000   -14.00000000   8.1462000000e-02
    200000   -12.00000000   6.2367000000e-02
    200000   -10.00000000   5.9959000000e-02
    200000    -8.00000000   3.2994000000e-02
    200000    -6.00000000   2.3128000000e-02
    200000    -4.00000000   1.8290000000e-02
    200000    -2.00000000   1.4210000000e-02
    200000     0.00000000   1.2870000000e-02
    200000     2.00000000   1.2910000000e-02
    200000     4.00000000   1.4680000000e-02
    200000     6.00000000   1.7370000000e-02
    200000     8.00000000   2.0830000000e-02
    200000    10.00000000   2.6650000000e-02
    200000    12.00000000   3.5292000000e-02
    200000    14.00000000   4.9767000000e-02
    200000    16.00000000   7.2796000000e-02
    200000    18.00000000   9.6528000000e-02
    200000    20.00000000   1.2371500000e-01
    200000    22.00000000   1.5326800000e-01
    200000    24.00000000   1.8504200000e-01
    200000    26.00000000   2.1888500000e-01
    200000    28.00000000   2.5463300000e-01
    200000    30.00000000   2.9211300000e-01
    200000    32.00000000   3.3114400000e-01
    200000    34.00000000   3.7153700000e-01
    200000    36.00000000   4.1309800000e-01
    200000    38.00000000   4.5562600000e-01
    200000    40.00000000   4.9891500000e-01
    200000    42.00000000   5.4275700000e-01
    200000    44.00000000   5.8694000000e-01
    200000    46.00000000   6.3125000000e-01
    200000    48.00000000   6.7547400000e-01
    200000    50.00000000   7.1940000000e-01
    200000    52.00000000   7.6281400000e-01
    200000    54.00000000   8.0550800000e-01
    200000    56.00000000   8.4727800000e-01
    200000    58.00000000   8.8792000000e-01
    200000    60.00000000   9.2724100000e-01
    200000    62.00000000   9.6505100000e-01
    200000    64.00000000   1.0011690000e+00
    200000    66.00000000   1.0354210000e+00
    200000    68.00000000   1.0676440000e+00
    200000    70.00000000   1.0976840000e+00
    200000    72.00000000   1.1253960000e+00
    200000    74.00000000   1.1506490000e+00
    200000    76.00000000   1.1733230000e+00
    200000    78.00000000   1.1933100000e+00
    200000    80.00000000   1.2105160000e+00
    200000    82.00000000   1.2248600000e+00
    200000    84.00000000   1.2362750000e+00
    200000    86.00000000   1.2447090000e+00
    200000    88.00000000   1.2501240000e+00
    200000    90.00000000   1.2524960000e+00
    250000   -90.00000000   1.2524960000e+00
    250000   -88.00000000   1.2513280000e+00
    250000   -86.00000000   1.2471160000e+00
    250000   -84.00000000   1.2398820000e+00
    250000   -82.00000000   1.2296620000e+00
    250000   -80.00000000   1.2165080000e+00
    250000   -78.00000000   1.2004850000e+00
    250000   -76.00000000   1.1816710000e+00
    250000   -74.00000000   1.1601610000e+00
    250000   -72.00000000   1.1360600000e+00
    250000   -70.00000000   1.1094870000e+00
    250000   -68.00000000   1.0805720000e+00
    250000   -66.00000000   1.0494580000e+00
    250000   -64.00000000   1.0162970000e+00
    250000   -62.00000000   9.8125200000e-01
    250000   -60.00000000   9.4449600000e-01
    250000   -58.00000000   9.0620700000e-01
    250000   -56.00000000   8.6657500000e-01
    250000   -54.00000000   8.2579300000e-01
    250000   -52.00000000   7.8406000000e-01
    250000   -50.00000000   7.4158200000e-01
    250000   -48.00000000   6.9856600000e-01
    250000   -46.00000000   6.5522200000e-01
    250000   -44.00000000   6.1176400000e-01
    250000   -42.00000000   5.6840300000e-01
    250000   -40.00000000   5.2535100000e-01
    250000   -38.00000000   4.8282000000e-01
    250000   -36.00000000   4.4101700000e-01
    250000   -34.00000000   4.0014700000e-01
    250000   -32.00000000   3.6040900000e-01
    250000   -30.00000000   3.2199800000e-01
    250000   -28.00000000   2.8510200000e-01
    250000   -26.00000000   2.4990100000e-01
    250000   -24.00000000   2.1656800000e-01
    250000   -22.00000000   1.8526400000e-01
    250000   -20.00000000   1.5614400000e-01
    250000   -18.00000000   1.2934900000e-01
    250000   -16.00000000   1.0501000000e-01
    250000   -14.00000000   8.3247000000e-02
    250000   -12.00000000   6.7812000000e-02
    250000   -10.00000000   5.9615000000e-02
    250000    -8.00000000   3.7180000000e-02
    250000    -6.00000000   1.9310000000e-02
    250000    -4.00000000   1.5150000000e-02
    250000    -2.00000000   1.2250000000e-02
    250000     0.00000000   1.1710000000e-02
    250000     2.00000000   1.2090000000e-02
    250000     4.00000000   1.3600000000e-02
    250000     6.00000000   1.6130000000e-02
    250000     8.00000000   1.9750000000e-02
    250000    10.00000000   2.5580000000e-02
    250000    12.00000000   3.3768000000e-02
    250000    14.00000000   4.8730000000e-02
    250000    16.00000000   7.1566000000e-02
    250000    18.00000000   9.5516000000e-02
    250000    20.00000000   1.2271500000e-01
    250000    22.00000000   1.5228100000e-01
    250000    24.00000000   1.8407000000e-01
    250000    26.00000000   2.1792800000e-01
    250000    28.00000000   2.5369300000e-01
    250000    30.00000000   2.9119100000e-01
    250000    32.00000000   3.3024100000e-01
    250000    34.00000000   3.7065500000e-01
    250000    36.00000000   4.1223700000e-01
    250000    38.00000000   4.5478800000e-01
    250000    40.00000000   4.9810000000e-01
    250000    42.00000000   5.4196600000e-01
    250000    44.00000000   5.8617400000e-01
    250000    46.00000000   6.3051100000e-01
    250000    48.00000000   6.7476200000e-01
    250000    50.00000000   7.1871500000e-01
    250000    52.00000000   7.6215900000e-01
    250000    54.00000000   8.0488300000e-01
    250000    56.00000000   8.4668200000e-01
    250000    58.00000000   8.8735600000e-01
    250000    60.00000000   9.2670900000e-01
    250000    62.00000000   9.6455200000e-01
    250000    64.00000000   1.0007030000e+00
    250000    66.00000000   1.0349890000e+00
    250000    68.00000000   1.0672460000e+00
    250000    70.00000000   1.0973200000e+00
    250000    72.00000000   1.1250670000e+00
    250000    74.00000000   1.1503560000e+00
    250000    76.00000000   1.1730650000e+00
    250000    78.00000000   1.1930880000e+00
    250000    80.00000000   1.2103310000e+00
    250000    82.00000000   1.2247110000e+00
    250000    84.00000000   1.2361640000e+00
    250000    86.00000000   1.2446350000e+00
    250000    88.00000000   1.2500870000e+00
    250000    90.00000000   1.2524960000e+00
     50000   -90.00000000   1.2524960000e+00
     50000   -88.00000000   1.2538430000e+00
     50000   -86.00000000   1.2521440000e+00
     50000   -84.00000000   1.2474150000e+00
     50000   -82.00000000   1.2396930000e+00
     50000   -80.00000000   1.2290230000e+00
     50000   -78.00000000   1.2154690000e+00
     50000   -76.00000000   1.1991070000e+00
     50000   -74.00000000   1.1800260000e+00
     50000   -72.00000000   1.1583310000e+00
     50000   -70.00000000   1.1341360000e+00
     50000   -68.00000000   1.1075700000e+00
     50000   -66.00000000   1.0787710000e+00
     50000   -64.00000000   1.0478900000e+00
     50000   -62.00000000   1.0150870000e+00
     50000   -60.00000000   9.8053100000e-01
     50000   -58.00000000   9.4439900000e-01
     50000   -56.00000000   9.0687600000e-01
     50000   -54.00000000   8.6815400000e-01
     50000   -52.00000000   8.2843100000e-01
     50000   -50.00000000   7.8790800000e-01
     50000   -48.00000000   7.4679000000e-01
     50000   -46.00000000   7.0528600000e-01
     50000   -44.00000000   6.6360700000e-01
     50000   -42.00000000   6.2196100000e-01
     50000   -40.00000000   5.8056000000e-01
     50000   -38.00000000   5.3961200000e-01
     50000   -36.00000000   4.9932300000e-01
     50000   -34.00000000   4.5989600000e-01
     50000   -32.00000000   4.2152800000e-01
     50000   -30.00000000   3.8441300000e-01
     50000   -28.00000000   3.4873700000e-01
     50000   -26.00000000   3.1467800000e-01
     50000   -24.00000000   2.8240700000e-01
     50000   -22.00000000   2.5208600000e-01
     50000   -20.00000000   2.2386700000e-01
     50000   -18.00000000   1.9789100000e-01
     50000   -16.00000000   1.7428800000e-01
     50000   -14.00000000   1.5317600000e-01
     50000   -12.00000000   1.3466100000e-01
     50000   -10.00000000   1.1883400000e-01
     50000    -8.00000000   1.0577600000e-01
     50000    -6.00000000   9.7521000000e-02
     50000    -4.00000000   8.5017000000e-02
     50000    -2.00000000   4.7117000000e-02
     50000     0.00000000   4.5770000000e-02
     50000     2.00000000   4.6980000000e-02
     50000     4.00000000   5.3370000000e-02
     50000     6.00000000   6.0955000000e-02
     50000     8.00000000   8.1730000000e-02
     50000    10.00000000   1.2190000000e-01
     50000    12.00000000   1.6291000000e-01
     50000    14.00000000   1.7951000000e-01
     50000    16.00000000   2.0673000000e-01
     50000    18.00000000   2.1166400000e-01
     50000    20.00000000   2.3220800000e-01
     50000    22.00000000   2.6256300000e-01
     50000    24.00000000   2.9342800000e-01
     50000    26.00000000   3.2552100000e-01
     50000    28.00000000   3.5938900000e-01
     50000    30.00000000   3.9486100000e-01
     50000    32.00000000   4.3175900000e-01
     50000    34.00000000   4.6989700000e-01
     50000    36.00000000   5.0908300000e-01
     50000    38.00000000   5.4911900000e-01
     50000    40.00000000   5.8980200000e-01
     50000    42.00000000   6.3092700000e-01
     50000    44.00000000   6.7228500000e-01
     50000    46.00000000   7.1366700000e-01
     50000    48.00000000   7.5486200000e-01
     50000    50.00000000   7.9566200000e-01
     50000    52.00000000   8.3585800000e-01
     50000    54.00000000   8.7524500000e-01
     50000    56.00000000   9.1362200000e-01
     50000    58.00000000   9.5079200000e-01
     50000    60.00000000   9.8656300000e-01
     50000    62.00000000   1.0207510000e+00
     50000    64.00000000   1.0531790000e+00
     50000    66.00000000   1.0836780000e+00
     50000    68.00000000   1.1120890000e+00
     50000    70.00000000   1.1382620000e+00
     50000    72.00000000   1.1620590000e+00
     50000    74.00000000   1.1833520000e+00
     50000    76.00000000   1.2020250000e+00
     50000    78.00000000   1.2179770000e+00
     50000    80.00000000   1.2311180000e+00
     50000    82.00000000   1.2413720000e+00
     50000    84.00000000   1.2486770000e+00
     50000    86.00000000   1.2529850000e+00
     50000    88.00000000   1.2542640000e+00
     50000    90.00000000   1.2524960000e+00
    100000   -90.00000000   1.2524960000e+00
    100000   -88.00000000   1.2538430000e+00
    100000   -86.00000000   1.2521420000e+00
    100000   -84.00000000   1.2474130000e+00
    100000   -82.00000000   1.2396900000e+00
    100000   -80.00000000   1.2290190000e+00
    100000   -78.00000000   1.2154650000e+00
    100000   -76.00000000   1.1991020000e+00
    100000   -74.00000000   1.1800210000e+00
    100000   -72.00000000   1.1583240000e+00
    100000   -70.00000000   1.1341290000e+00
    100000   -68.00000000   1.1075620000e+00
    100000   -66.00000000   1.0787630000e+00
    100000   -64.00000000   1.0478810000e+00
    100000   -62.00000000   1.0150780000e+00
    100000   -60.00000000   9.8052100000e-01
    100000   -58.00000000   9.4438800000e-01
    100000   -56.00000000   9.0686500000e-01
    100000   -54.00000000   8.6814200000e-01
    100000   -52.00000000   8.2841800000e-01
    100000   -50.00000000   7.8789400000e-01
    100000   -48.00000000   7.4677600000e-01
    100000   -46.00000000   7.0527200000e-01
    100000   -44.00000000   6.6359200000e-01
    100000   -42.00000000   6.2194600000e-01
    100000   -40.00000000   5.8054400000e-01
    100000   -38.00000000   5.3959600000e-01
    100000   -36.00000000   4.9930700000e-01
    100000   -34.00000000   4.5987900000e-01
    100000   -32.00000000   4.2151100000e-01
    100000   -30.00000000   3.8439500000e-01
    100000   -28.00000000   3.4871900000e-01
    100000   -26.00000000   3.1465900000e-01
    100000   -24.00000000   2.8238800000e-01
    100000   -22.00000000   2.5206700000e-01
    100000   -20.00000000   2.2384800000e-01
    100000   -18.00000000   1.9787200000e-01
    100000   -16.00000000   1.7426900000e-01
    100000   -14.00000000   1.5315600000e-01
    100000   -12.00000000   1.3464100000e-01
    100000   -10.00000000   1.1881400000e-01
    100000    -8.00000000   1.0786600000e-01
    100000    -6.00000000   7.8194000000e-02
    100000    -4.00000000   3.0076000000e-02
    100000    -2.00000000   2.7820000000e-02
    100000     0.00000000   2.2560000000e-02
    100000     2.00000000   1.8470000000e-02
    100000     4.00000000   1.9790000000e-02
    100000     6.00000000   2.2800000000e-02
    100000     8.00000000   2.6600000000e-02
    100000    10.00000000   3.1020000000e-02
    100000    12.00000000   4.0193000000e-02
    100000    14.00000000   5.8256000000e-02
    100000    16.00000000   7.9257000000e-02
    100000    18.00000000   1.0369200000e-01
    100000    20.00000000   1.3079400000e-01
    100000    22.00000000   1.6025200000e-01
    100000    24.00000000   1.9192300000e-01
    100000    26.00000000   2.2565500000e-01
    100000    28.00000000   2.6128400000e-01
    100000    30.00000000   2.9863600000e-01
    100000    32.00000000   3.3753200000e-01
    100000    34.00000000   3.7778200000e-01
    100000    36.00000000   4.1919300000e-01
    100000    38.00000000   4.6156200000e-01
    100000    40.00000000   5.0468600000e-01
    100000    42.00000000   5.4835500000e-01
    100000    44.00000000   5.9235800000e-01
    100000    46.00000000   6.3648300000e-01
    100000    48.00000000   6.8051500000e-01
    100000    50.00000000   7.2424200000e-01
    100000    52.00000000   7.6745200000e-01
    100000    54.00000000   8.0993600000e-01
    100000    56.00000000   8.5149000000e-01
    100000    58.00000000   8.9191200000e-01
    100000    60.00000000   9.3100700000e-01
    100000    62.00000000   9.6858800000e-01
    100000    64.00000000   1.0044710000e+00
    100000    66.00000000   1.0384850000e+00
    100000    68.00000000   1.0704660000e+00
    100000    70.00000000   1.1002600000e+00
    100000    72.00000000   1.1277240000e+00
    100000    74.00000000   1.1527250000e+00
    100000    76.00000000   1.1751450000e+00
    100000    78.00000000   1.1948760000e+00
    100000    80.00000000   1.2118240000e+00
    100000    82.00000000   1.2259080000e+00
    100000    84.00000000   1.2370620000e+00
    100000    86.00000000   1.2452340000e+00
    100000    88.00000000   1.2503870000e+00
    100000    90.00000000   1.2524960000e+00
    150000   -90.00000000   1.2524960000e+00
    150000   -88.00000000   1.2527350000e+00
    150000   -86.00000000   1.2499290000e+00
    150000   -84.00000000   1.2440960000e+00
    150000   -82.00000000   1.2352730000e+00
    150000   -80.00000000   1.2235090000e+00
    150000   -78.00000000   1.2088670000e+00
    150000   -76.00000000   1.1914250000e+00
    150000   -74.00000000   1.1712740000e+00
    150000   -72.00000000   1.1485180000e+00
    150000   -70.00000000   1.1232760000e+00
    150000   -68.00000000   1.0956750000e+00
    150000   -66.00000000   1.0658560000e+00
    150000   -64.00000000   1.0339700000e+00
    150000   -62.00000000   1.0001800000e+00
    150000   -60.00000000   9.6465400000e-01
    150000   -58.00000000   9.2757200000e-01
    150000   -56.00000000   8.8911900000e-01
    150000   -54.00000000   8.4949000000e-01
    150000   -52.00000000   8.0888100000e-01
    150000   -50.00000000   7.6749700000e-01
    150000   -48.00000000   7.2554200000e-01
    150000   -46.00000000   6.8322800000e-01
    150000   -44.00000000   6.4076500000e-01
    150000   -42.00000000   5.9836300000e-01
    150000   -40.00000000   5.5623500000e-01
    150000   -38.00000000   5.1459000000e-01
    150000   -36.00000000   4.7363400000e-01
    150000   -34.00000000   4.3357100000e-01
    150000   -32.00000000   3.9459900000e-01
    150000   -30.00000000   3.5691300000e-01
    150000   -28.00000000   3.2070000000e-01
    150000   -26.00000000   2.8613800000e-01
    150000   -24.00000000   2.5339900000e-01
    150000   -22.00000000   2.2264500000e-01
    150000   -20.00000000   1.9402900000e-01
    150000   -18.00000000   1.6769200000e-01
    150000   -16.00000000   1.4376500000e-01
    150000   -14.00000000   1.2236600000e-01
    150000   -12.00000000   1.0360100000e-01
    150000   -10.00000000   8.8397000000e-02
    150000    -8.00000000   7.9204000000e-02
    150000    -6.00000000   4.4691000000e-02
    150000    -4.00000000   2.3410000000e-02
    150000    -2.00000000   1.8550000000e-02
    150000     0.00000000   1.4740000000e-02
    150000     2.00000000   1.3820000000e-02
    150000     4.00000000   1.5890000000e-02
    150000     6.00000000   1.8780000000e-02
    150000     8.00000000   2.1990000000e-02
    150000    10.00000000   2.7860000000e-02
    150000    12.00000000   3.6631000000e-02
    150000    14.00000000   5.4257000000e-02
    150000    16.00000000   7.5712000000e-02
    150000    18.00000000   1.0025000000e-01
    150000    20.00000000   1.2739300000e-01
    150000    22.00000000   1.5689600000e-01
    150000    24.00000000   1.8861700000e-01
    150000    26.00000000   2.2240200000e-01
    150000    28.00000000   2.5808800000e-01
    150000    30.00000000   2.9550100000e-01
    150000    32.00000000   3.3446200000e-01
    150000    34.00000000   3.7478100000e-01
    150000    36.00000000   4.1626400000e-01
    150000    38.00000000   4.5871000000e-01
    150000    40.00000000   5.0191300000e-01
    150000    42.00000000   5.4566500000e-01
    150000    44.00000000   5.8975500000e-01
    150000    46.00000000   6.3396800000e-01
    150000    48.00000000   6.7809300000e-01
    150000    50.00000000   7.2191500000e-01
    150000    52.00000000   7.6522300000e-01
    150000    54.00000000   8.0780900000e-01
    150000    56.00000000   8.4946600000e-01
    150000    58.00000000   8.8999400000e-01
    150000    60.00000000   9.2919800000e-01
    150000    62.00000000   9.6688800000e-01
    150000    64.00000000   1.0028840000e+00
    150000    66.00000000   1.0370130000e+00
    150000    68.00000000   1.0691100000e+00
    150000    70.00000000   1.0990220000e+00
    150000    72.00000000   1.1266050000e+00
    150000    74.00000000   1.1517280000e+00
    150000    76.00000000   1.1742690000e+00
    150000    78.00000000   1.1941230000e+00
    150000    80.00000000   1.2111950000e+00
    150000    82.00000000   1.2254040000e+00
    150000    84.00000000   1.2366840000e+00
    150000    86.00000000   1.2449820000e+00
    150000    88.00000000   1.2502600000e+00
    150000    90.00000000   1.2524960000e+00
    200000   -90.00000000   1.2524960000e+00
    200000   -88.00000000   1.2512540000e+00
    200000   -86.00000000   1.2469680000e+00
    200000   -84.00000000   1.2396600000e+00
    200000   -82.00000000   1.2293660000e+00
    200000   -80.00000000   1.2161390000e+00
    200000   -78.00000000   1.2000420000e+00
    200000   -76.00000000   1.1811570000e+00
    200000   -74.00000000   1.1595750000e+00
    200000   -72.00000000   1.1354030000e+00
    200000   -70.00000000   1.1087590000e+00
    200000   -68.00000000   1.0797750000e+00
    200000   -66.00000000   1.0485930000e+00
    200000   -64.00000000   1.0153650000e+00
    200000   -62.00000000   9.8025400000e-01
    200000   -60.00000000   9.4343200000e-01
    200000   -58.00000000   9.0508000000e-01
    200000   -56.00000000   8.6538600000e-01
    200000   -54.00000000   8.2454200000e-01
    200000   -52.00000000   7.8275100000e-01
    200000   -50.00000000   7.4021500000e-01
    200000   -48.00000000   6.9714200000e-01
    200000   -46.00000000   6.5374500000e-01
    200000   -44.00000000   6.1023400000e-01
    200000   -42.00000000   5.6682200000e-01
    200000   -40.00000000   5.2372200000e-01
    200000   -38.00000000   4.8114400000e-01
    200000   -36.00000000   4.3929600000e-01
    200000   -34.00000000   3.9838400000e-01
    200000   -32.00000000   3.5860600000e-01
    200000   -30.00000000   3.2015700000e-01
    200000   -28.00000000   2.8322500000e-01
    200000   -26.00000000   2.4799000000e-01
    200000   -24.00000000   2.1462500000e-01
    200000   -22.00000000   1.8329200000e-01
    200000   -20.00000000   1.5414500000e-01
    200000   -18.00000000   1.2732600000e-01
    200000   -16.00000000   1.0296600000e-01
    200000   -14.00000000   8.1183000000e-02
    200000   -12.00000000   6.2085000000e-02
    200000   -10.00000000   4.7079000000e-02
    200000    -8.00000000   4.0778000000e-02
    200000    -6.00000000   2.3743000000e-02
    200000    -4.00000000   1.8350000000e-02
    200000    -2.00000000   1.4170000000e-02
    200000     0.00000000   1.2260000000e-02
    200000     2.00000000   1.2080000000e-02
    200000     4.00000000   1.4140000000e-02
    200000     6.00000000   1.6780000000e-02
    200000     8.00000000   2.0420000000e-02
    200000    10.00000000   2.6470000000e-02
    200000    12.00000000   3.5533000000e-02
    200000    14.00000000   5.4418000000e-02
    200000    16.00000000   7.6001000000e-02
    200000    18.00000000   1.0058200000e-01
    200000    20.00000000   1.2772100000e-01
    200000    22.00000000   1.5722000000e-01
    200000    24.00000000   1.8893600000e-01
    200000    26.00000000   2.2271600000e-01
    200000    28.00000000   2.5839600000e-01
    200000    30.00000000   2.9580400000e-01
    200000    32.00000000   3.3475800000e-01
    200000    34.00000000   3.7507100000e-01
    200000    36.00000000   4.1654700000e-01
    200000    38.00000000   4.5898500000e-01
    200000    40.00000000   5.0218100000e-01
    200000    42.00000000   5.4592500000e-01
    200000    44.00000000   5.9000600000e-01
    200000    46.00000000   6.3421100000e-01
    200000    48.00000000   6.7832600000e-01
    200000    50.00000000   7.2213900000e-01
    200000    52.00000000   7.6543800000e-01
    200000    54.00000000   8.0801400000e-01
    200000    56.00000000   8.4966100000e-01
    200000    58.00000000   8.9017900000e-01
    200000    60.00000000   9.2937200000e-01
    200000    62.00000000   9.6705200000e-01
    200000    64.00000000   1.0030380000e+00
    200000    66.00000000   1.0371550000e+00
    200000    68.00000000   1.0692410000e+00
    200000    70.00000000   1.0991420000e+00
    200000    72.00000000   1.1267130000e+00
    200000    74.00000000   1.1518240000e+00
    200000    76.00000000   1.1743540000e+00
    200000    78.00000000   1.1941960000e+00
    200000    80.00000000   1.2112560000e+00
    200000    82.00000000   1.2254530000e+00
    200000    84.00000000   1.2367200000e+00
    200000    86.00000000   1.2450060000e+00
    200000    88.00000000   1.2502730000e+00
    200000    90.00000000   1.2524960000e+00
    250000   -90.00000000   1.2524960000e+00
    250000   -88.00000000   1.2513970000e+00
    250000   -86.00000000   1.2472540000e+00
    250000   -84.00000000   1.2400890000e+00
    250000   -82.00000000   1.2299380000e+00
    250000   -80.00000000   1.2168520000e+00
    250000   -78.00000000   1.2008970000e+00
    250000   -76.00000000   1.1821510000e+00
    250000   -74.00000000   1.1607070000e+00
    250000   -72.00000000   1.1366720000e+00
    250000   -70.00000000   1.1101650000e+00
    250000   -68.00000000   1.0813140000e+00
    250000   -66.00000000   1.0502640000e+00
    250000   -64.00000000   1.0171660000e+00
    250000   -62.00000000   9.8218300000e-01
    250000   -60.00000000   9.4548700000e-01
    250000   -58.00000000   9.0725800000e-01
    250000   -56.00000000   8.6768300000e-01
    250000   -54.00000000   8.2695800000e-01
    250000   -52.00000000   7.8528100000e-01
    250000   -50.00000000   7.4285600000e-01
    250000   -48.00000000   6.9989200000e-01
    250000   -46.00000000   6.5659900000e-01
    250000   -44.00000000   6.1319000000e-01
    250000   -42.00000000   5.6987600000e-01
    250000   -40.00000000   5.2687000000e-01
    250000   -38.00000000   4.8438200000e-01
    250000   -36.00000000   4.4262100000e-01
    250000   -34.00000000   4.0179000000e-01
    250000   -32.00000000   3.6209000000e-01
    250000   -30.00000000   3.2371500000e-01
    250000   -28.00000000   2.8685300000e-01
    250000   -26.00000000   2.5168300000e-01
    250000   -24.00000000   2.1837900000e-01
    250000   -22.00000000   1.8710200000e-01
    250000   -20.00000000   1.5800600000e-01
    250000   -18.00000000   1.3123400000e-01
    250000   -16.00000000   1.0691600000e-01
    250000   -14.00000000   8.5170000000e-02
    250000   -12.00000000   6.6105000000e-02
    250000   -10.00000000   5.6365000000e-02
    250000    -8.00000000   3.0970000000e-02
    250000    -6.00000000   2.0190000000e-02
    250000    -4.00000000   1.5180000000e-02
    250000    -2.00000000   1.2040000000e-02
    250000     0.00000000   1.1090000000e-02
    250000     2.00000000   1.1170000000e-02
    250000     4.00000000   1.3080000000e-02
    250000     6.00000000   1.5560000000e-02
    250000     8.00000000   1.9570000000e-02
    250000    10.00000000   2.5525000000e-02
    250000    12.00000000   3.4848000000e-02
    250000    14.00000000   5.4326000000e-02
    250000    16.00000000   7.5690000000e-02
    250000    18.00000000   1.0033900000e-01
    250000    20.00000000   1.2748100000e-01
    250000    22.00000000   1.5698300000e-01
    250000    24.00000000   1.8870300000e-01
    250000    26.00000000   2.2248600000e-01
    250000    28.00000000   2.5817100000e-01
    250000    30.00000000   2.9558300000e-01
    250000    32.00000000   3.3454200000e-01
    250000    34.00000000   3.7485900000e-01
    250000    36.00000000   4.1634000000e-01
    250000    38.00000000   4.5878400000e-01
    250000    40.00000000   5.0198500000e-01
    250000    42.00000000   5.4573500000e-01
    250000    44.00000000   5.8982200000e-01
    250000    46.00000000   6.3403400000e-01
    250000    48.00000000   6.7815600000e-01
    250000    50.00000000   7.2197500000e-01
    250000    52.00000000   7.6528100000e-01
    250000    54.00000000   8.0786400000e-01
    250000    56.00000000   8.4951800000e-01
    250000    58.00000000   8.9004400000e-01
    250000    60.00000000   9.2924500000e-01
    250000    62.00000000   9.6693200000e-01
    250000    64.00000000   1.0029260000e+00
    250000    66.00000000   1.0370510000e+00
    250000    68.00000000   1.0691460000e+00
    250000    70.00000000   1.0990540000e+00
    250000    72.00000000   1.1266340000e+00
    250000    74.00000000   1.1517530000e+00
    250000    76.00000000   1.1742920000e+00
    250000    78.00000000   1.1941430000e+00
    250000    80.00000000   1.2112110000e+00
    250000    82.00000000   1.2254170000e+00
    250000    84.00000000   1.2366940000e+00
    250000    86.00000000   1.2449880000e+00
    250000    88.00000000   1.2502640000e+00
    250000    90.00000000   1.2524960000e+00
     50000   -90.00000000   1.2524960000e+00
     50000   -88.00000000   1.2537570000e+00
     50000   -86.00000000   1.2519720000e+00
     50000   -84.00000000   1.2471580000e+00
     50000   -82.00000000   1.2393500000e+00
     50000   -80.00000000   1.2285950000e+00
     50000   -78.00000000   1.2149570000e+00
     50000   -76.00000000   1.1985110000e+00
     50000   -74.00000000   1.1793480000e+00
     50000   -72.00000000   1.1575700000e+00
     50000   -70.00000000   1.1332940000e+00
     50000   -68.00000000   1.1066480000e+00
     50000   -66.00000000   1.0777700000e+00
     50000   -64.00000000   1.0468110000e+00
     50000   -62.00000000   1.0139310000e+00
     50000   -60.00000000   9.7930000000e-01
     50000   -58.00000000   9.4309400000e-01
     50000   -56.00000000   9.0549900000e-01
     50000   -54.00000000   8.6670700000e-01
     50000   -52.00000000   8.2691500000e-01
     50000   -50.00000000   7.8632500000e-01
     50000   -48.00000000   7.4514300000e-01
     50000   -46.00000000   7.0357600000e-01
     50000   -44.00000000   6.6183600000e-01
     50000   -42.00000000   6.2013200000e-01
     50000   -40.00000000   5.7867400000e-01
     50000   -38.00000000   5.3767200000e-01
     50000   -36.00000000   4.9733100000e-01
     50000   -34.00000000   4.5785500000e-01
     50000   -32.00000000   4.1944000000e-01
     50000   -30.00000000   3.8228100000e-01
     50000   -28.00000000   3.4656300000e-01
     50000   -26.00000000   3.1246500000e-01
     50000   -24.00000000   2.8015800000e-01
     50000   -22.00000000   2.4980400000e-01
     50000   -20.00000000   2.2155400000e-01
     50000   -18.00000000   1.9555000000e-01
     50000   -16.00000000   1.7192200000e-01
     50000   -14.00000000   1.5078700000e-01
     50000   -12.00000000   1.3225300000e-01
     50000   -10.00000000   1.1641000000e-01
     50000    -8.00000000   1.0333800000e-01
     50000    -6.00000000   9.6057000000e-02
     50000    -4.00000000   8.1920000000e-02
     50000    -2.00000000   4.2776000000e-02
     50000     0.00000000   4.3150000000e-02
     50000     2.00000000   4.5650000000e-02
     50000     4.00000000   5.1540000000e-02
     50000     6.00000000   5.6190000000e-02
     50000     8.00000000   5.7191000000e-02
     50000    10.00000000   4.6992000000e-02
     50000    12.00000000   5.7064000000e-02
     50000    14.00000000   7.6863000000e-02
     50000    16.00000000   9.8686000000e-02
     50000    18.00000000   1.2309200000e-01
     50000    20.00000000   1.4996100000e-01
     50000    22.00000000   1.7916400000e-01
     50000    24.00000000   2.1055800000e-01
     50000    26.00000000   2.4398800000e-01
     50000    28.00000000   2.7929400000e-01
     50000    30.00000000   3.1630100000e-01
     50000    32.00000000   3.5483000000e-01
     50000    34.00000000   3.9469300000e-01
     50000    36.00000000   4.3569500000e-01
     50000    38.00000000   4.7763600000e-01
     50000    40.00000000   5.2031100000e-01
     50000    42.00000000   5.6351300000e-01
     50000    44.00000000   6.0703100000e-01
     50000    46.00000000   6.5065200000e-01
     50000    48.00000000   6.9416300000e-01
     50000    50.00000000   7.3735300000e-01
     50000    52.00000000   7.8001000000e-01
     50000    54.00000000   8.2192600000e-01
     50000    56.00000000   8.6289600000e-01
     50000    58.00000000   9.0272100000e-01
     50000    60.00000000   9.4120600000e-01
     50000    62.00000000   9.7816400000e-01
     50000    64.00000000   1.0134130000e+00
     50000    66.00000000   1.0467820000e+00
     50000    68.00000000   1.0781070000e+00
     50000    70.00000000   1.1072360000e+00
     50000    72.00000000   1.1340270000e+00
     50000    74.00000000   1.1583480000e+00
     50000    76.00000000   1.1800800000e+00
     50000    78.00000000   1.1991170000e+00
     50000    80.00000000   1.2153660000e+00
     50000    82.00000000   1.2287470000e+00
     50000    84.00000000   1.2391940000e+00
     50000    86.00000000   1.2466570000e+00
     50000    88.00000000   1.2510990000e+00
     50000    90.00000000   1.2524960000e+00
    100000   -90.00000000   1.2524960000e+00
    100000   -88.00000000   1.2536300000e+00
    100000   -86.00000000   1.2517170000e+00
    100000   -84.00000000   1.2467760000e+00
    100000   -82.00000000   1.2388410000e+00
    100000   -80.00000000   1.2279600000e+00
    100000   -78.00000000   1.2141970000e+00
    100000   -76.00000000   1.1976260000e+00
    100000   -74.00000000   1.1783400000e+00
    100000   -72.00000000   1.1564400000e+00
    100000   -70.00000000   1.1320430000e+00
    100000   -68.00000000   1.1052770000e+00
    100000   -66.00000000   1.0762820000e+00
    100000   -64.00000000   1.0452080000e+00
    100000   -62.00000000   1.0122140000e+00
    100000   -60.00000000   9.7747100000e-01
    100000   -58.00000000   9.4115600000e-01
    100000   -56.00000000   9.0345400000e-01
    100000   -54.00000000   8.6455800000e-01
    100000   -52.00000000   8.2466300000e-01
    100000   -50.00000000   7.8397400000e-01
    100000   -48.00000000   7.4269500000e-01
    100000   -46.00000000   7.0103600000e-01
    100000   -44.00000000   6.5920500000e-01
    100000   -42.00000000   6.1741400000e-01
    100000   -40.00000000   5.7587200000e-01
    100000   -38.00000000   5.3479000000e-01
    100000   -36.00000000   4.9437200000e-01
    100000   -34.00000000   4.5482300000e-01
    100000   -32.00000000   4.1633900000e-01
    100000   -30.00000000   3.7911400000e-01
    100000   -28.00000000   3.4333400000e-01
    100000   -26.00000000   3.0917800000e-01
    100000   -24.00000000   2.7681700000e-01
    100000   -22.00000000   2.4641300000e-01
    100000   -20.00000000   2.1811700000e-01
    100000   -18.00000000   1.9207200000e-01
    100000   -16.00000000   1.6840600000e-01
    100000   -14.00000000   1.4723900000e-01
    100000   -12.00000000   1.2867500000e-01
    100000   -10.00000000   1.1280800000e-01
    100000    -8.00000000   1.0121700000e-01
    100000    -6.00000000   8.3361000000e-02
    100000    -4.00000000   3.3043000000e-02
    100000    -2.00000000   2.7280000000e-02
    100000     0.00000000   2.2270000000e-02
    100000     2.00000000   1.8470000000e-02
    100000     4.00000000   1.9310000000e-02
    100000     6.00000000   2.2170000000e-02
    100000     8.00000000   2.4960000000e-02
    100000    10.00000000   3.0490000000e-02
    100000    12.00000000   4.1028000000e-02
    100000    14.00000000   6.0047000000e-02
    100000    16.00000000   8.1703000000e-02
    100000    18.00000000   1.0628900000e-01
    100000    20.00000000   1.3336000000e-01
    100000    22.00000000   1.6278300000e-01
    100000    24.00000000   1.9441800000e-01
    100000    26.00000000   2.2810900000e-01
    100000    28.00000000   2.6369400000e-01
    100000    30.00000000   3.0100100000e-01
    100000    32.00000000   3.3984700000e-01
    100000    34.00000000   3.8004600000e-01
    100000    36.00000000   4.2140100000e-01
    100000    38.00000000   4.6371400000e-01
    100000    40.00000000   5.0677700000e-01
    100000    42.00000000   5.5038400000e-01
    100000    44.00000000   5.9432200000e-01
    100000    46.00000000   6.3837900000e-01
    100000    48.00000000   6.8234200000e-01
    100000    50.00000000   7.2599700000e-01
    100000    52.00000000   7.6913300000e-01
    100000    54.00000000   8.1154100000e-01
    100000    56.00000000   8.5301700000e-01
    100000    58.00000000   8.9335900000e-01
    100000    60.00000000   9.3237300000e-01
    100000    62.00000000   9.6986900000e-01
    100000    64.00000000   1.0056680000e+00
    100000    66.00000000   1.0395960000e+00
    100000    68.00000000   1.0714890000e+00
    100000    70.00000000   1.1011940000e+00
    100000    72.00000000   1.1285670000e+00
    100000    74.00000000   1.1534780000e+00
    100000    76.00000000   1.1758060000e+00
    100000    78.00000000   1.1954430000e+00
    100000    80.00000000   1.2122980000e+00
    100000    82.00000000   1.2262880000e+00
    100000    84.00000000   1.2373480000e+00
    100000    86.00000000   1.2454250000e+00
    100000    88.00000000   1.2504820000e+00
    100000    90.00000000   1.2524960000e+00
    150000   -90.00000000   1.2524960000e+00
    150000   -88.00000000   1.2527860000e+00
    150000   -86.00000000   1.2500300000e+00
    150000   -84.00000000   1.2442480000e+00
    150000   -82.00000000   1.2354760000e+00
    150000   -80.00000000   1.2237620000e+00
    150000   -78.00000000   1.2091690000e+00
    150000   -76.00000000   1.1917770000e+00
    150000   -74.00000000   1.1716750000e+00
    150000   -72.00000000   1.1489680000e+00
    150000   -70.00000000   1.1237730000e+00
    150000   -68.00000000   1.0962200000e+00
    150000   -66.00000000   1.0664470000e+00
    150000   -64.00000000   1.0346080000e+00
    150000   -62.00000000   1.0008630000e+00
    150000   -60.00000000   9.6538100000e-01
    150000   -58.00000000   9.2834300000e-01
    150000   -56.00000000   8.8993300000e-01
    150000   -54.00000000   8.5034500000e-01
    150000   -52.00000000   8.0977700000e-01
    150000   -50.00000000   7.6843200000e-01
    150000   -48.00000000   7.2651600000e-01
    150000   -46.00000000   6.8423900000e-01
    150000   -44.00000000   6.4181100000e-01
    150000   -42.00000000   5.9944400000e-01
    150000   -40.00000000   5.5735000000e-01
    150000   -38.00000000   5.1573600000e-01
    150000   -36.00000000   4.7481100000e-01
    150000   -34.00000000   4.3477700000e-01
    150000   -32.00000000   3.9583300000e-01
    150000   -30.00000000   3.5817300000e-01
    150000   -28.00000000   3.2198400000e-01
    150000   -26.00000000   2.8744500000e-01
    150000   -24.00000000   2.5472700000e-01
    150000   -22.00000000   2.2399400000e-01
    150000   -20.00000000   1.9539600000e-01
    150000   -18.00000000   1.6907500000e-01
    150000   -16.00000000   1.4516300000e-01
    150000   -14.00000000   1.2377700000e-01
    150000   -12.00000000   1.0502400000e-01
    150000   -10.00000000   8.9194000000e-02
    150000    -8.00000000   8.0742000000e-02
    150000    -6.00000000   3.6241000000e-02
    150000    -4.00000000   2.3370000000e-02
    150000    -2.00000000   1.8560000000e-02
    150000     0.00000000   1.4390000000e-02
    150000     2.00000000   1.3520000000e-02
    150000     4.00000000   1.5400000000e-02
    150000     6.00000000   1.8190000000e-02
    150000     8.00000000   2.1780000000e-02
    150000    10.00000000   2.7921000000e-02
    150000    12.00000000   3.8163000000e-02
    150000    14.00000000   5.7919000000e-02
    150000    16.00000000   7.8084000000e-02
    150000    18.00000000   1.0270800000e-01
    150000    20.00000000   1.2982200000e-01
    150000    22.00000000   1.5929300000e-01
    150000    24.00000000   1.9097800000e-01
    150000    26.00000000   2.2472500000e-01
    150000    28.00000000   2.6037000000e-01
    150000    30.00000000   2.9774000000e-01
    150000    32.00000000   3.3665400000e-01
    150000    34.00000000   3.7692500000e-01
    150000    36.00000000   4.1835600000e-01
    150000    38.00000000   4.6074700000e-01
    150000    40.00000000   5.0389300000e-01
    150000    42.00000000   5.4758600000e-01
    150000    44.00000000   5.9161400000e-01
    150000    46.00000000   6.3576400000e-01
    150000    48.00000000   6.7982200000e-01
    150000    50.00000000   7.2357600000e-01
    150000    52.00000000   7.6681500000e-01
    150000    54.00000000   8.0932800000e-01
    150000    56.00000000   8.5091100000e-01
    150000    58.00000000   8.9136400000e-01
    150000    60.00000000   9.3049000000e-01
    150000    62.00000000   9.6810200000e-01
    150000    64.00000000   1.0040180000e+00
    150000    66.00000000   1.0380650000e+00
    150000    68.00000000   1.0700790000e+00
    150000    70.00000000   1.0999060000e+00
    150000    72.00000000   1.1274040000e+00
    150000    74.00000000   1.1524400000e+00
    150000    76.00000000   1.1748950000e+00
    150000    78.00000000   1.1946610000e+00
    150000    80.00000000   1.2116440000e+00
    150000    82.00000000   1.2257640000e+00
    150000    84.00000000   1.2369540000e+00
    150000    86.00000000   1.2451620000e+00
    150000    88.00000000   1.2503510000e+00
    150000    90.00000000   1.2524960000e+00
    200000   -90.00000000   1.2524960000e+00
    200000   -88.00000000   1.2518240000e+00
    200000   -86.00000000   1.2481070000e+00
    200000   -84.00000000   1.2413670000e+00
    200000   -82.00000000   1.2316390000e+00
    200000   -80.00000000   1.2189740000e+00
    200000   -78.00000000   1.2034380000e+00
    200000   -76.00000000   1.1851070000e+00
    200000   -74.00000000   1.1640760000e+00
    200000   -72.00000000   1.1404490000e+00
    200000   -70.00000000   1.1143440000e+00
    200000   -68.00000000   1.0858920000e+00
    200000   -66.00000000   1.0552350000e+00
    200000   -64.00000000   1.0225230000e+00
    200000   -62.00000000   9.8792000000e-01
    200000   -60.00000000   9.5159700000e-01
    200000   -58.00000000   9.1373400000e-01
    200000   -56.00000000   8.7451700000e-01
    200000   -54.00000000   8.3414100000e-01
    200000   -52.00000000   7.9280400000e-01
    200000   -50.00000000   7.5071100000e-01
    200000   -48.00000000   7.0806900000e-01
    200000   -46.00000000   6.6508800000e-01
    200000   -44.00000000   6.2198000000e-01
    200000   -42.00000000   5.7895700000e-01
    200000   -40.00000000   5.3623100000e-01
    200000   -38.00000000   4.9401200000e-01
    200000   -36.00000000   4.5250700000e-01
    200000   -34.00000000   4.1192200000e-01
    200000   -32.00000000   3.7245400000e-01
    200000   -30.00000000   3.3429900000e-01
    200000   -28.00000000   2.9764300000e-01
    200000   -26.00000000   2.6266700000e-01
    200000   -24.00000000   2.2954300000e-01
    200000   -22.00000000   1.9843300000e-01
    200000   -20.00000000   1.6949000000e-01
    200000   -18.00000000   1.4285600000e-01
    200000   -16.00000000   1.1866300000e-01
    200000   -14.00000000   9.7028000000e-02
    200000   -12.00000000   7.8058000000e-02
    200000   -10.00000000   6.3006000000e-02
    200000    -8.00000000   5.7250000000e-02
    200000    -6.00000000   2.6989000000e-02
    200000    -4.00000000   1.8440000000e-02
    200000    -2.00000000   1.4090000000e-02
    200000     0.00000000   1.1810000000e-02
    200000     2.00000000   1.1660000000e-02
    200000     4.00000000   1.3710000000e-02
    200000     6.00000000   1.6210000000e-02
    200000     8.00000000   2.0560000000e-02
    200000    10.00000000   2.6794000000e-02
    200000    12.00000000   3.9652000000e-02
    200000    14.00000000   5.8655000000e-02
    200000    16.00000000   8.0539000000e-02
    200000    18.00000000   1.0513700000e-01
    200000    20.00000000   1.3222200000e-01
    200000    22.00000000   1.6166100000e-01
    200000    24.00000000   1.9331200000e-01
    200000    26.00000000   2.2702100000e-01
    200000    28.00000000   2.6262500000e-01
    200000    30.00000000   2.9995200000e-01
    200000    32.00000000   3.3882000000e-01
    200000    34.00000000   3.7904200000e-01
    200000    36.00000000   4.2042200000e-01
    200000    38.00000000   4.6276000000e-01
    200000    40.00000000   5.0585000000e-01
    200000    42.00000000   5.4948400000e-01
    200000    44.00000000   5.9345100000e-01
    200000    46.00000000   6.3753800000e-01
    200000    48.00000000   6.8153100000e-01
    200000    50.00000000   7.2521800000e-01
    200000    52.00000000   7.6838700000e-01
    200000    54.00000000   8.1082900000e-01
    200000    56.00000000   8.5233900000e-01
    200000    58.00000000   8.9271700000e-01
    200000    60.00000000   9.3176700000e-01
    200000    62.00000000   9.6930100000e-01
    200000    64.00000000   1.0051370000e+00
    200000    66.00000000   1.0391030000e+00
    200000    68.00000000   1.0710350000e+00
    200000    70.00000000   1.1007800000e+00
    200000    72.00000000   1.1281930000e+00
    200000    74.00000000   1.1531440000e+00
    200000    76.00000000   1.1755130000e+00
    200000    78.00000000   1.1951920000e+00
    200000    80.00000000   1.2120870000e+00
    200000    82.00000000   1.2261190000e+00
    200000    84.00000000   1.2372210000e+00
    200000    86.00000000   1.2453400000e+00
    200000    88.00000000   1.2504400000e+00
    200000    90.00000000   1.2524960000e+00
    250000   -90.00000000   1.2524960000e+00
    250000   -88.00000000   1.2516570000e+00
    250000   -86.00000000   1.2477730000e+00
    250000   -84.00000000   1.2408660000e+00
    250000   -82.00000000   1.2309730000e+00
    250000   -80.00000000   1.2181430000e+00
    250000   -78.00000000   1.2024420000e+00
    250000   -76.00000000   1.1839490000e+00
    250000   -74.00000000   1.1627560000e+00
    250000   -72.00000000   1.1389690000e+00
    250000   -70.00000000   1.1127060000e+00
    250000   -68.00000000   1.0840980000e+00
    250000   -66.00000000   1.0532870000e+00
    250000   -64.00000000   1.0204240000e+00
    250000   -62.00000000   9.8567200000e-01
    250000   -60.00000000   9.4920300000e-01
    250000   -58.00000000   9.1119600000e-01
    250000   -56.00000000   8.7183900000e-01
    250000   -54.00000000   8.3132600000e-01
    250000   -52.00000000   7.8985600000e-01
    250000   -50.00000000   7.4763300000e-01
    250000   -48.00000000   7.0486500000e-01
    250000   -46.00000000   6.6176200000e-01
    250000   -44.00000000   6.1853500000e-01
    250000   -42.00000000   5.7539800000e-01
    250000   -40.00000000   5.3256300000e-01
    250000   -38.00000000   4.9023800000e-01
    250000   -36.00000000   4.4863300000e-01
    250000   -34.00000000   4.0795100000e-01
    250000   -32.00000000   3.6839300000e-01
    250000   -30.00000000   3.3015100000e-01
    250000   -28.00000000   2.9341400000e-01
    250000   -26.00000000   2.5836300000e-01
    250000   -24.00000000   2.2516800000e-01
    250000   -22.00000000   1.9399300000e-01
    250000   -20.00000000   1.6499000000e-01
    250000   -18.00000000   1.3830200000e-01
    250000   -16.00000000   1.1405900000e-01
    250000   -14.00000000   9.2381000000e-02
    250000   -12.00000000   7.3374000000e-02
    250000   -10.00000000   7.1894000000e-02
    250000    -8.00000000   3.7285000000e-02
    250000    -6.00000000   2.0730000000e-02
    250000    -4.00000000   1.5350000000e-02
    250000    -2.00000000   1.1920000000e-02
    250000     0.00000000   1.0610000000e-02
    250000     2.00000000   1.0660000000e-02
    250000     4.00000000   1.2660000000e-02
    250000     6.00000000   1.5040000000e-02
    250000     8.00000000   1.9700000000e-02
    250000    10.00000000   2.7230000000e-02
    250000    12.00000000   4.0569000000e-02
    250000    14.00000000   5.8710000000e-02
    250000    16.00000000   8.1724000000e-02
    250000    18.00000000   1.0551100000e-01
    250000    20.00000000   1.3259100000e-01
    250000    22.00000000   1.6202500000e-01
    250000    24.00000000   1.9367100000e-01
    250000    26.00000000   2.2737400000e-01
    250000    28.00000000   2.6297200000e-01
    250000    30.00000000   3.0029300000e-01
    250000    32.00000000   3.3915400000e-01
    250000    34.00000000   3.7936800000e-01
    250000    36.00000000   4.2074000000e-01
    250000    38.00000000   4.6306900000e-01
    250000    40.00000000   5.0615100000e-01
    250000    42.00000000   5.4977700000e-01
    250000    44.00000000   5.9373400000e-01
    250000    46.00000000   6.3781100000e-01
    250000    48.00000000   6.8179500000e-01
    250000    50.00000000   7.2547100000e-01
    250000    52.00000000   7.6862900000e-01
    250000    54.00000000   8.1106000000e-01
    250000    56.00000000   8.5255900000e-01
    250000    58.00000000   8.9292600000e-01
    250000    60.00000000   9.3196400000e-01
    250000    62.00000000   9.6948600000e-01
    250000    64.00000000   1.0053100000e+00
    250000    66.00000000   1.0392630000e+00
    250000    68.00000000   1.0711830000e+00
    250000    70.00000000   1.1009140000e+00
    250000    72.00000000   1.1283150000e+00
    250000    74.00000000   1.1532520000e+00
    250000    76.00000000   1.1756080000e+00
    250000    78.00000000   1.1952730000e+00
    250000    80.00000000   1.2121560000e+00
    250000    82.00000000   1.2261740000e+00
    250000    84.00000000   1.2372620000e+00
    250000    86.00000000   1.2453680000e+00
    250000    88.00000000   1.2504530000e+00
    250000    90.00000000   1.2524960000e+00
     50000   -90.00000000   1.2524960000e+00
     50000   -88.00000000   1.2540300000e+00
     50000   -86.00000000   1.2525170000e+00
     50000   -84.00000000   1.2479750000e+00
     50000   -82.00000000   1.2404370000e+00
     50000   -80.00000000   1.2299520000e+00
     50000   -78.00000000   1.2165820000e+00
     50000   -76.00000000   1.2004010000e+00
     50000   -74.00000000   1.1815010000e+00
     50000   -72.00000000   1.1599850000e+00
     50000   -70.00000000   1.1359670000e+00
     50000   -68.00000000   1.1095750000e+00
     50000   -66.00000000   1.0809480000e+00
     50000   -64.00000000   1.0502370000e+00
     50000   -62.00000000   1.0176000000e+00
     50000   -60.00000000   9.8320700000e-01
     50000   -58.00000000   9.4723500000e-01
     50000   -56.00000000   9.0986900000e-01
     50000   -54.00000000   8.7130000000e-01
     50000   -52.00000000   8.3172600000e-01
     50000   -50.00000000   7.9134800000e-01
     50000   -48.00000000   7.5037100000e-01
     50000   -46.00000000   7.0900400000e-01
     50000   -44.00000000   6.6745600000e-01
     50000   -42.00000000   6.2593800000e-01
     50000   -40.00000000   5.8466000000e-01
     50000   -38.00000000   5.4382900000e-01
     50000   -36.00000000   5.0365300000e-01
     50000   -34.00000000   4.6433300000e-01
     50000   -32.00000000   4.2606700000e-01
     50000   -30.00000000   3.8904800000e-01
     50000   -28.00000000   3.5346200000e-01
     50000   -26.00000000   3.1948800000e-01
     50000   -24.00000000   2.8729600000e-01
     50000   -22.00000000   2.5704900000e-01
     50000   -20.00000000   2.2889700000e-01
     50000   -18.00000000   2.0298100000e-01
     50000   -16.00000000   1.7943300000e-01
     50000   -14.00000000   1.5836900000e-01
     50000   -12.00000000   1.3989600000e-01
     50000   -10.00000000   1.2410500000e-01
     50000    -8.00000000   1.1107600000e-01
     50000    -6.00000000   1.0130600000e-01
     50000    -4.00000000   7.7306000000e-02
     50000    -2.00000000   4.0440000000e-02
     50000     0.00000000   4.0690000000e-02
     50000     2.00000000   4.4430000000e-02
     50000     4.00000000   4.9910000000e-02
     50000     6.00000000   5.4940000000e-02
     50000     8.00000000   4.8740000000e-02
     50000    10.00000000   4.1032000000e-02
     50000    12.00000000   5.2751000000e-02
     50000    14.00000000   7.2568000000e-02
     50000    16.00000000   9.4344000000e-02
     50000    18.00000000   1.1879600000e-01
     50000    20.00000000   1.4571700000e-01
     50000    22.00000000   1.7497600000e-01
     50000    24.00000000   2.0643100000e-01
     50000    26.00000000   2.3992800000e-01
     50000    28.00000000   2.7530500000e-01
     50000    30.00000000   3.1238900000e-01
     50000    32.00000000   3.5099900000e-01
     50000    34.00000000   3.9094800000e-01
     50000    36.00000000   4.3204000000e-01
     50000    38.00000000   4.7407600000e-01
     50000    40.00000000   5.1685100000e-01
     50000    42.00000000   5.6015700000e-01
     50000    44.00000000   6.0378200000e-01
     50000    46.00000000   6.4751400000e-01
     50000    48.00000000   6.9114100000e-01
     50000    50.00000000   7.3444900000e-01
     50000    52.00000000   7.7722900000e-01
     50000    54.00000000   8.1927000000e-01
     50000    56.00000000   8.6037000000e-01
     50000    58.00000000   9.0032700000e-01
     50000    60.00000000   9.3894800000e-01
     50000    62.00000000   9.7604300000e-01
     50000    64.00000000   1.0114330000e+00
     50000    66.00000000   1.0449440000e+00
     50000    68.00000000   1.0764150000e+00
     50000    70.00000000   1.1056920000e+00
     50000    72.00000000   1.1326310000e+00
     50000    74.00000000   1.1571020000e+00
     50000    76.00000000   1.1789870000e+00
     50000    78.00000000   1.1981780000e+00
     50000    80.00000000   1.2145810000e+00
     50000    82.00000000   1.2281180000e+00
     50000    84.00000000   1.2387220000e+00
     50000    86.00000000   1.2463420000e+00
     50000    88.00000000   1.2509410000e+00
     50000    90.00000000   1.2524960000e+00
    100000   -90.00000000   1.2524960000e+00
    100000   -88.00000000   1.2536200000e+00
    100000   -86.00000000   1.2516980000e+00
    100000   -84.00000000   1.2467480000e+00
    100000   -82.00000000   1.2388040000e+00
    100000   -80.00000000   1.2279140000e+00
    100000   -78.00000000   1.2141410000e+00
    100000   -76.00000000   1.1975620000e+00
    100000   -74.00000000   1.1782660000e+00
    100000   -72.00000000   1.1563570000e+00
    100000   -70.00000000   1.1319520000e+00
    100000   -68.00000000   1.1051770000e+00
    100000   -66.00000000   1.0761740000e+00
    100000   -64.00000000   1.0450910000e+00
    100000   -62.00000000   1.0120890000e+00
    100000   -60.00000000   9.7733700000e-01
    100000   -58.00000000   9.4101400000e-01
    100000   -56.00000000   9.0330500000e-01
    100000   -54.00000000   8.6440000000e-01
    100000   -52.00000000   8.2449900000e-01
    100000   -50.00000000   7.8380200000e-01
    100000   -48.00000000   7.4251600000e-01
    100000   -46.00000000   7.0085000000e-01
    100000   -44.00000000   6.5901200000e-01
    100000   -42.00000000   6.1721500000e-01
    100000   -40.00000000   5.7566800000e-01
    100000   -38.00000000   5.3457900000e-01
    100000   -36.00000000   4.9415600000e-01
    100000   -34.00000000   4.5460100000e-01
    100000   -32.00000000   4.1611200000e-01
    100000   -30.00000000   3.7888200000e-01
    100000   -28.00000000   3.4309800000e-01
    100000   -26.00000000   3.0893800000e-01
    100000   -24.00000000   2.7657300000e-01
    100000   -22.00000000   2.4616500000e-01
    100000   -20.00000000   2.1786600000e-01
    100000   -18.00000000   1.9181700000e-01
    100000   -16.00000000   1.6814900000e-01
    100000   -14.00000000   1.4697900000e-01
    100000   -12.00000000   1.2841400000e-01
    100000   -10.00000000   1.1254500000e-01
    100000    -8.00000000   1.0014100000e-01
    100000    -6.00000000   8.9200000000e-02
    100000    -4.00000000   3.9655000000e-02
    100000    -2.00000000   2.6720000000e-02
    100000     0.00000000   2.1510000000e-02
    100000     2.00000000   1.8400000000e-02
    100000     4.00000000   1.8940000000e-02
    100000     6.00000000   2.1680000000e-02
    100000     8.00000000   2.4080000000e-02
    100000    10.00000000   3.0466000000e-02
    100000    12.00000000   4.2663000000e-02
    100000    14.00000000   6.2484000000e-02
    100000    16.00000000   8.3524000000e-02
    100000    18.00000000   1.0809100000e-01
    100000    20.00000000   1.3514000000e-01
    100000    22.00000000   1.6454000000e-01
    100000    24.00000000   1.9614900000e-01
    100000    26.00000000   2.2981200000e-01
    100000    28.00000000   2.6536700000e-01
    100000    30.00000000   3.0264100000e-01
    100000    32.00000000   3.4145400000e-01
    100000    34.00000000   3.8161700000e-01
    100000    36.00000000   4.2293400000e-01
    100000    38.00000000   4.6520700000e-01
    100000    40.00000000   5.0822900000e-01
    100000    42.00000000   5.5179200000e-01
    100000    44.00000000   5.9568500000e-01
    100000    46.00000000   6.3969500000e-01
    100000    48.00000000   6.8360900000e-01
    100000    50.00000000   7.2721400000e-01
    100000    52.00000000   7.7029900000e-01
    100000    54.00000000   8.1265500000e-01
    100000    56.00000000   8.5407600000e-01
    100000    58.00000000   8.9436300000e-01
    100000    60.00000000   9.3332000000e-01
    100000    62.00000000   9.7075900000e-01
    100000    64.00000000   1.0064990000e+00
    100000    66.00000000   1.0403660000e+00
    100000    68.00000000   1.0721990000e+00
    100000    70.00000000   1.1018420000e+00
    100000    72.00000000   1.1291530000e+00
    100000    74.00000000   1.1540000000e+00
    100000    76.00000000   1.1762640000e+00
    100000    78.00000000   1.1958370000e+00
    100000    80.00000000   1.2126270000e+00
    100000    82.00000000   1.2265520000e+00
    100000    84.00000000   1.2375460000e+00
    100000    86.00000000   1.2455570000e+00
    100000    88.00000000   1.2505480000e+00
    100000    90.00000000   1.2524960000e+00
    150000   -90.00000000   1.2524960000e+00
    150000   -88.00000000   1.2530460000e+00
    150000   -86.00000000   1.2505510000e+00
    150000   -84.00000000   1.2450280000e+00
    150000   -82.00000000   1.2365140000e+00
    150000   -80.00000000   1.2250570000e+00
    150000   -78.00000000   1.2107210000e+00
    150000   -76.00000000   1.1935820000e+00
    150000   -74.00000000   1.1737320000e+00
    150000   -72.00000000   1.1512740000e+00
    150000   -70.00000000   1.1263260000e+00
    150000   -68.00000000   1.0990150000e+00
    150000   -66.00000000   1.0694830000e+00
    150000   -64.00000000   1.0378800000e+00
    150000   -62.00000000   1.0043660000e+00
    150000   -60.00000000   9.6911300000e-01
    150000   -58.00000000   9.3229700000e-01
    150000   -56.00000000   8.9410600000e-01
    150000   -54.00000000   8.5473100000e-01
    150000   -52.00000000   8.1437100000e-01
    150000   -50.00000000   7.7322900000e-01
    150000   -48.00000000   7.3150900000e-01
    150000   -46.00000000   6.8942300000e-01
    150000   -44.00000000   6.4717900000e-01
    150000   -42.00000000   6.0499000000e-01
    150000   -40.00000000   5.6306600000e-01
    150000   -38.00000000   5.2161700000e-01
    150000   -36.00000000   4.8084800000e-01
    150000   -34.00000000   4.4096300000e-01
    150000   -32.00000000   4.0216200000e-01
    150000   -30.00000000   3.6463600000e-01
    150000   -28.00000000   3.2857300000e-01
    150000   -26.00000000   2.9415300000e-01
    150000   -24.00000000   2.6154500000e-01
    150000   -22.00000000   2.3091300000e-01
    150000   -20.00000000   2.0240800000e-01
    150000   -18.00000000   1.7617300000e-01
    150000   -16.00000000   1.5233600000e-01
    150000   -14.00000000   1.3101800000e-01
    150000   -12.00000000   1.1232300000e-01
    150000   -10.00000000   9.6345000000e-02
    150000    -8.00000000   8.8342000000e-02
    150000    -6.00000000   5.5233000000e-02
    150000    -4.00000000   2.3400000000e-02
    150000    -2.00000000   1.8420000000e-02
    150000     0.00000000   1.4040000000e-02
    150000     2.00000000   1.3280000000e-02
    150000     4.00000000   1.5020000000e-02
    150000     6.00000000   1.7770000000e-02
    150000     8.00000000   2.1340000000e-02
    150000    10.00000000   2.9233000000e-02
    150000    12.00000000   4.4933000000e-02
    150000    14.00000000   6.5588000000e-02
    150000    16.00000000   8.7982000000e-02
    150000    18.00000000   1.1250200000e-01
    150000    20.00000000   1.3949800000e-01
    150000    22.00000000   1.6884000000e-01
    150000    24.00000000   2.0038500000e-01
    150000    26.00000000   2.3398000000e-01
    150000    28.00000000   2.6946200000e-01
    150000    30.00000000   3.0665800000e-01
    150000    32.00000000   3.4538700000e-01
    150000    34.00000000   3.8546100000e-01
    150000    36.00000000   4.2668600000e-01
    150000    38.00000000   4.6886100000e-01
    150000    40.00000000   5.1178100000e-01
    150000    42.00000000   5.5523900000e-01
    150000    44.00000000   5.9902100000e-01
    150000    46.00000000   6.4291700000e-01
    150000    48.00000000   6.8671300000e-01
    150000    50.00000000   7.3019500000e-01
    150000    52.00000000   7.7315400000e-01
    150000    54.00000000   8.1538100000e-01
    150000    56.00000000   8.5666900000e-01
    150000    58.00000000   8.9682000000e-01
    150000    60.00000000   9.3563900000e-01
    150000    62.00000000   9.7293600000e-01
    150000    64.00000000   1.0085320000e+00
    150000    66.00000000   1.0422530000e+00
    150000    68.00000000   1.0739360000e+00
    150000    70.00000000   1.1034280000e+00
    150000    72.00000000   1.1305860000e+00
    150000    74.00000000   1.1552780000e+00
    150000    76.00000000   1.1773860000e+00
    150000    78.00000000   1.1968020000e+00
    150000    80.00000000   1.2134320000e+00
    150000    82.00000000   1.2271970000e+00
    150000    84.00000000   1.2380300000e+00
    150000    86.00000000   1.2458810000e+00
    150000    88.00000000   1.2507100000e+00
    150000    90.00000000   1.2524960000e+00
    200000   -90.00000000   1.2524960000e+00
    200000   -88.00000000   1.2520650000e+00
    200000   -86.00000000   1.2485880000e+00
    200000   -84.00000000   1.2420880000e+00
    200000   -82.00000000   1.2325990000e+00
    200000   -80.00000000   1.2201720000e+00
    200000   -78.00000000   1.2048720000e+00
    200000   -76.00000000   1.1867760000e+00
    200000   -74.00000000   1.1659780000e+00
    200000   -72.00000000   1.1425810000e+00
    200000   -70.00000000   1.1167040000e+00
    200000   -68.00000000   1.0884770000e+00
    200000   -66.00000000   1.0580410000e+00
    200000   -64.00000000   1.0255480000e+00
    200000   -62.00000000   9.9115900000e-01
    200000   -60.00000000   9.5504700000e-01
    200000   -58.00000000   9.1739000000e-01
    200000   -56.00000000   8.7837500000e-01
    200000   -54.00000000   8.3819600000e-01
    200000   -52.00000000   7.9705200000e-01
    200000   -50.00000000   7.5514600000e-01
    200000   -48.00000000   7.1268600000e-01
    200000   -46.00000000   6.6988100000e-01
    200000   -44.00000000   6.2694400000e-01
    200000   -42.00000000   5.8408500000e-01
    200000   -40.00000000   5.4151700000e-01
    200000   -38.00000000   4.9944900000e-01
    200000   -36.00000000   4.5808900000e-01
    200000   -34.00000000   4.1764200000e-01
    200000   -32.00000000   3.7830500000e-01
    200000   -30.00000000   3.4027400000e-01
    200000   -28.00000000   3.0373500000e-01
    200000   -26.00000000   2.6886800000e-01
    200000   -24.00000000   2.3584600000e-01
    200000   -22.00000000   2.0483000000e-01
    200000   -20.00000000   1.7597400000e-01
    200000   -18.00000000   1.4941800000e-01
    200000   -16.00000000   1.2529500000e-01
    200000   -14.00000000   1.0372300000e-01
    200000   -12.00000000   8.4807000000e-02
    200000   -10.00000000   7.1122000000e-02
    200000    -8.00000000   5.8029000000e-02
    200000    -6.00000000   2.7769000000e-02
    200000    -4.00000000   1.8530000000e-02
    200000    -2.00000000   1.4100000000e-02
    200000     0.00000000   1.1430000000e-02
    200000     2.00000000   1.1410000000e-02
    200000     4.00000000   1.3350000000e-02
    200000     6.00000000   1.5800000000e-02
    200000     8.00000000   2.0460000000e-02
    200000    10.00000000   2.9430000000e-02
    200000    12.00000000   4.2521000000e-02
    200000    14.00000000   6.1670000000e-02
    200000    16.00000000   8.4528000000e-02
    200000    18.00000000   1.0820000000e-01
    200000    20.00000000   1.3524700000e-01
    200000    22.00000000   1.6464600000e-01
    200000    24.00000000   1.9625300000e-01
    200000    26.00000000   2.2991500000e-01
    200000    28.00000000   2.6546800000e-01
    200000    30.00000000   3.0274000000e-01
    200000    32.00000000   3.4155100000e-01
    200000    34.00000000   3.8171100000e-01
    200000    36.00000000   4.2302700000e-01
    200000    38.00000000   4.6529700000e-01
    200000    40.00000000   5.0831600000e-01
    200000    42.00000000   5.5187700000e-01
    200000    44.00000000   5.9576700000e-01
    200000    46.00000000   6.3977500000e-01
    200000    48.00000000   6.8368600000e-01
    200000    50.00000000   7.2728800000e-01
    200000    52.00000000   7.7036900000e-01
    200000    54.00000000   8.1272200000e-01
    200000    56.00000000   8.5414000000e-01
    200000    58.00000000   8.9442300000e-01
    200000    60.00000000   9.3337700000e-01
    200000    62.00000000   9.7081200000e-01
    200000    64.00000000   1.0065490000e+00
    200000    66.00000000   1.0404130000e+00
    200000    68.00000000   1.0722420000e+00
    200000    70.00000000   1.1018810000e+00
    200000    72.00000000   1.1291880000e+00
    200000    74.00000000   1.1540320000e+00
    200000    76.00000000   1.1762920000e+00
    200000    78.00000000   1.1958610000e+00
    200000    80.00000000   1.2126470000e+00
    200000    82.00000000   1.2265680000e+00
    200000    84.00000000   1.2375580000e+00
    200000    86.00000000   1.2455650000e+00
    200000    88.00000000   1.2505520000e+00
    200000    90.00000000   1.2524960000e+00
    250000   -90.00000000   1.2524960000e+00
    250000   -88.00000000   1.2512350000e+00
    250000   -86.00000000   1.2469310000e+00
    250000   -84.00000000   1.2396040000e+00
    250000   -82.00000000   1.2292920000e+00
    250000   -80.00000000   1.2160470000e+00
    250000   -78.00000000   1.1999320000e+00
    250000   -76.00000000   1.1810280000e+00
    250000   -74.00000000   1.1594280000e+00
    250000   -72.00000000   1.1352390000e+00
    250000   -70.00000000   1.1085780000e+00
    250000   -68.00000000   1.0795760000e+00
    250000   -66.00000000   1.0483770000e+00
    250000   -64.00000000   1.0151320000e+00
    250000   -62.00000000   9.8000400000e-01
    250000   -60.00000000   9.4316700000e-01
    250000   -58.00000000   9.0479900000e-01
    250000   -56.00000000   8.6508900000e-01
    250000   -54.00000000   8.2423000000e-01
    250000   -52.00000000   7.8242400000e-01
    250000   -50.00000000   7.3987300000e-01
    250000   -48.00000000   6.9678700000e-01
    250000   -46.00000000   6.5337600000e-01
    250000   -44.00000000   6.0985200000e-01
    250000   -42.00000000   5.6642700000e-01
    250000   -40.00000000   5.2331500000e-01
    250000   -38.00000000   4.8072500000e-01
    250000   -36.00000000   4.3886700000e-01
    250000   -34.00000000   3.9794300000e-01
    250000   -32.00000000   3.5815500000e-01
    250000   -30.00000000   3.1969700000e-01
    250000   -28.00000000   2.8275600000e-01
    250000   -26.00000000   2.4751300000e-01
    250000   -24.00000000   2.1414000000e-01
    250000   -22.00000000   1.8280000000e-01
    250000   -20.00000000   1.5364600000e-01
    250000   -18.00000000   1.2682100000e-01
    250000   -16.00000000   1.0245500000e-01
    250000   -14.00000000   8.0668000000e-02
    250000   -12.00000000   6.1566000000e-02
    250000   -10.00000000   4.4321000000e-02
    250000    -8.00000000   2.9056000000e-02
    250000    -6.00000000   2.1211000000e-02
    250000    -4.00000000   1.5430000000e-02
    250000    -2.00000000   1.1840000000e-02
    250000     0.00000000   1.0220000000e-02
    250000     2.00000000   1.0390000000e-02
    250000     4.00000000   1.2340000000e-02
    250000     6.00000000   1.4750000000e-02
    250000     8.00000000   2.0230000000e-02
    250000    10.00000000   2.9850000000e-02
    250000    12.00000000   4.0392000000e-02
    250000    14.00000000   5.9061000000e-02
    250000    16.00000000   8.1348000000e-02
    250000    18.00000000   1.0540600000e-01
    250000    20.00000000   1.3248700000e-01
    250000    22.00000000   1.6192300000e-01
    250000    24.00000000   1.9357000000e-01
    250000    26.00000000   2.2727500000e-01
    250000    28.00000000   2.6287500000e-01
    250000    30.00000000   3.0019700000e-01
    250000    32.00000000   3.3906000000e-01
    250000    34.00000000   3.7927600000e-01
    250000    36.00000000   4.2065100000e-01
    250000    38.00000000   4.6298200000e-01
    250000    40.00000000   5.0606600000e-01
    250000    42.00000000   5.4969400000e-01
    250000    44.00000000   5.9365500000e-01
    250000    46.00000000   6.3773500000e-01
    250000    48.00000000   6.8172100000e-01
    250000    50.00000000   7.2540000000e-01
    250000    52.00000000   7.6856100000e-01
    250000    54.00000000   8.1099500000e-01
    250000    56.00000000   8.5249800000e-01
    250000    58.00000000   8.9286700000e-01
    250000    60.00000000   9.3190800000e-01
    250000    62.00000000   9.6943400000e-01
    250000    64.00000000   1.0052610000e+00
    250000    66.00000000   1.0392180000e+00
    250000    68.00000000   1.0711410000e+00
    250000    70.00000000   1.1008760000e+00
    250000    72.00000000   1.1282810000e+00
    250000    74.00000000   1.1532220000e+00
    250000    76.00000000   1.1755810000e+00
    250000    78.00000000   1.1952510000e+00
    250000    80.00000000   1.2121370000e+00
    250000    82.00000000   1.2261590000e+00
    250000    84.00000000   1.2372510000e+00
    250000    86.00000000   1.2453600000e+00
    250000    88.00000000   1.2504500000e+00
    250000    90.00000000   1.2524960000e+00
     50000   -90.00000000   1.2524960000e+00
     50000   -88.00000000   1.2537450000e+00
     50000   -86.00000000   1.2519480000e+00
     50000   -84.00000000   1.2471220000e+00
     50000   -82.00000000   1.2393020000e+00
     50000   -80.00000000   1.2285360000e+00
     50000   -78.00000000   1.2148860000e+00
     50000   -76.00000000   1.1984280000e+00
     50000   -74.00000000   1.1792540000e+00
     50000   -72.00000000   1.1574650000e+00
     50000   -70.00000000   1.1331770000e+00
     50000   -68.00000000   1.1065200000e+00
     50000   -66.00000000   1.0776310000e+00
     50000   -64.00000000   1.0466620000e+00
     50000   -62.00000000   1.0137710000e+00
     50000   -60.00000000   9.7912900000e-01
     50000   -58.00000000   9.4291300000e-01
     50000   -56.00000000   9.0530900000e-01
     50000   -54.00000000   8.6650700000e-01
     50000   -52.00000000   8.2670500000e-01
     50000   -50.00000000   7.8610600000e-01
     50000   -48.00000000   7.4491400000e-01
     50000   -46.00000000   7.0333900000e-01
     50000   -44.00000000   6.6159000000e-01
     50000   -42.00000000   6.1987800000e-01
     50000   -40.00000000   5.7841300000e-01
     50000   -38.00000000   5.3740300000e-01
     50000   -36.00000000   4.9705500000e-01
     50000   -34.00000000   4.5757200000e-01
     50000   -32.00000000   4.1915100000e-01
     50000   -30.00000000   3.8198600000e-01
     50000   -28.00000000   3.4626200000e-01
     50000   -26.00000000   3.1215800000e-01
     50000   -24.00000000   2.7984600000e-01
     50000   -22.00000000   2.4948700000e-01
     50000   -20.00000000   2.2123300000e-01
     50000   -18.00000000   1.9522500000e-01
     50000   -16.00000000   1.7159400000e-01
     50000   -14.00000000   1.5045600000e-01
     50000   -12.00000000   1.3191900000e-01
     50000   -10.00000000   1.1607400000e-01
     50000    -8.00000000   1.0300000000e-01
     50000    -6.00000000   9.4282000000e-02
     50000    -4.00000000   8.1481000000e-02
     50000    -2.00000000   3.8874000000e-02
     50000     0.00000000   3.8960000000e-02
     50000     2.00000000   4.3380000000e-02
     50000     4.00000000   4.8920000000e-02
     50000     6.00000000   5.3380000000e-02
     50000     8.00000000   4.3190000000e-02
     50000    10.00000000   3.9780000000e-02
     50000    12.00000000   5.4537000000e-02
     50000    14.00000000   7.3178000000e-02
     50000    16.00000000   9.4973000000e-02
     50000    18.00000000   1.1941800000e-01
     50000    20.00000000   1.4633200000e-01
     50000    22.00000000   1.7558300000e-01
     50000    24.00000000   2.0702900000e-01
     50000    26.00000000   2.4051700000e-01
     50000    28.00000000   2.7588300000e-01
     50000    30.00000000   3.1295600000e-01
     50000    32.00000000   3.5155400000e-01
     50000    34.00000000   3.9149100000e-01
     50000    36.00000000   4.3257000000e-01
     50000    38.00000000   4.7459200000e-01
     50000    40.00000000   5.1735300000e-01
     50000    42.00000000   5.6064300000e-01
     50000    44.00000000   6.0425300000e-01
     50000    46.00000000   6.4796900000e-01
     50000    48.00000000   6.9157900000e-01
     50000    50.00000000   7.3487000000e-01
     50000    52.00000000   7.7763200000e-01
     50000    54.00000000   8.1965500000e-01
     50000    56.00000000   8.6073600000e-01
     50000    58.00000000   9.0067400000e-01
     50000    60.00000000   9.3927500000e-01
     50000    62.00000000   9.7635000000e-01
     50000    64.00000000   1.0117200000e+00
     50000    66.00000000   1.0452110000e+00
     50000    68.00000000   1.0766600000e+00
     50000    70.00000000   1.1059150000e+00
     50000    72.00000000   1.1328330000e+00
     50000    74.00000000   1.1572830000e+00
     50000    76.00000000   1.1791450000e+00
     50000    78.00000000   1.1983140000e+00
     50000    80.00000000   1.2146950000e+00
     50000    82.00000000   1.2282090000e+00
     50000    84.00000000   1.2387910000e+00
     50000    86.00000000   1.2463880000e+00
     50000    88.00000000   1.2509640000e+00
     50000    90.00000000   1.2524960000e+00
    100000   -90.00000000   1.2524960000e+00
    100000   -88.00000000   1.2534740000e+00
    100000   -86.00000000   1.2514050000e+00
    100000   -84.00000000   1.2463090000e+00
    100000   -82.00000000   1.2382190000e+00
    100000   -80.00000000   1.2271840000e+00
    100000   -78.00000000   1.2132670000e+00
    100000   -76.00000000   1.1965450000e+00
    100000   -74.00000000   1.1771070000e+00
    100000   -72.00000000   1.1550580000e+00
    100000   -70.00000000   1.1305140000e+00
    100000   -68.00000000   1.1036030000e+00
    100000   -66.00000000   1.0744640000e+00
    100000   -64.00000000   1.0432480000e+00
    100000   -62.00000000   1.0101160000e+00
    100000   -60.00000000   9.7523600000e-01
    100000   -58.00000000   9.3878700000e-01
    100000   -56.00000000   9.0095400000e-01
    100000   -54.00000000   8.6193000000e-01
    100000   -52.00000000   8.2191100000e-01
    100000   -50.00000000   7.8110100000e-01
    100000   -48.00000000   7.3970400000e-01
    100000   -46.00000000   6.9793000000e-01
    100000   -44.00000000   6.5598900000e-01
    100000   -42.00000000   6.1409100000e-01
    100000   -40.00000000   5.7244800000e-01
    100000   -38.00000000   5.3126700000e-01
    100000   -36.00000000   4.9075600000e-01
    100000   -34.00000000   4.5111700000e-01
    100000   -32.00000000   4.1254800000e-01
    100000   -30.00000000   3.7524200000e-01
    100000   -28.00000000   3.3938700000e-01
    100000   -26.00000000   3.0516000000e-01
    100000   -24.00000000   2.7273300000e-01
    100000   -22.00000000   2.4226800000e-01
    100000   -20.00000000   2.1391600000e-01
    100000   -18.00000000   1.8782000000e-01
    100000   -16.00000000   1.6410900000e-01
    100000   -14.00000000   1.4290100000e-01
    100000   -12.00000000   1.2430200000e-01
    100000   -10.00000000   1.0840600000e-01
    100000    -8.00000000   9.6233000000e-02
    100000    -6.00000000   8.5020000000e-02
    100000    -4.00000000   3.4094000000e-02
    100000    -2.00000000   2.6200000000e-02
    100000     0.00000000   2.1530000000e-02
    100000     2.00000000   1.8400000000e-02
    100000     4.00000000   1.8680000000e-02
    100000     6.00000000   2.1290000000e-02
    100000     8.00000000   2.3720000000e-02
    100000    10.00000000   3.0835000000e-02
    100000    12.00000000   4.5017000000e-02
    100000    14.00000000   6.4519000000e-02
    100000    16.00000000   8.6037000000e-02
    100000    18.00000000   1.1057700000e-01
    100000    20.00000000   1.3759700000e-01
    100000    22.00000000   1.6696400000e-01
    100000    24.00000000   1.9853700000e-01
    100000    26.00000000   2.3216200000e-01
    100000    28.00000000   2.6767600000e-01
    100000    30.00000000   3.0490600000e-01
    100000    32.00000000   3.4367100000e-01
    100000    34.00000000   3.8378400000e-01
    100000    36.00000000   4.2504900000e-01
    100000    38.00000000   4.6726700000e-01
    100000    40.00000000   5.1023200000e-01
    100000    42.00000000   5.5373500000e-01
    100000    44.00000000   5.9756600000e-01
    100000    46.00000000   6.4151200000e-01
    100000    48.00000000   6.8535900000e-01
    100000    50.00000000   7.2889500000e-01
    100000    52.00000000   7.7190900000e-01
    100000    54.00000000   8.1419100000e-01
    100000    56.00000000   8.5553800000e-01
    100000    58.00000000   8.9574800000e-01
    100000    60.00000000   9.3462700000e-01
    100000    62.00000000   9.7198600000e-01
    100000    64.00000000   1.0076450000e+00
    100000    66.00000000   1.0414300000e+00
    100000    68.00000000   1.0731780000e+00
    100000    70.00000000   1.1027360000e+00
    100000    72.00000000   1.1299610000e+00
    100000    74.00000000   1.1547210000e+00
    100000    76.00000000   1.1768960000e+00
    100000    78.00000000   1.1963810000e+00
    100000    80.00000000   1.2130810000e+00
    100000    82.00000000   1.2269150000e+00
    100000    84.00000000   1.2378190000e+00
    100000    86.00000000   1.2457390000e+00
    100000    88.00000000   1.2506390000e+00
    100000    90.00000000   1.2524960000e+00
    150000   -90.00000000   1.2524960000e+00
    150000   -88.00000000   1.2533390000e+00
    150000   -86.00000000   1.2511350000e+00
    150000   -84.00000000   1.2459040000e+00
    150000   -82.00000000   1.2376800000e+00
    150000   -80.00000000   1.2265110000e+00
    150000   -78.00000000   1.2124620000e+00
    150000   -76.00000000   1.1956070000e+00
    150000   -74.00000000   1.1760390000e+00
    150000   -72.00000000   1.1538610000e+00
    150000   -70.00000000   1.1291890000e+00
    150000   -68.00000000   1.1021510000e+00
    150000   -66.00000000   1.0728880000e+00
    150000   -64.00000000   1.0415500000e+00
    150000   -62.00000000   1.0082970000e+00
    150000   -60.00000000   9.7329900000e-01
    150000   -58.00000000   9.3673400000e-01
    150000   -56.00000000   8.9878800000e-01
    150000   -54.00000000   8.5965300000e-01
    150000   -52.00000000   8.1952600000e-01
    150000   -50.00000000   7.7861000000e-01
    150000   -48.00000000   7.3711200000e-01
    150000   -46.00000000   6.9523900000e-01
    150000   -44.00000000   6.5320200000e-01
    150000   -42.00000000   6.1121200000e-01
    150000   -40.00000000   5.6948000000e-01
    150000   -38.00000000   5.2821400000e-01
    150000   -36.00000000   4.8762100000e-01
    150000   -34.00000000   4.4790400000e-01
    150000   -32.00000000   4.0926200000e-01
    150000   -30.00000000   3.7188700000e-01
    150000   -28.00000000   3.3596600000e-01
    150000   -26.00000000   3.0167800000e-01
    150000   -24.00000000   2.6919400000e-01
    150000   -22.00000000   2.3867600000e-01
    150000   -20.00000000   2.1027600000e-01
    150000   -18.00000000   1.8413500000e-01
    150000   -16.00000000   1.6038500000e-01
    150000   -14.00000000   1.3914200000e-01
    150000   -12.00000000   1.2051300000e-01
    150000   -10.00000000   1.0459000000e-01
    150000    -8.00000000   9.5621000000e-02
    150000    -6.00000000   6.5384000000e-02
    150000    -4.00000000   2.3450000000e-02
    150000    -2.00000000   1.8280000000e-02
    150000     0.00000000   1.3970000000e-02
    150000     2.00000000   1.3100000000e-02
    150000     4.00000000   1.4740000000e-02
    150000     6.00000000   1.7240000000e-02
    150000     8.00000000   2.1480000000e-02
    150000    10.00000000   3.0600000000e-02
    150000    12.00000000   4.3655000000e-02
    150000    14.00000000   6.5617000000e-02
    150000    16.00000000   8.7040000000e-02
    150000    18.00000000   1.1157000000e-01
    150000    20.00000000   1.3857700000e-01
    150000    22.00000000   1.6793100000e-01
    150000    24.00000000   1.9949000000e-01
    150000    26.00000000   2.3310000000e-01
    150000    28.00000000   2.6859700000e-01
    150000    30.00000000   3.0580900000e-01
    150000    32.00000000   3.4455600000e-01
    150000    34.00000000   3.8464900000e-01
    150000    36.00000000   4.2589300000e-01
    150000    38.00000000   4.6808900000e-01
    150000    40.00000000   5.1103100000e-01
    150000    42.00000000   5.5451000000e-01
    150000    44.00000000   5.9831600000e-01
    150000    46.00000000   6.4223600000e-01
    150000    48.00000000   6.8605700000e-01
    150000    50.00000000   7.2956600000e-01
    150000    52.00000000   7.7255100000e-01
    150000    54.00000000   8.1480500000e-01
    150000    56.00000000   8.5612100000e-01
    150000    58.00000000   8.9630100000e-01
    150000    60.00000000   9.3514900000e-01
    150000    62.00000000   9.7247600000e-01
    150000    64.00000000   1.0081020000e+00
    150000    66.00000000   1.0418540000e+00
    150000    68.00000000   1.0735690000e+00
    150000    70.00000000   1.1030930000e+00
    150000    72.00000000   1.1302830000e+00
    150000    74.00000000   1.1550080000e+00
    150000    76.00000000   1.1771490000e+00
    150000    78.00000000   1.1965980000e+00
    150000    80.00000000   1.2132620000e+00
    150000    82.00000000   1.2270610000e+00
    150000    84.00000000   1.2379280000e+00
    150000    86.00000000   1.2458120000e+00
    150000    88.00000000   1.2506760000e+00
    150000    90.00000000   1.2524960000e+00
    200000   -90.00000000   1.2524960000e+00
    200000   -88.00000000   1.2514090000e+00
    200000   -86.00000000   1.2472770000e+00
    200000   -84.00000000   1.2401230000e+00
    200000   -82.00000000   1.2299830000e+00
    200000   -80.00000000   1.2169080000e+00
    200000   -78.00000000   1.2009640000e+00
    200000   -76.00000000   1.1822290000e+00
    200000   -74.00000000   1.1607960000e+00
    200000   -72.00000000   1.1367720000e+00
    200000   -70.00000000   1.1102750000e+00
    200000   -68.00000000   1.0814350000e+00
    200000   -66.00000000   1.0503950000e+00
    200000   -64.00000000   1.0173070000e+00
    200000   -62.00000000   9.8233400000e-01
    200000   -60.00000000   9.4564800000e-01
    200000   -58.00000000   9.0742800000e-01
    200000   -56.00000000   8.6786300000e-01
    200000   -54.00000000   8.2714700000e-01
    200000   -52.00000000   7.8547900000e-01
    200000   -50.00000000   7.4306300000e-01
    200000   -48.00000000   7.0010700000e-01
    200000   -46.00000000   6.5682300000e-01
    200000   -44.00000000   6.1342100000e-01
    200000   -42.00000000   5.7011500000e-01
    200000   -40.00000000   5.2711600000e-01
    200000   -38.00000000   4.8463600000e-01
    200000   -36.00000000   4.4288100000e-01
    200000   -34.00000000   4.0205700000e-01
    200000   -32.00000000   3.6236300000e-01
    200000   -30.00000000   3.2399400000e-01
    200000   -28.00000000   2.8713700000e-01
    200000   -26.00000000   2.5197200000e-01
    200000   -24.00000000   2.1867300000e-01
    200000   -22.00000000   1.8740000000e-01
    200000   -20.00000000   1.5830900000e-01
    200000   -18.00000000   1.3154000000e-01
    200000   -16.00000000   1.0722500000e-01
    200000   -14.00000000   8.5482000000e-02
    200000   -12.00000000   6.6419000000e-02
    200000   -10.00000000   5.8075000000e-02
    200000    -8.00000000   4.5371000000e-02
    200000    -6.00000000   3.9403000000e-02
    200000    -4.00000000   1.8610000000e-02
    200000    -2.00000000   1.4020000000e-02
    200000     0.00000000   1.1060000000e-02
    200000     2.00000000   1.1200000000e-02
    200000     4.00000000   1.3060000000e-02
    200000     6.00000000   1.5450000000e-02
    200000     8.00000000   2.1050000000e-02
    200000    10.00000000   3.0450000000e-02
    200000    12.00000000   4.2557000000e-02
    200000    14.00000000   6.2242000000e-02
    200000    16.00000000   8.3553000000e-02
    200000    18.00000000   1.0806600000e-01
    200000    20.00000000   1.3511600000e-01
    200000    22.00000000   1.6451600000e-01
    200000    24.00000000   1.9612500000e-01
    200000    26.00000000   2.2978900000e-01
    200000    28.00000000   2.6534400000e-01
    200000    30.00000000   3.0261900000e-01
    200000    32.00000000   3.4143200000e-01
    200000    34.00000000   3.8159500000e-01
    200000    36.00000000   4.2291300000e-01
    200000    38.00000000   4.6518600000e-01
    200000    40.00000000   5.0820900000e-01
    200000    42.00000000   5.5177300000e-01
    200000    44.00000000   5.9566700000e-01
    200000    46.00000000   6.3967700000e-01
    200000    48.00000000   6.8359200000e-01
    200000    50.00000000   7.2719800000e-01
    200000    52.00000000   7.7028300000e-01
    200000    54.00000000   8.1263900000e-01
    200000    56.00000000   8.5406200000e-01
    200000    58.00000000   8.9434900000e-01
    200000    60.00000000   9.3330700000e-01
    200000    62.00000000   9.7074700000e-01
    200000    64.00000000   1.0064870000e+00
    200000    66.00000000   1.0403560000e+00
    200000    68.00000000   1.0721890000e+00
    200000    70.00000000   1.1018330000e+00
    200000    72.00000000   1.1291450000e+00
    200000    74.00000000   1.1539930000e+00
    200000    76.00000000   1.1762580000e+00
    200000    78.00000000   1.1958320000e+00
    200000    80.00000000   1.2126220000e+00
    200000    82.00000000   1.2265480000e+00
    200000    84.00000000   1.2375430000e+00
    200000    86.00000000   1.2455550000e+00
    200000    88.00000000   1.2505470000e+00
    200000    90.00000000   1.2524960000e+00
    250000   -90.00000000   1.2524960000e+00
    250000   -88.00000000   1.2504790000e+00
    250000   -86.00000000   1.2454190000e+00
    250000   -84.00000000   1.2373380000e+00
    250000   -82.00000000   1.2262750000e+00
    250000   -80.00000000   1.2122820000e+00
    250000   -78.00000000   1.1954250000e+00
    250000   -76.00000000   1.1757840000e+00
    250000   -74.00000000   1.1534530000e+00
    250000   -72.00000000   1.1285390000e+00
    250000   -70.00000000   1.1011630000e+00
    250000   -68.00000000   1.0714550000e+00
    250000   -66.00000000   1.0395590000e+00
    250000   -64.00000000   1.0056280000e+00
    250000   -62.00000000   9.6982700000e-01
    250000   -60.00000000   9.3232700000e-01
    250000   -58.00000000   8.9331100000e-01
    250000   -56.00000000   8.5296600000e-01
    250000   -54.00000000   8.1148700000e-01
    250000   -52.00000000   7.6907700000e-01
    250000   -50.00000000   7.2593800000e-01
    250000   -48.00000000   6.8228100000e-01
    250000   -46.00000000   6.3831600000e-01
    250000   -44.00000000   5.9425700000e-01
    250000   -42.00000000   5.5031600000e-01
    250000   -40.00000000   5.0670800000e-01
    250000   -38.00000000   4.6364200000e-01
    250000   -36.00000000   4.2132800000e-01
    250000   -34.00000000   3.7997000000e-01
    250000   -32.00000000   3.3977000000e-01
    250000   -30.00000000   3.0092200000e-01
    250000   -28.00000000   2.6361400000e-01
    250000   -26.00000000   2.2802700000e-01
    250000   -24.00000000   1.9433500000e-01
    250000   -22.00000000   1.6269900000e-01
    250000   -20.00000000   1.3327400000e-01
    250000   -18.00000000   1.0620200000e-01
    250000   -16.00000000   8.1616000000e-02
    250000   -14.00000000   5.9633000000e-02
    250000   -12.00000000   5.7653000000e-02
    250000   -10.00000000   2.9224000000e-02
    250000    -8.00000000   2.8000000000e-02
    250000    -6.00000000   2.1820000000e-02
    250000    -4.00000000   1.5540000000e-02
    250000    -2.00000000   1.1770000000e-02
    250000     0.00000000   9.8600000000e-03
    250000     2.00000000   1.0190000000e-02
    250000     4.00000000   1.2080000000e-02
    250000     6.00000000   1.4480000000e-02
    250000     8.00000000   2.1230000000e-02
    250000    10.00000000   2.9850000000e-02
    250000    12.00000000   4.0494000000e-02
    250000    14.00000000   6.0277000000e-02
    250000    16.00000000   8.1632000000e-02
    250000    18.00000000   1.0616100000e-01
    250000    20.00000000   1.3323300000e-01
    250000    22.00000000   1.6265900000e-01
    250000    24.00000000   1.9429500000e-01
    250000    26.00000000   2.2798800000e-01
    250000    28.00000000   2.6357600000e-01
    250000    30.00000000   3.0088400000e-01
    250000    32.00000000   3.3973300000e-01
    250000    34.00000000   3.7993400000e-01
    250000    36.00000000   4.2129300000e-01
    250000    38.00000000   4.6360800000e-01
    250000    40.00000000   5.0667400000e-01
    250000    42.00000000   5.5028400000e-01
    250000    44.00000000   5.9422600000e-01
    250000    46.00000000   6.3828600000e-01
    250000    48.00000000   6.8225200000e-01
    250000    50.00000000   7.2591000000e-01
    250000    52.00000000   7.6905000000e-01
    250000    54.00000000   8.1146200000e-01
    250000    56.00000000   8.5294100000e-01
    250000    58.00000000   8.9328700000e-01
    250000    60.00000000   9.3230500000e-01
    250000    62.00000000   9.6980600000e-01
    250000    64.00000000   1.0056090000e+00
    250000    66.00000000   1.0395410000e+00
    250000    68.00000000   1.0714390000e+00
    250000    70.00000000   1.1011480000e+00
    250000    72.00000000   1.1285260000e+00
    250000    74.00000000   1.1534410000e+00
    250000    76.00000000   1.1757730000e+00
    250000    78.00000000   1.1954160000e+00
    250000    80.00000000   1.2122740000e+00
    250000    82.00000000   1.2262690000e+00
    250000    84.00000000   1.2373340000e+00
    250000    86.00000000   1.2454150000e+00
    250000    88.00000000   1.2504770000e+00
    250000    90.00000000   1.2524960000e+00
     50000   -90.00000000   1.2524960000e+00
     50000   -88.00000000   1.2540010000e+00
     50000   -86.00000000   1.2524580000e+00
     50000   -84.00000000   1.2478870000e+00
     50000   -82.00000000   1.2403200000e+00
     50000   -80.00000000   1.2298060000e+00
     50000   -78.00000000   1.2164060000e+00
     50000   -76.00000000   1.2001970000e+00
     50000   -74.00000000   1.1812690000e+00
     50000   -72.00000000   1.1597240000e+00
     50000   -70.00000000   1.1356780000e+00
     50000   -68.00000000   1.1092580000e+00
     50000   -66.00000000   1.0806040000e+00
     50000   -64.00000000   1.0498660000e+00
     50000   -62.00000000   1.0172030000e+00
     50000   -60.00000000   9.8278400000e-01
     50000   -58.00000000   9.4678700000e-01
     50000   -56.00000000   9.0939600000e-01
     50000   -54.00000000   8.7080400000e-01
     50000   -52.00000000   8.3120600000e-01
     50000   -50.00000000   7.9080500000e-01
     50000   -48.00000000   7.4980600000e-01
     50000   -46.00000000   7.0841700000e-01
     50000   -44.00000000   6.6684900000e-01
     50000   -42.00000000   6.2531100000e-01
     50000   -40.00000000   5.8401300000e-01
     50000   -38.00000000   5.4316400000e-01
     50000   -36.00000000   5.0296900000e-01
     50000   -34.00000000   4.6363200000e-01
     50000   -32.00000000   4.2535100000e-01
     50000   -30.00000000   3.8831600000e-01
     50000   -28.00000000   3.5271600000e-01
     50000   -26.00000000   3.1872900000e-01
     50000   -24.00000000   2.8652500000e-01
     50000   -22.00000000   2.5626500000e-01
     50000   -20.00000000   2.2810300000e-01
     50000   -18.00000000   2.0217800000e-01
     50000   -16.00000000   1.7862100000e-01
     50000   -14.00000000   1.5755000000e-01
     50000   -12.00000000   1.3906900000e-01
     50000   -10.00000000   1.2327300000e-01
     50000    -8.00000000   1.1038500000e-01
     50000    -6.00000000   1.0147200000e-01
     50000    -4.00000000   6.9839000000e-02
     50000    -2.00000000   3.7300000000e-02
     50000     0.00000000   3.7070000000e-02
     50000     2.00000000   4.2510000000e-02
     50000     4.00000000   4.8300000000e-02
     50000     6.00000000   5.2930000000e-02
     50000     8.00000000   3.9020000000e-02
     50000    10.00000000   3.9195000000e-02
     50000    12.00000000   4.7680000000e-02
     50000    14.00000000   6.9975000000e-02
     50000    16.00000000   8.8809000000e-02
     50000    18.00000000   1.1332000000e-01
     50000    20.00000000   1.4030600000e-01
     50000    22.00000000   1.6963800000e-01
     50000    24.00000000   2.0117100000e-01
     50000    26.00000000   2.3475300000e-01
     50000    28.00000000   2.7022200000e-01
     50000    30.00000000   3.0740300000e-01
     50000    32.00000000   3.4611600000e-01
     50000    34.00000000   3.8617400000e-01
     50000    36.00000000   4.2738200000e-01
     50000    38.00000000   4.6953900000e-01
     50000    40.00000000   5.1244000000e-01
     50000    42.00000000   5.5587800000e-01
     50000    44.00000000   5.9964000000e-01
     50000    46.00000000   6.4351500000e-01
     50000    48.00000000   6.8728800000e-01
     50000    50.00000000   7.3074800000e-01
     50000    52.00000000   7.7368400000e-01
     50000    54.00000000   8.1588600000e-01
     50000    56.00000000   8.5715000000e-01
     50000    58.00000000   8.9727600000e-01
     50000    60.00000000   9.3606900000e-01
     50000    62.00000000   9.7334000000e-01
     50000    64.00000000   1.0089090000e+00
     50000    66.00000000   1.0426030000e+00
     50000    68.00000000   1.0742580000e+00
     50000    70.00000000   1.1037220000e+00
     50000    72.00000000   1.1308520000e+00
     50000    74.00000000   1.1555150000e+00
     50000    76.00000000   1.1775940000e+00
     50000    78.00000000   1.1969800000e+00
     50000    80.00000000   1.2135810000e+00
     50000    82.00000000   1.2273170000e+00
     50000    84.00000000   1.2381200000e+00
     50000    86.00000000   1.2459410000e+00
     50000    88.00000000   1.2507400000e+00
     50000    90.00000000   1.2524960000e+00
    100000   -90.00000000   1.2524960000e+00
    100000   -88.00000000   1.2536680000e+00
    100000   -86.00000000   1.2517930000e+00
    100000   -84.00000000   1.2468900000e+00
    100000   -82.00000000   1.2389930000e+00
    100000   -80.00000000   1.2281500000e+00
    100000   -78.00000000   1.2144230000e+00
    100000   -76.00000000   1.1978900000e+00
    100000   -74.00000000   1.1786400000e+00
    100000   -72.00000000   1.1567770000e+00
    100000   -70.00000000   1.1324160000e+00
    100000   -68.00000000   1.1056860000e+00
    100000   -66.00000000   1.0767260000e+00
    100000   -64.00000000   1.0456860000e+00
    100000   -62.00000000   1.0127260000e+00
    100000   -60.00000000   9.7801600000e-01
    100000   -58.00000000   9.4173400000e-01
    100000   -56.00000000   9.0406400000e-01
    100000   -54.00000000   8.6519800000e-01
    100000   -52.00000000   8.2533500000e-01
    100000   -50.00000000   7.8467500000e-01
    100000   -48.00000000   7.4342500000e-01
    100000   -46.00000000   7.0179300000e-01
    100000   -44.00000000   6.5998900000e-01
    100000   -42.00000000   6.1822400000e-01
    100000   -40.00000000   5.7670700000e-01
    100000   -38.00000000   5.3564900000e-01
    100000   -36.00000000   4.9525400000e-01
    100000   -34.00000000   4.5572600000e-01
    100000   -32.00000000   4.1726300000e-01
    100000   -30.00000000   3.8005800000e-01
    100000   -28.00000000   3.4429600000e-01
    100000   -26.00000000   3.1015800000e-01
    100000   -24.00000000   2.7781300000e-01
    100000   -22.00000000   2.4742300000e-01
    100000   -20.00000000   2.1914200000e-01
    100000   -18.00000000   1.9310800000e-01
    100000   -16.00000000   1.6945400000e-01
    100000   -14.00000000   1.4829600000e-01
    100000   -12.00000000   1.2974100000e-01
    100000   -10.00000000   1.1388200000e-01
    100000    -8.00000000   1.0115000000e-01
    100000    -6.00000000   9.0550000000e-02
    100000    -4.00000000   3.4551000000e-02
    100000    -2.00000000   2.5670000000e-02
    100000     0.00000000   2.1040000000e-02
    100000     2.00000000   1.8390000000e-02
    100000     4.00000000   1.8480000000e-02
    100000     6.00000000   2.0890000000e-02
    100000     8.00000000   2.3430000000e-02
    100000    10.00000000   3.1651000000e-02
    100000    12.00000000   4.7806000000e-02
    100000    14.00000000   6.6492000000e-02
    100000    16.00000000   8.8412000000e-02
    100000    18.00000000   1.1292600000e-01
    100000    20.00000000   1.3991800000e-01
    100000    22.00000000   1.6925400000e-01
    100000    24.00000000   2.0079300000e-01
    100000    26.00000000   2.3438200000e-01
    100000    28.00000000   2.6985600000e-01
    100000    30.00000000   3.0704500000e-01
    100000    32.00000000   3.4576600000e-01
    100000    34.00000000   3.8583200000e-01
    100000    36.00000000   4.2704700000e-01
    100000    38.00000000   4.6921300000e-01
    100000    40.00000000   5.1212400000e-01
    100000    42.00000000   5.5557000000e-01
    100000    44.00000000   5.9934300000e-01
    100000    46.00000000   6.4322700000e-01
    100000    48.00000000   6.8701100000e-01
    100000    50.00000000   7.3048200000e-01
    100000    52.00000000   7.7342900000e-01
    100000    54.00000000   8.1564300000e-01
    100000    56.00000000   8.5691900000e-01
    100000    58.00000000   8.9705700000e-01
    100000    60.00000000   9.3586200000e-01
    100000    62.00000000   9.7314600000e-01
    100000    64.00000000   1.0087270000e+00
    100000    66.00000000   1.0424340000e+00
    100000    68.00000000   1.0741030000e+00
    100000    70.00000000   1.1035810000e+00
    100000    72.00000000   1.1307240000e+00
    100000    74.00000000   1.1554010000e+00
    100000    76.00000000   1.1774940000e+00
    100000    78.00000000   1.1968940000e+00
    100000    80.00000000   1.2135100000e+00
    100000    82.00000000   1.2272590000e+00
    100000    84.00000000   1.2380770000e+00
    100000    86.00000000   1.2459120000e+00
    100000    88.00000000   1.2507250000e+00
    100000    90.00000000   1.2524960000e+00
    150000   -90.00000000   1.2524960000e+00
    150000   -88.00000000   1.2529580000e+00
    150000   -86.00000000   1.2503740000e+00
    150000   -84.00000000   1.2447640000e+00
    150000   -82.00000000   1.2361620000e+00
    150000   -80.00000000   1.2246180000e+00
    150000   -78.00000000   1.2101940000e+00
    150000   -76.00000000   1.1929690000e+00
    150000   -74.00000000   1.1730330000e+00
    150000   -72.00000000   1.1504910000e+00
    150000   -70.00000000   1.1254590000e+00
    150000   -68.00000000   1.0980660000e+00
    150000   -66.00000000   1.0684520000e+00
    150000   -64.00000000   1.0367690000e+00
    150000   -62.00000000   1.0031770000e+00
    150000   -60.00000000   9.6784600000e-01
    150000   -58.00000000   9.3095500000e-01
    150000   -56.00000000   8.9268900000e-01
    150000   -54.00000000   8.5324200000e-01
    150000   -52.00000000   8.1281200000e-01
    150000   -50.00000000   7.7160000000e-01
    150000   -48.00000000   7.2981400000e-01
    150000   -46.00000000   6.8766300000e-01
    150000   -44.00000000   6.4535700000e-01
    150000   -42.00000000   6.0310800000e-01
    150000   -40.00000000   5.6112600000e-01
    150000   -38.00000000   5.1962000000e-01
    150000   -36.00000000   4.7879800000e-01
    150000   -34.00000000   4.3886300000e-01
    150000   -32.00000000   4.0001300000e-01
    150000   -30.00000000   3.6244200000e-01
    150000   -28.00000000   3.2633700000e-01
    150000   -26.00000000   2.9187600000e-01
    150000   -24.00000000   2.5923100000e-01
    150000   -22.00000000   2.2856400000e-01
    150000   -20.00000000   2.0002800000e-01
    150000   -18.00000000   1.7376300000e-01
    150000   -16.00000000   1.4990100000e-01
    150000   -14.00000000   1.2856000000e-01
    150000   -12.00000000   1.0984500000e-01
    150000   -10.00000000   9.3971000000e-02
    150000    -8.00000000   8.4720000000e-02
    150000    -6.00000000   5.2351000000e-02
    150000    -4.00000000   2.3410000000e-02
    150000    -2.00000000   1.8030000000e-02
    150000     0.00000000   1.3470000000e-02
    150000     2.00000000   1.2970000000e-02
    150000     4.00000000   1.4520000000e-02
    150000     6.00000000   1.6860000000e-02
    150000     8.00000000   2.1840000000e-02
    150000    10.00000000   3.4191000000e-02
    150000    12.00000000   4.4851000000e-02
    150000    14.00000000   6.4313000000e-02
    150000    16.00000000   8.5378000000e-02
    150000    18.00000000   1.0992500000e-01
    150000    20.00000000   1.3695200000e-01
    150000    22.00000000   1.6632800000e-01
    150000    24.00000000   1.9791000000e-01
    150000    26.00000000   2.3154500000e-01
    150000    28.00000000   2.6707000000e-01
    150000    30.00000000   3.0431200000e-01
    150000    32.00000000   3.4308900000e-01
    150000    34.00000000   3.8321500000e-01
    150000    36.00000000   4.2449400000e-01
    150000    38.00000000   4.6672600000e-01
    150000    40.00000000   5.0970600000e-01
    150000    42.00000000   5.5322500000e-01
    150000    44.00000000   5.9707200000e-01
    150000    46.00000000   6.4103500000e-01
    150000    48.00000000   6.8490000000e-01
    150000    50.00000000   7.2845400000e-01
    150000    52.00000000   7.7148600000e-01
    150000    54.00000000   8.1378800000e-01
    150000    56.00000000   8.5515400000e-01
    150000    58.00000000   8.9538500000e-01
    150000    60.00000000   9.3428400000e-01
    150000    62.00000000   9.7166400000e-01
    150000    64.00000000   1.0073440000e+00
    150000    66.00000000   1.0411510000e+00
    150000    68.00000000   1.0729210000e+00
    150000    70.00000000   1.1025010000e+00
    150000    72.00000000   1.1297490000e+00
    150000    74.00000000   1.1545320000e+00
    150000    76.00000000   1.1767300000e+00
    150000    78.00000000   1.1962380000e+00
    150000    80.00000000   1.2129620000e+00
    150000    82.00000000   1.2268200000e+00
    150000    84.00000000   1.2377470000e+00
    150000    86.00000000   1.2456920000e+00
    150000    88.00000000   1.2506150000e+00
    150000    90.00000000   1.2524960000e+00
    200000   -90.00000000   1.2524960000e+00
    200000   -88.00000000   1.2508580000e+00
    200000   -86.00000000   1.2461770000e+00
    200000   -84.00000000   1.2384750000e+00
    200000   -82.00000000   1.2277890000e+00
    200000   -80.00000000   1.2141710000e+00
    200000   -78.00000000   1.1976860000e+00
    200000   -76.00000000   1.1784150000e+00
    200000   -74.00000000   1.1564510000e+00
    200000   -72.00000000   1.1319000000e+00
    200000   -70.00000000   1.1048830000e+00
    200000   -68.00000000   1.0755300000e+00
    200000   -66.00000000   1.0439830000e+00
    200000   -64.00000000   1.0103960000e+00
    200000   -62.00000000   9.7493300000e-01
    200000   -60.00000000   9.3776600000e-01
    200000   -58.00000000   8.9907400000e-01
    200000   -56.00000000   8.5904800000e-01
    200000   -54.00000000   8.1788100000e-01
    200000   -52.00000000   7.7577300000e-01
    200000   -50.00000000   7.3293000000e-01
    200000   -48.00000000   6.8955900000e-01
    200000   -46.00000000   6.4587200000e-01
    200000   -44.00000000   6.0208100000e-01
    200000   -42.00000000   5.5840000000e-01
    200000   -40.00000000   5.1504000000e-01
    200000   -38.00000000   4.7221300000e-01
    200000   -36.00000000   4.3012700000e-01
    200000   -34.00000000   3.8898800000e-01
    200000   -32.00000000   3.4899400000e-01
    200000   -30.00000000   3.1034200000e-01
    200000   -28.00000000   2.7321800000e-01
    200000   -26.00000000   2.3780300000e-01
    200000   -24.00000000   2.0427100000e-01
    200000   -22.00000000   1.7278400000e-01
    200000   -20.00000000   1.4349500000e-01
    200000   -18.00000000   1.1654700000e-01
    200000   -16.00000000   9.2071000000e-02
    200000   -14.00000000   7.0186000000e-02
    200000   -12.00000000   5.2268000000e-02
    200000   -10.00000000   4.6767000000e-02
    200000    -8.00000000   2.8808000000e-02
    200000    -6.00000000   3.7090000000e-02
    200000    -4.00000000   1.8610000000e-02
    200000    -2.00000000   1.3860000000e-02
    200000     0.00000000   1.0770000000e-02
    200000     2.00000000   1.1030000000e-02
    200000     4.00000000   1.2830000000e-02
    200000     6.00000000   1.5260000000e-02
    200000     8.00000000   2.1140000000e-02
    200000    10.00000000   3.1207000000e-02
    200000    12.00000000   4.2890000000e-02
    200000    14.00000000   6.3346000000e-02
    200000    16.00000000   8.4293000000e-02
    200000    18.00000000   1.0885100000e-01
    200000    20.00000000   1.3589100000e-01
    200000    22.00000000   1.6528200000e-01
    200000    24.00000000   1.9687900000e-01
    200000    26.00000000   2.3053100000e-01
    200000    28.00000000   2.6607300000e-01
    200000    30.00000000   3.0333400000e-01
    200000    32.00000000   3.4213200000e-01
    200000    34.00000000   3.8228000000e-01
    200000    36.00000000   4.2358100000e-01
    200000    38.00000000   4.6583700000e-01
    200000    40.00000000   5.0884100000e-01
    200000    42.00000000   5.5238600000e-01
    200000    44.00000000   5.9626000000e-01
    200000    46.00000000   6.4025100000e-01
    200000    48.00000000   6.8414500000e-01
    200000    50.00000000   7.2772800000e-01
    200000    52.00000000   7.7079100000e-01
    200000    54.00000000   8.1312500000e-01
    200000    56.00000000   8.5452300000e-01
    200000    58.00000000   8.9478700000e-01
    200000    60.00000000   9.3372000000e-01
    200000    62.00000000   9.7113400000e-01
    200000    64.00000000   1.0068490000e+00
    200000    66.00000000   1.0406920000e+00
    200000    68.00000000   1.0724980000e+00
    200000    70.00000000   1.1021150000e+00
    200000    72.00000000   1.1294000000e+00
    200000    74.00000000   1.1542200000e+00
    200000    76.00000000   1.1764570000e+00
    200000    78.00000000   1.1960040000e+00
    200000    80.00000000   1.2127660000e+00
    200000    82.00000000   1.2266630000e+00
    200000    84.00000000   1.2376290000e+00
    200000    86.00000000   1.2456130000e+00
    200000    88.00000000   1.2505760000e+00
    200000    90.00000000   1.2524960000e+00
    250000   -90.00000000   1.2524960000e+00
    250000   -88.00000000   1.2505030000e+00
    250000   -86.00000000   1.2454670000e+00
    250000   -84.00000000   1.2374100000e+00
    250000   -82.00000000   1.2263710000e+00
    250000   -80.00000000   1.2124020000e+00
    250000   -78.00000000   1.1955680000e+00
    250000   -76.00000000   1.1759510000e+00
    250000   -74.00000000   1.1536430000e+00
    250000   -72.00000000   1.1287530000e+00
    250000   -70.00000000   1.1013990000e+00
    250000   -68.00000000   1.0717140000e+00
    250000   -66.00000000   1.0398400000e+00
    250000   -64.00000000   1.0059310000e+00
    250000   -62.00000000   9.7015100000e-01
    250000   -60.00000000   9.3267200000e-01
    250000   -58.00000000   8.9367600000e-01
    250000   -56.00000000   8.5335200000e-01
    250000   -54.00000000   8.1189300000e-01
    250000   -52.00000000   7.6950200000e-01
    250000   -50.00000000   7.2638200000e-01
    250000   -48.00000000   6.8274300000e-01
    250000   -46.00000000   6.3879600000e-01
    250000   -44.00000000   5.9475300000e-01
    250000   -42.00000000   5.5082900000e-01
    250000   -40.00000000   5.0723700000e-01
    250000   -38.00000000   4.6418600000e-01
    250000   -36.00000000   4.2188600000e-01
    250000   -34.00000000   3.8054300000e-01
    250000   -32.00000000   3.4035600000e-01
    250000   -30.00000000   3.0152000000e-01
    250000   -28.00000000   2.6422400000e-01
    250000   -26.00000000   2.2864800000e-01
    250000   -24.00000000   1.9496500000e-01
    250000   -22.00000000   1.6333900000e-01
    250000   -20.00000000   1.3392300000e-01
    250000   -18.00000000   1.0685900000e-01
    250000   -16.00000000   8.2279000000e-02
    250000   -14.00000000   6.0302000000e-02
    250000   -12.00000000   4.8613000000e-02
    250000   -10.00000000   2.6873000000e-02
    250000    -8.00000000   2.1950000000e-02
    250000    -6.00000000   1.9890000000e-02
    250000    -4.00000000   1.5800000000e-02
    250000    -2.00000000   1.1640000000e-02
    250000     0.00000000   9.5800000000e-03
    250000     2.00000000   1.0020000000e-02
    250000     4.00000000   1.1880000000e-02
    250000     6.00000000   1.4300000000e-02
    250000     8.00000000   2.2000000000e-02
    250000    10.00000000   2.9520000000e-02
    250000    12.00000000   4.1129000000e-02
    250000    14.00000000   6.3413000000e-02
    250000    16.00000000   8.2937000000e-02
    250000    18.00000000   1.0750900000e-01
    250000    20.00000000   1.3456500000e-01
    250000    22.00000000   1.6397300000e-01
    250000    24.00000000   1.9559000000e-01
    250000    26.00000000   2.2926200000e-01
    250000    28.00000000   2.6482700000e-01
    250000    30.00000000   3.0211200000e-01
    250000    32.00000000   3.4093500000e-01
    250000    34.00000000   3.8111000000e-01
    250000    36.00000000   4.2244000000e-01
    250000    38.00000000   4.6472500000e-01
    250000    40.00000000   5.0776000000e-01
    250000    42.00000000   5.5133800000e-01
    250000    44.00000000   5.9524500000e-01
    250000    46.00000000   6.3927100000e-01
    250000    48.00000000   6.8320000000e-01
    250000    50.00000000   7.2682100000e-01
    250000    52.00000000   7.6992300000e-01
    250000    54.00000000   8.1229500000e-01
    250000    56.00000000   8.5373400000e-01
    250000    58.00000000   8.9403900000e-01
    250000    60.00000000   9.3301400000e-01
    250000    62.00000000   9.7047200000e-01
    250000    64.00000000   1.0062310000e+00
    250000    66.00000000   1.0401180000e+00
    250000    68.00000000   1.0719700000e+00
    250000    70.00000000   1.1016330000e+00
    250000    72.00000000   1.1289640000e+00
    250000    74.00000000   1.1538320000e+00
    250000    76.00000000   1.1761160000e+00
    250000    78.00000000   1.1957100000e+00
    250000    80.00000000   1.2125210000e+00
    250000    82.00000000   1.2264670000e+00
    250000    84.00000000   1.2374820000e+00
    250000    86.00000000   1.2455140000e+00
    250000    88.00000000   1.2505270000e+00
    250000    90.00000000   1.2524960000e+00
     50000   -90.00000000   1.2524960000e+00
     50000   -88.00000000   1.2539360000e+00
     50000   -86.00000000   1.2523280000e+00
     50000   -84.00000000   1.2476920000e+00
     50000   -82.00000000   1.2400600000e+00
     50000   -80.00000000   1.2294820000e+00
     50000   -78.00000000   1.2160180000e+00
     50000   -76.00000000   1.1997460000e+00
     50000   -74.00000000   1.1807550000e+00
     50000   -72.00000000   1.1591470000e+00
     50000   -70.00000000   1.1350400000e+00
     50000   -68.00000000   1.1085600000e+00
     50000   -66.00000000   1.0798460000e+00
     50000   -64.00000000   1.0490490000e+00
     50000   -62.00000000   1.0163280000e+00
     50000   -60.00000000   9.8185200000e-01
     50000   -58.00000000   9.4579900000e-01
     50000   -56.00000000   9.0835400000e-01
     50000   -54.00000000   8.6970800000e-01
     50000   -52.00000000   8.3005800000e-01
     50000   -50.00000000   7.8960600000e-01
     50000   -48.00000000   7.4855800000e-01
     50000   -46.00000000   7.0712200000e-01
     50000   -44.00000000   6.6550800000e-01
     50000   -42.00000000   6.2392500000e-01
     50000   -40.00000000   5.8258500000e-01
     50000   -38.00000000   5.4169500000e-01
     50000   -36.00000000   5.0146100000e-01
     50000   -34.00000000   4.6208700000e-01
     50000   -32.00000000   4.2376900000e-01
     50000   -30.00000000   3.8670200000e-01
     50000   -28.00000000   3.5107000000e-01
     50000   -26.00000000   3.1705300000e-01
     50000   -24.00000000   2.8482100000e-01
     50000   -22.00000000   2.5453700000e-01
     50000   -20.00000000   2.2635100000e-01
     50000   -18.00000000   2.0040500000e-01
     50000   -16.00000000   1.7682900000e-01
     50000   -14.00000000   1.5574100000e-01
     50000   -12.00000000   1.3724600000e-01
     50000   -10.00000000   1.2143700000e-01
     50000    -8.00000000   1.0863300000e-01
     50000    -6.00000000   9.8180000000e-02
     50000    -4.00000000   6.6368000000e-02
     50000    -2.00000000   3.6250000000e-02
     50000     0.00000000   3.5780000000e-02
     50000     2.00000000   4.1760000000e-02
     50000     4.00000000   4.7570000000e-02
     50000     6.00000000   5.2275000000e-02
     50000     8.00000000   3.6879000000e-02
     50000    10.00000000   3.9370000000e-02
     50000    12.00000000   5.6116000000e-02
     50000    14.00000000   7.5105000000e-02
     50000    16.00000000   9.6944000000e-02
     50000    18.00000000   1.2136800000e-01
     50000    20.00000000   1.4825800000e-01
     50000    22.00000000   1.7748400000e-01
     50000    24.00000000   2.0890200000e-01
     50000    26.00000000   2.4236000000e-01
     50000    28.00000000   2.7769300000e-01
     50000    30.00000000   3.1473100000e-01
     50000    32.00000000   3.5329300000e-01
     50000    34.00000000   3.9319000000e-01
     50000    36.00000000   4.3422800000e-01
     50000    38.00000000   4.7620800000e-01
     50000    40.00000000   5.1892300000e-01
     50000    42.00000000   5.6216700000e-01
     50000    44.00000000   6.0572700000e-01
     50000    46.00000000   6.4939300000e-01
     50000    48.00000000   6.9295100000e-01
     50000    50.00000000   7.3618800000e-01
     50000    52.00000000   7.7889400000e-01
     50000    54.00000000   8.2086000000e-01
     50000    56.00000000   8.6188300000e-01
     50000    58.00000000   9.0176100000e-01
     50000    60.00000000   9.4030000000e-01
     50000    62.00000000   9.7731300000e-01
     50000    64.00000000   1.0126180000e+00
     50000    66.00000000   1.0460450000e+00
     50000    68.00000000   1.0774280000e+00
     50000    70.00000000   1.1066170000e+00
     50000    72.00000000   1.1334670000e+00
     50000    74.00000000   1.1578480000e+00
     50000    76.00000000   1.1796410000e+00
     50000    78.00000000   1.1987400000e+00
     50000    80.00000000   1.2150510000e+00
     50000    82.00000000   1.2284950000e+00
     50000    84.00000000   1.2390050000e+00
     50000    86.00000000   1.2465310000e+00
     50000    88.00000000   1.2510350000e+00
     50000    90.00000000   1.2524960000e+00
    100000   -90.00000000   1.2524960000e+00
    100000   -88.00000000   1.2536180000e+00
    100000   -86.00000000   1.2516940000e+00
    100000   -84.00000000   1.2467410000e+00
    100000   -82.00000000   1.2387950000e+00
    100000   -80.00000000   1.2279030000e+00
    100000   -78.00000000   1.2141280000e+00
    100000   -76.00000000   1.1975460000e+00
    100000   -74.00000000   1.1782480000e+00
    100000   -72.00000000   1.1563370000e+00
    100000   -70.00000000   1.1319300000e+00
    100000   -68.00000000   1.1051530000e+00
    100000   -66.00000000   1.0761470000e+00
    100000   -64.00000000   1.0450620000e+00
    100000   -62.00000000   1.0120590000e+00
    100000   -60.00000000   9.7730500000e-01
    100000   -58.00000000   9.4098000000e-01
    100000   -56.00000000   9.0326900000e-01
    100000   -54.00000000   8.6436200000e-01
    100000   -52.00000000   8.2445900000e-01
    100000   -50.00000000   7.8376100000e-01
    100000   -48.00000000   7.4247300000e-01
    100000   -46.00000000   7.0080500000e-01
    100000   -44.00000000   6.5896600000e-01
    100000   -42.00000000   6.1716700000e-01
    100000   -40.00000000   5.7561800000e-01
    100000   -38.00000000   5.3452800000e-01
    100000   -36.00000000   4.9410400000e-01
    100000   -34.00000000   4.5454700000e-01
    100000   -32.00000000   4.1605700000e-01
    100000   -30.00000000   3.7882600000e-01
    100000   -28.00000000   3.4304100000e-01
    100000   -26.00000000   3.0887900000e-01
    100000   -24.00000000   2.7651400000e-01
    100000   -22.00000000   2.4610500000e-01
    100000   -20.00000000   2.1780500000e-01
    100000   -18.00000000   1.9175600000e-01
    100000   -16.00000000   1.6808700000e-01
    100000   -14.00000000   1.4691700000e-01
    100000   -12.00000000   1.2835000000e-01
    100000   -10.00000000   1.1248100000e-01
    100000    -8.00000000   1.0000200000e-01
    100000    -6.00000000   8.6630000000e-02
    100000    -4.00000000   3.4225000000e-02
    100000    -2.00000000   2.5140000000e-02
    100000     0.00000000   2.0600000000e-02
    100000     2.00000000   1.8350000000e-02
    100000     4.00000000   1.8340000000e-02
    100000     6.00000000   2.0540000000e-02
    100000     8.00000000   2.3334000000e-02
    100000    10.00000000   3.3300000000e-02
    100000    12.00000000   5.0509000000e-02
    100000    14.00000000   6.9338000000e-02
    100000    16.00000000   9.1230000000e-02
    100000    18.00000000   1.1571500000e-01
    100000    20.00000000   1.4267300000e-01
    100000    22.00000000   1.7197300000e-01
    100000    24.00000000   2.0347200000e-01
    100000    26.00000000   2.3701700000e-01
    100000    28.00000000   2.7244500000e-01
    100000    30.00000000   3.0958400000e-01
    100000    32.00000000   3.4825200000e-01
    100000    34.00000000   3.8826300000e-01
    100000    36.00000000   4.2942000000e-01
    100000    38.00000000   4.7152400000e-01
    100000    40.00000000   5.1437000000e-01
    100000    42.00000000   5.5775000000e-01
    100000    44.00000000   6.0145200000e-01
    100000    46.00000000   6.4526400000e-01
    100000    48.00000000   6.8897400000e-01
    100000    50.00000000   7.3236700000e-01
    100000    52.00000000   7.7523500000e-01
    100000    54.00000000   8.1736700000e-01
    100000    56.00000000   8.5855900000e-01
    100000    58.00000000   8.9861100000e-01
    100000    60.00000000   9.3732800000e-01
    100000    62.00000000   9.7452200000e-01
    100000    64.00000000   1.0100130000e+00
    100000    66.00000000   1.0436270000e+00
    100000    68.00000000   1.0752020000e+00
    100000    70.00000000   1.1045840000e+00
    100000    72.00000000   1.1316300000e+00
    100000    74.00000000   1.1562100000e+00
    100000    76.00000000   1.1782030000e+00
    100000    78.00000000   1.1975040000e+00
    100000    80.00000000   1.2140190000e+00
    100000    82.00000000   1.2276670000e+00
    100000    84.00000000   1.2383840000e+00
    100000    86.00000000   1.2461160000e+00
    100000    88.00000000   1.2508280000e+00
    100000    90.00000000   1.2524960000e+00
    150000   -90.00000000   1.2524960000e+00
    150000   -88.00000000   1.2525640000e+00
    150000   -86.00000000   1.2495870000e+00
    150000   -84.00000000   1.2435840000e+00
    150000   -82.00000000   1.2345910000e+00
    150000   -80.00000000   1.2226580000e+00
    150000   -78.00000000   1.2078480000e+00
    150000   -76.00000000   1.1902390000e+00
    150000   -74.00000000   1.1699230000e+00
    150000   -72.00000000   1.1470040000e+00
    150000   -70.00000000   1.1216000000e+00
    150000   -68.00000000   1.0938390000e+00
    150000   -66.00000000   1.0638630000e+00
    150000   -64.00000000   1.0318230000e+00
    150000   -62.00000000   9.9788000000e-01
    150000   -60.00000000   9.6220400000e-01
    150000   -58.00000000   9.2497600000e-01
    150000   -56.00000000   8.8638000000e-01
    150000   -54.00000000   8.4661000000e-01
    150000   -52.00000000   8.0586500000e-01
    150000   -50.00000000   7.6434700000e-01
    150000   -48.00000000   7.2226400000e-01
    150000   -46.00000000   6.7982500000e-01
    150000   -44.00000000   6.3724100000e-01
    150000   -42.00000000   5.9472300000e-01
    150000   -40.00000000   5.5248200000e-01
    150000   -38.00000000   5.1072900000e-01
    150000   -36.00000000   4.6967000000e-01
    150000   -34.00000000   4.2950900000e-01
    150000   -32.00000000   3.9044500000e-01
    150000   -30.00000000   3.5267100000e-01
    150000   -28.00000000   3.1637400000e-01
    150000   -26.00000000   2.8173400000e-01
    150000   -24.00000000   2.4892300000e-01
    150000   -22.00000000   2.1810200000e-01
    150000   -20.00000000   1.8942500000e-01
    150000   -18.00000000   1.6303200000e-01
    150000   -16.00000000   1.3905500000e-01
    150000   -14.00000000   1.1761200000e-01
    150000   -12.00000000   9.8809000000e-02
    150000   -10.00000000   8.3885000000e-02
    150000    -8.00000000   6.9480000000e-02
    150000    -6.00000000   5.2125000000e-02
    150000    -4.00000000   2.3190000000e-02
    150000    -2.00000000   1.7800000000e-02
    150000     0.00000000   1.3300000000e-02
    150000     2.00000000   1.2850000000e-02
    150000     4.00000000   1.4340000000e-02
    150000     6.00000000   1.6710000000e-02
    150000     8.00000000   2.2180000000e-02
    150000    10.00000000   3.3689000000e-02
    150000    12.00000000   4.6460000000e-02
    150000    14.00000000   6.6575000000e-02
    150000    16.00000000   8.7610000000e-02
    150000    18.00000000   1.1213400000e-01
    150000    20.00000000   1.3913400000e-01
    150000    22.00000000   1.6848100000e-01
    150000    24.00000000   2.0003200000e-01
    150000    26.00000000   2.3363200000e-01
    150000    28.00000000   2.6912000000e-01
    150000    30.00000000   3.0632300000e-01
    150000    32.00000000   3.4505900000e-01
    150000    34.00000000   3.8514000000e-01
    150000    36.00000000   4.2637300000e-01
    150000    38.00000000   4.6855600000e-01
    150000    40.00000000   5.1148500000e-01
    150000    42.00000000   5.5495100000e-01
    150000    44.00000000   5.9874300000e-01
    150000    46.00000000   6.4264800000e-01
    150000    48.00000000   6.8645400000e-01
    150000    50.00000000   7.2994700000e-01
    150000    52.00000000   7.7291600000e-01
    150000    54.00000000   8.1515300000e-01
    150000    56.00000000   8.5645300000e-01
    150000    58.00000000   8.9661500000e-01
    150000    60.00000000   9.3544500000e-01
    150000    62.00000000   9.7275400000e-01
    150000    64.00000000   1.0083620000e+00
    150000    66.00000000   1.0420950000e+00
    150000    68.00000000   1.0737910000e+00
    150000    70.00000000   1.1032960000e+00
    150000    72.00000000   1.1304660000e+00
    150000    74.00000000   1.1551720000e+00
    150000    76.00000000   1.1772920000e+00
    150000    78.00000000   1.1967210000e+00
    150000    80.00000000   1.2133650000e+00
    150000    82.00000000   1.2271430000e+00
    150000    84.00000000   1.2379900000e+00
    150000    86.00000000   1.2458540000e+00
    150000    88.00000000   1.2506960000e+00
    150000    90.00000000   1.2524960000e+00
    200000   -90.00000000   1.2524960000e+00
    200000   -88.00000000   1.2508930000e+00
    200000   -86.00000000   1.2462460000e+00
    200000   -84.00000000   1.2385780000e+00
    200000   -82.00000000   1.2279260000e+00
    200000   -80.00000000   1.2143410000e+00
    200000   -78.00000000   1.1978900000e+00
    200000   -76.00000000   1.1786530000e+00
    200000   -74.00000000   1.1567220000e+00
    200000   -72.00000000   1.1322040000e+00
    200000   -70.00000000   1.1052190000e+00
    200000   -68.00000000   1.0758970000e+00
    200000   -66.00000000   1.0443820000e+00
    200000   -64.00000000   1.0108270000e+00
    200000   -62.00000000   9.7539400000e-01
    200000   -60.00000000   9.3825700000e-01
    200000   -58.00000000   8.9959500000e-01
    200000   -56.00000000   8.5959700000e-01
    200000   -54.00000000   8.1845800000e-01
    200000   -52.00000000   7.7637800000e-01
    200000   -50.00000000   7.3356100000e-01
    200000   -48.00000000   6.9021600000e-01
    200000   -46.00000000   6.4655400000e-01
    200000   -44.00000000   6.0278800000e-01
    200000   -42.00000000   5.5913000000e-01
    200000   -40.00000000   5.1579200000e-01
    200000   -38.00000000   4.7298700000e-01
    200000   -36.00000000   4.3092200000e-01
    200000   -34.00000000   3.8980200000e-01
    200000   -32.00000000   3.4982700000e-01
    200000   -30.00000000   3.1119200000e-01
    200000   -28.00000000   2.7408500000e-01
    200000   -26.00000000   2.3868600000e-01
    200000   -24.00000000   2.0516900000e-01
    200000   -22.00000000   1.7369500000e-01
    200000   -20.00000000   1.4441800000e-01
    200000   -18.00000000   1.1748100000e-01
    200000   -16.00000000   9.3015000000e-02
    200000   -14.00000000   7.1139000000e-02
    200000   -12.00000000   5.1960000000e-02
    200000   -10.00000000   4.3464000000e-02
    200000    -8.00000000   3.0691000000e-02
    200000    -6.00000000   2.9439000000e-02
    200000    -4.00000000   1.8570000000e-02
    200000    -2.00000000   1.3800000000e-02
    200000     0.00000000   1.0500000000e-02
    200000     2.00000000   1.0900000000e-02
    200000     4.00000000   1.2650000000e-02
    200000     6.00000000   1.5030000000e-02
    200000     8.00000000   2.2290000000e-02
    200000    10.00000000   3.0716000000e-02
    200000    12.00000000   4.3730000000e-02
    200000    14.00000000   6.3040000000e-02
    200000    16.00000000   8.4927000000e-02
    200000    18.00000000   1.0947900000e-01
    200000    20.00000000   1.3651200000e-01
    200000    22.00000000   1.6589300000e-01
    200000    24.00000000   1.9748200000e-01
    200000    26.00000000   2.3112400000e-01
    200000    28.00000000   2.6665600000e-01
    200000    30.00000000   3.0390600000e-01
    200000    32.00000000   3.4269200000e-01
    200000    34.00000000   3.8282700000e-01
    200000    36.00000000   4.2411500000e-01
    200000    38.00000000   4.6635700000e-01
    200000    40.00000000   5.0934700000e-01
    200000    42.00000000   5.5287700000e-01
    200000    44.00000000   5.9673500000e-01
    200000    46.00000000   6.4070900000e-01
    200000    48.00000000   6.8458600000e-01
    200000    50.00000000   7.2815300000e-01
    200000    52.00000000   7.7119800000e-01
    200000    54.00000000   8.1351300000e-01
    200000    56.00000000   8.5489200000e-01
    200000    58.00000000   8.9513600000e-01
    200000    60.00000000   9.3405000000e-01
    200000    62.00000000   9.7144400000e-01
    200000    64.00000000   1.0071380000e+00
    200000    66.00000000   1.0409600000e+00
    200000    68.00000000   1.0727460000e+00
    200000    70.00000000   1.1023410000e+00
    200000    72.00000000   1.1296040000e+00
    200000    74.00000000   1.1544020000e+00
    200000    76.00000000   1.1766170000e+00
    200000    78.00000000   1.1961410000e+00
    200000    80.00000000   1.2128800000e+00
    200000    82.00000000   1.2267550000e+00
    200000    84.00000000   1.2376980000e+00
    200000    86.00000000   1.2456590000e+00
    200000    88.00000000   1.2505990000e+00
    200000    90.00000000   1.2524960000e+00
    250000   -90.00000000   1.2524960000e+00
    250000   -88.00000000   1.2505780000e+00
    250000   -86.00000000   1.2456160000e+00
    250000   -84.00000000   1.2376350000e+00
    250000   -82.00000000   1.2266700000e+00
    250000   -80.00000000   1.2127750000e+00
    250000   -78.00000000   1.1960140000e+00
    250000   -76.00000000   1.1764700000e+00
    250000   -74.00000000   1.1542350000e+00
    250000   -72.00000000   1.1294160000e+00
    250000   -70.00000000   1.1021330000e+00
    250000   -68.00000000   1.0725180000e+00
    250000   -66.00000000   1.0407130000e+00
    250000   -64.00000000   1.0068720000e+00
    250000   -62.00000000   9.7115800000e-01
    250000   -60.00000000   9.3374500000e-01
    250000   -58.00000000   8.9481400000e-01
    250000   -56.00000000   8.5455200000e-01
    250000   -54.00000000   8.1315500000e-01
    250000   -52.00000000   7.7082300000e-01
    250000   -50.00000000   7.2776100000e-01
    250000   -48.00000000   6.8417900000e-01
    250000   -46.00000000   6.4028700000e-01
    250000   -44.00000000   5.9629700000e-01
    250000   -42.00000000   5.5242400000e-01
    250000   -40.00000000   5.0888100000e-01
    250000   -38.00000000   4.6587700000e-01
    250000   -36.00000000   4.2362300000e-01
    250000   -34.00000000   3.8232200000e-01
    250000   -32.00000000   3.4217600000e-01
    250000   -30.00000000   3.0337800000e-01
    250000   -28.00000000   2.6611900000e-01
    250000   -26.00000000   2.3057700000e-01
    250000   -24.00000000   1.9692600000e-01
    250000   -22.00000000   1.6532900000e-01
    250000   -20.00000000   1.3594000000e-01
    250000   -18.00000000   1.0890000000e-01
    250000   -16.00000000   8.4342000000e-02
    250000   -14.00000000   6.2385000000e-02
    250000   -12.00000000   4.4701000000e-02
    250000   -10.00000000   4.1639000000e-02
    250000    -8.00000000   2.0987000000e-02
    250000    -6.00000000   2.0330000000e-02
    250000    -4.00000000   1.5530000000e-02
    250000    -2.00000000   1.1530000000e-02
    250000     0.00000000   9.3300000000e-03
    250000     2.00000000   9.8900000000e-03
    250000     4.00000000   1.1710000000e-02
    250000     6.00000000   1.4160000000e-02
    250000     8.00000000   2.2270000000e-02
    250000    10.00000000   2.9115000000e-02
    250000    12.00000000   4.1890000000e-02
    250000    14.00000000   6.0906000000e-02
    250000    16.00000000   8.3119000000e-02
    250000    18.00000000   1.0769000000e-01
    250000    20.00000000   1.3474400000e-01
    250000    22.00000000   1.6414900000e-01
    250000    24.00000000   1.9576300000e-01
    250000    26.00000000   2.2943300000e-01
    250000    28.00000000   2.6499500000e-01
    250000    30.00000000   3.0227600000e-01
    250000    32.00000000   3.4109700000e-01
    250000    34.00000000   3.8126700000e-01
    250000    36.00000000   4.2259300000e-01
    250000    38.00000000   4.6487500000e-01
    250000    40.00000000   5.0790600000e-01
    250000    42.00000000   5.5147900000e-01
    250000    44.00000000   5.9538200000e-01
    250000    46.00000000   6.3940300000e-01
    250000    48.00000000   6.8332700000e-01
    250000    50.00000000   7.2694300000e-01
    250000    52.00000000   7.7004000000e-01
    250000    54.00000000   8.1240700000e-01
    250000    56.00000000   8.5384000000e-01
    250000    58.00000000   8.9413900000e-01
    250000    60.00000000   9.3310900000e-01
    250000    62.00000000   9.7056100000e-01
    250000    64.00000000   1.0063140000e+00
    250000    66.00000000   1.0401950000e+00
    250000    68.00000000   1.0720410000e+00
    250000    70.00000000   1.1016980000e+00
    250000    72.00000000   1.1290230000e+00
    250000    74.00000000   1.1538840000e+00
    250000    76.00000000   1.1761620000e+00
    250000    78.00000000   1.1957500000e+00
    250000    80.00000000   1.2125540000e+00
    250000    82.00000000   1.2264930000e+00
    250000    84.00000000   1.2375020000e+00
    250000    86.00000000   1.2455280000e+00
    250000    88.00000000   1.2505330000e+00
    250000    90.00000000   1.2524960000e+00
     50000   -90.00000000   1.2524960000e+00
     50000   -88.00000000   1.2537040000e+00
     50000   -86.00000000   1.2518640000e+00
     50000   -84.00000000   1.2469970000e+00
     50000   -82.00000000   1.2391350000e+00
     50000   -80.00000000   1.2283280000e+00
     50000   -78.00000000   1.2146360000e+00
     50000   -76.00000000   1.1981380000e+00
     50000   -74.00000000   1.1789230000e+00
     50000   -72.00000000   1.1570940000e+00
     50000   -70.00000000   1.1327670000e+00
     50000   -68.00000000   1.1060700000e+00
     50000   -66.00000000   1.0771430000e+00
     50000   -64.00000000   1.0461350000e+00
     50000   -62.00000000   1.0132080000e+00
     50000   -60.00000000   9.7852900000e-01
     50000   -58.00000000   9.4227700000e-01
     50000   -56.00000000   9.0463700000e-01
     50000   -54.00000000   8.6580100000e-01
     50000   -52.00000000   8.2596600000e-01
     50000   -50.00000000   7.8533400000e-01
     50000   -48.00000000   7.4411100000e-01
     50000   -46.00000000   7.0250500000e-01
     50000   -44.00000000   6.6072700000e-01
     50000   -42.00000000   6.1898600000e-01
     50000   -40.00000000   5.7749300000e-01
     50000   -38.00000000   5.3645700000e-01
     50000   -36.00000000   4.9608400000e-01
     50000   -34.00000000   4.5657700000e-01
     50000   -32.00000000   4.1813300000e-01
     50000   -30.00000000   3.8094600000e-01
     50000   -28.00000000   3.4520200000e-01
     50000   -26.00000000   3.1107900000e-01
     50000   -24.00000000   2.7875000000e-01
     50000   -22.00000000   2.4837400000e-01
     50000   -20.00000000   2.2010500000e-01
     50000   -18.00000000   1.9408400000e-01
     50000   -16.00000000   1.7044000000e-01
     50000   -14.00000000   1.4929100000e-01
     50000   -12.00000000   1.3074500000e-01
     50000   -10.00000000   1.1489200000e-01
     50000    -8.00000000   1.0181200000e-01
     50000    -6.00000000   9.1913000000e-02
     50000    -4.00000000   6.9829000000e-02
     50000    -2.00000000   3.5370000000e-02
     50000     0.00000000   3.4670000000e-02
     50000     2.00000000   4.0980000000e-02
     50000     4.00000000   4.6920000000e-02
     50000     6.00000000   5.2490000000e-02
     50000     8.00000000   3.5582000000e-02
     50000    10.00000000   4.1219000000e-02
     50000    12.00000000   5.7609000000e-02
     50000    14.00000000   7.6683000000e-02
     50000    16.00000000   9.8508000000e-02
     50000    18.00000000   1.2291500000e-01
     50000    20.00000000   1.4978700000e-01
     50000    22.00000000   1.7899200000e-01
     50000    24.00000000   2.1038800000e-01
     50000    26.00000000   2.4382200000e-01
     50000    28.00000000   2.7913000000e-01
     50000    30.00000000   3.1614000000e-01
     50000    32.00000000   3.5467300000e-01
     50000    34.00000000   3.9453900000e-01
     50000    36.00000000   4.3554500000e-01
     50000    38.00000000   4.7749000000e-01
     50000    40.00000000   5.2016900000e-01
     50000    42.00000000   5.6337600000e-01
     50000    44.00000000   6.0689800000e-01
     50000    46.00000000   6.5052300000e-01
     50000    48.00000000   6.9403900000e-01
     50000    50.00000000   7.3723400000e-01
     50000    52.00000000   7.7989500000e-01
     50000    54.00000000   8.2181700000e-01
     50000    56.00000000   8.6279200000e-01
     50000    58.00000000   9.0262300000e-01
     50000    60.00000000   9.4111400000e-01
     50000    62.00000000   9.7807700000e-01
     50000    64.00000000   1.0133320000e+00
     50000    66.00000000   1.0467060000e+00
     50000    68.00000000   1.0780380000e+00
     50000    70.00000000   1.1071730000e+00
     50000    72.00000000   1.1339700000e+00
     50000    74.00000000   1.1582960000e+00
     50000    76.00000000   1.1800350000e+00
     50000    78.00000000   1.1990780000e+00
     50000    80.00000000   1.2153330000e+00
     50000    82.00000000   1.2287210000e+00
     50000    84.00000000   1.2391750000e+00
     50000    86.00000000   1.2466440000e+00
     50000    88.00000000   1.2510920000e+00
     50000    90.00000000   1.2524960000e+00
    100000   -90.00000000   1.2524960000e+00
    100000   -88.00000000   1.2533550000e+00
    100000   -86.00000000   1.2511670000e+00
    100000   -84.00000000   1.2459520000e+00
    100000   -82.00000000   1.2377440000e+00
    100000   -80.00000000   1.2265920000e+00
    100000   -78.00000000   1.2125580000e+00
    100000   -76.00000000   1.1957200000e+00
    100000   -74.00000000   1.1761680000e+00
    100000   -72.00000000   1.1540050000e+00
    100000   -70.00000000   1.1293480000e+00
    100000   -68.00000000   1.1023260000e+00
    100000   -66.00000000   1.0730780000e+00
    100000   -64.00000000   1.0417540000e+00
    100000   -62.00000000   1.0085150000e+00
    100000   -60.00000000   9.7353200000e-01
    100000   -58.00000000   9.3698100000e-01
    100000   -56.00000000   8.9904800000e-01
    100000   -54.00000000   8.5992600000e-01
    100000   -52.00000000   8.1981300000e-01
    100000   -50.00000000   7.7891000000e-01
    100000   -48.00000000   7.3742300000e-01
    100000   -46.00000000   6.9556200000e-01
    100000   -44.00000000   6.5353700000e-01
    100000   -42.00000000   6.1155800000e-01
    100000   -40.00000000   5.6983700000e-01
    100000   -38.00000000   5.2858100000e-01
    100000   -36.00000000   4.8799800000e-01
    100000   -34.00000000   4.4829100000e-01
    100000   -32.00000000   4.0965700000e-01
    100000   -30.00000000   3.7229000000e-01
    100000   -28.00000000   3.3637700000e-01
    100000   -26.00000000   3.0209600000e-01
    100000   -24.00000000   2.6961900000e-01
    100000   -22.00000000   2.3910700000e-01
    100000   -20.00000000   2.1071300000e-01
    100000   -18.00000000   1.8457800000e-01
    100000   -16.00000000   1.6083200000e-01
    100000   -14.00000000   1.3959400000e-01
    100000   -12.00000000   1.2096800000e-01
    100000   -10.00000000   1.0504900000e-01
    100000    -8.00000000   9.2809000000e-02
    100000    -6.00000000   8.1630000000e-02
    100000    -4.00000000   3.3537000000e-02
    100000    -2.00000000   2.4620000000e-02
    100000     0.00000000   2.0165000000e-02
    100000     2.00000000   1.8150000000e-02
    100000     4.00000000   1.8220000000e-02
    100000     6.00000000   2.0230000000e-02
    100000     8.00000000   2.3380000000e-02
    100000    10.00000000   3.4469000000e-02
    100000    12.00000000   5.3474000000e-02
    100000    14.00000000   7.2190000000e-02
    100000    16.00000000   9.3724000000e-02
    100000    18.00000000   1.1818200000e-01
    100000    20.00000000   1.4511100000e-01
    100000    22.00000000   1.7437800000e-01
    100000    24.00000000   2.0584200000e-01
    100000    26.00000000   2.3934900000e-01
    100000    28.00000000   2.7473600000e-01
    100000    30.00000000   3.1183000000e-01
    100000    32.00000000   3.5045200000e-01
    100000    34.00000000   3.9041300000e-01
    100000    36.00000000   4.3151800000e-01
    100000    38.00000000   4.7356800000e-01
    100000    40.00000000   5.1635700000e-01
    100000    42.00000000   5.5967700000e-01
    100000    44.00000000   6.0331800000e-01
    100000    46.00000000   6.4706600000e-01
    100000    48.00000000   6.9070900000e-01
    100000    50.00000000   7.3403500000e-01
    100000    52.00000000   7.7683200000e-01
    100000    54.00000000   8.1889100000e-01
    100000    56.00000000   8.6000900000e-01
    100000    58.00000000   8.9998600000e-01
    100000    60.00000000   9.3862500000e-01
    100000    62.00000000   9.7574000000e-01
    100000    64.00000000   1.0111500000e+00
    100000    66.00000000   1.0446820000e+00
    100000    68.00000000   1.0761740000e+00
    100000    70.00000000   1.1054710000e+00
    100000    72.00000000   1.1324320000e+00
    100000    74.00000000   1.1569250000e+00
    100000    76.00000000   1.1788310000e+00
    100000    78.00000000   1.1980430000e+00
    100000    80.00000000   1.2144690000e+00
    100000    82.00000000   1.2280280000e+00
    100000    84.00000000   1.2386550000e+00
    100000    86.00000000   1.2462970000e+00
    100000    88.00000000   1.2509180000e+00
    100000    90.00000000   1.2524960000e+00
    150000   -90.00000000   1.2524960000e+00
    150000   -88.00000000   1.2520190000e+00
    150000   -86.00000000   1.2484970000e+00
    150000   -84.00000000   1.2419520000e+00
    150000   -82.00000000   1.2324180000e+00
    150000   -80.00000000   1.2199460000e+00
    150000   -78.00000000   1.2046010000e+00
    150000   -76.00000000   1.1864610000e+00
    150000   -74.00000000   1.1656190000e+00
    150000   -72.00000000   1.1421790000e+00
    150000   -70.00000000   1.1162590000e+00
    150000   -68.00000000   1.0879890000e+00
    150000   -66.00000000   1.0575110000e+00
    150000   -64.00000000   1.0249770000e+00
    150000   -62.00000000   9.9054800000e-01
    150000   -60.00000000   9.5439600000e-01
    150000   -58.00000000   9.1670000000e-01
    150000   -56.00000000   8.7764700000e-01
    150000   -54.00000000   8.3743100000e-01
    150000   -52.00000000   7.9625100000e-01
    150000   -50.00000000   7.5430900000e-01
    150000   -48.00000000   7.1181500000e-01
    150000   -46.00000000   6.6897700000e-01
    150000   -44.00000000   6.2600700000e-01
    150000   -42.00000000   5.8311700000e-01
    150000   -40.00000000   5.4051900000e-01
    150000   -38.00000000   4.9842300000e-01
    150000   -36.00000000   4.5703600000e-01
    150000   -34.00000000   4.1656200000e-01
    150000   -32.00000000   3.7720100000e-01
    150000   -30.00000000   3.3914600000e-01
    150000   -28.00000000   3.0258600000e-01
    150000   -26.00000000   2.6769800000e-01
    150000   -24.00000000   2.3465700000e-01
    150000   -22.00000000   2.0362300000e-01
    150000   -20.00000000   1.7475000000e-01
    150000   -18.00000000   1.4818000000e-01
    150000   -16.00000000   1.2404400000e-01
    150000   -14.00000000   1.0245900000e-01
    150000   -12.00000000   8.3534000000e-02
    150000   -10.00000000   6.8505000000e-02
    150000    -8.00000000   6.0954000000e-02
    150000    -6.00000000   4.1781000000e-02
    150000    -4.00000000   2.2960000000e-02
    150000    -2.00000000   1.7460000000e-02
    150000     0.00000000   1.3020000000e-02
    150000     2.00000000   1.2750000000e-02
    150000     4.00000000   1.4170000000e-02
    150000     6.00000000   1.6480000000e-02
    150000     8.00000000   2.2420000000e-02
    150000    10.00000000   3.4286000000e-02
    150000    12.00000000   4.9470000000e-02
    150000    14.00000000   6.7848000000e-02
    150000    16.00000000   8.9513000000e-02
    150000    18.00000000   1.1401600000e-01
    150000    20.00000000   1.4099400000e-01
    150000    22.00000000   1.7031700000e-01
    150000    24.00000000   2.0184000000e-01
    150000    26.00000000   2.3541200000e-01
    150000    28.00000000   2.7086800000e-01
    150000    30.00000000   3.0803700000e-01
    150000    32.00000000   3.4673700000e-01
    150000    34.00000000   3.8678200000e-01
    150000    36.00000000   4.2797500000e-01
    150000    38.00000000   4.7011600000e-01
    150000    40.00000000   5.1300100000e-01
    150000    42.00000000   5.5642200000e-01
    150000    44.00000000   6.0016700000e-01
    150000    46.00000000   6.4402300000e-01
    150000    48.00000000   6.8777800000e-01
    150000    50.00000000   7.3121900000e-01
    150000    52.00000000   7.7413500000e-01
    150000    54.00000000   8.1631700000e-01
    150000    56.00000000   8.5756000000e-01
    150000    58.00000000   8.9766400000e-01
    150000    60.00000000   9.3643500000e-01
    150000    62.00000000   9.7368400000e-01
    150000    64.00000000   1.0092300000e+00
    150000    66.00000000   1.0429010000e+00
    150000    68.00000000   1.0745330000e+00
    150000    70.00000000   1.1039730000e+00
    150000    72.00000000   1.1310780000e+00
    150000    74.00000000   1.1557170000e+00
    150000    76.00000000   1.1777710000e+00
    150000    78.00000000   1.1971330000e+00
    150000    80.00000000   1.2137090000e+00
    150000    82.00000000   1.2274190000e+00
    150000    84.00000000   1.2381970000e+00
    150000    86.00000000   1.2459920000e+00
    150000    88.00000000   1.2507650000e+00
    150000    90.00000000   1.2524960000e+00
    200000   -90.00000000   1.2524960000e+00
    200000   -88.00000000   1.2510220000e+00
    200000   -86.00000000   1.2465040000e+00
    200000   -84.00000000   1.2389640000e+00
    200000   -82.00000000   1.2284400000e+00
    200000   -80.00000000   1.2149830000e+00
    200000   -78.00000000   1.1986580000e+00
    200000   -76.00000000   1.1795460000e+00
    200000   -74.00000000   1.1577400000e+00
    200000   -72.00000000   1.1333460000e+00
    200000   -70.00000000   1.1064830000e+00
    200000   -68.00000000   1.0772820000e+00
    200000   -66.00000000   1.0458850000e+00
    200000   -64.00000000   1.0124470000e+00
    200000   -62.00000000   9.7712900000e-01
    200000   -60.00000000   9.4010400000e-01
    200000   -58.00000000   9.0155300000e-01
    200000   -56.00000000   8.6166400000e-01
    200000   -54.00000000   8.2063000000e-01
    200000   -52.00000000   7.7865300000e-01
    200000   -50.00000000   7.3593600000e-01
    200000   -48.00000000   6.9268900000e-01
    200000   -46.00000000   6.4912100000e-01
    200000   -44.00000000   6.0544600000e-01
    200000   -42.00000000   5.6187600000e-01
    200000   -40.00000000   5.1862300000e-01
    200000   -38.00000000   4.7589900000e-01
    200000   -36.00000000   4.3391200000e-01
    200000   -34.00000000   3.9286500000e-01
    200000   -32.00000000   3.5296100000e-01
    200000   -30.00000000   3.1439200000e-01
    200000   -28.00000000   2.7734800000e-01
    200000   -26.00000000   2.4200700000e-01
    200000   -24.00000000   2.0854400000e-01
    200000   -22.00000000   1.7712100000e-01
    200000   -20.00000000   1.4789000000e-01
    200000   -18.00000000   1.2099600000e-01
    200000   -16.00000000   9.6567000000e-02
    200000   -14.00000000   7.4725000000e-02
    200000   -12.00000000   5.5574000000e-02
    200000   -10.00000000   4.3996000000e-02
    200000    -8.00000000   2.5710000000e-02
    200000    -6.00000000   3.7085000000e-02
    200000    -4.00000000   1.8360000000e-02
    200000    -2.00000000   1.3530000000e-02
    200000     0.00000000   1.0350000000e-02
    200000     2.00000000   1.0790000000e-02
    200000     4.00000000   1.2490000000e-02
    200000     6.00000000   1.4850000000e-02
    200000     8.00000000   2.2200000000e-02
    200000    10.00000000   3.0544000000e-02
    200000    12.00000000   4.4885000000e-02
    200000    14.00000000   6.4146000000e-02
    200000    16.00000000   8.6023000000e-02
    200000    18.00000000   1.1056300000e-01
    200000    20.00000000   1.3758300000e-01
    200000    22.00000000   1.6695000000e-01
    200000    24.00000000   1.9852400000e-01
    200000    26.00000000   2.3214900000e-01
    200000    28.00000000   2.6766300000e-01
    200000    30.00000000   3.0489300000e-01
    200000    32.00000000   3.4365900000e-01
    200000    34.00000000   3.8377200000e-01
    200000    36.00000000   4.2503700000e-01
    200000    38.00000000   4.6725500000e-01
    200000    40.00000000   5.1022000000e-01
    200000    42.00000000   5.5372400000e-01
    200000    44.00000000   5.9755500000e-01
    200000    46.00000000   6.4150100000e-01
    200000    48.00000000   6.8534900000e-01
    200000    50.00000000   7.2888500000e-01
    200000    52.00000000   7.7190000000e-01
    200000    54.00000000   8.1418300000e-01
    200000    56.00000000   8.5553000000e-01
    200000    58.00000000   8.9574000000e-01
    200000    60.00000000   9.3462000000e-01
    200000    62.00000000   9.7197900000e-01
    200000    64.00000000   1.0076380000e+00
    200000    66.00000000   1.0414240000e+00
    200000    68.00000000   1.0731730000e+00
    200000    70.00000000   1.1027310000e+00
    200000    72.00000000   1.1299560000e+00
    200000    74.00000000   1.1547170000e+00
    200000    76.00000000   1.1768930000e+00
    200000    78.00000000   1.1963780000e+00
    200000    80.00000000   1.2130780000e+00
    200000    82.00000000   1.2269130000e+00
    200000    84.00000000   1.2378170000e+00
    200000    86.00000000   1.2457380000e+00
    200000    88.00000000   1.2506390000e+00
    200000    90.00000000   1.2524960000e+00
    250000   -90.00000000   1.2524960000e+00
    250000   -88.00000000   1.2508170000e+00
    250000   -86.00000000   1.2460960000e+00
    250000   -84.00000000   1.2383530000e+00
    250000   -82.00000000   1.2276260000e+00
    250000   -80.00000000   1.2139670000e+00
    250000   -78.00000000   1.1974420000e+00
    250000   -76.00000000   1.1781310000e+00
    250000   -74.00000000   1.1561280000e+00
    250000   -72.00000000   1.1315380000e+00
    250000   -70.00000000   1.1044820000e+00
    250000   -68.00000000   1.0750910000e+00
    250000   -66.00000000   1.0435060000e+00
    250000   -64.00000000   1.0098830000e+00
    250000   -62.00000000   9.7438300000e-01
    250000   -60.00000000   9.3718000000e-01
    250000   -58.00000000   8.9845300000e-01
    250000   -56.00000000   8.5839300000e-01
    250000   -54.00000000   8.1719200000e-01
    250000   -52.00000000   7.7505200000e-01
    250000   -50.00000000   7.3217600000e-01
    250000   -48.00000000   6.8877500000e-01
    250000   -46.00000000   6.4505800000e-01
    250000   -44.00000000   6.0123800000e-01
    250000   -42.00000000   5.5752900000e-01
    250000   -40.00000000   5.1414200000e-01
    250000   -38.00000000   4.7129000000e-01
    250000   -36.00000000   4.2917900000e-01
    250000   -34.00000000   3.8801600000e-01
    250000   -32.00000000   3.4800000000e-01
    250000   -30.00000000   3.0932700000e-01
    250000   -28.00000000   2.7218300000e-01
    250000   -26.00000000   2.3675000000e-01
    250000   -24.00000000   2.0320100000e-01
    250000   -22.00000000   1.7169700000e-01
    250000   -20.00000000   1.4239400000e-01
    250000   -18.00000000   1.1543300000e-01
    250000   -16.00000000   9.0945000000e-02
    250000   -14.00000000   6.9049000000e-02
    250000   -12.00000000   4.9853000000e-02
    250000   -10.00000000   4.3704000000e-02
    250000    -8.00000000   1.7979000000e-02
    250000    -6.00000000   1.8000000000e-02
    250000    -4.00000000   1.5400000000e-02
    250000    -2.00000000   1.1420000000e-02
    250000     0.00000000   9.1100000000e-03
    250000     2.00000000   9.7800000000e-03
    250000     4.00000000   1.1560000000e-02
    250000     6.00000000   1.4050000000e-02
    250000     8.00000000   2.1915000000e-02
    250000    10.00000000   2.9047000000e-02
    250000    12.00000000   4.3242000000e-02
    250000    14.00000000   6.1732000000e-02
    250000    16.00000000   8.4074000000e-02
    250000    18.00000000   1.0863500000e-01
    250000    20.00000000   1.3567700000e-01
    250000    22.00000000   1.6507000000e-01
    250000    24.00000000   1.9667100000e-01
    250000    26.00000000   2.3032600000e-01
    250000    28.00000000   2.6587200000e-01
    250000    30.00000000   3.0313600000e-01
    250000    32.00000000   3.4193900000e-01
    250000    34.00000000   3.8209000000e-01
    250000    36.00000000   4.2339700000e-01
    250000    38.00000000   4.6565700000e-01
    250000    40.00000000   5.0866700000e-01
    250000    42.00000000   5.5221700000e-01
    250000    44.00000000   5.9609600000e-01
    250000    46.00000000   6.4009300000e-01
    250000    48.00000000   6.8399200000e-01
    250000    50.00000000   7.2758200000e-01
    250000    52.00000000   7.7065100000e-01
    250000    54.00000000   8.1299100000e-01
    250000    56.00000000   8.5439600000e-01
    250000    58.00000000   8.9466600000e-01
    250000    60.00000000   9.3360600000e-01
    250000    62.00000000   9.7102700000e-01
    250000    64.00000000   1.0067490000e+00
    250000    66.00000000   1.0405990000e+00
    250000    68.00000000   1.0724130000e+00
    250000    70.00000000   1.1020370000e+00
    250000    72.00000000   1.1293290000e+00
    250000    74.00000000   1.1541580000e+00
    250000    76.00000000   1.1764020000e+00
    250000    78.00000000   1.1959560000e+00
    250000    80.00000000   1.2127260000e+00
    250000    82.00000000   1.2266310000e+00
    250000    84.00000000   1.2376050000e+00
    250000    86.00000000   1.2455970000e+00
    250000    88.00000000   1.2505680000e+00
    250000    90.00000000   1.2524960000e+00
     50000   -90.00000000   1.2524960000e+00
     50000   -88.00000000   1.2537770000e+00
     50000   -86.00000000   1.2520120000e+00
     50000   -84.00000000   1.2472180000e+00
     50000   -82.00000000   1.2394290000e+00
     50000   -80.00000000   1.2286940000e+00
     50000   -78.00000000   1.2150750000e+00
     50000   -76.00000000   1.1986490000e+00
     50000   -74.00000000   1.1795050000e+00
     50000   -72.00000000   1.1577460000e+00
     50000   -70.00000000   1.1334890000e+00
     50000   -68.00000000   1.1068610000e+00
     50000   -66.00000000   1.0780020000e+00
     50000   -64.00000000   1.0470610000e+00
     50000   -62.00000000   1.0141990000e+00
     50000   -60.00000000   9.7958500000e-01
     50000   -58.00000000   9.4339600000e-01
     50000   -56.00000000   9.0581800000e-01
     50000   -54.00000000   8.6704200000e-01
     50000   -52.00000000   8.2726600000e-01
     50000   -50.00000000   7.8669100000e-01
     50000   -48.00000000   7.4552400000e-01
     50000   -46.00000000   7.0397200000e-01
     50000   -44.00000000   6.6224600000e-01
     50000   -42.00000000   6.2055500000e-01
     50000   -40.00000000   5.7911100000e-01
     50000   -38.00000000   5.3812100000e-01
     50000   -36.00000000   4.9779200000e-01
     50000   -34.00000000   4.5832700000e-01
     50000   -32.00000000   4.1992400000e-01
     50000   -30.00000000   3.8277500000e-01
     50000   -28.00000000   3.4706600000e-01
     50000   -26.00000000   3.1297700000e-01
     50000   -24.00000000   2.8067900000e-01
     50000   -22.00000000   2.5033200000e-01
     50000   -20.00000000   2.2209000000e-01
     50000   -18.00000000   1.9609200000e-01
     50000   -16.00000000   1.7247000000e-01
     50000   -14.00000000   1.5134000000e-01
     50000   -12.00000000   1.3281000000e-01
     50000   -10.00000000   1.1697100000e-01
     50000    -8.00000000   1.0427800000e-01
     50000    -6.00000000   9.3670000000e-02
     50000    -4.00000000   6.4090000000e-02
     50000    -2.00000000   3.4520000000e-02
     50000     0.00000000   3.3560000000e-02
     50000     2.00000000   4.0280000000e-02
     50000     4.00000000   4.6360000000e-02
     50000     6.00000000   5.1748000000e-02
     50000     8.00000000   3.4516000000e-02
     50000    10.00000000   4.2098000000e-02
     50000    12.00000000   5.8373000000e-02
     50000    14.00000000   7.7501000000e-02
     50000    16.00000000   9.9318000000e-02
     50000    18.00000000   1.2371700000e-01
     50000    20.00000000   1.5057900000e-01
     50000    22.00000000   1.7977400000e-01
     50000    24.00000000   2.1115800000e-01
     50000    26.00000000   2.4457900000e-01
     50000    28.00000000   2.7987400000e-01
     50000    30.00000000   3.1687000000e-01
     50000    32.00000000   3.5538700000e-01
     50000    34.00000000   3.9523800000e-01
     50000    36.00000000   4.3622600000e-01
     50000    38.00000000   4.7815400000e-01
     50000    40.00000000   5.2081500000e-01
     50000    42.00000000   5.6400200000e-01
     50000    44.00000000   6.0750400000e-01
     50000    46.00000000   6.5110900000e-01
     50000    48.00000000   6.9460300000e-01
     50000    50.00000000   7.3777500000e-01
     50000    52.00000000   7.8041400000e-01
     50000    54.00000000   8.2231200000e-01
     50000    56.00000000   8.6326400000e-01
     50000    58.00000000   9.0306900000e-01
     50000    60.00000000   9.4153500000e-01
     50000    62.00000000   9.7847200000e-01
     50000    64.00000000   1.0137010000e+00
     50000    66.00000000   1.0470490000e+00
     50000    68.00000000   1.0783540000e+00
     50000    70.00000000   1.1074610000e+00
     50000    72.00000000   1.1342300000e+00
     50000    74.00000000   1.1585290000e+00
     50000    76.00000000   1.1802390000e+00
     50000    78.00000000   1.1992530000e+00
     50000    80.00000000   1.2154800000e+00
     50000    82.00000000   1.2288380000e+00
     50000    84.00000000   1.2392630000e+00
     50000    86.00000000   1.2467030000e+00
     50000    88.00000000   1.2511210000e+00
     50000    90.00000000   1.2524960000e+00
    100000   -90.00000000   1.2524960000e+00
    100000   -88.00000000   1.2532010000e+00
    100000   -86.00000000   1.2508590000e+00
    100000   -84.00000000   1.2454900000e+00
    100000   -82.00000000   1.2371290000e+00
    100000   -80.00000000   1.2258250000e+00
    100000   -78.00000000   1.2116390000e+00
    100000   -76.00000000   1.1946510000e+00
    100000   -74.00000000   1.1749490000e+00
    100000   -72.00000000   1.1526390000e+00
    100000   -70.00000000   1.1278370000e+00
    100000   -68.00000000   1.1006700000e+00
    100000   -66.00000000   1.0712800000e+00
    100000   -64.00000000   1.0398160000e+00
    100000   -62.00000000   1.0064400000e+00
    100000   -60.00000000   9.7132200000e-01
    100000   -58.00000000   9.3463900000e-01
    100000   -56.00000000   8.9657700000e-01
    100000   -54.00000000   8.5732800000e-01
    100000   -52.00000000   8.1709100000e-01
    100000   -50.00000000   7.7606900000e-01
    100000   -48.00000000   7.3446600000e-01
    100000   -46.00000000   6.9249200000e-01
    100000   -44.00000000   6.5035800000e-01
    100000   -42.00000000   6.0827400000e-01
    100000   -40.00000000   5.6645100000e-01
    100000   -38.00000000   5.2509800000e-01
    100000   -36.00000000   4.8442200000e-01
    100000   -34.00000000   4.4462600000e-01
    100000   -32.00000000   4.0590900000e-01
    100000   -30.00000000   3.6846200000e-01
    100000   -28.00000000   3.3247400000e-01
    100000   -26.00000000   2.9812400000e-01
    100000   -24.00000000   2.6558100000e-01
    100000   -22.00000000   2.3500900000e-01
    100000   -20.00000000   2.0656000000e-01
    100000   -18.00000000   1.8037500000e-01
    100000   -16.00000000   1.5658400000e-01
    100000   -14.00000000   1.3530500000e-01
    100000   -12.00000000   1.1664500000e-01
    100000   -10.00000000   1.0069600000e-01
    100000    -8.00000000   8.8192000000e-02
    100000    -6.00000000   7.8313000000e-02
    100000    -4.00000000   3.3330000000e-02
    100000    -2.00000000   2.4140000000e-02
    100000     0.00000000   1.9850000000e-02
    100000     2.00000000   1.8040000000e-02
    100000     4.00000000   1.8120000000e-02
    100000     6.00000000   1.9930000000e-02
    100000     8.00000000   2.3330000000e-02
    100000    10.00000000   3.7123000000e-02
    100000    12.00000000   5.6024000000e-02
    100000    14.00000000   7.4272000000e-02
    100000    16.00000000   9.6101000000e-02
    100000    18.00000000   1.2053400000e-01
    100000    20.00000000   1.4743500000e-01
    100000    22.00000000   1.7667100000e-01
    100000    24.00000000   2.0810100000e-01
    100000    26.00000000   2.4157200000e-01
    100000    28.00000000   2.7691900000e-01
    100000    30.00000000   3.1397200000e-01
    100000    32.00000000   3.5255000000e-01
    100000    34.00000000   3.9246300000e-01
    100000    36.00000000   4.3351900000e-01
    100000    38.00000000   4.7551700000e-01
    100000    40.00000000   5.1825200000e-01
    100000    42.00000000   5.6151500000e-01
    100000    44.00000000   6.0509700000e-01
    100000    46.00000000   6.4878400000e-01
    100000    48.00000000   6.9236400000e-01
    100000    50.00000000   7.3562400000e-01
    100000    52.00000000   7.7835400000e-01
    100000    54.00000000   8.2034500000e-01
    100000    56.00000000   8.6139200000e-01
    100000    58.00000000   9.0129600000e-01
    100000    60.00000000   9.3986200000e-01
    100000    62.00000000   9.7690100000e-01
    100000    64.00000000   1.0122340000e+00
    100000    66.00000000   1.0456880000e+00
    100000    68.00000000   1.0771000000e+00
    100000    70.00000000   1.1063170000e+00
    100000    72.00000000   1.1331960000e+00
    100000    74.00000000   1.1576060000e+00
    100000    76.00000000   1.1794290000e+00
    100000    78.00000000   1.1985580000e+00
    100000    80.00000000   1.2148990000e+00
    100000    82.00000000   1.2283730000e+00
    100000    84.00000000   1.2389130000e+00
    100000    86.00000000   1.2464700000e+00
    100000    88.00000000   1.2510050000e+00
    100000    90.00000000   1.2524960000e+00
    150000   -90.00000000   1.2524960000e+00
    150000   -88.00000000   1.2525090000e+00
    150000   -86.00000000   1.2494770000e+00
    150000   -84.00000000   1.2434190000e+00
    150000   -82.00000000   1.2343720000e+00
    150000   -80.00000000   1.2223840000e+00
    150000   -78.00000000   1.2075200000e+00
    150000   -76.00000000   1.1898570000e+00
    150000   -74.00000000   1.1694880000e+00
    150000   -72.00000000   1.1465160000e+00
    150000   -70.00000000   1.1210600000e+00
    150000   -68.00000000   1.0932480000e+00
    150000   -66.00000000   1.0632210000e+00
    150000   -64.00000000   1.0311300000e+00
    150000   -62.00000000   9.9713800000e-01
    150000   -60.00000000   9.6141400000e-01
    150000   -58.00000000   9.2413900000e-01
    150000   -56.00000000   8.8549700000e-01
    150000   -54.00000000   8.4568200000e-01
    150000   -52.00000000   8.0489300000e-01
    150000   -50.00000000   7.6333200000e-01
    150000   -48.00000000   7.2120700000e-01
    150000   -46.00000000   6.7872800000e-01
    150000   -44.00000000   6.3610400000e-01
    150000   -42.00000000   5.9354900000e-01
    150000   -40.00000000   5.5127200000e-01
    150000   -38.00000000   5.0948400000e-01
    150000   -36.00000000   4.6839200000e-01
    150000   -34.00000000   4.2819900000e-01
    150000   -32.00000000   3.8910500000e-01
    150000   -30.00000000   3.5130300000e-01
    150000   -28.00000000   3.1497900000e-01
    150000   -26.00000000   2.8031500000e-01
    150000   -24.00000000   2.4748000000e-01
    150000   -22.00000000   2.1663800000e-01
    150000   -20.00000000   1.8794100000e-01
    150000   -18.00000000   1.6153000000e-01
    150000   -16.00000000   1.3753700000e-01
    150000   -14.00000000   1.1607900000e-01
    150000   -12.00000000   9.7264000000e-02
    150000   -10.00000000   8.1306000000e-02
    150000    -8.00000000   7.5583000000e-02
    150000    -6.00000000   5.1873000000e-02
    150000    -4.00000000   2.2660000000e-02
    150000    -2.00000000   1.7190000000e-02
    150000     0.00000000   1.2820000000e-02
    150000     2.00000000   1.2660000000e-02
    150000     4.00000000   1.4010000000e-02
    150000     6.00000000   1.6250000000e-02
    150000     8.00000000   2.2165000000e-02
    150000    10.00000000   3.3015000000e-02
    150000    12.00000000   4.9013000000e-02
    150000    14.00000000   6.8070000000e-02
    150000    16.00000000   8.9916000000e-02
    150000    18.00000000   1.1441500000e-01
    150000    20.00000000   1.4138800000e-01
    150000    22.00000000   1.7070500000e-01
    150000    24.00000000   2.0222300000e-01
    150000    26.00000000   2.3578800000e-01
    150000    28.00000000   2.7123800000e-01
    150000    30.00000000   3.0840000000e-01
    150000    32.00000000   3.4709300000e-01
    150000    34.00000000   3.8712900000e-01
    150000    36.00000000   4.2831300000e-01
    150000    38.00000000   4.7044600000e-01
    150000    40.00000000   5.1332200000e-01
    150000    42.00000000   5.5673300000e-01
    150000    44.00000000   6.0046800000e-01
    150000    46.00000000   6.4431400000e-01
    150000    48.00000000   6.8805900000e-01
    150000    50.00000000   7.3148800000e-01
    150000    52.00000000   7.7439300000e-01
    150000    54.00000000   8.1656300000e-01
    150000    56.00000000   8.5779400000e-01
    150000    58.00000000   8.9788600000e-01
    150000    60.00000000   9.3664400000e-01
    150000    62.00000000   9.7388000000e-01
    150000    64.00000000   1.0094130000e+00
    150000    66.00000000   1.0430710000e+00
    150000    68.00000000   1.0746900000e+00
    150000    70.00000000   1.1041160000e+00
    150000    72.00000000   1.1312080000e+00
    150000    74.00000000   1.1558330000e+00
    150000    76.00000000   1.1778720000e+00
    150000    78.00000000   1.1972200000e+00
    150000    80.00000000   1.2137810000e+00
    150000    82.00000000   1.2274770000e+00
    150000    84.00000000   1.2382410000e+00
    150000    86.00000000   1.2460210000e+00
    150000    88.00000000   1.2507800000e+00
    150000    90.00000000   1.2524960000e+00
    200000   -90.00000000   1.2524960000e+00
    200000   -88.00000000   1.2514280000e+00
    200000   -86.00000000   1.2473160000e+00
    200000   -84.00000000   1.2401820000e+00
    200000   -82.00000000   1.2300620000e+00
    200000   -80.00000000   1.2170060000e+00
    200000   -78.00000000   1.2010810000e+00
    200000   -76.00000000   1.1823650000e+00
    200000   -74.00000000   1.1609520000e+00
    200000   -72.00000000   1.1369470000e+00
    200000   -70.00000000   1.1104680000e+00
    200000   -68.00000000   1.0816470000e+00
    200000   -66.00000000   1.0506250000e+00
    200000   -64.00000000   1.0175550000e+00
    200000   -62.00000000   9.8259900000e-01
    200000   -60.00000000   9.4593000000e-01
    200000   -58.00000000   9.0772800000e-01
    200000   -56.00000000   8.6817900000e-01
    200000   -54.00000000   8.2747900000e-01
    200000   -52.00000000   7.8582700000e-01
    200000   -50.00000000   7.4342600000e-01
    200000   -48.00000000   7.0048600000e-01
    200000   -46.00000000   6.5721500000e-01
    200000   -44.00000000   6.1382800000e-01
    200000   -42.00000000   5.7053500000e-01
    200000   -40.00000000   5.2754900000e-01
    200000   -38.00000000   4.8508100000e-01
    200000   -36.00000000   4.4333800000e-01
    200000   -34.00000000   4.0252600000e-01
    200000   -32.00000000   3.6284300000e-01
    200000   -30.00000000   3.2448300000e-01
    200000   -28.00000000   2.8763600000e-01
    200000   -26.00000000   2.5248000000e-01
    200000   -24.00000000   2.1918900000e-01
    200000   -22.00000000   1.8792400000e-01
    200000   -20.00000000   1.5884000000e-01
    200000   -18.00000000   1.3207700000e-01
    200000   -16.00000000   1.0776800000e-01
    200000   -14.00000000   8.6031000000e-02
    200000   -12.00000000   6.6972000000e-02
    200000   -10.00000000   4.9349000000e-02
    200000    -8.00000000   3.2756000000e-02
    200000    -6.00000000   2.9170000000e-02
    200000    -4.00000000   1.8160000000e-02
    200000    -2.00000000   1.3370000000e-02
    200000     0.00000000   1.0180000000e-02
    200000     2.00000000   1.0700000000e-02
    200000     4.00000000   1.2350000000e-02
    200000     6.00000000   1.4720000000e-02
    200000     8.00000000   2.2900000000e-02
    200000    10.00000000   3.0748000000e-02
    200000    12.00000000   4.7093000000e-02
    200000    14.00000000   6.5586000000e-02
    200000    16.00000000   8.7583000000e-02
    200000    18.00000000   1.1210700000e-01
    200000    20.00000000   1.3910800000e-01
    200000    22.00000000   1.6845500000e-01
    200000    24.00000000   2.0000600000e-01
    200000    26.00000000   2.3360700000e-01
    200000    28.00000000   2.6909500000e-01
    200000    30.00000000   3.0629800000e-01
    200000    32.00000000   3.4503500000e-01
    200000    34.00000000   3.8511700000e-01
    200000    36.00000000   4.2635000000e-01
    200000    38.00000000   4.6853400000e-01
    200000    40.00000000   5.1146300000e-01
    200000    42.00000000   5.5493000000e-01
    200000    44.00000000   5.9872300000e-01
    200000    46.00000000   6.4262900000e-01
    200000    48.00000000   6.8643500000e-01
    200000    50.00000000   7.2992900000e-01
    200000    52.00000000   7.7289900000e-01
    200000    54.00000000   8.1513700000e-01
    200000    56.00000000   8.5643700000e-01
    200000    58.00000000   8.9660000000e-01
    200000    60.00000000   9.3543100000e-01
    200000    62.00000000   9.7274100000e-01
    200000    64.00000000   1.0083500000e+00
    200000    66.00000000   1.0420840000e+00
    200000    68.00000000   1.0737810000e+00
    200000    70.00000000   1.1032860000e+00
    200000    72.00000000   1.1304580000e+00
    200000    74.00000000   1.1551640000e+00
    200000    76.00000000   1.1772850000e+00
    200000    78.00000000   1.1967150000e+00
    200000    80.00000000   1.2133600000e+00
    200000    82.00000000   1.2271390000e+00
    200000    84.00000000   1.2379870000e+00
    200000    86.00000000   1.2458520000e+00
    200000    88.00000000   1.2506950000e+00
    200000    90.00000000   1.2524960000e+00
    250000   -90.00000000   1.2524960000e+00
    250000   -88.00000000   1.2512310000e+00
    250000   -86.00000000   1.2469220000e+00
    250000   -84.00000000   1.2395910000e+00
    250000   -82.00000000   1.2292740000e+00
    250000   -80.00000000   1.2160240000e+00
    250000   -78.00000000   1.1999050000e+00
    250000   -76.00000000   1.1809960000e+00
    250000   -74.00000000   1.1593920000e+00
    250000   -72.00000000   1.1351980000e+00
    250000   -70.00000000   1.1085330000e+00
    250000   -68.00000000   1.0795270000e+00
    250000   -66.00000000   1.0483230000e+00
    250000   -64.00000000   1.0150740000e+00
    250000   -62.00000000   9.7994300000e-01
    250000   -60.00000000   9.4310100000e-01
    250000   -58.00000000   9.0472900000e-01
    250000   -56.00000000   8.6501500000e-01
    250000   -54.00000000   8.2415300000e-01
    250000   -52.00000000   7.8234300000e-01
    250000   -50.00000000   7.3978900000e-01
    250000   -48.00000000   6.9669900000e-01
    250000   -46.00000000   6.5328400000e-01
    250000   -44.00000000   6.0975700000e-01
    250000   -42.00000000   5.6633000000e-01
    250000   -40.00000000   5.2321400000e-01
    250000   -38.00000000   4.8062200000e-01
    250000   -36.00000000   4.3876000000e-01
    250000   -34.00000000   3.9783400000e-01
    250000   -32.00000000   3.5804400000e-01
    250000   -30.00000000   3.1958300000e-01
    250000   -28.00000000   2.8263900000e-01
    250000   -26.00000000   2.4739400000e-01
    250000   -24.00000000   2.1401900000e-01
    250000   -22.00000000   1.8267800000e-01
    250000   -20.00000000   1.5352200000e-01
    250000   -18.00000000   1.2669600000e-01
    250000   -16.00000000   1.0232900000e-01
    250000   -14.00000000   8.0540000000e-02
    250000   -12.00000000   6.1437000000e-02
    250000   -10.00000000   5.0666000000e-02
    250000    -8.00000000   2.2128000000e-02
    250000    -6.00000000   1.9786000000e-02
    250000    -4.00000000   1.5590000000e-02
    250000    -2.00000000   1.1310000000e-02
    250000     0.00000000   8.9400000000e-03
    250000     2.00000000   9.6800000000e-03
    250000     4.00000000   1.1450000000e-02
    250000     6.00000000   1.3940000000e-02
    250000     8.00000000   2.1730000000e-02
    250000    10.00000000   2.9178000000e-02
    250000    12.00000000   4.5183000000e-02
    250000    14.00000000   6.3680000000e-02
    250000    16.00000000   8.5711000000e-02
    250000    18.00000000   1.1025500000e-01
    250000    20.00000000   1.3727800000e-01
    250000    22.00000000   1.6664900000e-01
    250000    24.00000000   1.9822700000e-01
    250000    26.00000000   2.3185700000e-01
    250000    28.00000000   2.6737600000e-01
    250000    30.00000000   3.0461200000e-01
    250000    32.00000000   3.4338300000e-01
    250000    34.00000000   3.8350300000e-01
    250000    36.00000000   4.2477500000e-01
    250000    38.00000000   4.6699900000e-01
    250000    40.00000000   5.0997200000e-01
    250000    42.00000000   5.5348300000e-01
    250000    44.00000000   5.9732200000e-01
    250000    46.00000000   6.4127600000e-01
    250000    48.00000000   6.8513200000e-01
    250000    50.00000000   7.2867700000e-01
    250000    52.00000000   7.7170000000e-01
    250000    54.00000000   8.1399200000e-01
    250000    56.00000000   8.5534800000e-01
    250000    58.00000000   8.9556800000e-01
    250000    60.00000000   9.3445700000e-01
    250000    62.00000000   9.7182700000e-01
    250000    64.00000000   1.0074960000e+00
    250000    66.00000000   1.0412920000e+00
    250000    68.00000000   1.0730510000e+00
    250000    70.00000000   1.1026200000e+00
    250000    72.00000000   1.1298560000e+00
    250000    74.00000000   1.1546270000e+00
    250000    76.00000000   1.1768140000e+00
    250000    78.00000000   1.1963100000e+00
    250000    80.00000000   1.2130220000e+00
    250000    82.00000000   1.2268680000e+00
    250000    84.00000000   1.2377840000e+00
    250000    86.00000000   1.2457160000e+00
    250000    88.00000000   1.2506270000e+00
    250000    90.00000000   1.2524960000e+00
     50000   -90.00000000   1.2524960000e+00
     50000   -88.00000000   1.2534180000e+00
     50000   -86.00000000   1.2512930000e+00
     50000   -84.00000000   1.2461410000e+00
     50000   -82.00000000   1.2379960000e+00
     50000   -80.00000000   1.2269060000e+00
     50000   -78.00000000   1.2129340000e+00
     50000   -76.00000000   1.1961580000e+00
     50000   -74.00000000   1.1766660000e+00
     50000   -72.00000000   1.1545640000e+00
     50000   -70.00000000   1.1299670000e+00
     50000   -68.00000000   1.1030030000e+00
     50000   -66.00000000   1.0738130000e+00
     50000   -64.00000000   1.0425470000e+00
     50000   -62.00000000   1.0093640000e+00
     50000   -60.00000000   9.7443600000e-01
     50000   -58.00000000   9.3793900000e-01
     50000   -56.00000000   9.0005900000e-01
     50000   -54.00000000   8.6098900000e-01
     50000   -52.00000000   8.2092600000e-01
     50000   -50.00000000   7.8007200000e-01
     50000   -48.00000000   7.3863300000e-01
     50000   -46.00000000   6.9681800000e-01
     50000   -44.00000000   6.5483800000e-01
     50000   -42.00000000   6.1290200000e-01
     50000   -40.00000000   5.7122200000e-01
     50000   -38.00000000   5.3000600000e-01
     50000   -36.00000000   4.8946100000e-01
     50000   -34.00000000   4.4979000000e-01
     50000   -32.00000000   4.1119100000e-01
     50000   -30.00000000   3.7385600000e-01
     50000   -28.00000000   3.3797400000e-01
     50000   -26.00000000   3.0372200000e-01
     50000   -24.00000000   2.7127100000e-01
     50000   -22.00000000   2.4078400000e-01
     50000   -20.00000000   2.1241300000e-01
     50000   -18.00000000   1.8629800000e-01
     50000   -16.00000000   1.6257100000e-01
     50000   -14.00000000   1.4134800000e-01
     50000   -12.00000000   1.2273700000e-01
     50000   -10.00000000   1.0683000000e-01
     50000    -8.00000000   9.3771000000e-02
     50000    -6.00000000   8.6631000000e-02
     50000    -4.00000000   6.2990000000e-02
     50000    -2.00000000   3.3660000000e-02
     50000     0.00000000   3.2740000000e-02
     50000     2.00000000   3.9540000000e-02
     50000     4.00000000   4.5790000000e-02
     50000     6.00000000   5.1073000000e-02
     50000     8.00000000   3.3811000000e-02
     50000    10.00000000   4.3441000000e-02
     50000    12.00000000   5.9221000000e-02
     50000    14.00000000   7.8343000000e-02
     50000    16.00000000   1.0015100000e-01
     50000    18.00000000   1.2454200000e-01
     50000    20.00000000   1.5139400000e-01
     50000    22.00000000   1.8057800000e-01
     50000    24.00000000   2.1195000000e-01
     50000    26.00000000   2.4535900000e-01
     50000    28.00000000   2.8064000000e-01
     50000    30.00000000   3.1762100000e-01
     50000    32.00000000   3.5612300000e-01
     50000    34.00000000   3.9595700000e-01
     50000    36.00000000   4.3692800000e-01
     50000    38.00000000   4.7883700000e-01
     50000    40.00000000   5.2147900000e-01
     50000    42.00000000   5.6464600000e-01
     50000    44.00000000   6.0812800000e-01
     50000    46.00000000   6.5171100000e-01
     50000    48.00000000   6.9518400000e-01
     50000    50.00000000   7.3833300000e-01
     50000    52.00000000   7.8094800000e-01
     50000    54.00000000   8.2282200000e-01
     50000    56.00000000   8.6374900000e-01
     50000    58.00000000   9.0352900000e-01
     50000    60.00000000   9.4196800000e-01
     50000    62.00000000   9.7887900000e-01
     50000    64.00000000   1.0140810000e+00
     50000    66.00000000   1.0474020000e+00
     50000    68.00000000   1.0786780000e+00
     50000    70.00000000   1.1077580000e+00
     50000    72.00000000   1.1344980000e+00
     50000    74.00000000   1.1587680000e+00
     50000    76.00000000   1.1804480000e+00
     50000    78.00000000   1.1994340000e+00
     50000    80.00000000   1.2156300000e+00
     50000    82.00000000   1.2289590000e+00
     50000    84.00000000   1.2393540000e+00
     50000    86.00000000   1.2467640000e+00
     50000    88.00000000   1.2511520000e+00
     50000    90.00000000   1.2524960000e+00
    100000   -90.00000000   1.2524960000e+00
    100000   -88.00000000   1.2535070000e+00
    100000   -86.00000000   1.2514720000e+00
    100000   -84.00000000   1.2464090000e+00
    100000   -82.00000000   1.2383520000e+00
    100000   -80.00000000   1.2273510000e+00
    100000   -78.00000000   1.2134660000e+00
    100000   -76.00000000   1.1967770000e+00
    100000   -74.00000000   1.1773720000e+00
    100000   -72.00000000   1.1553550000e+00
    100000   -70.00000000   1.1308420000e+00
    100000   -68.00000000   1.1039620000e+00
    100000   -66.00000000   1.0748540000e+00
    100000   -64.00000000   1.0436680000e+00
    100000   -62.00000000   1.0105660000e+00
    100000   -60.00000000   9.7571500000e-01
    100000   -58.00000000   9.3929500000e-01
    100000   -56.00000000   9.0149000000e-01
    100000   -54.00000000   8.6249300000e-01
    100000   -52.00000000   8.2250100000e-01
    100000   -50.00000000   7.8171700000e-01
    100000   -48.00000000   7.4034600000e-01
    100000   -46.00000000   6.9859600000e-01
    100000   -44.00000000   6.5667900000e-01
    100000   -42.00000000   6.1480400000e-01
    100000   -40.00000000   5.7318200000e-01
    100000   -38.00000000   5.3202300000e-01
    100000   -36.00000000   4.9153100000e-01
    100000   -34.00000000   4.5191100000e-01
    100000   -32.00000000   4.1336100000e-01
    100000   -30.00000000   3.7607200000e-01
    100000   -28.00000000   3.4023300000e-01
    100000   -26.00000000   3.0602100000e-01
    100000   -24.00000000   2.7360900000e-01
    100000   -22.00000000   2.4315700000e-01
    100000   -20.00000000   2.1481700000e-01
    100000   -18.00000000   1.8873200000e-01
    100000   -16.00000000   1.6503000000e-01
    100000   -14.00000000   1.4383100000e-01
    100000   -12.00000000   1.2524000000e-01
    100000   -10.00000000   1.0935000000e-01
    100000    -8.00000000   9.6908000000e-02
    100000    -6.00000000   8.2682000000e-02
    100000    -4.00000000   3.1143000000e-02
    100000    -2.00000000   2.3660000000e-02
    100000     0.00000000   1.9490000000e-02
    100000     2.00000000   1.7920000000e-02
    100000     4.00000000   1.8020000000e-02
    100000     6.00000000   1.9670000000e-02
    100000     8.00000000   2.3480000000e-02
    100000    10.00000000   3.7074000000e-02
    100000    12.00000000   6.2178000000e-02
    100000    14.00000000   6.5530000000e-02
    100000    16.00000000   8.6386000000e-02
    100000    18.00000000   1.1092300000e-01
    100000    20.00000000   1.3793800000e-01
    100000    22.00000000   1.6730100000e-01
    100000    24.00000000   1.9886800000e-01
    100000    26.00000000   2.3248800000e-01
    100000    28.00000000   2.6799600000e-01
    100000    30.00000000   3.0522000000e-01
    100000    32.00000000   3.4397900000e-01
    100000    34.00000000   3.8408500000e-01
    100000    36.00000000   4.2534300000e-01
    100000    38.00000000   4.6755300000e-01
    100000    40.00000000   5.1051000000e-01
    100000    42.00000000   5.5400500000e-01
    100000    44.00000000   5.9782700000e-01
    100000    46.00000000   6.4176400000e-01
    100000    48.00000000   6.8560200000e-01
    100000    50.00000000   7.2912800000e-01
    100000    52.00000000   7.7213200000e-01
    100000    54.00000000   8.1440500000e-01
    100000    56.00000000   8.5574100000e-01
    100000    58.00000000   8.9594100000e-01
    100000    60.00000000   9.3480900000e-01
    100000    62.00000000   9.7215700000e-01
    100000    64.00000000   1.0078040000e+00
    100000    66.00000000   1.0415770000e+00
    100000    68.00000000   1.0733140000e+00
    100000    70.00000000   1.1028600000e+00
    100000    72.00000000   1.1300730000e+00
    100000    74.00000000   1.1548210000e+00
    100000    76.00000000   1.1769840000e+00
    100000    78.00000000   1.1964560000e+00
    100000    80.00000000   1.2131440000e+00
    100000    82.00000000   1.2269660000e+00
    100000    84.00000000   1.2378570000e+00
    100000    86.00000000   1.2457650000e+00
    100000    88.00000000   1.2506520000e+00
    100000    90.00000000   1.2524960000e+00
    150000   -90.00000000   1.2524960000e+00
    150000   -88.00000000   1.2525330000e+00
    150000   -86.00000000   1.2495250000e+00
    150000   -84.00000000   1.2434910000e+00
    150000   -82.00000000   1.2344680000e+00
    150000   -80.00000000   1.2225040000e+00
    150000   -78.00000000   1.2076640000e+00
    150000   -76.00000000   1.1900250000e+00
    150000   -74.00000000   1.1696790000e+00
    150000   -72.00000000   1.1467300000e+00
    150000   -70.00000000   1.1212960000e+00
    150000   -68.00000000   1.0935070000e+00
    150000   -66.00000000   1.0635020000e+00
    150000   -64.00000000   1.0314340000e+00
    150000   -62.00000000   9.9746300000e-01
    150000   -60.00000000   9.6176100000e-01
    150000   -58.00000000   9.2450500000e-01
    150000   -56.00000000   8.8588400000e-01
    150000   -54.00000000   8.4608900000e-01
    150000   -52.00000000   8.0531900000e-01
    150000   -50.00000000   7.6377700000e-01
    150000   -48.00000000   7.2167000000e-01
    150000   -46.00000000   6.7920900000e-01
    150000   -44.00000000   6.3660200000e-01
    150000   -42.00000000   5.9406300000e-01
    150000   -40.00000000   5.5180200000e-01
    150000   -38.00000000   5.1003000000e-01
    150000   -36.00000000   4.6895200000e-01
    150000   -34.00000000   4.2877300000e-01
    150000   -32.00000000   3.8969200000e-01
    150000   -30.00000000   3.5190200000e-01
    150000   -28.00000000   3.1559000000e-01
    150000   -26.00000000   2.8093700000e-01
    150000   -24.00000000   2.4811200000e-01
    150000   -22.00000000   2.1727900000e-01
    150000   -20.00000000   1.8859100000e-01
    150000   -18.00000000   1.6218800000e-01
    150000   -16.00000000   1.3820200000e-01
    150000   -14.00000000   1.1675100000e-01
    150000   -12.00000000   9.7941000000e-02
    150000   -10.00000000   8.1864000000e-02
    150000    -8.00000000   7.2185000000e-02
    150000    -6.00000000   5.1704000000e-02
    150000    -4.00000000   2.2504000000e-02
    150000    -2.00000000   1.6770000000e-02
    150000     0.00000000   1.2680000000e-02
    150000     2.00000000   1.2570000000e-02
    150000     4.00000000   1.3840000000e-02
    150000     6.00000000   1.6040000000e-02
    150000     8.00000000   2.2916000000e-02
    150000    10.00000000   3.3211000000e-02
    150000    12.00000000   5.0051000000e-02
    150000    14.00000000   6.9328000000e-02
    150000    16.00000000   9.1221000000e-02
    150000    18.00000000   1.1570600000e-01
    150000    20.00000000   1.4266400000e-01
    150000    22.00000000   1.7196300000e-01
    150000    24.00000000   2.0346300000e-01
    150000    26.00000000   2.3700800000e-01
    150000    28.00000000   2.7243600000e-01
    150000    30.00000000   3.0957500000e-01
    150000    32.00000000   3.4824400000e-01
    150000    34.00000000   3.8825400000e-01
    150000    36.00000000   4.2941200000e-01
    150000    38.00000000   4.7151600000e-01
    150000    40.00000000   5.1436200000e-01
    150000    42.00000000   5.5774200000e-01
    150000    44.00000000   6.0144500000e-01
    150000    46.00000000   6.4525700000e-01
    150000    48.00000000   6.8896700000e-01
    150000    50.00000000   7.3236100000e-01
    150000    52.00000000   7.7522800000e-01
    150000    54.00000000   8.1736100000e-01
    150000    56.00000000   8.5855300000e-01
    150000    58.00000000   8.9860600000e-01
    150000    60.00000000   9.3732300000e-01
    150000    62.00000000   9.7451800000e-01
    150000    64.00000000   1.0100080000e+00
    150000    66.00000000   1.0436230000e+00
    150000    68.00000000   1.0751980000e+00
    150000    70.00000000   1.1045800000e+00
    150000    72.00000000   1.1316270000e+00
    150000    74.00000000   1.1562070000e+00
    150000    76.00000000   1.1782010000e+00
    150000    78.00000000   1.1975020000e+00
    150000    80.00000000   1.2140170000e+00
    150000    82.00000000   1.2276660000e+00
    150000    84.00000000   1.2383830000e+00
    150000    86.00000000   1.2461160000e+00
    150000    88.00000000   1.2508270000e+00
    150000    90.00000000   1.2524960000e+00
    200000   -90.00000000   1.2524960000e+00
    200000   -88.00000000   1.2520920000e+00
    200000   -86.00000000   1.2486440000e+00
    200000   -84.00000000   1.2421710000e+00
    200000   -82.00000000   1.2327100000e+00
    200000   -80.00000000   1.2203100000e+00
    200000   -78.00000000   1.2050370000e+00
    200000   -76.00000000   1.1869680000e+00
    200000   -74.00000000   1.1661960000e+00
    200000   -72.00000000   1.1428260000e+00
    200000   -70.00000000   1.1169750000e+00
    200000   -68.00000000   1.0887740000e+00
    200000   -66.00000000   1.0583630000e+00
    200000   -64.00000000   1.0258950000e+00
    200000   -62.00000000   9.9153200000e-01
    200000   -60.00000000   9.5544400000e-01
    200000   -58.00000000   9.1781000000e-01
    200000   -56.00000000   8.7881900000e-01
    200000   -54.00000000   8.3866200000e-01
    200000   -52.00000000   7.9754000000e-01
    200000   -50.00000000   7.5565600000e-01
    200000   -48.00000000   7.1321700000e-01
    200000   -46.00000000   6.7043200000e-01
    200000   -44.00000000   6.2751400000e-01
    200000   -42.00000000   5.8467400000e-01
    200000   -40.00000000   5.4212400000e-01
    200000   -38.00000000   5.0007400000e-01
    200000   -36.00000000   4.5873100000e-01
    200000   -34.00000000   4.1829900000e-01
    200000   -32.00000000   3.7897800000e-01
    200000   -30.00000000   3.4096100000e-01
    200000   -28.00000000   3.0443500000e-01
    200000   -26.00000000   2.6958100000e-01
    200000   -24.00000000   2.3657000000e-01
    200000   -22.00000000   2.0556500000e-01
    200000   -20.00000000   1.7671900000e-01
    200000   -18.00000000   1.5017300000e-01
    200000   -16.00000000   1.2605700000e-01
    200000   -14.00000000   1.0449200000e-01
    200000   -12.00000000   8.5583000000e-02
    200000   -10.00000000   7.0532000000e-02
    200000    -8.00000000   5.6090000000e-02
    200000    -6.00000000   3.1132000000e-02
    200000    -4.00000000   1.8130000000e-02
    200000    -2.00000000   1.3130000000e-02
    200000     0.00000000   1.0040000000e-02
    200000     2.00000000   1.0610000000e-02
    200000     4.00000000   1.2220000000e-02
    200000     6.00000000   1.4570000000e-02
    200000     8.00000000   2.2160000000e-02
    200000    10.00000000   3.0716000000e-02
    200000    12.00000000   4.8330000000e-02
    200000    14.00000000   6.6116000000e-02
    200000    16.00000000   8.9448000000e-02
    200000    18.00000000   1.1395200000e-01
    200000    20.00000000   1.4093100000e-01
    200000    22.00000000   1.7025400000e-01
    200000    24.00000000   2.0177800000e-01
    200000    26.00000000   2.3535100000e-01
    200000    28.00000000   2.7080800000e-01
    200000    30.00000000   3.0797800000e-01
    200000    32.00000000   3.4668000000e-01
    200000    34.00000000   3.8672500000e-01
    200000    36.00000000   4.2792000000e-01
    200000    38.00000000   4.7006300000e-01
    200000    40.00000000   5.1294900000e-01
    200000    42.00000000   5.5637200000e-01
    200000    44.00000000   6.0011800000e-01
    200000    46.00000000   6.4397600000e-01
    200000    48.00000000   6.8773300000e-01
    200000    50.00000000   7.3117500000e-01
    200000    52.00000000   7.7409300000e-01
    200000    54.00000000   8.1627700000e-01
    200000    56.00000000   8.5752200000e-01
    200000    58.00000000   8.9762800000e-01
    200000    60.00000000   9.3640100000e-01
    200000    62.00000000   9.7365200000e-01
    200000    64.00000000   1.0092000000e+00
    200000    66.00000000   1.0428730000e+00
    200000    68.00000000   1.0745070000e+00
    200000    70.00000000   1.1039500000e+00
    200000    72.00000000   1.1310570000e+00
    200000    74.00000000   1.1556990000e+00
    200000    76.00000000   1.1777550000e+00
    200000    78.00000000   1.1971190000e+00
    200000    80.00000000   1.2136970000e+00
    200000    82.00000000   1.2274090000e+00
    200000    84.00000000   1.2381900000e+00
    200000    86.00000000   1.2459870000e+00
    200000    88.00000000   1.2507630000e+00
    200000    90.00000000   1.2524960000e+00
    250000   -90.00000000   1.2524960000e+00
    250000   -88.00000000   1.2517540000e+00
    250000   -86.00000000   1.2479680000e+00
    250000   -84.00000000   1.2411590000e+00
    250000   -82.00000000   1.2313630000e+00
    250000   -80.00000000   1.2186290000e+00
    250000   -78.00000000   1.2030240000e+00
    250000   -76.00000000   1.1846270000e+00
    250000   -74.00000000   1.1635280000e+00
    250000   -72.00000000   1.1398350000e+00
    250000   -70.00000000   1.1136650000e+00
    250000   -68.00000000   1.0851480000e+00
    250000   -66.00000000   1.0544260000e+00
    250000   -64.00000000   1.0216520000e+00
    250000   -62.00000000   9.8698700000e-01
    250000   -60.00000000   9.5060400000e-01
    250000   -58.00000000   9.1268100000e-01
    250000   -56.00000000   8.7340600000e-01
    250000   -54.00000000   8.3297300000e-01
    250000   -52.00000000   7.9158100000e-01
    250000   -50.00000000   7.4943400000e-01
    250000   -48.00000000   7.0674000000e-01
    250000   -46.00000000   6.6370800000e-01
    250000   -44.00000000   6.2055100000e-01
    250000   -42.00000000   5.7748100000e-01
    250000   -40.00000000   5.3470900000e-01
    250000   -38.00000000   4.9244600000e-01
    250000   -36.00000000   4.5090000000e-01
    250000   -34.00000000   4.1027400000e-01
    250000   -32.00000000   3.7076900000e-01
    250000   -30.00000000   3.3257800000e-01
    250000   -28.00000000   2.9588900000e-01
    250000   -26.00000000   2.6088100000e-01
    250000   -24.00000000   2.2772800000e-01
    250000   -22.00000000   1.9659100000e-01
    250000   -20.00000000   1.6762300000e-01
    250000   -18.00000000   1.4096700000e-01
    250000   -16.00000000   1.1675300000e-01
    250000   -14.00000000   9.5100000000e-02
    250000   -12.00000000   7.6115000000e-02
    250000   -10.00000000   6.2828000000e-02
    250000    -8.00000000   4.3049000000e-02
    250000    -6.00000000   2.2947000000e-02
    250000    -4.00000000   1.5100000000e-02
    250000    -2.00000000   1.1250000000e-02
    250000     0.00000000   8.7600000000e-03
    250000     2.00000000   9.5900000000e-03
    250000     4.00000000   1.1340000000e-02
    250000     6.00000000   1.3880000000e-02
    250000     8.00000000   2.1455000000e-02
    250000    10.00000000   2.9338000000e-02
    250000    12.00000000   4.5165000000e-02
    250000    14.00000000   6.4931000000e-02
    250000    16.00000000   8.6864000000e-02
    250000    18.00000000   1.1139500000e-01
    250000    20.00000000   1.3840500000e-01
    250000    22.00000000   1.6776200000e-01
    250000    24.00000000   1.9932300000e-01
    250000    26.00000000   2.3293500000e-01
    250000    28.00000000   2.6843500000e-01
    250000    30.00000000   3.0565100000e-01
    250000    32.00000000   3.4440100000e-01
    250000    34.00000000   3.8449700000e-01
    250000    36.00000000   4.2574500000e-01
    250000    38.00000000   4.6794500000e-01
    250000    40.00000000   5.1089000000e-01
    250000    42.00000000   5.5437400000e-01
    250000    44.00000000   5.9818500000e-01
    250000    46.00000000   6.4210900000e-01
    250000    48.00000000   6.8593400000e-01
    250000    50.00000000   7.2944800000e-01
    250000    52.00000000   7.7243800000e-01
    250000    54.00000000   8.1469700000e-01
    250000    56.00000000   8.5601900000e-01
    250000    58.00000000   8.9620400000e-01
    250000    60.00000000   9.3505700000e-01
    250000    62.00000000   9.7239000000e-01
    250000    64.00000000   1.0080220000e+00
    250000    66.00000000   1.0417800000e+00
    250000    68.00000000   1.0735000000e+00
    250000    70.00000000   1.1030300000e+00
    250000    72.00000000   1.1302270000e+00
    250000    74.00000000   1.1549580000e+00
    250000    76.00000000   1.1771040000e+00
    250000    78.00000000   1.1965600000e+00
    250000    80.00000000   1.2132300000e+00
    250000    82.00000000   1.2270350000e+00
    250000    84.00000000   1.2379090000e+00
    250000    86.00000000   1.2457990000e+00
    250000    88.00000000   1.2506690000e+00
    250000    90.00000000   1.2524960000e+00
     50000   -90.00000000   1.2524960000e+00
     50000   -88.00000000   1.2536040000e+00
     50000   -86.00000000   1.2516650000e+00
     50000   -84.00000000   1.2466980000e+00
     50000   -82.00000000   1.2387370000e+00
     50000   -80.00000000   1.2278310000e+00
     50000   -78.00000000   1.2140410000e+00
     50000   -76.00000000   1.1974460000e+00
     50000   -74.00000000   1.1781340000e+00
     50000   -72.00000000   1.1562090000e+00
     50000   -70.00000000   1.1317880000e+00
     50000   -68.00000000   1.1049980000e+00
     50000   -66.00000000   1.0759790000e+00
     50000   -64.00000000   1.0448800000e+00
     50000   -62.00000000   1.0118640000e+00
     50000   -60.00000000   9.7709800000e-01
     50000   -58.00000000   9.4076000000e-01
     50000   -56.00000000   9.0303700000e-01
     50000   -54.00000000   8.6411900000e-01
     50000   -52.00000000   8.2420400000e-01
     50000   -50.00000000   7.8349400000e-01
     50000   -48.00000000   7.4219600000e-01
     50000   -46.00000000   7.0051700000e-01
     50000   -44.00000000   6.5866700000e-01
     50000   -42.00000000   6.1685900000e-01
     50000   -40.00000000   5.7530000000e-01
     50000   -38.00000000   5.3420100000e-01
     50000   -36.00000000   4.9376800000e-01
     50000   -34.00000000   4.5420300000e-01
     50000   -32.00000000   4.1570500000e-01
     50000   -30.00000000   3.7846700000e-01
     50000   -28.00000000   3.4267400000e-01
     50000   -26.00000000   3.0850700000e-01
     50000   -24.00000000   2.7613500000e-01
     50000   -22.00000000   2.4572000000e-01
     50000   -20.00000000   2.1741500000e-01
     50000   -18.00000000   1.9136100000e-01
     50000   -16.00000000   1.6768800000e-01
     50000   -14.00000000   1.4651400000e-01
     50000   -12.00000000   1.2794500000e-01
     50000   -10.00000000   1.1207300000e-01
     50000    -8.00000000   9.9095000000e-02
     50000    -6.00000000   8.9993000000e-02
     50000    -4.00000000   6.1600000000e-02
     50000    -2.00000000   3.2880000000e-02
     50000     0.00000000   3.1900000000e-02
     50000     2.00000000   3.8820000000e-02
     50000     4.00000000   4.5100000000e-02
     50000     6.00000000   5.1290000000e-02
     50000     8.00000000   3.7565000000e-02
     50000    10.00000000   5.0550000000e-02
     50000    12.00000000   6.7332000000e-02
     50000    14.00000000   9.2386000000e-02
     50000    16.00000000   1.0762000000e-01
     50000    18.00000000   1.3193100000e-01
     50000    20.00000000   1.5869500000e-01
     50000    22.00000000   1.8778200000e-01
     50000    24.00000000   2.1904800000e-01
     50000    26.00000000   2.5234200000e-01
     50000    28.00000000   2.8750000000e-01
     50000    30.00000000   3.2435000000e-01
     50000    32.00000000   3.6271200000e-01
     50000    34.00000000   4.0239800000e-01
     50000    36.00000000   4.4321400000e-01
     50000    38.00000000   4.8496000000e-01
     50000    40.00000000   5.2743100000e-01
     50000    42.00000000   5.7042000000e-01
     50000    44.00000000   6.1371700000e-01
     50000    46.00000000   6.5710800000e-01
     50000    48.00000000   7.0038200000e-01
     50000    50.00000000   7.4332700000e-01
     50000    52.00000000   7.8573200000e-01
     50000    54.00000000   8.2738900000e-01
     50000    56.00000000   8.6809300000e-01
     50000    58.00000000   9.0764600000e-01
     50000    60.00000000   9.4585300000e-01
     50000    62.00000000   9.8252700000e-01
     50000    64.00000000   1.0174870000e+00
     50000    66.00000000   1.0505620000e+00
     50000    68.00000000   1.0815890000e+00
     50000    70.00000000   1.1104150000e+00
     50000    72.00000000   1.1368990000e+00
     50000    74.00000000   1.1609090000e+00
     50000    76.00000000   1.1823280000e+00
     50000    78.00000000   1.2010490000e+00
     50000    80.00000000   1.2169800000e+00
     50000    82.00000000   1.2300400000e+00
     50000    84.00000000   1.2401660000e+00
     50000    86.00000000   1.2473060000e+00
     50000    88.00000000   1.2514230000e+00
     50000    90.00000000   1.2524960000e+00
    100000   -90.00000000   1.2524960000e+00
    100000   -88.00000000   1.2534950000e+00
    100000   -86.00000000   1.2514470000e+00
    100000   -84.00000000   1.2463720000e+00
    100000   -82.00000000   1.2383040000e+00
    100000   -80.00000000   1.2272900000e+00
    100000   -78.00000000   1.2133940000e+00
    100000   -76.00000000   1.1966920000e+00
    100000   -74.00000000   1.1772750000e+00
    100000   -72.00000000   1.1552470000e+00
    100000   -70.00000000   1.1307230000e+00
    100000   -68.00000000   1.1038310000e+00
    100000   -66.00000000   1.0747120000e+00
    100000   -64.00000000   1.0435150000e+00
    100000   -62.00000000   1.0104020000e+00
    100000   -60.00000000   9.7554100000e-01
    100000   -58.00000000   9.3911000000e-01
    100000   -56.00000000   9.0129500000e-01
    100000   -54.00000000   8.6228800000e-01
    100000   -52.00000000   8.2228600000e-01
    100000   -50.00000000   7.8149200000e-01
    100000   -48.00000000   7.4011200000e-01
    100000   -46.00000000   6.9835300000e-01
    100000   -44.00000000   6.5642700000e-01
    100000   -42.00000000   6.1454400000e-01
    100000   -40.00000000   5.7291500000e-01
    100000   -38.00000000   5.3174700000e-01
    100000   -36.00000000   4.9124900000e-01
    100000   -34.00000000   4.5162200000e-01
    100000   -32.00000000   4.1306400000e-01
    100000   -30.00000000   3.7577000000e-01
    100000   -28.00000000   3.3992400000e-01
    100000   -26.00000000   3.0570700000e-01
    100000   -24.00000000   2.7329000000e-01
    100000   -22.00000000   2.4283300000e-01
    100000   -20.00000000   2.1448900000e-01
    100000   -18.00000000   1.8839900000e-01
    100000   -16.00000000   1.6469400000e-01
    100000   -14.00000000   1.4349200000e-01
    100000   -12.00000000   1.2489800000e-01
    100000   -10.00000000   1.0900500000e-01
    100000    -8.00000000   9.5940000000e-02
    100000    -6.00000000   8.5943000000e-02
    100000    -4.00000000   4.0206000000e-02
    100000    -2.00000000   2.3190000000e-02
    100000     0.00000000   1.9110000000e-02
    100000     2.00000000   1.7760000000e-02
    100000     4.00000000   1.7910000000e-02
    100000     6.00000000   1.9450000000e-02
    100000     8.00000000   2.4320000000e-02
    100000    10.00000000   4.0436000000e-02
    100000    12.00000000   5.8235000000e-02
    100000    14.00000000   7.7402000000e-02
    100000    16.00000000   1.0012700000e-01
    100000    18.00000000   1.2451700000e-01
    100000    20.00000000   1.5137000000e-01
    100000    22.00000000   1.8055400000e-01
    100000    24.00000000   2.1192700000e-01
    100000    26.00000000   2.4533600000e-01
    100000    28.00000000   2.8061700000e-01
    100000    30.00000000   3.1759900000e-01
    100000    32.00000000   3.5610100000e-01
    100000    34.00000000   3.9593500000e-01
    100000    36.00000000   4.3690700000e-01
    100000    38.00000000   4.7881700000e-01
    100000    40.00000000   5.2146000000e-01
    100000    42.00000000   5.6462700000e-01
    100000    44.00000000   6.0810900000e-01
    100000    46.00000000   6.5169300000e-01
    100000    48.00000000   6.9516600000e-01
    100000    50.00000000   7.3831600000e-01
    100000    52.00000000   7.8093200000e-01
    100000    54.00000000   8.2280700000e-01
    100000    56.00000000   8.6373400000e-01
    100000    58.00000000   9.0351500000e-01
    100000    60.00000000   9.4195600000e-01
    100000    62.00000000   9.7886700000e-01
    100000    64.00000000   1.0140700000e+00
    100000    66.00000000   1.0473910000e+00
    100000    68.00000000   1.0786690000e+00
    100000    70.00000000   1.1077490000e+00
    100000    72.00000000   1.1344900000e+00
    100000    74.00000000   1.1587610000e+00
    100000    76.00000000   1.1804420000e+00
    100000    78.00000000   1.1994280000e+00
    100000    80.00000000   1.2156260000e+00
    100000    82.00000000   1.2289550000e+00
    100000    84.00000000   1.2393510000e+00
    100000    86.00000000   1.2467620000e+00
    100000    88.00000000   1.2511510000e+00
    100000    90.00000000   1.2524960000e+00
    150000   -90.00000000   1.2524960000e+00
    150000   -88.00000000   1.2524320000e+00
    150000   -86.00000000   1.2493220000e+00
    150000   -84.00000000   1.2431870000e+00
    150000   -82.00000000   1.2340630000e+00
    150000   -80.00000000   1.2219990000e+00
    150000   -78.00000000   1.2070590000e+00
    150000   -76.00000000   1.1893210000e+00
    150000   -74.00000000   1.1688770000e+00
    150000   -72.00000000   1.1458310000e+00
    150000   -70.00000000   1.1203020000e+00
    150000   -68.00000000   1.0924170000e+00
    150000   -66.00000000   1.0623190000e+00
    150000   -64.00000000   1.0301590000e+00
    150000   -62.00000000   9.9609700000e-01
    150000   -60.00000000   9.6030600000e-01
    150000   -58.00000000   9.2296400000e-01
    150000   -56.00000000   8.8425700000e-01
    150000   -54.00000000   8.4437900000e-01
    150000   -52.00000000   8.0352800000e-01
    150000   -50.00000000   7.6190700000e-01
    150000   -48.00000000   7.1972400000e-01
    150000   -46.00000000   6.7718800000e-01
    150000   -44.00000000   6.3451000000e-01
    150000   -42.00000000   5.9190200000e-01
    150000   -40.00000000   5.4957400000e-01
    150000   -38.00000000   5.0773800000e-01
    150000   -36.00000000   4.6659900000e-01
    150000   -34.00000000   4.2636200000e-01
    150000   -32.00000000   3.8722500000e-01
    150000   -30.00000000   3.4938300000e-01
    150000   -28.00000000   3.1302200000e-01
    150000   -26.00000000   2.7832200000e-01
    150000   -24.00000000   2.4545500000e-01
    150000   -22.00000000   2.1458300000e-01
    150000   -20.00000000   1.8585800000e-01
    150000   -18.00000000   1.5942200000e-01
    150000   -16.00000000   1.3540600000e-01
    150000   -14.00000000   1.1392900000e-01
    150000   -12.00000000   9.5095000000e-02
    150000   -10.00000000   7.9000000000e-02
    150000    -8.00000000   6.8796000000e-02
    150000    -6.00000000   4.8678000000e-02
    150000    -4.00000000   2.2519000000e-02
    150000    -2.00000000   1.6510000000e-02
    150000     0.00000000   1.2520000000e-02
    150000     2.00000000   1.2480000000e-02
    150000     4.00000000   1.3620000000e-02
    150000     6.00000000   1.5840000000e-02
    150000     8.00000000   2.2700000000e-02
    150000    10.00000000   3.5344000000e-02
    150000    12.00000000   5.0381000000e-02
    150000    14.00000000   7.1771000000e-02
    150000    16.00000000   9.3641000000e-02
    150000    18.00000000   1.1810000000e-01
    150000    20.00000000   1.4502900000e-01
    150000    22.00000000   1.7429800000e-01
    150000    24.00000000   2.0576300000e-01
    150000    26.00000000   2.3927100000e-01
    150000    28.00000000   2.7466000000e-01
    150000    30.00000000   3.1175600000e-01
    150000    32.00000000   3.5037900000e-01
    150000    34.00000000   3.9034100000e-01
    150000    36.00000000   4.3144800000e-01
    150000    38.00000000   4.7350000000e-01
    150000    40.00000000   5.1629100000e-01
    150000    42.00000000   5.5961300000e-01
    150000    44.00000000   6.0325600000e-01
    150000    46.00000000   6.4700600000e-01
    150000    48.00000000   6.9065200000e-01
    150000    50.00000000   7.3397900000e-01
    150000    52.00000000   7.7677800000e-01
    150000    54.00000000   8.1884100000e-01
    150000    56.00000000   8.5996100000e-01
    150000    58.00000000   8.9994000000e-01
    150000    60.00000000   9.3858200000e-01
    150000    62.00000000   9.7570000000e-01
    150000    64.00000000   1.0111120000e+00
    150000    66.00000000   1.0446470000e+00
    150000    68.00000000   1.0761410000e+00
    150000    70.00000000   1.1054410000e+00
    150000    72.00000000   1.1324050000e+00
    150000    74.00000000   1.1569010000e+00
    150000    76.00000000   1.1788100000e+00
    150000    78.00000000   1.1980260000e+00
    150000    80.00000000   1.2144540000e+00
    150000    82.00000000   1.2280160000e+00
    150000    84.00000000   1.2386460000e+00
    150000    86.00000000   1.2462910000e+00
    150000    88.00000000   1.2509150000e+00
    150000    90.00000000   1.2524960000e+00
    200000   -90.00000000   1.2524960000e+00
    200000   -88.00000000   1.2511070000e+00
    200000   -86.00000000   1.2466740000e+00
    200000   -84.00000000   1.2392200000e+00
    200000   -82.00000000   1.2287810000e+00
    200000   -80.00000000   1.2154080000e+00
    200000   -78.00000000   1.1991680000e+00
    200000   -76.00000000   1.1801390000e+00
    200000   -74.00000000   1.1584150000e+00
    200000   -72.00000000   1.1341030000e+00
    200000   -70.00000000   1.1073200000e+00
    200000   -68.00000000   1.0781990000e+00
    200000   -66.00000000   1.0468820000e+00
    200000   -64.00000000   1.0135200000e+00
    200000   -62.00000000   9.7827900000e-01
    200000   -60.00000000   9.4132900000e-01
    200000   -58.00000000   9.0285100000e-01
    200000   -56.00000000   8.6303300000e-01
    200000   -54.00000000   8.2207000000e-01
    200000   -52.00000000   7.8016100000e-01
    200000   -50.00000000   7.3751100000e-01
    200000   -48.00000000   6.9432800000e-01
    200000   -46.00000000   6.5082200000e-01
    200000   -44.00000000   6.0720800000e-01
    200000   -42.00000000   5.6369600000e-01
    200000   -40.00000000   5.2049900000e-01
    200000   -38.00000000   4.7782900000e-01
    200000   -36.00000000   4.3589300000e-01
    200000   -34.00000000   3.9489600000e-01
    200000   -32.00000000   3.5503800000e-01
    200000   -30.00000000   3.1651300000e-01
    200000   -28.00000000   2.7951000000e-01
    200000   -26.00000000   2.4420900000e-01
    200000   -24.00000000   2.1078200000e-01
    200000   -22.00000000   1.7939200000e-01
    200000   -20.00000000   1.5019200000e-01
    200000   -18.00000000   1.2332500000e-01
    200000   -16.00000000   9.8922000000e-02
    200000   -14.00000000   7.7101000000e-02
    200000   -12.00000000   5.7970000000e-02
    200000   -10.00000000   4.1942000000e-02
    200000    -8.00000000   3.8278000000e-02
    200000    -6.00000000   2.4062000000e-02
    200000    -4.00000000   1.7440000000e-02
    200000    -2.00000000   1.3010000000e-02
    200000     0.00000000   9.9200000000e-03
    200000     2.00000000   1.0520000000e-02
    200000     4.00000000   1.2100000000e-02
    200000     6.00000000   1.4450000000e-02
    200000     8.00000000   2.2220000000e-02
    200000    10.00000000   3.3599000000e-02
    200000    12.00000000   4.9660000000e-02
    200000    14.00000000   6.8895000000e-02
    200000    16.00000000   9.1703000000e-02
    200000    18.00000000   1.1618200000e-01
    200000    20.00000000   1.4313500000e-01
    200000    22.00000000   1.7242800000e-01
    200000    24.00000000   2.0392100000e-01
    200000    26.00000000   2.3745900000e-01
    200000    28.00000000   2.7287900000e-01
    200000    30.00000000   3.1000900000e-01
    200000    32.00000000   3.4866900000e-01
    200000    34.00000000   3.8867000000e-01
    200000    36.00000000   4.2981700000e-01
    200000    38.00000000   4.7191100000e-01
    200000    40.00000000   5.1474600000e-01
    200000    42.00000000   5.5811500000e-01
    200000    44.00000000   6.0180500000e-01
    200000    46.00000000   6.4560600000e-01
    200000    48.00000000   6.8930200000e-01
    200000    50.00000000   7.3268300000e-01
    200000    52.00000000   7.7553700000e-01
    200000    54.00000000   8.1765500000e-01
    200000    56.00000000   8.5883400000e-01
    200000    58.00000000   8.9887100000e-01
    200000    60.00000000   9.3757400000e-01
    200000    62.00000000   9.7475300000e-01
    200000    64.00000000   1.0102280000e+00
    200000    66.00000000   1.0438270000e+00
    200000    68.00000000   1.0753860000e+00
    200000    70.00000000   1.1047520000e+00
    200000    72.00000000   1.1317820000e+00
    200000    74.00000000   1.1563450000e+00
    200000    76.00000000   1.1783220000e+00
    200000    78.00000000   1.1976060000e+00
    200000    80.00000000   1.2141040000e+00
    200000    82.00000000   1.2277360000e+00
    200000    84.00000000   1.2384350000e+00
    200000    86.00000000   1.2461510000e+00
    200000    88.00000000   1.2508450000e+00
    200000    90.00000000   1.2524960000e+00
    250000   -90.00000000   1.2524960000e+00
    250000   -88.00000000   1.2518440000e+00
    250000   -86.00000000   1.2481480000e+00
    250000   -84.00000000   1.2414280000e+00
    250000   -82.00000000   1.2317200000e+00
    250000   -80.00000000   1.2190750000e+00
    250000   -78.00000000   1.2035590000e+00
    250000   -76.00000000   1.1852480000e+00
    250000   -74.00000000   1.1642360000e+00
    250000   -72.00000000   1.1406290000e+00
    250000   -70.00000000   1.1145430000e+00
    250000   -68.00000000   1.0861100000e+00
    250000   -66.00000000   1.0554710000e+00
    250000   -64.00000000   1.0227780000e+00
    250000   -62.00000000   9.8819300000e-01
    250000   -60.00000000   9.5188800000e-01
    250000   -58.00000000   9.1404200000e-01
    250000   -56.00000000   8.7484300000e-01
    250000   -54.00000000   8.3448300000e-01
    250000   -52.00000000   7.9316300000e-01
    250000   -50.00000000   7.5108500000e-01
    250000   -48.00000000   7.0845900000e-01
    250000   -46.00000000   6.6549300000e-01
    250000   -44.00000000   6.2239900000e-01
    250000   -42.00000000   5.7939000000e-01
    250000   -40.00000000   5.3667700000e-01
    250000   -38.00000000   4.9447100000e-01
    250000   -36.00000000   4.5297800000e-01
    250000   -34.00000000   4.1240400000e-01
    250000   -32.00000000   3.7294800000e-01
    250000   -30.00000000   3.3480300000e-01
    250000   -28.00000000   2.9815700000e-01
    250000   -26.00000000   2.6319000000e-01
    250000   -24.00000000   2.3007400000e-01
    250000   -22.00000000   1.9897200000e-01
    250000   -20.00000000   1.7003700000e-01
    250000   -18.00000000   1.4341000000e-01
    250000   -16.00000000   1.1922200000e-01
    250000   -14.00000000   9.7593000000e-02
    250000   -12.00000000   7.8627000000e-02
    250000   -10.00000000   6.3645000000e-02
    250000    -8.00000000   5.0515000000e-02
    250000    -6.00000000   2.3282000000e-02
    250000    -4.00000000   1.4930000000e-02
    250000    -2.00000000   1.1120000000e-02
    250000     0.00000000   8.8200000000e-03
    250000     2.00000000   9.5000000000e-03
    250000     4.00000000   1.1240000000e-02
    250000     6.00000000   1.3810000000e-02
    250000     8.00000000   2.0674000000e-02
    250000    10.00000000   3.0916000000e-02
    250000    12.00000000   4.5755000000e-02
    250000    14.00000000   6.6600000000e-02
    250000    16.00000000   8.8518000000e-02
    250000    18.00000000   1.1303200000e-01
    250000    20.00000000   1.4002200000e-01
    250000    22.00000000   1.6935700000e-01
    250000    24.00000000   2.0089400000e-01
    250000    26.00000000   2.3448100000e-01
    250000    28.00000000   2.6995400000e-01
    250000    30.00000000   3.0714000000e-01
    250000    32.00000000   3.4586000000e-01
    250000    34.00000000   3.8592300000e-01
    250000    36.00000000   4.2713700000e-01
    250000    38.00000000   4.6930000000e-01
    250000    40.00000000   5.1220800000e-01
    250000    42.00000000   5.5565300000e-01
    250000    44.00000000   5.9942200000e-01
    250000    46.00000000   6.4330400000e-01
    250000    48.00000000   6.8708600000e-01
    250000    50.00000000   7.3055400000e-01
    250000    52.00000000   7.7349700000e-01
    250000    54.00000000   8.1570800000e-01
    250000    56.00000000   8.5698100000e-01
    250000    58.00000000   8.9711600000e-01
    250000    60.00000000   9.3591700000e-01
    250000    62.00000000   9.7319800000e-01
    250000    64.00000000   1.0087760000e+00
    250000    66.00000000   1.0424790000e+00
    250000    68.00000000   1.0741450000e+00
    250000    70.00000000   1.1036190000e+00
    250000    72.00000000   1.1307580000e+00
    250000    74.00000000   1.1554320000e+00
    250000    76.00000000   1.1775210000e+00
    250000    78.00000000   1.1969180000e+00
    250000    80.00000000   1.2135290000e+00
    250000    82.00000000   1.2272750000e+00
    250000    84.00000000   1.2380890000e+00
    250000    86.00000000   1.2459190000e+00
    250000    88.00000000   1.2507290000e+00
    250000    90.00000000   1.2524960000e+00
     50000   -90.00000000   1.2524960000e+00
     50000   -88.00000000   1.2536370000e+00
     50000   -86.00000000   1.2517310000e+00
     50000   -84.00000000   1.2467970000e+00
     50000   -82.00000000   1.2388690000e+00
     50000   -80.00000000   1.2279950000e+00
     50000   -78.00000000   1.2142380000e+00
     50000   -76.00000000   1.1976750000e+00
     50000   -74.00000000   1.1783950000e+00
     50000   -72.00000000   1.1565020000e+00
     50000   -70.00000000   1.1321120000e+00
     50000   -68.00000000   1.1053530000e+00
     50000   -66.00000000   1.0763640000e+00
     50000   -64.00000000   1.0452960000e+00
     50000   -62.00000000   1.0123090000e+00
     50000   -60.00000000   9.7757200000e-01
     50000   -58.00000000   9.4126300000e-01
     50000   -56.00000000   9.0356700000e-01
     50000   -54.00000000   8.6467600000e-01
     50000   -52.00000000   8.2478700000e-01
     50000   -50.00000000   7.8410300000e-01
     50000   -48.00000000   7.4283000000e-01
     50000   -46.00000000   7.0117500000e-01
     50000   -44.00000000   6.5934900000e-01
     50000   -42.00000000   6.1756300000e-01
     50000   -40.00000000   5.7602700000e-01
     50000   -38.00000000   5.3494900000e-01
     50000   -36.00000000   4.9453500000e-01
     50000   -34.00000000   4.5498900000e-01
     50000   -32.00000000   4.1650900000e-01
     50000   -30.00000000   3.7928800000e-01
     50000   -28.00000000   3.4351100000e-01
     50000   -26.00000000   3.0935900000e-01
     50000   -24.00000000   2.7700100000e-01
     50000   -22.00000000   2.4659900000e-01
     50000   -20.00000000   2.1830600000e-01
     50000   -18.00000000   1.9226300000e-01
     50000   -16.00000000   1.6860000000e-01
     50000   -14.00000000   1.4743400000e-01
     50000   -12.00000000   1.2887200000e-01
     50000   -10.00000000   1.1300600000e-01
     50000    -8.00000000   1.0044800000e-01
     50000    -6.00000000   8.5220000000e-02
     50000    -4.00000000   5.9736000000e-02
     50000    -2.00000000   3.2170000000e-02
     50000     0.00000000   3.1070000000e-02
     50000     2.00000000   3.8140000000e-02
     50000     4.00000000   4.4590000000e-02
     50000     6.00000000   5.1650000000e-02
     50000     8.00000000   3.5640000000e-02
     50000    10.00000000   5.3250000000e-02
     50000    12.00000000   6.9311000000e-02
     50000    14.00000000   9.2968000000e-02
     50000    16.00000000   1.1243900000e-01
     50000    18.00000000   1.3669900000e-01
     50000    20.00000000   1.6340600000e-01
     50000    22.00000000   1.9243000000e-01
     50000    24.00000000   2.2362800000e-01
     50000    26.00000000   2.5684800000e-01
     50000    28.00000000   2.9192600000e-01
     50000    30.00000000   3.2869100000e-01
     50000    32.00000000   3.6696300000e-01
     50000    34.00000000   4.0655400000e-01
     50000    36.00000000   4.4726900000e-01
     50000    38.00000000   4.8891000000e-01
     50000    40.00000000   5.3127100000e-01
     50000    42.00000000   5.7414600000e-01
     50000    44.00000000   6.1732300000e-01
     50000    46.00000000   6.6059100000e-01
     50000    48.00000000   7.0373700000e-01
     50000    50.00000000   7.4654900000e-01
     50000    52.00000000   7.8881800000e-01
     50000    54.00000000   8.3033500000e-01
     50000    56.00000000   8.7089700000e-01
     50000    58.00000000   9.1030300000e-01
     50000    60.00000000   9.4836000000e-01
     50000    62.00000000   9.8488100000e-01
     50000    64.00000000   1.0196850000e+00
     50000    66.00000000   1.0526010000e+00
     50000    68.00000000   1.0834670000e+00
     50000    70.00000000   1.1121300000e+00
     50000    72.00000000   1.1384480000e+00
     50000    74.00000000   1.1622910000e+00
     50000    76.00000000   1.1835410000e+00
     50000    78.00000000   1.2020910000e+00
     50000    80.00000000   1.2178500000e+00
     50000    82.00000000   1.2307380000e+00
     50000    84.00000000   1.2406900000e+00
     50000    86.00000000   1.2476550000e+00
     50000    88.00000000   1.2515980000e+00
     50000    90.00000000   1.2524960000e+00
    100000   -90.00000000   1.2524960000e+00
    100000   -88.00000000   1.2527120000e+00
    100000   -86.00000000   1.2498820000e+00
    100000   -84.00000000   1.2440260000e+00
    100000   -82.00000000   1.2351800000e+00
    100000   -80.00000000   1.2233920000e+00
    100000   -78.00000000   1.2087270000e+00
    100000   -76.00000000   1.1912620000e+00
    100000   -74.00000000   1.1710890000e+00
    100000   -72.00000000   1.1483110000e+00
    100000   -70.00000000   1.1230460000e+00
    100000   -68.00000000   1.0954230000e+00
    100000   -66.00000000   1.0655830000e+00
    100000   -64.00000000   1.0336760000e+00
    100000   -62.00000000   9.9986400000e-01
    100000   -60.00000000   9.6431800000e-01
    100000   -58.00000000   9.2721600000e-01
    100000   -56.00000000   8.8874400000e-01
    100000   -54.00000000   8.4909500000e-01
    100000   -52.00000000   8.0846800000e-01
    100000   -50.00000000   7.6706500000e-01
    100000   -48.00000000   7.2509300000e-01
    100000   -46.00000000   6.8276200000e-01
    100000   -44.00000000   6.4028200000e-01
    100000   -42.00000000   5.9786400000e-01
    100000   -40.00000000   5.5572100000e-01
    100000   -38.00000000   5.1406000000e-01
    100000   -36.00000000   4.7309000000e-01
    100000   -34.00000000   4.3301400000e-01
    100000   -32.00000000   3.9403000000e-01
    100000   -30.00000000   3.5633200000e-01
    100000   -28.00000000   3.2010700000e-01
    100000   -26.00000000   2.8553400000e-01
    100000   -24.00000000   2.5278500000e-01
    100000   -22.00000000   2.2202200000e-01
    100000   -20.00000000   1.9339700000e-01
    100000   -18.00000000   1.6705300000e-01
    100000   -16.00000000   1.4311900000e-01
    100000   -14.00000000   1.2171400000e-01
    100000   -12.00000000   1.0294400000e-01
    100000   -10.00000000   8.6901000000e-02
    100000    -8.00000000   7.6090000000e-02
    100000    -6.00000000   5.8651000000e-02
    100000    -4.00000000   3.1044000000e-02
    100000    -2.00000000   2.2750000000e-02
    100000     0.00000000   1.8840000000e-02
    100000     2.00000000   1.7590000000e-02
    100000     4.00000000   1.7780000000e-02
    100000     6.00000000   1.9220000000e-02
    100000     8.00000000   2.3440000000e-02
    100000    10.00000000   4.2168000000e-02
    100000    12.00000000   6.3460000000e-02
    100000    14.00000000   8.1133000000e-02
    100000    16.00000000   1.0431700000e-01
    100000    18.00000000   1.2866300000e-01
    100000    20.00000000   1.5546600000e-01
    100000    22.00000000   1.8459500000e-01
    100000    24.00000000   2.1590900000e-01
    100000    26.00000000   2.4925300000e-01
    100000    28.00000000   2.8446600000e-01
    100000    30.00000000   3.2137400000e-01
    100000    32.00000000   3.5979800000e-01
    100000    34.00000000   3.9954900000e-01
    100000    36.00000000   4.4043400000e-01
    100000    38.00000000   4.8225200000e-01
    100000    40.00000000   5.2479900000e-01
    100000    42.00000000   5.6786700000e-01
    100000    44.00000000   6.1124500000e-01
    100000    46.00000000   6.5472100000e-01
    100000    48.00000000   6.9808300000e-01
    100000    50.00000000   7.4111800000e-01
    100000    52.00000000   7.8361600000e-01
    100000    54.00000000   8.2536900000e-01
    100000    56.00000000   8.6617200000e-01
    100000    58.00000000   9.0582500000e-01
    100000    60.00000000   9.4413500000e-01
    100000    62.00000000   9.8091400000e-01
    100000    64.00000000   1.0159810000e+00
    100000    66.00000000   1.0491640000e+00
    100000    68.00000000   1.0803020000e+00
    100000    70.00000000   1.1092400000e+00
    100000    72.00000000   1.1358370000e+00
    100000    74.00000000   1.1599620000e+00
    100000    76.00000000   1.1814970000e+00
    100000    78.00000000   1.2003350000e+00
    100000    80.00000000   1.2163830000e+00
    100000    82.00000000   1.2295620000e+00
    100000    84.00000000   1.2398070000e+00
    100000    86.00000000   1.2470660000e+00
    100000    88.00000000   1.2513030000e+00
    100000    90.00000000   1.2524960000e+00
    150000   -90.00000000   1.2524960000e+00
    150000   -88.00000000   1.2523940000e+00
    150000   -86.00000000   1.2492460000e+00
    150000   -84.00000000   1.2430740000e+00
    150000   -82.00000000   1.2339120000e+00
    150000   -80.00000000   1.2218100000e+00
    150000   -78.00000000   1.2068330000e+00
    150000   -76.00000000   1.1890580000e+00
    150000   -74.00000000   1.1685770000e+00
    150000   -72.00000000   1.1454950000e+00
    150000   -70.00000000   1.1199290000e+00
    150000   -68.00000000   1.0920100000e+00
    150000   -66.00000000   1.0618760000e+00
    150000   -64.00000000   1.0296820000e+00
    150000   -62.00000000   9.9558600000e-01
    150000   -60.00000000   9.5976200000e-01
    150000   -58.00000000   9.2238700000e-01
    150000   -56.00000000   8.8364900000e-01
    150000   -54.00000000   8.4373900000e-01
    150000   -52.00000000   8.0285800000e-01
    150000   -50.00000000   7.6120800000e-01
    150000   -48.00000000   7.1899600000e-01
    150000   -46.00000000   6.7643200000e-01
    150000   -44.00000000   6.3372700000e-01
    150000   -42.00000000   5.9109300000e-01
    150000   -40.00000000   5.4874000000e-01
    150000   -38.00000000   5.0688000000e-01
    150000   -36.00000000   4.6571800000e-01
    150000   -34.00000000   4.2546000000e-01
    150000   -32.00000000   3.8630200000e-01
    150000   -30.00000000   3.4844100000e-01
    150000   -28.00000000   3.1206100000e-01
    150000   -26.00000000   2.7734400000e-01
    150000   -24.00000000   2.4446100000e-01
    150000   -22.00000000   2.1357300000e-01
    150000   -20.00000000   1.8483500000e-01
    150000   -18.00000000   1.5838700000e-01
    150000   -16.00000000   1.3436000000e-01
    150000   -14.00000000   1.1287200000e-01
    150000   -12.00000000   9.4031000000e-02
    150000   -10.00000000   7.8715000000e-02
    150000    -8.00000000   6.9912000000e-02
    150000    -6.00000000   3.0927000000e-02
    150000    -4.00000000   2.1680000000e-02
    150000    -2.00000000   1.6280000000e-02
    150000     0.00000000   1.2380000000e-02
    150000     2.00000000   1.2390000000e-02
    150000     4.00000000   1.3560000000e-02
    150000     6.00000000   1.5670000000e-02
    150000     8.00000000   2.2180000000e-02
    150000    10.00000000   3.7132000000e-02
    150000    12.00000000   5.1814000000e-02
    150000    14.00000000   7.3150000000e-02
    150000    16.00000000   9.5007000000e-02
    150000    18.00000000   1.1945200000e-01
    150000    20.00000000   1.4636500000e-01
    150000    22.00000000   1.7561600000e-01
    150000    24.00000000   2.0706100000e-01
    150000    26.00000000   2.4054900000e-01
    150000    28.00000000   2.7591400000e-01
    150000    30.00000000   3.1298700000e-01
    150000    32.00000000   3.5158400000e-01
    150000    34.00000000   3.9152000000e-01
    150000    36.00000000   4.3259800000e-01
    150000    38.00000000   4.7462000000e-01
    150000    40.00000000   5.1738000000e-01
    150000    42.00000000   5.6066900000e-01
    150000    44.00000000   6.0427800000e-01
    150000    46.00000000   6.4799400000e-01
    150000    48.00000000   6.9160300000e-01
    150000    50.00000000   7.3489300000e-01
    150000    52.00000000   7.7765300000e-01
    150000    54.00000000   8.1967600000e-01
    150000    56.00000000   8.6075600000e-01
    150000    58.00000000   9.0069300000e-01
    150000    60.00000000   9.3929300000e-01
    150000    62.00000000   9.7636700000e-01
    150000    64.00000000   1.0117350000e+00
    150000    66.00000000   1.0452250000e+00
    150000    68.00000000   1.0766740000e+00
    150000    70.00000000   1.1059280000e+00
    150000    72.00000000   1.1328440000e+00
    150000    74.00000000   1.1572930000e+00
    150000    76.00000000   1.1791540000e+00
    150000    78.00000000   1.1983210000e+00
    150000    80.00000000   1.2147010000e+00
    150000    82.00000000   1.2282140000e+00
    150000    84.00000000   1.2387940000e+00
    150000    86.00000000   1.2463900000e+00
    150000    88.00000000   1.2509650000e+00
    150000    90.00000000   1.2524960000e+00
    200000   -90.00000000   1.2524960000e+00
    200000   -88.00000000   1.2523780000e+00
    200000   -86.00000000   1.2492150000e+00
    200000   -84.00000000   1.2430270000e+00
    200000   -82.00000000   1.2338490000e+00
    200000   -80.00000000   1.2217320000e+00
    200000   -78.00000000   1.2067400000e+00
    200000   -76.00000000   1.1889490000e+00
    200000   -74.00000000   1.1684530000e+00
    200000   -72.00000000   1.1453570000e+00
    200000   -70.00000000   1.1197760000e+00
    200000   -68.00000000   1.0918420000e+00
    200000   -66.00000000   1.0616940000e+00
    200000   -64.00000000   1.0294850000e+00
    200000   -62.00000000   9.9537600000e-01
    200000   -60.00000000   9.5953800000e-01
    200000   -58.00000000   9.2215000000e-01
    200000   -56.00000000   8.8339800000e-01
    200000   -54.00000000   8.4347600000e-01
    200000   -52.00000000   8.0258200000e-01
    200000   -50.00000000   7.6092000000e-01
    200000   -48.00000000   7.1869600000e-01
    200000   -46.00000000   6.7612100000e-01
    200000   -44.00000000   6.3340500000e-01
    200000   -42.00000000   5.9076000000e-01
    200000   -40.00000000   5.4839700000e-01
    200000   -38.00000000   5.0652700000e-01
    200000   -36.00000000   4.6535600000e-01
    200000   -34.00000000   4.2508800000e-01
    200000   -32.00000000   3.8592200000e-01
    200000   -30.00000000   3.4805300000e-01
    200000   -28.00000000   3.1166600000e-01
    200000   -26.00000000   2.7694100000e-01
    200000   -24.00000000   2.4405100000e-01
    200000   -22.00000000   2.1315800000e-01
    200000   -20.00000000   1.8441400000e-01
    200000   -18.00000000   1.5796100000e-01
    200000   -16.00000000   1.3392900000e-01
    200000   -14.00000000   1.1243800000e-01
    200000   -12.00000000   9.3593000000e-02
    200000   -10.00000000   7.8442000000e-02
    200000    -8.00000000   6.6798000000e-02
    200000    -6.00000000   2.6781000000e-02
    200000    -4.00000000   1.7460000000e-02
    200000    -2.00000000   1.2850000000e-02
    200000     0.00000000   9.8200000000e-03
    200000     2.00000000   1.0440000000e-02
    200000     4.00000000   1.1990000000e-02
    200000     6.00000000   1.4340000000e-02
    200000     8.00000000   2.4521000000e-02
    200000    10.00000000   3.4124000000e-02
    200000    12.00000000   4.9910000000e-02
    200000    14.00000000   7.0554000000e-02
    200000    16.00000000   9.2435000000e-02
    200000    18.00000000   1.1690700000e-01
    200000    20.00000000   1.4385100000e-01
    200000    22.00000000   1.7313500000e-01
    200000    24.00000000   2.0461700000e-01
    200000    26.00000000   2.3814400000e-01
    200000    28.00000000   2.7355200000e-01
    200000    30.00000000   3.1067000000e-01
    200000    32.00000000   3.4931500000e-01
    200000    34.00000000   3.8930200000e-01
    200000    36.00000000   4.3043400000e-01
    200000    38.00000000   4.7251200000e-01
    200000    40.00000000   5.1533000000e-01
    200000    42.00000000   5.5868100000e-01
    200000    44.00000000   6.0235400000e-01
    200000    46.00000000   6.4613500000e-01
    200000    48.00000000   6.8981200000e-01
    200000    50.00000000   7.3317300000e-01
    200000    52.00000000   7.7600600000e-01
    200000    54.00000000   8.1810300000e-01
    200000    56.00000000   8.5926000000e-01
    200000    58.00000000   8.9927500000e-01
    200000    60.00000000   9.3795500000e-01
    200000    62.00000000   9.7511100000e-01
    200000    64.00000000   1.0105620000e+00
    200000    66.00000000   1.0441370000e+00
    200000    68.00000000   1.0756710000e+00
    200000    70.00000000   1.1050120000e+00
    200000    72.00000000   1.1320170000e+00
    200000    74.00000000   1.1565550000e+00
    200000    76.00000000   1.1785070000e+00
    200000    78.00000000   1.1977650000e+00
    200000    80.00000000   1.2142360000e+00
    200000    82.00000000   1.2278420000e+00
    200000    84.00000000   1.2385150000e+00
    200000    86.00000000   1.2462040000e+00
    200000    88.00000000   1.2508720000e+00
    200000    90.00000000   1.2524960000e+00
    250000   -90.00000000   1.2524960000e+00
    250000   -88.00000000   1.2515430000e+00
    250000   -86.00000000   1.2475460000e+00
    250000   -84.00000000   1.2405270000e+00
    250000   -82.00000000   1.2305210000e+00
    250000   -80.00000000   1.2175790000e+00
    250000   -78.00000000   1.2017670000e+00
    250000   -76.00000000   1.1831630000e+00
    250000   -74.00000000   1.1618610000e+00
    250000   -72.00000000   1.1379650000e+00
    250000   -70.00000000   1.1115960000e+00
    250000   -68.00000000   1.0828820000e+00
    250000   -66.00000000   1.0519660000e+00
    250000   -64.00000000   1.0190000000e+00
    250000   -62.00000000   9.8414700000e-01
    250000   -60.00000000   9.4757900000e-01
    250000   -58.00000000   9.0947500000e-01
    250000   -56.00000000   8.7002300000e-01
    250000   -54.00000000   8.2941700000e-01
    250000   -52.00000000   7.8785600000e-01
    250000   -50.00000000   7.4554500000e-01
    250000   -48.00000000   7.0269200000e-01
    250000   -46.00000000   6.5950600000e-01
    250000   -44.00000000   6.1619900000e-01
    250000   -42.00000000   5.7298500000e-01
    250000   -40.00000000   5.3007500000e-01
    250000   -38.00000000   4.8767900000e-01
    250000   -36.00000000   4.4600600000e-01
    250000   -34.00000000   4.0525900000e-01
    250000   -32.00000000   3.6563800000e-01
    250000   -30.00000000   3.2733900000e-01
    250000   -28.00000000   2.9054700000e-01
    250000   -26.00000000   2.5544400000e-01
    250000   -24.00000000   2.2220100000e-01
    250000   -22.00000000   1.9098100000e-01
    250000   -20.00000000   1.6193800000e-01
    250000   -18.00000000   1.3521300000e-01
    250000   -16.00000000   1.1093700000e-01
    250000   -14.00000000   8.9230000000e-02
    250000   -12.00000000   7.0197000000e-02
    250000   -10.00000000   5.3292000000e-02
    250000    -8.00000000   3.9869000000e-02
    250000    -6.00000000   1.9417000000e-02
    250000    -4.00000000   1.4710000000e-02
    250000    -2.00000000   1.1070000000e-02
    250000     0.00000000   8.5200000000e-03
    250000     2.00000000   9.4200000000e-03
    250000     4.00000000   1.1150000000e-02
    250000     6.00000000   1.3710000000e-02
    250000     8.00000000   2.0690000000e-02
    250000    10.00000000   3.2890000000e-02
    250000    12.00000000   4.8728000000e-02
    250000    14.00000000   6.8568000000e-02
    250000    16.00000000   9.0468000000e-02
    250000    18.00000000   1.1496000000e-01
    250000    20.00000000   1.4192700000e-01
    250000    22.00000000   1.7123700000e-01
    250000    24.00000000   2.0274700000e-01
    250000    26.00000000   2.3630400000e-01
    250000    28.00000000   2.7174500000e-01
    250000    30.00000000   3.0889700000e-01
    250000    32.00000000   3.4757900000e-01
    250000    34.00000000   3.8760500000e-01
    250000    36.00000000   4.2877800000e-01
    250000    38.00000000   4.7089800000e-01
    250000    40.00000000   5.1376200000e-01
    250000    42.00000000   5.5716000000e-01
    250000    44.00000000   6.0088100000e-01
    250000    46.00000000   6.4471300000e-01
    250000    48.00000000   6.8844300000e-01
    250000    50.00000000   7.3185700000e-01
    250000    52.00000000   7.7474600000e-01
    250000    54.00000000   8.1690000000e-01
    250000    56.00000000   8.5811500000e-01
    250000    58.00000000   8.9819000000e-01
    250000    60.00000000   9.3693100000e-01
    250000    62.00000000   9.7415000000e-01
    250000    64.00000000   1.0096650000e+00
    250000    66.00000000   1.0433040000e+00
    250000    68.00000000   1.0749050000e+00
    250000    70.00000000   1.1043120000e+00
    250000    72.00000000   1.1313850000e+00
    250000    74.00000000   1.1559910000e+00
    250000    76.00000000   1.1780110000e+00
    250000    78.00000000   1.1973390000e+00
    250000    80.00000000   1.2138810000e+00
    250000    82.00000000   1.2275570000e+00
    250000    84.00000000   1.2383010000e+00
    250000    86.00000000   1.2460610000e+00
    250000    88.00000000   1.2508000000e+00
    250000    90.00000000   1.2524960000e+00
     50000   -90.00000000   1.2524960000e+00
     50000   -88.00000000   1.2535560000e+00
     50000   -86.00000000   1.2515700000e+00
     50000   -84.00000000   1.2465560000e+00
     50000   -82.00000000   1.2385480000e+00
     50000   -80.00000000   1.2275950000e+00
     50000   -78.00000000   1.2137590000e+00
     50000   -76.00000000   1.1971180000e+00
     50000   -74.00000000   1.1777600000e+00
     50000   -72.00000000   1.1557900000e+00
     50000   -70.00000000   1.1313240000e+00
     50000   -68.00000000   1.1044900000e+00
     50000   -66.00000000   1.0754270000e+00
     50000   -64.00000000   1.0442860000e+00
     50000   -62.00000000   1.0112270000e+00
     50000   -60.00000000   9.7642000000e-01
     50000   -58.00000000   9.4004200000e-01
     50000   -56.00000000   9.0227800000e-01
     50000   -54.00000000   8.6332200000e-01
     50000   -52.00000000   8.2336900000e-01
     50000   -50.00000000   7.8262300000e-01
     50000   -48.00000000   7.4128900000e-01
     50000   -46.00000000   6.9957500000e-01
     50000   -44.00000000   6.5769200000e-01
     50000   -42.00000000   6.1585100000e-01
     50000   -40.00000000   5.7426200000e-01
     50000   -38.00000000   5.3313300000e-01
     50000   -36.00000000   4.9267200000e-01
     50000   -34.00000000   4.5308000000e-01
     50000   -32.00000000   4.1455600000e-01
     50000   -30.00000000   3.7729300000e-01
     50000   -28.00000000   3.4147700000e-01
     50000   -26.00000000   3.0728800000e-01
     50000   -24.00000000   2.7489600000e-01
     50000   -22.00000000   2.4446300000e-01
     50000   -20.00000000   2.1614100000e-01
     50000   -18.00000000   1.9007200000e-01
     50000   -16.00000000   1.6638500000e-01
     50000   -14.00000000   1.4519900000e-01
     50000   -12.00000000   1.2661900000e-01
     50000   -10.00000000   1.1073800000e-01
     50000    -8.00000000   9.8507000000e-02
     50000    -6.00000000   8.5485000000e-02
     50000    -4.00000000   5.7491000000e-02
     50000    -2.00000000   3.1500000000e-02
     50000     0.00000000   3.0300000000e-02
     50000     2.00000000   3.7480000000e-02
     50000     4.00000000   4.4100000000e-02
     50000     6.00000000   5.0490000000e-02
     50000     8.00000000   4.0930000000e-02
     50000    10.00000000   5.3416000000e-02
     50000    12.00000000   7.9847000000e-02
     50000    14.00000000   9.9427000000e-02
     50000    16.00000000   1.1979800000e-01
     50000    18.00000000   1.4397900000e-01
     50000    20.00000000   1.7059900000e-01
     50000    22.00000000   1.9952700000e-01
     50000    24.00000000   2.3062100000e-01
     50000    26.00000000   2.6372800000e-01
     50000    28.00000000   2.9868500000e-01
     50000    30.00000000   3.3532100000e-01
     50000    32.00000000   3.7345500000e-01
     50000    34.00000000   4.1290000000e-01
     50000    36.00000000   4.5346300000e-01
     50000    38.00000000   4.9494200000e-01
     50000    40.00000000   5.3713600000e-01
     50000    42.00000000   5.7983500000e-01
     50000    44.00000000   6.2283000000e-01
     50000    46.00000000   6.6590800000e-01
     50000    48.00000000   7.0885900000e-01
     50000    50.00000000   7.5147000000e-01
     50000    52.00000000   7.9353100000e-01
     50000    54.00000000   8.3483500000e-01
     50000    56.00000000   8.7517700000e-01
     50000    58.00000000   9.1435900000e-01
     50000    60.00000000   9.5218700000e-01
     50000    62.00000000   9.8847400000e-01
     50000    64.00000000   1.0230410000e+00
     50000    66.00000000   1.0557150000e+00
     50000    68.00000000   1.0863350000e+00
     50000    70.00000000   1.1147480000e+00
     50000    72.00000000   1.1408140000e+00
     50000    74.00000000   1.1644010000e+00
     50000    76.00000000   1.1853930000e+00
     50000    78.00000000   1.2036830000e+00
     50000    80.00000000   1.2191790000e+00
     50000    82.00000000   1.2318030000e+00
     50000    84.00000000   1.2414900000e+00
     50000    86.00000000   1.2481890000e+00
     50000    88.00000000   1.2518650000e+00
     50000    90.00000000   1.2524960000e+00
    100000   -90.00000000   1.2524960000e+00
    100000   -88.00000000   1.2522360000e+00
    100000   -86.00000000   1.2489310000e+00
    100000   -84.00000000   1.2426020000e+00
    100000   -82.00000000   1.2332830000e+00
    100000   -80.00000000   1.2210260000e+00
    100000   -78.00000000   1.2058940000e+00
    100000   -76.00000000   1.1879650000e+00
    100000   -74.00000000   1.1673320000e+00
    100000   -72.00000000   1.1440990000e+00
    100000   -70.00000000   1.1183850000e+00
    100000   -68.00000000   1.0903180000e+00
    100000   -66.00000000   1.0600390000e+00
    100000   -64.00000000   1.0277020000e+00
    100000   -62.00000000   9.9346600000e-01
    100000   -60.00000000   9.5750400000e-01
    100000   -58.00000000   9.1999400000e-01
    100000   -56.00000000   8.8112300000e-01
    100000   -54.00000000   8.4108400000e-01
    100000   -52.00000000   8.0007700000e-01
    100000   -50.00000000   7.5830500000e-01
    100000   -48.00000000   7.1597400000e-01
    100000   -46.00000000   6.7329500000e-01
    100000   -44.00000000   6.3047800000e-01
    100000   -42.00000000   5.8773600000e-01
    100000   -40.00000000   5.4528100000e-01
    100000   -38.00000000   5.0332100000e-01
    100000   -36.00000000   4.6206500000e-01
    100000   -34.00000000   4.2171500000e-01
    100000   -32.00000000   3.8247200000e-01
    100000   -30.00000000   3.4452900000e-01
    100000   -28.00000000   3.0807300000e-01
    100000   -26.00000000   2.7328500000e-01
    100000   -24.00000000   2.4033500000e-01
    100000   -22.00000000   2.0938600000e-01
    100000   -20.00000000   1.8059100000e-01
    100000   -18.00000000   1.5409100000e-01
    100000   -16.00000000   1.3001800000e-01
    100000   -14.00000000   1.0849000000e-01
    100000   -12.00000000   8.9613000000e-02
    100000   -10.00000000   7.3480000000e-02
    100000    -8.00000000   6.2287000000e-02
    100000    -6.00000000   4.9750000000e-02
    100000    -4.00000000   3.0613000000e-02
    100000    -2.00000000   2.2320000000e-02
    100000     0.00000000   1.8540000000e-02
    100000     2.00000000   1.7420000000e-02
    100000     4.00000000   1.7660000000e-02
    100000     6.00000000   1.9000000000e-02
    100000     8.00000000   2.6196000000e-02
    100000    10.00000000   4.5552000000e-02
    100000    12.00000000   6.9418000000e-02
    100000    14.00000000   8.7962000000e-02
    100000    16.00000000   1.0968100000e-01
    100000    18.00000000   1.3397000000e-01
    100000    20.00000000   1.6071000000e-01
    100000    22.00000000   1.8976900000e-01
    100000    24.00000000   2.2100700000e-01
    100000    26.00000000   2.5426900000e-01
    100000    28.00000000   2.8939300000e-01
    100000    30.00000000   3.2620700000e-01
    100000    32.00000000   3.6453000000e-01
    100000    34.00000000   4.0417500000e-01
    100000    36.00000000   4.4494800000e-01
    100000    38.00000000   4.8664900000e-01
    100000    40.00000000   5.2907300000e-01
    100000    42.00000000   5.7201400000e-01
    100000    44.00000000   6.1525900000e-01
    100000    46.00000000   6.5859800000e-01
    100000    48.00000000   7.0181700000e-01
    100000    50.00000000   7.4470500000e-01
    100000    52.00000000   7.8705200000e-01
    100000    54.00000000   8.2864900000e-01
    100000    56.00000000   8.6929200000e-01
    100000    58.00000000   9.0878200000e-01
    100000    60.00000000   9.4692500000e-01
    100000    62.00000000   9.8353400000e-01
    100000    64.00000000   1.0184270000e+00
    100000    66.00000000   1.0514340000e+00
    100000    68.00000000   1.0823920000e+00
    100000    70.00000000   1.1111490000e+00
    100000    72.00000000   1.1375610000e+00
    100000    74.00000000   1.1615000000e+00
    100000    76.00000000   1.1828470000e+00
    100000    78.00000000   1.2014950000e+00
    100000    80.00000000   1.2173520000e+00
    100000    82.00000000   1.2303390000e+00
    100000    84.00000000   1.2403900000e+00
    100000    86.00000000   1.2474550000e+00
    100000    88.00000000   1.2514980000e+00
    100000    90.00000000   1.2524960000e+00
    150000   -90.00000000   1.2524960000e+00
    150000   -88.00000000   1.2519360000e+00
    150000   -86.00000000   1.2483320000e+00
    150000   -84.00000000   1.2417040000e+00
    150000   -82.00000000   1.2320880000e+00
    150000   -80.00000000   1.2195350000e+00
    150000   -78.00000000   1.2041090000e+00
    150000   -76.00000000   1.1858880000e+00
    150000   -74.00000000   1.1649660000e+00
    150000   -72.00000000   1.1414460000e+00
    150000   -70.00000000   1.1154480000e+00
    150000   -68.00000000   1.0871020000e+00
    150000   -66.00000000   1.0565480000e+00
    150000   -64.00000000   1.0239380000e+00
    150000   -62.00000000   9.8943600000e-01
    150000   -60.00000000   9.5321100000e-01
    150000   -58.00000000   9.1544400000e-01
    150000   -56.00000000   8.7632200000e-01
    150000   -54.00000000   8.3603800000e-01
    150000   -52.00000000   7.9479200000e-01
    150000   -50.00000000   7.5278600000e-01
    150000   -48.00000000   7.1022900000e-01
    150000   -46.00000000   6.6733100000e-01
    150000   -44.00000000   6.2430300000e-01
    150000   -42.00000000   5.8135600000e-01
    150000   -40.00000000   5.3870400000e-01
    150000   -38.00000000   4.9655600000e-01
    150000   -36.00000000   4.5511900000e-01
    150000   -34.00000000   4.1459800000e-01
    150000   -32.00000000   3.7519200000e-01
    150000   -30.00000000   3.3709400000e-01
    150000   -28.00000000   3.0049300000e-01
    150000   -26.00000000   2.6556900000e-01
    150000   -24.00000000   2.3249200000e-01
    150000   -22.00000000   2.0142600000e-01
    150000   -20.00000000   1.7252400000e-01
    150000   -18.00000000   1.4592700000e-01
    150000   -16.00000000   1.2176600000e-01
    150000   -14.00000000   1.0016000000e-01
    150000   -12.00000000   8.1216000000e-02
    150000   -10.00000000   6.5025000000e-02
    150000    -8.00000000   5.9428000000e-02
    150000    -6.00000000   2.9364000000e-02
    150000    -4.00000000   2.1363000000e-02
    150000    -2.00000000   1.6010000000e-02
    150000     0.00000000   1.2250000000e-02
    150000     2.00000000   1.2310000000e-02
    150000     4.00000000   1.3440000000e-02
    150000     6.00000000   1.5520000000e-02
    150000     8.00000000   2.3065000000e-02
    150000    10.00000000   4.0121000000e-02
    150000    12.00000000   6.4598000000e-02
    150000    14.00000000   8.3000000000e-02
    150000    16.00000000   1.0476500000e-01
    150000    18.00000000   1.2910600000e-01
    150000    20.00000000   1.5590400000e-01
    150000    22.00000000   1.8502800000e-01
    150000    24.00000000   2.1633500000e-01
    150000    26.00000000   2.4967300000e-01
    150000    28.00000000   2.8487800000e-01
    150000    30.00000000   3.2177800000e-01
    150000    32.00000000   3.6019300000e-01
    150000    34.00000000   3.9993600000e-01
    150000    36.00000000   4.4081100000e-01
    150000    38.00000000   4.8261900000e-01
    150000    40.00000000   5.2515600000e-01
    150000    42.00000000   5.6821300000e-01
    150000    44.00000000   6.1158000000e-01
    150000    46.00000000   6.5504500000e-01
    150000    48.00000000   6.9839500000e-01
    150000    50.00000000   7.4141800000e-01
    150000    52.00000000   7.8390300000e-01
    150000    54.00000000   8.2564300000e-01
    150000    56.00000000   8.6643200000e-01
    150000    58.00000000   9.0607200000e-01
    150000    60.00000000   9.4436800000e-01
    150000    62.00000000   9.8113300000e-01
    150000    64.00000000   1.0161850000e+00
    150000    66.00000000   1.0493540000e+00
    150000    68.00000000   1.0804760000e+00
    150000    70.00000000   1.1093990000e+00
    150000    72.00000000   1.1359810000e+00
    150000    74.00000000   1.1600910000e+00
    150000    76.00000000   1.1816100000e+00
    150000    78.00000000   1.2004320000e+00
    150000    80.00000000   1.2164640000e+00
    150000    82.00000000   1.2296270000e+00
    150000    84.00000000   1.2398550000e+00
    150000    86.00000000   1.2470980000e+00
    150000    88.00000000   1.2513190000e+00
    150000    90.00000000   1.2524960000e+00
    200000   -90.00000000   1.2524960000e+00
    200000   -88.00000000   1.2526200000e+00
    200000   -86.00000000   1.2496990000e+00
    200000   -84.00000000   1.2437530000e+00
    200000   -82.00000000   1.2348160000e+00
    200000   -80.00000000   1.2229380000e+00
    200000   -78.00000000   1.2081830000e+00
    200000   -76.00000000   1.1906290000e+00
    200000   -74.00000000   1.1703670000e+00
    200000   -72.00000000   1.1475020000e+00
    200000   -70.00000000   1.1221510000e+00
    200000   -68.00000000   1.0944430000e+00
    200000   -66.00000000   1.0645180000e+00
    200000   -64.00000000   1.0325290000e+00
    200000   -62.00000000   9.9863600000e-01
    200000   -60.00000000   9.6301000000e-01
    200000   -58.00000000   9.2582900000e-01
    200000   -56.00000000   8.8728100000e-01
    200000   -54.00000000   8.4755700000e-01
    200000   -52.00000000   8.0685700000e-01
    200000   -50.00000000   7.6538300000e-01
    200000   -48.00000000   7.2334200000e-01
    200000   -46.00000000   6.8094400000e-01
    200000   -44.00000000   6.3839900000e-01
    200000   -42.00000000   5.9592000000e-01
    200000   -40.00000000   5.5371600000e-01
    200000   -38.00000000   5.1199900000e-01
    200000   -36.00000000   4.7097300000e-01
    200000   -34.00000000   4.3084500000e-01
    200000   -32.00000000   3.9181100000e-01
    200000   -30.00000000   3.5406600000e-01
    200000   -28.00000000   3.1779600000e-01
    200000   -26.00000000   2.8318200000e-01
    200000   -24.00000000   2.5039500000e-01
    200000   -22.00000000   2.1959600000e-01
    200000   -20.00000000   1.9093900000e-01
    200000   -18.00000000   1.6456400000e-01
    200000   -16.00000000   1.4060400000e-01
    200000   -14.00000000   1.1917500000e-01
    200000   -12.00000000   1.0038400000e-01
    200000   -10.00000000   8.4008000000e-02
    200000    -8.00000000   6.9997000000e-02
    200000    -6.00000000   2.7085000000e-02
    200000    -4.00000000   1.7190000000e-02
    200000    -2.00000000   1.2710000000e-02
    200000     0.00000000   9.7200000000e-03
    200000     2.00000000   1.0360000000e-02
    200000     4.00000000   1.1900000000e-02
    200000     6.00000000   1.4330000000e-02
    200000     8.00000000   2.3903000000e-02
    200000    10.00000000   3.6029000000e-02
    200000    12.00000000   5.5906000000e-02
    200000    14.00000000   7.7247000000e-02
    200000    16.00000000   9.9066000000e-02
    200000    18.00000000   1.2346800000e-01
    200000    20.00000000   1.5033300000e-01
    200000    22.00000000   1.7953100000e-01
    200000    24.00000000   2.1091900000e-01
    200000    26.00000000   2.4434400000e-01
    200000    28.00000000   2.7964300000e-01
    200000    30.00000000   3.1664300000e-01
    200000    32.00000000   3.5516500000e-01
    200000    34.00000000   3.9502000000e-01
    200000    36.00000000   4.3601400000e-01
    200000    38.00000000   4.7794700000e-01
    200000    40.00000000   5.2061400000e-01
    200000    42.00000000   5.6380700000e-01
    200000    44.00000000   6.0731500000e-01
    200000    46.00000000   6.5092700000e-01
    200000    48.00000000   6.9442800000e-01
    200000    50.00000000   7.3760700000e-01
    200000    52.00000000   7.8025300000e-01
    200000    54.00000000   8.2215800000e-01
    200000    56.00000000   8.6311700000e-01
    200000    58.00000000   9.0293000000e-01
    200000    60.00000000   9.4140400000e-01
    200000    62.00000000   9.7834900000e-01
    200000    64.00000000   1.0135860000e+00
    200000    66.00000000   1.0469430000e+00
    200000    68.00000000   1.0782550000e+00
    200000    70.00000000   1.1073720000e+00
    200000    72.00000000   1.1341490000e+00
    200000    74.00000000   1.1584570000e+00
    200000    76.00000000   1.1801750000e+00
    200000    78.00000000   1.1991990000e+00
    200000    80.00000000   1.2154340000e+00
    200000    82.00000000   1.2288020000e+00
    200000    84.00000000   1.2392360000e+00
    200000    86.00000000   1.2466850000e+00
    200000    88.00000000   1.2511120000e+00
    200000    90.00000000   1.2524960000e+00
    250000   -90.00000000   1.2524960000e+00
    250000   -88.00000000   1.2520210000e+00
    250000   -86.00000000   1.2485000000e+00
    250000   -84.00000000   1.2419560000e+00
    250000   -82.00000000   1.2324240000e+00
    250000   -80.00000000   1.2199530000e+00
    250000   -78.00000000   1.2046100000e+00
    250000   -76.00000000   1.1864710000e+00
    250000   -74.00000000   1.1656300000e+00
    250000   -72.00000000   1.1421910000e+00
    250000   -70.00000000   1.1162730000e+00
    250000   -68.00000000   1.0880040000e+00
    250000   -66.00000000   1.0575280000e+00
    250000   -64.00000000   1.0249950000e+00
    250000   -62.00000000   9.9056700000e-01
    250000   -60.00000000   9.5441600000e-01
    250000   -58.00000000   9.1672200000e-01
    250000   -56.00000000   8.7767000000e-01
    250000   -54.00000000   8.3745500000e-01
    250000   -52.00000000   7.9627500000e-01
    250000   -50.00000000   7.5433500000e-01
    250000   -48.00000000   7.1184200000e-01
    250000   -46.00000000   6.6900500000e-01
    250000   -44.00000000   6.2603600000e-01
    250000   -42.00000000   5.8314700000e-01
    250000   -40.00000000   5.4055000000e-01
    250000   -38.00000000   4.9845500000e-01
    250000   -36.00000000   4.5706900000e-01
    250000   -34.00000000   4.1659600000e-01
    250000   -32.00000000   3.7723500000e-01
    250000   -30.00000000   3.3918100000e-01
    250000   -28.00000000   3.0262100000e-01
    250000   -26.00000000   2.6773500000e-01
    250000   -24.00000000   2.3469300000e-01
    250000   -22.00000000   2.0366000000e-01
    250000   -20.00000000   1.7478800000e-01
    250000   -18.00000000   1.4821900000e-01
    250000   -16.00000000   1.2408200000e-01
    250000   -14.00000000   1.0249900000e-01
    250000   -12.00000000   8.3573000000e-02
    250000   -10.00000000   6.6762000000e-02
    250000    -8.00000000   5.3414000000e-02
    250000    -6.00000000   1.8669000000e-02
    250000    -4.00000000   1.4490000000e-02
    250000    -2.00000000   1.0940000000e-02
    250000     0.00000000   8.4700000000e-03
    250000     2.00000000   9.3500000000e-03
    250000     4.00000000   1.1030000000e-02
    250000     6.00000000   1.3830000000e-02
    250000     8.00000000   2.1305000000e-02
    250000    10.00000000   3.6119000000e-02
    250000    12.00000000   5.5850000000e-02
    250000    14.00000000   7.7150000000e-02
    250000    16.00000000   9.8970000000e-02
    250000    18.00000000   1.2337200000e-01
    250000    20.00000000   1.5023900000e-01
    250000    22.00000000   1.7943800000e-01
    250000    24.00000000   2.1082700000e-01
    250000    26.00000000   2.4425400000e-01
    250000    28.00000000   2.7955400000e-01
    250000    30.00000000   3.1655700000e-01
    250000    32.00000000   3.5508000000e-01
    250000    34.00000000   3.9493700000e-01
    250000    36.00000000   4.3593300000e-01
    250000    38.00000000   4.7786800000e-01
    250000    40.00000000   5.2053800000e-01
    250000    42.00000000   5.6373300000e-01
    250000    44.00000000   6.0724400000e-01
    250000    46.00000000   6.5085700000e-01
    250000    48.00000000   6.9436100000e-01
    250000    50.00000000   7.3754300000e-01
    250000    52.00000000   7.8019100000e-01
    250000    54.00000000   8.2209900000e-01
    250000    56.00000000   8.6306100000e-01
    250000    58.00000000   9.0287700000e-01
    250000    60.00000000   9.4135400000e-01
    250000    62.00000000   9.7830200000e-01
    250000    64.00000000   1.0135420000e+00
    250000    66.00000000   1.0469020000e+00
    250000    68.00000000   1.0782180000e+00
    250000    70.00000000   1.1073370000e+00
    250000    72.00000000   1.1341180000e+00
    250000    74.00000000   1.1584290000e+00
    250000    76.00000000   1.1801510000e+00
    250000    78.00000000   1.1991780000e+00
    250000    80.00000000   1.2154170000e+00
    250000    82.00000000   1.2287880000e+00
    250000    84.00000000   1.2392250000e+00
    250000    86.00000000   1.2466780000e+00
    250000    88.00000000   1.2511090000e+00
    250000    90.00000000   1.2524960000e+00
     50000   -90.00000000   1.2524960000e+00
     50000   -88.00000000   1.2531650000e+00
     50000   -86.00000000   1.2507870000e+00
     50000   -84.00000000   1.2453830000e+00
     50000   -82.00000000   1.2369860000e+00
     50000   -80.00000000   1.2256460000e+00
     50000   -78.00000000   1.2114260000e+00
     50000   -76.00000000   1.1944030000e+00
     50000   -74.00000000   1.1746670000e+00
     50000   -72.00000000   1.1523220000e+00
     50000   -70.00000000   1.1274860000e+00
     50000   -68.00000000   1.1002860000e+00
     50000   -66.00000000   1.0708630000e+00
     50000   -64.00000000   1.0393670000e+00
     50000   -62.00000000   1.0059590000e+00
     50000   -60.00000000   9.7080900000e-01
     50000   -58.00000000   9.3409500000e-01
     50000   -56.00000000   8.9600300000e-01
     50000   -54.00000000   8.5672500000e-01
     50000   -52.00000000   8.1646000000e-01
     50000   -50.00000000   7.7540900000e-01
     50000   -48.00000000   7.3377900000e-01
     50000   -46.00000000   6.9177900000e-01
     50000   -44.00000000   6.4962000000e-01
     50000   -42.00000000   6.0751100000e-01
     50000   -40.00000000   5.6566500000e-01
     50000   -38.00000000   5.2429000000e-01
     50000   -36.00000000   4.8359200000e-01
     50000   -34.00000000   4.4377600000e-01
     50000   -32.00000000   4.0503900000e-01
     50000   -30.00000000   3.6757400000e-01
     50000   -28.00000000   3.3156900000e-01
     50000   -26.00000000   2.9720200000e-01
     50000   -24.00000000   2.6464400000e-01
     50000   -22.00000000   2.3405800000e-01
     50000   -20.00000000   2.0559600000e-01
     50000   -18.00000000   1.7939900000e-01
     50000   -16.00000000   1.5559700000e-01
     50000   -14.00000000   1.3431000000e-01
     50000   -12.00000000   1.1564200000e-01
     50000   -10.00000000   9.9686000000e-02
     50000    -8.00000000   8.9871000000e-02
     50000    -6.00000000   7.5566000000e-02
     50000    -4.00000000   5.0007000000e-02
     50000    -2.00000000   3.0860000000e-02
     50000     0.00000000   2.9720000000e-02
     50000     2.00000000   3.6860000000e-02
     50000     4.00000000   4.3500000000e-02
     50000     6.00000000   5.0670000000e-02
     50000     8.00000000   4.1216000000e-02
     50000    10.00000000   5.5033000000e-02
     50000    12.00000000   7.8302000000e-02
     50000    14.00000000   9.6578000000e-02
     50000    16.00000000   1.1821700000e-01
     50000    18.00000000   1.4241500000e-01
     50000    20.00000000   1.6905400000e-01
     50000    22.00000000   1.9800300000e-01
     50000    24.00000000   2.2911900000e-01
     50000    26.00000000   2.6225000000e-01
     50000    28.00000000   2.9723300000e-01
     50000    30.00000000   3.3389700000e-01
     50000    32.00000000   3.7206100000e-01
     50000    34.00000000   4.1153700000e-01
     50000    36.00000000   4.5213200000e-01
     50000    38.00000000   4.9364700000e-01
     50000    40.00000000   5.3587600000e-01
     50000    42.00000000   5.7861300000e-01
     50000    44.00000000   6.2164700000e-01
     50000    46.00000000   6.6476600000e-01
     50000    48.00000000   7.0775900000e-01
     50000    50.00000000   7.5041300000e-01
     50000    52.00000000   7.9251900000e-01
     50000    54.00000000   8.3386800000e-01
     50000    56.00000000   8.7425800000e-01
     50000    58.00000000   9.1348800000e-01
     50000    60.00000000   9.5136500000e-01
     50000    62.00000000   9.8770200000e-01
     50000    64.00000000   1.0223200000e+00
     50000    66.00000000   1.0550460000e+00
     50000    68.00000000   1.0857190000e+00
     50000    70.00000000   1.1141860000e+00
     50000    72.00000000   1.1403060000e+00
     50000    74.00000000   1.1639480000e+00
     50000    76.00000000   1.1849950000e+00
     50000    78.00000000   1.2033410000e+00
     50000    80.00000000   1.2188940000e+00
     50000    82.00000000   1.2315740000e+00
     50000    84.00000000   1.2413180000e+00
     50000    86.00000000   1.2480750000e+00
     50000    88.00000000   1.2518080000e+00
     50000    90.00000000   1.2524960000e+00
    100000   -90.00000000   1.2524960000e+00
    100000   -88.00000000   1.2523700000e+00
    100000   -86.00000000   1.2491990000e+00
    100000   -84.00000000   1.2430030000e+00
    100000   -82.00000000   1.2338180000e+00
    100000   -80.00000000   1.2216930000e+00
    100000   -78.00000000   1.2066920000e+00
    100000   -76.00000000   1.1888940000e+00
    100000   -74.00000000   1.1683910000e+00
    100000   -72.00000000   1.1452860000e+00
    100000   -70.00000000   1.1196980000e+00
    100000   -68.00000000   1.0917560000e+00
    100000   -66.00000000   1.0616010000e+00
    100000   -64.00000000   1.0293850000e+00
    100000   -62.00000000   9.9526900000e-01
    100000   -60.00000000   9.5942400000e-01
    100000   -58.00000000   9.2202900000e-01
    100000   -56.00000000   8.8327000000e-01
    100000   -54.00000000   8.4334200000e-01
    100000   -52.00000000   8.0244100000e-01
    100000   -50.00000000   7.6077300000e-01
    100000   -48.00000000   7.1854300000e-01
    100000   -46.00000000   6.7596200000e-01
    100000   -44.00000000   6.3324100000e-01
    100000   -42.00000000   5.9059000000e-01
    100000   -40.00000000   5.4822200000e-01
    100000   -38.00000000   5.0634700000e-01
    100000   -36.00000000   4.6517100000e-01
    100000   -34.00000000   4.2489900000e-01
    100000   -32.00000000   3.8572900000e-01
    100000   -30.00000000   3.4785500000e-01
    100000   -28.00000000   3.1146400000e-01
    100000   -26.00000000   2.7673600000e-01
    100000   -24.00000000   2.4384300000e-01
    100000   -22.00000000   2.1294600000e-01
    100000   -20.00000000   1.8419900000e-01
    100000   -18.00000000   1.5774400000e-01
    100000   -16.00000000   1.3371000000e-01
    100000   -14.00000000   1.1221600000e-01
    100000   -12.00000000   9.3369000000e-02
    100000   -10.00000000   7.7262000000e-02
    100000    -8.00000000   6.7917000000e-02
    100000    -6.00000000   5.0778000000e-02
    100000    -4.00000000   3.0012000000e-02
    100000    -2.00000000   2.1890000000e-02
    100000     0.00000000   1.8220000000e-02
    100000     2.00000000   1.7240000000e-02
    100000     4.00000000   1.7500000000e-02
    100000     6.00000000   1.8770000000e-02
    100000     8.00000000   2.6167000000e-02
    100000    10.00000000   4.6460000000e-02
    100000    12.00000000   6.5897000000e-02
    100000    14.00000000   8.3125000000e-02
    100000    16.00000000   1.0488900000e-01
    100000    18.00000000   1.2922900000e-01
    100000    20.00000000   1.5602600000e-01
    100000    22.00000000   1.8514800000e-01
    100000    24.00000000   2.1645300000e-01
    100000    26.00000000   2.4978900000e-01
    100000    28.00000000   2.8499200000e-01
    100000    30.00000000   3.2189000000e-01
    100000    32.00000000   3.6030300000e-01
    100000    34.00000000   4.0004300000e-01
    100000    36.00000000   4.4091500000e-01
    100000    38.00000000   4.8272100000e-01
    100000    40.00000000   5.2525500000e-01
    100000    42.00000000   5.6830900000e-01
    100000    44.00000000   6.1167300000e-01
    100000    46.00000000   6.5513500000e-01
    100000    48.00000000   6.9848200000e-01
    100000    50.00000000   7.4150100000e-01
    100000    52.00000000   7.8398300000e-01
    100000    54.00000000   8.2571900000e-01
    100000    56.00000000   8.6650500000e-01
    100000    58.00000000   9.0614100000e-01
    100000    60.00000000   9.4443300000e-01
    100000    62.00000000   9.8119300000e-01
    100000    64.00000000   1.0162420000e+00
    100000    66.00000000   1.0494070000e+00
    100000    68.00000000   1.0805250000e+00
    100000    70.00000000   1.1094440000e+00
    100000    72.00000000   1.1360210000e+00
    100000    74.00000000   1.1601260000e+00
    100000    76.00000000   1.1816410000e+00
    100000    78.00000000   1.2004580000e+00
    100000    80.00000000   1.2164860000e+00
    100000    82.00000000   1.2296450000e+00
    100000    84.00000000   1.2398690000e+00
    100000    86.00000000   1.2471070000e+00
    100000    88.00000000   1.2513240000e+00
    100000    90.00000000   1.2524960000e+00
    150000   -90.00000000   1.2524960000e+00
    150000   -88.00000000   1.2525390000e+00
    150000   -86.00000000   1.2495370000e+00
    150000   -84.00000000   1.2435090000e+00
    150000   -82.00000000   1.2344920000e+00
    150000   -80.00000000   1.2225340000e+00
    150000   -78.00000000   1.2076990000e+00
    150000   -76.00000000   1.1900660000e+00
    150000   -74.00000000   1.1697260000e+00
    150000   -72.00000000   1.1467830000e+00
    150000   -70.00000000   1.1213550000e+00
    150000   -68.00000000   1.0935710000e+00
    150000   -66.00000000   1.0635720000e+00
    150000   -64.00000000   1.0315090000e+00
    150000   -62.00000000   9.9754300000e-01
    150000   -60.00000000   9.6184600000e-01
    150000   -58.00000000   9.2459600000e-01
    150000   -56.00000000   8.8597900000e-01
    150000   -54.00000000   8.4618900000e-01
    150000   -52.00000000   8.0542400000e-01
    150000   -50.00000000   7.6388700000e-01
    150000   -48.00000000   7.2178500000e-01
    150000   -46.00000000   6.7932700000e-01
    150000   -44.00000000   6.3672500000e-01
    150000   -42.00000000   5.9419000000e-01
    150000   -40.00000000   5.5193400000e-01
    150000   -38.00000000   5.1016500000e-01
    150000   -36.00000000   4.6909100000e-01
    150000   -34.00000000   4.2891500000e-01
    150000   -32.00000000   3.8983700000e-01
    150000   -30.00000000   3.5205000000e-01
    150000   -28.00000000   3.1574100000e-01
    150000   -26.00000000   2.8109000000e-01
    150000   -24.00000000   2.4826900000e-01
    150000   -22.00000000   2.1743800000e-01
    150000   -20.00000000   1.8875200000e-01
    150000   -18.00000000   1.6235100000e-01
    150000   -16.00000000   1.3836700000e-01
    150000   -14.00000000   1.1691700000e-01
    150000   -12.00000000   9.8108000000e-02
    150000   -10.00000000   8.2033000000e-02
    150000    -8.00000000   7.0594000000e-02
    150000    -6.00000000   3.9767000000e-02
    150000    -4.00000000   2.2128000000e-02
    150000    -2.00000000   1.5760000000e-02
    150000     0.00000000   1.2130000000e-02
    150000     2.00000000   1.2230000000e-02
    150000     4.00000000   1.3320000000e-02
    150000     6.00000000   1.5300000000e-02
    150000     8.00000000   2.3250000000e-02
    150000    10.00000000   4.3165000000e-02
    150000    12.00000000   6.1880000000e-02
    150000    14.00000000   8.3168000000e-02
    150000    16.00000000   1.0493200000e-01
    150000    18.00000000   1.2927100000e-01
    150000    20.00000000   1.5606700000e-01
    150000    22.00000000   1.8518800000e-01
    150000    24.00000000   2.1649300000e-01
    150000    26.00000000   2.4982800000e-01
    150000    28.00000000   2.8503000000e-01
    150000    30.00000000   3.2192800000e-01
    150000    32.00000000   3.6034000000e-01
    150000    34.00000000   4.0007900000e-01
    150000    36.00000000   4.4095100000e-01
    150000    38.00000000   4.8275600000e-01
    150000    40.00000000   5.2528900000e-01
    150000    42.00000000   5.6834200000e-01
    150000    44.00000000   6.1170500000e-01
    150000    46.00000000   6.5516500000e-01
    150000    48.00000000   6.9851100000e-01
    150000    50.00000000   7.4152900000e-01
    150000    52.00000000   7.8401000000e-01
    150000    54.00000000   8.2574500000e-01
    150000    56.00000000   8.6652900000e-01
    150000    58.00000000   9.0616400000e-01
    150000    60.00000000   9.4445500000e-01
    150000    62.00000000   9.8121400000e-01
    150000    64.00000000   1.0162610000e+00
    150000    66.00000000   1.0494250000e+00
    150000    68.00000000   1.0805410000e+00
    150000    70.00000000   1.1094590000e+00
    150000    72.00000000   1.1360350000e+00
    150000    74.00000000   1.1601380000e+00
    150000    76.00000000   1.1816510000e+00
    150000    78.00000000   1.2004680000e+00
    150000    80.00000000   1.2164940000e+00
    150000    82.00000000   1.2296510000e+00
    150000    84.00000000   1.2398740000e+00
    150000    86.00000000   1.2471110000e+00
    150000    88.00000000   1.2513250000e+00
    150000    90.00000000   1.2524960000e+00
    200000   -90.00000000   1.2524960000e+00
    200000   -88.00000000   1.2519300000e+00
    200000   -86.00000000   1.2483180000e+00
    200000   -84.00000000   1.2416840000e+00
    200000   -82.00000000   1.2320610000e+00
    200000   -80.00000000   1.2195010000e+00
    200000   -78.00000000   1.2040680000e+00
    200000   -76.00000000   1.1858410000e+00
    200000   -74.00000000   1.1649120000e+00
    200000   -72.00000000   1.1413860000e+00
    200000   -70.00000000   1.1153810000e+00
    200000   -68.00000000   1.0870280000e+00
    200000   -66.00000000   1.0564680000e+00
    200000   -64.00000000   1.0238520000e+00
    200000   -62.00000000   9.8934400000e-01
    200000   -60.00000000   9.5311300000e-01
    200000   -58.00000000   9.1534100000e-01
    200000   -56.00000000   8.7621300000e-01
    200000   -54.00000000   8.3592300000e-01
    200000   -52.00000000   7.9467100000e-01
    200000   -50.00000000   7.5266000000e-01
    200000   -48.00000000   7.1009800000e-01
    200000   -46.00000000   6.6719500000e-01
    200000   -44.00000000   6.2416200000e-01
    200000   -42.00000000   5.8121100000e-01
    200000   -40.00000000   5.3855400000e-01
    200000   -38.00000000   4.9640100000e-01
    200000   -36.00000000   4.5496100000e-01
    200000   -34.00000000   4.1443500000e-01
    200000   -32.00000000   3.7502600000e-01
    200000   -30.00000000   3.3692500000e-01
    200000   -28.00000000   3.0032000000e-01
    200000   -26.00000000   2.6539200000e-01
    200000   -24.00000000   2.3231300000e-01
    200000   -22.00000000   2.0124400000e-01
    200000   -20.00000000   1.7233900000e-01
    200000   -18.00000000   1.4574000000e-01
    200000   -16.00000000   1.2157800000e-01
    200000   -14.00000000   9.9970000000e-02
    200000   -12.00000000   8.1024000000e-02
    200000   -10.00000000   6.4832000000e-02
    200000    -8.00000000   5.0024000000e-02
    200000    -6.00000000   2.3619000000e-02
    200000    -4.00000000   1.7030000000e-02
    200000    -2.00000000   1.2570000000e-02
    200000     0.00000000   9.6500000000e-03
    200000     2.00000000   1.0300000000e-02
    200000     4.00000000   1.1820000000e-02
    200000     6.00000000   1.4170000000e-02
    200000     8.00000000   2.1496000000e-02
    200000    10.00000000   3.7662000000e-02
    200000    12.00000000   5.5163000000e-02
    200000    14.00000000   7.6259000000e-02
    200000    16.00000000   9.8087000000e-02
    200000    18.00000000   1.2250000000e-01
    200000    20.00000000   1.4937600000e-01
    200000    22.00000000   1.7858700000e-01
    200000    24.00000000   2.0998900000e-01
    200000    26.00000000   2.4342900000e-01
    200000    28.00000000   2.7874400000e-01
    200000    30.00000000   3.1576200000e-01
    200000    32.00000000   3.5430200000e-01
    200000    34.00000000   3.9417700000e-01
    200000    36.00000000   4.3519100000e-01
    200000    38.00000000   4.7714500000e-01
    200000    40.00000000   5.1983400000e-01
    200000    42.00000000   5.6305100000e-01
    200000    44.00000000   6.0658300000e-01
    200000    46.00000000   6.5022000000e-01
    200000    48.00000000   6.9374700000e-01
    200000    50.00000000   7.3695300000e-01
    200000    52.00000000   7.7962600000e-01
    200000    54.00000000   8.2156000000e-01
    200000    56.00000000   8.6254800000e-01
    200000    58.00000000   9.0239100000e-01
    200000    60.00000000   9.4089500000e-01
    200000    62.00000000   9.7787100000e-01
    200000    64.00000000   1.0131400000e+00
    200000    66.00000000   1.0465290000e+00
    200000    68.00000000   1.0778740000e+00
    200000    70.00000000   1.1070240000e+00
    200000    72.00000000   1.1338340000e+00
    200000    74.00000000   1.1581760000e+00
    200000    76.00000000   1.1799290000e+00
    200000    78.00000000   1.1989870000e+00
    200000    80.00000000   1.2152580000e+00
    200000    82.00000000   1.2286600000e+00
    200000    84.00000000   1.2391290000e+00
    200000    86.00000000   1.2466140000e+00
    200000    88.00000000   1.2510770000e+00
    200000    90.00000000   1.2524960000e+00
    250000   -90.00000000   1.2524960000e+00
    250000   -88.00000000   1.2510130000e+00
    250000   -86.00000000   1.2464860000e+00
    250000   -84.00000000   1.2389370000e+00
    250000   -82.00000000   1.2284040000e+00
    250000   -80.00000000   1.2149380000e+00
    250000   -78.00000000   1.1986050000e+00
    250000   -76.00000000   1.1794840000e+00
    250000   -74.00000000   1.1576690000e+00
    250000   -72.00000000   1.1332660000e+00
    250000   -70.00000000   1.1063950000e+00
    250000   -68.00000000   1.0771850000e+00
    250000   -66.00000000   1.0457810000e+00
    250000   -64.00000000   1.0123340000e+00
    250000   -62.00000000   9.7700800000e-01
    250000   -60.00000000   9.3997600000e-01
    250000   -58.00000000   9.0141700000e-01
    250000   -56.00000000   8.6152000000e-01
    250000   -54.00000000   8.2047900000e-01
    250000   -52.00000000   7.7849400000e-01
    250000   -50.00000000   7.3577100000e-01
    250000   -48.00000000   6.9251600000e-01
    250000   -46.00000000   6.4894200000e-01
    250000   -44.00000000   6.0526100000e-01
    250000   -42.00000000   5.6168400000e-01
    250000   -40.00000000   5.1842600000e-01
    250000   -38.00000000   4.7569600000e-01
    250000   -36.00000000   4.3370300000e-01
    250000   -34.00000000   3.9265200000e-01
    250000   -32.00000000   3.5274300000e-01
    250000   -30.00000000   3.1416900000e-01
    250000   -28.00000000   2.7712000000e-01
    250000   -26.00000000   2.4177600000e-01
    250000   -24.00000000   2.0830900000e-01
    250000   -22.00000000   1.7688200000e-01
    250000   -20.00000000   1.4764800000e-01
    250000   -18.00000000   1.2075100000e-01
    250000   -16.00000000   9.6320000000e-02
    250000   -14.00000000   7.4475000000e-02
    250000   -12.00000000   5.5323000000e-02
    250000   -10.00000000   3.8956000000e-02
    250000    -8.00000000   2.4173000000e-02
    250000    -6.00000000   1.6261000000e-02
    250000    -4.00000000   1.4250000000e-02
    250000    -2.00000000   1.0870000000e-02
    250000     0.00000000   8.3900000000e-03
    250000     2.00000000   9.3000000000e-03
    250000     4.00000000   1.0990000000e-02
    250000     6.00000000   1.3767000000e-02
    250000     8.00000000   2.0629000000e-02
    250000    10.00000000   3.2682000000e-02
    250000    12.00000000   5.0427000000e-02
    250000    14.00000000   6.9618000000e-02
    250000    16.00000000   9.1508000000e-02
    250000    18.00000000   1.1599000000e-01
    250000    20.00000000   1.4294500000e-01
    250000    22.00000000   1.7224100000e-01
    250000    24.00000000   2.0373600000e-01
    250000    26.00000000   2.3727700000e-01
    250000    28.00000000   2.7270100000e-01
    250000    30.00000000   3.0983500000e-01
    250000    32.00000000   3.4849800000e-01
    250000    34.00000000   3.8850200000e-01
    250000    36.00000000   4.2965400000e-01
    250000    38.00000000   4.7175200000e-01
    250000    40.00000000   5.1459100000e-01
    250000    42.00000000   5.5796500000e-01
    250000    44.00000000   6.0166000000e-01
    250000    46.00000000   6.4546500000e-01
    250000    48.00000000   6.8916700000e-01
    250000    50.00000000   7.3255300000e-01
    250000    52.00000000   7.7541300000e-01
    250000    54.00000000   8.1753700000e-01
    250000    56.00000000   8.5872100000e-01
    250000    58.00000000   8.9876400000e-01
    250000    60.00000000   9.3747300000e-01
    250000    62.00000000   9.7465800000e-01
    250000    64.00000000   1.0101400000e+00
    250000    66.00000000   1.0437450000e+00
    250000    68.00000000   1.0753100000e+00
    250000    70.00000000   1.1046830000e+00
    250000    72.00000000   1.1317200000e+00
    250000    74.00000000   1.1562890000e+00
    250000    76.00000000   1.1782730000e+00
    250000    78.00000000   1.1975640000e+00
    250000    80.00000000   1.2140690000e+00
    250000    82.00000000   1.2277080000e+00
    250000    84.00000000   1.2384140000e+00
    250000    86.00000000   1.2461360000e+00
    250000    88.00000000   1.2508380000e+00
    250000    90.00000000   1.2524960000e+00
     50000   -90.00000000   1.2524960000e+00
     50000   -88.00000000   1.2532740000e+00
     50000   -86.00000000   1.2510060000e+00
     50000   -84.00000000   1.2457110000e+00
     50000   -82.00000000   1.2374230000e+00
     50000   -80.00000000   1.2261910000e+00
     50000   -78.00000000   1.2120780000e+00
     50000   -76.00000000   1.1951610000e+00
     50000   -74.00000000   1.1755300000e+00
     50000   -72.00000000   1.1532900000e+00
     50000   -70.00000000   1.1285570000e+00
     50000   -68.00000000   1.1014600000e+00
     50000   -66.00000000   1.0721370000e+00
     50000   -64.00000000   1.0407400000e+00
     50000   -62.00000000   1.0074300000e+00
     50000   -60.00000000   9.7237500000e-01
     50000   -58.00000000   9.3575500000e-01
     50000   -56.00000000   8.9775500000e-01
     50000   -54.00000000   8.5856700000e-01
     50000   -52.00000000   8.1838900000e-01
     50000   -50.00000000   7.7742300000e-01
     50000   -48.00000000   7.3587600000e-01
     50000   -46.00000000   6.9395600000e-01
     50000   -44.00000000   6.5187300000e-01
     50000   -42.00000000   6.0984000000e-01
     50000   -40.00000000   5.6806500000e-01
     50000   -38.00000000   5.2675900000e-01
     50000   -36.00000000   4.8612700000e-01
     50000   -34.00000000   4.4637300000e-01
     50000   -32.00000000   4.0769600000e-01
     50000   -30.00000000   3.7028700000e-01
     50000   -28.00000000   3.3433500000e-01
     50000   -26.00000000   3.0001800000e-01
     50000   -24.00000000   2.6750600000e-01
     50000   -22.00000000   2.3696300000e-01
     50000   -20.00000000   2.0854000000e-01
     50000   -18.00000000   1.8237900000e-01
     50000   -16.00000000   1.5860900000e-01
     50000   -14.00000000   1.3735000000e-01
     50000   -12.00000000   1.1870600000e-01
     50000   -10.00000000   1.0277100000e-01
     50000    -8.00000000   9.0696000000e-02
     50000    -6.00000000   7.9330000000e-02
     50000    -4.00000000   4.4459000000e-02
     50000    -2.00000000   3.0260000000e-02
     50000     0.00000000   2.9080000000e-02
     50000     2.00000000   3.6350000000e-02
     50000     4.00000000   4.2940000000e-02
     50000     6.00000000   4.9840000000e-02
     50000     8.00000000   3.8199000000e-02
     50000    10.00000000   5.3660000000e-02
     50000    12.00000000   7.6091000000e-02
     50000    14.00000000   9.0351000000e-02
     50000    16.00000000   1.1204800000e-01
     50000    18.00000000   1.3631200000e-01
     50000    20.00000000   1.6302400000e-01
     50000    22.00000000   1.9205300000e-01
     50000    24.00000000   2.2325600000e-01
     50000    26.00000000   2.5648200000e-01
     50000    28.00000000   2.9156700000e-01
     50000    30.00000000   3.2833900000e-01
     50000    32.00000000   3.6661800000e-01
     50000    34.00000000   4.0621700000e-01
     50000    36.00000000   4.4694000000e-01
     50000    38.00000000   4.8859000000e-01
     50000    40.00000000   5.3096000000e-01
     50000    42.00000000   5.7384400000e-01
     50000    44.00000000   6.1703000000e-01
     50000    46.00000000   6.6030800000e-01
     50000    48.00000000   7.0346500000e-01
     50000    50.00000000   7.4628800000e-01
     50000    52.00000000   7.8856800000e-01
     50000    54.00000000   8.3009600000e-01
     50000    56.00000000   8.7066900000e-01
     50000    58.00000000   9.1008700000e-01
     50000    60.00000000   9.4815700000e-01
     50000    62.00000000   9.8469000000e-01
     50000    64.00000000   1.0195070000e+00
     50000    66.00000000   1.0524360000e+00
     50000    68.00000000   1.0833150000e+00
     50000    70.00000000   1.1119910000e+00
     50000    72.00000000   1.1383220000e+00
     50000    74.00000000   1.1621790000e+00
     50000    76.00000000   1.1834420000e+00
     50000    78.00000000   1.2020070000e+00
     50000    80.00000000   1.2177790000e+00
     50000    82.00000000   1.2306810000e+00
     50000    84.00000000   1.2406470000e+00
     50000    86.00000000   1.2476270000e+00
     50000    88.00000000   1.2515840000e+00
     50000    90.00000000   1.2524960000e+00
    100000   -90.00000000   1.2524960000e+00
    100000   -88.00000000   1.2529680000e+00
    100000   -86.00000000   1.2503950000e+00
    100000   -84.00000000   1.2447950000e+00
    100000   -82.00000000   1.2362030000e+00
    100000   -80.00000000   1.2246700000e+00
    100000   -78.00000000   1.2102560000e+00
    100000   -76.00000000   1.1930420000e+00
    100000   -74.00000000   1.1731160000e+00
    100000   -72.00000000   1.1505840000e+00
    100000   -70.00000000   1.1255620000e+00
    100000   -68.00000000   1.0981780000e+00
    100000   -66.00000000   1.0685740000e+00
    100000   -64.00000000   1.0369000000e+00
    100000   -62.00000000   1.0033170000e+00
    100000   -60.00000000   9.6799600000e-01
    100000   -58.00000000   9.3111300000e-01
    100000   -56.00000000   8.9285700000e-01
    100000   -54.00000000   8.5341800000e-01
    100000   -52.00000000   8.1299600000e-01
    100000   -50.00000000   7.7179300000e-01
    100000   -48.00000000   7.3001500000e-01
    100000   -46.00000000   6.8787100000e-01
    100000   -44.00000000   6.4557300000e-01
    100000   -42.00000000   6.0333000000e-01
    100000   -40.00000000   5.6135500000e-01
    100000   -38.00000000   5.1985600000e-01
    100000   -36.00000000   4.7904100000e-01
    100000   -34.00000000   4.3911200000e-01
    100000   -32.00000000   4.0026700000e-01
    100000   -30.00000000   3.6270200000e-01
    100000   -28.00000000   3.2660100000e-01
    100000   -26.00000000   2.9214500000e-01
    100000   -24.00000000   2.5950400000e-01
    100000   -22.00000000   2.2884200000e-01
    100000   -20.00000000   2.0030900000e-01
    100000   -18.00000000   1.7404800000e-01
    100000   -16.00000000   1.5018900000e-01
    100000   -14.00000000   1.2885100000e-01
    100000   -12.00000000   1.1013800000e-01
    100000   -10.00000000   9.4145000000e-02
    100000    -8.00000000   8.3456000000e-02
    100000    -6.00000000   6.2815000000e-02
    100000    -4.00000000   2.8585000000e-02
    100000    -2.00000000   2.1430000000e-02
    100000     0.00000000   1.7890000000e-02
    100000     2.00000000   1.7060000000e-02
    100000     4.00000000   1.7350000000e-02
    100000     6.00000000   1.8540000000e-02
    100000     8.00000000   3.2584000000e-02
    100000    10.00000000   3.9828000000e-02
    100000    12.00000000   6.5353000000e-02
    100000    14.00000000   7.9901000000e-02
    100000    16.00000000   1.0169600000e-01
    100000    18.00000000   1.2607000000e-01
    100000    20.00000000   1.5290400000e-01
    100000    22.00000000   1.8206700000e-01
    100000    24.00000000   2.1341800000e-01
    100000    26.00000000   2.4680300000e-01
    100000    28.00000000   2.8205800000e-01
    100000    30.00000000   3.1901300000e-01
    100000    32.00000000   3.5748500000e-01
    100000    34.00000000   3.9728800000e-01
    100000    36.00000000   4.3822800000e-01
    100000    38.00000000   4.8010300000e-01
    100000    40.00000000   5.2271000000e-01
    100000    42.00000000   5.6584000000e-01
    100000    44.00000000   6.0928300000e-01
    100000    46.00000000   6.5282700000e-01
    100000    48.00000000   6.9625900000e-01
    100000    50.00000000   7.3936600000e-01
    100000    52.00000000   7.8193700000e-01
    100000    54.00000000   8.2376600000e-01
    100000    56.00000000   8.6464700000e-01
    100000    58.00000000   9.0438000000e-01
    100000    60.00000000   9.4277200000e-01
    100000    62.00000000   9.7963400000e-01
    100000    64.00000000   1.0147860000e+00
    100000    66.00000000   1.0480550000e+00
    100000    68.00000000   1.0792800000e+00
    100000    70.00000000   1.1083070000e+00
    100000    72.00000000   1.1349940000e+00
    100000    74.00000000   1.1592110000e+00
    100000    76.00000000   1.1808370000e+00
    100000    78.00000000   1.1997680000e+00
    100000    80.00000000   1.2159090000e+00
    100000    82.00000000   1.2291830000e+00
    100000    84.00000000   1.2395220000e+00
    100000    86.00000000   1.2468760000e+00
    100000    88.00000000   1.2512080000e+00
    100000    90.00000000   1.2524960000e+00
    150000   -90.00000000   1.2524960000e+00
    150000   -88.00000000   1.2528240000e+00
    150000   -86.00000000   1.2501070000e+00
    150000   -84.00000000   1.2443630000e+00
    150000   -82.00000000   1.2356280000e+00
    150000   -80.00000000   1.2239520000e+00
    150000   -78.00000000   1.2093970000e+00
    150000   -76.00000000   1.1920420000e+00
    150000   -74.00000000   1.1719770000e+00
    150000   -72.00000000   1.1493070000e+00
    150000   -70.00000000   1.1241480000e+00
    150000   -68.00000000   1.0966310000e+00
    150000   -66.00000000   1.0668940000e+00
    150000   -64.00000000   1.0350890000e+00
    150000   -62.00000000   1.0013780000e+00
    150000   -60.00000000   9.6593000000e-01
    150000   -58.00000000   9.2892400000e-01
    150000   -56.00000000   8.9054600000e-01
    150000   -54.00000000   8.5099000000e-01
    150000   -52.00000000   8.1045200000e-01
    150000   -50.00000000   7.6913700000e-01
    150000   -48.00000000   7.2725000000e-01
    150000   -46.00000000   6.8500100000e-01
    150000   -44.00000000   6.4260000000e-01
    150000   -42.00000000   6.0026000000e-01
    150000   -40.00000000   5.5819000000e-01
    150000   -38.00000000   5.1660000000e-01
    150000   -36.00000000   4.7569800000e-01
    150000   -34.00000000   4.3568600000e-01
    150000   -32.00000000   3.9676300000e-01
    150000   -30.00000000   3.5912300000e-01
    150000   -28.00000000   3.2295300000e-01
    150000   -26.00000000   2.8843100000e-01
    150000   -24.00000000   2.5573000000e-01
    150000   -22.00000000   2.2501100000e-01
    150000   -20.00000000   1.9642600000e-01
    150000   -18.00000000   1.7011900000e-01
    150000   -16.00000000   1.4621700000e-01
    150000   -14.00000000   1.2484200000e-01
    150000   -12.00000000   1.0609700000e-01
    150000   -10.00000000   9.0732000000e-02
    150000    -8.00000000   7.9908000000e-02
    150000    -6.00000000   4.1915000000e-02
    150000    -4.00000000   2.0780000000e-02
    150000    -2.00000000   1.5550000000e-02
    150000     0.00000000   1.1980000000e-02
    150000     2.00000000   1.2140000000e-02
    150000     4.00000000   1.3210000000e-02
    150000     6.00000000   1.5270000000e-02
    150000     8.00000000   2.5279000000e-02
    150000    10.00000000   4.7986000000e-02
    150000    12.00000000   6.2810000000e-02
    150000    14.00000000   8.3838000000e-02
    150000    16.00000000   1.0559600000e-01
    150000    18.00000000   1.2992800000e-01
    150000    20.00000000   1.5671600000e-01
    150000    22.00000000   1.8582900000e-01
    150000    24.00000000   2.1712400000e-01
    150000    26.00000000   2.5044900000e-01
    150000    28.00000000   2.8564000000e-01
    150000    30.00000000   3.2252600000e-01
    150000    32.00000000   3.6092600000e-01
    150000    34.00000000   4.0065200000e-01
    150000    36.00000000   4.4151000000e-01
    150000    38.00000000   4.8330000000e-01
    150000    40.00000000   5.2581800000e-01
    150000    42.00000000   5.6885500000e-01
    150000    44.00000000   6.1220200000e-01
    150000    46.00000000   6.5564500000e-01
    150000    48.00000000   6.9897300000e-01
    150000    50.00000000   7.4197300000e-01
    150000    52.00000000   7.8443500000e-01
    150000    54.00000000   8.2615100000e-01
    150000    56.00000000   8.6691600000e-01
    150000    58.00000000   9.0653000000e-01
    150000    60.00000000   9.4480000000e-01
    150000    62.00000000   9.8153800000e-01
    150000    64.00000000   1.0165640000e+00
    150000    66.00000000   1.0497060000e+00
    150000    68.00000000   1.0808000000e+00
    150000    70.00000000   1.1096950000e+00
    150000    72.00000000   1.1362480000e+00
    150000    74.00000000   1.1603290000e+00
    150000    76.00000000   1.1818190000e+00
    150000    78.00000000   1.2006110000e+00
    150000    80.00000000   1.2166140000e+00
    150000    82.00000000   1.2297470000e+00
    150000    84.00000000   1.2399460000e+00
    150000    86.00000000   1.2471590000e+00
    150000    88.00000000   1.2513490000e+00
    150000    90.00000000   1.2524960000e+00
    200000   -90.00000000   1.2524960000e+00
    200000   -88.00000000   1.2523890000e+00
    200000   -86.00000000   1.2492360000e+00
    200000   -84.00000000   1.2430590000e+00
    200000   -82.00000000   1.2338920000e+00
    200000   -80.00000000   1.2217850000e+00
    200000   -78.00000000   1.2068030000e+00
    200000   -76.00000000   1.1890230000e+00
    200000   -74.00000000   1.1685380000e+00
    200000   -72.00000000   1.1454510000e+00
    200000   -70.00000000   1.1198810000e+00
    200000   -68.00000000   1.0919570000e+00
    200000   -66.00000000   1.0618190000e+00
    200000   -64.00000000   1.0296190000e+00
    200000   -62.00000000   9.9552000000e-01
    200000   -60.00000000   9.5969100000e-01
    200000   -58.00000000   9.2231200000e-01
    200000   -56.00000000   8.8356900000e-01
    200000   -54.00000000   8.4365600000e-01
    200000   -52.00000000   8.0277100000e-01
    200000   -50.00000000   7.6111700000e-01
    200000   -48.00000000   7.1890100000e-01
    200000   -46.00000000   6.7633400000e-01
    200000   -44.00000000   6.3362500000e-01
    200000   -42.00000000   5.9098700000e-01
    200000   -40.00000000   5.4863200000e-01
    200000   -38.00000000   5.0676800000e-01
    200000   -36.00000000   4.6560400000e-01
    200000   -34.00000000   4.2534200000e-01
    200000   -32.00000000   3.8618200000e-01
    200000   -30.00000000   3.4831800000e-01
    200000   -28.00000000   3.1193600000e-01
    200000   -26.00000000   2.7721700000e-01
    200000   -24.00000000   2.4433100000e-01
    200000   -22.00000000   2.1344200000e-01
    200000   -20.00000000   1.8470200000e-01
    200000   -18.00000000   1.5825200000e-01
    200000   -16.00000000   1.3422400000e-01
    200000   -14.00000000   1.1273500000e-01
    200000   -12.00000000   9.3892000000e-02
    200000   -10.00000000   7.7788000000e-02
    200000    -8.00000000   6.5458000000e-02
    200000    -6.00000000   2.7365000000e-02
    200000    -4.00000000   1.6871000000e-02
    200000    -2.00000000   1.2440000000e-02
    200000     0.00000000   9.5900000000e-03
    200000     2.00000000   1.0240000000e-02
    200000     4.00000000   1.1740000000e-02
    200000     6.00000000   1.4300000000e-02
    200000     8.00000000   2.4128000000e-02
    200000    10.00000000   3.8548000000e-02
    200000    12.00000000   5.4937000000e-02
    200000    14.00000000   7.4869000000e-02
    200000    16.00000000   9.6710000000e-02
    200000    18.00000000   1.2113600000e-01
    200000    20.00000000   1.4803000000e-01
    200000    22.00000000   1.7725800000e-01
    200000    24.00000000   2.0868000000e-01
    200000    26.00000000   2.4214100000e-01
    200000    28.00000000   2.7747800000e-01
    200000    30.00000000   3.1452100000e-01
    200000    32.00000000   3.5308700000e-01
    200000    34.00000000   3.9298800000e-01
    200000    36.00000000   4.3403100000e-01
    200000    38.00000000   4.7601600000e-01
    200000    40.00000000   5.1873700000e-01
    200000    42.00000000   5.6198600000e-01
    200000    44.00000000   6.0555200000e-01
    200000    46.00000000   6.4922400000e-01
    200000    48.00000000   6.9278800000e-01
    200000    50.00000000   7.3603100000e-01
    200000    52.00000000   7.7874400000e-01
    200000    54.00000000   8.2071700000e-01
    200000    56.00000000   8.6174600000e-01
    200000    58.00000000   9.0163200000e-01
    200000    60.00000000   9.4017800000e-01
    200000    62.00000000   9.7719900000e-01
    200000    64.00000000   1.0125120000e+00
    200000    66.00000000   1.0459460000e+00
    200000    68.00000000   1.0773370000e+00
    200000    70.00000000   1.1065330000e+00
    200000    72.00000000   1.1333920000e+00
    200000    74.00000000   1.1577810000e+00
    200000    76.00000000   1.1795820000e+00
    200000    78.00000000   1.1986890000e+00
    200000    80.00000000   1.2150090000e+00
    200000    82.00000000   1.2284610000e+00
    200000    84.00000000   1.2389800000e+00
    200000    86.00000000   1.2465140000e+00
    200000    88.00000000   1.2510270000e+00
    200000    90.00000000   1.2524960000e+00
    250000   -90.00000000   1.2524960000e+00
    250000   -88.00000000   1.2519020000e+00
    250000   -86.00000000   1.2482630000e+00
    250000   -84.00000000   1.2416000000e+00
    250000   -82.00000000   1.2319500000e+00
    250000   -80.00000000   1.2193630000e+00
    250000   -78.00000000   1.2039020000e+00
    250000   -76.00000000   1.1856480000e+00
    250000   -74.00000000   1.1646920000e+00
    250000   -72.00000000   1.1411400000e+00
    250000   -70.00000000   1.1151090000e+00
    250000   -68.00000000   1.0867300000e+00
    250000   -66.00000000   1.0561440000e+00
    250000   -64.00000000   1.0235030000e+00
    250000   -62.00000000   9.8897000000e-01
    250000   -60.00000000   9.5271500000e-01
    250000   -58.00000000   9.1491900000e-01
    250000   -56.00000000   8.7576800000e-01
    250000   -54.00000000   8.3545500000e-01
    250000   -52.00000000   7.9418100000e-01
    250000   -50.00000000   7.5214900000e-01
    250000   -48.00000000   7.0956600000e-01
    250000   -46.00000000   6.6664200000e-01
    250000   -44.00000000   6.2358900000e-01
    250000   -42.00000000   5.8061900000e-01
    250000   -40.00000000   5.3794400000e-01
    250000   -38.00000000   4.9577400000e-01
    250000   -36.00000000   4.5431700000e-01
    250000   -34.00000000   4.1377600000e-01
    250000   -32.00000000   3.7435100000e-01
    250000   -30.00000000   3.3623500000e-01
    250000   -28.00000000   2.9961700000e-01
    250000   -26.00000000   2.6467700000e-01
    250000   -24.00000000   2.3158600000e-01
    250000   -22.00000000   2.0050600000e-01
    250000   -20.00000000   1.7159100000e-01
    250000   -18.00000000   1.4498300000e-01
    250000   -16.00000000   1.2081200000e-01
    250000   -14.00000000   9.9198000000e-02
    250000   -12.00000000   8.0245000000e-02
    250000   -10.00000000   6.4049000000e-02
    250000    -8.00000000   4.9236000000e-02
    250000    -6.00000000   2.5190000000e-02
    250000    -4.00000000   1.4170000000e-02
    250000    -2.00000000   1.0790000000e-02
    250000     0.00000000   8.3200000000e-03
    250000     2.00000000   9.2400000000e-03
    250000     4.00000000   1.0920000000e-02
    250000     6.00000000   1.4010000000e-02
    250000     8.00000000   2.2412000000e-02
    250000    10.00000000   3.1860000000e-02
    250000    12.00000000   5.0111000000e-02
    250000    14.00000000   6.9305000000e-02
    250000    16.00000000   9.1198000000e-02
    250000    18.00000000   1.1568300000e-01
    250000    20.00000000   1.4264100000e-01
    250000    22.00000000   1.7194100000e-01
    250000    24.00000000   2.0344100000e-01
    250000    26.00000000   2.3698700000e-01
    250000    28.00000000   2.7241500000e-01
    250000    30.00000000   3.0955500000e-01
    250000    32.00000000   3.4822400000e-01
    250000    34.00000000   3.8823400000e-01
    250000    36.00000000   4.2939200000e-01
    250000    38.00000000   4.7149700000e-01
    250000    40.00000000   5.1434400000e-01
    250000    42.00000000   5.5772400000e-01
    250000    44.00000000   6.0142700000e-01
    250000    46.00000000   6.4524100000e-01
    250000    48.00000000   6.8895100000e-01
    250000    50.00000000   7.3234600000e-01
    250000    52.00000000   7.7521400000e-01
    250000    54.00000000   8.1734700000e-01
    250000    56.00000000   8.5854000000e-01
    250000    58.00000000   8.9859300000e-01
    250000    60.00000000   9.3731100000e-01
    250000    62.00000000   9.7450700000e-01
    250000    64.00000000   1.0099980000e+00
    250000    66.00000000   1.0436130000e+00
    250000    68.00000000   1.0751890000e+00
    250000    70.00000000   1.1045720000e+00
    250000    72.00000000   1.1316200000e+00
    250000    74.00000000   1.1562000000e+00
    250000    76.00000000   1.1781950000e+00
    250000    78.00000000   1.1974970000e+00
    250000    80.00000000   1.2140130000e+00
    250000    82.00000000   1.2276630000e+00
    250000    84.00000000   1.2383800000e+00
    250000    86.00000000   1.2461140000e+00
    250000    88.00000000   1.2508270000e+00
    250000    90.00000000   1.2524960000e+00
     50000   -90.00000000   1.2524960000e+00
     50000   -88.00000000   1.2523630000e+00
     50000   -86.00000000   1.2491850000e+00
     50000   -84.00000000   1.2429810000e+00
     50000   -82.00000000   1.2337890000e+00
     50000   -80.00000000   1.2216570000e+00
     50000   -78.00000000   1.2066490000e+00
     50000   -76.00000000   1.1888440000e+00
     50000   -74.00000000   1.1683340000e+00
     50000   -72.00000000   1.1452220000e+00
     50000   -70.00000000   1.1196280000e+00
     50000   -68.00000000   1.0916790000e+00
     50000   -66.00000000   1.0615180000e+00
     50000   -64.00000000   1.0292950000e+00
     50000   -62.00000000   9.9517200000e-01
     50000   -60.00000000   9.5932100000e-01
     50000   -58.00000000   9.2192000000e-01
     50000   -56.00000000   8.8315500000e-01
     50000   -54.00000000   8.4322100000e-01
     50000   -52.00000000   8.0231500000e-01
     50000   -50.00000000   7.6064100000e-01
     50000   -48.00000000   7.1840600000e-01
     50000   -46.00000000   6.7581900000e-01
     50000   -44.00000000   6.3309200000e-01
     50000   -42.00000000   5.9043700000e-01
     50000   -40.00000000   5.4806500000e-01
     50000   -38.00000000   5.0618500000e-01
     50000   -36.00000000   4.6500500000e-01
     50000   -34.00000000   4.2472800000e-01
     50000   -32.00000000   3.8555400000e-01
     50000   -30.00000000   3.4767600000e-01
     50000   -28.00000000   3.1128200000e-01
     50000   -26.00000000   2.7655100000e-01
     50000   -24.00000000   2.4365500000e-01
     50000   -22.00000000   2.1275500000e-01
     50000   -20.00000000   1.8400600000e-01
     50000   -18.00000000   1.5754800000e-01
     50000   -16.00000000   1.3351200000e-01
     50000   -14.00000000   1.1201600000e-01
     50000   -12.00000000   9.3168000000e-02
     50000   -10.00000000   7.7059000000e-02
     50000    -8.00000000   6.3769000000e-02
     50000    -6.00000000   5.9406000000e-02
     50000    -4.00000000   4.4291000000e-02
     50000    -2.00000000   2.9670000000e-02
     50000     0.00000000   2.8650000000e-02
     50000     2.00000000   3.5740000000e-02
     50000     4.00000000   4.2520000000e-02
     50000     6.00000000   4.9400000000e-02
     50000     8.00000000   3.0101000000e-02
     50000    10.00000000   4.5462000000e-02
     50000    12.00000000   6.1723000000e-02
     50000    14.00000000   7.7871000000e-02
     50000    16.00000000   9.9685000000e-02
     50000    18.00000000   1.2408000000e-01
     50000    20.00000000   1.5093800000e-01
     50000    22.00000000   1.8012700000e-01
     50000    24.00000000   2.1150700000e-01
     50000    26.00000000   2.4492200000e-01
     50000    28.00000000   2.8021100000e-01
     50000    30.00000000   3.1720100000e-01
     50000    32.00000000   3.5571100000e-01
     50000    34.00000000   3.9555400000e-01
     50000    36.00000000   4.3653500000e-01
     50000    38.00000000   4.7845400000e-01
     50000    40.00000000   5.2110700000e-01
     50000    42.00000000   5.6428500000e-01
     50000    44.00000000   6.0777800000e-01
     50000    46.00000000   6.5137400000e-01
     50000    48.00000000   6.9485900000e-01
     50000    50.00000000   7.3802100000e-01
     50000    52.00000000   7.8064900000e-01
     50000    54.00000000   8.2253600000e-01
     50000    56.00000000   8.6347700000e-01
     50000    58.00000000   9.0327200000e-01
     50000    60.00000000   9.4172600000e-01
     50000    62.00000000   9.7865100000e-01
     50000    64.00000000   1.0138680000e+00
     50000    66.00000000   1.0472040000e+00
     50000    68.00000000   1.0784970000e+00
     50000    70.00000000   1.1075920000e+00
     50000    72.00000000   1.1343480000e+00
     50000    74.00000000   1.1586340000e+00
     50000    76.00000000   1.1803310000e+00
     50000    78.00000000   1.1993330000e+00
     50000    80.00000000   1.2155460000e+00
     50000    82.00000000   1.2288910000e+00
     50000    84.00000000   1.2393030000e+00
     50000    86.00000000   1.2467300000e+00
     50000    88.00000000   1.2511350000e+00
     50000    90.00000000   1.2524960000e+00
    100000   -90.00000000   1.2524960000e+00
    100000   -88.00000000   1.2528050000e+00
    100000   -86.00000000   1.2500670000e+00
    100000   -84.00000000   1.2443040000e+00
    100000   -82.00000000   1.2355500000e+00
    100000   -80.00000000   1.2238540000e+00
    100000   -78.00000000   1.2092800000e+00
    100000   -76.00000000   1.1919060000e+00
    100000   -74.00000000   1.1718220000e+00
    100000   -72.00000000   1.1491330000e+00
    100000   -70.00000000   1.1239560000e+00
    100000   -68.00000000   1.0964200000e+00
    100000   -66.00000000   1.0666650000e+00
    100000   -64.00000000   1.0348420000e+00
    100000   -62.00000000   1.0011140000e+00
    100000   -60.00000000   9.6564800000e-01
    100000   -58.00000000   9.2862600000e-01
    100000   -56.00000000   8.9023200000e-01
    100000   -54.00000000   8.5065900000e-01
    100000   -52.00000000   8.1010600000e-01
    100000   -50.00000000   7.6877500000e-01
    100000   -48.00000000   7.2687300000e-01
    100000   -46.00000000   6.8461000000e-01
    100000   -44.00000000   6.4219600000e-01
    100000   -42.00000000   5.9984200000e-01
    100000   -40.00000000   5.5775900000e-01
    100000   -38.00000000   5.1615700000e-01
    100000   -36.00000000   4.7524300000e-01
    100000   -34.00000000   4.3522000000e-01
    100000   -32.00000000   3.9628600000e-01
    100000   -30.00000000   3.5863600000e-01
    100000   -28.00000000   3.2245600000e-01
    100000   -26.00000000   2.8792500000e-01
    100000   -24.00000000   2.5521600000e-01
    100000   -22.00000000   2.2448900000e-01
    100000   -20.00000000   1.9589800000e-01
    100000   -18.00000000   1.6958300000e-01
    100000   -16.00000000   1.4567700000e-01
    100000   -14.00000000   1.2429600000e-01
    100000   -12.00000000   1.0554600000e-01
    100000   -10.00000000   8.9522000000e-02
    100000    -8.00000000   7.7883000000e-02
    100000    -6.00000000   6.5950000000e-02
    100000    -4.00000000   2.8835000000e-02
    100000    -2.00000000   2.1050000000e-02
    100000     0.00000000   1.7570000000e-02
    100000     2.00000000   1.6890000000e-02
    100000     4.00000000   1.7210000000e-02
    100000     6.00000000   1.8360000000e-02
    100000     8.00000000   3.2174000000e-02
    100000    10.00000000   5.3302000000e-02
    100000    12.00000000   7.6543000000e-02
    100000    14.00000000   9.4772000000e-02
    100000    16.00000000   1.1642800000e-01
    100000    18.00000000   1.4064500000e-01
    100000    20.00000000   1.6730500000e-01
    100000    22.00000000   1.9627700000e-01
    100000    24.00000000   2.2741900000e-01
    100000    26.00000000   2.6057700000e-01
    100000    28.00000000   2.9559000000e-01
    100000    30.00000000   3.3228500000e-01
    100000    32.00000000   3.7048200000e-01
    100000    34.00000000   4.0999400000e-01
    100000    36.00000000   4.5062700000e-01
    100000    38.00000000   4.9218000000e-01
    100000    40.00000000   5.3445000000e-01
    100000    42.00000000   5.7723000000e-01
    100000    44.00000000   6.2030800000e-01
    100000    46.00000000   6.6347300000e-01
    100000    48.00000000   7.0651300000e-01
    100000    50.00000000   7.4921700000e-01
    100000    52.00000000   7.9137300000e-01
    100000    54.00000000   8.3277400000e-01
    100000    56.00000000   8.7321700000e-01
    100000    58.00000000   9.1250200000e-01
    100000    60.00000000   9.5043500000e-01
    100000    62.00000000   9.8682900000e-01
    100000    64.00000000   1.0215040000e+00
    100000    66.00000000   1.0542890000e+00
    100000    68.00000000   1.0850210000e+00
    100000    70.00000000   1.1135490000e+00
    100000    72.00000000   1.1397300000e+00
    100000    74.00000000   1.1634350000e+00
    100000    76.00000000   1.1845450000e+00
    100000    78.00000000   1.2029540000e+00
    100000    80.00000000   1.2185710000e+00
    100000    82.00000000   1.2313150000e+00
    100000    84.00000000   1.2411240000e+00
    100000    86.00000000   1.2479450000e+00
    100000    88.00000000   1.2517430000e+00
    100000    90.00000000   1.2524960000e+00
    150000   -90.00000000   1.2524960000e+00
    150000   -88.00000000   1.2526690000e+00
    150000   -86.00000000   1.2497960000e+00
    150000   -84.00000000   1.2438970000e+00
    150000   -82.00000000   1.2350090000e+00
    150000   -80.00000000   1.2231790000e+00
    150000   -78.00000000   1.2084710000e+00
    150000   -76.00000000   1.1909640000e+00
    150000   -74.00000000   1.1707490000e+00
    150000   -72.00000000   1.1479310000e+00
    150000   -70.00000000   1.1226250000e+00
    150000   -68.00000000   1.0949620000e+00
    150000   -66.00000000   1.0650820000e+00
    150000   -64.00000000   1.0331370000e+00
    150000   -62.00000000   9.9928700000e-01
    150000   -60.00000000   9.6370300000e-01
    150000   -58.00000000   9.2656400000e-01
    150000   -56.00000000   8.8805600000e-01
    150000   -54.00000000   8.4837200000e-01
    150000   -52.00000000   8.0771000000e-01
    150000   -50.00000000   7.6627400000e-01
    150000   -48.00000000   7.2427000000e-01
    150000   -46.00000000   6.8190700000e-01
    150000   -44.00000000   6.3939600000e-01
    150000   -42.00000000   5.9695000000e-01
    150000   -40.00000000   5.5477800000e-01
    150000   -38.00000000   5.1309100000e-01
    150000   -36.00000000   4.7209500000e-01
    150000   -34.00000000   4.3199400000e-01
    150000   -32.00000000   3.9298600000e-01
    150000   -30.00000000   3.5526600000e-01
    150000   -28.00000000   3.1902000000e-01
    150000   -26.00000000   2.8442800000e-01
    150000   -24.00000000   2.5166100000e-01
    150000   -22.00000000   2.2088100000e-01
    150000   -20.00000000   1.9224100000e-01
    150000   -18.00000000   1.6588300000e-01
    150000   -16.00000000   1.4193600000e-01
    150000   -14.00000000   1.2052000000e-01
    150000   -12.00000000   1.0174000000e-01
    150000   -10.00000000   8.5857000000e-02
    150000    -8.00000000   7.9362000000e-02
    150000    -6.00000000   5.3246000000e-02
    150000    -4.00000000   2.0060000000e-02
    150000    -2.00000000   1.5230000000e-02
    150000     0.00000000   1.1870000000e-02
    150000     2.00000000   1.2100000000e-02
    150000     4.00000000   1.3110000000e-02
    150000     6.00000000   1.4417000000e-02
    150000     8.00000000   1.5860000000e-02
    150000    10.00000000   3.2034000000e-02
    150000    12.00000000   4.5845000000e-02
    150000    14.00000000   6.5073000000e-02
    150000    16.00000000   8.7006000000e-02
    150000    18.00000000   1.1153600000e-01
    150000    20.00000000   1.3854300000e-01
    150000    22.00000000   1.6789800000e-01
    150000    24.00000000   1.9945700000e-01
    150000    26.00000000   2.3306700000e-01
    150000    28.00000000   2.6856500000e-01
    150000    30.00000000   3.0577800000e-01
    150000    32.00000000   3.4452600000e-01
    150000    34.00000000   3.8461900000e-01
    150000    36.00000000   4.2586400000e-01
    150000    38.00000000   4.6806100000e-01
    150000    40.00000000   5.1100300000e-01
    150000    42.00000000   5.5448400000e-01
    150000    44.00000000   5.9829100000e-01
    150000    46.00000000   6.4221100000e-01
    150000    48.00000000   6.8603300000e-01
    150000    50.00000000   7.2954200000e-01
    150000    52.00000000   7.7252900000e-01
    150000    54.00000000   8.1478300000e-01
    150000    56.00000000   8.5610100000e-01
    150000    58.00000000   8.9628200000e-01
    150000    60.00000000   9.3513100000e-01
    150000    62.00000000   9.7245900000e-01
    150000    64.00000000   1.0080860000e+00
    150000    66.00000000   1.0418400000e+00
    150000    68.00000000   1.0735560000e+00
    150000    70.00000000   1.1030810000e+00
    150000    72.00000000   1.1302720000e+00
    150000    74.00000000   1.1549980000e+00
    150000    76.00000000   1.1771400000e+00
    150000    78.00000000   1.1965900000e+00
    150000    80.00000000   1.2132560000e+00
    150000    82.00000000   1.2270560000e+00
    150000    84.00000000   1.2379240000e+00
    150000    86.00000000   1.2458100000e+00
    150000    88.00000000   1.2506740000e+00
    150000    90.00000000   1.2524960000e+00
    200000   -90.00000000   1.2524960000e+00
    200000   -88.00000000   1.2526190000e+00
    200000   -86.00000000   1.2496970000e+00
    200000   -84.00000000   1.2437490000e+00
    200000   -82.00000000   1.2348110000e+00
    200000   -80.00000000   1.2229330000e+00
    200000   -78.00000000   1.2081770000e+00
    200000   -76.00000000   1.1906220000e+00
    200000   -74.00000000   1.1703590000e+00
    200000   -72.00000000   1.1474930000e+00
    200000   -70.00000000   1.1221400000e+00
    200000   -68.00000000   1.0944310000e+00
    200000   -66.00000000   1.0645060000e+00
    200000   -64.00000000   1.0325160000e+00
    200000   -62.00000000   9.9862200000e-01
    200000   -60.00000000   9.6299400000e-01
    200000   -58.00000000   9.2581300000e-01
    200000   -56.00000000   8.8726400000e-01
    200000   -54.00000000   8.4753900000e-01
    200000   -52.00000000   8.0683800000e-01
    200000   -50.00000000   7.6536300000e-01
    200000   -48.00000000   7.2332200000e-01
    200000   -46.00000000   6.8092300000e-01
    200000   -44.00000000   6.3837700000e-01
    200000   -42.00000000   5.9589700000e-01
    200000   -40.00000000   5.5369300000e-01
    200000   -38.00000000   5.1197400000e-01
    200000   -36.00000000   4.7094900000e-01
    200000   -34.00000000   4.3081900000e-01
    200000   -32.00000000   3.9178500000e-01
    200000   -30.00000000   3.5403900000e-01
    200000   -28.00000000   3.1776900000e-01
    200000   -26.00000000   2.8315500000e-01
    200000   -24.00000000   2.5036700000e-01
    200000   -22.00000000   2.1956800000e-01
    200000   -20.00000000   1.9091000000e-01
    200000   -18.00000000   1.6453500000e-01
    200000   -16.00000000   1.4057400000e-01
    200000   -14.00000000   1.1914500000e-01
    200000   -12.00000000   1.0035400000e-01
    200000   -10.00000000   8.7852000000e-02
    200000    -8.00000000   6.9131000000e-02
    200000    -6.00000000   2.2575000000e-02
    200000    -4.00000000   1.6210000000e-02
    200000    -2.00000000   1.2320000000e-02
    200000     0.00000000   9.5200000000e-03
    200000     2.00000000   1.0180000000e-02
    200000     4.00000000   1.1670000000e-02
    200000     6.00000000   1.4130000000e-02
    200000     8.00000000   2.4521000000e-02
    200000    10.00000000   4.8983000000e-02
    200000    12.00000000   6.7986000000e-02
    200000    14.00000000   8.8638000000e-02
    200000    16.00000000   1.1035100000e-01
    200000    18.00000000   1.3463300000e-01
    200000    20.00000000   1.6136400000e-01
    200000    22.00000000   1.9041500000e-01
    200000    24.00000000   2.2164300000e-01
    200000    26.00000000   2.5489500000e-01
    200000    28.00000000   2.9000800000e-01
    200000    30.00000000   3.2681000000e-01
    200000    32.00000000   3.6512100000e-01
    200000    34.00000000   4.0475300000e-01
    200000    36.00000000   4.4551200000e-01
    200000    38.00000000   4.8719800000e-01
    200000    40.00000000   5.2960700000e-01
    200000    42.00000000   5.7253100000e-01
    200000    44.00000000   6.1576000000e-01
    200000    46.00000000   6.5908200000e-01
    200000    48.00000000   7.0228300000e-01
    200000    50.00000000   7.4515300000e-01
    200000    52.00000000   7.8748100000e-01
    200000    54.00000000   8.2905800000e-01
    200000    56.00000000   8.6968200000e-01
    200000    58.00000000   9.0915200000e-01
    200000    60.00000000   9.4727400000e-01
    200000    62.00000000   9.8386100000e-01
    200000    64.00000000   1.0187320000e+00
    200000    66.00000000   1.0517170000e+00
    200000    68.00000000   1.0826530000e+00
    200000    70.00000000   1.1113870000e+00
    200000    72.00000000   1.1377770000e+00
    200000    74.00000000   1.1616920000e+00
    200000    76.00000000   1.1830150000e+00
    200000    78.00000000   1.2016400000e+00
    200000    80.00000000   1.2174730000e+00
    200000    82.00000000   1.2304360000e+00
    200000    84.00000000   1.2404630000e+00
    200000    86.00000000   1.2475040000e+00
    200000    88.00000000   1.2515220000e+00
    200000    90.00000000   1.2524960000e+00
    250000   -90.00000000   1.2524960000e+00
    250000   -88.00000000   1.2523710000e+00
    250000   -86.00000000   1.2492000000e+00
    250000   -84.00000000   1.2430050000e+00
    250000   -82.00000000   1.2338200000e+00
    250000   -80.00000000   1.2216960000e+00
    250000   -78.00000000   1.2066960000e+00
    250000   -76.00000000   1.1888990000e+00
    250000   -74.00000000   1.1683960000e+00
    250000   -72.00000000   1.1452920000e+00
    250000   -70.00000000   1.1197050000e+00
    250000   -68.00000000   1.0917640000e+00
    250000   -66.00000000   1.0616090000e+00
    250000   -64.00000000   1.0293940000e+00
    250000   -62.00000000   9.9527800000e-01
    250000   -60.00000000   9.5943400000e-01
    250000   -58.00000000   9.2203900000e-01
    250000   -56.00000000   8.8328100000e-01
    250000   -54.00000000   8.4335300000e-01
    250000   -52.00000000   8.0245300000e-01
    250000   -50.00000000   7.6078600000e-01
    250000   -48.00000000   7.1855600000e-01
    250000   -46.00000000   6.7597600000e-01
    250000   -44.00000000   6.3325500000e-01
    250000   -42.00000000   5.9060500000e-01
    250000   -40.00000000   5.4823700000e-01
    250000   -38.00000000   5.0636200000e-01
    250000   -36.00000000   4.6518700000e-01
    250000   -34.00000000   4.2491500000e-01
    250000   -32.00000000   3.8574500000e-01
    250000   -30.00000000   3.4787200000e-01
    250000   -28.00000000   3.1148100000e-01
    250000   -26.00000000   2.7675400000e-01
    250000   -24.00000000   2.4386100000e-01
    250000   -22.00000000   2.1296500000e-01
    250000   -20.00000000   1.8421800000e-01
    250000   -18.00000000   1.5776200000e-01
    250000   -16.00000000   1.3372900000e-01
    250000   -14.00000000   1.1223500000e-01
    250000   -12.00000000   9.3389000000e-02
    250000   -10.00000000   7.7432000000e-02
    250000    -8.00000000   7.2372000000e-02
    250000    -6.00000000   2.3029000000e-02
    250000    -4.00000000   1.3790000000e-02
    250000    -2.00000000   1.0770000000e-02
    250000     0.00000000   8.3000000000e-03
    250000     2.00000000   9.1900000000e-03
    250000     4.00000000   1.0860000000e-02
    250000     6.00000000   1.3784000000e-02
    250000     8.00000000   2.0585000000e-02
    250000    10.00000000   3.4115000000e-02
    250000    12.00000000   5.1154000000e-02
    250000    14.00000000   7.0340000000e-02
    250000    16.00000000   9.2224000000e-02
    250000    18.00000000   1.1669800000e-01
    250000    20.00000000   1.4364400000e-01
    250000    22.00000000   1.7293100000e-01
    250000    24.00000000   2.0441600000e-01
    250000    26.00000000   2.3794600000e-01
    250000    28.00000000   2.7335800000e-01
    250000    30.00000000   3.1047900000e-01
    250000    32.00000000   3.4912900000e-01
    250000    34.00000000   3.8911900000e-01
    250000    36.00000000   4.3025600000e-01
    250000    38.00000000   4.7233800000e-01
    250000    40.00000000   5.1516100000e-01
    250000    42.00000000   5.5851800000e-01
    250000    44.00000000   6.0219500000e-01
    250000    46.00000000   6.4598200000e-01
    250000    48.00000000   6.8966500000e-01
    250000    50.00000000   7.3303200000e-01
    250000    52.00000000   7.7587100000e-01
    250000    54.00000000   8.1797400000e-01
    250000    56.00000000   8.5913700000e-01
    250000    58.00000000   8.9915900000e-01
    250000    60.00000000   9.3784500000e-01
    250000    62.00000000   9.7500800000e-01
    250000    64.00000000   1.0104660000e+00
    250000    66.00000000   1.0440470000e+00
    250000    68.00000000   1.0755890000e+00
    250000    70.00000000   1.1049370000e+00
    250000    72.00000000   1.1319490000e+00
    250000    74.00000000   1.1564950000e+00
    250000    76.00000000   1.1784530000e+00
    250000    78.00000000   1.1977190000e+00
    250000    80.00000000   1.2141980000e+00
    250000    82.00000000   1.2278110000e+00
    250000    84.00000000   1.2384920000e+00
    250000    86.00000000   1.2461880000e+00
    250000    88.00000000   1.2508640000e+00
    250000    90.00000000   1.2524960000e+00
     50000   -90.00000000   1.2524960000e+00
     50000   -88.00000000   1.2527890000e+00
     50000   -86.00000000   1.2500360000e+00
     50000   -84.00000000   1.2442570000e+00
     50000   -82.00000000   1.2354870000e+00
     50000   -80.00000000   1.2237760000e+00
     50000   -78.00000000   1.2091870000e+00
     50000   -76.00000000   1.1917970000e+00
     50000   -74.00000000   1.1716980000e+00
     50000   -72.00000000   1.1489940000e+00
     50000   -70.00000000   1.1238020000e+00
     50000   -68.00000000   1.0962510000e+00
     50000   -66.00000000   1.0664810000e+00
     50000   -64.00000000   1.0346450000e+00
     50000   -62.00000000   1.0009020000e+00
     50000   -60.00000000   9.6542300000e-01
     50000   -58.00000000   9.2838700000e-01
     50000   -56.00000000   8.8998000000e-01
     50000   -54.00000000   8.5039400000e-01
     50000   -52.00000000   8.0982800000e-01
     50000   -50.00000000   7.6848500000e-01
     50000   -48.00000000   7.2657200000e-01
     50000   -46.00000000   6.8429700000e-01
     50000   -44.00000000   6.4187100000e-01
     50000   -42.00000000   5.9950700000e-01
     50000   -40.00000000   5.5741400000e-01
     50000   -38.00000000   5.1580200000e-01
     50000   -36.00000000   4.7487800000e-01
     50000   -34.00000000   4.3484600000e-01
     50000   -32.00000000   3.9590400000e-01
     50000   -30.00000000   3.5824600000e-01
     50000   -28.00000000   3.2205800000e-01
     50000   -26.00000000   2.8752000000e-01
     50000   -24.00000000   2.5480400000e-01
     50000   -22.00000000   2.2407100000e-01
     50000   -20.00000000   1.9547400000e-01
     50000   -18.00000000   1.6915500000e-01
     50000   -16.00000000   1.4524300000e-01
     50000   -14.00000000   1.2385800000e-01
     50000   -12.00000000   1.0510500000e-01
     50000   -10.00000000   8.9078000000e-02
     50000    -8.00000000   7.6001000000e-02
     50000    -6.00000000   6.8146000000e-02
     50000    -4.00000000   4.5192000000e-02
     50000    -2.00000000   2.9470000000e-02
     50000     0.00000000   2.8350000000e-02
     50000     2.00000000   3.5520000000e-02
     50000     4.00000000   4.2230000000e-02
     50000     6.00000000   4.8550000000e-02
     50000     8.00000000   3.0663000000e-02
     50000    10.00000000   5.0657000000e-02
     50000    12.00000000   6.4907000000e-02
     50000    14.00000000   8.1071000000e-02
     50000    16.00000000   1.0285400000e-01
     50000    18.00000000   1.2721600000e-01
     50000    20.00000000   1.5403600000e-01
     50000    22.00000000   1.8318500000e-01
     50000    24.00000000   2.1451900000e-01
     50000    26.00000000   2.4788600000e-01
     50000    28.00000000   2.8312300000e-01
     50000    30.00000000   3.2005700000e-01
     50000    32.00000000   3.5850800000e-01
     50000    34.00000000   3.9828800000e-01
     50000    36.00000000   4.3920300000e-01
     50000    38.00000000   4.8105300000e-01
     50000    40.00000000   5.2363300000e-01
     50000    42.00000000   5.6673600000e-01
     50000    44.00000000   6.1015100000e-01
     50000    46.00000000   6.5366400000e-01
     50000    48.00000000   6.9706500000e-01
     50000    50.00000000   7.4014000000e-01
     50000    52.00000000   7.8267900000e-01
     50000    54.00000000   8.2447400000e-01
     50000    56.00000000   8.6532100000e-01
     50000    58.00000000   9.0501900000e-01
     50000    60.00000000   9.4337400000e-01
     50000    62.00000000   9.8020000000e-01
     50000    64.00000000   1.0153140000e+00
     50000    66.00000000   1.0485460000e+00
     50000    68.00000000   1.0797320000e+00
     50000    70.00000000   1.1087200000e+00
     50000    72.00000000   1.1353670000e+00
     50000    74.00000000   1.1595430000e+00
     50000    76.00000000   1.1811290000e+00
     50000    78.00000000   1.2000180000e+00
     50000    80.00000000   1.2161190000e+00
     50000    82.00000000   1.2293500000e+00
     50000    84.00000000   1.2396480000e+00
     50000    86.00000000   1.2469600000e+00
     50000    88.00000000   1.2512500000e+00
     50000    90.00000000   1.2524960000e+00
    100000   -90.00000000   1.2524960000e+00
    100000   -88.00000000   1.2530180000e+00
    100000   -86.00000000   1.2504930000e+00
    100000   -84.00000000   1.2449420000e+00
    100000   -82.00000000   1.2363990000e+00
    100000   -80.00000000   1.2249140000e+00
    100000   -78.00000000   1.2105490000e+00
    100000   -76.00000000   1.1933820000e+00
    100000   -74.00000000   1.1735040000e+00
    100000   -72.00000000   1.1510190000e+00
    100000   -70.00000000   1.1260430000e+00
    100000   -68.00000000   1.0987060000e+00
    100000   -66.00000000   1.0691470000e+00
    100000   -64.00000000   1.0375170000e+00
    100000   -62.00000000   1.0039780000e+00
    100000   -60.00000000   9.6869900000e-01
    100000   -58.00000000   9.3185900000e-01
    100000   -56.00000000   8.9364400000e-01
    100000   -54.00000000   8.5424600000e-01
    100000   -52.00000000   8.1386300000e-01
    100000   -50.00000000   7.7269800000e-01
    100000   -48.00000000   7.3095700000e-01
    100000   -46.00000000   6.8884900000e-01
    100000   -44.00000000   6.4658500000e-01
    100000   -42.00000000   6.0437600000e-01
    100000   -40.00000000   5.6243300000e-01
    100000   -38.00000000   5.2096600000e-01
    100000   -36.00000000   4.8018000000e-01
    100000   -34.00000000   4.4027900000e-01
    100000   -32.00000000   4.0146100000e-01
    100000   -30.00000000   3.6392100000e-01
    100000   -28.00000000   3.2784400000e-01
    100000   -26.00000000   2.9341000000e-01
    100000   -24.00000000   2.6079000000e-01
    100000   -22.00000000   2.3014700000e-01
    100000   -20.00000000   2.0163200000e-01
    100000   -18.00000000   1.7538700000e-01
    100000   -16.00000000   1.5154200000e-01
    100000   -14.00000000   1.3021600000e-01
    100000   -12.00000000   1.1151500000e-01
    100000   -10.00000000   9.5531000000e-02
    100000    -8.00000000   8.6211000000e-02
    100000    -6.00000000   6.6917000000e-02
    100000    -4.00000000   2.5700000000e-02
    100000    -2.00000000   2.0940000000e-02
    100000     0.00000000   1.7540000000e-02
    100000     2.00000000   1.6880000000e-02
    100000     4.00000000   1.7120000000e-02
    100000     6.00000000   1.6971000000e-02
    100000     8.00000000   1.1120000000e-02
    100000    10.00000000   2.9044000000e-02
    100000    12.00000000   4.1163000000e-02
    100000    14.00000000   6.0429000000e-02
    100000    16.00000000   8.2405000000e-02
    100000    18.00000000   1.0698300000e-01
    100000    20.00000000   1.3404500000e-01
    100000    22.00000000   1.6346000000e-01
    100000    24.00000000   1.9508500000e-01
    100000    26.00000000   2.2876500000e-01
    100000    28.00000000   2.6433900000e-01
    100000    30.00000000   3.0163300000e-01
    100000    32.00000000   3.4046600000e-01
    100000    34.00000000   3.8065100000e-01
    100000    36.00000000   4.2199200000e-01
    100000    38.00000000   4.6428900000e-01
    100000    40.00000000   5.0733700000e-01
    100000    42.00000000   5.5092700000e-01
    100000    44.00000000   5.9484700000e-01
    100000    46.00000000   6.3888600000e-01
    100000    48.00000000   6.8283000000e-01
    100000    50.00000000   7.2646600000e-01
    100000    52.00000000   7.6958200000e-01
    100000    54.00000000   8.1197000000e-01
    100000    56.00000000   8.5342500000e-01
    100000    58.00000000   8.9374600000e-01
    100000    60.00000000   9.3273800000e-01
    100000    62.00000000   9.7021200000e-01
    100000    64.00000000   1.0059880000e+00
    100000    66.00000000   1.0398930000e+00
    100000    68.00000000   1.0717620000e+00
    100000    70.00000000   1.1014440000e+00
    100000    72.00000000   1.1287930000e+00
    100000    74.00000000   1.1536790000e+00
    100000    76.00000000   1.1759820000e+00
    100000    78.00000000   1.1955950000e+00
    100000    80.00000000   1.2124240000e+00
    100000    82.00000000   1.2263900000e+00
    100000    84.00000000   1.2374240000e+00
    100000    86.00000000   1.2454760000e+00
    100000    88.00000000   1.2505070000e+00
    100000    90.00000000   1.2524960000e+00
    150000   -90.00000000   1.2524960000e+00
    150000   -88.00000000   1.2525640000e+00
    150000   -86.00000000   1.2495860000e+00
    150000   -84.00000000   1.2435830000e+00
    150000   -82.00000000   1.2345900000e+00
    150000   -80.00000000   1.2226570000e+00
    150000   -78.00000000   1.2078470000e+00
    150000   -76.00000000   1.1902380000e+00
    150000   -74.00000000   1.1699210000e+00
    150000   -72.00000000   1.1470020000e+00
    150000   -70.00000000   1.1215970000e+00
    150000   -68.00000000   1.0938360000e+00
    150000   -66.00000000   1.0638600000e+00
    150000   -64.00000000   1.0318190000e+00
    150000   -62.00000000   9.9787600000e-01
    150000   -60.00000000   9.6220000000e-01
    150000   -58.00000000   9.2497100000e-01
    150000   -56.00000000   8.8637600000e-01
    150000   -54.00000000   8.4660600000e-01
    150000   -52.00000000   8.0586000000e-01
    150000   -50.00000000   7.6434200000e-01
    150000   -48.00000000   7.2225900000e-01
    150000   -46.00000000   6.7982000000e-01
    150000   -44.00000000   6.3723500000e-01
    150000   -42.00000000   5.9471700000e-01
    150000   -40.00000000   5.5247600000e-01
    150000   -38.00000000   5.1072300000e-01
    150000   -36.00000000   4.6966400000e-01
    150000   -34.00000000   4.2950300000e-01
    150000   -32.00000000   3.9043800000e-01
    150000   -30.00000000   3.5266400000e-01
    150000   -28.00000000   3.1636700000e-01
    150000   -26.00000000   2.8172700000e-01
    150000   -24.00000000   2.4891600000e-01
    150000   -22.00000000   2.1809500000e-01
    150000   -20.00000000   1.8941800000e-01
    150000   -18.00000000   1.6302500000e-01
    150000   -16.00000000   1.3904800000e-01
    150000   -14.00000000   1.1760400000e-01
    150000   -12.00000000   9.8801000000e-02
    150000   -10.00000000   8.2731000000e-02
    150000    -8.00000000   7.2294000000e-02
    150000    -6.00000000   5.6296000000e-02
    150000    -4.00000000   2.1350000000e-02
    150000    -2.00000000   1.5250000000e-02
    150000     0.00000000   1.1850000000e-02
    150000     2.00000000   1.2060000000e-02
    150000     4.00000000   1.3070000000e-02
    150000     6.00000000   1.5110000000e-02
    150000     8.00000000   2.8021000000e-02
    150000    10.00000000   5.0796000000e-02
    150000    12.00000000   7.4760000000e-02
    150000    14.00000000   9.5353000000e-02
    150000    16.00000000   1.1700300000e-01
    150000    18.00000000   1.4121400000e-01
    150000    20.00000000   1.6786800000e-01
    150000    22.00000000   1.9683200000e-01
    150000    24.00000000   2.2796500000e-01
    150000    26.00000000   2.6111500000e-01
    150000    28.00000000   2.9611800000e-01
    150000    30.00000000   3.3280300000e-01
    150000    32.00000000   3.7099000000e-01
    150000    34.00000000   4.1049000000e-01
    150000    36.00000000   4.5111100000e-01
    150000    38.00000000   4.9265100000e-01
    150000    40.00000000   5.3490900000e-01
    150000    42.00000000   5.7767400000e-01
    150000    44.00000000   6.2073800000e-01
    150000    46.00000000   6.6388900000e-01
    150000    48.00000000   7.0691400000e-01
    150000    50.00000000   7.4960100000e-01
    150000    52.00000000   7.9174100000e-01
    150000    54.00000000   8.3312600000e-01
    150000    56.00000000   8.7355200000e-01
    150000    58.00000000   9.1281900000e-01
    150000    60.00000000   9.5073400000e-01
    150000    62.00000000   9.8711000000e-01
    150000    64.00000000   1.0217660000e+00
    150000    66.00000000   1.0545320000e+00
    150000    68.00000000   1.0852460000e+00
    150000    70.00000000   1.1137540000e+00
    150000    72.00000000   1.1399150000e+00
    150000    74.00000000   1.1636000000e+00
    150000    76.00000000   1.1846900000e+00
    150000    78.00000000   1.2030790000e+00
    150000    80.00000000   1.2186750000e+00
    150000    82.00000000   1.2313990000e+00
    150000    84.00000000   1.2411860000e+00
    150000    86.00000000   1.2479870000e+00
    150000    88.00000000   1.2517640000e+00
    150000    90.00000000   1.2524960000e+00
    200000   -90.00000000   1.2524960000e+00
    200000   -88.00000000   1.2525390000e+00
    200000   -86.00000000   1.2495370000e+00
    200000   -84.00000000   1.2435090000e+00
    200000   -82.00000000   1.2344920000e+00
    200000   -80.00000000   1.2225340000e+00
    200000   -78.00000000   1.2076990000e+00
    200000   -76.00000000   1.1900660000e+00
    200000   -74.00000000   1.1697260000e+00
    200000   -72.00000000   1.1467830000e+00
    200000   -70.00000000   1.1213550000e+00
    200000   -68.00000000   1.0935710000e+00
    200000   -66.00000000   1.0635720000e+00
    200000   -64.00000000   1.0315090000e+00
    200000   -62.00000000   9.9754300000e-01
    200000   -60.00000000   9.6184600000e-01
    200000   -58.00000000   9.2459600000e-01
    200000   -56.00000000   8.8597900000e-01
    200000   -54.00000000   8.4618900000e-01
    200000   -52.00000000   8.0542400000e-01
    200000   -50.00000000   7.6388700000e-01
    200000   -48.00000000   7.2178500000e-01
    200000   -46.00000000   6.7932700000e-01
    200000   -44.00000000   6.3672500000e-01
    200000   -42.00000000   5.9419000000e-01
    200000   -40.00000000   5.5193400000e-01
    200000   -38.00000000   5.1016500000e-01
    200000   -36.00000000   4.6909100000e-01
    200000   -34.00000000   4.2891500000e-01
    200000   -32.00000000   3.8983700000e-01
    200000   -30.00000000   3.5205000000e-01
    200000   -28.00000000   3.1574200000e-01
    200000   -26.00000000   2.8109000000e-01
    200000   -24.00000000   2.4826900000e-01
    200000   -22.00000000   2.1743800000e-01
    200000   -20.00000000   1.8875200000e-01
    200000   -18.00000000   1.6235100000e-01
    200000   -16.00000000   1.3836700000e-01
    200000   -14.00000000   1.1691700000e-01
    200000   -12.00000000   9.8108000000e-02
    200000   -10.00000000   8.2033000000e-02
    200000    -8.00000000   7.1053000000e-02
    200000    -6.00000000   3.8674000000e-02
    200000    -4.00000000   1.6406000000e-02
    200000    -2.00000000   1.2295000000e-02
    200000     0.00000000   9.5600000000e-03
    200000     2.00000000   1.0150000000e-02
    200000     4.00000000   1.1630000000e-02
    200000     6.00000000   1.5502000000e-02
    200000     8.00000000   4.5391000000e-02
    200000    10.00000000   7.3849000000e-02
    200000    12.00000000   8.5099000000e-02
    200000    14.00000000   1.0401200000e-01
    200000    16.00000000   1.2558200000e-01
    200000    18.00000000   1.4970200000e-01
    200000    20.00000000   1.7625400000e-01
    200000    22.00000000   2.0510700000e-01
    200000    24.00000000   2.3611900000e-01
    200000    26.00000000   2.6913700000e-01
    200000    28.00000000   3.0399800000e-01
    200000    30.00000000   3.4053200000e-01
    200000    32.00000000   3.7855800000e-01
    200000    34.00000000   4.1788900000e-01
    200000    36.00000000   4.5833100000e-01
    200000    38.00000000   4.9968400000e-01
    200000    40.00000000   5.4174500000e-01
    200000    42.00000000   5.8430700000e-01
    200000    44.00000000   6.2715800000e-01
    200000    46.00000000   6.7008900000e-01
    200000    48.00000000   7.1288600000e-01
    200000    50.00000000   7.5533800000e-01
    200000    52.00000000   7.9723600000e-01
    200000    54.00000000   8.3837200000e-01
    200000    56.00000000   8.7854200000e-01
    200000    58.00000000   9.1754800000e-01
    200000    60.00000000   9.5519600000e-01
    200000    62.00000000   9.9129900000e-01
    200000    64.00000000   1.0256790000e+00
    200000    66.00000000   1.0581620000e+00
    200000    68.00000000   1.0885890000e+00
    200000    70.00000000   1.1168060000e+00
    200000    72.00000000   1.1426730000e+00
    200000    74.00000000   1.1660600000e+00
    200000    76.00000000   1.1868490000e+00
    200000    78.00000000   1.2049340000e+00
    200000    80.00000000   1.2202240000e+00
    200000    82.00000000   1.2326410000e+00
    200000    84.00000000   1.2421190000e+00
    200000    86.00000000   1.2486090000e+00
    200000    88.00000000   1.2520750000e+00
    200000    90.00000000   1.2524960000e+00
    250000   -90.00000000   1.2524960000e+00
    250000   -88.00000000   1.2525940000e+00
    250000   -86.00000000   1.2496460000e+00
    250000   -84.00000000   1.2436720000e+00
    250000   -82.00000000   1.2347090000e+00
    250000   -80.00000000   1.2228040000e+00
    250000   -78.00000000   1.2080230000e+00
    250000   -76.00000000   1.1904430000e+00
    250000   -74.00000000   1.1701550000e+00
    250000   -72.00000000   1.1472650000e+00
    250000   -70.00000000   1.1218880000e+00
    250000   -68.00000000   1.0941550000e+00
    250000   -66.00000000   1.0642060000e+00
    250000   -64.00000000   1.0321920000e+00
    250000   -62.00000000   9.9827500000e-01
    250000   -60.00000000   9.6262500000e-01
    250000   -58.00000000   9.2542200000e-01
    250000   -56.00000000   8.8685100000e-01
    250000   -54.00000000   8.4710500000e-01
    250000   -52.00000000   8.0638300000e-01
    250000   -50.00000000   7.6488900000e-01
    250000   -48.00000000   7.2282800000e-01
    250000   -46.00000000   6.8041000000e-01
    250000   -44.00000000   6.3784600000e-01
    250000   -42.00000000   5.9534800000e-01
    250000   -40.00000000   5.5312700000e-01
    250000   -38.00000000   5.1139300000e-01
    250000   -36.00000000   4.7035100000e-01
    250000   -34.00000000   4.3020700000e-01
    250000   -32.00000000   3.9115900000e-01
    250000   -30.00000000   3.5340000000e-01
    250000   -28.00000000   3.1711700000e-01
    250000   -26.00000000   2.8249100000e-01
    250000   -24.00000000   2.4969200000e-01
    250000   -22.00000000   2.1888300000e-01
    250000   -20.00000000   1.9021600000e-01
    250000   -18.00000000   1.6383300000e-01
    250000   -16.00000000   1.3986500000e-01
    250000   -14.00000000   1.1842900000e-01
    250000   -12.00000000   9.9632000000e-02
    250000   -10.00000000   9.0453000000e-02
    250000    -8.00000000   6.6820000000e-02
    250000    -6.00000000   1.7158000000e-02
    250000    -4.00000000   1.3820000000e-02
    250000    -2.00000000   1.0760000000e-02
    250000     0.00000000   8.4030000000e-03
    250000     2.00000000   9.1600000000e-03
    250000     4.00000000   1.0840000000e-02
    250000     6.00000000   1.3892000000e-02
    250000     8.00000000   2.0595000000e-02
    250000    10.00000000   3.4125000000e-02
    250000    12.00000000   5.1164000000e-02
    250000    14.00000000   7.0350000000e-02
    250000    16.00000000   9.2233000000e-02
    250000    18.00000000   1.1670800000e-01
    250000    20.00000000   1.4365400000e-01
    250000    22.00000000   1.7294000000e-01
    250000    24.00000000   2.0442500000e-01
    250000    26.00000000   2.3795500000e-01
    250000    28.00000000   2.7336700000e-01
    250000    30.00000000   3.1048800000e-01
    250000    32.00000000   3.4913700000e-01
    250000    34.00000000   3.8912800000e-01
    250000    36.00000000   4.3026400000e-01
    250000    38.00000000   4.7234600000e-01
    250000    40.00000000   5.1516900000e-01
    250000    42.00000000   5.5852500000e-01
    250000    44.00000000   6.0220200000e-01
    250000    46.00000000   6.4598900000e-01
    250000    48.00000000   6.8967200000e-01
    250000    50.00000000   7.3303800000e-01
    250000    52.00000000   7.7587700000e-01
    250000    54.00000000   8.1798000000e-01
    250000    56.00000000   8.5914200000e-01
    250000    58.00000000   8.9916400000e-01
    250000    60.00000000   9.3785000000e-01
    250000    62.00000000   9.7501200000e-01
    250000    64.00000000   1.0104700000e+00
    250000    66.00000000   1.0440520000e+00
    250000    68.00000000   1.0755930000e+00
    250000    70.00000000   1.1049410000e+00
    250000    72.00000000   1.1319530000e+00
    250000    74.00000000   1.1564970000e+00
    250000    76.00000000   1.1784560000e+00
    250000    78.00000000   1.1977210000e+00
    250000    80.00000000   1.2142000000e+00
    250000    82.00000000   1.2278130000e+00
    250000    84.00000000   1.2384930000e+00
    250000    86.00000000   1.2461890000e+00
    250000    88.00000000   1.2508640000e+00
    250000    90.00000000   1.2524960000e+00
     50000   -90.00000000   1.2524960000e+00
     50000   -88.00000000   1.2532380000e+00
     50000   -86.00000000   1.2509330000e+00
     50000   -84.00000000   1.2456010000e+00
     50000   -82.00000000   1.2372770000e+00
     50000   -80.00000000   1.2260090000e+00
     50000   -78.00000000   1.2118600000e+00
     50000   -76.00000000   1.1949080000e+00
     50000   -74.00000000   1.1752420000e+00
     50000   -72.00000000   1.1529670000e+00
     50000   -70.00000000   1.1282000000e+00
     50000   -68.00000000   1.1010680000e+00
     50000   -66.00000000   1.0717120000e+00
     50000   -64.00000000   1.0402820000e+00
     50000   -62.00000000   1.0069390000e+00
     50000   -60.00000000   9.7185200000e-01
     50000   -58.00000000   9.3520100000e-01
     50000   -56.00000000   8.9717000000e-01
     50000   -54.00000000   8.5795200000e-01
     50000   -52.00000000   8.1774500000e-01
     50000   -50.00000000   7.7675100000e-01
     50000   -48.00000000   7.3517600000e-01
     50000   -46.00000000   6.9322900000e-01
     50000   -44.00000000   6.5112100000e-01
     50000   -42.00000000   6.0906300000e-01
     50000   -40.00000000   5.6726400000e-01
     50000   -38.00000000   5.2593500000e-01
     50000   -36.00000000   4.8528100000e-01
     50000   -34.00000000   4.4550600000e-01
     50000   -32.00000000   4.0680900000e-01
     50000   -30.00000000   3.6938200000e-01
     50000   -28.00000000   3.3341200000e-01
     50000   -26.00000000   2.9907800000e-01
     50000   -24.00000000   2.6655100000e-01
     50000   -22.00000000   2.3599400000e-01
     50000   -20.00000000   2.0755700000e-01
     50000   -18.00000000   1.8138400000e-01
     50000   -16.00000000   1.5760400000e-01
     50000   -14.00000000   1.3633500000e-01
     50000   -12.00000000   1.1768300000e-01
     50000   -10.00000000   1.0174100000e-01
     50000    -8.00000000   8.9719000000e-02
     50000    -6.00000000   7.8290000000e-02
     50000    -4.00000000   4.3335000000e-02
     50000    -2.00000000   2.9290000000e-02
     50000     0.00000000   2.8100000000e-02
     50000     2.00000000   3.5340000000e-02
     50000     4.00000000   4.2080000000e-02
     50000     6.00000000   4.1340000000e-02
     50000     8.00000000   3.9037000000e-02
     50000    10.00000000   3.1781000000e-02
     50000    12.00000000   4.6872000000e-02
     50000    14.00000000   6.6092000000e-02
     50000    16.00000000   8.8015000000e-02
     50000    18.00000000   1.1253400000e-01
     50000    20.00000000   1.3953000000e-01
     50000    22.00000000   1.6887200000e-01
     50000    24.00000000   2.0041600000e-01
     50000    26.00000000   2.3401100000e-01
     50000    28.00000000   2.6949200000e-01
     50000    30.00000000   3.0668700000e-01
     50000    32.00000000   3.4541600000e-01
     50000    34.00000000   3.8549000000e-01
     50000    36.00000000   4.2671400000e-01
     50000    38.00000000   4.6888800000e-01
     50000    40.00000000   5.1180800000e-01
     50000    42.00000000   5.5526400000e-01
     50000    44.00000000   5.9904600000e-01
     50000    46.00000000   6.4294100000e-01
     50000    48.00000000   6.8673500000e-01
     50000    50.00000000   7.3021700000e-01
     50000    52.00000000   7.7317500000e-01
     50000    54.00000000   8.1540100000e-01
     50000    56.00000000   8.5668800000e-01
     50000    58.00000000   8.9683800000e-01
     50000    60.00000000   9.3565600000e-01
     50000    62.00000000   9.7295200000e-01
     50000    64.00000000   1.0085470000e+00
     50000    66.00000000   1.0422670000e+00
     50000    68.00000000   1.0739490000e+00
     50000    70.00000000   1.1034400000e+00
     50000    72.00000000   1.1305970000e+00
     50000    74.00000000   1.1552880000e+00
     50000    76.00000000   1.1773940000e+00
     50000    78.00000000   1.1968090000e+00
     50000    80.00000000   1.2134380000e+00
     50000    82.00000000   1.2272020000e+00
     50000    84.00000000   1.2380340000e+00
     50000    86.00000000   1.2458830000e+00
     50000    88.00000000   1.2507110000e+00
     50000    90.00000000   1.2524960000e+00
    100000   -90.00000000   1.2524960000e+00
    100000   -88.00000000   1.2529510000e+00
    100000   -86.00000000   1.2503590000e+00
    100000   -84.00000000   1.2447420000e+00
    100000   -82.00000000   1.2361330000e+00
    100000   -80.00000000   1.2245810000e+00
    100000   -78.00000000   1.2101510000e+00
    100000   -76.00000000   1.1929190000e+00
    100000   -74.00000000   1.1729760000e+00
    100000   -72.00000000   1.1504270000e+00
    100000   -70.00000000   1.1253880000e+00
    100000   -68.00000000   1.0979880000e+00
    100000   -66.00000000   1.0683680000e+00
    100000   -64.00000000   1.0366780000e+00
    100000   -62.00000000   1.0030790000e+00
    100000   -60.00000000   9.6774200000e-01
    100000   -58.00000000   9.3084500000e-01
    100000   -56.00000000   8.9257300000e-01
    100000   -54.00000000   8.5312000000e-01
    100000   -52.00000000   8.1268400000e-01
    100000   -50.00000000   7.7146700000e-01
    100000   -48.00000000   7.2967500000e-01
    100000   -46.00000000   6.8751900000e-01
    100000   -44.00000000   6.4520800000e-01
    100000   -42.00000000   6.0295300000e-01
    100000   -40.00000000   5.6096700000e-01
    100000   -38.00000000   5.1945700000e-01
    100000   -36.00000000   4.7863000000e-01
    100000   -34.00000000   4.3869100000e-01
    100000   -32.00000000   3.9983700000e-01
    100000   -30.00000000   3.6226200000e-01
    100000   -28.00000000   3.2615300000e-01
    100000   -26.00000000   2.9168900000e-01
    100000   -24.00000000   2.5904100000e-01
    100000   -22.00000000   2.2837100000e-01
    100000   -20.00000000   1.9983200000e-01
    100000   -18.00000000   1.7356600000e-01
    100000   -16.00000000   1.4970200000e-01
    100000   -14.00000000   1.2835800000e-01
    100000   -12.00000000   1.0964200000e-01
    100000   -10.00000000   9.3645000000e-02
    100000    -8.00000000   8.3263000000e-02
    100000    -6.00000000   6.5887000000e-02
    100000    -4.00000000   2.4892000000e-02
    100000    -2.00000000   2.0960000000e-02
    100000     0.00000000   1.7440000000e-02
    100000     2.00000000   1.6870000000e-02
    100000     4.00000000   1.7050000000e-02
    100000     6.00000000   1.8230000000e-02
    100000     8.00000000   2.8426000000e-02
    100000    10.00000000   5.2222000000e-02
    100000    12.00000000   6.8519000000e-02
    100000    14.00000000   8.8337000000e-02
    100000    16.00000000   1.1005300000e-01
    100000    18.00000000   1.3433800000e-01
    100000    20.00000000   1.6107300000e-01
    100000    22.00000000   1.9012800000e-01
    100000    24.00000000   2.2136000000e-01
    100000    26.00000000   2.5461600000e-01
    100000    28.00000000   2.8973400000e-01
    100000    30.00000000   3.2654100000e-01
    100000    32.00000000   3.6485800000e-01
    100000    34.00000000   4.0449600000e-01
    100000    36.00000000   4.4526100000e-01
    100000    38.00000000   4.8695400000e-01
    100000    40.00000000   5.2937000000e-01
    100000    42.00000000   5.7230100000e-01
    100000    44.00000000   6.1553700000e-01
    100000    46.00000000   6.5886600000e-01
    100000    48.00000000   7.0207600000e-01
    100000    50.00000000   7.4495400000e-01
    100000    52.00000000   7.8729000000e-01
    100000    54.00000000   8.2887600000e-01
    100000    56.00000000   8.6950800000e-01
    100000    58.00000000   9.0898700000e-01
    100000    60.00000000   9.4711900000e-01
    100000    62.00000000   9.8371500000e-01
    100000    64.00000000   1.0185970000e+00
    100000    66.00000000   1.0515910000e+00
    100000    68.00000000   1.0825370000e+00
    100000    70.00000000   1.1112810000e+00
    100000    72.00000000   1.1376810000e+00
    100000    74.00000000   1.1616070000e+00
    100000    76.00000000   1.1829400000e+00
    100000    78.00000000   1.2015750000e+00
    100000    80.00000000   1.2174190000e+00
    100000    82.00000000   1.2303920000e+00
    100000    84.00000000   1.2404300000e+00
    100000    86.00000000   1.2474820000e+00
    100000    88.00000000   1.2515110000e+00
    100000    90.00000000   1.2524960000e+00
    150000   -90.00000000   1.2524960000e+00
    150000   -88.00000000   1.2525990000e+00
    150000   -86.00000000   1.2496570000e+00
    150000   -84.00000000   1.2436890000e+00
    150000   -82.00000000   1.2347310000e+00
    150000   -80.00000000   1.2228320000e+00
    150000   -78.00000000   1.2080560000e+00
    150000   -76.00000000   1.1904820000e+00
    150000   -74.00000000   1.1701990000e+00
    150000   -72.00000000   1.1473140000e+00
    150000   -70.00000000   1.1219420000e+00
    150000   -68.00000000   1.0942140000e+00
    150000   -66.00000000   1.0642700000e+00
    150000   -64.00000000   1.0322620000e+00
    150000   -62.00000000   9.9835000000e-01
    150000   -60.00000000   9.6270500000e-01
    150000   -58.00000000   9.2550600000e-01
    150000   -56.00000000   8.8694000000e-01
    150000   -54.00000000   8.4719900000e-01
    150000   -52.00000000   8.0648100000e-01
    150000   -50.00000000   7.6499100000e-01
    150000   -48.00000000   7.2293400000e-01
    150000   -46.00000000   6.8052000000e-01
    150000   -44.00000000   6.3796100000e-01
    150000   -42.00000000   5.9546700000e-01
    150000   -40.00000000   5.5324900000e-01
    150000   -38.00000000   5.1151800000e-01
    150000   -36.00000000   4.7048000000e-01
    150000   -34.00000000   4.3033900000e-01
    150000   -32.00000000   3.9129400000e-01
    150000   -30.00000000   3.5353800000e-01
    150000   -28.00000000   3.1725800000e-01
    150000   -26.00000000   2.8263400000e-01
    150000   -24.00000000   2.4983700000e-01
    150000   -22.00000000   2.1903000000e-01
    150000   -20.00000000   1.9036600000e-01
    150000   -18.00000000   1.6398400000e-01
    150000   -16.00000000   1.4001700000e-01
    150000   -14.00000000   1.1858300000e-01
    150000   -12.00000000   9.9788000000e-02
    150000   -10.00000000   8.3724000000e-02
    150000    -8.00000000   7.7974000000e-02
    150000    -6.00000000   5.3476000000e-02
    150000    -4.00000000   1.9870000000e-02
    150000    -2.00000000   1.5240000000e-02
    150000     0.00000000   1.1840000000e-02
    150000     2.00000000   1.2020000000e-02
    150000     4.00000000   1.3030000000e-02
    150000     6.00000000   1.5100000000e-02
    150000     8.00000000   2.9274000000e-02
    150000    10.00000000   4.4359000000e-02
    150000    12.00000000   6.1655000000e-02
    150000    14.00000000   8.1146000000e-02
    150000    16.00000000   1.0292800000e-01
    150000    18.00000000   1.2728900000e-01
    150000    20.00000000   1.5410900000e-01
    150000    22.00000000   1.8325600000e-01
    150000    24.00000000   2.1459000000e-01
    150000    26.00000000   2.4795500000e-01
    150000    28.00000000   2.8319100000e-01
    150000    30.00000000   3.2012300000e-01
    150000    32.00000000   3.5857300000e-01
    150000    34.00000000   3.9835200000e-01
    150000    36.00000000   4.3926500000e-01
    150000    38.00000000   4.8111400000e-01
    150000    40.00000000   5.2369200000e-01
    150000    42.00000000   5.6679300000e-01
    150000    44.00000000   6.1020600000e-01
    150000    46.00000000   6.5371800000e-01
    150000    48.00000000   6.9711700000e-01
    150000    50.00000000   7.4019000000e-01
    150000    52.00000000   7.8272700000e-01
    150000    54.00000000   8.2452000000e-01
    150000    56.00000000   8.6536400000e-01
    150000    58.00000000   9.0506000000e-01
    150000    60.00000000   9.4341300000e-01
    150000    62.00000000   9.8023600000e-01
    150000    64.00000000   1.0153480000e+00
    150000    66.00000000   1.0485770000e+00
    150000    68.00000000   1.0797610000e+00
    150000    70.00000000   1.1087460000e+00
    150000    72.00000000   1.1353910000e+00
    150000    74.00000000   1.1595640000e+00
    150000    76.00000000   1.1811470000e+00
    150000    78.00000000   1.2000340000e+00
    150000    80.00000000   1.2161320000e+00
    150000    82.00000000   1.2293610000e+00
    150000    84.00000000   1.2396560000e+00
    150000    86.00000000   1.2469650000e+00
    150000    88.00000000   1.2512530000e+00
    150000    90.00000000   1.2524960000e+00
    200000   -90.00000000   1.2524960000e+00
    200000   -88.00000000   1.2525750000e+00
    200000   -86.00000000   1.2496080000e+00
    200000   -84.00000000   1.2436160000e+00
    200000   -82.00000000   1.2346340000e+00
    200000   -80.00000000   1.2227110000e+00
    200000   -78.00000000   1.2079120000e+00
    200000   -76.00000000   1.1903130000e+00
    200000   -74.00000000   1.1700080000e+00
    200000   -72.00000000   1.1470990000e+00
    200000   -70.00000000   1.1217050000e+00
    200000   -68.00000000   1.0939540000e+00
    200000   -66.00000000   1.0639880000e+00
    200000   -64.00000000   1.0319570000e+00
    200000   -62.00000000   9.9802300000e-01
    200000   -60.00000000   9.6235700000e-01
    200000   -58.00000000   9.2513800000e-01
    200000   -56.00000000   8.8655100000e-01
    200000   -54.00000000   8.4679000000e-01
    200000   -52.00000000   8.0605300000e-01
    200000   -50.00000000   7.6454400000e-01
    200000   -48.00000000   7.2246900000e-01
    200000   -46.00000000   6.8003700000e-01
    200000   -44.00000000   6.3746100000e-01
    200000   -42.00000000   5.9495000000e-01
    200000   -40.00000000   5.5271700000e-01
    200000   -38.00000000   5.1097000000e-01
    200000   -36.00000000   4.6991800000e-01
    200000   -34.00000000   4.2976300000e-01
    200000   -32.00000000   3.9070400000e-01
    200000   -30.00000000   3.5293600000e-01
    200000   -28.00000000   3.1664400000e-01
    200000   -26.00000000   2.8200900000e-01
    200000   -24.00000000   2.4920200000e-01
    200000   -22.00000000   2.1838600000e-01
    200000   -20.00000000   1.8971200000e-01
    200000   -18.00000000   1.6332300000e-01
    200000   -16.00000000   1.3934900000e-01
    200000   -14.00000000   1.1790900000e-01
    200000   -12.00000000   9.9108000000e-02
    200000   -10.00000000   8.3039000000e-02
    200000    -8.00000000   7.5875000000e-02
    200000    -6.00000000   4.8897000000e-02
    200000    -4.00000000   1.6150000000e-02
    200000    -2.00000000   1.2100000000e-02
    200000     0.00000000   9.4900000000e-03
    200000     2.00000000   1.0180000000e-02
    200000     4.00000000   1.1600000000e-02
    200000     6.00000000   1.1784000000e-02
    200000     8.00000000   3.3270000000e-02
    200000    10.00000000   2.6746000000e-02
    200000    12.00000000   4.2864000000e-02
    200000    14.00000000   6.2117000000e-02
    200000    16.00000000   8.4077000000e-02
    200000    18.00000000   1.0863700000e-01
    200000    20.00000000   1.3568000000e-01
    200000    22.00000000   1.6507300000e-01
    200000    24.00000000   1.9667300000e-01
    200000    26.00000000   2.3032800000e-01
    200000    28.00000000   2.6587400000e-01
    200000    30.00000000   3.0313900000e-01
    200000    32.00000000   3.4194100000e-01
    200000    34.00000000   3.8209300000e-01
    200000    36.00000000   4.2339900000e-01
    200000    38.00000000   4.6565900000e-01
    200000    40.00000000   5.0866900000e-01
    200000    42.00000000   5.5221900000e-01
    200000    44.00000000   5.9609900000e-01
    200000    46.00000000   6.4009500000e-01
    200000    48.00000000   6.8399400000e-01
    200000    50.00000000   7.2758400000e-01
    200000    52.00000000   7.7065300000e-01
    200000    54.00000000   8.1299200000e-01
    200000    56.00000000   8.5439700000e-01
    200000    58.00000000   8.9466700000e-01
    200000    60.00000000   9.3360700000e-01
    200000    62.00000000   9.7102900000e-01
    200000    64.00000000   1.0067500000e+00
    200000    66.00000000   1.0406000000e+00
    200000    68.00000000   1.0724140000e+00
    200000    70.00000000   1.1020380000e+00
    200000    72.00000000   1.1293300000e+00
    200000    74.00000000   1.1541580000e+00
    200000    76.00000000   1.1764030000e+00
    200000    78.00000000   1.1959570000e+00
    200000    80.00000000   1.2127270000e+00
    200000    82.00000000   1.2266320000e+00
    200000    84.00000000   1.2376060000e+00
    200000    86.00000000   1.2455970000e+00
    200000    88.00000000   1.2505680000e+00
    200000    90.00000000   1.2524960000e+00
    250000   -90.00000000   1.2524960000e+00
    250000   -88.00000000   1.2524710000e+00
    250000   -86.00000000   1.2494000000e+00
    250000   -84.00000000   1.2433050000e+00
    250000   -82.00000000   1.2342190000e+00
    250000   -80.00000000   1.2221940000e+00
    250000   -78.00000000   1.2072920000e+00
    250000   -76.00000000   1.1895920000e+00
    250000   -74.00000000   1.1691860000e+00
    250000   -72.00000000   1.1461780000e+00
    250000   -70.00000000   1.1206850000e+00
    250000   -68.00000000   1.0928370000e+00
    250000   -66.00000000   1.0627750000e+00
    250000   -64.00000000   1.0306500000e+00
    250000   -62.00000000   9.9662300000e-01
    250000   -60.00000000   9.6086600000e-01
    250000   -58.00000000   9.2355800000e-01
    250000   -56.00000000   8.8488400000e-01
    250000   -54.00000000   8.4503800000e-01
    250000   -52.00000000   8.0421800000e-01
    250000   -50.00000000   7.6262800000e-01
    250000   -48.00000000   7.2047400000e-01
    250000   -46.00000000   6.7796600000e-01
    250000   -44.00000000   6.3531600000e-01
    250000   -42.00000000   5.9273400000e-01
    250000   -40.00000000   5.5043300000e-01
    250000   -38.00000000   5.0862100000e-01
    250000   -36.00000000   4.6750500000e-01
    250000   -34.00000000   4.2729100000e-01
    250000   -32.00000000   3.8817600000e-01
    250000   -30.00000000   3.5035300000e-01
    250000   -28.00000000   3.1401100000e-01
    250000   -26.00000000   2.7932900000e-01
    250000   -24.00000000   2.4647900000e-01
    250000   -22.00000000   2.1562100000e-01
    250000   -20.00000000   1.8691100000e-01
    250000   -18.00000000   1.6048800000e-01
    250000   -16.00000000   1.3648300000e-01
    250000   -14.00000000   1.1501600000e-01
    250000   -12.00000000   9.6191000000e-02
    250000   -10.00000000   8.0591000000e-02
    250000    -8.00000000   7.5475000000e-02
    250000    -6.00000000   3.1642000000e-02
    250000    -4.00000000   1.3810000000e-02
    250000    -2.00000000   1.0740000000e-02
    250000     0.00000000   8.2700000000e-03
    250000     2.00000000   9.1300000000e-03
    250000     4.00000000   1.0810000000e-02
    250000     6.00000000   1.1572000000e-02
    250000     8.00000000   7.1130000000e-03
    250000    10.00000000   1.6818000000e-02
    250000    12.00000000   2.9881000000e-02
    250000    14.00000000   4.9238000000e-02
    250000    16.00000000   7.1317000000e-02
    250000    18.00000000   9.6014000000e-02
    250000    20.00000000   1.2320700000e-01
    250000    22.00000000   1.5276600000e-01
    250000    24.00000000   1.8454800000e-01
    250000    26.00000000   2.1839900000e-01
    250000    28.00000000   2.5415500000e-01
    250000    30.00000000   2.9164400000e-01
    250000    32.00000000   3.3068500000e-01
    250000    34.00000000   3.7108900000e-01
    250000    36.00000000   4.1266100000e-01
    250000    38.00000000   4.5520000000e-01
    250000    40.00000000   4.9850100000e-01
    250000    42.00000000   5.4235500000e-01
    250000    44.00000000   5.8655100000e-01
    250000    46.00000000   6.3087400000e-01
    250000    48.00000000   6.7511200000e-01
    250000    50.00000000   7.1905200000e-01
    250000    52.00000000   7.6248100000e-01
    250000    54.00000000   8.0519000000e-01
    250000    56.00000000   8.4697500000e-01
    250000    58.00000000   8.8763400000e-01
    250000    60.00000000   9.2697100000e-01
    250000    62.00000000   9.6479700000e-01
    250000    64.00000000   1.0009320000e+00
    250000    66.00000000   1.0352010000e+00
    250000    68.00000000   1.0674420000e+00
    250000    70.00000000   1.0974990000e+00
    250000    72.00000000   1.1252290000e+00
    250000    74.00000000   1.1505000000e+00
    250000    76.00000000   1.1731920000e+00
    250000    78.00000000   1.1931970000e+00
    250000    80.00000000   1.2104220000e+00
    250000    82.00000000   1.2247840000e+00
    250000    84.00000000   1.2362180000e+00
    250000    86.00000000   1.2446710000e+00
    250000    88.00000000   1.2501050000e+00
    250000    90.00000000   1.2524960000e+00
     50000   -90.00000000   1.2524960000e+00
     50000   -88.00000000   1.2522640000e+00
     50000   -86.00000000   1.2489860000e+00
     50000   -84.00000000   1.2426850000e+00
     50000   -82.00000000   1.2333940000e+00
     50000   -80.00000000   1.2211640000e+00
     50000   -78.00000000   1.2060590000e+00
     50000   -76.00000000   1.1881570000e+00
     50000   -74.00000000   1.1675510000e+00
     50000   -72.00000000   1.1443450000e+00
     50000   -70.00000000   1.1186570000e+00
     50000   -68.00000000   1.0906160000e+00
     50000   -66.00000000   1.0603630000e+00
     50000   -64.00000000   1.0280500000e+00
     50000   -62.00000000   9.9383900000e-01
     50000   -60.00000000   9.5790100000e-01
     50000   -58.00000000   9.2041500000e-01
     50000   -56.00000000   8.8156800000e-01
     50000   -54.00000000   8.4155200000e-01
     50000   -52.00000000   8.0056700000e-01
     50000   -50.00000000   7.5881600000e-01
     50000   -48.00000000   7.1650600000e-01
     50000   -46.00000000   6.7384700000e-01
     50000   -44.00000000   6.3105000000e-01
     50000   -42.00000000   5.8832700000e-01
     50000   -40.00000000   5.4589000000e-01
     50000   -38.00000000   5.0394800000e-01
     50000   -36.00000000   4.6270800000e-01
     50000   -34.00000000   4.2237400000e-01
     50000   -32.00000000   3.8314600000e-01
     50000   -30.00000000   3.4521800000e-01
     50000   -28.00000000   3.0877500000e-01
     50000   -26.00000000   2.7399900000e-01
     50000   -24.00000000   2.4106100000e-01
     50000   -22.00000000   2.1012300000e-01
     50000   -20.00000000   1.8133800000e-01
     50000   -18.00000000   1.5484800000e-01
     50000   -16.00000000   1.3078300000e-01
     50000   -14.00000000   1.0926200000e-01
     50000   -12.00000000   9.0391000000e-02
     50000   -10.00000000   7.4263000000e-02
     50000    -8.00000000   6.0958000000e-02
     50000    -6.00000000   5.6126000000e-02
     50000    -4.00000000   4.3177000000e-02
     50000    -2.00000000   2.9178000000e-02
     50000     0.00000000   2.7890000000e-02
     50000     2.00000000   3.5140000000e-02
     50000     4.00000000   4.1840000000e-02
     50000     6.00000000   4.2901000000e-02
     50000     8.00000000   2.3165000000e-02
     50000    10.00000000   3.6278000000e-02
     50000    12.00000000   5.0720000000e-02
     50000    14.00000000   6.9909000000e-02
     50000    16.00000000   9.1797000000e-02
     50000    18.00000000   1.1627600000e-01
     50000    20.00000000   1.4322700000e-01
     50000    22.00000000   1.7251900000e-01
     50000    24.00000000   2.0401000000e-01
     50000    26.00000000   2.3754700000e-01
     50000    28.00000000   2.7296600000e-01
     50000    30.00000000   3.1009400000e-01
     50000    32.00000000   3.4875200000e-01
     50000    34.00000000   3.8875100000e-01
     50000    36.00000000   4.2989700000e-01
     50000    38.00000000   4.7198800000e-01
     50000    40.00000000   5.1482100000e-01
     50000    42.00000000   5.5818800000e-01
     50000    44.00000000   6.0187600000e-01
     50000    46.00000000   6.4567400000e-01
     50000    48.00000000   6.8936800000e-01
     50000    50.00000000   7.3274600000e-01
     50000    52.00000000   7.7559700000e-01
     50000    54.00000000   8.1771300000e-01
     50000    56.00000000   8.5888800000e-01
     50000    58.00000000   8.9892300000e-01
     50000    60.00000000   9.3762300000e-01
     50000    62.00000000   9.7479900000e-01
     50000    64.00000000   1.0102710000e+00
     50000    66.00000000   1.0438670000e+00
     50000    68.00000000   1.0754230000e+00
     50000    70.00000000   1.1047850000e+00
     50000    72.00000000   1.1318120000e+00
     50000    74.00000000   1.1563720000e+00
     50000    76.00000000   1.1783460000e+00
     50000    78.00000000   1.1976270000e+00
     50000    80.00000000   1.2141210000e+00
     50000    82.00000000   1.2277490000e+00
     50000    84.00000000   1.2384450000e+00
     50000    86.00000000   1.2461570000e+00
     50000    88.00000000   1.2508480000e+00
     50000    90.00000000   1.2524960000e+00
    100000   -90.00000000   1.2524960000e+00
    100000   -88.00000000   1.2529390000e+00
    100000   -86.00000000   1.2503360000e+00
    100000   -84.00000000   1.2447080000e+00
    100000   -82.00000000   1.2360870000e+00
    100000   -80.00000000   1.2245240000e+00
    100000   -78.00000000   1.2100830000e+00
    100000   -76.00000000   1.1928390000e+00
    100000   -74.00000000   1.1728860000e+00
    100000   -72.00000000   1.1503260000e+00
    100000   -70.00000000   1.1252760000e+00
    100000   -68.00000000   1.0978650000e+00
    100000   -66.00000000   1.0682340000e+00
    100000   -64.00000000   1.0365340000e+00
    100000   -62.00000000   1.0029250000e+00
    100000   -60.00000000   9.6757800000e-01
    100000   -58.00000000   9.3067100000e-01
    100000   -56.00000000   8.9239000000e-01
    100000   -54.00000000   8.5292700000e-01
    100000   -52.00000000   8.1248200000e-01
    100000   -50.00000000   7.7125600000e-01
    100000   -48.00000000   7.2945600000e-01
    100000   -46.00000000   6.8729100000e-01
    100000   -44.00000000   6.4497200000e-01
    100000   -42.00000000   6.0270900000e-01
    100000   -40.00000000   5.6071500000e-01
    100000   -38.00000000   5.1919800000e-01
    100000   -36.00000000   4.7836500000e-01
    100000   -34.00000000   4.3841900000e-01
    100000   -32.00000000   3.9955900000e-01
    100000   -30.00000000   3.6197800000e-01
    100000   -28.00000000   3.2586300000e-01
    100000   -26.00000000   2.9139400000e-01
    100000   -24.00000000   2.5874100000e-01
    100000   -22.00000000   2.2806700000e-01
    100000   -20.00000000   1.9952400000e-01
    100000   -18.00000000   1.7325400000e-01
    100000   -16.00000000   1.4938600000e-01
    100000   -14.00000000   1.2804000000e-01
    100000   -12.00000000   1.0932100000e-01
    100000   -10.00000000   9.3322000000e-02
    100000    -8.00000000   8.3718000000e-02
    100000    -6.00000000   6.7216000000e-02
    100000    -4.00000000   2.5441000000e-02
    100000    -2.00000000   2.0900000000e-02
    100000     0.00000000   1.7400000000e-02
    100000     2.00000000   1.6830000000e-02
    100000     4.00000000   1.7000000000e-02
    100000     6.00000000   1.8170000000e-02
    100000     8.00000000   3.2575000000e-02
    100000    10.00000000   5.2267000000e-02
    100000    12.00000000   7.2103000000e-02
    100000    14.00000000   8.7662000000e-02
    100000    16.00000000   1.0938400000e-01
    100000    18.00000000   1.3367600000e-01
    100000    20.00000000   1.6041900000e-01
    100000    22.00000000   1.8948300000e-01
    100000    24.00000000   2.2072400000e-01
    100000    26.00000000   2.5399100000e-01
    100000    28.00000000   2.8912000000e-01
    100000    30.00000000   3.2593900000e-01
    100000    32.00000000   3.6426800000e-01
    100000    34.00000000   4.0391900000e-01
    100000    36.00000000   4.4469800000e-01
    100000    38.00000000   4.8640500000e-01
    100000    40.00000000   5.2883700000e-01
    100000    42.00000000   5.7178400000e-01
    100000    44.00000000   6.1503600000e-01
    100000    46.00000000   6.5838300000e-01
    100000    48.00000000   7.0161000000e-01
    100000    50.00000000   7.4450600000e-01
    100000    52.00000000   7.8686100000e-01
    100000    54.00000000   8.2846700000e-01
    100000    56.00000000   8.6911900000e-01
    100000    58.00000000   9.0861800000e-01
    100000    60.00000000   9.4677100000e-01
    100000    62.00000000   9.8338800000e-01
    100000    64.00000000   1.0182910000e+00
    100000    66.00000000   1.0513080000e+00
    100000    68.00000000   1.0822760000e+00
    100000    70.00000000   1.1110430000e+00
    100000    72.00000000   1.1374660000e+00
    100000    74.00000000   1.1614150000e+00
    100000    76.00000000   1.1827720000e+00
    100000    78.00000000   1.2014310000e+00
    100000    80.00000000   1.2172980000e+00
    100000    82.00000000   1.2302960000e+00
    100000    84.00000000   1.2403580000e+00
    100000    86.00000000   1.2474340000e+00
    100000    88.00000000   1.2514870000e+00
    100000    90.00000000   1.2524960000e+00
    150000   -90.00000000   1.2524960000e+00
    150000   -88.00000000   1.2527400000e+00
    150000   -86.00000000   1.2499380000e+00
    150000   -84.00000000   1.2441110000e+00
    150000   -82.00000000   1.2352930000e+00
    150000   -80.00000000   1.2235330000e+00
    150000   -78.00000000   1.2088960000e+00
    150000   -76.00000000   1.1914590000e+00
    150000   -74.00000000   1.1713130000e+00
    150000   -72.00000000   1.1485620000e+00
    150000   -70.00000000   1.1233240000e+00
    150000   -68.00000000   1.0957280000e+00
    150000   -66.00000000   1.0659130000e+00
    150000   -64.00000000   1.0340320000e+00
    150000   -62.00000000   1.0002460000e+00
    150000   -60.00000000   9.6472500000e-01
    150000   -58.00000000   9.2764700000e-01
    150000   -56.00000000   8.8919900000e-01
    150000   -54.00000000   8.4957300000e-01
    150000   -52.00000000   8.0896800000e-01
    150000   -50.00000000   7.6758800000e-01
    150000   -48.00000000   7.2563700000e-01
    150000   -46.00000000   6.8332700000e-01
    150000   -44.00000000   6.4086700000e-01
    150000   -42.00000000   5.9846900000e-01
    150000   -40.00000000   5.5634400000e-01
    150000   -38.00000000   5.1470100000e-01
    150000   -36.00000000   4.7374800000e-01
    150000   -34.00000000   4.3368800000e-01
    150000   -32.00000000   3.9471900000e-01
    150000   -30.00000000   3.5703600000e-01
    150000   -28.00000000   3.2082500000e-01
    150000   -26.00000000   2.8626500000e-01
    150000   -24.00000000   2.5352800000e-01
    150000   -22.00000000   2.2277600000e-01
    150000   -20.00000000   1.9416200000e-01
    150000   -18.00000000   1.6782600000e-01
    150000   -16.00000000   1.4390100000e-01
    150000   -14.00000000   1.2250300000e-01
    150000   -12.00000000   1.0373900000e-01
    150000   -10.00000000   8.7702000000e-02
    150000    -8.00000000   7.7532000000e-02
    150000    -6.00000000   5.9058000000e-02
    150000    -4.00000000   2.0379000000e-02
    150000    -2.00000000   1.5240000000e-02
    150000     0.00000000   1.1790000000e-02
    150000     2.00000000   1.2000000000e-02
    150000     4.00000000   1.2990000000e-02
    150000     6.00000000   1.5051000000e-02
    150000     8.00000000   2.2455000000e-02
    150000    10.00000000   3.5974000000e-02
    150000    12.00000000   5.3000000000e-02
    150000    14.00000000   7.2171000000e-02
    150000    16.00000000   9.4038000000e-02
    150000    18.00000000   1.1849300000e-01
    150000    20.00000000   1.4541800000e-01
    150000    22.00000000   1.7468100000e-01
    150000    24.00000000   2.0614000000e-01
    150000    26.00000000   2.3964200000e-01
    150000    28.00000000   2.7502400000e-01
    150000    30.00000000   3.1211300000e-01
    150000    32.00000000   3.5072900000e-01
    150000    34.00000000   3.9068400000e-01
    150000    36.00000000   4.3178300000e-01
    150000    38.00000000   4.7382500000e-01
    150000    40.00000000   5.1660700000e-01
    150000    42.00000000   5.5992000000e-01
    150000    44.00000000   6.0355300000e-01
    150000    46.00000000   6.4729300000e-01
    150000    48.00000000   6.9092800000e-01
    150000    50.00000000   7.3424500000e-01
    150000    52.00000000   7.7703300000e-01
    150000    54.00000000   8.1908300000e-01
    150000    56.00000000   8.6019200000e-01
    150000    58.00000000   9.0015900000e-01
    150000    60.00000000   9.3878800000e-01
    150000    62.00000000   9.7589400000e-01
    150000    64.00000000   1.0112930000e+00
    150000    66.00000000   1.0448150000e+00
    150000    68.00000000   1.0762960000e+00
    150000    70.00000000   1.1055830000e+00
    150000    72.00000000   1.1325330000e+00
    150000    74.00000000   1.1570150000e+00
    150000    76.00000000   1.1789100000e+00
    150000    78.00000000   1.1981110000e+00
    150000    80.00000000   1.2145260000e+00
    150000    82.00000000   1.2280740000e+00
    150000    84.00000000   1.2386890000e+00
    150000    86.00000000   1.2463200000e+00
    150000    88.00000000   1.2509300000e+00
    150000    90.00000000   1.2524960000e+00
    200000   -90.00000000   1.2524960000e+00
    200000   -88.00000000   1.2525130000e+00
    200000   -86.00000000   1.2494840000e+00
    200000   -84.00000000   1.2434300000e+00
    200000   -82.00000000   1.2343860000e+00
    200000   -80.00000000   1.2224020000e+00
    200000   -78.00000000   1.2075410000e+00
    200000   -76.00000000   1.1898820000e+00
    200000   -74.00000000   1.1695170000e+00
    200000   -72.00000000   1.1465480000e+00
    200000   -70.00000000   1.1210950000e+00
    200000   -68.00000000   1.0932870000e+00
    200000   -66.00000000   1.0632630000e+00
    200000   -64.00000000   1.0311760000e+00
    200000   -62.00000000   9.9718700000e-01
    200000   -60.00000000   9.6146700000e-01
    200000   -58.00000000   9.2419400000e-01
    200000   -56.00000000   8.8555500000e-01
    200000   -54.00000000   8.4574300000e-01
    200000   -52.00000000   8.0495700000e-01
    200000   -50.00000000   7.6339900000e-01
    200000   -48.00000000   7.2127700000e-01
    200000   -46.00000000   6.7880000000e-01
    200000   -44.00000000   6.3617900000e-01
    200000   -42.00000000   5.9362600000e-01
    200000   -40.00000000   5.5135200000e-01
    200000   -38.00000000   5.0956600000e-01
    200000   -36.00000000   4.6847700000e-01
    200000   -34.00000000   4.2828600000e-01
    200000   -32.00000000   3.8919300000e-01
    200000   -30.00000000   3.5139300000e-01
    200000   -28.00000000   3.1507100000e-01
    200000   -26.00000000   2.8040800000e-01
    200000   -24.00000000   2.4757500000e-01
    200000   -22.00000000   2.1673400000e-01
    200000   -20.00000000   1.8803800000e-01
    200000   -18.00000000   1.6162900000e-01
    200000   -16.00000000   1.3763700000e-01
    200000   -14.00000000   1.1618000000e-01
    200000   -12.00000000   9.7366000000e-02
    200000   -10.00000000   8.1808000000e-02
    200000    -8.00000000   7.8777000000e-02
    200000    -6.00000000   4.8889000000e-02
    200000    -4.00000000   1.5940000000e-02
    200000    -2.00000000   1.2320000000e-02
    200000     0.00000000   9.4300000000e-03
    200000     2.00000000   1.0090000000e-02
    200000     4.00000000   1.1570000000e-02
    200000     6.00000000   1.4021000000e-02
    200000     8.00000000   2.0904000000e-02
    200000    10.00000000   3.2592000000e-02
    200000    12.00000000   5.0338000000e-02
    200000    14.00000000   6.9530000000e-02
    200000    16.00000000   9.1421000000e-02
    200000    18.00000000   1.1590400000e-01
    200000    20.00000000   1.4285900000e-01
    200000    22.00000000   1.7215700000e-01
    200000    24.00000000   2.0365300000e-01
    200000    26.00000000   2.3719600000e-01
    200000    28.00000000   2.7262100000e-01
    200000    30.00000000   3.0975600000e-01
    200000    32.00000000   3.4842100000e-01
    200000    34.00000000   3.8842700000e-01
    200000    36.00000000   4.2958000000e-01
    200000    38.00000000   4.7168000000e-01
    200000    40.00000000   5.1452200000e-01
    200000    42.00000000   5.5789700000e-01
    200000    44.00000000   6.0159500000e-01
    200000    46.00000000   6.4540200000e-01
    200000    48.00000000   6.8910600000e-01
    200000    50.00000000   7.3249500000e-01
    200000    52.00000000   7.7535700000e-01
    200000    54.00000000   8.1748300000e-01
    200000    56.00000000   8.5867000000e-01
    200000    58.00000000   8.9871600000e-01
    200000    60.00000000   9.3742700000e-01
    200000    62.00000000   9.7461600000e-01
    200000    64.00000000   1.0101000000e+00
    200000    66.00000000   1.0437080000e+00
    200000    68.00000000   1.0752760000e+00
    200000    70.00000000   1.1046520000e+00
    200000    72.00000000   1.1316910000e+00
    200000    74.00000000   1.1562640000e+00
    200000    76.00000000   1.1782510000e+00
    200000    78.00000000   1.1975450000e+00
    200000    80.00000000   1.2140530000e+00
    200000    82.00000000   1.2276950000e+00
    200000    84.00000000   1.2384040000e+00
    200000    86.00000000   1.2461300000e+00
    200000    88.00000000   1.2508350000e+00
    200000    90.00000000   1.2524960000e+00
    250000   -90.00000000   1.2524960000e+00
    250000   -88.00000000   1.2534990000e+00
    250000   -86.00000000   1.2514550000e+00
    250000   -84.00000000   1.2463840000e+00
    250000   -82.00000000   1.2383190000e+00
    250000   -80.00000000   1.2273090000e+00
    250000   -78.00000000   1.2134170000e+00
    250000   -76.00000000   1.1967190000e+00
    250000   -74.00000000   1.1773060000e+00
    250000   -72.00000000   1.1552820000e+00
    250000   -70.00000000   1.1307610000e+00
    250000   -68.00000000   1.1038730000e+00
    250000   -66.00000000   1.0747580000e+00
    250000   -64.00000000   1.0435650000e+00
    250000   -62.00000000   1.0104550000e+00
    250000   -60.00000000   9.7559700000e-01
    250000   -58.00000000   9.3917000000e-01
    250000   -56.00000000   9.0135800000e-01
    250000   -54.00000000   8.6235400000e-01
    250000   -52.00000000   8.2235600000e-01
    250000   -50.00000000   7.8156500000e-01
    250000   -48.00000000   7.4018700000e-01
    250000   -46.00000000   6.9843200000e-01
    250000   -44.00000000   6.5650900000e-01
    250000   -42.00000000   6.1462800000e-01
    250000   -40.00000000   5.7300100000e-01
    250000   -38.00000000   5.3183600000e-01
    250000   -36.00000000   4.9134000000e-01
    250000   -34.00000000   4.5171500000e-01
    250000   -32.00000000   4.1316000000e-01
    250000   -30.00000000   3.7586800000e-01
    250000   -28.00000000   3.4002400000e-01
    250000   -26.00000000   3.0580900000e-01
    250000   -24.00000000   2.7339300000e-01
    250000   -22.00000000   2.4293700000e-01
    250000   -20.00000000   2.1459500000e-01
    250000   -18.00000000   1.8850700000e-01
    250000   -16.00000000   1.6480300000e-01
    250000   -14.00000000   1.4360200000e-01
    250000   -12.00000000   1.2286000000e-01
    250000   -10.00000000   1.0485600000e-01
    250000    -8.00000000   7.6653000000e-02
    250000    -6.00000000   1.8510000000e-02
    250000    -4.00000000   1.3740000000e-02
    250000    -2.00000000   1.0740000000e-02
    250000     0.00000000   8.2500000000e-03
    250000     2.00000000   9.1100000000e-03
    250000     4.00000000   1.0780000000e-02
    250000     6.00000000   1.3851000000e-02
    250000     8.00000000   1.5970000000e-02
    250000    10.00000000   2.8519000000e-02
    250000    12.00000000   4.5954000000e-02
    250000    14.00000000   6.5181000000e-02
    250000    16.00000000   8.7113000000e-02
    250000    18.00000000   1.1164100000e-01
    250000    20.00000000   1.3864800000e-01
    250000    22.00000000   1.6800100000e-01
    250000    24.00000000   1.9955900000e-01
    250000    26.00000000   2.3316700000e-01
    250000    28.00000000   2.6866300000e-01
    250000    30.00000000   3.0587400000e-01
    250000    32.00000000   3.4462000000e-01
    250000    34.00000000   3.8471100000e-01
    250000    36.00000000   4.2595400000e-01
    250000    38.00000000   4.6814800000e-01
    250000    40.00000000   5.1108800000e-01
    250000    42.00000000   5.5456600000e-01
    250000    44.00000000   5.9837000000e-01
    250000    46.00000000   6.4228900000e-01
    250000    48.00000000   6.8610700000e-01
    250000    50.00000000   7.2961400000e-01
    250000    52.00000000   7.7259700000e-01
    250000    54.00000000   8.1484900000e-01
    250000    56.00000000   8.5616300000e-01
    250000    58.00000000   8.9634100000e-01
    250000    60.00000000   9.3518600000e-01
    250000    62.00000000   9.7251100000e-01
    250000    64.00000000   1.0081350000e+00
    250000    66.00000000   1.0418850000e+00
    250000    68.00000000   1.0735970000e+00
    250000    70.00000000   1.1031190000e+00
    250000    72.00000000   1.1303060000e+00
    250000    74.00000000   1.1550290000e+00
    250000    76.00000000   1.1771670000e+00
    250000    78.00000000   1.1966140000e+00
    250000    80.00000000   1.2132750000e+00
    250000    82.00000000   1.2270710000e+00
    250000    84.00000000   1.2379360000e+00
    250000    86.00000000   1.2458170000e+00
    250000    88.00000000   1.2506780000e+00
    250000    90.00000000   1.2524960000e+00
     50000   -90.00000000   1.2524960000e+00
     50000   -88.00000000   1.2531630000e+00
     50000   -86.00000000   1.2507830000e+00
     50000   -84.00000000   1.2453770000e+00
     50000   -82.00000000   1.2369790000e+00
     50000   -80.00000000   1.2256370000e+00
     50000   -78.00000000   1.2114150000e+00
     50000   -76.00000000   1.1943890000e+00
     50000   -74.00000000   1.1746520000e+00
     50000   -72.00000000   1.1523050000e+00
     50000   -70.00000000   1.1274670000e+00
     50000   -68.00000000   1.1002660000e+00
     50000   -66.00000000   1.0708410000e+00
     50000   -64.00000000   1.0393430000e+00
     50000   -62.00000000   1.0059330000e+00
     50000   -60.00000000   9.7078200000e-01
     50000   -58.00000000   9.3406600000e-01
     50000   -56.00000000   8.9597300000e-01
     50000   -54.00000000   8.5669300000e-01
     50000   -52.00000000   8.1642600000e-01
     50000   -50.00000000   7.7537400000e-01
     50000   -48.00000000   7.3374300000e-01
     50000   -46.00000000   6.9174200000e-01
     50000   -44.00000000   6.4958100000e-01
     50000   -42.00000000   6.0747100000e-01
     50000   -40.00000000   5.6562300000e-01
     50000   -38.00000000   5.2424700000e-01
     50000   -36.00000000   4.8354800000e-01
     50000   -34.00000000   4.4373100000e-01
     50000   -32.00000000   4.0499300000e-01
     50000   -30.00000000   3.6752700000e-01
     50000   -28.00000000   3.3152100000e-01
     50000   -26.00000000   2.9715300000e-01
     50000   -24.00000000   2.6459400000e-01
     50000   -22.00000000   2.3400800000e-01
     50000   -20.00000000   2.0554500000e-01
     50000   -18.00000000   1.7934700000e-01
     50000   -16.00000000   1.5554500000e-01
     50000   -14.00000000   1.3425700000e-01
     50000   -12.00000000   1.1558800000e-01
     50000   -10.00000000   9.9632000000e-02
     50000    -8.00000000   8.7911000000e-02
     50000    -6.00000000   7.6160000000e-02
     50000    -4.00000000   4.1612000000e-02
     50000    -2.00000000   2.9000000000e-02
     50000     0.00000000   2.7700000000e-02
     50000     2.00000000   3.4990000000e-02
     50000     4.00000000   4.1570000000e-02
     50000     6.00000000   4.2237000000e-02
     50000     8.00000000   2.3178000000e-02
     50000    10.00000000   3.7229000000e-02
     50000    12.00000000   5.1589000000e-02
     50000    14.00000000   7.0771000000e-02
     50000    16.00000000   9.2650000000e-02
     50000    18.00000000   1.1712000000e-01
     50000    20.00000000   1.4406100000e-01
     50000    22.00000000   1.7334300000e-01
     50000    24.00000000   2.0482200000e-01
     50000    26.00000000   2.3834500000e-01
     50000    28.00000000   2.7375000000e-01
     50000    30.00000000   3.1086400000e-01
     50000    32.00000000   3.4950500000e-01
     50000    34.00000000   3.8948700000e-01
     50000    36.00000000   4.3061500000e-01
     50000    38.00000000   4.7268800000e-01
     50000    40.00000000   5.1550200000e-01
     50000    42.00000000   5.5884700000e-01
     50000    44.00000000   6.0251500000e-01
     50000    46.00000000   6.4629100000e-01
     50000    48.00000000   6.8996200000e-01
     50000    50.00000000   7.3331700000e-01
     50000    52.00000000   7.7614400000e-01
     50000    54.00000000   8.1823500000e-01
     50000    56.00000000   8.5938500000e-01
     50000    58.00000000   8.9939400000e-01
     50000    60.00000000   9.3806700000e-01
     50000    62.00000000   9.7521600000e-01
     50000    64.00000000   1.0106610000e+00
     50000    66.00000000   1.0442280000e+00
     50000    68.00000000   1.0757550000e+00
     50000    70.00000000   1.1050890000e+00
     50000    72.00000000   1.1320870000e+00
     50000    74.00000000   1.1566170000e+00
     50000    76.00000000   1.1785610000e+00
     50000    78.00000000   1.1978110000e+00
     50000    80.00000000   1.2142750000e+00
     50000    82.00000000   1.2278730000e+00
     50000    84.00000000   1.2385380000e+00
     50000    86.00000000   1.2462190000e+00
     50000    88.00000000   1.2508790000e+00
     50000    90.00000000   1.2524960000e+00
    100000   -90.00000000   1.2524960000e+00
    100000   -88.00000000   1.2528530000e+00
    100000   -86.00000000   1.2501630000e+00
    100000   -84.00000000   1.2444480000e+00
    100000   -82.00000000   1.2357420000e+00
    100000   -80.00000000   1.2240940000e+00
    100000   -78.00000000   1.2095670000e+00
    100000   -76.00000000   1.1922390000e+00
    100000   -74.00000000   1.1722020000e+00
    100000   -72.00000000   1.1495590000e+00
    100000   -70.00000000   1.1244270000e+00
    100000   -68.00000000   1.0969360000e+00
    100000   -66.00000000   1.0672250000e+00
    100000   -64.00000000   1.0354460000e+00
    100000   -62.00000000   1.0017600000e+00
    100000   -60.00000000   9.6633700000e-01
    100000   -58.00000000   9.2935600000e-01
    100000   -56.00000000   8.9100200000e-01
    100000   -54.00000000   8.5146900000e-01
    100000   -52.00000000   8.1095400000e-01
    100000   -50.00000000   7.6966100000e-01
    100000   -48.00000000   7.2779500000e-01
    100000   -46.00000000   6.8556700000e-01
    100000   -44.00000000   6.4318700000e-01
    100000   -42.00000000   6.0086500000e-01
    100000   -40.00000000   5.5881400000e-01
    100000   -38.00000000   5.1724300000e-01
    100000   -36.00000000   4.7635700000e-01
    100000   -34.00000000   4.3636200000e-01
    100000   -32.00000000   3.9745500000e-01
    100000   -30.00000000   3.5982900000e-01
    100000   -28.00000000   3.2367200000e-01
    100000   -26.00000000   2.8916400000e-01
    100000   -24.00000000   2.5647400000e-01
    100000   -22.00000000   2.2576600000e-01
    100000   -20.00000000   1.9719200000e-01
    100000   -18.00000000   1.7089400000e-01
    100000   -16.00000000   1.4700100000e-01
    100000   -14.00000000   1.2563200000e-01
    100000   -12.00000000   1.0689400000e-01
    100000   -10.00000000   9.0879000000e-02
    100000    -8.00000000   8.3700000000e-02
    100000    -6.00000000   6.4851000000e-02
    100000    -4.00000000   2.4132000000e-02
    100000    -2.00000000   2.0900000000e-02
    100000     0.00000000   1.7320000000e-02
    100000     2.00000000   1.6790000000e-02
    100000     4.00000000   1.6950000000e-02
    100000     6.00000000   1.8110000000e-02
    100000     8.00000000   3.2758000000e-02
    100000    10.00000000   4.8655000000e-02
    100000    12.00000000   6.5920000000e-02
    100000    14.00000000   8.5376000000e-02
    100000    16.00000000   1.0711900000e-01
    100000    18.00000000   1.3143600000e-01
    100000    20.00000000   1.5820600000e-01
    100000    22.00000000   1.8729900000e-01
    100000    24.00000000   2.1857200000e-01
    100000    26.00000000   2.5187400000e-01
    100000    28.00000000   2.8704000000e-01
    100000    30.00000000   3.2389900000e-01
    100000    32.00000000   3.6227000000e-01
    100000    34.00000000   4.0196600000e-01
    100000    36.00000000   4.4279200000e-01
    100000    38.00000000   4.8454900000e-01
    100000    40.00000000   5.2703200000e-01
    100000    42.00000000   5.7003300000e-01
    100000    44.00000000   6.1334200000e-01
    100000    46.00000000   6.5674600000e-01
    100000    48.00000000   7.0003400000e-01
    100000    50.00000000   7.4299200000e-01
    100000    52.00000000   7.8541100000e-01
    100000    54.00000000   8.2708200000e-01
    100000    56.00000000   8.6780200000e-01
    100000    58.00000000   9.0737000000e-01
    100000    60.00000000   9.4559300000e-01
    100000    62.00000000   9.8228200000e-01
    100000    64.00000000   1.0172590000e+00
    100000    66.00000000   1.0503500000e+00
    100000    68.00000000   1.0813940000e+00
    100000    70.00000000   1.1102370000e+00
    100000    72.00000000   1.1367380000e+00
    100000    74.00000000   1.1607660000e+00
    100000    76.00000000   1.1822020000e+00
    100000    78.00000000   1.2009410000e+00
    100000    80.00000000   1.2168890000e+00
    100000    82.00000000   1.2299680000e+00
    100000    84.00000000   1.2401110000e+00
    100000    86.00000000   1.2472690000e+00
    100000    88.00000000   1.2514050000e+00
    100000    90.00000000   1.2524960000e+00
    150000   -90.00000000   1.2524960000e+00
    150000   -88.00000000   1.2526440000e+00
    150000   -86.00000000   1.2497470000e+00
    150000   -84.00000000   1.2438240000e+00
    150000   -82.00000000   1.2349110000e+00
    150000   -80.00000000   1.2230570000e+00
    150000   -78.00000000   1.2083250000e+00
    150000   -76.00000000   1.1907950000e+00
    150000   -74.00000000   1.1705560000e+00
    150000   -72.00000000   1.1477130000e+00
    150000   -70.00000000   1.1223850000e+00
    150000   -68.00000000   1.0946990000e+00
    150000   -66.00000000   1.0647960000e+00
    150000   -64.00000000   1.0328290000e+00
    150000   -62.00000000   9.9895700000e-01
    150000   -60.00000000   9.6335200000e-01
    150000   -58.00000000   9.2619200000e-01
    150000   -56.00000000   8.8766300000e-01
    150000   -54.00000000   8.4795900000e-01
    150000   -52.00000000   8.0727800000e-01
    150000   -50.00000000   7.6582200000e-01
    150000   -48.00000000   7.2380000000e-01
    150000   -46.00000000   6.8141900000e-01
    150000   -44.00000000   6.3889100000e-01
    150000   -42.00000000   5.9642800000e-01
    150000   -40.00000000   5.5424000000e-01
    150000   -38.00000000   5.1253700000e-01
    150000   -36.00000000   4.7152600000e-01
    150000   -34.00000000   4.3141100000e-01
    150000   -32.00000000   3.9239100000e-01
    150000   -30.00000000   3.5465800000e-01
    150000   -28.00000000   3.1840000000e-01
    150000   -26.00000000   2.8379700000e-01
    150000   -24.00000000   2.5101900000e-01
    150000   -22.00000000   2.2023000000e-01
    150000   -20.00000000   1.9158100000e-01
    150000   -18.00000000   1.6521500000e-01
    150000   -16.00000000   1.4126100000e-01
    150000   -14.00000000   1.1983800000e-01
    150000   -12.00000000   1.0105300000e-01
    150000   -10.00000000   8.4998000000e-02
    150000    -8.00000000   7.6763000000e-02
    150000    -6.00000000   5.5916000000e-02
    150000    -4.00000000   1.9674000000e-02
    150000    -2.00000000   1.5230000000e-02
    150000     0.00000000   1.1810000000e-02
    150000     2.00000000   1.1970000000e-02
    150000     4.00000000   1.2960000000e-02
    150000     6.00000000   1.5070000000e-02
    150000     8.00000000   2.3277000000e-02
    150000    10.00000000   5.4780000000e-02
    150000    12.00000000   6.9835000000e-02
    150000    14.00000000   9.0066000000e-02
    150000    16.00000000   1.1176500000e-01
    150000    18.00000000   1.3603200000e-01
    150000    20.00000000   1.6274700000e-01
    150000    22.00000000   1.9178000000e-01
    150000    24.00000000   2.2298800000e-01
    150000    26.00000000   2.5621800000e-01
    150000    28.00000000   2.9130800000e-01
    150000    30.00000000   3.2808500000e-01
    150000    32.00000000   3.6636900000e-01
    150000    34.00000000   4.0597300000e-01
    150000    36.00000000   4.4670300000e-01
    150000    38.00000000   4.8835800000e-01
    150000    40.00000000   5.3073500000e-01
    150000    42.00000000   5.7362500000e-01
    150000    44.00000000   6.1681900000e-01
    150000    46.00000000   6.6010400000e-01
    150000    48.00000000   7.0326800000e-01
    150000    50.00000000   7.4609900000e-01
    150000    52.00000000   7.8838700000e-01
    150000    54.00000000   8.2992300000e-01
    150000    56.00000000   8.7050500000e-01
    150000    58.00000000   9.0993100000e-01
    150000    60.00000000   9.4801000000e-01
    150000    62.00000000   9.8455200000e-01
    150000    64.00000000   1.0193780000e+00
    150000    66.00000000   1.0523160000e+00
    150000    68.00000000   1.0832040000e+00
    150000    70.00000000   1.1118900000e+00
    150000    72.00000000   1.1382320000e+00
    150000    74.00000000   1.1620980000e+00
    150000    76.00000000   1.1833710000e+00
    150000    78.00000000   1.2019460000e+00
    150000    80.00000000   1.2177280000e+00
    150000    82.00000000   1.2306400000e+00
    150000    84.00000000   1.2406170000e+00
    150000    86.00000000   1.2476060000e+00
    150000    88.00000000   1.2515730000e+00
    150000    90.00000000   1.2524960000e+00
    200000   -90.00000000   1.2524960000e+00
    200000   -88.00000000   1.2533490000e+00
    200000   -86.00000000   1.2511550000e+00
    200000   -84.00000000   1.2459340000e+00
    200000   -82.00000000   1.2377200000e+00
    200000   -80.00000000   1.2265620000e+00
    200000   -78.00000000   1.2125220000e+00
    200000   -76.00000000   1.1956780000e+00
    200000   -74.00000000   1.1761190000e+00
    200000   -72.00000000   1.1539510000e+00
    200000   -70.00000000   1.1292880000e+00
    200000   -68.00000000   1.1022600000e+00
    200000   -66.00000000   1.0730060000e+00
    200000   -64.00000000   1.0416770000e+00
    200000   -62.00000000   1.0084330000e+00
    200000   -60.00000000   9.7344400000e-01
    200000   -58.00000000   9.3688800000e-01
    200000   -56.00000000   8.9895000000e-01
    200000   -54.00000000   8.5982300000e-01
    200000   -52.00000000   8.1970400000e-01
    200000   -50.00000000   7.7879700000e-01
    200000   -48.00000000   7.3730600000e-01
    200000   -46.00000000   6.9544000000e-01
    200000   -44.00000000   6.5341100000e-01
    200000   -42.00000000   6.1142800000e-01
    200000   -40.00000000   5.6970200000e-01
    200000   -38.00000000   5.2844300000e-01
    200000   -36.00000000   4.8785600000e-01
    200000   -34.00000000   4.4814500000e-01
    200000   -32.00000000   4.0950800000e-01
    200000   -30.00000000   3.7213800000e-01
    200000   -28.00000000   3.3622200000e-01
    200000   -26.00000000   3.0193800000e-01
    200000   -24.00000000   2.6945800000e-01
    200000   -22.00000000   2.3894400000e-01
    200000   -20.00000000   2.1054800000e-01
    200000   -18.00000000   1.8441100000e-01
    200000   -16.00000000   1.6066300000e-01
    200000   -14.00000000   1.3942300000e-01
    200000   -12.00000000   1.2079600000e-01
    200000   -10.00000000   1.0450500000e-01
    200000    -8.00000000   9.1740000000e-02
    200000    -6.00000000   4.7997000000e-02
    200000    -4.00000000   1.6040000000e-02
    200000    -2.00000000   1.2320000000e-02
    200000     0.00000000   9.4700000000e-03
    200000     2.00000000   1.0070000000e-02
    200000     4.00000000   1.1550000000e-02
    200000     6.00000000   1.3996000000e-02
    200000     8.00000000   1.9910000000e-02
    200000    10.00000000   3.2286000000e-02
    200000    12.00000000   4.9845000000e-02
    200000    14.00000000   6.9042000000e-02
    200000    16.00000000   9.0937000000e-02
    200000    18.00000000   1.1542500000e-01
    200000    20.00000000   1.4238700000e-01
    200000    22.00000000   1.7169000000e-01
    200000    24.00000000   2.0319400000e-01
    200000    26.00000000   2.3674300000e-01
    200000    28.00000000   2.7217600000e-01
    200000    30.00000000   3.0932000000e-01
    200000    32.00000000   3.4799400000e-01
    200000    34.00000000   3.8801000000e-01
    200000    36.00000000   4.2917300000e-01
    200000    38.00000000   4.7128400000e-01
    200000    40.00000000   5.1413600000e-01
    200000    42.00000000   5.5752300000e-01
    200000    44.00000000   6.0123300000e-01
    200000    46.00000000   6.4505200000e-01
    200000    48.00000000   6.8877000000e-01
    200000    50.00000000   7.3217100000e-01
    200000    52.00000000   7.7504700000e-01
    200000    54.00000000   8.1718700000e-01
    200000    56.00000000   8.5838800000e-01
    200000    58.00000000   8.9844900000e-01
    200000    60.00000000   9.3717600000e-01
    200000    62.00000000   9.7437900000e-01
    200000    64.00000000   1.0098790000e+00
    200000    66.00000000   1.0435030000e+00
    200000    68.00000000   1.0750880000e+00
    200000    70.00000000   1.1044790000e+00
    200000    72.00000000   1.1315360000e+00
    200000    74.00000000   1.1561260000e+00
    200000    76.00000000   1.1781300000e+00
    200000    78.00000000   1.1974410000e+00
    200000    80.00000000   1.2139660000e+00
    200000    82.00000000   1.2276250000e+00
    200000    84.00000000   1.2383520000e+00
    200000    86.00000000   1.2460950000e+00
    200000    88.00000000   1.2508170000e+00
    200000    90.00000000   1.2524960000e+00
    250000   -90.00000000   1.2524960000e+00
    250000   -88.00000000   1.2544010000e+00
    250000   -86.00000000   1.2532590000e+00
    250000   -84.00000000   1.2490870000e+00
    250000   -82.00000000   1.2419180000e+00
    250000   -80.00000000   1.2317990000e+00
    250000   -78.00000000   1.2187930000e+00
    250000   -76.00000000   1.2029750000e+00
    250000   -74.00000000   1.1844330000e+00
    250000   -72.00000000   1.1632720000e+00
    250000   -70.00000000   1.1396050000e+00
    250000   -68.00000000   1.1135600000e+00
    250000   -66.00000000   1.0852750000e+00
    250000   -64.00000000   1.0549000000e+00
    250000   -62.00000000   1.0225940000e+00
    250000   -60.00000000   9.8852500000e-01
    250000   -58.00000000   9.5287200000e-01
    250000   -56.00000000   9.1581700000e-01
    250000   -54.00000000   8.7755300000e-01
    250000   -52.00000000   8.3827500000e-01
    250000   -50.00000000   7.9818500000e-01
    250000   -48.00000000   7.5748900000e-01
    250000   -46.00000000   7.1639300000e-01
    250000   -44.00000000   6.7510800000e-01
    250000   -42.00000000   6.3384400000e-01
    250000   -40.00000000   5.9280900000e-01
    250000   -38.00000000   5.5221200000e-01
    250000   -36.00000000   5.1225900000e-01
    250000   -34.00000000   4.7315200000e-01
    250000   -32.00000000   4.3508800000e-01
    250000   -30.00000000   3.9826000000e-01
    250000   -28.00000000   3.6285400000e-01
    250000   -26.00000000   3.2904900000e-01
    250000   -24.00000000   2.9701400000e-01
    250000   -22.00000000   2.6691100000e-01
    250000   -20.00000000   2.3889200000e-01
    250000   -18.00000000   2.1309800000e-01
    250000   -16.00000000   1.8965800000e-01
    250000   -14.00000000   1.6869100000e-01
    250000   -12.00000000   1.5030100000e-01
    250000   -10.00000000   1.3457000000e-01
    250000    -8.00000000   1.2161000000e-01
    250000    -6.00000000   4.2367000000e-02
    250000    -4.00000000   1.3770000000e-02
    250000    -2.00000000   1.0740000000e-02
    250000     0.00000000   8.2250000000e-03
    250000     2.00000000   9.0800000000e-03
    250000     4.00000000   1.0760000000e-02
    250000     6.00000000   1.4156000000e-02
    250000     8.00000000   2.0495000000e-02
    250000    10.00000000   3.4025000000e-02
    250000    12.00000000   5.1066000000e-02
    250000    14.00000000   7.0252000000e-02
    250000    16.00000000   9.2136000000e-02
    250000    18.00000000   1.1661200000e-01
    250000    20.00000000   1.4355900000e-01
    250000    22.00000000   1.7284700000e-01
    250000    24.00000000   2.0433300000e-01
    250000    26.00000000   2.3786400000e-01
    250000    28.00000000   2.7327800000e-01
    250000    30.00000000   3.1040000000e-01
    250000    32.00000000   3.4905200000e-01
    250000    34.00000000   3.8904400000e-01
    250000    36.00000000   4.3018200000e-01
    250000    38.00000000   4.7226700000e-01
    250000    40.00000000   5.1509200000e-01
    250000    42.00000000   5.5845000000e-01
    250000    44.00000000   6.0213000000e-01
    250000    46.00000000   6.4591900000e-01
    250000    48.00000000   6.8960400000e-01
    250000    50.00000000   7.3297300000e-01
    250000    52.00000000   7.7581500000e-01
    250000    54.00000000   8.1792100000e-01
    250000    56.00000000   8.5908600000e-01
    250000    58.00000000   8.9911000000e-01
    250000    60.00000000   9.3779900000e-01
    250000    62.00000000   9.7496500000e-01
    250000    64.00000000   1.0104260000e+00
    250000    66.00000000   1.0440100000e+00
    250000    68.00000000   1.0755550000e+00
    250000    70.00000000   1.1049060000e+00
    250000    72.00000000   1.1319210000e+00
    250000    74.00000000   1.1564700000e+00
    250000    76.00000000   1.1784310000e+00
    250000    78.00000000   1.1977000000e+00
    250000    80.00000000   1.2141820000e+00
    250000    82.00000000   1.2277980000e+00
    250000    84.00000000   1.2384820000e+00
    250000    86.00000000   1.2461820000e+00
    250000    88.00000000   1.2508610000e+00
    250000    90.00000000   1.2524960000e+00
     50000   -90.00000000   1.2524960000e+00
     50000   -88.00000000   1.2533240000e+00
     50000   -86.00000000   1.2511060000e+00
     50000   -84.00000000   1.2458610000e+00
     50000   -82.00000000   1.2376230000e+00
     50000   -80.00000000   1.2264410000e+00
     50000   -78.00000000   1.2123770000e+00
     50000   -76.00000000   1.1955090000e+00
     50000   -74.00000000   1.1759270000e+00
     50000   -72.00000000   1.1537350000e+00
     50000   -70.00000000   1.1290500000e+00
     50000   -68.00000000   1.1019990000e+00
     50000   -66.00000000   1.0727230000e+00
     50000   -64.00000000   1.0413710000e+00
     50000   -62.00000000   1.0081060000e+00
     50000   -60.00000000   9.7309500000e-01
     50000   -58.00000000   9.3651800000e-01
     50000   -56.00000000   8.9856000000e-01
     50000   -54.00000000   8.5941300000e-01
     50000   -52.00000000   8.1927500000e-01
     50000   -50.00000000   7.7834800000e-01
     50000   -48.00000000   7.3683900000e-01
     50000   -46.00000000   6.9495600000e-01
     50000   -44.00000000   6.5290900000e-01
     50000   -42.00000000   6.1091000000e-01
     50000   -40.00000000   5.6916800000e-01
     50000   -38.00000000   5.2789300000e-01
     50000   -36.00000000   4.8729200000e-01
     50000   -34.00000000   4.4756700000e-01
     50000   -32.00000000   4.0891700000e-01
     50000   -30.00000000   3.7153400000e-01
     50000   -28.00000000   3.3560600000e-01
     50000   -26.00000000   3.0131200000e-01
     50000   -24.00000000   2.6882200000e-01
     50000   -22.00000000   2.3829800000e-01
     50000   -20.00000000   2.0989300000e-01
     50000   -18.00000000   1.8374800000e-01
     50000   -16.00000000   1.5999300000e-01
     50000   -14.00000000   1.3874700000e-01
     50000   -12.00000000   1.2011400000e-01
     50000   -10.00000000   1.0418900000e-01
     50000    -8.00000000   9.2636000000e-02
     50000    -6.00000000   7.9830000000e-02
     50000    -4.00000000   4.0640000000e-02
     50000    -2.00000000   2.8910000000e-02
     50000     0.00000000   2.7570000000e-02
     50000     2.00000000   3.4890000000e-02
     50000     4.00000000   4.1490000000e-02
     50000     6.00000000   4.0938000000e-02
     50000     8.00000000   2.0013000000e-02
     50000    10.00000000   3.0683000000e-02
     50000    12.00000000   4.4323000000e-02
     50000    14.00000000   6.3564000000e-02
     50000    16.00000000   8.5510000000e-02
     50000    18.00000000   1.1005600000e-01
     50000    20.00000000   1.3708200000e-01
     50000    22.00000000   1.6645600000e-01
     50000    24.00000000   1.9803600000e-01
     50000    26.00000000   2.3166900000e-01
     50000    28.00000000   2.6719100000e-01
     50000    30.00000000   3.0443100000e-01
     50000    32.00000000   3.4320600000e-01
     50000    34.00000000   3.8332900000e-01
     50000    36.00000000   4.2460600000e-01
     50000    38.00000000   4.6683500000e-01
     50000    40.00000000   5.0981200000e-01
     50000    42.00000000   5.5332800000e-01
     50000    44.00000000   5.9717100000e-01
     50000    46.00000000   6.4113100000e-01
     50000    48.00000000   6.8499200000e-01
     50000    50.00000000   7.2854200000e-01
     50000    52.00000000   7.7157100000e-01
     50000    54.00000000   8.1386900000e-01
     50000    56.00000000   8.5523100000e-01
     50000    58.00000000   8.9545800000e-01
     50000    60.00000000   9.3435300000e-01
     50000    62.00000000   9.7172900000e-01
     50000    64.00000000   1.0074040000e+00
     50000    66.00000000   1.0412070000e+00
     50000    68.00000000   1.0729730000e+00
     50000    70.00000000   1.1025490000e+00
     50000    72.00000000   1.1297910000e+00
     50000    74.00000000   1.1545700000e+00
     50000    76.00000000   1.1767640000e+00
     50000    78.00000000   1.1962670000e+00
     50000    80.00000000   1.2129860000e+00
     50000    82.00000000   1.2268390000e+00
     50000    84.00000000   1.2377620000e+00
     50000    86.00000000   1.2457010000e+00
     50000    88.00000000   1.2506200000e+00
     50000    90.00000000   1.2524960000e+00
    100000   -90.00000000   1.2524960000e+00
    100000   -88.00000000   1.2528630000e+00
    100000   -86.00000000   1.2501840000e+00
    100000   -84.00000000   1.2444800000e+00
    100000   -82.00000000   1.2357840000e+00
    100000   -80.00000000   1.2241460000e+00
    100000   -78.00000000   1.2096290000e+00
    100000   -76.00000000   1.1923120000e+00
    100000   -74.00000000   1.1722840000e+00
    100000   -72.00000000   1.1496510000e+00
    100000   -70.00000000   1.1245300000e+00
    100000   -68.00000000   1.0970480000e+00
    100000   -66.00000000   1.0673470000e+00
    100000   -64.00000000   1.0355780000e+00
    100000   -62.00000000   1.0019010000e+00
    100000   -60.00000000   9.6648700000e-01
    100000   -58.00000000   9.2951500000e-01
    100000   -56.00000000   8.9117000000e-01
    100000   -54.00000000   8.5164500000e-01
    100000   -52.00000000   8.1113900000e-01
    100000   -50.00000000   7.6985400000e-01
    100000   -48.00000000   7.2799600000e-01
    100000   -46.00000000   6.8577600000e-01
    100000   -44.00000000   6.4340300000e-01
    100000   -42.00000000   6.0108900000e-01
    100000   -40.00000000   5.5904400000e-01
    100000   -38.00000000   5.1747900000e-01
    100000   -36.00000000   4.7660000000e-01
    100000   -34.00000000   4.3661100000e-01
    100000   -32.00000000   3.9770900000e-01
    100000   -30.00000000   3.6008900000e-01
    100000   -28.00000000   3.2393700000e-01
    100000   -26.00000000   2.8943400000e-01
    100000   -24.00000000   2.5674900000e-01
    100000   -22.00000000   2.2604500000e-01
    100000   -20.00000000   1.9747400000e-01
    100000   -18.00000000   1.7117900000e-01
    100000   -16.00000000   1.4729000000e-01
    100000   -14.00000000   1.2592400000e-01
    100000   -12.00000000   1.0718800000e-01
    100000   -10.00000000   9.1174000000e-02
    100000    -8.00000000   7.8680000000e-02
    100000    -6.00000000   6.9217000000e-02
    100000    -4.00000000   2.8174000000e-02
    100000    -2.00000000   2.0870000000e-02
    100000     0.00000000   1.7470000000e-02
    100000     2.00000000   1.6770000000e-02
    100000     4.00000000   1.6930000000e-02
    100000     6.00000000   1.8080000000e-02
    100000     8.00000000   3.3154000000e-02
    100000    10.00000000   5.7555000000e-02
    100000    12.00000000   8.4303000000e-02
    100000    14.00000000   1.0175900000e-01
    100000    16.00000000   1.2334900000e-01
    100000    18.00000000   1.4749300000e-01
    100000    20.00000000   1.7407200000e-01
    100000    22.00000000   2.0295300000e-01
    100000    24.00000000   2.3399700000e-01
    100000    26.00000000   2.6704900000e-01
    100000    28.00000000   3.0194800000e-01
    100000    30.00000000   3.3852100000e-01
    100000    32.00000000   3.7658900000e-01
    100000    34.00000000   4.1596400000e-01
    100000    36.00000000   4.5645200000e-01
    100000    38.00000000   4.9785400000e-01
    100000    40.00000000   5.3996600000e-01
    100000    42.00000000   5.8258100000e-01
    100000    44.00000000   6.2548800000e-01
    100000    46.00000000   6.6847500000e-01
    100000    48.00000000   7.1133200000e-01
    100000    50.00000000   7.5384500000e-01
    100000    52.00000000   7.9580600000e-01
    100000    54.00000000   8.3700700000e-01
    100000    56.00000000   8.7724300000e-01
    100000    58.00000000   9.1631700000e-01
    100000    60.00000000   9.5403500000e-01
    100000    62.00000000   9.9020900000e-01
    100000    64.00000000   1.0246600000e+00
    100000    66.00000000   1.0572180000e+00
    100000    68.00000000   1.0877190000e+00
    100000    70.00000000   1.1160120000e+00
    100000    72.00000000   1.1419550000e+00
    100000    74.00000000   1.1654200000e+00
    100000    76.00000000   1.1862870000e+00
    100000    78.00000000   1.2044510000e+00
    100000    80.00000000   1.2198210000e+00
    100000    82.00000000   1.2323180000e+00
    100000    84.00000000   1.2418760000e+00
    100000    86.00000000   1.2484470000e+00
    100000    88.00000000   1.2519940000e+00
    100000    90.00000000   1.2524960000e+00
    150000   -90.00000000   1.2524960000e+00
    150000   -88.00000000   1.2525980000e+00
    150000   -86.00000000   1.2496540000e+00
    150000   -84.00000000   1.2436840000e+00
    150000   -82.00000000   1.2347250000e+00
    150000   -80.00000000   1.2228250000e+00
    150000   -78.00000000   1.2080470000e+00
    150000   -76.00000000   1.1904710000e+00
    150000   -74.00000000   1.1701870000e+00
    150000   -72.00000000   1.1473000000e+00
    150000   -70.00000000   1.1219280000e+00
    150000   -68.00000000   1.0941980000e+00
    150000   -66.00000000   1.0642530000e+00
    150000   -64.00000000   1.0322430000e+00
    150000   -62.00000000   9.9832900000e-01
    150000   -60.00000000   9.6268300000e-01
    150000   -58.00000000   9.2548300000e-01
    150000   -56.00000000   8.8691600000e-01
    150000   -54.00000000   8.4717300000e-01
    150000   -52.00000000   8.0645500000e-01
    150000   -50.00000000   7.6496300000e-01
    150000   -48.00000000   7.2290500000e-01
    150000   -46.00000000   6.8049000000e-01
    150000   -44.00000000   6.3793000000e-01
    150000   -42.00000000   5.9543500000e-01
    150000   -40.00000000   5.5321600000e-01
    150000   -38.00000000   5.1148400000e-01
    150000   -36.00000000   4.7044500000e-01
    150000   -34.00000000   4.3030300000e-01
    150000   -32.00000000   3.9125700000e-01
    150000   -30.00000000   3.5350000000e-01
    150000   -28.00000000   3.1722000000e-01
    150000   -26.00000000   2.8259500000e-01
    150000   -24.00000000   2.4979800000e-01
    150000   -22.00000000   2.1899100000e-01
    150000   -20.00000000   1.9032500000e-01
    150000   -18.00000000   1.6394300000e-01
    150000   -16.00000000   1.3997600000e-01
    150000   -14.00000000   1.1854100000e-01
    150000   -12.00000000   9.9746000000e-02
    150000   -10.00000000   8.3682000000e-02
    150000    -8.00000000   7.3633000000e-02
    150000    -6.00000000   5.7644000000e-02
    150000    -4.00000000   2.0788000000e-02
    150000    -2.00000000   1.5230000000e-02
    150000     0.00000000   1.1800000000e-02
    150000     2.00000000   1.1960000000e-02
    150000     4.00000000   1.2940000000e-02
    150000     6.00000000   1.5167000000e-02
    150000     8.00000000   2.5441000000e-02
    150000    10.00000000   4.6089000000e-02
    150000    12.00000000   6.0863000000e-02
    150000    14.00000000   7.9971000000e-02
    150000    16.00000000   1.0176500000e-01
    150000    18.00000000   1.2613800000e-01
    150000    20.00000000   1.5297100000e-01
    150000    22.00000000   1.8213400000e-01
    150000    24.00000000   2.1348400000e-01
    150000    26.00000000   2.4686700000e-01
    150000    28.00000000   2.8212200000e-01
    150000    30.00000000   3.1907500000e-01
    150000    32.00000000   3.5754600000e-01
    150000    34.00000000   3.9734800000e-01
    150000    36.00000000   4.3828600000e-01
    150000    38.00000000   4.8016000000e-01
    150000    40.00000000   5.2276500000e-01
    150000    42.00000000   5.6589400000e-01
    150000    44.00000000   6.0933500000e-01
    150000    46.00000000   6.5287700000e-01
    150000    48.00000000   6.9630700000e-01
    150000    50.00000000   7.3941200000e-01
    150000    52.00000000   7.8198200000e-01
    150000    54.00000000   8.2380800000e-01
    150000    56.00000000   8.6468700000e-01
    150000    58.00000000   9.0441800000e-01
    150000    60.00000000   9.4280800000e-01
    150000    62.00000000   9.7966700000e-01
    150000    64.00000000   1.0148170000e+00
    150000    66.00000000   1.0480850000e+00
    150000    68.00000000   1.0793070000e+00
    150000    70.00000000   1.1083320000e+00
    150000    72.00000000   1.1350170000e+00
    150000    74.00000000   1.1592300000e+00
    150000    76.00000000   1.1808550000e+00
    150000    78.00000000   1.1997830000e+00
    150000    80.00000000   1.2159220000e+00
    150000    82.00000000   1.2291930000e+00
    150000    84.00000000   1.2395290000e+00
    150000    86.00000000   1.2468810000e+00
    150000    88.00000000   1.2512100000e+00
    150000    90.00000000   1.2524960000e+00
    200000   -90.00000000   1.2524960000e+00
    200000   -88.00000000   1.2525510000e+00
    200000   -86.00000000   1.2495610000e+00
    200000   -84.00000000   1.2435460000e+00
    200000   -82.00000000   1.2345410000e+00
    200000   -80.00000000   1.2225950000e+00
    200000   -78.00000000   1.2077730000e+00
    200000   -76.00000000   1.1901510000e+00
    200000   -74.00000000   1.1698230000e+00
    200000   -72.00000000   1.1468920000e+00
    200000   -70.00000000   1.1214760000e+00
    200000   -68.00000000   1.0937030000e+00
    200000   -66.00000000   1.0637150000e+00
    200000   -64.00000000   1.0316630000e+00
    200000   -62.00000000   9.9770900000e-01
    200000   -60.00000000   9.6202200000e-01
    200000   -58.00000000   9.2478300000e-01
    200000   -56.00000000   8.8617600000e-01
    200000   -54.00000000   8.4639600000e-01
    200000   -52.00000000   8.0564100000e-01
    200000   -50.00000000   7.6411400000e-01
    200000   -48.00000000   7.2202100000e-01
    200000   -46.00000000   6.7957200000e-01
    200000   -44.00000000   6.3697900000e-01
    200000   -42.00000000   5.9445200000e-01
    200000   -40.00000000   5.5220400000e-01
    200000   -38.00000000   5.1044200000e-01
    200000   -36.00000000   4.6937600000e-01
    200000   -34.00000000   4.2920700000e-01
    200000   -32.00000000   3.9013600000e-01
    200000   -30.00000000   3.5235600000e-01
    200000   -28.00000000   3.1605300000e-01
    200000   -26.00000000   2.8140700000e-01
    200000   -24.00000000   2.4859100000e-01
    200000   -22.00000000   2.1776500000e-01
    200000   -20.00000000   1.8908300000e-01
    200000   -18.00000000   1.6268600000e-01
    200000   -16.00000000   1.3870500000e-01
    200000   -14.00000000   1.1725900000e-01
    200000   -12.00000000   9.8453000000e-02
    200000   -10.00000000   8.2380000000e-02
    200000    -8.00000000   7.1702000000e-02
    200000    -6.00000000   5.1579000000e-02
    200000    -4.00000000   1.6069000000e-02
    200000    -2.00000000   1.2330000000e-02
    200000     0.00000000   9.4100000000e-03
    200000     2.00000000   1.0050000000e-02
    200000     4.00000000   1.1530000000e-02
    200000     6.00000000   1.3513000000e-02
    200000     8.00000000   1.7156000000e-02
    200000    10.00000000   3.0705000000e-02
    200000    12.00000000   4.7768000000e-02
    200000    14.00000000   6.6982000000e-02
    200000    16.00000000   8.8896000000e-02
    200000    18.00000000   1.1340600000e-01
    200000    20.00000000   1.4039100000e-01
    200000    22.00000000   1.6972100000e-01
    200000    24.00000000   2.0125400000e-01
    200000    26.00000000   2.3483500000e-01
    200000    28.00000000   2.7030100000e-01
    200000    30.00000000   3.0748100000e-01
    200000    32.00000000   3.4619300000e-01
    200000    34.00000000   3.8624900000e-01
    200000    36.00000000   4.2745500000e-01
    200000    38.00000000   4.6961000000e-01
    200000    40.00000000   5.1251000000e-01
    200000    42.00000000   5.5594500000e-01
    200000    44.00000000   5.9970500000e-01
    200000    46.00000000   6.4357700000e-01
    200000    48.00000000   6.8734900000e-01
    200000    50.00000000   7.3080600000e-01
    200000    52.00000000   7.7374000000e-01
    200000    54.00000000   8.1593900000e-01
    200000    56.00000000   8.5720100000e-01
    200000    58.00000000   8.9732400000e-01
    200000    60.00000000   9.3611400000e-01
    200000    62.00000000   9.7338200000e-01
    200000    64.00000000   1.0089480000e+00
    200000    66.00000000   1.0426390000e+00
    200000    68.00000000   1.0742920000e+00
    200000    70.00000000   1.1037530000e+00
    200000    72.00000000   1.1308800000e+00
    200000    74.00000000   1.1555400000e+00
    200000    76.00000000   1.1776160000e+00
    200000    78.00000000   1.1969990000e+00
    200000    80.00000000   1.2135970000e+00
    200000    82.00000000   1.2273290000e+00
    200000    84.00000000   1.2381300000e+00
    200000    86.00000000   1.2459470000e+00
    200000    88.00000000   1.2507430000e+00
    200000    90.00000000   1.2524960000e+00
    250000   -90.00000000   1.2524960000e+00
    250000   -88.00000000   1.2525160000e+00
    250000   -86.00000000   1.2494910000e+00
    250000   -84.00000000   1.2434400000e+00
    250000   -82.00000000   1.2344000000e+00
    250000   -80.00000000   1.2224190000e+00
    250000   -78.00000000   1.2075620000e+00
    250000   -76.00000000   1.1899060000e+00
    250000   -74.00000000   1.1695430000e+00
    250000   -72.00000000   1.1465790000e+00
    250000   -70.00000000   1.1211290000e+00
    250000   -68.00000000   1.0933230000e+00
    250000   -66.00000000   1.0633030000e+00
    250000   -64.00000000   1.0312190000e+00
    250000   -62.00000000   9.9723300000e-01
    250000   -60.00000000   9.6151500000e-01
    250000   -58.00000000   9.2424500000e-01
    250000   -56.00000000   8.8560900000e-01
    250000   -54.00000000   8.4580000000e-01
    250000   -52.00000000   8.0501700000e-01
    250000   -50.00000000   7.6346200000e-01
    250000   -48.00000000   7.2134200000e-01
    250000   -46.00000000   6.7886800000e-01
    250000   -44.00000000   6.3624900000e-01
    250000   -42.00000000   5.9369900000e-01
    250000   -40.00000000   5.5142700000e-01
    250000   -38.00000000   5.0964300000e-01
    250000   -36.00000000   4.6855500000e-01
    250000   -34.00000000   4.2836700000e-01
    250000   -32.00000000   3.8927600000e-01
    250000   -30.00000000   3.5147700000e-01
    250000   -28.00000000   3.1515700000e-01
    250000   -26.00000000   2.8049600000e-01
    250000   -24.00000000   2.4766400000e-01
    250000   -22.00000000   2.1682500000e-01
    250000   -20.00000000   1.8813000000e-01
    250000   -18.00000000   1.6172200000e-01
    250000   -16.00000000   1.3773100000e-01
    250000   -14.00000000   1.1627500000e-01
    250000   -12.00000000   9.7461000000e-02
    250000   -10.00000000   8.1483000000e-02
    250000    -8.00000000   7.5836000000e-02
    250000    -6.00000000   4.7077000000e-02
    250000    -4.00000000   1.3740000000e-02
    250000    -2.00000000   1.0740000000e-02
    250000     0.00000000   8.2200000000e-03
    250000     2.00000000   9.0700000000e-03
    250000     4.00000000   1.0750000000e-02
    250000     6.00000000   1.0835000000e-02
    250000     8.00000000   2.6818000000e-02
    250000    10.00000000   1.5987000000e-02
    250000    12.00000000   3.0968000000e-02
    250000    14.00000000   5.0316000000e-02
    250000    16.00000000   7.2386000000e-02
    250000    18.00000000   9.7071000000e-02
    250000    20.00000000   1.2425100000e-01
    250000    22.00000000   1.5379600000e-01
    250000    24.00000000   1.8556300000e-01
    250000    26.00000000   2.1939700000e-01
    250000    28.00000000   2.5513600000e-01
    250000    30.00000000   2.9260600000e-01
    250000    32.00000000   3.3162700000e-01
    250000    34.00000000   3.7201000000e-01
    250000    36.00000000   4.1356000000e-01
    250000    38.00000000   4.5607600000e-01
    250000    40.00000000   4.9935200000e-01
    250000    42.00000000   5.4318100000e-01
    250000    44.00000000   5.8735000000e-01
    250000    46.00000000   6.3164600000e-01
    250000    48.00000000   6.7585600000e-01
    250000    50.00000000   7.1976600000e-01
    250000    52.00000000   7.6316500000e-01
    250000    54.00000000   8.0584400000e-01
    250000    56.00000000   8.4759600000e-01
    250000    58.00000000   8.8822200000e-01
    250000    60.00000000   9.2752600000e-01
    250000    62.00000000   9.6531900000e-01
    250000    64.00000000   1.0014190000e+00
    250000    66.00000000   1.0356530000e+00
    250000    68.00000000   1.0678580000e+00
    250000    70.00000000   1.0978790000e+00
    250000    72.00000000   1.1255720000e+00
    250000    74.00000000   1.1508060000e+00
    250000    76.00000000   1.1734610000e+00
    250000    78.00000000   1.1934280000e+00
    250000    80.00000000   1.2106150000e+00
    250000    82.00000000   1.2249390000e+00
    250000    84.00000000   1.2363350000e+00
    250000    86.00000000   1.2447490000e+00
    250000    88.00000000   1.2501440000e+00
    250000    90.00000000   1.2524960000e+00
     50000   -90.00000000   1.2524960000e+00
     50000   -88.00000000   1.2533290000e+00
     50000   -86.00000000   1.2511160000e+00
     50000   -84.00000000   1.2458760000e+00
     50000   -82.00000000   1.2376430000e+00
     50000   -80.00000000   1.2264650000e+00
     50000   -78.00000000   1.2124060000e+00
     50000   -76.00000000   1.1955430000e+00
     50000   -74.00000000   1.1759660000e+00
     50000   -72.00000000   1.1537790000e+00
     50000   -70.00000000   1.1290980000e+00
     50000   -68.00000000   1.1020520000e+00
     50000   -66.00000000   1.0727800000e+00
     50000   -64.00000000   1.0414330000e+00
     50000   -62.00000000   1.0081720000e+00
     50000   -60.00000000   9.7316600000e-01
     50000   -58.00000000   9.3659300000e-01
     50000   -56.00000000   8.9863900000e-01
     50000   -54.00000000   8.5949600000e-01
     50000   -52.00000000   8.1936200000e-01
     50000   -50.00000000   7.7844000000e-01
     50000   -48.00000000   7.3693400000e-01
     50000   -46.00000000   6.9505400000e-01
     50000   -44.00000000   6.5301100000e-01
     50000   -42.00000000   6.1101500000e-01
     50000   -40.00000000   5.6927700000e-01
     50000   -38.00000000   5.2800500000e-01
     50000   -36.00000000   4.8740700000e-01
     50000   -34.00000000   4.4768400000e-01
     50000   -32.00000000   4.0903700000e-01
     50000   -30.00000000   3.7165700000e-01
     50000   -28.00000000   3.3573100000e-01
     50000   -26.00000000   3.0143900000e-01
     50000   -24.00000000   2.6895100000e-01
     50000   -22.00000000   2.3842900000e-01
     50000   -20.00000000   2.1002600000e-01
     50000   -18.00000000   1.8388300000e-01
     50000   -16.00000000   1.6012900000e-01
     50000   -14.00000000   1.3888400000e-01
     50000   -12.00000000   1.2025300000e-01
     50000   -10.00000000   1.0432900000e-01
     50000    -8.00000000   9.1834000000e-02
     50000    -6.00000000   8.2079000000e-02
     50000    -4.00000000   4.2693000000e-02
     50000    -2.00000000   2.8840000000e-02
     50000     0.00000000   2.7480000000e-02
     50000     2.00000000   3.4820000000e-02
     50000     4.00000000   4.1390000000e-02
     50000     6.00000000   4.1835000000e-02
     50000     8.00000000   5.7661000000e-02
     50000    10.00000000   4.4596000000e-02
     50000    12.00000000   5.7571000000e-02
     50000    14.00000000   7.6705000000e-02
     50000    16.00000000   9.8529000000e-02
     50000    18.00000000   1.2293700000e-01
     50000    20.00000000   1.4980800000e-01
     50000    22.00000000   1.7901300000e-01
     50000    24.00000000   2.1040900000e-01
     50000    26.00000000   2.4384200000e-01
     50000    28.00000000   2.7915000000e-01
     50000    30.00000000   3.1616000000e-01
     50000    32.00000000   3.5469200000e-01
     50000    34.00000000   3.9455800000e-01
     50000    36.00000000   4.3556300000e-01
     50000    38.00000000   4.7750700000e-01
     50000    40.00000000   5.2018700000e-01
     50000    42.00000000   5.6339200000e-01
     50000    44.00000000   6.0691400000e-01
     50000    46.00000000   6.5053900000e-01
     50000    48.00000000   6.9405400000e-01
     50000    50.00000000   7.3724800000e-01
     50000    52.00000000   7.7990900000e-01
     50000    54.00000000   8.2183000000e-01
     50000    56.00000000   8.6280500000e-01
     50000    58.00000000   9.0263500000e-01
     50000    60.00000000   9.4112500000e-01
     50000    62.00000000   9.7808700000e-01
     50000    64.00000000   1.0133420000e+00
     50000    66.00000000   1.0467160000e+00
     50000    68.00000000   1.0780460000e+00
     50000    70.00000000   1.1071810000e+00
     50000    72.00000000   1.1339770000e+00
     50000    74.00000000   1.1583030000e+00
     50000    76.00000000   1.1800400000e+00
     50000    78.00000000   1.1990830000e+00
     50000    80.00000000   1.2153370000e+00
     50000    82.00000000   1.2287240000e+00
     50000    84.00000000   1.2391770000e+00
     50000    86.00000000   1.2466460000e+00
     50000    88.00000000   1.2510930000e+00
     50000    90.00000000   1.2524960000e+00
    100000   -90.00000000   1.2524960000e+00
    100000   -88.00000000   1.2528560000e+00
    100000   -86.00000000   1.2501700000e+00
    100000   -84.00000000   1.2444590000e+00
    100000   -82.00000000   1.2357560000e+00
    100000   -80.00000000   1.2241110000e+00
    100000   -78.00000000   1.2095880000e+00
    100000   -76.00000000   1.1922630000e+00
    100000   -74.00000000   1.1722290000e+00
    100000   -72.00000000   1.1495900000e+00
    100000   -70.00000000   1.1244610000e+00
    100000   -68.00000000   1.0969730000e+00
    100000   -66.00000000   1.0672660000e+00
    100000   -64.00000000   1.0354900000e+00
    100000   -62.00000000   1.0018070000e+00
    100000   -60.00000000   9.6638700000e-01
    100000   -58.00000000   9.2940900000e-01
    100000   -56.00000000   8.9105800000e-01
    100000   -54.00000000   8.5152800000e-01
    100000   -52.00000000   8.1101600000e-01
    100000   -50.00000000   7.6972500000e-01
    100000   -48.00000000   7.2786300000e-01
    100000   -46.00000000   6.8563700000e-01
    100000   -44.00000000   6.4325900000e-01
    100000   -42.00000000   6.0094000000e-01
    100000   -40.00000000   5.5889100000e-01
    100000   -38.00000000   5.1732200000e-01
    100000   -36.00000000   4.7643900000e-01
    100000   -34.00000000   4.3644500000e-01
    100000   -32.00000000   3.9754000000e-01
    100000   -30.00000000   3.5991600000e-01
    100000   -28.00000000   3.2376100000e-01
    100000   -26.00000000   2.8925400000e-01
    100000   -24.00000000   2.5656600000e-01
    100000   -22.00000000   2.2586000000e-01
    100000   -20.00000000   1.9728700000e-01
    100000   -18.00000000   1.7098900000e-01
    100000   -16.00000000   1.4709700000e-01
    100000   -14.00000000   1.2573000000e-01
    100000   -12.00000000   1.0699200000e-01
    100000   -10.00000000   9.0977000000e-02
    100000    -8.00000000   7.9623000000e-02
    100000    -6.00000000   6.7420000000e-02
    100000    -4.00000000   2.6574000000e-02
    100000    -2.00000000   2.0850000000e-02
    100000     0.00000000   1.7470000000e-02
    100000     2.00000000   1.6780000000e-02
    100000     4.00000000   1.6910000000e-02
    100000     6.00000000   1.7114000000e-02
    100000     8.00000000   3.0972000000e-02
    100000    10.00000000   3.6741000000e-02
    100000    12.00000000   5.2545000000e-02
    100000    14.00000000   7.1719000000e-02
    100000    16.00000000   9.3590000000e-02
    100000    18.00000000   1.1805000000e-01
    100000    20.00000000   1.4498000000e-01
    100000    22.00000000   1.7424900000e-01
    100000    24.00000000   2.0571500000e-01
    100000    26.00000000   2.3922400000e-01
    100000    28.00000000   2.7461300000e-01
    100000    30.00000000   3.1171000000e-01
    100000    32.00000000   3.5033400000e-01
    100000    34.00000000   3.9029800000e-01
    100000    36.00000000   4.3140600000e-01
    100000    38.00000000   4.7345800000e-01
    100000    40.00000000   5.1625000000e-01
    100000    42.00000000   5.5957400000e-01
    100000    44.00000000   6.0321800000e-01
    100000    46.00000000   6.4696900000e-01
    100000    48.00000000   6.9061600000e-01
    100000    50.00000000   7.3394500000e-01
    100000    52.00000000   7.7674600000e-01
    100000    54.00000000   8.1881000000e-01
    100000    56.00000000   8.5993200000e-01
    100000    58.00000000   8.9991200000e-01
    100000    60.00000000   9.3855600000e-01
    100000    62.00000000   9.7567500000e-01
    100000    64.00000000   1.0110890000e+00
    100000    66.00000000   1.0446260000e+00
    100000    68.00000000   1.0761210000e+00
    100000    70.00000000   1.1054230000e+00
    100000    72.00000000   1.1323890000e+00
    100000    74.00000000   1.1568860000e+00
    100000    76.00000000   1.1787970000e+00
    100000    78.00000000   1.1980150000e+00
    100000    80.00000000   1.2144450000e+00
    100000    82.00000000   1.2280090000e+00
    100000    84.00000000   1.2386400000e+00
    100000    86.00000000   1.2462870000e+00
    100000    88.00000000   1.2509130000e+00
    100000    90.00000000   1.2524960000e+00
    150000   -90.00000000   1.2524960000e+00
    150000   -88.00000000   1.2525440000e+00
    150000   -86.00000000   1.2495460000e+00
    150000   -84.00000000   1.2435230000e+00
    150000   -82.00000000   1.2345110000e+00
    150000   -80.00000000   1.2225570000e+00
    150000   -78.00000000   1.2077270000e+00
    150000   -76.00000000   1.1900990000e+00
    150000   -74.00000000   1.1697630000e+00
    150000   -72.00000000   1.1468250000e+00
    150000   -70.00000000   1.1214010000e+00
    150000   -68.00000000   1.0936210000e+00
    150000   -66.00000000   1.0636270000e+00
    150000   -64.00000000   1.0315680000e+00
    150000   -62.00000000   9.9760700000e-01
    150000   -60.00000000   9.6191300000e-01
    150000   -58.00000000   9.2466700000e-01
    150000   -56.00000000   8.8605500000e-01
    150000   -54.00000000   8.4626800000e-01
    150000   -52.00000000   8.0550700000e-01
    150000   -50.00000000   7.6397400000e-01
    150000   -48.00000000   7.2187500000e-01
    150000   -46.00000000   6.7942100000e-01
    150000   -44.00000000   6.3682200000e-01
    150000   -42.00000000   5.9429000000e-01
    150000   -40.00000000   5.5203700000e-01
    150000   -38.00000000   5.1027100000e-01
    150000   -36.00000000   4.6920000000e-01
    150000   -34.00000000   4.2902700000e-01
    150000   -32.00000000   3.8995100000e-01
    150000   -30.00000000   3.5216700000e-01
    150000   -28.00000000   3.1586000000e-01
    150000   -26.00000000   2.8121200000e-01
    150000   -24.00000000   2.4839200000e-01
    150000   -22.00000000   2.1756300000e-01
    150000   -20.00000000   1.8887800000e-01
    150000   -18.00000000   1.6247900000e-01
    150000   -16.00000000   1.3849600000e-01
    150000   -14.00000000   1.1704800000e-01
    150000   -12.00000000   9.8240000000e-02
    150000   -10.00000000   8.2376000000e-02
    150000    -8.00000000   8.1376000000e-02
    150000    -6.00000000   5.3583000000e-02
    150000    -4.00000000   1.9260000000e-02
    150000    -2.00000000   1.5240000000e-02
    150000     0.00000000   1.1810000000e-02
    150000     2.00000000   1.0890000000e-02
    150000     4.00000000   1.2955000000e-02
    150000     6.00000000   1.5060000000e-02
    150000     8.00000000   2.1318000000e-02
    150000    10.00000000   5.0953000000e-02
    150000    12.00000000   6.7258000000e-02
    150000    14.00000000   8.7086000000e-02
    150000    16.00000000   1.0881400000e-01
    150000    18.00000000   1.3311200000e-01
    150000    20.00000000   1.5986200000e-01
    150000    22.00000000   1.8893300000e-01
    150000    24.00000000   2.2018300000e-01
    150000    26.00000000   2.5345800000e-01
    150000    28.00000000   2.8859600000e-01
    150000    30.00000000   3.2542500000e-01
    150000    32.00000000   3.6376500000e-01
    150000    34.00000000   4.0342700000e-01
    150000    36.00000000   4.4421800000e-01
    150000    38.00000000   4.8593800000e-01
    150000    40.00000000   5.2838200000e-01
    150000    42.00000000   5.7134300000e-01
    150000    44.00000000   6.1461000000e-01
    150000    46.00000000   6.5797100000e-01
    150000    48.00000000   7.0121300000e-01
    150000    50.00000000   7.4412500000e-01
    150000    52.00000000   7.8649600000e-01
    150000    54.00000000   8.2811800000e-01
    150000    56.00000000   8.6878800000e-01
    150000    58.00000000   9.0830400000e-01
    150000    60.00000000   9.4647400000e-01
    150000    62.00000000   9.8311000000e-01
    150000    64.00000000   1.0180320000e+00
    150000    66.00000000   1.0510670000e+00
    150000    68.00000000   1.0820540000e+00
    150000    70.00000000   1.1108400000e+00
    150000    72.00000000   1.1372830000e+00
    150000    74.00000000   1.1612520000e+00
    150000    76.00000000   1.1826290000e+00
    150000    78.00000000   1.2013070000e+00
    150000    80.00000000   1.2171950000e+00
    150000    82.00000000   1.2302130000e+00
    150000    84.00000000   1.2402960000e+00
    150000    86.00000000   1.2473920000e+00
    150000    88.00000000   1.2514660000e+00
    150000    90.00000000   1.2524960000e+00
    200000   -90.00000000   1.2524960000e+00
    200000   -88.00000000   1.2529590000e+00
    200000   -86.00000000   1.2503770000e+00
    200000   -84.00000000   1.2447680000e+00
    200000   -82.00000000   1.2361680000e+00
    200000   -80.00000000   1.2246250000e+00
    200000   -78.00000000   1.2102030000e+00
    200000   -76.00000000   1.1929790000e+00
    200000   -74.00000000   1.1730450000e+00
    200000   -72.00000000   1.1505040000e+00
    200000   -70.00000000   1.1254740000e+00
    200000   -68.00000000   1.0980820000e+00
    200000   -66.00000000   1.0684700000e+00
    200000   -64.00000000   1.0367880000e+00
    200000   -62.00000000   1.0031970000e+00
    200000   -60.00000000   9.6786700000e-01
    200000   -58.00000000   9.3097800000e-01
    200000   -56.00000000   8.9271300000e-01
    200000   -54.00000000   8.5326800000e-01
    200000   -52.00000000   8.1283800000e-01
    200000   -50.00000000   7.7162800000e-01
    200000   -48.00000000   7.2984300000e-01
    200000   -46.00000000   6.8769300000e-01
    200000   -44.00000000   6.4538800000e-01
    200000   -42.00000000   6.0314000000e-01
    200000   -40.00000000   5.6115900000e-01
    200000   -38.00000000   5.1965400000e-01
    200000   -36.00000000   4.7883300000e-01
    200000   -34.00000000   4.3889900000e-01
    200000   -32.00000000   4.0005000000e-01
    200000   -30.00000000   3.6247900000e-01
    200000   -28.00000000   3.2637400000e-01
    200000   -26.00000000   2.9191400000e-01
    200000   -24.00000000   2.5927000000e-01
    200000   -22.00000000   2.2860400000e-01
    200000   -20.00000000   2.0006800000e-01
    200000   -18.00000000   1.7380400000e-01
    200000   -16.00000000   1.4994300000e-01
    200000   -14.00000000   1.2860200000e-01
    200000   -12.00000000   1.0988700000e-01
    200000   -10.00000000   9.5943000000e-02
    200000    -8.00000000   8.0056000000e-02
    200000    -6.00000000   5.9019000000e-02
    200000    -4.00000000   1.5840000000e-02
    200000    -2.00000000   1.2210000000e-02
    200000     0.00000000   9.4600000000e-03
    200000     2.00000000   1.0100000000e-02
    200000     4.00000000   1.1520000000e-02
    200000     6.00000000   1.4073000000e-02
    200000     8.00000000   1.9960000000e-02
    200000    10.00000000   3.2337000000e-02
    200000    12.00000000   4.9895000000e-02
    200000    14.00000000   6.9091000000e-02
    200000    16.00000000   9.0986000000e-02
    200000    18.00000000   1.1547300000e-01
    200000    20.00000000   1.4243400000e-01
    200000    22.00000000   1.7173700000e-01
    200000    24.00000000   2.0324000000e-01
    200000    26.00000000   2.3678900000e-01
    200000    28.00000000   2.7222100000e-01
    200000    30.00000000   3.0936400000e-01
    200000    32.00000000   3.4803700000e-01
    200000    34.00000000   3.8805200000e-01
    200000    36.00000000   4.2921400000e-01
    200000    38.00000000   4.7132300000e-01
    200000    40.00000000   5.1417500000e-01
    200000    42.00000000   5.5756000000e-01
    200000    44.00000000   6.0126900000e-01
    200000    46.00000000   6.4508700000e-01
    200000    48.00000000   6.8880300000e-01
    200000    50.00000000   7.3220400000e-01
    200000    52.00000000   7.7507800000e-01
    200000    54.00000000   8.1721700000e-01
    200000    56.00000000   8.5841700000e-01
    200000    58.00000000   8.9847600000e-01
    200000    60.00000000   9.3720100000e-01
    200000    62.00000000   9.7440300000e-01
    200000    64.00000000   1.0099010000e+00
    200000    66.00000000   1.0435240000e+00
    200000    68.00000000   1.0751070000e+00
    200000    70.00000000   1.1044970000e+00
    200000    72.00000000   1.1315520000e+00
    200000    74.00000000   1.1561400000e+00
    200000    76.00000000   1.1781420000e+00
    200000    78.00000000   1.1974510000e+00
    200000    80.00000000   1.2139750000e+00
    200000    82.00000000   1.2276320000e+00
    200000    84.00000000   1.2383570000e+00
    200000    86.00000000   1.2460990000e+00
    200000    88.00000000   1.2508190000e+00
    200000    90.00000000   1.2524960000e+00
    250000   -90.00000000   1.2524960000e+00
    250000   -88.00000000   1.2530460000e+00
    250000   -86.00000000   1.2505500000e+00
    250000   -84.00000000   1.2450270000e+00
    250000   -82.00000000   1.2365130000e+00
    250000   -80.00000000   1.2250550000e+00
    250000   -78.00000000   1.2107180000e+00
    250000   -76.00000000   1.1935790000e+00
    250000   -74.00000000   1.1737290000e+00
    250000   -72.00000000   1.1512700000e+00
    250000   -70.00000000   1.1263220000e+00
    250000   -68.00000000   1.0990110000e+00
    250000   -66.00000000   1.0694780000e+00
    250000   -64.00000000   1.0378750000e+00
    250000   -62.00000000   1.0043610000e+00
    250000   -60.00000000   9.6910700000e-01
    250000   -58.00000000   9.3229100000e-01
    250000   -56.00000000   8.9410000000e-01
    250000   -54.00000000   8.5472500000e-01
    250000   -52.00000000   8.1436400000e-01
    250000   -50.00000000   7.7322100000e-01
    250000   -48.00000000   7.3150200000e-01
    250000   -46.00000000   6.8941500000e-01
    250000   -44.00000000   6.4717100000e-01
    250000   -42.00000000   6.0498200000e-01
    250000   -40.00000000   5.6305800000e-01
    250000   -38.00000000   5.2160800000e-01
    250000   -36.00000000   4.8083900000e-01
    250000   -34.00000000   4.4095400000e-01
    250000   -32.00000000   4.0215200000e-01
    250000   -30.00000000   3.6462600000e-01
    250000   -28.00000000   3.2856300000e-01
    250000   -26.00000000   2.9414200000e-01
    250000   -24.00000000   2.6153500000e-01
    250000   -22.00000000   2.3090200000e-01
    250000   -20.00000000   2.0239800000e-01
    250000   -18.00000000   1.7616200000e-01
    250000   -16.00000000   1.5232600000e-01
    250000   -14.00000000   1.3100700000e-01
    250000   -12.00000000   1.1231200000e-01
    250000   -10.00000000   9.6018000000e-02
    250000    -8.00000000   8.2079000000e-02
    250000    -6.00000000   4.4944000000e-02
    250000    -4.00000000   1.3700000000e-02
    250000    -2.00000000   1.0755000000e-02
    250000     0.00000000   8.2970000000e-03
    250000     2.00000000   9.0500000000e-03
    250000     4.00000000   1.0740000000e-02
    250000     6.00000000   1.3931000000e-02
    250000     8.00000000   1.4560000000e-02
    250000    10.00000000   2.7117000000e-02
    250000    12.00000000   4.4561000000e-02
    250000    14.00000000   6.3800000000e-02
    250000    16.00000000   8.5744000000e-02
    250000    18.00000000   1.1028700000e-01
    250000    20.00000000   1.3731000000e-01
    250000    22.00000000   1.6668100000e-01
    250000    24.00000000   1.9825800000e-01
    250000    26.00000000   2.3188700000e-01
    250000    28.00000000   2.6740600000e-01
    250000    30.00000000   3.0464100000e-01
    250000    32.00000000   3.4341200000e-01
    250000    34.00000000   3.8353100000e-01
    250000    36.00000000   4.2480200000e-01
    250000    38.00000000   4.6702600000e-01
    250000    40.00000000   5.0999800000e-01
    250000    42.00000000   5.5350800000e-01
    250000    44.00000000   5.9734600000e-01
    250000    46.00000000   6.4129900000e-01
    250000    48.00000000   6.8515500000e-01
    250000    50.00000000   7.2869900000e-01
    250000    52.00000000   7.7172100000e-01
    250000    54.00000000   8.1401200000e-01
    250000    56.00000000   8.5536700000e-01
    250000    58.00000000   8.9558600000e-01
    250000    60.00000000   9.3447400000e-01
    250000    62.00000000   9.7184300000e-01
    250000    64.00000000   1.0075110000e+00
    250000    66.00000000   1.0413060000e+00
    250000    68.00000000   1.0730640000e+00
    250000    70.00000000   1.1026320000e+00
    250000    72.00000000   1.1298660000e+00
    250000    74.00000000   1.1546370000e+00
    250000    76.00000000   1.1768230000e+00
    250000    78.00000000   1.1963170000e+00
    250000    80.00000000   1.2130280000e+00
    250000    82.00000000   1.2268730000e+00
    250000    84.00000000   1.2377870000e+00
    250000    86.00000000   1.2457180000e+00
    250000    88.00000000   1.2506290000e+00
    250000    90.00000000   1.2524960000e+00
     50000   -90.00000000   1.2524960000e+00
     50000   -88.00000000   1.2533550000e+00
     50000   -86.00000000   1.2511670000e+00
     50000   -84.00000000   1.2459510000e+00
     50000   -82.00000000   1.2377430000e+00
     50000   -80.00000000   1.2265910000e+00
     50000   -78.00000000   1.2125570000e+00
     50000   -76.00000000   1.1957180000e+00
     50000   -74.00000000   1.1761660000e+00
     50000   -72.00000000   1.1540030000e+00
     50000   -70.00000000   1.1293460000e+00
     50000   -68.00000000   1.1023230000e+00
     50000   -66.00000000   1.0730750000e+00
     50000   -64.00000000   1.0417510000e+00
     50000   -62.00000000   1.0085120000e+00
     50000   -60.00000000   9.7352800000e-01
     50000   -58.00000000   9.3697700000e-01
     50000   -56.00000000   8.9904400000e-01
     50000   -54.00000000   8.5992200000e-01
     50000   -52.00000000   8.1980800000e-01
     50000   -50.00000000   7.7890500000e-01
     50000   -48.00000000   7.3741800000e-01
     50000   -46.00000000   6.9555700000e-01
     50000   -44.00000000   6.5353200000e-01
     50000   -42.00000000   6.1155300000e-01
     50000   -40.00000000   5.6983100000e-01
     50000   -38.00000000   5.2857500000e-01
     50000   -36.00000000   4.8799200000e-01
     50000   -34.00000000   4.4828400000e-01
     50000   -32.00000000   4.0965000000e-01
     50000   -30.00000000   3.7228400000e-01
     50000   -28.00000000   3.3637000000e-01
     50000   -26.00000000   3.0208900000e-01
     50000   -24.00000000   2.6961200000e-01
     50000   -22.00000000   2.3910000000e-01
     50000   -20.00000000   2.1070600000e-01
     50000   -18.00000000   1.8457100000e-01
     50000   -16.00000000   1.6082500000e-01
     50000   -14.00000000   1.3958600000e-01
     50000   -12.00000000   1.2096100000e-01
     50000   -10.00000000   1.0504100000e-01
     50000    -8.00000000   9.2588000000e-02
     50000    -6.00000000   8.3346000000e-02
     50000    -4.00000000   4.2578000000e-02
     50000    -2.00000000   2.8800000000e-02
     50000     0.00000000   2.7430000000e-02
     50000     2.00000000   3.4770000000e-02
     50000     4.00000000   4.1330000000e-02
     50000     6.00000000   3.9802000000e-02
     50000     8.00000000   2.4603000000e-02
     50000    10.00000000   3.6446000000e-02
     50000    12.00000000   5.1904000000e-02
     50000    14.00000000   7.1083000000e-02
     50000    16.00000000   9.2960000000e-02
     50000    18.00000000   1.1742600000e-01
     50000    20.00000000   1.4436400000e-01
     50000    22.00000000   1.7364100000e-01
     50000    24.00000000   2.0511600000e-01
     50000    26.00000000   2.3863400000e-01
     50000    28.00000000   2.7403400000e-01
     50000    30.00000000   3.1114200000e-01
     50000    32.00000000   3.4977800000e-01
     50000    34.00000000   3.8975400000e-01
     50000    36.00000000   4.3087500000e-01
     50000    38.00000000   4.7294200000e-01
     50000    40.00000000   5.1574800000e-01
     50000    42.00000000   5.5908700000e-01
     50000    44.00000000   6.0274600000e-01
     50000    46.00000000   6.4651400000e-01
     50000    48.00000000   6.9017700000e-01
     50000    50.00000000   7.3352400000e-01
     50000    52.00000000   7.7634200000e-01
     50000    54.00000000   8.1842400000e-01
     50000    56.00000000   8.5956500000e-01
     50000    58.00000000   8.9956400000e-01
     50000    60.00000000   9.3822800000e-01
     50000    62.00000000   9.7536700000e-01
     50000    64.00000000   1.0108020000e+00
     50000    66.00000000   1.0443590000e+00
     50000    68.00000000   1.0758760000e+00
     50000    70.00000000   1.1051990000e+00
     50000    72.00000000   1.1321860000e+00
     50000    74.00000000   1.1567060000e+00
     50000    76.00000000   1.1786390000e+00
     50000    78.00000000   1.1978780000e+00
     50000    80.00000000   1.2143310000e+00
     50000    82.00000000   1.2279180000e+00
     50000    84.00000000   1.2385720000e+00
     50000    86.00000000   1.2462420000e+00
     50000    88.00000000   1.2508910000e+00
     50000    90.00000000   1.2524960000e+00
    100000   -90.00000000   1.2524960000e+00
    100000   -88.00000000   1.2528710000e+00
    100000   -86.00000000   1.2502000000e+00
    100000   -84.00000000   1.2445040000e+00
    100000   -82.00000000   1.2358150000e+00
    100000   -80.00000000   1.2241850000e+00
    100000   -78.00000000   1.2096770000e+00
    100000   -76.00000000   1.1923670000e+00
    100000   -74.00000000   1.1723470000e+00
    100000   -72.00000000   1.1497220000e+00
    100000   -70.00000000   1.1246080000e+00
    100000   -68.00000000   1.0971340000e+00
    100000   -66.00000000   1.0674400000e+00
    100000   -64.00000000   1.0356780000e+00
    100000   -62.00000000   1.0020090000e+00
    100000   -60.00000000   9.6660200000e-01
    100000   -58.00000000   9.2963600000e-01
    100000   -56.00000000   8.9129800000e-01
    100000   -54.00000000   8.5178000000e-01
    100000   -52.00000000   8.1128000000e-01
    100000   -50.00000000   7.7000100000e-01
    100000   -48.00000000   7.2814900000e-01
    100000   -46.00000000   6.8593400000e-01
    100000   -44.00000000   6.4356700000e-01
    100000   -42.00000000   6.0125800000e-01
    100000   -40.00000000   5.5921900000e-01
    100000   -38.00000000   5.1765900000e-01
    100000   -36.00000000   4.7678500000e-01
    100000   -34.00000000   4.3680000000e-01
    100000   -32.00000000   3.9790300000e-01
    100000   -30.00000000   3.6028700000e-01
    100000   -28.00000000   3.2413900000e-01
    100000   -26.00000000   2.8963900000e-01
    100000   -24.00000000   2.5695700000e-01
    100000   -22.00000000   2.2625700000e-01
    100000   -20.00000000   1.9768900000e-01
    100000   -18.00000000   1.7139700000e-01
    100000   -16.00000000   1.4750900000e-01
    100000   -14.00000000   1.2614600000e-01
    100000   -12.00000000   1.0741100000e-01
    100000   -10.00000000   9.1399000000e-02
    100000    -8.00000000   8.1486000000e-02
    100000    -6.00000000   6.5424000000e-02
    100000    -4.00000000   2.4540000000e-02
    100000    -2.00000000   2.0840000000e-02
    100000     0.00000000   1.7470000000e-02
    100000     2.00000000   1.6780000000e-02
    100000     4.00000000   1.6890000000e-02
    100000     6.00000000   1.8030000000e-02
    100000     8.00000000   2.5372000000e-02
    100000    10.00000000   5.4701000000e-02
    100000    12.00000000   7.0981000000e-02
    100000    14.00000000   9.0778000000e-02
    100000    16.00000000   1.1247100000e-01
    100000    18.00000000   1.3673100000e-01
    100000    20.00000000   1.6343800000e-01
    100000    22.00000000   1.9246100000e-01
    100000    24.00000000   2.2365900000e-01
    100000    26.00000000   2.5687800000e-01
    100000    28.00000000   2.9195600000e-01
    100000    30.00000000   3.2872100000e-01
    100000    32.00000000   3.6699200000e-01
    100000    34.00000000   4.0658200000e-01
    100000    36.00000000   4.4729700000e-01
    100000    38.00000000   4.8893700000e-01
    100000    40.00000000   5.3129700000e-01
    100000    42.00000000   5.7417100000e-01
    100000    44.00000000   6.1734700000e-01
    100000    46.00000000   6.6061400000e-01
    100000    48.00000000   7.0375900000e-01
    100000    50.00000000   7.4657100000e-01
    100000    52.00000000   7.8883900000e-01
    100000    54.00000000   8.3035500000e-01
    100000    56.00000000   8.7091500000e-01
    100000    58.00000000   9.1032100000e-01
    100000    60.00000000   9.4837700000e-01
    100000    62.00000000   9.8489600000e-01
    100000    64.00000000   1.0197000000e+00
    100000    66.00000000   1.0526150000e+00
    100000    68.00000000   1.0834800000e+00
    100000    70.00000000   1.1121410000e+00
    100000    72.00000000   1.1384580000e+00
    100000    74.00000000   1.1623000000e+00
    100000    76.00000000   1.1835490000e+00
    100000    78.00000000   1.2020980000e+00
    100000    80.00000000   1.2178560000e+00
    100000    82.00000000   1.2307430000e+00
    100000    84.00000000   1.2406930000e+00
    100000    86.00000000   1.2476580000e+00
    100000    88.00000000   1.2515990000e+00
    100000    90.00000000   1.2524960000e+00
    150000   -90.00000000   1.2524960000e+00
    150000   -88.00000000   1.2526150000e+00
    150000   -86.00000000   1.2496890000e+00
    150000   -84.00000000   1.2437380000e+00
    150000   -82.00000000   1.2347960000e+00
    150000   -80.00000000   1.2229130000e+00
    150000   -78.00000000   1.2081540000e+00
    150000   -76.00000000   1.1905950000e+00
    150000   -74.00000000   1.1703280000e+00
    150000   -72.00000000   1.1474580000e+00
    150000   -70.00000000   1.1221020000e+00
    150000   -68.00000000   1.0943900000e+00
    150000   -66.00000000   1.0644600000e+00
    150000   -64.00000000   1.0324670000e+00
    150000   -62.00000000   9.9856900000e-01
    150000   -60.00000000   9.6293900000e-01
    150000   -58.00000000   9.2575400000e-01
    150000   -56.00000000   8.8720100000e-01
    150000   -54.00000000   8.4747300000e-01
    150000   -52.00000000   8.0676900000e-01
    150000   -50.00000000   7.6529100000e-01
    150000   -48.00000000   7.2324700000e-01
    150000   -46.00000000   6.8084500000e-01
    150000   -44.00000000   6.3829700000e-01
    150000   -42.00000000   5.9581400000e-01
    150000   -40.00000000   5.5360700000e-01
    150000   -38.00000000   5.1188600000e-01
    150000   -36.00000000   4.7085800000e-01
    150000   -34.00000000   4.3072700000e-01
    150000   -32.00000000   3.9169000000e-01
    150000   -30.00000000   3.5394300000e-01
    150000   -28.00000000   3.1767100000e-01
    150000   -26.00000000   2.8305400000e-01
    150000   -24.00000000   2.5026500000e-01
    150000   -22.00000000   2.1946400000e-01
    150000   -20.00000000   1.9080500000e-01
    150000   -18.00000000   1.6442900000e-01
    150000   -16.00000000   1.4046700000e-01
    150000   -14.00000000   1.1903700000e-01
    150000   -12.00000000   1.0024500000e-01
    150000   -10.00000000   8.4184000000e-02
    150000    -8.00000000   7.2946000000e-02
    150000    -6.00000000   6.0560000000e-02
    150000    -4.00000000   2.1407000000e-02
    150000    -2.00000000   1.5240000000e-02
    150000     0.00000000   1.1800000000e-02
    150000     2.00000000   1.1940000000e-02
    150000     4.00000000   1.2920000000e-02
    150000     6.00000000   1.4969000000e-02
    150000     8.00000000   2.2247000000e-02
    150000    10.00000000   3.2929000000e-02
    150000    12.00000000   5.0953000000e-02
    150000    14.00000000   7.0141000000e-02
    150000    16.00000000   9.2026000000e-02
    150000    18.00000000   1.1650200000e-01
    150000    20.00000000   1.4345100000e-01
    150000    22.00000000   1.7274000000e-01
    150000    24.00000000   2.0422800000e-01
    150000    26.00000000   2.3776100000e-01
    150000    28.00000000   2.7317600000e-01
    150000    30.00000000   3.1030100000e-01
    150000    32.00000000   3.4895400000e-01
    150000    34.00000000   3.8894900000e-01
    150000    36.00000000   4.3008900000e-01
    150000    38.00000000   4.7217600000e-01
    150000    40.00000000   5.1500400000e-01
    150000    42.00000000   5.5836500000e-01
    150000    44.00000000   6.0204700000e-01
    150000    46.00000000   6.4583900000e-01
    150000    48.00000000   6.8952700000e-01
    150000    50.00000000   7.3289900000e-01
    150000    52.00000000   7.7574400000e-01
    150000    54.00000000   8.1785300000e-01
    150000    56.00000000   8.5902200000e-01
    150000    58.00000000   8.9905000000e-01
    150000    60.00000000   9.3774200000e-01
    150000    62.00000000   9.7491100000e-01
    150000    64.00000000   1.0103760000e+00
    150000    66.00000000   1.0439640000e+00
    150000    68.00000000   1.0755120000e+00
    150000    70.00000000   1.1048670000e+00
    150000    72.00000000   1.1318860000e+00
    150000    74.00000000   1.1564380000e+00
    150000    76.00000000   1.1784040000e+00
    150000    78.00000000   1.1976760000e+00
    150000    80.00000000   1.2141630000e+00
    150000    82.00000000   1.2277830000e+00
    150000    84.00000000   1.2384700000e+00
    150000    86.00000000   1.2461740000e+00
    150000    88.00000000   1.2508570000e+00
    150000    90.00000000   1.2524960000e+00
    200000   -90.00000000   1.2524960000e+00
    200000   -88.00000000   1.2532680000e+00
    200000   -86.00000000   1.2509940000e+00
    200000   -84.00000000   1.2456930000e+00
    200000   -82.00000000   1.2373990000e+00
    200000   -80.00000000   1.2261610000e+00
    200000   -78.00000000   1.2120420000e+00
    200000   -76.00000000   1.1951190000e+00
    200000   -74.00000000   1.1754830000e+00
    200000   -72.00000000   1.1532370000e+00
    200000   -70.00000000   1.1284990000e+00
    200000   -68.00000000   1.1013950000e+00
    200000   -66.00000000   1.0720670000e+00
    200000   -64.00000000   1.0406650000e+00
    200000   -62.00000000   1.0073490000e+00
    200000   -60.00000000   9.7228900000e-01
    200000   -58.00000000   9.3566400000e-01
    200000   -56.00000000   8.9765900000e-01
    200000   -54.00000000   8.5846600000e-01
    200000   -52.00000000   8.1828300000e-01
    200000   -50.00000000   7.7731300000e-01
    200000   -48.00000000   7.3576100000e-01
    200000   -46.00000000   6.9383700000e-01
    200000   -44.00000000   6.5175000000e-01
    200000   -42.00000000   6.0971200000e-01
    200000   -40.00000000   5.6793400000e-01
    200000   -38.00000000   5.2662400000e-01
    200000   -36.00000000   4.8598800000e-01
    200000   -34.00000000   4.4623100000e-01
    200000   -32.00000000   4.0755000000e-01
    200000   -30.00000000   3.7013900000e-01
    200000   -28.00000000   3.3418300000e-01
    200000   -26.00000000   2.9986300000e-01
    200000   -24.00000000   2.6735000000e-01
    200000   -22.00000000   2.3680400000e-01
    200000   -20.00000000   2.0837900000e-01
    200000   -18.00000000   1.8221600000e-01
    200000   -16.00000000   1.5844400000e-01
    200000   -14.00000000   1.3718300000e-01
    200000   -12.00000000   1.1853800000e-01
    200000   -10.00000000   1.0288400000e-01
    200000    -8.00000000   9.5457000000e-02
    200000    -6.00000000   5.2153000000e-02
    200000    -4.00000000   1.5930000000e-02
    200000    -2.00000000   1.2210000000e-02
    200000     0.00000000   9.4100000000e-03
    200000     2.00000000   1.0060000000e-02
    200000     4.00000000   1.1520000000e-02
    200000     6.00000000   1.4263000000e-02
    200000     8.00000000   2.0937000000e-02
    200000    10.00000000   3.2642000000e-02
    200000    12.00000000   5.0387000000e-02
    200000    14.00000000   6.9579000000e-02
    200000    16.00000000   9.1469000000e-02
    200000    18.00000000   1.1595200000e-01
    200000    20.00000000   1.4290700000e-01
    200000    22.00000000   1.7220400000e-01
    200000    24.00000000   2.0369900000e-01
    200000    26.00000000   2.3724100000e-01
    200000    28.00000000   2.7266500000e-01
    200000    30.00000000   3.0980000000e-01
    200000    32.00000000   3.4846300000e-01
    200000    34.00000000   3.8846900000e-01
    200000    36.00000000   4.2962100000e-01
    200000    38.00000000   4.7172000000e-01
    200000    40.00000000   5.1456000000e-01
    200000    42.00000000   5.5793400000e-01
    200000    44.00000000   6.0163100000e-01
    200000    46.00000000   6.4543700000e-01
    200000    48.00000000   6.8914000000e-01
    200000    50.00000000   7.3252700000e-01
    200000    52.00000000   7.7538800000e-01
    200000    54.00000000   8.1751300000e-01
    200000    56.00000000   8.5869800000e-01
    200000    58.00000000   8.9874300000e-01
    200000    60.00000000   9.3745300000e-01
    200000    62.00000000   9.7463900000e-01
    200000    64.00000000   1.0101220000e+00
    200000    66.00000000   1.0437280000e+00
    200000    68.00000000   1.0752950000e+00
    200000    70.00000000   1.1046690000e+00
    200000    72.00000000   1.1317070000e+00
    200000    74.00000000   1.1562780000e+00
    200000    76.00000000   1.1782630000e+00
    200000    78.00000000   1.1975560000e+00
    200000    80.00000000   1.2140620000e+00
    200000    82.00000000   1.2277020000e+00
    200000    84.00000000   1.2384100000e+00
    200000    86.00000000   1.2461340000e+00
    200000    88.00000000   1.2508370000e+00
    200000    90.00000000   1.2524960000e+00
    250000   -90.00000000   1.2524960000e+00
    250000   -88.00000000   1.2530840000e+00
    250000   -86.00000000   1.2506250000e+00
    250000   -84.00000000   1.2451400000e+00
    250000   -82.00000000   1.2366630000e+00
    250000   -80.00000000   1.2252430000e+00
    250000   -78.00000000   1.2109430000e+00
    250000   -76.00000000   1.1938410000e+00
    250000   -74.00000000   1.1740270000e+00
    250000   -72.00000000   1.1516050000e+00
    250000   -70.00000000   1.1266910000e+00
    250000   -68.00000000   1.0994160000e+00
    250000   -66.00000000   1.0699180000e+00
    250000   -64.00000000   1.0383490000e+00
    250000   -62.00000000   1.0048680000e+00
    250000   -60.00000000   9.6964800000e-01
    250000   -58.00000000   9.3286400000e-01
    250000   -56.00000000   8.9470400000e-01
    250000   -54.00000000   8.5536000000e-01
    250000   -52.00000000   8.1503000000e-01
    250000   -50.00000000   7.7391600000e-01
    250000   -48.00000000   7.3222500000e-01
    250000   -46.00000000   6.9016600000e-01
    250000   -44.00000000   6.4794900000e-01
    250000   -42.00000000   6.0578500000e-01
    250000   -40.00000000   5.6388600000e-01
    250000   -38.00000000   5.2246000000e-01
    250000   -36.00000000   4.8171400000e-01
    250000   -34.00000000   4.4185000000e-01
    250000   -32.00000000   4.0306900000e-01
    250000   -30.00000000   3.6556300000e-01
    250000   -28.00000000   3.2951800000e-01
    250000   -26.00000000   2.9511400000e-01
    250000   -24.00000000   2.6252200000e-01
    250000   -22.00000000   2.3190500000e-01
    250000   -20.00000000   2.0341400000e-01
    250000   -18.00000000   1.7719000000e-01
    250000   -16.00000000   1.5336500000e-01
    250000   -14.00000000   1.3205600000e-01
    250000   -12.00000000   1.1337000000e-01
    250000   -10.00000000   9.5813000000e-02
    250000    -8.00000000   8.0535000000e-02
    250000    -6.00000000   4.3177000000e-02
    250000    -4.00000000   1.3680000000e-02
    250000    -2.00000000   1.0755000000e-02
    250000     0.00000000   8.2870000000e-03
    250000     2.00000000   9.0400000000e-03
    250000     4.00000000   1.0730000000e-02
    250000     6.00000000   1.3961000000e-02
    250000     8.00000000   1.5960000000e-02
    250000    10.00000000   2.8509000000e-02
    250000    12.00000000   4.5944000000e-02
    250000    14.00000000   6.5171000000e-02
    250000    16.00000000   8.7103000000e-02
    250000    18.00000000   1.1163200000e-01
    250000    20.00000000   1.3863800000e-01
    250000    22.00000000   1.6799200000e-01
    250000    24.00000000   1.9955000000e-01
    250000    26.00000000   2.3315800000e-01
    250000    28.00000000   2.6865400000e-01
    250000    30.00000000   3.0586600000e-01
    250000    32.00000000   3.4461100000e-01
    250000    34.00000000   3.8470300000e-01
    250000    36.00000000   4.2594600000e-01
    250000    38.00000000   4.6814000000e-01
    250000    40.00000000   5.1108100000e-01
    250000    42.00000000   5.5455900000e-01
    250000    44.00000000   5.9836300000e-01
    250000    46.00000000   6.4228200000e-01
    250000    48.00000000   6.8610100000e-01
    250000    50.00000000   7.2960700000e-01
    250000    52.00000000   7.7259100000e-01
    250000    54.00000000   8.1484300000e-01
    250000    56.00000000   8.5615800000e-01
    250000    58.00000000   8.9633600000e-01
    250000    60.00000000   9.3518100000e-01
    250000    62.00000000   9.7250700000e-01
    250000    64.00000000   1.0081310000e+00
    250000    66.00000000   1.0418810000e+00
    250000    68.00000000   1.0735930000e+00
    250000    70.00000000   1.1031150000e+00
    250000    72.00000000   1.1303030000e+00
    250000    74.00000000   1.1550260000e+00
    250000    76.00000000   1.1771650000e+00
    250000    78.00000000   1.1966110000e+00
    250000    80.00000000   1.2132730000e+00
    250000    82.00000000   1.2270700000e+00
    250000    84.00000000   1.2379350000e+00
    250000    86.00000000   1.2458170000e+00
    250000    88.00000000   1.2506780000e+00
    250000    90.00000000   1.2524960000e+00
     50000   -90.00000000   1.2524960000e+00
     50000   -88.00000000   1.2533550000e+00
     50000   -86.00000000   1.2511670000e+00
     50000   -84.00000000   1.2459510000e+00
     50000   -82.00000000   1.2377430000e+00
     50000   -80.00000000   1.2265910000e+00
     50000   -78.00000000   1.2125570000e+00
     50000   -76.00000000   1.1957180000e+00
     50000   -74.00000000   1.1761660000e+00
     50000   -72.00000000   1.1540030000e+00
     50000   -70.00000000   1.1293460000e+00
     50000   -68.00000000   1.1023230000e+00
     50000   -66.00000000   1.0730750000e+00
     50000   -64.00000000   1.0417510000e+00
     50000   -62.00000000   1.0085120000e+00
     50000   -60.00000000   9.7352800000e-01
     50000   -58.00000000   9.3697700000e-01
     50000   -56.00000000   8.9904400000e-01
     50000   -54.00000000   8.5992200000e-01
     50000   -52.00000000   8.1980800000e-01
     50000   -50.00000000   7.7890500000e-01
     50000   -48.00000000   7.3741800000e-01
     50000   -46.00000000   6.9555700000e-01
     50000   -44.00000000   6.5353200000e-01
     50000   -42.00000000   6.1155300000e-01
     50000   -40.00000000   5.6983100000e-01
     50000   -38.00000000   5.2857500000e-01
     50000   -36.00000000   4.8799200000e-01
     50000   -34.00000000   4.4828400000e-01
     50000   -32.00000000   4.0965000000e-01
     50000   -30.00000000   3.7228400000e-01
     50000   -28.00000000   3.3637000000e-01
     50000   -26.00000000   3.0208900000e-01
     50000   -24.00000000   2.6961200000e-01
     50000   -22.00000000   2.3910000000e-01
     50000   -20.00000000   2.1070600000e-01
     50000   -18.00000000   1.8457100000e-01
     50000   -16.00000000   1.6082500000e-01
     50000   -14.00000000   1.3958600000e-01
     50000   -12.00000000   1.2096100000e-01
     50000   -10.00000000   1.0504100000e-01
     50000    -8.00000000   9.2588000000e-02
     50000    -6.00000000   8.3346000000e-02
     50000    -4.00000000   4.2578000000e-02
     50000    -2.00000000   2.8800000000e-02
     50000     0.00000000   2.7430000000e-02
     50000     2.00000000   3.4770000000e-02
     50000     4.00000000   4.1330000000e-02
     50000     6.00000000   3.9802000000e-02
     50000     8.00000000   2.4603000000e-02
     50000    10.00000000   3.6446000000e-02
     50000    12.00000000   5.1904000000e-02
     50000    14.00000000   7.1083000000e-02
     50000    16.00000000   9.2960000000e-02
     50000    18.00000000   1.1742600000e-01
     50000    20.00000000   1.4436400000e-01
     50000    22.00000000   1.7364100000e-01
     50000    24.00000000   2.0511600000e-01
     50000    26.00000000   2.3863400000e-01
     50000    28.00000000   2.7403400000e-01
     50000    30.00000000   3.1114200000e-01
     50000    32.00000000   3.4977800000e-01
     50000    34.00000000   3.8975400000e-01
     50000    36.00000000   4.3087500000e-01
     50000    38.00000000   4.7294200000e-01
     50000    40.00000000   5.1574800000e-01
     50000    42.00000000   5.5908700000e-01
     50000    44.00000000   6.0274600000e-01
     50000    46.00000000   6.4651400000e-01
     50000    48.00000000   6.9017700000e-01
     50000    50.00000000   7.3352400000e-01
     50000    52.00000000   7.7634200000e-01
     50000    54.00000000   8.1842400000e-01
     50000    56.00000000   8.5956500000e-01
     50000    58.00000000   8.9956400000e-01
     50000    60.00000000   9.3822800000e-01
     50000    62.00000000   9.7536700000e-01
     50000    64.00000000   1.0108020000e+00
     50000    66.00000000   1.0443590000e+00
     50000    68.00000000   1.0758760000e+00
     50000    70.00000000   1.1051990000e+00
     50000    72.00000000   1.1321860000e+00
     50000    74.00000000   1.1567060000e+00
     50000    76.00000000   1.1786390000e+00
     50000    78.00000000   1.1978780000e+00
     50000    80.00000000   1.2143310000e+00
     50000    82.00000000   1.2279180000e+00
     50000    84.00000000   1.2385720000e+00
     50000    86.00000000   1.2462420000e+00
     50000    88.00000000   1.2508910000e+00
     50000    90.00000000   1.2524960000e+00
    100000   -90.00000000   1.2524960000e+00
    100000   -88.00000000   1.2528710000e+00
    100000   -86.00000000   1.2502000000e+00
    100000   -84.00000000   1.2445040000e+00
    100000   -82.00000000   1.2358150000e+00
    100000   -80.00000000   1.2241850000e+00
    100000   -78.00000000   1.2096770000e+00
    100000   -76.00000000   1.1923670000e+00
    100000   -74.00000000   1.1723470000e+00
    100000   -72.00000000   1.1497220000e+00
    100000   -70.00000000   1.1246080000e+00
    100000   -68.00000000   1.0971340000e+00
    100000   -66.00000000   1.0674400000e+00
    100000   -64.00000000   1.0356780000e+00
    100000   -62.00000000   1.0020090000e+00
    100000   -60.00000000   9.6660200000e-01
    100000   -58.00000000   9.2963600000e-01
    100000   -56.00000000   8.9129800000e-01
    100000   -54.00000000   8.5178000000e-01
    100000   -52.00000000   8.1128000000e-01
    100000   -50.00000000   7.7000100000e-01
    100000   -48.00000000   7.2814900000e-01
    100000   -46.00000000   6.8593400000e-01
    100000   -44.00000000   6.4356700000e-01
    100000   -42.00000000   6.0125800000e-01
    100000   -40.00000000   5.5921900000e-01
    100000   -38.00000000   5.1765900000e-01
    100000   -36.00000000   4.7678500000e-01
    100000   -34.00000000   4.3680000000e-01
    100000   -32.00000000   3.9790300000e-01
    100000   -30.00000000   3.6028700000e-01
    100000   -28.00000000   3.2413900000e-01
    100000   -26.00000000   2.8963900000e-01
    100000   -24.00000000   2.5695700000e-01
    100000   -22.00000000   2.2625700000e-01
    100000   -20.00000000   1.9768900000e-01
    100000   -18.00000000   1.7139700000e-01
    100000   -16.00000000   1.4750900000e-01
    100000   -14.00000000   1.2614600000e-01
    100000   -12.00000000   1.0741100000e-01
    100000   -10.00000000   9.1399000000e-02
    100000    -8.00000000   8.1486000000e-02
    100000    -6.00000000   6.5424000000e-02
    100000    -4.00000000   2.4540000000e-02
    100000    -2.00000000   2.0840000000e-02
    100000     0.00000000   1.7470000000e-02
    100000     2.00000000   1.6780000000e-02
    100000     4.00000000   1.6890000000e-02
    100000     6.00000000   1.8030000000e-02
    100000     8.00000000   2.5372000000e-02
    100000    10.00000000   5.4701000000e-02
    100000    12.00000000   7.0981000000e-02
    100000    14.00000000   9.0778000000e-02
    100000    16.00000000   1.1247100000e-01
    100000    18.00000000   1.3673100000e-01
    100000    20.00000000   1.6343800000e-01
    100000    22.00000000   1.9246100000e-01
    100000    24.00000000   2.2365900000e-01
    100000    26.00000000   2.5687800000e-01
    100000    28.00000000   2.9195600000e-01
    100000    30.00000000   3.2872100000e-01
    100000    32.00000000   3.6699200000e-01
    100000    34.00000000   4.0658200000e-01
    100000    36.00000000   4.4729700000e-01
    100000    38.00000000   4.8893700000e-01
    100000    40.00000000   5.3129700000e-01
    100000    42.00000000   5.7417100000e-01
    100000    44.00000000   6.1734700000e-01
    100000    46.00000000   6.6061400000e-01
    100000    48.00000000   7.0375900000e-01
    100000    50.00000000   7.4657100000e-01
    100000    52.00000000   7.8883900000e-01
    100000    54.00000000   8.3035500000e-01
    100000    56.00000000   8.7091500000e-01
    100000    58.00000000   9.1032100000e-01
    100000    60.00000000   9.4837700000e-01
    100000    62.00000000   9.8489600000e-01
    100000    64.00000000   1.0197000000e+00
    100000    66.00000000   1.0526150000e+00
    100000    68.00000000   1.0834800000e+00
    100000    70.00000000   1.1121410000e+00
    100000    72.00000000   1.1384580000e+00
    100000    74.00000000   1.1623000000e+00
    100000    76.00000000   1.1835490000e+00
    100000    78.00000000   1.2020980000e+00
    100000    80.00000000   1.2178560000e+00
    100000    82.00000000   1.2307430000e+00
    100000    84.00000000   1.2406930000e+00
    100000    86.00000000   1.2476580000e+00
    100000    88.00000000   1.2515990000e+00
    100000    90.00000000   1.2524960000e+00
    150000   -90.00000000   1.2524960000e+00
    150000   -88.00000000   1.2526150000e+00
    150000   -86.00000000   1.2496890000e+00
    150000   -84.00000000   1.2437380000e+00
    150000   -82.00000000   1.2347960000e+00
    150000   -80.00000000   1.2229130000e+00
    150000   -78.00000000   1.2081540000e+00
    150000   -76.00000000   1.1905950000e+00
    150000   -74.00000000   1.1703280000e+00
    150000   -72.00000000   1.1474580000e+00
    150000   -70.00000000   1.1221020000e+00
    150000   -68.00000000   1.0943900000e+00
    150000   -66.00000000   1.0644600000e+00
    150000   -64.00000000   1.0324670000e+00
    150000   -62.00000000   9.9856900000e-01
    150000   -60.00000000   9.6293900000e-01
    150000   -58.00000000   9.2575400000e-01
    150000   -56.00000000   8.8720100000e-01
    150000   -54.00000000   8.4747300000e-01
    150000   -52.00000000   8.0676900000e-01
    150000   -50.00000000   7.6529100000e-01
    150000   -48.00000000   7.2324700000e-01
    150000   -46.00000000   6.8084500000e-01
    150000   -44.00000000   6.3829700000e-01
    150000   -42.00000000   5.9581400000e-01
    150000   -40.00000000   5.5360700000e-01
    150000   -38.00000000   5.1188600000e-01
    150000   -36.00000000   4.7085800000e-01
    150000   -34.00000000   4.3072700000e-01
    150000   -32.00000000   3.9169000000e-01
    150000   -30.00000000   3.5394300000e-01
    150000   -28.00000000   3.1767100000e-01
    150000   -26.00000000   2.8305400000e-01
    150000   -24.00000000   2.5026500000e-01
    150000   -22.00000000   2.1946400000e-01
    150000   -20.00000000   1.9080500000e-01
    150000   -18.00000000   1.6442900000e-01
    150000   -16.00000000   1.4046700000e-01
    150000   -14.00000000   1.1903700000e-01
    150000   -12.00000000   1.0024500000e-01
    150000   -10.00000000   8.4184000000e-02
    150000    -8.00000000   7.2946000000e-02
    150000    -6.00000000   6.0560000000e-02
    150000    -4.00000000   2.1407000000e-02
    150000    -2.00000000   1.5240000000e-02
    150000     0.00000000   1.1800000000e-02
    150000     2.00000000   1.1940000000e-02
    150000     4.00000000   1.2920000000e-02
    150000     6.00000000   1.4969000000e-02
    150000     8.00000000   2.2247000000e-02
    150000    10.00000000   3.2929000000e-02
    150000    12.00000000   5.0953000000e-02
    150000    14.00000000   7.0141000000e-02
    150000    16.00000000   9.2026000000e-02
    150000    18.00000000   1.1650200000e-01
    150000    20.00000000   1.4345100000e-01
    150000    22.00000000   1.7274000000e-01
    150000    24.00000000   2.0422800000e-01
    150000    26.00000000   2.3776100000e-01
    150000    28.00000000   2.7317600000e-01
    150000    30.00000000   3.1030100000e-01
    150000    32.00000000   3.4895400000e-01
    150000    34.00000000   3.8894900000e-01
    150000    36.00000000   4.3008900000e-01
    150000    38.00000000   4.7217600000e-01
    150000    40.00000000   5.1500400000e-01
    150000    42.00000000   5.5836500000e-01
    150000    44.00000000   6.0204700000e-01
    150000    46.00000000   6.4583900000e-01
    150000    48.00000000   6.8952700000e-01
    150000    50.00000000   7.3289900000e-01
    150000    52.00000000   7.7574400000e-01
    150000    54.00000000   8.1785300000e-01
    150000    56.00000000   8.5902200000e-01
    150000    58.00000000   8.9905000000e-01
    150000    60.00000000   9.3774200000e-01
    150000    62.00000000   9.7491100000e-01
    150000    64.00000000   1.0103760000e+00
    150000    66.00000000   1.0439640000e+00
    150000    68.00000000   1.0755120000e+00
    150000    70.00000000   1.1048670000e+00
    150000    72.00000000   1.1318860000e+00
    150000    74.00000000   1.1564380000e+00
    150000    76.00000000   1.1784040000e+00
    150000    78.00000000   1.1976760000e+00
    150000    80.00000000   1.2141630000e+00
    150000    82.00000000   1.2277830000e+00
    150000    84.00000000   1.2384700000e+00
    150000    86.00000000   1.2461740000e+00
    150000    88.00000000   1.2508570000e+00
    150000    90.00000000   1.2524960000e+00
    200000   -90.00000000   1.2524960000e+00
    200000   -88.00000000   1.2532680000e+00
    200000   -86.00000000   1.2509940000e+00
    200000   -84.00000000   1.2456930000e+00
    200000   -82.00000000   1.2373990000e+00
    200000   -80.00000000   1.2261610000e+00
    200000   -78.00000000   1.2120420000e+00
    200000   -76.00000000   1.1951190000e+00
    200000   -74.00000000   1.1754830000e+00
    200000   -72.00000000   1.1532370000e+00
    200000   -70.00000000   1.1284990000e+00
    200000   -68.00000000   1.1013950000e+00
    200000   -66.00000000   1.0720670000e+00
    200000   -64.00000000   1.0406650000e+00
    200000   -62.00000000   1.0073490000e+00
    200000   -60.00000000   9.7228900000e-01
    200000   -58.00000000   9.3566400000e-01
    200000   -56.00000000   8.9765900000e-01
    200000   -54.00000000   8.5846600000e-01
    200000   -52.00000000   8.1828300000e-01
    200000   -50.00000000   7.7731300000e-01
    200000   -48.00000000   7.3576100000e-01
    200000   -46.00000000   6.9383700000e-01
    200000   -44.00000000   6.5175000000e-01
    200000   -42.00000000   6.0971200000e-01
    200000   -40.00000000   5.6793400000e-01
    200000   -38.00000000   5.2662400000e-01
    200000   -36.00000000   4.8598800000e-01
    200000   -34.00000000   4.4623100000e-01
    200000   -32.00000000   4.0755000000e-01
    200000   -30.00000000   3.7013900000e-01
    200000   -28.00000000   3.3418300000e-01
    200000   -26.00000000   2.9986300000e-01
    200000   -24.00000000   2.6735000000e-01
    200000   -22.00000000   2.3680400000e-01
    200000   -20.00000000   2.0837900000e-01
    200000   -18.00000000   1.8221600000e-01
    200000   -16.00000000   1.5844400000e-01
    200000   -14.00000000   1.3718300000e-01
    200000   -12.00000000   1.1853800000e-01
    200000   -10.00000000   1.0288400000e-01
    200000    -8.00000000   9.5457000000e-02
    200000    -6.00000000   5.2153000000e-02
    200000    -4.00000000   1.5930000000e-02
    200000    -2.00000000   1.2210000000e-02
    200000     0.00000000   9.4100000000e-03
    200000     2.00000000   1.0060000000e-02
    200000     4.00000000   1.1520000000e-02
    200000     6.00000000   1.4263000000e-02
    200000     8.00000000   2.0937000000e-02
    200000    10.00000000   3.2642000000e-02
    200000    12.00000000   5.0387000000e-02
    200000    14.00000000   6.9579000000e-02
    200000    16.00000000   9.1469000000e-02
    200000    18.00000000   1.1595200000e-01
    200000    20.00000000   1.4290700000e-01
    200000    22.00000000   1.7220400000e-01
    200000    24.00000000   2.0369900000e-01
    200000    26.00000000   2.3724100000e-01
    200000    28.00000000   2.7266500000e-01
    200000    30.00000000   3.0980000000e-01
    200000    32.00000000   3.4846300000e-01
    200000    34.00000000   3.8846900000e-01
    200000    36.00000000   4.2962100000e-01
    200000    38.00000000   4.7172000000e-01
    200000    40.00000000   5.1456000000e-01
    200000    42.00000000   5.5793400000e-01
    200000    44.00000000   6.0163100000e-01
    200000    46.00000000   6.4543700000e-01
    200000    48.00000000   6.8914000000e-01
    200000    50.00000000   7.3252700000e-01
    200000    52.00000000   7.7538800000e-01
    200000    54.00000000   8.1751300000e-01
    200000    56.00000000   8.5869800000e-01
    200000    58.00000000   8.9874300000e-01
    200000    60.00000000   9.3745300000e-01
    200000    62.00000000   9.7463900000e-01
    200000    64.00000000   1.0101220000e+00
    200000    66.00000000   1.0437280000e+00
    200000    68.00000000   1.0752950000e+00
    200000    70.00000000   1.1046690000e+00
    200000    72.00000000   1.1317070000e+00
    200000    74.00000000   1.1562780000e+00
    200000    76.00000000   1.1782630000e+00
    200000    78.00000000   1.1975560000e+00
    200000    80.00000000   1.2140620000e+00
    200000    82.00000000   1.2277020000e+00
    200000    84.00000000   1.2384100000e+00
    200000    86.00000000   1.2461340000e+00
    200000    88.00000000   1.2508370000e+00
    200000    90.00000000   1.2524960000e+00
    250000   -90.00000000   1.2524960000e+00
    250000   -88.00000000   1.2530840000e+00
    250000   -86.00000000   1.2506250000e+00
    250000   -84.00000000   1.2451400000e+00
    250000   -82.00000000   1.2366630000e+00
    250000   -80.00000000   1.2252430000e+00
    250000   -78.00000000   1.2109430000e+00
    250000   -76.00000000   1.1938410000e+00
    250000   -74.00000000   1.1740270000e+00
    250000   -72.00000000   1.1516050000e+00
    250000   -70.00000000   1.1266910000e+00
    250000   -68.00000000   1.0994160000e+00
    250000   -66.00000000   1.0699180000e+00
    250000   -64.00000000   1.0383490000e+00
    250000   -62.00000000   1.0048680000e+00
    250000   -60.00000000   9.6964800000e-01
    250000   -58.00000000   9.3286400000e-01
    250000   -56.00000000   8.9470400000e-01
    250000   -54.00000000   8.5536000000e-01
    250000   -52.00000000   8.1503000000e-01
    250000   -50.00000000   7.7391600000e-01
    250000   -48.00000000   7.3222500000e-01
    250000   -46.00000000   6.9016600000e-01
    250000   -44.00000000   6.4794900000e-01
    250000   -42.00000000   6.0578500000e-01
    250000   -40.00000000   5.6388600000e-01
    250000   -38.00000000   5.2246000000e-01
    250000   -36.00000000   4.8171400000e-01
    250000   -34.00000000   4.4185000000e-01
    250000   -32.00000000   4.0306900000e-01
    250000   -30.00000000   3.6556300000e-01
    250000   -28.00000000   3.2951800000e-01
    250000   -26.00000000   2.9511400000e-01
    250000   -24.00000000   2.6252200000e-01
    250000   -22.00000000   2.3190500000e-01
    250000   -20.00000000   2.0341400000e-01
    250000   -18.00000000   1.7719000000e-01
    250000   -16.00000000   1.5336500000e-01
    250000   -14.00000000   1.3205600000e-01
    250000   -12.00000000   1.1337000000e-01
    250000   -10.00000000   9.5813000000e-02
    250000    -8.00000000   8.0535000000e-02
    250000    -6.00000000   4.3177000000e-02
    250000    -4.00000000   1.3680000000e-02
    250000    -2.00000000   1.0755000000e-02
    250000     0.00000000   8.2870000000e-03
    250000     2.00000000   9.0400000000e-03
    250000     4.00000000   1.0730000000e-02
    250000     6.00000000   1.3961000000e-02
    250000     8.00000000   1.5960000000e-02
    250000    10.00000000   2.8509000000e-02
    250000    12.00000000   4.5944000000e-02
    250000    14.00000000   6.5171000000e-02
    250000    16.00000000   8.7103000000e-02
    250000    18.00000000   1.1163200000e-01
    250000    20.00000000   1.3863800000e-01
    250000    22.00000000   1.6799200000e-01
    250000    24.00000000   1.9955000000e-01
    250000    26.00000000   2.3315800000e-01
    250000    28.00000000   2.6865400000e-01
    250000    30.00000000   3.0586600000e-01
    250000    32.00000000   3.4461100000e-01
    250000    34.00000000   3.8470300000e-01
    250000    36.00000000   4.2594600000e-01
    250000    38.00000000   4.6814000000e-01
    250000    40.00000000   5.1108100000e-01
    250000    42.00000000   5.5455900000e-01
    250000    44.00000000   5.9836300000e-01
    250000    46.00000000   6.4228200000e-01
    250000    48.00000000   6.8610100000e-01
    250000    50.00000000   7.2960700000e-01
    250000    52.00000000   7.7259100000e-01
    250000    54.00000000   8.1484300000e-01
    250000    56.00000000   8.5615800000e-01
    250000    58.00000000   8.9633600000e-01
    250000    60.00000000   9.3518100000e-01
    250000    62.00000000   9.7250700000e-01
    250000    64.00000000   1.0081310000e+00
    250000    66.00000000   1.0418810000e+00
    250000    68.00000000   1.0735930000e+00
    250000    70.00000000   1.1031150000e+00
    250000    72.00000000   1.1303030000e+00
    250000    74.00000000   1.1550260000e+00
    250000    76.00000000   1.1771650000e+00
    250000    78.00000000   1.1966110000e+00
    250000    80.00000000   1.2132730000e+00
    250000    82.00000000   1.2270700000e+00
    250000    84.00000000   1.2379350000e+00
    250000    86.00000000   1.2458170000e+00
    250000    88.00000000   1.2506780000e+00
    250000    90.00000000   1.2524960000e+00
     50000   -90.00000000   1.2524960000e+00
     50000   -88.00000000   1.2527680000e+00
     50000   -86.00000000   1.2499950000e+00
     50000   -84.00000000   1.2441950000e+00
     50000   -82.00000000   1.2354050000e+00
     50000   -80.00000000   1.2236740000e+00
     50000   -78.00000000   1.2090640000e+00
     50000   -76.00000000   1.1916540000e+00
     50000   -74.00000000   1.1715350000e+00
     50000   -72.00000000   1.1488110000e+00
     50000   -70.00000000   1.1236000000e+00
     50000   -68.00000000   1.0960300000e+00
     50000   -66.00000000   1.0662410000e+00
     50000   -64.00000000   1.0343860000e+00
     50000   -62.00000000   1.0006250000e+00
     50000   -60.00000000   9.6512800000e-01
     50000   -58.00000000   9.2807400000e-01
     50000   -56.00000000   8.8965000000e-01
     50000   -54.00000000   8.5004700000e-01
     50000   -52.00000000   8.0946500000e-01
     50000   -50.00000000   7.6810600000e-01
     50000   -48.00000000   7.2617700000e-01
     50000   -46.00000000   6.8388700000e-01
     50000   -44.00000000   6.4144700000e-01
     50000   -42.00000000   5.9906800000e-01
     50000   -40.00000000   5.5696200000e-01
     50000   -38.00000000   5.1533700000e-01
     50000   -36.00000000   4.7440100000e-01
     50000   -34.00000000   4.3435700000e-01
     50000   -32.00000000   3.9540400000e-01
     50000   -30.00000000   3.5773500000e-01
     50000   -28.00000000   3.2153700000e-01
     50000   -26.00000000   2.8699000000e-01
     50000   -24.00000000   2.5426500000e-01
     50000   -22.00000000   2.2352400000e-01
     50000   -20.00000000   1.9492000000e-01
     50000   -18.00000000   1.6859300000e-01
     50000   -16.00000000   1.4467600000e-01
     50000   -14.00000000   1.2328600000e-01
     50000   -12.00000000   1.0452800000e-01
     50000   -10.00000000   8.8497000000e-02
     50000    -8.00000000   7.5270000000e-02
     50000    -6.00000000   6.6894000000e-02
     50000    -4.00000000   4.4799000000e-02
     50000    -2.00000000   2.8820000000e-02
     50000     0.00000000   2.7460000000e-02
     50000     2.00000000   3.4790000000e-02
     50000     4.00000000   4.1370000000e-02
     50000     6.00000000   4.3175000000e-02
     50000     8.00000000   2.9410000000e-02
     50000    10.00000000   4.4141000000e-02
     50000    12.00000000   5.9229000000e-02
     50000    14.00000000   7.8350000000e-02
     50000    16.00000000   1.0015900000e-01
     50000    18.00000000   1.2454900000e-01
     50000    20.00000000   1.5140100000e-01
     50000    22.00000000   1.8058500000e-01
     50000    24.00000000   2.1195700000e-01
     50000    26.00000000   2.4536600000e-01
     50000    28.00000000   2.8064700000e-01
     50000    30.00000000   3.1762800000e-01
     50000    32.00000000   3.5612900000e-01
     50000    34.00000000   3.9596300000e-01
     50000    36.00000000   4.3693400000e-01
     50000    38.00000000   4.7884300000e-01
     50000    40.00000000   5.2148500000e-01
     50000    42.00000000   5.6465200000e-01
     50000    44.00000000   6.0813300000e-01
     50000    46.00000000   6.5171700000e-01
     50000    48.00000000   6.9518900000e-01
     50000    50.00000000   7.3833800000e-01
     50000    52.00000000   7.8095300000e-01
     50000    54.00000000   8.2282600000e-01
     50000    56.00000000   8.6375300000e-01
     50000    58.00000000   9.0353300000e-01
     50000    60.00000000   9.4197200000e-01
     50000    62.00000000   9.7888300000e-01
     50000    64.00000000   1.0140850000e+00
     50000    66.00000000   1.0474050000e+00
     50000    68.00000000   1.0786810000e+00
     50000    70.00000000   1.1077610000e+00
     50000    72.00000000   1.1345000000e+00
     50000    74.00000000   1.1587700000e+00
     50000    76.00000000   1.1804500000e+00
     50000    78.00000000   1.1994350000e+00
     50000    80.00000000   1.2156320000e+00
     50000    82.00000000   1.2289600000e+00
     50000    84.00000000   1.2393550000e+00
     50000    86.00000000   1.2467640000e+00
     50000    88.00000000   1.2511520000e+00
     50000    90.00000000   1.2524960000e+00
    100000   -90.00000000   1.2524960000e+00
    100000   -88.00000000   1.2527060000e+00
    100000   -86.00000000   1.2498700000e+00
    100000   -84.00000000   1.2440080000e+00
    100000   -82.00000000   1.2351560000e+00
    100000   -80.00000000   1.2233620000e+00
    100000   -78.00000000   1.2086910000e+00
    100000   -76.00000000   1.1912200000e+00
    100000   -74.00000000   1.1710410000e+00
    100000   -72.00000000   1.1482570000e+00
    100000   -70.00000000   1.1229860000e+00
    100000   -68.00000000   1.0953580000e+00
    100000   -66.00000000   1.0655120000e+00
    100000   -64.00000000   1.0336000000e+00
    100000   -62.00000000   9.9978300000e-01
    100000   -60.00000000   9.6423100000e-01
    100000   -58.00000000   9.2712400000e-01
    100000   -56.00000000   8.8864700000e-01
    100000   -54.00000000   8.4899300000e-01
    100000   -52.00000000   8.0836100000e-01
    100000   -50.00000000   7.6695300000e-01
    100000   -48.00000000   7.2497700000e-01
    100000   -46.00000000   6.8264100000e-01
    100000   -44.00000000   6.4015600000e-01
    100000   -42.00000000   5.9773500000e-01
    100000   -40.00000000   5.5558700000e-01
    100000   -38.00000000   5.1392300000e-01
    100000   -36.00000000   4.7294900000e-01
    100000   -34.00000000   4.3286900000e-01
    100000   -32.00000000   3.9388200000e-01
    100000   -30.00000000   3.5618100000e-01
    100000   -28.00000000   3.1995300000e-01
    100000   -26.00000000   2.8537800000e-01
    100000   -24.00000000   2.5262600000e-01
    100000   -22.00000000   2.2186100000e-01
    100000   -20.00000000   1.9323400000e-01
    100000   -18.00000000   1.6688700000e-01
    100000   -16.00000000   1.4295200000e-01
    100000   -14.00000000   1.2154500000e-01
    100000   -12.00000000   1.0277400000e-01
    100000   -10.00000000   8.6730000000e-02
    100000    -8.00000000   7.4949000000e-02
    100000    -6.00000000   6.4508000000e-02
    100000    -4.00000000   2.7429000000e-02
    100000    -2.00000000   2.0850000000e-02
    100000     0.00000000   1.7470000000e-02
    100000     2.00000000   1.6780000000e-02
    100000     4.00000000   1.6900000000e-02
    100000     6.00000000   1.5921000000e-02
    100000     8.00000000   2.6353000000e-02
    100000    10.00000000   2.9386000000e-02
    100000    12.00000000   4.5086000000e-02
    100000    14.00000000   6.4321000000e-02
    100000    16.00000000   8.6260000000e-02
    100000    18.00000000   1.1079800000e-01
    100000    20.00000000   1.3781400000e-01
    100000    22.00000000   1.6717900000e-01
    100000    24.00000000   1.9874900000e-01
    100000    26.00000000   2.3237000000e-01
    100000    28.00000000   2.6788000000e-01
    100000    30.00000000   3.0510600000e-01
    100000    32.00000000   3.4386800000e-01
    100000    34.00000000   3.8397600000e-01
    100000    36.00000000   4.2523700000e-01
    100000    38.00000000   4.6744900000e-01
    100000    40.00000000   5.1040900000e-01
    100000    42.00000000   5.5390700000e-01
    100000    44.00000000   5.9773300000e-01
    100000    46.00000000   6.4167300000e-01
    100000    48.00000000   6.8551400000e-01
    100000    50.00000000   7.2904400000e-01
    100000    52.00000000   7.7205100000e-01
    100000    54.00000000   8.1432800000e-01
    100000    56.00000000   8.5566800000e-01
    100000    58.00000000   8.9587100000e-01
    100000    60.00000000   9.3474300000e-01
    100000    62.00000000   9.7209500000e-01
    100000    64.00000000   1.0077460000e+00
    100000    66.00000000   1.0415240000e+00
    100000    68.00000000   1.0732650000e+00
    100000    70.00000000   1.1028150000e+00
    100000    72.00000000   1.1300320000e+00
    100000    74.00000000   1.1547850000e+00
    100000    76.00000000   1.1769520000e+00
    100000    78.00000000   1.1964290000e+00
    100000    80.00000000   1.2131210000e+00
    100000    82.00000000   1.2269480000e+00
    100000    84.00000000   1.2378430000e+00
    100000    86.00000000   1.2457560000e+00
    100000    88.00000000   1.2506470000e+00
    100000    90.00000000   1.2524960000e+00
    150000   -90.00000000   1.2524960000e+00
    150000   -88.00000000   1.2529740000e+00
    150000   -86.00000000   1.2504060000e+00
    150000   -84.00000000   1.2448120000e+00
    150000   -82.00000000   1.2362270000e+00
    150000   -80.00000000   1.2246990000e+00
    150000   -78.00000000   1.2102910000e+00
    150000   -76.00000000   1.1930820000e+00
    150000   -74.00000000   1.1731620000e+00
    150000   -72.00000000   1.1506350000e+00
    150000   -70.00000000   1.1256190000e+00
    150000   -68.00000000   1.0982410000e+00
    150000   -66.00000000   1.0686420000e+00
    150000   -64.00000000   1.0369740000e+00
    150000   -62.00000000   1.0033960000e+00
    150000   -60.00000000   9.6807900000e-01
    150000   -58.00000000   9.3120200000e-01
    150000   -56.00000000   8.9295100000e-01
    150000   -54.00000000   8.5351700000e-01
    150000   -52.00000000   8.1309900000e-01
    150000   -50.00000000   7.7190000000e-01
    150000   -48.00000000   7.3012700000e-01
    150000   -46.00000000   6.8798700000e-01
    150000   -44.00000000   6.4569300000e-01
    150000   -42.00000000   6.0345500000e-01
    150000   -40.00000000   5.6148300000e-01
    150000   -38.00000000   5.1998800000e-01
    150000   -36.00000000   4.7917600000e-01
    150000   -34.00000000   4.3925000000e-01
    150000   -32.00000000   4.0040900000e-01
    150000   -30.00000000   3.6284700000e-01
    150000   -28.00000000   3.2674900000e-01
    150000   -26.00000000   2.9229500000e-01
    150000   -24.00000000   2.5965700000e-01
    150000   -22.00000000   2.2899700000e-01
    150000   -20.00000000   2.0046600000e-01
    150000   -18.00000000   1.7420700000e-01
    150000   -16.00000000   1.5035000000e-01
    150000   -14.00000000   1.2901300000e-01
    150000   -12.00000000   1.1030200000e-01
    150000   -10.00000000   9.4310000000e-02
    150000    -8.00000000   8.3828000000e-02
    150000    -6.00000000   6.6096000000e-02
    150000    -4.00000000   1.9354000000e-02
    150000    -2.00000000   1.5240000000e-02
    150000     0.00000000   1.1810000000e-02
    150000     2.00000000   1.1940000000e-02
    150000     4.00000000   1.2920000000e-02
    150000     6.00000000   1.4974000000e-02
    150000     8.00000000   2.2158000000e-02
    150000    10.00000000   3.3188000000e-02
    150000    12.00000000   5.1210000000e-02
    150000    14.00000000   7.0396000000e-02
    150000    16.00000000   9.2279000000e-02
    150000    18.00000000   1.1675200000e-01
    150000    20.00000000   1.4369800000e-01
    150000    22.00000000   1.7298400000e-01
    150000    24.00000000   2.0446800000e-01
    150000    26.00000000   2.3799800000e-01
    150000    28.00000000   2.7340800000e-01
    150000    30.00000000   3.1052900000e-01
    150000    32.00000000   3.4917700000e-01
    150000    34.00000000   3.8916700000e-01
    150000    36.00000000   4.3030200000e-01
    150000    38.00000000   4.7238300000e-01
    150000    40.00000000   5.1520500000e-01
    150000    42.00000000   5.5856000000e-01
    150000    44.00000000   6.0223600000e-01
    150000    46.00000000   6.4602200000e-01
    150000    48.00000000   6.8970300000e-01
    150000    50.00000000   7.3306800000e-01
    150000    52.00000000   7.7590600000e-01
    150000    54.00000000   8.1800800000e-01
    150000    56.00000000   8.5916900000e-01
    150000    58.00000000   8.9918900000e-01
    150000    60.00000000   9.3787400000e-01
    150000    62.00000000   9.7503400000e-01
    150000    64.00000000   1.0104910000e+00
    150000    66.00000000   1.0440710000e+00
    150000    68.00000000   1.0756100000e+00
    150000    70.00000000   1.1049570000e+00
    150000    72.00000000   1.1319670000e+00
    150000    74.00000000   1.1565100000e+00
    150000    76.00000000   1.1784670000e+00
    150000    78.00000000   1.1977310000e+00
    150000    80.00000000   1.2142080000e+00
    150000    82.00000000   1.2278190000e+00
    150000    84.00000000   1.2384980000e+00
    150000    86.00000000   1.2461920000e+00
    150000    88.00000000   1.2508660000e+00
    150000    90.00000000   1.2524960000e+00
    200000   -90.00000000   1.2524960000e+00
    200000   -88.00000000   1.2540780000e+00
    200000   -86.00000000   1.2526130000e+00
    200000   -84.00000000   1.2481190000e+00
    200000   -82.00000000   1.2406290000e+00
    200000   -80.00000000   1.2301910000e+00
    200000   -78.00000000   1.2168680000e+00
    200000   -76.00000000   1.2007340000e+00
    200000   -74.00000000   1.1818810000e+00
    200000   -72.00000000   1.1604100000e+00
    200000   -70.00000000   1.1364370000e+00
    200000   -68.00000000   1.1100900000e+00
    200000   -66.00000000   1.0815080000e+00
    200000   -64.00000000   1.0508400000e+00
    200000   -62.00000000   1.0182460000e+00
    200000   -60.00000000   9.8389500000e-01
    200000   -58.00000000   9.4796400000e-01
    200000   -56.00000000   9.1063800000e-01
    200000   -54.00000000   8.7210900000e-01
    200000   -52.00000000   8.3257300000e-01
    200000   -50.00000000   7.9223200000e-01
    200000   -48.00000000   7.5129200000e-01
    200000   -46.00000000   7.0996000000e-01
    200000   -44.00000000   6.6844600000e-01
    200000   -42.00000000   6.2696100000e-01
    200000   -40.00000000   5.8571400000e-01
    200000   -38.00000000   5.4491400000e-01
    200000   -36.00000000   5.0476600000e-01
    200000   -34.00000000   4.6547300000e-01
    200000   -32.00000000   4.2723400000e-01
    200000   -30.00000000   3.9024000000e-01
    200000   -28.00000000   3.5467700000e-01
    200000   -26.00000000   3.2072500000e-01
    200000   -24.00000000   2.8855300000e-01
    200000   -22.00000000   2.5832400000e-01
    200000   -20.00000000   2.3019000000e-01
    200000   -18.00000000   2.0429000000e-01
    200000   -16.00000000   1.8075600000e-01
    200000   -14.00000000   1.5970400000e-01
    200000   -12.00000000   1.4048700000e-01
    200000   -10.00000000   1.2468100000e-01
    200000    -8.00000000   7.4116000000e-02
    200000    -6.00000000   5.6023000000e-02
    200000    -4.00000000   1.5950000000e-02
    200000    -2.00000000   1.2210000000e-02
    200000     0.00000000   9.4100000000e-03
    200000     2.00000000   1.0060000000e-02
    200000     4.00000000   1.1520000000e-02
    200000     6.00000000   1.4258000000e-02
    200000     8.00000000   2.0947000000e-02
    200000    10.00000000   3.2542000000e-02
    200000    12.00000000   5.0288000000e-02
    200000    14.00000000   6.9481000000e-02
    200000    16.00000000   9.1372000000e-02
    200000    18.00000000   1.1585600000e-01
    200000    20.00000000   1.4281200000e-01
    200000    22.00000000   1.7211000000e-01
    200000    24.00000000   2.0360700000e-01
    200000    26.00000000   2.3715000000e-01
    200000    28.00000000   2.7257600000e-01
    200000    30.00000000   3.0971200000e-01
    200000    32.00000000   3.4837800000e-01
    200000    34.00000000   3.8838500000e-01
    200000    36.00000000   4.2953900000e-01
    200000    38.00000000   4.7164000000e-01
    200000    40.00000000   5.1448300000e-01
    200000    42.00000000   5.5785900000e-01
    200000    44.00000000   6.0155800000e-01
    200000    46.00000000   6.4536700000e-01
    200000    48.00000000   6.8907200000e-01
    200000    50.00000000   7.3246200000e-01
    200000    52.00000000   7.7532500000e-01
    200000    54.00000000   8.1745300000e-01
    200000    56.00000000   8.5864100000e-01
    200000    58.00000000   8.9868900000e-01
    200000    60.00000000   9.3740200000e-01
    200000    62.00000000   9.7459200000e-01
    200000    64.00000000   1.0100780000e+00
    200000    66.00000000   1.0436870000e+00
    200000    68.00000000   1.0752570000e+00
    200000    70.00000000   1.1046340000e+00
    200000    72.00000000   1.1316760000e+00
    200000    74.00000000   1.1562500000e+00
    200000    76.00000000   1.1782390000e+00
    200000    78.00000000   1.1975350000e+00
    200000    80.00000000   1.2140440000e+00
    200000    82.00000000   1.2276880000e+00
    200000    84.00000000   1.2383990000e+00
    200000    86.00000000   1.2461270000e+00
    200000    88.00000000   1.2508330000e+00
    200000    90.00000000   1.2524960000e+00
    250000   -90.00000000   1.2524960000e+00
    250000   -88.00000000   1.2546100000e+00
    250000   -86.00000000   1.2536770000e+00
    250000   -84.00000000   1.2497130000e+00
    250000   -82.00000000   1.2427520000e+00
    250000   -80.00000000   1.2328400000e+00
    250000   -78.00000000   1.2200390000e+00
    250000   -76.00000000   1.2044240000e+00
    250000   -74.00000000   1.1860850000e+00
    250000   -72.00000000   1.1651230000e+00
    250000   -70.00000000   1.1416540000e+00
    250000   -68.00000000   1.1158040000e+00
    250000   -66.00000000   1.0877110000e+00
    250000   -64.00000000   1.0575260000e+00
    250000   -62.00000000   1.0254060000e+00
    250000   -60.00000000   9.9152100000e-01
    250000   -58.00000000   9.5604600000e-01
    250000   -56.00000000   9.1916700000e-01
    250000   -54.00000000   8.8107400000e-01
    250000   -52.00000000   8.4196300000e-01
    250000   -50.00000000   8.0203600000e-01
    250000   -48.00000000   7.6149700000e-01
    250000   -46.00000000   7.2055500000e-01
    250000   -44.00000000   6.7941700000e-01
    250000   -42.00000000   6.3829500000e-01
    250000   -40.00000000   5.9739700000e-01
    250000   -38.00000000   5.5693200000e-01
    250000   -36.00000000   5.1710500000e-01
    250000   -34.00000000   4.7811800000e-01
    250000   -32.00000000   4.4016800000e-01
    250000   -30.00000000   4.0344800000e-01
    250000   -28.00000000   3.6814300000e-01
    250000   -26.00000000   3.3443300000e-01
    250000   -24.00000000   3.0248600000e-01
    250000   -22.00000000   2.7246600000e-01
    250000   -20.00000000   2.4452100000e-01
    250000   -18.00000000   2.1879500000e-01
    250000   -16.00000000   1.9541600000e-01
    250000   -14.00000000   1.7314400000e-01
    250000   -12.00000000   1.5616000000e-01
    250000   -10.00000000   8.7010000000e-02
    250000    -8.00000000   6.6591000000e-02
    250000    -6.00000000   5.0450000000e-02
    250000    -4.00000000   1.3690000000e-02
    250000    -2.00000000   1.0740000000e-02
    250000     0.00000000   8.2050000000e-03
    250000     2.00000000   9.0500000000e-03
    250000     4.00000000   1.0740000000e-02
    250000     6.00000000   1.4430000000e-02
    250000     8.00000000   1.8608000000e-02
    250000    10.00000000   3.0312000000e-02
    250000    12.00000000   4.8074000000e-02
    250000    14.00000000   6.7285000000e-02
    250000    16.00000000   8.9197000000e-02
    250000    18.00000000   1.1370300000e-01
    250000    20.00000000   1.4068500000e-01
    250000    22.00000000   1.7001100000e-01
    250000    24.00000000   2.0153900000e-01
    250000    26.00000000   2.3511600000e-01
    250000    28.00000000   2.7057700000e-01
    250000    30.00000000   3.0775200000e-01
    250000    32.00000000   3.4645800000e-01
    250000    34.00000000   3.8650900000e-01
    250000    36.00000000   4.2770800000e-01
    250000    38.00000000   4.6985700000e-01
    250000    40.00000000   5.1274900000e-01
    250000    42.00000000   5.5617700000e-01
    250000    44.00000000   5.9993000000e-01
    250000    46.00000000   6.4379500000e-01
    250000    48.00000000   6.8755800000e-01
    250000    50.00000000   7.3100700000e-01
    250000    52.00000000   7.7393200000e-01
    250000    54.00000000   8.1612300000e-01
    250000    56.00000000   8.5737600000e-01
    250000    58.00000000   8.9749000000e-01
    250000    60.00000000   9.3627000000e-01
    250000    62.00000000   9.7352900000e-01
    250000    64.00000000   1.0090850000e+00
    250000    66.00000000   1.0427670000e+00
    250000    68.00000000   1.0744090000e+00
    250000    70.00000000   1.1038600000e+00
    250000    72.00000000   1.1309760000e+00
    250000    74.00000000   1.1556270000e+00
    250000    76.00000000   1.1776910000e+00
    250000    78.00000000   1.1970640000e+00
    250000    80.00000000   1.2136510000e+00
    250000    82.00000000   1.2273730000e+00
    250000    84.00000000   1.2381630000e+00
    250000    86.00000000   1.2459690000e+00
    250000    88.00000000   1.2507540000e+00
    250000    90.00000000   1.2524960000e+00
     50000   -90.00000000   1.2524960000e+00
     50000   -88.00000000   1.2532110000e+00
     50000   -86.00000000   1.2508800000e+00
     50000   -84.00000000   1.2455220000e+00
     50000   -82.00000000   1.2371710000e+00
     50000   -80.00000000   1.2258770000e+00
     50000   -78.00000000   1.2117020000e+00
     50000   -76.00000000   1.1947240000e+00
     50000   -74.00000000   1.1750330000e+00
     50000   -72.00000000   1.1527320000e+00
     50000   -70.00000000   1.1279400000e+00
     50000   -68.00000000   1.1007830000e+00
     50000   -66.00000000   1.0714030000e+00
     50000   -64.00000000   1.0399490000e+00
     50000   -62.00000000   1.0065820000e+00
     50000   -60.00000000   9.7147200000e-01
     50000   -58.00000000   9.3479800000e-01
     50000   -56.00000000   8.9674500000e-01
     50000   -54.00000000   8.5750600000e-01
     50000   -52.00000000   8.1727700000e-01
     50000   -50.00000000   7.7626200000e-01
     50000   -48.00000000   7.3466800000e-01
     50000   -46.00000000   6.9270100000e-01
     50000   -44.00000000   6.5057500000e-01
     50000   -42.00000000   6.0849800000e-01
     50000   -40.00000000   5.6668200000e-01
     50000   -38.00000000   5.2533600000e-01
     50000   -36.00000000   4.8466600000e-01
     50000   -34.00000000   4.4487600000e-01
     50000   -32.00000000   4.0616400000e-01
     50000   -30.00000000   3.6872400000e-01
     50000   -28.00000000   3.3274100000e-01
     50000   -26.00000000   2.9839500000e-01
     50000   -24.00000000   2.6585700000e-01
     50000   -22.00000000   2.3528900000e-01
     50000   -20.00000000   2.0684300000e-01
     50000   -18.00000000   1.8066100000e-01
     50000   -16.00000000   1.5687300000e-01
     50000   -14.00000000   1.3559800000e-01
     50000   -12.00000000   1.1694000000e-01
     50000   -10.00000000   1.0099300000e-01
     50000    -8.00000000   8.8566000000e-02
     50000    -6.00000000   7.9003000000e-02
     50000    -4.00000000   4.2518000000e-02
     50000    -2.00000000   2.8870000000e-02
     50000     0.00000000   2.7530000000e-02
     50000     2.00000000   3.4860000000e-02
     50000     4.00000000   4.1450000000e-02
     50000     6.00000000   4.1924000000e-02
     50000     8.00000000   3.3411000000e-02
     50000    10.00000000   4.1320000000e-02
     50000    12.00000000   5.4925000000e-02
     50000    14.00000000   7.4081000000e-02
     50000    16.00000000   9.5930000000e-02
     50000    18.00000000   1.2036400000e-01
     50000    20.00000000   1.4726700000e-01
     50000    22.00000000   1.7650600000e-01
     50000    24.00000000   2.0793800000e-01
     50000    26.00000000   2.4141100000e-01
     50000    28.00000000   2.7676200000e-01
     50000    30.00000000   3.1381800000e-01
     50000    32.00000000   3.5239800000e-01
     50000    34.00000000   3.9231500000e-01
     50000    36.00000000   4.3337500000e-01
     50000    38.00000000   4.7537600000e-01
     50000    40.00000000   5.1811500000e-01
     50000    42.00000000   5.6138200000e-01
     50000    44.00000000   6.0496800000e-01
     50000    46.00000000   6.4866000000e-01
     50000    48.00000000   6.9224500000e-01
     50000    50.00000000   7.3551000000e-01
     50000    52.00000000   7.7824400000e-01
     50000    54.00000000   8.2024000000e-01
     50000    56.00000000   8.6129300000e-01
     50000    58.00000000   9.0120100000e-01
     50000    60.00000000   9.3977200000e-01
     50000    62.00000000   9.7681700000e-01
     50000    64.00000000   1.0121560000e+00
     50000    66.00000000   1.0456150000e+00
     50000    68.00000000   1.0770330000e+00
     50000    70.00000000   1.1062560000e+00
     50000    72.00000000   1.1331410000e+00
     50000    74.00000000   1.1575570000e+00
     50000    76.00000000   1.1793860000e+00
     50000    78.00000000   1.1985210000e+00
     50000    80.00000000   1.2148680000e+00
     50000    82.00000000   1.2283480000e+00
     50000    84.00000000   1.2388950000e+00
     50000    86.00000000   1.2464570000e+00
     50000    88.00000000   1.2509980000e+00
     50000    90.00000000   1.2524960000e+00
    100000   -90.00000000   1.2524960000e+00
    100000   -88.00000000   1.2529640000e+00
    100000   -86.00000000   1.2503860000e+00
    100000   -84.00000000   1.2447810000e+00
    100000   -82.00000000   1.2361850000e+00
    100000   -80.00000000   1.2246470000e+00
    100000   -78.00000000   1.2102290000e+00
    100000   -76.00000000   1.1930100000e+00
    100000   -74.00000000   1.1730800000e+00
    100000   -72.00000000   1.1505440000e+00
    100000   -70.00000000   1.1255170000e+00
    100000   -68.00000000   1.0981300000e+00
    100000   -66.00000000   1.0685220000e+00
    100000   -64.00000000   1.0368440000e+00
    100000   -62.00000000   1.0032570000e+00
    100000   -60.00000000   9.6793100000e-01
    100000   -58.00000000   9.3104500000e-01
    100000   -56.00000000   8.9278500000e-01
    100000   -54.00000000   8.5334200000e-01
    100000   -52.00000000   8.1291600000e-01
    100000   -50.00000000   7.7170900000e-01
    100000   -48.00000000   7.2992800000e-01
    100000   -46.00000000   6.8778100000e-01
    100000   -44.00000000   6.4547900000e-01
    100000   -42.00000000   6.0323400000e-01
    100000   -40.00000000   5.6125600000e-01
    100000   -38.00000000   5.1975400000e-01
    100000   -36.00000000   4.7893600000e-01
    100000   -34.00000000   4.3900400000e-01
    100000   -32.00000000   4.0015800000e-01
    100000   -30.00000000   3.6259000000e-01
    100000   -28.00000000   3.2648700000e-01
    100000   -26.00000000   2.9202800000e-01
    100000   -24.00000000   2.5938600000e-01
    100000   -22.00000000   2.2872200000e-01
    100000   -20.00000000   2.0018700000e-01
    100000   -18.00000000   1.7392500000e-01
    100000   -16.00000000   1.5006500000e-01
    100000   -14.00000000   1.2872500000e-01
    100000   -12.00000000   1.1001200000e-01
    100000   -10.00000000   9.4018000000e-02
    100000    -8.00000000   8.1568000000e-02
    100000    -6.00000000   7.0490000000e-02
    100000    -4.00000000   2.6931000000e-02
    100000    -2.00000000   2.0860000000e-02
    100000     0.00000000   1.7450000000e-02
    100000     2.00000000   1.6780000000e-02
    100000     4.00000000   1.6920000000e-02
    100000     6.00000000   1.8261000000e-02
    100000     8.00000000   2.6766000000e-02
    100000    10.00000000   4.7907000000e-02
    100000    12.00000000   6.3048000000e-02
    100000    14.00000000   8.2139000000e-02
    100000    16.00000000   1.0391200000e-01
    100000    18.00000000   1.2826200000e-01
    100000    20.00000000   1.5507000000e-01
    100000    22.00000000   1.8420500000e-01
    100000    24.00000000   2.1552400000e-01
    100000    26.00000000   2.4887500000e-01
    100000    28.00000000   2.8409400000e-01
    100000    30.00000000   3.2100900000e-01
    100000    32.00000000   3.5944100000e-01
    100000    34.00000000   3.9920000000e-01
    100000    36.00000000   4.4009300000e-01
    100000    38.00000000   4.8192000000e-01
    100000    40.00000000   5.2447600000e-01
    100000    42.00000000   5.6755400000e-01
    100000    44.00000000   6.1094200000e-01
    100000    46.00000000   6.5442900000e-01
    100000    48.00000000   6.9780100000e-01
    100000    50.00000000   7.4084800000e-01
    100000    52.00000000   7.8335700000e-01
    100000    54.00000000   8.2512100000e-01
    100000    56.00000000   8.6593600000e-01
    100000    58.00000000   9.0560200000e-01
    100000    60.00000000   9.4392500000e-01
    100000    62.00000000   9.8071600000e-01
    100000    64.00000000   1.0157960000e+00
    100000    66.00000000   1.0489930000e+00
    100000    68.00000000   1.0801440000e+00
    100000    70.00000000   1.1090960000e+00
    100000    72.00000000   1.1357070000e+00
    100000    74.00000000   1.1598460000e+00
    100000    76.00000000   1.1813950000e+00
    100000    78.00000000   1.2002470000e+00
    100000    80.00000000   1.2163100000e+00
    100000    82.00000000   1.2295030000e+00
    100000    84.00000000   1.2397630000e+00
    100000    86.00000000   1.2470370000e+00
    100000    88.00000000   1.2512880000e+00
    100000    90.00000000   1.2524960000e+00
    150000   -90.00000000   1.2524960000e+00
    150000   -88.00000000   1.2525870000e+00
    150000   -86.00000000   1.2496320000e+00
    150000   -84.00000000   1.2436530000e+00
    150000   -82.00000000   1.2346830000e+00
    150000   -80.00000000   1.2227720000e+00
    150000   -78.00000000   1.2079840000e+00
    150000   -76.00000000   1.1903980000e+00
    150000   -74.00000000   1.1701040000e+00
    150000   -72.00000000   1.1472070000e+00
    150000   -70.00000000   1.1218240000e+00
    150000   -68.00000000   1.0940840000e+00
    150000   -66.00000000   1.0641290000e+00
    150000   -64.00000000   1.0321100000e+00
    150000   -62.00000000   9.9818700000e-01
    150000   -60.00000000   9.6253100000e-01
    150000   -58.00000000   9.2532200000e-01
    150000   -56.00000000   8.8674600000e-01
    150000   -54.00000000   8.4699500000e-01
    150000   -52.00000000   8.0626800000e-01
    150000   -50.00000000   7.6476800000e-01
    150000   -48.00000000   7.2270200000e-01
    150000   -46.00000000   6.8027900000e-01
    150000   -44.00000000   6.3771100000e-01
    150000   -42.00000000   5.9520900000e-01
    150000   -40.00000000   5.5298300000e-01
    150000   -38.00000000   5.1124500000e-01
    150000   -36.00000000   4.7019900000e-01
    150000   -34.00000000   4.3005100000e-01
    150000   -32.00000000   3.9099900000e-01
    150000   -30.00000000   3.5323700000e-01
    150000   -28.00000000   3.1695200000e-01
    150000   -26.00000000   2.8232200000e-01
    150000   -24.00000000   2.4952100000e-01
    150000   -22.00000000   2.1870900000e-01
    150000   -20.00000000   1.9004000000e-01
    150000   -18.00000000   1.6365400000e-01
    150000   -16.00000000   1.3968400000e-01
    150000   -14.00000000   1.1824700000e-01
    150000   -12.00000000   9.9449000000e-02
    150000   -10.00000000   8.3382000000e-02
    150000    -8.00000000   7.2404000000e-02
    150000    -6.00000000   5.9750000000e-02
    150000    -4.00000000   2.1754000000e-02
    150000    -2.00000000   1.5145000000e-02
    150000     0.00000000   1.1760000000e-02
    150000     2.00000000   1.1960000000e-02
    150000     4.00000000   1.2930000000e-02
    150000     6.00000000   1.4971000000e-02
    150000     8.00000000   2.2275000000e-02
    150000    10.00000000   3.3019000000e-02
    150000    12.00000000   5.1042000000e-02
    150000    14.00000000   7.0229000000e-02
    150000    16.00000000   9.2113000000e-02
    150000    18.00000000   1.1658900000e-01
    150000    20.00000000   1.4353600000e-01
    150000    22.00000000   1.7282500000e-01
    150000    24.00000000   2.0431100000e-01
    150000    26.00000000   2.3784300000e-01
    150000    28.00000000   2.7325700000e-01
    150000    30.00000000   3.1038000000e-01
    150000    32.00000000   3.4903200000e-01
    150000    34.00000000   3.8902400000e-01
    150000    36.00000000   4.3016300000e-01
    150000    38.00000000   4.7224800000e-01
    150000    40.00000000   5.1507400000e-01
    150000    42.00000000   5.5843200000e-01
    150000    44.00000000   6.0211300000e-01
    150000    46.00000000   6.4590200000e-01
    150000    48.00000000   6.8958800000e-01
    150000    50.00000000   7.3295800000e-01
    150000    52.00000000   7.7580000000e-01
    150000    54.00000000   8.1790700000e-01
    150000    56.00000000   8.5907300000e-01
    150000    58.00000000   8.9909800000e-01
    150000    60.00000000   9.3778800000e-01
    150000    62.00000000   9.7495400000e-01
    150000    64.00000000   1.0104160000e+00
    150000    66.00000000   1.0440010000e+00
    150000    68.00000000   1.0755460000e+00
    150000    70.00000000   1.1048980000e+00
    150000    72.00000000   1.1319140000e+00
    150000    74.00000000   1.1564630000e+00
    150000    76.00000000   1.1784260000e+00
    150000    78.00000000   1.1976950000e+00
    150000    80.00000000   1.2141780000e+00
    150000    82.00000000   1.2277950000e+00
    150000    84.00000000   1.2384800000e+00
    150000    86.00000000   1.2461800000e+00
    150000    88.00000000   1.2508600000e+00
    150000    90.00000000   1.2524960000e+00
    200000   -90.00000000   1.2524960000e+00
    200000   -88.00000000   1.2539110000e+00
    200000   -86.00000000   1.2522790000e+00
    200000   -84.00000000   1.2476180000e+00
    200000   -82.00000000   1.2399620000e+00
    200000   -80.00000000   1.2293590000e+00
    200000   -78.00000000   1.2158710000e+00
    200000   -76.00000000   1.1995750000e+00
    200000   -74.00000000   1.1805600000e+00
    200000   -72.00000000   1.1589290000e+00
    200000   -70.00000000   1.1347980000e+00
    200000   -68.00000000   1.1082950000e+00
    200000   -66.00000000   1.0795580000e+00
    200000   -64.00000000   1.0487390000e+00
    200000   -62.00000000   1.0159960000e+00
    200000   -60.00000000   9.8149800000e-01
    200000   -58.00000000   9.4542400000e-01
    200000   -56.00000000   9.0795800000e-01
    200000   -54.00000000   8.6929200000e-01
    200000   -52.00000000   8.2962200000e-01
    200000   -50.00000000   7.8915200000e-01
    200000   -48.00000000   7.4808500000e-01
    200000   -46.00000000   7.0663100000e-01
    200000   -44.00000000   6.6499900000e-01
    200000   -42.00000000   6.2339900000e-01
    200000   -40.00000000   5.8204300000e-01
    200000   -38.00000000   5.4113700000e-01
    200000   -36.00000000   5.0088900000e-01
    200000   -34.00000000   4.6150000000e-01
    200000   -32.00000000   4.2316900000e-01
    200000   -30.00000000   3.8608900000e-01
    200000   -28.00000000   3.5044500000e-01
    200000   -26.00000000   3.1641700000e-01
    200000   -24.00000000   2.8417500000e-01
    200000   -22.00000000   2.5388100000e-01
    200000   -20.00000000   2.2568600000e-01
    200000   -18.00000000   1.9973200000e-01
    200000   -16.00000000   1.7614900000e-01
    200000   -14.00000000   1.5505400000e-01
    200000   -12.00000000   1.3655400000e-01
    200000   -10.00000000   1.2059200000e-01
    200000    -8.00000000   1.0585400000e-01
    200000    -6.00000000   5.2777000000e-02
    200000    -4.00000000   1.5880000000e-02
    200000    -2.00000000   1.2320000000e-02
    200000     0.00000000   9.4100000000e-03
    200000     2.00000000   1.0050000000e-02
    200000     4.00000000   1.1530000000e-02
    200000     6.00000000   1.3631000000e-02
    200000     8.00000000   1.7256000000e-02
    200000    10.00000000   3.0804000000e-02
    200000    12.00000000   4.7867000000e-02
    200000    14.00000000   6.7079000000e-02
    200000    16.00000000   8.8993000000e-02
    200000    18.00000000   1.1350200000e-01
    200000    20.00000000   1.4048600000e-01
    200000    22.00000000   1.6981500000e-01
    200000    24.00000000   2.0134600000e-01
    200000    26.00000000   2.3492600000e-01
    200000    28.00000000   2.7039000000e-01
    200000    30.00000000   3.0756800000e-01
    200000    32.00000000   3.4627900000e-01
    200000    34.00000000   3.8633300000e-01
    200000    36.00000000   4.2753700000e-01
    200000    38.00000000   4.6969000000e-01
    200000    40.00000000   5.1258700000e-01
    200000    42.00000000   5.5602000000e-01
    200000    44.00000000   5.9977800000e-01
    200000    46.00000000   6.4364800000e-01
    200000    48.00000000   6.8741600000e-01
    200000    50.00000000   7.3087100000e-01
    200000    52.00000000   7.7380200000e-01
    200000    54.00000000   8.1599900000e-01
    200000    56.00000000   8.5725700000e-01
    200000    58.00000000   8.9737800000e-01
    200000    60.00000000   9.3616500000e-01
    200000    62.00000000   9.7343000000e-01
    200000    64.00000000   1.0089930000e+00
    200000    66.00000000   1.0426800000e+00
    200000    68.00000000   1.0743300000e+00
    200000    70.00000000   1.1037880000e+00
    200000    72.00000000   1.1309110000e+00
    200000    74.00000000   1.1555680000e+00
    200000    76.00000000   1.1776400000e+00
    200000    78.00000000   1.1970200000e+00
    200000    80.00000000   1.2136150000e+00
    200000    82.00000000   1.2273430000e+00
    200000    84.00000000   1.2381400000e+00
    200000    86.00000000   1.2459540000e+00
    200000    88.00000000   1.2507470000e+00
    200000    90.00000000   1.2524960000e+00
    250000   -90.00000000   1.2524960000e+00
    250000   -88.00000000   1.2534670000e+00
    250000   -86.00000000   1.2513920000e+00
    250000   -84.00000000   1.2462890000e+00
    250000   -82.00000000   1.2381930000e+00
    250000   -80.00000000   1.2271520000e+00
    250000   -78.00000000   1.2132290000e+00
    250000   -76.00000000   1.1965000000e+00
    250000   -74.00000000   1.1770570000e+00
    250000   -72.00000000   1.1550020000e+00
    250000   -70.00000000   1.1304510000e+00
    250000   -68.00000000   1.1035340000e+00
    250000   -66.00000000   1.0743890000e+00
    250000   -64.00000000   1.0431680000e+00
    250000   -62.00000000   1.0100300000e+00
    250000   -60.00000000   9.7514400000e-01
    250000   -58.00000000   9.3869000000e-01
    250000   -56.00000000   9.0085200000e-01
    250000   -54.00000000   8.6182200000e-01
    250000   -52.00000000   8.2179800000e-01
    250000   -50.00000000   7.8098300000e-01
    250000   -48.00000000   7.3958100000e-01
    250000   -46.00000000   6.9780300000e-01
    250000   -44.00000000   6.5585700000e-01
    250000   -42.00000000   6.1395500000e-01
    250000   -40.00000000   5.7230700000e-01
    250000   -38.00000000   5.3112300000e-01
    250000   -36.00000000   4.9060700000e-01
    250000   -34.00000000   4.5096400000e-01
    250000   -32.00000000   4.1239200000e-01
    250000   -30.00000000   3.7508300000e-01
    250000   -28.00000000   3.3922500000e-01
    250000   -26.00000000   3.0499500000e-01
    250000   -24.00000000   2.7256500000e-01
    250000   -22.00000000   2.4209800000e-01
    250000   -20.00000000   2.1374400000e-01
    250000   -18.00000000   1.8764600000e-01
    250000   -16.00000000   1.6393300000e-01
    250000   -14.00000000   1.4272300000e-01
    250000   -12.00000000   1.2412300000e-01
    250000   -10.00000000   1.0813700000e-01
    250000    -8.00000000   9.3783000000e-02
    250000    -6.00000000   4.3149000000e-02
    250000    -4.00000000   1.3720000000e-02
    250000    -2.00000000   1.0740000000e-02
    250000     0.00000000   8.2970000000e-03
    250000     2.00000000   9.0600000000e-03
    250000     4.00000000   1.0740000000e-02
    250000     6.00000000   1.4081000000e-02
    250000     8.00000000   1.9126000000e-02
    250000    10.00000000   3.2663000000e-02
    250000    12.00000000   4.9713000000e-02
    250000    14.00000000   6.8911000000e-02
    250000    16.00000000   9.0807000000e-02
    250000    18.00000000   1.1529700000e-01
    250000    20.00000000   1.4226000000e-01
    250000    22.00000000   1.7156500000e-01
    250000    24.00000000   2.0307000000e-01
    250000    26.00000000   2.3662200000e-01
    250000    28.00000000   2.7205700000e-01
    250000    30.00000000   3.0920300000e-01
    250000    32.00000000   3.4787900000e-01
    250000    34.00000000   3.8789800000e-01
    250000    36.00000000   4.2906400000e-01
    250000    38.00000000   4.7117700000e-01
    250000    40.00000000   5.1403300000e-01
    250000    42.00000000   5.5742300000e-01
    250000    44.00000000   6.0113500000e-01
    250000    46.00000000   6.4495900000e-01
    250000    48.00000000   6.8867900000e-01
    250000    50.00000000   7.3208400000e-01
    250000    52.00000000   7.7496400000e-01
    250000    54.00000000   8.1710800000e-01
    250000    56.00000000   8.5831300000e-01
    250000    58.00000000   8.9837800000e-01
    250000    60.00000000   9.3710800000e-01
    250000    62.00000000   9.7431600000e-01
    250000    64.00000000   1.0098200000e+00
    250000    66.00000000   1.0434480000e+00
    250000    68.00000000   1.0750370000e+00
    250000    70.00000000   1.1044330000e+00
    250000    72.00000000   1.1314940000e+00
    250000    74.00000000   1.1560880000e+00
    250000    76.00000000   1.1780970000e+00
    250000    78.00000000   1.1974130000e+00
    250000    80.00000000   1.2139420000e+00
    250000    82.00000000   1.2276060000e+00
    250000    84.00000000   1.2383380000e+00
    250000    86.00000000   1.2460860000e+00
    250000    88.00000000   1.2508120000e+00
    250000    90.00000000   1.2524960000e+00
     50000   -90.00000000   1.2524960000e+00
     50000   -88.00000000   1.2532110000e+00
     50000   -86.00000000   1.2508800000e+00
     50000   -84.00000000   1.2455220000e+00
     50000   -82.00000000   1.2371710000e+00
     50000   -80.00000000   1.2258770000e+00
     50000   -78.00000000   1.2117020000e+00
     50000   -76.00000000   1.1947240000e+00
     50000   -74.00000000   1.1750330000e+00
     50000   -72.00000000   1.1527320000e+00
     50000   -70.00000000   1.1279400000e+00
     50000   -68.00000000   1.1007830000e+00
     50000   -66.00000000   1.0714030000e+00
     50000   -64.00000000   1.0399490000e+00
     50000   -62.00000000   1.0065820000e+00
     50000   -60.00000000   9.7147200000e-01
     50000   -58.00000000   9.3479800000e-01
     50000   -56.00000000   8.9674500000e-01
     50000   -54.00000000   8.5750600000e-01
     50000   -52.00000000   8.1727700000e-01
     50000   -50.00000000   7.7626200000e-01
     50000   -48.00000000   7.3466800000e-01
     50000   -46.00000000   6.9270100000e-01
     50000   -44.00000000   6.5057500000e-01
     50000   -42.00000000   6.0849800000e-01
     50000   -40.00000000   5.6668200000e-01
     50000   -38.00000000   5.2533600000e-01
     50000   -36.00000000   4.8466600000e-01
     50000   -34.00000000   4.4487600000e-01
     50000   -32.00000000   4.0616400000e-01
     50000   -30.00000000   3.6872400000e-01
     50000   -28.00000000   3.3274100000e-01
     50000   -26.00000000   2.9839500000e-01
     50000   -24.00000000   2.6585700000e-01
     50000   -22.00000000   2.3528900000e-01
     50000   -20.00000000   2.0684300000e-01
     50000   -18.00000000   1.8066100000e-01
     50000   -16.00000000   1.5687300000e-01
     50000   -14.00000000   1.3559800000e-01
     50000   -12.00000000   1.1694000000e-01
     50000   -10.00000000   1.0099300000e-01
     50000    -8.00000000   8.8566000000e-02
     50000    -6.00000000   7.9003000000e-02
     50000    -4.00000000   4.2518000000e-02
     50000    -2.00000000   2.8870000000e-02
     50000     0.00000000   2.7530000000e-02
     50000     2.00000000   3.4860000000e-02
     50000     4.00000000   4.1450000000e-02
     50000     6.00000000   4.1924000000e-02
     50000     8.00000000   3.3411000000e-02
     50000    10.00000000   4.1320000000e-02
     50000    12.00000000   5.4925000000e-02
     50000    14.00000000   7.4081000000e-02
     50000    16.00000000   9.5930000000e-02
     50000    18.00000000   1.2036400000e-01
     50000    20.00000000   1.4726700000e-01
     50000    22.00000000   1.7650600000e-01
     50000    24.00000000   2.0793800000e-01
     50000    26.00000000   2.4141100000e-01
     50000    28.00000000   2.7676200000e-01
     50000    30.00000000   3.1381800000e-01
     50000    32.00000000   3.5239800000e-01
     50000    34.00000000   3.9231500000e-01
     50000    36.00000000   4.3337500000e-01
     50000    38.00000000   4.7537600000e-01
     50000    40.00000000   5.1811500000e-01
     50000    42.00000000   5.6138200000e-01
     50000    44.00000000   6.0496800000e-01
     50000    46.00000000   6.4866000000e-01
     50000    48.00000000   6.9224500000e-01
     50000    50.00000000   7.3551000000e-01
     50000    52.00000000   7.7824400000e-01
     50000    54.00000000   8.2024000000e-01
     50000    56.00000000   8.6129300000e-01
     50000    58.00000000   9.0120100000e-01
     50000    60.00000000   9.3977200000e-01
     50000    62.00000000   9.7681700000e-01
     50000    64.00000000   1.0121560000e+00
     50000    66.00000000   1.0456150000e+00
     50000    68.00000000   1.0770330000e+00
     50000    70.00000000   1.1062560000e+00
     50000    72.00000000   1.1331410000e+00
     50000    74.00000000   1.1575570000e+00
     50000    76.00000000   1.1793860000e+00
     50000    78.00000000   1.1985210000e+00
     50000    80.00000000   1.2148680000e+00
     50000    82.00000000   1.2283480000e+00
     50000    84.00000000   1.2388950000e+00
     50000    86.00000000   1.2464570000e+00
     50000    88.00000000   1.2509980000e+00
     50000    90.00000000   1.2524960000e+00
    100000   -90.00000000   1.2524960000e+00
    100000   -88.00000000   1.2529640000e+00
    100000   -86.00000000   1.2503860000e+00
    100000   -84.00000000   1.2447810000e+00
    100000   -82.00000000   1.2361850000e+00
    100000   -80.00000000   1.2246470000e+00
    100000   -78.00000000   1.2102290000e+00
    100000   -76.00000000   1.1930100000e+00
    100000   -74.00000000   1.1730800000e+00
    100000   -72.00000000   1.1505440000e+00
    100000   -70.00000000   1.1255170000e+00
    100000   -68.00000000   1.0981300000e+00
    100000   -66.00000000   1.0685220000e+00
    100000   -64.00000000   1.0368440000e+00
    100000   -62.00000000   1.0032570000e+00
    100000   -60.00000000   9.6793100000e-01
    100000   -58.00000000   9.3104500000e-01
    100000   -56.00000000   8.9278500000e-01
    100000   -54.00000000   8.5334200000e-01
    100000   -52.00000000   8.1291600000e-01
    100000   -50.00000000   7.7170900000e-01
    100000   -48.00000000   7.2992800000e-01
    100000   -46.00000000   6.8778100000e-01
    100000   -44.00000000   6.4547900000e-01
    100000   -42.00000000   6.0323400000e-01
    100000   -40.00000000   5.6125600000e-01
    100000   -38.00000000   5.1975400000e-01
    100000   -36.00000000   4.7893600000e-01
    100000   -34.00000000   4.3900400000e-01
    100000   -32.00000000   4.0015800000e-01
    100000   -30.00000000   3.6259000000e-01
    100000   -28.00000000   3.2648700000e-01
    100000   -26.00000000   2.9202800000e-01
    100000   -24.00000000   2.5938600000e-01
    100000   -22.00000000   2.2872200000e-01
    100000   -20.00000000   2.0018700000e-01
    100000   -18.00000000   1.7392500000e-01
    100000   -16.00000000   1.5006500000e-01
    100000   -14.00000000   1.2872500000e-01
    100000   -12.00000000   1.1001200000e-01
    100000   -10.00000000   9.4018000000e-02
    100000    -8.00000000   8.1568000000e-02
    100000    -6.00000000   7.0490000000e-02
    100000    -4.00000000   2.6931000000e-02
    100000    -2.00000000   2.0860000000e-02
    100000     0.00000000   1.7450000000e-02
    100000     2.00000000   1.6780000000e-02
    100000     4.00000000   1.6920000000e-02
    100000     6.00000000   1.8261000000e-02
    100000     8.00000000   2.6766000000e-02
    100000    10.00000000   4.7907000000e-02
    100000    12.00000000   6.3048000000e-02
    100000    14.00000000   8.2139000000e-02
    100000    16.00000000   1.0391200000e-01
    100000    18.00000000   1.2826200000e-01
    100000    20.00000000   1.5507000000e-01
    100000    22.00000000   1.8420500000e-01
    100000    24.00000000   2.1552400000e-01
    100000    26.00000000   2.4887500000e-01
    100000    28.00000000   2.8409400000e-01
    100000    30.00000000   3.2100900000e-01
    100000    32.00000000   3.5944100000e-01
    100000    34.00000000   3.9920000000e-01
    100000    36.00000000   4.4009300000e-01
    100000    38.00000000   4.8192000000e-01
    100000    40.00000000   5.2447600000e-01
    100000    42.00000000   5.6755400000e-01
    100000    44.00000000   6.1094200000e-01
    100000    46.00000000   6.5442900000e-01
    100000    48.00000000   6.9780100000e-01
    100000    50.00000000   7.4084800000e-01
    100000    52.00000000   7.8335700000e-01
    100000    54.00000000   8.2512100000e-01
    100000    56.00000000   8.6593600000e-01
    100000    58.00000000   9.0560200000e-01
    100000    60.00000000   9.4392500000e-01
    100000    62.00000000   9.8071600000e-01
    100000    64.00000000   1.0157960000e+00
    100000    66.00000000   1.0489930000e+00
    100000    68.00000000   1.0801440000e+00
    100000    70.00000000   1.1090960000e+00
    100000    72.00000000   1.1357070000e+00
    100000    74.00000000   1.1598460000e+00
    100000    76.00000000   1.1813950000e+00
    100000    78.00000000   1.2002470000e+00
    100000    80.00000000   1.2163100000e+00
    100000    82.00000000   1.2295030000e+00
    100000    84.00000000   1.2397630000e+00
    100000    86.00000000   1.2470370000e+00
    100000    88.00000000   1.2512880000e+00
    100000    90.00000000   1.2524960000e+00
    150000   -90.00000000   1.2524960000e+00
    150000   -88.00000000   1.2525870000e+00
    150000   -86.00000000   1.2496320000e+00
    150000   -84.00000000   1.2436530000e+00
    150000   -82.00000000   1.2346830000e+00
    150000   -80.00000000   1.2227720000e+00
    150000   -78.00000000   1.2079840000e+00
    150000   -76.00000000   1.1903980000e+00
    150000   -74.00000000   1.1701040000e+00
    150000   -72.00000000   1.1472070000e+00
    150000   -70.00000000   1.1218240000e+00
    150000   -68.00000000   1.0940840000e+00
    150000   -66.00000000   1.0641290000e+00
    150000   -64.00000000   1.0321100000e+00
    150000   -62.00000000   9.9818700000e-01
    150000   -60.00000000   9.6253100000e-01
    150000   -58.00000000   9.2532200000e-01
    150000   -56.00000000   8.8674600000e-01
    150000   -54.00000000   8.4699500000e-01
    150000   -52.00000000   8.0626800000e-01
    150000   -50.00000000   7.6476800000e-01
    150000   -48.00000000   7.2270200000e-01
    150000   -46.00000000   6.8027900000e-01
    150000   -44.00000000   6.3771100000e-01
    150000   -42.00000000   5.9520900000e-01
    150000   -40.00000000   5.5298300000e-01
    150000   -38.00000000   5.1124500000e-01
    150000   -36.00000000   4.7019900000e-01
    150000   -34.00000000   4.3005100000e-01
    150000   -32.00000000   3.9099900000e-01
    150000   -30.00000000   3.5323700000e-01
    150000   -28.00000000   3.1695200000e-01
    150000   -26.00000000   2.8232200000e-01
    150000   -24.00000000   2.4952100000e-01
    150000   -22.00000000   2.1870900000e-01
    150000   -20.00000000   1.9004000000e-01
    150000   -18.00000000   1.6365400000e-01
    150000   -16.00000000   1.3968400000e-01
    150000   -14.00000000   1.1824700000e-01
    150000   -12.00000000   9.9449000000e-02
    150000   -10.00000000   8.3382000000e-02
    150000    -8.00000000   7.2404000000e-02
    150000    -6.00000000   5.9750000000e-02
    150000    -4.00000000   2.1754000000e-02
    150000    -2.00000000   1.5145000000e-02
    150000     0.00000000   1.1760000000e-02
    150000     2.00000000   1.1960000000e-02
    150000     4.00000000   1.2930000000e-02
    150000     6.00000000   1.4971000000e-02
    150000     8.00000000   2.2275000000e-02
    150000    10.00000000   3.3019000000e-02
    150000    12.00000000   5.1042000000e-02
    150000    14.00000000   7.0229000000e-02
    150000    16.00000000   9.2113000000e-02
    150000    18.00000000   1.1658900000e-01
    150000    20.00000000   1.4353600000e-01
    150000    22.00000000   1.7282500000e-01
    150000    24.00000000   2.0431100000e-01
    150000    26.00000000   2.3784300000e-01
    150000    28.00000000   2.7325700000e-01
    150000    30.00000000   3.1038000000e-01
    150000    32.00000000   3.4903200000e-01
    150000    34.00000000   3.8902400000e-01
    150000    36.00000000   4.3016300000e-01
    150000    38.00000000   4.7224800000e-01
    150000    40.00000000   5.1507400000e-01
    150000    42.00000000   5.5843200000e-01
    150000    44.00000000   6.0211300000e-01
    150000    46.00000000   6.4590200000e-01
    150000    48.00000000   6.8958800000e-01
    150000    50.00000000   7.3295800000e-01
    150000    52.00000000   7.7580000000e-01
    150000    54.00000000   8.1790700000e-01
    150000    56.00000000   8.5907300000e-01
    150000    58.00000000   8.9909800000e-01
    150000    60.00000000   9.3778800000e-01
    150000    62.00000000   9.7495400000e-01
    150000    64.00000000   1.0104160000e+00
    150000    66.00000000   1.0440010000e+00
    150000    68.00000000   1.0755460000e+00
    150000    70.00000000   1.1048980000e+00
    150000    72.00000000   1.1319140000e+00
    150000    74.00000000   1.1564630000e+00
    150000    76.00000000   1.1784260000e+00
    150000    78.00000000   1.1976950000e+00
    150000    80.00000000   1.2141780000e+00
    150000    82.00000000   1.2277950000e+00
    150000    84.00000000   1.2384800000e+00
    150000    86.00000000   1.2461800000e+00
    150000    88.00000000   1.2508600000e+00
    150000    90.00000000   1.2524960000e+00
    200000   -90.00000000   1.2524960000e+00
    200000   -88.00000000   1.2539110000e+00
    200000   -86.00000000   1.2522790000e+00
    200000   -84.00000000   1.2476180000e+00
    200000   -82.00000000   1.2399620000e+00
    200000   -80.00000000   1.2293590000e+00
    200000   -78.00000000   1.2158710000e+00
    200000   -76.00000000   1.1995750000e+00
    200000   -74.00000000   1.1805600000e+00
    200000   -72.00000000   1.1589290000e+00
    200000   -70.00000000   1.1347980000e+00
    200000   -68.00000000   1.1082950000e+00
    200000   -66.00000000   1.0795580000e+00
    200000   -64.00000000   1.0487390000e+00
    200000   -62.00000000   1.0159960000e+00
    200000   -60.00000000   9.8149800000e-01
    200000   -58.00000000   9.4542400000e-01
    200000   -56.00000000   9.0795800000e-01
    200000   -54.00000000   8.6929200000e-01
    200000   -52.00000000   8.2962200000e-01
    200000   -50.00000000   7.8915200000e-01
    200000   -48.00000000   7.4808500000e-01
    200000   -46.00000000   7.0663100000e-01
    200000   -44.00000000   6.6499900000e-01
    200000   -42.00000000   6.2339900000e-01
    200000   -40.00000000   5.8204300000e-01
    200000   -38.00000000   5.4113700000e-01
    200000   -36.00000000   5.0088900000e-01
    200000   -34.00000000   4.6150000000e-01
    200000   -32.00000000   4.2316900000e-01
    200000   -30.00000000   3.8608900000e-01
    200000   -28.00000000   3.5044500000e-01
    200000   -26.00000000   3.1641700000e-01
    200000   -24.00000000   2.8417500000e-01
    200000   -22.00000000   2.5388100000e-01
    200000   -20.00000000   2.2568600000e-01
    200000   -18.00000000   1.9973200000e-01
    200000   -16.00000000   1.7614900000e-01
    200000   -14.00000000   1.5505400000e-01
    200000   -12.00000000   1.3655400000e-01
    200000   -10.00000000   1.2059200000e-01
    200000    -8.00000000   1.0585400000e-01
    200000    -6.00000000   5.2777000000e-02
    200000    -4.00000000   1.5880000000e-02
    200000    -2.00000000   1.2320000000e-02
    200000     0.00000000   9.4100000000e-03
    200000     2.00000000   1.0050000000e-02
    200000     4.00000000   1.1530000000e-02
    200000     6.00000000   1.3631000000e-02
    200000     8.00000000   1.7256000000e-02
    200000    10.00000000   3.0804000000e-02
    200000    12.00000000   4.7867000000e-02
    200000    14.00000000   6.7079000000e-02
    200000    16.00000000   8.8993000000e-02
    200000    18.00000000   1.1350200000e-01
    200000    20.00000000   1.4048600000e-01
    200000    22.00000000   1.6981500000e-01
    200000    24.00000000   2.0134600000e-01
    200000    26.00000000   2.3492600000e-01
    200000    28.00000000   2.7039000000e-01
    200000    30.00000000   3.0756800000e-01
    200000    32.00000000   3.4627900000e-01
    200000    34.00000000   3.8633300000e-01
    200000    36.00000000   4.2753700000e-01
    200000    38.00000000   4.6969000000e-01
    200000    40.00000000   5.1258700000e-01
    200000    42.00000000   5.5602000000e-01
    200000    44.00000000   5.9977800000e-01
    200000    46.00000000   6.4364800000e-01
    200000    48.00000000   6.8741600000e-01
    200000    50.00000000   7.3087100000e-01
    200000    52.00000000   7.7380200000e-01
    200000    54.00000000   8.1599900000e-01
    200000    56.00000000   8.5725700000e-01
    200000    58.00000000   8.9737800000e-01
    200000    60.00000000   9.3616500000e-01
    200000    62.00000000   9.7343000000e-01
    200000    64.00000000   1.0089930000e+00
    200000    66.00000000   1.0426800000e+00
    200000    68.00000000   1.0743300000e+00
    200000    70.00000000   1.1037880000e+00
    200000    72.00000000   1.1309110000e+00
    200000    74.00000000   1.1555680000e+00
    200000    76.00000000   1.1776400000e+00
    200000    78.00000000   1.1970200000e+00
    200000    80.00000000   1.2136150000e+00
    200000    82.00000000   1.2273430000e+00
    200000    84.00000000   1.2381400000e+00
    200000    86.00000000   1.2459540000e+00
    200000    88.00000000   1.2507470000e+00
    200000    90.00000000   1.2524960000e+00
    250000   -90.00000000   1.2524960000e+00
    250000   -88.00000000   1.2534670000e+00
    250000   -86.00000000   1.2513920000e+00
    250000   -84.00000000   1.2462890000e+00
    250000   -82.00000000   1.2381930000e+00
    250000   -80.00000000   1.2271520000e+00
    250000   -78.00000000   1.2132290000e+00
    250000   -76.00000000   1.1965000000e+00
    250000   -74.00000000   1.1770570000e+00
    250000   -72.00000000   1.1550020000e+00
    250000   -70.00000000   1.1304510000e+00
    250000   -68.00000000   1.1035340000e+00
    250000   -66.00000000   1.0743890000e+00
    250000   -64.00000000   1.0431680000e+00
    250000   -62.00000000   1.0100300000e+00
    250000   -60.00000000   9.7514400000e-01
    250000   -58.00000000   9.3869000000e-01
    250000   -56.00000000   9.0085200000e-01
    250000   -54.00000000   8.6182200000e-01
    250000   -52.00000000   8.2179800000e-01
    250000   -50.00000000   7.8098300000e-01
    250000   -48.00000000   7.3958100000e-01
    250000   -46.00000000   6.9780300000e-01
    250000   -44.00000000   6.5585700000e-01
    250000   -42.00000000   6.1395500000e-01
    250000   -40.00000000   5.7230700000e-01
    250000   -38.00000000   5.3112300000e-01
    250000   -36.00000000   4.9060700000e-01
    250000   -34.00000000   4.5096400000e-01
    250000   -32.00000000   4.1239200000e-01
    250000   -30.00000000   3.7508300000e-01
    250000   -28.00000000   3.3922500000e-01
    250000   -26.00000000   3.0499500000e-01
    250000   -24.00000000   2.7256500000e-01
    250000   -22.00000000   2.4209800000e-01
    250000   -20.00000000   2.1374400000e-01
    250000   -18.00000000   1.8764600000e-01
    250000   -16.00000000   1.6393300000e-01
    250000   -14.00000000   1.4272300000e-01
    250000   -12.00000000   1.2412300000e-01
    250000   -10.00000000   1.0813700000e-01
    250000    -8.00000000   9.3783000000e-02
    250000    -6.00000000   4.3149000000e-02
    250000    -4.00000000   1.3720000000e-02
    250000    -2.00000000   1.0740000000e-02
    250000     0.00000000   8.2970000000e-03
    250000     2.00000000   9.0600000000e-03
    250000     4.00000000   1.0740000000e-02
    250000     6.00000000   1.4081000000e-02
    250000     8.00000000   1.9126000000e-02
    250000    10.00000000   3.2663000000e-02
    250000    12.00000000   4.9713000000e-02
    250000    14.00000000   6.8911000000e-02
    250000    16.00000000   9.0807000000e-02
    250000    18.00000000   1.1529700000e-01
    250000    20.00000000   1.4226000000e-01
    250000    22.00000000   1.7156500000e-01
    250000    24.00000000   2.0307000000e-01
    250000    26.00000000   2.3662200000e-01
    250000    28.00000000   2.7205700000e-01
    250000    30.00000000   3.0920300000e-01
    250000    32.00000000   3.4787900000e-01
    250000    34.00000000   3.8789800000e-01
    250000    36.00000000   4.2906400000e-01
    250000    38.00000000   4.7117700000e-01
    250000    40.00000000   5.1403300000e-01
    250000    42.00000000   5.5742300000e-01
    250000    44.00000000   6.0113500000e-01
    250000    46.00000000   6.4495900000e-01
    250000    48.00000000   6.8867900000e-01
    250000    50.00000000   7.3208400000e-01
    250000    52.00000000   7.7496400000e-01
    250000    54.00000000   8.1710800000e-01
    250000    56.00000000   8.5831300000e-01
    250000    58.00000000   8.9837800000e-01
    250000    60.00000000   9.3710800000e-01
    250000    62.00000000   9.7431600000e-01
    250000    64.00000000   1.0098200000e+00
    250000    66.00000000   1.0434480000e+00
    250000    68.00000000   1.0750370000e+00
    250000    70.00000000   1.1044330000e+00
    250000    72.00000000   1.1314940000e+00
    250000    74.00000000   1.1560880000e+00
    250000    76.00000000   1.1780970000e+00
    250000    78.00000000   1.1974130000e+00
    250000    80.00000000   1.2139420000e+00
    250000    82.00000000   1.2276060000e+00
    250000    84.00000000   1.2383380000e+00
    250000    86.00000000   1.2460860000e+00
    250000    88.00000000   1.2508120000e+00
    250000    90.00000000   1.2524960000e+00
     50000   -90.00000000   1.2524960000e+00
     50000   -88.00000000   1.2530670000e+00
     50000   -86.00000000   1.2505920000e+00
     50000   -84.00000000   1.2450910000e+00
     50000   -82.00000000   1.2365980000e+00
     50000   -80.00000000   1.2251610000e+00
     50000   -78.00000000   1.2108450000e+00
     50000   -76.00000000   1.1937270000e+00
     50000   -74.00000000   1.1738970000e+00
     50000   -72.00000000   1.1514590000e+00
     50000   -70.00000000   1.1265300000e+00
     50000   -68.00000000   1.0992400000e+00
     50000   -66.00000000   1.0697270000e+00
     50000   -64.00000000   1.0381420000e+00
     50000   -62.00000000   1.0046470000e+00
     50000   -60.00000000   9.6941200000e-01
     50000   -58.00000000   9.3261500000e-01
     50000   -56.00000000   8.9444100000e-01
     50000   -54.00000000   8.5508400000e-01
     50000   -52.00000000   8.1474000000e-01
     50000   -50.00000000   7.7361400000e-01
     50000   -48.00000000   7.3191000000e-01
     50000   -46.00000000   6.8983900000e-01
     50000   -44.00000000   6.4761000000e-01
     50000   -42.00000000   6.0543600000e-01
     50000   -40.00000000   5.6352500000e-01
     50000   -38.00000000   5.2208900000e-01
     50000   -36.00000000   4.8133300000e-01
     50000   -34.00000000   4.4146000000e-01
     50000   -32.00000000   4.0267000000e-01
     50000   -30.00000000   3.6515500000e-01
     50000   -28.00000000   3.2910200000e-01
     50000   -26.00000000   2.9469100000e-01
     50000   -24.00000000   2.6209200000e-01
     50000   -22.00000000   2.3146800000e-01
     50000   -20.00000000   2.0297100000e-01
     50000   -18.00000000   1.7674200000e-01
     50000   -16.00000000   1.5291200000e-01
     50000   -14.00000000   1.3159900000e-01
     50000   -12.00000000   1.1290900000e-01
     50000   -10.00000000   9.6935000000e-02
     50000    -8.00000000   8.4731000000e-02
     50000    -6.00000000   7.5451000000e-02
     50000    -4.00000000   4.2066000000e-02
     50000    -2.00000000   2.8890000000e-02
     50000     0.00000000   2.7550000000e-02
     50000     2.00000000   3.4880000000e-02
     50000     4.00000000   4.1470000000e-02
     50000     6.00000000   4.0121000000e-02
     50000     8.00000000   2.6209000000e-02
     50000    10.00000000   3.6022000000e-02
     50000    12.00000000   5.1469000000e-02
     50000    14.00000000   7.0653000000e-02
     50000    16.00000000   9.2533000000e-02
     50000    18.00000000   1.1700400000e-01
     50000    20.00000000   1.4394700000e-01
     50000    22.00000000   1.7323000000e-01
     50000    24.00000000   2.0471000000e-01
     50000    26.00000000   2.3823500000e-01
     50000    28.00000000   2.7364200000e-01
     50000    30.00000000   3.1075800000e-01
     50000    32.00000000   3.4940200000e-01
     50000    34.00000000   3.8938600000e-01
     50000    36.00000000   4.3051600000e-01
     50000    38.00000000   4.7259200000e-01
     50000    40.00000000   5.1540800000e-01
     50000    42.00000000   5.5875700000e-01
     50000    44.00000000   6.0242700000e-01
     50000    46.00000000   6.4620600000e-01
     50000    48.00000000   6.8988000000e-01
     50000    50.00000000   7.3323900000e-01
     50000    52.00000000   7.7606900000e-01
     50000    54.00000000   8.1816300000e-01
     50000    56.00000000   8.5931700000e-01
     50000    58.00000000   8.9932900000e-01
     50000    60.00000000   9.3800600000e-01
     50000    62.00000000   9.7515900000e-01
     50000    64.00000000   1.0106070000e+00
     50000    66.00000000   1.0441780000e+00
     50000    68.00000000   1.0757100000e+00
     50000    70.00000000   1.1050470000e+00
     50000    72.00000000   1.1320490000e+00
     50000    74.00000000   1.1565830000e+00
     50000    76.00000000   1.1785310000e+00
     50000    78.00000000   1.1977860000e+00
     50000    80.00000000   1.2142540000e+00
     50000    82.00000000   1.2278560000e+00
     50000    84.00000000   1.2385250000e+00
     50000    86.00000000   1.2462110000e+00
     50000    88.00000000   1.2508750000e+00
     50000    90.00000000   1.2524960000e+00
    100000   -90.00000000   1.2524960000e+00
    100000   -88.00000000   1.2528760000e+00
    100000   -86.00000000   1.2502100000e+00
    100000   -84.00000000   1.2445170000e+00
    100000   -82.00000000   1.2358340000e+00
    100000   -80.00000000   1.2242090000e+00
    100000   -78.00000000   1.2097040000e+00
    100000   -76.00000000   1.1923990000e+00
    100000   -74.00000000   1.1723840000e+00
    100000   -72.00000000   1.1497630000e+00
    100000   -70.00000000   1.1246540000e+00
    100000   -68.00000000   1.0971840000e+00
    100000   -66.00000000   1.0674940000e+00
    100000   -64.00000000   1.0357370000e+00
    100000   -62.00000000   1.0020710000e+00
    100000   -60.00000000   9.6666800000e-01
    100000   -58.00000000   9.2970700000e-01
    100000   -56.00000000   8.9137200000e-01
    100000   -54.00000000   8.5185800000e-01
    100000   -52.00000000   8.1136200000e-01
    100000   -50.00000000   7.7008600000e-01
    100000   -48.00000000   7.2823800000e-01
    100000   -46.00000000   6.8602700000e-01
    100000   -44.00000000   6.4366300000e-01
    100000   -42.00000000   6.0135700000e-01
    100000   -40.00000000   5.5932200000e-01
    100000   -38.00000000   5.1776400000e-01
    100000   -36.00000000   4.7689300000e-01
    100000   -34.00000000   4.3691100000e-01
    100000   -32.00000000   3.9801600000e-01
    100000   -30.00000000   3.6040300000e-01
    100000   -28.00000000   3.2425700000e-01
    100000   -26.00000000   2.8975900000e-01
    100000   -24.00000000   2.5707900000e-01
    100000   -22.00000000   2.2638000000e-01
    100000   -20.00000000   1.9781400000e-01
    100000   -18.00000000   1.7152300000e-01
    100000   -16.00000000   1.4763700000e-01
    100000   -14.00000000   1.2627500000e-01
    100000   -12.00000000   1.0754200000e-01
    100000   -10.00000000   9.1531000000e-02
    100000    -8.00000000   7.8987000000e-02
    100000    -6.00000000   6.9460000000e-02
    100000    -4.00000000   2.8187000000e-02
    100000    -2.00000000   2.0860000000e-02
    100000     0.00000000   1.7470000000e-02
    100000     2.00000000   1.6770000000e-02
    100000     4.00000000   1.6930000000e-02
    100000     6.00000000   1.8070000000e-02
    100000     8.00000000   3.2619000000e-02
    100000    10.00000000   5.5348000000e-02
    100000    12.00000000   7.1707000000e-02
    100000    14.00000000   8.9439000000e-02
    100000    16.00000000   1.1114500000e-01
    100000    18.00000000   1.3541800000e-01
    100000    20.00000000   1.6214100000e-01
    100000    22.00000000   1.9118200000e-01
    100000    24.00000000   2.2239800000e-01
    100000    26.00000000   2.5563800000e-01
    100000    28.00000000   2.9073800000e-01
    100000    30.00000000   3.2752600000e-01
    100000    32.00000000   3.6582200000e-01
    100000    34.00000000   4.0543800000e-01
    100000    36.00000000   4.4618000000e-01
    100000    38.00000000   4.8784900000e-01
    100000    40.00000000   5.3024000000e-01
    100000    42.00000000   5.7314500000e-01
    100000    44.00000000   6.1635500000e-01
    100000    46.00000000   6.5965600000e-01
    100000    48.00000000   7.0283600000e-01
    100000    50.00000000   7.4568400000e-01
    100000    52.00000000   7.8798900000e-01
    100000    54.00000000   8.2954400000e-01
    100000    56.00000000   8.7014400000e-01
    100000    58.00000000   9.0958900000e-01
    100000    60.00000000   9.4768700000e-01
    100000    62.00000000   9.8424900000e-01
    100000    64.00000000   1.0190950000e+00
    100000    66.00000000   1.0520540000e+00
    100000    68.00000000   1.0829630000e+00
    100000    70.00000000   1.1116690000e+00
    100000    72.00000000   1.1380320000e+00
    100000    74.00000000   1.1619200000e+00
    100000    76.00000000   1.1832150000e+00
    100000    78.00000000   1.2018110000e+00
    100000    80.00000000   1.2176160000e+00
    100000    82.00000000   1.2305510000e+00
    100000    84.00000000   1.2405490000e+00
    100000    86.00000000   1.2475610000e+00
    100000    88.00000000   1.2515510000e+00
    100000    90.00000000   1.2524960000e+00
    150000   -90.00000000   1.2524960000e+00
    150000   -88.00000000   1.2531480000e+00
    150000   -86.00000000   1.2507540000e+00
    150000   -84.00000000   1.2453330000e+00
    150000   -82.00000000   1.2369200000e+00
    150000   -80.00000000   1.2255630000e+00
    150000   -78.00000000   1.2113260000e+00
    150000   -76.00000000   1.1942860000e+00
    150000   -74.00000000   1.1745340000e+00
    150000   -72.00000000   1.1521740000e+00
    150000   -70.00000000   1.1273210000e+00
    150000   -68.00000000   1.1001060000e+00
    150000   -66.00000000   1.0706670000e+00
    150000   -64.00000000   1.0391560000e+00
    150000   -62.00000000   1.0057330000e+00
    150000   -60.00000000   9.7056800000e-01
    150000   -58.00000000   9.3384000000e-01
    150000   -56.00000000   8.9573400000e-01
    150000   -54.00000000   8.5644300000e-01
    150000   -52.00000000   8.1616400000e-01
    150000   -50.00000000   7.7510000000e-01
    150000   -48.00000000   7.3345800000e-01
    150000   -46.00000000   6.9144500000e-01
    150000   -44.00000000   6.4927400000e-01
    150000   -42.00000000   6.0715400000e-01
    150000   -40.00000000   5.6529700000e-01
    150000   -38.00000000   5.2391100000e-01
    150000   -36.00000000   4.8320400000e-01
    150000   -34.00000000   4.4337700000e-01
    150000   -32.00000000   4.0463100000e-01
    150000   -30.00000000   3.6715800000e-01
    150000   -28.00000000   3.3114400000e-01
    150000   -26.00000000   2.9677000000e-01
    150000   -24.00000000   2.6420500000e-01
    150000   -22.00000000   2.3361300000e-01
    150000   -20.00000000   2.0514400000e-01
    150000   -18.00000000   1.7894200000e-01
    150000   -16.00000000   1.5513500000e-01
    150000   -14.00000000   1.3384300000e-01
    150000   -12.00000000   1.1517100000e-01
    150000   -10.00000000   9.9212000000e-02
    150000    -8.00000000   9.0612000000e-02
    150000    -6.00000000   6.0145000000e-02
    150000    -4.00000000   1.9330000000e-02
    150000    -2.00000000   1.5230000000e-02
    150000     0.00000000   1.1800000000e-02
    150000     2.00000000   1.1960000000e-02
    150000     4.00000000   1.2940000000e-02
    150000     6.00000000   1.4961000000e-02
    150000     8.00000000   2.2265000000e-02
    150000    10.00000000   3.3009000000e-02
    150000    12.00000000   5.1032000000e-02
    150000    14.00000000   7.0219000000e-02
    150000    16.00000000   9.2104000000e-02
    150000    18.00000000   1.1657900000e-01
    150000    20.00000000   1.4352700000e-01
    150000    22.00000000   1.7281500000e-01
    150000    24.00000000   2.0430200000e-01
    150000    26.00000000   2.3783400000e-01
    150000    28.00000000   2.7324800000e-01
    150000    30.00000000   3.1037100000e-01
    150000    32.00000000   3.4902300000e-01
    150000    34.00000000   3.8901600000e-01
    150000    36.00000000   4.3015500000e-01
    150000    38.00000000   4.7224000000e-01
    150000    40.00000000   5.1506600000e-01
    150000    42.00000000   5.5842500000e-01
    150000    44.00000000   6.0210500000e-01
    150000    46.00000000   6.4589500000e-01
    150000    48.00000000   6.8958200000e-01
    150000    50.00000000   7.3295100000e-01
    150000    52.00000000   7.7579400000e-01
    150000    54.00000000   8.1790100000e-01
    150000    56.00000000   8.5906700000e-01
    150000    58.00000000   8.9909200000e-01
    150000    60.00000000   9.3778300000e-01
    150000    62.00000000   9.7494900000e-01
    150000    64.00000000   1.0104110000e+00
    150000    66.00000000   1.0439970000e+00
    150000    68.00000000   1.0755420000e+00
    150000    70.00000000   1.1048950000e+00
    150000    72.00000000   1.1319110000e+00
    150000    74.00000000   1.1564600000e+00
    150000    76.00000000   1.1784230000e+00
    150000    78.00000000   1.1976930000e+00
    150000    80.00000000   1.2141770000e+00
    150000    82.00000000   1.2277940000e+00
    150000    84.00000000   1.2384790000e+00
    150000    86.00000000   1.2461800000e+00
    150000    88.00000000   1.2508600000e+00
    150000    90.00000000   1.2524960000e+00
    200000   -90.00000000   1.2524960000e+00
    200000   -88.00000000   1.2527920000e+00
    200000   -86.00000000   1.2500420000e+00
    200000   -84.00000000   1.2442670000e+00
    200000   -82.00000000   1.2355010000e+00
    200000   -80.00000000   1.2237920000e+00
    200000   -78.00000000   1.2092060000e+00
    200000   -76.00000000   1.1918200000e+00
    200000   -74.00000000   1.1717240000e+00
    200000   -72.00000000   1.1490230000e+00
    200000   -70.00000000   1.1238340000e+00
    200000   -68.00000000   1.0962860000e+00
    200000   -66.00000000   1.0665200000e+00
    200000   -64.00000000   1.0346860000e+00
    200000   -62.00000000   1.0009460000e+00
    200000   -60.00000000   9.6547000000e-01
    200000   -58.00000000   9.2843700000e-01
    200000   -56.00000000   8.9003300000e-01
    200000   -54.00000000   8.5045000000e-01
    200000   -52.00000000   8.0988700000e-01
    200000   -50.00000000   7.6854600000e-01
    200000   -48.00000000   7.2663500000e-01
    200000   -46.00000000   6.8436300000e-01
    200000   -44.00000000   6.4194000000e-01
    200000   -42.00000000   5.9957700000e-01
    200000   -40.00000000   5.5748600000e-01
    200000   -38.00000000   5.1587700000e-01
    200000   -36.00000000   4.7495500000e-01
    200000   -34.00000000   4.3492400000e-01
    200000   -32.00000000   3.9598400000e-01
    200000   -30.00000000   3.5832800000e-01
    200000   -28.00000000   3.2214200000e-01
    200000   -26.00000000   2.8760500000e-01
    200000   -24.00000000   2.5489000000e-01
    200000   -22.00000000   2.2415900000e-01
    200000   -20.00000000   1.9556300000e-01
    200000   -18.00000000   1.6924500000e-01
    200000   -16.00000000   1.4533400000e-01
    200000   -14.00000000   1.2395000000e-01
    200000   -12.00000000   1.0519800000e-01
    200000   -10.00000000   8.9171000000e-02
    200000    -8.00000000   8.1391000000e-02
    200000    -6.00000000   5.3732000000e-02
    200000    -4.00000000   1.5990000000e-02
    200000    -2.00000000   1.2320000000e-02
    200000     0.00000000   9.4600000000e-03
    200000     2.00000000   1.0050000000e-02
    200000     4.00000000   1.1530000000e-02
    200000     6.00000000   1.4226000000e-02
    200000     8.00000000   2.0708000000e-02
    200000    10.00000000   3.3130000000e-02
    200000    12.00000000   5.0871000000e-02
    200000    14.00000000   7.0059000000e-02
    200000    16.00000000   9.1945000000e-02
    200000    18.00000000   1.1642300000e-01
    200000    20.00000000   1.4337200000e-01
    200000    22.00000000   1.7266300000e-01
    200000    24.00000000   2.0415200000e-01
    200000    26.00000000   2.3768600000e-01
    200000    28.00000000   2.7310200000e-01
    200000    30.00000000   3.1022800000e-01
    200000    32.00000000   3.4888300000e-01
    200000    34.00000000   3.8887900000e-01
    200000    36.00000000   4.3002200000e-01
    200000    38.00000000   4.7211000000e-01
    200000    40.00000000   5.1494000000e-01
    200000    42.00000000   5.5830200000e-01
    200000    44.00000000   6.0198700000e-01
    200000    46.00000000   6.4578100000e-01
    200000    48.00000000   6.8947100000e-01
    200000    50.00000000   7.3284600000e-01
    200000    52.00000000   7.7569300000e-01
    200000    54.00000000   8.1780400000e-01
    200000    56.00000000   8.5897500000e-01
    200000    58.00000000   8.9900500000e-01
    200000    60.00000000   9.3770000000e-01
    200000    62.00000000   9.7487200000e-01
    200000    64.00000000   1.0103390000e+00
    200000    66.00000000   1.0439300000e+00
    200000    68.00000000   1.0754810000e+00
    200000    70.00000000   1.1048380000e+00
    200000    72.00000000   1.1318600000e+00
    200000    74.00000000   1.1564150000e+00
    200000    76.00000000   1.1783830000e+00
    200000    78.00000000   1.1976590000e+00
    200000    80.00000000   1.2141480000e+00
    200000    82.00000000   1.2277710000e+00
    200000    84.00000000   1.2384610000e+00
    200000    86.00000000   1.2461680000e+00
    200000    88.00000000   1.2508540000e+00
    200000    90.00000000   1.2524960000e+00
    250000   -90.00000000   1.2524960000e+00
    250000   -88.00000000   1.2530020000e+00
    250000   -86.00000000   1.2504620000e+00
    250000   -84.00000000   1.2448960000e+00
    250000   -82.00000000   1.2363380000e+00
    250000   -80.00000000   1.2248370000e+00
    250000   -78.00000000   1.2104570000e+00
    250000   -76.00000000   1.1932750000e+00
    250000   -74.00000000   1.1733820000e+00
    250000   -72.00000000   1.1508820000e+00
    250000   -70.00000000   1.1258920000e+00
    250000   -68.00000000   1.0985400000e+00
    250000   -66.00000000   1.0689670000e+00
    250000   -64.00000000   1.0373240000e+00
    250000   -62.00000000   1.0037710000e+00
    250000   -60.00000000   9.6847900000e-01
    250000   -58.00000000   9.3162500000e-01
    250000   -56.00000000   8.9339700000e-01
    250000   -54.00000000   8.5398600000e-01
    250000   -52.00000000   8.1359100000e-01
    250000   -50.00000000   7.7241400000e-01
    250000   -48.00000000   7.3066100000e-01
    250000   -46.00000000   6.8854200000e-01
    250000   -44.00000000   6.4626700000e-01
    250000   -42.00000000   6.0404800000e-01
    250000   -40.00000000   5.6209500000e-01
    250000   -38.00000000   5.2061800000e-01
    250000   -36.00000000   4.7982200000e-01
    250000   -34.00000000   4.3991200000e-01
    250000   -32.00000000   4.0108700000e-01
    250000   -30.00000000   3.6353800000e-01
    250000   -28.00000000   3.2745400000e-01
    250000   -26.00000000   2.9301300000e-01
    250000   -24.00000000   2.6038700000e-01
    250000   -22.00000000   2.2973700000e-01
    250000   -20.00000000   2.0121700000e-01
    250000   -18.00000000   1.7496700000e-01
    250000   -16.00000000   1.5111800000e-01
    250000   -14.00000000   1.2978800000e-01
    250000   -12.00000000   1.1108300000e-01
    250000   -10.00000000   9.3785000000e-02
    250000    -8.00000000   8.0221000000e-02
    250000    -6.00000000   4.4210000000e-02
    250000    -4.00000000   1.3730000000e-02
    250000    -2.00000000   1.0740000000e-02
    250000     0.00000000   8.2200000000e-03
    250000     2.00000000   9.0600000000e-03
    250000     4.00000000   1.0750000000e-02
    250000     6.00000000   1.0008000000e-02
    250000     8.00000000   2.6307000000e-02
    250000    10.00000000   1.0930000000e-02
    250000    12.00000000   2.5710000000e-02
    250000    14.00000000   4.5100000000e-02
    250000    16.00000000   6.7218000000e-02
    250000    18.00000000   9.1958000000e-02
    250000    20.00000000   1.1920000000e-01
    250000    22.00000000   1.4881200000e-01
    250000    24.00000000   1.8065200000e-01
    250000    26.00000000   2.1456500000e-01
    250000    28.00000000   2.5038900000e-01
    250000    30.00000000   2.8795100000e-01
    250000    32.00000000   3.2706800000e-01
    250000    34.00000000   3.6755300000e-01
    250000    36.00000000   4.0921100000e-01
    250000    38.00000000   4.5183900000e-01
    250000    40.00000000   4.9523400000e-01
    250000    42.00000000   5.3918600000e-01
    250000    44.00000000   5.8348300000e-01
    250000    46.00000000   6.2791200000e-01
    250000    48.00000000   6.7225900000e-01
    250000    50.00000000   7.1631100000e-01
    250000    52.00000000   7.5985500000e-01
    250000    54.00000000   8.0268400000e-01
    250000    56.00000000   8.4459000000e-01
    250000    58.00000000   8.8537400000e-01
    250000    60.00000000   9.2483800000e-01
    250000    62.00000000   9.6279500000e-01
    250000    64.00000000   9.9906200000e-01
    250000    66.00000000   1.0334670000e+00
    250000    68.00000000   1.0658440000e+00
    250000    70.00000000   1.0960400000e+00
    250000    72.00000000   1.1239110000e+00
    250000    74.00000000   1.1493240000e+00
    250000    76.00000000   1.1721600000e+00
    250000    78.00000000   1.1923110000e+00
    250000    80.00000000   1.2096810000e+00
    250000    82.00000000   1.2241910000e+00
    250000    84.00000000   1.2357730000e+00
    250000    86.00000000   1.2443740000e+00
    250000    88.00000000   1.2499560000e+00
    250000    90.00000000   1.2524960000e+00
     50000   -90.00000000   1.2524960000e+00
     50000   -88.00000000   1.2533240000e+00
     50000   -86.00000000   1.2511060000e+00
     50000   -84.00000000   1.2458610000e+00
     50000   -82.00000000   1.2376230000e+00
     50000   -80.00000000   1.2264410000e+00
     50000   -78.00000000   1.2123770000e+00
     50000   -76.00000000   1.1955090000e+00
     50000   -74.00000000   1.1759270000e+00
     50000   -72.00000000   1.1537350000e+00
     50000   -70.00000000   1.1290500000e+00
     50000   -68.00000000   1.1019990000e+00
     50000   -66.00000000   1.0727230000e+00
     50000   -64.00000000   1.0413710000e+00
     50000   -62.00000000   1.0081060000e+00
     50000   -60.00000000   9.7309500000e-01
     50000   -58.00000000   9.3651800000e-01
     50000   -56.00000000   8.9856000000e-01
     50000   -54.00000000   8.5941300000e-01
     50000   -52.00000000   8.1927500000e-01
     50000   -50.00000000   7.7834800000e-01
     50000   -48.00000000   7.3683900000e-01
     50000   -46.00000000   6.9495600000e-01
     50000   -44.00000000   6.5290900000e-01
     50000   -42.00000000   6.1091000000e-01
     50000   -40.00000000   5.6916800000e-01
     50000   -38.00000000   5.2789300000e-01
     50000   -36.00000000   4.8729200000e-01
     50000   -34.00000000   4.4756700000e-01
     50000   -32.00000000   4.0891700000e-01
     50000   -30.00000000   3.7153400000e-01
     50000   -28.00000000   3.3560600000e-01
     50000   -26.00000000   3.0131200000e-01
     50000   -24.00000000   2.6882200000e-01
     50000   -22.00000000   2.3829800000e-01
     50000   -20.00000000   2.0989300000e-01
     50000   -18.00000000   1.8374800000e-01
     50000   -16.00000000   1.5999300000e-01
     50000   -14.00000000   1.3874700000e-01
     50000   -12.00000000   1.2011400000e-01
     50000   -10.00000000   1.0418900000e-01
     50000    -8.00000000   9.2636000000e-02
     50000    -6.00000000   7.9830000000e-02
     50000    -4.00000000   4.0640000000e-02
     50000    -2.00000000   2.8910000000e-02
     50000     0.00000000   2.7570000000e-02
     50000     2.00000000   3.4890000000e-02
     50000     4.00000000   4.1490000000e-02
     50000     6.00000000   4.0938000000e-02
     50000     8.00000000   2.0013000000e-02
     50000    10.00000000   3.0683000000e-02
     50000    12.00000000   4.4323000000e-02
     50000    14.00000000   6.3564000000e-02
     50000    16.00000000   8.5510000000e-02
     50000    18.00000000   1.1005600000e-01
     50000    20.00000000   1.3708200000e-01
     50000    22.00000000   1.6645600000e-01
     50000    24.00000000   1.9803600000e-01
     50000    26.00000000   2.3166900000e-01
     50000    28.00000000   2.6719100000e-01
     50000    30.00000000   3.0443100000e-01
     50000    32.00000000   3.4320600000e-01
     50000    34.00000000   3.8332900000e-01
     50000    36.00000000   4.2460600000e-01
     50000    38.00000000   4.6683500000e-01
     50000    40.00000000   5.0981200000e-01
     50000    42.00000000   5.5332800000e-01
     50000    44.00000000   5.9717100000e-01
     50000    46.00000000   6.4113100000e-01
     50000    48.00000000   6.8499200000e-01
     50000    50.00000000   7.2854200000e-01
     50000    52.00000000   7.7157100000e-01
     50000    54.00000000   8.1386900000e-01
     50000    56.00000000   8.5523100000e-01
     50000    58.00000000   8.9545800000e-01
     50000    60.00000000   9.3435300000e-01
     50000    62.00000000   9.7172900000e-01
     50000    64.00000000   1.0074040000e+00
     50000    66.00000000   1.0412070000e+00
     50000    68.00000000   1.0729730000e+00
     50000    70.00000000   1.1025490000e+00
     50000    72.00000000   1.1297910000e+00
     50000    74.00000000   1.1545700000e+00
     50000    76.00000000   1.1767640000e+00
     50000    78.00000000   1.1962670000e+00
     50000    80.00000000   1.2129860000e+00
     50000    82.00000000   1.2268390000e+00
     50000    84.00000000   1.2377620000e+00
     50000    86.00000000   1.2457010000e+00
     50000    88.00000000   1.2506200000e+00
     50000    90.00000000   1.2524960000e+00
    100000   -90.00000000   1.2524960000e+00
    100000   -88.00000000   1.2528630000e+00
    100000   -86.00000000   1.2501840000e+00
    100000   -84.00000000   1.2444800000e+00
    100000   -82.00000000   1.2357840000e+00
    100000   -80.00000000   1.2241460000e+00
    100000   -78.00000000   1.2096290000e+00
    100000   -76.00000000   1.1923120000e+00
    100000   -74.00000000   1.1722840000e+00
    100000   -72.00000000   1.1496510000e+00
    100000   -70.00000000   1.1245300000e+00
    100000   -68.00000000   1.0970480000e+00
    100000   -66.00000000   1.0673470000e+00
    100000   -64.00000000   1.0355780000e+00
    100000   -62.00000000   1.0019010000e+00
    100000   -60.00000000   9.6648700000e-01
    100000   -58.00000000   9.2951500000e-01
    100000   -56.00000000   8.9117000000e-01
    100000   -54.00000000   8.5164500000e-01
    100000   -52.00000000   8.1113900000e-01
    100000   -50.00000000   7.6985400000e-01
    100000   -48.00000000   7.2799600000e-01
    100000   -46.00000000   6.8577600000e-01
    100000   -44.00000000   6.4340300000e-01
    100000   -42.00000000   6.0108900000e-01
    100000   -40.00000000   5.5904400000e-01
    100000   -38.00000000   5.1747900000e-01
    100000   -36.00000000   4.7660000000e-01
    100000   -34.00000000   4.3661100000e-01
    100000   -32.00000000   3.9770900000e-01
    100000   -30.00000000   3.6008900000e-01
    100000   -28.00000000   3.2393700000e-01
    100000   -26.00000000   2.8943400000e-01
    100000   -24.00000000   2.5674900000e-01
    100000   -22.00000000   2.2604500000e-01
    100000   -20.00000000   1.9747400000e-01
    100000   -18.00000000   1.7117900000e-01
    100000   -16.00000000   1.4729000000e-01
    100000   -14.00000000   1.2592400000e-01
    100000   -12.00000000   1.0718800000e-01
    100000   -10.00000000   9.1174000000e-02
    100000    -8.00000000   7.8680000000e-02
    100000    -6.00000000   6.9217000000e-02
    100000    -4.00000000   2.8174000000e-02
    100000    -2.00000000   2.0870000000e-02
    100000     0.00000000   1.7470000000e-02
    100000     2.00000000   1.6770000000e-02
    100000     4.00000000   1.6930000000e-02
    100000     6.00000000   1.8080000000e-02
    100000     8.00000000   3.3154000000e-02
    100000    10.00000000   5.7555000000e-02
    100000    12.00000000   8.4303000000e-02
    100000    14.00000000   1.0175900000e-01
    100000    16.00000000   1.2334900000e-01
    100000    18.00000000   1.4749300000e-01
    100000    20.00000000   1.7407200000e-01
    100000    22.00000000   2.0295300000e-01
    100000    24.00000000   2.3399700000e-01
    100000    26.00000000   2.6704900000e-01
    100000    28.00000000   3.0194800000e-01
    100000    30.00000000   3.3852100000e-01
    100000    32.00000000   3.7658900000e-01
    100000    34.00000000   4.1596400000e-01
    100000    36.00000000   4.5645200000e-01
    100000    38.00000000   4.9785400000e-01
    100000    40.00000000   5.3996600000e-01
    100000    42.00000000   5.8258100000e-01
    100000    44.00000000   6.2548800000e-01
    100000    46.00000000   6.6847500000e-01
    100000    48.00000000   7.1133200000e-01
    100000    50.00000000   7.5384500000e-01
    100000    52.00000000   7.9580600000e-01
    100000    54.00000000   8.3700700000e-01
    100000    56.00000000   8.7724300000e-01
    100000    58.00000000   9.1631700000e-01
    100000    60.00000000   9.5403500000e-01
    100000    62.00000000   9.9020900000e-01
    100000    64.00000000   1.0246600000e+00
    100000    66.00000000   1.0572180000e+00
    100000    68.00000000   1.0877190000e+00
    100000    70.00000000   1.1160120000e+00
    100000    72.00000000   1.1419550000e+00
    100000    74.00000000   1.1654200000e+00
    100000    76.00000000   1.1862870000e+00
    100000    78.00000000   1.2044510000e+00
    100000    80.00000000   1.2198210000e+00
    100000    82.00000000   1.2323180000e+00
    100000    84.00000000   1.2418760000e+00
    100000    86.00000000   1.2484470000e+00
    100000    88.00000000   1.2519940000e+00
    100000    90.00000000   1.2524960000e+00
    150000   -90.00000000   1.2524960000e+00
    150000   -88.00000000   1.2525980000e+00
    150000   -86.00000000   1.2496540000e+00
    150000   -84.00000000   1.2436840000e+00
    150000   -82.00000000   1.2347250000e+00
    150000   -80.00000000   1.2228250000e+00
    150000   -78.00000000   1.2080470000e+00
    150000   -76.00000000   1.1904710000e+00
    150000   -74.00000000   1.1701870000e+00
    150000   -72.00000000   1.1473000000e+00
    150000   -70.00000000   1.1219280000e+00
    150000   -68.00000000   1.0941980000e+00
    150000   -66.00000000   1.0642530000e+00
    150000   -64.00000000   1.0322430000e+00
    150000   -62.00000000   9.9832900000e-01
    150000   -60.00000000   9.6268300000e-01
    150000   -58.00000000   9.2548300000e-01
    150000   -56.00000000   8.8691600000e-01
    150000   -54.00000000   8.4717300000e-01
    150000   -52.00000000   8.0645500000e-01
    150000   -50.00000000   7.6496300000e-01
    150000   -48.00000000   7.2290500000e-01
    150000   -46.00000000   6.8049000000e-01
    150000   -44.00000000   6.3793000000e-01
    150000   -42.00000000   5.9543500000e-01
    150000   -40.00000000   5.5321600000e-01
    150000   -38.00000000   5.1148400000e-01
    150000   -36.00000000   4.7044500000e-01
    150000   -34.00000000   4.3030300000e-01
    150000   -32.00000000   3.9125700000e-01
    150000   -30.00000000   3.5350000000e-01
    150000   -28.00000000   3.1722000000e-01
    150000   -26.00000000   2.8259500000e-01
    150000   -24.00000000   2.4979800000e-01
    150000   -22.00000000   2.1899100000e-01
    150000   -20.00000000   1.9032500000e-01
    150000   -18.00000000   1.6394300000e-01
    150000   -16.00000000   1.3997600000e-01
    150000   -14.00000000   1.1854100000e-01
    150000   -12.00000000   9.9746000000e-02
    150000   -10.00000000   8.3682000000e-02
    150000    -8.00000000   7.3633000000e-02
    150000    -6.00000000   5.7644000000e-02
    150000    -4.00000000   2.0788000000e-02
    150000    -2.00000000   1.5230000000e-02
    150000     0.00000000   1.1800000000e-02
    150000     2.00000000   1.1960000000e-02
    150000     4.00000000   1.2940000000e-02
    150000     6.00000000   1.5167000000e-02
    150000     8.00000000   2.5441000000e-02
    150000    10.00000000   4.6089000000e-02
    150000    12.00000000   6.0863000000e-02
    150000    14.00000000   7.9971000000e-02
    150000    16.00000000   1.0176500000e-01
    150000    18.00000000   1.2613800000e-01
    150000    20.00000000   1.5297100000e-01
    150000    22.00000000   1.8213400000e-01
    150000    24.00000000   2.1348400000e-01
    150000    26.00000000   2.4686700000e-01
    150000    28.00000000   2.8212200000e-01
    150000    30.00000000   3.1907500000e-01
    150000    32.00000000   3.5754600000e-01
    150000    34.00000000   3.9734800000e-01
    150000    36.00000000   4.3828600000e-01
    150000    38.00000000   4.8016000000e-01
    150000    40.00000000   5.2276500000e-01
    150000    42.00000000   5.6589400000e-01
    150000    44.00000000   6.0933500000e-01
    150000    46.00000000   6.5287700000e-01
    150000    48.00000000   6.9630700000e-01
    150000    50.00000000   7.3941200000e-01
    150000    52.00000000   7.8198200000e-01
    150000    54.00000000   8.2380800000e-01
    150000    56.00000000   8.6468700000e-01
    150000    58.00000000   9.0441800000e-01
    150000    60.00000000   9.4280800000e-01
    150000    62.00000000   9.7966700000e-01
    150000    64.00000000   1.0148170000e+00
    150000    66.00000000   1.0480850000e+00
    150000    68.00000000   1.0793070000e+00
    150000    70.00000000   1.1083320000e+00
    150000    72.00000000   1.1350170000e+00
    150000    74.00000000   1.1592300000e+00
    150000    76.00000000   1.1808550000e+00
    150000    78.00000000   1.1997830000e+00
    150000    80.00000000   1.2159220000e+00
    150000    82.00000000   1.2291930000e+00
    150000    84.00000000   1.2395290000e+00
    150000    86.00000000   1.2468810000e+00
    150000    88.00000000   1.2512100000e+00
    150000    90.00000000   1.2524960000e+00
    200000   -90.00000000   1.2524960000e+00
    200000   -88.00000000   1.2525510000e+00
    200000   -86.00000000   1.2495610000e+00
    200000   -84.00000000   1.2435460000e+00
    200000   -82.00000000   1.2345410000e+00
    200000   -80.00000000   1.2225950000e+00
    200000   -78.00000000   1.2077730000e+00
    200000   -76.00000000   1.1901510000e+00
    200000   -74.00000000   1.1698230000e+00
    200000   -72.00000000   1.1468920000e+00
    200000   -70.00000000   1.1214760000e+00
    200000   -68.00000000   1.0937030000e+00
    200000   -66.00000000   1.0637150000e+00
    200000   -64.00000000   1.0316630000e+00
    200000   -62.00000000   9.9770900000e-01
    200000   -60.00000000   9.6202200000e-01
    200000   -58.00000000   9.2478300000e-01
    200000   -56.00000000   8.8617600000e-01
    200000   -54.00000000   8.4639600000e-01
    200000   -52.00000000   8.0564100000e-01
    200000   -50.00000000   7.6411400000e-01
    200000   -48.00000000   7.2202100000e-01
    200000   -46.00000000   6.7957200000e-01
    200000   -44.00000000   6.3697900000e-01
    200000   -42.00000000   5.9445200000e-01
    200000   -40.00000000   5.5220400000e-01
    200000   -38.00000000   5.1044200000e-01
    200000   -36.00000000   4.6937600000e-01
    200000   -34.00000000   4.2920700000e-01
    200000   -32.00000000   3.9013600000e-01
    200000   -30.00000000   3.5235600000e-01
    200000   -28.00000000   3.1605300000e-01
    200000   -26.00000000   2.8140700000e-01
    200000   -24.00000000   2.4859100000e-01
    200000   -22.00000000   2.1776500000e-01
    200000   -20.00000000   1.8908300000e-01
    200000   -18.00000000   1.6268600000e-01
    200000   -16.00000000   1.3870500000e-01
    200000   -14.00000000   1.1725900000e-01
    200000   -12.00000000   9.8453000000e-02
    200000   -10.00000000   8.2380000000e-02
    200000    -8.00000000   7.1702000000e-02
    200000    -6.00000000   5.1579000000e-02
    200000    -4.00000000   1.6069000000e-02
    200000    -2.00000000   1.2330000000e-02
    200000     0.00000000   9.4100000000e-03
    200000     2.00000000   1.0050000000e-02
    200000     4.00000000   1.1530000000e-02
    200000     6.00000000   1.3513000000e-02
    200000     8.00000000   1.7156000000e-02
    200000    10.00000000   3.0705000000e-02
    200000    12.00000000   4.7768000000e-02
    200000    14.00000000   6.6982000000e-02
    200000    16.00000000   8.8896000000e-02
    200000    18.00000000   1.1340600000e-01
    200000    20.00000000   1.4039100000e-01
    200000    22.00000000   1.6972100000e-01
    200000    24.00000000   2.0125400000e-01
    200000    26.00000000   2.3483500000e-01
    200000    28.00000000   2.7030100000e-01
    200000    30.00000000   3.0748100000e-01
    200000    32.00000000   3.4619300000e-01
    200000    34.00000000   3.8624900000e-01
    200000    36.00000000   4.2745500000e-01
    200000    38.00000000   4.6961000000e-01
    200000    40.00000000   5.1251000000e-01
    200000    42.00000000   5.5594500000e-01
    200000    44.00000000   5.9970500000e-01
    200000    46.00000000   6.4357700000e-01
    200000    48.00000000   6.8734900000e-01
    200000    50.00000000   7.3080600000e-01
    200000    52.00000000   7.7374000000e-01
    200000    54.00000000   8.1593900000e-01
    200000    56.00000000   8.5720100000e-01
    200000    58.00000000   8.9732400000e-01
    200000    60.00000000   9.3611400000e-01
    200000    62.00000000   9.7338200000e-01
    200000    64.00000000   1.0089480000e+00
    200000    66.00000000   1.0426390000e+00
    200000    68.00000000   1.0742920000e+00
    200000    70.00000000   1.1037530000e+00
    200000    72.00000000   1.1308800000e+00
    200000    74.00000000   1.1555400000e+00
    200000    76.00000000   1.1776160000e+00
    200000    78.00000000   1.1969990000e+00
    200000    80.00000000   1.2135970000e+00
    200000    82.00000000   1.2273290000e+00
    200000    84.00000000   1.2381300000e+00
    200000    86.00000000   1.2459470000e+00
    200000    88.00000000   1.2507430000e+00
    200000    90.00000000   1.2524960000e+00
    250000   -90.00000000   1.2524960000e+00
    250000   -88.00000000   1.2525160000e+00
    250000   -86.00000000   1.2494910000e+00
    250000   -84.00000000   1.2434400000e+00
    250000   -82.00000000   1.2344000000e+00
    250000   -80.00000000   1.2224190000e+00
    250000   -78.00000000   1.2075620000e+00
    250000   -76.00000000   1.1899060000e+00
    250000   -74.00000000   1.1695430000e+00
    250000   -72.00000000   1.1465790000e+00
    250000   -70.00000000   1.1211290000e+00
    250000   -68.00000000   1.0933230000e+00
    250000   -66.00000000   1.0633030000e+00
    250000   -64.00000000   1.0312190000e+00
    250000   -62.00000000   9.9723300000e-01
    250000   -60.00000000   9.6151500000e-01
    250000   -58.00000000   9.2424500000e-01
    250000   -56.00000000   8.8560900000e-01
    250000   -54.00000000   8.4580000000e-01
    250000   -52.00000000   8.0501700000e-01
    250000   -50.00000000   7.6346200000e-01
    250000   -48.00000000   7.2134200000e-01
    250000   -46.00000000   6.7886800000e-01
    250000   -44.00000000   6.3624900000e-01
    250000   -42.00000000   5.9369900000e-01
    250000   -40.00000000   5.5142700000e-01
    250000   -38.00000000   5.0964300000e-01
    250000   -36.00000000   4.6855500000e-01
    250000   -34.00000000   4.2836700000e-01
    250000   -32.00000000   3.8927600000e-01
    250000   -30.00000000   3.5147700000e-01
    250000   -28.00000000   3.1515700000e-01
    250000   -26.00000000   2.8049600000e-01
    250000   -24.00000000   2.4766400000e-01
    250000   -22.00000000   2.1682500000e-01
    250000   -20.00000000   1.8813000000e-01
    250000   -18.00000000   1.6172200000e-01
    250000   -16.00000000   1.3773100000e-01
    250000   -14.00000000   1.1627500000e-01
    250000   -12.00000000   9.7461000000e-02
    250000   -10.00000000   8.1483000000e-02
    250000    -8.00000000   7.5836000000e-02
    250000    -6.00000000   4.7077000000e-02
    250000    -4.00000000   1.3740000000e-02
    250000    -2.00000000   1.0740000000e-02
    250000     0.00000000   8.2200000000e-03
    250000     2.00000000   9.0700000000e-03
    250000     4.00000000   1.0750000000e-02
    250000     6.00000000   1.0835000000e-02
    250000     8.00000000   2.6818000000e-02
    250000    10.00000000   1.5987000000e-02
    250000    12.00000000   3.0968000000e-02
    250000    14.00000000   5.0316000000e-02
    250000    16.00000000   7.2386000000e-02
    250000    18.00000000   9.7071000000e-02
    250000    20.00000000   1.2425100000e-01
    250000    22.00000000   1.5379600000e-01
    250000    24.00000000   1.8556300000e-01
    250000    26.00000000   2.1939700000e-01
    250000    28.00000000   2.5513600000e-01
    250000    30.00000000   2.9260600000e-01
    250000    32.00000000   3.3162700000e-01
    250000    34.00000000   3.7201000000e-01
    250000    36.00000000   4.1356000000e-01
    250000    38.00000000   4.5607600000e-01
    250000    40.00000000   4.9935200000e-01
    250000    42.00000000   5.4318100000e-01
    250000    44.00000000   5.8735000000e-01
    250000    46.00000000   6.3164600000e-01
    250000    48.00000000   6.7585600000e-01
    250000    50.00000000   7.1976600000e-01
    250000    52.00000000   7.6316500000e-01
    250000    54.00000000   8.0584400000e-01
    250000    56.00000000   8.4759600000e-01
    250000    58.00000000   8.8822200000e-01
    250000    60.00000000   9.2752600000e-01
    250000    62.00000000   9.6531900000e-01
    250000    64.00000000   1.0014190000e+00
    250000    66.00000000   1.0356530000e+00
    250000    68.00000000   1.0678580000e+00
    250000    70.00000000   1.0978790000e+00
    250000    72.00000000   1.1255720000e+00
    250000    74.00000000   1.1508060000e+00
    250000    76.00000000   1.1734610000e+00
    250000    78.00000000   1.1934280000e+00
    250000    80.00000000   1.2106150000e+00
    250000    82.00000000   1.2249390000e+00
    250000    84.00000000   1.2363350000e+00
    250000    86.00000000   1.2447490000e+00
    250000    88.00000000   1.2501440000e+00
    250000    90.00000000   1.2524960000e+00
     50000   -90.00000000   1.2524960000e+00
     50000   -88.00000000   1.2531930000e+00
     50000   -86.00000000   1.2508430000e+00
     50000   -84.00000000   1.2454670000e+00
     50000   -82.00000000   1.2370990000e+00
     50000   -80.00000000   1.2257860000e+00
     50000   -78.00000000   1.2115930000e+00
     50000   -76.00000000   1.1945970000e+00
     50000   -74.00000000   1.1748890000e+00
     50000   -72.00000000   1.1525710000e+00
     50000   -70.00000000   1.1277610000e+00
     50000   -68.00000000   1.1005870000e+00
     50000   -66.00000000   1.0711900000e+00
     50000   -64.00000000   1.0397190000e+00
     50000   -62.00000000   1.0063370000e+00
     50000   -60.00000000   9.7121100000e-01
     50000   -58.00000000   9.3452100000e-01
     50000   -56.00000000   8.9645300000e-01
     50000   -54.00000000   8.5719800000e-01
     50000   -52.00000000   8.1695500000e-01
     50000   -50.00000000   7.7592600000e-01
     50000   -48.00000000   7.3431800000e-01
     50000   -46.00000000   6.9233800000e-01
     50000   -44.00000000   6.5019900000e-01
     50000   -42.00000000   6.0810900000e-01
     50000   -40.00000000   5.6628200000e-01
     50000   -38.00000000   5.2492400000e-01
     50000   -36.00000000   4.8424400000e-01
     50000   -34.00000000   4.4444300000e-01
     50000   -32.00000000   4.0572100000e-01
     50000   -30.00000000   3.6827100000e-01
     50000   -28.00000000   3.3227900000e-01
     50000   -26.00000000   2.9792500000e-01
     50000   -24.00000000   2.6537900000e-01
     50000   -22.00000000   2.3480400000e-01
     50000   -20.00000000   2.0635200000e-01
     50000   -18.00000000   1.8016400000e-01
     50000   -16.00000000   1.5637100000e-01
     50000   -14.00000000   1.3509100000e-01
     50000   -12.00000000   1.1642900000e-01
     50000   -10.00000000   1.0047800000e-01
     50000    -8.00000000   8.8121000000e-02
     50000    -6.00000000   7.8627000000e-02
     50000    -4.00000000   4.2646000000e-02
     50000    -2.00000000   2.8930000000e-02
     50000     0.00000000   2.7600000000e-02
     50000     2.00000000   3.4910000000e-02
     50000     4.00000000   4.1510000000e-02
     50000     6.00000000   4.1315000000e-02
     50000     8.00000000   2.1449000000e-02
     50000    10.00000000   3.2585000000e-02
     50000    12.00000000   4.6544000000e-02
     50000    14.00000000   6.5767000000e-02
     50000    16.00000000   8.7693000000e-02
     50000    18.00000000   1.1221600000e-01
     50000    20.00000000   1.3921500000e-01
     50000    22.00000000   1.6856100000e-01
     50000    24.00000000   2.0011100000e-01
     50000    26.00000000   2.3371000000e-01
     50000    28.00000000   2.6919600000e-01
     50000    30.00000000   3.0639700000e-01
     50000    32.00000000   3.4513200000e-01
     50000    34.00000000   3.8521200000e-01
     50000    36.00000000   4.2644300000e-01
     50000    38.00000000   4.6862400000e-01
     50000    40.00000000   5.1155100000e-01
     50000    42.00000000   5.5501500000e-01
     50000    44.00000000   5.9880500000e-01
     50000    46.00000000   6.4270800000e-01
     50000    48.00000000   6.8651100000e-01
     50000    50.00000000   7.3000200000e-01
     50000    52.00000000   7.7296900000e-01
     50000    54.00000000   8.1520400000e-01
     50000    56.00000000   8.5650100000e-01
     50000    58.00000000   8.9666100000e-01
     50000    60.00000000   9.3548800000e-01
     50000    62.00000000   9.7279500000e-01
     50000    64.00000000   1.0084000000e+00
     50000    66.00000000   1.0421300000e+00
     50000    68.00000000   1.0738230000e+00
     50000    70.00000000   1.1033250000e+00
     50000    72.00000000   1.1304930000e+00
     50000    74.00000000   1.1551950000e+00
     50000    76.00000000   1.1773130000e+00
     50000    78.00000000   1.1967390000e+00
     50000    80.00000000   1.2133800000e+00
     50000    82.00000000   1.2271550000e+00
     50000    84.00000000   1.2379990000e+00
     50000    86.00000000   1.2458600000e+00
     50000    88.00000000   1.2506990000e+00
     50000    90.00000000   1.2524960000e+00
    100000   -90.00000000   1.2524960000e+00
    100000   -88.00000000   1.2530020000e+00
    100000   -86.00000000   1.2504610000e+00
    100000   -84.00000000   1.2448940000e+00
    100000   -82.00000000   1.2363360000e+00
    100000   -80.00000000   1.2248350000e+00
    100000   -78.00000000   1.2104540000e+00
    100000   -76.00000000   1.1932710000e+00
    100000   -74.00000000   1.1733780000e+00
    100000   -72.00000000   1.1508770000e+00
    100000   -70.00000000   1.1258870000e+00
    100000   -68.00000000   1.0985340000e+00
    100000   -66.00000000   1.0689610000e+00
    100000   -64.00000000   1.0373170000e+00
    100000   -62.00000000   1.0037640000e+00
    100000   -60.00000000   9.6847100000e-01
    100000   -58.00000000   9.3161700000e-01
    100000   -56.00000000   8.9338800000e-01
    100000   -54.00000000   8.5397700000e-01
    100000   -52.00000000   8.1358100000e-01
    100000   -50.00000000   7.7240400000e-01
    100000   -48.00000000   7.3065100000e-01
    100000   -46.00000000   6.8853100000e-01
    100000   -44.00000000   6.4625600000e-01
    100000   -42.00000000   6.0403700000e-01
    100000   -40.00000000   5.6208300000e-01
    100000   -38.00000000   5.2060500000e-01
    100000   -36.00000000   4.7981000000e-01
    100000   -34.00000000   4.3990000000e-01
    100000   -32.00000000   4.0107300000e-01
    100000   -30.00000000   3.6352500000e-01
    100000   -28.00000000   3.2744000000e-01
    100000   -26.00000000   2.9299900000e-01
    100000   -24.00000000   2.6037300000e-01
    100000   -22.00000000   2.2972300000e-01
    100000   -20.00000000   2.0120200000e-01
    100000   -18.00000000   1.7495200000e-01
    100000   -16.00000000   1.5110300000e-01
    100000   -14.00000000   1.2977300000e-01
    100000   -12.00000000   1.1106800000e-01
    100000   -10.00000000   9.5292000000e-02
    100000    -8.00000000   8.3830000000e-02
    100000    -6.00000000   6.7798000000e-02
    100000    -4.00000000   2.1720000000e-02
    100000    -2.00000000   2.0870000000e-02
    100000     0.00000000   1.7450000000e-02
    100000     2.00000000   1.6780000000e-02
    100000     4.00000000   1.6940000000e-02
    100000     6.00000000   1.8537000000e-02
    100000     8.00000000   2.9874000000e-02
    100000    10.00000000   5.3483000000e-02
    100000    12.00000000   6.8919000000e-02
    100000    14.00000000   8.7962000000e-02
    100000    16.00000000   1.0968200000e-01
    100000    18.00000000   1.3397100000e-01
    100000    20.00000000   1.6071000000e-01
    100000    22.00000000   1.8977000000e-01
    100000    24.00000000   2.2100700000e-01
    100000    26.00000000   2.5427000000e-01
    100000    28.00000000   2.8939300000e-01
    100000    30.00000000   3.2620700000e-01
    100000    32.00000000   3.6453100000e-01
    100000    34.00000000   4.0417600000e-01
    100000    36.00000000   4.4494900000e-01
    100000    38.00000000   4.8665000000e-01
    100000    40.00000000   5.2907400000e-01
    100000    42.00000000   5.7201400000e-01
    100000    44.00000000   6.1526000000e-01
    100000    46.00000000   6.5859800000e-01
    100000    48.00000000   7.0181700000e-01
    100000    50.00000000   7.4470600000e-01
    100000    52.00000000   7.8705200000e-01
    100000    54.00000000   8.2864900000e-01
    100000    56.00000000   8.6929300000e-01
    100000    58.00000000   9.0878300000e-01
    100000    60.00000000   9.4692600000e-01
    100000    62.00000000   9.8353400000e-01
    100000    64.00000000   1.0184270000e+00
    100000    66.00000000   1.0514340000e+00
    100000    68.00000000   1.0823920000e+00
    100000    70.00000000   1.1111490000e+00
    100000    72.00000000   1.1375620000e+00
    100000    74.00000000   1.1615010000e+00
    100000    76.00000000   1.1828470000e+00
    100000    78.00000000   1.2014950000e+00
    100000    80.00000000   1.2173520000e+00
    100000    82.00000000   1.2303390000e+00
    100000    84.00000000   1.2403900000e+00
    100000    86.00000000   1.2474550000e+00
    100000    88.00000000   1.2514980000e+00
    100000    90.00000000   1.2524960000e+00
    150000   -90.00000000   1.2524960000e+00
    150000   -88.00000000   1.2526140000e+00
    150000   -86.00000000   1.2496870000e+00
    150000   -84.00000000   1.2437350000e+00
    150000   -82.00000000   1.2347920000e+00
    150000   -80.00000000   1.2229080000e+00
    150000   -78.00000000   1.2081470000e+00
    150000   -76.00000000   1.1905870000e+00
    150000   -74.00000000   1.1703200000e+00
    150000   -72.00000000   1.1474490000e+00
    150000   -70.00000000   1.1220920000e+00
    150000   -68.00000000   1.0943780000e+00
    150000   -66.00000000   1.0644480000e+00
    150000   -64.00000000   1.0324530000e+00
    150000   -62.00000000   9.9855500000e-01
    150000   -60.00000000   9.6292300000e-01
    150000   -58.00000000   9.2573800000e-01
    150000   -56.00000000   8.8718400000e-01
    150000   -54.00000000   8.4745600000e-01
    150000   -52.00000000   8.0675100000e-01
    150000   -50.00000000   7.6527200000e-01
    150000   -48.00000000   7.2322700000e-01
    150000   -46.00000000   6.8082400000e-01
    150000   -44.00000000   6.3827500000e-01
    150000   -42.00000000   5.9579200000e-01
    150000   -40.00000000   5.5358400000e-01
    150000   -38.00000000   5.1186300000e-01
    150000   -36.00000000   4.7083400000e-01
    150000   -34.00000000   4.3070200000e-01
    150000   -32.00000000   3.9166500000e-01
    150000   -30.00000000   3.5391600000e-01
    150000   -28.00000000   3.1764400000e-01
    150000   -26.00000000   2.8302700000e-01
    150000   -24.00000000   2.5023700000e-01
    150000   -22.00000000   2.1943600000e-01
    150000   -20.00000000   1.9077700000e-01
    150000   -18.00000000   1.6440000000e-01
    150000   -16.00000000   1.4043800000e-01
    150000   -14.00000000   1.1900800000e-01
    150000   -12.00000000   1.0021600000e-01
    150000   -10.00000000   8.4155000000e-02
    150000    -8.00000000   7.2813000000e-02
    150000    -6.00000000   6.0530000000e-02
    150000    -4.00000000   2.1886000000e-02
    150000    -2.00000000   1.5230000000e-02
    150000     0.00000000   1.1830000000e-02
    150000     2.00000000   1.1960000000e-02
    150000     4.00000000   1.2950000000e-02
    150000     6.00000000   1.2516000000e-02
    150000     8.00000000   2.6922000000e-02
    150000    10.00000000   2.4105000000e-02
    150000    12.00000000   3.9482000000e-02
    150000    14.00000000   5.8762000000e-02
    150000    16.00000000   8.0753000000e-02
    150000    18.00000000   1.0534900000e-01
    150000    20.00000000   1.3243100000e-01
    150000    22.00000000   1.6186700000e-01
    150000    24.00000000   1.9351500000e-01
    150000    26.00000000   2.2722100000e-01
    150000    28.00000000   2.6282200000e-01
    150000    30.00000000   3.0014500000e-01
    150000    32.00000000   3.3900900000e-01
    150000    34.00000000   3.7922600000e-01
    150000    36.00000000   4.2060200000e-01
    150000    38.00000000   4.6293500000e-01
    150000    40.00000000   5.0602000000e-01
    150000    42.00000000   5.4965000000e-01
    150000    44.00000000   5.9361100000e-01
    150000    46.00000000   6.3769300000e-01
    150000    48.00000000   6.8168000000e-01
    150000    50.00000000   7.2536100000e-01
    150000    52.00000000   7.6852400000e-01
    150000    54.00000000   8.1096000000e-01
    150000    56.00000000   8.5246400000e-01
    150000    58.00000000   8.9283500000e-01
    150000    60.00000000   9.3187800000e-01
    150000    62.00000000   9.6940500000e-01
    150000    64.00000000   1.0052350000e+00
    150000    66.00000000   1.0391940000e+00
    150000    68.00000000   1.0711190000e+00
    150000    70.00000000   1.1008560000e+00
    150000    72.00000000   1.1282620000e+00
    150000    74.00000000   1.1532050000e+00
    150000    76.00000000   1.1755660000e+00
    150000    78.00000000   1.1952380000e+00
    150000    80.00000000   1.2121260000e+00
    150000    82.00000000   1.2261500000e+00
    150000    84.00000000   1.2372440000e+00
    150000    86.00000000   1.2453560000e+00
    150000    88.00000000   1.2504470000e+00
    150000    90.00000000   1.2524960000e+00
    200000   -90.00000000   1.2524960000e+00
    200000   -88.00000000   1.2522760000e+00
    200000   -86.00000000   1.2490100000e+00
    200000   -84.00000000   1.2427200000e+00
    200000   -82.00000000   1.2334410000e+00
    200000   -80.00000000   1.2212220000e+00
    200000   -78.00000000   1.2061290000e+00
    200000   -76.00000000   1.1882390000e+00
    200000   -74.00000000   1.1676440000e+00
    200000   -72.00000000   1.1444490000e+00
    200000   -70.00000000   1.1187720000e+00
    200000   -68.00000000   1.0907420000e+00
    200000   -66.00000000   1.0605000000e+00
    200000   -64.00000000   1.0281980000e+00
    200000   -62.00000000   9.9399800000e-01
    200000   -60.00000000   9.5807000000e-01
    200000   -58.00000000   9.2059400000e-01
    200000   -56.00000000   8.8175600000e-01
    200000   -54.00000000   8.4175000000e-01
    200000   -52.00000000   8.0077400000e-01
    200000   -50.00000000   7.5903200000e-01
    200000   -48.00000000   7.1673100000e-01
    200000   -46.00000000   6.7408100000e-01
    200000   -44.00000000   6.3129300000e-01
    200000   -42.00000000   5.8857800000e-01
    200000   -40.00000000   5.4614800000e-01
    200000   -38.00000000   5.0421300000e-01
    200000   -36.00000000   4.6298100000e-01
    200000   -34.00000000   4.2265400000e-01
    200000   -32.00000000   3.8343200000e-01
    200000   -30.00000000   3.4551000000e-01
    200000   -28.00000000   3.0907300000e-01
    200000   -26.00000000   2.7430200000e-01
    200000   -24.00000000   2.4136900000e-01
    200000   -22.00000000   2.1043600000e-01
    200000   -20.00000000   1.8165500000e-01
    200000   -18.00000000   1.5516800000e-01
    200000   -16.00000000   1.3110700000e-01
    200000   -14.00000000   1.0958900000e-01
    200000   -12.00000000   9.0721000000e-02
    200000   -10.00000000   7.4595000000e-02
    200000    -8.00000000   6.9169000000e-02
    200000    -6.00000000   4.7386000000e-02
    200000    -4.00000000   1.6149000000e-02
    200000    -2.00000000   1.2320000000e-02
    200000     0.00000000   9.4200000000e-03
    200000     2.00000000   1.0060000000e-02
    200000     4.00000000   1.1540000000e-02
    200000     6.00000000   1.3926000000e-02
    200000     8.00000000   1.9850000000e-02
    200000    10.00000000   3.2380000000e-02
    200000    12.00000000   4.9786000000e-02
    200000    14.00000000   6.8983000000e-02
    200000    16.00000000   9.0879000000e-02
    200000    18.00000000   1.1536800000e-01
    200000    20.00000000   1.4233000000e-01
    200000    22.00000000   1.7163400000e-01
    200000    24.00000000   2.0313800000e-01
    200000    26.00000000   2.3668900000e-01
    200000    28.00000000   2.7212300000e-01
    200000    30.00000000   3.0926700000e-01
    200000    32.00000000   3.4794200000e-01
    200000    34.00000000   3.8796000000e-01
    200000    36.00000000   4.2912400000e-01
    200000    38.00000000   4.7123600000e-01
    200000    40.00000000   5.1409000000e-01
    200000    42.00000000   5.5747800000e-01
    200000    44.00000000   6.0118900000e-01
    200000    46.00000000   6.4501000000e-01
    200000    48.00000000   6.8872900000e-01
    200000    50.00000000   7.3213200000e-01
    200000    52.00000000   7.7500900000e-01
    200000    54.00000000   8.1715200000e-01
    200000    56.00000000   8.5835400000e-01
    200000    58.00000000   8.9841700000e-01
    200000    60.00000000   9.3714500000e-01
    200000    62.00000000   9.7435100000e-01
    200000    64.00000000   1.0098530000e+00
    200000    66.00000000   1.0434780000e+00
    200000    68.00000000   1.0750650000e+00
    200000    70.00000000   1.1044590000e+00
    200000    72.00000000   1.1315170000e+00
    200000    74.00000000   1.1561090000e+00
    200000    76.00000000   1.1781150000e+00
    200000    78.00000000   1.1974280000e+00
    200000    80.00000000   1.2139550000e+00
    200000    82.00000000   1.2276160000e+00
    200000    84.00000000   1.2383450000e+00
    200000    86.00000000   1.2460910000e+00
    200000    88.00000000   1.2508150000e+00
    200000    90.00000000   1.2524960000e+00
    250000   -90.00000000   1.2524960000e+00
    250000   -88.00000000   1.2530380000e+00
    250000   -86.00000000   1.2505350000e+00
    250000   -84.00000000   1.2450050000e+00
    250000   -82.00000000   1.2364830000e+00
    250000   -80.00000000   1.2250180000e+00
    250000   -78.00000000   1.2106740000e+00
    250000   -76.00000000   1.1935280000e+00
    250000   -74.00000000   1.1736700000e+00
    250000   -72.00000000   1.1512040000e+00
    250000   -70.00000000   1.1262490000e+00
    250000   -68.00000000   1.0989310000e+00
    250000   -66.00000000   1.0693910000e+00
    250000   -64.00000000   1.0377810000e+00
    250000   -62.00000000   1.0042610000e+00
    250000   -60.00000000   9.6900000000e-01
    250000   -58.00000000   9.3217800000e-01
    250000   -56.00000000   8.9398000000e-01
    250000   -54.00000000   8.5459900000e-01
    250000   -52.00000000   8.1423300000e-01
    250000   -50.00000000   7.7308400000e-01
    250000   -48.00000000   7.3135900000e-01
    250000   -46.00000000   6.8926700000e-01
    250000   -44.00000000   6.4701800000e-01
    250000   -42.00000000   6.0482300000e-01
    250000   -40.00000000   5.6289400000e-01
    250000   -38.00000000   5.2143900000e-01
    250000   -36.00000000   4.8066600000e-01
    250000   -34.00000000   4.4077700000e-01
    250000   -32.00000000   4.0197100000e-01
    250000   -30.00000000   3.6444100000e-01
    250000   -28.00000000   3.2837500000e-01
    250000   -26.00000000   2.9395000000e-01
    250000   -24.00000000   2.6134000000e-01
    250000   -22.00000000   2.3070400000e-01
    250000   -20.00000000   2.0219700000e-01
    250000   -18.00000000   1.7595900000e-01
    250000   -16.00000000   1.5212000000e-01
    250000   -14.00000000   1.3080000000e-01
    250000   -12.00000000   1.1210300000e-01
    250000   -10.00000000   9.6259000000e-02
    250000    -8.00000000   8.7650000000e-02
    250000    -6.00000000   4.5109000000e-02
    250000    -4.00000000   1.3750000000e-02
    250000    -2.00000000   1.0740000000e-02
    250000     0.00000000   8.2200000000e-03
    250000     2.00000000   9.0700000000e-03
    250000     4.00000000   1.0750000000e-02
    250000     6.00000000   1.4411000000e-02
    250000     8.00000000   2.0026000000e-02
    250000    10.00000000   3.1656000000e-02
    250000    12.00000000   4.9409000000e-02
    250000    14.00000000   6.8608000000e-02
    250000    16.00000000   9.0508000000e-02
    250000    18.00000000   1.1500000000e-01
    250000    20.00000000   1.4196700000e-01
    250000    22.00000000   1.7127600000e-01
    250000    24.00000000   2.0278600000e-01
    250000    26.00000000   2.3634200000e-01
    250000    28.00000000   2.7178200000e-01
    250000    30.00000000   3.0893300000e-01
    250000    32.00000000   3.4761500000e-01
    250000    34.00000000   3.8764000000e-01
    250000    36.00000000   4.2881200000e-01
    250000    38.00000000   4.7093200000e-01
    250000    40.00000000   5.1379400000e-01
    250000    42.00000000   5.5719100000e-01
    250000    44.00000000   6.0091100000e-01
    250000    46.00000000   6.4474200000e-01
    250000    48.00000000   6.8847100000e-01
    250000    50.00000000   7.3188400000e-01
    250000    52.00000000   7.7477200000e-01
    250000    54.00000000   8.1692500000e-01
    250000    56.00000000   8.5813900000e-01
    250000    58.00000000   8.9821300000e-01
    250000    60.00000000   9.3695200000e-01
    250000    62.00000000   9.7417000000e-01
    250000    64.00000000   1.0096830000e+00
    250000    66.00000000   1.0433210000e+00
    250000    68.00000000   1.0749200000e+00
    250000    70.00000000   1.1043270000e+00
    250000    72.00000000   1.1313980000e+00
    250000    74.00000000   1.1560030000e+00
    250000    76.00000000   1.1780210000e+00
    250000    78.00000000   1.1973480000e+00
    250000    80.00000000   1.2138880000e+00
    250000    82.00000000   1.2275630000e+00
    250000    84.00000000   1.2383050000e+00
    250000    86.00000000   1.2460640000e+00
    250000    88.00000000   1.2508020000e+00
    250000    90.00000000   1.2524960000e+00
     50000   -90.00000000   1.2524960000e+00
     50000   -88.00000000   1.2532590000e+00
     50000   -86.00000000   1.2509760000e+00
     50000   -84.00000000   1.2456650000e+00
     50000   -82.00000000   1.2373630000e+00
     50000   -80.00000000   1.2261160000e+00
     50000   -78.00000000   1.2119880000e+00
     50000   -76.00000000   1.1950560000e+00
     50000   -74.00000000   1.1754110000e+00
     50000   -72.00000000   1.1531570000e+00
     50000   -70.00000000   1.1284100000e+00
     50000   -68.00000000   1.1012980000e+00
     50000   -66.00000000   1.0719620000e+00
     50000   -64.00000000   1.0405510000e+00
     50000   -62.00000000   1.0072270000e+00
     50000   -60.00000000   9.7216000000e-01
     50000   -58.00000000   9.3552700000e-01
     50000   -56.00000000   8.9751400000e-01
     50000   -54.00000000   8.5831300000e-01
     50000   -52.00000000   8.1812300000e-01
     50000   -50.00000000   7.7714600000e-01
     50000   -48.00000000   7.3558700000e-01
     50000   -46.00000000   6.9365600000e-01
     50000   -44.00000000   6.5156300000e-01
     50000   -42.00000000   6.0951900000e-01
     50000   -40.00000000   5.6773500000e-01
     50000   -38.00000000   5.2641900000e-01
     50000   -36.00000000   4.8577800000e-01
     50000   -34.00000000   4.4601600000e-01
     50000   -32.00000000   4.0733000000e-01
     50000   -30.00000000   3.6991400000e-01
     50000   -28.00000000   3.3395400000e-01
     50000   -26.00000000   2.9963000000e-01
     50000   -24.00000000   2.6711200000e-01
     50000   -22.00000000   2.3656300000e-01
     50000   -20.00000000   2.0813500000e-01
     50000   -18.00000000   1.8196800000e-01
     50000   -16.00000000   1.5819400000e-01
     50000   -14.00000000   1.3693100000e-01
     50000   -12.00000000   1.1828400000e-01
     50000   -10.00000000   1.0234600000e-01
     50000    -8.00000000   9.1081000000e-02
     50000    -6.00000000   7.7727000000e-02
     50000    -4.00000000   4.0502000000e-02
     50000    -2.00000000   2.8950000000e-02
     50000     0.00000000   2.7630000000e-02
     50000     2.00000000   3.4930000000e-02
     50000     4.00000000   4.1530000000e-02
     50000     6.00000000   4.2519000000e-02
     50000     8.00000000   3.7163000000e-02
     50000    10.00000000   4.2615000000e-02
     50000    12.00000000   5.6327000000e-02
     50000    14.00000000   7.5472000000e-02
     50000    16.00000000   9.7307000000e-02
     50000    18.00000000   1.2172700000e-01
     50000    20.00000000   1.4861400000e-01
     50000    22.00000000   1.7783400000e-01
     50000    24.00000000   2.0924700000e-01
     50000    26.00000000   2.4269900000e-01
     50000    28.00000000   2.7802700000e-01
     50000    30.00000000   3.1505900000e-01
     50000    32.00000000   3.5361400000e-01
     50000    34.00000000   3.9350300000e-01
     50000    36.00000000   4.3453400000e-01
     50000    38.00000000   4.7650500000e-01
     50000    40.00000000   5.1921300000e-01
     50000    42.00000000   5.6244700000e-01
     50000    44.00000000   6.0599900000e-01
     50000    46.00000000   6.4965600000e-01
     50000    48.00000000   6.9320400000e-01
     50000    50.00000000   7.3643100000e-01
     50000    52.00000000   7.7912700000e-01
     50000    54.00000000   8.2108200000e-01
     50000    56.00000000   8.6209400000e-01
     50000    58.00000000   9.0196100000e-01
     50000    60.00000000   9.4048900000e-01
     50000    62.00000000   9.7749000000e-01
     50000    64.00000000   1.0127840000e+00
     50000    66.00000000   1.0461980000e+00
     50000    68.00000000   1.0775700000e+00
     50000    70.00000000   1.1067460000e+00
     50000    72.00000000   1.1335840000e+00
     50000    74.00000000   1.1579520000e+00
     50000    76.00000000   1.1797330000e+00
     50000    78.00000000   1.1988180000e+00
     50000    80.00000000   1.2151170000e+00
     50000    82.00000000   1.2285470000e+00
     50000    84.00000000   1.2390440000e+00
     50000    86.00000000   1.2465570000e+00
     50000    88.00000000   1.2510480000e+00
     50000    90.00000000   1.2524960000e+00
    100000   -90.00000000   1.2524960000e+00
    100000   -88.00000000   1.2535850000e+00
    100000   -86.00000000   1.2516260000e+00
    100000   -84.00000000   1.2466400000e+00
    100000   -82.00000000   1.2386600000e+00
    100000   -80.00000000   1.2277350000e+00
    100000   -78.00000000   1.2139270000e+00
    100000   -76.00000000   1.1973120000e+00
    100000   -74.00000000   1.1779820000e+00
    100000   -72.00000000   1.1560390000e+00
    100000   -70.00000000   1.1316000000e+00
    100000   -68.00000000   1.1047920000e+00
    100000   -66.00000000   1.0757550000e+00
    100000   -64.00000000   1.0446390000e+00
    100000   -62.00000000   1.0116050000e+00
    100000   -60.00000000   9.7682300000e-01
    100000   -58.00000000   9.4046900000e-01
    100000   -56.00000000   9.0272900000e-01
    100000   -54.00000000   8.6379500000e-01
    100000   -52.00000000   8.2386500000e-01
    100000   -50.00000000   7.8314000000e-01
    100000   -48.00000000   7.4182800000e-01
    100000   -46.00000000   7.0013500000e-01
    100000   -44.00000000   6.5827200000e-01
    100000   -42.00000000   6.1645000000e-01
    100000   -40.00000000   5.7487900000e-01
    100000   -38.00000000   5.3376800000e-01
    100000   -36.00000000   4.9332300000e-01
    100000   -34.00000000   4.5374700000e-01
    100000   -32.00000000   4.1523900000e-01
    100000   -30.00000000   3.7799000000e-01
    100000   -28.00000000   3.4218900000e-01
    100000   -26.00000000   3.0801200000e-01
    100000   -24.00000000   2.7563200000e-01
    100000   -22.00000000   2.4521000000e-01
    100000   -20.00000000   2.1689800000e-01
    100000   -18.00000000   1.9083800000e-01
    100000   -16.00000000   1.6715900000e-01
    100000   -14.00000000   1.4598000000e-01
    100000   -12.00000000   1.2740700000e-01
    100000   -10.00000000   1.1163900000e-01
    100000    -8.00000000   9.8520000000e-02
    100000    -6.00000000   6.4698000000e-02
    100000    -4.00000000   2.2670000000e-02
    100000    -2.00000000   2.0880000000e-02
    100000     0.00000000   1.7470000000e-02
    100000     2.00000000   1.6790000000e-02
    100000     4.00000000   1.6940000000e-02
    100000     6.00000000   1.8219000000e-02
    100000     8.00000000   2.8318000000e-02
    100000    10.00000000   4.9247000000e-02
    100000    12.00000000   6.4908000000e-02
    100000    14.00000000   8.3984000000e-02
    100000    16.00000000   1.0574000000e-01
    100000    18.00000000   1.3007100000e-01
    100000    20.00000000   1.5685700000e-01
    100000    22.00000000   1.8596800000e-01
    100000    24.00000000   2.1726200000e-01
    100000    26.00000000   2.5058400000e-01
    100000    28.00000000   2.8577300000e-01
    100000    30.00000000   3.2265600000e-01
    100000    32.00000000   3.6105300000e-01
    100000    34.00000000   4.0077600000e-01
    100000    36.00000000   4.4163100000e-01
    100000    38.00000000   4.8341800000e-01
    100000    40.00000000   5.2593300000e-01
    100000    42.00000000   5.6896700000e-01
    100000    44.00000000   6.1231000000e-01
    100000    46.00000000   6.5575000000e-01
    100000    48.00000000   6.9907400000e-01
    100000    50.00000000   7.4207000000e-01
    100000    52.00000000   7.8452800000e-01
    100000    54.00000000   8.2623900000e-01
    100000    56.00000000   8.6700000000e-01
    100000    58.00000000   9.0661000000e-01
    100000    60.00000000   9.4487500000e-01
    100000    62.00000000   9.8160900000e-01
    100000    64.00000000   1.0166300000e+00
    100000    66.00000000   1.0497670000e+00
    100000    68.00000000   1.0808560000e+00
    100000    70.00000000   1.1097460000e+00
    100000    72.00000000   1.1362950000e+00
    100000    74.00000000   1.1603700000e+00
    100000    76.00000000   1.1818550000e+00
    100000    78.00000000   1.2006420000e+00
    100000    80.00000000   1.2166400000e+00
    100000    82.00000000   1.2297680000e+00
    100000    84.00000000   1.2399610000e+00
    100000    86.00000000   1.2471690000e+00
    100000    88.00000000   1.2513550000e+00
    100000    90.00000000   1.2524960000e+00
    150000   -90.00000000   1.2524960000e+00
    150000   -88.00000000   1.2527930000e+00
    150000   -86.00000000   1.2500440000e+00
    150000   -84.00000000   1.2442690000e+00
    150000   -82.00000000   1.2355030000e+00
    150000   -80.00000000   1.2237960000e+00
    150000   -78.00000000   1.2092100000e+00
    150000   -76.00000000   1.1918240000e+00
    150000   -74.00000000   1.1717290000e+00
    150000   -72.00000000   1.1490290000e+00
    150000   -70.00000000   1.1238410000e+00
    150000   -68.00000000   1.0962930000e+00
    150000   -66.00000000   1.0665280000e+00
    150000   -64.00000000   1.0346950000e+00
    150000   -62.00000000   1.0009550000e+00
    150000   -60.00000000   9.6548000000e-01
    150000   -58.00000000   9.2844700000e-01
    150000   -56.00000000   8.9004300000e-01
    150000   -54.00000000   8.5046100000e-01
    150000   -52.00000000   8.0989800000e-01
    150000   -50.00000000   7.6855800000e-01
    150000   -48.00000000   7.2664800000e-01
    150000   -46.00000000   6.8437600000e-01
    150000   -44.00000000   6.4195300000e-01
    150000   -42.00000000   5.9959100000e-01
    150000   -40.00000000   5.5750100000e-01
    150000   -38.00000000   5.1589100000e-01
    150000   -36.00000000   4.7497000000e-01
    150000   -34.00000000   4.3494000000e-01
    150000   -32.00000000   3.9600000000e-01
    150000   -30.00000000   3.5834400000e-01
    150000   -28.00000000   3.2215800000e-01
    150000   -26.00000000   2.8762200000e-01
    150000   -24.00000000   2.5490800000e-01
    150000   -22.00000000   2.2417700000e-01
    150000   -20.00000000   1.9558100000e-01
    150000   -18.00000000   1.6926300000e-01
    150000   -16.00000000   1.4535300000e-01
    150000   -14.00000000   1.2396900000e-01
    150000   -12.00000000   1.0521700000e-01
    150000   -10.00000000   8.9190000000e-02
    150000    -8.00000000   7.8246000000e-02
    150000    -6.00000000   6.1656000000e-02
    150000    -4.00000000   2.0310000000e-02
    150000    -2.00000000   1.5230000000e-02
    150000     0.00000000   1.1840000000e-02
    150000     2.00000000   1.1970000000e-02
    150000     4.00000000   1.2950000000e-02
    150000     6.00000000   1.4893000000e-02
    150000     8.00000000   2.2248000000e-02
    150000    10.00000000   3.3946000000e-02
    150000    12.00000000   5.1682000000e-02
    150000    14.00000000   7.0863000000e-02
    150000    16.00000000   9.2742000000e-02
    150000    18.00000000   1.1721100000e-01
    150000    20.00000000   1.4415100000e-01
    150000    22.00000000   1.7343100000e-01
    150000    24.00000000   2.0490900000e-01
    150000    26.00000000   2.3843100000e-01
    150000    28.00000000   2.7383400000e-01
    150000    30.00000000   3.1094600000e-01
    150000    32.00000000   3.4958600000e-01
    150000    34.00000000   3.8956600000e-01
    150000    36.00000000   4.3069200000e-01
    150000    38.00000000   4.7276300000e-01
    150000    40.00000000   5.1557500000e-01
    150000    42.00000000   5.5891800000e-01
    150000    44.00000000   6.0258300000e-01
    150000    46.00000000   6.4635700000e-01
    150000    48.00000000   6.9002600000e-01
    150000    50.00000000   7.3337800000e-01
    150000    52.00000000   7.7620300000e-01
    150000    54.00000000   8.1829100000e-01
    150000    56.00000000   8.5943800000e-01
    150000    58.00000000   8.9944400000e-01
    150000    60.00000000   9.3811400000e-01
    150000    62.00000000   9.7526100000e-01
    150000    64.00000000   1.0107020000e+00
    150000    66.00000000   1.0442670000e+00
    150000    68.00000000   1.0757910000e+00
    150000    70.00000000   1.1051220000e+00
    150000    72.00000000   1.1321160000e+00
    150000    74.00000000   1.1566430000e+00
    150000    76.00000000   1.1785840000e+00
    150000    78.00000000   1.1978310000e+00
    150000    80.00000000   1.2142920000e+00
    150000    82.00000000   1.2278860000e+00
    150000    84.00000000   1.2385480000e+00
    150000    86.00000000   1.2462260000e+00
    150000    88.00000000   1.2508830000e+00
    150000    90.00000000   1.2524960000e+00
    200000   -90.00000000   1.2524960000e+00
    200000   -88.00000000   1.2524930000e+00
    200000   -86.00000000   1.2494440000e+00
    200000   -84.00000000   1.2433700000e+00
    200000   -82.00000000   1.2343060000e+00
    200000   -80.00000000   1.2223020000e+00
    200000   -78.00000000   1.2074220000e+00
    200000   -76.00000000   1.1897430000e+00
    200000   -74.00000000   1.1693580000e+00
    200000   -72.00000000   1.1463700000e+00
    200000   -70.00000000   1.1208980000e+00
    200000   -68.00000000   1.0930710000e+00
    200000   -66.00000000   1.0630290000e+00
    200000   -64.00000000   1.0309230000e+00
    200000   -62.00000000   9.9691600000e-01
    200000   -60.00000000   9.6117800000e-01
    200000   -58.00000000   9.2388800000e-01
    200000   -56.00000000   8.8523300000e-01
    200000   -54.00000000   8.4540400000e-01
    200000   -52.00000000   8.0460200000e-01
    200000   -50.00000000   7.6302900000e-01
    200000   -48.00000000   7.2089100000e-01
    200000   -46.00000000   6.7840000000e-01
    200000   -44.00000000   6.3576500000e-01
    200000   -42.00000000   5.9319800000e-01
    200000   -40.00000000   5.5091100000e-01
    200000   -38.00000000   5.0911200000e-01
    200000   -36.00000000   4.6801000000e-01
    200000   -34.00000000   4.2780800000e-01
    200000   -32.00000000   3.8870500000e-01
    200000   -30.00000000   3.5089400000e-01
    200000   -28.00000000   3.1456200000e-01
    200000   -26.00000000   2.7989000000e-01
    200000   -24.00000000   2.4704900000e-01
    200000   -22.00000000   2.1620000000e-01
    200000   -20.00000000   1.8749700000e-01
    200000   -18.00000000   1.6108100000e-01
    200000   -16.00000000   1.3708300000e-01
    200000   -14.00000000   1.1562100000e-01
    200000   -12.00000000   9.6802000000e-02
    200000   -10.00000000   8.0718000000e-02
    200000    -8.00000000   7.4605000000e-02
    200000    -6.00000000   5.0438000000e-02
    200000    -4.00000000   1.5890000000e-02
    200000    -2.00000000   1.2320000000e-02
    200000     0.00000000   9.4700000000e-03
    200000     2.00000000   1.0060000000e-02
    200000     4.00000000   1.1540000000e-02
    200000     6.00000000   1.4065000000e-02
    200000     8.00000000   2.1425000000e-02
    200000    10.00000000   3.4950000000e-02
    200000    12.00000000   5.1984000000e-02
    200000    14.00000000   7.1163000000e-02
    200000    16.00000000   9.3039000000e-02
    200000    18.00000000   1.1750400000e-01
    200000    20.00000000   1.4444100000e-01
    200000    22.00000000   1.7371700000e-01
    200000    24.00000000   2.0519100000e-01
    200000    26.00000000   2.3870800000e-01
    200000    28.00000000   2.7410600000e-01
    200000    30.00000000   3.1121300000e-01
    200000    32.00000000   3.4984800000e-01
    200000    34.00000000   3.8982200000e-01
    200000    36.00000000   4.3094200000e-01
    200000    38.00000000   4.7300600000e-01
    200000    40.00000000   5.1581100000e-01
    200000    42.00000000   5.5914700000e-01
    200000    44.00000000   6.0280500000e-01
    200000    46.00000000   6.4657100000e-01
    200000    48.00000000   6.9023200000e-01
    200000    50.00000000   7.3357700000e-01
    200000    52.00000000   7.7639300000e-01
    200000    54.00000000   8.1847200000e-01
    200000    56.00000000   8.5961100000e-01
    200000    58.00000000   8.9960800000e-01
    200000    60.00000000   9.3826900000e-01
    200000    62.00000000   9.7540600000e-01
    200000    64.00000000   1.0108370000e+00
    200000    66.00000000   1.0443920000e+00
    200000    68.00000000   1.0759070000e+00
    200000    70.00000000   1.1052270000e+00
    200000    72.00000000   1.1322110000e+00
    200000    74.00000000   1.1567280000e+00
    200000    76.00000000   1.1786580000e+00
    200000    78.00000000   1.1978950000e+00
    200000    80.00000000   1.2143450000e+00
    200000    82.00000000   1.2279290000e+00
    200000    84.00000000   1.2385800000e+00
    200000    86.00000000   1.2462470000e+00
    200000    88.00000000   1.2508930000e+00
    200000    90.00000000   1.2524960000e+00
    250000   -90.00000000   1.2524960000e+00
    250000   -88.00000000   1.2525100000e+00
    250000   -86.00000000   1.2494790000e+00
    250000   -84.00000000   1.2434220000e+00
    250000   -82.00000000   1.2343760000e+00
    250000   -80.00000000   1.2223890000e+00
    250000   -78.00000000   1.2075260000e+00
    250000   -76.00000000   1.1898650000e+00
    250000   -74.00000000   1.1694970000e+00
    250000   -72.00000000   1.1465260000e+00
    250000   -70.00000000   1.1210710000e+00
    250000   -68.00000000   1.0932590000e+00
    250000   -66.00000000   1.0632340000e+00
    250000   -64.00000000   1.0311440000e+00
    250000   -62.00000000   9.9715300000e-01
    250000   -60.00000000   9.6143000000e-01
    250000   -58.00000000   9.2415500000e-01
    250000   -56.00000000   8.8551400000e-01
    250000   -54.00000000   8.4570000000e-01
    250000   -52.00000000   8.0491200000e-01
    250000   -50.00000000   7.6335200000e-01
    250000   -48.00000000   7.2122900000e-01
    250000   -46.00000000   6.7875000000e-01
    250000   -44.00000000   6.3612700000e-01
    250000   -42.00000000   5.9357200000e-01
    250000   -40.00000000   5.5129600000e-01
    250000   -38.00000000   5.0950900000e-01
    250000   -36.00000000   4.6841800000e-01
    250000   -34.00000000   4.2822600000e-01
    250000   -32.00000000   3.8913200000e-01
    250000   -30.00000000   3.5133000000e-01
    250000   -28.00000000   3.1500700000e-01
    250000   -26.00000000   2.8034300000e-01
    250000   -24.00000000   2.4750900000e-01
    250000   -22.00000000   2.1666700000e-01
    250000   -20.00000000   1.8797000000e-01
    250000   -18.00000000   1.6156000000e-01
    250000   -16.00000000   1.3756700000e-01
    250000   -14.00000000   1.1611000000e-01
    250000   -12.00000000   9.7295000000e-02
    250000   -10.00000000   8.3419000000e-02
    250000    -8.00000000   7.3382000000e-02
    250000    -6.00000000   4.5742000000e-02
    250000    -4.00000000   1.3750000000e-02
    250000    -2.00000000   1.0740000000e-02
    250000     0.00000000   8.1800000000e-03
    250000     2.00000000   9.0500000000e-03
    250000     4.00000000   1.0780000000e-02
    250000     6.00000000   1.4391000000e-02
    250000     8.00000000   2.0009000000e-02
    250000    10.00000000   3.1636000000e-02
    250000    12.00000000   4.9389000000e-02
    250000    14.00000000   6.8589000000e-02
    250000    16.00000000   9.0488000000e-02
    250000    18.00000000   1.1498100000e-01
    250000    20.00000000   1.4194800000e-01
    250000    22.00000000   1.7125700000e-01
    250000    24.00000000   2.0276700000e-01
    250000    26.00000000   2.3632400000e-01
    250000    28.00000000   2.7176400000e-01
    250000    30.00000000   3.0891600000e-01
    250000    32.00000000   3.4759800000e-01
    250000    34.00000000   3.8762300000e-01
    250000    36.00000000   4.2879500000e-01
    250000    38.00000000   4.7091600000e-01
    250000    40.00000000   5.1377900000e-01
    250000    42.00000000   5.5717600000e-01
    250000    44.00000000   6.0089700000e-01
    250000    46.00000000   6.4472800000e-01
    250000    48.00000000   6.8845700000e-01
    250000    50.00000000   7.3187100000e-01
    250000    52.00000000   7.7475900000e-01
    250000    54.00000000   8.1691300000e-01
    250000    56.00000000   8.5812700000e-01
    250000    58.00000000   8.9820200000e-01
    250000    60.00000000   9.3694200000e-01
    250000    62.00000000   9.7416000000e-01
    250000    64.00000000   1.0096750000e+00
    250000    66.00000000   1.0433130000e+00
    250000    68.00000000   1.0749130000e+00
    250000    70.00000000   1.1043200000e+00
    250000    72.00000000   1.1313920000e+00
    250000    74.00000000   1.1559970000e+00
    250000    76.00000000   1.1780170000e+00
    250000    78.00000000   1.1973440000e+00
    250000    80.00000000   1.2138850000e+00
    250000    82.00000000   1.2275600000e+00
    250000    84.00000000   1.2383030000e+00
    250000    86.00000000   1.2460620000e+00
    250000    88.00000000   1.2508010000e+00
    250000    90.00000000   1.2524960000e+00
     50000   -90.00000000   1.2524960000e+00
     50000   -88.00000000   1.2531950000e+00
     50000   -86.00000000   1.2508470000e+00
     50000   -84.00000000   1.2454730000e+00
     50000   -82.00000000   1.2371060000e+00
     50000   -80.00000000   1.2257960000e+00
     50000   -78.00000000   1.2116050000e+00
     50000   -76.00000000   1.1946110000e+00
     50000   -74.00000000   1.1749040000e+00
     50000   -72.00000000   1.1525880000e+00
     50000   -70.00000000   1.1277800000e+00
     50000   -68.00000000   1.1006080000e+00
     50000   -66.00000000   1.0712130000e+00
     50000   -64.00000000   1.0397440000e+00
     50000   -62.00000000   1.0063630000e+00
     50000   -60.00000000   9.7123900000e-01
     50000   -58.00000000   9.3455100000e-01
     50000   -56.00000000   8.9648400000e-01
     50000   -54.00000000   8.5723100000e-01
     50000   -52.00000000   8.1699000000e-01
     50000   -50.00000000   7.7596200000e-01
     50000   -48.00000000   7.3435500000e-01
     50000   -46.00000000   6.9237700000e-01
     50000   -44.00000000   6.5023900000e-01
     50000   -42.00000000   6.0815100000e-01
     50000   -40.00000000   5.6632400000e-01
     50000   -38.00000000   5.2496800000e-01
     50000   -36.00000000   4.8428900000e-01
     50000   -34.00000000   4.4448900000e-01
     50000   -32.00000000   4.0576900000e-01
     50000   -30.00000000   3.6831900000e-01
     50000   -28.00000000   3.3232900000e-01
     50000   -26.00000000   2.9797500000e-01
     50000   -24.00000000   2.6543000000e-01
     50000   -22.00000000   2.3485600000e-01
     50000   -20.00000000   2.0640500000e-01
     50000   -18.00000000   1.8021800000e-01
     50000   -16.00000000   1.5642500000e-01
     50000   -14.00000000   1.3514500000e-01
     50000   -12.00000000   1.1648300000e-01
     50000   -10.00000000   1.0053300000e-01
     50000    -8.00000000   8.9312000000e-02
     50000    -6.00000000   7.6037000000e-02
     50000    -4.00000000   4.0395000000e-02
     50000    -2.00000000   2.8970000000e-02
     50000     0.00000000   2.7650000000e-02
     50000     2.00000000   3.4950000000e-02
     50000     4.00000000   4.1540000000e-02
     50000     6.00000000   3.9304000000e-02
     50000     8.00000000   3.0780000000e-02
     50000    10.00000000   3.8020000000e-02
     50000    12.00000000   5.3531000000e-02
     50000    14.00000000   7.2698000000e-02
     50000    16.00000000   9.4560000000e-02
     50000    18.00000000   1.1900900000e-01
     50000    20.00000000   1.4592800000e-01
     50000    22.00000000   1.7518400000e-01
     50000    24.00000000   2.0663600000e-01
     50000    26.00000000   2.4013000000e-01
     50000    28.00000000   2.7550300000e-01
     50000    30.00000000   3.1258300000e-01
     50000    32.00000000   3.5119000000e-01
     50000    34.00000000   3.9113400000e-01
     50000    36.00000000   4.3222200000e-01
     50000    38.00000000   4.7425300000e-01
     50000    40.00000000   5.1702300000e-01
     50000    42.00000000   5.6032300000e-01
     50000    44.00000000   6.0394300000e-01
     50000    46.00000000   6.4767000000e-01
     50000    48.00000000   6.9129100000e-01
     50000    50.00000000   7.3459400000e-01
     50000    52.00000000   7.7736700000e-01
     50000    54.00000000   8.1940200000e-01
     50000    56.00000000   8.6049600000e-01
     50000    58.00000000   9.0044600000e-01
     50000    60.00000000   9.3906000000e-01
     50000    62.00000000   9.7614800000e-01
     50000    64.00000000   1.0115310000e+00
     50000    66.00000000   1.0450360000e+00
     50000    68.00000000   1.0764990000e+00
     50000    70.00000000   1.1057680000e+00
     50000    72.00000000   1.1327000000e+00
     50000    74.00000000   1.1571640000e+00
     50000    76.00000000   1.1790410000e+00
     50000    78.00000000   1.1982240000e+00
     50000    80.00000000   1.2146200000e+00
     50000    82.00000000   1.2281490000e+00
     50000    84.00000000   1.2387460000e+00
     50000    86.00000000   1.2463580000e+00
     50000    88.00000000   1.2509490000e+00
     50000    90.00000000   1.2524960000e+00
    100000   -90.00000000   1.2524960000e+00
    100000   -88.00000000   1.2529920000e+00
    100000   -86.00000000   1.2504410000e+00
    100000   -84.00000000   1.2448640000e+00
    100000   -82.00000000   1.2362960000e+00
    100000   -80.00000000   1.2247850000e+00
    100000   -78.00000000   1.2103940000e+00
    100000   -76.00000000   1.1932020000e+00
    100000   -74.00000000   1.1732990000e+00
    100000   -72.00000000   1.1507890000e+00
    100000   -70.00000000   1.1257890000e+00
    100000   -68.00000000   1.0984270000e+00
    100000   -66.00000000   1.0688440000e+00
    100000   -64.00000000   1.0371920000e+00
    100000   -62.00000000   1.0036290000e+00
    100000   -60.00000000   9.6832800000e-01
    100000   -58.00000000   9.3146600000e-01
    100000   -56.00000000   8.9322800000e-01
    100000   -54.00000000   8.5380900000e-01
    100000   -52.00000000   8.1340500000e-01
    100000   -50.00000000   7.7222000000e-01
    100000   -48.00000000   7.3045900000e-01
    100000   -46.00000000   6.8833200000e-01
    100000   -44.00000000   6.4605000000e-01
    100000   -42.00000000   6.0382400000e-01
    100000   -40.00000000   5.6186400000e-01
    100000   -38.00000000   5.2038000000e-01
    100000   -36.00000000   4.7957800000e-01
    100000   -34.00000000   4.3966200000e-01
    100000   -32.00000000   4.0083100000e-01
    100000   -30.00000000   3.6327700000e-01
    100000   -28.00000000   3.2718700000e-01
    100000   -26.00000000   2.9274200000e-01
    100000   -24.00000000   2.6011100000e-01
    100000   -22.00000000   2.2945800000e-01
    100000   -20.00000000   2.0093300000e-01
    100000   -18.00000000   1.7468000000e-01
    100000   -16.00000000   1.5082800000e-01
    100000   -14.00000000   1.2949500000e-01
    100000   -12.00000000   1.1078800000e-01
    100000   -10.00000000   9.4799000000e-02
    100000    -8.00000000   8.4107000000e-02
    100000    -6.00000000   6.8404000000e-02
    100000    -4.00000000   2.4980000000e-02
    100000    -2.00000000   2.0890000000e-02
    100000     0.00000000   1.7460000000e-02
    100000     2.00000000   1.6790000000e-02
    100000     4.00000000   1.6950000000e-02
    100000     6.00000000   1.8100000000e-02
    100000     8.00000000   2.6647000000e-02
    100000    10.00000000   6.3172000000e-02
    100000    12.00000000   8.3200000000e-02
    100000    14.00000000   1.0404800000e-01
    100000    16.00000000   1.2561800000e-01
    100000    18.00000000   1.4973700000e-01
    100000    20.00000000   1.7628900000e-01
    100000    22.00000000   2.0514100000e-01
    100000    24.00000000   2.3615200000e-01
    100000    26.00000000   2.6917000000e-01
    100000    28.00000000   3.0403100000e-01
    100000    30.00000000   3.4056400000e-01
    100000    32.00000000   3.7859000000e-01
    100000    34.00000000   4.1792000000e-01
    100000    36.00000000   4.5836100000e-01
    100000    38.00000000   4.9971300000e-01
    100000    40.00000000   5.4177400000e-01
    100000    42.00000000   5.8433400000e-01
    100000    44.00000000   6.2718500000e-01
    100000    46.00000000   6.7011400000e-01
    100000    48.00000000   7.1291000000e-01
    100000    50.00000000   7.5536200000e-01
    100000    52.00000000   7.9725900000e-01
    100000    54.00000000   8.3839400000e-01
    100000    56.00000000   8.7856300000e-01
    100000    58.00000000   9.1756800000e-01
    100000    60.00000000   9.5521500000e-01
    100000    62.00000000   9.9131700000e-01
    100000    64.00000000   1.0256950000e+00
    100000    66.00000000   1.0581770000e+00
    100000    68.00000000   1.0886030000e+00
    100000    70.00000000   1.1168190000e+00
    100000    72.00000000   1.1426850000e+00
    100000    74.00000000   1.1660700000e+00
    100000    76.00000000   1.1868580000e+00
    100000    78.00000000   1.2049420000e+00
    100000    80.00000000   1.2202310000e+00
    100000    82.00000000   1.2326460000e+00
    100000    84.00000000   1.2421230000e+00
    100000    86.00000000   1.2486120000e+00
    100000    88.00000000   1.2520760000e+00
    100000    90.00000000   1.2524960000e+00
    150000   -90.00000000   1.2524960000e+00
    150000   -88.00000000   1.2527790000e+00
    150000   -86.00000000   1.2500160000e+00
    150000   -84.00000000   1.2442270000e+00
    150000   -82.00000000   1.2354470000e+00
    150000   -80.00000000   1.2237260000e+00
    150000   -78.00000000   1.2091270000e+00
    150000   -76.00000000   1.1917270000e+00
    150000   -74.00000000   1.1716180000e+00
    150000   -72.00000000   1.1489050000e+00
    150000   -70.00000000   1.1237030000e+00
    150000   -68.00000000   1.0961430000e+00
    150000   -66.00000000   1.0663640000e+00
    150000   -64.00000000   1.0345190000e+00
    150000   -62.00000000   1.0007670000e+00
    150000   -60.00000000   9.6527900000e-01
    150000   -58.00000000   9.2823400000e-01
    150000   -56.00000000   8.8981900000e-01
    150000   -54.00000000   8.5022500000e-01
    150000   -52.00000000   8.0965100000e-01
    150000   -50.00000000   7.6830000000e-01
    150000   -48.00000000   7.2637900000e-01
    150000   -46.00000000   6.8409700000e-01
    150000   -44.00000000   6.4166400000e-01
    150000   -42.00000000   5.9929300000e-01
    150000   -40.00000000   5.5719300000e-01
    150000   -38.00000000   5.1557500000e-01
    150000   -36.00000000   4.7464500000e-01
    150000   -34.00000000   4.3460700000e-01
    150000   -32.00000000   3.9566000000e-01
    150000   -30.00000000   3.5799600000e-01
    150000   -28.00000000   3.2180400000e-01
    150000   -26.00000000   2.8726100000e-01
    150000   -24.00000000   2.5454100000e-01
    150000   -22.00000000   2.2380400000e-01
    150000   -20.00000000   1.9520300000e-01
    150000   -18.00000000   1.6888100000e-01
    150000   -16.00000000   1.4496600000e-01
    150000   -14.00000000   1.2357900000e-01
    150000   -12.00000000   1.0482400000e-01
    150000   -10.00000000   8.8794000000e-02
    150000    -8.00000000   8.1679000000e-02
    150000    -6.00000000   5.9359000000e-02
    150000    -4.00000000   1.9440000000e-02
    150000    -2.00000000   1.5020000000e-02
    150000     0.00000000   1.1840000000e-02
    150000     2.00000000   1.1970000000e-02
    150000     4.00000000   1.2960000000e-02
    150000     6.00000000   1.4933000000e-02
    150000     8.00000000   2.2074000000e-02
    150000    10.00000000   3.3099000000e-02
    150000    12.00000000   5.1121000000e-02
    150000    14.00000000   7.0308000000e-02
    150000    16.00000000   9.2191000000e-02
    150000    18.00000000   1.1666600000e-01
    150000    20.00000000   1.4361200000e-01
    150000    22.00000000   1.7290000000e-01
    150000    24.00000000   2.0438500000e-01
    150000    26.00000000   2.3791600000e-01
    150000    28.00000000   2.7332800000e-01
    150000    30.00000000   3.1045000000e-01
    150000    32.00000000   3.4910000000e-01
    150000    34.00000000   3.8909100000e-01
    150000    36.00000000   4.3022800000e-01
    150000    38.00000000   4.7231200000e-01
    150000    40.00000000   5.1513600000e-01
    150000    42.00000000   5.5849200000e-01
    150000    44.00000000   6.0217100000e-01
    150000    46.00000000   6.4595900000e-01
    150000    48.00000000   6.8964200000e-01
    150000    50.00000000   7.3301000000e-01
    150000    52.00000000   7.7585000000e-01
    150000    54.00000000   8.1795400000e-01
    150000    56.00000000   8.5911800000e-01
    150000    58.00000000   8.9914100000e-01
    150000    60.00000000   9.3782800000e-01
    150000    62.00000000   9.7499200000e-01
    150000    64.00000000   1.0104510000e+00
    150000    66.00000000   1.0440340000e+00
    150000    68.00000000   1.0755760000e+00
    150000    70.00000000   1.1049260000e+00
    150000    72.00000000   1.1319390000e+00
    150000    74.00000000   1.1564850000e+00
    150000    76.00000000   1.1784450000e+00
    150000    78.00000000   1.1977120000e+00
    150000    80.00000000   1.2141920000e+00
    150000    82.00000000   1.2278060000e+00
    150000    84.00000000   1.2384880000e+00
    150000    86.00000000   1.2461860000e+00
    150000    88.00000000   1.2508630000e+00
    150000    90.00000000   1.2524960000e+00
    200000   -90.00000000   1.2524960000e+00
    200000   -88.00000000   1.2533000000e+00
    200000   -86.00000000   1.2510570000e+00
    200000   -84.00000000   1.2457880000e+00
    200000   -82.00000000   1.2375250000e+00
    200000   -80.00000000   1.2263190000e+00
    200000   -78.00000000   1.2122310000e+00
    200000   -76.00000000   1.1953390000e+00
    200000   -74.00000000   1.1757340000e+00
    200000   -72.00000000   1.1535190000e+00
    200000   -70.00000000   1.1288100000e+00
    200000   -68.00000000   1.1017360000e+00
    200000   -66.00000000   1.0724370000e+00
    200000   -64.00000000   1.0410640000e+00
    200000   -62.00000000   1.0077760000e+00
    200000   -60.00000000   9.7274500000e-01
    200000   -58.00000000   9.3614700000e-01
    200000   -56.00000000   8.9816800000e-01
    200000   -54.00000000   8.5900100000e-01
    200000   -52.00000000   8.1884400000e-01
    200000   -50.00000000   7.7789800000e-01
    200000   -48.00000000   7.3637000000e-01
    200000   -46.00000000   6.9446900000e-01
    200000   -44.00000000   6.5240500000e-01
    200000   -42.00000000   6.1038900000e-01
    200000   -40.00000000   5.6863100000e-01
    200000   -38.00000000   5.2734100000e-01
    200000   -36.00000000   4.8672500000e-01
    200000   -34.00000000   4.4698600000e-01
    200000   -32.00000000   4.0832200000e-01
    200000   -30.00000000   3.7092700000e-01
    200000   -28.00000000   3.3498700000e-01
    200000   -26.00000000   3.0068100000e-01
    200000   -24.00000000   2.6818100000e-01
    200000   -22.00000000   2.3764800000e-01
    200000   -20.00000000   2.0923400000e-01
    200000   -18.00000000   1.8308100000e-01
    200000   -16.00000000   1.5931900000e-01
    200000   -14.00000000   1.3806600000e-01
    200000   -12.00000000   1.1942900000e-01
    200000   -10.00000000   1.0349900000e-01
    200000    -8.00000000   9.3099000000e-02
    200000    -6.00000000   5.4061000000e-02
    200000    -4.00000000   1.6030000000e-02
    200000    -2.00000000   1.2320000000e-02
    200000     0.00000000   9.4700000000e-03
    200000     2.00000000   9.1500000000e-03
    200000     4.00000000   1.1540000000e-02
    200000     6.00000000   1.3581000000e-02
    200000     8.00000000   1.7126000000e-02
    200000    10.00000000   3.0675000000e-02
    200000    12.00000000   4.7739000000e-02
    200000    14.00000000   6.6952000000e-02
    200000    16.00000000   8.8867000000e-02
    200000    18.00000000   1.1337700000e-01
    200000    20.00000000   1.4036300000e-01
    200000    22.00000000   1.6969300000e-01
    200000    24.00000000   2.0122600000e-01
    200000    26.00000000   2.3480800000e-01
    200000    28.00000000   2.7027500000e-01
    200000    30.00000000   3.0745500000e-01
    200000    32.00000000   3.4616700000e-01
    200000    34.00000000   3.8622400000e-01
    200000    36.00000000   4.2743100000e-01
    200000    38.00000000   4.6958600000e-01
    200000    40.00000000   5.1248700000e-01
    200000    42.00000000   5.5592300000e-01
    200000    44.00000000   5.9968300000e-01
    200000    46.00000000   6.4355600000e-01
    200000    48.00000000   6.8732900000e-01
    200000    50.00000000   7.3078700000e-01
    200000    52.00000000   7.7372100000e-01
    200000    54.00000000   8.1592200000e-01
    200000    56.00000000   8.5718400000e-01
    200000    58.00000000   8.9730800000e-01
    200000    60.00000000   9.3609900000e-01
    200000    62.00000000   9.7336800000e-01
    200000    64.00000000   1.0089350000e+00
    200000    66.00000000   1.0426270000e+00
    200000    68.00000000   1.0742810000e+00
    200000    70.00000000   1.1037430000e+00
    200000    72.00000000   1.1308700000e+00
    200000    74.00000000   1.1555320000e+00
    200000    76.00000000   1.1776080000e+00
    200000    78.00000000   1.1969930000e+00
    200000    80.00000000   1.2135920000e+00
    200000    82.00000000   1.2273250000e+00
    200000    84.00000000   1.2381270000e+00
    200000    86.00000000   1.2459450000e+00
    200000    88.00000000   1.2507420000e+00
    200000    90.00000000   1.2524960000e+00
    250000   -90.00000000   1.2524960000e+00
    250000   -88.00000000   1.2527040000e+00
    250000   -86.00000000   1.2498660000e+00
    250000   -84.00000000   1.2440030000e+00
    250000   -82.00000000   1.2351490000e+00
    250000   -80.00000000   1.2233540000e+00
    250000   -78.00000000   1.2086820000e+00
    250000   -76.00000000   1.1912090000e+00
    250000   -74.00000000   1.1710280000e+00
    250000   -72.00000000   1.1482430000e+00
    250000   -70.00000000   1.1229710000e+00
    250000   -68.00000000   1.0953410000e+00
    250000   -66.00000000   1.0654940000e+00
    250000   -64.00000000   1.0335800000e+00
    250000   -62.00000000   9.9976200000e-01
    250000   -60.00000000   9.6420900000e-01
    250000   -58.00000000   9.2710000000e-01
    250000   -56.00000000   8.8862200000e-01
    250000   -54.00000000   8.4896700000e-01
    250000   -52.00000000   8.0833300000e-01
    250000   -50.00000000   7.6692400000e-01
    250000   -48.00000000   7.2494700000e-01
    250000   -46.00000000   6.8261000000e-01
    250000   -44.00000000   6.4012400000e-01
    250000   -42.00000000   5.9770200000e-01
    250000   -40.00000000   5.5555300000e-01
    250000   -38.00000000   5.1388800000e-01
    250000   -36.00000000   4.7291400000e-01
    250000   -34.00000000   4.3283300000e-01
    250000   -32.00000000   3.9384500000e-01
    250000   -30.00000000   3.5614300000e-01
    250000   -28.00000000   3.1991400000e-01
    250000   -26.00000000   2.8533800000e-01
    250000   -24.00000000   2.5258500000e-01
    250000   -22.00000000   2.2181900000e-01
    250000   -20.00000000   1.9319200000e-01
    250000   -18.00000000   1.6684500000e-01
    250000   -16.00000000   1.4290900000e-01
    250000   -14.00000000   1.2150200000e-01
    250000   -12.00000000   1.0273000000e-01
    250000   -10.00000000   8.8755000000e-02
    250000    -8.00000000   7.3450000000e-02
    250000    -6.00000000   3.9673000000e-02
    250000    -4.00000000   1.3760000000e-02
    250000    -2.00000000   1.0740000000e-02
    250000     0.00000000   8.3500000000e-03
    250000     2.00000000   9.0800000000e-03
    250000     4.00000000   1.0760000000e-02
    250000     6.00000000   9.4730000000e-03
    250000     8.00000000   1.7439000000e-02
    250000    10.00000000   1.4272000000e-02
    250000    12.00000000   3.0401000000e-02
    250000    14.00000000   4.9753000000e-02
    250000    16.00000000   7.1828000000e-02
    250000    18.00000000   9.6519000000e-02
    250000    20.00000000   1.2370600000e-01
    250000    22.00000000   1.5325900000e-01
    250000    24.00000000   1.8503300000e-01
    250000    26.00000000   2.1887600000e-01
    250000    28.00000000   2.5462400000e-01
    250000    30.00000000   2.9210400000e-01
    250000    32.00000000   3.3113600000e-01
    250000    34.00000000   3.7152900000e-01
    250000    36.00000000   4.1309100000e-01
    250000    38.00000000   4.5561900000e-01
    250000    40.00000000   4.9890800000e-01
    250000    42.00000000   5.4275000000e-01
    250000    44.00000000   5.8693300000e-01
    250000    46.00000000   6.3124300000e-01
    250000    48.00000000   6.7546800000e-01
    250000    50.00000000   7.1939300000e-01
    250000    52.00000000   7.6280800000e-01
    250000    54.00000000   8.0550300000e-01
    250000    56.00000000   8.4727200000e-01
    250000    58.00000000   8.8791500000e-01
    250000    60.00000000   9.2723600000e-01
    250000    62.00000000   9.6504700000e-01
    250000    64.00000000   1.0011650000e+00
    250000    66.00000000   1.0354180000e+00
    250000    68.00000000   1.0676410000e+00
    250000    70.00000000   1.0976800000e+00
    250000    72.00000000   1.1253930000e+00
    250000    74.00000000   1.1506460000e+00
    250000    76.00000000   1.1733200000e+00
    250000    78.00000000   1.1933080000e+00
    250000    80.00000000   1.2105140000e+00
    250000    82.00000000   1.2248580000e+00
    250000    84.00000000   1.2362740000e+00
    250000    86.00000000   1.2447080000e+00
    250000    88.00000000   1.2501230000e+00
    250000    90.00000000   1.2524960000e+00
     50000   -90.00000000   1.2524960000e+00
     50000   -88.00000000   1.2531380000e+00
     50000   -86.00000000   1.2507330000e+00
     50000   -84.00000000   1.2453020000e+00
     50000   -82.00000000   1.2368780000e+00
     50000   -80.00000000   1.2255110000e+00
     50000   -78.00000000   1.2112640000e+00
     50000   -76.00000000   1.1942140000e+00
     50000   -74.00000000   1.1744520000e+00
     50000   -72.00000000   1.1520820000e+00
     50000   -70.00000000   1.1272200000e+00
     50000   -68.00000000   1.0999940000e+00
     50000   -66.00000000   1.0705460000e+00
     50000   -64.00000000   1.0390250000e+00
     50000   -62.00000000   1.0055930000e+00
     50000   -60.00000000   9.7042000000e-01
     50000   -58.00000000   9.3368200000e-01
     50000   -56.00000000   8.9556800000e-01
     50000   -54.00000000   8.5626800000e-01
     50000   -52.00000000   8.1598100000e-01
     50000   -50.00000000   7.7490900000e-01
     50000   -48.00000000   7.3325800000e-01
     50000   -46.00000000   6.9123900000e-01
     50000   -44.00000000   6.4906000000e-01
     50000   -42.00000000   6.0693300000e-01
     50000   -40.00000000   5.6506900000e-01
     50000   -38.00000000   5.2367700000e-01
     50000   -36.00000000   4.8296300000e-01
     50000   -34.00000000   4.4313100000e-01
     50000   -32.00000000   4.0437900000e-01
     50000   -30.00000000   3.6690000000e-01
     50000   -28.00000000   3.3088100000e-01
     50000   -26.00000000   2.9650200000e-01
     50000   -24.00000000   2.6393300000e-01
     50000   -22.00000000   2.3333700000e-01
     50000   -20.00000000   2.0486500000e-01
     50000   -18.00000000   1.7865900000e-01
     50000   -16.00000000   1.5484900000e-01
     50000   -14.00000000   1.3355400000e-01
     50000   -12.00000000   1.1488000000e-01
     50000   -10.00000000   9.8919000000e-02
     50000    -8.00000000   8.7211000000e-02
     50000    -6.00000000   7.5440000000e-02
     50000    -4.00000000   4.1438000000e-02
     50000    -2.00000000   2.8980000000e-02
     50000     0.00000000   2.7680000000e-02
     50000     2.00000000   3.4970000000e-02
     50000     4.00000000   4.1560000000e-02
     50000     6.00000000   4.3546000000e-02
     50000     8.00000000   2.2460000000e-02
     50000    10.00000000   3.8581000000e-02
     50000    12.00000000   5.2364000000e-02
     50000    14.00000000   7.1540000000e-02
     50000    16.00000000   9.3413000000e-02
     50000    18.00000000   1.1787400000e-01
     50000    20.00000000   1.4480600000e-01
     50000    22.00000000   1.7407800000e-01
     50000    24.00000000   2.0554600000e-01
     50000    26.00000000   2.3905800000e-01
     50000    28.00000000   2.7445000000e-01
     50000    30.00000000   3.1155000000e-01
     50000    32.00000000   3.5017800000e-01
     50000    34.00000000   3.9014500000e-01
     50000    36.00000000   4.3125600000e-01
     50000    38.00000000   4.7331300000e-01
     50000    40.00000000   5.1610900000e-01
     50000    42.00000000   5.5943700000e-01
     50000    44.00000000   6.0308500000e-01
     50000    46.00000000   6.4684100000e-01
     50000    48.00000000   6.9049300000e-01
     50000    50.00000000   7.3382700000e-01
     50000    52.00000000   7.7663200000e-01
     50000    54.00000000   8.1870100000e-01
     50000    56.00000000   8.5982800000e-01
     50000    58.00000000   8.9981400000e-01
     50000    60.00000000   9.3846300000e-01
     50000    62.00000000   9.7558800000e-01
     50000    64.00000000   1.0110080000e+00
     50000    66.00000000   1.0445500000e+00
     50000    68.00000000   1.0760520000e+00
     50000    70.00000000   1.1053600000e+00
     50000    72.00000000   1.1323320000e+00
     50000    74.00000000   1.1568350000e+00
     50000    76.00000000   1.1787520000e+00
     50000    78.00000000   1.1979760000e+00
     50000    80.00000000   1.2144130000e+00
     50000    82.00000000   1.2279830000e+00
     50000    84.00000000   1.2386210000e+00
     50000    86.00000000   1.2462750000e+00
     50000    88.00000000   1.2509070000e+00
     50000    90.00000000   1.2524960000e+00
    100000   -90.00000000   1.2524960000e+00
    100000   -88.00000000   1.2528400000e+00
    100000   -86.00000000   1.2501390000e+00
    100000   -84.00000000   1.2444110000e+00
    100000   -82.00000000   1.2356930000e+00
    100000   -80.00000000   1.2240320000e+00
    100000   -78.00000000   1.2094930000e+00
    100000   -76.00000000   1.1921540000e+00
    100000   -74.00000000   1.1721040000e+00
    100000   -72.00000000   1.1494500000e+00
    100000   -70.00000000   1.1243060000e+00
    100000   -68.00000000   1.0968040000e+00
    100000   -66.00000000   1.0670820000e+00
    100000   -64.00000000   1.0352920000e+00
    100000   -62.00000000   1.0015950000e+00
    100000   -60.00000000   9.6616100000e-01
    100000   -58.00000000   9.2916900000e-01
    100000   -56.00000000   8.9080500000e-01
    100000   -54.00000000   8.5126100000e-01
    100000   -52.00000000   8.1073700000e-01
    100000   -50.00000000   7.6943400000e-01
    100000   -48.00000000   7.2755900000e-01
    100000   -46.00000000   6.8532200000e-01
    100000   -44.00000000   6.4293300000e-01
    100000   -42.00000000   6.0060300000e-01
    100000   -40.00000000   5.5854400000e-01
    100000   -38.00000000   5.1696500000e-01
    100000   -36.00000000   4.7607200000e-01
    100000   -34.00000000   4.3606900000e-01
    100000   -32.00000000   3.9715500000e-01
    100000   -30.00000000   3.5952300000e-01
    100000   -28.00000000   3.2336100000e-01
    100000   -26.00000000   2.8884600000e-01
    100000   -24.00000000   2.5615200000e-01
    100000   -22.00000000   2.2543900000e-01
    100000   -20.00000000   1.9686100000e-01
    100000   -18.00000000   1.7055800000e-01
    100000   -16.00000000   1.4666200000e-01
    100000   -14.00000000   1.2529000000e-01
    100000   -12.00000000   1.0654900000e-01
    100000   -10.00000000   9.0531000000e-02
    100000    -8.00000000   7.8163000000e-02
    100000    -6.00000000   6.8313000000e-02
    100000    -4.00000000   2.8207000000e-02
    100000    -2.00000000   2.0890000000e-02
    100000     0.00000000   1.7460000000e-02
    100000     2.00000000   1.6790000000e-02
    100000     4.00000000   1.6950000000e-02
    100000     6.00000000   1.7883000000e-02
    100000     8.00000000   2.3615000000e-02
    100000    10.00000000   3.5579000000e-02
    100000    12.00000000   5.3303000000e-02
    100000    14.00000000   7.2471000000e-02
    100000    16.00000000   9.4335000000e-02
    100000    18.00000000   1.1878700000e-01
    100000    20.00000000   1.4570800000e-01
    100000    22.00000000   1.7496700000e-01
    100000    24.00000000   2.0642300000e-01
    100000    26.00000000   2.3992000000e-01
    100000    28.00000000   2.7529700000e-01
    100000    30.00000000   3.1238100000e-01
    100000    32.00000000   3.5099100000e-01
    100000    34.00000000   3.9094000000e-01
    100000    36.00000000   4.3203300000e-01
    100000    38.00000000   4.7406900000e-01
    100000    40.00000000   5.1684400000e-01
    100000    42.00000000   5.6015000000e-01
    100000    44.00000000   6.0377500000e-01
    100000    46.00000000   6.4750800000e-01
    100000    48.00000000   6.9113500000e-01
    100000    50.00000000   7.3444300000e-01
    100000    52.00000000   7.7722300000e-01
    100000    54.00000000   8.1926500000e-01
    100000    56.00000000   8.6036500000e-01
    100000    58.00000000   9.0032200000e-01
    100000    60.00000000   9.3894300000e-01
    100000    62.00000000   9.7603900000e-01
    100000    64.00000000   1.0114290000e+00
    100000    66.00000000   1.0449410000e+00
    100000    68.00000000   1.0764120000e+00
    100000    70.00000000   1.1056880000e+00
    100000    72.00000000   1.1326280000e+00
    100000    74.00000000   1.1571000000e+00
    100000    76.00000000   1.1789850000e+00
    100000    78.00000000   1.1981760000e+00
    100000    80.00000000   1.2145800000e+00
    100000    82.00000000   1.2281170000e+00
    100000    84.00000000   1.2387210000e+00
    100000    86.00000000   1.2463420000e+00
    100000    88.00000000   1.2509410000e+00
    100000    90.00000000   1.2524960000e+00
    150000   -90.00000000   1.2524960000e+00
    150000   -88.00000000   1.2529250000e+00
    150000   -86.00000000   1.2503090000e+00
    150000   -84.00000000   1.2446660000e+00
    150000   -82.00000000   1.2360320000e+00
    150000   -80.00000000   1.2244560000e+00
    150000   -78.00000000   1.2100000000e+00
    150000   -76.00000000   1.1927430000e+00
    150000   -74.00000000   1.1727760000e+00
    150000   -72.00000000   1.1502030000e+00
    150000   -70.00000000   1.1251400000e+00
    150000   -68.00000000   1.0977170000e+00
    150000   -66.00000000   1.0680730000e+00
    150000   -64.00000000   1.0363600000e+00
    150000   -62.00000000   1.0027390000e+00
    150000   -60.00000000   9.6737900000e-01
    150000   -58.00000000   9.3046000000e-01
    150000   -56.00000000   8.9216800000e-01
    150000   -54.00000000   8.5269400000e-01
    150000   -52.00000000   8.1223700000e-01
    150000   -50.00000000   7.7100100000e-01
    150000   -48.00000000   7.2919000000e-01
    150000   -46.00000000   6.8701500000e-01
    150000   -44.00000000   6.4468600000e-01
    150000   -42.00000000   6.0241500000e-01
    150000   -40.00000000   5.6041100000e-01
    150000   -38.00000000   5.1888500000e-01
    150000   -36.00000000   4.7804400000e-01
    150000   -34.00000000   4.3809000000e-01
    150000   -32.00000000   3.9922200000e-01
    150000   -30.00000000   3.6163400000e-01
    150000   -28.00000000   3.2551300000e-01
    150000   -26.00000000   2.9103700000e-01
    150000   -24.00000000   2.5837900000e-01
    150000   -22.00000000   2.2769900000e-01
    150000   -20.00000000   1.9915100000e-01
    150000   -18.00000000   1.7287600000e-01
    150000   -16.00000000   1.4900500000e-01
    150000   -14.00000000   1.2765500000e-01
    150000   -12.00000000   1.0893300000e-01
    150000   -10.00000000   9.2931000000e-02
    150000    -8.00000000   8.5040000000e-02
    150000    -6.00000000   5.9439000000e-02
    150000    -4.00000000   1.9685000000e-02
    150000    -2.00000000   1.5230000000e-02
    150000     0.00000000   1.1810000000e-02
    150000     2.00000000   1.1970000000e-02
    150000     4.00000000   1.2960000000e-02
    150000     6.00000000   1.4892000000e-02
    150000     8.00000000   2.2223000000e-02
    150000    10.00000000   3.3916000000e-02
    150000    12.00000000   5.1652000000e-02
    150000    14.00000000   7.0834000000e-02
    150000    16.00000000   9.2713000000e-02
    150000    18.00000000   1.1718200000e-01
    150000    20.00000000   1.4412200000e-01
    150000    22.00000000   1.7340300000e-01
    150000    24.00000000   2.0488100000e-01
    150000    26.00000000   2.3840300000e-01
    150000    28.00000000   2.7380700000e-01
    150000    30.00000000   3.1092000000e-01
    150000    32.00000000   3.4956000000e-01
    150000    34.00000000   3.8954100000e-01
    150000    36.00000000   4.3066700000e-01
    150000    38.00000000   4.7273900000e-01
    150000    40.00000000   5.1555100000e-01
    150000    42.00000000   5.5889600000e-01
    150000    44.00000000   6.0256100000e-01
    150000    46.00000000   6.4633600000e-01
    150000    48.00000000   6.9000600000e-01
    150000    50.00000000   7.3335900000e-01
    150000    52.00000000   7.7618400000e-01
    150000    54.00000000   8.1827300000e-01
    150000    56.00000000   8.5942100000e-01
    150000    58.00000000   8.9942800000e-01
    150000    60.00000000   9.3809900000e-01
    150000    62.00000000   9.7524600000e-01
    150000    64.00000000   1.0106890000e+00
    150000    66.00000000   1.0442540000e+00
    150000    68.00000000   1.0757800000e+00
    150000    70.00000000   1.1051110000e+00
    150000    72.00000000   1.1321070000e+00
    150000    74.00000000   1.1566350000e+00
    150000    76.00000000   1.1785760000e+00
    150000    78.00000000   1.1978250000e+00
    150000    80.00000000   1.2142870000e+00
    150000    82.00000000   1.2278820000e+00
    150000    84.00000000   1.2385450000e+00
    150000    86.00000000   1.2462240000e+00
    150000    88.00000000   1.2508820000e+00
    150000    90.00000000   1.2524960000e+00
    200000   -90.00000000   1.2524960000e+00
    200000   -88.00000000   1.2526150000e+00
    200000   -86.00000000   1.2496880000e+00
    200000   -84.00000000   1.2437360000e+00
    200000   -82.00000000   1.2347940000e+00
    200000   -80.00000000   1.2229110000e+00
    200000   -78.00000000   1.2081510000e+00
    200000   -76.00000000   1.1905910000e+00
    200000   -74.00000000   1.1703240000e+00
    200000   -72.00000000   1.1474540000e+00
    200000   -70.00000000   1.1220970000e+00
    200000   -68.00000000   1.0943840000e+00
    200000   -66.00000000   1.0644550000e+00
    200000   -64.00000000   1.0324600000e+00
    200000   -62.00000000   9.9856200000e-01
    200000   -60.00000000   9.6293100000e-01
    200000   -58.00000000   9.2574600000e-01
    200000   -56.00000000   8.8719300000e-01
    200000   -54.00000000   8.4746500000e-01
    200000   -52.00000000   8.0676000000e-01
    200000   -50.00000000   7.6528200000e-01
    200000   -48.00000000   7.2323700000e-01
    200000   -46.00000000   6.8083500000e-01
    200000   -44.00000000   6.3828700000e-01
    200000   -42.00000000   5.9580300000e-01
    200000   -40.00000000   5.5359600000e-01
    200000   -38.00000000   5.1187500000e-01
    200000   -36.00000000   4.7084700000e-01
    200000   -34.00000000   4.3071500000e-01
    200000   -32.00000000   3.9167800000e-01
    200000   -30.00000000   3.5393000000e-01
    200000   -28.00000000   3.1765800000e-01
    200000   -26.00000000   2.8304100000e-01
    200000   -24.00000000   2.5025200000e-01
    200000   -22.00000000   2.1945100000e-01
    200000   -20.00000000   1.9079200000e-01
    200000   -18.00000000   1.6441600000e-01
    200000   -16.00000000   1.4045300000e-01
    200000   -14.00000000   1.1902300000e-01
    200000   -12.00000000   1.0023100000e-01
    200000   -10.00000000   8.4171000000e-02
    200000    -8.00000000   7.3559000000e-02
    200000    -6.00000000   5.2220000000e-02
    200000    -4.00000000   1.5880000000e-02
    200000    -2.00000000   1.2330000000e-02
    200000     0.00000000   9.4700000000e-03
    200000     2.00000000   1.0060000000e-02
    200000     4.00000000   1.1550000000e-02
    200000     6.00000000   1.2183000000e-02
    200000     8.00000000   1.5875000000e-02
    200000    10.00000000   2.5594000000e-02
    200000    12.00000000   4.1051000000e-02
    200000    14.00000000   6.0318000000e-02
    200000    16.00000000   8.2295000000e-02
    200000    18.00000000   1.0687400000e-01
    200000    20.00000000   1.3393800000e-01
    200000    22.00000000   1.6335400000e-01
    200000    24.00000000   1.9498000000e-01
    200000    26.00000000   2.2866200000e-01
    200000    28.00000000   2.6423800000e-01
    200000    30.00000000   3.0153400000e-01
    200000    32.00000000   3.4036900000e-01
    200000    34.00000000   3.8055600000e-01
    200000    36.00000000   4.2189900000e-01
    200000    38.00000000   4.6419900000e-01
    200000    40.00000000   5.0724900000e-01
    200000    42.00000000   5.5084100000e-01
    200000    44.00000000   5.9476500000e-01
    200000    46.00000000   6.3880700000e-01
    200000    48.00000000   6.8275400000e-01
    200000    50.00000000   7.2639200000e-01
    200000    52.00000000   7.6951100000e-01
    200000    54.00000000   8.1190300000e-01
    200000    56.00000000   8.5336100000e-01
    200000    58.00000000   8.9368500000e-01
    200000    60.00000000   9.3268000000e-01
    200000    62.00000000   9.7015800000e-01
    200000    64.00000000   1.0059380000e+00
    200000    66.00000000   1.0398460000e+00
    200000    68.00000000   1.0717200000e+00
    200000    70.00000000   1.1014040000e+00
    200000    72.00000000   1.1287580000e+00
    200000    74.00000000   1.1536470000e+00
    200000    76.00000000   1.1759540000e+00
    200000    78.00000000   1.1955710000e+00
    200000    80.00000000   1.2124050000e+00
    200000    82.00000000   1.2263740000e+00
    200000    84.00000000   1.2374120000e+00
    200000    86.00000000   1.2454680000e+00
    200000    88.00000000   1.2505030000e+00
    200000    90.00000000   1.2524960000e+00
    250000   -90.00000000   1.2524960000e+00
    250000   -88.00000000   1.2537990000e+00
    250000   -86.00000000   1.2520560000e+00
    250000   -84.00000000   1.2472840000e+00
    250000   -82.00000000   1.2395170000e+00
    250000   -80.00000000   1.2288040000e+00
    250000   -78.00000000   1.2152070000e+00
    250000   -76.00000000   1.1988020000e+00
    250000   -74.00000000   1.1796790000e+00
    250000   -72.00000000   1.1579420000e+00
    250000   -70.00000000   1.1337060000e+00
    250000   -68.00000000   1.1070980000e+00
    250000   -66.00000000   1.0782590000e+00
    250000   -64.00000000   1.0473390000e+00
    250000   -62.00000000   1.0144960000e+00
    250000   -60.00000000   9.7990100000e-01
    250000   -58.00000000   9.4373200000e-01
    250000   -56.00000000   9.0617200000e-01
    250000   -54.00000000   8.6741400000e-01
    250000   -52.00000000   8.2765600000e-01
    250000   -50.00000000   7.8709800000e-01
    250000   -48.00000000   7.4594800000e-01
    250000   -46.00000000   7.0441200000e-01
    250000   -44.00000000   6.6270100000e-01
    250000   -42.00000000   6.2102600000e-01
    250000   -40.00000000   5.7959600000e-01
    250000   -38.00000000   5.3862000000e-01
    250000   -36.00000000   4.9830500000e-01
    250000   -34.00000000   4.5885200000e-01
    250000   -32.00000000   4.2046100000e-01
    250000   -30.00000000   3.8332300000e-01
    250000   -28.00000000   3.4762500000e-01
    250000   -26.00000000   3.1354600000e-01
    250000   -24.00000000   2.8125700000e-01
    250000   -22.00000000   2.5091900000e-01
    250000   -20.00000000   2.2268400000e-01
    250000   -18.00000000   1.9669400000e-01
    250000   -16.00000000   1.7307800000e-01
    250000   -14.00000000   1.5195500000e-01
    250000   -12.00000000   1.3342900000e-01
    250000   -10.00000000   1.1584800000e-01
    250000    -8.00000000   7.6091000000e-02
    250000    -6.00000000   4.0307000000e-02
    250000    -4.00000000   1.3770000000e-02
    250000    -2.00000000   1.0740000000e-02
    250000     0.00000000   8.3170000000e-03
    250000     2.00000000   9.0800000000e-03
    250000     4.00000000   1.0870000000e-02
    250000     6.00000000   1.3375000000e-02
    250000     8.00000000   3.8052000000e-02
    250000    10.00000000   3.3093000000e-02
    250000    12.00000000   4.9145000000e-02
    250000    14.00000000   6.8347000000e-02
    250000    16.00000000   9.0249000000e-02
    250000    18.00000000   1.1474400000e-01
    250000    20.00000000   1.4171400000e-01
    250000    22.00000000   1.7102700000e-01
    250000    24.00000000   2.0254000000e-01
    250000    26.00000000   2.3610000000e-01
    250000    28.00000000   2.7154400000e-01
    250000    30.00000000   3.0870000000e-01
    250000    32.00000000   3.4738700000e-01
    250000    34.00000000   3.8741600000e-01
    250000    36.00000000   4.2859400000e-01
    250000    38.00000000   4.7071900000e-01
    250000    40.00000000   5.1358800000e-01
    250000    42.00000000   5.5699100000e-01
    250000    44.00000000   6.0071800000e-01
    250000    46.00000000   6.4455500000e-01
    250000    48.00000000   6.8829100000e-01
    250000    50.00000000   7.3171100000e-01
    250000    52.00000000   7.7460600000e-01
    250000    54.00000000   8.1676700000e-01
    250000    56.00000000   8.5798800000e-01
    250000    58.00000000   8.9807000000e-01
    250000    60.00000000   9.3681800000e-01
    250000    62.00000000   9.7404300000e-01
    250000    64.00000000   1.0095650000e+00
    250000    66.00000000   1.0432120000e+00
    250000    68.00000000   1.0748190000e+00
    250000    70.00000000   1.1042350000e+00
    250000    72.00000000   1.1313150000e+00
    250000    74.00000000   1.1559280000e+00
    250000    76.00000000   1.1779560000e+00
    250000    78.00000000   1.1972920000e+00
    250000    80.00000000   1.2138420000e+00
    250000    82.00000000   1.2275250000e+00
    250000    84.00000000   1.2382770000e+00
    250000    86.00000000   1.2460450000e+00
    250000    88.00000000   1.2507920000e+00
    250000    90.00000000   1.2524960000e+00
     50000   -90.00000000   1.2524960000e+00
     50000   -88.00000000   1.2531630000e+00
     50000   -86.00000000   1.2507830000e+00
     50000   -84.00000000   1.2453770000e+00
     50000   -82.00000000   1.2369790000e+00
     50000   -80.00000000   1.2256370000e+00
     50000   -78.00000000   1.2114150000e+00
     50000   -76.00000000   1.1943890000e+00
     50000   -74.00000000   1.1746520000e+00
     50000   -72.00000000   1.1523050000e+00
     50000   -70.00000000   1.1274670000e+00
     50000   -68.00000000   1.1002660000e+00
     50000   -66.00000000   1.0708410000e+00
     50000   -64.00000000   1.0393430000e+00
     50000   -62.00000000   1.0059330000e+00
     50000   -60.00000000   9.7078200000e-01
     50000   -58.00000000   9.3406600000e-01
     50000   -56.00000000   8.9597300000e-01
     50000   -54.00000000   8.5669300000e-01
     50000   -52.00000000   8.1642600000e-01
     50000   -50.00000000   7.7537400000e-01
     50000   -48.00000000   7.3374300000e-01
     50000   -46.00000000   6.9174200000e-01
     50000   -44.00000000   6.4958100000e-01
     50000   -42.00000000   6.0747100000e-01
     50000   -40.00000000   5.6562300000e-01
     50000   -38.00000000   5.2424700000e-01
     50000   -36.00000000   4.8354800000e-01
     50000   -34.00000000   4.4373100000e-01
     50000   -32.00000000   4.0499300000e-01
     50000   -30.00000000   3.6752700000e-01
     50000   -28.00000000   3.3152100000e-01
     50000   -26.00000000   2.9715300000e-01
     50000   -24.00000000   2.6459400000e-01
     50000   -22.00000000   2.3400800000e-01
     50000   -20.00000000   2.0554500000e-01
     50000   -18.00000000   1.7934700000e-01
     50000   -16.00000000   1.5554500000e-01
     50000   -14.00000000   1.3425700000e-01
     50000   -12.00000000   1.1558800000e-01
     50000   -10.00000000   9.9632000000e-02
     50000    -8.00000000   8.7911000000e-02
     50000    -6.00000000   7.6160000000e-02
     50000    -4.00000000   4.1612000000e-02
     50000    -2.00000000   2.9000000000e-02
     50000     0.00000000   2.7700000000e-02
     50000     2.00000000   3.4990000000e-02
     50000     4.00000000   4.1570000000e-02
     50000     6.00000000   4.2237000000e-02
     50000     8.00000000   2.3178000000e-02
     50000    10.00000000   3.7229000000e-02
     50000    12.00000000   5.1589000000e-02
     50000    14.00000000   7.0771000000e-02
     50000    16.00000000   9.2650000000e-02
     50000    18.00000000   1.1712000000e-01
     50000    20.00000000   1.4406100000e-01
     50000    22.00000000   1.7334300000e-01
     50000    24.00000000   2.0482200000e-01
     50000    26.00000000   2.3834500000e-01
     50000    28.00000000   2.7375000000e-01
     50000    30.00000000   3.1086400000e-01
     50000    32.00000000   3.4950500000e-01
     50000    34.00000000   3.8948700000e-01
     50000    36.00000000   4.3061500000e-01
     50000    38.00000000   4.7268800000e-01
     50000    40.00000000   5.1550200000e-01
     50000    42.00000000   5.5884700000e-01
     50000    44.00000000   6.0251500000e-01
     50000    46.00000000   6.4629100000e-01
     50000    48.00000000   6.8996200000e-01
     50000    50.00000000   7.3331700000e-01
     50000    52.00000000   7.7614400000e-01
     50000    54.00000000   8.1823500000e-01
     50000    56.00000000   8.5938500000e-01
     50000    58.00000000   8.9939400000e-01
     50000    60.00000000   9.3806700000e-01
     50000    62.00000000   9.7521600000e-01
     50000    64.00000000   1.0106610000e+00
     50000    66.00000000   1.0442280000e+00
     50000    68.00000000   1.0757550000e+00
     50000    70.00000000   1.1050890000e+00
     50000    72.00000000   1.1320870000e+00
     50000    74.00000000   1.1566170000e+00
     50000    76.00000000   1.1785610000e+00
     50000    78.00000000   1.1978110000e+00
     50000    80.00000000   1.2142750000e+00
     50000    82.00000000   1.2278730000e+00
     50000    84.00000000   1.2385380000e+00
     50000    86.00000000   1.2462190000e+00
     50000    88.00000000   1.2508790000e+00
     50000    90.00000000   1.2524960000e+00
    100000   -90.00000000   1.2524960000e+00
    100000   -88.00000000   1.2528530000e+00
    100000   -86.00000000   1.2501630000e+00
    100000   -84.00000000   1.2444480000e+00
    100000   -82.00000000   1.2357420000e+00
    100000   -80.00000000   1.2240940000e+00
    100000   -78.00000000   1.2095670000e+00
    100000   -76.00000000   1.1922390000e+00
    100000   -74.00000000   1.1722020000e+00
    100000   -72.00000000   1.1495590000e+00
    100000   -70.00000000   1.1244270000e+00
    100000   -68.00000000   1.0969360000e+00
    100000   -66.00000000   1.0672250000e+00
    100000   -64.00000000   1.0354460000e+00
    100000   -62.00000000   1.0017600000e+00
    100000   -60.00000000   9.6633700000e-01
    100000   -58.00000000   9.2935600000e-01
    100000   -56.00000000   8.9100200000e-01
    100000   -54.00000000   8.5146900000e-01
    100000   -52.00000000   8.1095400000e-01
    100000   -50.00000000   7.6966100000e-01
    100000   -48.00000000   7.2779500000e-01
    100000   -46.00000000   6.8556700000e-01
    100000   -44.00000000   6.4318700000e-01
    100000   -42.00000000   6.0086500000e-01
    100000   -40.00000000   5.5881400000e-01
    100000   -38.00000000   5.1724300000e-01
    100000   -36.00000000   4.7635700000e-01
    100000   -34.00000000   4.3636200000e-01
    100000   -32.00000000   3.9745500000e-01
    100000   -30.00000000   3.5982900000e-01
    100000   -28.00000000   3.2367200000e-01
    100000   -26.00000000   2.8916400000e-01
    100000   -24.00000000   2.5647400000e-01
    100000   -22.00000000   2.2576600000e-01
    100000   -20.00000000   1.9719200000e-01
    100000   -18.00000000   1.7089400000e-01
    100000   -16.00000000   1.4700100000e-01
    100000   -14.00000000   1.2563200000e-01
    100000   -12.00000000   1.0689400000e-01
    100000   -10.00000000   9.0879000000e-02
    100000    -8.00000000   8.3700000000e-02
    100000    -6.00000000   6.4851000000e-02
    100000    -4.00000000   2.4132000000e-02
    100000    -2.00000000   2.0900000000e-02
    100000     0.00000000   1.7320000000e-02
    100000     2.00000000   1.6790000000e-02
    100000     4.00000000   1.6950000000e-02
    100000     6.00000000   1.8110000000e-02
    100000     8.00000000   3.2758000000e-02
    100000    10.00000000   4.8655000000e-02
    100000    12.00000000   6.5920000000e-02
    100000    14.00000000   8.5376000000e-02
    100000    16.00000000   1.0711900000e-01
    100000    18.00000000   1.3143600000e-01
    100000    20.00000000   1.5820600000e-01
    100000    22.00000000   1.8729900000e-01
    100000    24.00000000   2.1857200000e-01
    100000    26.00000000   2.5187400000e-01
    100000    28.00000000   2.8704000000e-01
    100000    30.00000000   3.2389900000e-01
    100000    32.00000000   3.6227000000e-01
    100000    34.00000000   4.0196600000e-01
    100000    36.00000000   4.4279200000e-01
    100000    38.00000000   4.8454900000e-01
    100000    40.00000000   5.2703200000e-01
    100000    42.00000000   5.7003300000e-01
    100000    44.00000000   6.1334200000e-01
    100000    46.00000000   6.5674600000e-01
    100000    48.00000000   7.0003400000e-01
    100000    50.00000000   7.4299200000e-01
    100000    52.00000000   7.8541100000e-01
    100000    54.00000000   8.2708200000e-01
    100000    56.00000000   8.6780200000e-01
    100000    58.00000000   9.0737000000e-01
    100000    60.00000000   9.4559300000e-01
    100000    62.00000000   9.8228200000e-01
    100000    64.00000000   1.0172590000e+00
    100000    66.00000000   1.0503500000e+00
    100000    68.00000000   1.0813940000e+00
    100000    70.00000000   1.1102370000e+00
    100000    72.00000000   1.1367380000e+00
    100000    74.00000000   1.1607660000e+00
    100000    76.00000000   1.1822020000e+00
    100000    78.00000000   1.2009410000e+00
    100000    80.00000000   1.2168890000e+00
    100000    82.00000000   1.2299680000e+00
    100000    84.00000000   1.2401110000e+00
    100000    86.00000000   1.2472690000e+00
    100000    88.00000000   1.2514050000e+00
    100000    90.00000000   1.2524960000e+00
    150000   -90.00000000   1.2524960000e+00
    150000   -88.00000000   1.2526440000e+00
    150000   -86.00000000   1.2497470000e+00
    150000   -84.00000000   1.2438240000e+00
    150000   -82.00000000   1.2349110000e+00
    150000   -80.00000000   1.2230570000e+00
    150000   -78.00000000   1.2083250000e+00
    150000   -76.00000000   1.1907950000e+00
    150000   -74.00000000   1.1705560000e+00
    150000   -72.00000000   1.1477130000e+00
    150000   -70.00000000   1.1223850000e+00
    150000   -68.00000000   1.0946990000e+00
    150000   -66.00000000   1.0647960000e+00
    150000   -64.00000000   1.0328290000e+00
    150000   -62.00000000   9.9895700000e-01
    150000   -60.00000000   9.6335200000e-01
    150000   -58.00000000   9.2619200000e-01
    150000   -56.00000000   8.8766300000e-01
    150000   -54.00000000   8.4795900000e-01
    150000   -52.00000000   8.0727800000e-01
    150000   -50.00000000   7.6582200000e-01
    150000   -48.00000000   7.2380000000e-01
    150000   -46.00000000   6.8141900000e-01
    150000   -44.00000000   6.3889100000e-01
    150000   -42.00000000   5.9642800000e-01
    150000   -40.00000000   5.5424000000e-01
    150000   -38.00000000   5.1253700000e-01
    150000   -36.00000000   4.7152600000e-01
    150000   -34.00000000   4.3141100000e-01
    150000   -32.00000000   3.9239100000e-01
    150000   -30.00000000   3.5465800000e-01
    150000   -28.00000000   3.1840000000e-01
    150000   -26.00000000   2.8379700000e-01
    150000   -24.00000000   2.5101900000e-01
    150000   -22.00000000   2.2023000000e-01
    150000   -20.00000000   1.9158100000e-01
    150000   -18.00000000   1.6521500000e-01
    150000   -16.00000000   1.4126100000e-01
    150000   -14.00000000   1.1983800000e-01
    150000   -12.00000000   1.0105300000e-01
    150000   -10.00000000   8.4998000000e-02
    150000    -8.00000000   7.6763000000e-02
    150000    -6.00000000   5.5916000000e-02
    150000    -4.00000000   1.9674000000e-02
    150000    -2.00000000   1.5230000000e-02
    150000     0.00000000   1.1810000000e-02
    150000     2.00000000   1.1970000000e-02
    150000     4.00000000   1.2960000000e-02
    150000     6.00000000   1.5070000000e-02
    150000     8.00000000   2.3277000000e-02
    150000    10.00000000   5.4780000000e-02
    150000    12.00000000   6.9835000000e-02
    150000    14.00000000   9.0066000000e-02
    150000    16.00000000   1.1176500000e-01
    150000    18.00000000   1.3603200000e-01
    150000    20.00000000   1.6274700000e-01
    150000    22.00000000   1.9178000000e-01
    150000    24.00000000   2.2298800000e-01
    150000    26.00000000   2.5621800000e-01
    150000    28.00000000   2.9130800000e-01
    150000    30.00000000   3.2808500000e-01
    150000    32.00000000   3.6636900000e-01
    150000    34.00000000   4.0597300000e-01
    150000    36.00000000   4.4670300000e-01
    150000    38.00000000   4.8835800000e-01
    150000    40.00000000   5.3073500000e-01
    150000    42.00000000   5.7362500000e-01
    150000    44.00000000   6.1681900000e-01
    150000    46.00000000   6.6010400000e-01
    150000    48.00000000   7.0326800000e-01
    150000    50.00000000   7.4609900000e-01
    150000    52.00000000   7.8838700000e-01
    150000    54.00000000   8.2992300000e-01
    150000    56.00000000   8.7050500000e-01
    150000    58.00000000   9.0993100000e-01
    150000    60.00000000   9.4801000000e-01
    150000    62.00000000   9.8455200000e-01
    150000    64.00000000   1.0193780000e+00
    150000    66.00000000   1.0523160000e+00
    150000    68.00000000   1.0832040000e+00
    150000    70.00000000   1.1118900000e+00
    150000    72.00000000   1.1382320000e+00
    150000    74.00000000   1.1620980000e+00
    150000    76.00000000   1.1833710000e+00
    150000    78.00000000   1.2019460000e+00
    150000    80.00000000   1.2177280000e+00
    150000    82.00000000   1.2306400000e+00
    150000    84.00000000   1.2406170000e+00
    150000    86.00000000   1.2476060000e+00
    150000    88.00000000   1.2515730000e+00
    150000    90.00000000   1.2524960000e+00
    200000   -90.00000000   1.2524960000e+00
    200000   -88.00000000   1.2533490000e+00
    200000   -86.00000000   1.2511550000e+00
    200000   -84.00000000   1.2459340000e+00
    200000   -82.00000000   1.2377200000e+00
    200000   -80.00000000   1.2265620000e+00
    200000   -78.00000000   1.2125220000e+00
    200000   -76.00000000   1.1956780000e+00
    200000   -74.00000000   1.1761190000e+00
    200000   -72.00000000   1.1539510000e+00
    200000   -70.00000000   1.1292880000e+00
    200000   -68.00000000   1.1022600000e+00
    200000   -66.00000000   1.0730060000e+00
    200000   -64.00000000   1.0416770000e+00
    200000   -62.00000000   1.0084330000e+00
    200000   -60.00000000   9.7344400000e-01
    200000   -58.00000000   9.3688800000e-01
    200000   -56.00000000   8.9895000000e-01
    200000   -54.00000000   8.5982300000e-01
    200000   -52.00000000   8.1970400000e-01
    200000   -50.00000000   7.7879700000e-01
    200000   -48.00000000   7.3730600000e-01
    200000   -46.00000000   6.9544000000e-01
    200000   -44.00000000   6.5341100000e-01
    200000   -42.00000000   6.1142800000e-01
    200000   -40.00000000   5.6970200000e-01
    200000   -38.00000000   5.2844300000e-01
    200000   -36.00000000   4.8785600000e-01
    200000   -34.00000000   4.4814500000e-01
    200000   -32.00000000   4.0950800000e-01
    200000   -30.00000000   3.7213800000e-01
    200000   -28.00000000   3.3622200000e-01
    200000   -26.00000000   3.0193800000e-01
    200000   -24.00000000   2.6945800000e-01
    200000   -22.00000000   2.3894400000e-01
    200000   -20.00000000   2.1054800000e-01
    200000   -18.00000000   1.8441100000e-01
    200000   -16.00000000   1.6066300000e-01
    200000   -14.00000000   1.3942300000e-01
    200000   -12.00000000   1.2079600000e-01
    200000   -10.00000000   1.0450500000e-01
    200000    -8.00000000   9.1740000000e-02
    200000    -6.00000000   4.7997000000e-02
    200000    -4.00000000   1.6040000000e-02
    200000    -2.00000000   1.2320000000e-02
    200000     0.00000000   9.4700000000e-03
    200000     2.00000000   1.0070000000e-02
    200000     4.00000000   1.1550000000e-02
    200000     6.00000000   1.3996000000e-02
    200000     8.00000000   1.9910000000e-02
    200000    10.00000000   3.2286000000e-02
    200000    12.00000000   4.9845000000e-02
    200000    14.00000000   6.9042000000e-02
    200000    16.00000000   9.0937000000e-02
    200000    18.00000000   1.1542500000e-01
    200000    20.00000000   1.4238700000e-01
    200000    22.00000000   1.7169000000e-01
    200000    24.00000000   2.0319400000e-01
    200000    26.00000000   2.3674300000e-01
    200000    28.00000000   2.7217600000e-01
    200000    30.00000000   3.0932000000e-01
    200000    32.00000000   3.4799400000e-01
    200000    34.00000000   3.8801000000e-01
    200000    36.00000000   4.2917300000e-01
    200000    38.00000000   4.7128400000e-01
    200000    40.00000000   5.1413600000e-01
    200000    42.00000000   5.5752300000e-01
    200000    44.00000000   6.0123300000e-01
    200000    46.00000000   6.4505200000e-01
    200000    48.00000000   6.8877000000e-01
    200000    50.00000000   7.3217100000e-01
    200000    52.00000000   7.7504700000e-01
    200000    54.00000000   8.1718700000e-01
    200000    56.00000000   8.5838800000e-01
    200000    58.00000000   8.9844900000e-01
    200000    60.00000000   9.3717600000e-01
    200000    62.00000000   9.7437900000e-01
    200000    64.00000000   1.0098790000e+00
    200000    66.00000000   1.0435030000e+00
    200000    68.00000000   1.0750880000e+00
    200000    70.00000000   1.1044790000e+00
    200000    72.00000000   1.1315360000e+00
    200000    74.00000000   1.1561260000e+00
    200000    76.00000000   1.1781300000e+00
    200000    78.00000000   1.1974410000e+00
    200000    80.00000000   1.2139660000e+00
    200000    82.00000000   1.2276250000e+00
    200000    84.00000000   1.2383520000e+00
    200000    86.00000000   1.2460950000e+00
    200000    88.00000000   1.2508170000e+00
    200000    90.00000000   1.2524960000e+00
    250000   -90.00000000   1.2524960000e+00
    250000   -88.00000000   1.2544010000e+00
    250000   -86.00000000   1.2532590000e+00
    250000   -84.00000000   1.2490870000e+00
    250000   -82.00000000   1.2419180000e+00
    250000   -80.00000000   1.2317990000e+00
    250000   -78.00000000   1.2187930000e+00
    250000   -76.00000000   1.2029750000e+00
    250000   -74.00000000   1.1844330000e+00
    250000   -72.00000000   1.1632720000e+00
    250000   -70.00000000   1.1396050000e+00
    250000   -68.00000000   1.1135600000e+00
    250000   -66.00000000   1.0852750000e+00
    250000   -64.00000000   1.0549000000e+00
    250000   -62.00000000   1.0225940000e+00
    250000   -60.00000000   9.8852500000e-01
    250000   -58.00000000   9.5287200000e-01
    250000   -56.00000000   9.1581700000e-01
    250000   -54.00000000   8.7755300000e-01
    250000   -52.00000000   8.3827500000e-01
    250000   -50.00000000   7.9818500000e-01
    250000   -48.00000000   7.5748900000e-01
    250000   -46.00000000   7.1639300000e-01
    250000   -44.00000000   6.7510800000e-01
    250000   -42.00000000   6.3384400000e-01
    250000   -40.00000000   5.9280900000e-01
    250000   -38.00000000   5.5221200000e-01
    250000   -36.00000000   5.1225900000e-01
    250000   -34.00000000   4.7315200000e-01
    250000   -32.00000000   4.3508800000e-01
    250000   -30.00000000   3.9826000000e-01
    250000   -28.00000000   3.6285400000e-01
    250000   -26.00000000   3.2904900000e-01
    250000   -24.00000000   2.9701400000e-01
    250000   -22.00000000   2.6691100000e-01
    250000   -20.00000000   2.3889200000e-01
    250000   -18.00000000   2.1309800000e-01
    250000   -16.00000000   1.8965800000e-01
    250000   -14.00000000   1.6869100000e-01
    250000   -12.00000000   1.5030100000e-01
    250000   -10.00000000   1.3457000000e-01
    250000    -8.00000000   1.2161000000e-01
    250000    -6.00000000   4.2367000000e-02
    250000    -4.00000000   1.3770000000e-02
    250000    -2.00000000   1.0740000000e-02
    250000     0.00000000   8.2250000000e-03
    250000     2.00000000   9.0800000000e-03
    250000     4.00000000   1.0760000000e-02
    250000     6.00000000   1.4156000000e-02
    250000     8.00000000   2.0495000000e-02
    250000    10.00000000   3.4025000000e-02
    250000    12.00000000   5.1066000000e-02
    250000    14.00000000   7.0252000000e-02
    250000    16.00000000   9.2136000000e-02
    250000    18.00000000   1.1661200000e-01
    250000    20.00000000   1.4355900000e-01
    250000    22.00000000   1.7284700000e-01
    250000    24.00000000   2.0433300000e-01
    250000    26.00000000   2.3786400000e-01
    250000    28.00000000   2.7327800000e-01
    250000    30.00000000   3.1040000000e-01
    250000    32.00000000   3.4905200000e-01
    250000    34.00000000   3.8904400000e-01
    250000    36.00000000   4.3018200000e-01
    250000    38.00000000   4.7226700000e-01
    250000    40.00000000   5.1509200000e-01
    250000    42.00000000   5.5845000000e-01
    250000    44.00000000   6.0213000000e-01
    250000    46.00000000   6.4591900000e-01
    250000    48.00000000   6.8960400000e-01
    250000    50.00000000   7.3297300000e-01
    250000    52.00000000   7.7581500000e-01
    250000    54.00000000   8.1792100000e-01
    250000    56.00000000   8.5908600000e-01
    250000    58.00000000   8.9911000000e-01
    250000    60.00000000   9.3779900000e-01
    250000    62.00000000   9.7496500000e-01
    250000    64.00000000   1.0104260000e+00
    250000    66.00000000   1.0440100000e+00
    250000    68.00000000   1.0755550000e+00
    250000    70.00000000   1.1049060000e+00
    250000    72.00000000   1.1319210000e+00
    250000    74.00000000   1.1564700000e+00
    250000    76.00000000   1.1784310000e+00
    250000    78.00000000   1.1977000000e+00
    250000    80.00000000   1.2141820000e+00
    250000    82.00000000   1.2277980000e+00
    250000    84.00000000   1.2384820000e+00
    250000    86.00000000   1.2461820000e+00
    250000    88.00000000   1.2508610000e+00
    250000    90.00000000   1.2524960000e+00
     50000   -90.00000000   1.2524960000e+00
     50000   -88.00000000   1.2531590000e+00
     50000   -86.00000000   1.2507750000e+00
     50000   -84.00000000   1.2453650000e+00
     50000   -82.00000000   1.2369620000e+00
     50000   -80.00000000   1.2256160000e+00
     50000   -78.00000000   1.2113900000e+00
     50000   -76.00000000   1.1943600000e+00
     50000   -74.00000000   1.1746180000e+00
     50000   -72.00000000   1.1522680000e+00
     50000   -70.00000000   1.1274260000e+00
     50000   -68.00000000   1.1002200000e+00
     50000   -66.00000000   1.0707910000e+00
     50000   -64.00000000   1.0392900000e+00
     50000   -62.00000000   1.0058770000e+00
     50000   -60.00000000   9.7072100000e-01
     50000   -58.00000000   9.3400200000e-01
     50000   -56.00000000   8.9590500000e-01
     50000   -54.00000000   8.5662200000e-01
     50000   -52.00000000   8.1635200000e-01
     50000   -50.00000000   7.7529700000e-01
     50000   -48.00000000   7.3366200000e-01
     50000   -46.00000000   6.9165800000e-01
     50000   -44.00000000   6.4949400000e-01
     50000   -42.00000000   6.0738100000e-01
     50000   -40.00000000   5.6553100000e-01
     50000   -38.00000000   5.2415200000e-01
     50000   -36.00000000   4.8345100000e-01
     50000   -34.00000000   4.4363100000e-01
     50000   -32.00000000   4.0489000000e-01
     50000   -30.00000000   3.6742200000e-01
     50000   -28.00000000   3.3141400000e-01
     50000   -26.00000000   2.9704400000e-01
     50000   -24.00000000   2.6448400000e-01
     50000   -22.00000000   2.3389600000e-01
     50000   -20.00000000   2.0543100000e-01
     50000   -18.00000000   1.7923200000e-01
     50000   -16.00000000   1.5542900000e-01
     50000   -14.00000000   1.3414000000e-01
     50000   -12.00000000   1.1547000000e-01
     50000   -10.00000000   9.9513000000e-02
     50000    -8.00000000   8.7774000000e-02
     50000    -6.00000000   7.6040000000e-02
     50000    -4.00000000   4.1575000000e-02
     50000    -2.00000000   2.9020000000e-02
     50000     0.00000000   2.7730000000e-02
     50000     2.00000000   3.5010000000e-02
     50000     4.00000000   4.1610000000e-02
     50000     6.00000000   4.1379000000e-02
     50000     8.00000000   1.8893000000e-02
     50000    10.00000000   2.9668000000e-02
     50000    12.00000000   4.3208000000e-02
     50000    14.00000000   6.2457000000e-02
     50000    16.00000000   8.4414000000e-02
     50000    18.00000000   1.0897100000e-01
     50000    20.00000000   1.3601000000e-01
     50000    22.00000000   1.6539800000e-01
     50000    24.00000000   1.9699400000e-01
     50000    26.00000000   2.3064400000e-01
     50000    28.00000000   2.6618500000e-01
     50000    30.00000000   3.0344300000e-01
     50000    32.00000000   3.4223900000e-01
     50000    34.00000000   3.8238400000e-01
     50000    36.00000000   4.2368300000e-01
     50000    38.00000000   4.6593600000e-01
     50000    40.00000000   5.0893800000e-01
     50000    42.00000000   5.5248000000e-01
     50000    44.00000000   5.9635100000e-01
     50000    46.00000000   6.4033900000e-01
     50000    48.00000000   6.8422900000e-01
     50000    50.00000000   7.2780900000e-01
     50000    52.00000000   7.7086900000e-01
     50000    54.00000000   8.1319900000e-01
     50000    56.00000000   8.5459400000e-01
     50000    58.00000000   8.9485300000e-01
     50000    60.00000000   9.3378300000e-01
     50000    62.00000000   9.7119300000e-01
     50000    64.00000000   1.0069040000e+00
     50000    66.00000000   1.0407430000e+00
     50000    68.00000000   1.0725460000e+00
     50000    70.00000000   1.1021590000e+00
     50000    72.00000000   1.1294390000e+00
     50000    74.00000000   1.1542550000e+00
     50000    76.00000000   1.1764880000e+00
     50000    78.00000000   1.1960300000e+00
     50000    80.00000000   1.2127870000e+00
     50000    82.00000000   1.2266800000e+00
     50000    84.00000000   1.2376430000e+00
     50000    86.00000000   1.2456220000e+00
     50000    88.00000000   1.2505800000e+00
     50000    90.00000000   1.2524960000e+00
    100000   -90.00000000   1.2524960000e+00
    100000   -88.00000000   1.2529860000e+00
    100000   -86.00000000   1.2504290000e+00
    100000   -84.00000000   1.2448460000e+00
    100000   -82.00000000   1.2362720000e+00
    100000   -80.00000000   1.2247550000e+00
    100000   -78.00000000   1.2103590000e+00
    100000   -76.00000000   1.1931610000e+00
    100000   -74.00000000   1.1732520000e+00
    100000   -72.00000000   1.1507360000e+00
    100000   -70.00000000   1.1257300000e+00
    100000   -68.00000000   1.0983630000e+00
    100000   -66.00000000   1.0687750000e+00
    100000   -64.00000000   1.0371170000e+00
    100000   -62.00000000   1.0035490000e+00
    100000   -60.00000000   9.6824200000e-01
    100000   -58.00000000   9.3137500000e-01
    100000   -56.00000000   8.9313300000e-01
    100000   -54.00000000   8.5370800000e-01
    100000   -52.00000000   8.1330000000e-01
    100000   -50.00000000   7.7211000000e-01
    100000   -48.00000000   7.3034500000e-01
    100000   -46.00000000   6.8821400000e-01
    100000   -44.00000000   6.4592700000e-01
    100000   -42.00000000   6.0369700000e-01
    100000   -40.00000000   5.6173300000e-01
    100000   -38.00000000   5.2024500000e-01
    100000   -36.00000000   4.7944000000e-01
    100000   -34.00000000   4.3952000000e-01
    100000   -32.00000000   4.0068600000e-01
    100000   -30.00000000   3.6312900000e-01
    100000   -28.00000000   3.2703600000e-01
    100000   -26.00000000   2.9258800000e-01
    100000   -24.00000000   2.5995500000e-01
    100000   -22.00000000   2.2929900000e-01
    100000   -20.00000000   2.0077200000e-01
    100000   -18.00000000   1.7451700000e-01
    100000   -16.00000000   1.5066300000e-01
    100000   -14.00000000   1.2932900000e-01
    100000   -12.00000000   1.1062100000e-01
    100000   -10.00000000   9.4631000000e-02
    100000    -8.00000000   8.3723000000e-02
    100000    -6.00000000   6.8125000000e-02
    100000    -4.00000000   2.5154000000e-02
    100000    -2.00000000   2.0900000000e-02
    100000     0.00000000   1.7430000000e-02
    100000     2.00000000   1.6800000000e-02
    100000     4.00000000   1.6960000000e-02
    100000     6.00000000   1.8120000000e-02
    100000     8.00000000   2.9336000000e-02
    100000    10.00000000   6.1575000000e-02
    100000    12.00000000   8.3334000000e-02
    100000    14.00000000   1.0438900000e-01
    100000    16.00000000   1.2595500000e-01
    100000    18.00000000   1.5007100000e-01
    100000    20.00000000   1.7661900000e-01
    100000    22.00000000   2.0546600000e-01
    100000    24.00000000   2.3647300000e-01
    100000    26.00000000   2.6948500000e-01
    100000    28.00000000   3.0434100000e-01
    100000    30.00000000   3.4086800000e-01
    100000    32.00000000   3.7888700000e-01
    100000    34.00000000   4.1821100000e-01
    100000    36.00000000   4.5864500000e-01
    100000    38.00000000   4.9999000000e-01
    100000    40.00000000   5.4204200000e-01
    100000    42.00000000   5.8459500000e-01
    100000    44.00000000   6.2743700000e-01
    100000    46.00000000   6.7035800000e-01
    100000    48.00000000   7.1314500000e-01
    100000    50.00000000   7.5558700000e-01
    100000    52.00000000   7.9747500000e-01
    100000    54.00000000   8.3860000000e-01
    100000    56.00000000   8.7875900000e-01
    100000    58.00000000   9.1775400000e-01
    100000    60.00000000   9.5539000000e-01
    100000    62.00000000   9.9148200000e-01
    100000    64.00000000   1.0258490000e+00
    100000    66.00000000   1.0583200000e+00
    100000    68.00000000   1.0887340000e+00
    100000    70.00000000   1.1169390000e+00
    100000    72.00000000   1.1427930000e+00
    100000    74.00000000   1.1661670000e+00
    100000    76.00000000   1.1869420000e+00
    100000    78.00000000   1.2050150000e+00
    100000    80.00000000   1.2202920000e+00
    100000    82.00000000   1.2326950000e+00
    100000    84.00000000   1.2421600000e+00
    100000    86.00000000   1.2486360000e+00
    100000    88.00000000   1.2520890000e+00
    100000    90.00000000   1.2524960000e+00
    150000   -90.00000000   1.2524960000e+00
    150000   -88.00000000   1.2530800000e+00
    150000   -86.00000000   1.2506190000e+00
    150000   -84.00000000   1.2451310000e+00
    150000   -82.00000000   1.2366500000e+00
    150000   -80.00000000   1.2252270000e+00
    150000   -78.00000000   1.2109240000e+00
    150000   -76.00000000   1.1938180000e+00
    150000   -74.00000000   1.1740010000e+00
    150000   -72.00000000   1.1515760000e+00
    150000   -70.00000000   1.1266600000e+00
    150000   -68.00000000   1.0993810000e+00
    150000   -66.00000000   1.0698800000e+00
    150000   -64.00000000   1.0383080000e+00
    150000   -62.00000000   1.0048250000e+00
    150000   -60.00000000   9.6960100000e-01
    150000   -58.00000000   9.3281500000e-01
    150000   -56.00000000   8.9465300000e-01
    150000   -54.00000000   8.5530600000e-01
    150000   -52.00000000   8.1497300000e-01
    150000   -50.00000000   7.7385700000e-01
    150000   -48.00000000   7.3216300000e-01
    150000   -46.00000000   6.9010200000e-01
    150000   -44.00000000   6.4788200000e-01
    150000   -42.00000000   6.0571700000e-01
    150000   -40.00000000   5.6381500000e-01
    150000   -38.00000000   5.2238700000e-01
    150000   -36.00000000   4.8163900000e-01
    150000   -34.00000000   4.4177400000e-01
    150000   -32.00000000   4.0299100000e-01
    150000   -30.00000000   3.6548300000e-01
    150000   -28.00000000   3.2943600000e-01
    150000   -26.00000000   2.9503100000e-01
    150000   -24.00000000   2.6243800000e-01
    150000   -22.00000000   2.3181900000e-01
    150000   -20.00000000   2.0332700000e-01
    150000   -18.00000000   1.7710200000e-01
    150000   -16.00000000   1.5327600000e-01
    150000   -14.00000000   1.3196600000e-01
    150000   -12.00000000   1.1327900000e-01
    150000   -10.00000000   9.7307000000e-02
    150000    -8.00000000   8.7907000000e-02
    150000    -6.00000000   5.8707000000e-02
    150000    -4.00000000   1.9260000000e-02
    150000    -2.00000000   1.5230000000e-02
    150000     0.00000000   1.1840000000e-02
    150000     2.00000000   1.1980000000e-02
    150000     4.00000000   1.2970000000e-02
    150000     6.00000000   1.4860000000e-02
    150000     8.00000000   2.2283000000e-02
    150000    10.00000000   3.2860000000e-02
    150000    12.00000000   5.0884000000e-02
    150000    14.00000000   7.0072000000e-02
    150000    16.00000000   9.1958000000e-02
    150000    18.00000000   1.1643500000e-01
    150000    20.00000000   1.4338400000e-01
    150000    22.00000000   1.7267500000e-01
    150000    24.00000000   2.0416400000e-01
    150000    26.00000000   2.3769800000e-01
    150000    28.00000000   2.7311400000e-01
    150000    30.00000000   3.1024000000e-01
    150000    32.00000000   3.4889400000e-01
    150000    34.00000000   3.8889000000e-01
    150000    36.00000000   4.3003200000e-01
    150000    38.00000000   4.7212000000e-01
    150000    40.00000000   5.1495000000e-01
    150000    42.00000000   5.5831200000e-01
    150000    44.00000000   6.0199600000e-01
    150000    46.00000000   6.4579000000e-01
    150000    48.00000000   6.8948000000e-01
    150000    50.00000000   7.3285400000e-01
    150000    52.00000000   7.7570100000e-01
    150000    54.00000000   8.1781200000e-01
    150000    56.00000000   8.5898200000e-01
    150000    58.00000000   8.9901200000e-01
    150000    60.00000000   9.3770700000e-01
    150000    62.00000000   9.7487800000e-01
    150000    64.00000000   1.0103450000e+00
    150000    66.00000000   1.0439350000e+00
    150000    68.00000000   1.0754850000e+00
    150000    70.00000000   1.1048430000e+00
    150000    72.00000000   1.1318640000e+00
    150000    74.00000000   1.1564180000e+00
    150000    76.00000000   1.1783860000e+00
    150000    78.00000000   1.1976620000e+00
    150000    80.00000000   1.2141500000e+00
    150000    82.00000000   1.2277730000e+00
    150000    84.00000000   1.2384630000e+00
    150000    86.00000000   1.2461690000e+00
    150000    88.00000000   1.2508540000e+00
    150000    90.00000000   1.2524960000e+00
    200000   -90.00000000   1.2524960000e+00
    200000   -88.00000000   1.2529120000e+00
    200000   -86.00000000   1.2502810000e+00
    200000   -84.00000000   1.2446250000e+00
    200000   -82.00000000   1.2359770000e+00
    200000   -80.00000000   1.2243870000e+00
    200000   -78.00000000   1.2099190000e+00
    200000   -76.00000000   1.1926480000e+00
    200000   -74.00000000   1.1726680000e+00
    200000   -72.00000000   1.1500810000e+00
    200000   -70.00000000   1.1250060000e+00
    200000   -68.00000000   1.0975700000e+00
    200000   -66.00000000   1.0679130000e+00
    200000   -64.00000000   1.0361880000e+00
    200000   -62.00000000   1.0025550000e+00
    200000   -60.00000000   9.6718300000e-01
    200000   -58.00000000   9.3025200000e-01
    200000   -56.00000000   8.9194800000e-01
    200000   -54.00000000   8.5246300000e-01
    200000   -52.00000000   8.1199600000e-01
    200000   -50.00000000   7.7074800000e-01
    200000   -48.00000000   7.2892700000e-01
    200000   -46.00000000   6.8674200000e-01
    200000   -44.00000000   6.4440400000e-01
    200000   -42.00000000   6.0212300000e-01
    200000   -40.00000000   5.6011000000e-01
    200000   -38.00000000   5.1857600000e-01
    200000   -36.00000000   4.7772600000e-01
    200000   -34.00000000   4.3776400000e-01
    200000   -32.00000000   3.9888900000e-01
    200000   -30.00000000   3.6129400000e-01
    200000   -28.00000000   3.2516600000e-01
    200000   -26.00000000   2.9068400000e-01
    200000   -24.00000000   2.5802000000e-01
    200000   -22.00000000   2.2733500000e-01
    200000   -20.00000000   1.9878200000e-01
    200000   -18.00000000   1.7250300000e-01
    200000   -16.00000000   1.4862700000e-01
    200000   -14.00000000   1.2727400000e-01
    200000   -12.00000000   1.0854900000e-01
    200000   -10.00000000   9.2545000000e-02
    200000    -8.00000000   8.2918000000e-02
    200000    -6.00000000   4.9833000000e-02
    200000    -4.00000000   1.6281000000e-02
    200000    -2.00000000   1.2320000000e-02
    200000     0.00000000   9.4700000000e-03
    200000     2.00000000   1.0070000000e-02
    200000     4.00000000   1.1550000000e-02
    200000     6.00000000   1.4158000000e-02
    200000     8.00000000   2.0935000000e-02
    200000    10.00000000   3.2662000000e-02
    200000    12.00000000   5.0407000000e-02
    200000    14.00000000   6.9599000000e-02
    200000    16.00000000   9.1489000000e-02
    200000    18.00000000   1.1597100000e-01
    200000    20.00000000   1.4292600000e-01
    200000    22.00000000   1.7222200000e-01
    200000    24.00000000   2.0371800000e-01
    200000    26.00000000   2.3725900000e-01
    200000    28.00000000   2.7268300000e-01
    200000    30.00000000   3.0981700000e-01
    200000    32.00000000   3.4848100000e-01
    200000    34.00000000   3.8848600000e-01
    200000    36.00000000   4.2963700000e-01
    200000    38.00000000   4.7173600000e-01
    200000    40.00000000   5.1457600000e-01
    200000    42.00000000   5.5794900000e-01
    200000    44.00000000   6.0164500000e-01
    200000    46.00000000   6.4545100000e-01
    200000    48.00000000   6.8915400000e-01
    200000    50.00000000   7.3254000000e-01
    200000    52.00000000   7.7540000000e-01
    200000    54.00000000   8.1752500000e-01
    200000    56.00000000   8.5870900000e-01
    200000    58.00000000   8.9875400000e-01
    200000    60.00000000   9.3746300000e-01
    200000    62.00000000   9.7464900000e-01
    200000    64.00000000   1.0101310000e+00
    200000    66.00000000   1.0437370000e+00
    200000    68.00000000   1.0753030000e+00
    200000    70.00000000   1.1046760000e+00
    200000    72.00000000   1.1317130000e+00
    200000    74.00000000   1.1562840000e+00
    200000    76.00000000   1.1782680000e+00
    200000    78.00000000   1.1975600000e+00
    200000    80.00000000   1.2140660000e+00
    200000    82.00000000   1.2277050000e+00
    200000    84.00000000   1.2384120000e+00
    200000    86.00000000   1.2461350000e+00
    200000    88.00000000   1.2508370000e+00
    200000    90.00000000   1.2524960000e+00
    250000   -90.00000000   1.2524960000e+00
    250000   -88.00000000   1.2527150000e+00
    250000   -86.00000000   1.2498890000e+00
    250000   -84.00000000   1.2440370000e+00
    250000   -82.00000000   1.2351940000e+00
    250000   -80.00000000   1.2234100000e+00
    250000   -78.00000000   1.2087480000e+00
    250000   -76.00000000   1.1912860000e+00
    250000   -74.00000000   1.1711160000e+00
    250000   -72.00000000   1.1483420000e+00
    250000   -70.00000000   1.1230800000e+00
    250000   -68.00000000   1.0954610000e+00
    250000   -66.00000000   1.0656230000e+00
    250000   -64.00000000   1.0337200000e+00
    250000   -62.00000000   9.9991100000e-01
    250000   -60.00000000   9.6436800000e-01
    250000   -58.00000000   9.2726900000e-01
    250000   -56.00000000   8.8880000000e-01
    250000   -54.00000000   8.4915400000e-01
    250000   -52.00000000   8.0852900000e-01
    250000   -50.00000000   7.6712900000e-01
    250000   -48.00000000   7.2516000000e-01
    250000   -46.00000000   6.8283100000e-01
    250000   -44.00000000   6.4035400000e-01
    250000   -42.00000000   5.9793900000e-01
    250000   -40.00000000   5.5579700000e-01
    250000   -38.00000000   5.1413900000e-01
    250000   -36.00000000   4.7317100000e-01
    250000   -34.00000000   4.3309700000e-01
    250000   -32.00000000   3.9411500000e-01
    250000   -30.00000000   3.5641900000e-01
    250000   -28.00000000   3.2019500000e-01
    250000   -26.00000000   2.8562400000e-01
    250000   -24.00000000   2.5287600000e-01
    250000   -22.00000000   2.2211500000e-01
    250000   -20.00000000   1.9349200000e-01
    250000   -18.00000000   1.6714800000e-01
    250000   -16.00000000   1.4321500000e-01
    250000   -14.00000000   1.2181100000e-01
    250000   -12.00000000   1.0304200000e-01
    250000   -10.00000000   8.7153000000e-02
    250000    -8.00000000   7.6347000000e-02
    250000    -6.00000000   4.3990000000e-02
    250000    -4.00000000   1.3780000000e-02
    250000    -2.00000000   1.0740000000e-02
    250000     0.00000000   8.2300000000e-03
    250000     2.00000000   9.0800000000e-03
    250000     4.00000000   1.0711000000e-02
    250000     6.00000000   5.9310000000e-03
    250000     8.00000000   1.6577000000e-02
    250000    10.00000000   1.1564000000e-02
    250000    12.00000000   2.8116000000e-02
    250000    14.00000000   4.7486000000e-02
    250000    16.00000000   6.9583000000e-02
    250000    18.00000000   9.4297000000e-02
    250000    20.00000000   1.2151100000e-01
    250000    22.00000000   1.5109300000e-01
    250000    24.00000000   1.8289900000e-01
    250000    26.00000000   2.1677600000e-01
    250000    28.00000000   2.5256100000e-01
    250000    30.00000000   2.9008100000e-01
    250000    32.00000000   3.2915400000e-01
    250000    34.00000000   3.6959300000e-01
    250000    36.00000000   4.1120100000e-01
    250000    38.00000000   4.5377800000e-01
    250000    40.00000000   4.9711800000e-01
    250000    42.00000000   5.4101400000e-01
    250000    44.00000000   5.8525200000e-01
    250000    46.00000000   6.2962000000e-01
    250000    48.00000000   6.7390500000e-01
    250000    50.00000000   7.1789200000e-01
    250000    52.00000000   7.6137000000e-01
    250000    54.00000000   8.0413000000e-01
    250000    56.00000000   8.4596600000e-01
    250000    58.00000000   8.8667700000e-01
    250000    60.00000000   9.2606800000e-01
    250000    62.00000000   9.6395000000e-01
    250000    64.00000000   1.0001410000e+00
    250000    66.00000000   1.0344670000e+00
    250000    68.00000000   1.0667660000e+00
    250000    70.00000000   1.0968810000e+00
    250000    72.00000000   1.1246710000e+00
    250000    74.00000000   1.1500020000e+00
    250000    76.00000000   1.1727550000e+00
    250000    78.00000000   1.1928220000e+00
    250000    80.00000000   1.2101080000e+00
    250000    82.00000000   1.2245330000e+00
    250000    84.00000000   1.2360300000e+00
    250000    86.00000000   1.2445450000e+00
    250000    88.00000000   1.2500420000e+00
    250000    90.00000000   1.2524960000e+00
     50000   -90.00000000   1.2524960000e+00
     50000   -88.00000000   1.2532710000e+00
     50000   -86.00000000   1.2509990000e+00
     50000   -84.00000000   1.2457010000e+00
     50000   -82.00000000   1.2374100000e+00
     50000   -80.00000000   1.2261750000e+00
     50000   -78.00000000   1.2120590000e+00
     50000   -76.00000000   1.1951390000e+00
     50000   -74.00000000   1.1755050000e+00
     50000   -72.00000000   1.1532620000e+00
     50000   -70.00000000   1.1285260000e+00
     50000   -68.00000000   1.1014260000e+00
     50000   -66.00000000   1.0721000000e+00
     50000   -64.00000000   1.0407000000e+00
     50000   -62.00000000   1.0073870000e+00
     50000   -60.00000000   9.7233000000e-01
     50000   -58.00000000   9.3570700000e-01
     50000   -56.00000000   8.9770400000e-01
     50000   -54.00000000   8.5851400000e-01
     50000   -52.00000000   8.1833300000e-01
     50000   -50.00000000   7.7736500000e-01
     50000   -48.00000000   7.3581500000e-01
     50000   -46.00000000   6.9389300000e-01
     50000   -44.00000000   6.5180800000e-01
     50000   -42.00000000   6.0977200000e-01
     50000   -40.00000000   5.6799600000e-01
     50000   -38.00000000   5.2668700000e-01
     50000   -36.00000000   4.8605400000e-01
     50000   -34.00000000   4.4629800000e-01
     50000   -32.00000000   4.0761900000e-01
     50000   -30.00000000   3.7020900000e-01
     50000   -28.00000000   3.3425500000e-01
     50000   -26.00000000   2.9993600000e-01
     50000   -24.00000000   2.6742400000e-01
     50000   -22.00000000   2.3687900000e-01
     50000   -20.00000000   2.0845500000e-01
     50000   -18.00000000   1.8229300000e-01
     50000   -16.00000000   1.5852200000e-01
     50000   -14.00000000   1.3726200000e-01
     50000   -12.00000000   1.1861800000e-01
     50000   -10.00000000   1.0268200000e-01
     50000    -8.00000000   9.0838000000e-02
     50000    -6.00000000   7.9240000000e-02
     50000    -4.00000000   4.1980000000e-02
     50000    -2.00000000   2.9040000000e-02
     50000     0.00000000   2.7760000000e-02
     50000     2.00000000   3.5030000000e-02
     50000     4.00000000   4.1670000000e-02
     50000     6.00000000   3.9834000000e-02
     50000     8.00000000   3.8722000000e-02
     50000    10.00000000   2.9892000000e-02
     50000    12.00000000   4.4879000000e-02
     50000    14.00000000   6.4115000000e-02
     50000    16.00000000   8.6057000000e-02
     50000    18.00000000   1.1059600000e-01
     50000    20.00000000   1.3761500000e-01
     50000    22.00000000   1.6698300000e-01
     50000    24.00000000   1.9855500000e-01
     50000    26.00000000   2.3218000000e-01
     50000    28.00000000   2.6769300000e-01
     50000    30.00000000   3.0492300000e-01
     50000    32.00000000   3.4368800000e-01
     50000    34.00000000   3.8380000000e-01
     50000    36.00000000   4.2506500000e-01
     50000    38.00000000   4.6728300000e-01
     50000    40.00000000   5.1024700000e-01
     50000    42.00000000   5.5375000000e-01
     50000    44.00000000   5.9758000000e-01
     50000    46.00000000   6.4152500000e-01
     50000    48.00000000   6.8537200000e-01
     50000    50.00000000   7.2890800000e-01
     50000    52.00000000   7.7192100000e-01
     50000    54.00000000   8.1420300000e-01
     50000    56.00000000   8.5554900000e-01
     50000    58.00000000   8.9575900000e-01
     50000    60.00000000   9.3463700000e-01
     50000    62.00000000   9.7199600000e-01
     50000    64.00000000   1.0076530000e+00
     50000    66.00000000   1.0414380000e+00
     50000    68.00000000   1.0731860000e+00
     50000    70.00000000   1.1027430000e+00
     50000    72.00000000   1.1299670000e+00
     50000    74.00000000   1.1547260000e+00
     50000    76.00000000   1.1769010000e+00
     50000    78.00000000   1.1963850000e+00
     50000    80.00000000   1.2130840000e+00
     50000    82.00000000   1.2269180000e+00
     50000    84.00000000   1.2378210000e+00
     50000    86.00000000   1.2457410000e+00
     50000    88.00000000   1.2506400000e+00
     50000    90.00000000   1.2524960000e+00
    100000   -90.00000000   1.2524960000e+00
    100000   -88.00000000   1.2529890000e+00
    100000   -86.00000000   1.2504350000e+00
    100000   -84.00000000   1.2448560000e+00
    100000   -82.00000000   1.2362840000e+00
    100000   -80.00000000   1.2247700000e+00
    100000   -78.00000000   1.2103770000e+00
    100000   -76.00000000   1.1931820000e+00
    100000   -74.00000000   1.1732760000e+00
    100000   -72.00000000   1.1507630000e+00
    100000   -70.00000000   1.1257600000e+00
    100000   -68.00000000   1.0983960000e+00
    100000   -66.00000000   1.0688110000e+00
    100000   -64.00000000   1.0371550000e+00
    100000   -62.00000000   1.0035900000e+00
    100000   -60.00000000   9.6828600000e-01
    100000   -58.00000000   9.3142200000e-01
    100000   -56.00000000   8.9318200000e-01
    100000   -54.00000000   8.5376000000e-01
    100000   -52.00000000   8.1335400000e-01
    100000   -50.00000000   7.7216600000e-01
    100000   -48.00000000   7.3040400000e-01
    100000   -46.00000000   6.8827500000e-01
    100000   -44.00000000   6.4599100000e-01
    100000   -42.00000000   6.0376200000e-01
    100000   -40.00000000   5.6180100000e-01
    100000   -38.00000000   5.2031500000e-01
    100000   -36.00000000   4.7951100000e-01
    100000   -34.00000000   4.3959400000e-01
    100000   -32.00000000   4.0076100000e-01
    100000   -30.00000000   3.6320500000e-01
    100000   -28.00000000   3.2711400000e-01
    100000   -26.00000000   2.9266700000e-01
    100000   -24.00000000   2.6003600000e-01
    100000   -22.00000000   2.2938100000e-01
    100000   -20.00000000   2.0085600000e-01
    100000   -18.00000000   1.7460100000e-01
    100000   -16.00000000   1.5074800000e-01
    100000   -14.00000000   1.2941500000e-01
    100000   -12.00000000   1.1070700000e-01
    100000   -10.00000000   9.4718000000e-02
    100000    -8.00000000   8.2221000000e-02
    100000    -6.00000000   7.2083000000e-02
    100000    -4.00000000   2.8851000000e-02
    100000    -2.00000000   2.0900000000e-02
    100000     0.00000000   1.7450000000e-02
    100000     2.00000000   1.6810000000e-02
    100000     4.00000000   1.6960000000e-02
    100000     6.00000000   1.8268000000e-02
    100000     8.00000000   2.6148000000e-02
    100000    10.00000000   4.6629000000e-02
    100000    12.00000000   6.1664000000e-02
    100000    14.00000000   8.0766000000e-02
    100000    16.00000000   1.0255200000e-01
    100000    18.00000000   1.2691700000e-01
    100000    20.00000000   1.5374100000e-01
    100000    22.00000000   1.8289300000e-01
    100000    24.00000000   2.1423200000e-01
    100000    26.00000000   2.4760300000e-01
    100000    28.00000000   2.8284500000e-01
    100000    30.00000000   3.1978400000e-01
    100000    32.00000000   3.5824100000e-01
    100000    34.00000000   3.9802700000e-01
    100000    36.00000000   4.3894800000e-01
    100000    38.00000000   4.8080500000e-01
    100000    40.00000000   5.2339200000e-01
    100000    42.00000000   5.6650200000e-01
    100000    44.00000000   6.0992400000e-01
    100000    46.00000000   6.5344600000e-01
    100000    48.00000000   6.9685500000e-01
    100000    50.00000000   7.3993800000e-01
    100000    52.00000000   7.8248600000e-01
    100000    54.00000000   8.2429000000e-01
    100000    56.00000000   8.6514500000e-01
    100000    58.00000000   9.0485200000e-01
    100000    60.00000000   9.4321700000e-01
    100000    62.00000000   9.8005200000e-01
    100000    64.00000000   1.0151760000e+00
    100000    66.00000000   1.0484180000e+00
    100000    68.00000000   1.0796140000e+00
    100000    70.00000000   1.1086120000e+00
    100000    72.00000000   1.1352700000e+00
    100000    74.00000000   1.1594560000e+00
    100000    76.00000000   1.1810530000e+00
    100000    78.00000000   1.1999530000e+00
    100000    80.00000000   1.2160640000e+00
    100000    82.00000000   1.2293070000e+00
    100000    84.00000000   1.2396150000e+00
    100000    86.00000000   1.2469380000e+00
    100000    88.00000000   1.2512390000e+00
    100000    90.00000000   1.2524960000e+00
    150000   -90.00000000   1.2524960000e+00
    150000   -88.00000000   1.2539130000e+00
    150000   -86.00000000   1.2522830000e+00
    150000   -84.00000000   1.2476240000e+00
    150000   -82.00000000   1.2399710000e+00
    150000   -80.00000000   1.2293700000e+00
    150000   -78.00000000   1.2158840000e+00
    150000   -76.00000000   1.1995900000e+00
    150000   -74.00000000   1.1805770000e+00
    150000   -72.00000000   1.1589490000e+00
    150000   -70.00000000   1.1348200000e+00
    150000   -68.00000000   1.1083190000e+00
    150000   -66.00000000   1.0795840000e+00
    150000   -64.00000000   1.0487670000e+00
    150000   -62.00000000   1.0160260000e+00
    150000   -60.00000000   9.8153000000e-01
    150000   -58.00000000   9.4545800000e-01
    150000   -56.00000000   9.0799400000e-01
    150000   -54.00000000   8.6932900000e-01
    150000   -52.00000000   8.2966200000e-01
    150000   -50.00000000   7.8919300000e-01
    150000   -48.00000000   7.4812800000e-01
    150000   -46.00000000   7.0667500000e-01
    150000   -44.00000000   6.6504500000e-01
    150000   -42.00000000   6.2344700000e-01
    150000   -40.00000000   5.8209200000e-01
    150000   -38.00000000   5.4118700000e-01
    150000   -36.00000000   5.0094000000e-01
    150000   -34.00000000   4.6155300000e-01
    150000   -32.00000000   4.2322400000e-01
    150000   -30.00000000   3.8614400000e-01
    150000   -28.00000000   3.5050200000e-01
    150000   -26.00000000   3.1647500000e-01
    150000   -24.00000000   2.8423300000e-01
    150000   -22.00000000   2.5394000000e-01
    150000   -20.00000000   2.2574600000e-01
    150000   -18.00000000   1.9979300000e-01
    150000   -16.00000000   1.7621000000e-01
    150000   -14.00000000   1.5511600000e-01
    150000   -12.00000000   1.3810600000e-01
    150000   -10.00000000   1.1988700000e-01
    150000    -8.00000000   9.8849000000e-02
    150000    -6.00000000   5.2101000000e-02
    150000    -4.00000000   1.8890000000e-02
    150000    -2.00000000   1.5230000000e-02
    150000     0.00000000   1.1840000000e-02
    150000     2.00000000   1.1980000000e-02
    150000     4.00000000   1.2970000000e-02
    150000     6.00000000   1.4485000000e-02
    150000     8.00000000   1.7770000000e-02
    150000    10.00000000   3.7227000000e-02
    150000    12.00000000   4.7732000000e-02
    150000    14.00000000   6.6945000000e-02
    150000    16.00000000   8.8860000000e-02
    150000    18.00000000   1.1337000000e-01
    150000    20.00000000   1.4035600000e-01
    150000    22.00000000   1.6968700000e-01
    150000    24.00000000   2.0121900000e-01
    150000    26.00000000   2.3480100000e-01
    150000    28.00000000   2.7026800000e-01
    150000    30.00000000   3.0744800000e-01
    150000    32.00000000   3.4616100000e-01
    150000    34.00000000   3.8621800000e-01
    150000    36.00000000   4.2742500000e-01
    150000    38.00000000   4.6958100000e-01
    150000    40.00000000   5.1248100000e-01
    150000    42.00000000   5.5591700000e-01
    150000    44.00000000   5.9967800000e-01
    150000    46.00000000   6.4355100000e-01
    150000    48.00000000   6.8732400000e-01
    150000    50.00000000   7.3078200000e-01
    150000    52.00000000   7.7371600000e-01
    150000    54.00000000   8.1591700000e-01
    150000    56.00000000   8.5718000000e-01
    150000    58.00000000   8.9730400000e-01
    150000    60.00000000   9.3609500000e-01
    150000    62.00000000   9.7336500000e-01
    150000    64.00000000   1.0089320000e+00
    150000    66.00000000   1.0426240000e+00
    150000    68.00000000   1.0742780000e+00
    150000    70.00000000   1.1037400000e+00
    150000    72.00000000   1.1308680000e+00
    150000    74.00000000   1.1555300000e+00
    150000    76.00000000   1.1776070000e+00
    150000    78.00000000   1.1969910000e+00
    150000    80.00000000   1.2135910000e+00
    150000    82.00000000   1.2273240000e+00
    150000    84.00000000   1.2381260000e+00
    150000    86.00000000   1.2459440000e+00
    150000    88.00000000   1.2507420000e+00
    150000    90.00000000   1.2524960000e+00
    200000   -90.00000000   1.2524960000e+00
    200000   -88.00000000   1.2532190000e+00
    200000   -86.00000000   1.2508950000e+00
    200000   -84.00000000   1.2455450000e+00
    200000   -82.00000000   1.2372020000e+00
    200000   -80.00000000   1.2259150000e+00
    200000   -78.00000000   1.2117480000e+00
    200000   -76.00000000   1.1947770000e+00
    200000   -74.00000000   1.1750940000e+00
    200000   -72.00000000   1.1528010000e+00
    200000   -70.00000000   1.1280150000e+00
    200000   -68.00000000   1.1008660000e+00
    200000   -66.00000000   1.0714930000e+00
    200000   -64.00000000   1.0400460000e+00
    200000   -62.00000000   1.0066860000e+00
    200000   -60.00000000   9.7158300000e-01
    200000   -58.00000000   9.3491600000e-01
    200000   -56.00000000   8.9686900000e-01
    200000   -54.00000000   8.5763600000e-01
    200000   -52.00000000   8.1741300000e-01
    200000   -50.00000000   7.7640500000e-01
    200000   -48.00000000   7.3481600000e-01
    200000   -46.00000000   6.9285500000e-01
    200000   -44.00000000   6.5073400000e-01
    200000   -42.00000000   6.0866200000e-01
    200000   -40.00000000   5.6685100000e-01
    200000   -38.00000000   5.2551000000e-01
    200000   -36.00000000   4.8484500000e-01
    200000   -34.00000000   4.4506000000e-01
    200000   -32.00000000   4.0635200000e-01
    200000   -30.00000000   3.6891500000e-01
    200000   -28.00000000   3.3293600000e-01
    200000   -26.00000000   2.9859300000e-01
    200000   -24.00000000   2.6605900000e-01
    200000   -22.00000000   2.3549400000e-01
    200000   -20.00000000   2.0705100000e-01
    200000   -18.00000000   1.8087200000e-01
    200000   -16.00000000   1.5708600000e-01
    200000   -14.00000000   1.3581200000e-01
    200000   -12.00000000   1.1715600000e-01
    200000   -10.00000000   1.0058300000e-01
    200000    -8.00000000   8.7423000000e-02
    200000    -6.00000000   5.1354000000e-02
    200000    -4.00000000   1.5970000000e-02
    200000    -2.00000000   1.2110000000e-02
    200000     0.00000000   9.4700000000e-03
    200000     2.00000000   1.0070000000e-02
    200000     4.00000000   1.1560000000e-02
    200000     6.00000000   1.4167000000e-02
    200000     8.00000000   2.0930000000e-02
    200000    10.00000000   3.2652000000e-02
    200000    12.00000000   5.0397000000e-02
    200000    14.00000000   6.9589000000e-02
    200000    16.00000000   9.1479000000e-02
    200000    18.00000000   1.1596100000e-01
    200000    20.00000000   1.4291600000e-01
    200000    22.00000000   1.7221300000e-01
    200000    24.00000000   2.0370900000e-01
    200000    26.00000000   2.3725000000e-01
    200000    28.00000000   2.7267400000e-01
    200000    30.00000000   3.0980800000e-01
    200000    32.00000000   3.4847200000e-01
    200000    34.00000000   3.8847700000e-01
    200000    36.00000000   4.2962900000e-01
    200000    38.00000000   4.7172800000e-01
    200000    40.00000000   5.1456800000e-01
    200000    42.00000000   5.5794200000e-01
    200000    44.00000000   6.0163800000e-01
    200000    46.00000000   6.4544400000e-01
    200000    48.00000000   6.8914700000e-01
    200000    50.00000000   7.3253400000e-01
    200000    52.00000000   7.7539400000e-01
    200000    54.00000000   8.1751900000e-01
    200000    56.00000000   8.5870400000e-01
    200000    58.00000000   8.9874800000e-01
    200000    60.00000000   9.3745800000e-01
    200000    62.00000000   9.7464400000e-01
    200000    64.00000000   1.0101260000e+00
    200000    66.00000000   1.0437320000e+00
    200000    68.00000000   1.0752990000e+00
    200000    70.00000000   1.1046720000e+00
    200000    72.00000000   1.1317100000e+00
    200000    74.00000000   1.1562810000e+00
    200000    76.00000000   1.1782660000e+00
    200000    78.00000000   1.1975580000e+00
    200000    80.00000000   1.2140640000e+00
    200000    82.00000000   1.2277030000e+00
    200000    84.00000000   1.2384110000e+00
    200000    86.00000000   1.2461340000e+00
    200000    88.00000000   1.2508370000e+00
    200000    90.00000000   1.2524960000e+00
    250000   -90.00000000   1.2524960000e+00
    250000   -88.00000000   1.2538430000e+00
    250000   -86.00000000   1.2521430000e+00
    250000   -84.00000000   1.2474150000e+00
    250000   -82.00000000   1.2396920000e+00
    250000   -80.00000000   1.2290220000e+00
    250000   -78.00000000   1.2154680000e+00
    250000   -76.00000000   1.1991060000e+00
    250000   -74.00000000   1.1800250000e+00
    250000   -72.00000000   1.1583290000e+00
    250000   -70.00000000   1.1341350000e+00
    250000   -68.00000000   1.1075680000e+00
    250000   -66.00000000   1.0787690000e+00
    250000   -64.00000000   1.0478880000e+00
    250000   -62.00000000   1.0150850000e+00
    250000   -60.00000000   9.8052900000e-01
    250000   -58.00000000   9.4439600000e-01
    250000   -56.00000000   9.0687400000e-01
    250000   -54.00000000   8.6815200000e-01
    250000   -52.00000000   8.2842800000e-01
    250000   -50.00000000   7.8790500000e-01
    250000   -48.00000000   7.4678700000e-01
    250000   -46.00000000   7.0528300000e-01
    250000   -44.00000000   6.6360300000e-01
    250000   -42.00000000   6.2195800000e-01
    250000   -40.00000000   5.8055700000e-01
    250000   -38.00000000   5.3960900000e-01
    250000   -36.00000000   4.9931900000e-01
    250000   -34.00000000   4.5989200000e-01
    250000   -32.00000000   4.2152400000e-01
    250000   -30.00000000   3.8440900000e-01
    250000   -28.00000000   3.4873300000e-01
    250000   -26.00000000   3.1467400000e-01
    250000   -24.00000000   2.8240300000e-01
    250000   -22.00000000   2.5208200000e-01
    250000   -20.00000000   2.2386300000e-01
    250000   -18.00000000   1.9788700000e-01
    250000   -16.00000000   1.7428400000e-01
    250000   -14.00000000   1.5317200000e-01
    250000   -12.00000000   1.3348400000e-01
    250000   -10.00000000   1.1883000000e-01
    250000    -8.00000000   9.5797000000e-02
    250000    -6.00000000   3.6405000000e-02
    250000    -4.00000000   1.3790000000e-02
    250000    -2.00000000   1.0740000000e-02
    250000     0.00000000   8.2300000000e-03
    250000     2.00000000   9.0900000000e-03
    250000     4.00000000   1.0770000000e-02
    250000     6.00000000   1.3974000000e-02
    250000     8.00000000   1.9116000000e-02
    250000    10.00000000   3.2653000000e-02
    250000    12.00000000   4.9703000000e-02
    250000    14.00000000   6.8901000000e-02
    250000    16.00000000   9.0798000000e-02
    250000    18.00000000   1.1528700000e-01
    250000    20.00000000   1.4225000000e-01
    250000    22.00000000   1.7155600000e-01
    250000    24.00000000   2.0306100000e-01
    250000    26.00000000   2.3661300000e-01
    250000    28.00000000   2.7204800000e-01
    250000    30.00000000   3.0919400000e-01
    250000    32.00000000   3.4787100000e-01
    250000    34.00000000   3.8788900000e-01
    250000    36.00000000   4.2905600000e-01
    250000    38.00000000   4.7116900000e-01
    250000    40.00000000   5.1402500000e-01
    250000    42.00000000   5.5741500000e-01
    250000    44.00000000   6.0112800000e-01
    250000    46.00000000   6.4495200000e-01
    250000    48.00000000   6.8867200000e-01
    250000    50.00000000   7.3207800000e-01
    250000    52.00000000   7.7495700000e-01
    250000    54.00000000   8.1710200000e-01
    250000    56.00000000   8.5830700000e-01
    250000    58.00000000   8.9837200000e-01
    250000    60.00000000   9.3710300000e-01
    250000    62.00000000   9.7431100000e-01
    250000    64.00000000   1.0098160000e+00
    250000    66.00000000   1.0434440000e+00
    250000    68.00000000   1.0750330000e+00
    250000    70.00000000   1.1044300000e+00
    250000    72.00000000   1.1314910000e+00
    250000    74.00000000   1.1560860000e+00
    250000    76.00000000   1.1780940000e+00
    250000    78.00000000   1.1974110000e+00
    250000    80.00000000   1.2139410000e+00
    250000    82.00000000   1.2276050000e+00
    250000    84.00000000   1.2383370000e+00
    250000    86.00000000   1.2460850000e+00
    250000    88.00000000   1.2508120000e+00
    250000    90.00000000   1.2524960000e+00
