# Structured airframe sections, world coordinates (x, y, z as in the STL).
# Point 0 of every section lies ON the trailing edge (max x); the loop is
# consistently wound and arclength-resampled with cosine clustering.
# nsections npoints
40 80
0.194364313 0.104699982 0.001183381
0.194026965 0.104699982 0.001643571
0.192217843 0.104699982 0.001832640
0.189171149 0.104699982 0.001991826
0.184940431 0.104699982 0.002383984
0.179555708 0.104699982 0.002971497
0.173064972 0.104699982 0.003874699
0.165489581 0.104699982 0.004928833
0.156909177 0.104699982 0.006331933
0.147380561 0.104699982 0.008096740
0.136974558 0.104699982 0.010233532
0.125768346 0.104699982 0.012791010
0.113783928 0.104699982 0.015526089
0.101095192 0.104699982 0.018421908
0.087781004 0.104699982 0.021463388
0.073909229 0.104699982 0.024568792
0.059576795 0.104699982 0.027769596
0.044873689 0.104699982 0.031053181
0.029887515 0.104699982 0.034384939
0.014656952 0.104699982 0.037493109
-0.000675414 0.104699982 0.040581721
-0.016075485 0.104699982 0.043315976
-0.031421018 0.104699982 0.045784186
-0.046610829 0.104699982 0.048011354
-0.061574391 0.104699982 0.049754474
-0.076177076 0.104699982 0.051301576
-0.090341531 0.104699982 0.052501087
-0.103976966 0.104699982 0.053266219
-0.116986651 0.104699982 0.053400321
-0.129269762 0.104699982 0.053081216
-0.140721798 0.104699982 0.052120870
-0.151226044 0.104699982 0.050549380
-0.160703751 0.104699982 0.048550949
-0.169070118 0.104699982 0.046201848
-0.176220126 0.104699982 0.043512404
-0.182122709 0.104699982 0.040666073
-0.186669802 0.104699982 0.037721029
-0.190236956 0.104699982 0.035412745
-0.192583503 0.104699982 0.033506007
-0.193776092 0.104699982 0.032105065
-0.194144712 0.104699982 0.031617925
-0.194432258 0.104699982 0.031074815
-0.195265372 0.104699982 0.029442184
-0.194527694 0.104699982 0.026549658
-0.191483583 0.104699982 0.023701274
-0.186519333 0.104699982 0.021675717
-0.180216323 0.104699982 0.019883104
-0.172769260 0.104699982 0.018157983
-0.164257916 0.104699982 0.016373821
-0.154721362 0.104699982 0.014659506
-0.144245470 0.104699982 0.012884174
-0.132860814 0.104699982 0.011303265
-0.120679589 0.104699982 0.009652602
-0.107743633 0.104699982 0.008230399
-0.094158703 0.104699982 0.006827568
-0.080015387 0.104699982 0.005400627
-0.065403473 0.104699982 0.003932365
-0.050413660 0.104699982 0.002426130
-0.035130039 0.104699982 0.000976834
-0.019655256 0.104699982 -0.000493611
-0.004084475 0.104699982 -0.001973178
0.011486307 0.104699982 -0.003452745
0.026961089 0.104699982 -0.004923191
0.042250922 0.104699982 -0.006300174
0.057274063 0.104699982 -0.007426439
0.071952978 0.104699982 -0.007823008
0.086166762 0.104699982 -0.007896653
0.099822874 0.104699982 -0.007757875
0.112834455 0.104699982 -0.007474538
0.125115251 0.104699982 -0.006937086
0.136596960 0.104699982 -0.006406207
0.147185323 0.104699982 -0.005521521
0.156839081 0.104699982 -0.004682136
0.165474825 0.104699982 -0.003657370
0.173051844 0.104699982 -0.002622121
0.179522583 0.104699982 -0.001588056
0.184860454 0.104699982 -0.000661065
0.189046651 0.104699982 0.000065923
0.192056520 0.104699982 0.000580762
0.193876379 0.104699982 0.000809907
0.194201663 0.128905111 0.001443124
0.193662091 0.128905111 0.001752960
0.191778266 0.128905111 0.001801861
0.188652853 0.128905111 0.002024388
0.184311857 0.128905111 0.002426768
0.178788587 0.128905111 0.003053551
0.172121775 0.128905111 0.003929365
0.164342886 0.128905111 0.004966484
0.155545357 0.128905111 0.006454143
0.145754604 0.128905111 0.008188751
0.135092484 0.128905111 0.010458482
0.123592535 0.128905111 0.013075445
0.111292258 0.128905111 0.015866542
0.098264363 0.128905111 0.018800728
0.084593035 0.128905111 0.021876985
0.070375771 0.128905111 0.025134365
0.055662364 0.128905111 0.028385366
0.040572339 0.128905111 0.031738034
0.025190371 0.128905111 0.035131739
0.009548834 0.128905111 0.038251724
-0.006210373 0.128905111 0.041282339
-0.022030086 0.128905111 0.043982393
-0.037797003 0.128905111 0.046389438
-0.053409619 0.128905111 0.048482449
-0.068769673 0.128905111 0.050211861
-0.083761123 0.128905111 0.051725262
-0.098303108 0.128905111 0.052852106
-0.112293447 0.128905111 0.053621357
-0.125643637 0.128905111 0.053868858
-0.138247072 0.128905111 0.053434533
-0.149995743 0.128905111 0.052421023
-0.160783007 0.128905111 0.050865860
-0.170505496 0.128905111 0.048802940
-0.179061287 0.128905111 0.046289122
-0.186406595 0.128905111 0.043538360
-0.192375314 0.128905111 0.040442082
-0.197018008 0.128905111 0.037388949
-0.200645688 0.128905111 0.034971080
-0.203076399 0.128905111 0.033022590
-0.204251366 0.128905111 0.031545456
-0.204562180 0.128905111 0.031001016
-0.204831639 0.128905111 0.030430939
-0.205531915 0.128905111 0.028713559
-0.204503277 0.128905111 0.025820793
-0.201339634 0.128905111 0.022935690
-0.196195544 0.128905111 0.020947075
-0.189761599 0.128905111 0.018993686
-0.182142196 0.128905111 0.017119950
-0.173396019 0.128905111 0.015357761
-0.163625433 0.128905111 0.013518940
-0.152861343 0.128905111 0.011788999
-0.141189678 0.128905111 0.010099526
-0.128675764 0.128905111 0.008528831
-0.115395159 0.128905111 0.007131107
-0.101445222 0.128905111 0.005801514
-0.086925338 0.128905111 0.004417599
-0.071915881 0.128905111 0.003088428
-0.056521030 0.128905111 0.001692781
-0.040833369 0.128905111 0.000266202
-0.024946587 0.128905111 -0.001148575
-0.008967983 0.128905111 -0.002645939
0.007011886 0.128905111 -0.004129796
0.022893305 0.128905111 -0.005603749
0.038577112 0.128905111 -0.007072051
0.053994229 0.128905111 -0.008188758
0.069051746 0.128905111 -0.008708673
0.083636946 0.128905111 -0.008807603
0.097648437 0.128905111 -0.008617932
0.110997624 0.128905111 -0.008284016
0.123597276 0.128905111 -0.007706454
0.135365897 0.128905111 -0.006957102
0.146236394 0.128905111 -0.006133022
0.156132523 0.128905111 -0.005175411
0.164986135 0.128905111 -0.004066612
0.172744710 0.128905111 -0.002888864
0.179384144 0.128905111 -0.001829383
0.184848222 0.128905111 -0.000806553
0.189143344 0.128905111 -0.000059548
0.192230483 0.128905111 0.000476574
0.194041658 0.128905111 0.000865176
0.194673348 0.153110241 0.001136007
0.194193521 0.153110241 0.001536939
0.192290282 0.153110241 0.001794323
0.189079032 0.153110241 0.002020987
0.184617646 0.153110241 0.002410679
0.178940714 0.153110241 0.003036976
0.172092150 0.153110241 0.003942826
0.164103326 0.153110241 0.005033082
0.155059280 0.153110241 0.006532187
0.145015210 0.153110241 0.008395866
0.134042642 0.153110241 0.010644571
0.122232830 0.153110241 0.013354503
0.109622846 0.153110241 0.016340659
0.096245711 0.153110241 0.019389889
0.082224759 0.153110241 0.022660245
0.067609714 0.153110241 0.025971356
0.052502227 0.153110241 0.029353072
0.036998054 0.153110241 0.032795497
0.021203196 0.153110241 0.036323960
0.005127096 0.153110241 0.039498507
-0.011092819 0.153110241 0.042455715
-0.027371865 0.153110241 0.045064691
-0.043572554 0.153110241 0.047528045
-0.059634208 0.153110241 0.049504735
-0.075422152 0.153110241 0.051223058
-0.090845823 0.153110241 0.052549278
-0.105790712 0.153110241 0.053637550
-0.120172431 0.153110241 0.054266650
-0.133889928 0.153110241 0.054387340
-0.146836612 0.153110241 0.053921750
-0.158900574 0.153110241 0.052807730
-0.169984109 0.153110241 0.051202660
-0.179966812 0.153110241 0.049048310
-0.188745237 0.153110241 0.046420091
-0.196280353 0.153110241 0.043562457
-0.202369546 0.153110241 0.040307046
-0.207176863 0.153110241 0.037225489
-0.210813100 0.153110241 0.034610127
-0.213276304 0.153110241 0.032566028
-0.214471137 0.153110241 0.031038713
-0.214842333 0.153110241 0.030508676
-0.215141461 0.153110241 0.029934996
-0.215928028 0.153110241 0.028164166
-0.214983686 0.153110241 0.025141070
-0.211801467 0.153110241 0.022076553
-0.206597504 0.153110241 0.019839759
-0.200035896 0.153110241 0.017683821
-0.192260028 0.153110241 0.015554886
-0.183304335 0.153110241 0.013599489
-0.173290548 0.153110241 0.011587373
-0.162226912 0.153110241 0.009838033
-0.150233347 0.153110241 0.008117284
-0.137371712 0.153110241 0.006540623
-0.123736388 0.153110241 0.005017792
-0.109395082 0.153110241 0.003751500
-0.094462039 0.153110241 0.002498419
-0.079020304 0.153110241 0.001391812
-0.063184191 0.153110241 0.000189382
-0.047053038 0.153110241 -0.001118978
-0.030725027 0.153110241 -0.002507010
-0.014295725 0.153110241 -0.003903653
0.002129578 0.153110241 -0.005346265
0.018452020 0.153110241 -0.006798307
0.034571192 0.153110241 -0.008247817
0.050419104 0.153110241 -0.009265382
0.065890140 0.153110241 -0.009785878
0.080874378 0.153110241 -0.009954309
0.095268412 0.153110241 -0.009743736
0.108981211 0.153110241 -0.009316569
0.121926505 0.153110241 -0.008726509
0.134015009 0.153110241 -0.007901222
0.145162603 0.153110241 -0.006820698
0.155311859 0.153110241 -0.005660596
0.164396165 0.153110241 -0.004428297
0.172362644 0.153110241 -0.003185242
0.179186557 0.153110241 -0.002109236
0.184800421 0.153110241 -0.001058366
0.189203065 0.153110241 -0.000234227
0.192367347 0.153110241 0.000358080
0.194280786 0.153110241 0.000674827
0.220771419 0.177315370 0.001705376
0.220166045 0.177315370 0.002073254
0.218067011 0.177315370 0.002290134
0.214554179 0.177315370 0.002573414
0.209689449 0.177315370 0.003190141
0.203493992 0.177315370 0.004034607
0.196024308 0.177315370 0.005221574
0.187311877 0.177315370 0.006641467
0.177445968 0.177315370 0.008484308
0.166478544 0.177315370 0.010673512
0.154495605 0.177315370 0.013279315
0.141578924 0.177315370 0.016303179
0.127785707 0.177315370 0.019624441
0.113180685 0.177315370 0.023135955
0.097834250 0.177315370 0.026732085
0.081833758 0.177315370 0.030359007
0.065303850 0.177315370 0.034105934
0.048316780 0.177315370 0.037811912
0.030950473 0.177315370 0.041327463
0.013294233 0.177315370 0.044507363
-0.004539659 0.177315370 0.047287942
-0.022431668 0.177315370 0.049682013
-0.040257773 0.177315370 0.051692201
-0.057891425 0.177315370 0.053412431
-0.075234632 0.177315370 0.054643983
-0.092158594 0.177315370 0.055549550
-0.108556543 0.177315370 0.056031504
-0.124318303 0.177315370 0.056146422
-0.139333406 0.177315370 0.055787780
-0.153484931 0.177315370 0.054820081
-0.166668554 0.177315370 0.053363042
-0.178756475 0.177315370 0.051321124
-0.189620009 0.177315370 0.048676638
-0.199147453 0.177315370 0.045534521
-0.207187120 0.177315370 0.041909333
-0.213747757 0.177315370 0.038157995
-0.218884490 0.177315370 0.034597958
-0.222813568 0.177315370 0.031663894
-0.225179952 0.177315370 0.029070067
-0.226189771 0.177315370 0.027202481
-0.226473789 0.177315370 0.026554234
-0.226707346 0.177315370 0.025884730
-0.226648709 0.177315370 0.023803506
-0.225282282 0.177315370 0.020572992
-0.221642293 0.177315370 0.017367005
-0.216117583 0.177315370 0.014445702
-0.209186929 0.177315370 0.011437280
-0.200919166 0.177315370 0.008345776
-0.191363429 0.177315370 0.005283346
-0.180599860 0.177315370 0.002270915
-0.168753282 0.177315370 -0.000879502
-0.155811455 0.177315370 -0.003784199
-0.141879473 0.177315370 -0.006457280
-0.127072331 0.177315370 -0.008979595
-0.111425530 0.177315370 -0.010875068
-0.095076195 0.177315370 -0.012212374
-0.078148114 0.177315370 -0.013059354
-0.060783782 0.177315370 -0.013948543
-0.043079899 0.177315370 -0.014674347
-0.025156511 0.177315370 -0.015460981
-0.007130176 0.177315370 -0.016421199
0.010901540 0.177315370 -0.017267883
0.028815869 0.177315370 -0.018227639
0.046518307 0.177315370 -0.018986291
0.063902848 0.177315370 -0.019298101
0.080851527 0.177315370 -0.019319983
0.097255119 0.177315370 -0.019091092
0.112998420 0.177315370 -0.018336195
0.127958721 0.177315370 -0.016993411
0.142041817 0.177315370 -0.015279753
0.155148652 0.177315370 -0.013238327
0.167207742 0.177315370 -0.011010751
0.178165600 0.177315370 -0.008776963
0.187970437 0.177315370 -0.006631300
0.196560239 0.177315370 -0.004600053
0.203904189 0.177315370 -0.002791097
0.209975625 0.177315370 -0.001295585
0.214737117 0.177315370 -0.000122738
0.218168373 0.177315370 0.000681345
0.220179972 0.177315370 0.001330898
0.253165751 0.201520499 0.002248711
0.252570485 0.201520499 0.002745571
0.250235348 0.201520499 0.002994991
0.246370634 0.201520499 0.003521279
0.241017383 0.201520499 0.004421823
0.234196799 0.201520499 0.005601232
0.225957086 0.201520499 0.007087372
0.216351768 0.201520499 0.008882734
0.205477759 0.201520499 0.011163053
0.193390569 0.201520499 0.013844008
0.180176515 0.201520499 0.016953575
0.165930287 0.201520499 0.020517318
0.150708126 0.201520499 0.024383015
0.134573946 0.201520499 0.028406540
0.117666829 0.201520499 0.032719516
0.099992902 0.201520499 0.036900494
0.081722469 0.201520499 0.041166174
0.062928151 0.201520499 0.045318797
0.043690172 0.201520499 0.049132515
0.024125600 0.201520499 0.052529245
0.004381544 0.201520499 0.055540852
-0.015469846 0.201520499 0.057695234
-0.035211585 0.201520499 0.059602433
-0.054772490 0.201520499 0.060810499
-0.073995305 0.201520499 0.061689043
-0.092757106 0.201520499 0.061759338
-0.110914700 0.201520499 0.061521961
-0.128345099 0.201520499 0.060778013
-0.144920908 0.201520499 0.059535523
-0.160496467 0.201520499 0.057562210
-0.174938659 0.201520499 0.054927464
-0.188032296 0.201520499 0.051377469
-0.199694057 0.201520499 0.047277041
-0.209955132 0.201520499 0.043020963
-0.218657585 0.201520499 0.038584871
-0.225744319 0.201520499 0.034129066
-0.231221970 0.201520499 0.029897615
-0.235235400 0.201520499 0.026264998
-0.237354146 0.201520499 0.023012815
-0.238156809 0.201520499 0.020813801
-0.238280618 0.201520499 0.020039994
-0.238218299 0.201520499 0.019261385
-0.237693303 0.201520499 0.016980672
-0.235884545 0.201520499 0.013546540
-0.231666888 0.201520499 0.010178587
-0.225916585 0.201520499 0.006333753
-0.218552319 0.201520499 0.002355733
-0.209697543 0.201520499 -0.001772397
-0.199473425 0.201520499 -0.006120103
-0.187911261 0.201520499 -0.010543678
-0.175081125 0.201520499 -0.014976152
-0.161081730 0.201520499 -0.019405806
-0.145956065 0.201520499 -0.023622772
-0.129733311 0.201520499 -0.027270005
-0.112568228 0.201520499 -0.030360964
-0.094495025 0.201520499 -0.032032537
-0.075741474 0.201520499 -0.032546109
-0.056494623 0.201520499 -0.032719047
-0.036880491 0.201520499 -0.032704385
-0.017020798 0.201520499 -0.032778649
0.002960896 0.201520499 -0.032912459
0.022943856 0.201520499 -0.032978563
0.042802428 0.201520499 -0.033054059
0.062415251 0.201520499 -0.032940868
0.081660788 0.201520499 -0.032656168
0.100413511 0.201520499 -0.032110631
0.118521860 0.201520499 -0.030747430
0.135829897 0.201520499 -0.028548244
0.152209037 0.201520499 -0.025693537
0.167571079 0.201520499 -0.022437174
0.181817084 0.201520499 -0.018873581
0.194904188 0.201520499 -0.015266255
0.206826223 0.201520499 -0.011929274
0.217453873 0.201520499 -0.008688764
0.226801415 0.201520499 -0.005840650
0.234811448 0.201520499 -0.003403237
0.241433553 0.201520499 -0.001388164
0.246628056 0.201520499 0.000185570
0.250413805 0.201520499 0.001119542
0.252671855 0.201520499 0.001690524
0.285794162 0.225725628 0.002624517
0.285307249 0.225725628 0.003259813
0.282820992 0.225725628 0.003828547
0.278595434 0.225725628 0.004573721
0.272751005 0.225725628 0.005800422
0.265298701 0.225725628 0.007364605
0.256294962 0.225725628 0.009305539
0.245917461 0.225725628 0.012058184
0.234029033 0.225725628 0.014896444
0.220798637 0.225725628 0.018131931
0.206312233 0.225725628 0.021758030
0.190722611 0.225725628 0.025995664
0.174061595 0.225725628 0.030568764
0.156421419 0.225725628 0.035410622
0.137875840 0.225725628 0.040361659
0.118547731 0.225725628 0.045420692
0.098572865 0.225725628 0.050594493
0.077968274 0.225725628 0.055473261
0.056810568 0.225725628 0.059692706
0.035300383 0.225725628 0.063490085
0.013604832 0.225725628 0.066843860
-0.008240338 0.225725628 0.068970240
-0.029927438 0.225725628 0.071003269
-0.051443334 0.225725628 0.071681726
-0.072593110 0.225725628 0.072151168
-0.093222431 0.225725628 0.071523815
-0.113154679 0.225725628 0.070228108
-0.132216679 0.225725628 0.068011122
-0.150253522 0.225725628 0.065009507
-0.167121303 0.225725628 0.061298672
-0.182674102 0.225725628 0.056958799
-0.196696545 0.225725628 0.051839613
-0.208965298 0.225725628 0.046015159
-0.219911004 0.225725628 0.040585159
-0.229142472 0.225725628 0.035097029
-0.236722867 0.225725628 0.029871819
-0.242586180 0.225725628 0.025020961
-0.246853913 0.225725628 0.020854720
-0.249082148 0.225725628 0.017204098
-0.249892038 0.225725628 0.014756310
-0.250005605 0.225725628 0.013908716
-0.249993159 0.225725628 0.013045433
-0.249557471 0.225725628 0.010505889
-0.247768654 0.225725628 0.006628235
-0.243397576 0.225725628 0.002611796
-0.237388432 0.225725628 -0.002047620
-0.229619107 0.225725628 -0.006980455
-0.220209171 0.225725628 -0.012176169
-0.209166782 0.225725628 -0.017414588
-0.196690375 0.225725628 -0.022875557
-0.182816241 0.225725628 -0.028396165
-0.167625588 0.225725628 -0.033890583
-0.151153288 0.225725628 -0.039101669
-0.133457697 0.225725628 -0.043728340
-0.114635606 0.225725628 -0.047466501
-0.094744359 0.225725628 -0.049132111
-0.074104557 0.225725628 -0.049159264
-0.052931928 0.225725628 -0.048947510
-0.031360368 0.225725628 -0.048437037
-0.009516080 0.225725628 -0.048044125
0.012460564 0.225725628 -0.047522011
0.034440225 0.225725628 -0.047127749
0.056279678 0.225725628 -0.046527232
0.077848280 0.225725628 -0.045904370
0.099011152 0.225725628 -0.045225022
0.119593970 0.225725628 -0.043761046
0.139374108 0.225725628 -0.040975496
0.158215416 0.225725628 -0.037317910
0.175979623 0.225725628 -0.032955517
0.192633739 0.225725628 -0.028362346
0.208092515 0.225725628 -0.023669839
0.222281276 0.225725628 -0.019011727
0.235190923 0.225725628 -0.014670287
0.246742287 0.225725628 -0.010675535
0.256883635 0.225725628 -0.007110434
0.265589909 0.225725628 -0.004104289
0.272787615 0.225725628 -0.001619029
0.278432378 0.225725628 0.000330022
0.282563524 0.225725628 0.001488700
0.285012772 0.225725628 0.002289292
0.317116053 0.249930757 0.003519012
0.316332564 0.249930757 0.003930680
0.313547935 0.249930757 0.004301563
0.308964822 0.249930757 0.005162331
0.302655418 0.249930757 0.006686643
0.294643303 0.249930757 0.008761525
0.284939242 0.249930757 0.011222973
0.274223839 0.249930757 0.015401546
0.261736382 0.249930757 0.019552353
0.247439182 0.249930757 0.023393324
0.231759287 0.249930757 0.027591163
0.214895077 0.249930757 0.032482622
0.196881376 0.249930757 0.037789713
0.177809018 0.249930757 0.043408699
0.157787006 0.249930757 0.049274998
0.136869628 0.249930757 0.055111324
0.115663730 0.249930757 0.062145784
0.093296487 0.249930757 0.067566603
0.070352189 0.249930757 0.072412335
0.046978780 0.249930757 0.076602776
0.023291308 0.249930757 0.079721436
-0.000490130 0.249930757 0.082026386
-0.024200848 0.249930757 0.083277262
-0.047649802 0.249930757 0.083682548
-0.070653659 0.249930757 0.083110347
-0.093036971 0.249930757 0.081603535
-0.114598725 0.249930757 0.079070890
-0.135098885 0.249930757 0.075213451
-0.154404606 0.249930757 0.070470765
-0.172399106 0.249930757 0.065110012
-0.188994541 0.249930757 0.059380763
-0.204111136 0.249930757 0.053474132
-0.217274577 0.249930757 0.046816198
-0.228812149 0.249930757 0.040250965
-0.237917887 0.249930757 0.033006080
-0.246014449 0.249930757 0.027124764
-0.252352862 0.249930757 0.021806461
-0.256885577 0.249930757 0.017165127
-0.259775829 0.249930757 0.013530473
-0.260987685 0.249930757 0.010995707
-0.261247996 0.249930757 0.010094233
-0.261474076 0.249930757 0.009183045
-0.261647821 0.249930757 0.006407568
-0.260514474 0.249930757 0.001903634
-0.256597127 0.249930757 -0.003181538
-0.250460106 0.249930757 -0.008707018
-0.242273068 0.249930757 -0.014448949
-0.232181975 0.249930757 -0.020327764
-0.220287911 0.249930757 -0.026240923
-0.206714889 0.249930757 -0.032138643
-0.191585633 0.249930757 -0.038015634
-0.174947045 0.249930757 -0.043622700
-0.156934385 0.249930757 -0.048927442
-0.137590532 0.249930757 -0.053509570
-0.117071849 0.249930757 -0.057253103
-0.095443131 0.249930757 -0.058504915
-0.073012990 0.249930757 -0.058043873
-0.050006093 0.249930757 -0.057432209
-0.026560101 0.249930757 -0.056842109
-0.002821519 0.249930757 -0.056206874
0.021064984 0.249930757 -0.055589964
0.044951486 0.249930757 -0.054973054
0.068690720 0.249930757 -0.054359947
0.092136219 0.249930757 -0.053750375
0.115129618 0.249930757 -0.052900277
0.137380422 0.249930757 -0.050086632
0.158741826 0.249930757 -0.046196890
0.179074143 0.249930757 -0.041524100
0.198302814 0.249930757 -0.036466810
0.216338378 0.249930757 -0.031235764
0.233060865 0.249930757 -0.025878293
0.248465609 0.249930757 -0.020762628
0.262503906 0.249930757 -0.016062499
0.274993839 0.249930757 -0.011534731
0.285986213 0.249930757 -0.007573442
0.295404683 0.249930757 -0.004179337
0.303191181 0.249930757 -0.001373341
0.309315149 0.249930757 0.000778036
0.313760020 0.249930757 0.002182628
0.316466058 0.249930757 0.002931394
0.327078099 0.274135887 0.003340642
0.326476354 0.274135887 0.003965490
0.323734165 0.274135887 0.004760053
0.318991483 0.274135887 0.005727063
0.312420852 0.274135887 0.007203044
0.304100810 0.274135887 0.009328605
0.294075139 0.274135887 0.012048070
0.282854609 0.274135887 0.016540286
0.269687639 0.274135887 0.020561338
0.254882126 0.274135887 0.024655655
0.238685348 0.274135887 0.029274274
0.221198520 0.274135887 0.034391393
0.202532803 0.274135887 0.039984225
0.182773753 0.274135887 0.045917822
0.162052112 0.274135887 0.052185263
0.140469557 0.274135887 0.058661026
0.118485521 0.274135887 0.066082930
0.095265105 0.274135887 0.071660238
0.071479592 0.274135887 0.076798013
0.047253267 0.274135887 0.081284460
0.022716982 0.274135887 0.084833390
-0.001932709 0.274135887 0.087476539
-0.026530577 0.274135887 0.088861498
-0.050860414 0.274135887 0.089242482
-0.074734157 0.274135887 0.088767140
-0.097959341 0.274135887 0.087242255
-0.120294948 0.274135887 0.084356866
-0.141486253 0.274135887 0.079963702
-0.161350486 0.274135887 0.074412346
-0.179748759 0.274135887 0.068010809
-0.196641062 0.274135887 0.061186520
-0.211929335 0.274135887 0.054125025
-0.225480102 0.274135887 0.046923484
-0.236843887 0.274135887 0.039159084
-0.246443819 0.274135887 0.031804968
-0.254271259 0.274135887 0.024990732
-0.260717718 0.274135887 0.019321348
-0.265437789 0.274135887 0.014520393
-0.268673434 0.274135887 0.010920052
-0.270438895 0.274135887 0.008617020
-0.270908992 0.274135887 0.007763826
-0.271352570 0.274135887 0.006896797
-0.272443407 0.274135887 0.004194668
-0.272680925 0.274135887 -0.000582049
-0.270093522 0.274135887 -0.006701843
-0.263898911 0.274135887 -0.012646406
-0.255438905 0.274135887 -0.018656737
-0.244870453 0.274135887 -0.024582086
-0.232362997 0.274135887 -0.030369157
-0.218090402 0.274135887 -0.036034151
-0.202137397 0.274135887 -0.041426731
-0.184617763 0.274135887 -0.046417586
-0.165676774 0.274135887 -0.050980873
-0.145408785 0.274135887 -0.054818886
-0.123960309 0.274135887 -0.057715257
-0.101494202 0.274135887 -0.059204800
-0.078223210 0.274135887 -0.058602451
-0.054351708 0.274135887 -0.057937612
-0.030022835 0.274135887 -0.057363548
-0.005389324 0.274135887 -0.056780139
0.019395912 0.274135887 -0.056148664
0.044181148 0.274135887 -0.055517188
0.068813574 0.274135887 -0.054889606
0.093141325 0.274135887 -0.054269786
0.117000369 0.274135887 -0.053364208
0.140123352 0.274135887 -0.050737198
0.162345262 0.274135887 -0.047014152
0.183534607 0.274135887 -0.042584896
0.203567883 0.274135887 -0.037661521
0.222357201 0.274135887 -0.032502401
0.239788017 0.274135887 -0.027200354
0.255830671 0.274135887 -0.022074526
0.270378159 0.274135887 -0.017141475
0.283370337 0.274135887 -0.012535225
0.294756942 0.274135887 -0.008371943
0.304509557 0.274135887 -0.004794775
0.312582298 0.274135887 -0.001865025
0.318923563 0.274135887 0.000404296
0.323482329 0.274135887 0.002032063
0.326278591 0.274135887 0.002852212
0.340396524 0.298341016 0.002555253
0.339768463 0.298341016 0.003270621
0.336798949 0.298341016 0.003847739
0.331869190 0.298341016 0.004809504
0.325079105 0.298341016 0.006491063
0.316434970 0.298341016 0.008691851
0.306023833 0.298341016 0.011524293
0.294654101 0.298341016 0.016671609
0.280826193 0.298341016 0.020322304
0.265432165 0.298341016 0.024516077
0.248631041 0.298341016 0.029389444
0.230466389 0.298341016 0.034698877
0.211087678 0.298341016 0.040535976
0.190581018 0.298341016 0.046752968
0.169087588 0.298341016 0.053358819
0.146711371 0.298341016 0.060219496
0.123986022 0.298341016 0.068213491
0.099812595 0.298341016 0.073767813
0.075111904 0.298341016 0.079123848
0.049939899 0.298341016 0.083738405
0.024442096 0.298341016 0.087323146
-0.001173266 0.298341016 0.089946908
-0.026729668 0.298341016 0.091244517
-0.052002954 0.298341016 0.091544032
-0.076801517 0.298341016 0.091069863
-0.100947128 0.298341016 0.089857099
-0.124171475 0.298341016 0.087023174
-0.146205332 0.298341016 0.082561702
-0.166850129 0.298341016 0.076852648
-0.185930269 0.298341016 0.070122236
-0.203308329 0.298341016 0.062636804
-0.218946136 0.298341016 0.054802208
-0.232758325 0.298341016 0.046820334
-0.244260836 0.298341016 0.038307886
-0.254463493 0.298341016 0.030941503
-0.261960220 0.298341016 0.023204305
-0.268550563 0.298341016 0.017196470
-0.273368744 0.298341016 0.012125626
-0.276603505 0.298341016 0.008276586
-0.278552373 0.298341016 0.005957628
-0.279203333 0.298341016 0.005183050
-0.279808657 0.298341016 0.004373028
-0.281335167 0.298341016 0.001761330
-0.282839770 0.298341016 -0.003011166
-0.281438623 0.298341016 -0.009758556
-0.275475092 0.298341016 -0.016308091
-0.266756881 0.298341016 -0.022632867
-0.255638334 0.298341016 -0.028524097
-0.242497370 0.298341016 -0.034198245
-0.227462653 0.298341016 -0.039530154
-0.210661297 0.298341016 -0.044392454
-0.192259186 0.298341016 -0.048802999
-0.172390358 0.298341016 -0.052641763
-0.151196770 0.298341016 -0.055788687
-0.128828199 0.298341016 -0.058042790
-0.105463537 0.298341016 -0.059375027
-0.081292394 0.298341016 -0.058846081
-0.056497596 0.298341016 -0.058168846
-0.031229650 0.298341016 -0.057512625
-0.005645253 0.298341016 -0.056848186
0.020097859 0.298341016 -0.056179625
0.045840970 0.298341016 -0.055511064
0.071425360 0.298341016 -0.054846361
0.096692261 0.298341016 -0.054151058
0.121466099 0.298341016 -0.053081375
0.145481977 0.298341016 -0.050325172
0.168605024 0.298341016 -0.046718969
0.190669653 0.298341016 -0.042391662
0.211535002 0.298341016 -0.037517055
0.231083807 0.298341016 -0.032281038
0.249295087 0.298341016 -0.027137593
0.266091224 0.298341016 -0.022246951
0.281342557 0.298341016 -0.017561414
0.294962486 0.298341016 -0.013146140
0.306963277 0.298341016 -0.009334740
0.317197624 0.298341016 -0.005919679
0.325697065 0.298341016 -0.003213852
0.332329720 0.298341016 -0.000990228
0.337120477 0.298341016 0.000535184
0.339833564 0.298341016 0.001758543
0.353720069 0.322546145 0.000194191
0.353120173 0.322546145 0.001029325
0.350109817 0.322546145 0.001844559
0.345097495 0.322546145 0.003203940
0.338124414 0.322546145 0.005098868
0.329232952 0.322546145 0.007515115
0.318477928 0.322546145 0.010437783
0.306246704 0.322546145 0.014681087
0.292246661 0.322546145 0.019193087
0.276343720 0.322546145 0.023518786
0.258930481 0.322546145 0.028346858
0.240138315 0.322546145 0.033730821
0.220100060 0.322546145 0.039689972
0.198903073 0.322546145 0.046063107
0.176700936 0.322546145 0.052884576
0.153603802 0.322546145 0.060024474
0.130131510 0.322546145 0.068304213
0.105231927 0.322546145 0.074317280
0.079737078 0.322546145 0.079942645
0.053754794 0.322546145 0.084804102
0.027414633 0.322546145 0.088488023
0.000939716 0.322546145 0.091014346
-0.025463315 0.322546145 0.092247355
-0.051571404 0.322546145 0.092373743
-0.077189931 0.322546145 0.092035475
-0.102135805 0.322546145 0.090821236
-0.126145477 0.322546145 0.088093204
-0.148956931 0.322546145 0.083761377
-0.170359757 0.322546145 0.078133899
-0.190106522 0.322546145 0.071281844
-0.208088538 0.322546145 0.063630838
-0.224159907 0.322546145 0.055375810
-0.238204942 0.322546145 0.046757588
-0.250073325 0.322546145 0.037944347
-0.260424809 0.322546145 0.030070166
-0.268288762 0.322546145 0.022222423
-0.274726479 0.322546145 0.015643792
-0.279650881 0.322546145 0.010356694
-0.282993707 0.322546145 0.006385937
-0.284876968 0.322546145 0.003887216
-0.285512095 0.322546145 0.003057294
-0.286161409 0.322546145 0.002238341
-0.288050903 0.322546145 -0.000250889
-0.290238767 0.322546145 -0.004942773
-0.289952638 0.322546145 -0.012015099
-0.284640406 0.322546145 -0.019354974
-0.275761866 0.322546145 -0.026040395
-0.264155563 0.322546145 -0.031885603
-0.250419985 0.322546145 -0.037350549
-0.234726118 0.322546145 -0.042366237
-0.217227037 0.322546145 -0.046856314
-0.198069796 0.322546145 -0.050738496
-0.177432456 0.322546145 -0.054066557
-0.155454248 0.322546145 -0.056671046
-0.132301370 0.322546145 -0.058484666
-0.108147272 0.322546145 -0.059480635
-0.083181763 0.322546145 -0.059020106
-0.057569375 0.322546145 -0.058343486
-0.031469080 0.322546145 -0.057657570
-0.005042751 0.322546145 -0.056931575
0.021547517 0.322546145 -0.056201077
0.048137784 0.322546145 -0.055470579
0.074564114 0.322546145 -0.054744584
0.100663578 0.322546145 -0.054027570
0.126250707 0.322546145 -0.052799311
0.151055297 0.322546145 -0.049903278
0.174952484 0.322546145 -0.046256527
0.197756679 0.322546145 -0.041857131
0.219340283 0.322546145 -0.036958771
0.239560431 0.322546145 -0.031652349
0.258422600 0.322546145 -0.026518787
0.275858609 0.322546145 -0.021773372
0.291764619 0.322546145 -0.017458827
0.306038782 0.322546145 -0.013587830
0.318592836 0.322546145 -0.010183308
0.329345510 0.322546145 -0.007252010
0.338234915 0.322546145 -0.004828205
0.345206382 0.322546145 -0.002927349
0.350216932 0.322546145 -0.001561162
0.353222866 0.322546145 -0.000707967
0.359633722 0.346751274 0.000888938
0.359198551 0.346751274 0.001799823
0.356165494 0.346751274 0.002732220
0.351074882 0.346751274 0.004141093
0.343992018 0.346751274 0.006101338
0.334960573 0.346751274 0.008600872
0.324034771 0.346751274 0.011619004
0.311279647 0.346751274 0.015128450
0.296794276 0.346751274 0.019180670
0.280635460 0.346751274 0.023635559
0.262918252 0.346751274 0.028520087
0.243784714 0.346751274 0.033920990
0.223342810 0.346751274 0.039769420
0.201774257 0.346751274 0.046213941
0.179185521 0.346751274 0.053125289
0.155681353 0.346751274 0.060342750
0.131587331 0.346751274 0.068284552
0.106407136 0.346751274 0.074969058
0.080479817 0.346751274 0.080691305
0.054041114 0.346751274 0.085570810
0.027222672 0.346751274 0.089102897
0.000225364 0.346751274 0.090499004
-0.026656008 0.346751274 0.091040945
-0.053204746 0.346751274 0.091583311
-0.079259113 0.346751274 0.091882001
-0.104628507 0.346751274 0.090706914
-0.129077811 0.346751274 0.088147877
-0.152254732 0.346751274 0.083611844
-0.174031018 0.346751274 0.077924412
-0.194125156 0.346751274 0.070988820
-0.212395599 0.346751274 0.063161333
-0.228697837 0.346751274 0.054687471
-0.242940941 0.346751274 0.045856142
-0.254977614 0.346751274 0.036844521
-0.265377033 0.346751274 0.028672530
-0.273479351 0.346751274 0.020805639
-0.279797880 0.346751274 0.013898840
-0.284760243 0.346751274 0.008482347
-0.288195122 0.346751274 0.004469759
-0.290078995 0.346751274 0.001907179
-0.290695922 0.346751274 0.001041591
-0.291312848 0.346751274 0.000176003
-0.293155758 0.346751274 -0.002418306
-0.295436496 0.346751274 -0.007156409
-0.295313246 0.346751274 -0.014393256
-0.290657796 0.346751274 -0.022387928
-0.281508704 0.346751274 -0.029039204
-0.269571910 0.346751274 -0.034725938
-0.255440531 0.346751274 -0.039870233
-0.239326271 0.346751274 -0.044470779
-0.221409877 0.346751274 -0.048548985
-0.201826197 0.346751274 -0.051960463
-0.180762671 0.346751274 -0.054838988
-0.158371121 0.346751274 -0.057154466
-0.134802372 0.346751274 -0.058732924
-0.110230282 0.346751274 -0.059600566
-0.084838078 0.346751274 -0.059107849
-0.058788735 0.346751274 -0.058436171
-0.032243326 0.346751274 -0.057749887
-0.005365505 0.346751274 -0.057053567
0.021679054 0.346751274 -0.056352927
0.048723614 0.346751274 -0.055652288
0.075601435 0.346751274 -0.054955968
0.102146147 0.346751274 -0.054243547
0.128151877 0.346751274 -0.052727570
0.153390113 0.346751274 -0.049869770
0.177706096 0.346751274 -0.046242263
0.200914493 0.346751274 -0.041854159
0.222879133 0.346751274 -0.036929685
0.243471958 0.346751274 -0.031646369
0.262648345 0.346751274 -0.026398802
0.280370574 0.346751274 -0.021532522
0.296533969 0.346751274 -0.017094277
0.311038878 0.346751274 -0.013111430
0.323795873 0.346751274 -0.009608535
0.334726303 0.346751274 -0.006607190
0.343762777 0.346751274 -0.004125899
0.350849584 0.346751274 -0.002179959
0.355943031 0.346751274 -0.000781369
0.358989234 0.346751274 0.000126441
0.356632751 0.370956404 0.000402433
0.356173704 0.370956404 0.001272704
0.353172612 0.370956404 0.002177111
0.348123944 0.370956404 0.003568033
0.341100161 0.370956404 0.005506010
0.332144049 0.370956404 0.007977149
0.321305763 0.370956404 0.010947742
0.308821917 0.370956404 0.014868243
0.294580269 0.370956404 0.019210680
0.278539758 0.370956404 0.023554458
0.260973562 0.370956404 0.028394101
0.242017818 0.370956404 0.033799273
0.221787658 0.370956404 0.039723189
0.200394244 0.370956404 0.046083608
0.178018543 0.370956404 0.053000094
0.154721023 0.370956404 0.060174441
0.130944010 0.370956404 0.068273418
0.105918635 0.370956404 0.074629751
0.080212145 0.370956404 0.080307248
0.054004976 0.370956404 0.085174056
0.027430822 0.370956404 0.088793208
0.000700992 0.370956404 0.090877600
-0.025936610 0.370956404 0.091832971
-0.052261987 0.370956404 0.092108253
-0.078095461 0.370956404 0.091973781
-0.103251727 0.370956404 0.090846692
-0.127474122 0.370956404 0.088180262
-0.150471124 0.370956404 0.083779618
-0.172046473 0.370956404 0.078097573
-0.191947016 0.370956404 0.071169466
-0.210095376 0.370956404 0.063496592
-0.226290448 0.370956404 0.055155908
-0.240397830 0.370956404 0.046375952
-0.252352599 0.370956404 0.037471731
-0.262743022 0.370956404 0.029471113
-0.270717489 0.370956404 0.021608754
-0.277081019 0.370956404 0.014851050
-0.282026642 0.370956404 0.009503286
-0.285419092 0.370956404 0.005516110
-0.287299657 0.370956404 0.002982781
-0.287927803 0.370956404 0.002136599
-0.288555949 0.370956404 0.001290417
-0.290440086 0.370956404 -0.001234827
-0.292705822 0.370956404 -0.005932351
-0.292560022 0.370956404 -0.013070394
-0.287589826 0.370956404 -0.020748481
-0.278588519 0.370956404 -0.027436206
-0.266832110 0.370956404 -0.033233562
-0.252897005 0.370956404 -0.038531330
-0.237014035 0.370956404 -0.043409908
-0.219295577 0.370956404 -0.047644587
-0.199935006 0.370956404 -0.051333126
-0.179090331 0.370956404 -0.054461826
-0.156909732 0.370956404 -0.056926059
-0.133552333 0.370956404 -0.058591829
-0.109193945 0.370956404 -0.059528976
-0.084020150 0.370956404 -0.059071839
-0.058194266 0.370956404 -0.058383886
-0.031876447 0.370956404 -0.057685387
-0.005229028 0.370956404 -0.056978139
0.021583700 0.370956404 -0.056266504
0.048396428 0.370956404 -0.055554869
0.075043847 0.370956404 -0.054847622
0.101361193 0.370956404 -0.054132199
0.127153722 0.370956404 -0.052774555
0.152165295 0.370956404 -0.049849604
0.176274387 0.370956404 -0.046256582
0.199290337 0.370956404 -0.041929080
0.221043739 0.370956404 -0.036939768
0.241441703 0.370956404 -0.031625722
0.260462910 0.370956404 -0.026455635
0.278044227 0.370956404 -0.021670181
0.294079104 0.370956404 -0.017305652
0.308468682 0.370956404 -0.013388957
0.321124244 0.370956404 -0.009944244
0.331967764 0.370956404 -0.006992749
0.340932388 0.370956404 -0.004552670
0.347963288 0.370956404 -0.002640677
0.353018074 0.370956404 -0.001272088
0.356042543 0.370956404 -0.000393640
0.347484507 0.395161533 0.000743980
0.346880925 0.395161533 0.001504035
0.343973524 0.395161533 0.002475516
0.339004908 0.395161533 0.003672644
0.332120366 0.395161533 0.005464635
0.323354243 0.395161533 0.007796552
0.312767456 0.395161533 0.010679408
0.300999228 0.395161533 0.015396884
0.287131676 0.395161533 0.019589993
0.271486634 0.395161533 0.023889803
0.254352941 0.395161533 0.028677181
0.235877268 0.395161533 0.034064887
0.216165506 0.395161533 0.039984282
0.195307265 0.395161533 0.046292301
0.173456399 0.395161533 0.053031061
0.150710681 0.395161533 0.060038610
0.127674378 0.395161533 0.068349759
0.103095778 0.395161533 0.073993579
0.077991586 0.395161533 0.079510549
0.052409267 0.395161533 0.084285116
0.026477168 0.395161533 0.087911678
0.000432943 0.395161533 0.090617418
-0.025556347 0.395161533 0.091917192
-0.051259673 0.395161533 0.092083569
-0.076477792 0.395161533 0.091601408
-0.101041104 0.395161533 0.090505436
-0.124673948 0.395161533 0.087720008
-0.147116052 0.395161533 0.083342198
-0.168148012 0.395161533 0.077662444
-0.187607175 0.395161533 0.070970953
-0.205299321 0.395161533 0.063402982
-0.221131685 0.395161533 0.055296977
-0.235057406 0.395161533 0.046978957
-0.246777356 0.395161533 0.038362325
-0.257075456 0.395161533 0.030755401
-0.264722385 0.395161533 0.022927933
-0.271247398 0.395161533 0.016629471
-0.276142729 0.395161533 0.011470566
-0.279415088 0.395161533 0.007544535
-0.281352470 0.395161533 0.005149639
-0.282001812 0.395161533 0.004351489
-0.282651153 0.395161533 0.003553339
-0.284439460 0.395161533 0.001053053
-0.286417838 0.395161533 -0.003646559
-0.285710400 0.395161533 -0.010590476
-0.280002168 0.395161533 -0.017482247
-0.271239615 0.395161533 -0.024043486
-0.259890361 0.395161533 -0.029947022
-0.246465480 0.395161533 -0.035572823
-0.231133173 0.395161533 -0.040874753
-0.213965802 0.395161533 -0.045529285
-0.195177667 0.395161533 -0.049687147
-0.174917561 0.395161533 -0.053299427
-0.153321000 0.395161533 -0.056183407
-0.130547637 0.395161533 -0.058218827
-0.106779854 0.395161533 -0.059416080
-0.082200611 0.395161533 -0.058913531
-0.056985969 0.395161533 -0.058222008
-0.031290757 0.395161533 -0.057530054
-0.005273743 0.395161533 -0.056829435
0.020904669 0.395161533 -0.056124470
0.047083136 0.395161533 -0.055421574
0.073100804 0.395161533 -0.054745722
0.098795974 0.395161533 -0.054052818
0.123991364 0.395161533 -0.052949404
0.148404265 0.395161533 -0.050042159
0.171931768 0.395161533 -0.046459935
0.194391543 0.395161533 -0.042172444
0.215620741 0.395161533 -0.037262441
0.235524322 0.395161533 -0.032025190
0.254066403 0.395161533 -0.026870863
0.271201516 0.395161533 -0.022088086
0.286800092 0.395161533 -0.017622927
0.300786530 0.395161533 -0.013574953
0.313101151 0.395161533 -0.010062437
0.323653837 0.395161533 -0.007057428
0.332364314 0.395161533 -0.004525242
0.339195459 0.395161533 -0.002539388
0.344105155 0.395161533 -0.001112111
0.347005518 0.395161533 -0.000123868
0.332159079 0.419366662 0.003778054
0.331300851 0.419366662 0.004195638
0.328383334 0.419366662 0.004622268
0.323583892 0.419366662 0.005661963
0.316898880 0.419366662 0.007102342
0.308459437 0.419366662 0.009292040
0.298271638 0.419366662 0.012022439
0.287062096 0.419366662 0.016951660
0.273550428 0.419366662 0.020590168
0.258537392 0.419366662 0.024817626
0.242088166 0.419366662 0.029493561
0.224334195 0.419366662 0.034693507
0.205384722 0.419366662 0.040380917
0.185341710 0.419366662 0.046469083
0.164306007 0.419366662 0.052845471
0.142421078 0.419366662 0.059515938
0.120179304 0.419366662 0.067187154
0.096567725 0.419366662 0.072702730
0.072408853 0.419366662 0.077882204
0.047813291 0.419366662 0.082451514
0.022894028 0.419366662 0.086007322
-0.002142724 0.419366662 0.088603908
-0.027112807 0.419366662 0.090073111
-0.051817398 0.419366662 0.090441034
-0.076060084 0.419366662 0.090014768
-0.099653240 0.419366662 0.088634236
-0.122334106 0.419366662 0.085692660
-0.143848820 0.419366662 0.081215420
-0.164018929 0.419366662 0.075588219
-0.182666134 0.419366662 0.068986933
-0.199690177 0.419366662 0.061748556
-0.215079493 0.419366662 0.054294981
-0.228717754 0.419366662 0.046744727
-0.240100657 0.419366662 0.038627189
-0.250039311 0.419366662 0.031392955
-0.257626272 0.419366662 0.024099417
-0.264100899 0.419366662 0.018263732
-0.268851836 0.419366662 0.013350121
-0.272113911 0.419366662 0.009674522
-0.273995442 0.419366662 0.007388577
-0.274489484 0.419366662 0.006531725
-0.274983526 0.419366662 0.005674873
-0.276255304 0.419366662 0.003013279
-0.276988361 0.419366662 -0.001791822
-0.274796631 0.419366662 -0.008188786
-0.268571551 0.419366662 -0.014282461
-0.259981955 0.419366662 -0.020381920
-0.249174969 0.419366662 -0.026260930
-0.236431188 0.419366662 -0.032041702
-0.221824875 0.419366662 -0.037498443
-0.205512600 0.419366662 -0.042623320
-0.187627001 0.419366662 -0.047341657
-0.168312301 0.419366662 -0.051611639
-0.147661676 0.419366662 -0.055113933
-0.125849964 0.419366662 -0.057793037
-0.103027764 0.419366662 -0.059275183
-0.079398742 0.419366662 -0.058706026
-0.055160278 0.419366662 -0.058056081
-0.030459462 0.419366662 -0.057419386
-0.005449477 0.419366662 -0.056767660
0.019715658 0.419366662 -0.056111892
0.044880835 0.419366662 -0.055457707
0.069891130 0.419366662 -0.054818019
0.094592075 0.419366662 -0.054186244
0.118813339 0.419366662 -0.053211079
0.142286267 0.419366662 -0.050484794
0.164856207 0.419366662 -0.046751867
0.186399010 0.419366662 -0.042393096
0.206768194 0.419366662 -0.037512640
0.225855512 0.419366662 -0.032311253
0.243583999 0.419366662 -0.027030520
0.259893978 0.419366662 -0.021891747
0.274690641 0.419366662 -0.016960163
0.287925759 0.419366662 -0.012408327
0.299478703 0.419366662 -0.008158299
0.309377479 0.419366662 -0.004516795
0.317577471 0.419366662 -0.001551603
0.324031734 0.419366662 0.000708007
0.328675249 0.419366662 0.002318694
0.331509655 0.419366662 0.003165960
0.321229351 0.443571791 0.003821404
0.320444073 0.443571791 0.004275198
0.317616544 0.443571791 0.004665613
0.312984846 0.443571791 0.005667921
0.306565181 0.443571791 0.007163900
0.298436580 0.443571791 0.009313605
0.288610482 0.443571791 0.011934932
0.277602640 0.443571791 0.016211249
0.264817102 0.443571791 0.020326008
0.250290880 0.443571791 0.024220991
0.234395175 0.443571791 0.028604575
0.217261158 0.443571791 0.033567336
0.198980568 0.443571791 0.039022991
0.179623460 0.443571791 0.044791988
0.159298652 0.443571791 0.050803257
0.138134928 0.443571791 0.057031047
0.116543905 0.443571791 0.064173778
0.093825596 0.443571791 0.069698506
0.070529042 0.443571791 0.074684313
0.046794192 0.443571791 0.078979392
0.022759278 0.443571791 0.082353901
-0.001393699 0.443571791 0.084759036
-0.025480450 0.443571791 0.086043411
-0.049300476 0.443571791 0.086433447
-0.072668734 0.443571791 0.085801322
-0.095409976 0.443571791 0.084316459
-0.117275622 0.443571791 0.081431594
-0.138053613 0.443571791 0.077270298
-0.157576931 0.443571791 0.072100882
-0.175700296 0.443571791 0.066152264
-0.192422504 0.443571791 0.059950924
-0.207650256 0.443571791 0.053634311
-0.220899781 0.443571791 0.046635601
-0.232487068 0.443571791 0.039741787
-0.241531966 0.443571791 0.032094147
-0.249681675 0.443571791 0.026016532
-0.256065582 0.443571791 0.020551686
-0.260672577 0.443571791 0.015835928
-0.263745148 0.443571791 0.012236988
-0.265073125 0.443571791 0.009714972
-0.265471944 0.443571791 0.008848644
-0.265796336 0.443571791 0.007955550
-0.266331643 0.443571791 0.005157959
-0.265497093 0.443571791 0.000509946
-0.261927785 0.443571791 -0.004912717
-0.255790212 0.443571791 -0.010641142
-0.247511890 0.443571791 -0.016544127
-0.237240027 0.443571791 -0.022488755
-0.225092303 0.443571791 -0.028363973
-0.211253864 0.443571791 -0.034246127
-0.195755266 0.443571791 -0.039870643
-0.178762864 0.443571791 -0.045297265
-0.160329758 0.443571791 -0.050210478
-0.140603296 0.443571791 -0.054541454
-0.119664364 0.443571791 -0.057777733
-0.097682059 0.443571791 -0.059064356
-0.074900425 0.443571791 -0.058410447
-0.051529931 0.443571791 -0.057728860
-0.027710864 0.443571791 -0.057165054
-0.003593345 0.443571791 -0.056600237
0.020673789 0.443571791 -0.056031915
0.044940650 0.443571791 -0.055452143
0.069057746 0.443571791 -0.054869536
0.092876540 0.443571791 -0.054294135
0.116239538 0.443571791 -0.053504179
0.138860505 0.443571791 -0.050768187
0.160579929 0.443571791 -0.046914312
0.181268508 0.443571791 -0.042315472
0.200841471 0.443571791 -0.037331476
0.219182723 0.443571791 -0.032084741
0.236208086 0.443571791 -0.026762432
0.251869093 0.443571791 -0.021601195
0.266118197 0.443571791 -0.016790862
0.278824577 0.443571791 -0.012241778
0.289994010 0.443571791 -0.008224708
0.299562598 0.443571791 -0.004778421
0.307480994 0.443571791 -0.001951214
0.313686318 0.443571791 0.000279127
0.318146222 0.443571791 0.001882124
0.320634853 0.443571791 0.003187067
0.300605673 0.467776920 0.002698935
0.300199936 0.467776920 0.003307515
0.297676241 0.467776920 0.004101010
0.293298529 0.467776920 0.004969403
0.287243648 0.467776920 0.006351610
0.279522219 0.467776920 0.008110768
0.270180231 0.467776920 0.010228353
0.259851221 0.467776920 0.014090281
0.247581009 0.467776920 0.017366074
0.233836241 0.467776920 0.020791185
0.218819725 0.467776920 0.024752931
0.202634719 0.467776920 0.029261474
0.185352328 0.467776920 0.034178820
0.167054259 0.467776920 0.039385155
0.147832580 0.467776920 0.044772792
0.127756122 0.467776920 0.050128933
0.107225343 0.467776920 0.056167871
0.085800495 0.467776920 0.061258529
0.063815886 0.467776920 0.065745686
0.041428350 0.467776920 0.069610882
0.018784652 0.467776920 0.072716569
-0.003962969 0.467776920 0.074871106
-0.026601113 0.467776920 0.076540428
-0.049018621 0.467776920 0.077071755
-0.071030665 0.467776920 0.077044392
-0.092467099 0.467776920 0.075952652
-0.113152802 0.467776920 0.074039254
-0.132899952 0.467776920 0.071146215
-0.151528894 0.467776920 0.067319961
-0.168960947 0.467776920 0.062988417
-0.185037992 0.467776920 0.058114274
-0.199552520 0.467776920 0.052594330
-0.212255397 0.467776920 0.046423879
-0.223443885 0.467776920 0.040426534
-0.232731850 0.467776920 0.034253430
-0.240559899 0.467776920 0.028739398
-0.246614289 0.467776920 0.023646170
-0.251072509 0.467776920 0.019324979
-0.253578175 0.467776920 0.015647006
-0.254482084 0.467776920 0.013125311
-0.254715020 0.467776920 0.012257759
-0.254852938 0.467776920 0.011380386
-0.254561702 0.467776920 0.008716726
-0.253057735 0.467776920 0.004539119
-0.248848889 0.467776920 0.000025692
-0.242761118 0.467776920 -0.005030334
-0.234806278 0.467776920 -0.010359030
-0.225051187 0.467776920 -0.015818815
-0.213657832 0.467776920 -0.021452178
-0.200718564 0.467776920 -0.027214076
-0.186299951 0.467776920 -0.032982752
-0.170483887 0.467776920 -0.038649399
-0.153330487 0.467776920 -0.043996547
-0.134946170 0.467776920 -0.048887442
-0.115364336 0.467776920 -0.052758498
-0.094672363 0.467776920 -0.054262038
-0.073206738 0.467776920 -0.054115901
-0.051186410 0.467776920 -0.053920076
-0.028755687 0.467776920 -0.053251331
-0.006044420 0.467776920 -0.052560357
0.016810112 0.467776920 -0.051953396
0.039664748 0.467776920 -0.051346017
0.062378023 0.467776920 -0.050724554
0.084810290 0.467776920 -0.050108326
0.106813126 0.467776920 -0.049283631
0.128164760 0.467776920 -0.047139354
0.148664103 0.467776920 -0.043765496
0.168181163 0.467776920 -0.039575623
0.186608977 0.467776920 -0.034852026
0.203866016 0.467776920 -0.029851675
0.219903477 0.467776920 -0.024843596
0.234626018 0.467776920 -0.019897390
0.248036829 0.467776920 -0.015337787
0.259999562 0.467776920 -0.011039048
0.270524213 0.467776920 -0.007268176
0.279568536 0.467776920 -0.004112359
0.287045253 0.467776920 -0.001502032
0.292908828 0.467776920 0.000545103
0.297220714 0.467776920 0.001678361
0.299846274 0.467776920 0.002260240
0.267063558 0.491982050 0.002715317
0.266344083 0.491982050 0.003087956
0.263910201 0.491982050 0.003376267
0.259889329 0.491982050 0.003980060
0.254332782 0.491982050 0.005057994
0.247244283 0.491982050 0.006415085
0.238659455 0.491982050 0.008000071
0.228657704 0.491982050 0.009943636
0.217356676 0.491982050 0.012490741
0.204771701 0.491982050 0.015366874
0.191015869 0.491982050 0.018699771
0.176183236 0.491982050 0.022502173
0.160352494 0.491982050 0.026690882
0.143581728 0.491982050 0.031088726
0.125961005 0.491982050 0.035617806
0.107594134 0.491982050 0.040227643
0.088558437 0.491982050 0.044740731
0.068980667 0.491982050 0.049152653
0.048927862 0.491982050 0.053160856
0.028550420 0.491982050 0.056814019
0.008001301 0.491982050 0.060023645
-0.012690574 0.491982050 0.062167458
-0.033237812 0.491982050 0.064303153
-0.053614966 0.491982050 0.065261178
-0.073652841 0.491982050 0.066113125
-0.093214964 0.491982050 0.065943191
-0.112137301 0.491982050 0.065288873
-0.130270412 0.491982050 0.063884426
-0.147474248 0.491982050 0.061838945
-0.163610750 0.491982050 0.059110778
-0.178540160 0.491982050 0.055719687
-0.191987304 0.491982050 0.051325525
-0.203883971 0.491982050 0.046369338
-0.214438959 0.491982050 0.041599822
-0.223410309 0.491982050 0.036778625
-0.230668983 0.491982050 0.031938122
-0.236295459 0.491982050 0.027424940
-0.240361371 0.491982050 0.023513252
-0.242388779 0.491982050 0.020015373
-0.243068040 0.491982050 0.017666188
-0.243077520 0.491982050 0.016847589
-0.242921651 0.491982050 0.016044579
-0.242341964 0.491982050 0.013669936
-0.240382227 0.491982050 0.010119073
-0.235981744 0.491982050 0.006583365
-0.230080714 0.491982050 0.002437737
-0.222513707 0.491982050 -0.001906818
-0.213435836 0.491982050 -0.006527472
-0.202894894 0.491982050 -0.011329623
-0.190977550 0.491982050 -0.016290069
-0.177770465 0.491982050 -0.021381500
-0.163322158 0.491982050 -0.026446022
-0.147663408 0.491982050 -0.031234478
-0.130873172 0.491982050 -0.035556022
-0.113043962 0.491982050 -0.039134811
-0.094202144 0.491982050 -0.040905501
-0.074640734 0.491982050 -0.041112741
-0.054571545 0.491982050 -0.041051820
-0.034121597 0.491982050 -0.040795408
-0.013416397 0.491982050 -0.040479632
0.007417158 0.491982050 -0.040169768
0.028252506 0.491982050 -0.039996111
0.048956814 0.491982050 -0.039623938
0.069403114 0.491982050 -0.039165198
0.089466949 0.491982050 -0.038697485
0.109010905 0.491982050 -0.037874115
0.127827004 0.491982050 -0.035755713
0.145779486 0.491982050 -0.032825504
0.162734776 0.491982050 -0.029209316
0.178606957 0.491982050 -0.025185807
0.193341499 0.491982050 -0.021023420
0.206911558 0.491982050 -0.016998895
0.219199802 0.491982050 -0.013042393
0.230226692 0.491982050 -0.009490348
0.239922142 0.491982050 -0.006358187
0.248199417 0.491982050 -0.003584221
0.255068460 0.491982050 -0.001369312
0.260460982 0.491982050 0.000348567
0.264392547 0.491982050 0.001387360
0.266755137 0.491982050 0.002018483
0.234567887 0.516187179 0.001854652
0.234024000 0.516187179 0.002278889
0.231836032 0.516187179 0.002532567
0.228176850 0.516187179 0.002907077
0.223109151 0.516187179 0.003629676
0.216656065 0.516187179 0.004608090
0.208868646 0.516187179 0.005908596
0.199792286 0.516187179 0.007498762
0.189505944 0.516187179 0.009489431
0.178076996 0.516187179 0.011870937
0.165581807 0.516187179 0.014651925
0.152130223 0.516187179 0.017942509
0.137744505 0.516187179 0.021461604
0.122499336 0.516187179 0.025129658
0.106483995 0.516187179 0.028902360
0.089791179 0.516187179 0.032730698
0.072534253 0.516187179 0.036632781
0.054801666 0.516187179 0.040505025
0.036650267 0.516187179 0.044056169
0.018203884 0.516187179 0.047282900
-0.000444359 0.516187179 0.049975342
-0.019150430 0.516187179 0.052237170
-0.037778290 0.516187179 0.054149322
-0.056210283 0.516187179 0.055681755
-0.074335661 0.516187179 0.056629435
-0.092017130 0.516187179 0.057198607
-0.109139469 0.516187179 0.057512054
-0.125592939 0.516187179 0.057385445
-0.141259849 0.516187179 0.056785865
-0.156017795 0.516187179 0.055575404
-0.169759262 0.516187179 0.053874166
-0.182299454 0.516187179 0.051335138
-0.193567087 0.516187179 0.048315695
-0.203441384 0.516187179 0.044822112
-0.211757171 0.516187179 0.040859507
-0.218550792 0.516187179 0.036844617
-0.223877880 0.516187179 0.033074139
-0.227875101 0.516187179 0.029878971
-0.230092265 0.516187179 0.026950066
-0.231079329 0.516187179 0.024977871
-0.231227625 0.516187179 0.024252494
-0.231375920 0.516187179 0.023527116
-0.231077972 0.516187179 0.021351212
-0.229472465 0.516187179 0.018089223
-0.225603069 0.516187179 0.014826561
-0.219970969 0.516187179 0.011534476
-0.212849448 0.516187179 0.008135249
-0.204344496 0.516187179 0.004597827
-0.194489943 0.516187179 0.001048221
-0.183408827 0.516187179 -0.002627404
-0.171110108 0.516187179 -0.006163885
-0.157700632 0.516187179 -0.009614247
-0.143258225 0.516187179 -0.012892721
-0.127854342 0.516187179 -0.015817626
-0.111550400 0.516187179 -0.018004205
-0.094491485 0.516187179 -0.019456172
-0.076813580 0.516187179 -0.020183718
-0.058673513 0.516187179 -0.020789354
-0.040184223 0.516187179 -0.021292362
-0.021466029 0.516187179 -0.021885160
-0.002633905 0.516187179 -0.022552139
0.016194708 0.516187179 -0.023295158
0.034912556 0.516187179 -0.023892898
0.053402912 0.516187179 -0.024303848
0.071553088 0.516187179 -0.024380563
0.089244021 0.516187179 -0.024180209
0.106360373 0.516187179 -0.023627085
0.122766266 0.516187179 -0.022398800
0.138335351 0.516187179 -0.020549403
0.152964032 0.516187179 -0.018246883
0.166557230 0.516187179 -0.015607485
0.179051317 0.516187179 -0.012823887
0.190400530 0.516187179 -0.010084335
0.200552959 0.516187179 -0.007496680
0.209451907 0.516187179 -0.005105333
0.217076062 0.516187179 -0.003054021
0.223368541 0.516187179 -0.001319439
0.228298900 0.516187179 0.000057251
0.231864268 0.516187179 0.000956311
0.234033902 0.516187179 0.001405941
0.199019398 0.540392308 0.001093948
0.198571820 0.540392308 0.001517772
0.196626310 0.540392308 0.001845376
0.193342295 0.540392308 0.002084218
0.188782309 0.540392308 0.002517928
0.182982066 0.540392308 0.003212340
0.175978748 0.540392308 0.004148643
0.167827319 0.540392308 0.005397874
0.158588571 0.540392308 0.006996533
0.148323543 0.540392308 0.008948207
0.137116468 0.540392308 0.011325472
0.125046196 0.540392308 0.014135901
0.112169168 0.540392308 0.017276070
0.098502420 0.540392308 0.020462741
0.084161649 0.540392308 0.023808021
0.069235652 0.540392308 0.027292936
0.053812999 0.540392308 0.030880981
0.037965726 0.540392308 0.034449522
0.021784530 0.540392308 0.037935121
0.005344295 0.540392308 0.041194577
-0.011251142 0.540392308 0.044191365
-0.027912670 0.540392308 0.046800299
-0.044514215 0.540392308 0.049100655
-0.060954196 0.540392308 0.051029952
-0.077125434 0.540392308 0.052561527
-0.092911013 0.540392308 0.053793940
-0.108214681 0.540392308 0.054612853
-0.122934990 0.540392308 0.054956180
-0.136965210 0.540392308 0.054901388
-0.150198916 0.540392308 0.054225244
-0.162530689 0.540392308 0.053002513
-0.173843651 0.540392308 0.051206626
-0.184033868 0.540392308 0.048910105
-0.192971693 0.540392308 0.046104023
-0.200628249 0.540392308 0.043054914
-0.206828367 0.540392308 0.039677935
-0.211732438 0.540392308 0.036506586
-0.215408687 0.540392308 0.033772801
-0.217855129 0.540392308 0.031594785
-0.219024749 0.540392308 0.029993897
-0.219378419 0.540392308 0.029433557
-0.219677314 0.540392308 0.028842857
-0.220264937 0.540392308 0.026966614
-0.219323820 0.540392308 0.023882982
-0.216100288 0.540392308 0.020702019
-0.210809796 0.540392308 0.018280940
-0.204218299 0.540392308 0.015741065
-0.196304977 0.540392308 0.013420631
-0.187228342 0.540392308 0.011075046
-0.177051370 0.540392308 0.008720477
-0.165792939 0.540392308 0.006613396
-0.153587143 0.540392308 0.004472316
-0.140467778 0.540392308 0.002588095
-0.126531222 0.540392308 0.000947631
-0.111878486 0.540392308 -0.000498048
-0.096604454 0.540392308 -0.001774131
-0.080802030 0.540392308 -0.002782637
-0.064591813 0.540392308 -0.003831082
-0.048072847 0.540392308 -0.004899209
-0.031351963 0.540392308 -0.006053637
-0.014529998 0.540392308 -0.007254204
0.002292167 0.540392308 -0.008451942
0.019007256 0.540392308 -0.009687251
0.035515776 0.540392308 -0.010902414
0.051737194 0.540392308 -0.011741489
0.067566899 0.540392308 -0.012096796
0.082894026 0.540392308 -0.012161797
0.097614164 0.540392308 -0.011832223
0.111630684 0.540392308 -0.011155495
0.124857731 0.540392308 -0.010306504
0.137203504 0.540392308 -0.009220812
0.148582630 0.540392308 -0.007900138
0.158933296 0.540392308 -0.006474331
0.168195738 0.540392308 -0.005015767
0.176314019 0.540392308 -0.003566453
0.183266221 0.540392308 -0.002303312
0.188995890 0.540392308 -0.001164830
0.193489353 0.540392308 -0.000271981
0.196720332 0.540392308 0.000362445
0.198681175 0.540392308 0.000657679
0.194401257 0.564597437 0.001085704
0.194085392 0.564597437 0.001589124
0.192208854 0.564597437 0.001805025
0.189045921 0.564597437 0.001959502
0.184661752 0.564597437 0.002401401
0.179072698 0.564597437 0.002977246
0.172335809 0.564597437 0.003872923
0.164479308 0.564597437 0.004964434
0.155580402 0.564597437 0.006426585
0.145698075 0.564597437 0.008253146
0.134896240 0.564597437 0.010427497
0.123272007 0.564597437 0.013068583
0.110843670 0.564597437 0.015906938
0.097680279 0.564597437 0.018891333
0.083861262 0.564597437 0.021996247
0.069477647 0.564597437 0.025228018
0.054617500 0.564597437 0.028563827
0.039357663 0.564597437 0.031916863
0.023798038 0.564597437 0.035289130
0.007988392 0.564597437 0.038441154
-0.007960946 0.564597437 0.041395887
-0.023967110 0.564597437 0.044023418
-0.039920542 0.564597437 0.046340408
-0.055705217 0.564597437 0.048408404
-0.071227955 0.564597437 0.050180613
-0.086390913 0.564597437 0.051607758
-0.101084522 0.564597437 0.052798125
-0.115225832 0.564597437 0.053583202
-0.128718161 0.564597437 0.053874399
-0.141460584 0.564597437 0.053574310
-0.153339562 0.564597437 0.052596533
-0.164253425 0.564597437 0.051090991
-0.174082372 0.564597437 0.049008563
-0.182759824 0.564597437 0.046566379
-0.190179041 0.564597437 0.043765958
-0.196212512 0.564597437 0.040649696
-0.200914052 0.564597437 0.037575442
-0.204559096 0.564597437 0.035099577
-0.207035450 0.564597437 0.033162761
-0.208244490 0.564597437 0.031687720
-0.208578545 0.564597437 0.031144966
-0.208912601 0.564597437 0.030602213
-0.209647328 0.564597437 0.028861824
-0.208803940 0.564597437 0.025930207
-0.205675659 0.564597437 0.022920414
-0.200502076 0.564597437 0.020845502
-0.194002908 0.564597437 0.018862476
-0.186308321 0.564597437 0.016936515
-0.177473963 0.564597437 0.015127181
-0.167589566 0.564597437 0.013323068
-0.156687556 0.564597437 0.011720191
-0.144893828 0.564597437 0.009986208
-0.132248932 0.564597437 0.008382567
-0.118829964 0.564597437 0.006928306
-0.104730726 0.564597437 0.005587927
-0.090043577 0.564597437 0.004314997
-0.074870467 0.564597437 0.002999949
-0.059307407 0.564597437 0.001622873
-0.043448019 0.564597437 0.000218656
-0.027396214 0.564597437 -0.001271348
-0.011245653 0.564597437 -0.002779643
0.004904077 0.564597437 -0.004296778
0.020953197 0.564597437 -0.005815633
0.036803807 0.564597437 -0.007315701
0.052388442 0.564597437 -0.008415340
0.067604901 0.564597437 -0.008968127
0.082345564 0.564597437 -0.009101073
0.096508325 0.564597437 -0.008998321
0.109999281 0.564597437 -0.008607359
0.122734565 0.564597437 -0.008030988
0.134629463 0.564597437 -0.007272889
0.145614183 0.564597437 -0.006401718
0.155609180 0.564597437 -0.005360588
0.164556335 0.564597437 -0.004228619
0.172397258 0.564597437 -0.003030826
0.179108027 0.564597437 -0.001958039
0.184632647 0.564597437 -0.000934470
0.188968736 0.564597437 -0.000150863
0.192088777 0.564597437 0.000392316
0.193974906 0.564597437 0.000678715
0.194194830 0.588802567 0.001318719
0.193806186 0.588802567 0.001726399
0.191953031 0.588802567 0.001843467
0.188870462 0.588802567 0.001977853
0.184597518 0.588802567 0.002388592
0.179155744 0.588802567 0.002977553
0.172592548 0.588802567 0.003853653
0.164932689 0.588802567 0.004876907
0.156258129 0.588802567 0.006275989
0.146625970 0.588802567 0.008034805
0.136125274 0.588802567 0.010261781
0.124792678 0.588802567 0.012802140
0.112698160 0.588802567 0.015628441
0.099876454 0.588802567 0.018549395
0.086417335 0.588802567 0.021593918
0.072408323 0.588802567 0.024762830
0.057929367 0.588802567 0.028007803
0.043073116 0.588802567 0.031324306
0.027929928 0.588802567 0.034685022
0.012537608 0.588802567 0.037808689
-0.002965553 0.588802567 0.040871287
-0.018531098 0.588802567 0.043603637
-0.034038010 0.588802567 0.046090320
-0.049398367 0.588802567 0.048252248
-0.064516243 0.588802567 0.050025600
-0.079274644 0.588802567 0.051555683
-0.093591420 0.588802567 0.052703850
-0.107369227 0.588802567 0.053446165
-0.120514041 0.588802567 0.053656468
-0.132922379 0.588802567 0.053184548
-0.144491032 0.588802567 0.052208235
-0.155120691 0.588802567 0.050728696
-0.164689837 0.588802567 0.048671161
-0.173130645 0.588802567 0.046244885
-0.180351799 0.588802567 0.043507861
-0.186266807 0.588802567 0.040542312
-0.190878201 0.588802567 0.037597389
-0.194457503 0.588802567 0.035227008
-0.196838674 0.588802567 0.033304346
-0.198048255 0.588802567 0.031892761
-0.198397472 0.588802567 0.031383441
-0.198705666 0.588802567 0.030844403
-0.199423807 0.588802567 0.029146545
-0.198606430 0.588802567 0.026277663
-0.195584671 0.588802567 0.023333365
-0.190528418 0.588802567 0.021352354
-0.184168479 0.588802567 0.019512789
-0.176666059 0.588802567 0.017665661
-0.168048337 0.588802567 0.015954117
-0.158405502 0.588802567 0.014254774
-0.147824163 0.588802567 0.012441839
-0.136333775 0.588802567 0.010761969
-0.124021464 0.588802567 0.009127202
-0.110950461 0.588802567 0.007691630
-0.097221181 0.588802567 0.006304744
-0.082924951 0.588802567 0.004924217
-0.068150318 0.588802567 0.003553628
-0.052999197 0.588802567 0.002088209
-0.037551320 0.588802567 0.000680965
-0.021914651 0.588802567 -0.000794151
-0.006181851 0.588802567 -0.002287799
0.009551386 0.588802567 -0.003776818
0.025188420 0.588802567 -0.005248227
0.040639518 0.588802567 -0.006618889
0.055820774 0.588802567 -0.007727748
0.070649069 0.588802567 -0.008172959
0.085010971 0.588802567 -0.008210215
0.098809746 0.588802567 -0.008114860
0.111955174 0.588802567 -0.007758710
0.124362500 0.588802567 -0.007196897
0.135957244 0.588802567 -0.006540694
0.146664249 0.588802567 -0.005776705
0.156402221 0.588802567 -0.004754971
0.165141722 0.588802567 -0.003847541
0.172785590 0.588802567 -0.002711021
0.179325870 0.588802567 -0.001681734
0.184718849 0.588802567 -0.000742850
0.188948264 0.588802567 -0.000006536
0.191988040 0.588802567 0.000522670
0.193798917 0.588802567 0.000868270
0.194765248 0.613007696 0.001349354
0.194298374 0.613007696 0.001732490
0.192493125 0.613007696 0.001845640
0.189488660 0.613007696 0.002016594
0.185320184 0.613007696 0.002417151
0.180019197 0.613007696 0.003055140
0.173617742 0.613007696 0.003916359
0.166158712 0.613007696 0.005007796
0.157704141 0.613007696 0.006417259
0.148302520 0.613007696 0.008101995
0.138055510 0.613007696 0.010259536
0.127003738 0.613007696 0.012750653
0.115206334 0.613007696 0.015510641
0.102706173 0.613007696 0.018392120
0.089587903 0.613007696 0.021410145
0.075922684 0.613007696 0.024502659
0.061792148 0.613007696 0.027638852
0.047301170 0.613007696 0.030879202
0.032530751 0.613007696 0.034165809
0.017526949 0.613007696 0.037265855
0.002421600 0.613007696 0.040345311
-0.012747635 0.613007696 0.043091785
-0.027858598 0.613007696 0.045613654
-0.042836423 0.613007696 0.047761555
-0.057577098 0.613007696 0.049544944
-0.071965602 0.613007696 0.051115454
-0.085931605 0.613007696 0.052232925
-0.099368300 0.613007696 0.053010061
-0.112190878 0.613007696 0.053220846
-0.124296292 0.613007696 0.052787082
-0.135579729 0.613007696 0.051826501
-0.145945821 0.613007696 0.050373688
-0.155294992 0.613007696 0.048446773
-0.163539594 0.613007696 0.046111574
-0.170588317 0.613007696 0.043450580
-0.176363174 0.613007696 0.040563728
-0.180895945 0.613007696 0.037741678
-0.184421112 0.613007696 0.035482309
-0.186707902 0.613007696 0.033554873
-0.187887612 0.613007696 0.032189551
-0.188175274 0.613007696 0.031656514
-0.188463510 0.613007696 0.031123796
-0.189188979 0.613007696 0.029476318
-0.188429345 0.613007696 0.026664554
-0.185449139 0.613007696 0.023798033
-0.180510734 0.613007696 0.021867924
-0.174275093 0.613007696 0.020184425
-0.166938599 0.613007696 0.018459660
-0.158538076 0.613007696 0.016756700
-0.149138745 0.613007696 0.015068059
-0.138804740 0.613007696 0.013369862
-0.127601743 0.613007696 0.011688783
-0.115590234 0.613007696 0.010101328
-0.102847126 0.613007696 0.008629127
-0.089461075 0.613007696 0.007211039
-0.075518292 0.613007696 0.005831381
-0.061132171 0.613007696 0.004234199
-0.046370042 0.613007696 0.002633434
-0.031306438 0.613007696 0.001199895
-0.016054181 0.613007696 -0.000251597
-0.000707305 0.613007696 -0.001712094
0.014638513 0.613007696 -0.003183602
0.029887949 0.613007696 -0.004664441
0.044958441 0.613007696 -0.006021847
0.059766861 0.613007696 -0.007082625
0.074236020 0.613007696 -0.007453404
0.088246231 0.613007696 -0.007536907
0.101707042 0.613007696 -0.007479751
0.114530980 0.613007696 -0.007174515
0.126639811 0.613007696 -0.006765896
0.137950617 0.613007696 -0.006133342
0.148396458 0.613007696 -0.005390750
0.157905372 0.613007696 -0.004492334
0.166420354 0.613007696 -0.003514181
0.173880966 0.613007696 -0.002435152
0.180266431 0.613007696 -0.001462772
0.185529192 0.613007696 -0.000558732
0.189654528 0.613007696 0.000161951
0.192622512 0.613007696 0.000659255
0.194411671 0.613007696 0.000934705
0.195111205 0.637212825 0.001386257
0.194642390 0.637212825 0.001733309
0.192888224 0.637212825 0.001861551
0.189965875 0.637212825 0.002107147
0.185902951 0.637212825 0.002482359
0.180747491 0.637212825 0.003182378
0.174520725 0.637212825 0.004095806
0.167254481 0.637212825 0.005168795
0.159023546 0.637212825 0.006582221
0.149858406 0.637212825 0.008197083
0.139876128 0.637212825 0.010311285
0.129112710 0.637212825 0.012759104
0.117620239 0.637212825 0.015457877
0.105441914 0.637212825 0.018270279
0.092656696 0.637212825 0.021195522
0.079351423 0.637212825 0.024250192
0.065587142 0.637212825 0.027322603
0.051476308 0.637212825 0.030516942
0.037083257 0.637212825 0.033712035
0.022485687 0.637212825 0.036833457
0.007774751 0.637212825 0.039866919
-0.006985425 0.637212825 0.042651022
-0.021693121 0.637212825 0.045201132
-0.036280267 0.637212825 0.047337146
-0.050636399 0.637212825 0.049128275
-0.064650742 0.637212825 0.050702793
-0.078255261 0.637212825 0.051831184
-0.091347761 0.637212825 0.052580787
-0.103841604 0.637212825 0.052785367
-0.115637694 0.637212825 0.052391371
-0.126635006 0.637212825 0.051491943
-0.136740749 0.637212825 0.050110542
-0.145860325 0.637212825 0.048268511
-0.153889850 0.637212825 0.045977985
-0.160765231 0.637212825 0.043405904
-0.166394186 0.637212825 0.040597932
-0.170808372 0.637212825 0.037843861
-0.174272149 0.637212825 0.035687798
-0.176471063 0.637212825 0.033768992
-0.177616232 0.637212825 0.032437471
-0.177929266 0.637212825 0.031937167
-0.178226000 0.637212825 0.031427379
-0.178948252 0.637212825 0.029825055
-0.178214548 0.637212825 0.027081278
-0.175319377 0.637212825 0.024271012
-0.170510457 0.637212825 0.022387703
-0.164429460 0.637212825 0.020767439
-0.157272144 0.637212825 0.019136674
-0.149092971 0.637212825 0.017449050
-0.139928032 0.637212825 0.015841192
-0.129861111 0.637212825 0.014174760
-0.118943088 0.637212825 0.012552817
-0.107246135 0.637212825 0.010963223
-0.094832954 0.637212825 0.009502113
-0.081804693 0.637212825 0.007992047
-0.068230480 0.637212825 0.006543358
-0.054212441 0.637212825 0.004996368
-0.039821778 0.637212825 0.003506636
-0.025148726 0.637212825 0.002067798
-0.010292127 0.637212825 0.000608770
0.004652517 0.637212825 -0.000900577
0.019591445 0.637212825 -0.002465017
0.034442350 0.637212825 -0.003980169
0.049122167 0.637212825 -0.005340258
0.063550941 0.637212825 -0.006370219
0.077648341 0.637212825 -0.006754320
0.091298451 0.637212825 -0.006899755
0.104414004 0.637212825 -0.006933318
0.116908662 0.637212825 -0.006665450
0.128708373 0.637212825 -0.006309389
0.139731588 0.637212825 -0.005754423
0.149909518 0.637212825 -0.005031218
0.159178506 0.637212825 -0.004198392
0.167470428 0.637212825 -0.003203599
0.174747023 0.637212825 -0.002205244
0.180969802 0.637212825 -0.001265195
0.186106019 0.637212825 -0.000435030
0.190125511 0.637212825 0.000267162
0.193017727 0.637212825 0.000749089
0.194764028 0.637212825 0.001000877
0.195453236 0.661417954 0.001422887
0.195056261 0.661417954 0.001795242
0.193359138 0.661417954 0.002002875
0.190513697 0.661417954 0.002243489
0.186559543 0.661417954 0.002619597
0.181546449 0.661417954 0.003351444
0.175482660 0.661417954 0.004236678
0.168406685 0.661417954 0.005275417
0.160396608 0.661417954 0.006678711
0.151477354 0.661417954 0.008277135
0.141761597 0.661417954 0.010356573
0.131282430 0.661417954 0.012744883
0.120094227 0.661417954 0.015382669
0.108238937 0.661417954 0.018134417
0.095789615 0.661417954 0.020982808
0.082831656 0.661417954 0.023947574
0.069447344 0.661417954 0.027020783
0.055715911 0.661417954 0.030169339
0.041716058 0.661417954 0.033347520
0.027506244 0.661417954 0.036407817
0.013188168 0.661417954 0.039392349
-0.001158969 0.661417954 0.042235038
-0.015476488 0.661417954 0.044740767
-0.029665704 0.661417954 0.046919303
-0.043639287 0.661417954 0.048708876
-0.057281317 0.661417954 0.050277745
-0.070524405 0.661417954 0.051425276
-0.083273016 0.661417954 0.052157404
-0.095439205 0.661417954 0.052350179
-0.106926760 0.661417954 0.051998484
-0.117642362 0.661417954 0.051193622
-0.127481372 0.661417954 0.049834128
-0.136375713 0.661417954 0.048104173
-0.144206635 0.661417954 0.045912289
-0.150884354 0.661417954 0.043363975
-0.156375203 0.661417954 0.040652686
-0.160645298 0.661417954 0.037926591
-0.164045019 0.661417954 0.035871208
-0.166184546 0.661417954 0.033999661
-0.167264094 0.661417954 0.032674710
-0.167568904 0.661417954 0.032187550
-0.167873714 0.661417954 0.031700391
-0.168659153 0.661417954 0.030178368
-0.168003742 0.661417954 0.027504572
-0.165194355 0.661417954 0.024750576
-0.160529889 0.661417954 0.022880687
-0.154625392 0.661417954 0.021248838
-0.147666640 0.661417954 0.019615562
-0.139696721 0.661417954 0.017999718
-0.130778706 0.661417954 0.016395554
-0.120967576 0.661417954 0.014826757
-0.110335107 0.661417954 0.013253737
-0.098950741 0.661417954 0.011663112
-0.086875708 0.661417954 0.010143542
-0.074200227 0.661417954 0.008584330
-0.060985219 0.661417954 0.007149713
-0.047328600 0.661417954 0.005707490
-0.033308085 0.661417954 0.004332802
-0.019024356 0.661417954 0.002893250
-0.004561739 0.661417954 0.001435669
0.009982383 0.661417954 -0.000109479
0.024523207 0.661417954 -0.001686150
0.038979010 0.661417954 -0.003209512
0.053264661 0.661417954 -0.004626009
0.067313464 0.661417954 -0.005653363
0.081035201 0.661417954 -0.006183607
0.094324807 0.661417954 -0.006441747
0.107095751 0.661417954 -0.006480118
0.119263755 0.661417954 -0.006258261
0.130752425 0.661417954 -0.005878324
0.141488056 0.661417954 -0.005370651
0.151399157 0.661417954 -0.004673752
0.160421368 0.661417954 -0.003827709
0.168499640 0.661417954 -0.002895563
0.175589143 0.661417954 -0.001953786
0.181652830 0.661417954 -0.001068220
0.186655791 0.661417954 -0.000270109
0.190577153 0.661417954 0.000368995
0.193393618 0.661417954 0.000836659
0.195097677 0.661417954 0.001062103
0.195993572 0.685623083 0.001522948
0.195641626 0.685623083 0.001923781
0.194012391 0.685623083 0.002189557
0.191244087 0.685623083 0.002441166
0.187392176 0.685623083 0.002788902
0.182504331 0.685623083 0.003435058
0.176599241 0.685623083 0.004279817
0.169710734 0.685623083 0.005286947
0.161913528 0.685623083 0.006652949
0.153238022 0.685623083 0.008246852
0.143790778 0.685623083 0.010318041
0.133588266 0.685623083 0.012634736
0.122700284 0.685623083 0.015214662
0.111192772 0.685623083 0.018030339
0.099091924 0.685623083 0.020877752
0.086484182 0.685623083 0.023789194
0.073480204 0.685623083 0.026884083
0.060113465 0.685623083 0.029947983
0.046502817 0.685623083 0.033114791
0.032684222 0.685623083 0.036156023
0.018758811 0.685623083 0.039119387
0.004786022 0.685623083 0.041850190
-0.009154531 0.685623083 0.044270298
-0.022954388 0.685623083 0.046473098
-0.036554605 0.685623083 0.048229667
-0.049823514 0.685623083 0.049844922
-0.062713279 0.685623083 0.050978769
-0.075120215 0.685623083 0.051730257
-0.086963597 0.685623083 0.051915392
-0.098147376 0.685623083 0.051609292
-0.108585921 0.685623083 0.050902209
-0.118159898 0.685623083 0.049548702
-0.126829915 0.685623083 0.047923283
-0.134460646 0.685623083 0.045822504
-0.140957727 0.685623083 0.043341459
-0.146303295 0.685623083 0.040705283
-0.150447352 0.685623083 0.038031817
-0.153769045 0.685623083 0.036051018
-0.155865553 0.685623083 0.034248451
-0.156872216 0.685623083 0.032928602
-0.157156809 0.685623083 0.032447020
-0.157441402 0.685623083 0.031965438
-0.158223722 0.685623083 0.030491114
-0.157746937 0.685623083 0.027889269
-0.155020746 0.685623083 0.025196954
-0.150533930 0.685623083 0.023231520
-0.144776560 0.685623083 0.021700767
-0.138005858 0.685623083 0.020095229
-0.130250145 0.685623083 0.018510827
-0.121572307 0.685623083 0.016932106
-0.112029198 0.685623083 0.015361641
-0.101685298 0.685623083 0.013788864
-0.090598912 0.685623083 0.012274422
-0.078857763 0.685623083 0.010693788
-0.066537132 0.685623083 0.009036292
-0.053670584 0.685623083 0.007664264
-0.040373165 0.685623083 0.006296983
-0.026722617 0.685623083 0.004985596
-0.012812093 0.685623083 0.003649233
0.001263375 0.685623083 0.002204948
0.015417771 0.685623083 0.000670177
0.029572167 0.685623083 -0.000864593
0.043640071 0.685623083 -0.002382625
0.057535756 0.685623083 -0.003865355
0.071204900 0.685623083 -0.004952318
0.084552641 0.685623083 -0.005682076
0.097488715 0.685623083 -0.005936597
0.109919729 0.685623083 -0.005989433
0.121765656 0.685623083 -0.005825110
0.132948258 0.685623083 -0.005441130
0.143398128 0.685623083 -0.004934189
0.153048505 0.685623083 -0.004298192
0.161828049 0.685623083 -0.003443371
0.169692939 0.685623083 -0.002549161
0.176599119 0.685623083 -0.001672638
0.182505320 0.685623083 -0.000835679
0.187376974 0.685623083 -0.000069681
0.191200129 0.685623083 0.000514794
0.193949621 0.685623083 0.000922682
0.195592080 0.685623083 0.001192309
0.196552210 0.709828213 0.001628863
0.196219674 0.709828213 0.002032781
0.194626899 0.709828213 0.002277478
0.191935790 0.709828213 0.002541310
0.188188921 0.709828213 0.002881860
0.183430018 0.709828213 0.003482361
0.177688383 0.709828213 0.004322679
0.170987498 0.709828213 0.005303258
0.163405384 0.709828213 0.006647999
0.154970297 0.709828213 0.008222974
0.145790700 0.709828213 0.010285748
0.135864138 0.709828213 0.012531688
0.125284148 0.709828213 0.015089576
0.114095392 0.709828213 0.017851585
0.102354559 0.709828213 0.020749877
0.090104260 0.709828213 0.023641931
0.077475698 0.709828213 0.026742594
0.064476490 0.709828213 0.029738511
0.051267217 0.709828213 0.032950672
0.037839163 0.709828213 0.035973957
0.024287333 0.709828213 0.038831144
0.010692225 0.709828213 0.041472454
-0.002869051 0.709828213 0.043824845
-0.016300066 0.709828213 0.045924560
-0.029518622 0.709828213 0.047717507
-0.042419975 0.709828213 0.049345380
-0.054954726 0.709828213 0.050492306
-0.067022706 0.709828213 0.051253118
-0.078543340 0.709828213 0.051478166
-0.089423726 0.709828213 0.051206479
-0.099576797 0.709828213 0.050504523
-0.108899683 0.709828213 0.049262968
-0.117330447 0.709828213 0.047665251
-0.124755009 0.709828213 0.045622578
-0.131093433 0.709828213 0.043248259
-0.136286160 0.709828213 0.040664853
-0.140336376 0.709828213 0.038095302
-0.143569203 0.709828213 0.036170804
-0.145574828 0.709828213 0.034374386
-0.146510314 0.709828213 0.033057112
-0.146787161 0.709828213 0.032588637
-0.147064008 0.709828213 0.032120162
-0.147829287 0.709828213 0.030687950
-0.147364300 0.709828213 0.028148487
-0.144697589 0.709828213 0.025541745
-0.140332591 0.709828213 0.023612388
-0.134739046 0.709828213 0.022098083
-0.128148336 0.709828213 0.020553260
-0.120609835 0.709828213 0.018982658
-0.112170531 0.709828213 0.017434058
-0.102894062 0.709828213 0.015865241
-0.092832369 0.709828213 0.014330640
-0.082058734 0.709828213 0.012779456
-0.070637144 0.709828213 0.011241842
-0.058648730 0.709828213 0.009652976
-0.046145924 0.709828213 0.008200909
-0.033217817 0.709828213 0.006803006
-0.019943617 0.709828213 0.005478088
-0.006415802 0.709828213 0.004136136
0.007284492 0.709828213 0.002808490
0.021057006 0.709828213 0.001348141
0.034826327 0.709828213 -0.000143329
0.048500130 0.709828213 -0.001718990
0.062004671 0.709828213 -0.003272626
0.075294736 0.709828213 -0.004417216
0.088278394 0.709828213 -0.005131215
0.100859241 0.709828213 -0.005488950
0.112951363 0.709828213 -0.005577498
0.124474972 0.709828213 -0.005424754
0.135354580 0.709828213 -0.005092625
0.145520955 0.709828213 -0.004616719
0.154910790 0.709828213 -0.004026349
0.163455346 0.709828213 -0.003236718
0.171107372 0.709828213 -0.002378415
0.177834317 0.709828213 -0.001593774
0.183579015 0.709828213 -0.000774823
0.188324430 0.709828213 -0.000070743
0.192044226 0.709828213 0.000493249
0.194717334 0.709828213 0.000901210
0.196259451 0.709828213 0.001264715
0.197122237 0.734033342 0.001424299
0.197007714 0.734033342 0.001922264
0.195554824 0.734033342 0.002338419
0.192939009 0.734033342 0.002590736
0.189299130 0.734033342 0.002943967
0.184670596 0.734033342 0.003507891
0.179085550 0.734033342 0.004293867
0.172574731 0.734033342 0.005265177
0.165212538 0.734033342 0.006615361
0.157012235 0.734033342 0.008140307
0.148088905 0.734033342 0.010142088
0.138451801 0.734033342 0.012376838
0.128179782 0.734033342 0.014912546
0.117304082 0.734033342 0.017597275
0.105900345 0.734033342 0.020449052
0.094037468 0.734033342 0.023444317
0.081769969 0.734033342 0.026490252
0.069191012 0.734033342 0.029637416
0.056341996 0.734033342 0.032721051
0.043301566 0.734033342 0.035713385
0.030126151 0.734033342 0.038477021
0.016910443 0.734033342 0.041037503
0.003726994 0.734033342 0.043312086
-0.009335273 0.734033342 0.045307905
-0.022175385 0.734033342 0.047112066
-0.034708301 0.734033342 0.048753791
-0.046883404 0.734033342 0.049960299
-0.058612318 0.734033342 0.050729888
-0.069808873 0.734033342 0.051042632
-0.080385375 0.734033342 0.050800605
-0.090252200 0.734033342 0.050105335
-0.099327970 0.734033342 0.049011177
-0.107521661 0.734033342 0.047457878
-0.114746509 0.734033342 0.045501601
-0.120921125 0.734033342 0.043230543
-0.125979452 0.734033342 0.040748251
-0.129960385 0.734033342 0.038323583
-0.133100462 0.734033342 0.036449064
-0.135059888 0.734033342 0.034717460
-0.136035909 0.734033342 0.033479964
-0.136278986 0.734033342 0.033010190
-0.136527817 0.734033342 0.032543601
-0.137330772 0.734033342 0.031179051
-0.137130323 0.734033342 0.028678597
-0.134626720 0.734033342 0.026064988
-0.130421572 0.734033342 0.024099945
-0.124995786 0.734033342 0.022580568
-0.118590309 0.734033342 0.021075682
-0.111269763 0.734033342 0.019515359
-0.103070417 0.734033342 0.017989433
-0.094061492 0.734033342 0.016416947
-0.084282520 0.734033342 0.014917237
-0.073815986 0.734033342 0.013369382
-0.062720185 0.734033342 0.011830776
-0.051064177 0.734033342 0.010309214
-0.038926486 0.734033342 0.008768467
-0.026374670 0.734033342 0.007277965
-0.013480986 0.734033342 0.005906718
-0.000328738 0.734033342 0.004632161
0.012988228 0.734033342 0.003341661
0.026387807 0.734033342 0.002043156
0.039766864 0.734033342 0.000549440
0.053054491 0.734033342 -0.001013969
0.066164536 0.734033342 -0.002667099
0.079077249 0.734033342 -0.003836594
0.091690590 0.734033342 -0.004647201
0.103918483 0.734033342 -0.005029563
0.115671102 0.734033342 -0.005189024
0.126872428 0.734033342 -0.005051494
0.137448237 0.734033342 -0.004741961
0.147333210 0.734033342 -0.004354266
0.156460778 0.734033342 -0.003784990
0.164769797 0.734033342 -0.003059414
0.172210743 0.734033342 -0.002252974
0.178749996 0.734033342 -0.001494749
0.184345576 0.734033342 -0.000788252
0.188958217 0.734033342 -0.000103875
0.192575234 0.734033342 0.000435727
0.195174865 0.734033342 0.000823551
0.196717857 0.734033342 0.001135582
0.198442045 0.758238471 0.001818665
0.198203068 0.758238471 0.002274587
0.196753117 0.758238471 0.002587357
0.194205094 0.758238471 0.002816213
0.190669486 0.758238471 0.003227513
0.186165580 0.758238471 0.003788952
0.180730544 0.758238471 0.004563288
0.174397721 0.758238471 0.005537783
0.167248721 0.758238471 0.006940527
0.159288833 0.758238471 0.008537033
0.150609887 0.758238471 0.010513848
0.141257399 0.758238471 0.012805174
0.131277506 0.758238471 0.015345608
0.120712653 0.758238471 0.018041437
0.109626508 0.758238471 0.020870283
0.098087422 0.758238471 0.023814706
0.086167863 0.758238471 0.026861746
0.073940493 0.758238471 0.029989377
0.061444915 0.758238471 0.033031391
0.048759899 0.758238471 0.035974053
0.035954595 0.758238471 0.038752399
0.023080123 0.758238471 0.041186633
0.010252718 0.758238471 0.043429782
-0.002470121 0.758238471 0.045312010
-0.014960170 0.758238471 0.047125403
-0.027174838 0.758238471 0.048592707
-0.039020934 0.758238471 0.049804551
-0.050437295 0.758238471 0.050531149
-0.061334106 0.758238471 0.050823908
-0.071627830 0.758238471 0.050603371
-0.081233204 0.758238471 0.049939352
-0.090067141 0.758238471 0.048860853
-0.098029776 0.758238471 0.047285488
-0.105059908 0.758238471 0.045381722
-0.111048932 0.758238471 0.043112178
-0.115955756 0.758238471 0.040673182
-0.119871181 0.758238471 0.038380261
-0.122926300 0.758238471 0.036553716
-0.124794562 0.758238471 0.034818797
-0.125722832 0.758238471 0.033590828
-0.125966477 0.758238471 0.033137947
-0.126203071 0.758238471 0.032680703
-0.126951101 0.758238471 0.031334146
-0.126715450 0.758238471 0.028894926
-0.124262716 0.758238471 0.026363548
-0.120154638 0.758238471 0.024497843
-0.114887264 0.758238471 0.022957332
-0.108646930 0.758238471 0.021515254
-0.101524282 0.758238471 0.019983918
-0.093549270 0.758238471 0.018470245
-0.084774908 0.758238471 0.016973105
-0.075266095 0.758238471 0.015453811
-0.065071696 0.758238471 0.013996442
-0.054271663 0.758238471 0.012499967
-0.042925473 0.758238471 0.011027239
-0.031115716 0.758238471 0.009494341
-0.018909333 0.758238471 0.007959524
-0.006362530 0.758238471 0.006592645
0.006436529 0.758238471 0.005330666
0.019401548 0.758238471 0.004108636
0.032446997 0.758238471 0.002879025
0.045469774 0.758238471 0.001429511
0.058406958 0.758238471 -0.000054791
0.071157761 0.758238471 -0.001737177
0.083717440 0.758238471 -0.002971358
0.095994897 0.758238471 -0.003749747
0.107893805 0.758238471 -0.004225444
0.119332670 0.758238471 -0.004389589
0.130235337 0.758238471 -0.004301725
0.140531146 0.758238471 -0.004086228
0.150153832 0.758238471 -0.003741381
0.159040795 0.758238471 -0.003240504
0.167135614 0.758238471 -0.002628158
0.174379821 0.758238471 -0.001856091
0.180747845 0.758238471 -0.001146376
0.186201690 0.758238471 -0.000516961
0.190697055 0.758238471 0.000109135
0.194222446 0.758238471 0.000600729
0.196753844 0.758238471 0.000970387
0.198239845 0.758238471 0.001356864
0.205962740 0.782443600 0.003504299
0.205748225 0.782443600 0.003955598
0.204295741 0.782443600 0.004279245
0.201767920 0.782443600 0.004458761
0.198262614 0.782443600 0.004829123
0.193801231 0.782443600 0.005385946
0.188409028 0.782443600 0.006089389
0.182140236 0.782443600 0.007082075
0.175054233 0.782443600 0.008449580
0.167202802 0.782443600 0.010185639
0.158622860 0.782443600 0.012214721
0.149379466 0.782443600 0.014569881
0.139493817 0.782443600 0.017087193
0.129026862 0.782443600 0.019751148
0.117993055 0.782443600 0.022340374
0.106494349 0.782443600 0.024974653
0.094656287 0.782443600 0.027867264
0.082532088 0.782443600 0.030917863
0.070161745 0.782443600 0.033961136
0.057557515 0.782443600 0.036706618
0.044869009 0.782443600 0.039441040
0.032135093 0.782443600 0.041951792
0.019437795 0.782443600 0.044222696
0.006832828 0.782443600 0.046067679
-0.005562032 0.782443600 0.047698232
-0.017670711 0.782443600 0.049077093
-0.029410125 0.782443600 0.050234621
-0.040726141 0.782443600 0.050835774
-0.051521840 0.782443600 0.051093484
-0.061719705 0.782443600 0.050878549
-0.071231940 0.782443600 0.050185530
-0.079969029 0.782443600 0.049024067
-0.087861403 0.782443600 0.047483257
-0.094823592 0.782443600 0.045591305
-0.100773496 0.782443600 0.043396068
-0.105635597 0.782443600 0.040983846
-0.109488009 0.782443600 0.038666044
-0.112501236 0.782443600 0.036834959
-0.114342578 0.782443600 0.035108520
-0.115264369 0.782443600 0.033892650
-0.115556559 0.782443600 0.033475886
-0.115786909 0.782443600 0.033020895
-0.116483603 0.782443600 0.031662345
-0.116451442 0.782443600 0.029214470
-0.114040334 0.782443600 0.026695219
-0.109984051 0.782443600 0.024821499
-0.104757062 0.782443600 0.023344555
-0.098573562 0.782443600 0.021926880
-0.091517094 0.782443600 0.020414325
-0.083607467 0.782443600 0.018971563
-0.074905203 0.782443600 0.017550693
-0.065481165 0.782443600 0.016080761
-0.055362268 0.782443600 0.014789201
-0.044657295 0.782443600 0.013354846
-0.033419202 0.782443600 0.011887630
-0.021712394 0.782443600 0.010434798
-0.009605040 0.782443600 0.009049104
0.002828487 0.782443600 0.007743479
0.015517095 0.782443600 0.006597878
0.028363221 0.782443600 0.005422574
0.041278502 0.782443600 0.004130931
0.054192453 0.782443600 0.002828010
0.067012051 0.782443600 0.001396896
0.079663207 0.782443600 -0.000106940
0.092109772 0.782443600 -0.001283167
0.104274690 0.782443600 -0.001960334
0.116067975 0.782443600 -0.002168985
0.127401392 0.782443600 -0.002226977
0.138201419 0.782443600 -0.002202304
0.148401151 0.782443600 -0.002033780
0.157933202 0.782443600 -0.001701885
0.166735474 0.782443600 -0.001193888
0.174755561 0.782443600 -0.000606302
0.181938823 0.782443600 0.000088197
0.188254741 0.782443600 0.000715018
0.193641918 0.782443600 0.001458423
0.198094687 0.782443600 0.002080392
0.201586747 0.782443600 0.002568167
0.204096819 0.782443600 0.002916501
0.205585647 0.782443600 0.003161029
0.212500744 0.806648730 0.005276923
0.212195350 0.806648730 0.005603717
0.210707465 0.806648730 0.005760767
0.208208071 0.806648730 0.005913547
0.204748313 0.806648730 0.006336325
0.200337228 0.806648730 0.006879589
0.195007049 0.806648730 0.007576456
0.188810847 0.806648730 0.008562688
0.181787299 0.806648730 0.009812433
0.174006167 0.806648730 0.011436991
0.165503586 0.806648730 0.013355021
0.156350764 0.806648730 0.015621376
0.146563592 0.806648730 0.018050366
0.136217364 0.806648730 0.020686220
0.125330349 0.806648730 0.023329589
0.114013355 0.806648730 0.026141253
0.102332792 0.806648730 0.029090351
0.090346704 0.806648730 0.032102094
0.078097743 0.806648730 0.035027691
0.065641272 0.806648730 0.037753223
0.053068169 0.806648730 0.040310568
0.040437874 0.806648730 0.042565254
0.027862380 0.806648730 0.044670030
0.015404657 0.806648730 0.046518060
0.003162376 0.806648730 0.048208905
-0.008804098 0.806648730 0.049595573
-0.020418587 0.806648730 0.050636179
-0.031608171 0.806648730 0.051186025
-0.042280957 0.806648730 0.051389296
-0.052359618 0.806648730 0.051101798
-0.061758219 0.806648730 0.050368563
-0.070392112 0.806648730 0.049188740
-0.078185043 0.806648730 0.047623308
-0.085061310 0.806648730 0.045731179
-0.090920082 0.806648730 0.043503016
-0.095721671 0.806648730 0.041104291
-0.099523180 0.806648730 0.038801998
-0.102496447 0.806648730 0.036983097
-0.104278085 0.806648730 0.035226966
-0.105183178 0.806648730 0.034031130
-0.105410885 0.806648730 0.033581360
-0.105675343 0.806648730 0.033152494
-0.106406659 0.806648730 0.031835412
-0.106167896 0.806648730 0.029427871
-0.103738153 0.806648730 0.026968122
-0.099717329 0.806648730 0.025145162
-0.094539611 0.806648730 0.023732350
-0.088417716 0.806648730 0.022358059
-0.081427982 0.806648730 0.020935128
-0.073598152 0.806648730 0.019560635
-0.065001257 0.806648730 0.018122690
-0.055680370 0.806648730 0.016705749
-0.045710813 0.806648730 0.015191609
-0.035130274 0.806648730 0.013765698
-0.024006317 0.806648730 0.012432887
-0.012412793 0.806648730 0.011183240
-0.000424093 0.806648730 0.009999493
0.011884838 0.806648730 0.008895223
0.024438598 0.806648730 0.007892450
0.037151791 0.806648730 0.006906606
0.049915197 0.806648730 0.005592485
0.062684450 0.806648730 0.004337092
0.075367784 0.806648730 0.003019619
0.087886411 0.806648730 0.001643724
0.100185789 0.806648730 0.000449011
0.112208647 0.806648730 -0.000294838
0.123862769 0.806648730 -0.000692305
0.135064862 0.806648730 -0.000833151
0.145741249 0.806648730 -0.000885333
0.155822153 0.806648730 -0.000639232
0.165243477 0.806648730 -0.000265116
0.173942651 0.806648730 0.000277845
0.181866553 0.806648730 0.000917153
0.188965296 0.806648730 0.001618379
0.195195886 0.806648730 0.002357506
0.200522328 0.806648730 0.003084064
0.204924009 0.806648730 0.003698897
0.208373795 0.806648730 0.004196425
0.210851907 0.806648730 0.004563235
0.212290895 0.806648730 0.004899645
0.219223690 0.830853859 0.007012377
0.218788175 0.830853859 0.007225823
0.217307164 0.830853859 0.007323367
0.214836071 0.830853859 0.007488393
0.211411109 0.830853859 0.007872502
0.207048958 0.830853859 0.008406284
0.201776596 0.830853859 0.009083037
0.195643443 0.830853859 0.010017448
0.188695887 0.830853859 0.011239063
0.180974480 0.830853859 0.012704081
0.172562630 0.830853859 0.014581627
0.163496281 0.830853859 0.016755130
0.153821484 0.830853859 0.019168626
0.143578250 0.830853859 0.021724549
0.132829818 0.830853859 0.024407483
0.121650403 0.830853859 0.027232479
0.110102985 0.830853859 0.030158484
0.098232614 0.830853859 0.033062264
0.086106847 0.830853859 0.035898791
0.073800304 0.830853859 0.038639039
0.061354475 0.830853859 0.041102568
0.048866847 0.830853859 0.043339380
0.036415178 0.830853859 0.045324054
0.024093884 0.830853859 0.047131017
0.011974640 0.830853859 0.048698864
0.000140937 0.830853859 0.050049788
-0.011350120 0.830853859 0.051003222
-0.022416093 0.830853859 0.051516725
-0.032970095 0.830853859 0.051645522
-0.042934249 0.830853859 0.051329457
-0.052226077 0.830853859 0.050575460
-0.060763737 0.830853859 0.049399279
-0.068454130 0.830853859 0.047775314
-0.075242389 0.830853859 0.045868464
-0.081034815 0.830853859 0.043662090
-0.085766574 0.830853859 0.041249281
-0.089519091 0.830853859 0.038962037
-0.092481591 0.830853859 0.037201802
-0.094239784 0.830853859 0.035466474
-0.095140267 0.830853859 0.034281732
-0.095398286 0.830853859 0.033855449
-0.095640247 0.830853859 0.033419622
-0.096299880 0.830853859 0.032084197
-0.095898509 0.830853859 0.029728439
-0.093471257 0.830853859 0.027338496
-0.089442466 0.830853859 0.025645137
-0.084300553 0.830853859 0.024315456
-0.078255222 0.830853859 0.022923984
-0.071338080 0.830853859 0.021544268
-0.063599670 0.830853859 0.020163037
-0.055099628 0.830853859 0.018736967
-0.045886928 0.830853859 0.017304107
-0.036018022 0.830853859 0.015878855
-0.025550236 0.830853859 0.014512603
-0.014544453 0.830853859 0.013248660
-0.003066865 0.830853859 0.012147753
0.008797382 0.830853859 0.011079214
0.020976964 0.830853859 0.010080970
0.033390875 0.830853859 0.009100065
0.045955502 0.830853859 0.008055253
0.058579302 0.830853859 0.006787718
0.071206339 0.830853859 0.005552374
0.083750693 0.830853859 0.004275815
0.096139670 0.830853859 0.003012867
0.108310173 0.830853859 0.001917870
0.120202004 0.830853859 0.001236980
0.131722644 0.830853859 0.000777660
0.142799958 0.830853859 0.000643946
0.153356485 0.830853859 0.000695454
0.163324477 0.830853859 0.000951917
0.172639422 0.830853859 0.001343769
0.181238900 0.830853859 0.001907358
0.189072157 0.830853859 0.002564016
0.196088953 0.830853859 0.003282518
0.202249854 0.830853859 0.004013378
0.207517504 0.830853859 0.004725736
0.211867209 0.830853859 0.005352755
0.215276617 0.830853859 0.005857172
0.217731955 0.830853859 0.006184743
0.219153981 0.830853859 0.006527024
0.225932284 0.855058988 0.008523354
0.225544523 0.855058988 0.008786521
0.224082142 0.855058988 0.008878750
0.221641566 0.855058988 0.009063113
0.218254533 0.855058988 0.009416771
0.213939977 0.855058988 0.009910898
0.208729192 0.855058988 0.010574141
0.202661814 0.855058988 0.011452642
0.195793782 0.855058988 0.012644380
0.188153486 0.855058988 0.014046161
0.179829706 0.855058988 0.015845681
0.170867020 0.855058988 0.017979949
0.161306825 0.855058988 0.020366017
0.151183140 0.855058988 0.022885674
0.140550278 0.855058988 0.025490616
0.129482994 0.855058988 0.028201987
0.118048211 0.855058988 0.030997690
0.106313165 0.855058988 0.033847028
0.094326955 0.855058988 0.036634313
0.082158409 0.855058988 0.039307950
0.069868267 0.855058988 0.041785805
0.057529106 0.855058988 0.043997583
0.045234658 0.855058988 0.046022837
0.033049187 0.855058988 0.047740903
0.021057979 0.855058988 0.049167199
0.009352249 0.855058988 0.050406105
-0.002003506 0.855058988 0.051335572
-0.012940736 0.855058988 0.051771333
-0.023372189 0.855058988 0.051829820
-0.033222390 0.855058988 0.051586859
-0.042398622 0.855058988 0.050767433
-0.050825257 0.855058988 0.049530125
-0.058421457 0.855058988 0.047925553
-0.065118057 0.855058988 0.045991320
-0.070849477 0.855058988 0.043824647
-0.075537009 0.855058988 0.041458577
-0.079307921 0.855058988 0.039305828
-0.082226748 0.855058988 0.037554459
-0.084013454 0.855058988 0.035901270
-0.084901485 0.855058988 0.034730468
-0.085154745 0.855058988 0.034307961
-0.085408005 0.855058988 0.033885455
-0.085987682 0.855058988 0.032548130
-0.085632973 0.855058988 0.030206681
-0.083202371 0.855058988 0.027869060
-0.079199261 0.855058988 0.026225628
-0.074095663 0.855058988 0.025000181
-0.068129218 0.855058988 0.023600409
-0.061318878 0.855058988 0.022114290
-0.053677995 0.855058988 0.020716247
-0.045261873 0.855058988 0.019412759
-0.036143794 0.855058988 0.018089294
-0.026392519 0.855058988 0.016673922
-0.016037803 0.855058988 0.015405221
-0.005154697 0.855058988 0.014223971
0.006187378 0.855058988 0.013136028
0.017913419 0.855058988 0.012102103
0.029949698 0.855058988 0.011123055
0.042214932 0.855058988 0.010121934
0.054620904 0.855058988 0.008961569
0.067102853 0.855058988 0.007783639
0.079577301 0.855058988 0.006528901
0.091982881 0.855058988 0.005364128
0.104236865 0.855058988 0.004234494
0.116272507 0.855058988 0.003249380
0.128030361 0.855058988 0.002680924
0.139418219 0.855058988 0.002326840
0.150364566 0.855058988 0.002266881
0.160795675 0.855058988 0.002414936
0.170645184 0.855058988 0.002693914
0.179848949 0.855058988 0.003109100
0.188349097 0.855058988 0.003634294
0.196091804 0.855058988 0.004257890
0.203026438 0.855058988 0.004960942
0.209118667 0.855058988 0.005647285
0.214323325 0.855058988 0.006355368
0.218627955 0.855058988 0.006929656
0.222003838 0.855058988 0.007380038
0.224430160 0.855058988 0.007703738
0.225824135 0.855058988 0.008056291
0.232640877 0.879264117 0.010034331
0.232301409 0.879264117 0.010347017
0.230859599 0.879264117 0.010430792
0.228453059 0.879264117 0.010637339
0.225107881 0.879264117 0.010959910
0.220849646 0.879264117 0.011444976
0.215702754 0.879264117 0.012062287
0.209711798 0.879264117 0.012907778
0.202932887 0.879264117 0.014072891
0.195393615 0.879264117 0.015460444
0.187153814 0.879264117 0.017110624
0.178278074 0.879264117 0.019084309
0.168819313 0.879264117 0.021340456
0.158811591 0.879264117 0.023757990
0.148318276 0.879264117 0.026328744
0.137396241 0.879264117 0.029004531
0.126114253 0.879264117 0.031774685
0.114532608 0.879264117 0.034583635
0.102703707 0.879264117 0.037334338
0.090685025 0.879264117 0.039926391
0.078548887 0.879264117 0.042335268
0.066363926 0.879264117 0.044477529
0.054223493 0.879264117 0.046428499
0.042196832 0.879264117 0.048115057
0.030360165 0.879264117 0.049500884
0.018802942 0.879264117 0.050674279
0.007585810 0.879264117 0.051449755
-0.003207898 0.879264117 0.051873263
-0.013501123 0.879264117 0.051905406
-0.023219412 0.879264117 0.051584370
-0.032276432 0.879264117 0.050787440
-0.040593598 0.879264117 0.049575187
-0.048090499 0.879264117 0.047991977
-0.054705651 0.879264117 0.046105828
-0.060370423 0.879264117 0.043981960
-0.065008653 0.879264117 0.041672084
-0.068727203 0.879264117 0.039544510
-0.071614592 0.879264117 0.037828328
-0.073417913 0.879264117 0.036225679
-0.074306919 0.879264117 0.035087212
-0.074549683 0.879264117 0.034666035
-0.074792347 0.879264117 0.034244800
-0.075341674 0.879264117 0.032923707
-0.074948248 0.879264117 0.030606337
-0.072442487 0.879264117 0.028439884
-0.068507819 0.879264117 0.026805773
-0.063502307 0.879264117 0.025467424
-0.057656922 0.879264117 0.023916315
-0.050946856 0.879264117 0.022401823
-0.043417100 0.879264117 0.020966384
-0.035117517 0.879264117 0.019638049
-0.026134895 0.879264117 0.018230502
-0.016484938 0.879264117 0.017031650
-0.006261297 0.879264117 0.015821341
0.004488135 0.879264117 0.014741337
0.015690486 0.879264117 0.013764792
0.027267231 0.879264117 0.012797332
0.039145065 0.879264117 0.011825555
0.051250457 0.879264117 0.010851520
0.063506257 0.879264117 0.009851114
0.075832110 0.879264117 0.008776716
0.088160179 0.879264117 0.007727891
0.100402946 0.879264117 0.006578404
0.112503157 0.879264117 0.005542663
0.124395499 0.879264117 0.004793443
0.136000430 0.879264117 0.004272634
0.147243045 0.879264117 0.004039865
0.158045786 0.879264117 0.003983286
0.168339433 0.879264117 0.004145309
0.178059119 0.879264117 0.004438551
0.187141014 0.879264117 0.004876317
0.195530161 0.879264117 0.005385828
0.203174252 0.879264117 0.005963589
0.210018482 0.879264117 0.006649990
0.216037711 0.879264117 0.007262525
0.221182357 0.879264117 0.007895624
0.225430466 0.879264117 0.008462566
0.228762043 0.879264117 0.008907038
0.231156523 0.879264117 0.009226489
0.232499970 0.879264117 0.009584174
0.239349471 0.903469246 0.011545308
0.239050497 0.903469246 0.011890305
0.237636471 0.903469246 0.011970462
0.235261752 0.903469246 0.012179597
0.231959586 0.903469246 0.012503237
0.227752963 0.903469246 0.012956219
0.222665462 0.903469246 0.013510009
0.216746583 0.903469246 0.014311189
0.210040645 0.903469246 0.015380029
0.202595081 0.903469246 0.016735042
0.194459828 0.903469246 0.018359613
0.185690019 0.903469246 0.020274215
0.176330663 0.903469246 0.022406942
0.166444662 0.903469246 0.024767864
0.156070866 0.903469246 0.027245278
0.145270699 0.903469246 0.029813023
0.134129145 0.903469246 0.032532256
0.122682086 0.903469246 0.035248869
0.111000956 0.903469246 0.037949506
0.099131696 0.903469246 0.040493151
0.087155747 0.903469246 0.042896291
0.075117640 0.903469246 0.044963310
0.063125711 0.903469246 0.046845178
0.051247056 0.903469246 0.048466215
0.039563095 0.903469246 0.049846049
0.028144639 0.903469246 0.050913951
0.017064119 0.903469246 0.051578080
0.006407369 0.903469246 0.051961557
-0.003754758 0.903469246 0.051918178
-0.013346834 0.903469246 0.051565214
-0.022287436 0.903469246 0.050777123
-0.030500754 0.903469246 0.049599922
-0.037899711 0.903469246 0.048024188
-0.044423436 0.903469246 0.046144091
-0.050014710 0.903469246 0.044043123
-0.054617639 0.903469246 0.041816872
-0.058281464 0.903469246 0.039705452
-0.061096950 0.903469246 0.037966196
-0.062879818 0.903469246 0.036386239
-0.063772511 0.903469246 0.035271425
-0.064014175 0.903469246 0.034856794
-0.064255840 0.903469246 0.034442162
-0.064797715 0.903469246 0.033135179
-0.064405963 0.903469246 0.030889986
-0.061912435 0.903469246 0.028752777
-0.058029112 0.903469246 0.027134216
-0.053104284 0.903469246 0.025749121
-0.047341181 0.903469246 0.024191612
-0.040712397 0.903469246 0.022717533
-0.033279426 0.903469246 0.021298859
-0.025084783 0.903469246 0.019994785
-0.016207274 0.903469246 0.018672696
-0.006678941 0.903469246 0.017503693
0.003418672 0.903469246 0.016346264
0.014036046 0.903469246 0.015337279
0.025097305 0.903469246 0.014395680
0.036529354 0.903469246 0.013485163
0.048266782 0.903469246 0.012678312
0.060220230 0.903469246 0.011754654
0.072319890 0.903469246 0.010774366
0.084501897 0.903469246 0.009883728
0.096675461 0.903469246 0.008881884
0.108776711 0.903469246 0.007922429
0.120732431 0.903469246 0.007026258
0.132476919 0.903469246 0.006339606
0.143939375 0.903469246 0.005996051
0.155038209 0.903469246 0.005763435
0.165702600 0.903469246 0.005713684
0.175865872 0.903469246 0.005822780
0.185461133 0.903469246 0.006116543
0.194426720 0.903469246 0.006556371
0.202709925 0.903469246 0.007040229
0.210257358 0.903469246 0.007596333
0.217021026 0.903469246 0.008202793
0.222963489 0.903469246 0.008805764
0.228041943 0.903469246 0.009434362
0.232235639 0.903469246 0.009994849
0.235524522 0.903469246 0.010434408
0.237888003 0.903469246 0.010750946
0.239237228 0.903469246 0.011090668
0.246058065 0.927674376 0.013056285
0.245725144 0.927674376 0.013365546
0.244355650 0.927674376 0.013510490
0.242010646 0.927674376 0.013706685
0.238749310 0.927674376 0.014014827
0.234590961 0.927674376 0.014409835
0.229569266 0.927674376 0.014965286
0.223719441 0.927674376 0.015708922
0.217094494 0.927674376 0.016735190
0.209731564 0.927674376 0.018004261
0.201699003 0.927674376 0.019605108
0.193037068 0.927674376 0.021478155
0.183775445 0.927674376 0.023489326
0.174015358 0.927674376 0.025820178
0.163754273 0.927674376 0.028183135
0.153072285 0.927674376 0.030635498
0.142065132 0.927674376 0.033288409
0.130749588 0.927674376 0.035910224
0.119214347 0.927674376 0.038563956
0.107489169 0.927674376 0.041043857
0.095666997 0.927674376 0.043420897
0.083779043 0.927674376 0.045445496
0.071935651 0.927674376 0.047275055
0.060202198 0.927674376 0.048828840
0.048664593 0.927674376 0.050166084
0.037386007 0.927674376 0.051162486
0.026443187 0.927674376 0.051770124
0.015918082 0.927674376 0.052049741
0.005885395 0.927674376 0.051909717
-0.003582784 0.927674376 0.051539295
-0.012408481 0.927674376 0.050755212
-0.020519142 0.927674376 0.049608371
-0.027818949 0.927674376 0.048026441
-0.034245088 0.927674376 0.046129134
-0.039765542 0.927674376 0.044055966
-0.044331451 0.927674376 0.041908157
-0.047943010 0.927674376 0.039815214
-0.050700872 0.927674376 0.038073808
-0.052450230 0.927674376 0.036505206
-0.053340917 0.927674376 0.035406391
-0.053592843 0.927674376 0.035005112
-0.053844769 0.927674376 0.034603834
-0.054429983 0.927674376 0.033327803
-0.053905558 0.927674376 0.031136336
-0.051424939 0.927674376 0.029054098
-0.047615760 0.927674376 0.027403401
-0.042757369 0.927674376 0.026022461
-0.037069144 0.927674376 0.024479462
-0.030520879 0.927674376 0.023042728
-0.023180654 0.927674376 0.021652508
-0.015090488 0.927674376 0.020364385
-0.006316989 0.927674376 0.019123128
0.003097521 0.927674376 0.018032362
0.013066029 0.927674376 0.016883091
0.023554763 0.927674376 0.015958191
0.034475174 0.927674376 0.015028987
0.045771793 0.927674376 0.014267442
0.057359711 0.927674376 0.013470633
0.069166260 0.927674376 0.012628324
0.081123876 0.927674376 0.011823222
0.093153758 0.927674376 0.010983854
0.105180202 0.927674376 0.010099735
0.117140607 0.927674376 0.009335720
0.128950948 0.927674376 0.008551328
0.140547547 0.927674376 0.007900194
0.151865044 0.927674376 0.007599833
0.162822885 0.927674376 0.007388464
0.173351917 0.927674376 0.007376860
0.183385942 0.927674376 0.007477503
0.192860435 0.927674376 0.007718310
0.201711921 0.927674376 0.008151883
0.209889746 0.927674376 0.008628624
0.217341733 0.927674376 0.009168108
0.224020391 0.927674376 0.009754773
0.229887293 0.927674376 0.010348803
0.234900643 0.927674376 0.010972982
0.239040926 0.927674376 0.011526330
0.242291003 0.927674376 0.011935740
0.244627923 0.927674376 0.012220445
0.245941837 0.927674376 0.012610323
0.252770680 0.951879505 0.014513138
0.252459065 0.951879505 0.014855083
0.251098319 0.951879505 0.015050373
0.248781383 0.951879505 0.015221886
0.245560057 0.951879505 0.015513252
0.241452505 0.951879505 0.015884776
0.236489788 0.951879505 0.016386737
0.230715582 0.951879505 0.017134287
0.224163824 0.951879505 0.018075353
0.216891058 0.951879505 0.019311699
0.208939127 0.951879505 0.020785678
0.200384365 0.951879505 0.022624544
0.191235525 0.951879505 0.024591108
0.181559293 0.951879505 0.026719889
0.171425738 0.951879505 0.029043910
0.160878333 0.951879505 0.031463634
0.149987810 0.951879505 0.033988364
0.138811172 0.951879505 0.036559598
0.127416167 0.951879505 0.039154794
0.115836473 0.951879505 0.041591883
0.104151214 0.951879505 0.043872871
0.092416909 0.951879505 0.045891841
0.080721121 0.951879505 0.047687083
0.069130793 0.951879505 0.049178393
0.057731873 0.951879505 0.050430000
0.046593113 0.951879505 0.051376320
0.035787412 0.951879505 0.051959061
0.025393606 0.951879505 0.052177848
0.015487800 0.951879505 0.052002176
0.006143522 0.951879505 0.051552350
-0.002567398 0.951879505 0.050746410
-0.010575161 0.951879505 0.049610515
-0.017776591 0.951879505 0.048018628
-0.024121396 0.951879505 0.046145059
-0.029583833 0.951879505 0.044129601
-0.034081564 0.951879505 0.041980914
-0.037668300 0.951879505 0.039954210
-0.040388834 0.951879505 0.038231637
-0.042117787 0.951879505 0.036684631
-0.043007010 0.951879505 0.035604221
-0.043260070 0.951879505 0.035210756
-0.043510822 0.951879505 0.034815824
-0.044100615 0.951879505 0.033555166
-0.043527654 0.951879505 0.031375520
-0.041071795 0.951879505 0.029325931
-0.037299439 0.951879505 0.027741882
-0.032517785 0.951879505 0.026322985
-0.026902462 0.951879505 0.024795641
-0.020434481 0.951879505 0.023389202
-0.013185836 0.951879505 0.022022700
-0.005199521 0.951879505 0.020740666
0.003473815 0.951879505 0.019589721
0.012765792 0.951879505 0.018482820
0.022622070 0.951879505 0.017475296
0.032980050 0.951879505 0.016580377
0.043770644 0.951879505 0.015773097
0.054927035 0.951879505 0.015055355
0.066368567 0.951879505 0.014268952
0.078033666 0.951879505 0.013554167
0.089846477 0.951879505 0.012857159
0.101725956 0.951879505 0.012053245
0.113614579 0.951879505 0.011400214
0.125424023 0.951879505 0.010648745
0.137090314 0.951879505 0.009954548
0.148547882 0.951879505 0.009464478
0.159721362 0.951879505 0.009139077
0.170541443 0.951879505 0.008971764
0.180937767 0.951879505 0.008961475
0.190844557 0.951879505 0.009088546
0.200199513 0.951879505 0.009319121
0.208939226 0.951879505 0.009746650
0.217013631 0.951879505 0.010218607
0.224372562 0.951879505 0.010735937
0.230967389 0.951879505 0.011308782
0.236761020 0.951879505 0.011886760
0.241710786 0.951879505 0.012505112
0.245803506 0.951879505 0.013013654
0.249015873 0.951879505 0.013391193
0.251324672 0.951879505 0.013662539
0.252618800 0.951879505 0.014088174
0.259490626 0.976084634 0.015871328
0.259269159 0.976084634 0.016273537
0.257923271 0.976084634 0.016450408
0.255632130 0.976084634 0.016580017
0.252451300 0.976084634 0.016867720
0.248395384 0.976084634 0.017234574
0.243490394 0.976084634 0.017689243
0.237788036 0.976084634 0.018420755
0.231309289 0.976084634 0.019290571
0.224127901 0.976084634 0.020511058
0.216271601 0.976084634 0.021947448
0.207806520 0.976084634 0.023676062
0.198773115 0.976084634 0.025619865
0.189212586 0.976084634 0.027695330
0.179185056 0.976084634 0.029894421
0.168770074 0.976084634 0.032282985
0.158007349 0.976084634 0.034736671
0.146952049 0.976084634 0.037190731
0.135690260 0.976084634 0.039707753
0.124256137 0.976084634 0.042114206
0.112707707 0.976084634 0.044312119
0.101124485 0.976084634 0.046326361
0.089576545 0.976084634 0.048105400
0.078120963 0.976084634 0.049491759
0.066861330 0.976084634 0.050688422
0.055859147 0.976084634 0.051574513
0.045188608 0.976084634 0.052134450
0.034924038 0.976084634 0.052290821
0.025143016 0.976084634 0.052102661
0.015919792 0.976084634 0.051585778
0.007318872 0.976084634 0.050789201
-0.000579810 0.976084634 0.049608221
-0.007690167 0.976084634 0.048033847
-0.013965342 0.976084634 0.046212906
-0.019359149 0.976084634 0.044222893
-0.023790698 0.976084634 0.042074586
-0.027364413 0.976084634 0.040132489
-0.030040721 0.976084634 0.038414161
-0.031756400 0.976084634 0.036895942
-0.032621486 0.976084634 0.035818105
-0.032897647 0.976084634 0.035448082
-0.033147527 0.976084634 0.035059564
-0.033730449 0.976084634 0.033815703
-0.033151981 0.976084634 0.031673731
-0.030807703 0.976084634 0.029572320
-0.027072721 0.976084634 0.028034608
-0.022352570 0.976084634 0.026625739
-0.016811791 0.976084634 0.025101547
-0.010419169 0.976084634 0.023742760
-0.003259821 0.976084634 0.022402629
0.004626855 0.976084634 0.021142955
0.013199445 0.976084634 0.020064486
0.022384160 0.976084634 0.019063263
0.032125021 0.976084634 0.018153921
0.042346569 0.976084634 0.017200367
0.053007675 0.976084634 0.016481759
0.064025405 0.976084634 0.015798099
0.075334434 0.976084634 0.015210610
0.086853978 0.976084634 0.014523421
0.098518272 0.976084634 0.013834878
0.110260394 0.976084634 0.013246417
0.122000999 0.976084634 0.012626371
0.133667823 0.976084634 0.011983743
0.145190584 0.976084634 0.011351599
0.156508489 0.976084634 0.010970155
0.167543464 0.976084634 0.010707393
0.178227793 0.976084634 0.010558331
0.188493546 0.976084634 0.010569456
0.198275492 0.976084634 0.010698939
0.207512934 0.976084634 0.010921536
0.216143415 0.976084634 0.011330134
0.224116617 0.976084634 0.011787568
0.231382094 0.976084634 0.012311425
0.237895274 0.976084634 0.012860910
0.243616822 0.976084634 0.013424116
0.248509112 0.976084634 0.013996737
0.252553747 0.976084634 0.014472090
0.255725731 0.976084634 0.014844882
0.258005506 0.976084634 0.015112816
0.259295930 0.976084634 0.015475860
0.266210572 1.000289763 0.017229517
0.266006042 1.000289763 0.017637196
0.264727209 1.000289763 0.017856998
0.262463041 1.000289763 0.017959753
0.259321015 1.000289763 0.018224136
0.255316447 1.000289763 0.018588140
0.250473659 1.000289763 0.019040380
0.244837420 1.000289763 0.019710209
0.238441792 1.000289763 0.020579220
0.231343161 1.000289763 0.021731206
0.223585069 1.000289763 0.023144453
0.215211792 1.000289763 0.024777980
0.206283988 1.000289763 0.026656099
0.196844109 1.000289763 0.028705373
0.186938446 1.000289763 0.030855763
0.176631651 1.000289763 0.033110044
0.166007845 1.000289763 0.035546499
0.155094904 1.000289763 0.037982215
0.143953065 1.000289763 0.040366999
0.132661762 1.000289763 0.042736075
0.121236329 1.000289763 0.044786619
0.109797754 1.000289763 0.046766701
0.098392932 1.000289763 0.048499898
0.087074005 1.000289763 0.049809549
0.075952391 1.000289763 0.050951501
0.065085354 1.000289763 0.051774872
0.054547798 1.000289763 0.052285061
0.044412245 1.000289763 0.052404164
0.034754923 1.000289763 0.052202302
0.025651586 1.000289763 0.051619552
0.017165837 1.000289763 0.050782901
0.009370333 1.000289763 0.049596384
0.002350341 1.000289763 0.048038708
-0.003849453 1.000289763 0.046251456
-0.009162864 1.000289763 0.044259113
-0.013543421 1.000289763 0.042146011
-0.017104273 1.000289763 0.040287837
-0.019725364 1.000289763 0.038558057
-0.021428624 1.000289763 0.037070227
-0.022265110 1.000289763 0.035991218
-0.022542924 1.000289763 0.035629481
-0.022809112 1.000289763 0.035259561
-0.023346855 1.000289763 0.034021563
-0.022843146 1.000289763 0.031897853
-0.020558075 1.000289763 0.029795561
-0.016878451 1.000289763 0.028236858
-0.012205032 1.000289763 0.026889328
-0.006740886 1.000289763 0.025359531
-0.000417459 1.000289763 0.024071248
0.006656885 1.000289763 0.022774748
0.014454188 1.000289763 0.021601480
0.022923039 1.000289763 0.020573505
0.031991770 1.000289763 0.019578925
0.041613080 1.000289763 0.018718335
0.051716142 1.000289763 0.017905521
0.062242352 1.000289763 0.017190566
0.073122727 1.000289763 0.016545702
0.084290515 1.000289763 0.015992026
0.095670994 1.000289763 0.015427805
0.107194591 1.000289763 0.014869167
0.118790364 1.000289763 0.014321449
0.130388629 1.000289763 0.013828599
0.141915386 1.000289763 0.013338788
0.153294860 1.000289763 0.012759489
0.164469327 1.000289763 0.012363305
0.175366834 1.000289763 0.012176009
0.185916879 1.000289763 0.012083426
0.196053193 1.000289763 0.012095419
0.205711231 1.000289763 0.012255513
0.214832372 1.000289763 0.012465876
0.223355362 1.000289763 0.012835488
0.231227493 1.000289763 0.013303818
0.238402797 1.000289763 0.013797273
0.244834573 1.000289763 0.014333094
0.250483564 1.000289763 0.014892398
0.255317779 1.000289763 0.015428516
0.259307330 1.000289763 0.015930917
0.262439285 1.000289763 0.016299005
0.264690290 1.000289763 0.016563559
0.265973269 1.000289763 0.016863303
0.272930517 1.024494893 0.018587706
0.272728636 1.024494893 0.018990225
0.271514955 1.024494893 0.019269954
0.269279581 1.024494893 0.019371403
0.266174093 1.024494893 0.019582056
0.262220929 1.024494893 0.019946633
0.257439728 1.024494893 0.020393123
0.251869317 1.024494893 0.021001927
0.245558763 1.024494893 0.021886511
0.238538742 1.024494893 0.022955280
0.230878356 1.024494893 0.024345395
0.222611563 1.024494893 0.025958148
0.213782793 1.024494893 0.027743811
0.204455423 1.024494893 0.029731620
0.194673294 1.024494893 0.031843375
0.184494039 1.024494893 0.034053158
0.173980653 1.024494893 0.036348048
0.163213177 1.024494893 0.038782427
0.152203268 1.024494893 0.041090965
0.141035608 1.024494893 0.043329811
0.129755382 1.024494893 0.045355486
0.118450586 1.024494893 0.047241481
0.107176672 1.024494893 0.048847489
0.096000623 1.024494893 0.050131380
0.085016178 1.024494893 0.051217527
0.074283172 1.024494893 0.051971017
0.063878111 1.024494893 0.052430262
0.053871012 1.024494893 0.052517764
0.044336779 1.024494893 0.052301358
0.035352248 1.024494893 0.051659478
0.026981966 1.024494893 0.050771966
0.019289473 1.024494893 0.049578001
0.012359900 1.024494893 0.048034877
0.006235769 1.024494893 0.046279078
0.001009309 1.024494893 0.044267882
-0.003325740 1.024494893 0.042202330
-0.006868630 1.024494893 0.040417362
-0.009436496 1.024494893 0.038681142
-0.011108240 1.024494893 0.037206642
-0.011929392 1.024494893 0.036137432
-0.012203674 1.024494893 0.035780294
-0.012477955 1.024494893 0.035423157
-0.012969246 1.024494893 0.034193890
-0.012546067 1.024494893 0.032089935
-0.010323366 1.024494893 0.029979440
-0.006685538 1.024494893 0.028450162
-0.002069733 1.024494893 0.027125932
0.003326379 1.024494893 0.025618381
0.009585397 1.024494893 0.024423903
0.016570885 1.024494893 0.023148452
0.024280204 1.024494893 0.022069270
0.032648309 1.024494893 0.021112367
0.041597871 1.024494893 0.020092397
0.051100413 1.024494893 0.019285963
0.061084377 1.024494893 0.018600294
0.071477085 1.024494893 0.017899371
0.082222291 1.024494893 0.017320004
0.093248895 1.024494893 0.016791533
0.104488200 1.024494893 0.016311454
0.115871324 1.024494893 0.015904343
0.127320963 1.024494893 0.015396455
0.138771731 1.024494893 0.014909872
0.150152854 1.024494893 0.014452694
0.161397476 1.024494893 0.014119660
0.172430301 1.024494893 0.013747028
0.183190738 1.024494893 0.013643691
0.193606954 1.024494893 0.013590555
0.203614345 1.024494893 0.013582743
0.213148890 1.024494893 0.013793150
0.222154097 1.024494893 0.013998215
0.230567382 1.024494893 0.014380308
0.238339083 1.024494893 0.014848762
0.245427192 1.024494893 0.015276012
0.251780213 1.024494893 0.015766914
0.257354058 1.024494893 0.016350818
0.262126883 1.024494893 0.016879383
0.266072704 1.024494893 0.017316362
0.269163278 1.024494893 0.017691969
0.271383086 1.024494893 0.017974183
0.272659417 1.024494893 0.018243248
0.279650463 1.048700022 0.019945896
0.279451180 1.048700022 0.020343235
0.278302677 1.048700022 0.020682912
0.276096066 1.048700022 0.020783055
0.273027147 1.048700022 0.020940766
0.269125263 1.048700022 0.021305141
0.264405583 1.048700022 0.021745885
0.258903062 1.048700022 0.022308966
0.252683632 1.048700022 0.023250969
0.245753074 1.048700022 0.024300680
0.238172840 1.048700022 0.025558282
0.230023681 1.048700022 0.027206965
0.221308612 1.048700022 0.028970139
0.212081361 1.048700022 0.030836935
0.202420098 1.048700022 0.032897886
0.192366929 1.048700022 0.035056568
0.181981126 1.048700022 0.037286675
0.171328260 1.048700022 0.039581424
0.160450518 1.048700022 0.041815550
0.149403145 1.048700022 0.043908122
0.138266265 1.048700022 0.045895685
0.127101496 1.048700022 0.047724915
0.115957154 1.048700022 0.049195454
0.104924912 1.048700022 0.050462825
0.094076399 1.048700022 0.051483863
0.083477204 1.048700022 0.052166111
0.073204112 1.048700022 0.052545023
0.063325779 1.048700022 0.052631399
0.053917400 1.048700022 0.052336966
0.045048671 1.048700022 0.051699099
0.036793780 1.048700022 0.050760382
0.029204807 1.048700022 0.049556037
0.022365067 1.048700022 0.048029811
0.016316611 1.048700022 0.046305139
0.011177215 1.048700022 0.044274618
0.006897627 1.048700022 0.042236297
0.003365595 1.048700022 0.040538918
0.000848530 1.048700022 0.038801210
-0.000786094 1.048700022 0.037335184
-0.001596680 1.048700022 0.036279732
-0.001867432 1.048700022 0.035927190
-0.002138184 1.048700022 0.035574649
-0.002592509 1.048700022 0.034361331
-0.002202593 1.048700022 0.032303787
-0.000079087 1.048700022 0.030170138
0.003512267 1.048700022 0.028662062
0.008068679 1.048700022 0.027354872
0.013409404 1.048700022 0.025926693
0.019597466 1.048700022 0.024796841
0.026493069 1.048700022 0.023537802
0.034118742 1.048700022 0.022595180
0.042379171 1.048700022 0.021650589
0.051213238 1.048700022 0.020640402
0.060600360 1.048700022 0.019944296
0.070457160 1.048700022 0.019286710
0.080717832 1.048700022 0.018622575
0.091330691 1.048700022 0.018169254
0.102218025 1.048700022 0.017704209
0.113313530 1.048700022 0.017251502
0.124550602 1.048700022 0.016860431
0.135857383 1.048700022 0.016466934
0.147165303 1.048700022 0.016111258
0.158404249 1.048700022 0.015778392
0.169504182 1.048700022 0.015449644
0.180397991 1.048700022 0.015204296
0.191020389 1.048700022 0.015150108
0.201302575 1.048700022 0.015097656
0.211180550 1.048700022 0.015118864
0.220592348 1.048700022 0.015331265
0.229481723 1.048700022 0.015531876
0.237785112 1.048700022 0.015931650
0.245456812 1.048700022 0.016394077
0.252453714 1.048700022 0.016815829
0.258732153 1.048700022 0.017201350
0.264230918 1.048700022 0.017809942
0.268942329 1.048700022 0.018331706
0.272837378 1.048700022 0.018763062
0.275892048 1.048700022 0.019101351
0.278087508 1.048700022 0.019344486
0.279345561 1.048700022 0.019623189
