=== Case CUDA run ===
input=VPMx_multirotor.i out=out_cuda_run dt=0.0001 device=-1 backend=cuda
  GFLOW_AIRFRAME_KUTTA=0
  GFLOW_BODY_UNSTEADY=0
  GFLOW_CLOSE_TE_SEAM=1
  GFLOW_FMM_GPU=2
  GFLOW_FUSELAGE_HS3D=1
  GFLOW_KUTTA_AUDIT=1
  GFLOW_MESH_AUDIT=1
  GFLOW_NU_EFFECTIVE=1.469e-5
  GFLOW_QCRIT_BOX_MAX=2.3,1.11,0.2
  GFLOW_QCRIT_BOX_MIN=-0.6,0.0,-0.5
  GFLOW_QCRIT_GRID_N=64
  GFLOW_STRIP_CSV=1
  GFLOW_WAKE_AGE_MAX_REV=5

 ---------------------------------------------------------- 
!                                                          !
!         V   V     PPPP      M   M                        !
!         V   V     P   P     MM MM      XX    X           !
!         V   V     PPPP      M M M     X   X X            !
!          V V      P         M   M          X             !
!           V       P         M   M         X X  X         !
!                                          X   XX          !
 ---------------------------------------------------------- 
! SOLVER: Multirotor Viscous Vortex Particle Method Solver !
!   i)  Aerodynamics -> rVPM + HS3D 3D panel dense solver  !
!       (rotor + airframe)                                 !
!   ii) Hanson 1993 Frequency domain 3D panel based solver !
! Last compiled on: Sep 28 2026 at 12:11:23 |OS:Linux 
 ---------------------------------------------------------- 
! Written by: Furkat Yunus                                 !
! Contact:    f.yunus@tudelft.nl                           !
 ---------------------------------------------------------- 
  device: CUDA[0] NVIDIA A100 80GB PCIe (NVIDIA) fp64=yes available=yes
  device: OPENCL[0] NVIDIA A100 80GB PCIe (NVIDIA Corporation) fp64=yes available=yes
Backend: CUDA (wake engine + fuselage source field + dense panel solve) [forced by CLI]
Case: V-10.30_alpha-0_RPMs-6700-5754-3705, rotors=3
Airframe STL referenced: EVO-body.stl
total_steps=1200 diagnostics_interval=100 write_flow_vis=1 output_interval=100 output_start_step=100
  [loft probe] num_sections=41 num_points_per_section=12 panel_rows=[0,39] point_idx=[0,9] tip_section_idx=39  (cap on last row)  corners[3]==next.corners[0]: 390/390   corners[0]==next.corners[3]: 0/390  (convention holds)
  [seam probe] npts=12 panels_per_section=10 point_idx=[0,9] gap=0.00406629 section_extent=0.00911553
  rotor radius=0.1524 blades=2 rpm=-6700 hub=(0.8135,1.4528,1.1457) axis=(0,0,-1) handedness=left wake_circ_sign=1 panels=462
  [loft probe] num_sections=41 num_points_per_section=12 panel_rows=[0,39] point_idx=[0,9] tip_section_idx=39  (cap on last row)  corners[3]==next.corners[0]: 390/390   corners[0]==next.corners[3]: 0/390  (convention holds)
  [seam probe] npts=12 panels_per_section=10 point_idx=[0,9] gap=0.00406629 section_extent=0.00911553
  rotor radius=0.1524 blades=2 rpm=5754 hub=(1.4933,1.4528,1.1555) axis=(0,0,-1) handedness=right wake_circ_sign=-1 panels=462
  [loft probe] num_sections=41 num_points_per_section=12 panel_rows=[0,39] point_idx=[0,9] tip_section_idx=39  (cap on last row)  corners[3]==next.corners[0]: 390/390   corners[0]==next.corners[3]: 0/390  (convention holds)
  [seam probe] npts=12 panels_per_section=10 point_idx=[0,9] gap=0.00459607 section_extent=0.0101724
  rotor radius=0.1905 blades=2 rpm=3705 hub=(1.5319,1.1008,1.1026) axis=(1,0,0) handedness=right wake_circ_sign=-1 panels=462
  [loft probe] num_sections=40 num_points_per_section=80 panel_rows=[0,38] point_idx=[0,79] tip_section_idx=38  (cap on last row)  corners[3]==next.corners[0]: 0/3040   corners[0]==next.corners[3]: 0/3040  *** CONVENTION BROKEN ***
  next-SECTION corner incidence (rows=this, cols=next, of 3040): [0 0 0 0] [3040 0 0 0] [0 0 0 3040] [0 0 0 0]
  next-POINT corner incidence (of 3081): [0 0 0 0] [0 0 0 0] [0 3081 0 0] [3081 0 0 0]
  [seam probe] npts=80 panels_per_section=80 point_idx=[0,79] gap=0.0242094 section_extent=0.0242337
  [mesh audit] airframe: edges=6480 BOUNDARY(holes)=0 nonmanifold=0 i_span=[0,38] i_chord=[0,79] cap_panels=160 verts=3202 max_edge_owners=2
  [mesh audit] airframe: panels=3280 samples=274 closure worst=0.389917 median=0.00303525 mean=0.01783 winding=+ over1e-2=72/274 over1e-1=12 worst_at=(0.128393,1.0366,0.0465544) i_span=38 i_chord=20   WATERTIGHT
  fuselage panels: 3280 (lofted from 40x80 sections, caps closed) total_area_m2=0.883237
  fuselage source regularisation: eps = 0.5*sqrt(panel area), range 0.000660707 to 0.0127675 m
  [loft probe] num_sections=20 num_points_per_section=120 panel_rows=[0,18] point_idx=[0,119] tip_section_idx=18  (cap on last row)  corners[3]==next.corners[0]: 2160/2160   corners[0]==next.corners[3]: 0/2160  (convention holds)
  [seam probe] npts=120 panels_per_section=120 point_idx=[0,119] gap=0 section_extent=0.0611719
Fixed wing: 2520 panels across 20 stations, load model hs3d (Kutta at the trailing edge)

  [reporting] forces/moments are in BALANCE axes (z DOWN, x longitudinal), converted from the deck frame (z up).
  [reporting] Fx is INVISCID: induced drag + rotor axial force only. No skin friction, no form drag, no unmodelled hardware.
              Compare Fz and the moments to a balance; do NOT expect Fx to match one.

Q-criterion zoom box: (-0.6,0,-0.5) to (2.3,1.11,0.2), spacing~(0.0460317,0.017619,0.0111111) m
  [mesh audit] rotor blade set: edges=1826 BOUNDARY(holes)=0 nonmanifold=0 i_span=[0,39] i_chord=[0,10] cap_panels=44 verts=906 max_edge_owners=2
  [mesh audit] rotor blade set: panels=924 samples=308 closure worst=0.348201 median=0.000728812 mean=0.0130944 winding=- over1e-2=40/308 over1e-1=12 worst_at=(0.793317,1.42715,1.13286) i_span=0 i_chord=6   WATERTIGHT
  [LU] n=924 kutta=0 min|U_ii|=1 max|U_ii|=196269 ratio=5.09504e-06 pivots<1e-12: 0
  rotor 0 kutta seed from polar: sum|gamma_bound|=53.491
  [mesh audit] rotor blade set: edges=1826 BOUNDARY(holes)=0 nonmanifold=0 i_span=[0,39] i_chord=[0,10] cap_panels=44 verts=906 max_edge_owners=2
  [mesh audit] rotor blade set: panels=924 samples=308 closure worst=0.348201 median=0.000728812 mean=0.0130944 winding=- over1e-2=40/308 over1e-1=12 worst_at=(1.51348,1.47845,1.14266) i_span=0 i_chord=6   WATERTIGHT
  [LU] n=924 kutta=0 min|U_ii|=1 max|U_ii|=196269 ratio=5.09504e-06 pivots<1e-12: 0
  rotor 1 kutta seed from polar: sum|gamma_bound|=45.7511
  [mesh audit] rotor blade set: edges=1826 BOUNDARY(holes)=0 nonmanifold=0 i_span=[0,39] i_chord=[0,10] cap_panels=44 verts=906 max_edge_owners=2
  [mesh audit] rotor blade set: panels=924 samples=308 closure worst=0.435239 median=0.000834509 mean=0.014825 winding=- over1e-2=48/308 over1e-1=12 worst_at=(1.55083,1.11187,1.07054) i_span=0 i_chord=3   WATERTIGHT
  [LU] n=924 kutta=0 min|U_ii|=1 max|U_ii|=113472 ratio=8.81276e-06 pivots<1e-12: 0
  rotor 2 kutta seed from polar: sum|gamma_bound|=37.0397
  [mesh audit] wing: edges=4920 BOUNDARY(holes)=0 nonmanifold=0 i_span=[0,18] i_chord=[0,119] cap_panels=240 verts=2402 max_edge_owners=2
  [mesh audit] wing: panels=2520 samples=280 closure worst=0.302834 median=0.00979019 mean=0.0271403 winding=- over1e-2=137/280 over1e-1=18 worst_at=(-0.068259,0.357375,0.00260245) i_span=0 i_chord=81   WATERTIGHT
    [wing fold] wake_mode=0 step=0 panels=2520 pair=2520 edge=2520 known=2520 te_pairs=19 rings=0
  [LU] n=2520 kutta=0 min|U_ii|=1 max|U_ii|=6684.47 ratio=0.000149601 pivots<1e-12: 0
  wing kutta seed from polar: strips=19 sum|gamma_bound|=36.2286 sign=1
  [mesh audit] rotor blade set: edges=1826 BOUNDARY(holes)=0 nonmanifold=0 i_span=[0,39] i_chord=[0,10] cap_panels=44 verts=906 max_edge_owners=2
  [mesh audit] rotor blade set: panels=924 samples=308 closure worst=0.348201 median=0.000728812 mean=0.0130944 winding=- over1e-2=40/308 over1e-1=12 worst_at=(0.793317,1.42715,1.13286) i_span=0 i_chord=6   WATERTIGHT
  rotor 0 kutta seed from polar: sum|gamma_bound|=53.491
  [mesh audit] rotor blade set: edges=1826 BOUNDARY(holes)=0 nonmanifold=0 i_span=[0,39] i_chord=[0,10] cap_panels=44 verts=906 max_edge_owners=2
  [mesh audit] rotor blade set: panels=924 samples=308 closure worst=0.348201 median=0.000728812 mean=0.0130944 winding=- over1e-2=40/308 over1e-1=12 worst_at=(1.51348,1.47845,1.14266) i_span=0 i_chord=6   WATERTIGHT
  rotor 1 kutta seed from polar: sum|gamma_bound|=45.7512
  [mesh audit] rotor blade set: edges=1826 BOUNDARY(holes)=0 nonmanifold=0 i_span=[0,39] i_chord=[0,10] cap_panels=44 verts=906 max_edge_owners=2
  [mesh audit] rotor blade set: panels=924 samples=308 closure worst=0.435239 median=0.000834509 mean=0.014825 winding=- over1e-2=48/308 over1e-1=12 worst_at=(1.55083,1.11187,1.07054) i_span=0 i_chord=3   WATERTIGHT
  rotor 2 kutta seed from polar: sum|gamma_bound|=37.0395
  [mesh audit] wing: edges=4920 BOUNDARY(holes)=0 nonmanifold=0 i_span=[0,18] i_chord=[0,119] cap_panels=240 verts=2402 max_edge_owners=2
  [mesh audit] wing: panels=2520 samples=280 closure worst=0.302834 median=0.00979019 mean=0.0271403 winding=- over1e-2=137/280 over1e-1=18 worst_at=(-0.068259,0.357375,0.00260245) i_span=0 i_chord=81   WATERTIGHT
    [wing fold] wake_mode=0 step=0 panels=2520 pair=2520 edge=2520 known=2520 te_pairs=19 rings=0
  wing kutta seed from polar: strips=19 sum|gamma_bound|=36.2286 sign=1
  [LU] n=3280 kutta=0 min|U_ii|=1.39206 max|U_ii|=131019 ratio=1.06249e-05 pivots<1e-12: 0
  fuselage: panels=3280 max_neumann_residual=3.28626e-14
  body Fz: inst=-0.317291 quasi-steady=-0.317291 | 162-step mean=-0.317291 (qs -0.317291)  [window not yet full]
  wing: F=(0.249631, -0.00290743, -1.26343) N  Mx=0.130372 Nm  max|mu|=8.50672  max_vsurf=0 m/s  strips=19
  fuselage hs3d: F=(-808.086, -526.269, 1973.3) N  Mx=-2612.32 Nm  max|mu|=17.9599  max_vsurf=11302.7 m/s
step=0 particles=266 total_thrust_N=35.7117 total_torque_Nm=0.630542
  timing after step 0 (cumulative s, % of loop):
    rotor panels + wake->panel vel          0.00 s     0.0 %
    wake->fuselage vel                      0.00 s     0.0 %
    panel assemble + dense solve            2.62 s    73.7 %
    strip polar loads                       0.07 s     2.1 %
    rotor rings->fuselage vel               0.12 s     3.4 %
    fuselage source self (vel+phi)          0.59 s    16.5 %
    fuselage->rotor vel                     0.01 s     0.1 %
    ring d(phi)/dt                          0.01 s     0.3 %
    TE particle emission                    0.00 s     0.0 %
    wake advect (RK4)                       0.02 s     0.6 %
    fuselage blockage on particles          0.00 s     0.1 %
    wake age trim                           0.00 s     0.0 %
    unattributed (host bookkeeping)         0.11 s     3.1 %
    TOTAL loop                              3.56 s  (3.559 s/step avg)
  [mesh audit] rotor blade set: edges=1826 BOUNDARY(holes)=0 nonmanifold=0 i_span=[0,39] i_chord=[0,10] cap_panels=44 verts=906 max_edge_owners=2
  [mesh audit] rotor blade set: panels=924 samples=308 closure worst=0.348201 median=0.000728812 mean=0.0130944 winding=- over1e-2=40/308 over1e-1=12 worst_at=(0.831836,1.4798,1.13286) i_span=0 i_chord=6   WATERTIGHT
  [LU] n=924 kutta=1 min|U_ii|=0.00354299 max|U_ii|=195565 ratio=1.81167e-08 pivots<1e-12: 0
  [mesh audit] rotor blade set: edges=1826 BOUNDARY(holes)=0 nonmanifold=0 i_span=[0,39] i_chord=[0,10] cap_panels=44 verts=906 max_edge_owners=2
  [mesh audit] rotor blade set: panels=924 samples=308 closure worst=0.348201 median=0.000728812 mean=0.0130944 winding=- over1e-2=40/308 over1e-1=12 worst_at=(1.51499,1.47718,1.14266) i_span=0 i_chord=6   WATERTIGHT
  [LU] n=924 kutta=1 min|U_ii|=0.00354299 max|U_ii|=195565 ratio=1.81167e-08 pivots<1e-12: 0
  [mesh audit] rotor blade set: edges=1826 BOUNDARY(holes)=0 nonmanifold=0 i_span=[0,39] i_chord=[0,10] cap_panels=44 verts=906 max_edge_owners=2
  [mesh audit] rotor blade set: panels=924 samples=308 closure worst=0.435239 median=0.000834509 mean=0.014825 winding=- over1e-2=48/308 over1e-1=12 worst_at=(1.55083,1.08849,1.1342) i_span=0 i_chord=3   WATERTIGHT
  [LU] n=924 kutta=1 min|U_ii|=0.0049059 max|U_ii|=111026 ratio=4.41868e-08 pivots<1e-12: 0
  [mesh audit] wing: edges=4920 BOUNDARY(holes)=0 nonmanifold=0 i_span=[0,18] i_chord=[0,119] cap_panels=240 verts=2402 max_edge_owners=2
  [mesh audit] wing: panels=2520 samples=280 closure worst=0.302834 median=0.00979019 mean=0.0271403 winding=- over1e-2=137/280 over1e-1=18 worst_at=(-0.068259,0.357375,0.00260245) i_span=0 i_chord=81   WATERTIGHT
    [wing fold] wake_mode=0 step=1 panels=2520 pair=2520 edge=2520 known=2520 te_pairs=19 rings=0
  [LU] n=2520 kutta=1 min|U_ii|=0.0445846 max|U_ii|=6061.07 ratio=7.3559e-06 pivots<1e-12: 0
  [mesh audit] rotor blade set: edges=1826 BOUNDARY(holes)=0 nonmanifold=0 i_span=[0,39] i_chord=[0,10] cap_panels=44 verts=906 max_edge_owners=2
  [mesh audit] rotor blade set: panels=924 samples=308 closure worst=0.348201 median=0.000728812 mean=0.0130944 winding=- over1e-2=40/308 over1e-1=12 worst_at=(0.831836,1.4798,1.13286) i_span=0 i_chord=6   WATERTIGHT
  [LU] n=924 kutta=1 min|U_ii|=0.00354299 max|U_ii|=195565 ratio=1.81167e-08 pivots<1e-12: 0
  [mesh audit] rotor blade set: edges=1826 BOUNDARY(holes)=0 nonmanifold=0 i_span=[0,39] i_chord=[0,10] cap_panels=44 verts=906 max_edge_owners=2
  [mesh audit] rotor blade set: panels=924 samples=308 closure worst=0.348201 median=0.000728812 mean=0.0130944 winding=- over1e-2=40/308 over1e-1=12 worst_at=(1.51499,1.47718,1.14266) i_span=0 i_chord=6   WATERTIGHT
  [LU] n=924 kutta=1 min|U_ii|=0.00354299 max|U_ii|=195565 ratio=1.81167e-08 pivots<1e-12: 0
  [mesh audit] rotor blade set: edges=1826 BOUNDARY(holes)=0 nonmanifold=0 i_span=[0,39] i_chord=[0,10] cap_panels=44 verts=906 max_edge_owners=2
  [mesh audit] rotor blade set: panels=924 samples=308 closure worst=0.435239 median=0.000834509 mean=0.014825 winding=- over1e-2=48/308 over1e-1=12 worst_at=(1.55083,1.08849,1.1342) i_span=0 i_chord=3   WATERTIGHT
  [LU] n=924 kutta=1 min|U_ii|=0.0049059 max|U_ii|=111026 ratio=4.41868e-08 pivots<1e-12: 0
  [mesh audit] wing: edges=4920 BOUNDARY(holes)=0 nonmanifold=0 i_span=[0,18] i_chord=[0,119] cap_panels=240 verts=2402 max_edge_owners=2
  [mesh audit] wing: panels=2520 samples=280 closure worst=0.302834 median=0.00979019 mean=0.0271403 winding=- over1e-2=137/280 over1e-1=18 worst_at=(-0.068259,0.357375,0.00260245) i_span=0 i_chord=81   WATERTIGHT
    [wing fold] wake_mode=0 step=1 panels=2520 pair=2520 edge=2520 known=2520 te_pairs=19 rings=0
  [LU] n=2520 kutta=1 min|U_ii|=0.0445846 max|U_ii|=6061.07 ratio=7.3559e-06 pivots<1e-12: 0
  [LU] n=924 kutta=1 min|U_ii|=0.00354299 max|U_ii|=195565 ratio=1.81167e-08 pivots<1e-12: 0
  [LU] n=924 kutta=1 min|U_ii|=0.00354299 max|U_ii|=195565 ratio=1.81167e-08 pivots<1e-12: 0
  [LU] n=924 kutta=1 min|U_ii|=0.0049059 max|U_ii|=111026 ratio=4.41868e-08 pivots<1e-12: 0
    [wing fold] wake_mode=0 step=2 panels=2520 pair=2520 edge=2520 known=2520 te_pairs=19 rings=0
  [LU] n=2520 kutta=1 min|U_ii|=0.0445846 max|U_ii|=6061.07 ratio=7.3559e-06 pivots<1e-12: 0
  [LU] n=924 kutta=1 min|U_ii|=0.00354299 max|U_ii|=195565 ratio=1.81167e-08 pivots<1e-12: 0
  [LU] n=924 kutta=1 min|U_ii|=0.00354299 max|U_ii|=195565 ratio=1.81167e-08 pivots<1e-12: 0
  [LU] n=924 kutta=1 min|U_ii|=0.0049059 max|U_ii|=111026 ratio=4.41868e-08 pivots<1e-12: 0
    [wing fold] wake_mode=0 step=2 panels=2520 pair=2520 edge=2520 known=2520 te_pairs=19 rings=0
  [LU] n=2520 kutta=1 min|U_ii|=0.0445846 max|U_ii|=6061.07 ratio=7.3559e-06 pivots<1e-12: 0
  [LU] n=924 kutta=1 min|U_ii|=0.00354299 max|U_ii|=195565 ratio=1.81167e-08 pivots<1e-12: 0
  [LU] n=924 kutta=1 min|U_ii|=0.00354299 max|U_ii|=195565 ratio=1.81167e-08 pivots<1e-12: 0
  [LU] n=924 kutta=1 min|U_ii|=0.0049059 max|U_ii|=111026 ratio=4.41868e-08 pivots<1e-12: 0
  [LU] n=2520 kutta=1 min|U_ii|=0.0445846 max|U_ii|=6061.07 ratio=7.3559e-06 pivots<1e-12: 0
  [LU] n=924 kutta=1 min|U_ii|=0.00354299 max|U_ii|=195565 ratio=1.81167e-08 pivots<1e-12: 0
  [LU] n=924 kutta=1 min|U_ii|=0.00354299 max|U_ii|=195565 ratio=1.81167e-08 pivots<1e-12: 0
  [LU] n=924 kutta=1 min|U_ii|=0.0049059 max|U_ii|=111026 ratio=4.41868e-08 pivots<1e-12: 0
  [LU] n=2520 kutta=1 min|U_ii|=0.0445846 max|U_ii|=6061.07 ratio=7.3559e-06 pivots<1e-12: 0
  [LU] n=924 kutta=1 min|U_ii|=0.00354299 max|U_ii|=195565 ratio=1.81167e-08 pivots<1e-12: 0
  [LU] n=924 kutta=1 min|U_ii|=0.00354299 max|U_ii|=195565 ratio=1.81167e-08 pivots<1e-12: 0
  [LU] n=924 kutta=1 min|U_ii|=0.0049059 max|U_ii|=111026 ratio=4.41868e-08 pivots<1e-12: 0
  [LU] n=2520 kutta=1 min|U_ii|=0.0445846 max|U_ii|=6061.07 ratio=7.3559e-06 pivots<1e-12: 0
  [LU] n=924 kutta=1 min|U_ii|=0.00354299 max|U_ii|=195565 ratio=1.81167e-08 pivots<1e-12: 0
  [LU] n=924 kutta=1 min|U_ii|=0.00354299 max|U_ii|=195565 ratio=1.81167e-08 pivots<1e-12: 0
  [LU] n=924 kutta=1 min|U_ii|=0.0049059 max|U_ii|=111026 ratio=4.41868e-08 pivots<1e-12: 0
  [LU] n=2520 kutta=1 min|U_ii|=0.0445846 max|U_ii|=6061.07 ratio=7.3559e-06 pivots<1e-12: 0
  [LU] n=924 kutta=1 min|U_ii|=0.00354299 max|U_ii|=195565 ratio=1.81167e-08 pivots<1e-12: 0
  [LU] n=924 kutta=1 min|U_ii|=0.00354299 max|U_ii|=195565 ratio=1.81167e-08 pivots<1e-12: 0
  [LU] n=924 kutta=1 min|U_ii|=0.0049059 max|U_ii|=111026 ratio=4.41868e-08 pivots<1e-12: 0
  [LU] n=2520 kutta=1 min|U_ii|=0.0445846 max|U_ii|=6061.07 ratio=7.3559e-06 pivots<1e-12: 0
  [LU] n=924 kutta=1 min|U_ii|=0.00354299 max|U_ii|=195565 ratio=1.81167e-08 pivots<1e-12: 0
  [LU] n=924 kutta=1 min|U_ii|=0.00354299 max|U_ii|=195565 ratio=1.81167e-08 pivots<1e-12: 0
  [LU] n=924 kutta=1 min|U_ii|=0.0049059 max|U_ii|=111026 ratio=4.41868e-08 pivots<1e-12: 0
  [LU] n=2520 kutta=1 min|U_ii|=0.0445846 max|U_ii|=6061.07 ratio=7.3559e-06 pivots<1e-12: 0
  [LU] n=924 kutta=1 min|U_ii|=0.00354299 max|U_ii|=195565 ratio=1.81167e-08 pivots<1e-12: 0
  [LU] n=924 kutta=1 min|U_ii|=0.00354299 max|U_ii|=195565 ratio=1.81167e-08 pivots<1e-12: 0
  [LU] n=924 kutta=1 min|U_ii|=0.0049059 max|U_ii|=111026 ratio=4.41868e-08 pivots<1e-12: 0
  [LU] n=2520 kutta=1 min|U_ii|=0.0445846 max|U_ii|=6061.07 ratio=7.3559e-06 pivots<1e-12: 0
  [LU] n=924 kutta=1 min|U_ii|=0.00354299 max|U_ii|=195565 ratio=1.81167e-08 pivots<1e-12: 0
  [LU] n=924 kutta=1 min|U_ii|=0.00354299 max|U_ii|=195565 ratio=1.81167e-08 pivots<1e-12: 0
  [LU] n=924 kutta=1 min|U_ii|=0.0049059 max|U_ii|=111026 ratio=4.41868e-08 pivots<1e-12: 0
  [LU] n=2520 kutta=1 min|U_ii|=0.0445846 max|U_ii|=6061.07 ratio=7.3559e-06 pivots<1e-12: 0
  [LU] n=924 kutta=1 min|U_ii|=0.00354299 max|U_ii|=195565 ratio=1.81167e-08 pivots<1e-12: 0
  [LU] n=924 kutta=1 min|U_ii|=0.00354299 max|U_ii|=195565 ratio=1.81167e-08 pivots<1e-12: 0
  [LU] n=924 kutta=1 min|U_ii|=0.0049059 max|U_ii|=111026 ratio=4.41868e-08 pivots<1e-12: 0
  [LU] n=2520 kutta=1 min|U_ii|=0.0445846 max|U_ii|=6061.07 ratio=7.3559e-06 pivots<1e-12: 0
  [LU] n=924 kutta=1 min|U_ii|=0.00354299 max|U_ii|=195565 ratio=1.81167e-08 pivots<1e-12: 0
  [LU] n=924 kutta=1 min|U_ii|=0.00354299 max|U_ii|=195565 ratio=1.81167e-08 pivots<1e-12: 0
  [LU] n=924 kutta=1 min|U_ii|=0.0049059 max|U_ii|=111026 ratio=4.41868e-08 pivots<1e-12: 0
  [LU] n=2520 kutta=1 min|U_ii|=0.0445846 max|U_ii|=6061.07 ratio=7.3559e-06 pivots<1e-12: 0
  [LU] n=924 kutta=1 min|U_ii|=0.00354299 max|U_ii|=195565 ratio=1.81167e-08 pivots<1e-12: 0
  [LU] n=924 kutta=1 min|U_ii|=0.00354299 max|U_ii|=195565 ratio=1.81167e-08 pivots<1e-12: 0
  [LU] n=924 kutta=1 min|U_ii|=0.0049059 max|U_ii|=111026 ratio=4.41868e-08 pivots<1e-12: 0
  [LU] n=2520 kutta=1 min|U_ii|=0.0445846 max|U_ii|=6061.07 ratio=7.3559e-06 pivots<1e-12: 0
  [LU] n=924 kutta=1 min|U_ii|=0.00354299 max|U_ii|=195565 ratio=1.81167e-08 pivots<1e-12: 0
  [LU] n=924 kutta=1 min|U_ii|=0.00354299 max|U_ii|=195565 ratio=1.81167e-08 pivots<1e-12: 0
  [LU] n=924 kutta=1 min|U_ii|=0.0049059 max|U_ii|=111026 ratio=4.41868e-08 pivots<1e-12: 0
  [LU] n=2520 kutta=1 min|U_ii|=0.0445846 max|U_ii|=6061.07 ratio=7.3559e-06 pivots<1e-12: 0
  [LU] n=924 kutta=1 min|U_ii|=0.00354299 max|U_ii|=195565 ratio=1.81167e-08 pivots<1e-12: 0
  [LU] n=924 kutta=1 min|U_ii|=0.00354299 max|U_ii|=195565 ratio=1.81167e-08 pivots<1e-12: 0
  [LU] n=924 kutta=1 min|U_ii|=0.0049059 max|U_ii|=111026 ratio=4.41868e-08 pivots<1e-12: 0
  [LU] n=2520 kutta=1 min|U_ii|=0.0445846 max|U_ii|=6061.07 ratio=7.3559e-06 pivots<1e-12: 0
  [LU] n=924 kutta=1 min|U_ii|=0.00354299 max|U_ii|=195565 ratio=1.81167e-08 pivots<1e-12: 0
  [LU] n=924 kutta=1 min|U_ii|=0.00354299 max|U_ii|=195565 ratio=1.81167e-08 pivots<1e-12: 0
  [LU] n=924 kutta=1 min|U_ii|=0.0049059 max|U_ii|=111026 ratio=4.41868e-08 pivots<1e-12: 0
  [LU] n=2520 kutta=1 min|U_ii|=0.0445846 max|U_ii|=6061.07 ratio=7.3559e-06 pivots<1e-12: 0
  [LU] n=924 kutta=1 min|U_ii|=0.00354299 max|U_ii|=195565 ratio=1.81167e-08 pivots<1e-12: 0
  [LU] n=924 kutta=1 min|U_ii|=0.00354299 max|U_ii|=195565 ratio=1.81167e-08 pivots<1e-12: 0
  [LU] n=924 kutta=1 min|U_ii|=0.0049059 max|U_ii|=111026 ratio=4.41868e-08 pivots<1e-12: 0
  [LU] n=2520 kutta=1 min|U_ii|=0.0445846 max|U_ii|=6061.07 ratio=7.3559e-06 pivots<1e-12: 0
  [LU] n=924 kutta=1 min|U_ii|=0.00354299 max|U_ii|=195565 ratio=1.81167e-08 pivots<1e-12: 0
  [LU] n=924 kutta=1 min|U_ii|=0.00354299 max|U_ii|=195565 ratio=1.81167e-08 pivots<1e-12: 0
  [LU] n=924 kutta=1 min|U_ii|=0.0049059 max|U_ii|=111026 ratio=4.41868e-08 pivots<1e-12: 0
  [LU] n=2520 kutta=1 min|U_ii|=0.0445846 max|U_ii|=6061.07 ratio=7.3559e-06 pivots<1e-12: 0
  [LU] n=924 kutta=1 min|U_ii|=0.00354299 max|U_ii|=195565 ratio=1.81167e-08 pivots<1e-12: 0
  [LU] n=924 kutta=1 min|U_ii|=0.00354299 max|U_ii|=195565 ratio=1.81167e-08 pivots<1e-12: 0
  [LU] n=924 kutta=1 min|U_ii|=0.0049059 max|U_ii|=111026 ratio=4.41868e-08 pivots<1e-12: 0
  [LU] n=2520 kutta=1 min|U_ii|=0.0445846 max|U_ii|=6061.07 ratio=7.3559e-06 pivots<1e-12: 0
  [LU] n=924 kutta=1 min|U_ii|=0.00354299 max|U_ii|=195565 ratio=1.81167e-08 pivots<1e-12: 0
  [LU] n=924 kutta=1 min|U_ii|=0.00354299 max|U_ii|=195565 ratio=1.81167e-08 pivots<1e-12: 0
  [LU] n=924 kutta=1 min|U_ii|=0.0049059 max|U_ii|=111026 ratio=4.41868e-08 pivots<1e-12: 0
  [LU] n=2520 kutta=1 min|U_ii|=0.0445846 max|U_ii|=6061.07 ratio=7.3559e-06 pivots<1e-12: 0
  [LU] n=924 kutta=1 min|U_ii|=0.00354299 max|U_ii|=195565 ratio=1.81167e-08 pivots<1e-12: 0
  [LU] n=924 kutta=1 min|U_ii|=0.00354299 max|U_ii|=195565 ratio=1.81167e-08 pivots<1e-12: 0
  [LU] n=924 kutta=1 min|U_ii|=0.0049059 max|U_ii|=111026 ratio=4.41868e-08 pivots<1e-12: 0
  [LU] n=2520 kutta=1 min|U_ii|=0.0445846 max|U_ii|=6061.07 ratio=7.3559e-06 pivots<1e-12: 0
  [LU] n=924 kutta=1 min|U_ii|=0.00354299 max|U_ii|=195565 ratio=1.81167e-08 pivots<1e-12: 0
  [LU] n=924 kutta=1 min|U_ii|=0.00354299 max|U_ii|=195565 ratio=1.81167e-08 pivots<1e-12: 0
  [LU] n=924 kutta=1 min|U_ii|=0.0049059 max|U_ii|=111026 ratio=4.41868e-08 pivots<1e-12: 0
  [LU] n=2520 kutta=1 min|U_ii|=0.0445846 max|U_ii|=6061.07 ratio=7.3559e-06 pivots<1e-12: 0
  [LU] n=924 kutta=1 min|U_ii|=0.00354299 max|U_ii|=195565 ratio=1.81167e-08 pivots<1e-12: 0
  [LU] n=924 kutta=1 min|U_ii|=0.00354299 max|U_ii|=195565 ratio=1.81167e-08 pivots<1e-12: 0
  [LU] n=924 kutta=1 min|U_ii|=0.0049059 max|U_ii|=111026 ratio=4.41868e-08 pivots<1e-12: 0
  [LU] n=2520 kutta=1 min|U_ii|=0.0445846 max|U_ii|=6061.07 ratio=7.3559e-06 pivots<1e-12: 0
  [LU] n=924 kutta=1 min|U_ii|=0.00354299 max|U_ii|=195565 ratio=1.81167e-08 pivots<1e-12: 0
  [LU] n=924 kutta=1 min|U_ii|=0.00354299 max|U_ii|=195565 ratio=1.81167e-08 pivots<1e-12: 0
  [LU] n=924 kutta=1 min|U_ii|=0.0049059 max|U_ii|=111026 ratio=4.41868e-08 pivots<1e-12: 0
  [LU] n=2520 kutta=1 min|U_ii|=0.0445846 max|U_ii|=6061.07 ratio=7.3559e-06 pivots<1e-12: 0
  [LU] n=924 kutta=1 min|U_ii|=0.00354299 max|U_ii|=195565 ratio=1.81167e-08 pivots<1e-12: 0
  [LU] n=924 kutta=1 min|U_ii|=0.00354299 max|U_ii|=195565 ratio=1.81167e-08 pivots<1e-12: 0
  [LU] n=924 kutta=1 min|U_ii|=0.0049059 max|U_ii|=111026 ratio=4.41868e-08 pivots<1e-12: 0
  [LU] n=2520 kutta=1 min|U_ii|=0.0445846 max|U_ii|=6061.07 ratio=7.3559e-06 pivots<1e-12: 0
  [LU] n=924 kutta=1 min|U_ii|=0.00354299 max|U_ii|=195565 ratio=1.81167e-08 pivots<1e-12: 0
  [LU] n=924 kutta=1 min|U_ii|=0.00354299 max|U_ii|=195565 ratio=1.81167e-08 pivots<1e-12: 0
  [LU] n=924 kutta=1 min|U_ii|=0.0049059 max|U_ii|=111026 ratio=4.41868e-08 pivots<1e-12: 0
  [LU] n=2520 kutta=1 min|U_ii|=0.0445846 max|U_ii|=6061.07 ratio=7.3559e-06 pivots<1e-12: 0
  [LU] n=924 kutta=1 min|U_ii|=0.00354299 max|U_ii|=195565 ratio=1.81167e-08 pivots<1e-12: 0
  [LU] n=924 kutta=1 min|U_ii|=0.00354299 max|U_ii|=195565 ratio=1.81167e-08 pivots<1e-12: 0
  [LU] n=924 kutta=1 min|U_ii|=0.0049059 max|U_ii|=111026 ratio=4.41868e-08 pivots<1e-12: 0
  [LU] n=2520 kutta=1 min|U_ii|=0.0445846 max|U_ii|=6061.07 ratio=7.3559e-06 pivots<1e-12: 0
  [LU] n=924 kutta=1 min|U_ii|=0.00354299 max|U_ii|=195565 ratio=1.81167e-08 pivots<1e-12: 0
  [LU] n=924 kutta=1 min|U_ii|=0.00354299 max|U_ii|=195565 ratio=1.81167e-08 pivots<1e-12: 0
  [LU] n=924 kutta=1 min|U_ii|=0.0049059 max|U_ii|=111026 ratio=4.41868e-08 pivots<1e-12: 0
  [LU] n=2520 kutta=1 min|U_ii|=0.0445846 max|U_ii|=6061.07 ratio=7.3559e-06 pivots<1e-12: 0
  [LU] n=924 kutta=1 min|U_ii|=0.00354299 max|U_ii|=195565 ratio=1.81167e-08 pivots<1e-12: 0
  [LU] n=924 kutta=1 min|U_ii|=0.00354299 max|U_ii|=195565 ratio=1.81167e-08 pivots<1e-12: 0
  [LU] n=924 kutta=1 min|U_ii|=0.0049059 max|U_ii|=111026 ratio=4.41868e-08 pivots<1e-12: 0
  [LU] n=2520 kutta=1 min|U_ii|=0.0445846 max|U_ii|=6061.07 ratio=7.3559e-06 pivots<1e-12: 0
  [LU] n=924 kutta=1 min|U_ii|=0.00354299 max|U_ii|=195565 ratio=1.81167e-08 pivots<1e-12: 0
  [LU] n=924 kutta=1 min|U_ii|=0.00354299 max|U_ii|=195565 ratio=1.81167e-08 pivots<1e-12: 0
  [LU] n=924 kutta=1 min|U_ii|=0.0049059 max|U_ii|=111026 ratio=4.41868e-08 pivots<1e-12: 0
  [LU] n=2520 kutta=1 min|U_ii|=0.0445846 max|U_ii|=6061.07 ratio=7.3559e-06 pivots<1e-12: 0
  [LU] n=924 kutta=1 min|U_ii|=0.00354299 max|U_ii|=195565 ratio=1.81167e-08 pivots<1e-12: 0
  [LU] n=924 kutta=1 min|U_ii|=0.00354299 max|U_ii|=195565 ratio=1.81167e-08 pivots<1e-12: 0
  [LU] n=924 kutta=1 min|U_ii|=0.0049059 max|U_ii|=111026 ratio=4.41868e-08 pivots<1e-12: 0
  [LU] n=2520 kutta=1 min|U_ii|=0.0445846 max|U_ii|=6061.07 ratio=7.3559e-06 pivots<1e-12: 0
  [LU] n=924 kutta=1 min|U_ii|=0.00354299 max|U_ii|=195565 ratio=1.81167e-08 pivots<1e-12: 0
  [LU] n=924 kutta=1 min|U_ii|=0.00354299 max|U_ii|=195565 ratio=1.81167e-08 pivots<1e-12: 0
  [LU] n=924 kutta=1 min|U_ii|=0.0049059 max|U_ii|=111026 ratio=4.41868e-08 pivots<1e-12: 0
  [LU] n=2520 kutta=1 min|U_ii|=0.0445846 max|U_ii|=6061.07 ratio=7.3559e-06 pivots<1e-12: 0
  [LU] n=924 kutta=1 min|U_ii|=0.00354299 max|U_ii|=195565 ratio=1.81167e-08 pivots<1e-12: 0
  [LU] n=924 kutta=1 min|U_ii|=0.00354299 max|U_ii|=195565 ratio=1.81167e-08 pivots<1e-12: 0
  [LU] n=924 kutta=1 min|U_ii|=0.0049059 max|U_ii|=111026 ratio=4.41868e-08 pivots<1e-12: 0
  [LU] n=2520 kutta=1 min|U_ii|=0.0445846 max|U_ii|=6061.07 ratio=7.3559e-06 pivots<1e-12: 0
  [LU] n=924 kutta=1 min|U_ii|=0.00354299 max|U_ii|=195565 ratio=1.81167e-08 pivots<1e-12: 0
  [LU] n=924 kutta=1 min|U_ii|=0.00354299 max|U_ii|=195565 ratio=1.81167e-08 pivots<1e-12: 0
  [LU] n=924 kutta=1 min|U_ii|=0.0049059 max|U_ii|=111026 ratio=4.41868e-08 pivots<1e-12: 0
  [LU] n=2520 kutta=1 min|U_ii|=0.0445846 max|U_ii|=6061.07 ratio=7.3559e-06 pivots<1e-12: 0
  [LU] n=924 kutta=1 min|U_ii|=0.00354299 max|U_ii|=195565 ratio=1.81167e-08 pivots<1e-12: 0
  [LU] n=924 kutta=1 min|U_ii|=0.00354299 max|U_ii|=195565 ratio=1.81167e-08 pivots<1e-12: 0
  [LU] n=924 kutta=1 min|U_ii|=0.0049059 max|U_ii|=111026 ratio=4.41868e-08 pivots<1e-12: 0
  [LU] n=2520 kutta=1 min|U_ii|=0.0445846 max|U_ii|=6061.07 ratio=7.3559e-06 pivots<1e-12: 0
  [LU] n=924 kutta=1 min|U_ii|=0.00354299 max|U_ii|=195565 ratio=1.81167e-08 pivots<1e-12: 0
  [LU] n=924 kutta=1 min|U_ii|=0.00354299 max|U_ii|=195565 ratio=1.81167e-08 pivots<1e-12: 0
  [LU] n=924 kutta=1 min|U_ii|=0.0049059 max|U_ii|=111026 ratio=4.41868e-08 pivots<1e-12: 0
  [LU] n=2520 kutta=1 min|U_ii|=0.0445846 max|U_ii|=6061.07 ratio=7.3559e-06 pivots<1e-12: 0
  [LU] n=924 kutta=1 min|U_ii|=0.00354299 max|U_ii|=195565 ratio=1.81167e-08 pivots<1e-12: 0
  [LU] n=924 kutta=1 min|U_ii|=0.00354299 max|U_ii|=195565 ratio=1.81167e-08 pivots<1e-12: 0
  [LU] n=924 kutta=1 min|U_ii|=0.0049059 max|U_ii|=111026 ratio=4.41868e-08 pivots<1e-12: 0
  [LU] n=2520 kutta=1 min|U_ii|=0.0445846 max|U_ii|=6061.07 ratio=7.3559e-06 pivots<1e-12: 0
  [LU] n=924 kutta=1 min|U_ii|=0.00354299 max|U_ii|=195565 ratio=1.81167e-08 pivots<1e-12: 0
  [LU] n=924 kutta=1 min|U_ii|=0.00354299 max|U_ii|=195565 ratio=1.81167e-08 pivots<1e-12: 0
  [LU] n=924 kutta=1 min|U_ii|=0.0049059 max|U_ii|=111026 ratio=4.41868e-08 pivots<1e-12: 0
  [LU] n=2520 kutta=1 min|U_ii|=0.0445846 max|U_ii|=6061.07 ratio=7.3559e-06 pivots<1e-12: 0
  [LU] n=924 kutta=1 min|U_ii|=0.00354299 max|U_ii|=195565 ratio=1.81167e-08 pivots<1e-12: 0
  [LU] n=924 kutta=1 min|U_ii|=0.00354299 max|U_ii|=195565 ratio=1.81167e-08 pivots<1e-12: 0
  [LU] n=924 kutta=1 min|U_ii|=0.0049059 max|U_ii|=111026 ratio=4.41868e-08 pivots<1e-12: 0
  [LU] n=2520 kutta=1 min|U_ii|=0.0445846 max|U_ii|=6061.07 ratio=7.3559e-06 pivots<1e-12: 0
  [LU] n=924 kutta=1 min|U_ii|=0.00354299 max|U_ii|=195565 ratio=1.81167e-08 pivots<1e-12: 0
  [LU] n=924 kutta=1 min|U_ii|=0.00354299 max|U_ii|=195565 ratio=1.81167e-08 pivots<1e-12: 0
  [LU] n=924 kutta=1 min|U_ii|=0.0049059 max|U_ii|=111026 ratio=4.41868e-08 pivots<1e-12: 0
  [LU] n=2520 kutta=1 min|U_ii|=0.0445846 max|U_ii|=6061.07 ratio=7.3559e-06 pivots<1e-12: 0
  [LU] n=924 kutta=1 min|U_ii|=0.00354299 max|U_ii|=195565 ratio=1.81167e-08 pivots<1e-12: 0
  [LU] n=924 kutta=1 min|U_ii|=0.00354299 max|U_ii|=195565 ratio=1.81167e-08 pivots<1e-12: 0
  [LU] n=924 kutta=1 min|U_ii|=0.0049059 max|U_ii|=111026 ratio=4.41868e-08 pivots<1e-12: 0
  [LU] n=2520 kutta=1 min|U_ii|=0.0445846 max|U_ii|=6061.07 ratio=7.3559e-06 pivots<1e-12: 0
  [LU] n=924 kutta=1 min|U_ii|=0.00354299 max|U_ii|=195565 ratio=1.81167e-08 pivots<1e-12: 0
  [LU] n=924 kutta=1 min|U_ii|=0.00354299 max|U_ii|=195565 ratio=1.81167e-08 pivots<1e-12: 0
  [LU] n=924 kutta=1 min|U_ii|=0.0049059 max|U_ii|=111026 ratio=4.41868e-08 pivots<1e-12: 0
  [LU] n=2520 kutta=1 min|U_ii|=0.0445846 max|U_ii|=6061.07 ratio=7.3559e-06 pivots<1e-12: 0
  [LU] n=924 kutta=1 min|U_ii|=0.00354299 max|U_ii|=195565 ratio=1.81167e-08 pivots<1e-12: 0
  [LU] n=924 kutta=1 min|U_ii|=0.00354299 max|U_ii|=195565 ratio=1.81167e-08 pivots<1e-12: 0
  [LU] n=924 kutta=1 min|U_ii|=0.0049059 max|U_ii|=111026 ratio=4.41868e-08 pivots<1e-12: 0
  [LU] n=2520 kutta=1 min|U_ii|=0.0445846 max|U_ii|=6061.07 ratio=7.3559e-06 pivots<1e-12: 0
  [LU] n=924 kutta=1 min|U_ii|=0.00354299 max|U_ii|=195565 ratio=1.81167e-08 pivots<1e-12: 0
  [LU] n=924 kutta=1 min|U_ii|=0.00354299 max|U_ii|=195565 ratio=1.81167e-08 pivots<1e-12: 0
  [LU] n=924 kutta=1 min|U_ii|=0.0049059 max|U_ii|=111026 ratio=4.41868e-08 pivots<1e-12: 0
  [LU] n=2520 kutta=1 min|U_ii|=0.0445846 max|U_ii|=6061.07 ratio=7.3559e-06 pivots<1e-12: 0
  [LU] n=924 kutta=1 min|U_ii|=0.00354299 max|U_ii|=195565 ratio=1.81167e-08 pivots<1e-12: 0
  [LU] n=924 kutta=1 min|U_ii|=0.00354299 max|U_ii|=195565 ratio=1.81167e-08 pivots<1e-12: 0
  [LU] n=924 kutta=1 min|U_ii|=0.0049059 max|U_ii|=111026 ratio=4.41868e-08 pivots<1e-12: 0
  [LU] n=2520 kutta=1 min|U_ii|=0.0445846 max|U_ii|=6061.07 ratio=7.3559e-06 pivots<1e-12: 0
  [LU] n=924 kutta=1 min|U_ii|=0.00354299 max|U_ii|=195565 ratio=1.81167e-08 pivots<1e-12: 0
  [LU] n=924 kutta=1 min|U_ii|=0.00354299 max|U_ii|=195565 ratio=1.81167e-08 pivots<1e-12: 0
  [LU] n=924 kutta=1 min|U_ii|=0.0049059 max|U_ii|=111026 ratio=4.41868e-08 pivots<1e-12: 0
  [LU] n=2520 kutta=1 min|U_ii|=0.0445846 max|U_ii|=6061.07 ratio=7.3559e-06 pivots<1e-12: 0
  [LU] n=924 kutta=1 min|U_ii|=0.00354299 max|U_ii|=195565 ratio=1.81167e-08 pivots<1e-12: 0
  [LU] n=924 kutta=1 min|U_ii|=0.00354299 max|U_ii|=195565 ratio=1.81167e-08 pivots<1e-12: 0
  [LU] n=924 kutta=1 min|U_ii|=0.0049059 max|U_ii|=111026 ratio=4.41868e-08 pivots<1e-12: 0
  [LU] n=2520 kutta=1 min|U_ii|=0.0445846 max|U_ii|=6061.07 ratio=7.3559e-06 pivots<1e-12: 0
  [LU] n=924 kutta=1 min|U_ii|=0.00354299 max|U_ii|=195565 ratio=1.81167e-08 pivots<1e-12: 0
  [LU] n=924 kutta=1 min|U_ii|=0.00354299 max|U_ii|=195565 ratio=1.81167e-08 pivots<1e-12: 0
  [LU] n=924 kutta=1 min|U_ii|=0.0049059 max|U_ii|=111026 ratio=4.41868e-08 pivots<1e-12: 0
  [LU] n=2520 kutta=1 min|U_ii|=0.0445846 max|U_ii|=6061.07 ratio=7.3559e-06 pivots<1e-12: 0
  [LU] n=924 kutta=1 min|U_ii|=0.00354299 max|U_ii|=195565 ratio=1.81167e-08 pivots<1e-12: 0
  [LU] n=924 kutta=1 min|U_ii|=0.00354299 max|U_ii|=195565 ratio=1.81167e-08 pivots<1e-12: 0
  [LU] n=924 kutta=1 min|U_ii|=0.0049059 max|U_ii|=111026 ratio=4.41868e-08 pivots<1e-12: 0
  [LU] n=2520 kutta=1 min|U_ii|=0.0445846 max|U_ii|=6061.07 ratio=7.3559e-06 pivots<1e-12: 0
  [LU] n=924 kutta=1 min|U_ii|=0.00354299 max|U_ii|=195565 ratio=1.81167e-08 pivots<1e-12: 0
  [LU] n=924 kutta=1 min|U_ii|=0.00354299 max|U_ii|=195565 ratio=1.81167e-08 pivots<1e-12: 0
  [LU] n=924 kutta=1 min|U_ii|=0.0049059 max|U_ii|=111026 ratio=4.41868e-08 pivots<1e-12: 0
  [LU] n=2520 kutta=1 min|U_ii|=0.0445846 max|U_ii|=6061.07 ratio=7.3559e-06 pivots<1e-12: 0
  [LU] n=924 kutta=1 min|U_ii|=0.00354299 max|U_ii|=195565 ratio=1.81167e-08 pivots<1e-12: 0
  [LU] n=924 kutta=1 min|U_ii|=0.00354299 max|U_ii|=195565 ratio=1.81167e-08 pivots<1e-12: 0
  [LU] n=924 kutta=1 min|U_ii|=0.0049059 max|U_ii|=111026 ratio=4.41868e-08 pivots<1e-12: 0
  [LU] n=2520 kutta=1 min|U_ii|=0.0445846 max|U_ii|=6061.07 ratio=7.3559e-06 pivots<1e-12: 0
  [LU] n=924 kutta=1 min|U_ii|=0.00354299 max|U_ii|=195565 ratio=1.81167e-08 pivots<1e-12: 0
  [LU] n=924 kutta=1 min|U_ii|=0.00354299 max|U_ii|=195565 ratio=1.81167e-08 pivots<1e-12: 0
  [LU] n=924 kutta=1 min|U_ii|=0.0049059 max|U_ii|=111026 ratio=4.41868e-08 pivots<1e-12: 0
  [LU] n=2520 kutta=1 min|U_ii|=0.0445846 max|U_ii|=6061.07 ratio=7.3559e-06 pivots<1e-12: 0
  [LU] n=924 kutta=1 min|U_ii|=0.00354299 max|U_ii|=195565 ratio=1.81167e-08 pivots<1e-12: 0
  [LU] n=924 kutta=1 min|U_ii|=0.00354299 max|U_ii|=195565 ratio=1.81167e-08 pivots<1e-12: 0
  [LU] n=924 kutta=1 min|U_ii|=0.0049059 max|U_ii|=111026 ratio=4.41868e-08 pivots<1e-12: 0
  [LU] n=2520 kutta=1 min|U_ii|=0.0445846 max|U_ii|=6061.07 ratio=7.3559e-06 pivots<1e-12: 0
  [LU] n=924 kutta=1 min|U_ii|=0.00354299 max|U_ii|=195565 ratio=1.81167e-08 pivots<1e-12: 0
  [LU] n=924 kutta=1 min|U_ii|=0.00354299 max|U_ii|=195565 ratio=1.81167e-08 pivots<1e-12: 0
  [LU] n=924 kutta=1 min|U_ii|=0.0049059 max|U_ii|=111026 ratio=4.41868e-08 pivots<1e-12: 0
  [LU] n=2520 kutta=1 min|U_ii|=0.0445846 max|U_ii|=6061.07 ratio=7.3559e-06 pivots<1e-12: 0
  [LU] n=924 kutta=1 min|U_ii|=0.00354299 max|U_ii|=195565 ratio=1.81167e-08 pivots<1e-12: 0
  [LU] n=924 kutta=1 min|U_ii|=0.00354299 max|U_ii|=195565 ratio=1.81167e-08 pivots<1e-12: 0
  [LU] n=924 kutta=1 min|U_ii|=0.0049059 max|U_ii|=111026 ratio=4.41868e-08 pivots<1e-12: 0
  [LU] n=2520 kutta=1 min|U_ii|=0.0445846 max|U_ii|=6061.07 ratio=7.3559e-06 pivots<1e-12: 0
  [LU] n=924 kutta=1 min|U_ii|=0.00354299 max|U_ii|=195565 ratio=1.81167e-08 pivots<1e-12: 0
  [LU] n=924 kutta=1 min|U_ii|=0.00354299 max|U_ii|=195565 ratio=1.81167e-08 pivots<1e-12: 0
  [LU] n=924 kutta=1 min|U_ii|=0.0049059 max|U_ii|=111026 ratio=4.41868e-08 pivots<1e-12: 0
  [LU] n=2520 kutta=1 min|U_ii|=0.0445846 max|U_ii|=6061.07 ratio=7.3559e-06 pivots<1e-12: 0
  [LU] n=924 kutta=1 min|U_ii|=0.00354299 max|U_ii|=195565 ratio=1.81167e-08 pivots<1e-12: 0
  [LU] n=924 kutta=1 min|U_ii|=0.00354299 max|U_ii|=195565 ratio=1.81167e-08 pivots<1e-12: 0
  [LU] n=924 kutta=1 min|U_ii|=0.0049059 max|U_ii|=111026 ratio=4.41868e-08 pivots<1e-12: 0
  [LU] n=2520 kutta=1 min|U_ii|=0.0445846 max|U_ii|=6061.07 ratio=7.3559e-06 pivots<1e-12: 0
  [LU] n=924 kutta=1 min|U_ii|=0.00354299 max|U_ii|=195565 ratio=1.81167e-08 pivots<1e-12: 0
  [LU] n=924 kutta=1 min|U_ii|=0.00354299 max|U_ii|=195565 ratio=1.81167e-08 pivots<1e-12: 0
  [LU] n=924 kutta=1 min|U_ii|=0.0049059 max|U_ii|=111026 ratio=4.41868e-08 pivots<1e-12: 0
  [LU] n=2520 kutta=1 min|U_ii|=0.0445846 max|U_ii|=6061.07 ratio=7.3559e-06 pivots<1e-12: 0
  [LU] n=924 kutta=1 min|U_ii|=0.00354299 max|U_ii|=195565 ratio=1.81167e-08 pivots<1e-12: 0
  [LU] n=924 kutta=1 min|U_ii|=0.00354299 max|U_ii|=195565 ratio=1.81167e-08 pivots<1e-12: 0
  [LU] n=924 kutta=1 min|U_ii|=0.0049059 max|U_ii|=111026 ratio=4.41868e-08 pivots<1e-12: 0
  [LU] n=2520 kutta=1 min|U_ii|=0.0445846 max|U_ii|=6061.07 ratio=7.3559e-06 pivots<1e-12: 0
  [LU] n=924 kutta=1 min|U_ii|=0.00354299 max|U_ii|=195565 ratio=1.81167e-08 pivots<1e-12: 0
  [LU] n=924 kutta=1 min|U_ii|=0.00354299 max|U_ii|=195565 ratio=1.81167e-08 pivots<1e-12: 0
  [LU] n=924 kutta=1 min|U_ii|=0.0049059 max|U_ii|=111026 ratio=4.41868e-08 pivots<1e-12: 0
  [LU] n=2520 kutta=1 min|U_ii|=0.0445846 max|U_ii|=6061.07 ratio=7.3559e-06 pivots<1e-12: 0
  [LU] n=924 kutta=1 min|U_ii|=0.00354299 max|U_ii|=195565 ratio=1.81167e-08 pivots<1e-12: 0
  [LU] n=924 kutta=1 min|U_ii|=0.00354299 max|U_ii|=195565 ratio=1.81167e-08 pivots<1e-12: 0
  [LU] n=924 kutta=1 min|U_ii|=0.0049059 max|U_ii|=111026 ratio=4.41868e-08 pivots<1e-12: 0
  [LU] n=2520 kutta=1 min|U_ii|=0.0445846 max|U_ii|=6061.07 ratio=7.3559e-06 pivots<1e-12: 0
  [LU] n=924 kutta=1 min|U_ii|=0.00354299 max|U_ii|=195565 ratio=1.81167e-08 pivots<1e-12: 0
  [LU] n=924 kutta=1 min|U_ii|=0.00354299 max|U_ii|=195565 ratio=1.81167e-08 pivots<1e-12: 0
  [LU] n=924 kutta=1 min|U_ii|=0.0049059 max|U_ii|=111026 ratio=4.41868e-08 pivots<1e-12: 0
  [LU] n=2520 kutta=1 min|U_ii|=0.0445846 max|U_ii|=6061.07 ratio=7.3559e-06 pivots<1e-12: 0
  [LU] n=924 kutta=1 min|U_ii|=0.00354299 max|U_ii|=195565 ratio=1.81167e-08 pivots<1e-12: 0
  [LU] n=924 kutta=1 min|U_ii|=0.00354299 max|U_ii|=195565 ratio=1.81167e-08 pivots<1e-12: 0
  [LU] n=924 kutta=1 min|U_ii|=0.0049059 max|U_ii|=111026 ratio=4.41868e-08 pivots<1e-12: 0
  [LU] n=2520 kutta=1 min|U_ii|=0.0445846 max|U_ii|=6061.07 ratio=7.3559e-06 pivots<1e-12: 0
  [LU] n=924 kutta=1 min|U_ii|=0.00354299 max|U_ii|=195565 ratio=1.81167e-08 pivots<1e-12: 0
  [LU] n=924 kutta=1 min|U_ii|=0.00354299 max|U_ii|=195565 ratio=1.81167e-08 pivots<1e-12: 0
  [LU] n=924 kutta=1 min|U_ii|=0.0049059 max|U_ii|=111026 ratio=4.41868e-08 pivots<1e-12: 0
  [LU] n=2520 kutta=1 min|U_ii|=0.0445846 max|U_ii|=6061.07 ratio=7.3559e-06 pivots<1e-12: 0
  [LU] n=924 kutta=1 min|U_ii|=0.00354299 max|U_ii|=195565 ratio=1.81167e-08 pivots<1e-12: 0
  [LU] n=924 kutta=1 min|U_ii|=0.00354299 max|U_ii|=195565 ratio=1.81167e-08 pivots<1e-12: 0
  [LU] n=924 kutta=1 min|U_ii|=0.0049059 max|U_ii|=111026 ratio=4.41868e-08 pivots<1e-12: 0
  [LU] n=2520 kutta=1 min|U_ii|=0.0445846 max|U_ii|=6061.07 ratio=7.3559e-06 pivots<1e-12: 0
  [LU] n=924 kutta=1 min|U_ii|=0.00354299 max|U_ii|=195565 ratio=1.81167e-08 pivots<1e-12: 0
  [LU] n=924 kutta=1 min|U_ii|=0.00354299 max|U_ii|=195565 ratio=1.81167e-08 pivots<1e-12: 0
  [LU] n=924 kutta=1 min|U_ii|=0.0049059 max|U_ii|=111026 ratio=4.41868e-08 pivots<1e-12: 0
  [LU] n=2520 kutta=1 min|U_ii|=0.0445846 max|U_ii|=6061.07 ratio=7.3559e-06 pivots<1e-12: 0
  [LU] n=924 kutta=1 min|U_ii|=0.00354299 max|U_ii|=195565 ratio=1.81167e-08 pivots<1e-12: 0
  [LU] n=924 kutta=1 min|U_ii|=0.00354299 max|U_ii|=195565 ratio=1.81167e-08 pivots<1e-12: 0
  [LU] n=924 kutta=1 min|U_ii|=0.0049059 max|U_ii|=111026 ratio=4.41868e-08 pivots<1e-12: 0
  [LU] n=2520 kutta=1 min|U_ii|=0.0445846 max|U_ii|=6061.07 ratio=7.3559e-06 pivots<1e-12: 0
  [LU] n=924 kutta=1 min|U_ii|=0.00354299 max|U_ii|=195565 ratio=1.81167e-08 pivots<1e-12: 0
  [LU] n=924 kutta=1 min|U_ii|=0.00354299 max|U_ii|=195565 ratio=1.81167e-08 pivots<1e-12: 0
  [LU] n=924 kutta=1 min|U_ii|=0.0049059 max|U_ii|=111026 ratio=4.41868e-08 pivots<1e-12: 0
  [LU] n=2520 kutta=1 min|U_ii|=0.0445846 max|U_ii|=6061.07 ratio=7.3559e-06 pivots<1e-12: 0
  [LU] n=924 kutta=1 min|U_ii|=0.00354299 max|U_ii|=195565 ratio=1.81167e-08 pivots<1e-12: 0
  [LU] n=924 kutta=1 min|U_ii|=0.00354299 max|U_ii|=195565 ratio=1.81167e-08 pivots<1e-12: 0
  [LU] n=924 kutta=1 min|U_ii|=0.0049059 max|U_ii|=111026 ratio=4.41868e-08 pivots<1e-12: 0
  [LU] n=2520 kutta=1 min|U_ii|=0.0445846 max|U_ii|=6061.07 ratio=7.3559e-06 pivots<1e-12: 0
  [LU] n=924 kutta=1 min|U_ii|=0.00354299 max|U_ii|=195565 ratio=1.81167e-08 pivots<1e-12: 0
  [LU] n=924 kutta=1 min|U_ii|=0.00354299 max|U_ii|=195565 ratio=1.81167e-08 pivots<1e-12: 0
  [LU] n=924 kutta=1 min|U_ii|=0.0049059 max|U_ii|=111026 ratio=4.41868e-08 pivots<1e-12: 0
  [LU] n=2520 kutta=1 min|U_ii|=0.0445846 max|U_ii|=6061.07 ratio=7.3559e-06 pivots<1e-12: 0
  [LU] n=924 kutta=1 min|U_ii|=0.00354299 max|U_ii|=195565 ratio=1.81167e-08 pivots<1e-12: 0
  [LU] n=924 kutta=1 min|U_ii|=0.00354299 max|U_ii|=195565 ratio=1.81167e-08 pivots<1e-12: 0
  [LU] n=924 kutta=1 min|U_ii|=0.0049059 max|U_ii|=111026 ratio=4.41868e-08 pivots<1e-12: 0
  [LU] n=2520 kutta=1 min|U_ii|=0.0445846 max|U_ii|=6061.07 ratio=7.3559e-06 pivots<1e-12: 0
  [LU] n=924 kutta=1 min|U_ii|=0.00354299 max|U_ii|=195565 ratio=1.81167e-08 pivots<1e-12: 0
  [LU] n=924 kutta=1 min|U_ii|=0.00354299 max|U_ii|=195565 ratio=1.81167e-08 pivots<1e-12: 0
  [LU] n=924 kutta=1 min|U_ii|=0.0049059 max|U_ii|=111026 ratio=4.41868e-08 pivots<1e-12: 0
  [LU] n=2520 kutta=1 min|U_ii|=0.0445846 max|U_ii|=6061.07 ratio=7.3559e-06 pivots<1e-12: 0
  [LU] n=924 kutta=1 min|U_ii|=0.00354299 max|U_ii|=195565 ratio=1.81167e-08 pivots<1e-12: 0
  [LU] n=924 kutta=1 min|U_ii|=0.00354299 max|U_ii|=195565 ratio=1.81167e-08 pivots<1e-12: 0
  [LU] n=924 kutta=1 min|U_ii|=0.0049059 max|U_ii|=111026 ratio=4.41868e-08 pivots<1e-12: 0
  [LU] n=2520 kutta=1 min|U_ii|=0.0445846 max|U_ii|=6061.07 ratio=7.3559e-06 pivots<1e-12: 0
  [LU] n=924 kutta=1 min|U_ii|=0.00354299 max|U_ii|=195565 ratio=1.81167e-08 pivots<1e-12: 0
  [LU] n=924 kutta=1 min|U_ii|=0.00354299 max|U_ii|=195565 ratio=1.81167e-08 pivots<1e-12: 0
  [LU] n=924 kutta=1 min|U_ii|=0.0049059 max|U_ii|=111026 ratio=4.41868e-08 pivots<1e-12: 0
  [LU] n=2520 kutta=1 min|U_ii|=0.0445846 max|U_ii|=6061.07 ratio=7.3559e-06 pivots<1e-12: 0
  [LU] n=924 kutta=1 min|U_ii|=0.00354299 max|U_ii|=195565 ratio=1.81167e-08 pivots<1e-12: 0
  [LU] n=924 kutta=1 min|U_ii|=0.00354299 max|U_ii|=195565 ratio=1.81167e-08 pivots<1e-12: 0
  [LU] n=924 kutta=1 min|U_ii|=0.0049059 max|U_ii|=111026 ratio=4.41868e-08 pivots<1e-12: 0
  [LU] n=2520 kutta=1 min|U_ii|=0.0445846 max|U_ii|=6061.07 ratio=7.3559e-06 pivots<1e-12: 0
  [LU] n=924 kutta=1 min|U_ii|=0.00354299 max|U_ii|=195565 ratio=1.81167e-08 pivots<1e-12: 0
  [LU] n=924 kutta=1 min|U_ii|=0.00354299 max|U_ii|=195565 ratio=1.81167e-08 pivots<1e-12: 0
  [LU] n=924 kutta=1 min|U_ii|=0.0049059 max|U_ii|=111026 ratio=4.41868e-08 pivots<1e-12: 0
  [LU] n=2520 kutta=1 min|U_ii|=0.0445846 max|U_ii|=6061.07 ratio=7.3559e-06 pivots<1e-12: 0
  [LU] n=924 kutta=1 min|U_ii|=0.00354299 max|U_ii|=195565 ratio=1.81167e-08 pivots<1e-12: 0
  [LU] n=924 kutta=1 min|U_ii|=0.00354299 max|U_ii|=195565 ratio=1.81167e-08 pivots<1e-12: 0
  [LU] n=924 kutta=1 min|U_ii|=0.0049059 max|U_ii|=111026 ratio=4.41868e-08 pivots<1e-12: 0
  [LU] n=2520 kutta=1 min|U_ii|=0.0445846 max|U_ii|=6061.07 ratio=7.3559e-06 pivots<1e-12: 0
  [LU] n=924 kutta=1 min|U_ii|=0.00354299 max|U_ii|=195565 ratio=1.81167e-08 pivots<1e-12: 0
  [LU] n=924 kutta=1 min|U_ii|=0.00354299 max|U_ii|=195565 ratio=1.81167e-08 pivots<1e-12: 0
  [LU] n=924 kutta=1 min|U_ii|=0.0049059 max|U_ii|=111026 ratio=4.41868e-08 pivots<1e-12: 0
  [LU] n=2520 kutta=1 min|U_ii|=0.0445846 max|U_ii|=6061.07 ratio=7.3559e-06 pivots<1e-12: 0
  [LU] n=924 kutta=1 min|U_ii|=0.00354299 max|U_ii|=195565 ratio=1.81167e-08 pivots<1e-12: 0
  [LU] n=924 kutta=1 min|U_ii|=0.00354299 max|U_ii|=195565 ratio=1.81167e-08 pivots<1e-12: 0
  [LU] n=924 kutta=1 min|U_ii|=0.0049059 max|U_ii|=111026 ratio=4.41868e-08 pivots<1e-12: 0
  [LU] n=2520 kutta=1 min|U_ii|=0.0445846 max|U_ii|=6061.07 ratio=7.3559e-06 pivots<1e-12: 0
  [LU] n=924 kutta=1 min|U_ii|=0.00354299 max|U_ii|=195565 ratio=1.81167e-08 pivots<1e-12: 0
  [LU] n=924 kutta=1 min|U_ii|=0.00354299 max|U_ii|=195565 ratio=1.81167e-08 pivots<1e-12: 0
  [LU] n=924 kutta=1 min|U_ii|=0.0049059 max|U_ii|=111026 ratio=4.41868e-08 pivots<1e-12: 0
  [LU] n=2520 kutta=1 min|U_ii|=0.0445846 max|U_ii|=6061.07 ratio=7.3559e-06 pivots<1e-12: 0
  [LU] n=924 kutta=1 min|U_ii|=0.00354299 max|U_ii|=195565 ratio=1.81167e-08 pivots<1e-12: 0
  [LU] n=924 kutta=1 min|U_ii|=0.00354299 max|U_ii|=195565 ratio=1.81167e-08 pivots<1e-12: 0
  [LU] n=924 kutta=1 min|U_ii|=0.0049059 max|U_ii|=111026 ratio=4.41868e-08 pivots<1e-12: 0
  [LU] n=2520 kutta=1 min|U_ii|=0.0445846 max|U_ii|=6061.07 ratio=7.3559e-06 pivots<1e-12: 0
  [LU] n=924 kutta=1 min|U_ii|=0.00354299 max|U_ii|=195565 ratio=1.81167e-08 pivots<1e-12: 0
  [LU] n=924 kutta=1 min|U_ii|=0.00354299 max|U_ii|=195565 ratio=1.81167e-08 pivots<1e-12: 0
  [LU] n=924 kutta=1 min|U_ii|=0.0049059 max|U_ii|=111026 ratio=4.41868e-08 pivots<1e-12: 0
  [LU] n=2520 kutta=1 min|U_ii|=0.0445846 max|U_ii|=6061.07 ratio=7.3559e-06 pivots<1e-12: 0
  [LU] n=924 kutta=1 min|U_ii|=0.00354299 max|U_ii|=195565 ratio=1.81167e-08 pivots<1e-12: 0
  [LU] n=924 kutta=1 min|U_ii|=0.00354299 max|U_ii|=195565 ratio=1.81167e-08 pivots<1e-12: 0
  [LU] n=924 kutta=1 min|U_ii|=0.0049059 max|U_ii|=111026 ratio=4.41868e-08 pivots<1e-12: 0
  [LU] n=2520 kutta=1 min|U_ii|=0.0445846 max|U_ii|=6061.07 ratio=7.3559e-06 pivots<1e-12: 0
  [LU] n=924 kutta=1 min|U_ii|=0.00354299 max|U_ii|=195565 ratio=1.81167e-08 pivots<1e-12: 0
  [LU] n=924 kutta=1 min|U_ii|=0.00354299 max|U_ii|=195565 ratio=1.81167e-08 pivots<1e-12: 0
  [LU] n=924 kutta=1 min|U_ii|=0.0049059 max|U_ii|=111026 ratio=4.41868e-08 pivots<1e-12: 0
  [LU] n=2520 kutta=1 min|U_ii|=0.0445846 max|U_ii|=6061.07 ratio=7.3559e-06 pivots<1e-12: 0
  [LU] n=924 kutta=1 min|U_ii|=0.00354299 max|U_ii|=195565 ratio=1.81167e-08 pivots<1e-12: 0
  [LU] n=924 kutta=1 min|U_ii|=0.00354299 max|U_ii|=195565 ratio=1.81167e-08 pivots<1e-12: 0
  [LU] n=924 kutta=1 min|U_ii|=0.0049059 max|U_ii|=111026 ratio=4.41868e-08 pivots<1e-12: 0
  [LU] n=2520 kutta=1 min|U_ii|=0.0445846 max|U_ii|=6061.07 ratio=7.3559e-06 pivots<1e-12: 0
  [LU] n=924 kutta=1 min|U_ii|=0.00354299 max|U_ii|=195565 ratio=1.81167e-08 pivots<1e-12: 0
  [LU] n=924 kutta=1 min|U_ii|=0.00354299 max|U_ii|=195565 ratio=1.81167e-08 pivots<1e-12: 0
  [LU] n=924 kutta=1 min|U_ii|=0.0049059 max|U_ii|=111026 ratio=4.41868e-08 pivots<1e-12: 0
  [LU] n=2520 kutta=1 min|U_ii|=0.0445846 max|U_ii|=6061.07 ratio=7.3559e-06 pivots<1e-12: 0
  [LU] n=924 kutta=1 min|U_ii|=0.00354299 max|U_ii|=195565 ratio=1.81167e-08 pivots<1e-12: 0
  [LU] n=924 kutta=1 min|U_ii|=0.00354299 max|U_ii|=195565 ratio=1.81167e-08 pivots<1e-12: 0
  [LU] n=924 kutta=1 min|U_ii|=0.0049059 max|U_ii|=111026 ratio=4.41868e-08 pivots<1e-12: 0
  [LU] n=2520 kutta=1 min|U_ii|=0.0445846 max|U_ii|=6061.07 ratio=7.3559e-06 pivots<1e-12: 0
  [LU] n=924 kutta=1 min|U_ii|=0.00354299 max|U_ii|=195565 ratio=1.81167e-08 pivots<1e-12: 0
  [LU] n=924 kutta=1 min|U_ii|=0.00354299 max|U_ii|=195565 ratio=1.81167e-08 pivots<1e-12: 0
  [LU] n=924 kutta=1 min|U_ii|=0.0049059 max|U_ii|=111026 ratio=4.41868e-08 pivots<1e-12: 0
  [LU] n=2520 kutta=1 min|U_ii|=0.0445846 max|U_ii|=6061.07 ratio=7.3559e-06 pivots<1e-12: 0
  [LU] n=924 kutta=1 min|U_ii|=0.00354299 max|U_ii|=195565 ratio=1.81167e-08 pivots<1e-12: 0
  [LU] n=924 kutta=1 min|U_ii|=0.00354299 max|U_ii|=195565 ratio=1.81167e-08 pivots<1e-12: 0
  [LU] n=924 kutta=1 min|U_ii|=0.0049059 max|U_ii|=111026 ratio=4.41868e-08 pivots<1e-12: 0
  [LU] n=2520 kutta=1 min|U_ii|=0.0445846 max|U_ii|=6061.07 ratio=7.3559e-06 pivots<1e-12: 0
  [LU] n=924 kutta=1 min|U_ii|=0.00354299 max|U_ii|=195565 ratio=1.81167e-08 pivots<1e-12: 0
  [LU] n=924 kutta=1 min|U_ii|=0.00354299 max|U_ii|=195565 ratio=1.81167e-08 pivots<1e-12: 0
  [LU] n=924 kutta=1 min|U_ii|=0.0049059 max|U_ii|=111026 ratio=4.41868e-08 pivots<1e-12: 0
  [LU] n=2520 kutta=1 min|U_ii|=0.0445846 max|U_ii|=6061.07 ratio=7.3559e-06 pivots<1e-12: 0
  [LU] n=924 kutta=1 min|U_ii|=0.00354299 max|U_ii|=195565 ratio=1.81167e-08 pivots<1e-12: 0
  [LU] n=924 kutta=1 min|U_ii|=0.00354299 max|U_ii|=195565 ratio=1.81167e-08 pivots<1e-12: 0
  [LU] n=924 kutta=1 min|U_ii|=0.0049059 max|U_ii|=111026 ratio=4.41868e-08 pivots<1e-12: 0
  [LU] n=2520 kutta=1 min|U_ii|=0.0445846 max|U_ii|=6061.07 ratio=7.3559e-06 pivots<1e-12: 0
  [LU] n=924 kutta=1 min|U_ii|=0.00354299 max|U_ii|=195565 ratio=1.81167e-08 pivots<1e-12: 0
  [LU] n=924 kutta=1 min|U_ii|=0.00354299 max|U_ii|=195565 ratio=1.81167e-08 pivots<1e-12: 0
  [LU] n=924 kutta=1 min|U_ii|=0.0049059 max|U_ii|=111026 ratio=4.41868e-08 pivots<1e-12: 0
  [LU] n=2520 kutta=1 min|U_ii|=0.0445846 max|U_ii|=6061.07 ratio=7.3559e-06 pivots<1e-12: 0
  [LU] n=924 kutta=1 min|U_ii|=0.00354299 max|U_ii|=195565 ratio=1.81167e-08 pivots<1e-12: 0
  [LU] n=924 kutta=1 min|U_ii|=0.00354299 max|U_ii|=195565 ratio=1.81167e-08 pivots<1e-12: 0
  [LU] n=924 kutta=1 min|U_ii|=0.0049059 max|U_ii|=111026 ratio=4.41868e-08 pivots<1e-12: 0
  [LU] n=2520 kutta=1 min|U_ii|=0.0445846 max|U_ii|=6061.07 ratio=7.3559e-06 pivots<1e-12: 0
  [LU] n=924 kutta=1 min|U_ii|=0.00354299 max|U_ii|=195565 ratio=1.81167e-08 pivots<1e-12: 0
  [LU] n=924 kutta=1 min|U_ii|=0.00354299 max|U_ii|=195565 ratio=1.81167e-08 pivots<1e-12: 0
  [LU] n=924 kutta=1 min|U_ii|=0.0049059 max|U_ii|=111026 ratio=4.41868e-08 pivots<1e-12: 0
  [LU] n=2520 kutta=1 min|U_ii|=0.0445846 max|U_ii|=6061.07 ratio=7.3559e-06 pivots<1e-12: 0
  [LU] n=924 kutta=1 min|U_ii|=0.00354299 max|U_ii|=195565 ratio=1.81167e-08 pivots<1e-12: 0
  [LU] n=924 kutta=1 min|U_ii|=0.00354299 max|U_ii|=195565 ratio=1.81167e-08 pivots<1e-12: 0
  [LU] n=924 kutta=1 min|U_ii|=0.0049059 max|U_ii|=111026 ratio=4.41868e-08 pivots<1e-12: 0
  [LU] n=2520 kutta=1 min|U_ii|=0.0445846 max|U_ii|=6061.07 ratio=7.3559e-06 pivots<1e-12: 0
  [LU] n=924 kutta=1 min|U_ii|=0.00354299 max|U_ii|=195565 ratio=1.81167e-08 pivots<1e-12: 0
  [LU] n=924 kutta=1 min|U_ii|=0.00354299 max|U_ii|=195565 ratio=1.81167e-08 pivots<1e-12: 0
  [LU] n=924 kutta=1 min|U_ii|=0.0049059 max|U_ii|=111026 ratio=4.41868e-08 pivots<1e-12: 0
  [LU] n=2520 kutta=1 min|U_ii|=0.0445846 max|U_ii|=6061.07 ratio=7.3559e-06 pivots<1e-12: 0
  [LU] n=924 kutta=1 min|U_ii|=0.00354299 max|U_ii|=195565 ratio=1.81167e-08 pivots<1e-12: 0
  [LU] n=924 kutta=1 min|U_ii|=0.00354299 max|U_ii|=195565 ratio=1.81167e-08 pivots<1e-12: 0
  [LU] n=924 kutta=1 min|U_ii|=0.0049059 max|U_ii|=111026 ratio=4.41868e-08 pivots<1e-12: 0
  [LU] n=2520 kutta=1 min|U_ii|=0.0445846 max|U_ii|=6061.07 ratio=7.3559e-06 pivots<1e-12: 0
  [LU] n=924 kutta=1 min|U_ii|=0.00354299 max|U_ii|=195565 ratio=1.81167e-08 pivots<1e-12: 0
  [LU] n=924 kutta=1 min|U_ii|=0.00354299 max|U_ii|=195565 ratio=1.81167e-08 pivots<1e-12: 0
  [LU] n=924 kutta=1 min|U_ii|=0.0049059 max|U_ii|=111026 ratio=4.41868e-08 pivots<1e-12: 0
  [LU] n=2520 kutta=1 min|U_ii|=0.0445846 max|U_ii|=6061.07 ratio=7.3559e-06 pivots<1e-12: 0
  [LU] n=924 kutta=1 min|U_ii|=0.00354299 max|U_ii|=195565 ratio=1.81167e-08 pivots<1e-12: 0
  [LU] n=924 kutta=1 min|U_ii|=0.00354299 max|U_ii|=195565 ratio=1.81167e-08 pivots<1e-12: 0
  [LU] n=924 kutta=1 min|U_ii|=0.0049059 max|U_ii|=111026 ratio=4.41868e-08 pivots<1e-12: 0
  [LU] n=2520 kutta=1 min|U_ii|=0.0445846 max|U_ii|=6061.07 ratio=7.3559e-06 pivots<1e-12: 0
  [LU] n=924 kutta=1 min|U_ii|=0.00354299 max|U_ii|=195565 ratio=1.81167e-08 pivots<1e-12: 0
  [LU] n=924 kutta=1 min|U_ii|=0.00354299 max|U_ii|=195565 ratio=1.81167e-08 pivots<1e-12: 0
  [LU] n=924 kutta=1 min|U_ii|=0.0049059 max|U_ii|=111026 ratio=4.41868e-08 pivots<1e-12: 0
  [LU] n=2520 kutta=1 min|U_ii|=0.0445846 max|U_ii|=6061.07 ratio=7.3559e-06 pivots<1e-12: 0
  [LU] n=924 kutta=1 min|U_ii|=0.00354299 max|U_ii|=195565 ratio=1.81167e-08 pivots<1e-12: 0
  [LU] n=924 kutta=1 min|U_ii|=0.00354299 max|U_ii|=195565 ratio=1.81167e-08 pivots<1e-12: 0
  [LU] n=924 kutta=1 min|U_ii|=0.0049059 max|U_ii|=111026 ratio=4.41868e-08 pivots<1e-12: 0
  [LU] n=2520 kutta=1 min|U_ii|=0.0445846 max|U_ii|=6061.07 ratio=7.3559e-06 pivots<1e-12: 0
  [LU] n=924 kutta=1 min|U_ii|=0.00354299 max|U_ii|=195565 ratio=1.81167e-08 pivots<1e-12: 0
  [LU] n=924 kutta=1 min|U_ii|=0.00354299 max|U_ii|=195565 ratio=1.81167e-08 pivots<1e-12: 0
  [LU] n=924 kutta=1 min|U_ii|=0.0049059 max|U_ii|=111026 ratio=4.41868e-08 pivots<1e-12: 0
  [LU] n=2520 kutta=1 min|U_ii|=0.0445846 max|U_ii|=6061.07 ratio=7.3559e-06 pivots<1e-12: 0
  [LU] n=924 kutta=1 min|U_ii|=0.00354299 max|U_ii|=195565 ratio=1.81167e-08 pivots<1e-12: 0
  [LU] n=924 kutta=1 min|U_ii|=0.00354299 max|U_ii|=195565 ratio=1.81167e-08 pivots<1e-12: 0
  [LU] n=924 kutta=1 min|U_ii|=0.0049059 max|U_ii|=111026 ratio=4.41868e-08 pivots<1e-12: 0
  [LU] n=2520 kutta=1 min|U_ii|=0.0445846 max|U_ii|=6061.07 ratio=7.3559e-06 pivots<1e-12: 0
  [LU] n=924 kutta=1 min|U_ii|=0.00354299 max|U_ii|=195565 ratio=1.81167e-08 pivots<1e-12: 0
  [LU] n=924 kutta=1 min|U_ii|=0.00354299 max|U_ii|=195565 ratio=1.81167e-08 pivots<1e-12: 0
  [LU] n=924 kutta=1 min|U_ii|=0.0049059 max|U_ii|=111026 ratio=4.41868e-08 pivots<1e-12: 0
  [LU] n=2520 kutta=1 min|U_ii|=0.0445846 max|U_ii|=6061.07 ratio=7.3559e-06 pivots<1e-12: 0
  [LU] n=924 kutta=1 min|U_ii|=0.00354299 max|U_ii|=195565 ratio=1.81167e-08 pivots<1e-12: 0
  [LU] n=924 kutta=1 min|U_ii|=0.00354299 max|U_ii|=195565 ratio=1.81167e-08 pivots<1e-12: 0
  [LU] n=924 kutta=1 min|U_ii|=0.0049059 max|U_ii|=111026 ratio=4.41868e-08 pivots<1e-12: 0
  [LU] n=2520 kutta=1 min|U_ii|=0.0445846 max|U_ii|=6061.07 ratio=7.3559e-06 pivots<1e-12: 0
  [LU] n=924 kutta=1 min|U_ii|=0.00354299 max|U_ii|=195565 ratio=1.81167e-08 pivots<1e-12: 0
  [LU] n=924 kutta=1 min|U_ii|=0.00354299 max|U_ii|=195565 ratio=1.81167e-08 pivots<1e-12: 0
  [LU] n=924 kutta=1 min|U_ii|=0.0049059 max|U_ii|=111026 ratio=4.41868e-08 pivots<1e-12: 0
  [LU] n=2520 kutta=1 min|U_ii|=0.0445846 max|U_ii|=6061.07 ratio=7.3559e-06 pivots<1e-12: 0
  [LU] n=924 kutta=1 min|U_ii|=0.00354299 max|U_ii|=195565 ratio=1.81167e-08 pivots<1e-12: 0
  [LU] n=924 kutta=1 min|U_ii|=0.00354299 max|U_ii|=195565 ratio=1.81167e-08 pivots<1e-12: 0
  [LU] n=924 kutta=1 min|U_ii|=0.0049059 max|U_ii|=111026 ratio=4.41868e-08 pivots<1e-12: 0
  [LU] n=2520 kutta=1 min|U_ii|=0.0445846 max|U_ii|=6061.07 ratio=7.3559e-06 pivots<1e-12: 0
  [LU] n=924 kutta=1 min|U_ii|=0.00354299 max|U_ii|=195565 ratio=1.81167e-08 pivots<1e-12: 0
  [LU] n=924 kutta=1 min|U_ii|=0.00354299 max|U_ii|=195565 ratio=1.81167e-08 pivots<1e-12: 0
  [LU] n=924 kutta=1 min|U_ii|=0.0049059 max|U_ii|=111026 ratio=4.41868e-08 pivots<1e-12: 0
  [LU] n=2520 kutta=1 min|U_ii|=0.0445846 max|U_ii|=6061.07 ratio=7.3559e-06 pivots<1e-12: 0
  [LU] n=924 kutta=1 min|U_ii|=0.00354299 max|U_ii|=195565 ratio=1.81167e-08 pivots<1e-12: 0
  [LU] n=924 kutta=1 min|U_ii|=0.00354299 max|U_ii|=195565 ratio=1.81167e-08 pivots<1e-12: 0
  [LU] n=924 kutta=1 min|U_ii|=0.0049059 max|U_ii|=111026 ratio=4.41868e-08 pivots<1e-12: 0
  [LU] n=2520 kutta=1 min|U_ii|=0.0445846 max|U_ii|=6061.07 ratio=7.3559e-06 pivots<1e-12: 0
  [LU] n=924 kutta=1 min|U_ii|=0.00354299 max|U_ii|=195565 ratio=1.81167e-08 pivots<1e-12: 0
  [LU] n=924 kutta=1 min|U_ii|=0.00354299 max|U_ii|=195565 ratio=1.81167e-08 pivots<1e-12: 0
  [LU] n=924 kutta=1 min|U_ii|=0.0049059 max|U_ii|=111026 ratio=4.41868e-08 pivots<1e-12: 0
  [LU] n=2520 kutta=1 min|U_ii|=0.0445846 max|U_ii|=6061.07 ratio=7.3559e-06 pivots<1e-12: 0
  [LU] n=924 kutta=1 min|U_ii|=0.00354299 max|U_ii|=195565 ratio=1.81167e-08 pivots<1e-12: 0
  [LU] n=924 kutta=1 min|U_ii|=0.00354299 max|U_ii|=195565 ratio=1.81167e-08 pivots<1e-12: 0
  [LU] n=924 kutta=1 min|U_ii|=0.0049059 max|U_ii|=111026 ratio=4.41868e-08 pivots<1e-12: 0
  [LU] n=2520 kutta=1 min|U_ii|=0.0445846 max|U_ii|=6061.07 ratio=7.3559e-06 pivots<1e-12: 0
  [LU] n=924 kutta=1 min|U_ii|=0.00354299 max|U_ii|=195565 ratio=1.81167e-08 pivots<1e-12: 0
  [LU] n=924 kutta=1 min|U_ii|=0.00354299 max|U_ii|=195565 ratio=1.81167e-08 pivots<1e-12: 0
  [LU] n=924 kutta=1 min|U_ii|=0.0049059 max|U_ii|=111026 ratio=4.41868e-08 pivots<1e-12: 0
  [LU] n=2520 kutta=1 min|U_ii|=0.0445846 max|U_ii|=6061.07 ratio=7.3559e-06 pivots<1e-12: 0
  [LU] n=924 kutta=1 min|U_ii|=0.00354299 max|U_ii|=195565 ratio=1.81167e-08 pivots<1e-12: 0
  [LU] n=924 kutta=1 min|U_ii|=0.00354299 max|U_ii|=195565 ratio=1.81167e-08 pivots<1e-12: 0
  [LU] n=924 kutta=1 min|U_ii|=0.0049059 max|U_ii|=111026 ratio=4.41868e-08 pivots<1e-12: 0
  [LU] n=2520 kutta=1 min|U_ii|=0.0445846 max|U_ii|=6061.07 ratio=7.3559e-06 pivots<1e-12: 0
  [LU] n=924 kutta=1 min|U_ii|=0.00354299 max|U_ii|=195565 ratio=1.81167e-08 pivots<1e-12: 0
  [LU] n=924 kutta=1 min|U_ii|=0.00354299 max|U_ii|=195565 ratio=1.81167e-08 pivots<1e-12: 0
  [LU] n=924 kutta=1 min|U_ii|=0.0049059 max|U_ii|=111026 ratio=4.41868e-08 pivots<1e-12: 0
  [LU] n=2520 kutta=1 min|U_ii|=0.0445846 max|U_ii|=6061.07 ratio=7.3559e-06 pivots<1e-12: 0
  [LU] n=924 kutta=1 min|U_ii|=0.00354299 max|U_ii|=195565 ratio=1.81167e-08 pivots<1e-12: 0
  [LU] n=924 kutta=1 min|U_ii|=0.00354299 max|U_ii|=195565 ratio=1.81167e-08 pivots<1e-12: 0
  [LU] n=924 kutta=1 min|U_ii|=0.0049059 max|U_ii|=111026 ratio=4.41868e-08 pivots<1e-12: 0
  [LU] n=2520 kutta=1 min|U_ii|=0.0445846 max|U_ii|=6061.07 ratio=7.3559e-06 pivots<1e-12: 0
  [LU] n=924 kutta=1 min|U_ii|=0.00354299 max|U_ii|=195565 ratio=1.81167e-08 pivots<1e-12: 0
  [LU] n=924 kutta=1 min|U_ii|=0.00354299 max|U_ii|=195565 ratio=1.81167e-08 pivots<1e-12: 0
  [LU] n=924 kutta=1 min|U_ii|=0.0049059 max|U_ii|=111026 ratio=4.41868e-08 pivots<1e-12: 0
  [LU] n=2520 kutta=1 min|U_ii|=0.0445846 max|U_ii|=6061.07 ratio=7.3559e-06 pivots<1e-12: 0
  [LU] n=924 kutta=1 min|U_ii|=0.00354299 max|U_ii|=195565 ratio=1.81167e-08 pivots<1e-12: 0
  [LU] n=924 kutta=1 min|U_ii|=0.00354299 max|U_ii|=195565 ratio=1.81167e-08 pivots<1e-12: 0
  [LU] n=924 kutta=1 min|U_ii|=0.0049059 max|U_ii|=111026 ratio=4.41868e-08 pivots<1e-12: 0
  [LU] n=2520 kutta=1 min|U_ii|=0.0445846 max|U_ii|=6061.07 ratio=7.3559e-06 pivots<1e-12: 0
  [LU] n=924 kutta=1 min|U_ii|=0.00354299 max|U_ii|=195565 ratio=1.81167e-08 pivots<1e-12: 0
  [LU] n=924 kutta=1 min|U_ii|=0.00354299 max|U_ii|=195565 ratio=1.81167e-08 pivots<1e-12: 0
  [LU] n=924 kutta=1 min|U_ii|=0.0049059 max|U_ii|=111026 ratio=4.41868e-08 pivots<1e-12: 0
  [LU] n=2520 kutta=1 min|U_ii|=0.0445846 max|U_ii|=6061.07 ratio=7.3559e-06 pivots<1e-12: 0
  [LU] n=924 kutta=1 min|U_ii|=0.00354299 max|U_ii|=195565 ratio=1.81167e-08 pivots<1e-12: 0
  [LU] n=924 kutta=1 min|U_ii|=0.00354299 max|U_ii|=195565 ratio=1.81167e-08 pivots<1e-12: 0
  [LU] n=924 kutta=1 min|U_ii|=0.0049059 max|U_ii|=111026 ratio=4.41868e-08 pivots<1e-12: 0
  [LU] n=2520 kutta=1 min|U_ii|=0.0445846 max|U_ii|=6061.07 ratio=7.3559e-06 pivots<1e-12: 0
  [LU] n=924 kutta=1 min|U_ii|=0.00354299 max|U_ii|=195565 ratio=1.81167e-08 pivots<1e-12: 0
  [LU] n=924 kutta=1 min|U_ii|=0.00354299 max|U_ii|=195565 ratio=1.81167e-08 pivots<1e-12: 0
  [LU] n=924 kutta=1 min|U_ii|=0.0049059 max|U_ii|=111026 ratio=4.41868e-08 pivots<1e-12: 0
  [LU] n=2520 kutta=1 min|U_ii|=0.0445846 max|U_ii|=6061.07 ratio=7.3559e-06 pivots<1e-12: 0
  [LU] n=924 kutta=1 min|U_ii|=0.00354299 max|U_ii|=195565 ratio=1.81167e-08 pivots<1e-12: 0
  [LU] n=924 kutta=1 min|U_ii|=0.00354299 max|U_ii|=195565 ratio=1.81167e-08 pivots<1e-12: 0
  [LU] n=924 kutta=1 min|U_ii|=0.0049059 max|U_ii|=111026 ratio=4.41868e-08 pivots<1e-12: 0
  [LU] n=2520 kutta=1 min|U_ii|=0.0445846 max|U_ii|=6061.07 ratio=7.3559e-06 pivots<1e-12: 0
  [LU] n=924 kutta=1 min|U_ii|=0.00354299 max|U_ii|=195565 ratio=1.81167e-08 pivots<1e-12: 0
  [LU] n=924 kutta=1 min|U_ii|=0.00354299 max|U_ii|=195565 ratio=1.81167e-08 pivots<1e-12: 0
  [LU] n=924 kutta=1 min|U_ii|=0.0049059 max|U_ii|=111026 ratio=4.41868e-08 pivots<1e-12: 0
  [LU] n=2520 kutta=1 min|U_ii|=0.0445846 max|U_ii|=6061.07 ratio=7.3559e-06 pivots<1e-12: 0
  [LU] n=924 kutta=1 min|U_ii|=0.00354299 max|U_ii|=195565 ratio=1.81167e-08 pivots<1e-12: 0
  [LU] n=924 kutta=1 min|U_ii|=0.00354299 max|U_ii|=195565 ratio=1.81167e-08 pivots<1e-12: 0
  [LU] n=924 kutta=1 min|U_ii|=0.0049059 max|U_ii|=111026 ratio=4.41868e-08 pivots<1e-12: 0
  [LU] n=2520 kutta=1 min|U_ii|=0.0445846 max|U_ii|=6061.07 ratio=7.3559e-06 pivots<1e-12: 0
  [LU] n=924 kutta=1 min|U_ii|=0.00354299 max|U_ii|=195565 ratio=1.81167e-08 pivots<1e-12: 0
  [LU] n=924 kutta=1 min|U_ii|=0.00354299 max|U_ii|=195565 ratio=1.81167e-08 pivots<1e-12: 0
  [LU] n=924 kutta=1 min|U_ii|=0.0049059 max|U_ii|=111026 ratio=4.41868e-08 pivots<1e-12: 0
  [LU] n=2520 kutta=1 min|U_ii|=0.0445846 max|U_ii|=6061.07 ratio=7.3559e-06 pivots<1e-12: 0
  [LU] n=924 kutta=1 min|U_ii|=0.00354299 max|U_ii|=195565 ratio=1.81167e-08 pivots<1e-12: 0
  [LU] n=924 kutta=1 min|U_ii|=0.00354299 max|U_ii|=195565 ratio=1.81167e-08 pivots<1e-12: 0
  [LU] n=924 kutta=1 min|U_ii|=0.0049059 max|U_ii|=111026 ratio=4.41868e-08 pivots<1e-12: 0
  [LU] n=2520 kutta=1 min|U_ii|=0.0445846 max|U_ii|=6061.07 ratio=7.3559e-06 pivots<1e-12: 0
  [LU] n=924 kutta=1 min|U_ii|=0.00354299 max|U_ii|=195565 ratio=1.81167e-08 pivots<1e-12: 0
  [LU] n=924 kutta=1 min|U_ii|=0.00354299 max|U_ii|=195565 ratio=1.81167e-08 pivots<1e-12: 0
  [LU] n=924 kutta=1 min|U_ii|=0.0049059 max|U_ii|=111026 ratio=4.41868e-08 pivots<1e-12: 0
  [LU] n=2520 kutta=1 min|U_ii|=0.0445846 max|U_ii|=6061.07 ratio=7.3559e-06 pivots<1e-12: 0
  [LU] n=924 kutta=1 min|U_ii|=0.00354299 max|U_ii|=195565 ratio=1.81167e-08 pivots<1e-12: 0
  [LU] n=924 kutta=1 min|U_ii|=0.00354299 max|U_ii|=195565 ratio=1.81167e-08 pivots<1e-12: 0
  [LU] n=924 kutta=1 min|U_ii|=0.0049059 max|U_ii|=111026 ratio=4.41868e-08 pivots<1e-12: 0
  [LU] n=2520 kutta=1 min|U_ii|=0.0445846 max|U_ii|=6061.07 ratio=7.3559e-06 pivots<1e-12: 0
  [LU] n=924 kutta=1 min|U_ii|=0.00354299 max|U_ii|=195565 ratio=1.81167e-08 pivots<1e-12: 0
  [LU] n=924 kutta=1 min|U_ii|=0.00354299 max|U_ii|=195565 ratio=1.81167e-08 pivots<1e-12: 0
  [LU] n=924 kutta=1 min|U_ii|=0.0049059 max|U_ii|=111026 ratio=4.41868e-08 pivots<1e-12: 0
  [LU] n=2520 kutta=1 min|U_ii|=0.0445846 max|U_ii|=6061.07 ratio=7.3559e-06 pivots<1e-12: 0
  [LU] n=924 kutta=1 min|U_ii|=0.00354299 max|U_ii|=195565 ratio=1.81167e-08 pivots<1e-12: 0
  [LU] n=924 kutta=1 min|U_ii|=0.00354299 max|U_ii|=195565 ratio=1.81167e-08 pivots<1e-12: 0
  [LU] n=924 kutta=1 min|U_ii|=0.0049059 max|U_ii|=111026 ratio=4.41868e-08 pivots<1e-12: 0
  [LU] n=2520 kutta=1 min|U_ii|=0.0445846 max|U_ii|=6061.07 ratio=7.3559e-06 pivots<1e-12: 0
  [LU] n=924 kutta=1 min|U_ii|=0.00354299 max|U_ii|=195565 ratio=1.81167e-08 pivots<1e-12: 0
  [LU] n=924 kutta=1 min|U_ii|=0.00354299 max|U_ii|=195565 ratio=1.81167e-08 pivots<1e-12: 0
  [LU] n=924 kutta=1 min|U_ii|=0.0049059 max|U_ii|=111026 ratio=4.41868e-08 pivots<1e-12: 0
  [LU] n=2520 kutta=1 min|U_ii|=0.0445846 max|U_ii|=6061.07 ratio=7.3559e-06 pivots<1e-12: 0
  [LU] n=924 kutta=1 min|U_ii|=0.00354299 max|U_ii|=195565 ratio=1.81167e-08 pivots<1e-12: 0
  [LU] n=924 kutta=1 min|U_ii|=0.00354299 max|U_ii|=195565 ratio=1.81167e-08 pivots<1e-12: 0
  [LU] n=924 kutta=1 min|U_ii|=0.0049059 max|U_ii|=111026 ratio=4.41868e-08 pivots<1e-12: 0
  [LU] n=2520 kutta=1 min|U_ii|=0.0445846 max|U_ii|=6061.07 ratio=7.3559e-06 pivots<1e-12: 0
  [LU] n=924 kutta=1 min|U_ii|=0.00354299 max|U_ii|=195565 ratio=1.81167e-08 pivots<1e-12: 0
  [LU] n=924 kutta=1 min|U_ii|=0.00354299 max|U_ii|=195565 ratio=1.81167e-08 pivots<1e-12: 0
  [LU] n=924 kutta=1 min|U_ii|=0.0049059 max|U_ii|=111026 ratio=4.41868e-08 pivots<1e-12: 0
  [LU] n=2520 kutta=1 min|U_ii|=0.0445846 max|U_ii|=6061.07 ratio=7.3559e-06 pivots<1e-12: 0
  [LU] n=924 kutta=1 min|U_ii|=0.00354299 max|U_ii|=195565 ratio=1.81167e-08 pivots<1e-12: 0
  [LU] n=924 kutta=1 min|U_ii|=0.00354299 max|U_ii|=195565 ratio=1.81167e-08 pivots<1e-12: 0
  [LU] n=924 kutta=1 min|U_ii|=0.0049059 max|U_ii|=111026 ratio=4.41868e-08 pivots<1e-12: 0
  [LU] n=2520 kutta=1 min|U_ii|=0.0445846 max|U_ii|=6061.07 ratio=7.3559e-06 pivots<1e-12: 0
  [LU] n=924 kutta=1 min|U_ii|=0.00354299 max|U_ii|=195565 ratio=1.81167e-08 pivots<1e-12: 0
  [LU] n=924 kutta=1 min|U_ii|=0.00354299 max|U_ii|=195565 ratio=1.81167e-08 pivots<1e-12: 0
  [LU] n=924 kutta=1 min|U_ii|=0.0049059 max|U_ii|=111026 ratio=4.41868e-08 pivots<1e-12: 0
  [LU] n=2520 kutta=1 min|U_ii|=0.0445846 max|U_ii|=6061.07 ratio=7.3559e-06 pivots<1e-12: 0
  [LU] n=924 kutta=1 min|U_ii|=0.00354299 max|U_ii|=195565 ratio=1.81167e-08 pivots<1e-12: 0
  [LU] n=924 kutta=1 min|U_ii|=0.00354299 max|U_ii|=195565 ratio=1.81167e-08 pivots<1e-12: 0
  [LU] n=924 kutta=1 min|U_ii|=0.0049059 max|U_ii|=111026 ratio=4.41868e-08 pivots<1e-12: 0
  [LU] n=2520 kutta=1 min|U_ii|=0.0445846 max|U_ii|=6061.07 ratio=7.3559e-06 pivots<1e-12: 0
  [LU] n=924 kutta=1 min|U_ii|=0.00354299 max|U_ii|=195565 ratio=1.81167e-08 pivots<1e-12: 0
  [LU] n=924 kutta=1 min|U_ii|=0.00354299 max|U_ii|=195565 ratio=1.81167e-08 pivots<1e-12: 0
  [LU] n=924 kutta=1 min|U_ii|=0.0049059 max|U_ii|=111026 ratio=4.41868e-08 pivots<1e-12: 0
  [LU] n=2520 kutta=1 min|U_ii|=0.0445846 max|U_ii|=6061.07 ratio=7.3559e-06 pivots<1e-12: 0
  [LU] n=924 kutta=1 min|U_ii|=0.00354299 max|U_ii|=195565 ratio=1.81167e-08 pivots<1e-12: 0
  [LU] n=924 kutta=1 min|U_ii|=0.00354299 max|U_ii|=195565 ratio=1.81167e-08 pivots<1e-12: 0
  [LU] n=924 kutta=1 min|U_ii|=0.0049059 max|U_ii|=111026 ratio=4.41868e-08 pivots<1e-12: 0
  [LU] n=2520 kutta=1 min|U_ii|=0.0445846 max|U_ii|=6061.07 ratio=7.3559e-06 pivots<1e-12: 0
  [LU] n=924 kutta=1 min|U_ii|=0.00354299 max|U_ii|=195565 ratio=1.81167e-08 pivots<1e-12: 0
  [LU] n=924 kutta=1 min|U_ii|=0.00354299 max|U_ii|=195565 ratio=1.81167e-08 pivots<1e-12: 0
  [LU] n=924 kutta=1 min|U_ii|=0.0049059 max|U_ii|=111026 ratio=4.41868e-08 pivots<1e-12: 0
  [LU] n=2520 kutta=1 min|U_ii|=0.0445846 max|U_ii|=6061.07 ratio=7.3559e-06 pivots<1e-12: 0
  [LU] n=924 kutta=1 min|U_ii|=0.00354299 max|U_ii|=195565 ratio=1.81167e-08 pivots<1e-12: 0
  [LU] n=924 kutta=1 min|U_ii|=0.00354299 max|U_ii|=195565 ratio=1.81167e-08 pivots<1e-12: 0
  [LU] n=924 kutta=1 min|U_ii|=0.0049059 max|U_ii|=111026 ratio=4.41868e-08 pivots<1e-12: 0
  [LU] n=2520 kutta=1 min|U_ii|=0.0445846 max|U_ii|=6061.07 ratio=7.3559e-06 pivots<1e-12: 0
  [LU] n=924 kutta=1 min|U_ii|=0.00354299 max|U_ii|=195565 ratio=1.81167e-08 pivots<1e-12: 0
  [LU] n=924 kutta=1 min|U_ii|=0.00354299 max|U_ii|=195565 ratio=1.81167e-08 pivots<1e-12: 0
  [LU] n=924 kutta=1 min|U_ii|=0.0049059 max|U_ii|=111026 ratio=4.41868e-08 pivots<1e-12: 0
  [LU] n=2520 kutta=1 min|U_ii|=0.0445846 max|U_ii|=6061.07 ratio=7.3559e-06 pivots<1e-12: 0
  [LU] n=924 kutta=1 min|U_ii|=0.00354299 max|U_ii|=195565 ratio=1.81167e-08 pivots<1e-12: 0
  [LU] n=924 kutta=1 min|U_ii|=0.00354299 max|U_ii|=195565 ratio=1.81167e-08 pivots<1e-12: 0
  [LU] n=924 kutta=1 min|U_ii|=0.0049059 max|U_ii|=111026 ratio=4.41868e-08 pivots<1e-12: 0
  [LU] n=2520 kutta=1 min|U_ii|=0.0445846 max|U_ii|=6061.07 ratio=7.3559e-06 pivots<1e-12: 0
  [LU] n=924 kutta=1 min|U_ii|=0.00354299 max|U_ii|=195565 ratio=1.81167e-08 pivots<1e-12: 0
  [LU] n=924 kutta=1 min|U_ii|=0.00354299 max|U_ii|=195565 ratio=1.81167e-08 pivots<1e-12: 0
  [LU] n=924 kutta=1 min|U_ii|=0.0049059 max|U_ii|=111026 ratio=4.41868e-08 pivots<1e-12: 0
  [LU] n=2520 kutta=1 min|U_ii|=0.0445846 max|U_ii|=6061.07 ratio=7.3559e-06 pivots<1e-12: 0
  [LU] n=924 kutta=1 min|U_ii|=0.00354299 max|U_ii|=195565 ratio=1.81167e-08 pivots<1e-12: 0
  [LU] n=924 kutta=1 min|U_ii|=0.00354299 max|U_ii|=195565 ratio=1.81167e-08 pivots<1e-12: 0
  [LU] n=924 kutta=1 min|U_ii|=0.0049059 max|U_ii|=111026 ratio=4.41868e-08 pivots<1e-12: 0
  [LU] n=2520 kutta=1 min|U_ii|=0.0445846 max|U_ii|=6061.07 ratio=7.3559e-06 pivots<1e-12: 0
  [LU] n=924 kutta=1 min|U_ii|=0.00354299 max|U_ii|=195565 ratio=1.81167e-08 pivots<1e-12: 0
  [LU] n=924 kutta=1 min|U_ii|=0.00354299 max|U_ii|=195565 ratio=1.81167e-08 pivots<1e-12: 0
  [LU] n=924 kutta=1 min|U_ii|=0.0049059 max|U_ii|=111026 ratio=4.41868e-08 pivots<1e-12: 0
  [LU] n=2520 kutta=1 min|U_ii|=0.0445846 max|U_ii|=6061.07 ratio=7.3559e-06 pivots<1e-12: 0
  [LU] n=924 kutta=1 min|U_ii|=0.00354299 max|U_ii|=195565 ratio=1.81167e-08 pivots<1e-12: 0
  [LU] n=924 kutta=1 min|U_ii|=0.00354299 max|U_ii|=195565 ratio=1.81167e-08 pivots<1e-12: 0
  [LU] n=924 kutta=1 min|U_ii|=0.0049059 max|U_ii|=111026 ratio=4.41868e-08 pivots<1e-12: 0
  [LU] n=2520 kutta=1 min|U_ii|=0.0445846 max|U_ii|=6061.07 ratio=7.3559e-06 pivots<1e-12: 0
  [LU] n=924 kutta=1 min|U_ii|=0.00354299 max|U_ii|=195565 ratio=1.81167e-08 pivots<1e-12: 0
  [LU] n=924 kutta=1 min|U_ii|=0.00354299 max|U_ii|=195565 ratio=1.81167e-08 pivots<1e-12: 0
  [LU] n=924 kutta=1 min|U_ii|=0.0049059 max|U_ii|=111026 ratio=4.41868e-08 pivots<1e-12: 0
  [LU] n=2520 kutta=1 min|U_ii|=0.0445846 max|U_ii|=6061.07 ratio=7.3559e-06 pivots<1e-12: 0
  [LU] n=924 kutta=1 min|U_ii|=0.00354299 max|U_ii|=195565 ratio=1.81167e-08 pivots<1e-12: 0
  [LU] n=924 kutta=1 min|U_ii|=0.00354299 max|U_ii|=195565 ratio=1.81167e-08 pivots<1e-12: 0
  [LU] n=924 kutta=1 min|U_ii|=0.0049059 max|U_ii|=111026 ratio=4.41868e-08 pivots<1e-12: 0
  [LU] n=2520 kutta=1 min|U_ii|=0.0445846 max|U_ii|=6061.07 ratio=7.3559e-06 pivots<1e-12: 0
  [LU] n=924 kutta=1 min|U_ii|=0.00354299 max|U_ii|=195565 ratio=1.81167e-08 pivots<1e-12: 0
  [LU] n=924 kutta=1 min|U_ii|=0.00354299 max|U_ii|=195565 ratio=1.81167e-08 pivots<1e-12: 0
  [LU] n=924 kutta=1 min|U_ii|=0.0049059 max|U_ii|=111026 ratio=4.41868e-08 pivots<1e-12: 0
  [LU] n=2520 kutta=1 min|U_ii|=0.0445846 max|U_ii|=6061.07 ratio=7.3559e-06 pivots<1e-12: 0
  [LU] n=924 kutta=1 min|U_ii|=0.00354299 max|U_ii|=195565 ratio=1.81167e-08 pivots<1e-12: 0
  [LU] n=924 kutta=1 min|U_ii|=0.00354299 max|U_ii|=195565 ratio=1.81167e-08 pivots<1e-12: 0
  [LU] n=924 kutta=1 min|U_ii|=0.0049059 max|U_ii|=111026 ratio=4.41868e-08 pivots<1e-12: 0
  [LU] n=2520 kutta=1 min|U_ii|=0.0445846 max|U_ii|=6061.07 ratio=7.3559e-06 pivots<1e-12: 0
  [LU] n=924 kutta=1 min|U_ii|=0.00354299 max|U_ii|=195565 ratio=1.81167e-08 pivots<1e-12: 0
  [LU] n=924 kutta=1 min|U_ii|=0.00354299 max|U_ii|=195565 ratio=1.81167e-08 pivots<1e-12: 0
  [LU] n=924 kutta=1 min|U_ii|=0.0049059 max|U_ii|=111026 ratio=4.41868e-08 pivots<1e-12: 0
  [LU] n=2520 kutta=1 min|U_ii|=0.0445846 max|U_ii|=6061.07 ratio=7.3559e-06 pivots<1e-12: 0
  [LU] n=924 kutta=1 min|U_ii|=0.00354299 max|U_ii|=195565 ratio=1.81167e-08 pivots<1e-12: 0
  [LU] n=924 kutta=1 min|U_ii|=0.00354299 max|U_ii|=195565 ratio=1.81167e-08 pivots<1e-12: 0
  [LU] n=924 kutta=1 min|U_ii|=0.0049059 max|U_ii|=111026 ratio=4.41868e-08 pivots<1e-12: 0
  [LU] n=2520 kutta=1 min|U_ii|=0.0445846 max|U_ii|=6061.07 ratio=7.3559e-06 pivots<1e-12: 0
  [LU] n=924 kutta=1 min|U_ii|=0.00354299 max|U_ii|=195565 ratio=1.81167e-08 pivots<1e-12: 0
  [LU] n=924 kutta=1 min|U_ii|=0.00354299 max|U_ii|=195565 ratio=1.81167e-08 pivots<1e-12: 0
  [LU] n=924 kutta=1 min|U_ii|=0.0049059 max|U_ii|=111026 ratio=4.41868e-08 pivots<1e-12: 0
  [LU] n=2520 kutta=1 min|U_ii|=0.0445846 max|U_ii|=6061.07 ratio=7.3559e-06 pivots<1e-12: 0
  [LU] n=924 kutta=1 min|U_ii|=0.00354299 max|U_ii|=195565 ratio=1.81167e-08 pivots<1e-12: 0
  [LU] n=924 kutta=1 min|U_ii|=0.00354299 max|U_ii|=195565 ratio=1.81167e-08 pivots<1e-12: 0
  [LU] n=924 kutta=1 min|U_ii|=0.0049059 max|U_ii|=111026 ratio=4.41868e-08 pivots<1e-12: 0
  [LU] n=2520 kutta=1 min|U_ii|=0.0445846 max|U_ii|=6061.07 ratio=7.3559e-06 pivots<1e-12: 0
  [LU] n=924 kutta=1 min|U_ii|=0.00354299 max|U_ii|=195565 ratio=1.81167e-08 pivots<1e-12: 0
  [LU] n=924 kutta=1 min|U_ii|=0.00354299 max|U_ii|=195565 ratio=1.81167e-08 pivots<1e-12: 0
  [LU] n=924 kutta=1 min|U_ii|=0.0049059 max|U_ii|=111026 ratio=4.41868e-08 pivots<1e-12: 0
  [LU] n=2520 kutta=1 min|U_ii|=0.0445846 max|U_ii|=6061.07 ratio=7.3559e-06 pivots<1e-12: 0
  [LU] n=924 kutta=1 min|U_ii|=0.00354299 max|U_ii|=195565 ratio=1.81167e-08 pivots<1e-12: 0
  [LU] n=924 kutta=1 min|U_ii|=0.00354299 max|U_ii|=195565 ratio=1.81167e-08 pivots<1e-12: 0
  [LU] n=924 kutta=1 min|U_ii|=0.0049059 max|U_ii|=111026 ratio=4.41868e-08 pivots<1e-12: 0
  [LU] n=2520 kutta=1 min|U_ii|=0.0445846 max|U_ii|=6061.07 ratio=7.3559e-06 pivots<1e-12: 0
  [LU] n=924 kutta=1 min|U_ii|=0.00354299 max|U_ii|=195565 ratio=1.81167e-08 pivots<1e-12: 0
  [LU] n=924 kutta=1 min|U_ii|=0.00354299 max|U_ii|=195565 ratio=1.81167e-08 pivots<1e-12: 0
  [LU] n=924 kutta=1 min|U_ii|=0.0049059 max|U_ii|=111026 ratio=4.41868e-08 pivots<1e-12: 0
  [LU] n=2520 kutta=1 min|U_ii|=0.0445846 max|U_ii|=6061.07 ratio=7.3559e-06 pivots<1e-12: 0
  [LU] n=924 kutta=1 min|U_ii|=0.00354299 max|U_ii|=195565 ratio=1.81167e-08 pivots<1e-12: 0
  [LU] n=924 kutta=1 min|U_ii|=0.00354299 max|U_ii|=195565 ratio=1.81167e-08 pivots<1e-12: 0
  [LU] n=924 kutta=1 min|U_ii|=0.0049059 max|U_ii|=111026 ratio=4.41868e-08 pivots<1e-12: 0
  [LU] n=2520 kutta=1 min|U_ii|=0.0445846 max|U_ii|=6061.07 ratio=7.3559e-06 pivots<1e-12: 0
  [LU] n=924 kutta=1 min|U_ii|=0.00354299 max|U_ii|=195565 ratio=1.81167e-08 pivots<1e-12: 0
  [LU] n=924 kutta=1 min|U_ii|=0.00354299 max|U_ii|=195565 ratio=1.81167e-08 pivots<1e-12: 0
  [LU] n=924 kutta=1 min|U_ii|=0.0049059 max|U_ii|=111026 ratio=4.41868e-08 pivots<1e-12: 0
  [LU] n=2520 kutta=1 min|U_ii|=0.0445846 max|U_ii|=6061.07 ratio=7.3559e-06 pivots<1e-12: 0
  [LU] n=924 kutta=1 min|U_ii|=0.00354299 max|U_ii|=195565 ratio=1.81167e-08 pivots<1e-12: 0
  [LU] n=924 kutta=1 min|U_ii|=0.00354299 max|U_ii|=195565 ratio=1.81167e-08 pivots<1e-12: 0
  [LU] n=924 kutta=1 min|U_ii|=0.0049059 max|U_ii|=111026 ratio=4.41868e-08 pivots<1e-12: 0
  [LU] n=2520 kutta=1 min|U_ii|=0.0445846 max|U_ii|=6061.07 ratio=7.3559e-06 pivots<1e-12: 0
  [LU] n=924 kutta=1 min|U_ii|=0.00354299 max|U_ii|=195565 ratio=1.81167e-08 pivots<1e-12: 0
  [LU] n=924 kutta=1 min|U_ii|=0.00354299 max|U_ii|=195565 ratio=1.81167e-08 pivots<1e-12: 0
  [LU] n=924 kutta=1 min|U_ii|=0.0049059 max|U_ii|=111026 ratio=4.41868e-08 pivots<1e-12: 0
  [LU] n=2520 kutta=1 min|U_ii|=0.0445846 max|U_ii|=6061.07 ratio=7.3559e-06 pivots<1e-12: 0
  [LU] n=924 kutta=1 min|U_ii|=0.00354299 max|U_ii|=195565 ratio=1.81167e-08 pivots<1e-12: 0
  [LU] n=924 kutta=1 min|U_ii|=0.00354299 max|U_ii|=195565 ratio=1.81167e-08 pivots<1e-12: 0
  [LU] n=924 kutta=1 min|U_ii|=0.0049059 max|U_ii|=111026 ratio=4.41868e-08 pivots<1e-12: 0
  [LU] n=2520 kutta=1 min|U_ii|=0.0445846 max|U_ii|=6061.07 ratio=7.3559e-06 pivots<1e-12: 0
  [LU] n=924 kutta=1 min|U_ii|=0.00354299 max|U_ii|=195565 ratio=1.81167e-08 pivots<1e-12: 0
  [LU] n=924 kutta=1 min|U_ii|=0.00354299 max|U_ii|=195565 ratio=1.81167e-08 pivots<1e-12: 0
  [LU] n=924 kutta=1 min|U_ii|=0.0049059 max|U_ii|=111026 ratio=4.41868e-08 pivots<1e-12: 0
  [LU] n=2520 kutta=1 min|U_ii|=0.0445846 max|U_ii|=6061.07 ratio=7.3559e-06 pivots<1e-12: 0
  [LU] n=924 kutta=1 min|U_ii|=0.00354299 max|U_ii|=195565 ratio=1.81167e-08 pivots<1e-12: 0
  [LU] n=924 kutta=1 min|U_ii|=0.00354299 max|U_ii|=195565 ratio=1.81167e-08 pivots<1e-12: 0
  [LU] n=924 kutta=1 min|U_ii|=0.0049059 max|U_ii|=111026 ratio=4.41868e-08 pivots<1e-12: 0
  [LU] n=2520 kutta=1 min|U_ii|=0.0445846 max|U_ii|=6061.07 ratio=7.3559e-06 pivots<1e-12: 0
  [LU] n=924 kutta=1 min|U_ii|=0.00354299 max|U_ii|=195565 ratio=1.81167e-08 pivots<1e-12: 0
  [LU] n=924 kutta=1 min|U_ii|=0.00354299 max|U_ii|=195565 ratio=1.81167e-08 pivots<1e-12: 0
  [LU] n=924 kutta=1 min|U_ii|=0.0049059 max|U_ii|=111026 ratio=4.41868e-08 pivots<1e-12: 0
  [LU] n=2520 kutta=1 min|U_ii|=0.0445846 max|U_ii|=6061.07 ratio=7.3559e-06 pivots<1e-12: 0
  [LU] n=924 kutta=1 min|U_ii|=0.00354299 max|U_ii|=195565 ratio=1.81167e-08 pivots<1e-12: 0
  [LU] n=924 kutta=1 min|U_ii|=0.00354299 max|U_ii|=195565 ratio=1.81167e-08 pivots<1e-12: 0
  [LU] n=924 kutta=1 min|U_ii|=0.0049059 max|U_ii|=111026 ratio=4.41868e-08 pivots<1e-12: 0
  [LU] n=2520 kutta=1 min|U_ii|=0.0445846 max|U_ii|=6061.07 ratio=7.3559e-06 pivots<1e-12: 0
  [LU] n=924 kutta=1 min|U_ii|=0.00354299 max|U_ii|=195565 ratio=1.81167e-08 pivots<1e-12: 0
  [LU] n=924 kutta=1 min|U_ii|=0.00354299 max|U_ii|=195565 ratio=1.81167e-08 pivots<1e-12: 0
  [LU] n=924 kutta=1 min|U_ii|=0.0049059 max|U_ii|=111026 ratio=4.41868e-08 pivots<1e-12: 0
  [LU] n=2520 kutta=1 min|U_ii|=0.0445846 max|U_ii|=6061.07 ratio=7.3559e-06 pivots<1e-12: 0
  [LU] n=924 kutta=1 min|U_ii|=0.00354299 max|U_ii|=195565 ratio=1.81167e-08 pivots<1e-12: 0
  [LU] n=924 kutta=1 min|U_ii|=0.00354299 max|U_ii|=195565 ratio=1.81167e-08 pivots<1e-12: 0
  [LU] n=924 kutta=1 min|U_ii|=0.0049059 max|U_ii|=111026 ratio=4.41868e-08 pivots<1e-12: 0
  [LU] n=2520 kutta=1 min|U_ii|=0.0445846 max|U_ii|=6061.07 ratio=7.3559e-06 pivots<1e-12: 0
  [LU] n=924 kutta=1 min|U_ii|=0.00354299 max|U_ii|=195565 ratio=1.81167e-08 pivots<1e-12: 0
  [LU] n=924 kutta=1 min|U_ii|=0.00354299 max|U_ii|=195565 ratio=1.81167e-08 pivots<1e-12: 0
  [LU] n=924 kutta=1 min|U_ii|=0.0049059 max|U_ii|=111026 ratio=4.41868e-08 pivots<1e-12: 0
  [LU] n=2520 kutta=1 min|U_ii|=0.0445846 max|U_ii|=6061.07 ratio=7.3559e-06 pivots<1e-12: 0
  [LU] n=924 kutta=1 min|U_ii|=0.00354299 max|U_ii|=195565 ratio=1.81167e-08 pivots<1e-12: 0
  [LU] n=924 kutta=1 min|U_ii|=0.00354299 max|U_ii|=195565 ratio=1.81167e-08 pivots<1e-12: 0
  [LU] n=924 kutta=1 min|U_ii|=0.0049059 max|U_ii|=111026 ratio=4.41868e-08 pivots<1e-12: 0
  [LU] n=2520 kutta=1 min|U_ii|=0.0445846 max|U_ii|=6061.07 ratio=7.3559e-06 pivots<1e-12: 0
  [LU] n=924 kutta=1 min|U_ii|=0.00354299 max|U_ii|=195565 ratio=1.81167e-08 pivots<1e-12: 0
  [LU] n=924 kutta=1 min|U_ii|=0.00354299 max|U_ii|=195565 ratio=1.81167e-08 pivots<1e-12: 0
  [LU] n=924 kutta=1 min|U_ii|=0.0049059 max|U_ii|=111026 ratio=4.41868e-08 pivots<1e-12: 0
  [LU] n=2520 kutta=1 min|U_ii|=0.0445846 max|U_ii|=6061.07 ratio=7.3559e-06 pivots<1e-12: 0
  [LU] n=924 kutta=1 min|U_ii|=0.00354299 max|U_ii|=195565 ratio=1.81167e-08 pivots<1e-12: 0
  [LU] n=924 kutta=1 min|U_ii|=0.00354299 max|U_ii|=195565 ratio=1.81167e-08 pivots<1e-12: 0
  [LU] n=924 kutta=1 min|U_ii|=0.0049059 max|U_ii|=111026 ratio=4.41868e-08 pivots<1e-12: 0
  [LU] n=2520 kutta=1 min|U_ii|=0.0445846 max|U_ii|=6061.07 ratio=7.3559e-06 pivots<1e-12: 0
  [LU] n=924 kutta=1 min|U_ii|=0.00354299 max|U_ii|=195565 ratio=1.81167e-08 pivots<1e-12: 0
  [LU] n=924 kutta=1 min|U_ii|=0.00354299 max|U_ii|=195565 ratio=1.81167e-08 pivots<1e-12: 0
  [LU] n=924 kutta=1 min|U_ii|=0.0049059 max|U_ii|=111026 ratio=4.41868e-08 pivots<1e-12: 0
  [LU] n=2520 kutta=1 min|U_ii|=0.0445846 max|U_ii|=6061.07 ratio=7.3559e-06 pivots<1e-12: 0
  [LU] n=924 kutta=1 min|U_ii|=0.00354299 max|U_ii|=195565 ratio=1.81167e-08 pivots<1e-12: 0
  [LU] n=924 kutta=1 min|U_ii|=0.00354299 max|U_ii|=195565 ratio=1.81167e-08 pivots<1e-12: 0
  [LU] n=924 kutta=1 min|U_ii|=0.0049059 max|U_ii|=111026 ratio=4.41868e-08 pivots<1e-12: 0
  [LU] n=2520 kutta=1 min|U_ii|=0.0445846 max|U_ii|=6061.07 ratio=7.3559e-06 pivots<1e-12: 0
  [LU] n=924 kutta=1 min|U_ii|=0.00354299 max|U_ii|=195565 ratio=1.81167e-08 pivots<1e-12: 0
  [LU] n=924 kutta=1 min|U_ii|=0.00354299 max|U_ii|=195565 ratio=1.81167e-08 pivots<1e-12: 0
  [LU] n=924 kutta=1 min|U_ii|=0.0049059 max|U_ii|=111026 ratio=4.41868e-08 pivots<1e-12: 0
  [LU] n=2520 kutta=1 min|U_ii|=0.0445846 max|U_ii|=6061.07 ratio=7.3559e-06 pivots<1e-12: 0
  [LU] n=924 kutta=1 min|U_ii|=0.00354299 max|U_ii|=195565 ratio=1.81167e-08 pivots<1e-12: 0
  [LU] n=924 kutta=1 min|U_ii|=0.00354299 max|U_ii|=195565 ratio=1.81167e-08 pivots<1e-12: 0
  [LU] n=924 kutta=1 min|U_ii|=0.0049059 max|U_ii|=111026 ratio=4.41868e-08 pivots<1e-12: 0
  [LU] n=2520 kutta=1 min|U_ii|=0.0445846 max|U_ii|=6061.07 ratio=7.3559e-06 pivots<1e-12: 0
  [LU] n=924 kutta=1 min|U_ii|=0.00354299 max|U_ii|=195565 ratio=1.81167e-08 pivots<1e-12: 0
  [LU] n=924 kutta=1 min|U_ii|=0.00354299 max|U_ii|=195565 ratio=1.81167e-08 pivots<1e-12: 0
  [LU] n=924 kutta=1 min|U_ii|=0.0049059 max|U_ii|=111026 ratio=4.41868e-08 pivots<1e-12: 0
  [LU] n=2520 kutta=1 min|U_ii|=0.0445846 max|U_ii|=6061.07 ratio=7.3559e-06 pivots<1e-12: 0
  [LU] n=924 kutta=1 min|U_ii|=0.00354299 max|U_ii|=195565 ratio=1.81167e-08 pivots<1e-12: 0
  [LU] n=924 kutta=1 min|U_ii|=0.00354299 max|U_ii|=195565 ratio=1.81167e-08 pivots<1e-12: 0
  [LU] n=924 kutta=1 min|U_ii|=0.0049059 max|U_ii|=111026 ratio=4.41868e-08 pivots<1e-12: 0
  [LU] n=2520 kutta=1 min|U_ii|=0.0445846 max|U_ii|=6061.07 ratio=7.3559e-06 pivots<1e-12: 0
  [LU] n=924 kutta=1 min|U_ii|=0.00354299 max|U_ii|=195565 ratio=1.81167e-08 pivots<1e-12: 0
  [LU] n=924 kutta=1 min|U_ii|=0.00354299 max|U_ii|=195565 ratio=1.81167e-08 pivots<1e-12: 0
  [LU] n=924 kutta=1 min|U_ii|=0.0049059 max|U_ii|=111026 ratio=4.41868e-08 pivots<1e-12: 0
  [LU] n=2520 kutta=1 min|U_ii|=0.0445846 max|U_ii|=6061.07 ratio=7.3559e-06 pivots<1e-12: 0
  [LU] n=924 kutta=1 min|U_ii|=0.00354299 max|U_ii|=195565 ratio=1.81167e-08 pivots<1e-12: 0
  [LU] n=924 kutta=1 min|U_ii|=0.00354299 max|U_ii|=195565 ratio=1.81167e-08 pivots<1e-12: 0
  [LU] n=924 kutta=1 min|U_ii|=0.0049059 max|U_ii|=111026 ratio=4.41868e-08 pivots<1e-12: 0
  [LU] n=2520 kutta=1 min|U_ii|=0.0445846 max|U_ii|=6061.07 ratio=7.3559e-06 pivots<1e-12: 0
  [LU] n=924 kutta=1 min|U_ii|=0.00354299 max|U_ii|=195565 ratio=1.81167e-08 pivots<1e-12: 0
  [LU] n=924 kutta=1 min|U_ii|=0.00354299 max|U_ii|=195565 ratio=1.81167e-08 pivots<1e-12: 0
  [LU] n=924 kutta=1 min|U_ii|=0.0049059 max|U_ii|=111026 ratio=4.41868e-08 pivots<1e-12: 0
  [LU] n=2520 kutta=1 min|U_ii|=0.0445846 max|U_ii|=6061.07 ratio=7.3559e-06 pivots<1e-12: 0
  [LU] n=924 kutta=1 min|U_ii|=0.00354299 max|U_ii|=195565 ratio=1.81167e-08 pivots<1e-12: 0
  [LU] n=924 kutta=1 min|U_ii|=0.00354299 max|U_ii|=195565 ratio=1.81167e-08 pivots<1e-12: 0
  [LU] n=924 kutta=1 min|U_ii|=0.0049059 max|U_ii|=111026 ratio=4.41868e-08 pivots<1e-12: 0
  [LU] n=2520 kutta=1 min|U_ii|=0.0445846 max|U_ii|=6061.07 ratio=7.3559e-06 pivots<1e-12: 0
  [LU] n=924 kutta=1 min|U_ii|=0.00354299 max|U_ii|=195565 ratio=1.81167e-08 pivots<1e-12: 0
  [LU] n=924 kutta=1 min|U_ii|=0.00354299 max|U_ii|=195565 ratio=1.81167e-08 pivots<1e-12: 0
  [LU] n=924 kutta=1 min|U_ii|=0.0049059 max|U_ii|=111026 ratio=4.41868e-08 pivots<1e-12: 0
  [LU] n=2520 kutta=1 min|U_ii|=0.0445846 max|U_ii|=6061.07 ratio=7.3559e-06 pivots<1e-12: 0
  [LU] n=924 kutta=1 min|U_ii|=0.00354299 max|U_ii|=195565 ratio=1.81167e-08 pivots<1e-12: 0
  [LU] n=924 kutta=1 min|U_ii|=0.00354299 max|U_ii|=195565 ratio=1.81167e-08 pivots<1e-12: 0
  [LU] n=924 kutta=1 min|U_ii|=0.0049059 max|U_ii|=111026 ratio=4.41868e-08 pivots<1e-12: 0
  [LU] n=2520 kutta=1 min|U_ii|=0.0445846 max|U_ii|=6061.07 ratio=7.3559e-06 pivots<1e-12: 0
  [LU] n=924 kutta=1 min|U_ii|=0.00354299 max|U_ii|=195565 ratio=1.81167e-08 pivots<1e-12: 0
  [LU] n=924 kutta=1 min|U_ii|=0.00354299 max|U_ii|=195565 ratio=1.81167e-08 pivots<1e-12: 0
  [LU] n=924 kutta=1 min|U_ii|=0.0049059 max|U_ii|=111026 ratio=4.41868e-08 pivots<1e-12: 0
  [LU] n=2520 kutta=1 min|U_ii|=0.0445846 max|U_ii|=6061.07 ratio=7.3559e-06 pivots<1e-12: 0
  [LU] n=924 kutta=1 min|U_ii|=0.00354299 max|U_ii|=195565 ratio=1.81167e-08 pivots<1e-12: 0
  [LU] n=924 kutta=1 min|U_ii|=0.00354299 max|U_ii|=195565 ratio=1.81167e-08 pivots<1e-12: 0
  [LU] n=924 kutta=1 min|U_ii|=0.0049059 max|U_ii|=111026 ratio=4.41868e-08 pivots<1e-12: 0
  [LU] n=2520 kutta=1 min|U_ii|=0.0445846 max|U_ii|=6061.07 ratio=7.3559e-06 pivots<1e-12: 0
  [LU] n=924 kutta=1 min|U_ii|=0.00354299 max|U_ii|=195565 ratio=1.81167e-08 pivots<1e-12: 0
  [LU] n=924 kutta=1 min|U_ii|=0.00354299 max|U_ii|=195565 ratio=1.81167e-08 pivots<1e-12: 0
  [LU] n=924 kutta=1 min|U_ii|=0.0049059 max|U_ii|=111026 ratio=4.41868e-08 pivots<1e-12: 0
  [LU] n=2520 kutta=1 min|U_ii|=0.0445846 max|U_ii|=6061.07 ratio=7.3559e-06 pivots<1e-12: 0
  [LU] n=924 kutta=1 min|U_ii|=0.00354299 max|U_ii|=195565 ratio=1.81167e-08 pivots<1e-12: 0
  [LU] n=924 kutta=1 min|U_ii|=0.00354299 max|U_ii|=195565 ratio=1.81167e-08 pivots<1e-12: 0
  [LU] n=924 kutta=1 min|U_ii|=0.0049059 max|U_ii|=111026 ratio=4.41868e-08 pivots<1e-12: 0
  [LU] n=2520 kutta=1 min|U_ii|=0.0445846 max|U_ii|=6061.07 ratio=7.3559e-06 pivots<1e-12: 0
  [LU] n=924 kutta=1 min|U_ii|=0.00354299 max|U_ii|=195565 ratio=1.81167e-08 pivots<1e-12: 0
  [LU] n=924 kutta=1 min|U_ii|=0.00354299 max|U_ii|=195565 ratio=1.81167e-08 pivots<1e-12: 0
  [LU] n=924 kutta=1 min|U_ii|=0.0049059 max|U_ii|=111026 ratio=4.41868e-08 pivots<1e-12: 0
  [LU] n=2520 kutta=1 min|U_ii|=0.0445846 max|U_ii|=6061.07 ratio=7.3559e-06 pivots<1e-12: 0
  [LU] n=924 kutta=1 min|U_ii|=0.00354299 max|U_ii|=195565 ratio=1.81167e-08 pivots<1e-12: 0
  [LU] n=924 kutta=1 min|U_ii|=0.00354299 max|U_ii|=195565 ratio=1.81167e-08 pivots<1e-12: 0
  [LU] n=924 kutta=1 min|U_ii|=0.0049059 max|U_ii|=111026 ratio=4.41868e-08 pivots<1e-12: 0
  [LU] n=2520 kutta=1 min|U_ii|=0.0445846 max|U_ii|=6061.07 ratio=7.3559e-06 pivots<1e-12: 0
  [LU] n=924 kutta=1 min|U_ii|=0.00354299 max|U_ii|=195565 ratio=1.81167e-08 pivots<1e-12: 0
  [LU] n=924 kutta=1 min|U_ii|=0.00354299 max|U_ii|=195565 ratio=1.81167e-08 pivots<1e-12: 0
  [LU] n=924 kutta=1 min|U_ii|=0.0049059 max|U_ii|=111026 ratio=4.41868e-08 pivots<1e-12: 0
  [LU] n=2520 kutta=1 min|U_ii|=0.0445846 max|U_ii|=6061.07 ratio=7.3559e-06 pivots<1e-12: 0
  [LU] n=924 kutta=1 min|U_ii|=0.00354299 max|U_ii|=195565 ratio=1.81167e-08 pivots<1e-12: 0
  [LU] n=924 kutta=1 min|U_ii|=0.00354299 max|U_ii|=195565 ratio=1.81167e-08 pivots<1e-12: 0
  [LU] n=924 kutta=1 min|U_ii|=0.0049059 max|U_ii|=111026 ratio=4.41868e-08 pivots<1e-12: 0
  [LU] n=2520 kutta=1 min|U_ii|=0.0445846 max|U_ii|=6061.07 ratio=7.3559e-06 pivots<1e-12: 0
  [LU] n=924 kutta=1 min|U_ii|=0.00354299 max|U_ii|=195565 ratio=1.81167e-08 pivots<1e-12: 0
  [LU] n=924 kutta=1 min|U_ii|=0.00354299 max|U_ii|=195565 ratio=1.81167e-08 pivots<1e-12: 0
  [LU] n=924 kutta=1 min|U_ii|=0.0049059 max|U_ii|=111026 ratio=4.41868e-08 pivots<1e-12: 0
  [LU] n=2520 kutta=1 min|U_ii|=0.0445846 max|U_ii|=6061.07 ratio=7.3559e-06 pivots<1e-12: 0
  [LU] n=924 kutta=1 min|U_ii|=0.00354299 max|U_ii|=195565 ratio=1.81167e-08 pivots<1e-12: 0
  [LU] n=924 kutta=1 min|U_ii|=0.00354299 max|U_ii|=195565 ratio=1.81167e-08 pivots<1e-12: 0
  [LU] n=924 kutta=1 min|U_ii|=0.0049059 max|U_ii|=111026 ratio=4.41868e-08 pivots<1e-12: 0
  [LU] n=2520 kutta=1 min|U_ii|=0.0445846 max|U_ii|=6061.07 ratio=7.3559e-06 pivots<1e-12: 0
  [LU] n=924 kutta=1 min|U_ii|=0.00354299 max|U_ii|=195565 ratio=1.81167e-08 pivots<1e-12: 0
  [LU] n=924 kutta=1 min|U_ii|=0.00354299 max|U_ii|=195565 ratio=1.81167e-08 pivots<1e-12: 0
  [LU] n=924 kutta=1 min|U_ii|=0.0049059 max|U_ii|=111026 ratio=4.41868e-08 pivots<1e-12: 0
  [LU] n=2520 kutta=1 min|U_ii|=0.0445846 max|U_ii|=6061.07 ratio=7.3559e-06 pivots<1e-12: 0
  [LU] n=924 kutta=1 min|U_ii|=0.00354299 max|U_ii|=195565 ratio=1.81167e-08 pivots<1e-12: 0
  [LU] n=924 kutta=1 min|U_ii|=0.00354299 max|U_ii|=195565 ratio=1.81167e-08 pivots<1e-12: 0
  [LU] n=924 kutta=1 min|U_ii|=0.0049059 max|U_ii|=111026 ratio=4.41868e-08 pivots<1e-12: 0
  [LU] n=2520 kutta=1 min|U_ii|=0.0445846 max|U_ii|=6061.07 ratio=7.3559e-06 pivots<1e-12: 0
  [LU] n=924 kutta=1 min|U_ii|=0.00354299 max|U_ii|=195565 ratio=1.81167e-08 pivots<1e-12: 0
  [LU] n=924 kutta=1 min|U_ii|=0.00354299 max|U_ii|=195565 ratio=1.81167e-08 pivots<1e-12: 0
  [LU] n=924 kutta=1 min|U_ii|=0.0049059 max|U_ii|=111026 ratio=4.41868e-08 pivots<1e-12: 0
  [LU] n=2520 kutta=1 min|U_ii|=0.0445846 max|U_ii|=6061.07 ratio=7.3559e-06 pivots<1e-12: 0
  [LU] n=924 kutta=1 min|U_ii|=0.00354299 max|U_ii|=195565 ratio=1.81167e-08 pivots<1e-12: 0
  rotor 0 hs3d: jump/seed=1  spans_with_pairs=40  max|mu|=504  kutta_rows=80  max_kutta_residual=3.06e-09  sum|te_jump|=53.5  [kutta on]
  [LU] n=924 kutta=1 min|U_ii|=0.00354299 max|U_ii|=195565 ratio=1.81167e-08 pivots<1e-12: 0
  rotor 1 hs3d: jump/seed=1  spans_with_pairs=40  max|mu|=556  kutta_rows=80  max_kutta_residual=2.57e-09  sum|te_jump|=45.8  [kutta on]
  [LU] n=924 kutta=1 min|U_ii|=0.0049059 max|U_ii|=111026 ratio=4.41868e-08 pivots<1e-12: 0
  rotor 2 hs3d: jump/seed=1  spans_with_pairs=40  max|mu|=381  kutta_rows=80  max_kutta_residual=1.87e-09  sum|te_jump|=37  [kutta on]
  [LU] n=2520 kutta=1 min|U_ii|=0.0445846 max|U_ii|=6061.07 ratio=7.3559e-06 pivots<1e-12: 0
  [LU] n=924 kutta=1 min|U_ii|=0.00354299 max|U_ii|=195565 ratio=1.81167e-08 pivots<1e-12: 0
  [LU] n=924 kutta=1 min|U_ii|=0.00354299 max|U_ii|=195565 ratio=1.81167e-08 pivots<1e-12: 0
  [LU] n=924 kutta=1 min|U_ii|=0.0049059 max|U_ii|=111026 ratio=4.41868e-08 pivots<1e-12: 0
  [LU] n=2520 kutta=1 min|U_ii|=0.0445846 max|U_ii|=6061.07 ratio=7.3559e-06 pivots<1e-12: 0
  fuselage: panels=3280 max_neumann_residual=4.24e-14
  body Fz: inst=-0.388 quasi-steady=-0.388 | 162-step mean=-0.37 (qs -0.37)  [window not yet full]
  wing: F=(4.88, -0.112, -19.9) N  Mx=1.92 Nm  max|mu|=366  max_vsurf=0 m/s  strips=19
  fuselage hs3d: F=(-910, -541, 2.11e+03) N  Mx=-2.73e+03 Nm  max|mu|=18.6  max_vsurf=1.16e+04 m/s
step=100 particles=26866 total_thrust_N=37.7 total_torque_Nm=0.236
  timing after step 100 (cumulative s, % of loop):
    rotor panels + wake->panel vel          0.84 s     1.6 %
    wake->fuselage vel                      0.80 s     1.6 %
    panel assemble + dense solve           18.53 s    36.2 %
    strip polar loads                       0.11 s     0.2 %
    rotor rings->fuselage vel               1.78 s     3.5 %
    fuselage source self (vel+phi)         13.49 s    26.4 %
    fuselage->rotor vel                     0.53 s     1.0 %
    ring d(phi)/dt                          1.07 s     2.1 %
    TE particle emission                    0.05 s     0.1 %
    wake advect (RK4)                       9.46 s    18.5 %
    fuselage blockage on particles          0.37 s     0.7 %
    wake age trim                           0.14 s     0.3 %
    VTK / Q-criterion output                2.61 s     5.1 %
    unattributed (host bookkeeping)         1.40 s     2.7 %
    TOTAL loop                             51.16 s  (0.507 s/step avg)
  [LU] n=924 kutta=1 min|U_ii|=0.00354299 max|U_ii|=195565 ratio=1.81167e-08 pivots<1e-12: 0
  [LU] n=924 kutta=1 min|U_ii|=0.00354299 max|U_ii|=195565 ratio=1.81167e-08 pivots<1e-12: 0
  [LU] n=924 kutta=1 min|U_ii|=0.0049059 max|U_ii|=111026 ratio=4.41868e-08 pivots<1e-12: 0
  [LU] n=2520 kutta=1 min|U_ii|=0.0445846 max|U_ii|=6061.07 ratio=7.3559e-06 pivots<1e-12: 0
  [LU] n=924 kutta=1 min|U_ii|=0.00354299 max|U_ii|=195565 ratio=1.81167e-08 pivots<1e-12: 0
  [LU] n=924 kutta=1 min|U_ii|=0.00354299 max|U_ii|=195565 ratio=1.81167e-08 pivots<1e-12: 0
  [LU] n=924 kutta=1 min|U_ii|=0.0049059 max|U_ii|=111026 ratio=4.41868e-08 pivots<1e-12: 0
  [LU] n=2520 kutta=1 min|U_ii|=0.0445846 max|U_ii|=6061.07 ratio=7.3559e-06 pivots<1e-12: 0
  [LU] n=924 kutta=1 min|U_ii|=0.00354299 max|U_ii|=195565 ratio=1.81167e-08 pivots<1e-12: 0
  [LU] n=924 kutta=1 min|U_ii|=0.00354299 max|U_ii|=195565 ratio=1.81167e-08 pivots<1e-12: 0
  [LU] n=924 kutta=1 min|U_ii|=0.0049059 max|U_ii|=111026 ratio=4.41868e-08 pivots<1e-12: 0
  [LU] n=2520 kutta=1 min|U_ii|=0.0445846 max|U_ii|=6061.07 ratio=7.3559e-06 pivots<1e-12: 0
  [LU] n=924 kutta=1 min|U_ii|=0.00354299 max|U_ii|=195565 ratio=1.81167e-08 pivots<1e-12: 0
  [LU] n=924 kutta=1 min|U_ii|=0.00354299 max|U_ii|=195565 ratio=1.81167e-08 pivots<1e-12: 0
  [LU] n=924 kutta=1 min|U_ii|=0.0049059 max|U_ii|=111026 ratio=4.41868e-08 pivots<1e-12: 0
  [LU] n=2520 kutta=1 min|U_ii|=0.0445846 max|U_ii|=6061.07 ratio=7.3559e-06 pivots<1e-12: 0
  [LU] n=924 kutta=1 min|U_ii|=0.00354299 max|U_ii|=195565 ratio=1.81167e-08 pivots<1e-12: 0
  [LU] n=924 kutta=1 min|U_ii|=0.00354299 max|U_ii|=195565 ratio=1.81167e-08 pivots<1e-12: 0
  [LU] n=924 kutta=1 min|U_ii|=0.0049059 max|U_ii|=111026 ratio=4.41868e-08 pivots<1e-12: 0
  [LU] n=2520 kutta=1 min|U_ii|=0.0445846 max|U_ii|=6061.07 ratio=7.3559e-06 pivots<1e-12: 0
  [LU] n=924 kutta=1 min|U_ii|=0.00354299 max|U_ii|=195565 ratio=1.81167e-08 pivots<1e-12: 0
  [LU] n=924 kutta=1 min|U_ii|=0.00354299 max|U_ii|=195565 ratio=1.81167e-08 pivots<1e-12: 0
  [LU] n=924 kutta=1 min|U_ii|=0.0049059 max|U_ii|=111026 ratio=4.41868e-08 pivots<1e-12: 0
  [LU] n=2520 kutta=1 min|U_ii|=0.0445846 max|U_ii|=6061.07 ratio=7.3559e-06 pivots<1e-12: 0
  [LU] n=924 kutta=1 min|U_ii|=0.00354299 max|U_ii|=195565 ratio=1.81167e-08 pivots<1e-12: 0
  [LU] n=924 kutta=1 min|U_ii|=0.00354299 max|U_ii|=195565 ratio=1.81167e-08 pivots<1e-12: 0
  [LU] n=924 kutta=1 min|U_ii|=0.0049059 max|U_ii|=111026 ratio=4.41868e-08 pivots<1e-12: 0
  [LU] n=2520 kutta=1 min|U_ii|=0.0445846 max|U_ii|=6061.07 ratio=7.3559e-06 pivots<1e-12: 0
  [LU] n=924 kutta=1 min|U_ii|=0.00354299 max|U_ii|=195565 ratio=1.81167e-08 pivots<1e-12: 0
  [LU] n=924 kutta=1 min|U_ii|=0.00354299 max|U_ii|=195565 ratio=1.81167e-08 pivots<1e-12: 0
  [LU] n=924 kutta=1 min|U_ii|=0.0049059 max|U_ii|=111026 ratio=4.41868e-08 pivots<1e-12: 0
  [LU] n=2520 kutta=1 min|U_ii|=0.0445846 max|U_ii|=6061.07 ratio=7.3559e-06 pivots<1e-12: 0
  [LU] n=924 kutta=1 min|U_ii|=0.00354299 max|U_ii|=195565 ratio=1.81167e-08 pivots<1e-12: 0
  [LU] n=924 kutta=1 min|U_ii|=0.00354299 max|U_ii|=195565 ratio=1.81167e-08 pivots<1e-12: 0
  [LU] n=924 kutta=1 min|U_ii|=0.0049059 max|U_ii|=111026 ratio=4.41868e-08 pivots<1e-12: 0
  [LU] n=2520 kutta=1 min|U_ii|=0.0445846 max|U_ii|=6061.07 ratio=7.3559e-06 pivots<1e-12: 0
  [LU] n=924 kutta=1 min|U_ii|=0.00354299 max|U_ii|=195565 ratio=1.81167e-08 pivots<1e-12: 0
  [LU] n=924 kutta=1 min|U_ii|=0.00354299 max|U_ii|=195565 ratio=1.81167e-08 pivots<1e-12: 0
  [LU] n=924 kutta=1 min|U_ii|=0.0049059 max|U_ii|=111026 ratio=4.41868e-08 pivots<1e-12: 0
  [LU] n=2520 kutta=1 min|U_ii|=0.0445846 max|U_ii|=6061.07 ratio=7.3559e-06 pivots<1e-12: 0
  [LU] n=924 kutta=1 min|U_ii|=0.00354299 max|U_ii|=195565 ratio=1.81167e-08 pivots<1e-12: 0
  [LU] n=924 kutta=1 min|U_ii|=0.00354299 max|U_ii|=195565 ratio=1.81167e-08 pivots<1e-12: 0
  [LU] n=924 kutta=1 min|U_ii|=0.0049059 max|U_ii|=111026 ratio=4.41868e-08 pivots<1e-12: 0
  [LU] n=2520 kutta=1 min|U_ii|=0.0445846 max|U_ii|=6061.07 ratio=7.3559e-06 pivots<1e-12: 0
  [LU] n=924 kutta=1 min|U_ii|=0.00354299 max|U_ii|=195565 ratio=1.81167e-08 pivots<1e-12: 0
  [LU] n=924 kutta=1 min|U_ii|=0.00354299 max|U_ii|=195565 ratio=1.81167e-08 pivots<1e-12: 0
  [LU] n=924 kutta=1 min|U_ii|=0.0049059 max|U_ii|=111026 ratio=4.41868e-08 pivots<1e-12: 0
  [LU] n=2520 kutta=1 min|U_ii|=0.0445846 max|U_ii|=6061.07 ratio=7.3559e-06 pivots<1e-12: 0
  [LU] n=924 kutta=1 min|U_ii|=0.00354299 max|U_ii|=195565 ratio=1.81167e-08 pivots<1e-12: 0
  [LU] n=924 kutta=1 min|U_ii|=0.00354299 max|U_ii|=195565 ratio=1.81167e-08 pivots<1e-12: 0
  [LU] n=924 kutta=1 min|U_ii|=0.0049059 max|U_ii|=111026 ratio=4.41868e-08 pivots<1e-12: 0
  [LU] n=2520 kutta=1 min|U_ii|=0.0445846 max|U_ii|=6061.07 ratio=7.3559e-06 pivots<1e-12: 0
  [LU] n=924 kutta=1 min|U_ii|=0.00354299 max|U_ii|=195565 ratio=1.81167e-08 pivots<1e-12: 0
  [LU] n=924 kutta=1 min|U_ii|=0.00354299 max|U_ii|=195565 ratio=1.81167e-08 pivots<1e-12: 0
  [LU] n=924 kutta=1 min|U_ii|=0.0049059 max|U_ii|=111026 ratio=4.41868e-08 pivots<1e-12: 0
  [LU] n=2520 kutta=1 min|U_ii|=0.0445846 max|U_ii|=6061.07 ratio=7.3559e-06 pivots<1e-12: 0
  [LU] n=924 kutta=1 min|U_ii|=0.00354299 max|U_ii|=195565 ratio=1.81167e-08 pivots<1e-12: 0
  [LU] n=924 kutta=1 min|U_ii|=0.00354299 max|U_ii|=195565 ratio=1.81167e-08 pivots<1e-12: 0
  [LU] n=924 kutta=1 min|U_ii|=0.0049059 max|U_ii|=111026 ratio=4.41868e-08 pivots<1e-12: 0
  [LU] n=2520 kutta=1 min|U_ii|=0.0445846 max|U_ii|=6061.07 ratio=7.3559e-06 pivots<1e-12: 0
  [LU] n=924 kutta=1 min|U_ii|=0.00354299 max|U_ii|=195565 ratio=1.81167e-08 pivots<1e-12: 0
  [LU] n=924 kutta=1 min|U_ii|=0.00354299 max|U_ii|=195565 ratio=1.81167e-08 pivots<1e-12: 0
  [LU] n=924 kutta=1 min|U_ii|=0.0049059 max|U_ii|=111026 ratio=4.41868e-08 pivots<1e-12: 0
  [LU] n=2520 kutta=1 min|U_ii|=0.0445846 max|U_ii|=6061.07 ratio=7.3559e-06 pivots<1e-12: 0
  [LU] n=924 kutta=1 min|U_ii|=0.00354299 max|U_ii|=195565 ratio=1.81167e-08 pivots<1e-12: 0
  [LU] n=924 kutta=1 min|U_ii|=0.00354299 max|U_ii|=195565 ratio=1.81167e-08 pivots<1e-12: 0
  [LU] n=924 kutta=1 min|U_ii|=0.0049059 max|U_ii|=111026 ratio=4.41868e-08 pivots<1e-12: 0
  [LU] n=2520 kutta=1 min|U_ii|=0.0445846 max|U_ii|=6061.07 ratio=7.3559e-06 pivots<1e-12: 0
  [LU] n=924 kutta=1 min|U_ii|=0.00354299 max|U_ii|=195565 ratio=1.81167e-08 pivots<1e-12: 0
  [LU] n=924 kutta=1 min|U_ii|=0.00354299 max|U_ii|=195565 ratio=1.81167e-08 pivots<1e-12: 0
  [LU] n=924 kutta=1 min|U_ii|=0.0049059 max|U_ii|=111026 ratio=4.41868e-08 pivots<1e-12: 0
  [LU] n=2520 kutta=1 min|U_ii|=0.0445846 max|U_ii|=6061.07 ratio=7.3559e-06 pivots<1e-12: 0
  [LU] n=924 kutta=1 min|U_ii|=0.00354299 max|U_ii|=195565 ratio=1.81167e-08 pivots<1e-12: 0
  [LU] n=924 kutta=1 min|U_ii|=0.00354299 max|U_ii|=195565 ratio=1.81167e-08 pivots<1e-12: 0
  [LU] n=924 kutta=1 min|U_ii|=0.0049059 max|U_ii|=111026 ratio=4.41868e-08 pivots<1e-12: 0
  [LU] n=2520 kutta=1 min|U_ii|=0.0445846 max|U_ii|=6061.07 ratio=7.3559e-06 pivots<1e-12: 0
  [LU] n=924 kutta=1 min|U_ii|=0.00354299 max|U_ii|=195565 ratio=1.81167e-08 pivots<1e-12: 0
  [LU] n=924 kutta=1 min|U_ii|=0.00354299 max|U_ii|=195565 ratio=1.81167e-08 pivots<1e-12: 0
  [LU] n=924 kutta=1 min|U_ii|=0.0049059 max|U_ii|=111026 ratio=4.41868e-08 pivots<1e-12: 0
  [LU] n=2520 kutta=1 min|U_ii|=0.0445846 max|U_ii|=6061.07 ratio=7.3559e-06 pivots<1e-12: 0
  [LU] n=924 kutta=1 min|U_ii|=0.00354299 max|U_ii|=195565 ratio=1.81167e-08 pivots<1e-12: 0
  [LU] n=924 kutta=1 min|U_ii|=0.00354299 max|U_ii|=195565 ratio=1.81167e-08 pivots<1e-12: 0
  [LU] n=924 kutta=1 min|U_ii|=0.0049059 max|U_ii|=111026 ratio=4.41868e-08 pivots<1e-12: 0
  [LU] n=2520 kutta=1 min|U_ii|=0.0445846 max|U_ii|=6061.07 ratio=7.3559e-06 pivots<1e-12: 0
  [LU] n=924 kutta=1 min|U_ii|=0.00354299 max|U_ii|=195565 ratio=1.81167e-08 pivots<1e-12: 0
  [LU] n=924 kutta=1 min|U_ii|=0.00354299 max|U_ii|=195565 ratio=1.81167e-08 pivots<1e-12: 0
  [LU] n=924 kutta=1 min|U_ii|=0.0049059 max|U_ii|=111026 ratio=4.41868e-08 pivots<1e-12: 0
  [LU] n=2520 kutta=1 min|U_ii|=0.0445846 max|U_ii|=6061.07 ratio=7.3559e-06 pivots<1e-12: 0
  [LU] n=924 kutta=1 min|U_ii|=0.00354299 max|U_ii|=195565 ratio=1.81167e-08 pivots<1e-12: 0
  [LU] n=924 kutta=1 min|U_ii|=0.00354299 max|U_ii|=195565 ratio=1.81167e-08 pivots<1e-12: 0
  [LU] n=924 kutta=1 min|U_ii|=0.0049059 max|U_ii|=111026 ratio=4.41868e-08 pivots<1e-12: 0
  [LU] n=2520 kutta=1 min|U_ii|=0.0445846 max|U_ii|=6061.07 ratio=7.3559e-06 pivots<1e-12: 0
  [LU] n=924 kutta=1 min|U_ii|=0.00354299 max|U_ii|=195565 ratio=1.81167e-08 pivots<1e-12: 0
  [LU] n=924 kutta=1 min|U_ii|=0.00354299 max|U_ii|=195565 ratio=1.81167e-08 pivots<1e-12: 0
  [LU] n=924 kutta=1 min|U_ii|=0.0049059 max|U_ii|=111026 ratio=4.41868e-08 pivots<1e-12: 0
  [LU] n=2520 kutta=1 min|U_ii|=0.0445846 max|U_ii|=6061.07 ratio=7.3559e-06 pivots<1e-12: 0
  [LU] n=924 kutta=1 min|U_ii|=0.00354299 max|U_ii|=195565 ratio=1.81167e-08 pivots<1e-12: 0
  [LU] n=924 kutta=1 min|U_ii|=0.00354299 max|U_ii|=195565 ratio=1.81167e-08 pivots<1e-12: 0
  [LU] n=924 kutta=1 min|U_ii|=0.0049059 max|U_ii|=111026 ratio=4.41868e-08 pivots<1e-12: 0
  [LU] n=2520 kutta=1 min|U_ii|=0.0445846 max|U_ii|=6061.07 ratio=7.3559e-06 pivots<1e-12: 0
  [LU] n=924 kutta=1 min|U_ii|=0.00354299 max|U_ii|=195565 ratio=1.81167e-08 pivots<1e-12: 0
  [LU] n=924 kutta=1 min|U_ii|=0.00354299 max|U_ii|=195565 ratio=1.81167e-08 pivots<1e-12: 0
  [LU] n=924 kutta=1 min|U_ii|=0.0049059 max|U_ii|=111026 ratio=4.41868e-08 pivots<1e-12: 0
  [LU] n=2520 kutta=1 min|U_ii|=0.0445846 max|U_ii|=6061.07 ratio=7.3559e-06 pivots<1e-12: 0
  [LU] n=924 kutta=1 min|U_ii|=0.00354299 max|U_ii|=195565 ratio=1.81167e-08 pivots<1e-12: 0
  [LU] n=924 kutta=1 min|U_ii|=0.00354299 max|U_ii|=195565 ratio=1.81167e-08 pivots<1e-12: 0
  [LU] n=924 kutta=1 min|U_ii|=0.0049059 max|U_ii|=111026 ratio=4.41868e-08 pivots<1e-12: 0
  [LU] n=2520 kutta=1 min|U_ii|=0.0445846 max|U_ii|=6061.07 ratio=7.3559e-06 pivots<1e-12: 0
  [LU] n=924 kutta=1 min|U_ii|=0.00354299 max|U_ii|=195565 ratio=1.81167e-08 pivots<1e-12: 0
  [LU] n=924 kutta=1 min|U_ii|=0.00354299 max|U_ii|=195565 ratio=1.81167e-08 pivots<1e-12: 0
  [LU] n=924 kutta=1 min|U_ii|=0.0049059 max|U_ii|=111026 ratio=4.41868e-08 pivots<1e-12: 0
  [LU] n=2520 kutta=1 min|U_ii|=0.0445846 max|U_ii|=6061.07 ratio=7.3559e-06 pivots<1e-12: 0
  [LU] n=924 kutta=1 min|U_ii|=0.00354299 max|U_ii|=195565 ratio=1.81167e-08 pivots<1e-12: 0
  [LU] n=924 kutta=1 min|U_ii|=0.00354299 max|U_ii|=195565 ratio=1.81167e-08 pivots<1e-12: 0
  [LU] n=924 kutta=1 min|U_ii|=0.0049059 max|U_ii|=111026 ratio=4.41868e-08 pivots<1e-12: 0
  [LU] n=2520 kutta=1 min|U_ii|=0.0445846 max|U_ii|=6061.07 ratio=7.3559e-06 pivots<1e-12: 0
  [LU] n=924 kutta=1 min|U_ii|=0.00354299 max|U_ii|=195565 ratio=1.81167e-08 pivots<1e-12: 0
  [LU] n=924 kutta=1 min|U_ii|=0.00354299 max|U_ii|=195565 ratio=1.81167e-08 pivots<1e-12: 0
  [LU] n=924 kutta=1 min|U_ii|=0.0049059 max|U_ii|=111026 ratio=4.41868e-08 pivots<1e-12: 0
  [LU] n=2520 kutta=1 min|U_ii|=0.0445846 max|U_ii|=6061.07 ratio=7.3559e-06 pivots<1e-12: 0
  [LU] n=924 kutta=1 min|U_ii|=0.00354299 max|U_ii|=195565 ratio=1.81167e-08 pivots<1e-12: 0
  [LU] n=924 kutta=1 min|U_ii|=0.00354299 max|U_ii|=195565 ratio=1.81167e-08 pivots<1e-12: 0
  [LU] n=924 kutta=1 min|U_ii|=0.0049059 max|U_ii|=111026 ratio=4.41868e-08 pivots<1e-12: 0
  [LU] n=2520 kutta=1 min|U_ii|=0.0445846 max|U_ii|=6061.07 ratio=7.3559e-06 pivots<1e-12: 0
  [LU] n=924 kutta=1 min|U_ii|=0.00354299 max|U_ii|=195565 ratio=1.81167e-08 pivots<1e-12: 0
  [LU] n=924 kutta=1 min|U_ii|=0.00354299 max|U_ii|=195565 ratio=1.81167e-08 pivots<1e-12: 0
  [LU] n=924 kutta=1 min|U_ii|=0.0049059 max|U_ii|=111026 ratio=4.41868e-08 pivots<1e-12: 0
  [LU] n=2520 kutta=1 min|U_ii|=0.0445846 max|U_ii|=6061.07 ratio=7.3559e-06 pivots<1e-12: 0
  [LU] n=924 kutta=1 min|U_ii|=0.00354299 max|U_ii|=195565 ratio=1.81167e-08 pivots<1e-12: 0
  [LU] n=924 kutta=1 min|U_ii|=0.00354299 max|U_ii|=195565 ratio=1.81167e-08 pivots<1e-12: 0
  [LU] n=924 kutta=1 min|U_ii|=0.0049059 max|U_ii|=111026 ratio=4.41868e-08 pivots<1e-12: 0
  [LU] n=2520 kutta=1 min|U_ii|=0.0445846 max|U_ii|=6061.07 ratio=7.3559e-06 pivots<1e-12: 0
  [LU] n=924 kutta=1 min|U_ii|=0.00354299 max|U_ii|=195565 ratio=1.81167e-08 pivots<1e-12: 0
  [LU] n=924 kutta=1 min|U_ii|=0.00354299 max|U_ii|=195565 ratio=1.81167e-08 pivots<1e-12: 0
  [LU] n=924 kutta=1 min|U_ii|=0.0049059 max|U_ii|=111026 ratio=4.41868e-08 pivots<1e-12: 0
  [LU] n=2520 kutta=1 min|U_ii|=0.0445846 max|U_ii|=6061.07 ratio=7.3559e-06 pivots<1e-12: 0
  [LU] n=924 kutta=1 min|U_ii|=0.00354299 max|U_ii|=195565 ratio=1.81167e-08 pivots<1e-12: 0
  [LU] n=924 kutta=1 min|U_ii|=0.00354299 max|U_ii|=195565 ratio=1.81167e-08 pivots<1e-12: 0
  [LU] n=924 kutta=1 min|U_ii|=0.0049059 max|U_ii|=111026 ratio=4.41868e-08 pivots<1e-12: 0
  [LU] n=2520 kutta=1 min|U_ii|=0.0445846 max|U_ii|=6061.07 ratio=7.3559e-06 pivots<1e-12: 0
  [LU] n=924 kutta=1 min|U_ii|=0.00354299 max|U_ii|=195565 ratio=1.81167e-08 pivots<1e-12: 0
  [LU] n=924 kutta=1 min|U_ii|=0.00354299 max|U_ii|=195565 ratio=1.81167e-08 pivots<1e-12: 0
  [LU] n=924 kutta=1 min|U_ii|=0.0049059 max|U_ii|=111026 ratio=4.41868e-08 pivots<1e-12: 0
  [LU] n=2520 kutta=1 min|U_ii|=0.0445846 max|U_ii|=6061.07 ratio=7.3559e-06 pivots<1e-12: 0
  [LU] n=924 kutta=1 min|U_ii|=0.00354299 max|U_ii|=195565 ratio=1.81167e-08 pivots<1e-12: 0
  [LU] n=924 kutta=1 min|U_ii|=0.00354299 max|U_ii|=195565 ratio=1.81167e-08 pivots<1e-12: 0
  [LU] n=924 kutta=1 min|U_ii|=0.0049059 max|U_ii|=111026 ratio=4.41868e-08 pivots<1e-12: 0
  [LU] n=2520 kutta=1 min|U_ii|=0.0445846 max|U_ii|=6061.07 ratio=7.3559e-06 pivots<1e-12: 0
  [LU] n=924 kutta=1 min|U_ii|=0.00354299 max|U_ii|=195565 ratio=1.81167e-08 pivots<1e-12: 0
  [LU] n=924 kutta=1 min|U_ii|=0.00354299 max|U_ii|=195565 ratio=1.81167e-08 pivots<1e-12: 0
  [LU] n=924 kutta=1 min|U_ii|=0.0049059 max|U_ii|=111026 ratio=4.41868e-08 pivots<1e-12: 0
  [LU] n=2520 kutta=1 min|U_ii|=0.0445846 max|U_ii|=6061.07 ratio=7.3559e-06 pivots<1e-12: 0
  [LU] n=924 kutta=1 min|U_ii|=0.00354299 max|U_ii|=195565 ratio=1.81167e-08 pivots<1e-12: 0
  [LU] n=924 kutta=1 min|U_ii|=0.00354299 max|U_ii|=195565 ratio=1.81167e-08 pivots<1e-12: 0
  [LU] n=924 kutta=1 min|U_ii|=0.0049059 max|U_ii|=111026 ratio=4.41868e-08 pivots<1e-12: 0
  [LU] n=2520 kutta=1 min|U_ii|=0.0445846 max|U_ii|=6061.07 ratio=7.3559e-06 pivots<1e-12: 0
  [LU] n=924 kutta=1 min|U_ii|=0.00354299 max|U_ii|=195565 ratio=1.81167e-08 pivots<1e-12: 0
  [LU] n=924 kutta=1 min|U_ii|=0.00354299 max|U_ii|=195565 ratio=1.81167e-08 pivots<1e-12: 0
  [LU] n=924 kutta=1 min|U_ii|=0.0049059 max|U_ii|=111026 ratio=4.41868e-08 pivots<1e-12: 0
  [LU] n=2520 kutta=1 min|U_ii|=0.0445846 max|U_ii|=6061.07 ratio=7.3559e-06 pivots<1e-12: 0
  [LU] n=924 kutta=1 min|U_ii|=0.00354299 max|U_ii|=195565 ratio=1.81167e-08 pivots<1e-12: 0
  [LU] n=924 kutta=1 min|U_ii|=0.00354299 max|U_ii|=195565 ratio=1.81167e-08 pivots<1e-12: 0
  [LU] n=924 kutta=1 min|U_ii|=0.0049059 max|U_ii|=111026 ratio=4.41868e-08 pivots<1e-12: 0
  [LU] n=2520 kutta=1 min|U_ii|=0.0445846 max|U_ii|=6061.07 ratio=7.3559e-06 pivots<1e-12: 0
  [LU] n=924 kutta=1 min|U_ii|=0.00354299 max|U_ii|=195565 ratio=1.81167e-08 pivots<1e-12: 0
  [LU] n=924 kutta=1 min|U_ii|=0.00354299 max|U_ii|=195565 ratio=1.81167e-08 pivots<1e-12: 0
  [LU] n=924 kutta=1 min|U_ii|=0.0049059 max|U_ii|=111026 ratio=4.41868e-08 pivots<1e-12: 0
  [LU] n=2520 kutta=1 min|U_ii|=0.0445846 max|U_ii|=6061.07 ratio=7.3559e-06 pivots<1e-12: 0
  [LU] n=924 kutta=1 min|U_ii|=0.00354299 max|U_ii|=195565 ratio=1.81167e-08 pivots<1e-12: 0
  [LU] n=924 kutta=1 min|U_ii|=0.00354299 max|U_ii|=195565 ratio=1.81167e-08 pivots<1e-12: 0
  [LU] n=924 kutta=1 min|U_ii|=0.0049059 max|U_ii|=111026 ratio=4.41868e-08 pivots<1e-12: 0
  [LU] n=2520 kutta=1 min|U_ii|=0.0445846 max|U_ii|=6061.07 ratio=7.3559e-06 pivots<1e-12: 0
  [LU] n=924 kutta=1 min|U_ii|=0.00354299 max|U_ii|=195565 ratio=1.81167e-08 pivots<1e-12: 0
  [LU] n=924 kutta=1 min|U_ii|=0.00354299 max|U_ii|=195565 ratio=1.81167e-08 pivots<1e-12: 0
  [LU] n=924 kutta=1 min|U_ii|=0.0049059 max|U_ii|=111026 ratio=4.41868e-08 pivots<1e-12: 0
  [LU] n=2520 kutta=1 min|U_ii|=0.0445846 max|U_ii|=6061.07 ratio=7.3559e-06 pivots<1e-12: 0
  [LU] n=924 kutta=1 min|U_ii|=0.00354299 max|U_ii|=195565 ratio=1.81167e-08 pivots<1e-12: 0
  [LU] n=924 kutta=1 min|U_ii|=0.00354299 max|U_ii|=195565 ratio=1.81167e-08 pivots<1e-12: 0
  [LU] n=924 kutta=1 min|U_ii|=0.0049059 max|U_ii|=111026 ratio=4.41868e-08 pivots<1e-12: 0
  [LU] n=2520 kutta=1 min|U_ii|=0.0445846 max|U_ii|=6061.07 ratio=7.3559e-06 pivots<1e-12: 0
  [LU] n=924 kutta=1 min|U_ii|=0.00354299 max|U_ii|=195565 ratio=1.81167e-08 pivots<1e-12: 0
  [LU] n=924 kutta=1 min|U_ii|=0.00354299 max|U_ii|=195565 ratio=1.81167e-08 pivots<1e-12: 0
  [LU] n=924 kutta=1 min|U_ii|=0.0049059 max|U_ii|=111026 ratio=4.41868e-08 pivots<1e-12: 0
  [LU] n=2520 kutta=1 min|U_ii|=0.0445846 max|U_ii|=6061.07 ratio=7.3559e-06 pivots<1e-12: 0
  [LU] n=924 kutta=1 min|U_ii|=0.00354299 max|U_ii|=195565 ratio=1.81167e-08 pivots<1e-12: 0
  [LU] n=924 kutta=1 min|U_ii|=0.00354299 max|U_ii|=195565 ratio=1.81167e-08 pivots<1e-12: 0
  [LU] n=924 kutta=1 min|U_ii|=0.0049059 max|U_ii|=111026 ratio=4.41868e-08 pivots<1e-12: 0
  [LU] n=2520 kutta=1 min|U_ii|=0.0445846 max|U_ii|=6061.07 ratio=7.3559e-06 pivots<1e-12: 0
  [LU] n=924 kutta=1 min|U_ii|=0.00354299 max|U_ii|=195565 ratio=1.81167e-08 pivots<1e-12: 0
  [LU] n=924 kutta=1 min|U_ii|=0.00354299 max|U_ii|=195565 ratio=1.81167e-08 pivots<1e-12: 0
  [LU] n=924 kutta=1 min|U_ii|=0.0049059 max|U_ii|=111026 ratio=4.41868e-08 pivots<1e-12: 0
  [LU] n=2520 kutta=1 min|U_ii|=0.0445846 max|U_ii|=6061.07 ratio=7.3559e-06 pivots<1e-12: 0
  [LU] n=924 kutta=1 min|U_ii|=0.00354299 max|U_ii|=195565 ratio=1.81167e-08 pivots<1e-12: 0
  [LU] n=924 kutta=1 min|U_ii|=0.00354299 max|U_ii|=195565 ratio=1.81167e-08 pivots<1e-12: 0
  [LU] n=924 kutta=1 min|U_ii|=0.0049059 max|U_ii|=111026 ratio=4.41868e-08 pivots<1e-12: 0
  [LU] n=2520 kutta=1 min|U_ii|=0.0445846 max|U_ii|=6061.07 ratio=7.3559e-06 pivots<1e-12: 0
  [LU] n=924 kutta=1 min|U_ii|=0.00354299 max|U_ii|=195565 ratio=1.81167e-08 pivots<1e-12: 0
  [LU] n=924 kutta=1 min|U_ii|=0.00354299 max|U_ii|=195565 ratio=1.81167e-08 pivots<1e-12: 0
  [LU] n=924 kutta=1 min|U_ii|=0.0049059 max|U_ii|=111026 ratio=4.41868e-08 pivots<1e-12: 0
  [LU] n=2520 kutta=1 min|U_ii|=0.0445846 max|U_ii|=6061.07 ratio=7.3559e-06 pivots<1e-12: 0
  [LU] n=924 kutta=1 min|U_ii|=0.00354299 max|U_ii|=195565 ratio=1.81167e-08 pivots<1e-12: 0
  [LU] n=924 kutta=1 min|U_ii|=0.00354299 max|U_ii|=195565 ratio=1.81167e-08 pivots<1e-12: 0
  [LU] n=924 kutta=1 min|U_ii|=0.0049059 max|U_ii|=111026 ratio=4.41868e-08 pivots<1e-12: 0
  [LU] n=2520 kutta=1 min|U_ii|=0.0445846 max|U_ii|=6061.07 ratio=7.3559e-06 pivots<1e-12: 0
  [LU] n=924 kutta=1 min|U_ii|=0.00354299 max|U_ii|=195565 ratio=1.81167e-08 pivots<1e-12: 0
  [LU] n=924 kutta=1 min|U_ii|=0.00354299 max|U_ii|=195565 ratio=1.81167e-08 pivots<1e-12: 0
  [LU] n=924 kutta=1 min|U_ii|=0.0049059 max|U_ii|=111026 ratio=4.41868e-08 pivots<1e-12: 0
  [LU] n=2520 kutta=1 min|U_ii|=0.0445846 max|U_ii|=6061.07 ratio=7.3559e-06 pivots<1e-12: 0
  [LU] n=924 kutta=1 min|U_ii|=0.00354299 max|U_ii|=195565 ratio=1.81167e-08 pivots<1e-12: 0
  [LU] n=924 kutta=1 min|U_ii|=0.00354299 max|U_ii|=195565 ratio=1.81167e-08 pivots<1e-12: 0
  [LU] n=924 kutta=1 min|U_ii|=0.0049059 max|U_ii|=111026 ratio=4.41868e-08 pivots<1e-12: 0
  [LU] n=2520 kutta=1 min|U_ii|=0.0445846 max|U_ii|=6061.07 ratio=7.3559e-06 pivots<1e-12: 0
  [LU] n=924 kutta=1 min|U_ii|=0.00354299 max|U_ii|=195565 ratio=1.81167e-08 pivots<1e-12: 0
  [LU] n=924 kutta=1 min|U_ii|=0.00354299 max|U_ii|=195565 ratio=1.81167e-08 pivots<1e-12: 0
  [LU] n=924 kutta=1 min|U_ii|=0.0049059 max|U_ii|=111026 ratio=4.41868e-08 pivots<1e-12: 0
  [LU] n=2520 kutta=1 min|U_ii|=0.0445846 max|U_ii|=6061.07 ratio=7.3559e-06 pivots<1e-12: 0
  [LU] n=924 kutta=1 min|U_ii|=0.00354299 max|U_ii|=195565 ratio=1.81167e-08 pivots<1e-12: 0
  [LU] n=924 kutta=1 min|U_ii|=0.00354299 max|U_ii|=195565 ratio=1.81167e-08 pivots<1e-12: 0
  [LU] n=924 kutta=1 min|U_ii|=0.0049059 max|U_ii|=111026 ratio=4.41868e-08 pivots<1e-12: 0
  [LU] n=2520 kutta=1 min|U_ii|=0.0445846 max|U_ii|=6061.07 ratio=7.3559e-06 pivots<1e-12: 0
  [LU] n=924 kutta=1 min|U_ii|=0.00354299 max|U_ii|=195565 ratio=1.81167e-08 pivots<1e-12: 0
  [LU] n=924 kutta=1 min|U_ii|=0.00354299 max|U_ii|=195565 ratio=1.81167e-08 pivots<1e-12: 0
  [LU] n=924 kutta=1 min|U_ii|=0.0049059 max|U_ii|=111026 ratio=4.41868e-08 pivots<1e-12: 0
  [LU] n=2520 kutta=1 min|U_ii|=0.0445846 max|U_ii|=6061.07 ratio=7.3559e-06 pivots<1e-12: 0
  [LU] n=924 kutta=1 min|U_ii|=0.00354299 max|U_ii|=195565 ratio=1.81167e-08 pivots<1e-12: 0
  [LU] n=924 kutta=1 min|U_ii|=0.00354299 max|U_ii|=195565 ratio=1.81167e-08 pivots<1e-12: 0
  [LU] n=924 kutta=1 min|U_ii|=0.0049059 max|U_ii|=111026 ratio=4.41868e-08 pivots<1e-12: 0
  [LU] n=2520 kutta=1 min|U_ii|=0.0445846 max|U_ii|=6061.07 ratio=7.3559e-06 pivots<1e-12: 0
  [LU] n=924 kutta=1 min|U_ii|=0.00354299 max|U_ii|=195565 ratio=1.81167e-08 pivots<1e-12: 0
  [LU] n=924 kutta=1 min|U_ii|=0.00354299 max|U_ii|=195565 ratio=1.81167e-08 pivots<1e-12: 0
  [LU] n=924 kutta=1 min|U_ii|=0.0049059 max|U_ii|=111026 ratio=4.41868e-08 pivots<1e-12: 0
  [LU] n=2520 kutta=1 min|U_ii|=0.0445846 max|U_ii|=6061.07 ratio=7.3559e-06 pivots<1e-12: 0
  [LU] n=924 kutta=1 min|U_ii|=0.00354299 max|U_ii|=195565 ratio=1.81167e-08 pivots<1e-12: 0
  [LU] n=924 kutta=1 min|U_ii|=0.00354299 max|U_ii|=195565 ratio=1.81167e-08 pivots<1e-12: 0
  [LU] n=924 kutta=1 min|U_ii|=0.0049059 max|U_ii|=111026 ratio=4.41868e-08 pivots<1e-12: 0
  [LU] n=2520 kutta=1 min|U_ii|=0.0445846 max|U_ii|=6061.07 ratio=7.3559e-06 pivots<1e-12: 0
  [LU] n=924 kutta=1 min|U_ii|=0.00354299 max|U_ii|=195565 ratio=1.81167e-08 pivots<1e-12: 0
  [LU] n=924 kutta=1 min|U_ii|=0.00354299 max|U_ii|=195565 ratio=1.81167e-08 pivots<1e-12: 0
  [LU] n=924 kutta=1 min|U_ii|=0.0049059 max|U_ii|=111026 ratio=4.41868e-08 pivots<1e-12: 0
  [LU] n=2520 kutta=1 min|U_ii|=0.0445846 max|U_ii|=6061.07 ratio=7.3559e-06 pivots<1e-12: 0
  [LU] n=924 kutta=1 min|U_ii|=0.00354299 max|U_ii|=195565 ratio=1.81167e-08 pivots<1e-12: 0
  [LU] n=924 kutta=1 min|U_ii|=0.00354299 max|U_ii|=195565 ratio=1.81167e-08 pivots<1e-12: 0
  [LU] n=924 kutta=1 min|U_ii|=0.0049059 max|U_ii|=111026 ratio=4.41868e-08 pivots<1e-12: 0
  [LU] n=2520 kutta=1 min|U_ii|=0.0445846 max|U_ii|=6061.07 ratio=7.3559e-06 pivots<1e-12: 0
  [LU] n=924 kutta=1 min|U_ii|=0.00354299 max|U_ii|=195565 ratio=1.81167e-08 pivots<1e-12: 0
  [LU] n=924 kutta=1 min|U_ii|=0.00354299 max|U_ii|=195565 ratio=1.81167e-08 pivots<1e-12: 0
  [LU] n=924 kutta=1 min|U_ii|=0.0049059 max|U_ii|=111026 ratio=4.41868e-08 pivots<1e-12: 0
  [LU] n=2520 kutta=1 min|U_ii|=0.0445846 max|U_ii|=6061.07 ratio=7.3559e-06 pivots<1e-12: 0
  [LU] n=924 kutta=1 min|U_ii|=0.00354299 max|U_ii|=195565 ratio=1.81167e-08 pivots<1e-12: 0
  [LU] n=924 kutta=1 min|U_ii|=0.00354299 max|U_ii|=195565 ratio=1.81167e-08 pivots<1e-12: 0
  [LU] n=924 kutta=1 min|U_ii|=0.0049059 max|U_ii|=111026 ratio=4.41868e-08 pivots<1e-12: 0
  [LU] n=2520 kutta=1 min|U_ii|=0.0445846 max|U_ii|=6061.07 ratio=7.3559e-06 pivots<1e-12: 0
  [LU] n=924 kutta=1 min|U_ii|=0.00354299 max|U_ii|=195565 ratio=1.81167e-08 pivots<1e-12: 0
  [LU] n=924 kutta=1 min|U_ii|=0.00354299 max|U_ii|=195565 ratio=1.81167e-08 pivots<1e-12: 0
  [LU] n=924 kutta=1 min|U_ii|=0.0049059 max|U_ii|=111026 ratio=4.41868e-08 pivots<1e-12: 0
  [LU] n=2520 kutta=1 min|U_ii|=0.0445846 max|U_ii|=6061.07 ratio=7.3559e-06 pivots<1e-12: 0
  [LU] n=924 kutta=1 min|U_ii|=0.00354299 max|U_ii|=195565 ratio=1.81167e-08 pivots<1e-12: 0
  [LU] n=924 kutta=1 min|U_ii|=0.00354299 max|U_ii|=195565 ratio=1.81167e-08 pivots<1e-12: 0
  [LU] n=924 kutta=1 min|U_ii|=0.0049059 max|U_ii|=111026 ratio=4.41868e-08 pivots<1e-12: 0
  [LU] n=2520 kutta=1 min|U_ii|=0.0445846 max|U_ii|=6061.07 ratio=7.3559e-06 pivots<1e-12: 0
  [LU] n=924 kutta=1 min|U_ii|=0.00354299 max|U_ii|=195565 ratio=1.81167e-08 pivots<1e-12: 0
  [LU] n=924 kutta=1 min|U_ii|=0.00354299 max|U_ii|=195565 ratio=1.81167e-08 pivots<1e-12: 0
  [LU] n=924 kutta=1 min|U_ii|=0.0049059 max|U_ii|=111026 ratio=4.41868e-08 pivots<1e-12: 0
  [LU] n=2520 kutta=1 min|U_ii|=0.0445846 max|U_ii|=6061.07 ratio=7.3559e-06 pivots<1e-12: 0
  [LU] n=924 kutta=1 min|U_ii|=0.00354299 max|U_ii|=195565 ratio=1.81167e-08 pivots<1e-12: 0
  [LU] n=924 kutta=1 min|U_ii|=0.00354299 max|U_ii|=195565 ratio=1.81167e-08 pivots<1e-12: 0
  [LU] n=924 kutta=1 min|U_ii|=0.0049059 max|U_ii|=111026 ratio=4.41868e-08 pivots<1e-12: 0
  [LU] n=2520 kutta=1 min|U_ii|=0.0445846 max|U_ii|=6061.07 ratio=7.3559e-06 pivots<1e-12: 0
  [LU] n=924 kutta=1 min|U_ii|=0.00354299 max|U_ii|=195565 ratio=1.81167e-08 pivots<1e-12: 0
  [LU] n=924 kutta=1 min|U_ii|=0.00354299 max|U_ii|=195565 ratio=1.81167e-08 pivots<1e-12: 0
  [LU] n=924 kutta=1 min|U_ii|=0.0049059 max|U_ii|=111026 ratio=4.41868e-08 pivots<1e-12: 0
  [LU] n=2520 kutta=1 min|U_ii|=0.0445846 max|U_ii|=6061.07 ratio=7.3559e-06 pivots<1e-12: 0
  [LU] n=924 kutta=1 min|U_ii|=0.00354299 max|U_ii|=195565 ratio=1.81167e-08 pivots<1e-12: 0
  [LU] n=924 kutta=1 min|U_ii|=0.00354299 max|U_ii|=195565 ratio=1.81167e-08 pivots<1e-12: 0
  [LU] n=924 kutta=1 min|U_ii|=0.0049059 max|U_ii|=111026 ratio=4.41868e-08 pivots<1e-12: 0
  [LU] n=2520 kutta=1 min|U_ii|=0.0445846 max|U_ii|=6061.07 ratio=7.3559e-06 pivots<1e-12: 0
  [LU] n=924 kutta=1 min|U_ii|=0.00354299 max|U_ii|=195565 ratio=1.81167e-08 pivots<1e-12: 0
  [LU] n=924 kutta=1 min|U_ii|=0.00354299 max|U_ii|=195565 ratio=1.81167e-08 pivots<1e-12: 0
  [LU] n=924 kutta=1 min|U_ii|=0.0049059 max|U_ii|=111026 ratio=4.41868e-08 pivots<1e-12: 0
  [LU] n=2520 kutta=1 min|U_ii|=0.0445846 max|U_ii|=6061.07 ratio=7.3559e-06 pivots<1e-12: 0
  [LU] n=924 kutta=1 min|U_ii|=0.00354299 max|U_ii|=195565 ratio=1.81167e-08 pivots<1e-12: 0
  [LU] n=924 kutta=1 min|U_ii|=0.00354299 max|U_ii|=195565 ratio=1.81167e-08 pivots<1e-12: 0
  [LU] n=924 kutta=1 min|U_ii|=0.0049059 max|U_ii|=111026 ratio=4.41868e-08 pivots<1e-12: 0
  [LU] n=2520 kutta=1 min|U_ii|=0.0445846 max|U_ii|=6061.07 ratio=7.3559e-06 pivots<1e-12: 0
  [LU] n=924 kutta=1 min|U_ii|=0.00354299 max|U_ii|=195565 ratio=1.81167e-08 pivots<1e-12: 0
  [LU] n=924 kutta=1 min|U_ii|=0.00354299 max|U_ii|=195565 ratio=1.81167e-08 pivots<1e-12: 0
  [LU] n=924 kutta=1 min|U_ii|=0.0049059 max|U_ii|=111026 ratio=4.41868e-08 pivots<1e-12: 0
  [LU] n=2520 kutta=1 min|U_ii|=0.0445846 max|U_ii|=6061.07 ratio=7.3559e-06 pivots<1e-12: 0
  [LU] n=924 kutta=1 min|U_ii|=0.00354299 max|U_ii|=195565 ratio=1.81167e-08 pivots<1e-12: 0
  [LU] n=924 kutta=1 min|U_ii|=0.00354299 max|U_ii|=195565 ratio=1.81167e-08 pivots<1e-12: 0
  [LU] n=924 kutta=1 min|U_ii|=0.0049059 max|U_ii|=111026 ratio=4.41868e-08 pivots<1e-12: 0
  [LU] n=2520 kutta=1 min|U_ii|=0.0445846 max|U_ii|=6061.07 ratio=7.3559e-06 pivots<1e-12: 0
  [LU] n=924 kutta=1 min|U_ii|=0.00354299 max|U_ii|=195565 ratio=1.81167e-08 pivots<1e-12: 0
  [LU] n=924 kutta=1 min|U_ii|=0.00354299 max|U_ii|=195565 ratio=1.81167e-08 pivots<1e-12: 0
  [LU] n=924 kutta=1 min|U_ii|=0.0049059 max|U_ii|=111026 ratio=4.41868e-08 pivots<1e-12: 0
  [LU] n=2520 kutta=1 min|U_ii|=0.0445846 max|U_ii|=6061.07 ratio=7.3559e-06 pivots<1e-12: 0
  [LU] n=924 kutta=1 min|U_ii|=0.00354299 max|U_ii|=195565 ratio=1.81167e-08 pivots<1e-12: 0
  [LU] n=924 kutta=1 min|U_ii|=0.00354299 max|U_ii|=195565 ratio=1.81167e-08 pivots<1e-12: 0
  [LU] n=924 kutta=1 min|U_ii|=0.0049059 max|U_ii|=111026 ratio=4.41868e-08 pivots<1e-12: 0
  [LU] n=2520 kutta=1 min|U_ii|=0.0445846 max|U_ii|=6061.07 ratio=7.3559e-06 pivots<1e-12: 0
  [LU] n=924 kutta=1 min|U_ii|=0.00354299 max|U_ii|=195565 ratio=1.81167e-08 pivots<1e-12: 0
  [LU] n=924 kutta=1 min|U_ii|=0.00354299 max|U_ii|=195565 ratio=1.81167e-08 pivots<1e-12: 0
  [LU] n=924 kutta=1 min|U_ii|=0.0049059 max|U_ii|=111026 ratio=4.41868e-08 pivots<1e-12: 0
  [LU] n=2520 kutta=1 min|U_ii|=0.0445846 max|U_ii|=6061.07 ratio=7.3559e-06 pivots<1e-12: 0
  [LU] n=924 kutta=1 min|U_ii|=0.00354299 max|U_ii|=195565 ratio=1.81167e-08 pivots<1e-12: 0
  [LU] n=924 kutta=1 min|U_ii|=0.00354299 max|U_ii|=195565 ratio=1.81167e-08 pivots<1e-12: 0
  [LU] n=924 kutta=1 min|U_ii|=0.0049059 max|U_ii|=111026 ratio=4.41868e-08 pivots<1e-12: 0
  [LU] n=2520 kutta=1 min|U_ii|=0.0445846 max|U_ii|=6061.07 ratio=7.3559e-06 pivots<1e-12: 0
  [LU] n=924 kutta=1 min|U_ii|=0.00354299 max|U_ii|=195565 ratio=1.81167e-08 pivots<1e-12: 0
  [LU] n=924 kutta=1 min|U_ii|=0.00354299 max|U_ii|=195565 ratio=1.81167e-08 pivots<1e-12: 0
  [LU] n=924 kutta=1 min|U_ii|=0.0049059 max|U_ii|=111026 ratio=4.41868e-08 pivots<1e-12: 0
  [LU] n=2520 kutta=1 min|U_ii|=0.0445846 max|U_ii|=6061.07 ratio=7.3559e-06 pivots<1e-12: 0
  [LU] n=924 kutta=1 min|U_ii|=0.00354299 max|U_ii|=195565 ratio=1.81167e-08 pivots<1e-12: 0
  [LU] n=924 kutta=1 min|U_ii|=0.00354299 max|U_ii|=195565 ratio=1.81167e-08 pivots<1e-12: 0
  [LU] n=924 kutta=1 min|U_ii|=0.0049059 max|U_ii|=111026 ratio=4.41868e-08 pivots<1e-12: 0
  [LU] n=2520 kutta=1 min|U_ii|=0.0445846 max|U_ii|=6061.07 ratio=7.3559e-06 pivots<1e-12: 0
  [LU] n=924 kutta=1 min|U_ii|=0.00354299 max|U_ii|=195565 ratio=1.81167e-08 pivots<1e-12: 0
  [LU] n=924 kutta=1 min|U_ii|=0.00354299 max|U_ii|=195565 ratio=1.81167e-08 pivots<1e-12: 0
  [LU] n=924 kutta=1 min|U_ii|=0.0049059 max|U_ii|=111026 ratio=4.41868e-08 pivots<1e-12: 0
  [LU] n=2520 kutta=1 min|U_ii|=0.0445846 max|U_ii|=6061.07 ratio=7.3559e-06 pivots<1e-12: 0
  [LU] n=924 kutta=1 min|U_ii|=0.00354299 max|U_ii|=195565 ratio=1.81167e-08 pivots<1e-12: 0
  [LU] n=924 kutta=1 min|U_ii|=0.00354299 max|U_ii|=195565 ratio=1.81167e-08 pivots<1e-12: 0
  [LU] n=924 kutta=1 min|U_ii|=0.0049059 max|U_ii|=111026 ratio=4.41868e-08 pivots<1e-12: 0
  [LU] n=2520 kutta=1 min|U_ii|=0.0445846 max|U_ii|=6061.07 ratio=7.3559e-06 pivots<1e-12: 0
  [LU] n=924 kutta=1 min|U_ii|=0.00354299 max|U_ii|=195565 ratio=1.81167e-08 pivots<1e-12: 0
  [LU] n=924 kutta=1 min|U_ii|=0.00354299 max|U_ii|=195565 ratio=1.81167e-08 pivots<1e-12: 0
  [LU] n=924 kutta=1 min|U_ii|=0.0049059 max|U_ii|=111026 ratio=4.41868e-08 pivots<1e-12: 0
  [LU] n=2520 kutta=1 min|U_ii|=0.0445846 max|U_ii|=6061.07 ratio=7.3559e-06 pivots<1e-12: 0
  [LU] n=924 kutta=1 min|U_ii|=0.00354299 max|U_ii|=195565 ratio=1.81167e-08 pivots<1e-12: 0
  [LU] n=924 kutta=1 min|U_ii|=0.00354299 max|U_ii|=195565 ratio=1.81167e-08 pivots<1e-12: 0
  [LU] n=924 kutta=1 min|U_ii|=0.0049059 max|U_ii|=111026 ratio=4.41868e-08 pivots<1e-12: 0
  [LU] n=2520 kutta=1 min|U_ii|=0.0445846 max|U_ii|=6061.07 ratio=7.3559e-06 pivots<1e-12: 0
  [LU] n=924 kutta=1 min|U_ii|=0.00354299 max|U_ii|=195565 ratio=1.81167e-08 pivots<1e-12: 0
  [LU] n=924 kutta=1 min|U_ii|=0.00354299 max|U_ii|=195565 ratio=1.81167e-08 pivots<1e-12: 0
  [LU] n=924 kutta=1 min|U_ii|=0.0049059 max|U_ii|=111026 ratio=4.41868e-08 pivots<1e-12: 0
  [LU] n=2520 kutta=1 min|U_ii|=0.0445846 max|U_ii|=6061.07 ratio=7.3559e-06 pivots<1e-12: 0
  [LU] n=924 kutta=1 min|U_ii|=0.00354299 max|U_ii|=195565 ratio=1.81167e-08 pivots<1e-12: 0
  [LU] n=924 kutta=1 min|U_ii|=0.00354299 max|U_ii|=195565 ratio=1.81167e-08 pivots<1e-12: 0
  [LU] n=924 kutta=1 min|U_ii|=0.0049059 max|U_ii|=111026 ratio=4.41868e-08 pivots<1e-12: 0
  [LU] n=2520 kutta=1 min|U_ii|=0.0445846 max|U_ii|=6061.07 ratio=7.3559e-06 pivots<1e-12: 0
  [LU] n=924 kutta=1 min|U_ii|=0.00354299 max|U_ii|=195565 ratio=1.81167e-08 pivots<1e-12: 0
  [LU] n=924 kutta=1 min|U_ii|=0.00354299 max|U_ii|=195565 ratio=1.81167e-08 pivots<1e-12: 0
  [LU] n=924 kutta=1 min|U_ii|=0.0049059 max|U_ii|=111026 ratio=4.41868e-08 pivots<1e-12: 0
  [LU] n=2520 kutta=1 min|U_ii|=0.0445846 max|U_ii|=6061.07 ratio=7.3559e-06 pivots<1e-12: 0
  [LU] n=924 kutta=1 min|U_ii|=0.00354299 max|U_ii|=195565 ratio=1.81167e-08 pivots<1e-12: 0
  [LU] n=924 kutta=1 min|U_ii|=0.00354299 max|U_ii|=195565 ratio=1.81167e-08 pivots<1e-12: 0
  [LU] n=924 kutta=1 min|U_ii|=0.0049059 max|U_ii|=111026 ratio=4.41868e-08 pivots<1e-12: 0
  [LU] n=2520 kutta=1 min|U_ii|=0.0445846 max|U_ii|=6061.07 ratio=7.3559e-06 pivots<1e-12: 0
  [LU] n=924 kutta=1 min|U_ii|=0.00354299 max|U_ii|=195565 ratio=1.81167e-08 pivots<1e-12: 0
  [LU] n=924 kutta=1 min|U_ii|=0.00354299 max|U_ii|=195565 ratio=1.81167e-08 pivots<1e-12: 0
  [LU] n=924 kutta=1 min|U_ii|=0.0049059 max|U_ii|=111026 ratio=4.41868e-08 pivots<1e-12: 0
  [LU] n=2520 kutta=1 min|U_ii|=0.0445846 max|U_ii|=6061.07 ratio=7.3559e-06 pivots<1e-12: 0
  [LU] n=924 kutta=1 min|U_ii|=0.00354299 max|U_ii|=195565 ratio=1.81167e-08 pivots<1e-12: 0
  [LU] n=924 kutta=1 min|U_ii|=0.00354299 max|U_ii|=195565 ratio=1.81167e-08 pivots<1e-12: 0
  [LU] n=924 kutta=1 min|U_ii|=0.0049059 max|U_ii|=111026 ratio=4.41868e-08 pivots<1e-12: 0
  [LU] n=2520 kutta=1 min|U_ii|=0.0445846 max|U_ii|=6061.07 ratio=7.3559e-06 pivots<1e-12: 0
  [LU] n=924 kutta=1 min|U_ii|=0.00354299 max|U_ii|=195565 ratio=1.81167e-08 pivots<1e-12: 0
  [LU] n=924 kutta=1 min|U_ii|=0.00354299 max|U_ii|=195565 ratio=1.81167e-08 pivots<1e-12: 0
  [LU] n=924 kutta=1 min|U_ii|=0.0049059 max|U_ii|=111026 ratio=4.41868e-08 pivots<1e-12: 0
  [LU] n=2520 kutta=1 min|U_ii|=0.0445846 max|U_ii|=6061.07 ratio=7.3559e-06 pivots<1e-12: 0
  [LU] n=924 kutta=1 min|U_ii|=0.00354299 max|U_ii|=195565 ratio=1.81167e-08 pivots<1e-12: 0
  [LU] n=924 kutta=1 min|U_ii|=0.00354299 max|U_ii|=195565 ratio=1.81167e-08 pivots<1e-12: 0
  [LU] n=924 kutta=1 min|U_ii|=0.0049059 max|U_ii|=111026 ratio=4.41868e-08 pivots<1e-12: 0
  [LU] n=2520 kutta=1 min|U_ii|=0.0445846 max|U_ii|=6061.07 ratio=7.3559e-06 pivots<1e-12: 0
  [LU] n=924 kutta=1 min|U_ii|=0.00354299 max|U_ii|=195565 ratio=1.81167e-08 pivots<1e-12: 0
  [LU] n=924 kutta=1 min|U_ii|=0.00354299 max|U_ii|=195565 ratio=1.81167e-08 pivots<1e-12: 0
  [LU] n=924 kutta=1 min|U_ii|=0.0049059 max|U_ii|=111026 ratio=4.41868e-08 pivots<1e-12: 0
  [LU] n=2520 kutta=1 min|U_ii|=0.0445846 max|U_ii|=6061.07 ratio=7.3559e-06 pivots<1e-12: 0
  [LU] n=924 kutta=1 min|U_ii|=0.00354299 max|U_ii|=195565 ratio=1.81167e-08 pivots<1e-12: 0
  [LU] n=924 kutta=1 min|U_ii|=0.00354299 max|U_ii|=195565 ratio=1.81167e-08 pivots<1e-12: 0
  [LU] n=924 kutta=1 min|U_ii|=0.0049059 max|U_ii|=111026 ratio=4.41868e-08 pivots<1e-12: 0
  [LU] n=2520 kutta=1 min|U_ii|=0.0445846 max|U_ii|=6061.07 ratio=7.3559e-06 pivots<1e-12: 0
  [LU] n=924 kutta=1 min|U_ii|=0.00354299 max|U_ii|=195565 ratio=1.81167e-08 pivots<1e-12: 0
  [LU] n=924 kutta=1 min|U_ii|=0.00354299 max|U_ii|=195565 ratio=1.81167e-08 pivots<1e-12: 0
  [LU] n=924 kutta=1 min|U_ii|=0.0049059 max|U_ii|=111026 ratio=4.41868e-08 pivots<1e-12: 0
  [LU] n=2520 kutta=1 min|U_ii|=0.0445846 max|U_ii|=6061.07 ratio=7.3559e-06 pivots<1e-12: 0
  [LU] n=924 kutta=1 min|U_ii|=0.00354299 max|U_ii|=195565 ratio=1.81167e-08 pivots<1e-12: 0
  [LU] n=924 kutta=1 min|U_ii|=0.00354299 max|U_ii|=195565 ratio=1.81167e-08 pivots<1e-12: 0
  [LU] n=924 kutta=1 min|U_ii|=0.0049059 max|U_ii|=111026 ratio=4.41868e-08 pivots<1e-12: 0
  [LU] n=2520 kutta=1 min|U_ii|=0.0445846 max|U_ii|=6061.07 ratio=7.3559e-06 pivots<1e-12: 0
  [LU] n=924 kutta=1 min|U_ii|=0.00354299 max|U_ii|=195565 ratio=1.81167e-08 pivots<1e-12: 0
  [LU] n=924 kutta=1 min|U_ii|=0.00354299 max|U_ii|=195565 ratio=1.81167e-08 pivots<1e-12: 0
  [LU] n=924 kutta=1 min|U_ii|=0.0049059 max|U_ii|=111026 ratio=4.41868e-08 pivots<1e-12: 0
  [LU] n=2520 kutta=1 min|U_ii|=0.0445846 max|U_ii|=6061.07 ratio=7.3559e-06 pivots<1e-12: 0
  [LU] n=924 kutta=1 min|U_ii|=0.00354299 max|U_ii|=195565 ratio=1.81167e-08 pivots<1e-12: 0
  [LU] n=924 kutta=1 min|U_ii|=0.00354299 max|U_ii|=195565 ratio=1.81167e-08 pivots<1e-12: 0
  [LU] n=924 kutta=1 min|U_ii|=0.0049059 max|U_ii|=111026 ratio=4.41868e-08 pivots<1e-12: 0
  [LU] n=2520 kutta=1 min|U_ii|=0.0445846 max|U_ii|=6061.07 ratio=7.3559e-06 pivots<1e-12: 0
  [LU] n=924 kutta=1 min|U_ii|=0.00354299 max|U_ii|=195565 ratio=1.81167e-08 pivots<1e-12: 0
  [LU] n=924 kutta=1 min|U_ii|=0.00354299 max|U_ii|=195565 ratio=1.81167e-08 pivots<1e-12: 0
  [LU] n=924 kutta=1 min|U_ii|=0.0049059 max|U_ii|=111026 ratio=4.41868e-08 pivots<1e-12: 0
  [LU] n=2520 kutta=1 min|U_ii|=0.0445846 max|U_ii|=6061.07 ratio=7.3559e-06 pivots<1e-12: 0
  [LU] n=924 kutta=1 min|U_ii|=0.00354299 max|U_ii|=195565 ratio=1.81167e-08 pivots<1e-12: 0
  [LU] n=924 kutta=1 min|U_ii|=0.00354299 max|U_ii|=195565 ratio=1.81167e-08 pivots<1e-12: 0
  [LU] n=924 kutta=1 min|U_ii|=0.0049059 max|U_ii|=111026 ratio=4.41868e-08 pivots<1e-12: 0
  [LU] n=2520 kutta=1 min|U_ii|=0.0445846 max|U_ii|=6061.07 ratio=7.3559e-06 pivots<1e-12: 0
  [LU] n=924 kutta=1 min|U_ii|=0.00354299 max|U_ii|=195565 ratio=1.81167e-08 pivots<1e-12: 0
  [LU] n=924 kutta=1 min|U_ii|=0.00354299 max|U_ii|=195565 ratio=1.81167e-08 pivots<1e-12: 0
  [LU] n=924 kutta=1 min|U_ii|=0.0049059 max|U_ii|=111026 ratio=4.41868e-08 pivots<1e-12: 0
  [LU] n=2520 kutta=1 min|U_ii|=0.0445846 max|U_ii|=6061.07 ratio=7.3559e-06 pivots<1e-12: 0
  [LU] n=924 kutta=1 min|U_ii|=0.00354299 max|U_ii|=195565 ratio=1.81167e-08 pivots<1e-12: 0
  [LU] n=924 kutta=1 min|U_ii|=0.00354299 max|U_ii|=195565 ratio=1.81167e-08 pivots<1e-12: 0
  [LU] n=924 kutta=1 min|U_ii|=0.0049059 max|U_ii|=111026 ratio=4.41868e-08 pivots<1e-12: 0
  [LU] n=2520 kutta=1 min|U_ii|=0.0445846 max|U_ii|=6061.07 ratio=7.3559e-06 pivots<1e-12: 0
  [LU] n=924 kutta=1 min|U_ii|=0.00354299 max|U_ii|=195565 ratio=1.81167e-08 pivots<1e-12: 0
  [LU] n=924 kutta=1 min|U_ii|=0.00354299 max|U_ii|=195565 ratio=1.81167e-08 pivots<1e-12: 0
  [LU] n=924 kutta=1 min|U_ii|=0.0049059 max|U_ii|=111026 ratio=4.41868e-08 pivots<1e-12: 0
  [LU] n=2520 kutta=1 min|U_ii|=0.0445846 max|U_ii|=6061.07 ratio=7.3559e-06 pivots<1e-12: 0
  [LU] n=924 kutta=1 min|U_ii|=0.00354299 max|U_ii|=195565 ratio=1.81167e-08 pivots<1e-12: 0
  [LU] n=924 kutta=1 min|U_ii|=0.00354299 max|U_ii|=195565 ratio=1.81167e-08 pivots<1e-12: 0
  [LU] n=924 kutta=1 min|U_ii|=0.0049059 max|U_ii|=111026 ratio=4.41868e-08 pivots<1e-12: 0
  [LU] n=2520 kutta=1 min|U_ii|=0.0445846 max|U_ii|=6061.07 ratio=7.3559e-06 pivots<1e-12: 0
  [LU] n=924 kutta=1 min|U_ii|=0.00354299 max|U_ii|=195565 ratio=1.81167e-08 pivots<1e-12: 0
  [LU] n=924 kutta=1 min|U_ii|=0.00354299 max|U_ii|=195565 ratio=1.81167e-08 pivots<1e-12: 0
  [LU] n=924 kutta=1 min|U_ii|=0.0049059 max|U_ii|=111026 ratio=4.41868e-08 pivots<1e-12: 0
  [LU] n=2520 kutta=1 min|U_ii|=0.0445846 max|U_ii|=6061.07 ratio=7.3559e-06 pivots<1e-12: 0
  [LU] n=924 kutta=1 min|U_ii|=0.00354299 max|U_ii|=195565 ratio=1.81167e-08 pivots<1e-12: 0
  [LU] n=924 kutta=1 min|U_ii|=0.00354299 max|U_ii|=195565 ratio=1.81167e-08 pivots<1e-12: 0
  [LU] n=924 kutta=1 min|U_ii|=0.0049059 max|U_ii|=111026 ratio=4.41868e-08 pivots<1e-12: 0
  [LU] n=2520 kutta=1 min|U_ii|=0.0445846 max|U_ii|=6061.07 ratio=7.3559e-06 pivots<1e-12: 0
  [LU] n=924 kutta=1 min|U_ii|=0.00354299 max|U_ii|=195565 ratio=1.81167e-08 pivots<1e-12: 0
  [LU] n=924 kutta=1 min|U_ii|=0.00354299 max|U_ii|=195565 ratio=1.81167e-08 pivots<1e-12: 0
  [LU] n=924 kutta=1 min|U_ii|=0.0049059 max|U_ii|=111026 ratio=4.41868e-08 pivots<1e-12: 0
  [LU] n=2520 kutta=1 min|U_ii|=0.0445846 max|U_ii|=6061.07 ratio=7.3559e-06 pivots<1e-12: 0
  [LU] n=924 kutta=1 min|U_ii|=0.00354299 max|U_ii|=195565 ratio=1.81167e-08 pivots<1e-12: 0
  [LU] n=924 kutta=1 min|U_ii|=0.00354299 max|U_ii|=195565 ratio=1.81167e-08 pivots<1e-12: 0
  [LU] n=924 kutta=1 min|U_ii|=0.0049059 max|U_ii|=111026 ratio=4.41868e-08 pivots<1e-12: 0
  [LU] n=2520 kutta=1 min|U_ii|=0.0445846 max|U_ii|=6061.07 ratio=7.3559e-06 pivots<1e-12: 0
  [LU] n=924 kutta=1 min|U_ii|=0.00354299 max|U_ii|=195565 ratio=1.81167e-08 pivots<1e-12: 0
  [LU] n=924 kutta=1 min|U_ii|=0.00354299 max|U_ii|=195565 ratio=1.81167e-08 pivots<1e-12: 0
  [LU] n=924 kutta=1 min|U_ii|=0.0049059 max|U_ii|=111026 ratio=4.41868e-08 pivots<1e-12: 0
  [LU] n=2520 kutta=1 min|U_ii|=0.0445846 max|U_ii|=6061.07 ratio=7.3559e-06 pivots<1e-12: 0
  [LU] n=924 kutta=1 min|U_ii|=0.00354299 max|U_ii|=195565 ratio=1.81167e-08 pivots<1e-12: 0
  [LU] n=924 kutta=1 min|U_ii|=0.00354299 max|U_ii|=195565 ratio=1.81167e-08 pivots<1e-12: 0
  [LU] n=924 kutta=1 min|U_ii|=0.0049059 max|U_ii|=111026 ratio=4.41868e-08 pivots<1e-12: 0
  [LU] n=2520 kutta=1 min|U_ii|=0.0445846 max|U_ii|=6061.07 ratio=7.3559e-06 pivots<1e-12: 0
  [LU] n=924 kutta=1 min|U_ii|=0.00354299 max|U_ii|=195565 ratio=1.81167e-08 pivots<1e-12: 0
  [LU] n=924 kutta=1 min|U_ii|=0.00354299 max|U_ii|=195565 ratio=1.81167e-08 pivots<1e-12: 0
  [LU] n=924 kutta=1 min|U_ii|=0.0049059 max|U_ii|=111026 ratio=4.41868e-08 pivots<1e-12: 0
  [LU] n=2520 kutta=1 min|U_ii|=0.0445846 max|U_ii|=6061.07 ratio=7.3559e-06 pivots<1e-12: 0
  [LU] n=924 kutta=1 min|U_ii|=0.00354299 max|U_ii|=195565 ratio=1.81167e-08 pivots<1e-12: 0
  [LU] n=924 kutta=1 min|U_ii|=0.00354299 max|U_ii|=195565 ratio=1.81167e-08 pivots<1e-12: 0
  [LU] n=924 kutta=1 min|U_ii|=0.0049059 max|U_ii|=111026 ratio=4.41868e-08 pivots<1e-12: 0
  [LU] n=2520 kutta=1 min|U_ii|=0.0445846 max|U_ii|=6061.07 ratio=7.3559e-06 pivots<1e-12: 0
  [LU] n=924 kutta=1 min|U_ii|=0.00354299 max|U_ii|=195565 ratio=1.81167e-08 pivots<1e-12: 0
  [LU] n=924 kutta=1 min|U_ii|=0.00354299 max|U_ii|=195565 ratio=1.81167e-08 pivots<1e-12: 0
  [LU] n=924 kutta=1 min|U_ii|=0.0049059 max|U_ii|=111026 ratio=4.41868e-08 pivots<1e-12: 0
  [LU] n=2520 kutta=1 min|U_ii|=0.0445846 max|U_ii|=6061.07 ratio=7.3559e-06 pivots<1e-12: 0
  [LU] n=924 kutta=1 min|U_ii|=0.00354299 max|U_ii|=195565 ratio=1.81167e-08 pivots<1e-12: 0
  [LU] n=924 kutta=1 min|U_ii|=0.00354299 max|U_ii|=195565 ratio=1.81167e-08 pivots<1e-12: 0
  [LU] n=924 kutta=1 min|U_ii|=0.0049059 max|U_ii|=111026 ratio=4.41868e-08 pivots<1e-12: 0
  [LU] n=2520 kutta=1 min|U_ii|=0.0445846 max|U_ii|=6061.07 ratio=7.3559e-06 pivots<1e-12: 0
  [LU] n=924 kutta=1 min|U_ii|=0.00354299 max|U_ii|=195565 ratio=1.81167e-08 pivots<1e-12: 0
  [LU] n=924 kutta=1 min|U_ii|=0.00354299 max|U_ii|=195565 ratio=1.81167e-08 pivots<1e-12: 0
  [LU] n=924 kutta=1 min|U_ii|=0.0049059 max|U_ii|=111026 ratio=4.41868e-08 pivots<1e-12: 0
  [LU] n=2520 kutta=1 min|U_ii|=0.0445846 max|U_ii|=6061.07 ratio=7.3559e-06 pivots<1e-12: 0
  [LU] n=924 kutta=1 min|U_ii|=0.00354299 max|U_ii|=195565 ratio=1.81167e-08 pivots<1e-12: 0
  [LU] n=924 kutta=1 min|U_ii|=0.00354299 max|U_ii|=195565 ratio=1.81167e-08 pivots<1e-12: 0
  [LU] n=924 kutta=1 min|U_ii|=0.0049059 max|U_ii|=111026 ratio=4.41868e-08 pivots<1e-12: 0
  [LU] n=2520 kutta=1 min|U_ii|=0.0445846 max|U_ii|=6061.07 ratio=7.3559e-06 pivots<1e-12: 0
  [LU] n=924 kutta=1 min|U_ii|=0.00354299 max|U_ii|=195565 ratio=1.81167e-08 pivots<1e-12: 0
  [LU] n=924 kutta=1 min|U_ii|=0.00354299 max|U_ii|=195565 ratio=1.81167e-08 pivots<1e-12: 0
  [LU] n=924 kutta=1 min|U_ii|=0.0049059 max|U_ii|=111026 ratio=4.41868e-08 pivots<1e-12: 0
  [LU] n=2520 kutta=1 min|U_ii|=0.0445846 max|U_ii|=6061.07 ratio=7.3559e-06 pivots<1e-12: 0
  [LU] n=924 kutta=1 min|U_ii|=0.00354299 max|U_ii|=195565 ratio=1.81167e-08 pivots<1e-12: 0
  [LU] n=924 kutta=1 min|U_ii|=0.00354299 max|U_ii|=195565 ratio=1.81167e-08 pivots<1e-12: 0
  [LU] n=924 kutta=1 min|U_ii|=0.0049059 max|U_ii|=111026 ratio=4.41868e-08 pivots<1e-12: 0
  [LU] n=2520 kutta=1 min|U_ii|=0.0445846 max|U_ii|=6061.07 ratio=7.3559e-06 pivots<1e-12: 0
  [LU] n=924 kutta=1 min|U_ii|=0.00354299 max|U_ii|=195565 ratio=1.81167e-08 pivots<1e-12: 0
  [LU] n=924 kutta=1 min|U_ii|=0.00354299 max|U_ii|=195565 ratio=1.81167e-08 pivots<1e-12: 0
  [LU] n=924 kutta=1 min|U_ii|=0.0049059 max|U_ii|=111026 ratio=4.41868e-08 pivots<1e-12: 0
  [LU] n=2520 kutta=1 min|U_ii|=0.0445846 max|U_ii|=6061.07 ratio=7.3559e-06 pivots<1e-12: 0
  [LU] n=924 kutta=1 min|U_ii|=0.00354299 max|U_ii|=195565 ratio=1.81167e-08 pivots<1e-12: 0
  [LU] n=924 kutta=1 min|U_ii|=0.00354299 max|U_ii|=195565 ratio=1.81167e-08 pivots<1e-12: 0
  [LU] n=924 kutta=1 min|U_ii|=0.0049059 max|U_ii|=111026 ratio=4.41868e-08 pivots<1e-12: 0
  [LU] n=2520 kutta=1 min|U_ii|=0.0445846 max|U_ii|=6061.07 ratio=7.3559e-06 pivots<1e-12: 0
  [LU] n=924 kutta=1 min|U_ii|=0.00354299 max|U_ii|=195565 ratio=1.81167e-08 pivots<1e-12: 0
  [LU] n=924 kutta=1 min|U_ii|=0.00354299 max|U_ii|=195565 ratio=1.81167e-08 pivots<1e-12: 0
  [LU] n=924 kutta=1 min|U_ii|=0.0049059 max|U_ii|=111026 ratio=4.41868e-08 pivots<1e-12: 0
  [LU] n=2520 kutta=1 min|U_ii|=0.0445846 max|U_ii|=6061.07 ratio=7.3559e-06 pivots<1e-12: 0
  [LU] n=924 kutta=1 min|U_ii|=0.00354299 max|U_ii|=195565 ratio=1.81167e-08 pivots<1e-12: 0
  [LU] n=924 kutta=1 min|U_ii|=0.00354299 max|U_ii|=195565 ratio=1.81167e-08 pivots<1e-12: 0
  [LU] n=924 kutta=1 min|U_ii|=0.0049059 max|U_ii|=111026 ratio=4.41868e-08 pivots<1e-12: 0
  [LU] n=2520 kutta=1 min|U_ii|=0.0445846 max|U_ii|=6061.07 ratio=7.3559e-06 pivots<1e-12: 0
  [LU] n=924 kutta=1 min|U_ii|=0.00354299 max|U_ii|=195565 ratio=1.81167e-08 pivots<1e-12: 0
  [LU] n=924 kutta=1 min|U_ii|=0.00354299 max|U_ii|=195565 ratio=1.81167e-08 pivots<1e-12: 0
  [LU] n=924 kutta=1 min|U_ii|=0.0049059 max|U_ii|=111026 ratio=4.41868e-08 pivots<1e-12: 0
  [LU] n=2520 kutta=1 min|U_ii|=0.0445846 max|U_ii|=6061.07 ratio=7.3559e-06 pivots<1e-12: 0
  [LU] n=924 kutta=1 min|U_ii|=0.00354299 max|U_ii|=195565 ratio=1.81167e-08 pivots<1e-12: 0
  [LU] n=924 kutta=1 min|U_ii|=0.00354299 max|U_ii|=195565 ratio=1.81167e-08 pivots<1e-12: 0
  [LU] n=924 kutta=1 min|U_ii|=0.0049059 max|U_ii|=111026 ratio=4.41868e-08 pivots<1e-12: 0
  [LU] n=2520 kutta=1 min|U_ii|=0.0445846 max|U_ii|=6061.07 ratio=7.3559e-06 pivots<1e-12: 0
  [LU] n=924 kutta=1 min|U_ii|=0.00354299 max|U_ii|=195565 ratio=1.81167e-08 pivots<1e-12: 0
  [LU] n=924 kutta=1 min|U_ii|=0.00354299 max|U_ii|=195565 ratio=1.81167e-08 pivots<1e-12: 0
  [LU] n=924 kutta=1 min|U_ii|=0.0049059 max|U_ii|=111026 ratio=4.41868e-08 pivots<1e-12: 0
  [LU] n=2520 kutta=1 min|U_ii|=0.0445846 max|U_ii|=6061.07 ratio=7.3559e-06 pivots<1e-12: 0
  [LU] n=924 kutta=1 min|U_ii|=0.00354299 max|U_ii|=195565 ratio=1.81167e-08 pivots<1e-12: 0
  [LU] n=924 kutta=1 min|U_ii|=0.00354299 max|U_ii|=195565 ratio=1.81167e-08 pivots<1e-12: 0
  [LU] n=924 kutta=1 min|U_ii|=0.0049059 max|U_ii|=111026 ratio=4.41868e-08 pivots<1e-12: 0
  [LU] n=2520 kutta=1 min|U_ii|=0.0445846 max|U_ii|=6061.07 ratio=7.3559e-06 pivots<1e-12: 0
  [LU] n=924 kutta=1 min|U_ii|=0.00354299 max|U_ii|=195565 ratio=1.81167e-08 pivots<1e-12: 0
  [LU] n=924 kutta=1 min|U_ii|=0.00354299 max|U_ii|=195565 ratio=1.81167e-08 pivots<1e-12: 0
  [LU] n=924 kutta=1 min|U_ii|=0.0049059 max|U_ii|=111026 ratio=4.41868e-08 pivots<1e-12: 0
  [LU] n=2520 kutta=1 min|U_ii|=0.0445846 max|U_ii|=6061.07 ratio=7.3559e-06 pivots<1e-12: 0
  [LU] n=924 kutta=1 min|U_ii|=0.00354299 max|U_ii|=195565 ratio=1.81167e-08 pivots<1e-12: 0
  [LU] n=924 kutta=1 min|U_ii|=0.00354299 max|U_ii|=195565 ratio=1.81167e-08 pivots<1e-12: 0
  [LU] n=924 kutta=1 min|U_ii|=0.0049059 max|U_ii|=111026 ratio=4.41868e-08 pivots<1e-12: 0
  [LU] n=2520 kutta=1 min|U_ii|=0.0445846 max|U_ii|=6061.07 ratio=7.3559e-06 pivots<1e-12: 0
  [LU] n=924 kutta=1 min|U_ii|=0.00354299 max|U_ii|=195565 ratio=1.81167e-08 pivots<1e-12: 0
  [LU] n=924 kutta=1 min|U_ii|=0.00354299 max|U_ii|=195565 ratio=1.81167e-08 pivots<1e-12: 0
  [LU] n=924 kutta=1 min|U_ii|=0.0049059 max|U_ii|=111026 ratio=4.41868e-08 pivots<1e-12: 0
  [LU] n=2520 kutta=1 min|U_ii|=0.0445846 max|U_ii|=6061.07 ratio=7.3559e-06 pivots<1e-12: 0
  [LU] n=924 kutta=1 min|U_ii|=0.00354299 max|U_ii|=195565 ratio=1.81167e-08 pivots<1e-12: 0
  [LU] n=924 kutta=1 min|U_ii|=0.00354299 max|U_ii|=195565 ratio=1.81167e-08 pivots<1e-12: 0
  [LU] n=924 kutta=1 min|U_ii|=0.0049059 max|U_ii|=111026 ratio=4.41868e-08 pivots<1e-12: 0
  [LU] n=2520 kutta=1 min|U_ii|=0.0445846 max|U_ii|=6061.07 ratio=7.3559e-06 pivots<1e-12: 0
  [LU] n=924 kutta=1 min|U_ii|=0.00354299 max|U_ii|=195565 ratio=1.81167e-08 pivots<1e-12: 0
  [LU] n=924 kutta=1 min|U_ii|=0.00354299 max|U_ii|=195565 ratio=1.81167e-08 pivots<1e-12: 0
  [LU] n=924 kutta=1 min|U_ii|=0.0049059 max|U_ii|=111026 ratio=4.41868e-08 pivots<1e-12: 0
  [LU] n=2520 kutta=1 min|U_ii|=0.0445846 max|U_ii|=6061.07 ratio=7.3559e-06 pivots<1e-12: 0
  [LU] n=924 kutta=1 min|U_ii|=0.00354299 max|U_ii|=195565 ratio=1.81167e-08 pivots<1e-12: 0
  [LU] n=924 kutta=1 min|U_ii|=0.00354299 max|U_ii|=195565 ratio=1.81167e-08 pivots<1e-12: 0
  [LU] n=924 kutta=1 min|U_ii|=0.0049059 max|U_ii|=111026 ratio=4.41868e-08 pivots<1e-12: 0
  [LU] n=2520 kutta=1 min|U_ii|=0.0445846 max|U_ii|=6061.07 ratio=7.3559e-06 pivots<1e-12: 0
  [LU] n=924 kutta=1 min|U_ii|=0.00354299 max|U_ii|=195565 ratio=1.81167e-08 pivots<1e-12: 0
  [LU] n=924 kutta=1 min|U_ii|=0.00354299 max|U_ii|=195565 ratio=1.81167e-08 pivots<1e-12: 0
  [LU] n=924 kutta=1 min|U_ii|=0.0049059 max|U_ii|=111026 ratio=4.41868e-08 pivots<1e-12: 0
  [LU] n=2520 kutta=1 min|U_ii|=0.0445846 max|U_ii|=6061.07 ratio=7.3559e-06 pivots<1e-12: 0
  [LU] n=924 kutta=1 min|U_ii|=0.00354299 max|U_ii|=195565 ratio=1.81167e-08 pivots<1e-12: 0
  [LU] n=924 kutta=1 min|U_ii|=0.00354299 max|U_ii|=195565 ratio=1.81167e-08 pivots<1e-12: 0
  [LU] n=924 kutta=1 min|U_ii|=0.0049059 max|U_ii|=111026 ratio=4.41868e-08 pivots<1e-12: 0
  [LU] n=2520 kutta=1 min|U_ii|=0.0445846 max|U_ii|=6061.07 ratio=7.3559e-06 pivots<1e-12: 0
  [LU] n=924 kutta=1 min|U_ii|=0.00354299 max|U_ii|=195565 ratio=1.81167e-08 pivots<1e-12: 0
  [LU] n=924 kutta=1 min|U_ii|=0.00354299 max|U_ii|=195565 ratio=1.81167e-08 pivots<1e-12: 0
  [LU] n=924 kutta=1 min|U_ii|=0.0049059 max|U_ii|=111026 ratio=4.41868e-08 pivots<1e-12: 0
  [LU] n=2520 kutta=1 min|U_ii|=0.0445846 max|U_ii|=6061.07 ratio=7.3559e-06 pivots<1e-12: 0
  [LU] n=924 kutta=1 min|U_ii|=0.00354299 max|U_ii|=195565 ratio=1.81167e-08 pivots<1e-12: 0
  [LU] n=924 kutta=1 min|U_ii|=0.00354299 max|U_ii|=195565 ratio=1.81167e-08 pivots<1e-12: 0
  [LU] n=924 kutta=1 min|U_ii|=0.0049059 max|U_ii|=111026 ratio=4.41868e-08 pivots<1e-12: 0
  [LU] n=2520 kutta=1 min|U_ii|=0.0445846 max|U_ii|=6061.07 ratio=7.3559e-06 pivots<1e-12: 0
  [LU] n=924 kutta=1 min|U_ii|=0.00354299 max|U_ii|=195565 ratio=1.81167e-08 pivots<1e-12: 0
  [LU] n=924 kutta=1 min|U_ii|=0.00354299 max|U_ii|=195565 ratio=1.81167e-08 pivots<1e-12: 0
  [LU] n=924 kutta=1 min|U_ii|=0.0049059 max|U_ii|=111026 ratio=4.41868e-08 pivots<1e-12: 0
  [LU] n=2520 kutta=1 min|U_ii|=0.0445846 max|U_ii|=6061.07 ratio=7.3559e-06 pivots<1e-12: 0
  [LU] n=924 kutta=1 min|U_ii|=0.00354299 max|U_ii|=195565 ratio=1.81167e-08 pivots<1e-12: 0
  [LU] n=924 kutta=1 min|U_ii|=0.00354299 max|U_ii|=195565 ratio=1.81167e-08 pivots<1e-12: 0
  [LU] n=924 kutta=1 min|U_ii|=0.0049059 max|U_ii|=111026 ratio=4.41868e-08 pivots<1e-12: 0
  [LU] n=2520 kutta=1 min|U_ii|=0.0445846 max|U_ii|=6061.07 ratio=7.3559e-06 pivots<1e-12: 0
  [LU] n=924 kutta=1 min|U_ii|=0.00354299 max|U_ii|=195565 ratio=1.81167e-08 pivots<1e-12: 0
  [LU] n=924 kutta=1 min|U_ii|=0.00354299 max|U_ii|=195565 ratio=1.81167e-08 pivots<1e-12: 0
  [LU] n=924 kutta=1 min|U_ii|=0.0049059 max|U_ii|=111026 ratio=4.41868e-08 pivots<1e-12: 0
  [LU] n=2520 kutta=1 min|U_ii|=0.0445846 max|U_ii|=6061.07 ratio=7.3559e-06 pivots<1e-12: 0
  [LU] n=924 kutta=1 min|U_ii|=0.00354299 max|U_ii|=195565 ratio=1.81167e-08 pivots<1e-12: 0
  [LU] n=924 kutta=1 min|U_ii|=0.00354299 max|U_ii|=195565 ratio=1.81167e-08 pivots<1e-12: 0
  [LU] n=924 kutta=1 min|U_ii|=0.0049059 max|U_ii|=111026 ratio=4.41868e-08 pivots<1e-12: 0
  [LU] n=2520 kutta=1 min|U_ii|=0.0445846 max|U_ii|=6061.07 ratio=7.3559e-06 pivots<1e-12: 0
  [LU] n=924 kutta=1 min|U_ii|=0.00354299 max|U_ii|=195565 ratio=1.81167e-08 pivots<1e-12: 0
  [LU] n=924 kutta=1 min|U_ii|=0.00354299 max|U_ii|=195565 ratio=1.81167e-08 pivots<1e-12: 0
  [LU] n=924 kutta=1 min|U_ii|=0.0049059 max|U_ii|=111026 ratio=4.41868e-08 pivots<1e-12: 0
  [LU] n=2520 kutta=1 min|U_ii|=0.0445846 max|U_ii|=6061.07 ratio=7.3559e-06 pivots<1e-12: 0
  [LU] n=924 kutta=1 min|U_ii|=0.00354299 max|U_ii|=195565 ratio=1.81167e-08 pivots<1e-12: 0
  [LU] n=924 kutta=1 min|U_ii|=0.00354299 max|U_ii|=195565 ratio=1.81167e-08 pivots<1e-12: 0
  [LU] n=924 kutta=1 min|U_ii|=0.0049059 max|U_ii|=111026 ratio=4.41868e-08 pivots<1e-12: 0
  [LU] n=2520 kutta=1 min|U_ii|=0.0445846 max|U_ii|=6061.07 ratio=7.3559e-06 pivots<1e-12: 0
  [LU] n=924 kutta=1 min|U_ii|=0.00354299 max|U_ii|=195565 ratio=1.81167e-08 pivots<1e-12: 0
  [LU] n=924 kutta=1 min|U_ii|=0.00354299 max|U_ii|=195565 ratio=1.81167e-08 pivots<1e-12: 0
  [LU] n=924 kutta=1 min|U_ii|=0.0049059 max|U_ii|=111026 ratio=4.41868e-08 pivots<1e-12: 0
  [LU] n=2520 kutta=1 min|U_ii|=0.0445846 max|U_ii|=6061.07 ratio=7.3559e-06 pivots<1e-12: 0
  [LU] n=924 kutta=1 min|U_ii|=0.00354299 max|U_ii|=195565 ratio=1.81167e-08 pivots<1e-12: 0
  [LU] n=924 kutta=1 min|U_ii|=0.00354299 max|U_ii|=195565 ratio=1.81167e-08 pivots<1e-12: 0
  [LU] n=924 kutta=1 min|U_ii|=0.0049059 max|U_ii|=111026 ratio=4.41868e-08 pivots<1e-12: 0
  [LU] n=2520 kutta=1 min|U_ii|=0.0445846 max|U_ii|=6061.07 ratio=7.3559e-06 pivots<1e-12: 0
  [LU] n=924 kutta=1 min|U_ii|=0.00354299 max|U_ii|=195565 ratio=1.81167e-08 pivots<1e-12: 0
  [LU] n=924 kutta=1 min|U_ii|=0.00354299 max|U_ii|=195565 ratio=1.81167e-08 pivots<1e-12: 0
  [LU] n=924 kutta=1 min|U_ii|=0.0049059 max|U_ii|=111026 ratio=4.41868e-08 pivots<1e-12: 0
  [LU] n=2520 kutta=1 min|U_ii|=0.0445846 max|U_ii|=6061.07 ratio=7.3559e-06 pivots<1e-12: 0
  [LU] n=924 kutta=1 min|U_ii|=0.00354299 max|U_ii|=195565 ratio=1.81167e-08 pivots<1e-12: 0
  [LU] n=924 kutta=1 min|U_ii|=0.00354299 max|U_ii|=195565 ratio=1.81167e-08 pivots<1e-12: 0
  [LU] n=924 kutta=1 min|U_ii|=0.0049059 max|U_ii|=111026 ratio=4.41868e-08 pivots<1e-12: 0
  [LU] n=2520 kutta=1 min|U_ii|=0.0445846 max|U_ii|=6061.07 ratio=7.3559e-06 pivots<1e-12: 0
  [LU] n=924 kutta=1 min|U_ii|=0.00354299 max|U_ii|=195565 ratio=1.81167e-08 pivots<1e-12: 0
  [LU] n=924 kutta=1 min|U_ii|=0.00354299 max|U_ii|=195565 ratio=1.81167e-08 pivots<1e-12: 0
  [LU] n=924 kutta=1 min|U_ii|=0.0049059 max|U_ii|=111026 ratio=4.41868e-08 pivots<1e-12: 0
  [LU] n=2520 kutta=1 min|U_ii|=0.0445846 max|U_ii|=6061.07 ratio=7.3559e-06 pivots<1e-12: 0
  [LU] n=924 kutta=1 min|U_ii|=0.00354299 max|U_ii|=195565 ratio=1.81167e-08 pivots<1e-12: 0
  [LU] n=924 kutta=1 min|U_ii|=0.00354299 max|U_ii|=195565 ratio=1.81167e-08 pivots<1e-12: 0
  [LU] n=924 kutta=1 min|U_ii|=0.0049059 max|U_ii|=111026 ratio=4.41868e-08 pivots<1e-12: 0
  [LU] n=2520 kutta=1 min|U_ii|=0.0445846 max|U_ii|=6061.07 ratio=7.3559e-06 pivots<1e-12: 0
  [LU] n=924 kutta=1 min|U_ii|=0.00354299 max|U_ii|=195565 ratio=1.81167e-08 pivots<1e-12: 0
  [LU] n=924 kutta=1 min|U_ii|=0.00354299 max|U_ii|=195565 ratio=1.81167e-08 pivots<1e-12: 0
  [LU] n=924 kutta=1 min|U_ii|=0.0049059 max|U_ii|=111026 ratio=4.41868e-08 pivots<1e-12: 0
  [LU] n=2520 kutta=1 min|U_ii|=0.0445846 max|U_ii|=6061.07 ratio=7.3559e-06 pivots<1e-12: 0
  [LU] n=924 kutta=1 min|U_ii|=0.00354299 max|U_ii|=195565 ratio=1.81167e-08 pivots<1e-12: 0
  [LU] n=924 kutta=1 min|U_ii|=0.00354299 max|U_ii|=195565 ratio=1.81167e-08 pivots<1e-12: 0
  [LU] n=924 kutta=1 min|U_ii|=0.0049059 max|U_ii|=111026 ratio=4.41868e-08 pivots<1e-12: 0
  [LU] n=2520 kutta=1 min|U_ii|=0.0445846 max|U_ii|=6061.07 ratio=7.3559e-06 pivots<1e-12: 0
  [LU] n=924 kutta=1 min|U_ii|=0.00354299 max|U_ii|=195565 ratio=1.81167e-08 pivots<1e-12: 0
  [LU] n=924 kutta=1 min|U_ii|=0.00354299 max|U_ii|=195565 ratio=1.81167e-08 pivots<1e-12: 0
  [LU] n=924 kutta=1 min|U_ii|=0.0049059 max|U_ii|=111026 ratio=4.41868e-08 pivots<1e-12: 0
  [LU] n=2520 kutta=1 min|U_ii|=0.0445846 max|U_ii|=6061.07 ratio=7.3559e-06 pivots<1e-12: 0
  [LU] n=924 kutta=1 min|U_ii|=0.00354299 max|U_ii|=195565 ratio=1.81167e-08 pivots<1e-12: 0
  [LU] n=924 kutta=1 min|U_ii|=0.00354299 max|U_ii|=195565 ratio=1.81167e-08 pivots<1e-12: 0
  [LU] n=924 kutta=1 min|U_ii|=0.0049059 max|U_ii|=111026 ratio=4.41868e-08 pivots<1e-12: 0
  [LU] n=2520 kutta=1 min|U_ii|=0.0445846 max|U_ii|=6061.07 ratio=7.3559e-06 pivots<1e-12: 0
  [LU] n=924 kutta=1 min|U_ii|=0.00354299 max|U_ii|=195565 ratio=1.81167e-08 pivots<1e-12: 0
  [LU] n=924 kutta=1 min|U_ii|=0.00354299 max|U_ii|=195565 ratio=1.81167e-08 pivots<1e-12: 0
  [LU] n=924 kutta=1 min|U_ii|=0.0049059 max|U_ii|=111026 ratio=4.41868e-08 pivots<1e-12: 0
  [LU] n=2520 kutta=1 min|U_ii|=0.0445846 max|U_ii|=6061.07 ratio=7.3559e-06 pivots<1e-12: 0
  [LU] n=924 kutta=1 min|U_ii|=0.00354299 max|U_ii|=195565 ratio=1.81167e-08 pivots<1e-12: 0
  [LU] n=924 kutta=1 min|U_ii|=0.00354299 max|U_ii|=195565 ratio=1.81167e-08 pivots<1e-12: 0
  [LU] n=924 kutta=1 min|U_ii|=0.0049059 max|U_ii|=111026 ratio=4.41868e-08 pivots<1e-12: 0
  [LU] n=2520 kutta=1 min|U_ii|=0.0445846 max|U_ii|=6061.07 ratio=7.3559e-06 pivots<1e-12: 0
  [LU] n=924 kutta=1 min|U_ii|=0.00354299 max|U_ii|=195565 ratio=1.81167e-08 pivots<1e-12: 0
  [LU] n=924 kutta=1 min|U_ii|=0.00354299 max|U_ii|=195565 ratio=1.81167e-08 pivots<1e-12: 0
  [LU] n=924 kutta=1 min|U_ii|=0.0049059 max|U_ii|=111026 ratio=4.41868e-08 pivots<1e-12: 0
  [LU] n=2520 kutta=1 min|U_ii|=0.0445846 max|U_ii|=6061.07 ratio=7.3559e-06 pivots<1e-12: 0
  [LU] n=924 kutta=1 min|U_ii|=0.00354299 max|U_ii|=195565 ratio=1.81167e-08 pivots<1e-12: 0
  [LU] n=924 kutta=1 min|U_ii|=0.00354299 max|U_ii|=195565 ratio=1.81167e-08 pivots<1e-12: 0
  [LU] n=924 kutta=1 min|U_ii|=0.0049059 max|U_ii|=111026 ratio=4.41868e-08 pivots<1e-12: 0
  [LU] n=2520 kutta=1 min|U_ii|=0.0445846 max|U_ii|=6061.07 ratio=7.3559e-06 pivots<1e-12: 0
  [LU] n=924 kutta=1 min|U_ii|=0.00354299 max|U_ii|=195565 ratio=1.81167e-08 pivots<1e-12: 0
  [LU] n=924 kutta=1 min|U_ii|=0.00354299 max|U_ii|=195565 ratio=1.81167e-08 pivots<1e-12: 0
  [LU] n=924 kutta=1 min|U_ii|=0.0049059 max|U_ii|=111026 ratio=4.41868e-08 pivots<1e-12: 0
  [LU] n=2520 kutta=1 min|U_ii|=0.0445846 max|U_ii|=6061.07 ratio=7.3559e-06 pivots<1e-12: 0
  [LU] n=924 kutta=1 min|U_ii|=0.00354299 max|U_ii|=195565 ratio=1.81167e-08 pivots<1e-12: 0
  [LU] n=924 kutta=1 min|U_ii|=0.00354299 max|U_ii|=195565 ratio=1.81167e-08 pivots<1e-12: 0
  [LU] n=924 kutta=1 min|U_ii|=0.0049059 max|U_ii|=111026 ratio=4.41868e-08 pivots<1e-12: 0
  [LU] n=2520 kutta=1 min|U_ii|=0.0445846 max|U_ii|=6061.07 ratio=7.3559e-06 pivots<1e-12: 0
  [LU] n=924 kutta=1 min|U_ii|=0.00354299 max|U_ii|=195565 ratio=1.81167e-08 pivots<1e-12: 0
  [LU] n=924 kutta=1 min|U_ii|=0.00354299 max|U_ii|=195565 ratio=1.81167e-08 pivots<1e-12: 0
  [LU] n=924 kutta=1 min|U_ii|=0.0049059 max|U_ii|=111026 ratio=4.41868e-08 pivots<1e-12: 0
  [LU] n=2520 kutta=1 min|U_ii|=0.0445846 max|U_ii|=6061.07 ratio=7.3559e-06 pivots<1e-12: 0
  [LU] n=924 kutta=1 min|U_ii|=0.00354299 max|U_ii|=195565 ratio=1.81167e-08 pivots<1e-12: 0
  [LU] n=924 kutta=1 min|U_ii|=0.00354299 max|U_ii|=195565 ratio=1.81167e-08 pivots<1e-12: 0
  [LU] n=924 kutta=1 min|U_ii|=0.0049059 max|U_ii|=111026 ratio=4.41868e-08 pivots<1e-12: 0
  [LU] n=2520 kutta=1 min|U_ii|=0.0445846 max|U_ii|=6061.07 ratio=7.3559e-06 pivots<1e-12: 0
  [LU] n=924 kutta=1 min|U_ii|=0.00354299 max|U_ii|=195565 ratio=1.81167e-08 pivots<1e-12: 0
  [LU] n=924 kutta=1 min|U_ii|=0.00354299 max|U_ii|=195565 ratio=1.81167e-08 pivots<1e-12: 0
  [LU] n=924 kutta=1 min|U_ii|=0.0049059 max|U_ii|=111026 ratio=4.41868e-08 pivots<1e-12: 0
  [LU] n=2520 kutta=1 min|U_ii|=0.0445846 max|U_ii|=6061.07 ratio=7.3559e-06 pivots<1e-12: 0
  [LU] n=924 kutta=1 min|U_ii|=0.00354299 max|U_ii|=195565 ratio=1.81167e-08 pivots<1e-12: 0
  [LU] n=924 kutta=1 min|U_ii|=0.00354299 max|U_ii|=195565 ratio=1.81167e-08 pivots<1e-12: 0
  [LU] n=924 kutta=1 min|U_ii|=0.0049059 max|U_ii|=111026 ratio=4.41868e-08 pivots<1e-12: 0
  [LU] n=2520 kutta=1 min|U_ii|=0.0445846 max|U_ii|=6061.07 ratio=7.3559e-06 pivots<1e-12: 0
  [LU] n=924 kutta=1 min|U_ii|=0.00354299 max|U_ii|=195565 ratio=1.81167e-08 pivots<1e-12: 0
  [LU] n=924 kutta=1 min|U_ii|=0.00354299 max|U_ii|=195565 ratio=1.81167e-08 pivots<1e-12: 0
  [LU] n=924 kutta=1 min|U_ii|=0.0049059 max|U_ii|=111026 ratio=4.41868e-08 pivots<1e-12: 0
  [LU] n=2520 kutta=1 min|U_ii|=0.0445846 max|U_ii|=6061.07 ratio=7.3559e-06 pivots<1e-12: 0
  [LU] n=924 kutta=1 min|U_ii|=0.00354299 max|U_ii|=195565 ratio=1.81167e-08 pivots<1e-12: 0
  [LU] n=924 kutta=1 min|U_ii|=0.00354299 max|U_ii|=195565 ratio=1.81167e-08 pivots<1e-12: 0
  [LU] n=924 kutta=1 min|U_ii|=0.0049059 max|U_ii|=111026 ratio=4.41868e-08 pivots<1e-12: 0
  [LU] n=2520 kutta=1 min|U_ii|=0.0445846 max|U_ii|=6061.07 ratio=7.3559e-06 pivots<1e-12: 0
  [LU] n=924 kutta=1 min|U_ii|=0.00354299 max|U_ii|=195565 ratio=1.81167e-08 pivots<1e-12: 0
  [LU] n=924 kutta=1 min|U_ii|=0.00354299 max|U_ii|=195565 ratio=1.81167e-08 pivots<1e-12: 0
  [LU] n=924 kutta=1 min|U_ii|=0.0049059 max|U_ii|=111026 ratio=4.41868e-08 pivots<1e-12: 0
  [LU] n=2520 kutta=1 min|U_ii|=0.0445846 max|U_ii|=6061.07 ratio=7.3559e-06 pivots<1e-12: 0
  [LU] n=924 kutta=1 min|U_ii|=0.00354299 max|U_ii|=195565 ratio=1.81167e-08 pivots<1e-12: 0
  [LU] n=924 kutta=1 min|U_ii|=0.00354299 max|U_ii|=195565 ratio=1.81167e-08 pivots<1e-12: 0
  [LU] n=924 kutta=1 min|U_ii|=0.0049059 max|U_ii|=111026 ratio=4.41868e-08 pivots<1e-12: 0
  [LU] n=2520 kutta=1 min|U_ii|=0.0445846 max|U_ii|=6061.07 ratio=7.3559e-06 pivots<1e-12: 0
  [LU] n=924 kutta=1 min|U_ii|=0.00354299 max|U_ii|=195565 ratio=1.81167e-08 pivots<1e-12: 0
  [LU] n=924 kutta=1 min|U_ii|=0.00354299 max|U_ii|=195565 ratio=1.81167e-08 pivots<1e-12: 0
  [LU] n=924 kutta=1 min|U_ii|=0.0049059 max|U_ii|=111026 ratio=4.41868e-08 pivots<1e-12: 0
  [LU] n=2520 kutta=1 min|U_ii|=0.0445846 max|U_ii|=6061.07 ratio=7.3559e-06 pivots<1e-12: 0
  [LU] n=924 kutta=1 min|U_ii|=0.00354299 max|U_ii|=195565 ratio=1.81167e-08 pivots<1e-12: 0
  [LU] n=924 kutta=1 min|U_ii|=0.00354299 max|U_ii|=195565 ratio=1.81167e-08 pivots<1e-12: 0
  [LU] n=924 kutta=1 min|U_ii|=0.0049059 max|U_ii|=111026 ratio=4.41868e-08 pivots<1e-12: 0
  [LU] n=2520 kutta=1 min|U_ii|=0.0445846 max|U_ii|=6061.07 ratio=7.3559e-06 pivots<1e-12: 0
  [LU] n=924 kutta=1 min|U_ii|=0.00354299 max|U_ii|=195565 ratio=1.81167e-08 pivots<1e-12: 0
  [LU] n=924 kutta=1 min|U_ii|=0.00354299 max|U_ii|=195565 ratio=1.81167e-08 pivots<1e-12: 0
  [LU] n=924 kutta=1 min|U_ii|=0.0049059 max|U_ii|=111026 ratio=4.41868e-08 pivots<1e-12: 0
  [LU] n=2520 kutta=1 min|U_ii|=0.0445846 max|U_ii|=6061.07 ratio=7.3559e-06 pivots<1e-12: 0
  [LU] n=924 kutta=1 min|U_ii|=0.00354299 max|U_ii|=195565 ratio=1.81167e-08 pivots<1e-12: 0
  [LU] n=924 kutta=1 min|U_ii|=0.00354299 max|U_ii|=195565 ratio=1.81167e-08 pivots<1e-12: 0
  [LU] n=924 kutta=1 min|U_ii|=0.0049059 max|U_ii|=111026 ratio=4.41868e-08 pivots<1e-12: 0
  [LU] n=2520 kutta=1 min|U_ii|=0.0445846 max|U_ii|=6061.07 ratio=7.3559e-06 pivots<1e-12: 0
  [LU] n=924 kutta=1 min|U_ii|=0.00354299 max|U_ii|=195565 ratio=1.81167e-08 pivots<1e-12: 0
  [LU] n=924 kutta=1 min|U_ii|=0.00354299 max|U_ii|=195565 ratio=1.81167e-08 pivots<1e-12: 0
  [LU] n=924 kutta=1 min|U_ii|=0.0049059 max|U_ii|=111026 ratio=4.41868e-08 pivots<1e-12: 0
  [LU] n=2520 kutta=1 min|U_ii|=0.0445846 max|U_ii|=6061.07 ratio=7.3559e-06 pivots<1e-12: 0
  [LU] n=924 kutta=1 min|U_ii|=0.00354299 max|U_ii|=195565 ratio=1.81167e-08 pivots<1e-12: 0
  [LU] n=924 kutta=1 min|U_ii|=0.00354299 max|U_ii|=195565 ratio=1.81167e-08 pivots<1e-12: 0
  [LU] n=924 kutta=1 min|U_ii|=0.0049059 max|U_ii|=111026 ratio=4.41868e-08 pivots<1e-12: 0
  [LU] n=2520 kutta=1 min|U_ii|=0.0445846 max|U_ii|=6061.07 ratio=7.3559e-06 pivots<1e-12: 0
  [LU] n=924 kutta=1 min|U_ii|=0.00354299 max|U_ii|=195565 ratio=1.81167e-08 pivots<1e-12: 0
  [LU] n=924 kutta=1 min|U_ii|=0.00354299 max|U_ii|=195565 ratio=1.81167e-08 pivots<1e-12: 0
  [LU] n=924 kutta=1 min|U_ii|=0.0049059 max|U_ii|=111026 ratio=4.41868e-08 pivots<1e-12: 0
  [LU] n=2520 kutta=1 min|U_ii|=0.0445846 max|U_ii|=6061.07 ratio=7.3559e-06 pivots<1e-12: 0
  [LU] n=924 kutta=1 min|U_ii|=0.00354299 max|U_ii|=195565 ratio=1.81167e-08 pivots<1e-12: 0
  [LU] n=924 kutta=1 min|U_ii|=0.00354299 max|U_ii|=195565 ratio=1.81167e-08 pivots<1e-12: 0
  [LU] n=924 kutta=1 min|U_ii|=0.0049059 max|U_ii|=111026 ratio=4.41868e-08 pivots<1e-12: 0
  [LU] n=2520 kutta=1 min|U_ii|=0.0445846 max|U_ii|=6061.07 ratio=7.3559e-06 pivots<1e-12: 0
  [LU] n=924 kutta=1 min|U_ii|=0.00354299 max|U_ii|=195565 ratio=1.81167e-08 pivots<1e-12: 0
  [LU] n=924 kutta=1 min|U_ii|=0.00354299 max|U_ii|=195565 ratio=1.81167e-08 pivots<1e-12: 0
  [LU] n=924 kutta=1 min|U_ii|=0.0049059 max|U_ii|=111026 ratio=4.41868e-08 pivots<1e-12: 0
  [LU] n=2520 kutta=1 min|U_ii|=0.0445846 max|U_ii|=6061.07 ratio=7.3559e-06 pivots<1e-12: 0
  [LU] n=924 kutta=1 min|U_ii|=0.00354299 max|U_ii|=195565 ratio=1.81167e-08 pivots<1e-12: 0
  [LU] n=924 kutta=1 min|U_ii|=0.00354299 max|U_ii|=195565 ratio=1.81167e-08 pivots<1e-12: 0
  [LU] n=924 kutta=1 min|U_ii|=0.0049059 max|U_ii|=111026 ratio=4.41868e-08 pivots<1e-12: 0
  [LU] n=2520 kutta=1 min|U_ii|=0.0445846 max|U_ii|=6061.07 ratio=7.3559e-06 pivots<1e-12: 0
  [LU] n=924 kutta=1 min|U_ii|=0.00354299 max|U_ii|=195565 ratio=1.81167e-08 pivots<1e-12: 0
  [LU] n=924 kutta=1 min|U_ii|=0.00354299 max|U_ii|=195565 ratio=1.81167e-08 pivots<1e-12: 0
  [LU] n=924 kutta=1 min|U_ii|=0.0049059 max|U_ii|=111026 ratio=4.41868e-08 pivots<1e-12: 0
  [LU] n=2520 kutta=1 min|U_ii|=0.0445846 max|U_ii|=6061.07 ratio=7.3559e-06 pivots<1e-12: 0
  [LU] n=924 kutta=1 min|U_ii|=0.00354299 max|U_ii|=195565 ratio=1.81167e-08 pivots<1e-12: 0
  [LU] n=924 kutta=1 min|U_ii|=0.00354299 max|U_ii|=195565 ratio=1.81167e-08 pivots<1e-12: 0
  [LU] n=924 kutta=1 min|U_ii|=0.0049059 max|U_ii|=111026 ratio=4.41868e-08 pivots<1e-12: 0
  [LU] n=2520 kutta=1 min|U_ii|=0.0445846 max|U_ii|=6061.07 ratio=7.3559e-06 pivots<1e-12: 0
  [LU] n=924 kutta=1 min|U_ii|=0.00354299 max|U_ii|=195565 ratio=1.81167e-08 pivots<1e-12: 0
  [LU] n=924 kutta=1 min|U_ii|=0.00354299 max|U_ii|=195565 ratio=1.81167e-08 pivots<1e-12: 0
  [LU] n=924 kutta=1 min|U_ii|=0.0049059 max|U_ii|=111026 ratio=4.41868e-08 pivots<1e-12: 0
  [LU] n=2520 kutta=1 min|U_ii|=0.0445846 max|U_ii|=6061.07 ratio=7.3559e-06 pivots<1e-12: 0
  [LU] n=924 kutta=1 min|U_ii|=0.00354299 max|U_ii|=195565 ratio=1.81167e-08 pivots<1e-12: 0
  [LU] n=924 kutta=1 min|U_ii|=0.00354299 max|U_ii|=195565 ratio=1.81167e-08 pivots<1e-12: 0
  [LU] n=924 kutta=1 min|U_ii|=0.0049059 max|U_ii|=111026 ratio=4.41868e-08 pivots<1e-12: 0
  [LU] n=2520 kutta=1 min|U_ii|=0.0445846 max|U_ii|=6061.07 ratio=7.3559e-06 pivots<1e-12: 0
  [LU] n=924 kutta=1 min|U_ii|=0.00354299 max|U_ii|=195565 ratio=1.81167e-08 pivots<1e-12: 0
  [LU] n=924 kutta=1 min|U_ii|=0.00354299 max|U_ii|=195565 ratio=1.81167e-08 pivots<1e-12: 0
  [LU] n=924 kutta=1 min|U_ii|=0.0049059 max|U_ii|=111026 ratio=4.41868e-08 pivots<1e-12: 0
  [LU] n=2520 kutta=1 min|U_ii|=0.0445846 max|U_ii|=6061.07 ratio=7.3559e-06 pivots<1e-12: 0
  [LU] n=924 kutta=1 min|U_ii|=0.00354299 max|U_ii|=195565 ratio=1.81167e-08 pivots<1e-12: 0
  [LU] n=924 kutta=1 min|U_ii|=0.00354299 max|U_ii|=195565 ratio=1.81167e-08 pivots<1e-12: 0
  [LU] n=924 kutta=1 min|U_ii|=0.0049059 max|U_ii|=111026 ratio=4.41868e-08 pivots<1e-12: 0
  [LU] n=2520 kutta=1 min|U_ii|=0.0445846 max|U_ii|=6061.07 ratio=7.3559e-06 pivots<1e-12: 0
  [LU] n=924 kutta=1 min|U_ii|=0.00354299 max|U_ii|=195565 ratio=1.81167e-08 pivots<1e-12: 0
  [LU] n=924 kutta=1 min|U_ii|=0.00354299 max|U_ii|=195565 ratio=1.81167e-08 pivots<1e-12: 0
  [LU] n=924 kutta=1 min|U_ii|=0.0049059 max|U_ii|=111026 ratio=4.41868e-08 pivots<1e-12: 0
  [LU] n=2520 kutta=1 min|U_ii|=0.0445846 max|U_ii|=6061.07 ratio=7.3559e-06 pivots<1e-12: 0
  [LU] n=924 kutta=1 min|U_ii|=0.00354299 max|U_ii|=195565 ratio=1.81167e-08 pivots<1e-12: 0
  [LU] n=924 kutta=1 min|U_ii|=0.00354299 max|U_ii|=195565 ratio=1.81167e-08 pivots<1e-12: 0
  [LU] n=924 kutta=1 min|U_ii|=0.0049059 max|U_ii|=111026 ratio=4.41868e-08 pivots<1e-12: 0
  [LU] n=2520 kutta=1 min|U_ii|=0.0445846 max|U_ii|=6061.07 ratio=7.3559e-06 pivots<1e-12: 0
  [LU] n=924 kutta=1 min|U_ii|=0.00354299 max|U_ii|=195565 ratio=1.81167e-08 pivots<1e-12: 0
  [LU] n=924 kutta=1 min|U_ii|=0.00354299 max|U_ii|=195565 ratio=1.81167e-08 pivots<1e-12: 0
  [LU] n=924 kutta=1 min|U_ii|=0.0049059 max|U_ii|=111026 ratio=4.41868e-08 pivots<1e-12: 0
  [LU] n=2520 kutta=1 min|U_ii|=0.0445846 max|U_ii|=6061.07 ratio=7.3559e-06 pivots<1e-12: 0
  [LU] n=924 kutta=1 min|U_ii|=0.00354299 max|U_ii|=195565 ratio=1.81167e-08 pivots<1e-12: 0
  [LU] n=924 kutta=1 min|U_ii|=0.00354299 max|U_ii|=195565 ratio=1.81167e-08 pivots<1e-12: 0
  [LU] n=924 kutta=1 min|U_ii|=0.0049059 max|U_ii|=111026 ratio=4.41868e-08 pivots<1e-12: 0
  [LU] n=2520 kutta=1 min|U_ii|=0.0445846 max|U_ii|=6061.07 ratio=7.3559e-06 pivots<1e-12: 0
  [LU] n=924 kutta=1 min|U_ii|=0.00354299 max|U_ii|=195565 ratio=1.81167e-08 pivots<1e-12: 0
  [LU] n=924 kutta=1 min|U_ii|=0.00354299 max|U_ii|=195565 ratio=1.81167e-08 pivots<1e-12: 0
  [LU] n=924 kutta=1 min|U_ii|=0.0049059 max|U_ii|=111026 ratio=4.41868e-08 pivots<1e-12: 0
  [LU] n=2520 kutta=1 min|U_ii|=0.0445846 max|U_ii|=6061.07 ratio=7.3559e-06 pivots<1e-12: 0
  [LU] n=924 kutta=1 min|U_ii|=0.00354299 max|U_ii|=195565 ratio=1.81167e-08 pivots<1e-12: 0
  [LU] n=924 kutta=1 min|U_ii|=0.00354299 max|U_ii|=195565 ratio=1.81167e-08 pivots<1e-12: 0
  [LU] n=924 kutta=1 min|U_ii|=0.0049059 max|U_ii|=111026 ratio=4.41868e-08 pivots<1e-12: 0
  [LU] n=2520 kutta=1 min|U_ii|=0.0445846 max|U_ii|=6061.07 ratio=7.3559e-06 pivots<1e-12: 0
  [LU] n=924 kutta=1 min|U_ii|=0.00354299 max|U_ii|=195565 ratio=1.81167e-08 pivots<1e-12: 0
  [LU] n=924 kutta=1 min|U_ii|=0.00354299 max|U_ii|=195565 ratio=1.81167e-08 pivots<1e-12: 0
  [LU] n=924 kutta=1 min|U_ii|=0.0049059 max|U_ii|=111026 ratio=4.41868e-08 pivots<1e-12: 0
  [LU] n=2520 kutta=1 min|U_ii|=0.0445846 max|U_ii|=6061.07 ratio=7.3559e-06 pivots<1e-12: 0
  [LU] n=924 kutta=1 min|U_ii|=0.00354299 max|U_ii|=195565 ratio=1.81167e-08 pivots<1e-12: 0
  [LU] n=924 kutta=1 min|U_ii|=0.00354299 max|U_ii|=195565 ratio=1.81167e-08 pivots<1e-12: 0
  [LU] n=924 kutta=1 min|U_ii|=0.0049059 max|U_ii|=111026 ratio=4.41868e-08 pivots<1e-12: 0
  [LU] n=2520 kutta=1 min|U_ii|=0.0445846 max|U_ii|=6061.07 ratio=7.3559e-06 pivots<1e-12: 0
  [LU] n=924 kutta=1 min|U_ii|=0.00354299 max|U_ii|=195565 ratio=1.81167e-08 pivots<1e-12: 0
  [LU] n=924 kutta=1 min|U_ii|=0.00354299 max|U_ii|=195565 ratio=1.81167e-08 pivots<1e-12: 0
  [LU] n=924 kutta=1 min|U_ii|=0.0049059 max|U_ii|=111026 ratio=4.41868e-08 pivots<1e-12: 0
  [LU] n=2520 kutta=1 min|U_ii|=0.0445846 max|U_ii|=6061.07 ratio=7.3559e-06 pivots<1e-12: 0
  [LU] n=924 kutta=1 min|U_ii|=0.00354299 max|U_ii|=195565 ratio=1.81167e-08 pivots<1e-12: 0
  [LU] n=924 kutta=1 min|U_ii|=0.00354299 max|U_ii|=195565 ratio=1.81167e-08 pivots<1e-12: 0
  [LU] n=924 kutta=1 min|U_ii|=0.0049059 max|U_ii|=111026 ratio=4.41868e-08 pivots<1e-12: 0
  [LU] n=2520 kutta=1 min|U_ii|=0.0445846 max|U_ii|=6061.07 ratio=7.3559e-06 pivots<1e-12: 0
  [LU] n=924 kutta=1 min|U_ii|=0.00354299 max|U_ii|=195565 ratio=1.81167e-08 pivots<1e-12: 0
  [LU] n=924 kutta=1 min|U_ii|=0.00354299 max|U_ii|=195565 ratio=1.81167e-08 pivots<1e-12: 0
  [LU] n=924 kutta=1 min|U_ii|=0.0049059 max|U_ii|=111026 ratio=4.41868e-08 pivots<1e-12: 0
  [LU] n=2520 kutta=1 min|U_ii|=0.0445846 max|U_ii|=6061.07 ratio=7.3559e-06 pivots<1e-12: 0
  [LU] n=924 kutta=1 min|U_ii|=0.00354299 max|U_ii|=195565 ratio=1.81167e-08 pivots<1e-12: 0
  [LU] n=924 kutta=1 min|U_ii|=0.00354299 max|U_ii|=195565 ratio=1.81167e-08 pivots<1e-12: 0
  [LU] n=924 kutta=1 min|U_ii|=0.0049059 max|U_ii|=111026 ratio=4.41868e-08 pivots<1e-12: 0
  [LU] n=2520 kutta=1 min|U_ii|=0.0445846 max|U_ii|=6061.07 ratio=7.3559e-06 pivots<1e-12: 0
  [LU] n=924 kutta=1 min|U_ii|=0.00354299 max|U_ii|=195565 ratio=1.81167e-08 pivots<1e-12: 0
  [LU] n=924 kutta=1 min|U_ii|=0.00354299 max|U_ii|=195565 ratio=1.81167e-08 pivots<1e-12: 0
  [LU] n=924 kutta=1 min|U_ii|=0.0049059 max|U_ii|=111026 ratio=4.41868e-08 pivots<1e-12: 0
  [LU] n=2520 kutta=1 min|U_ii|=0.0445846 max|U_ii|=6061.07 ratio=7.3559e-06 pivots<1e-12: 0
  [LU] n=924 kutta=1 min|U_ii|=0.00354299 max|U_ii|=195565 ratio=1.81167e-08 pivots<1e-12: 0
  [LU] n=924 kutta=1 min|U_ii|=0.00354299 max|U_ii|=195565 ratio=1.81167e-08 pivots<1e-12: 0
  [LU] n=924 kutta=1 min|U_ii|=0.0049059 max|U_ii|=111026 ratio=4.41868e-08 pivots<1e-12: 0
  [LU] n=2520 kutta=1 min|U_ii|=0.0445846 max|U_ii|=6061.07 ratio=7.3559e-06 pivots<1e-12: 0
  [LU] n=924 kutta=1 min|U_ii|=0.00354299 max|U_ii|=195565 ratio=1.81167e-08 pivots<1e-12: 0
  [LU] n=924 kutta=1 min|U_ii|=0.00354299 max|U_ii|=195565 ratio=1.81167e-08 pivots<1e-12: 0
  [LU] n=924 kutta=1 min|U_ii|=0.0049059 max|U_ii|=111026 ratio=4.41868e-08 pivots<1e-12: 0
  [LU] n=2520 kutta=1 min|U_ii|=0.0445846 max|U_ii|=6061.07 ratio=7.3559e-06 pivots<1e-12: 0
  [LU] n=924 kutta=1 min|U_ii|=0.00354299 max|U_ii|=195565 ratio=1.81167e-08 pivots<1e-12: 0
  [LU] n=924 kutta=1 min|U_ii|=0.00354299 max|U_ii|=195565 ratio=1.81167e-08 pivots<1e-12: 0
  [LU] n=924 kutta=1 min|U_ii|=0.0049059 max|U_ii|=111026 ratio=4.41868e-08 pivots<1e-12: 0
  [LU] n=2520 kutta=1 min|U_ii|=0.0445846 max|U_ii|=6061.07 ratio=7.3559e-06 pivots<1e-12: 0
  [LU] n=924 kutta=1 min|U_ii|=0.00354299 max|U_ii|=195565 ratio=1.81167e-08 pivots<1e-12: 0
  [LU] n=924 kutta=1 min|U_ii|=0.00354299 max|U_ii|=195565 ratio=1.81167e-08 pivots<1e-12: 0
  [LU] n=924 kutta=1 min|U_ii|=0.0049059 max|U_ii|=111026 ratio=4.41868e-08 pivots<1e-12: 0
  [LU] n=2520 kutta=1 min|U_ii|=0.0445846 max|U_ii|=6061.07 ratio=7.3559e-06 pivots<1e-12: 0
  [LU] n=924 kutta=1 min|U_ii|=0.00354299 max|U_ii|=195565 ratio=1.81167e-08 pivots<1e-12: 0
  rotor 0 hs3d: jump/seed=1  spans_with_pairs=40  max|mu|=481  kutta_rows=80  max_kutta_residual=4.03e-09  sum|te_jump|=53.5  [kutta on]
  [LU] n=924 kutta=1 min|U_ii|=0.00354299 max|U_ii|=195565 ratio=1.81167e-08 pivots<1e-12: 0
  rotor 1 hs3d: jump/seed=1  spans_with_pairs=40  max|mu|=552  kutta_rows=80  max_kutta_residual=3.43e-09  sum|te_jump|=45.8  [kutta on]
  [LU] n=924 kutta=1 min|U_ii|=0.0049059 max|U_ii|=111026 ratio=4.41868e-08 pivots<1e-12: 0
  rotor 2 hs3d: jump/seed=1  spans_with_pairs=40  max|mu|=395  kutta_rows=80  max_kutta_residual=1.98e-09  sum|te_jump|=37  [kutta on]
  [LU] n=2520 kutta=1 min|U_ii|=0.0445846 max|U_ii|=6061.07 ratio=7.3559e-06 pivots<1e-12: 0
  [LU] n=924 kutta=1 min|U_ii|=0.00354299 max|U_ii|=195565 ratio=1.81167e-08 pivots<1e-12: 0
  [LU] n=924 kutta=1 min|U_ii|=0.00354299 max|U_ii|=195565 ratio=1.81167e-08 pivots<1e-12: 0
  [LU] n=924 kutta=1 min|U_ii|=0.0049059 max|U_ii|=111026 ratio=4.41868e-08 pivots<1e-12: 0
  [LU] n=2520 kutta=1 min|U_ii|=0.0445846 max|U_ii|=6061.07 ratio=7.3559e-06 pivots<1e-12: 0
  fuselage: panels=3280 max_neumann_residual=1.1e-13
  body Fz: inst=-0.7 quasi-steady=-0.7 | 162-step mean=-0.452 (qs -0.452)
  wing: F=(5.48, -0.164, -19.9) N  Mx=1.87 Nm  max|mu|=359  max_vsurf=0 m/s  strips=19
  fuselage hs3d: F=(-1.69e+03, -685, 3.03e+03) N  Mx=-3.68e+03 Nm  max|mu|=21.6  max_vsurf=1.34e+04 m/s
step=200 particles=53466 total_thrust_N=37.5 total_torque_Nm=0.216
  timing after step 200 (cumulative s, % of loop):
    rotor panels + wake->panel vel          3.48 s     2.9 %
    wake->fuselage vel                      2.41 s     2.0 %
    panel assemble + dense solve           34.04 s    28.7 %
    strip polar loads                       0.15 s     0.1 %
    rotor rings->fuselage vel               3.03 s     2.6 %
    fuselage source self (vel+phi)         26.21 s    22.1 %
    fuselage->rotor vel                     1.05 s     0.9 %
    ring d(phi)/dt                          2.12 s     1.8 %
    TE particle emission                    0.10 s     0.1 %
    wake advect (RK4)                      36.07 s    30.4 %
    fuselage blockage on particles          1.05 s     0.9 %
    wake age trim                           0.53 s     0.4 %
    VTK / Q-criterion output                5.63 s     4.7 %
    unattributed (host bookkeeping)         2.72 s     2.3 %
    TOTAL loop                            118.58 s  (0.590 s/step avg)
  [LU] n=924 kutta=1 min|U_ii|=0.00354299 max|U_ii|=195565 ratio=1.81167e-08 pivots<1e-12: 0
  [LU] n=924 kutta=1 min|U_ii|=0.00354299 max|U_ii|=195565 ratio=1.81167e-08 pivots<1e-12: 0
  [LU] n=924 kutta=1 min|U_ii|=0.0049059 max|U_ii|=111026 ratio=4.41868e-08 pivots<1e-12: 0
  [LU] n=2520 kutta=1 min|U_ii|=0.0445846 max|U_ii|=6061.07 ratio=7.3559e-06 pivots<1e-12: 0
  [LU] n=924 kutta=1 min|U_ii|=0.00354299 max|U_ii|=195565 ratio=1.81167e-08 pivots<1e-12: 0
  [LU] n=924 kutta=1 min|U_ii|=0.00354299 max|U_ii|=195565 ratio=1.81167e-08 pivots<1e-12: 0
  [LU] n=924 kutta=1 min|U_ii|=0.0049059 max|U_ii|=111026 ratio=4.41868e-08 pivots<1e-12: 0
  [LU] n=2520 kutta=1 min|U_ii|=0.0445846 max|U_ii|=6061.07 ratio=7.3559e-06 pivots<1e-12: 0
  [LU] n=924 kutta=1 min|U_ii|=0.00354299 max|U_ii|=195565 ratio=1.81167e-08 pivots<1e-12: 0
  [LU] n=924 kutta=1 min|U_ii|=0.00354299 max|U_ii|=195565 ratio=1.81167e-08 pivots<1e-12: 0
  [LU] n=924 kutta=1 min|U_ii|=0.0049059 max|U_ii|=111026 ratio=4.41868e-08 pivots<1e-12: 0
  [LU] n=2520 kutta=1 min|U_ii|=0.0445846 max|U_ii|=6061.07 ratio=7.3559e-06 pivots<1e-12: 0
  [LU] n=924 kutta=1 min|U_ii|=0.00354299 max|U_ii|=195565 ratio=1.81167e-08 pivots<1e-12: 0
  [LU] n=924 kutta=1 min|U_ii|=0.00354299 max|U_ii|=195565 ratio=1.81167e-08 pivots<1e-12: 0
  [LU] n=924 kutta=1 min|U_ii|=0.0049059 max|U_ii|=111026 ratio=4.41868e-08 pivots<1e-12: 0
  [LU] n=2520 kutta=1 min|U_ii|=0.0445846 max|U_ii|=6061.07 ratio=7.3559e-06 pivots<1e-12: 0
  [LU] n=924 kutta=1 min|U_ii|=0.00354299 max|U_ii|=195565 ratio=1.81167e-08 pivots<1e-12: 0
  [LU] n=924 kutta=1 min|U_ii|=0.00354299 max|U_ii|=195565 ratio=1.81167e-08 pivots<1e-12: 0
  [LU] n=924 kutta=1 min|U_ii|=0.0049059 max|U_ii|=111026 ratio=4.41868e-08 pivots<1e-12: 0
  [LU] n=2520 kutta=1 min|U_ii|=0.0445846 max|U_ii|=6061.07 ratio=7.3559e-06 pivots<1e-12: 0
  [LU] n=924 kutta=1 min|U_ii|=0.00354299 max|U_ii|=195565 ratio=1.81167e-08 pivots<1e-12: 0
  [LU] n=924 kutta=1 min|U_ii|=0.00354299 max|U_ii|=195565 ratio=1.81167e-08 pivots<1e-12: 0
  [LU] n=924 kutta=1 min|U_ii|=0.0049059 max|U_ii|=111026 ratio=4.41868e-08 pivots<1e-12: 0
  [LU] n=2520 kutta=1 min|U_ii|=0.0445846 max|U_ii|=6061.07 ratio=7.3559e-06 pivots<1e-12: 0
  [LU] n=924 kutta=1 min|U_ii|=0.00354299 max|U_ii|=195565 ratio=1.81167e-08 pivots<1e-12: 0
  [LU] n=924 kutta=1 min|U_ii|=0.00354299 max|U_ii|=195565 ratio=1.81167e-08 pivots<1e-12: 0
  [LU] n=924 kutta=1 min|U_ii|=0.0049059 max|U_ii|=111026 ratio=4.41868e-08 pivots<1e-12: 0
  [LU] n=2520 kutta=1 min|U_ii|=0.0445846 max|U_ii|=6061.07 ratio=7.3559e-06 pivots<1e-12: 0
  [LU] n=924 kutta=1 min|U_ii|=0.00354299 max|U_ii|=195565 ratio=1.81167e-08 pivots<1e-12: 0
  [LU] n=924 kutta=1 min|U_ii|=0.00354299 max|U_ii|=195565 ratio=1.81167e-08 pivots<1e-12: 0
  [LU] n=924 kutta=1 min|U_ii|=0.0049059 max|U_ii|=111026 ratio=4.41868e-08 pivots<1e-12: 0
  [LU] n=2520 kutta=1 min|U_ii|=0.0445846 max|U_ii|=6061.07 ratio=7.3559e-06 pivots<1e-12: 0
  [LU] n=924 kutta=1 min|U_ii|=0.00354299 max|U_ii|=195565 ratio=1.81167e-08 pivots<1e-12: 0
  [LU] n=924 kutta=1 min|U_ii|=0.00354299 max|U_ii|=195565 ratio=1.81167e-08 pivots<1e-12: 0
  [LU] n=924 kutta=1 min|U_ii|=0.0049059 max|U_ii|=111026 ratio=4.41868e-08 pivots<1e-12: 0
  [LU] n=2520 kutta=1 min|U_ii|=0.0445846 max|U_ii|=6061.07 ratio=7.3559e-06 pivots<1e-12: 0
  [LU] n=924 kutta=1 min|U_ii|=0.00354299 max|U_ii|=195565 ratio=1.81167e-08 pivots<1e-12: 0
  [LU] n=924 kutta=1 min|U_ii|=0.00354299 max|U_ii|=195565 ratio=1.81167e-08 pivots<1e-12: 0
  [LU] n=924 kutta=1 min|U_ii|=0.0049059 max|U_ii|=111026 ratio=4.41868e-08 pivots<1e-12: 0
  [LU] n=2520 kutta=1 min|U_ii|=0.0445846 max|U_ii|=6061.07 ratio=7.3559e-06 pivots<1e-12: 0
  [LU] n=924 kutta=1 min|U_ii|=0.00354299 max|U_ii|=195565 ratio=1.81167e-08 pivots<1e-12: 0
  [LU] n=924 kutta=1 min|U_ii|=0.00354299 max|U_ii|=195565 ratio=1.81167e-08 pivots<1e-12: 0
  [LU] n=924 kutta=1 min|U_ii|=0.0049059 max|U_ii|=111026 ratio=4.41868e-08 pivots<1e-12: 0
  [LU] n=2520 kutta=1 min|U_ii|=0.0445846 max|U_ii|=6061.07 ratio=7.3559e-06 pivots<1e-12: 0
  [LU] n=924 kutta=1 min|U_ii|=0.00354299 max|U_ii|=195565 ratio=1.81167e-08 pivots<1e-12: 0
  [LU] n=924 kutta=1 min|U_ii|=0.00354299 max|U_ii|=195565 ratio=1.81167e-08 pivots<1e-12: 0
  [LU] n=924 kutta=1 min|U_ii|=0.0049059 max|U_ii|=111026 ratio=4.41868e-08 pivots<1e-12: 0
  [LU] n=2520 kutta=1 min|U_ii|=0.0445846 max|U_ii|=6061.07 ratio=7.3559e-06 pivots<1e-12: 0
  [LU] n=924 kutta=1 min|U_ii|=0.00354299 max|U_ii|=195565 ratio=1.81167e-08 pivots<1e-12: 0
  [LU] n=924 kutta=1 min|U_ii|=0.00354299 max|U_ii|=195565 ratio=1.81167e-08 pivots<1e-12: 0
  [LU] n=924 kutta=1 min|U_ii|=0.0049059 max|U_ii|=111026 ratio=4.41868e-08 pivots<1e-12: 0
  [LU] n=2520 kutta=1 min|U_ii|=0.0445846 max|U_ii|=6061.07 ratio=7.3559e-06 pivots<1e-12: 0
  [LU] n=924 kutta=1 min|U_ii|=0.00354299 max|U_ii|=195565 ratio=1.81167e-08 pivots<1e-12: 0
  [LU] n=924 kutta=1 min|U_ii|=0.00354299 max|U_ii|=195565 ratio=1.81167e-08 pivots<1e-12: 0
  [LU] n=924 kutta=1 min|U_ii|=0.0049059 max|U_ii|=111026 ratio=4.41868e-08 pivots<1e-12: 0
  [LU] n=2520 kutta=1 min|U_ii|=0.0445846 max|U_ii|=6061.07 ratio=7.3559e-06 pivots<1e-12: 0
  [LU] n=924 kutta=1 min|U_ii|=0.00354299 max|U_ii|=195565 ratio=1.81167e-08 pivots<1e-12: 0
  [LU] n=924 kutta=1 min|U_ii|=0.00354299 max|U_ii|=195565 ratio=1.81167e-08 pivots<1e-12: 0
  [LU] n=924 kutta=1 min|U_ii|=0.0049059 max|U_ii|=111026 ratio=4.41868e-08 pivots<1e-12: 0
  [LU] n=2520 kutta=1 min|U_ii|=0.0445846 max|U_ii|=6061.07 ratio=7.3559e-06 pivots<1e-12: 0
  [LU] n=924 kutta=1 min|U_ii|=0.00354299 max|U_ii|=195565 ratio=1.81167e-08 pivots<1e-12: 0
  [LU] n=924 kutta=1 min|U_ii|=0.00354299 max|U_ii|=195565 ratio=1.81167e-08 pivots<1e-12: 0
  [LU] n=924 kutta=1 min|U_ii|=0.0049059 max|U_ii|=111026 ratio=4.41868e-08 pivots<1e-12: 0
  [LU] n=2520 kutta=1 min|U_ii|=0.0445846 max|U_ii|=6061.07 ratio=7.3559e-06 pivots<1e-12: 0
  [LU] n=924 kutta=1 min|U_ii|=0.00354299 max|U_ii|=195565 ratio=1.81167e-08 pivots<1e-12: 0
  [LU] n=924 kutta=1 min|U_ii|=0.00354299 max|U_ii|=195565 ratio=1.81167e-08 pivots<1e-12: 0
  [LU] n=924 kutta=1 min|U_ii|=0.0049059 max|U_ii|=111026 ratio=4.41868e-08 pivots<1e-12: 0
  [LU] n=2520 kutta=1 min|U_ii|=0.0445846 max|U_ii|=6061.07 ratio=7.3559e-06 pivots<1e-12: 0
  [LU] n=924 kutta=1 min|U_ii|=0.00354299 max|U_ii|=195565 ratio=1.81167e-08 pivots<1e-12: 0
  [LU] n=924 kutta=1 min|U_ii|=0.00354299 max|U_ii|=195565 ratio=1.81167e-08 pivots<1e-12: 0
  [LU] n=924 kutta=1 min|U_ii|=0.0049059 max|U_ii|=111026 ratio=4.41868e-08 pivots<1e-12: 0
  [LU] n=2520 kutta=1 min|U_ii|=0.0445846 max|U_ii|=6061.07 ratio=7.3559e-06 pivots<1e-12: 0
  [LU] n=924 kutta=1 min|U_ii|=0.00354299 max|U_ii|=195565 ratio=1.81167e-08 pivots<1e-12: 0
  [LU] n=924 kutta=1 min|U_ii|=0.00354299 max|U_ii|=195565 ratio=1.81167e-08 pivots<1e-12: 0
  [LU] n=924 kutta=1 min|U_ii|=0.0049059 max|U_ii|=111026 ratio=4.41868e-08 pivots<1e-12: 0
  [LU] n=2520 kutta=1 min|U_ii|=0.0445846 max|U_ii|=6061.07 ratio=7.3559e-06 pivots<1e-12: 0
  [LU] n=924 kutta=1 min|U_ii|=0.00354299 max|U_ii|=195565 ratio=1.81167e-08 pivots<1e-12: 0
  [LU] n=924 kutta=1 min|U_ii|=0.00354299 max|U_ii|=195565 ratio=1.81167e-08 pivots<1e-12: 0
  [LU] n=924 kutta=1 min|U_ii|=0.0049059 max|U_ii|=111026 ratio=4.41868e-08 pivots<1e-12: 0
  [LU] n=2520 kutta=1 min|U_ii|=0.0445846 max|U_ii|=6061.07 ratio=7.3559e-06 pivots<1e-12: 0
  [LU] n=924 kutta=1 min|U_ii|=0.00354299 max|U_ii|=195565 ratio=1.81167e-08 pivots<1e-12: 0
  [LU] n=924 kutta=1 min|U_ii|=0.00354299 max|U_ii|=195565 ratio=1.81167e-08 pivots<1e-12: 0
  [LU] n=924 kutta=1 min|U_ii|=0.0049059 max|U_ii|=111026 ratio=4.41868e-08 pivots<1e-12: 0
  [LU] n=2520 kutta=1 min|U_ii|=0.0445846 max|U_ii|=6061.07 ratio=7.3559e-06 pivots<1e-12: 0
  [LU] n=924 kutta=1 min|U_ii|=0.00354299 max|U_ii|=195565 ratio=1.81167e-08 pivots<1e-12: 0
  [LU] n=924 kutta=1 min|U_ii|=0.00354299 max|U_ii|=195565 ratio=1.81167e-08 pivots<1e-12: 0
  [LU] n=924 kutta=1 min|U_ii|=0.0049059 max|U_ii|=111026 ratio=4.41868e-08 pivots<1e-12: 0
  [LU] n=2520 kutta=1 min|U_ii|=0.0445846 max|U_ii|=6061.07 ratio=7.3559e-06 pivots<1e-12: 0
  [LU] n=924 kutta=1 min|U_ii|=0.00354299 max|U_ii|=195565 ratio=1.81167e-08 pivots<1e-12: 0
  [LU] n=924 kutta=1 min|U_ii|=0.00354299 max|U_ii|=195565 ratio=1.81167e-08 pivots<1e-12: 0
  [LU] n=924 kutta=1 min|U_ii|=0.0049059 max|U_ii|=111026 ratio=4.41868e-08 pivots<1e-12: 0
  [LU] n=2520 kutta=1 min|U_ii|=0.0445846 max|U_ii|=6061.07 ratio=7.3559e-06 pivots<1e-12: 0
  [LU] n=924 kutta=1 min|U_ii|=0.00354299 max|U_ii|=195565 ratio=1.81167e-08 pivots<1e-12: 0
  [LU] n=924 kutta=1 min|U_ii|=0.00354299 max|U_ii|=195565 ratio=1.81167e-08 pivots<1e-12: 0
  [LU] n=924 kutta=1 min|U_ii|=0.0049059 max|U_ii|=111026 ratio=4.41868e-08 pivots<1e-12: 0
  [LU] n=2520 kutta=1 min|U_ii|=0.0445846 max|U_ii|=6061.07 ratio=7.3559e-06 pivots<1e-12: 0
  [LU] n=924 kutta=1 min|U_ii|=0.00354299 max|U_ii|=195565 ratio=1.81167e-08 pivots<1e-12: 0
  [LU] n=924 kutta=1 min|U_ii|=0.00354299 max|U_ii|=195565 ratio=1.81167e-08 pivots<1e-12: 0
  [LU] n=924 kutta=1 min|U_ii|=0.0049059 max|U_ii|=111026 ratio=4.41868e-08 pivots<1e-12: 0
  [LU] n=2520 kutta=1 min|U_ii|=0.0445846 max|U_ii|=6061.07 ratio=7.3559e-06 pivots<1e-12: 0
  [LU] n=924 kutta=1 min|U_ii|=0.00354299 max|U_ii|=195565 ratio=1.81167e-08 pivots<1e-12: 0
  [LU] n=924 kutta=1 min|U_ii|=0.00354299 max|U_ii|=195565 ratio=1.81167e-08 pivots<1e-12: 0
  [LU] n=924 kutta=1 min|U_ii|=0.0049059 max|U_ii|=111026 ratio=4.41868e-08 pivots<1e-12: 0
  [LU] n=2520 kutta=1 min|U_ii|=0.0445846 max|U_ii|=6061.07 ratio=7.3559e-06 pivots<1e-12: 0
  [LU] n=924 kutta=1 min|U_ii|=0.00354299 max|U_ii|=195565 ratio=1.81167e-08 pivots<1e-12: 0
  [LU] n=924 kutta=1 min|U_ii|=0.00354299 max|U_ii|=195565 ratio=1.81167e-08 pivots<1e-12: 0
  [LU] n=924 kutta=1 min|U_ii|=0.0049059 max|U_ii|=111026 ratio=4.41868e-08 pivots<1e-12: 0
  [LU] n=2520 kutta=1 min|U_ii|=0.0445846 max|U_ii|=6061.07 ratio=7.3559e-06 pivots<1e-12: 0
  [LU] n=924 kutta=1 min|U_ii|=0.00354299 max|U_ii|=195565 ratio=1.81167e-08 pivots<1e-12: 0
  [LU] n=924 kutta=1 min|U_ii|=0.00354299 max|U_ii|=195565 ratio=1.81167e-08 pivots<1e-12: 0
  [LU] n=924 kutta=1 min|U_ii|=0.0049059 max|U_ii|=111026 ratio=4.41868e-08 pivots<1e-12: 0
  [LU] n=2520 kutta=1 min|U_ii|=0.0445846 max|U_ii|=6061.07 ratio=7.3559e-06 pivots<1e-12: 0
  [LU] n=924 kutta=1 min|U_ii|=0.00354299 max|U_ii|=195565 ratio=1.81167e-08 pivots<1e-12: 0
  [LU] n=924 kutta=1 min|U_ii|=0.00354299 max|U_ii|=195565 ratio=1.81167e-08 pivots<1e-12: 0
  [LU] n=924 kutta=1 min|U_ii|=0.0049059 max|U_ii|=111026 ratio=4.41868e-08 pivots<1e-12: 0
  [LU] n=2520 kutta=1 min|U_ii|=0.0445846 max|U_ii|=6061.07 ratio=7.3559e-06 pivots<1e-12: 0
  [LU] n=924 kutta=1 min|U_ii|=0.00354299 max|U_ii|=195565 ratio=1.81167e-08 pivots<1e-12: 0
  [LU] n=924 kutta=1 min|U_ii|=0.00354299 max|U_ii|=195565 ratio=1.81167e-08 pivots<1e-12: 0
  [LU] n=924 kutta=1 min|U_ii|=0.0049059 max|U_ii|=111026 ratio=4.41868e-08 pivots<1e-12: 0
  [LU] n=2520 kutta=1 min|U_ii|=0.0445846 max|U_ii|=6061.07 ratio=7.3559e-06 pivots<1e-12: 0
  [LU] n=924 kutta=1 min|U_ii|=0.00354299 max|U_ii|=195565 ratio=1.81167e-08 pivots<1e-12: 0
  [LU] n=924 kutta=1 min|U_ii|=0.00354299 max|U_ii|=195565 ratio=1.81167e-08 pivots<1e-12: 0
  [LU] n=924 kutta=1 min|U_ii|=0.0049059 max|U_ii|=111026 ratio=4.41868e-08 pivots<1e-12: 0
  [LU] n=2520 kutta=1 min|U_ii|=0.0445846 max|U_ii|=6061.07 ratio=7.3559e-06 pivots<1e-12: 0
  [LU] n=924 kutta=1 min|U_ii|=0.00354299 max|U_ii|=195565 ratio=1.81167e-08 pivots<1e-12: 0
  [LU] n=924 kutta=1 min|U_ii|=0.00354299 max|U_ii|=195565 ratio=1.81167e-08 pivots<1e-12: 0
  [LU] n=924 kutta=1 min|U_ii|=0.0049059 max|U_ii|=111026 ratio=4.41868e-08 pivots<1e-12: 0
  [LU] n=2520 kutta=1 min|U_ii|=0.0445846 max|U_ii|=6061.07 ratio=7.3559e-06 pivots<1e-12: 0
  [LU] n=924 kutta=1 min|U_ii|=0.00354299 max|U_ii|=195565 ratio=1.81167e-08 pivots<1e-12: 0
  [LU] n=924 kutta=1 min|U_ii|=0.00354299 max|U_ii|=195565 ratio=1.81167e-08 pivots<1e-12: 0
  [LU] n=924 kutta=1 min|U_ii|=0.0049059 max|U_ii|=111026 ratio=4.41868e-08 pivots<1e-12: 0
  [LU] n=2520 kutta=1 min|U_ii|=0.0445846 max|U_ii|=6061.07 ratio=7.3559e-06 pivots<1e-12: 0
  [LU] n=924 kutta=1 min|U_ii|=0.00354299 max|U_ii|=195565 ratio=1.81167e-08 pivots<1e-12: 0
  [LU] n=924 kutta=1 min|U_ii|=0.00354299 max|U_ii|=195565 ratio=1.81167e-08 pivots<1e-12: 0
  [LU] n=924 kutta=1 min|U_ii|=0.0049059 max|U_ii|=111026 ratio=4.41868e-08 pivots<1e-12: 0
  [LU] n=2520 kutta=1 min|U_ii|=0.0445846 max|U_ii|=6061.07 ratio=7.3559e-06 pivots<1e-12: 0
  [LU] n=924 kutta=1 min|U_ii|=0.00354299 max|U_ii|=195565 ratio=1.81167e-08 pivots<1e-12: 0
  [LU] n=924 kutta=1 min|U_ii|=0.00354299 max|U_ii|=195565 ratio=1.81167e-08 pivots<1e-12: 0
  [LU] n=924 kutta=1 min|U_ii|=0.0049059 max|U_ii|=111026 ratio=4.41868e-08 pivots<1e-12: 0
  [LU] n=2520 kutta=1 min|U_ii|=0.0445846 max|U_ii|=6061.07 ratio=7.3559e-06 pivots<1e-12: 0
  [LU] n=924 kutta=1 min|U_ii|=0.00354299 max|U_ii|=195565 ratio=1.81167e-08 pivots<1e-12: 0
  [LU] n=924 kutta=1 min|U_ii|=0.00354299 max|U_ii|=195565 ratio=1.81167e-08 pivots<1e-12: 0
  [LU] n=924 kutta=1 min|U_ii|=0.0049059 max|U_ii|=111026 ratio=4.41868e-08 pivots<1e-12: 0
  [LU] n=2520 kutta=1 min|U_ii|=0.0445846 max|U_ii|=6061.07 ratio=7.3559e-06 pivots<1e-12: 0
  [LU] n=924 kutta=1 min|U_ii|=0.00354299 max|U_ii|=195565 ratio=1.81167e-08 pivots<1e-12: 0
  [LU] n=924 kutta=1 min|U_ii|=0.00354299 max|U_ii|=195565 ratio=1.81167e-08 pivots<1e-12: 0
  [LU] n=924 kutta=1 min|U_ii|=0.0049059 max|U_ii|=111026 ratio=4.41868e-08 pivots<1e-12: 0
  [LU] n=2520 kutta=1 min|U_ii|=0.0445846 max|U_ii|=6061.07 ratio=7.3559e-06 pivots<1e-12: 0
  [LU] n=924 kutta=1 min|U_ii|=0.00354299 max|U_ii|=195565 ratio=1.81167e-08 pivots<1e-12: 0
  [LU] n=924 kutta=1 min|U_ii|=0.00354299 max|U_ii|=195565 ratio=1.81167e-08 pivots<1e-12: 0
  [LU] n=924 kutta=1 min|U_ii|=0.0049059 max|U_ii|=111026 ratio=4.41868e-08 pivots<1e-12: 0
  [LU] n=2520 kutta=1 min|U_ii|=0.0445846 max|U_ii|=6061.07 ratio=7.3559e-06 pivots<1e-12: 0
  [LU] n=924 kutta=1 min|U_ii|=0.00354299 max|U_ii|=195565 ratio=1.81167e-08 pivots<1e-12: 0
  [LU] n=924 kutta=1 min|U_ii|=0.00354299 max|U_ii|=195565 ratio=1.81167e-08 pivots<1e-12: 0
  [LU] n=924 kutta=1 min|U_ii|=0.0049059 max|U_ii|=111026 ratio=4.41868e-08 pivots<1e-12: 0
  [LU] n=2520 kutta=1 min|U_ii|=0.0445846 max|U_ii|=6061.07 ratio=7.3559e-06 pivots<1e-12: 0
  [LU] n=924 kutta=1 min|U_ii|=0.00354299 max|U_ii|=195565 ratio=1.81167e-08 pivots<1e-12: 0
  [LU] n=924 kutta=1 min|U_ii|=0.00354299 max|U_ii|=195565 ratio=1.81167e-08 pivots<1e-12: 0
  [LU] n=924 kutta=1 min|U_ii|=0.0049059 max|U_ii|=111026 ratio=4.41868e-08 pivots<1e-12: 0
  [LU] n=2520 kutta=1 min|U_ii|=0.0445846 max|U_ii|=6061.07 ratio=7.3559e-06 pivots<1e-12: 0
  [LU] n=924 kutta=1 min|U_ii|=0.00354299 max|U_ii|=195565 ratio=1.81167e-08 pivots<1e-12: 0
  [LU] n=924 kutta=1 min|U_ii|=0.00354299 max|U_ii|=195565 ratio=1.81167e-08 pivots<1e-12: 0
  [LU] n=924 kutta=1 min|U_ii|=0.0049059 max|U_ii|=111026 ratio=4.41868e-08 pivots<1e-12: 0
  [LU] n=2520 kutta=1 min|U_ii|=0.0445846 max|U_ii|=6061.07 ratio=7.3559e-06 pivots<1e-12: 0
  [LU] n=924 kutta=1 min|U_ii|=0.00354299 max|U_ii|=195565 ratio=1.81167e-08 pivots<1e-12: 0
  [LU] n=924 kutta=1 min|U_ii|=0.00354299 max|U_ii|=195565 ratio=1.81167e-08 pivots<1e-12: 0
  [LU] n=924 kutta=1 min|U_ii|=0.0049059 max|U_ii|=111026 ratio=4.41868e-08 pivots<1e-12: 0
  [LU] n=2520 kutta=1 min|U_ii|=0.0445846 max|U_ii|=6061.07 ratio=7.3559e-06 pivots<1e-12: 0
  [LU] n=924 kutta=1 min|U_ii|=0.00354299 max|U_ii|=195565 ratio=1.81167e-08 pivots<1e-12: 0
  [LU] n=924 kutta=1 min|U_ii|=0.00354299 max|U_ii|=195565 ratio=1.81167e-08 pivots<1e-12: 0
  [LU] n=924 kutta=1 min|U_ii|=0.0049059 max|U_ii|=111026 ratio=4.41868e-08 pivots<1e-12: 0
  [LU] n=2520 kutta=1 min|U_ii|=0.0445846 max|U_ii|=6061.07 ratio=7.3559e-06 pivots<1e-12: 0
  [LU] n=924 kutta=1 min|U_ii|=0.00354299 max|U_ii|=195565 ratio=1.81167e-08 pivots<1e-12: 0
  [LU] n=924 kutta=1 min|U_ii|=0.00354299 max|U_ii|=195565 ratio=1.81167e-08 pivots<1e-12: 0
  [LU] n=924 kutta=1 min|U_ii|=0.0049059 max|U_ii|=111026 ratio=4.41868e-08 pivots<1e-12: 0
  [LU] n=2520 kutta=1 min|U_ii|=0.0445846 max|U_ii|=6061.07 ratio=7.3559e-06 pivots<1e-12: 0
  [LU] n=924 kutta=1 min|U_ii|=0.00354299 max|U_ii|=195565 ratio=1.81167e-08 pivots<1e-12: 0
  [LU] n=924 kutta=1 min|U_ii|=0.00354299 max|U_ii|=195565 ratio=1.81167e-08 pivots<1e-12: 0
  [LU] n=924 kutta=1 min|U_ii|=0.0049059 max|U_ii|=111026 ratio=4.41868e-08 pivots<1e-12: 0
  [LU] n=2520 kutta=1 min|U_ii|=0.0445846 max|U_ii|=6061.07 ratio=7.3559e-06 pivots<1e-12: 0
  [LU] n=924 kutta=1 min|U_ii|=0.00354299 max|U_ii|=195565 ratio=1.81167e-08 pivots<1e-12: 0
  [LU] n=924 kutta=1 min|U_ii|=0.00354299 max|U_ii|=195565 ratio=1.81167e-08 pivots<1e-12: 0
  [LU] n=924 kutta=1 min|U_ii|=0.0049059 max|U_ii|=111026 ratio=4.41868e-08 pivots<1e-12: 0
  [LU] n=2520 kutta=1 min|U_ii|=0.0445846 max|U_ii|=6061.07 ratio=7.3559e-06 pivots<1e-12: 0
  [LU] n=924 kutta=1 min|U_ii|=0.00354299 max|U_ii|=195565 ratio=1.81167e-08 pivots<1e-12: 0
  [LU] n=924 kutta=1 min|U_ii|=0.00354299 max|U_ii|=195565 ratio=1.81167e-08 pivots<1e-12: 0
  [LU] n=924 kutta=1 min|U_ii|=0.0049059 max|U_ii|=111026 ratio=4.41868e-08 pivots<1e-12: 0
  [LU] n=2520 kutta=1 min|U_ii|=0.0445846 max|U_ii|=6061.07 ratio=7.3559e-06 pivots<1e-12: 0
  [LU] n=924 kutta=1 min|U_ii|=0.00354299 max|U_ii|=195565 ratio=1.81167e-08 pivots<1e-12: 0
  [LU] n=924 kutta=1 min|U_ii|=0.00354299 max|U_ii|=195565 ratio=1.81167e-08 pivots<1e-12: 0
  [LU] n=924 kutta=1 min|U_ii|=0.0049059 max|U_ii|=111026 ratio=4.41868e-08 pivots<1e-12: 0
  [LU] n=2520 kutta=1 min|U_ii|=0.0445846 max|U_ii|=6061.07 ratio=7.3559e-06 pivots<1e-12: 0
  [LU] n=924 kutta=1 min|U_ii|=0.00354299 max|U_ii|=195565 ratio=1.81167e-08 pivots<1e-12: 0
  [LU] n=924 kutta=1 min|U_ii|=0.00354299 max|U_ii|=195565 ratio=1.81167e-08 pivots<1e-12: 0
  [LU] n=924 kutta=1 min|U_ii|=0.0049059 max|U_ii|=111026 ratio=4.41868e-08 pivots<1e-12: 0
  [LU] n=2520 kutta=1 min|U_ii|=0.0445846 max|U_ii|=6061.07 ratio=7.3559e-06 pivots<1e-12: 0
  [LU] n=924 kutta=1 min|U_ii|=0.00354299 max|U_ii|=195565 ratio=1.81167e-08 pivots<1e-12: 0
  [LU] n=924 kutta=1 min|U_ii|=0.00354299 max|U_ii|=195565 ratio=1.81167e-08 pivots<1e-12: 0
  [LU] n=924 kutta=1 min|U_ii|=0.0049059 max|U_ii|=111026 ratio=4.41868e-08 pivots<1e-12: 0
  [LU] n=2520 kutta=1 min|U_ii|=0.0445846 max|U_ii|=6061.07 ratio=7.3559e-06 pivots<1e-12: 0
  [LU] n=924 kutta=1 min|U_ii|=0.00354299 max|U_ii|=195565 ratio=1.81167e-08 pivots<1e-12: 0
  [LU] n=924 kutta=1 min|U_ii|=0.00354299 max|U_ii|=195565 ratio=1.81167e-08 pivots<1e-12: 0
  [LU] n=924 kutta=1 min|U_ii|=0.0049059 max|U_ii|=111026 ratio=4.41868e-08 pivots<1e-12: 0
  [LU] n=2520 kutta=1 min|U_ii|=0.0445846 max|U_ii|=6061.07 ratio=7.3559e-06 pivots<1e-12: 0
  [LU] n=924 kutta=1 min|U_ii|=0.00354299 max|U_ii|=195565 ratio=1.81167e-08 pivots<1e-12: 0
  [LU] n=924 kutta=1 min|U_ii|=0.00354299 max|U_ii|=195565 ratio=1.81167e-08 pivots<1e-12: 0
  [LU] n=924 kutta=1 min|U_ii|=0.0049059 max|U_ii|=111026 ratio=4.41868e-08 pivots<1e-12: 0
  [LU] n=2520 kutta=1 min|U_ii|=0.0445846 max|U_ii|=6061.07 ratio=7.3559e-06 pivots<1e-12: 0
  [LU] n=924 kutta=1 min|U_ii|=0.00354299 max|U_ii|=195565 ratio=1.81167e-08 pivots<1e-12: 0
  [LU] n=924 kutta=1 min|U_ii|=0.00354299 max|U_ii|=195565 ratio=1.81167e-08 pivots<1e-12: 0
  [LU] n=924 kutta=1 min|U_ii|=0.0049059 max|U_ii|=111026 ratio=4.41868e-08 pivots<1e-12: 0
  [LU] n=2520 kutta=1 min|U_ii|=0.0445846 max|U_ii|=6061.07 ratio=7.3559e-06 pivots<1e-12: 0
  [LU] n=924 kutta=1 min|U_ii|=0.00354299 max|U_ii|=195565 ratio=1.81167e-08 pivots<1e-12: 0
  [LU] n=924 kutta=1 min|U_ii|=0.00354299 max|U_ii|=195565 ratio=1.81167e-08 pivots<1e-12: 0
  [LU] n=924 kutta=1 min|U_ii|=0.0049059 max|U_ii|=111026 ratio=4.41868e-08 pivots<1e-12: 0
  [LU] n=2520 kutta=1 min|U_ii|=0.0445846 max|U_ii|=6061.07 ratio=7.3559e-06 pivots<1e-12: 0
  [LU] n=924 kutta=1 min|U_ii|=0.00354299 max|U_ii|=195565 ratio=1.81167e-08 pivots<1e-12: 0
  [LU] n=924 kutta=1 min|U_ii|=0.00354299 max|U_ii|=195565 ratio=1.81167e-08 pivots<1e-12: 0
  [LU] n=924 kutta=1 min|U_ii|=0.0049059 max|U_ii|=111026 ratio=4.41868e-08 pivots<1e-12: 0
  [LU] n=2520 kutta=1 min|U_ii|=0.0445846 max|U_ii|=6061.07 ratio=7.3559e-06 pivots<1e-12: 0
  [LU] n=924 kutta=1 min|U_ii|=0.00354299 max|U_ii|=195565 ratio=1.81167e-08 pivots<1e-12: 0
  [LU] n=924 kutta=1 min|U_ii|=0.00354299 max|U_ii|=195565 ratio=1.81167e-08 pivots<1e-12: 0
  [LU] n=924 kutta=1 min|U_ii|=0.0049059 max|U_ii|=111026 ratio=4.41868e-08 pivots<1e-12: 0
  [LU] n=2520 kutta=1 min|U_ii|=0.0445846 max|U_ii|=6061.07 ratio=7.3559e-06 pivots<1e-12: 0
  [LU] n=924 kutta=1 min|U_ii|=0.00354299 max|U_ii|=195565 ratio=1.81167e-08 pivots<1e-12: 0
  [LU] n=924 kutta=1 min|U_ii|=0.00354299 max|U_ii|=195565 ratio=1.81167e-08 pivots<1e-12: 0
  [LU] n=924 kutta=1 min|U_ii|=0.0049059 max|U_ii|=111026 ratio=4.41868e-08 pivots<1e-12: 0
  [LU] n=2520 kutta=1 min|U_ii|=0.0445846 max|U_ii|=6061.07 ratio=7.3559e-06 pivots<1e-12: 0
  [LU] n=924 kutta=1 min|U_ii|=0.00354299 max|U_ii|=195565 ratio=1.81167e-08 pivots<1e-12: 0
  [LU] n=924 kutta=1 min|U_ii|=0.00354299 max|U_ii|=195565 ratio=1.81167e-08 pivots<1e-12: 0
  [LU] n=924 kutta=1 min|U_ii|=0.0049059 max|U_ii|=111026 ratio=4.41868e-08 pivots<1e-12: 0
  [LU] n=2520 kutta=1 min|U_ii|=0.0445846 max|U_ii|=6061.07 ratio=7.3559e-06 pivots<1e-12: 0
  [LU] n=924 kutta=1 min|U_ii|=0.00354299 max|U_ii|=195565 ratio=1.81167e-08 pivots<1e-12: 0
  [LU] n=924 kutta=1 min|U_ii|=0.00354299 max|U_ii|=195565 ratio=1.81167e-08 pivots<1e-12: 0
  [LU] n=924 kutta=1 min|U_ii|=0.0049059 max|U_ii|=111026 ratio=4.41868e-08 pivots<1e-12: 0
  [LU] n=2520 kutta=1 min|U_ii|=0.0445846 max|U_ii|=6061.07 ratio=7.3559e-06 pivots<1e-12: 0
  [LU] n=924 kutta=1 min|U_ii|=0.00354299 max|U_ii|=195565 ratio=1.81167e-08 pivots<1e-12: 0
  [LU] n=924 kutta=1 min|U_ii|=0.00354299 max|U_ii|=195565 ratio=1.81167e-08 pivots<1e-12: 0
  [LU] n=924 kutta=1 min|U_ii|=0.0049059 max|U_ii|=111026 ratio=4.41868e-08 pivots<1e-12: 0
  [LU] n=2520 kutta=1 min|U_ii|=0.0445846 max|U_ii|=6061.07 ratio=7.3559e-06 pivots<1e-12: 0
  [LU] n=924 kutta=1 min|U_ii|=0.00354299 max|U_ii|=195565 ratio=1.81167e-08 pivots<1e-12: 0
  [LU] n=924 kutta=1 min|U_ii|=0.00354299 max|U_ii|=195565 ratio=1.81167e-08 pivots<1e-12: 0
  [LU] n=924 kutta=1 min|U_ii|=0.0049059 max|U_ii|=111026 ratio=4.41868e-08 pivots<1e-12: 0
  [LU] n=2520 kutta=1 min|U_ii|=0.0445846 max|U_ii|=6061.07 ratio=7.3559e-06 pivots<1e-12: 0
  [LU] n=924 kutta=1 min|U_ii|=0.00354299 max|U_ii|=195565 ratio=1.81167e-08 pivots<1e-12: 0
  [LU] n=924 kutta=1 min|U_ii|=0.00354299 max|U_ii|=195565 ratio=1.81167e-08 pivots<1e-12: 0
  [LU] n=924 kutta=1 min|U_ii|=0.0049059 max|U_ii|=111026 ratio=4.41868e-08 pivots<1e-12: 0
  [LU] n=2520 kutta=1 min|U_ii|=0.0445846 max|U_ii|=6061.07 ratio=7.3559e-06 pivots<1e-12: 0
  [LU] n=924 kutta=1 min|U_ii|=0.00354299 max|U_ii|=195565 ratio=1.81167e-08 pivots<1e-12: 0
  [LU] n=924 kutta=1 min|U_ii|=0.00354299 max|U_ii|=195565 ratio=1.81167e-08 pivots<1e-12: 0
  [LU] n=924 kutta=1 min|U_ii|=0.0049059 max|U_ii|=111026 ratio=4.41868e-08 pivots<1e-12: 0
  [LU] n=2520 kutta=1 min|U_ii|=0.0445846 max|U_ii|=6061.07 ratio=7.3559e-06 pivots<1e-12: 0
  [LU] n=924 kutta=1 min|U_ii|=0.00354299 max|U_ii|=195565 ratio=1.81167e-08 pivots<1e-12: 0
  [LU] n=924 kutta=1 min|U_ii|=0.00354299 max|U_ii|=195565 ratio=1.81167e-08 pivots<1e-12: 0
  [LU] n=924 kutta=1 min|U_ii|=0.0049059 max|U_ii|=111026 ratio=4.41868e-08 pivots<1e-12: 0
  [LU] n=2520 kutta=1 min|U_ii|=0.0445846 max|U_ii|=6061.07 ratio=7.3559e-06 pivots<1e-12: 0
  [LU] n=924 kutta=1 min|U_ii|=0.00354299 max|U_ii|=195565 ratio=1.81167e-08 pivots<1e-12: 0
  [LU] n=924 kutta=1 min|U_ii|=0.00354299 max|U_ii|=195565 ratio=1.81167e-08 pivots<1e-12: 0
  [LU] n=924 kutta=1 min|U_ii|=0.0049059 max|U_ii|=111026 ratio=4.41868e-08 pivots<1e-12: 0
  [LU] n=2520 kutta=1 min|U_ii|=0.0445846 max|U_ii|=6061.07 ratio=7.3559e-06 pivots<1e-12: 0
  [LU] n=924 kutta=1 min|U_ii|=0.00354299 max|U_ii|=195565 ratio=1.81167e-08 pivots<1e-12: 0
  [LU] n=924 kutta=1 min|U_ii|=0.00354299 max|U_ii|=195565 ratio=1.81167e-08 pivots<1e-12: 0
  [LU] n=924 kutta=1 min|U_ii|=0.0049059 max|U_ii|=111026 ratio=4.41868e-08 pivots<1e-12: 0
  [LU] n=2520 kutta=1 min|U_ii|=0.0445846 max|U_ii|=6061.07 ratio=7.3559e-06 pivots<1e-12: 0
  [LU] n=924 kutta=1 min|U_ii|=0.00354299 max|U_ii|=195565 ratio=1.81167e-08 pivots<1e-12: 0
  [LU] n=924 kutta=1 min|U_ii|=0.00354299 max|U_ii|=195565 ratio=1.81167e-08 pivots<1e-12: 0
  [LU] n=924 kutta=1 min|U_ii|=0.0049059 max|U_ii|=111026 ratio=4.41868e-08 pivots<1e-12: 0
  [LU] n=2520 kutta=1 min|U_ii|=0.0445846 max|U_ii|=6061.07 ratio=7.3559e-06 pivots<1e-12: 0
  [LU] n=924 kutta=1 min|U_ii|=0.00354299 max|U_ii|=195565 ratio=1.81167e-08 pivots<1e-12: 0
  [LU] n=924 kutta=1 min|U_ii|=0.00354299 max|U_ii|=195565 ratio=1.81167e-08 pivots<1e-12: 0
  [LU] n=924 kutta=1 min|U_ii|=0.0049059 max|U_ii|=111026 ratio=4.41868e-08 pivots<1e-12: 0
  [LU] n=2520 kutta=1 min|U_ii|=0.0445846 max|U_ii|=6061.07 ratio=7.3559e-06 pivots<1e-12: 0
  [LU] n=924 kutta=1 min|U_ii|=0.00354299 max|U_ii|=195565 ratio=1.81167e-08 pivots<1e-12: 0
  [LU] n=924 kutta=1 min|U_ii|=0.00354299 max|U_ii|=195565 ratio=1.81167e-08 pivots<1e-12: 0
  [LU] n=924 kutta=1 min|U_ii|=0.0049059 max|U_ii|=111026 ratio=4.41868e-08 pivots<1e-12: 0
  [LU] n=2520 kutta=1 min|U_ii|=0.0445846 max|U_ii|=6061.07 ratio=7.3559e-06 pivots<1e-12: 0
  [LU] n=924 kutta=1 min|U_ii|=0.00354299 max|U_ii|=195565 ratio=1.81167e-08 pivots<1e-12: 0
  [LU] n=924 kutta=1 min|U_ii|=0.00354299 max|U_ii|=195565 ratio=1.81167e-08 pivots<1e-12: 0
  [LU] n=924 kutta=1 min|U_ii|=0.0049059 max|U_ii|=111026 ratio=4.41868e-08 pivots<1e-12: 0
  [LU] n=2520 kutta=1 min|U_ii|=0.0445846 max|U_ii|=6061.07 ratio=7.3559e-06 pivots<1e-12: 0
  [LU] n=924 kutta=1 min|U_ii|=0.00354299 max|U_ii|=195565 ratio=1.81167e-08 pivots<1e-12: 0
  [LU] n=924 kutta=1 min|U_ii|=0.00354299 max|U_ii|=195565 ratio=1.81167e-08 pivots<1e-12: 0
  [LU] n=924 kutta=1 min|U_ii|=0.0049059 max|U_ii|=111026 ratio=4.41868e-08 pivots<1e-12: 0
  [LU] n=2520 kutta=1 min|U_ii|=0.0445846 max|U_ii|=6061.07 ratio=7.3559e-06 pivots<1e-12: 0
  [LU] n=924 kutta=1 min|U_ii|=0.00354299 max|U_ii|=195565 ratio=1.81167e-08 pivots<1e-12: 0
  [LU] n=924 kutta=1 min|U_ii|=0.00354299 max|U_ii|=195565 ratio=1.81167e-08 pivots<1e-12: 0
  [LU] n=924 kutta=1 min|U_ii|=0.0049059 max|U_ii|=111026 ratio=4.41868e-08 pivots<1e-12: 0
  [LU] n=2520 kutta=1 min|U_ii|=0.0445846 max|U_ii|=6061.07 ratio=7.3559e-06 pivots<1e-12: 0
  [LU] n=924 kutta=1 min|U_ii|=0.00354299 max|U_ii|=195565 ratio=1.81167e-08 pivots<1e-12: 0
  [LU] n=924 kutta=1 min|U_ii|=0.00354299 max|U_ii|=195565 ratio=1.81167e-08 pivots<1e-12: 0
  [LU] n=924 kutta=1 min|U_ii|=0.0049059 max|U_ii|=111026 ratio=4.41868e-08 pivots<1e-12: 0
  [LU] n=2520 kutta=1 min|U_ii|=0.0445846 max|U_ii|=6061.07 ratio=7.3559e-06 pivots<1e-12: 0
  [LU] n=924 kutta=1 min|U_ii|=0.00354299 max|U_ii|=195565 ratio=1.81167e-08 pivots<1e-12: 0
  [LU] n=924 kutta=1 min|U_ii|=0.00354299 max|U_ii|=195565 ratio=1.81167e-08 pivots<1e-12: 0
  [LU] n=924 kutta=1 min|U_ii|=0.0049059 max|U_ii|=111026 ratio=4.41868e-08 pivots<1e-12: 0
  [LU] n=2520 kutta=1 min|U_ii|=0.0445846 max|U_ii|=6061.07 ratio=7.3559e-06 pivots<1e-12: 0
  [LU] n=924 kutta=1 min|U_ii|=0.00354299 max|U_ii|=195565 ratio=1.81167e-08 pivots<1e-12: 0
  [LU] n=924 kutta=1 min|U_ii|=0.00354299 max|U_ii|=195565 ratio=1.81167e-08 pivots<1e-12: 0
  [LU] n=924 kutta=1 min|U_ii|=0.0049059 max|U_ii|=111026 ratio=4.41868e-08 pivots<1e-12: 0
  [LU] n=2520 kutta=1 min|U_ii|=0.0445846 max|U_ii|=6061.07 ratio=7.3559e-06 pivots<1e-12: 0
  [LU] n=924 kutta=1 min|U_ii|=0.00354299 max|U_ii|=195565 ratio=1.81167e-08 pivots<1e-12: 0
  [LU] n=924 kutta=1 min|U_ii|=0.00354299 max|U_ii|=195565 ratio=1.81167e-08 pivots<1e-12: 0
  [LU] n=924 kutta=1 min|U_ii|=0.0049059 max|U_ii|=111026 ratio=4.41868e-08 pivots<1e-12: 0
  [LU] n=2520 kutta=1 min|U_ii|=0.0445846 max|U_ii|=6061.07 ratio=7.3559e-06 pivots<1e-12: 0
  [LU] n=924 kutta=1 min|U_ii|=0.00354299 max|U_ii|=195565 ratio=1.81167e-08 pivots<1e-12: 0
  [LU] n=924 kutta=1 min|U_ii|=0.00354299 max|U_ii|=195565 ratio=1.81167e-08 pivots<1e-12: 0
  [LU] n=924 kutta=1 min|U_ii|=0.0049059 max|U_ii|=111026 ratio=4.41868e-08 pivots<1e-12: 0
  [LU] n=2520 kutta=1 min|U_ii|=0.0445846 max|U_ii|=6061.07 ratio=7.3559e-06 pivots<1e-12: 0
  [LU] n=924 kutta=1 min|U_ii|=0.00354299 max|U_ii|=195565 ratio=1.81167e-08 pivots<1e-12: 0
  [LU] n=924 kutta=1 min|U_ii|=0.00354299 max|U_ii|=195565 ratio=1.81167e-08 pivots<1e-12: 0
  [LU] n=924 kutta=1 min|U_ii|=0.0049059 max|U_ii|=111026 ratio=4.41868e-08 pivots<1e-12: 0
  [LU] n=2520 kutta=1 min|U_ii|=0.0445846 max|U_ii|=6061.07 ratio=7.3559e-06 pivots<1e-12: 0
  [LU] n=924 kutta=1 min|U_ii|=0.00354299 max|U_ii|=195565 ratio=1.81167e-08 pivots<1e-12: 0
  [LU] n=924 kutta=1 min|U_ii|=0.00354299 max|U_ii|=195565 ratio=1.81167e-08 pivots<1e-12: 0
  [LU] n=924 kutta=1 min|U_ii|=0.0049059 max|U_ii|=111026 ratio=4.41868e-08 pivots<1e-12: 0
  [LU] n=2520 kutta=1 min|U_ii|=0.0445846 max|U_ii|=6061.07 ratio=7.3559e-06 pivots<1e-12: 0
  [LU] n=924 kutta=1 min|U_ii|=0.00354299 max|U_ii|=195565 ratio=1.81167e-08 pivots<1e-12: 0
  [LU] n=924 kutta=1 min|U_ii|=0.00354299 max|U_ii|=195565 ratio=1.81167e-08 pivots<1e-12: 0
  [LU] n=924 kutta=1 min|U_ii|=0.0049059 max|U_ii|=111026 ratio=4.41868e-08 pivots<1e-12: 0
  [LU] n=2520 kutta=1 min|U_ii|=0.0445846 max|U_ii|=6061.07 ratio=7.3559e-06 pivots<1e-12: 0
  [LU] n=924 kutta=1 min|U_ii|=0.00354299 max|U_ii|=195565 ratio=1.81167e-08 pivots<1e-12: 0
  [LU] n=924 kutta=1 min|U_ii|=0.00354299 max|U_ii|=195565 ratio=1.81167e-08 pivots<1e-12: 0
  [LU] n=924 kutta=1 min|U_ii|=0.0049059 max|U_ii|=111026 ratio=4.41868e-08 pivots<1e-12: 0
  [LU] n=2520 kutta=1 min|U_ii|=0.0445846 max|U_ii|=6061.07 ratio=7.3559e-06 pivots<1e-12: 0
  [LU] n=924 kutta=1 min|U_ii|=0.00354299 max|U_ii|=195565 ratio=1.81167e-08 pivots<1e-12: 0
  [LU] n=924 kutta=1 min|U_ii|=0.00354299 max|U_ii|=195565 ratio=1.81167e-08 pivots<1e-12: 0
  [LU] n=924 kutta=1 min|U_ii|=0.0049059 max|U_ii|=111026 ratio=4.41868e-08 pivots<1e-12: 0
  [LU] n=2520 kutta=1 min|U_ii|=0.0445846 max|U_ii|=6061.07 ratio=7.3559e-06 pivots<1e-12: 0
  [LU] n=924 kutta=1 min|U_ii|=0.00354299 max|U_ii|=195565 ratio=1.81167e-08 pivots<1e-12: 0
  [LU] n=924 kutta=1 min|U_ii|=0.00354299 max|U_ii|=195565 ratio=1.81167e-08 pivots<1e-12: 0
  [LU] n=924 kutta=1 min|U_ii|=0.0049059 max|U_ii|=111026 ratio=4.41868e-08 pivots<1e-12: 0
  [LU] n=2520 kutta=1 min|U_ii|=0.0445846 max|U_ii|=6061.07 ratio=7.3559e-06 pivots<1e-12: 0
  [LU] n=924 kutta=1 min|U_ii|=0.00354299 max|U_ii|=195565 ratio=1.81167e-08 pivots<1e-12: 0
  [LU] n=924 kutta=1 min|U_ii|=0.00354299 max|U_ii|=195565 ratio=1.81167e-08 pivots<1e-12: 0
  [LU] n=924 kutta=1 min|U_ii|=0.0049059 max|U_ii|=111026 ratio=4.41868e-08 pivots<1e-12: 0
  [LU] n=2520 kutta=1 min|U_ii|=0.0445846 max|U_ii|=6061.07 ratio=7.3559e-06 pivots<1e-12: 0
  [LU] n=924 kutta=1 min|U_ii|=0.00354299 max|U_ii|=195565 ratio=1.81167e-08 pivots<1e-12: 0
  [LU] n=924 kutta=1 min|U_ii|=0.00354299 max|U_ii|=195565 ratio=1.81167e-08 pivots<1e-12: 0
  [LU] n=924 kutta=1 min|U_ii|=0.0049059 max|U_ii|=111026 ratio=4.41868e-08 pivots<1e-12: 0
  [LU] n=2520 kutta=1 min|U_ii|=0.0445846 max|U_ii|=6061.07 ratio=7.3559e-06 pivots<1e-12: 0
  [LU] n=924 kutta=1 min|U_ii|=0.00354299 max|U_ii|=195565 ratio=1.81167e-08 pivots<1e-12: 0
  [LU] n=924 kutta=1 min|U_ii|=0.00354299 max|U_ii|=195565 ratio=1.81167e-08 pivots<1e-12: 0
  [LU] n=924 kutta=1 min|U_ii|=0.0049059 max|U_ii|=111026 ratio=4.41868e-08 pivots<1e-12: 0
  [LU] n=2520 kutta=1 min|U_ii|=0.0445846 max|U_ii|=6061.07 ratio=7.3559e-06 pivots<1e-12: 0
  [LU] n=924 kutta=1 min|U_ii|=0.00354299 max|U_ii|=195565 ratio=1.81167e-08 pivots<1e-12: 0
  [LU] n=924 kutta=1 min|U_ii|=0.00354299 max|U_ii|=195565 ratio=1.81167e-08 pivots<1e-12: 0
  [LU] n=924 kutta=1 min|U_ii|=0.0049059 max|U_ii|=111026 ratio=4.41868e-08 pivots<1e-12: 0
  [LU] n=2520 kutta=1 min|U_ii|=0.0445846 max|U_ii|=6061.07 ratio=7.3559e-06 pivots<1e-12: 0
  [LU] n=924 kutta=1 min|U_ii|=0.00354299 max|U_ii|=195565 ratio=1.81167e-08 pivots<1e-12: 0
  [LU] n=924 kutta=1 min|U_ii|=0.00354299 max|U_ii|=195565 ratio=1.81167e-08 pivots<1e-12: 0
  [LU] n=924 kutta=1 min|U_ii|=0.0049059 max|U_ii|=111026 ratio=4.41868e-08 pivots<1e-12: 0
  [LU] n=2520 kutta=1 min|U_ii|=0.0445846 max|U_ii|=6061.07 ratio=7.3559e-06 pivots<1e-12: 0
  [LU] n=924 kutta=1 min|U_ii|=0.00354299 max|U_ii|=195565 ratio=1.81167e-08 pivots<1e-12: 0
  [LU] n=924 kutta=1 min|U_ii|=0.00354299 max|U_ii|=195565 ratio=1.81167e-08 pivots<1e-12: 0
  [LU] n=924 kutta=1 min|U_ii|=0.0049059 max|U_ii|=111026 ratio=4.41868e-08 pivots<1e-12: 0
  [LU] n=2520 kutta=1 min|U_ii|=0.0445846 max|U_ii|=6061.07 ratio=7.3559e-06 pivots<1e-12: 0
  [LU] n=924 kutta=1 min|U_ii|=0.00354299 max|U_ii|=195565 ratio=1.81167e-08 pivots<1e-12: 0
  [LU] n=924 kutta=1 min|U_ii|=0.00354299 max|U_ii|=195565 ratio=1.81167e-08 pivots<1e-12: 0
  [LU] n=924 kutta=1 min|U_ii|=0.0049059 max|U_ii|=111026 ratio=4.41868e-08 pivots<1e-12: 0
  [LU] n=2520 kutta=1 min|U_ii|=0.0445846 max|U_ii|=6061.07 ratio=7.3559e-06 pivots<1e-12: 0
  [LU] n=924 kutta=1 min|U_ii|=0.00354299 max|U_ii|=195565 ratio=1.81167e-08 pivots<1e-12: 0
  [LU] n=924 kutta=1 min|U_ii|=0.00354299 max|U_ii|=195565 ratio=1.81167e-08 pivots<1e-12: 0
  [LU] n=924 kutta=1 min|U_ii|=0.0049059 max|U_ii|=111026 ratio=4.41868e-08 pivots<1e-12: 0
  [LU] n=2520 kutta=1 min|U_ii|=0.0445846 max|U_ii|=6061.07 ratio=7.3559e-06 pivots<1e-12: 0
  [LU] n=924 kutta=1 min|U_ii|=0.00354299 max|U_ii|=195565 ratio=1.81167e-08 pivots<1e-12: 0
  [LU] n=924 kutta=1 min|U_ii|=0.00354299 max|U_ii|=195565 ratio=1.81167e-08 pivots<1e-12: 0
  [LU] n=924 kutta=1 min|U_ii|=0.0049059 max|U_ii|=111026 ratio=4.41868e-08 pivots<1e-12: 0
  [LU] n=2520 kutta=1 min|U_ii|=0.0445846 max|U_ii|=6061.07 ratio=7.3559e-06 pivots<1e-12: 0
  [LU] n=924 kutta=1 min|U_ii|=0.00354299 max|U_ii|=195565 ratio=1.81167e-08 pivots<1e-12: 0
  [LU] n=924 kutta=1 min|U_ii|=0.00354299 max|U_ii|=195565 ratio=1.81167e-08 pivots<1e-12: 0
  [LU] n=924 kutta=1 min|U_ii|=0.0049059 max|U_ii|=111026 ratio=4.41868e-08 pivots<1e-12: 0
  [LU] n=2520 kutta=1 min|U_ii|=0.0445846 max|U_ii|=6061.07 ratio=7.3559e-06 pivots<1e-12: 0
  [LU] n=924 kutta=1 min|U_ii|=0.00354299 max|U_ii|=195565 ratio=1.81167e-08 pivots<1e-12: 0
  [LU] n=924 kutta=1 min|U_ii|=0.00354299 max|U_ii|=195565 ratio=1.81167e-08 pivots<1e-12: 0
  [LU] n=924 kutta=1 min|U_ii|=0.0049059 max|U_ii|=111026 ratio=4.41868e-08 pivots<1e-12: 0
  [LU] n=2520 kutta=1 min|U_ii|=0.0445846 max|U_ii|=6061.07 ratio=7.3559e-06 pivots<1e-12: 0
  [LU] n=924 kutta=1 min|U_ii|=0.00354299 max|U_ii|=195565 ratio=1.81167e-08 pivots<1e-12: 0
  [LU] n=924 kutta=1 min|U_ii|=0.00354299 max|U_ii|=195565 ratio=1.81167e-08 pivots<1e-12: 0
  [LU] n=924 kutta=1 min|U_ii|=0.0049059 max|U_ii|=111026 ratio=4.41868e-08 pivots<1e-12: 0
  [LU] n=2520 kutta=1 min|U_ii|=0.0445846 max|U_ii|=6061.07 ratio=7.3559e-06 pivots<1e-12: 0
  [LU] n=924 kutta=1 min|U_ii|=0.00354299 max|U_ii|=195565 ratio=1.81167e-08 pivots<1e-12: 0
  [LU] n=924 kutta=1 min|U_ii|=0.00354299 max|U_ii|=195565 ratio=1.81167e-08 pivots<1e-12: 0
  [LU] n=924 kutta=1 min|U_ii|=0.0049059 max|U_ii|=111026 ratio=4.41868e-08 pivots<1e-12: 0
  [LU] n=2520 kutta=1 min|U_ii|=0.0445846 max|U_ii|=6061.07 ratio=7.3559e-06 pivots<1e-12: 0
  [LU] n=924 kutta=1 min|U_ii|=0.00354299 max|U_ii|=195565 ratio=1.81167e-08 pivots<1e-12: 0
  [LU] n=924 kutta=1 min|U_ii|=0.00354299 max|U_ii|=195565 ratio=1.81167e-08 pivots<1e-12: 0
  [LU] n=924 kutta=1 min|U_ii|=0.0049059 max|U_ii|=111026 ratio=4.41868e-08 pivots<1e-12: 0
  [LU] n=2520 kutta=1 min|U_ii|=0.0445846 max|U_ii|=6061.07 ratio=7.3559e-06 pivots<1e-12: 0
  [LU] n=924 kutta=1 min|U_ii|=0.00354299 max|U_ii|=195565 ratio=1.81167e-08 pivots<1e-12: 0
  [LU] n=924 kutta=1 min|U_ii|=0.00354299 max|U_ii|=195565 ratio=1.81167e-08 pivots<1e-12: 0
  [LU] n=924 kutta=1 min|U_ii|=0.0049059 max|U_ii|=111026 ratio=4.41868e-08 pivots<1e-12: 0
  [LU] n=2520 kutta=1 min|U_ii|=0.0445846 max|U_ii|=6061.07 ratio=7.3559e-06 pivots<1e-12: 0
  [LU] n=924 kutta=1 min|U_ii|=0.00354299 max|U_ii|=195565 ratio=1.81167e-08 pivots<1e-12: 0
  [LU] n=924 kutta=1 min|U_ii|=0.00354299 max|U_ii|=195565 ratio=1.81167e-08 pivots<1e-12: 0
  [LU] n=924 kutta=1 min|U_ii|=0.0049059 max|U_ii|=111026 ratio=4.41868e-08 pivots<1e-12: 0
  [LU] n=2520 kutta=1 min|U_ii|=0.0445846 max|U_ii|=6061.07 ratio=7.3559e-06 pivots<1e-12: 0
  [LU] n=924 kutta=1 min|U_ii|=0.00354299 max|U_ii|=195565 ratio=1.81167e-08 pivots<1e-12: 0
  [LU] n=924 kutta=1 min|U_ii|=0.00354299 max|U_ii|=195565 ratio=1.81167e-08 pivots<1e-12: 0
  [LU] n=924 kutta=1 min|U_ii|=0.0049059 max|U_ii|=111026 ratio=4.41868e-08 pivots<1e-12: 0
  [LU] n=2520 kutta=1 min|U_ii|=0.0445846 max|U_ii|=6061.07 ratio=7.3559e-06 pivots<1e-12: 0
  [LU] n=924 kutta=1 min|U_ii|=0.00354299 max|U_ii|=195565 ratio=1.81167e-08 pivots<1e-12: 0
  [LU] n=924 kutta=1 min|U_ii|=0.00354299 max|U_ii|=195565 ratio=1.81167e-08 pivots<1e-12: 0
  [LU] n=924 kutta=1 min|U_ii|=0.0049059 max|U_ii|=111026 ratio=4.41868e-08 pivots<1e-12: 0
  [LU] n=2520 kutta=1 min|U_ii|=0.0445846 max|U_ii|=6061.07 ratio=7.3559e-06 pivots<1e-12: 0
  [LU] n=924 kutta=1 min|U_ii|=0.00354299 max|U_ii|=195565 ratio=1.81167e-08 pivots<1e-12: 0
  [LU] n=924 kutta=1 min|U_ii|=0.00354299 max|U_ii|=195565 ratio=1.81167e-08 pivots<1e-12: 0
  [LU] n=924 kutta=1 min|U_ii|=0.0049059 max|U_ii|=111026 ratio=4.41868e-08 pivots<1e-12: 0
  [LU] n=2520 kutta=1 min|U_ii|=0.0445846 max|U_ii|=6061.07 ratio=7.3559e-06 pivots<1e-12: 0
  [LU] n=924 kutta=1 min|U_ii|=0.00354299 max|U_ii|=195565 ratio=1.81167e-08 pivots<1e-12: 0
  [LU] n=924 kutta=1 min|U_ii|=0.00354299 max|U_ii|=195565 ratio=1.81167e-08 pivots<1e-12: 0
  [LU] n=924 kutta=1 min|U_ii|=0.0049059 max|U_ii|=111026 ratio=4.41868e-08 pivots<1e-12: 0
  [LU] n=2520 kutta=1 min|U_ii|=0.0445846 max|U_ii|=6061.07 ratio=7.3559e-06 pivots<1e-12: 0
  [LU] n=924 kutta=1 min|U_ii|=0.00354299 max|U_ii|=195565 ratio=1.81167e-08 pivots<1e-12: 0
  [LU] n=924 kutta=1 min|U_ii|=0.00354299 max|U_ii|=195565 ratio=1.81167e-08 pivots<1e-12: 0
  [LU] n=924 kutta=1 min|U_ii|=0.0049059 max|U_ii|=111026 ratio=4.41868e-08 pivots<1e-12: 0
  [LU] n=2520 kutta=1 min|U_ii|=0.0445846 max|U_ii|=6061.07 ratio=7.3559e-06 pivots<1e-12: 0
  [LU] n=924 kutta=1 min|U_ii|=0.00354299 max|U_ii|=195565 ratio=1.81167e-08 pivots<1e-12: 0
  [LU] n=924 kutta=1 min|U_ii|=0.00354299 max|U_ii|=195565 ratio=1.81167e-08 pivots<1e-12: 0
  [LU] n=924 kutta=1 min|U_ii|=0.0049059 max|U_ii|=111026 ratio=4.41868e-08 pivots<1e-12: 0
  [LU] n=2520 kutta=1 min|U_ii|=0.0445846 max|U_ii|=6061.07 ratio=7.3559e-06 pivots<1e-12: 0
  [LU] n=924 kutta=1 min|U_ii|=0.00354299 max|U_ii|=195565 ratio=1.81167e-08 pivots<1e-12: 0
  [LU] n=924 kutta=1 min|U_ii|=0.00354299 max|U_ii|=195565 ratio=1.81167e-08 pivots<1e-12: 0
  [LU] n=924 kutta=1 min|U_ii|=0.0049059 max|U_ii|=111026 ratio=4.41868e-08 pivots<1e-12: 0
  [LU] n=2520 kutta=1 min|U_ii|=0.0445846 max|U_ii|=6061.07 ratio=7.3559e-06 pivots<1e-12: 0
  [LU] n=924 kutta=1 min|U_ii|=0.00354299 max|U_ii|=195565 ratio=1.81167e-08 pivots<1e-12: 0
  [LU] n=924 kutta=1 min|U_ii|=0.00354299 max|U_ii|=195565 ratio=1.81167e-08 pivots<1e-12: 0
  [LU] n=924 kutta=1 min|U_ii|=0.0049059 max|U_ii|=111026 ratio=4.41868e-08 pivots<1e-12: 0
  [LU] n=2520 kutta=1 min|U_ii|=0.0445846 max|U_ii|=6061.07 ratio=7.3559e-06 pivots<1e-12: 0
  [LU] n=924 kutta=1 min|U_ii|=0.00354299 max|U_ii|=195565 ratio=1.81167e-08 pivots<1e-12: 0
  [LU] n=924 kutta=1 min|U_ii|=0.00354299 max|U_ii|=195565 ratio=1.81167e-08 pivots<1e-12: 0
  [LU] n=924 kutta=1 min|U_ii|=0.0049059 max|U_ii|=111026 ratio=4.41868e-08 pivots<1e-12: 0
  [LU] n=2520 kutta=1 min|U_ii|=0.0445846 max|U_ii|=6061.07 ratio=7.3559e-06 pivots<1e-12: 0
  [LU] n=924 kutta=1 min|U_ii|=0.00354299 max|U_ii|=195565 ratio=1.81167e-08 pivots<1e-12: 0
  [LU] n=924 kutta=1 min|U_ii|=0.00354299 max|U_ii|=195565 ratio=1.81167e-08 pivots<1e-12: 0
  [LU] n=924 kutta=1 min|U_ii|=0.0049059 max|U_ii|=111026 ratio=4.41868e-08 pivots<1e-12: 0
  [LU] n=2520 kutta=1 min|U_ii|=0.0445846 max|U_ii|=6061.07 ratio=7.3559e-06 pivots<1e-12: 0
  [LU] n=924 kutta=1 min|U_ii|=0.00354299 max|U_ii|=195565 ratio=1.81167e-08 pivots<1e-12: 0
  [LU] n=924 kutta=1 min|U_ii|=0.00354299 max|U_ii|=195565 ratio=1.81167e-08 pivots<1e-12: 0
  [LU] n=924 kutta=1 min|U_ii|=0.0049059 max|U_ii|=111026 ratio=4.41868e-08 pivots<1e-12: 0
  [LU] n=2520 kutta=1 min|U_ii|=0.0445846 max|U_ii|=6061.07 ratio=7.3559e-06 pivots<1e-12: 0
  [LU] n=924 kutta=1 min|U_ii|=0.00354299 max|U_ii|=195565 ratio=1.81167e-08 pivots<1e-12: 0
  [LU] n=924 kutta=1 min|U_ii|=0.00354299 max|U_ii|=195565 ratio=1.81167e-08 pivots<1e-12: 0
  [LU] n=924 kutta=1 min|U_ii|=0.0049059 max|U_ii|=111026 ratio=4.41868e-08 pivots<1e-12: 0
  [LU] n=2520 kutta=1 min|U_ii|=0.0445846 max|U_ii|=6061.07 ratio=7.3559e-06 pivots<1e-12: 0
  [LU] n=924 kutta=1 min|U_ii|=0.00354299 max|U_ii|=195565 ratio=1.81167e-08 pivots<1e-12: 0
  [LU] n=924 kutta=1 min|U_ii|=0.00354299 max|U_ii|=195565 ratio=1.81167e-08 pivots<1e-12: 0
  [LU] n=924 kutta=1 min|U_ii|=0.0049059 max|U_ii|=111026 ratio=4.41868e-08 pivots<1e-12: 0
  [LU] n=2520 kutta=1 min|U_ii|=0.0445846 max|U_ii|=6061.07 ratio=7.3559e-06 pivots<1e-12: 0
  [LU] n=924 kutta=1 min|U_ii|=0.00354299 max|U_ii|=195565 ratio=1.81167e-08 pivots<1e-12: 0
  [LU] n=924 kutta=1 min|U_ii|=0.00354299 max|U_ii|=195565 ratio=1.81167e-08 pivots<1e-12: 0
  [LU] n=924 kutta=1 min|U_ii|=0.0049059 max|U_ii|=111026 ratio=4.41868e-08 pivots<1e-12: 0
  [LU] n=2520 kutta=1 min|U_ii|=0.0445846 max|U_ii|=6061.07 ratio=7.3559e-06 pivots<1e-12: 0
  [LU] n=924 kutta=1 min|U_ii|=0.00354299 max|U_ii|=195565 ratio=1.81167e-08 pivots<1e-12: 0
  [LU] n=924 kutta=1 min|U_ii|=0.00354299 max|U_ii|=195565 ratio=1.81167e-08 pivots<1e-12: 0
  [LU] n=924 kutta=1 min|U_ii|=0.0049059 max|U_ii|=111026 ratio=4.41868e-08 pivots<1e-12: 0
  [LU] n=2520 kutta=1 min|U_ii|=0.0445846 max|U_ii|=6061.07 ratio=7.3559e-06 pivots<1e-12: 0
  [LU] n=924 kutta=1 min|U_ii|=0.00354299 max|U_ii|=195565 ratio=1.81167e-08 pivots<1e-12: 0
  [LU] n=924 kutta=1 min|U_ii|=0.00354299 max|U_ii|=195565 ratio=1.81167e-08 pivots<1e-12: 0
  [LU] n=924 kutta=1 min|U_ii|=0.0049059 max|U_ii|=111026 ratio=4.41868e-08 pivots<1e-12: 0
  [LU] n=2520 kutta=1 min|U_ii|=0.0445846 max|U_ii|=6061.07 ratio=7.3559e-06 pivots<1e-12: 0
  [LU] n=924 kutta=1 min|U_ii|=0.00354299 max|U_ii|=195565 ratio=1.81167e-08 pivots<1e-12: 0
  [LU] n=924 kutta=1 min|U_ii|=0.00354299 max|U_ii|=195565 ratio=1.81167e-08 pivots<1e-12: 0
  [LU] n=924 kutta=1 min|U_ii|=0.0049059 max|U_ii|=111026 ratio=4.41868e-08 pivots<1e-12: 0
  [LU] n=2520 kutta=1 min|U_ii|=0.0445846 max|U_ii|=6061.07 ratio=7.3559e-06 pivots<1e-12: 0
  [LU] n=924 kutta=1 min|U_ii|=0.00354299 max|U_ii|=195565 ratio=1.81167e-08 pivots<1e-12: 0
  [LU] n=924 kutta=1 min|U_ii|=0.00354299 max|U_ii|=195565 ratio=1.81167e-08 pivots<1e-12: 0
  [LU] n=924 kutta=1 min|U_ii|=0.0049059 max|U_ii|=111026 ratio=4.41868e-08 pivots<1e-12: 0
  [LU] n=2520 kutta=1 min|U_ii|=0.0445846 max|U_ii|=6061.07 ratio=7.3559e-06 pivots<1e-12: 0
  [LU] n=924 kutta=1 min|U_ii|=0.00354299 max|U_ii|=195565 ratio=1.81167e-08 pivots<1e-12: 0
  [LU] n=924 kutta=1 min|U_ii|=0.00354299 max|U_ii|=195565 ratio=1.81167e-08 pivots<1e-12: 0
  [LU] n=924 kutta=1 min|U_ii|=0.0049059 max|U_ii|=111026 ratio=4.41868e-08 pivots<1e-12: 0
  [LU] n=2520 kutta=1 min|U_ii|=0.0445846 max|U_ii|=6061.07 ratio=7.3559e-06 pivots<1e-12: 0
  [LU] n=924 kutta=1 min|U_ii|=0.00354299 max|U_ii|=195565 ratio=1.81167e-08 pivots<1e-12: 0
  [LU] n=924 kutta=1 min|U_ii|=0.00354299 max|U_ii|=195565 ratio=1.81167e-08 pivots<1e-12: 0
  [LU] n=924 kutta=1 min|U_ii|=0.0049059 max|U_ii|=111026 ratio=4.41868e-08 pivots<1e-12: 0
  [LU] n=2520 kutta=1 min|U_ii|=0.0445846 max|U_ii|=6061.07 ratio=7.3559e-06 pivots<1e-12: 0
  [LU] n=924 kutta=1 min|U_ii|=0.00354299 max|U_ii|=195565 ratio=1.81167e-08 pivots<1e-12: 0
  [LU] n=924 kutta=1 min|U_ii|=0.00354299 max|U_ii|=195565 ratio=1.81167e-08 pivots<1e-12: 0
  [LU] n=924 kutta=1 min|U_ii|=0.0049059 max|U_ii|=111026 ratio=4.41868e-08 pivots<1e-12: 0
  [LU] n=2520 kutta=1 min|U_ii|=0.0445846 max|U_ii|=6061.07 ratio=7.3559e-06 pivots<1e-12: 0
  [LU] n=924 kutta=1 min|U_ii|=0.00354299 max|U_ii|=195565 ratio=1.81167e-08 pivots<1e-12: 0
  [LU] n=924 kutta=1 min|U_ii|=0.00354299 max|U_ii|=195565 ratio=1.81167e-08 pivots<1e-12: 0
  [LU] n=924 kutta=1 min|U_ii|=0.0049059 max|U_ii|=111026 ratio=4.41868e-08 pivots<1e-12: 0
  [LU] n=2520 kutta=1 min|U_ii|=0.0445846 max|U_ii|=6061.07 ratio=7.3559e-06 pivots<1e-12: 0
  [LU] n=924 kutta=1 min|U_ii|=0.00354299 max|U_ii|=195565 ratio=1.81167e-08 pivots<1e-12: 0
  [LU] n=924 kutta=1 min|U_ii|=0.00354299 max|U_ii|=195565 ratio=1.81167e-08 pivots<1e-12: 0
  [LU] n=924 kutta=1 min|U_ii|=0.0049059 max|U_ii|=111026 ratio=4.41868e-08 pivots<1e-12: 0
  [LU] n=2520 kutta=1 min|U_ii|=0.0445846 max|U_ii|=6061.07 ratio=7.3559e-06 pivots<1e-12: 0
  [LU] n=924 kutta=1 min|U_ii|=0.00354299 max|U_ii|=195565 ratio=1.81167e-08 pivots<1e-12: 0
  [LU] n=924 kutta=1 min|U_ii|=0.00354299 max|U_ii|=195565 ratio=1.81167e-08 pivots<1e-12: 0
  [LU] n=924 kutta=1 min|U_ii|=0.0049059 max|U_ii|=111026 ratio=4.41868e-08 pivots<1e-12: 0
  [LU] n=2520 kutta=1 min|U_ii|=0.0445846 max|U_ii|=6061.07 ratio=7.3559e-06 pivots<1e-12: 0
  [LU] n=924 kutta=1 min|U_ii|=0.00354299 max|U_ii|=195565 ratio=1.81167e-08 pivots<1e-12: 0
  [LU] n=924 kutta=1 min|U_ii|=0.00354299 max|U_ii|=195565 ratio=1.81167e-08 pivots<1e-12: 0
  [LU] n=924 kutta=1 min|U_ii|=0.0049059 max|U_ii|=111026 ratio=4.41868e-08 pivots<1e-12: 0
  [LU] n=2520 kutta=1 min|U_ii|=0.0445846 max|U_ii|=6061.07 ratio=7.3559e-06 pivots<1e-12: 0
  [LU] n=924 kutta=1 min|U_ii|=0.00354299 max|U_ii|=195565 ratio=1.81167e-08 pivots<1e-12: 0
  [LU] n=924 kutta=1 min|U_ii|=0.00354299 max|U_ii|=195565 ratio=1.81167e-08 pivots<1e-12: 0
  [LU] n=924 kutta=1 min|U_ii|=0.0049059 max|U_ii|=111026 ratio=4.41868e-08 pivots<1e-12: 0
  [LU] n=2520 kutta=1 min|U_ii|=0.0445846 max|U_ii|=6061.07 ratio=7.3559e-06 pivots<1e-12: 0
  [LU] n=924 kutta=1 min|U_ii|=0.00354299 max|U_ii|=195565 ratio=1.81167e-08 pivots<1e-12: 0
  [LU] n=924 kutta=1 min|U_ii|=0.00354299 max|U_ii|=195565 ratio=1.81167e-08 pivots<1e-12: 0
  [LU] n=924 kutta=1 min|U_ii|=0.0049059 max|U_ii|=111026 ratio=4.41868e-08 pivots<1e-12: 0
  [LU] n=2520 kutta=1 min|U_ii|=0.0445846 max|U_ii|=6061.07 ratio=7.3559e-06 pivots<1e-12: 0
  [LU] n=924 kutta=1 min|U_ii|=0.00354299 max|U_ii|=195565 ratio=1.81167e-08 pivots<1e-12: 0
  [LU] n=924 kutta=1 min|U_ii|=0.00354299 max|U_ii|=195565 ratio=1.81167e-08 pivots<1e-12: 0
  [LU] n=924 kutta=1 min|U_ii|=0.0049059 max|U_ii|=111026 ratio=4.41868e-08 pivots<1e-12: 0
  [LU] n=2520 kutta=1 min|U_ii|=0.0445846 max|U_ii|=6061.07 ratio=7.3559e-06 pivots<1e-12: 0
  [LU] n=924 kutta=1 min|U_ii|=0.00354299 max|U_ii|=195565 ratio=1.81167e-08 pivots<1e-12: 0
  [LU] n=924 kutta=1 min|U_ii|=0.00354299 max|U_ii|=195565 ratio=1.81167e-08 pivots<1e-12: 0
  [LU] n=924 kutta=1 min|U_ii|=0.0049059 max|U_ii|=111026 ratio=4.41868e-08 pivots<1e-12: 0
  [LU] n=2520 kutta=1 min|U_ii|=0.0445846 max|U_ii|=6061.07 ratio=7.3559e-06 pivots<1e-12: 0
  [LU] n=924 kutta=1 min|U_ii|=0.00354299 max|U_ii|=195565 ratio=1.81167e-08 pivots<1e-12: 0
  [LU] n=924 kutta=1 min|U_ii|=0.00354299 max|U_ii|=195565 ratio=1.81167e-08 pivots<1e-12: 0
  [LU] n=924 kutta=1 min|U_ii|=0.0049059 max|U_ii|=111026 ratio=4.41868e-08 pivots<1e-12: 0
  [LU] n=2520 kutta=1 min|U_ii|=0.0445846 max|U_ii|=6061.07 ratio=7.3559e-06 pivots<1e-12: 0
  [LU] n=924 kutta=1 min|U_ii|=0.00354299 max|U_ii|=195565 ratio=1.81167e-08 pivots<1e-12: 0
  [LU] n=924 kutta=1 min|U_ii|=0.00354299 max|U_ii|=195565 ratio=1.81167e-08 pivots<1e-12: 0
  [LU] n=924 kutta=1 min|U_ii|=0.0049059 max|U_ii|=111026 ratio=4.41868e-08 pivots<1e-12: 0
  [LU] n=2520 kutta=1 min|U_ii|=0.0445846 max|U_ii|=6061.07 ratio=7.3559e-06 pivots<1e-12: 0
  [LU] n=924 kutta=1 min|U_ii|=0.00354299 max|U_ii|=195565 ratio=1.81167e-08 pivots<1e-12: 0
  [LU] n=924 kutta=1 min|U_ii|=0.00354299 max|U_ii|=195565 ratio=1.81167e-08 pivots<1e-12: 0
  [LU] n=924 kutta=1 min|U_ii|=0.0049059 max|U_ii|=111026 ratio=4.41868e-08 pivots<1e-12: 0
  [LU] n=2520 kutta=1 min|U_ii|=0.0445846 max|U_ii|=6061.07 ratio=7.3559e-06 pivots<1e-12: 0
  [LU] n=924 kutta=1 min|U_ii|=0.00354299 max|U_ii|=195565 ratio=1.81167e-08 pivots<1e-12: 0
  [LU] n=924 kutta=1 min|U_ii|=0.00354299 max|U_ii|=195565 ratio=1.81167e-08 pivots<1e-12: 0
  [LU] n=924 kutta=1 min|U_ii|=0.0049059 max|U_ii|=111026 ratio=4.41868e-08 pivots<1e-12: 0
  [LU] n=2520 kutta=1 min|U_ii|=0.0445846 max|U_ii|=6061.07 ratio=7.3559e-06 pivots<1e-12: 0
  [LU] n=924 kutta=1 min|U_ii|=0.00354299 max|U_ii|=195565 ratio=1.81167e-08 pivots<1e-12: 0
  [LU] n=924 kutta=1 min|U_ii|=0.00354299 max|U_ii|=195565 ratio=1.81167e-08 pivots<1e-12: 0
  [LU] n=924 kutta=1 min|U_ii|=0.0049059 max|U_ii|=111026 ratio=4.41868e-08 pivots<1e-12: 0
  [LU] n=2520 kutta=1 min|U_ii|=0.0445846 max|U_ii|=6061.07 ratio=7.3559e-06 pivots<1e-12: 0
  [LU] n=924 kutta=1 min|U_ii|=0.00354299 max|U_ii|=195565 ratio=1.81167e-08 pivots<1e-12: 0
  [LU] n=924 kutta=1 min|U_ii|=0.00354299 max|U_ii|=195565 ratio=1.81167e-08 pivots<1e-12: 0
  [LU] n=924 kutta=1 min|U_ii|=0.0049059 max|U_ii|=111026 ratio=4.41868e-08 pivots<1e-12: 0
  [LU] n=2520 kutta=1 min|U_ii|=0.0445846 max|U_ii|=6061.07 ratio=7.3559e-06 pivots<1e-12: 0
  [LU] n=924 kutta=1 min|U_ii|=0.00354299 max|U_ii|=195565 ratio=1.81167e-08 pivots<1e-12: 0
  [LU] n=924 kutta=1 min|U_ii|=0.00354299 max|U_ii|=195565 ratio=1.81167e-08 pivots<1e-12: 0
  [LU] n=924 kutta=1 min|U_ii|=0.0049059 max|U_ii|=111026 ratio=4.41868e-08 pivots<1e-12: 0
  [LU] n=2520 kutta=1 min|U_ii|=0.0445846 max|U_ii|=6061.07 ratio=7.3559e-06 pivots<1e-12: 0
  [LU] n=924 kutta=1 min|U_ii|=0.00354299 max|U_ii|=195565 ratio=1.81167e-08 pivots<1e-12: 0
  [LU] n=924 kutta=1 min|U_ii|=0.00354299 max|U_ii|=195565 ratio=1.81167e-08 pivots<1e-12: 0
  [LU] n=924 kutta=1 min|U_ii|=0.0049059 max|U_ii|=111026 ratio=4.41868e-08 pivots<1e-12: 0
  [LU] n=2520 kutta=1 min|U_ii|=0.0445846 max|U_ii|=6061.07 ratio=7.3559e-06 pivots<1e-12: 0
  [LU] n=924 kutta=1 min|U_ii|=0.00354299 max|U_ii|=195565 ratio=1.81167e-08 pivots<1e-12: 0
  [LU] n=924 kutta=1 min|U_ii|=0.00354299 max|U_ii|=195565 ratio=1.81167e-08 pivots<1e-12: 0
  [LU] n=924 kutta=1 min|U_ii|=0.0049059 max|U_ii|=111026 ratio=4.41868e-08 pivots<1e-12: 0
  [LU] n=2520 kutta=1 min|U_ii|=0.0445846 max|U_ii|=6061.07 ratio=7.3559e-06 pivots<1e-12: 0
  [LU] n=924 kutta=1 min|U_ii|=0.00354299 max|U_ii|=195565 ratio=1.81167e-08 pivots<1e-12: 0
  [LU] n=924 kutta=1 min|U_ii|=0.00354299 max|U_ii|=195565 ratio=1.81167e-08 pivots<1e-12: 0
  [LU] n=924 kutta=1 min|U_ii|=0.0049059 max|U_ii|=111026 ratio=4.41868e-08 pivots<1e-12: 0
  [LU] n=2520 kutta=1 min|U_ii|=0.0445846 max|U_ii|=6061.07 ratio=7.3559e-06 pivots<1e-12: 0
  [LU] n=924 kutta=1 min|U_ii|=0.00354299 max|U_ii|=195565 ratio=1.81167e-08 pivots<1e-12: 0
  [LU] n=924 kutta=1 min|U_ii|=0.00354299 max|U_ii|=195565 ratio=1.81167e-08 pivots<1e-12: 0
  [LU] n=924 kutta=1 min|U_ii|=0.0049059 max|U_ii|=111026 ratio=4.41868e-08 pivots<1e-12: 0
  [LU] n=2520 kutta=1 min|U_ii|=0.0445846 max|U_ii|=6061.07 ratio=7.3559e-06 pivots<1e-12: 0
  [LU] n=924 kutta=1 min|U_ii|=0.00354299 max|U_ii|=195565 ratio=1.81167e-08 pivots<1e-12: 0
  [LU] n=924 kutta=1 min|U_ii|=0.00354299 max|U_ii|=195565 ratio=1.81167e-08 pivots<1e-12: 0
  [LU] n=924 kutta=1 min|U_ii|=0.0049059 max|U_ii|=111026 ratio=4.41868e-08 pivots<1e-12: 0
  [LU] n=2520 kutta=1 min|U_ii|=0.0445846 max|U_ii|=6061.07 ratio=7.3559e-06 pivots<1e-12: 0
  [LU] n=924 kutta=1 min|U_ii|=0.00354299 max|U_ii|=195565 ratio=1.81167e-08 pivots<1e-12: 0
  [LU] n=924 kutta=1 min|U_ii|=0.00354299 max|U_ii|=195565 ratio=1.81167e-08 pivots<1e-12: 0
  [LU] n=924 kutta=1 min|U_ii|=0.0049059 max|U_ii|=111026 ratio=4.41868e-08 pivots<1e-12: 0
  [LU] n=2520 kutta=1 min|U_ii|=0.0445846 max|U_ii|=6061.07 ratio=7.3559e-06 pivots<1e-12: 0
  [LU] n=924 kutta=1 min|U_ii|=0.00354299 max|U_ii|=195565 ratio=1.81167e-08 pivots<1e-12: 0
  [LU] n=924 kutta=1 min|U_ii|=0.00354299 max|U_ii|=195565 ratio=1.81167e-08 pivots<1e-12: 0
  [LU] n=924 kutta=1 min|U_ii|=0.0049059 max|U_ii|=111026 ratio=4.41868e-08 pivots<1e-12: 0
  [LU] n=2520 kutta=1 min|U_ii|=0.0445846 max|U_ii|=6061.07 ratio=7.3559e-06 pivots<1e-12: 0
  [LU] n=924 kutta=1 min|U_ii|=0.00354299 max|U_ii|=195565 ratio=1.81167e-08 pivots<1e-12: 0
  [LU] n=924 kutta=1 min|U_ii|=0.00354299 max|U_ii|=195565 ratio=1.81167e-08 pivots<1e-12: 0
  [LU] n=924 kutta=1 min|U_ii|=0.0049059 max|U_ii|=111026 ratio=4.41868e-08 pivots<1e-12: 0
  [LU] n=2520 kutta=1 min|U_ii|=0.0445846 max|U_ii|=6061.07 ratio=7.3559e-06 pivots<1e-12: 0
  [LU] n=924 kutta=1 min|U_ii|=0.00354299 max|U_ii|=195565 ratio=1.81167e-08 pivots<1e-12: 0
  [LU] n=924 kutta=1 min|U_ii|=0.00354299 max|U_ii|=195565 ratio=1.81167e-08 pivots<1e-12: 0
  [LU] n=924 kutta=1 min|U_ii|=0.0049059 max|U_ii|=111026 ratio=4.41868e-08 pivots<1e-12: 0
  [LU] n=2520 kutta=1 min|U_ii|=0.0445846 max|U_ii|=6061.07 ratio=7.3559e-06 pivots<1e-12: 0
  [LU] n=924 kutta=1 min|U_ii|=0.00354299 max|U_ii|=195565 ratio=1.81167e-08 pivots<1e-12: 0
  [LU] n=924 kutta=1 min|U_ii|=0.00354299 max|U_ii|=195565 ratio=1.81167e-08 pivots<1e-12: 0
  [LU] n=924 kutta=1 min|U_ii|=0.0049059 max|U_ii|=111026 ratio=4.41868e-08 pivots<1e-12: 0
  [LU] n=2520 kutta=1 min|U_ii|=0.0445846 max|U_ii|=6061.07 ratio=7.3559e-06 pivots<1e-12: 0
  [LU] n=924 kutta=1 min|U_ii|=0.00354299 max|U_ii|=195565 ratio=1.81167e-08 pivots<1e-12: 0
  [LU] n=924 kutta=1 min|U_ii|=0.00354299 max|U_ii|=195565 ratio=1.81167e-08 pivots<1e-12: 0
  [LU] n=924 kutta=1 min|U_ii|=0.0049059 max|U_ii|=111026 ratio=4.41868e-08 pivots<1e-12: 0
  [LU] n=2520 kutta=1 min|U_ii|=0.0445846 max|U_ii|=6061.07 ratio=7.3559e-06 pivots<1e-12: 0
  [LU] n=924 kutta=1 min|U_ii|=0.00354299 max|U_ii|=195565 ratio=1.81167e-08 pivots<1e-12: 0
  [LU] n=924 kutta=1 min|U_ii|=0.00354299 max|U_ii|=195565 ratio=1.81167e-08 pivots<1e-12: 0
  [LU] n=924 kutta=1 min|U_ii|=0.0049059 max|U_ii|=111026 ratio=4.41868e-08 pivots<1e-12: 0
  [LU] n=2520 kutta=1 min|U_ii|=0.0445846 max|U_ii|=6061.07 ratio=7.3559e-06 pivots<1e-12: 0
  [LU] n=924 kutta=1 min|U_ii|=0.00354299 max|U_ii|=195565 ratio=1.81167e-08 pivots<1e-12: 0
  [LU] n=924 kutta=1 min|U_ii|=0.00354299 max|U_ii|=195565 ratio=1.81167e-08 pivots<1e-12: 0
  [LU] n=924 kutta=1 min|U_ii|=0.0049059 max|U_ii|=111026 ratio=4.41868e-08 pivots<1e-12: 0
  [LU] n=2520 kutta=1 min|U_ii|=0.0445846 max|U_ii|=6061.07 ratio=7.3559e-06 pivots<1e-12: 0
  [LU] n=924 kutta=1 min|U_ii|=0.00354299 max|U_ii|=195565 ratio=1.81167e-08 pivots<1e-12: 0
  [LU] n=924 kutta=1 min|U_ii|=0.00354299 max|U_ii|=195565 ratio=1.81167e-08 pivots<1e-12: 0
  [LU] n=924 kutta=1 min|U_ii|=0.0049059 max|U_ii|=111026 ratio=4.41868e-08 pivots<1e-12: 0
  [LU] n=2520 kutta=1 min|U_ii|=0.0445846 max|U_ii|=6061.07 ratio=7.3559e-06 pivots<1e-12: 0
  [LU] n=924 kutta=1 min|U_ii|=0.00354299 max|U_ii|=195565 ratio=1.81167e-08 pivots<1e-12: 0
  [LU] n=924 kutta=1 min|U_ii|=0.00354299 max|U_ii|=195565 ratio=1.81167e-08 pivots<1e-12: 0
  [LU] n=924 kutta=1 min|U_ii|=0.0049059 max|U_ii|=111026 ratio=4.41868e-08 pivots<1e-12: 0
  [LU] n=2520 kutta=1 min|U_ii|=0.0445846 max|U_ii|=6061.07 ratio=7.3559e-06 pivots<1e-12: 0
  [LU] n=924 kutta=1 min|U_ii|=0.00354299 max|U_ii|=195565 ratio=1.81167e-08 pivots<1e-12: 0
  [LU] n=924 kutta=1 min|U_ii|=0.00354299 max|U_ii|=195565 ratio=1.81167e-08 pivots<1e-12: 0
  [LU] n=924 kutta=1 min|U_ii|=0.0049059 max|U_ii|=111026 ratio=4.41868e-08 pivots<1e-12: 0
  [LU] n=2520 kutta=1 min|U_ii|=0.0445846 max|U_ii|=6061.07 ratio=7.3559e-06 pivots<1e-12: 0
  [LU] n=924 kutta=1 min|U_ii|=0.00354299 max|U_ii|=195565 ratio=1.81167e-08 pivots<1e-12: 0
  [LU] n=924 kutta=1 min|U_ii|=0.00354299 max|U_ii|=195565 ratio=1.81167e-08 pivots<1e-12: 0
  [LU] n=924 kutta=1 min|U_ii|=0.0049059 max|U_ii|=111026 ratio=4.41868e-08 pivots<1e-12: 0
  [LU] n=2520 kutta=1 min|U_ii|=0.0445846 max|U_ii|=6061.07 ratio=7.3559e-06 pivots<1e-12: 0
  [LU] n=924 kutta=1 min|U_ii|=0.00354299 max|U_ii|=195565 ratio=1.81167e-08 pivots<1e-12: 0
  [LU] n=924 kutta=1 min|U_ii|=0.00354299 max|U_ii|=195565 ratio=1.81167e-08 pivots<1e-12: 0
  [LU] n=924 kutta=1 min|U_ii|=0.0049059 max|U_ii|=111026 ratio=4.41868e-08 pivots<1e-12: 0
  [LU] n=2520 kutta=1 min|U_ii|=0.0445846 max|U_ii|=6061.07 ratio=7.3559e-06 pivots<1e-12: 0
  [LU] n=924 kutta=1 min|U_ii|=0.00354299 max|U_ii|=195565 ratio=1.81167e-08 pivots<1e-12: 0
  [LU] n=924 kutta=1 min|U_ii|=0.00354299 max|U_ii|=195565 ratio=1.81167e-08 pivots<1e-12: 0
  [LU] n=924 kutta=1 min|U_ii|=0.0049059 max|U_ii|=111026 ratio=4.41868e-08 pivots<1e-12: 0
  [LU] n=2520 kutta=1 min|U_ii|=0.0445846 max|U_ii|=6061.07 ratio=7.3559e-06 pivots<1e-12: 0
  [LU] n=924 kutta=1 min|U_ii|=0.00354299 max|U_ii|=195565 ratio=1.81167e-08 pivots<1e-12: 0
  [LU] n=924 kutta=1 min|U_ii|=0.00354299 max|U_ii|=195565 ratio=1.81167e-08 pivots<1e-12: 0
  [LU] n=924 kutta=1 min|U_ii|=0.0049059 max|U_ii|=111026 ratio=4.41868e-08 pivots<1e-12: 0
  [LU] n=2520 kutta=1 min|U_ii|=0.0445846 max|U_ii|=6061.07 ratio=7.3559e-06 pivots<1e-12: 0
  [LU] n=924 kutta=1 min|U_ii|=0.00354299 max|U_ii|=195565 ratio=1.81167e-08 pivots<1e-12: 0
  [LU] n=924 kutta=1 min|U_ii|=0.00354299 max|U_ii|=195565 ratio=1.81167e-08 pivots<1e-12: 0
  [LU] n=924 kutta=1 min|U_ii|=0.0049059 max|U_ii|=111026 ratio=4.41868e-08 pivots<1e-12: 0
  [LU] n=2520 kutta=1 min|U_ii|=0.0445846 max|U_ii|=6061.07 ratio=7.3559e-06 pivots<1e-12: 0
  [LU] n=924 kutta=1 min|U_ii|=0.00354299 max|U_ii|=195565 ratio=1.81167e-08 pivots<1e-12: 0
  [LU] n=924 kutta=1 min|U_ii|=0.00354299 max|U_ii|=195565 ratio=1.81167e-08 pivots<1e-12: 0
  [LU] n=924 kutta=1 min|U_ii|=0.0049059 max|U_ii|=111026 ratio=4.41868e-08 pivots<1e-12: 0
  [LU] n=2520 kutta=1 min|U_ii|=0.0445846 max|U_ii|=6061.07 ratio=7.3559e-06 pivots<1e-12: 0
  [LU] n=924 kutta=1 min|U_ii|=0.00354299 max|U_ii|=195565 ratio=1.81167e-08 pivots<1e-12: 0
  [LU] n=924 kutta=1 min|U_ii|=0.00354299 max|U_ii|=195565 ratio=1.81167e-08 pivots<1e-12: 0
  [LU] n=924 kutta=1 min|U_ii|=0.0049059 max|U_ii|=111026 ratio=4.41868e-08 pivots<1e-12: 0
  [LU] n=2520 kutta=1 min|U_ii|=0.0445846 max|U_ii|=6061.07 ratio=7.3559e-06 pivots<1e-12: 0
  [LU] n=924 kutta=1 min|U_ii|=0.00354299 max|U_ii|=195565 ratio=1.81167e-08 pivots<1e-12: 0
  [LU] n=924 kutta=1 min|U_ii|=0.00354299 max|U_ii|=195565 ratio=1.81167e-08 pivots<1e-12: 0
  [LU] n=924 kutta=1 min|U_ii|=0.0049059 max|U_ii|=111026 ratio=4.41868e-08 pivots<1e-12: 0
  [LU] n=2520 kutta=1 min|U_ii|=0.0445846 max|U_ii|=6061.07 ratio=7.3559e-06 pivots<1e-12: 0
  [LU] n=924 kutta=1 min|U_ii|=0.00354299 max|U_ii|=195565 ratio=1.81167e-08 pivots<1e-12: 0
  [LU] n=924 kutta=1 min|U_ii|=0.00354299 max|U_ii|=195565 ratio=1.81167e-08 pivots<1e-12: 0
  [LU] n=924 kutta=1 min|U_ii|=0.0049059 max|U_ii|=111026 ratio=4.41868e-08 pivots<1e-12: 0
  [LU] n=2520 kutta=1 min|U_ii|=0.0445846 max|U_ii|=6061.07 ratio=7.3559e-06 pivots<1e-12: 0
  [LU] n=924 kutta=1 min|U_ii|=0.00354299 max|U_ii|=195565 ratio=1.81167e-08 pivots<1e-12: 0
  [LU] n=924 kutta=1 min|U_ii|=0.00354299 max|U_ii|=195565 ratio=1.81167e-08 pivots<1e-12: 0
  [LU] n=924 kutta=1 min|U_ii|=0.0049059 max|U_ii|=111026 ratio=4.41868e-08 pivots<1e-12: 0
  [LU] n=2520 kutta=1 min|U_ii|=0.0445846 max|U_ii|=6061.07 ratio=7.3559e-06 pivots<1e-12: 0
  [LU] n=924 kutta=1 min|U_ii|=0.00354299 max|U_ii|=195565 ratio=1.81167e-08 pivots<1e-12: 0
  [LU] n=924 kutta=1 min|U_ii|=0.00354299 max|U_ii|=195565 ratio=1.81167e-08 pivots<1e-12: 0
  [LU] n=924 kutta=1 min|U_ii|=0.0049059 max|U_ii|=111026 ratio=4.41868e-08 pivots<1e-12: 0
  [LU] n=2520 kutta=1 min|U_ii|=0.0445846 max|U_ii|=6061.07 ratio=7.3559e-06 pivots<1e-12: 0
  [LU] n=924 kutta=1 min|U_ii|=0.00354299 max|U_ii|=195565 ratio=1.81167e-08 pivots<1e-12: 0
  [LU] n=924 kutta=1 min|U_ii|=0.00354299 max|U_ii|=195565 ratio=1.81167e-08 pivots<1e-12: 0
  [LU] n=924 kutta=1 min|U_ii|=0.0049059 max|U_ii|=111026 ratio=4.41868e-08 pivots<1e-12: 0
  [LU] n=2520 kutta=1 min|U_ii|=0.0445846 max|U_ii|=6061.07 ratio=7.3559e-06 pivots<1e-12: 0
  [LU] n=924 kutta=1 min|U_ii|=0.00354299 max|U_ii|=195565 ratio=1.81167e-08 pivots<1e-12: 0
  [LU] n=924 kutta=1 min|U_ii|=0.00354299 max|U_ii|=195565 ratio=1.81167e-08 pivots<1e-12: 0
  [LU] n=924 kutta=1 min|U_ii|=0.0049059 max|U_ii|=111026 ratio=4.41868e-08 pivots<1e-12: 0
  [LU] n=2520 kutta=1 min|U_ii|=0.0445846 max|U_ii|=6061.07 ratio=7.3559e-06 pivots<1e-12: 0
  [LU] n=924 kutta=1 min|U_ii|=0.00354299 max|U_ii|=195565 ratio=1.81167e-08 pivots<1e-12: 0
  [LU] n=924 kutta=1 min|U_ii|=0.00354299 max|U_ii|=195565 ratio=1.81167e-08 pivots<1e-12: 0
  [LU] n=924 kutta=1 min|U_ii|=0.0049059 max|U_ii|=111026 ratio=4.41868e-08 pivots<1e-12: 0
  [LU] n=2520 kutta=1 min|U_ii|=0.0445846 max|U_ii|=6061.07 ratio=7.3559e-06 pivots<1e-12: 0
  [LU] n=924 kutta=1 min|U_ii|=0.00354299 max|U_ii|=195565 ratio=1.81167e-08 pivots<1e-12: 0
  [LU] n=924 kutta=1 min|U_ii|=0.00354299 max|U_ii|=195565 ratio=1.81167e-08 pivots<1e-12: 0
  [LU] n=924 kutta=1 min|U_ii|=0.0049059 max|U_ii|=111026 ratio=4.41868e-08 pivots<1e-12: 0
  [LU] n=2520 kutta=1 min|U_ii|=0.0445846 max|U_ii|=6061.07 ratio=7.3559e-06 pivots<1e-12: 0
  [LU] n=924 kutta=1 min|U_ii|=0.00354299 max|U_ii|=195565 ratio=1.81167e-08 pivots<1e-12: 0
  [LU] n=924 kutta=1 min|U_ii|=0.00354299 max|U_ii|=195565 ratio=1.81167e-08 pivots<1e-12: 0
  [LU] n=924 kutta=1 min|U_ii|=0.0049059 max|U_ii|=111026 ratio=4.41868e-08 pivots<1e-12: 0
  [LU] n=2520 kutta=1 min|U_ii|=0.0445846 max|U_ii|=6061.07 ratio=7.3559e-06 pivots<1e-12: 0
  [LU] n=924 kutta=1 min|U_ii|=0.00354299 max|U_ii|=195565 ratio=1.81167e-08 pivots<1e-12: 0
  [LU] n=924 kutta=1 min|U_ii|=0.00354299 max|U_ii|=195565 ratio=1.81167e-08 pivots<1e-12: 0
  [LU] n=924 kutta=1 min|U_ii|=0.0049059 max|U_ii|=111026 ratio=4.41868e-08 pivots<1e-12: 0
  [LU] n=2520 kutta=1 min|U_ii|=0.0445846 max|U_ii|=6061.07 ratio=7.3559e-06 pivots<1e-12: 0
  [LU] n=924 kutta=1 min|U_ii|=0.00354299 max|U_ii|=195565 ratio=1.81167e-08 pivots<1e-12: 0
  [LU] n=924 kutta=1 min|U_ii|=0.00354299 max|U_ii|=195565 ratio=1.81167e-08 pivots<1e-12: 0
  [LU] n=924 kutta=1 min|U_ii|=0.0049059 max|U_ii|=111026 ratio=4.41868e-08 pivots<1e-12: 0
  [LU] n=2520 kutta=1 min|U_ii|=0.0445846 max|U_ii|=6061.07 ratio=7.3559e-06 pivots<1e-12: 0
  [LU] n=924 kutta=1 min|U_ii|=0.00354299 max|U_ii|=195565 ratio=1.81167e-08 pivots<1e-12: 0
  [LU] n=924 kutta=1 min|U_ii|=0.00354299 max|U_ii|=195565 ratio=1.81167e-08 pivots<1e-12: 0
  [LU] n=924 kutta=1 min|U_ii|=0.0049059 max|U_ii|=111026 ratio=4.41868e-08 pivots<1e-12: 0
  [LU] n=2520 kutta=1 min|U_ii|=0.0445846 max|U_ii|=6061.07 ratio=7.3559e-06 pivots<1e-12: 0
  [LU] n=924 kutta=1 min|U_ii|=0.00354299 max|U_ii|=195565 ratio=1.81167e-08 pivots<1e-12: 0
  [LU] n=924 kutta=1 min|U_ii|=0.00354299 max|U_ii|=195565 ratio=1.81167e-08 pivots<1e-12: 0
  [LU] n=924 kutta=1 min|U_ii|=0.0049059 max|U_ii|=111026 ratio=4.41868e-08 pivots<1e-12: 0
  [LU] n=2520 kutta=1 min|U_ii|=0.0445846 max|U_ii|=6061.07 ratio=7.3559e-06 pivots<1e-12: 0
  [LU] n=924 kutta=1 min|U_ii|=0.00354299 max|U_ii|=195565 ratio=1.81167e-08 pivots<1e-12: 0
  [LU] n=924 kutta=1 min|U_ii|=0.00354299 max|U_ii|=195565 ratio=1.81167e-08 pivots<1e-12: 0
  [LU] n=924 kutta=1 min|U_ii|=0.0049059 max|U_ii|=111026 ratio=4.41868e-08 pivots<1e-12: 0
  [LU] n=2520 kutta=1 min|U_ii|=0.0445846 max|U_ii|=6061.07 ratio=7.3559e-06 pivots<1e-12: 0
  [LU] n=924 kutta=1 min|U_ii|=0.00354299 max|U_ii|=195565 ratio=1.81167e-08 pivots<1e-12: 0
  [LU] n=924 kutta=1 min|U_ii|=0.00354299 max|U_ii|=195565 ratio=1.81167e-08 pivots<1e-12: 0
  [LU] n=924 kutta=1 min|U_ii|=0.0049059 max|U_ii|=111026 ratio=4.41868e-08 pivots<1e-12: 0
  [LU] n=2520 kutta=1 min|U_ii|=0.0445846 max|U_ii|=6061.07 ratio=7.3559e-06 pivots<1e-12: 0
  [LU] n=924 kutta=1 min|U_ii|=0.00354299 max|U_ii|=195565 ratio=1.81167e-08 pivots<1e-12: 0
  [LU] n=924 kutta=1 min|U_ii|=0.00354299 max|U_ii|=195565 ratio=1.81167e-08 pivots<1e-12: 0
  [LU] n=924 kutta=1 min|U_ii|=0.0049059 max|U_ii|=111026 ratio=4.41868e-08 pivots<1e-12: 0
  [LU] n=2520 kutta=1 min|U_ii|=0.0445846 max|U_ii|=6061.07 ratio=7.3559e-06 pivots<1e-12: 0
  [LU] n=924 kutta=1 min|U_ii|=0.00354299 max|U_ii|=195565 ratio=1.81167e-08 pivots<1e-12: 0
  [LU] n=924 kutta=1 min|U_ii|=0.00354299 max|U_ii|=195565 ratio=1.81167e-08 pivots<1e-12: 0
  [LU] n=924 kutta=1 min|U_ii|=0.0049059 max|U_ii|=111026 ratio=4.41868e-08 pivots<1e-12: 0
  [LU] n=2520 kutta=1 min|U_ii|=0.0445846 max|U_ii|=6061.07 ratio=7.3559e-06 pivots<1e-12: 0
  [LU] n=924 kutta=1 min|U_ii|=0.00354299 max|U_ii|=195565 ratio=1.81167e-08 pivots<1e-12: 0
  [LU] n=924 kutta=1 min|U_ii|=0.00354299 max|U_ii|=195565 ratio=1.81167e-08 pivots<1e-12: 0
  [LU] n=924 kutta=1 min|U_ii|=0.0049059 max|U_ii|=111026 ratio=4.41868e-08 pivots<1e-12: 0
  [LU] n=2520 kutta=1 min|U_ii|=0.0445846 max|U_ii|=6061.07 ratio=7.3559e-06 pivots<1e-12: 0
  [LU] n=924 kutta=1 min|U_ii|=0.00354299 max|U_ii|=195565 ratio=1.81167e-08 pivots<1e-12: 0
  [LU] n=924 kutta=1 min|U_ii|=0.00354299 max|U_ii|=195565 ratio=1.81167e-08 pivots<1e-12: 0
  [LU] n=924 kutta=1 min|U_ii|=0.0049059 max|U_ii|=111026 ratio=4.41868e-08 pivots<1e-12: 0
  [LU] n=2520 kutta=1 min|U_ii|=0.0445846 max|U_ii|=6061.07 ratio=7.3559e-06 pivots<1e-12: 0
  [LU] n=924 kutta=1 min|U_ii|=0.00354299 max|U_ii|=195565 ratio=1.81167e-08 pivots<1e-12: 0
  [LU] n=924 kutta=1 min|U_ii|=0.00354299 max|U_ii|=195565 ratio=1.81167e-08 pivots<1e-12: 0
  [LU] n=924 kutta=1 min|U_ii|=0.0049059 max|U_ii|=111026 ratio=4.41868e-08 pivots<1e-12: 0
  [LU] n=2520 kutta=1 min|U_ii|=0.0445846 max|U_ii|=6061.07 ratio=7.3559e-06 pivots<1e-12: 0
  [LU] n=924 kutta=1 min|U_ii|=0.00354299 max|U_ii|=195565 ratio=1.81167e-08 pivots<1e-12: 0
  [LU] n=924 kutta=1 min|U_ii|=0.00354299 max|U_ii|=195565 ratio=1.81167e-08 pivots<1e-12: 0
  [LU] n=924 kutta=1 min|U_ii|=0.0049059 max|U_ii|=111026 ratio=4.41868e-08 pivots<1e-12: 0
  [LU] n=2520 kutta=1 min|U_ii|=0.0445846 max|U_ii|=6061.07 ratio=7.3559e-06 pivots<1e-12: 0
  [LU] n=924 kutta=1 min|U_ii|=0.00354299 max|U_ii|=195565 ratio=1.81167e-08 pivots<1e-12: 0
  [LU] n=924 kutta=1 min|U_ii|=0.00354299 max|U_ii|=195565 ratio=1.81167e-08 pivots<1e-12: 0
  [LU] n=924 kutta=1 min|U_ii|=0.0049059 max|U_ii|=111026 ratio=4.41868e-08 pivots<1e-12: 0
  [LU] n=2520 kutta=1 min|U_ii|=0.0445846 max|U_ii|=6061.07 ratio=7.3559e-06 pivots<1e-12: 0
  [LU] n=924 kutta=1 min|U_ii|=0.00354299 max|U_ii|=195565 ratio=1.81167e-08 pivots<1e-12: 0
  [LU] n=924 kutta=1 min|U_ii|=0.00354299 max|U_ii|=195565 ratio=1.81167e-08 pivots<1e-12: 0
  [LU] n=924 kutta=1 min|U_ii|=0.0049059 max|U_ii|=111026 ratio=4.41868e-08 pivots<1e-12: 0
  [LU] n=2520 kutta=1 min|U_ii|=0.0445846 max|U_ii|=6061.07 ratio=7.3559e-06 pivots<1e-12: 0
  [LU] n=924 kutta=1 min|U_ii|=0.00354299 max|U_ii|=195565 ratio=1.81167e-08 pivots<1e-12: 0
  [LU] n=924 kutta=1 min|U_ii|=0.00354299 max|U_ii|=195565 ratio=1.81167e-08 pivots<1e-12: 0
  [LU] n=924 kutta=1 min|U_ii|=0.0049059 max|U_ii|=111026 ratio=4.41868e-08 pivots<1e-12: 0
  [LU] n=2520 kutta=1 min|U_ii|=0.0445846 max|U_ii|=6061.07 ratio=7.3559e-06 pivots<1e-12: 0
  [LU] n=924 kutta=1 min|U_ii|=0.00354299 max|U_ii|=195565 ratio=1.81167e-08 pivots<1e-12: 0
  [LU] n=924 kutta=1 min|U_ii|=0.00354299 max|U_ii|=195565 ratio=1.81167e-08 pivots<1e-12: 0
  [LU] n=924 kutta=1 min|U_ii|=0.0049059 max|U_ii|=111026 ratio=4.41868e-08 pivots<1e-12: 0
  [LU] n=2520 kutta=1 min|U_ii|=0.0445846 max|U_ii|=6061.07 ratio=7.3559e-06 pivots<1e-12: 0
  [LU] n=924 kutta=1 min|U_ii|=0.00354299 max|U_ii|=195565 ratio=1.81167e-08 pivots<1e-12: 0
  [LU] n=924 kutta=1 min|U_ii|=0.00354299 max|U_ii|=195565 ratio=1.81167e-08 pivots<1e-12: 0
  [LU] n=924 kutta=1 min|U_ii|=0.0049059 max|U_ii|=111026 ratio=4.41868e-08 pivots<1e-12: 0
  [LU] n=2520 kutta=1 min|U_ii|=0.0445846 max|U_ii|=6061.07 ratio=7.3559e-06 pivots<1e-12: 0
  [LU] n=924 kutta=1 min|U_ii|=0.00354299 max|U_ii|=195565 ratio=1.81167e-08 pivots<1e-12: 0
  [LU] n=924 kutta=1 min|U_ii|=0.00354299 max|U_ii|=195565 ratio=1.81167e-08 pivots<1e-12: 0
  [LU] n=924 kutta=1 min|U_ii|=0.0049059 max|U_ii|=111026 ratio=4.41868e-08 pivots<1e-12: 0
  [LU] n=2520 kutta=1 min|U_ii|=0.0445846 max|U_ii|=6061.07 ratio=7.3559e-06 pivots<1e-12: 0
  [LU] n=924 kutta=1 min|U_ii|=0.00354299 max|U_ii|=195565 ratio=1.81167e-08 pivots<1e-12: 0
  [LU] n=924 kutta=1 min|U_ii|=0.00354299 max|U_ii|=195565 ratio=1.81167e-08 pivots<1e-12: 0
  [LU] n=924 kutta=1 min|U_ii|=0.0049059 max|U_ii|=111026 ratio=4.41868e-08 pivots<1e-12: 0
  [LU] n=2520 kutta=1 min|U_ii|=0.0445846 max|U_ii|=6061.07 ratio=7.3559e-06 pivots<1e-12: 0
  [LU] n=924 kutta=1 min|U_ii|=0.00354299 max|U_ii|=195565 ratio=1.81167e-08 pivots<1e-12: 0
  [LU] n=924 kutta=1 min|U_ii|=0.00354299 max|U_ii|=195565 ratio=1.81167e-08 pivots<1e-12: 0
  [LU] n=924 kutta=1 min|U_ii|=0.0049059 max|U_ii|=111026 ratio=4.41868e-08 pivots<1e-12: 0
  [LU] n=2520 kutta=1 min|U_ii|=0.0445846 max|U_ii|=6061.07 ratio=7.3559e-06 pivots<1e-12: 0
  [LU] n=924 kutta=1 min|U_ii|=0.00354299 max|U_ii|=195565 ratio=1.81167e-08 pivots<1e-12: 0
  [LU] n=924 kutta=1 min|U_ii|=0.00354299 max|U_ii|=195565 ratio=1.81167e-08 pivots<1e-12: 0
  [LU] n=924 kutta=1 min|U_ii|=0.0049059 max|U_ii|=111026 ratio=4.41868e-08 pivots<1e-12: 0
  [LU] n=2520 kutta=1 min|U_ii|=0.0445846 max|U_ii|=6061.07 ratio=7.3559e-06 pivots<1e-12: 0
  [LU] n=924 kutta=1 min|U_ii|=0.00354299 max|U_ii|=195565 ratio=1.81167e-08 pivots<1e-12: 0
  [LU] n=924 kutta=1 min|U_ii|=0.00354299 max|U_ii|=195565 ratio=1.81167e-08 pivots<1e-12: 0
  [LU] n=924 kutta=1 min|U_ii|=0.0049059 max|U_ii|=111026 ratio=4.41868e-08 pivots<1e-12: 0
  [LU] n=2520 kutta=1 min|U_ii|=0.0445846 max|U_ii|=6061.07 ratio=7.3559e-06 pivots<1e-12: 0
  [LU] n=924 kutta=1 min|U_ii|=0.00354299 max|U_ii|=195565 ratio=1.81167e-08 pivots<1e-12: 0
  [LU] n=924 kutta=1 min|U_ii|=0.00354299 max|U_ii|=195565 ratio=1.81167e-08 pivots<1e-12: 0
  [LU] n=924 kutta=1 min|U_ii|=0.0049059 max|U_ii|=111026 ratio=4.41868e-08 pivots<1e-12: 0
  [LU] n=2520 kutta=1 min|U_ii|=0.0445846 max|U_ii|=6061.07 ratio=7.3559e-06 pivots<1e-12: 0
  [LU] n=924 kutta=1 min|U_ii|=0.00354299 max|U_ii|=195565 ratio=1.81167e-08 pivots<1e-12: 0
  [LU] n=924 kutta=1 min|U_ii|=0.00354299 max|U_ii|=195565 ratio=1.81167e-08 pivots<1e-12: 0
  [LU] n=924 kutta=1 min|U_ii|=0.0049059 max|U_ii|=111026 ratio=4.41868e-08 pivots<1e-12: 0
  [LU] n=2520 kutta=1 min|U_ii|=0.0445846 max|U_ii|=6061.07 ratio=7.3559e-06 pivots<1e-12: 0
  [LU] n=924 kutta=1 min|U_ii|=0.00354299 max|U_ii|=195565 ratio=1.81167e-08 pivots<1e-12: 0
  [LU] n=924 kutta=1 min|U_ii|=0.00354299 max|U_ii|=195565 ratio=1.81167e-08 pivots<1e-12: 0
  [LU] n=924 kutta=1 min|U_ii|=0.0049059 max|U_ii|=111026 ratio=4.41868e-08 pivots<1e-12: 0
  [LU] n=2520 kutta=1 min|U_ii|=0.0445846 max|U_ii|=6061.07 ratio=7.3559e-06 pivots<1e-12: 0
  [LU] n=924 kutta=1 min|U_ii|=0.00354299 max|U_ii|=195565 ratio=1.81167e-08 pivots<1e-12: 0
  [LU] n=924 kutta=1 min|U_ii|=0.00354299 max|U_ii|=195565 ratio=1.81167e-08 pivots<1e-12: 0
  [LU] n=924 kutta=1 min|U_ii|=0.0049059 max|U_ii|=111026 ratio=4.41868e-08 pivots<1e-12: 0
  [LU] n=2520 kutta=1 min|U_ii|=0.0445846 max|U_ii|=6061.07 ratio=7.3559e-06 pivots<1e-12: 0
  [LU] n=924 kutta=1 min|U_ii|=0.00354299 max|U_ii|=195565 ratio=1.81167e-08 pivots<1e-12: 0
  [LU] n=924 kutta=1 min|U_ii|=0.00354299 max|U_ii|=195565 ratio=1.81167e-08 pivots<1e-12: 0
  [LU] n=924 kutta=1 min|U_ii|=0.0049059 max|U_ii|=111026 ratio=4.41868e-08 pivots<1e-12: 0
  [LU] n=2520 kutta=1 min|U_ii|=0.0445846 max|U_ii|=6061.07 ratio=7.3559e-06 pivots<1e-12: 0
  [LU] n=924 kutta=1 min|U_ii|=0.00354299 max|U_ii|=195565 ratio=1.81167e-08 pivots<1e-12: 0
  [LU] n=924 kutta=1 min|U_ii|=0.00354299 max|U_ii|=195565 ratio=1.81167e-08 pivots<1e-12: 0
  [LU] n=924 kutta=1 min|U_ii|=0.0049059 max|U_ii|=111026 ratio=4.41868e-08 pivots<1e-12: 0
  [LU] n=2520 kutta=1 min|U_ii|=0.0445846 max|U_ii|=6061.07 ratio=7.3559e-06 pivots<1e-12: 0
  [LU] n=924 kutta=1 min|U_ii|=0.00354299 max|U_ii|=195565 ratio=1.81167e-08 pivots<1e-12: 0
  [LU] n=924 kutta=1 min|U_ii|=0.00354299 max|U_ii|=195565 ratio=1.81167e-08 pivots<1e-12: 0
  [LU] n=924 kutta=1 min|U_ii|=0.0049059 max|U_ii|=111026 ratio=4.41868e-08 pivots<1e-12: 0
  [LU] n=2520 kutta=1 min|U_ii|=0.0445846 max|U_ii|=6061.07 ratio=7.3559e-06 pivots<1e-12: 0
  [LU] n=924 kutta=1 min|U_ii|=0.00354299 max|U_ii|=195565 ratio=1.81167e-08 pivots<1e-12: 0
  [LU] n=924 kutta=1 min|U_ii|=0.00354299 max|U_ii|=195565 ratio=1.81167e-08 pivots<1e-12: 0
  [LU] n=924 kutta=1 min|U_ii|=0.0049059 max|U_ii|=111026 ratio=4.41868e-08 pivots<1e-12: 0
  [LU] n=2520 kutta=1 min|U_ii|=0.0445846 max|U_ii|=6061.07 ratio=7.3559e-06 pivots<1e-12: 0
  [LU] n=924 kutta=1 min|U_ii|=0.00354299 max|U_ii|=195565 ratio=1.81167e-08 pivots<1e-12: 0
  [LU] n=924 kutta=1 min|U_ii|=0.00354299 max|U_ii|=195565 ratio=1.81167e-08 pivots<1e-12: 0
  [LU] n=924 kutta=1 min|U_ii|=0.0049059 max|U_ii|=111026 ratio=4.41868e-08 pivots<1e-12: 0
  [LU] n=2520 kutta=1 min|U_ii|=0.0445846 max|U_ii|=6061.07 ratio=7.3559e-06 pivots<1e-12: 0
  [LU] n=924 kutta=1 min|U_ii|=0.00354299 max|U_ii|=195565 ratio=1.81167e-08 pivots<1e-12: 0
  rotor 0 hs3d: jump/seed=1  spans_with_pairs=40  max|mu|=508  kutta_rows=80  max_kutta_residual=3.48e-09  sum|te_jump|=53.5  [kutta on]
  [LU] n=924 kutta=1 min|U_ii|=0.00354299 max|U_ii|=195565 ratio=1.81167e-08 pivots<1e-12: 0
  rotor 1 hs3d: jump/seed=1  spans_with_pairs=40  max|mu|=557  kutta_rows=80  max_kutta_residual=4.9e-09  sum|te_jump|=45.8  [kutta on]
  [LU] n=924 kutta=1 min|U_ii|=0.0049059 max|U_ii|=111026 ratio=4.41868e-08 pivots<1e-12: 0
  rotor 2 hs3d: jump/seed=1  spans_with_pairs=40  max|mu|=392  kutta_rows=80  max_kutta_residual=1.9e-09  sum|te_jump|=37  [kutta on]
  [LU] n=2520 kutta=1 min|U_ii|=0.0445846 max|U_ii|=6061.07 ratio=7.3559e-06 pivots<1e-12: 0
  [LU] n=924 kutta=1 min|U_ii|=0.00354299 max|U_ii|=195565 ratio=1.81167e-08 pivots<1e-12: 0
  [LU] n=924 kutta=1 min|U_ii|=0.00354299 max|U_ii|=195565 ratio=1.81167e-08 pivots<1e-12: 0
  [LU] n=924 kutta=1 min|U_ii|=0.0049059 max|U_ii|=111026 ratio=4.41868e-08 pivots<1e-12: 0
  [LU] n=2520 kutta=1 min|U_ii|=0.0445846 max|U_ii|=6061.07 ratio=7.3559e-06 pivots<1e-12: 0
  fuselage: panels=3280 max_neumann_residual=9.99e-14
  body Fz: inst=-1.16 quasi-steady=-1.16 | 162-step mean=-0.914 (qs -0.914)
  wing: F=(5.68, -0.171, -19.9) N  Mx=1.87 Nm  max|mu|=358  max_vsurf=0 m/s  strips=19
  fuselage hs3d: F=(-5.37e+03, -1.26e+03, 6.73e+03) N  Mx=-7.57e+03 Nm  max|mu|=30.5  max_vsurf=1.92e+04 m/s
step=300 particles=80066 total_thrust_N=36.3 total_torque_Nm=0.205
  timing after step 300 (cumulative s, % of loop):
    rotor panels + wake->panel vel          7.70 s     3.6 %
    wake->fuselage vel                      5.09 s     2.4 %
    panel assemble + dense solve           49.54 s    23.3 %
    strip polar loads                       0.18 s     0.1 %
    rotor rings->fuselage vel               4.29 s     2.0 %
    fuselage source self (vel+phi)         39.20 s    18.4 %
    fuselage->rotor vel                     1.56 s     0.7 %
    ring d(phi)/dt                          3.17 s     1.5 %
    TE particle emission                    0.15 s     0.1 %
    wake advect (RK4)                      86.40 s    40.6 %
    fuselage blockage on particles          2.09 s     1.0 %
    wake age trim                           1.17 s     0.6 %
    VTK / Q-criterion output                8.20 s     3.9 %
    unattributed (host bookkeeping)         4.27 s     2.0 %
    TOTAL loop                            213.02 s  (0.708 s/step avg)
  [LU] n=924 kutta=1 min|U_ii|=0.00354299 max|U_ii|=195565 ratio=1.81167e-08 pivots<1e-12: 0
  [LU] n=924 kutta=1 min|U_ii|=0.00354299 max|U_ii|=195565 ratio=1.81167e-08 pivots<1e-12: 0
  [LU] n=924 kutta=1 min|U_ii|=0.0049059 max|U_ii|=111026 ratio=4.41868e-08 pivots<1e-12: 0
  [LU] n=2520 kutta=1 min|U_ii|=0.0445846 max|U_ii|=6061.07 ratio=7.3559e-06 pivots<1e-12: 0
  [LU] n=924 kutta=1 min|U_ii|=0.00354299 max|U_ii|=195565 ratio=1.81167e-08 pivots<1e-12: 0
  [LU] n=924 kutta=1 min|U_ii|=0.00354299 max|U_ii|=195565 ratio=1.81167e-08 pivots<1e-12: 0
  [LU] n=924 kutta=1 min|U_ii|=0.0049059 max|U_ii|=111026 ratio=4.41868e-08 pivots<1e-12: 0
  [LU] n=2520 kutta=1 min|U_ii|=0.0445846 max|U_ii|=6061.07 ratio=7.3559e-06 pivots<1e-12: 0
  [LU] n=924 kutta=1 min|U_ii|=0.00354299 max|U_ii|=195565 ratio=1.81167e-08 pivots<1e-12: 0
  [LU] n=924 kutta=1 min|U_ii|=0.00354299 max|U_ii|=195565 ratio=1.81167e-08 pivots<1e-12: 0
  [LU] n=924 kutta=1 min|U_ii|=0.0049059 max|U_ii|=111026 ratio=4.41868e-08 pivots<1e-12: 0
  [LU] n=2520 kutta=1 min|U_ii|=0.0445846 max|U_ii|=6061.07 ratio=7.3559e-06 pivots<1e-12: 0
  [LU] n=924 kutta=1 min|U_ii|=0.00354299 max|U_ii|=195565 ratio=1.81167e-08 pivots<1e-12: 0
  [LU] n=924 kutta=1 min|U_ii|=0.00354299 max|U_ii|=195565 ratio=1.81167e-08 pivots<1e-12: 0
  [LU] n=924 kutta=1 min|U_ii|=0.0049059 max|U_ii|=111026 ratio=4.41868e-08 pivots<1e-12: 0
  [LU] n=2520 kutta=1 min|U_ii|=0.0445846 max|U_ii|=6061.07 ratio=7.3559e-06 pivots<1e-12: 0
  [LU] n=924 kutta=1 min|U_ii|=0.00354299 max|U_ii|=195565 ratio=1.81167e-08 pivots<1e-12: 0
  [LU] n=924 kutta=1 min|U_ii|=0.00354299 max|U_ii|=195565 ratio=1.81167e-08 pivots<1e-12: 0
  [LU] n=924 kutta=1 min|U_ii|=0.0049059 max|U_ii|=111026 ratio=4.41868e-08 pivots<1e-12: 0
  [LU] n=2520 kutta=1 min|U_ii|=0.0445846 max|U_ii|=6061.07 ratio=7.3559e-06 pivots<1e-12: 0
  [LU] n=924 kutta=1 min|U_ii|=0.00354299 max|U_ii|=195565 ratio=1.81167e-08 pivots<1e-12: 0
  [LU] n=924 kutta=1 min|U_ii|=0.00354299 max|U_ii|=195565 ratio=1.81167e-08 pivots<1e-12: 0
  [LU] n=924 kutta=1 min|U_ii|=0.0049059 max|U_ii|=111026 ratio=4.41868e-08 pivots<1e-12: 0
  [LU] n=2520 kutta=1 min|U_ii|=0.0445846 max|U_ii|=6061.07 ratio=7.3559e-06 pivots<1e-12: 0
  [LU] n=924 kutta=1 min|U_ii|=0.00354299 max|U_ii|=195565 ratio=1.81167e-08 pivots<1e-12: 0
  [LU] n=924 kutta=1 min|U_ii|=0.00354299 max|U_ii|=195565 ratio=1.81167e-08 pivots<1e-12: 0
  [LU] n=924 kutta=1 min|U_ii|=0.0049059 max|U_ii|=111026 ratio=4.41868e-08 pivots<1e-12: 0
  [LU] n=2520 kutta=1 min|U_ii|=0.0445846 max|U_ii|=6061.07 ratio=7.3559e-06 pivots<1e-12: 0
  [LU] n=924 kutta=1 min|U_ii|=0.00354299 max|U_ii|=195565 ratio=1.81167e-08 pivots<1e-12: 0
  [LU] n=924 kutta=1 min|U_ii|=0.00354299 max|U_ii|=195565 ratio=1.81167e-08 pivots<1e-12: 0
  [LU] n=924 kutta=1 min|U_ii|=0.0049059 max|U_ii|=111026 ratio=4.41868e-08 pivots<1e-12: 0
  [LU] n=2520 kutta=1 min|U_ii|=0.0445846 max|U_ii|=6061.07 ratio=7.3559e-06 pivots<1e-12: 0
  [LU] n=924 kutta=1 min|U_ii|=0.00354299 max|U_ii|=195565 ratio=1.81167e-08 pivots<1e-12: 0
  [LU] n=924 kutta=1 min|U_ii|=0.00354299 max|U_ii|=195565 ratio=1.81167e-08 pivots<1e-12: 0
  [LU] n=924 kutta=1 min|U_ii|=0.0049059 max|U_ii|=111026 ratio=4.41868e-08 pivots<1e-12: 0
  [LU] n=2520 kutta=1 min|U_ii|=0.0445846 max|U_ii|=6061.07 ratio=7.3559e-06 pivots<1e-12: 0
  [LU] n=924 kutta=1 min|U_ii|=0.00354299 max|U_ii|=195565 ratio=1.81167e-08 pivots<1e-12: 0
  [LU] n=924 kutta=1 min|U_ii|=0.00354299 max|U_ii|=195565 ratio=1.81167e-08 pivots<1e-12: 0
  [LU] n=924 kutta=1 min|U_ii|=0.0049059 max|U_ii|=111026 ratio=4.41868e-08 pivots<1e-12: 0
  [LU] n=2520 kutta=1 min|U_ii|=0.0445846 max|U_ii|=6061.07 ratio=7.3559e-06 pivots<1e-12: 0
  [LU] n=924 kutta=1 min|U_ii|=0.00354299 max|U_ii|=195565 ratio=1.81167e-08 pivots<1e-12: 0
  [LU] n=924 kutta=1 min|U_ii|=0.00354299 max|U_ii|=195565 ratio=1.81167e-08 pivots<1e-12: 0
  [LU] n=924 kutta=1 min|U_ii|=0.0049059 max|U_ii|=111026 ratio=4.41868e-08 pivots<1e-12: 0
  [LU] n=2520 kutta=1 min|U_ii|=0.0445846 max|U_ii|=6061.07 ratio=7.3559e-06 pivots<1e-12: 0
  [LU] n=924 kutta=1 min|U_ii|=0.00354299 max|U_ii|=195565 ratio=1.81167e-08 pivots<1e-12: 0
  [LU] n=924 kutta=1 min|U_ii|=0.00354299 max|U_ii|=195565 ratio=1.81167e-08 pivots<1e-12: 0
  [LU] n=924 kutta=1 min|U_ii|=0.0049059 max|U_ii|=111026 ratio=4.41868e-08 pivots<1e-12: 0
  [LU] n=2520 kutta=1 min|U_ii|=0.0445846 max|U_ii|=6061.07 ratio=7.3559e-06 pivots<1e-12: 0
  [LU] n=924 kutta=1 min|U_ii|=0.00354299 max|U_ii|=195565 ratio=1.81167e-08 pivots<1e-12: 0
  [LU] n=924 kutta=1 min|U_ii|=0.00354299 max|U_ii|=195565 ratio=1.81167e-08 pivots<1e-12: 0
  [LU] n=924 kutta=1 min|U_ii|=0.0049059 max|U_ii|=111026 ratio=4.41868e-08 pivots<1e-12: 0
  [LU] n=2520 kutta=1 min|U_ii|=0.0445846 max|U_ii|=6061.07 ratio=7.3559e-06 pivots<1e-12: 0
  [LU] n=924 kutta=1 min|U_ii|=0.00354299 max|U_ii|=195565 ratio=1.81167e-08 pivots<1e-12: 0
  [LU] n=924 kutta=1 min|U_ii|=0.00354299 max|U_ii|=195565 ratio=1.81167e-08 pivots<1e-12: 0
  [LU] n=924 kutta=1 min|U_ii|=0.0049059 max|U_ii|=111026 ratio=4.41868e-08 pivots<1e-12: 0
  [LU] n=2520 kutta=1 min|U_ii|=0.0445846 max|U_ii|=6061.07 ratio=7.3559e-06 pivots<1e-12: 0
  [LU] n=924 kutta=1 min|U_ii|=0.00354299 max|U_ii|=195565 ratio=1.81167e-08 pivots<1e-12: 0
  [LU] n=924 kutta=1 min|U_ii|=0.00354299 max|U_ii|=195565 ratio=1.81167e-08 pivots<1e-12: 0
  [LU] n=924 kutta=1 min|U_ii|=0.0049059 max|U_ii|=111026 ratio=4.41868e-08 pivots<1e-12: 0
  [LU] n=2520 kutta=1 min|U_ii|=0.0445846 max|U_ii|=6061.07 ratio=7.3559e-06 pivots<1e-12: 0
  [LU] n=924 kutta=1 min|U_ii|=0.00354299 max|U_ii|=195565 ratio=1.81167e-08 pivots<1e-12: 0
  [LU] n=924 kutta=1 min|U_ii|=0.00354299 max|U_ii|=195565 ratio=1.81167e-08 pivots<1e-12: 0
  [LU] n=924 kutta=1 min|U_ii|=0.0049059 max|U_ii|=111026 ratio=4.41868e-08 pivots<1e-12: 0
  [LU] n=2520 kutta=1 min|U_ii|=0.0445846 max|U_ii|=6061.07 ratio=7.3559e-06 pivots<1e-12: 0
  [LU] n=924 kutta=1 min|U_ii|=0.00354299 max|U_ii|=195565 ratio=1.81167e-08 pivots<1e-12: 0
  [LU] n=924 kutta=1 min|U_ii|=0.00354299 max|U_ii|=195565 ratio=1.81167e-08 pivots<1e-12: 0
  [LU] n=924 kutta=1 min|U_ii|=0.0049059 max|U_ii|=111026 ratio=4.41868e-08 pivots<1e-12: 0
  [LU] n=2520 kutta=1 min|U_ii|=0.0445846 max|U_ii|=6061.07 ratio=7.3559e-06 pivots<1e-12: 0
  [LU] n=924 kutta=1 min|U_ii|=0.00354299 max|U_ii|=195565 ratio=1.81167e-08 pivots<1e-12: 0
  [LU] n=924 kutta=1 min|U_ii|=0.00354299 max|U_ii|=195565 ratio=1.81167e-08 pivots<1e-12: 0
  [LU] n=924 kutta=1 min|U_ii|=0.0049059 max|U_ii|=111026 ratio=4.41868e-08 pivots<1e-12: 0
  [LU] n=2520 kutta=1 min|U_ii|=0.0445846 max|U_ii|=6061.07 ratio=7.3559e-06 pivots<1e-12: 0
  [LU] n=924 kutta=1 min|U_ii|=0.00354299 max|U_ii|=195565 ratio=1.81167e-08 pivots<1e-12: 0
  [LU] n=924 kutta=1 min|U_ii|=0.00354299 max|U_ii|=195565 ratio=1.81167e-08 pivots<1e-12: 0
  [LU] n=924 kutta=1 min|U_ii|=0.0049059 max|U_ii|=111026 ratio=4.41868e-08 pivots<1e-12: 0
  [LU] n=2520 kutta=1 min|U_ii|=0.0445846 max|U_ii|=6061.07 ratio=7.3559e-06 pivots<1e-12: 0
  [LU] n=924 kutta=1 min|U_ii|=0.00354299 max|U_ii|=195565 ratio=1.81167e-08 pivots<1e-12: 0
  [LU] n=924 kutta=1 min|U_ii|=0.00354299 max|U_ii|=195565 ratio=1.81167e-08 pivots<1e-12: 0
  [LU] n=924 kutta=1 min|U_ii|=0.0049059 max|U_ii|=111026 ratio=4.41868e-08 pivots<1e-12: 0
  [LU] n=2520 kutta=1 min|U_ii|=0.0445846 max|U_ii|=6061.07 ratio=7.3559e-06 pivots<1e-12: 0
  [LU] n=924 kutta=1 min|U_ii|=0.00354299 max|U_ii|=195565 ratio=1.81167e-08 pivots<1e-12: 0
  [LU] n=924 kutta=1 min|U_ii|=0.00354299 max|U_ii|=195565 ratio=1.81167e-08 pivots<1e-12: 0
  [LU] n=924 kutta=1 min|U_ii|=0.0049059 max|U_ii|=111026 ratio=4.41868e-08 pivots<1e-12: 0
  [LU] n=2520 kutta=1 min|U_ii|=0.0445846 max|U_ii|=6061.07 ratio=7.3559e-06 pivots<1e-12: 0
  [LU] n=924 kutta=1 min|U_ii|=0.00354299 max|U_ii|=195565 ratio=1.81167e-08 pivots<1e-12: 0
  [LU] n=924 kutta=1 min|U_ii|=0.00354299 max|U_ii|=195565 ratio=1.81167e-08 pivots<1e-12: 0
  [LU] n=924 kutta=1 min|U_ii|=0.0049059 max|U_ii|=111026 ratio=4.41868e-08 pivots<1e-12: 0
  [LU] n=2520 kutta=1 min|U_ii|=0.0445846 max|U_ii|=6061.07 ratio=7.3559e-06 pivots<1e-12: 0
  [LU] n=924 kutta=1 min|U_ii|=0.00354299 max|U_ii|=195565 ratio=1.81167e-08 pivots<1e-12: 0
  [LU] n=924 kutta=1 min|U_ii|=0.00354299 max|U_ii|=195565 ratio=1.81167e-08 pivots<1e-12: 0
  [LU] n=924 kutta=1 min|U_ii|=0.0049059 max|U_ii|=111026 ratio=4.41868e-08 pivots<1e-12: 0
  [LU] n=2520 kutta=1 min|U_ii|=0.0445846 max|U_ii|=6061.07 ratio=7.3559e-06 pivots<1e-12: 0
  [LU] n=924 kutta=1 min|U_ii|=0.00354299 max|U_ii|=195565 ratio=1.81167e-08 pivots<1e-12: 0
  [LU] n=924 kutta=1 min|U_ii|=0.00354299 max|U_ii|=195565 ratio=1.81167e-08 pivots<1e-12: 0
  [LU] n=924 kutta=1 min|U_ii|=0.0049059 max|U_ii|=111026 ratio=4.41868e-08 pivots<1e-12: 0
  [LU] n=2520 kutta=1 min|U_ii|=0.0445846 max|U_ii|=6061.07 ratio=7.3559e-06 pivots<1e-12: 0
  [LU] n=924 kutta=1 min|U_ii|=0.00354299 max|U_ii|=195565 ratio=1.81167e-08 pivots<1e-12: 0
  [LU] n=924 kutta=1 min|U_ii|=0.00354299 max|U_ii|=195565 ratio=1.81167e-08 pivots<1e-12: 0
  [LU] n=924 kutta=1 min|U_ii|=0.0049059 max|U_ii|=111026 ratio=4.41868e-08 pivots<1e-12: 0
  [LU] n=2520 kutta=1 min|U_ii|=0.0445846 max|U_ii|=6061.07 ratio=7.3559e-06 pivots<1e-12: 0
  [LU] n=924 kutta=1 min|U_ii|=0.00354299 max|U_ii|=195565 ratio=1.81167e-08 pivots<1e-12: 0
  [LU] n=924 kutta=1 min|U_ii|=0.00354299 max|U_ii|=195565 ratio=1.81167e-08 pivots<1e-12: 0
  [LU] n=924 kutta=1 min|U_ii|=0.0049059 max|U_ii|=111026 ratio=4.41868e-08 pivots<1e-12: 0
  [LU] n=2520 kutta=1 min|U_ii|=0.0445846 max|U_ii|=6061.07 ratio=7.3559e-06 pivots<1e-12: 0
  [LU] n=924 kutta=1 min|U_ii|=0.00354299 max|U_ii|=195565 ratio=1.81167e-08 pivots<1e-12: 0
  [LU] n=924 kutta=1 min|U_ii|=0.00354299 max|U_ii|=195565 ratio=1.81167e-08 pivots<1e-12: 0
  [LU] n=924 kutta=1 min|U_ii|=0.0049059 max|U_ii|=111026 ratio=4.41868e-08 pivots<1e-12: 0
  [LU] n=2520 kutta=1 min|U_ii|=0.0445846 max|U_ii|=6061.07 ratio=7.3559e-06 pivots<1e-12: 0
  [LU] n=924 kutta=1 min|U_ii|=0.00354299 max|U_ii|=195565 ratio=1.81167e-08 pivots<1e-12: 0
  [LU] n=924 kutta=1 min|U_ii|=0.00354299 max|U_ii|=195565 ratio=1.81167e-08 pivots<1e-12: 0
  [LU] n=924 kutta=1 min|U_ii|=0.0049059 max|U_ii|=111026 ratio=4.41868e-08 pivots<1e-12: 0
  [LU] n=2520 kutta=1 min|U_ii|=0.0445846 max|U_ii|=6061.07 ratio=7.3559e-06 pivots<1e-12: 0
  [LU] n=924 kutta=1 min|U_ii|=0.00354299 max|U_ii|=195565 ratio=1.81167e-08 pivots<1e-12: 0
  [LU] n=924 kutta=1 min|U_ii|=0.00354299 max|U_ii|=195565 ratio=1.81167e-08 pivots<1e-12: 0
  [LU] n=924 kutta=1 min|U_ii|=0.0049059 max|U_ii|=111026 ratio=4.41868e-08 pivots<1e-12: 0
  [LU] n=2520 kutta=1 min|U_ii|=0.0445846 max|U_ii|=6061.07 ratio=7.3559e-06 pivots<1e-12: 0
  [LU] n=924 kutta=1 min|U_ii|=0.00354299 max|U_ii|=195565 ratio=1.81167e-08 pivots<1e-12: 0
  [LU] n=924 kutta=1 min|U_ii|=0.00354299 max|U_ii|=195565 ratio=1.81167e-08 pivots<1e-12: 0
  [LU] n=924 kutta=1 min|U_ii|=0.0049059 max|U_ii|=111026 ratio=4.41868e-08 pivots<1e-12: 0
  [LU] n=2520 kutta=1 min|U_ii|=0.0445846 max|U_ii|=6061.07 ratio=7.3559e-06 pivots<1e-12: 0
  [LU] n=924 kutta=1 min|U_ii|=0.00354299 max|U_ii|=195565 ratio=1.81167e-08 pivots<1e-12: 0
  [LU] n=924 kutta=1 min|U_ii|=0.00354299 max|U_ii|=195565 ratio=1.81167e-08 pivots<1e-12: 0
  [LU] n=924 kutta=1 min|U_ii|=0.0049059 max|U_ii|=111026 ratio=4.41868e-08 pivots<1e-12: 0
  [LU] n=2520 kutta=1 min|U_ii|=0.0445846 max|U_ii|=6061.07 ratio=7.3559e-06 pivots<1e-12: 0
  [LU] n=924 kutta=1 min|U_ii|=0.00354299 max|U_ii|=195565 ratio=1.81167e-08 pivots<1e-12: 0
  [LU] n=924 kutta=1 min|U_ii|=0.00354299 max|U_ii|=195565 ratio=1.81167e-08 pivots<1e-12: 0
  [LU] n=924 kutta=1 min|U_ii|=0.0049059 max|U_ii|=111026 ratio=4.41868e-08 pivots<1e-12: 0
  [LU] n=2520 kutta=1 min|U_ii|=0.0445846 max|U_ii|=6061.07 ratio=7.3559e-06 pivots<1e-12: 0
  [LU] n=924 kutta=1 min|U_ii|=0.00354299 max|U_ii|=195565 ratio=1.81167e-08 pivots<1e-12: 0
  [LU] n=924 kutta=1 min|U_ii|=0.00354299 max|U_ii|=195565 ratio=1.81167e-08 pivots<1e-12: 0
  [LU] n=924 kutta=1 min|U_ii|=0.0049059 max|U_ii|=111026 ratio=4.41868e-08 pivots<1e-12: 0
  [LU] n=2520 kutta=1 min|U_ii|=0.0445846 max|U_ii|=6061.07 ratio=7.3559e-06 pivots<1e-12: 0
  [LU] n=924 kutta=1 min|U_ii|=0.00354299 max|U_ii|=195565 ratio=1.81167e-08 pivots<1e-12: 0
  [LU] n=924 kutta=1 min|U_ii|=0.00354299 max|U_ii|=195565 ratio=1.81167e-08 pivots<1e-12: 0
  [LU] n=924 kutta=1 min|U_ii|=0.0049059 max|U_ii|=111026 ratio=4.41868e-08 pivots<1e-12: 0
  [LU] n=2520 kutta=1 min|U_ii|=0.0445846 max|U_ii|=6061.07 ratio=7.3559e-06 pivots<1e-12: 0
  [LU] n=924 kutta=1 min|U_ii|=0.00354299 max|U_ii|=195565 ratio=1.81167e-08 pivots<1e-12: 0
  [LU] n=924 kutta=1 min|U_ii|=0.00354299 max|U_ii|=195565 ratio=1.81167e-08 pivots<1e-12: 0
  [LU] n=924 kutta=1 min|U_ii|=0.0049059 max|U_ii|=111026 ratio=4.41868e-08 pivots<1e-12: 0
  [LU] n=2520 kutta=1 min|U_ii|=0.0445846 max|U_ii|=6061.07 ratio=7.3559e-06 pivots<1e-12: 0
  [LU] n=924 kutta=1 min|U_ii|=0.00354299 max|U_ii|=195565 ratio=1.81167e-08 pivots<1e-12: 0
  [LU] n=924 kutta=1 min|U_ii|=0.00354299 max|U_ii|=195565 ratio=1.81167e-08 pivots<1e-12: 0
  [LU] n=924 kutta=1 min|U_ii|=0.0049059 max|U_ii|=111026 ratio=4.41868e-08 pivots<1e-12: 0
  [LU] n=2520 kutta=1 min|U_ii|=0.0445846 max|U_ii|=6061.07 ratio=7.3559e-06 pivots<1e-12: 0
  [LU] n=924 kutta=1 min|U_ii|=0.00354299 max|U_ii|=195565 ratio=1.81167e-08 pivots<1e-12: 0
  [LU] n=924 kutta=1 min|U_ii|=0.00354299 max|U_ii|=195565 ratio=1.81167e-08 pivots<1e-12: 0
  [LU] n=924 kutta=1 min|U_ii|=0.0049059 max|U_ii|=111026 ratio=4.41868e-08 pivots<1e-12: 0
  [LU] n=2520 kutta=1 min|U_ii|=0.0445846 max|U_ii|=6061.07 ratio=7.3559e-06 pivots<1e-12: 0
  [LU] n=924 kutta=1 min|U_ii|=0.00354299 max|U_ii|=195565 ratio=1.81167e-08 pivots<1e-12: 0
  [LU] n=924 kutta=1 min|U_ii|=0.00354299 max|U_ii|=195565 ratio=1.81167e-08 pivots<1e-12: 0
  [LU] n=924 kutta=1 min|U_ii|=0.0049059 max|U_ii|=111026 ratio=4.41868e-08 pivots<1e-12: 0
  [LU] n=2520 kutta=1 min|U_ii|=0.0445846 max|U_ii|=6061.07 ratio=7.3559e-06 pivots<1e-12: 0
  [LU] n=924 kutta=1 min|U_ii|=0.00354299 max|U_ii|=195565 ratio=1.81167e-08 pivots<1e-12: 0
  [LU] n=924 kutta=1 min|U_ii|=0.00354299 max|U_ii|=195565 ratio=1.81167e-08 pivots<1e-12: 0
  [LU] n=924 kutta=1 min|U_ii|=0.0049059 max|U_ii|=111026 ratio=4.41868e-08 pivots<1e-12: 0
  [LU] n=2520 kutta=1 min|U_ii|=0.0445846 max|U_ii|=6061.07 ratio=7.3559e-06 pivots<1e-12: 0
  [LU] n=924 kutta=1 min|U_ii|=0.00354299 max|U_ii|=195565 ratio=1.81167e-08 pivots<1e-12: 0
  [LU] n=924 kutta=1 min|U_ii|=0.00354299 max|U_ii|=195565 ratio=1.81167e-08 pivots<1e-12: 0
  [LU] n=924 kutta=1 min|U_ii|=0.0049059 max|U_ii|=111026 ratio=4.41868e-08 pivots<1e-12: 0
  [LU] n=2520 kutta=1 min|U_ii|=0.0445846 max|U_ii|=6061.07 ratio=7.3559e-06 pivots<1e-12: 0
  [LU] n=924 kutta=1 min|U_ii|=0.00354299 max|U_ii|=195565 ratio=1.81167e-08 pivots<1e-12: 0
  [LU] n=924 kutta=1 min|U_ii|=0.00354299 max|U_ii|=195565 ratio=1.81167e-08 pivots<1e-12: 0
  [LU] n=924 kutta=1 min|U_ii|=0.0049059 max|U_ii|=111026 ratio=4.41868e-08 pivots<1e-12: 0
  [LU] n=2520 kutta=1 min|U_ii|=0.0445846 max|U_ii|=6061.07 ratio=7.3559e-06 pivots<1e-12: 0
  [LU] n=924 kutta=1 min|U_ii|=0.00354299 max|U_ii|=195565 ratio=1.81167e-08 pivots<1e-12: 0
  [LU] n=924 kutta=1 min|U_ii|=0.00354299 max|U_ii|=195565 ratio=1.81167e-08 pivots<1e-12: 0
  [LU] n=924 kutta=1 min|U_ii|=0.0049059 max|U_ii|=111026 ratio=4.41868e-08 pivots<1e-12: 0
  [LU] n=2520 kutta=1 min|U_ii|=0.0445846 max|U_ii|=6061.07 ratio=7.3559e-06 pivots<1e-12: 0
  [LU] n=924 kutta=1 min|U_ii|=0.00354299 max|U_ii|=195565 ratio=1.81167e-08 pivots<1e-12: 0
  [LU] n=924 kutta=1 min|U_ii|=0.00354299 max|U_ii|=195565 ratio=1.81167e-08 pivots<1e-12: 0
  [LU] n=924 kutta=1 min|U_ii|=0.0049059 max|U_ii|=111026 ratio=4.41868e-08 pivots<1e-12: 0
  [LU] n=2520 kutta=1 min|U_ii|=0.0445846 max|U_ii|=6061.07 ratio=7.3559e-06 pivots<1e-12: 0
  [LU] n=924 kutta=1 min|U_ii|=0.00354299 max|U_ii|=195565 ratio=1.81167e-08 pivots<1e-12: 0
  [LU] n=924 kutta=1 min|U_ii|=0.00354299 max|U_ii|=195565 ratio=1.81167e-08 pivots<1e-12: 0
  [LU] n=924 kutta=1 min|U_ii|=0.0049059 max|U_ii|=111026 ratio=4.41868e-08 pivots<1e-12: 0
  [LU] n=2520 kutta=1 min|U_ii|=0.0445846 max|U_ii|=6061.07 ratio=7.3559e-06 pivots<1e-12: 0
  [LU] n=924 kutta=1 min|U_ii|=0.00354299 max|U_ii|=195565 ratio=1.81167e-08 pivots<1e-12: 0
  [LU] n=924 kutta=1 min|U_ii|=0.00354299 max|U_ii|=195565 ratio=1.81167e-08 pivots<1e-12: 0
  [LU] n=924 kutta=1 min|U_ii|=0.0049059 max|U_ii|=111026 ratio=4.41868e-08 pivots<1e-12: 0
  [LU] n=2520 kutta=1 min|U_ii|=0.0445846 max|U_ii|=6061.07 ratio=7.3559e-06 pivots<1e-12: 0
  [LU] n=924 kutta=1 min|U_ii|=0.00354299 max|U_ii|=195565 ratio=1.81167e-08 pivots<1e-12: 0
  [LU] n=924 kutta=1 min|U_ii|=0.00354299 max|U_ii|=195565 ratio=1.81167e-08 pivots<1e-12: 0
  [LU] n=924 kutta=1 min|U_ii|=0.0049059 max|U_ii|=111026 ratio=4.41868e-08 pivots<1e-12: 0
  [LU] n=2520 kutta=1 min|U_ii|=0.0445846 max|U_ii|=6061.07 ratio=7.3559e-06 pivots<1e-12: 0
  [LU] n=924 kutta=1 min|U_ii|=0.00354299 max|U_ii|=195565 ratio=1.81167e-08 pivots<1e-12: 0
  [LU] n=924 kutta=1 min|U_ii|=0.00354299 max|U_ii|=195565 ratio=1.81167e-08 pivots<1e-12: 0
  [LU] n=924 kutta=1 min|U_ii|=0.0049059 max|U_ii|=111026 ratio=4.41868e-08 pivots<1e-12: 0
  [LU] n=2520 kutta=1 min|U_ii|=0.0445846 max|U_ii|=6061.07 ratio=7.3559e-06 pivots<1e-12: 0
  [LU] n=924 kutta=1 min|U_ii|=0.00354299 max|U_ii|=195565 ratio=1.81167e-08 pivots<1e-12: 0
  [LU] n=924 kutta=1 min|U_ii|=0.00354299 max|U_ii|=195565 ratio=1.81167e-08 pivots<1e-12: 0
  [LU] n=924 kutta=1 min|U_ii|=0.0049059 max|U_ii|=111026 ratio=4.41868e-08 pivots<1e-12: 0
  [LU] n=2520 kutta=1 min|U_ii|=0.0445846 max|U_ii|=6061.07 ratio=7.3559e-06 pivots<1e-12: 0
  [LU] n=924 kutta=1 min|U_ii|=0.00354299 max|U_ii|=195565 ratio=1.81167e-08 pivots<1e-12: 0
  [LU] n=924 kutta=1 min|U_ii|=0.00354299 max|U_ii|=195565 ratio=1.81167e-08 pivots<1e-12: 0
  [LU] n=924 kutta=1 min|U_ii|=0.0049059 max|U_ii|=111026 ratio=4.41868e-08 pivots<1e-12: 0
  [LU] n=2520 kutta=1 min|U_ii|=0.0445846 max|U_ii|=6061.07 ratio=7.3559e-06 pivots<1e-12: 0
  [LU] n=924 kutta=1 min|U_ii|=0.00354299 max|U_ii|=195565 ratio=1.81167e-08 pivots<1e-12: 0
  [LU] n=924 kutta=1 min|U_ii|=0.00354299 max|U_ii|=195565 ratio=1.81167e-08 pivots<1e-12: 0
  [LU] n=924 kutta=1 min|U_ii|=0.0049059 max|U_ii|=111026 ratio=4.41868e-08 pivots<1e-12: 0
  [LU] n=2520 kutta=1 min|U_ii|=0.0445846 max|U_ii|=6061.07 ratio=7.3559e-06 pivots<1e-12: 0
  [LU] n=924 kutta=1 min|U_ii|=0.00354299 max|U_ii|=195565 ratio=1.81167e-08 pivots<1e-12: 0
  [LU] n=924 kutta=1 min|U_ii|=0.00354299 max|U_ii|=195565 ratio=1.81167e-08 pivots<1e-12: 0
  [LU] n=924 kutta=1 min|U_ii|=0.0049059 max|U_ii|=111026 ratio=4.41868e-08 pivots<1e-12: 0
  [LU] n=2520 kutta=1 min|U_ii|=0.0445846 max|U_ii|=6061.07 ratio=7.3559e-06 pivots<1e-12: 0
  [LU] n=924 kutta=1 min|U_ii|=0.00354299 max|U_ii|=195565 ratio=1.81167e-08 pivots<1e-12: 0
  [LU] n=924 kutta=1 min|U_ii|=0.00354299 max|U_ii|=195565 ratio=1.81167e-08 pivots<1e-12: 0
  [LU] n=924 kutta=1 min|U_ii|=0.0049059 max|U_ii|=111026 ratio=4.41868e-08 pivots<1e-12: 0
  [LU] n=2520 kutta=1 min|U_ii|=0.0445846 max|U_ii|=6061.07 ratio=7.3559e-06 pivots<1e-12: 0
  [LU] n=924 kutta=1 min|U_ii|=0.00354299 max|U_ii|=195565 ratio=1.81167e-08 pivots<1e-12: 0
  [LU] n=924 kutta=1 min|U_ii|=0.00354299 max|U_ii|=195565 ratio=1.81167e-08 pivots<1e-12: 0
  [LU] n=924 kutta=1 min|U_ii|=0.0049059 max|U_ii|=111026 ratio=4.41868e-08 pivots<1e-12: 0
  [LU] n=2520 kutta=1 min|U_ii|=0.0445846 max|U_ii|=6061.07 ratio=7.3559e-06 pivots<1e-12: 0
  [LU] n=924 kutta=1 min|U_ii|=0.00354299 max|U_ii|=195565 ratio=1.81167e-08 pivots<1e-12: 0
  [LU] n=924 kutta=1 min|U_ii|=0.00354299 max|U_ii|=195565 ratio=1.81167e-08 pivots<1e-12: 0
  [LU] n=924 kutta=1 min|U_ii|=0.0049059 max|U_ii|=111026 ratio=4.41868e-08 pivots<1e-12: 0
  [LU] n=2520 kutta=1 min|U_ii|=0.0445846 max|U_ii|=6061.07 ratio=7.3559e-06 pivots<1e-12: 0
  [LU] n=924 kutta=1 min|U_ii|=0.00354299 max|U_ii|=195565 ratio=1.81167e-08 pivots<1e-12: 0
  [LU] n=924 kutta=1 min|U_ii|=0.00354299 max|U_ii|=195565 ratio=1.81167e-08 pivots<1e-12: 0
  [LU] n=924 kutta=1 min|U_ii|=0.0049059 max|U_ii|=111026 ratio=4.41868e-08 pivots<1e-12: 0
  [LU] n=2520 kutta=1 min|U_ii|=0.0445846 max|U_ii|=6061.07 ratio=7.3559e-06 pivots<1e-12: 0
  [LU] n=924 kutta=1 min|U_ii|=0.00354299 max|U_ii|=195565 ratio=1.81167e-08 pivots<1e-12: 0
  [LU] n=924 kutta=1 min|U_ii|=0.00354299 max|U_ii|=195565 ratio=1.81167e-08 pivots<1e-12: 0
  [LU] n=924 kutta=1 min|U_ii|=0.0049059 max|U_ii|=111026 ratio=4.41868e-08 pivots<1e-12: 0
  [LU] n=2520 kutta=1 min|U_ii|=0.0445846 max|U_ii|=6061.07 ratio=7.3559e-06 pivots<1e-12: 0
  [LU] n=924 kutta=1 min|U_ii|=0.00354299 max|U_ii|=195565 ratio=1.81167e-08 pivots<1e-12: 0
  [LU] n=924 kutta=1 min|U_ii|=0.00354299 max|U_ii|=195565 ratio=1.81167e-08 pivots<1e-12: 0
  [LU] n=924 kutta=1 min|U_ii|=0.0049059 max|U_ii|=111026 ratio=4.41868e-08 pivots<1e-12: 0
  [LU] n=2520 kutta=1 min|U_ii|=0.0445846 max|U_ii|=6061.07 ratio=7.3559e-06 pivots<1e-12: 0
  [LU] n=924 kutta=1 min|U_ii|=0.00354299 max|U_ii|=195565 ratio=1.81167e-08 pivots<1e-12: 0
  [LU] n=924 kutta=1 min|U_ii|=0.00354299 max|U_ii|=195565 ratio=1.81167e-08 pivots<1e-12: 0
  [LU] n=924 kutta=1 min|U_ii|=0.0049059 max|U_ii|=111026 ratio=4.41868e-08 pivots<1e-12: 0
  [LU] n=2520 kutta=1 min|U_ii|=0.0445846 max|U_ii|=6061.07 ratio=7.3559e-06 pivots<1e-12: 0
  [LU] n=924 kutta=1 min|U_ii|=0.00354299 max|U_ii|=195565 ratio=1.81167e-08 pivots<1e-12: 0
  [LU] n=924 kutta=1 min|U_ii|=0.00354299 max|U_ii|=195565 ratio=1.81167e-08 pivots<1e-12: 0
  [LU] n=924 kutta=1 min|U_ii|=0.0049059 max|U_ii|=111026 ratio=4.41868e-08 pivots<1e-12: 0
  [LU] n=2520 kutta=1 min|U_ii|=0.0445846 max|U_ii|=6061.07 ratio=7.3559e-06 pivots<1e-12: 0
  [LU] n=924 kutta=1 min|U_ii|=0.00354299 max|U_ii|=195565 ratio=1.81167e-08 pivots<1e-12: 0
  [LU] n=924 kutta=1 min|U_ii|=0.00354299 max|U_ii|=195565 ratio=1.81167e-08 pivots<1e-12: 0
  [LU] n=924 kutta=1 min|U_ii|=0.0049059 max|U_ii|=111026 ratio=4.41868e-08 pivots<1e-12: 0
  [LU] n=2520 kutta=1 min|U_ii|=0.0445846 max|U_ii|=6061.07 ratio=7.3559e-06 pivots<1e-12: 0
  [LU] n=924 kutta=1 min|U_ii|=0.00354299 max|U_ii|=195565 ratio=1.81167e-08 pivots<1e-12: 0
  [LU] n=924 kutta=1 min|U_ii|=0.00354299 max|U_ii|=195565 ratio=1.81167e-08 pivots<1e-12: 0
  [LU] n=924 kutta=1 min|U_ii|=0.0049059 max|U_ii|=111026 ratio=4.41868e-08 pivots<1e-12: 0
  [LU] n=2520 kutta=1 min|U_ii|=0.0445846 max|U_ii|=6061.07 ratio=7.3559e-06 pivots<1e-12: 0
  [LU] n=924 kutta=1 min|U_ii|=0.00354299 max|U_ii|=195565 ratio=1.81167e-08 pivots<1e-12: 0
  [LU] n=924 kutta=1 min|U_ii|=0.00354299 max|U_ii|=195565 ratio=1.81167e-08 pivots<1e-12: 0
  [LU] n=924 kutta=1 min|U_ii|=0.0049059 max|U_ii|=111026 ratio=4.41868e-08 pivots<1e-12: 0
  [LU] n=2520 kutta=1 min|U_ii|=0.0445846 max|U_ii|=6061.07 ratio=7.3559e-06 pivots<1e-12: 0
  [LU] n=924 kutta=1 min|U_ii|=0.00354299 max|U_ii|=195565 ratio=1.81167e-08 pivots<1e-12: 0
  [LU] n=924 kutta=1 min|U_ii|=0.00354299 max|U_ii|=195565 ratio=1.81167e-08 pivots<1e-12: 0
  [LU] n=924 kutta=1 min|U_ii|=0.0049059 max|U_ii|=111026 ratio=4.41868e-08 pivots<1e-12: 0
  [LU] n=2520 kutta=1 min|U_ii|=0.0445846 max|U_ii|=6061.07 ratio=7.3559e-06 pivots<1e-12: 0
  [LU] n=924 kutta=1 min|U_ii|=0.00354299 max|U_ii|=195565 ratio=1.81167e-08 pivots<1e-12: 0
  [LU] n=924 kutta=1 min|U_ii|=0.00354299 max|U_ii|=195565 ratio=1.81167e-08 pivots<1e-12: 0
  [LU] n=924 kutta=1 min|U_ii|=0.0049059 max|U_ii|=111026 ratio=4.41868e-08 pivots<1e-12: 0
  [LU] n=2520 kutta=1 min|U_ii|=0.0445846 max|U_ii|=6061.07 ratio=7.3559e-06 pivots<1e-12: 0
  [LU] n=924 kutta=1 min|U_ii|=0.00354299 max|U_ii|=195565 ratio=1.81167e-08 pivots<1e-12: 0
  [LU] n=924 kutta=1 min|U_ii|=0.00354299 max|U_ii|=195565 ratio=1.81167e-08 pivots<1e-12: 0
  [LU] n=924 kutta=1 min|U_ii|=0.0049059 max|U_ii|=111026 ratio=4.41868e-08 pivots<1e-12: 0
  [LU] n=2520 kutta=1 min|U_ii|=0.0445846 max|U_ii|=6061.07 ratio=7.3559e-06 pivots<1e-12: 0
  [LU] n=924 kutta=1 min|U_ii|=0.00354299 max|U_ii|=195565 ratio=1.81167e-08 pivots<1e-12: 0
  [LU] n=924 kutta=1 min|U_ii|=0.00354299 max|U_ii|=195565 ratio=1.81167e-08 pivots<1e-12: 0
  [LU] n=924 kutta=1 min|U_ii|=0.0049059 max|U_ii|=111026 ratio=4.41868e-08 pivots<1e-12: 0
  [LU] n=2520 kutta=1 min|U_ii|=0.0445846 max|U_ii|=6061.07 ratio=7.3559e-06 pivots<1e-12: 0
  [LU] n=924 kutta=1 min|U_ii|=0.00354299 max|U_ii|=195565 ratio=1.81167e-08 pivots<1e-12: 0
  [LU] n=924 kutta=1 min|U_ii|=0.00354299 max|U_ii|=195565 ratio=1.81167e-08 pivots<1e-12: 0
  [LU] n=924 kutta=1 min|U_ii|=0.0049059 max|U_ii|=111026 ratio=4.41868e-08 pivots<1e-12: 0
  [LU] n=2520 kutta=1 min|U_ii|=0.0445846 max|U_ii|=6061.07 ratio=7.3559e-06 pivots<1e-12: 0
  [LU] n=924 kutta=1 min|U_ii|=0.00354299 max|U_ii|=195565 ratio=1.81167e-08 pivots<1e-12: 0
  [LU] n=924 kutta=1 min|U_ii|=0.00354299 max|U_ii|=195565 ratio=1.81167e-08 pivots<1e-12: 0
  [LU] n=924 kutta=1 min|U_ii|=0.0049059 max|U_ii|=111026 ratio=4.41868e-08 pivots<1e-12: 0
  [LU] n=2520 kutta=1 min|U_ii|=0.0445846 max|U_ii|=6061.07 ratio=7.3559e-06 pivots<1e-12: 0
  [LU] n=924 kutta=1 min|U_ii|=0.00354299 max|U_ii|=195565 ratio=1.81167e-08 pivots<1e-12: 0
  [LU] n=924 kutta=1 min|U_ii|=0.00354299 max|U_ii|=195565 ratio=1.81167e-08 pivots<1e-12: 0
  [LU] n=924 kutta=1 min|U_ii|=0.0049059 max|U_ii|=111026 ratio=4.41868e-08 pivots<1e-12: 0
  [LU] n=2520 kutta=1 min|U_ii|=0.0445846 max|U_ii|=6061.07 ratio=7.3559e-06 pivots<1e-12: 0
  [LU] n=924 kutta=1 min|U_ii|=0.00354299 max|U_ii|=195565 ratio=1.81167e-08 pivots<1e-12: 0
  [LU] n=924 kutta=1 min|U_ii|=0.00354299 max|U_ii|=195565 ratio=1.81167e-08 pivots<1e-12: 0
  [LU] n=924 kutta=1 min|U_ii|=0.0049059 max|U_ii|=111026 ratio=4.41868e-08 pivots<1e-12: 0
  [LU] n=2520 kutta=1 min|U_ii|=0.0445846 max|U_ii|=6061.07 ratio=7.3559e-06 pivots<1e-12: 0
  [LU] n=924 kutta=1 min|U_ii|=0.00354299 max|U_ii|=195565 ratio=1.81167e-08 pivots<1e-12: 0
  [LU] n=924 kutta=1 min|U_ii|=0.00354299 max|U_ii|=195565 ratio=1.81167e-08 pivots<1e-12: 0
  [LU] n=924 kutta=1 min|U_ii|=0.0049059 max|U_ii|=111026 ratio=4.41868e-08 pivots<1e-12: 0
  [LU] n=2520 kutta=1 min|U_ii|=0.0445846 max|U_ii|=6061.07 ratio=7.3559e-06 pivots<1e-12: 0
  [LU] n=924 kutta=1 min|U_ii|=0.00354299 max|U_ii|=195565 ratio=1.81167e-08 pivots<1e-12: 0
  [LU] n=924 kutta=1 min|U_ii|=0.00354299 max|U_ii|=195565 ratio=1.81167e-08 pivots<1e-12: 0
  [LU] n=924 kutta=1 min|U_ii|=0.0049059 max|U_ii|=111026 ratio=4.41868e-08 pivots<1e-12: 0
  [LU] n=2520 kutta=1 min|U_ii|=0.0445846 max|U_ii|=6061.07 ratio=7.3559e-06 pivots<1e-12: 0
  [LU] n=924 kutta=1 min|U_ii|=0.00354299 max|U_ii|=195565 ratio=1.81167e-08 pivots<1e-12: 0
  [LU] n=924 kutta=1 min|U_ii|=0.00354299 max|U_ii|=195565 ratio=1.81167e-08 pivots<1e-12: 0
  [LU] n=924 kutta=1 min|U_ii|=0.0049059 max|U_ii|=111026 ratio=4.41868e-08 pivots<1e-12: 0
  [LU] n=2520 kutta=1 min|U_ii|=0.0445846 max|U_ii|=6061.07 ratio=7.3559e-06 pivots<1e-12: 0
  [LU] n=924 kutta=1 min|U_ii|=0.00354299 max|U_ii|=195565 ratio=1.81167e-08 pivots<1e-12: 0
  [LU] n=924 kutta=1 min|U_ii|=0.00354299 max|U_ii|=195565 ratio=1.81167e-08 pivots<1e-12: 0
  [LU] n=924 kutta=1 min|U_ii|=0.0049059 max|U_ii|=111026 ratio=4.41868e-08 pivots<1e-12: 0
  [LU] n=2520 kutta=1 min|U_ii|=0.0445846 max|U_ii|=6061.07 ratio=7.3559e-06 pivots<1e-12: 0
  [LU] n=924 kutta=1 min|U_ii|=0.00354299 max|U_ii|=195565 ratio=1.81167e-08 pivots<1e-12: 0
  [LU] n=924 kutta=1 min|U_ii|=0.00354299 max|U_ii|=195565 ratio=1.81167e-08 pivots<1e-12: 0
  [LU] n=924 kutta=1 min|U_ii|=0.0049059 max|U_ii|=111026 ratio=4.41868e-08 pivots<1e-12: 0
  [LU] n=2520 kutta=1 min|U_ii|=0.0445846 max|U_ii|=6061.07 ratio=7.3559e-06 pivots<1e-12: 0
  [LU] n=924 kutta=1 min|U_ii|=0.00354299 max|U_ii|=195565 ratio=1.81167e-08 pivots<1e-12: 0
  [LU] n=924 kutta=1 min|U_ii|=0.00354299 max|U_ii|=195565 ratio=1.81167e-08 pivots<1e-12: 0
  [LU] n=924 kutta=1 min|U_ii|=0.0049059 max|U_ii|=111026 ratio=4.41868e-08 pivots<1e-12: 0
  [LU] n=2520 kutta=1 min|U_ii|=0.0445846 max|U_ii|=6061.07 ratio=7.3559e-06 pivots<1e-12: 0
  [LU] n=924 kutta=1 min|U_ii|=0.00354299 max|U_ii|=195565 ratio=1.81167e-08 pivots<1e-12: 0
  [LU] n=924 kutta=1 min|U_ii|=0.00354299 max|U_ii|=195565 ratio=1.81167e-08 pivots<1e-12: 0
  [LU] n=924 kutta=1 min|U_ii|=0.0049059 max|U_ii|=111026 ratio=4.41868e-08 pivots<1e-12: 0
  [LU] n=2520 kutta=1 min|U_ii|=0.0445846 max|U_ii|=6061.07 ratio=7.3559e-06 pivots<1e-12: 0
  [LU] n=924 kutta=1 min|U_ii|=0.00354299 max|U_ii|=195565 ratio=1.81167e-08 pivots<1e-12: 0
  [LU] n=924 kutta=1 min|U_ii|=0.00354299 max|U_ii|=195565 ratio=1.81167e-08 pivots<1e-12: 0
  [LU] n=924 kutta=1 min|U_ii|=0.0049059 max|U_ii|=111026 ratio=4.41868e-08 pivots<1e-12: 0
  [LU] n=2520 kutta=1 min|U_ii|=0.0445846 max|U_ii|=6061.07 ratio=7.3559e-06 pivots<1e-12: 0
  [LU] n=924 kutta=1 min|U_ii|=0.00354299 max|U_ii|=195565 ratio=1.81167e-08 pivots<1e-12: 0
  [LU] n=924 kutta=1 min|U_ii|=0.00354299 max|U_ii|=195565 ratio=1.81167e-08 pivots<1e-12: 0
  [LU] n=924 kutta=1 min|U_ii|=0.0049059 max|U_ii|=111026 ratio=4.41868e-08 pivots<1e-12: 0
  [LU] n=2520 kutta=1 min|U_ii|=0.0445846 max|U_ii|=6061.07 ratio=7.3559e-06 pivots<1e-12: 0
  [LU] n=924 kutta=1 min|U_ii|=0.00354299 max|U_ii|=195565 ratio=1.81167e-08 pivots<1e-12: 0
  [LU] n=924 kutta=1 min|U_ii|=0.00354299 max|U_ii|=195565 ratio=1.81167e-08 pivots<1e-12: 0
  [LU] n=924 kutta=1 min|U_ii|=0.0049059 max|U_ii|=111026 ratio=4.41868e-08 pivots<1e-12: 0
  [LU] n=2520 kutta=1 min|U_ii|=0.0445846 max|U_ii|=6061.07 ratio=7.3559e-06 pivots<1e-12: 0
  [LU] n=924 kutta=1 min|U_ii|=0.00354299 max|U_ii|=195565 ratio=1.81167e-08 pivots<1e-12: 0
  [LU] n=924 kutta=1 min|U_ii|=0.00354299 max|U_ii|=195565 ratio=1.81167e-08 pivots<1e-12: 0
  [LU] n=924 kutta=1 min|U_ii|=0.0049059 max|U_ii|=111026 ratio=4.41868e-08 pivots<1e-12: 0
  [LU] n=2520 kutta=1 min|U_ii|=0.0445846 max|U_ii|=6061.07 ratio=7.3559e-06 pivots<1e-12: 0
  [LU] n=924 kutta=1 min|U_ii|=0.00354299 max|U_ii|=195565 ratio=1.81167e-08 pivots<1e-12: 0
  [LU] n=924 kutta=1 min|U_ii|=0.00354299 max|U_ii|=195565 ratio=1.81167e-08 pivots<1e-12: 0
  [LU] n=924 kutta=1 min|U_ii|=0.0049059 max|U_ii|=111026 ratio=4.41868e-08 pivots<1e-12: 0
  [LU] n=2520 kutta=1 min|U_ii|=0.0445846 max|U_ii|=6061.07 ratio=7.3559e-06 pivots<1e-12: 0
  [LU] n=924 kutta=1 min|U_ii|=0.00354299 max|U_ii|=195565 ratio=1.81167e-08 pivots<1e-12: 0
  [LU] n=924 kutta=1 min|U_ii|=0.00354299 max|U_ii|=195565 ratio=1.81167e-08 pivots<1e-12: 0
  [LU] n=924 kutta=1 min|U_ii|=0.0049059 max|U_ii|=111026 ratio=4.41868e-08 pivots<1e-12: 0
  [LU] n=2520 kutta=1 min|U_ii|=0.0445846 max|U_ii|=6061.07 ratio=7.3559e-06 pivots<1e-12: 0
  [LU] n=924 kutta=1 min|U_ii|=0.00354299 max|U_ii|=195565 ratio=1.81167e-08 pivots<1e-12: 0
  [LU] n=924 kutta=1 min|U_ii|=0.00354299 max|U_ii|=195565 ratio=1.81167e-08 pivots<1e-12: 0
  [LU] n=924 kutta=1 min|U_ii|=0.0049059 max|U_ii|=111026 ratio=4.41868e-08 pivots<1e-12: 0
  [LU] n=2520 kutta=1 min|U_ii|=0.0445846 max|U_ii|=6061.07 ratio=7.3559e-06 pivots<1e-12: 0
  [LU] n=924 kutta=1 min|U_ii|=0.00354299 max|U_ii|=195565 ratio=1.81167e-08 pivots<1e-12: 0
  [LU] n=924 kutta=1 min|U_ii|=0.00354299 max|U_ii|=195565 ratio=1.81167e-08 pivots<1e-12: 0
  [LU] n=924 kutta=1 min|U_ii|=0.0049059 max|U_ii|=111026 ratio=4.41868e-08 pivots<1e-12: 0
  [LU] n=2520 kutta=1 min|U_ii|=0.0445846 max|U_ii|=6061.07 ratio=7.3559e-06 pivots<1e-12: 0
  [LU] n=924 kutta=1 min|U_ii|=0.00354299 max|U_ii|=195565 ratio=1.81167e-08 pivots<1e-12: 0
  [LU] n=924 kutta=1 min|U_ii|=0.00354299 max|U_ii|=195565 ratio=1.81167e-08 pivots<1e-12: 0
  [LU] n=924 kutta=1 min|U_ii|=0.0049059 max|U_ii|=111026 ratio=4.41868e-08 pivots<1e-12: 0
  [LU] n=2520 kutta=1 min|U_ii|=0.0445846 max|U_ii|=6061.07 ratio=7.3559e-06 pivots<1e-12: 0
  [LU] n=924 kutta=1 min|U_ii|=0.00354299 max|U_ii|=195565 ratio=1.81167e-08 pivots<1e-12: 0
  [LU] n=924 kutta=1 min|U_ii|=0.00354299 max|U_ii|=195565 ratio=1.81167e-08 pivots<1e-12: 0
  [LU] n=924 kutta=1 min|U_ii|=0.0049059 max|U_ii|=111026 ratio=4.41868e-08 pivots<1e-12: 0
  [LU] n=2520 kutta=1 min|U_ii|=0.0445846 max|U_ii|=6061.07 ratio=7.3559e-06 pivots<1e-12: 0
  [LU] n=924 kutta=1 min|U_ii|=0.00354299 max|U_ii|=195565 ratio=1.81167e-08 pivots<1e-12: 0
  [LU] n=924 kutta=1 min|U_ii|=0.00354299 max|U_ii|=195565 ratio=1.81167e-08 pivots<1e-12: 0
  [LU] n=924 kutta=1 min|U_ii|=0.0049059 max|U_ii|=111026 ratio=4.41868e-08 pivots<1e-12: 0
  [LU] n=2520 kutta=1 min|U_ii|=0.0445846 max|U_ii|=6061.07 ratio=7.3559e-06 pivots<1e-12: 0
  [LU] n=924 kutta=1 min|U_ii|=0.00354299 max|U_ii|=195565 ratio=1.81167e-08 pivots<1e-12: 0
  [LU] n=924 kutta=1 min|U_ii|=0.00354299 max|U_ii|=195565 ratio=1.81167e-08 pivots<1e-12: 0
  [LU] n=924 kutta=1 min|U_ii|=0.0049059 max|U_ii|=111026 ratio=4.41868e-08 pivots<1e-12: 0
  [LU] n=2520 kutta=1 min|U_ii|=0.0445846 max|U_ii|=6061.07 ratio=7.3559e-06 pivots<1e-12: 0
  [LU] n=924 kutta=1 min|U_ii|=0.00354299 max|U_ii|=195565 ratio=1.81167e-08 pivots<1e-12: 0
  [LU] n=924 kutta=1 min|U_ii|=0.00354299 max|U_ii|=195565 ratio=1.81167e-08 pivots<1e-12: 0
  [LU] n=924 kutta=1 min|U_ii|=0.0049059 max|U_ii|=111026 ratio=4.41868e-08 pivots<1e-12: 0
  [LU] n=2520 kutta=1 min|U_ii|=0.0445846 max|U_ii|=6061.07 ratio=7.3559e-06 pivots<1e-12: 0
  [LU] n=924 kutta=1 min|U_ii|=0.00354299 max|U_ii|=195565 ratio=1.81167e-08 pivots<1e-12: 0
  [LU] n=924 kutta=1 min|U_ii|=0.00354299 max|U_ii|=195565 ratio=1.81167e-08 pivots<1e-12: 0
  [LU] n=924 kutta=1 min|U_ii|=0.0049059 max|U_ii|=111026 ratio=4.41868e-08 pivots<1e-12: 0
  [LU] n=2520 kutta=1 min|U_ii|=0.0445846 max|U_ii|=6061.07 ratio=7.3559e-06 pivots<1e-12: 0
  [LU] n=924 kutta=1 min|U_ii|=0.00354299 max|U_ii|=195565 ratio=1.81167e-08 pivots<1e-12: 0
  [LU] n=924 kutta=1 min|U_ii|=0.00354299 max|U_ii|=195565 ratio=1.81167e-08 pivots<1e-12: 0
  [LU] n=924 kutta=1 min|U_ii|=0.0049059 max|U_ii|=111026 ratio=4.41868e-08 pivots<1e-12: 0
  [LU] n=2520 kutta=1 min|U_ii|=0.0445846 max|U_ii|=6061.07 ratio=7.3559e-06 pivots<1e-12: 0
  [LU] n=924 kutta=1 min|U_ii|=0.00354299 max|U_ii|=195565 ratio=1.81167e-08 pivots<1e-12: 0
  [LU] n=924 kutta=1 min|U_ii|=0.00354299 max|U_ii|=195565 ratio=1.81167e-08 pivots<1e-12: 0
  [LU] n=924 kutta=1 min|U_ii|=0.0049059 max|U_ii|=111026 ratio=4.41868e-08 pivots<1e-12: 0
  [LU] n=2520 kutta=1 min|U_ii|=0.0445846 max|U_ii|=6061.07 ratio=7.3559e-06 pivots<1e-12: 0
  [LU] n=924 kutta=1 min|U_ii|=0.00354299 max|U_ii|=195565 ratio=1.81167e-08 pivots<1e-12: 0
  [LU] n=924 kutta=1 min|U_ii|=0.00354299 max|U_ii|=195565 ratio=1.81167e-08 pivots<1e-12: 0
  [LU] n=924 kutta=1 min|U_ii|=0.0049059 max|U_ii|=111026 ratio=4.41868e-08 pivots<1e-12: 0
  [LU] n=2520 kutta=1 min|U_ii|=0.0445846 max|U_ii|=6061.07 ratio=7.3559e-06 pivots<1e-12: 0
  [LU] n=924 kutta=1 min|U_ii|=0.00354299 max|U_ii|=195565 ratio=1.81167e-08 pivots<1e-12: 0
  [LU] n=924 kutta=1 min|U_ii|=0.00354299 max|U_ii|=195565 ratio=1.81167e-08 pivots<1e-12: 0
  [LU] n=924 kutta=1 min|U_ii|=0.0049059 max|U_ii|=111026 ratio=4.41868e-08 pivots<1e-12: 0
  [LU] n=2520 kutta=1 min|U_ii|=0.0445846 max|U_ii|=6061.07 ratio=7.3559e-06 pivots<1e-12: 0
  [LU] n=924 kutta=1 min|U_ii|=0.00354299 max|U_ii|=195565 ratio=1.81167e-08 pivots<1e-12: 0
  [LU] n=924 kutta=1 min|U_ii|=0.00354299 max|U_ii|=195565 ratio=1.81167e-08 pivots<1e-12: 0
  [LU] n=924 kutta=1 min|U_ii|=0.0049059 max|U_ii|=111026 ratio=4.41868e-08 pivots<1e-12: 0
  [LU] n=2520 kutta=1 min|U_ii|=0.0445846 max|U_ii|=6061.07 ratio=7.3559e-06 pivots<1e-12: 0
  [LU] n=924 kutta=1 min|U_ii|=0.00354299 max|U_ii|=195565 ratio=1.81167e-08 pivots<1e-12: 0
  [LU] n=924 kutta=1 min|U_ii|=0.00354299 max|U_ii|=195565 ratio=1.81167e-08 pivots<1e-12: 0
  [LU] n=924 kutta=1 min|U_ii|=0.0049059 max|U_ii|=111026 ratio=4.41868e-08 pivots<1e-12: 0
  [LU] n=2520 kutta=1 min|U_ii|=0.0445846 max|U_ii|=6061.07 ratio=7.3559e-06 pivots<1e-12: 0
  [LU] n=924 kutta=1 min|U_ii|=0.00354299 max|U_ii|=195565 ratio=1.81167e-08 pivots<1e-12: 0
  [LU] n=924 kutta=1 min|U_ii|=0.00354299 max|U_ii|=195565 ratio=1.81167e-08 pivots<1e-12: 0
  [LU] n=924 kutta=1 min|U_ii|=0.0049059 max|U_ii|=111026 ratio=4.41868e-08 pivots<1e-12: 0
  [LU] n=2520 kutta=1 min|U_ii|=0.0445846 max|U_ii|=6061.07 ratio=7.3559e-06 pivots<1e-12: 0
  [LU] n=924 kutta=1 min|U_ii|=0.00354299 max|U_ii|=195565 ratio=1.81167e-08 pivots<1e-12: 0
  [LU] n=924 kutta=1 min|U_ii|=0.00354299 max|U_ii|=195565 ratio=1.81167e-08 pivots<1e-12: 0
  [LU] n=924 kutta=1 min|U_ii|=0.0049059 max|U_ii|=111026 ratio=4.41868e-08 pivots<1e-12: 0
  [LU] n=2520 kutta=1 min|U_ii|=0.0445846 max|U_ii|=6061.07 ratio=7.3559e-06 pivots<1e-12: 0
  [LU] n=924 kutta=1 min|U_ii|=0.00354299 max|U_ii|=195565 ratio=1.81167e-08 pivots<1e-12: 0
  [LU] n=924 kutta=1 min|U_ii|=0.00354299 max|U_ii|=195565 ratio=1.81167e-08 pivots<1e-12: 0
  [LU] n=924 kutta=1 min|U_ii|=0.0049059 max|U_ii|=111026 ratio=4.41868e-08 pivots<1e-12: 0
  [LU] n=2520 kutta=1 min|U_ii|=0.0445846 max|U_ii|=6061.07 ratio=7.3559e-06 pivots<1e-12: 0
  [LU] n=924 kutta=1 min|U_ii|=0.00354299 max|U_ii|=195565 ratio=1.81167e-08 pivots<1e-12: 0
  [LU] n=924 kutta=1 min|U_ii|=0.00354299 max|U_ii|=195565 ratio=1.81167e-08 pivots<1e-12: 0
  [LU] n=924 kutta=1 min|U_ii|=0.0049059 max|U_ii|=111026 ratio=4.41868e-08 pivots<1e-12: 0
  [LU] n=2520 kutta=1 min|U_ii|=0.0445846 max|U_ii|=6061.07 ratio=7.3559e-06 pivots<1e-12: 0
  [LU] n=924 kutta=1 min|U_ii|=0.00354299 max|U_ii|=195565 ratio=1.81167e-08 pivots<1e-12: 0
  [LU] n=924 kutta=1 min|U_ii|=0.00354299 max|U_ii|=195565 ratio=1.81167e-08 pivots<1e-12: 0
  [LU] n=924 kutta=1 min|U_ii|=0.0049059 max|U_ii|=111026 ratio=4.41868e-08 pivots<1e-12: 0
  [LU] n=2520 kutta=1 min|U_ii|=0.0445846 max|U_ii|=6061.07 ratio=7.3559e-06 pivots<1e-12: 0
  [LU] n=924 kutta=1 min|U_ii|=0.00354299 max|U_ii|=195565 ratio=1.81167e-08 pivots<1e-12: 0
  [LU] n=924 kutta=1 min|U_ii|=0.00354299 max|U_ii|=195565 ratio=1.81167e-08 pivots<1e-12: 0
  [LU] n=924 kutta=1 min|U_ii|=0.0049059 max|U_ii|=111026 ratio=4.41868e-08 pivots<1e-12: 0
  [LU] n=2520 kutta=1 min|U_ii|=0.0445846 max|U_ii|=6061.07 ratio=7.3559e-06 pivots<1e-12: 0
  [LU] n=924 kutta=1 min|U_ii|=0.00354299 max|U_ii|=195565 ratio=1.81167e-08 pivots<1e-12: 0
  [LU] n=924 kutta=1 min|U_ii|=0.00354299 max|U_ii|=195565 ratio=1.81167e-08 pivots<1e-12: 0
  [LU] n=924 kutta=1 min|U_ii|=0.0049059 max|U_ii|=111026 ratio=4.41868e-08 pivots<1e-12: 0
  [LU] n=2520 kutta=1 min|U_ii|=0.0445846 max|U_ii|=6061.07 ratio=7.3559e-06 pivots<1e-12: 0
  [LU] n=924 kutta=1 min|U_ii|=0.00354299 max|U_ii|=195565 ratio=1.81167e-08 pivots<1e-12: 0
  [LU] n=924 kutta=1 min|U_ii|=0.00354299 max|U_ii|=195565 ratio=1.81167e-08 pivots<1e-12: 0
  [LU] n=924 kutta=1 min|U_ii|=0.0049059 max|U_ii|=111026 ratio=4.41868e-08 pivots<1e-12: 0
  [LU] n=2520 kutta=1 min|U_ii|=0.0445846 max|U_ii|=6061.07 ratio=7.3559e-06 pivots<1e-12: 0
  [LU] n=924 kutta=1 min|U_ii|=0.00354299 max|U_ii|=195565 ratio=1.81167e-08 pivots<1e-12: 0
  [LU] n=924 kutta=1 min|U_ii|=0.00354299 max|U_ii|=195565 ratio=1.81167e-08 pivots<1e-12: 0
  [LU] n=924 kutta=1 min|U_ii|=0.0049059 max|U_ii|=111026 ratio=4.41868e-08 pivots<1e-12: 0
  [LU] n=2520 kutta=1 min|U_ii|=0.0445846 max|U_ii|=6061.07 ratio=7.3559e-06 pivots<1e-12: 0
  [LU] n=924 kutta=1 min|U_ii|=0.00354299 max|U_ii|=195565 ratio=1.81167e-08 pivots<1e-12: 0
  [LU] n=924 kutta=1 min|U_ii|=0.00354299 max|U_ii|=195565 ratio=1.81167e-08 pivots<1e-12: 0
  [LU] n=924 kutta=1 min|U_ii|=0.0049059 max|U_ii|=111026 ratio=4.41868e-08 pivots<1e-12: 0
  [LU] n=2520 kutta=1 min|U_ii|=0.0445846 max|U_ii|=6061.07 ratio=7.3559e-06 pivots<1e-12: 0
  [LU] n=924 kutta=1 min|U_ii|=0.00354299 max|U_ii|=195565 ratio=1.81167e-08 pivots<1e-12: 0
  [LU] n=924 kutta=1 min|U_ii|=0.00354299 max|U_ii|=195565 ratio=1.81167e-08 pivots<1e-12: 0
  [LU] n=924 kutta=1 min|U_ii|=0.0049059 max|U_ii|=111026 ratio=4.41868e-08 pivots<1e-12: 0
  [LU] n=2520 kutta=1 min|U_ii|=0.0445846 max|U_ii|=6061.07 ratio=7.3559e-06 pivots<1e-12: 0
  [LU] n=924 kutta=1 min|U_ii|=0.00354299 max|U_ii|=195565 ratio=1.81167e-08 pivots<1e-12: 0
  [LU] n=924 kutta=1 min|U_ii|=0.00354299 max|U_ii|=195565 ratio=1.81167e-08 pivots<1e-12: 0
  [LU] n=924 kutta=1 min|U_ii|=0.0049059 max|U_ii|=111026 ratio=4.41868e-08 pivots<1e-12: 0
  [LU] n=2520 kutta=1 min|U_ii|=0.0445846 max|U_ii|=6061.07 ratio=7.3559e-06 pivots<1e-12: 0
  [LU] n=924 kutta=1 min|U_ii|=0.00354299 max|U_ii|=195565 ratio=1.81167e-08 pivots<1e-12: 0
  [LU] n=924 kutta=1 min|U_ii|=0.00354299 max|U_ii|=195565 ratio=1.81167e-08 pivots<1e-12: 0
  [LU] n=924 kutta=1 min|U_ii|=0.0049059 max|U_ii|=111026 ratio=4.41868e-08 pivots<1e-12: 0
  [LU] n=2520 kutta=1 min|U_ii|=0.0445846 max|U_ii|=6061.07 ratio=7.3559e-06 pivots<1e-12: 0
  [LU] n=924 kutta=1 min|U_ii|=0.00354299 max|U_ii|=195565 ratio=1.81167e-08 pivots<1e-12: 0
  [LU] n=924 kutta=1 min|U_ii|=0.00354299 max|U_ii|=195565 ratio=1.81167e-08 pivots<1e-12: 0
  [LU] n=924 kutta=1 min|U_ii|=0.0049059 max|U_ii|=111026 ratio=4.41868e-08 pivots<1e-12: 0
  [LU] n=2520 kutta=1 min|U_ii|=0.0445846 max|U_ii|=6061.07 ratio=7.3559e-06 pivots<1e-12: 0
  [LU] n=924 kutta=1 min|U_ii|=0.00354299 max|U_ii|=195565 ratio=1.81167e-08 pivots<1e-12: 0
  [LU] n=924 kutta=1 min|U_ii|=0.00354299 max|U_ii|=195565 ratio=1.81167e-08 pivots<1e-12: 0
  [LU] n=924 kutta=1 min|U_ii|=0.0049059 max|U_ii|=111026 ratio=4.41868e-08 pivots<1e-12: 0
  [LU] n=2520 kutta=1 min|U_ii|=0.0445846 max|U_ii|=6061.07 ratio=7.3559e-06 pivots<1e-12: 0
  [LU] n=924 kutta=1 min|U_ii|=0.00354299 max|U_ii|=195565 ratio=1.81167e-08 pivots<1e-12: 0
  [LU] n=924 kutta=1 min|U_ii|=0.00354299 max|U_ii|=195565 ratio=1.81167e-08 pivots<1e-12: 0
  [LU] n=924 kutta=1 min|U_ii|=0.0049059 max|U_ii|=111026 ratio=4.41868e-08 pivots<1e-12: 0
  [LU] n=2520 kutta=1 min|U_ii|=0.0445846 max|U_ii|=6061.07 ratio=7.3559e-06 pivots<1e-12: 0
  [LU] n=924 kutta=1 min|U_ii|=0.00354299 max|U_ii|=195565 ratio=1.81167e-08 pivots<1e-12: 0
  [LU] n=924 kutta=1 min|U_ii|=0.00354299 max|U_ii|=195565 ratio=1.81167e-08 pivots<1e-12: 0
  [LU] n=924 kutta=1 min|U_ii|=0.0049059 max|U_ii|=111026 ratio=4.41868e-08 pivots<1e-12: 0
  [LU] n=2520 kutta=1 min|U_ii|=0.0445846 max|U_ii|=6061.07 ratio=7.3559e-06 pivots<1e-12: 0
  [LU] n=924 kutta=1 min|U_ii|=0.00354299 max|U_ii|=195565 ratio=1.81167e-08 pivots<1e-12: 0
  [LU] n=924 kutta=1 min|U_ii|=0.00354299 max|U_ii|=195565 ratio=1.81167e-08 pivots<1e-12: 0
  [LU] n=924 kutta=1 min|U_ii|=0.0049059 max|U_ii|=111026 ratio=4.41868e-08 pivots<1e-12: 0
  [LU] n=2520 kutta=1 min|U_ii|=0.0445846 max|U_ii|=6061.07 ratio=7.3559e-06 pivots<1e-12: 0
  [LU] n=924 kutta=1 min|U_ii|=0.00354299 max|U_ii|=195565 ratio=1.81167e-08 pivots<1e-12: 0
  [LU] n=924 kutta=1 min|U_ii|=0.00354299 max|U_ii|=195565 ratio=1.81167e-08 pivots<1e-12: 0
  [LU] n=924 kutta=1 min|U_ii|=0.0049059 max|U_ii|=111026 ratio=4.41868e-08 pivots<1e-12: 0
  [LU] n=2520 kutta=1 min|U_ii|=0.0445846 max|U_ii|=6061.07 ratio=7.3559e-06 pivots<1e-12: 0
  [LU] n=924 kutta=1 min|U_ii|=0.00354299 max|U_ii|=195565 ratio=1.81167e-08 pivots<1e-12: 0
  [LU] n=924 kutta=1 min|U_ii|=0.00354299 max|U_ii|=195565 ratio=1.81167e-08 pivots<1e-12: 0
  [LU] n=924 kutta=1 min|U_ii|=0.0049059 max|U_ii|=111026 ratio=4.41868e-08 pivots<1e-12: 0
  [LU] n=2520 kutta=1 min|U_ii|=0.0445846 max|U_ii|=6061.07 ratio=7.3559e-06 pivots<1e-12: 0
  [LU] n=924 kutta=1 min|U_ii|=0.00354299 max|U_ii|=195565 ratio=1.81167e-08 pivots<1e-12: 0
  [LU] n=924 kutta=1 min|U_ii|=0.00354299 max|U_ii|=195565 ratio=1.81167e-08 pivots<1e-12: 0
  [LU] n=924 kutta=1 min|U_ii|=0.0049059 max|U_ii|=111026 ratio=4.41868e-08 pivots<1e-12: 0
  [LU] n=2520 kutta=1 min|U_ii|=0.0445846 max|U_ii|=6061.07 ratio=7.3559e-06 pivots<1e-12: 0
  [LU] n=924 kutta=1 min|U_ii|=0.00354299 max|U_ii|=195565 ratio=1.81167e-08 pivots<1e-12: 0
  [LU] n=924 kutta=1 min|U_ii|=0.00354299 max|U_ii|=195565 ratio=1.81167e-08 pivots<1e-12: 0
  [LU] n=924 kutta=1 min|U_ii|=0.0049059 max|U_ii|=111026 ratio=4.41868e-08 pivots<1e-12: 0
  [LU] n=2520 kutta=1 min|U_ii|=0.0445846 max|U_ii|=6061.07 ratio=7.3559e-06 pivots<1e-12: 0
  [LU] n=924 kutta=1 min|U_ii|=0.00354299 max|U_ii|=195565 ratio=1.81167e-08 pivots<1e-12: 0
  [LU] n=924 kutta=1 min|U_ii|=0.00354299 max|U_ii|=195565 ratio=1.81167e-08 pivots<1e-12: 0
  [LU] n=924 kutta=1 min|U_ii|=0.0049059 max|U_ii|=111026 ratio=4.41868e-08 pivots<1e-12: 0
  [LU] n=2520 kutta=1 min|U_ii|=0.0445846 max|U_ii|=6061.07 ratio=7.3559e-06 pivots<1e-12: 0
  [LU] n=924 kutta=1 min|U_ii|=0.00354299 max|U_ii|=195565 ratio=1.81167e-08 pivots<1e-12: 0
  [LU] n=924 kutta=1 min|U_ii|=0.00354299 max|U_ii|=195565 ratio=1.81167e-08 pivots<1e-12: 0
  [LU] n=924 kutta=1 min|U_ii|=0.0049059 max|U_ii|=111026 ratio=4.41868e-08 pivots<1e-12: 0
  [LU] n=2520 kutta=1 min|U_ii|=0.0445846 max|U_ii|=6061.07 ratio=7.3559e-06 pivots<1e-12: 0
  [LU] n=924 kutta=1 min|U_ii|=0.00354299 max|U_ii|=195565 ratio=1.81167e-08 pivots<1e-12: 0
  [LU] n=924 kutta=1 min|U_ii|=0.00354299 max|U_ii|=195565 ratio=1.81167e-08 pivots<1e-12: 0
  [LU] n=924 kutta=1 min|U_ii|=0.0049059 max|U_ii|=111026 ratio=4.41868e-08 pivots<1e-12: 0
  [LU] n=2520 kutta=1 min|U_ii|=0.0445846 max|U_ii|=6061.07 ratio=7.3559e-06 pivots<1e-12: 0
  [LU] n=924 kutta=1 min|U_ii|=0.00354299 max|U_ii|=195565 ratio=1.81167e-08 pivots<1e-12: 0
  [LU] n=924 kutta=1 min|U_ii|=0.00354299 max|U_ii|=195565 ratio=1.81167e-08 pivots<1e-12: 0
  [LU] n=924 kutta=1 min|U_ii|=0.0049059 max|U_ii|=111026 ratio=4.41868e-08 pivots<1e-12: 0
  [LU] n=2520 kutta=1 min|U_ii|=0.0445846 max|U_ii|=6061.07 ratio=7.3559e-06 pivots<1e-12: 0
  [LU] n=924 kutta=1 min|U_ii|=0.00354299 max|U_ii|=195565 ratio=1.81167e-08 pivots<1e-12: 0
  [LU] n=924 kutta=1 min|U_ii|=0.00354299 max|U_ii|=195565 ratio=1.81167e-08 pivots<1e-12: 0
  [LU] n=924 kutta=1 min|U_ii|=0.0049059 max|U_ii|=111026 ratio=4.41868e-08 pivots<1e-12: 0
  [LU] n=2520 kutta=1 min|U_ii|=0.0445846 max|U_ii|=6061.07 ratio=7.3559e-06 pivots<1e-12: 0
  [LU] n=924 kutta=1 min|U_ii|=0.00354299 max|U_ii|=195565 ratio=1.81167e-08 pivots<1e-12: 0
  [LU] n=924 kutta=1 min|U_ii|=0.00354299 max|U_ii|=195565 ratio=1.81167e-08 pivots<1e-12: 0
  [LU] n=924 kutta=1 min|U_ii|=0.0049059 max|U_ii|=111026 ratio=4.41868e-08 pivots<1e-12: 0
  [LU] n=2520 kutta=1 min|U_ii|=0.0445846 max|U_ii|=6061.07 ratio=7.3559e-06 pivots<1e-12: 0
  [LU] n=924 kutta=1 min|U_ii|=0.00354299 max|U_ii|=195565 ratio=1.81167e-08 pivots<1e-12: 0
  [LU] n=924 kutta=1 min|U_ii|=0.00354299 max|U_ii|=195565 ratio=1.81167e-08 pivots<1e-12: 0
  [LU] n=924 kutta=1 min|U_ii|=0.0049059 max|U_ii|=111026 ratio=4.41868e-08 pivots<1e-12: 0
  [LU] n=2520 kutta=1 min|U_ii|=0.0445846 max|U_ii|=6061.07 ratio=7.3559e-06 pivots<1e-12: 0
  [LU] n=924 kutta=1 min|U_ii|=0.00354299 max|U_ii|=195565 ratio=1.81167e-08 pivots<1e-12: 0
  [LU] n=924 kutta=1 min|U_ii|=0.00354299 max|U_ii|=195565 ratio=1.81167e-08 pivots<1e-12: 0
  [LU] n=924 kutta=1 min|U_ii|=0.0049059 max|U_ii|=111026 ratio=4.41868e-08 pivots<1e-12: 0
  [LU] n=2520 kutta=1 min|U_ii|=0.0445846 max|U_ii|=6061.07 ratio=7.3559e-06 pivots<1e-12: 0
  [LU] n=924 kutta=1 min|U_ii|=0.00354299 max|U_ii|=195565 ratio=1.81167e-08 pivots<1e-12: 0
  [LU] n=924 kutta=1 min|U_ii|=0.00354299 max|U_ii|=195565 ratio=1.81167e-08 pivots<1e-12: 0
  [LU] n=924 kutta=1 min|U_ii|=0.0049059 max|U_ii|=111026 ratio=4.41868e-08 pivots<1e-12: 0
  [LU] n=2520 kutta=1 min|U_ii|=0.0445846 max|U_ii|=6061.07 ratio=7.3559e-06 pivots<1e-12: 0
  [LU] n=924 kutta=1 min|U_ii|=0.00354299 max|U_ii|=195565 ratio=1.81167e-08 pivots<1e-12: 0
  [LU] n=924 kutta=1 min|U_ii|=0.00354299 max|U_ii|=195565 ratio=1.81167e-08 pivots<1e-12: 0
  [LU] n=924 kutta=1 min|U_ii|=0.0049059 max|U_ii|=111026 ratio=4.41868e-08 pivots<1e-12: 0
  [LU] n=2520 kutta=1 min|U_ii|=0.0445846 max|U_ii|=6061.07 ratio=7.3559e-06 pivots<1e-12: 0
  [LU] n=924 kutta=1 min|U_ii|=0.00354299 max|U_ii|=195565 ratio=1.81167e-08 pivots<1e-12: 0
  [LU] n=924 kutta=1 min|U_ii|=0.00354299 max|U_ii|=195565 ratio=1.81167e-08 pivots<1e-12: 0
  [LU] n=924 kutta=1 min|U_ii|=0.0049059 max|U_ii|=111026 ratio=4.41868e-08 pivots<1e-12: 0
  [LU] n=2520 kutta=1 min|U_ii|=0.0445846 max|U_ii|=6061.07 ratio=7.3559e-06 pivots<1e-12: 0
  [LU] n=924 kutta=1 min|U_ii|=0.00354299 max|U_ii|=195565 ratio=1.81167e-08 pivots<1e-12: 0
  [LU] n=924 kutta=1 min|U_ii|=0.00354299 max|U_ii|=195565 ratio=1.81167e-08 pivots<1e-12: 0
  [LU] n=924 kutta=1 min|U_ii|=0.0049059 max|U_ii|=111026 ratio=4.41868e-08 pivots<1e-12: 0
  [LU] n=2520 kutta=1 min|U_ii|=0.0445846 max|U_ii|=6061.07 ratio=7.3559e-06 pivots<1e-12: 0
  [LU] n=924 kutta=1 min|U_ii|=0.00354299 max|U_ii|=195565 ratio=1.81167e-08 pivots<1e-12: 0
  [LU] n=924 kutta=1 min|U_ii|=0.00354299 max|U_ii|=195565 ratio=1.81167e-08 pivots<1e-12: 0
  [LU] n=924 kutta=1 min|U_ii|=0.0049059 max|U_ii|=111026 ratio=4.41868e-08 pivots<1e-12: 0
  [LU] n=2520 kutta=1 min|U_ii|=0.0445846 max|U_ii|=6061.07 ratio=7.3559e-06 pivots<1e-12: 0
  [LU] n=924 kutta=1 min|U_ii|=0.00354299 max|U_ii|=195565 ratio=1.81167e-08 pivots<1e-12: 0
  [LU] n=924 kutta=1 min|U_ii|=0.00354299 max|U_ii|=195565 ratio=1.81167e-08 pivots<1e-12: 0
  [LU] n=924 kutta=1 min|U_ii|=0.0049059 max|U_ii|=111026 ratio=4.41868e-08 pivots<1e-12: 0
  [LU] n=2520 kutta=1 min|U_ii|=0.0445846 max|U_ii|=6061.07 ratio=7.3559e-06 pivots<1e-12: 0
  [LU] n=924 kutta=1 min|U_ii|=0.00354299 max|U_ii|=195565 ratio=1.81167e-08 pivots<1e-12: 0
  [LU] n=924 kutta=1 min|U_ii|=0.00354299 max|U_ii|=195565 ratio=1.81167e-08 pivots<1e-12: 0
  [LU] n=924 kutta=1 min|U_ii|=0.0049059 max|U_ii|=111026 ratio=4.41868e-08 pivots<1e-12: 0
  [LU] n=2520 kutta=1 min|U_ii|=0.0445846 max|U_ii|=6061.07 ratio=7.3559e-06 pivots<1e-12: 0
  [LU] n=924 kutta=1 min|U_ii|=0.00354299 max|U_ii|=195565 ratio=1.81167e-08 pivots<1e-12: 0
  [LU] n=924 kutta=1 min|U_ii|=0.00354299 max|U_ii|=195565 ratio=1.81167e-08 pivots<1e-12: 0
  [LU] n=924 kutta=1 min|U_ii|=0.0049059 max|U_ii|=111026 ratio=4.41868e-08 pivots<1e-12: 0
  [LU] n=2520 kutta=1 min|U_ii|=0.0445846 max|U_ii|=6061.07 ratio=7.3559e-06 pivots<1e-12: 0
  [LU] n=924 kutta=1 min|U_ii|=0.00354299 max|U_ii|=195565 ratio=1.81167e-08 pivots<1e-12: 0
  [LU] n=924 kutta=1 min|U_ii|=0.00354299 max|U_ii|=195565 ratio=1.81167e-08 pivots<1e-12: 0
  [LU] n=924 kutta=1 min|U_ii|=0.0049059 max|U_ii|=111026 ratio=4.41868e-08 pivots<1e-12: 0
  [LU] n=2520 kutta=1 min|U_ii|=0.0445846 max|U_ii|=6061.07 ratio=7.3559e-06 pivots<1e-12: 0
  [LU] n=924 kutta=1 min|U_ii|=0.00354299 max|U_ii|=195565 ratio=1.81167e-08 pivots<1e-12: 0
  [LU] n=924 kutta=1 min|U_ii|=0.00354299 max|U_ii|=195565 ratio=1.81167e-08 pivots<1e-12: 0
  [LU] n=924 kutta=1 min|U_ii|=0.0049059 max|U_ii|=111026 ratio=4.41868e-08 pivots<1e-12: 0
  [LU] n=2520 kutta=1 min|U_ii|=0.0445846 max|U_ii|=6061.07 ratio=7.3559e-06 pivots<1e-12: 0
  [LU] n=924 kutta=1 min|U_ii|=0.00354299 max|U_ii|=195565 ratio=1.81167e-08 pivots<1e-12: 0
  [LU] n=924 kutta=1 min|U_ii|=0.00354299 max|U_ii|=195565 ratio=1.81167e-08 pivots<1e-12: 0
  [LU] n=924 kutta=1 min|U_ii|=0.0049059 max|U_ii|=111026 ratio=4.41868e-08 pivots<1e-12: 0
  [LU] n=2520 kutta=1 min|U_ii|=0.0445846 max|U_ii|=6061.07 ratio=7.3559e-06 pivots<1e-12: 0
  [LU] n=924 kutta=1 min|U_ii|=0.00354299 max|U_ii|=195565 ratio=1.81167e-08 pivots<1e-12: 0
  [LU] n=924 kutta=1 min|U_ii|=0.00354299 max|U_ii|=195565 ratio=1.81167e-08 pivots<1e-12: 0
  [LU] n=924 kutta=1 min|U_ii|=0.0049059 max|U_ii|=111026 ratio=4.41868e-08 pivots<1e-12: 0
  [LU] n=2520 kutta=1 min|U_ii|=0.0445846 max|U_ii|=6061.07 ratio=7.3559e-06 pivots<1e-12: 0
  [LU] n=924 kutta=1 min|U_ii|=0.00354299 max|U_ii|=195565 ratio=1.81167e-08 pivots<1e-12: 0
  [LU] n=924 kutta=1 min|U_ii|=0.00354299 max|U_ii|=195565 ratio=1.81167e-08 pivots<1e-12: 0
  [LU] n=924 kutta=1 min|U_ii|=0.0049059 max|U_ii|=111026 ratio=4.41868e-08 pivots<1e-12: 0
  [LU] n=2520 kutta=1 min|U_ii|=0.0445846 max|U_ii|=6061.07 ratio=7.3559e-06 pivots<1e-12: 0
  [LU] n=924 kutta=1 min|U_ii|=0.00354299 max|U_ii|=195565 ratio=1.81167e-08 pivots<1e-12: 0
  [LU] n=924 kutta=1 min|U_ii|=0.00354299 max|U_ii|=195565 ratio=1.81167e-08 pivots<1e-12: 0
  [LU] n=924 kutta=1 min|U_ii|=0.0049059 max|U_ii|=111026 ratio=4.41868e-08 pivots<1e-12: 0
  [LU] n=2520 kutta=1 min|U_ii|=0.0445846 max|U_ii|=6061.07 ratio=7.3559e-06 pivots<1e-12: 0
  [LU] n=924 kutta=1 min|U_ii|=0.00354299 max|U_ii|=195565 ratio=1.81167e-08 pivots<1e-12: 0
  [LU] n=924 kutta=1 min|U_ii|=0.00354299 max|U_ii|=195565 ratio=1.81167e-08 pivots<1e-12: 0
  [LU] n=924 kutta=1 min|U_ii|=0.0049059 max|U_ii|=111026 ratio=4.41868e-08 pivots<1e-12: 0
  [LU] n=2520 kutta=1 min|U_ii|=0.0445846 max|U_ii|=6061.07 ratio=7.3559e-06 pivots<1e-12: 0
  [LU] n=924 kutta=1 min|U_ii|=0.00354299 max|U_ii|=195565 ratio=1.81167e-08 pivots<1e-12: 0
  [LU] n=924 kutta=1 min|U_ii|=0.00354299 max|U_ii|=195565 ratio=1.81167e-08 pivots<1e-12: 0
  [LU] n=924 kutta=1 min|U_ii|=0.0049059 max|U_ii|=111026 ratio=4.41868e-08 pivots<1e-12: 0
  [LU] n=2520 kutta=1 min|U_ii|=0.0445846 max|U_ii|=6061.07 ratio=7.3559e-06 pivots<1e-12: 0
  [LU] n=924 kutta=1 min|U_ii|=0.00354299 max|U_ii|=195565 ratio=1.81167e-08 pivots<1e-12: 0
  [LU] n=924 kutta=1 min|U_ii|=0.00354299 max|U_ii|=195565 ratio=1.81167e-08 pivots<1e-12: 0
  [LU] n=924 kutta=1 min|U_ii|=0.0049059 max|U_ii|=111026 ratio=4.41868e-08 pivots<1e-12: 0
  [LU] n=2520 kutta=1 min|U_ii|=0.0445846 max|U_ii|=6061.07 ratio=7.3559e-06 pivots<1e-12: 0
  [LU] n=924 kutta=1 min|U_ii|=0.00354299 max|U_ii|=195565 ratio=1.81167e-08 pivots<1e-12: 0
  [LU] n=924 kutta=1 min|U_ii|=0.00354299 max|U_ii|=195565 ratio=1.81167e-08 pivots<1e-12: 0
  [LU] n=924 kutta=1 min|U_ii|=0.0049059 max|U_ii|=111026 ratio=4.41868e-08 pivots<1e-12: 0
  [LU] n=2520 kutta=1 min|U_ii|=0.0445846 max|U_ii|=6061.07 ratio=7.3559e-06 pivots<1e-12: 0
  [LU] n=924 kutta=1 min|U_ii|=0.00354299 max|U_ii|=195565 ratio=1.81167e-08 pivots<1e-12: 0
  [LU] n=924 kutta=1 min|U_ii|=0.00354299 max|U_ii|=195565 ratio=1.81167e-08 pivots<1e-12: 0
  [LU] n=924 kutta=1 min|U_ii|=0.0049059 max|U_ii|=111026 ratio=4.41868e-08 pivots<1e-12: 0
  [LU] n=2520 kutta=1 min|U_ii|=0.0445846 max|U_ii|=6061.07 ratio=7.3559e-06 pivots<1e-12: 0
  [LU] n=924 kutta=1 min|U_ii|=0.00354299 max|U_ii|=195565 ratio=1.81167e-08 pivots<1e-12: 0
  [LU] n=924 kutta=1 min|U_ii|=0.00354299 max|U_ii|=195565 ratio=1.81167e-08 pivots<1e-12: 0
  [LU] n=924 kutta=1 min|U_ii|=0.0049059 max|U_ii|=111026 ratio=4.41868e-08 pivots<1e-12: 0
  [LU] n=2520 kutta=1 min|U_ii|=0.0445846 max|U_ii|=6061.07 ratio=7.3559e-06 pivots<1e-12: 0
  [LU] n=924 kutta=1 min|U_ii|=0.00354299 max|U_ii|=195565 ratio=1.81167e-08 pivots<1e-12: 0
  [LU] n=924 kutta=1 min|U_ii|=0.00354299 max|U_ii|=195565 ratio=1.81167e-08 pivots<1e-12: 0
  [LU] n=924 kutta=1 min|U_ii|=0.0049059 max|U_ii|=111026 ratio=4.41868e-08 pivots<1e-12: 0
  [LU] n=2520 kutta=1 min|U_ii|=0.0445846 max|U_ii|=6061.07 ratio=7.3559e-06 pivots<1e-12: 0
  [LU] n=924 kutta=1 min|U_ii|=0.00354299 max|U_ii|=195565 ratio=1.81167e-08 pivots<1e-12: 0
  [LU] n=924 kutta=1 min|U_ii|=0.00354299 max|U_ii|=195565 ratio=1.81167e-08 pivots<1e-12: 0
  [LU] n=924 kutta=1 min|U_ii|=0.0049059 max|U_ii|=111026 ratio=4.41868e-08 pivots<1e-12: 0
  [LU] n=2520 kutta=1 min|U_ii|=0.0445846 max|U_ii|=6061.07 ratio=7.3559e-06 pivots<1e-12: 0
  [LU] n=924 kutta=1 min|U_ii|=0.00354299 max|U_ii|=195565 ratio=1.81167e-08 pivots<1e-12: 0
  [LU] n=924 kutta=1 min|U_ii|=0.00354299 max|U_ii|=195565 ratio=1.81167e-08 pivots<1e-12: 0
  [LU] n=924 kutta=1 min|U_ii|=0.0049059 max|U_ii|=111026 ratio=4.41868e-08 pivots<1e-12: 0
  [LU] n=2520 kutta=1 min|U_ii|=0.0445846 max|U_ii|=6061.07 ratio=7.3559e-06 pivots<1e-12: 0
  [LU] n=924 kutta=1 min|U_ii|=0.00354299 max|U_ii|=195565 ratio=1.81167e-08 pivots<1e-12: 0
  [LU] n=924 kutta=1 min|U_ii|=0.00354299 max|U_ii|=195565 ratio=1.81167e-08 pivots<1e-12: 0
  [LU] n=924 kutta=1 min|U_ii|=0.0049059 max|U_ii|=111026 ratio=4.41868e-08 pivots<1e-12: 0
  [LU] n=2520 kutta=1 min|U_ii|=0.0445846 max|U_ii|=6061.07 ratio=7.3559e-06 pivots<1e-12: 0
  [LU] n=924 kutta=1 min|U_ii|=0.00354299 max|U_ii|=195565 ratio=1.81167e-08 pivots<1e-12: 0
  [LU] n=924 kutta=1 min|U_ii|=0.00354299 max|U_ii|=195565 ratio=1.81167e-08 pivots<1e-12: 0
  [LU] n=924 kutta=1 min|U_ii|=0.0049059 max|U_ii|=111026 ratio=4.41868e-08 pivots<1e-12: 0
  [LU] n=2520 kutta=1 min|U_ii|=0.0445846 max|U_ii|=6061.07 ratio=7.3559e-06 pivots<1e-12: 0
  [LU] n=924 kutta=1 min|U_ii|=0.00354299 max|U_ii|=195565 ratio=1.81167e-08 pivots<1e-12: 0
  [LU] n=924 kutta=1 min|U_ii|=0.00354299 max|U_ii|=195565 ratio=1.81167e-08 pivots<1e-12: 0
  [LU] n=924 kutta=1 min|U_ii|=0.0049059 max|U_ii|=111026 ratio=4.41868e-08 pivots<1e-12: 0
  [LU] n=2520 kutta=1 min|U_ii|=0.0445846 max|U_ii|=6061.07 ratio=7.3559e-06 pivots<1e-12: 0
  [LU] n=924 kutta=1 min|U_ii|=0.00354299 max|U_ii|=195565 ratio=1.81167e-08 pivots<1e-12: 0
  [LU] n=924 kutta=1 min|U_ii|=0.00354299 max|U_ii|=195565 ratio=1.81167e-08 pivots<1e-12: 0
  [LU] n=924 kutta=1 min|U_ii|=0.0049059 max|U_ii|=111026 ratio=4.41868e-08 pivots<1e-12: 0
  [LU] n=2520 kutta=1 min|U_ii|=0.0445846 max|U_ii|=6061.07 ratio=7.3559e-06 pivots<1e-12: 0
  [LU] n=924 kutta=1 min|U_ii|=0.00354299 max|U_ii|=195565 ratio=1.81167e-08 pivots<1e-12: 0
  [LU] n=924 kutta=1 min|U_ii|=0.00354299 max|U_ii|=195565 ratio=1.81167e-08 pivots<1e-12: 0
  [LU] n=924 kutta=1 min|U_ii|=0.0049059 max|U_ii|=111026 ratio=4.41868e-08 pivots<1e-12: 0
  [LU] n=2520 kutta=1 min|U_ii|=0.0445846 max|U_ii|=6061.07 ratio=7.3559e-06 pivots<1e-12: 0
  [LU] n=924 kutta=1 min|U_ii|=0.00354299 max|U_ii|=195565 ratio=1.81167e-08 pivots<1e-12: 0
  [LU] n=924 kutta=1 min|U_ii|=0.00354299 max|U_ii|=195565 ratio=1.81167e-08 pivots<1e-12: 0
  [LU] n=924 kutta=1 min|U_ii|=0.0049059 max|U_ii|=111026 ratio=4.41868e-08 pivots<1e-12: 0
  [LU] n=2520 kutta=1 min|U_ii|=0.0445846 max|U_ii|=6061.07 ratio=7.3559e-06 pivots<1e-12: 0
  [LU] n=924 kutta=1 min|U_ii|=0.00354299 max|U_ii|=195565 ratio=1.81167e-08 pivots<1e-12: 0
  [LU] n=924 kutta=1 min|U_ii|=0.00354299 max|U_ii|=195565 ratio=1.81167e-08 pivots<1e-12: 0
  [LU] n=924 kutta=1 min|U_ii|=0.0049059 max|U_ii|=111026 ratio=4.41868e-08 pivots<1e-12: 0
  [LU] n=2520 kutta=1 min|U_ii|=0.0445846 max|U_ii|=6061.07 ratio=7.3559e-06 pivots<1e-12: 0
  [LU] n=924 kutta=1 min|U_ii|=0.00354299 max|U_ii|=195565 ratio=1.81167e-08 pivots<1e-12: 0
  [LU] n=924 kutta=1 min|U_ii|=0.00354299 max|U_ii|=195565 ratio=1.81167e-08 pivots<1e-12: 0
  [LU] n=924 kutta=1 min|U_ii|=0.0049059 max|U_ii|=111026 ratio=4.41868e-08 pivots<1e-12: 0
  [LU] n=2520 kutta=1 min|U_ii|=0.0445846 max|U_ii|=6061.07 ratio=7.3559e-06 pivots<1e-12: 0
  [LU] n=924 kutta=1 min|U_ii|=0.00354299 max|U_ii|=195565 ratio=1.81167e-08 pivots<1e-12: 0
  [LU] n=924 kutta=1 min|U_ii|=0.00354299 max|U_ii|=195565 ratio=1.81167e-08 pivots<1e-12: 0
  [LU] n=924 kutta=1 min|U_ii|=0.0049059 max|U_ii|=111026 ratio=4.41868e-08 pivots<1e-12: 0
  [LU] n=2520 kutta=1 min|U_ii|=0.0445846 max|U_ii|=6061.07 ratio=7.3559e-06 pivots<1e-12: 0
  [LU] n=924 kutta=1 min|U_ii|=0.00354299 max|U_ii|=195565 ratio=1.81167e-08 pivots<1e-12: 0
  [LU] n=924 kutta=1 min|U_ii|=0.00354299 max|U_ii|=195565 ratio=1.81167e-08 pivots<1e-12: 0
  [LU] n=924 kutta=1 min|U_ii|=0.0049059 max|U_ii|=111026 ratio=4.41868e-08 pivots<1e-12: 0
  [LU] n=2520 kutta=1 min|U_ii|=0.0445846 max|U_ii|=6061.07 ratio=7.3559e-06 pivots<1e-12: 0
  [LU] n=924 kutta=1 min|U_ii|=0.00354299 max|U_ii|=195565 ratio=1.81167e-08 pivots<1e-12: 0
  [LU] n=924 kutta=1 min|U_ii|=0.00354299 max|U_ii|=195565 ratio=1.81167e-08 pivots<1e-12: 0
  [LU] n=924 kutta=1 min|U_ii|=0.0049059 max|U_ii|=111026 ratio=4.41868e-08 pivots<1e-12: 0
  [LU] n=2520 kutta=1 min|U_ii|=0.0445846 max|U_ii|=6061.07 ratio=7.3559e-06 pivots<1e-12: 0
  [LU] n=924 kutta=1 min|U_ii|=0.00354299 max|U_ii|=195565 ratio=1.81167e-08 pivots<1e-12: 0
  [LU] n=924 kutta=1 min|U_ii|=0.00354299 max|U_ii|=195565 ratio=1.81167e-08 pivots<1e-12: 0
  [LU] n=924 kutta=1 min|U_ii|=0.0049059 max|U_ii|=111026 ratio=4.41868e-08 pivots<1e-12: 0
  [LU] n=2520 kutta=1 min|U_ii|=0.0445846 max|U_ii|=6061.07 ratio=7.3559e-06 pivots<1e-12: 0
  [LU] n=924 kutta=1 min|U_ii|=0.00354299 max|U_ii|=195565 ratio=1.81167e-08 pivots<1e-12: 0
  [LU] n=924 kutta=1 min|U_ii|=0.00354299 max|U_ii|=195565 ratio=1.81167e-08 pivots<1e-12: 0
  [LU] n=924 kutta=1 min|U_ii|=0.0049059 max|U_ii|=111026 ratio=4.41868e-08 pivots<1e-12: 0
  [LU] n=2520 kutta=1 min|U_ii|=0.0445846 max|U_ii|=6061.07 ratio=7.3559e-06 pivots<1e-12: 0
  [LU] n=924 kutta=1 min|U_ii|=0.00354299 max|U_ii|=195565 ratio=1.81167e-08 pivots<1e-12: 0
  [LU] n=924 kutta=1 min|U_ii|=0.00354299 max|U_ii|=195565 ratio=1.81167e-08 pivots<1e-12: 0
  [LU] n=924 kutta=1 min|U_ii|=0.0049059 max|U_ii|=111026 ratio=4.41868e-08 pivots<1e-12: 0
  [LU] n=2520 kutta=1 min|U_ii|=0.0445846 max|U_ii|=6061.07 ratio=7.3559e-06 pivots<1e-12: 0
  [LU] n=924 kutta=1 min|U_ii|=0.00354299 max|U_ii|=195565 ratio=1.81167e-08 pivots<1e-12: 0
  [LU] n=924 kutta=1 min|U_ii|=0.00354299 max|U_ii|=195565 ratio=1.81167e-08 pivots<1e-12: 0
  [LU] n=924 kutta=1 min|U_ii|=0.0049059 max|U_ii|=111026 ratio=4.41868e-08 pivots<1e-12: 0
  [LU] n=2520 kutta=1 min|U_ii|=0.0445846 max|U_ii|=6061.07 ratio=7.3559e-06 pivots<1e-12: 0
  [LU] n=924 kutta=1 min|U_ii|=0.00354299 max|U_ii|=195565 ratio=1.81167e-08 pivots<1e-12: 0
  [LU] n=924 kutta=1 min|U_ii|=0.00354299 max|U_ii|=195565 ratio=1.81167e-08 pivots<1e-12: 0
  [LU] n=924 kutta=1 min|U_ii|=0.0049059 max|U_ii|=111026 ratio=4.41868e-08 pivots<1e-12: 0
  [LU] n=2520 kutta=1 min|U_ii|=0.0445846 max|U_ii|=6061.07 ratio=7.3559e-06 pivots<1e-12: 0
  [LU] n=924 kutta=1 min|U_ii|=0.00354299 max|U_ii|=195565 ratio=1.81167e-08 pivots<1e-12: 0
  [LU] n=924 kutta=1 min|U_ii|=0.00354299 max|U_ii|=195565 ratio=1.81167e-08 pivots<1e-12: 0
  [LU] n=924 kutta=1 min|U_ii|=0.0049059 max|U_ii|=111026 ratio=4.41868e-08 pivots<1e-12: 0
  [LU] n=2520 kutta=1 min|U_ii|=0.0445846 max|U_ii|=6061.07 ratio=7.3559e-06 pivots<1e-12: 0
  [LU] n=924 kutta=1 min|U_ii|=0.00354299 max|U_ii|=195565 ratio=1.81167e-08 pivots<1e-12: 0
  [LU] n=924 kutta=1 min|U_ii|=0.00354299 max|U_ii|=195565 ratio=1.81167e-08 pivots<1e-12: 0
  [LU] n=924 kutta=1 min|U_ii|=0.0049059 max|U_ii|=111026 ratio=4.41868e-08 pivots<1e-12: 0
  [LU] n=2520 kutta=1 min|U_ii|=0.0445846 max|U_ii|=6061.07 ratio=7.3559e-06 pivots<1e-12: 0
  [LU] n=924 kutta=1 min|U_ii|=0.00354299 max|U_ii|=195565 ratio=1.81167e-08 pivots<1e-12: 0
  [LU] n=924 kutta=1 min|U_ii|=0.00354299 max|U_ii|=195565 ratio=1.81167e-08 pivots<1e-12: 0
  [LU] n=924 kutta=1 min|U_ii|=0.0049059 max|U_ii|=111026 ratio=4.41868e-08 pivots<1e-12: 0
  [LU] n=2520 kutta=1 min|U_ii|=0.0445846 max|U_ii|=6061.07 ratio=7.3559e-06 pivots<1e-12: 0
  [LU] n=924 kutta=1 min|U_ii|=0.00354299 max|U_ii|=195565 ratio=1.81167e-08 pivots<1e-12: 0
  [LU] n=924 kutta=1 min|U_ii|=0.00354299 max|U_ii|=195565 ratio=1.81167e-08 pivots<1e-12: 0
  [LU] n=924 kutta=1 min|U_ii|=0.0049059 max|U_ii|=111026 ratio=4.41868e-08 pivots<1e-12: 0
  [LU] n=2520 kutta=1 min|U_ii|=0.0445846 max|U_ii|=6061.07 ratio=7.3559e-06 pivots<1e-12: 0
  [LU] n=924 kutta=1 min|U_ii|=0.00354299 max|U_ii|=195565 ratio=1.81167e-08 pivots<1e-12: 0
  [LU] n=924 kutta=1 min|U_ii|=0.00354299 max|U_ii|=195565 ratio=1.81167e-08 pivots<1e-12: 0
  [LU] n=924 kutta=1 min|U_ii|=0.0049059 max|U_ii|=111026 ratio=4.41868e-08 pivots<1e-12: 0
  [LU] n=2520 kutta=1 min|U_ii|=0.0445846 max|U_ii|=6061.07 ratio=7.3559e-06 pivots<1e-12: 0
  [LU] n=924 kutta=1 min|U_ii|=0.00354299 max|U_ii|=195565 ratio=1.81167e-08 pivots<1e-12: 0
  [LU] n=924 kutta=1 min|U_ii|=0.00354299 max|U_ii|=195565 ratio=1.81167e-08 pivots<1e-12: 0
  [LU] n=924 kutta=1 min|U_ii|=0.0049059 max|U_ii|=111026 ratio=4.41868e-08 pivots<1e-12: 0
  [LU] n=2520 kutta=1 min|U_ii|=0.0445846 max|U_ii|=6061.07 ratio=7.3559e-06 pivots<1e-12: 0
  [LU] n=924 kutta=1 min|U_ii|=0.00354299 max|U_ii|=195565 ratio=1.81167e-08 pivots<1e-12: 0
  [LU] n=924 kutta=1 min|U_ii|=0.00354299 max|U_ii|=195565 ratio=1.81167e-08 pivots<1e-12: 0
  [LU] n=924 kutta=1 min|U_ii|=0.0049059 max|U_ii|=111026 ratio=4.41868e-08 pivots<1e-12: 0
  [LU] n=2520 kutta=1 min|U_ii|=0.0445846 max|U_ii|=6061.07 ratio=7.3559e-06 pivots<1e-12: 0
  [LU] n=924 kutta=1 min|U_ii|=0.00354299 max|U_ii|=195565 ratio=1.81167e-08 pivots<1e-12: 0
  [LU] n=924 kutta=1 min|U_ii|=0.00354299 max|U_ii|=195565 ratio=1.81167e-08 pivots<1e-12: 0
  [LU] n=924 kutta=1 min|U_ii|=0.0049059 max|U_ii|=111026 ratio=4.41868e-08 pivots<1e-12: 0
  [LU] n=2520 kutta=1 min|U_ii|=0.0445846 max|U_ii|=6061.07 ratio=7.3559e-06 pivots<1e-12: 0
  [LU] n=924 kutta=1 min|U_ii|=0.00354299 max|U_ii|=195565 ratio=1.81167e-08 pivots<1e-12: 0
  [LU] n=924 kutta=1 min|U_ii|=0.00354299 max|U_ii|=195565 ratio=1.81167e-08 pivots<1e-12: 0
  [LU] n=924 kutta=1 min|U_ii|=0.0049059 max|U_ii|=111026 ratio=4.41868e-08 pivots<1e-12: 0
  [LU] n=2520 kutta=1 min|U_ii|=0.0445846 max|U_ii|=6061.07 ratio=7.3559e-06 pivots<1e-12: 0
  [LU] n=924 kutta=1 min|U_ii|=0.00354299 max|U_ii|=195565 ratio=1.81167e-08 pivots<1e-12: 0
  [LU] n=924 kutta=1 min|U_ii|=0.00354299 max|U_ii|=195565 ratio=1.81167e-08 pivots<1e-12: 0
  [LU] n=924 kutta=1 min|U_ii|=0.0049059 max|U_ii|=111026 ratio=4.41868e-08 pivots<1e-12: 0
  [LU] n=2520 kutta=1 min|U_ii|=0.0445846 max|U_ii|=6061.07 ratio=7.3559e-06 pivots<1e-12: 0
  [LU] n=924 kutta=1 min|U_ii|=0.00354299 max|U_ii|=195565 ratio=1.81167e-08 pivots<1e-12: 0
  [LU] n=924 kutta=1 min|U_ii|=0.00354299 max|U_ii|=195565 ratio=1.81167e-08 pivots<1e-12: 0
  [LU] n=924 kutta=1 min|U_ii|=0.0049059 max|U_ii|=111026 ratio=4.41868e-08 pivots<1e-12: 0
  [LU] n=2520 kutta=1 min|U_ii|=0.0445846 max|U_ii|=6061.07 ratio=7.3559e-06 pivots<1e-12: 0
  [LU] n=924 kutta=1 min|U_ii|=0.00354299 max|U_ii|=195565 ratio=1.81167e-08 pivots<1e-12: 0
  [LU] n=924 kutta=1 min|U_ii|=0.00354299 max|U_ii|=195565 ratio=1.81167e-08 pivots<1e-12: 0
  [LU] n=924 kutta=1 min|U_ii|=0.0049059 max|U_ii|=111026 ratio=4.41868e-08 pivots<1e-12: 0
  [LU] n=2520 kutta=1 min|U_ii|=0.0445846 max|U_ii|=6061.07 ratio=7.3559e-06 pivots<1e-12: 0
  [LU] n=924 kutta=1 min|U_ii|=0.00354299 max|U_ii|=195565 ratio=1.81167e-08 pivots<1e-12: 0
  [LU] n=924 kutta=1 min|U_ii|=0.00354299 max|U_ii|=195565 ratio=1.81167e-08 pivots<1e-12: 0
  [LU] n=924 kutta=1 min|U_ii|=0.0049059 max|U_ii|=111026 ratio=4.41868e-08 pivots<1e-12: 0
  [LU] n=2520 kutta=1 min|U_ii|=0.0445846 max|U_ii|=6061.07 ratio=7.3559e-06 pivots<1e-12: 0
  [LU] n=924 kutta=1 min|U_ii|=0.00354299 max|U_ii|=195565 ratio=1.81167e-08 pivots<1e-12: 0
  [LU] n=924 kutta=1 min|U_ii|=0.00354299 max|U_ii|=195565 ratio=1.81167e-08 pivots<1e-12: 0
  [LU] n=924 kutta=1 min|U_ii|=0.0049059 max|U_ii|=111026 ratio=4.41868e-08 pivots<1e-12: 0
  [LU] n=2520 kutta=1 min|U_ii|=0.0445846 max|U_ii|=6061.07 ratio=7.3559e-06 pivots<1e-12: 0
  [LU] n=924 kutta=1 min|U_ii|=0.00354299 max|U_ii|=195565 ratio=1.81167e-08 pivots<1e-12: 0
  [LU] n=924 kutta=1 min|U_ii|=0.00354299 max|U_ii|=195565 ratio=1.81167e-08 pivots<1e-12: 0
  [LU] n=924 kutta=1 min|U_ii|=0.0049059 max|U_ii|=111026 ratio=4.41868e-08 pivots<1e-12: 0
  [LU] n=2520 kutta=1 min|U_ii|=0.0445846 max|U_ii|=6061.07 ratio=7.3559e-06 pivots<1e-12: 0
  [LU] n=924 kutta=1 min|U_ii|=0.00354299 max|U_ii|=195565 ratio=1.81167e-08 pivots<1e-12: 0
  [LU] n=924 kutta=1 min|U_ii|=0.00354299 max|U_ii|=195565 ratio=1.81167e-08 pivots<1e-12: 0
  [LU] n=924 kutta=1 min|U_ii|=0.0049059 max|U_ii|=111026 ratio=4.41868e-08 pivots<1e-12: 0
  [LU] n=2520 kutta=1 min|U_ii|=0.0445846 max|U_ii|=6061.07 ratio=7.3559e-06 pivots<1e-12: 0
  [LU] n=924 kutta=1 min|U_ii|=0.00354299 max|U_ii|=195565 ratio=1.81167e-08 pivots<1e-12: 0
  [LU] n=924 kutta=1 min|U_ii|=0.00354299 max|U_ii|=195565 ratio=1.81167e-08 pivots<1e-12: 0
  [LU] n=924 kutta=1 min|U_ii|=0.0049059 max|U_ii|=111026 ratio=4.41868e-08 pivots<1e-12: 0
  [LU] n=2520 kutta=1 min|U_ii|=0.0445846 max|U_ii|=6061.07 ratio=7.3559e-06 pivots<1e-12: 0
  [LU] n=924 kutta=1 min|U_ii|=0.00354299 max|U_ii|=195565 ratio=1.81167e-08 pivots<1e-12: 0
  [LU] n=924 kutta=1 min|U_ii|=0.00354299 max|U_ii|=195565 ratio=1.81167e-08 pivots<1e-12: 0
  [LU] n=924 kutta=1 min|U_ii|=0.0049059 max|U_ii|=111026 ratio=4.41868e-08 pivots<1e-12: 0
  [LU] n=2520 kutta=1 min|U_ii|=0.0445846 max|U_ii|=6061.07 ratio=7.3559e-06 pivots<1e-12: 0
  [LU] n=924 kutta=1 min|U_ii|=0.00354299 max|U_ii|=195565 ratio=1.81167e-08 pivots<1e-12: 0
  [LU] n=924 kutta=1 min|U_ii|=0.00354299 max|U_ii|=195565 ratio=1.81167e-08 pivots<1e-12: 0
  [LU] n=924 kutta=1 min|U_ii|=0.0049059 max|U_ii|=111026 ratio=4.41868e-08 pivots<1e-12: 0
  [LU] n=2520 kutta=1 min|U_ii|=0.0445846 max|U_ii|=6061.07 ratio=7.3559e-06 pivots<1e-12: 0
  [LU] n=924 kutta=1 min|U_ii|=0.00354299 max|U_ii|=195565 ratio=1.81167e-08 pivots<1e-12: 0
  [LU] n=924 kutta=1 min|U_ii|=0.00354299 max|U_ii|=195565 ratio=1.81167e-08 pivots<1e-12: 0
  [LU] n=924 kutta=1 min|U_ii|=0.0049059 max|U_ii|=111026 ratio=4.41868e-08 pivots<1e-12: 0
  [LU] n=2520 kutta=1 min|U_ii|=0.0445846 max|U_ii|=6061.07 ratio=7.3559e-06 pivots<1e-12: 0
  [LU] n=924 kutta=1 min|U_ii|=0.00354299 max|U_ii|=195565 ratio=1.81167e-08 pivots<1e-12: 0
  [LU] n=924 kutta=1 min|U_ii|=0.00354299 max|U_ii|=195565 ratio=1.81167e-08 pivots<1e-12: 0
  [LU] n=924 kutta=1 min|U_ii|=0.0049059 max|U_ii|=111026 ratio=4.41868e-08 pivots<1e-12: 0
  [LU] n=2520 kutta=1 min|U_ii|=0.0445846 max|U_ii|=6061.07 ratio=7.3559e-06 pivots<1e-12: 0
  [LU] n=924 kutta=1 min|U_ii|=0.00354299 max|U_ii|=195565 ratio=1.81167e-08 pivots<1e-12: 0
  [LU] n=924 kutta=1 min|U_ii|=0.00354299 max|U_ii|=195565 ratio=1.81167e-08 pivots<1e-12: 0
  [LU] n=924 kutta=1 min|U_ii|=0.0049059 max|U_ii|=111026 ratio=4.41868e-08 pivots<1e-12: 0
  [LU] n=2520 kutta=1 min|U_ii|=0.0445846 max|U_ii|=6061.07 ratio=7.3559e-06 pivots<1e-12: 0
  [LU] n=924 kutta=1 min|U_ii|=0.00354299 max|U_ii|=195565 ratio=1.81167e-08 pivots<1e-12: 0
  [LU] n=924 kutta=1 min|U_ii|=0.00354299 max|U_ii|=195565 ratio=1.81167e-08 pivots<1e-12: 0
  [LU] n=924 kutta=1 min|U_ii|=0.0049059 max|U_ii|=111026 ratio=4.41868e-08 pivots<1e-12: 0
  [LU] n=2520 kutta=1 min|U_ii|=0.0445846 max|U_ii|=6061.07 ratio=7.3559e-06 pivots<1e-12: 0
  [LU] n=924 kutta=1 min|U_ii|=0.00354299 max|U_ii|=195565 ratio=1.81167e-08 pivots<1e-12: 0
  [LU] n=924 kutta=1 min|U_ii|=0.00354299 max|U_ii|=195565 ratio=1.81167e-08 pivots<1e-12: 0
  [LU] n=924 kutta=1 min|U_ii|=0.0049059 max|U_ii|=111026 ratio=4.41868e-08 pivots<1e-12: 0
  [LU] n=2520 kutta=1 min|U_ii|=0.0445846 max|U_ii|=6061.07 ratio=7.3559e-06 pivots<1e-12: 0
  [LU] n=924 kutta=1 min|U_ii|=0.00354299 max|U_ii|=195565 ratio=1.81167e-08 pivots<1e-12: 0
  [LU] n=924 kutta=1 min|U_ii|=0.00354299 max|U_ii|=195565 ratio=1.81167e-08 pivots<1e-12: 0
  [LU] n=924 kutta=1 min|U_ii|=0.0049059 max|U_ii|=111026 ratio=4.41868e-08 pivots<1e-12: 0
  [LU] n=2520 kutta=1 min|U_ii|=0.0445846 max|U_ii|=6061.07 ratio=7.3559e-06 pivots<1e-12: 0
  [LU] n=924 kutta=1 min|U_ii|=0.00354299 max|U_ii|=195565 ratio=1.81167e-08 pivots<1e-12: 0
  [LU] n=924 kutta=1 min|U_ii|=0.00354299 max|U_ii|=195565 ratio=1.81167e-08 pivots<1e-12: 0
  [LU] n=924 kutta=1 min|U_ii|=0.0049059 max|U_ii|=111026 ratio=4.41868e-08 pivots<1e-12: 0
  [LU] n=2520 kutta=1 min|U_ii|=0.0445846 max|U_ii|=6061.07 ratio=7.3559e-06 pivots<1e-12: 0
  [LU] n=924 kutta=1 min|U_ii|=0.00354299 max|U_ii|=195565 ratio=1.81167e-08 pivots<1e-12: 0
  [LU] n=924 kutta=1 min|U_ii|=0.00354299 max|U_ii|=195565 ratio=1.81167e-08 pivots<1e-12: 0
  [LU] n=924 kutta=1 min|U_ii|=0.0049059 max|U_ii|=111026 ratio=4.41868e-08 pivots<1e-12: 0
  [LU] n=2520 kutta=1 min|U_ii|=0.0445846 max|U_ii|=6061.07 ratio=7.3559e-06 pivots<1e-12: 0
  [LU] n=924 kutta=1 min|U_ii|=0.00354299 max|U_ii|=195565 ratio=1.81167e-08 pivots<1e-12: 0
  [LU] n=924 kutta=1 min|U_ii|=0.00354299 max|U_ii|=195565 ratio=1.81167e-08 pivots<1e-12: 0
  [LU] n=924 kutta=1 min|U_ii|=0.0049059 max|U_ii|=111026 ratio=4.41868e-08 pivots<1e-12: 0
  [LU] n=2520 kutta=1 min|U_ii|=0.0445846 max|U_ii|=6061.07 ratio=7.3559e-06 pivots<1e-12: 0
  [LU] n=924 kutta=1 min|U_ii|=0.00354299 max|U_ii|=195565 ratio=1.81167e-08 pivots<1e-12: 0
  [LU] n=924 kutta=1 min|U_ii|=0.00354299 max|U_ii|=195565 ratio=1.81167e-08 pivots<1e-12: 0
  [LU] n=924 kutta=1 min|U_ii|=0.0049059 max|U_ii|=111026 ratio=4.41868e-08 pivots<1e-12: 0
  [LU] n=2520 kutta=1 min|U_ii|=0.0445846 max|U_ii|=6061.07 ratio=7.3559e-06 pivots<1e-12: 0
  [LU] n=924 kutta=1 min|U_ii|=0.00354299 max|U_ii|=195565 ratio=1.81167e-08 pivots<1e-12: 0
  [LU] n=924 kutta=1 min|U_ii|=0.00354299 max|U_ii|=195565 ratio=1.81167e-08 pivots<1e-12: 0
  [LU] n=924 kutta=1 min|U_ii|=0.0049059 max|U_ii|=111026 ratio=4.41868e-08 pivots<1e-12: 0
  [LU] n=2520 kutta=1 min|U_ii|=0.0445846 max|U_ii|=6061.07 ratio=7.3559e-06 pivots<1e-12: 0
  [LU] n=924 kutta=1 min|U_ii|=0.00354299 max|U_ii|=195565 ratio=1.81167e-08 pivots<1e-12: 0
  [LU] n=924 kutta=1 min|U_ii|=0.00354299 max|U_ii|=195565 ratio=1.81167e-08 pivots<1e-12: 0
  [LU] n=924 kutta=1 min|U_ii|=0.0049059 max|U_ii|=111026 ratio=4.41868e-08 pivots<1e-12: 0
  [LU] n=2520 kutta=1 min|U_ii|=0.0445846 max|U_ii|=6061.07 ratio=7.3559e-06 pivots<1e-12: 0
  [LU] n=924 kutta=1 min|U_ii|=0.00354299 max|U_ii|=195565 ratio=1.81167e-08 pivots<1e-12: 0
  [LU] n=924 kutta=1 min|U_ii|=0.00354299 max|U_ii|=195565 ratio=1.81167e-08 pivots<1e-12: 0
  [LU] n=924 kutta=1 min|U_ii|=0.0049059 max|U_ii|=111026 ratio=4.41868e-08 pivots<1e-12: 0
  [LU] n=2520 kutta=1 min|U_ii|=0.0445846 max|U_ii|=6061.07 ratio=7.3559e-06 pivots<1e-12: 0
  [LU] n=924 kutta=1 min|U_ii|=0.00354299 max|U_ii|=195565 ratio=1.81167e-08 pivots<1e-12: 0
  rotor 0 hs3d: jump/seed=1  spans_with_pairs=40  max|mu|=553  kutta_rows=80  max_kutta_residual=4.1e-09  sum|te_jump|=53.5  [kutta on]
  [LU] n=924 kutta=1 min|U_ii|=0.00354299 max|U_ii|=195565 ratio=1.81167e-08 pivots<1e-12: 0
  rotor 1 hs3d: jump/seed=1  spans_with_pairs=40  max|mu|=564  kutta_rows=80  max_kutta_residual=3.72e-09  sum|te_jump|=45.8  [kutta on]
  [LU] n=924 kutta=1 min|U_ii|=0.0049059 max|U_ii|=111026 ratio=4.41868e-08 pivots<1e-12: 0
  rotor 2 hs3d: jump/seed=1  spans_with_pairs=40  max|mu|=388  kutta_rows=80  max_kutta_residual=2.18e-09  sum|te_jump|=37  [kutta on]
  [LU] n=2520 kutta=1 min|U_ii|=0.0445846 max|U_ii|=6061.07 ratio=7.3559e-06 pivots<1e-12: 0
  [LU] n=924 kutta=1 min|U_ii|=0.00354299 max|U_ii|=195565 ratio=1.81167e-08 pivots<1e-12: 0
  [LU] n=924 kutta=1 min|U_ii|=0.00354299 max|U_ii|=195565 ratio=1.81167e-08 pivots<1e-12: 0
  [LU] n=924 kutta=1 min|U_ii|=0.0049059 max|U_ii|=111026 ratio=4.41868e-08 pivots<1e-12: 0
  [LU] n=2520 kutta=1 min|U_ii|=0.0445846 max|U_ii|=6061.07 ratio=7.3559e-06 pivots<1e-12: 0
  fuselage: panels=3280 max_neumann_residual=1.56e-13
  body Fz: inst=-1.91 quasi-steady=-1.91 | 162-step mean=-0.832 (qs -0.832)
  wing: F=(5.86, -0.191, -19.9) N  Mx=1.85 Nm  max|mu|=357  max_vsurf=0 m/s  strips=19
  fuselage hs3d: F=(-2.73e+03, -854, 4.15e+03) N  Mx=-4.84e+03 Nm  max|mu|=25  max_vsurf=1.54e+04 m/s
step=400 particles=106666 total_thrust_N=35.4 total_torque_Nm=0.182
  timing after step 400 (cumulative s, % of loop):
    rotor panels + wake->panel vel         13.76 s     4.1 %
    wake->fuselage vel                      9.52 s     2.8 %
    panel assemble + dense solve           65.06 s    19.2 %
    strip polar loads                       0.22 s     0.1 %
    rotor rings->fuselage vel               5.55 s     1.6 %
    fuselage source self (vel+phi)         51.78 s    15.2 %
    fuselage->rotor vel                     2.08 s     0.6 %
    ring d(phi)/dt                          4.23 s     1.2 %
    TE particle emission                    0.20 s     0.1 %
    wake advect (RK4)                     164.61 s    48.5 %
    fuselage blockage on particles          3.49 s     1.0 %
    wake age trim                           2.07 s     0.6 %
    VTK / Q-criterion output               11.50 s     3.4 %
    unattributed (host bookkeeping)         5.61 s     1.7 %
    TOTAL loop                            339.68 s  (0.847 s/step avg)
  [LU] n=924 kutta=1 min|U_ii|=0.00354299 max|U_ii|=195565 ratio=1.81167e-08 pivots<1e-12: 0
  [LU] n=924 kutta=1 min|U_ii|=0.00354299 max|U_ii|=195565 ratio=1.81167e-08 pivots<1e-12: 0
  [LU] n=924 kutta=1 min|U_ii|=0.0049059 max|U_ii|=111026 ratio=4.41868e-08 pivots<1e-12: 0
  [LU] n=2520 kutta=1 min|U_ii|=0.0445846 max|U_ii|=6061.07 ratio=7.3559e-06 pivots<1e-12: 0
  [LU] n=924 kutta=1 min|U_ii|=0.00354299 max|U_ii|=195565 ratio=1.81167e-08 pivots<1e-12: 0
  [LU] n=924 kutta=1 min|U_ii|=0.00354299 max|U_ii|=195565 ratio=1.81167e-08 pivots<1e-12: 0
  [LU] n=924 kutta=1 min|U_ii|=0.0049059 max|U_ii|=111026 ratio=4.41868e-08 pivots<1e-12: 0
  [LU] n=2520 kutta=1 min|U_ii|=0.0445846 max|U_ii|=6061.07 ratio=7.3559e-06 pivots<1e-12: 0
  [LU] n=924 kutta=1 min|U_ii|=0.00354299 max|U_ii|=195565 ratio=1.81167e-08 pivots<1e-12: 0
  [LU] n=924 kutta=1 min|U_ii|=0.00354299 max|U_ii|=195565 ratio=1.81167e-08 pivots<1e-12: 0
  [LU] n=924 kutta=1 min|U_ii|=0.0049059 max|U_ii|=111026 ratio=4.41868e-08 pivots<1e-12: 0
  [LU] n=2520 kutta=1 min|U_ii|=0.0445846 max|U_ii|=6061.07 ratio=7.3559e-06 pivots<1e-12: 0
  [LU] n=924 kutta=1 min|U_ii|=0.00354299 max|U_ii|=195565 ratio=1.81167e-08 pivots<1e-12: 0
  [LU] n=924 kutta=1 min|U_ii|=0.00354299 max|U_ii|=195565 ratio=1.81167e-08 pivots<1e-12: 0
  [LU] n=924 kutta=1 min|U_ii|=0.0049059 max|U_ii|=111026 ratio=4.41868e-08 pivots<1e-12: 0
  [LU] n=2520 kutta=1 min|U_ii|=0.0445846 max|U_ii|=6061.07 ratio=7.3559e-06 pivots<1e-12: 0
  [LU] n=924 kutta=1 min|U_ii|=0.00354299 max|U_ii|=195565 ratio=1.81167e-08 pivots<1e-12: 0
  [LU] n=924 kutta=1 min|U_ii|=0.00354299 max|U_ii|=195565 ratio=1.81167e-08 pivots<1e-12: 0
  [LU] n=924 kutta=1 min|U_ii|=0.0049059 max|U_ii|=111026 ratio=4.41868e-08 pivots<1e-12: 0
  [LU] n=2520 kutta=1 min|U_ii|=0.0445846 max|U_ii|=6061.07 ratio=7.3559e-06 pivots<1e-12: 0
  [LU] n=924 kutta=1 min|U_ii|=0.00354299 max|U_ii|=195565 ratio=1.81167e-08 pivots<1e-12: 0
  [LU] n=924 kutta=1 min|U_ii|=0.00354299 max|U_ii|=195565 ratio=1.81167e-08 pivots<1e-12: 0
  [LU] n=924 kutta=1 min|U_ii|=0.0049059 max|U_ii|=111026 ratio=4.41868e-08 pivots<1e-12: 0
  [LU] n=2520 kutta=1 min|U_ii|=0.0445846 max|U_ii|=6061.07 ratio=7.3559e-06 pivots<1e-12: 0
  [LU] n=924 kutta=1 min|U_ii|=0.00354299 max|U_ii|=195565 ratio=1.81167e-08 pivots<1e-12: 0
  [LU] n=924 kutta=1 min|U_ii|=0.00354299 max|U_ii|=195565 ratio=1.81167e-08 pivots<1e-12: 0
  [LU] n=924 kutta=1 min|U_ii|=0.0049059 max|U_ii|=111026 ratio=4.41868e-08 pivots<1e-12: 0
  [LU] n=2520 kutta=1 min|U_ii|=0.0445846 max|U_ii|=6061.07 ratio=7.3559e-06 pivots<1e-12: 0
  [LU] n=924 kutta=1 min|U_ii|=0.00354299 max|U_ii|=195565 ratio=1.81167e-08 pivots<1e-12: 0
  [LU] n=924 kutta=1 min|U_ii|=0.00354299 max|U_ii|=195565 ratio=1.81167e-08 pivots<1e-12: 0
  [LU] n=924 kutta=1 min|U_ii|=0.0049059 max|U_ii|=111026 ratio=4.41868e-08 pivots<1e-12: 0
  [LU] n=2520 kutta=1 min|U_ii|=0.0445846 max|U_ii|=6061.07 ratio=7.3559e-06 pivots<1e-12: 0
  [LU] n=924 kutta=1 min|U_ii|=0.00354299 max|U_ii|=195565 ratio=1.81167e-08 pivots<1e-12: 0
  [LU] n=924 kutta=1 min|U_ii|=0.00354299 max|U_ii|=195565 ratio=1.81167e-08 pivots<1e-12: 0
  [LU] n=924 kutta=1 min|U_ii|=0.0049059 max|U_ii|=111026 ratio=4.41868e-08 pivots<1e-12: 0
  [LU] n=2520 kutta=1 min|U_ii|=0.0445846 max|U_ii|=6061.07 ratio=7.3559e-06 pivots<1e-12: 0
  [LU] n=924 kutta=1 min|U_ii|=0.00354299 max|U_ii|=195565 ratio=1.81167e-08 pivots<1e-12: 0
  [LU] n=924 kutta=1 min|U_ii|=0.00354299 max|U_ii|=195565 ratio=1.81167e-08 pivots<1e-12: 0
  [LU] n=924 kutta=1 min|U_ii|=0.0049059 max|U_ii|=111026 ratio=4.41868e-08 pivots<1e-12: 0
  [LU] n=2520 kutta=1 min|U_ii|=0.0445846 max|U_ii|=6061.07 ratio=7.3559e-06 pivots<1e-12: 0
  [LU] n=924 kutta=1 min|U_ii|=0.00354299 max|U_ii|=195565 ratio=1.81167e-08 pivots<1e-12: 0
  [LU] n=924 kutta=1 min|U_ii|=0.00354299 max|U_ii|=195565 ratio=1.81167e-08 pivots<1e-12: 0
  [LU] n=924 kutta=1 min|U_ii|=0.0049059 max|U_ii|=111026 ratio=4.41868e-08 pivots<1e-12: 0
  [LU] n=2520 kutta=1 min|U_ii|=0.0445846 max|U_ii|=6061.07 ratio=7.3559e-06 pivots<1e-12: 0
  [LU] n=924 kutta=1 min|U_ii|=0.00354299 max|U_ii|=195565 ratio=1.81167e-08 pivots<1e-12: 0
  [LU] n=924 kutta=1 min|U_ii|=0.00354299 max|U_ii|=195565 ratio=1.81167e-08 pivots<1e-12: 0
  [LU] n=924 kutta=1 min|U_ii|=0.0049059 max|U_ii|=111026 ratio=4.41868e-08 pivots<1e-12: 0
  [LU] n=2520 kutta=1 min|U_ii|=0.0445846 max|U_ii|=6061.07 ratio=7.3559e-06 pivots<1e-12: 0
  [LU] n=924 kutta=1 min|U_ii|=0.00354299 max|U_ii|=195565 ratio=1.81167e-08 pivots<1e-12: 0
  [LU] n=924 kutta=1 min|U_ii|=0.00354299 max|U_ii|=195565 ratio=1.81167e-08 pivots<1e-12: 0
  [LU] n=924 kutta=1 min|U_ii|=0.0049059 max|U_ii|=111026 ratio=4.41868e-08 pivots<1e-12: 0
  [LU] n=2520 kutta=1 min|U_ii|=0.0445846 max|U_ii|=6061.07 ratio=7.3559e-06 pivots<1e-12: 0
  [LU] n=924 kutta=1 min|U_ii|=0.00354299 max|U_ii|=195565 ratio=1.81167e-08 pivots<1e-12: 0
  [LU] n=924 kutta=1 min|U_ii|=0.00354299 max|U_ii|=195565 ratio=1.81167e-08 pivots<1e-12: 0
  [LU] n=924 kutta=1 min|U_ii|=0.0049059 max|U_ii|=111026 ratio=4.41868e-08 pivots<1e-12: 0
  [LU] n=2520 kutta=1 min|U_ii|=0.0445846 max|U_ii|=6061.07 ratio=7.3559e-06 pivots<1e-12: 0
  [LU] n=924 kutta=1 min|U_ii|=0.00354299 max|U_ii|=195565 ratio=1.81167e-08 pivots<1e-12: 0
  [LU] n=924 kutta=1 min|U_ii|=0.00354299 max|U_ii|=195565 ratio=1.81167e-08 pivots<1e-12: 0
  [LU] n=924 kutta=1 min|U_ii|=0.0049059 max|U_ii|=111026 ratio=4.41868e-08 pivots<1e-12: 0
  [LU] n=2520 kutta=1 min|U_ii|=0.0445846 max|U_ii|=6061.07 ratio=7.3559e-06 pivots<1e-12: 0
  [LU] n=924 kutta=1 min|U_ii|=0.00354299 max|U_ii|=195565 ratio=1.81167e-08 pivots<1e-12: 0
  [LU] n=924 kutta=1 min|U_ii|=0.00354299 max|U_ii|=195565 ratio=1.81167e-08 pivots<1e-12: 0
  [LU] n=924 kutta=1 min|U_ii|=0.0049059 max|U_ii|=111026 ratio=4.41868e-08 pivots<1e-12: 0
  [LU] n=2520 kutta=1 min|U_ii|=0.0445846 max|U_ii|=6061.07 ratio=7.3559e-06 pivots<1e-12: 0
  [LU] n=924 kutta=1 min|U_ii|=0.00354299 max|U_ii|=195565 ratio=1.81167e-08 pivots<1e-12: 0
  [LU] n=924 kutta=1 min|U_ii|=0.00354299 max|U_ii|=195565 ratio=1.81167e-08 pivots<1e-12: 0
  [LU] n=924 kutta=1 min|U_ii|=0.0049059 max|U_ii|=111026 ratio=4.41868e-08 pivots<1e-12: 0
  [LU] n=2520 kutta=1 min|U_ii|=0.0445846 max|U_ii|=6061.07 ratio=7.3559e-06 pivots<1e-12: 0
  [LU] n=924 kutta=1 min|U_ii|=0.00354299 max|U_ii|=195565 ratio=1.81167e-08 pivots<1e-12: 0
  [LU] n=924 kutta=1 min|U_ii|=0.00354299 max|U_ii|=195565 ratio=1.81167e-08 pivots<1e-12: 0
  [LU] n=924 kutta=1 min|U_ii|=0.0049059 max|U_ii|=111026 ratio=4.41868e-08 pivots<1e-12: 0
  [LU] n=2520 kutta=1 min|U_ii|=0.0445846 max|U_ii|=6061.07 ratio=7.3559e-06 pivots<1e-12: 0
  [LU] n=924 kutta=1 min|U_ii|=0.00354299 max|U_ii|=195565 ratio=1.81167e-08 pivots<1e-12: 0
  [LU] n=924 kutta=1 min|U_ii|=0.00354299 max|U_ii|=195565 ratio=1.81167e-08 pivots<1e-12: 0
  [LU] n=924 kutta=1 min|U_ii|=0.0049059 max|U_ii|=111026 ratio=4.41868e-08 pivots<1e-12: 0
  [LU] n=2520 kutta=1 min|U_ii|=0.0445846 max|U_ii|=6061.07 ratio=7.3559e-06 pivots<1e-12: 0
  [LU] n=924 kutta=1 min|U_ii|=0.00354299 max|U_ii|=195565 ratio=1.81167e-08 pivots<1e-12: 0
  [LU] n=924 kutta=1 min|U_ii|=0.00354299 max|U_ii|=195565 ratio=1.81167e-08 pivots<1e-12: 0
  [LU] n=924 kutta=1 min|U_ii|=0.0049059 max|U_ii|=111026 ratio=4.41868e-08 pivots<1e-12: 0
  [LU] n=2520 kutta=1 min|U_ii|=0.0445846 max|U_ii|=6061.07 ratio=7.3559e-06 pivots<1e-12: 0
  [LU] n=924 kutta=1 min|U_ii|=0.00354299 max|U_ii|=195565 ratio=1.81167e-08 pivots<1e-12: 0
  [LU] n=924 kutta=1 min|U_ii|=0.00354299 max|U_ii|=195565 ratio=1.81167e-08 pivots<1e-12: 0
  [LU] n=924 kutta=1 min|U_ii|=0.0049059 max|U_ii|=111026 ratio=4.41868e-08 pivots<1e-12: 0
  [LU] n=2520 kutta=1 min|U_ii|=0.0445846 max|U_ii|=6061.07 ratio=7.3559e-06 pivots<1e-12: 0
  [LU] n=924 kutta=1 min|U_ii|=0.00354299 max|U_ii|=195565 ratio=1.81167e-08 pivots<1e-12: 0
  [LU] n=924 kutta=1 min|U_ii|=0.00354299 max|U_ii|=195565 ratio=1.81167e-08 pivots<1e-12: 0
  [LU] n=924 kutta=1 min|U_ii|=0.0049059 max|U_ii|=111026 ratio=4.41868e-08 pivots<1e-12: 0
  [LU] n=2520 kutta=1 min|U_ii|=0.0445846 max|U_ii|=6061.07 ratio=7.3559e-06 pivots<1e-12: 0
  [LU] n=924 kutta=1 min|U_ii|=0.00354299 max|U_ii|=195565 ratio=1.81167e-08 pivots<1e-12: 0
  [LU] n=924 kutta=1 min|U_ii|=0.00354299 max|U_ii|=195565 ratio=1.81167e-08 pivots<1e-12: 0
  [LU] n=924 kutta=1 min|U_ii|=0.0049059 max|U_ii|=111026 ratio=4.41868e-08 pivots<1e-12: 0
  [LU] n=2520 kutta=1 min|U_ii|=0.0445846 max|U_ii|=6061.07 ratio=7.3559e-06 pivots<1e-12: 0
  [LU] n=924 kutta=1 min|U_ii|=0.00354299 max|U_ii|=195565 ratio=1.81167e-08 pivots<1e-12: 0
  [LU] n=924 kutta=1 min|U_ii|=0.00354299 max|U_ii|=195565 ratio=1.81167e-08 pivots<1e-12: 0
  [LU] n=924 kutta=1 min|U_ii|=0.0049059 max|U_ii|=111026 ratio=4.41868e-08 pivots<1e-12: 0
  [LU] n=2520 kutta=1 min|U_ii|=0.0445846 max|U_ii|=6061.07 ratio=7.3559e-06 pivots<1e-12: 0
  [LU] n=924 kutta=1 min|U_ii|=0.00354299 max|U_ii|=195565 ratio=1.81167e-08 pivots<1e-12: 0
  [LU] n=924 kutta=1 min|U_ii|=0.00354299 max|U_ii|=195565 ratio=1.81167e-08 pivots<1e-12: 0
  [LU] n=924 kutta=1 min|U_ii|=0.0049059 max|U_ii|=111026 ratio=4.41868e-08 pivots<1e-12: 0
  [LU] n=2520 kutta=1 min|U_ii|=0.0445846 max|U_ii|=6061.07 ratio=7.3559e-06 pivots<1e-12: 0
  [LU] n=924 kutta=1 min|U_ii|=0.00354299 max|U_ii|=195565 ratio=1.81167e-08 pivots<1e-12: 0
  [LU] n=924 kutta=1 min|U_ii|=0.00354299 max|U_ii|=195565 ratio=1.81167e-08 pivots<1e-12: 0
  [LU] n=924 kutta=1 min|U_ii|=0.0049059 max|U_ii|=111026 ratio=4.41868e-08 pivots<1e-12: 0
  [LU] n=2520 kutta=1 min|U_ii|=0.0445846 max|U_ii|=6061.07 ratio=7.3559e-06 pivots<1e-12: 0
  [LU] n=924 kutta=1 min|U_ii|=0.00354299 max|U_ii|=195565 ratio=1.81167e-08 pivots<1e-12: 0
  [LU] n=924 kutta=1 min|U_ii|=0.00354299 max|U_ii|=195565 ratio=1.81167e-08 pivots<1e-12: 0
  [LU] n=924 kutta=1 min|U_ii|=0.0049059 max|U_ii|=111026 ratio=4.41868e-08 pivots<1e-12: 0
  [LU] n=2520 kutta=1 min|U_ii|=0.0445846 max|U_ii|=6061.07 ratio=7.3559e-06 pivots<1e-12: 0
  [LU] n=924 kutta=1 min|U_ii|=0.00354299 max|U_ii|=195565 ratio=1.81167e-08 pivots<1e-12: 0
  [LU] n=924 kutta=1 min|U_ii|=0.00354299 max|U_ii|=195565 ratio=1.81167e-08 pivots<1e-12: 0
  [LU] n=924 kutta=1 min|U_ii|=0.0049059 max|U_ii|=111026 ratio=4.41868e-08 pivots<1e-12: 0
  [LU] n=2520 kutta=1 min|U_ii|=0.0445846 max|U_ii|=6061.07 ratio=7.3559e-06 pivots<1e-12: 0
  [LU] n=924 kutta=1 min|U_ii|=0.00354299 max|U_ii|=195565 ratio=1.81167e-08 pivots<1e-12: 0
  [LU] n=924 kutta=1 min|U_ii|=0.00354299 max|U_ii|=195565 ratio=1.81167e-08 pivots<1e-12: 0
  [LU] n=924 kutta=1 min|U_ii|=0.0049059 max|U_ii|=111026 ratio=4.41868e-08 pivots<1e-12: 0
  [LU] n=2520 kutta=1 min|U_ii|=0.0445846 max|U_ii|=6061.07 ratio=7.3559e-06 pivots<1e-12: 0
  [LU] n=924 kutta=1 min|U_ii|=0.00354299 max|U_ii|=195565 ratio=1.81167e-08 pivots<1e-12: 0
  [LU] n=924 kutta=1 min|U_ii|=0.00354299 max|U_ii|=195565 ratio=1.81167e-08 pivots<1e-12: 0
  [LU] n=924 kutta=1 min|U_ii|=0.0049059 max|U_ii|=111026 ratio=4.41868e-08 pivots<1e-12: 0
  [LU] n=2520 kutta=1 min|U_ii|=0.0445846 max|U_ii|=6061.07 ratio=7.3559e-06 pivots<1e-12: 0
  [LU] n=924 kutta=1 min|U_ii|=0.00354299 max|U_ii|=195565 ratio=1.81167e-08 pivots<1e-12: 0
  [LU] n=924 kutta=1 min|U_ii|=0.00354299 max|U_ii|=195565 ratio=1.81167e-08 pivots<1e-12: 0
  [LU] n=924 kutta=1 min|U_ii|=0.0049059 max|U_ii|=111026 ratio=4.41868e-08 pivots<1e-12: 0
  [LU] n=2520 kutta=1 min|U_ii|=0.0445846 max|U_ii|=6061.07 ratio=7.3559e-06 pivots<1e-12: 0
  [LU] n=924 kutta=1 min|U_ii|=0.00354299 max|U_ii|=195565 ratio=1.81167e-08 pivots<1e-12: 0
  [LU] n=924 kutta=1 min|U_ii|=0.00354299 max|U_ii|=195565 ratio=1.81167e-08 pivots<1e-12: 0
  [LU] n=924 kutta=1 min|U_ii|=0.0049059 max|U_ii|=111026 ratio=4.41868e-08 pivots<1e-12: 0
  [LU] n=2520 kutta=1 min|U_ii|=0.0445846 max|U_ii|=6061.07 ratio=7.3559e-06 pivots<1e-12: 0
  [LU] n=924 kutta=1 min|U_ii|=0.00354299 max|U_ii|=195565 ratio=1.81167e-08 pivots<1e-12: 0
  [LU] n=924 kutta=1 min|U_ii|=0.00354299 max|U_ii|=195565 ratio=1.81167e-08 pivots<1e-12: 0
  [LU] n=924 kutta=1 min|U_ii|=0.0049059 max|U_ii|=111026 ratio=4.41868e-08 pivots<1e-12: 0
  [LU] n=2520 kutta=1 min|U_ii|=0.0445846 max|U_ii|=6061.07 ratio=7.3559e-06 pivots<1e-12: 0
  [LU] n=924 kutta=1 min|U_ii|=0.00354299 max|U_ii|=195565 ratio=1.81167e-08 pivots<1e-12: 0
  [LU] n=924 kutta=1 min|U_ii|=0.00354299 max|U_ii|=195565 ratio=1.81167e-08 pivots<1e-12: 0
  [LU] n=924 kutta=1 min|U_ii|=0.0049059 max|U_ii|=111026 ratio=4.41868e-08 pivots<1e-12: 0
  [LU] n=2520 kutta=1 min|U_ii|=0.0445846 max|U_ii|=6061.07 ratio=7.3559e-06 pivots<1e-12: 0
  [LU] n=924 kutta=1 min|U_ii|=0.00354299 max|U_ii|=195565 ratio=1.81167e-08 pivots<1e-12: 0
  [LU] n=924 kutta=1 min|U_ii|=0.00354299 max|U_ii|=195565 ratio=1.81167e-08 pivots<1e-12: 0
  [LU] n=924 kutta=1 min|U_ii|=0.0049059 max|U_ii|=111026 ratio=4.41868e-08 pivots<1e-12: 0
  [LU] n=2520 kutta=1 min|U_ii|=0.0445846 max|U_ii|=6061.07 ratio=7.3559e-06 pivots<1e-12: 0
  [LU] n=924 kutta=1 min|U_ii|=0.00354299 max|U_ii|=195565 ratio=1.81167e-08 pivots<1e-12: 0
  [LU] n=924 kutta=1 min|U_ii|=0.00354299 max|U_ii|=195565 ratio=1.81167e-08 pivots<1e-12: 0
  [LU] n=924 kutta=1 min|U_ii|=0.0049059 max|U_ii|=111026 ratio=4.41868e-08 pivots<1e-12: 0
  [LU] n=2520 kutta=1 min|U_ii|=0.0445846 max|U_ii|=6061.07 ratio=7.3559e-06 pivots<1e-12: 0
  [LU] n=924 kutta=1 min|U_ii|=0.00354299 max|U_ii|=195565 ratio=1.81167e-08 pivots<1e-12: 0
  [LU] n=924 kutta=1 min|U_ii|=0.00354299 max|U_ii|=195565 ratio=1.81167e-08 pivots<1e-12: 0
  [LU] n=924 kutta=1 min|U_ii|=0.0049059 max|U_ii|=111026 ratio=4.41868e-08 pivots<1e-12: 0
  [LU] n=2520 kutta=1 min|U_ii|=0.0445846 max|U_ii|=6061.07 ratio=7.3559e-06 pivots<1e-12: 0
  [LU] n=924 kutta=1 min|U_ii|=0.00354299 max|U_ii|=195565 ratio=1.81167e-08 pivots<1e-12: 0
  [LU] n=924 kutta=1 min|U_ii|=0.00354299 max|U_ii|=195565 ratio=1.81167e-08 pivots<1e-12: 0
  [LU] n=924 kutta=1 min|U_ii|=0.0049059 max|U_ii|=111026 ratio=4.41868e-08 pivots<1e-12: 0
  [LU] n=2520 kutta=1 min|U_ii|=0.0445846 max|U_ii|=6061.07 ratio=7.3559e-06 pivots<1e-12: 0
  [LU] n=924 kutta=1 min|U_ii|=0.00354299 max|U_ii|=195565 ratio=1.81167e-08 pivots<1e-12: 0
  [LU] n=924 kutta=1 min|U_ii|=0.00354299 max|U_ii|=195565 ratio=1.81167e-08 pivots<1e-12: 0
  [LU] n=924 kutta=1 min|U_ii|=0.0049059 max|U_ii|=111026 ratio=4.41868e-08 pivots<1e-12: 0
  [LU] n=2520 kutta=1 min|U_ii|=0.0445846 max|U_ii|=6061.07 ratio=7.3559e-06 pivots<1e-12: 0
  [LU] n=924 kutta=1 min|U_ii|=0.00354299 max|U_ii|=195565 ratio=1.81167e-08 pivots<1e-12: 0
  [LU] n=924 kutta=1 min|U_ii|=0.00354299 max|U_ii|=195565 ratio=1.81167e-08 pivots<1e-12: 0
  [LU] n=924 kutta=1 min|U_ii|=0.0049059 max|U_ii|=111026 ratio=4.41868e-08 pivots<1e-12: 0
  [LU] n=2520 kutta=1 min|U_ii|=0.0445846 max|U_ii|=6061.07 ratio=7.3559e-06 pivots<1e-12: 0
  [LU] n=924 kutta=1 min|U_ii|=0.00354299 max|U_ii|=195565 ratio=1.81167e-08 pivots<1e-12: 0
  [LU] n=924 kutta=1 min|U_ii|=0.00354299 max|U_ii|=195565 ratio=1.81167e-08 pivots<1e-12: 0
  [LU] n=924 kutta=1 min|U_ii|=0.0049059 max|U_ii|=111026 ratio=4.41868e-08 pivots<1e-12: 0
  [LU] n=2520 kutta=1 min|U_ii|=0.0445846 max|U_ii|=6061.07 ratio=7.3559e-06 pivots<1e-12: 0
  [LU] n=924 kutta=1 min|U_ii|=0.00354299 max|U_ii|=195565 ratio=1.81167e-08 pivots<1e-12: 0
  [LU] n=924 kutta=1 min|U_ii|=0.00354299 max|U_ii|=195565 ratio=1.81167e-08 pivots<1e-12: 0
  [LU] n=924 kutta=1 min|U_ii|=0.0049059 max|U_ii|=111026 ratio=4.41868e-08 pivots<1e-12: 0
  [LU] n=2520 kutta=1 min|U_ii|=0.0445846 max|U_ii|=6061.07 ratio=7.3559e-06 pivots<1e-12: 0
  [LU] n=924 kutta=1 min|U_ii|=0.00354299 max|U_ii|=195565 ratio=1.81167e-08 pivots<1e-12: 0
  [LU] n=924 kutta=1 min|U_ii|=0.00354299 max|U_ii|=195565 ratio=1.81167e-08 pivots<1e-12: 0
  [LU] n=924 kutta=1 min|U_ii|=0.0049059 max|U_ii|=111026 ratio=4.41868e-08 pivots<1e-12: 0
  [LU] n=2520 kutta=1 min|U_ii|=0.0445846 max|U_ii|=6061.07 ratio=7.3559e-06 pivots<1e-12: 0
  [LU] n=924 kutta=1 min|U_ii|=0.00354299 max|U_ii|=195565 ratio=1.81167e-08 pivots<1e-12: 0
  [LU] n=924 kutta=1 min|U_ii|=0.00354299 max|U_ii|=195565 ratio=1.81167e-08 pivots<1e-12: 0
  [LU] n=924 kutta=1 min|U_ii|=0.0049059 max|U_ii|=111026 ratio=4.41868e-08 pivots<1e-12: 0
  [LU] n=2520 kutta=1 min|U_ii|=0.0445846 max|U_ii|=6061.07 ratio=7.3559e-06 pivots<1e-12: 0
  [LU] n=924 kutta=1 min|U_ii|=0.00354299 max|U_ii|=195565 ratio=1.81167e-08 pivots<1e-12: 0
  [LU] n=924 kutta=1 min|U_ii|=0.00354299 max|U_ii|=195565 ratio=1.81167e-08 pivots<1e-12: 0
  [LU] n=924 kutta=1 min|U_ii|=0.0049059 max|U_ii|=111026 ratio=4.41868e-08 pivots<1e-12: 0
  [LU] n=2520 kutta=1 min|U_ii|=0.0445846 max|U_ii|=6061.07 ratio=7.3559e-06 pivots<1e-12: 0
  [LU] n=924 kutta=1 min|U_ii|=0.00354299 max|U_ii|=195565 ratio=1.81167e-08 pivots<1e-12: 0
  [LU] n=924 kutta=1 min|U_ii|=0.00354299 max|U_ii|=195565 ratio=1.81167e-08 pivots<1e-12: 0
  [LU] n=924 kutta=1 min|U_ii|=0.0049059 max|U_ii|=111026 ratio=4.41868e-08 pivots<1e-12: 0
  [LU] n=2520 kutta=1 min|U_ii|=0.0445846 max|U_ii|=6061.07 ratio=7.3559e-06 pivots<1e-12: 0
  [LU] n=924 kutta=1 min|U_ii|=0.00354299 max|U_ii|=195565 ratio=1.81167e-08 pivots<1e-12: 0
  [LU] n=924 kutta=1 min|U_ii|=0.00354299 max|U_ii|=195565 ratio=1.81167e-08 pivots<1e-12: 0
  [LU] n=924 kutta=1 min|U_ii|=0.0049059 max|U_ii|=111026 ratio=4.41868e-08 pivots<1e-12: 0
  [LU] n=2520 kutta=1 min|U_ii|=0.0445846 max|U_ii|=6061.07 ratio=7.3559e-06 pivots<1e-12: 0
  [LU] n=924 kutta=1 min|U_ii|=0.00354299 max|U_ii|=195565 ratio=1.81167e-08 pivots<1e-12: 0
  [LU] n=924 kutta=1 min|U_ii|=0.00354299 max|U_ii|=195565 ratio=1.81167e-08 pivots<1e-12: 0
  [LU] n=924 kutta=1 min|U_ii|=0.0049059 max|U_ii|=111026 ratio=4.41868e-08 pivots<1e-12: 0
  [LU] n=2520 kutta=1 min|U_ii|=0.0445846 max|U_ii|=6061.07 ratio=7.3559e-06 pivots<1e-12: 0
  [LU] n=924 kutta=1 min|U_ii|=0.00354299 max|U_ii|=195565 ratio=1.81167e-08 pivots<1e-12: 0
  [LU] n=924 kutta=1 min|U_ii|=0.00354299 max|U_ii|=195565 ratio=1.81167e-08 pivots<1e-12: 0
  [LU] n=924 kutta=1 min|U_ii|=0.0049059 max|U_ii|=111026 ratio=4.41868e-08 pivots<1e-12: 0
  [LU] n=2520 kutta=1 min|U_ii|=0.0445846 max|U_ii|=6061.07 ratio=7.3559e-06 pivots<1e-12: 0
  [LU] n=924 kutta=1 min|U_ii|=0.00354299 max|U_ii|=195565 ratio=1.81167e-08 pivots<1e-12: 0
  [LU] n=924 kutta=1 min|U_ii|=0.00354299 max|U_ii|=195565 ratio=1.81167e-08 pivots<1e-12: 0
  [LU] n=924 kutta=1 min|U_ii|=0.0049059 max|U_ii|=111026 ratio=4.41868e-08 pivots<1e-12: 0
  [LU] n=2520 kutta=1 min|U_ii|=0.0445846 max|U_ii|=6061.07 ratio=7.3559e-06 pivots<1e-12: 0
  [LU] n=924 kutta=1 min|U_ii|=0.00354299 max|U_ii|=195565 ratio=1.81167e-08 pivots<1e-12: 0
  [LU] n=924 kutta=1 min|U_ii|=0.00354299 max|U_ii|=195565 ratio=1.81167e-08 pivots<1e-12: 0
  [LU] n=924 kutta=1 min|U_ii|=0.0049059 max|U_ii|=111026 ratio=4.41868e-08 pivots<1e-12: 0
  [LU] n=2520 kutta=1 min|U_ii|=0.0445846 max|U_ii|=6061.07 ratio=7.3559e-06 pivots<1e-12: 0
  [LU] n=924 kutta=1 min|U_ii|=0.00354299 max|U_ii|=195565 ratio=1.81167e-08 pivots<1e-12: 0
  [LU] n=924 kutta=1 min|U_ii|=0.00354299 max|U_ii|=195565 ratio=1.81167e-08 pivots<1e-12: 0
  [LU] n=924 kutta=1 min|U_ii|=0.0049059 max|U_ii|=111026 ratio=4.41868e-08 pivots<1e-12: 0
  [LU] n=2520 kutta=1 min|U_ii|=0.0445846 max|U_ii|=6061.07 ratio=7.3559e-06 pivots<1e-12: 0
  [LU] n=924 kutta=1 min|U_ii|=0.00354299 max|U_ii|=195565 ratio=1.81167e-08 pivots<1e-12: 0
  [LU] n=924 kutta=1 min|U_ii|=0.00354299 max|U_ii|=195565 ratio=1.81167e-08 pivots<1e-12: 0
  [LU] n=924 kutta=1 min|U_ii|=0.0049059 max|U_ii|=111026 ratio=4.41868e-08 pivots<1e-12: 0
  [LU] n=2520 kutta=1 min|U_ii|=0.0445846 max|U_ii|=6061.07 ratio=7.3559e-06 pivots<1e-12: 0
  [LU] n=924 kutta=1 min|U_ii|=0.00354299 max|U_ii|=195565 ratio=1.81167e-08 pivots<1e-12: 0
  [LU] n=924 kutta=1 min|U_ii|=0.00354299 max|U_ii|=195565 ratio=1.81167e-08 pivots<1e-12: 0
  [LU] n=924 kutta=1 min|U_ii|=0.0049059 max|U_ii|=111026 ratio=4.41868e-08 pivots<1e-12: 0
  [LU] n=2520 kutta=1 min|U_ii|=0.0445846 max|U_ii|=6061.07 ratio=7.3559e-06 pivots<1e-12: 0
  [LU] n=924 kutta=1 min|U_ii|=0.00354299 max|U_ii|=195565 ratio=1.81167e-08 pivots<1e-12: 0
  [LU] n=924 kutta=1 min|U_ii|=0.00354299 max|U_ii|=195565 ratio=1.81167e-08 pivots<1e-12: 0
  [LU] n=924 kutta=1 min|U_ii|=0.0049059 max|U_ii|=111026 ratio=4.41868e-08 pivots<1e-12: 0
  [LU] n=2520 kutta=1 min|U_ii|=0.0445846 max|U_ii|=6061.07 ratio=7.3559e-06 pivots<1e-12: 0
  [LU] n=924 kutta=1 min|U_ii|=0.00354299 max|U_ii|=195565 ratio=1.81167e-08 pivots<1e-12: 0
  [LU] n=924 kutta=1 min|U_ii|=0.00354299 max|U_ii|=195565 ratio=1.81167e-08 pivots<1e-12: 0
  [LU] n=924 kutta=1 min|U_ii|=0.0049059 max|U_ii|=111026 ratio=4.41868e-08 pivots<1e-12: 0
  [LU] n=2520 kutta=1 min|U_ii|=0.0445846 max|U_ii|=6061.07 ratio=7.3559e-06 pivots<1e-12: 0
  [LU] n=924 kutta=1 min|U_ii|=0.00354299 max|U_ii|=195565 ratio=1.81167e-08 pivots<1e-12: 0
  [LU] n=924 kutta=1 min|U_ii|=0.00354299 max|U_ii|=195565 ratio=1.81167e-08 pivots<1e-12: 0
  [LU] n=924 kutta=1 min|U_ii|=0.0049059 max|U_ii|=111026 ratio=4.41868e-08 pivots<1e-12: 0
  [LU] n=2520 kutta=1 min|U_ii|=0.0445846 max|U_ii|=6061.07 ratio=7.3559e-06 pivots<1e-12: 0
  [LU] n=924 kutta=1 min|U_ii|=0.00354299 max|U_ii|=195565 ratio=1.81167e-08 pivots<1e-12: 0
  [LU] n=924 kutta=1 min|U_ii|=0.00354299 max|U_ii|=195565 ratio=1.81167e-08 pivots<1e-12: 0
  [LU] n=924 kutta=1 min|U_ii|=0.0049059 max|U_ii|=111026 ratio=4.41868e-08 pivots<1e-12: 0
  [LU] n=2520 kutta=1 min|U_ii|=0.0445846 max|U_ii|=6061.07 ratio=7.3559e-06 pivots<1e-12: 0
  [LU] n=924 kutta=1 min|U_ii|=0.00354299 max|U_ii|=195565 ratio=1.81167e-08 pivots<1e-12: 0
  [LU] n=924 kutta=1 min|U_ii|=0.00354299 max|U_ii|=195565 ratio=1.81167e-08 pivots<1e-12: 0
  [LU] n=924 kutta=1 min|U_ii|=0.0049059 max|U_ii|=111026 ratio=4.41868e-08 pivots<1e-12: 0
  [LU] n=2520 kutta=1 min|U_ii|=0.0445846 max|U_ii|=6061.07 ratio=7.3559e-06 pivots<1e-12: 0
  [LU] n=924 kutta=1 min|U_ii|=0.00354299 max|U_ii|=195565 ratio=1.81167e-08 pivots<1e-12: 0
  [LU] n=924 kutta=1 min|U_ii|=0.00354299 max|U_ii|=195565 ratio=1.81167e-08 pivots<1e-12: 0
  [LU] n=924 kutta=1 min|U_ii|=0.0049059 max|U_ii|=111026 ratio=4.41868e-08 pivots<1e-12: 0
  [LU] n=2520 kutta=1 min|U_ii|=0.0445846 max|U_ii|=6061.07 ratio=7.3559e-06 pivots<1e-12: 0
  [LU] n=924 kutta=1 min|U_ii|=0.00354299 max|U_ii|=195565 ratio=1.81167e-08 pivots<1e-12: 0
  [LU] n=924 kutta=1 min|U_ii|=0.00354299 max|U_ii|=195565 ratio=1.81167e-08 pivots<1e-12: 0
  [LU] n=924 kutta=1 min|U_ii|=0.0049059 max|U_ii|=111026 ratio=4.41868e-08 pivots<1e-12: 0
  [LU] n=2520 kutta=1 min|U_ii|=0.0445846 max|U_ii|=6061.07 ratio=7.3559e-06 pivots<1e-12: 0
  [LU] n=924 kutta=1 min|U_ii|=0.00354299 max|U_ii|=195565 ratio=1.81167e-08 pivots<1e-12: 0
  [LU] n=924 kutta=1 min|U_ii|=0.00354299 max|U_ii|=195565 ratio=1.81167e-08 pivots<1e-12: 0
  [LU] n=924 kutta=1 min|U_ii|=0.0049059 max|U_ii|=111026 ratio=4.41868e-08 pivots<1e-12: 0
  [LU] n=2520 kutta=1 min|U_ii|=0.0445846 max|U_ii|=6061.07 ratio=7.3559e-06 pivots<1e-12: 0
  [LU] n=924 kutta=1 min|U_ii|=0.00354299 max|U_ii|=195565 ratio=1.81167e-08 pivots<1e-12: 0
  [LU] n=924 kutta=1 min|U_ii|=0.00354299 max|U_ii|=195565 ratio=1.81167e-08 pivots<1e-12: 0
  [LU] n=924 kutta=1 min|U_ii|=0.0049059 max|U_ii|=111026 ratio=4.41868e-08 pivots<1e-12: 0
  [LU] n=2520 kutta=1 min|U_ii|=0.0445846 max|U_ii|=6061.07 ratio=7.3559e-06 pivots<1e-12: 0
  [LU] n=924 kutta=1 min|U_ii|=0.00354299 max|U_ii|=195565 ratio=1.81167e-08 pivots<1e-12: 0
  [LU] n=924 kutta=1 min|U_ii|=0.00354299 max|U_ii|=195565 ratio=1.81167e-08 pivots<1e-12: 0
  [LU] n=924 kutta=1 min|U_ii|=0.0049059 max|U_ii|=111026 ratio=4.41868e-08 pivots<1e-12: 0
  [LU] n=2520 kutta=1 min|U_ii|=0.0445846 max|U_ii|=6061.07 ratio=7.3559e-06 pivots<1e-12: 0
  [LU] n=924 kutta=1 min|U_ii|=0.00354299 max|U_ii|=195565 ratio=1.81167e-08 pivots<1e-12: 0
  [LU] n=924 kutta=1 min|U_ii|=0.00354299 max|U_ii|=195565 ratio=1.81167e-08 pivots<1e-12: 0
  [LU] n=924 kutta=1 min|U_ii|=0.0049059 max|U_ii|=111026 ratio=4.41868e-08 pivots<1e-12: 0
  [LU] n=2520 kutta=1 min|U_ii|=0.0445846 max|U_ii|=6061.07 ratio=7.3559e-06 pivots<1e-12: 0
  [LU] n=924 kutta=1 min|U_ii|=0.00354299 max|U_ii|=195565 ratio=1.81167e-08 pivots<1e-12: 0
  [LU] n=924 kutta=1 min|U_ii|=0.00354299 max|U_ii|=195565 ratio=1.81167e-08 pivots<1e-12: 0
  [LU] n=924 kutta=1 min|U_ii|=0.0049059 max|U_ii|=111026 ratio=4.41868e-08 pivots<1e-12: 0
  [LU] n=2520 kutta=1 min|U_ii|=0.0445846 max|U_ii|=6061.07 ratio=7.3559e-06 pivots<1e-12: 0
  [LU] n=924 kutta=1 min|U_ii|=0.00354299 max|U_ii|=195565 ratio=1.81167e-08 pivots<1e-12: 0
  [LU] n=924 kutta=1 min|U_ii|=0.00354299 max|U_ii|=195565 ratio=1.81167e-08 pivots<1e-12: 0
  [LU] n=924 kutta=1 min|U_ii|=0.0049059 max|U_ii|=111026 ratio=4.41868e-08 pivots<1e-12: 0
  [LU] n=2520 kutta=1 min|U_ii|=0.0445846 max|U_ii|=6061.07 ratio=7.3559e-06 pivots<1e-12: 0
  [LU] n=924 kutta=1 min|U_ii|=0.00354299 max|U_ii|=195565 ratio=1.81167e-08 pivots<1e-12: 0
  [LU] n=924 kutta=1 min|U_ii|=0.00354299 max|U_ii|=195565 ratio=1.81167e-08 pivots<1e-12: 0
  [LU] n=924 kutta=1 min|U_ii|=0.0049059 max|U_ii|=111026 ratio=4.41868e-08 pivots<1e-12: 0
  [LU] n=2520 kutta=1 min|U_ii|=0.0445846 max|U_ii|=6061.07 ratio=7.3559e-06 pivots<1e-12: 0
  [LU] n=924 kutta=1 min|U_ii|=0.00354299 max|U_ii|=195565 ratio=1.81167e-08 pivots<1e-12: 0
  [LU] n=924 kutta=1 min|U_ii|=0.00354299 max|U_ii|=195565 ratio=1.81167e-08 pivots<1e-12: 0
  [LU] n=924 kutta=1 min|U_ii|=0.0049059 max|U_ii|=111026 ratio=4.41868e-08 pivots<1e-12: 0
  [LU] n=2520 kutta=1 min|U_ii|=0.0445846 max|U_ii|=6061.07 ratio=7.3559e-06 pivots<1e-12: 0
  [LU] n=924 kutta=1 min|U_ii|=0.00354299 max|U_ii|=195565 ratio=1.81167e-08 pivots<1e-12: 0
  [LU] n=924 kutta=1 min|U_ii|=0.00354299 max|U_ii|=195565 ratio=1.81167e-08 pivots<1e-12: 0
  [LU] n=924 kutta=1 min|U_ii|=0.0049059 max|U_ii|=111026 ratio=4.41868e-08 pivots<1e-12: 0
  [LU] n=2520 kutta=1 min|U_ii|=0.0445846 max|U_ii|=6061.07 ratio=7.3559e-06 pivots<1e-12: 0
  [LU] n=924 kutta=1 min|U_ii|=0.00354299 max|U_ii|=195565 ratio=1.81167e-08 pivots<1e-12: 0
  [LU] n=924 kutta=1 min|U_ii|=0.00354299 max|U_ii|=195565 ratio=1.81167e-08 pivots<1e-12: 0
  [LU] n=924 kutta=1 min|U_ii|=0.0049059 max|U_ii|=111026 ratio=4.41868e-08 pivots<1e-12: 0
  [LU] n=2520 kutta=1 min|U_ii|=0.0445846 max|U_ii|=6061.07 ratio=7.3559e-06 pivots<1e-12: 0
  [LU] n=924 kutta=1 min|U_ii|=0.00354299 max|U_ii|=195565 ratio=1.81167e-08 pivots<1e-12: 0
  [LU] n=924 kutta=1 min|U_ii|=0.00354299 max|U_ii|=195565 ratio=1.81167e-08 pivots<1e-12: 0
  [LU] n=924 kutta=1 min|U_ii|=0.0049059 max|U_ii|=111026 ratio=4.41868e-08 pivots<1e-12: 0
  [LU] n=2520 kutta=1 min|U_ii|=0.0445846 max|U_ii|=6061.07 ratio=7.3559e-06 pivots<1e-12: 0
  [LU] n=924 kutta=1 min|U_ii|=0.00354299 max|U_ii|=195565 ratio=1.81167e-08 pivots<1e-12: 0
  [LU] n=924 kutta=1 min|U_ii|=0.00354299 max|U_ii|=195565 ratio=1.81167e-08 pivots<1e-12: 0
  [LU] n=924 kutta=1 min|U_ii|=0.0049059 max|U_ii|=111026 ratio=4.41868e-08 pivots<1e-12: 0
  [LU] n=2520 kutta=1 min|U_ii|=0.0445846 max|U_ii|=6061.07 ratio=7.3559e-06 pivots<1e-12: 0
  [LU] n=924 kutta=1 min|U_ii|=0.00354299 max|U_ii|=195565 ratio=1.81167e-08 pivots<1e-12: 0
  [LU] n=924 kutta=1 min|U_ii|=0.00354299 max|U_ii|=195565 ratio=1.81167e-08 pivots<1e-12: 0
  [LU] n=924 kutta=1 min|U_ii|=0.0049059 max|U_ii|=111026 ratio=4.41868e-08 pivots<1e-12: 0
  [LU] n=2520 kutta=1 min|U_ii|=0.0445846 max|U_ii|=6061.07 ratio=7.3559e-06 pivots<1e-12: 0
  [LU] n=924 kutta=1 min|U_ii|=0.00354299 max|U_ii|=195565 ratio=1.81167e-08 pivots<1e-12: 0
  [LU] n=924 kutta=1 min|U_ii|=0.00354299 max|U_ii|=195565 ratio=1.81167e-08 pivots<1e-12: 0
  [LU] n=924 kutta=1 min|U_ii|=0.0049059 max|U_ii|=111026 ratio=4.41868e-08 pivots<1e-12: 0
  [LU] n=2520 kutta=1 min|U_ii|=0.0445846 max|U_ii|=6061.07 ratio=7.3559e-06 pivots<1e-12: 0
  [LU] n=924 kutta=1 min|U_ii|=0.00354299 max|U_ii|=195565 ratio=1.81167e-08 pivots<1e-12: 0
  [LU] n=924 kutta=1 min|U_ii|=0.00354299 max|U_ii|=195565 ratio=1.81167e-08 pivots<1e-12: 0
  [LU] n=924 kutta=1 min|U_ii|=0.0049059 max|U_ii|=111026 ratio=4.41868e-08 pivots<1e-12: 0
  [LU] n=2520 kutta=1 min|U_ii|=0.0445846 max|U_ii|=6061.07 ratio=7.3559e-06 pivots<1e-12: 0
  [LU] n=924 kutta=1 min|U_ii|=0.00354299 max|U_ii|=195565 ratio=1.81167e-08 pivots<1e-12: 0
  [LU] n=924 kutta=1 min|U_ii|=0.00354299 max|U_ii|=195565 ratio=1.81167e-08 pivots<1e-12: 0
  [LU] n=924 kutta=1 min|U_ii|=0.0049059 max|U_ii|=111026 ratio=4.41868e-08 pivots<1e-12: 0
  [LU] n=2520 kutta=1 min|U_ii|=0.0445846 max|U_ii|=6061.07 ratio=7.3559e-06 pivots<1e-12: 0
  [LU] n=924 kutta=1 min|U_ii|=0.00354299 max|U_ii|=195565 ratio=1.81167e-08 pivots<1e-12: 0
  [LU] n=924 kutta=1 min|U_ii|=0.00354299 max|U_ii|=195565 ratio=1.81167e-08 pivots<1e-12: 0
  [LU] n=924 kutta=1 min|U_ii|=0.0049059 max|U_ii|=111026 ratio=4.41868e-08 pivots<1e-12: 0
  [LU] n=2520 kutta=1 min|U_ii|=0.0445846 max|U_ii|=6061.07 ratio=7.3559e-06 pivots<1e-12: 0
  [LU] n=924 kutta=1 min|U_ii|=0.00354299 max|U_ii|=195565 ratio=1.81167e-08 pivots<1e-12: 0
  [LU] n=924 kutta=1 min|U_ii|=0.00354299 max|U_ii|=195565 ratio=1.81167e-08 pivots<1e-12: 0
  [LU] n=924 kutta=1 min|U_ii|=0.0049059 max|U_ii|=111026 ratio=4.41868e-08 pivots<1e-12: 0
  [LU] n=2520 kutta=1 min|U_ii|=0.0445846 max|U_ii|=6061.07 ratio=7.3559e-06 pivots<1e-12: 0
  [LU] n=924 kutta=1 min|U_ii|=0.00354299 max|U_ii|=195565 ratio=1.81167e-08 pivots<1e-12: 0
  [LU] n=924 kutta=1 min|U_ii|=0.00354299 max|U_ii|=195565 ratio=1.81167e-08 pivots<1e-12: 0
  [LU] n=924 kutta=1 min|U_ii|=0.0049059 max|U_ii|=111026 ratio=4.41868e-08 pivots<1e-12: 0
  [LU] n=2520 kutta=1 min|U_ii|=0.0445846 max|U_ii|=6061.07 ratio=7.3559e-06 pivots<1e-12: 0
  [LU] n=924 kutta=1 min|U_ii|=0.00354299 max|U_ii|=195565 ratio=1.81167e-08 pivots<1e-12: 0
  [LU] n=924 kutta=1 min|U_ii|=0.00354299 max|U_ii|=195565 ratio=1.81167e-08 pivots<1e-12: 0
  [LU] n=924 kutta=1 min|U_ii|=0.0049059 max|U_ii|=111026 ratio=4.41868e-08 pivots<1e-12: 0
  [LU] n=2520 kutta=1 min|U_ii|=0.0445846 max|U_ii|=6061.07 ratio=7.3559e-06 pivots<1e-12: 0
  [LU] n=924 kutta=1 min|U_ii|=0.00354299 max|U_ii|=195565 ratio=1.81167e-08 pivots<1e-12: 0
  [LU] n=924 kutta=1 min|U_ii|=0.00354299 max|U_ii|=195565 ratio=1.81167e-08 pivots<1e-12: 0
  [LU] n=924 kutta=1 min|U_ii|=0.0049059 max|U_ii|=111026 ratio=4.41868e-08 pivots<1e-12: 0
  [LU] n=2520 kutta=1 min|U_ii|=0.0445846 max|U_ii|=6061.07 ratio=7.3559e-06 pivots<1e-12: 0
  [LU] n=924 kutta=1 min|U_ii|=0.00354299 max|U_ii|=195565 ratio=1.81167e-08 pivots<1e-12: 0
  [LU] n=924 kutta=1 min|U_ii|=0.00354299 max|U_ii|=195565 ratio=1.81167e-08 pivots<1e-12: 0
  [LU] n=924 kutta=1 min|U_ii|=0.0049059 max|U_ii|=111026 ratio=4.41868e-08 pivots<1e-12: 0
  [LU] n=2520 kutta=1 min|U_ii|=0.0445846 max|U_ii|=6061.07 ratio=7.3559e-06 pivots<1e-12: 0
  [LU] n=924 kutta=1 min|U_ii|=0.00354299 max|U_ii|=195565 ratio=1.81167e-08 pivots<1e-12: 0
  [LU] n=924 kutta=1 min|U_ii|=0.00354299 max|U_ii|=195565 ratio=1.81167e-08 pivots<1e-12: 0
  [LU] n=924 kutta=1 min|U_ii|=0.0049059 max|U_ii|=111026 ratio=4.41868e-08 pivots<1e-12: 0
  [LU] n=2520 kutta=1 min|U_ii|=0.0445846 max|U_ii|=6061.07 ratio=7.3559e-06 pivots<1e-12: 0
  [LU] n=924 kutta=1 min|U_ii|=0.00354299 max|U_ii|=195565 ratio=1.81167e-08 pivots<1e-12: 0
  [LU] n=924 kutta=1 min|U_ii|=0.00354299 max|U_ii|=195565 ratio=1.81167e-08 pivots<1e-12: 0
  [LU] n=924 kutta=1 min|U_ii|=0.0049059 max|U_ii|=111026 ratio=4.41868e-08 pivots<1e-12: 0
  [LU] n=2520 kutta=1 min|U_ii|=0.0445846 max|U_ii|=6061.07 ratio=7.3559e-06 pivots<1e-12: 0
  [LU] n=924 kutta=1 min|U_ii|=0.00354299 max|U_ii|=195565 ratio=1.81167e-08 pivots<1e-12: 0
  [LU] n=924 kutta=1 min|U_ii|=0.00354299 max|U_ii|=195565 ratio=1.81167e-08 pivots<1e-12: 0
  [LU] n=924 kutta=1 min|U_ii|=0.0049059 max|U_ii|=111026 ratio=4.41868e-08 pivots<1e-12: 0
  [LU] n=2520 kutta=1 min|U_ii|=0.0445846 max|U_ii|=6061.07 ratio=7.3559e-06 pivots<1e-12: 0
  [LU] n=924 kutta=1 min|U_ii|=0.00354299 max|U_ii|=195565 ratio=1.81167e-08 pivots<1e-12: 0
  [LU] n=924 kutta=1 min|U_ii|=0.00354299 max|U_ii|=195565 ratio=1.81167e-08 pivots<1e-12: 0
  [LU] n=924 kutta=1 min|U_ii|=0.0049059 max|U_ii|=111026 ratio=4.41868e-08 pivots<1e-12: 0
  [LU] n=2520 kutta=1 min|U_ii|=0.0445846 max|U_ii|=6061.07 ratio=7.3559e-06 pivots<1e-12: 0
  [LU] n=924 kutta=1 min|U_ii|=0.00354299 max|U_ii|=195565 ratio=1.81167e-08 pivots<1e-12: 0
  [LU] n=924 kutta=1 min|U_ii|=0.00354299 max|U_ii|=195565 ratio=1.81167e-08 pivots<1e-12: 0
  [LU] n=924 kutta=1 min|U_ii|=0.0049059 max|U_ii|=111026 ratio=4.41868e-08 pivots<1e-12: 0
  [LU] n=2520 kutta=1 min|U_ii|=0.0445846 max|U_ii|=6061.07 ratio=7.3559e-06 pivots<1e-12: 0
  [LU] n=924 kutta=1 min|U_ii|=0.00354299 max|U_ii|=195565 ratio=1.81167e-08 pivots<1e-12: 0
  [LU] n=924 kutta=1 min|U_ii|=0.00354299 max|U_ii|=195565 ratio=1.81167e-08 pivots<1e-12: 0
  [LU] n=924 kutta=1 min|U_ii|=0.0049059 max|U_ii|=111026 ratio=4.41868e-08 pivots<1e-12: 0
  [LU] n=2520 kutta=1 min|U_ii|=0.0445846 max|U_ii|=6061.07 ratio=7.3559e-06 pivots<1e-12: 0
  [LU] n=924 kutta=1 min|U_ii|=0.00354299 max|U_ii|=195565 ratio=1.81167e-08 pivots<1e-12: 0
  [LU] n=924 kutta=1 min|U_ii|=0.00354299 max|U_ii|=195565 ratio=1.81167e-08 pivots<1e-12: 0
  [LU] n=924 kutta=1 min|U_ii|=0.0049059 max|U_ii|=111026 ratio=4.41868e-08 pivots<1e-12: 0
  [LU] n=2520 kutta=1 min|U_ii|=0.0445846 max|U_ii|=6061.07 ratio=7.3559e-06 pivots<1e-12: 0
  [LU] n=924 kutta=1 min|U_ii|=0.00354299 max|U_ii|=195565 ratio=1.81167e-08 pivots<1e-12: 0
  [LU] n=924 kutta=1 min|U_ii|=0.00354299 max|U_ii|=195565 ratio=1.81167e-08 pivots<1e-12: 0
  [LU] n=924 kutta=1 min|U_ii|=0.0049059 max|U_ii|=111026 ratio=4.41868e-08 pivots<1e-12: 0
  [LU] n=2520 kutta=1 min|U_ii|=0.0445846 max|U_ii|=6061.07 ratio=7.3559e-06 pivots<1e-12: 0
  [LU] n=924 kutta=1 min|U_ii|=0.00354299 max|U_ii|=195565 ratio=1.81167e-08 pivots<1e-12: 0
  [LU] n=924 kutta=1 min|U_ii|=0.00354299 max|U_ii|=195565 ratio=1.81167e-08 pivots<1e-12: 0
  [LU] n=924 kutta=1 min|U_ii|=0.0049059 max|U_ii|=111026 ratio=4.41868e-08 pivots<1e-12: 0
  [LU] n=2520 kutta=1 min|U_ii|=0.0445846 max|U_ii|=6061.07 ratio=7.3559e-06 pivots<1e-12: 0
  [LU] n=924 kutta=1 min|U_ii|=0.00354299 max|U_ii|=195565 ratio=1.81167e-08 pivots<1e-12: 0
  [LU] n=924 kutta=1 min|U_ii|=0.00354299 max|U_ii|=195565 ratio=1.81167e-08 pivots<1e-12: 0
  [LU] n=924 kutta=1 min|U_ii|=0.0049059 max|U_ii|=111026 ratio=4.41868e-08 pivots<1e-12: 0
  [LU] n=2520 kutta=1 min|U_ii|=0.0445846 max|U_ii|=6061.07 ratio=7.3559e-06 pivots<1e-12: 0
  [LU] n=924 kutta=1 min|U_ii|=0.00354299 max|U_ii|=195565 ratio=1.81167e-08 pivots<1e-12: 0
  [LU] n=924 kutta=1 min|U_ii|=0.00354299 max|U_ii|=195565 ratio=1.81167e-08 pivots<1e-12: 0
  [LU] n=924 kutta=1 min|U_ii|=0.0049059 max|U_ii|=111026 ratio=4.41868e-08 pivots<1e-12: 0
  [LU] n=2520 kutta=1 min|U_ii|=0.0445846 max|U_ii|=6061.07 ratio=7.3559e-06 pivots<1e-12: 0
  [LU] n=924 kutta=1 min|U_ii|=0.00354299 max|U_ii|=195565 ratio=1.81167e-08 pivots<1e-12: 0
  [LU] n=924 kutta=1 min|U_ii|=0.00354299 max|U_ii|=195565 ratio=1.81167e-08 pivots<1e-12: 0
  [LU] n=924 kutta=1 min|U_ii|=0.0049059 max|U_ii|=111026 ratio=4.41868e-08 pivots<1e-12: 0
  [LU] n=2520 kutta=1 min|U_ii|=0.0445846 max|U_ii|=6061.07 ratio=7.3559e-06 pivots<1e-12: 0
  [LU] n=924 kutta=1 min|U_ii|=0.00354299 max|U_ii|=195565 ratio=1.81167e-08 pivots<1e-12: 0
  [LU] n=924 kutta=1 min|U_ii|=0.00354299 max|U_ii|=195565 ratio=1.81167e-08 pivots<1e-12: 0
  [LU] n=924 kutta=1 min|U_ii|=0.0049059 max|U_ii|=111026 ratio=4.41868e-08 pivots<1e-12: 0
  [LU] n=2520 kutta=1 min|U_ii|=0.0445846 max|U_ii|=6061.07 ratio=7.3559e-06 pivots<1e-12: 0
  [LU] n=924 kutta=1 min|U_ii|=0.00354299 max|U_ii|=195565 ratio=1.81167e-08 pivots<1e-12: 0
  [LU] n=924 kutta=1 min|U_ii|=0.00354299 max|U_ii|=195565 ratio=1.81167e-08 pivots<1e-12: 0
  [LU] n=924 kutta=1 min|U_ii|=0.0049059 max|U_ii|=111026 ratio=4.41868e-08 pivots<1e-12: 0
  [LU] n=2520 kutta=1 min|U_ii|=0.0445846 max|U_ii|=6061.07 ratio=7.3559e-06 pivots<1e-12: 0
  [LU] n=924 kutta=1 min|U_ii|=0.00354299 max|U_ii|=195565 ratio=1.81167e-08 pivots<1e-12: 0
  [LU] n=924 kutta=1 min|U_ii|=0.00354299 max|U_ii|=195565 ratio=1.81167e-08 pivots<1e-12: 0
  [LU] n=924 kutta=1 min|U_ii|=0.0049059 max|U_ii|=111026 ratio=4.41868e-08 pivots<1e-12: 0
  [LU] n=2520 kutta=1 min|U_ii|=0.0445846 max|U_ii|=6061.07 ratio=7.3559e-06 pivots<1e-12: 0
  [LU] n=924 kutta=1 min|U_ii|=0.00354299 max|U_ii|=195565 ratio=1.81167e-08 pivots<1e-12: 0
  [LU] n=924 kutta=1 min|U_ii|=0.00354299 max|U_ii|=195565 ratio=1.81167e-08 pivots<1e-12: 0
  [LU] n=924 kutta=1 min|U_ii|=0.0049059 max|U_ii|=111026 ratio=4.41868e-08 pivots<1e-12: 0
  [LU] n=2520 kutta=1 min|U_ii|=0.0445846 max|U_ii|=6061.07 ratio=7.3559e-06 pivots<1e-12: 0
  [LU] n=924 kutta=1 min|U_ii|=0.00354299 max|U_ii|=195565 ratio=1.81167e-08 pivots<1e-12: 0
  [LU] n=924 kutta=1 min|U_ii|=0.00354299 max|U_ii|=195565 ratio=1.81167e-08 pivots<1e-12: 0
  [LU] n=924 kutta=1 min|U_ii|=0.0049059 max|U_ii|=111026 ratio=4.41868e-08 pivots<1e-12: 0
  [LU] n=2520 kutta=1 min|U_ii|=0.0445846 max|U_ii|=6061.07 ratio=7.3559e-06 pivots<1e-12: 0
  [LU] n=924 kutta=1 min|U_ii|=0.00354299 max|U_ii|=195565 ratio=1.81167e-08 pivots<1e-12: 0
  [LU] n=924 kutta=1 min|U_ii|=0.00354299 max|U_ii|=195565 ratio=1.81167e-08 pivots<1e-12: 0
  [LU] n=924 kutta=1 min|U_ii|=0.0049059 max|U_ii|=111026 ratio=4.41868e-08 pivots<1e-12: 0
  [LU] n=2520 kutta=1 min|U_ii|=0.0445846 max|U_ii|=6061.07 ratio=7.3559e-06 pivots<1e-12: 0
  [LU] n=924 kutta=1 min|U_ii|=0.00354299 max|U_ii|=195565 ratio=1.81167e-08 pivots<1e-12: 0
  [LU] n=924 kutta=1 min|U_ii|=0.00354299 max|U_ii|=195565 ratio=1.81167e-08 pivots<1e-12: 0
  [LU] n=924 kutta=1 min|U_ii|=0.0049059 max|U_ii|=111026 ratio=4.41868e-08 pivots<1e-12: 0
  [LU] n=2520 kutta=1 min|U_ii|=0.0445846 max|U_ii|=6061.07 ratio=7.3559e-06 pivots<1e-12: 0
  [LU] n=924 kutta=1 min|U_ii|=0.00354299 max|U_ii|=195565 ratio=1.81167e-08 pivots<1e-12: 0
  [LU] n=924 kutta=1 min|U_ii|=0.00354299 max|U_ii|=195565 ratio=1.81167e-08 pivots<1e-12: 0
  [LU] n=924 kutta=1 min|U_ii|=0.0049059 max|U_ii|=111026 ratio=4.41868e-08 pivots<1e-12: 0
  [LU] n=2520 kutta=1 min|U_ii|=0.0445846 max|U_ii|=6061.07 ratio=7.3559e-06 pivots<1e-12: 0
  [LU] n=924 kutta=1 min|U_ii|=0.00354299 max|U_ii|=195565 ratio=1.81167e-08 pivots<1e-12: 0
  [LU] n=924 kutta=1 min|U_ii|=0.00354299 max|U_ii|=195565 ratio=1.81167e-08 pivots<1e-12: 0
  [LU] n=924 kutta=1 min|U_ii|=0.0049059 max|U_ii|=111026 ratio=4.41868e-08 pivots<1e-12: 0
  [LU] n=2520 kutta=1 min|U_ii|=0.0445846 max|U_ii|=6061.07 ratio=7.3559e-06 pivots<1e-12: 0
  [LU] n=924 kutta=1 min|U_ii|=0.00354299 max|U_ii|=195565 ratio=1.81167e-08 pivots<1e-12: 0
  [LU] n=924 kutta=1 min|U_ii|=0.00354299 max|U_ii|=195565 ratio=1.81167e-08 pivots<1e-12: 0
  [LU] n=924 kutta=1 min|U_ii|=0.0049059 max|U_ii|=111026 ratio=4.41868e-08 pivots<1e-12: 0
  [LU] n=2520 kutta=1 min|U_ii|=0.0445846 max|U_ii|=6061.07 ratio=7.3559e-06 pivots<1e-12: 0
  [LU] n=924 kutta=1 min|U_ii|=0.00354299 max|U_ii|=195565 ratio=1.81167e-08 pivots<1e-12: 0
  [LU] n=924 kutta=1 min|U_ii|=0.00354299 max|U_ii|=195565 ratio=1.81167e-08 pivots<1e-12: 0
  [LU] n=924 kutta=1 min|U_ii|=0.0049059 max|U_ii|=111026 ratio=4.41868e-08 pivots<1e-12: 0
  [LU] n=2520 kutta=1 min|U_ii|=0.0445846 max|U_ii|=6061.07 ratio=7.3559e-06 pivots<1e-12: 0
  [LU] n=924 kutta=1 min|U_ii|=0.00354299 max|U_ii|=195565 ratio=1.81167e-08 pivots<1e-12: 0
  [LU] n=924 kutta=1 min|U_ii|=0.00354299 max|U_ii|=195565 ratio=1.81167e-08 pivots<1e-12: 0
  [LU] n=924 kutta=1 min|U_ii|=0.0049059 max|U_ii|=111026 ratio=4.41868e-08 pivots<1e-12: 0
  [LU] n=2520 kutta=1 min|U_ii|=0.0445846 max|U_ii|=6061.07 ratio=7.3559e-06 pivots<1e-12: 0
  [LU] n=924 kutta=1 min|U_ii|=0.00354299 max|U_ii|=195565 ratio=1.81167e-08 pivots<1e-12: 0
  [LU] n=924 kutta=1 min|U_ii|=0.00354299 max|U_ii|=195565 ratio=1.81167e-08 pivots<1e-12: 0
  [LU] n=924 kutta=1 min|U_ii|=0.0049059 max|U_ii|=111026 ratio=4.41868e-08 pivots<1e-12: 0
  [LU] n=2520 kutta=1 min|U_ii|=0.0445846 max|U_ii|=6061.07 ratio=7.3559e-06 pivots<1e-12: 0
  [LU] n=924 kutta=1 min|U_ii|=0.00354299 max|U_ii|=195565 ratio=1.81167e-08 pivots<1e-12: 0
  [LU] n=924 kutta=1 min|U_ii|=0.00354299 max|U_ii|=195565 ratio=1.81167e-08 pivots<1e-12: 0
  [LU] n=924 kutta=1 min|U_ii|=0.0049059 max|U_ii|=111026 ratio=4.41868e-08 pivots<1e-12: 0
  [LU] n=2520 kutta=1 min|U_ii|=0.0445846 max|U_ii|=6061.07 ratio=7.3559e-06 pivots<1e-12: 0
  [LU] n=924 kutta=1 min|U_ii|=0.00354299 max|U_ii|=195565 ratio=1.81167e-08 pivots<1e-12: 0
  [LU] n=924 kutta=1 min|U_ii|=0.00354299 max|U_ii|=195565 ratio=1.81167e-08 pivots<1e-12: 0
  [LU] n=924 kutta=1 min|U_ii|=0.0049059 max|U_ii|=111026 ratio=4.41868e-08 pivots<1e-12: 0
  [LU] n=2520 kutta=1 min|U_ii|=0.0445846 max|U_ii|=6061.07 ratio=7.3559e-06 pivots<1e-12: 0
  [LU] n=924 kutta=1 min|U_ii|=0.00354299 max|U_ii|=195565 ratio=1.81167e-08 pivots<1e-12: 0
  [LU] n=924 kutta=1 min|U_ii|=0.00354299 max|U_ii|=195565 ratio=1.81167e-08 pivots<1e-12: 0
  [LU] n=924 kutta=1 min|U_ii|=0.0049059 max|U_ii|=111026 ratio=4.41868e-08 pivots<1e-12: 0
  [LU] n=2520 kutta=1 min|U_ii|=0.0445846 max|U_ii|=6061.07 ratio=7.3559e-06 pivots<1e-12: 0
  [LU] n=924 kutta=1 min|U_ii|=0.00354299 max|U_ii|=195565 ratio=1.81167e-08 pivots<1e-12: 0
  [LU] n=924 kutta=1 min|U_ii|=0.00354299 max|U_ii|=195565 ratio=1.81167e-08 pivots<1e-12: 0
  [LU] n=924 kutta=1 min|U_ii|=0.0049059 max|U_ii|=111026 ratio=4.41868e-08 pivots<1e-12: 0
  [LU] n=2520 kutta=1 min|U_ii|=0.0445846 max|U_ii|=6061.07 ratio=7.3559e-06 pivots<1e-12: 0
  [LU] n=924 kutta=1 min|U_ii|=0.00354299 max|U_ii|=195565 ratio=1.81167e-08 pivots<1e-12: 0
  [LU] n=924 kutta=1 min|U_ii|=0.00354299 max|U_ii|=195565 ratio=1.81167e-08 pivots<1e-12: 0
  [LU] n=924 kutta=1 min|U_ii|=0.0049059 max|U_ii|=111026 ratio=4.41868e-08 pivots<1e-12: 0
  [LU] n=2520 kutta=1 min|U_ii|=0.0445846 max|U_ii|=6061.07 ratio=7.3559e-06 pivots<1e-12: 0
  [LU] n=924 kutta=1 min|U_ii|=0.00354299 max|U_ii|=195565 ratio=1.81167e-08 pivots<1e-12: 0
  [LU] n=924 kutta=1 min|U_ii|=0.00354299 max|U_ii|=195565 ratio=1.81167e-08 pivots<1e-12: 0
  [LU] n=924 kutta=1 min|U_ii|=0.0049059 max|U_ii|=111026 ratio=4.41868e-08 pivots<1e-12: 0
  [LU] n=2520 kutta=1 min|U_ii|=0.0445846 max|U_ii|=6061.07 ratio=7.3559e-06 pivots<1e-12: 0
  [LU] n=924 kutta=1 min|U_ii|=0.00354299 max|U_ii|=195565 ratio=1.81167e-08 pivots<1e-12: 0
  [LU] n=924 kutta=1 min|U_ii|=0.00354299 max|U_ii|=195565 ratio=1.81167e-08 pivots<1e-12: 0
  [LU] n=924 kutta=1 min|U_ii|=0.0049059 max|U_ii|=111026 ratio=4.41868e-08 pivots<1e-12: 0
  [LU] n=2520 kutta=1 min|U_ii|=0.0445846 max|U_ii|=6061.07 ratio=7.3559e-06 pivots<1e-12: 0
  [LU] n=924 kutta=1 min|U_ii|=0.00354299 max|U_ii|=195565 ratio=1.81167e-08 pivots<1e-12: 0
  [LU] n=924 kutta=1 min|U_ii|=0.00354299 max|U_ii|=195565 ratio=1.81167e-08 pivots<1e-12: 0
  [LU] n=924 kutta=1 min|U_ii|=0.0049059 max|U_ii|=111026 ratio=4.41868e-08 pivots<1e-12: 0
  [LU] n=2520 kutta=1 min|U_ii|=0.0445846 max|U_ii|=6061.07 ratio=7.3559e-06 pivots<1e-12: 0
  [LU] n=924 kutta=1 min|U_ii|=0.00354299 max|U_ii|=195565 ratio=1.81167e-08 pivots<1e-12: 0
  [LU] n=924 kutta=1 min|U_ii|=0.00354299 max|U_ii|=195565 ratio=1.81167e-08 pivots<1e-12: 0
  [LU] n=924 kutta=1 min|U_ii|=0.0049059 max|U_ii|=111026 ratio=4.41868e-08 pivots<1e-12: 0
  [LU] n=2520 kutta=1 min|U_ii|=0.0445846 max|U_ii|=6061.07 ratio=7.3559e-06 pivots<1e-12: 0
  [LU] n=924 kutta=1 min|U_ii|=0.00354299 max|U_ii|=195565 ratio=1.81167e-08 pivots<1e-12: 0
  [LU] n=924 kutta=1 min|U_ii|=0.00354299 max|U_ii|=195565 ratio=1.81167e-08 pivots<1e-12: 0
  [LU] n=924 kutta=1 min|U_ii|=0.0049059 max|U_ii|=111026 ratio=4.41868e-08 pivots<1e-12: 0
  [LU] n=2520 kutta=1 min|U_ii|=0.0445846 max|U_ii|=6061.07 ratio=7.3559e-06 pivots<1e-12: 0
  [LU] n=924 kutta=1 min|U_ii|=0.00354299 max|U_ii|=195565 ratio=1.81167e-08 pivots<1e-12: 0
  [LU] n=924 kutta=1 min|U_ii|=0.00354299 max|U_ii|=195565 ratio=1.81167e-08 pivots<1e-12: 0
  [LU] n=924 kutta=1 min|U_ii|=0.0049059 max|U_ii|=111026 ratio=4.41868e-08 pivots<1e-12: 0
  [LU] n=2520 kutta=1 min|U_ii|=0.0445846 max|U_ii|=6061.07 ratio=7.3559e-06 pivots<1e-12: 0
  [LU] n=924 kutta=1 min|U_ii|=0.00354299 max|U_ii|=195565 ratio=1.81167e-08 pivots<1e-12: 0
  [LU] n=924 kutta=1 min|U_ii|=0.00354299 max|U_ii|=195565 ratio=1.81167e-08 pivots<1e-12: 0
  [LU] n=924 kutta=1 min|U_ii|=0.0049059 max|U_ii|=111026 ratio=4.41868e-08 pivots<1e-12: 0
  [LU] n=2520 kutta=1 min|U_ii|=0.0445846 max|U_ii|=6061.07 ratio=7.3559e-06 pivots<1e-12: 0
  [LU] n=924 kutta=1 min|U_ii|=0.00354299 max|U_ii|=195565 ratio=1.81167e-08 pivots<1e-12: 0
  [LU] n=924 kutta=1 min|U_ii|=0.00354299 max|U_ii|=195565 ratio=1.81167e-08 pivots<1e-12: 0
  [LU] n=924 kutta=1 min|U_ii|=0.0049059 max|U_ii|=111026 ratio=4.41868e-08 pivots<1e-12: 0
  [LU] n=2520 kutta=1 min|U_ii|=0.0445846 max|U_ii|=6061.07 ratio=7.3559e-06 pivots<1e-12: 0
  [LU] n=924 kutta=1 min|U_ii|=0.00354299 max|U_ii|=195565 ratio=1.81167e-08 pivots<1e-12: 0
  [LU] n=924 kutta=1 min|U_ii|=0.00354299 max|U_ii|=195565 ratio=1.81167e-08 pivots<1e-12: 0
  [LU] n=924 kutta=1 min|U_ii|=0.0049059 max|U_ii|=111026 ratio=4.41868e-08 pivots<1e-12: 0
  [LU] n=2520 kutta=1 min|U_ii|=0.0445846 max|U_ii|=6061.07 ratio=7.3559e-06 pivots<1e-12: 0
  [LU] n=924 kutta=1 min|U_ii|=0.00354299 max|U_ii|=195565 ratio=1.81167e-08 pivots<1e-12: 0
  [LU] n=924 kutta=1 min|U_ii|=0.00354299 max|U_ii|=195565 ratio=1.81167e-08 pivots<1e-12: 0
  [LU] n=924 kutta=1 min|U_ii|=0.0049059 max|U_ii|=111026 ratio=4.41868e-08 pivots<1e-12: 0
  [LU] n=2520 kutta=1 min|U_ii|=0.0445846 max|U_ii|=6061.07 ratio=7.3559e-06 pivots<1e-12: 0
  [LU] n=924 kutta=1 min|U_ii|=0.00354299 max|U_ii|=195565 ratio=1.81167e-08 pivots<1e-12: 0
  [LU] n=924 kutta=1 min|U_ii|=0.00354299 max|U_ii|=195565 ratio=1.81167e-08 pivots<1e-12: 0
  [LU] n=924 kutta=1 min|U_ii|=0.0049059 max|U_ii|=111026 ratio=4.41868e-08 pivots<1e-12: 0
  [LU] n=2520 kutta=1 min|U_ii|=0.0445846 max|U_ii|=6061.07 ratio=7.3559e-06 pivots<1e-12: 0
  [LU] n=924 kutta=1 min|U_ii|=0.00354299 max|U_ii|=195565 ratio=1.81167e-08 pivots<1e-12: 0
  [LU] n=924 kutta=1 min|U_ii|=0.00354299 max|U_ii|=195565 ratio=1.81167e-08 pivots<1e-12: 0
  [LU] n=924 kutta=1 min|U_ii|=0.0049059 max|U_ii|=111026 ratio=4.41868e-08 pivots<1e-12: 0
  [LU] n=2520 kutta=1 min|U_ii|=0.0445846 max|U_ii|=6061.07 ratio=7.3559e-06 pivots<1e-12: 0
  [LU] n=924 kutta=1 min|U_ii|=0.00354299 max|U_ii|=195565 ratio=1.81167e-08 pivots<1e-12: 0
  [LU] n=924 kutta=1 min|U_ii|=0.00354299 max|U_ii|=195565 ratio=1.81167e-08 pivots<1e-12: 0
  [LU] n=924 kutta=1 min|U_ii|=0.0049059 max|U_ii|=111026 ratio=4.41868e-08 pivots<1e-12: 0
  [LU] n=2520 kutta=1 min|U_ii|=0.0445846 max|U_ii|=6061.07 ratio=7.3559e-06 pivots<1e-12: 0
  [LU] n=924 kutta=1 min|U_ii|=0.00354299 max|U_ii|=195565 ratio=1.81167e-08 pivots<1e-12: 0
  [LU] n=924 kutta=1 min|U_ii|=0.00354299 max|U_ii|=195565 ratio=1.81167e-08 pivots<1e-12: 0
  [LU] n=924 kutta=1 min|U_ii|=0.0049059 max|U_ii|=111026 ratio=4.41868e-08 pivots<1e-12: 0
  [LU] n=2520 kutta=1 min|U_ii|=0.0445846 max|U_ii|=6061.07 ratio=7.3559e-06 pivots<1e-12: 0
  [LU] n=924 kutta=1 min|U_ii|=0.00354299 max|U_ii|=195565 ratio=1.81167e-08 pivots<1e-12: 0
  [LU] n=924 kutta=1 min|U_ii|=0.00354299 max|U_ii|=195565 ratio=1.81167e-08 pivots<1e-12: 0
  [LU] n=924 kutta=1 min|U_ii|=0.0049059 max|U_ii|=111026 ratio=4.41868e-08 pivots<1e-12: 0
  [LU] n=2520 kutta=1 min|U_ii|=0.0445846 max|U_ii|=6061.07 ratio=7.3559e-06 pivots<1e-12: 0
  [LU] n=924 kutta=1 min|U_ii|=0.00354299 max|U_ii|=195565 ratio=1.81167e-08 pivots<1e-12: 0
  [LU] n=924 kutta=1 min|U_ii|=0.00354299 max|U_ii|=195565 ratio=1.81167e-08 pivots<1e-12: 0
  [LU] n=924 kutta=1 min|U_ii|=0.0049059 max|U_ii|=111026 ratio=4.41868e-08 pivots<1e-12: 0
  [LU] n=2520 kutta=1 min|U_ii|=0.0445846 max|U_ii|=6061.07 ratio=7.3559e-06 pivots<1e-12: 0
  [LU] n=924 kutta=1 min|U_ii|=0.00354299 max|U_ii|=195565 ratio=1.81167e-08 pivots<1e-12: 0
  [LU] n=924 kutta=1 min|U_ii|=0.00354299 max|U_ii|=195565 ratio=1.81167e-08 pivots<1e-12: 0
  [LU] n=924 kutta=1 min|U_ii|=0.0049059 max|U_ii|=111026 ratio=4.41868e-08 pivots<1e-12: 0
  [LU] n=2520 kutta=1 min|U_ii|=0.0445846 max|U_ii|=6061.07 ratio=7.3559e-06 pivots<1e-12: 0
  [LU] n=924 kutta=1 min|U_ii|=0.00354299 max|U_ii|=195565 ratio=1.81167e-08 pivots<1e-12: 0
  [LU] n=924 kutta=1 min|U_ii|=0.00354299 max|U_ii|=195565 ratio=1.81167e-08 pivots<1e-12: 0
  [LU] n=924 kutta=1 min|U_ii|=0.0049059 max|U_ii|=111026 ratio=4.41868e-08 pivots<1e-12: 0
  [LU] n=2520 kutta=1 min|U_ii|=0.0445846 max|U_ii|=6061.07 ratio=7.3559e-06 pivots<1e-12: 0
  [LU] n=924 kutta=1 min|U_ii|=0.00354299 max|U_ii|=195565 ratio=1.81167e-08 pivots<1e-12: 0
  [LU] n=924 kutta=1 min|U_ii|=0.00354299 max|U_ii|=195565 ratio=1.81167e-08 pivots<1e-12: 0
  [LU] n=924 kutta=1 min|U_ii|=0.0049059 max|U_ii|=111026 ratio=4.41868e-08 pivots<1e-12: 0
  [LU] n=2520 kutta=1 min|U_ii|=0.0445846 max|U_ii|=6061.07 ratio=7.3559e-06 pivots<1e-12: 0
  [LU] n=924 kutta=1 min|U_ii|=0.00354299 max|U_ii|=195565 ratio=1.81167e-08 pivots<1e-12: 0
  [LU] n=924 kutta=1 min|U_ii|=0.00354299 max|U_ii|=195565 ratio=1.81167e-08 pivots<1e-12: 0
  [LU] n=924 kutta=1 min|U_ii|=0.0049059 max|U_ii|=111026 ratio=4.41868e-08 pivots<1e-12: 0
  [LU] n=2520 kutta=1 min|U_ii|=0.0445846 max|U_ii|=6061.07 ratio=7.3559e-06 pivots<1e-12: 0
  [LU] n=924 kutta=1 min|U_ii|=0.00354299 max|U_ii|=195565 ratio=1.81167e-08 pivots<1e-12: 0
  [LU] n=924 kutta=1 min|U_ii|=0.00354299 max|U_ii|=195565 ratio=1.81167e-08 pivots<1e-12: 0
  [LU] n=924 kutta=1 min|U_ii|=0.0049059 max|U_ii|=111026 ratio=4.41868e-08 pivots<1e-12: 0
  [LU] n=2520 kutta=1 min|U_ii|=0.0445846 max|U_ii|=6061.07 ratio=7.3559e-06 pivots<1e-12: 0
  [LU] n=924 kutta=1 min|U_ii|=0.00354299 max|U_ii|=195565 ratio=1.81167e-08 pivots<1e-12: 0
  [LU] n=924 kutta=1 min|U_ii|=0.00354299 max|U_ii|=195565 ratio=1.81167e-08 pivots<1e-12: 0
  [LU] n=924 kutta=1 min|U_ii|=0.0049059 max|U_ii|=111026 ratio=4.41868e-08 pivots<1e-12: 0
  [LU] n=2520 kutta=1 min|U_ii|=0.0445846 max|U_ii|=6061.07 ratio=7.3559e-06 pivots<1e-12: 0
  [LU] n=924 kutta=1 min|U_ii|=0.00354299 max|U_ii|=195565 ratio=1.81167e-08 pivots<1e-12: 0
  [LU] n=924 kutta=1 min|U_ii|=0.00354299 max|U_ii|=195565 ratio=1.81167e-08 pivots<1e-12: 0
  [LU] n=924 kutta=1 min|U_ii|=0.0049059 max|U_ii|=111026 ratio=4.41868e-08 pivots<1e-12: 0
  [LU] n=2520 kutta=1 min|U_ii|=0.0445846 max|U_ii|=6061.07 ratio=7.3559e-06 pivots<1e-12: 0
  [LU] n=924 kutta=1 min|U_ii|=0.00354299 max|U_ii|=195565 ratio=1.81167e-08 pivots<1e-12: 0
  [LU] n=924 kutta=1 min|U_ii|=0.00354299 max|U_ii|=195565 ratio=1.81167e-08 pivots<1e-12: 0
  [LU] n=924 kutta=1 min|U_ii|=0.0049059 max|U_ii|=111026 ratio=4.41868e-08 pivots<1e-12: 0
  [LU] n=2520 kutta=1 min|U_ii|=0.0445846 max|U_ii|=6061.07 ratio=7.3559e-06 pivots<1e-12: 0
  [LU] n=924 kutta=1 min|U_ii|=0.00354299 max|U_ii|=195565 ratio=1.81167e-08 pivots<1e-12: 0
  [LU] n=924 kutta=1 min|U_ii|=0.00354299 max|U_ii|=195565 ratio=1.81167e-08 pivots<1e-12: 0
  [LU] n=924 kutta=1 min|U_ii|=0.0049059 max|U_ii|=111026 ratio=4.41868e-08 pivots<1e-12: 0
  [LU] n=2520 kutta=1 min|U_ii|=0.0445846 max|U_ii|=6061.07 ratio=7.3559e-06 pivots<1e-12: 0
  [LU] n=924 kutta=1 min|U_ii|=0.00354299 max|U_ii|=195565 ratio=1.81167e-08 pivots<1e-12: 0
  [LU] n=924 kutta=1 min|U_ii|=0.00354299 max|U_ii|=195565 ratio=1.81167e-08 pivots<1e-12: 0
  [LU] n=924 kutta=1 min|U_ii|=0.0049059 max|U_ii|=111026 ratio=4.41868e-08 pivots<1e-12: 0
  [LU] n=2520 kutta=1 min|U_ii|=0.0445846 max|U_ii|=6061.07 ratio=7.3559e-06 pivots<1e-12: 0
  [LU] n=924 kutta=1 min|U_ii|=0.00354299 max|U_ii|=195565 ratio=1.81167e-08 pivots<1e-12: 0
  [LU] n=924 kutta=1 min|U_ii|=0.00354299 max|U_ii|=195565 ratio=1.81167e-08 pivots<1e-12: 0
  [LU] n=924 kutta=1 min|U_ii|=0.0049059 max|U_ii|=111026 ratio=4.41868e-08 pivots<1e-12: 0
  [LU] n=2520 kutta=1 min|U_ii|=0.0445846 max|U_ii|=6061.07 ratio=7.3559e-06 pivots<1e-12: 0
  [LU] n=924 kutta=1 min|U_ii|=0.00354299 max|U_ii|=195565 ratio=1.81167e-08 pivots<1e-12: 0
  [LU] n=924 kutta=1 min|U_ii|=0.00354299 max|U_ii|=195565 ratio=1.81167e-08 pivots<1e-12: 0
  [LU] n=924 kutta=1 min|U_ii|=0.0049059 max|U_ii|=111026 ratio=4.41868e-08 pivots<1e-12: 0
  [LU] n=2520 kutta=1 min|U_ii|=0.0445846 max|U_ii|=6061.07 ratio=7.3559e-06 pivots<1e-12: 0
  [LU] n=924 kutta=1 min|U_ii|=0.00354299 max|U_ii|=195565 ratio=1.81167e-08 pivots<1e-12: 0
  [LU] n=924 kutta=1 min|U_ii|=0.00354299 max|U_ii|=195565 ratio=1.81167e-08 pivots<1e-12: 0
  [LU] n=924 kutta=1 min|U_ii|=0.0049059 max|U_ii|=111026 ratio=4.41868e-08 pivots<1e-12: 0
  [LU] n=2520 kutta=1 min|U_ii|=0.0445846 max|U_ii|=6061.07 ratio=7.3559e-06 pivots<1e-12: 0
  [LU] n=924 kutta=1 min|U_ii|=0.00354299 max|U_ii|=195565 ratio=1.81167e-08 pivots<1e-12: 0
  [LU] n=924 kutta=1 min|U_ii|=0.00354299 max|U_ii|=195565 ratio=1.81167e-08 pivots<1e-12: 0
  [LU] n=924 kutta=1 min|U_ii|=0.0049059 max|U_ii|=111026 ratio=4.41868e-08 pivots<1e-12: 0
  [LU] n=2520 kutta=1 min|U_ii|=0.0445846 max|U_ii|=6061.07 ratio=7.3559e-06 pivots<1e-12: 0
  [LU] n=924 kutta=1 min|U_ii|=0.00354299 max|U_ii|=195565 ratio=1.81167e-08 pivots<1e-12: 0
  [LU] n=924 kutta=1 min|U_ii|=0.00354299 max|U_ii|=195565 ratio=1.81167e-08 pivots<1e-12: 0
  [LU] n=924 kutta=1 min|U_ii|=0.0049059 max|U_ii|=111026 ratio=4.41868e-08 pivots<1e-12: 0
  [LU] n=2520 kutta=1 min|U_ii|=0.0445846 max|U_ii|=6061.07 ratio=7.3559e-06 pivots<1e-12: 0
  [LU] n=924 kutta=1 min|U_ii|=0.00354299 max|U_ii|=195565 ratio=1.81167e-08 pivots<1e-12: 0
  [LU] n=924 kutta=1 min|U_ii|=0.00354299 max|U_ii|=195565 ratio=1.81167e-08 pivots<1e-12: 0
  [LU] n=924 kutta=1 min|U_ii|=0.0049059 max|U_ii|=111026 ratio=4.41868e-08 pivots<1e-12: 0
  [LU] n=2520 kutta=1 min|U_ii|=0.0445846 max|U_ii|=6061.07 ratio=7.3559e-06 pivots<1e-12: 0
  [LU] n=924 kutta=1 min|U_ii|=0.00354299 max|U_ii|=195565 ratio=1.81167e-08 pivots<1e-12: 0
  [LU] n=924 kutta=1 min|U_ii|=0.00354299 max|U_ii|=195565 ratio=1.81167e-08 pivots<1e-12: 0
  [LU] n=924 kutta=1 min|U_ii|=0.0049059 max|U_ii|=111026 ratio=4.41868e-08 pivots<1e-12: 0
  [LU] n=2520 kutta=1 min|U_ii|=0.0445846 max|U_ii|=6061.07 ratio=7.3559e-06 pivots<1e-12: 0
  [LU] n=924 kutta=1 min|U_ii|=0.00354299 max|U_ii|=195565 ratio=1.81167e-08 pivots<1e-12: 0
  [LU] n=924 kutta=1 min|U_ii|=0.00354299 max|U_ii|=195565 ratio=1.81167e-08 pivots<1e-12: 0
  [LU] n=924 kutta=1 min|U_ii|=0.0049059 max|U_ii|=111026 ratio=4.41868e-08 pivots<1e-12: 0
  [LU] n=2520 kutta=1 min|U_ii|=0.0445846 max|U_ii|=6061.07 ratio=7.3559e-06 pivots<1e-12: 0
  [LU] n=924 kutta=1 min|U_ii|=0.00354299 max|U_ii|=195565 ratio=1.81167e-08 pivots<1e-12: 0
  [LU] n=924 kutta=1 min|U_ii|=0.00354299 max|U_ii|=195565 ratio=1.81167e-08 pivots<1e-12: 0
  [LU] n=924 kutta=1 min|U_ii|=0.0049059 max|U_ii|=111026 ratio=4.41868e-08 pivots<1e-12: 0
  [LU] n=2520 kutta=1 min|U_ii|=0.0445846 max|U_ii|=6061.07 ratio=7.3559e-06 pivots<1e-12: 0
  [LU] n=924 kutta=1 min|U_ii|=0.00354299 max|U_ii|=195565 ratio=1.81167e-08 pivots<1e-12: 0
  [LU] n=924 kutta=1 min|U_ii|=0.00354299 max|U_ii|=195565 ratio=1.81167e-08 pivots<1e-12: 0
  [LU] n=924 kutta=1 min|U_ii|=0.0049059 max|U_ii|=111026 ratio=4.41868e-08 pivots<1e-12: 0
  [LU] n=2520 kutta=1 min|U_ii|=0.0445846 max|U_ii|=6061.07 ratio=7.3559e-06 pivots<1e-12: 0
  [LU] n=924 kutta=1 min|U_ii|=0.00354299 max|U_ii|=195565 ratio=1.81167e-08 pivots<1e-12: 0
  [LU] n=924 kutta=1 min|U_ii|=0.00354299 max|U_ii|=195565 ratio=1.81167e-08 pivots<1e-12: 0
  [LU] n=924 kutta=1 min|U_ii|=0.0049059 max|U_ii|=111026 ratio=4.41868e-08 pivots<1e-12: 0
  [LU] n=2520 kutta=1 min|U_ii|=0.0445846 max|U_ii|=6061.07 ratio=7.3559e-06 pivots<1e-12: 0
  [LU] n=924 kutta=1 min|U_ii|=0.00354299 max|U_ii|=195565 ratio=1.81167e-08 pivots<1e-12: 0
  [LU] n=924 kutta=1 min|U_ii|=0.00354299 max|U_ii|=195565 ratio=1.81167e-08 pivots<1e-12: 0
  [LU] n=924 kutta=1 min|U_ii|=0.0049059 max|U_ii|=111026 ratio=4.41868e-08 pivots<1e-12: 0
  [LU] n=2520 kutta=1 min|U_ii|=0.0445846 max|U_ii|=6061.07 ratio=7.3559e-06 pivots<1e-12: 0
  [LU] n=924 kutta=1 min|U_ii|=0.00354299 max|U_ii|=195565 ratio=1.81167e-08 pivots<1e-12: 0
  [LU] n=924 kutta=1 min|U_ii|=0.00354299 max|U_ii|=195565 ratio=1.81167e-08 pivots<1e-12: 0
  [LU] n=924 kutta=1 min|U_ii|=0.0049059 max|U_ii|=111026 ratio=4.41868e-08 pivots<1e-12: 0
  [LU] n=2520 kutta=1 min|U_ii|=0.0445846 max|U_ii|=6061.07 ratio=7.3559e-06 pivots<1e-12: 0
  [LU] n=924 kutta=1 min|U_ii|=0.00354299 max|U_ii|=195565 ratio=1.81167e-08 pivots<1e-12: 0
  [LU] n=924 kutta=1 min|U_ii|=0.00354299 max|U_ii|=195565 ratio=1.81167e-08 pivots<1e-12: 0
  [LU] n=924 kutta=1 min|U_ii|=0.0049059 max|U_ii|=111026 ratio=4.41868e-08 pivots<1e-12: 0
  [LU] n=2520 kutta=1 min|U_ii|=0.0445846 max|U_ii|=6061.07 ratio=7.3559e-06 pivots<1e-12: 0
  [LU] n=924 kutta=1 min|U_ii|=0.00354299 max|U_ii|=195565 ratio=1.81167e-08 pivots<1e-12: 0
  [LU] n=924 kutta=1 min|U_ii|=0.00354299 max|U_ii|=195565 ratio=1.81167e-08 pivots<1e-12: 0
  [LU] n=924 kutta=1 min|U_ii|=0.0049059 max|U_ii|=111026 ratio=4.41868e-08 pivots<1e-12: 0
  [LU] n=2520 kutta=1 min|U_ii|=0.0445846 max|U_ii|=6061.07 ratio=7.3559e-06 pivots<1e-12: 0
  [LU] n=924 kutta=1 min|U_ii|=0.00354299 max|U_ii|=195565 ratio=1.81167e-08 pivots<1e-12: 0
  [LU] n=924 kutta=1 min|U_ii|=0.00354299 max|U_ii|=195565 ratio=1.81167e-08 pivots<1e-12: 0
  [LU] n=924 kutta=1 min|U_ii|=0.0049059 max|U_ii|=111026 ratio=4.41868e-08 pivots<1e-12: 0
  [LU] n=2520 kutta=1 min|U_ii|=0.0445846 max|U_ii|=6061.07 ratio=7.3559e-06 pivots<1e-12: 0
  [LU] n=924 kutta=1 min|U_ii|=0.00354299 max|U_ii|=195565 ratio=1.81167e-08 pivots<1e-12: 0
  [LU] n=924 kutta=1 min|U_ii|=0.00354299 max|U_ii|=195565 ratio=1.81167e-08 pivots<1e-12: 0
  [LU] n=924 kutta=1 min|U_ii|=0.0049059 max|U_ii|=111026 ratio=4.41868e-08 pivots<1e-12: 0
  [LU] n=2520 kutta=1 min|U_ii|=0.0445846 max|U_ii|=6061.07 ratio=7.3559e-06 pivots<1e-12: 0
  [LU] n=924 kutta=1 min|U_ii|=0.00354299 max|U_ii|=195565 ratio=1.81167e-08 pivots<1e-12: 0
  [LU] n=924 kutta=1 min|U_ii|=0.00354299 max|U_ii|=195565 ratio=1.81167e-08 pivots<1e-12: 0
  [LU] n=924 kutta=1 min|U_ii|=0.0049059 max|U_ii|=111026 ratio=4.41868e-08 pivots<1e-12: 0
  [LU] n=2520 kutta=1 min|U_ii|=0.0445846 max|U_ii|=6061.07 ratio=7.3559e-06 pivots<1e-12: 0
  [LU] n=924 kutta=1 min|U_ii|=0.00354299 max|U_ii|=195565 ratio=1.81167e-08 pivots<1e-12: 0
  [LU] n=924 kutta=1 min|U_ii|=0.00354299 max|U_ii|=195565 ratio=1.81167e-08 pivots<1e-12: 0
  [LU] n=924 kutta=1 min|U_ii|=0.0049059 max|U_ii|=111026 ratio=4.41868e-08 pivots<1e-12: 0
  [LU] n=2520 kutta=1 min|U_ii|=0.0445846 max|U_ii|=6061.07 ratio=7.3559e-06 pivots<1e-12: 0
  [LU] n=924 kutta=1 min|U_ii|=0.00354299 max|U_ii|=195565 ratio=1.81167e-08 pivots<1e-12: 0
  [LU] n=924 kutta=1 min|U_ii|=0.00354299 max|U_ii|=195565 ratio=1.81167e-08 pivots<1e-12: 0
  [LU] n=924 kutta=1 min|U_ii|=0.0049059 max|U_ii|=111026 ratio=4.41868e-08 pivots<1e-12: 0
  [LU] n=2520 kutta=1 min|U_ii|=0.0445846 max|U_ii|=6061.07 ratio=7.3559e-06 pivots<1e-12: 0
  [LU] n=924 kutta=1 min|U_ii|=0.00354299 max|U_ii|=195565 ratio=1.81167e-08 pivots<1e-12: 0
  [LU] n=924 kutta=1 min|U_ii|=0.00354299 max|U_ii|=195565 ratio=1.81167e-08 pivots<1e-12: 0
  [LU] n=924 kutta=1 min|U_ii|=0.0049059 max|U_ii|=111026 ratio=4.41868e-08 pivots<1e-12: 0
  [LU] n=2520 kutta=1 min|U_ii|=0.0445846 max|U_ii|=6061.07 ratio=7.3559e-06 pivots<1e-12: 0
  [LU] n=924 kutta=1 min|U_ii|=0.00354299 max|U_ii|=195565 ratio=1.81167e-08 pivots<1e-12: 0
  [LU] n=924 kutta=1 min|U_ii|=0.00354299 max|U_ii|=195565 ratio=1.81167e-08 pivots<1e-12: 0
  [LU] n=924 kutta=1 min|U_ii|=0.0049059 max|U_ii|=111026 ratio=4.41868e-08 pivots<1e-12: 0
  [LU] n=2520 kutta=1 min|U_ii|=0.0445846 max|U_ii|=6061.07 ratio=7.3559e-06 pivots<1e-12: 0
  [LU] n=924 kutta=1 min|U_ii|=0.00354299 max|U_ii|=195565 ratio=1.81167e-08 pivots<1e-12: 0
  [LU] n=924 kutta=1 min|U_ii|=0.00354299 max|U_ii|=195565 ratio=1.81167e-08 pivots<1e-12: 0
  [LU] n=924 kutta=1 min|U_ii|=0.0049059 max|U_ii|=111026 ratio=4.41868e-08 pivots<1e-12: 0
  [LU] n=2520 kutta=1 min|U_ii|=0.0445846 max|U_ii|=6061.07 ratio=7.3559e-06 pivots<1e-12: 0
  [LU] n=924 kutta=1 min|U_ii|=0.00354299 max|U_ii|=195565 ratio=1.81167e-08 pivots<1e-12: 0
  [LU] n=924 kutta=1 min|U_ii|=0.00354299 max|U_ii|=195565 ratio=1.81167e-08 pivots<1e-12: 0
  [LU] n=924 kutta=1 min|U_ii|=0.0049059 max|U_ii|=111026 ratio=4.41868e-08 pivots<1e-12: 0
  [LU] n=2520 kutta=1 min|U_ii|=0.0445846 max|U_ii|=6061.07 ratio=7.3559e-06 pivots<1e-12: 0
  [LU] n=924 kutta=1 min|U_ii|=0.00354299 max|U_ii|=195565 ratio=1.81167e-08 pivots<1e-12: 0
  [LU] n=924 kutta=1 min|U_ii|=0.00354299 max|U_ii|=195565 ratio=1.81167e-08 pivots<1e-12: 0
  [LU] n=924 kutta=1 min|U_ii|=0.0049059 max|U_ii|=111026 ratio=4.41868e-08 pivots<1e-12: 0
  [LU] n=2520 kutta=1 min|U_ii|=0.0445846 max|U_ii|=6061.07 ratio=7.3559e-06 pivots<1e-12: 0
  [LU] n=924 kutta=1 min|U_ii|=0.00354299 max|U_ii|=195565 ratio=1.81167e-08 pivots<1e-12: 0
  [LU] n=924 kutta=1 min|U_ii|=0.00354299 max|U_ii|=195565 ratio=1.81167e-08 pivots<1e-12: 0
  [LU] n=924 kutta=1 min|U_ii|=0.0049059 max|U_ii|=111026 ratio=4.41868e-08 pivots<1e-12: 0
  [LU] n=2520 kutta=1 min|U_ii|=0.0445846 max|U_ii|=6061.07 ratio=7.3559e-06 pivots<1e-12: 0
  [LU] n=924 kutta=1 min|U_ii|=0.00354299 max|U_ii|=195565 ratio=1.81167e-08 pivots<1e-12: 0
  [LU] n=924 kutta=1 min|U_ii|=0.00354299 max|U_ii|=195565 ratio=1.81167e-08 pivots<1e-12: 0
  [LU] n=924 kutta=1 min|U_ii|=0.0049059 max|U_ii|=111026 ratio=4.41868e-08 pivots<1e-12: 0
  [LU] n=2520 kutta=1 min|U_ii|=0.0445846 max|U_ii|=6061.07 ratio=7.3559e-06 pivots<1e-12: 0
  [LU] n=924 kutta=1 min|U_ii|=0.00354299 max|U_ii|=195565 ratio=1.81167e-08 pivots<1e-12: 0
  [LU] n=924 kutta=1 min|U_ii|=0.00354299 max|U_ii|=195565 ratio=1.81167e-08 pivots<1e-12: 0
  [LU] n=924 kutta=1 min|U_ii|=0.0049059 max|U_ii|=111026 ratio=4.41868e-08 pivots<1e-12: 0
  [LU] n=2520 kutta=1 min|U_ii|=0.0445846 max|U_ii|=6061.07 ratio=7.3559e-06 pivots<1e-12: 0
  [LU] n=924 kutta=1 min|U_ii|=0.00354299 max|U_ii|=195565 ratio=1.81167e-08 pivots<1e-12: 0
  [LU] n=924 kutta=1 min|U_ii|=0.00354299 max|U_ii|=195565 ratio=1.81167e-08 pivots<1e-12: 0
  [LU] n=924 kutta=1 min|U_ii|=0.0049059 max|U_ii|=111026 ratio=4.41868e-08 pivots<1e-12: 0
  [LU] n=2520 kutta=1 min|U_ii|=0.0445846 max|U_ii|=6061.07 ratio=7.3559e-06 pivots<1e-12: 0
  [LU] n=924 kutta=1 min|U_ii|=0.00354299 max|U_ii|=195565 ratio=1.81167e-08 pivots<1e-12: 0
  [LU] n=924 kutta=1 min|U_ii|=0.00354299 max|U_ii|=195565 ratio=1.81167e-08 pivots<1e-12: 0
  [LU] n=924 kutta=1 min|U_ii|=0.0049059 max|U_ii|=111026 ratio=4.41868e-08 pivots<1e-12: 0
  [LU] n=2520 kutta=1 min|U_ii|=0.0445846 max|U_ii|=6061.07 ratio=7.3559e-06 pivots<1e-12: 0
  [LU] n=924 kutta=1 min|U_ii|=0.00354299 max|U_ii|=195565 ratio=1.81167e-08 pivots<1e-12: 0
  [LU] n=924 kutta=1 min|U_ii|=0.00354299 max|U_ii|=195565 ratio=1.81167e-08 pivots<1e-12: 0
  [LU] n=924 kutta=1 min|U_ii|=0.0049059 max|U_ii|=111026 ratio=4.41868e-08 pivots<1e-12: 0
  [LU] n=2520 kutta=1 min|U_ii|=0.0445846 max|U_ii|=6061.07 ratio=7.3559e-06 pivots<1e-12: 0
  [LU] n=924 kutta=1 min|U_ii|=0.00354299 max|U_ii|=195565 ratio=1.81167e-08 pivots<1e-12: 0
  [LU] n=924 kutta=1 min|U_ii|=0.00354299 max|U_ii|=195565 ratio=1.81167e-08 pivots<1e-12: 0
  [LU] n=924 kutta=1 min|U_ii|=0.0049059 max|U_ii|=111026 ratio=4.41868e-08 pivots<1e-12: 0
  [LU] n=2520 kutta=1 min|U_ii|=0.0445846 max|U_ii|=6061.07 ratio=7.3559e-06 pivots<1e-12: 0
  [LU] n=924 kutta=1 min|U_ii|=0.00354299 max|U_ii|=195565 ratio=1.81167e-08 pivots<1e-12: 0
  [LU] n=924 kutta=1 min|U_ii|=0.00354299 max|U_ii|=195565 ratio=1.81167e-08 pivots<1e-12: 0
  [LU] n=924 kutta=1 min|U_ii|=0.0049059 max|U_ii|=111026 ratio=4.41868e-08 pivots<1e-12: 0
  [LU] n=2520 kutta=1 min|U_ii|=0.0445846 max|U_ii|=6061.07 ratio=7.3559e-06 pivots<1e-12: 0
  [LU] n=924 kutta=1 min|U_ii|=0.00354299 max|U_ii|=195565 ratio=1.81167e-08 pivots<1e-12: 0
  [LU] n=924 kutta=1 min|U_ii|=0.00354299 max|U_ii|=195565 ratio=1.81167e-08 pivots<1e-12: 0
  [LU] n=924 kutta=1 min|U_ii|=0.0049059 max|U_ii|=111026 ratio=4.41868e-08 pivots<1e-12: 0
  [LU] n=2520 kutta=1 min|U_ii|=0.0445846 max|U_ii|=6061.07 ratio=7.3559e-06 pivots<1e-12: 0
  [LU] n=924 kutta=1 min|U_ii|=0.00354299 max|U_ii|=195565 ratio=1.81167e-08 pivots<1e-12: 0
  [LU] n=924 kutta=1 min|U_ii|=0.00354299 max|U_ii|=195565 ratio=1.81167e-08 pivots<1e-12: 0
  [LU] n=924 kutta=1 min|U_ii|=0.0049059 max|U_ii|=111026 ratio=4.41868e-08 pivots<1e-12: 0
  [LU] n=2520 kutta=1 min|U_ii|=0.0445846 max|U_ii|=6061.07 ratio=7.3559e-06 pivots<1e-12: 0
  [LU] n=924 kutta=1 min|U_ii|=0.00354299 max|U_ii|=195565 ratio=1.81167e-08 pivots<1e-12: 0
  [LU] n=924 kutta=1 min|U_ii|=0.00354299 max|U_ii|=195565 ratio=1.81167e-08 pivots<1e-12: 0
  [LU] n=924 kutta=1 min|U_ii|=0.0049059 max|U_ii|=111026 ratio=4.41868e-08 pivots<1e-12: 0
  [LU] n=2520 kutta=1 min|U_ii|=0.0445846 max|U_ii|=6061.07 ratio=7.3559e-06 pivots<1e-12: 0
  [LU] n=924 kutta=1 min|U_ii|=0.00354299 max|U_ii|=195565 ratio=1.81167e-08 pivots<1e-12: 0
  [LU] n=924 kutta=1 min|U_ii|=0.00354299 max|U_ii|=195565 ratio=1.81167e-08 pivots<1e-12: 0
  [LU] n=924 kutta=1 min|U_ii|=0.0049059 max|U_ii|=111026 ratio=4.41868e-08 pivots<1e-12: 0
  [LU] n=2520 kutta=1 min|U_ii|=0.0445846 max|U_ii|=6061.07 ratio=7.3559e-06 pivots<1e-12: 0
  [LU] n=924 kutta=1 min|U_ii|=0.00354299 max|U_ii|=195565 ratio=1.81167e-08 pivots<1e-12: 0
  [LU] n=924 kutta=1 min|U_ii|=0.00354299 max|U_ii|=195565 ratio=1.81167e-08 pivots<1e-12: 0
  [LU] n=924 kutta=1 min|U_ii|=0.0049059 max|U_ii|=111026 ratio=4.41868e-08 pivots<1e-12: 0
  [LU] n=2520 kutta=1 min|U_ii|=0.0445846 max|U_ii|=6061.07 ratio=7.3559e-06 pivots<1e-12: 0
  [LU] n=924 kutta=1 min|U_ii|=0.00354299 max|U_ii|=195565 ratio=1.81167e-08 pivots<1e-12: 0
  [LU] n=924 kutta=1 min|U_ii|=0.00354299 max|U_ii|=195565 ratio=1.81167e-08 pivots<1e-12: 0
  [LU] n=924 kutta=1 min|U_ii|=0.0049059 max|U_ii|=111026 ratio=4.41868e-08 pivots<1e-12: 0
  [LU] n=2520 kutta=1 min|U_ii|=0.0445846 max|U_ii|=6061.07 ratio=7.3559e-06 pivots<1e-12: 0
  [LU] n=924 kutta=1 min|U_ii|=0.00354299 max|U_ii|=195565 ratio=1.81167e-08 pivots<1e-12: 0
  [LU] n=924 kutta=1 min|U_ii|=0.00354299 max|U_ii|=195565 ratio=1.81167e-08 pivots<1e-12: 0
  [LU] n=924 kutta=1 min|U_ii|=0.0049059 max|U_ii|=111026 ratio=4.41868e-08 pivots<1e-12: 0
  [LU] n=2520 kutta=1 min|U_ii|=0.0445846 max|U_ii|=6061.07 ratio=7.3559e-06 pivots<1e-12: 0
  [LU] n=924 kutta=1 min|U_ii|=0.00354299 max|U_ii|=195565 ratio=1.81167e-08 pivots<1e-12: 0
  [LU] n=924 kutta=1 min|U_ii|=0.00354299 max|U_ii|=195565 ratio=1.81167e-08 pivots<1e-12: 0
  [LU] n=924 kutta=1 min|U_ii|=0.0049059 max|U_ii|=111026 ratio=4.41868e-08 pivots<1e-12: 0
  [LU] n=2520 kutta=1 min|U_ii|=0.0445846 max|U_ii|=6061.07 ratio=7.3559e-06 pivots<1e-12: 0
  [LU] n=924 kutta=1 min|U_ii|=0.00354299 max|U_ii|=195565 ratio=1.81167e-08 pivots<1e-12: 0
  [LU] n=924 kutta=1 min|U_ii|=0.00354299 max|U_ii|=195565 ratio=1.81167e-08 pivots<1e-12: 0
  [LU] n=924 kutta=1 min|U_ii|=0.0049059 max|U_ii|=111026 ratio=4.41868e-08 pivots<1e-12: 0
  [LU] n=2520 kutta=1 min|U_ii|=0.0445846 max|U_ii|=6061.07 ratio=7.3559e-06 pivots<1e-12: 0
  [LU] n=924 kutta=1 min|U_ii|=0.00354299 max|U_ii|=195565 ratio=1.81167e-08 pivots<1e-12: 0
  [LU] n=924 kutta=1 min|U_ii|=0.00354299 max|U_ii|=195565 ratio=1.81167e-08 pivots<1e-12: 0
  [LU] n=924 kutta=1 min|U_ii|=0.0049059 max|U_ii|=111026 ratio=4.41868e-08 pivots<1e-12: 0
  [LU] n=2520 kutta=1 min|U_ii|=0.0445846 max|U_ii|=6061.07 ratio=7.3559e-06 pivots<1e-12: 0
  [LU] n=924 kutta=1 min|U_ii|=0.00354299 max|U_ii|=195565 ratio=1.81167e-08 pivots<1e-12: 0
  [LU] n=924 kutta=1 min|U_ii|=0.00354299 max|U_ii|=195565 ratio=1.81167e-08 pivots<1e-12: 0
  [LU] n=924 kutta=1 min|U_ii|=0.0049059 max|U_ii|=111026 ratio=4.41868e-08 pivots<1e-12: 0
  [LU] n=2520 kutta=1 min|U_ii|=0.0445846 max|U_ii|=6061.07 ratio=7.3559e-06 pivots<1e-12: 0
  [LU] n=924 kutta=1 min|U_ii|=0.00354299 max|U_ii|=195565 ratio=1.81167e-08 pivots<1e-12: 0
  [LU] n=924 kutta=1 min|U_ii|=0.00354299 max|U_ii|=195565 ratio=1.81167e-08 pivots<1e-12: 0
  [LU] n=924 kutta=1 min|U_ii|=0.0049059 max|U_ii|=111026 ratio=4.41868e-08 pivots<1e-12: 0
  [LU] n=2520 kutta=1 min|U_ii|=0.0445846 max|U_ii|=6061.07 ratio=7.3559e-06 pivots<1e-12: 0
  [LU] n=924 kutta=1 min|U_ii|=0.00354299 max|U_ii|=195565 ratio=1.81167e-08 pivots<1e-12: 0
  [LU] n=924 kutta=1 min|U_ii|=0.00354299 max|U_ii|=195565 ratio=1.81167e-08 pivots<1e-12: 0
  [LU] n=924 kutta=1 min|U_ii|=0.0049059 max|U_ii|=111026 ratio=4.41868e-08 pivots<1e-12: 0
  [LU] n=2520 kutta=1 min|U_ii|=0.0445846 max|U_ii|=6061.07 ratio=7.3559e-06 pivots<1e-12: 0
  [LU] n=924 kutta=1 min|U_ii|=0.00354299 max|U_ii|=195565 ratio=1.81167e-08 pivots<1e-12: 0
  [LU] n=924 kutta=1 min|U_ii|=0.00354299 max|U_ii|=195565 ratio=1.81167e-08 pivots<1e-12: 0
  [LU] n=924 kutta=1 min|U_ii|=0.0049059 max|U_ii|=111026 ratio=4.41868e-08 pivots<1e-12: 0
  [LU] n=2520 kutta=1 min|U_ii|=0.0445846 max|U_ii|=6061.07 ratio=7.3559e-06 pivots<1e-12: 0
  [LU] n=924 kutta=1 min|U_ii|=0.00354299 max|U_ii|=195565 ratio=1.81167e-08 pivots<1e-12: 0
  [LU] n=924 kutta=1 min|U_ii|=0.00354299 max|U_ii|=195565 ratio=1.81167e-08 pivots<1e-12: 0
  [LU] n=924 kutta=1 min|U_ii|=0.0049059 max|U_ii|=111026 ratio=4.41868e-08 pivots<1e-12: 0
  [LU] n=2520 kutta=1 min|U_ii|=0.0445846 max|U_ii|=6061.07 ratio=7.3559e-06 pivots<1e-12: 0
  [LU] n=924 kutta=1 min|U_ii|=0.00354299 max|U_ii|=195565 ratio=1.81167e-08 pivots<1e-12: 0
  [LU] n=924 kutta=1 min|U_ii|=0.00354299 max|U_ii|=195565 ratio=1.81167e-08 pivots<1e-12: 0
  [LU] n=924 kutta=1 min|U_ii|=0.0049059 max|U_ii|=111026 ratio=4.41868e-08 pivots<1e-12: 0
  [LU] n=2520 kutta=1 min|U_ii|=0.0445846 max|U_ii|=6061.07 ratio=7.3559e-06 pivots<1e-12: 0
  [LU] n=924 kutta=1 min|U_ii|=0.00354299 max|U_ii|=195565 ratio=1.81167e-08 pivots<1e-12: 0
  [LU] n=924 kutta=1 min|U_ii|=0.00354299 max|U_ii|=195565 ratio=1.81167e-08 pivots<1e-12: 0
  [LU] n=924 kutta=1 min|U_ii|=0.0049059 max|U_ii|=111026 ratio=4.41868e-08 pivots<1e-12: 0
  [LU] n=2520 kutta=1 min|U_ii|=0.0445846 max|U_ii|=6061.07 ratio=7.3559e-06 pivots<1e-12: 0
  [LU] n=924 kutta=1 min|U_ii|=0.00354299 max|U_ii|=195565 ratio=1.81167e-08 pivots<1e-12: 0
  [LU] n=924 kutta=1 min|U_ii|=0.00354299 max|U_ii|=195565 ratio=1.81167e-08 pivots<1e-12: 0
  [LU] n=924 kutta=1 min|U_ii|=0.0049059 max|U_ii|=111026 ratio=4.41868e-08 pivots<1e-12: 0
  [LU] n=2520 kutta=1 min|U_ii|=0.0445846 max|U_ii|=6061.07 ratio=7.3559e-06 pivots<1e-12: 0
  [LU] n=924 kutta=1 min|U_ii|=0.00354299 max|U_ii|=195565 ratio=1.81167e-08 pivots<1e-12: 0
  [LU] n=924 kutta=1 min|U_ii|=0.00354299 max|U_ii|=195565 ratio=1.81167e-08 pivots<1e-12: 0
  [LU] n=924 kutta=1 min|U_ii|=0.0049059 max|U_ii|=111026 ratio=4.41868e-08 pivots<1e-12: 0
  [LU] n=2520 kutta=1 min|U_ii|=0.0445846 max|U_ii|=6061.07 ratio=7.3559e-06 pivots<1e-12: 0
  [LU] n=924 kutta=1 min|U_ii|=0.00354299 max|U_ii|=195565 ratio=1.81167e-08 pivots<1e-12: 0
  [LU] n=924 kutta=1 min|U_ii|=0.00354299 max|U_ii|=195565 ratio=1.81167e-08 pivots<1e-12: 0
  [LU] n=924 kutta=1 min|U_ii|=0.0049059 max|U_ii|=111026 ratio=4.41868e-08 pivots<1e-12: 0
  [LU] n=2520 kutta=1 min|U_ii|=0.0445846 max|U_ii|=6061.07 ratio=7.3559e-06 pivots<1e-12: 0
  [LU] n=924 kutta=1 min|U_ii|=0.00354299 max|U_ii|=195565 ratio=1.81167e-08 pivots<1e-12: 0
  [LU] n=924 kutta=1 min|U_ii|=0.00354299 max|U_ii|=195565 ratio=1.81167e-08 pivots<1e-12: 0
  [LU] n=924 kutta=1 min|U_ii|=0.0049059 max|U_ii|=111026 ratio=4.41868e-08 pivots<1e-12: 0
  [LU] n=2520 kutta=1 min|U_ii|=0.0445846 max|U_ii|=6061.07 ratio=7.3559e-06 pivots<1e-12: 0
  [LU] n=924 kutta=1 min|U_ii|=0.00354299 max|U_ii|=195565 ratio=1.81167e-08 pivots<1e-12: 0
  [LU] n=924 kutta=1 min|U_ii|=0.00354299 max|U_ii|=195565 ratio=1.81167e-08 pivots<1e-12: 0
  [LU] n=924 kutta=1 min|U_ii|=0.0049059 max|U_ii|=111026 ratio=4.41868e-08 pivots<1e-12: 0
  [LU] n=2520 kutta=1 min|U_ii|=0.0445846 max|U_ii|=6061.07 ratio=7.3559e-06 pivots<1e-12: 0
  [LU] n=924 kutta=1 min|U_ii|=0.00354299 max|U_ii|=195565 ratio=1.81167e-08 pivots<1e-12: 0
  [LU] n=924 kutta=1 min|U_ii|=0.00354299 max|U_ii|=195565 ratio=1.81167e-08 pivots<1e-12: 0
  [LU] n=924 kutta=1 min|U_ii|=0.0049059 max|U_ii|=111026 ratio=4.41868e-08 pivots<1e-12: 0
  [LU] n=2520 kutta=1 min|U_ii|=0.0445846 max|U_ii|=6061.07 ratio=7.3559e-06 pivots<1e-12: 0
  [LU] n=924 kutta=1 min|U_ii|=0.00354299 max|U_ii|=195565 ratio=1.81167e-08 pivots<1e-12: 0
  [LU] n=924 kutta=1 min|U_ii|=0.00354299 max|U_ii|=195565 ratio=1.81167e-08 pivots<1e-12: 0
  [LU] n=924 kutta=1 min|U_ii|=0.0049059 max|U_ii|=111026 ratio=4.41868e-08 pivots<1e-12: 0
  [LU] n=2520 kutta=1 min|U_ii|=0.0445846 max|U_ii|=6061.07 ratio=7.3559e-06 pivots<1e-12: 0
  [LU] n=924 kutta=1 min|U_ii|=0.00354299 max|U_ii|=195565 ratio=1.81167e-08 pivots<1e-12: 0
  [LU] n=924 kutta=1 min|U_ii|=0.00354299 max|U_ii|=195565 ratio=1.81167e-08 pivots<1e-12: 0
  [LU] n=924 kutta=1 min|U_ii|=0.0049059 max|U_ii|=111026 ratio=4.41868e-08 pivots<1e-12: 0
  [LU] n=2520 kutta=1 min|U_ii|=0.0445846 max|U_ii|=6061.07 ratio=7.3559e-06 pivots<1e-12: 0
  [LU] n=924 kutta=1 min|U_ii|=0.00354299 max|U_ii|=195565 ratio=1.81167e-08 pivots<1e-12: 0
  [LU] n=924 kutta=1 min|U_ii|=0.00354299 max|U_ii|=195565 ratio=1.81167e-08 pivots<1e-12: 0
  [LU] n=924 kutta=1 min|U_ii|=0.0049059 max|U_ii|=111026 ratio=4.41868e-08 pivots<1e-12: 0
  [LU] n=2520 kutta=1 min|U_ii|=0.0445846 max|U_ii|=6061.07 ratio=7.3559e-06 pivots<1e-12: 0
  [LU] n=924 kutta=1 min|U_ii|=0.00354299 max|U_ii|=195565 ratio=1.81167e-08 pivots<1e-12: 0
  rotor 0 hs3d: jump/seed=1  spans_with_pairs=40  max|mu|=610  kutta_rows=80  max_kutta_residual=2.84e-09  sum|te_jump|=53.5  [kutta on]
  [LU] n=924 kutta=1 min|U_ii|=0.00354299 max|U_ii|=195565 ratio=1.81167e-08 pivots<1e-12: 0
  rotor 1 hs3d: jump/seed=1  spans_with_pairs=40  max|mu|=577  kutta_rows=80  max_kutta_residual=5.16e-09  sum|te_jump|=45.8  [kutta on]
  [LU] n=924 kutta=1 min|U_ii|=0.0049059 max|U_ii|=111026 ratio=4.41868e-08 pivots<1e-12: 0
  rotor 2 hs3d: jump/seed=1  spans_with_pairs=40  max|mu|=387  kutta_rows=80  max_kutta_residual=2.55e-09  sum|te_jump|=37  [kutta on]
  [LU] n=2520 kutta=1 min|U_ii|=0.0445846 max|U_ii|=6061.07 ratio=7.3559e-06 pivots<1e-12: 0
  [LU] n=924 kutta=1 min|U_ii|=0.00354299 max|U_ii|=195565 ratio=1.81167e-08 pivots<1e-12: 0
  [LU] n=924 kutta=1 min|U_ii|=0.00354299 max|U_ii|=195565 ratio=1.81167e-08 pivots<1e-12: 0
  [LU] n=924 kutta=1 min|U_ii|=0.0049059 max|U_ii|=111026 ratio=4.41868e-08 pivots<1e-12: 0
  [LU] n=2520 kutta=1 min|U_ii|=0.0445846 max|U_ii|=6061.07 ratio=7.3559e-06 pivots<1e-12: 0
  fuselage: panels=3280 max_neumann_residual=3.04e-13
  body Fz: inst=-4.32 quasi-steady=-4.32 | 162-step mean=-3.17 (qs -3.17)
  wing: F=(6.07, -0.22, -19.9) N  Mx=1.81 Nm  max|mu|=354  max_vsurf=0 m/s  strips=19
  fuselage hs3d: F=(-2.13e+03, -768, 3.35e+03) N  Mx=-4.11e+03 Nm  max|mu|=23.5  max_vsurf=1.43e+04 m/s
step=500 particles=119168 total_thrust_N=34.9 total_torque_Nm=0.213
  timing after step 500 (cumulative s, % of loop):
    rotor panels + wake->panel vel         22.01 s     4.4 %
    wake->fuselage vel                     15.23 s     3.1 %
    panel assemble + dense solve           80.59 s    16.3 %
    strip polar loads                       0.26 s     0.1 %
    rotor rings->fuselage vel               6.80 s     1.4 %
    fuselage source self (vel+phi)         64.04 s    12.9 %
    fuselage->rotor vel                     2.60 s     0.5 %
    ring d(phi)/dt                          5.28 s     1.1 %
    TE particle emission                    0.25 s     0.1 %
    wake advect (RK4)                     268.79 s    54.2 %
    fuselage blockage on particles          5.17 s     1.0 %
    wake age trim                           3.17 s     0.6 %
    VTK / Q-criterion output               14.42 s     2.9 %
    unattributed (host bookkeeping)         6.99 s     1.4 %
    TOTAL loop                            495.62 s  (0.989 s/step avg)
  [LU] n=924 kutta=1 min|U_ii|=0.00354299 max|U_ii|=195565 ratio=1.81167e-08 pivots<1e-12: 0
  [LU] n=924 kutta=1 min|U_ii|=0.00354299 max|U_ii|=195565 ratio=1.81167e-08 pivots<1e-12: 0
  [LU] n=924 kutta=1 min|U_ii|=0.0049059 max|U_ii|=111026 ratio=4.41868e-08 pivots<1e-12: 0
  [LU] n=2520 kutta=1 min|U_ii|=0.0445846 max|U_ii|=6061.07 ratio=7.3559e-06 pivots<1e-12: 0
  [LU] n=924 kutta=1 min|U_ii|=0.00354299 max|U_ii|=195565 ratio=1.81167e-08 pivots<1e-12: 0
  [LU] n=924 kutta=1 min|U_ii|=0.00354299 max|U_ii|=195565 ratio=1.81167e-08 pivots<1e-12: 0
  [LU] n=924 kutta=1 min|U_ii|=0.0049059 max|U_ii|=111026 ratio=4.41868e-08 pivots<1e-12: 0
  [LU] n=2520 kutta=1 min|U_ii|=0.0445846 max|U_ii|=6061.07 ratio=7.3559e-06 pivots<1e-12: 0
  [LU] n=924 kutta=1 min|U_ii|=0.00354299 max|U_ii|=195565 ratio=1.81167e-08 pivots<1e-12: 0
  [LU] n=924 kutta=1 min|U_ii|=0.00354299 max|U_ii|=195565 ratio=1.81167e-08 pivots<1e-12: 0
  [LU] n=924 kutta=1 min|U_ii|=0.0049059 max|U_ii|=111026 ratio=4.41868e-08 pivots<1e-12: 0
  [LU] n=2520 kutta=1 min|U_ii|=0.0445846 max|U_ii|=6061.07 ratio=7.3559e-06 pivots<1e-12: 0
  [LU] n=924 kutta=1 min|U_ii|=0.00354299 max|U_ii|=195565 ratio=1.81167e-08 pivots<1e-12: 0
  [LU] n=924 kutta=1 min|U_ii|=0.00354299 max|U_ii|=195565 ratio=1.81167e-08 pivots<1e-12: 0
  [LU] n=924 kutta=1 min|U_ii|=0.0049059 max|U_ii|=111026 ratio=4.41868e-08 pivots<1e-12: 0
  [LU] n=2520 kutta=1 min|U_ii|=0.0445846 max|U_ii|=6061.07 ratio=7.3559e-06 pivots<1e-12: 0
  [LU] n=924 kutta=1 min|U_ii|=0.00354299 max|U_ii|=195565 ratio=1.81167e-08 pivots<1e-12: 0
  [LU] n=924 kutta=1 min|U_ii|=0.00354299 max|U_ii|=195565 ratio=1.81167e-08 pivots<1e-12: 0
  [LU] n=924 kutta=1 min|U_ii|=0.0049059 max|U_ii|=111026 ratio=4.41868e-08 pivots<1e-12: 0
  [LU] n=2520 kutta=1 min|U_ii|=0.0445846 max|U_ii|=6061.07 ratio=7.3559e-06 pivots<1e-12: 0
  [LU] n=924 kutta=1 min|U_ii|=0.00354299 max|U_ii|=195565 ratio=1.81167e-08 pivots<1e-12: 0
  [LU] n=924 kutta=1 min|U_ii|=0.00354299 max|U_ii|=195565 ratio=1.81167e-08 pivots<1e-12: 0
  [LU] n=924 kutta=1 min|U_ii|=0.0049059 max|U_ii|=111026 ratio=4.41868e-08 pivots<1e-12: 0
  [LU] n=2520 kutta=1 min|U_ii|=0.0445846 max|U_ii|=6061.07 ratio=7.3559e-06 pivots<1e-12: 0
  [LU] n=924 kutta=1 min|U_ii|=0.00354299 max|U_ii|=195565 ratio=1.81167e-08 pivots<1e-12: 0
  [LU] n=924 kutta=1 min|U_ii|=0.00354299 max|U_ii|=195565 ratio=1.81167e-08 pivots<1e-12: 0
  [LU] n=924 kutta=1 min|U_ii|=0.0049059 max|U_ii|=111026 ratio=4.41868e-08 pivots<1e-12: 0
  [LU] n=2520 kutta=1 min|U_ii|=0.0445846 max|U_ii|=6061.07 ratio=7.3559e-06 pivots<1e-12: 0
  [LU] n=924 kutta=1 min|U_ii|=0.00354299 max|U_ii|=195565 ratio=1.81167e-08 pivots<1e-12: 0
  [LU] n=924 kutta=1 min|U_ii|=0.00354299 max|U_ii|=195565 ratio=1.81167e-08 pivots<1e-12: 0
  [LU] n=924 kutta=1 min|U_ii|=0.0049059 max|U_ii|=111026 ratio=4.41868e-08 pivots<1e-12: 0
  [LU] n=2520 kutta=1 min|U_ii|=0.0445846 max|U_ii|=6061.07 ratio=7.3559e-06 pivots<1e-12: 0
  [LU] n=924 kutta=1 min|U_ii|=0.00354299 max|U_ii|=195565 ratio=1.81167e-08 pivots<1e-12: 0
  [LU] n=924 kutta=1 min|U_ii|=0.00354299 max|U_ii|=195565 ratio=1.81167e-08 pivots<1e-12: 0
  [LU] n=924 kutta=1 min|U_ii|=0.0049059 max|U_ii|=111026 ratio=4.41868e-08 pivots<1e-12: 0
  [LU] n=2520 kutta=1 min|U_ii|=0.0445846 max|U_ii|=6061.07 ratio=7.3559e-06 pivots<1e-12: 0
  [LU] n=924 kutta=1 min|U_ii|=0.00354299 max|U_ii|=195565 ratio=1.81167e-08 pivots<1e-12: 0
  [LU] n=924 kutta=1 min|U_ii|=0.00354299 max|U_ii|=195565 ratio=1.81167e-08 pivots<1e-12: 0
  [LU] n=924 kutta=1 min|U_ii|=0.0049059 max|U_ii|=111026 ratio=4.41868e-08 pivots<1e-12: 0
  [LU] n=2520 kutta=1 min|U_ii|=0.0445846 max|U_ii|=6061.07 ratio=7.3559e-06 pivots<1e-12: 0
  [LU] n=924 kutta=1 min|U_ii|=0.00354299 max|U_ii|=195565 ratio=1.81167e-08 pivots<1e-12: 0
  [LU] n=924 kutta=1 min|U_ii|=0.00354299 max|U_ii|=195565 ratio=1.81167e-08 pivots<1e-12: 0
  [LU] n=924 kutta=1 min|U_ii|=0.0049059 max|U_ii|=111026 ratio=4.41868e-08 pivots<1e-12: 0
  [LU] n=2520 kutta=1 min|U_ii|=0.0445846 max|U_ii|=6061.07 ratio=7.3559e-06 pivots<1e-12: 0
  [LU] n=924 kutta=1 min|U_ii|=0.00354299 max|U_ii|=195565 ratio=1.81167e-08 pivots<1e-12: 0
  [LU] n=924 kutta=1 min|U_ii|=0.00354299 max|U_ii|=195565 ratio=1.81167e-08 pivots<1e-12: 0
  [LU] n=924 kutta=1 min|U_ii|=0.0049059 max|U_ii|=111026 ratio=4.41868e-08 pivots<1e-12: 0
  [LU] n=2520 kutta=1 min|U_ii|=0.0445846 max|U_ii|=6061.07 ratio=7.3559e-06 pivots<1e-12: 0
  [LU] n=924 kutta=1 min|U_ii|=0.00354299 max|U_ii|=195565 ratio=1.81167e-08 pivots<1e-12: 0
  [LU] n=924 kutta=1 min|U_ii|=0.00354299 max|U_ii|=195565 ratio=1.81167e-08 pivots<1e-12: 0
  [LU] n=924 kutta=1 min|U_ii|=0.0049059 max|U_ii|=111026 ratio=4.41868e-08 pivots<1e-12: 0
  [LU] n=2520 kutta=1 min|U_ii|=0.0445846 max|U_ii|=6061.07 ratio=7.3559e-06 pivots<1e-12: 0
  [LU] n=924 kutta=1 min|U_ii|=0.00354299 max|U_ii|=195565 ratio=1.81167e-08 pivots<1e-12: 0
  [LU] n=924 kutta=1 min|U_ii|=0.00354299 max|U_ii|=195565 ratio=1.81167e-08 pivots<1e-12: 0
  [LU] n=924 kutta=1 min|U_ii|=0.0049059 max|U_ii|=111026 ratio=4.41868e-08 pivots<1e-12: 0
  [LU] n=2520 kutta=1 min|U_ii|=0.0445846 max|U_ii|=6061.07 ratio=7.3559e-06 pivots<1e-12: 0
  [LU] n=924 kutta=1 min|U_ii|=0.00354299 max|U_ii|=195565 ratio=1.81167e-08 pivots<1e-12: 0
  [LU] n=924 kutta=1 min|U_ii|=0.00354299 max|U_ii|=195565 ratio=1.81167e-08 pivots<1e-12: 0
  [LU] n=924 kutta=1 min|U_ii|=0.0049059 max|U_ii|=111026 ratio=4.41868e-08 pivots<1e-12: 0
  [LU] n=2520 kutta=1 min|U_ii|=0.0445846 max|U_ii|=6061.07 ratio=7.3559e-06 pivots<1e-12: 0
  [LU] n=924 kutta=1 min|U_ii|=0.00354299 max|U_ii|=195565 ratio=1.81167e-08 pivots<1e-12: 0
  [LU] n=924 kutta=1 min|U_ii|=0.00354299 max|U_ii|=195565 ratio=1.81167e-08 pivots<1e-12: 0
  [LU] n=924 kutta=1 min|U_ii|=0.0049059 max|U_ii|=111026 ratio=4.41868e-08 pivots<1e-12: 0
  [LU] n=2520 kutta=1 min|U_ii|=0.0445846 max|U_ii|=6061.07 ratio=7.3559e-06 pivots<1e-12: 0
  [LU] n=924 kutta=1 min|U_ii|=0.00354299 max|U_ii|=195565 ratio=1.81167e-08 pivots<1e-12: 0
  [LU] n=924 kutta=1 min|U_ii|=0.00354299 max|U_ii|=195565 ratio=1.81167e-08 pivots<1e-12: 0
  [LU] n=924 kutta=1 min|U_ii|=0.0049059 max|U_ii|=111026 ratio=4.41868e-08 pivots<1e-12: 0
  [LU] n=2520 kutta=1 min|U_ii|=0.0445846 max|U_ii|=6061.07 ratio=7.3559e-06 pivots<1e-12: 0
  [LU] n=924 kutta=1 min|U_ii|=0.00354299 max|U_ii|=195565 ratio=1.81167e-08 pivots<1e-12: 0
  [LU] n=924 kutta=1 min|U_ii|=0.00354299 max|U_ii|=195565 ratio=1.81167e-08 pivots<1e-12: 0
  [LU] n=924 kutta=1 min|U_ii|=0.0049059 max|U_ii|=111026 ratio=4.41868e-08 pivots<1e-12: 0
  [LU] n=2520 kutta=1 min|U_ii|=0.0445846 max|U_ii|=6061.07 ratio=7.3559e-06 pivots<1e-12: 0
  [LU] n=924 kutta=1 min|U_ii|=0.00354299 max|U_ii|=195565 ratio=1.81167e-08 pivots<1e-12: 0
  [LU] n=924 kutta=1 min|U_ii|=0.00354299 max|U_ii|=195565 ratio=1.81167e-08 pivots<1e-12: 0
  [LU] n=924 kutta=1 min|U_ii|=0.0049059 max|U_ii|=111026 ratio=4.41868e-08 pivots<1e-12: 0
  [LU] n=2520 kutta=1 min|U_ii|=0.0445846 max|U_ii|=6061.07 ratio=7.3559e-06 pivots<1e-12: 0
  [LU] n=924 kutta=1 min|U_ii|=0.00354299 max|U_ii|=195565 ratio=1.81167e-08 pivots<1e-12: 0
  [LU] n=924 kutta=1 min|U_ii|=0.00354299 max|U_ii|=195565 ratio=1.81167e-08 pivots<1e-12: 0
  [LU] n=924 kutta=1 min|U_ii|=0.0049059 max|U_ii|=111026 ratio=4.41868e-08 pivots<1e-12: 0
  [LU] n=2520 kutta=1 min|U_ii|=0.0445846 max|U_ii|=6061.07 ratio=7.3559e-06 pivots<1e-12: 0
  [LU] n=924 kutta=1 min|U_ii|=0.00354299 max|U_ii|=195565 ratio=1.81167e-08 pivots<1e-12: 0
  [LU] n=924 kutta=1 min|U_ii|=0.00354299 max|U_ii|=195565 ratio=1.81167e-08 pivots<1e-12: 0
  [LU] n=924 kutta=1 min|U_ii|=0.0049059 max|U_ii|=111026 ratio=4.41868e-08 pivots<1e-12: 0
  [LU] n=2520 kutta=1 min|U_ii|=0.0445846 max|U_ii|=6061.07 ratio=7.3559e-06 pivots<1e-12: 0
  [LU] n=924 kutta=1 min|U_ii|=0.00354299 max|U_ii|=195565 ratio=1.81167e-08 pivots<1e-12: 0
  [LU] n=924 kutta=1 min|U_ii|=0.00354299 max|U_ii|=195565 ratio=1.81167e-08 pivots<1e-12: 0
  [LU] n=924 kutta=1 min|U_ii|=0.0049059 max|U_ii|=111026 ratio=4.41868e-08 pivots<1e-12: 0
  [LU] n=2520 kutta=1 min|U_ii|=0.0445846 max|U_ii|=6061.07 ratio=7.3559e-06 pivots<1e-12: 0
  [LU] n=924 kutta=1 min|U_ii|=0.00354299 max|U_ii|=195565 ratio=1.81167e-08 pivots<1e-12: 0
  [LU] n=924 kutta=1 min|U_ii|=0.00354299 max|U_ii|=195565 ratio=1.81167e-08 pivots<1e-12: 0
  [LU] n=924 kutta=1 min|U_ii|=0.0049059 max|U_ii|=111026 ratio=4.41868e-08 pivots<1e-12: 0
  [LU] n=2520 kutta=1 min|U_ii|=0.0445846 max|U_ii|=6061.07 ratio=7.3559e-06 pivots<1e-12: 0
  [LU] n=924 kutta=1 min|U_ii|=0.00354299 max|U_ii|=195565 ratio=1.81167e-08 pivots<1e-12: 0
  [LU] n=924 kutta=1 min|U_ii|=0.00354299 max|U_ii|=195565 ratio=1.81167e-08 pivots<1e-12: 0
  [LU] n=924 kutta=1 min|U_ii|=0.0049059 max|U_ii|=111026 ratio=4.41868e-08 pivots<1e-12: 0
  [LU] n=2520 kutta=1 min|U_ii|=0.0445846 max|U_ii|=6061.07 ratio=7.3559e-06 pivots<1e-12: 0
  [LU] n=924 kutta=1 min|U_ii|=0.00354299 max|U_ii|=195565 ratio=1.81167e-08 pivots<1e-12: 0
  [LU] n=924 kutta=1 min|U_ii|=0.00354299 max|U_ii|=195565 ratio=1.81167e-08 pivots<1e-12: 0
  [LU] n=924 kutta=1 min|U_ii|=0.0049059 max|U_ii|=111026 ratio=4.41868e-08 pivots<1e-12: 0
  [LU] n=2520 kutta=1 min|U_ii|=0.0445846 max|U_ii|=6061.07 ratio=7.3559e-06 pivots<1e-12: 0
  [LU] n=924 kutta=1 min|U_ii|=0.00354299 max|U_ii|=195565 ratio=1.81167e-08 pivots<1e-12: 0
  [LU] n=924 kutta=1 min|U_ii|=0.00354299 max|U_ii|=195565 ratio=1.81167e-08 pivots<1e-12: 0
  [LU] n=924 kutta=1 min|U_ii|=0.0049059 max|U_ii|=111026 ratio=4.41868e-08 pivots<1e-12: 0
  [LU] n=2520 kutta=1 min|U_ii|=0.0445846 max|U_ii|=6061.07 ratio=7.3559e-06 pivots<1e-12: 0
  [LU] n=924 kutta=1 min|U_ii|=0.00354299 max|U_ii|=195565 ratio=1.81167e-08 pivots<1e-12: 0
  [LU] n=924 kutta=1 min|U_ii|=0.00354299 max|U_ii|=195565 ratio=1.81167e-08 pivots<1e-12: 0
  [LU] n=924 kutta=1 min|U_ii|=0.0049059 max|U_ii|=111026 ratio=4.41868e-08 pivots<1e-12: 0
  [LU] n=2520 kutta=1 min|U_ii|=0.0445846 max|U_ii|=6061.07 ratio=7.3559e-06 pivots<1e-12: 0
  [LU] n=924 kutta=1 min|U_ii|=0.00354299 max|U_ii|=195565 ratio=1.81167e-08 pivots<1e-12: 0
  [LU] n=924 kutta=1 min|U_ii|=0.00354299 max|U_ii|=195565 ratio=1.81167e-08 pivots<1e-12: 0
  [LU] n=924 kutta=1 min|U_ii|=0.0049059 max|U_ii|=111026 ratio=4.41868e-08 pivots<1e-12: 0
  [LU] n=2520 kutta=1 min|U_ii|=0.0445846 max|U_ii|=6061.07 ratio=7.3559e-06 pivots<1e-12: 0
  [LU] n=924 kutta=1 min|U_ii|=0.00354299 max|U_ii|=195565 ratio=1.81167e-08 pivots<1e-12: 0
  [LU] n=924 kutta=1 min|U_ii|=0.00354299 max|U_ii|=195565 ratio=1.81167e-08 pivots<1e-12: 0
  [LU] n=924 kutta=1 min|U_ii|=0.0049059 max|U_ii|=111026 ratio=4.41868e-08 pivots<1e-12: 0
  [LU] n=2520 kutta=1 min|U_ii|=0.0445846 max|U_ii|=6061.07 ratio=7.3559e-06 pivots<1e-12: 0
  [LU] n=924 kutta=1 min|U_ii|=0.00354299 max|U_ii|=195565 ratio=1.81167e-08 pivots<1e-12: 0
  [LU] n=924 kutta=1 min|U_ii|=0.00354299 max|U_ii|=195565 ratio=1.81167e-08 pivots<1e-12: 0
  [LU] n=924 kutta=1 min|U_ii|=0.0049059 max|U_ii|=111026 ratio=4.41868e-08 pivots<1e-12: 0
  [LU] n=2520 kutta=1 min|U_ii|=0.0445846 max|U_ii|=6061.07 ratio=7.3559e-06 pivots<1e-12: 0
  [LU] n=924 kutta=1 min|U_ii|=0.00354299 max|U_ii|=195565 ratio=1.81167e-08 pivots<1e-12: 0
  [LU] n=924 kutta=1 min|U_ii|=0.00354299 max|U_ii|=195565 ratio=1.81167e-08 pivots<1e-12: 0
  [LU] n=924 kutta=1 min|U_ii|=0.0049059 max|U_ii|=111026 ratio=4.41868e-08 pivots<1e-12: 0
  [LU] n=2520 kutta=1 min|U_ii|=0.0445846 max|U_ii|=6061.07 ratio=7.3559e-06 pivots<1e-12: 0
  [LU] n=924 kutta=1 min|U_ii|=0.00354299 max|U_ii|=195565 ratio=1.81167e-08 pivots<1e-12: 0
  [LU] n=924 kutta=1 min|U_ii|=0.00354299 max|U_ii|=195565 ratio=1.81167e-08 pivots<1e-12: 0
  [LU] n=924 kutta=1 min|U_ii|=0.0049059 max|U_ii|=111026 ratio=4.41868e-08 pivots<1e-12: 0
  [LU] n=2520 kutta=1 min|U_ii|=0.0445846 max|U_ii|=6061.07 ratio=7.3559e-06 pivots<1e-12: 0
  [LU] n=924 kutta=1 min|U_ii|=0.00354299 max|U_ii|=195565 ratio=1.81167e-08 pivots<1e-12: 0
  [LU] n=924 kutta=1 min|U_ii|=0.00354299 max|U_ii|=195565 ratio=1.81167e-08 pivots<1e-12: 0
  [LU] n=924 kutta=1 min|U_ii|=0.0049059 max|U_ii|=111026 ratio=4.41868e-08 pivots<1e-12: 0
  [LU] n=2520 kutta=1 min|U_ii|=0.0445846 max|U_ii|=6061.07 ratio=7.3559e-06 pivots<1e-12: 0
  [LU] n=924 kutta=1 min|U_ii|=0.00354299 max|U_ii|=195565 ratio=1.81167e-08 pivots<1e-12: 0
  [LU] n=924 kutta=1 min|U_ii|=0.00354299 max|U_ii|=195565 ratio=1.81167e-08 pivots<1e-12: 0
  [LU] n=924 kutta=1 min|U_ii|=0.0049059 max|U_ii|=111026 ratio=4.41868e-08 pivots<1e-12: 0
  [LU] n=2520 kutta=1 min|U_ii|=0.0445846 max|U_ii|=6061.07 ratio=7.3559e-06 pivots<1e-12: 0
  [LU] n=924 kutta=1 min|U_ii|=0.00354299 max|U_ii|=195565 ratio=1.81167e-08 pivots<1e-12: 0
  [LU] n=924 kutta=1 min|U_ii|=0.00354299 max|U_ii|=195565 ratio=1.81167e-08 pivots<1e-12: 0
  [LU] n=924 kutta=1 min|U_ii|=0.0049059 max|U_ii|=111026 ratio=4.41868e-08 pivots<1e-12: 0
  [LU] n=2520 kutta=1 min|U_ii|=0.0445846 max|U_ii|=6061.07 ratio=7.3559e-06 pivots<1e-12: 0
  [LU] n=924 kutta=1 min|U_ii|=0.00354299 max|U_ii|=195565 ratio=1.81167e-08 pivots<1e-12: 0
  [LU] n=924 kutta=1 min|U_ii|=0.00354299 max|U_ii|=195565 ratio=1.81167e-08 pivots<1e-12: 0
  [LU] n=924 kutta=1 min|U_ii|=0.0049059 max|U_ii|=111026 ratio=4.41868e-08 pivots<1e-12: 0
  [LU] n=2520 kutta=1 min|U_ii|=0.0445846 max|U_ii|=6061.07 ratio=7.3559e-06 pivots<1e-12: 0
  [LU] n=924 kutta=1 min|U_ii|=0.00354299 max|U_ii|=195565 ratio=1.81167e-08 pivots<1e-12: 0
  [LU] n=924 kutta=1 min|U_ii|=0.00354299 max|U_ii|=195565 ratio=1.81167e-08 pivots<1e-12: 0
  [LU] n=924 kutta=1 min|U_ii|=0.0049059 max|U_ii|=111026 ratio=4.41868e-08 pivots<1e-12: 0
  [LU] n=2520 kutta=1 min|U_ii|=0.0445846 max|U_ii|=6061.07 ratio=7.3559e-06 pivots<1e-12: 0
  [LU] n=924 kutta=1 min|U_ii|=0.00354299 max|U_ii|=195565 ratio=1.81167e-08 pivots<1e-12: 0
  [LU] n=924 kutta=1 min|U_ii|=0.00354299 max|U_ii|=195565 ratio=1.81167e-08 pivots<1e-12: 0
  [LU] n=924 kutta=1 min|U_ii|=0.0049059 max|U_ii|=111026 ratio=4.41868e-08 pivots<1e-12: 0
  [LU] n=2520 kutta=1 min|U_ii|=0.0445846 max|U_ii|=6061.07 ratio=7.3559e-06 pivots<1e-12: 0
  [LU] n=924 kutta=1 min|U_ii|=0.00354299 max|U_ii|=195565 ratio=1.81167e-08 pivots<1e-12: 0
  [LU] n=924 kutta=1 min|U_ii|=0.00354299 max|U_ii|=195565 ratio=1.81167e-08 pivots<1e-12: 0
  [LU] n=924 kutta=1 min|U_ii|=0.0049059 max|U_ii|=111026 ratio=4.41868e-08 pivots<1e-12: 0
  [LU] n=2520 kutta=1 min|U_ii|=0.0445846 max|U_ii|=6061.07 ratio=7.3559e-06 pivots<1e-12: 0
  [LU] n=924 kutta=1 min|U_ii|=0.00354299 max|U_ii|=195565 ratio=1.81167e-08 pivots<1e-12: 0
  [LU] n=924 kutta=1 min|U_ii|=0.00354299 max|U_ii|=195565 ratio=1.81167e-08 pivots<1e-12: 0
  [LU] n=924 kutta=1 min|U_ii|=0.0049059 max|U_ii|=111026 ratio=4.41868e-08 pivots<1e-12: 0
  [LU] n=2520 kutta=1 min|U_ii|=0.0445846 max|U_ii|=6061.07 ratio=7.3559e-06 pivots<1e-12: 0
  [LU] n=924 kutta=1 min|U_ii|=0.00354299 max|U_ii|=195565 ratio=1.81167e-08 pivots<1e-12: 0
  [LU] n=924 kutta=1 min|U_ii|=0.00354299 max|U_ii|=195565 ratio=1.81167e-08 pivots<1e-12: 0
  [LU] n=924 kutta=1 min|U_ii|=0.0049059 max|U_ii|=111026 ratio=4.41868e-08 pivots<1e-12: 0
  [LU] n=2520 kutta=1 min|U_ii|=0.0445846 max|U_ii|=6061.07 ratio=7.3559e-06 pivots<1e-12: 0
  [LU] n=924 kutta=1 min|U_ii|=0.00354299 max|U_ii|=195565 ratio=1.81167e-08 pivots<1e-12: 0
  [LU] n=924 kutta=1 min|U_ii|=0.00354299 max|U_ii|=195565 ratio=1.81167e-08 pivots<1e-12: 0
  [LU] n=924 kutta=1 min|U_ii|=0.0049059 max|U_ii|=111026 ratio=4.41868e-08 pivots<1e-12: 0
  [LU] n=2520 kutta=1 min|U_ii|=0.0445846 max|U_ii|=6061.07 ratio=7.3559e-06 pivots<1e-12: 0
  [LU] n=924 kutta=1 min|U_ii|=0.00354299 max|U_ii|=195565 ratio=1.81167e-08 pivots<1e-12: 0
  [LU] n=924 kutta=1 min|U_ii|=0.00354299 max|U_ii|=195565 ratio=1.81167e-08 pivots<1e-12: 0
  [LU] n=924 kutta=1 min|U_ii|=0.0049059 max|U_ii|=111026 ratio=4.41868e-08 pivots<1e-12: 0
  [LU] n=2520 kutta=1 min|U_ii|=0.0445846 max|U_ii|=6061.07 ratio=7.3559e-06 pivots<1e-12: 0
  [LU] n=924 kutta=1 min|U_ii|=0.00354299 max|U_ii|=195565 ratio=1.81167e-08 pivots<1e-12: 0
  [LU] n=924 kutta=1 min|U_ii|=0.00354299 max|U_ii|=195565 ratio=1.81167e-08 pivots<1e-12: 0
  [LU] n=924 kutta=1 min|U_ii|=0.0049059 max|U_ii|=111026 ratio=4.41868e-08 pivots<1e-12: 0
  [LU] n=2520 kutta=1 min|U_ii|=0.0445846 max|U_ii|=6061.07 ratio=7.3559e-06 pivots<1e-12: 0
  [LU] n=924 kutta=1 min|U_ii|=0.00354299 max|U_ii|=195565 ratio=1.81167e-08 pivots<1e-12: 0
  [LU] n=924 kutta=1 min|U_ii|=0.00354299 max|U_ii|=195565 ratio=1.81167e-08 pivots<1e-12: 0
  [LU] n=924 kutta=1 min|U_ii|=0.0049059 max|U_ii|=111026 ratio=4.41868e-08 pivots<1e-12: 0
  [LU] n=2520 kutta=1 min|U_ii|=0.0445846 max|U_ii|=6061.07 ratio=7.3559e-06 pivots<1e-12: 0
  [LU] n=924 kutta=1 min|U_ii|=0.00354299 max|U_ii|=195565 ratio=1.81167e-08 pivots<1e-12: 0
  [LU] n=924 kutta=1 min|U_ii|=0.00354299 max|U_ii|=195565 ratio=1.81167e-08 pivots<1e-12: 0
  [LU] n=924 kutta=1 min|U_ii|=0.0049059 max|U_ii|=111026 ratio=4.41868e-08 pivots<1e-12: 0
  [LU] n=2520 kutta=1 min|U_ii|=0.0445846 max|U_ii|=6061.07 ratio=7.3559e-06 pivots<1e-12: 0
  [LU] n=924 kutta=1 min|U_ii|=0.00354299 max|U_ii|=195565 ratio=1.81167e-08 pivots<1e-12: 0
  [LU] n=924 kutta=1 min|U_ii|=0.00354299 max|U_ii|=195565 ratio=1.81167e-08 pivots<1e-12: 0
  [LU] n=924 kutta=1 min|U_ii|=0.0049059 max|U_ii|=111026 ratio=4.41868e-08 pivots<1e-12: 0
  [LU] n=2520 kutta=1 min|U_ii|=0.0445846 max|U_ii|=6061.07 ratio=7.3559e-06 pivots<1e-12: 0
  [LU] n=924 kutta=1 min|U_ii|=0.00354299 max|U_ii|=195565 ratio=1.81167e-08 pivots<1e-12: 0
  [LU] n=924 kutta=1 min|U_ii|=0.00354299 max|U_ii|=195565 ratio=1.81167e-08 pivots<1e-12: 0
  [LU] n=924 kutta=1 min|U_ii|=0.0049059 max|U_ii|=111026 ratio=4.41868e-08 pivots<1e-12: 0
  [LU] n=2520 kutta=1 min|U_ii|=0.0445846 max|U_ii|=6061.07 ratio=7.3559e-06 pivots<1e-12: 0
  [LU] n=924 kutta=1 min|U_ii|=0.00354299 max|U_ii|=195565 ratio=1.81167e-08 pivots<1e-12: 0
  [LU] n=924 kutta=1 min|U_ii|=0.00354299 max|U_ii|=195565 ratio=1.81167e-08 pivots<1e-12: 0
  [LU] n=924 kutta=1 min|U_ii|=0.0049059 max|U_ii|=111026 ratio=4.41868e-08 pivots<1e-12: 0
  [LU] n=2520 kutta=1 min|U_ii|=0.0445846 max|U_ii|=6061.07 ratio=7.3559e-06 pivots<1e-12: 0
  [LU] n=924 kutta=1 min|U_ii|=0.00354299 max|U_ii|=195565 ratio=1.81167e-08 pivots<1e-12: 0
  [LU] n=924 kutta=1 min|U_ii|=0.00354299 max|U_ii|=195565 ratio=1.81167e-08 pivots<1e-12: 0
  [LU] n=924 kutta=1 min|U_ii|=0.0049059 max|U_ii|=111026 ratio=4.41868e-08 pivots<1e-12: 0
  [LU] n=2520 kutta=1 min|U_ii|=0.0445846 max|U_ii|=6061.07 ratio=7.3559e-06 pivots<1e-12: 0
  [LU] n=924 kutta=1 min|U_ii|=0.00354299 max|U_ii|=195565 ratio=1.81167e-08 pivots<1e-12: 0
  [LU] n=924 kutta=1 min|U_ii|=0.00354299 max|U_ii|=195565 ratio=1.81167e-08 pivots<1e-12: 0
  [LU] n=924 kutta=1 min|U_ii|=0.0049059 max|U_ii|=111026 ratio=4.41868e-08 pivots<1e-12: 0
  [LU] n=2520 kutta=1 min|U_ii|=0.0445846 max|U_ii|=6061.07 ratio=7.3559e-06 pivots<1e-12: 0
  [LU] n=924 kutta=1 min|U_ii|=0.00354299 max|U_ii|=195565 ratio=1.81167e-08 pivots<1e-12: 0
  [LU] n=924 kutta=1 min|U_ii|=0.00354299 max|U_ii|=195565 ratio=1.81167e-08 pivots<1e-12: 0
  [LU] n=924 kutta=1 min|U_ii|=0.0049059 max|U_ii|=111026 ratio=4.41868e-08 pivots<1e-12: 0
  [LU] n=2520 kutta=1 min|U_ii|=0.0445846 max|U_ii|=6061.07 ratio=7.3559e-06 pivots<1e-12: 0
  [LU] n=924 kutta=1 min|U_ii|=0.00354299 max|U_ii|=195565 ratio=1.81167e-08 pivots<1e-12: 0
  [LU] n=924 kutta=1 min|U_ii|=0.00354299 max|U_ii|=195565 ratio=1.81167e-08 pivots<1e-12: 0
  [LU] n=924 kutta=1 min|U_ii|=0.0049059 max|U_ii|=111026 ratio=4.41868e-08 pivots<1e-12: 0
  [LU] n=2520 kutta=1 min|U_ii|=0.0445846 max|U_ii|=6061.07 ratio=7.3559e-06 pivots<1e-12: 0
  [LU] n=924 kutta=1 min|U_ii|=0.00354299 max|U_ii|=195565 ratio=1.81167e-08 pivots<1e-12: 0
  [LU] n=924 kutta=1 min|U_ii|=0.00354299 max|U_ii|=195565 ratio=1.81167e-08 pivots<1e-12: 0
  [LU] n=924 kutta=1 min|U_ii|=0.0049059 max|U_ii|=111026 ratio=4.41868e-08 pivots<1e-12: 0
  [LU] n=2520 kutta=1 min|U_ii|=0.0445846 max|U_ii|=6061.07 ratio=7.3559e-06 pivots<1e-12: 0
  [LU] n=924 kutta=1 min|U_ii|=0.00354299 max|U_ii|=195565 ratio=1.81167e-08 pivots<1e-12: 0
  [LU] n=924 kutta=1 min|U_ii|=0.00354299 max|U_ii|=195565 ratio=1.81167e-08 pivots<1e-12: 0
  [LU] n=924 kutta=1 min|U_ii|=0.0049059 max|U_ii|=111026 ratio=4.41868e-08 pivots<1e-12: 0
  [LU] n=2520 kutta=1 min|U_ii|=0.0445846 max|U_ii|=6061.07 ratio=7.3559e-06 pivots<1e-12: 0
  [LU] n=924 kutta=1 min|U_ii|=0.00354299 max|U_ii|=195565 ratio=1.81167e-08 pivots<1e-12: 0
  [LU] n=924 kutta=1 min|U_ii|=0.00354299 max|U_ii|=195565 ratio=1.81167e-08 pivots<1e-12: 0
  [LU] n=924 kutta=1 min|U_ii|=0.0049059 max|U_ii|=111026 ratio=4.41868e-08 pivots<1e-12: 0
  [LU] n=2520 kutta=1 min|U_ii|=0.0445846 max|U_ii|=6061.07 ratio=7.3559e-06 pivots<1e-12: 0
  [LU] n=924 kutta=1 min|U_ii|=0.00354299 max|U_ii|=195565 ratio=1.81167e-08 pivots<1e-12: 0
  [LU] n=924 kutta=1 min|U_ii|=0.00354299 max|U_ii|=195565 ratio=1.81167e-08 pivots<1e-12: 0
  [LU] n=924 kutta=1 min|U_ii|=0.0049059 max|U_ii|=111026 ratio=4.41868e-08 pivots<1e-12: 0
  [LU] n=2520 kutta=1 min|U_ii|=0.0445846 max|U_ii|=6061.07 ratio=7.3559e-06 pivots<1e-12: 0
  [LU] n=924 kutta=1 min|U_ii|=0.00354299 max|U_ii|=195565 ratio=1.81167e-08 pivots<1e-12: 0
  [LU] n=924 kutta=1 min|U_ii|=0.00354299 max|U_ii|=195565 ratio=1.81167e-08 pivots<1e-12: 0
  [LU] n=924 kutta=1 min|U_ii|=0.0049059 max|U_ii|=111026 ratio=4.41868e-08 pivots<1e-12: 0
  [LU] n=2520 kutta=1 min|U_ii|=0.0445846 max|U_ii|=6061.07 ratio=7.3559e-06 pivots<1e-12: 0
  [LU] n=924 kutta=1 min|U_ii|=0.00354299 max|U_ii|=195565 ratio=1.81167e-08 pivots<1e-12: 0
  [LU] n=924 kutta=1 min|U_ii|=0.00354299 max|U_ii|=195565 ratio=1.81167e-08 pivots<1e-12: 0
  [LU] n=924 kutta=1 min|U_ii|=0.0049059 max|U_ii|=111026 ratio=4.41868e-08 pivots<1e-12: 0
  [LU] n=2520 kutta=1 min|U_ii|=0.0445846 max|U_ii|=6061.07 ratio=7.3559e-06 pivots<1e-12: 0
  [LU] n=924 kutta=1 min|U_ii|=0.00354299 max|U_ii|=195565 ratio=1.81167e-08 pivots<1e-12: 0
  [LU] n=924 kutta=1 min|U_ii|=0.00354299 max|U_ii|=195565 ratio=1.81167e-08 pivots<1e-12: 0
  [LU] n=924 kutta=1 min|U_ii|=0.0049059 max|U_ii|=111026 ratio=4.41868e-08 pivots<1e-12: 0
  [LU] n=2520 kutta=1 min|U_ii|=0.0445846 max|U_ii|=6061.07 ratio=7.3559e-06 pivots<1e-12: 0
  [LU] n=924 kutta=1 min|U_ii|=0.00354299 max|U_ii|=195565 ratio=1.81167e-08 pivots<1e-12: 0
  [LU] n=924 kutta=1 min|U_ii|=0.00354299 max|U_ii|=195565 ratio=1.81167e-08 pivots<1e-12: 0
  [LU] n=924 kutta=1 min|U_ii|=0.0049059 max|U_ii|=111026 ratio=4.41868e-08 pivots<1e-12: 0
  [LU] n=2520 kutta=1 min|U_ii|=0.0445846 max|U_ii|=6061.07 ratio=7.3559e-06 pivots<1e-12: 0
  [LU] n=924 kutta=1 min|U_ii|=0.00354299 max|U_ii|=195565 ratio=1.81167e-08 pivots<1e-12: 0
  [LU] n=924 kutta=1 min|U_ii|=0.00354299 max|U_ii|=195565 ratio=1.81167e-08 pivots<1e-12: 0
  [LU] n=924 kutta=1 min|U_ii|=0.0049059 max|U_ii|=111026 ratio=4.41868e-08 pivots<1e-12: 0
  [LU] n=2520 kutta=1 min|U_ii|=0.0445846 max|U_ii|=6061.07 ratio=7.3559e-06 pivots<1e-12: 0
  [LU] n=924 kutta=1 min|U_ii|=0.00354299 max|U_ii|=195565 ratio=1.81167e-08 pivots<1e-12: 0
  [LU] n=924 kutta=1 min|U_ii|=0.00354299 max|U_ii|=195565 ratio=1.81167e-08 pivots<1e-12: 0
  [LU] n=924 kutta=1 min|U_ii|=0.0049059 max|U_ii|=111026 ratio=4.41868e-08 pivots<1e-12: 0
  [LU] n=2520 kutta=1 min|U_ii|=0.0445846 max|U_ii|=6061.07 ratio=7.3559e-06 pivots<1e-12: 0
  [LU] n=924 kutta=1 min|U_ii|=0.00354299 max|U_ii|=195565 ratio=1.81167e-08 pivots<1e-12: 0
  [LU] n=924 kutta=1 min|U_ii|=0.00354299 max|U_ii|=195565 ratio=1.81167e-08 pivots<1e-12: 0
  [LU] n=924 kutta=1 min|U_ii|=0.0049059 max|U_ii|=111026 ratio=4.41868e-08 pivots<1e-12: 0
  [LU] n=2520 kutta=1 min|U_ii|=0.0445846 max|U_ii|=6061.07 ratio=7.3559e-06 pivots<1e-12: 0
  [LU] n=924 kutta=1 min|U_ii|=0.00354299 max|U_ii|=195565 ratio=1.81167e-08 pivots<1e-12: 0
  [LU] n=924 kutta=1 min|U_ii|=0.00354299 max|U_ii|=195565 ratio=1.81167e-08 pivots<1e-12: 0
  [LU] n=924 kutta=1 min|U_ii|=0.0049059 max|U_ii|=111026 ratio=4.41868e-08 pivots<1e-12: 0
  [LU] n=2520 kutta=1 min|U_ii|=0.0445846 max|U_ii|=6061.07 ratio=7.3559e-06 pivots<1e-12: 0
  [LU] n=924 kutta=1 min|U_ii|=0.00354299 max|U_ii|=195565 ratio=1.81167e-08 pivots<1e-12: 0
  [LU] n=924 kutta=1 min|U_ii|=0.00354299 max|U_ii|=195565 ratio=1.81167e-08 pivots<1e-12: 0
  [LU] n=924 kutta=1 min|U_ii|=0.0049059 max|U_ii|=111026 ratio=4.41868e-08 pivots<1e-12: 0
  [LU] n=2520 kutta=1 min|U_ii|=0.0445846 max|U_ii|=6061.07 ratio=7.3559e-06 pivots<1e-12: 0
  [LU] n=924 kutta=1 min|U_ii|=0.00354299 max|U_ii|=195565 ratio=1.81167e-08 pivots<1e-12: 0
  [LU] n=924 kutta=1 min|U_ii|=0.00354299 max|U_ii|=195565 ratio=1.81167e-08 pivots<1e-12: 0
  [LU] n=924 kutta=1 min|U_ii|=0.0049059 max|U_ii|=111026 ratio=4.41868e-08 pivots<1e-12: 0
  [LU] n=2520 kutta=1 min|U_ii|=0.0445846 max|U_ii|=6061.07 ratio=7.3559e-06 pivots<1e-12: 0
  [LU] n=924 kutta=1 min|U_ii|=0.00354299 max|U_ii|=195565 ratio=1.81167e-08 pivots<1e-12: 0
  [LU] n=924 kutta=1 min|U_ii|=0.00354299 max|U_ii|=195565 ratio=1.81167e-08 pivots<1e-12: 0
  [LU] n=924 kutta=1 min|U_ii|=0.0049059 max|U_ii|=111026 ratio=4.41868e-08 pivots<1e-12: 0
  [LU] n=2520 kutta=1 min|U_ii|=0.0445846 max|U_ii|=6061.07 ratio=7.3559e-06 pivots<1e-12: 0
  [LU] n=924 kutta=1 min|U_ii|=0.00354299 max|U_ii|=195565 ratio=1.81167e-08 pivots<1e-12: 0
  [LU] n=924 kutta=1 min|U_ii|=0.00354299 max|U_ii|=195565 ratio=1.81167e-08 pivots<1e-12: 0
  [LU] n=924 kutta=1 min|U_ii|=0.0049059 max|U_ii|=111026 ratio=4.41868e-08 pivots<1e-12: 0
  [LU] n=2520 kutta=1 min|U_ii|=0.0445846 max|U_ii|=6061.07 ratio=7.3559e-06 pivots<1e-12: 0
  [LU] n=924 kutta=1 min|U_ii|=0.00354299 max|U_ii|=195565 ratio=1.81167e-08 pivots<1e-12: 0
  [LU] n=924 kutta=1 min|U_ii|=0.00354299 max|U_ii|=195565 ratio=1.81167e-08 pivots<1e-12: 0
  [LU] n=924 kutta=1 min|U_ii|=0.0049059 max|U_ii|=111026 ratio=4.41868e-08 pivots<1e-12: 0
  [LU] n=2520 kutta=1 min|U_ii|=0.0445846 max|U_ii|=6061.07 ratio=7.3559e-06 pivots<1e-12: 0
  [LU] n=924 kutta=1 min|U_ii|=0.00354299 max|U_ii|=195565 ratio=1.81167e-08 pivots<1e-12: 0
  [LU] n=924 kutta=1 min|U_ii|=0.00354299 max|U_ii|=195565 ratio=1.81167e-08 pivots<1e-12: 0
  [LU] n=924 kutta=1 min|U_ii|=0.0049059 max|U_ii|=111026 ratio=4.41868e-08 pivots<1e-12: 0
  [LU] n=2520 kutta=1 min|U_ii|=0.0445846 max|U_ii|=6061.07 ratio=7.3559e-06 pivots<1e-12: 0
  [LU] n=924 kutta=1 min|U_ii|=0.00354299 max|U_ii|=195565 ratio=1.81167e-08 pivots<1e-12: 0
  [LU] n=924 kutta=1 min|U_ii|=0.00354299 max|U_ii|=195565 ratio=1.81167e-08 pivots<1e-12: 0
  [LU] n=924 kutta=1 min|U_ii|=0.0049059 max|U_ii|=111026 ratio=4.41868e-08 pivots<1e-12: 0
  [LU] n=2520 kutta=1 min|U_ii|=0.0445846 max|U_ii|=6061.07 ratio=7.3559e-06 pivots<1e-12: 0
  [LU] n=924 kutta=1 min|U_ii|=0.00354299 max|U_ii|=195565 ratio=1.81167e-08 pivots<1e-12: 0
  [LU] n=924 kutta=1 min|U_ii|=0.00354299 max|U_ii|=195565 ratio=1.81167e-08 pivots<1e-12: 0
  [LU] n=924 kutta=1 min|U_ii|=0.0049059 max|U_ii|=111026 ratio=4.41868e-08 pivots<1e-12: 0
  [LU] n=2520 kutta=1 min|U_ii|=0.0445846 max|U_ii|=6061.07 ratio=7.3559e-06 pivots<1e-12: 0
  [LU] n=924 kutta=1 min|U_ii|=0.00354299 max|U_ii|=195565 ratio=1.81167e-08 pivots<1e-12: 0
  [LU] n=924 kutta=1 min|U_ii|=0.00354299 max|U_ii|=195565 ratio=1.81167e-08 pivots<1e-12: 0
  [LU] n=924 kutta=1 min|U_ii|=0.0049059 max|U_ii|=111026 ratio=4.41868e-08 pivots<1e-12: 0
  [LU] n=2520 kutta=1 min|U_ii|=0.0445846 max|U_ii|=6061.07 ratio=7.3559e-06 pivots<1e-12: 0
  [LU] n=924 kutta=1 min|U_ii|=0.00354299 max|U_ii|=195565 ratio=1.81167e-08 pivots<1e-12: 0
  [LU] n=924 kutta=1 min|U_ii|=0.00354299 max|U_ii|=195565 ratio=1.81167e-08 pivots<1e-12: 0
  [LU] n=924 kutta=1 min|U_ii|=0.0049059 max|U_ii|=111026 ratio=4.41868e-08 pivots<1e-12: 0
  [LU] n=2520 kutta=1 min|U_ii|=0.0445846 max|U_ii|=6061.07 ratio=7.3559e-06 pivots<1e-12: 0
  [LU] n=924 kutta=1 min|U_ii|=0.00354299 max|U_ii|=195565 ratio=1.81167e-08 pivots<1e-12: 0
  [LU] n=924 kutta=1 min|U_ii|=0.00354299 max|U_ii|=195565 ratio=1.81167e-08 pivots<1e-12: 0
  [LU] n=924 kutta=1 min|U_ii|=0.0049059 max|U_ii|=111026 ratio=4.41868e-08 pivots<1e-12: 0
  [LU] n=2520 kutta=1 min|U_ii|=0.0445846 max|U_ii|=6061.07 ratio=7.3559e-06 pivots<1e-12: 0
  [LU] n=924 kutta=1 min|U_ii|=0.00354299 max|U_ii|=195565 ratio=1.81167e-08 pivots<1e-12: 0
  [LU] n=924 kutta=1 min|U_ii|=0.00354299 max|U_ii|=195565 ratio=1.81167e-08 pivots<1e-12: 0
  [LU] n=924 kutta=1 min|U_ii|=0.0049059 max|U_ii|=111026 ratio=4.41868e-08 pivots<1e-12: 0
  [LU] n=2520 kutta=1 min|U_ii|=0.0445846 max|U_ii|=6061.07 ratio=7.3559e-06 pivots<1e-12: 0
  [LU] n=924 kutta=1 min|U_ii|=0.00354299 max|U_ii|=195565 ratio=1.81167e-08 pivots<1e-12: 0
  [LU] n=924 kutta=1 min|U_ii|=0.00354299 max|U_ii|=195565 ratio=1.81167e-08 pivots<1e-12: 0
  [LU] n=924 kutta=1 min|U_ii|=0.0049059 max|U_ii|=111026 ratio=4.41868e-08 pivots<1e-12: 0
  [LU] n=2520 kutta=1 min|U_ii|=0.0445846 max|U_ii|=6061.07 ratio=7.3559e-06 pivots<1e-12: 0
  [LU] n=924 kutta=1 min|U_ii|=0.00354299 max|U_ii|=195565 ratio=1.81167e-08 pivots<1e-12: 0
  [LU] n=924 kutta=1 min|U_ii|=0.00354299 max|U_ii|=195565 ratio=1.81167e-08 pivots<1e-12: 0
  [LU] n=924 kutta=1 min|U_ii|=0.0049059 max|U_ii|=111026 ratio=4.41868e-08 pivots<1e-12: 0
  [LU] n=2520 kutta=1 min|U_ii|=0.0445846 max|U_ii|=6061.07 ratio=7.3559e-06 pivots<1e-12: 0
  [LU] n=924 kutta=1 min|U_ii|=0.00354299 max|U_ii|=195565 ratio=1.81167e-08 pivots<1e-12: 0
  [LU] n=924 kutta=1 min|U_ii|=0.00354299 max|U_ii|=195565 ratio=1.81167e-08 pivots<1e-12: 0
  [LU] n=924 kutta=1 min|U_ii|=0.0049059 max|U_ii|=111026 ratio=4.41868e-08 pivots<1e-12: 0
  [LU] n=2520 kutta=1 min|U_ii|=0.0445846 max|U_ii|=6061.07 ratio=7.3559e-06 pivots<1e-12: 0
  [LU] n=924 kutta=1 min|U_ii|=0.00354299 max|U_ii|=195565 ratio=1.81167e-08 pivots<1e-12: 0
  [LU] n=924 kutta=1 min|U_ii|=0.00354299 max|U_ii|=195565 ratio=1.81167e-08 pivots<1e-12: 0
  [LU] n=924 kutta=1 min|U_ii|=0.0049059 max|U_ii|=111026 ratio=4.41868e-08 pivots<1e-12: 0
  [LU] n=2520 kutta=1 min|U_ii|=0.0445846 max|U_ii|=6061.07 ratio=7.3559e-06 pivots<1e-12: 0
  [LU] n=924 kutta=1 min|U_ii|=0.00354299 max|U_ii|=195565 ratio=1.81167e-08 pivots<1e-12: 0
  [LU] n=924 kutta=1 min|U_ii|=0.00354299 max|U_ii|=195565 ratio=1.81167e-08 pivots<1e-12: 0
  [LU] n=924 kutta=1 min|U_ii|=0.0049059 max|U_ii|=111026 ratio=4.41868e-08 pivots<1e-12: 0
  [LU] n=2520 kutta=1 min|U_ii|=0.0445846 max|U_ii|=6061.07 ratio=7.3559e-06 pivots<1e-12: 0
  [LU] n=924 kutta=1 min|U_ii|=0.00354299 max|U_ii|=195565 ratio=1.81167e-08 pivots<1e-12: 0
  [LU] n=924 kutta=1 min|U_ii|=0.00354299 max|U_ii|=195565 ratio=1.81167e-08 pivots<1e-12: 0
  [LU] n=924 kutta=1 min|U_ii|=0.0049059 max|U_ii|=111026 ratio=4.41868e-08 pivots<1e-12: 0
  [LU] n=2520 kutta=1 min|U_ii|=0.0445846 max|U_ii|=6061.07 ratio=7.3559e-06 pivots<1e-12: 0
  [LU] n=924 kutta=1 min|U_ii|=0.00354299 max|U_ii|=195565 ratio=1.81167e-08 pivots<1e-12: 0
  [LU] n=924 kutta=1 min|U_ii|=0.00354299 max|U_ii|=195565 ratio=1.81167e-08 pivots<1e-12: 0
  [LU] n=924 kutta=1 min|U_ii|=0.0049059 max|U_ii|=111026 ratio=4.41868e-08 pivots<1e-12: 0
  [LU] n=2520 kutta=1 min|U_ii|=0.0445846 max|U_ii|=6061.07 ratio=7.3559e-06 pivots<1e-12: 0
  [LU] n=924 kutta=1 min|U_ii|=0.00354299 max|U_ii|=195565 ratio=1.81167e-08 pivots<1e-12: 0
  [LU] n=924 kutta=1 min|U_ii|=0.00354299 max|U_ii|=195565 ratio=1.81167e-08 pivots<1e-12: 0
  [LU] n=924 kutta=1 min|U_ii|=0.0049059 max|U_ii|=111026 ratio=4.41868e-08 pivots<1e-12: 0
  [LU] n=2520 kutta=1 min|U_ii|=0.0445846 max|U_ii|=6061.07 ratio=7.3559e-06 pivots<1e-12: 0
  [LU] n=924 kutta=1 min|U_ii|=0.00354299 max|U_ii|=195565 ratio=1.81167e-08 pivots<1e-12: 0
  [LU] n=924 kutta=1 min|U_ii|=0.00354299 max|U_ii|=195565 ratio=1.81167e-08 pivots<1e-12: 0
  [LU] n=924 kutta=1 min|U_ii|=0.0049059 max|U_ii|=111026 ratio=4.41868e-08 pivots<1e-12: 0
  [LU] n=2520 kutta=1 min|U_ii|=0.0445846 max|U_ii|=6061.07 ratio=7.3559e-06 pivots<1e-12: 0
  [LU] n=924 kutta=1 min|U_ii|=0.00354299 max|U_ii|=195565 ratio=1.81167e-08 pivots<1e-12: 0
  [LU] n=924 kutta=1 min|U_ii|=0.00354299 max|U_ii|=195565 ratio=1.81167e-08 pivots<1e-12: 0
  [LU] n=924 kutta=1 min|U_ii|=0.0049059 max|U_ii|=111026 ratio=4.41868e-08 pivots<1e-12: 0
  [LU] n=2520 kutta=1 min|U_ii|=0.0445846 max|U_ii|=6061.07 ratio=7.3559e-06 pivots<1e-12: 0
  [LU] n=924 kutta=1 min|U_ii|=0.00354299 max|U_ii|=195565 ratio=1.81167e-08 pivots<1e-12: 0
  [LU] n=924 kutta=1 min|U_ii|=0.00354299 max|U_ii|=195565 ratio=1.81167e-08 pivots<1e-12: 0
  [LU] n=924 kutta=1 min|U_ii|=0.0049059 max|U_ii|=111026 ratio=4.41868e-08 pivots<1e-12: 0
  [LU] n=2520 kutta=1 min|U_ii|=0.0445846 max|U_ii|=6061.07 ratio=7.3559e-06 pivots<1e-12: 0
  [LU] n=924 kutta=1 min|U_ii|=0.00354299 max|U_ii|=195565 ratio=1.81167e-08 pivots<1e-12: 0
  [LU] n=924 kutta=1 min|U_ii|=0.00354299 max|U_ii|=195565 ratio=1.81167e-08 pivots<1e-12: 0
  [LU] n=924 kutta=1 min|U_ii|=0.0049059 max|U_ii|=111026 ratio=4.41868e-08 pivots<1e-12: 0
  [LU] n=2520 kutta=1 min|U_ii|=0.0445846 max|U_ii|=6061.07 ratio=7.3559e-06 pivots<1e-12: 0
  [LU] n=924 kutta=1 min|U_ii|=0.00354299 max|U_ii|=195565 ratio=1.81167e-08 pivots<1e-12: 0
  [LU] n=924 kutta=1 min|U_ii|=0.00354299 max|U_ii|=195565 ratio=1.81167e-08 pivots<1e-12: 0
  [LU] n=924 kutta=1 min|U_ii|=0.0049059 max|U_ii|=111026 ratio=4.41868e-08 pivots<1e-12: 0
  [LU] n=2520 kutta=1 min|U_ii|=0.0445846 max|U_ii|=6061.07 ratio=7.3559e-06 pivots<1e-12: 0
  [LU] n=924 kutta=1 min|U_ii|=0.00354299 max|U_ii|=195565 ratio=1.81167e-08 pivots<1e-12: 0
  [LU] n=924 kutta=1 min|U_ii|=0.00354299 max|U_ii|=195565 ratio=1.81167e-08 pivots<1e-12: 0
  [LU] n=924 kutta=1 min|U_ii|=0.0049059 max|U_ii|=111026 ratio=4.41868e-08 pivots<1e-12: 0
  [LU] n=2520 kutta=1 min|U_ii|=0.0445846 max|U_ii|=6061.07 ratio=7.3559e-06 pivots<1e-12: 0
  [LU] n=924 kutta=1 min|U_ii|=0.00354299 max|U_ii|=195565 ratio=1.81167e-08 pivots<1e-12: 0
  [LU] n=924 kutta=1 min|U_ii|=0.00354299 max|U_ii|=195565 ratio=1.81167e-08 pivots<1e-12: 0
  [LU] n=924 kutta=1 min|U_ii|=0.0049059 max|U_ii|=111026 ratio=4.41868e-08 pivots<1e-12: 0
  [LU] n=2520 kutta=1 min|U_ii|=0.0445846 max|U_ii|=6061.07 ratio=7.3559e-06 pivots<1e-12: 0
  [LU] n=924 kutta=1 min|U_ii|=0.00354299 max|U_ii|=195565 ratio=1.81167e-08 pivots<1e-12: 0
  [LU] n=924 kutta=1 min|U_ii|=0.00354299 max|U_ii|=195565 ratio=1.81167e-08 pivots<1e-12: 0
  [LU] n=924 kutta=1 min|U_ii|=0.0049059 max|U_ii|=111026 ratio=4.41868e-08 pivots<1e-12: 0
  [LU] n=2520 kutta=1 min|U_ii|=0.0445846 max|U_ii|=6061.07 ratio=7.3559e-06 pivots<1e-12: 0
  [LU] n=924 kutta=1 min|U_ii|=0.00354299 max|U_ii|=195565 ratio=1.81167e-08 pivots<1e-12: 0
  [LU] n=924 kutta=1 min|U_ii|=0.00354299 max|U_ii|=195565 ratio=1.81167e-08 pivots<1e-12: 0
  [LU] n=924 kutta=1 min|U_ii|=0.0049059 max|U_ii|=111026 ratio=4.41868e-08 pivots<1e-12: 0
  [LU] n=2520 kutta=1 min|U_ii|=0.0445846 max|U_ii|=6061.07 ratio=7.3559e-06 pivots<1e-12: 0
  [LU] n=924 kutta=1 min|U_ii|=0.00354299 max|U_ii|=195565 ratio=1.81167e-08 pivots<1e-12: 0
  [LU] n=924 kutta=1 min|U_ii|=0.00354299 max|U_ii|=195565 ratio=1.81167e-08 pivots<1e-12: 0
  [LU] n=924 kutta=1 min|U_ii|=0.0049059 max|U_ii|=111026 ratio=4.41868e-08 pivots<1e-12: 0
  [LU] n=2520 kutta=1 min|U_ii|=0.0445846 max|U_ii|=6061.07 ratio=7.3559e-06 pivots<1e-12: 0
  [LU] n=924 kutta=1 min|U_ii|=0.00354299 max|U_ii|=195565 ratio=1.81167e-08 pivots<1e-12: 0
  [LU] n=924 kutta=1 min|U_ii|=0.00354299 max|U_ii|=195565 ratio=1.81167e-08 pivots<1e-12: 0
  [LU] n=924 kutta=1 min|U_ii|=0.0049059 max|U_ii|=111026 ratio=4.41868e-08 pivots<1e-12: 0
  [LU] n=2520 kutta=1 min|U_ii|=0.0445846 max|U_ii|=6061.07 ratio=7.3559e-06 pivots<1e-12: 0
  [LU] n=924 kutta=1 min|U_ii|=0.00354299 max|U_ii|=195565 ratio=1.81167e-08 pivots<1e-12: 0
  [LU] n=924 kutta=1 min|U_ii|=0.00354299 max|U_ii|=195565 ratio=1.81167e-08 pivots<1e-12: 0
  [LU] n=924 kutta=1 min|U_ii|=0.0049059 max|U_ii|=111026 ratio=4.41868e-08 pivots<1e-12: 0
  [LU] n=2520 kutta=1 min|U_ii|=0.0445846 max|U_ii|=6061.07 ratio=7.3559e-06 pivots<1e-12: 0
  [LU] n=924 kutta=1 min|U_ii|=0.00354299 max|U_ii|=195565 ratio=1.81167e-08 pivots<1e-12: 0
  [LU] n=924 kutta=1 min|U_ii|=0.00354299 max|U_ii|=195565 ratio=1.81167e-08 pivots<1e-12: 0
  [LU] n=924 kutta=1 min|U_ii|=0.0049059 max|U_ii|=111026 ratio=4.41868e-08 pivots<1e-12: 0
  [LU] n=2520 kutta=1 min|U_ii|=0.0445846 max|U_ii|=6061.07 ratio=7.3559e-06 pivots<1e-12: 0
  [LU] n=924 kutta=1 min|U_ii|=0.00354299 max|U_ii|=195565 ratio=1.81167e-08 pivots<1e-12: 0
  [LU] n=924 kutta=1 min|U_ii|=0.00354299 max|U_ii|=195565 ratio=1.81167e-08 pivots<1e-12: 0
  [LU] n=924 kutta=1 min|U_ii|=0.0049059 max|U_ii|=111026 ratio=4.41868e-08 pivots<1e-12: 0
  [LU] n=2520 kutta=1 min|U_ii|=0.0445846 max|U_ii|=6061.07 ratio=7.3559e-06 pivots<1e-12: 0
  [LU] n=924 kutta=1 min|U_ii|=0.00354299 max|U_ii|=195565 ratio=1.81167e-08 pivots<1e-12: 0
  [LU] n=924 kutta=1 min|U_ii|=0.00354299 max|U_ii|=195565 ratio=1.81167e-08 pivots<1e-12: 0
  [LU] n=924 kutta=1 min|U_ii|=0.0049059 max|U_ii|=111026 ratio=4.41868e-08 pivots<1e-12: 0
  [LU] n=2520 kutta=1 min|U_ii|=0.0445846 max|U_ii|=6061.07 ratio=7.3559e-06 pivots<1e-12: 0
  [LU] n=924 kutta=1 min|U_ii|=0.00354299 max|U_ii|=195565 ratio=1.81167e-08 pivots<1e-12: 0
  [LU] n=924 kutta=1 min|U_ii|=0.00354299 max|U_ii|=195565 ratio=1.81167e-08 pivots<1e-12: 0
  [LU] n=924 kutta=1 min|U_ii|=0.0049059 max|U_ii|=111026 ratio=4.41868e-08 pivots<1e-12: 0
  [LU] n=2520 kutta=1 min|U_ii|=0.0445846 max|U_ii|=6061.07 ratio=7.3559e-06 pivots<1e-12: 0
  [LU] n=924 kutta=1 min|U_ii|=0.00354299 max|U_ii|=195565 ratio=1.81167e-08 pivots<1e-12: 0
  [LU] n=924 kutta=1 min|U_ii|=0.00354299 max|U_ii|=195565 ratio=1.81167e-08 pivots<1e-12: 0
  [LU] n=924 kutta=1 min|U_ii|=0.0049059 max|U_ii|=111026 ratio=4.41868e-08 pivots<1e-12: 0
  [LU] n=2520 kutta=1 min|U_ii|=0.0445846 max|U_ii|=6061.07 ratio=7.3559e-06 pivots<1e-12: 0
  [LU] n=924 kutta=1 min|U_ii|=0.00354299 max|U_ii|=195565 ratio=1.81167e-08 pivots<1e-12: 0
  [LU] n=924 kutta=1 min|U_ii|=0.00354299 max|U_ii|=195565 ratio=1.81167e-08 pivots<1e-12: 0
  [LU] n=924 kutta=1 min|U_ii|=0.0049059 max|U_ii|=111026 ratio=4.41868e-08 pivots<1e-12: 0
  [LU] n=2520 kutta=1 min|U_ii|=0.0445846 max|U_ii|=6061.07 ratio=7.3559e-06 pivots<1e-12: 0
  [LU] n=924 kutta=1 min|U_ii|=0.00354299 max|U_ii|=195565 ratio=1.81167e-08 pivots<1e-12: 0
  [LU] n=924 kutta=1 min|U_ii|=0.00354299 max|U_ii|=195565 ratio=1.81167e-08 pivots<1e-12: 0
  [LU] n=924 kutta=1 min|U_ii|=0.0049059 max|U_ii|=111026 ratio=4.41868e-08 pivots<1e-12: 0
  [LU] n=2520 kutta=1 min|U_ii|=0.0445846 max|U_ii|=6061.07 ratio=7.3559e-06 pivots<1e-12: 0
  [LU] n=924 kutta=1 min|U_ii|=0.00354299 max|U_ii|=195565 ratio=1.81167e-08 pivots<1e-12: 0
  [LU] n=924 kutta=1 min|U_ii|=0.00354299 max|U_ii|=195565 ratio=1.81167e-08 pivots<1e-12: 0
  [LU] n=924 kutta=1 min|U_ii|=0.0049059 max|U_ii|=111026 ratio=4.41868e-08 pivots<1e-12: 0
  [LU] n=2520 kutta=1 min|U_ii|=0.0445846 max|U_ii|=6061.07 ratio=7.3559e-06 pivots<1e-12: 0
  [LU] n=924 kutta=1 min|U_ii|=0.00354299 max|U_ii|=195565 ratio=1.81167e-08 pivots<1e-12: 0
  [LU] n=924 kutta=1 min|U_ii|=0.00354299 max|U_ii|=195565 ratio=1.81167e-08 pivots<1e-12: 0
  [LU] n=924 kutta=1 min|U_ii|=0.0049059 max|U_ii|=111026 ratio=4.41868e-08 pivots<1e-12: 0
  [LU] n=2520 kutta=1 min|U_ii|=0.0445846 max|U_ii|=6061.07 ratio=7.3559e-06 pivots<1e-12: 0
  [LU] n=924 kutta=1 min|U_ii|=0.00354299 max|U_ii|=195565 ratio=1.81167e-08 pivots<1e-12: 0
  [LU] n=924 kutta=1 min|U_ii|=0.00354299 max|U_ii|=195565 ratio=1.81167e-08 pivots<1e-12: 0
  [LU] n=924 kutta=1 min|U_ii|=0.0049059 max|U_ii|=111026 ratio=4.41868e-08 pivots<1e-12: 0
  [LU] n=2520 kutta=1 min|U_ii|=0.0445846 max|U_ii|=6061.07 ratio=7.3559e-06 pivots<1e-12: 0
  [LU] n=924 kutta=1 min|U_ii|=0.00354299 max|U_ii|=195565 ratio=1.81167e-08 pivots<1e-12: 0
  [LU] n=924 kutta=1 min|U_ii|=0.00354299 max|U_ii|=195565 ratio=1.81167e-08 pivots<1e-12: 0
  [LU] n=924 kutta=1 min|U_ii|=0.0049059 max|U_ii|=111026 ratio=4.41868e-08 pivots<1e-12: 0
  [LU] n=2520 kutta=1 min|U_ii|=0.0445846 max|U_ii|=6061.07 ratio=7.3559e-06 pivots<1e-12: 0
  [LU] n=924 kutta=1 min|U_ii|=0.00354299 max|U_ii|=195565 ratio=1.81167e-08 pivots<1e-12: 0
  [LU] n=924 kutta=1 min|U_ii|=0.00354299 max|U_ii|=195565 ratio=1.81167e-08 pivots<1e-12: 0
  [LU] n=924 kutta=1 min|U_ii|=0.0049059 max|U_ii|=111026 ratio=4.41868e-08 pivots<1e-12: 0
  [LU] n=2520 kutta=1 min|U_ii|=0.0445846 max|U_ii|=6061.07 ratio=7.3559e-06 pivots<1e-12: 0
  [LU] n=924 kutta=1 min|U_ii|=0.00354299 max|U_ii|=195565 ratio=1.81167e-08 pivots<1e-12: 0
  [LU] n=924 kutta=1 min|U_ii|=0.00354299 max|U_ii|=195565 ratio=1.81167e-08 pivots<1e-12: 0
  [LU] n=924 kutta=1 min|U_ii|=0.0049059 max|U_ii|=111026 ratio=4.41868e-08 pivots<1e-12: 0
  [LU] n=2520 kutta=1 min|U_ii|=0.0445846 max|U_ii|=6061.07 ratio=7.3559e-06 pivots<1e-12: 0
  [LU] n=924 kutta=1 min|U_ii|=0.00354299 max|U_ii|=195565 ratio=1.81167e-08 pivots<1e-12: 0
  [LU] n=924 kutta=1 min|U_ii|=0.00354299 max|U_ii|=195565 ratio=1.81167e-08 pivots<1e-12: 0
  [LU] n=924 kutta=1 min|U_ii|=0.0049059 max|U_ii|=111026 ratio=4.41868e-08 pivots<1e-12: 0
  [LU] n=2520 kutta=1 min|U_ii|=0.0445846 max|U_ii|=6061.07 ratio=7.3559e-06 pivots<1e-12: 0
  [LU] n=924 kutta=1 min|U_ii|=0.00354299 max|U_ii|=195565 ratio=1.81167e-08 pivots<1e-12: 0
  [LU] n=924 kutta=1 min|U_ii|=0.00354299 max|U_ii|=195565 ratio=1.81167e-08 pivots<1e-12: 0
  [LU] n=924 kutta=1 min|U_ii|=0.0049059 max|U_ii|=111026 ratio=4.41868e-08 pivots<1e-12: 0
  [LU] n=2520 kutta=1 min|U_ii|=0.0445846 max|U_ii|=6061.07 ratio=7.3559e-06 pivots<1e-12: 0
  [LU] n=924 kutta=1 min|U_ii|=0.00354299 max|U_ii|=195565 ratio=1.81167e-08 pivots<1e-12: 0
  [LU] n=924 kutta=1 min|U_ii|=0.00354299 max|U_ii|=195565 ratio=1.81167e-08 pivots<1e-12: 0
  [LU] n=924 kutta=1 min|U_ii|=0.0049059 max|U_ii|=111026 ratio=4.41868e-08 pivots<1e-12: 0
  [LU] n=2520 kutta=1 min|U_ii|=0.0445846 max|U_ii|=6061.07 ratio=7.3559e-06 pivots<1e-12: 0
  [LU] n=924 kutta=1 min|U_ii|=0.00354299 max|U_ii|=195565 ratio=1.81167e-08 pivots<1e-12: 0
  [LU] n=924 kutta=1 min|U_ii|=0.00354299 max|U_ii|=195565 ratio=1.81167e-08 pivots<1e-12: 0
  [LU] n=924 kutta=1 min|U_ii|=0.0049059 max|U_ii|=111026 ratio=4.41868e-08 pivots<1e-12: 0
  [LU] n=2520 kutta=1 min|U_ii|=0.0445846 max|U_ii|=6061.07 ratio=7.3559e-06 pivots<1e-12: 0
  [LU] n=924 kutta=1 min|U_ii|=0.00354299 max|U_ii|=195565 ratio=1.81167e-08 pivots<1e-12: 0
  [LU] n=924 kutta=1 min|U_ii|=0.00354299 max|U_ii|=195565 ratio=1.81167e-08 pivots<1e-12: 0
  [LU] n=924 kutta=1 min|U_ii|=0.0049059 max|U_ii|=111026 ratio=4.41868e-08 pivots<1e-12: 0
  [LU] n=2520 kutta=1 min|U_ii|=0.0445846 max|U_ii|=6061.07 ratio=7.3559e-06 pivots<1e-12: 0
  [LU] n=924 kutta=1 min|U_ii|=0.00354299 max|U_ii|=195565 ratio=1.81167e-08 pivots<1e-12: 0
  [LU] n=924 kutta=1 min|U_ii|=0.00354299 max|U_ii|=195565 ratio=1.81167e-08 pivots<1e-12: 0
  [LU] n=924 kutta=1 min|U_ii|=0.0049059 max|U_ii|=111026 ratio=4.41868e-08 pivots<1e-12: 0
  [LU] n=2520 kutta=1 min|U_ii|=0.0445846 max|U_ii|=6061.07 ratio=7.3559e-06 pivots<1e-12: 0
  [LU] n=924 kutta=1 min|U_ii|=0.00354299 max|U_ii|=195565 ratio=1.81167e-08 pivots<1e-12: 0
  [LU] n=924 kutta=1 min|U_ii|=0.00354299 max|U_ii|=195565 ratio=1.81167e-08 pivots<1e-12: 0
  [LU] n=924 kutta=1 min|U_ii|=0.0049059 max|U_ii|=111026 ratio=4.41868e-08 pivots<1e-12: 0
  [LU] n=2520 kutta=1 min|U_ii|=0.0445846 max|U_ii|=6061.07 ratio=7.3559e-06 pivots<1e-12: 0
  [LU] n=924 kutta=1 min|U_ii|=0.00354299 max|U_ii|=195565 ratio=1.81167e-08 pivots<1e-12: 0
  [LU] n=924 kutta=1 min|U_ii|=0.00354299 max|U_ii|=195565 ratio=1.81167e-08 pivots<1e-12: 0
  [LU] n=924 kutta=1 min|U_ii|=0.0049059 max|U_ii|=111026 ratio=4.41868e-08 pivots<1e-12: 0
  [LU] n=2520 kutta=1 min|U_ii|=0.0445846 max|U_ii|=6061.07 ratio=7.3559e-06 pivots<1e-12: 0
  [LU] n=924 kutta=1 min|U_ii|=0.00354299 max|U_ii|=195565 ratio=1.81167e-08 pivots<1e-12: 0
  [LU] n=924 kutta=1 min|U_ii|=0.00354299 max|U_ii|=195565 ratio=1.81167e-08 pivots<1e-12: 0
  [LU] n=924 kutta=1 min|U_ii|=0.0049059 max|U_ii|=111026 ratio=4.41868e-08 pivots<1e-12: 0
  [LU] n=2520 kutta=1 min|U_ii|=0.0445846 max|U_ii|=6061.07 ratio=7.3559e-06 pivots<1e-12: 0
  [LU] n=924 kutta=1 min|U_ii|=0.00354299 max|U_ii|=195565 ratio=1.81167e-08 pivots<1e-12: 0
  [LU] n=924 kutta=1 min|U_ii|=0.00354299 max|U_ii|=195565 ratio=1.81167e-08 pivots<1e-12: 0
  [LU] n=924 kutta=1 min|U_ii|=0.0049059 max|U_ii|=111026 ratio=4.41868e-08 pivots<1e-12: 0
  [LU] n=2520 kutta=1 min|U_ii|=0.0445846 max|U_ii|=6061.07 ratio=7.3559e-06 pivots<1e-12: 0
  [LU] n=924 kutta=1 min|U_ii|=0.00354299 max|U_ii|=195565 ratio=1.81167e-08 pivots<1e-12: 0
  [LU] n=924 kutta=1 min|U_ii|=0.00354299 max|U_ii|=195565 ratio=1.81167e-08 pivots<1e-12: 0
  [LU] n=924 kutta=1 min|U_ii|=0.0049059 max|U_ii|=111026 ratio=4.41868e-08 pivots<1e-12: 0
  [LU] n=2520 kutta=1 min|U_ii|=0.0445846 max|U_ii|=6061.07 ratio=7.3559e-06 pivots<1e-12: 0
  [LU] n=924 kutta=1 min|U_ii|=0.00354299 max|U_ii|=195565 ratio=1.81167e-08 pivots<1e-12: 0
  [LU] n=924 kutta=1 min|U_ii|=0.00354299 max|U_ii|=195565 ratio=1.81167e-08 pivots<1e-12: 0
  [LU] n=924 kutta=1 min|U_ii|=0.0049059 max|U_ii|=111026 ratio=4.41868e-08 pivots<1e-12: 0
  [LU] n=2520 kutta=1 min|U_ii|=0.0445846 max|U_ii|=6061.07 ratio=7.3559e-06 pivots<1e-12: 0
  [LU] n=924 kutta=1 min|U_ii|=0.00354299 max|U_ii|=195565 ratio=1.81167e-08 pivots<1e-12: 0
  [LU] n=924 kutta=1 min|U_ii|=0.00354299 max|U_ii|=195565 ratio=1.81167e-08 pivots<1e-12: 0
  [LU] n=924 kutta=1 min|U_ii|=0.0049059 max|U_ii|=111026 ratio=4.41868e-08 pivots<1e-12: 0
  [LU] n=2520 kutta=1 min|U_ii|=0.0445846 max|U_ii|=6061.07 ratio=7.3559e-06 pivots<1e-12: 0
  [LU] n=924 kutta=1 min|U_ii|=0.00354299 max|U_ii|=195565 ratio=1.81167e-08 pivots<1e-12: 0
  [LU] n=924 kutta=1 min|U_ii|=0.00354299 max|U_ii|=195565 ratio=1.81167e-08 pivots<1e-12: 0
  [LU] n=924 kutta=1 min|U_ii|=0.0049059 max|U_ii|=111026 ratio=4.41868e-08 pivots<1e-12: 0
  [LU] n=2520 kutta=1 min|U_ii|=0.0445846 max|U_ii|=6061.07 ratio=7.3559e-06 pivots<1e-12: 0
  [LU] n=924 kutta=1 min|U_ii|=0.00354299 max|U_ii|=195565 ratio=1.81167e-08 pivots<1e-12: 0
  [LU] n=924 kutta=1 min|U_ii|=0.00354299 max|U_ii|=195565 ratio=1.81167e-08 pivots<1e-12: 0
  [LU] n=924 kutta=1 min|U_ii|=0.0049059 max|U_ii|=111026 ratio=4.41868e-08 pivots<1e-12: 0
  [LU] n=2520 kutta=1 min|U_ii|=0.0445846 max|U_ii|=6061.07 ratio=7.3559e-06 pivots<1e-12: 0
  [LU] n=924 kutta=1 min|U_ii|=0.00354299 max|U_ii|=195565 ratio=1.81167e-08 pivots<1e-12: 0
  [LU] n=924 kutta=1 min|U_ii|=0.00354299 max|U_ii|=195565 ratio=1.81167e-08 pivots<1e-12: 0
  [LU] n=924 kutta=1 min|U_ii|=0.0049059 max|U_ii|=111026 ratio=4.41868e-08 pivots<1e-12: 0
  [LU] n=2520 kutta=1 min|U_ii|=0.0445846 max|U_ii|=6061.07 ratio=7.3559e-06 pivots<1e-12: 0
  [LU] n=924 kutta=1 min|U_ii|=0.00354299 max|U_ii|=195565 ratio=1.81167e-08 pivots<1e-12: 0
  [LU] n=924 kutta=1 min|U_ii|=0.00354299 max|U_ii|=195565 ratio=1.81167e-08 pivots<1e-12: 0
  [LU] n=924 kutta=1 min|U_ii|=0.0049059 max|U_ii|=111026 ratio=4.41868e-08 pivots<1e-12: 0
  [LU] n=2520 kutta=1 min|U_ii|=0.0445846 max|U_ii|=6061.07 ratio=7.3559e-06 pivots<1e-12: 0
  [LU] n=924 kutta=1 min|U_ii|=0.00354299 max|U_ii|=195565 ratio=1.81167e-08 pivots<1e-12: 0
  [LU] n=924 kutta=1 min|U_ii|=0.00354299 max|U_ii|=195565 ratio=1.81167e-08 pivots<1e-12: 0
  [LU] n=924 kutta=1 min|U_ii|=0.0049059 max|U_ii|=111026 ratio=4.41868e-08 pivots<1e-12: 0
  [LU] n=2520 kutta=1 min|U_ii|=0.0445846 max|U_ii|=6061.07 ratio=7.3559e-06 pivots<1e-12: 0
  [LU] n=924 kutta=1 min|U_ii|=0.00354299 max|U_ii|=195565 ratio=1.81167e-08 pivots<1e-12: 0
  [LU] n=924 kutta=1 min|U_ii|=0.00354299 max|U_ii|=195565 ratio=1.81167e-08 pivots<1e-12: 0
  [LU] n=924 kutta=1 min|U_ii|=0.0049059 max|U_ii|=111026 ratio=4.41868e-08 pivots<1e-12: 0
  [LU] n=2520 kutta=1 min|U_ii|=0.0445846 max|U_ii|=6061.07 ratio=7.3559e-06 pivots<1e-12: 0
  [LU] n=924 kutta=1 min|U_ii|=0.00354299 max|U_ii|=195565 ratio=1.81167e-08 pivots<1e-12: 0
  [LU] n=924 kutta=1 min|U_ii|=0.00354299 max|U_ii|=195565 ratio=1.81167e-08 pivots<1e-12: 0
  [LU] n=924 kutta=1 min|U_ii|=0.0049059 max|U_ii|=111026 ratio=4.41868e-08 pivots<1e-12: 0
  [LU] n=2520 kutta=1 min|U_ii|=0.0445846 max|U_ii|=6061.07 ratio=7.3559e-06 pivots<1e-12: 0
  [LU] n=924 kutta=1 min|U_ii|=0.00354299 max|U_ii|=195565 ratio=1.81167e-08 pivots<1e-12: 0
  [LU] n=924 kutta=1 min|U_ii|=0.00354299 max|U_ii|=195565 ratio=1.81167e-08 pivots<1e-12: 0
  [LU] n=924 kutta=1 min|U_ii|=0.0049059 max|U_ii|=111026 ratio=4.41868e-08 pivots<1e-12: 0
  [LU] n=2520 kutta=1 min|U_ii|=0.0445846 max|U_ii|=6061.07 ratio=7.3559e-06 pivots<1e-12: 0
  [LU] n=924 kutta=1 min|U_ii|=0.00354299 max|U_ii|=195565 ratio=1.81167e-08 pivots<1e-12: 0
  [LU] n=924 kutta=1 min|U_ii|=0.00354299 max|U_ii|=195565 ratio=1.81167e-08 pivots<1e-12: 0
  [LU] n=924 kutta=1 min|U_ii|=0.0049059 max|U_ii|=111026 ratio=4.41868e-08 pivots<1e-12: 0
  [LU] n=2520 kutta=1 min|U_ii|=0.0445846 max|U_ii|=6061.07 ratio=7.3559e-06 pivots<1e-12: 0
  [LU] n=924 kutta=1 min|U_ii|=0.00354299 max|U_ii|=195565 ratio=1.81167e-08 pivots<1e-12: 0
  [LU] n=924 kutta=1 min|U_ii|=0.00354299 max|U_ii|=195565 ratio=1.81167e-08 pivots<1e-12: 0
  [LU] n=924 kutta=1 min|U_ii|=0.0049059 max|U_ii|=111026 ratio=4.41868e-08 pivots<1e-12: 0
  [LU] n=2520 kutta=1 min|U_ii|=0.0445846 max|U_ii|=6061.07 ratio=7.3559e-06 pivots<1e-12: 0
  [LU] n=924 kutta=1 min|U_ii|=0.00354299 max|U_ii|=195565 ratio=1.81167e-08 pivots<1e-12: 0
  [LU] n=924 kutta=1 min|U_ii|=0.00354299 max|U_ii|=195565 ratio=1.81167e-08 pivots<1e-12: 0
  [LU] n=924 kutta=1 min|U_ii|=0.0049059 max|U_ii|=111026 ratio=4.41868e-08 pivots<1e-12: 0
  [LU] n=2520 kutta=1 min|U_ii|=0.0445846 max|U_ii|=6061.07 ratio=7.3559e-06 pivots<1e-12: 0
  [LU] n=924 kutta=1 min|U_ii|=0.00354299 max|U_ii|=195565 ratio=1.81167e-08 pivots<1e-12: 0
  [LU] n=924 kutta=1 min|U_ii|=0.00354299 max|U_ii|=195565 ratio=1.81167e-08 pivots<1e-12: 0
  [LU] n=924 kutta=1 min|U_ii|=0.0049059 max|U_ii|=111026 ratio=4.41868e-08 pivots<1e-12: 0
  [LU] n=2520 kutta=1 min|U_ii|=0.0445846 max|U_ii|=6061.07 ratio=7.3559e-06 pivots<1e-12: 0
  [LU] n=924 kutta=1 min|U_ii|=0.00354299 max|U_ii|=195565 ratio=1.81167e-08 pivots<1e-12: 0
  [LU] n=924 kutta=1 min|U_ii|=0.00354299 max|U_ii|=195565 ratio=1.81167e-08 pivots<1e-12: 0
  [LU] n=924 kutta=1 min|U_ii|=0.0049059 max|U_ii|=111026 ratio=4.41868e-08 pivots<1e-12: 0
  [LU] n=2520 kutta=1 min|U_ii|=0.0445846 max|U_ii|=6061.07 ratio=7.3559e-06 pivots<1e-12: 0
  [LU] n=924 kutta=1 min|U_ii|=0.00354299 max|U_ii|=195565 ratio=1.81167e-08 pivots<1e-12: 0
  [LU] n=924 kutta=1 min|U_ii|=0.00354299 max|U_ii|=195565 ratio=1.81167e-08 pivots<1e-12: 0
  [LU] n=924 kutta=1 min|U_ii|=0.0049059 max|U_ii|=111026 ratio=4.41868e-08 pivots<1e-12: 0
  [LU] n=2520 kutta=1 min|U_ii|=0.0445846 max|U_ii|=6061.07 ratio=7.3559e-06 pivots<1e-12: 0
  [LU] n=924 kutta=1 min|U_ii|=0.00354299 max|U_ii|=195565 ratio=1.81167e-08 pivots<1e-12: 0
  [LU] n=924 kutta=1 min|U_ii|=0.00354299 max|U_ii|=195565 ratio=1.81167e-08 pivots<1e-12: 0
  [LU] n=924 kutta=1 min|U_ii|=0.0049059 max|U_ii|=111026 ratio=4.41868e-08 pivots<1e-12: 0
  [LU] n=2520 kutta=1 min|U_ii|=0.0445846 max|U_ii|=6061.07 ratio=7.3559e-06 pivots<1e-12: 0
  [LU] n=924 kutta=1 min|U_ii|=0.00354299 max|U_ii|=195565 ratio=1.81167e-08 pivots<1e-12: 0
  [LU] n=924 kutta=1 min|U_ii|=0.00354299 max|U_ii|=195565 ratio=1.81167e-08 pivots<1e-12: 0
  [LU] n=924 kutta=1 min|U_ii|=0.0049059 max|U_ii|=111026 ratio=4.41868e-08 pivots<1e-12: 0
  [LU] n=2520 kutta=1 min|U_ii|=0.0445846 max|U_ii|=6061.07 ratio=7.3559e-06 pivots<1e-12: 0
  [LU] n=924 kutta=1 min|U_ii|=0.00354299 max|U_ii|=195565 ratio=1.81167e-08 pivots<1e-12: 0
  [LU] n=924 kutta=1 min|U_ii|=0.00354299 max|U_ii|=195565 ratio=1.81167e-08 pivots<1e-12: 0
  [LU] n=924 kutta=1 min|U_ii|=0.0049059 max|U_ii|=111026 ratio=4.41868e-08 pivots<1e-12: 0
  [LU] n=2520 kutta=1 min|U_ii|=0.0445846 max|U_ii|=6061.07 ratio=7.3559e-06 pivots<1e-12: 0
  [LU] n=924 kutta=1 min|U_ii|=0.00354299 max|U_ii|=195565 ratio=1.81167e-08 pivots<1e-12: 0
  [LU] n=924 kutta=1 min|U_ii|=0.00354299 max|U_ii|=195565 ratio=1.81167e-08 pivots<1e-12: 0
  [LU] n=924 kutta=1 min|U_ii|=0.0049059 max|U_ii|=111026 ratio=4.41868e-08 pivots<1e-12: 0
  [LU] n=2520 kutta=1 min|U_ii|=0.0445846 max|U_ii|=6061.07 ratio=7.3559e-06 pivots<1e-12: 0
  [LU] n=924 kutta=1 min|U_ii|=0.00354299 max|U_ii|=195565 ratio=1.81167e-08 pivots<1e-12: 0
  [LU] n=924 kutta=1 min|U_ii|=0.00354299 max|U_ii|=195565 ratio=1.81167e-08 pivots<1e-12: 0
  [LU] n=924 kutta=1 min|U_ii|=0.0049059 max|U_ii|=111026 ratio=4.41868e-08 pivots<1e-12: 0
  [LU] n=2520 kutta=1 min|U_ii|=0.0445846 max|U_ii|=6061.07 ratio=7.3559e-06 pivots<1e-12: 0
  [LU] n=924 kutta=1 min|U_ii|=0.00354299 max|U_ii|=195565 ratio=1.81167e-08 pivots<1e-12: 0
  [LU] n=924 kutta=1 min|U_ii|=0.00354299 max|U_ii|=195565 ratio=1.81167e-08 pivots<1e-12: 0
  [LU] n=924 kutta=1 min|U_ii|=0.0049059 max|U_ii|=111026 ratio=4.41868e-08 pivots<1e-12: 0
  [LU] n=2520 kutta=1 min|U_ii|=0.0445846 max|U_ii|=6061.07 ratio=7.3559e-06 pivots<1e-12: 0
  [LU] n=924 kutta=1 min|U_ii|=0.00354299 max|U_ii|=195565 ratio=1.81167e-08 pivots<1e-12: 0
  [LU] n=924 kutta=1 min|U_ii|=0.00354299 max|U_ii|=195565 ratio=1.81167e-08 pivots<1e-12: 0
  [LU] n=924 kutta=1 min|U_ii|=0.0049059 max|U_ii|=111026 ratio=4.41868e-08 pivots<1e-12: 0
  [LU] n=2520 kutta=1 min|U_ii|=0.0445846 max|U_ii|=6061.07 ratio=7.3559e-06 pivots<1e-12: 0
  [LU] n=924 kutta=1 min|U_ii|=0.00354299 max|U_ii|=195565 ratio=1.81167e-08 pivots<1e-12: 0
  [LU] n=924 kutta=1 min|U_ii|=0.00354299 max|U_ii|=195565 ratio=1.81167e-08 pivots<1e-12: 0
  [LU] n=924 kutta=1 min|U_ii|=0.0049059 max|U_ii|=111026 ratio=4.41868e-08 pivots<1e-12: 0
  [LU] n=2520 kutta=1 min|U_ii|=0.0445846 max|U_ii|=6061.07 ratio=7.3559e-06 pivots<1e-12: 0
  [LU] n=924 kutta=1 min|U_ii|=0.00354299 max|U_ii|=195565 ratio=1.81167e-08 pivots<1e-12: 0
  [LU] n=924 kutta=1 min|U_ii|=0.00354299 max|U_ii|=195565 ratio=1.81167e-08 pivots<1e-12: 0
  [LU] n=924 kutta=1 min|U_ii|=0.0049059 max|U_ii|=111026 ratio=4.41868e-08 pivots<1e-12: 0
  [LU] n=2520 kutta=1 min|U_ii|=0.0445846 max|U_ii|=6061.07 ratio=7.3559e-06 pivots<1e-12: 0
  [LU] n=924 kutta=1 min|U_ii|=0.00354299 max|U_ii|=195565 ratio=1.81167e-08 pivots<1e-12: 0
  [LU] n=924 kutta=1 min|U_ii|=0.00354299 max|U_ii|=195565 ratio=1.81167e-08 pivots<1e-12: 0
  [LU] n=924 kutta=1 min|U_ii|=0.0049059 max|U_ii|=111026 ratio=4.41868e-08 pivots<1e-12: 0
  [LU] n=2520 kutta=1 min|U_ii|=0.0445846 max|U_ii|=6061.07 ratio=7.3559e-06 pivots<1e-12: 0
  [LU] n=924 kutta=1 min|U_ii|=0.00354299 max|U_ii|=195565 ratio=1.81167e-08 pivots<1e-12: 0
  [LU] n=924 kutta=1 min|U_ii|=0.00354299 max|U_ii|=195565 ratio=1.81167e-08 pivots<1e-12: 0
  [LU] n=924 kutta=1 min|U_ii|=0.0049059 max|U_ii|=111026 ratio=4.41868e-08 pivots<1e-12: 0
  [LU] n=2520 kutta=1 min|U_ii|=0.0445846 max|U_ii|=6061.07 ratio=7.3559e-06 pivots<1e-12: 0
  [LU] n=924 kutta=1 min|U_ii|=0.00354299 max|U_ii|=195565 ratio=1.81167e-08 pivots<1e-12: 0
  [LU] n=924 kutta=1 min|U_ii|=0.00354299 max|U_ii|=195565 ratio=1.81167e-08 pivots<1e-12: 0
  [LU] n=924 kutta=1 min|U_ii|=0.0049059 max|U_ii|=111026 ratio=4.41868e-08 pivots<1e-12: 0
  [LU] n=2520 kutta=1 min|U_ii|=0.0445846 max|U_ii|=6061.07 ratio=7.3559e-06 pivots<1e-12: 0
  [LU] n=924 kutta=1 min|U_ii|=0.00354299 max|U_ii|=195565 ratio=1.81167e-08 pivots<1e-12: 0
  [LU] n=924 kutta=1 min|U_ii|=0.00354299 max|U_ii|=195565 ratio=1.81167e-08 pivots<1e-12: 0
  [LU] n=924 kutta=1 min|U_ii|=0.0049059 max|U_ii|=111026 ratio=4.41868e-08 pivots<1e-12: 0
  [LU] n=2520 kutta=1 min|U_ii|=0.0445846 max|U_ii|=6061.07 ratio=7.3559e-06 pivots<1e-12: 0
  [LU] n=924 kutta=1 min|U_ii|=0.00354299 max|U_ii|=195565 ratio=1.81167e-08 pivots<1e-12: 0
  [LU] n=924 kutta=1 min|U_ii|=0.00354299 max|U_ii|=195565 ratio=1.81167e-08 pivots<1e-12: 0
  [LU] n=924 kutta=1 min|U_ii|=0.0049059 max|U_ii|=111026 ratio=4.41868e-08 pivots<1e-12: 0
  [LU] n=2520 kutta=1 min|U_ii|=0.0445846 max|U_ii|=6061.07 ratio=7.3559e-06 pivots<1e-12: 0
  [LU] n=924 kutta=1 min|U_ii|=0.00354299 max|U_ii|=195565 ratio=1.81167e-08 pivots<1e-12: 0
  [LU] n=924 kutta=1 min|U_ii|=0.00354299 max|U_ii|=195565 ratio=1.81167e-08 pivots<1e-12: 0
  [LU] n=924 kutta=1 min|U_ii|=0.0049059 max|U_ii|=111026 ratio=4.41868e-08 pivots<1e-12: 0
  [LU] n=2520 kutta=1 min|U_ii|=0.0445846 max|U_ii|=6061.07 ratio=7.3559e-06 pivots<1e-12: 0
  [LU] n=924 kutta=1 min|U_ii|=0.00354299 max|U_ii|=195565 ratio=1.81167e-08 pivots<1e-12: 0
  [LU] n=924 kutta=1 min|U_ii|=0.00354299 max|U_ii|=195565 ratio=1.81167e-08 pivots<1e-12: 0
  [LU] n=924 kutta=1 min|U_ii|=0.0049059 max|U_ii|=111026 ratio=4.41868e-08 pivots<1e-12: 0
  [LU] n=2520 kutta=1 min|U_ii|=0.0445846 max|U_ii|=6061.07 ratio=7.3559e-06 pivots<1e-12: 0
  [LU] n=924 kutta=1 min|U_ii|=0.00354299 max|U_ii|=195565 ratio=1.81167e-08 pivots<1e-12: 0
  [LU] n=924 kutta=1 min|U_ii|=0.00354299 max|U_ii|=195565 ratio=1.81167e-08 pivots<1e-12: 0
  [LU] n=924 kutta=1 min|U_ii|=0.0049059 max|U_ii|=111026 ratio=4.41868e-08 pivots<1e-12: 0
  [LU] n=2520 kutta=1 min|U_ii|=0.0445846 max|U_ii|=6061.07 ratio=7.3559e-06 pivots<1e-12: 0
  [LU] n=924 kutta=1 min|U_ii|=0.00354299 max|U_ii|=195565 ratio=1.81167e-08 pivots<1e-12: 0
  [LU] n=924 kutta=1 min|U_ii|=0.00354299 max|U_ii|=195565 ratio=1.81167e-08 pivots<1e-12: 0
  [LU] n=924 kutta=1 min|U_ii|=0.0049059 max|U_ii|=111026 ratio=4.41868e-08 pivots<1e-12: 0
  [LU] n=2520 kutta=1 min|U_ii|=0.0445846 max|U_ii|=6061.07 ratio=7.3559e-06 pivots<1e-12: 0
  [LU] n=924 kutta=1 min|U_ii|=0.00354299 max|U_ii|=195565 ratio=1.81167e-08 pivots<1e-12: 0
  [LU] n=924 kutta=1 min|U_ii|=0.00354299 max|U_ii|=195565 ratio=1.81167e-08 pivots<1e-12: 0
  [LU] n=924 kutta=1 min|U_ii|=0.0049059 max|U_ii|=111026 ratio=4.41868e-08 pivots<1e-12: 0
  [LU] n=2520 kutta=1 min|U_ii|=0.0445846 max|U_ii|=6061.07 ratio=7.3559e-06 pivots<1e-12: 0
  [LU] n=924 kutta=1 min|U_ii|=0.00354299 max|U_ii|=195565 ratio=1.81167e-08 pivots<1e-12: 0
  [LU] n=924 kutta=1 min|U_ii|=0.00354299 max|U_ii|=195565 ratio=1.81167e-08 pivots<1e-12: 0
  [LU] n=924 kutta=1 min|U_ii|=0.0049059 max|U_ii|=111026 ratio=4.41868e-08 pivots<1e-12: 0
  [LU] n=2520 kutta=1 min|U_ii|=0.0445846 max|U_ii|=6061.07 ratio=7.3559e-06 pivots<1e-12: 0
  [LU] n=924 kutta=1 min|U_ii|=0.00354299 max|U_ii|=195565 ratio=1.81167e-08 pivots<1e-12: 0
  [LU] n=924 kutta=1 min|U_ii|=0.00354299 max|U_ii|=195565 ratio=1.81167e-08 pivots<1e-12: 0
  [LU] n=924 kutta=1 min|U_ii|=0.0049059 max|U_ii|=111026 ratio=4.41868e-08 pivots<1e-12: 0
  [LU] n=2520 kutta=1 min|U_ii|=0.0445846 max|U_ii|=6061.07 ratio=7.3559e-06 pivots<1e-12: 0
  [LU] n=924 kutta=1 min|U_ii|=0.00354299 max|U_ii|=195565 ratio=1.81167e-08 pivots<1e-12: 0
  [LU] n=924 kutta=1 min|U_ii|=0.00354299 max|U_ii|=195565 ratio=1.81167e-08 pivots<1e-12: 0
  [LU] n=924 kutta=1 min|U_ii|=0.0049059 max|U_ii|=111026 ratio=4.41868e-08 pivots<1e-12: 0
  [LU] n=2520 kutta=1 min|U_ii|=0.0445846 max|U_ii|=6061.07 ratio=7.3559e-06 pivots<1e-12: 0
  [LU] n=924 kutta=1 min|U_ii|=0.00354299 max|U_ii|=195565 ratio=1.81167e-08 pivots<1e-12: 0
  [LU] n=924 kutta=1 min|U_ii|=0.00354299 max|U_ii|=195565 ratio=1.81167e-08 pivots<1e-12: 0
  [LU] n=924 kutta=1 min|U_ii|=0.0049059 max|U_ii|=111026 ratio=4.41868e-08 pivots<1e-12: 0
  [LU] n=2520 kutta=1 min|U_ii|=0.0445846 max|U_ii|=6061.07 ratio=7.3559e-06 pivots<1e-12: 0
  [LU] n=924 kutta=1 min|U_ii|=0.00354299 max|U_ii|=195565 ratio=1.81167e-08 pivots<1e-12: 0
  [LU] n=924 kutta=1 min|U_ii|=0.00354299 max|U_ii|=195565 ratio=1.81167e-08 pivots<1e-12: 0
  [LU] n=924 kutta=1 min|U_ii|=0.0049059 max|U_ii|=111026 ratio=4.41868e-08 pivots<1e-12: 0
  [LU] n=2520 kutta=1 min|U_ii|=0.0445846 max|U_ii|=6061.07 ratio=7.3559e-06 pivots<1e-12: 0
  [LU] n=924 kutta=1 min|U_ii|=0.00354299 max|U_ii|=195565 ratio=1.81167e-08 pivots<1e-12: 0
  [LU] n=924 kutta=1 min|U_ii|=0.00354299 max|U_ii|=195565 ratio=1.81167e-08 pivots<1e-12: 0
  [LU] n=924 kutta=1 min|U_ii|=0.0049059 max|U_ii|=111026 ratio=4.41868e-08 pivots<1e-12: 0
  [LU] n=2520 kutta=1 min|U_ii|=0.0445846 max|U_ii|=6061.07 ratio=7.3559e-06 pivots<1e-12: 0
  [LU] n=924 kutta=1 min|U_ii|=0.00354299 max|U_ii|=195565 ratio=1.81167e-08 pivots<1e-12: 0
  [LU] n=924 kutta=1 min|U_ii|=0.00354299 max|U_ii|=195565 ratio=1.81167e-08 pivots<1e-12: 0
  [LU] n=924 kutta=1 min|U_ii|=0.0049059 max|U_ii|=111026 ratio=4.41868e-08 pivots<1e-12: 0
  [LU] n=2520 kutta=1 min|U_ii|=0.0445846 max|U_ii|=6061.07 ratio=7.3559e-06 pivots<1e-12: 0
  [LU] n=924 kutta=1 min|U_ii|=0.00354299 max|U_ii|=195565 ratio=1.81167e-08 pivots<1e-12: 0
  [LU] n=924 kutta=1 min|U_ii|=0.00354299 max|U_ii|=195565 ratio=1.81167e-08 pivots<1e-12: 0
  [LU] n=924 kutta=1 min|U_ii|=0.0049059 max|U_ii|=111026 ratio=4.41868e-08 pivots<1e-12: 0
  [LU] n=2520 kutta=1 min|U_ii|=0.0445846 max|U_ii|=6061.07 ratio=7.3559e-06 pivots<1e-12: 0
  [LU] n=924 kutta=1 min|U_ii|=0.00354299 max|U_ii|=195565 ratio=1.81167e-08 pivots<1e-12: 0
  [LU] n=924 kutta=1 min|U_ii|=0.00354299 max|U_ii|=195565 ratio=1.81167e-08 pivots<1e-12: 0
  [LU] n=924 kutta=1 min|U_ii|=0.0049059 max|U_ii|=111026 ratio=4.41868e-08 pivots<1e-12: 0
  [LU] n=2520 kutta=1 min|U_ii|=0.0445846 max|U_ii|=6061.07 ratio=7.3559e-06 pivots<1e-12: 0
  [LU] n=924 kutta=1 min|U_ii|=0.00354299 max|U_ii|=195565 ratio=1.81167e-08 pivots<1e-12: 0
  [LU] n=924 kutta=1 min|U_ii|=0.00354299 max|U_ii|=195565 ratio=1.81167e-08 pivots<1e-12: 0
  [LU] n=924 kutta=1 min|U_ii|=0.0049059 max|U_ii|=111026 ratio=4.41868e-08 pivots<1e-12: 0
  [LU] n=2520 kutta=1 min|U_ii|=0.0445846 max|U_ii|=6061.07 ratio=7.3559e-06 pivots<1e-12: 0
  [LU] n=924 kutta=1 min|U_ii|=0.00354299 max|U_ii|=195565 ratio=1.81167e-08 pivots<1e-12: 0
  [LU] n=924 kutta=1 min|U_ii|=0.00354299 max|U_ii|=195565 ratio=1.81167e-08 pivots<1e-12: 0
  [LU] n=924 kutta=1 min|U_ii|=0.0049059 max|U_ii|=111026 ratio=4.41868e-08 pivots<1e-12: 0
  [LU] n=2520 kutta=1 min|U_ii|=0.0445846 max|U_ii|=6061.07 ratio=7.3559e-06 pivots<1e-12: 0
  [LU] n=924 kutta=1 min|U_ii|=0.00354299 max|U_ii|=195565 ratio=1.81167e-08 pivots<1e-12: 0
  [LU] n=924 kutta=1 min|U_ii|=0.00354299 max|U_ii|=195565 ratio=1.81167e-08 pivots<1e-12: 0
  [LU] n=924 kutta=1 min|U_ii|=0.0049059 max|U_ii|=111026 ratio=4.41868e-08 pivots<1e-12: 0
  [LU] n=2520 kutta=1 min|U_ii|=0.0445846 max|U_ii|=6061.07 ratio=7.3559e-06 pivots<1e-12: 0
  [LU] n=924 kutta=1 min|U_ii|=0.00354299 max|U_ii|=195565 ratio=1.81167e-08 pivots<1e-12: 0
  [LU] n=924 kutta=1 min|U_ii|=0.00354299 max|U_ii|=195565 ratio=1.81167e-08 pivots<1e-12: 0
  [LU] n=924 kutta=1 min|U_ii|=0.0049059 max|U_ii|=111026 ratio=4.41868e-08 pivots<1e-12: 0
  [LU] n=2520 kutta=1 min|U_ii|=0.0445846 max|U_ii|=6061.07 ratio=7.3559e-06 pivots<1e-12: 0
  [LU] n=924 kutta=1 min|U_ii|=0.00354299 max|U_ii|=195565 ratio=1.81167e-08 pivots<1e-12: 0
  [LU] n=924 kutta=1 min|U_ii|=0.00354299 max|U_ii|=195565 ratio=1.81167e-08 pivots<1e-12: 0
  [LU] n=924 kutta=1 min|U_ii|=0.0049059 max|U_ii|=111026 ratio=4.41868e-08 pivots<1e-12: 0
  [LU] n=2520 kutta=1 min|U_ii|=0.0445846 max|U_ii|=6061.07 ratio=7.3559e-06 pivots<1e-12: 0
  [LU] n=924 kutta=1 min|U_ii|=0.00354299 max|U_ii|=195565 ratio=1.81167e-08 pivots<1e-12: 0
  [LU] n=924 kutta=1 min|U_ii|=0.00354299 max|U_ii|=195565 ratio=1.81167e-08 pivots<1e-12: 0
  [LU] n=924 kutta=1 min|U_ii|=0.0049059 max|U_ii|=111026 ratio=4.41868e-08 pivots<1e-12: 0
  [LU] n=2520 kutta=1 min|U_ii|=0.0445846 max|U_ii|=6061.07 ratio=7.3559e-06 pivots<1e-12: 0
  [LU] n=924 kutta=1 min|U_ii|=0.00354299 max|U_ii|=195565 ratio=1.81167e-08 pivots<1e-12: 0
  [LU] n=924 kutta=1 min|U_ii|=0.00354299 max|U_ii|=195565 ratio=1.81167e-08 pivots<1e-12: 0
  [LU] n=924 kutta=1 min|U_ii|=0.0049059 max|U_ii|=111026 ratio=4.41868e-08 pivots<1e-12: 0
  [LU] n=2520 kutta=1 min|U_ii|=0.0445846 max|U_ii|=6061.07 ratio=7.3559e-06 pivots<1e-12: 0
  [LU] n=924 kutta=1 min|U_ii|=0.00354299 max|U_ii|=195565 ratio=1.81167e-08 pivots<1e-12: 0
  [LU] n=924 kutta=1 min|U_ii|=0.00354299 max|U_ii|=195565 ratio=1.81167e-08 pivots<1e-12: 0
  [LU] n=924 kutta=1 min|U_ii|=0.0049059 max|U_ii|=111026 ratio=4.41868e-08 pivots<1e-12: 0
  [LU] n=2520 kutta=1 min|U_ii|=0.0445846 max|U_ii|=6061.07 ratio=7.3559e-06 pivots<1e-12: 0
  [LU] n=924 kutta=1 min|U_ii|=0.00354299 max|U_ii|=195565 ratio=1.81167e-08 pivots<1e-12: 0
  [LU] n=924 kutta=1 min|U_ii|=0.00354299 max|U_ii|=195565 ratio=1.81167e-08 pivots<1e-12: 0
  [LU] n=924 kutta=1 min|U_ii|=0.0049059 max|U_ii|=111026 ratio=4.41868e-08 pivots<1e-12: 0
  [LU] n=2520 kutta=1 min|U_ii|=0.0445846 max|U_ii|=6061.07 ratio=7.3559e-06 pivots<1e-12: 0
  [LU] n=924 kutta=1 min|U_ii|=0.00354299 max|U_ii|=195565 ratio=1.81167e-08 pivots<1e-12: 0
  [LU] n=924 kutta=1 min|U_ii|=0.00354299 max|U_ii|=195565 ratio=1.81167e-08 pivots<1e-12: 0
  [LU] n=924 kutta=1 min|U_ii|=0.0049059 max|U_ii|=111026 ratio=4.41868e-08 pivots<1e-12: 0
  [LU] n=2520 kutta=1 min|U_ii|=0.0445846 max|U_ii|=6061.07 ratio=7.3559e-06 pivots<1e-12: 0
  [LU] n=924 kutta=1 min|U_ii|=0.00354299 max|U_ii|=195565 ratio=1.81167e-08 pivots<1e-12: 0
  [LU] n=924 kutta=1 min|U_ii|=0.00354299 max|U_ii|=195565 ratio=1.81167e-08 pivots<1e-12: 0
  [LU] n=924 kutta=1 min|U_ii|=0.0049059 max|U_ii|=111026 ratio=4.41868e-08 pivots<1e-12: 0
  [LU] n=2520 kutta=1 min|U_ii|=0.0445846 max|U_ii|=6061.07 ratio=7.3559e-06 pivots<1e-12: 0
  [LU] n=924 kutta=1 min|U_ii|=0.00354299 max|U_ii|=195565 ratio=1.81167e-08 pivots<1e-12: 0
  [LU] n=924 kutta=1 min|U_ii|=0.00354299 max|U_ii|=195565 ratio=1.81167e-08 pivots<1e-12: 0
  [LU] n=924 kutta=1 min|U_ii|=0.0049059 max|U_ii|=111026 ratio=4.41868e-08 pivots<1e-12: 0
  [LU] n=2520 kutta=1 min|U_ii|=0.0445846 max|U_ii|=6061.07 ratio=7.3559e-06 pivots<1e-12: 0
  [LU] n=924 kutta=1 min|U_ii|=0.00354299 max|U_ii|=195565 ratio=1.81167e-08 pivots<1e-12: 0
  [LU] n=924 kutta=1 min|U_ii|=0.00354299 max|U_ii|=195565 ratio=1.81167e-08 pivots<1e-12: 0
  [LU] n=924 kutta=1 min|U_ii|=0.0049059 max|U_ii|=111026 ratio=4.41868e-08 pivots<1e-12: 0
  [LU] n=2520 kutta=1 min|U_ii|=0.0445846 max|U_ii|=6061.07 ratio=7.3559e-06 pivots<1e-12: 0
  [LU] n=924 kutta=1 min|U_ii|=0.00354299 max|U_ii|=195565 ratio=1.81167e-08 pivots<1e-12: 0
  [LU] n=924 kutta=1 min|U_ii|=0.00354299 max|U_ii|=195565 ratio=1.81167e-08 pivots<1e-12: 0
  [LU] n=924 kutta=1 min|U_ii|=0.0049059 max|U_ii|=111026 ratio=4.41868e-08 pivots<1e-12: 0
  [LU] n=2520 kutta=1 min|U_ii|=0.0445846 max|U_ii|=6061.07 ratio=7.3559e-06 pivots<1e-12: 0
  [LU] n=924 kutta=1 min|U_ii|=0.00354299 max|U_ii|=195565 ratio=1.81167e-08 pivots<1e-12: 0
  [LU] n=924 kutta=1 min|U_ii|=0.00354299 max|U_ii|=195565 ratio=1.81167e-08 pivots<1e-12: 0
  [LU] n=924 kutta=1 min|U_ii|=0.0049059 max|U_ii|=111026 ratio=4.41868e-08 pivots<1e-12: 0
  [LU] n=2520 kutta=1 min|U_ii|=0.0445846 max|U_ii|=6061.07 ratio=7.3559e-06 pivots<1e-12: 0
  [LU] n=924 kutta=1 min|U_ii|=0.00354299 max|U_ii|=195565 ratio=1.81167e-08 pivots<1e-12: 0
  [LU] n=924 kutta=1 min|U_ii|=0.00354299 max|U_ii|=195565 ratio=1.81167e-08 pivots<1e-12: 0
  [LU] n=924 kutta=1 min|U_ii|=0.0049059 max|U_ii|=111026 ratio=4.41868e-08 pivots<1e-12: 0
  [LU] n=2520 kutta=1 min|U_ii|=0.0445846 max|U_ii|=6061.07 ratio=7.3559e-06 pivots<1e-12: 0
  [LU] n=924 kutta=1 min|U_ii|=0.00354299 max|U_ii|=195565 ratio=1.81167e-08 pivots<1e-12: 0
  [LU] n=924 kutta=1 min|U_ii|=0.00354299 max|U_ii|=195565 ratio=1.81167e-08 pivots<1e-12: 0
  [LU] n=924 kutta=1 min|U_ii|=0.0049059 max|U_ii|=111026 ratio=4.41868e-08 pivots<1e-12: 0
  [LU] n=2520 kutta=1 min|U_ii|=0.0445846 max|U_ii|=6061.07 ratio=7.3559e-06 pivots<1e-12: 0
  [LU] n=924 kutta=1 min|U_ii|=0.00354299 max|U_ii|=195565 ratio=1.81167e-08 pivots<1e-12: 0
  [LU] n=924 kutta=1 min|U_ii|=0.00354299 max|U_ii|=195565 ratio=1.81167e-08 pivots<1e-12: 0
  [LU] n=924 kutta=1 min|U_ii|=0.0049059 max|U_ii|=111026 ratio=4.41868e-08 pivots<1e-12: 0
  [LU] n=2520 kutta=1 min|U_ii|=0.0445846 max|U_ii|=6061.07 ratio=7.3559e-06 pivots<1e-12: 0
  [LU] n=924 kutta=1 min|U_ii|=0.00354299 max|U_ii|=195565 ratio=1.81167e-08 pivots<1e-12: 0
  [LU] n=924 kutta=1 min|U_ii|=0.00354299 max|U_ii|=195565 ratio=1.81167e-08 pivots<1e-12: 0
  [LU] n=924 kutta=1 min|U_ii|=0.0049059 max|U_ii|=111026 ratio=4.41868e-08 pivots<1e-12: 0
  [LU] n=2520 kutta=1 min|U_ii|=0.0445846 max|U_ii|=6061.07 ratio=7.3559e-06 pivots<1e-12: 0
  [LU] n=924 kutta=1 min|U_ii|=0.00354299 max|U_ii|=195565 ratio=1.81167e-08 pivots<1e-12: 0
  [LU] n=924 kutta=1 min|U_ii|=0.00354299 max|U_ii|=195565 ratio=1.81167e-08 pivots<1e-12: 0
  [LU] n=924 kutta=1 min|U_ii|=0.0049059 max|U_ii|=111026 ratio=4.41868e-08 pivots<1e-12: 0
  [LU] n=2520 kutta=1 min|U_ii|=0.0445846 max|U_ii|=6061.07 ratio=7.3559e-06 pivots<1e-12: 0
  [LU] n=924 kutta=1 min|U_ii|=0.00354299 max|U_ii|=195565 ratio=1.81167e-08 pivots<1e-12: 0
  [LU] n=924 kutta=1 min|U_ii|=0.00354299 max|U_ii|=195565 ratio=1.81167e-08 pivots<1e-12: 0
  [LU] n=924 kutta=1 min|U_ii|=0.0049059 max|U_ii|=111026 ratio=4.41868e-08 pivots<1e-12: 0
  [LU] n=2520 kutta=1 min|U_ii|=0.0445846 max|U_ii|=6061.07 ratio=7.3559e-06 pivots<1e-12: 0
  [LU] n=924 kutta=1 min|U_ii|=0.00354299 max|U_ii|=195565 ratio=1.81167e-08 pivots<1e-12: 0
  [LU] n=924 kutta=1 min|U_ii|=0.00354299 max|U_ii|=195565 ratio=1.81167e-08 pivots<1e-12: 0
  [LU] n=924 kutta=1 min|U_ii|=0.0049059 max|U_ii|=111026 ratio=4.41868e-08 pivots<1e-12: 0
  [LU] n=2520 kutta=1 min|U_ii|=0.0445846 max|U_ii|=6061.07 ratio=7.3559e-06 pivots<1e-12: 0
  [LU] n=924 kutta=1 min|U_ii|=0.00354299 max|U_ii|=195565 ratio=1.81167e-08 pivots<1e-12: 0
  [LU] n=924 kutta=1 min|U_ii|=0.00354299 max|U_ii|=195565 ratio=1.81167e-08 pivots<1e-12: 0
  [LU] n=924 kutta=1 min|U_ii|=0.0049059 max|U_ii|=111026 ratio=4.41868e-08 pivots<1e-12: 0
  [LU] n=2520 kutta=1 min|U_ii|=0.0445846 max|U_ii|=6061.07 ratio=7.3559e-06 pivots<1e-12: 0
  [LU] n=924 kutta=1 min|U_ii|=0.00354299 max|U_ii|=195565 ratio=1.81167e-08 pivots<1e-12: 0
  [LU] n=924 kutta=1 min|U_ii|=0.00354299 max|U_ii|=195565 ratio=1.81167e-08 pivots<1e-12: 0
  [LU] n=924 kutta=1 min|U_ii|=0.0049059 max|U_ii|=111026 ratio=4.41868e-08 pivots<1e-12: 0
  [LU] n=2520 kutta=1 min|U_ii|=0.0445846 max|U_ii|=6061.07 ratio=7.3559e-06 pivots<1e-12: 0
  [LU] n=924 kutta=1 min|U_ii|=0.00354299 max|U_ii|=195565 ratio=1.81167e-08 pivots<1e-12: 0
  [LU] n=924 kutta=1 min|U_ii|=0.00354299 max|U_ii|=195565 ratio=1.81167e-08 pivots<1e-12: 0
  [LU] n=924 kutta=1 min|U_ii|=0.0049059 max|U_ii|=111026 ratio=4.41868e-08 pivots<1e-12: 0
  [LU] n=2520 kutta=1 min|U_ii|=0.0445846 max|U_ii|=6061.07 ratio=7.3559e-06 pivots<1e-12: 0
  [LU] n=924 kutta=1 min|U_ii|=0.00354299 max|U_ii|=195565 ratio=1.81167e-08 pivots<1e-12: 0
  [LU] n=924 kutta=1 min|U_ii|=0.00354299 max|U_ii|=195565 ratio=1.81167e-08 pivots<1e-12: 0
  [LU] n=924 kutta=1 min|U_ii|=0.0049059 max|U_ii|=111026 ratio=4.41868e-08 pivots<1e-12: 0
  [LU] n=2520 kutta=1 min|U_ii|=0.0445846 max|U_ii|=6061.07 ratio=7.3559e-06 pivots<1e-12: 0
  [LU] n=924 kutta=1 min|U_ii|=0.00354299 max|U_ii|=195565 ratio=1.81167e-08 pivots<1e-12: 0
  [LU] n=924 kutta=1 min|U_ii|=0.00354299 max|U_ii|=195565 ratio=1.81167e-08 pivots<1e-12: 0
  [LU] n=924 kutta=1 min|U_ii|=0.0049059 max|U_ii|=111026 ratio=4.41868e-08 pivots<1e-12: 0
  [LU] n=2520 kutta=1 min|U_ii|=0.0445846 max|U_ii|=6061.07 ratio=7.3559e-06 pivots<1e-12: 0
  [LU] n=924 kutta=1 min|U_ii|=0.00354299 max|U_ii|=195565 ratio=1.81167e-08 pivots<1e-12: 0
  [LU] n=924 kutta=1 min|U_ii|=0.00354299 max|U_ii|=195565 ratio=1.81167e-08 pivots<1e-12: 0
  [LU] n=924 kutta=1 min|U_ii|=0.0049059 max|U_ii|=111026 ratio=4.41868e-08 pivots<1e-12: 0
  [LU] n=2520 kutta=1 min|U_ii|=0.0445846 max|U_ii|=6061.07 ratio=7.3559e-06 pivots<1e-12: 0
  [LU] n=924 kutta=1 min|U_ii|=0.00354299 max|U_ii|=195565 ratio=1.81167e-08 pivots<1e-12: 0
  [LU] n=924 kutta=1 min|U_ii|=0.00354299 max|U_ii|=195565 ratio=1.81167e-08 pivots<1e-12: 0
  [LU] n=924 kutta=1 min|U_ii|=0.0049059 max|U_ii|=111026 ratio=4.41868e-08 pivots<1e-12: 0
  [LU] n=2520 kutta=1 min|U_ii|=0.0445846 max|U_ii|=6061.07 ratio=7.3559e-06 pivots<1e-12: 0
  [LU] n=924 kutta=1 min|U_ii|=0.00354299 max|U_ii|=195565 ratio=1.81167e-08 pivots<1e-12: 0
  [LU] n=924 kutta=1 min|U_ii|=0.00354299 max|U_ii|=195565 ratio=1.81167e-08 pivots<1e-12: 0
  [LU] n=924 kutta=1 min|U_ii|=0.0049059 max|U_ii|=111026 ratio=4.41868e-08 pivots<1e-12: 0
  [LU] n=2520 kutta=1 min|U_ii|=0.0445846 max|U_ii|=6061.07 ratio=7.3559e-06 pivots<1e-12: 0
  [LU] n=924 kutta=1 min|U_ii|=0.00354299 max|U_ii|=195565 ratio=1.81167e-08 pivots<1e-12: 0
  [LU] n=924 kutta=1 min|U_ii|=0.00354299 max|U_ii|=195565 ratio=1.81167e-08 pivots<1e-12: 0
  [LU] n=924 kutta=1 min|U_ii|=0.0049059 max|U_ii|=111026 ratio=4.41868e-08 pivots<1e-12: 0
  [LU] n=2520 kutta=1 min|U_ii|=0.0445846 max|U_ii|=6061.07 ratio=7.3559e-06 pivots<1e-12: 0
  [LU] n=924 kutta=1 min|U_ii|=0.00354299 max|U_ii|=195565 ratio=1.81167e-08 pivots<1e-12: 0
  [LU] n=924 kutta=1 min|U_ii|=0.00354299 max|U_ii|=195565 ratio=1.81167e-08 pivots<1e-12: 0
  [LU] n=924 kutta=1 min|U_ii|=0.0049059 max|U_ii|=111026 ratio=4.41868e-08 pivots<1e-12: 0
  [LU] n=2520 kutta=1 min|U_ii|=0.0445846 max|U_ii|=6061.07 ratio=7.3559e-06 pivots<1e-12: 0
  [LU] n=924 kutta=1 min|U_ii|=0.00354299 max|U_ii|=195565 ratio=1.81167e-08 pivots<1e-12: 0
  [LU] n=924 kutta=1 min|U_ii|=0.00354299 max|U_ii|=195565 ratio=1.81167e-08 pivots<1e-12: 0
  [LU] n=924 kutta=1 min|U_ii|=0.0049059 max|U_ii|=111026 ratio=4.41868e-08 pivots<1e-12: 0
  [LU] n=2520 kutta=1 min|U_ii|=0.0445846 max|U_ii|=6061.07 ratio=7.3559e-06 pivots<1e-12: 0
  [LU] n=924 kutta=1 min|U_ii|=0.00354299 max|U_ii|=195565 ratio=1.81167e-08 pivots<1e-12: 0
  rotor 0 hs3d: jump/seed=1  spans_with_pairs=40  max|mu|=610  kutta_rows=80  max_kutta_residual=3.61e-09  sum|te_jump|=53.5  [kutta on]
  [LU] n=924 kutta=1 min|U_ii|=0.00354299 max|U_ii|=195565 ratio=1.81167e-08 pivots<1e-12: 0
  rotor 1 hs3d: jump/seed=1  spans_with_pairs=40  max|mu|=584  kutta_rows=80  max_kutta_residual=1.05e-08  sum|te_jump|=45.8  [kutta on]
  [LU] n=924 kutta=1 min|U_ii|=0.0049059 max|U_ii|=111026 ratio=4.41868e-08 pivots<1e-12: 0
  rotor 2 hs3d: jump/seed=1  spans_with_pairs=40  max|mu|=390  kutta_rows=80  max_kutta_residual=2.53e-09  sum|te_jump|=37  [kutta on]
  [LU] n=2520 kutta=1 min|U_ii|=0.0445846 max|U_ii|=6061.07 ratio=7.3559e-06 pivots<1e-12: 0
  [LU] n=924 kutta=1 min|U_ii|=0.00354299 max|U_ii|=195565 ratio=1.81167e-08 pivots<1e-12: 0
  [LU] n=924 kutta=1 min|U_ii|=0.00354299 max|U_ii|=195565 ratio=1.81167e-08 pivots<1e-12: 0
  [LU] n=924 kutta=1 min|U_ii|=0.0049059 max|U_ii|=111026 ratio=4.41868e-08 pivots<1e-12: 0
  [LU] n=2520 kutta=1 min|U_ii|=0.0445846 max|U_ii|=6061.07 ratio=7.3559e-06 pivots<1e-12: 0
  fuselage: panels=3280 max_neumann_residual=1.67e-13
  body Fz: inst=-0.794 quasi-steady=-0.794 | 162-step mean=-3.23 (qs -3.23)
  wing: F=(6.03, -0.2, -20) N  Mx=1.84 Nm  max|mu|=356  max_vsurf=0 m/s  strips=19
  fuselage hs3d: F=(-8.91e+03, -1.74e+03, 1.02e+04) N  Mx=-1.1e+04 Nm  max|mu|=36.6  max_vsurf=2.31e+04 m/s
step=600 particles=119168 total_thrust_N=35.1 total_torque_Nm=0.225
  timing after step 600 (cumulative s, % of loop):
    rotor panels + wake->panel vel         29.84 s     4.6 %
    wake->fuselage vel                     21.36 s     3.3 %
    panel assemble + dense solve           96.12 s    14.7 %
    strip polar loads                       0.29 s     0.0 %
    rotor rings->fuselage vel               8.06 s     1.2 %
    fuselage source self (vel+phi)         76.58 s    11.7 %
    fuselage->rotor vel                     3.12 s     0.5 %
    ring d(phi)/dt                          6.33 s     1.0 %
    TE particle emission                    0.30 s     0.0 %
    wake advect (RK4)                     374.42 s    57.3 %
    fuselage blockage on particles          6.89 s     1.1 %
    wake age trim                           4.30 s     0.7 %
    VTK / Q-criterion output               17.33 s     2.7 %
    unattributed (host bookkeeping)         8.85 s     1.4 %
    TOTAL loop                            653.81 s  (1.088 s/step avg)
  [LU] n=924 kutta=1 min|U_ii|=0.00354299 max|U_ii|=195565 ratio=1.81167e-08 pivots<1e-12: 0
  [LU] n=924 kutta=1 min|U_ii|=0.00354299 max|U_ii|=195565 ratio=1.81167e-08 pivots<1e-12: 0
  [LU] n=924 kutta=1 min|U_ii|=0.0049059 max|U_ii|=111026 ratio=4.41868e-08 pivots<1e-12: 0
  [LU] n=2520 kutta=1 min|U_ii|=0.0445846 max|U_ii|=6061.07 ratio=7.3559e-06 pivots<1e-12: 0
  [LU] n=924 kutta=1 min|U_ii|=0.00354299 max|U_ii|=195565 ratio=1.81167e-08 pivots<1e-12: 0
  [LU] n=924 kutta=1 min|U_ii|=0.00354299 max|U_ii|=195565 ratio=1.81167e-08 pivots<1e-12: 0
  [LU] n=924 kutta=1 min|U_ii|=0.0049059 max|U_ii|=111026 ratio=4.41868e-08 pivots<1e-12: 0
  [LU] n=2520 kutta=1 min|U_ii|=0.0445846 max|U_ii|=6061.07 ratio=7.3559e-06 pivots<1e-12: 0
  [LU] n=924 kutta=1 min|U_ii|=0.00354299 max|U_ii|=195565 ratio=1.81167e-08 pivots<1e-12: 0
  [LU] n=924 kutta=1 min|U_ii|=0.00354299 max|U_ii|=195565 ratio=1.81167e-08 pivots<1e-12: 0
  [LU] n=924 kutta=1 min|U_ii|=0.0049059 max|U_ii|=111026 ratio=4.41868e-08 pivots<1e-12: 0
  [LU] n=2520 kutta=1 min|U_ii|=0.0445846 max|U_ii|=6061.07 ratio=7.3559e-06 pivots<1e-12: 0
  [LU] n=924 kutta=1 min|U_ii|=0.00354299 max|U_ii|=195565 ratio=1.81167e-08 pivots<1e-12: 0
  [LU] n=924 kutta=1 min|U_ii|=0.00354299 max|U_ii|=195565 ratio=1.81167e-08 pivots<1e-12: 0
  [LU] n=924 kutta=1 min|U_ii|=0.0049059 max|U_ii|=111026 ratio=4.41868e-08 pivots<1e-12: 0
  [LU] n=2520 kutta=1 min|U_ii|=0.0445846 max|U_ii|=6061.07 ratio=7.3559e-06 pivots<1e-12: 0
  [LU] n=924 kutta=1 min|U_ii|=0.00354299 max|U_ii|=195565 ratio=1.81167e-08 pivots<1e-12: 0
  [LU] n=924 kutta=1 min|U_ii|=0.00354299 max|U_ii|=195565 ratio=1.81167e-08 pivots<1e-12: 0
  [LU] n=924 kutta=1 min|U_ii|=0.0049059 max|U_ii|=111026 ratio=4.41868e-08 pivots<1e-12: 0
  [LU] n=2520 kutta=1 min|U_ii|=0.0445846 max|U_ii|=6061.07 ratio=7.3559e-06 pivots<1e-12: 0
  [LU] n=924 kutta=1 min|U_ii|=0.00354299 max|U_ii|=195565 ratio=1.81167e-08 pivots<1e-12: 0
  [LU] n=924 kutta=1 min|U_ii|=0.00354299 max|U_ii|=195565 ratio=1.81167e-08 pivots<1e-12: 0
  [LU] n=924 kutta=1 min|U_ii|=0.0049059 max|U_ii|=111026 ratio=4.41868e-08 pivots<1e-12: 0
  [LU] n=2520 kutta=1 min|U_ii|=0.0445846 max|U_ii|=6061.07 ratio=7.3559e-06 pivots<1e-12: 0
  [LU] n=924 kutta=1 min|U_ii|=0.00354299 max|U_ii|=195565 ratio=1.81167e-08 pivots<1e-12: 0
  [LU] n=924 kutta=1 min|U_ii|=0.00354299 max|U_ii|=195565 ratio=1.81167e-08 pivots<1e-12: 0
  [LU] n=924 kutta=1 min|U_ii|=0.0049059 max|U_ii|=111026 ratio=4.41868e-08 pivots<1e-12: 0
  [LU] n=2520 kutta=1 min|U_ii|=0.0445846 max|U_ii|=6061.07 ratio=7.3559e-06 pivots<1e-12: 0
  [LU] n=924 kutta=1 min|U_ii|=0.00354299 max|U_ii|=195565 ratio=1.81167e-08 pivots<1e-12: 0
  [LU] n=924 kutta=1 min|U_ii|=0.00354299 max|U_ii|=195565 ratio=1.81167e-08 pivots<1e-12: 0
  [LU] n=924 kutta=1 min|U_ii|=0.0049059 max|U_ii|=111026 ratio=4.41868e-08 pivots<1e-12: 0
  [LU] n=2520 kutta=1 min|U_ii|=0.0445846 max|U_ii|=6061.07 ratio=7.3559e-06 pivots<1e-12: 0
  [LU] n=924 kutta=1 min|U_ii|=0.00354299 max|U_ii|=195565 ratio=1.81167e-08 pivots<1e-12: 0
  [LU] n=924 kutta=1 min|U_ii|=0.00354299 max|U_ii|=195565 ratio=1.81167e-08 pivots<1e-12: 0
  [LU] n=924 kutta=1 min|U_ii|=0.0049059 max|U_ii|=111026 ratio=4.41868e-08 pivots<1e-12: 0
  [LU] n=2520 kutta=1 min|U_ii|=0.0445846 max|U_ii|=6061.07 ratio=7.3559e-06 pivots<1e-12: 0
  [LU] n=924 kutta=1 min|U_ii|=0.00354299 max|U_ii|=195565 ratio=1.81167e-08 pivots<1e-12: 0
  [LU] n=924 kutta=1 min|U_ii|=0.00354299 max|U_ii|=195565 ratio=1.81167e-08 pivots<1e-12: 0
  [LU] n=924 kutta=1 min|U_ii|=0.0049059 max|U_ii|=111026 ratio=4.41868e-08 pivots<1e-12: 0
  [LU] n=2520 kutta=1 min|U_ii|=0.0445846 max|U_ii|=6061.07 ratio=7.3559e-06 pivots<1e-12: 0
  [LU] n=924 kutta=1 min|U_ii|=0.00354299 max|U_ii|=195565 ratio=1.81167e-08 pivots<1e-12: 0
  [LU] n=924 kutta=1 min|U_ii|=0.00354299 max|U_ii|=195565 ratio=1.81167e-08 pivots<1e-12: 0
  [LU] n=924 kutta=1 min|U_ii|=0.0049059 max|U_ii|=111026 ratio=4.41868e-08 pivots<1e-12: 0
  [LU] n=2520 kutta=1 min|U_ii|=0.0445846 max|U_ii|=6061.07 ratio=7.3559e-06 pivots<1e-12: 0
  [LU] n=924 kutta=1 min|U_ii|=0.00354299 max|U_ii|=195565 ratio=1.81167e-08 pivots<1e-12: 0
  [LU] n=924 kutta=1 min|U_ii|=0.00354299 max|U_ii|=195565 ratio=1.81167e-08 pivots<1e-12: 0
  [LU] n=924 kutta=1 min|U_ii|=0.0049059 max|U_ii|=111026 ratio=4.41868e-08 pivots<1e-12: 0
  [LU] n=2520 kutta=1 min|U_ii|=0.0445846 max|U_ii|=6061.07 ratio=7.3559e-06 pivots<1e-12: 0
  [LU] n=924 kutta=1 min|U_ii|=0.00354299 max|U_ii|=195565 ratio=1.81167e-08 pivots<1e-12: 0
  [LU] n=924 kutta=1 min|U_ii|=0.00354299 max|U_ii|=195565 ratio=1.81167e-08 pivots<1e-12: 0
  [LU] n=924 kutta=1 min|U_ii|=0.0049059 max|U_ii|=111026 ratio=4.41868e-08 pivots<1e-12: 0
  [LU] n=2520 kutta=1 min|U_ii|=0.0445846 max|U_ii|=6061.07 ratio=7.3559e-06 pivots<1e-12: 0
  [LU] n=924 kutta=1 min|U_ii|=0.00354299 max|U_ii|=195565 ratio=1.81167e-08 pivots<1e-12: 0
  [LU] n=924 kutta=1 min|U_ii|=0.00354299 max|U_ii|=195565 ratio=1.81167e-08 pivots<1e-12: 0
  [LU] n=924 kutta=1 min|U_ii|=0.0049059 max|U_ii|=111026 ratio=4.41868e-08 pivots<1e-12: 0
  [LU] n=2520 kutta=1 min|U_ii|=0.0445846 max|U_ii|=6061.07 ratio=7.3559e-06 pivots<1e-12: 0
  [LU] n=924 kutta=1 min|U_ii|=0.00354299 max|U_ii|=195565 ratio=1.81167e-08 pivots<1e-12: 0
  [LU] n=924 kutta=1 min|U_ii|=0.00354299 max|U_ii|=195565 ratio=1.81167e-08 pivots<1e-12: 0
  [LU] n=924 kutta=1 min|U_ii|=0.0049059 max|U_ii|=111026 ratio=4.41868e-08 pivots<1e-12: 0
  [LU] n=2520 kutta=1 min|U_ii|=0.0445846 max|U_ii|=6061.07 ratio=7.3559e-06 pivots<1e-12: 0
  [LU] n=924 kutta=1 min|U_ii|=0.00354299 max|U_ii|=195565 ratio=1.81167e-08 pivots<1e-12: 0
  [LU] n=924 kutta=1 min|U_ii|=0.00354299 max|U_ii|=195565 ratio=1.81167e-08 pivots<1e-12: 0
  [LU] n=924 kutta=1 min|U_ii|=0.0049059 max|U_ii|=111026 ratio=4.41868e-08 pivots<1e-12: 0
  [LU] n=2520 kutta=1 min|U_ii|=0.0445846 max|U_ii|=6061.07 ratio=7.3559e-06 pivots<1e-12: 0
  [LU] n=924 kutta=1 min|U_ii|=0.00354299 max|U_ii|=195565 ratio=1.81167e-08 pivots<1e-12: 0
  [LU] n=924 kutta=1 min|U_ii|=0.00354299 max|U_ii|=195565 ratio=1.81167e-08 pivots<1e-12: 0
  [LU] n=924 kutta=1 min|U_ii|=0.0049059 max|U_ii|=111026 ratio=4.41868e-08 pivots<1e-12: 0
  [LU] n=2520 kutta=1 min|U_ii|=0.0445846 max|U_ii|=6061.07 ratio=7.3559e-06 pivots<1e-12: 0
  [LU] n=924 kutta=1 min|U_ii|=0.00354299 max|U_ii|=195565 ratio=1.81167e-08 pivots<1e-12: 0
  [LU] n=924 kutta=1 min|U_ii|=0.00354299 max|U_ii|=195565 ratio=1.81167e-08 pivots<1e-12: 0
  [LU] n=924 kutta=1 min|U_ii|=0.0049059 max|U_ii|=111026 ratio=4.41868e-08 pivots<1e-12: 0
  [LU] n=2520 kutta=1 min|U_ii|=0.0445846 max|U_ii|=6061.07 ratio=7.3559e-06 pivots<1e-12: 0
  [LU] n=924 kutta=1 min|U_ii|=0.00354299 max|U_ii|=195565 ratio=1.81167e-08 pivots<1e-12: 0
  [LU] n=924 kutta=1 min|U_ii|=0.00354299 max|U_ii|=195565 ratio=1.81167e-08 pivots<1e-12: 0
  [LU] n=924 kutta=1 min|U_ii|=0.0049059 max|U_ii|=111026 ratio=4.41868e-08 pivots<1e-12: 0
  [LU] n=2520 kutta=1 min|U_ii|=0.0445846 max|U_ii|=6061.07 ratio=7.3559e-06 pivots<1e-12: 0
  [LU] n=924 kutta=1 min|U_ii|=0.00354299 max|U_ii|=195565 ratio=1.81167e-08 pivots<1e-12: 0
  [LU] n=924 kutta=1 min|U_ii|=0.00354299 max|U_ii|=195565 ratio=1.81167e-08 pivots<1e-12: 0
  [LU] n=924 kutta=1 min|U_ii|=0.0049059 max|U_ii|=111026 ratio=4.41868e-08 pivots<1e-12: 0
  [LU] n=2520 kutta=1 min|U_ii|=0.0445846 max|U_ii|=6061.07 ratio=7.3559e-06 pivots<1e-12: 0
  [LU] n=924 kutta=1 min|U_ii|=0.00354299 max|U_ii|=195565 ratio=1.81167e-08 pivots<1e-12: 0
  [LU] n=924 kutta=1 min|U_ii|=0.00354299 max|U_ii|=195565 ratio=1.81167e-08 pivots<1e-12: 0
  [LU] n=924 kutta=1 min|U_ii|=0.0049059 max|U_ii|=111026 ratio=4.41868e-08 pivots<1e-12: 0
  [LU] n=2520 kutta=1 min|U_ii|=0.0445846 max|U_ii|=6061.07 ratio=7.3559e-06 pivots<1e-12: 0
  [LU] n=924 kutta=1 min|U_ii|=0.00354299 max|U_ii|=195565 ratio=1.81167e-08 pivots<1e-12: 0
  [LU] n=924 kutta=1 min|U_ii|=0.00354299 max|U_ii|=195565 ratio=1.81167e-08 pivots<1e-12: 0
  [LU] n=924 kutta=1 min|U_ii|=0.0049059 max|U_ii|=111026 ratio=4.41868e-08 pivots<1e-12: 0
  [LU] n=2520 kutta=1 min|U_ii|=0.0445846 max|U_ii|=6061.07 ratio=7.3559e-06 pivots<1e-12: 0
  [LU] n=924 kutta=1 min|U_ii|=0.00354299 max|U_ii|=195565 ratio=1.81167e-08 pivots<1e-12: 0
  [LU] n=924 kutta=1 min|U_ii|=0.00354299 max|U_ii|=195565 ratio=1.81167e-08 pivots<1e-12: 0
  [LU] n=924 kutta=1 min|U_ii|=0.0049059 max|U_ii|=111026 ratio=4.41868e-08 pivots<1e-12: 0
  [LU] n=2520 kutta=1 min|U_ii|=0.0445846 max|U_ii|=6061.07 ratio=7.3559e-06 pivots<1e-12: 0
  [LU] n=924 kutta=1 min|U_ii|=0.00354299 max|U_ii|=195565 ratio=1.81167e-08 pivots<1e-12: 0
  [LU] n=924 kutta=1 min|U_ii|=0.00354299 max|U_ii|=195565 ratio=1.81167e-08 pivots<1e-12: 0
  [LU] n=924 kutta=1 min|U_ii|=0.0049059 max|U_ii|=111026 ratio=4.41868e-08 pivots<1e-12: 0
  [LU] n=2520 kutta=1 min|U_ii|=0.0445846 max|U_ii|=6061.07 ratio=7.3559e-06 pivots<1e-12: 0
  [LU] n=924 kutta=1 min|U_ii|=0.00354299 max|U_ii|=195565 ratio=1.81167e-08 pivots<1e-12: 0
  [LU] n=924 kutta=1 min|U_ii|=0.00354299 max|U_ii|=195565 ratio=1.81167e-08 pivots<1e-12: 0
  [LU] n=924 kutta=1 min|U_ii|=0.0049059 max|U_ii|=111026 ratio=4.41868e-08 pivots<1e-12: 0
  [LU] n=2520 kutta=1 min|U_ii|=0.0445846 max|U_ii|=6061.07 ratio=7.3559e-06 pivots<1e-12: 0
  [LU] n=924 kutta=1 min|U_ii|=0.00354299 max|U_ii|=195565 ratio=1.81167e-08 pivots<1e-12: 0
  [LU] n=924 kutta=1 min|U_ii|=0.00354299 max|U_ii|=195565 ratio=1.81167e-08 pivots<1e-12: 0
  [LU] n=924 kutta=1 min|U_ii|=0.0049059 max|U_ii|=111026 ratio=4.41868e-08 pivots<1e-12: 0
  [LU] n=2520 kutta=1 min|U_ii|=0.0445846 max|U_ii|=6061.07 ratio=7.3559e-06 pivots<1e-12: 0
  [LU] n=924 kutta=1 min|U_ii|=0.00354299 max|U_ii|=195565 ratio=1.81167e-08 pivots<1e-12: 0
  [LU] n=924 kutta=1 min|U_ii|=0.00354299 max|U_ii|=195565 ratio=1.81167e-08 pivots<1e-12: 0
  [LU] n=924 kutta=1 min|U_ii|=0.0049059 max|U_ii|=111026 ratio=4.41868e-08 pivots<1e-12: 0
  [LU] n=2520 kutta=1 min|U_ii|=0.0445846 max|U_ii|=6061.07 ratio=7.3559e-06 pivots<1e-12: 0
  [LU] n=924 kutta=1 min|U_ii|=0.00354299 max|U_ii|=195565 ratio=1.81167e-08 pivots<1e-12: 0
  [LU] n=924 kutta=1 min|U_ii|=0.00354299 max|U_ii|=195565 ratio=1.81167e-08 pivots<1e-12: 0
  [LU] n=924 kutta=1 min|U_ii|=0.0049059 max|U_ii|=111026 ratio=4.41868e-08 pivots<1e-12: 0
  [LU] n=2520 kutta=1 min|U_ii|=0.0445846 max|U_ii|=6061.07 ratio=7.3559e-06 pivots<1e-12: 0
  [LU] n=924 kutta=1 min|U_ii|=0.00354299 max|U_ii|=195565 ratio=1.81167e-08 pivots<1e-12: 0
  [LU] n=924 kutta=1 min|U_ii|=0.00354299 max|U_ii|=195565 ratio=1.81167e-08 pivots<1e-12: 0
  [LU] n=924 kutta=1 min|U_ii|=0.0049059 max|U_ii|=111026 ratio=4.41868e-08 pivots<1e-12: 0
  [LU] n=2520 kutta=1 min|U_ii|=0.0445846 max|U_ii|=6061.07 ratio=7.3559e-06 pivots<1e-12: 0
  [LU] n=924 kutta=1 min|U_ii|=0.00354299 max|U_ii|=195565 ratio=1.81167e-08 pivots<1e-12: 0
  [LU] n=924 kutta=1 min|U_ii|=0.00354299 max|U_ii|=195565 ratio=1.81167e-08 pivots<1e-12: 0
  [LU] n=924 kutta=1 min|U_ii|=0.0049059 max|U_ii|=111026 ratio=4.41868e-08 pivots<1e-12: 0
  [LU] n=2520 kutta=1 min|U_ii|=0.0445846 max|U_ii|=6061.07 ratio=7.3559e-06 pivots<1e-12: 0
  [LU] n=924 kutta=1 min|U_ii|=0.00354299 max|U_ii|=195565 ratio=1.81167e-08 pivots<1e-12: 0
  [LU] n=924 kutta=1 min|U_ii|=0.00354299 max|U_ii|=195565 ratio=1.81167e-08 pivots<1e-12: 0
  [LU] n=924 kutta=1 min|U_ii|=0.0049059 max|U_ii|=111026 ratio=4.41868e-08 pivots<1e-12: 0
  [LU] n=2520 kutta=1 min|U_ii|=0.0445846 max|U_ii|=6061.07 ratio=7.3559e-06 pivots<1e-12: 0
  [LU] n=924 kutta=1 min|U_ii|=0.00354299 max|U_ii|=195565 ratio=1.81167e-08 pivots<1e-12: 0
  [LU] n=924 kutta=1 min|U_ii|=0.00354299 max|U_ii|=195565 ratio=1.81167e-08 pivots<1e-12: 0
  [LU] n=924 kutta=1 min|U_ii|=0.0049059 max|U_ii|=111026 ratio=4.41868e-08 pivots<1e-12: 0
  [LU] n=2520 kutta=1 min|U_ii|=0.0445846 max|U_ii|=6061.07 ratio=7.3559e-06 pivots<1e-12: 0
  [LU] n=924 kutta=1 min|U_ii|=0.00354299 max|U_ii|=195565 ratio=1.81167e-08 pivots<1e-12: 0
  [LU] n=924 kutta=1 min|U_ii|=0.00354299 max|U_ii|=195565 ratio=1.81167e-08 pivots<1e-12: 0
  [LU] n=924 kutta=1 min|U_ii|=0.0049059 max|U_ii|=111026 ratio=4.41868e-08 pivots<1e-12: 0
  [LU] n=2520 kutta=1 min|U_ii|=0.0445846 max|U_ii|=6061.07 ratio=7.3559e-06 pivots<1e-12: 0
  [LU] n=924 kutta=1 min|U_ii|=0.00354299 max|U_ii|=195565 ratio=1.81167e-08 pivots<1e-12: 0
  [LU] n=924 kutta=1 min|U_ii|=0.00354299 max|U_ii|=195565 ratio=1.81167e-08 pivots<1e-12: 0
  [LU] n=924 kutta=1 min|U_ii|=0.0049059 max|U_ii|=111026 ratio=4.41868e-08 pivots<1e-12: 0
  [LU] n=2520 kutta=1 min|U_ii|=0.0445846 max|U_ii|=6061.07 ratio=7.3559e-06 pivots<1e-12: 0
  [LU] n=924 kutta=1 min|U_ii|=0.00354299 max|U_ii|=195565 ratio=1.81167e-08 pivots<1e-12: 0
  [LU] n=924 kutta=1 min|U_ii|=0.00354299 max|U_ii|=195565 ratio=1.81167e-08 pivots<1e-12: 0
  [LU] n=924 kutta=1 min|U_ii|=0.0049059 max|U_ii|=111026 ratio=4.41868e-08 pivots<1e-12: 0
  [LU] n=2520 kutta=1 min|U_ii|=0.0445846 max|U_ii|=6061.07 ratio=7.3559e-06 pivots<1e-12: 0
  [LU] n=924 kutta=1 min|U_ii|=0.00354299 max|U_ii|=195565 ratio=1.81167e-08 pivots<1e-12: 0
  [LU] n=924 kutta=1 min|U_ii|=0.00354299 max|U_ii|=195565 ratio=1.81167e-08 pivots<1e-12: 0
  [LU] n=924 kutta=1 min|U_ii|=0.0049059 max|U_ii|=111026 ratio=4.41868e-08 pivots<1e-12: 0
  [LU] n=2520 kutta=1 min|U_ii|=0.0445846 max|U_ii|=6061.07 ratio=7.3559e-06 pivots<1e-12: 0
  [LU] n=924 kutta=1 min|U_ii|=0.00354299 max|U_ii|=195565 ratio=1.81167e-08 pivots<1e-12: 0
  [LU] n=924 kutta=1 min|U_ii|=0.00354299 max|U_ii|=195565 ratio=1.81167e-08 pivots<1e-12: 0
  [LU] n=924 kutta=1 min|U_ii|=0.0049059 max|U_ii|=111026 ratio=4.41868e-08 pivots<1e-12: 0
  [LU] n=2520 kutta=1 min|U_ii|=0.0445846 max|U_ii|=6061.07 ratio=7.3559e-06 pivots<1e-12: 0
  [LU] n=924 kutta=1 min|U_ii|=0.00354299 max|U_ii|=195565 ratio=1.81167e-08 pivots<1e-12: 0
  [LU] n=924 kutta=1 min|U_ii|=0.00354299 max|U_ii|=195565 ratio=1.81167e-08 pivots<1e-12: 0
  [LU] n=924 kutta=1 min|U_ii|=0.0049059 max|U_ii|=111026 ratio=4.41868e-08 pivots<1e-12: 0
  [LU] n=2520 kutta=1 min|U_ii|=0.0445846 max|U_ii|=6061.07 ratio=7.3559e-06 pivots<1e-12: 0
  [LU] n=924 kutta=1 min|U_ii|=0.00354299 max|U_ii|=195565 ratio=1.81167e-08 pivots<1e-12: 0
  [LU] n=924 kutta=1 min|U_ii|=0.00354299 max|U_ii|=195565 ratio=1.81167e-08 pivots<1e-12: 0
  [LU] n=924 kutta=1 min|U_ii|=0.0049059 max|U_ii|=111026 ratio=4.41868e-08 pivots<1e-12: 0
  [LU] n=2520 kutta=1 min|U_ii|=0.0445846 max|U_ii|=6061.07 ratio=7.3559e-06 pivots<1e-12: 0
  [LU] n=924 kutta=1 min|U_ii|=0.00354299 max|U_ii|=195565 ratio=1.81167e-08 pivots<1e-12: 0
  [LU] n=924 kutta=1 min|U_ii|=0.00354299 max|U_ii|=195565 ratio=1.81167e-08 pivots<1e-12: 0
  [LU] n=924 kutta=1 min|U_ii|=0.0049059 max|U_ii|=111026 ratio=4.41868e-08 pivots<1e-12: 0
  [LU] n=2520 kutta=1 min|U_ii|=0.0445846 max|U_ii|=6061.07 ratio=7.3559e-06 pivots<1e-12: 0
  [LU] n=924 kutta=1 min|U_ii|=0.00354299 max|U_ii|=195565 ratio=1.81167e-08 pivots<1e-12: 0
  [LU] n=924 kutta=1 min|U_ii|=0.00354299 max|U_ii|=195565 ratio=1.81167e-08 pivots<1e-12: 0
  [LU] n=924 kutta=1 min|U_ii|=0.0049059 max|U_ii|=111026 ratio=4.41868e-08 pivots<1e-12: 0
  [LU] n=2520 kutta=1 min|U_ii|=0.0445846 max|U_ii|=6061.07 ratio=7.3559e-06 pivots<1e-12: 0
  [LU] n=924 kutta=1 min|U_ii|=0.00354299 max|U_ii|=195565 ratio=1.81167e-08 pivots<1e-12: 0
  [LU] n=924 kutta=1 min|U_ii|=0.00354299 max|U_ii|=195565 ratio=1.81167e-08 pivots<1e-12: 0
  [LU] n=924 kutta=1 min|U_ii|=0.0049059 max|U_ii|=111026 ratio=4.41868e-08 pivots<1e-12: 0
  [LU] n=2520 kutta=1 min|U_ii|=0.0445846 max|U_ii|=6061.07 ratio=7.3559e-06 pivots<1e-12: 0
  [LU] n=924 kutta=1 min|U_ii|=0.00354299 max|U_ii|=195565 ratio=1.81167e-08 pivots<1e-12: 0
  [LU] n=924 kutta=1 min|U_ii|=0.00354299 max|U_ii|=195565 ratio=1.81167e-08 pivots<1e-12: 0
  [LU] n=924 kutta=1 min|U_ii|=0.0049059 max|U_ii|=111026 ratio=4.41868e-08 pivots<1e-12: 0
  [LU] n=2520 kutta=1 min|U_ii|=0.0445846 max|U_ii|=6061.07 ratio=7.3559e-06 pivots<1e-12: 0
  [LU] n=924 kutta=1 min|U_ii|=0.00354299 max|U_ii|=195565 ratio=1.81167e-08 pivots<1e-12: 0
  [LU] n=924 kutta=1 min|U_ii|=0.00354299 max|U_ii|=195565 ratio=1.81167e-08 pivots<1e-12: 0
  [LU] n=924 kutta=1 min|U_ii|=0.0049059 max|U_ii|=111026 ratio=4.41868e-08 pivots<1e-12: 0
  [LU] n=2520 kutta=1 min|U_ii|=0.0445846 max|U_ii|=6061.07 ratio=7.3559e-06 pivots<1e-12: 0
  [LU] n=924 kutta=1 min|U_ii|=0.00354299 max|U_ii|=195565 ratio=1.81167e-08 pivots<1e-12: 0
  [LU] n=924 kutta=1 min|U_ii|=0.00354299 max|U_ii|=195565 ratio=1.81167e-08 pivots<1e-12: 0
  [LU] n=924 kutta=1 min|U_ii|=0.0049059 max|U_ii|=111026 ratio=4.41868e-08 pivots<1e-12: 0
  [LU] n=2520 kutta=1 min|U_ii|=0.0445846 max|U_ii|=6061.07 ratio=7.3559e-06 pivots<1e-12: 0
  [LU] n=924 kutta=1 min|U_ii|=0.00354299 max|U_ii|=195565 ratio=1.81167e-08 pivots<1e-12: 0
  [LU] n=924 kutta=1 min|U_ii|=0.00354299 max|U_ii|=195565 ratio=1.81167e-08 pivots<1e-12: 0
  [LU] n=924 kutta=1 min|U_ii|=0.0049059 max|U_ii|=111026 ratio=4.41868e-08 pivots<1e-12: 0
  [LU] n=2520 kutta=1 min|U_ii|=0.0445846 max|U_ii|=6061.07 ratio=7.3559e-06 pivots<1e-12: 0
  [LU] n=924 kutta=1 min|U_ii|=0.00354299 max|U_ii|=195565 ratio=1.81167e-08 pivots<1e-12: 0
  [LU] n=924 kutta=1 min|U_ii|=0.00354299 max|U_ii|=195565 ratio=1.81167e-08 pivots<1e-12: 0
  [LU] n=924 kutta=1 min|U_ii|=0.0049059 max|U_ii|=111026 ratio=4.41868e-08 pivots<1e-12: 0
  [LU] n=2520 kutta=1 min|U_ii|=0.0445846 max|U_ii|=6061.07 ratio=7.3559e-06 pivots<1e-12: 0
  [LU] n=924 kutta=1 min|U_ii|=0.00354299 max|U_ii|=195565 ratio=1.81167e-08 pivots<1e-12: 0
  [LU] n=924 kutta=1 min|U_ii|=0.00354299 max|U_ii|=195565 ratio=1.81167e-08 pivots<1e-12: 0
  [LU] n=924 kutta=1 min|U_ii|=0.0049059 max|U_ii|=111026 ratio=4.41868e-08 pivots<1e-12: 0
  [LU] n=2520 kutta=1 min|U_ii|=0.0445846 max|U_ii|=6061.07 ratio=7.3559e-06 pivots<1e-12: 0
  [LU] n=924 kutta=1 min|U_ii|=0.00354299 max|U_ii|=195565 ratio=1.81167e-08 pivots<1e-12: 0
  [LU] n=924 kutta=1 min|U_ii|=0.00354299 max|U_ii|=195565 ratio=1.81167e-08 pivots<1e-12: 0
  [LU] n=924 kutta=1 min|U_ii|=0.0049059 max|U_ii|=111026 ratio=4.41868e-08 pivots<1e-12: 0
  [LU] n=2520 kutta=1 min|U_ii|=0.0445846 max|U_ii|=6061.07 ratio=7.3559e-06 pivots<1e-12: 0
  [LU] n=924 kutta=1 min|U_ii|=0.00354299 max|U_ii|=195565 ratio=1.81167e-08 pivots<1e-12: 0
  [LU] n=924 kutta=1 min|U_ii|=0.00354299 max|U_ii|=195565 ratio=1.81167e-08 pivots<1e-12: 0
  [LU] n=924 kutta=1 min|U_ii|=0.0049059 max|U_ii|=111026 ratio=4.41868e-08 pivots<1e-12: 0
  [LU] n=2520 kutta=1 min|U_ii|=0.0445846 max|U_ii|=6061.07 ratio=7.3559e-06 pivots<1e-12: 0
  [LU] n=924 kutta=1 min|U_ii|=0.00354299 max|U_ii|=195565 ratio=1.81167e-08 pivots<1e-12: 0
  [LU] n=924 kutta=1 min|U_ii|=0.00354299 max|U_ii|=195565 ratio=1.81167e-08 pivots<1e-12: 0
  [LU] n=924 kutta=1 min|U_ii|=0.0049059 max|U_ii|=111026 ratio=4.41868e-08 pivots<1e-12: 0
  [LU] n=2520 kutta=1 min|U_ii|=0.0445846 max|U_ii|=6061.07 ratio=7.3559e-06 pivots<1e-12: 0
  [LU] n=924 kutta=1 min|U_ii|=0.00354299 max|U_ii|=195565 ratio=1.81167e-08 pivots<1e-12: 0
  [LU] n=924 kutta=1 min|U_ii|=0.00354299 max|U_ii|=195565 ratio=1.81167e-08 pivots<1e-12: 0
  [LU] n=924 kutta=1 min|U_ii|=0.0049059 max|U_ii|=111026 ratio=4.41868e-08 pivots<1e-12: 0
  [LU] n=2520 kutta=1 min|U_ii|=0.0445846 max|U_ii|=6061.07 ratio=7.3559e-06 pivots<1e-12: 0
  [LU] n=924 kutta=1 min|U_ii|=0.00354299 max|U_ii|=195565 ratio=1.81167e-08 pivots<1e-12: 0
  [LU] n=924 kutta=1 min|U_ii|=0.00354299 max|U_ii|=195565 ratio=1.81167e-08 pivots<1e-12: 0
  [LU] n=924 kutta=1 min|U_ii|=0.0049059 max|U_ii|=111026 ratio=4.41868e-08 pivots<1e-12: 0
  [LU] n=2520 kutta=1 min|U_ii|=0.0445846 max|U_ii|=6061.07 ratio=7.3559e-06 pivots<1e-12: 0
  [LU] n=924 kutta=1 min|U_ii|=0.00354299 max|U_ii|=195565 ratio=1.81167e-08 pivots<1e-12: 0
  [LU] n=924 kutta=1 min|U_ii|=0.00354299 max|U_ii|=195565 ratio=1.81167e-08 pivots<1e-12: 0
  [LU] n=924 kutta=1 min|U_ii|=0.0049059 max|U_ii|=111026 ratio=4.41868e-08 pivots<1e-12: 0
  [LU] n=2520 kutta=1 min|U_ii|=0.0445846 max|U_ii|=6061.07 ratio=7.3559e-06 pivots<1e-12: 0
  [LU] n=924 kutta=1 min|U_ii|=0.00354299 max|U_ii|=195565 ratio=1.81167e-08 pivots<1e-12: 0
  [LU] n=924 kutta=1 min|U_ii|=0.00354299 max|U_ii|=195565 ratio=1.81167e-08 pivots<1e-12: 0
  [LU] n=924 kutta=1 min|U_ii|=0.0049059 max|U_ii|=111026 ratio=4.41868e-08 pivots<1e-12: 0
  [LU] n=2520 kutta=1 min|U_ii|=0.0445846 max|U_ii|=6061.07 ratio=7.3559e-06 pivots<1e-12: 0
  [LU] n=924 kutta=1 min|U_ii|=0.00354299 max|U_ii|=195565 ratio=1.81167e-08 pivots<1e-12: 0
  [LU] n=924 kutta=1 min|U_ii|=0.00354299 max|U_ii|=195565 ratio=1.81167e-08 pivots<1e-12: 0
  [LU] n=924 kutta=1 min|U_ii|=0.0049059 max|U_ii|=111026 ratio=4.41868e-08 pivots<1e-12: 0
  [LU] n=2520 kutta=1 min|U_ii|=0.0445846 max|U_ii|=6061.07 ratio=7.3559e-06 pivots<1e-12: 0
  [LU] n=924 kutta=1 min|U_ii|=0.00354299 max|U_ii|=195565 ratio=1.81167e-08 pivots<1e-12: 0
  [LU] n=924 kutta=1 min|U_ii|=0.00354299 max|U_ii|=195565 ratio=1.81167e-08 pivots<1e-12: 0
  [LU] n=924 kutta=1 min|U_ii|=0.0049059 max|U_ii|=111026 ratio=4.41868e-08 pivots<1e-12: 0
  [LU] n=2520 kutta=1 min|U_ii|=0.0445846 max|U_ii|=6061.07 ratio=7.3559e-06 pivots<1e-12: 0
  [LU] n=924 kutta=1 min|U_ii|=0.00354299 max|U_ii|=195565 ratio=1.81167e-08 pivots<1e-12: 0
  [LU] n=924 kutta=1 min|U_ii|=0.00354299 max|U_ii|=195565 ratio=1.81167e-08 pivots<1e-12: 0
  [LU] n=924 kutta=1 min|U_ii|=0.0049059 max|U_ii|=111026 ratio=4.41868e-08 pivots<1e-12: 0
  [LU] n=2520 kutta=1 min|U_ii|=0.0445846 max|U_ii|=6061.07 ratio=7.3559e-06 pivots<1e-12: 0
  [LU] n=924 kutta=1 min|U_ii|=0.00354299 max|U_ii|=195565 ratio=1.81167e-08 pivots<1e-12: 0
  [LU] n=924 kutta=1 min|U_ii|=0.00354299 max|U_ii|=195565 ratio=1.81167e-08 pivots<1e-12: 0
  [LU] n=924 kutta=1 min|U_ii|=0.0049059 max|U_ii|=111026 ratio=4.41868e-08 pivots<1e-12: 0
  [LU] n=2520 kutta=1 min|U_ii|=0.0445846 max|U_ii|=6061.07 ratio=7.3559e-06 pivots<1e-12: 0
  [LU] n=924 kutta=1 min|U_ii|=0.00354299 max|U_ii|=195565 ratio=1.81167e-08 pivots<1e-12: 0
  [LU] n=924 kutta=1 min|U_ii|=0.00354299 max|U_ii|=195565 ratio=1.81167e-08 pivots<1e-12: 0
  [LU] n=924 kutta=1 min|U_ii|=0.0049059 max|U_ii|=111026 ratio=4.41868e-08 pivots<1e-12: 0
  [LU] n=2520 kutta=1 min|U_ii|=0.0445846 max|U_ii|=6061.07 ratio=7.3559e-06 pivots<1e-12: 0
  [LU] n=924 kutta=1 min|U_ii|=0.00354299 max|U_ii|=195565 ratio=1.81167e-08 pivots<1e-12: 0
  [LU] n=924 kutta=1 min|U_ii|=0.00354299 max|U_ii|=195565 ratio=1.81167e-08 pivots<1e-12: 0
  [LU] n=924 kutta=1 min|U_ii|=0.0049059 max|U_ii|=111026 ratio=4.41868e-08 pivots<1e-12: 0
  [LU] n=2520 kutta=1 min|U_ii|=0.0445846 max|U_ii|=6061.07 ratio=7.3559e-06 pivots<1e-12: 0
  [LU] n=924 kutta=1 min|U_ii|=0.00354299 max|U_ii|=195565 ratio=1.81167e-08 pivots<1e-12: 0
  [LU] n=924 kutta=1 min|U_ii|=0.00354299 max|U_ii|=195565 ratio=1.81167e-08 pivots<1e-12: 0
  [LU] n=924 kutta=1 min|U_ii|=0.0049059 max|U_ii|=111026 ratio=4.41868e-08 pivots<1e-12: 0
  [LU] n=2520 kutta=1 min|U_ii|=0.0445846 max|U_ii|=6061.07 ratio=7.3559e-06 pivots<1e-12: 0
  [LU] n=924 kutta=1 min|U_ii|=0.00354299 max|U_ii|=195565 ratio=1.81167e-08 pivots<1e-12: 0
  [LU] n=924 kutta=1 min|U_ii|=0.00354299 max|U_ii|=195565 ratio=1.81167e-08 pivots<1e-12: 0
  [LU] n=924 kutta=1 min|U_ii|=0.0049059 max|U_ii|=111026 ratio=4.41868e-08 pivots<1e-12: 0
  [LU] n=2520 kutta=1 min|U_ii|=0.0445846 max|U_ii|=6061.07 ratio=7.3559e-06 pivots<1e-12: 0
  [LU] n=924 kutta=1 min|U_ii|=0.00354299 max|U_ii|=195565 ratio=1.81167e-08 pivots<1e-12: 0
  [LU] n=924 kutta=1 min|U_ii|=0.00354299 max|U_ii|=195565 ratio=1.81167e-08 pivots<1e-12: 0
  [LU] n=924 kutta=1 min|U_ii|=0.0049059 max|U_ii|=111026 ratio=4.41868e-08 pivots<1e-12: 0
  [LU] n=2520 kutta=1 min|U_ii|=0.0445846 max|U_ii|=6061.07 ratio=7.3559e-06 pivots<1e-12: 0
  [LU] n=924 kutta=1 min|U_ii|=0.00354299 max|U_ii|=195565 ratio=1.81167e-08 pivots<1e-12: 0
  [LU] n=924 kutta=1 min|U_ii|=0.00354299 max|U_ii|=195565 ratio=1.81167e-08 pivots<1e-12: 0
  [LU] n=924 kutta=1 min|U_ii|=0.0049059 max|U_ii|=111026 ratio=4.41868e-08 pivots<1e-12: 0
  [LU] n=2520 kutta=1 min|U_ii|=0.0445846 max|U_ii|=6061.07 ratio=7.3559e-06 pivots<1e-12: 0
  [LU] n=924 kutta=1 min|U_ii|=0.00354299 max|U_ii|=195565 ratio=1.81167e-08 pivots<1e-12: 0
  [LU] n=924 kutta=1 min|U_ii|=0.00354299 max|U_ii|=195565 ratio=1.81167e-08 pivots<1e-12: 0
  [LU] n=924 kutta=1 min|U_ii|=0.0049059 max|U_ii|=111026 ratio=4.41868e-08 pivots<1e-12: 0
  [LU] n=2520 kutta=1 min|U_ii|=0.0445846 max|U_ii|=6061.07 ratio=7.3559e-06 pivots<1e-12: 0
  [LU] n=924 kutta=1 min|U_ii|=0.00354299 max|U_ii|=195565 ratio=1.81167e-08 pivots<1e-12: 0
  [LU] n=924 kutta=1 min|U_ii|=0.00354299 max|U_ii|=195565 ratio=1.81167e-08 pivots<1e-12: 0
  [LU] n=924 kutta=1 min|U_ii|=0.0049059 max|U_ii|=111026 ratio=4.41868e-08 pivots<1e-12: 0
  [LU] n=2520 kutta=1 min|U_ii|=0.0445846 max|U_ii|=6061.07 ratio=7.3559e-06 pivots<1e-12: 0
  [LU] n=924 kutta=1 min|U_ii|=0.00354299 max|U_ii|=195565 ratio=1.81167e-08 pivots<1e-12: 0
  [LU] n=924 kutta=1 min|U_ii|=0.00354299 max|U_ii|=195565 ratio=1.81167e-08 pivots<1e-12: 0
  [LU] n=924 kutta=1 min|U_ii|=0.0049059 max|U_ii|=111026 ratio=4.41868e-08 pivots<1e-12: 0
  [LU] n=2520 kutta=1 min|U_ii|=0.0445846 max|U_ii|=6061.07 ratio=7.3559e-06 pivots<1e-12: 0
  [LU] n=924 kutta=1 min|U_ii|=0.00354299 max|U_ii|=195565 ratio=1.81167e-08 pivots<1e-12: 0
  [LU] n=924 kutta=1 min|U_ii|=0.00354299 max|U_ii|=195565 ratio=1.81167e-08 pivots<1e-12: 0
  [LU] n=924 kutta=1 min|U_ii|=0.0049059 max|U_ii|=111026 ratio=4.41868e-08 pivots<1e-12: 0
  [LU] n=2520 kutta=1 min|U_ii|=0.0445846 max|U_ii|=6061.07 ratio=7.3559e-06 pivots<1e-12: 0
  [LU] n=924 kutta=1 min|U_ii|=0.00354299 max|U_ii|=195565 ratio=1.81167e-08 pivots<1e-12: 0
  [LU] n=924 kutta=1 min|U_ii|=0.00354299 max|U_ii|=195565 ratio=1.81167e-08 pivots<1e-12: 0
  [LU] n=924 kutta=1 min|U_ii|=0.0049059 max|U_ii|=111026 ratio=4.41868e-08 pivots<1e-12: 0
  [LU] n=2520 kutta=1 min|U_ii|=0.0445846 max|U_ii|=6061.07 ratio=7.3559e-06 pivots<1e-12: 0
  [LU] n=924 kutta=1 min|U_ii|=0.00354299 max|U_ii|=195565 ratio=1.81167e-08 pivots<1e-12: 0
  [LU] n=924 kutta=1 min|U_ii|=0.00354299 max|U_ii|=195565 ratio=1.81167e-08 pivots<1e-12: 0
  [LU] n=924 kutta=1 min|U_ii|=0.0049059 max|U_ii|=111026 ratio=4.41868e-08 pivots<1e-12: 0
  [LU] n=2520 kutta=1 min|U_ii|=0.0445846 max|U_ii|=6061.07 ratio=7.3559e-06 pivots<1e-12: 0
  [LU] n=924 kutta=1 min|U_ii|=0.00354299 max|U_ii|=195565 ratio=1.81167e-08 pivots<1e-12: 0
  [LU] n=924 kutta=1 min|U_ii|=0.00354299 max|U_ii|=195565 ratio=1.81167e-08 pivots<1e-12: 0
  [LU] n=924 kutta=1 min|U_ii|=0.0049059 max|U_ii|=111026 ratio=4.41868e-08 pivots<1e-12: 0
  [LU] n=2520 kutta=1 min|U_ii|=0.0445846 max|U_ii|=6061.07 ratio=7.3559e-06 pivots<1e-12: 0
  [LU] n=924 kutta=1 min|U_ii|=0.00354299 max|U_ii|=195565 ratio=1.81167e-08 pivots<1e-12: 0
  [LU] n=924 kutta=1 min|U_ii|=0.00354299 max|U_ii|=195565 ratio=1.81167e-08 pivots<1e-12: 0
  [LU] n=924 kutta=1 min|U_ii|=0.0049059 max|U_ii|=111026 ratio=4.41868e-08 pivots<1e-12: 0
  [LU] n=2520 kutta=1 min|U_ii|=0.0445846 max|U_ii|=6061.07 ratio=7.3559e-06 pivots<1e-12: 0
  [LU] n=924 kutta=1 min|U_ii|=0.00354299 max|U_ii|=195565 ratio=1.81167e-08 pivots<1e-12: 0
  [LU] n=924 kutta=1 min|U_ii|=0.00354299 max|U_ii|=195565 ratio=1.81167e-08 pivots<1e-12: 0
  [LU] n=924 kutta=1 min|U_ii|=0.0049059 max|U_ii|=111026 ratio=4.41868e-08 pivots<1e-12: 0
  [LU] n=2520 kutta=1 min|U_ii|=0.0445846 max|U_ii|=6061.07 ratio=7.3559e-06 pivots<1e-12: 0
  [LU] n=924 kutta=1 min|U_ii|=0.00354299 max|U_ii|=195565 ratio=1.81167e-08 pivots<1e-12: 0
  [LU] n=924 kutta=1 min|U_ii|=0.00354299 max|U_ii|=195565 ratio=1.81167e-08 pivots<1e-12: 0
  [LU] n=924 kutta=1 min|U_ii|=0.0049059 max|U_ii|=111026 ratio=4.41868e-08 pivots<1e-12: 0
  [LU] n=2520 kutta=1 min|U_ii|=0.0445846 max|U_ii|=6061.07 ratio=7.3559e-06 pivots<1e-12: 0
  [LU] n=924 kutta=1 min|U_ii|=0.00354299 max|U_ii|=195565 ratio=1.81167e-08 pivots<1e-12: 0
  [LU] n=924 kutta=1 min|U_ii|=0.00354299 max|U_ii|=195565 ratio=1.81167e-08 pivots<1e-12: 0
  [LU] n=924 kutta=1 min|U_ii|=0.0049059 max|U_ii|=111026 ratio=4.41868e-08 pivots<1e-12: 0
  [LU] n=2520 kutta=1 min|U_ii|=0.0445846 max|U_ii|=6061.07 ratio=7.3559e-06 pivots<1e-12: 0
  [LU] n=924 kutta=1 min|U_ii|=0.00354299 max|U_ii|=195565 ratio=1.81167e-08 pivots<1e-12: 0
  [LU] n=924 kutta=1 min|U_ii|=0.00354299 max|U_ii|=195565 ratio=1.81167e-08 pivots<1e-12: 0
  [LU] n=924 kutta=1 min|U_ii|=0.0049059 max|U_ii|=111026 ratio=4.41868e-08 pivots<1e-12: 0
  [LU] n=2520 kutta=1 min|U_ii|=0.0445846 max|U_ii|=6061.07 ratio=7.3559e-06 pivots<1e-12: 0
  [LU] n=924 kutta=1 min|U_ii|=0.00354299 max|U_ii|=195565 ratio=1.81167e-08 pivots<1e-12: 0
  [LU] n=924 kutta=1 min|U_ii|=0.00354299 max|U_ii|=195565 ratio=1.81167e-08 pivots<1e-12: 0
  [LU] n=924 kutta=1 min|U_ii|=0.0049059 max|U_ii|=111026 ratio=4.41868e-08 pivots<1e-12: 0
  [LU] n=2520 kutta=1 min|U_ii|=0.0445846 max|U_ii|=6061.07 ratio=7.3559e-06 pivots<1e-12: 0
  [LU] n=924 kutta=1 min|U_ii|=0.00354299 max|U_ii|=195565 ratio=1.81167e-08 pivots<1e-12: 0
  [LU] n=924 kutta=1 min|U_ii|=0.00354299 max|U_ii|=195565 ratio=1.81167e-08 pivots<1e-12: 0
  [LU] n=924 kutta=1 min|U_ii|=0.0049059 max|U_ii|=111026 ratio=4.41868e-08 pivots<1e-12: 0
  [LU] n=2520 kutta=1 min|U_ii|=0.0445846 max|U_ii|=6061.07 ratio=7.3559e-06 pivots<1e-12: 0
  [LU] n=924 kutta=1 min|U_ii|=0.00354299 max|U_ii|=195565 ratio=1.81167e-08 pivots<1e-12: 0
  [LU] n=924 kutta=1 min|U_ii|=0.00354299 max|U_ii|=195565 ratio=1.81167e-08 pivots<1e-12: 0
  [LU] n=924 kutta=1 min|U_ii|=0.0049059 max|U_ii|=111026 ratio=4.41868e-08 pivots<1e-12: 0
  [LU] n=2520 kutta=1 min|U_ii|=0.0445846 max|U_ii|=6061.07 ratio=7.3559e-06 pivots<1e-12: 0
  [LU] n=924 kutta=1 min|U_ii|=0.00354299 max|U_ii|=195565 ratio=1.81167e-08 pivots<1e-12: 0
  [LU] n=924 kutta=1 min|U_ii|=0.00354299 max|U_ii|=195565 ratio=1.81167e-08 pivots<1e-12: 0
  [LU] n=924 kutta=1 min|U_ii|=0.0049059 max|U_ii|=111026 ratio=4.41868e-08 pivots<1e-12: 0
  [LU] n=2520 kutta=1 min|U_ii|=0.0445846 max|U_ii|=6061.07 ratio=7.3559e-06 pivots<1e-12: 0
  [LU] n=924 kutta=1 min|U_ii|=0.00354299 max|U_ii|=195565 ratio=1.81167e-08 pivots<1e-12: 0
  [LU] n=924 kutta=1 min|U_ii|=0.00354299 max|U_ii|=195565 ratio=1.81167e-08 pivots<1e-12: 0
  [LU] n=924 kutta=1 min|U_ii|=0.0049059 max|U_ii|=111026 ratio=4.41868e-08 pivots<1e-12: 0
  [LU] n=2520 kutta=1 min|U_ii|=0.0445846 max|U_ii|=6061.07 ratio=7.3559e-06 pivots<1e-12: 0
  [LU] n=924 kutta=1 min|U_ii|=0.00354299 max|U_ii|=195565 ratio=1.81167e-08 pivots<1e-12: 0
  [LU] n=924 kutta=1 min|U_ii|=0.00354299 max|U_ii|=195565 ratio=1.81167e-08 pivots<1e-12: 0
  [LU] n=924 kutta=1 min|U_ii|=0.0049059 max|U_ii|=111026 ratio=4.41868e-08 pivots<1e-12: 0
  [LU] n=2520 kutta=1 min|U_ii|=0.0445846 max|U_ii|=6061.07 ratio=7.3559e-06 pivots<1e-12: 0
  [LU] n=924 kutta=1 min|U_ii|=0.00354299 max|U_ii|=195565 ratio=1.81167e-08 pivots<1e-12: 0
  [LU] n=924 kutta=1 min|U_ii|=0.00354299 max|U_ii|=195565 ratio=1.81167e-08 pivots<1e-12: 0
  [LU] n=924 kutta=1 min|U_ii|=0.0049059 max|U_ii|=111026 ratio=4.41868e-08 pivots<1e-12: 0
  [LU] n=2520 kutta=1 min|U_ii|=0.0445846 max|U_ii|=6061.07 ratio=7.3559e-06 pivots<1e-12: 0
  [LU] n=924 kutta=1 min|U_ii|=0.00354299 max|U_ii|=195565 ratio=1.81167e-08 pivots<1e-12: 0
  [LU] n=924 kutta=1 min|U_ii|=0.00354299 max|U_ii|=195565 ratio=1.81167e-08 pivots<1e-12: 0
  [LU] n=924 kutta=1 min|U_ii|=0.0049059 max|U_ii|=111026 ratio=4.41868e-08 pivots<1e-12: 0
  [LU] n=2520 kutta=1 min|U_ii|=0.0445846 max|U_ii|=6061.07 ratio=7.3559e-06 pivots<1e-12: 0
  [LU] n=924 kutta=1 min|U_ii|=0.00354299 max|U_ii|=195565 ratio=1.81167e-08 pivots<1e-12: 0
  [LU] n=924 kutta=1 min|U_ii|=0.00354299 max|U_ii|=195565 ratio=1.81167e-08 pivots<1e-12: 0
  [LU] n=924 kutta=1 min|U_ii|=0.0049059 max|U_ii|=111026 ratio=4.41868e-08 pivots<1e-12: 0
  [LU] n=2520 kutta=1 min|U_ii|=0.0445846 max|U_ii|=6061.07 ratio=7.3559e-06 pivots<1e-12: 0
  [LU] n=924 kutta=1 min|U_ii|=0.00354299 max|U_ii|=195565 ratio=1.81167e-08 pivots<1e-12: 0
  [LU] n=924 kutta=1 min|U_ii|=0.00354299 max|U_ii|=195565 ratio=1.81167e-08 pivots<1e-12: 0
  [LU] n=924 kutta=1 min|U_ii|=0.0049059 max|U_ii|=111026 ratio=4.41868e-08 pivots<1e-12: 0
  [LU] n=2520 kutta=1 min|U_ii|=0.0445846 max|U_ii|=6061.07 ratio=7.3559e-06 pivots<1e-12: 0
  [LU] n=924 kutta=1 min|U_ii|=0.00354299 max|U_ii|=195565 ratio=1.81167e-08 pivots<1e-12: 0
  [LU] n=924 kutta=1 min|U_ii|=0.00354299 max|U_ii|=195565 ratio=1.81167e-08 pivots<1e-12: 0
  [LU] n=924 kutta=1 min|U_ii|=0.0049059 max|U_ii|=111026 ratio=4.41868e-08 pivots<1e-12: 0
  [LU] n=2520 kutta=1 min|U_ii|=0.0445846 max|U_ii|=6061.07 ratio=7.3559e-06 pivots<1e-12: 0
  [LU] n=924 kutta=1 min|U_ii|=0.00354299 max|U_ii|=195565 ratio=1.81167e-08 pivots<1e-12: 0
  [LU] n=924 kutta=1 min|U_ii|=0.00354299 max|U_ii|=195565 ratio=1.81167e-08 pivots<1e-12: 0
  [LU] n=924 kutta=1 min|U_ii|=0.0049059 max|U_ii|=111026 ratio=4.41868e-08 pivots<1e-12: 0
  [LU] n=2520 kutta=1 min|U_ii|=0.0445846 max|U_ii|=6061.07 ratio=7.3559e-06 pivots<1e-12: 0
  [LU] n=924 kutta=1 min|U_ii|=0.00354299 max|U_ii|=195565 ratio=1.81167e-08 pivots<1e-12: 0
  [LU] n=924 kutta=1 min|U_ii|=0.00354299 max|U_ii|=195565 ratio=1.81167e-08 pivots<1e-12: 0
  [LU] n=924 kutta=1 min|U_ii|=0.0049059 max|U_ii|=111026 ratio=4.41868e-08 pivots<1e-12: 0
  [LU] n=2520 kutta=1 min|U_ii|=0.0445846 max|U_ii|=6061.07 ratio=7.3559e-06 pivots<1e-12: 0
  [LU] n=924 kutta=1 min|U_ii|=0.00354299 max|U_ii|=195565 ratio=1.81167e-08 pivots<1e-12: 0
  [LU] n=924 kutta=1 min|U_ii|=0.00354299 max|U_ii|=195565 ratio=1.81167e-08 pivots<1e-12: 0
  [LU] n=924 kutta=1 min|U_ii|=0.0049059 max|U_ii|=111026 ratio=4.41868e-08 pivots<1e-12: 0
  [LU] n=2520 kutta=1 min|U_ii|=0.0445846 max|U_ii|=6061.07 ratio=7.3559e-06 pivots<1e-12: 0
  [LU] n=924 kutta=1 min|U_ii|=0.00354299 max|U_ii|=195565 ratio=1.81167e-08 pivots<1e-12: 0
  [LU] n=924 kutta=1 min|U_ii|=0.00354299 max|U_ii|=195565 ratio=1.81167e-08 pivots<1e-12: 0
  [LU] n=924 kutta=1 min|U_ii|=0.0049059 max|U_ii|=111026 ratio=4.41868e-08 pivots<1e-12: 0
  [LU] n=2520 kutta=1 min|U_ii|=0.0445846 max|U_ii|=6061.07 ratio=7.3559e-06 pivots<1e-12: 0
  [LU] n=924 kutta=1 min|U_ii|=0.00354299 max|U_ii|=195565 ratio=1.81167e-08 pivots<1e-12: 0
  [LU] n=924 kutta=1 min|U_ii|=0.00354299 max|U_ii|=195565 ratio=1.81167e-08 pivots<1e-12: 0
  [LU] n=924 kutta=1 min|U_ii|=0.0049059 max|U_ii|=111026 ratio=4.41868e-08 pivots<1e-12: 0
  [LU] n=2520 kutta=1 min|U_ii|=0.0445846 max|U_ii|=6061.07 ratio=7.3559e-06 pivots<1e-12: 0
  [LU] n=924 kutta=1 min|U_ii|=0.00354299 max|U_ii|=195565 ratio=1.81167e-08 pivots<1e-12: 0
  [LU] n=924 kutta=1 min|U_ii|=0.00354299 max|U_ii|=195565 ratio=1.81167e-08 pivots<1e-12: 0
  [LU] n=924 kutta=1 min|U_ii|=0.0049059 max|U_ii|=111026 ratio=4.41868e-08 pivots<1e-12: 0
  [LU] n=2520 kutta=1 min|U_ii|=0.0445846 max|U_ii|=6061.07 ratio=7.3559e-06 pivots<1e-12: 0
  [LU] n=924 kutta=1 min|U_ii|=0.00354299 max|U_ii|=195565 ratio=1.81167e-08 pivots<1e-12: 0
  [LU] n=924 kutta=1 min|U_ii|=0.00354299 max|U_ii|=195565 ratio=1.81167e-08 pivots<1e-12: 0
  [LU] n=924 kutta=1 min|U_ii|=0.0049059 max|U_ii|=111026 ratio=4.41868e-08 pivots<1e-12: 0
  [LU] n=2520 kutta=1 min|U_ii|=0.0445846 max|U_ii|=6061.07 ratio=7.3559e-06 pivots<1e-12: 0
  [LU] n=924 kutta=1 min|U_ii|=0.00354299 max|U_ii|=195565 ratio=1.81167e-08 pivots<1e-12: 0
  [LU] n=924 kutta=1 min|U_ii|=0.00354299 max|U_ii|=195565 ratio=1.81167e-08 pivots<1e-12: 0
  [LU] n=924 kutta=1 min|U_ii|=0.0049059 max|U_ii|=111026 ratio=4.41868e-08 pivots<1e-12: 0
  [LU] n=2520 kutta=1 min|U_ii|=0.0445846 max|U_ii|=6061.07 ratio=7.3559e-06 pivots<1e-12: 0
  [LU] n=924 kutta=1 min|U_ii|=0.00354299 max|U_ii|=195565 ratio=1.81167e-08 pivots<1e-12: 0
  [LU] n=924 kutta=1 min|U_ii|=0.00354299 max|U_ii|=195565 ratio=1.81167e-08 pivots<1e-12: 0
  [LU] n=924 kutta=1 min|U_ii|=0.0049059 max|U_ii|=111026 ratio=4.41868e-08 pivots<1e-12: 0
  [LU] n=2520 kutta=1 min|U_ii|=0.0445846 max|U_ii|=6061.07 ratio=7.3559e-06 pivots<1e-12: 0
  [LU] n=924 kutta=1 min|U_ii|=0.00354299 max|U_ii|=195565 ratio=1.81167e-08 pivots<1e-12: 0
  [LU] n=924 kutta=1 min|U_ii|=0.00354299 max|U_ii|=195565 ratio=1.81167e-08 pivots<1e-12: 0
  [LU] n=924 kutta=1 min|U_ii|=0.0049059 max|U_ii|=111026 ratio=4.41868e-08 pivots<1e-12: 0
  [LU] n=2520 kutta=1 min|U_ii|=0.0445846 max|U_ii|=6061.07 ratio=7.3559e-06 pivots<1e-12: 0
  [LU] n=924 kutta=1 min|U_ii|=0.00354299 max|U_ii|=195565 ratio=1.81167e-08 pivots<1e-12: 0
  [LU] n=924 kutta=1 min|U_ii|=0.00354299 max|U_ii|=195565 ratio=1.81167e-08 pivots<1e-12: 0
  [LU] n=924 kutta=1 min|U_ii|=0.0049059 max|U_ii|=111026 ratio=4.41868e-08 pivots<1e-12: 0
  [LU] n=2520 kutta=1 min|U_ii|=0.0445846 max|U_ii|=6061.07 ratio=7.3559e-06 pivots<1e-12: 0
  [LU] n=924 kutta=1 min|U_ii|=0.00354299 max|U_ii|=195565 ratio=1.81167e-08 pivots<1e-12: 0
  [LU] n=924 kutta=1 min|U_ii|=0.00354299 max|U_ii|=195565 ratio=1.81167e-08 pivots<1e-12: 0
  [LU] n=924 kutta=1 min|U_ii|=0.0049059 max|U_ii|=111026 ratio=4.41868e-08 pivots<1e-12: 0
  [LU] n=2520 kutta=1 min|U_ii|=0.0445846 max|U_ii|=6061.07 ratio=7.3559e-06 pivots<1e-12: 0
  [LU] n=924 kutta=1 min|U_ii|=0.00354299 max|U_ii|=195565 ratio=1.81167e-08 pivots<1e-12: 0
  [LU] n=924 kutta=1 min|U_ii|=0.00354299 max|U_ii|=195565 ratio=1.81167e-08 pivots<1e-12: 0
  [LU] n=924 kutta=1 min|U_ii|=0.0049059 max|U_ii|=111026 ratio=4.41868e-08 pivots<1e-12: 0
  [LU] n=2520 kutta=1 min|U_ii|=0.0445846 max|U_ii|=6061.07 ratio=7.3559e-06 pivots<1e-12: 0
  [LU] n=924 kutta=1 min|U_ii|=0.00354299 max|U_ii|=195565 ratio=1.81167e-08 pivots<1e-12: 0
  [LU] n=924 kutta=1 min|U_ii|=0.00354299 max|U_ii|=195565 ratio=1.81167e-08 pivots<1e-12: 0
  [LU] n=924 kutta=1 min|U_ii|=0.0049059 max|U_ii|=111026 ratio=4.41868e-08 pivots<1e-12: 0
  [LU] n=2520 kutta=1 min|U_ii|=0.0445846 max|U_ii|=6061.07 ratio=7.3559e-06 pivots<1e-12: 0
  [LU] n=924 kutta=1 min|U_ii|=0.00354299 max|U_ii|=195565 ratio=1.81167e-08 pivots<1e-12: 0
  [LU] n=924 kutta=1 min|U_ii|=0.00354299 max|U_ii|=195565 ratio=1.81167e-08 pivots<1e-12: 0
  [LU] n=924 kutta=1 min|U_ii|=0.0049059 max|U_ii|=111026 ratio=4.41868e-08 pivots<1e-12: 0
  [LU] n=2520 kutta=1 min|U_ii|=0.0445846 max|U_ii|=6061.07 ratio=7.3559e-06 pivots<1e-12: 0
  [LU] n=924 kutta=1 min|U_ii|=0.00354299 max|U_ii|=195565 ratio=1.81167e-08 pivots<1e-12: 0
  [LU] n=924 kutta=1 min|U_ii|=0.00354299 max|U_ii|=195565 ratio=1.81167e-08 pivots<1e-12: 0
  [LU] n=924 kutta=1 min|U_ii|=0.0049059 max|U_ii|=111026 ratio=4.41868e-08 pivots<1e-12: 0
  [LU] n=2520 kutta=1 min|U_ii|=0.0445846 max|U_ii|=6061.07 ratio=7.3559e-06 pivots<1e-12: 0
  [LU] n=924 kutta=1 min|U_ii|=0.00354299 max|U_ii|=195565 ratio=1.81167e-08 pivots<1e-12: 0
  [LU] n=924 kutta=1 min|U_ii|=0.00354299 max|U_ii|=195565 ratio=1.81167e-08 pivots<1e-12: 0
  [LU] n=924 kutta=1 min|U_ii|=0.0049059 max|U_ii|=111026 ratio=4.41868e-08 pivots<1e-12: 0
  [LU] n=2520 kutta=1 min|U_ii|=0.0445846 max|U_ii|=6061.07 ratio=7.3559e-06 pivots<1e-12: 0
  [LU] n=924 kutta=1 min|U_ii|=0.00354299 max|U_ii|=195565 ratio=1.81167e-08 pivots<1e-12: 0
  [LU] n=924 kutta=1 min|U_ii|=0.00354299 max|U_ii|=195565 ratio=1.81167e-08 pivots<1e-12: 0
  [LU] n=924 kutta=1 min|U_ii|=0.0049059 max|U_ii|=111026 ratio=4.41868e-08 pivots<1e-12: 0
  [LU] n=2520 kutta=1 min|U_ii|=0.0445846 max|U_ii|=6061.07 ratio=7.3559e-06 pivots<1e-12: 0
  [LU] n=924 kutta=1 min|U_ii|=0.00354299 max|U_ii|=195565 ratio=1.81167e-08 pivots<1e-12: 0
  [LU] n=924 kutta=1 min|U_ii|=0.00354299 max|U_ii|=195565 ratio=1.81167e-08 pivots<1e-12: 0
  [LU] n=924 kutta=1 min|U_ii|=0.0049059 max|U_ii|=111026 ratio=4.41868e-08 pivots<1e-12: 0
  [LU] n=2520 kutta=1 min|U_ii|=0.0445846 max|U_ii|=6061.07 ratio=7.3559e-06 pivots<1e-12: 0
  [LU] n=924 kutta=1 min|U_ii|=0.00354299 max|U_ii|=195565 ratio=1.81167e-08 pivots<1e-12: 0
  [LU] n=924 kutta=1 min|U_ii|=0.00354299 max|U_ii|=195565 ratio=1.81167e-08 pivots<1e-12: 0
  [LU] n=924 kutta=1 min|U_ii|=0.0049059 max|U_ii|=111026 ratio=4.41868e-08 pivots<1e-12: 0
  [LU] n=2520 kutta=1 min|U_ii|=0.0445846 max|U_ii|=6061.07 ratio=7.3559e-06 pivots<1e-12: 0
  [LU] n=924 kutta=1 min|U_ii|=0.00354299 max|U_ii|=195565 ratio=1.81167e-08 pivots<1e-12: 0
  [LU] n=924 kutta=1 min|U_ii|=0.00354299 max|U_ii|=195565 ratio=1.81167e-08 pivots<1e-12: 0
  [LU] n=924 kutta=1 min|U_ii|=0.0049059 max|U_ii|=111026 ratio=4.41868e-08 pivots<1e-12: 0
  [LU] n=2520 kutta=1 min|U_ii|=0.0445846 max|U_ii|=6061.07 ratio=7.3559e-06 pivots<1e-12: 0
  [LU] n=924 kutta=1 min|U_ii|=0.00354299 max|U_ii|=195565 ratio=1.81167e-08 pivots<1e-12: 0
  [LU] n=924 kutta=1 min|U_ii|=0.00354299 max|U_ii|=195565 ratio=1.81167e-08 pivots<1e-12: 0
  [LU] n=924 kutta=1 min|U_ii|=0.0049059 max|U_ii|=111026 ratio=4.41868e-08 pivots<1e-12: 0
  [LU] n=2520 kutta=1 min|U_ii|=0.0445846 max|U_ii|=6061.07 ratio=7.3559e-06 pivots<1e-12: 0
  [LU] n=924 kutta=1 min|U_ii|=0.00354299 max|U_ii|=195565 ratio=1.81167e-08 pivots<1e-12: 0
  [LU] n=924 kutta=1 min|U_ii|=0.00354299 max|U_ii|=195565 ratio=1.81167e-08 pivots<1e-12: 0
  [LU] n=924 kutta=1 min|U_ii|=0.0049059 max|U_ii|=111026 ratio=4.41868e-08 pivots<1e-12: 0
  [LU] n=2520 kutta=1 min|U_ii|=0.0445846 max|U_ii|=6061.07 ratio=7.3559e-06 pivots<1e-12: 0
  [LU] n=924 kutta=1 min|U_ii|=0.00354299 max|U_ii|=195565 ratio=1.81167e-08 pivots<1e-12: 0
  [LU] n=924 kutta=1 min|U_ii|=0.00354299 max|U_ii|=195565 ratio=1.81167e-08 pivots<1e-12: 0
  [LU] n=924 kutta=1 min|U_ii|=0.0049059 max|U_ii|=111026 ratio=4.41868e-08 pivots<1e-12: 0
  [LU] n=2520 kutta=1 min|U_ii|=0.0445846 max|U_ii|=6061.07 ratio=7.3559e-06 pivots<1e-12: 0
  [LU] n=924 kutta=1 min|U_ii|=0.00354299 max|U_ii|=195565 ratio=1.81167e-08 pivots<1e-12: 0
  [LU] n=924 kutta=1 min|U_ii|=0.00354299 max|U_ii|=195565 ratio=1.81167e-08 pivots<1e-12: 0
  [LU] n=924 kutta=1 min|U_ii|=0.0049059 max|U_ii|=111026 ratio=4.41868e-08 pivots<1e-12: 0
  [LU] n=2520 kutta=1 min|U_ii|=0.0445846 max|U_ii|=6061.07 ratio=7.3559e-06 pivots<1e-12: 0
  [LU] n=924 kutta=1 min|U_ii|=0.00354299 max|U_ii|=195565 ratio=1.81167e-08 pivots<1e-12: 0
  [LU] n=924 kutta=1 min|U_ii|=0.00354299 max|U_ii|=195565 ratio=1.81167e-08 pivots<1e-12: 0
  [LU] n=924 kutta=1 min|U_ii|=0.0049059 max|U_ii|=111026 ratio=4.41868e-08 pivots<1e-12: 0
  [LU] n=2520 kutta=1 min|U_ii|=0.0445846 max|U_ii|=6061.07 ratio=7.3559e-06 pivots<1e-12: 0
  [LU] n=924 kutta=1 min|U_ii|=0.00354299 max|U_ii|=195565 ratio=1.81167e-08 pivots<1e-12: 0
  [LU] n=924 kutta=1 min|U_ii|=0.00354299 max|U_ii|=195565 ratio=1.81167e-08 pivots<1e-12: 0
  [LU] n=924 kutta=1 min|U_ii|=0.0049059 max|U_ii|=111026 ratio=4.41868e-08 pivots<1e-12: 0
  [LU] n=2520 kutta=1 min|U_ii|=0.0445846 max|U_ii|=6061.07 ratio=7.3559e-06 pivots<1e-12: 0
  [LU] n=924 kutta=1 min|U_ii|=0.00354299 max|U_ii|=195565 ratio=1.81167e-08 pivots<1e-12: 0
  [LU] n=924 kutta=1 min|U_ii|=0.00354299 max|U_ii|=195565 ratio=1.81167e-08 pivots<1e-12: 0
  [LU] n=924 kutta=1 min|U_ii|=0.0049059 max|U_ii|=111026 ratio=4.41868e-08 pivots<1e-12: 0
  [LU] n=2520 kutta=1 min|U_ii|=0.0445846 max|U_ii|=6061.07 ratio=7.3559e-06 pivots<1e-12: 0
  [LU] n=924 kutta=1 min|U_ii|=0.00354299 max|U_ii|=195565 ratio=1.81167e-08 pivots<1e-12: 0
  [LU] n=924 kutta=1 min|U_ii|=0.00354299 max|U_ii|=195565 ratio=1.81167e-08 pivots<1e-12: 0
  [LU] n=924 kutta=1 min|U_ii|=0.0049059 max|U_ii|=111026 ratio=4.41868e-08 pivots<1e-12: 0
  [LU] n=2520 kutta=1 min|U_ii|=0.0445846 max|U_ii|=6061.07 ratio=7.3559e-06 pivots<1e-12: 0
  [LU] n=924 kutta=1 min|U_ii|=0.00354299 max|U_ii|=195565 ratio=1.81167e-08 pivots<1e-12: 0
  [LU] n=924 kutta=1 min|U_ii|=0.00354299 max|U_ii|=195565 ratio=1.81167e-08 pivots<1e-12: 0
  [LU] n=924 kutta=1 min|U_ii|=0.0049059 max|U_ii|=111026 ratio=4.41868e-08 pivots<1e-12: 0
  [LU] n=2520 kutta=1 min|U_ii|=0.0445846 max|U_ii|=6061.07 ratio=7.3559e-06 pivots<1e-12: 0
  [LU] n=924 kutta=1 min|U_ii|=0.00354299 max|U_ii|=195565 ratio=1.81167e-08 pivots<1e-12: 0
  [LU] n=924 kutta=1 min|U_ii|=0.00354299 max|U_ii|=195565 ratio=1.81167e-08 pivots<1e-12: 0
  [LU] n=924 kutta=1 min|U_ii|=0.0049059 max|U_ii|=111026 ratio=4.41868e-08 pivots<1e-12: 0
  [LU] n=2520 kutta=1 min|U_ii|=0.0445846 max|U_ii|=6061.07 ratio=7.3559e-06 pivots<1e-12: 0
  [LU] n=924 kutta=1 min|U_ii|=0.00354299 max|U_ii|=195565 ratio=1.81167e-08 pivots<1e-12: 0
  [LU] n=924 kutta=1 min|U_ii|=0.00354299 max|U_ii|=195565 ratio=1.81167e-08 pivots<1e-12: 0
  [LU] n=924 kutta=1 min|U_ii|=0.0049059 max|U_ii|=111026 ratio=4.41868e-08 pivots<1e-12: 0
  [LU] n=2520 kutta=1 min|U_ii|=0.0445846 max|U_ii|=6061.07 ratio=7.3559e-06 pivots<1e-12: 0
  [LU] n=924 kutta=1 min|U_ii|=0.00354299 max|U_ii|=195565 ratio=1.81167e-08 pivots<1e-12: 0
  [LU] n=924 kutta=1 min|U_ii|=0.00354299 max|U_ii|=195565 ratio=1.81167e-08 pivots<1e-12: 0
  [LU] n=924 kutta=1 min|U_ii|=0.0049059 max|U_ii|=111026 ratio=4.41868e-08 pivots<1e-12: 0
  [LU] n=2520 kutta=1 min|U_ii|=0.0445846 max|U_ii|=6061.07 ratio=7.3559e-06 pivots<1e-12: 0
  [LU] n=924 kutta=1 min|U_ii|=0.00354299 max|U_ii|=195565 ratio=1.81167e-08 pivots<1e-12: 0
  [LU] n=924 kutta=1 min|U_ii|=0.00354299 max|U_ii|=195565 ratio=1.81167e-08 pivots<1e-12: 0
  [LU] n=924 kutta=1 min|U_ii|=0.0049059 max|U_ii|=111026 ratio=4.41868e-08 pivots<1e-12: 0
  [LU] n=2520 kutta=1 min|U_ii|=0.0445846 max|U_ii|=6061.07 ratio=7.3559e-06 pivots<1e-12: 0
  [LU] n=924 kutta=1 min|U_ii|=0.00354299 max|U_ii|=195565 ratio=1.81167e-08 pivots<1e-12: 0
  [LU] n=924 kutta=1 min|U_ii|=0.00354299 max|U_ii|=195565 ratio=1.81167e-08 pivots<1e-12: 0
  [LU] n=924 kutta=1 min|U_ii|=0.0049059 max|U_ii|=111026 ratio=4.41868e-08 pivots<1e-12: 0
  [LU] n=2520 kutta=1 min|U_ii|=0.0445846 max|U_ii|=6061.07 ratio=7.3559e-06 pivots<1e-12: 0
  [LU] n=924 kutta=1 min|U_ii|=0.00354299 max|U_ii|=195565 ratio=1.81167e-08 pivots<1e-12: 0
  [LU] n=924 kutta=1 min|U_ii|=0.00354299 max|U_ii|=195565 ratio=1.81167e-08 pivots<1e-12: 0
  [LU] n=924 kutta=1 min|U_ii|=0.0049059 max|U_ii|=111026 ratio=4.41868e-08 pivots<1e-12: 0
  [LU] n=2520 kutta=1 min|U_ii|=0.0445846 max|U_ii|=6061.07 ratio=7.3559e-06 pivots<1e-12: 0
  [LU] n=924 kutta=1 min|U_ii|=0.00354299 max|U_ii|=195565 ratio=1.81167e-08 pivots<1e-12: 0
  [LU] n=924 kutta=1 min|U_ii|=0.00354299 max|U_ii|=195565 ratio=1.81167e-08 pivots<1e-12: 0
  [LU] n=924 kutta=1 min|U_ii|=0.0049059 max|U_ii|=111026 ratio=4.41868e-08 pivots<1e-12: 0
  [LU] n=2520 kutta=1 min|U_ii|=0.0445846 max|U_ii|=6061.07 ratio=7.3559e-06 pivots<1e-12: 0
  [LU] n=924 kutta=1 min|U_ii|=0.00354299 max|U_ii|=195565 ratio=1.81167e-08 pivots<1e-12: 0
  [LU] n=924 kutta=1 min|U_ii|=0.00354299 max|U_ii|=195565 ratio=1.81167e-08 pivots<1e-12: 0
  [LU] n=924 kutta=1 min|U_ii|=0.0049059 max|U_ii|=111026 ratio=4.41868e-08 pivots<1e-12: 0
  [LU] n=2520 kutta=1 min|U_ii|=0.0445846 max|U_ii|=6061.07 ratio=7.3559e-06 pivots<1e-12: 0
  [LU] n=924 kutta=1 min|U_ii|=0.00354299 max|U_ii|=195565 ratio=1.81167e-08 pivots<1e-12: 0
  [LU] n=924 kutta=1 min|U_ii|=0.00354299 max|U_ii|=195565 ratio=1.81167e-08 pivots<1e-12: 0
  [LU] n=924 kutta=1 min|U_ii|=0.0049059 max|U_ii|=111026 ratio=4.41868e-08 pivots<1e-12: 0
  [LU] n=2520 kutta=1 min|U_ii|=0.0445846 max|U_ii|=6061.07 ratio=7.3559e-06 pivots<1e-12: 0
  [LU] n=924 kutta=1 min|U_ii|=0.00354299 max|U_ii|=195565 ratio=1.81167e-08 pivots<1e-12: 0
  [LU] n=924 kutta=1 min|U_ii|=0.00354299 max|U_ii|=195565 ratio=1.81167e-08 pivots<1e-12: 0
  [LU] n=924 kutta=1 min|U_ii|=0.0049059 max|U_ii|=111026 ratio=4.41868e-08 pivots<1e-12: 0
  [LU] n=2520 kutta=1 min|U_ii|=0.0445846 max|U_ii|=6061.07 ratio=7.3559e-06 pivots<1e-12: 0
  [LU] n=924 kutta=1 min|U_ii|=0.00354299 max|U_ii|=195565 ratio=1.81167e-08 pivots<1e-12: 0
  [LU] n=924 kutta=1 min|U_ii|=0.00354299 max|U_ii|=195565 ratio=1.81167e-08 pivots<1e-12: 0
  [LU] n=924 kutta=1 min|U_ii|=0.0049059 max|U_ii|=111026 ratio=4.41868e-08 pivots<1e-12: 0
  [LU] n=2520 kutta=1 min|U_ii|=0.0445846 max|U_ii|=6061.07 ratio=7.3559e-06 pivots<1e-12: 0
  [LU] n=924 kutta=1 min|U_ii|=0.00354299 max|U_ii|=195565 ratio=1.81167e-08 pivots<1e-12: 0
  [LU] n=924 kutta=1 min|U_ii|=0.00354299 max|U_ii|=195565 ratio=1.81167e-08 pivots<1e-12: 0
  [LU] n=924 kutta=1 min|U_ii|=0.0049059 max|U_ii|=111026 ratio=4.41868e-08 pivots<1e-12: 0
  [LU] n=2520 kutta=1 min|U_ii|=0.0445846 max|U_ii|=6061.07 ratio=7.3559e-06 pivots<1e-12: 0
  [LU] n=924 kutta=1 min|U_ii|=0.00354299 max|U_ii|=195565 ratio=1.81167e-08 pivots<1e-12: 0
  [LU] n=924 kutta=1 min|U_ii|=0.00354299 max|U_ii|=195565 ratio=1.81167e-08 pivots<1e-12: 0
  [LU] n=924 kutta=1 min|U_ii|=0.0049059 max|U_ii|=111026 ratio=4.41868e-08 pivots<1e-12: 0
  [LU] n=2520 kutta=1 min|U_ii|=0.0445846 max|U_ii|=6061.07 ratio=7.3559e-06 pivots<1e-12: 0
  [LU] n=924 kutta=1 min|U_ii|=0.00354299 max|U_ii|=195565 ratio=1.81167e-08 pivots<1e-12: 0
  [LU] n=924 kutta=1 min|U_ii|=0.00354299 max|U_ii|=195565 ratio=1.81167e-08 pivots<1e-12: 0
  [LU] n=924 kutta=1 min|U_ii|=0.0049059 max|U_ii|=111026 ratio=4.41868e-08 pivots<1e-12: 0
  [LU] n=2520 kutta=1 min|U_ii|=0.0445846 max|U_ii|=6061.07 ratio=7.3559e-06 pivots<1e-12: 0
  [LU] n=924 kutta=1 min|U_ii|=0.00354299 max|U_ii|=195565 ratio=1.81167e-08 pivots<1e-12: 0
  [LU] n=924 kutta=1 min|U_ii|=0.00354299 max|U_ii|=195565 ratio=1.81167e-08 pivots<1e-12: 0
  [LU] n=924 kutta=1 min|U_ii|=0.0049059 max|U_ii|=111026 ratio=4.41868e-08 pivots<1e-12: 0
  [LU] n=2520 kutta=1 min|U_ii|=0.0445846 max|U_ii|=6061.07 ratio=7.3559e-06 pivots<1e-12: 0
  [LU] n=924 kutta=1 min|U_ii|=0.00354299 max|U_ii|=195565 ratio=1.81167e-08 pivots<1e-12: 0
  [LU] n=924 kutta=1 min|U_ii|=0.00354299 max|U_ii|=195565 ratio=1.81167e-08 pivots<1e-12: 0
  [LU] n=924 kutta=1 min|U_ii|=0.0049059 max|U_ii|=111026 ratio=4.41868e-08 pivots<1e-12: 0
  [LU] n=2520 kutta=1 min|U_ii|=0.0445846 max|U_ii|=6061.07 ratio=7.3559e-06 pivots<1e-12: 0
  [LU] n=924 kutta=1 min|U_ii|=0.00354299 max|U_ii|=195565 ratio=1.81167e-08 pivots<1e-12: 0
  [LU] n=924 kutta=1 min|U_ii|=0.00354299 max|U_ii|=195565 ratio=1.81167e-08 pivots<1e-12: 0
  [LU] n=924 kutta=1 min|U_ii|=0.0049059 max|U_ii|=111026 ratio=4.41868e-08 pivots<1e-12: 0
  [LU] n=2520 kutta=1 min|U_ii|=0.0445846 max|U_ii|=6061.07 ratio=7.3559e-06 pivots<1e-12: 0
  [LU] n=924 kutta=1 min|U_ii|=0.00354299 max|U_ii|=195565 ratio=1.81167e-08 pivots<1e-12: 0
  [LU] n=924 kutta=1 min|U_ii|=0.00354299 max|U_ii|=195565 ratio=1.81167e-08 pivots<1e-12: 0
  [LU] n=924 kutta=1 min|U_ii|=0.0049059 max|U_ii|=111026 ratio=4.41868e-08 pivots<1e-12: 0
  [LU] n=2520 kutta=1 min|U_ii|=0.0445846 max|U_ii|=6061.07 ratio=7.3559e-06 pivots<1e-12: 0
  [LU] n=924 kutta=1 min|U_ii|=0.00354299 max|U_ii|=195565 ratio=1.81167e-08 pivots<1e-12: 0
  [LU] n=924 kutta=1 min|U_ii|=0.00354299 max|U_ii|=195565 ratio=1.81167e-08 pivots<1e-12: 0
  [LU] n=924 kutta=1 min|U_ii|=0.0049059 max|U_ii|=111026 ratio=4.41868e-08 pivots<1e-12: 0
  [LU] n=2520 kutta=1 min|U_ii|=0.0445846 max|U_ii|=6061.07 ratio=7.3559e-06 pivots<1e-12: 0
  [LU] n=924 kutta=1 min|U_ii|=0.00354299 max|U_ii|=195565 ratio=1.81167e-08 pivots<1e-12: 0
  [LU] n=924 kutta=1 min|U_ii|=0.00354299 max|U_ii|=195565 ratio=1.81167e-08 pivots<1e-12: 0
  [LU] n=924 kutta=1 min|U_ii|=0.0049059 max|U_ii|=111026 ratio=4.41868e-08 pivots<1e-12: 0
  [LU] n=2520 kutta=1 min|U_ii|=0.0445846 max|U_ii|=6061.07 ratio=7.3559e-06 pivots<1e-12: 0
  [LU] n=924 kutta=1 min|U_ii|=0.00354299 max|U_ii|=195565 ratio=1.81167e-08 pivots<1e-12: 0
  [LU] n=924 kutta=1 min|U_ii|=0.00354299 max|U_ii|=195565 ratio=1.81167e-08 pivots<1e-12: 0
  [LU] n=924 kutta=1 min|U_ii|=0.0049059 max|U_ii|=111026 ratio=4.41868e-08 pivots<1e-12: 0
  [LU] n=2520 kutta=1 min|U_ii|=0.0445846 max|U_ii|=6061.07 ratio=7.3559e-06 pivots<1e-12: 0
  [LU] n=924 kutta=1 min|U_ii|=0.00354299 max|U_ii|=195565 ratio=1.81167e-08 pivots<1e-12: 0
  [LU] n=924 kutta=1 min|U_ii|=0.00354299 max|U_ii|=195565 ratio=1.81167e-08 pivots<1e-12: 0
  [LU] n=924 kutta=1 min|U_ii|=0.0049059 max|U_ii|=111026 ratio=4.41868e-08 pivots<1e-12: 0
  [LU] n=2520 kutta=1 min|U_ii|=0.0445846 max|U_ii|=6061.07 ratio=7.3559e-06 pivots<1e-12: 0
  [LU] n=924 kutta=1 min|U_ii|=0.00354299 max|U_ii|=195565 ratio=1.81167e-08 pivots<1e-12: 0
  [LU] n=924 kutta=1 min|U_ii|=0.00354299 max|U_ii|=195565 ratio=1.81167e-08 pivots<1e-12: 0
  [LU] n=924 kutta=1 min|U_ii|=0.0049059 max|U_ii|=111026 ratio=4.41868e-08 pivots<1e-12: 0
  [LU] n=2520 kutta=1 min|U_ii|=0.0445846 max|U_ii|=6061.07 ratio=7.3559e-06 pivots<1e-12: 0
  [LU] n=924 kutta=1 min|U_ii|=0.00354299 max|U_ii|=195565 ratio=1.81167e-08 pivots<1e-12: 0
  [LU] n=924 kutta=1 min|U_ii|=0.00354299 max|U_ii|=195565 ratio=1.81167e-08 pivots<1e-12: 0
  [LU] n=924 kutta=1 min|U_ii|=0.0049059 max|U_ii|=111026 ratio=4.41868e-08 pivots<1e-12: 0
  [LU] n=2520 kutta=1 min|U_ii|=0.0445846 max|U_ii|=6061.07 ratio=7.3559e-06 pivots<1e-12: 0
  [LU] n=924 kutta=1 min|U_ii|=0.00354299 max|U_ii|=195565 ratio=1.81167e-08 pivots<1e-12: 0
  [LU] n=924 kutta=1 min|U_ii|=0.00354299 max|U_ii|=195565 ratio=1.81167e-08 pivots<1e-12: 0
  [LU] n=924 kutta=1 min|U_ii|=0.0049059 max|U_ii|=111026 ratio=4.41868e-08 pivots<1e-12: 0
  [LU] n=2520 kutta=1 min|U_ii|=0.0445846 max|U_ii|=6061.07 ratio=7.3559e-06 pivots<1e-12: 0
  [LU] n=924 kutta=1 min|U_ii|=0.00354299 max|U_ii|=195565 ratio=1.81167e-08 pivots<1e-12: 0
  [LU] n=924 kutta=1 min|U_ii|=0.00354299 max|U_ii|=195565 ratio=1.81167e-08 pivots<1e-12: 0
  [LU] n=924 kutta=1 min|U_ii|=0.0049059 max|U_ii|=111026 ratio=4.41868e-08 pivots<1e-12: 0
  [LU] n=2520 kutta=1 min|U_ii|=0.0445846 max|U_ii|=6061.07 ratio=7.3559e-06 pivots<1e-12: 0
  [LU] n=924 kutta=1 min|U_ii|=0.00354299 max|U_ii|=195565 ratio=1.81167e-08 pivots<1e-12: 0
  [LU] n=924 kutta=1 min|U_ii|=0.00354299 max|U_ii|=195565 ratio=1.81167e-08 pivots<1e-12: 0
  [LU] n=924 kutta=1 min|U_ii|=0.0049059 max|U_ii|=111026 ratio=4.41868e-08 pivots<1e-12: 0
  [LU] n=2520 kutta=1 min|U_ii|=0.0445846 max|U_ii|=6061.07 ratio=7.3559e-06 pivots<1e-12: 0
  [LU] n=924 kutta=1 min|U_ii|=0.00354299 max|U_ii|=195565 ratio=1.81167e-08 pivots<1e-12: 0
  [LU] n=924 kutta=1 min|U_ii|=0.00354299 max|U_ii|=195565 ratio=1.81167e-08 pivots<1e-12: 0
  [LU] n=924 kutta=1 min|U_ii|=0.0049059 max|U_ii|=111026 ratio=4.41868e-08 pivots<1e-12: 0
  [LU] n=2520 kutta=1 min|U_ii|=0.0445846 max|U_ii|=6061.07 ratio=7.3559e-06 pivots<1e-12: 0
  [LU] n=924 kutta=1 min|U_ii|=0.00354299 max|U_ii|=195565 ratio=1.81167e-08 pivots<1e-12: 0
  [LU] n=924 kutta=1 min|U_ii|=0.00354299 max|U_ii|=195565 ratio=1.81167e-08 pivots<1e-12: 0
  [LU] n=924 kutta=1 min|U_ii|=0.0049059 max|U_ii|=111026 ratio=4.41868e-08 pivots<1e-12: 0
  [LU] n=2520 kutta=1 min|U_ii|=0.0445846 max|U_ii|=6061.07 ratio=7.3559e-06 pivots<1e-12: 0
  [LU] n=924 kutta=1 min|U_ii|=0.00354299 max|U_ii|=195565 ratio=1.81167e-08 pivots<1e-12: 0
  [LU] n=924 kutta=1 min|U_ii|=0.00354299 max|U_ii|=195565 ratio=1.81167e-08 pivots<1e-12: 0
  [LU] n=924 kutta=1 min|U_ii|=0.0049059 max|U_ii|=111026 ratio=4.41868e-08 pivots<1e-12: 0
  [LU] n=2520 kutta=1 min|U_ii|=0.0445846 max|U_ii|=6061.07 ratio=7.3559e-06 pivots<1e-12: 0
  [LU] n=924 kutta=1 min|U_ii|=0.00354299 max|U_ii|=195565 ratio=1.81167e-08 pivots<1e-12: 0
  [LU] n=924 kutta=1 min|U_ii|=0.00354299 max|U_ii|=195565 ratio=1.81167e-08 pivots<1e-12: 0
  [LU] n=924 kutta=1 min|U_ii|=0.0049059 max|U_ii|=111026 ratio=4.41868e-08 pivots<1e-12: 0
  [LU] n=2520 kutta=1 min|U_ii|=0.0445846 max|U_ii|=6061.07 ratio=7.3559e-06 pivots<1e-12: 0
  [LU] n=924 kutta=1 min|U_ii|=0.00354299 max|U_ii|=195565 ratio=1.81167e-08 pivots<1e-12: 0
  [LU] n=924 kutta=1 min|U_ii|=0.00354299 max|U_ii|=195565 ratio=1.81167e-08 pivots<1e-12: 0
  [LU] n=924 kutta=1 min|U_ii|=0.0049059 max|U_ii|=111026 ratio=4.41868e-08 pivots<1e-12: 0
  [LU] n=2520 kutta=1 min|U_ii|=0.0445846 max|U_ii|=6061.07 ratio=7.3559e-06 pivots<1e-12: 0
  [LU] n=924 kutta=1 min|U_ii|=0.00354299 max|U_ii|=195565 ratio=1.81167e-08 pivots<1e-12: 0
  [LU] n=924 kutta=1 min|U_ii|=0.00354299 max|U_ii|=195565 ratio=1.81167e-08 pivots<1e-12: 0
  [LU] n=924 kutta=1 min|U_ii|=0.0049059 max|U_ii|=111026 ratio=4.41868e-08 pivots<1e-12: 0
  [LU] n=2520 kutta=1 min|U_ii|=0.0445846 max|U_ii|=6061.07 ratio=7.3559e-06 pivots<1e-12: 0
  [LU] n=924 kutta=1 min|U_ii|=0.00354299 max|U_ii|=195565 ratio=1.81167e-08 pivots<1e-12: 0
  [LU] n=924 kutta=1 min|U_ii|=0.00354299 max|U_ii|=195565 ratio=1.81167e-08 pivots<1e-12: 0
  [LU] n=924 kutta=1 min|U_ii|=0.0049059 max|U_ii|=111026 ratio=4.41868e-08 pivots<1e-12: 0
  [LU] n=2520 kutta=1 min|U_ii|=0.0445846 max|U_ii|=6061.07 ratio=7.3559e-06 pivots<1e-12: 0
  [LU] n=924 kutta=1 min|U_ii|=0.00354299 max|U_ii|=195565 ratio=1.81167e-08 pivots<1e-12: 0
  [LU] n=924 kutta=1 min|U_ii|=0.00354299 max|U_ii|=195565 ratio=1.81167e-08 pivots<1e-12: 0
  [LU] n=924 kutta=1 min|U_ii|=0.0049059 max|U_ii|=111026 ratio=4.41868e-08 pivots<1e-12: 0
  [LU] n=2520 kutta=1 min|U_ii|=0.0445846 max|U_ii|=6061.07 ratio=7.3559e-06 pivots<1e-12: 0
  [LU] n=924 kutta=1 min|U_ii|=0.00354299 max|U_ii|=195565 ratio=1.81167e-08 pivots<1e-12: 0
  [LU] n=924 kutta=1 min|U_ii|=0.00354299 max|U_ii|=195565 ratio=1.81167e-08 pivots<1e-12: 0
  [LU] n=924 kutta=1 min|U_ii|=0.0049059 max|U_ii|=111026 ratio=4.41868e-08 pivots<1e-12: 0
  [LU] n=2520 kutta=1 min|U_ii|=0.0445846 max|U_ii|=6061.07 ratio=7.3559e-06 pivots<1e-12: 0
  [LU] n=924 kutta=1 min|U_ii|=0.00354299 max|U_ii|=195565 ratio=1.81167e-08 pivots<1e-12: 0
  [LU] n=924 kutta=1 min|U_ii|=0.00354299 max|U_ii|=195565 ratio=1.81167e-08 pivots<1e-12: 0
  [LU] n=924 kutta=1 min|U_ii|=0.0049059 max|U_ii|=111026 ratio=4.41868e-08 pivots<1e-12: 0
  [LU] n=2520 kutta=1 min|U_ii|=0.0445846 max|U_ii|=6061.07 ratio=7.3559e-06 pivots<1e-12: 0
  [LU] n=924 kutta=1 min|U_ii|=0.00354299 max|U_ii|=195565 ratio=1.81167e-08 pivots<1e-12: 0
  [LU] n=924 kutta=1 min|U_ii|=0.00354299 max|U_ii|=195565 ratio=1.81167e-08 pivots<1e-12: 0
  [LU] n=924 kutta=1 min|U_ii|=0.0049059 max|U_ii|=111026 ratio=4.41868e-08 pivots<1e-12: 0
  [LU] n=2520 kutta=1 min|U_ii|=0.0445846 max|U_ii|=6061.07 ratio=7.3559e-06 pivots<1e-12: 0
  [LU] n=924 kutta=1 min|U_ii|=0.00354299 max|U_ii|=195565 ratio=1.81167e-08 pivots<1e-12: 0
  [LU] n=924 kutta=1 min|U_ii|=0.00354299 max|U_ii|=195565 ratio=1.81167e-08 pivots<1e-12: 0
  [LU] n=924 kutta=1 min|U_ii|=0.0049059 max|U_ii|=111026 ratio=4.41868e-08 pivots<1e-12: 0
  [LU] n=2520 kutta=1 min|U_ii|=0.0445846 max|U_ii|=6061.07 ratio=7.3559e-06 pivots<1e-12: 0
  [LU] n=924 kutta=1 min|U_ii|=0.00354299 max|U_ii|=195565 ratio=1.81167e-08 pivots<1e-12: 0
  [LU] n=924 kutta=1 min|U_ii|=0.00354299 max|U_ii|=195565 ratio=1.81167e-08 pivots<1e-12: 0
  [LU] n=924 kutta=1 min|U_ii|=0.0049059 max|U_ii|=111026 ratio=4.41868e-08 pivots<1e-12: 0
  [LU] n=2520 kutta=1 min|U_ii|=0.0445846 max|U_ii|=6061.07 ratio=7.3559e-06 pivots<1e-12: 0
  [LU] n=924 kutta=1 min|U_ii|=0.00354299 max|U_ii|=195565 ratio=1.81167e-08 pivots<1e-12: 0
  [LU] n=924 kutta=1 min|U_ii|=0.00354299 max|U_ii|=195565 ratio=1.81167e-08 pivots<1e-12: 0
  [LU] n=924 kutta=1 min|U_ii|=0.0049059 max|U_ii|=111026 ratio=4.41868e-08 pivots<1e-12: 0
  [LU] n=2520 kutta=1 min|U_ii|=0.0445846 max|U_ii|=6061.07 ratio=7.3559e-06 pivots<1e-12: 0
  [LU] n=924 kutta=1 min|U_ii|=0.00354299 max|U_ii|=195565 ratio=1.81167e-08 pivots<1e-12: 0
  [LU] n=924 kutta=1 min|U_ii|=0.00354299 max|U_ii|=195565 ratio=1.81167e-08 pivots<1e-12: 0
  [LU] n=924 kutta=1 min|U_ii|=0.0049059 max|U_ii|=111026 ratio=4.41868e-08 pivots<1e-12: 0
  [LU] n=2520 kutta=1 min|U_ii|=0.0445846 max|U_ii|=6061.07 ratio=7.3559e-06 pivots<1e-12: 0
  [LU] n=924 kutta=1 min|U_ii|=0.00354299 max|U_ii|=195565 ratio=1.81167e-08 pivots<1e-12: 0
  [LU] n=924 kutta=1 min|U_ii|=0.00354299 max|U_ii|=195565 ratio=1.81167e-08 pivots<1e-12: 0
  [LU] n=924 kutta=1 min|U_ii|=0.0049059 max|U_ii|=111026 ratio=4.41868e-08 pivots<1e-12: 0
  [LU] n=2520 kutta=1 min|U_ii|=0.0445846 max|U_ii|=6061.07 ratio=7.3559e-06 pivots<1e-12: 0
  [LU] n=924 kutta=1 min|U_ii|=0.00354299 max|U_ii|=195565 ratio=1.81167e-08 pivots<1e-12: 0
  [LU] n=924 kutta=1 min|U_ii|=0.00354299 max|U_ii|=195565 ratio=1.81167e-08 pivots<1e-12: 0
  [LU] n=924 kutta=1 min|U_ii|=0.0049059 max|U_ii|=111026 ratio=4.41868e-08 pivots<1e-12: 0
  [LU] n=2520 kutta=1 min|U_ii|=0.0445846 max|U_ii|=6061.07 ratio=7.3559e-06 pivots<1e-12: 0
  [LU] n=924 kutta=1 min|U_ii|=0.00354299 max|U_ii|=195565 ratio=1.81167e-08 pivots<1e-12: 0
  [LU] n=924 kutta=1 min|U_ii|=0.00354299 max|U_ii|=195565 ratio=1.81167e-08 pivots<1e-12: 0
  [LU] n=924 kutta=1 min|U_ii|=0.0049059 max|U_ii|=111026 ratio=4.41868e-08 pivots<1e-12: 0
  [LU] n=2520 kutta=1 min|U_ii|=0.0445846 max|U_ii|=6061.07 ratio=7.3559e-06 pivots<1e-12: 0
  [LU] n=924 kutta=1 min|U_ii|=0.00354299 max|U_ii|=195565 ratio=1.81167e-08 pivots<1e-12: 0
  [LU] n=924 kutta=1 min|U_ii|=0.00354299 max|U_ii|=195565 ratio=1.81167e-08 pivots<1e-12: 0
  [LU] n=924 kutta=1 min|U_ii|=0.0049059 max|U_ii|=111026 ratio=4.41868e-08 pivots<1e-12: 0
  [LU] n=2520 kutta=1 min|U_ii|=0.0445846 max|U_ii|=6061.07 ratio=7.3559e-06 pivots<1e-12: 0
  [LU] n=924 kutta=1 min|U_ii|=0.00354299 max|U_ii|=195565 ratio=1.81167e-08 pivots<1e-12: 0
  [LU] n=924 kutta=1 min|U_ii|=0.00354299 max|U_ii|=195565 ratio=1.81167e-08 pivots<1e-12: 0
  [LU] n=924 kutta=1 min|U_ii|=0.0049059 max|U_ii|=111026 ratio=4.41868e-08 pivots<1e-12: 0
  [LU] n=2520 kutta=1 min|U_ii|=0.0445846 max|U_ii|=6061.07 ratio=7.3559e-06 pivots<1e-12: 0
  [LU] n=924 kutta=1 min|U_ii|=0.00354299 max|U_ii|=195565 ratio=1.81167e-08 pivots<1e-12: 0
  [LU] n=924 kutta=1 min|U_ii|=0.00354299 max|U_ii|=195565 ratio=1.81167e-08 pivots<1e-12: 0
  [LU] n=924 kutta=1 min|U_ii|=0.0049059 max|U_ii|=111026 ratio=4.41868e-08 pivots<1e-12: 0
  [LU] n=2520 kutta=1 min|U_ii|=0.0445846 max|U_ii|=6061.07 ratio=7.3559e-06 pivots<1e-12: 0
  [LU] n=924 kutta=1 min|U_ii|=0.00354299 max|U_ii|=195565 ratio=1.81167e-08 pivots<1e-12: 0
  [LU] n=924 kutta=1 min|U_ii|=0.00354299 max|U_ii|=195565 ratio=1.81167e-08 pivots<1e-12: 0
  [LU] n=924 kutta=1 min|U_ii|=0.0049059 max|U_ii|=111026 ratio=4.41868e-08 pivots<1e-12: 0
  [LU] n=2520 kutta=1 min|U_ii|=0.0445846 max|U_ii|=6061.07 ratio=7.3559e-06 pivots<1e-12: 0
  [LU] n=924 kutta=1 min|U_ii|=0.00354299 max|U_ii|=195565 ratio=1.81167e-08 pivots<1e-12: 0
  [LU] n=924 kutta=1 min|U_ii|=0.00354299 max|U_ii|=195565 ratio=1.81167e-08 pivots<1e-12: 0
  [LU] n=924 kutta=1 min|U_ii|=0.0049059 max|U_ii|=111026 ratio=4.41868e-08 pivots<1e-12: 0
  [LU] n=2520 kutta=1 min|U_ii|=0.0445846 max|U_ii|=6061.07 ratio=7.3559e-06 pivots<1e-12: 0
  [LU] n=924 kutta=1 min|U_ii|=0.00354299 max|U_ii|=195565 ratio=1.81167e-08 pivots<1e-12: 0
  [LU] n=924 kutta=1 min|U_ii|=0.00354299 max|U_ii|=195565 ratio=1.81167e-08 pivots<1e-12: 0
  [LU] n=924 kutta=1 min|U_ii|=0.0049059 max|U_ii|=111026 ratio=4.41868e-08 pivots<1e-12: 0
  [LU] n=2520 kutta=1 min|U_ii|=0.0445846 max|U_ii|=6061.07 ratio=7.3559e-06 pivots<1e-12: 0
  [LU] n=924 kutta=1 min|U_ii|=0.00354299 max|U_ii|=195565 ratio=1.81167e-08 pivots<1e-12: 0
  [LU] n=924 kutta=1 min|U_ii|=0.00354299 max|U_ii|=195565 ratio=1.81167e-08 pivots<1e-12: 0
  [LU] n=924 kutta=1 min|U_ii|=0.0049059 max|U_ii|=111026 ratio=4.41868e-08 pivots<1e-12: 0
  [LU] n=2520 kutta=1 min|U_ii|=0.0445846 max|U_ii|=6061.07 ratio=7.3559e-06 pivots<1e-12: 0
  [LU] n=924 kutta=1 min|U_ii|=0.00354299 max|U_ii|=195565 ratio=1.81167e-08 pivots<1e-12: 0
  [LU] n=924 kutta=1 min|U_ii|=0.00354299 max|U_ii|=195565 ratio=1.81167e-08 pivots<1e-12: 0
  [LU] n=924 kutta=1 min|U_ii|=0.0049059 max|U_ii|=111026 ratio=4.41868e-08 pivots<1e-12: 0
  [LU] n=2520 kutta=1 min|U_ii|=0.0445846 max|U_ii|=6061.07 ratio=7.3559e-06 pivots<1e-12: 0
  [LU] n=924 kutta=1 min|U_ii|=0.00354299 max|U_ii|=195565 ratio=1.81167e-08 pivots<1e-12: 0
  [LU] n=924 kutta=1 min|U_ii|=0.00354299 max|U_ii|=195565 ratio=1.81167e-08 pivots<1e-12: 0
  [LU] n=924 kutta=1 min|U_ii|=0.0049059 max|U_ii|=111026 ratio=4.41868e-08 pivots<1e-12: 0
  [LU] n=2520 kutta=1 min|U_ii|=0.0445846 max|U_ii|=6061.07 ratio=7.3559e-06 pivots<1e-12: 0
  [LU] n=924 kutta=1 min|U_ii|=0.00354299 max|U_ii|=195565 ratio=1.81167e-08 pivots<1e-12: 0
  [LU] n=924 kutta=1 min|U_ii|=0.00354299 max|U_ii|=195565 ratio=1.81167e-08 pivots<1e-12: 0
  [LU] n=924 kutta=1 min|U_ii|=0.0049059 max|U_ii|=111026 ratio=4.41868e-08 pivots<1e-12: 0
  [LU] n=2520 kutta=1 min|U_ii|=0.0445846 max|U_ii|=6061.07 ratio=7.3559e-06 pivots<1e-12: 0
  [LU] n=924 kutta=1 min|U_ii|=0.00354299 max|U_ii|=195565 ratio=1.81167e-08 pivots<1e-12: 0
  [LU] n=924 kutta=1 min|U_ii|=0.00354299 max|U_ii|=195565 ratio=1.81167e-08 pivots<1e-12: 0
  [LU] n=924 kutta=1 min|U_ii|=0.0049059 max|U_ii|=111026 ratio=4.41868e-08 pivots<1e-12: 0
  [LU] n=2520 kutta=1 min|U_ii|=0.0445846 max|U_ii|=6061.07 ratio=7.3559e-06 pivots<1e-12: 0
  [LU] n=924 kutta=1 min|U_ii|=0.00354299 max|U_ii|=195565 ratio=1.81167e-08 pivots<1e-12: 0
  [LU] n=924 kutta=1 min|U_ii|=0.00354299 max|U_ii|=195565 ratio=1.81167e-08 pivots<1e-12: 0
  [LU] n=924 kutta=1 min|U_ii|=0.0049059 max|U_ii|=111026 ratio=4.41868e-08 pivots<1e-12: 0
  [LU] n=2520 kutta=1 min|U_ii|=0.0445846 max|U_ii|=6061.07 ratio=7.3559e-06 pivots<1e-12: 0
  [LU] n=924 kutta=1 min|U_ii|=0.00354299 max|U_ii|=195565 ratio=1.81167e-08 pivots<1e-12: 0
  [LU] n=924 kutta=1 min|U_ii|=0.00354299 max|U_ii|=195565 ratio=1.81167e-08 pivots<1e-12: 0
  [LU] n=924 kutta=1 min|U_ii|=0.0049059 max|U_ii|=111026 ratio=4.41868e-08 pivots<1e-12: 0
  [LU] n=2520 kutta=1 min|U_ii|=0.0445846 max|U_ii|=6061.07 ratio=7.3559e-06 pivots<1e-12: 0
  [LU] n=924 kutta=1 min|U_ii|=0.00354299 max|U_ii|=195565 ratio=1.81167e-08 pivots<1e-12: 0
  [LU] n=924 kutta=1 min|U_ii|=0.00354299 max|U_ii|=195565 ratio=1.81167e-08 pivots<1e-12: 0
  [LU] n=924 kutta=1 min|U_ii|=0.0049059 max|U_ii|=111026 ratio=4.41868e-08 pivots<1e-12: 0
  [LU] n=2520 kutta=1 min|U_ii|=0.0445846 max|U_ii|=6061.07 ratio=7.3559e-06 pivots<1e-12: 0
  [LU] n=924 kutta=1 min|U_ii|=0.00354299 max|U_ii|=195565 ratio=1.81167e-08 pivots<1e-12: 0
  [LU] n=924 kutta=1 min|U_ii|=0.00354299 max|U_ii|=195565 ratio=1.81167e-08 pivots<1e-12: 0
  [LU] n=924 kutta=1 min|U_ii|=0.0049059 max|U_ii|=111026 ratio=4.41868e-08 pivots<1e-12: 0
  [LU] n=2520 kutta=1 min|U_ii|=0.0445846 max|U_ii|=6061.07 ratio=7.3559e-06 pivots<1e-12: 0
  [LU] n=924 kutta=1 min|U_ii|=0.00354299 max|U_ii|=195565 ratio=1.81167e-08 pivots<1e-12: 0
  [LU] n=924 kutta=1 min|U_ii|=0.00354299 max|U_ii|=195565 ratio=1.81167e-08 pivots<1e-12: 0
  [LU] n=924 kutta=1 min|U_ii|=0.0049059 max|U_ii|=111026 ratio=4.41868e-08 pivots<1e-12: 0
  [LU] n=2520 kutta=1 min|U_ii|=0.0445846 max|U_ii|=6061.07 ratio=7.3559e-06 pivots<1e-12: 0
  [LU] n=924 kutta=1 min|U_ii|=0.00354299 max|U_ii|=195565 ratio=1.81167e-08 pivots<1e-12: 0
  [LU] n=924 kutta=1 min|U_ii|=0.00354299 max|U_ii|=195565 ratio=1.81167e-08 pivots<1e-12: 0
  [LU] n=924 kutta=1 min|U_ii|=0.0049059 max|U_ii|=111026 ratio=4.41868e-08 pivots<1e-12: 0
  [LU] n=2520 kutta=1 min|U_ii|=0.0445846 max|U_ii|=6061.07 ratio=7.3559e-06 pivots<1e-12: 0
  [LU] n=924 kutta=1 min|U_ii|=0.00354299 max|U_ii|=195565 ratio=1.81167e-08 pivots<1e-12: 0
  [LU] n=924 kutta=1 min|U_ii|=0.00354299 max|U_ii|=195565 ratio=1.81167e-08 pivots<1e-12: 0
  [LU] n=924 kutta=1 min|U_ii|=0.0049059 max|U_ii|=111026 ratio=4.41868e-08 pivots<1e-12: 0
  [LU] n=2520 kutta=1 min|U_ii|=0.0445846 max|U_ii|=6061.07 ratio=7.3559e-06 pivots<1e-12: 0
  [LU] n=924 kutta=1 min|U_ii|=0.00354299 max|U_ii|=195565 ratio=1.81167e-08 pivots<1e-12: 0
  [LU] n=924 kutta=1 min|U_ii|=0.00354299 max|U_ii|=195565 ratio=1.81167e-08 pivots<1e-12: 0
  [LU] n=924 kutta=1 min|U_ii|=0.0049059 max|U_ii|=111026 ratio=4.41868e-08 pivots<1e-12: 0
  [LU] n=2520 kutta=1 min|U_ii|=0.0445846 max|U_ii|=6061.07 ratio=7.3559e-06 pivots<1e-12: 0
  [LU] n=924 kutta=1 min|U_ii|=0.00354299 max|U_ii|=195565 ratio=1.81167e-08 pivots<1e-12: 0
  [LU] n=924 kutta=1 min|U_ii|=0.00354299 max|U_ii|=195565 ratio=1.81167e-08 pivots<1e-12: 0
  [LU] n=924 kutta=1 min|U_ii|=0.0049059 max|U_ii|=111026 ratio=4.41868e-08 pivots<1e-12: 0
  [LU] n=2520 kutta=1 min|U_ii|=0.0445846 max|U_ii|=6061.07 ratio=7.3559e-06 pivots<1e-12: 0
  [LU] n=924 kutta=1 min|U_ii|=0.00354299 max|U_ii|=195565 ratio=1.81167e-08 pivots<1e-12: 0
  [LU] n=924 kutta=1 min|U_ii|=0.00354299 max|U_ii|=195565 ratio=1.81167e-08 pivots<1e-12: 0
  [LU] n=924 kutta=1 min|U_ii|=0.0049059 max|U_ii|=111026 ratio=4.41868e-08 pivots<1e-12: 0
  [LU] n=2520 kutta=1 min|U_ii|=0.0445846 max|U_ii|=6061.07 ratio=7.3559e-06 pivots<1e-12: 0
  [LU] n=924 kutta=1 min|U_ii|=0.00354299 max|U_ii|=195565 ratio=1.81167e-08 pivots<1e-12: 0
  [LU] n=924 kutta=1 min|U_ii|=0.00354299 max|U_ii|=195565 ratio=1.81167e-08 pivots<1e-12: 0
  [LU] n=924 kutta=1 min|U_ii|=0.0049059 max|U_ii|=111026 ratio=4.41868e-08 pivots<1e-12: 0
  [LU] n=2520 kutta=1 min|U_ii|=0.0445846 max|U_ii|=6061.07 ratio=7.3559e-06 pivots<1e-12: 0
  [LU] n=924 kutta=1 min|U_ii|=0.00354299 max|U_ii|=195565 ratio=1.81167e-08 pivots<1e-12: 0
  [LU] n=924 kutta=1 min|U_ii|=0.00354299 max|U_ii|=195565 ratio=1.81167e-08 pivots<1e-12: 0
  [LU] n=924 kutta=1 min|U_ii|=0.0049059 max|U_ii|=111026 ratio=4.41868e-08 pivots<1e-12: 0
  [LU] n=2520 kutta=1 min|U_ii|=0.0445846 max|U_ii|=6061.07 ratio=7.3559e-06 pivots<1e-12: 0
  [LU] n=924 kutta=1 min|U_ii|=0.00354299 max|U_ii|=195565 ratio=1.81167e-08 pivots<1e-12: 0
  [LU] n=924 kutta=1 min|U_ii|=0.00354299 max|U_ii|=195565 ratio=1.81167e-08 pivots<1e-12: 0
  [LU] n=924 kutta=1 min|U_ii|=0.0049059 max|U_ii|=111026 ratio=4.41868e-08 pivots<1e-12: 0
  [LU] n=2520 kutta=1 min|U_ii|=0.0445846 max|U_ii|=6061.07 ratio=7.3559e-06 pivots<1e-12: 0
  [LU] n=924 kutta=1 min|U_ii|=0.00354299 max|U_ii|=195565 ratio=1.81167e-08 pivots<1e-12: 0
  [LU] n=924 kutta=1 min|U_ii|=0.00354299 max|U_ii|=195565 ratio=1.81167e-08 pivots<1e-12: 0
  [LU] n=924 kutta=1 min|U_ii|=0.0049059 max|U_ii|=111026 ratio=4.41868e-08 pivots<1e-12: 0
  [LU] n=2520 kutta=1 min|U_ii|=0.0445846 max|U_ii|=6061.07 ratio=7.3559e-06 pivots<1e-12: 0
  [LU] n=924 kutta=1 min|U_ii|=0.00354299 max|U_ii|=195565 ratio=1.81167e-08 pivots<1e-12: 0
  [LU] n=924 kutta=1 min|U_ii|=0.00354299 max|U_ii|=195565 ratio=1.81167e-08 pivots<1e-12: 0
  [LU] n=924 kutta=1 min|U_ii|=0.0049059 max|U_ii|=111026 ratio=4.41868e-08 pivots<1e-12: 0
  [LU] n=2520 kutta=1 min|U_ii|=0.0445846 max|U_ii|=6061.07 ratio=7.3559e-06 pivots<1e-12: 0
  [LU] n=924 kutta=1 min|U_ii|=0.00354299 max|U_ii|=195565 ratio=1.81167e-08 pivots<1e-12: 0
  [LU] n=924 kutta=1 min|U_ii|=0.00354299 max|U_ii|=195565 ratio=1.81167e-08 pivots<1e-12: 0
  [LU] n=924 kutta=1 min|U_ii|=0.0049059 max|U_ii|=111026 ratio=4.41868e-08 pivots<1e-12: 0
  [LU] n=2520 kutta=1 min|U_ii|=0.0445846 max|U_ii|=6061.07 ratio=7.3559e-06 pivots<1e-12: 0
  [LU] n=924 kutta=1 min|U_ii|=0.00354299 max|U_ii|=195565 ratio=1.81167e-08 pivots<1e-12: 0
  [LU] n=924 kutta=1 min|U_ii|=0.00354299 max|U_ii|=195565 ratio=1.81167e-08 pivots<1e-12: 0
  [LU] n=924 kutta=1 min|U_ii|=0.0049059 max|U_ii|=111026 ratio=4.41868e-08 pivots<1e-12: 0
  [LU] n=2520 kutta=1 min|U_ii|=0.0445846 max|U_ii|=6061.07 ratio=7.3559e-06 pivots<1e-12: 0
  [LU] n=924 kutta=1 min|U_ii|=0.00354299 max|U_ii|=195565 ratio=1.81167e-08 pivots<1e-12: 0
  [LU] n=924 kutta=1 min|U_ii|=0.00354299 max|U_ii|=195565 ratio=1.81167e-08 pivots<1e-12: 0
  [LU] n=924 kutta=1 min|U_ii|=0.0049059 max|U_ii|=111026 ratio=4.41868e-08 pivots<1e-12: 0
  [LU] n=2520 kutta=1 min|U_ii|=0.0445846 max|U_ii|=6061.07 ratio=7.3559e-06 pivots<1e-12: 0
  [LU] n=924 kutta=1 min|U_ii|=0.00354299 max|U_ii|=195565 ratio=1.81167e-08 pivots<1e-12: 0
  [LU] n=924 kutta=1 min|U_ii|=0.00354299 max|U_ii|=195565 ratio=1.81167e-08 pivots<1e-12: 0
  [LU] n=924 kutta=1 min|U_ii|=0.0049059 max|U_ii|=111026 ratio=4.41868e-08 pivots<1e-12: 0
  [LU] n=2520 kutta=1 min|U_ii|=0.0445846 max|U_ii|=6061.07 ratio=7.3559e-06 pivots<1e-12: 0
  [LU] n=924 kutta=1 min|U_ii|=0.00354299 max|U_ii|=195565 ratio=1.81167e-08 pivots<1e-12: 0
  [LU] n=924 kutta=1 min|U_ii|=0.00354299 max|U_ii|=195565 ratio=1.81167e-08 pivots<1e-12: 0
  [LU] n=924 kutta=1 min|U_ii|=0.0049059 max|U_ii|=111026 ratio=4.41868e-08 pivots<1e-12: 0
  [LU] n=2520 kutta=1 min|U_ii|=0.0445846 max|U_ii|=6061.07 ratio=7.3559e-06 pivots<1e-12: 0
  [LU] n=924 kutta=1 min|U_ii|=0.00354299 max|U_ii|=195565 ratio=1.81167e-08 pivots<1e-12: 0
  [LU] n=924 kutta=1 min|U_ii|=0.00354299 max|U_ii|=195565 ratio=1.81167e-08 pivots<1e-12: 0
  [LU] n=924 kutta=1 min|U_ii|=0.0049059 max|U_ii|=111026 ratio=4.41868e-08 pivots<1e-12: 0
  [LU] n=2520 kutta=1 min|U_ii|=0.0445846 max|U_ii|=6061.07 ratio=7.3559e-06 pivots<1e-12: 0
  [LU] n=924 kutta=1 min|U_ii|=0.00354299 max|U_ii|=195565 ratio=1.81167e-08 pivots<1e-12: 0
  [LU] n=924 kutta=1 min|U_ii|=0.00354299 max|U_ii|=195565 ratio=1.81167e-08 pivots<1e-12: 0
  [LU] n=924 kutta=1 min|U_ii|=0.0049059 max|U_ii|=111026 ratio=4.41868e-08 pivots<1e-12: 0
  [LU] n=2520 kutta=1 min|U_ii|=0.0445846 max|U_ii|=6061.07 ratio=7.3559e-06 pivots<1e-12: 0
  [LU] n=924 kutta=1 min|U_ii|=0.00354299 max|U_ii|=195565 ratio=1.81167e-08 pivots<1e-12: 0
  [LU] n=924 kutta=1 min|U_ii|=0.00354299 max|U_ii|=195565 ratio=1.81167e-08 pivots<1e-12: 0
  [LU] n=924 kutta=1 min|U_ii|=0.0049059 max|U_ii|=111026 ratio=4.41868e-08 pivots<1e-12: 0
  [LU] n=2520 kutta=1 min|U_ii|=0.0445846 max|U_ii|=6061.07 ratio=7.3559e-06 pivots<1e-12: 0
  [LU] n=924 kutta=1 min|U_ii|=0.00354299 max|U_ii|=195565 ratio=1.81167e-08 pivots<1e-12: 0
  [LU] n=924 kutta=1 min|U_ii|=0.00354299 max|U_ii|=195565 ratio=1.81167e-08 pivots<1e-12: 0
  [LU] n=924 kutta=1 min|U_ii|=0.0049059 max|U_ii|=111026 ratio=4.41868e-08 pivots<1e-12: 0
  [LU] n=2520 kutta=1 min|U_ii|=0.0445846 max|U_ii|=6061.07 ratio=7.3559e-06 pivots<1e-12: 0
  [LU] n=924 kutta=1 min|U_ii|=0.00354299 max|U_ii|=195565 ratio=1.81167e-08 pivots<1e-12: 0
  rotor 0 hs3d: jump/seed=1  spans_with_pairs=40  max|mu|=591  kutta_rows=80  max_kutta_residual=2.08e-09  sum|te_jump|=53.5  [kutta on]
  [LU] n=924 kutta=1 min|U_ii|=0.00354299 max|U_ii|=195565 ratio=1.81167e-08 pivots<1e-12: 0
  rotor 1 hs3d: jump/seed=1  spans_with_pairs=40  max|mu|=592  kutta_rows=80  max_kutta_residual=2.24e-09  sum|te_jump|=45.8  [kutta on]
  [LU] n=924 kutta=1 min|U_ii|=0.0049059 max|U_ii|=111026 ratio=4.41868e-08 pivots<1e-12: 0
  rotor 2 hs3d: jump/seed=1  spans_with_pairs=40  max|mu|=399  kutta_rows=80  max_kutta_residual=2.13e-09  sum|te_jump|=37  [kutta on]
  [LU] n=2520 kutta=1 min|U_ii|=0.0445846 max|U_ii|=6061.07 ratio=7.3559e-06 pivots<1e-12: 0
  [LU] n=924 kutta=1 min|U_ii|=0.00354299 max|U_ii|=195565 ratio=1.81167e-08 pivots<1e-12: 0
  [LU] n=924 kutta=1 min|U_ii|=0.00354299 max|U_ii|=195565 ratio=1.81167e-08 pivots<1e-12: 0
  [LU] n=924 kutta=1 min|U_ii|=0.0049059 max|U_ii|=111026 ratio=4.41868e-08 pivots<1e-12: 0
  [LU] n=2520 kutta=1 min|U_ii|=0.0445846 max|U_ii|=6061.07 ratio=7.3559e-06 pivots<1e-12: 0
  fuselage: panels=3280 max_neumann_residual=3.1e-13
  body Fz: inst=-3.59 quasi-steady=-3.59 | 162-step mean=-1.08 (qs -1.08)
  wing: F=(6.09, -0.22, -19.9) N  Mx=1.81 Nm  max|mu|=354  max_vsurf=0 m/s  strips=19
  fuselage hs3d: F=(-5.56e+03, -1.29e+03, 7.04e+03) N  Mx=-7.82e+03 Nm  max|mu|=32.1  max_vsurf=1.94e+04 m/s
step=700 particles=119168 total_thrust_N=35.9 total_torque_Nm=0.275
  timing after step 700 (cumulative s, % of loop):
    rotor panels + wake->panel vel         37.93 s     4.7 %
    wake->fuselage vel                     27.06 s     3.3 %
    panel assemble + dense solve          111.65 s    13.7 %
    strip polar loads                       0.33 s     0.0 %
    rotor rings->fuselage vel               9.32 s     1.1 %
    fuselage source self (vel+phi)         89.41 s    11.0 %
    fuselage->rotor vel                     3.64 s     0.4 %
    ring d(phi)/dt                          7.39 s     0.9 %
    TE particle emission                    0.35 s     0.0 %
    wake advect (RK4)                     479.86 s    59.1 %
    fuselage blockage on particles          8.61 s     1.1 %
    wake age trim                           5.44 s     0.7 %
    VTK / Q-criterion output               20.48 s     2.5 %
    unattributed (host bookkeeping)        10.65 s     1.3 %
    TOTAL loop                            812.12 s  (1.159 s/step avg)
  [LU] n=924 kutta=1 min|U_ii|=0.00354299 max|U_ii|=195565 ratio=1.81167e-08 pivots<1e-12: 0
  [LU] n=924 kutta=1 min|U_ii|=0.00354299 max|U_ii|=195565 ratio=1.81167e-08 pivots<1e-12: 0
  [LU] n=924 kutta=1 min|U_ii|=0.0049059 max|U_ii|=111026 ratio=4.41868e-08 pivots<1e-12: 0
  [LU] n=2520 kutta=1 min|U_ii|=0.0445846 max|U_ii|=6061.07 ratio=7.3559e-06 pivots<1e-12: 0
  [LU] n=924 kutta=1 min|U_ii|=0.00354299 max|U_ii|=195565 ratio=1.81167e-08 pivots<1e-12: 0
  [LU] n=924 kutta=1 min|U_ii|=0.00354299 max|U_ii|=195565 ratio=1.81167e-08 pivots<1e-12: 0
  [LU] n=924 kutta=1 min|U_ii|=0.0049059 max|U_ii|=111026 ratio=4.41868e-08 pivots<1e-12: 0
  [LU] n=2520 kutta=1 min|U_ii|=0.0445846 max|U_ii|=6061.07 ratio=7.3559e-06 pivots<1e-12: 0
  [LU] n=924 kutta=1 min|U_ii|=0.00354299 max|U_ii|=195565 ratio=1.81167e-08 pivots<1e-12: 0
  [LU] n=924 kutta=1 min|U_ii|=0.00354299 max|U_ii|=195565 ratio=1.81167e-08 pivots<1e-12: 0
  [LU] n=924 kutta=1 min|U_ii|=0.0049059 max|U_ii|=111026 ratio=4.41868e-08 pivots<1e-12: 0
  [LU] n=2520 kutta=1 min|U_ii|=0.0445846 max|U_ii|=6061.07 ratio=7.3559e-06 pivots<1e-12: 0
  [LU] n=924 kutta=1 min|U_ii|=0.00354299 max|U_ii|=195565 ratio=1.81167e-08 pivots<1e-12: 0
  [LU] n=924 kutta=1 min|U_ii|=0.00354299 max|U_ii|=195565 ratio=1.81167e-08 pivots<1e-12: 0
  [LU] n=924 kutta=1 min|U_ii|=0.0049059 max|U_ii|=111026 ratio=4.41868e-08 pivots<1e-12: 0
  [LU] n=2520 kutta=1 min|U_ii|=0.0445846 max|U_ii|=6061.07 ratio=7.3559e-06 pivots<1e-12: 0
  [LU] n=924 kutta=1 min|U_ii|=0.00354299 max|U_ii|=195565 ratio=1.81167e-08 pivots<1e-12: 0
  [LU] n=924 kutta=1 min|U_ii|=0.00354299 max|U_ii|=195565 ratio=1.81167e-08 pivots<1e-12: 0
  [LU] n=924 kutta=1 min|U_ii|=0.0049059 max|U_ii|=111026 ratio=4.41868e-08 pivots<1e-12: 0
  [LU] n=2520 kutta=1 min|U_ii|=0.0445846 max|U_ii|=6061.07 ratio=7.3559e-06 pivots<1e-12: 0
  [LU] n=924 kutta=1 min|U_ii|=0.00354299 max|U_ii|=195565 ratio=1.81167e-08 pivots<1e-12: 0
  [LU] n=924 kutta=1 min|U_ii|=0.00354299 max|U_ii|=195565 ratio=1.81167e-08 pivots<1e-12: 0
  [LU] n=924 kutta=1 min|U_ii|=0.0049059 max|U_ii|=111026 ratio=4.41868e-08 pivots<1e-12: 0
  [LU] n=2520 kutta=1 min|U_ii|=0.0445846 max|U_ii|=6061.07 ratio=7.3559e-06 pivots<1e-12: 0
  [LU] n=924 kutta=1 min|U_ii|=0.00354299 max|U_ii|=195565 ratio=1.81167e-08 pivots<1e-12: 0
  [LU] n=924 kutta=1 min|U_ii|=0.00354299 max|U_ii|=195565 ratio=1.81167e-08 pivots<1e-12: 0
  [LU] n=924 kutta=1 min|U_ii|=0.0049059 max|U_ii|=111026 ratio=4.41868e-08 pivots<1e-12: 0
  [LU] n=2520 kutta=1 min|U_ii|=0.0445846 max|U_ii|=6061.07 ratio=7.3559e-06 pivots<1e-12: 0
  [LU] n=924 kutta=1 min|U_ii|=0.00354299 max|U_ii|=195565 ratio=1.81167e-08 pivots<1e-12: 0
  [LU] n=924 kutta=1 min|U_ii|=0.00354299 max|U_ii|=195565 ratio=1.81167e-08 pivots<1e-12: 0
  [LU] n=924 kutta=1 min|U_ii|=0.0049059 max|U_ii|=111026 ratio=4.41868e-08 pivots<1e-12: 0
  [LU] n=2520 kutta=1 min|U_ii|=0.0445846 max|U_ii|=6061.07 ratio=7.3559e-06 pivots<1e-12: 0
  [LU] n=924 kutta=1 min|U_ii|=0.00354299 max|U_ii|=195565 ratio=1.81167e-08 pivots<1e-12: 0
  [LU] n=924 kutta=1 min|U_ii|=0.00354299 max|U_ii|=195565 ratio=1.81167e-08 pivots<1e-12: 0
  [LU] n=924 kutta=1 min|U_ii|=0.0049059 max|U_ii|=111026 ratio=4.41868e-08 pivots<1e-12: 0
  [LU] n=2520 kutta=1 min|U_ii|=0.0445846 max|U_ii|=6061.07 ratio=7.3559e-06 pivots<1e-12: 0
  [LU] n=924 kutta=1 min|U_ii|=0.00354299 max|U_ii|=195565 ratio=1.81167e-08 pivots<1e-12: 0
  [LU] n=924 kutta=1 min|U_ii|=0.00354299 max|U_ii|=195565 ratio=1.81167e-08 pivots<1e-12: 0
  [LU] n=924 kutta=1 min|U_ii|=0.0049059 max|U_ii|=111026 ratio=4.41868e-08 pivots<1e-12: 0
  [LU] n=2520 kutta=1 min|U_ii|=0.0445846 max|U_ii|=6061.07 ratio=7.3559e-06 pivots<1e-12: 0
  [LU] n=924 kutta=1 min|U_ii|=0.00354299 max|U_ii|=195565 ratio=1.81167e-08 pivots<1e-12: 0
  [LU] n=924 kutta=1 min|U_ii|=0.00354299 max|U_ii|=195565 ratio=1.81167e-08 pivots<1e-12: 0
  [LU] n=924 kutta=1 min|U_ii|=0.0049059 max|U_ii|=111026 ratio=4.41868e-08 pivots<1e-12: 0
  [LU] n=2520 kutta=1 min|U_ii|=0.0445846 max|U_ii|=6061.07 ratio=7.3559e-06 pivots<1e-12: 0
  [LU] n=924 kutta=1 min|U_ii|=0.00354299 max|U_ii|=195565 ratio=1.81167e-08 pivots<1e-12: 0
  [LU] n=924 kutta=1 min|U_ii|=0.00354299 max|U_ii|=195565 ratio=1.81167e-08 pivots<1e-12: 0
  [LU] n=924 kutta=1 min|U_ii|=0.0049059 max|U_ii|=111026 ratio=4.41868e-08 pivots<1e-12: 0
  [LU] n=2520 kutta=1 min|U_ii|=0.0445846 max|U_ii|=6061.07 ratio=7.3559e-06 pivots<1e-12: 0
  [LU] n=924 kutta=1 min|U_ii|=0.00354299 max|U_ii|=195565 ratio=1.81167e-08 pivots<1e-12: 0
  [LU] n=924 kutta=1 min|U_ii|=0.00354299 max|U_ii|=195565 ratio=1.81167e-08 pivots<1e-12: 0
  [LU] n=924 kutta=1 min|U_ii|=0.0049059 max|U_ii|=111026 ratio=4.41868e-08 pivots<1e-12: 0
  [LU] n=2520 kutta=1 min|U_ii|=0.0445846 max|U_ii|=6061.07 ratio=7.3559e-06 pivots<1e-12: 0
  [LU] n=924 kutta=1 min|U_ii|=0.00354299 max|U_ii|=195565 ratio=1.81167e-08 pivots<1e-12: 0
  [LU] n=924 kutta=1 min|U_ii|=0.00354299 max|U_ii|=195565 ratio=1.81167e-08 pivots<1e-12: 0
  [LU] n=924 kutta=1 min|U_ii|=0.0049059 max|U_ii|=111026 ratio=4.41868e-08 pivots<1e-12: 0
  [LU] n=2520 kutta=1 min|U_ii|=0.0445846 max|U_ii|=6061.07 ratio=7.3559e-06 pivots<1e-12: 0
  [LU] n=924 kutta=1 min|U_ii|=0.00354299 max|U_ii|=195565 ratio=1.81167e-08 pivots<1e-12: 0
  [LU] n=924 kutta=1 min|U_ii|=0.00354299 max|U_ii|=195565 ratio=1.81167e-08 pivots<1e-12: 0
  [LU] n=924 kutta=1 min|U_ii|=0.0049059 max|U_ii|=111026 ratio=4.41868e-08 pivots<1e-12: 0
  [LU] n=2520 kutta=1 min|U_ii|=0.0445846 max|U_ii|=6061.07 ratio=7.3559e-06 pivots<1e-12: 0
  [LU] n=924 kutta=1 min|U_ii|=0.00354299 max|U_ii|=195565 ratio=1.81167e-08 pivots<1e-12: 0
  [LU] n=924 kutta=1 min|U_ii|=0.00354299 max|U_ii|=195565 ratio=1.81167e-08 pivots<1e-12: 0
  [LU] n=924 kutta=1 min|U_ii|=0.0049059 max|U_ii|=111026 ratio=4.41868e-08 pivots<1e-12: 0
  [LU] n=2520 kutta=1 min|U_ii|=0.0445846 max|U_ii|=6061.07 ratio=7.3559e-06 pivots<1e-12: 0
  [LU] n=924 kutta=1 min|U_ii|=0.00354299 max|U_ii|=195565 ratio=1.81167e-08 pivots<1e-12: 0
  [LU] n=924 kutta=1 min|U_ii|=0.00354299 max|U_ii|=195565 ratio=1.81167e-08 pivots<1e-12: 0
  [LU] n=924 kutta=1 min|U_ii|=0.0049059 max|U_ii|=111026 ratio=4.41868e-08 pivots<1e-12: 0
  [LU] n=2520 kutta=1 min|U_ii|=0.0445846 max|U_ii|=6061.07 ratio=7.3559e-06 pivots<1e-12: 0
  [LU] n=924 kutta=1 min|U_ii|=0.00354299 max|U_ii|=195565 ratio=1.81167e-08 pivots<1e-12: 0
  [LU] n=924 kutta=1 min|U_ii|=0.00354299 max|U_ii|=195565 ratio=1.81167e-08 pivots<1e-12: 0
  [LU] n=924 kutta=1 min|U_ii|=0.0049059 max|U_ii|=111026 ratio=4.41868e-08 pivots<1e-12: 0
  [LU] n=2520 kutta=1 min|U_ii|=0.0445846 max|U_ii|=6061.07 ratio=7.3559e-06 pivots<1e-12: 0
  [LU] n=924 kutta=1 min|U_ii|=0.00354299 max|U_ii|=195565 ratio=1.81167e-08 pivots<1e-12: 0
  [LU] n=924 kutta=1 min|U_ii|=0.00354299 max|U_ii|=195565 ratio=1.81167e-08 pivots<1e-12: 0
  [LU] n=924 kutta=1 min|U_ii|=0.0049059 max|U_ii|=111026 ratio=4.41868e-08 pivots<1e-12: 0
  [LU] n=2520 kutta=1 min|U_ii|=0.0445846 max|U_ii|=6061.07 ratio=7.3559e-06 pivots<1e-12: 0
  [LU] n=924 kutta=1 min|U_ii|=0.00354299 max|U_ii|=195565 ratio=1.81167e-08 pivots<1e-12: 0
  [LU] n=924 kutta=1 min|U_ii|=0.00354299 max|U_ii|=195565 ratio=1.81167e-08 pivots<1e-12: 0
  [LU] n=924 kutta=1 min|U_ii|=0.0049059 max|U_ii|=111026 ratio=4.41868e-08 pivots<1e-12: 0
  [LU] n=2520 kutta=1 min|U_ii|=0.0445846 max|U_ii|=6061.07 ratio=7.3559e-06 pivots<1e-12: 0
  [LU] n=924 kutta=1 min|U_ii|=0.00354299 max|U_ii|=195565 ratio=1.81167e-08 pivots<1e-12: 0
  [LU] n=924 kutta=1 min|U_ii|=0.00354299 max|U_ii|=195565 ratio=1.81167e-08 pivots<1e-12: 0
  [LU] n=924 kutta=1 min|U_ii|=0.0049059 max|U_ii|=111026 ratio=4.41868e-08 pivots<1e-12: 0
  [LU] n=2520 kutta=1 min|U_ii|=0.0445846 max|U_ii|=6061.07 ratio=7.3559e-06 pivots<1e-12: 0
  [LU] n=924 kutta=1 min|U_ii|=0.00354299 max|U_ii|=195565 ratio=1.81167e-08 pivots<1e-12: 0
  [LU] n=924 kutta=1 min|U_ii|=0.00354299 max|U_ii|=195565 ratio=1.81167e-08 pivots<1e-12: 0
  [LU] n=924 kutta=1 min|U_ii|=0.0049059 max|U_ii|=111026 ratio=4.41868e-08 pivots<1e-12: 0
  [LU] n=2520 kutta=1 min|U_ii|=0.0445846 max|U_ii|=6061.07 ratio=7.3559e-06 pivots<1e-12: 0
  [LU] n=924 kutta=1 min|U_ii|=0.00354299 max|U_ii|=195565 ratio=1.81167e-08 pivots<1e-12: 0
  [LU] n=924 kutta=1 min|U_ii|=0.00354299 max|U_ii|=195565 ratio=1.81167e-08 pivots<1e-12: 0
  [LU] n=924 kutta=1 min|U_ii|=0.0049059 max|U_ii|=111026 ratio=4.41868e-08 pivots<1e-12: 0
  [LU] n=2520 kutta=1 min|U_ii|=0.0445846 max|U_ii|=6061.07 ratio=7.3559e-06 pivots<1e-12: 0
  [LU] n=924 kutta=1 min|U_ii|=0.00354299 max|U_ii|=195565 ratio=1.81167e-08 pivots<1e-12: 0
  [LU] n=924 kutta=1 min|U_ii|=0.00354299 max|U_ii|=195565 ratio=1.81167e-08 pivots<1e-12: 0
  [LU] n=924 kutta=1 min|U_ii|=0.0049059 max|U_ii|=111026 ratio=4.41868e-08 pivots<1e-12: 0
  [LU] n=2520 kutta=1 min|U_ii|=0.0445846 max|U_ii|=6061.07 ratio=7.3559e-06 pivots<1e-12: 0
  [LU] n=924 kutta=1 min|U_ii|=0.00354299 max|U_ii|=195565 ratio=1.81167e-08 pivots<1e-12: 0
  [LU] n=924 kutta=1 min|U_ii|=0.00354299 max|U_ii|=195565 ratio=1.81167e-08 pivots<1e-12: 0
  [LU] n=924 kutta=1 min|U_ii|=0.0049059 max|U_ii|=111026 ratio=4.41868e-08 pivots<1e-12: 0
  [LU] n=2520 kutta=1 min|U_ii|=0.0445846 max|U_ii|=6061.07 ratio=7.3559e-06 pivots<1e-12: 0
  [LU] n=924 kutta=1 min|U_ii|=0.00354299 max|U_ii|=195565 ratio=1.81167e-08 pivots<1e-12: 0
  [LU] n=924 kutta=1 min|U_ii|=0.00354299 max|U_ii|=195565 ratio=1.81167e-08 pivots<1e-12: 0
  [LU] n=924 kutta=1 min|U_ii|=0.0049059 max|U_ii|=111026 ratio=4.41868e-08 pivots<1e-12: 0
  [LU] n=2520 kutta=1 min|U_ii|=0.0445846 max|U_ii|=6061.07 ratio=7.3559e-06 pivots<1e-12: 0
  [LU] n=924 kutta=1 min|U_ii|=0.00354299 max|U_ii|=195565 ratio=1.81167e-08 pivots<1e-12: 0
  [LU] n=924 kutta=1 min|U_ii|=0.00354299 max|U_ii|=195565 ratio=1.81167e-08 pivots<1e-12: 0
  [LU] n=924 kutta=1 min|U_ii|=0.0049059 max|U_ii|=111026 ratio=4.41868e-08 pivots<1e-12: 0
  [LU] n=2520 kutta=1 min|U_ii|=0.0445846 max|U_ii|=6061.07 ratio=7.3559e-06 pivots<1e-12: 0
  [LU] n=924 kutta=1 min|U_ii|=0.00354299 max|U_ii|=195565 ratio=1.81167e-08 pivots<1e-12: 0
  [LU] n=924 kutta=1 min|U_ii|=0.00354299 max|U_ii|=195565 ratio=1.81167e-08 pivots<1e-12: 0
  [LU] n=924 kutta=1 min|U_ii|=0.0049059 max|U_ii|=111026 ratio=4.41868e-08 pivots<1e-12: 0
  [LU] n=2520 kutta=1 min|U_ii|=0.0445846 max|U_ii|=6061.07 ratio=7.3559e-06 pivots<1e-12: 0
  [LU] n=924 kutta=1 min|U_ii|=0.00354299 max|U_ii|=195565 ratio=1.81167e-08 pivots<1e-12: 0
  [LU] n=924 kutta=1 min|U_ii|=0.00354299 max|U_ii|=195565 ratio=1.81167e-08 pivots<1e-12: 0
  [LU] n=924 kutta=1 min|U_ii|=0.0049059 max|U_ii|=111026 ratio=4.41868e-08 pivots<1e-12: 0
  [LU] n=2520 kutta=1 min|U_ii|=0.0445846 max|U_ii|=6061.07 ratio=7.3559e-06 pivots<1e-12: 0
  [LU] n=924 kutta=1 min|U_ii|=0.00354299 max|U_ii|=195565 ratio=1.81167e-08 pivots<1e-12: 0
  [LU] n=924 kutta=1 min|U_ii|=0.00354299 max|U_ii|=195565 ratio=1.81167e-08 pivots<1e-12: 0
  [LU] n=924 kutta=1 min|U_ii|=0.0049059 max|U_ii|=111026 ratio=4.41868e-08 pivots<1e-12: 0
  [LU] n=2520 kutta=1 min|U_ii|=0.0445846 max|U_ii|=6061.07 ratio=7.3559e-06 pivots<1e-12: 0
  [LU] n=924 kutta=1 min|U_ii|=0.00354299 max|U_ii|=195565 ratio=1.81167e-08 pivots<1e-12: 0
  [LU] n=924 kutta=1 min|U_ii|=0.00354299 max|U_ii|=195565 ratio=1.81167e-08 pivots<1e-12: 0
  [LU] n=924 kutta=1 min|U_ii|=0.0049059 max|U_ii|=111026 ratio=4.41868e-08 pivots<1e-12: 0
  [LU] n=2520 kutta=1 min|U_ii|=0.0445846 max|U_ii|=6061.07 ratio=7.3559e-06 pivots<1e-12: 0
  [LU] n=924 kutta=1 min|U_ii|=0.00354299 max|U_ii|=195565 ratio=1.81167e-08 pivots<1e-12: 0
  [LU] n=924 kutta=1 min|U_ii|=0.00354299 max|U_ii|=195565 ratio=1.81167e-08 pivots<1e-12: 0
  [LU] n=924 kutta=1 min|U_ii|=0.0049059 max|U_ii|=111026 ratio=4.41868e-08 pivots<1e-12: 0
  [LU] n=2520 kutta=1 min|U_ii|=0.0445846 max|U_ii|=6061.07 ratio=7.3559e-06 pivots<1e-12: 0
  [LU] n=924 kutta=1 min|U_ii|=0.00354299 max|U_ii|=195565 ratio=1.81167e-08 pivots<1e-12: 0
  [LU] n=924 kutta=1 min|U_ii|=0.00354299 max|U_ii|=195565 ratio=1.81167e-08 pivots<1e-12: 0
  [LU] n=924 kutta=1 min|U_ii|=0.0049059 max|U_ii|=111026 ratio=4.41868e-08 pivots<1e-12: 0
  [LU] n=2520 kutta=1 min|U_ii|=0.0445846 max|U_ii|=6061.07 ratio=7.3559e-06 pivots<1e-12: 0
  [LU] n=924 kutta=1 min|U_ii|=0.00354299 max|U_ii|=195565 ratio=1.81167e-08 pivots<1e-12: 0
  [LU] n=924 kutta=1 min|U_ii|=0.00354299 max|U_ii|=195565 ratio=1.81167e-08 pivots<1e-12: 0
  [LU] n=924 kutta=1 min|U_ii|=0.0049059 max|U_ii|=111026 ratio=4.41868e-08 pivots<1e-12: 0
  [LU] n=2520 kutta=1 min|U_ii|=0.0445846 max|U_ii|=6061.07 ratio=7.3559e-06 pivots<1e-12: 0
  [LU] n=924 kutta=1 min|U_ii|=0.00354299 max|U_ii|=195565 ratio=1.81167e-08 pivots<1e-12: 0
  [LU] n=924 kutta=1 min|U_ii|=0.00354299 max|U_ii|=195565 ratio=1.81167e-08 pivots<1e-12: 0
  [LU] n=924 kutta=1 min|U_ii|=0.0049059 max|U_ii|=111026 ratio=4.41868e-08 pivots<1e-12: 0
  [LU] n=2520 kutta=1 min|U_ii|=0.0445846 max|U_ii|=6061.07 ratio=7.3559e-06 pivots<1e-12: 0
  [LU] n=924 kutta=1 min|U_ii|=0.00354299 max|U_ii|=195565 ratio=1.81167e-08 pivots<1e-12: 0
  [LU] n=924 kutta=1 min|U_ii|=0.00354299 max|U_ii|=195565 ratio=1.81167e-08 pivots<1e-12: 0
  [LU] n=924 kutta=1 min|U_ii|=0.0049059 max|U_ii|=111026 ratio=4.41868e-08 pivots<1e-12: 0
  [LU] n=2520 kutta=1 min|U_ii|=0.0445846 max|U_ii|=6061.07 ratio=7.3559e-06 pivots<1e-12: 0
  [LU] n=924 kutta=1 min|U_ii|=0.00354299 max|U_ii|=195565 ratio=1.81167e-08 pivots<1e-12: 0
  [LU] n=924 kutta=1 min|U_ii|=0.00354299 max|U_ii|=195565 ratio=1.81167e-08 pivots<1e-12: 0
  [LU] n=924 kutta=1 min|U_ii|=0.0049059 max|U_ii|=111026 ratio=4.41868e-08 pivots<1e-12: 0
  [LU] n=2520 kutta=1 min|U_ii|=0.0445846 max|U_ii|=6061.07 ratio=7.3559e-06 pivots<1e-12: 0
  [LU] n=924 kutta=1 min|U_ii|=0.00354299 max|U_ii|=195565 ratio=1.81167e-08 pivots<1e-12: 0
  [LU] n=924 kutta=1 min|U_ii|=0.00354299 max|U_ii|=195565 ratio=1.81167e-08 pivots<1e-12: 0
  [LU] n=924 kutta=1 min|U_ii|=0.0049059 max|U_ii|=111026 ratio=4.41868e-08 pivots<1e-12: 0
  [LU] n=2520 kutta=1 min|U_ii|=0.0445846 max|U_ii|=6061.07 ratio=7.3559e-06 pivots<1e-12: 0
  [LU] n=924 kutta=1 min|U_ii|=0.00354299 max|U_ii|=195565 ratio=1.81167e-08 pivots<1e-12: 0
  [LU] n=924 kutta=1 min|U_ii|=0.00354299 max|U_ii|=195565 ratio=1.81167e-08 pivots<1e-12: 0
  [LU] n=924 kutta=1 min|U_ii|=0.0049059 max|U_ii|=111026 ratio=4.41868e-08 pivots<1e-12: 0
  [LU] n=2520 kutta=1 min|U_ii|=0.0445846 max|U_ii|=6061.07 ratio=7.3559e-06 pivots<1e-12: 0
  [LU] n=924 kutta=1 min|U_ii|=0.00354299 max|U_ii|=195565 ratio=1.81167e-08 pivots<1e-12: 0
  [LU] n=924 kutta=1 min|U_ii|=0.00354299 max|U_ii|=195565 ratio=1.81167e-08 pivots<1e-12: 0
  [LU] n=924 kutta=1 min|U_ii|=0.0049059 max|U_ii|=111026 ratio=4.41868e-08 pivots<1e-12: 0
  [LU] n=2520 kutta=1 min|U_ii|=0.0445846 max|U_ii|=6061.07 ratio=7.3559e-06 pivots<1e-12: 0
  [LU] n=924 kutta=1 min|U_ii|=0.00354299 max|U_ii|=195565 ratio=1.81167e-08 pivots<1e-12: 0
  [LU] n=924 kutta=1 min|U_ii|=0.00354299 max|U_ii|=195565 ratio=1.81167e-08 pivots<1e-12: 0
  [LU] n=924 kutta=1 min|U_ii|=0.0049059 max|U_ii|=111026 ratio=4.41868e-08 pivots<1e-12: 0
  [LU] n=2520 kutta=1 min|U_ii|=0.0445846 max|U_ii|=6061.07 ratio=7.3559e-06 pivots<1e-12: 0
  [LU] n=924 kutta=1 min|U_ii|=0.00354299 max|U_ii|=195565 ratio=1.81167e-08 pivots<1e-12: 0
  [LU] n=924 kutta=1 min|U_ii|=0.00354299 max|U_ii|=195565 ratio=1.81167e-08 pivots<1e-12: 0
  [LU] n=924 kutta=1 min|U_ii|=0.0049059 max|U_ii|=111026 ratio=4.41868e-08 pivots<1e-12: 0
  [LU] n=2520 kutta=1 min|U_ii|=0.0445846 max|U_ii|=6061.07 ratio=7.3559e-06 pivots<1e-12: 0
  [LU] n=924 kutta=1 min|U_ii|=0.00354299 max|U_ii|=195565 ratio=1.81167e-08 pivots<1e-12: 0
  [LU] n=924 kutta=1 min|U_ii|=0.00354299 max|U_ii|=195565 ratio=1.81167e-08 pivots<1e-12: 0
  [LU] n=924 kutta=1 min|U_ii|=0.0049059 max|U_ii|=111026 ratio=4.41868e-08 pivots<1e-12: 0
  [LU] n=2520 kutta=1 min|U_ii|=0.0445846 max|U_ii|=6061.07 ratio=7.3559e-06 pivots<1e-12: 0
  [LU] n=924 kutta=1 min|U_ii|=0.00354299 max|U_ii|=195565 ratio=1.81167e-08 pivots<1e-12: 0
  [LU] n=924 kutta=1 min|U_ii|=0.00354299 max|U_ii|=195565 ratio=1.81167e-08 pivots<1e-12: 0
  [LU] n=924 kutta=1 min|U_ii|=0.0049059 max|U_ii|=111026 ratio=4.41868e-08 pivots<1e-12: 0
  [LU] n=2520 kutta=1 min|U_ii|=0.0445846 max|U_ii|=6061.07 ratio=7.3559e-06 pivots<1e-12: 0
  [LU] n=924 kutta=1 min|U_ii|=0.00354299 max|U_ii|=195565 ratio=1.81167e-08 pivots<1e-12: 0
  [LU] n=924 kutta=1 min|U_ii|=0.00354299 max|U_ii|=195565 ratio=1.81167e-08 pivots<1e-12: 0
  [LU] n=924 kutta=1 min|U_ii|=0.0049059 max|U_ii|=111026 ratio=4.41868e-08 pivots<1e-12: 0
  [LU] n=2520 kutta=1 min|U_ii|=0.0445846 max|U_ii|=6061.07 ratio=7.3559e-06 pivots<1e-12: 0
  [LU] n=924 kutta=1 min|U_ii|=0.00354299 max|U_ii|=195565 ratio=1.81167e-08 pivots<1e-12: 0
  [LU] n=924 kutta=1 min|U_ii|=0.00354299 max|U_ii|=195565 ratio=1.81167e-08 pivots<1e-12: 0
  [LU] n=924 kutta=1 min|U_ii|=0.0049059 max|U_ii|=111026 ratio=4.41868e-08 pivots<1e-12: 0
  [LU] n=2520 kutta=1 min|U_ii|=0.0445846 max|U_ii|=6061.07 ratio=7.3559e-06 pivots<1e-12: 0
  [LU] n=924 kutta=1 min|U_ii|=0.00354299 max|U_ii|=195565 ratio=1.81167e-08 pivots<1e-12: 0
  [LU] n=924 kutta=1 min|U_ii|=0.00354299 max|U_ii|=195565 ratio=1.81167e-08 pivots<1e-12: 0
  [LU] n=924 kutta=1 min|U_ii|=0.0049059 max|U_ii|=111026 ratio=4.41868e-08 pivots<1e-12: 0
  [LU] n=2520 kutta=1 min|U_ii|=0.0445846 max|U_ii|=6061.07 ratio=7.3559e-06 pivots<1e-12: 0
  [LU] n=924 kutta=1 min|U_ii|=0.00354299 max|U_ii|=195565 ratio=1.81167e-08 pivots<1e-12: 0
  [LU] n=924 kutta=1 min|U_ii|=0.00354299 max|U_ii|=195565 ratio=1.81167e-08 pivots<1e-12: 0
  [LU] n=924 kutta=1 min|U_ii|=0.0049059 max|U_ii|=111026 ratio=4.41868e-08 pivots<1e-12: 0
  [LU] n=2520 kutta=1 min|U_ii|=0.0445846 max|U_ii|=6061.07 ratio=7.3559e-06 pivots<1e-12: 0
  [LU] n=924 kutta=1 min|U_ii|=0.00354299 max|U_ii|=195565 ratio=1.81167e-08 pivots<1e-12: 0
  [LU] n=924 kutta=1 min|U_ii|=0.00354299 max|U_ii|=195565 ratio=1.81167e-08 pivots<1e-12: 0
  [LU] n=924 kutta=1 min|U_ii|=0.0049059 max|U_ii|=111026 ratio=4.41868e-08 pivots<1e-12: 0
  [LU] n=2520 kutta=1 min|U_ii|=0.0445846 max|U_ii|=6061.07 ratio=7.3559e-06 pivots<1e-12: 0
  [LU] n=924 kutta=1 min|U_ii|=0.00354299 max|U_ii|=195565 ratio=1.81167e-08 pivots<1e-12: 0
  [LU] n=924 kutta=1 min|U_ii|=0.00354299 max|U_ii|=195565 ratio=1.81167e-08 pivots<1e-12: 0
  [LU] n=924 kutta=1 min|U_ii|=0.0049059 max|U_ii|=111026 ratio=4.41868e-08 pivots<1e-12: 0
  [LU] n=2520 kutta=1 min|U_ii|=0.0445846 max|U_ii|=6061.07 ratio=7.3559e-06 pivots<1e-12: 0
  [LU] n=924 kutta=1 min|U_ii|=0.00354299 max|U_ii|=195565 ratio=1.81167e-08 pivots<1e-12: 0
  [LU] n=924 kutta=1 min|U_ii|=0.00354299 max|U_ii|=195565 ratio=1.81167e-08 pivots<1e-12: 0
  [LU] n=924 kutta=1 min|U_ii|=0.0049059 max|U_ii|=111026 ratio=4.41868e-08 pivots<1e-12: 0
  [LU] n=2520 kutta=1 min|U_ii|=0.0445846 max|U_ii|=6061.07 ratio=7.3559e-06 pivots<1e-12: 0
  [LU] n=924 kutta=1 min|U_ii|=0.00354299 max|U_ii|=195565 ratio=1.81167e-08 pivots<1e-12: 0
  [LU] n=924 kutta=1 min|U_ii|=0.00354299 max|U_ii|=195565 ratio=1.81167e-08 pivots<1e-12: 0
  [LU] n=924 kutta=1 min|U_ii|=0.0049059 max|U_ii|=111026 ratio=4.41868e-08 pivots<1e-12: 0
  [LU] n=2520 kutta=1 min|U_ii|=0.0445846 max|U_ii|=6061.07 ratio=7.3559e-06 pivots<1e-12: 0
  [LU] n=924 kutta=1 min|U_ii|=0.00354299 max|U_ii|=195565 ratio=1.81167e-08 pivots<1e-12: 0
  [LU] n=924 kutta=1 min|U_ii|=0.00354299 max|U_ii|=195565 ratio=1.81167e-08 pivots<1e-12: 0
  [LU] n=924 kutta=1 min|U_ii|=0.0049059 max|U_ii|=111026 ratio=4.41868e-08 pivots<1e-12: 0
  [LU] n=2520 kutta=1 min|U_ii|=0.0445846 max|U_ii|=6061.07 ratio=7.3559e-06 pivots<1e-12: 0
  [LU] n=924 kutta=1 min|U_ii|=0.00354299 max|U_ii|=195565 ratio=1.81167e-08 pivots<1e-12: 0
  [LU] n=924 kutta=1 min|U_ii|=0.00354299 max|U_ii|=195565 ratio=1.81167e-08 pivots<1e-12: 0
  [LU] n=924 kutta=1 min|U_ii|=0.0049059 max|U_ii|=111026 ratio=4.41868e-08 pivots<1e-12: 0
  [LU] n=2520 kutta=1 min|U_ii|=0.0445846 max|U_ii|=6061.07 ratio=7.3559e-06 pivots<1e-12: 0
  [LU] n=924 kutta=1 min|U_ii|=0.00354299 max|U_ii|=195565 ratio=1.81167e-08 pivots<1e-12: 0
  [LU] n=924 kutta=1 min|U_ii|=0.00354299 max|U_ii|=195565 ratio=1.81167e-08 pivots<1e-12: 0
  [LU] n=924 kutta=1 min|U_ii|=0.0049059 max|U_ii|=111026 ratio=4.41868e-08 pivots<1e-12: 0
  [LU] n=2520 kutta=1 min|U_ii|=0.0445846 max|U_ii|=6061.07 ratio=7.3559e-06 pivots<1e-12: 0
  [LU] n=924 kutta=1 min|U_ii|=0.00354299 max|U_ii|=195565 ratio=1.81167e-08 pivots<1e-12: 0
  [LU] n=924 kutta=1 min|U_ii|=0.00354299 max|U_ii|=195565 ratio=1.81167e-08 pivots<1e-12: 0
  [LU] n=924 kutta=1 min|U_ii|=0.0049059 max|U_ii|=111026 ratio=4.41868e-08 pivots<1e-12: 0
  [LU] n=2520 kutta=1 min|U_ii|=0.0445846 max|U_ii|=6061.07 ratio=7.3559e-06 pivots<1e-12: 0
  [LU] n=924 kutta=1 min|U_ii|=0.00354299 max|U_ii|=195565 ratio=1.81167e-08 pivots<1e-12: 0
  [LU] n=924 kutta=1 min|U_ii|=0.00354299 max|U_ii|=195565 ratio=1.81167e-08 pivots<1e-12: 0
  [LU] n=924 kutta=1 min|U_ii|=0.0049059 max|U_ii|=111026 ratio=4.41868e-08 pivots<1e-12: 0
  [LU] n=2520 kutta=1 min|U_ii|=0.0445846 max|U_ii|=6061.07 ratio=7.3559e-06 pivots<1e-12: 0
  [LU] n=924 kutta=1 min|U_ii|=0.00354299 max|U_ii|=195565 ratio=1.81167e-08 pivots<1e-12: 0
  [LU] n=924 kutta=1 min|U_ii|=0.00354299 max|U_ii|=195565 ratio=1.81167e-08 pivots<1e-12: 0
  [LU] n=924 kutta=1 min|U_ii|=0.0049059 max|U_ii|=111026 ratio=4.41868e-08 pivots<1e-12: 0
  [LU] n=2520 kutta=1 min|U_ii|=0.0445846 max|U_ii|=6061.07 ratio=7.3559e-06 pivots<1e-12: 0
  [LU] n=924 kutta=1 min|U_ii|=0.00354299 max|U_ii|=195565 ratio=1.81167e-08 pivots<1e-12: 0
  [LU] n=924 kutta=1 min|U_ii|=0.00354299 max|U_ii|=195565 ratio=1.81167e-08 pivots<1e-12: 0
  [LU] n=924 kutta=1 min|U_ii|=0.0049059 max|U_ii|=111026 ratio=4.41868e-08 pivots<1e-12: 0
  [LU] n=2520 kutta=1 min|U_ii|=0.0445846 max|U_ii|=6061.07 ratio=7.3559e-06 pivots<1e-12: 0
  [LU] n=924 kutta=1 min|U_ii|=0.00354299 max|U_ii|=195565 ratio=1.81167e-08 pivots<1e-12: 0
  [LU] n=924 kutta=1 min|U_ii|=0.00354299 max|U_ii|=195565 ratio=1.81167e-08 pivots<1e-12: 0
  [LU] n=924 kutta=1 min|U_ii|=0.0049059 max|U_ii|=111026 ratio=4.41868e-08 pivots<1e-12: 0
  [LU] n=2520 kutta=1 min|U_ii|=0.0445846 max|U_ii|=6061.07 ratio=7.3559e-06 pivots<1e-12: 0
  [LU] n=924 kutta=1 min|U_ii|=0.00354299 max|U_ii|=195565 ratio=1.81167e-08 pivots<1e-12: 0
  [LU] n=924 kutta=1 min|U_ii|=0.00354299 max|U_ii|=195565 ratio=1.81167e-08 pivots<1e-12: 0
  [LU] n=924 kutta=1 min|U_ii|=0.0049059 max|U_ii|=111026 ratio=4.41868e-08 pivots<1e-12: 0
  [LU] n=2520 kutta=1 min|U_ii|=0.0445846 max|U_ii|=6061.07 ratio=7.3559e-06 pivots<1e-12: 0
  [LU] n=924 kutta=1 min|U_ii|=0.00354299 max|U_ii|=195565 ratio=1.81167e-08 pivots<1e-12: 0
  [LU] n=924 kutta=1 min|U_ii|=0.00354299 max|U_ii|=195565 ratio=1.81167e-08 pivots<1e-12: 0
  [LU] n=924 kutta=1 min|U_ii|=0.0049059 max|U_ii|=111026 ratio=4.41868e-08 pivots<1e-12: 0
  [LU] n=2520 kutta=1 min|U_ii|=0.0445846 max|U_ii|=6061.07 ratio=7.3559e-06 pivots<1e-12: 0
  [LU] n=924 kutta=1 min|U_ii|=0.00354299 max|U_ii|=195565 ratio=1.81167e-08 pivots<1e-12: 0
  [LU] n=924 kutta=1 min|U_ii|=0.00354299 max|U_ii|=195565 ratio=1.81167e-08 pivots<1e-12: 0
  [LU] n=924 kutta=1 min|U_ii|=0.0049059 max|U_ii|=111026 ratio=4.41868e-08 pivots<1e-12: 0
  [LU] n=2520 kutta=1 min|U_ii|=0.0445846 max|U_ii|=6061.07 ratio=7.3559e-06 pivots<1e-12: 0
  [LU] n=924 kutta=1 min|U_ii|=0.00354299 max|U_ii|=195565 ratio=1.81167e-08 pivots<1e-12: 0
  [LU] n=924 kutta=1 min|U_ii|=0.00354299 max|U_ii|=195565 ratio=1.81167e-08 pivots<1e-12: 0
  [LU] n=924 kutta=1 min|U_ii|=0.0049059 max|U_ii|=111026 ratio=4.41868e-08 pivots<1e-12: 0
  [LU] n=2520 kutta=1 min|U_ii|=0.0445846 max|U_ii|=6061.07 ratio=7.3559e-06 pivots<1e-12: 0
  [LU] n=924 kutta=1 min|U_ii|=0.00354299 max|U_ii|=195565 ratio=1.81167e-08 pivots<1e-12: 0
  [LU] n=924 kutta=1 min|U_ii|=0.00354299 max|U_ii|=195565 ratio=1.81167e-08 pivots<1e-12: 0
  [LU] n=924 kutta=1 min|U_ii|=0.0049059 max|U_ii|=111026 ratio=4.41868e-08 pivots<1e-12: 0
  [LU] n=2520 kutta=1 min|U_ii|=0.0445846 max|U_ii|=6061.07 ratio=7.3559e-06 pivots<1e-12: 0
  [LU] n=924 kutta=1 min|U_ii|=0.00354299 max|U_ii|=195565 ratio=1.81167e-08 pivots<1e-12: 0
  [LU] n=924 kutta=1 min|U_ii|=0.00354299 max|U_ii|=195565 ratio=1.81167e-08 pivots<1e-12: 0
  [LU] n=924 kutta=1 min|U_ii|=0.0049059 max|U_ii|=111026 ratio=4.41868e-08 pivots<1e-12: 0
  [LU] n=2520 kutta=1 min|U_ii|=0.0445846 max|U_ii|=6061.07 ratio=7.3559e-06 pivots<1e-12: 0
  [LU] n=924 kutta=1 min|U_ii|=0.00354299 max|U_ii|=195565 ratio=1.81167e-08 pivots<1e-12: 0
  [LU] n=924 kutta=1 min|U_ii|=0.00354299 max|U_ii|=195565 ratio=1.81167e-08 pivots<1e-12: 0
  [LU] n=924 kutta=1 min|U_ii|=0.0049059 max|U_ii|=111026 ratio=4.41868e-08 pivots<1e-12: 0
  [LU] n=2520 kutta=1 min|U_ii|=0.0445846 max|U_ii|=6061.07 ratio=7.3559e-06 pivots<1e-12: 0
  [LU] n=924 kutta=1 min|U_ii|=0.00354299 max|U_ii|=195565 ratio=1.81167e-08 pivots<1e-12: 0
  [LU] n=924 kutta=1 min|U_ii|=0.00354299 max|U_ii|=195565 ratio=1.81167e-08 pivots<1e-12: 0
  [LU] n=924 kutta=1 min|U_ii|=0.0049059 max|U_ii|=111026 ratio=4.41868e-08 pivots<1e-12: 0
  [LU] n=2520 kutta=1 min|U_ii|=0.0445846 max|U_ii|=6061.07 ratio=7.3559e-06 pivots<1e-12: 0
  [LU] n=924 kutta=1 min|U_ii|=0.00354299 max|U_ii|=195565 ratio=1.81167e-08 pivots<1e-12: 0
  [LU] n=924 kutta=1 min|U_ii|=0.00354299 max|U_ii|=195565 ratio=1.81167e-08 pivots<1e-12: 0
  [LU] n=924 kutta=1 min|U_ii|=0.0049059 max|U_ii|=111026 ratio=4.41868e-08 pivots<1e-12: 0
  [LU] n=2520 kutta=1 min|U_ii|=0.0445846 max|U_ii|=6061.07 ratio=7.3559e-06 pivots<1e-12: 0
  [LU] n=924 kutta=1 min|U_ii|=0.00354299 max|U_ii|=195565 ratio=1.81167e-08 pivots<1e-12: 0
  [LU] n=924 kutta=1 min|U_ii|=0.00354299 max|U_ii|=195565 ratio=1.81167e-08 pivots<1e-12: 0
  [LU] n=924 kutta=1 min|U_ii|=0.0049059 max|U_ii|=111026 ratio=4.41868e-08 pivots<1e-12: 0
  [LU] n=2520 kutta=1 min|U_ii|=0.0445846 max|U_ii|=6061.07 ratio=7.3559e-06 pivots<1e-12: 0
  [LU] n=924 kutta=1 min|U_ii|=0.00354299 max|U_ii|=195565 ratio=1.81167e-08 pivots<1e-12: 0
  [LU] n=924 kutta=1 min|U_ii|=0.00354299 max|U_ii|=195565 ratio=1.81167e-08 pivots<1e-12: 0
  [LU] n=924 kutta=1 min|U_ii|=0.0049059 max|U_ii|=111026 ratio=4.41868e-08 pivots<1e-12: 0
  [LU] n=2520 kutta=1 min|U_ii|=0.0445846 max|U_ii|=6061.07 ratio=7.3559e-06 pivots<1e-12: 0
  [LU] n=924 kutta=1 min|U_ii|=0.00354299 max|U_ii|=195565 ratio=1.81167e-08 pivots<1e-12: 0
  [LU] n=924 kutta=1 min|U_ii|=0.00354299 max|U_ii|=195565 ratio=1.81167e-08 pivots<1e-12: 0
  [LU] n=924 kutta=1 min|U_ii|=0.0049059 max|U_ii|=111026 ratio=4.41868e-08 pivots<1e-12: 0
  [LU] n=2520 kutta=1 min|U_ii|=0.0445846 max|U_ii|=6061.07 ratio=7.3559e-06 pivots<1e-12: 0
  [LU] n=924 kutta=1 min|U_ii|=0.00354299 max|U_ii|=195565 ratio=1.81167e-08 pivots<1e-12: 0
  [LU] n=924 kutta=1 min|U_ii|=0.00354299 max|U_ii|=195565 ratio=1.81167e-08 pivots<1e-12: 0
  [LU] n=924 kutta=1 min|U_ii|=0.0049059 max|U_ii|=111026 ratio=4.41868e-08 pivots<1e-12: 0
  [LU] n=2520 kutta=1 min|U_ii|=0.0445846 max|U_ii|=6061.07 ratio=7.3559e-06 pivots<1e-12: 0
  [LU] n=924 kutta=1 min|U_ii|=0.00354299 max|U_ii|=195565 ratio=1.81167e-08 pivots<1e-12: 0
  [LU] n=924 kutta=1 min|U_ii|=0.00354299 max|U_ii|=195565 ratio=1.81167e-08 pivots<1e-12: 0
  [LU] n=924 kutta=1 min|U_ii|=0.0049059 max|U_ii|=111026 ratio=4.41868e-08 pivots<1e-12: 0
  [LU] n=2520 kutta=1 min|U_ii|=0.0445846 max|U_ii|=6061.07 ratio=7.3559e-06 pivots<1e-12: 0
  [LU] n=924 kutta=1 min|U_ii|=0.00354299 max|U_ii|=195565 ratio=1.81167e-08 pivots<1e-12: 0
  [LU] n=924 kutta=1 min|U_ii|=0.00354299 max|U_ii|=195565 ratio=1.81167e-08 pivots<1e-12: 0
  [LU] n=924 kutta=1 min|U_ii|=0.0049059 max|U_ii|=111026 ratio=4.41868e-08 pivots<1e-12: 0
  [LU] n=2520 kutta=1 min|U_ii|=0.0445846 max|U_ii|=6061.07 ratio=7.3559e-06 pivots<1e-12: 0
  [LU] n=924 kutta=1 min|U_ii|=0.00354299 max|U_ii|=195565 ratio=1.81167e-08 pivots<1e-12: 0
  [LU] n=924 kutta=1 min|U_ii|=0.00354299 max|U_ii|=195565 ratio=1.81167e-08 pivots<1e-12: 0
  [LU] n=924 kutta=1 min|U_ii|=0.0049059 max|U_ii|=111026 ratio=4.41868e-08 pivots<1e-12: 0
  [LU] n=2520 kutta=1 min|U_ii|=0.0445846 max|U_ii|=6061.07 ratio=7.3559e-06 pivots<1e-12: 0
  [LU] n=924 kutta=1 min|U_ii|=0.00354299 max|U_ii|=195565 ratio=1.81167e-08 pivots<1e-12: 0
  [LU] n=924 kutta=1 min|U_ii|=0.00354299 max|U_ii|=195565 ratio=1.81167e-08 pivots<1e-12: 0
  [LU] n=924 kutta=1 min|U_ii|=0.0049059 max|U_ii|=111026 ratio=4.41868e-08 pivots<1e-12: 0
  [LU] n=2520 kutta=1 min|U_ii|=0.0445846 max|U_ii|=6061.07 ratio=7.3559e-06 pivots<1e-12: 0
  [LU] n=924 kutta=1 min|U_ii|=0.00354299 max|U_ii|=195565 ratio=1.81167e-08 pivots<1e-12: 0
  [LU] n=924 kutta=1 min|U_ii|=0.00354299 max|U_ii|=195565 ratio=1.81167e-08 pivots<1e-12: 0
  [LU] n=924 kutta=1 min|U_ii|=0.0049059 max|U_ii|=111026 ratio=4.41868e-08 pivots<1e-12: 0
  [LU] n=2520 kutta=1 min|U_ii|=0.0445846 max|U_ii|=6061.07 ratio=7.3559e-06 pivots<1e-12: 0
  [LU] n=924 kutta=1 min|U_ii|=0.00354299 max|U_ii|=195565 ratio=1.81167e-08 pivots<1e-12: 0
  [LU] n=924 kutta=1 min|U_ii|=0.00354299 max|U_ii|=195565 ratio=1.81167e-08 pivots<1e-12: 0
  [LU] n=924 kutta=1 min|U_ii|=0.0049059 max|U_ii|=111026 ratio=4.41868e-08 pivots<1e-12: 0
  [LU] n=2520 kutta=1 min|U_ii|=0.0445846 max|U_ii|=6061.07 ratio=7.3559e-06 pivots<1e-12: 0
  [LU] n=924 kutta=1 min|U_ii|=0.00354299 max|U_ii|=195565 ratio=1.81167e-08 pivots<1e-12: 0
  [LU] n=924 kutta=1 min|U_ii|=0.00354299 max|U_ii|=195565 ratio=1.81167e-08 pivots<1e-12: 0
  [LU] n=924 kutta=1 min|U_ii|=0.0049059 max|U_ii|=111026 ratio=4.41868e-08 pivots<1e-12: 0
  [LU] n=2520 kutta=1 min|U_ii|=0.0445846 max|U_ii|=6061.07 ratio=7.3559e-06 pivots<1e-12: 0
  [LU] n=924 kutta=1 min|U_ii|=0.00354299 max|U_ii|=195565 ratio=1.81167e-08 pivots<1e-12: 0
  [LU] n=924 kutta=1 min|U_ii|=0.00354299 max|U_ii|=195565 ratio=1.81167e-08 pivots<1e-12: 0
  [LU] n=924 kutta=1 min|U_ii|=0.0049059 max|U_ii|=111026 ratio=4.41868e-08 pivots<1e-12: 0
  [LU] n=2520 kutta=1 min|U_ii|=0.0445846 max|U_ii|=6061.07 ratio=7.3559e-06 pivots<1e-12: 0
  [LU] n=924 kutta=1 min|U_ii|=0.00354299 max|U_ii|=195565 ratio=1.81167e-08 pivots<1e-12: 0
  [LU] n=924 kutta=1 min|U_ii|=0.00354299 max|U_ii|=195565 ratio=1.81167e-08 pivots<1e-12: 0
  [LU] n=924 kutta=1 min|U_ii|=0.0049059 max|U_ii|=111026 ratio=4.41868e-08 pivots<1e-12: 0
  [LU] n=2520 kutta=1 min|U_ii|=0.0445846 max|U_ii|=6061.07 ratio=7.3559e-06 pivots<1e-12: 0
  [LU] n=924 kutta=1 min|U_ii|=0.00354299 max|U_ii|=195565 ratio=1.81167e-08 pivots<1e-12: 0
  [LU] n=924 kutta=1 min|U_ii|=0.00354299 max|U_ii|=195565 ratio=1.81167e-08 pivots<1e-12: 0
  [LU] n=924 kutta=1 min|U_ii|=0.0049059 max|U_ii|=111026 ratio=4.41868e-08 pivots<1e-12: 0
  [LU] n=2520 kutta=1 min|U_ii|=0.0445846 max|U_ii|=6061.07 ratio=7.3559e-06 pivots<1e-12: 0
  [LU] n=924 kutta=1 min|U_ii|=0.00354299 max|U_ii|=195565 ratio=1.81167e-08 pivots<1e-12: 0
  [LU] n=924 kutta=1 min|U_ii|=0.00354299 max|U_ii|=195565 ratio=1.81167e-08 pivots<1e-12: 0
  [LU] n=924 kutta=1 min|U_ii|=0.0049059 max|U_ii|=111026 ratio=4.41868e-08 pivots<1e-12: 0
  [LU] n=2520 kutta=1 min|U_ii|=0.0445846 max|U_ii|=6061.07 ratio=7.3559e-06 pivots<1e-12: 0
  [LU] n=924 kutta=1 min|U_ii|=0.00354299 max|U_ii|=195565 ratio=1.81167e-08 pivots<1e-12: 0
  [LU] n=924 kutta=1 min|U_ii|=0.00354299 max|U_ii|=195565 ratio=1.81167e-08 pivots<1e-12: 0
  [LU] n=924 kutta=1 min|U_ii|=0.0049059 max|U_ii|=111026 ratio=4.41868e-08 pivots<1e-12: 0
  [LU] n=2520 kutta=1 min|U_ii|=0.0445846 max|U_ii|=6061.07 ratio=7.3559e-06 pivots<1e-12: 0
  [LU] n=924 kutta=1 min|U_ii|=0.00354299 max|U_ii|=195565 ratio=1.81167e-08 pivots<1e-12: 0
  [LU] n=924 kutta=1 min|U_ii|=0.00354299 max|U_ii|=195565 ratio=1.81167e-08 pivots<1e-12: 0
  [LU] n=924 kutta=1 min|U_ii|=0.0049059 max|U_ii|=111026 ratio=4.41868e-08 pivots<1e-12: 0
  [LU] n=2520 kutta=1 min|U_ii|=0.0445846 max|U_ii|=6061.07 ratio=7.3559e-06 pivots<1e-12: 0
  [LU] n=924 kutta=1 min|U_ii|=0.00354299 max|U_ii|=195565 ratio=1.81167e-08 pivots<1e-12: 0
  [LU] n=924 kutta=1 min|U_ii|=0.00354299 max|U_ii|=195565 ratio=1.81167e-08 pivots<1e-12: 0
  [LU] n=924 kutta=1 min|U_ii|=0.0049059 max|U_ii|=111026 ratio=4.41868e-08 pivots<1e-12: 0
  [LU] n=2520 kutta=1 min|U_ii|=0.0445846 max|U_ii|=6061.07 ratio=7.3559e-06 pivots<1e-12: 0
  [LU] n=924 kutta=1 min|U_ii|=0.00354299 max|U_ii|=195565 ratio=1.81167e-08 pivots<1e-12: 0
  [LU] n=924 kutta=1 min|U_ii|=0.00354299 max|U_ii|=195565 ratio=1.81167e-08 pivots<1e-12: 0
  [LU] n=924 kutta=1 min|U_ii|=0.0049059 max|U_ii|=111026 ratio=4.41868e-08 pivots<1e-12: 0
  [LU] n=2520 kutta=1 min|U_ii|=0.0445846 max|U_ii|=6061.07 ratio=7.3559e-06 pivots<1e-12: 0
  [LU] n=924 kutta=1 min|U_ii|=0.00354299 max|U_ii|=195565 ratio=1.81167e-08 pivots<1e-12: 0
  [LU] n=924 kutta=1 min|U_ii|=0.00354299 max|U_ii|=195565 ratio=1.81167e-08 pivots<1e-12: 0
  [LU] n=924 kutta=1 min|U_ii|=0.0049059 max|U_ii|=111026 ratio=4.41868e-08 pivots<1e-12: 0
  [LU] n=2520 kutta=1 min|U_ii|=0.0445846 max|U_ii|=6061.07 ratio=7.3559e-06 pivots<1e-12: 0
  [LU] n=924 kutta=1 min|U_ii|=0.00354299 max|U_ii|=195565 ratio=1.81167e-08 pivots<1e-12: 0
  [LU] n=924 kutta=1 min|U_ii|=0.00354299 max|U_ii|=195565 ratio=1.81167e-08 pivots<1e-12: 0
  [LU] n=924 kutta=1 min|U_ii|=0.0049059 max|U_ii|=111026 ratio=4.41868e-08 pivots<1e-12: 0
  [LU] n=2520 kutta=1 min|U_ii|=0.0445846 max|U_ii|=6061.07 ratio=7.3559e-06 pivots<1e-12: 0
  [LU] n=924 kutta=1 min|U_ii|=0.00354299 max|U_ii|=195565 ratio=1.81167e-08 pivots<1e-12: 0
  [LU] n=924 kutta=1 min|U_ii|=0.00354299 max|U_ii|=195565 ratio=1.81167e-08 pivots<1e-12: 0
  [LU] n=924 kutta=1 min|U_ii|=0.0049059 max|U_ii|=111026 ratio=4.41868e-08 pivots<1e-12: 0
  [LU] n=2520 kutta=1 min|U_ii|=0.0445846 max|U_ii|=6061.07 ratio=7.3559e-06 pivots<1e-12: 0
  [LU] n=924 kutta=1 min|U_ii|=0.00354299 max|U_ii|=195565 ratio=1.81167e-08 pivots<1e-12: 0
  [LU] n=924 kutta=1 min|U_ii|=0.00354299 max|U_ii|=195565 ratio=1.81167e-08 pivots<1e-12: 0
  [LU] n=924 kutta=1 min|U_ii|=0.0049059 max|U_ii|=111026 ratio=4.41868e-08 pivots<1e-12: 0
  [LU] n=2520 kutta=1 min|U_ii|=0.0445846 max|U_ii|=6061.07 ratio=7.3559e-06 pivots<1e-12: 0
  [LU] n=924 kutta=1 min|U_ii|=0.00354299 max|U_ii|=195565 ratio=1.81167e-08 pivots<1e-12: 0
  [LU] n=924 kutta=1 min|U_ii|=0.00354299 max|U_ii|=195565 ratio=1.81167e-08 pivots<1e-12: 0
  [LU] n=924 kutta=1 min|U_ii|=0.0049059 max|U_ii|=111026 ratio=4.41868e-08 pivots<1e-12: 0
  [LU] n=2520 kutta=1 min|U_ii|=0.0445846 max|U_ii|=6061.07 ratio=7.3559e-06 pivots<1e-12: 0
  [LU] n=924 kutta=1 min|U_ii|=0.00354299 max|U_ii|=195565 ratio=1.81167e-08 pivots<1e-12: 0
  [LU] n=924 kutta=1 min|U_ii|=0.00354299 max|U_ii|=195565 ratio=1.81167e-08 pivots<1e-12: 0
  [LU] n=924 kutta=1 min|U_ii|=0.0049059 max|U_ii|=111026 ratio=4.41868e-08 pivots<1e-12: 0
  [LU] n=2520 kutta=1 min|U_ii|=0.0445846 max|U_ii|=6061.07 ratio=7.3559e-06 pivots<1e-12: 0
  [LU] n=924 kutta=1 min|U_ii|=0.00354299 max|U_ii|=195565 ratio=1.81167e-08 pivots<1e-12: 0
  [LU] n=924 kutta=1 min|U_ii|=0.00354299 max|U_ii|=195565 ratio=1.81167e-08 pivots<1e-12: 0
  [LU] n=924 kutta=1 min|U_ii|=0.0049059 max|U_ii|=111026 ratio=4.41868e-08 pivots<1e-12: 0
  [LU] n=2520 kutta=1 min|U_ii|=0.0445846 max|U_ii|=6061.07 ratio=7.3559e-06 pivots<1e-12: 0
  [LU] n=924 kutta=1 min|U_ii|=0.00354299 max|U_ii|=195565 ratio=1.81167e-08 pivots<1e-12: 0
  [LU] n=924 kutta=1 min|U_ii|=0.00354299 max|U_ii|=195565 ratio=1.81167e-08 pivots<1e-12: 0
  [LU] n=924 kutta=1 min|U_ii|=0.0049059 max|U_ii|=111026 ratio=4.41868e-08 pivots<1e-12: 0
  [LU] n=2520 kutta=1 min|U_ii|=0.0445846 max|U_ii|=6061.07 ratio=7.3559e-06 pivots<1e-12: 0
  [LU] n=924 kutta=1 min|U_ii|=0.00354299 max|U_ii|=195565 ratio=1.81167e-08 pivots<1e-12: 0
  [LU] n=924 kutta=1 min|U_ii|=0.00354299 max|U_ii|=195565 ratio=1.81167e-08 pivots<1e-12: 0
  [LU] n=924 kutta=1 min|U_ii|=0.0049059 max|U_ii|=111026 ratio=4.41868e-08 pivots<1e-12: 0
  [LU] n=2520 kutta=1 min|U_ii|=0.0445846 max|U_ii|=6061.07 ratio=7.3559e-06 pivots<1e-12: 0
  [LU] n=924 kutta=1 min|U_ii|=0.00354299 max|U_ii|=195565 ratio=1.81167e-08 pivots<1e-12: 0
  [LU] n=924 kutta=1 min|U_ii|=0.00354299 max|U_ii|=195565 ratio=1.81167e-08 pivots<1e-12: 0
  [LU] n=924 kutta=1 min|U_ii|=0.0049059 max|U_ii|=111026 ratio=4.41868e-08 pivots<1e-12: 0
  [LU] n=2520 kutta=1 min|U_ii|=0.0445846 max|U_ii|=6061.07 ratio=7.3559e-06 pivots<1e-12: 0
  [LU] n=924 kutta=1 min|U_ii|=0.00354299 max|U_ii|=195565 ratio=1.81167e-08 pivots<1e-12: 0
  [LU] n=924 kutta=1 min|U_ii|=0.00354299 max|U_ii|=195565 ratio=1.81167e-08 pivots<1e-12: 0
  [LU] n=924 kutta=1 min|U_ii|=0.0049059 max|U_ii|=111026 ratio=4.41868e-08 pivots<1e-12: 0
  [LU] n=2520 kutta=1 min|U_ii|=0.0445846 max|U_ii|=6061.07 ratio=7.3559e-06 pivots<1e-12: 0
  [LU] n=924 kutta=1 min|U_ii|=0.00354299 max|U_ii|=195565 ratio=1.81167e-08 pivots<1e-12: 0
  [LU] n=924 kutta=1 min|U_ii|=0.00354299 max|U_ii|=195565 ratio=1.81167e-08 pivots<1e-12: 0
  [LU] n=924 kutta=1 min|U_ii|=0.0049059 max|U_ii|=111026 ratio=4.41868e-08 pivots<1e-12: 0
  [LU] n=2520 kutta=1 min|U_ii|=0.0445846 max|U_ii|=6061.07 ratio=7.3559e-06 pivots<1e-12: 0
  [LU] n=924 kutta=1 min|U_ii|=0.00354299 max|U_ii|=195565 ratio=1.81167e-08 pivots<1e-12: 0
  [LU] n=924 kutta=1 min|U_ii|=0.00354299 max|U_ii|=195565 ratio=1.81167e-08 pivots<1e-12: 0
  [LU] n=924 kutta=1 min|U_ii|=0.0049059 max|U_ii|=111026 ratio=4.41868e-08 pivots<1e-12: 0
  [LU] n=2520 kutta=1 min|U_ii|=0.0445846 max|U_ii|=6061.07 ratio=7.3559e-06 pivots<1e-12: 0
  [LU] n=924 kutta=1 min|U_ii|=0.00354299 max|U_ii|=195565 ratio=1.81167e-08 pivots<1e-12: 0
  [LU] n=924 kutta=1 min|U_ii|=0.00354299 max|U_ii|=195565 ratio=1.81167e-08 pivots<1e-12: 0
  [LU] n=924 kutta=1 min|U_ii|=0.0049059 max|U_ii|=111026 ratio=4.41868e-08 pivots<1e-12: 0
  [LU] n=2520 kutta=1 min|U_ii|=0.0445846 max|U_ii|=6061.07 ratio=7.3559e-06 pivots<1e-12: 0
  [LU] n=924 kutta=1 min|U_ii|=0.00354299 max|U_ii|=195565 ratio=1.81167e-08 pivots<1e-12: 0
  [LU] n=924 kutta=1 min|U_ii|=0.00354299 max|U_ii|=195565 ratio=1.81167e-08 pivots<1e-12: 0
  [LU] n=924 kutta=1 min|U_ii|=0.0049059 max|U_ii|=111026 ratio=4.41868e-08 pivots<1e-12: 0
  [LU] n=2520 kutta=1 min|U_ii|=0.0445846 max|U_ii|=6061.07 ratio=7.3559e-06 pivots<1e-12: 0
  [LU] n=924 kutta=1 min|U_ii|=0.00354299 max|U_ii|=195565 ratio=1.81167e-08 pivots<1e-12: 0
  [LU] n=924 kutta=1 min|U_ii|=0.00354299 max|U_ii|=195565 ratio=1.81167e-08 pivots<1e-12: 0
  [LU] n=924 kutta=1 min|U_ii|=0.0049059 max|U_ii|=111026 ratio=4.41868e-08 pivots<1e-12: 0
  [LU] n=2520 kutta=1 min|U_ii|=0.0445846 max|U_ii|=6061.07 ratio=7.3559e-06 pivots<1e-12: 0
  [LU] n=924 kutta=1 min|U_ii|=0.00354299 max|U_ii|=195565 ratio=1.81167e-08 pivots<1e-12: 0
  [LU] n=924 kutta=1 min|U_ii|=0.00354299 max|U_ii|=195565 ratio=1.81167e-08 pivots<1e-12: 0
  [LU] n=924 kutta=1 min|U_ii|=0.0049059 max|U_ii|=111026 ratio=4.41868e-08 pivots<1e-12: 0
  [LU] n=2520 kutta=1 min|U_ii|=0.0445846 max|U_ii|=6061.07 ratio=7.3559e-06 pivots<1e-12: 0
  [LU] n=924 kutta=1 min|U_ii|=0.00354299 max|U_ii|=195565 ratio=1.81167e-08 pivots<1e-12: 0
  [LU] n=924 kutta=1 min|U_ii|=0.00354299 max|U_ii|=195565 ratio=1.81167e-08 pivots<1e-12: 0
  [LU] n=924 kutta=1 min|U_ii|=0.0049059 max|U_ii|=111026 ratio=4.41868e-08 pivots<1e-12: 0
  [LU] n=2520 kutta=1 min|U_ii|=0.0445846 max|U_ii|=6061.07 ratio=7.3559e-06 pivots<1e-12: 0
  [LU] n=924 kutta=1 min|U_ii|=0.00354299 max|U_ii|=195565 ratio=1.81167e-08 pivots<1e-12: 0
  [LU] n=924 kutta=1 min|U_ii|=0.00354299 max|U_ii|=195565 ratio=1.81167e-08 pivots<1e-12: 0
  [LU] n=924 kutta=1 min|U_ii|=0.0049059 max|U_ii|=111026 ratio=4.41868e-08 pivots<1e-12: 0
  [LU] n=2520 kutta=1 min|U_ii|=0.0445846 max|U_ii|=6061.07 ratio=7.3559e-06 pivots<1e-12: 0
  [LU] n=924 kutta=1 min|U_ii|=0.00354299 max|U_ii|=195565 ratio=1.81167e-08 pivots<1e-12: 0
  [LU] n=924 kutta=1 min|U_ii|=0.00354299 max|U_ii|=195565 ratio=1.81167e-08 pivots<1e-12: 0
  [LU] n=924 kutta=1 min|U_ii|=0.0049059 max|U_ii|=111026 ratio=4.41868e-08 pivots<1e-12: 0
  [LU] n=2520 kutta=1 min|U_ii|=0.0445846 max|U_ii|=6061.07 ratio=7.3559e-06 pivots<1e-12: 0
  [LU] n=924 kutta=1 min|U_ii|=0.00354299 max|U_ii|=195565 ratio=1.81167e-08 pivots<1e-12: 0
  [LU] n=924 kutta=1 min|U_ii|=0.00354299 max|U_ii|=195565 ratio=1.81167e-08 pivots<1e-12: 0
  [LU] n=924 kutta=1 min|U_ii|=0.0049059 max|U_ii|=111026 ratio=4.41868e-08 pivots<1e-12: 0
  [LU] n=2520 kutta=1 min|U_ii|=0.0445846 max|U_ii|=6061.07 ratio=7.3559e-06 pivots<1e-12: 0
  [LU] n=924 kutta=1 min|U_ii|=0.00354299 max|U_ii|=195565 ratio=1.81167e-08 pivots<1e-12: 0
  [LU] n=924 kutta=1 min|U_ii|=0.00354299 max|U_ii|=195565 ratio=1.81167e-08 pivots<1e-12: 0
  [LU] n=924 kutta=1 min|U_ii|=0.0049059 max|U_ii|=111026 ratio=4.41868e-08 pivots<1e-12: 0
  [LU] n=2520 kutta=1 min|U_ii|=0.0445846 max|U_ii|=6061.07 ratio=7.3559e-06 pivots<1e-12: 0
  [LU] n=924 kutta=1 min|U_ii|=0.00354299 max|U_ii|=195565 ratio=1.81167e-08 pivots<1e-12: 0
  [LU] n=924 kutta=1 min|U_ii|=0.00354299 max|U_ii|=195565 ratio=1.81167e-08 pivots<1e-12: 0
  [LU] n=924 kutta=1 min|U_ii|=0.0049059 max|U_ii|=111026 ratio=4.41868e-08 pivots<1e-12: 0
  [LU] n=2520 kutta=1 min|U_ii|=0.0445846 max|U_ii|=6061.07 ratio=7.3559e-06 pivots<1e-12: 0
  [LU] n=924 kutta=1 min|U_ii|=0.00354299 max|U_ii|=195565 ratio=1.81167e-08 pivots<1e-12: 0
  [LU] n=924 kutta=1 min|U_ii|=0.00354299 max|U_ii|=195565 ratio=1.81167e-08 pivots<1e-12: 0
  [LU] n=924 kutta=1 min|U_ii|=0.0049059 max|U_ii|=111026 ratio=4.41868e-08 pivots<1e-12: 0
  [LU] n=2520 kutta=1 min|U_ii|=0.0445846 max|U_ii|=6061.07 ratio=7.3559e-06 pivots<1e-12: 0
  [LU] n=924 kutta=1 min|U_ii|=0.00354299 max|U_ii|=195565 ratio=1.81167e-08 pivots<1e-12: 0
  [LU] n=924 kutta=1 min|U_ii|=0.00354299 max|U_ii|=195565 ratio=1.81167e-08 pivots<1e-12: 0
  [LU] n=924 kutta=1 min|U_ii|=0.0049059 max|U_ii|=111026 ratio=4.41868e-08 pivots<1e-12: 0
  [LU] n=2520 kutta=1 min|U_ii|=0.0445846 max|U_ii|=6061.07 ratio=7.3559e-06 pivots<1e-12: 0
  [LU] n=924 kutta=1 min|U_ii|=0.00354299 max|U_ii|=195565 ratio=1.81167e-08 pivots<1e-12: 0
  [LU] n=924 kutta=1 min|U_ii|=0.00354299 max|U_ii|=195565 ratio=1.81167e-08 pivots<1e-12: 0
  [LU] n=924 kutta=1 min|U_ii|=0.0049059 max|U_ii|=111026 ratio=4.41868e-08 pivots<1e-12: 0
  [LU] n=2520 kutta=1 min|U_ii|=0.0445846 max|U_ii|=6061.07 ratio=7.3559e-06 pivots<1e-12: 0
  [LU] n=924 kutta=1 min|U_ii|=0.00354299 max|U_ii|=195565 ratio=1.81167e-08 pivots<1e-12: 0
  [LU] n=924 kutta=1 min|U_ii|=0.00354299 max|U_ii|=195565 ratio=1.81167e-08 pivots<1e-12: 0
  [LU] n=924 kutta=1 min|U_ii|=0.0049059 max|U_ii|=111026 ratio=4.41868e-08 pivots<1e-12: 0
  [LU] n=2520 kutta=1 min|U_ii|=0.0445846 max|U_ii|=6061.07 ratio=7.3559e-06 pivots<1e-12: 0
  [LU] n=924 kutta=1 min|U_ii|=0.00354299 max|U_ii|=195565 ratio=1.81167e-08 pivots<1e-12: 0
  [LU] n=924 kutta=1 min|U_ii|=0.00354299 max|U_ii|=195565 ratio=1.81167e-08 pivots<1e-12: 0
  [LU] n=924 kutta=1 min|U_ii|=0.0049059 max|U_ii|=111026 ratio=4.41868e-08 pivots<1e-12: 0
  [LU] n=2520 kutta=1 min|U_ii|=0.0445846 max|U_ii|=6061.07 ratio=7.3559e-06 pivots<1e-12: 0
  [LU] n=924 kutta=1 min|U_ii|=0.00354299 max|U_ii|=195565 ratio=1.81167e-08 pivots<1e-12: 0
  [LU] n=924 kutta=1 min|U_ii|=0.00354299 max|U_ii|=195565 ratio=1.81167e-08 pivots<1e-12: 0
  [LU] n=924 kutta=1 min|U_ii|=0.0049059 max|U_ii|=111026 ratio=4.41868e-08 pivots<1e-12: 0
  [LU] n=2520 kutta=1 min|U_ii|=0.0445846 max|U_ii|=6061.07 ratio=7.3559e-06 pivots<1e-12: 0
  [LU] n=924 kutta=1 min|U_ii|=0.00354299 max|U_ii|=195565 ratio=1.81167e-08 pivots<1e-12: 0
  [LU] n=924 kutta=1 min|U_ii|=0.00354299 max|U_ii|=195565 ratio=1.81167e-08 pivots<1e-12: 0
  [LU] n=924 kutta=1 min|U_ii|=0.0049059 max|U_ii|=111026 ratio=4.41868e-08 pivots<1e-12: 0
  [LU] n=2520 kutta=1 min|U_ii|=0.0445846 max|U_ii|=6061.07 ratio=7.3559e-06 pivots<1e-12: 0
  [LU] n=924 kutta=1 min|U_ii|=0.00354299 max|U_ii|=195565 ratio=1.81167e-08 pivots<1e-12: 0
  [LU] n=924 kutta=1 min|U_ii|=0.00354299 max|U_ii|=195565 ratio=1.81167e-08 pivots<1e-12: 0
  [LU] n=924 kutta=1 min|U_ii|=0.0049059 max|U_ii|=111026 ratio=4.41868e-08 pivots<1e-12: 0
  [LU] n=2520 kutta=1 min|U_ii|=0.0445846 max|U_ii|=6061.07 ratio=7.3559e-06 pivots<1e-12: 0
  [LU] n=924 kutta=1 min|U_ii|=0.00354299 max|U_ii|=195565 ratio=1.81167e-08 pivots<1e-12: 0
  [LU] n=924 kutta=1 min|U_ii|=0.00354299 max|U_ii|=195565 ratio=1.81167e-08 pivots<1e-12: 0
  [LU] n=924 kutta=1 min|U_ii|=0.0049059 max|U_ii|=111026 ratio=4.41868e-08 pivots<1e-12: 0
  [LU] n=2520 kutta=1 min|U_ii|=0.0445846 max|U_ii|=6061.07 ratio=7.3559e-06 pivots<1e-12: 0
  [LU] n=924 kutta=1 min|U_ii|=0.00354299 max|U_ii|=195565 ratio=1.81167e-08 pivots<1e-12: 0
  [LU] n=924 kutta=1 min|U_ii|=0.00354299 max|U_ii|=195565 ratio=1.81167e-08 pivots<1e-12: 0
  [LU] n=924 kutta=1 min|U_ii|=0.0049059 max|U_ii|=111026 ratio=4.41868e-08 pivots<1e-12: 0
  [LU] n=2520 kutta=1 min|U_ii|=0.0445846 max|U_ii|=6061.07 ratio=7.3559e-06 pivots<1e-12: 0
  [LU] n=924 kutta=1 min|U_ii|=0.00354299 max|U_ii|=195565 ratio=1.81167e-08 pivots<1e-12: 0
  [LU] n=924 kutta=1 min|U_ii|=0.00354299 max|U_ii|=195565 ratio=1.81167e-08 pivots<1e-12: 0
  [LU] n=924 kutta=1 min|U_ii|=0.0049059 max|U_ii|=111026 ratio=4.41868e-08 pivots<1e-12: 0
  [LU] n=2520 kutta=1 min|U_ii|=0.0445846 max|U_ii|=6061.07 ratio=7.3559e-06 pivots<1e-12: 0
  [LU] n=924 kutta=1 min|U_ii|=0.00354299 max|U_ii|=195565 ratio=1.81167e-08 pivots<1e-12: 0
  [LU] n=924 kutta=1 min|U_ii|=0.00354299 max|U_ii|=195565 ratio=1.81167e-08 pivots<1e-12: 0
  [LU] n=924 kutta=1 min|U_ii|=0.0049059 max|U_ii|=111026 ratio=4.41868e-08 pivots<1e-12: 0
  [LU] n=2520 kutta=1 min|U_ii|=0.0445846 max|U_ii|=6061.07 ratio=7.3559e-06 pivots<1e-12: 0
  [LU] n=924 kutta=1 min|U_ii|=0.00354299 max|U_ii|=195565 ratio=1.81167e-08 pivots<1e-12: 0
  [LU] n=924 kutta=1 min|U_ii|=0.00354299 max|U_ii|=195565 ratio=1.81167e-08 pivots<1e-12: 0
  [LU] n=924 kutta=1 min|U_ii|=0.0049059 max|U_ii|=111026 ratio=4.41868e-08 pivots<1e-12: 0
  [LU] n=2520 kutta=1 min|U_ii|=0.0445846 max|U_ii|=6061.07 ratio=7.3559e-06 pivots<1e-12: 0
  [LU] n=924 kutta=1 min|U_ii|=0.00354299 max|U_ii|=195565 ratio=1.81167e-08 pivots<1e-12: 0
  [LU] n=924 kutta=1 min|U_ii|=0.00354299 max|U_ii|=195565 ratio=1.81167e-08 pivots<1e-12: 0
  [LU] n=924 kutta=1 min|U_ii|=0.0049059 max|U_ii|=111026 ratio=4.41868e-08 pivots<1e-12: 0
  [LU] n=2520 kutta=1 min|U_ii|=0.0445846 max|U_ii|=6061.07 ratio=7.3559e-06 pivots<1e-12: 0
  [LU] n=924 kutta=1 min|U_ii|=0.00354299 max|U_ii|=195565 ratio=1.81167e-08 pivots<1e-12: 0
  [LU] n=924 kutta=1 min|U_ii|=0.00354299 max|U_ii|=195565 ratio=1.81167e-08 pivots<1e-12: 0
  [LU] n=924 kutta=1 min|U_ii|=0.0049059 max|U_ii|=111026 ratio=4.41868e-08 pivots<1e-12: 0
  [LU] n=2520 kutta=1 min|U_ii|=0.0445846 max|U_ii|=6061.07 ratio=7.3559e-06 pivots<1e-12: 0
  [LU] n=924 kutta=1 min|U_ii|=0.00354299 max|U_ii|=195565 ratio=1.81167e-08 pivots<1e-12: 0
  [LU] n=924 kutta=1 min|U_ii|=0.00354299 max|U_ii|=195565 ratio=1.81167e-08 pivots<1e-12: 0
  [LU] n=924 kutta=1 min|U_ii|=0.0049059 max|U_ii|=111026 ratio=4.41868e-08 pivots<1e-12: 0
  [LU] n=2520 kutta=1 min|U_ii|=0.0445846 max|U_ii|=6061.07 ratio=7.3559e-06 pivots<1e-12: 0
  [LU] n=924 kutta=1 min|U_ii|=0.00354299 max|U_ii|=195565 ratio=1.81167e-08 pivots<1e-12: 0
  [LU] n=924 kutta=1 min|U_ii|=0.00354299 max|U_ii|=195565 ratio=1.81167e-08 pivots<1e-12: 0
  [LU] n=924 kutta=1 min|U_ii|=0.0049059 max|U_ii|=111026 ratio=4.41868e-08 pivots<1e-12: 0
  [LU] n=2520 kutta=1 min|U_ii|=0.0445846 max|U_ii|=6061.07 ratio=7.3559e-06 pivots<1e-12: 0
  [LU] n=924 kutta=1 min|U_ii|=0.00354299 max|U_ii|=195565 ratio=1.81167e-08 pivots<1e-12: 0
  [LU] n=924 kutta=1 min|U_ii|=0.00354299 max|U_ii|=195565 ratio=1.81167e-08 pivots<1e-12: 0
  [LU] n=924 kutta=1 min|U_ii|=0.0049059 max|U_ii|=111026 ratio=4.41868e-08 pivots<1e-12: 0
  [LU] n=2520 kutta=1 min|U_ii|=0.0445846 max|U_ii|=6061.07 ratio=7.3559e-06 pivots<1e-12: 0
  [LU] n=924 kutta=1 min|U_ii|=0.00354299 max|U_ii|=195565 ratio=1.81167e-08 pivots<1e-12: 0
  [LU] n=924 kutta=1 min|U_ii|=0.00354299 max|U_ii|=195565 ratio=1.81167e-08 pivots<1e-12: 0
  [LU] n=924 kutta=1 min|U_ii|=0.0049059 max|U_ii|=111026 ratio=4.41868e-08 pivots<1e-12: 0
  [LU] n=2520 kutta=1 min|U_ii|=0.0445846 max|U_ii|=6061.07 ratio=7.3559e-06 pivots<1e-12: 0
  [LU] n=924 kutta=1 min|U_ii|=0.00354299 max|U_ii|=195565 ratio=1.81167e-08 pivots<1e-12: 0
  [LU] n=924 kutta=1 min|U_ii|=0.00354299 max|U_ii|=195565 ratio=1.81167e-08 pivots<1e-12: 0
  [LU] n=924 kutta=1 min|U_ii|=0.0049059 max|U_ii|=111026 ratio=4.41868e-08 pivots<1e-12: 0
  [LU] n=2520 kutta=1 min|U_ii|=0.0445846 max|U_ii|=6061.07 ratio=7.3559e-06 pivots<1e-12: 0
  [LU] n=924 kutta=1 min|U_ii|=0.00354299 max|U_ii|=195565 ratio=1.81167e-08 pivots<1e-12: 0
  [LU] n=924 kutta=1 min|U_ii|=0.00354299 max|U_ii|=195565 ratio=1.81167e-08 pivots<1e-12: 0
  [LU] n=924 kutta=1 min|U_ii|=0.0049059 max|U_ii|=111026 ratio=4.41868e-08 pivots<1e-12: 0
  [LU] n=2520 kutta=1 min|U_ii|=0.0445846 max|U_ii|=6061.07 ratio=7.3559e-06 pivots<1e-12: 0
  [LU] n=924 kutta=1 min|U_ii|=0.00354299 max|U_ii|=195565 ratio=1.81167e-08 pivots<1e-12: 0
  [LU] n=924 kutta=1 min|U_ii|=0.00354299 max|U_ii|=195565 ratio=1.81167e-08 pivots<1e-12: 0
  [LU] n=924 kutta=1 min|U_ii|=0.0049059 max|U_ii|=111026 ratio=4.41868e-08 pivots<1e-12: 0
  [LU] n=2520 kutta=1 min|U_ii|=0.0445846 max|U_ii|=6061.07 ratio=7.3559e-06 pivots<1e-12: 0
  [LU] n=924 kutta=1 min|U_ii|=0.00354299 max|U_ii|=195565 ratio=1.81167e-08 pivots<1e-12: 0
  [LU] n=924 kutta=1 min|U_ii|=0.00354299 max|U_ii|=195565 ratio=1.81167e-08 pivots<1e-12: 0
  [LU] n=924 kutta=1 min|U_ii|=0.0049059 max|U_ii|=111026 ratio=4.41868e-08 pivots<1e-12: 0
  [LU] n=2520 kutta=1 min|U_ii|=0.0445846 max|U_ii|=6061.07 ratio=7.3559e-06 pivots<1e-12: 0
  [LU] n=924 kutta=1 min|U_ii|=0.00354299 max|U_ii|=195565 ratio=1.81167e-08 pivots<1e-12: 0
  [LU] n=924 kutta=1 min|U_ii|=0.00354299 max|U_ii|=195565 ratio=1.81167e-08 pivots<1e-12: 0
  [LU] n=924 kutta=1 min|U_ii|=0.0049059 max|U_ii|=111026 ratio=4.41868e-08 pivots<1e-12: 0
  [LU] n=2520 kutta=1 min|U_ii|=0.0445846 max|U_ii|=6061.07 ratio=7.3559e-06 pivots<1e-12: 0
  [LU] n=924 kutta=1 min|U_ii|=0.00354299 max|U_ii|=195565 ratio=1.81167e-08 pivots<1e-12: 0
  [LU] n=924 kutta=1 min|U_ii|=0.00354299 max|U_ii|=195565 ratio=1.81167e-08 pivots<1e-12: 0
  [LU] n=924 kutta=1 min|U_ii|=0.0049059 max|U_ii|=111026 ratio=4.41868e-08 pivots<1e-12: 0
  [LU] n=2520 kutta=1 min|U_ii|=0.0445846 max|U_ii|=6061.07 ratio=7.3559e-06 pivots<1e-12: 0
  [LU] n=924 kutta=1 min|U_ii|=0.00354299 max|U_ii|=195565 ratio=1.81167e-08 pivots<1e-12: 0
  [LU] n=924 kutta=1 min|U_ii|=0.00354299 max|U_ii|=195565 ratio=1.81167e-08 pivots<1e-12: 0
  [LU] n=924 kutta=1 min|U_ii|=0.0049059 max|U_ii|=111026 ratio=4.41868e-08 pivots<1e-12: 0
  [LU] n=2520 kutta=1 min|U_ii|=0.0445846 max|U_ii|=6061.07 ratio=7.3559e-06 pivots<1e-12: 0
  [LU] n=924 kutta=1 min|U_ii|=0.00354299 max|U_ii|=195565 ratio=1.81167e-08 pivots<1e-12: 0
  [LU] n=924 kutta=1 min|U_ii|=0.00354299 max|U_ii|=195565 ratio=1.81167e-08 pivots<1e-12: 0
  [LU] n=924 kutta=1 min|U_ii|=0.0049059 max|U_ii|=111026 ratio=4.41868e-08 pivots<1e-12: 0
  [LU] n=2520 kutta=1 min|U_ii|=0.0445846 max|U_ii|=6061.07 ratio=7.3559e-06 pivots<1e-12: 0
  [LU] n=924 kutta=1 min|U_ii|=0.00354299 max|U_ii|=195565 ratio=1.81167e-08 pivots<1e-12: 0
  [LU] n=924 kutta=1 min|U_ii|=0.00354299 max|U_ii|=195565 ratio=1.81167e-08 pivots<1e-12: 0
  [LU] n=924 kutta=1 min|U_ii|=0.0049059 max|U_ii|=111026 ratio=4.41868e-08 pivots<1e-12: 0
  [LU] n=2520 kutta=1 min|U_ii|=0.0445846 max|U_ii|=6061.07 ratio=7.3559e-06 pivots<1e-12: 0
  [LU] n=924 kutta=1 min|U_ii|=0.00354299 max|U_ii|=195565 ratio=1.81167e-08 pivots<1e-12: 0
  [LU] n=924 kutta=1 min|U_ii|=0.00354299 max|U_ii|=195565 ratio=1.81167e-08 pivots<1e-12: 0
  [LU] n=924 kutta=1 min|U_ii|=0.0049059 max|U_ii|=111026 ratio=4.41868e-08 pivots<1e-12: 0
  [LU] n=2520 kutta=1 min|U_ii|=0.0445846 max|U_ii|=6061.07 ratio=7.3559e-06 pivots<1e-12: 0
  [LU] n=924 kutta=1 min|U_ii|=0.00354299 max|U_ii|=195565 ratio=1.81167e-08 pivots<1e-12: 0
  [LU] n=924 kutta=1 min|U_ii|=0.00354299 max|U_ii|=195565 ratio=1.81167e-08 pivots<1e-12: 0
  [LU] n=924 kutta=1 min|U_ii|=0.0049059 max|U_ii|=111026 ratio=4.41868e-08 pivots<1e-12: 0
  [LU] n=2520 kutta=1 min|U_ii|=0.0445846 max|U_ii|=6061.07 ratio=7.3559e-06 pivots<1e-12: 0
  [LU] n=924 kutta=1 min|U_ii|=0.00354299 max|U_ii|=195565 ratio=1.81167e-08 pivots<1e-12: 0
  [LU] n=924 kutta=1 min|U_ii|=0.00354299 max|U_ii|=195565 ratio=1.81167e-08 pivots<1e-12: 0
  [LU] n=924 kutta=1 min|U_ii|=0.0049059 max|U_ii|=111026 ratio=4.41868e-08 pivots<1e-12: 0
  [LU] n=2520 kutta=1 min|U_ii|=0.0445846 max|U_ii|=6061.07 ratio=7.3559e-06 pivots<1e-12: 0
  [LU] n=924 kutta=1 min|U_ii|=0.00354299 max|U_ii|=195565 ratio=1.81167e-08 pivots<1e-12: 0
  [LU] n=924 kutta=1 min|U_ii|=0.00354299 max|U_ii|=195565 ratio=1.81167e-08 pivots<1e-12: 0
  [LU] n=924 kutta=1 min|U_ii|=0.0049059 max|U_ii|=111026 ratio=4.41868e-08 pivots<1e-12: 0
  [LU] n=2520 kutta=1 min|U_ii|=0.0445846 max|U_ii|=6061.07 ratio=7.3559e-06 pivots<1e-12: 0
  [LU] n=924 kutta=1 min|U_ii|=0.00354299 max|U_ii|=195565 ratio=1.81167e-08 pivots<1e-12: 0
  [LU] n=924 kutta=1 min|U_ii|=0.00354299 max|U_ii|=195565 ratio=1.81167e-08 pivots<1e-12: 0
  [LU] n=924 kutta=1 min|U_ii|=0.0049059 max|U_ii|=111026 ratio=4.41868e-08 pivots<1e-12: 0
  [LU] n=2520 kutta=1 min|U_ii|=0.0445846 max|U_ii|=6061.07 ratio=7.3559e-06 pivots<1e-12: 0
  [LU] n=924 kutta=1 min|U_ii|=0.00354299 max|U_ii|=195565 ratio=1.81167e-08 pivots<1e-12: 0
  [LU] n=924 kutta=1 min|U_ii|=0.00354299 max|U_ii|=195565 ratio=1.81167e-08 pivots<1e-12: 0
  [LU] n=924 kutta=1 min|U_ii|=0.0049059 max|U_ii|=111026 ratio=4.41868e-08 pivots<1e-12: 0
  [LU] n=2520 kutta=1 min|U_ii|=0.0445846 max|U_ii|=6061.07 ratio=7.3559e-06 pivots<1e-12: 0
  [LU] n=924 kutta=1 min|U_ii|=0.00354299 max|U_ii|=195565 ratio=1.81167e-08 pivots<1e-12: 0
  [LU] n=924 kutta=1 min|U_ii|=0.00354299 max|U_ii|=195565 ratio=1.81167e-08 pivots<1e-12: 0
  [LU] n=924 kutta=1 min|U_ii|=0.0049059 max|U_ii|=111026 ratio=4.41868e-08 pivots<1e-12: 0
  [LU] n=2520 kutta=1 min|U_ii|=0.0445846 max|U_ii|=6061.07 ratio=7.3559e-06 pivots<1e-12: 0
  [LU] n=924 kutta=1 min|U_ii|=0.00354299 max|U_ii|=195565 ratio=1.81167e-08 pivots<1e-12: 0
  [LU] n=924 kutta=1 min|U_ii|=0.00354299 max|U_ii|=195565 ratio=1.81167e-08 pivots<1e-12: 0
  [LU] n=924 kutta=1 min|U_ii|=0.0049059 max|U_ii|=111026 ratio=4.41868e-08 pivots<1e-12: 0
  [LU] n=2520 kutta=1 min|U_ii|=0.0445846 max|U_ii|=6061.07 ratio=7.3559e-06 pivots<1e-12: 0
  [LU] n=924 kutta=1 min|U_ii|=0.00354299 max|U_ii|=195565 ratio=1.81167e-08 pivots<1e-12: 0
  [LU] n=924 kutta=1 min|U_ii|=0.00354299 max|U_ii|=195565 ratio=1.81167e-08 pivots<1e-12: 0
  [LU] n=924 kutta=1 min|U_ii|=0.0049059 max|U_ii|=111026 ratio=4.41868e-08 pivots<1e-12: 0
  [LU] n=2520 kutta=1 min|U_ii|=0.0445846 max|U_ii|=6061.07 ratio=7.3559e-06 pivots<1e-12: 0
  [LU] n=924 kutta=1 min|U_ii|=0.00354299 max|U_ii|=195565 ratio=1.81167e-08 pivots<1e-12: 0
  [LU] n=924 kutta=1 min|U_ii|=0.00354299 max|U_ii|=195565 ratio=1.81167e-08 pivots<1e-12: 0
  [LU] n=924 kutta=1 min|U_ii|=0.0049059 max|U_ii|=111026 ratio=4.41868e-08 pivots<1e-12: 0
  [LU] n=2520 kutta=1 min|U_ii|=0.0445846 max|U_ii|=6061.07 ratio=7.3559e-06 pivots<1e-12: 0
  [LU] n=924 kutta=1 min|U_ii|=0.00354299 max|U_ii|=195565 ratio=1.81167e-08 pivots<1e-12: 0
  [LU] n=924 kutta=1 min|U_ii|=0.00354299 max|U_ii|=195565 ratio=1.81167e-08 pivots<1e-12: 0
  [LU] n=924 kutta=1 min|U_ii|=0.0049059 max|U_ii|=111026 ratio=4.41868e-08 pivots<1e-12: 0
  [LU] n=2520 kutta=1 min|U_ii|=0.0445846 max|U_ii|=6061.07 ratio=7.3559e-06 pivots<1e-12: 0
  [LU] n=924 kutta=1 min|U_ii|=0.00354299 max|U_ii|=195565 ratio=1.81167e-08 pivots<1e-12: 0
  [LU] n=924 kutta=1 min|U_ii|=0.00354299 max|U_ii|=195565 ratio=1.81167e-08 pivots<1e-12: 0
  [LU] n=924 kutta=1 min|U_ii|=0.0049059 max|U_ii|=111026 ratio=4.41868e-08 pivots<1e-12: 0
  [LU] n=2520 kutta=1 min|U_ii|=0.0445846 max|U_ii|=6061.07 ratio=7.3559e-06 pivots<1e-12: 0
  [LU] n=924 kutta=1 min|U_ii|=0.00354299 max|U_ii|=195565 ratio=1.81167e-08 pivots<1e-12: 0
  [LU] n=924 kutta=1 min|U_ii|=0.00354299 max|U_ii|=195565 ratio=1.81167e-08 pivots<1e-12: 0
  [LU] n=924 kutta=1 min|U_ii|=0.0049059 max|U_ii|=111026 ratio=4.41868e-08 pivots<1e-12: 0
  [LU] n=2520 kutta=1 min|U_ii|=0.0445846 max|U_ii|=6061.07 ratio=7.3559e-06 pivots<1e-12: 0
  [LU] n=924 kutta=1 min|U_ii|=0.00354299 max|U_ii|=195565 ratio=1.81167e-08 pivots<1e-12: 0
  [LU] n=924 kutta=1 min|U_ii|=0.00354299 max|U_ii|=195565 ratio=1.81167e-08 pivots<1e-12: 0
  [LU] n=924 kutta=1 min|U_ii|=0.0049059 max|U_ii|=111026 ratio=4.41868e-08 pivots<1e-12: 0
  [LU] n=2520 kutta=1 min|U_ii|=0.0445846 max|U_ii|=6061.07 ratio=7.3559e-06 pivots<1e-12: 0
  [LU] n=924 kutta=1 min|U_ii|=0.00354299 max|U_ii|=195565 ratio=1.81167e-08 pivots<1e-12: 0
  [LU] n=924 kutta=1 min|U_ii|=0.00354299 max|U_ii|=195565 ratio=1.81167e-08 pivots<1e-12: 0
  [LU] n=924 kutta=1 min|U_ii|=0.0049059 max|U_ii|=111026 ratio=4.41868e-08 pivots<1e-12: 0
  [LU] n=2520 kutta=1 min|U_ii|=0.0445846 max|U_ii|=6061.07 ratio=7.3559e-06 pivots<1e-12: 0
  [LU] n=924 kutta=1 min|U_ii|=0.00354299 max|U_ii|=195565 ratio=1.81167e-08 pivots<1e-12: 0
  [LU] n=924 kutta=1 min|U_ii|=0.00354299 max|U_ii|=195565 ratio=1.81167e-08 pivots<1e-12: 0
  [LU] n=924 kutta=1 min|U_ii|=0.0049059 max|U_ii|=111026 ratio=4.41868e-08 pivots<1e-12: 0
  [LU] n=2520 kutta=1 min|U_ii|=0.0445846 max|U_ii|=6061.07 ratio=7.3559e-06 pivots<1e-12: 0
  [LU] n=924 kutta=1 min|U_ii|=0.00354299 max|U_ii|=195565 ratio=1.81167e-08 pivots<1e-12: 0
  [LU] n=924 kutta=1 min|U_ii|=0.00354299 max|U_ii|=195565 ratio=1.81167e-08 pivots<1e-12: 0
  [LU] n=924 kutta=1 min|U_ii|=0.0049059 max|U_ii|=111026 ratio=4.41868e-08 pivots<1e-12: 0
  [LU] n=2520 kutta=1 min|U_ii|=0.0445846 max|U_ii|=6061.07 ratio=7.3559e-06 pivots<1e-12: 0
  [LU] n=924 kutta=1 min|U_ii|=0.00354299 max|U_ii|=195565 ratio=1.81167e-08 pivots<1e-12: 0
  [LU] n=924 kutta=1 min|U_ii|=0.00354299 max|U_ii|=195565 ratio=1.81167e-08 pivots<1e-12: 0
  [LU] n=924 kutta=1 min|U_ii|=0.0049059 max|U_ii|=111026 ratio=4.41868e-08 pivots<1e-12: 0
  [LU] n=2520 kutta=1 min|U_ii|=0.0445846 max|U_ii|=6061.07 ratio=7.3559e-06 pivots<1e-12: 0
  [LU] n=924 kutta=1 min|U_ii|=0.00354299 max|U_ii|=195565 ratio=1.81167e-08 pivots<1e-12: 0
  [LU] n=924 kutta=1 min|U_ii|=0.00354299 max|U_ii|=195565 ratio=1.81167e-08 pivots<1e-12: 0
  [LU] n=924 kutta=1 min|U_ii|=0.0049059 max|U_ii|=111026 ratio=4.41868e-08 pivots<1e-12: 0
  [LU] n=2520 kutta=1 min|U_ii|=0.0445846 max|U_ii|=6061.07 ratio=7.3559e-06 pivots<1e-12: 0
  [LU] n=924 kutta=1 min|U_ii|=0.00354299 max|U_ii|=195565 ratio=1.81167e-08 pivots<1e-12: 0
  [LU] n=924 kutta=1 min|U_ii|=0.00354299 max|U_ii|=195565 ratio=1.81167e-08 pivots<1e-12: 0
  [LU] n=924 kutta=1 min|U_ii|=0.0049059 max|U_ii|=111026 ratio=4.41868e-08 pivots<1e-12: 0
  [LU] n=2520 kutta=1 min|U_ii|=0.0445846 max|U_ii|=6061.07 ratio=7.3559e-06 pivots<1e-12: 0
  [LU] n=924 kutta=1 min|U_ii|=0.00354299 max|U_ii|=195565 ratio=1.81167e-08 pivots<1e-12: 0
  [LU] n=924 kutta=1 min|U_ii|=0.00354299 max|U_ii|=195565 ratio=1.81167e-08 pivots<1e-12: 0
  [LU] n=924 kutta=1 min|U_ii|=0.0049059 max|U_ii|=111026 ratio=4.41868e-08 pivots<1e-12: 0
  [LU] n=2520 kutta=1 min|U_ii|=0.0445846 max|U_ii|=6061.07 ratio=7.3559e-06 pivots<1e-12: 0
  [LU] n=924 kutta=1 min|U_ii|=0.00354299 max|U_ii|=195565 ratio=1.81167e-08 pivots<1e-12: 0
  [LU] n=924 kutta=1 min|U_ii|=0.00354299 max|U_ii|=195565 ratio=1.81167e-08 pivots<1e-12: 0
  [LU] n=924 kutta=1 min|U_ii|=0.0049059 max|U_ii|=111026 ratio=4.41868e-08 pivots<1e-12: 0
  [LU] n=2520 kutta=1 min|U_ii|=0.0445846 max|U_ii|=6061.07 ratio=7.3559e-06 pivots<1e-12: 0
  [LU] n=924 kutta=1 min|U_ii|=0.00354299 max|U_ii|=195565 ratio=1.81167e-08 pivots<1e-12: 0
  [LU] n=924 kutta=1 min|U_ii|=0.00354299 max|U_ii|=195565 ratio=1.81167e-08 pivots<1e-12: 0
  [LU] n=924 kutta=1 min|U_ii|=0.0049059 max|U_ii|=111026 ratio=4.41868e-08 pivots<1e-12: 0
  [LU] n=2520 kutta=1 min|U_ii|=0.0445846 max|U_ii|=6061.07 ratio=7.3559e-06 pivots<1e-12: 0
  [LU] n=924 kutta=1 min|U_ii|=0.00354299 max|U_ii|=195565 ratio=1.81167e-08 pivots<1e-12: 0
  [LU] n=924 kutta=1 min|U_ii|=0.00354299 max|U_ii|=195565 ratio=1.81167e-08 pivots<1e-12: 0
  [LU] n=924 kutta=1 min|U_ii|=0.0049059 max|U_ii|=111026 ratio=4.41868e-08 pivots<1e-12: 0
  [LU] n=2520 kutta=1 min|U_ii|=0.0445846 max|U_ii|=6061.07 ratio=7.3559e-06 pivots<1e-12: 0
  [LU] n=924 kutta=1 min|U_ii|=0.00354299 max|U_ii|=195565 ratio=1.81167e-08 pivots<1e-12: 0
  [LU] n=924 kutta=1 min|U_ii|=0.00354299 max|U_ii|=195565 ratio=1.81167e-08 pivots<1e-12: 0
  [LU] n=924 kutta=1 min|U_ii|=0.0049059 max|U_ii|=111026 ratio=4.41868e-08 pivots<1e-12: 0
  [LU] n=2520 kutta=1 min|U_ii|=0.0445846 max|U_ii|=6061.07 ratio=7.3559e-06 pivots<1e-12: 0
  [LU] n=924 kutta=1 min|U_ii|=0.00354299 max|U_ii|=195565 ratio=1.81167e-08 pivots<1e-12: 0
  [LU] n=924 kutta=1 min|U_ii|=0.00354299 max|U_ii|=195565 ratio=1.81167e-08 pivots<1e-12: 0
  [LU] n=924 kutta=1 min|U_ii|=0.0049059 max|U_ii|=111026 ratio=4.41868e-08 pivots<1e-12: 0
  [LU] n=2520 kutta=1 min|U_ii|=0.0445846 max|U_ii|=6061.07 ratio=7.3559e-06 pivots<1e-12: 0
  [LU] n=924 kutta=1 min|U_ii|=0.00354299 max|U_ii|=195565 ratio=1.81167e-08 pivots<1e-12: 0
  [LU] n=924 kutta=1 min|U_ii|=0.00354299 max|U_ii|=195565 ratio=1.81167e-08 pivots<1e-12: 0
  [LU] n=924 kutta=1 min|U_ii|=0.0049059 max|U_ii|=111026 ratio=4.41868e-08 pivots<1e-12: 0
  [LU] n=2520 kutta=1 min|U_ii|=0.0445846 max|U_ii|=6061.07 ratio=7.3559e-06 pivots<1e-12: 0
  [LU] n=924 kutta=1 min|U_ii|=0.00354299 max|U_ii|=195565 ratio=1.81167e-08 pivots<1e-12: 0
  [LU] n=924 kutta=1 min|U_ii|=0.00354299 max|U_ii|=195565 ratio=1.81167e-08 pivots<1e-12: 0
  [LU] n=924 kutta=1 min|U_ii|=0.0049059 max|U_ii|=111026 ratio=4.41868e-08 pivots<1e-12: 0
  [LU] n=2520 kutta=1 min|U_ii|=0.0445846 max|U_ii|=6061.07 ratio=7.3559e-06 pivots<1e-12: 0
  [LU] n=924 kutta=1 min|U_ii|=0.00354299 max|U_ii|=195565 ratio=1.81167e-08 pivots<1e-12: 0
  [LU] n=924 kutta=1 min|U_ii|=0.00354299 max|U_ii|=195565 ratio=1.81167e-08 pivots<1e-12: 0
  [LU] n=924 kutta=1 min|U_ii|=0.0049059 max|U_ii|=111026 ratio=4.41868e-08 pivots<1e-12: 0
  [LU] n=2520 kutta=1 min|U_ii|=0.0445846 max|U_ii|=6061.07 ratio=7.3559e-06 pivots<1e-12: 0
  [LU] n=924 kutta=1 min|U_ii|=0.00354299 max|U_ii|=195565 ratio=1.81167e-08 pivots<1e-12: 0
  [LU] n=924 kutta=1 min|U_ii|=0.00354299 max|U_ii|=195565 ratio=1.81167e-08 pivots<1e-12: 0
  [LU] n=924 kutta=1 min|U_ii|=0.0049059 max|U_ii|=111026 ratio=4.41868e-08 pivots<1e-12: 0
  [LU] n=2520 kutta=1 min|U_ii|=0.0445846 max|U_ii|=6061.07 ratio=7.3559e-06 pivots<1e-12: 0
  [LU] n=924 kutta=1 min|U_ii|=0.00354299 max|U_ii|=195565 ratio=1.81167e-08 pivots<1e-12: 0
  [LU] n=924 kutta=1 min|U_ii|=0.00354299 max|U_ii|=195565 ratio=1.81167e-08 pivots<1e-12: 0
  [LU] n=924 kutta=1 min|U_ii|=0.0049059 max|U_ii|=111026 ratio=4.41868e-08 pivots<1e-12: 0
  [LU] n=2520 kutta=1 min|U_ii|=0.0445846 max|U_ii|=6061.07 ratio=7.3559e-06 pivots<1e-12: 0
  [LU] n=924 kutta=1 min|U_ii|=0.00354299 max|U_ii|=195565 ratio=1.81167e-08 pivots<1e-12: 0
  [LU] n=924 kutta=1 min|U_ii|=0.00354299 max|U_ii|=195565 ratio=1.81167e-08 pivots<1e-12: 0
  [LU] n=924 kutta=1 min|U_ii|=0.0049059 max|U_ii|=111026 ratio=4.41868e-08 pivots<1e-12: 0
  [LU] n=2520 kutta=1 min|U_ii|=0.0445846 max|U_ii|=6061.07 ratio=7.3559e-06 pivots<1e-12: 0
  [LU] n=924 kutta=1 min|U_ii|=0.00354299 max|U_ii|=195565 ratio=1.81167e-08 pivots<1e-12: 0
  [LU] n=924 kutta=1 min|U_ii|=0.00354299 max|U_ii|=195565 ratio=1.81167e-08 pivots<1e-12: 0
  [LU] n=924 kutta=1 min|U_ii|=0.0049059 max|U_ii|=111026 ratio=4.41868e-08 pivots<1e-12: 0
  [LU] n=2520 kutta=1 min|U_ii|=0.0445846 max|U_ii|=6061.07 ratio=7.3559e-06 pivots<1e-12: 0
  [LU] n=924 kutta=1 min|U_ii|=0.00354299 max|U_ii|=195565 ratio=1.81167e-08 pivots<1e-12: 0
  [LU] n=924 kutta=1 min|U_ii|=0.00354299 max|U_ii|=195565 ratio=1.81167e-08 pivots<1e-12: 0
  [LU] n=924 kutta=1 min|U_ii|=0.0049059 max|U_ii|=111026 ratio=4.41868e-08 pivots<1e-12: 0
  [LU] n=2520 kutta=1 min|U_ii|=0.0445846 max|U_ii|=6061.07 ratio=7.3559e-06 pivots<1e-12: 0
  [LU] n=924 kutta=1 min|U_ii|=0.00354299 max|U_ii|=195565 ratio=1.81167e-08 pivots<1e-12: 0
  [LU] n=924 kutta=1 min|U_ii|=0.00354299 max|U_ii|=195565 ratio=1.81167e-08 pivots<1e-12: 0
  [LU] n=924 kutta=1 min|U_ii|=0.0049059 max|U_ii|=111026 ratio=4.41868e-08 pivots<1e-12: 0
  [LU] n=2520 kutta=1 min|U_ii|=0.0445846 max|U_ii|=6061.07 ratio=7.3559e-06 pivots<1e-12: 0
  [LU] n=924 kutta=1 min|U_ii|=0.00354299 max|U_ii|=195565 ratio=1.81167e-08 pivots<1e-12: 0
  [LU] n=924 kutta=1 min|U_ii|=0.00354299 max|U_ii|=195565 ratio=1.81167e-08 pivots<1e-12: 0
  [LU] n=924 kutta=1 min|U_ii|=0.0049059 max|U_ii|=111026 ratio=4.41868e-08 pivots<1e-12: 0
  [LU] n=2520 kutta=1 min|U_ii|=0.0445846 max|U_ii|=6061.07 ratio=7.3559e-06 pivots<1e-12: 0
  [LU] n=924 kutta=1 min|U_ii|=0.00354299 max|U_ii|=195565 ratio=1.81167e-08 pivots<1e-12: 0
  [LU] n=924 kutta=1 min|U_ii|=0.00354299 max|U_ii|=195565 ratio=1.81167e-08 pivots<1e-12: 0
  [LU] n=924 kutta=1 min|U_ii|=0.0049059 max|U_ii|=111026 ratio=4.41868e-08 pivots<1e-12: 0
  [LU] n=2520 kutta=1 min|U_ii|=0.0445846 max|U_ii|=6061.07 ratio=7.3559e-06 pivots<1e-12: 0
  [LU] n=924 kutta=1 min|U_ii|=0.00354299 max|U_ii|=195565 ratio=1.81167e-08 pivots<1e-12: 0
  [LU] n=924 kutta=1 min|U_ii|=0.00354299 max|U_ii|=195565 ratio=1.81167e-08 pivots<1e-12: 0
  [LU] n=924 kutta=1 min|U_ii|=0.0049059 max|U_ii|=111026 ratio=4.41868e-08 pivots<1e-12: 0
  [LU] n=2520 kutta=1 min|U_ii|=0.0445846 max|U_ii|=6061.07 ratio=7.3559e-06 pivots<1e-12: 0
  [LU] n=924 kutta=1 min|U_ii|=0.00354299 max|U_ii|=195565 ratio=1.81167e-08 pivots<1e-12: 0
  [LU] n=924 kutta=1 min|U_ii|=0.00354299 max|U_ii|=195565 ratio=1.81167e-08 pivots<1e-12: 0
  [LU] n=924 kutta=1 min|U_ii|=0.0049059 max|U_ii|=111026 ratio=4.41868e-08 pivots<1e-12: 0
  [LU] n=2520 kutta=1 min|U_ii|=0.0445846 max|U_ii|=6061.07 ratio=7.3559e-06 pivots<1e-12: 0
  [LU] n=924 kutta=1 min|U_ii|=0.00354299 max|U_ii|=195565 ratio=1.81167e-08 pivots<1e-12: 0
  [LU] n=924 kutta=1 min|U_ii|=0.00354299 max|U_ii|=195565 ratio=1.81167e-08 pivots<1e-12: 0
  [LU] n=924 kutta=1 min|U_ii|=0.0049059 max|U_ii|=111026 ratio=4.41868e-08 pivots<1e-12: 0
  [LU] n=2520 kutta=1 min|U_ii|=0.0445846 max|U_ii|=6061.07 ratio=7.3559e-06 pivots<1e-12: 0
  [LU] n=924 kutta=1 min|U_ii|=0.00354299 max|U_ii|=195565 ratio=1.81167e-08 pivots<1e-12: 0
  [LU] n=924 kutta=1 min|U_ii|=0.00354299 max|U_ii|=195565 ratio=1.81167e-08 pivots<1e-12: 0
  [LU] n=924 kutta=1 min|U_ii|=0.0049059 max|U_ii|=111026 ratio=4.41868e-08 pivots<1e-12: 0
  [LU] n=2520 kutta=1 min|U_ii|=0.0445846 max|U_ii|=6061.07 ratio=7.3559e-06 pivots<1e-12: 0
  [LU] n=924 kutta=1 min|U_ii|=0.00354299 max|U_ii|=195565 ratio=1.81167e-08 pivots<1e-12: 0
  [LU] n=924 kutta=1 min|U_ii|=0.00354299 max|U_ii|=195565 ratio=1.81167e-08 pivots<1e-12: 0
  [LU] n=924 kutta=1 min|U_ii|=0.0049059 max|U_ii|=111026 ratio=4.41868e-08 pivots<1e-12: 0
  [LU] n=2520 kutta=1 min|U_ii|=0.0445846 max|U_ii|=6061.07 ratio=7.3559e-06 pivots<1e-12: 0
  [LU] n=924 kutta=1 min|U_ii|=0.00354299 max|U_ii|=195565 ratio=1.81167e-08 pivots<1e-12: 0
  [LU] n=924 kutta=1 min|U_ii|=0.00354299 max|U_ii|=195565 ratio=1.81167e-08 pivots<1e-12: 0
  [LU] n=924 kutta=1 min|U_ii|=0.0049059 max|U_ii|=111026 ratio=4.41868e-08 pivots<1e-12: 0
  [LU] n=2520 kutta=1 min|U_ii|=0.0445846 max|U_ii|=6061.07 ratio=7.3559e-06 pivots<1e-12: 0
  [LU] n=924 kutta=1 min|U_ii|=0.00354299 max|U_ii|=195565 ratio=1.81167e-08 pivots<1e-12: 0
  [LU] n=924 kutta=1 min|U_ii|=0.00354299 max|U_ii|=195565 ratio=1.81167e-08 pivots<1e-12: 0
  [LU] n=924 kutta=1 min|U_ii|=0.0049059 max|U_ii|=111026 ratio=4.41868e-08 pivots<1e-12: 0
  [LU] n=2520 kutta=1 min|U_ii|=0.0445846 max|U_ii|=6061.07 ratio=7.3559e-06 pivots<1e-12: 0
  [LU] n=924 kutta=1 min|U_ii|=0.00354299 max|U_ii|=195565 ratio=1.81167e-08 pivots<1e-12: 0
  [LU] n=924 kutta=1 min|U_ii|=0.00354299 max|U_ii|=195565 ratio=1.81167e-08 pivots<1e-12: 0
  [LU] n=924 kutta=1 min|U_ii|=0.0049059 max|U_ii|=111026 ratio=4.41868e-08 pivots<1e-12: 0
  [LU] n=2520 kutta=1 min|U_ii|=0.0445846 max|U_ii|=6061.07 ratio=7.3559e-06 pivots<1e-12: 0
  [LU] n=924 kutta=1 min|U_ii|=0.00354299 max|U_ii|=195565 ratio=1.81167e-08 pivots<1e-12: 0
  [LU] n=924 kutta=1 min|U_ii|=0.00354299 max|U_ii|=195565 ratio=1.81167e-08 pivots<1e-12: 0
  [LU] n=924 kutta=1 min|U_ii|=0.0049059 max|U_ii|=111026 ratio=4.41868e-08 pivots<1e-12: 0
  [LU] n=2520 kutta=1 min|U_ii|=0.0445846 max|U_ii|=6061.07 ratio=7.3559e-06 pivots<1e-12: 0
  [LU] n=924 kutta=1 min|U_ii|=0.00354299 max|U_ii|=195565 ratio=1.81167e-08 pivots<1e-12: 0
  [LU] n=924 kutta=1 min|U_ii|=0.00354299 max|U_ii|=195565 ratio=1.81167e-08 pivots<1e-12: 0
  [LU] n=924 kutta=1 min|U_ii|=0.0049059 max|U_ii|=111026 ratio=4.41868e-08 pivots<1e-12: 0
  [LU] n=2520 kutta=1 min|U_ii|=0.0445846 max|U_ii|=6061.07 ratio=7.3559e-06 pivots<1e-12: 0
  [LU] n=924 kutta=1 min|U_ii|=0.00354299 max|U_ii|=195565 ratio=1.81167e-08 pivots<1e-12: 0
  [LU] n=924 kutta=1 min|U_ii|=0.00354299 max|U_ii|=195565 ratio=1.81167e-08 pivots<1e-12: 0
  [LU] n=924 kutta=1 min|U_ii|=0.0049059 max|U_ii|=111026 ratio=4.41868e-08 pivots<1e-12: 0
  [LU] n=2520 kutta=1 min|U_ii|=0.0445846 max|U_ii|=6061.07 ratio=7.3559e-06 pivots<1e-12: 0
  [LU] n=924 kutta=1 min|U_ii|=0.00354299 max|U_ii|=195565 ratio=1.81167e-08 pivots<1e-12: 0
  [LU] n=924 kutta=1 min|U_ii|=0.00354299 max|U_ii|=195565 ratio=1.81167e-08 pivots<1e-12: 0
  [LU] n=924 kutta=1 min|U_ii|=0.0049059 max|U_ii|=111026 ratio=4.41868e-08 pivots<1e-12: 0
  [LU] n=2520 kutta=1 min|U_ii|=0.0445846 max|U_ii|=6061.07 ratio=7.3559e-06 pivots<1e-12: 0
  [LU] n=924 kutta=1 min|U_ii|=0.00354299 max|U_ii|=195565 ratio=1.81167e-08 pivots<1e-12: 0
  [LU] n=924 kutta=1 min|U_ii|=0.00354299 max|U_ii|=195565 ratio=1.81167e-08 pivots<1e-12: 0
  [LU] n=924 kutta=1 min|U_ii|=0.0049059 max|U_ii|=111026 ratio=4.41868e-08 pivots<1e-12: 0
  [LU] n=2520 kutta=1 min|U_ii|=0.0445846 max|U_ii|=6061.07 ratio=7.3559e-06 pivots<1e-12: 0
  [LU] n=924 kutta=1 min|U_ii|=0.00354299 max|U_ii|=195565 ratio=1.81167e-08 pivots<1e-12: 0
  [LU] n=924 kutta=1 min|U_ii|=0.00354299 max|U_ii|=195565 ratio=1.81167e-08 pivots<1e-12: 0
  [LU] n=924 kutta=1 min|U_ii|=0.0049059 max|U_ii|=111026 ratio=4.41868e-08 pivots<1e-12: 0
  [LU] n=2520 kutta=1 min|U_ii|=0.0445846 max|U_ii|=6061.07 ratio=7.3559e-06 pivots<1e-12: 0
  [LU] n=924 kutta=1 min|U_ii|=0.00354299 max|U_ii|=195565 ratio=1.81167e-08 pivots<1e-12: 0
  [LU] n=924 kutta=1 min|U_ii|=0.00354299 max|U_ii|=195565 ratio=1.81167e-08 pivots<1e-12: 0
  [LU] n=924 kutta=1 min|U_ii|=0.0049059 max|U_ii|=111026 ratio=4.41868e-08 pivots<1e-12: 0
  [LU] n=2520 kutta=1 min|U_ii|=0.0445846 max|U_ii|=6061.07 ratio=7.3559e-06 pivots<1e-12: 0
  [LU] n=924 kutta=1 min|U_ii|=0.00354299 max|U_ii|=195565 ratio=1.81167e-08 pivots<1e-12: 0
  [LU] n=924 kutta=1 min|U_ii|=0.00354299 max|U_ii|=195565 ratio=1.81167e-08 pivots<1e-12: 0
  [LU] n=924 kutta=1 min|U_ii|=0.0049059 max|U_ii|=111026 ratio=4.41868e-08 pivots<1e-12: 0
  [LU] n=2520 kutta=1 min|U_ii|=0.0445846 max|U_ii|=6061.07 ratio=7.3559e-06 pivots<1e-12: 0
  [LU] n=924 kutta=1 min|U_ii|=0.00354299 max|U_ii|=195565 ratio=1.81167e-08 pivots<1e-12: 0
  [LU] n=924 kutta=1 min|U_ii|=0.00354299 max|U_ii|=195565 ratio=1.81167e-08 pivots<1e-12: 0
  [LU] n=924 kutta=1 min|U_ii|=0.0049059 max|U_ii|=111026 ratio=4.41868e-08 pivots<1e-12: 0
  [LU] n=2520 kutta=1 min|U_ii|=0.0445846 max|U_ii|=6061.07 ratio=7.3559e-06 pivots<1e-12: 0
  [LU] n=924 kutta=1 min|U_ii|=0.00354299 max|U_ii|=195565 ratio=1.81167e-08 pivots<1e-12: 0
  [LU] n=924 kutta=1 min|U_ii|=0.00354299 max|U_ii|=195565 ratio=1.81167e-08 pivots<1e-12: 0
  [LU] n=924 kutta=1 min|U_ii|=0.0049059 max|U_ii|=111026 ratio=4.41868e-08 pivots<1e-12: 0
  [LU] n=2520 kutta=1 min|U_ii|=0.0445846 max|U_ii|=6061.07 ratio=7.3559e-06 pivots<1e-12: 0
  [LU] n=924 kutta=1 min|U_ii|=0.00354299 max|U_ii|=195565 ratio=1.81167e-08 pivots<1e-12: 0
  [LU] n=924 kutta=1 min|U_ii|=0.00354299 max|U_ii|=195565 ratio=1.81167e-08 pivots<1e-12: 0
  [LU] n=924 kutta=1 min|U_ii|=0.0049059 max|U_ii|=111026 ratio=4.41868e-08 pivots<1e-12: 0
  [LU] n=2520 kutta=1 min|U_ii|=0.0445846 max|U_ii|=6061.07 ratio=7.3559e-06 pivots<1e-12: 0
  [LU] n=924 kutta=1 min|U_ii|=0.00354299 max|U_ii|=195565 ratio=1.81167e-08 pivots<1e-12: 0
  [LU] n=924 kutta=1 min|U_ii|=0.00354299 max|U_ii|=195565 ratio=1.81167e-08 pivots<1e-12: 0
  [LU] n=924 kutta=1 min|U_ii|=0.0049059 max|U_ii|=111026 ratio=4.41868e-08 pivots<1e-12: 0
  [LU] n=2520 kutta=1 min|U_ii|=0.0445846 max|U_ii|=6061.07 ratio=7.3559e-06 pivots<1e-12: 0
  [LU] n=924 kutta=1 min|U_ii|=0.00354299 max|U_ii|=195565 ratio=1.81167e-08 pivots<1e-12: 0
  [LU] n=924 kutta=1 min|U_ii|=0.00354299 max|U_ii|=195565 ratio=1.81167e-08 pivots<1e-12: 0
  [LU] n=924 kutta=1 min|U_ii|=0.0049059 max|U_ii|=111026 ratio=4.41868e-08 pivots<1e-12: 0
  [LU] n=2520 kutta=1 min|U_ii|=0.0445846 max|U_ii|=6061.07 ratio=7.3559e-06 pivots<1e-12: 0
  [LU] n=924 kutta=1 min|U_ii|=0.00354299 max|U_ii|=195565 ratio=1.81167e-08 pivots<1e-12: 0
  [LU] n=924 kutta=1 min|U_ii|=0.00354299 max|U_ii|=195565 ratio=1.81167e-08 pivots<1e-12: 0
  [LU] n=924 kutta=1 min|U_ii|=0.0049059 max|U_ii|=111026 ratio=4.41868e-08 pivots<1e-12: 0
  [LU] n=2520 kutta=1 min|U_ii|=0.0445846 max|U_ii|=6061.07 ratio=7.3559e-06 pivots<1e-12: 0
  [LU] n=924 kutta=1 min|U_ii|=0.00354299 max|U_ii|=195565 ratio=1.81167e-08 pivots<1e-12: 0
  rotor 0 hs3d: jump/seed=1  spans_with_pairs=40  max|mu|=563  kutta_rows=80  max_kutta_residual=2.12e-09  sum|te_jump|=53.5  [kutta on]
  [LU] n=924 kutta=1 min|U_ii|=0.00354299 max|U_ii|=195565 ratio=1.81167e-08 pivots<1e-12: 0
  rotor 1 hs3d: jump/seed=1  spans_with_pairs=40  max|mu|=599  kutta_rows=80  max_kutta_residual=5.36e-09  sum|te_jump|=45.8  [kutta on]
  [LU] n=924 kutta=1 min|U_ii|=0.0049059 max|U_ii|=111026 ratio=4.41868e-08 pivots<1e-12: 0
  rotor 2 hs3d: jump/seed=1  spans_with_pairs=40  max|mu|=387  kutta_rows=80  max_kutta_residual=3.18e-09  sum|te_jump|=37  [kutta on]
  [LU] n=2520 kutta=1 min|U_ii|=0.0445846 max|U_ii|=6061.07 ratio=7.3559e-06 pivots<1e-12: 0
  [LU] n=924 kutta=1 min|U_ii|=0.00354299 max|U_ii|=195565 ratio=1.81167e-08 pivots<1e-12: 0
  [LU] n=924 kutta=1 min|U_ii|=0.00354299 max|U_ii|=195565 ratio=1.81167e-08 pivots<1e-12: 0
  [LU] n=924 kutta=1 min|U_ii|=0.0049059 max|U_ii|=111026 ratio=4.41868e-08 pivots<1e-12: 0
  [LU] n=2520 kutta=1 min|U_ii|=0.0445846 max|U_ii|=6061.07 ratio=7.3559e-06 pivots<1e-12: 0
  fuselage: panels=3280 max_neumann_residual=3.53e-13
  body Fz: inst=1.28 quasi-steady=1.28 | 162-step mean=-0.737 (qs -0.737)
  wing: F=(6.22, -0.217, -20) N  Mx=1.83 Nm  max|mu|=353  max_vsurf=0 m/s  strips=19
  fuselage hs3d: F=(-6.74e+03, -1.42e+03, 8.23e+03) N  Mx=-8.97e+03 Nm  max|mu|=33.3  max_vsurf=2.08e+04 m/s
step=800 particles=119168 total_thrust_N=35.9 total_torque_Nm=0.242
  timing after step 800 (cumulative s, % of loop):
    rotor panels + wake->panel vel         46.46 s     4.8 %
    wake->fuselage vel                     32.79 s     3.4 %
    panel assemble + dense solve          127.20 s    13.1 %
    strip polar loads                       0.37 s     0.0 %
    rotor rings->fuselage vel              10.58 s     1.1 %
    fuselage source self (vel+phi)        101.85 s    10.5 %
    fuselage->rotor vel                     4.16 s     0.4 %
    ring d(phi)/dt                          8.44 s     0.9 %
    TE particle emission                    0.41 s     0.0 %
    wake advect (RK4)                     585.67 s    60.3 %
    fuselage blockage on particles         10.33 s     1.1 %
    wake age trim                           6.57 s     0.7 %
    VTK / Q-criterion output               23.99 s     2.5 %
    unattributed (host bookkeeping)        12.42 s     1.3 %
    TOTAL loop                            971.24 s  (1.213 s/step avg)
  [LU] n=924 kutta=1 min|U_ii|=0.00354299 max|U_ii|=195565 ratio=1.81167e-08 pivots<1e-12: 0
  [LU] n=924 kutta=1 min|U_ii|=0.00354299 max|U_ii|=195565 ratio=1.81167e-08 pivots<1e-12: 0
  [LU] n=924 kutta=1 min|U_ii|=0.0049059 max|U_ii|=111026 ratio=4.41868e-08 pivots<1e-12: 0
  [LU] n=2520 kutta=1 min|U_ii|=0.0445846 max|U_ii|=6061.07 ratio=7.3559e-06 pivots<1e-12: 0
  [LU] n=924 kutta=1 min|U_ii|=0.00354299 max|U_ii|=195565 ratio=1.81167e-08 pivots<1e-12: 0
  [LU] n=924 kutta=1 min|U_ii|=0.00354299 max|U_ii|=195565 ratio=1.81167e-08 pivots<1e-12: 0
  [LU] n=924 kutta=1 min|U_ii|=0.0049059 max|U_ii|=111026 ratio=4.41868e-08 pivots<1e-12: 0
  [LU] n=2520 kutta=1 min|U_ii|=0.0445846 max|U_ii|=6061.07 ratio=7.3559e-06 pivots<1e-12: 0
  [LU] n=924 kutta=1 min|U_ii|=0.00354299 max|U_ii|=195565 ratio=1.81167e-08 pivots<1e-12: 0
  [LU] n=924 kutta=1 min|U_ii|=0.00354299 max|U_ii|=195565 ratio=1.81167e-08 pivots<1e-12: 0
  [LU] n=924 kutta=1 min|U_ii|=0.0049059 max|U_ii|=111026 ratio=4.41868e-08 pivots<1e-12: 0
  [LU] n=2520 kutta=1 min|U_ii|=0.0445846 max|U_ii|=6061.07 ratio=7.3559e-06 pivots<1e-12: 0
  [LU] n=924 kutta=1 min|U_ii|=0.00354299 max|U_ii|=195565 ratio=1.81167e-08 pivots<1e-12: 0
  [LU] n=924 kutta=1 min|U_ii|=0.00354299 max|U_ii|=195565 ratio=1.81167e-08 pivots<1e-12: 0
  [LU] n=924 kutta=1 min|U_ii|=0.0049059 max|U_ii|=111026 ratio=4.41868e-08 pivots<1e-12: 0
  [LU] n=2520 kutta=1 min|U_ii|=0.0445846 max|U_ii|=6061.07 ratio=7.3559e-06 pivots<1e-12: 0
  [LU] n=924 kutta=1 min|U_ii|=0.00354299 max|U_ii|=195565 ratio=1.81167e-08 pivots<1e-12: 0
  [LU] n=924 kutta=1 min|U_ii|=0.00354299 max|U_ii|=195565 ratio=1.81167e-08 pivots<1e-12: 0
  [LU] n=924 kutta=1 min|U_ii|=0.0049059 max|U_ii|=111026 ratio=4.41868e-08 pivots<1e-12: 0
  [LU] n=2520 kutta=1 min|U_ii|=0.0445846 max|U_ii|=6061.07 ratio=7.3559e-06 pivots<1e-12: 0
  [LU] n=924 kutta=1 min|U_ii|=0.00354299 max|U_ii|=195565 ratio=1.81167e-08 pivots<1e-12: 0
  [LU] n=924 kutta=1 min|U_ii|=0.00354299 max|U_ii|=195565 ratio=1.81167e-08 pivots<1e-12: 0
  [LU] n=924 kutta=1 min|U_ii|=0.0049059 max|U_ii|=111026 ratio=4.41868e-08 pivots<1e-12: 0
  [LU] n=2520 kutta=1 min|U_ii|=0.0445846 max|U_ii|=6061.07 ratio=7.3559e-06 pivots<1e-12: 0
  [LU] n=924 kutta=1 min|U_ii|=0.00354299 max|U_ii|=195565 ratio=1.81167e-08 pivots<1e-12: 0
  [LU] n=924 kutta=1 min|U_ii|=0.00354299 max|U_ii|=195565 ratio=1.81167e-08 pivots<1e-12: 0
  [LU] n=924 kutta=1 min|U_ii|=0.0049059 max|U_ii|=111026 ratio=4.41868e-08 pivots<1e-12: 0
  [LU] n=2520 kutta=1 min|U_ii|=0.0445846 max|U_ii|=6061.07 ratio=7.3559e-06 pivots<1e-12: 0
  [LU] n=924 kutta=1 min|U_ii|=0.00354299 max|U_ii|=195565 ratio=1.81167e-08 pivots<1e-12: 0
  [LU] n=924 kutta=1 min|U_ii|=0.00354299 max|U_ii|=195565 ratio=1.81167e-08 pivots<1e-12: 0
  [LU] n=924 kutta=1 min|U_ii|=0.0049059 max|U_ii|=111026 ratio=4.41868e-08 pivots<1e-12: 0
  [LU] n=2520 kutta=1 min|U_ii|=0.0445846 max|U_ii|=6061.07 ratio=7.3559e-06 pivots<1e-12: 0
  [LU] n=924 kutta=1 min|U_ii|=0.00354299 max|U_ii|=195565 ratio=1.81167e-08 pivots<1e-12: 0
  [LU] n=924 kutta=1 min|U_ii|=0.00354299 max|U_ii|=195565 ratio=1.81167e-08 pivots<1e-12: 0
  [LU] n=924 kutta=1 min|U_ii|=0.0049059 max|U_ii|=111026 ratio=4.41868e-08 pivots<1e-12: 0
  [LU] n=2520 kutta=1 min|U_ii|=0.0445846 max|U_ii|=6061.07 ratio=7.3559e-06 pivots<1e-12: 0
  [LU] n=924 kutta=1 min|U_ii|=0.00354299 max|U_ii|=195565 ratio=1.81167e-08 pivots<1e-12: 0
  [LU] n=924 kutta=1 min|U_ii|=0.00354299 max|U_ii|=195565 ratio=1.81167e-08 pivots<1e-12: 0
  [LU] n=924 kutta=1 min|U_ii|=0.0049059 max|U_ii|=111026 ratio=4.41868e-08 pivots<1e-12: 0
  [LU] n=2520 kutta=1 min|U_ii|=0.0445846 max|U_ii|=6061.07 ratio=7.3559e-06 pivots<1e-12: 0
  [LU] n=924 kutta=1 min|U_ii|=0.00354299 max|U_ii|=195565 ratio=1.81167e-08 pivots<1e-12: 0
  [LU] n=924 kutta=1 min|U_ii|=0.00354299 max|U_ii|=195565 ratio=1.81167e-08 pivots<1e-12: 0
  [LU] n=924 kutta=1 min|U_ii|=0.0049059 max|U_ii|=111026 ratio=4.41868e-08 pivots<1e-12: 0
  [LU] n=2520 kutta=1 min|U_ii|=0.0445846 max|U_ii|=6061.07 ratio=7.3559e-06 pivots<1e-12: 0
  [LU] n=924 kutta=1 min|U_ii|=0.00354299 max|U_ii|=195565 ratio=1.81167e-08 pivots<1e-12: 0
  [LU] n=924 kutta=1 min|U_ii|=0.00354299 max|U_ii|=195565 ratio=1.81167e-08 pivots<1e-12: 0
  [LU] n=924 kutta=1 min|U_ii|=0.0049059 max|U_ii|=111026 ratio=4.41868e-08 pivots<1e-12: 0
  [LU] n=2520 kutta=1 min|U_ii|=0.0445846 max|U_ii|=6061.07 ratio=7.3559e-06 pivots<1e-12: 0
  [LU] n=924 kutta=1 min|U_ii|=0.00354299 max|U_ii|=195565 ratio=1.81167e-08 pivots<1e-12: 0
  [LU] n=924 kutta=1 min|U_ii|=0.00354299 max|U_ii|=195565 ratio=1.81167e-08 pivots<1e-12: 0
  [LU] n=924 kutta=1 min|U_ii|=0.0049059 max|U_ii|=111026 ratio=4.41868e-08 pivots<1e-12: 0
  [LU] n=2520 kutta=1 min|U_ii|=0.0445846 max|U_ii|=6061.07 ratio=7.3559e-06 pivots<1e-12: 0
  [LU] n=924 kutta=1 min|U_ii|=0.00354299 max|U_ii|=195565 ratio=1.81167e-08 pivots<1e-12: 0
  [LU] n=924 kutta=1 min|U_ii|=0.00354299 max|U_ii|=195565 ratio=1.81167e-08 pivots<1e-12: 0
  [LU] n=924 kutta=1 min|U_ii|=0.0049059 max|U_ii|=111026 ratio=4.41868e-08 pivots<1e-12: 0
  [LU] n=2520 kutta=1 min|U_ii|=0.0445846 max|U_ii|=6061.07 ratio=7.3559e-06 pivots<1e-12: 0
  [LU] n=924 kutta=1 min|U_ii|=0.00354299 max|U_ii|=195565 ratio=1.81167e-08 pivots<1e-12: 0
  [LU] n=924 kutta=1 min|U_ii|=0.00354299 max|U_ii|=195565 ratio=1.81167e-08 pivots<1e-12: 0
  [LU] n=924 kutta=1 min|U_ii|=0.0049059 max|U_ii|=111026 ratio=4.41868e-08 pivots<1e-12: 0
  [LU] n=2520 kutta=1 min|U_ii|=0.0445846 max|U_ii|=6061.07 ratio=7.3559e-06 pivots<1e-12: 0
  [LU] n=924 kutta=1 min|U_ii|=0.00354299 max|U_ii|=195565 ratio=1.81167e-08 pivots<1e-12: 0
  [LU] n=924 kutta=1 min|U_ii|=0.00354299 max|U_ii|=195565 ratio=1.81167e-08 pivots<1e-12: 0
  [LU] n=924 kutta=1 min|U_ii|=0.0049059 max|U_ii|=111026 ratio=4.41868e-08 pivots<1e-12: 0
  [LU] n=2520 kutta=1 min|U_ii|=0.0445846 max|U_ii|=6061.07 ratio=7.3559e-06 pivots<1e-12: 0
  [LU] n=924 kutta=1 min|U_ii|=0.00354299 max|U_ii|=195565 ratio=1.81167e-08 pivots<1e-12: 0
  [LU] n=924 kutta=1 min|U_ii|=0.00354299 max|U_ii|=195565 ratio=1.81167e-08 pivots<1e-12: 0
  [LU] n=924 kutta=1 min|U_ii|=0.0049059 max|U_ii|=111026 ratio=4.41868e-08 pivots<1e-12: 0
  [LU] n=2520 kutta=1 min|U_ii|=0.0445846 max|U_ii|=6061.07 ratio=7.3559e-06 pivots<1e-12: 0
  [LU] n=924 kutta=1 min|U_ii|=0.00354299 max|U_ii|=195565 ratio=1.81167e-08 pivots<1e-12: 0
  [LU] n=924 kutta=1 min|U_ii|=0.00354299 max|U_ii|=195565 ratio=1.81167e-08 pivots<1e-12: 0
  [LU] n=924 kutta=1 min|U_ii|=0.0049059 max|U_ii|=111026 ratio=4.41868e-08 pivots<1e-12: 0
  [LU] n=2520 kutta=1 min|U_ii|=0.0445846 max|U_ii|=6061.07 ratio=7.3559e-06 pivots<1e-12: 0
  [LU] n=924 kutta=1 min|U_ii|=0.00354299 max|U_ii|=195565 ratio=1.81167e-08 pivots<1e-12: 0
  [LU] n=924 kutta=1 min|U_ii|=0.00354299 max|U_ii|=195565 ratio=1.81167e-08 pivots<1e-12: 0
  [LU] n=924 kutta=1 min|U_ii|=0.0049059 max|U_ii|=111026 ratio=4.41868e-08 pivots<1e-12: 0
  [LU] n=2520 kutta=1 min|U_ii|=0.0445846 max|U_ii|=6061.07 ratio=7.3559e-06 pivots<1e-12: 0
  [LU] n=924 kutta=1 min|U_ii|=0.00354299 max|U_ii|=195565 ratio=1.81167e-08 pivots<1e-12: 0
  [LU] n=924 kutta=1 min|U_ii|=0.00354299 max|U_ii|=195565 ratio=1.81167e-08 pivots<1e-12: 0
  [LU] n=924 kutta=1 min|U_ii|=0.0049059 max|U_ii|=111026 ratio=4.41868e-08 pivots<1e-12: 0
  [LU] n=2520 kutta=1 min|U_ii|=0.0445846 max|U_ii|=6061.07 ratio=7.3559e-06 pivots<1e-12: 0
  [LU] n=924 kutta=1 min|U_ii|=0.00354299 max|U_ii|=195565 ratio=1.81167e-08 pivots<1e-12: 0
  [LU] n=924 kutta=1 min|U_ii|=0.00354299 max|U_ii|=195565 ratio=1.81167e-08 pivots<1e-12: 0
  [LU] n=924 kutta=1 min|U_ii|=0.0049059 max|U_ii|=111026 ratio=4.41868e-08 pivots<1e-12: 0
  [LU] n=2520 kutta=1 min|U_ii|=0.0445846 max|U_ii|=6061.07 ratio=7.3559e-06 pivots<1e-12: 0
  [LU] n=924 kutta=1 min|U_ii|=0.00354299 max|U_ii|=195565 ratio=1.81167e-08 pivots<1e-12: 0
  [LU] n=924 kutta=1 min|U_ii|=0.00354299 max|U_ii|=195565 ratio=1.81167e-08 pivots<1e-12: 0
  [LU] n=924 kutta=1 min|U_ii|=0.0049059 max|U_ii|=111026 ratio=4.41868e-08 pivots<1e-12: 0
  [LU] n=2520 kutta=1 min|U_ii|=0.0445846 max|U_ii|=6061.07 ratio=7.3559e-06 pivots<1e-12: 0
  [LU] n=924 kutta=1 min|U_ii|=0.00354299 max|U_ii|=195565 ratio=1.81167e-08 pivots<1e-12: 0
  [LU] n=924 kutta=1 min|U_ii|=0.00354299 max|U_ii|=195565 ratio=1.81167e-08 pivots<1e-12: 0
  [LU] n=924 kutta=1 min|U_ii|=0.0049059 max|U_ii|=111026 ratio=4.41868e-08 pivots<1e-12: 0
  [LU] n=2520 kutta=1 min|U_ii|=0.0445846 max|U_ii|=6061.07 ratio=7.3559e-06 pivots<1e-12: 0
  [LU] n=924 kutta=1 min|U_ii|=0.00354299 max|U_ii|=195565 ratio=1.81167e-08 pivots<1e-12: 0
  [LU] n=924 kutta=1 min|U_ii|=0.00354299 max|U_ii|=195565 ratio=1.81167e-08 pivots<1e-12: 0
  [LU] n=924 kutta=1 min|U_ii|=0.0049059 max|U_ii|=111026 ratio=4.41868e-08 pivots<1e-12: 0
  [LU] n=2520 kutta=1 min|U_ii|=0.0445846 max|U_ii|=6061.07 ratio=7.3559e-06 pivots<1e-12: 0
  [LU] n=924 kutta=1 min|U_ii|=0.00354299 max|U_ii|=195565 ratio=1.81167e-08 pivots<1e-12: 0
  [LU] n=924 kutta=1 min|U_ii|=0.00354299 max|U_ii|=195565 ratio=1.81167e-08 pivots<1e-12: 0
  [LU] n=924 kutta=1 min|U_ii|=0.0049059 max|U_ii|=111026 ratio=4.41868e-08 pivots<1e-12: 0
  [LU] n=2520 kutta=1 min|U_ii|=0.0445846 max|U_ii|=6061.07 ratio=7.3559e-06 pivots<1e-12: 0
  [LU] n=924 kutta=1 min|U_ii|=0.00354299 max|U_ii|=195565 ratio=1.81167e-08 pivots<1e-12: 0
  [LU] n=924 kutta=1 min|U_ii|=0.00354299 max|U_ii|=195565 ratio=1.81167e-08 pivots<1e-12: 0
  [LU] n=924 kutta=1 min|U_ii|=0.0049059 max|U_ii|=111026 ratio=4.41868e-08 pivots<1e-12: 0
  [LU] n=2520 kutta=1 min|U_ii|=0.0445846 max|U_ii|=6061.07 ratio=7.3559e-06 pivots<1e-12: 0
  [LU] n=924 kutta=1 min|U_ii|=0.00354299 max|U_ii|=195565 ratio=1.81167e-08 pivots<1e-12: 0
  [LU] n=924 kutta=1 min|U_ii|=0.00354299 max|U_ii|=195565 ratio=1.81167e-08 pivots<1e-12: 0
  [LU] n=924 kutta=1 min|U_ii|=0.0049059 max|U_ii|=111026 ratio=4.41868e-08 pivots<1e-12: 0
  [LU] n=2520 kutta=1 min|U_ii|=0.0445846 max|U_ii|=6061.07 ratio=7.3559e-06 pivots<1e-12: 0
  [LU] n=924 kutta=1 min|U_ii|=0.00354299 max|U_ii|=195565 ratio=1.81167e-08 pivots<1e-12: 0
  [LU] n=924 kutta=1 min|U_ii|=0.00354299 max|U_ii|=195565 ratio=1.81167e-08 pivots<1e-12: 0
  [LU] n=924 kutta=1 min|U_ii|=0.0049059 max|U_ii|=111026 ratio=4.41868e-08 pivots<1e-12: 0
  [LU] n=2520 kutta=1 min|U_ii|=0.0445846 max|U_ii|=6061.07 ratio=7.3559e-06 pivots<1e-12: 0
  [LU] n=924 kutta=1 min|U_ii|=0.00354299 max|U_ii|=195565 ratio=1.81167e-08 pivots<1e-12: 0
  [LU] n=924 kutta=1 min|U_ii|=0.00354299 max|U_ii|=195565 ratio=1.81167e-08 pivots<1e-12: 0
  [LU] n=924 kutta=1 min|U_ii|=0.0049059 max|U_ii|=111026 ratio=4.41868e-08 pivots<1e-12: 0
  [LU] n=2520 kutta=1 min|U_ii|=0.0445846 max|U_ii|=6061.07 ratio=7.3559e-06 pivots<1e-12: 0
  [LU] n=924 kutta=1 min|U_ii|=0.00354299 max|U_ii|=195565 ratio=1.81167e-08 pivots<1e-12: 0
  [LU] n=924 kutta=1 min|U_ii|=0.00354299 max|U_ii|=195565 ratio=1.81167e-08 pivots<1e-12: 0
  [LU] n=924 kutta=1 min|U_ii|=0.0049059 max|U_ii|=111026 ratio=4.41868e-08 pivots<1e-12: 0
  [LU] n=2520 kutta=1 min|U_ii|=0.0445846 max|U_ii|=6061.07 ratio=7.3559e-06 pivots<1e-12: 0
  [LU] n=924 kutta=1 min|U_ii|=0.00354299 max|U_ii|=195565 ratio=1.81167e-08 pivots<1e-12: 0
  [LU] n=924 kutta=1 min|U_ii|=0.00354299 max|U_ii|=195565 ratio=1.81167e-08 pivots<1e-12: 0
  [LU] n=924 kutta=1 min|U_ii|=0.0049059 max|U_ii|=111026 ratio=4.41868e-08 pivots<1e-12: 0
  [LU] n=2520 kutta=1 min|U_ii|=0.0445846 max|U_ii|=6061.07 ratio=7.3559e-06 pivots<1e-12: 0
  [LU] n=924 kutta=1 min|U_ii|=0.00354299 max|U_ii|=195565 ratio=1.81167e-08 pivots<1e-12: 0
  [LU] n=924 kutta=1 min|U_ii|=0.00354299 max|U_ii|=195565 ratio=1.81167e-08 pivots<1e-12: 0
  [LU] n=924 kutta=1 min|U_ii|=0.0049059 max|U_ii|=111026 ratio=4.41868e-08 pivots<1e-12: 0
  [LU] n=2520 kutta=1 min|U_ii|=0.0445846 max|U_ii|=6061.07 ratio=7.3559e-06 pivots<1e-12: 0
  [LU] n=924 kutta=1 min|U_ii|=0.00354299 max|U_ii|=195565 ratio=1.81167e-08 pivots<1e-12: 0
  [LU] n=924 kutta=1 min|U_ii|=0.00354299 max|U_ii|=195565 ratio=1.81167e-08 pivots<1e-12: 0
  [LU] n=924 kutta=1 min|U_ii|=0.0049059 max|U_ii|=111026 ratio=4.41868e-08 pivots<1e-12: 0
  [LU] n=2520 kutta=1 min|U_ii|=0.0445846 max|U_ii|=6061.07 ratio=7.3559e-06 pivots<1e-12: 0
  [LU] n=924 kutta=1 min|U_ii|=0.00354299 max|U_ii|=195565 ratio=1.81167e-08 pivots<1e-12: 0
  [LU] n=924 kutta=1 min|U_ii|=0.00354299 max|U_ii|=195565 ratio=1.81167e-08 pivots<1e-12: 0
  [LU] n=924 kutta=1 min|U_ii|=0.0049059 max|U_ii|=111026 ratio=4.41868e-08 pivots<1e-12: 0
  [LU] n=2520 kutta=1 min|U_ii|=0.0445846 max|U_ii|=6061.07 ratio=7.3559e-06 pivots<1e-12: 0
  [LU] n=924 kutta=1 min|U_ii|=0.00354299 max|U_ii|=195565 ratio=1.81167e-08 pivots<1e-12: 0
  [LU] n=924 kutta=1 min|U_ii|=0.00354299 max|U_ii|=195565 ratio=1.81167e-08 pivots<1e-12: 0
  [LU] n=924 kutta=1 min|U_ii|=0.0049059 max|U_ii|=111026 ratio=4.41868e-08 pivots<1e-12: 0
  [LU] n=2520 kutta=1 min|U_ii|=0.0445846 max|U_ii|=6061.07 ratio=7.3559e-06 pivots<1e-12: 0
  [LU] n=924 kutta=1 min|U_ii|=0.00354299 max|U_ii|=195565 ratio=1.81167e-08 pivots<1e-12: 0
  [LU] n=924 kutta=1 min|U_ii|=0.00354299 max|U_ii|=195565 ratio=1.81167e-08 pivots<1e-12: 0
  [LU] n=924 kutta=1 min|U_ii|=0.0049059 max|U_ii|=111026 ratio=4.41868e-08 pivots<1e-12: 0
  [LU] n=2520 kutta=1 min|U_ii|=0.0445846 max|U_ii|=6061.07 ratio=7.3559e-06 pivots<1e-12: 0
  [LU] n=924 kutta=1 min|U_ii|=0.00354299 max|U_ii|=195565 ratio=1.81167e-08 pivots<1e-12: 0
  [LU] n=924 kutta=1 min|U_ii|=0.00354299 max|U_ii|=195565 ratio=1.81167e-08 pivots<1e-12: 0
  [LU] n=924 kutta=1 min|U_ii|=0.0049059 max|U_ii|=111026 ratio=4.41868e-08 pivots<1e-12: 0
  [LU] n=2520 kutta=1 min|U_ii|=0.0445846 max|U_ii|=6061.07 ratio=7.3559e-06 pivots<1e-12: 0
  [LU] n=924 kutta=1 min|U_ii|=0.00354299 max|U_ii|=195565 ratio=1.81167e-08 pivots<1e-12: 0
  [LU] n=924 kutta=1 min|U_ii|=0.00354299 max|U_ii|=195565 ratio=1.81167e-08 pivots<1e-12: 0
  [LU] n=924 kutta=1 min|U_ii|=0.0049059 max|U_ii|=111026 ratio=4.41868e-08 pivots<1e-12: 0
  [LU] n=2520 kutta=1 min|U_ii|=0.0445846 max|U_ii|=6061.07 ratio=7.3559e-06 pivots<1e-12: 0
  [LU] n=924 kutta=1 min|U_ii|=0.00354299 max|U_ii|=195565 ratio=1.81167e-08 pivots<1e-12: 0
  [LU] n=924 kutta=1 min|U_ii|=0.00354299 max|U_ii|=195565 ratio=1.81167e-08 pivots<1e-12: 0
  [LU] n=924 kutta=1 min|U_ii|=0.0049059 max|U_ii|=111026 ratio=4.41868e-08 pivots<1e-12: 0
  [LU] n=2520 kutta=1 min|U_ii|=0.0445846 max|U_ii|=6061.07 ratio=7.3559e-06 pivots<1e-12: 0
  [LU] n=924 kutta=1 min|U_ii|=0.00354299 max|U_ii|=195565 ratio=1.81167e-08 pivots<1e-12: 0
  [LU] n=924 kutta=1 min|U_ii|=0.00354299 max|U_ii|=195565 ratio=1.81167e-08 pivots<1e-12: 0
  [LU] n=924 kutta=1 min|U_ii|=0.0049059 max|U_ii|=111026 ratio=4.41868e-08 pivots<1e-12: 0
  [LU] n=2520 kutta=1 min|U_ii|=0.0445846 max|U_ii|=6061.07 ratio=7.3559e-06 pivots<1e-12: 0
  [LU] n=924 kutta=1 min|U_ii|=0.00354299 max|U_ii|=195565 ratio=1.81167e-08 pivots<1e-12: 0
  [LU] n=924 kutta=1 min|U_ii|=0.00354299 max|U_ii|=195565 ratio=1.81167e-08 pivots<1e-12: 0
  [LU] n=924 kutta=1 min|U_ii|=0.0049059 max|U_ii|=111026 ratio=4.41868e-08 pivots<1e-12: 0
  [LU] n=2520 kutta=1 min|U_ii|=0.0445846 max|U_ii|=6061.07 ratio=7.3559e-06 pivots<1e-12: 0
  [LU] n=924 kutta=1 min|U_ii|=0.00354299 max|U_ii|=195565 ratio=1.81167e-08 pivots<1e-12: 0
  [LU] n=924 kutta=1 min|U_ii|=0.00354299 max|U_ii|=195565 ratio=1.81167e-08 pivots<1e-12: 0
  [LU] n=924 kutta=1 min|U_ii|=0.0049059 max|U_ii|=111026 ratio=4.41868e-08 pivots<1e-12: 0
  [LU] n=2520 kutta=1 min|U_ii|=0.0445846 max|U_ii|=6061.07 ratio=7.3559e-06 pivots<1e-12: 0
  [LU] n=924 kutta=1 min|U_ii|=0.00354299 max|U_ii|=195565 ratio=1.81167e-08 pivots<1e-12: 0
  [LU] n=924 kutta=1 min|U_ii|=0.00354299 max|U_ii|=195565 ratio=1.81167e-08 pivots<1e-12: 0
  [LU] n=924 kutta=1 min|U_ii|=0.0049059 max|U_ii|=111026 ratio=4.41868e-08 pivots<1e-12: 0
  [LU] n=2520 kutta=1 min|U_ii|=0.0445846 max|U_ii|=6061.07 ratio=7.3559e-06 pivots<1e-12: 0
  [LU] n=924 kutta=1 min|U_ii|=0.00354299 max|U_ii|=195565 ratio=1.81167e-08 pivots<1e-12: 0
  [LU] n=924 kutta=1 min|U_ii|=0.00354299 max|U_ii|=195565 ratio=1.81167e-08 pivots<1e-12: 0
  [LU] n=924 kutta=1 min|U_ii|=0.0049059 max|U_ii|=111026 ratio=4.41868e-08 pivots<1e-12: 0
  [LU] n=2520 kutta=1 min|U_ii|=0.0445846 max|U_ii|=6061.07 ratio=7.3559e-06 pivots<1e-12: 0
  [LU] n=924 kutta=1 min|U_ii|=0.00354299 max|U_ii|=195565 ratio=1.81167e-08 pivots<1e-12: 0
  [LU] n=924 kutta=1 min|U_ii|=0.00354299 max|U_ii|=195565 ratio=1.81167e-08 pivots<1e-12: 0
  [LU] n=924 kutta=1 min|U_ii|=0.0049059 max|U_ii|=111026 ratio=4.41868e-08 pivots<1e-12: 0
  [LU] n=2520 kutta=1 min|U_ii|=0.0445846 max|U_ii|=6061.07 ratio=7.3559e-06 pivots<1e-12: 0
  [LU] n=924 kutta=1 min|U_ii|=0.00354299 max|U_ii|=195565 ratio=1.81167e-08 pivots<1e-12: 0
  [LU] n=924 kutta=1 min|U_ii|=0.00354299 max|U_ii|=195565 ratio=1.81167e-08 pivots<1e-12: 0
  [LU] n=924 kutta=1 min|U_ii|=0.0049059 max|U_ii|=111026 ratio=4.41868e-08 pivots<1e-12: 0
  [LU] n=2520 kutta=1 min|U_ii|=0.0445846 max|U_ii|=6061.07 ratio=7.3559e-06 pivots<1e-12: 0
  [LU] n=924 kutta=1 min|U_ii|=0.00354299 max|U_ii|=195565 ratio=1.81167e-08 pivots<1e-12: 0
  [LU] n=924 kutta=1 min|U_ii|=0.00354299 max|U_ii|=195565 ratio=1.81167e-08 pivots<1e-12: 0
  [LU] n=924 kutta=1 min|U_ii|=0.0049059 max|U_ii|=111026 ratio=4.41868e-08 pivots<1e-12: 0
  [LU] n=2520 kutta=1 min|U_ii|=0.0445846 max|U_ii|=6061.07 ratio=7.3559e-06 pivots<1e-12: 0
  [LU] n=924 kutta=1 min|U_ii|=0.00354299 max|U_ii|=195565 ratio=1.81167e-08 pivots<1e-12: 0
  [LU] n=924 kutta=1 min|U_ii|=0.00354299 max|U_ii|=195565 ratio=1.81167e-08 pivots<1e-12: 0
  [LU] n=924 kutta=1 min|U_ii|=0.0049059 max|U_ii|=111026 ratio=4.41868e-08 pivots<1e-12: 0
  [LU] n=2520 kutta=1 min|U_ii|=0.0445846 max|U_ii|=6061.07 ratio=7.3559e-06 pivots<1e-12: 0
  [LU] n=924 kutta=1 min|U_ii|=0.00354299 max|U_ii|=195565 ratio=1.81167e-08 pivots<1e-12: 0
  [LU] n=924 kutta=1 min|U_ii|=0.00354299 max|U_ii|=195565 ratio=1.81167e-08 pivots<1e-12: 0
  [LU] n=924 kutta=1 min|U_ii|=0.0049059 max|U_ii|=111026 ratio=4.41868e-08 pivots<1e-12: 0
  [LU] n=2520 kutta=1 min|U_ii|=0.0445846 max|U_ii|=6061.07 ratio=7.3559e-06 pivots<1e-12: 0
  [LU] n=924 kutta=1 min|U_ii|=0.00354299 max|U_ii|=195565 ratio=1.81167e-08 pivots<1e-12: 0
  [LU] n=924 kutta=1 min|U_ii|=0.00354299 max|U_ii|=195565 ratio=1.81167e-08 pivots<1e-12: 0
  [LU] n=924 kutta=1 min|U_ii|=0.0049059 max|U_ii|=111026 ratio=4.41868e-08 pivots<1e-12: 0
  [LU] n=2520 kutta=1 min|U_ii|=0.0445846 max|U_ii|=6061.07 ratio=7.3559e-06 pivots<1e-12: 0
  [LU] n=924 kutta=1 min|U_ii|=0.00354299 max|U_ii|=195565 ratio=1.81167e-08 pivots<1e-12: 0
  [LU] n=924 kutta=1 min|U_ii|=0.00354299 max|U_ii|=195565 ratio=1.81167e-08 pivots<1e-12: 0
  [LU] n=924 kutta=1 min|U_ii|=0.0049059 max|U_ii|=111026 ratio=4.41868e-08 pivots<1e-12: 0
  [LU] n=2520 kutta=1 min|U_ii|=0.0445846 max|U_ii|=6061.07 ratio=7.3559e-06 pivots<1e-12: 0
  [LU] n=924 kutta=1 min|U_ii|=0.00354299 max|U_ii|=195565 ratio=1.81167e-08 pivots<1e-12: 0
  [LU] n=924 kutta=1 min|U_ii|=0.00354299 max|U_ii|=195565 ratio=1.81167e-08 pivots<1e-12: 0
  [LU] n=924 kutta=1 min|U_ii|=0.0049059 max|U_ii|=111026 ratio=4.41868e-08 pivots<1e-12: 0
  [LU] n=2520 kutta=1 min|U_ii|=0.0445846 max|U_ii|=6061.07 ratio=7.3559e-06 pivots<1e-12: 0
  [LU] n=924 kutta=1 min|U_ii|=0.00354299 max|U_ii|=195565 ratio=1.81167e-08 pivots<1e-12: 0
  [LU] n=924 kutta=1 min|U_ii|=0.00354299 max|U_ii|=195565 ratio=1.81167e-08 pivots<1e-12: 0
  [LU] n=924 kutta=1 min|U_ii|=0.0049059 max|U_ii|=111026 ratio=4.41868e-08 pivots<1e-12: 0
  [LU] n=2520 kutta=1 min|U_ii|=0.0445846 max|U_ii|=6061.07 ratio=7.3559e-06 pivots<1e-12: 0
  [LU] n=924 kutta=1 min|U_ii|=0.00354299 max|U_ii|=195565 ratio=1.81167e-08 pivots<1e-12: 0
  [LU] n=924 kutta=1 min|U_ii|=0.00354299 max|U_ii|=195565 ratio=1.81167e-08 pivots<1e-12: 0
  [LU] n=924 kutta=1 min|U_ii|=0.0049059 max|U_ii|=111026 ratio=4.41868e-08 pivots<1e-12: 0
  [LU] n=2520 kutta=1 min|U_ii|=0.0445846 max|U_ii|=6061.07 ratio=7.3559e-06 pivots<1e-12: 0
  [LU] n=924 kutta=1 min|U_ii|=0.00354299 max|U_ii|=195565 ratio=1.81167e-08 pivots<1e-12: 0
  [LU] n=924 kutta=1 min|U_ii|=0.00354299 max|U_ii|=195565 ratio=1.81167e-08 pivots<1e-12: 0
  [LU] n=924 kutta=1 min|U_ii|=0.0049059 max|U_ii|=111026 ratio=4.41868e-08 pivots<1e-12: 0
  [LU] n=2520 kutta=1 min|U_ii|=0.0445846 max|U_ii|=6061.07 ratio=7.3559e-06 pivots<1e-12: 0
  [LU] n=924 kutta=1 min|U_ii|=0.00354299 max|U_ii|=195565 ratio=1.81167e-08 pivots<1e-12: 0
  [LU] n=924 kutta=1 min|U_ii|=0.00354299 max|U_ii|=195565 ratio=1.81167e-08 pivots<1e-12: 0
  [LU] n=924 kutta=1 min|U_ii|=0.0049059 max|U_ii|=111026 ratio=4.41868e-08 pivots<1e-12: 0
  [LU] n=2520 kutta=1 min|U_ii|=0.0445846 max|U_ii|=6061.07 ratio=7.3559e-06 pivots<1e-12: 0
  [LU] n=924 kutta=1 min|U_ii|=0.00354299 max|U_ii|=195565 ratio=1.81167e-08 pivots<1e-12: 0
  [LU] n=924 kutta=1 min|U_ii|=0.00354299 max|U_ii|=195565 ratio=1.81167e-08 pivots<1e-12: 0
  [LU] n=924 kutta=1 min|U_ii|=0.0049059 max|U_ii|=111026 ratio=4.41868e-08 pivots<1e-12: 0
  [LU] n=2520 kutta=1 min|U_ii|=0.0445846 max|U_ii|=6061.07 ratio=7.3559e-06 pivots<1e-12: 0
  [LU] n=924 kutta=1 min|U_ii|=0.00354299 max|U_ii|=195565 ratio=1.81167e-08 pivots<1e-12: 0
  [LU] n=924 kutta=1 min|U_ii|=0.00354299 max|U_ii|=195565 ratio=1.81167e-08 pivots<1e-12: 0
  [LU] n=924 kutta=1 min|U_ii|=0.0049059 max|U_ii|=111026 ratio=4.41868e-08 pivots<1e-12: 0
  [LU] n=2520 kutta=1 min|U_ii|=0.0445846 max|U_ii|=6061.07 ratio=7.3559e-06 pivots<1e-12: 0
  [LU] n=924 kutta=1 min|U_ii|=0.00354299 max|U_ii|=195565 ratio=1.81167e-08 pivots<1e-12: 0
  [LU] n=924 kutta=1 min|U_ii|=0.00354299 max|U_ii|=195565 ratio=1.81167e-08 pivots<1e-12: 0
  [LU] n=924 kutta=1 min|U_ii|=0.0049059 max|U_ii|=111026 ratio=4.41868e-08 pivots<1e-12: 0
  [LU] n=2520 kutta=1 min|U_ii|=0.0445846 max|U_ii|=6061.07 ratio=7.3559e-06 pivots<1e-12: 0
  [LU] n=924 kutta=1 min|U_ii|=0.00354299 max|U_ii|=195565 ratio=1.81167e-08 pivots<1e-12: 0
  [LU] n=924 kutta=1 min|U_ii|=0.00354299 max|U_ii|=195565 ratio=1.81167e-08 pivots<1e-12: 0
  [LU] n=924 kutta=1 min|U_ii|=0.0049059 max|U_ii|=111026 ratio=4.41868e-08 pivots<1e-12: 0
  [LU] n=2520 kutta=1 min|U_ii|=0.0445846 max|U_ii|=6061.07 ratio=7.3559e-06 pivots<1e-12: 0
  [LU] n=924 kutta=1 min|U_ii|=0.00354299 max|U_ii|=195565 ratio=1.81167e-08 pivots<1e-12: 0
  [LU] n=924 kutta=1 min|U_ii|=0.00354299 max|U_ii|=195565 ratio=1.81167e-08 pivots<1e-12: 0
  [LU] n=924 kutta=1 min|U_ii|=0.0049059 max|U_ii|=111026 ratio=4.41868e-08 pivots<1e-12: 0
  [LU] n=2520 kutta=1 min|U_ii|=0.0445846 max|U_ii|=6061.07 ratio=7.3559e-06 pivots<1e-12: 0
  [LU] n=924 kutta=1 min|U_ii|=0.00354299 max|U_ii|=195565 ratio=1.81167e-08 pivots<1e-12: 0
  [LU] n=924 kutta=1 min|U_ii|=0.00354299 max|U_ii|=195565 ratio=1.81167e-08 pivots<1e-12: 0
  [LU] n=924 kutta=1 min|U_ii|=0.0049059 max|U_ii|=111026 ratio=4.41868e-08 pivots<1e-12: 0
  [LU] n=2520 kutta=1 min|U_ii|=0.0445846 max|U_ii|=6061.07 ratio=7.3559e-06 pivots<1e-12: 0
  [LU] n=924 kutta=1 min|U_ii|=0.00354299 max|U_ii|=195565 ratio=1.81167e-08 pivots<1e-12: 0
  [LU] n=924 kutta=1 min|U_ii|=0.00354299 max|U_ii|=195565 ratio=1.81167e-08 pivots<1e-12: 0
  [LU] n=924 kutta=1 min|U_ii|=0.0049059 max|U_ii|=111026 ratio=4.41868e-08 pivots<1e-12: 0
  [LU] n=2520 kutta=1 min|U_ii|=0.0445846 max|U_ii|=6061.07 ratio=7.3559e-06 pivots<1e-12: 0
  [LU] n=924 kutta=1 min|U_ii|=0.00354299 max|U_ii|=195565 ratio=1.81167e-08 pivots<1e-12: 0
  [LU] n=924 kutta=1 min|U_ii|=0.00354299 max|U_ii|=195565 ratio=1.81167e-08 pivots<1e-12: 0
  [LU] n=924 kutta=1 min|U_ii|=0.0049059 max|U_ii|=111026 ratio=4.41868e-08 pivots<1e-12: 0
  [LU] n=2520 kutta=1 min|U_ii|=0.0445846 max|U_ii|=6061.07 ratio=7.3559e-06 pivots<1e-12: 0
  [LU] n=924 kutta=1 min|U_ii|=0.00354299 max|U_ii|=195565 ratio=1.81167e-08 pivots<1e-12: 0
  [LU] n=924 kutta=1 min|U_ii|=0.00354299 max|U_ii|=195565 ratio=1.81167e-08 pivots<1e-12: 0
  [LU] n=924 kutta=1 min|U_ii|=0.0049059 max|U_ii|=111026 ratio=4.41868e-08 pivots<1e-12: 0
  [LU] n=2520 kutta=1 min|U_ii|=0.0445846 max|U_ii|=6061.07 ratio=7.3559e-06 pivots<1e-12: 0
  [LU] n=924 kutta=1 min|U_ii|=0.00354299 max|U_ii|=195565 ratio=1.81167e-08 pivots<1e-12: 0
  [LU] n=924 kutta=1 min|U_ii|=0.00354299 max|U_ii|=195565 ratio=1.81167e-08 pivots<1e-12: 0
  [LU] n=924 kutta=1 min|U_ii|=0.0049059 max|U_ii|=111026 ratio=4.41868e-08 pivots<1e-12: 0
  [LU] n=2520 kutta=1 min|U_ii|=0.0445846 max|U_ii|=6061.07 ratio=7.3559e-06 pivots<1e-12: 0
  [LU] n=924 kutta=1 min|U_ii|=0.00354299 max|U_ii|=195565 ratio=1.81167e-08 pivots<1e-12: 0
  [LU] n=924 kutta=1 min|U_ii|=0.00354299 max|U_ii|=195565 ratio=1.81167e-08 pivots<1e-12: 0
  [LU] n=924 kutta=1 min|U_ii|=0.0049059 max|U_ii|=111026 ratio=4.41868e-08 pivots<1e-12: 0
  [LU] n=2520 kutta=1 min|U_ii|=0.0445846 max|U_ii|=6061.07 ratio=7.3559e-06 pivots<1e-12: 0
  [LU] n=924 kutta=1 min|U_ii|=0.00354299 max|U_ii|=195565 ratio=1.81167e-08 pivots<1e-12: 0
  [LU] n=924 kutta=1 min|U_ii|=0.00354299 max|U_ii|=195565 ratio=1.81167e-08 pivots<1e-12: 0
  [LU] n=924 kutta=1 min|U_ii|=0.0049059 max|U_ii|=111026 ratio=4.41868e-08 pivots<1e-12: 0
  [LU] n=2520 kutta=1 min|U_ii|=0.0445846 max|U_ii|=6061.07 ratio=7.3559e-06 pivots<1e-12: 0
  [LU] n=924 kutta=1 min|U_ii|=0.00354299 max|U_ii|=195565 ratio=1.81167e-08 pivots<1e-12: 0
  [LU] n=924 kutta=1 min|U_ii|=0.00354299 max|U_ii|=195565 ratio=1.81167e-08 pivots<1e-12: 0
  [LU] n=924 kutta=1 min|U_ii|=0.0049059 max|U_ii|=111026 ratio=4.41868e-08 pivots<1e-12: 0
  [LU] n=2520 kutta=1 min|U_ii|=0.0445846 max|U_ii|=6061.07 ratio=7.3559e-06 pivots<1e-12: 0
  [LU] n=924 kutta=1 min|U_ii|=0.00354299 max|U_ii|=195565 ratio=1.81167e-08 pivots<1e-12: 0
  [LU] n=924 kutta=1 min|U_ii|=0.00354299 max|U_ii|=195565 ratio=1.81167e-08 pivots<1e-12: 0
  [LU] n=924 kutta=1 min|U_ii|=0.0049059 max|U_ii|=111026 ratio=4.41868e-08 pivots<1e-12: 0
  [LU] n=2520 kutta=1 min|U_ii|=0.0445846 max|U_ii|=6061.07 ratio=7.3559e-06 pivots<1e-12: 0
  [LU] n=924 kutta=1 min|U_ii|=0.00354299 max|U_ii|=195565 ratio=1.81167e-08 pivots<1e-12: 0
  [LU] n=924 kutta=1 min|U_ii|=0.00354299 max|U_ii|=195565 ratio=1.81167e-08 pivots<1e-12: 0
  [LU] n=924 kutta=1 min|U_ii|=0.0049059 max|U_ii|=111026 ratio=4.41868e-08 pivots<1e-12: 0
  [LU] n=2520 kutta=1 min|U_ii|=0.0445846 max|U_ii|=6061.07 ratio=7.3559e-06 pivots<1e-12: 0
  [LU] n=924 kutta=1 min|U_ii|=0.00354299 max|U_ii|=195565 ratio=1.81167e-08 pivots<1e-12: 0
  [LU] n=924 kutta=1 min|U_ii|=0.00354299 max|U_ii|=195565 ratio=1.81167e-08 pivots<1e-12: 0
  [LU] n=924 kutta=1 min|U_ii|=0.0049059 max|U_ii|=111026 ratio=4.41868e-08 pivots<1e-12: 0
  [LU] n=2520 kutta=1 min|U_ii|=0.0445846 max|U_ii|=6061.07 ratio=7.3559e-06 pivots<1e-12: 0
  [LU] n=924 kutta=1 min|U_ii|=0.00354299 max|U_ii|=195565 ratio=1.81167e-08 pivots<1e-12: 0
  [LU] n=924 kutta=1 min|U_ii|=0.00354299 max|U_ii|=195565 ratio=1.81167e-08 pivots<1e-12: 0
  [LU] n=924 kutta=1 min|U_ii|=0.0049059 max|U_ii|=111026 ratio=4.41868e-08 pivots<1e-12: 0
  [LU] n=2520 kutta=1 min|U_ii|=0.0445846 max|U_ii|=6061.07 ratio=7.3559e-06 pivots<1e-12: 0
  [LU] n=924 kutta=1 min|U_ii|=0.00354299 max|U_ii|=195565 ratio=1.81167e-08 pivots<1e-12: 0
  [LU] n=924 kutta=1 min|U_ii|=0.00354299 max|U_ii|=195565 ratio=1.81167e-08 pivots<1e-12: 0
  [LU] n=924 kutta=1 min|U_ii|=0.0049059 max|U_ii|=111026 ratio=4.41868e-08 pivots<1e-12: 0
  [LU] n=2520 kutta=1 min|U_ii|=0.0445846 max|U_ii|=6061.07 ratio=7.3559e-06 pivots<1e-12: 0
  [LU] n=924 kutta=1 min|U_ii|=0.00354299 max|U_ii|=195565 ratio=1.81167e-08 pivots<1e-12: 0
  [LU] n=924 kutta=1 min|U_ii|=0.00354299 max|U_ii|=195565 ratio=1.81167e-08 pivots<1e-12: 0
  [LU] n=924 kutta=1 min|U_ii|=0.0049059 max|U_ii|=111026 ratio=4.41868e-08 pivots<1e-12: 0
  [LU] n=2520 kutta=1 min|U_ii|=0.0445846 max|U_ii|=6061.07 ratio=7.3559e-06 pivots<1e-12: 0
  [LU] n=924 kutta=1 min|U_ii|=0.00354299 max|U_ii|=195565 ratio=1.81167e-08 pivots<1e-12: 0
  [LU] n=924 kutta=1 min|U_ii|=0.00354299 max|U_ii|=195565 ratio=1.81167e-08 pivots<1e-12: 0
  [LU] n=924 kutta=1 min|U_ii|=0.0049059 max|U_ii|=111026 ratio=4.41868e-08 pivots<1e-12: 0
  [LU] n=2520 kutta=1 min|U_ii|=0.0445846 max|U_ii|=6061.07 ratio=7.3559e-06 pivots<1e-12: 0
  [LU] n=924 kutta=1 min|U_ii|=0.00354299 max|U_ii|=195565 ratio=1.81167e-08 pivots<1e-12: 0
  [LU] n=924 kutta=1 min|U_ii|=0.00354299 max|U_ii|=195565 ratio=1.81167e-08 pivots<1e-12: 0
  [LU] n=924 kutta=1 min|U_ii|=0.0049059 max|U_ii|=111026 ratio=4.41868e-08 pivots<1e-12: 0
  [LU] n=2520 kutta=1 min|U_ii|=0.0445846 max|U_ii|=6061.07 ratio=7.3559e-06 pivots<1e-12: 0
  [LU] n=924 kutta=1 min|U_ii|=0.00354299 max|U_ii|=195565 ratio=1.81167e-08 pivots<1e-12: 0
  [LU] n=924 kutta=1 min|U_ii|=0.00354299 max|U_ii|=195565 ratio=1.81167e-08 pivots<1e-12: 0
  [LU] n=924 kutta=1 min|U_ii|=0.0049059 max|U_ii|=111026 ratio=4.41868e-08 pivots<1e-12: 0
  [LU] n=2520 kutta=1 min|U_ii|=0.0445846 max|U_ii|=6061.07 ratio=7.3559e-06 pivots<1e-12: 0
  [LU] n=924 kutta=1 min|U_ii|=0.00354299 max|U_ii|=195565 ratio=1.81167e-08 pivots<1e-12: 0
  [LU] n=924 kutta=1 min|U_ii|=0.00354299 max|U_ii|=195565 ratio=1.81167e-08 pivots<1e-12: 0
  [LU] n=924 kutta=1 min|U_ii|=0.0049059 max|U_ii|=111026 ratio=4.41868e-08 pivots<1e-12: 0
  [LU] n=2520 kutta=1 min|U_ii|=0.0445846 max|U_ii|=6061.07 ratio=7.3559e-06 pivots<1e-12: 0
  [LU] n=924 kutta=1 min|U_ii|=0.00354299 max|U_ii|=195565 ratio=1.81167e-08 pivots<1e-12: 0
  [LU] n=924 kutta=1 min|U_ii|=0.00354299 max|U_ii|=195565 ratio=1.81167e-08 pivots<1e-12: 0
  [LU] n=924 kutta=1 min|U_ii|=0.0049059 max|U_ii|=111026 ratio=4.41868e-08 pivots<1e-12: 0
  [LU] n=2520 kutta=1 min|U_ii|=0.0445846 max|U_ii|=6061.07 ratio=7.3559e-06 pivots<1e-12: 0
  [LU] n=924 kutta=1 min|U_ii|=0.00354299 max|U_ii|=195565 ratio=1.81167e-08 pivots<1e-12: 0
  [LU] n=924 kutta=1 min|U_ii|=0.00354299 max|U_ii|=195565 ratio=1.81167e-08 pivots<1e-12: 0
  [LU] n=924 kutta=1 min|U_ii|=0.0049059 max|U_ii|=111026 ratio=4.41868e-08 pivots<1e-12: 0
  [LU] n=2520 kutta=1 min|U_ii|=0.0445846 max|U_ii|=6061.07 ratio=7.3559e-06 pivots<1e-12: 0
  [LU] n=924 kutta=1 min|U_ii|=0.00354299 max|U_ii|=195565 ratio=1.81167e-08 pivots<1e-12: 0
  [LU] n=924 kutta=1 min|U_ii|=0.00354299 max|U_ii|=195565 ratio=1.81167e-08 pivots<1e-12: 0
  [LU] n=924 kutta=1 min|U_ii|=0.0049059 max|U_ii|=111026 ratio=4.41868e-08 pivots<1e-12: 0
  [LU] n=2520 kutta=1 min|U_ii|=0.0445846 max|U_ii|=6061.07 ratio=7.3559e-06 pivots<1e-12: 0
  [LU] n=924 kutta=1 min|U_ii|=0.00354299 max|U_ii|=195565 ratio=1.81167e-08 pivots<1e-12: 0
  [LU] n=924 kutta=1 min|U_ii|=0.00354299 max|U_ii|=195565 ratio=1.81167e-08 pivots<1e-12: 0
  [LU] n=924 kutta=1 min|U_ii|=0.0049059 max|U_ii|=111026 ratio=4.41868e-08 pivots<1e-12: 0
  [LU] n=2520 kutta=1 min|U_ii|=0.0445846 max|U_ii|=6061.07 ratio=7.3559e-06 pivots<1e-12: 0
  [LU] n=924 kutta=1 min|U_ii|=0.00354299 max|U_ii|=195565 ratio=1.81167e-08 pivots<1e-12: 0
  [LU] n=924 kutta=1 min|U_ii|=0.00354299 max|U_ii|=195565 ratio=1.81167e-08 pivots<1e-12: 0
  [LU] n=924 kutta=1 min|U_ii|=0.0049059 max|U_ii|=111026 ratio=4.41868e-08 pivots<1e-12: 0
  [LU] n=2520 kutta=1 min|U_ii|=0.0445846 max|U_ii|=6061.07 ratio=7.3559e-06 pivots<1e-12: 0
  [LU] n=924 kutta=1 min|U_ii|=0.00354299 max|U_ii|=195565 ratio=1.81167e-08 pivots<1e-12: 0
  [LU] n=924 kutta=1 min|U_ii|=0.00354299 max|U_ii|=195565 ratio=1.81167e-08 pivots<1e-12: 0
  [LU] n=924 kutta=1 min|U_ii|=0.0049059 max|U_ii|=111026 ratio=4.41868e-08 pivots<1e-12: 0
  [LU] n=2520 kutta=1 min|U_ii|=0.0445846 max|U_ii|=6061.07 ratio=7.3559e-06 pivots<1e-12: 0
  [LU] n=924 kutta=1 min|U_ii|=0.00354299 max|U_ii|=195565 ratio=1.81167e-08 pivots<1e-12: 0
  [LU] n=924 kutta=1 min|U_ii|=0.00354299 max|U_ii|=195565 ratio=1.81167e-08 pivots<1e-12: 0
  [LU] n=924 kutta=1 min|U_ii|=0.0049059 max|U_ii|=111026 ratio=4.41868e-08 pivots<1e-12: 0
  [LU] n=2520 kutta=1 min|U_ii|=0.0445846 max|U_ii|=6061.07 ratio=7.3559e-06 pivots<1e-12: 0
  [LU] n=924 kutta=1 min|U_ii|=0.00354299 max|U_ii|=195565 ratio=1.81167e-08 pivots<1e-12: 0
  [LU] n=924 kutta=1 min|U_ii|=0.00354299 max|U_ii|=195565 ratio=1.81167e-08 pivots<1e-12: 0
  [LU] n=924 kutta=1 min|U_ii|=0.0049059 max|U_ii|=111026 ratio=4.41868e-08 pivots<1e-12: 0
  [LU] n=2520 kutta=1 min|U_ii|=0.0445846 max|U_ii|=6061.07 ratio=7.3559e-06 pivots<1e-12: 0
  [LU] n=924 kutta=1 min|U_ii|=0.00354299 max|U_ii|=195565 ratio=1.81167e-08 pivots<1e-12: 0
  [LU] n=924 kutta=1 min|U_ii|=0.00354299 max|U_ii|=195565 ratio=1.81167e-08 pivots<1e-12: 0
  [LU] n=924 kutta=1 min|U_ii|=0.0049059 max|U_ii|=111026 ratio=4.41868e-08 pivots<1e-12: 0
  [LU] n=2520 kutta=1 min|U_ii|=0.0445846 max|U_ii|=6061.07 ratio=7.3559e-06 pivots<1e-12: 0
  [LU] n=924 kutta=1 min|U_ii|=0.00354299 max|U_ii|=195565 ratio=1.81167e-08 pivots<1e-12: 0
  [LU] n=924 kutta=1 min|U_ii|=0.00354299 max|U_ii|=195565 ratio=1.81167e-08 pivots<1e-12: 0
  [LU] n=924 kutta=1 min|U_ii|=0.0049059 max|U_ii|=111026 ratio=4.41868e-08 pivots<1e-12: 0
  [LU] n=2520 kutta=1 min|U_ii|=0.0445846 max|U_ii|=6061.07 ratio=7.3559e-06 pivots<1e-12: 0
  [LU] n=924 kutta=1 min|U_ii|=0.00354299 max|U_ii|=195565 ratio=1.81167e-08 pivots<1e-12: 0
  [LU] n=924 kutta=1 min|U_ii|=0.00354299 max|U_ii|=195565 ratio=1.81167e-08 pivots<1e-12: 0
  [LU] n=924 kutta=1 min|U_ii|=0.0049059 max|U_ii|=111026 ratio=4.41868e-08 pivots<1e-12: 0
  [LU] n=2520 kutta=1 min|U_ii|=0.0445846 max|U_ii|=6061.07 ratio=7.3559e-06 pivots<1e-12: 0
  [LU] n=924 kutta=1 min|U_ii|=0.00354299 max|U_ii|=195565 ratio=1.81167e-08 pivots<1e-12: 0
  [LU] n=924 kutta=1 min|U_ii|=0.00354299 max|U_ii|=195565 ratio=1.81167e-08 pivots<1e-12: 0
  [LU] n=924 kutta=1 min|U_ii|=0.0049059 max|U_ii|=111026 ratio=4.41868e-08 pivots<1e-12: 0
  [LU] n=2520 kutta=1 min|U_ii|=0.0445846 max|U_ii|=6061.07 ratio=7.3559e-06 pivots<1e-12: 0
  [LU] n=924 kutta=1 min|U_ii|=0.00354299 max|U_ii|=195565 ratio=1.81167e-08 pivots<1e-12: 0
  [LU] n=924 kutta=1 min|U_ii|=0.00354299 max|U_ii|=195565 ratio=1.81167e-08 pivots<1e-12: 0
  [LU] n=924 kutta=1 min|U_ii|=0.0049059 max|U_ii|=111026 ratio=4.41868e-08 pivots<1e-12: 0
  [LU] n=2520 kutta=1 min|U_ii|=0.0445846 max|U_ii|=6061.07 ratio=7.3559e-06 pivots<1e-12: 0
  [LU] n=924 kutta=1 min|U_ii|=0.00354299 max|U_ii|=195565 ratio=1.81167e-08 pivots<1e-12: 0
  [LU] n=924 kutta=1 min|U_ii|=0.00354299 max|U_ii|=195565 ratio=1.81167e-08 pivots<1e-12: 0
  [LU] n=924 kutta=1 min|U_ii|=0.0049059 max|U_ii|=111026 ratio=4.41868e-08 pivots<1e-12: 0
  [LU] n=2520 kutta=1 min|U_ii|=0.0445846 max|U_ii|=6061.07 ratio=7.3559e-06 pivots<1e-12: 0
  [LU] n=924 kutta=1 min|U_ii|=0.00354299 max|U_ii|=195565 ratio=1.81167e-08 pivots<1e-12: 0
  [LU] n=924 kutta=1 min|U_ii|=0.00354299 max|U_ii|=195565 ratio=1.81167e-08 pivots<1e-12: 0
  [LU] n=924 kutta=1 min|U_ii|=0.0049059 max|U_ii|=111026 ratio=4.41868e-08 pivots<1e-12: 0
  [LU] n=2520 kutta=1 min|U_ii|=0.0445846 max|U_ii|=6061.07 ratio=7.3559e-06 pivots<1e-12: 0
  [LU] n=924 kutta=1 min|U_ii|=0.00354299 max|U_ii|=195565 ratio=1.81167e-08 pivots<1e-12: 0
  [LU] n=924 kutta=1 min|U_ii|=0.00354299 max|U_ii|=195565 ratio=1.81167e-08 pivots<1e-12: 0
  [LU] n=924 kutta=1 min|U_ii|=0.0049059 max|U_ii|=111026 ratio=4.41868e-08 pivots<1e-12: 0
  [LU] n=2520 kutta=1 min|U_ii|=0.0445846 max|U_ii|=6061.07 ratio=7.3559e-06 pivots<1e-12: 0
  [LU] n=924 kutta=1 min|U_ii|=0.00354299 max|U_ii|=195565 ratio=1.81167e-08 pivots<1e-12: 0
  [LU] n=924 kutta=1 min|U_ii|=0.00354299 max|U_ii|=195565 ratio=1.81167e-08 pivots<1e-12: 0
  [LU] n=924 kutta=1 min|U_ii|=0.0049059 max|U_ii|=111026 ratio=4.41868e-08 pivots<1e-12: 0
  [LU] n=2520 kutta=1 min|U_ii|=0.0445846 max|U_ii|=6061.07 ratio=7.3559e-06 pivots<1e-12: 0
  [LU] n=924 kutta=1 min|U_ii|=0.00354299 max|U_ii|=195565 ratio=1.81167e-08 pivots<1e-12: 0
  [LU] n=924 kutta=1 min|U_ii|=0.00354299 max|U_ii|=195565 ratio=1.81167e-08 pivots<1e-12: 0
  [LU] n=924 kutta=1 min|U_ii|=0.0049059 max|U_ii|=111026 ratio=4.41868e-08 pivots<1e-12: 0
  [LU] n=2520 kutta=1 min|U_ii|=0.0445846 max|U_ii|=6061.07 ratio=7.3559e-06 pivots<1e-12: 0
  [LU] n=924 kutta=1 min|U_ii|=0.00354299 max|U_ii|=195565 ratio=1.81167e-08 pivots<1e-12: 0
  [LU] n=924 kutta=1 min|U_ii|=0.00354299 max|U_ii|=195565 ratio=1.81167e-08 pivots<1e-12: 0
  [LU] n=924 kutta=1 min|U_ii|=0.0049059 max|U_ii|=111026 ratio=4.41868e-08 pivots<1e-12: 0
  [LU] n=2520 kutta=1 min|U_ii|=0.0445846 max|U_ii|=6061.07 ratio=7.3559e-06 pivots<1e-12: 0
  [LU] n=924 kutta=1 min|U_ii|=0.00354299 max|U_ii|=195565 ratio=1.81167e-08 pivots<1e-12: 0
  [LU] n=924 kutta=1 min|U_ii|=0.00354299 max|U_ii|=195565 ratio=1.81167e-08 pivots<1e-12: 0
  [LU] n=924 kutta=1 min|U_ii|=0.0049059 max|U_ii|=111026 ratio=4.41868e-08 pivots<1e-12: 0
  [LU] n=2520 kutta=1 min|U_ii|=0.0445846 max|U_ii|=6061.07 ratio=7.3559e-06 pivots<1e-12: 0
  [LU] n=924 kutta=1 min|U_ii|=0.00354299 max|U_ii|=195565 ratio=1.81167e-08 pivots<1e-12: 0
  [LU] n=924 kutta=1 min|U_ii|=0.00354299 max|U_ii|=195565 ratio=1.81167e-08 pivots<1e-12: 0
  [LU] n=924 kutta=1 min|U_ii|=0.0049059 max|U_ii|=111026 ratio=4.41868e-08 pivots<1e-12: 0
  [LU] n=2520 kutta=1 min|U_ii|=0.0445846 max|U_ii|=6061.07 ratio=7.3559e-06 pivots<1e-12: 0
  [LU] n=924 kutta=1 min|U_ii|=0.00354299 max|U_ii|=195565 ratio=1.81167e-08 pivots<1e-12: 0
  [LU] n=924 kutta=1 min|U_ii|=0.00354299 max|U_ii|=195565 ratio=1.81167e-08 pivots<1e-12: 0
  [LU] n=924 kutta=1 min|U_ii|=0.0049059 max|U_ii|=111026 ratio=4.41868e-08 pivots<1e-12: 0
  [LU] n=2520 kutta=1 min|U_ii|=0.0445846 max|U_ii|=6061.07 ratio=7.3559e-06 pivots<1e-12: 0
  [LU] n=924 kutta=1 min|U_ii|=0.00354299 max|U_ii|=195565 ratio=1.81167e-08 pivots<1e-12: 0
  [LU] n=924 kutta=1 min|U_ii|=0.00354299 max|U_ii|=195565 ratio=1.81167e-08 pivots<1e-12: 0
  [LU] n=924 kutta=1 min|U_ii|=0.0049059 max|U_ii|=111026 ratio=4.41868e-08 pivots<1e-12: 0
  [LU] n=2520 kutta=1 min|U_ii|=0.0445846 max|U_ii|=6061.07 ratio=7.3559e-06 pivots<1e-12: 0
  [LU] n=924 kutta=1 min|U_ii|=0.00354299 max|U_ii|=195565 ratio=1.81167e-08 pivots<1e-12: 0
  [LU] n=924 kutta=1 min|U_ii|=0.00354299 max|U_ii|=195565 ratio=1.81167e-08 pivots<1e-12: 0
  [LU] n=924 kutta=1 min|U_ii|=0.0049059 max|U_ii|=111026 ratio=4.41868e-08 pivots<1e-12: 0
  [LU] n=2520 kutta=1 min|U_ii|=0.0445846 max|U_ii|=6061.07 ratio=7.3559e-06 pivots<1e-12: 0
  [LU] n=924 kutta=1 min|U_ii|=0.00354299 max|U_ii|=195565 ratio=1.81167e-08 pivots<1e-12: 0
  [LU] n=924 kutta=1 min|U_ii|=0.00354299 max|U_ii|=195565 ratio=1.81167e-08 pivots<1e-12: 0
  [LU] n=924 kutta=1 min|U_ii|=0.0049059 max|U_ii|=111026 ratio=4.41868e-08 pivots<1e-12: 0
  [LU] n=2520 kutta=1 min|U_ii|=0.0445846 max|U_ii|=6061.07 ratio=7.3559e-06 pivots<1e-12: 0
  [LU] n=924 kutta=1 min|U_ii|=0.00354299 max|U_ii|=195565 ratio=1.81167e-08 pivots<1e-12: 0
  [LU] n=924 kutta=1 min|U_ii|=0.00354299 max|U_ii|=195565 ratio=1.81167e-08 pivots<1e-12: 0
  [LU] n=924 kutta=1 min|U_ii|=0.0049059 max|U_ii|=111026 ratio=4.41868e-08 pivots<1e-12: 0
  [LU] n=2520 kutta=1 min|U_ii|=0.0445846 max|U_ii|=6061.07 ratio=7.3559e-06 pivots<1e-12: 0
  [LU] n=924 kutta=1 min|U_ii|=0.00354299 max|U_ii|=195565 ratio=1.81167e-08 pivots<1e-12: 0
  [LU] n=924 kutta=1 min|U_ii|=0.00354299 max|U_ii|=195565 ratio=1.81167e-08 pivots<1e-12: 0
  [LU] n=924 kutta=1 min|U_ii|=0.0049059 max|U_ii|=111026 ratio=4.41868e-08 pivots<1e-12: 0
  [LU] n=2520 kutta=1 min|U_ii|=0.0445846 max|U_ii|=6061.07 ratio=7.3559e-06 pivots<1e-12: 0
  [LU] n=924 kutta=1 min|U_ii|=0.00354299 max|U_ii|=195565 ratio=1.81167e-08 pivots<1e-12: 0
  [LU] n=924 kutta=1 min|U_ii|=0.00354299 max|U_ii|=195565 ratio=1.81167e-08 pivots<1e-12: 0
  [LU] n=924 kutta=1 min|U_ii|=0.0049059 max|U_ii|=111026 ratio=4.41868e-08 pivots<1e-12: 0
  [LU] n=2520 kutta=1 min|U_ii|=0.0445846 max|U_ii|=6061.07 ratio=7.3559e-06 pivots<1e-12: 0
  [LU] n=924 kutta=1 min|U_ii|=0.00354299 max|U_ii|=195565 ratio=1.81167e-08 pivots<1e-12: 0
  [LU] n=924 kutta=1 min|U_ii|=0.00354299 max|U_ii|=195565 ratio=1.81167e-08 pivots<1e-12: 0
  [LU] n=924 kutta=1 min|U_ii|=0.0049059 max|U_ii|=111026 ratio=4.41868e-08 pivots<1e-12: 0
  [LU] n=2520 kutta=1 min|U_ii|=0.0445846 max|U_ii|=6061.07 ratio=7.3559e-06 pivots<1e-12: 0
  [LU] n=924 kutta=1 min|U_ii|=0.00354299 max|U_ii|=195565 ratio=1.81167e-08 pivots<1e-12: 0
  [LU] n=924 kutta=1 min|U_ii|=0.00354299 max|U_ii|=195565 ratio=1.81167e-08 pivots<1e-12: 0
  [LU] n=924 kutta=1 min|U_ii|=0.0049059 max|U_ii|=111026 ratio=4.41868e-08 pivots<1e-12: 0
  [LU] n=2520 kutta=1 min|U_ii|=0.0445846 max|U_ii|=6061.07 ratio=7.3559e-06 pivots<1e-12: 0
  [LU] n=924 kutta=1 min|U_ii|=0.00354299 max|U_ii|=195565 ratio=1.81167e-08 pivots<1e-12: 0
  [LU] n=924 kutta=1 min|U_ii|=0.00354299 max|U_ii|=195565 ratio=1.81167e-08 pivots<1e-12: 0
  [LU] n=924 kutta=1 min|U_ii|=0.0049059 max|U_ii|=111026 ratio=4.41868e-08 pivots<1e-12: 0
  [LU] n=2520 kutta=1 min|U_ii|=0.0445846 max|U_ii|=6061.07 ratio=7.3559e-06 pivots<1e-12: 0
  [LU] n=924 kutta=1 min|U_ii|=0.00354299 max|U_ii|=195565 ratio=1.81167e-08 pivots<1e-12: 0
  [LU] n=924 kutta=1 min|U_ii|=0.00354299 max|U_ii|=195565 ratio=1.81167e-08 pivots<1e-12: 0
  [LU] n=924 kutta=1 min|U_ii|=0.0049059 max|U_ii|=111026 ratio=4.41868e-08 pivots<1e-12: 0
  [LU] n=2520 kutta=1 min|U_ii|=0.0445846 max|U_ii|=6061.07 ratio=7.3559e-06 pivots<1e-12: 0
  [LU] n=924 kutta=1 min|U_ii|=0.00354299 max|U_ii|=195565 ratio=1.81167e-08 pivots<1e-12: 0
  [LU] n=924 kutta=1 min|U_ii|=0.00354299 max|U_ii|=195565 ratio=1.81167e-08 pivots<1e-12: 0
  [LU] n=924 kutta=1 min|U_ii|=0.0049059 max|U_ii|=111026 ratio=4.41868e-08 pivots<1e-12: 0
  [LU] n=2520 kutta=1 min|U_ii|=0.0445846 max|U_ii|=6061.07 ratio=7.3559e-06 pivots<1e-12: 0
  [LU] n=924 kutta=1 min|U_ii|=0.00354299 max|U_ii|=195565 ratio=1.81167e-08 pivots<1e-12: 0
  [LU] n=924 kutta=1 min|U_ii|=0.00354299 max|U_ii|=195565 ratio=1.81167e-08 pivots<1e-12: 0
  [LU] n=924 kutta=1 min|U_ii|=0.0049059 max|U_ii|=111026 ratio=4.41868e-08 pivots<1e-12: 0
  [LU] n=2520 kutta=1 min|U_ii|=0.0445846 max|U_ii|=6061.07 ratio=7.3559e-06 pivots<1e-12: 0
  [LU] n=924 kutta=1 min|U_ii|=0.00354299 max|U_ii|=195565 ratio=1.81167e-08 pivots<1e-12: 0
  [LU] n=924 kutta=1 min|U_ii|=0.00354299 max|U_ii|=195565 ratio=1.81167e-08 pivots<1e-12: 0
  [LU] n=924 kutta=1 min|U_ii|=0.0049059 max|U_ii|=111026 ratio=4.41868e-08 pivots<1e-12: 0
  [LU] n=2520 kutta=1 min|U_ii|=0.0445846 max|U_ii|=6061.07 ratio=7.3559e-06 pivots<1e-12: 0
  [LU] n=924 kutta=1 min|U_ii|=0.00354299 max|U_ii|=195565 ratio=1.81167e-08 pivots<1e-12: 0
  [LU] n=924 kutta=1 min|U_ii|=0.00354299 max|U_ii|=195565 ratio=1.81167e-08 pivots<1e-12: 0
  [LU] n=924 kutta=1 min|U_ii|=0.0049059 max|U_ii|=111026 ratio=4.41868e-08 pivots<1e-12: 0
  [LU] n=2520 kutta=1 min|U_ii|=0.0445846 max|U_ii|=6061.07 ratio=7.3559e-06 pivots<1e-12: 0
  [LU] n=924 kutta=1 min|U_ii|=0.00354299 max|U_ii|=195565 ratio=1.81167e-08 pivots<1e-12: 0
  [LU] n=924 kutta=1 min|U_ii|=0.00354299 max|U_ii|=195565 ratio=1.81167e-08 pivots<1e-12: 0
  [LU] n=924 kutta=1 min|U_ii|=0.0049059 max|U_ii|=111026 ratio=4.41868e-08 pivots<1e-12: 0
  [LU] n=2520 kutta=1 min|U_ii|=0.0445846 max|U_ii|=6061.07 ratio=7.3559e-06 pivots<1e-12: 0
  [LU] n=924 kutta=1 min|U_ii|=0.00354299 max|U_ii|=195565 ratio=1.81167e-08 pivots<1e-12: 0
  [LU] n=924 kutta=1 min|U_ii|=0.00354299 max|U_ii|=195565 ratio=1.81167e-08 pivots<1e-12: 0
  [LU] n=924 kutta=1 min|U_ii|=0.0049059 max|U_ii|=111026 ratio=4.41868e-08 pivots<1e-12: 0
  [LU] n=2520 kutta=1 min|U_ii|=0.0445846 max|U_ii|=6061.07 ratio=7.3559e-06 pivots<1e-12: 0
  [LU] n=924 kutta=1 min|U_ii|=0.00354299 max|U_ii|=195565 ratio=1.81167e-08 pivots<1e-12: 0
  [LU] n=924 kutta=1 min|U_ii|=0.00354299 max|U_ii|=195565 ratio=1.81167e-08 pivots<1e-12: 0
  [LU] n=924 kutta=1 min|U_ii|=0.0049059 max|U_ii|=111026 ratio=4.41868e-08 pivots<1e-12: 0
  [LU] n=2520 kutta=1 min|U_ii|=0.0445846 max|U_ii|=6061.07 ratio=7.3559e-06 pivots<1e-12: 0
  [LU] n=924 kutta=1 min|U_ii|=0.00354299 max|U_ii|=195565 ratio=1.81167e-08 pivots<1e-12: 0
  [LU] n=924 kutta=1 min|U_ii|=0.00354299 max|U_ii|=195565 ratio=1.81167e-08 pivots<1e-12: 0
  [LU] n=924 kutta=1 min|U_ii|=0.0049059 max|U_ii|=111026 ratio=4.41868e-08 pivots<1e-12: 0
  [LU] n=2520 kutta=1 min|U_ii|=0.0445846 max|U_ii|=6061.07 ratio=7.3559e-06 pivots<1e-12: 0
  [LU] n=924 kutta=1 min|U_ii|=0.00354299 max|U_ii|=195565 ratio=1.81167e-08 pivots<1e-12: 0
  [LU] n=924 kutta=1 min|U_ii|=0.00354299 max|U_ii|=195565 ratio=1.81167e-08 pivots<1e-12: 0
  [LU] n=924 kutta=1 min|U_ii|=0.0049059 max|U_ii|=111026 ratio=4.41868e-08 pivots<1e-12: 0
  [LU] n=2520 kutta=1 min|U_ii|=0.0445846 max|U_ii|=6061.07 ratio=7.3559e-06 pivots<1e-12: 0
  [LU] n=924 kutta=1 min|U_ii|=0.00354299 max|U_ii|=195565 ratio=1.81167e-08 pivots<1e-12: 0
  [LU] n=924 kutta=1 min|U_ii|=0.00354299 max|U_ii|=195565 ratio=1.81167e-08 pivots<1e-12: 0
  [LU] n=924 kutta=1 min|U_ii|=0.0049059 max|U_ii|=111026 ratio=4.41868e-08 pivots<1e-12: 0
  [LU] n=2520 kutta=1 min|U_ii|=0.0445846 max|U_ii|=6061.07 ratio=7.3559e-06 pivots<1e-12: 0
  [LU] n=924 kutta=1 min|U_ii|=0.00354299 max|U_ii|=195565 ratio=1.81167e-08 pivots<1e-12: 0
  [LU] n=924 kutta=1 min|U_ii|=0.00354299 max|U_ii|=195565 ratio=1.81167e-08 pivots<1e-12: 0
  [LU] n=924 kutta=1 min|U_ii|=0.0049059 max|U_ii|=111026 ratio=4.41868e-08 pivots<1e-12: 0
  [LU] n=2520 kutta=1 min|U_ii|=0.0445846 max|U_ii|=6061.07 ratio=7.3559e-06 pivots<1e-12: 0
  [LU] n=924 kutta=1 min|U_ii|=0.00354299 max|U_ii|=195565 ratio=1.81167e-08 pivots<1e-12: 0
  [LU] n=924 kutta=1 min|U_ii|=0.00354299 max|U_ii|=195565 ratio=1.81167e-08 pivots<1e-12: 0
  [LU] n=924 kutta=1 min|U_ii|=0.0049059 max|U_ii|=111026 ratio=4.41868e-08 pivots<1e-12: 0
  [LU] n=2520 kutta=1 min|U_ii|=0.0445846 max|U_ii|=6061.07 ratio=7.3559e-06 pivots<1e-12: 0
  [LU] n=924 kutta=1 min|U_ii|=0.00354299 max|U_ii|=195565 ratio=1.81167e-08 pivots<1e-12: 0
  [LU] n=924 kutta=1 min|U_ii|=0.00354299 max|U_ii|=195565 ratio=1.81167e-08 pivots<1e-12: 0
  [LU] n=924 kutta=1 min|U_ii|=0.0049059 max|U_ii|=111026 ratio=4.41868e-08 pivots<1e-12: 0
  [LU] n=2520 kutta=1 min|U_ii|=0.0445846 max|U_ii|=6061.07 ratio=7.3559e-06 pivots<1e-12: 0
  [LU] n=924 kutta=1 min|U_ii|=0.00354299 max|U_ii|=195565 ratio=1.81167e-08 pivots<1e-12: 0
  [LU] n=924 kutta=1 min|U_ii|=0.00354299 max|U_ii|=195565 ratio=1.81167e-08 pivots<1e-12: 0
  [LU] n=924 kutta=1 min|U_ii|=0.0049059 max|U_ii|=111026 ratio=4.41868e-08 pivots<1e-12: 0
  [LU] n=2520 kutta=1 min|U_ii|=0.0445846 max|U_ii|=6061.07 ratio=7.3559e-06 pivots<1e-12: 0
  [LU] n=924 kutta=1 min|U_ii|=0.00354299 max|U_ii|=195565 ratio=1.81167e-08 pivots<1e-12: 0
  [LU] n=924 kutta=1 min|U_ii|=0.00354299 max|U_ii|=195565 ratio=1.81167e-08 pivots<1e-12: 0
  [LU] n=924 kutta=1 min|U_ii|=0.0049059 max|U_ii|=111026 ratio=4.41868e-08 pivots<1e-12: 0
  [LU] n=2520 kutta=1 min|U_ii|=0.0445846 max|U_ii|=6061.07 ratio=7.3559e-06 pivots<1e-12: 0
  [LU] n=924 kutta=1 min|U_ii|=0.00354299 max|U_ii|=195565 ratio=1.81167e-08 pivots<1e-12: 0
  [LU] n=924 kutta=1 min|U_ii|=0.00354299 max|U_ii|=195565 ratio=1.81167e-08 pivots<1e-12: 0
  [LU] n=924 kutta=1 min|U_ii|=0.0049059 max|U_ii|=111026 ratio=4.41868e-08 pivots<1e-12: 0
  [LU] n=2520 kutta=1 min|U_ii|=0.0445846 max|U_ii|=6061.07 ratio=7.3559e-06 pivots<1e-12: 0
  [LU] n=924 kutta=1 min|U_ii|=0.00354299 max|U_ii|=195565 ratio=1.81167e-08 pivots<1e-12: 0
  [LU] n=924 kutta=1 min|U_ii|=0.00354299 max|U_ii|=195565 ratio=1.81167e-08 pivots<1e-12: 0
  [LU] n=924 kutta=1 min|U_ii|=0.0049059 max|U_ii|=111026 ratio=4.41868e-08 pivots<1e-12: 0
  [LU] n=2520 kutta=1 min|U_ii|=0.0445846 max|U_ii|=6061.07 ratio=7.3559e-06 pivots<1e-12: 0
  [LU] n=924 kutta=1 min|U_ii|=0.00354299 max|U_ii|=195565 ratio=1.81167e-08 pivots<1e-12: 0
  [LU] n=924 kutta=1 min|U_ii|=0.00354299 max|U_ii|=195565 ratio=1.81167e-08 pivots<1e-12: 0
  [LU] n=924 kutta=1 min|U_ii|=0.0049059 max|U_ii|=111026 ratio=4.41868e-08 pivots<1e-12: 0
  [LU] n=2520 kutta=1 min|U_ii|=0.0445846 max|U_ii|=6061.07 ratio=7.3559e-06 pivots<1e-12: 0
  [LU] n=924 kutta=1 min|U_ii|=0.00354299 max|U_ii|=195565 ratio=1.81167e-08 pivots<1e-12: 0
  [LU] n=924 kutta=1 min|U_ii|=0.00354299 max|U_ii|=195565 ratio=1.81167e-08 pivots<1e-12: 0
  [LU] n=924 kutta=1 min|U_ii|=0.0049059 max|U_ii|=111026 ratio=4.41868e-08 pivots<1e-12: 0
  [LU] n=2520 kutta=1 min|U_ii|=0.0445846 max|U_ii|=6061.07 ratio=7.3559e-06 pivots<1e-12: 0
  [LU] n=924 kutta=1 min|U_ii|=0.00354299 max|U_ii|=195565 ratio=1.81167e-08 pivots<1e-12: 0
  [LU] n=924 kutta=1 min|U_ii|=0.00354299 max|U_ii|=195565 ratio=1.81167e-08 pivots<1e-12: 0
  [LU] n=924 kutta=1 min|U_ii|=0.0049059 max|U_ii|=111026 ratio=4.41868e-08 pivots<1e-12: 0
  [LU] n=2520 kutta=1 min|U_ii|=0.0445846 max|U_ii|=6061.07 ratio=7.3559e-06 pivots<1e-12: 0
  [LU] n=924 kutta=1 min|U_ii|=0.00354299 max|U_ii|=195565 ratio=1.81167e-08 pivots<1e-12: 0
  [LU] n=924 kutta=1 min|U_ii|=0.00354299 max|U_ii|=195565 ratio=1.81167e-08 pivots<1e-12: 0
  [LU] n=924 kutta=1 min|U_ii|=0.0049059 max|U_ii|=111026 ratio=4.41868e-08 pivots<1e-12: 0
  [LU] n=2520 kutta=1 min|U_ii|=0.0445846 max|U_ii|=6061.07 ratio=7.3559e-06 pivots<1e-12: 0
  [LU] n=924 kutta=1 min|U_ii|=0.00354299 max|U_ii|=195565 ratio=1.81167e-08 pivots<1e-12: 0
  [LU] n=924 kutta=1 min|U_ii|=0.00354299 max|U_ii|=195565 ratio=1.81167e-08 pivots<1e-12: 0
  [LU] n=924 kutta=1 min|U_ii|=0.0049059 max|U_ii|=111026 ratio=4.41868e-08 pivots<1e-12: 0
  [LU] n=2520 kutta=1 min|U_ii|=0.0445846 max|U_ii|=6061.07 ratio=7.3559e-06 pivots<1e-12: 0
  [LU] n=924 kutta=1 min|U_ii|=0.00354299 max|U_ii|=195565 ratio=1.81167e-08 pivots<1e-12: 0
  [LU] n=924 kutta=1 min|U_ii|=0.00354299 max|U_ii|=195565 ratio=1.81167e-08 pivots<1e-12: 0
  [LU] n=924 kutta=1 min|U_ii|=0.0049059 max|U_ii|=111026 ratio=4.41868e-08 pivots<1e-12: 0
  [LU] n=2520 kutta=1 min|U_ii|=0.0445846 max|U_ii|=6061.07 ratio=7.3559e-06 pivots<1e-12: 0
  [LU] n=924 kutta=1 min|U_ii|=0.00354299 max|U_ii|=195565 ratio=1.81167e-08 pivots<1e-12: 0
  [LU] n=924 kutta=1 min|U_ii|=0.00354299 max|U_ii|=195565 ratio=1.81167e-08 pivots<1e-12: 0
  [LU] n=924 kutta=1 min|U_ii|=0.0049059 max|U_ii|=111026 ratio=4.41868e-08 pivots<1e-12: 0
  [LU] n=2520 kutta=1 min|U_ii|=0.0445846 max|U_ii|=6061.07 ratio=7.3559e-06 pivots<1e-12: 0
  [LU] n=924 kutta=1 min|U_ii|=0.00354299 max|U_ii|=195565 ratio=1.81167e-08 pivots<1e-12: 0
  [LU] n=924 kutta=1 min|U_ii|=0.00354299 max|U_ii|=195565 ratio=1.81167e-08 pivots<1e-12: 0
  [LU] n=924 kutta=1 min|U_ii|=0.0049059 max|U_ii|=111026 ratio=4.41868e-08 pivots<1e-12: 0
  [LU] n=2520 kutta=1 min|U_ii|=0.0445846 max|U_ii|=6061.07 ratio=7.3559e-06 pivots<1e-12: 0
  [LU] n=924 kutta=1 min|U_ii|=0.00354299 max|U_ii|=195565 ratio=1.81167e-08 pivots<1e-12: 0
  [LU] n=924 kutta=1 min|U_ii|=0.00354299 max|U_ii|=195565 ratio=1.81167e-08 pivots<1e-12: 0
  [LU] n=924 kutta=1 min|U_ii|=0.0049059 max|U_ii|=111026 ratio=4.41868e-08 pivots<1e-12: 0
  [LU] n=2520 kutta=1 min|U_ii|=0.0445846 max|U_ii|=6061.07 ratio=7.3559e-06 pivots<1e-12: 0
  [LU] n=924 kutta=1 min|U_ii|=0.00354299 max|U_ii|=195565 ratio=1.81167e-08 pivots<1e-12: 0
  [LU] n=924 kutta=1 min|U_ii|=0.00354299 max|U_ii|=195565 ratio=1.81167e-08 pivots<1e-12: 0
  [LU] n=924 kutta=1 min|U_ii|=0.0049059 max|U_ii|=111026 ratio=4.41868e-08 pivots<1e-12: 0
  [LU] n=2520 kutta=1 min|U_ii|=0.0445846 max|U_ii|=6061.07 ratio=7.3559e-06 pivots<1e-12: 0
  [LU] n=924 kutta=1 min|U_ii|=0.00354299 max|U_ii|=195565 ratio=1.81167e-08 pivots<1e-12: 0
  [LU] n=924 kutta=1 min|U_ii|=0.00354299 max|U_ii|=195565 ratio=1.81167e-08 pivots<1e-12: 0
  [LU] n=924 kutta=1 min|U_ii|=0.0049059 max|U_ii|=111026 ratio=4.41868e-08 pivots<1e-12: 0
  [LU] n=2520 kutta=1 min|U_ii|=0.0445846 max|U_ii|=6061.07 ratio=7.3559e-06 pivots<1e-12: 0
  [LU] n=924 kutta=1 min|U_ii|=0.00354299 max|U_ii|=195565 ratio=1.81167e-08 pivots<1e-12: 0
  [LU] n=924 kutta=1 min|U_ii|=0.00354299 max|U_ii|=195565 ratio=1.81167e-08 pivots<1e-12: 0
  [LU] n=924 kutta=1 min|U_ii|=0.0049059 max|U_ii|=111026 ratio=4.41868e-08 pivots<1e-12: 0
  [LU] n=2520 kutta=1 min|U_ii|=0.0445846 max|U_ii|=6061.07 ratio=7.3559e-06 pivots<1e-12: 0
  [LU] n=924 kutta=1 min|U_ii|=0.00354299 max|U_ii|=195565 ratio=1.81167e-08 pivots<1e-12: 0
  [LU] n=924 kutta=1 min|U_ii|=0.00354299 max|U_ii|=195565 ratio=1.81167e-08 pivots<1e-12: 0
  [LU] n=924 kutta=1 min|U_ii|=0.0049059 max|U_ii|=111026 ratio=4.41868e-08 pivots<1e-12: 0
  [LU] n=2520 kutta=1 min|U_ii|=0.0445846 max|U_ii|=6061.07 ratio=7.3559e-06 pivots<1e-12: 0
  [LU] n=924 kutta=1 min|U_ii|=0.00354299 max|U_ii|=195565 ratio=1.81167e-08 pivots<1e-12: 0
  [LU] n=924 kutta=1 min|U_ii|=0.00354299 max|U_ii|=195565 ratio=1.81167e-08 pivots<1e-12: 0
  [LU] n=924 kutta=1 min|U_ii|=0.0049059 max|U_ii|=111026 ratio=4.41868e-08 pivots<1e-12: 0
  [LU] n=2520 kutta=1 min|U_ii|=0.0445846 max|U_ii|=6061.07 ratio=7.3559e-06 pivots<1e-12: 0
  [LU] n=924 kutta=1 min|U_ii|=0.00354299 max|U_ii|=195565 ratio=1.81167e-08 pivots<1e-12: 0
  [LU] n=924 kutta=1 min|U_ii|=0.00354299 max|U_ii|=195565 ratio=1.81167e-08 pivots<1e-12: 0
  [LU] n=924 kutta=1 min|U_ii|=0.0049059 max|U_ii|=111026 ratio=4.41868e-08 pivots<1e-12: 0
  [LU] n=2520 kutta=1 min|U_ii|=0.0445846 max|U_ii|=6061.07 ratio=7.3559e-06 pivots<1e-12: 0
  [LU] n=924 kutta=1 min|U_ii|=0.00354299 max|U_ii|=195565 ratio=1.81167e-08 pivots<1e-12: 0
  [LU] n=924 kutta=1 min|U_ii|=0.00354299 max|U_ii|=195565 ratio=1.81167e-08 pivots<1e-12: 0
  [LU] n=924 kutta=1 min|U_ii|=0.0049059 max|U_ii|=111026 ratio=4.41868e-08 pivots<1e-12: 0
  [LU] n=2520 kutta=1 min|U_ii|=0.0445846 max|U_ii|=6061.07 ratio=7.3559e-06 pivots<1e-12: 0
  [LU] n=924 kutta=1 min|U_ii|=0.00354299 max|U_ii|=195565 ratio=1.81167e-08 pivots<1e-12: 0
  [LU] n=924 kutta=1 min|U_ii|=0.00354299 max|U_ii|=195565 ratio=1.81167e-08 pivots<1e-12: 0
  [LU] n=924 kutta=1 min|U_ii|=0.0049059 max|U_ii|=111026 ratio=4.41868e-08 pivots<1e-12: 0
  [LU] n=2520 kutta=1 min|U_ii|=0.0445846 max|U_ii|=6061.07 ratio=7.3559e-06 pivots<1e-12: 0
  [LU] n=924 kutta=1 min|U_ii|=0.00354299 max|U_ii|=195565 ratio=1.81167e-08 pivots<1e-12: 0
  [LU] n=924 kutta=1 min|U_ii|=0.00354299 max|U_ii|=195565 ratio=1.81167e-08 pivots<1e-12: 0
  [LU] n=924 kutta=1 min|U_ii|=0.0049059 max|U_ii|=111026 ratio=4.41868e-08 pivots<1e-12: 0
  [LU] n=2520 kutta=1 min|U_ii|=0.0445846 max|U_ii|=6061.07 ratio=7.3559e-06 pivots<1e-12: 0
  [LU] n=924 kutta=1 min|U_ii|=0.00354299 max|U_ii|=195565 ratio=1.81167e-08 pivots<1e-12: 0
  [LU] n=924 kutta=1 min|U_ii|=0.00354299 max|U_ii|=195565 ratio=1.81167e-08 pivots<1e-12: 0
  [LU] n=924 kutta=1 min|U_ii|=0.0049059 max|U_ii|=111026 ratio=4.41868e-08 pivots<1e-12: 0
  [LU] n=2520 kutta=1 min|U_ii|=0.0445846 max|U_ii|=6061.07 ratio=7.3559e-06 pivots<1e-12: 0
  [LU] n=924 kutta=1 min|U_ii|=0.00354299 max|U_ii|=195565 ratio=1.81167e-08 pivots<1e-12: 0
  [LU] n=924 kutta=1 min|U_ii|=0.00354299 max|U_ii|=195565 ratio=1.81167e-08 pivots<1e-12: 0
  [LU] n=924 kutta=1 min|U_ii|=0.0049059 max|U_ii|=111026 ratio=4.41868e-08 pivots<1e-12: 0
  [LU] n=2520 kutta=1 min|U_ii|=0.0445846 max|U_ii|=6061.07 ratio=7.3559e-06 pivots<1e-12: 0
  [LU] n=924 kutta=1 min|U_ii|=0.00354299 max|U_ii|=195565 ratio=1.81167e-08 pivots<1e-12: 0
  [LU] n=924 kutta=1 min|U_ii|=0.00354299 max|U_ii|=195565 ratio=1.81167e-08 pivots<1e-12: 0
  [LU] n=924 kutta=1 min|U_ii|=0.0049059 max|U_ii|=111026 ratio=4.41868e-08 pivots<1e-12: 0
  [LU] n=2520 kutta=1 min|U_ii|=0.0445846 max|U_ii|=6061.07 ratio=7.3559e-06 pivots<1e-12: 0
  [LU] n=924 kutta=1 min|U_ii|=0.00354299 max|U_ii|=195565 ratio=1.81167e-08 pivots<1e-12: 0
  [LU] n=924 kutta=1 min|U_ii|=0.00354299 max|U_ii|=195565 ratio=1.81167e-08 pivots<1e-12: 0
  [LU] n=924 kutta=1 min|U_ii|=0.0049059 max|U_ii|=111026 ratio=4.41868e-08 pivots<1e-12: 0
  [LU] n=2520 kutta=1 min|U_ii|=0.0445846 max|U_ii|=6061.07 ratio=7.3559e-06 pivots<1e-12: 0
  [LU] n=924 kutta=1 min|U_ii|=0.00354299 max|U_ii|=195565 ratio=1.81167e-08 pivots<1e-12: 0
  [LU] n=924 kutta=1 min|U_ii|=0.00354299 max|U_ii|=195565 ratio=1.81167e-08 pivots<1e-12: 0
  [LU] n=924 kutta=1 min|U_ii|=0.0049059 max|U_ii|=111026 ratio=4.41868e-08 pivots<1e-12: 0
  [LU] n=2520 kutta=1 min|U_ii|=0.0445846 max|U_ii|=6061.07 ratio=7.3559e-06 pivots<1e-12: 0
  [LU] n=924 kutta=1 min|U_ii|=0.00354299 max|U_ii|=195565 ratio=1.81167e-08 pivots<1e-12: 0
  [LU] n=924 kutta=1 min|U_ii|=0.00354299 max|U_ii|=195565 ratio=1.81167e-08 pivots<1e-12: 0
  [LU] n=924 kutta=1 min|U_ii|=0.0049059 max|U_ii|=111026 ratio=4.41868e-08 pivots<1e-12: 0
  [LU] n=2520 kutta=1 min|U_ii|=0.0445846 max|U_ii|=6061.07 ratio=7.3559e-06 pivots<1e-12: 0
  [LU] n=924 kutta=1 min|U_ii|=0.00354299 max|U_ii|=195565 ratio=1.81167e-08 pivots<1e-12: 0
  [LU] n=924 kutta=1 min|U_ii|=0.00354299 max|U_ii|=195565 ratio=1.81167e-08 pivots<1e-12: 0
  [LU] n=924 kutta=1 min|U_ii|=0.0049059 max|U_ii|=111026 ratio=4.41868e-08 pivots<1e-12: 0
  [LU] n=2520 kutta=1 min|U_ii|=0.0445846 max|U_ii|=6061.07 ratio=7.3559e-06 pivots<1e-12: 0
  [LU] n=924 kutta=1 min|U_ii|=0.00354299 max|U_ii|=195565 ratio=1.81167e-08 pivots<1e-12: 0
  [LU] n=924 kutta=1 min|U_ii|=0.00354299 max|U_ii|=195565 ratio=1.81167e-08 pivots<1e-12: 0
  [LU] n=924 kutta=1 min|U_ii|=0.0049059 max|U_ii|=111026 ratio=4.41868e-08 pivots<1e-12: 0
  [LU] n=2520 kutta=1 min|U_ii|=0.0445846 max|U_ii|=6061.07 ratio=7.3559e-06 pivots<1e-12: 0
  [LU] n=924 kutta=1 min|U_ii|=0.00354299 max|U_ii|=195565 ratio=1.81167e-08 pivots<1e-12: 0
  [LU] n=924 kutta=1 min|U_ii|=0.00354299 max|U_ii|=195565 ratio=1.81167e-08 pivots<1e-12: 0
  [LU] n=924 kutta=1 min|U_ii|=0.0049059 max|U_ii|=111026 ratio=4.41868e-08 pivots<1e-12: 0
  [LU] n=2520 kutta=1 min|U_ii|=0.0445846 max|U_ii|=6061.07 ratio=7.3559e-06 pivots<1e-12: 0
  [LU] n=924 kutta=1 min|U_ii|=0.00354299 max|U_ii|=195565 ratio=1.81167e-08 pivots<1e-12: 0
  [LU] n=924 kutta=1 min|U_ii|=0.00354299 max|U_ii|=195565 ratio=1.81167e-08 pivots<1e-12: 0
  [LU] n=924 kutta=1 min|U_ii|=0.0049059 max|U_ii|=111026 ratio=4.41868e-08 pivots<1e-12: 0
  [LU] n=2520 kutta=1 min|U_ii|=0.0445846 max|U_ii|=6061.07 ratio=7.3559e-06 pivots<1e-12: 0
  [LU] n=924 kutta=1 min|U_ii|=0.00354299 max|U_ii|=195565 ratio=1.81167e-08 pivots<1e-12: 0
  [LU] n=924 kutta=1 min|U_ii|=0.00354299 max|U_ii|=195565 ratio=1.81167e-08 pivots<1e-12: 0
  [LU] n=924 kutta=1 min|U_ii|=0.0049059 max|U_ii|=111026 ratio=4.41868e-08 pivots<1e-12: 0
  [LU] n=2520 kutta=1 min|U_ii|=0.0445846 max|U_ii|=6061.07 ratio=7.3559e-06 pivots<1e-12: 0
  [LU] n=924 kutta=1 min|U_ii|=0.00354299 max|U_ii|=195565 ratio=1.81167e-08 pivots<1e-12: 0
  [LU] n=924 kutta=1 min|U_ii|=0.00354299 max|U_ii|=195565 ratio=1.81167e-08 pivots<1e-12: 0
  [LU] n=924 kutta=1 min|U_ii|=0.0049059 max|U_ii|=111026 ratio=4.41868e-08 pivots<1e-12: 0
  [LU] n=2520 kutta=1 min|U_ii|=0.0445846 max|U_ii|=6061.07 ratio=7.3559e-06 pivots<1e-12: 0
  [LU] n=924 kutta=1 min|U_ii|=0.00354299 max|U_ii|=195565 ratio=1.81167e-08 pivots<1e-12: 0
  [LU] n=924 kutta=1 min|U_ii|=0.00354299 max|U_ii|=195565 ratio=1.81167e-08 pivots<1e-12: 0
  [LU] n=924 kutta=1 min|U_ii|=0.0049059 max|U_ii|=111026 ratio=4.41868e-08 pivots<1e-12: 0
  [LU] n=2520 kutta=1 min|U_ii|=0.0445846 max|U_ii|=6061.07 ratio=7.3559e-06 pivots<1e-12: 0
  [LU] n=924 kutta=1 min|U_ii|=0.00354299 max|U_ii|=195565 ratio=1.81167e-08 pivots<1e-12: 0
  [LU] n=924 kutta=1 min|U_ii|=0.00354299 max|U_ii|=195565 ratio=1.81167e-08 pivots<1e-12: 0
  [LU] n=924 kutta=1 min|U_ii|=0.0049059 max|U_ii|=111026 ratio=4.41868e-08 pivots<1e-12: 0
  [LU] n=2520 kutta=1 min|U_ii|=0.0445846 max|U_ii|=6061.07 ratio=7.3559e-06 pivots<1e-12: 0
  [LU] n=924 kutta=1 min|U_ii|=0.00354299 max|U_ii|=195565 ratio=1.81167e-08 pivots<1e-12: 0
  [LU] n=924 kutta=1 min|U_ii|=0.00354299 max|U_ii|=195565 ratio=1.81167e-08 pivots<1e-12: 0
  [LU] n=924 kutta=1 min|U_ii|=0.0049059 max|U_ii|=111026 ratio=4.41868e-08 pivots<1e-12: 0
  [LU] n=2520 kutta=1 min|U_ii|=0.0445846 max|U_ii|=6061.07 ratio=7.3559e-06 pivots<1e-12: 0
  [LU] n=924 kutta=1 min|U_ii|=0.00354299 max|U_ii|=195565 ratio=1.81167e-08 pivots<1e-12: 0
  [LU] n=924 kutta=1 min|U_ii|=0.00354299 max|U_ii|=195565 ratio=1.81167e-08 pivots<1e-12: 0
  [LU] n=924 kutta=1 min|U_ii|=0.0049059 max|U_ii|=111026 ratio=4.41868e-08 pivots<1e-12: 0
  [LU] n=2520 kutta=1 min|U_ii|=0.0445846 max|U_ii|=6061.07 ratio=7.3559e-06 pivots<1e-12: 0
  [LU] n=924 kutta=1 min|U_ii|=0.00354299 max|U_ii|=195565 ratio=1.81167e-08 pivots<1e-12: 0
  [LU] n=924 kutta=1 min|U_ii|=0.00354299 max|U_ii|=195565 ratio=1.81167e-08 pivots<1e-12: 0
  [LU] n=924 kutta=1 min|U_ii|=0.0049059 max|U_ii|=111026 ratio=4.41868e-08 pivots<1e-12: 0
  [LU] n=2520 kutta=1 min|U_ii|=0.0445846 max|U_ii|=6061.07 ratio=7.3559e-06 pivots<1e-12: 0
  [LU] n=924 kutta=1 min|U_ii|=0.00354299 max|U_ii|=195565 ratio=1.81167e-08 pivots<1e-12: 0
  [LU] n=924 kutta=1 min|U_ii|=0.00354299 max|U_ii|=195565 ratio=1.81167e-08 pivots<1e-12: 0
  [LU] n=924 kutta=1 min|U_ii|=0.0049059 max|U_ii|=111026 ratio=4.41868e-08 pivots<1e-12: 0
  [LU] n=2520 kutta=1 min|U_ii|=0.0445846 max|U_ii|=6061.07 ratio=7.3559e-06 pivots<1e-12: 0
  [LU] n=924 kutta=1 min|U_ii|=0.00354299 max|U_ii|=195565 ratio=1.81167e-08 pivots<1e-12: 0
  [LU] n=924 kutta=1 min|U_ii|=0.00354299 max|U_ii|=195565 ratio=1.81167e-08 pivots<1e-12: 0
  [LU] n=924 kutta=1 min|U_ii|=0.0049059 max|U_ii|=111026 ratio=4.41868e-08 pivots<1e-12: 0
  [LU] n=2520 kutta=1 min|U_ii|=0.0445846 max|U_ii|=6061.07 ratio=7.3559e-06 pivots<1e-12: 0
  [LU] n=924 kutta=1 min|U_ii|=0.00354299 max|U_ii|=195565 ratio=1.81167e-08 pivots<1e-12: 0
  [LU] n=924 kutta=1 min|U_ii|=0.00354299 max|U_ii|=195565 ratio=1.81167e-08 pivots<1e-12: 0
  [LU] n=924 kutta=1 min|U_ii|=0.0049059 max|U_ii|=111026 ratio=4.41868e-08 pivots<1e-12: 0
  [LU] n=2520 kutta=1 min|U_ii|=0.0445846 max|U_ii|=6061.07 ratio=7.3559e-06 pivots<1e-12: 0
  [LU] n=924 kutta=1 min|U_ii|=0.00354299 max|U_ii|=195565 ratio=1.81167e-08 pivots<1e-12: 0
  [LU] n=924 kutta=1 min|U_ii|=0.00354299 max|U_ii|=195565 ratio=1.81167e-08 pivots<1e-12: 0
  [LU] n=924 kutta=1 min|U_ii|=0.0049059 max|U_ii|=111026 ratio=4.41868e-08 pivots<1e-12: 0
  [LU] n=2520 kutta=1 min|U_ii|=0.0445846 max|U_ii|=6061.07 ratio=7.3559e-06 pivots<1e-12: 0
  [LU] n=924 kutta=1 min|U_ii|=0.00354299 max|U_ii|=195565 ratio=1.81167e-08 pivots<1e-12: 0
  [LU] n=924 kutta=1 min|U_ii|=0.00354299 max|U_ii|=195565 ratio=1.81167e-08 pivots<1e-12: 0
  [LU] n=924 kutta=1 min|U_ii|=0.0049059 max|U_ii|=111026 ratio=4.41868e-08 pivots<1e-12: 0
  [LU] n=2520 kutta=1 min|U_ii|=0.0445846 max|U_ii|=6061.07 ratio=7.3559e-06 pivots<1e-12: 0
  [LU] n=924 kutta=1 min|U_ii|=0.00354299 max|U_ii|=195565 ratio=1.81167e-08 pivots<1e-12: 0
  [LU] n=924 kutta=1 min|U_ii|=0.00354299 max|U_ii|=195565 ratio=1.81167e-08 pivots<1e-12: 0
  [LU] n=924 kutta=1 min|U_ii|=0.0049059 max|U_ii|=111026 ratio=4.41868e-08 pivots<1e-12: 0
  [LU] n=2520 kutta=1 min|U_ii|=0.0445846 max|U_ii|=6061.07 ratio=7.3559e-06 pivots<1e-12: 0
  [LU] n=924 kutta=1 min|U_ii|=0.00354299 max|U_ii|=195565 ratio=1.81167e-08 pivots<1e-12: 0
  [LU] n=924 kutta=1 min|U_ii|=0.00354299 max|U_ii|=195565 ratio=1.81167e-08 pivots<1e-12: 0
  [LU] n=924 kutta=1 min|U_ii|=0.0049059 max|U_ii|=111026 ratio=4.41868e-08 pivots<1e-12: 0
  [LU] n=2520 kutta=1 min|U_ii|=0.0445846 max|U_ii|=6061.07 ratio=7.3559e-06 pivots<1e-12: 0
  [LU] n=924 kutta=1 min|U_ii|=0.00354299 max|U_ii|=195565 ratio=1.81167e-08 pivots<1e-12: 0
  [LU] n=924 kutta=1 min|U_ii|=0.00354299 max|U_ii|=195565 ratio=1.81167e-08 pivots<1e-12: 0
  [LU] n=924 kutta=1 min|U_ii|=0.0049059 max|U_ii|=111026 ratio=4.41868e-08 pivots<1e-12: 0
  [LU] n=2520 kutta=1 min|U_ii|=0.0445846 max|U_ii|=6061.07 ratio=7.3559e-06 pivots<1e-12: 0
  [LU] n=924 kutta=1 min|U_ii|=0.00354299 max|U_ii|=195565 ratio=1.81167e-08 pivots<1e-12: 0
  [LU] n=924 kutta=1 min|U_ii|=0.00354299 max|U_ii|=195565 ratio=1.81167e-08 pivots<1e-12: 0
  [LU] n=924 kutta=1 min|U_ii|=0.0049059 max|U_ii|=111026 ratio=4.41868e-08 pivots<1e-12: 0
  [LU] n=2520 kutta=1 min|U_ii|=0.0445846 max|U_ii|=6061.07 ratio=7.3559e-06 pivots<1e-12: 0
  [LU] n=924 kutta=1 min|U_ii|=0.00354299 max|U_ii|=195565 ratio=1.81167e-08 pivots<1e-12: 0
  [LU] n=924 kutta=1 min|U_ii|=0.00354299 max|U_ii|=195565 ratio=1.81167e-08 pivots<1e-12: 0
  [LU] n=924 kutta=1 min|U_ii|=0.0049059 max|U_ii|=111026 ratio=4.41868e-08 pivots<1e-12: 0
  [LU] n=2520 kutta=1 min|U_ii|=0.0445846 max|U_ii|=6061.07 ratio=7.3559e-06 pivots<1e-12: 0
  [LU] n=924 kutta=1 min|U_ii|=0.00354299 max|U_ii|=195565 ratio=1.81167e-08 pivots<1e-12: 0
  [LU] n=924 kutta=1 min|U_ii|=0.00354299 max|U_ii|=195565 ratio=1.81167e-08 pivots<1e-12: 0
  [LU] n=924 kutta=1 min|U_ii|=0.0049059 max|U_ii|=111026 ratio=4.41868e-08 pivots<1e-12: 0
  [LU] n=2520 kutta=1 min|U_ii|=0.0445846 max|U_ii|=6061.07 ratio=7.3559e-06 pivots<1e-12: 0
  [LU] n=924 kutta=1 min|U_ii|=0.00354299 max|U_ii|=195565 ratio=1.81167e-08 pivots<1e-12: 0
  [LU] n=924 kutta=1 min|U_ii|=0.00354299 max|U_ii|=195565 ratio=1.81167e-08 pivots<1e-12: 0
  [LU] n=924 kutta=1 min|U_ii|=0.0049059 max|U_ii|=111026 ratio=4.41868e-08 pivots<1e-12: 0
  [LU] n=2520 kutta=1 min|U_ii|=0.0445846 max|U_ii|=6061.07 ratio=7.3559e-06 pivots<1e-12: 0
  [LU] n=924 kutta=1 min|U_ii|=0.00354299 max|U_ii|=195565 ratio=1.81167e-08 pivots<1e-12: 0
  [LU] n=924 kutta=1 min|U_ii|=0.00354299 max|U_ii|=195565 ratio=1.81167e-08 pivots<1e-12: 0
  [LU] n=924 kutta=1 min|U_ii|=0.0049059 max|U_ii|=111026 ratio=4.41868e-08 pivots<1e-12: 0
  [LU] n=2520 kutta=1 min|U_ii|=0.0445846 max|U_ii|=6061.07 ratio=7.3559e-06 pivots<1e-12: 0
  [LU] n=924 kutta=1 min|U_ii|=0.00354299 max|U_ii|=195565 ratio=1.81167e-08 pivots<1e-12: 0
  [LU] n=924 kutta=1 min|U_ii|=0.00354299 max|U_ii|=195565 ratio=1.81167e-08 pivots<1e-12: 0
  [LU] n=924 kutta=1 min|U_ii|=0.0049059 max|U_ii|=111026 ratio=4.41868e-08 pivots<1e-12: 0
  [LU] n=2520 kutta=1 min|U_ii|=0.0445846 max|U_ii|=6061.07 ratio=7.3559e-06 pivots<1e-12: 0
  [LU] n=924 kutta=1 min|U_ii|=0.00354299 max|U_ii|=195565 ratio=1.81167e-08 pivots<1e-12: 0
  [LU] n=924 kutta=1 min|U_ii|=0.00354299 max|U_ii|=195565 ratio=1.81167e-08 pivots<1e-12: 0
  [LU] n=924 kutta=1 min|U_ii|=0.0049059 max|U_ii|=111026 ratio=4.41868e-08 pivots<1e-12: 0
  [LU] n=2520 kutta=1 min|U_ii|=0.0445846 max|U_ii|=6061.07 ratio=7.3559e-06 pivots<1e-12: 0
  [LU] n=924 kutta=1 min|U_ii|=0.00354299 max|U_ii|=195565 ratio=1.81167e-08 pivots<1e-12: 0
  [LU] n=924 kutta=1 min|U_ii|=0.00354299 max|U_ii|=195565 ratio=1.81167e-08 pivots<1e-12: 0
  [LU] n=924 kutta=1 min|U_ii|=0.0049059 max|U_ii|=111026 ratio=4.41868e-08 pivots<1e-12: 0
  [LU] n=2520 kutta=1 min|U_ii|=0.0445846 max|U_ii|=6061.07 ratio=7.3559e-06 pivots<1e-12: 0
  [LU] n=924 kutta=1 min|U_ii|=0.00354299 max|U_ii|=195565 ratio=1.81167e-08 pivots<1e-12: 0
  [LU] n=924 kutta=1 min|U_ii|=0.00354299 max|U_ii|=195565 ratio=1.81167e-08 pivots<1e-12: 0
  [LU] n=924 kutta=1 min|U_ii|=0.0049059 max|U_ii|=111026 ratio=4.41868e-08 pivots<1e-12: 0
  [LU] n=2520 kutta=1 min|U_ii|=0.0445846 max|U_ii|=6061.07 ratio=7.3559e-06 pivots<1e-12: 0
  [LU] n=924 kutta=1 min|U_ii|=0.00354299 max|U_ii|=195565 ratio=1.81167e-08 pivots<1e-12: 0
  [LU] n=924 kutta=1 min|U_ii|=0.00354299 max|U_ii|=195565 ratio=1.81167e-08 pivots<1e-12: 0
  [LU] n=924 kutta=1 min|U_ii|=0.0049059 max|U_ii|=111026 ratio=4.41868e-08 pivots<1e-12: 0
  [LU] n=2520 kutta=1 min|U_ii|=0.0445846 max|U_ii|=6061.07 ratio=7.3559e-06 pivots<1e-12: 0
  [LU] n=924 kutta=1 min|U_ii|=0.00354299 max|U_ii|=195565 ratio=1.81167e-08 pivots<1e-12: 0
  [LU] n=924 kutta=1 min|U_ii|=0.00354299 max|U_ii|=195565 ratio=1.81167e-08 pivots<1e-12: 0
  [LU] n=924 kutta=1 min|U_ii|=0.0049059 max|U_ii|=111026 ratio=4.41868e-08 pivots<1e-12: 0
  [LU] n=2520 kutta=1 min|U_ii|=0.0445846 max|U_ii|=6061.07 ratio=7.3559e-06 pivots<1e-12: 0
  [LU] n=924 kutta=1 min|U_ii|=0.00354299 max|U_ii|=195565 ratio=1.81167e-08 pivots<1e-12: 0
  [LU] n=924 kutta=1 min|U_ii|=0.00354299 max|U_ii|=195565 ratio=1.81167e-08 pivots<1e-12: 0
  [LU] n=924 kutta=1 min|U_ii|=0.0049059 max|U_ii|=111026 ratio=4.41868e-08 pivots<1e-12: 0
  [LU] n=2520 kutta=1 min|U_ii|=0.0445846 max|U_ii|=6061.07 ratio=7.3559e-06 pivots<1e-12: 0
  [LU] n=924 kutta=1 min|U_ii|=0.00354299 max|U_ii|=195565 ratio=1.81167e-08 pivots<1e-12: 0
  [LU] n=924 kutta=1 min|U_ii|=0.00354299 max|U_ii|=195565 ratio=1.81167e-08 pivots<1e-12: 0
  [LU] n=924 kutta=1 min|U_ii|=0.0049059 max|U_ii|=111026 ratio=4.41868e-08 pivots<1e-12: 0
  [LU] n=2520 kutta=1 min|U_ii|=0.0445846 max|U_ii|=6061.07 ratio=7.3559e-06 pivots<1e-12: 0
  [LU] n=924 kutta=1 min|U_ii|=0.00354299 max|U_ii|=195565 ratio=1.81167e-08 pivots<1e-12: 0
  [LU] n=924 kutta=1 min|U_ii|=0.00354299 max|U_ii|=195565 ratio=1.81167e-08 pivots<1e-12: 0
  [LU] n=924 kutta=1 min|U_ii|=0.0049059 max|U_ii|=111026 ratio=4.41868e-08 pivots<1e-12: 0
  [LU] n=2520 kutta=1 min|U_ii|=0.0445846 max|U_ii|=6061.07 ratio=7.3559e-06 pivots<1e-12: 0
  [LU] n=924 kutta=1 min|U_ii|=0.00354299 max|U_ii|=195565 ratio=1.81167e-08 pivots<1e-12: 0
  [LU] n=924 kutta=1 min|U_ii|=0.00354299 max|U_ii|=195565 ratio=1.81167e-08 pivots<1e-12: 0
  [LU] n=924 kutta=1 min|U_ii|=0.0049059 max|U_ii|=111026 ratio=4.41868e-08 pivots<1e-12: 0
  [LU] n=2520 kutta=1 min|U_ii|=0.0445846 max|U_ii|=6061.07 ratio=7.3559e-06 pivots<1e-12: 0
  [LU] n=924 kutta=1 min|U_ii|=0.00354299 max|U_ii|=195565 ratio=1.81167e-08 pivots<1e-12: 0
  [LU] n=924 kutta=1 min|U_ii|=0.00354299 max|U_ii|=195565 ratio=1.81167e-08 pivots<1e-12: 0
  [LU] n=924 kutta=1 min|U_ii|=0.0049059 max|U_ii|=111026 ratio=4.41868e-08 pivots<1e-12: 0
  [LU] n=2520 kutta=1 min|U_ii|=0.0445846 max|U_ii|=6061.07 ratio=7.3559e-06 pivots<1e-12: 0
  [LU] n=924 kutta=1 min|U_ii|=0.00354299 max|U_ii|=195565 ratio=1.81167e-08 pivots<1e-12: 0
  [LU] n=924 kutta=1 min|U_ii|=0.00354299 max|U_ii|=195565 ratio=1.81167e-08 pivots<1e-12: 0
  [LU] n=924 kutta=1 min|U_ii|=0.0049059 max|U_ii|=111026 ratio=4.41868e-08 pivots<1e-12: 0
  [LU] n=2520 kutta=1 min|U_ii|=0.0445846 max|U_ii|=6061.07 ratio=7.3559e-06 pivots<1e-12: 0
  [LU] n=924 kutta=1 min|U_ii|=0.00354299 max|U_ii|=195565 ratio=1.81167e-08 pivots<1e-12: 0
  [LU] n=924 kutta=1 min|U_ii|=0.00354299 max|U_ii|=195565 ratio=1.81167e-08 pivots<1e-12: 0
  [LU] n=924 kutta=1 min|U_ii|=0.0049059 max|U_ii|=111026 ratio=4.41868e-08 pivots<1e-12: 0
  [LU] n=2520 kutta=1 min|U_ii|=0.0445846 max|U_ii|=6061.07 ratio=7.3559e-06 pivots<1e-12: 0
  [LU] n=924 kutta=1 min|U_ii|=0.00354299 max|U_ii|=195565 ratio=1.81167e-08 pivots<1e-12: 0
  [LU] n=924 kutta=1 min|U_ii|=0.00354299 max|U_ii|=195565 ratio=1.81167e-08 pivots<1e-12: 0
  [LU] n=924 kutta=1 min|U_ii|=0.0049059 max|U_ii|=111026 ratio=4.41868e-08 pivots<1e-12: 0
  [LU] n=2520 kutta=1 min|U_ii|=0.0445846 max|U_ii|=6061.07 ratio=7.3559e-06 pivots<1e-12: 0
  [LU] n=924 kutta=1 min|U_ii|=0.00354299 max|U_ii|=195565 ratio=1.81167e-08 pivots<1e-12: 0
  [LU] n=924 kutta=1 min|U_ii|=0.00354299 max|U_ii|=195565 ratio=1.81167e-08 pivots<1e-12: 0
  [LU] n=924 kutta=1 min|U_ii|=0.0049059 max|U_ii|=111026 ratio=4.41868e-08 pivots<1e-12: 0
  [LU] n=2520 kutta=1 min|U_ii|=0.0445846 max|U_ii|=6061.07 ratio=7.3559e-06 pivots<1e-12: 0
  [LU] n=924 kutta=1 min|U_ii|=0.00354299 max|U_ii|=195565 ratio=1.81167e-08 pivots<1e-12: 0
  [LU] n=924 kutta=1 min|U_ii|=0.00354299 max|U_ii|=195565 ratio=1.81167e-08 pivots<1e-12: 0
  [LU] n=924 kutta=1 min|U_ii|=0.0049059 max|U_ii|=111026 ratio=4.41868e-08 pivots<1e-12: 0
  [LU] n=2520 kutta=1 min|U_ii|=0.0445846 max|U_ii|=6061.07 ratio=7.3559e-06 pivots<1e-12: 0
  [LU] n=924 kutta=1 min|U_ii|=0.00354299 max|U_ii|=195565 ratio=1.81167e-08 pivots<1e-12: 0
  [LU] n=924 kutta=1 min|U_ii|=0.00354299 max|U_ii|=195565 ratio=1.81167e-08 pivots<1e-12: 0
  [LU] n=924 kutta=1 min|U_ii|=0.0049059 max|U_ii|=111026 ratio=4.41868e-08 pivots<1e-12: 0
  [LU] n=2520 kutta=1 min|U_ii|=0.0445846 max|U_ii|=6061.07 ratio=7.3559e-06 pivots<1e-12: 0
  [LU] n=924 kutta=1 min|U_ii|=0.00354299 max|U_ii|=195565 ratio=1.81167e-08 pivots<1e-12: 0
  [LU] n=924 kutta=1 min|U_ii|=0.00354299 max|U_ii|=195565 ratio=1.81167e-08 pivots<1e-12: 0
  [LU] n=924 kutta=1 min|U_ii|=0.0049059 max|U_ii|=111026 ratio=4.41868e-08 pivots<1e-12: 0
  [LU] n=2520 kutta=1 min|U_ii|=0.0445846 max|U_ii|=6061.07 ratio=7.3559e-06 pivots<1e-12: 0
  [LU] n=924 kutta=1 min|U_ii|=0.00354299 max|U_ii|=195565 ratio=1.81167e-08 pivots<1e-12: 0
  [LU] n=924 kutta=1 min|U_ii|=0.00354299 max|U_ii|=195565 ratio=1.81167e-08 pivots<1e-12: 0
  [LU] n=924 kutta=1 min|U_ii|=0.0049059 max|U_ii|=111026 ratio=4.41868e-08 pivots<1e-12: 0
  [LU] n=2520 kutta=1 min|U_ii|=0.0445846 max|U_ii|=6061.07 ratio=7.3559e-06 pivots<1e-12: 0
  [LU] n=924 kutta=1 min|U_ii|=0.00354299 max|U_ii|=195565 ratio=1.81167e-08 pivots<1e-12: 0
  [LU] n=924 kutta=1 min|U_ii|=0.00354299 max|U_ii|=195565 ratio=1.81167e-08 pivots<1e-12: 0
  [LU] n=924 kutta=1 min|U_ii|=0.0049059 max|U_ii|=111026 ratio=4.41868e-08 pivots<1e-12: 0
  [LU] n=2520 kutta=1 min|U_ii|=0.0445846 max|U_ii|=6061.07 ratio=7.3559e-06 pivots<1e-12: 0
  [LU] n=924 kutta=1 min|U_ii|=0.00354299 max|U_ii|=195565 ratio=1.81167e-08 pivots<1e-12: 0
  [LU] n=924 kutta=1 min|U_ii|=0.00354299 max|U_ii|=195565 ratio=1.81167e-08 pivots<1e-12: 0
  [LU] n=924 kutta=1 min|U_ii|=0.0049059 max|U_ii|=111026 ratio=4.41868e-08 pivots<1e-12: 0
  [LU] n=2520 kutta=1 min|U_ii|=0.0445846 max|U_ii|=6061.07 ratio=7.3559e-06 pivots<1e-12: 0
  [LU] n=924 kutta=1 min|U_ii|=0.00354299 max|U_ii|=195565 ratio=1.81167e-08 pivots<1e-12: 0
  [LU] n=924 kutta=1 min|U_ii|=0.00354299 max|U_ii|=195565 ratio=1.81167e-08 pivots<1e-12: 0
  [LU] n=924 kutta=1 min|U_ii|=0.0049059 max|U_ii|=111026 ratio=4.41868e-08 pivots<1e-12: 0
  [LU] n=2520 kutta=1 min|U_ii|=0.0445846 max|U_ii|=6061.07 ratio=7.3559e-06 pivots<1e-12: 0
  [LU] n=924 kutta=1 min|U_ii|=0.00354299 max|U_ii|=195565 ratio=1.81167e-08 pivots<1e-12: 0
  rotor 0 hs3d: jump/seed=1  spans_with_pairs=40  max|mu|=517  kutta_rows=80  max_kutta_residual=3.7e-09  sum|te_jump|=53.5  [kutta on]
  [LU] n=924 kutta=1 min|U_ii|=0.00354299 max|U_ii|=195565 ratio=1.81167e-08 pivots<1e-12: 0
  rotor 1 hs3d: jump/seed=1  spans_with_pairs=40  max|mu|=605  kutta_rows=80  max_kutta_residual=3.56e-09  sum|te_jump|=45.8  [kutta on]
  [LU] n=924 kutta=1 min|U_ii|=0.0049059 max|U_ii|=111026 ratio=4.41868e-08 pivots<1e-12: 0
  rotor 2 hs3d: jump/seed=1  spans_with_pairs=40  max|mu|=386  kutta_rows=80  max_kutta_residual=4.03e-09  sum|te_jump|=37  [kutta on]
  [LU] n=2520 kutta=1 min|U_ii|=0.0445846 max|U_ii|=6061.07 ratio=7.3559e-06 pivots<1e-12: 0
  [LU] n=924 kutta=1 min|U_ii|=0.00354299 max|U_ii|=195565 ratio=1.81167e-08 pivots<1e-12: 0
  [LU] n=924 kutta=1 min|U_ii|=0.00354299 max|U_ii|=195565 ratio=1.81167e-08 pivots<1e-12: 0
  [LU] n=924 kutta=1 min|U_ii|=0.0049059 max|U_ii|=111026 ratio=4.41868e-08 pivots<1e-12: 0
  [LU] n=2520 kutta=1 min|U_ii|=0.0445846 max|U_ii|=6061.07 ratio=7.3559e-06 pivots<1e-12: 0
  fuselage: panels=3280 max_neumann_residual=1.7e-13
  body Fz: inst=-0.764 quasi-steady=-0.764 | 162-step mean=0.376 (qs 0.376)
  wing: F=(6.12, -0.213, -20) N  Mx=1.82 Nm  max|mu|=354  max_vsurf=0 m/s  strips=19
  fuselage hs3d: F=(-5.36e+03, -1.26e+03, 6.81e+03) N  Mx=-7.6e+03 Nm  max|mu|=31.1  max_vsurf=1.92e+04 m/s
step=900 particles=119168 total_thrust_N=35.8 total_torque_Nm=0.251
  timing after step 900 (cumulative s, % of loop):
    rotor panels + wake->panel vel         54.29 s     4.8 %
    wake->fuselage vel                     38.54 s     3.4 %
    panel assemble + dense solve          142.73 s    12.6 %
    strip polar loads                       0.40 s     0.0 %
    rotor rings->fuselage vel              11.84 s     1.0 %
    fuselage source self (vel+phi)        114.32 s    10.1 %
    fuselage->rotor vel                     4.68 s     0.4 %
    ring d(phi)/dt                          9.50 s     0.8 %
    TE particle emission                    0.46 s     0.0 %
    wake advect (RK4)                     691.87 s    61.3 %
    fuselage blockage on particles         12.05 s     1.1 %
    wake age trim                           7.71 s     0.7 %
    VTK / Q-criterion output               26.94 s     2.4 %
    unattributed (host bookkeeping)        13.96 s     1.2 %
    TOTAL loop                           1129.28 s  (1.253 s/step avg)
  [LU] n=924 kutta=1 min|U_ii|=0.00354299 max|U_ii|=195565 ratio=1.81167e-08 pivots<1e-12: 0
  [LU] n=924 kutta=1 min|U_ii|=0.00354299 max|U_ii|=195565 ratio=1.81167e-08 pivots<1e-12: 0
  [LU] n=924 kutta=1 min|U_ii|=0.0049059 max|U_ii|=111026 ratio=4.41868e-08 pivots<1e-12: 0
  [LU] n=2520 kutta=1 min|U_ii|=0.0445846 max|U_ii|=6061.07 ratio=7.3559e-06 pivots<1e-12: 0
  [LU] n=924 kutta=1 min|U_ii|=0.00354299 max|U_ii|=195565 ratio=1.81167e-08 pivots<1e-12: 0
  [LU] n=924 kutta=1 min|U_ii|=0.00354299 max|U_ii|=195565 ratio=1.81167e-08 pivots<1e-12: 0
  [LU] n=924 kutta=1 min|U_ii|=0.0049059 max|U_ii|=111026 ratio=4.41868e-08 pivots<1e-12: 0
  [LU] n=2520 kutta=1 min|U_ii|=0.0445846 max|U_ii|=6061.07 ratio=7.3559e-06 pivots<1e-12: 0
  [LU] n=924 kutta=1 min|U_ii|=0.00354299 max|U_ii|=195565 ratio=1.81167e-08 pivots<1e-12: 0
  [LU] n=924 kutta=1 min|U_ii|=0.00354299 max|U_ii|=195565 ratio=1.81167e-08 pivots<1e-12: 0
  [LU] n=924 kutta=1 min|U_ii|=0.0049059 max|U_ii|=111026 ratio=4.41868e-08 pivots<1e-12: 0
  [LU] n=2520 kutta=1 min|U_ii|=0.0445846 max|U_ii|=6061.07 ratio=7.3559e-06 pivots<1e-12: 0
  [LU] n=924 kutta=1 min|U_ii|=0.00354299 max|U_ii|=195565 ratio=1.81167e-08 pivots<1e-12: 0
  [LU] n=924 kutta=1 min|U_ii|=0.00354299 max|U_ii|=195565 ratio=1.81167e-08 pivots<1e-12: 0
  [LU] n=924 kutta=1 min|U_ii|=0.0049059 max|U_ii|=111026 ratio=4.41868e-08 pivots<1e-12: 0
  [LU] n=2520 kutta=1 min|U_ii|=0.0445846 max|U_ii|=6061.07 ratio=7.3559e-06 pivots<1e-12: 0
  [LU] n=924 kutta=1 min|U_ii|=0.00354299 max|U_ii|=195565 ratio=1.81167e-08 pivots<1e-12: 0
  [LU] n=924 kutta=1 min|U_ii|=0.00354299 max|U_ii|=195565 ratio=1.81167e-08 pivots<1e-12: 0
  [LU] n=924 kutta=1 min|U_ii|=0.0049059 max|U_ii|=111026 ratio=4.41868e-08 pivots<1e-12: 0
  [LU] n=2520 kutta=1 min|U_ii|=0.0445846 max|U_ii|=6061.07 ratio=7.3559e-06 pivots<1e-12: 0
  [LU] n=924 kutta=1 min|U_ii|=0.00354299 max|U_ii|=195565 ratio=1.81167e-08 pivots<1e-12: 0
  [LU] n=924 kutta=1 min|U_ii|=0.00354299 max|U_ii|=195565 ratio=1.81167e-08 pivots<1e-12: 0
  [LU] n=924 kutta=1 min|U_ii|=0.0049059 max|U_ii|=111026 ratio=4.41868e-08 pivots<1e-12: 0
  [LU] n=2520 kutta=1 min|U_ii|=0.0445846 max|U_ii|=6061.07 ratio=7.3559e-06 pivots<1e-12: 0
  [LU] n=924 kutta=1 min|U_ii|=0.00354299 max|U_ii|=195565 ratio=1.81167e-08 pivots<1e-12: 0
  [LU] n=924 kutta=1 min|U_ii|=0.00354299 max|U_ii|=195565 ratio=1.81167e-08 pivots<1e-12: 0
  [LU] n=924 kutta=1 min|U_ii|=0.0049059 max|U_ii|=111026 ratio=4.41868e-08 pivots<1e-12: 0
  [LU] n=2520 kutta=1 min|U_ii|=0.0445846 max|U_ii|=6061.07 ratio=7.3559e-06 pivots<1e-12: 0
  [LU] n=924 kutta=1 min|U_ii|=0.00354299 max|U_ii|=195565 ratio=1.81167e-08 pivots<1e-12: 0
  [LU] n=924 kutta=1 min|U_ii|=0.00354299 max|U_ii|=195565 ratio=1.81167e-08 pivots<1e-12: 0
  [LU] n=924 kutta=1 min|U_ii|=0.0049059 max|U_ii|=111026 ratio=4.41868e-08 pivots<1e-12: 0
  [LU] n=2520 kutta=1 min|U_ii|=0.0445846 max|U_ii|=6061.07 ratio=7.3559e-06 pivots<1e-12: 0
  [LU] n=924 kutta=1 min|U_ii|=0.00354299 max|U_ii|=195565 ratio=1.81167e-08 pivots<1e-12: 0
  [LU] n=924 kutta=1 min|U_ii|=0.00354299 max|U_ii|=195565 ratio=1.81167e-08 pivots<1e-12: 0
  [LU] n=924 kutta=1 min|U_ii|=0.0049059 max|U_ii|=111026 ratio=4.41868e-08 pivots<1e-12: 0
  [LU] n=2520 kutta=1 min|U_ii|=0.0445846 max|U_ii|=6061.07 ratio=7.3559e-06 pivots<1e-12: 0
  [LU] n=924 kutta=1 min|U_ii|=0.00354299 max|U_ii|=195565 ratio=1.81167e-08 pivots<1e-12: 0
  [LU] n=924 kutta=1 min|U_ii|=0.00354299 max|U_ii|=195565 ratio=1.81167e-08 pivots<1e-12: 0
  [LU] n=924 kutta=1 min|U_ii|=0.0049059 max|U_ii|=111026 ratio=4.41868e-08 pivots<1e-12: 0
  [LU] n=2520 kutta=1 min|U_ii|=0.0445846 max|U_ii|=6061.07 ratio=7.3559e-06 pivots<1e-12: 0
  [LU] n=924 kutta=1 min|U_ii|=0.00354299 max|U_ii|=195565 ratio=1.81167e-08 pivots<1e-12: 0
  [LU] n=924 kutta=1 min|U_ii|=0.00354299 max|U_ii|=195565 ratio=1.81167e-08 pivots<1e-12: 0
  [LU] n=924 kutta=1 min|U_ii|=0.0049059 max|U_ii|=111026 ratio=4.41868e-08 pivots<1e-12: 0
  [LU] n=2520 kutta=1 min|U_ii|=0.0445846 max|U_ii|=6061.07 ratio=7.3559e-06 pivots<1e-12: 0
  [LU] n=924 kutta=1 min|U_ii|=0.00354299 max|U_ii|=195565 ratio=1.81167e-08 pivots<1e-12: 0
  [LU] n=924 kutta=1 min|U_ii|=0.00354299 max|U_ii|=195565 ratio=1.81167e-08 pivots<1e-12: 0
  [LU] n=924 kutta=1 min|U_ii|=0.0049059 max|U_ii|=111026 ratio=4.41868e-08 pivots<1e-12: 0
  [LU] n=2520 kutta=1 min|U_ii|=0.0445846 max|U_ii|=6061.07 ratio=7.3559e-06 pivots<1e-12: 0
  [LU] n=924 kutta=1 min|U_ii|=0.00354299 max|U_ii|=195565 ratio=1.81167e-08 pivots<1e-12: 0
  [LU] n=924 kutta=1 min|U_ii|=0.00354299 max|U_ii|=195565 ratio=1.81167e-08 pivots<1e-12: 0
  [LU] n=924 kutta=1 min|U_ii|=0.0049059 max|U_ii|=111026 ratio=4.41868e-08 pivots<1e-12: 0
  [LU] n=2520 kutta=1 min|U_ii|=0.0445846 max|U_ii|=6061.07 ratio=7.3559e-06 pivots<1e-12: 0
  [LU] n=924 kutta=1 min|U_ii|=0.00354299 max|U_ii|=195565 ratio=1.81167e-08 pivots<1e-12: 0
  [LU] n=924 kutta=1 min|U_ii|=0.00354299 max|U_ii|=195565 ratio=1.81167e-08 pivots<1e-12: 0
  [LU] n=924 kutta=1 min|U_ii|=0.0049059 max|U_ii|=111026 ratio=4.41868e-08 pivots<1e-12: 0
  [LU] n=2520 kutta=1 min|U_ii|=0.0445846 max|U_ii|=6061.07 ratio=7.3559e-06 pivots<1e-12: 0
  [LU] n=924 kutta=1 min|U_ii|=0.00354299 max|U_ii|=195565 ratio=1.81167e-08 pivots<1e-12: 0
  [LU] n=924 kutta=1 min|U_ii|=0.00354299 max|U_ii|=195565 ratio=1.81167e-08 pivots<1e-12: 0
  [LU] n=924 kutta=1 min|U_ii|=0.0049059 max|U_ii|=111026 ratio=4.41868e-08 pivots<1e-12: 0
  [LU] n=2520 kutta=1 min|U_ii|=0.0445846 max|U_ii|=6061.07 ratio=7.3559e-06 pivots<1e-12: 0
  [LU] n=924 kutta=1 min|U_ii|=0.00354299 max|U_ii|=195565 ratio=1.81167e-08 pivots<1e-12: 0
  [LU] n=924 kutta=1 min|U_ii|=0.00354299 max|U_ii|=195565 ratio=1.81167e-08 pivots<1e-12: 0
  [LU] n=924 kutta=1 min|U_ii|=0.0049059 max|U_ii|=111026 ratio=4.41868e-08 pivots<1e-12: 0
  [LU] n=2520 kutta=1 min|U_ii|=0.0445846 max|U_ii|=6061.07 ratio=7.3559e-06 pivots<1e-12: 0
  [LU] n=924 kutta=1 min|U_ii|=0.00354299 max|U_ii|=195565 ratio=1.81167e-08 pivots<1e-12: 0
  [LU] n=924 kutta=1 min|U_ii|=0.00354299 max|U_ii|=195565 ratio=1.81167e-08 pivots<1e-12: 0
  [LU] n=924 kutta=1 min|U_ii|=0.0049059 max|U_ii|=111026 ratio=4.41868e-08 pivots<1e-12: 0
  [LU] n=2520 kutta=1 min|U_ii|=0.0445846 max|U_ii|=6061.07 ratio=7.3559e-06 pivots<1e-12: 0
  [LU] n=924 kutta=1 min|U_ii|=0.00354299 max|U_ii|=195565 ratio=1.81167e-08 pivots<1e-12: 0
  [LU] n=924 kutta=1 min|U_ii|=0.00354299 max|U_ii|=195565 ratio=1.81167e-08 pivots<1e-12: 0
  [LU] n=924 kutta=1 min|U_ii|=0.0049059 max|U_ii|=111026 ratio=4.41868e-08 pivots<1e-12: 0
  [LU] n=2520 kutta=1 min|U_ii|=0.0445846 max|U_ii|=6061.07 ratio=7.3559e-06 pivots<1e-12: 0
  [LU] n=924 kutta=1 min|U_ii|=0.00354299 max|U_ii|=195565 ratio=1.81167e-08 pivots<1e-12: 0
  [LU] n=924 kutta=1 min|U_ii|=0.00354299 max|U_ii|=195565 ratio=1.81167e-08 pivots<1e-12: 0
  [LU] n=924 kutta=1 min|U_ii|=0.0049059 max|U_ii|=111026 ratio=4.41868e-08 pivots<1e-12: 0
  [LU] n=2520 kutta=1 min|U_ii|=0.0445846 max|U_ii|=6061.07 ratio=7.3559e-06 pivots<1e-12: 0
  [LU] n=924 kutta=1 min|U_ii|=0.00354299 max|U_ii|=195565 ratio=1.81167e-08 pivots<1e-12: 0
  [LU] n=924 kutta=1 min|U_ii|=0.00354299 max|U_ii|=195565 ratio=1.81167e-08 pivots<1e-12: 0
  [LU] n=924 kutta=1 min|U_ii|=0.0049059 max|U_ii|=111026 ratio=4.41868e-08 pivots<1e-12: 0
  [LU] n=2520 kutta=1 min|U_ii|=0.0445846 max|U_ii|=6061.07 ratio=7.3559e-06 pivots<1e-12: 0
  [LU] n=924 kutta=1 min|U_ii|=0.00354299 max|U_ii|=195565 ratio=1.81167e-08 pivots<1e-12: 0
  [LU] n=924 kutta=1 min|U_ii|=0.00354299 max|U_ii|=195565 ratio=1.81167e-08 pivots<1e-12: 0
  [LU] n=924 kutta=1 min|U_ii|=0.0049059 max|U_ii|=111026 ratio=4.41868e-08 pivots<1e-12: 0
  [LU] n=2520 kutta=1 min|U_ii|=0.0445846 max|U_ii|=6061.07 ratio=7.3559e-06 pivots<1e-12: 0
  [LU] n=924 kutta=1 min|U_ii|=0.00354299 max|U_ii|=195565 ratio=1.81167e-08 pivots<1e-12: 0
  [LU] n=924 kutta=1 min|U_ii|=0.00354299 max|U_ii|=195565 ratio=1.81167e-08 pivots<1e-12: 0
  [LU] n=924 kutta=1 min|U_ii|=0.0049059 max|U_ii|=111026 ratio=4.41868e-08 pivots<1e-12: 0
  [LU] n=2520 kutta=1 min|U_ii|=0.0445846 max|U_ii|=6061.07 ratio=7.3559e-06 pivots<1e-12: 0
  [LU] n=924 kutta=1 min|U_ii|=0.00354299 max|U_ii|=195565 ratio=1.81167e-08 pivots<1e-12: 0
  [LU] n=924 kutta=1 min|U_ii|=0.00354299 max|U_ii|=195565 ratio=1.81167e-08 pivots<1e-12: 0
  [LU] n=924 kutta=1 min|U_ii|=0.0049059 max|U_ii|=111026 ratio=4.41868e-08 pivots<1e-12: 0
  [LU] n=2520 kutta=1 min|U_ii|=0.0445846 max|U_ii|=6061.07 ratio=7.3559e-06 pivots<1e-12: 0
  [LU] n=924 kutta=1 min|U_ii|=0.00354299 max|U_ii|=195565 ratio=1.81167e-08 pivots<1e-12: 0
  [LU] n=924 kutta=1 min|U_ii|=0.00354299 max|U_ii|=195565 ratio=1.81167e-08 pivots<1e-12: 0
  [LU] n=924 kutta=1 min|U_ii|=0.0049059 max|U_ii|=111026 ratio=4.41868e-08 pivots<1e-12: 0
  [LU] n=2520 kutta=1 min|U_ii|=0.0445846 max|U_ii|=6061.07 ratio=7.3559e-06 pivots<1e-12: 0
  [LU] n=924 kutta=1 min|U_ii|=0.00354299 max|U_ii|=195565 ratio=1.81167e-08 pivots<1e-12: 0
  [LU] n=924 kutta=1 min|U_ii|=0.00354299 max|U_ii|=195565 ratio=1.81167e-08 pivots<1e-12: 0
  [LU] n=924 kutta=1 min|U_ii|=0.0049059 max|U_ii|=111026 ratio=4.41868e-08 pivots<1e-12: 0
  [LU] n=2520 kutta=1 min|U_ii|=0.0445846 max|U_ii|=6061.07 ratio=7.3559e-06 pivots<1e-12: 0
  [LU] n=924 kutta=1 min|U_ii|=0.00354299 max|U_ii|=195565 ratio=1.81167e-08 pivots<1e-12: 0
  [LU] n=924 kutta=1 min|U_ii|=0.00354299 max|U_ii|=195565 ratio=1.81167e-08 pivots<1e-12: 0
  [LU] n=924 kutta=1 min|U_ii|=0.0049059 max|U_ii|=111026 ratio=4.41868e-08 pivots<1e-12: 0
  [LU] n=2520 kutta=1 min|U_ii|=0.0445846 max|U_ii|=6061.07 ratio=7.3559e-06 pivots<1e-12: 0
  [LU] n=924 kutta=1 min|U_ii|=0.00354299 max|U_ii|=195565 ratio=1.81167e-08 pivots<1e-12: 0
  [LU] n=924 kutta=1 min|U_ii|=0.00354299 max|U_ii|=195565 ratio=1.81167e-08 pivots<1e-12: 0
  [LU] n=924 kutta=1 min|U_ii|=0.0049059 max|U_ii|=111026 ratio=4.41868e-08 pivots<1e-12: 0
  [LU] n=2520 kutta=1 min|U_ii|=0.0445846 max|U_ii|=6061.07 ratio=7.3559e-06 pivots<1e-12: 0
  [LU] n=924 kutta=1 min|U_ii|=0.00354299 max|U_ii|=195565 ratio=1.81167e-08 pivots<1e-12: 0
  [LU] n=924 kutta=1 min|U_ii|=0.00354299 max|U_ii|=195565 ratio=1.81167e-08 pivots<1e-12: 0
  [LU] n=924 kutta=1 min|U_ii|=0.0049059 max|U_ii|=111026 ratio=4.41868e-08 pivots<1e-12: 0
  [LU] n=2520 kutta=1 min|U_ii|=0.0445846 max|U_ii|=6061.07 ratio=7.3559e-06 pivots<1e-12: 0
  [LU] n=924 kutta=1 min|U_ii|=0.00354299 max|U_ii|=195565 ratio=1.81167e-08 pivots<1e-12: 0
  [LU] n=924 kutta=1 min|U_ii|=0.00354299 max|U_ii|=195565 ratio=1.81167e-08 pivots<1e-12: 0
  [LU] n=924 kutta=1 min|U_ii|=0.0049059 max|U_ii|=111026 ratio=4.41868e-08 pivots<1e-12: 0
  [LU] n=2520 kutta=1 min|U_ii|=0.0445846 max|U_ii|=6061.07 ratio=7.3559e-06 pivots<1e-12: 0
  [LU] n=924 kutta=1 min|U_ii|=0.00354299 max|U_ii|=195565 ratio=1.81167e-08 pivots<1e-12: 0
  [LU] n=924 kutta=1 min|U_ii|=0.00354299 max|U_ii|=195565 ratio=1.81167e-08 pivots<1e-12: 0
  [LU] n=924 kutta=1 min|U_ii|=0.0049059 max|U_ii|=111026 ratio=4.41868e-08 pivots<1e-12: 0
  [LU] n=2520 kutta=1 min|U_ii|=0.0445846 max|U_ii|=6061.07 ratio=7.3559e-06 pivots<1e-12: 0
  [LU] n=924 kutta=1 min|U_ii|=0.00354299 max|U_ii|=195565 ratio=1.81167e-08 pivots<1e-12: 0
  [LU] n=924 kutta=1 min|U_ii|=0.00354299 max|U_ii|=195565 ratio=1.81167e-08 pivots<1e-12: 0
  [LU] n=924 kutta=1 min|U_ii|=0.0049059 max|U_ii|=111026 ratio=4.41868e-08 pivots<1e-12: 0
  [LU] n=2520 kutta=1 min|U_ii|=0.0445846 max|U_ii|=6061.07 ratio=7.3559e-06 pivots<1e-12: 0
  [LU] n=924 kutta=1 min|U_ii|=0.00354299 max|U_ii|=195565 ratio=1.81167e-08 pivots<1e-12: 0
  [LU] n=924 kutta=1 min|U_ii|=0.00354299 max|U_ii|=195565 ratio=1.81167e-08 pivots<1e-12: 0
  [LU] n=924 kutta=1 min|U_ii|=0.0049059 max|U_ii|=111026 ratio=4.41868e-08 pivots<1e-12: 0
  [LU] n=2520 kutta=1 min|U_ii|=0.0445846 max|U_ii|=6061.07 ratio=7.3559e-06 pivots<1e-12: 0
  [LU] n=924 kutta=1 min|U_ii|=0.00354299 max|U_ii|=195565 ratio=1.81167e-08 pivots<1e-12: 0
  [LU] n=924 kutta=1 min|U_ii|=0.00354299 max|U_ii|=195565 ratio=1.81167e-08 pivots<1e-12: 0
  [LU] n=924 kutta=1 min|U_ii|=0.0049059 max|U_ii|=111026 ratio=4.41868e-08 pivots<1e-12: 0
  [LU] n=2520 kutta=1 min|U_ii|=0.0445846 max|U_ii|=6061.07 ratio=7.3559e-06 pivots<1e-12: 0
  [LU] n=924 kutta=1 min|U_ii|=0.00354299 max|U_ii|=195565 ratio=1.81167e-08 pivots<1e-12: 0
  [LU] n=924 kutta=1 min|U_ii|=0.00354299 max|U_ii|=195565 ratio=1.81167e-08 pivots<1e-12: 0
  [LU] n=924 kutta=1 min|U_ii|=0.0049059 max|U_ii|=111026 ratio=4.41868e-08 pivots<1e-12: 0
  [LU] n=2520 kutta=1 min|U_ii|=0.0445846 max|U_ii|=6061.07 ratio=7.3559e-06 pivots<1e-12: 0
  [LU] n=924 kutta=1 min|U_ii|=0.00354299 max|U_ii|=195565 ratio=1.81167e-08 pivots<1e-12: 0
  [LU] n=924 kutta=1 min|U_ii|=0.00354299 max|U_ii|=195565 ratio=1.81167e-08 pivots<1e-12: 0
  [LU] n=924 kutta=1 min|U_ii|=0.0049059 max|U_ii|=111026 ratio=4.41868e-08 pivots<1e-12: 0
  [LU] n=2520 kutta=1 min|U_ii|=0.0445846 max|U_ii|=6061.07 ratio=7.3559e-06 pivots<1e-12: 0
  [LU] n=924 kutta=1 min|U_ii|=0.00354299 max|U_ii|=195565 ratio=1.81167e-08 pivots<1e-12: 0
  [LU] n=924 kutta=1 min|U_ii|=0.00354299 max|U_ii|=195565 ratio=1.81167e-08 pivots<1e-12: 0
  [LU] n=924 kutta=1 min|U_ii|=0.0049059 max|U_ii|=111026 ratio=4.41868e-08 pivots<1e-12: 0
  [LU] n=2520 kutta=1 min|U_ii|=0.0445846 max|U_ii|=6061.07 ratio=7.3559e-06 pivots<1e-12: 0
  [LU] n=924 kutta=1 min|U_ii|=0.00354299 max|U_ii|=195565 ratio=1.81167e-08 pivots<1e-12: 0
  [LU] n=924 kutta=1 min|U_ii|=0.00354299 max|U_ii|=195565 ratio=1.81167e-08 pivots<1e-12: 0
  [LU] n=924 kutta=1 min|U_ii|=0.0049059 max|U_ii|=111026 ratio=4.41868e-08 pivots<1e-12: 0
  [LU] n=2520 kutta=1 min|U_ii|=0.0445846 max|U_ii|=6061.07 ratio=7.3559e-06 pivots<1e-12: 0
  [LU] n=924 kutta=1 min|U_ii|=0.00354299 max|U_ii|=195565 ratio=1.81167e-08 pivots<1e-12: 0
  [LU] n=924 kutta=1 min|U_ii|=0.00354299 max|U_ii|=195565 ratio=1.81167e-08 pivots<1e-12: 0
  [LU] n=924 kutta=1 min|U_ii|=0.0049059 max|U_ii|=111026 ratio=4.41868e-08 pivots<1e-12: 0
  [LU] n=2520 kutta=1 min|U_ii|=0.0445846 max|U_ii|=6061.07 ratio=7.3559e-06 pivots<1e-12: 0
  [LU] n=924 kutta=1 min|U_ii|=0.00354299 max|U_ii|=195565 ratio=1.81167e-08 pivots<1e-12: 0
  [LU] n=924 kutta=1 min|U_ii|=0.00354299 max|U_ii|=195565 ratio=1.81167e-08 pivots<1e-12: 0
  [LU] n=924 kutta=1 min|U_ii|=0.0049059 max|U_ii|=111026 ratio=4.41868e-08 pivots<1e-12: 0
  [LU] n=2520 kutta=1 min|U_ii|=0.0445846 max|U_ii|=6061.07 ratio=7.3559e-06 pivots<1e-12: 0
  [LU] n=924 kutta=1 min|U_ii|=0.00354299 max|U_ii|=195565 ratio=1.81167e-08 pivots<1e-12: 0
  [LU] n=924 kutta=1 min|U_ii|=0.00354299 max|U_ii|=195565 ratio=1.81167e-08 pivots<1e-12: 0
  [LU] n=924 kutta=1 min|U_ii|=0.0049059 max|U_ii|=111026 ratio=4.41868e-08 pivots<1e-12: 0
  [LU] n=2520 kutta=1 min|U_ii|=0.0445846 max|U_ii|=6061.07 ratio=7.3559e-06 pivots<1e-12: 0
  [LU] n=924 kutta=1 min|U_ii|=0.00354299 max|U_ii|=195565 ratio=1.81167e-08 pivots<1e-12: 0
  [LU] n=924 kutta=1 min|U_ii|=0.00354299 max|U_ii|=195565 ratio=1.81167e-08 pivots<1e-12: 0
  [LU] n=924 kutta=1 min|U_ii|=0.0049059 max|U_ii|=111026 ratio=4.41868e-08 pivots<1e-12: 0
  [LU] n=2520 kutta=1 min|U_ii|=0.0445846 max|U_ii|=6061.07 ratio=7.3559e-06 pivots<1e-12: 0
  [LU] n=924 kutta=1 min|U_ii|=0.00354299 max|U_ii|=195565 ratio=1.81167e-08 pivots<1e-12: 0
  [LU] n=924 kutta=1 min|U_ii|=0.00354299 max|U_ii|=195565 ratio=1.81167e-08 pivots<1e-12: 0
  [LU] n=924 kutta=1 min|U_ii|=0.0049059 max|U_ii|=111026 ratio=4.41868e-08 pivots<1e-12: 0
  [LU] n=2520 kutta=1 min|U_ii|=0.0445846 max|U_ii|=6061.07 ratio=7.3559e-06 pivots<1e-12: 0
  [LU] n=924 kutta=1 min|U_ii|=0.00354299 max|U_ii|=195565 ratio=1.81167e-08 pivots<1e-12: 0
  [LU] n=924 kutta=1 min|U_ii|=0.00354299 max|U_ii|=195565 ratio=1.81167e-08 pivots<1e-12: 0
  [LU] n=924 kutta=1 min|U_ii|=0.0049059 max|U_ii|=111026 ratio=4.41868e-08 pivots<1e-12: 0
  [LU] n=2520 kutta=1 min|U_ii|=0.0445846 max|U_ii|=6061.07 ratio=7.3559e-06 pivots<1e-12: 0
  [LU] n=924 kutta=1 min|U_ii|=0.00354299 max|U_ii|=195565 ratio=1.81167e-08 pivots<1e-12: 0
  [LU] n=924 kutta=1 min|U_ii|=0.00354299 max|U_ii|=195565 ratio=1.81167e-08 pivots<1e-12: 0
  [LU] n=924 kutta=1 min|U_ii|=0.0049059 max|U_ii|=111026 ratio=4.41868e-08 pivots<1e-12: 0
  [LU] n=2520 kutta=1 min|U_ii|=0.0445846 max|U_ii|=6061.07 ratio=7.3559e-06 pivots<1e-12: 0
  [LU] n=924 kutta=1 min|U_ii|=0.00354299 max|U_ii|=195565 ratio=1.81167e-08 pivots<1e-12: 0
  [LU] n=924 kutta=1 min|U_ii|=0.00354299 max|U_ii|=195565 ratio=1.81167e-08 pivots<1e-12: 0
  [LU] n=924 kutta=1 min|U_ii|=0.0049059 max|U_ii|=111026 ratio=4.41868e-08 pivots<1e-12: 0
  [LU] n=2520 kutta=1 min|U_ii|=0.0445846 max|U_ii|=6061.07 ratio=7.3559e-06 pivots<1e-12: 0
  [LU] n=924 kutta=1 min|U_ii|=0.00354299 max|U_ii|=195565 ratio=1.81167e-08 pivots<1e-12: 0
  [LU] n=924 kutta=1 min|U_ii|=0.00354299 max|U_ii|=195565 ratio=1.81167e-08 pivots<1e-12: 0
  [LU] n=924 kutta=1 min|U_ii|=0.0049059 max|U_ii|=111026 ratio=4.41868e-08 pivots<1e-12: 0
  [LU] n=2520 kutta=1 min|U_ii|=0.0445846 max|U_ii|=6061.07 ratio=7.3559e-06 pivots<1e-12: 0
  [LU] n=924 kutta=1 min|U_ii|=0.00354299 max|U_ii|=195565 ratio=1.81167e-08 pivots<1e-12: 0
  [LU] n=924 kutta=1 min|U_ii|=0.00354299 max|U_ii|=195565 ratio=1.81167e-08 pivots<1e-12: 0
  [LU] n=924 kutta=1 min|U_ii|=0.0049059 max|U_ii|=111026 ratio=4.41868e-08 pivots<1e-12: 0
  [LU] n=2520 kutta=1 min|U_ii|=0.0445846 max|U_ii|=6061.07 ratio=7.3559e-06 pivots<1e-12: 0
  [LU] n=924 kutta=1 min|U_ii|=0.00354299 max|U_ii|=195565 ratio=1.81167e-08 pivots<1e-12: 0
  [LU] n=924 kutta=1 min|U_ii|=0.00354299 max|U_ii|=195565 ratio=1.81167e-08 pivots<1e-12: 0
  [LU] n=924 kutta=1 min|U_ii|=0.0049059 max|U_ii|=111026 ratio=4.41868e-08 pivots<1e-12: 0
  [LU] n=2520 kutta=1 min|U_ii|=0.0445846 max|U_ii|=6061.07 ratio=7.3559e-06 pivots<1e-12: 0
  [LU] n=924 kutta=1 min|U_ii|=0.00354299 max|U_ii|=195565 ratio=1.81167e-08 pivots<1e-12: 0
  [LU] n=924 kutta=1 min|U_ii|=0.00354299 max|U_ii|=195565 ratio=1.81167e-08 pivots<1e-12: 0
  [LU] n=924 kutta=1 min|U_ii|=0.0049059 max|U_ii|=111026 ratio=4.41868e-08 pivots<1e-12: 0
  [LU] n=2520 kutta=1 min|U_ii|=0.0445846 max|U_ii|=6061.07 ratio=7.3559e-06 pivots<1e-12: 0
  [LU] n=924 kutta=1 min|U_ii|=0.00354299 max|U_ii|=195565 ratio=1.81167e-08 pivots<1e-12: 0
  [LU] n=924 kutta=1 min|U_ii|=0.00354299 max|U_ii|=195565 ratio=1.81167e-08 pivots<1e-12: 0
  [LU] n=924 kutta=1 min|U_ii|=0.0049059 max|U_ii|=111026 ratio=4.41868e-08 pivots<1e-12: 0
  [LU] n=2520 kutta=1 min|U_ii|=0.0445846 max|U_ii|=6061.07 ratio=7.3559e-06 pivots<1e-12: 0
  [LU] n=924 kutta=1 min|U_ii|=0.00354299 max|U_ii|=195565 ratio=1.81167e-08 pivots<1e-12: 0
  [LU] n=924 kutta=1 min|U_ii|=0.00354299 max|U_ii|=195565 ratio=1.81167e-08 pivots<1e-12: 0
  [LU] n=924 kutta=1 min|U_ii|=0.0049059 max|U_ii|=111026 ratio=4.41868e-08 pivots<1e-12: 0
  [LU] n=2520 kutta=1 min|U_ii|=0.0445846 max|U_ii|=6061.07 ratio=7.3559e-06 pivots<1e-12: 0
  [LU] n=924 kutta=1 min|U_ii|=0.00354299 max|U_ii|=195565 ratio=1.81167e-08 pivots<1e-12: 0
  [LU] n=924 kutta=1 min|U_ii|=0.00354299 max|U_ii|=195565 ratio=1.81167e-08 pivots<1e-12: 0
  [LU] n=924 kutta=1 min|U_ii|=0.0049059 max|U_ii|=111026 ratio=4.41868e-08 pivots<1e-12: 0
  [LU] n=2520 kutta=1 min|U_ii|=0.0445846 max|U_ii|=6061.07 ratio=7.3559e-06 pivots<1e-12: 0
  [LU] n=924 kutta=1 min|U_ii|=0.00354299 max|U_ii|=195565 ratio=1.81167e-08 pivots<1e-12: 0
  [LU] n=924 kutta=1 min|U_ii|=0.00354299 max|U_ii|=195565 ratio=1.81167e-08 pivots<1e-12: 0
  [LU] n=924 kutta=1 min|U_ii|=0.0049059 max|U_ii|=111026 ratio=4.41868e-08 pivots<1e-12: 0
  [LU] n=2520 kutta=1 min|U_ii|=0.0445846 max|U_ii|=6061.07 ratio=7.3559e-06 pivots<1e-12: 0
  [LU] n=924 kutta=1 min|U_ii|=0.00354299 max|U_ii|=195565 ratio=1.81167e-08 pivots<1e-12: 0
  [LU] n=924 kutta=1 min|U_ii|=0.00354299 max|U_ii|=195565 ratio=1.81167e-08 pivots<1e-12: 0
  [LU] n=924 kutta=1 min|U_ii|=0.0049059 max|U_ii|=111026 ratio=4.41868e-08 pivots<1e-12: 0
  [LU] n=2520 kutta=1 min|U_ii|=0.0445846 max|U_ii|=6061.07 ratio=7.3559e-06 pivots<1e-12: 0
  [LU] n=924 kutta=1 min|U_ii|=0.00354299 max|U_ii|=195565 ratio=1.81167e-08 pivots<1e-12: 0
  [LU] n=924 kutta=1 min|U_ii|=0.00354299 max|U_ii|=195565 ratio=1.81167e-08 pivots<1e-12: 0
  [LU] n=924 kutta=1 min|U_ii|=0.0049059 max|U_ii|=111026 ratio=4.41868e-08 pivots<1e-12: 0
  [LU] n=2520 kutta=1 min|U_ii|=0.0445846 max|U_ii|=6061.07 ratio=7.3559e-06 pivots<1e-12: 0
  [LU] n=924 kutta=1 min|U_ii|=0.00354299 max|U_ii|=195565 ratio=1.81167e-08 pivots<1e-12: 0
  [LU] n=924 kutta=1 min|U_ii|=0.00354299 max|U_ii|=195565 ratio=1.81167e-08 pivots<1e-12: 0
  [LU] n=924 kutta=1 min|U_ii|=0.0049059 max|U_ii|=111026 ratio=4.41868e-08 pivots<1e-12: 0
  [LU] n=2520 kutta=1 min|U_ii|=0.0445846 max|U_ii|=6061.07 ratio=7.3559e-06 pivots<1e-12: 0
  [LU] n=924 kutta=1 min|U_ii|=0.00354299 max|U_ii|=195565 ratio=1.81167e-08 pivots<1e-12: 0
  [LU] n=924 kutta=1 min|U_ii|=0.00354299 max|U_ii|=195565 ratio=1.81167e-08 pivots<1e-12: 0
  [LU] n=924 kutta=1 min|U_ii|=0.0049059 max|U_ii|=111026 ratio=4.41868e-08 pivots<1e-12: 0
  [LU] n=2520 kutta=1 min|U_ii|=0.0445846 max|U_ii|=6061.07 ratio=7.3559e-06 pivots<1e-12: 0
  [LU] n=924 kutta=1 min|U_ii|=0.00354299 max|U_ii|=195565 ratio=1.81167e-08 pivots<1e-12: 0
  [LU] n=924 kutta=1 min|U_ii|=0.00354299 max|U_ii|=195565 ratio=1.81167e-08 pivots<1e-12: 0
  [LU] n=924 kutta=1 min|U_ii|=0.0049059 max|U_ii|=111026 ratio=4.41868e-08 pivots<1e-12: 0
  [LU] n=2520 kutta=1 min|U_ii|=0.0445846 max|U_ii|=6061.07 ratio=7.3559e-06 pivots<1e-12: 0
  [LU] n=924 kutta=1 min|U_ii|=0.00354299 max|U_ii|=195565 ratio=1.81167e-08 pivots<1e-12: 0
  [LU] n=924 kutta=1 min|U_ii|=0.00354299 max|U_ii|=195565 ratio=1.81167e-08 pivots<1e-12: 0
  [LU] n=924 kutta=1 min|U_ii|=0.0049059 max|U_ii|=111026 ratio=4.41868e-08 pivots<1e-12: 0
  [LU] n=2520 kutta=1 min|U_ii|=0.0445846 max|U_ii|=6061.07 ratio=7.3559e-06 pivots<1e-12: 0
  [LU] n=924 kutta=1 min|U_ii|=0.00354299 max|U_ii|=195565 ratio=1.81167e-08 pivots<1e-12: 0
  [LU] n=924 kutta=1 min|U_ii|=0.00354299 max|U_ii|=195565 ratio=1.81167e-08 pivots<1e-12: 0
  [LU] n=924 kutta=1 min|U_ii|=0.0049059 max|U_ii|=111026 ratio=4.41868e-08 pivots<1e-12: 0
  [LU] n=2520 kutta=1 min|U_ii|=0.0445846 max|U_ii|=6061.07 ratio=7.3559e-06 pivots<1e-12: 0
  [LU] n=924 kutta=1 min|U_ii|=0.00354299 max|U_ii|=195565 ratio=1.81167e-08 pivots<1e-12: 0
  [LU] n=924 kutta=1 min|U_ii|=0.00354299 max|U_ii|=195565 ratio=1.81167e-08 pivots<1e-12: 0
  [LU] n=924 kutta=1 min|U_ii|=0.0049059 max|U_ii|=111026 ratio=4.41868e-08 pivots<1e-12: 0
  [LU] n=2520 kutta=1 min|U_ii|=0.0445846 max|U_ii|=6061.07 ratio=7.3559e-06 pivots<1e-12: 0
  [LU] n=924 kutta=1 min|U_ii|=0.00354299 max|U_ii|=195565 ratio=1.81167e-08 pivots<1e-12: 0
  [LU] n=924 kutta=1 min|U_ii|=0.00354299 max|U_ii|=195565 ratio=1.81167e-08 pivots<1e-12: 0
  [LU] n=924 kutta=1 min|U_ii|=0.0049059 max|U_ii|=111026 ratio=4.41868e-08 pivots<1e-12: 0
  [LU] n=2520 kutta=1 min|U_ii|=0.0445846 max|U_ii|=6061.07 ratio=7.3559e-06 pivots<1e-12: 0
  [LU] n=924 kutta=1 min|U_ii|=0.00354299 max|U_ii|=195565 ratio=1.81167e-08 pivots<1e-12: 0
  [LU] n=924 kutta=1 min|U_ii|=0.00354299 max|U_ii|=195565 ratio=1.81167e-08 pivots<1e-12: 0
  [LU] n=924 kutta=1 min|U_ii|=0.0049059 max|U_ii|=111026 ratio=4.41868e-08 pivots<1e-12: 0
  [LU] n=2520 kutta=1 min|U_ii|=0.0445846 max|U_ii|=6061.07 ratio=7.3559e-06 pivots<1e-12: 0
  [LU] n=924 kutta=1 min|U_ii|=0.00354299 max|U_ii|=195565 ratio=1.81167e-08 pivots<1e-12: 0
  [LU] n=924 kutta=1 min|U_ii|=0.00354299 max|U_ii|=195565 ratio=1.81167e-08 pivots<1e-12: 0
  [LU] n=924 kutta=1 min|U_ii|=0.0049059 max|U_ii|=111026 ratio=4.41868e-08 pivots<1e-12: 0
  [LU] n=2520 kutta=1 min|U_ii|=0.0445846 max|U_ii|=6061.07 ratio=7.3559e-06 pivots<1e-12: 0
  [LU] n=924 kutta=1 min|U_ii|=0.00354299 max|U_ii|=195565 ratio=1.81167e-08 pivots<1e-12: 0
  [LU] n=924 kutta=1 min|U_ii|=0.00354299 max|U_ii|=195565 ratio=1.81167e-08 pivots<1e-12: 0
  [LU] n=924 kutta=1 min|U_ii|=0.0049059 max|U_ii|=111026 ratio=4.41868e-08 pivots<1e-12: 0
  [LU] n=2520 kutta=1 min|U_ii|=0.0445846 max|U_ii|=6061.07 ratio=7.3559e-06 pivots<1e-12: 0
  [LU] n=924 kutta=1 min|U_ii|=0.00354299 max|U_ii|=195565 ratio=1.81167e-08 pivots<1e-12: 0
  [LU] n=924 kutta=1 min|U_ii|=0.00354299 max|U_ii|=195565 ratio=1.81167e-08 pivots<1e-12: 0
  [LU] n=924 kutta=1 min|U_ii|=0.0049059 max|U_ii|=111026 ratio=4.41868e-08 pivots<1e-12: 0
  [LU] n=2520 kutta=1 min|U_ii|=0.0445846 max|U_ii|=6061.07 ratio=7.3559e-06 pivots<1e-12: 0
  [LU] n=924 kutta=1 min|U_ii|=0.00354299 max|U_ii|=195565 ratio=1.81167e-08 pivots<1e-12: 0
  [LU] n=924 kutta=1 min|U_ii|=0.00354299 max|U_ii|=195565 ratio=1.81167e-08 pivots<1e-12: 0
  [LU] n=924 kutta=1 min|U_ii|=0.0049059 max|U_ii|=111026 ratio=4.41868e-08 pivots<1e-12: 0
  [LU] n=2520 kutta=1 min|U_ii|=0.0445846 max|U_ii|=6061.07 ratio=7.3559e-06 pivots<1e-12: 0
  [LU] n=924 kutta=1 min|U_ii|=0.00354299 max|U_ii|=195565 ratio=1.81167e-08 pivots<1e-12: 0
  [LU] n=924 kutta=1 min|U_ii|=0.00354299 max|U_ii|=195565 ratio=1.81167e-08 pivots<1e-12: 0
  [LU] n=924 kutta=1 min|U_ii|=0.0049059 max|U_ii|=111026 ratio=4.41868e-08 pivots<1e-12: 0
  [LU] n=2520 kutta=1 min|U_ii|=0.0445846 max|U_ii|=6061.07 ratio=7.3559e-06 pivots<1e-12: 0
  [LU] n=924 kutta=1 min|U_ii|=0.00354299 max|U_ii|=195565 ratio=1.81167e-08 pivots<1e-12: 0
  [LU] n=924 kutta=1 min|U_ii|=0.00354299 max|U_ii|=195565 ratio=1.81167e-08 pivots<1e-12: 0
  [LU] n=924 kutta=1 min|U_ii|=0.0049059 max|U_ii|=111026 ratio=4.41868e-08 pivots<1e-12: 0
  [LU] n=2520 kutta=1 min|U_ii|=0.0445846 max|U_ii|=6061.07 ratio=7.3559e-06 pivots<1e-12: 0
  [LU] n=924 kutta=1 min|U_ii|=0.00354299 max|U_ii|=195565 ratio=1.81167e-08 pivots<1e-12: 0
  [LU] n=924 kutta=1 min|U_ii|=0.00354299 max|U_ii|=195565 ratio=1.81167e-08 pivots<1e-12: 0
  [LU] n=924 kutta=1 min|U_ii|=0.0049059 max|U_ii|=111026 ratio=4.41868e-08 pivots<1e-12: 0
  [LU] n=2520 kutta=1 min|U_ii|=0.0445846 max|U_ii|=6061.07 ratio=7.3559e-06 pivots<1e-12: 0
  [LU] n=924 kutta=1 min|U_ii|=0.00354299 max|U_ii|=195565 ratio=1.81167e-08 pivots<1e-12: 0
  [LU] n=924 kutta=1 min|U_ii|=0.00354299 max|U_ii|=195565 ratio=1.81167e-08 pivots<1e-12: 0
  [LU] n=924 kutta=1 min|U_ii|=0.0049059 max|U_ii|=111026 ratio=4.41868e-08 pivots<1e-12: 0
  [LU] n=2520 kutta=1 min|U_ii|=0.0445846 max|U_ii|=6061.07 ratio=7.3559e-06 pivots<1e-12: 0
  [LU] n=924 kutta=1 min|U_ii|=0.00354299 max|U_ii|=195565 ratio=1.81167e-08 pivots<1e-12: 0
  [LU] n=924 kutta=1 min|U_ii|=0.00354299 max|U_ii|=195565 ratio=1.81167e-08 pivots<1e-12: 0
  [LU] n=924 kutta=1 min|U_ii|=0.0049059 max|U_ii|=111026 ratio=4.41868e-08 pivots<1e-12: 0
  [LU] n=2520 kutta=1 min|U_ii|=0.0445846 max|U_ii|=6061.07 ratio=7.3559e-06 pivots<1e-12: 0
  [LU] n=924 kutta=1 min|U_ii|=0.00354299 max|U_ii|=195565 ratio=1.81167e-08 pivots<1e-12: 0
  [LU] n=924 kutta=1 min|U_ii|=0.00354299 max|U_ii|=195565 ratio=1.81167e-08 pivots<1e-12: 0
  [LU] n=924 kutta=1 min|U_ii|=0.0049059 max|U_ii|=111026 ratio=4.41868e-08 pivots<1e-12: 0
  [LU] n=2520 kutta=1 min|U_ii|=0.0445846 max|U_ii|=6061.07 ratio=7.3559e-06 pivots<1e-12: 0
  [LU] n=924 kutta=1 min|U_ii|=0.00354299 max|U_ii|=195565 ratio=1.81167e-08 pivots<1e-12: 0
  [LU] n=924 kutta=1 min|U_ii|=0.00354299 max|U_ii|=195565 ratio=1.81167e-08 pivots<1e-12: 0
  [LU] n=924 kutta=1 min|U_ii|=0.0049059 max|U_ii|=111026 ratio=4.41868e-08 pivots<1e-12: 0
  [LU] n=2520 kutta=1 min|U_ii|=0.0445846 max|U_ii|=6061.07 ratio=7.3559e-06 pivots<1e-12: 0
  [LU] n=924 kutta=1 min|U_ii|=0.00354299 max|U_ii|=195565 ratio=1.81167e-08 pivots<1e-12: 0
  [LU] n=924 kutta=1 min|U_ii|=0.00354299 max|U_ii|=195565 ratio=1.81167e-08 pivots<1e-12: 0
  [LU] n=924 kutta=1 min|U_ii|=0.0049059 max|U_ii|=111026 ratio=4.41868e-08 pivots<1e-12: 0
  [LU] n=2520 kutta=1 min|U_ii|=0.0445846 max|U_ii|=6061.07 ratio=7.3559e-06 pivots<1e-12: 0
  [LU] n=924 kutta=1 min|U_ii|=0.00354299 max|U_ii|=195565 ratio=1.81167e-08 pivots<1e-12: 0
  [LU] n=924 kutta=1 min|U_ii|=0.00354299 max|U_ii|=195565 ratio=1.81167e-08 pivots<1e-12: 0
  [LU] n=924 kutta=1 min|U_ii|=0.0049059 max|U_ii|=111026 ratio=4.41868e-08 pivots<1e-12: 0
  [LU] n=2520 kutta=1 min|U_ii|=0.0445846 max|U_ii|=6061.07 ratio=7.3559e-06 pivots<1e-12: 0
  [LU] n=924 kutta=1 min|U_ii|=0.00354299 max|U_ii|=195565 ratio=1.81167e-08 pivots<1e-12: 0
  [LU] n=924 kutta=1 min|U_ii|=0.00354299 max|U_ii|=195565 ratio=1.81167e-08 pivots<1e-12: 0
  [LU] n=924 kutta=1 min|U_ii|=0.0049059 max|U_ii|=111026 ratio=4.41868e-08 pivots<1e-12: 0
  [LU] n=2520 kutta=1 min|U_ii|=0.0445846 max|U_ii|=6061.07 ratio=7.3559e-06 pivots<1e-12: 0
  [LU] n=924 kutta=1 min|U_ii|=0.00354299 max|U_ii|=195565 ratio=1.81167e-08 pivots<1e-12: 0
  [LU] n=924 kutta=1 min|U_ii|=0.00354299 max|U_ii|=195565 ratio=1.81167e-08 pivots<1e-12: 0
  [LU] n=924 kutta=1 min|U_ii|=0.0049059 max|U_ii|=111026 ratio=4.41868e-08 pivots<1e-12: 0
  [LU] n=2520 kutta=1 min|U_ii|=0.0445846 max|U_ii|=6061.07 ratio=7.3559e-06 pivots<1e-12: 0
  [LU] n=924 kutta=1 min|U_ii|=0.00354299 max|U_ii|=195565 ratio=1.81167e-08 pivots<1e-12: 0
  [LU] n=924 kutta=1 min|U_ii|=0.00354299 max|U_ii|=195565 ratio=1.81167e-08 pivots<1e-12: 0
  [LU] n=924 kutta=1 min|U_ii|=0.0049059 max|U_ii|=111026 ratio=4.41868e-08 pivots<1e-12: 0
  [LU] n=2520 kutta=1 min|U_ii|=0.0445846 max|U_ii|=6061.07 ratio=7.3559e-06 pivots<1e-12: 0
  [LU] n=924 kutta=1 min|U_ii|=0.00354299 max|U_ii|=195565 ratio=1.81167e-08 pivots<1e-12: 0
  [LU] n=924 kutta=1 min|U_ii|=0.00354299 max|U_ii|=195565 ratio=1.81167e-08 pivots<1e-12: 0
  [LU] n=924 kutta=1 min|U_ii|=0.0049059 max|U_ii|=111026 ratio=4.41868e-08 pivots<1e-12: 0
  [LU] n=2520 kutta=1 min|U_ii|=0.0445846 max|U_ii|=6061.07 ratio=7.3559e-06 pivots<1e-12: 0
  [LU] n=924 kutta=1 min|U_ii|=0.00354299 max|U_ii|=195565 ratio=1.81167e-08 pivots<1e-12: 0
  [LU] n=924 kutta=1 min|U_ii|=0.00354299 max|U_ii|=195565 ratio=1.81167e-08 pivots<1e-12: 0
  [LU] n=924 kutta=1 min|U_ii|=0.0049059 max|U_ii|=111026 ratio=4.41868e-08 pivots<1e-12: 0
  [LU] n=2520 kutta=1 min|U_ii|=0.0445846 max|U_ii|=6061.07 ratio=7.3559e-06 pivots<1e-12: 0
  [LU] n=924 kutta=1 min|U_ii|=0.00354299 max|U_ii|=195565 ratio=1.81167e-08 pivots<1e-12: 0
  [LU] n=924 kutta=1 min|U_ii|=0.00354299 max|U_ii|=195565 ratio=1.81167e-08 pivots<1e-12: 0
  [LU] n=924 kutta=1 min|U_ii|=0.0049059 max|U_ii|=111026 ratio=4.41868e-08 pivots<1e-12: 0
  [LU] n=2520 kutta=1 min|U_ii|=0.0445846 max|U_ii|=6061.07 ratio=7.3559e-06 pivots<1e-12: 0
  [LU] n=924 kutta=1 min|U_ii|=0.00354299 max|U_ii|=195565 ratio=1.81167e-08 pivots<1e-12: 0
  [LU] n=924 kutta=1 min|U_ii|=0.00354299 max|U_ii|=195565 ratio=1.81167e-08 pivots<1e-12: 0
  [LU] n=924 kutta=1 min|U_ii|=0.0049059 max|U_ii|=111026 ratio=4.41868e-08 pivots<1e-12: 0
  [LU] n=2520 kutta=1 min|U_ii|=0.0445846 max|U_ii|=6061.07 ratio=7.3559e-06 pivots<1e-12: 0
  [LU] n=924 kutta=1 min|U_ii|=0.00354299 max|U_ii|=195565 ratio=1.81167e-08 pivots<1e-12: 0
  [LU] n=924 kutta=1 min|U_ii|=0.00354299 max|U_ii|=195565 ratio=1.81167e-08 pivots<1e-12: 0
  [LU] n=924 kutta=1 min|U_ii|=0.0049059 max|U_ii|=111026 ratio=4.41868e-08 pivots<1e-12: 0
  [LU] n=2520 kutta=1 min|U_ii|=0.0445846 max|U_ii|=6061.07 ratio=7.3559e-06 pivots<1e-12: 0
  [LU] n=924 kutta=1 min|U_ii|=0.00354299 max|U_ii|=195565 ratio=1.81167e-08 pivots<1e-12: 0
  [LU] n=924 kutta=1 min|U_ii|=0.00354299 max|U_ii|=195565 ratio=1.81167e-08 pivots<1e-12: 0
  [LU] n=924 kutta=1 min|U_ii|=0.0049059 max|U_ii|=111026 ratio=4.41868e-08 pivots<1e-12: 0
  [LU] n=2520 kutta=1 min|U_ii|=0.0445846 max|U_ii|=6061.07 ratio=7.3559e-06 pivots<1e-12: 0
  [LU] n=924 kutta=1 min|U_ii|=0.00354299 max|U_ii|=195565 ratio=1.81167e-08 pivots<1e-12: 0
  [LU] n=924 kutta=1 min|U_ii|=0.00354299 max|U_ii|=195565 ratio=1.81167e-08 pivots<1e-12: 0
  [LU] n=924 kutta=1 min|U_ii|=0.0049059 max|U_ii|=111026 ratio=4.41868e-08 pivots<1e-12: 0
  [LU] n=2520 kutta=1 min|U_ii|=0.0445846 max|U_ii|=6061.07 ratio=7.3559e-06 pivots<1e-12: 0
  [LU] n=924 kutta=1 min|U_ii|=0.00354299 max|U_ii|=195565 ratio=1.81167e-08 pivots<1e-12: 0
  [LU] n=924 kutta=1 min|U_ii|=0.00354299 max|U_ii|=195565 ratio=1.81167e-08 pivots<1e-12: 0
  [LU] n=924 kutta=1 min|U_ii|=0.0049059 max|U_ii|=111026 ratio=4.41868e-08 pivots<1e-12: 0
  [LU] n=2520 kutta=1 min|U_ii|=0.0445846 max|U_ii|=6061.07 ratio=7.3559e-06 pivots<1e-12: 0
  [LU] n=924 kutta=1 min|U_ii|=0.00354299 max|U_ii|=195565 ratio=1.81167e-08 pivots<1e-12: 0
  [LU] n=924 kutta=1 min|U_ii|=0.00354299 max|U_ii|=195565 ratio=1.81167e-08 pivots<1e-12: 0
  [LU] n=924 kutta=1 min|U_ii|=0.0049059 max|U_ii|=111026 ratio=4.41868e-08 pivots<1e-12: 0
  [LU] n=2520 kutta=1 min|U_ii|=0.0445846 max|U_ii|=6061.07 ratio=7.3559e-06 pivots<1e-12: 0
  [LU] n=924 kutta=1 min|U_ii|=0.00354299 max|U_ii|=195565 ratio=1.81167e-08 pivots<1e-12: 0
  [LU] n=924 kutta=1 min|U_ii|=0.00354299 max|U_ii|=195565 ratio=1.81167e-08 pivots<1e-12: 0
  [LU] n=924 kutta=1 min|U_ii|=0.0049059 max|U_ii|=111026 ratio=4.41868e-08 pivots<1e-12: 0
  [LU] n=2520 kutta=1 min|U_ii|=0.0445846 max|U_ii|=6061.07 ratio=7.3559e-06 pivots<1e-12: 0
  [LU] n=924 kutta=1 min|U_ii|=0.00354299 max|U_ii|=195565 ratio=1.81167e-08 pivots<1e-12: 0
  [LU] n=924 kutta=1 min|U_ii|=0.00354299 max|U_ii|=195565 ratio=1.81167e-08 pivots<1e-12: 0
  [LU] n=924 kutta=1 min|U_ii|=0.0049059 max|U_ii|=111026 ratio=4.41868e-08 pivots<1e-12: 0
  [LU] n=2520 kutta=1 min|U_ii|=0.0445846 max|U_ii|=6061.07 ratio=7.3559e-06 pivots<1e-12: 0
  [LU] n=924 kutta=1 min|U_ii|=0.00354299 max|U_ii|=195565 ratio=1.81167e-08 pivots<1e-12: 0
  [LU] n=924 kutta=1 min|U_ii|=0.00354299 max|U_ii|=195565 ratio=1.81167e-08 pivots<1e-12: 0
  [LU] n=924 kutta=1 min|U_ii|=0.0049059 max|U_ii|=111026 ratio=4.41868e-08 pivots<1e-12: 0
  [LU] n=2520 kutta=1 min|U_ii|=0.0445846 max|U_ii|=6061.07 ratio=7.3559e-06 pivots<1e-12: 0
  [LU] n=924 kutta=1 min|U_ii|=0.00354299 max|U_ii|=195565 ratio=1.81167e-08 pivots<1e-12: 0
  [LU] n=924 kutta=1 min|U_ii|=0.00354299 max|U_ii|=195565 ratio=1.81167e-08 pivots<1e-12: 0
  [LU] n=924 kutta=1 min|U_ii|=0.0049059 max|U_ii|=111026 ratio=4.41868e-08 pivots<1e-12: 0
  [LU] n=2520 kutta=1 min|U_ii|=0.0445846 max|U_ii|=6061.07 ratio=7.3559e-06 pivots<1e-12: 0
  [LU] n=924 kutta=1 min|U_ii|=0.00354299 max|U_ii|=195565 ratio=1.81167e-08 pivots<1e-12: 0
  [LU] n=924 kutta=1 min|U_ii|=0.00354299 max|U_ii|=195565 ratio=1.81167e-08 pivots<1e-12: 0
  [LU] n=924 kutta=1 min|U_ii|=0.0049059 max|U_ii|=111026 ratio=4.41868e-08 pivots<1e-12: 0
  [LU] n=2520 kutta=1 min|U_ii|=0.0445846 max|U_ii|=6061.07 ratio=7.3559e-06 pivots<1e-12: 0
  [LU] n=924 kutta=1 min|U_ii|=0.00354299 max|U_ii|=195565 ratio=1.81167e-08 pivots<1e-12: 0
  [LU] n=924 kutta=1 min|U_ii|=0.00354299 max|U_ii|=195565 ratio=1.81167e-08 pivots<1e-12: 0
  [LU] n=924 kutta=1 min|U_ii|=0.0049059 max|U_ii|=111026 ratio=4.41868e-08 pivots<1e-12: 0
  [LU] n=2520 kutta=1 min|U_ii|=0.0445846 max|U_ii|=6061.07 ratio=7.3559e-06 pivots<1e-12: 0
  [LU] n=924 kutta=1 min|U_ii|=0.00354299 max|U_ii|=195565 ratio=1.81167e-08 pivots<1e-12: 0
  [LU] n=924 kutta=1 min|U_ii|=0.00354299 max|U_ii|=195565 ratio=1.81167e-08 pivots<1e-12: 0
  [LU] n=924 kutta=1 min|U_ii|=0.0049059 max|U_ii|=111026 ratio=4.41868e-08 pivots<1e-12: 0
  [LU] n=2520 kutta=1 min|U_ii|=0.0445846 max|U_ii|=6061.07 ratio=7.3559e-06 pivots<1e-12: 0
  [LU] n=924 kutta=1 min|U_ii|=0.00354299 max|U_ii|=195565 ratio=1.81167e-08 pivots<1e-12: 0
  [LU] n=924 kutta=1 min|U_ii|=0.00354299 max|U_ii|=195565 ratio=1.81167e-08 pivots<1e-12: 0
  [LU] n=924 kutta=1 min|U_ii|=0.0049059 max|U_ii|=111026 ratio=4.41868e-08 pivots<1e-12: 0
  [LU] n=2520 kutta=1 min|U_ii|=0.0445846 max|U_ii|=6061.07 ratio=7.3559e-06 pivots<1e-12: 0
  [LU] n=924 kutta=1 min|U_ii|=0.00354299 max|U_ii|=195565 ratio=1.81167e-08 pivots<1e-12: 0
  [LU] n=924 kutta=1 min|U_ii|=0.00354299 max|U_ii|=195565 ratio=1.81167e-08 pivots<1e-12: 0
  [LU] n=924 kutta=1 min|U_ii|=0.0049059 max|U_ii|=111026 ratio=4.41868e-08 pivots<1e-12: 0
  [LU] n=2520 kutta=1 min|U_ii|=0.0445846 max|U_ii|=6061.07 ratio=7.3559e-06 pivots<1e-12: 0
  [LU] n=924 kutta=1 min|U_ii|=0.00354299 max|U_ii|=195565 ratio=1.81167e-08 pivots<1e-12: 0
  [LU] n=924 kutta=1 min|U_ii|=0.00354299 max|U_ii|=195565 ratio=1.81167e-08 pivots<1e-12: 0
  [LU] n=924 kutta=1 min|U_ii|=0.0049059 max|U_ii|=111026 ratio=4.41868e-08 pivots<1e-12: 0
  [LU] n=2520 kutta=1 min|U_ii|=0.0445846 max|U_ii|=6061.07 ratio=7.3559e-06 pivots<1e-12: 0
  [LU] n=924 kutta=1 min|U_ii|=0.00354299 max|U_ii|=195565 ratio=1.81167e-08 pivots<1e-12: 0
  [LU] n=924 kutta=1 min|U_ii|=0.00354299 max|U_ii|=195565 ratio=1.81167e-08 pivots<1e-12: 0
  [LU] n=924 kutta=1 min|U_ii|=0.0049059 max|U_ii|=111026 ratio=4.41868e-08 pivots<1e-12: 0
  [LU] n=2520 kutta=1 min|U_ii|=0.0445846 max|U_ii|=6061.07 ratio=7.3559e-06 pivots<1e-12: 0
  [LU] n=924 kutta=1 min|U_ii|=0.00354299 max|U_ii|=195565 ratio=1.81167e-08 pivots<1e-12: 0
  [LU] n=924 kutta=1 min|U_ii|=0.00354299 max|U_ii|=195565 ratio=1.81167e-08 pivots<1e-12: 0
  [LU] n=924 kutta=1 min|U_ii|=0.0049059 max|U_ii|=111026 ratio=4.41868e-08 pivots<1e-12: 0
  [LU] n=2520 kutta=1 min|U_ii|=0.0445846 max|U_ii|=6061.07 ratio=7.3559e-06 pivots<1e-12: 0
  [LU] n=924 kutta=1 min|U_ii|=0.00354299 max|U_ii|=195565 ratio=1.81167e-08 pivots<1e-12: 0
  [LU] n=924 kutta=1 min|U_ii|=0.00354299 max|U_ii|=195565 ratio=1.81167e-08 pivots<1e-12: 0
  [LU] n=924 kutta=1 min|U_ii|=0.0049059 max|U_ii|=111026 ratio=4.41868e-08 pivots<1e-12: 0
  [LU] n=2520 kutta=1 min|U_ii|=0.0445846 max|U_ii|=6061.07 ratio=7.3559e-06 pivots<1e-12: 0
  [LU] n=924 kutta=1 min|U_ii|=0.00354299 max|U_ii|=195565 ratio=1.81167e-08 pivots<1e-12: 0
  [LU] n=924 kutta=1 min|U_ii|=0.00354299 max|U_ii|=195565 ratio=1.81167e-08 pivots<1e-12: 0
  [LU] n=924 kutta=1 min|U_ii|=0.0049059 max|U_ii|=111026 ratio=4.41868e-08 pivots<1e-12: 0
  [LU] n=2520 kutta=1 min|U_ii|=0.0445846 max|U_ii|=6061.07 ratio=7.3559e-06 pivots<1e-12: 0
  [LU] n=924 kutta=1 min|U_ii|=0.00354299 max|U_ii|=195565 ratio=1.81167e-08 pivots<1e-12: 0
  [LU] n=924 kutta=1 min|U_ii|=0.00354299 max|U_ii|=195565 ratio=1.81167e-08 pivots<1e-12: 0
  [LU] n=924 kutta=1 min|U_ii|=0.0049059 max|U_ii|=111026 ratio=4.41868e-08 pivots<1e-12: 0
  [LU] n=2520 kutta=1 min|U_ii|=0.0445846 max|U_ii|=6061.07 ratio=7.3559e-06 pivots<1e-12: 0
  [LU] n=924 kutta=1 min|U_ii|=0.00354299 max|U_ii|=195565 ratio=1.81167e-08 pivots<1e-12: 0
  [LU] n=924 kutta=1 min|U_ii|=0.00354299 max|U_ii|=195565 ratio=1.81167e-08 pivots<1e-12: 0
  [LU] n=924 kutta=1 min|U_ii|=0.0049059 max|U_ii|=111026 ratio=4.41868e-08 pivots<1e-12: 0
  [LU] n=2520 kutta=1 min|U_ii|=0.0445846 max|U_ii|=6061.07 ratio=7.3559e-06 pivots<1e-12: 0
  [LU] n=924 kutta=1 min|U_ii|=0.00354299 max|U_ii|=195565 ratio=1.81167e-08 pivots<1e-12: 0
  [LU] n=924 kutta=1 min|U_ii|=0.00354299 max|U_ii|=195565 ratio=1.81167e-08 pivots<1e-12: 0
  [LU] n=924 kutta=1 min|U_ii|=0.0049059 max|U_ii|=111026 ratio=4.41868e-08 pivots<1e-12: 0
  [LU] n=2520 kutta=1 min|U_ii|=0.0445846 max|U_ii|=6061.07 ratio=7.3559e-06 pivots<1e-12: 0
  [LU] n=924 kutta=1 min|U_ii|=0.00354299 max|U_ii|=195565 ratio=1.81167e-08 pivots<1e-12: 0
  [LU] n=924 kutta=1 min|U_ii|=0.00354299 max|U_ii|=195565 ratio=1.81167e-08 pivots<1e-12: 0
  [LU] n=924 kutta=1 min|U_ii|=0.0049059 max|U_ii|=111026 ratio=4.41868e-08 pivots<1e-12: 0
  [LU] n=2520 kutta=1 min|U_ii|=0.0445846 max|U_ii|=6061.07 ratio=7.3559e-06 pivots<1e-12: 0
  [LU] n=924 kutta=1 min|U_ii|=0.00354299 max|U_ii|=195565 ratio=1.81167e-08 pivots<1e-12: 0
  [LU] n=924 kutta=1 min|U_ii|=0.00354299 max|U_ii|=195565 ratio=1.81167e-08 pivots<1e-12: 0
  [LU] n=924 kutta=1 min|U_ii|=0.0049059 max|U_ii|=111026 ratio=4.41868e-08 pivots<1e-12: 0
  [LU] n=2520 kutta=1 min|U_ii|=0.0445846 max|U_ii|=6061.07 ratio=7.3559e-06 pivots<1e-12: 0
  [LU] n=924 kutta=1 min|U_ii|=0.00354299 max|U_ii|=195565 ratio=1.81167e-08 pivots<1e-12: 0
  [LU] n=924 kutta=1 min|U_ii|=0.00354299 max|U_ii|=195565 ratio=1.81167e-08 pivots<1e-12: 0
  [LU] n=924 kutta=1 min|U_ii|=0.0049059 max|U_ii|=111026 ratio=4.41868e-08 pivots<1e-12: 0
  [LU] n=2520 kutta=1 min|U_ii|=0.0445846 max|U_ii|=6061.07 ratio=7.3559e-06 pivots<1e-12: 0
  [LU] n=924 kutta=1 min|U_ii|=0.00354299 max|U_ii|=195565 ratio=1.81167e-08 pivots<1e-12: 0
  [LU] n=924 kutta=1 min|U_ii|=0.00354299 max|U_ii|=195565 ratio=1.81167e-08 pivots<1e-12: 0
  [LU] n=924 kutta=1 min|U_ii|=0.0049059 max|U_ii|=111026 ratio=4.41868e-08 pivots<1e-12: 0
  [LU] n=2520 kutta=1 min|U_ii|=0.0445846 max|U_ii|=6061.07 ratio=7.3559e-06 pivots<1e-12: 0
  [LU] n=924 kutta=1 min|U_ii|=0.00354299 max|U_ii|=195565 ratio=1.81167e-08 pivots<1e-12: 0
  [LU] n=924 kutta=1 min|U_ii|=0.00354299 max|U_ii|=195565 ratio=1.81167e-08 pivots<1e-12: 0
  [LU] n=924 kutta=1 min|U_ii|=0.0049059 max|U_ii|=111026 ratio=4.41868e-08 pivots<1e-12: 0
  [LU] n=2520 kutta=1 min|U_ii|=0.0445846 max|U_ii|=6061.07 ratio=7.3559e-06 pivots<1e-12: 0
  [LU] n=924 kutta=1 min|U_ii|=0.00354299 max|U_ii|=195565 ratio=1.81167e-08 pivots<1e-12: 0
  [LU] n=924 kutta=1 min|U_ii|=0.00354299 max|U_ii|=195565 ratio=1.81167e-08 pivots<1e-12: 0
  [LU] n=924 kutta=1 min|U_ii|=0.0049059 max|U_ii|=111026 ratio=4.41868e-08 pivots<1e-12: 0
  [LU] n=2520 kutta=1 min|U_ii|=0.0445846 max|U_ii|=6061.07 ratio=7.3559e-06 pivots<1e-12: 0
  [LU] n=924 kutta=1 min|U_ii|=0.00354299 max|U_ii|=195565 ratio=1.81167e-08 pivots<1e-12: 0
  [LU] n=924 kutta=1 min|U_ii|=0.00354299 max|U_ii|=195565 ratio=1.81167e-08 pivots<1e-12: 0
  [LU] n=924 kutta=1 min|U_ii|=0.0049059 max|U_ii|=111026 ratio=4.41868e-08 pivots<1e-12: 0
  [LU] n=2520 kutta=1 min|U_ii|=0.0445846 max|U_ii|=6061.07 ratio=7.3559e-06 pivots<1e-12: 0
  [LU] n=924 kutta=1 min|U_ii|=0.00354299 max|U_ii|=195565 ratio=1.81167e-08 pivots<1e-12: 0
  [LU] n=924 kutta=1 min|U_ii|=0.00354299 max|U_ii|=195565 ratio=1.81167e-08 pivots<1e-12: 0
  [LU] n=924 kutta=1 min|U_ii|=0.0049059 max|U_ii|=111026 ratio=4.41868e-08 pivots<1e-12: 0
  [LU] n=2520 kutta=1 min|U_ii|=0.0445846 max|U_ii|=6061.07 ratio=7.3559e-06 pivots<1e-12: 0
  [LU] n=924 kutta=1 min|U_ii|=0.00354299 max|U_ii|=195565 ratio=1.81167e-08 pivots<1e-12: 0
  [LU] n=924 kutta=1 min|U_ii|=0.00354299 max|U_ii|=195565 ratio=1.81167e-08 pivots<1e-12: 0
  [LU] n=924 kutta=1 min|U_ii|=0.0049059 max|U_ii|=111026 ratio=4.41868e-08 pivots<1e-12: 0
  [LU] n=2520 kutta=1 min|U_ii|=0.0445846 max|U_ii|=6061.07 ratio=7.3559e-06 pivots<1e-12: 0
  [LU] n=924 kutta=1 min|U_ii|=0.00354299 max|U_ii|=195565 ratio=1.81167e-08 pivots<1e-12: 0
  [LU] n=924 kutta=1 min|U_ii|=0.00354299 max|U_ii|=195565 ratio=1.81167e-08 pivots<1e-12: 0
  [LU] n=924 kutta=1 min|U_ii|=0.0049059 max|U_ii|=111026 ratio=4.41868e-08 pivots<1e-12: 0
  [LU] n=2520 kutta=1 min|U_ii|=0.0445846 max|U_ii|=6061.07 ratio=7.3559e-06 pivots<1e-12: 0
  [LU] n=924 kutta=1 min|U_ii|=0.00354299 max|U_ii|=195565 ratio=1.81167e-08 pivots<1e-12: 0
  [LU] n=924 kutta=1 min|U_ii|=0.00354299 max|U_ii|=195565 ratio=1.81167e-08 pivots<1e-12: 0
  [LU] n=924 kutta=1 min|U_ii|=0.0049059 max|U_ii|=111026 ratio=4.41868e-08 pivots<1e-12: 0
  [LU] n=2520 kutta=1 min|U_ii|=0.0445846 max|U_ii|=6061.07 ratio=7.3559e-06 pivots<1e-12: 0
  [LU] n=924 kutta=1 min|U_ii|=0.00354299 max|U_ii|=195565 ratio=1.81167e-08 pivots<1e-12: 0
  [LU] n=924 kutta=1 min|U_ii|=0.00354299 max|U_ii|=195565 ratio=1.81167e-08 pivots<1e-12: 0
  [LU] n=924 kutta=1 min|U_ii|=0.0049059 max|U_ii|=111026 ratio=4.41868e-08 pivots<1e-12: 0
  [LU] n=2520 kutta=1 min|U_ii|=0.0445846 max|U_ii|=6061.07 ratio=7.3559e-06 pivots<1e-12: 0
  [LU] n=924 kutta=1 min|U_ii|=0.00354299 max|U_ii|=195565 ratio=1.81167e-08 pivots<1e-12: 0
  [LU] n=924 kutta=1 min|U_ii|=0.00354299 max|U_ii|=195565 ratio=1.81167e-08 pivots<1e-12: 0
  [LU] n=924 kutta=1 min|U_ii|=0.0049059 max|U_ii|=111026 ratio=4.41868e-08 pivots<1e-12: 0
  [LU] n=2520 kutta=1 min|U_ii|=0.0445846 max|U_ii|=6061.07 ratio=7.3559e-06 pivots<1e-12: 0
  [LU] n=924 kutta=1 min|U_ii|=0.00354299 max|U_ii|=195565 ratio=1.81167e-08 pivots<1e-12: 0
  [LU] n=924 kutta=1 min|U_ii|=0.00354299 max|U_ii|=195565 ratio=1.81167e-08 pivots<1e-12: 0
  [LU] n=924 kutta=1 min|U_ii|=0.0049059 max|U_ii|=111026 ratio=4.41868e-08 pivots<1e-12: 0
  [LU] n=2520 kutta=1 min|U_ii|=0.0445846 max|U_ii|=6061.07 ratio=7.3559e-06 pivots<1e-12: 0
  [LU] n=924 kutta=1 min|U_ii|=0.00354299 max|U_ii|=195565 ratio=1.81167e-08 pivots<1e-12: 0
  [LU] n=924 kutta=1 min|U_ii|=0.00354299 max|U_ii|=195565 ratio=1.81167e-08 pivots<1e-12: 0
  [LU] n=924 kutta=1 min|U_ii|=0.0049059 max|U_ii|=111026 ratio=4.41868e-08 pivots<1e-12: 0
  [LU] n=2520 kutta=1 min|U_ii|=0.0445846 max|U_ii|=6061.07 ratio=7.3559e-06 pivots<1e-12: 0
  [LU] n=924 kutta=1 min|U_ii|=0.00354299 max|U_ii|=195565 ratio=1.81167e-08 pivots<1e-12: 0
  [LU] n=924 kutta=1 min|U_ii|=0.00354299 max|U_ii|=195565 ratio=1.81167e-08 pivots<1e-12: 0
  [LU] n=924 kutta=1 min|U_ii|=0.0049059 max|U_ii|=111026 ratio=4.41868e-08 pivots<1e-12: 0
  [LU] n=2520 kutta=1 min|U_ii|=0.0445846 max|U_ii|=6061.07 ratio=7.3559e-06 pivots<1e-12: 0
  [LU] n=924 kutta=1 min|U_ii|=0.00354299 max|U_ii|=195565 ratio=1.81167e-08 pivots<1e-12: 0
  [LU] n=924 kutta=1 min|U_ii|=0.00354299 max|U_ii|=195565 ratio=1.81167e-08 pivots<1e-12: 0
  [LU] n=924 kutta=1 min|U_ii|=0.0049059 max|U_ii|=111026 ratio=4.41868e-08 pivots<1e-12: 0
  [LU] n=2520 kutta=1 min|U_ii|=0.0445846 max|U_ii|=6061.07 ratio=7.3559e-06 pivots<1e-12: 0
  [LU] n=924 kutta=1 min|U_ii|=0.00354299 max|U_ii|=195565 ratio=1.81167e-08 pivots<1e-12: 0
  [LU] n=924 kutta=1 min|U_ii|=0.00354299 max|U_ii|=195565 ratio=1.81167e-08 pivots<1e-12: 0
  [LU] n=924 kutta=1 min|U_ii|=0.0049059 max|U_ii|=111026 ratio=4.41868e-08 pivots<1e-12: 0
  [LU] n=2520 kutta=1 min|U_ii|=0.0445846 max|U_ii|=6061.07 ratio=7.3559e-06 pivots<1e-12: 0
  [LU] n=924 kutta=1 min|U_ii|=0.00354299 max|U_ii|=195565 ratio=1.81167e-08 pivots<1e-12: 0
  [LU] n=924 kutta=1 min|U_ii|=0.00354299 max|U_ii|=195565 ratio=1.81167e-08 pivots<1e-12: 0
  [LU] n=924 kutta=1 min|U_ii|=0.0049059 max|U_ii|=111026 ratio=4.41868e-08 pivots<1e-12: 0
  [LU] n=2520 kutta=1 min|U_ii|=0.0445846 max|U_ii|=6061.07 ratio=7.3559e-06 pivots<1e-12: 0
  [LU] n=924 kutta=1 min|U_ii|=0.00354299 max|U_ii|=195565 ratio=1.81167e-08 pivots<1e-12: 0
  [LU] n=924 kutta=1 min|U_ii|=0.00354299 max|U_ii|=195565 ratio=1.81167e-08 pivots<1e-12: 0
  [LU] n=924 kutta=1 min|U_ii|=0.0049059 max|U_ii|=111026 ratio=4.41868e-08 pivots<1e-12: 0
  [LU] n=2520 kutta=1 min|U_ii|=0.0445846 max|U_ii|=6061.07 ratio=7.3559e-06 pivots<1e-12: 0
  [LU] n=924 kutta=1 min|U_ii|=0.00354299 max|U_ii|=195565 ratio=1.81167e-08 pivots<1e-12: 0
  [LU] n=924 kutta=1 min|U_ii|=0.00354299 max|U_ii|=195565 ratio=1.81167e-08 pivots<1e-12: 0
  [LU] n=924 kutta=1 min|U_ii|=0.0049059 max|U_ii|=111026 ratio=4.41868e-08 pivots<1e-12: 0
  [LU] n=2520 kutta=1 min|U_ii|=0.0445846 max|U_ii|=6061.07 ratio=7.3559e-06 pivots<1e-12: 0
  [LU] n=924 kutta=1 min|U_ii|=0.00354299 max|U_ii|=195565 ratio=1.81167e-08 pivots<1e-12: 0
  [LU] n=924 kutta=1 min|U_ii|=0.00354299 max|U_ii|=195565 ratio=1.81167e-08 pivots<1e-12: 0
  [LU] n=924 kutta=1 min|U_ii|=0.0049059 max|U_ii|=111026 ratio=4.41868e-08 pivots<1e-12: 0
  [LU] n=2520 kutta=1 min|U_ii|=0.0445846 max|U_ii|=6061.07 ratio=7.3559e-06 pivots<1e-12: 0
  [LU] n=924 kutta=1 min|U_ii|=0.00354299 max|U_ii|=195565 ratio=1.81167e-08 pivots<1e-12: 0
  [LU] n=924 kutta=1 min|U_ii|=0.00354299 max|U_ii|=195565 ratio=1.81167e-08 pivots<1e-12: 0
  [LU] n=924 kutta=1 min|U_ii|=0.0049059 max|U_ii|=111026 ratio=4.41868e-08 pivots<1e-12: 0
  [LU] n=2520 kutta=1 min|U_ii|=0.0445846 max|U_ii|=6061.07 ratio=7.3559e-06 pivots<1e-12: 0
  [LU] n=924 kutta=1 min|U_ii|=0.00354299 max|U_ii|=195565 ratio=1.81167e-08 pivots<1e-12: 0
  [LU] n=924 kutta=1 min|U_ii|=0.00354299 max|U_ii|=195565 ratio=1.81167e-08 pivots<1e-12: 0
  [LU] n=924 kutta=1 min|U_ii|=0.0049059 max|U_ii|=111026 ratio=4.41868e-08 pivots<1e-12: 0
  [LU] n=2520 kutta=1 min|U_ii|=0.0445846 max|U_ii|=6061.07 ratio=7.3559e-06 pivots<1e-12: 0
  [LU] n=924 kutta=1 min|U_ii|=0.00354299 max|U_ii|=195565 ratio=1.81167e-08 pivots<1e-12: 0
  [LU] n=924 kutta=1 min|U_ii|=0.00354299 max|U_ii|=195565 ratio=1.81167e-08 pivots<1e-12: 0
  [LU] n=924 kutta=1 min|U_ii|=0.0049059 max|U_ii|=111026 ratio=4.41868e-08 pivots<1e-12: 0
  [LU] n=2520 kutta=1 min|U_ii|=0.0445846 max|U_ii|=6061.07 ratio=7.3559e-06 pivots<1e-12: 0
  [LU] n=924 kutta=1 min|U_ii|=0.00354299 max|U_ii|=195565 ratio=1.81167e-08 pivots<1e-12: 0
  [LU] n=924 kutta=1 min|U_ii|=0.00354299 max|U_ii|=195565 ratio=1.81167e-08 pivots<1e-12: 0
  [LU] n=924 kutta=1 min|U_ii|=0.0049059 max|U_ii|=111026 ratio=4.41868e-08 pivots<1e-12: 0
  [LU] n=2520 kutta=1 min|U_ii|=0.0445846 max|U_ii|=6061.07 ratio=7.3559e-06 pivots<1e-12: 0
  [LU] n=924 kutta=1 min|U_ii|=0.00354299 max|U_ii|=195565 ratio=1.81167e-08 pivots<1e-12: 0
  [LU] n=924 kutta=1 min|U_ii|=0.00354299 max|U_ii|=195565 ratio=1.81167e-08 pivots<1e-12: 0
  [LU] n=924 kutta=1 min|U_ii|=0.0049059 max|U_ii|=111026 ratio=4.41868e-08 pivots<1e-12: 0
  [LU] n=2520 kutta=1 min|U_ii|=0.0445846 max|U_ii|=6061.07 ratio=7.3559e-06 pivots<1e-12: 0
  [LU] n=924 kutta=1 min|U_ii|=0.00354299 max|U_ii|=195565 ratio=1.81167e-08 pivots<1e-12: 0
  [LU] n=924 kutta=1 min|U_ii|=0.00354299 max|U_ii|=195565 ratio=1.81167e-08 pivots<1e-12: 0
  [LU] n=924 kutta=1 min|U_ii|=0.0049059 max|U_ii|=111026 ratio=4.41868e-08 pivots<1e-12: 0
  [LU] n=2520 kutta=1 min|U_ii|=0.0445846 max|U_ii|=6061.07 ratio=7.3559e-06 pivots<1e-12: 0
  [LU] n=924 kutta=1 min|U_ii|=0.00354299 max|U_ii|=195565 ratio=1.81167e-08 pivots<1e-12: 0
  [LU] n=924 kutta=1 min|U_ii|=0.00354299 max|U_ii|=195565 ratio=1.81167e-08 pivots<1e-12: 0
  [LU] n=924 kutta=1 min|U_ii|=0.0049059 max|U_ii|=111026 ratio=4.41868e-08 pivots<1e-12: 0
  [LU] n=2520 kutta=1 min|U_ii|=0.0445846 max|U_ii|=6061.07 ratio=7.3559e-06 pivots<1e-12: 0
  [LU] n=924 kutta=1 min|U_ii|=0.00354299 max|U_ii|=195565 ratio=1.81167e-08 pivots<1e-12: 0
  [LU] n=924 kutta=1 min|U_ii|=0.00354299 max|U_ii|=195565 ratio=1.81167e-08 pivots<1e-12: 0
  [LU] n=924 kutta=1 min|U_ii|=0.0049059 max|U_ii|=111026 ratio=4.41868e-08 pivots<1e-12: 0
  [LU] n=2520 kutta=1 min|U_ii|=0.0445846 max|U_ii|=6061.07 ratio=7.3559e-06 pivots<1e-12: 0
  [LU] n=924 kutta=1 min|U_ii|=0.00354299 max|U_ii|=195565 ratio=1.81167e-08 pivots<1e-12: 0
  [LU] n=924 kutta=1 min|U_ii|=0.00354299 max|U_ii|=195565 ratio=1.81167e-08 pivots<1e-12: 0
  [LU] n=924 kutta=1 min|U_ii|=0.0049059 max|U_ii|=111026 ratio=4.41868e-08 pivots<1e-12: 0
  [LU] n=2520 kutta=1 min|U_ii|=0.0445846 max|U_ii|=6061.07 ratio=7.3559e-06 pivots<1e-12: 0
  [LU] n=924 kutta=1 min|U_ii|=0.00354299 max|U_ii|=195565 ratio=1.81167e-08 pivots<1e-12: 0
  [LU] n=924 kutta=1 min|U_ii|=0.00354299 max|U_ii|=195565 ratio=1.81167e-08 pivots<1e-12: 0
  [LU] n=924 kutta=1 min|U_ii|=0.0049059 max|U_ii|=111026 ratio=4.41868e-08 pivots<1e-12: 0
  [LU] n=2520 kutta=1 min|U_ii|=0.0445846 max|U_ii|=6061.07 ratio=7.3559e-06 pivots<1e-12: 0
  [LU] n=924 kutta=1 min|U_ii|=0.00354299 max|U_ii|=195565 ratio=1.81167e-08 pivots<1e-12: 0
  [LU] n=924 kutta=1 min|U_ii|=0.00354299 max|U_ii|=195565 ratio=1.81167e-08 pivots<1e-12: 0
  [LU] n=924 kutta=1 min|U_ii|=0.0049059 max|U_ii|=111026 ratio=4.41868e-08 pivots<1e-12: 0
  [LU] n=2520 kutta=1 min|U_ii|=0.0445846 max|U_ii|=6061.07 ratio=7.3559e-06 pivots<1e-12: 0
  [LU] n=924 kutta=1 min|U_ii|=0.00354299 max|U_ii|=195565 ratio=1.81167e-08 pivots<1e-12: 0
  [LU] n=924 kutta=1 min|U_ii|=0.00354299 max|U_ii|=195565 ratio=1.81167e-08 pivots<1e-12: 0
  [LU] n=924 kutta=1 min|U_ii|=0.0049059 max|U_ii|=111026 ratio=4.41868e-08 pivots<1e-12: 0
  [LU] n=2520 kutta=1 min|U_ii|=0.0445846 max|U_ii|=6061.07 ratio=7.3559e-06 pivots<1e-12: 0
  [LU] n=924 kutta=1 min|U_ii|=0.00354299 max|U_ii|=195565 ratio=1.81167e-08 pivots<1e-12: 0
  [LU] n=924 kutta=1 min|U_ii|=0.00354299 max|U_ii|=195565 ratio=1.81167e-08 pivots<1e-12: 0
  [LU] n=924 kutta=1 min|U_ii|=0.0049059 max|U_ii|=111026 ratio=4.41868e-08 pivots<1e-12: 0
  [LU] n=2520 kutta=1 min|U_ii|=0.0445846 max|U_ii|=6061.07 ratio=7.3559e-06 pivots<1e-12: 0
  [LU] n=924 kutta=1 min|U_ii|=0.00354299 max|U_ii|=195565 ratio=1.81167e-08 pivots<1e-12: 0
  [LU] n=924 kutta=1 min|U_ii|=0.00354299 max|U_ii|=195565 ratio=1.81167e-08 pivots<1e-12: 0
  [LU] n=924 kutta=1 min|U_ii|=0.0049059 max|U_ii|=111026 ratio=4.41868e-08 pivots<1e-12: 0
  [LU] n=2520 kutta=1 min|U_ii|=0.0445846 max|U_ii|=6061.07 ratio=7.3559e-06 pivots<1e-12: 0
  [LU] n=924 kutta=1 min|U_ii|=0.00354299 max|U_ii|=195565 ratio=1.81167e-08 pivots<1e-12: 0
  [LU] n=924 kutta=1 min|U_ii|=0.00354299 max|U_ii|=195565 ratio=1.81167e-08 pivots<1e-12: 0
  [LU] n=924 kutta=1 min|U_ii|=0.0049059 max|U_ii|=111026 ratio=4.41868e-08 pivots<1e-12: 0
  [LU] n=2520 kutta=1 min|U_ii|=0.0445846 max|U_ii|=6061.07 ratio=7.3559e-06 pivots<1e-12: 0
  [LU] n=924 kutta=1 min|U_ii|=0.00354299 max|U_ii|=195565 ratio=1.81167e-08 pivots<1e-12: 0
  [LU] n=924 kutta=1 min|U_ii|=0.00354299 max|U_ii|=195565 ratio=1.81167e-08 pivots<1e-12: 0
  [LU] n=924 kutta=1 min|U_ii|=0.0049059 max|U_ii|=111026 ratio=4.41868e-08 pivots<1e-12: 0
  [LU] n=2520 kutta=1 min|U_ii|=0.0445846 max|U_ii|=6061.07 ratio=7.3559e-06 pivots<1e-12: 0
  [LU] n=924 kutta=1 min|U_ii|=0.00354299 max|U_ii|=195565 ratio=1.81167e-08 pivots<1e-12: 0
  [LU] n=924 kutta=1 min|U_ii|=0.00354299 max|U_ii|=195565 ratio=1.81167e-08 pivots<1e-12: 0
  [LU] n=924 kutta=1 min|U_ii|=0.0049059 max|U_ii|=111026 ratio=4.41868e-08 pivots<1e-12: 0
  [LU] n=2520 kutta=1 min|U_ii|=0.0445846 max|U_ii|=6061.07 ratio=7.3559e-06 pivots<1e-12: 0
  [LU] n=924 kutta=1 min|U_ii|=0.00354299 max|U_ii|=195565 ratio=1.81167e-08 pivots<1e-12: 0
  [LU] n=924 kutta=1 min|U_ii|=0.00354299 max|U_ii|=195565 ratio=1.81167e-08 pivots<1e-12: 0
  [LU] n=924 kutta=1 min|U_ii|=0.0049059 max|U_ii|=111026 ratio=4.41868e-08 pivots<1e-12: 0
  [LU] n=2520 kutta=1 min|U_ii|=0.0445846 max|U_ii|=6061.07 ratio=7.3559e-06 pivots<1e-12: 0
  [LU] n=924 kutta=1 min|U_ii|=0.00354299 max|U_ii|=195565 ratio=1.81167e-08 pivots<1e-12: 0
  [LU] n=924 kutta=1 min|U_ii|=0.00354299 max|U_ii|=195565 ratio=1.81167e-08 pivots<1e-12: 0
  [LU] n=924 kutta=1 min|U_ii|=0.0049059 max|U_ii|=111026 ratio=4.41868e-08 pivots<1e-12: 0
  [LU] n=2520 kutta=1 min|U_ii|=0.0445846 max|U_ii|=6061.07 ratio=7.3559e-06 pivots<1e-12: 0
  [LU] n=924 kutta=1 min|U_ii|=0.00354299 max|U_ii|=195565 ratio=1.81167e-08 pivots<1e-12: 0
  [LU] n=924 kutta=1 min|U_ii|=0.00354299 max|U_ii|=195565 ratio=1.81167e-08 pivots<1e-12: 0
  [LU] n=924 kutta=1 min|U_ii|=0.0049059 max|U_ii|=111026 ratio=4.41868e-08 pivots<1e-12: 0
  [LU] n=2520 kutta=1 min|U_ii|=0.0445846 max|U_ii|=6061.07 ratio=7.3559e-06 pivots<1e-12: 0
  [LU] n=924 kutta=1 min|U_ii|=0.00354299 max|U_ii|=195565 ratio=1.81167e-08 pivots<1e-12: 0
  [LU] n=924 kutta=1 min|U_ii|=0.00354299 max|U_ii|=195565 ratio=1.81167e-08 pivots<1e-12: 0
  [LU] n=924 kutta=1 min|U_ii|=0.0049059 max|U_ii|=111026 ratio=4.41868e-08 pivots<1e-12: 0
  [LU] n=2520 kutta=1 min|U_ii|=0.0445846 max|U_ii|=6061.07 ratio=7.3559e-06 pivots<1e-12: 0
  [LU] n=924 kutta=1 min|U_ii|=0.00354299 max|U_ii|=195565 ratio=1.81167e-08 pivots<1e-12: 0
  [LU] n=924 kutta=1 min|U_ii|=0.00354299 max|U_ii|=195565 ratio=1.81167e-08 pivots<1e-12: 0
  [LU] n=924 kutta=1 min|U_ii|=0.0049059 max|U_ii|=111026 ratio=4.41868e-08 pivots<1e-12: 0
  [LU] n=2520 kutta=1 min|U_ii|=0.0445846 max|U_ii|=6061.07 ratio=7.3559e-06 pivots<1e-12: 0
  [LU] n=924 kutta=1 min|U_ii|=0.00354299 max|U_ii|=195565 ratio=1.81167e-08 pivots<1e-12: 0
  [LU] n=924 kutta=1 min|U_ii|=0.00354299 max|U_ii|=195565 ratio=1.81167e-08 pivots<1e-12: 0
  [LU] n=924 kutta=1 min|U_ii|=0.0049059 max|U_ii|=111026 ratio=4.41868e-08 pivots<1e-12: 0
  [LU] n=2520 kutta=1 min|U_ii|=0.0445846 max|U_ii|=6061.07 ratio=7.3559e-06 pivots<1e-12: 0
  [LU] n=924 kutta=1 min|U_ii|=0.00354299 max|U_ii|=195565 ratio=1.81167e-08 pivots<1e-12: 0
  [LU] n=924 kutta=1 min|U_ii|=0.00354299 max|U_ii|=195565 ratio=1.81167e-08 pivots<1e-12: 0
  [LU] n=924 kutta=1 min|U_ii|=0.0049059 max|U_ii|=111026 ratio=4.41868e-08 pivots<1e-12: 0
  [LU] n=2520 kutta=1 min|U_ii|=0.0445846 max|U_ii|=6061.07 ratio=7.3559e-06 pivots<1e-12: 0
  [LU] n=924 kutta=1 min|U_ii|=0.00354299 max|U_ii|=195565 ratio=1.81167e-08 pivots<1e-12: 0
  [LU] n=924 kutta=1 min|U_ii|=0.00354299 max|U_ii|=195565 ratio=1.81167e-08 pivots<1e-12: 0
  [LU] n=924 kutta=1 min|U_ii|=0.0049059 max|U_ii|=111026 ratio=4.41868e-08 pivots<1e-12: 0
  [LU] n=2520 kutta=1 min|U_ii|=0.0445846 max|U_ii|=6061.07 ratio=7.3559e-06 pivots<1e-12: 0
  [LU] n=924 kutta=1 min|U_ii|=0.00354299 max|U_ii|=195565 ratio=1.81167e-08 pivots<1e-12: 0
  [LU] n=924 kutta=1 min|U_ii|=0.00354299 max|U_ii|=195565 ratio=1.81167e-08 pivots<1e-12: 0
  [LU] n=924 kutta=1 min|U_ii|=0.0049059 max|U_ii|=111026 ratio=4.41868e-08 pivots<1e-12: 0
  [LU] n=2520 kutta=1 min|U_ii|=0.0445846 max|U_ii|=6061.07 ratio=7.3559e-06 pivots<1e-12: 0
  [LU] n=924 kutta=1 min|U_ii|=0.00354299 max|U_ii|=195565 ratio=1.81167e-08 pivots<1e-12: 0
  [LU] n=924 kutta=1 min|U_ii|=0.00354299 max|U_ii|=195565 ratio=1.81167e-08 pivots<1e-12: 0
  [LU] n=924 kutta=1 min|U_ii|=0.0049059 max|U_ii|=111026 ratio=4.41868e-08 pivots<1e-12: 0
  [LU] n=2520 kutta=1 min|U_ii|=0.0445846 max|U_ii|=6061.07 ratio=7.3559e-06 pivots<1e-12: 0
  [LU] n=924 kutta=1 min|U_ii|=0.00354299 max|U_ii|=195565 ratio=1.81167e-08 pivots<1e-12: 0
  [LU] n=924 kutta=1 min|U_ii|=0.00354299 max|U_ii|=195565 ratio=1.81167e-08 pivots<1e-12: 0
  [LU] n=924 kutta=1 min|U_ii|=0.0049059 max|U_ii|=111026 ratio=4.41868e-08 pivots<1e-12: 0
  [LU] n=2520 kutta=1 min|U_ii|=0.0445846 max|U_ii|=6061.07 ratio=7.3559e-06 pivots<1e-12: 0
  [LU] n=924 kutta=1 min|U_ii|=0.00354299 max|U_ii|=195565 ratio=1.81167e-08 pivots<1e-12: 0
  [LU] n=924 kutta=1 min|U_ii|=0.00354299 max|U_ii|=195565 ratio=1.81167e-08 pivots<1e-12: 0
  [LU] n=924 kutta=1 min|U_ii|=0.0049059 max|U_ii|=111026 ratio=4.41868e-08 pivots<1e-12: 0
  [LU] n=2520 kutta=1 min|U_ii|=0.0445846 max|U_ii|=6061.07 ratio=7.3559e-06 pivots<1e-12: 0
  [LU] n=924 kutta=1 min|U_ii|=0.00354299 max|U_ii|=195565 ratio=1.81167e-08 pivots<1e-12: 0
  [LU] n=924 kutta=1 min|U_ii|=0.00354299 max|U_ii|=195565 ratio=1.81167e-08 pivots<1e-12: 0
  [LU] n=924 kutta=1 min|U_ii|=0.0049059 max|U_ii|=111026 ratio=4.41868e-08 pivots<1e-12: 0
  [LU] n=2520 kutta=1 min|U_ii|=0.0445846 max|U_ii|=6061.07 ratio=7.3559e-06 pivots<1e-12: 0
  [LU] n=924 kutta=1 min|U_ii|=0.00354299 max|U_ii|=195565 ratio=1.81167e-08 pivots<1e-12: 0
  [LU] n=924 kutta=1 min|U_ii|=0.00354299 max|U_ii|=195565 ratio=1.81167e-08 pivots<1e-12: 0
  [LU] n=924 kutta=1 min|U_ii|=0.0049059 max|U_ii|=111026 ratio=4.41868e-08 pivots<1e-12: 0
  [LU] n=2520 kutta=1 min|U_ii|=0.0445846 max|U_ii|=6061.07 ratio=7.3559e-06 pivots<1e-12: 0
  [LU] n=924 kutta=1 min|U_ii|=0.00354299 max|U_ii|=195565 ratio=1.81167e-08 pivots<1e-12: 0
  [LU] n=924 kutta=1 min|U_ii|=0.00354299 max|U_ii|=195565 ratio=1.81167e-08 pivots<1e-12: 0
  [LU] n=924 kutta=1 min|U_ii|=0.0049059 max|U_ii|=111026 ratio=4.41868e-08 pivots<1e-12: 0
  [LU] n=2520 kutta=1 min|U_ii|=0.0445846 max|U_ii|=6061.07 ratio=7.3559e-06 pivots<1e-12: 0
  [LU] n=924 kutta=1 min|U_ii|=0.00354299 max|U_ii|=195565 ratio=1.81167e-08 pivots<1e-12: 0
  [LU] n=924 kutta=1 min|U_ii|=0.00354299 max|U_ii|=195565 ratio=1.81167e-08 pivots<1e-12: 0
  [LU] n=924 kutta=1 min|U_ii|=0.0049059 max|U_ii|=111026 ratio=4.41868e-08 pivots<1e-12: 0
  [LU] n=2520 kutta=1 min|U_ii|=0.0445846 max|U_ii|=6061.07 ratio=7.3559e-06 pivots<1e-12: 0
  [LU] n=924 kutta=1 min|U_ii|=0.00354299 max|U_ii|=195565 ratio=1.81167e-08 pivots<1e-12: 0
  [LU] n=924 kutta=1 min|U_ii|=0.00354299 max|U_ii|=195565 ratio=1.81167e-08 pivots<1e-12: 0
  [LU] n=924 kutta=1 min|U_ii|=0.0049059 max|U_ii|=111026 ratio=4.41868e-08 pivots<1e-12: 0
  [LU] n=2520 kutta=1 min|U_ii|=0.0445846 max|U_ii|=6061.07 ratio=7.3559e-06 pivots<1e-12: 0
  [LU] n=924 kutta=1 min|U_ii|=0.00354299 max|U_ii|=195565 ratio=1.81167e-08 pivots<1e-12: 0
  [LU] n=924 kutta=1 min|U_ii|=0.00354299 max|U_ii|=195565 ratio=1.81167e-08 pivots<1e-12: 0
  [LU] n=924 kutta=1 min|U_ii|=0.0049059 max|U_ii|=111026 ratio=4.41868e-08 pivots<1e-12: 0
  [LU] n=2520 kutta=1 min|U_ii|=0.0445846 max|U_ii|=6061.07 ratio=7.3559e-06 pivots<1e-12: 0
  [LU] n=924 kutta=1 min|U_ii|=0.00354299 max|U_ii|=195565 ratio=1.81167e-08 pivots<1e-12: 0
  [LU] n=924 kutta=1 min|U_ii|=0.00354299 max|U_ii|=195565 ratio=1.81167e-08 pivots<1e-12: 0
  [LU] n=924 kutta=1 min|U_ii|=0.0049059 max|U_ii|=111026 ratio=4.41868e-08 pivots<1e-12: 0
  [LU] n=2520 kutta=1 min|U_ii|=0.0445846 max|U_ii|=6061.07 ratio=7.3559e-06 pivots<1e-12: 0
  [LU] n=924 kutta=1 min|U_ii|=0.00354299 max|U_ii|=195565 ratio=1.81167e-08 pivots<1e-12: 0
  [LU] n=924 kutta=1 min|U_ii|=0.00354299 max|U_ii|=195565 ratio=1.81167e-08 pivots<1e-12: 0
  [LU] n=924 kutta=1 min|U_ii|=0.0049059 max|U_ii|=111026 ratio=4.41868e-08 pivots<1e-12: 0
  [LU] n=2520 kutta=1 min|U_ii|=0.0445846 max|U_ii|=6061.07 ratio=7.3559e-06 pivots<1e-12: 0
  [LU] n=924 kutta=1 min|U_ii|=0.00354299 max|U_ii|=195565 ratio=1.81167e-08 pivots<1e-12: 0
  [LU] n=924 kutta=1 min|U_ii|=0.00354299 max|U_ii|=195565 ratio=1.81167e-08 pivots<1e-12: 0
  [LU] n=924 kutta=1 min|U_ii|=0.0049059 max|U_ii|=111026 ratio=4.41868e-08 pivots<1e-12: 0
  [LU] n=2520 kutta=1 min|U_ii|=0.0445846 max|U_ii|=6061.07 ratio=7.3559e-06 pivots<1e-12: 0
  [LU] n=924 kutta=1 min|U_ii|=0.00354299 max|U_ii|=195565 ratio=1.81167e-08 pivots<1e-12: 0
  [LU] n=924 kutta=1 min|U_ii|=0.00354299 max|U_ii|=195565 ratio=1.81167e-08 pivots<1e-12: 0
  [LU] n=924 kutta=1 min|U_ii|=0.0049059 max|U_ii|=111026 ratio=4.41868e-08 pivots<1e-12: 0
  [LU] n=2520 kutta=1 min|U_ii|=0.0445846 max|U_ii|=6061.07 ratio=7.3559e-06 pivots<1e-12: 0
  [LU] n=924 kutta=1 min|U_ii|=0.00354299 max|U_ii|=195565 ratio=1.81167e-08 pivots<1e-12: 0
  [LU] n=924 kutta=1 min|U_ii|=0.00354299 max|U_ii|=195565 ratio=1.81167e-08 pivots<1e-12: 0
  [LU] n=924 kutta=1 min|U_ii|=0.0049059 max|U_ii|=111026 ratio=4.41868e-08 pivots<1e-12: 0
  [LU] n=2520 kutta=1 min|U_ii|=0.0445846 max|U_ii|=6061.07 ratio=7.3559e-06 pivots<1e-12: 0
  [LU] n=924 kutta=1 min|U_ii|=0.00354299 max|U_ii|=195565 ratio=1.81167e-08 pivots<1e-12: 0
  [LU] n=924 kutta=1 min|U_ii|=0.00354299 max|U_ii|=195565 ratio=1.81167e-08 pivots<1e-12: 0
  [LU] n=924 kutta=1 min|U_ii|=0.0049059 max|U_ii|=111026 ratio=4.41868e-08 pivots<1e-12: 0
  [LU] n=2520 kutta=1 min|U_ii|=0.0445846 max|U_ii|=6061.07 ratio=7.3559e-06 pivots<1e-12: 0
  [LU] n=924 kutta=1 min|U_ii|=0.00354299 max|U_ii|=195565 ratio=1.81167e-08 pivots<1e-12: 0
  [LU] n=924 kutta=1 min|U_ii|=0.00354299 max|U_ii|=195565 ratio=1.81167e-08 pivots<1e-12: 0
  [LU] n=924 kutta=1 min|U_ii|=0.0049059 max|U_ii|=111026 ratio=4.41868e-08 pivots<1e-12: 0
  [LU] n=2520 kutta=1 min|U_ii|=0.0445846 max|U_ii|=6061.07 ratio=7.3559e-06 pivots<1e-12: 0
  [LU] n=924 kutta=1 min|U_ii|=0.00354299 max|U_ii|=195565 ratio=1.81167e-08 pivots<1e-12: 0
  [LU] n=924 kutta=1 min|U_ii|=0.00354299 max|U_ii|=195565 ratio=1.81167e-08 pivots<1e-12: 0
  [LU] n=924 kutta=1 min|U_ii|=0.0049059 max|U_ii|=111026 ratio=4.41868e-08 pivots<1e-12: 0
  [LU] n=2520 kutta=1 min|U_ii|=0.0445846 max|U_ii|=6061.07 ratio=7.3559e-06 pivots<1e-12: 0
  [LU] n=924 kutta=1 min|U_ii|=0.00354299 max|U_ii|=195565 ratio=1.81167e-08 pivots<1e-12: 0
  [LU] n=924 kutta=1 min|U_ii|=0.00354299 max|U_ii|=195565 ratio=1.81167e-08 pivots<1e-12: 0
  [LU] n=924 kutta=1 min|U_ii|=0.0049059 max|U_ii|=111026 ratio=4.41868e-08 pivots<1e-12: 0
  [LU] n=2520 kutta=1 min|U_ii|=0.0445846 max|U_ii|=6061.07 ratio=7.3559e-06 pivots<1e-12: 0
  [LU] n=924 kutta=1 min|U_ii|=0.00354299 max|U_ii|=195565 ratio=1.81167e-08 pivots<1e-12: 0
  [LU] n=924 kutta=1 min|U_ii|=0.00354299 max|U_ii|=195565 ratio=1.81167e-08 pivots<1e-12: 0
  [LU] n=924 kutta=1 min|U_ii|=0.0049059 max|U_ii|=111026 ratio=4.41868e-08 pivots<1e-12: 0
  [LU] n=2520 kutta=1 min|U_ii|=0.0445846 max|U_ii|=6061.07 ratio=7.3559e-06 pivots<1e-12: 0
  [LU] n=924 kutta=1 min|U_ii|=0.00354299 max|U_ii|=195565 ratio=1.81167e-08 pivots<1e-12: 0
  [LU] n=924 kutta=1 min|U_ii|=0.00354299 max|U_ii|=195565 ratio=1.81167e-08 pivots<1e-12: 0
  [LU] n=924 kutta=1 min|U_ii|=0.0049059 max|U_ii|=111026 ratio=4.41868e-08 pivots<1e-12: 0
  [LU] n=2520 kutta=1 min|U_ii|=0.0445846 max|U_ii|=6061.07 ratio=7.3559e-06 pivots<1e-12: 0
  [LU] n=924 kutta=1 min|U_ii|=0.00354299 max|U_ii|=195565 ratio=1.81167e-08 pivots<1e-12: 0
  [LU] n=924 kutta=1 min|U_ii|=0.00354299 max|U_ii|=195565 ratio=1.81167e-08 pivots<1e-12: 0
  [LU] n=924 kutta=1 min|U_ii|=0.0049059 max|U_ii|=111026 ratio=4.41868e-08 pivots<1e-12: 0
  [LU] n=2520 kutta=1 min|U_ii|=0.0445846 max|U_ii|=6061.07 ratio=7.3559e-06 pivots<1e-12: 0
  [LU] n=924 kutta=1 min|U_ii|=0.00354299 max|U_ii|=195565 ratio=1.81167e-08 pivots<1e-12: 0
  [LU] n=924 kutta=1 min|U_ii|=0.00354299 max|U_ii|=195565 ratio=1.81167e-08 pivots<1e-12: 0
  [LU] n=924 kutta=1 min|U_ii|=0.0049059 max|U_ii|=111026 ratio=4.41868e-08 pivots<1e-12: 0
  [LU] n=2520 kutta=1 min|U_ii|=0.0445846 max|U_ii|=6061.07 ratio=7.3559e-06 pivots<1e-12: 0
  [LU] n=924 kutta=1 min|U_ii|=0.00354299 max|U_ii|=195565 ratio=1.81167e-08 pivots<1e-12: 0
  [LU] n=924 kutta=1 min|U_ii|=0.00354299 max|U_ii|=195565 ratio=1.81167e-08 pivots<1e-12: 0
  [LU] n=924 kutta=1 min|U_ii|=0.0049059 max|U_ii|=111026 ratio=4.41868e-08 pivots<1e-12: 0
  [LU] n=2520 kutta=1 min|U_ii|=0.0445846 max|U_ii|=6061.07 ratio=7.3559e-06 pivots<1e-12: 0
  [LU] n=924 kutta=1 min|U_ii|=0.00354299 max|U_ii|=195565 ratio=1.81167e-08 pivots<1e-12: 0
  [LU] n=924 kutta=1 min|U_ii|=0.00354299 max|U_ii|=195565 ratio=1.81167e-08 pivots<1e-12: 0
  [LU] n=924 kutta=1 min|U_ii|=0.0049059 max|U_ii|=111026 ratio=4.41868e-08 pivots<1e-12: 0
  [LU] n=2520 kutta=1 min|U_ii|=0.0445846 max|U_ii|=6061.07 ratio=7.3559e-06 pivots<1e-12: 0
  [LU] n=924 kutta=1 min|U_ii|=0.00354299 max|U_ii|=195565 ratio=1.81167e-08 pivots<1e-12: 0
  [LU] n=924 kutta=1 min|U_ii|=0.00354299 max|U_ii|=195565 ratio=1.81167e-08 pivots<1e-12: 0
  [LU] n=924 kutta=1 min|U_ii|=0.0049059 max|U_ii|=111026 ratio=4.41868e-08 pivots<1e-12: 0
  [LU] n=2520 kutta=1 min|U_ii|=0.0445846 max|U_ii|=6061.07 ratio=7.3559e-06 pivots<1e-12: 0
  [LU] n=924 kutta=1 min|U_ii|=0.00354299 max|U_ii|=195565 ratio=1.81167e-08 pivots<1e-12: 0
  [LU] n=924 kutta=1 min|U_ii|=0.00354299 max|U_ii|=195565 ratio=1.81167e-08 pivots<1e-12: 0
  [LU] n=924 kutta=1 min|U_ii|=0.0049059 max|U_ii|=111026 ratio=4.41868e-08 pivots<1e-12: 0
  [LU] n=2520 kutta=1 min|U_ii|=0.0445846 max|U_ii|=6061.07 ratio=7.3559e-06 pivots<1e-12: 0
  [LU] n=924 kutta=1 min|U_ii|=0.00354299 max|U_ii|=195565 ratio=1.81167e-08 pivots<1e-12: 0
  [LU] n=924 kutta=1 min|U_ii|=0.00354299 max|U_ii|=195565 ratio=1.81167e-08 pivots<1e-12: 0
  [LU] n=924 kutta=1 min|U_ii|=0.0049059 max|U_ii|=111026 ratio=4.41868e-08 pivots<1e-12: 0
  [LU] n=2520 kutta=1 min|U_ii|=0.0445846 max|U_ii|=6061.07 ratio=7.3559e-06 pivots<1e-12: 0
  [LU] n=924 kutta=1 min|U_ii|=0.00354299 max|U_ii|=195565 ratio=1.81167e-08 pivots<1e-12: 0
  [LU] n=924 kutta=1 min|U_ii|=0.00354299 max|U_ii|=195565 ratio=1.81167e-08 pivots<1e-12: 0
  [LU] n=924 kutta=1 min|U_ii|=0.0049059 max|U_ii|=111026 ratio=4.41868e-08 pivots<1e-12: 0
  [LU] n=2520 kutta=1 min|U_ii|=0.0445846 max|U_ii|=6061.07 ratio=7.3559e-06 pivots<1e-12: 0
  [LU] n=924 kutta=1 min|U_ii|=0.00354299 max|U_ii|=195565 ratio=1.81167e-08 pivots<1e-12: 0
  [LU] n=924 kutta=1 min|U_ii|=0.00354299 max|U_ii|=195565 ratio=1.81167e-08 pivots<1e-12: 0
  [LU] n=924 kutta=1 min|U_ii|=0.0049059 max|U_ii|=111026 ratio=4.41868e-08 pivots<1e-12: 0
  [LU] n=2520 kutta=1 min|U_ii|=0.0445846 max|U_ii|=6061.07 ratio=7.3559e-06 pivots<1e-12: 0
  [LU] n=924 kutta=1 min|U_ii|=0.00354299 max|U_ii|=195565 ratio=1.81167e-08 pivots<1e-12: 0
  [LU] n=924 kutta=1 min|U_ii|=0.00354299 max|U_ii|=195565 ratio=1.81167e-08 pivots<1e-12: 0
  [LU] n=924 kutta=1 min|U_ii|=0.0049059 max|U_ii|=111026 ratio=4.41868e-08 pivots<1e-12: 0
  [LU] n=2520 kutta=1 min|U_ii|=0.0445846 max|U_ii|=6061.07 ratio=7.3559e-06 pivots<1e-12: 0
  [LU] n=924 kutta=1 min|U_ii|=0.00354299 max|U_ii|=195565 ratio=1.81167e-08 pivots<1e-12: 0
  [LU] n=924 kutta=1 min|U_ii|=0.00354299 max|U_ii|=195565 ratio=1.81167e-08 pivots<1e-12: 0
  [LU] n=924 kutta=1 min|U_ii|=0.0049059 max|U_ii|=111026 ratio=4.41868e-08 pivots<1e-12: 0
  [LU] n=2520 kutta=1 min|U_ii|=0.0445846 max|U_ii|=6061.07 ratio=7.3559e-06 pivots<1e-12: 0
  [LU] n=924 kutta=1 min|U_ii|=0.00354299 max|U_ii|=195565 ratio=1.81167e-08 pivots<1e-12: 0
  [LU] n=924 kutta=1 min|U_ii|=0.00354299 max|U_ii|=195565 ratio=1.81167e-08 pivots<1e-12: 0
  [LU] n=924 kutta=1 min|U_ii|=0.0049059 max|U_ii|=111026 ratio=4.41868e-08 pivots<1e-12: 0
  [LU] n=2520 kutta=1 min|U_ii|=0.0445846 max|U_ii|=6061.07 ratio=7.3559e-06 pivots<1e-12: 0
  [LU] n=924 kutta=1 min|U_ii|=0.00354299 max|U_ii|=195565 ratio=1.81167e-08 pivots<1e-12: 0
  [LU] n=924 kutta=1 min|U_ii|=0.00354299 max|U_ii|=195565 ratio=1.81167e-08 pivots<1e-12: 0
  [LU] n=924 kutta=1 min|U_ii|=0.0049059 max|U_ii|=111026 ratio=4.41868e-08 pivots<1e-12: 0
  [LU] n=2520 kutta=1 min|U_ii|=0.0445846 max|U_ii|=6061.07 ratio=7.3559e-06 pivots<1e-12: 0
  [LU] n=924 kutta=1 min|U_ii|=0.00354299 max|U_ii|=195565 ratio=1.81167e-08 pivots<1e-12: 0
  [LU] n=924 kutta=1 min|U_ii|=0.00354299 max|U_ii|=195565 ratio=1.81167e-08 pivots<1e-12: 0
  [LU] n=924 kutta=1 min|U_ii|=0.0049059 max|U_ii|=111026 ratio=4.41868e-08 pivots<1e-12: 0
  [LU] n=2520 kutta=1 min|U_ii|=0.0445846 max|U_ii|=6061.07 ratio=7.3559e-06 pivots<1e-12: 0
  [LU] n=924 kutta=1 min|U_ii|=0.00354299 max|U_ii|=195565 ratio=1.81167e-08 pivots<1e-12: 0
  [LU] n=924 kutta=1 min|U_ii|=0.00354299 max|U_ii|=195565 ratio=1.81167e-08 pivots<1e-12: 0
  [LU] n=924 kutta=1 min|U_ii|=0.0049059 max|U_ii|=111026 ratio=4.41868e-08 pivots<1e-12: 0
  [LU] n=2520 kutta=1 min|U_ii|=0.0445846 max|U_ii|=6061.07 ratio=7.3559e-06 pivots<1e-12: 0
  [LU] n=924 kutta=1 min|U_ii|=0.00354299 max|U_ii|=195565 ratio=1.81167e-08 pivots<1e-12: 0
  [LU] n=924 kutta=1 min|U_ii|=0.00354299 max|U_ii|=195565 ratio=1.81167e-08 pivots<1e-12: 0
  [LU] n=924 kutta=1 min|U_ii|=0.0049059 max|U_ii|=111026 ratio=4.41868e-08 pivots<1e-12: 0
  [LU] n=2520 kutta=1 min|U_ii|=0.0445846 max|U_ii|=6061.07 ratio=7.3559e-06 pivots<1e-12: 0
  [LU] n=924 kutta=1 min|U_ii|=0.00354299 max|U_ii|=195565 ratio=1.81167e-08 pivots<1e-12: 0
  [LU] n=924 kutta=1 min|U_ii|=0.00354299 max|U_ii|=195565 ratio=1.81167e-08 pivots<1e-12: 0
  [LU] n=924 kutta=1 min|U_ii|=0.0049059 max|U_ii|=111026 ratio=4.41868e-08 pivots<1e-12: 0
  [LU] n=2520 kutta=1 min|U_ii|=0.0445846 max|U_ii|=6061.07 ratio=7.3559e-06 pivots<1e-12: 0
  [LU] n=924 kutta=1 min|U_ii|=0.00354299 max|U_ii|=195565 ratio=1.81167e-08 pivots<1e-12: 0
  [LU] n=924 kutta=1 min|U_ii|=0.00354299 max|U_ii|=195565 ratio=1.81167e-08 pivots<1e-12: 0
  [LU] n=924 kutta=1 min|U_ii|=0.0049059 max|U_ii|=111026 ratio=4.41868e-08 pivots<1e-12: 0
  [LU] n=2520 kutta=1 min|U_ii|=0.0445846 max|U_ii|=6061.07 ratio=7.3559e-06 pivots<1e-12: 0
  [LU] n=924 kutta=1 min|U_ii|=0.00354299 max|U_ii|=195565 ratio=1.81167e-08 pivots<1e-12: 0
  [LU] n=924 kutta=1 min|U_ii|=0.00354299 max|U_ii|=195565 ratio=1.81167e-08 pivots<1e-12: 0
  [LU] n=924 kutta=1 min|U_ii|=0.0049059 max|U_ii|=111026 ratio=4.41868e-08 pivots<1e-12: 0
  [LU] n=2520 kutta=1 min|U_ii|=0.0445846 max|U_ii|=6061.07 ratio=7.3559e-06 pivots<1e-12: 0
  [LU] n=924 kutta=1 min|U_ii|=0.00354299 max|U_ii|=195565 ratio=1.81167e-08 pivots<1e-12: 0
  [LU] n=924 kutta=1 min|U_ii|=0.00354299 max|U_ii|=195565 ratio=1.81167e-08 pivots<1e-12: 0
  [LU] n=924 kutta=1 min|U_ii|=0.0049059 max|U_ii|=111026 ratio=4.41868e-08 pivots<1e-12: 0
  [LU] n=2520 kutta=1 min|U_ii|=0.0445846 max|U_ii|=6061.07 ratio=7.3559e-06 pivots<1e-12: 0
  [LU] n=924 kutta=1 min|U_ii|=0.00354299 max|U_ii|=195565 ratio=1.81167e-08 pivots<1e-12: 0
  [LU] n=924 kutta=1 min|U_ii|=0.00354299 max|U_ii|=195565 ratio=1.81167e-08 pivots<1e-12: 0
  [LU] n=924 kutta=1 min|U_ii|=0.0049059 max|U_ii|=111026 ratio=4.41868e-08 pivots<1e-12: 0
  [LU] n=2520 kutta=1 min|U_ii|=0.0445846 max|U_ii|=6061.07 ratio=7.3559e-06 pivots<1e-12: 0
  [LU] n=924 kutta=1 min|U_ii|=0.00354299 max|U_ii|=195565 ratio=1.81167e-08 pivots<1e-12: 0
  [LU] n=924 kutta=1 min|U_ii|=0.00354299 max|U_ii|=195565 ratio=1.81167e-08 pivots<1e-12: 0
  [LU] n=924 kutta=1 min|U_ii|=0.0049059 max|U_ii|=111026 ratio=4.41868e-08 pivots<1e-12: 0
  [LU] n=2520 kutta=1 min|U_ii|=0.0445846 max|U_ii|=6061.07 ratio=7.3559e-06 pivots<1e-12: 0
  [LU] n=924 kutta=1 min|U_ii|=0.00354299 max|U_ii|=195565 ratio=1.81167e-08 pivots<1e-12: 0
  [LU] n=924 kutta=1 min|U_ii|=0.00354299 max|U_ii|=195565 ratio=1.81167e-08 pivots<1e-12: 0
  [LU] n=924 kutta=1 min|U_ii|=0.0049059 max|U_ii|=111026 ratio=4.41868e-08 pivots<1e-12: 0
  [LU] n=2520 kutta=1 min|U_ii|=0.0445846 max|U_ii|=6061.07 ratio=7.3559e-06 pivots<1e-12: 0
  [LU] n=924 kutta=1 min|U_ii|=0.00354299 max|U_ii|=195565 ratio=1.81167e-08 pivots<1e-12: 0
  [LU] n=924 kutta=1 min|U_ii|=0.00354299 max|U_ii|=195565 ratio=1.81167e-08 pivots<1e-12: 0
  [LU] n=924 kutta=1 min|U_ii|=0.0049059 max|U_ii|=111026 ratio=4.41868e-08 pivots<1e-12: 0
  [LU] n=2520 kutta=1 min|U_ii|=0.0445846 max|U_ii|=6061.07 ratio=7.3559e-06 pivots<1e-12: 0
  [LU] n=924 kutta=1 min|U_ii|=0.00354299 max|U_ii|=195565 ratio=1.81167e-08 pivots<1e-12: 0
  [LU] n=924 kutta=1 min|U_ii|=0.00354299 max|U_ii|=195565 ratio=1.81167e-08 pivots<1e-12: 0
  [LU] n=924 kutta=1 min|U_ii|=0.0049059 max|U_ii|=111026 ratio=4.41868e-08 pivots<1e-12: 0
  [LU] n=2520 kutta=1 min|U_ii|=0.0445846 max|U_ii|=6061.07 ratio=7.3559e-06 pivots<1e-12: 0
  [LU] n=924 kutta=1 min|U_ii|=0.00354299 max|U_ii|=195565 ratio=1.81167e-08 pivots<1e-12: 0
  rotor 0 hs3d: jump/seed=1  spans_with_pairs=40  max|mu|=497  kutta_rows=80  max_kutta_residual=3.25e-09  sum|te_jump|=53.5  [kutta on]
  [LU] n=924 kutta=1 min|U_ii|=0.00354299 max|U_ii|=195565 ratio=1.81167e-08 pivots<1e-12: 0
  rotor 1 hs3d: jump/seed=1  spans_with_pairs=40  max|mu|=610  kutta_rows=80  max_kutta_residual=3.56e-09  sum|te_jump|=45.8  [kutta on]
  [LU] n=924 kutta=1 min|U_ii|=0.0049059 max|U_ii|=111026 ratio=4.41868e-08 pivots<1e-12: 0
  rotor 2 hs3d: jump/seed=1  spans_with_pairs=40  max|mu|=392  kutta_rows=80  max_kutta_residual=3.83e-09  sum|te_jump|=37  [kutta on]
  [LU] n=2520 kutta=1 min|U_ii|=0.0445846 max|U_ii|=6061.07 ratio=7.3559e-06 pivots<1e-12: 0
  [LU] n=924 kutta=1 min|U_ii|=0.00354299 max|U_ii|=195565 ratio=1.81167e-08 pivots<1e-12: 0
  [LU] n=924 kutta=1 min|U_ii|=0.00354299 max|U_ii|=195565 ratio=1.81167e-08 pivots<1e-12: 0
  [LU] n=924 kutta=1 min|U_ii|=0.0049059 max|U_ii|=111026 ratio=4.41868e-08 pivots<1e-12: 0
  [LU] n=2520 kutta=1 min|U_ii|=0.0445846 max|U_ii|=6061.07 ratio=7.3559e-06 pivots<1e-12: 0
  fuselage: panels=3280 max_neumann_residual=1.44e-13
  body Fz: inst=-0.731 quasi-steady=-0.731 | 162-step mean=-0.542 (qs -0.542)
  wing: F=(6.08, -0.207, -20) N  Mx=1.83 Nm  max|mu|=355  max_vsurf=0 m/s  strips=19
  fuselage hs3d: F=(-3.72e+03, -1e+03, 5.22e+03) N  Mx=-5.92e+03 Nm  max|mu|=28  max_vsurf=1.69e+04 m/s
step=1000 particles=119168 total_thrust_N=36.4 total_torque_Nm=0.262
  timing after step 1000 (cumulative s, % of loop):
    rotor panels + wake->panel vel         62.14 s     4.8 %
    wake->fuselage vel                     44.33 s     3.4 %
    panel assemble + dense solve          158.25 s    12.3 %
    strip polar loads                       0.44 s     0.0 %
    rotor rings->fuselage vel              13.10 s     1.0 %
    fuselage source self (vel+phi)        126.62 s     9.8 %
    fuselage->rotor vel                     5.20 s     0.4 %
    ring d(phi)/dt                         10.55 s     0.8 %
    TE particle emission                    0.51 s     0.0 %
    wake advect (RK4)                     798.62 s    62.0 %
    fuselage blockage on particles         13.77 s     1.1 %
    wake age trim                           8.84 s     0.7 %
    VTK / Q-criterion output               30.03 s     2.3 %
    unattributed (host bookkeeping)        15.40 s     1.2 %
    TOTAL loop                           1287.80 s  (1.287 s/step avg)
  [LU] n=924 kutta=1 min|U_ii|=0.00354299 max|U_ii|=195565 ratio=1.81167e-08 pivots<1e-12: 0
  [LU] n=924 kutta=1 min|U_ii|=0.00354299 max|U_ii|=195565 ratio=1.81167e-08 pivots<1e-12: 0
  [LU] n=924 kutta=1 min|U_ii|=0.0049059 max|U_ii|=111026 ratio=4.41868e-08 pivots<1e-12: 0
  [LU] n=2520 kutta=1 min|U_ii|=0.0445846 max|U_ii|=6061.07 ratio=7.3559e-06 pivots<1e-12: 0
  [LU] n=924 kutta=1 min|U_ii|=0.00354299 max|U_ii|=195565 ratio=1.81167e-08 pivots<1e-12: 0
  [LU] n=924 kutta=1 min|U_ii|=0.00354299 max|U_ii|=195565 ratio=1.81167e-08 pivots<1e-12: 0
  [LU] n=924 kutta=1 min|U_ii|=0.0049059 max|U_ii|=111026 ratio=4.41868e-08 pivots<1e-12: 0
  [LU] n=2520 kutta=1 min|U_ii|=0.0445846 max|U_ii|=6061.07 ratio=7.3559e-06 pivots<1e-12: 0
  [LU] n=924 kutta=1 min|U_ii|=0.00354299 max|U_ii|=195565 ratio=1.81167e-08 pivots<1e-12: 0
  [LU] n=924 kutta=1 min|U_ii|=0.00354299 max|U_ii|=195565 ratio=1.81167e-08 pivots<1e-12: 0
  [LU] n=924 kutta=1 min|U_ii|=0.0049059 max|U_ii|=111026 ratio=4.41868e-08 pivots<1e-12: 0
  [LU] n=2520 kutta=1 min|U_ii|=0.0445846 max|U_ii|=6061.07 ratio=7.3559e-06 pivots<1e-12: 0
  [LU] n=924 kutta=1 min|U_ii|=0.00354299 max|U_ii|=195565 ratio=1.81167e-08 pivots<1e-12: 0
  [LU] n=924 kutta=1 min|U_ii|=0.00354299 max|U_ii|=195565 ratio=1.81167e-08 pivots<1e-12: 0
  [LU] n=924 kutta=1 min|U_ii|=0.0049059 max|U_ii|=111026 ratio=4.41868e-08 pivots<1e-12: 0
  [LU] n=2520 kutta=1 min|U_ii|=0.0445846 max|U_ii|=6061.07 ratio=7.3559e-06 pivots<1e-12: 0
  [LU] n=924 kutta=1 min|U_ii|=0.00354299 max|U_ii|=195565 ratio=1.81167e-08 pivots<1e-12: 0
  [LU] n=924 kutta=1 min|U_ii|=0.00354299 max|U_ii|=195565 ratio=1.81167e-08 pivots<1e-12: 0
  [LU] n=924 kutta=1 min|U_ii|=0.0049059 max|U_ii|=111026 ratio=4.41868e-08 pivots<1e-12: 0
  [LU] n=2520 kutta=1 min|U_ii|=0.0445846 max|U_ii|=6061.07 ratio=7.3559e-06 pivots<1e-12: 0
  [LU] n=924 kutta=1 min|U_ii|=0.00354299 max|U_ii|=195565 ratio=1.81167e-08 pivots<1e-12: 0
  [LU] n=924 kutta=1 min|U_ii|=0.00354299 max|U_ii|=195565 ratio=1.81167e-08 pivots<1e-12: 0
  [LU] n=924 kutta=1 min|U_ii|=0.0049059 max|U_ii|=111026 ratio=4.41868e-08 pivots<1e-12: 0
  [LU] n=2520 kutta=1 min|U_ii|=0.0445846 max|U_ii|=6061.07 ratio=7.3559e-06 pivots<1e-12: 0
  [LU] n=924 kutta=1 min|U_ii|=0.00354299 max|U_ii|=195565 ratio=1.81167e-08 pivots<1e-12: 0
  [LU] n=924 kutta=1 min|U_ii|=0.00354299 max|U_ii|=195565 ratio=1.81167e-08 pivots<1e-12: 0
  [LU] n=924 kutta=1 min|U_ii|=0.0049059 max|U_ii|=111026 ratio=4.41868e-08 pivots<1e-12: 0
  [LU] n=2520 kutta=1 min|U_ii|=0.0445846 max|U_ii|=6061.07 ratio=7.3559e-06 pivots<1e-12: 0
  [LU] n=924 kutta=1 min|U_ii|=0.00354299 max|U_ii|=195565 ratio=1.81167e-08 pivots<1e-12: 0
  [LU] n=924 kutta=1 min|U_ii|=0.00354299 max|U_ii|=195565 ratio=1.81167e-08 pivots<1e-12: 0
  [LU] n=924 kutta=1 min|U_ii|=0.0049059 max|U_ii|=111026 ratio=4.41868e-08 pivots<1e-12: 0
  [LU] n=2520 kutta=1 min|U_ii|=0.0445846 max|U_ii|=6061.07 ratio=7.3559e-06 pivots<1e-12: 0
  [LU] n=924 kutta=1 min|U_ii|=0.00354299 max|U_ii|=195565 ratio=1.81167e-08 pivots<1e-12: 0
  [LU] n=924 kutta=1 min|U_ii|=0.00354299 max|U_ii|=195565 ratio=1.81167e-08 pivots<1e-12: 0
  [LU] n=924 kutta=1 min|U_ii|=0.0049059 max|U_ii|=111026 ratio=4.41868e-08 pivots<1e-12: 0
  [LU] n=2520 kutta=1 min|U_ii|=0.0445846 max|U_ii|=6061.07 ratio=7.3559e-06 pivots<1e-12: 0
  [LU] n=924 kutta=1 min|U_ii|=0.00354299 max|U_ii|=195565 ratio=1.81167e-08 pivots<1e-12: 0
  [LU] n=924 kutta=1 min|U_ii|=0.00354299 max|U_ii|=195565 ratio=1.81167e-08 pivots<1e-12: 0
  [LU] n=924 kutta=1 min|U_ii|=0.0049059 max|U_ii|=111026 ratio=4.41868e-08 pivots<1e-12: 0
  [LU] n=2520 kutta=1 min|U_ii|=0.0445846 max|U_ii|=6061.07 ratio=7.3559e-06 pivots<1e-12: 0
  [LU] n=924 kutta=1 min|U_ii|=0.00354299 max|U_ii|=195565 ratio=1.81167e-08 pivots<1e-12: 0
  [LU] n=924 kutta=1 min|U_ii|=0.00354299 max|U_ii|=195565 ratio=1.81167e-08 pivots<1e-12: 0
  [LU] n=924 kutta=1 min|U_ii|=0.0049059 max|U_ii|=111026 ratio=4.41868e-08 pivots<1e-12: 0
  [LU] n=2520 kutta=1 min|U_ii|=0.0445846 max|U_ii|=6061.07 ratio=7.3559e-06 pivots<1e-12: 0
  [LU] n=924 kutta=1 min|U_ii|=0.00354299 max|U_ii|=195565 ratio=1.81167e-08 pivots<1e-12: 0
  [LU] n=924 kutta=1 min|U_ii|=0.00354299 max|U_ii|=195565 ratio=1.81167e-08 pivots<1e-12: 0
  [LU] n=924 kutta=1 min|U_ii|=0.0049059 max|U_ii|=111026 ratio=4.41868e-08 pivots<1e-12: 0
  [LU] n=2520 kutta=1 min|U_ii|=0.0445846 max|U_ii|=6061.07 ratio=7.3559e-06 pivots<1e-12: 0
  [LU] n=924 kutta=1 min|U_ii|=0.00354299 max|U_ii|=195565 ratio=1.81167e-08 pivots<1e-12: 0
  [LU] n=924 kutta=1 min|U_ii|=0.00354299 max|U_ii|=195565 ratio=1.81167e-08 pivots<1e-12: 0
  [LU] n=924 kutta=1 min|U_ii|=0.0049059 max|U_ii|=111026 ratio=4.41868e-08 pivots<1e-12: 0
  [LU] n=2520 kutta=1 min|U_ii|=0.0445846 max|U_ii|=6061.07 ratio=7.3559e-06 pivots<1e-12: 0
  [LU] n=924 kutta=1 min|U_ii|=0.00354299 max|U_ii|=195565 ratio=1.81167e-08 pivots<1e-12: 0
  [LU] n=924 kutta=1 min|U_ii|=0.00354299 max|U_ii|=195565 ratio=1.81167e-08 pivots<1e-12: 0
  [LU] n=924 kutta=1 min|U_ii|=0.0049059 max|U_ii|=111026 ratio=4.41868e-08 pivots<1e-12: 0
  [LU] n=2520 kutta=1 min|U_ii|=0.0445846 max|U_ii|=6061.07 ratio=7.3559e-06 pivots<1e-12: 0
  [LU] n=924 kutta=1 min|U_ii|=0.00354299 max|U_ii|=195565 ratio=1.81167e-08 pivots<1e-12: 0
  [LU] n=924 kutta=1 min|U_ii|=0.00354299 max|U_ii|=195565 ratio=1.81167e-08 pivots<1e-12: 0
  [LU] n=924 kutta=1 min|U_ii|=0.0049059 max|U_ii|=111026 ratio=4.41868e-08 pivots<1e-12: 0
  [LU] n=2520 kutta=1 min|U_ii|=0.0445846 max|U_ii|=6061.07 ratio=7.3559e-06 pivots<1e-12: 0
  [LU] n=924 kutta=1 min|U_ii|=0.00354299 max|U_ii|=195565 ratio=1.81167e-08 pivots<1e-12: 0
  [LU] n=924 kutta=1 min|U_ii|=0.00354299 max|U_ii|=195565 ratio=1.81167e-08 pivots<1e-12: 0
  [LU] n=924 kutta=1 min|U_ii|=0.0049059 max|U_ii|=111026 ratio=4.41868e-08 pivots<1e-12: 0
  [LU] n=2520 kutta=1 min|U_ii|=0.0445846 max|U_ii|=6061.07 ratio=7.3559e-06 pivots<1e-12: 0
  [LU] n=924 kutta=1 min|U_ii|=0.00354299 max|U_ii|=195565 ratio=1.81167e-08 pivots<1e-12: 0
  [LU] n=924 kutta=1 min|U_ii|=0.00354299 max|U_ii|=195565 ratio=1.81167e-08 pivots<1e-12: 0
  [LU] n=924 kutta=1 min|U_ii|=0.0049059 max|U_ii|=111026 ratio=4.41868e-08 pivots<1e-12: 0
  [LU] n=2520 kutta=1 min|U_ii|=0.0445846 max|U_ii|=6061.07 ratio=7.3559e-06 pivots<1e-12: 0
  [LU] n=924 kutta=1 min|U_ii|=0.00354299 max|U_ii|=195565 ratio=1.81167e-08 pivots<1e-12: 0
  [LU] n=924 kutta=1 min|U_ii|=0.00354299 max|U_ii|=195565 ratio=1.81167e-08 pivots<1e-12: 0
  [LU] n=924 kutta=1 min|U_ii|=0.0049059 max|U_ii|=111026 ratio=4.41868e-08 pivots<1e-12: 0
  [LU] n=2520 kutta=1 min|U_ii|=0.0445846 max|U_ii|=6061.07 ratio=7.3559e-06 pivots<1e-12: 0
  [LU] n=924 kutta=1 min|U_ii|=0.00354299 max|U_ii|=195565 ratio=1.81167e-08 pivots<1e-12: 0
  [LU] n=924 kutta=1 min|U_ii|=0.00354299 max|U_ii|=195565 ratio=1.81167e-08 pivots<1e-12: 0
  [LU] n=924 kutta=1 min|U_ii|=0.0049059 max|U_ii|=111026 ratio=4.41868e-08 pivots<1e-12: 0
  [LU] n=2520 kutta=1 min|U_ii|=0.0445846 max|U_ii|=6061.07 ratio=7.3559e-06 pivots<1e-12: 0
  [LU] n=924 kutta=1 min|U_ii|=0.00354299 max|U_ii|=195565 ratio=1.81167e-08 pivots<1e-12: 0
  [LU] n=924 kutta=1 min|U_ii|=0.00354299 max|U_ii|=195565 ratio=1.81167e-08 pivots<1e-12: 0
  [LU] n=924 kutta=1 min|U_ii|=0.0049059 max|U_ii|=111026 ratio=4.41868e-08 pivots<1e-12: 0
  [LU] n=2520 kutta=1 min|U_ii|=0.0445846 max|U_ii|=6061.07 ratio=7.3559e-06 pivots<1e-12: 0
  [LU] n=924 kutta=1 min|U_ii|=0.00354299 max|U_ii|=195565 ratio=1.81167e-08 pivots<1e-12: 0
  [LU] n=924 kutta=1 min|U_ii|=0.00354299 max|U_ii|=195565 ratio=1.81167e-08 pivots<1e-12: 0
  [LU] n=924 kutta=1 min|U_ii|=0.0049059 max|U_ii|=111026 ratio=4.41868e-08 pivots<1e-12: 0
  [LU] n=2520 kutta=1 min|U_ii|=0.0445846 max|U_ii|=6061.07 ratio=7.3559e-06 pivots<1e-12: 0
  [LU] n=924 kutta=1 min|U_ii|=0.00354299 max|U_ii|=195565 ratio=1.81167e-08 pivots<1e-12: 0
  [LU] n=924 kutta=1 min|U_ii|=0.00354299 max|U_ii|=195565 ratio=1.81167e-08 pivots<1e-12: 0
  [LU] n=924 kutta=1 min|U_ii|=0.0049059 max|U_ii|=111026 ratio=4.41868e-08 pivots<1e-12: 0
  [LU] n=2520 kutta=1 min|U_ii|=0.0445846 max|U_ii|=6061.07 ratio=7.3559e-06 pivots<1e-12: 0
  [LU] n=924 kutta=1 min|U_ii|=0.00354299 max|U_ii|=195565 ratio=1.81167e-08 pivots<1e-12: 0
  [LU] n=924 kutta=1 min|U_ii|=0.00354299 max|U_ii|=195565 ratio=1.81167e-08 pivots<1e-12: 0
  [LU] n=924 kutta=1 min|U_ii|=0.0049059 max|U_ii|=111026 ratio=4.41868e-08 pivots<1e-12: 0
  [LU] n=2520 kutta=1 min|U_ii|=0.0445846 max|U_ii|=6061.07 ratio=7.3559e-06 pivots<1e-12: 0
  [LU] n=924 kutta=1 min|U_ii|=0.00354299 max|U_ii|=195565 ratio=1.81167e-08 pivots<1e-12: 0
  [LU] n=924 kutta=1 min|U_ii|=0.00354299 max|U_ii|=195565 ratio=1.81167e-08 pivots<1e-12: 0
  [LU] n=924 kutta=1 min|U_ii|=0.0049059 max|U_ii|=111026 ratio=4.41868e-08 pivots<1e-12: 0
  [LU] n=2520 kutta=1 min|U_ii|=0.0445846 max|U_ii|=6061.07 ratio=7.3559e-06 pivots<1e-12: 0
  [LU] n=924 kutta=1 min|U_ii|=0.00354299 max|U_ii|=195565 ratio=1.81167e-08 pivots<1e-12: 0
  [LU] n=924 kutta=1 min|U_ii|=0.00354299 max|U_ii|=195565 ratio=1.81167e-08 pivots<1e-12: 0
  [LU] n=924 kutta=1 min|U_ii|=0.0049059 max|U_ii|=111026 ratio=4.41868e-08 pivots<1e-12: 0
  [LU] n=2520 kutta=1 min|U_ii|=0.0445846 max|U_ii|=6061.07 ratio=7.3559e-06 pivots<1e-12: 0
  [LU] n=924 kutta=1 min|U_ii|=0.00354299 max|U_ii|=195565 ratio=1.81167e-08 pivots<1e-12: 0
  [LU] n=924 kutta=1 min|U_ii|=0.00354299 max|U_ii|=195565 ratio=1.81167e-08 pivots<1e-12: 0
  [LU] n=924 kutta=1 min|U_ii|=0.0049059 max|U_ii|=111026 ratio=4.41868e-08 pivots<1e-12: 0
  [LU] n=2520 kutta=1 min|U_ii|=0.0445846 max|U_ii|=6061.07 ratio=7.3559e-06 pivots<1e-12: 0
  [LU] n=924 kutta=1 min|U_ii|=0.00354299 max|U_ii|=195565 ratio=1.81167e-08 pivots<1e-12: 0
  [LU] n=924 kutta=1 min|U_ii|=0.00354299 max|U_ii|=195565 ratio=1.81167e-08 pivots<1e-12: 0
  [LU] n=924 kutta=1 min|U_ii|=0.0049059 max|U_ii|=111026 ratio=4.41868e-08 pivots<1e-12: 0
  [LU] n=2520 kutta=1 min|U_ii|=0.0445846 max|U_ii|=6061.07 ratio=7.3559e-06 pivots<1e-12: 0
  [LU] n=924 kutta=1 min|U_ii|=0.00354299 max|U_ii|=195565 ratio=1.81167e-08 pivots<1e-12: 0
  [LU] n=924 kutta=1 min|U_ii|=0.00354299 max|U_ii|=195565 ratio=1.81167e-08 pivots<1e-12: 0
  [LU] n=924 kutta=1 min|U_ii|=0.0049059 max|U_ii|=111026 ratio=4.41868e-08 pivots<1e-12: 0
  [LU] n=2520 kutta=1 min|U_ii|=0.0445846 max|U_ii|=6061.07 ratio=7.3559e-06 pivots<1e-12: 0
  [LU] n=924 kutta=1 min|U_ii|=0.00354299 max|U_ii|=195565 ratio=1.81167e-08 pivots<1e-12: 0
  [LU] n=924 kutta=1 min|U_ii|=0.00354299 max|U_ii|=195565 ratio=1.81167e-08 pivots<1e-12: 0
  [LU] n=924 kutta=1 min|U_ii|=0.0049059 max|U_ii|=111026 ratio=4.41868e-08 pivots<1e-12: 0
  [LU] n=2520 kutta=1 min|U_ii|=0.0445846 max|U_ii|=6061.07 ratio=7.3559e-06 pivots<1e-12: 0
  [LU] n=924 kutta=1 min|U_ii|=0.00354299 max|U_ii|=195565 ratio=1.81167e-08 pivots<1e-12: 0
  [LU] n=924 kutta=1 min|U_ii|=0.00354299 max|U_ii|=195565 ratio=1.81167e-08 pivots<1e-12: 0
  [LU] n=924 kutta=1 min|U_ii|=0.0049059 max|U_ii|=111026 ratio=4.41868e-08 pivots<1e-12: 0
  [LU] n=2520 kutta=1 min|U_ii|=0.0445846 max|U_ii|=6061.07 ratio=7.3559e-06 pivots<1e-12: 0
  [LU] n=924 kutta=1 min|U_ii|=0.00354299 max|U_ii|=195565 ratio=1.81167e-08 pivots<1e-12: 0
  [LU] n=924 kutta=1 min|U_ii|=0.00354299 max|U_ii|=195565 ratio=1.81167e-08 pivots<1e-12: 0
  [LU] n=924 kutta=1 min|U_ii|=0.0049059 max|U_ii|=111026 ratio=4.41868e-08 pivots<1e-12: 0
  [LU] n=2520 kutta=1 min|U_ii|=0.0445846 max|U_ii|=6061.07 ratio=7.3559e-06 pivots<1e-12: 0
  [LU] n=924 kutta=1 min|U_ii|=0.00354299 max|U_ii|=195565 ratio=1.81167e-08 pivots<1e-12: 0
  [LU] n=924 kutta=1 min|U_ii|=0.00354299 max|U_ii|=195565 ratio=1.81167e-08 pivots<1e-12: 0
  [LU] n=924 kutta=1 min|U_ii|=0.0049059 max|U_ii|=111026 ratio=4.41868e-08 pivots<1e-12: 0
  [LU] n=2520 kutta=1 min|U_ii|=0.0445846 max|U_ii|=6061.07 ratio=7.3559e-06 pivots<1e-12: 0
  [LU] n=924 kutta=1 min|U_ii|=0.00354299 max|U_ii|=195565 ratio=1.81167e-08 pivots<1e-12: 0
  [LU] n=924 kutta=1 min|U_ii|=0.00354299 max|U_ii|=195565 ratio=1.81167e-08 pivots<1e-12: 0
  [LU] n=924 kutta=1 min|U_ii|=0.0049059 max|U_ii|=111026 ratio=4.41868e-08 pivots<1e-12: 0
  [LU] n=2520 kutta=1 min|U_ii|=0.0445846 max|U_ii|=6061.07 ratio=7.3559e-06 pivots<1e-12: 0
  [LU] n=924 kutta=1 min|U_ii|=0.00354299 max|U_ii|=195565 ratio=1.81167e-08 pivots<1e-12: 0
  [LU] n=924 kutta=1 min|U_ii|=0.00354299 max|U_ii|=195565 ratio=1.81167e-08 pivots<1e-12: 0
  [LU] n=924 kutta=1 min|U_ii|=0.0049059 max|U_ii|=111026 ratio=4.41868e-08 pivots<1e-12: 0
  [LU] n=2520 kutta=1 min|U_ii|=0.0445846 max|U_ii|=6061.07 ratio=7.3559e-06 pivots<1e-12: 0
  [LU] n=924 kutta=1 min|U_ii|=0.00354299 max|U_ii|=195565 ratio=1.81167e-08 pivots<1e-12: 0
  [LU] n=924 kutta=1 min|U_ii|=0.00354299 max|U_ii|=195565 ratio=1.81167e-08 pivots<1e-12: 0
  [LU] n=924 kutta=1 min|U_ii|=0.0049059 max|U_ii|=111026 ratio=4.41868e-08 pivots<1e-12: 0
  [LU] n=2520 kutta=1 min|U_ii|=0.0445846 max|U_ii|=6061.07 ratio=7.3559e-06 pivots<1e-12: 0
  [LU] n=924 kutta=1 min|U_ii|=0.00354299 max|U_ii|=195565 ratio=1.81167e-08 pivots<1e-12: 0
  [LU] n=924 kutta=1 min|U_ii|=0.00354299 max|U_ii|=195565 ratio=1.81167e-08 pivots<1e-12: 0
  [LU] n=924 kutta=1 min|U_ii|=0.0049059 max|U_ii|=111026 ratio=4.41868e-08 pivots<1e-12: 0
  [LU] n=2520 kutta=1 min|U_ii|=0.0445846 max|U_ii|=6061.07 ratio=7.3559e-06 pivots<1e-12: 0
  [LU] n=924 kutta=1 min|U_ii|=0.00354299 max|U_ii|=195565 ratio=1.81167e-08 pivots<1e-12: 0
  [LU] n=924 kutta=1 min|U_ii|=0.00354299 max|U_ii|=195565 ratio=1.81167e-08 pivots<1e-12: 0
  [LU] n=924 kutta=1 min|U_ii|=0.0049059 max|U_ii|=111026 ratio=4.41868e-08 pivots<1e-12: 0
  [LU] n=2520 kutta=1 min|U_ii|=0.0445846 max|U_ii|=6061.07 ratio=7.3559e-06 pivots<1e-12: 0
  [LU] n=924 kutta=1 min|U_ii|=0.00354299 max|U_ii|=195565 ratio=1.81167e-08 pivots<1e-12: 0
  [LU] n=924 kutta=1 min|U_ii|=0.00354299 max|U_ii|=195565 ratio=1.81167e-08 pivots<1e-12: 0
  [LU] n=924 kutta=1 min|U_ii|=0.0049059 max|U_ii|=111026 ratio=4.41868e-08 pivots<1e-12: 0
  [LU] n=2520 kutta=1 min|U_ii|=0.0445846 max|U_ii|=6061.07 ratio=7.3559e-06 pivots<1e-12: 0
  [LU] n=924 kutta=1 min|U_ii|=0.00354299 max|U_ii|=195565 ratio=1.81167e-08 pivots<1e-12: 0
  [LU] n=924 kutta=1 min|U_ii|=0.00354299 max|U_ii|=195565 ratio=1.81167e-08 pivots<1e-12: 0
  [LU] n=924 kutta=1 min|U_ii|=0.0049059 max|U_ii|=111026 ratio=4.41868e-08 pivots<1e-12: 0
  [LU] n=2520 kutta=1 min|U_ii|=0.0445846 max|U_ii|=6061.07 ratio=7.3559e-06 pivots<1e-12: 0
  [LU] n=924 kutta=1 min|U_ii|=0.00354299 max|U_ii|=195565 ratio=1.81167e-08 pivots<1e-12: 0
  [LU] n=924 kutta=1 min|U_ii|=0.00354299 max|U_ii|=195565 ratio=1.81167e-08 pivots<1e-12: 0
  [LU] n=924 kutta=1 min|U_ii|=0.0049059 max|U_ii|=111026 ratio=4.41868e-08 pivots<1e-12: 0
  [LU] n=2520 kutta=1 min|U_ii|=0.0445846 max|U_ii|=6061.07 ratio=7.3559e-06 pivots<1e-12: 0
  [LU] n=924 kutta=1 min|U_ii|=0.00354299 max|U_ii|=195565 ratio=1.81167e-08 pivots<1e-12: 0
  [LU] n=924 kutta=1 min|U_ii|=0.00354299 max|U_ii|=195565 ratio=1.81167e-08 pivots<1e-12: 0
  [LU] n=924 kutta=1 min|U_ii|=0.0049059 max|U_ii|=111026 ratio=4.41868e-08 pivots<1e-12: 0
  [LU] n=2520 kutta=1 min|U_ii|=0.0445846 max|U_ii|=6061.07 ratio=7.3559e-06 pivots<1e-12: 0
  [LU] n=924 kutta=1 min|U_ii|=0.00354299 max|U_ii|=195565 ratio=1.81167e-08 pivots<1e-12: 0
  [LU] n=924 kutta=1 min|U_ii|=0.00354299 max|U_ii|=195565 ratio=1.81167e-08 pivots<1e-12: 0
  [LU] n=924 kutta=1 min|U_ii|=0.0049059 max|U_ii|=111026 ratio=4.41868e-08 pivots<1e-12: 0
  [LU] n=2520 kutta=1 min|U_ii|=0.0445846 max|U_ii|=6061.07 ratio=7.3559e-06 pivots<1e-12: 0
  [LU] n=924 kutta=1 min|U_ii|=0.00354299 max|U_ii|=195565 ratio=1.81167e-08 pivots<1e-12: 0
  [LU] n=924 kutta=1 min|U_ii|=0.00354299 max|U_ii|=195565 ratio=1.81167e-08 pivots<1e-12: 0
  [LU] n=924 kutta=1 min|U_ii|=0.0049059 max|U_ii|=111026 ratio=4.41868e-08 pivots<1e-12: 0
  [LU] n=2520 kutta=1 min|U_ii|=0.0445846 max|U_ii|=6061.07 ratio=7.3559e-06 pivots<1e-12: 0
  [LU] n=924 kutta=1 min|U_ii|=0.00354299 max|U_ii|=195565 ratio=1.81167e-08 pivots<1e-12: 0
  [LU] n=924 kutta=1 min|U_ii|=0.00354299 max|U_ii|=195565 ratio=1.81167e-08 pivots<1e-12: 0
  [LU] n=924 kutta=1 min|U_ii|=0.0049059 max|U_ii|=111026 ratio=4.41868e-08 pivots<1e-12: 0
  [LU] n=2520 kutta=1 min|U_ii|=0.0445846 max|U_ii|=6061.07 ratio=7.3559e-06 pivots<1e-12: 0
  [LU] n=924 kutta=1 min|U_ii|=0.00354299 max|U_ii|=195565 ratio=1.81167e-08 pivots<1e-12: 0
  [LU] n=924 kutta=1 min|U_ii|=0.00354299 max|U_ii|=195565 ratio=1.81167e-08 pivots<1e-12: 0
  [LU] n=924 kutta=1 min|U_ii|=0.0049059 max|U_ii|=111026 ratio=4.41868e-08 pivots<1e-12: 0
  [LU] n=2520 kutta=1 min|U_ii|=0.0445846 max|U_ii|=6061.07 ratio=7.3559e-06 pivots<1e-12: 0
  [LU] n=924 kutta=1 min|U_ii|=0.00354299 max|U_ii|=195565 ratio=1.81167e-08 pivots<1e-12: 0
  [LU] n=924 kutta=1 min|U_ii|=0.00354299 max|U_ii|=195565 ratio=1.81167e-08 pivots<1e-12: 0
  [LU] n=924 kutta=1 min|U_ii|=0.0049059 max|U_ii|=111026 ratio=4.41868e-08 pivots<1e-12: 0
  [LU] n=2520 kutta=1 min|U_ii|=0.0445846 max|U_ii|=6061.07 ratio=7.3559e-06 pivots<1e-12: 0
  [LU] n=924 kutta=1 min|U_ii|=0.00354299 max|U_ii|=195565 ratio=1.81167e-08 pivots<1e-12: 0
  [LU] n=924 kutta=1 min|U_ii|=0.00354299 max|U_ii|=195565 ratio=1.81167e-08 pivots<1e-12: 0
  [LU] n=924 kutta=1 min|U_ii|=0.0049059 max|U_ii|=111026 ratio=4.41868e-08 pivots<1e-12: 0
  [LU] n=2520 kutta=1 min|U_ii|=0.0445846 max|U_ii|=6061.07 ratio=7.3559e-06 pivots<1e-12: 0
  [LU] n=924 kutta=1 min|U_ii|=0.00354299 max|U_ii|=195565 ratio=1.81167e-08 pivots<1e-12: 0
  [LU] n=924 kutta=1 min|U_ii|=0.00354299 max|U_ii|=195565 ratio=1.81167e-08 pivots<1e-12: 0
  [LU] n=924 kutta=1 min|U_ii|=0.0049059 max|U_ii|=111026 ratio=4.41868e-08 pivots<1e-12: 0
  [LU] n=2520 kutta=1 min|U_ii|=0.0445846 max|U_ii|=6061.07 ratio=7.3559e-06 pivots<1e-12: 0
  [LU] n=924 kutta=1 min|U_ii|=0.00354299 max|U_ii|=195565 ratio=1.81167e-08 pivots<1e-12: 0
  [LU] n=924 kutta=1 min|U_ii|=0.00354299 max|U_ii|=195565 ratio=1.81167e-08 pivots<1e-12: 0
  [LU] n=924 kutta=1 min|U_ii|=0.0049059 max|U_ii|=111026 ratio=4.41868e-08 pivots<1e-12: 0
  [LU] n=2520 kutta=1 min|U_ii|=0.0445846 max|U_ii|=6061.07 ratio=7.3559e-06 pivots<1e-12: 0
  [LU] n=924 kutta=1 min|U_ii|=0.00354299 max|U_ii|=195565 ratio=1.81167e-08 pivots<1e-12: 0
  [LU] n=924 kutta=1 min|U_ii|=0.00354299 max|U_ii|=195565 ratio=1.81167e-08 pivots<1e-12: 0
  [LU] n=924 kutta=1 min|U_ii|=0.0049059 max|U_ii|=111026 ratio=4.41868e-08 pivots<1e-12: 0
  [LU] n=2520 kutta=1 min|U_ii|=0.0445846 max|U_ii|=6061.07 ratio=7.3559e-06 pivots<1e-12: 0
  [LU] n=924 kutta=1 min|U_ii|=0.00354299 max|U_ii|=195565 ratio=1.81167e-08 pivots<1e-12: 0
  [LU] n=924 kutta=1 min|U_ii|=0.00354299 max|U_ii|=195565 ratio=1.81167e-08 pivots<1e-12: 0
  [LU] n=924 kutta=1 min|U_ii|=0.0049059 max|U_ii|=111026 ratio=4.41868e-08 pivots<1e-12: 0
  [LU] n=2520 kutta=1 min|U_ii|=0.0445846 max|U_ii|=6061.07 ratio=7.3559e-06 pivots<1e-12: 0
  [LU] n=924 kutta=1 min|U_ii|=0.00354299 max|U_ii|=195565 ratio=1.81167e-08 pivots<1e-12: 0
  [LU] n=924 kutta=1 min|U_ii|=0.00354299 max|U_ii|=195565 ratio=1.81167e-08 pivots<1e-12: 0
  [LU] n=924 kutta=1 min|U_ii|=0.0049059 max|U_ii|=111026 ratio=4.41868e-08 pivots<1e-12: 0
  [LU] n=2520 kutta=1 min|U_ii|=0.0445846 max|U_ii|=6061.07 ratio=7.3559e-06 pivots<1e-12: 0
  [LU] n=924 kutta=1 min|U_ii|=0.00354299 max|U_ii|=195565 ratio=1.81167e-08 pivots<1e-12: 0
  [LU] n=924 kutta=1 min|U_ii|=0.00354299 max|U_ii|=195565 ratio=1.81167e-08 pivots<1e-12: 0
  [LU] n=924 kutta=1 min|U_ii|=0.0049059 max|U_ii|=111026 ratio=4.41868e-08 pivots<1e-12: 0
  [LU] n=2520 kutta=1 min|U_ii|=0.0445846 max|U_ii|=6061.07 ratio=7.3559e-06 pivots<1e-12: 0
  [LU] n=924 kutta=1 min|U_ii|=0.00354299 max|U_ii|=195565 ratio=1.81167e-08 pivots<1e-12: 0
  [LU] n=924 kutta=1 min|U_ii|=0.00354299 max|U_ii|=195565 ratio=1.81167e-08 pivots<1e-12: 0
  [LU] n=924 kutta=1 min|U_ii|=0.0049059 max|U_ii|=111026 ratio=4.41868e-08 pivots<1e-12: 0
  [LU] n=2520 kutta=1 min|U_ii|=0.0445846 max|U_ii|=6061.07 ratio=7.3559e-06 pivots<1e-12: 0
  [LU] n=924 kutta=1 min|U_ii|=0.00354299 max|U_ii|=195565 ratio=1.81167e-08 pivots<1e-12: 0
  [LU] n=924 kutta=1 min|U_ii|=0.00354299 max|U_ii|=195565 ratio=1.81167e-08 pivots<1e-12: 0
  [LU] n=924 kutta=1 min|U_ii|=0.0049059 max|U_ii|=111026 ratio=4.41868e-08 pivots<1e-12: 0
  [LU] n=2520 kutta=1 min|U_ii|=0.0445846 max|U_ii|=6061.07 ratio=7.3559e-06 pivots<1e-12: 0
  [LU] n=924 kutta=1 min|U_ii|=0.00354299 max|U_ii|=195565 ratio=1.81167e-08 pivots<1e-12: 0
  [LU] n=924 kutta=1 min|U_ii|=0.00354299 max|U_ii|=195565 ratio=1.81167e-08 pivots<1e-12: 0
  [LU] n=924 kutta=1 min|U_ii|=0.0049059 max|U_ii|=111026 ratio=4.41868e-08 pivots<1e-12: 0
  [LU] n=2520 kutta=1 min|U_ii|=0.0445846 max|U_ii|=6061.07 ratio=7.3559e-06 pivots<1e-12: 0
  [LU] n=924 kutta=1 min|U_ii|=0.00354299 max|U_ii|=195565 ratio=1.81167e-08 pivots<1e-12: 0
  [LU] n=924 kutta=1 min|U_ii|=0.00354299 max|U_ii|=195565 ratio=1.81167e-08 pivots<1e-12: 0
  [LU] n=924 kutta=1 min|U_ii|=0.0049059 max|U_ii|=111026 ratio=4.41868e-08 pivots<1e-12: 0
  [LU] n=2520 kutta=1 min|U_ii|=0.0445846 max|U_ii|=6061.07 ratio=7.3559e-06 pivots<1e-12: 0
  [LU] n=924 kutta=1 min|U_ii|=0.00354299 max|U_ii|=195565 ratio=1.81167e-08 pivots<1e-12: 0
  [LU] n=924 kutta=1 min|U_ii|=0.00354299 max|U_ii|=195565 ratio=1.81167e-08 pivots<1e-12: 0
  [LU] n=924 kutta=1 min|U_ii|=0.0049059 max|U_ii|=111026 ratio=4.41868e-08 pivots<1e-12: 0
  [LU] n=2520 kutta=1 min|U_ii|=0.0445846 max|U_ii|=6061.07 ratio=7.3559e-06 pivots<1e-12: 0
  [LU] n=924 kutta=1 min|U_ii|=0.00354299 max|U_ii|=195565 ratio=1.81167e-08 pivots<1e-12: 0
  [LU] n=924 kutta=1 min|U_ii|=0.00354299 max|U_ii|=195565 ratio=1.81167e-08 pivots<1e-12: 0
  [LU] n=924 kutta=1 min|U_ii|=0.0049059 max|U_ii|=111026 ratio=4.41868e-08 pivots<1e-12: 0
  [LU] n=2520 kutta=1 min|U_ii|=0.0445846 max|U_ii|=6061.07 ratio=7.3559e-06 pivots<1e-12: 0
  [LU] n=924 kutta=1 min|U_ii|=0.00354299 max|U_ii|=195565 ratio=1.81167e-08 pivots<1e-12: 0
  [LU] n=924 kutta=1 min|U_ii|=0.00354299 max|U_ii|=195565 ratio=1.81167e-08 pivots<1e-12: 0
  [LU] n=924 kutta=1 min|U_ii|=0.0049059 max|U_ii|=111026 ratio=4.41868e-08 pivots<1e-12: 0
  [LU] n=2520 kutta=1 min|U_ii|=0.0445846 max|U_ii|=6061.07 ratio=7.3559e-06 pivots<1e-12: 0
  [LU] n=924 kutta=1 min|U_ii|=0.00354299 max|U_ii|=195565 ratio=1.81167e-08 pivots<1e-12: 0
  [LU] n=924 kutta=1 min|U_ii|=0.00354299 max|U_ii|=195565 ratio=1.81167e-08 pivots<1e-12: 0
  [LU] n=924 kutta=1 min|U_ii|=0.0049059 max|U_ii|=111026 ratio=4.41868e-08 pivots<1e-12: 0
  [LU] n=2520 kutta=1 min|U_ii|=0.0445846 max|U_ii|=6061.07 ratio=7.3559e-06 pivots<1e-12: 0
  [LU] n=924 kutta=1 min|U_ii|=0.00354299 max|U_ii|=195565 ratio=1.81167e-08 pivots<1e-12: 0
  [LU] n=924 kutta=1 min|U_ii|=0.00354299 max|U_ii|=195565 ratio=1.81167e-08 pivots<1e-12: 0
  [LU] n=924 kutta=1 min|U_ii|=0.0049059 max|U_ii|=111026 ratio=4.41868e-08 pivots<1e-12: 0
  [LU] n=2520 kutta=1 min|U_ii|=0.0445846 max|U_ii|=6061.07 ratio=7.3559e-06 pivots<1e-12: 0
  [LU] n=924 kutta=1 min|U_ii|=0.00354299 max|U_ii|=195565 ratio=1.81167e-08 pivots<1e-12: 0
  [LU] n=924 kutta=1 min|U_ii|=0.00354299 max|U_ii|=195565 ratio=1.81167e-08 pivots<1e-12: 0
  [LU] n=924 kutta=1 min|U_ii|=0.0049059 max|U_ii|=111026 ratio=4.41868e-08 pivots<1e-12: 0
  [LU] n=2520 kutta=1 min|U_ii|=0.0445846 max|U_ii|=6061.07 ratio=7.3559e-06 pivots<1e-12: 0
  [LU] n=924 kutta=1 min|U_ii|=0.00354299 max|U_ii|=195565 ratio=1.81167e-08 pivots<1e-12: 0
  [LU] n=924 kutta=1 min|U_ii|=0.00354299 max|U_ii|=195565 ratio=1.81167e-08 pivots<1e-12: 0
  [LU] n=924 kutta=1 min|U_ii|=0.0049059 max|U_ii|=111026 ratio=4.41868e-08 pivots<1e-12: 0
  [LU] n=2520 kutta=1 min|U_ii|=0.0445846 max|U_ii|=6061.07 ratio=7.3559e-06 pivots<1e-12: 0
  [LU] n=924 kutta=1 min|U_ii|=0.00354299 max|U_ii|=195565 ratio=1.81167e-08 pivots<1e-12: 0
  [LU] n=924 kutta=1 min|U_ii|=0.00354299 max|U_ii|=195565 ratio=1.81167e-08 pivots<1e-12: 0
  [LU] n=924 kutta=1 min|U_ii|=0.0049059 max|U_ii|=111026 ratio=4.41868e-08 pivots<1e-12: 0
  [LU] n=2520 kutta=1 min|U_ii|=0.0445846 max|U_ii|=6061.07 ratio=7.3559e-06 pivots<1e-12: 0
  [LU] n=924 kutta=1 min|U_ii|=0.00354299 max|U_ii|=195565 ratio=1.81167e-08 pivots<1e-12: 0
  [LU] n=924 kutta=1 min|U_ii|=0.00354299 max|U_ii|=195565 ratio=1.81167e-08 pivots<1e-12: 0
  [LU] n=924 kutta=1 min|U_ii|=0.0049059 max|U_ii|=111026 ratio=4.41868e-08 pivots<1e-12: 0
  [LU] n=2520 kutta=1 min|U_ii|=0.0445846 max|U_ii|=6061.07 ratio=7.3559e-06 pivots<1e-12: 0
  [LU] n=924 kutta=1 min|U_ii|=0.00354299 max|U_ii|=195565 ratio=1.81167e-08 pivots<1e-12: 0
  [LU] n=924 kutta=1 min|U_ii|=0.00354299 max|U_ii|=195565 ratio=1.81167e-08 pivots<1e-12: 0
  [LU] n=924 kutta=1 min|U_ii|=0.0049059 max|U_ii|=111026 ratio=4.41868e-08 pivots<1e-12: 0
  [LU] n=2520 kutta=1 min|U_ii|=0.0445846 max|U_ii|=6061.07 ratio=7.3559e-06 pivots<1e-12: 0
  [LU] n=924 kutta=1 min|U_ii|=0.00354299 max|U_ii|=195565 ratio=1.81167e-08 pivots<1e-12: 0
  [LU] n=924 kutta=1 min|U_ii|=0.00354299 max|U_ii|=195565 ratio=1.81167e-08 pivots<1e-12: 0
  [LU] n=924 kutta=1 min|U_ii|=0.0049059 max|U_ii|=111026 ratio=4.41868e-08 pivots<1e-12: 0
  [LU] n=2520 kutta=1 min|U_ii|=0.0445846 max|U_ii|=6061.07 ratio=7.3559e-06 pivots<1e-12: 0
  [LU] n=924 kutta=1 min|U_ii|=0.00354299 max|U_ii|=195565 ratio=1.81167e-08 pivots<1e-12: 0
  [LU] n=924 kutta=1 min|U_ii|=0.00354299 max|U_ii|=195565 ratio=1.81167e-08 pivots<1e-12: 0
  [LU] n=924 kutta=1 min|U_ii|=0.0049059 max|U_ii|=111026 ratio=4.41868e-08 pivots<1e-12: 0
  [LU] n=2520 kutta=1 min|U_ii|=0.0445846 max|U_ii|=6061.07 ratio=7.3559e-06 pivots<1e-12: 0
  [LU] n=924 kutta=1 min|U_ii|=0.00354299 max|U_ii|=195565 ratio=1.81167e-08 pivots<1e-12: 0
  [LU] n=924 kutta=1 min|U_ii|=0.00354299 max|U_ii|=195565 ratio=1.81167e-08 pivots<1e-12: 0
  [LU] n=924 kutta=1 min|U_ii|=0.0049059 max|U_ii|=111026 ratio=4.41868e-08 pivots<1e-12: 0
  [LU] n=2520 kutta=1 min|U_ii|=0.0445846 max|U_ii|=6061.07 ratio=7.3559e-06 pivots<1e-12: 0
  [LU] n=924 kutta=1 min|U_ii|=0.00354299 max|U_ii|=195565 ratio=1.81167e-08 pivots<1e-12: 0
  [LU] n=924 kutta=1 min|U_ii|=0.00354299 max|U_ii|=195565 ratio=1.81167e-08 pivots<1e-12: 0
  [LU] n=924 kutta=1 min|U_ii|=0.0049059 max|U_ii|=111026 ratio=4.41868e-08 pivots<1e-12: 0
  [LU] n=2520 kutta=1 min|U_ii|=0.0445846 max|U_ii|=6061.07 ratio=7.3559e-06 pivots<1e-12: 0
  [LU] n=924 kutta=1 min|U_ii|=0.00354299 max|U_ii|=195565 ratio=1.81167e-08 pivots<1e-12: 0
  [LU] n=924 kutta=1 min|U_ii|=0.00354299 max|U_ii|=195565 ratio=1.81167e-08 pivots<1e-12: 0
  [LU] n=924 kutta=1 min|U_ii|=0.0049059 max|U_ii|=111026 ratio=4.41868e-08 pivots<1e-12: 0
  [LU] n=2520 kutta=1 min|U_ii|=0.0445846 max|U_ii|=6061.07 ratio=7.3559e-06 pivots<1e-12: 0
  [LU] n=924 kutta=1 min|U_ii|=0.00354299 max|U_ii|=195565 ratio=1.81167e-08 pivots<1e-12: 0
  [LU] n=924 kutta=1 min|U_ii|=0.00354299 max|U_ii|=195565 ratio=1.81167e-08 pivots<1e-12: 0
  [LU] n=924 kutta=1 min|U_ii|=0.0049059 max|U_ii|=111026 ratio=4.41868e-08 pivots<1e-12: 0
  [LU] n=2520 kutta=1 min|U_ii|=0.0445846 max|U_ii|=6061.07 ratio=7.3559e-06 pivots<1e-12: 0
  [LU] n=924 kutta=1 min|U_ii|=0.00354299 max|U_ii|=195565 ratio=1.81167e-08 pivots<1e-12: 0
  [LU] n=924 kutta=1 min|U_ii|=0.00354299 max|U_ii|=195565 ratio=1.81167e-08 pivots<1e-12: 0
  [LU] n=924 kutta=1 min|U_ii|=0.0049059 max|U_ii|=111026 ratio=4.41868e-08 pivots<1e-12: 0
  [LU] n=2520 kutta=1 min|U_ii|=0.0445846 max|U_ii|=6061.07 ratio=7.3559e-06 pivots<1e-12: 0
  [LU] n=924 kutta=1 min|U_ii|=0.00354299 max|U_ii|=195565 ratio=1.81167e-08 pivots<1e-12: 0
  [LU] n=924 kutta=1 min|U_ii|=0.00354299 max|U_ii|=195565 ratio=1.81167e-08 pivots<1e-12: 0
  [LU] n=924 kutta=1 min|U_ii|=0.0049059 max|U_ii|=111026 ratio=4.41868e-08 pivots<1e-12: 0
  [LU] n=2520 kutta=1 min|U_ii|=0.0445846 max|U_ii|=6061.07 ratio=7.3559e-06 pivots<1e-12: 0
  [LU] n=924 kutta=1 min|U_ii|=0.00354299 max|U_ii|=195565 ratio=1.81167e-08 pivots<1e-12: 0
  [LU] n=924 kutta=1 min|U_ii|=0.00354299 max|U_ii|=195565 ratio=1.81167e-08 pivots<1e-12: 0
  [LU] n=924 kutta=1 min|U_ii|=0.0049059 max|U_ii|=111026 ratio=4.41868e-08 pivots<1e-12: 0
  [LU] n=2520 kutta=1 min|U_ii|=0.0445846 max|U_ii|=6061.07 ratio=7.3559e-06 pivots<1e-12: 0
  [LU] n=924 kutta=1 min|U_ii|=0.00354299 max|U_ii|=195565 ratio=1.81167e-08 pivots<1e-12: 0
  [LU] n=924 kutta=1 min|U_ii|=0.00354299 max|U_ii|=195565 ratio=1.81167e-08 pivots<1e-12: 0
  [LU] n=924 kutta=1 min|U_ii|=0.0049059 max|U_ii|=111026 ratio=4.41868e-08 pivots<1e-12: 0
  [LU] n=2520 kutta=1 min|U_ii|=0.0445846 max|U_ii|=6061.07 ratio=7.3559e-06 pivots<1e-12: 0
  [LU] n=924 kutta=1 min|U_ii|=0.00354299 max|U_ii|=195565 ratio=1.81167e-08 pivots<1e-12: 0
  [LU] n=924 kutta=1 min|U_ii|=0.00354299 max|U_ii|=195565 ratio=1.81167e-08 pivots<1e-12: 0
  [LU] n=924 kutta=1 min|U_ii|=0.0049059 max|U_ii|=111026 ratio=4.41868e-08 pivots<1e-12: 0
  [LU] n=2520 kutta=1 min|U_ii|=0.0445846 max|U_ii|=6061.07 ratio=7.3559e-06 pivots<1e-12: 0
  [LU] n=924 kutta=1 min|U_ii|=0.00354299 max|U_ii|=195565 ratio=1.81167e-08 pivots<1e-12: 0
  [LU] n=924 kutta=1 min|U_ii|=0.00354299 max|U_ii|=195565 ratio=1.81167e-08 pivots<1e-12: 0
  [LU] n=924 kutta=1 min|U_ii|=0.0049059 max|U_ii|=111026 ratio=4.41868e-08 pivots<1e-12: 0
  [LU] n=2520 kutta=1 min|U_ii|=0.0445846 max|U_ii|=6061.07 ratio=7.3559e-06 pivots<1e-12: 0
  [LU] n=924 kutta=1 min|U_ii|=0.00354299 max|U_ii|=195565 ratio=1.81167e-08 pivots<1e-12: 0
  [LU] n=924 kutta=1 min|U_ii|=0.00354299 max|U_ii|=195565 ratio=1.81167e-08 pivots<1e-12: 0
  [LU] n=924 kutta=1 min|U_ii|=0.0049059 max|U_ii|=111026 ratio=4.41868e-08 pivots<1e-12: 0
  [LU] n=2520 kutta=1 min|U_ii|=0.0445846 max|U_ii|=6061.07 ratio=7.3559e-06 pivots<1e-12: 0
  [LU] n=924 kutta=1 min|U_ii|=0.00354299 max|U_ii|=195565 ratio=1.81167e-08 pivots<1e-12: 0
  [LU] n=924 kutta=1 min|U_ii|=0.00354299 max|U_ii|=195565 ratio=1.81167e-08 pivots<1e-12: 0
  [LU] n=924 kutta=1 min|U_ii|=0.0049059 max|U_ii|=111026 ratio=4.41868e-08 pivots<1e-12: 0
  [LU] n=2520 kutta=1 min|U_ii|=0.0445846 max|U_ii|=6061.07 ratio=7.3559e-06 pivots<1e-12: 0
  [LU] n=924 kutta=1 min|U_ii|=0.00354299 max|U_ii|=195565 ratio=1.81167e-08 pivots<1e-12: 0
  [LU] n=924 kutta=1 min|U_ii|=0.00354299 max|U_ii|=195565 ratio=1.81167e-08 pivots<1e-12: 0
  [LU] n=924 kutta=1 min|U_ii|=0.0049059 max|U_ii|=111026 ratio=4.41868e-08 pivots<1e-12: 0
  [LU] n=2520 kutta=1 min|U_ii|=0.0445846 max|U_ii|=6061.07 ratio=7.3559e-06 pivots<1e-12: 0
  [LU] n=924 kutta=1 min|U_ii|=0.00354299 max|U_ii|=195565 ratio=1.81167e-08 pivots<1e-12: 0
  [LU] n=924 kutta=1 min|U_ii|=0.00354299 max|U_ii|=195565 ratio=1.81167e-08 pivots<1e-12: 0
  [LU] n=924 kutta=1 min|U_ii|=0.0049059 max|U_ii|=111026 ratio=4.41868e-08 pivots<1e-12: 0
  [LU] n=2520 kutta=1 min|U_ii|=0.0445846 max|U_ii|=6061.07 ratio=7.3559e-06 pivots<1e-12: 0
  [LU] n=924 kutta=1 min|U_ii|=0.00354299 max|U_ii|=195565 ratio=1.81167e-08 pivots<1e-12: 0
  [LU] n=924 kutta=1 min|U_ii|=0.00354299 max|U_ii|=195565 ratio=1.81167e-08 pivots<1e-12: 0
  [LU] n=924 kutta=1 min|U_ii|=0.0049059 max|U_ii|=111026 ratio=4.41868e-08 pivots<1e-12: 0
  [LU] n=2520 kutta=1 min|U_ii|=0.0445846 max|U_ii|=6061.07 ratio=7.3559e-06 pivots<1e-12: 0
  [LU] n=924 kutta=1 min|U_ii|=0.00354299 max|U_ii|=195565 ratio=1.81167e-08 pivots<1e-12: 0
  [LU] n=924 kutta=1 min|U_ii|=0.00354299 max|U_ii|=195565 ratio=1.81167e-08 pivots<1e-12: 0
  [LU] n=924 kutta=1 min|U_ii|=0.0049059 max|U_ii|=111026 ratio=4.41868e-08 pivots<1e-12: 0
  [LU] n=2520 kutta=1 min|U_ii|=0.0445846 max|U_ii|=6061.07 ratio=7.3559e-06 pivots<1e-12: 0
  [LU] n=924 kutta=1 min|U_ii|=0.00354299 max|U_ii|=195565 ratio=1.81167e-08 pivots<1e-12: 0
  [LU] n=924 kutta=1 min|U_ii|=0.00354299 max|U_ii|=195565 ratio=1.81167e-08 pivots<1e-12: 0
  [LU] n=924 kutta=1 min|U_ii|=0.0049059 max|U_ii|=111026 ratio=4.41868e-08 pivots<1e-12: 0
  [LU] n=2520 kutta=1 min|U_ii|=0.0445846 max|U_ii|=6061.07 ratio=7.3559e-06 pivots<1e-12: 0
  [LU] n=924 kutta=1 min|U_ii|=0.00354299 max|U_ii|=195565 ratio=1.81167e-08 pivots<1e-12: 0
  [LU] n=924 kutta=1 min|U_ii|=0.00354299 max|U_ii|=195565 ratio=1.81167e-08 pivots<1e-12: 0
  [LU] n=924 kutta=1 min|U_ii|=0.0049059 max|U_ii|=111026 ratio=4.41868e-08 pivots<1e-12: 0
  [LU] n=2520 kutta=1 min|U_ii|=0.0445846 max|U_ii|=6061.07 ratio=7.3559e-06 pivots<1e-12: 0
  [LU] n=924 kutta=1 min|U_ii|=0.00354299 max|U_ii|=195565 ratio=1.81167e-08 pivots<1e-12: 0
  [LU] n=924 kutta=1 min|U_ii|=0.00354299 max|U_ii|=195565 ratio=1.81167e-08 pivots<1e-12: 0
  [LU] n=924 kutta=1 min|U_ii|=0.0049059 max|U_ii|=111026 ratio=4.41868e-08 pivots<1e-12: 0
  [LU] n=2520 kutta=1 min|U_ii|=0.0445846 max|U_ii|=6061.07 ratio=7.3559e-06 pivots<1e-12: 0
  [LU] n=924 kutta=1 min|U_ii|=0.00354299 max|U_ii|=195565 ratio=1.81167e-08 pivots<1e-12: 0
  [LU] n=924 kutta=1 min|U_ii|=0.00354299 max|U_ii|=195565 ratio=1.81167e-08 pivots<1e-12: 0
  [LU] n=924 kutta=1 min|U_ii|=0.0049059 max|U_ii|=111026 ratio=4.41868e-08 pivots<1e-12: 0
  [LU] n=2520 kutta=1 min|U_ii|=0.0445846 max|U_ii|=6061.07 ratio=7.3559e-06 pivots<1e-12: 0
  [LU] n=924 kutta=1 min|U_ii|=0.00354299 max|U_ii|=195565 ratio=1.81167e-08 pivots<1e-12: 0
  [LU] n=924 kutta=1 min|U_ii|=0.00354299 max|U_ii|=195565 ratio=1.81167e-08 pivots<1e-12: 0
  [LU] n=924 kutta=1 min|U_ii|=0.0049059 max|U_ii|=111026 ratio=4.41868e-08 pivots<1e-12: 0
  [LU] n=2520 kutta=1 min|U_ii|=0.0445846 max|U_ii|=6061.07 ratio=7.3559e-06 pivots<1e-12: 0
  [LU] n=924 kutta=1 min|U_ii|=0.00354299 max|U_ii|=195565 ratio=1.81167e-08 pivots<1e-12: 0
  [LU] n=924 kutta=1 min|U_ii|=0.00354299 max|U_ii|=195565 ratio=1.81167e-08 pivots<1e-12: 0
  [LU] n=924 kutta=1 min|U_ii|=0.0049059 max|U_ii|=111026 ratio=4.41868e-08 pivots<1e-12: 0
  [LU] n=2520 kutta=1 min|U_ii|=0.0445846 max|U_ii|=6061.07 ratio=7.3559e-06 pivots<1e-12: 0
  [LU] n=924 kutta=1 min|U_ii|=0.00354299 max|U_ii|=195565 ratio=1.81167e-08 pivots<1e-12: 0
  [LU] n=924 kutta=1 min|U_ii|=0.00354299 max|U_ii|=195565 ratio=1.81167e-08 pivots<1e-12: 0
  [LU] n=924 kutta=1 min|U_ii|=0.0049059 max|U_ii|=111026 ratio=4.41868e-08 pivots<1e-12: 0
  [LU] n=2520 kutta=1 min|U_ii|=0.0445846 max|U_ii|=6061.07 ratio=7.3559e-06 pivots<1e-12: 0
  [LU] n=924 kutta=1 min|U_ii|=0.00354299 max|U_ii|=195565 ratio=1.81167e-08 pivots<1e-12: 0
  [LU] n=924 kutta=1 min|U_ii|=0.00354299 max|U_ii|=195565 ratio=1.81167e-08 pivots<1e-12: 0
  [LU] n=924 kutta=1 min|U_ii|=0.0049059 max|U_ii|=111026 ratio=4.41868e-08 pivots<1e-12: 0
  [LU] n=2520 kutta=1 min|U_ii|=0.0445846 max|U_ii|=6061.07 ratio=7.3559e-06 pivots<1e-12: 0
  [LU] n=924 kutta=1 min|U_ii|=0.00354299 max|U_ii|=195565 ratio=1.81167e-08 pivots<1e-12: 0
  [LU] n=924 kutta=1 min|U_ii|=0.00354299 max|U_ii|=195565 ratio=1.81167e-08 pivots<1e-12: 0
  [LU] n=924 kutta=1 min|U_ii|=0.0049059 max|U_ii|=111026 ratio=4.41868e-08 pivots<1e-12: 0
  [LU] n=2520 kutta=1 min|U_ii|=0.0445846 max|U_ii|=6061.07 ratio=7.3559e-06 pivots<1e-12: 0
  [LU] n=924 kutta=1 min|U_ii|=0.00354299 max|U_ii|=195565 ratio=1.81167e-08 pivots<1e-12: 0
  [LU] n=924 kutta=1 min|U_ii|=0.00354299 max|U_ii|=195565 ratio=1.81167e-08 pivots<1e-12: 0
  [LU] n=924 kutta=1 min|U_ii|=0.0049059 max|U_ii|=111026 ratio=4.41868e-08 pivots<1e-12: 0
  [LU] n=2520 kutta=1 min|U_ii|=0.0445846 max|U_ii|=6061.07 ratio=7.3559e-06 pivots<1e-12: 0
  [LU] n=924 kutta=1 min|U_ii|=0.00354299 max|U_ii|=195565 ratio=1.81167e-08 pivots<1e-12: 0
  [LU] n=924 kutta=1 min|U_ii|=0.00354299 max|U_ii|=195565 ratio=1.81167e-08 pivots<1e-12: 0
  [LU] n=924 kutta=1 min|U_ii|=0.0049059 max|U_ii|=111026 ratio=4.41868e-08 pivots<1e-12: 0
  [LU] n=2520 kutta=1 min|U_ii|=0.0445846 max|U_ii|=6061.07 ratio=7.3559e-06 pivots<1e-12: 0
  [LU] n=924 kutta=1 min|U_ii|=0.00354299 max|U_ii|=195565 ratio=1.81167e-08 pivots<1e-12: 0
  [LU] n=924 kutta=1 min|U_ii|=0.00354299 max|U_ii|=195565 ratio=1.81167e-08 pivots<1e-12: 0
  [LU] n=924 kutta=1 min|U_ii|=0.0049059 max|U_ii|=111026 ratio=4.41868e-08 pivots<1e-12: 0
  [LU] n=2520 kutta=1 min|U_ii|=0.0445846 max|U_ii|=6061.07 ratio=7.3559e-06 pivots<1e-12: 0
  [LU] n=924 kutta=1 min|U_ii|=0.00354299 max|U_ii|=195565 ratio=1.81167e-08 pivots<1e-12: 0
  [LU] n=924 kutta=1 min|U_ii|=0.00354299 max|U_ii|=195565 ratio=1.81167e-08 pivots<1e-12: 0
  [LU] n=924 kutta=1 min|U_ii|=0.0049059 max|U_ii|=111026 ratio=4.41868e-08 pivots<1e-12: 0
  [LU] n=2520 kutta=1 min|U_ii|=0.0445846 max|U_ii|=6061.07 ratio=7.3559e-06 pivots<1e-12: 0
  [LU] n=924 kutta=1 min|U_ii|=0.00354299 max|U_ii|=195565 ratio=1.81167e-08 pivots<1e-12: 0
  [LU] n=924 kutta=1 min|U_ii|=0.00354299 max|U_ii|=195565 ratio=1.81167e-08 pivots<1e-12: 0
  [LU] n=924 kutta=1 min|U_ii|=0.0049059 max|U_ii|=111026 ratio=4.41868e-08 pivots<1e-12: 0
  [LU] n=2520 kutta=1 min|U_ii|=0.0445846 max|U_ii|=6061.07 ratio=7.3559e-06 pivots<1e-12: 0
  [LU] n=924 kutta=1 min|U_ii|=0.00354299 max|U_ii|=195565 ratio=1.81167e-08 pivots<1e-12: 0
  [LU] n=924 kutta=1 min|U_ii|=0.00354299 max|U_ii|=195565 ratio=1.81167e-08 pivots<1e-12: 0
  [LU] n=924 kutta=1 min|U_ii|=0.0049059 max|U_ii|=111026 ratio=4.41868e-08 pivots<1e-12: 0
  [LU] n=2520 kutta=1 min|U_ii|=0.0445846 max|U_ii|=6061.07 ratio=7.3559e-06 pivots<1e-12: 0
  [LU] n=924 kutta=1 min|U_ii|=0.00354299 max|U_ii|=195565 ratio=1.81167e-08 pivots<1e-12: 0
  [LU] n=924 kutta=1 min|U_ii|=0.00354299 max|U_ii|=195565 ratio=1.81167e-08 pivots<1e-12: 0
  [LU] n=924 kutta=1 min|U_ii|=0.0049059 max|U_ii|=111026 ratio=4.41868e-08 pivots<1e-12: 0
  [LU] n=2520 kutta=1 min|U_ii|=0.0445846 max|U_ii|=6061.07 ratio=7.3559e-06 pivots<1e-12: 0
  [LU] n=924 kutta=1 min|U_ii|=0.00354299 max|U_ii|=195565 ratio=1.81167e-08 pivots<1e-12: 0
  [LU] n=924 kutta=1 min|U_ii|=0.00354299 max|U_ii|=195565 ratio=1.81167e-08 pivots<1e-12: 0
  [LU] n=924 kutta=1 min|U_ii|=0.0049059 max|U_ii|=111026 ratio=4.41868e-08 pivots<1e-12: 0
  [LU] n=2520 kutta=1 min|U_ii|=0.0445846 max|U_ii|=6061.07 ratio=7.3559e-06 pivots<1e-12: 0
  [LU] n=924 kutta=1 min|U_ii|=0.00354299 max|U_ii|=195565 ratio=1.81167e-08 pivots<1e-12: 0
  [LU] n=924 kutta=1 min|U_ii|=0.00354299 max|U_ii|=195565 ratio=1.81167e-08 pivots<1e-12: 0
  [LU] n=924 kutta=1 min|U_ii|=0.0049059 max|U_ii|=111026 ratio=4.41868e-08 pivots<1e-12: 0
  [LU] n=2520 kutta=1 min|U_ii|=0.0445846 max|U_ii|=6061.07 ratio=7.3559e-06 pivots<1e-12: 0
  [LU] n=924 kutta=1 min|U_ii|=0.00354299 max|U_ii|=195565 ratio=1.81167e-08 pivots<1e-12: 0
  [LU] n=924 kutta=1 min|U_ii|=0.00354299 max|U_ii|=195565 ratio=1.81167e-08 pivots<1e-12: 0
  [LU] n=924 kutta=1 min|U_ii|=0.0049059 max|U_ii|=111026 ratio=4.41868e-08 pivots<1e-12: 0
  [LU] n=2520 kutta=1 min|U_ii|=0.0445846 max|U_ii|=6061.07 ratio=7.3559e-06 pivots<1e-12: 0
  [LU] n=924 kutta=1 min|U_ii|=0.00354299 max|U_ii|=195565 ratio=1.81167e-08 pivots<1e-12: 0
  [LU] n=924 kutta=1 min|U_ii|=0.00354299 max|U_ii|=195565 ratio=1.81167e-08 pivots<1e-12: 0
  [LU] n=924 kutta=1 min|U_ii|=0.0049059 max|U_ii|=111026 ratio=4.41868e-08 pivots<1e-12: 0
  [LU] n=2520 kutta=1 min|U_ii|=0.0445846 max|U_ii|=6061.07 ratio=7.3559e-06 pivots<1e-12: 0
  [LU] n=924 kutta=1 min|U_ii|=0.00354299 max|U_ii|=195565 ratio=1.81167e-08 pivots<1e-12: 0
  [LU] n=924 kutta=1 min|U_ii|=0.00354299 max|U_ii|=195565 ratio=1.81167e-08 pivots<1e-12: 0
  [LU] n=924 kutta=1 min|U_ii|=0.0049059 max|U_ii|=111026 ratio=4.41868e-08 pivots<1e-12: 0
  [LU] n=2520 kutta=1 min|U_ii|=0.0445846 max|U_ii|=6061.07 ratio=7.3559e-06 pivots<1e-12: 0
  [LU] n=924 kutta=1 min|U_ii|=0.00354299 max|U_ii|=195565 ratio=1.81167e-08 pivots<1e-12: 0
  [LU] n=924 kutta=1 min|U_ii|=0.00354299 max|U_ii|=195565 ratio=1.81167e-08 pivots<1e-12: 0
  [LU] n=924 kutta=1 min|U_ii|=0.0049059 max|U_ii|=111026 ratio=4.41868e-08 pivots<1e-12: 0
  [LU] n=2520 kutta=1 min|U_ii|=0.0445846 max|U_ii|=6061.07 ratio=7.3559e-06 pivots<1e-12: 0
  [LU] n=924 kutta=1 min|U_ii|=0.00354299 max|U_ii|=195565 ratio=1.81167e-08 pivots<1e-12: 0
  [LU] n=924 kutta=1 min|U_ii|=0.00354299 max|U_ii|=195565 ratio=1.81167e-08 pivots<1e-12: 0
  [LU] n=924 kutta=1 min|U_ii|=0.0049059 max|U_ii|=111026 ratio=4.41868e-08 pivots<1e-12: 0
  [LU] n=2520 kutta=1 min|U_ii|=0.0445846 max|U_ii|=6061.07 ratio=7.3559e-06 pivots<1e-12: 0
  [LU] n=924 kutta=1 min|U_ii|=0.00354299 max|U_ii|=195565 ratio=1.81167e-08 pivots<1e-12: 0
  [LU] n=924 kutta=1 min|U_ii|=0.00354299 max|U_ii|=195565 ratio=1.81167e-08 pivots<1e-12: 0
  [LU] n=924 kutta=1 min|U_ii|=0.0049059 max|U_ii|=111026 ratio=4.41868e-08 pivots<1e-12: 0
  [LU] n=2520 kutta=1 min|U_ii|=0.0445846 max|U_ii|=6061.07 ratio=7.3559e-06 pivots<1e-12: 0
  [LU] n=924 kutta=1 min|U_ii|=0.00354299 max|U_ii|=195565 ratio=1.81167e-08 pivots<1e-12: 0
  [LU] n=924 kutta=1 min|U_ii|=0.00354299 max|U_ii|=195565 ratio=1.81167e-08 pivots<1e-12: 0
  [LU] n=924 kutta=1 min|U_ii|=0.0049059 max|U_ii|=111026 ratio=4.41868e-08 pivots<1e-12: 0
  [LU] n=2520 kutta=1 min|U_ii|=0.0445846 max|U_ii|=6061.07 ratio=7.3559e-06 pivots<1e-12: 0
  [LU] n=924 kutta=1 min|U_ii|=0.00354299 max|U_ii|=195565 ratio=1.81167e-08 pivots<1e-12: 0
  [LU] n=924 kutta=1 min|U_ii|=0.00354299 max|U_ii|=195565 ratio=1.81167e-08 pivots<1e-12: 0
  [LU] n=924 kutta=1 min|U_ii|=0.0049059 max|U_ii|=111026 ratio=4.41868e-08 pivots<1e-12: 0
  [LU] n=2520 kutta=1 min|U_ii|=0.0445846 max|U_ii|=6061.07 ratio=7.3559e-06 pivots<1e-12: 0
  [LU] n=924 kutta=1 min|U_ii|=0.00354299 max|U_ii|=195565 ratio=1.81167e-08 pivots<1e-12: 0
  [LU] n=924 kutta=1 min|U_ii|=0.00354299 max|U_ii|=195565 ratio=1.81167e-08 pivots<1e-12: 0
  [LU] n=924 kutta=1 min|U_ii|=0.0049059 max|U_ii|=111026 ratio=4.41868e-08 pivots<1e-12: 0
  [LU] n=2520 kutta=1 min|U_ii|=0.0445846 max|U_ii|=6061.07 ratio=7.3559e-06 pivots<1e-12: 0
  [LU] n=924 kutta=1 min|U_ii|=0.00354299 max|U_ii|=195565 ratio=1.81167e-08 pivots<1e-12: 0
  [LU] n=924 kutta=1 min|U_ii|=0.00354299 max|U_ii|=195565 ratio=1.81167e-08 pivots<1e-12: 0
  [LU] n=924 kutta=1 min|U_ii|=0.0049059 max|U_ii|=111026 ratio=4.41868e-08 pivots<1e-12: 0
  [LU] n=2520 kutta=1 min|U_ii|=0.0445846 max|U_ii|=6061.07 ratio=7.3559e-06 pivots<1e-12: 0
  [LU] n=924 kutta=1 min|U_ii|=0.00354299 max|U_ii|=195565 ratio=1.81167e-08 pivots<1e-12: 0
  [LU] n=924 kutta=1 min|U_ii|=0.00354299 max|U_ii|=195565 ratio=1.81167e-08 pivots<1e-12: 0
  [LU] n=924 kutta=1 min|U_ii|=0.0049059 max|U_ii|=111026 ratio=4.41868e-08 pivots<1e-12: 0
  [LU] n=2520 kutta=1 min|U_ii|=0.0445846 max|U_ii|=6061.07 ratio=7.3559e-06 pivots<1e-12: 0
  [LU] n=924 kutta=1 min|U_ii|=0.00354299 max|U_ii|=195565 ratio=1.81167e-08 pivots<1e-12: 0
  [LU] n=924 kutta=1 min|U_ii|=0.00354299 max|U_ii|=195565 ratio=1.81167e-08 pivots<1e-12: 0
  [LU] n=924 kutta=1 min|U_ii|=0.0049059 max|U_ii|=111026 ratio=4.41868e-08 pivots<1e-12: 0
  [LU] n=2520 kutta=1 min|U_ii|=0.0445846 max|U_ii|=6061.07 ratio=7.3559e-06 pivots<1e-12: 0
  [LU] n=924 kutta=1 min|U_ii|=0.00354299 max|U_ii|=195565 ratio=1.81167e-08 pivots<1e-12: 0
  [LU] n=924 kutta=1 min|U_ii|=0.00354299 max|U_ii|=195565 ratio=1.81167e-08 pivots<1e-12: 0
  [LU] n=924 kutta=1 min|U_ii|=0.0049059 max|U_ii|=111026 ratio=4.41868e-08 pivots<1e-12: 0
  [LU] n=2520 kutta=1 min|U_ii|=0.0445846 max|U_ii|=6061.07 ratio=7.3559e-06 pivots<1e-12: 0
  [LU] n=924 kutta=1 min|U_ii|=0.00354299 max|U_ii|=195565 ratio=1.81167e-08 pivots<1e-12: 0
  [LU] n=924 kutta=1 min|U_ii|=0.00354299 max|U_ii|=195565 ratio=1.81167e-08 pivots<1e-12: 0
  [LU] n=924 kutta=1 min|U_ii|=0.0049059 max|U_ii|=111026 ratio=4.41868e-08 pivots<1e-12: 0
  [LU] n=2520 kutta=1 min|U_ii|=0.0445846 max|U_ii|=6061.07 ratio=7.3559e-06 pivots<1e-12: 0
  [LU] n=924 kutta=1 min|U_ii|=0.00354299 max|U_ii|=195565 ratio=1.81167e-08 pivots<1e-12: 0
  [LU] n=924 kutta=1 min|U_ii|=0.00354299 max|U_ii|=195565 ratio=1.81167e-08 pivots<1e-12: 0
  [LU] n=924 kutta=1 min|U_ii|=0.0049059 max|U_ii|=111026 ratio=4.41868e-08 pivots<1e-12: 0
  [LU] n=2520 kutta=1 min|U_ii|=0.0445846 max|U_ii|=6061.07 ratio=7.3559e-06 pivots<1e-12: 0
  [LU] n=924 kutta=1 min|U_ii|=0.00354299 max|U_ii|=195565 ratio=1.81167e-08 pivots<1e-12: 0
  [LU] n=924 kutta=1 min|U_ii|=0.00354299 max|U_ii|=195565 ratio=1.81167e-08 pivots<1e-12: 0
  [LU] n=924 kutta=1 min|U_ii|=0.0049059 max|U_ii|=111026 ratio=4.41868e-08 pivots<1e-12: 0
  [LU] n=2520 kutta=1 min|U_ii|=0.0445846 max|U_ii|=6061.07 ratio=7.3559e-06 pivots<1e-12: 0
  [LU] n=924 kutta=1 min|U_ii|=0.00354299 max|U_ii|=195565 ratio=1.81167e-08 pivots<1e-12: 0
  [LU] n=924 kutta=1 min|U_ii|=0.00354299 max|U_ii|=195565 ratio=1.81167e-08 pivots<1e-12: 0
  [LU] n=924 kutta=1 min|U_ii|=0.0049059 max|U_ii|=111026 ratio=4.41868e-08 pivots<1e-12: 0
  [LU] n=2520 kutta=1 min|U_ii|=0.0445846 max|U_ii|=6061.07 ratio=7.3559e-06 pivots<1e-12: 0
  [LU] n=924 kutta=1 min|U_ii|=0.00354299 max|U_ii|=195565 ratio=1.81167e-08 pivots<1e-12: 0
  [LU] n=924 kutta=1 min|U_ii|=0.00354299 max|U_ii|=195565 ratio=1.81167e-08 pivots<1e-12: 0
  [LU] n=924 kutta=1 min|U_ii|=0.0049059 max|U_ii|=111026 ratio=4.41868e-08 pivots<1e-12: 0
  [LU] n=2520 kutta=1 min|U_ii|=0.0445846 max|U_ii|=6061.07 ratio=7.3559e-06 pivots<1e-12: 0
  [LU] n=924 kutta=1 min|U_ii|=0.00354299 max|U_ii|=195565 ratio=1.81167e-08 pivots<1e-12: 0
  [LU] n=924 kutta=1 min|U_ii|=0.00354299 max|U_ii|=195565 ratio=1.81167e-08 pivots<1e-12: 0
  [LU] n=924 kutta=1 min|U_ii|=0.0049059 max|U_ii|=111026 ratio=4.41868e-08 pivots<1e-12: 0
  [LU] n=2520 kutta=1 min|U_ii|=0.0445846 max|U_ii|=6061.07 ratio=7.3559e-06 pivots<1e-12: 0
  [LU] n=924 kutta=1 min|U_ii|=0.00354299 max|U_ii|=195565 ratio=1.81167e-08 pivots<1e-12: 0
  [LU] n=924 kutta=1 min|U_ii|=0.00354299 max|U_ii|=195565 ratio=1.81167e-08 pivots<1e-12: 0
  [LU] n=924 kutta=1 min|U_ii|=0.0049059 max|U_ii|=111026 ratio=4.41868e-08 pivots<1e-12: 0
  [LU] n=2520 kutta=1 min|U_ii|=0.0445846 max|U_ii|=6061.07 ratio=7.3559e-06 pivots<1e-12: 0
  [LU] n=924 kutta=1 min|U_ii|=0.00354299 max|U_ii|=195565 ratio=1.81167e-08 pivots<1e-12: 0
  [LU] n=924 kutta=1 min|U_ii|=0.00354299 max|U_ii|=195565 ratio=1.81167e-08 pivots<1e-12: 0
  [LU] n=924 kutta=1 min|U_ii|=0.0049059 max|U_ii|=111026 ratio=4.41868e-08 pivots<1e-12: 0
  [LU] n=2520 kutta=1 min|U_ii|=0.0445846 max|U_ii|=6061.07 ratio=7.3559e-06 pivots<1e-12: 0
  [LU] n=924 kutta=1 min|U_ii|=0.00354299 max|U_ii|=195565 ratio=1.81167e-08 pivots<1e-12: 0
  [LU] n=924 kutta=1 min|U_ii|=0.00354299 max|U_ii|=195565 ratio=1.81167e-08 pivots<1e-12: 0
  [LU] n=924 kutta=1 min|U_ii|=0.0049059 max|U_ii|=111026 ratio=4.41868e-08 pivots<1e-12: 0
  [LU] n=2520 kutta=1 min|U_ii|=0.0445846 max|U_ii|=6061.07 ratio=7.3559e-06 pivots<1e-12: 0
  [LU] n=924 kutta=1 min|U_ii|=0.00354299 max|U_ii|=195565 ratio=1.81167e-08 pivots<1e-12: 0
  [LU] n=924 kutta=1 min|U_ii|=0.00354299 max|U_ii|=195565 ratio=1.81167e-08 pivots<1e-12: 0
  [LU] n=924 kutta=1 min|U_ii|=0.0049059 max|U_ii|=111026 ratio=4.41868e-08 pivots<1e-12: 0
  [LU] n=2520 kutta=1 min|U_ii|=0.0445846 max|U_ii|=6061.07 ratio=7.3559e-06 pivots<1e-12: 0
  [LU] n=924 kutta=1 min|U_ii|=0.00354299 max|U_ii|=195565 ratio=1.81167e-08 pivots<1e-12: 0
  [LU] n=924 kutta=1 min|U_ii|=0.00354299 max|U_ii|=195565 ratio=1.81167e-08 pivots<1e-12: 0
  [LU] n=924 kutta=1 min|U_ii|=0.0049059 max|U_ii|=111026 ratio=4.41868e-08 pivots<1e-12: 0
  [LU] n=2520 kutta=1 min|U_ii|=0.0445846 max|U_ii|=6061.07 ratio=7.3559e-06 pivots<1e-12: 0
  [LU] n=924 kutta=1 min|U_ii|=0.00354299 max|U_ii|=195565 ratio=1.81167e-08 pivots<1e-12: 0
  [LU] n=924 kutta=1 min|U_ii|=0.00354299 max|U_ii|=195565 ratio=1.81167e-08 pivots<1e-12: 0
  [LU] n=924 kutta=1 min|U_ii|=0.0049059 max|U_ii|=111026 ratio=4.41868e-08 pivots<1e-12: 0
  [LU] n=2520 kutta=1 min|U_ii|=0.0445846 max|U_ii|=6061.07 ratio=7.3559e-06 pivots<1e-12: 0
  [LU] n=924 kutta=1 min|U_ii|=0.00354299 max|U_ii|=195565 ratio=1.81167e-08 pivots<1e-12: 0
  [LU] n=924 kutta=1 min|U_ii|=0.00354299 max|U_ii|=195565 ratio=1.81167e-08 pivots<1e-12: 0
  [LU] n=924 kutta=1 min|U_ii|=0.0049059 max|U_ii|=111026 ratio=4.41868e-08 pivots<1e-12: 0
  [LU] n=2520 kutta=1 min|U_ii|=0.0445846 max|U_ii|=6061.07 ratio=7.3559e-06 pivots<1e-12: 0
  [LU] n=924 kutta=1 min|U_ii|=0.00354299 max|U_ii|=195565 ratio=1.81167e-08 pivots<1e-12: 0
  [LU] n=924 kutta=1 min|U_ii|=0.00354299 max|U_ii|=195565 ratio=1.81167e-08 pivots<1e-12: 0
  [LU] n=924 kutta=1 min|U_ii|=0.0049059 max|U_ii|=111026 ratio=4.41868e-08 pivots<1e-12: 0
  [LU] n=2520 kutta=1 min|U_ii|=0.0445846 max|U_ii|=6061.07 ratio=7.3559e-06 pivots<1e-12: 0
  [LU] n=924 kutta=1 min|U_ii|=0.00354299 max|U_ii|=195565 ratio=1.81167e-08 pivots<1e-12: 0
  [LU] n=924 kutta=1 min|U_ii|=0.00354299 max|U_ii|=195565 ratio=1.81167e-08 pivots<1e-12: 0
  [LU] n=924 kutta=1 min|U_ii|=0.0049059 max|U_ii|=111026 ratio=4.41868e-08 pivots<1e-12: 0
  [LU] n=2520 kutta=1 min|U_ii|=0.0445846 max|U_ii|=6061.07 ratio=7.3559e-06 pivots<1e-12: 0
  [LU] n=924 kutta=1 min|U_ii|=0.00354299 max|U_ii|=195565 ratio=1.81167e-08 pivots<1e-12: 0
  [LU] n=924 kutta=1 min|U_ii|=0.00354299 max|U_ii|=195565 ratio=1.81167e-08 pivots<1e-12: 0
  [LU] n=924 kutta=1 min|U_ii|=0.0049059 max|U_ii|=111026 ratio=4.41868e-08 pivots<1e-12: 0
  [LU] n=2520 kutta=1 min|U_ii|=0.0445846 max|U_ii|=6061.07 ratio=7.3559e-06 pivots<1e-12: 0
  [LU] n=924 kutta=1 min|U_ii|=0.00354299 max|U_ii|=195565 ratio=1.81167e-08 pivots<1e-12: 0
  [LU] n=924 kutta=1 min|U_ii|=0.00354299 max|U_ii|=195565 ratio=1.81167e-08 pivots<1e-12: 0
  [LU] n=924 kutta=1 min|U_ii|=0.0049059 max|U_ii|=111026 ratio=4.41868e-08 pivots<1e-12: 0
  [LU] n=2520 kutta=1 min|U_ii|=0.0445846 max|U_ii|=6061.07 ratio=7.3559e-06 pivots<1e-12: 0
  [LU] n=924 kutta=1 min|U_ii|=0.00354299 max|U_ii|=195565 ratio=1.81167e-08 pivots<1e-12: 0
  [LU] n=924 kutta=1 min|U_ii|=0.00354299 max|U_ii|=195565 ratio=1.81167e-08 pivots<1e-12: 0
  [LU] n=924 kutta=1 min|U_ii|=0.0049059 max|U_ii|=111026 ratio=4.41868e-08 pivots<1e-12: 0
  [LU] n=2520 kutta=1 min|U_ii|=0.0445846 max|U_ii|=6061.07 ratio=7.3559e-06 pivots<1e-12: 0
  [LU] n=924 kutta=1 min|U_ii|=0.00354299 max|U_ii|=195565 ratio=1.81167e-08 pivots<1e-12: 0
  [LU] n=924 kutta=1 min|U_ii|=0.00354299 max|U_ii|=195565 ratio=1.81167e-08 pivots<1e-12: 0
  [LU] n=924 kutta=1 min|U_ii|=0.0049059 max|U_ii|=111026 ratio=4.41868e-08 pivots<1e-12: 0
  [LU] n=2520 kutta=1 min|U_ii|=0.0445846 max|U_ii|=6061.07 ratio=7.3559e-06 pivots<1e-12: 0
  [LU] n=924 kutta=1 min|U_ii|=0.00354299 max|U_ii|=195565 ratio=1.81167e-08 pivots<1e-12: 0
  [LU] n=924 kutta=1 min|U_ii|=0.00354299 max|U_ii|=195565 ratio=1.81167e-08 pivots<1e-12: 0
  [LU] n=924 kutta=1 min|U_ii|=0.0049059 max|U_ii|=111026 ratio=4.41868e-08 pivots<1e-12: 0
  [LU] n=2520 kutta=1 min|U_ii|=0.0445846 max|U_ii|=6061.07 ratio=7.3559e-06 pivots<1e-12: 0
  [LU] n=924 kutta=1 min|U_ii|=0.00354299 max|U_ii|=195565 ratio=1.81167e-08 pivots<1e-12: 0
  [LU] n=924 kutta=1 min|U_ii|=0.00354299 max|U_ii|=195565 ratio=1.81167e-08 pivots<1e-12: 0
  [LU] n=924 kutta=1 min|U_ii|=0.0049059 max|U_ii|=111026 ratio=4.41868e-08 pivots<1e-12: 0
  [LU] n=2520 kutta=1 min|U_ii|=0.0445846 max|U_ii|=6061.07 ratio=7.3559e-06 pivots<1e-12: 0
  [LU] n=924 kutta=1 min|U_ii|=0.00354299 max|U_ii|=195565 ratio=1.81167e-08 pivots<1e-12: 0
  [LU] n=924 kutta=1 min|U_ii|=0.00354299 max|U_ii|=195565 ratio=1.81167e-08 pivots<1e-12: 0
  [LU] n=924 kutta=1 min|U_ii|=0.0049059 max|U_ii|=111026 ratio=4.41868e-08 pivots<1e-12: 0
  [LU] n=2520 kutta=1 min|U_ii|=0.0445846 max|U_ii|=6061.07 ratio=7.3559e-06 pivots<1e-12: 0
  [LU] n=924 kutta=1 min|U_ii|=0.00354299 max|U_ii|=195565 ratio=1.81167e-08 pivots<1e-12: 0
  [LU] n=924 kutta=1 min|U_ii|=0.00354299 max|U_ii|=195565 ratio=1.81167e-08 pivots<1e-12: 0
  [LU] n=924 kutta=1 min|U_ii|=0.0049059 max|U_ii|=111026 ratio=4.41868e-08 pivots<1e-12: 0
  [LU] n=2520 kutta=1 min|U_ii|=0.0445846 max|U_ii|=6061.07 ratio=7.3559e-06 pivots<1e-12: 0
  [LU] n=924 kutta=1 min|U_ii|=0.00354299 max|U_ii|=195565 ratio=1.81167e-08 pivots<1e-12: 0
  [LU] n=924 kutta=1 min|U_ii|=0.00354299 max|U_ii|=195565 ratio=1.81167e-08 pivots<1e-12: 0
  [LU] n=924 kutta=1 min|U_ii|=0.0049059 max|U_ii|=111026 ratio=4.41868e-08 pivots<1e-12: 0
  [LU] n=2520 kutta=1 min|U_ii|=0.0445846 max|U_ii|=6061.07 ratio=7.3559e-06 pivots<1e-12: 0
  [LU] n=924 kutta=1 min|U_ii|=0.00354299 max|U_ii|=195565 ratio=1.81167e-08 pivots<1e-12: 0
  [LU] n=924 kutta=1 min|U_ii|=0.00354299 max|U_ii|=195565 ratio=1.81167e-08 pivots<1e-12: 0
  [LU] n=924 kutta=1 min|U_ii|=0.0049059 max|U_ii|=111026 ratio=4.41868e-08 pivots<1e-12: 0
  [LU] n=2520 kutta=1 min|U_ii|=0.0445846 max|U_ii|=6061.07 ratio=7.3559e-06 pivots<1e-12: 0
  [LU] n=924 kutta=1 min|U_ii|=0.00354299 max|U_ii|=195565 ratio=1.81167e-08 pivots<1e-12: 0
  [LU] n=924 kutta=1 min|U_ii|=0.00354299 max|U_ii|=195565 ratio=1.81167e-08 pivots<1e-12: 0
  [LU] n=924 kutta=1 min|U_ii|=0.0049059 max|U_ii|=111026 ratio=4.41868e-08 pivots<1e-12: 0
  [LU] n=2520 kutta=1 min|U_ii|=0.0445846 max|U_ii|=6061.07 ratio=7.3559e-06 pivots<1e-12: 0
  [LU] n=924 kutta=1 min|U_ii|=0.00354299 max|U_ii|=195565 ratio=1.81167e-08 pivots<1e-12: 0
  [LU] n=924 kutta=1 min|U_ii|=0.00354299 max|U_ii|=195565 ratio=1.81167e-08 pivots<1e-12: 0
  [LU] n=924 kutta=1 min|U_ii|=0.0049059 max|U_ii|=111026 ratio=4.41868e-08 pivots<1e-12: 0
  [LU] n=2520 kutta=1 min|U_ii|=0.0445846 max|U_ii|=6061.07 ratio=7.3559e-06 pivots<1e-12: 0
  [LU] n=924 kutta=1 min|U_ii|=0.00354299 max|U_ii|=195565 ratio=1.81167e-08 pivots<1e-12: 0
  [LU] n=924 kutta=1 min|U_ii|=0.00354299 max|U_ii|=195565 ratio=1.81167e-08 pivots<1e-12: 0
  [LU] n=924 kutta=1 min|U_ii|=0.0049059 max|U_ii|=111026 ratio=4.41868e-08 pivots<1e-12: 0
  [LU] n=2520 kutta=1 min|U_ii|=0.0445846 max|U_ii|=6061.07 ratio=7.3559e-06 pivots<1e-12: 0
  [LU] n=924 kutta=1 min|U_ii|=0.00354299 max|U_ii|=195565 ratio=1.81167e-08 pivots<1e-12: 0
  [LU] n=924 kutta=1 min|U_ii|=0.00354299 max|U_ii|=195565 ratio=1.81167e-08 pivots<1e-12: 0
  [LU] n=924 kutta=1 min|U_ii|=0.0049059 max|U_ii|=111026 ratio=4.41868e-08 pivots<1e-12: 0
  [LU] n=2520 kutta=1 min|U_ii|=0.0445846 max|U_ii|=6061.07 ratio=7.3559e-06 pivots<1e-12: 0
  [LU] n=924 kutta=1 min|U_ii|=0.00354299 max|U_ii|=195565 ratio=1.81167e-08 pivots<1e-12: 0
  [LU] n=924 kutta=1 min|U_ii|=0.00354299 max|U_ii|=195565 ratio=1.81167e-08 pivots<1e-12: 0
  [LU] n=924 kutta=1 min|U_ii|=0.0049059 max|U_ii|=111026 ratio=4.41868e-08 pivots<1e-12: 0
  [LU] n=2520 kutta=1 min|U_ii|=0.0445846 max|U_ii|=6061.07 ratio=7.3559e-06 pivots<1e-12: 0
  [LU] n=924 kutta=1 min|U_ii|=0.00354299 max|U_ii|=195565 ratio=1.81167e-08 pivots<1e-12: 0
  [LU] n=924 kutta=1 min|U_ii|=0.00354299 max|U_ii|=195565 ratio=1.81167e-08 pivots<1e-12: 0
  [LU] n=924 kutta=1 min|U_ii|=0.0049059 max|U_ii|=111026 ratio=4.41868e-08 pivots<1e-12: 0
  [LU] n=2520 kutta=1 min|U_ii|=0.0445846 max|U_ii|=6061.07 ratio=7.3559e-06 pivots<1e-12: 0
  [LU] n=924 kutta=1 min|U_ii|=0.00354299 max|U_ii|=195565 ratio=1.81167e-08 pivots<1e-12: 0
  [LU] n=924 kutta=1 min|U_ii|=0.00354299 max|U_ii|=195565 ratio=1.81167e-08 pivots<1e-12: 0
  [LU] n=924 kutta=1 min|U_ii|=0.0049059 max|U_ii|=111026 ratio=4.41868e-08 pivots<1e-12: 0
  [LU] n=2520 kutta=1 min|U_ii|=0.0445846 max|U_ii|=6061.07 ratio=7.3559e-06 pivots<1e-12: 0
  [LU] n=924 kutta=1 min|U_ii|=0.00354299 max|U_ii|=195565 ratio=1.81167e-08 pivots<1e-12: 0
  [LU] n=924 kutta=1 min|U_ii|=0.00354299 max|U_ii|=195565 ratio=1.81167e-08 pivots<1e-12: 0
  [LU] n=924 kutta=1 min|U_ii|=0.0049059 max|U_ii|=111026 ratio=4.41868e-08 pivots<1e-12: 0
  [LU] n=2520 kutta=1 min|U_ii|=0.0445846 max|U_ii|=6061.07 ratio=7.3559e-06 pivots<1e-12: 0
  [LU] n=924 kutta=1 min|U_ii|=0.00354299 max|U_ii|=195565 ratio=1.81167e-08 pivots<1e-12: 0
  [LU] n=924 kutta=1 min|U_ii|=0.00354299 max|U_ii|=195565 ratio=1.81167e-08 pivots<1e-12: 0
  [LU] n=924 kutta=1 min|U_ii|=0.0049059 max|U_ii|=111026 ratio=4.41868e-08 pivots<1e-12: 0
  [LU] n=2520 kutta=1 min|U_ii|=0.0445846 max|U_ii|=6061.07 ratio=7.3559e-06 pivots<1e-12: 0
  [LU] n=924 kutta=1 min|U_ii|=0.00354299 max|U_ii|=195565 ratio=1.81167e-08 pivots<1e-12: 0
  [LU] n=924 kutta=1 min|U_ii|=0.00354299 max|U_ii|=195565 ratio=1.81167e-08 pivots<1e-12: 0
  [LU] n=924 kutta=1 min|U_ii|=0.0049059 max|U_ii|=111026 ratio=4.41868e-08 pivots<1e-12: 0
  [LU] n=2520 kutta=1 min|U_ii|=0.0445846 max|U_ii|=6061.07 ratio=7.3559e-06 pivots<1e-12: 0
  [LU] n=924 kutta=1 min|U_ii|=0.00354299 max|U_ii|=195565 ratio=1.81167e-08 pivots<1e-12: 0
  [LU] n=924 kutta=1 min|U_ii|=0.00354299 max|U_ii|=195565 ratio=1.81167e-08 pivots<1e-12: 0
  [LU] n=924 kutta=1 min|U_ii|=0.0049059 max|U_ii|=111026 ratio=4.41868e-08 pivots<1e-12: 0
  [LU] n=2520 kutta=1 min|U_ii|=0.0445846 max|U_ii|=6061.07 ratio=7.3559e-06 pivots<1e-12: 0
  [LU] n=924 kutta=1 min|U_ii|=0.00354299 max|U_ii|=195565 ratio=1.81167e-08 pivots<1e-12: 0
  [LU] n=924 kutta=1 min|U_ii|=0.00354299 max|U_ii|=195565 ratio=1.81167e-08 pivots<1e-12: 0
  [LU] n=924 kutta=1 min|U_ii|=0.0049059 max|U_ii|=111026 ratio=4.41868e-08 pivots<1e-12: 0
  [LU] n=2520 kutta=1 min|U_ii|=0.0445846 max|U_ii|=6061.07 ratio=7.3559e-06 pivots<1e-12: 0
  [LU] n=924 kutta=1 min|U_ii|=0.00354299 max|U_ii|=195565 ratio=1.81167e-08 pivots<1e-12: 0
  [LU] n=924 kutta=1 min|U_ii|=0.00354299 max|U_ii|=195565 ratio=1.81167e-08 pivots<1e-12: 0
  [LU] n=924 kutta=1 min|U_ii|=0.0049059 max|U_ii|=111026 ratio=4.41868e-08 pivots<1e-12: 0
  [LU] n=2520 kutta=1 min|U_ii|=0.0445846 max|U_ii|=6061.07 ratio=7.3559e-06 pivots<1e-12: 0
  [LU] n=924 kutta=1 min|U_ii|=0.00354299 max|U_ii|=195565 ratio=1.81167e-08 pivots<1e-12: 0
  [LU] n=924 kutta=1 min|U_ii|=0.00354299 max|U_ii|=195565 ratio=1.81167e-08 pivots<1e-12: 0
  [LU] n=924 kutta=1 min|U_ii|=0.0049059 max|U_ii|=111026 ratio=4.41868e-08 pivots<1e-12: 0
  [LU] n=2520 kutta=1 min|U_ii|=0.0445846 max|U_ii|=6061.07 ratio=7.3559e-06 pivots<1e-12: 0
  [LU] n=924 kutta=1 min|U_ii|=0.00354299 max|U_ii|=195565 ratio=1.81167e-08 pivots<1e-12: 0
  [LU] n=924 kutta=1 min|U_ii|=0.00354299 max|U_ii|=195565 ratio=1.81167e-08 pivots<1e-12: 0
  [LU] n=924 kutta=1 min|U_ii|=0.0049059 max|U_ii|=111026 ratio=4.41868e-08 pivots<1e-12: 0
  [LU] n=2520 kutta=1 min|U_ii|=0.0445846 max|U_ii|=6061.07 ratio=7.3559e-06 pivots<1e-12: 0
  [LU] n=924 kutta=1 min|U_ii|=0.00354299 max|U_ii|=195565 ratio=1.81167e-08 pivots<1e-12: 0
  [LU] n=924 kutta=1 min|U_ii|=0.00354299 max|U_ii|=195565 ratio=1.81167e-08 pivots<1e-12: 0
  [LU] n=924 kutta=1 min|U_ii|=0.0049059 max|U_ii|=111026 ratio=4.41868e-08 pivots<1e-12: 0
  [LU] n=2520 kutta=1 min|U_ii|=0.0445846 max|U_ii|=6061.07 ratio=7.3559e-06 pivots<1e-12: 0
  [LU] n=924 kutta=1 min|U_ii|=0.00354299 max|U_ii|=195565 ratio=1.81167e-08 pivots<1e-12: 0
  [LU] n=924 kutta=1 min|U_ii|=0.00354299 max|U_ii|=195565 ratio=1.81167e-08 pivots<1e-12: 0
  [LU] n=924 kutta=1 min|U_ii|=0.0049059 max|U_ii|=111026 ratio=4.41868e-08 pivots<1e-12: 0
  [LU] n=2520 kutta=1 min|U_ii|=0.0445846 max|U_ii|=6061.07 ratio=7.3559e-06 pivots<1e-12: 0
  [LU] n=924 kutta=1 min|U_ii|=0.00354299 max|U_ii|=195565 ratio=1.81167e-08 pivots<1e-12: 0
  [LU] n=924 kutta=1 min|U_ii|=0.00354299 max|U_ii|=195565 ratio=1.81167e-08 pivots<1e-12: 0
  [LU] n=924 kutta=1 min|U_ii|=0.0049059 max|U_ii|=111026 ratio=4.41868e-08 pivots<1e-12: 0
  [LU] n=2520 kutta=1 min|U_ii|=0.0445846 max|U_ii|=6061.07 ratio=7.3559e-06 pivots<1e-12: 0
  [LU] n=924 kutta=1 min|U_ii|=0.00354299 max|U_ii|=195565 ratio=1.81167e-08 pivots<1e-12: 0
  [LU] n=924 kutta=1 min|U_ii|=0.00354299 max|U_ii|=195565 ratio=1.81167e-08 pivots<1e-12: 0
  [LU] n=924 kutta=1 min|U_ii|=0.0049059 max|U_ii|=111026 ratio=4.41868e-08 pivots<1e-12: 0
  [LU] n=2520 kutta=1 min|U_ii|=0.0445846 max|U_ii|=6061.07 ratio=7.3559e-06 pivots<1e-12: 0
  [LU] n=924 kutta=1 min|U_ii|=0.00354299 max|U_ii|=195565 ratio=1.81167e-08 pivots<1e-12: 0
  [LU] n=924 kutta=1 min|U_ii|=0.00354299 max|U_ii|=195565 ratio=1.81167e-08 pivots<1e-12: 0
  [LU] n=924 kutta=1 min|U_ii|=0.0049059 max|U_ii|=111026 ratio=4.41868e-08 pivots<1e-12: 0
  [LU] n=2520 kutta=1 min|U_ii|=0.0445846 max|U_ii|=6061.07 ratio=7.3559e-06 pivots<1e-12: 0
  [LU] n=924 kutta=1 min|U_ii|=0.00354299 max|U_ii|=195565 ratio=1.81167e-08 pivots<1e-12: 0
  [LU] n=924 kutta=1 min|U_ii|=0.00354299 max|U_ii|=195565 ratio=1.81167e-08 pivots<1e-12: 0
  [LU] n=924 kutta=1 min|U_ii|=0.0049059 max|U_ii|=111026 ratio=4.41868e-08 pivots<1e-12: 0
  [LU] n=2520 kutta=1 min|U_ii|=0.0445846 max|U_ii|=6061.07 ratio=7.3559e-06 pivots<1e-12: 0
  [LU] n=924 kutta=1 min|U_ii|=0.00354299 max|U_ii|=195565 ratio=1.81167e-08 pivots<1e-12: 0
  [LU] n=924 kutta=1 min|U_ii|=0.00354299 max|U_ii|=195565 ratio=1.81167e-08 pivots<1e-12: 0
  [LU] n=924 kutta=1 min|U_ii|=0.0049059 max|U_ii|=111026 ratio=4.41868e-08 pivots<1e-12: 0
  [LU] n=2520 kutta=1 min|U_ii|=0.0445846 max|U_ii|=6061.07 ratio=7.3559e-06 pivots<1e-12: 0
  [LU] n=924 kutta=1 min|U_ii|=0.00354299 max|U_ii|=195565 ratio=1.81167e-08 pivots<1e-12: 0
  [LU] n=924 kutta=1 min|U_ii|=0.00354299 max|U_ii|=195565 ratio=1.81167e-08 pivots<1e-12: 0
  [LU] n=924 kutta=1 min|U_ii|=0.0049059 max|U_ii|=111026 ratio=4.41868e-08 pivots<1e-12: 0
  [LU] n=2520 kutta=1 min|U_ii|=0.0445846 max|U_ii|=6061.07 ratio=7.3559e-06 pivots<1e-12: 0
  [LU] n=924 kutta=1 min|U_ii|=0.00354299 max|U_ii|=195565 ratio=1.81167e-08 pivots<1e-12: 0
  [LU] n=924 kutta=1 min|U_ii|=0.00354299 max|U_ii|=195565 ratio=1.81167e-08 pivots<1e-12: 0
  [LU] n=924 kutta=1 min|U_ii|=0.0049059 max|U_ii|=111026 ratio=4.41868e-08 pivots<1e-12: 0
  [LU] n=2520 kutta=1 min|U_ii|=0.0445846 max|U_ii|=6061.07 ratio=7.3559e-06 pivots<1e-12: 0
  [LU] n=924 kutta=1 min|U_ii|=0.00354299 max|U_ii|=195565 ratio=1.81167e-08 pivots<1e-12: 0
  [LU] n=924 kutta=1 min|U_ii|=0.00354299 max|U_ii|=195565 ratio=1.81167e-08 pivots<1e-12: 0
  [LU] n=924 kutta=1 min|U_ii|=0.0049059 max|U_ii|=111026 ratio=4.41868e-08 pivots<1e-12: 0
  [LU] n=2520 kutta=1 min|U_ii|=0.0445846 max|U_ii|=6061.07 ratio=7.3559e-06 pivots<1e-12: 0
  [LU] n=924 kutta=1 min|U_ii|=0.00354299 max|U_ii|=195565 ratio=1.81167e-08 pivots<1e-12: 0
  [LU] n=924 kutta=1 min|U_ii|=0.00354299 max|U_ii|=195565 ratio=1.81167e-08 pivots<1e-12: 0
  [LU] n=924 kutta=1 min|U_ii|=0.0049059 max|U_ii|=111026 ratio=4.41868e-08 pivots<1e-12: 0
  [LU] n=2520 kutta=1 min|U_ii|=0.0445846 max|U_ii|=6061.07 ratio=7.3559e-06 pivots<1e-12: 0
  [LU] n=924 kutta=1 min|U_ii|=0.00354299 max|U_ii|=195565 ratio=1.81167e-08 pivots<1e-12: 0
  [LU] n=924 kutta=1 min|U_ii|=0.00354299 max|U_ii|=195565 ratio=1.81167e-08 pivots<1e-12: 0
  [LU] n=924 kutta=1 min|U_ii|=0.0049059 max|U_ii|=111026 ratio=4.41868e-08 pivots<1e-12: 0
  [LU] n=2520 kutta=1 min|U_ii|=0.0445846 max|U_ii|=6061.07 ratio=7.3559e-06 pivots<1e-12: 0
  [LU] n=924 kutta=1 min|U_ii|=0.00354299 max|U_ii|=195565 ratio=1.81167e-08 pivots<1e-12: 0
  [LU] n=924 kutta=1 min|U_ii|=0.00354299 max|U_ii|=195565 ratio=1.81167e-08 pivots<1e-12: 0
  [LU] n=924 kutta=1 min|U_ii|=0.0049059 max|U_ii|=111026 ratio=4.41868e-08 pivots<1e-12: 0
  [LU] n=2520 kutta=1 min|U_ii|=0.0445846 max|U_ii|=6061.07 ratio=7.3559e-06 pivots<1e-12: 0
  [LU] n=924 kutta=1 min|U_ii|=0.00354299 max|U_ii|=195565 ratio=1.81167e-08 pivots<1e-12: 0
  [LU] n=924 kutta=1 min|U_ii|=0.00354299 max|U_ii|=195565 ratio=1.81167e-08 pivots<1e-12: 0
  [LU] n=924 kutta=1 min|U_ii|=0.0049059 max|U_ii|=111026 ratio=4.41868e-08 pivots<1e-12: 0
  [LU] n=2520 kutta=1 min|U_ii|=0.0445846 max|U_ii|=6061.07 ratio=7.3559e-06 pivots<1e-12: 0
  [LU] n=924 kutta=1 min|U_ii|=0.00354299 max|U_ii|=195565 ratio=1.81167e-08 pivots<1e-12: 0
  [LU] n=924 kutta=1 min|U_ii|=0.00354299 max|U_ii|=195565 ratio=1.81167e-08 pivots<1e-12: 0
  [LU] n=924 kutta=1 min|U_ii|=0.0049059 max|U_ii|=111026 ratio=4.41868e-08 pivots<1e-12: 0
  [LU] n=2520 kutta=1 min|U_ii|=0.0445846 max|U_ii|=6061.07 ratio=7.3559e-06 pivots<1e-12: 0
  [LU] n=924 kutta=1 min|U_ii|=0.00354299 max|U_ii|=195565 ratio=1.81167e-08 pivots<1e-12: 0
  [LU] n=924 kutta=1 min|U_ii|=0.00354299 max|U_ii|=195565 ratio=1.81167e-08 pivots<1e-12: 0
  [LU] n=924 kutta=1 min|U_ii|=0.0049059 max|U_ii|=111026 ratio=4.41868e-08 pivots<1e-12: 0
  [LU] n=2520 kutta=1 min|U_ii|=0.0445846 max|U_ii|=6061.07 ratio=7.3559e-06 pivots<1e-12: 0
  [LU] n=924 kutta=1 min|U_ii|=0.00354299 max|U_ii|=195565 ratio=1.81167e-08 pivots<1e-12: 0
  [LU] n=924 kutta=1 min|U_ii|=0.00354299 max|U_ii|=195565 ratio=1.81167e-08 pivots<1e-12: 0
  [LU] n=924 kutta=1 min|U_ii|=0.0049059 max|U_ii|=111026 ratio=4.41868e-08 pivots<1e-12: 0
  [LU] n=2520 kutta=1 min|U_ii|=0.0445846 max|U_ii|=6061.07 ratio=7.3559e-06 pivots<1e-12: 0
  [LU] n=924 kutta=1 min|U_ii|=0.00354299 max|U_ii|=195565 ratio=1.81167e-08 pivots<1e-12: 0
  [LU] n=924 kutta=1 min|U_ii|=0.00354299 max|U_ii|=195565 ratio=1.81167e-08 pivots<1e-12: 0
  [LU] n=924 kutta=1 min|U_ii|=0.0049059 max|U_ii|=111026 ratio=4.41868e-08 pivots<1e-12: 0
  [LU] n=2520 kutta=1 min|U_ii|=0.0445846 max|U_ii|=6061.07 ratio=7.3559e-06 pivots<1e-12: 0
  [LU] n=924 kutta=1 min|U_ii|=0.00354299 max|U_ii|=195565 ratio=1.81167e-08 pivots<1e-12: 0
  [LU] n=924 kutta=1 min|U_ii|=0.00354299 max|U_ii|=195565 ratio=1.81167e-08 pivots<1e-12: 0
  [LU] n=924 kutta=1 min|U_ii|=0.0049059 max|U_ii|=111026 ratio=4.41868e-08 pivots<1e-12: 0
  [LU] n=2520 kutta=1 min|U_ii|=0.0445846 max|U_ii|=6061.07 ratio=7.3559e-06 pivots<1e-12: 0
  [LU] n=924 kutta=1 min|U_ii|=0.00354299 max|U_ii|=195565 ratio=1.81167e-08 pivots<1e-12: 0
  [LU] n=924 kutta=1 min|U_ii|=0.00354299 max|U_ii|=195565 ratio=1.81167e-08 pivots<1e-12: 0
  [LU] n=924 kutta=1 min|U_ii|=0.0049059 max|U_ii|=111026 ratio=4.41868e-08 pivots<1e-12: 0
  [LU] n=2520 kutta=1 min|U_ii|=0.0445846 max|U_ii|=6061.07 ratio=7.3559e-06 pivots<1e-12: 0
  [LU] n=924 kutta=1 min|U_ii|=0.00354299 max|U_ii|=195565 ratio=1.81167e-08 pivots<1e-12: 0
  [LU] n=924 kutta=1 min|U_ii|=0.00354299 max|U_ii|=195565 ratio=1.81167e-08 pivots<1e-12: 0
  [LU] n=924 kutta=1 min|U_ii|=0.0049059 max|U_ii|=111026 ratio=4.41868e-08 pivots<1e-12: 0
  [LU] n=2520 kutta=1 min|U_ii|=0.0445846 max|U_ii|=6061.07 ratio=7.3559e-06 pivots<1e-12: 0
  [LU] n=924 kutta=1 min|U_ii|=0.00354299 max|U_ii|=195565 ratio=1.81167e-08 pivots<1e-12: 0
  [LU] n=924 kutta=1 min|U_ii|=0.00354299 max|U_ii|=195565 ratio=1.81167e-08 pivots<1e-12: 0
  [LU] n=924 kutta=1 min|U_ii|=0.0049059 max|U_ii|=111026 ratio=4.41868e-08 pivots<1e-12: 0
  [LU] n=2520 kutta=1 min|U_ii|=0.0445846 max|U_ii|=6061.07 ratio=7.3559e-06 pivots<1e-12: 0
  [LU] n=924 kutta=1 min|U_ii|=0.00354299 max|U_ii|=195565 ratio=1.81167e-08 pivots<1e-12: 0
  [LU] n=924 kutta=1 min|U_ii|=0.00354299 max|U_ii|=195565 ratio=1.81167e-08 pivots<1e-12: 0
  [LU] n=924 kutta=1 min|U_ii|=0.0049059 max|U_ii|=111026 ratio=4.41868e-08 pivots<1e-12: 0
  [LU] n=2520 kutta=1 min|U_ii|=0.0445846 max|U_ii|=6061.07 ratio=7.3559e-06 pivots<1e-12: 0
  [LU] n=924 kutta=1 min|U_ii|=0.00354299 max|U_ii|=195565 ratio=1.81167e-08 pivots<1e-12: 0
  [LU] n=924 kutta=1 min|U_ii|=0.00354299 max|U_ii|=195565 ratio=1.81167e-08 pivots<1e-12: 0
  [LU] n=924 kutta=1 min|U_ii|=0.0049059 max|U_ii|=111026 ratio=4.41868e-08 pivots<1e-12: 0
  [LU] n=2520 kutta=1 min|U_ii|=0.0445846 max|U_ii|=6061.07 ratio=7.3559e-06 pivots<1e-12: 0
  [LU] n=924 kutta=1 min|U_ii|=0.00354299 max|U_ii|=195565 ratio=1.81167e-08 pivots<1e-12: 0
  [LU] n=924 kutta=1 min|U_ii|=0.00354299 max|U_ii|=195565 ratio=1.81167e-08 pivots<1e-12: 0
  [LU] n=924 kutta=1 min|U_ii|=0.0049059 max|U_ii|=111026 ratio=4.41868e-08 pivots<1e-12: 0
  [LU] n=2520 kutta=1 min|U_ii|=0.0445846 max|U_ii|=6061.07 ratio=7.3559e-06 pivots<1e-12: 0
  [LU] n=924 kutta=1 min|U_ii|=0.00354299 max|U_ii|=195565 ratio=1.81167e-08 pivots<1e-12: 0
  [LU] n=924 kutta=1 min|U_ii|=0.00354299 max|U_ii|=195565 ratio=1.81167e-08 pivots<1e-12: 0
  [LU] n=924 kutta=1 min|U_ii|=0.0049059 max|U_ii|=111026 ratio=4.41868e-08 pivots<1e-12: 0
  [LU] n=2520 kutta=1 min|U_ii|=0.0445846 max|U_ii|=6061.07 ratio=7.3559e-06 pivots<1e-12: 0
  [LU] n=924 kutta=1 min|U_ii|=0.00354299 max|U_ii|=195565 ratio=1.81167e-08 pivots<1e-12: 0
  [LU] n=924 kutta=1 min|U_ii|=0.00354299 max|U_ii|=195565 ratio=1.81167e-08 pivots<1e-12: 0
  [LU] n=924 kutta=1 min|U_ii|=0.0049059 max|U_ii|=111026 ratio=4.41868e-08 pivots<1e-12: 0
  [LU] n=2520 kutta=1 min|U_ii|=0.0445846 max|U_ii|=6061.07 ratio=7.3559e-06 pivots<1e-12: 0
  [LU] n=924 kutta=1 min|U_ii|=0.00354299 max|U_ii|=195565 ratio=1.81167e-08 pivots<1e-12: 0
  [LU] n=924 kutta=1 min|U_ii|=0.00354299 max|U_ii|=195565 ratio=1.81167e-08 pivots<1e-12: 0
  [LU] n=924 kutta=1 min|U_ii|=0.0049059 max|U_ii|=111026 ratio=4.41868e-08 pivots<1e-12: 0
  [LU] n=2520 kutta=1 min|U_ii|=0.0445846 max|U_ii|=6061.07 ratio=7.3559e-06 pivots<1e-12: 0
  [LU] n=924 kutta=1 min|U_ii|=0.00354299 max|U_ii|=195565 ratio=1.81167e-08 pivots<1e-12: 0
  [LU] n=924 kutta=1 min|U_ii|=0.00354299 max|U_ii|=195565 ratio=1.81167e-08 pivots<1e-12: 0
  [LU] n=924 kutta=1 min|U_ii|=0.0049059 max|U_ii|=111026 ratio=4.41868e-08 pivots<1e-12: 0
  [LU] n=2520 kutta=1 min|U_ii|=0.0445846 max|U_ii|=6061.07 ratio=7.3559e-06 pivots<1e-12: 0
  [LU] n=924 kutta=1 min|U_ii|=0.00354299 max|U_ii|=195565 ratio=1.81167e-08 pivots<1e-12: 0
  [LU] n=924 kutta=1 min|U_ii|=0.00354299 max|U_ii|=195565 ratio=1.81167e-08 pivots<1e-12: 0
  [LU] n=924 kutta=1 min|U_ii|=0.0049059 max|U_ii|=111026 ratio=4.41868e-08 pivots<1e-12: 0
  [LU] n=2520 kutta=1 min|U_ii|=0.0445846 max|U_ii|=6061.07 ratio=7.3559e-06 pivots<1e-12: 0
  [LU] n=924 kutta=1 min|U_ii|=0.00354299 max|U_ii|=195565 ratio=1.81167e-08 pivots<1e-12: 0
  [LU] n=924 kutta=1 min|U_ii|=0.00354299 max|U_ii|=195565 ratio=1.81167e-08 pivots<1e-12: 0
  [LU] n=924 kutta=1 min|U_ii|=0.0049059 max|U_ii|=111026 ratio=4.41868e-08 pivots<1e-12: 0
  [LU] n=2520 kutta=1 min|U_ii|=0.0445846 max|U_ii|=6061.07 ratio=7.3559e-06 pivots<1e-12: 0
  [LU] n=924 kutta=1 min|U_ii|=0.00354299 max|U_ii|=195565 ratio=1.81167e-08 pivots<1e-12: 0
  [LU] n=924 kutta=1 min|U_ii|=0.00354299 max|U_ii|=195565 ratio=1.81167e-08 pivots<1e-12: 0
  [LU] n=924 kutta=1 min|U_ii|=0.0049059 max|U_ii|=111026 ratio=4.41868e-08 pivots<1e-12: 0
  [LU] n=2520 kutta=1 min|U_ii|=0.0445846 max|U_ii|=6061.07 ratio=7.3559e-06 pivots<1e-12: 0
  [LU] n=924 kutta=1 min|U_ii|=0.00354299 max|U_ii|=195565 ratio=1.81167e-08 pivots<1e-12: 0
  [LU] n=924 kutta=1 min|U_ii|=0.00354299 max|U_ii|=195565 ratio=1.81167e-08 pivots<1e-12: 0
  [LU] n=924 kutta=1 min|U_ii|=0.0049059 max|U_ii|=111026 ratio=4.41868e-08 pivots<1e-12: 0
  [LU] n=2520 kutta=1 min|U_ii|=0.0445846 max|U_ii|=6061.07 ratio=7.3559e-06 pivots<1e-12: 0
  [LU] n=924 kutta=1 min|U_ii|=0.00354299 max|U_ii|=195565 ratio=1.81167e-08 pivots<1e-12: 0
  [LU] n=924 kutta=1 min|U_ii|=0.00354299 max|U_ii|=195565 ratio=1.81167e-08 pivots<1e-12: 0
  [LU] n=924 kutta=1 min|U_ii|=0.0049059 max|U_ii|=111026 ratio=4.41868e-08 pivots<1e-12: 0
  [LU] n=2520 kutta=1 min|U_ii|=0.0445846 max|U_ii|=6061.07 ratio=7.3559e-06 pivots<1e-12: 0
  [LU] n=924 kutta=1 min|U_ii|=0.00354299 max|U_ii|=195565 ratio=1.81167e-08 pivots<1e-12: 0
  [LU] n=924 kutta=1 min|U_ii|=0.00354299 max|U_ii|=195565 ratio=1.81167e-08 pivots<1e-12: 0
  [LU] n=924 kutta=1 min|U_ii|=0.0049059 max|U_ii|=111026 ratio=4.41868e-08 pivots<1e-12: 0
  [LU] n=2520 kutta=1 min|U_ii|=0.0445846 max|U_ii|=6061.07 ratio=7.3559e-06 pivots<1e-12: 0
  [LU] n=924 kutta=1 min|U_ii|=0.00354299 max|U_ii|=195565 ratio=1.81167e-08 pivots<1e-12: 0
  [LU] n=924 kutta=1 min|U_ii|=0.00354299 max|U_ii|=195565 ratio=1.81167e-08 pivots<1e-12: 0
  [LU] n=924 kutta=1 min|U_ii|=0.0049059 max|U_ii|=111026 ratio=4.41868e-08 pivots<1e-12: 0
  [LU] n=2520 kutta=1 min|U_ii|=0.0445846 max|U_ii|=6061.07 ratio=7.3559e-06 pivots<1e-12: 0
  [LU] n=924 kutta=1 min|U_ii|=0.00354299 max|U_ii|=195565 ratio=1.81167e-08 pivots<1e-12: 0
  [LU] n=924 kutta=1 min|U_ii|=0.00354299 max|U_ii|=195565 ratio=1.81167e-08 pivots<1e-12: 0
  [LU] n=924 kutta=1 min|U_ii|=0.0049059 max|U_ii|=111026 ratio=4.41868e-08 pivots<1e-12: 0
  [LU] n=2520 kutta=1 min|U_ii|=0.0445846 max|U_ii|=6061.07 ratio=7.3559e-06 pivots<1e-12: 0
  [LU] n=924 kutta=1 min|U_ii|=0.00354299 max|U_ii|=195565 ratio=1.81167e-08 pivots<1e-12: 0
  [LU] n=924 kutta=1 min|U_ii|=0.00354299 max|U_ii|=195565 ratio=1.81167e-08 pivots<1e-12: 0
  [LU] n=924 kutta=1 min|U_ii|=0.0049059 max|U_ii|=111026 ratio=4.41868e-08 pivots<1e-12: 0
  [LU] n=2520 kutta=1 min|U_ii|=0.0445846 max|U_ii|=6061.07 ratio=7.3559e-06 pivots<1e-12: 0
  [LU] n=924 kutta=1 min|U_ii|=0.00354299 max|U_ii|=195565 ratio=1.81167e-08 pivots<1e-12: 0
  [LU] n=924 kutta=1 min|U_ii|=0.00354299 max|U_ii|=195565 ratio=1.81167e-08 pivots<1e-12: 0
  [LU] n=924 kutta=1 min|U_ii|=0.0049059 max|U_ii|=111026 ratio=4.41868e-08 pivots<1e-12: 0
  [LU] n=2520 kutta=1 min|U_ii|=0.0445846 max|U_ii|=6061.07 ratio=7.3559e-06 pivots<1e-12: 0
  [LU] n=924 kutta=1 min|U_ii|=0.00354299 max|U_ii|=195565 ratio=1.81167e-08 pivots<1e-12: 0
  [LU] n=924 kutta=1 min|U_ii|=0.00354299 max|U_ii|=195565 ratio=1.81167e-08 pivots<1e-12: 0
  [LU] n=924 kutta=1 min|U_ii|=0.0049059 max|U_ii|=111026 ratio=4.41868e-08 pivots<1e-12: 0
  [LU] n=2520 kutta=1 min|U_ii|=0.0445846 max|U_ii|=6061.07 ratio=7.3559e-06 pivots<1e-12: 0
  [LU] n=924 kutta=1 min|U_ii|=0.00354299 max|U_ii|=195565 ratio=1.81167e-08 pivots<1e-12: 0
  [LU] n=924 kutta=1 min|U_ii|=0.00354299 max|U_ii|=195565 ratio=1.81167e-08 pivots<1e-12: 0
  [LU] n=924 kutta=1 min|U_ii|=0.0049059 max|U_ii|=111026 ratio=4.41868e-08 pivots<1e-12: 0
  [LU] n=2520 kutta=1 min|U_ii|=0.0445846 max|U_ii|=6061.07 ratio=7.3559e-06 pivots<1e-12: 0
  [LU] n=924 kutta=1 min|U_ii|=0.00354299 max|U_ii|=195565 ratio=1.81167e-08 pivots<1e-12: 0
  [LU] n=924 kutta=1 min|U_ii|=0.00354299 max|U_ii|=195565 ratio=1.81167e-08 pivots<1e-12: 0
  [LU] n=924 kutta=1 min|U_ii|=0.0049059 max|U_ii|=111026 ratio=4.41868e-08 pivots<1e-12: 0
  [LU] n=2520 kutta=1 min|U_ii|=0.0445846 max|U_ii|=6061.07 ratio=7.3559e-06 pivots<1e-12: 0
  [LU] n=924 kutta=1 min|U_ii|=0.00354299 max|U_ii|=195565 ratio=1.81167e-08 pivots<1e-12: 0
  rotor 0 hs3d: jump/seed=1  spans_with_pairs=40  max|mu|=491  kutta_rows=80  max_kutta_residual=5.72e-09  sum|te_jump|=53.5  [kutta on]
  [LU] n=924 kutta=1 min|U_ii|=0.00354299 max|U_ii|=195565 ratio=1.81167e-08 pivots<1e-12: 0
  rotor 1 hs3d: jump/seed=1  spans_with_pairs=40  max|mu|=619  kutta_rows=80  max_kutta_residual=1.66e-09  sum|te_jump|=45.8  [kutta on]
  [LU] n=924 kutta=1 min|U_ii|=0.0049059 max|U_ii|=111026 ratio=4.41868e-08 pivots<1e-12: 0
  rotor 2 hs3d: jump/seed=1  spans_with_pairs=40  max|mu|=410  kutta_rows=80  max_kutta_residual=3.28e-09  sum|te_jump|=37  [kutta on]
  [LU] n=2520 kutta=1 min|U_ii|=0.0445846 max|U_ii|=6061.07 ratio=7.3559e-06 pivots<1e-12: 0
  [LU] n=924 kutta=1 min|U_ii|=0.00354299 max|U_ii|=195565 ratio=1.81167e-08 pivots<1e-12: 0
  [LU] n=924 kutta=1 min|U_ii|=0.00354299 max|U_ii|=195565 ratio=1.81167e-08 pivots<1e-12: 0
  [LU] n=924 kutta=1 min|U_ii|=0.0049059 max|U_ii|=111026 ratio=4.41868e-08 pivots<1e-12: 0
  [LU] n=2520 kutta=1 min|U_ii|=0.0445846 max|U_ii|=6061.07 ratio=7.3559e-06 pivots<1e-12: 0
  fuselage: panels=3280 max_neumann_residual=1.81e-13
  body Fz: inst=-0.638 quasi-steady=-0.638 | 162-step mean=-0.749 (qs -0.749)
  wing: F=(5.91, -0.205, -19.9) N  Mx=1.83 Nm  max|mu|=357  max_vsurf=0 m/s  strips=19
  fuselage hs3d: F=(-2.15e+03, -760, 3.5e+03) N  Mx=-4.18e+03 Nm  max|mu|=23.1  max_vsurf=1.43e+04 m/s
step=1100 particles=119168 total_thrust_N=36.8 total_torque_Nm=0.269
  timing after step 1100 (cumulative s, % of loop):
    rotor panels + wake->panel vel         69.14 s     4.8 %
    wake->fuselage vel                     49.25 s     3.4 %
    panel assemble + dense solve          173.77 s    12.0 %
    strip polar loads                       0.48 s     0.0 %
    rotor rings->fuselage vel              14.36 s     1.0 %
    fuselage source self (vel+phi)        139.08 s     9.6 %
    fuselage->rotor vel                     5.72 s     0.4 %
    ring d(phi)/dt                         11.61 s     0.8 %
    TE particle emission                    0.56 s     0.0 %
    wake advect (RK4)                     905.91 s    62.7 %
    fuselage blockage on particles         15.49 s     1.1 %
    wake age trim                           9.97 s     0.7 %
    VTK / Q-criterion output               32.88 s     2.3 %
    unattributed (host bookkeeping)        16.97 s     1.2 %
    TOTAL loop                           1445.18 s  (1.313 s/step avg)
  [LU] n=924 kutta=1 min|U_ii|=0.00354299 max|U_ii|=195565 ratio=1.81167e-08 pivots<1e-12: 0
  [LU] n=924 kutta=1 min|U_ii|=0.00354299 max|U_ii|=195565 ratio=1.81167e-08 pivots<1e-12: 0
  [LU] n=924 kutta=1 min|U_ii|=0.0049059 max|U_ii|=111026 ratio=4.41868e-08 pivots<1e-12: 0
  [LU] n=2520 kutta=1 min|U_ii|=0.0445846 max|U_ii|=6061.07 ratio=7.3559e-06 pivots<1e-12: 0
  [LU] n=924 kutta=1 min|U_ii|=0.00354299 max|U_ii|=195565 ratio=1.81167e-08 pivots<1e-12: 0
  [LU] n=924 kutta=1 min|U_ii|=0.00354299 max|U_ii|=195565 ratio=1.81167e-08 pivots<1e-12: 0
  [LU] n=924 kutta=1 min|U_ii|=0.0049059 max|U_ii|=111026 ratio=4.41868e-08 pivots<1e-12: 0
  [LU] n=2520 kutta=1 min|U_ii|=0.0445846 max|U_ii|=6061.07 ratio=7.3559e-06 pivots<1e-12: 0
  [LU] n=924 kutta=1 min|U_ii|=0.00354299 max|U_ii|=195565 ratio=1.81167e-08 pivots<1e-12: 0
  [LU] n=924 kutta=1 min|U_ii|=0.00354299 max|U_ii|=195565 ratio=1.81167e-08 pivots<1e-12: 0
  [LU] n=924 kutta=1 min|U_ii|=0.0049059 max|U_ii|=111026 ratio=4.41868e-08 pivots<1e-12: 0
  [LU] n=2520 kutta=1 min|U_ii|=0.0445846 max|U_ii|=6061.07 ratio=7.3559e-06 pivots<1e-12: 0
  [LU] n=924 kutta=1 min|U_ii|=0.00354299 max|U_ii|=195565 ratio=1.81167e-08 pivots<1e-12: 0
  [LU] n=924 kutta=1 min|U_ii|=0.00354299 max|U_ii|=195565 ratio=1.81167e-08 pivots<1e-12: 0
  [LU] n=924 kutta=1 min|U_ii|=0.0049059 max|U_ii|=111026 ratio=4.41868e-08 pivots<1e-12: 0
  [LU] n=2520 kutta=1 min|U_ii|=0.0445846 max|U_ii|=6061.07 ratio=7.3559e-06 pivots<1e-12: 0
  [LU] n=924 kutta=1 min|U_ii|=0.00354299 max|U_ii|=195565 ratio=1.81167e-08 pivots<1e-12: 0
  [LU] n=924 kutta=1 min|U_ii|=0.00354299 max|U_ii|=195565 ratio=1.81167e-08 pivots<1e-12: 0
  [LU] n=924 kutta=1 min|U_ii|=0.0049059 max|U_ii|=111026 ratio=4.41868e-08 pivots<1e-12: 0
  [LU] n=2520 kutta=1 min|U_ii|=0.0445846 max|U_ii|=6061.07 ratio=7.3559e-06 pivots<1e-12: 0
  [LU] n=924 kutta=1 min|U_ii|=0.00354299 max|U_ii|=195565 ratio=1.81167e-08 pivots<1e-12: 0
  [LU] n=924 kutta=1 min|U_ii|=0.00354299 max|U_ii|=195565 ratio=1.81167e-08 pivots<1e-12: 0
  [LU] n=924 kutta=1 min|U_ii|=0.0049059 max|U_ii|=111026 ratio=4.41868e-08 pivots<1e-12: 0
  [LU] n=2520 kutta=1 min|U_ii|=0.0445846 max|U_ii|=6061.07 ratio=7.3559e-06 pivots<1e-12: 0
  [LU] n=924 kutta=1 min|U_ii|=0.00354299 max|U_ii|=195565 ratio=1.81167e-08 pivots<1e-12: 0
  [LU] n=924 kutta=1 min|U_ii|=0.00354299 max|U_ii|=195565 ratio=1.81167e-08 pivots<1e-12: 0
  [LU] n=924 kutta=1 min|U_ii|=0.0049059 max|U_ii|=111026 ratio=4.41868e-08 pivots<1e-12: 0
  [LU] n=2520 kutta=1 min|U_ii|=0.0445846 max|U_ii|=6061.07 ratio=7.3559e-06 pivots<1e-12: 0
  [LU] n=924 kutta=1 min|U_ii|=0.00354299 max|U_ii|=195565 ratio=1.81167e-08 pivots<1e-12: 0
  [LU] n=924 kutta=1 min|U_ii|=0.00354299 max|U_ii|=195565 ratio=1.81167e-08 pivots<1e-12: 0
  [LU] n=924 kutta=1 min|U_ii|=0.0049059 max|U_ii|=111026 ratio=4.41868e-08 pivots<1e-12: 0
  [LU] n=2520 kutta=1 min|U_ii|=0.0445846 max|U_ii|=6061.07 ratio=7.3559e-06 pivots<1e-12: 0
  [LU] n=924 kutta=1 min|U_ii|=0.00354299 max|U_ii|=195565 ratio=1.81167e-08 pivots<1e-12: 0
  [LU] n=924 kutta=1 min|U_ii|=0.00354299 max|U_ii|=195565 ratio=1.81167e-08 pivots<1e-12: 0
  [LU] n=924 kutta=1 min|U_ii|=0.0049059 max|U_ii|=111026 ratio=4.41868e-08 pivots<1e-12: 0
  [LU] n=2520 kutta=1 min|U_ii|=0.0445846 max|U_ii|=6061.07 ratio=7.3559e-06 pivots<1e-12: 0
  [LU] n=924 kutta=1 min|U_ii|=0.00354299 max|U_ii|=195565 ratio=1.81167e-08 pivots<1e-12: 0
  [LU] n=924 kutta=1 min|U_ii|=0.00354299 max|U_ii|=195565 ratio=1.81167e-08 pivots<1e-12: 0
  [LU] n=924 kutta=1 min|U_ii|=0.0049059 max|U_ii|=111026 ratio=4.41868e-08 pivots<1e-12: 0
  [LU] n=2520 kutta=1 min|U_ii|=0.0445846 max|U_ii|=6061.07 ratio=7.3559e-06 pivots<1e-12: 0
  [LU] n=924 kutta=1 min|U_ii|=0.00354299 max|U_ii|=195565 ratio=1.81167e-08 pivots<1e-12: 0
  [LU] n=924 kutta=1 min|U_ii|=0.00354299 max|U_ii|=195565 ratio=1.81167e-08 pivots<1e-12: 0
  [LU] n=924 kutta=1 min|U_ii|=0.0049059 max|U_ii|=111026 ratio=4.41868e-08 pivots<1e-12: 0
  [LU] n=2520 kutta=1 min|U_ii|=0.0445846 max|U_ii|=6061.07 ratio=7.3559e-06 pivots<1e-12: 0
  [LU] n=924 kutta=1 min|U_ii|=0.00354299 max|U_ii|=195565 ratio=1.81167e-08 pivots<1e-12: 0
  [LU] n=924 kutta=1 min|U_ii|=0.00354299 max|U_ii|=195565 ratio=1.81167e-08 pivots<1e-12: 0
  [LU] n=924 kutta=1 min|U_ii|=0.0049059 max|U_ii|=111026 ratio=4.41868e-08 pivots<1e-12: 0
  [LU] n=2520 kutta=1 min|U_ii|=0.0445846 max|U_ii|=6061.07 ratio=7.3559e-06 pivots<1e-12: 0
  [LU] n=924 kutta=1 min|U_ii|=0.00354299 max|U_ii|=195565 ratio=1.81167e-08 pivots<1e-12: 0
  [LU] n=924 kutta=1 min|U_ii|=0.00354299 max|U_ii|=195565 ratio=1.81167e-08 pivots<1e-12: 0
  [LU] n=924 kutta=1 min|U_ii|=0.0049059 max|U_ii|=111026 ratio=4.41868e-08 pivots<1e-12: 0
  [LU] n=2520 kutta=1 min|U_ii|=0.0445846 max|U_ii|=6061.07 ratio=7.3559e-06 pivots<1e-12: 0
  [LU] n=924 kutta=1 min|U_ii|=0.00354299 max|U_ii|=195565 ratio=1.81167e-08 pivots<1e-12: 0
  [LU] n=924 kutta=1 min|U_ii|=0.00354299 max|U_ii|=195565 ratio=1.81167e-08 pivots<1e-12: 0
  [LU] n=924 kutta=1 min|U_ii|=0.0049059 max|U_ii|=111026 ratio=4.41868e-08 pivots<1e-12: 0
  [LU] n=2520 kutta=1 min|U_ii|=0.0445846 max|U_ii|=6061.07 ratio=7.3559e-06 pivots<1e-12: 0
  [LU] n=924 kutta=1 min|U_ii|=0.00354299 max|U_ii|=195565 ratio=1.81167e-08 pivots<1e-12: 0
  [LU] n=924 kutta=1 min|U_ii|=0.00354299 max|U_ii|=195565 ratio=1.81167e-08 pivots<1e-12: 0
  [LU] n=924 kutta=1 min|U_ii|=0.0049059 max|U_ii|=111026 ratio=4.41868e-08 pivots<1e-12: 0
  [LU] n=2520 kutta=1 min|U_ii|=0.0445846 max|U_ii|=6061.07 ratio=7.3559e-06 pivots<1e-12: 0
  [LU] n=924 kutta=1 min|U_ii|=0.00354299 max|U_ii|=195565 ratio=1.81167e-08 pivots<1e-12: 0
  [LU] n=924 kutta=1 min|U_ii|=0.00354299 max|U_ii|=195565 ratio=1.81167e-08 pivots<1e-12: 0
  [LU] n=924 kutta=1 min|U_ii|=0.0049059 max|U_ii|=111026 ratio=4.41868e-08 pivots<1e-12: 0
  [LU] n=2520 kutta=1 min|U_ii|=0.0445846 max|U_ii|=6061.07 ratio=7.3559e-06 pivots<1e-12: 0
  [LU] n=924 kutta=1 min|U_ii|=0.00354299 max|U_ii|=195565 ratio=1.81167e-08 pivots<1e-12: 0
  [LU] n=924 kutta=1 min|U_ii|=0.00354299 max|U_ii|=195565 ratio=1.81167e-08 pivots<1e-12: 0
  [LU] n=924 kutta=1 min|U_ii|=0.0049059 max|U_ii|=111026 ratio=4.41868e-08 pivots<1e-12: 0
  [LU] n=2520 kutta=1 min|U_ii|=0.0445846 max|U_ii|=6061.07 ratio=7.3559e-06 pivots<1e-12: 0
  [LU] n=924 kutta=1 min|U_ii|=0.00354299 max|U_ii|=195565 ratio=1.81167e-08 pivots<1e-12: 0
  [LU] n=924 kutta=1 min|U_ii|=0.00354299 max|U_ii|=195565 ratio=1.81167e-08 pivots<1e-12: 0
  [LU] n=924 kutta=1 min|U_ii|=0.0049059 max|U_ii|=111026 ratio=4.41868e-08 pivots<1e-12: 0
  [LU] n=2520 kutta=1 min|U_ii|=0.0445846 max|U_ii|=6061.07 ratio=7.3559e-06 pivots<1e-12: 0
  [LU] n=924 kutta=1 min|U_ii|=0.00354299 max|U_ii|=195565 ratio=1.81167e-08 pivots<1e-12: 0
  [LU] n=924 kutta=1 min|U_ii|=0.00354299 max|U_ii|=195565 ratio=1.81167e-08 pivots<1e-12: 0
  [LU] n=924 kutta=1 min|U_ii|=0.0049059 max|U_ii|=111026 ratio=4.41868e-08 pivots<1e-12: 0
  [LU] n=2520 kutta=1 min|U_ii|=0.0445846 max|U_ii|=6061.07 ratio=7.3559e-06 pivots<1e-12: 0
  [LU] n=924 kutta=1 min|U_ii|=0.00354299 max|U_ii|=195565 ratio=1.81167e-08 pivots<1e-12: 0
  [LU] n=924 kutta=1 min|U_ii|=0.00354299 max|U_ii|=195565 ratio=1.81167e-08 pivots<1e-12: 0
  [LU] n=924 kutta=1 min|U_ii|=0.0049059 max|U_ii|=111026 ratio=4.41868e-08 pivots<1e-12: 0
  [LU] n=2520 kutta=1 min|U_ii|=0.0445846 max|U_ii|=6061.07 ratio=7.3559e-06 pivots<1e-12: 0
  [LU] n=924 kutta=1 min|U_ii|=0.00354299 max|U_ii|=195565 ratio=1.81167e-08 pivots<1e-12: 0
  [LU] n=924 kutta=1 min|U_ii|=0.00354299 max|U_ii|=195565 ratio=1.81167e-08 pivots<1e-12: 0
  [LU] n=924 kutta=1 min|U_ii|=0.0049059 max|U_ii|=111026 ratio=4.41868e-08 pivots<1e-12: 0
  [LU] n=2520 kutta=1 min|U_ii|=0.0445846 max|U_ii|=6061.07 ratio=7.3559e-06 pivots<1e-12: 0
  [LU] n=924 kutta=1 min|U_ii|=0.00354299 max|U_ii|=195565 ratio=1.81167e-08 pivots<1e-12: 0
  [LU] n=924 kutta=1 min|U_ii|=0.00354299 max|U_ii|=195565 ratio=1.81167e-08 pivots<1e-12: 0
  [LU] n=924 kutta=1 min|U_ii|=0.0049059 max|U_ii|=111026 ratio=4.41868e-08 pivots<1e-12: 0
  [LU] n=2520 kutta=1 min|U_ii|=0.0445846 max|U_ii|=6061.07 ratio=7.3559e-06 pivots<1e-12: 0
  [LU] n=924 kutta=1 min|U_ii|=0.00354299 max|U_ii|=195565 ratio=1.81167e-08 pivots<1e-12: 0
  [LU] n=924 kutta=1 min|U_ii|=0.00354299 max|U_ii|=195565 ratio=1.81167e-08 pivots<1e-12: 0
  [LU] n=924 kutta=1 min|U_ii|=0.0049059 max|U_ii|=111026 ratio=4.41868e-08 pivots<1e-12: 0
  [LU] n=2520 kutta=1 min|U_ii|=0.0445846 max|U_ii|=6061.07 ratio=7.3559e-06 pivots<1e-12: 0
  [LU] n=924 kutta=1 min|U_ii|=0.00354299 max|U_ii|=195565 ratio=1.81167e-08 pivots<1e-12: 0
  [LU] n=924 kutta=1 min|U_ii|=0.00354299 max|U_ii|=195565 ratio=1.81167e-08 pivots<1e-12: 0
  [LU] n=924 kutta=1 min|U_ii|=0.0049059 max|U_ii|=111026 ratio=4.41868e-08 pivots<1e-12: 0
  [LU] n=2520 kutta=1 min|U_ii|=0.0445846 max|U_ii|=6061.07 ratio=7.3559e-06 pivots<1e-12: 0
  [LU] n=924 kutta=1 min|U_ii|=0.00354299 max|U_ii|=195565 ratio=1.81167e-08 pivots<1e-12: 0
  [LU] n=924 kutta=1 min|U_ii|=0.00354299 max|U_ii|=195565 ratio=1.81167e-08 pivots<1e-12: 0
  [LU] n=924 kutta=1 min|U_ii|=0.0049059 max|U_ii|=111026 ratio=4.41868e-08 pivots<1e-12: 0
  [LU] n=2520 kutta=1 min|U_ii|=0.0445846 max|U_ii|=6061.07 ratio=7.3559e-06 pivots<1e-12: 0
  [LU] n=924 kutta=1 min|U_ii|=0.00354299 max|U_ii|=195565 ratio=1.81167e-08 pivots<1e-12: 0
  [LU] n=924 kutta=1 min|U_ii|=0.00354299 max|U_ii|=195565 ratio=1.81167e-08 pivots<1e-12: 0
  [LU] n=924 kutta=1 min|U_ii|=0.0049059 max|U_ii|=111026 ratio=4.41868e-08 pivots<1e-12: 0
  [LU] n=2520 kutta=1 min|U_ii|=0.0445846 max|U_ii|=6061.07 ratio=7.3559e-06 pivots<1e-12: 0
  [LU] n=924 kutta=1 min|U_ii|=0.00354299 max|U_ii|=195565 ratio=1.81167e-08 pivots<1e-12: 0
  [LU] n=924 kutta=1 min|U_ii|=0.00354299 max|U_ii|=195565 ratio=1.81167e-08 pivots<1e-12: 0
  [LU] n=924 kutta=1 min|U_ii|=0.0049059 max|U_ii|=111026 ratio=4.41868e-08 pivots<1e-12: 0
  [LU] n=2520 kutta=1 min|U_ii|=0.0445846 max|U_ii|=6061.07 ratio=7.3559e-06 pivots<1e-12: 0
  [LU] n=924 kutta=1 min|U_ii|=0.00354299 max|U_ii|=195565 ratio=1.81167e-08 pivots<1e-12: 0
  [LU] n=924 kutta=1 min|U_ii|=0.00354299 max|U_ii|=195565 ratio=1.81167e-08 pivots<1e-12: 0
  [LU] n=924 kutta=1 min|U_ii|=0.0049059 max|U_ii|=111026 ratio=4.41868e-08 pivots<1e-12: 0
  [LU] n=2520 kutta=1 min|U_ii|=0.0445846 max|U_ii|=6061.07 ratio=7.3559e-06 pivots<1e-12: 0
  [LU] n=924 kutta=1 min|U_ii|=0.00354299 max|U_ii|=195565 ratio=1.81167e-08 pivots<1e-12: 0
  [LU] n=924 kutta=1 min|U_ii|=0.00354299 max|U_ii|=195565 ratio=1.81167e-08 pivots<1e-12: 0
  [LU] n=924 kutta=1 min|U_ii|=0.0049059 max|U_ii|=111026 ratio=4.41868e-08 pivots<1e-12: 0
  [LU] n=2520 kutta=1 min|U_ii|=0.0445846 max|U_ii|=6061.07 ratio=7.3559e-06 pivots<1e-12: 0
  [LU] n=924 kutta=1 min|U_ii|=0.00354299 max|U_ii|=195565 ratio=1.81167e-08 pivots<1e-12: 0
  [LU] n=924 kutta=1 min|U_ii|=0.00354299 max|U_ii|=195565 ratio=1.81167e-08 pivots<1e-12: 0
  [LU] n=924 kutta=1 min|U_ii|=0.0049059 max|U_ii|=111026 ratio=4.41868e-08 pivots<1e-12: 0
  [LU] n=2520 kutta=1 min|U_ii|=0.0445846 max|U_ii|=6061.07 ratio=7.3559e-06 pivots<1e-12: 0
  [LU] n=924 kutta=1 min|U_ii|=0.00354299 max|U_ii|=195565 ratio=1.81167e-08 pivots<1e-12: 0
  [LU] n=924 kutta=1 min|U_ii|=0.00354299 max|U_ii|=195565 ratio=1.81167e-08 pivots<1e-12: 0
  [LU] n=924 kutta=1 min|U_ii|=0.0049059 max|U_ii|=111026 ratio=4.41868e-08 pivots<1e-12: 0
  [LU] n=2520 kutta=1 min|U_ii|=0.0445846 max|U_ii|=6061.07 ratio=7.3559e-06 pivots<1e-12: 0
  [LU] n=924 kutta=1 min|U_ii|=0.00354299 max|U_ii|=195565 ratio=1.81167e-08 pivots<1e-12: 0
  [LU] n=924 kutta=1 min|U_ii|=0.00354299 max|U_ii|=195565 ratio=1.81167e-08 pivots<1e-12: 0
  [LU] n=924 kutta=1 min|U_ii|=0.0049059 max|U_ii|=111026 ratio=4.41868e-08 pivots<1e-12: 0
  [LU] n=2520 kutta=1 min|U_ii|=0.0445846 max|U_ii|=6061.07 ratio=7.3559e-06 pivots<1e-12: 0
  [LU] n=924 kutta=1 min|U_ii|=0.00354299 max|U_ii|=195565 ratio=1.81167e-08 pivots<1e-12: 0
  [LU] n=924 kutta=1 min|U_ii|=0.00354299 max|U_ii|=195565 ratio=1.81167e-08 pivots<1e-12: 0
  [LU] n=924 kutta=1 min|U_ii|=0.0049059 max|U_ii|=111026 ratio=4.41868e-08 pivots<1e-12: 0
  [LU] n=2520 kutta=1 min|U_ii|=0.0445846 max|U_ii|=6061.07 ratio=7.3559e-06 pivots<1e-12: 0
  [LU] n=924 kutta=1 min|U_ii|=0.00354299 max|U_ii|=195565 ratio=1.81167e-08 pivots<1e-12: 0
  [LU] n=924 kutta=1 min|U_ii|=0.00354299 max|U_ii|=195565 ratio=1.81167e-08 pivots<1e-12: 0
  [LU] n=924 kutta=1 min|U_ii|=0.0049059 max|U_ii|=111026 ratio=4.41868e-08 pivots<1e-12: 0
  [LU] n=2520 kutta=1 min|U_ii|=0.0445846 max|U_ii|=6061.07 ratio=7.3559e-06 pivots<1e-12: 0
  [LU] n=924 kutta=1 min|U_ii|=0.00354299 max|U_ii|=195565 ratio=1.81167e-08 pivots<1e-12: 0
  [LU] n=924 kutta=1 min|U_ii|=0.00354299 max|U_ii|=195565 ratio=1.81167e-08 pivots<1e-12: 0
  [LU] n=924 kutta=1 min|U_ii|=0.0049059 max|U_ii|=111026 ratio=4.41868e-08 pivots<1e-12: 0
  [LU] n=2520 kutta=1 min|U_ii|=0.0445846 max|U_ii|=6061.07 ratio=7.3559e-06 pivots<1e-12: 0
  [LU] n=924 kutta=1 min|U_ii|=0.00354299 max|U_ii|=195565 ratio=1.81167e-08 pivots<1e-12: 0
  [LU] n=924 kutta=1 min|U_ii|=0.00354299 max|U_ii|=195565 ratio=1.81167e-08 pivots<1e-12: 0
  [LU] n=924 kutta=1 min|U_ii|=0.0049059 max|U_ii|=111026 ratio=4.41868e-08 pivots<1e-12: 0
  [LU] n=2520 kutta=1 min|U_ii|=0.0445846 max|U_ii|=6061.07 ratio=7.3559e-06 pivots<1e-12: 0
  [LU] n=924 kutta=1 min|U_ii|=0.00354299 max|U_ii|=195565 ratio=1.81167e-08 pivots<1e-12: 0
  [LU] n=924 kutta=1 min|U_ii|=0.00354299 max|U_ii|=195565 ratio=1.81167e-08 pivots<1e-12: 0
  [LU] n=924 kutta=1 min|U_ii|=0.0049059 max|U_ii|=111026 ratio=4.41868e-08 pivots<1e-12: 0
  [LU] n=2520 kutta=1 min|U_ii|=0.0445846 max|U_ii|=6061.07 ratio=7.3559e-06 pivots<1e-12: 0
  [LU] n=924 kutta=1 min|U_ii|=0.00354299 max|U_ii|=195565 ratio=1.81167e-08 pivots<1e-12: 0
  [LU] n=924 kutta=1 min|U_ii|=0.00354299 max|U_ii|=195565 ratio=1.81167e-08 pivots<1e-12: 0
  [LU] n=924 kutta=1 min|U_ii|=0.0049059 max|U_ii|=111026 ratio=4.41868e-08 pivots<1e-12: 0
  [LU] n=2520 kutta=1 min|U_ii|=0.0445846 max|U_ii|=6061.07 ratio=7.3559e-06 pivots<1e-12: 0
  [LU] n=924 kutta=1 min|U_ii|=0.00354299 max|U_ii|=195565 ratio=1.81167e-08 pivots<1e-12: 0
  [LU] n=924 kutta=1 min|U_ii|=0.00354299 max|U_ii|=195565 ratio=1.81167e-08 pivots<1e-12: 0
  [LU] n=924 kutta=1 min|U_ii|=0.0049059 max|U_ii|=111026 ratio=4.41868e-08 pivots<1e-12: 0
  [LU] n=2520 kutta=1 min|U_ii|=0.0445846 max|U_ii|=6061.07 ratio=7.3559e-06 pivots<1e-12: 0
  [LU] n=924 kutta=1 min|U_ii|=0.00354299 max|U_ii|=195565 ratio=1.81167e-08 pivots<1e-12: 0
  [LU] n=924 kutta=1 min|U_ii|=0.00354299 max|U_ii|=195565 ratio=1.81167e-08 pivots<1e-12: 0
  [LU] n=924 kutta=1 min|U_ii|=0.0049059 max|U_ii|=111026 ratio=4.41868e-08 pivots<1e-12: 0
  [LU] n=2520 kutta=1 min|U_ii|=0.0445846 max|U_ii|=6061.07 ratio=7.3559e-06 pivots<1e-12: 0
  [LU] n=924 kutta=1 min|U_ii|=0.00354299 max|U_ii|=195565 ratio=1.81167e-08 pivots<1e-12: 0
  [LU] n=924 kutta=1 min|U_ii|=0.00354299 max|U_ii|=195565 ratio=1.81167e-08 pivots<1e-12: 0
  [LU] n=924 kutta=1 min|U_ii|=0.0049059 max|U_ii|=111026 ratio=4.41868e-08 pivots<1e-12: 0
  [LU] n=2520 kutta=1 min|U_ii|=0.0445846 max|U_ii|=6061.07 ratio=7.3559e-06 pivots<1e-12: 0
  [LU] n=924 kutta=1 min|U_ii|=0.00354299 max|U_ii|=195565 ratio=1.81167e-08 pivots<1e-12: 0
  [LU] n=924 kutta=1 min|U_ii|=0.00354299 max|U_ii|=195565 ratio=1.81167e-08 pivots<1e-12: 0
  [LU] n=924 kutta=1 min|U_ii|=0.0049059 max|U_ii|=111026 ratio=4.41868e-08 pivots<1e-12: 0
  [LU] n=2520 kutta=1 min|U_ii|=0.0445846 max|U_ii|=6061.07 ratio=7.3559e-06 pivots<1e-12: 0
  [LU] n=924 kutta=1 min|U_ii|=0.00354299 max|U_ii|=195565 ratio=1.81167e-08 pivots<1e-12: 0
  [LU] n=924 kutta=1 min|U_ii|=0.00354299 max|U_ii|=195565 ratio=1.81167e-08 pivots<1e-12: 0
  [LU] n=924 kutta=1 min|U_ii|=0.0049059 max|U_ii|=111026 ratio=4.41868e-08 pivots<1e-12: 0
  [LU] n=2520 kutta=1 min|U_ii|=0.0445846 max|U_ii|=6061.07 ratio=7.3559e-06 pivots<1e-12: 0
  [LU] n=924 kutta=1 min|U_ii|=0.00354299 max|U_ii|=195565 ratio=1.81167e-08 pivots<1e-12: 0
  [LU] n=924 kutta=1 min|U_ii|=0.00354299 max|U_ii|=195565 ratio=1.81167e-08 pivots<1e-12: 0
  [LU] n=924 kutta=1 min|U_ii|=0.0049059 max|U_ii|=111026 ratio=4.41868e-08 pivots<1e-12: 0
  [LU] n=2520 kutta=1 min|U_ii|=0.0445846 max|U_ii|=6061.07 ratio=7.3559e-06 pivots<1e-12: 0
  [LU] n=924 kutta=1 min|U_ii|=0.00354299 max|U_ii|=195565 ratio=1.81167e-08 pivots<1e-12: 0
  [LU] n=924 kutta=1 min|U_ii|=0.00354299 max|U_ii|=195565 ratio=1.81167e-08 pivots<1e-12: 0
  [LU] n=924 kutta=1 min|U_ii|=0.0049059 max|U_ii|=111026 ratio=4.41868e-08 pivots<1e-12: 0
  [LU] n=2520 kutta=1 min|U_ii|=0.0445846 max|U_ii|=6061.07 ratio=7.3559e-06 pivots<1e-12: 0
  [LU] n=924 kutta=1 min|U_ii|=0.00354299 max|U_ii|=195565 ratio=1.81167e-08 pivots<1e-12: 0
  [LU] n=924 kutta=1 min|U_ii|=0.00354299 max|U_ii|=195565 ratio=1.81167e-08 pivots<1e-12: 0
  [LU] n=924 kutta=1 min|U_ii|=0.0049059 max|U_ii|=111026 ratio=4.41868e-08 pivots<1e-12: 0
  [LU] n=2520 kutta=1 min|U_ii|=0.0445846 max|U_ii|=6061.07 ratio=7.3559e-06 pivots<1e-12: 0
  [LU] n=924 kutta=1 min|U_ii|=0.00354299 max|U_ii|=195565 ratio=1.81167e-08 pivots<1e-12: 0
  [LU] n=924 kutta=1 min|U_ii|=0.00354299 max|U_ii|=195565 ratio=1.81167e-08 pivots<1e-12: 0
  [LU] n=924 kutta=1 min|U_ii|=0.0049059 max|U_ii|=111026 ratio=4.41868e-08 pivots<1e-12: 0
  [LU] n=2520 kutta=1 min|U_ii|=0.0445846 max|U_ii|=6061.07 ratio=7.3559e-06 pivots<1e-12: 0
  [LU] n=924 kutta=1 min|U_ii|=0.00354299 max|U_ii|=195565 ratio=1.81167e-08 pivots<1e-12: 0
  [LU] n=924 kutta=1 min|U_ii|=0.00354299 max|U_ii|=195565 ratio=1.81167e-08 pivots<1e-12: 0
  [LU] n=924 kutta=1 min|U_ii|=0.0049059 max|U_ii|=111026 ratio=4.41868e-08 pivots<1e-12: 0
  [LU] n=2520 kutta=1 min|U_ii|=0.0445846 max|U_ii|=6061.07 ratio=7.3559e-06 pivots<1e-12: 0
  [LU] n=924 kutta=1 min|U_ii|=0.00354299 max|U_ii|=195565 ratio=1.81167e-08 pivots<1e-12: 0
  [LU] n=924 kutta=1 min|U_ii|=0.00354299 max|U_ii|=195565 ratio=1.81167e-08 pivots<1e-12: 0
  [LU] n=924 kutta=1 min|U_ii|=0.0049059 max|U_ii|=111026 ratio=4.41868e-08 pivots<1e-12: 0
  [LU] n=2520 kutta=1 min|U_ii|=0.0445846 max|U_ii|=6061.07 ratio=7.3559e-06 pivots<1e-12: 0
  [LU] n=924 kutta=1 min|U_ii|=0.00354299 max|U_ii|=195565 ratio=1.81167e-08 pivots<1e-12: 0
  [LU] n=924 kutta=1 min|U_ii|=0.00354299 max|U_ii|=195565 ratio=1.81167e-08 pivots<1e-12: 0
  [LU] n=924 kutta=1 min|U_ii|=0.0049059 max|U_ii|=111026 ratio=4.41868e-08 pivots<1e-12: 0
  [LU] n=2520 kutta=1 min|U_ii|=0.0445846 max|U_ii|=6061.07 ratio=7.3559e-06 pivots<1e-12: 0
  [LU] n=924 kutta=1 min|U_ii|=0.00354299 max|U_ii|=195565 ratio=1.81167e-08 pivots<1e-12: 0
  [LU] n=924 kutta=1 min|U_ii|=0.00354299 max|U_ii|=195565 ratio=1.81167e-08 pivots<1e-12: 0
  [LU] n=924 kutta=1 min|U_ii|=0.0049059 max|U_ii|=111026 ratio=4.41868e-08 pivots<1e-12: 0
  [LU] n=2520 kutta=1 min|U_ii|=0.0445846 max|U_ii|=6061.07 ratio=7.3559e-06 pivots<1e-12: 0
  [LU] n=924 kutta=1 min|U_ii|=0.00354299 max|U_ii|=195565 ratio=1.81167e-08 pivots<1e-12: 0
  [LU] n=924 kutta=1 min|U_ii|=0.00354299 max|U_ii|=195565 ratio=1.81167e-08 pivots<1e-12: 0
  [LU] n=924 kutta=1 min|U_ii|=0.0049059 max|U_ii|=111026 ratio=4.41868e-08 pivots<1e-12: 0
  [LU] n=2520 kutta=1 min|U_ii|=0.0445846 max|U_ii|=6061.07 ratio=7.3559e-06 pivots<1e-12: 0
  [LU] n=924 kutta=1 min|U_ii|=0.00354299 max|U_ii|=195565 ratio=1.81167e-08 pivots<1e-12: 0
  [LU] n=924 kutta=1 min|U_ii|=0.00354299 max|U_ii|=195565 ratio=1.81167e-08 pivots<1e-12: 0
  [LU] n=924 kutta=1 min|U_ii|=0.0049059 max|U_ii|=111026 ratio=4.41868e-08 pivots<1e-12: 0
  [LU] n=2520 kutta=1 min|U_ii|=0.0445846 max|U_ii|=6061.07 ratio=7.3559e-06 pivots<1e-12: 0
  [LU] n=924 kutta=1 min|U_ii|=0.00354299 max|U_ii|=195565 ratio=1.81167e-08 pivots<1e-12: 0
  [LU] n=924 kutta=1 min|U_ii|=0.00354299 max|U_ii|=195565 ratio=1.81167e-08 pivots<1e-12: 0
  [LU] n=924 kutta=1 min|U_ii|=0.0049059 max|U_ii|=111026 ratio=4.41868e-08 pivots<1e-12: 0
  [LU] n=2520 kutta=1 min|U_ii|=0.0445846 max|U_ii|=6061.07 ratio=7.3559e-06 pivots<1e-12: 0
  [LU] n=924 kutta=1 min|U_ii|=0.00354299 max|U_ii|=195565 ratio=1.81167e-08 pivots<1e-12: 0
  [LU] n=924 kutta=1 min|U_ii|=0.00354299 max|U_ii|=195565 ratio=1.81167e-08 pivots<1e-12: 0
  [LU] n=924 kutta=1 min|U_ii|=0.0049059 max|U_ii|=111026 ratio=4.41868e-08 pivots<1e-12: 0
  [LU] n=2520 kutta=1 min|U_ii|=0.0445846 max|U_ii|=6061.07 ratio=7.3559e-06 pivots<1e-12: 0
  [LU] n=924 kutta=1 min|U_ii|=0.00354299 max|U_ii|=195565 ratio=1.81167e-08 pivots<1e-12: 0
  [LU] n=924 kutta=1 min|U_ii|=0.00354299 max|U_ii|=195565 ratio=1.81167e-08 pivots<1e-12: 0
  [LU] n=924 kutta=1 min|U_ii|=0.0049059 max|U_ii|=111026 ratio=4.41868e-08 pivots<1e-12: 0
  [LU] n=2520 kutta=1 min|U_ii|=0.0445846 max|U_ii|=6061.07 ratio=7.3559e-06 pivots<1e-12: 0
  [LU] n=924 kutta=1 min|U_ii|=0.00354299 max|U_ii|=195565 ratio=1.81167e-08 pivots<1e-12: 0
  [LU] n=924 kutta=1 min|U_ii|=0.00354299 max|U_ii|=195565 ratio=1.81167e-08 pivots<1e-12: 0
  [LU] n=924 kutta=1 min|U_ii|=0.0049059 max|U_ii|=111026 ratio=4.41868e-08 pivots<1e-12: 0
  [LU] n=2520 kutta=1 min|U_ii|=0.0445846 max|U_ii|=6061.07 ratio=7.3559e-06 pivots<1e-12: 0
  [LU] n=924 kutta=1 min|U_ii|=0.00354299 max|U_ii|=195565 ratio=1.81167e-08 pivots<1e-12: 0
  [LU] n=924 kutta=1 min|U_ii|=0.00354299 max|U_ii|=195565 ratio=1.81167e-08 pivots<1e-12: 0
  [LU] n=924 kutta=1 min|U_ii|=0.0049059 max|U_ii|=111026 ratio=4.41868e-08 pivots<1e-12: 0
  [LU] n=2520 kutta=1 min|U_ii|=0.0445846 max|U_ii|=6061.07 ratio=7.3559e-06 pivots<1e-12: 0
  [LU] n=924 kutta=1 min|U_ii|=0.00354299 max|U_ii|=195565 ratio=1.81167e-08 pivots<1e-12: 0
  [LU] n=924 kutta=1 min|U_ii|=0.00354299 max|U_ii|=195565 ratio=1.81167e-08 pivots<1e-12: 0
  [LU] n=924 kutta=1 min|U_ii|=0.0049059 max|U_ii|=111026 ratio=4.41868e-08 pivots<1e-12: 0
  [LU] n=2520 kutta=1 min|U_ii|=0.0445846 max|U_ii|=6061.07 ratio=7.3559e-06 pivots<1e-12: 0
  [LU] n=924 kutta=1 min|U_ii|=0.00354299 max|U_ii|=195565 ratio=1.81167e-08 pivots<1e-12: 0
  [LU] n=924 kutta=1 min|U_ii|=0.00354299 max|U_ii|=195565 ratio=1.81167e-08 pivots<1e-12: 0
  [LU] n=924 kutta=1 min|U_ii|=0.0049059 max|U_ii|=111026 ratio=4.41868e-08 pivots<1e-12: 0
  [LU] n=2520 kutta=1 min|U_ii|=0.0445846 max|U_ii|=6061.07 ratio=7.3559e-06 pivots<1e-12: 0
  [LU] n=924 kutta=1 min|U_ii|=0.00354299 max|U_ii|=195565 ratio=1.81167e-08 pivots<1e-12: 0
  [LU] n=924 kutta=1 min|U_ii|=0.00354299 max|U_ii|=195565 ratio=1.81167e-08 pivots<1e-12: 0
  [LU] n=924 kutta=1 min|U_ii|=0.0049059 max|U_ii|=111026 ratio=4.41868e-08 pivots<1e-12: 0
  [LU] n=2520 kutta=1 min|U_ii|=0.0445846 max|U_ii|=6061.07 ratio=7.3559e-06 pivots<1e-12: 0
  [LU] n=924 kutta=1 min|U_ii|=0.00354299 max|U_ii|=195565 ratio=1.81167e-08 pivots<1e-12: 0
  [LU] n=924 kutta=1 min|U_ii|=0.00354299 max|U_ii|=195565 ratio=1.81167e-08 pivots<1e-12: 0
  [LU] n=924 kutta=1 min|U_ii|=0.0049059 max|U_ii|=111026 ratio=4.41868e-08 pivots<1e-12: 0
  [LU] n=2520 kutta=1 min|U_ii|=0.0445846 max|U_ii|=6061.07 ratio=7.3559e-06 pivots<1e-12: 0
  [LU] n=924 kutta=1 min|U_ii|=0.00354299 max|U_ii|=195565 ratio=1.81167e-08 pivots<1e-12: 0
  [LU] n=924 kutta=1 min|U_ii|=0.00354299 max|U_ii|=195565 ratio=1.81167e-08 pivots<1e-12: 0
  [LU] n=924 kutta=1 min|U_ii|=0.0049059 max|U_ii|=111026 ratio=4.41868e-08 pivots<1e-12: 0
  [LU] n=2520 kutta=1 min|U_ii|=0.0445846 max|U_ii|=6061.07 ratio=7.3559e-06 pivots<1e-12: 0
  [LU] n=924 kutta=1 min|U_ii|=0.00354299 max|U_ii|=195565 ratio=1.81167e-08 pivots<1e-12: 0
  [LU] n=924 kutta=1 min|U_ii|=0.00354299 max|U_ii|=195565 ratio=1.81167e-08 pivots<1e-12: 0
  [LU] n=924 kutta=1 min|U_ii|=0.0049059 max|U_ii|=111026 ratio=4.41868e-08 pivots<1e-12: 0
  [LU] n=2520 kutta=1 min|U_ii|=0.0445846 max|U_ii|=6061.07 ratio=7.3559e-06 pivots<1e-12: 0
  [LU] n=924 kutta=1 min|U_ii|=0.00354299 max|U_ii|=195565 ratio=1.81167e-08 pivots<1e-12: 0
  [LU] n=924 kutta=1 min|U_ii|=0.00354299 max|U_ii|=195565 ratio=1.81167e-08 pivots<1e-12: 0
  [LU] n=924 kutta=1 min|U_ii|=0.0049059 max|U_ii|=111026 ratio=4.41868e-08 pivots<1e-12: 0
  [LU] n=2520 kutta=1 min|U_ii|=0.0445846 max|U_ii|=6061.07 ratio=7.3559e-06 pivots<1e-12: 0
  [LU] n=924 kutta=1 min|U_ii|=0.00354299 max|U_ii|=195565 ratio=1.81167e-08 pivots<1e-12: 0
  [LU] n=924 kutta=1 min|U_ii|=0.00354299 max|U_ii|=195565 ratio=1.81167e-08 pivots<1e-12: 0
  [LU] n=924 kutta=1 min|U_ii|=0.0049059 max|U_ii|=111026 ratio=4.41868e-08 pivots<1e-12: 0
  [LU] n=2520 kutta=1 min|U_ii|=0.0445846 max|U_ii|=6061.07 ratio=7.3559e-06 pivots<1e-12: 0
  [LU] n=924 kutta=1 min|U_ii|=0.00354299 max|U_ii|=195565 ratio=1.81167e-08 pivots<1e-12: 0
  [LU] n=924 kutta=1 min|U_ii|=0.00354299 max|U_ii|=195565 ratio=1.81167e-08 pivots<1e-12: 0
  [LU] n=924 kutta=1 min|U_ii|=0.0049059 max|U_ii|=111026 ratio=4.41868e-08 pivots<1e-12: 0
  [LU] n=2520 kutta=1 min|U_ii|=0.0445846 max|U_ii|=6061.07 ratio=7.3559e-06 pivots<1e-12: 0
  [LU] n=924 kutta=1 min|U_ii|=0.00354299 max|U_ii|=195565 ratio=1.81167e-08 pivots<1e-12: 0
  [LU] n=924 kutta=1 min|U_ii|=0.00354299 max|U_ii|=195565 ratio=1.81167e-08 pivots<1e-12: 0
  [LU] n=924 kutta=1 min|U_ii|=0.0049059 max|U_ii|=111026 ratio=4.41868e-08 pivots<1e-12: 0
  [LU] n=2520 kutta=1 min|U_ii|=0.0445846 max|U_ii|=6061.07 ratio=7.3559e-06 pivots<1e-12: 0
  [LU] n=924 kutta=1 min|U_ii|=0.00354299 max|U_ii|=195565 ratio=1.81167e-08 pivots<1e-12: 0
  [LU] n=924 kutta=1 min|U_ii|=0.00354299 max|U_ii|=195565 ratio=1.81167e-08 pivots<1e-12: 0
  [LU] n=924 kutta=1 min|U_ii|=0.0049059 max|U_ii|=111026 ratio=4.41868e-08 pivots<1e-12: 0
  [LU] n=2520 kutta=1 min|U_ii|=0.0445846 max|U_ii|=6061.07 ratio=7.3559e-06 pivots<1e-12: 0
  [LU] n=924 kutta=1 min|U_ii|=0.00354299 max|U_ii|=195565 ratio=1.81167e-08 pivots<1e-12: 0
  [LU] n=924 kutta=1 min|U_ii|=0.00354299 max|U_ii|=195565 ratio=1.81167e-08 pivots<1e-12: 0
  [LU] n=924 kutta=1 min|U_ii|=0.0049059 max|U_ii|=111026 ratio=4.41868e-08 pivots<1e-12: 0
  [LU] n=2520 kutta=1 min|U_ii|=0.0445846 max|U_ii|=6061.07 ratio=7.3559e-06 pivots<1e-12: 0
  [LU] n=924 kutta=1 min|U_ii|=0.00354299 max|U_ii|=195565 ratio=1.81167e-08 pivots<1e-12: 0
  [LU] n=924 kutta=1 min|U_ii|=0.00354299 max|U_ii|=195565 ratio=1.81167e-08 pivots<1e-12: 0
  [LU] n=924 kutta=1 min|U_ii|=0.0049059 max|U_ii|=111026 ratio=4.41868e-08 pivots<1e-12: 0
  [LU] n=2520 kutta=1 min|U_ii|=0.0445846 max|U_ii|=6061.07 ratio=7.3559e-06 pivots<1e-12: 0
  [LU] n=924 kutta=1 min|U_ii|=0.00354299 max|U_ii|=195565 ratio=1.81167e-08 pivots<1e-12: 0
  [LU] n=924 kutta=1 min|U_ii|=0.00354299 max|U_ii|=195565 ratio=1.81167e-08 pivots<1e-12: 0
  [LU] n=924 kutta=1 min|U_ii|=0.0049059 max|U_ii|=111026 ratio=4.41868e-08 pivots<1e-12: 0
  [LU] n=2520 kutta=1 min|U_ii|=0.0445846 max|U_ii|=6061.07 ratio=7.3559e-06 pivots<1e-12: 0
  [LU] n=924 kutta=1 min|U_ii|=0.00354299 max|U_ii|=195565 ratio=1.81167e-08 pivots<1e-12: 0
  [LU] n=924 kutta=1 min|U_ii|=0.00354299 max|U_ii|=195565 ratio=1.81167e-08 pivots<1e-12: 0
  [LU] n=924 kutta=1 min|U_ii|=0.0049059 max|U_ii|=111026 ratio=4.41868e-08 pivots<1e-12: 0
  [LU] n=2520 kutta=1 min|U_ii|=0.0445846 max|U_ii|=6061.07 ratio=7.3559e-06 pivots<1e-12: 0
  [LU] n=924 kutta=1 min|U_ii|=0.00354299 max|U_ii|=195565 ratio=1.81167e-08 pivots<1e-12: 0
  [LU] n=924 kutta=1 min|U_ii|=0.00354299 max|U_ii|=195565 ratio=1.81167e-08 pivots<1e-12: 0
  [LU] n=924 kutta=1 min|U_ii|=0.0049059 max|U_ii|=111026 ratio=4.41868e-08 pivots<1e-12: 0
  [LU] n=2520 kutta=1 min|U_ii|=0.0445846 max|U_ii|=6061.07 ratio=7.3559e-06 pivots<1e-12: 0
  [LU] n=924 kutta=1 min|U_ii|=0.00354299 max|U_ii|=195565 ratio=1.81167e-08 pivots<1e-12: 0
  [LU] n=924 kutta=1 min|U_ii|=0.00354299 max|U_ii|=195565 ratio=1.81167e-08 pivots<1e-12: 0
  [LU] n=924 kutta=1 min|U_ii|=0.0049059 max|U_ii|=111026 ratio=4.41868e-08 pivots<1e-12: 0
  [LU] n=2520 kutta=1 min|U_ii|=0.0445846 max|U_ii|=6061.07 ratio=7.3559e-06 pivots<1e-12: 0
  [LU] n=924 kutta=1 min|U_ii|=0.00354299 max|U_ii|=195565 ratio=1.81167e-08 pivots<1e-12: 0
  [LU] n=924 kutta=1 min|U_ii|=0.00354299 max|U_ii|=195565 ratio=1.81167e-08 pivots<1e-12: 0
  [LU] n=924 kutta=1 min|U_ii|=0.0049059 max|U_ii|=111026 ratio=4.41868e-08 pivots<1e-12: 0
  [LU] n=2520 kutta=1 min|U_ii|=0.0445846 max|U_ii|=6061.07 ratio=7.3559e-06 pivots<1e-12: 0
  [LU] n=924 kutta=1 min|U_ii|=0.00354299 max|U_ii|=195565 ratio=1.81167e-08 pivots<1e-12: 0
  [LU] n=924 kutta=1 min|U_ii|=0.00354299 max|U_ii|=195565 ratio=1.81167e-08 pivots<1e-12: 0
  [LU] n=924 kutta=1 min|U_ii|=0.0049059 max|U_ii|=111026 ratio=4.41868e-08 pivots<1e-12: 0
  [LU] n=2520 kutta=1 min|U_ii|=0.0445846 max|U_ii|=6061.07 ratio=7.3559e-06 pivots<1e-12: 0
  [LU] n=924 kutta=1 min|U_ii|=0.00354299 max|U_ii|=195565 ratio=1.81167e-08 pivots<1e-12: 0
  [LU] n=924 kutta=1 min|U_ii|=0.00354299 max|U_ii|=195565 ratio=1.81167e-08 pivots<1e-12: 0
  [LU] n=924 kutta=1 min|U_ii|=0.0049059 max|U_ii|=111026 ratio=4.41868e-08 pivots<1e-12: 0
  [LU] n=2520 kutta=1 min|U_ii|=0.0445846 max|U_ii|=6061.07 ratio=7.3559e-06 pivots<1e-12: 0
  [LU] n=924 kutta=1 min|U_ii|=0.00354299 max|U_ii|=195565 ratio=1.81167e-08 pivots<1e-12: 0
  [LU] n=924 kutta=1 min|U_ii|=0.00354299 max|U_ii|=195565 ratio=1.81167e-08 pivots<1e-12: 0
  [LU] n=924 kutta=1 min|U_ii|=0.0049059 max|U_ii|=111026 ratio=4.41868e-08 pivots<1e-12: 0
  [LU] n=2520 kutta=1 min|U_ii|=0.0445846 max|U_ii|=6061.07 ratio=7.3559e-06 pivots<1e-12: 0
  [LU] n=924 kutta=1 min|U_ii|=0.00354299 max|U_ii|=195565 ratio=1.81167e-08 pivots<1e-12: 0
  [LU] n=924 kutta=1 min|U_ii|=0.00354299 max|U_ii|=195565 ratio=1.81167e-08 pivots<1e-12: 0
  [LU] n=924 kutta=1 min|U_ii|=0.0049059 max|U_ii|=111026 ratio=4.41868e-08 pivots<1e-12: 0
  [LU] n=2520 kutta=1 min|U_ii|=0.0445846 max|U_ii|=6061.07 ratio=7.3559e-06 pivots<1e-12: 0
  [LU] n=924 kutta=1 min|U_ii|=0.00354299 max|U_ii|=195565 ratio=1.81167e-08 pivots<1e-12: 0
  [LU] n=924 kutta=1 min|U_ii|=0.00354299 max|U_ii|=195565 ratio=1.81167e-08 pivots<1e-12: 0
  [LU] n=924 kutta=1 min|U_ii|=0.0049059 max|U_ii|=111026 ratio=4.41868e-08 pivots<1e-12: 0
  [LU] n=2520 kutta=1 min|U_ii|=0.0445846 max|U_ii|=6061.07 ratio=7.3559e-06 pivots<1e-12: 0
  [LU] n=924 kutta=1 min|U_ii|=0.00354299 max|U_ii|=195565 ratio=1.81167e-08 pivots<1e-12: 0
  [LU] n=924 kutta=1 min|U_ii|=0.00354299 max|U_ii|=195565 ratio=1.81167e-08 pivots<1e-12: 0
  [LU] n=924 kutta=1 min|U_ii|=0.0049059 max|U_ii|=111026 ratio=4.41868e-08 pivots<1e-12: 0
  [LU] n=2520 kutta=1 min|U_ii|=0.0445846 max|U_ii|=6061.07 ratio=7.3559e-06 pivots<1e-12: 0
  [LU] n=924 kutta=1 min|U_ii|=0.00354299 max|U_ii|=195565 ratio=1.81167e-08 pivots<1e-12: 0
  [LU] n=924 kutta=1 min|U_ii|=0.00354299 max|U_ii|=195565 ratio=1.81167e-08 pivots<1e-12: 0
  [LU] n=924 kutta=1 min|U_ii|=0.0049059 max|U_ii|=111026 ratio=4.41868e-08 pivots<1e-12: 0
  [LU] n=2520 kutta=1 min|U_ii|=0.0445846 max|U_ii|=6061.07 ratio=7.3559e-06 pivots<1e-12: 0
  [LU] n=924 kutta=1 min|U_ii|=0.00354299 max|U_ii|=195565 ratio=1.81167e-08 pivots<1e-12: 0
  [LU] n=924 kutta=1 min|U_ii|=0.00354299 max|U_ii|=195565 ratio=1.81167e-08 pivots<1e-12: 0
  [LU] n=924 kutta=1 min|U_ii|=0.0049059 max|U_ii|=111026 ratio=4.41868e-08 pivots<1e-12: 0
  [LU] n=2520 kutta=1 min|U_ii|=0.0445846 max|U_ii|=6061.07 ratio=7.3559e-06 pivots<1e-12: 0
  [LU] n=924 kutta=1 min|U_ii|=0.00354299 max|U_ii|=195565 ratio=1.81167e-08 pivots<1e-12: 0
  [LU] n=924 kutta=1 min|U_ii|=0.00354299 max|U_ii|=195565 ratio=1.81167e-08 pivots<1e-12: 0
  [LU] n=924 kutta=1 min|U_ii|=0.0049059 max|U_ii|=111026 ratio=4.41868e-08 pivots<1e-12: 0
  [LU] n=2520 kutta=1 min|U_ii|=0.0445846 max|U_ii|=6061.07 ratio=7.3559e-06 pivots<1e-12: 0
  [LU] n=924 kutta=1 min|U_ii|=0.00354299 max|U_ii|=195565 ratio=1.81167e-08 pivots<1e-12: 0
  [LU] n=924 kutta=1 min|U_ii|=0.00354299 max|U_ii|=195565 ratio=1.81167e-08 pivots<1e-12: 0
  [LU] n=924 kutta=1 min|U_ii|=0.0049059 max|U_ii|=111026 ratio=4.41868e-08 pivots<1e-12: 0
  [LU] n=2520 kutta=1 min|U_ii|=0.0445846 max|U_ii|=6061.07 ratio=7.3559e-06 pivots<1e-12: 0
  [LU] n=924 kutta=1 min|U_ii|=0.00354299 max|U_ii|=195565 ratio=1.81167e-08 pivots<1e-12: 0
  [LU] n=924 kutta=1 min|U_ii|=0.00354299 max|U_ii|=195565 ratio=1.81167e-08 pivots<1e-12: 0
  [LU] n=924 kutta=1 min|U_ii|=0.0049059 max|U_ii|=111026 ratio=4.41868e-08 pivots<1e-12: 0
  [LU] n=2520 kutta=1 min|U_ii|=0.0445846 max|U_ii|=6061.07 ratio=7.3559e-06 pivots<1e-12: 0
  [LU] n=924 kutta=1 min|U_ii|=0.00354299 max|U_ii|=195565 ratio=1.81167e-08 pivots<1e-12: 0
  [LU] n=924 kutta=1 min|U_ii|=0.00354299 max|U_ii|=195565 ratio=1.81167e-08 pivots<1e-12: 0
  [LU] n=924 kutta=1 min|U_ii|=0.0049059 max|U_ii|=111026 ratio=4.41868e-08 pivots<1e-12: 0
  [LU] n=2520 kutta=1 min|U_ii|=0.0445846 max|U_ii|=6061.07 ratio=7.3559e-06 pivots<1e-12: 0
  [LU] n=924 kutta=1 min|U_ii|=0.00354299 max|U_ii|=195565 ratio=1.81167e-08 pivots<1e-12: 0
  [LU] n=924 kutta=1 min|U_ii|=0.00354299 max|U_ii|=195565 ratio=1.81167e-08 pivots<1e-12: 0
  [LU] n=924 kutta=1 min|U_ii|=0.0049059 max|U_ii|=111026 ratio=4.41868e-08 pivots<1e-12: 0
  [LU] n=2520 kutta=1 min|U_ii|=0.0445846 max|U_ii|=6061.07 ratio=7.3559e-06 pivots<1e-12: 0
  [LU] n=924 kutta=1 min|U_ii|=0.00354299 max|U_ii|=195565 ratio=1.81167e-08 pivots<1e-12: 0
  [LU] n=924 kutta=1 min|U_ii|=0.00354299 max|U_ii|=195565 ratio=1.81167e-08 pivots<1e-12: 0
  [LU] n=924 kutta=1 min|U_ii|=0.0049059 max|U_ii|=111026 ratio=4.41868e-08 pivots<1e-12: 0
  [LU] n=2520 kutta=1 min|U_ii|=0.0445846 max|U_ii|=6061.07 ratio=7.3559e-06 pivots<1e-12: 0
  [LU] n=924 kutta=1 min|U_ii|=0.00354299 max|U_ii|=195565 ratio=1.81167e-08 pivots<1e-12: 0
  [LU] n=924 kutta=1 min|U_ii|=0.00354299 max|U_ii|=195565 ratio=1.81167e-08 pivots<1e-12: 0
  [LU] n=924 kutta=1 min|U_ii|=0.0049059 max|U_ii|=111026 ratio=4.41868e-08 pivots<1e-12: 0
  [LU] n=2520 kutta=1 min|U_ii|=0.0445846 max|U_ii|=6061.07 ratio=7.3559e-06 pivots<1e-12: 0
  [LU] n=924 kutta=1 min|U_ii|=0.00354299 max|U_ii|=195565 ratio=1.81167e-08 pivots<1e-12: 0
  [LU] n=924 kutta=1 min|U_ii|=0.00354299 max|U_ii|=195565 ratio=1.81167e-08 pivots<1e-12: 0
  [LU] n=924 kutta=1 min|U_ii|=0.0049059 max|U_ii|=111026 ratio=4.41868e-08 pivots<1e-12: 0
  [LU] n=2520 kutta=1 min|U_ii|=0.0445846 max|U_ii|=6061.07 ratio=7.3559e-06 pivots<1e-12: 0
  [LU] n=924 kutta=1 min|U_ii|=0.00354299 max|U_ii|=195565 ratio=1.81167e-08 pivots<1e-12: 0
  [LU] n=924 kutta=1 min|U_ii|=0.00354299 max|U_ii|=195565 ratio=1.81167e-08 pivots<1e-12: 0
  [LU] n=924 kutta=1 min|U_ii|=0.0049059 max|U_ii|=111026 ratio=4.41868e-08 pivots<1e-12: 0
  [LU] n=2520 kutta=1 min|U_ii|=0.0445846 max|U_ii|=6061.07 ratio=7.3559e-06 pivots<1e-12: 0
  [LU] n=924 kutta=1 min|U_ii|=0.00354299 max|U_ii|=195565 ratio=1.81167e-08 pivots<1e-12: 0
  [LU] n=924 kutta=1 min|U_ii|=0.00354299 max|U_ii|=195565 ratio=1.81167e-08 pivots<1e-12: 0
  [LU] n=924 kutta=1 min|U_ii|=0.0049059 max|U_ii|=111026 ratio=4.41868e-08 pivots<1e-12: 0
  [LU] n=2520 kutta=1 min|U_ii|=0.0445846 max|U_ii|=6061.07 ratio=7.3559e-06 pivots<1e-12: 0
  [LU] n=924 kutta=1 min|U_ii|=0.00354299 max|U_ii|=195565 ratio=1.81167e-08 pivots<1e-12: 0
  [LU] n=924 kutta=1 min|U_ii|=0.00354299 max|U_ii|=195565 ratio=1.81167e-08 pivots<1e-12: 0
  [LU] n=924 kutta=1 min|U_ii|=0.0049059 max|U_ii|=111026 ratio=4.41868e-08 pivots<1e-12: 0
  [LU] n=2520 kutta=1 min|U_ii|=0.0445846 max|U_ii|=6061.07 ratio=7.3559e-06 pivots<1e-12: 0
  [LU] n=924 kutta=1 min|U_ii|=0.00354299 max|U_ii|=195565 ratio=1.81167e-08 pivots<1e-12: 0
  [LU] n=924 kutta=1 min|U_ii|=0.00354299 max|U_ii|=195565 ratio=1.81167e-08 pivots<1e-12: 0
  [LU] n=924 kutta=1 min|U_ii|=0.0049059 max|U_ii|=111026 ratio=4.41868e-08 pivots<1e-12: 0
  [LU] n=2520 kutta=1 min|U_ii|=0.0445846 max|U_ii|=6061.07 ratio=7.3559e-06 pivots<1e-12: 0
  [LU] n=924 kutta=1 min|U_ii|=0.00354299 max|U_ii|=195565 ratio=1.81167e-08 pivots<1e-12: 0
  [LU] n=924 kutta=1 min|U_ii|=0.00354299 max|U_ii|=195565 ratio=1.81167e-08 pivots<1e-12: 0
  [LU] n=924 kutta=1 min|U_ii|=0.0049059 max|U_ii|=111026 ratio=4.41868e-08 pivots<1e-12: 0
  [LU] n=2520 kutta=1 min|U_ii|=0.0445846 max|U_ii|=6061.07 ratio=7.3559e-06 pivots<1e-12: 0
  [LU] n=924 kutta=1 min|U_ii|=0.00354299 max|U_ii|=195565 ratio=1.81167e-08 pivots<1e-12: 0
  [LU] n=924 kutta=1 min|U_ii|=0.00354299 max|U_ii|=195565 ratio=1.81167e-08 pivots<1e-12: 0
  [LU] n=924 kutta=1 min|U_ii|=0.0049059 max|U_ii|=111026 ratio=4.41868e-08 pivots<1e-12: 0
  [LU] n=2520 kutta=1 min|U_ii|=0.0445846 max|U_ii|=6061.07 ratio=7.3559e-06 pivots<1e-12: 0
  [LU] n=924 kutta=1 min|U_ii|=0.00354299 max|U_ii|=195565 ratio=1.81167e-08 pivots<1e-12: 0
  [LU] n=924 kutta=1 min|U_ii|=0.00354299 max|U_ii|=195565 ratio=1.81167e-08 pivots<1e-12: 0
  [LU] n=924 kutta=1 min|U_ii|=0.0049059 max|U_ii|=111026 ratio=4.41868e-08 pivots<1e-12: 0
  [LU] n=2520 kutta=1 min|U_ii|=0.0445846 max|U_ii|=6061.07 ratio=7.3559e-06 pivots<1e-12: 0
  [LU] n=924 kutta=1 min|U_ii|=0.00354299 max|U_ii|=195565 ratio=1.81167e-08 pivots<1e-12: 0
  [LU] n=924 kutta=1 min|U_ii|=0.00354299 max|U_ii|=195565 ratio=1.81167e-08 pivots<1e-12: 0
  [LU] n=924 kutta=1 min|U_ii|=0.0049059 max|U_ii|=111026 ratio=4.41868e-08 pivots<1e-12: 0
  [LU] n=2520 kutta=1 min|U_ii|=0.0445846 max|U_ii|=6061.07 ratio=7.3559e-06 pivots<1e-12: 0
  [LU] n=924 kutta=1 min|U_ii|=0.00354299 max|U_ii|=195565 ratio=1.81167e-08 pivots<1e-12: 0
  [LU] n=924 kutta=1 min|U_ii|=0.00354299 max|U_ii|=195565 ratio=1.81167e-08 pivots<1e-12: 0
  [LU] n=924 kutta=1 min|U_ii|=0.0049059 max|U_ii|=111026 ratio=4.41868e-08 pivots<1e-12: 0
  [LU] n=2520 kutta=1 min|U_ii|=0.0445846 max|U_ii|=6061.07 ratio=7.3559e-06 pivots<1e-12: 0
  [LU] n=924 kutta=1 min|U_ii|=0.00354299 max|U_ii|=195565 ratio=1.81167e-08 pivots<1e-12: 0
  [LU] n=924 kutta=1 min|U_ii|=0.00354299 max|U_ii|=195565 ratio=1.81167e-08 pivots<1e-12: 0
  [LU] n=924 kutta=1 min|U_ii|=0.0049059 max|U_ii|=111026 ratio=4.41868e-08 pivots<1e-12: 0
  [LU] n=2520 kutta=1 min|U_ii|=0.0445846 max|U_ii|=6061.07 ratio=7.3559e-06 pivots<1e-12: 0
  [LU] n=924 kutta=1 min|U_ii|=0.00354299 max|U_ii|=195565 ratio=1.81167e-08 pivots<1e-12: 0
  [LU] n=924 kutta=1 min|U_ii|=0.00354299 max|U_ii|=195565 ratio=1.81167e-08 pivots<1e-12: 0
  [LU] n=924 kutta=1 min|U_ii|=0.0049059 max|U_ii|=111026 ratio=4.41868e-08 pivots<1e-12: 0
  [LU] n=2520 kutta=1 min|U_ii|=0.0445846 max|U_ii|=6061.07 ratio=7.3559e-06 pivots<1e-12: 0
  [LU] n=924 kutta=1 min|U_ii|=0.00354299 max|U_ii|=195565 ratio=1.81167e-08 pivots<1e-12: 0
  [LU] n=924 kutta=1 min|U_ii|=0.00354299 max|U_ii|=195565 ratio=1.81167e-08 pivots<1e-12: 0
  [LU] n=924 kutta=1 min|U_ii|=0.0049059 max|U_ii|=111026 ratio=4.41868e-08 pivots<1e-12: 0
  [LU] n=2520 kutta=1 min|U_ii|=0.0445846 max|U_ii|=6061.07 ratio=7.3559e-06 pivots<1e-12: 0
  [LU] n=924 kutta=1 min|U_ii|=0.00354299 max|U_ii|=195565 ratio=1.81167e-08 pivots<1e-12: 0
  [LU] n=924 kutta=1 min|U_ii|=0.00354299 max|U_ii|=195565 ratio=1.81167e-08 pivots<1e-12: 0
  [LU] n=924 kutta=1 min|U_ii|=0.0049059 max|U_ii|=111026 ratio=4.41868e-08 pivots<1e-12: 0
  [LU] n=2520 kutta=1 min|U_ii|=0.0445846 max|U_ii|=6061.07 ratio=7.3559e-06 pivots<1e-12: 0
  [LU] n=924 kutta=1 min|U_ii|=0.00354299 max|U_ii|=195565 ratio=1.81167e-08 pivots<1e-12: 0
  [LU] n=924 kutta=1 min|U_ii|=0.00354299 max|U_ii|=195565 ratio=1.81167e-08 pivots<1e-12: 0
  [LU] n=924 kutta=1 min|U_ii|=0.0049059 max|U_ii|=111026 ratio=4.41868e-08 pivots<1e-12: 0
  [LU] n=2520 kutta=1 min|U_ii|=0.0445846 max|U_ii|=6061.07 ratio=7.3559e-06 pivots<1e-12: 0
  [LU] n=924 kutta=1 min|U_ii|=0.00354299 max|U_ii|=195565 ratio=1.81167e-08 pivots<1e-12: 0
  [LU] n=924 kutta=1 min|U_ii|=0.00354299 max|U_ii|=195565 ratio=1.81167e-08 pivots<1e-12: 0
  [LU] n=924 kutta=1 min|U_ii|=0.0049059 max|U_ii|=111026 ratio=4.41868e-08 pivots<1e-12: 0
  [LU] n=2520 kutta=1 min|U_ii|=0.0445846 max|U_ii|=6061.07 ratio=7.3559e-06 pivots<1e-12: 0
  [LU] n=924 kutta=1 min|U_ii|=0.00354299 max|U_ii|=195565 ratio=1.81167e-08 pivots<1e-12: 0
  [LU] n=924 kutta=1 min|U_ii|=0.00354299 max|U_ii|=195565 ratio=1.81167e-08 pivots<1e-12: 0
  [LU] n=924 kutta=1 min|U_ii|=0.0049059 max|U_ii|=111026 ratio=4.41868e-08 pivots<1e-12: 0
  [LU] n=2520 kutta=1 min|U_ii|=0.0445846 max|U_ii|=6061.07 ratio=7.3559e-06 pivots<1e-12: 0
  [LU] n=924 kutta=1 min|U_ii|=0.00354299 max|U_ii|=195565 ratio=1.81167e-08 pivots<1e-12: 0
  [LU] n=924 kutta=1 min|U_ii|=0.00354299 max|U_ii|=195565 ratio=1.81167e-08 pivots<1e-12: 0
  [LU] n=924 kutta=1 min|U_ii|=0.0049059 max|U_ii|=111026 ratio=4.41868e-08 pivots<1e-12: 0
  [LU] n=2520 kutta=1 min|U_ii|=0.0445846 max|U_ii|=6061.07 ratio=7.3559e-06 pivots<1e-12: 0
  [LU] n=924 kutta=1 min|U_ii|=0.00354299 max|U_ii|=195565 ratio=1.81167e-08 pivots<1e-12: 0
  [LU] n=924 kutta=1 min|U_ii|=0.00354299 max|U_ii|=195565 ratio=1.81167e-08 pivots<1e-12: 0
  [LU] n=924 kutta=1 min|U_ii|=0.0049059 max|U_ii|=111026 ratio=4.41868e-08 pivots<1e-12: 0
  [LU] n=2520 kutta=1 min|U_ii|=0.0445846 max|U_ii|=6061.07 ratio=7.3559e-06 pivots<1e-12: 0
  [LU] n=924 kutta=1 min|U_ii|=0.00354299 max|U_ii|=195565 ratio=1.81167e-08 pivots<1e-12: 0
  [LU] n=924 kutta=1 min|U_ii|=0.00354299 max|U_ii|=195565 ratio=1.81167e-08 pivots<1e-12: 0
  [LU] n=924 kutta=1 min|U_ii|=0.0049059 max|U_ii|=111026 ratio=4.41868e-08 pivots<1e-12: 0
  [LU] n=2520 kutta=1 min|U_ii|=0.0445846 max|U_ii|=6061.07 ratio=7.3559e-06 pivots<1e-12: 0
  [LU] n=924 kutta=1 min|U_ii|=0.00354299 max|U_ii|=195565 ratio=1.81167e-08 pivots<1e-12: 0
  [LU] n=924 kutta=1 min|U_ii|=0.00354299 max|U_ii|=195565 ratio=1.81167e-08 pivots<1e-12: 0
  [LU] n=924 kutta=1 min|U_ii|=0.0049059 max|U_ii|=111026 ratio=4.41868e-08 pivots<1e-12: 0
  [LU] n=2520 kutta=1 min|U_ii|=0.0445846 max|U_ii|=6061.07 ratio=7.3559e-06 pivots<1e-12: 0
  [LU] n=924 kutta=1 min|U_ii|=0.00354299 max|U_ii|=195565 ratio=1.81167e-08 pivots<1e-12: 0
  [LU] n=924 kutta=1 min|U_ii|=0.00354299 max|U_ii|=195565 ratio=1.81167e-08 pivots<1e-12: 0
  [LU] n=924 kutta=1 min|U_ii|=0.0049059 max|U_ii|=111026 ratio=4.41868e-08 pivots<1e-12: 0
  [LU] n=2520 kutta=1 min|U_ii|=0.0445846 max|U_ii|=6061.07 ratio=7.3559e-06 pivots<1e-12: 0
  [LU] n=924 kutta=1 min|U_ii|=0.00354299 max|U_ii|=195565 ratio=1.81167e-08 pivots<1e-12: 0
  [LU] n=924 kutta=1 min|U_ii|=0.00354299 max|U_ii|=195565 ratio=1.81167e-08 pivots<1e-12: 0
  [LU] n=924 kutta=1 min|U_ii|=0.0049059 max|U_ii|=111026 ratio=4.41868e-08 pivots<1e-12: 0
  [LU] n=2520 kutta=1 min|U_ii|=0.0445846 max|U_ii|=6061.07 ratio=7.3559e-06 pivots<1e-12: 0
  [LU] n=924 kutta=1 min|U_ii|=0.00354299 max|U_ii|=195565 ratio=1.81167e-08 pivots<1e-12: 0
  [LU] n=924 kutta=1 min|U_ii|=0.00354299 max|U_ii|=195565 ratio=1.81167e-08 pivots<1e-12: 0
  [LU] n=924 kutta=1 min|U_ii|=0.0049059 max|U_ii|=111026 ratio=4.41868e-08 pivots<1e-12: 0
  [LU] n=2520 kutta=1 min|U_ii|=0.0445846 max|U_ii|=6061.07 ratio=7.3559e-06 pivots<1e-12: 0
  [LU] n=924 kutta=1 min|U_ii|=0.00354299 max|U_ii|=195565 ratio=1.81167e-08 pivots<1e-12: 0
  [LU] n=924 kutta=1 min|U_ii|=0.00354299 max|U_ii|=195565 ratio=1.81167e-08 pivots<1e-12: 0
  [LU] n=924 kutta=1 min|U_ii|=0.0049059 max|U_ii|=111026 ratio=4.41868e-08 pivots<1e-12: 0
  [LU] n=2520 kutta=1 min|U_ii|=0.0445846 max|U_ii|=6061.07 ratio=7.3559e-06 pivots<1e-12: 0
  [LU] n=924 kutta=1 min|U_ii|=0.00354299 max|U_ii|=195565 ratio=1.81167e-08 pivots<1e-12: 0
  [LU] n=924 kutta=1 min|U_ii|=0.00354299 max|U_ii|=195565 ratio=1.81167e-08 pivots<1e-12: 0
  [LU] n=924 kutta=1 min|U_ii|=0.0049059 max|U_ii|=111026 ratio=4.41868e-08 pivots<1e-12: 0
  [LU] n=2520 kutta=1 min|U_ii|=0.0445846 max|U_ii|=6061.07 ratio=7.3559e-06 pivots<1e-12: 0
  [LU] n=924 kutta=1 min|U_ii|=0.00354299 max|U_ii|=195565 ratio=1.81167e-08 pivots<1e-12: 0
  [LU] n=924 kutta=1 min|U_ii|=0.00354299 max|U_ii|=195565 ratio=1.81167e-08 pivots<1e-12: 0
  [LU] n=924 kutta=1 min|U_ii|=0.0049059 max|U_ii|=111026 ratio=4.41868e-08 pivots<1e-12: 0
  [LU] n=2520 kutta=1 min|U_ii|=0.0445846 max|U_ii|=6061.07 ratio=7.3559e-06 pivots<1e-12: 0
  [LU] n=924 kutta=1 min|U_ii|=0.00354299 max|U_ii|=195565 ratio=1.81167e-08 pivots<1e-12: 0
  [LU] n=924 kutta=1 min|U_ii|=0.00354299 max|U_ii|=195565 ratio=1.81167e-08 pivots<1e-12: 0
  [LU] n=924 kutta=1 min|U_ii|=0.0049059 max|U_ii|=111026 ratio=4.41868e-08 pivots<1e-12: 0
  [LU] n=2520 kutta=1 min|U_ii|=0.0445846 max|U_ii|=6061.07 ratio=7.3559e-06 pivots<1e-12: 0
  [LU] n=924 kutta=1 min|U_ii|=0.00354299 max|U_ii|=195565 ratio=1.81167e-08 pivots<1e-12: 0
  [LU] n=924 kutta=1 min|U_ii|=0.00354299 max|U_ii|=195565 ratio=1.81167e-08 pivots<1e-12: 0
  [LU] n=924 kutta=1 min|U_ii|=0.0049059 max|U_ii|=111026 ratio=4.41868e-08 pivots<1e-12: 0
  [LU] n=2520 kutta=1 min|U_ii|=0.0445846 max|U_ii|=6061.07 ratio=7.3559e-06 pivots<1e-12: 0
  [LU] n=924 kutta=1 min|U_ii|=0.00354299 max|U_ii|=195565 ratio=1.81167e-08 pivots<1e-12: 0
  [LU] n=924 kutta=1 min|U_ii|=0.00354299 max|U_ii|=195565 ratio=1.81167e-08 pivots<1e-12: 0
  [LU] n=924 kutta=1 min|U_ii|=0.0049059 max|U_ii|=111026 ratio=4.41868e-08 pivots<1e-12: 0
  [LU] n=2520 kutta=1 min|U_ii|=0.0445846 max|U_ii|=6061.07 ratio=7.3559e-06 pivots<1e-12: 0
  [LU] n=924 kutta=1 min|U_ii|=0.00354299 max|U_ii|=195565 ratio=1.81167e-08 pivots<1e-12: 0
  [LU] n=924 kutta=1 min|U_ii|=0.00354299 max|U_ii|=195565 ratio=1.81167e-08 pivots<1e-12: 0
  [LU] n=924 kutta=1 min|U_ii|=0.0049059 max|U_ii|=111026 ratio=4.41868e-08 pivots<1e-12: 0
  [LU] n=2520 kutta=1 min|U_ii|=0.0445846 max|U_ii|=6061.07 ratio=7.3559e-06 pivots<1e-12: 0
  [LU] n=924 kutta=1 min|U_ii|=0.00354299 max|U_ii|=195565 ratio=1.81167e-08 pivots<1e-12: 0
  [LU] n=924 kutta=1 min|U_ii|=0.00354299 max|U_ii|=195565 ratio=1.81167e-08 pivots<1e-12: 0
  [LU] n=924 kutta=1 min|U_ii|=0.0049059 max|U_ii|=111026 ratio=4.41868e-08 pivots<1e-12: 0
  [LU] n=2520 kutta=1 min|U_ii|=0.0445846 max|U_ii|=6061.07 ratio=7.3559e-06 pivots<1e-12: 0
  [LU] n=924 kutta=1 min|U_ii|=0.00354299 max|U_ii|=195565 ratio=1.81167e-08 pivots<1e-12: 0
  [LU] n=924 kutta=1 min|U_ii|=0.00354299 max|U_ii|=195565 ratio=1.81167e-08 pivots<1e-12: 0
  [LU] n=924 kutta=1 min|U_ii|=0.0049059 max|U_ii|=111026 ratio=4.41868e-08 pivots<1e-12: 0
  [LU] n=2520 kutta=1 min|U_ii|=0.0445846 max|U_ii|=6061.07 ratio=7.3559e-06 pivots<1e-12: 0
  [LU] n=924 kutta=1 min|U_ii|=0.00354299 max|U_ii|=195565 ratio=1.81167e-08 pivots<1e-12: 0
  [LU] n=924 kutta=1 min|U_ii|=0.00354299 max|U_ii|=195565 ratio=1.81167e-08 pivots<1e-12: 0
  [LU] n=924 kutta=1 min|U_ii|=0.0049059 max|U_ii|=111026 ratio=4.41868e-08 pivots<1e-12: 0
  [LU] n=2520 kutta=1 min|U_ii|=0.0445846 max|U_ii|=6061.07 ratio=7.3559e-06 pivots<1e-12: 0
  [LU] n=924 kutta=1 min|U_ii|=0.00354299 max|U_ii|=195565 ratio=1.81167e-08 pivots<1e-12: 0
  [LU] n=924 kutta=1 min|U_ii|=0.00354299 max|U_ii|=195565 ratio=1.81167e-08 pivots<1e-12: 0
  [LU] n=924 kutta=1 min|U_ii|=0.0049059 max|U_ii|=111026 ratio=4.41868e-08 pivots<1e-12: 0
  [LU] n=2520 kutta=1 min|U_ii|=0.0445846 max|U_ii|=6061.07 ratio=7.3559e-06 pivots<1e-12: 0
  [LU] n=924 kutta=1 min|U_ii|=0.00354299 max|U_ii|=195565 ratio=1.81167e-08 pivots<1e-12: 0
  [LU] n=924 kutta=1 min|U_ii|=0.00354299 max|U_ii|=195565 ratio=1.81167e-08 pivots<1e-12: 0
  [LU] n=924 kutta=1 min|U_ii|=0.0049059 max|U_ii|=111026 ratio=4.41868e-08 pivots<1e-12: 0
  [LU] n=2520 kutta=1 min|U_ii|=0.0445846 max|U_ii|=6061.07 ratio=7.3559e-06 pivots<1e-12: 0
  [LU] n=924 kutta=1 min|U_ii|=0.00354299 max|U_ii|=195565 ratio=1.81167e-08 pivots<1e-12: 0
  [LU] n=924 kutta=1 min|U_ii|=0.00354299 max|U_ii|=195565 ratio=1.81167e-08 pivots<1e-12: 0
  [LU] n=924 kutta=1 min|U_ii|=0.0049059 max|U_ii|=111026 ratio=4.41868e-08 pivots<1e-12: 0
  [LU] n=2520 kutta=1 min|U_ii|=0.0445846 max|U_ii|=6061.07 ratio=7.3559e-06 pivots<1e-12: 0
  [LU] n=924 kutta=1 min|U_ii|=0.00354299 max|U_ii|=195565 ratio=1.81167e-08 pivots<1e-12: 0
  [LU] n=924 kutta=1 min|U_ii|=0.00354299 max|U_ii|=195565 ratio=1.81167e-08 pivots<1e-12: 0
  [LU] n=924 kutta=1 min|U_ii|=0.0049059 max|U_ii|=111026 ratio=4.41868e-08 pivots<1e-12: 0
  [LU] n=2520 kutta=1 min|U_ii|=0.0445846 max|U_ii|=6061.07 ratio=7.3559e-06 pivots<1e-12: 0
  [LU] n=924 kutta=1 min|U_ii|=0.00354299 max|U_ii|=195565 ratio=1.81167e-08 pivots<1e-12: 0
  [LU] n=924 kutta=1 min|U_ii|=0.00354299 max|U_ii|=195565 ratio=1.81167e-08 pivots<1e-12: 0
  [LU] n=924 kutta=1 min|U_ii|=0.0049059 max|U_ii|=111026 ratio=4.41868e-08 pivots<1e-12: 0
  [LU] n=2520 kutta=1 min|U_ii|=0.0445846 max|U_ii|=6061.07 ratio=7.3559e-06 pivots<1e-12: 0
  [LU] n=924 kutta=1 min|U_ii|=0.00354299 max|U_ii|=195565 ratio=1.81167e-08 pivots<1e-12: 0
  [LU] n=924 kutta=1 min|U_ii|=0.00354299 max|U_ii|=195565 ratio=1.81167e-08 pivots<1e-12: 0
  [LU] n=924 kutta=1 min|U_ii|=0.0049059 max|U_ii|=111026 ratio=4.41868e-08 pivots<1e-12: 0
  [LU] n=2520 kutta=1 min|U_ii|=0.0445846 max|U_ii|=6061.07 ratio=7.3559e-06 pivots<1e-12: 0
  [LU] n=924 kutta=1 min|U_ii|=0.00354299 max|U_ii|=195565 ratio=1.81167e-08 pivots<1e-12: 0
  [LU] n=924 kutta=1 min|U_ii|=0.00354299 max|U_ii|=195565 ratio=1.81167e-08 pivots<1e-12: 0
  [LU] n=924 kutta=1 min|U_ii|=0.0049059 max|U_ii|=111026 ratio=4.41868e-08 pivots<1e-12: 0
  [LU] n=2520 kutta=1 min|U_ii|=0.0445846 max|U_ii|=6061.07 ratio=7.3559e-06 pivots<1e-12: 0
  [LU] n=924 kutta=1 min|U_ii|=0.00354299 max|U_ii|=195565 ratio=1.81167e-08 pivots<1e-12: 0
  [LU] n=924 kutta=1 min|U_ii|=0.00354299 max|U_ii|=195565 ratio=1.81167e-08 pivots<1e-12: 0
  [LU] n=924 kutta=1 min|U_ii|=0.0049059 max|U_ii|=111026 ratio=4.41868e-08 pivots<1e-12: 0
  [LU] n=2520 kutta=1 min|U_ii|=0.0445846 max|U_ii|=6061.07 ratio=7.3559e-06 pivots<1e-12: 0
  [LU] n=924 kutta=1 min|U_ii|=0.00354299 max|U_ii|=195565 ratio=1.81167e-08 pivots<1e-12: 0
  [LU] n=924 kutta=1 min|U_ii|=0.00354299 max|U_ii|=195565 ratio=1.81167e-08 pivots<1e-12: 0
  [LU] n=924 kutta=1 min|U_ii|=0.0049059 max|U_ii|=111026 ratio=4.41868e-08 pivots<1e-12: 0
  [LU] n=2520 kutta=1 min|U_ii|=0.0445846 max|U_ii|=6061.07 ratio=7.3559e-06 pivots<1e-12: 0
  [LU] n=924 kutta=1 min|U_ii|=0.00354299 max|U_ii|=195565 ratio=1.81167e-08 pivots<1e-12: 0
  [LU] n=924 kutta=1 min|U_ii|=0.00354299 max|U_ii|=195565 ratio=1.81167e-08 pivots<1e-12: 0
  [LU] n=924 kutta=1 min|U_ii|=0.0049059 max|U_ii|=111026 ratio=4.41868e-08 pivots<1e-12: 0
  [LU] n=2520 kutta=1 min|U_ii|=0.0445846 max|U_ii|=6061.07 ratio=7.3559e-06 pivots<1e-12: 0
  [LU] n=924 kutta=1 min|U_ii|=0.00354299 max|U_ii|=195565 ratio=1.81167e-08 pivots<1e-12: 0
  [LU] n=924 kutta=1 min|U_ii|=0.00354299 max|U_ii|=195565 ratio=1.81167e-08 pivots<1e-12: 0
  [LU] n=924 kutta=1 min|U_ii|=0.0049059 max|U_ii|=111026 ratio=4.41868e-08 pivots<1e-12: 0
  [LU] n=2520 kutta=1 min|U_ii|=0.0445846 max|U_ii|=6061.07 ratio=7.3559e-06 pivots<1e-12: 0
  [LU] n=924 kutta=1 min|U_ii|=0.00354299 max|U_ii|=195565 ratio=1.81167e-08 pivots<1e-12: 0
  [LU] n=924 kutta=1 min|U_ii|=0.00354299 max|U_ii|=195565 ratio=1.81167e-08 pivots<1e-12: 0
  [LU] n=924 kutta=1 min|U_ii|=0.0049059 max|U_ii|=111026 ratio=4.41868e-08 pivots<1e-12: 0
  [LU] n=2520 kutta=1 min|U_ii|=0.0445846 max|U_ii|=6061.07 ratio=7.3559e-06 pivots<1e-12: 0
  [LU] n=924 kutta=1 min|U_ii|=0.00354299 max|U_ii|=195565 ratio=1.81167e-08 pivots<1e-12: 0
  [LU] n=924 kutta=1 min|U_ii|=0.00354299 max|U_ii|=195565 ratio=1.81167e-08 pivots<1e-12: 0
  [LU] n=924 kutta=1 min|U_ii|=0.0049059 max|U_ii|=111026 ratio=4.41868e-08 pivots<1e-12: 0
  [LU] n=2520 kutta=1 min|U_ii|=0.0445846 max|U_ii|=6061.07 ratio=7.3559e-06 pivots<1e-12: 0
  [LU] n=924 kutta=1 min|U_ii|=0.00354299 max|U_ii|=195565 ratio=1.81167e-08 pivots<1e-12: 0
  [LU] n=924 kutta=1 min|U_ii|=0.00354299 max|U_ii|=195565 ratio=1.81167e-08 pivots<1e-12: 0
  [LU] n=924 kutta=1 min|U_ii|=0.0049059 max|U_ii|=111026 ratio=4.41868e-08 pivots<1e-12: 0
  [LU] n=2520 kutta=1 min|U_ii|=0.0445846 max|U_ii|=6061.07 ratio=7.3559e-06 pivots<1e-12: 0
  [LU] n=924 kutta=1 min|U_ii|=0.00354299 max|U_ii|=195565 ratio=1.81167e-08 pivots<1e-12: 0
  [LU] n=924 kutta=1 min|U_ii|=0.00354299 max|U_ii|=195565 ratio=1.81167e-08 pivots<1e-12: 0
  [LU] n=924 kutta=1 min|U_ii|=0.0049059 max|U_ii|=111026 ratio=4.41868e-08 pivots<1e-12: 0
  [LU] n=2520 kutta=1 min|U_ii|=0.0445846 max|U_ii|=6061.07 ratio=7.3559e-06 pivots<1e-12: 0
  [LU] n=924 kutta=1 min|U_ii|=0.00354299 max|U_ii|=195565 ratio=1.81167e-08 pivots<1e-12: 0
  [LU] n=924 kutta=1 min|U_ii|=0.00354299 max|U_ii|=195565 ratio=1.81167e-08 pivots<1e-12: 0
  [LU] n=924 kutta=1 min|U_ii|=0.0049059 max|U_ii|=111026 ratio=4.41868e-08 pivots<1e-12: 0
  [LU] n=2520 kutta=1 min|U_ii|=0.0445846 max|U_ii|=6061.07 ratio=7.3559e-06 pivots<1e-12: 0
  [LU] n=924 kutta=1 min|U_ii|=0.00354299 max|U_ii|=195565 ratio=1.81167e-08 pivots<1e-12: 0
  [LU] n=924 kutta=1 min|U_ii|=0.00354299 max|U_ii|=195565 ratio=1.81167e-08 pivots<1e-12: 0
  [LU] n=924 kutta=1 min|U_ii|=0.0049059 max|U_ii|=111026 ratio=4.41868e-08 pivots<1e-12: 0
  [LU] n=2520 kutta=1 min|U_ii|=0.0445846 max|U_ii|=6061.07 ratio=7.3559e-06 pivots<1e-12: 0
  [LU] n=924 kutta=1 min|U_ii|=0.00354299 max|U_ii|=195565 ratio=1.81167e-08 pivots<1e-12: 0
  [LU] n=924 kutta=1 min|U_ii|=0.00354299 max|U_ii|=195565 ratio=1.81167e-08 pivots<1e-12: 0
  [LU] n=924 kutta=1 min|U_ii|=0.0049059 max|U_ii|=111026 ratio=4.41868e-08 pivots<1e-12: 0
  [LU] n=2520 kutta=1 min|U_ii|=0.0445846 max|U_ii|=6061.07 ratio=7.3559e-06 pivots<1e-12: 0
  [LU] n=924 kutta=1 min|U_ii|=0.00354299 max|U_ii|=195565 ratio=1.81167e-08 pivots<1e-12: 0
  [LU] n=924 kutta=1 min|U_ii|=0.00354299 max|U_ii|=195565 ratio=1.81167e-08 pivots<1e-12: 0
  [LU] n=924 kutta=1 min|U_ii|=0.0049059 max|U_ii|=111026 ratio=4.41868e-08 pivots<1e-12: 0
  [LU] n=2520 kutta=1 min|U_ii|=0.0445846 max|U_ii|=6061.07 ratio=7.3559e-06 pivots<1e-12: 0
  [LU] n=924 kutta=1 min|U_ii|=0.00354299 max|U_ii|=195565 ratio=1.81167e-08 pivots<1e-12: 0
  [LU] n=924 kutta=1 min|U_ii|=0.00354299 max|U_ii|=195565 ratio=1.81167e-08 pivots<1e-12: 0
  [LU] n=924 kutta=1 min|U_ii|=0.0049059 max|U_ii|=111026 ratio=4.41868e-08 pivots<1e-12: 0
  [LU] n=2520 kutta=1 min|U_ii|=0.0445846 max|U_ii|=6061.07 ratio=7.3559e-06 pivots<1e-12: 0
  [LU] n=924 kutta=1 min|U_ii|=0.00354299 max|U_ii|=195565 ratio=1.81167e-08 pivots<1e-12: 0
  [LU] n=924 kutta=1 min|U_ii|=0.00354299 max|U_ii|=195565 ratio=1.81167e-08 pivots<1e-12: 0
  [LU] n=924 kutta=1 min|U_ii|=0.0049059 max|U_ii|=111026 ratio=4.41868e-08 pivots<1e-12: 0
  [LU] n=2520 kutta=1 min|U_ii|=0.0445846 max|U_ii|=6061.07 ratio=7.3559e-06 pivots<1e-12: 0
  [LU] n=924 kutta=1 min|U_ii|=0.00354299 max|U_ii|=195565 ratio=1.81167e-08 pivots<1e-12: 0
  [LU] n=924 kutta=1 min|U_ii|=0.00354299 max|U_ii|=195565 ratio=1.81167e-08 pivots<1e-12: 0
  [LU] n=924 kutta=1 min|U_ii|=0.0049059 max|U_ii|=111026 ratio=4.41868e-08 pivots<1e-12: 0
  [LU] n=2520 kutta=1 min|U_ii|=0.0445846 max|U_ii|=6061.07 ratio=7.3559e-06 pivots<1e-12: 0
  [LU] n=924 kutta=1 min|U_ii|=0.00354299 max|U_ii|=195565 ratio=1.81167e-08 pivots<1e-12: 0
  [LU] n=924 kutta=1 min|U_ii|=0.00354299 max|U_ii|=195565 ratio=1.81167e-08 pivots<1e-12: 0
  [LU] n=924 kutta=1 min|U_ii|=0.0049059 max|U_ii|=111026 ratio=4.41868e-08 pivots<1e-12: 0
  [LU] n=2520 kutta=1 min|U_ii|=0.0445846 max|U_ii|=6061.07 ratio=7.3559e-06 pivots<1e-12: 0
  [LU] n=924 kutta=1 min|U_ii|=0.00354299 max|U_ii|=195565 ratio=1.81167e-08 pivots<1e-12: 0
  [LU] n=924 kutta=1 min|U_ii|=0.00354299 max|U_ii|=195565 ratio=1.81167e-08 pivots<1e-12: 0
  [LU] n=924 kutta=1 min|U_ii|=0.0049059 max|U_ii|=111026 ratio=4.41868e-08 pivots<1e-12: 0
  [LU] n=2520 kutta=1 min|U_ii|=0.0445846 max|U_ii|=6061.07 ratio=7.3559e-06 pivots<1e-12: 0
  [LU] n=924 kutta=1 min|U_ii|=0.00354299 max|U_ii|=195565 ratio=1.81167e-08 pivots<1e-12: 0
  [LU] n=924 kutta=1 min|U_ii|=0.00354299 max|U_ii|=195565 ratio=1.81167e-08 pivots<1e-12: 0
  [LU] n=924 kutta=1 min|U_ii|=0.0049059 max|U_ii|=111026 ratio=4.41868e-08 pivots<1e-12: 0
  [LU] n=2520 kutta=1 min|U_ii|=0.0445846 max|U_ii|=6061.07 ratio=7.3559e-06 pivots<1e-12: 0
  [LU] n=924 kutta=1 min|U_ii|=0.00354299 max|U_ii|=195565 ratio=1.81167e-08 pivots<1e-12: 0
  [LU] n=924 kutta=1 min|U_ii|=0.00354299 max|U_ii|=195565 ratio=1.81167e-08 pivots<1e-12: 0
  [LU] n=924 kutta=1 min|U_ii|=0.0049059 max|U_ii|=111026 ratio=4.41868e-08 pivots<1e-12: 0
  [LU] n=2520 kutta=1 min|U_ii|=0.0445846 max|U_ii|=6061.07 ratio=7.3559e-06 pivots<1e-12: 0
  [LU] n=924 kutta=1 min|U_ii|=0.00354299 max|U_ii|=195565 ratio=1.81167e-08 pivots<1e-12: 0
  [LU] n=924 kutta=1 min|U_ii|=0.00354299 max|U_ii|=195565 ratio=1.81167e-08 pivots<1e-12: 0
  [LU] n=924 kutta=1 min|U_ii|=0.0049059 max|U_ii|=111026 ratio=4.41868e-08 pivots<1e-12: 0
  [LU] n=2520 kutta=1 min|U_ii|=0.0445846 max|U_ii|=6061.07 ratio=7.3559e-06 pivots<1e-12: 0
  [LU] n=924 kutta=1 min|U_ii|=0.00354299 max|U_ii|=195565 ratio=1.81167e-08 pivots<1e-12: 0
  [LU] n=924 kutta=1 min|U_ii|=0.00354299 max|U_ii|=195565 ratio=1.81167e-08 pivots<1e-12: 0
  [LU] n=924 kutta=1 min|U_ii|=0.0049059 max|U_ii|=111026 ratio=4.41868e-08 pivots<1e-12: 0
  [LU] n=2520 kutta=1 min|U_ii|=0.0445846 max|U_ii|=6061.07 ratio=7.3559e-06 pivots<1e-12: 0
  [LU] n=924 kutta=1 min|U_ii|=0.00354299 max|U_ii|=195565 ratio=1.81167e-08 pivots<1e-12: 0
  [LU] n=924 kutta=1 min|U_ii|=0.00354299 max|U_ii|=195565 ratio=1.81167e-08 pivots<1e-12: 0
  [LU] n=924 kutta=1 min|U_ii|=0.0049059 max|U_ii|=111026 ratio=4.41868e-08 pivots<1e-12: 0
  [LU] n=2520 kutta=1 min|U_ii|=0.0445846 max|U_ii|=6061.07 ratio=7.3559e-06 pivots<1e-12: 0
  [LU] n=924 kutta=1 min|U_ii|=0.00354299 max|U_ii|=195565 ratio=1.81167e-08 pivots<1e-12: 0
  [LU] n=924 kutta=1 min|U_ii|=0.00354299 max|U_ii|=195565 ratio=1.81167e-08 pivots<1e-12: 0
  [LU] n=924 kutta=1 min|U_ii|=0.0049059 max|U_ii|=111026 ratio=4.41868e-08 pivots<1e-12: 0
  [LU] n=2520 kutta=1 min|U_ii|=0.0445846 max|U_ii|=6061.07 ratio=7.3559e-06 pivots<1e-12: 0
  [LU] n=924 kutta=1 min|U_ii|=0.00354299 max|U_ii|=195565 ratio=1.81167e-08 pivots<1e-12: 0
  [LU] n=924 kutta=1 min|U_ii|=0.00354299 max|U_ii|=195565 ratio=1.81167e-08 pivots<1e-12: 0
  [LU] n=924 kutta=1 min|U_ii|=0.0049059 max|U_ii|=111026 ratio=4.41868e-08 pivots<1e-12: 0
  [LU] n=2520 kutta=1 min|U_ii|=0.0445846 max|U_ii|=6061.07 ratio=7.3559e-06 pivots<1e-12: 0
  [LU] n=924 kutta=1 min|U_ii|=0.00354299 max|U_ii|=195565 ratio=1.81167e-08 pivots<1e-12: 0
  [LU] n=924 kutta=1 min|U_ii|=0.00354299 max|U_ii|=195565 ratio=1.81167e-08 pivots<1e-12: 0
  [LU] n=924 kutta=1 min|U_ii|=0.0049059 max|U_ii|=111026 ratio=4.41868e-08 pivots<1e-12: 0
  [LU] n=2520 kutta=1 min|U_ii|=0.0445846 max|U_ii|=6061.07 ratio=7.3559e-06 pivots<1e-12: 0
  [LU] n=924 kutta=1 min|U_ii|=0.00354299 max|U_ii|=195565 ratio=1.81167e-08 pivots<1e-12: 0
  [LU] n=924 kutta=1 min|U_ii|=0.00354299 max|U_ii|=195565 ratio=1.81167e-08 pivots<1e-12: 0
  [LU] n=924 kutta=1 min|U_ii|=0.0049059 max|U_ii|=111026 ratio=4.41868e-08 pivots<1e-12: 0
  [LU] n=2520 kutta=1 min|U_ii|=0.0445846 max|U_ii|=6061.07 ratio=7.3559e-06 pivots<1e-12: 0
  [LU] n=924 kutta=1 min|U_ii|=0.00354299 max|U_ii|=195565 ratio=1.81167e-08 pivots<1e-12: 0
  [LU] n=924 kutta=1 min|U_ii|=0.00354299 max|U_ii|=195565 ratio=1.81167e-08 pivots<1e-12: 0
  [LU] n=924 kutta=1 min|U_ii|=0.0049059 max|U_ii|=111026 ratio=4.41868e-08 pivots<1e-12: 0
  [LU] n=2520 kutta=1 min|U_ii|=0.0445846 max|U_ii|=6061.07 ratio=7.3559e-06 pivots<1e-12: 0
  [LU] n=924 kutta=1 min|U_ii|=0.00354299 max|U_ii|=195565 ratio=1.81167e-08 pivots<1e-12: 0
  [LU] n=924 kutta=1 min|U_ii|=0.00354299 max|U_ii|=195565 ratio=1.81167e-08 pivots<1e-12: 0
  [LU] n=924 kutta=1 min|U_ii|=0.0049059 max|U_ii|=111026 ratio=4.41868e-08 pivots<1e-12: 0
  [LU] n=2520 kutta=1 min|U_ii|=0.0445846 max|U_ii|=6061.07 ratio=7.3559e-06 pivots<1e-12: 0
  [LU] n=924 kutta=1 min|U_ii|=0.00354299 max|U_ii|=195565 ratio=1.81167e-08 pivots<1e-12: 0
  [LU] n=924 kutta=1 min|U_ii|=0.00354299 max|U_ii|=195565 ratio=1.81167e-08 pivots<1e-12: 0
  [LU] n=924 kutta=1 min|U_ii|=0.0049059 max|U_ii|=111026 ratio=4.41868e-08 pivots<1e-12: 0
  [LU] n=2520 kutta=1 min|U_ii|=0.0445846 max|U_ii|=6061.07 ratio=7.3559e-06 pivots<1e-12: 0
  [LU] n=924 kutta=1 min|U_ii|=0.00354299 max|U_ii|=195565 ratio=1.81167e-08 pivots<1e-12: 0
  [LU] n=924 kutta=1 min|U_ii|=0.00354299 max|U_ii|=195565 ratio=1.81167e-08 pivots<1e-12: 0
  [LU] n=924 kutta=1 min|U_ii|=0.0049059 max|U_ii|=111026 ratio=4.41868e-08 pivots<1e-12: 0
  [LU] n=2520 kutta=1 min|U_ii|=0.0445846 max|U_ii|=6061.07 ratio=7.3559e-06 pivots<1e-12: 0
  [LU] n=924 kutta=1 min|U_ii|=0.00354299 max|U_ii|=195565 ratio=1.81167e-08 pivots<1e-12: 0
  [LU] n=924 kutta=1 min|U_ii|=0.00354299 max|U_ii|=195565 ratio=1.81167e-08 pivots<1e-12: 0
  [LU] n=924 kutta=1 min|U_ii|=0.0049059 max|U_ii|=111026 ratio=4.41868e-08 pivots<1e-12: 0
  [LU] n=2520 kutta=1 min|U_ii|=0.0445846 max|U_ii|=6061.07 ratio=7.3559e-06 pivots<1e-12: 0
  [LU] n=924 kutta=1 min|U_ii|=0.00354299 max|U_ii|=195565 ratio=1.81167e-08 pivots<1e-12: 0
  [LU] n=924 kutta=1 min|U_ii|=0.00354299 max|U_ii|=195565 ratio=1.81167e-08 pivots<1e-12: 0
  [LU] n=924 kutta=1 min|U_ii|=0.0049059 max|U_ii|=111026 ratio=4.41868e-08 pivots<1e-12: 0
  [LU] n=2520 kutta=1 min|U_ii|=0.0445846 max|U_ii|=6061.07 ratio=7.3559e-06 pivots<1e-12: 0
  [LU] n=924 kutta=1 min|U_ii|=0.00354299 max|U_ii|=195565 ratio=1.81167e-08 pivots<1e-12: 0
  [LU] n=924 kutta=1 min|U_ii|=0.00354299 max|U_ii|=195565 ratio=1.81167e-08 pivots<1e-12: 0
  [LU] n=924 kutta=1 min|U_ii|=0.0049059 max|U_ii|=111026 ratio=4.41868e-08 pivots<1e-12: 0
  [LU] n=2520 kutta=1 min|U_ii|=0.0445846 max|U_ii|=6061.07 ratio=7.3559e-06 pivots<1e-12: 0
  [LU] n=924 kutta=1 min|U_ii|=0.00354299 max|U_ii|=195565 ratio=1.81167e-08 pivots<1e-12: 0
  [LU] n=924 kutta=1 min|U_ii|=0.00354299 max|U_ii|=195565 ratio=1.81167e-08 pivots<1e-12: 0
  [LU] n=924 kutta=1 min|U_ii|=0.0049059 max|U_ii|=111026 ratio=4.41868e-08 pivots<1e-12: 0
  [LU] n=2520 kutta=1 min|U_ii|=0.0445846 max|U_ii|=6061.07 ratio=7.3559e-06 pivots<1e-12: 0
  [LU] n=924 kutta=1 min|U_ii|=0.00354299 max|U_ii|=195565 ratio=1.81167e-08 pivots<1e-12: 0
  [LU] n=924 kutta=1 min|U_ii|=0.00354299 max|U_ii|=195565 ratio=1.81167e-08 pivots<1e-12: 0
  [LU] n=924 kutta=1 min|U_ii|=0.0049059 max|U_ii|=111026 ratio=4.41868e-08 pivots<1e-12: 0
  [LU] n=2520 kutta=1 min|U_ii|=0.0445846 max|U_ii|=6061.07 ratio=7.3559e-06 pivots<1e-12: 0
  [LU] n=924 kutta=1 min|U_ii|=0.00354299 max|U_ii|=195565 ratio=1.81167e-08 pivots<1e-12: 0
  [LU] n=924 kutta=1 min|U_ii|=0.00354299 max|U_ii|=195565 ratio=1.81167e-08 pivots<1e-12: 0
  [LU] n=924 kutta=1 min|U_ii|=0.0049059 max|U_ii|=111026 ratio=4.41868e-08 pivots<1e-12: 0
  [LU] n=2520 kutta=1 min|U_ii|=0.0445846 max|U_ii|=6061.07 ratio=7.3559e-06 pivots<1e-12: 0
  [LU] n=924 kutta=1 min|U_ii|=0.00354299 max|U_ii|=195565 ratio=1.81167e-08 pivots<1e-12: 0
  [LU] n=924 kutta=1 min|U_ii|=0.00354299 max|U_ii|=195565 ratio=1.81167e-08 pivots<1e-12: 0
  [LU] n=924 kutta=1 min|U_ii|=0.0049059 max|U_ii|=111026 ratio=4.41868e-08 pivots<1e-12: 0
  [LU] n=2520 kutta=1 min|U_ii|=0.0445846 max|U_ii|=6061.07 ratio=7.3559e-06 pivots<1e-12: 0
  [LU] n=924 kutta=1 min|U_ii|=0.00354299 max|U_ii|=195565 ratio=1.81167e-08 pivots<1e-12: 0
  [LU] n=924 kutta=1 min|U_ii|=0.00354299 max|U_ii|=195565 ratio=1.81167e-08 pivots<1e-12: 0
  [LU] n=924 kutta=1 min|U_ii|=0.0049059 max|U_ii|=111026 ratio=4.41868e-08 pivots<1e-12: 0
  [LU] n=2520 kutta=1 min|U_ii|=0.0445846 max|U_ii|=6061.07 ratio=7.3559e-06 pivots<1e-12: 0
  [LU] n=924 kutta=1 min|U_ii|=0.00354299 max|U_ii|=195565 ratio=1.81167e-08 pivots<1e-12: 0
  [LU] n=924 kutta=1 min|U_ii|=0.00354299 max|U_ii|=195565 ratio=1.81167e-08 pivots<1e-12: 0
  [LU] n=924 kutta=1 min|U_ii|=0.0049059 max|U_ii|=111026 ratio=4.41868e-08 pivots<1e-12: 0
  [LU] n=2520 kutta=1 min|U_ii|=0.0445846 max|U_ii|=6061.07 ratio=7.3559e-06 pivots<1e-12: 0
  [LU] n=924 kutta=1 min|U_ii|=0.00354299 max|U_ii|=195565 ratio=1.81167e-08 pivots<1e-12: 0
  [LU] n=924 kutta=1 min|U_ii|=0.00354299 max|U_ii|=195565 ratio=1.81167e-08 pivots<1e-12: 0
  [LU] n=924 kutta=1 min|U_ii|=0.0049059 max|U_ii|=111026 ratio=4.41868e-08 pivots<1e-12: 0
  [LU] n=2520 kutta=1 min|U_ii|=0.0445846 max|U_ii|=6061.07 ratio=7.3559e-06 pivots<1e-12: 0
  [LU] n=924 kutta=1 min|U_ii|=0.00354299 max|U_ii|=195565 ratio=1.81167e-08 pivots<1e-12: 0
  [LU] n=924 kutta=1 min|U_ii|=0.00354299 max|U_ii|=195565 ratio=1.81167e-08 pivots<1e-12: 0
  [LU] n=924 kutta=1 min|U_ii|=0.0049059 max|U_ii|=111026 ratio=4.41868e-08 pivots<1e-12: 0
  [LU] n=2520 kutta=1 min|U_ii|=0.0445846 max|U_ii|=6061.07 ratio=7.3559e-06 pivots<1e-12: 0
  [LU] n=924 kutta=1 min|U_ii|=0.00354299 max|U_ii|=195565 ratio=1.81167e-08 pivots<1e-12: 0
  [LU] n=924 kutta=1 min|U_ii|=0.00354299 max|U_ii|=195565 ratio=1.81167e-08 pivots<1e-12: 0
  [LU] n=924 kutta=1 min|U_ii|=0.0049059 max|U_ii|=111026 ratio=4.41868e-08 pivots<1e-12: 0
  [LU] n=2520 kutta=1 min|U_ii|=0.0445846 max|U_ii|=6061.07 ratio=7.3559e-06 pivots<1e-12: 0
  [LU] n=924 kutta=1 min|U_ii|=0.00354299 max|U_ii|=195565 ratio=1.81167e-08 pivots<1e-12: 0
  [LU] n=924 kutta=1 min|U_ii|=0.00354299 max|U_ii|=195565 ratio=1.81167e-08 pivots<1e-12: 0
  [LU] n=924 kutta=1 min|U_ii|=0.0049059 max|U_ii|=111026 ratio=4.41868e-08 pivots<1e-12: 0
  [LU] n=2520 kutta=1 min|U_ii|=0.0445846 max|U_ii|=6061.07 ratio=7.3559e-06 pivots<1e-12: 0
  [LU] n=924 kutta=1 min|U_ii|=0.00354299 max|U_ii|=195565 ratio=1.81167e-08 pivots<1e-12: 0
  [LU] n=924 kutta=1 min|U_ii|=0.00354299 max|U_ii|=195565 ratio=1.81167e-08 pivots<1e-12: 0
  [LU] n=924 kutta=1 min|U_ii|=0.0049059 max|U_ii|=111026 ratio=4.41868e-08 pivots<1e-12: 0
  [LU] n=2520 kutta=1 min|U_ii|=0.0445846 max|U_ii|=6061.07 ratio=7.3559e-06 pivots<1e-12: 0
  [LU] n=924 kutta=1 min|U_ii|=0.00354299 max|U_ii|=195565 ratio=1.81167e-08 pivots<1e-12: 0
  [LU] n=924 kutta=1 min|U_ii|=0.00354299 max|U_ii|=195565 ratio=1.81167e-08 pivots<1e-12: 0
  [LU] n=924 kutta=1 min|U_ii|=0.0049059 max|U_ii|=111026 ratio=4.41868e-08 pivots<1e-12: 0
  [LU] n=2520 kutta=1 min|U_ii|=0.0445846 max|U_ii|=6061.07 ratio=7.3559e-06 pivots<1e-12: 0
  [LU] n=924 kutta=1 min|U_ii|=0.00354299 max|U_ii|=195565 ratio=1.81167e-08 pivots<1e-12: 0
  [LU] n=924 kutta=1 min|U_ii|=0.00354299 max|U_ii|=195565 ratio=1.81167e-08 pivots<1e-12: 0
  [LU] n=924 kutta=1 min|U_ii|=0.0049059 max|U_ii|=111026 ratio=4.41868e-08 pivots<1e-12: 0
  [LU] n=2520 kutta=1 min|U_ii|=0.0445846 max|U_ii|=6061.07 ratio=7.3559e-06 pivots<1e-12: 0
  [LU] n=924 kutta=1 min|U_ii|=0.00354299 max|U_ii|=195565 ratio=1.81167e-08 pivots<1e-12: 0
  [LU] n=924 kutta=1 min|U_ii|=0.00354299 max|U_ii|=195565 ratio=1.81167e-08 pivots<1e-12: 0
  [LU] n=924 kutta=1 min|U_ii|=0.0049059 max|U_ii|=111026 ratio=4.41868e-08 pivots<1e-12: 0
  [LU] n=2520 kutta=1 min|U_ii|=0.0445846 max|U_ii|=6061.07 ratio=7.3559e-06 pivots<1e-12: 0
  [LU] n=924 kutta=1 min|U_ii|=0.00354299 max|U_ii|=195565 ratio=1.81167e-08 pivots<1e-12: 0
  [LU] n=924 kutta=1 min|U_ii|=0.00354299 max|U_ii|=195565 ratio=1.81167e-08 pivots<1e-12: 0
  [LU] n=924 kutta=1 min|U_ii|=0.0049059 max|U_ii|=111026 ratio=4.41868e-08 pivots<1e-12: 0
  [LU] n=2520 kutta=1 min|U_ii|=0.0445846 max|U_ii|=6061.07 ratio=7.3559e-06 pivots<1e-12: 0
  [LU] n=924 kutta=1 min|U_ii|=0.00354299 max|U_ii|=195565 ratio=1.81167e-08 pivots<1e-12: 0
  [LU] n=924 kutta=1 min|U_ii|=0.00354299 max|U_ii|=195565 ratio=1.81167e-08 pivots<1e-12: 0
  [LU] n=924 kutta=1 min|U_ii|=0.0049059 max|U_ii|=111026 ratio=4.41868e-08 pivots<1e-12: 0
  [LU] n=2520 kutta=1 min|U_ii|=0.0445846 max|U_ii|=6061.07 ratio=7.3559e-06 pivots<1e-12: 0
  [LU] n=924 kutta=1 min|U_ii|=0.00354299 max|U_ii|=195565 ratio=1.81167e-08 pivots<1e-12: 0
  [LU] n=924 kutta=1 min|U_ii|=0.00354299 max|U_ii|=195565 ratio=1.81167e-08 pivots<1e-12: 0
  [LU] n=924 kutta=1 min|U_ii|=0.0049059 max|U_ii|=111026 ratio=4.41868e-08 pivots<1e-12: 0
  [LU] n=2520 kutta=1 min|U_ii|=0.0445846 max|U_ii|=6061.07 ratio=7.3559e-06 pivots<1e-12: 0
  [LU] n=924 kutta=1 min|U_ii|=0.00354299 max|U_ii|=195565 ratio=1.81167e-08 pivots<1e-12: 0
  [LU] n=924 kutta=1 min|U_ii|=0.00354299 max|U_ii|=195565 ratio=1.81167e-08 pivots<1e-12: 0
  [LU] n=924 kutta=1 min|U_ii|=0.0049059 max|U_ii|=111026 ratio=4.41868e-08 pivots<1e-12: 0
  [LU] n=2520 kutta=1 min|U_ii|=0.0445846 max|U_ii|=6061.07 ratio=7.3559e-06 pivots<1e-12: 0
  [LU] n=924 kutta=1 min|U_ii|=0.00354299 max|U_ii|=195565 ratio=1.81167e-08 pivots<1e-12: 0
  [LU] n=924 kutta=1 min|U_ii|=0.00354299 max|U_ii|=195565 ratio=1.81167e-08 pivots<1e-12: 0
  [LU] n=924 kutta=1 min|U_ii|=0.0049059 max|U_ii|=111026 ratio=4.41868e-08 pivots<1e-12: 0
  [LU] n=2520 kutta=1 min|U_ii|=0.0445846 max|U_ii|=6061.07 ratio=7.3559e-06 pivots<1e-12: 0
  [LU] n=924 kutta=1 min|U_ii|=0.00354299 max|U_ii|=195565 ratio=1.81167e-08 pivots<1e-12: 0
  [LU] n=924 kutta=1 min|U_ii|=0.00354299 max|U_ii|=195565 ratio=1.81167e-08 pivots<1e-12: 0
  [LU] n=924 kutta=1 min|U_ii|=0.0049059 max|U_ii|=111026 ratio=4.41868e-08 pivots<1e-12: 0
  [LU] n=2520 kutta=1 min|U_ii|=0.0445846 max|U_ii|=6061.07 ratio=7.3559e-06 pivots<1e-12: 0
  [LU] n=924 kutta=1 min|U_ii|=0.00354299 max|U_ii|=195565 ratio=1.81167e-08 pivots<1e-12: 0
  [LU] n=924 kutta=1 min|U_ii|=0.00354299 max|U_ii|=195565 ratio=1.81167e-08 pivots<1e-12: 0
  [LU] n=924 kutta=1 min|U_ii|=0.0049059 max|U_ii|=111026 ratio=4.41868e-08 pivots<1e-12: 0
  [LU] n=2520 kutta=1 min|U_ii|=0.0445846 max|U_ii|=6061.07 ratio=7.3559e-06 pivots<1e-12: 0
  [LU] n=924 kutta=1 min|U_ii|=0.00354299 max|U_ii|=195565 ratio=1.81167e-08 pivots<1e-12: 0
  [LU] n=924 kutta=1 min|U_ii|=0.00354299 max|U_ii|=195565 ratio=1.81167e-08 pivots<1e-12: 0
  [LU] n=924 kutta=1 min|U_ii|=0.0049059 max|U_ii|=111026 ratio=4.41868e-08 pivots<1e-12: 0
  [LU] n=2520 kutta=1 min|U_ii|=0.0445846 max|U_ii|=6061.07 ratio=7.3559e-06 pivots<1e-12: 0
  [LU] n=924 kutta=1 min|U_ii|=0.00354299 max|U_ii|=195565 ratio=1.81167e-08 pivots<1e-12: 0
  [LU] n=924 kutta=1 min|U_ii|=0.00354299 max|U_ii|=195565 ratio=1.81167e-08 pivots<1e-12: 0
  [LU] n=924 kutta=1 min|U_ii|=0.0049059 max|U_ii|=111026 ratio=4.41868e-08 pivots<1e-12: 0
  [LU] n=2520 kutta=1 min|U_ii|=0.0445846 max|U_ii|=6061.07 ratio=7.3559e-06 pivots<1e-12: 0
  [LU] n=924 kutta=1 min|U_ii|=0.00354299 max|U_ii|=195565 ratio=1.81167e-08 pivots<1e-12: 0
  [LU] n=924 kutta=1 min|U_ii|=0.00354299 max|U_ii|=195565 ratio=1.81167e-08 pivots<1e-12: 0
  [LU] n=924 kutta=1 min|U_ii|=0.0049059 max|U_ii|=111026 ratio=4.41868e-08 pivots<1e-12: 0
  [LU] n=2520 kutta=1 min|U_ii|=0.0445846 max|U_ii|=6061.07 ratio=7.3559e-06 pivots<1e-12: 0
  [LU] n=924 kutta=1 min|U_ii|=0.00354299 max|U_ii|=195565 ratio=1.81167e-08 pivots<1e-12: 0
  [LU] n=924 kutta=1 min|U_ii|=0.00354299 max|U_ii|=195565 ratio=1.81167e-08 pivots<1e-12: 0
  [LU] n=924 kutta=1 min|U_ii|=0.0049059 max|U_ii|=111026 ratio=4.41868e-08 pivots<1e-12: 0
  [LU] n=2520 kutta=1 min|U_ii|=0.0445846 max|U_ii|=6061.07 ratio=7.3559e-06 pivots<1e-12: 0
  [LU] n=924 kutta=1 min|U_ii|=0.00354299 max|U_ii|=195565 ratio=1.81167e-08 pivots<1e-12: 0
  [LU] n=924 kutta=1 min|U_ii|=0.00354299 max|U_ii|=195565 ratio=1.81167e-08 pivots<1e-12: 0
  [LU] n=924 kutta=1 min|U_ii|=0.0049059 max|U_ii|=111026 ratio=4.41868e-08 pivots<1e-12: 0
  [LU] n=2520 kutta=1 min|U_ii|=0.0445846 max|U_ii|=6061.07 ratio=7.3559e-06 pivots<1e-12: 0
  [LU] n=924 kutta=1 min|U_ii|=0.00354299 max|U_ii|=195565 ratio=1.81167e-08 pivots<1e-12: 0
  [LU] n=924 kutta=1 min|U_ii|=0.00354299 max|U_ii|=195565 ratio=1.81167e-08 pivots<1e-12: 0
  [LU] n=924 kutta=1 min|U_ii|=0.0049059 max|U_ii|=111026 ratio=4.41868e-08 pivots<1e-12: 0
  [LU] n=2520 kutta=1 min|U_ii|=0.0445846 max|U_ii|=6061.07 ratio=7.3559e-06 pivots<1e-12: 0
  [LU] n=924 kutta=1 min|U_ii|=0.00354299 max|U_ii|=195565 ratio=1.81167e-08 pivots<1e-12: 0
  [LU] n=924 kutta=1 min|U_ii|=0.00354299 max|U_ii|=195565 ratio=1.81167e-08 pivots<1e-12: 0
  [LU] n=924 kutta=1 min|U_ii|=0.0049059 max|U_ii|=111026 ratio=4.41868e-08 pivots<1e-12: 0
  [LU] n=2520 kutta=1 min|U_ii|=0.0445846 max|U_ii|=6061.07 ratio=7.3559e-06 pivots<1e-12: 0
  [LU] n=924 kutta=1 min|U_ii|=0.00354299 max|U_ii|=195565 ratio=1.81167e-08 pivots<1e-12: 0
  [LU] n=924 kutta=1 min|U_ii|=0.00354299 max|U_ii|=195565 ratio=1.81167e-08 pivots<1e-12: 0
  [LU] n=924 kutta=1 min|U_ii|=0.0049059 max|U_ii|=111026 ratio=4.41868e-08 pivots<1e-12: 0
  [LU] n=2520 kutta=1 min|U_ii|=0.0445846 max|U_ii|=6061.07 ratio=7.3559e-06 pivots<1e-12: 0
  [LU] n=924 kutta=1 min|U_ii|=0.00354299 max|U_ii|=195565 ratio=1.81167e-08 pivots<1e-12: 0
  [LU] n=924 kutta=1 min|U_ii|=0.00354299 max|U_ii|=195565 ratio=1.81167e-08 pivots<1e-12: 0
  [LU] n=924 kutta=1 min|U_ii|=0.0049059 max|U_ii|=111026 ratio=4.41868e-08 pivots<1e-12: 0
  [LU] n=2520 kutta=1 min|U_ii|=0.0445846 max|U_ii|=6061.07 ratio=7.3559e-06 pivots<1e-12: 0
  [LU] n=924 kutta=1 min|U_ii|=0.00354299 max|U_ii|=195565 ratio=1.81167e-08 pivots<1e-12: 0
  [LU] n=924 kutta=1 min|U_ii|=0.00354299 max|U_ii|=195565 ratio=1.81167e-08 pivots<1e-12: 0
  [LU] n=924 kutta=1 min|U_ii|=0.0049059 max|U_ii|=111026 ratio=4.41868e-08 pivots<1e-12: 0
  [LU] n=2520 kutta=1 min|U_ii|=0.0445846 max|U_ii|=6061.07 ratio=7.3559e-06 pivots<1e-12: 0
  [LU] n=924 kutta=1 min|U_ii|=0.00354299 max|U_ii|=195565 ratio=1.81167e-08 pivots<1e-12: 0
  [LU] n=924 kutta=1 min|U_ii|=0.00354299 max|U_ii|=195565 ratio=1.81167e-08 pivots<1e-12: 0
  [LU] n=924 kutta=1 min|U_ii|=0.0049059 max|U_ii|=111026 ratio=4.41868e-08 pivots<1e-12: 0
  [LU] n=2520 kutta=1 min|U_ii|=0.0445846 max|U_ii|=6061.07 ratio=7.3559e-06 pivots<1e-12: 0
  [LU] n=924 kutta=1 min|U_ii|=0.00354299 max|U_ii|=195565 ratio=1.81167e-08 pivots<1e-12: 0
  [LU] n=924 kutta=1 min|U_ii|=0.00354299 max|U_ii|=195565 ratio=1.81167e-08 pivots<1e-12: 0
  [LU] n=924 kutta=1 min|U_ii|=0.0049059 max|U_ii|=111026 ratio=4.41868e-08 pivots<1e-12: 0
  [LU] n=2520 kutta=1 min|U_ii|=0.0445846 max|U_ii|=6061.07 ratio=7.3559e-06 pivots<1e-12: 0
  fuselage: panels=3280 max_neumann_residual=1.07e-13
  body Fz: inst=-0.636 quasi-steady=-0.636 | 162-step mean=-0.825 (qs -0.825)
  wing: F=(5.97, -0.197, -19.9) N  Mx=1.84 Nm  max|mu|=356  max_vsurf=0 m/s  strips=19
  fuselage hs3d: F=(-4.13e+03, -1.08e+03, 5.5e+03) N  Mx=-6.3e+03 Nm  max|mu|=28  max_vsurf=1.75e+04 m/s
step=1199 particles=119168 total_thrust_N=35.9 total_torque_Nm=0.219
  timing after step 1199 (cumulative s, % of loop):
    rotor panels + wake->panel vel         76.86 s     4.8 %
    wake->fuselage vel                     54.79 s     3.4 %
    panel assemble + dense solve          189.15 s    11.8 %
    strip polar loads                       0.52 s     0.0 %
    rotor rings->fuselage vel              15.61 s     1.0 %
    fuselage source self (vel+phi)        151.28 s     9.4 %
    fuselage->rotor vel                     6.24 s     0.4 %
    ring d(phi)/dt                         12.65 s     0.8 %
    TE particle emission                    0.61 s     0.0 %
    wake advect (RK4)                    1011.26 s    63.1 %
    fuselage blockage on particles         17.19 s     1.1 %
    wake age trim                          11.10 s     0.7 %
    VTK / Q-criterion output               36.13 s     2.3 %
    unattributed (host bookkeeping)        18.42 s     1.1 %
    TOTAL loop                           1601.81 s  (1.335 s/step avg)
Wrote: out_cuda_run/rvpm_multirotor_step_metrics.csv
Wrote: out_cuda_run/rvpm_particle_budget.csv
Wrote: out_cuda_run/V-10.30_alpha-0_RPMs-6700-5754-3705_loading_history.csv
Wrote: out_cuda_run/V-10.30_alpha-0_RPMs-6700-5754-3705_loading_integral.csv
Wrote: out_cuda_run/fuselage_panels.vtk
