     50000    -90.00000000     1.2217000000e+00
     50000    -88.00000000     1.2212529506e+00
     50000    -86.00000000     1.2178358825e+00
     50000    -84.00000000     1.2114692419e+00
     50000    -82.00000000     1.2021878358e+00
     50000    -80.00000000     1.1900406575e+00
     50000    -78.00000000     1.1750906438e+00
     50000    -76.00000000     1.1574143636e+00
     50000    -74.00000000     1.1371016401e+00
     50000    -72.00000000     1.1142551091e+00
     50000    -70.00000000     1.0889897141e+00
     50000    -68.00000000     1.0614321421e+00
     50000    -66.00000000     1.0317202019e+00
     50000    -64.00000000     1.0000021484e+00
     50000    -62.00000000     9.6643595627e-01
     50000    -60.00000000     9.3118854567e-01
     50000    -58.00000000     8.9443496531e-01
     50000    -56.00000000     8.5635753540e-01
     50000    -54.00000000     8.1714495542e-01
     50000    -52.00000000     7.7699138098e-01
     50000    -50.00000000     7.3609547406e-01
     50000    -48.00000000     6.9465943147e-01
     50000    -46.00000000     6.5288799612e-01
     50000    -44.00000000     6.1098745606e-01
     50000    -42.00000000     5.6916463590e-01
     50000    -40.00000000     5.2762588575e-01
     50000    -38.00000000     4.8657607202e-01
     50000    -36.00000000     4.4621757486e-01
     50000    -34.00000000     4.0674929549e-01
     50000    -32.00000000     3.6836567580e-01
     50000    -30.00000000     3.3125572859e-01
     50000    -28.00000000     2.9560207087e-01
     50000    -26.00000000     2.6157994071e-01
     50000    -24.00000000     2.2935616203e-01
     50000    -22.00000000     1.9908800981e-01
     50000    -20.00000000     1.7092196525e-01
     50000    -18.00000000     1.4499257665e-01
     50000    -16.00000000     1.2142241529e-01
     50000    -14.00000000     1.0032603915e-01
     50000    -12.00000000     8.1823334664e-02
     50000    -10.00000000     6.6058736969e-02
     50000     -8.00000000     5.3156488898e-02
     50000     -6.00000000     4.2970386678e-02
     50000     -4.00000000     3.4955854314e-02
     50000     -2.00000000     2.8702160671e-02
     50000      0.00000000     2.4171131430e-02
     50000      2.00000000     2.1377779395e-02
     50000      4.00000000     2.0256602728e-02
     50000      6.00000000     2.0870054650e-02
     50000      8.00000000     2.4089230409e-02
     50000     10.00000000     3.2091503233e-02
     50000     12.00000000     4.6306875024e-02
     50000     14.00000000     6.5413682478e-02
     50000     16.00000000     8.7584574176e-02
     50000     18.00000000     1.1205905298e-01
     50000     20.00000000     1.3868451468e-01
     50000     22.00000000     1.6742888662e-01
     50000     24.00000000     1.9823168952e-01
     50000     26.00000000     2.3098863914e-01
     50000     28.00000000     2.6556329791e-01
     50000     30.00000000     3.0179821830e-01
     50000     32.00000000     3.3952195373e-01
     50000     34.00000000     3.7855309327e-01
     50000     36.00000000     4.1870266405e-01
     50000     38.00000000     4.5977573919e-01
     50000     40.00000000     5.0157268825e-01
     50000     42.00000000     5.4389027799e-01
     50000     44.00000000     5.8652271590e-01
     50000     46.00000000     6.2926267452e-01
     50000     48.00000000     6.7190231003e-01
     50000     50.00000000     7.1423427801e-01
     50000     52.00000000     7.5605274448e-01
     50000     54.00000000     7.9715438886e-01
     50000     56.00000000     8.3733939416e-01
     50000     58.00000000     8.7641242007e-01
     50000     60.00000000     9.1418355410e-01
     50000     62.00000000     9.5046923633e-01
     50000     64.00000000     9.8509315313e-01
     50000     66.00000000     1.0178870955e+00
     50000     68.00000000     1.0486917782e+00
     50000     70.00000000     1.0773576148e+00
     50000     72.00000000     1.1037454464e+00
     50000     74.00000000     1.1277272183e+00
     50000     76.00000000     1.1491866040e+00
     50000     78.00000000     1.1680195707e+00
     50000     80.00000000     1.1841348859e+00
     50000     82.00000000     1.1974545609e+00
     50000     84.00000000     1.2079142307e+00
     50000     86.00000000     1.2154634660e+00
     50000     88.00000000     1.2200660193e+00
     50000     90.00000000     1.2217000000e+00
    100000    -90.00000000     1.2217000000e+00
    100000    -88.00000000     1.2211574880e+00
    100000    -86.00000000     1.2176450736e+00
    100000    -84.00000000     1.2111833192e+00
    100000    -82.00000000     1.2018071476e+00
    100000    -80.00000000     1.1895656676e+00
    100000    -78.00000000     1.1745219310e+00
    100000    -76.00000000     1.1567526207e+00
    100000    -74.00000000     1.1363476734e+00
    100000    -72.00000000     1.1134098372e+00
    100000    -70.00000000     1.0880541668e+00
    100000    -68.00000000     1.0604074592e+00
    100000    -66.00000000     1.0306076318e+00
    100000    -64.00000000     9.9880304666e-01
    100000    -62.00000000     9.6515178374e-01
    100000    -60.00000000     9.2982086695e-01
    100000    -58.00000000     8.9298544671e-01
    100000    -56.00000000     8.5482794293e-01
    100000    -54.00000000     8.1553715266e-01
    100000    -52.00000000     7.7530732679e-01
    100000    -50.00000000     7.3433722019e-01
    100000    -48.00000000     6.9282912008e-01
    100000    -46.00000000     6.5098785715e-01
    100000    -44.00000000     6.0901980448e-01
    100000    -42.00000000     5.6713186888e-01
    100000    -40.00000000     5.2553047955e-01
    100000    -38.00000000     4.8442057870e-01
    100000    -36.00000000     4.4400461829e-01
    100000    -34.00000000     4.0448156615e-01
    100000    -32.00000000     3.6604592261e-01
    100000    -30.00000000     3.2888674428e-01
    100000    -28.00000000     2.9318666310e-01
    100000    -26.00000000     2.5912087343e-01
    100000    -24.00000000     2.2685603803e-01
    100000    -22.00000000     1.9654904816e-01
    100000    -20.00000000     1.6834562169e-01
    100000    -18.00000000     1.4237902771e-01
    100000    -16.00000000     1.1877027667e-01
    100000    -14.00000000     9.7633747468e-02
    100000    -12.00000000     7.9095404657e-02
    100000    -10.00000000     6.3316795267e-02
    100000     -8.00000000     5.0428089020e-02
    100000     -6.00000000     4.0234897610e-02
    100000     -4.00000000     3.2179717899e-02
    100000     -2.00000000     2.5915566628e-02
    100000      0.00000000     2.1421815991e-02
    100000      2.00000000     1.8702314181e-02
    100000      4.00000000     1.7676411324e-02
    100000      6.00000000     1.8302124652e-02
    100000      8.00000000     2.1092446608e-02
    100000     10.00000000     2.7912036240e-02
    100000     12.00000000     4.0898557774e-02
    100000     14.00000000     5.9545175736e-02
    100000     16.00000000     8.1779738927e-02
    100000     18.00000000     1.0643547740e-01
    100000     20.00000000     1.3321930650e-01
    100000     22.00000000     1.6208751677e-01
    100000     24.00000000     1.9299415114e-01
    100000     26.00000000     2.2584735489e-01
    100000     28.00000000     2.6051783481e-01
    100000     30.00000000     2.9685167958e-01
    100000     32.00000000     3.3467903182e-01
    100000     34.00000000     3.7381911925e-01
    100000     36.00000000     4.1408316775e-01
    100000     38.00000000     4.5527625116e-01
    100000     40.00000000     4.9719865099e-01
    100000     42.00000000     5.3964700485e-01
    100000     44.00000000     5.8241537047e-01
    100000     46.00000000     6.2529625855e-01
    100000     48.00000000     6.6808165506e-01
    100000     50.00000000     7.1056403856e-01
    100000     52.00000000     7.5253739205e-01
    100000     54.00000000     7.9379820632e-01
    100000     56.00000000     8.3414647047e-01
    100000     58.00000000     8.7338664531e-01
    100000     60.00000000     9.1132861472e-01
    100000     62.00000000     9.4778861063e-01
    100000     64.00000000     9.8259010703e-01
    100000     66.00000000     1.0155646786e+00
    100000     68.00000000     1.0465528200e+00
    100000     70.00000000     1.0754047213e+00
    100000     72.00000000     1.1019809968e+00
    100000     74.00000000     1.1261533624e+00
    100000     76.00000000     1.1478052593e+00
    100000     78.00000000     1.1668324201e+00
    100000     80.00000000     1.1831433758e+00
    100000     82.00000000     1.1966598994e+00
    100000     84.00000000     1.2073173858e+00
    100000     86.00000000     1.2150651650e+00
    100000     88.00000000     1.2198667474e+00
    100000     90.00000000     1.2217000000e+00
    150000    -90.00000000     1.2217000000e+00
    150000    -88.00000000     1.2211062966e+00
    150000    -86.00000000     1.2175427532e+00
    150000    -84.00000000     1.2110299944e+00
    150000    -82.00000000     1.2016030052e+00
    150000    -80.00000000     1.1893109564e+00
    150000    -78.00000000     1.1742169612e+00
    150000    -76.00000000     1.1563977639e+00
    150000    -74.00000000     1.1359433620e+00
    150000    -72.00000000     1.1129565637e+00
    150000    -70.00000000     1.0875524835e+00
    150000    -68.00000000     1.0598579774e+00
    150000    -66.00000000     1.0300110208e+00
    150000    -64.00000000     9.9816003347e-01
    150000    -62.00000000     9.6446315172e-01
    150000    -60.00000000     9.2908745510e-01
    150000    -58.00000000     8.9220814858e-01
    150000    -56.00000000     8.5400770552e-01
    150000    -54.00000000     8.1467497532e-01
    150000    -52.00000000     7.7440425994e-01
    150000    -50.00000000     7.3339436409e-01
    150000    -48.00000000     6.9184762344e-01
    150000    -46.00000000     6.4996891576e-01
    150000    -44.00000000     6.0796465973e-01
    150000    -42.00000000     5.6604180622e-01
    150000    -40.00000000     5.2440682680e-01
    150000    -38.00000000     4.8326470422e-01
    150000    -36.00000000     4.4281792870e-01
    150000    -34.00000000     4.0326550312e-01
    150000    -32.00000000     3.6480195763e-01
    150000    -30.00000000     3.2761636865e-01
    150000    -28.00000000     2.9189136777e-01
    150000    -26.00000000     2.5780210733e-01
    150000    -24.00000000     2.2551512449e-01
    150000    -22.00000000     1.9518702674e-01
    150000    -20.00000000     1.6696298180e-01
    150000    -18.00000000     1.4097536150e-01
    150000    -16.00000000     1.1734416055e-01
    150000    -14.00000000     9.6184001356e-02
    150000    -12.00000000     7.7626197614e-02
    150000    -10.00000000     6.1845778314e-02
    150000     -8.00000000     4.8975879343e-02
    150000     -6.00000000     3.8788385990e-02
    150000     -4.00000000     3.0719397502e-02
    150000     -2.00000000     2.4454872490e-02
    150000      0.00000000     1.9981657404e-02
    150000      2.00000000     1.7300361447e-02
    150000      4.00000000     1.6328764823e-02
    150000      6.00000000     1.6987787795e-02
    150000      8.00000000     1.9620647600e-02
    150000     10.00000000     2.5836992653e-02
    150000     12.00000000     3.8015638278e-02
    150000     14.00000000     5.6252701639e-02
    150000     16.00000000     7.8470681761e-02
    150000     18.00000000     1.0322940322e-01
    150000     20.00000000     1.3011291508e-01
    150000     22.00000000     1.5905869152e-01
    150000     24.00000000     1.9002821138e-01
    150000     26.00000000     2.2293789499e-01
    150000     28.00000000     2.5766350737e-01
    150000     30.00000000     2.9405371541e-01
    150000     32.00000000     3.3193984830e-01
    150000     34.00000000     3.7114162853e-01
    150000     36.00000000     4.1147045372e-01
    150000     38.00000000     4.5273142368e-01
    150000     40.00000000     4.9472478080e-01
    150000     42.00000000     5.3724709414e-01
    150000     44.00000000     5.8009233846e-01
    150000     46.00000000     6.2305293368e-01
    150000     48.00000000     6.6592076978e-01
    150000     50.00000000     7.0848822530e-01
    150000     52.00000000     7.5054917978e-01
    150000     54.00000000     7.9190001731e-01
    150000     56.00000000     8.3234061738e-01
    150000     58.00000000     8.7167532828e-01
    150000     60.00000000     9.0971391871e-01
    150000     62.00000000     9.4627250292e-01
    150000     64.00000000     9.8117443475e-01
    150000     66.00000000     1.0142511665e+00
    150000     68.00000000     1.0453430684e+00
    150000     70.00000000     1.0743002042e+00
    150000     72.00000000     1.1009830598e+00
    150000     74.00000000     1.1252632213e+00
    150000     76.00000000     1.1470239987e+00
    150000     78.00000000     1.1661609918e+00
    150000     80.00000000     1.1825825978e+00
    150000     82.00000000     1.1962104549e+00
    150000     84.00000000     1.2069798224e+00
    150000     86.00000000     1.2148398940e+00
    150000     88.00000000     1.2197540432e+00
    150000     90.00000000     1.2217000000e+00
    200000    -90.00000000     1.2217000000e+00
    200000    -88.00000000     1.2210718292e+00
    200000    -86.00000000     1.2174738604e+00
    200000    -84.00000000     1.2109267602e+00
    200000    -82.00000000     1.2014655553e+00
    200000    -80.00000000     1.1891394582e+00
    200000    -78.00000000     1.1740116238e+00
    200000    -76.00000000     1.1561588374e+00
    200000    -74.00000000     1.1356711375e+00
    200000    -72.00000000     1.1126513729e+00
    200000    -70.00000000     1.0872146982e+00
    200000    -68.00000000     1.0594880090e+00
    200000    -66.00000000     1.0296093203e+00
    200000    -64.00000000     9.9772709007e-01
    200000    -62.00000000     9.6399949298e-01
    200000    -60.00000000     9.2859364591e-01
    200000    -58.00000000     8.9168479057e-01
    200000    -56.00000000     8.5345543633e-01
    200000    -54.00000000     8.1409446780e-01
    200000    -52.00000000     7.7379622135e-01
    200000    -50.00000000     7.3275953523e-01
    200000    -48.00000000     6.9118677774e-01
    200000    -46.00000000     6.4928285836e-01
    200000    -44.00000000     6.0725422646e-01
    200000    -42.00000000     5.6530786255e-01
    200000    -40.00000000     5.2365026673e-01
    200000    -38.00000000     4.8248644899e-01
    200000    -36.00000000     4.4201892515e-01
    200000    -34.00000000     4.0244672138e-01
    200000    -32.00000000     3.6396438704e-01
    200000    -30.00000000     3.2676100998e-01
    200000    -28.00000000     2.9101921704e-01
    200000    -26.00000000     2.5691412248e-01
    200000    -24.00000000     2.2461215814e-01
    200000    -22.00000000     1.9426969956e-01
    200000    -20.00000000     1.6603147127e-01
    200000    -18.00000000     1.4002913627e-01
    200000    -16.00000000     1.1638193609e-01
    200000    -14.00000000     9.5204915033e-02
    200000    -12.00000000     7.6634260291e-02
    200000    -10.00000000     6.0856357498e-02
    200000     -8.00000000     4.8005456150e-02
    200000     -6.00000000     3.7826262120e-02
    200000     -4.00000000     2.9751087186e-02
    200000     -2.00000000     2.3487976552e-02
    200000      0.00000000     1.9028474373e-02
    200000      2.00000000     1.6372015205e-02
    200000      4.00000000     1.5437427656e-02
    200000      6.00000000     1.6127618358e-02
    200000      8.00000000     1.8684360251e-02
    200000     10.00000000     2.4522900332e-02
    200000     12.00000000     3.6106945594e-02
    200000     14.00000000     5.3984887124e-02
    200000     16.00000000     7.6157625307e-02
    200000     18.00000000     1.0098509627e-01
    200000     20.00000000     1.2794239571e-01
    200000     22.00000000     1.5694593661e-01
    200000     24.00000000     1.8796140708e-01
    200000     26.00000000     2.2091149633e-01
    200000     28.00000000     2.5567599521e-01
    200000     30.00000000     2.9210566618e-01
    200000     32.00000000     3.3003281729e-01
    200000     34.00000000     3.6927758722e-01
    200000     36.00000000     4.0965152525e-01
    200000     38.00000000     4.5095976314e-01
    200000     40.00000000     4.9300252196e-01
    200000     42.00000000     5.3557632540e-01
    200000     44.00000000     5.7847509150e-01
    200000     46.00000000     6.2149117734e-01
    200000     48.00000000     6.6441640622e-01
    200000     50.00000000     7.0704308714e-01
    200000     52.00000000     7.4916502761e-01
    200000     54.00000000     7.9057853749e-01
    200000     56.00000000     8.3108341990e-01
    200000     58.00000000     8.7048394484e-01
    200000     60.00000000     9.0858980084e-01
    200000     62.00000000     9.4521702017e-01
    200000     64.00000000     9.8018887307e-01
    200000     66.00000000     1.0133367267e+00
    200000     68.00000000     1.0445008645e+00
    200000     70.00000000     1.0735312622e+00
    200000     72.00000000     1.1002883167e+00
    200000     74.00000000     1.1246435236e+00
    200000     76.00000000     1.1464801012e+00
    200000     78.00000000     1.1656935573e+00
    200000     80.00000000     1.1821921957e+00
    200000     82.00000000     1.1958975610e+00
    200000     84.00000000     1.2067448178e+00
    200000     86.00000000     1.2146830650e+00
    200000     88.00000000     1.2196755809e+00
    200000     90.00000000     1.2217000000e+00
    250000    -90.00000000     1.2217000000e+00
    250000    -88.00000000     1.2210460744e+00
    250000    -86.00000000     1.2174223821e+00
    250000    -84.00000000     1.2108496212e+00
    250000    -82.00000000     1.2013628495e+00
    250000    -80.00000000     1.1890113109e+00
    250000    -78.00000000     1.1738581910e+00
    250000    -76.00000000     1.1559803060e+00
    250000    -74.00000000     1.1354677251e+00
    250000    -72.00000000     1.1124233272e+00
    250000    -70.00000000     1.0869622971e+00
    250000    -68.00000000     1.0592115601e+00
    250000    -66.00000000     1.0293091603e+00
    250000    -64.00000000     9.9740358478e-01
    250000    -62.00000000     9.6365303648e-01
    250000    -60.00000000     9.2822466030e-01
    250000    -58.00000000     8.9129372541e-01
    250000    -56.00000000     8.5304276807e-01
    250000    -54.00000000     8.1366069920e-01
    250000    -52.00000000     7.7334188090e-01
    250000    -50.00000000     7.3228517647e-01
    250000    -48.00000000     6.9069297861e-01
    250000    -46.00000000     6.4877022046e-01
    250000    -44.00000000     6.0672337434e-01
    250000    -42.00000000     5.6475944291e-01
    250000    -40.00000000     5.2308494757e-01
    250000    -38.00000000     4.8190491860e-01
    250000    -36.00000000     4.4142189091e-01
    250000    -34.00000000     4.0183490781e-01
    250000    -32.00000000     3.6333853251e-01
    250000    -30.00000000     3.2612186012e-01
    250000    -28.00000000     2.9036751114e-01
    250000    -26.00000000     2.5625056505e-01
    250000    -24.00000000     2.2393736185e-01
    250000    -22.00000000     1.9358407789e-01
    250000    -20.00000000     1.6533506118e-01
    250000    -18.00000000     1.3932138183e-01
    250000    -16.00000000     1.1566168661e-01
    250000    -14.00000000     9.4471535827e-02
    250000    -12.00000000     7.5891636643e-02
    250000    -10.00000000     6.0118265785e-02
    250000     -8.00000000     4.7285556364e-02
    250000     -6.00000000     3.7115054666e-02
    250000     -4.00000000     2.9036796275e-02
    250000     -2.00000000     2.2775462930e-02
    250000      0.00000000     1.8326041912e-02
    250000      2.00000000     1.5687571108e-02
    250000      4.00000000     1.4780604308e-02
    250000      6.00000000     1.5497993165e-02
    250000      8.00000000     1.8013403897e-02
    250000     10.00000000     2.3589767348e-02
    250000     12.00000000     3.4708447463e-02
    250000     14.00000000     5.2268033746e-02
    250000     16.00000000     7.4382543448e-02
    250000     18.00000000     9.9259332445e-02
    250000     20.00000000     1.2627546704e-01
    250000     22.00000000     1.5532552982e-01
    250000     24.00000000     1.8637755257e-01
    250000     26.00000000     2.1935927488e-01
    250000     28.00000000     2.5415387478e-01
    250000     30.00000000     2.9061390818e-01
    250000     32.00000000     3.2857253016e-01
    250000     34.00000000     3.6785024431e-01
    250000     36.00000000     4.0825873679e-01
    250000     38.00000000     4.4960317286e-01
    250000     40.00000000     4.9168376107e-01
    250000     42.00000000     5.3429699196e-01
    250000     44.00000000     5.7723674076e-01
    250000     46.00000000     6.2029531671e-01
    250000     48.00000000     6.6326449217e-01
    250000     50.00000000     7.0593652289e-01
    250000     52.00000000     7.4810516127e-01
    250000     54.00000000     7.8956666031e-01
    250000     56.00000000     8.3012076469e-01
    250000     58.00000000     8.6957168445e-01
    250000     60.00000000     9.0772904671e-01
    250000     62.00000000     9.4440882099e-01
    250000     64.00000000     9.7943421351e-01
    250000     66.00000000     1.0126365262e+00
    250000     68.00000000     1.0438559761e+00
    250000     70.00000000     1.0729424717e+00
    250000     72.00000000     1.0997563414e+00
    250000     74.00000000     1.1241690116e+00
    250000     76.00000000     1.1460636307e+00
    250000     78.00000000     1.1653356356e+00
    250000     80.00000000     1.1818932590e+00
    250000     82.00000000     1.1956579733e+00
    250000     84.00000000     1.2065648712e+00
    250000     86.00000000     1.2145629787e+00
    250000     88.00000000     1.2196155012e+00
    250000     90.00000000     1.2217000000e+00
     50000    -90.00000000     1.2217000000e+00
     50000    -88.00000000     1.2212909477e+00
     50000    -86.00000000     1.2179118305e+00
     50000    -84.00000000     1.2115830483e+00
     50000    -82.00000000     1.2023393618e+00
     50000    -80.00000000     1.1902297186e+00
     50000    -78.00000000     1.1753170097e+00
     50000    -76.00000000     1.1576777584e+00
     50000    -74.00000000     1.1374017430e+00
     50000    -72.00000000     1.1145915544e+00
     50000    -70.00000000     1.0893620919e+00
     50000    -68.00000000     1.0618399987e+00
     50000    -66.00000000     1.0321630404e+00
     50000    -64.00000000     1.0004794293e+00
     50000    -62.00000000     9.6694709799e-01
     50000    -60.00000000     9.3173292552e-01
     50000    -58.00000000     8.9501192006e-01
     50000    -56.00000000     8.5696636210e-01
     50000    -54.00000000     8.1778491232e-01
     50000    -52.00000000     7.7766168839e-01
     50000    -50.00000000     7.3679531532e-01
     50000    -48.00000000     6.9538795392e-01
     50000    -46.00000000     6.5364431219e-01
     50000    -44.00000000     6.1177064431e-01
     50000    -42.00000000     5.6997374222e-01
     50000    -40.00000000     5.2845992453e-01
     50000    -38.00000000     4.8743402759e-01
     50000    -36.00000000     4.4709840312e-01
     50000    -34.00000000     4.0765192630e-01
     50000    -32.00000000     3.6928901688e-01
     50000    -30.00000000     3.3219867308e-01
     50000    -28.00000000     2.9656351312e-01
     50000    -26.00000000     2.6255881032e-01
     50000    -24.00000000     2.3035149654e-01
     50000    -22.00000000     2.0009910559e-01
     50000    -20.00000000     1.7194867349e-01
     50000    -18.00000000     1.4603583157e-01
     50000    -16.00000000     1.2248501086e-01
     50000    -14.00000000     1.0141322632e-01
     50000    -12.00000000     8.2941319814e-02
     50000    -10.00000000     6.7206491723e-02
     50000     -8.00000000     5.4308822333e-02
     50000     -6.00000000     4.4066877148e-02
     50000     -4.00000000     3.5910138521e-02
     50000     -2.00000000     2.9439350635e-02
     50000      0.00000000     2.4662962234e-02
     50000      2.00000000     2.1629367219e-02
     50000      4.00000000     2.0276284905e-02
     50000      6.00000000     2.0625081986e-02
     50000      8.00000000     2.3434030939e-02
     50000     10.00000000     3.0848192704e-02
     50000     12.00000000     4.4608827826e-02
     50000     14.00000000     6.3594621453e-02
     50000     16.00000000     8.5816320852e-02
     50000     18.00000000     1.1036539370e-01
     50000     20.00000000     1.3704858847e-01
     50000     22.00000000     1.6583478129e-01
     50000     24.00000000     1.9667070283e-01
     50000     26.00000000     2.2945726178e-01
     50000     28.00000000     2.6406085087e-01
     50000     30.00000000     3.0032539043e-01
     50000     32.00000000     3.3808004359e-01
     50000     34.00000000     3.7714364744e-01
     50000     36.00000000     4.1732731232e-01
     50000     38.00000000     4.5843612148e-01
     50000     40.00000000     5.0027042225e-01
     50000     42.00000000     5.4262694457e-01
     50000     44.00000000     5.8529985197e-01
     50000     46.00000000     6.2808176906e-01
     50000     48.00000000     6.7076480147e-01
     50000     50.00000000     7.1314155207e-01
     50000     52.00000000     7.5500613246e-01
     50000     54.00000000     7.9615516586e-01
     50000     56.00000000     8.3638877758e-01
     50000     58.00000000     8.7551156808e-01
     50000     60.00000000     9.1333356425e-01
     50000     62.00000000     9.4967114421e-01
     50000     64.00000000     9.8434793108e-01
     50000     66.00000000     1.0171956515e+00
     50000     68.00000000     1.0480549546e+00
     50000     70.00000000     1.0767761875e+00
     50000     72.00000000     1.1032201237e+00
     50000     74.00000000     1.1272586404e+00
     50000     76.00000000     1.1487753417e+00
     50000     78.00000000     1.1676661250e+00
     50000     80.00000000     1.1838396875e+00
     50000     82.00000000     1.1972179695e+00
     50000     84.00000000     1.2077365344e+00
     50000     86.00000000     1.2153448814e+00
     50000     88.00000000     1.2200066908e+00
     50000     90.00000000     1.2217000000e+00
    100000    -90.00000000     1.2217000000e+00
    100000    -88.00000000     1.2211987739e+00
    100000    -86.00000000     1.2177275951e+00
    100000    -84.00000000     1.2113069757e+00
    100000    -82.00000000     1.2019717885e+00
    100000    -80.00000000     1.1897710923e+00
    100000    -78.00000000     1.1747678892e+00
    100000    -76.00000000     1.1570388128e+00
    100000    -74.00000000     1.1366737507e+00
    100000    -72.00000000     1.1137754023e+00
    100000    -70.00000000     1.0884587744e+00
    100000    -68.00000000     1.0608506164e+00
    100000    -66.00000000     1.0310887987e+00
    100000    -64.00000000     9.9932163693e-01
    100000    -62.00000000     9.6570716560e-01
    100000    -60.00000000     9.3041236376e-01
    100000    -58.00000000     8.9361233782e-01
    100000    -56.00000000     8.5548946457e-01
    100000    -54.00000000     8.1623249887e-01
    100000    -52.00000000     7.7603565039e-01
    100000    -50.00000000     7.3509763384e-01
    100000    -48.00000000     6.9362069733e-01
    100000    -46.00000000     6.5180963360e-01
    100000    -44.00000000     6.0987077896e-01
    100000    -42.00000000     5.6801100469e-01
    100000    -40.00000000     5.2643670584e-01
    100000    -38.00000000     4.8535279199e-01
    100000    -36.00000000     4.4496168439e-01
    100000    -34.00000000     4.0546232295e-01
    100000    -32.00000000     3.6704918496e-01
    100000    -30.00000000     3.2991131351e-01
    100000    -28.00000000     2.9423134730e-01
    100000    -26.00000000     2.6018453118e-01
    100000    -24.00000000     2.2793767189e-01
    100000    -22.00000000     1.9764799701e-01
    100000    -20.00000000     1.6946193277e-01
    100000    -18.00000000     1.4351409965e-01
    100000    -16.00000000     1.1992772392e-01
    100000    -14.00000000     9.8819712153e-02
    100000    -12.00000000     8.0315320980e-02
    100000    -10.00000000     6.4562589489e-02
    100000     -8.00000000     5.1657822801e-02
    100000     -6.00000000     4.1371852996e-02
    100000     -4.00000000     3.3139409274e-02
    100000     -2.00000000     2.6641833376e-02
    100000      0.00000000     2.1900703200e-02
    100000      2.00000000     1.8943274891e-02
    100000      4.00000000     1.7691568807e-02
    100000      6.00000000     1.8077485356e-02
    100000      8.00000000     2.0520297468e-02
    100000     10.00000000     2.6781147499e-02
    100000     12.00000000     3.9205940099e-02
    100000     14.00000000     5.7617683566e-02
    100000     16.00000000     7.9868555245e-02
    100000     18.00000000     1.0460273552e-01
    100000     20.00000000     1.3145411280e-01
    100000     22.00000000     1.6037160336e-01
    100000     24.00000000     1.9131625113e-01
    100000     26.00000000     2.2420245423e-01
    100000     28.00000000     2.5890455025e-01
    100000     30.00000000     2.9527043813e-01
    100000     32.00000000     3.3313108620e-01
    100000     34.00000000     3.7230606806e-01
    100000     36.00000000     4.1260673439e-01
    100000     38.00000000     4.5383818518e-01
    100000     40.00000000     4.9580068451e-01
    100000     42.00000000     5.3829083312e-01
    100000     44.00000000     5.8110264263e-01
    100000     46.00000000     6.2402857273e-01
    100000     48.00000000     6.6686055527e-01
    100000     50.00000000     7.0939101234e-01
    100000     52.00000000     7.5141386849e-01
    100000     54.00000000     7.9272555422e-01
    100000     56.00000000     8.3312599669e-01
    100000     58.00000000     8.7241959313e-01
    100000     60.00000000     9.1041616235e-01
    100000     62.00000000     9.4693186975e-01
    100000     64.00000000     9.8179012144e-01
    100000     66.00000000     1.0148224230e+00
    100000     68.00000000     1.0458691986e+00
    100000     70.00000000     1.0747805671e+00
    100000     72.00000000     1.1014170702e+00
    100000     74.00000000     1.1256503505e+00
    100000     76.00000000     1.1473637749e+00
    100000     78.00000000     1.1664530011e+00
    100000     80.00000000     1.1828264844e+00
    100000     82.00000000     1.1964059218e+00
    100000     84.00000000     1.2071266313e+00
    100000     86.00000000     1.2149378661e+00
    100000     88.00000000     1.2198030591e+00
    100000     90.00000000     1.2217000000e+00
    150000    -90.00000000     1.2217000000e+00
    150000    -88.00000000     1.2211495091e+00
    150000    -86.00000000     1.2176291255e+00
    150000    -84.00000000     1.2111594213e+00
    150000    -82.00000000     1.2017753290e+00
    150000    -80.00000000     1.1895259672e+00
    150000    -78.00000000     1.1744743970e+00
    150000    -76.00000000     1.1566973111e+00
    150000    -74.00000000     1.1362846556e+00
    150000    -72.00000000     1.1133391879e+00
    150000    -70.00000000     1.0879759721e+00
    150000    -68.00000000     1.0603218144e+00
    150000    -66.00000000     1.0305146413e+00
    150000    -64.00000000     9.9870282368e-01
    150000    -62.00000000     9.6504445040e-01
    150000    -60.00000000     9.2970655402e-01
    150000    -58.00000000     8.9286429347e-01
    150000    -56.00000000     8.5470009697e-01
    150000    -54.00000000     8.1540276975e-01
    150000    -52.00000000     7.7516657066e-01
    150000    -50.00000000     7.3419026233e-01
    150000    -48.00000000     6.9267613952e-01
    150000    -46.00000000     6.5082904029e-01
    150000    -44.00000000     6.0885534482e-01
    150000    -42.00000000     5.6696196680e-01
    150000    -40.00000000     5.2535534209e-01
    150000    -38.00000000     4.8424041931e-01
    150000    -36.00000000     4.4381965667e-01
    150000    -34.00000000     4.0429202813e-01
    150000    -32.00000000     3.6585204041e-01
    150000    -30.00000000     3.2868875749e-01
    150000    -28.00000000     2.9298482190e-01
    150000    -26.00000000     2.5891544766e-01
    150000    -24.00000000     2.2664734154e-01
    150000    -22.00000000     1.9633750192e-01
    150000    -20.00000000     1.6813191092e-01
    150000    -18.00000000     1.4216447035e-01
    150000    -16.00000000     1.1855760045e-01
    150000    -14.00000000     9.7428361857e-02
    150000    -12.00000000     7.8905827663e-02
    150000    -10.00000000     6.3146757792e-02
    150000     -8.00000000     5.0245131038e-02
    150000     -6.00000000     3.9942229153e-02
    150000     -4.00000000     3.1678573353e-02
    150000     -2.00000000     2.5174256878e-02
    150000      0.00000000     2.0453618355e-02
    150000      2.00000000     1.7535618184e-02
    150000      4.00000000     1.6340363124e-02
    150000      6.00000000     1.6769597287e-02
    150000      8.00000000     1.9087196191e-02
    150000     10.00000000     2.4778088318e-02
    150000     12.00000000     3.6351227270e-02
    150000     14.00000000     5.4275891353e-02
    150000     16.00000000     7.6477923641e-02
    150000     18.00000000     1.0131394343e-01
    150000     20.00000000     1.2827077657e-01
    150000     22.00000000     1.5727074930e-01
    150000     24.00000000     1.8828154524e-01
    150000     26.00000000     2.2122642834e-01
    150000     28.00000000     2.5598533293e-01
    150000     30.00000000     2.9240904956e-01
    150000     32.00000000     3.3032988983e-01
    150000     34.00000000     3.6956799433e-01
    150000     36.00000000     4.0993491669e-01
    150000     38.00000000     4.5123579524e-01
    150000     40.00000000     4.9327085909e-01
    150000     42.00000000     5.3583664089e-01
    150000     44.00000000     5.7872706830e-01
    150000     46.00000000     6.2173450849e-01
    150000     48.00000000     6.6465079528e-01
    150000     50.00000000     7.0726824854e-01
    150000     52.00000000     7.4938068702e-01
    150000     54.00000000     7.9078443216e-01
    150000     56.00000000     8.3127929899e-01
    150000     58.00000000     8.7066956970e-01
    150000     60.00000000     9.0876494531e-01
    150000     62.00000000     9.4538147086e-01
    150000     64.00000000     9.8034242963e-01
    150000     66.00000000     1.0134792020e+00
    150000     68.00000000     1.0446320850e+00
    150000     70.00000000     1.0736510681e+00
    150000     72.00000000     1.1003965620e+00
    150000     74.00000000     1.1247400763e+00
    150000     76.00000000     1.1465648438e+00
    150000     78.00000000     1.1657663865e+00
    150000     80.00000000     1.1822530228e+00
    150000     82.00000000     1.1959463118e+00
    150000     84.00000000     1.2067814330e+00
    150000     86.00000000     1.2147074999e+00
    150000     88.00000000     1.2196878058e+00
    150000     90.00000000     1.2217000000e+00
    200000    -90.00000000     1.2217000000e+00
    200000    -88.00000000     1.2211164096e+00
    200000    -86.00000000     1.2175629670e+00
    200000    -84.00000000     1.2110602844e+00
    200000    -82.00000000     1.2016433344e+00
    200000    -80.00000000     1.1893612757e+00
    200000    -78.00000000     1.1742772093e+00
    200000    -76.00000000     1.1564678674e+00
    200000    -74.00000000     1.1360232355e+00
    200000    -72.00000000     1.1130461098e+00
    200000    -70.00000000     1.0876515932e+00
    200000    -68.00000000     1.0599665298e+00
    200000    -66.00000000     1.0301288839e+00
    200000    -64.00000000     9.9828706345e-01
    200000    -62.00000000     9.6459919389e-01
    200000    -60.00000000     9.2923234372e-01
    200000    -58.00000000     8.9236170711e-01
    200000    -56.00000000     8.5416974690e-01
    200000    -54.00000000     8.1484530210e-01
    200000    -52.00000000     7.7458266462e-01
    200000    -50.00000000     7.3358062931e-01
    200000    -48.00000000     6.9204152226e-01
    200000    -46.00000000     6.5017021196e-01
    200000    -44.00000000     6.0817310808e-01
    200000    -42.00000000     5.6625715278e-01
    200000    -40.00000000     5.2462880934e-01
    200000    -38.00000000     4.8349305257e-01
    200000    -36.00000000     4.4305236536e-01
    200000    -34.00000000     4.0350574430e-01
    200000    -32.00000000     3.6504771514e-01
    200000    -30.00000000     3.2786735425e-01
    200000    -28.00000000     2.9214730296e-01
    200000    -26.00000000     2.5806274621e-01
    200000    -24.00000000     2.2578030609e-01
    200000    -22.00000000     1.9545679247e-01
    200000    -20.00000000     1.6723782758e-01
    200000    -18.00000000     1.4125674073e-01
    200000    -16.00000000     1.1763534279e-01
    200000    -14.00000000     9.6490967763e-02
    200000    -12.00000000     7.7956156342e-02
    200000    -10.00000000     6.2195154496e-02
    200000     -8.00000000     4.9299865164e-02
    200000     -6.00000000     3.8989268472e-02
    200000     -4.00000000     3.0708652260e-02
    200000     -2.00000000     2.4202437183e-02
    200000      0.00000000     1.9495837797e-02
    200000      2.00000000     1.6603480168e-02
    200000      4.00000000     1.5446284142e-02
    200000      6.00000000     1.5912100783e-02
    200000      8.00000000     1.8173745753e-02
    200000     10.00000000     2.3515018198e-02
    200000     12.00000000     3.4473298988e-02
    200000     14.00000000     5.1981212846e-02
    200000     16.00000000     7.4108749408e-02
    200000     18.00000000     9.9010458823e-02
    200000     20.00000000     1.2604501222e-01
    200000     22.00000000     1.5510648226e-01
    200000     24.00000000     1.8616574568e-01
    200000     26.00000000     2.1915270963e-01
    200000     28.00000000     2.5395174627e-01
    200000     30.00000000     2.9041599143e-01
    200000     32.00000000     3.2837886267e-01
    200000     34.00000000     3.6766097602e-01
    200000     36.00000000     4.0807406261e-01
    200000     38.00000000     4.4942330318e-01
    200000     40.00000000     4.9150890911e-01
    200000     42.00000000     5.3412736837e-01
    200000     44.00000000     5.7707255128e-01
    200000     46.00000000     6.2013676099e-01
    200000     48.00000000     6.6311176324e-01
    200000     50.00000000     7.0578980679e-01
    200000     52.00000000     7.4796463671e-01
    200000     54.00000000     7.8943249849e-01
    200000     56.00000000     8.2999312907e-01
    200000     58.00000000     8.6945073053e-01
    200000     60.00000000     9.0761492185e-01
    200000     62.00000000     9.4430166424e-01
    200000     64.00000000     9.7933415543e-01
    200000     66.00000000     1.0125436887e+00
    200000     68.00000000     1.0437704723e+00
    200000     70.00000000     1.0728644057e+00
    200000     72.00000000     1.0996858084e+00
    200000     74.00000000     1.1241060975e+00
    200000     76.00000000     1.1460084121e+00
    200000     78.00000000     1.1652881798e+00
    200000     80.00000000     1.1818536238e+00
    200000     82.00000000     1.1956262071e+00
    200000     84.00000000     1.2065410126e+00
    200000     86.00000000     1.2145470568e+00
    200000     88.00000000     1.2196075354e+00
    200000     90.00000000     1.2217000000e+00
    250000    -90.00000000     1.2217000000e+00
    250000    -88.00000000     1.2210917164e+00
    250000    -86.00000000     1.2175136107e+00
    250000    -84.00000000     1.2109863250e+00
    250000    -82.00000000     1.2015448621e+00
    250000    -80.00000000     1.1892384105e+00
    250000    -78.00000000     1.1741301009e+00
    250000    -76.00000000     1.1562966950e+00
    250000    -74.00000000     1.1358282076e+00
    250000    -72.00000000     1.1128274642e+00
    250000    -70.00000000     1.0874095961e+00
    250000    -68.00000000     1.0597014761e+00
    250000    -66.00000000     1.0298410964e+00
    250000    -64.00000000     9.9797689296e-01
    250000    -62.00000000     9.6426701823e-01
    250000    -60.00000000     9.2887856759e-01
    250000    -58.00000000     8.9198676154e-01
    250000    -56.00000000     8.5377408870e-01
    250000    -54.00000000     8.1442941333e-01
    250000    -52.00000000     7.7414705196e-01
    250000    -50.00000000     7.3312582348e-01
    250000    -48.00000000     6.9156807739e-01
    250000    -46.00000000     6.4967870485e-01
    250000    -44.00000000     6.0766413754e-01
    250000    -42.00000000     5.6573133886e-01
    250000    -40.00000000     5.2408679252e-01
    250000    -38.00000000     4.8293549284e-01
    250000    -36.00000000     4.4247994107e-01
    250000    -34.00000000     4.0291915046e-01
    250000    -32.00000000     3.6444766052e-01
    250000    -30.00000000     3.2725455581e-01
    250000    -28.00000000     2.9152247435e-01
    250000    -26.00000000     2.5742657403e-01
    250000    -24.00000000     2.2513340264e-01
    250000    -22.00000000     1.9479960747e-01
    250000    -20.00000000     1.6657050374e-01
    250000    -18.00000000     1.4057893900e-01
    250000    -16.00000000     1.1694623515e-01
    250000    -14.00000000     9.5790065671e-02
    250000    -12.00000000     7.7246190696e-02
    250000    -10.00000000     6.1485480727e-02
    250000     -8.00000000     4.8597749621e-02
    250000     -6.00000000     3.8283672684e-02
    250000     -4.00000000     2.9992539625e-02
    250000     -2.00000000     2.3486132700e-02
    250000      0.00000000     1.8790024253e-02
    250000      2.00000000     1.5916244865e-02
    250000      4.00000000     1.4787265959e-02
    250000      6.00000000     1.5283650180e-02
    250000      8.00000000     1.7517942145e-02
    250000     10.00000000     2.2620470442e-02
    250000     12.00000000     3.3104296519e-02
    250000     14.00000000     5.0248843845e-02
    250000     16.00000000     7.2291558516e-02
    250000     18.00000000     9.7238592694e-02
    250000     20.00000000     1.2433484259e-01
    250000     22.00000000     1.5344586282e-01
    250000     24.00000000     1.8454375480e-01
    250000     26.00000000     2.1756372362e-01
    250000     28.00000000     2.5239386364e-01
    250000     30.00000000     2.8888931450e-01
    250000     32.00000000     3.2688444953e-01
    250000     34.00000000     3.6620030070e-01
    250000     36.00000000     4.0664875848e-01
    250000     38.00000000     4.4803504627e-01
    250000     40.00000000     4.9015936622e-01
    250000     42.00000000     5.3281817387e-01
    250000     44.00000000     5.7580529630e-01
    250000     46.00000000     6.1891298798e-01
    250000     48.00000000     6.6193296259e-01
    250000     50.00000000     7.0465741445e-01
    250000     52.00000000     7.4688003225e-01
    250000     54.00000000     7.8839700331e-01
    250000     56.00000000     8.2900800474e-01
    250000     58.00000000     8.6851717726e-01
    250000     60.00000000     9.0673407704e-01
    250000     62.00000000     9.4347460106e-01
    250000     64.00000000     9.7856188153e-01
    250000     66.00000000     1.0118271449e+00
    250000     68.00000000     1.0431105317e+00
    250000     70.00000000     1.0722618724e+00
    250000     72.00000000     1.0991414163e+00
    250000     74.00000000     1.1236205100e+00
    250000     76.00000000     1.1455822208e+00
    250000     78.00000000     1.1649219040e+00
    250000     80.00000000     1.1815477096e+00
    250000     82.00000000     1.1953810273e+00
    250000     84.00000000     1.2063568659e+00
    250000     86.00000000     1.2144241675e+00
    250000     88.00000000     1.2195460533e+00
    250000     90.00000000     1.2217000000e+00
     50000    -90.00000000     1.2217000000e+00
     50000    -88.00000000     1.2212573644e+00
     50000    -86.00000000     1.2178447049e+00
     50000    -84.00000000     1.2114824620e+00
     50000    -82.00000000     1.2022054375e+00
     50000    -80.00000000     1.1900626194e+00
     50000    -78.00000000     1.1751169391e+00
     50000    -76.00000000     1.1574449603e+00
     50000    -74.00000000     1.1371365010e+00
     50000    -72.00000000     1.1142941916e+00
     50000    -70.00000000     1.0890329707e+00
     50000    -68.00000000     1.0614795200e+00
     50000    -66.00000000     1.0317716434e+00
     50000    -64.00000000     1.0000575908e+00
     50000    -62.00000000     9.6649533204e-01
     50000    -60.00000000     9.3125178248e-01
     50000    -58.00000000     8.9450198613e-01
     50000    -56.00000000     8.5642825855e-01
     50000    -54.00000000     8.1721929476e-01
     50000    -52.00000000     7.7706924592e-01
     50000    -50.00000000     7.3617676975e-01
     50000    -48.00000000     6.9474405885e-01
     50000    -46.00000000     6.5297585209e-01
     50000    -44.00000000     6.1107843358e-01
     50000    -42.00000000     5.6925862414e-01
     50000    -40.00000000     5.2772277022e-01
     50000    -38.00000000     4.8667573473e-01
     50000    -36.00000000     4.4631989451e-01
     50000    -34.00000000     4.0685414775e-01
     50000    -32.00000000     3.6847293371e-01
     50000    -30.00000000     3.3136526340e-01
     50000    -28.00000000     2.9571375375e-01
     50000    -26.00000000     2.6169364635e-01
     50000    -24.00000000     2.2947177647e-01
     50000    -22.00000000     1.9920544651e-01
     50000    -20.00000000     1.7104119665e-01
     50000    -18.00000000     1.4511369027e-01
     50000    -16.00000000     1.2154569503e-01
     50000    -14.00000000     1.0045202196e-01
     50000    -12.00000000     8.1952622745e-02
     50000    -10.00000000     6.6191047188e-02
     50000     -8.00000000     5.3288771267e-02
     50000     -6.00000000     4.3095948111e-02
     50000     -4.00000000     3.5066095834e-02
     50000     -2.00000000     2.8790293617e-02
     50000      0.00000000     2.4234835224e-02
     50000      2.00000000     2.1417680773e-02
     50000      4.00000000     2.0273427178e-02
     50000      6.00000000     2.0860204126e-02
     50000      8.00000000     2.4037885062e-02
     50000     10.00000000     3.1982146838e-02
     50000     12.00000000     4.6154595746e-02
     50000     14.00000000     6.5250905724e-02
     50000     16.00000000     8.7427023001e-02
     50000     18.00000000     1.1190859831e-01
     50000     20.00000000     1.3853943157e-01
     50000     22.00000000     1.6728763123e-01
     50000     24.00000000     1.9809342352e-01
     50000     26.00000000     2.3085302000e-01
     50000     28.00000000     2.6543025122e-01
     50000     30.00000000     3.0166779884e-01
     50000     32.00000000     3.3939427385e-01
     50000     34.00000000     3.7842828881e-01
     50000     36.00000000     4.1858087886e-01
     50000     38.00000000     4.5965711831e-01
     50000     40.00000000     5.0145737485e-01
     50000     42.00000000     5.4377841202e-01
     50000     44.00000000     5.8641443344e-01
     50000     46.00000000     6.2915810741e-01
     50000     48.00000000     6.7180158564e-01
     50000     50.00000000     7.1413751904e-01
     50000     52.00000000     7.5596006882e-01
     50000     54.00000000     7.9706590942e-01
     50000     56.00000000     8.3725521873e-01
     50000     58.00000000     8.7633265120e-01
     50000     60.00000000     9.1410828899e-01
     50000     62.00000000     9.5039856667e-01
     50000     64.00000000     9.8502716502e-01
     50000     66.00000000     1.0178258694e+00
     50000     68.00000000     1.0486353886e+00
     50000     70.00000000     1.0773061305e+00
     50000     72.00000000     1.1036989300e+00
     50000     74.00000000     1.1276857265e+00
     50000     76.00000000     1.1491501874e+00
     50000     78.00000000     1.1679882737e+00
     50000     80.00000000     1.1841087466e+00
     50000     82.00000000     1.1974336112e+00
     50000     84.00000000     1.2078984960e+00
     50000     86.00000000     1.2154529656e+00
     50000     88.00000000     1.2200607659e+00
     50000     90.00000000     1.2217000000e+00
    100000    -90.00000000     1.2217000000e+00
    100000    -88.00000000     1.2211621553e+00
    100000    -86.00000000     1.2176544025e+00
    100000    -84.00000000     1.2111972983e+00
    100000    -82.00000000     1.2018257599e+00
    100000    -80.00000000     1.1895888904e+00
    100000    -78.00000000     1.1745497360e+00
    100000    -76.00000000     1.1567849741e+00
    100000    -74.00000000     1.1363845357e+00
    100000    -72.00000000     1.1134511635e+00
    100000    -70.00000000     1.0880999067e+00
    100000    -68.00000000     1.0604575571e+00
    100000    -66.00000000     1.0306620266e+00
    100000    -64.00000000     9.9886167209e-01
    100000    -62.00000000     9.6521456837e-01
    100000    -60.00000000     9.2988773429e-01
    100000    -58.00000000     8.9305631530e-01
    100000    -56.00000000     8.5490272642e-01
    100000    -54.00000000     8.1561575994e-01
    100000    -52.00000000     7.7538966208e-01
    100000    -50.00000000     7.3442318319e-01
    100000    -48.00000000     6.9291860605e-01
    100000    -46.00000000     6.5108075707e-01
    100000    -44.00000000     6.0911600517e-01
    100000    -42.00000000     5.6723125314e-01
    100000    -40.00000000     5.2563292633e-01
    100000    -38.00000000     4.8452596325e-01
    100000    -36.00000000     4.4411281237e-01
    100000    -34.00000000     4.0459243837e-01
    100000    -32.00000000     3.6615933892e-01
    100000    -30.00000000     3.2900256903e-01
    100000    -28.00000000     2.9330476119e-01
    100000    -26.00000000     2.5924111497e-01
    100000    -24.00000000     2.2697830834e-01
    100000    -22.00000000     1.9667326825e-01
    100000    -20.00000000     1.6847178781e-01
    100000    -18.00000000     1.4250727931e-01
    100000    -16.00000000     1.1890098584e-01
    100000    -14.00000000     9.7767540793e-02
    100000    -12.00000000     7.9232778712e-02
    100000    -10.00000000     6.3456663985e-02
    100000     -8.00000000     5.0565620404e-02
    100000     -6.00000000     4.0361926273e-02
    100000     -4.00000000     3.2288137858e-02
    100000     -2.00000000     2.6000462729e-02
    100000      0.00000000     2.1482156608e-02
    100000      2.00000000     1.8739097593e-02
    100000      4.00000000     1.7690760991e-02
    100000      6.00000000     1.8292386146e-02
    100000      8.00000000     2.1047438280e-02
    100000     10.00000000     2.7811227902e-02
    100000     12.00000000     4.0743809128e-02
    100000     14.00000000     5.9369171789e-02
    100000     16.00000000     8.1605939529e-02
    100000     18.00000000     1.0626926323e-01
    100000     20.00000000     1.3305945013e-01
    100000     22.00000000     1.6193223324e-01
    100000     24.00000000     1.9284235747e-01
    100000     26.00000000     2.2569856835e-01
    100000     28.00000000     2.6037191732e-01
    100000     30.00000000     2.9670866419e-01
    100000     32.00000000     3.3453902946e-01
    100000     34.00000000     3.7368227353e-01
    100000     36.00000000     4.1394963413e-01
    100000     38.00000000     4.5514618772e-01
    100000     40.00000000     4.9707221432e-01
    100000     42.00000000     5.3952434825e-01
    100000     44.00000000     5.8229664308e-01
    100000     46.00000000     6.2518160491e-01
    100000     48.00000000     6.6797121482e-01
    100000     50.00000000     7.1045794625e-01
    100000     52.00000000     7.5243577692e-01
    100000     54.00000000     7.9370119217e-01
    100000     56.00000000     8.3405417550e-01
    100000     58.00000000     8.7329918196e-01
    100000     60.00000000     9.1124608955e-01
    100000     62.00000000     9.4771112419e-01
    100000     64.00000000     9.8251775372e-01
    100000     66.00000000     1.0154975466e+00
    100000     68.00000000     1.0464909910e+00
    100000     70.00000000     1.0753482707e+00
    100000     72.00000000     1.1019299934e+00
    100000     74.00000000     1.1261078684e+00
    100000     76.00000000     1.1477653300e+00
    100000     78.00000000     1.1667981043e+00
    100000     80.00000000     1.1831147151e+00
    100000     82.00000000     1.1966369288e+00
    100000     84.00000000     1.2073001333e+00
    100000     86.00000000     1.2150536517e+00
    100000     88.00000000     1.2198609872e+00
    100000     90.00000000     1.2217000000e+00
    150000    -90.00000000     1.2217000000e+00
    150000    -88.00000000     1.2211111168e+00
    150000    -86.00000000     1.2175523878e+00
    150000    -84.00000000     1.2110444317e+00
    150000    -82.00000000     1.2016222276e+00
    150000    -80.00000000     1.1893349404e+00
    150000    -78.00000000     1.1742456777e+00
    150000    -76.00000000     1.1564311779e+00
    150000    -74.00000000     1.1359814327e+00
    150000    -72.00000000     1.1129992448e+00
    150000    -70.00000000     1.0875997229e+00
    150000    -68.00000000     1.0599097175e+00
    150000    -66.00000000     1.0300671988e+00
    150000    -64.00000000     9.9822058073e-01
    150000    -62.00000000     9.6452799452e-01
    150000    -60.00000000     9.2915651445e-01
    150000    -58.00000000     8.9228134033e-01
    150000    -56.00000000     8.5408494052e-01
    150000    -54.00000000     8.1475615945e-01
    150000    -52.00000000     7.7448929430e-01
    150000    -50.00000000     7.3348314508e-01
    150000    -48.00000000     6.9194004289e-01
    150000    -46.00000000     6.5006486107e-01
    150000    -44.00000000     6.0806401402e-01
    150000    -42.00000000     5.6614444844e-01
    150000    -40.00000000     5.2451263194e-01
    150000    -38.00000000     4.8337354344e-01
    150000    -36.00000000     4.4292966959e-01
    150000    -34.00000000     4.0338001005e-01
    150000    -32.00000000     3.6491909228e-01
    150000    -30.00000000     3.2773599128e-01
    150000    -28.00000000     2.9201333963e-01
    150000    -26.00000000     2.5792629614e-01
    150000    -24.00000000     2.2564141589e-01
    150000    -22.00000000     1.9531534788e-01
    150000    -20.00000000     1.6709334626e-01
    150000    -18.00000000     1.4110794470e-01
    150000    -16.00000000     1.1747939150e-01
    150000    -14.00000000     9.6322549306e-02
    150000    -12.00000000     7.7768425695e-02
    150000    -10.00000000     6.1989947057e-02
    150000     -8.00000000     4.9116003340e-02
    150000     -6.00000000     3.8915745001e-02
    150000     -4.00000000     3.0826553214e-02
    150000     -2.00000000     2.4537971864e-02
    150000      0.00000000     2.0040224938e-02
    150000      2.00000000     1.7335495759e-02
    150000      4.00000000     1.6341692364e-02
    150000      6.00000000     1.6977681725e-02
    150000      8.00000000     1.9578534156e-02
    150000     10.00000000     2.5742080724e-02
    150000     12.00000000     3.7862035039e-02
    150000     14.00000000     5.6070382455e-02
    150000     16.00000000     7.8287663407e-02
    150000     18.00000000     1.0305395369e-01
    150000     20.00000000     1.2994440942e-01
    150000     22.00000000     1.5889524727e-01
    150000     24.00000000     1.8986858624e-01
    150000     26.00000000     2.2278150642e-01
    150000     28.00000000     2.5751016925e-01
    150000     30.00000000     2.9390344248e-01
    150000     32.00000000     3.3179274798e-01
    150000     34.00000000     3.7099784770e-01
    150000     36.00000000     4.1133015400e-01
    150000     38.00000000     4.5259477043e-01
    150000     40.00000000     4.9459193827e-01
    150000     42.00000000     5.3711822326e-01
    150000     44.00000000     5.7996759590e-01
    150000     46.00000000     6.2293247127e-01
    150000     48.00000000     6.6580473423e-01
    150000     50.00000000     7.0837675797e-01
    150000     52.00000000     7.5044241645e-01
    150000     54.00000000     7.9179808807e-01
    150000     56.00000000     8.3224364641e-01
    150000     58.00000000     8.7158343371e-01
    150000     60.00000000     9.0962721252e-01
    150000     62.00000000     9.4619109074e-01
    150000     64.00000000     9.8109841577e-01
    150000     66.00000000     1.0141806334e+00
    150000     68.00000000     1.0452781070e+00
    150000     70.00000000     1.0742408936e+00
    150000     72.00000000     1.1009294724e+00
    150000     74.00000000     1.1252154224e+00
    150000     76.00000000     1.1469820464e+00
    150000     78.00000000     1.1661249373e+00
    150000     80.00000000     1.1825524850e+00
    150000     82.00000000     1.1961863206e+00
    150000     84.00000000     1.2069616959e+00
    150000     86.00000000     1.2148277974e+00
    150000     88.00000000     1.2197479912e+00
    150000     90.00000000     1.2217000000e+00
    200000    -90.00000000     1.2217000000e+00
    200000    -88.00000000     1.2210767599e+00
    200000    -86.00000000     1.2174837159e+00
    200000    -84.00000000     1.2109415284e+00
    200000    -82.00000000     1.2014852183e+00
    200000    -80.00000000     1.1891639920e+00
    200000    -78.00000000     1.1740409985e+00
    200000    -76.00000000     1.1561930173e+00
    200000    -74.00000000     1.1357100808e+00
    200000    -72.00000000     1.1126950322e+00
    200000    -70.00000000     1.0872630203e+00
    200000    -68.00000000     1.0595409351e+00
    200000    -66.00000000     1.0296667859e+00
    200000    -64.00000000     9.9778902515e-01
    200000    -62.00000000     9.6406582207e-01
    200000    -60.00000000     9.2866428820e-01
    200000    -58.00000000     8.9175965999e-01
    200000    -56.00000000     8.5353444167e-01
    200000    -54.00000000     8.1417751279e-01
    200000    -52.00000000     7.7388320482e-01
    200000    -50.00000000     7.3285035120e-01
    200000    -48.00000000     6.9128131558e-01
    200000    -46.00000000     6.4938100288e-01
    200000    -44.00000000     6.0735585809e-01
    200000    -42.00000000     5.6541285748e-01
    200000    -40.00000000     5.2375849709e-01
    200000    -38.00000000     4.8259778298e-01
    200000    -36.00000000     4.4213322736e-01
    200000    -34.00000000     4.0256385310e-01
    200000    -32.00000000     3.6408420691e-01
    200000    -30.00000000     3.2688337531e-01
    200000    -28.00000000     2.9114398657e-01
    200000    -26.00000000     2.5704116235e-01
    200000    -24.00000000     2.2474135466e-01
    200000    -22.00000000     1.9440098513e-01
    200000    -20.00000000     1.6616487351e-01
    200000    -18.00000000     1.4016485881e-01
    200000    -16.00000000     1.1652045026e-01
    200000    -14.00000000     9.5346912617e-02
    200000    -12.00000000     7.6779967135e-02
    200000    -10.00000000     6.1003479286e-02
    200000     -8.00000000     4.8147174110e-02
    200000     -6.00000000     3.7953640183e-02
    200000     -4.00000000     2.9857290345e-02
    200000     -2.00000000     2.3569855253e-02
    200000      0.00000000     1.9085867967e-02
    200000      2.00000000     1.6406055466e-02
    200000      4.00000000     1.5449372557e-02
    200000      6.00000000     1.6117105180e-02
    200000      8.00000000     1.8643900110e-02
    200000     10.00000000     2.4432285441e-02
    200000     12.00000000     3.5955288683e-02
    200000     14.00000000     5.3798896080e-02
    200000     16.00000000     7.5968266559e-02
    200000     18.00000000     1.0080309167e-01
    200000     20.00000000     1.2776773925e-01
    200000     22.00000000     1.5677671199e-01
    200000     24.00000000     1.8779625386e-01
    200000     26.00000000     2.2074975255e-01
    200000     28.00000000     2.5551743509e-01
    200000     30.00000000     2.9195028852e-01
    200000     32.00000000     3.2988072557e-01
    200000     34.00000000     3.6912892997e-01
    200000     36.00000000     4.0950646814e-01
    200000     38.00000000     4.5081847654e-01
    200000     40.00000000     4.9286517544e-01
    200000     42.00000000     5.3544308526e-01
    200000     44.00000000     5.7834611966e-01
    200000     46.00000000     6.2136663077e-01
    200000     48.00000000     6.6429643661e-01
    200000     50.00000000     7.0692784063e-01
    200000     52.00000000     7.4905464460e-01
    200000     54.00000000     7.9047315245e-01
    200000     56.00000000     8.3098316124e-01
    200000     58.00000000     8.7038893470e-01
    200000     60.00000000     9.0850015497e-01
    200000     62.00000000     9.4513284780e-01
    200000     64.00000000     9.8011027674e-01
    200000     66.00000000     1.0132638022e+00
    200000     68.00000000     1.0444337006e+00
    200000     70.00000000     1.0734699409e+00
    200000     72.00000000     1.1002329125e+00
    200000     74.00000000     1.1245941041e+00
    200000     76.00000000     1.1464367266e+00
    200000     78.00000000     1.1656562805e+00
    200000     80.00000000     1.1821610621e+00
    200000     82.00000000     1.1958726084e+00
    200000     84.00000000     1.2067260767e+00
    200000     86.00000000     1.2146705582e+00
    200000     88.00000000     1.2196693237e+00
    200000     90.00000000     1.2217000000e+00
    250000    -90.00000000     1.2217000000e+00
    250000    -88.00000000     1.2210510919e+00
    250000    -86.00000000     1.2174324110e+00
    250000    -84.00000000     1.2108646492e+00
    250000    -82.00000000     1.2013828584e+00
    250000    -80.00000000     1.1890362763e+00
    250000    -78.00000000     1.1738880824e+00
    250000    -76.00000000     1.1560150871e+00
    250000    -74.00000000     1.1355073534e+00
    250000    -72.00000000     1.1124677546e+00
    250000    -70.00000000     1.0870114693e+00
    250000    -68.00000000     1.0592654173e+00
    250000    -66.00000000     1.0293676368e+00
    250000    -64.00000000     9.9746660935e-01
    250000    -62.00000000     9.6372053235e-01
    250000    -60.00000000     9.2829654524e-01
    250000    -58.00000000     8.9136991184e-01
    250000    -56.00000000     8.5312316317e-01
    250000    -54.00000000     8.1374520502e-01
    250000    -52.00000000     7.7343039448e-01
    250000    -50.00000000     7.3237758998e-01
    250000    -48.00000000     6.9078917944e-01
    250000    -46.00000000     6.4887009142e-01
    250000    -44.00000000     6.0682679376e-01
    250000    -42.00000000     5.6486628479e-01
    250000    -40.00000000     5.2319508178e-01
    250000    -38.00000000     4.8201821106e-01
    250000    -36.00000000     4.4153820382e-01
    250000    -34.00000000     4.0195410007e-01
    250000    -32.00000000     3.6346046038e-01
    250000    -30.00000000     3.2624637863e-01
    250000    -28.00000000     2.9049447707e-01
    250000    -26.00000000     2.5637984347e-01
    250000    -24.00000000     2.2406883982e-01
    250000    -22.00000000     1.9371769246e-01
    250000    -20.00000000     1.6547085194e-01
    250000    -18.00000000     1.3945957590e-01
    250000    -16.00000000     1.1580278901e-01
    250000    -14.00000000     9.4616249697e-02
    250000    -12.00000000     7.6040052451e-02
    250000    -10.00000000     6.0267604886e-02
    250000     -8.00000000     4.7428362170e-02
    250000     -6.00000000     3.7242335396e-02
    250000     -4.00000000     2.9142240151e-02
    250000     -2.00000000     2.2856428448e-02
    250000      0.00000000     1.8382571457e-02
    250000      2.00000000     1.5720804926e-02
    250000      4.00000000     1.4791806191e-02
    250000      6.00000000     1.5487097742e-02
    250000      8.00000000     1.7973999556e-02
    250000     10.00000000     2.3502449729e-02
    250000     12.00000000     3.4558905457e-02
    250000     14.00000000     5.2079723016e-02
    250000     16.00000000     7.4188417780e-02
    250000     18.00000000     9.9072246983e-02
    250000     20.00000000     1.2609602811e-01
    250000     22.00000000     1.5515182319e-01
    250000     24.00000000     1.8620812459e-01
    250000     26.00000000     2.1919339691e-01
    250000     28.00000000     2.5399128677e-01
    250000     30.00000000     2.9045459468e-01
    250000     32.00000000     3.2841659072e-01
    250000     34.00000000     3.6769782826e-01
    250000     36.00000000     4.0811001276e-01
    250000     38.00000000     4.4945831501e-01
    250000     40.00000000     4.9154294303e-01
    250000     42.00000000     5.3416038414e-01
    250000     44.00000000     5.7710450915e-01
    250000     46.00000000     6.2016762223e-01
    250000     48.00000000     6.6314149033e-01
    250000     50.00000000     7.0581836353e-01
    250000     52.00000000     7.4799198832e-01
    250000     54.00000000     7.8945861167e-01
    250000     56.00000000     8.3001797199e-01
    250000     58.00000000     8.6947427292e-01
    250000     60.00000000     9.0763713504e-01
    250000     62.00000000     9.4432252117e-01
    250000     64.00000000     9.7935363067e-01
    250000     66.00000000     1.0125617585e+00
    250000     68.00000000     1.0437871147e+00
    250000     70.00000000     1.0728796005e+00
    250000     72.00000000     1.0996995369e+00
    250000     74.00000000     1.1241183430e+00
    250000     76.00000000     1.1460191598e+00
    250000     78.00000000     1.1652974166e+00
    250000     80.00000000     1.1818613384e+00
    250000     82.00000000     1.1956323901e+00
    250000     84.00000000     1.2065456564e+00
    250000     86.00000000     1.2145501558e+00
    250000     88.00000000     1.2196090858e+00
    250000     90.00000000     1.2217000000e+00
     50000    -90.00000000     1.2217000000e+00
     50000    -88.00000000     1.2211641876e+00
     50000    -86.00000000     1.2176584646e+00
     50000    -84.00000000     1.2112033854e+00
     50000    -82.00000000     1.2018338644e+00
     50000    -80.00000000     1.1895990026e+00
     50000    -78.00000000     1.1745618435e+00
     50000    -76.00000000     1.1567990621e+00
     50000    -74.00000000     1.1364005871e+00
     50000    -72.00000000     1.1134691587e+00
     50000    -70.00000000     1.0881198238e+00
     50000    -68.00000000     1.0604793718e+00
     50000    -66.00000000     1.0306857123e+00
     50000    -64.00000000     9.9888720002e-01
     50000    -62.00000000     9.6524190739e-01
     50000    -60.00000000     9.2991685110e-01
     50000    -58.00000000     8.9308717441e-01
     50000    -56.00000000     8.5493529023e-01
     50000    -54.00000000     8.1564998879e-01
     50000    -52.00000000     7.7542551427e-01
     50000    -50.00000000     7.3446061503e-01
     50000    -48.00000000     6.9295757192e-01
     50000    -46.00000000     6.5112120950e-01
     50000    -44.00000000     6.0915789483e-01
     50000    -42.00000000     5.6727452892e-01
     50000    -40.00000000     5.2567753528e-01
     50000    -38.00000000     4.8457185048e-01
     50000    -36.00000000     4.4415992061e-01
     50000    -34.00000000     4.0464070676e-01
     50000    -32.00000000     3.6620870002e-01
     50000    -30.00000000     3.2905294127e-01
     50000    -28.00000000     2.9335603062e-01
     50000    -26.00000000     2.5929309151e-01
     50000    -24.00000000     2.2703062348e-01
     50000    -22.00000000     1.9672514222e-01
     50000    -20.00000000     1.6852152071e-01
     50000    -18.00000000     1.4255121109e-01
     50000    -16.00000000     1.1893163318e-01
     50000    -14.00000000     9.7771291625e-02
     50000    -12.00000000     7.9191363425e-02
     50000    -10.00000000     6.3368721527e-02
     50000     -8.00000000     5.0512331654e-02
     50000     -6.00000000     4.0556047522e-02
     50000     -4.00000000     3.2952308899e-02
     50000     -2.00000000     2.7223097923e-02
     50000      0.00000000     2.3245618542e-02
     50000      2.00000000     2.0987831347e-02
     50000      4.00000000     2.0393540263e-02
     50000      6.00000000     2.1636400504e-02
     50000      8.00000000     2.5833459114e-02
     50000     10.00000000     3.5103230842e-02
     50000     12.00000000     5.0149694985e-02
     50000     14.00000000     6.9406954911e-02
     50000     16.00000000     9.1442151504e-02
     50000     18.00000000     1.1576036762e-01
     50000     20.00000000     1.4226876375e-01
     50000     22.00000000     1.7092740443e-01
     50000     24.00000000     2.0166062069e-01
     50000     26.00000000     2.3435400532e-01
     50000     28.00000000     2.6886575194e-01
     50000     30.00000000     3.0503585705e-01
     50000     32.00000000     3.4269175007e-01
     50000     34.00000000     3.8165157308e-01
     50000     36.00000000     4.2172621319e-01
     50000     38.00000000     4.6272073962e-01
     50000     40.00000000     5.0443557841e-01
     50000     42.00000000     5.4666758042e-01
     50000     44.00000000     5.8921105102e-01
     50000     46.00000000     6.3185876863e-01
     50000     48.00000000     6.7440300080e-01
     50000     50.00000000     7.1663651897e-01
     50000     52.00000000     7.5835360897e-01
     50000     54.00000000     7.9935107366e-01
     50000     56.00000000     8.3942922296e-01
     50000     58.00000000     8.7839284673e-01
     50000     60.00000000     9.1605216579e-01
     50000     62.00000000     9.5222375643e-01
     50000     64.00000000     9.8673144402e-01
     50000     66.00000000     1.0194071612e+00
     50000     68.00000000     1.0500917667e+00
     50000     70.00000000     1.0786358205e+00
     50000     72.00000000     1.1049003119e+00
     50000     74.00000000     1.1287573367e+00
     50000     76.00000000     1.1500907201e+00
     50000     78.00000000     1.1687965831e+00
     50000     80.00000000     1.1847838479e+00
     50000     82.00000000     1.1979746819e+00
     50000     84.00000000     1.2083048769e+00
     50000     86.00000000     1.2157241615e+00
     50000     88.00000000     1.2201964465e+00
     50000     90.00000000     1.2217000000e+00
    100000    -90.00000000     1.2217000000e+00
    100000    -88.00000000     1.2210610312e+00
    100000    -86.00000000     1.2174522775e+00
    100000    -84.00000000     1.2108944187e+00
    100000    -82.00000000     1.2014224946e+00
    100000    -80.00000000     1.1890857309e+00
    100000    -78.00000000     1.1739472952e+00
    100000    -76.00000000     1.1560839859e+00
    100000    -74.00000000     1.1355858543e+00
    100000    -72.00000000     1.1125557619e+00
    100000    -70.00000000     1.0871088759e+00
    100000    -68.00000000     1.0593721043e+00
    100000    -66.00000000     1.0294834745e+00
    100000    -64.00000000     9.9759145643e-01
    100000    -62.00000000     9.6385423675e-01
    100000    -60.00000000     9.2843894407e-01
    100000    -58.00000000     8.9152083160e-01
    100000    -56.00000000     8.5328242000e-01
    100000    -54.00000000     8.1391260489e-01
    100000    -52.00000000     7.7360573343e-01
    100000    -50.00000000     7.3256065438e-01
    100000    -48.00000000     6.9097974626e-01
    100000    -46.00000000     6.4906792847e-01
    100000    -44.00000000     6.0703165999e-01
    100000    -42.00000000     5.6507793055e-01
    100000    -40.00000000     5.2341324911e-01
    100000    -38.00000000     4.8224263388e-01
    100000    -36.00000000     4.4176860803e-01
    100000    -34.00000000     4.0219020327e-01
    100000    -32.00000000     3.6370197061e-01
    100000    -30.00000000     3.2649299049e-01
    100000    -28.00000000     2.9074586101e-01
    100000    -26.00000000     2.5663561714e-01
    100000    -24.00000000     2.2432849384e-01
    100000    -22.00000000     1.9398040283e-01
    100000    -20.00000000     1.6573502472e-01
    100000    -18.00000000     1.3972180917e-01
    100000    -16.00000000     1.1605577495e-01
    100000    -14.00000000     9.4845696275e-02
    100000    -12.00000000     7.6225486863e-02
    100000    -10.00000000     6.0409559731e-02
    100000     -8.00000000     4.7633069848e-02
    100000     -6.00000000     3.7756758886e-02
    100000     -4.00000000     3.0173297446e-02
    100000     -2.00000000     2.4455027067e-02
    100000      0.00000000     2.0514387895e-02
    100000      2.00000000     1.8324116632e-02
    100000      4.00000000     1.7807955043e-02
    100000      6.00000000     1.8997758652e-02
    100000      8.00000000     2.2630180685e-02
    100000     10.00000000     3.0712459656e-02
    100000     12.00000000     4.4794447768e-02
    100000     14.00000000     6.3803197613e-02
    100000     16.00000000     8.5951576068e-02
    100000     18.00000000     1.1043690411e-01
    100000     20.00000000     1.3708289775e-01
    100000     22.00000000     1.6585043075e-01
    100000     24.00000000     1.9667767748e-01
    100000     26.00000000     2.2946038016e-01
    100000     28.00000000     2.6406230432e-01
    100000     30.00000000     3.0032613885e-01
    100000     32.00000000     3.3808049652e-01
    100000     34.00000000     3.7714397607e-01
    100000     36.00000000     4.1732758703e-01
    100000     38.00000000     4.5843637071e-01
    100000     40.00000000     5.0027065728e-01
    100000     42.00000000     5.4262716973e-01
    100000     44.00000000     5.8530006881e-01
    100000     46.00000000     6.2808197804e-01
    100000     48.00000000     6.7076500260e-01
    100000     50.00000000     7.1314174523e-01
    100000     52.00000000     7.5500631743e-01
    100000     54.00000000     7.9615534246e-01
    100000     56.00000000     8.3638894558e-01
    100000     58.00000000     8.7551172728e-01
    100000     60.00000000     9.1333371446e-01
    100000     62.00000000     9.4967128525e-01
    100000     64.00000000     9.8434806278e-01
    100000     66.00000000     1.0171957737e+00
    100000     68.00000000     1.0480550671e+00
    100000     70.00000000     1.0767762903e+00
    100000     72.00000000     1.1032202166e+00
    100000     74.00000000     1.1272587232e+00
    100000     76.00000000     1.1487754144e+00
    100000     78.00000000     1.1676661875e+00
    100000     80.00000000     1.1838397397e+00
    100000     82.00000000     1.1972180113e+00
    100000     84.00000000     1.2077365658e+00
    100000     86.00000000     1.2153449024e+00
    100000     88.00000000     1.2200067013e+00
    100000     90.00000000     1.2217000000e+00
    150000    -90.00000000     1.2217000000e+00
    150000    -88.00000000     1.2210053494e+00
    150000    -86.00000000     1.2173409818e+00
    150000    -84.00000000     1.2107276447e+00
    150000    -82.00000000     1.2012004455e+00
    150000    -80.00000000     1.1888086771e+00
    150000    -78.00000000     1.1736155744e+00
    150000    -76.00000000     1.1556980023e+00
    150000    -74.00000000     1.1351460780e+00
    150000    -72.00000000     1.1120627288e+00
    150000    -70.00000000     1.0865631866e+00
    150000    -68.00000000     1.0587744238e+00
    150000    -66.00000000     1.0288345307e+00
    150000    -64.00000000     9.9689204022e-01
    150000    -62.00000000     9.6310520018e-01
    150000    -60.00000000     9.2764119972e-01
    150000    -58.00000000     8.9067535140e-01
    150000    -56.00000000     8.5239023404e-01
    150000    -54.00000000     8.1297480015e-01
    150000    -52.00000000     7.7262345250e-01
    150000    -50.00000000     7.3153509400e-01
    150000    -48.00000000     6.8991215592e-01
    150000    -46.00000000     6.4795960885e-01
    150000    -44.00000000     6.0588396134e-01
    150000    -42.00000000     5.6389225104e-01
    150000    -40.00000000     5.2219103294e-01
    150000    -38.00000000     4.8098536919e-01
    150000    -36.00000000     4.4047782419e-01
    150000    -34.00000000     4.0086746685e-01
    150000    -32.00000000     3.6234887828e-01
    150000    -30.00000000     3.2511115508e-01
    150000    -28.00000000     2.8933688224e-01
    150000    -26.00000000     2.5520102042e-01
    150000    -24.00000000     2.2286960545e-01
    150000    -22.00000000     1.9249811109e-01
    150000    -20.00000000     1.6422937376e-01
    150000    -18.00000000     1.3819147305e-01
    150000    -16.00000000     1.1449795824e-01
    150000    -14.00000000     9.3258611279e-02
    150000    -12.00000000     7.4618407051e-02
    150000    -10.00000000     5.8819712525e-02
    150000     -8.00000000     4.6108264981e-02
    150000     -6.00000000     3.6286668916e-02
    150000     -4.00000000     2.8717136479e-02
    150000     -2.00000000     2.3005641042e-02
    150000      0.00000000     1.9083845630e-02
    150000      2.00000000     1.6928842001e-02
    150000      4.00000000     1.6460795138e-02
    150000      6.00000000     1.7656293343e-02
    150000      8.00000000     2.1055793553e-02
    150000     10.00000000     2.8488536541e-02
    150000     12.00000000     4.1889952998e-02
    150000     14.00000000     6.0642270826e-02
    150000     16.00000000     8.2824993528e-02
    150000     18.00000000     1.0741005710e-01
    150000     20.00000000     1.3414301497e-01
    150000     22.00000000     1.6297818630e-01
    150000     24.00000000     1.9386179421e-01
    150000     26.00000000     2.2669649788e-01
    150000     28.00000000     2.6135004801e-01
    150000     30.00000000     2.9766711036e-01
    150000     32.00000000     3.3547718864e-01
    150000     34.00000000     3.7459924173e-01
    150000     36.00000000     4.1484439338e-01
    150000     38.00000000     4.5601768847e-01
    150000     40.00000000     4.9791941116e-01
    150000     42.00000000     5.4034621554e-01
    150000     44.00000000     5.8309218208e-01
    150000     46.00000000     6.2594984739e-01
    150000     48.00000000     6.6871122519e-01
    150000     50.00000000     7.1116882307e-01
    150000     52.00000000     7.5311665416e-01
    150000     54.00000000     7.9435124030e-01
    150000     56.00000000     8.3467260255e-01
    150000     58.00000000     8.7388523448e-01
    150000     60.00000000     9.1179905351e-01
    150000     62.00000000     9.4823032590e-01
    150000     64.00000000     9.8300256062e-01
    150000     66.00000000     1.0159473680e+00
    150000     68.00000000     1.0469052789e+00
    150000     70.00000000     1.0757265204e+00
    150000     72.00000000     1.1022717440e+00
    150000     74.00000000     1.1264127034e+00
    150000     76.00000000     1.1480328782e+00
    150000     78.00000000     1.1670280396e+00
    150000     80.00000000     1.1833067575e+00
    150000     82.00000000     1.1967908443e+00
    150000     84.00000000     1.2074157343e+00
    150000     86.00000000     1.2151307973e+00
    150000     88.00000000     1.2198995835e+00
    150000     90.00000000     1.2217000000e+00
    200000    -90.00000000     1.2217000000e+00
    200000    -88.00000000     1.2209677005e+00
    200000    -86.00000000     1.2172657299e+00
    200000    -84.00000000     1.2106148814e+00
    200000    -82.00000000     1.2010503082e+00
    200000    -80.00000000     1.1886213488e+00
    200000    -78.00000000     1.1733912833e+00
    200000    -76.00000000     1.1554370216e+00
    200000    -74.00000000     1.1348487257e+00
    200000    -72.00000000     1.1117293671e+00
    200000    -70.00000000     1.0861942218e+00
    200000    -68.00000000     1.0583703053e+00
    200000    -66.00000000     1.0283957510e+00
    200000    -64.00000000     9.9641913381e-01
    200000    -62.00000000     9.6259874324e-01
    200000    -60.00000000     9.2710180929e-01
    200000    -58.00000000     8.9010368464e-01
    200000    -56.00000000     8.5178698743e-01
    200000    -54.00000000     8.1234070867e-01
    200000    -52.00000000     7.7195928868e-01
    200000    -50.00000000     7.3084166702e-01
    200000    -48.00000000     6.8919031062e-01
    200000    -46.00000000     6.4721022466e-01
    200000    -44.00000000     6.0510795123e-01
    200000    -42.00000000     5.6309056036e-01
    200000    -40.00000000     5.2136463812e-01
    200000    -38.00000000     4.8013527629e-01
    200000    -36.00000000     4.3960506697e-01
    200000    -34.00000000     3.9997310371e-01
    200000    -32.00000000     3.6143398683e-01
    200000    -30.00000000     3.2417682103e-01
    200000    -28.00000000     2.8838417612e-01
    200000    -26.00000000     2.5423094848e-01
    200000    -24.00000000     2.2188300975e-01
    200000    -22.00000000     1.9149547943e-01
    200000    -20.00000000     1.6321052106e-01
    200000    -18.00000000     1.3715514930e-01
    200000    -16.00000000     1.1344187617e-01
    200000    -14.00000000     9.2181759567e-02
    200000    -12.00000000     7.3529692833e-02
    200000    -10.00000000     5.7750597287e-02
    200000     -8.00000000     4.5093650284e-02
    200000     -6.00000000     3.5313166975e-02
    200000     -4.00000000     2.7753614510e-02
    200000     -2.00000000     2.2046696335e-02
    200000      0.00000000     1.8137003885e-02
    200000      2.00000000     1.6005038066e-02
    200000      4.00000000     1.5570903489e-02
    200000      6.00000000     1.6782127380e-02
    200000      8.00000000     2.0056391659e-02
    200000     10.00000000     2.7063598962e-02
    200000     12.00000000     3.9941600855e-02
    200000     14.00000000     5.8453599822e-02
    200000     16.00000000     8.0639377730e-02
    200000     18.00000000     1.0529441626e-01
    200000     20.00000000     1.3209214650e-01
    200000     22.00000000     1.6097748953e-01
    200000     24.00000000     1.9190201524e-01
    200000     26.00000000     2.2477372476e-01
    200000     28.00000000     2.5946356414e-01
    200000     30.00000000     2.9581781328e-01
    200000     32.00000000     3.3366671439e-01
    200000     34.00000000     3.7282953187e-01
    200000     36.00000000     4.1311749338e-01
    200000     38.00000000     4.5433565681e-01
    200000     40.00000000     4.9628427871e-01
    200000     42.00000000     5.3875996712e-01
    200000     44.00000000     5.8155674740e-01
    200000     46.00000000     6.2446709602e-01
    200000     48.00000000     6.6728296318e-01
    200000     50.00000000     7.0979679039e-01
    200000     52.00000000     7.5180252236e-01
    200000     54.00000000     7.9309661041e-01
    200000     56.00000000     8.3347900315e-01
    200000     58.00000000     8.7275411977e-01
    200000     60.00000000     9.1073180159e-01
    200000     62.00000000     9.4722823705e-01
    200000     64.00000000     9.8206685572e-01
    200000     66.00000000     1.0150791871e+00
    200000     68.00000000     1.0461056797e+00
    200000     70.00000000     1.0749964771e+00
    200000     72.00000000     1.1016121460e+00
    200000     74.00000000     1.1258243544e+00
    200000     76.00000000     1.1475164950e+00
    200000     78.00000000     1.1665842513e+00
    200000     80.00000000     1.1829361048e+00
    200000     82.00000000     1.1964937787e+00
    200000     84.00000000     1.2071926179e+00
    200000     86.00000000     1.2149819018e+00
    200000     88.00000000     1.2198250904e+00
    200000     90.00000000     1.2217000000e+00
    250000    -90.00000000     1.2217000000e+00
    250000    -88.00000000     1.2209394804e+00
    250000    -86.00000000     1.2172093240e+00
    250000    -84.00000000     1.2105303585e+00
    250000    -82.00000000     1.2009377712e+00
    250000    -80.00000000     1.1884809349e+00
    250000    -78.00000000     1.1732231634e+00
    250000    -76.00000000     1.1552414007e+00
    250000    -74.00000000     1.1346258421e+00
    250000    -72.00000000     1.1114794924e+00
    250000    -70.00000000     1.0859176604e+00
    250000    -68.00000000     1.0580673941e+00
    250000    -66.00000000     1.0280668591e+00
    250000    -64.00000000     9.9606466181e-01
    250000    -62.00000000     9.6221912308e-01
    250000    -60.00000000     9.2669750349e-01
    250000    -58.00000000     8.8967518577e-01
    250000    -56.00000000     8.5133481756e-01
    250000    -54.00000000     8.1186541869e-01
    250000    -52.00000000     7.7146145766e-01
    250000    -50.00000000     7.3032190150e-01
    250000    -48.00000000     6.8864924383e-01
    250000    -46.00000000     6.4664851581e-01
    250000    -44.00000000     6.0452628464e-01
    250000    -42.00000000     5.6248964459e-01
    250000    -40.00000000     5.2074520505e-01
    250000    -38.00000000     4.7949807996e-01
    250000    -36.00000000     4.3895088201e-01
    250000    -34.00000000     3.9930272295e-01
    250000    -32.00000000     3.6074821671e-01
    250000    -30.00000000     3.2347647232e-01
    250000    -28.00000000     2.8767004415e-01
    250000    -26.00000000     2.5350377151e-01
    250000    -24.00000000     2.2114338427e-01
    250000    -22.00000000     1.9074369989e-01
    250000    -20.00000000     1.6244631449e-01
    250000    -18.00000000     1.3637736306e-01
    250000    -16.00000000     1.1264857485e-01
    250000    -14.00000000     9.1372404664e-02
    250000    -12.00000000     7.2712813969e-02
    250000    -10.00000000     5.6953686150e-02
    250000     -8.00000000     4.4343673191e-02
    250000     -6.00000000     3.4595852854e-02
    250000     -4.00000000     2.7043833652e-02
    250000     -2.00000000     2.1340231493e-02
    250000      0.00000000     1.7439207345e-02
    250000      2.00000000     1.5323978840e-02
    250000      4.00000000     1.4915669075e-02
    250000      6.00000000     1.6144216307e-02
    250000      8.00000000     1.9342169244e-02
    250000     10.00000000     2.6043827132e-02
    250000     12.00000000     3.8498788734e-02
    250000     14.00000000     5.6788512615e-02
    250000     16.00000000     7.8961274644e-02
    250000     18.00000000     1.0366920591e-01
    250000     20.00000000     1.3051893151e-01
    250000     22.00000000     1.5944459543e-01
    250000     24.00000000     1.9040151968e-01
    250000     26.00000000     2.2330208419e-01
    250000     28.00000000     2.5801993982e-01
    250000     30.00000000     2.9440275279e-01
    250000     32.00000000     3.3228140641e-01
    250000     34.00000000     3.7147543441e-01
    250000     36.00000000     4.1179615983e-01
    250000     38.00000000     4.5304865731e-01
    250000     40.00000000     4.9503316521e-01
    250000     42.00000000     5.3754625749e-01
    250000     44.00000000     5.8038191783e-01
    250000     46.00000000     6.2333257686e-01
    250000     48.00000000     6.6619013630e-01
    250000     50.00000000     7.0874698708e-01
    250000     52.00000000     7.5079702158e-01
    250000     54.00000000     7.9213663721e-01
    250000     56.00000000     8.3256572709e-01
    250000     58.00000000     8.7188865353e-01
    250000     60.00000000     9.0991519962e-01
    250000     62.00000000     9.4646149424e-01
    250000     64.00000000     9.8135090623e-01
    250000     66.00000000     1.0144149032e+00
    250000     68.00000000     1.0454938707e+00
    250000     70.00000000     1.0744378884e+00
    250000     72.00000000     1.1011074582e+00
    250000     74.00000000     1.1253741824e+00
    250000     76.00000000     1.1471213872e+00
    250000     78.00000000     1.1662446891e+00
    250000     80.00000000     1.1826525019e+00
    250000     82.00000000     1.1962664807e+00
    250000     84.00000000     1.2070219016e+00
    250000     86.00000000     1.2148679753e+00
    250000     88.00000000     1.2197680924e+00
    250000     90.00000000     1.2217000000e+00
     50000    -90.00000000     1.2217000000e+00
     50000    -88.00000000     1.2211997833e+00
     50000    -86.00000000     1.2177296127e+00
     50000    -84.00000000     1.2113099991e+00
     50000    -82.00000000     1.2019758139e+00
     50000    -80.00000000     1.1897761149e+00
     50000    -78.00000000     1.1747739028e+00
     50000    -76.00000000     1.1570458101e+00
     50000    -74.00000000     1.1366817232e+00
     50000    -72.00000000     1.1137843403e+00
     50000    -70.00000000     1.0884686670e+00
     50000    -68.00000000     1.0608614515e+00
     50000    -66.00000000     1.0311005631e+00
     50000    -64.00000000     9.9933431635e-01
     50000    -62.00000000     9.6572074456e-01
     50000    -60.00000000     9.3042682573e-01
     50000    -58.00000000     8.9362766517e-01
     50000    -56.00000000     8.5550563862e-01
     50000    -54.00000000     8.1624949992e-01
     50000    -52.00000000     7.7605345773e-01
     50000    -50.00000000     7.3511622578e-01
     50000    -48.00000000     6.9364005120e-01
     50000    -46.00000000     6.5182972582e-01
     50000    -44.00000000     6.0989158501e-01
     50000    -42.00000000     5.6803249914e-01
     50000    -40.00000000     5.2645886231e-01
     50000    -38.00000000     4.8537558294e-01
     50000    -36.00000000     4.4498508072e-01
     50000    -34.00000000     4.0548629280e-01
     50000    -32.00000000     3.6707369072e-01
     50000    -30.00000000     3.2993630451e-01
     50000    -28.00000000     2.9425674202e-01
     50000    -26.00000000     2.6021017489e-01
     50000    -24.00000000     2.2796323768e-01
     50000    -22.00000000     1.9767276092e-01
     50000    -20.00000000     1.6948428243e-01
     50000    -18.00000000     1.4353052770e-01
     50000    -16.00000000     1.1993100598e-01
     50000    -14.00000000     9.8796540810e-02
     50000    -12.00000000     8.0247088547e-02
     50000    -10.00000000     6.4444295637e-02
     50000     -8.00000000     5.1560381636e-02
     50000     -6.00000000     4.1500856970e-02
     50000     -4.00000000     3.3730170001e-02
     50000     -2.00000000     2.7800286772e-02
     50000      0.00000000     2.3616004941e-02
     50000      2.00000000     2.1158757588e-02
     50000      4.00000000     2.0366434022e-02
     50000      6.00000000     2.1368248073e-02
     50000      8.00000000     2.5191956224e-02
     50000     10.00000000     3.3999954743e-02
     50000     12.00000000     4.8766396744e-02
     50000     14.00000000     6.7984377273e-02
     50000     16.00000000     9.0072183681e-02
     50000     18.00000000     1.1444622085e-01
     50000     20.00000000     1.4099574774e-01
     50000     22.00000000     1.6968447140e-01
     50000     24.00000000     2.0044220076e-01
     50000     26.00000000     2.3315806841e-01
     50000     28.00000000     2.6769212391e-01
     50000     30.00000000     3.0388524192e-01
     50000     32.00000000     3.4156523618e-01
     50000     34.00000000     3.8055040058e-01
     50000     36.00000000     4.2065166882e-01
     50000     38.00000000     4.6167411018e-01
     50000     40.00000000     5.0341813005e-01
     50000     42.00000000     5.4568054915e-01
     50000     44.00000000     5.8825563800e-01
     50000     46.00000000     6.3093613731e-01
     50000     48.00000000     6.7351427507e-01
     50000     50.00000000     7.1578278152e-01
     50000     52.00000000     7.5753589992e-01
     50000     54.00000000     7.9857038925e-01
     50000     56.00000000     8.3868651432e-01
     50000     58.00000000     8.7768901875e-01
     50000     60.00000000     9.1538807596e-01
     50000     62.00000000     9.5160021386e-01
     50000     64.00000000     9.8614920839e-01
     50000     66.00000000     1.0188669419e+00
     50000     68.00000000     1.0495942219e+00
     50000     70.00000000     1.0781815563e+00
     50000     72.00000000     1.1044898818e+00
     50000     74.00000000     1.1283912407e+00
     50000     76.00000000     1.1497694044e+00
     50000     78.00000000     1.1685204390e+00
     50000     80.00000000     1.1845532119e+00
     50000     82.00000000     1.1977898350e+00
     50000     84.00000000     1.2081660443e+00
     50000     86.00000000     1.2156315124e+00
     50000     88.00000000     1.2201500937e+00
     50000     90.00000000     1.2217000000e+00
    100000    -90.00000000     1.2217000000e+00
    100000    -88.00000000     1.2210993080e+00
    100000    -86.00000000     1.2175287845e+00
    100000    -84.00000000     1.2110090627e+00
    100000    -82.00000000     1.2015751359e+00
    100000    -80.00000000     1.1892761835e+00
    100000    -78.00000000     1.1741753272e+00
    100000    -76.00000000     1.1563493194e+00
    100000    -74.00000000     1.1358881660e+00
    100000    -72.00000000     1.1128946835e+00
    100000    -70.00000000     1.0874839945e+00
    100000    -68.00000000     1.0597829629e+00
    100000    -66.00000000     1.0299295724e+00
    100000    -64.00000000     9.9807225022e-01
    100000    -62.00000000     9.6436914066e-01
    100000    -60.00000000     9.2898733075e-01
    100000    -58.00000000     8.9210203294e-01
    100000    -56.00000000     8.5389572788e-01
    100000    -54.00000000     8.1455727209e-01
    100000    -52.00000000     7.7428097454e-01
    100000    -50.00000000     7.3326564671e-01
    100000    -48.00000000     6.9171363090e-01
    100000    -46.00000000     6.4982981130e-01
    100000    -44.00000000     6.0782061282e-01
    100000    -42.00000000     5.6589299227e-01
    100000    -40.00000000     5.2425342698e-01
    100000    -38.00000000     4.8310690501e-01
    100000    -36.00000000     4.4265592133e-01
    100000    -34.00000000     4.0309948242e-01
    100000    -32.00000000     3.6463211945e-01
    100000    -30.00000000     3.2744290413e-01
    100000    -28.00000000     2.9171444959e-01
    100000    -26.00000000     2.5762185773e-01
    100000    -24.00000000     2.2533154135e-01
    100000    -22.00000000     1.9499981762e-01
    100000    -20.00000000     1.6677120715e-01
    100000    -18.00000000     1.4077672335e-01
    100000    -16.00000000     1.1713379015e-01
    100000    -14.00000000     9.5953206119e-02
    100000    -12.00000000     7.7364616755e-02
    100000    -10.00000000     6.1558498653e-02
    100000     -8.00000000     4.8726427508e-02
    100000     -6.00000000     3.8714335904e-02
    100000     -4.00000000     3.0944250330e-02
    100000     -2.00000000     2.5019517479e-02
    100000      0.00000000     2.0872885682e-02
    100000      2.00000000     1.8485686597e-02
    100000      4.00000000     1.7778497590e-02
    100000      6.00000000     1.8753122388e-02
    100000      8.00000000     2.2061323496e-02
    100000     10.00000000     2.9673519228e-02
    100000     12.00000000     4.3374585200e-02
    100000     14.00000000     6.2272319287e-02
    100000     16.00000000     8.4458871632e-02
    100000     18.00000000     1.0900604980e-01
    100000     20.00000000     1.3570077012e-01
    100000     22.00000000     1.6450377136e-01
    100000     24.00000000     1.9535910439e-01
    100000     26.00000000     2.2816688011e-01
    100000     28.00000000     2.6279327158e-01
    100000     30.00000000     2.9908213808e-01
    100000     32.00000000     3.3686261626e-01
    100000     34.00000000     3.7595351882e-01
    100000     36.00000000     4.1616592774e-01
    100000     38.00000000     4.5730489378e-01
    100000     40.00000000     4.9917072879e-01
    100000     42.00000000     5.4156012479e-01
    100000     44.00000000     5.8426720551e-01
    100000     46.00000000     6.2708455399e-01
    100000     48.00000000     6.6980423271e-01
    100000     50.00000000     7.1221879994e-01
    100000     52.00000000     7.5412232118e-01
    100000     54.00000000     7.9531137223e-01
    100000     56.00000000     8.3558602962e-01
    100000     58.00000000     8.7475084381e-01
    100000     60.00000000     9.1261579051e-01
    100000     62.00000000     9.4899719549e-01
    100000     64.00000000     9.8371862848e-01
    100000     66.00000000     1.0166117617e+00
    100000     68.00000000     1.0475171890e+00
    100000     70.00000000     1.0762852014e+00
    100000     72.00000000     1.1027765152e+00
    100000     74.00000000     1.1268629499e+00
    100000     76.00000000     1.1484280513e+00
    100000     78.00000000     1.1673676579e+00
    100000     80.00000000     1.1835904073e+00
    100000     82.00000000     1.1970181799e+00
    100000     84.00000000     1.2075864788e+00
    100000     86.00000000     1.2152447427e+00
    100000     88.00000000     1.2199565910e+00
    100000     90.00000000     1.2217000000e+00
    150000    -90.00000000     1.2217000000e+00
    150000    -88.00000000     1.2210452028e+00
    150000    -86.00000000     1.2174206401e+00
    150000    -84.00000000     1.2108470108e+00
    150000    -82.00000000     1.2013593740e+00
    150000    -80.00000000     1.1890069745e+00
    150000    -78.00000000     1.1738529989e+00
    150000    -76.00000000     1.1559742647e+00
    150000    -74.00000000     1.1354608417e+00
    150000    -72.00000000     1.1124156103e+00
    150000    -70.00000000     1.0869537560e+00
    150000    -68.00000000     1.0592022053e+00
    150000    -66.00000000     1.0292990031e+00
    150000    -64.00000000     9.9739263757e-01
    150000    -62.00000000     9.6364131261e-01
    150000    -60.00000000     9.2821217406e-01
    150000    -58.00000000     8.9128049201e-01
    150000    -56.00000000     8.5302880363e-01
    150000    -54.00000000     8.1364602075e-01
    150000    -52.00000000     7.7332650631e-01
    150000    -50.00000000     7.3226912447e-01
    150000    -48.00000000     6.9067626875e-01
    150000    -46.00000000     6.4875287310e-01
    150000    -44.00000000     6.0670541060e-01
    150000    -42.00000000     5.6474088462e-01
    150000    -40.00000000     5.2306581724e-01
    150000    -38.00000000     4.8188523930e-01
    150000    -36.00000000     4.4140168595e-01
    150000    -34.00000000     4.0181420021e-01
    150000    -32.00000000     3.6331734345e-01
    150000    -30.00000000     3.2610020517e-01
    150000    -28.00000000     2.9034539087e-01
    150000    -26.00000000     2.5622794159e-01
    150000    -24.00000000     2.2391410135e-01
    150000    -22.00000000     1.9355981266e-01
    150000    -20.00000000     1.6530887154e-01
    150000    -18.00000000     1.3929110971e-01
    150000    -16.00000000     1.1562264370e-01
    150000    -14.00000000     9.4414880051e-02
    150000    -12.00000000     7.5805964930e-02
    150000    -10.00000000     6.0008322840e-02
    150000     -8.00000000     4.7222333936e-02
    150000     -6.00000000     3.7247322973e-02
    150000     -4.00000000     2.9482649884e-02
    150000     -2.00000000     2.3563018633e-02
    150000      0.00000000     1.9436082130e-02
    150000      2.00000000     1.7085276827e-02
    150000      4.00000000     1.6428765709e-02
    150000      6.00000000     1.7420240795e-02
    150000      8.00000000     2.0523879170e-02
    150000     10.00000000     2.7498771275e-02
    150000     12.00000000     4.0467944454e-02
    150000     14.00000000     5.9055886364e-02
    150000     16.00000000     8.1260956660e-02
    150000     18.00000000     1.0590988079e-01
    150000     20.00000000     1.3269627909e-01
    150000     22.00000000     1.6157049432e-01
    150000     24.00000000     1.9248455179e-01
    150000     26.00000000     2.2534598482e-01
    150000     28.00000000     2.6002533030e-01
    150000     30.00000000     2.9636863322e-01
    150000     32.00000000     3.3420602304e-01
    150000     34.00000000     3.7335671869e-01
    150000     36.00000000     4.1363193589e-01
    150000     38.00000000     4.5483673646e-01
    150000     40.00000000     4.9677138836e-01
    150000     42.00000000     5.3923251465e-01
    150000     44.00000000     5.8201415759e-01
    150000     46.00000000     6.2490881179e-01
    150000     48.00000000     6.6770844645e-01
    150000     50.00000000     7.1020552280e-01
    150000     52.00000000     7.5219400593e-01
    150000     54.00000000     7.9347036820e-01
    150000     56.00000000     8.3383457978e-01
    150000     58.00000000     8.7309108204e-01
    150000     60.00000000     9.1104973896e-01
    150000     62.00000000     9.4752676215e-01
    150000     64.00000000     9.8234560485e-01
    150000     66.00000000     1.0153378206e+00
    150000     68.00000000     1.0463438826e+00
    150000     70.00000000     1.0752139590e+00
    150000     72.00000000     1.1018086421e+00
    150000     74.00000000     1.1259996253e+00
    150000     76.00000000     1.1476703270e+00
    150000     78.00000000     1.1667164571e+00
    150000     80.00000000     1.1830465233e+00
    150000     82.00000000     1.1965822754e+00
    150000     84.00000000     1.2072590849e+00
    150000     86.00000000     1.2150262582e+00
    150000     88.00000000     1.2198472821e+00
    150000     90.00000000     1.2217000000e+00
    200000    -90.00000000     1.2217000000e+00
    200000    -88.00000000     1.2210086758e+00
    200000    -86.00000000     1.2173476306e+00
    200000    -84.00000000     1.2107376077e+00
    200000    -82.00000000     1.2012137106e+00
    200000    -80.00000000     1.1888252282e+00
    200000    -78.00000000     1.1736353913e+00
    200000    -76.00000000     1.1557210608e+00
    200000    -74.00000000     1.1351723501e+00
    200000    -72.00000000     1.1120921824e+00
    200000    -70.00000000     1.0865957859e+00
    200000    -68.00000000     1.0588101290e+00
    200000    -66.00000000     1.0288732984e+00
    200000    -64.00000000     9.9693382311e-01
    200000    -62.00000000     9.6314994738e-01
    200000    -60.00000000     9.2768885671e-01
    200000    -58.00000000     8.9072586011e-01
    200000    -56.00000000     8.5244353293e-01
    200000    -54.00000000     8.1303082430e-01
    200000    -52.00000000     7.7268213364e-01
    200000    -50.00000000     7.3159636064e-01
    200000    -48.00000000     6.8997593342e-01
    200000    -46.00000000     6.4802581951e-01
    200000    -44.00000000     6.0595252451e-01
    200000    -42.00000000     5.6396308322e-01
    200000    -40.00000000     5.2226404790e-01
    200000    -38.00000000     4.8106047818e-01
    200000    -36.00000000     4.4055493621e-01
    200000    -34.00000000     4.0094648922e-01
    200000    -32.00000000     3.6242971790e-01
    200000    -30.00000000     3.2519372139e-01
    200000    -28.00000000     2.8942109442e-01
    200000    -26.00000000     2.5528682461e-01
    200000    -24.00000000     2.2295701611e-01
    200000    -22.00000000     1.9258730724e-01
    200000    -20.00000000     1.6432091442e-01
    200000    -18.00000000     1.3828674536e-01
    200000    -16.00000000     1.1459997481e-01
    200000    -14.00000000     9.3372862197e-02
    200000    -12.00000000     7.4751237499e-02
    200000    -10.00000000     5.8965528037e-02
    200000     -8.00000000     4.6219759862e-02
    200000     -6.00000000     3.6274359762e-02
    200000     -4.00000000     2.8514892215e-02
    200000     -2.00000000     2.2599240637e-02
    200000      0.00000000     1.8485109844e-02
    200000      2.00000000     1.6158012976e-02
    200000      4.00000000     1.5536709674e-02
    200000      6.00000000     1.6550228133e-02
    200000      8.00000000     1.9547435126e-02
    200000     10.00000000     2.6111696833e-02
    200000     12.00000000     3.8527224918e-02
    200000     14.00000000     5.6832660838e-02
    200000     16.00000000     7.9025380088e-02
    200000     18.00000000     1.0374460421e-01
    200000     20.00000000     1.3059916106e-01
    200000     22.00000000     1.5952628553e-01
    200000     24.00000000     1.9048307804e-01
    200000     26.00000000     2.2338276722e-01
    200000     28.00000000     2.5809937978e-01
    200000     30.00000000     2.9448074242e-01
    200000     32.00000000     3.3235780598e-01
    200000     34.00000000     3.7155013287e-01
    200000     36.00000000     4.1186905897e-01
    200000     38.00000000     4.5311966545e-01
    200000     40.00000000     4.9510219469e-01
    200000     42.00000000     5.3761322374e-01
    200000     44.00000000     5.8044673907e-01
    200000     46.00000000     6.2339517406e-01
    200000     48.00000000     6.6625043316e-01
    200000     50.00000000     7.0880491012e-01
    200000     52.00000000     7.5085250023e-01
    200000     54.00000000     7.9218960387e-01
    200000     56.00000000     8.3261611722e-01
    200000     58.00000000     8.7193640575e-01
    200000     60.00000000     9.0996025575e-01
    200000     62.00000000     9.4650379938e-01
    200000     64.00000000     9.8139040884e-01
    200000     66.00000000     1.0144515551e+00
    200000     68.00000000     1.0455276274e+00
    200000     70.00000000     1.0744687086e+00
    200000     72.00000000     1.1011353044e+00
    200000     74.00000000     1.1253990207e+00
    200000     76.00000000     1.1471431873e+00
    200000     78.00000000     1.1662634245e+00
    200000     80.00000000     1.1826681497e+00
    200000     82.00000000     1.1962790219e+00
    200000     84.00000000     1.2070313209e+00
    200000     86.00000000     1.2148742612e+00
    200000     88.00000000     1.2197712373e+00
    200000     90.00000000     1.2217000000e+00
    250000    -90.00000000     1.2217000000e+00
    250000    -88.00000000     1.2209813276e+00
    250000    -86.00000000     1.2172929675e+00
    250000    -84.00000000     1.2106556963e+00
    250000    -82.00000000     1.2011046507e+00
    250000    -80.00000000     1.1886891527e+00
    250000    -78.00000000     1.1734724659e+00
    250000    -76.00000000     1.1555314841e+00
    250000    -74.00000000     1.1349563531e+00
    250000    -72.00000000     1.1118500281e+00
    250000    -70.00000000     1.0863277695e+00
    250000    -68.00000000     1.0585165769e+00
    250000    -66.00000000     1.0285545683e+00
    250000    -64.00000000     9.9659030336e-01
    250000    -62.00000000     9.6278205648e-01
    250000    -60.00000000     9.2729704289e-01
    250000    -58.00000000     8.9031060073e-01
    250000    -56.00000000     8.5200533392e-01
    250000    -54.00000000     8.1257021953e-01
    250000    -52.00000000     7.7219968429e-01
    250000    -50.00000000     7.3109265451e-01
    250000    -48.00000000     6.8945158418e-01
    250000    -46.00000000     6.4748146599e-01
    250000    -44.00000000     6.0538882989e-01
    250000    -42.00000000     5.6338073420e-01
    250000    -40.00000000     5.2166375376e-01
    250000    -38.00000000     4.8044296972e-01
    250000    -36.00000000     4.3992096430e-01
    250000    -34.00000000     4.0029682262e-01
    250000    -32.00000000     3.6176513917e-01
    250000    -30.00000000     3.2451501872e-01
    250000    -28.00000000     2.8872904439e-01
    250000    -26.00000000     2.5458215601e-01
    250000    -24.00000000     2.2224033650e-01
    250000    -22.00000000     1.9185896426e-01
    250000    -20.00000000     1.6358076561e-01
    250000    -18.00000000     1.3753388149e-01
    250000    -16.00000000     1.1383276198e-01
    250000    -14.00000000     9.2590638399e-02
    250000    -12.00000000     7.3960411383e-02
    250000    -10.00000000     5.8187849707e-02
    250000     -8.00000000     4.5477621645e-02
    250000     -6.00000000     3.5556653004e-02
    250000     -4.00000000     2.7801689753e-02
    250000     -2.00000000     2.1889166627e-02
    250000      0.00000000     1.7784284847e-02
    250000      2.00000000     1.5474381930e-02
    250000      4.00000000     1.4879662418e-02
    250000      6.00000000     1.5914584897e-02
    250000      8.00000000     1.8849034276e-02
    250000     10.00000000     2.5122115956e-02
    250000     12.00000000     3.7095543965e-02
    250000     14.00000000     5.5144077233e-02
    250000     16.00000000     7.7309124552e-02
    250000     18.00000000     1.0208066039e-01
    250000     20.00000000     1.2898981719e-01
    250000     22.00000000     1.5795950166e-01
    250000     24.00000000     1.8895018974e-01
    250000     26.00000000     2.2187975170e-01
    250000     28.00000000     2.5662516207e-01
    250000     30.00000000     2.9303577576e-01
    250000     32.00000000     3.3094325584e-01
    250000     34.00000000     3.7016746685e-01
    250000     36.00000000     4.1051985418e-01
    250000     38.00000000     4.5180552140e-01
    250000     40.00000000     4.9382469450e-01
    250000     42.00000000     5.3637391667e-01
    250000     44.00000000     5.7924713220e-01
    250000     46.00000000     6.2223672781e-01
    250000     48.00000000     6.6513455850e-01
    250000     50.00000000     7.0773296641e-01
    250000     52.00000000     7.4982579341e-01
    250000     54.00000000     7.9120938479e-01
    250000     56.00000000     8.3168358014e-01
    250000     58.00000000     8.7105268680e-01
    250000     60.00000000     9.0912643161e-01
    250000     62.00000000     9.4572088594e-01
    250000     64.00000000     9.8065935995e-01
    250000     66.00000000     1.0137732615e+00
    250000     68.00000000     1.0449029153e+00
    250000     70.00000000     1.0738983393e+00
    250000     72.00000000     1.1006199728e+00
    250000     74.00000000     1.1249393546e+00
    250000     76.00000000     1.1467397467e+00
    250000     78.00000000     1.1659167009e+00
    250000     80.00000000     1.1823785657e+00
    250000     82.00000000     1.1960469301e+00
    250000     84.00000000     1.2068570042e+00
    250000     86.00000000     1.2147579319e+00
    250000     88.00000000     1.2197130372e+00
    250000     90.00000000     1.2217000000e+00
     50000    -90.00000000     1.2217000000e+00
     50000    -88.00000000     1.2211435384e+00
     50000    -86.00000000     1.2176171914e+00
     50000    -84.00000000     1.2111415383e+00
     50000    -82.00000000     1.2017515189e+00
     50000    -80.00000000     1.1894962590e+00
     50000    -78.00000000     1.1744388270e+00
     50000    -76.00000000     1.1566559225e+00
     50000    -74.00000000     1.1362374989e+00
     50000    -72.00000000     1.1132863205e+00
     50000    -70.00000000     1.0879174585e+00
     50000    -68.00000000     1.0602577258e+00
     50000    -66.00000000     1.0304450558e+00
     50000    -64.00000000     9.9862782606e-01
     50000    -62.00000000     9.6496413204e-01
     50000    -60.00000000     9.2962101279e-01
     50000    -58.00000000     8.9277363357e-01
     50000    -56.00000000     8.5460442887e-01
     50000    -54.00000000     8.1530221000e-01
     50000    -52.00000000     7.7506124176e-01
     50000    -50.00000000     7.3408029262e-01
     50000    -48.00000000     6.9256166298e-01
     50000    -46.00000000     6.5071019636e-01
     50000    -44.00000000     6.0873227824e-01
     50000    -42.00000000     5.6683482736e-01
     50000    -40.00000000     5.2522428431e-01
     50000    -38.00000000     4.8410560192e-01
     50000    -36.00000000     4.4368124151e-01
     50000    -34.00000000     4.0415017781e-01
     50000    -32.00000000     3.6570691265e-01
     50000    -30.00000000     3.2854049175e-01
     50000    -28.00000000     2.9283350728e-01
     50000    -26.00000000     2.5876104687e-01
     50000    -24.00000000     2.2648951424e-01
     50000    -22.00000000     1.9617520496e-01
     50000    -20.00000000     1.6796253083e-01
     50000    -18.00000000     1.4198206781e-01
     50000    -16.00000000     1.1834982308e-01
     50000    -14.00000000     9.7172844398e-02
     50000    -12.00000000     7.8573680532e-02
     50000    -10.00000000     6.2740995057e-02
     50000     -8.00000000     4.9909794062e-02
     50000     -6.00000000     4.0029292367e-02
     50000     -4.00000000     3.2537552441e-02
     50000     -2.00000000     2.6936350530e-02
     50000      0.00000000     2.3088429753e-02
     50000      2.00000000     2.0955503245e-02
     50000      4.00000000     2.0486430383e-02
     50000      6.00000000     2.1884345212e-02
     50000      8.00000000     2.6319591083e-02
     50000     10.00000000     3.5869664233e-02
     50000     12.00000000     5.1073214797e-02
     50000     14.00000000     7.0345613301e-02
     50000     16.00000000     9.2346370524e-02
     50000     18.00000000     1.1663020775e-01
     50000     20.00000000     1.4311326169e-01
     50000     22.00000000     1.7175300500e-01
     50000     24.00000000     2.0247046272e-01
     50000     26.00000000     2.3514914542e-01
     50000     28.00000000     2.6964616639e-01
     50000     30.00000000     3.0580101465e-01
     50000     32.00000000     3.4344089956e-01
     50000     34.00000000     3.8238387805e-01
     50000     36.00000000     4.2244081303e-01
     50000     38.00000000     4.6341677660e-01
     50000     40.00000000     5.0511220968e-01
     50000     42.00000000     5.4732398367e-01
     50000     44.00000000     5.8984642735e-01
     50000     46.00000000     6.3247234423e-01
     50000     48.00000000     6.7499402825e-01
     50000     50.00000000     7.1720427824e-01
     50000     52.00000000     7.5889740835e-01
     50000     54.00000000     7.9987025062e-01
     50000     56.00000000     8.3992314496e-01
     50000     58.00000000     8.7886091201e-01
     50000     60.00000000     9.1649380409e-01
     50000     62.00000000     9.5263842968e-01
     50000     64.00000000     9.8711864700e-01
     50000     66.00000000     1.0197664222e+00
     50000     68.00000000     1.0504226479e+00
     50000     70.00000000     1.0789379189e+00
     50000     72.00000000     1.1051732594e+00
     50000     74.00000000     1.1290008007e+00
     50000     76.00000000     1.1503044041e+00
     50000     78.00000000     1.1689802267e+00
     50000     80.00000000     1.1849372273e+00
     50000     82.00000000     1.1980976103e+00
     50000     84.00000000     1.2083972044e+00
     50000     86.00000000     1.2157857758e+00
     50000     88.00000000     1.2202272724e+00
     50000     90.00000000     1.2217000000e+00
    100000    -90.00000000     1.2217000000e+00
    100000    -88.00000000     1.2210384102e+00
    100000    -86.00000000     1.2174070631e+00
    100000    -84.00000000     1.2108266659e+00
    100000    -82.00000000     1.2013322861e+00
    100000    -80.00000000     1.1889731764e+00
    100000    -78.00000000     1.1738125320e+00
    100000    -76.00000000     1.1559271782e+00
    100000    -74.00000000     1.1354071931e+00
    100000    -72.00000000     1.1123554648e+00
    100000    -70.00000000     1.0868871870e+00
    100000    -68.00000000     1.0591292937e+00
    100000    -66.00000000     1.0292198379e+00
    100000    -64.00000000     9.9730731522e-01
    100000    -62.00000000     9.6354993703e-01
    100000    -60.00000000     9.2811485658e-01
    100000    -58.00000000     8.9117735119e-01
    100000    -56.00000000     8.5291996515e-01
    100000    -54.00000000     8.1353161719e-01
    100000    -52.00000000     7.7320667706e-01
    100000    -50.00000000     7.3214401553e-01
    100000    -48.00000000     6.9054603253e-01
    100000    -46.00000000     6.4861766827e-01
    100000    -44.00000000     6.0656540185e-01
    100000    -42.00000000     5.6459624247e-01
    100000    -40.00000000     5.2291671775e-01
    100000    -38.00000000     4.8173186368e-01
    100000    -36.00000000     4.4124421997e-01
    100000    -34.00000000     4.0165283295e-01
    100000    -32.00000000     3.6315226463e-01
    100000    -30.00000000     3.2593159892e-01
    100000    -28.00000000     2.9017342103e-01
    100000    -26.00000000     2.5605271724e-01
    100000    -24.00000000     2.2373559720e-01
    100000    -22.00000000     1.9337769033e-01
    100000    -20.00000000     1.6512209662e-01
    100000    -18.00000000     1.3909719513e-01
    100000    -16.00000000     1.1541639773e-01
    100000    -14.00000000     9.4187308079e-02
    100000    -12.00000000     7.5547529593e-02
    100000    -10.00000000     5.9729386901e-02
    100000     -8.00000000     4.6997488033e-02
    100000     -6.00000000     3.7216820486e-02
    100000     -4.00000000     2.9755736598e-02
    100000     -2.00000000     2.4167961971e-02
    100000      0.00000000     2.0356077559e-02
    100000      2.00000000     1.8288978390e-02
    100000      4.00000000     1.7893236302e-02
    100000      6.00000000     1.9221050773e-02
    100000      8.00000000     2.3062425774e-02
    100000     10.00000000     3.1436441737e-02
    100000     12.00000000     4.5739138211e-02
    100000     14.00000000     6.4803736928e-02
    100000     16.00000000     8.6924728545e-02
    100000     18.00000000     1.1137168498e-01
    100000     20.00000000     1.3798781510e-01
    100000     22.00000000     1.6673332877e-01
    100000     24.00000000     1.9754277913e-01
    100000     26.00000000     2.3030932258e-01
    100000     28.00000000     2.6489531868e-01
    100000     30.00000000     3.0114277810e-01
    100000     32.00000000     3.3888001240e-01
    100000     34.00000000     3.7792549906e-01
    100000     36.00000000     4.1809020846e-01
    100000     38.00000000     4.5917917922e-01
    100000     40.00000000     5.0099275505e-01
    100000     42.00000000     5.4332767985e-01
    100000     44.00000000     5.8597813894e-01
    100000     46.00000000     6.2873678250e-01
    100000     48.00000000     6.7139574377e-01
    100000     50.00000000     7.1374765472e-01
    100000     52.00000000     7.5558665707e-01
    100000     54.00000000     7.9670940518e-01
    100000     56.00000000     8.3691605636e-01
    100000     58.00000000     8.7601124391e-01
    100000     60.00000000     9.1380502837e-01
    100000     62.00000000     9.5011382220e-01
    100000     64.00000000     9.8476128361e-01
    100000     66.00000000     1.0175791750e+00
    100000     68.00000000     1.0484081817e+00
    100000     70.00000000     1.0770986880e+00
    100000     72.00000000     1.1035115046e+00
    100000     74.00000000     1.1275185466e+00
    100000     76.00000000     1.1490034567e+00
    100000     78.00000000     1.1678621708e+00
    100000     80.00000000     1.1840034253e+00
    100000     82.00000000     1.1973491997e+00
    100000     84.00000000     1.2078350972e+00
    100000     86.00000000     1.2154106568e+00
    100000     88.00000000     1.2200395986e+00
    100000     90.00000000     1.2217000000e+00
    150000    -90.00000000     1.2217000000e+00
    150000    -88.00000000     1.2209815873e+00
    150000    -86.00000000     1.2172934865e+00
    150000    -84.00000000     1.2106564741e+00
    150000    -82.00000000     1.2011056863e+00
    150000    -80.00000000     1.1886904449e+00
    150000    -78.00000000     1.1734740130e+00
    150000    -76.00000000     1.1555332843e+00
    150000    -74.00000000     1.1349584041e+00
    150000    -72.00000000     1.1118523275e+00
    150000    -70.00000000     1.0863303144e+00
    150000    -68.00000000     1.0585193644e+00
    150000    -66.00000000     1.0285575949e+00
    150000    -64.00000000     9.9659356530e-01
    150000    -62.00000000     9.6278554983e-01
    150000    -60.00000000     9.2730076340e-01
    150000    -58.00000000     8.9031454387e-01
    150000    -56.00000000     8.5200949489e-01
    150000    -54.00000000     8.1257459326e-01
    150000    -52.00000000     7.7220426544e-01
    150000    -50.00000000     7.3109743750e-01
    150000    -48.00000000     6.8945656319e-01
    150000    -46.00000000     6.4748663494e-01
    150000    -44.00000000     6.0539418247e-01
    150000    -42.00000000     5.6338626384e-01
    150000    -40.00000000     5.2166945364e-01
    150000    -38.00000000     4.8044883265e-01
    150000    -36.00000000     4.3992698257e-01
    150000    -34.00000000     4.0030298742e-01
    150000    -32.00000000     3.6177143932e-01
    150000    -30.00000000     3.2452143716e-01
    150000    -28.00000000     2.8873554936e-01
    150000    -26.00000000     2.5458867861e-01
    150000    -24.00000000     2.2224671453e-01
    150000    -22.00000000     1.9186480524e-01
    150000    -20.00000000     1.6358512518e-01
    150000    -18.00000000     1.3753455843e-01
    150000    -16.00000000     1.1382495453e-01
    150000    -14.00000000     9.2565264406e-02
    150000    -12.00000000     7.3906060973e-02
    150000    -10.00000000     5.8111714805e-02
    150000     -8.00000000     4.5457587461e-02
    150000     -6.00000000     3.5741988448e-02
    150000     -4.00000000     2.8299076950e-02
    150000     -2.00000000     2.2718629965e-02
    150000      0.00000000     1.8924963554e-02
    150000      2.00000000     1.6892405164e-02
    150000      4.00000000     1.6542992870e-02
    150000      6.00000000     1.7868993841e-02
    150000      8.00000000     2.1459824674e-02
    150000     10.00000000     2.9179997835e-02
    150000     12.00000000     4.2836023386e-02
    150000     14.00000000     6.1675231537e-02
    150000     16.00000000     8.3838840041e-02
    150000     18.00000000     1.0838395548e-01
    150000     20.00000000     1.3508420250e-01
    150000     22.00000000     1.6389526418e-01
    150000     24.00000000     1.9475971580e-01
    150000     26.00000000     2.2757731803e-01
    150000     28.00000000     2.6221419097e-01
    150000     30.00000000     2.9851419985e-01
    150000     32.00000000     3.3630648791e-01
    150000     34.00000000     3.7540986601e-01
    150000     36.00000000     4.1563540742e-01
    150000     38.00000000     4.5678815000e-01
    150000     40.00000000     4.9866839015e-01
    150000     42.00000000     5.4107280295e-01
    150000     44.00000000     5.8379549403e-01
    150000     46.00000000     6.2662902754e-01
    150000     48.00000000     6.6936544626e-01
    150000     50.00000000     7.1179728807e-01
    150000     52.00000000     7.5371859743e-01
    150000     54.00000000     7.9492592848e-01
    150000     56.00000000     8.3521933548e-01
    150000     58.00000000     8.7440334604e-01
    150000     60.00000000     9.1228791248e-01
    150000     62.00000000     9.4868933667e-01
    150000     64.00000000     9.8343116395e-01
    150000     66.00000000     1.0163450417e+00
    150000     68.00000000     1.0472715385e+00
    150000     70.00000000     1.0760609196e+00
    150000     72.00000000     1.1025738754e+00
    150000     74.00000000     1.1266821990e+00
    150000     76.00000000     1.1482694096e+00
    150000     78.00000000     1.1672313186e+00
    150000     80.00000000     1.1834765364e+00
    150000     82.00000000     1.1969269163e+00
    150000     84.00000000     1.2075179336e+00
    150000     86.00000000     1.2151989995e+00
    150000     88.00000000     1.2199337054e+00
    150000     90.00000000     1.2217000000e+00
    200000    -90.00000000     1.2217000000e+00
    200000    -88.00000000     1.2209431338e+00
    200000    -86.00000000     1.2172166264e+00
    200000    -84.00000000     1.2105413010e+00
    200000    -82.00000000     1.2009523405e+00
    200000    -80.00000000     1.1884991132e+00
    200000    -78.00000000     1.1732449286e+00
    200000    -76.00000000     1.1552667262e+00
    200000    -74.00000000     1.1346546971e+00
    200000    -72.00000000     1.1115118417e+00
    200000    -70.00000000     1.0859534646e+00
    200000    -68.00000000     1.0581066096e+00
    200000    -66.00000000     1.0281094381e+00
    200000    -64.00000000     9.9611055254e-01
    200000    -62.00000000     9.6226826955e-01
    200000    -60.00000000     9.2674984581e-01
    200000    -58.00000000     8.8973066018e-01
    200000    -56.00000000     8.5139335647e-01
    200000    -54.00000000     8.1192695078e-01
    200000    -52.00000000     7.7152590796e-01
    200000    -50.00000000     7.3038919149e-01
    200000    -48.00000000     6.8871929153e-01
    200000    -46.00000000     6.4672123587e-01
    200000    -44.00000000     6.0460158846e-01
    200000    -42.00000000     5.6256744042e-01
    200000    -40.00000000     5.2082539810e-01
    200000    -38.00000000     4.7958057251e-01
    200000    -36.00000000     4.3903557352e-01
    200000    -34.00000000     3.9938951016e-01
    200000    -32.00000000     3.6083699363e-01
    200000    -30.00000000     3.2356712994e-01
    200000    -28.00000000     2.8776246928e-01
    200000    -26.00000000     2.5359784257e-01
    200000    -24.00000000     2.2123895856e-01
    200000    -22.00000000     1.9084057677e-01
    200000    -20.00000000     1.6254413556e-01
    200000    -18.00000000     1.3647536121e-01
    200000    -16.00000000     1.1274501664e-01
    200000    -14.00000000     9.1463673641e-02
    200000    -12.00000000     7.2793468958e-02
    200000    -10.00000000     5.7024352735e-02
    200000     -8.00000000     4.4434130771e-02
    200000     -6.00000000     3.4766217169e-02
    200000     -4.00000000     2.7335553731e-02
    200000     -2.00000000     2.1759775954e-02
    200000      0.00000000     1.7977734019e-02
    200000      2.00000000     1.5967790457e-02
    200000      4.00000000     1.5651376267e-02
    200000      6.00000000     1.6988794574e-02
    200000      8.00000000     2.0442460982e-02
    200000     10.00000000     2.7729805114e-02
    200000     12.00000000     4.0883236854e-02
    200000     14.00000000     5.9507080559e-02
    200000     16.00000000     8.1682006231e-02
    200000     18.00000000     1.0629655273e-01
    200000     20.00000000     1.3305950166e-01
    200000     22.00000000     1.6191912628e-01
    200000     24.00000000     1.9282344486e-01
    200000     26.00000000     2.2567733752e-01
    200000     28.00000000     2.6034994432e-01
    200000     30.00000000     2.9668664641e-01
    200000     32.00000000     3.3451727719e-01
    200000     34.00000000     3.7366093103e-01
    200000     36.00000000     4.1392877570e-01
    200000     38.00000000     4.5512585836e-01
    200000     40.00000000     4.9705244668e-01
    200000     42.00000000     5.3950516958e-01
    200000     44.00000000     5.8227807799e-01
    200000     46.00000000     6.2516367651e-01
    200000     48.00000000     6.6795394514e-01
    200000     50.00000000     7.1044135641e-01
    200000     52.00000000     7.5241988717e-01
    200000     54.00000000     7.9368602188e-01
    200000     56.00000000     8.3403974315e-01
    200000     58.00000000     8.7328550514e-01
    200000     60.00000000     9.1123318493e-01
    200000     62.00000000     9.4769900748e-01
    200000     64.00000000     9.8250643969e-01
    200000     66.00000000     1.0154870490e+00
    200000     68.00000000     1.0464813227e+00
    200000     70.00000000     1.0753394435e+00
    200000     72.00000000     1.1019220179e+00
    200000     74.00000000     1.1261007544e+00
    200000     76.00000000     1.1477590862e+00
    200000     78.00000000     1.1667927382e+00
    200000     80.00000000     1.1831102334e+00
    200000     82.00000000     1.1966333369e+00
    200000     84.00000000     1.2072974355e+00
    200000     86.00000000     1.2150518513e+00
    200000     88.00000000     1.2198600865e+00
    200000     90.00000000     1.2217000000e+00
    250000    -90.00000000     1.2217000000e+00
    250000    -88.00000000     1.2209142923e+00
    250000    -86.00000000     1.2171589786e+00
    250000    -84.00000000     1.2104549170e+00
    250000    -82.00000000     1.2008373257e+00
    250000    -80.00000000     1.1883556077e+00
    250000    -78.00000000     1.1730731072e+00
    250000    -76.00000000     1.1550667982e+00
    250000    -74.00000000     1.1344269062e+00
    250000    -72.00000000     1.1112564654e+00
    250000    -70.00000000     1.0856708139e+00
    250000    -68.00000000     1.0577970290e+00
    250000    -66.00000000     1.0277733047e+00
    250000    -64.00000000     9.9574827588e-01
    250000    -62.00000000     9.6188029102e-01
    250000    -60.00000000     9.2633663811e-01
    250000    -58.00000000     8.8929272675e-01
    250000    -56.00000000     8.5093123085e-01
    250000    -54.00000000     8.1144119601e-01
    250000    -52.00000000     7.7101711585e-01
    250000    -50.00000000     7.2985798192e-01
    250000    -48.00000000     6.8816631169e-01
    250000    -46.00000000     6.4614715947e-01
    250000    -44.00000000     6.0400711489e-01
    250000    -42.00000000     5.6195329385e-01
    250000    -40.00000000     5.2019232650e-01
    250000    -38.00000000     4.7892934645e-01
    250000    -36.00000000     4.3836698460e-01
    250000    -34.00000000     3.9870436835e-01
    250000    -32.00000000     3.6013612243e-01
    250000    -30.00000000     3.2285135628e-01
    250000    -28.00000000     2.8703260201e-01
    250000    -26.00000000     2.5285462708e-01
    250000    -24.00000000     2.2048298436e-01
    250000    -22.00000000     1.9007210252e-01
    250000    -20.00000000     1.6176280018e-01
    250000    -18.00000000     1.3567985004e-01
    250000    -16.00000000     1.1193320691e-01
    250000    -14.00000000     9.0635178731e-02
    250000    -12.00000000     7.1958428043e-02
    250000    -10.00000000     5.6214220472e-02
    250000     -8.00000000     4.3678328290e-02
    250000     -6.00000000     3.4047679650e-02
    250000     -4.00000000     2.6625923852e-02
    250000     -2.00000000     2.1053396363e-02
    250000      0.00000000     1.7279641936e-02
    250000      2.00000000     1.5286152918e-02
    250000      4.00000000     1.4995021134e-02
    250000      6.00000000     1.6346951530e-02
    250000      8.00000000     1.9715594720e-02
    250000     10.00000000     2.6689729516e-02
    250000     12.00000000     3.9433832580e-02
    250000     14.00000000     5.7856154410e-02
    250000     16.00000000     8.0026044705e-02
    250000     18.00000000     1.0469350515e-01
    250000     20.00000000     1.3150683873e-01
    250000     22.00000000     1.6040546311e-01
    250000     24.00000000     1.9134131169e-01
    250000     26.00000000     2.2422347470e-01
    250000     28.00000000     2.5892365183e-01
    250000     30.00000000     2.9528852719e-01
    250000     32.00000000     3.3314853384e-01
    250000     34.00000000     3.7232301646e-01
    250000     36.00000000     4.1262322995e-01
    250000     38.00000000     4.5385423502e-01
    250000     40.00000000     4.9581628003e-01
    250000     42.00000000     5.3830595971e-01
    250000     44.00000000     5.8111728360e-01
    250000     46.00000000     6.2404271093e-01
    250000     48.00000000     6.6687417375e-01
    250000     50.00000000     7.0940409460e-01
    250000     52.00000000     7.5142639864e-01
    250000     54.00000000     7.9273751702e-01
    250000     56.00000000     8.3313737757e-01
    250000     58.00000000     8.7243037822e-01
    250000     60.00000000     9.1042633851e-01
    250000     62.00000000     9.4694142458e-01
    250000     64.00000000     9.8179904331e-01
    250000     66.00000000     1.0148307010e+00
    250000     68.00000000     1.0458768227e+00
    250000     70.00000000     1.0747875280e+00
    250000     72.00000000     1.1014233594e+00
    250000     74.00000000     1.1256559604e+00
    250000     76.00000000     1.1473686985e+00
    250000     78.00000000     1.1664572326e+00
    250000     80.00000000     1.1828300186e+00
    250000     82.00000000     1.1964087543e+00
    250000     84.00000000     1.2071287587e+00
    250000     86.00000000     1.2149392858e+00
    250000     88.00000000     1.2198037694e+00
    250000     90.00000000     1.2217000000e+00
     50000    -90.00000000     1.2217000000e+00
     50000    -88.00000000     1.2212714403e+00
     50000    -86.00000000     1.2178728395e+00
     50000    -84.00000000     1.2115246211e+00
     50000    -82.00000000     1.2022615696e+00
     50000    -80.00000000     1.1901326562e+00
     50000    -78.00000000     1.1752007953e+00
     50000    -76.00000000     1.1575425337e+00
     50000    -74.00000000     1.1372476727e+00
     50000    -72.00000000     1.1144188262e+00
     50000    -70.00000000     1.0891709163e+00
     50000    -68.00000000     1.0616306085e+00
     50000    -66.00000000     1.0319356908e+00
     50000    -64.00000000     1.0002343973e+00
     50000    -62.00000000     9.6668468210e-01
     50000    -60.00000000     9.3145344545e-01
     50000    -58.00000000     8.9471571631e-01
     50000    -56.00000000     8.5665379555e-01
     50000    -54.00000000     8.1745636379e-01
     50000    -52.00000000     7.7731755816e-01
     50000    -50.00000000     7.3643602266e-01
     50000    -48.00000000     6.9501393657e-01
     50000    -46.00000000     6.5325602583e-01
     50000    -44.00000000     6.1136856199e-01
     50000    -42.00000000     5.6955835378e-01
     50000    -40.00000000     5.2803173595e-01
     50000    -38.00000000     4.8699356028e-01
     50000    -36.00000000     4.4664619302e-01
     50000    -34.00000000     4.0718852261e-01
     50000    -32.00000000     3.6881497982e-01
     50000    -30.00000000     3.3171456963e-01
     50000    -28.00000000     2.9606990785e-01
     50000    -26.00000000     2.6205624558e-01
     50000    -24.00000000     2.2984045009e-01
     50000    -22.00000000     1.9957990248e-01
     50000    -20.00000000     1.7142131301e-01
     50000    -18.00000000     1.4549967784e-01
     50000    -16.00000000     1.2193833494e-01
     50000    -14.00000000     1.0085283919e-01
     50000    -12.00000000     8.2363379767e-02
     50000    -10.00000000     6.6611091966e-02
     50000     -8.00000000     5.3709672957e-02
     50000     -6.00000000     4.3498539741e-02
     50000     -4.00000000     3.5424628309e-02
     50000     -2.00000000     2.9083642650e-02
     50000      0.00000000     2.4455474620e-02
     50000      2.00000000     2.1567348024e-02
     50000      4.00000000     2.0354437721e-02
     50000      6.00000000     2.0862307750e-02
     50000      8.00000000     2.3917369586e-02
     50000     10.00000000     3.1688153904e-02
     50000     12.00000000     4.5729552406e-02
     50000     14.00000000     6.4792256505e-02
     50000     16.00000000     8.6983242880e-02
     50000     18.00000000     1.1148582307e-01
     50000     20.00000000     1.3813253318e-01
     50000     22.00000000     1.6689191185e-01
     50000     24.00000000     1.9770629924e-01
     50000     26.00000000     2.3047340850e-01
     50000     28.00000000     2.6505788539e-01
     50000     30.00000000     3.0130280535e-01
     50000     32.00000000     3.3903695547e-01
     50000     34.00000000     3.7807902075e-01
     50000     36.00000000     4.1824006167e-01
     50000     38.00000000     4.5932515700e-01
     50000     40.00000000     5.0113466975e-01
     50000     42.00000000     5.4346535465e-01
     50000     44.00000000     5.8611140457e-01
     50000     46.00000000     6.2886547598e-01
     50000     48.00000000     6.7151970808e-01
     50000     50.00000000     7.1386673873e-01
     50000     52.00000000     7.5570071566e-01
     50000     54.00000000     7.9681829938e-01
     50000     56.00000000     8.3701965349e-01
     50000     58.00000000     8.7610941775e-01
     50000     60.00000000     9.1389765931e-01
     50000     62.00000000     9.5020079739e-01
     50000     64.00000000     9.8484249707e-01
     50000     66.00000000     1.0176545278e+00
     50000     68.00000000     1.0484775820e+00
     50000     70.00000000     1.0771620513e+00
     50000     72.00000000     1.1035687537e+00
     50000     74.00000000     1.1275696117e+00
     50000     76.00000000     1.1490482756e+00
     50000     78.00000000     1.1679006890e+00
     50000     80.00000000     1.1840355957e+00
     50000     82.00000000     1.1973749832e+00
     50000     84.00000000     1.2078544624e+00
     50000     86.00000000     1.2154235800e+00
     50000     88.00000000     1.2200460641e+00
     50000     90.00000000     1.2217000000e+00
    100000    -90.00000000     1.2217000000e+00
    100000    -88.00000000     1.2211768548e+00
    100000    -86.00000000     1.2176837836e+00
    100000    -84.00000000     1.2112413252e+00
    100000    -82.00000000     1.2018843789e+00
    100000    -80.00000000     1.1896620302e+00
    100000    -78.00000000     1.1746373074e+00
    100000    -76.00000000     1.1568868704e+00
    100000    -74.00000000     1.1365006329e+00
    100000    -72.00000000     1.1135813200e+00
    100000    -70.00000000     1.0882439640e+00
    100000    -68.00000000     1.0606153396e+00
    100000    -66.00000000     1.0308333421e+00
    100000    -64.00000000     9.9904631194e-01
    100000    -62.00000000     9.6541230757e-01
    100000    -60.00000000     9.3009833193e-01
    100000    -58.00000000     8.9327951479e-01
    100000    -56.00000000     8.5513825582e-01
    100000    -54.00000000     8.1586333230e-01
    100000    -52.00000000     7.7564897578e-01
    100000    -50.00000000     7.3469392229e-01
    100000    -48.00000000     6.9320044070e-01
    100000    -46.00000000     6.5137334390e-01
    100000    -44.00000000     6.0941898772e-01
    100000    -42.00000000     5.6754426230e-01
    100000    -40.00000000     5.2595558081e-01
    100000    -38.00000000     4.8485787014e-01
    100000    -36.00000000     4.4445356778e-01
    100000    -34.00000000     4.0494162836e-01
    100000    -32.00000000     3.6651654106e-01
    100000    -30.00000000     3.2936735542e-01
    100000    -28.00000000     2.9367670478e-01
    100000    -26.00000000     2.5961980312e-01
    100000    -24.00000000     2.2736337172e-01
    100000    -22.00000000     1.9706444021e-01
    100000    -20.00000000     1.6886901899e-01
    100000    -18.00000000     1.4291093519e-01
    100000    -16.00000000     1.1931210922e-01
    100000    -14.00000000     9.8187930585e-02
    100000    -12.00000000     7.9663929948e-02
    100000    -10.00000000     6.3895676179e-02
    100000     -8.00000000     5.0998904688e-02
    100000     -6.00000000     4.0765726559e-02
    100000     -4.00000000     3.2637801458e-02
    100000     -2.00000000     2.6280461077e-02
    100000      0.00000000     2.1688978197e-02
    100000      2.00000000     1.8875657770e-02
    100000      4.00000000     1.7760526740e-02
    100000      6.00000000     1.8290792175e-02
    100000      8.00000000     2.0941799287e-02
    100000     10.00000000     2.7539681407e-02
    100000     12.00000000     4.0308941975e-02
    100000     14.00000000     5.8867998957e-02
    100000     16.00000000     8.1110185033e-02
    100000     18.00000000     1.0579590167e-01
    100000     20.00000000     1.3260496143e-01
    100000     22.00000000     1.6149121741e-01
    100000     24.00000000     1.9241149657e-01
    100000     26.00000000     2.2527635803e-01
    100000     28.00000000     2.5995790004e-01
    100000     30.00000000     2.9630290343e-01
    100000     32.00000000     3.3414182663e-01
    100000     34.00000000     3.7329403032e-01
    100000     36.00000000     4.1357078923e-01
    100000     38.00000000     4.5477718860e-01
    100000     40.00000000     4.9671350485e-01
    100000     42.00000000     5.3917636320e-01
    100000     44.00000000     5.8195980551e-01
    100000     46.00000000     6.2485632486e-01
    100000     48.00000000     6.6765788845e-01
    100000     50.00000000     7.1015695525e-01
    100000     52.00000000     7.5214748799e-01
    100000     54.00000000     7.9342595653e-01
    100000     56.00000000     8.3379232848e-01
    100000     58.00000000     8.7305104258e-01
    100000     60.00000000     9.1101196013e-01
    100000     62.00000000     9.4749128998e-01
    100000     64.00000000     9.8231248256e-01
    100000     66.00000000     1.0153070886e+00
    100000     68.00000000     1.0463155782e+00
    100000     70.00000000     1.0751881168e+00
    100000     72.00000000     1.1017852935e+00
    100000     74.00000000     1.1259787988e+00
    100000     76.00000000     1.1476520479e+00
    100000     78.00000000     1.1667007478e+00
    100000     80.00000000     1.1830334028e+00
    100000     82.00000000     1.1965717598e+00
    100000     84.00000000     1.2072511870e+00
    100000     86.00000000     1.2150209876e+00
    100000     88.00000000     1.2198446452e+00
    100000     90.00000000     1.2217000000e+00
    150000    -90.00000000     1.2217000000e+00
    150000    -88.00000000     1.2211262033e+00
    150000    -86.00000000     1.2175825424e+00
    150000    -84.00000000     1.2110896176e+00
    150000    -82.00000000     1.2016823898e+00
    150000    -80.00000000     1.1894100056e+00
    150000    -78.00000000     1.1743355544e+00
    150000    -76.00000000     1.1565357566e+00
    150000    -74.00000000     1.1361005861e+00
    150000    -72.00000000     1.1131328276e+00
    150000    -70.00000000     1.0877475725e+00
    150000    -68.00000000     1.0600716537e+00
    150000    -66.00000000     1.0302430242e+00
    150000    -64.00000000     9.9841008119e-01
    150000    -62.00000000     9.6473093918e-01
    150000    -60.00000000     9.2937265603e-01
    150000    -58.00000000     8.9251041551e-01
    150000    -56.00000000     8.5432667020e-01
    150000    -54.00000000     8.1501024912e-01
    150000    -52.00000000     7.7475543439e-01
    150000    -50.00000000     7.3376101134e-01
    150000    -48.00000000     6.9222929678e-01
    150000    -46.00000000     6.5036515020e-01
    150000    -44.00000000     6.0837497253e-01
    150000    -42.00000000     5.6646569752e-01
    150000    -40.00000000     5.2484378027e-01
    150000    -38.00000000     4.8371418780e-01
    150000    -36.00000000     4.4327939552e-01
    150000    -34.00000000     4.0373839288e-01
    150000    -32.00000000     3.6528569890e-01
    150000    -30.00000000     3.2811038355e-01
    150000    -28.00000000     2.9239508170e-01
    150000    -26.00000000     2.5831497011e-01
    150000    -24.00000000     2.2603665517e-01
    150000    -22.00000000     1.9571690538e-01
    150000    -20.00000000     1.6750122476e-01
    150000    -18.00000000     1.4152261621e-01
    150000    -16.00000000     1.1790206780e-01
    150000    -14.00000000     9.6755163246e-02
    150000    -12.00000000     7.8212113568e-02
    150000    -10.00000000     6.2439960859e-02
    150000     -8.00000000     4.9555374020e-02
    150000     -6.00000000     3.9318880817e-02
    150000     -4.00000000     3.1170616886e-02
    150000     -2.00000000     2.4810657557e-02
    150000      0.00000000     2.0239770897e-02
    150000      2.00000000     1.7465146228e-02
    150000      4.00000000     1.6405203639e-02
    150000      6.00000000     1.6972891790e-02
    150000      8.00000000     1.9479347345e-02
    150000     10.00000000     2.5486358908e-02
    150000     12.00000000     3.7429388969e-02
    150000     14.00000000     5.5548923400e-02
    150000     16.00000000     7.7762624720e-02
    150000     18.00000000     1.0255117192e-01
    150000     20.00000000     1.2946226856e-01
    150000     22.00000000     1.5842807605e-01
    150000     24.00000000     1.8941258978e-01
    150000     26.00000000     2.2233487969e-01
    150000     28.00000000     2.5707231029e-01
    150000     30.00000000     2.9347436059e-01
    150000     32.00000000     3.3137273533e-01
    150000     34.00000000     3.7058731737e-01
    150000     36.00000000     4.1092956486e-01
    150000     38.00000000     4.5220459355e-01
    150000     40.00000000     4.9421264214e-01
    150000     42.00000000     5.3675026724e-01
    150000     44.00000000     5.7961142720e-01
    150000     46.00000000     6.2258852341e-01
    150000     48.00000000     6.6547342609e-01
    150000     50.00000000     7.0805849313e-01
    150000     52.00000000     7.5013758265e-01
    150000     54.00000000     7.9150705669e-01
    150000     56.00000000     8.3196677202e-01
    150000     58.00000000     8.7132105365e-01
    150000     60.00000000     9.0937964644e-01
    150000     62.00000000     9.4595864027e-01
    150000     64.00000000     9.8088136411e-01
    150000     66.00000000     1.0139792450e+00
    150000     68.00000000     1.0450926272e+00
    150000     70.00000000     1.0740715485e+00
    150000     72.00000000     1.1007764682e+00
    150000     74.00000000     1.1250789455e+00
    150000     76.00000000     1.1468622631e+00
    150000     78.00000000     1.1660219936e+00
    150000     80.00000000     1.1824665062e+00
    150000     82.00000000     1.1961174115e+00
    150000     84.00000000     1.2069099405e+00
    150000     86.00000000     1.2147932587e+00
    150000     88.00000000     1.2197307114e+00
    150000     90.00000000     1.2217000000e+00
    200000    -90.00000000     1.2217000000e+00
    200000    -88.00000000     1.2210921300e+00
    200000    -86.00000000     1.2175144372e+00
    200000    -84.00000000     1.2109875636e+00
    200000    -82.00000000     1.2015465112e+00
    200000    -80.00000000     1.1892404681e+00
    200000    -78.00000000     1.1741325645e+00
    200000    -76.00000000     1.1562995616e+00
    200000    -74.00000000     1.1358314738e+00
    200000    -72.00000000     1.1128311258e+00
    200000    -70.00000000     1.0874136488e+00
    200000    -68.00000000     1.0597059149e+00
    200000    -66.00000000     1.0298459160e+00
    200000    -64.00000000     9.9798208738e-01
    200000    -62.00000000     9.6427258118e-01
    200000    -60.00000000     9.2888449228e-01
    200000    -58.00000000     8.9199304076e-01
    200000    -56.00000000     8.5378071479e-01
    200000    -54.00000000     8.1443637822e-01
    200000    -52.00000000     7.7415434716e-01
    200000    -50.00000000     7.3313344012e-01
    200000    -48.00000000     6.9157600617e-01
    200000    -46.00000000     6.4968693611e-01
    200000    -44.00000000     6.0767266125e-01
    200000    -42.00000000     5.6574014462e-01
    200000    -40.00000000     5.2409586956e-01
    200000    -38.00000000     4.8294483000e-01
    200000    -36.00000000     4.4248952673e-01
    200000    -34.00000000     4.0292897232e-01
    200000    -32.00000000     3.6445770507e-01
    200000    -30.00000000     3.2726480686e-01
    200000    -28.00000000     2.9153290942e-01
    200000    -26.00000000     2.5743715523e-01
    200000    -24.00000000     2.2514405398e-01
    200000    -22.00000000     1.9481016020e-01
    200000    -20.00000000     1.6658056907e-01
    200000    -18.00000000     1.4058763029e-01
    200000    -16.00000000     1.1695163523e-01
    200000    -14.00000000     9.5788517667e-02
    200000    -12.00000000     7.7232753159e-02
    200000    -10.00000000     6.1461120708e-02
    200000     -8.00000000     4.8590237182e-02
    200000     -6.00000000     3.8355738685e-02
    200000     -4.00000000     3.0197288849e-02
    200000     -2.00000000     2.3837600609e-02
    200000      0.00000000     1.9280596080e-02
    200000      2.00000000     1.6531126211e-02
    200000      4.00000000     1.5508624982e-02
    200000      6.00000000     1.6109718708e-02
    200000      8.00000000     1.8548181706e-02
    200000     10.00000000     2.4188132163e-02
    200000     12.00000000     3.5527668677e-02
    200000     14.00000000     5.3265605992e-02
    200000     16.00000000     7.5423167684e-02
    200000     18.00000000     1.0027952133e-01
    200000     20.00000000     1.2726602225e-01
    200000     22.00000000     1.5629109619e-01
    200000     24.00000000     1.8732259164e-01
    200000     26.00000000     2.2028599959e-01
    200000     28.00000000     2.5506286992e-01
    200000     30.00000000     2.9150487295e-01
    200000     32.00000000     3.2944474080e-01
    200000     34.00000000     3.6870279498e-01
    200000     36.00000000     4.0909065506e-01
    200000     38.00000000     4.5041347259e-01
    200000     40.00000000     4.9247146617e-01
    200000     42.00000000     5.3506114720e-01
    200000     44.00000000     5.7797641691e-01
    200000     46.00000000     6.2100961326e-01
    200000     48.00000000     6.6395253913e-01
    200000     50.00000000     7.0659748208e-01
    200000     52.00000000     7.4873822745e-01
    200000     54.00000000     7.9017106220e-01
    200000     56.00000000     8.3069576593e-01
    200000     58.00000000     8.7011658448e-01
    200000     60.00000000     9.0824318166e-01
    200000     62.00000000     9.4489156447e-01
    200000     64.00000000     9.7988497737e-01
    200000     66.00000000     1.0130547612e+00
    200000     68.00000000     1.0442411728e+00
    200000     70.00000000     1.0732941608e+00
    200000     72.00000000     1.1000740943e+00
    200000     74.00000000     1.1244524412e+00
    200000     76.00000000     1.1463123917e+00
    200000     78.00000000     1.1655494249e+00
    200000     80.00000000     1.1820718162e+00
    200000     82.00000000     1.1958010808e+00
    200000     84.00000000     1.2066723547e+00
    200000     86.00000000     1.2146347071e+00
    200000     88.00000000     1.2196513873e+00
    200000     90.00000000     1.2217000000e+00
    250000    -90.00000000     1.2217000000e+00
    250000    -88.00000000     1.2210666867e+00
    250000    -86.00000000     1.2174635816e+00
    250000    -84.00000000     1.2109113576e+00
    250000    -82.00000000     1.2014450478e+00
    250000    -80.00000000     1.1891138707e+00
    250000    -78.00000000     1.1739809875e+00
    250000    -76.00000000     1.1561231896e+00
    250000    -74.00000000     1.1356305216e+00
    250000    -72.00000000     1.1126058384e+00
    250000    -70.00000000     1.0871643006e+00
    250000    -68.00000000     1.0594328098e+00
    250000    -66.00000000     1.0295493866e+00
    250000    -64.00000000     9.9766249496e-01
    250000    -62.00000000     9.6393031514e-01
    250000    -60.00000000     9.2851996963e-01
    250000    -58.00000000     8.9160670561e-01
    250000    -56.00000000     8.5337303783e-01
    250000    -54.00000000     8.1400785614e-01
    250000    -52.00000000     7.7370550206e-01
    250000    -50.00000000     7.3266481883e-01
    250000    -48.00000000     6.9108817964e-01
    250000    -46.00000000     6.4918049868e-01
    250000    -44.00000000     6.0714822990e-01
    250000    -42.00000000     5.6519835824e-01
    250000    -40.00000000     5.2353738807e-01
    250000    -38.00000000     4.8237033341e-01
    250000    -36.00000000     4.4189971391e-01
    250000    -34.00000000     4.0232455919e-01
    250000    -32.00000000     3.6383942146e-01
    250000    -30.00000000     3.2663339032e-01
    250000    -28.00000000     2.9088909247e-01
    250000    -26.00000000     2.5678163891e-01
    250000    -24.00000000     2.2447745479e-01
    250000    -22.00000000     1.9413291061e-01
    250000    -20.00000000     1.6589275361e-01
    250000    -18.00000000     1.3988878590e-01
    250000    -16.00000000     1.1624074513e-01
    250000    -14.00000000     9.5064998852e-02
    250000    -12.00000000     7.6499982078e-02
    250000    -10.00000000     6.0731006867e-02
    250000     -8.00000000     4.7873901599e-02
    250000     -6.00000000     3.7643333905e-02
    250000     -4.00000000     2.9479064507e-02
    250000     -2.00000000     2.3120489265e-02
    250000      0.00000000     1.8573751788e-02
    250000      2.00000000     1.5842500733e-02
    250000      4.00000000     1.4847865935e-02
    250000      6.00000000     1.5477556979e-02
    250000      8.00000000     1.7880346489e-02
    250000     10.00000000     2.3267165906e-02
    250000     12.00000000     3.4137012783e-02
    250000     14.00000000     5.1538913816e-02
    250000     16.00000000     7.3628278200e-02
    250000     18.00000000     9.8532613938e-02
    250000     20.00000000     1.2557913824e-01
    250000     22.00000000     1.5465195035e-01
    250000     24.00000000     1.8572084368e-01
    250000     26.00000000     2.1871646267e-01
    250000     28.00000000     2.5352387443e-01
    250000     30.00000000     2.8999662347e-01
    250000     32.00000000     3.2796833044e-01
    250000     34.00000000     3.6725970115e-01
    250000     36.00000000     4.0768250053e-01
    250000     38.00000000     4.4904191704e-01
    250000     40.00000000     4.9113815790e-01
    250000     42.00000000     5.3376770153e-01
    250000     44.00000000     5.7672440611e-01
    250000     46.00000000     6.1980056131e-01
    250000     48.00000000     6.6278791853e-01
    250000     50.00000000     7.0547871153e-01
    250000     52.00000000     7.4766666993e-01
    250000     54.00000000     7.8914802320e-01
    250000     56.00000000     8.2972249186e-01
    250000     58.00000000     8.6919426112e-01
    250000     60.00000000     9.0737293272e-01
    250000     62.00000000     9.4407445021e-01
    250000     64.00000000     9.7912199332e-01
    250000     66.00000000     1.0123468370e+00
    250000     68.00000000     1.0435891708e+00
    250000     70.00000000     1.0726988754e+00
    250000     72.00000000     1.0995362509e+00
    250000     74.00000000     1.1239726950e+00
    250000     76.00000000     1.1458913271e+00
    250000     78.00000000     1.1651875551e+00
    250000     80.00000000     1.1817695819e+00
    250000     82.00000000     1.1955588503e+00
    250000     84.00000000     1.2064904231e+00
    250000     86.00000000     1.2145132961e+00
    250000     88.00000000     1.2195906448e+00
    250000     90.00000000     1.2217000000e+00
     50000    -90.00000000     1.2217000000e+00
     50000    -88.00000000     1.2210744322e+00
     50000    -86.00000000     1.2174790633e+00
     50000    -84.00000000     1.2109345566e+00
     50000    -82.00000000     1.2014759357e+00
     50000    -80.00000000     1.1891524101e+00
     50000    -78.00000000     1.1740271313e+00
     50000    -76.00000000     1.1561768816e+00
     50000    -74.00000000     1.1356916964e+00
     50000    -72.00000000     1.1126744215e+00
     50000    -70.00000000     1.0872402083e+00
     50000    -68.00000000     1.0595159497e+00
     50000    -66.00000000     1.0296396574e+00
     50000    -64.00000000     9.9775978675e-01
     50000    -62.00000000     9.6403450934e-01
     50000    -60.00000000     9.2863093929e-01
     50000    -58.00000000     8.9172431553e-01
     50000    -56.00000000     8.5349714472e-01
     50000    -54.00000000     8.1413830879e-01
     50000    -52.00000000     7.7384214154e-01
     50000    -50.00000000     7.3280747866e-01
     50000    -48.00000000     6.9123668599e-01
     50000    -46.00000000     6.4933467060e-01
     50000    -44.00000000     6.0730787950e-01
     50000    -42.00000000     5.6536329084e-01
     50000    -40.00000000     5.2370740230e-01
     50000    -38.00000000     4.8254522111e-01
     50000    -36.00000000     4.4207925940e-01
     50000    -34.00000000     4.0250853718e-01
     50000    -32.00000000     3.6402759137e-01
     50000    -30.00000000     3.2682548190e-01
     50000    -28.00000000     2.9108476970e-01
     50000    -26.00000000     2.5698041189e-01
     50000    -24.00000000     2.2467846811e-01
     50000    -22.00000000     1.9433444904e-01
     50000    -20.00000000     1.6609113251e-01
     50000    -18.00000000     1.4007602667e-01
     50000    -16.00000000     1.1640034655e-01
     50000    -14.00000000     9.5166903135e-02
     50000    -12.00000000     7.6506275394e-02
     50000    -10.00000000     6.0655607206e-02
     50000     -8.00000000     4.7942068544e-02
     50000     -6.00000000     3.8342689248e-02
     50000     -4.00000000     3.1220377824e-02
     50000     -2.00000000     2.6015251172e-02
     50000      0.00000000     2.2559831319e-02
     50000      2.00000000     2.0805672465e-02
     50000      4.00000000     2.0722767409e-02
     50000      6.00000000     2.2610338676e-02
     50000      8.00000000     2.7782437928e-02
     50000     10.00000000     3.8131880069e-02
     50000     12.00000000     5.3731516445e-02
     50000     14.00000000     7.3015601494e-02
     50000     16.00000000     9.4911316593e-02
     50000     18.00000000     1.1909816856e-01
     50000     20.00000000     1.4551082342e-01
     50000     22.00000000     1.7409795235e-01
     50000     24.00000000     2.0477120699e-01
     50000     26.00000000     2.3740838959e-01
     50000     28.00000000     2.7186369191e-01
     50000     30.00000000     3.0797524138e-01
     50000     32.00000000     3.4556966115e-01
     50000     34.00000000     3.8446478413e-01
     50000     36.00000000     4.2447141236e-01
     50000     38.00000000     4.6539462942e-01
     50000     40.00000000     5.0703492004e-01
     50000     42.00000000     5.4918921450e-01
     50000     44.00000000     5.9165190829e-01
     50000     46.00000000     6.3421587642e-01
     50000     48.00000000     6.7667348779e-01
     50000     50.00000000     7.1881761908e-01
     50000     52.00000000     7.6044266493e-01
     50000     54.00000000     8.0134554031e-01
     50000     56.00000000     8.4132667035e-01
     50000     58.00000000     8.8019096312e-01
     50000     60.00000000     9.1774876045e-01
     50000     62.00000000     9.5381676233e-01
     50000     64.00000000     9.8821892032e-01
     50000     66.00000000     1.0207872956e+00
     50000     68.00000000     1.0513628778e+00
     50000     70.00000000     1.0797963596e+00
     50000     72.00000000     1.1059488651e+00
     50000     74.00000000     1.1296926264e+00
     50000     76.00000000     1.1509116069e+00
     50000     78.00000000     1.1695020669e+00
     50000     80.00000000     1.1853730690e+00
     50000     82.00000000     1.1984469226e+00
     50000     84.00000000     1.2086595617e+00
     50000     86.00000000     1.2159608585e+00
     50000     88.00000000     1.2203148671e+00
     50000     90.00000000     1.2217000000e+00
    100000    -90.00000000     1.2217000000e+00
    100000    -88.00000000     1.2209637727e+00
    100000    -86.00000000     1.2172578791e+00
    100000    -84.00000000     1.2106031171e+00
    100000    -82.00000000     1.2010346448e+00
    100000    -80.00000000     1.1886018054e+00
    100000    -78.00000000     1.1733678836e+00
    100000    -76.00000000     1.1554097942e+00
    100000    -74.00000000     1.1348177038e+00
    100000    -72.00000000     1.1116945885e+00
    100000    -70.00000000     1.0861557288e+00
    100000    -68.00000000     1.0583281449e+00
    100000    -66.00000000     1.0283499745e+00
    100000    -64.00000000     9.9636979691e-01
    100000    -62.00000000     9.6254590611e-01
    100000    -60.00000000     9.2704553631e-01
    100000    -58.00000000     8.9004404437e-01
    100000    -56.00000000     8.5172405253e-01
    100000    -54.00000000     8.1227455581e-01
    100000    -52.00000000     7.7188999846e-01
    100000    -50.00000000     7.3076932387e-01
    100000    -48.00000000     6.8911500265e-01
    100000    -46.00000000     6.4713204362e-01
    100000    -44.00000000     6.0502699233e-01
    100000    -42.00000000     5.6300692213e-01
    100000    -40.00000000     5.2127842220e-01
    100000    -38.00000000     4.8004658710e-01
    100000    -36.00000000     4.3951401092e-01
    100000    -34.00000000     3.9987978768e-01
    100000    -32.00000000     3.6133851437e-01
    100000    -30.00000000     3.2407928325e-01
    100000    -28.00000000     2.8828462977e-01
    100000    -26.00000000     2.5412936326e-01
    100000    -24.00000000     2.2177914460e-01
    100000    -22.00000000     1.9138859962e-01
    100000    -20.00000000     1.6309878045e-01
    100000    -18.00000000     1.3703434847e-01
    100000    -16.00000000     1.1330338248e-01
    100000    -14.00000000     9.2010757532e-02
    100000    -12.00000000     7.3311465221e-02
    100000    -10.00000000     5.7507862981e-02
    100000     -8.00000000     4.4960489688e-02
    100000     -6.00000000     3.5516631147e-02
    100000     -4.00000000     2.8447485749e-02
    100000     -2.00000000     2.3258877212e-02
    100000      0.00000000     1.9836012108e-02
    100000      2.00000000     1.8142063472e-02
    100000      4.00000000     1.8115899346e-02
    100000      6.00000000     1.9878384716e-02
    100000      8.00000000     2.4378178337e-02
    100000     10.00000000     3.3613911616e-02
    100000     12.00000000     4.8501947037e-02
    100000     14.00000000     6.7682026090e-02
    100000     16.00000000     8.9711087517e-02
    100000     18.00000000     1.1404791678e-01
    100000     20.00000000     1.4058051962e-01
    100000     22.00000000     1.6926445015e-01
    100000     24.00000000     2.0002371765e-01
    100000     26.00000000     2.3274432952e-01
    100000     28.00000000     2.6728482736e-01
    100000     30.00000000     3.0348539724e-01
    100000     32.00000000     3.4117354650e-01
    100000     34.00000000     3.8016743254e-01
    100000     36.00000000     4.2027792557e-01
    100000     38.00000000     4.6131006184e-01
    100000     40.00000000     5.0306422608e-01
    100000     42.00000000     5.4533722310e-01
    100000     44.00000000     5.8792330907e-01
    100000     46.00000000     6.3061521078e-01
    100000     48.00000000     6.7320514208e-01
    100000     50.00000000     7.1548581874e-01
    100000     52.00000000     7.5725146919e-01
    100000     54.00000000     7.9829883711e-01
    100000     56.00000000     8.3842817162e-01
    100000     58.00000000     8.7744420023e-01
    100000     60.00000000     9.1515707991e-01
    100000     62.00000000     9.5138332170e-01
    100000     64.00000000     9.8594668438e-01
    100000     66.00000000     1.0186790328e+00
    100000     68.00000000     1.0494211566e+00
    100000     70.00000000     1.0780235457e+00
    100000     72.00000000     1.1043471184e+00
    100000     74.00000000     1.1282638985e+00
    100000     76.00000000     1.1496576384e+00
    100000     78.00000000     1.1684243855e+00
    100000     80.00000000     1.1844729878e+00
    100000     82.00000000     1.1977255382e+00
    100000     84.00000000     1.2081177530e+00
    100000     86.00000000     1.2155992855e+00
    100000     88.00000000     1.2201339704e+00
    100000     90.00000000     1.2217000000e+00
    150000    -90.00000000     1.2217000000e+00
    150000    -88.00000000     1.2209037224e+00
    150000    -86.00000000     1.2171378516e+00
    150000    -84.00000000     1.2104232587e+00
    150000    -82.00000000     1.2007951746e+00
    150000    -80.00000000     1.1883030152e+00
    150000    -78.00000000     1.1730101374e+00
    150000    -76.00000000     1.1549935278e+00
    150000    -74.00000000     1.1343434244e+00
    150000    -72.00000000     1.1111628740e+00
    150000    -70.00000000     1.0855672269e+00
    150000    -68.00000000     1.0576835726e+00
    150000    -66.00000000     1.0276501172e+00
    150000    -64.00000000     9.9561550727e-01
    150000    -62.00000000     9.6173810309e-01
    150000    -60.00000000     9.2618520409e-01
    150000    -58.00000000     8.8913223113e-01
    150000    -56.00000000     8.5076186918e-01
    150000    -54.00000000     8.1126317463e-01
    150000    -52.00000000     7.7083065165e-01
    150000    -50.00000000     7.2966330208e-01
    150000    -48.00000000     6.8796365339e-01
    150000    -46.00000000     6.4593676960e-01
    150000    -44.00000000     6.0378924975e-01
    150000    -42.00000000     5.6172821877e-01
    150000    -40.00000000     5.1996031546e-01
    150000    -38.00000000     4.7869068153e-01
    150000    -36.00000000     4.3812195505e-01
    150000    -34.00000000     3.9845326895e-01
    150000    -32.00000000     3.5987924969e-01
    150000    -30.00000000     3.2258899990e-01
    150000    -28.00000000     2.8676502458e-01
    150000    -26.00000000     2.5258201623e-01
    150000    -24.00000000     2.2020534180e-01
    150000    -22.00000000     1.8978899384e-01
    150000    -20.00000000     1.6147281902e-01
    150000    -18.00000000     1.3537957312e-01
    150000    -16.00000000     1.1161556122e-01
    150000    -14.00000000     9.0288580485e-02
    150000    -12.00000000     7.1574062508e-02
    150000    -10.00000000     5.5820012019e-02
    150000     -8.00000000     4.3392229461e-02
    150000     -6.00000000     3.4040578700e-02
    150000     -4.00000000     2.6997713350e-02
    150000     -2.00000000     2.1816252304e-02
    150000      0.00000000     1.8409414820e-02
    150000      2.00000000     1.6747677394e-02
    150000      4.00000000     1.6761499529e-02
    150000      6.00000000     1.8497086023e-02
    150000      8.00000000     2.2695048874e-02
    150000     10.00000000     3.1280171171e-02
    150000     12.00000000     4.5628929111e-02
    150000     14.00000000     6.4665866938e-02
    150000     16.00000000     8.6755714406e-02
    150000     18.00000000     1.1118459819e-01
    150000     20.00000000     1.3779294558e-01
    150000     22.00000000     1.6653643299e-01
    150000     24.00000000     1.9734675100e-01
    150000     26.00000000     2.3011559604e-01
    150000     28.00000000     2.6470464750e-01
    150000     30.00000000     3.0095561326e-01
    150000     32.00000000     3.3869667268e-01
    150000     34.00000000     3.7774624501e-01
    150000     36.00000000     4.1791527355e-01
    150000     38.00000000     4.5900878266e-01
    150000     40.00000000     5.0082710688e-01
    150000     42.00000000     5.4316698284e-01
    150000     44.00000000     5.8582258928e-01
    150000     46.00000000     6.2858656984e-01
    150000     48.00000000     6.7125105119e-01
    150000     50.00000000     7.1360865852e-01
    150000     52.00000000     7.5545352661e-01
    150000     54.00000000     7.9658230267e-01
    150000     56.00000000     8.3679513665e-01
    150000     58.00000000     8.7589665432e-01
    150000     60.00000000     9.1369690851e-01
    150000     62.00000000     9.5001230380e-01
    150000     64.00000000     9.8466649036e-01
    150000     66.00000000     1.0174912223e+00
    150000     68.00000000     1.0483271769e+00
    150000     70.00000000     1.0770247296e+00
    150000     72.00000000     1.1034446828e+00
    150000     74.00000000     1.1274589429e+00
    150000     76.00000000     1.1489511435e+00
    150000     78.00000000     1.1678172121e+00
    150000     80.00000000     1.1839658756e+00
    150000     82.00000000     1.1973191050e+00
    150000     84.00000000     1.2078124940e+00
    150000     86.00000000     1.2153955726e+00
    150000     88.00000000     1.2200320519e+00
    150000     90.00000000     1.2217000000e+00
    200000    -90.00000000     1.2217000000e+00
    200000    -88.00000000     1.2208629825e+00
    200000    -86.00000000     1.2170564214e+00
    200000    -84.00000000     1.2103012375e+00
    200000    -82.00000000     1.2006327110e+00
    200000    -80.00000000     1.1881003071e+00
    200000    -78.00000000     1.1727674318e+00
    200000    -76.00000000     1.1547111205e+00
    200000    -74.00000000     1.1340216594e+00
    200000    -72.00000000     1.1108021433e+00
    200000    -70.00000000     1.0851679700e+00
    200000    -68.00000000     1.0572462759e+00
    200000    -66.00000000     1.0271753135e+00
    200000    -64.00000000     9.9510377509e-01
    200000    -62.00000000     9.6119006587e-01
    200000    -60.00000000     9.2560152953e-01
    200000    -58.00000000     8.8851363035e-01
    200000    -56.00000000     8.5010909584e-01
    200000    -54.00000000     8.1057702403e-01
    200000    -52.00000000     7.7011195977e-01
    200000    -50.00000000     7.2891294452e-01
    200000    -48.00000000     6.8718254435e-01
    200000    -46.00000000     6.4512586072e-01
    200000    -44.00000000     6.0294952892e-01
    200000    -42.00000000     5.6086070892e-01
    200000    -40.00000000     5.1906607309e-01
    200000    -38.00000000     4.7777079504e-01
    200000    -36.00000000     4.3717754240e-01
    200000    -34.00000000     3.9748547381e-01
    200000    -32.00000000     3.5888923411e-01
    200000    -30.00000000     3.2157792914e-01
    200000    -28.00000000     2.8573403449e-01
    200000    -26.00000000     2.5153214417e-01
    200000    -24.00000000     2.1913738525e-01
    200000    -22.00000000     1.8870324182e-01
    200000    -20.00000000     1.6036860780e-01
    200000    -18.00000000     1.3425478031e-01
    200000    -16.00000000     1.1046690374e-01
    200000    -14.00000000     8.9115923666e-02
    200000    -12.00000000     7.0395153351e-02
    200000    -10.00000000     5.4687755007e-02
    200000     -8.00000000     4.2353820708e-02
    200000     -6.00000000     3.3066255736e-02
    200000     -4.00000000     2.6039459727e-02
    200000     -2.00000000     2.0861918975e-02
    200000      0.00000000     1.7465151929e-02
    200000      2.00000000     1.5824711679e-02
    200000      4.00000000     1.5868212345e-02
    200000      6.00000000     1.7600516841e-02
    200000      8.00000000     2.1625297748e-02
    200000     10.00000000     2.9765977056e-02
    200000     12.00000000     4.3681697371e-02
    200000     14.00000000     6.2571063537e-02
    200000     16.00000000     8.4691344749e-02
    200000     18.00000000     1.0918662165e-01
    200000     20.00000000     1.3585150593e-01
    200000     22.00000000     1.6463894461e-01
    200000     24.00000000     1.9548609238e-01
    200000     26.00000000     2.2828909952e-01
    200000     28.00000000     2.6291217660e-01
    200000     30.00000000     2.9919827940e-01
    200000     32.00000000     3.3697614708e-01
    200000     34.00000000     3.7606442349e-01
    200000     36.00000000     4.1627412149e-01
    200000     38.00000000     4.5741026524e-01
    200000     40.00000000     4.9927315778e-01
    200000     42.00000000     5.4165948981e-01
    200000     44.00000000     5.8436338679e-01
    200000     46.00000000     6.2717743486e-01
    200000     48.00000000     6.6989370022e-01
    200000     50.00000000     7.1230474516e-01
    200000     52.00000000     7.5420463942e-01
    200000     54.00000000     7.9538996322e-01
    200000     56.00000000     8.3566079761e-01
    200000     58.00000000     8.7482169771e-01
    200000     60.00000000     9.1268264400e-01
    200000     62.00000000     9.4905996711e-01
    200000     64.00000000     9.8377724176e-01
    200000     66.00000000     1.0166661453e+00
    200000     68.00000000     1.0475672765e+00
    200000     70.00000000     1.0763309319e+00
    200000     72.00000000     1.1028178329e+00
    200000     74.00000000     1.1268998045e+00
    200000     76.00000000     1.1484603980e+00
    200000     78.00000000     1.1673954572e+00
    200000     80.00000000     1.1836136253e+00
    200000     82.00000000     1.1970367883e+00
    200000     84.00000000     1.2076004550e+00
    200000     86.00000000     1.2152540696e+00
    200000     88.00000000     1.2199612573e+00
    200000     90.00000000     1.2217000000e+00
    250000    -90.00000000     1.2217000000e+00
    250000    -88.00000000     1.2208323695e+00
    250000    -86.00000000     1.2169952327e+00
    250000    -84.00000000     1.2102095476e+00
    250000    -82.00000000     1.2005106317e+00
    250000    -80.00000000     1.1879479870e+00
    250000    -78.00000000     1.1725850566e+00
    250000    -76.00000000     1.1544989123e+00
    250000    -74.00000000     1.1337798768e+00
    250000    -72.00000000     1.1105310809e+00
    250000    -70.00000000     1.0848679580e+00
    250000    -68.00000000     1.0569176799e+00
    250000    -66.00000000     1.0268185338e+00
    250000    -64.00000000     9.9471924630e-01
    250000    -62.00000000     9.6077825653e-01
    250000    -60.00000000     9.2516294136e-01
    250000    -58.00000000     8.8804879771e-01
    250000    -56.00000000     8.4961858506e-01
    250000    -54.00000000     8.1006143272e-01
    250000    -52.00000000     7.6957191609e-01
    250000    -50.00000000     7.2834910644e-01
    250000    -48.00000000     6.8659559880e-01
    250000    -46.00000000     6.4451652279e-01
    250000    -44.00000000     6.0231854095e-01
    250000    -42.00000000     5.6020883953e-01
    250000    -40.00000000     5.1839411612e-01
    250000    -38.00000000     4.7707956823e-01
    250000    -36.00000000     4.3646788553e-01
    250000    -34.00000000     3.9675824553e-01
    250000    -32.00000000     3.5814530588e-01
    250000    -30.00000000     3.2081817234e-01
    250000    -28.00000000     2.8495929292e-01
    250000    -26.00000000     2.5074317535e-01
    250000    -24.00000000     2.1833474105e-01
    250000    -22.00000000     1.8788704277e-01
    250000    -20.00000000     1.5953817606e-01
    250000    -18.00000000     1.3340824804e-01
    250000    -16.00000000     1.0960159491e-01
    250000    -14.00000000     8.8232362359e-02
    250000    -12.00000000     6.9509905384e-02
    250000    -10.00000000     5.3845816139e-02
    250000     -8.00000000     4.1589198504e-02
    250000     -6.00000000     3.2349913617e-02
    250000     -4.00000000     2.5334028009e-02
    250000     -2.00000000     2.0158887496e-02
    250000      0.00000000     1.6769221238e-02
    250000      2.00000000     1.5144375531e-02
    250000      4.00000000     1.5211149157e-02
    250000      6.00000000     1.6948222670e-02
    250000      8.00000000     2.0861061807e-02
    250000     10.00000000     2.8672524787e-02
    250000     12.00000000     4.2227145362e-02
    250000     14.00000000     6.0972466857e-02
    250000     16.00000000     8.3106713469e-02
    250000     18.00000000     1.0765357795e-01
    250000     20.00000000     1.3436399004e-01
    250000     22.00000000     1.6318663769e-01
    250000     24.00000000     1.9406281310e-01
    250000     26.00000000     2.2689236096e-01
    250000     28.00000000     2.6154164489e-01
    250000     30.00000000     2.9785469582e-01
    250000     32.00000000     3.3566074058e-01
    250000     34.00000000     3.7477862230e-01
    250000     36.00000000     4.1501941923e-01
    250000     38.00000000     4.5618816064e-01
    250000     40.00000000     4.9808512768e-01
    250000     42.00000000     5.4050697682e-01
    250000     44.00000000     5.8324779317e-01
    250000     46.00000000     6.2610011905e-01
    250000     48.00000000     6.6885597448e-01
    250000     50.00000000     7.1130787370e-01
    250000     52.00000000     7.5324983673e-01
    250000     54.00000000     7.9447839256e-01
    250000     56.00000000     8.3479356959e-01
    250000     58.00000000     8.7399986891e-01
    250000     60.00000000     9.1190721568e-01
    250000     62.00000000     9.4833188403e-01
    250000     64.00000000     9.8309739096e-01
    250000     66.00000000     1.0160353550e+00
    250000     68.00000000     1.0469863154e+00
    250000     70.00000000     1.0758005076e+00
    250000     72.00000000     1.1023385919e+00
    250000     74.00000000     1.1264723305e+00
    250000     76.00000000     1.1480852118e+00
    250000     78.00000000     1.1670730160e+00
    250000     80.00000000     1.1833443218e+00
    250000     82.00000000     1.1968209508e+00
    250000     84.00000000     1.2074383463e+00
    250000     86.00000000     1.2151458873e+00
    250000     88.00000000     1.2199071332e+00
    250000     90.00000000     1.2217000000e+00
     50000    -90.00000000     1.2217000000e+00
     50000    -88.00000000     1.2211542612e+00
     50000    -86.00000000     1.2176386240e+00
     50000    -84.00000000     1.2111736546e+00
     50000    -82.00000000     1.2017942798e+00
     50000    -80.00000000     1.1895496123e+00
     50000    -78.00000000     1.1745027077e+00
     50000    -76.00000000     1.1567302529e+00
     50000    -74.00000000     1.1363221883e+00
     50000    -72.00000000     1.1133812658e+00
     50000    -70.00000000     1.0880225439e+00
     50000    -68.00000000     1.0603728234e+00
     50000    -66.00000000     1.0305700253e+00
     50000    -64.00000000     9.9876251530e-01
     50000    -62.00000000     9.6510837686e-01
     50000    -60.00000000     9.2977463744e-01
     50000    -58.00000000     8.9293645090e-01
     50000    -56.00000000     8.5477624050e-01
     50000    -54.00000000     8.1548280661e-01
     50000    -52.00000000     7.7525040333e-01
     50000    -50.00000000     7.3427778868e-01
     50000    -48.00000000     6.9276725290e-01
     50000    -46.00000000     6.5092362968e-01
     50000    -44.00000000     6.0895329492e-01
     50000    -42.00000000     5.6706315816e-01
     50000    -40.00000000     5.2545965110e-01
     50000    -38.00000000     4.8434771812e-01
     50000    -36.00000000     4.4392981257e-01
     50000    -34.00000000     4.0440490196e-01
     50000    -32.00000000     3.6596748220e-01
     50000    -30.00000000     3.2880659572e-01
     50000    -28.00000000     2.9310483691e-01
     50000    -26.00000000     2.5903730766e-01
     50000    -24.00000000     2.2677045174e-01
     50000    -22.00000000     1.9646065813e-01
     50000    -20.00000000     1.6825253532e-01
     50000    -18.00000000     1.4227703334e-01
     50000    -16.00000000     1.1865076080e-01
     50000    -14.00000000     9.7481375228e-02
     50000    -12.00000000     7.8890787956e-02
     50000    -10.00000000     6.3062495887e-02
     50000     -8.00000000     5.0220304450e-02
     50000     -6.00000000     4.0307250384e-02
     50000     -4.00000000     3.2768088637e-02
     50000     -2.00000000     2.7113206771e-02
     50000      0.00000000     2.3211161747e-02
     50000      2.00000000     2.1026091230e-02
     50000      4.00000000     2.0504621892e-02
     50000      6.00000000     2.1837419218e-02
     50000      8.00000000     2.6172801745e-02
     50000     10.00000000     3.5606542705e-02
     50000     12.00000000     5.0745790883e-02
     50000     14.00000000     7.0012161986e-02
     50000     16.00000000     9.2026800184e-02
     50000     18.00000000     1.1632425303e-01
     50000     20.00000000     1.4281710328e-01
     50000     22.00000000     1.7146392781e-01
     50000     24.00000000     2.0218711811e-01
     50000     26.00000000     2.3487104128e-01
     50000     28.00000000     2.6937325459e-01
     50000     30.00000000     3.0553345597e-01
     50000     32.00000000     3.4317894593e-01
     50000     34.00000000     3.8212781743e-01
     50000     36.00000000     4.2219094447e-01
     50000     38.00000000     4.6317339925e-01
     50000     40.00000000     5.0487561795e-01
     50000     42.00000000     5.4709446497e-01
     50000     44.00000000     5.8962426097e-01
     50000     46.00000000     6.3225780073e-01
     50000     48.00000000     6.7478736897e-01
     50000     50.00000000     7.1700575493e-01
     50000     52.00000000     7.5870726288e-01
     50000     54.00000000     7.9968871465e-01
     50000     56.00000000     8.3975043967e-01
     50000     58.00000000     8.7869724781e-01
     50000     60.00000000     9.1633938037e-01
     50000     62.00000000     9.5249343459e-01
     50000     64.00000000     9.8698325720e-01
     50000     66.00000000     1.0196408026e+00
     50000     68.00000000     1.0503069517e+00
     50000     70.00000000     1.0788322868e+00
     50000     72.00000000     1.1050778203e+00
     50000     74.00000000     1.1289156708e+00
     50000     76.00000000     1.1502296871e+00
     50000     78.00000000     1.1689160137e+00
     50000     80.00000000     1.1848835965e+00
     50000     82.00000000     1.1980546270e+00
     50000     84.00000000     1.2083649211e+00
     50000     86.00000000     1.2157642317e+00
     50000     88.00000000     1.2202164938e+00
     50000     90.00000000     1.2217000000e+00
    100000    -90.00000000     1.2217000000e+00
    100000    -88.00000000     1.2210496948e+00
    100000    -86.00000000     1.2174296186e+00
    100000    -84.00000000     1.2108604648e+00
    100000    -82.00000000     1.2013772872e+00
    100000    -80.00000000     1.1890293249e+00
    100000    -78.00000000     1.1738797594e+00
    100000    -76.00000000     1.1560054027e+00
    100000    -74.00000000     1.1354963193e+00
    100000    -72.00000000     1.1124553843e+00
    100000    -70.00000000     1.0869977779e+00
    100000    -68.00000000     1.0592504213e+00
    100000    -66.00000000     1.0293513547e+00
    100000    -64.00000000     9.9744906084e-01
    100000    -62.00000000     9.6370173885e-01
    100000    -60.00000000     9.2827652966e-01
    100000    -58.00000000     8.9134869855e-01
    100000    -56.00000000     8.5310077802e-01
    100000    -54.00000000     8.1372167529e-01
    100000    -52.00000000     7.7340574883e-01
    100000    -50.00000000     7.3235185843e-01
    100000    -48.00000000     6.9076239334e-01
    100000    -46.00000000     6.4884228339e-01
    100000    -44.00000000     6.0679799764e-01
    100000    -42.00000000     5.6483653558e-01
    100000    -40.00000000     5.2316441549e-01
    100000    -38.00000000     4.8198666450e-01
    100000    -36.00000000     4.4150581400e-01
    100000    -34.00000000     4.0192090288e-01
    100000    -32.00000000     3.6342648734e-01
    100000    -30.00000000     3.2621164874e-01
    100000    -28.00000000     2.9045897682e-01
    100000    -26.00000000     2.5634347780e-01
    100000    -24.00000000     2.2403131413e-01
    100000    -22.00000000     1.9367823535e-01
    100000    -20.00000000     1.6542758916e-01
    100000    -18.00000000     1.3940821134e-01
    100000    -16.00000000     1.1573419597e-01
    100000    -14.00000000     9.4513626001e-02
    100000    -12.00000000     7.5882456059e-02
    100000    -10.00000000     6.0065219938e-02
    100000     -8.00000000     4.7313995551e-02
    100000     -6.00000000     3.7492497589e-02
    100000     -4.00000000     2.9979821957e-02
    100000     -2.00000000     2.4337428748e-02
    100000      0.00000000     2.0471782631e-02
    100000      2.00000000     1.8353253001e-02
    100000      4.00000000     1.7907153486e-02
    100000      6.00000000     1.9177042427e-02
    100000      8.00000000     2.2930621847e-02
    100000     10.00000000     3.1183023806e-02
    100000     12.00000000     4.5394938294e-02
    100000     14.00000000     6.4436978723e-02
    100000     16.00000000     8.6569155821e-02
    100000     18.00000000     1.1103149399e-01
    100000     20.00000000     1.3765937844e-01
    100000     22.00000000     1.6641335653e-01
    100000     24.00000000     1.9722948453e-01
    100000     26.00000000     2.3000198376e-01
    100000     28.00000000     2.6459379165e-01
    100000     30.00000000     3.0084719773e-01
    100000     32.00000000     3.3859063784e-01
    100000     34.00000000     3.7764264011e-01
    100000     36.00000000     4.1781419194e-01
    100000     38.00000000     4.5891033414e-01
    100000     40.00000000     5.0073140603e-01
    100000     42.00000000     5.4307414414e-01
    100000     44.00000000     5.8573272497e-01
    100000     46.00000000     6.2849978908e-01
    100000     48.00000000     6.7116745959e-01
    100000     50.00000000     7.1352835787e-01
    100000     52.00000000     7.5537661472e-01
    100000     54.00000000     7.9650887323e-01
    100000     56.00000000     8.3672527913e-01
    100000     58.00000000     8.7583045383e-01
    100000     60.00000000     9.1363444570e-01
    100000     62.00000000     9.4995365478e-01
    100000     64.00000000     9.8461172657e-01
    100000     66.00000000     1.0174404105e+00
    100000     68.00000000     1.0482803789e+00
    100000     70.00000000     1.0769820026e+00
    100000     72.00000000     1.1034060787e+00
    100000     74.00000000     1.1274245087e+00
    100000     76.00000000     1.1489209213e+00
    100000     78.00000000     1.1677912386e+00
    100000     80.00000000     1.1839441825e+00
    100000     82.00000000     1.1973017187e+00
    100000     84.00000000     1.2077994357e+00
    100000     86.00000000     1.2153868583e+00
    100000     88.00000000     1.2200276921e+00
    100000     90.00000000     1.2217000000e+00
    150000    -90.00000000     1.2217000000e+00
    150000    -88.00000000     1.2209932114e+00
    150000    -86.00000000     1.2173167205e+00
    150000    -84.00000000     1.2106912897e+00
    150000    -82.00000000     1.2011520411e+00
    150000    -80.00000000     1.1887482824e+00
    150000    -78.00000000     1.1735432628e+00
    150000    -76.00000000     1.1556138619e+00
    150000    -74.00000000     1.1350502115e+00
    150000    -72.00000000     1.1119552528e+00
    150000    -70.00000000     1.0864442321e+00
    150000    -68.00000000     1.0586441357e+00
    150000    -66.00000000     1.0286930679e+00
    150000    -64.00000000     9.9673957493e-01
    150000    -62.00000000     9.6294191818e-01
    150000    -60.00000000     9.2746729995e-01
    150000    -58.00000000     8.9049104572e-01
    150000    -56.00000000     8.5219574700e-01
    150000    -54.00000000     8.1277036871e-01
    150000    -52.00000000     7.7240932572e-01
    150000    -50.00000000     7.3131153276e-01
    150000    -48.00000000     6.8967943260e-01
    150000    -46.00000000     6.4771800697e-01
    150000    -44.00000000     6.0563377524e-01
    150000    -42.00000000     5.6363378548e-01
    150000    -40.00000000     5.2192460269e-01
    150000    -38.00000000     4.8071129851e-01
    150000    -36.00000000     4.4019644611e-01
    150000    -34.00000000     4.0057912200e-01
    150000    -32.00000000     3.6205391257e-01
    150000    -30.00000000     3.2480991476e-01
    150000    -28.00000000     2.8902970319e-01
    150000    -26.00000000     2.5488820455e-01
    150000    -24.00000000     2.2255137026e-01
    150000    -22.00000000     1.9217448714e-01
    150000    -20.00000000     1.6390001206e-01
    150000    -18.00000000     1.3785533876e-01
    150000    -16.00000000     1.1415303684e-01
    150000    -14.00000000     9.2902385238e-02
    150000    -12.00000000     7.4251479157e-02
    150000    -10.00000000     5.8455156961e-02
    150000     -8.00000000     4.5776278578e-02
    150000     -6.00000000     3.6015574731e-02
    150000     -4.00000000     2.8519392601e-02
    150000     -2.00000000     2.2884139833e-02
    150000      0.00000000     1.9036981693e-02
    150000      2.00000000     1.6953297989e-02
    150000      4.00000000     1.6554288808e-02
    150000      6.00000000     1.7825546123e-02
    150000      8.00000000     2.1335925657e-02
    150000     10.00000000     2.8935995515e-02
    150000     12.00000000     4.2486991622e-02
    150000     14.00000000     6.1290950203e-02
    150000     16.00000000     8.3462475733e-02
    150000     18.00000000     1.0802370078e-01
    150000     20.00000000     1.3473692912e-01
    150000     22.00000000     1.6355736802e-01
    150000     24.00000000     1.9442911302e-01
    150000     26.00000000     2.2725311964e-01
    150000     28.00000000     2.6189617832e-01
    150000     30.00000000     2.9820248331e-01
    150000     32.00000000     3.3600132639e-01
    150000     34.00000000     3.7511157989e-01
    150000     36.00000000     4.1534433871e-01
    150000     38.00000000     4.5650464454e-01
    150000     40.00000000     4.9839278980e-01
    150000     42.00000000     5.4080544207e-01
    150000     44.00000000     5.8353669781e-01
    150000     46.00000000     6.2637911106e-01
    150000     48.00000000     6.6912471392e-01
    150000     50.00000000     7.1156603314e-01
    150000     52.00000000     7.5349710165e-01
    150000     54.00000000     7.9471446170e-01
    150000     56.00000000     8.3501815533e-01
    150000     58.00000000     8.7421269763e-01
    150000     60.00000000     9.1210802809e-01
    150000     62.00000000     9.4852043545e-01
    150000     64.00000000     9.8327345169e-01
    150000     66.00000000     1.0161987106e+00
    150000     68.00000000     1.0471367667e+00
    150000     70.00000000     1.0759378714e+00
    150000     72.00000000     1.1024627007e+00
    150000     74.00000000     1.1265830333e+00
    150000     76.00000000     1.1481823736e+00
    150000     78.00000000     1.1671565184e+00
    150000     80.00000000     1.1834140632e+00
    150000     82.00000000     1.1968768462e+00
    150000     84.00000000     1.2074803276e+00
    150000     86.00000000     1.2151739033e+00
    150000     88.00000000     1.2199211497e+00
    150000     90.00000000     1.2217000000e+00
    200000    -90.00000000     1.2217000000e+00
    200000    -88.00000000     1.2209550031e+00
    200000    -86.00000000     1.2172403506e+00
    200000    -84.00000000     1.2105768512e+00
    200000    -82.00000000     1.2009996734e+00
    200000    -80.00000000     1.1885581710e+00
    200000    -78.00000000     1.1733156395e+00
    200000    -76.00000000     1.1553490040e+00
    200000    -74.00000000     1.1347484416e+00
    200000    -72.00000000     1.1116169386e+00
    200000    -70.00000000     1.0860697859e+00
    200000    -68.00000000     1.0582340136e+00
    200000    -66.00000000     1.0282477695e+00
    200000    -64.00000000     9.9625964284e-01
    200000    -62.00000000     9.6242793711e-01
    200000    -60.00000000     9.2691989612e-01
    200000    -58.00000000     8.8991088605e-01
    200000    -56.00000000     8.5158353832e-01
    200000    -54.00000000     8.1212685691e-01
    200000    -52.00000000     7.7173529481e-01
    200000    -50.00000000     7.3060780395e-01
    200000    -48.00000000     6.8894686327e-01
    200000    -46.00000000     6.4695748962e-01
    200000    -44.00000000     6.0484623641e-01
    200000    -42.00000000     5.6282018454e-01
    200000    -40.00000000     5.2108593058e-01
    200000    -38.00000000     4.7984857621e-01
    200000    -36.00000000     4.3931072266e-01
    200000    -34.00000000     3.9967147135e-01
    200000    -32.00000000     3.6112542787e-01
    200000    -30.00000000     3.2386169678e-01
    200000    -28.00000000     2.8806283584e-01
    200000    -26.00000000     2.5390370320e-01
    200000    -24.00000000     2.2155007662e-01
    200000    -22.00000000     1.9115686899e-01
    200000    -20.00000000     1.6286582809e-01
    200000    -18.00000000     1.3680322910e-01
    200000    -16.00000000     1.1308057452e-01
    200000    -14.00000000     9.1808611633e-02
    200000    -12.00000000     7.3146286738e-02
    200000    -10.00000000     5.7372738066e-02
    200000     -8.00000000     4.4753776010e-02
    200000     -6.00000000     3.5038062147e-02
    200000     -4.00000000     2.7553242814e-02
    200000     -2.00000000     2.1922645831e-02
    200000      0.00000000     1.8087315747e-02
    200000      2.00000000     1.6026423601e-02
    200000      4.00000000     1.5660802864e-02
    200000      6.00000000     1.6945308106e-02
    200000      8.00000000     2.0323516878e-02
    200000     10.00000000     2.7493623571e-02
    200000     12.00000000     4.0533203500e-02
    200000     14.00000000     5.9111552134e-02
    200000     16.00000000     8.1291096431e-02
    200000     18.00000000     1.0592203719e-01
    200000     20.00000000     1.3269885871e-01
    200000     22.00000000     1.6156855804e-01
    200000     24.00000000     1.9248063978e-01
    200000     26.00000000     2.2534127167e-01
    200000     28.00000000     2.6002033639e-01
    200000     30.00000000     2.9636358444e-01
    200000     32.00000000     3.3420101752e-01
    200000     34.00000000     3.7335180047e-01
    200000     36.00000000     4.1362712643e-01
    200000     38.00000000     4.5483204788e-01
    200000     40.00000000     4.9676682889e-01
    200000     42.00000000     5.3922809084e-01
    200000     44.00000000     5.8200987525e-01
    200000     46.00000000     6.2490467628e-01
    200000     48.00000000     6.6770446288e-01
    200000     50.00000000     7.1020169604e-01
    200000     52.00000000     7.5219034066e-01
    200000     54.00000000     7.9346686888e-01
    200000     56.00000000     8.3383125069e-01
    200000     58.00000000     8.7308792722e-01
    200000     60.00000000     9.1104676226e-01
    200000     62.00000000     9.4752396720e-01
    200000     64.00000000     9.8234299505e-01
    200000     66.00000000     1.0153353992e+00
    200000     68.00000000     1.0463416524e+00
    200000     70.00000000     1.0752119228e+00
    200000     72.00000000     1.1018068024e+00
    200000     74.00000000     1.1259979843e+00
    200000     76.00000000     1.1476688867e+00
    200000     78.00000000     1.1667152193e+00
    200000     80.00000000     1.1830454895e+00
    200000     82.00000000     1.1965814468e+00
    200000     84.00000000     1.2072584626e+00
    200000     86.00000000     1.2150258429e+00
    200000     88.00000000     1.2198470744e+00
    200000     90.00000000     1.2217000000e+00
    250000    -90.00000000     1.2217000000e+00
    250000    -88.00000000     1.2209263542e+00
    250000    -86.00000000     1.2171830878e+00
    250000    -84.00000000     1.2104910441e+00
    250000    -82.00000000     1.2008854266e+00
    250000    -80.00000000     1.1884156238e+00
    250000    -78.00000000     1.1731449655e+00
    250000    -76.00000000     1.1551504111e+00
    250000    -74.00000000     1.1345221717e+00
    250000    -72.00000000     1.1113632676e+00
    250000    -70.00000000     1.0857890226e+00
    250000    -68.00000000     1.0579265002e+00
    250000    -66.00000000     1.0279138807e+00
    250000    -64.00000000     9.9589978536e-01
    250000    -62.00000000     9.6204254940e-01
    250000    -60.00000000     9.2650944770e-01
    250000    -58.00000000     8.8947587701e-01
    250000    -56.00000000     8.5112449864e-01
    250000    -54.00000000     8.1164434586e-01
    250000    -52.00000000     7.7122990026e-01
    250000    -50.00000000     7.3008014164e-01
    250000    -48.00000000     6.8839757607e-01
    250000    -46.00000000     6.4638724674e-01
    250000    -44.00000000     6.0425573256e-01
    250000    -42.00000000     5.6221013907e-01
    250000    -40.00000000     5.2045708646e-01
    250000    -38.00000000     4.7920169891e-01
    250000    -36.00000000     4.3864659852e-01
    250000    -34.00000000     3.9899090508e-01
    250000    -32.00000000     3.6042923780e-01
    250000    -30.00000000     3.2315070508e-01
    250000    -28.00000000     2.8733784779e-01
    250000    -26.00000000     2.5316546340e-01
    250000    -24.00000000     2.2079917985e-01
    250000    -22.00000000     1.9039359149e-01
    250000    -20.00000000     1.6208984866e-01
    250000    -18.00000000     1.3601330418e-01
    250000    -16.00000000     1.1227466184e-01
    250000    -14.00000000     9.0986255668e-02
    250000    -12.00000000     7.2316927619e-02
    250000    -10.00000000     5.6566141349e-02
    250000     -8.00000000     4.3998383548e-02
    250000     -6.00000000     3.4318057612e-02
    250000     -4.00000000     2.6841616843e-02
    250000     -2.00000000     2.1214313874e-02
    250000      0.00000000     1.7387432130e-02
    250000      2.00000000     1.5343112215e-02
    250000      4.00000000     1.5003005931e-02
    250000      6.00000000     1.6303220086e-02
    250000      8.00000000     1.9600063127e-02
    250000     10.00000000     2.6460039210e-02
    250000     12.00000000     3.9084433331e-02
    250000     14.00000000     5.7452712588e-02
    250000     16.00000000     7.9624017710e-02
    250000     18.00000000     1.0430791413e-01
    250000     20.00000000     1.3113581391e-01
    250000     22.00000000     1.6004508329e-01
    250000     24.00000000     1.9098908010e-01
    250000     26.00000000     2.2387825281e-01
    250000     28.00000000     2.5858510362e-01
    250000     30.00000000     2.9495672021e-01
    250000     32.00000000     3.3282372092e-01
    250000     34.00000000     3.7200552865e-01
    250000     36.00000000     4.1231342701e-01
    250000     38.00000000     4.5355248328e-01
    250000     40.00000000     4.9552294263e-01
    250000     42.00000000     5.3802139224e-01
    250000     44.00000000     5.8084183205e-01
    250000     46.00000000     6.2377671063e-01
    250000     48.00000000     6.6661794866e-01
    250000     50.00000000     7.0915795687e-01
    250000     52.00000000     7.5119064812e-01
    250000     54.00000000     7.9251244092e-01
    250000     56.00000000     8.3292325012e-01
    250000     58.00000000     8.7222746031e-01
    250000     60.00000000     9.1023487735e-01
    250000     62.00000000     9.4676165344e-01
    250000     64.00000000     9.8163118122e-01
    250000     66.00000000     1.0146749525e+00
    250000     68.00000000     1.0457333775e+00
    250000     70.00000000     1.0746565608e+00
    250000     72.00000000     1.1013050299e+00
    250000     74.00000000     1.1255504127e+00
    250000     76.00000000     1.1472760613e+00
    250000     78.00000000     1.1663776186e+00
    250000     80.00000000     1.1827635248e+00
    250000     82.00000000     1.1963554618e+00
    250000     84.00000000     1.2070887324e+00
    250000     86.00000000     1.2149125745e+00
    250000     88.00000000     1.2197904056e+00
    250000     90.00000000     1.2217000000e+00
     50000    -90.00000000     1.2217000000e+00
     50000    -88.00000000     1.2211307372e+00
     50000    -86.00000000     1.2175916047e+00
     50000    -84.00000000     1.2111031973e+00
     50000    -82.00000000     1.2017004703e+00
     50000    -80.00000000     1.1894325650e+00
     50000    -78.00000000     1.1743625651e+00
     50000    -76.00000000     1.1565671857e+00
     50000    -74.00000000     1.1361363953e+00
     50000    -72.00000000     1.1131729733e+00
     50000    -70.00000000     1.0877920057e+00
     50000    -68.00000000     1.0601203203e+00
     50000    -66.00000000     1.0302958650e+00
     50000    -64.00000000     9.9846703177e-01
     50000    -62.00000000     9.6479193014e-01
     50000    -60.00000000     9.2943761306e-01
     50000    -58.00000000     8.9257925948e-01
     50000    -56.00000000     8.5439931722e-01
     50000    -54.00000000     8.1508661069e-01
     50000    -52.00000000     7.7483541748e-01
     50000    -50.00000000     7.3384451849e-01
     50000    -48.00000000     6.9231622624e-01
     50000    -46.00000000     6.5045539605e-01
     50000    -44.00000000     6.0846842477e-01
     50000    -42.00000000     5.6656224216e-01
     50000    -40.00000000     5.2494329939e-01
     50000    -38.00000000     4.8381655938e-01
     50000    -36.00000000     4.4338449287e-01
     50000    -34.00000000     4.0384608304e-01
     50000    -32.00000000     3.6539583837e-01
     50000    -30.00000000     3.2822280753e-01
     50000    -28.00000000     2.9250957771e-01
     50000    -26.00000000     2.5843121411e-01
     50000    -24.00000000     2.2615406063e-01
     50000    -22.00000000     1.9583427560e-01
     50000    -20.00000000     1.6761598384e-01
     50000    -18.00000000     1.4162921822e-01
     50000    -16.00000000     1.1798912003e-01
     50000    -14.00000000     9.6801889281e-02
     50000    -12.00000000     7.8191135851e-02
     50000    -10.00000000     6.2353328205e-02
     50000     -8.00000000     4.9539789562e-02
     50000     -6.00000000     3.9707572273e-02
     50000     -4.00000000     3.2283853719e-02
     50000     -2.00000000     2.6758316909e-02
     50000      0.00000000     2.2986258280e-02
     50000      2.00000000     2.0926446534e-02
     50000      4.00000000     2.0531159379e-02
     50000      6.00000000     2.2021344939e-02
     50000      8.00000000     2.6597399175e-02
     50000     10.00000000     3.6308096884e-02
     50000     12.00000000     5.1597443940e-02
     50000     14.00000000     7.0875937136e-02
     50000     16.00000000     9.2856464878e-02
     50000     18.00000000     1.1712078305e-01
     50000     20.00000000     1.4358956717e-01
     50000     22.00000000     1.7221868574e-01
     50000     24.00000000     2.0292727619e-01
     50000     26.00000000     2.3559767695e-01
     50000     28.00000000     2.7008639656e-01
     50000     30.00000000     3.0623264083e-01
     50000     32.00000000     3.4386349657e-01
     50000     34.00000000     3.8279697346e-01
     50000     36.00000000     4.2284392110e-01
     50000     38.00000000     4.6380941337e-01
     50000     40.00000000     5.0549389966e-01
     50000     42.00000000     5.4769426297e-01
     50000     44.00000000     5.9020484529e-01
     50000     46.00000000     6.3281846430e-01
     50000     48.00000000     6.7532742884e-01
     50000     50.00000000     7.1752455317e-01
     50000     52.00000000     7.5920416743e-01
     50000     54.00000000     8.0016312011e-01
     50000     56.00000000     8.4020176805e-01
     50000     58.00000000     8.7912494923e-01
     50000     60.00000000     9.1674293375e-01
     50000     62.00000000     9.5287234826e-01
     50000     64.00000000     9.8733706951e-01
     50000     66.00000000     1.0199690825e+00
     50000     68.00000000     1.0506092992e+00
     50000     70.00000000     1.0791083336e+00
     50000     72.00000000     1.1053272300e+00
     50000     74.00000000     1.1291381396e+00
     50000     76.00000000     1.1504249439e+00
     50000     78.00000000     1.1690838206e+00
     50000     80.00000000     1.1850237491e+00
     50000     82.00000000     1.1981669545e+00
     50000     84.00000000     1.2084492867e+00
     50000     86.00000000     1.2158205326e+00
     50000     88.00000000     1.2202446614e+00
     50000     90.00000000     1.2217000000e+00
    100000    -90.00000000     1.2217000000e+00
    100000    -88.00000000     1.2210245161e+00
    100000    -86.00000000     1.2173792920e+00
    100000    -84.00000000     1.2107850515e+00
    100000    -82.00000000     1.2012768791e+00
    100000    -80.00000000     1.1889040444e+00
    100000    -78.00000000     1.1737297592e+00
    100000    -76.00000000     1.1558308654e+00
    100000    -74.00000000     1.1352974576e+00
    100000    -72.00000000     1.1122324404e+00
    100000    -70.00000000     1.0867510235e+00
    100000    -68.00000000     1.0589801571e+00
    100000    -66.00000000     1.0290579098e+00
    100000    -64.00000000     9.9713279293e-01
    100000    -62.00000000     9.6336303319e-01
    100000    -60.00000000     9.2791579890e-01
    100000    -58.00000000     8.9096638219e-01
    100000    -56.00000000     8.5269734186e-01
    100000    -54.00000000     8.1329761085e-01
    100000    -52.00000000     7.7296157277e-01
    100000    -50.00000000     7.3188811190e-01
    100000    -48.00000000     6.9027964135e-01
    100000    -46.00000000     6.4834111409e-01
    100000    -44.00000000     6.0627902158e-01
    100000    -42.00000000     5.6430038498e-01
    100000    -40.00000000     5.2261174337e-01
    100000    -38.00000000     4.8141814365e-01
    100000    -36.00000000     4.4092213569e-01
    100000    -34.00000000     4.0132277479e-01
    100000    -32.00000000     3.6281462965e-01
    100000    -30.00000000     3.2558678621e-01
    100000    -28.00000000     2.8982182149e-01
    100000    -26.00000000     2.5569469128e-01
    100000    -24.00000000     2.2337142703e-01
    100000    -22.00000000     1.9300748232e-01
    100000    -20.00000000     1.6474559636e-01
    100000    -18.00000000     1.3871348669e-01
    100000    -16.00000000     1.1502358791e-01
    100000    -14.00000000     9.3782866512e-02
    100000    -12.00000000     7.5131508143e-02
    100000    -10.00000000     5.9313464106e-02
    100000     -8.00000000     4.6611246183e-02
    100000     -6.00000000     3.6890231841e-02
    100000     -4.00000000     2.9502560887e-02
    100000     -2.00000000     2.3991539945e-02
    100000      0.00000000     2.0254956501e-02
    100000      2.00000000     1.8259946723e-02
    100000      4.00000000     1.7935029581e-02
    100000      6.00000000     1.9344857906e-02
    100000      8.00000000     2.3310590889e-02
    100000     10.00000000     3.1854079180e-02
    100000     12.00000000     4.6279702473e-02
    100000     14.00000000     6.5372704881e-02
    100000     16.00000000     8.7476911193e-02
    100000     18.00000000     1.1190190854e-01
    100000     20.00000000     1.3850115505e-01
    100000     22.00000000     1.6723424493e-01
    100000     24.00000000     1.9803364007e-01
    100000     26.00000000     2.3079103610e-01
    100000     28.00000000     2.6536800425e-01
    100000     30.00000000     3.0160617627e-01
    100000     32.00000000     3.3933369593e-01
    100000     34.00000000     3.7836897339e-01
    100000     36.00000000     4.1852295745e-01
    100000     38.00000000     4.5960068553e-01
    100000     40.00000000     5.0140250911e-01
    100000     42.00000000     5.4372518403e-01
    100000     44.00000000     5.8636290957e-01
    100000     46.00000000     6.2910835103e-01
    100000     48.00000000     6.7175365761e-01
    100000     50.00000000     7.1409147783e-01
    100000     52.00000000     7.5591597057e-01
    100000     54.00000000     7.9702380786e-01
    100000     56.00000000     8.3721516517e-01
    100000     58.00000000     8.7629469443e-01
    100000     60.00000000     9.1407247526e-01
    100000     62.00000000     9.5036493962e-01
    100000     64.00000000     9.8499576561e-01
    100000     66.00000000     1.0177967359e+00
    100000     68.00000000     1.0486085565e+00
    100000     70.00000000     1.0772816324e+00
    100000     72.00000000     1.1036767959e+00
    100000     74.00000000     1.1276659833e+00
    100000     76.00000000     1.1491328592e+00
    100000     78.00000000     1.1679733815e+00
    100000     80.00000000     1.1840963086e+00
    100000     82.00000000     1.1974236426e+00
    100000     84.00000000     1.2078910089e+00
    100000     86.00000000     1.2154479691e+00
    100000     88.00000000     1.2200582661e+00
    100000     90.00000000     1.2217000000e+00
    150000    -90.00000000     1.2217000000e+00
    150000    -88.00000000     1.2209670572e+00
    150000    -86.00000000     1.2172644442e+00
    150000    -84.00000000     1.2106129548e+00
    150000    -82.00000000     1.2010477430e+00
    150000    -80.00000000     1.1886181482e+00
    150000    -78.00000000     1.1733874511e+00
    150000    -76.00000000     1.1554325626e+00
    150000    -74.00000000     1.1348436453e+00
    150000    -72.00000000     1.1117236715e+00
    150000    -70.00000000     1.0861879179e+00
    150000    -68.00000000     1.0583634008e+00
    150000    -66.00000000     1.0283882543e+00
    150000    -64.00000000     9.9641105398e-01
    150000    -62.00000000     9.6259009018e-01
    150000    -60.00000000     9.2709259355e-01
    150000    -58.00000000     8.9009391745e-01
    150000    -56.00000000     8.5177668068e-01
    150000    -54.00000000     8.1232987492e-01
    150000    -52.00000000     7.7194794113e-01
    150000    -50.00000000     7.3082981950e-01
    150000    -48.00000000     6.8917797755e-01
    150000    -46.00000000     6.4719742106e-01
    150000    -44.00000000     6.0509469270e-01
    150000    -42.00000000     5.6307686300e-01
    150000    -40.00000000     5.2135051855e-01
    150000    -38.00000000     4.8012075150e-01
    150000    -36.00000000     4.3959015412e-01
    150000    -34.00000000     3.9995781966e-01
    150000    -32.00000000     3.6141834686e-01
    150000    -30.00000000     3.2416083589e-01
    150000    -28.00000000     2.8836784462e-01
    150000    -26.00000000     2.5421423944e-01
    150000    -24.00000000     2.2186581879e-01
    150000    -22.00000000     1.9147752802e-01
    150000    -20.00000000     1.6319113076e-01
    150000    -18.00000000     1.3713277383e-01
    150000    -16.00000000     1.1341327940e-01
    150000    -14.00000000     9.2141197071e-02
    150000    -12.00000000     7.3470919538e-02
    150000    -10.00000000     5.7680947081e-02
    150000     -8.00000000     4.5064241043e-02
    150000     -6.00000000     3.5414073077e-02
    150000     -4.00000000     2.8046685706e-02
    150000     -2.00000000     2.2543159740e-02
    150000      0.00000000     1.8824401074e-02
    150000      2.00000000     1.6863498034e-02
    150000      4.00000000     1.6583798148e-02
    150000      6.00000000     1.7987234818e-02
    150000      8.00000000     2.1692213060e-02
    150000     10.00000000     2.9580555990e-02
    150000     12.00000000     4.3379815954e-02
    150000     14.00000000     6.2264705690e-02
    150000     16.00000000     8.4415809474e-02
    150000     18.00000000     1.0893792423e-01
    150000     20.00000000     1.3561963339e-01
    150000     22.00000000     1.6441706900e-01
    150000     24.00000000     1.9527067719e-01
    150000     26.00000000     2.2807857691e-01
    150000     28.00000000     2.6270597287e-01
    150000     30.00000000     2.9899628280e-01
    150000     32.00000000     3.3677844901e-01
    150000     34.00000000     3.7587120014e-01
    150000     36.00000000     4.1608558163e-01
    150000     38.00000000     4.5722662775e-01
    150000     40.00000000     4.9909464205e-01
    150000     42.00000000     5.4148631158e-01
    150000     44.00000000     5.8419575636e-01
    150000     46.00000000     6.2701555621e-01
    150000     48.00000000     6.6973777045e-01
    150000     50.00000000     7.1215495421e-01
    150000     52.00000000     7.5406116978e-01
    150000     54.00000000     7.9525298967e-01
    150000     56.00000000     8.3553048703e-01
    150000     58.00000000     8.7469820887e-01
    150000     60.00000000     9.1256612734e-01
    150000     62.00000000     9.4895056459e-01
    150000     64.00000000     9.8367508668e-01
    150000     66.00000000     1.0165713621e+00
    150000     68.00000000     1.0474799807e+00
    150000     70.00000000     1.0762512298e+00
    150000     72.00000000     1.1027458216e+00
    150000     74.00000000     1.1268355718e+00
    150000     76.00000000     1.1484040221e+00
    150000     78.00000000     1.1673470068e+00
    150000     80.00000000     1.1835731594e+00
    150000     82.00000000     1.1970043563e+00
    150000     84.00000000     1.2075760964e+00
    150000     86.00000000     1.2152378140e+00
    150000     88.00000000     1.2199531245e+00
    150000     90.00000000     1.2217000000e+00
    200000    -90.00000000     1.2217000000e+00
    200000    -88.00000000     1.2209281539e+00
    200000    -86.00000000     1.2171866848e+00
    200000    -84.00000000     1.2104964342e+00
    200000    -82.00000000     1.2008926031e+00
    200000    -80.00000000     1.1884245780e+00
    200000    -78.00000000     1.1731556865e+00
    200000    -76.00000000     1.1551628859e+00
    200000    -74.00000000     1.1345363851e+00
    200000    -72.00000000     1.1113792022e+00
    200000    -70.00000000     1.0858066591e+00
    200000    -68.00000000     1.0579458170e+00
    200000    -66.00000000     1.0279348543e+00
    200000    -64.00000000     9.9592239018e-01
    200000    -62.00000000     9.6206675793e-01
    200000    -60.00000000     9.2653523045e-01
    200000    -58.00000000     8.8950320255e-01
    200000    -56.00000000     8.5115333369e-01
    200000    -54.00000000     8.1167465529e-01
    200000    -52.00000000     7.7126164714e-01
    200000    -50.00000000     7.3011328730e-01
    200000    -48.00000000     6.8843208011e-01
    200000    -46.00000000     6.4642306713e-01
    200000    -44.00000000     6.0429282566e-01
    200000    -42.00000000     5.6224845968e-01
    200000    -40.00000000     5.2049658788e-01
    200000    -38.00000000     4.7924233299e-01
    200000    -36.00000000     4.3868831573e-01
    200000    -34.00000000     3.9903365449e-01
    200000    -32.00000000     3.6047296705e-01
    200000    -30.00000000     3.2319536002e-01
    200000    -28.00000000     2.8738337111e-01
    200000    -26.00000000     2.5321179027e-01
    200000    -24.00000000     2.2084622465e-01
    200000    -22.00000000     1.9044120980e-01
    200000    -20.00000000     1.6213773437e-01
    200000    -18.00000000     1.3606073142e-01
    200000    -16.00000000     1.1231991234e-01
    200000    -14.00000000     9.1025682503e-02
    200000    -12.00000000     7.2345057702e-02
    200000    -10.00000000     5.6583937208e-02
    200000     -8.00000000     4.4036786764e-02
    200000     -6.00000000     3.4437905787e-02
    200000     -4.00000000     2.7083851301e-02
    200000     -2.00000000     2.1584960611e-02
    200000      0.00000000     1.7877535904e-02
    200000      2.00000000     1.5938998232e-02
    200000      4.00000000     1.5691722067e-02
    200000      6.00000000     1.7103928016e-02
    200000      8.00000000     2.0664736400e-02
    200000     10.00000000     2.8116746482e-02
    200000     12.00000000     4.1426166600e-02
    200000     14.00000000     6.0109723865e-02
    200000     16.00000000     8.2276503826e-02
    200000     18.00000000     1.0686761064e-01
    200000     20.00000000     1.3361081250e-01
    200000     22.00000000     1.6245588609e-01
    200000     24.00000000     1.9334875398e-01
    200000     26.00000000     2.2619252455e-01
    200000     28.00000000     2.6085532310e-01
    200000     30.00000000     2.9718202807e-01
    200000     32.00000000     3.3500224492e-01
    200000     34.00000000     3.7413497356e-01
    200000     36.00000000     4.1439134868e-01
    200000     38.00000000     4.5557641186e-01
    200000     40.00000000     4.9749043726e-01
    200000     42.00000000     5.3993006582e-01
    200000     44.00000000     5.8268936308e-01
    200000     46.00000000     6.2556084971e-01
    200000     48.00000000     6.6833652268e-01
    200000     50.00000000     7.1080887223e-01
    200000     52.00000000     7.5277189353e-01
    200000     54.00000000     7.9402208991e-01
    200000     56.00000000     8.3435946343e-01
    200000     58.00000000     8.7358848812e-01
    200000     60.00000000     9.1151906147e-01
    200000     62.00000000     9.4796742930e-01
    200000     64.00000000     9.8275707975e-01
    200000     66.00000000     1.0157196020e+00
    200000     68.00000000     1.0466955052e+00
    200000     70.00000000     1.0755349945e+00
    200000     72.00000000     1.1020986994e+00
    200000     74.00000000     1.1262583509e+00
    200000     76.00000000     1.1478974058e+00
    200000     78.00000000     1.1669116124e+00
    200000     80.00000000     1.1832095173e+00
    200000     82.00000000     1.1967129095e+00
    200000     84.00000000     1.2073572000e+00
    200000     86.00000000     1.2150917348e+00
    200000     88.00000000     1.2198800404e+00
    200000     90.00000000     1.2217000000e+00
    250000    -90.00000000     1.2217000000e+00
    250000    -88.00000000     1.2208989642e+00
    250000    -86.00000000     1.2171283410e+00
    250000    -84.00000000     1.2104090073e+00
    250000    -82.00000000     1.2007761997e+00
    250000    -80.00000000     1.1882793399e+00
    250000    -78.00000000     1.1729817907e+00
    250000    -76.00000000     1.1549605441e+00
    250000    -74.00000000     1.1343058440e+00
    250000    -72.00000000     1.1111207425e+00
    250000    -70.00000000     1.0855205958e+00
    250000    -68.00000000     1.0576324987e+00
    250000    -66.00000000     1.0275946626e+00
    250000    -64.00000000     9.9555573964e-01
    250000    -62.00000000     9.6167409523e-01
    250000    -60.00000000     9.2611703398e-01
    250000    -58.00000000     8.8905998182e-01
    250000    -56.00000000     8.5068562870e-01
    250000    -54.00000000     8.1118303586e-01
    250000    -52.00000000     7.7074671223e-01
    250000    -50.00000000     7.2957566428e-01
    250000    -48.00000000     6.8787242398e-01
    250000    -46.00000000     6.4584205974e-01
    250000    -44.00000000     6.0369117483e-01
    250000    -42.00000000     5.6162689832e-01
    250000    -40.00000000     5.1985587298e-01
    250000    -38.00000000     4.7858324441e-01
    250000    -36.00000000     4.3801165453e-01
    250000    -34.00000000     3.9834024026e-01
    250000    -32.00000000     3.5976363278e-01
    250000    -30.00000000     3.2247094154e-01
    250000    -28.00000000     2.8664468453e-01
    250000    -26.00000000     2.5245958423e-01
    250000    -24.00000000     2.2008108318e-01
    250000    -22.00000000     1.8966336820e-01
    250000    -20.00000000     1.6134677609e-01
    250000    -18.00000000     1.3525524200e-01
    250000    -16.00000000     1.1149765929e-01
    250000    -14.00000000     9.0186398023e-02
    250000    -12.00000000     7.1499933108e-02
    250000    -10.00000000     5.5766872612e-02
    250000     -8.00000000     4.3278454384e-02
    250000     -6.00000000     3.3719322278e-02
    250000     -4.00000000     2.6374806187e-02
    250000     -2.00000000     2.0879071044e-02
    250000      0.00000000     1.7179706852e-02
    250000      2.00000000     1.5257458665e-02
    250000      4.00000000     1.5035121529e-02
    250000      6.00000000     1.6460101245e-02
    250000      8.00000000     1.9930726280e-02
    250000     10.00000000     2.7065558414e-02
    250000     12.00000000     3.9974236566e-02
    250000     14.00000000     5.8468033940e-02
    250000     16.00000000     8.0634035409e-02
    250000     18.00000000     1.0527794977e-01
    250000     20.00000000     1.3207059050e-01
    250000     22.00000000     1.6095390417e-01
    250000     24.00000000     1.9187780108e-01
    250000     26.00000000     2.2474950019e-01
    250000     28.00000000     2.5943960399e-01
    250000     30.00000000     2.9579424704e-01
    250000     32.00000000     3.3364361126e-01
    250000     34.00000000     3.7280693624e-01
    250000     36.00000000     4.1309543928e-01
    250000     38.00000000     4.5431417369e-01
    250000     40.00000000     4.9626339379e-01
    250000     42.00000000     5.3873970625e-01
    250000     44.00000000     5.8153713544e-01
    250000     46.00000000     6.2444815692e-01
    250000     48.00000000     6.6726472006e-01
    250000     50.00000000     7.0977926547e-01
    250000     52.00000000     7.5178573700e-01
    250000     54.00000000     7.9308058507e-01
    250000     56.00000000     8.3346375734e-01
    250000     58.00000000     8.7273967208e-01
    250000     60.00000000     9.1071816962e-01
    250000     62.00000000     9.4721543740e-01
    250000     64.00000000     9.8205490399e-01
    250000     66.00000000     1.0150680978e+00
    250000     68.00000000     1.0460954664e+00
    250000     70.00000000     1.0749871522e+00
    250000     72.00000000     1.1016037210e+00
    250000     74.00000000     1.1258168395e+00
    250000     76.00000000     1.1475098992e+00
    250000     78.00000000     1.1665785828e+00
    250000     80.00000000     1.1829313705e+00
    250000     82.00000000     1.1964899843e+00
    250000     84.00000000     1.2071897680e+00
    250000     86.00000000     1.2149800000e+00
    250000     88.00000000     1.2198241389e+00
    250000     90.00000000     1.2217000000e+00
     50000    -90.00000000     1.2217000000e+00
     50000    -88.00000000     1.2211349003e+00
     50000    -86.00000000     1.2175999258e+00
     50000    -84.00000000     1.2111156662e+00
     50000    -82.00000000     1.2017170719e+00
     50000    -80.00000000     1.1894532789e+00
     50000    -78.00000000     1.1743873663e+00
     50000    -76.00000000     1.1565960439e+00
     50000    -74.00000000     1.1361692752e+00
     50000    -72.00000000     1.1132098350e+00
     50000    -70.00000000     1.0878328043e+00
     50000    -68.00000000     1.0601650061e+00
     50000    -66.00000000     1.0303443834e+00
     50000    -64.00000000     9.9851932380e-01
     50000    -62.00000000     9.6484793204e-01
     50000    -60.00000000     9.2949725662e-01
     50000    -58.00000000     8.9264247202e-01
     50000    -56.00000000     8.5446602173e-01
     50000    -54.00000000     8.1515672590e-01
     50000    -52.00000000     7.7490885796e-01
     50000    -50.00000000     7.3392119477e-01
     50000    -48.00000000     6.9239604490e-01
     50000    -46.00000000     6.5053825984e-01
     50000    -44.00000000     6.0855423275e-01
     50000    -42.00000000     5.6665088979e-01
     50000    -40.00000000     5.2503467870e-01
     50000    -38.00000000     4.8391055911e-01
     50000    -36.00000000     4.4348099871e-01
     50000    -34.00000000     4.0394497791e-01
     50000    -32.00000000     3.6549700302e-01
     50000    -30.00000000     3.2832612174e-01
     50000    -28.00000000     2.9261492281e-01
     50000    -26.00000000     2.5853847861e-01
     50000    -24.00000000     2.2626315221e-01
     50000    -22.00000000     1.9594514593e-01
     50000    -20.00000000     1.6772867662e-01
     50000    -18.00000000     1.4174395114e-01
     50000    -16.00000000     1.1810638736e-01
     50000    -14.00000000     9.6922452330e-02
     50000    -12.00000000     7.8315398673e-02
     50000    -10.00000000     6.2479154542e-02
     50000     -8.00000000     4.9659805469e-02
     50000     -6.00000000     3.9812031771e-02
     50000     -4.00000000     3.2366645057e-02
     50000     -2.00000000     2.6817160478e-02
     50000      0.00000000     2.3021145009e-02
     50000      2.00000000     2.0938242667e-02
     50000      4.00000000     2.0519615906e-02
     50000      6.00000000     2.1980544361e-02
     50000      8.00000000     2.6512032674e-02
     50000     10.00000000     3.6172293693e-02
     50000     12.00000000     5.1435022929e-02
     50000     14.00000000     7.0711786763e-02
     50000     16.00000000     9.2698686884e-02
     50000     18.00000000     1.1696910080e-01
     50000     20.00000000     1.4344232513e-01
     50000     22.00000000     1.7207474106e-01
     50000     24.00000000     2.0278607814e-01
     50000     26.00000000     2.3545904125e-01
     50000     28.00000000     2.6995032775e-01
     50000     30.00000000     3.0609923182e-01
     50000     32.00000000     3.4373287851e-01
     50000     34.00000000     3.8266929227e-01
     50000     36.00000000     4.2271932687e-01
     50000     38.00000000     4.6368805565e-01
     50000     40.00000000     5.0537592543e-01
     50000     42.00000000     5.4757981560e-01
     50000     44.00000000     5.9009406407e-01
     50000     46.00000000     6.3271148416e-01
     50000     48.00000000     6.7522438009e-01
     50000     50.00000000     7.1742556134e-01
     50000     52.00000000     7.5910935313e-01
     50000     54.00000000     8.0007259886e-01
     50000     56.00000000     8.4011565014e-01
     50000     58.00000000     8.7904333958e-01
     50000     60.00000000     9.1666593178e-01
     50000     62.00000000     9.5280004779e-01
     50000     64.00000000     9.8726955863e-01
     50000     66.00000000     1.0199064435e+00
     50000     68.00000000     1.0505516083e+00
     50000     70.00000000     1.0790556612e+00
     50000     72.00000000     1.1052796401e+00
     50000     74.00000000     1.1290956903e+00
     50000     76.00000000     1.1503876870e+00
     50000     78.00000000     1.1690518014e+00
     50000     80.00000000     1.1849970066e+00
     50000     82.00000000     1.1981455213e+00
     50000     84.00000000     1.2084331889e+00
     50000     86.00000000     1.2158097898e+00
     50000     88.00000000     1.2202392867e+00
     50000     90.00000000     1.2217000000e+00
    100000    -90.00000000     1.2217000000e+00
    100000    -88.00000000     1.2210290112e+00
    100000    -86.00000000     1.2173882767e+00
    100000    -84.00000000     1.2107985150e+00
    100000    -82.00000000     1.2012948048e+00
    100000    -80.00000000     1.1889264106e+00
    100000    -78.00000000     1.1737565385e+00
    100000    -76.00000000     1.1558620252e+00
    100000    -74.00000000     1.1353329600e+00
    100000    -72.00000000     1.1122722422e+00
    100000    -70.00000000     1.0867950761e+00
    100000    -68.00000000     1.0590284069e+00
    100000    -66.00000000     1.0291102980e+00
    100000    -64.00000000     9.9718925571e-01
    100000    -62.00000000     9.6342350174e-01
    100000    -60.00000000     9.2798019955e-01
    100000    -58.00000000     8.9103463649e-01
    100000    -56.00000000     8.5276936664e-01
    100000    -54.00000000     8.1337331836e-01
    100000    -52.00000000     7.7304087077e-01
    100000    -50.00000000     7.3197090378e-01
    100000    -48.00000000     6.9036582625e-01
    100000    -46.00000000     6.4843058699e-01
    100000    -44.00000000     6.0637167350e-01
    100000    -42.00000000     5.6439610304e-01
    100000    -40.00000000     5.2271041100e-01
    100000    -38.00000000     4.8151964073e-01
    100000    -36.00000000     4.4102633884e-01
    100000    -34.00000000     4.0142955770e-01
    100000    -32.00000000     3.6292386384e-01
    100000    -30.00000000     3.2569834255e-01
    100000    -28.00000000     2.8993557342e-01
    100000    -26.00000000     2.5581052204e-01
    100000    -24.00000000     2.2348924490e-01
    100000    -22.00000000     1.9312725198e-01
    100000    -20.00000000     1.6486739813e-01
    100000    -18.00000000     1.3883761263e-01
    100000    -16.00000000     1.1515064164e-01
    100000    -14.00000000     9.3913648495e-02
    100000    -12.00000000     7.5265967471e-02
    100000    -10.00000000     5.9447783772e-02
    100000     -8.00000000     4.6735907086e-02
    100000     -6.00000000     3.6995769131e-02
    100000     -4.00000000     2.9584781486e-02
    100000     -2.00000000     2.4049496979e-02
    100000      0.00000000     2.0289140658e-02
    100000      2.00000000     1.8271367013e-02
    100000      4.00000000     1.7924057382e-02
    100000      6.00000000     1.9307888841e-02
    100000      8.00000000     2.3234193756e-02
    100000     10.00000000     3.1724283592e-02
    100000     12.00000000     4.6111583269e-02
    100000     14.00000000     6.5195934143e-02
    100000     16.00000000     8.7305479632e-02
    100000     18.00000000     1.1173735302e-01
    100000     20.00000000     1.3834186503e-01
    100000     22.00000000     1.6707882105e-01
    100000     24.00000000     1.9788134079e-01
    100000     26.00000000     2.3064157694e-01
    100000     28.00000000     2.6522134696e-01
    100000     30.00000000     3.0146240086e-01
    100000     32.00000000     3.3919293474e-01
    100000     34.00000000     3.7823137979e-01
    100000     36.00000000     4.1838869155e-01
    100000     38.00000000     4.5946990782e-01
    100000     40.00000000     5.0127537769e-01
    100000     42.00000000     5.4360185329e-01
    100000     44.00000000     5.8624352958e-01
    100000     46.00000000     6.2899306716e-01
    100000     48.00000000     6.7164261028e-01
    100000     50.00000000     7.1398480233e-01
    100000     52.00000000     7.5581379686e-01
    100000     54.00000000     7.9692626042e-01
    100000     56.00000000     8.3712236285e-01
    100000     58.00000000     8.7620675030e-01
    100000     60.00000000     9.1398949645e-01
    100000     62.00000000     9.5028702724e-01
    100000     64.00000000     9.8492301458e-01
    100000     66.00000000     1.0177292348e+00
    100000     68.00000000     1.0485463876e+00
    100000     70.00000000     1.0772248716e+00
    100000     72.00000000     1.1036255121e+00
    100000     74.00000000     1.1276202392e+00
    100000     76.00000000     1.1490927104e+00
    100000     78.00000000     1.1679388770e+00
    100000     80.00000000     1.1840674904e+00
    100000     82.00000000     1.1974005457e+00
    100000     84.00000000     1.2078736616e+00
    100000     86.00000000     1.2154363925e+00
    100000     88.00000000     1.2200524743e+00
    100000     90.00000000     1.2217000000e+00
    150000    -90.00000000     1.2217000000e+00
    150000    -88.00000000     1.2209717463e+00
    150000    -86.00000000     1.2172738166e+00
    150000    -84.00000000     1.2106269992e+00
    150000    -82.00000000     1.2010664424e+00
    150000    -80.00000000     1.1886414796e+00
    150000    -78.00000000     1.1734153862e+00
    150000    -76.00000000     1.1554650672e+00
    150000    -74.00000000     1.1348806800e+00
    150000    -72.00000000     1.1117651911e+00
    150000    -70.00000000     1.0862338718e+00
    150000    -68.00000000     1.0584137330e+00
    150000    -66.00000000     1.0284429035e+00
    150000    -64.00000000     9.9646995360e-01
    150000    -62.00000000     9.6265316845e-01
    150000    -60.00000000     9.2715977363e-01
    150000    -58.00000000     8.9016511748e-01
    150000    -56.00000000     8.5185181392e-01
    150000    -54.00000000     8.1240884984e-01
    150000    -52.00000000     7.7203066150e-01
    150000    -50.00000000     7.3091618454e-01
    150000    -48.00000000     6.8926788204e-01
    150000    -46.00000000     6.4729075547e-01
    150000    -44.00000000     6.0519134332e-01
    150000    -42.00000000     5.6317671210e-01
    150000    -40.00000000     5.2145344452e-01
    150000    -38.00000000     4.8022662907e-01
    150000    -36.00000000     4.3969885459e-01
    150000    -34.00000000     4.0006921136e-01
    150000    -32.00000000     3.6153229599e-01
    150000    -30.00000000     3.2427720820e-01
    150000    -28.00000000     2.8848650924e-01
    150000    -26.00000000     2.5433507714e-01
    150000    -24.00000000     2.2198873955e-01
    150000    -22.00000000     1.9160250687e-01
    150000    -20.00000000     1.6331827434e-01
    150000    -18.00000000     1.3726242467e-01
    150000    -16.00000000     1.1354610702e-01
    150000    -14.00000000     9.2277990202e-02
    150000    -12.00000000     7.3611214714e-02
    150000    -10.00000000     5.7819716229e-02
    150000     -8.00000000     4.5190884674e-02
    150000     -6.00000000     3.5519792249e-02
    150000     -4.00000000     2.8128450603e-02
    150000     -2.00000000     2.2600620020e-02
    150000      0.00000000     1.8858214609e-02
    150000      2.00000000     1.6874685469e-02
    150000      4.00000000     1.6572949892e-02
    150000      6.00000000     1.7951849756e-02
    150000      8.00000000     2.1620613754e-02
    150000     10.00000000     2.9455872278e-02
    150000     12.00000000     4.3210365473e-02
    150000     14.00000000     6.2081220759e-02
    150000     16.00000000     8.4236356413e-02
    150000     18.00000000     1.0876568616e-01
    150000     20.00000000     1.3545318346e-01
    150000     22.00000000     1.6425486471e-01
    150000     24.00000000     1.9511184747e-01
    150000     26.00000000     2.2792276470e-01
    150000     28.00000000     2.6255310712e-01
    150000     30.00000000     2.9884643212e-01
    150000     32.00000000     3.3663174470e-01
    150000     34.00000000     3.7572779915e-01
    150000     36.00000000     4.1594564961e-01
    150000     38.00000000     4.5709033146e-01
    150000     40.00000000     4.9896214604e-01
    150000     42.00000000     5.4135777668e-01
    150000     44.00000000     5.8407133894e-01
    150000     46.00000000     6.2689540775e-01
    150000     48.00000000     6.6962203731e-01
    150000     50.00000000     7.1204377737e-01
    150000     52.00000000     7.5395468469e-01
    150000     54.00000000     7.9515132607e-01
    150000     56.00000000     8.3543376877e-01
    150000     58.00000000     8.7460655379e-01
    150000     60.00000000     9.1247964711e-01
    150000     62.00000000     9.4886936458e-01
    150000     64.00000000     9.8359926581e-01
    150000     66.00000000     1.0165010127e+00
    150000     68.00000000     1.0474151886e+00
    150000     70.00000000     1.0761920738e+00
    150000     72.00000000     1.1026923739e+00
    150000     74.00000000     1.1267878975e+00
    150000     76.00000000     1.1483621792e+00
    150000     78.00000000     1.1673110463e+00
    150000     80.00000000     1.1835431252e+00
    150000     82.00000000     1.1969802849e+00
    150000     84.00000000     1.2075580171e+00
    150000     86.00000000     1.2152257489e+00
    150000     88.00000000     1.2199470883e+00
    150000     90.00000000     1.2217000000e+00
    200000    -90.00000000     1.2217000000e+00
    200000    -88.00000000     1.2209329805e+00
    200000    -86.00000000     1.2171963322e+00
    200000    -84.00000000     1.2105108906e+00
    200000    -82.00000000     1.2009118510e+00
    200000    -80.00000000     1.1884485938e+00
    200000    -78.00000000     1.1731844410e+00
    200000    -76.00000000     1.1551963440e+00
    200000    -74.00000000     1.1345745061e+00
    200000    -72.00000000     1.1114219396e+00
    200000    -70.00000000     1.0858539609e+00
    200000    -68.00000000     1.0579976255e+00
    200000    -66.00000000     1.0279911065e+00
    200000    -64.00000000     9.9598301745e-01
    200000    -62.00000000     9.6213168643e-01
    200000    -60.00000000     9.2660438107e-01
    200000    -58.00000000     8.8957649105e-01
    200000    -56.00000000     8.5123067077e-01
    200000    -54.00000000     8.1175594673e-01
    200000    -52.00000000     7.7134679389e-01
    200000    -50.00000000     7.3020218563e-01
    200000    -48.00000000     6.8852462171e-01
    200000    -46.00000000     6.4651913926e-01
    200000    -44.00000000     6.0439231127e-01
    200000    -42.00000000     5.6235123758e-01
    200000    -40.00000000     5.2060253291e-01
    200000    -38.00000000     4.7935131621e-01
    200000    -36.00000000     4.3880020470e-01
    200000    -34.00000000     3.9914831376e-01
    200000    -32.00000000     3.6059025903e-01
    200000    -30.00000000     3.2331514693e-01
    200000    -28.00000000     2.8750551915e-01
    200000    -26.00000000     2.5333617878e-01
    200000    -24.00000000     2.2097276555e-01
    200000    -22.00000000     1.9056988681e-01
    200000    -20.00000000     1.6226867529e-01
    200000    -18.00000000     1.3619431773e-01
    200000    -16.00000000     1.1245685972e-01
    200000    -14.00000000     9.1166748861e-02
    200000    -12.00000000     7.2489406293e-02
    200000    -10.00000000     5.6725588869e-02
    200000     -8.00000000     4.4164517825e-02
    200000     -6.00000000     3.4543595294e-02
    200000     -4.00000000     2.7165262787e-02
    200000     -2.00000000     2.1642084775e-02
    200000      0.00000000     1.7911105796e-02
    200000      2.00000000     1.5950020969e-02
    200000      4.00000000     1.5680893687e-02
    200000      6.00000000     1.7069409029e-02
    200000      8.00000000     2.0596215935e-02
    200000     10.00000000     2.7996186040e-02
    200000     12.00000000     4.1256771166e-02
    200000     14.00000000     5.9921910928e-02
    200000     16.00000000     8.2091383994e-02
    200000     18.00000000     1.0668985428e-01
    200000     20.00000000     1.3343922669e-01
    200000     22.00000000     1.6228883767e-01
    200000     24.00000000     1.9318527239e-01
    200000     26.00000000     2.2603219425e-01
    200000     28.00000000     2.6069804564e-01
    200000     30.00000000     2.9702786196e-01
    200000     32.00000000     3.3485131976e-01
    200000     34.00000000     3.7398744842e-01
    200000     36.00000000     4.1424739294e-01
    200000     38.00000000     4.5543619666e-01
    200000     40.00000000     4.9735413173e-01
    200000     42.00000000     5.3979783533e-01
    200000     44.00000000     5.8256136847e-01
    200000     46.00000000     6.2543724681e-01
    200000     48.00000000     6.6821746205e-01
    200000     50.00000000     7.1069449891e-01
    200000     52.00000000     7.5266234686e-01
    200000     54.00000000     7.9391750335e-01
    200000     56.00000000     8.3425996439e-01
    200000     58.00000000     8.7349419784e-01
    200000     60.00000000     9.1143009483e-01
    200000     62.00000000     9.4788389468e-01
    200000     64.00000000     9.8267907893e-01
    200000     66.00000000     1.0156472300e+00
    200000     68.00000000     1.0466288502e+00
    200000     70.00000000     1.0754741378e+00
    200000     72.00000000     1.1020437149e+00
    200000     74.00000000     1.1262093058e+00
    200000     76.00000000     1.1478543598e+00
    200000     78.00000000     1.1668746179e+00
    200000     80.00000000     1.1831786195e+00
    200000     82.00000000     1.1966881460e+00
    200000     84.00000000     1.2073386009e+00
    200000     86.00000000     1.2150793228e+00
    200000     88.00000000     1.2198738306e+00
    200000     90.00000000     1.2217000000e+00
    250000    -90.00000000     1.2217000000e+00
    250000    -88.00000000     1.2209038974e+00
    250000    -86.00000000     1.2171382015e+00
    250000    -84.00000000     1.2104237831e+00
    250000    -82.00000000     1.2007958728e+00
    250000    -80.00000000     1.1883038862e+00
    250000    -78.00000000     1.1730111803e+00
    250000    -76.00000000     1.1549947414e+00
    250000    -74.00000000     1.1343448071e+00
    250000    -72.00000000     1.1111644241e+00
    250000    -70.00000000     1.0855689426e+00
    250000    -68.00000000     1.0576854518e+00
    250000    -66.00000000     1.0276521575e+00
    250000    -64.00000000     9.9561770625e-01
    250000    -62.00000000     9.6174045808e-01
    250000    -60.00000000     9.2618771223e-01
    250000    -58.00000000     8.8913488935e-01
    250000    -56.00000000     8.5076467425e-01
    250000    -54.00000000     8.1126612312e-01
    250000    -52.00000000     7.7083373998e-01
    250000    -50.00000000     7.2966652648e-01
    250000    -48.00000000     6.8796700995e-01
    250000    -46.00000000     6.4594025422e-01
    250000    -44.00000000     6.0379285821e-01
    250000    -42.00000000     5.6173194673e-01
    250000    -40.00000000     5.1996415849e-01
    250000    -38.00000000     4.7869463523e-01
    250000    -36.00000000     4.3812601533e-01
    250000    -34.00000000     3.9845743265e-01
    250000    -32.00000000     3.5988351628e-01
    250000    -30.00000000     3.2259337565e-01
    250000    -28.00000000     2.8676953329e-01
    250000    -26.00000000     2.5258672609e-01
    250000    -24.00000000     2.2021043196e-01
    250000    -22.00000000     1.8979491527e-01
    250000    -20.00000000     1.6148066715e-01
    250000    -18.00000000     1.3539189052e-01
    250000    -16.00000000     1.1163781562e-01
    250000    -14.00000000     9.0330780065e-02
    250000    -12.00000000     7.1647362773e-02
    250000    -10.00000000     5.5910588783e-02
    250000     -8.00000000     4.3406854602e-02
    250000     -6.00000000     3.3824913661e-02
    250000     -4.00000000     2.6455933767e-02
    250000     -2.00000000     2.0935945415e-02
    250000      0.00000000     1.7213098897e-02
    250000      2.00000000     1.5268355662e-02
    250000      4.00000000     1.5024277954e-02
    250000      6.00000000     1.6426123383e-02
    250000      8.00000000     1.9864380438e-02
    250000     10.00000000     2.6948383581e-02
    250000     12.00000000     3.9805473596e-02
    250000     14.00000000     5.8277172130e-02
    250000     16.00000000     8.0444555285e-02
    250000     18.00000000     1.0509587627e-01
    250000     20.00000000     1.3189498699e-01
    250000     22.00000000     1.6078307759e-01
    250000     24.00000000     1.9171069976e-01
    250000     26.00000000     2.2458565896e-01
    250000     28.00000000     2.5927890060e-01
    250000     30.00000000     2.9563673079e-01
    250000     32.00000000     3.3348940984e-01
    250000     34.00000000     3.7265621009e-01
    250000     36.00000000     4.1294836058e-01
    250000     38.00000000     4.5417091692e-01
    250000     40.00000000     4.9612413159e-01
    250000     42.00000000     5.3860460753e-01
    250000     44.00000000     5.8140636449e-01
    250000     46.00000000     6.2432187295e-01
    250000     48.00000000     6.6714307688e-01
    250000     50.00000000     7.0966241127e-01
    250000     52.00000000     7.5167381414e-01
    250000     54.00000000     7.9297372991e-01
    250000     56.00000000     8.3336210007e-01
    250000     58.00000000     8.7264333654e-01
    250000     60.00000000     9.1062727319e-01
    250000     62.00000000     9.4713009083e-01
    250000     64.00000000     9.8197521125e-01
    250000     66.00000000     1.0149941560e+00
    250000     68.00000000     1.0460273656e+00
    250000     70.00000000     1.0749249754e+00
    250000     72.00000000     1.1015475439e+00
    250000     74.00000000     1.1257667306e+00
    250000     76.00000000     1.1474659195e+00
    250000     78.00000000     1.1665407859e+00
    250000     80.00000000     1.1828998025e+00
    250000     82.00000000     1.1964646837e+00
    250000     84.00000000     1.2071707655e+00
    250000     86.00000000     1.2149673188e+00
    250000     88.00000000     1.2198177945e+00
    250000     90.00000000     1.2217000000e+00
     50000    -90.00000000     1.2217000000e+00
     50000    -88.00000000     1.2211961726e+00
     50000    -86.00000000     1.2177223958e+00
     50000    -84.00000000     1.2112991847e+00
     50000    -82.00000000     1.2019614153e+00
     50000    -80.00000000     1.1897581495e+00
     50000    -78.00000000     1.1747523926e+00
     50000    -76.00000000     1.1570207812e+00
     50000    -74.00000000     1.1366532062e+00
     50000    -72.00000000     1.1137523699e+00
     50000    -70.00000000     1.0884332821e+00
     50000    -68.00000000     1.0608226953e+00
     50000    -66.00000000     1.0310584827e+00
     50000    -64.00000000     9.9928896313e-01
     50000    -62.00000000     9.6567217374e-01
     50000    -60.00000000     9.3037509648e-01
     50000    -58.00000000     8.9357284052e-01
     50000    -56.00000000     8.5544778536e-01
     50000    -54.00000000     8.1618868854e-01
     50000    -52.00000000     7.7598976232e-01
     50000    -50.00000000     7.3504972393e-01
     50000    -48.00000000     6.9357082395e-01
     50000    -46.00000000     6.5175785750e-01
     50000    -44.00000000     6.0981716318e-01
     50000    -42.00000000     5.6795561447e-01
     50000    -40.00000000     5.2637960842e-01
     50000    -38.00000000     4.8529405634e-01
     50000    -36.00000000     4.4490138053e-01
     50000    -34.00000000     4.0540052053e-01
     50000    -32.00000000     3.6698594967e-01
     50000    -30.00000000     3.2984669872e-01
     50000    -28.00000000     2.9416537381e-01
     50000    -26.00000000     2.6011713956e-01
     50000    -24.00000000     2.2786861206e-01
     50000    -22.00000000     1.9757657959e-01
     50000    -20.00000000     1.6938649139e-01
     50000    -18.00000000     1.4343090322e-01
     50000    -16.00000000     1.1982904398e-01
     50000    -14.00000000     9.8691415312e-02
     50000    -12.00000000     8.0138082254e-02
     50000    -10.00000000     6.4332574379e-02
     50000     -8.00000000     5.1451878672e-02
     50000     -6.00000000     4.1405658949e-02
     50000     -4.00000000     3.3657507332e-02
     50000     -2.00000000     2.7755487170e-02
     50000      0.00000000     2.3600234840e-02
     50000      2.00000000     2.1171022699e-02
     50000      4.00000000     2.0406405134e-02
     50000      6.00000000     2.1441630011e-02
     50000      8.00000000     2.5317213687e-02
     50000     10.00000000     3.4190919618e-02
     50000     12.00000000     4.8998630883e-02
     50000     14.00000000     6.8222953136e-02
     50000     16.00000000     9.0303136261e-02
     50000     18.00000000     1.1466878038e-01
     50000     20.00000000     1.4121194677e-01
     50000     22.00000000     1.6989587142e-01
     50000     24.00000000     2.0064957795e-01
     50000     26.00000000     2.3336168468e-01
     50000     28.00000000     2.6789197047e-01
     50000     30.00000000     3.0408118189e-01
     50000     32.00000000     3.4175707692e-01
     50000     34.00000000     3.8073792782e-01
     50000     36.00000000     4.2083466218e-01
     50000     38.00000000     4.6185234999e-01
     50000     40.00000000     5.0359140048e-01
     50000     42.00000000     5.4584863964e-01
     50000     44.00000000     5.8841834394e-01
     50000     46.00000000     6.3109326057e-01
     50000     48.00000000     6.7366562424e-01
     50000     50.00000000     7.1592817222e-01
     50000     52.00000000     7.5767515501e-01
     50000     54.00000000     7.9870333908e-01
     50000     56.00000000     8.3881299692e-01
     50000     58.00000000     8.7780888000e-01
     50000     60.00000000     9.1550116985e-01
     50000     62.00000000     9.5170640258e-01
     50000     64.00000000     9.8624836258e-01
     50000     66.00000000     1.0189589407e+00
     50000     68.00000000     1.0496789533e+00
     50000     70.00000000     1.0782589171e+00
     50000     72.00000000     1.1045597777e+00
     50000     74.00000000     1.1284535865e+00
     50000     76.00000000     1.1498241242e+00
     50000     78.00000000     1.1685674661e+00
     50000     80.00000000     1.1845924890e+00
     50000     82.00000000     1.1978213143e+00
     50000     84.00000000     1.2081896874e+00
     50000     86.00000000     1.2156472905e+00
     50000     88.00000000     1.2201579875e+00
     50000     90.00000000     1.2217000000e+00
    100000    -90.00000000     1.2217000000e+00
    100000    -88.00000000     1.2210951518e+00
    100000    -86.00000000     1.2175204772e+00
    100000    -84.00000000     1.2109966143e+00
    100000    -82.00000000     1.2015585617e+00
    100000    -80.00000000     1.1892555036e+00
    100000    -78.00000000     1.1741505668e+00
    100000    -76.00000000     1.1563205087e+00
    100000    -74.00000000     1.1358553401e+00
    100000    -72.00000000     1.1128578824e+00
    100000    -70.00000000     1.0874432630e+00
    100000    -68.00000000     1.0597383507e+00
    100000    -66.00000000     1.0298811338e+00
    100000    -64.00000000     9.9802004423e-01
    100000    -62.00000000     9.6431323088e-01
    100000    -60.00000000     9.2892778532e-01
    100000    -58.00000000     8.9203892440e-01
    100000    -56.00000000     8.5382913311e-01
    100000    -54.00000000     8.1448727224e-01
    100000    -52.00000000     7.7420765488e-01
    100000    -50.00000000     7.3318909658e-01
    100000    -48.00000000     6.9163394356e-01
    100000    -46.00000000     6.4974708384e-01
    100000    -44.00000000     6.0773494601e-01
    100000    -42.00000000     5.6580449048e-01
    100000    -40.00000000     5.2416219799e-01
    100000    -38.00000000     4.8301305988e-01
    100000    -36.00000000     4.4255957414e-01
    100000    -34.00000000     4.0300074993e-01
    100000    -32.00000000     3.6453112041e-01
    100000    -30.00000000     3.2733975784e-01
    100000    -28.00000000     2.9160927279e-01
    100000    -26.00000000     2.5751475777e-01
    100000    -24.00000000     2.2522260151e-01
    100000    -22.00000000     1.9488906697e-01
    100000    -20.00000000     1.6665856279e-01
    100000    -18.00000000     1.4066189354e-01
    100000    -16.00000000     1.1701615841e-01
    100000    -14.00000000     9.5831864741e-02
    100000    -12.00000000     7.7239148983e-02
    100000    -10.00000000     6.1431511709e-02
    100000     -8.00000000     4.8606331442e-02
    100000     -6.00000000     3.8612115019e-02
    100000     -4.00000000     3.0867543222e-02
    100000     -2.00000000     2.4971631712e-02
    100000      0.00000000     2.0853956833e-02
    100000      2.00000000     1.8494448460e-02
    100000      4.00000000     1.7814024944e-02
    100000      6.00000000     1.8818529713e-02
    100000      8.00000000     2.2171570522e-02
    100000     10.00000000     2.9849948048e-02
    100000     12.00000000     4.3606415692e-02
    100000     14.00000000     6.2521131976e-02
    100000     16.00000000     8.4702396922e-02
    100000     18.00000000     1.0924042497e-01
    100000     20.00000000     1.3592775533e-01
    100000     22.00000000     1.6472524303e-01
    100000     24.00000000     1.9557610628e-01
    100000     26.00000000     2.2837982332e-01
    100000     28.00000000     2.6300221640e-01
    100000     30.00000000     2.9928697397e-01
    100000     32.00000000     3.3706315640e-01
    100000     34.00000000     3.7614954554e-01
    100000     36.00000000     4.1635721330e-01
    100000     38.00000000     4.5749120969e-01
    100000     40.00000000     4.9935184987e-01
    100000     42.00000000     5.4173583111e-01
    100000     44.00000000     5.8443728329e-01
    100000     46.00000000     6.2724879612e-01
    100000     48.00000000     6.6996243914e-01
    100000     50.00000000     7.1237077794e-01
    100000     52.00000000     7.5426788558e-01
    100000     54.00000000     7.9545034569e-01
    100000     56.00000000     8.3571824283e-01
    100000     58.00000000     8.7487613569e-01
    100000     60.00000000     9.1273400840e-01
    100000     62.00000000     9.4910819537e-01
    100000     64.00000000     9.8382227511e-01
    100000     66.00000000     1.0167079288e+00
    100000     68.00000000     1.0476057594e+00
    100000     70.00000000     1.0763660672e+00
    100000     72.00000000     1.1028495779e+00
    100000     74.00000000     1.1269281204e+00
    100000     76.00000000     1.1484852503e+00
    100000     78.00000000     1.1674168157e+00
    100000     80.00000000     1.1836314639e+00
    100000     82.00000000     1.1970510854e+00
    100000     84.00000000     1.2076111931e+00
    100000     86.00000000     1.2152612356e+00
    100000     88.00000000     1.2199648425e+00
    100000     90.00000000     1.2217000000e+00
    150000    -90.00000000     1.2217000000e+00
    150000    -88.00000000     1.2210407367e+00
    150000    -86.00000000     1.2174117132e+00
    150000    -84.00000000     1.2108336341e+00
    150000    -82.00000000     1.2013415637e+00
    150000    -80.00000000     1.1889847523e+00
    150000    -78.00000000     1.1738263920e+00
    150000    -76.00000000     1.1559433054e+00
    150000    -74.00000000     1.1354255678e+00
    150000    -72.00000000     1.1123760647e+00
    150000    -70.00000000     1.0869099870e+00
    150000    -68.00000000     1.0591542660e+00
    150000    -66.00000000     1.0292469521e+00
    150000    -64.00000000     9.9733653822e-01
    150000    -62.00000000     9.6358123327e-01
    150000    -60.00000000     9.2814818793e-01
    150000    -58.00000000     8.9121267704e-01
    150000    -56.00000000     8.5295724245e-01
    150000    -54.00000000     8.1357080054e-01
    150000    -52.00000000     7.7324771871e-01
    150000    -50.00000000     7.3218686548e-01
    150000    -48.00000000     6.9059063859e-01
    150000    -46.00000000     6.4866397609e-01
    150000    -44.00000000     6.0661335503e-01
    150000    -42.00000000     5.6464578265e-01
    150000    -40.00000000     5.2296778468e-01
    150000    -38.00000000     4.8178439547e-01
    150000    -36.00000000     4.4129815343e-01
    150000    -34.00000000     4.0170810441e-01
    150000    -32.00000000     3.6320881181e-01
    150000    -30.00000000     3.2598936557e-01
    150000    -28.00000000     2.9023236792e-01
    150000    -26.00000000     2.5611284881e-01
    150000    -24.00000000     2.2379702418e-01
    150000    -22.00000000     1.9344077395e-01
    150000    -20.00000000     1.6518776619e-01
    150000    -18.00000000     1.3916759822e-01
    150000    -16.00000000     1.1549603837e-01
    150000    -14.00000000     9.4284248530e-02
    150000    -12.00000000     7.5671191009e-02
    150000    -10.00000000     5.9873114027e-02
    150000     -8.00000000     4.7096544860e-02
    150000     -6.00000000     3.7141936830e-02
    150000     -4.00000000     2.9404100020e-02
    150000     -2.00000000     2.3513589931e-02
    150000      0.00000000     1.9415504494e-02
    150000      2.00000000     1.7092233682e-02
    150000      4.00000000     1.6462146301e-02
    150000      6.00000000     1.7481994565e-02
    150000      8.00000000     2.0626491874e-02
    150000     10.00000000     2.7665484103e-02
    150000     12.00000000     4.0697061027e-02
    150000     14.00000000     5.9309789387e-02
    150000     16.00000000     8.1512031256e-02
    150000     18.00000000     1.0615159636e-01
    150000     20.00000000     1.3292996493e-01
    150000     22.00000000     1.6179818417e-01
    150000     24.00000000     1.9270746680e-01
    150000     26.00000000     2.2556464201e-01
    150000     28.00000000     2.6023984106e-01
    150000     30.00000000     2.9657890765e-01
    150000     32.00000000     3.3441187999e-01
    150000     34.00000000     3.7355793935e-01
    150000     36.00000000     4.1382828846e-01
    150000     38.00000000     4.5502798720e-01
    150000     40.00000000     4.9695730648e-01
    150000     42.00000000     5.3941287450e-01
    150000     44.00000000     5.8218873980e-01
    150000     46.00000000     6.2507740379e-01
    150000     48.00000000     6.6787084290e-01
    150000     50.00000000     7.1036152584e-01
    150000     52.00000000     7.5234342553e-01
    150000     54.00000000     7.9361302230e-01
    150000     56.00000000     8.3397029459e-01
    150000     58.00000000     8.7321969220e-01
    150000     60.00000000     9.1117108778e-01
    150000     62.00000000     9.4764070179e-01
    150000     64.00000000     9.8245199650e-01
    150000     66.00000000     1.0154365347e+00
    150000     68.00000000     1.0464347987e+00
    150000     70.00000000     1.0752969665e+00
    150000     72.00000000     1.1018836398e+00
    150000     74.00000000     1.1260665218e+00
    150000     76.00000000     1.1477290409e+00
    150000     78.00000000     1.1667669168e+00
    150000     80.00000000     1.1830886673e+00
    150000     82.00000000     1.1966160524e+00
    150000     84.00000000     1.2072844537e+00
    150000     86.00000000     1.2150431880e+00
    150000     88.00000000     1.2198557522e+00
    150000     90.00000000     1.2217000000e+00
    200000    -90.00000000     1.2217000000e+00
    200000    -88.00000000     1.2210039935e+00
    200000    -86.00000000     1.2173382716e+00
    200000    -84.00000000     1.2107235835e+00
    200000    -82.00000000     1.2011950383e+00
    200000    -80.00000000     1.1888019305e+00
    200000    -78.00000000     1.1736074966e+00
    200000    -76.00000000     1.1556886031e+00
    200000    -74.00000000     1.1351353689e+00
    200000    -72.00000000     1.1120507228e+00
    200000    -70.00000000     1.0865498984e+00
    200000    -68.00000000     1.0587598695e+00
    200000    -66.00000000     1.0288187281e+00
    200000    -64.00000000     9.9687500855e-01
    200000    -62.00000000     9.6308696019e-01
    200000    -60.00000000     9.2762177364e-01
    200000    -58.00000000     8.9065476289e-01
    200000    -56.00000000     8.5236850818e-01
    200000    -54.00000000     8.1295196343e-01
    200000    -52.00000000     7.7259953272e-01
    200000    -50.00000000     7.3151012031e-01
    200000    -48.00000000     6.8988615876e-01
    200000    -46.00000000     6.4793261988e-01
    200000    -44.00000000     6.0585601345e-01
    200000    -42.00000000     5.6386337830e-01
    200000    -40.00000000     5.2216127055e-01
    200000    -38.00000000     4.8095475349e-01
    200000    -36.00000000     4.4044639266e-01
    200000    -34.00000000     4.0083525823e-01
    200000    -32.00000000     3.6231593299e-01
    200000    -30.00000000     3.2507751630e-01
    200000    -28.00000000     2.8930259912e-01
    200000    -26.00000000     2.5516615655e-01
    200000    -24.00000000     2.2283426148e-01
    200000    -22.00000000     1.9246248298e-01
    200000    -20.00000000     1.6419389699e-01
    200000    -18.00000000     1.3815715769e-01
    200000    -16.00000000     1.1446707723e-01
    200000    -14.00000000     9.3235721181e-02
    200000    -12.00000000     7.4610021492e-02
    200000    -10.00000000     5.8824842976e-02
    200000     -8.00000000     4.6090421078e-02
    200000     -6.00000000     3.6167095251e-02
    200000     -4.00000000     2.8435220218e-02
    200000     -2.00000000     2.2548811378e-02
    200000      0.00000000     1.8463439179e-02
    200000      2.00000000     1.6163782543e-02
    200000      4.00000000     1.5568731187e-02
    200000      6.00000000     1.6609775142e-02
    200000      8.00000000     1.9645227384e-02
    200000     10.00000000     2.6271279351e-02
    200000     12.00000000     3.8753235990e-02
    200000     14.00000000     5.7089571624e-02
    200000     16.00000000     7.9281819679e-02
    200000     18.00000000     1.0399170453e-01
    200000     20.00000000     1.3083777340e-01
    200000     22.00000000     1.5975852963e-01
    200000     24.00000000     1.9071030889e-01
    200000     26.00000000     2.2360558624e-01
    200000     28.00000000     2.5831794023e-01
    200000     30.00000000     2.9469497184e-01
    200000     32.00000000     3.3256752851e-01
    200000     34.00000000     3.7175512941e-01
    200000     36.00000000     4.1206909498e-01
    200000     38.00000000     4.5331450349e-01
    200000     40.00000000     4.9529159990e-01
    200000     42.00000000     5.3779696638e-01
    200000     44.00000000     5.8062459568e-01
    200000     46.00000000     6.2356692809e-01
    200000     48.00000000     6.6641587542e-01
    200000     50.00000000     7.0896383908e-01
    200000     52.00000000     7.5100472226e-01
    200000     54.00000000     7.9233493351e-01
    200000     56.00000000     8.3275437742e-01
    200000     58.00000000     8.7206742806e-01
    200000     60.00000000     9.1008388052e-01
    200000     62.00000000     9.4661987601e-01
    200000     64.00000000     9.8149879592e-01
    200000     66.00000000     1.0145521206e+00
    200000     68.00000000     1.0456202487e+00
    200000     70.00000000     1.0745532729e+00
    200000     72.00000000     1.1012117088e+00
    200000     74.00000000     1.1254671719e+00
    200000     76.00000000     1.1472030024e+00
    200000     78.00000000     1.1663148306e+00
    200000     80.00000000     1.1827110842e+00
    200000     82.00000000     1.1963134324e+00
    200000     84.00000000     1.2070571655e+00
    200000     86.00000000     1.2148915085e+00
    200000     88.00000000     1.2197798662e+00
    200000     90.00000000     1.2217000000e+00
    250000    -90.00000000     1.2217000000e+00
    250000    -88.00000000     1.2209764796e+00
    250000    -86.00000000     1.2172832774e+00
    250000    -84.00000000     1.2106411760e+00
    250000    -82.00000000     1.2010853179e+00
    250000    -80.00000000     1.1886650308e+00
    250000    -78.00000000     1.1734435844e+00
    250000    -76.00000000     1.1554978781e+00
    250000    -74.00000000     1.1349180636e+00
    250000    -72.00000000     1.1118071018e+00
    250000    -70.00000000     1.0862802586e+00
    250000    -68.00000000     1.0584645394e+00
    250000    -66.00000000     1.0284980675e+00
    250000    -64.00000000     9.9652940814e-01
    250000    -62.00000000     9.6271684102e-01
    250000    -60.00000000     9.2722758665e-01
    250000    -58.00000000     8.9023698833e-01
    250000    -56.00000000     8.5192765504e-01
    250000    -54.00000000     8.1248856882e-01
    250000    -52.00000000     7.7211416123e-01
    250000    -50.00000000     7.3100336328e-01
    250000    -48.00000000     6.8935863358e-01
    250000    -46.00000000     6.4738496926e-01
    250000    -44.00000000     6.0528890459e-01
    250000    -42.00000000     5.6327750205e-01
    250000    -40.00000000     5.2155734048e-01
    250000    -38.00000000     4.8033350482e-01
    250000    -36.00000000     4.3980858079e-01
    250000    -34.00000000     4.0018165653e-01
    250000    -32.00000000     3.6164732862e-01
    250000    -30.00000000     3.2439470193e-01
    250000    -28.00000000     2.8860635534e-01
    250000    -26.00000000     2.5445721492e-01
    250000    -24.00000000     2.2211322965e-01
    250000    -22.00000000     1.9172970305e-01
    250000    -20.00000000     1.6344921062e-01
    250000    -18.00000000     1.3739962433e-01
    250000    -16.00000000     1.1369502244e-01
    250000    -14.00000000     9.2448494179e-02
    250000    -12.00000000     7.3814298962e-02
    250000    -10.00000000     5.8043136712e-02
    250000     -8.00000000     4.5345805076e-02
    250000     -6.00000000     3.5448119642e-02
    250000     -4.00000000     2.7721237302e-02
    250000     -2.00000000     2.1838008071e-02
    250000      0.00000000     1.7761806499e-02
    250000      2.00000000     1.5479278982e-02
    250000      4.00000000     1.4910711302e-02
    250000      6.00000000     1.5972614582e-02
    250000      8.00000000     1.8943437409e-02
    250000     10.00000000     2.5276152268e-02
    250000     12.00000000     3.7318479088e-02
    250000     14.00000000     5.5402893750e-02
    250000     16.00000000     7.7569692233e-02
    250000     18.00000000     1.0233203038e-01
    250000     20.00000000     1.2923234838e-01
    250000     22.00000000     1.5819535878e-01
    250000     24.00000000     1.8918083515e-01
    250000     26.00000000     2.2210585789e-01
    250000     28.00000000     2.5684691830e-01
    250000     30.00000000     2.9325312492e-01
    250000     32.00000000     3.3115602702e-01
    250000     34.00000000     3.7037544104e-01
    250000     36.00000000     4.1072279485e-01
    250000     38.00000000     4.5200318823e-01
    250000     40.00000000     4.9401684947e-01
    250000     42.00000000     5.3656032680e-01
    250000     44.00000000     5.7942757082e-01
    250000     46.00000000     6.2241097526e-01
    250000     48.00000000     6.6530240255e-01
    250000     50.00000000     7.0789420259e-01
    250000     52.00000000     7.4998022530e-01
    250000     54.00000000     7.9135682424e-01
    250000     56.00000000     8.3182384750e-01
    250000     58.00000000     8.7118561120e-01
    250000     60.00000000     9.0925185109e-01
    250000     62.00000000     9.4583864769e-01
    250000     64.00000000     9.8076932052e-01
    250000     66.00000000     1.0138752869e+00
    250000     68.00000000     1.0449968813e+00
    250000     70.00000000     1.0739841313e+00
    250000     72.00000000     1.1006974863e+00
    250000     74.00000000     1.1250084951e+00
    250000     76.00000000     1.1468004301e+00
    250000     78.00000000     1.1659688533e+00
    250000     80.00000000     1.1824221234e+00
    250000     82.00000000     1.1960818401e+00
    250000     84.00000000     1.2068832240e+00
    250000     86.00000000     1.2147754296e+00
    250000     88.00000000     1.2197217914e+00
    250000     90.00000000     1.2217000000e+00
     50000    -90.00000000     1.2217000000e+00
     50000    -88.00000000     1.2212833775e+00
     50000    -86.00000000     1.2178966993e+00
     50000    -84.00000000     1.2115603745e+00
     50000    -82.00000000     1.2023091731e+00
     50000    -80.00000000     1.1901920518e+00
     50000    -78.00000000     1.1752719106e+00
     50000    -76.00000000     1.1576252820e+00
     50000    -74.00000000     1.1373419532e+00
     50000    -72.00000000     1.1145245241e+00
     50000    -70.00000000     1.0892879027e+00
     50000    -68.00000000     1.0617587410e+00
     50000    -66.00000000     1.0320748132e+00
     50000    -64.00000000     1.0003843401e+00
     50000    -62.00000000     9.6684526271e-01
     50000    -60.00000000     9.3162446817e-01
     50000    -58.00000000     8.9489697278e-01
     50000    -56.00000000     8.5684506494e-01
     50000    -54.00000000     8.1765741306e-01
     50000    -52.00000000     7.7752814237e-01
     50000    -50.00000000     7.3665588524e-01
     50000    -48.00000000     6.9524280965e-01
     50000    -46.00000000     6.5349363057e-01
     50000    -44.00000000     6.1161460892e-01
     50000    -42.00000000     5.6981254314e-01
     50000    -40.00000000     5.2829375810e-01
     50000    -38.00000000     4.8726309614e-01
     50000    -36.00000000     4.4692291458e-01
     50000    -34.00000000     4.0747209364e-01
     50000    -32.00000000     3.6910505714e-01
     50000    -30.00000000     3.3201080540e-01
     50000    -28.00000000     2.9637195449e-01
     50000    -26.00000000     2.6236376626e-01
     50000    -24.00000000     2.3015314120e-01
     50000    -22.00000000     1.9989754021e-01
     50000    -20.00000000     1.7174384477e-01
     50000    -18.00000000     1.4582738551e-01
     50000    -16.00000000     1.2227207539e-01
     50000    -14.00000000     1.0119423191e-01
     50000    -12.00000000     8.2714355209e-02
     50000    -10.00000000     6.6971394173e-02
     50000     -8.00000000     5.4071654314e-02
     50000     -6.00000000     4.3843598181e-02
     50000     -4.00000000     3.5725811634e-02
     50000     -2.00000000     2.9317377697e-02
     50000      0.00000000     2.4612801367e-02
     50000      2.00000000     2.1649830363e-02
     50000      4.00000000     2.0364715992e-02
     50000      6.00000000     2.0790310090e-02
     50000      8.00000000     2.3717865230e-02
     50000     10.00000000     3.1305270426e-02
     50000     12.00000000     4.5204194132e-02
     50000     14.00000000     6.4228641427e-02
     50000     16.00000000     8.6435320722e-02
     50000     18.00000000     1.1096114499e-01
     50000     20.00000000     1.3762585107e-01
     50000     22.00000000     1.6639824731e-01
     50000     24.00000000     1.9722292349e-01
     50000     26.00000000     2.2999921677e-01
     50000     28.00000000     2.6459265869e-01
     50000     30.00000000     3.0084675300e-01
     50000     32.00000000     3.3859047783e-01
     50000     34.00000000     3.7764259596e-01
     50000     36.00000000     4.1781419409e-01
     50000     38.00000000     4.5891035427e-01
     50000     40.00000000     5.0073143273e-01
     50000     42.00000000     5.4307417283e-01
     50000     44.00000000     5.8573275383e-01
     50000     46.00000000     6.2849981737e-01
     50000     48.00000000     6.7116748700e-01
     50000     50.00000000     7.1352838426e-01
     50000     52.00000000     7.5537664002e-01
     50000     54.00000000     7.9650889740e-01
     50000     56.00000000     8.3672530212e-01
     50000     58.00000000     8.7583047563e-01
     50000     60.00000000     9.1363446627e-01
     50000     62.00000000     9.4995367409e-01
     50000     64.00000000     9.8461174460e-01
     50000     66.00000000     1.0174404272e+00
     50000     68.00000000     1.0482803943e+00
     50000     70.00000000     1.0769820166e+00
     50000     72.00000000     1.1034060914e+00
     50000     74.00000000     1.1274245201e+00
     50000     76.00000000     1.1489209312e+00
     50000     78.00000000     1.1677912471e+00
     50000     80.00000000     1.1839441897e+00
     50000     82.00000000     1.1973017244e+00
     50000     84.00000000     1.2077994400e+00
     50000     86.00000000     1.2153868611e+00
     50000     88.00000000     1.2200276935e+00
     50000     90.00000000     1.2217000000e+00
    100000    -90.00000000     1.2217000000e+00
    100000    -88.00000000     1.2211897998e+00
    100000    -86.00000000     1.2177096579e+00
    100000    -84.00000000     1.2112800972e+00
    100000    -82.00000000     1.2019360014e+00
    100000    -80.00000000     1.1897264403e+00
    100000    -78.00000000     1.1747144267e+00
    100000    -76.00000000     1.1569766048e+00
    100000    -74.00000000     1.1366028731e+00
    100000    -72.00000000     1.1136959415e+00
    100000    -70.00000000     1.0883708271e+00
    100000    -68.00000000     1.0607542898e+00
    100000    -66.00000000     1.0309842101e+00
    100000    -64.00000000     9.9920891388e-01
    100000    -62.00000000     9.6558644536e-01
    100000    -60.00000000     9.3028379342e-01
    100000    -58.00000000     8.9347607402e-01
    100000    -56.00000000     8.5534567332e-01
    100000    -54.00000000     8.1608135536e-01
    100000    -52.00000000     7.7587733877e-01
    100000    -50.00000000     7.3493234699e-01
    100000    -48.00000000     6.9344863662e-01
    100000    -46.00000000     6.5163100866e-01
    100000    -44.00000000     6.0968580741e-01
    100000    -42.00000000     5.6781991186e-01
    100000    -40.00000000     5.2623972449e-01
    100000    -38.00000000     4.8515016193e-01
    100000    -36.00000000     4.4475365206e-01
    100000    -34.00000000     4.0524914073e-01
    100000    -32.00000000     3.6683110988e-01
    100000    -30.00000000     3.2968860473e-01
    100000    -28.00000000     2.9400426060e-01
    100000    -26.00000000     2.5995330694e-01
    100000    -24.00000000     2.2770250937e-01
    100000    -22.00000000     1.9740900127e-01
    100000    -20.00000000     1.6921901175e-01
    100000    -18.00000000     1.4326678545e-01
    100000    -16.00000000     1.1967492848e-01
    100000    -14.00000000     9.8559617368e-02
    100000    -12.00000000     8.0046187711e-02
    100000    -10.00000000     6.4286095721e-02
    100000     -8.00000000     5.1384661319e-02
    100000     -6.00000000     4.1123076851e-02
    100000     -4.00000000     3.2940277301e-02
    100000     -2.00000000     2.6510333067e-02
    100000      0.00000000     2.1841790366e-02
    100000      2.00000000     1.8954342248e-02
    100000      4.00000000     1.7768892982e-02
    100000      6.00000000     1.8224581772e-02
    100000      8.00000000     2.0767630311e-02
    100000     10.00000000     2.7191549997e-02
    100000     12.00000000     3.9785133862e-02
    100000     14.00000000     5.8270283922e-02
    100000     16.00000000     8.0517298040e-02
    100000     18.00000000     1.0522743689e-01
    100000     20.00000000     1.3205755991e-01
    100000     22.00000000     1.6095917001e-01
    100000     24.00000000     1.9189127360e-01
    100000     26.00000000     2.2476638430e-01
    100000     28.00000000     2.5945773646e-01
    100000     30.00000000     2.9581267763e-01
    100000     32.00000000     3.3366192489e-01
    100000     34.00000000     3.7282494734e-01
    100000     36.00000000     4.1311305893e-01
    100000     38.00000000     4.5433135322e-01
    100000     40.00000000     4.9628010133e-01
    100000     42.00000000     5.3875591708e-01
    100000     44.00000000     5.8155282806e-01
    100000     46.00000000     6.2446331153e-01
    100000     48.00000000     6.6727931792e-01
    100000     50.00000000     7.0979328869e-01
    100000     52.00000000     7.5179916845e-01
    100000     54.00000000     7.9309340838e-01
    100000     56.00000000     8.3347595687e-01
    100000     58.00000000     8.7275123297e-01
    100000     60.00000000     9.1072907778e-01
    100000     62.00000000     9.4722567954e-01
    100000     64.00000000     9.8206446764e-01
    100000     66.00000000     1.0150769713e+00
    100000     68.00000000     1.0461036390e+00
    100000     70.00000000     1.0749946139e+00
    100000     72.00000000     1.1016104626e+00
    100000     74.00000000     1.1258228529e+00
    100000     76.00000000     1.1475151771e+00
    100000     78.00000000     1.1665831187e+00
    100000     80.00000000     1.1829351588e+00
    100000     82.00000000     1.1964930206e+00
    100000     84.00000000     1.2071920485e+00
    100000     86.00000000     1.2149815218e+00
    100000     88.00000000     1.2198249003e+00
    100000     90.00000000     1.2217000000e+00
    150000    -90.00000000     1.2217000000e+00
    150000    -88.00000000     1.2211397397e+00
    150000    -86.00000000     1.2176095988e+00
    150000    -84.00000000     1.2111301610e+00
    150000    -82.00000000     1.2017363707e+00
    150000    -80.00000000     1.1894773584e+00
    150000    -78.00000000     1.1744161969e+00
    150000    -76.00000000     1.1566295907e+00
    150000    -74.00000000     1.1362074973e+00
    150000    -72.00000000     1.1132526857e+00
    150000    -70.00000000     1.0878802315e+00
    150000    -68.00000000     1.0602169520e+00
    150000    -66.00000000     1.0304007847e+00
    150000    -64.00000000     9.9858011179e-01
    150000    -62.00000000     9.6491303266e-01
    150000    -60.00000000     9.2956659055e-01
    150000    -58.00000000     8.9271595479e-01
    150000    -56.00000000     8.5454356381e-01
    150000    -54.00000000     8.1523823282e-01
    150000    -52.00000000     7.7499423042e-01
    150000    -50.00000000     7.3401032875e-01
    150000    -48.00000000     6.9248883183e-01
    150000    -46.00000000     6.5063458669e-01
    150000    -44.00000000     6.0865398220e-01
    150000    -42.00000000     5.6675394047e-01
    150000    -40.00000000     5.2514090541e-01
    150000    -38.00000000     4.8401983335e-01
    150000    -36.00000000     4.4359318967e-01
    150000    -34.00000000     4.0405995474e-01
    150000    -32.00000000     3.6561464021e-01
    150000    -30.00000000     3.2844631209e-01
    150000    -28.00000000     2.9273760851e-01
    150000    -26.00000000     2.5866372513e-01
    150000    -24.00000000     2.2639132064e-01
    150000    -22.00000000     1.9607728416e-01
    150000    -20.00000000     1.6786737118e-01
    150000    -18.00000000     1.4189505747e-01
    150000    -16.00000000     1.1828208210e-01
    150000    -14.00000000     9.7144790239e-02
    150000    -12.00000000     7.8612729882e-02
    150000    -10.00000000     6.2847364483e-02
    150000     -8.00000000     4.9953283604e-02
    150000     -6.00000000     3.9681328872e-02
    150000     -4.00000000     3.1472718624e-02
    150000     -2.00000000     2.5038140002e-02
    150000      0.00000000     2.0390171868e-02
    150000      2.00000000     1.7541799475e-02
    150000      4.00000000     1.6412200832e-02
    150000      6.00000000     1.6908406651e-02
    150000      8.00000000     1.9316931022e-02
    150000     10.00000000     2.5160469254e-02
    150000     12.00000000     3.6914323699e-02
    150000     14.00000000     5.4935718335e-02
    150000     16.00000000     7.7144108258e-02
    150000     18.00000000     1.0195669791e-01
    150000     20.00000000     1.2889065939e-01
    150000     22.00000000     1.5787335979e-01
    150000     24.00000000     1.8887072076e-01
    150000     26.00000000     2.2180395055e-01
    150000     28.00000000     2.5655171808e-01
    150000     30.00000000     2.9296416715e-01
    150000     32.00000000     3.3087331019e-01
    150000     34.00000000     3.7009916108e-01
    150000     36.00000000     4.1045322696e-01
    150000     38.00000000     4.5174063578e-01
    150000     40.00000000     4.9376162222e-01
    150000     42.00000000     5.3631273166e-01
    150000     44.00000000     5.7918790784e-01
    150000     46.00000000     6.2217953579e-01
    150000     48.00000000     6.6507946832e-01
    150000     50.00000000     7.0768004512e-01
    150000     52.00000000     7.4977510545e-01
    150000     54.00000000     7.9116099192e-01
    150000     56.00000000     8.3163754129e-01
    150000     58.00000000     8.7100905809e-01
    150000     60.00000000     9.0908526617e-01
    150000     62.00000000     9.4568223393e-01
    150000     64.00000000     9.8062326848e-01
    150000     66.00000000     1.0137397745e+00
    150000     68.00000000     1.0448720736e+00
    150000     70.00000000     1.0738701805e+00
    150000     72.00000000     1.1005945311e+00
    150000     74.00000000     1.1249166611e+00
    150000     76.00000000     1.1467198290e+00
    150000     78.00000000     1.1658995834e+00
    150000     80.00000000     1.1823642691e+00
    150000     82.00000000     1.1960354719e+00
    150000     84.00000000     1.2068483983e+00
    150000     86.00000000     1.2147521888e+00
    150000     88.00000000     1.2197101639e+00
    150000     90.00000000     1.2217000000e+00
    200000    -90.00000000     1.2217000000e+00
    200000    -88.00000000     1.2211060867e+00
    200000    -86.00000000     1.2175423338e+00
    200000    -84.00000000     1.2110293659e+00
    200000    -82.00000000     1.2016021684e+00
    200000    -80.00000000     1.1893099123e+00
    200000    -78.00000000     1.1742157112e+00
    200000    -76.00000000     1.1563963095e+00
    200000    -74.00000000     1.1359417048e+00
    200000    -72.00000000     1.1129547059e+00
    200000    -70.00000000     1.0875504272e+00
    200000    -68.00000000     1.0598557251e+00
    200000    -66.00000000     1.0300085754e+00
    200000    -64.00000000     9.9815739787e-01
    200000    -62.00000000     9.6446032914e-01
    200000    -60.00000000     9.2908444897e-01
    200000    -58.00000000     8.9220496256e-01
    200000    -56.00000000     8.5400434351e-01
    200000    -54.00000000     8.1467144140e-01
    200000    -52.00000000     7.7440055843e-01
    200000    -50.00000000     7.3339049948e-01
    200000    -48.00000000     6.9184360045e-01
    200000    -46.00000000     6.4996473930e-01
    200000    -44.00000000     6.0796033489e-01
    200000    -42.00000000     5.6603733827e-01
    200000    -40.00000000     5.2440222122e-01
    200000    -38.00000000     4.8325996669e-01
    200000    -36.00000000     4.4281306513e-01
    200000    -34.00000000     4.0326051985e-01
    200000    -32.00000000     3.6479686171e-01
    200000    -30.00000000     3.2761116894e-01
    200000    -28.00000000     2.9188607760e-01
    200000    -26.00000000     2.5779675190e-01
    200000    -24.00000000     2.2550976017e-01
    200000    -22.00000000     1.9518179101e-01
    200000    -20.00000000     1.6695821681e-01
    200000    -18.00000000     1.4097190240e-01
    200000    -16.00000000     1.1734393509e-01
    200000    -14.00000000     9.6190965908e-02
    200000    -12.00000000     7.7646377417e-02
    200000    -10.00000000     6.1880175953e-02
    200000     -8.00000000     4.8995886819e-02
    200000     -6.00000000     3.8720932148e-02
    200000     -4.00000000     3.0498743845e-02
    200000     -2.00000000     2.4063385065e-02
    200000      0.00000000     1.9429396772e-02
    200000      2.00000000     1.6606430272e-02
    200000      4.00000000     1.5514596909e-02
    200000      6.00000000     1.6045880385e-02
    200000      8.00000000     1.8392673724e-02
    200000     10.00000000     2.3877994413e-02
    200000     12.00000000     3.5022163882e-02
    200000     14.00000000     5.2643970327e-02
    200000     16.00000000     7.4787033944e-02
    200000     18.00000000     9.9666453435e-02
    200000     20.00000000     1.2667704483e-01
    200000     22.00000000     1.5572017961e-01
    200000     24.00000000     1.8676531095e-01
    200000     26.00000000     2.1974018435e-01
    200000     28.00000000     2.5452778282e-01
    200000     30.00000000     2.9098051960e-01
    200000     32.00000000     3.2893147424e-01
    200000     34.00000000     3.6820111785e-01
    200000     36.00000000     4.0860112708e-01
    200000     38.00000000     4.4993666893e-01
    200000     40.00000000     4.9200795914e-01
    200000     42.00000000     5.3461149806e-01
    200000     44.00000000     5.7754117212e-01
    200000     46.00000000     6.2058930257e-01
    200000     48.00000000     6.6354767441e-01
    200000     50.00000000     7.0620855653e-01
    200000     52.00000000     7.4836571487e-01
    200000     54.00000000     7.8981541643e-01
    200000     56.00000000     8.3035742027e-01
    200000     58.00000000     8.6979595115e-01
    200000     60.00000000     9.0794065130e-01
    200000     62.00000000     9.4460750567e-01
    200000     64.00000000     9.7961973621e-01
    200000     66.00000000     1.0128086609e+00
    200000     68.00000000     1.0440145131e+00
    200000     70.00000000     1.0730872178e+00
    200000     72.00000000     1.0998871202e+00
    200000     74.00000000     1.1242856639e+00
    200000     76.00000000     1.1461660142e+00
    200000     78.00000000     1.1654236257e+00
    200000     80.00000000     1.1819667485e+00
    200000     82.00000000     1.1957168727e+00
    200000     84.00000000     1.2066091086e+00
    200000     86.00000000     1.2145925002e+00
    200000     88.00000000     1.2196302710e+00
    200000     90.00000000     1.2217000000e+00
    250000    -90.00000000     1.2217000000e+00
    250000    -88.00000000     1.2210809699e+00
    250000    -86.00000000     1.2174921306e+00
    250000    -84.00000000     1.2109541376e+00
    250000    -82.00000000     1.2015020067e+00
    250000    -80.00000000     1.1891849391e+00
    250000    -78.00000000     1.1740660788e+00
    250000    -76.00000000     1.1562222002e+00
    250000    -74.00000000     1.1357433308e+00
    250000    -72.00000000     1.1127323088e+00
    250000    -70.00000000     1.0873042780e+00
    250000    -68.00000000     1.0595861237e+00
    250000    -66.00000000     1.0297158503e+00
    250000    -64.00000000     9.9784190562e-01
    250000    -62.00000000     9.6412245416e-01
    250000    -60.00000000     9.2872460292e-01
    250000    -58.00000000     8.9182358385e-01
    250000    -56.00000000     8.5360189679e-01
    250000    -54.00000000     8.1424841700e-01
    250000    -52.00000000     7.7395747172e-01
    250000    -50.00000000     7.3292789031e-01
    250000    -48.00000000     6.9136203243e-01
    250000    -46.00000000     6.4946479914e-01
    250000    -44.00000000     6.0744263167e-01
    250000    -42.00000000     5.6550250267e-01
    250000    -40.00000000     5.2385090472e-01
    250000    -38.00000000     4.8269284057e-01
    250000    -36.00000000     4.4223081936e-01
    250000    -34.00000000     4.0266386125e-01
    250000    -32.00000000     3.6418651103e-01
    250000    -30.00000000     3.2698785491e-01
    250000    -28.00000000     2.9125052488e-01
    250000    -26.00000000     2.5714965603e-01
    250000    -24.00000000     2.2485173759e-01
    250000    -22.00000000     1.9451328544e-01
    250000    -20.00000000     1.6627934555e-01
    250000    -18.00000000     1.4028226957e-01
    250000    -16.00000000     1.1664262425e-01
    250000    -14.00000000     9.5477441368e-02
    250000    -12.00000000     7.6923664708e-02
    250000    -10.00000000     6.1158824477e-02
    250000     -8.00000000     4.8285023617e-02
    250000     -6.00000000     3.8010193915e-02
    250000     -4.00000000     2.9779843194e-02
    250000     -2.00000000     2.3344971040e-02
    250000      0.00000000     1.8721375248e-02
    250000      2.00000000     1.5916811673e-02
    250000      4.00000000     1.4853028592e-02
    250000      6.00000000     1.5413948766e-02
    250000      8.00000000     1.7729405345e-02
    250000     10.00000000     2.2968930940e-02
    250000     12.00000000     3.3640679208e-02
    250000     14.00000000     5.0912412166e-02
    250000     16.00000000     7.2978932888e-02
    250000     18.00000000     9.7905067887e-02
    250000     20.00000000     1.2497657317e-01
    250000     22.00000000     1.5406839330e-01
    250000     24.00000000     1.8515157293e-01
    250000     26.00000000     2.1815908761e-01
    250000     28.00000000     2.5297754220e-01
    250000     30.00000000     2.8946128993e-01
    250000     32.00000000     3.2744433294e-01
    250000     34.00000000     3.6674754259e-01
    250000     36.00000000     4.0718274793e-01
    250000     38.00000000     4.4855515574e-01
    250000     40.00000000     4.9066497140e-01
    250000     42.00000000     5.3330866251e-01
    250000     44.00000000     5.7628007232e-01
    250000     46.00000000     6.1937147351e-01
    250000     48.00000000     6.6237459926e-01
    250000     50.00000000     7.0508166428e-01
    250000     52.00000000     7.4728637839e-01
    250000     54.00000000     7.8878495070e-01
    250000     56.00000000     8.2937708073e-01
    250000     58.00000000     8.6886693220e-01
    250000     60.00000000     9.0706408480e-01
    250000     62.00000000     9.4378445958e-01
    250000     64.00000000     9.7885121329e-01
    250000     66.00000000     1.0120955974e+00
    250000     68.00000000     1.0433577779e+00
    250000     70.00000000     1.0724876110e+00
    250000     72.00000000     1.0993453724e+00
    250000     74.00000000     1.1238024349e+00
    250000     76.00000000     1.1457418930e+00
    250000     78.00000000     1.1650591289e+00
    250000     80.00000000     1.1816623201e+00
    250000     82.00000000     1.1954728837e+00
    250000     84.00000000     1.2064258563e+00
    250000     86.00000000     1.2144702079e+00
    250000     88.00000000     1.2195690875e+00
    250000     90.00000000     1.2217000000e+00
     50000    -90.00000000     1.2217000000e+00
     50000    -88.00000000     1.2212280565e+00
     50000    -86.00000000     1.2177861247e+00
     50000    -84.00000000     1.2113946810e+00
     50000    -82.00000000     1.2020885625e+00
     50000    -80.00000000     1.1899167929e+00
     50000    -78.00000000     1.1749423388e+00
     50000    -76.00000000     1.1572417989e+00
     50000    -74.00000000     1.1369050259e+00
     50000    -72.00000000     1.1140346850e+00
     50000    -70.00000000     1.0887457486e+00
     50000    -68.00000000     1.0611649324e+00
     50000    -66.00000000     1.0314300736e+00
     50000    -64.00000000     9.9968945501e-01
     50000    -62.00000000     9.6610107868e-01
     50000    -60.00000000     9.3083189192e-01
     50000    -58.00000000     8.9405696993e-01
     50000    -56.00000000     8.5595865890e-01
     50000    -54.00000000     8.1672568379e-01
     50000    -52.00000000     7.7655222503e-01
     50000    -50.00000000     7.3563696884e-01
     50000    -48.00000000     6.9418213558e-01
     50000    -46.00000000     6.5239249108e-01
     50000    -44.00000000     6.1047434553e-01
     50000    -42.00000000     5.6863454498e-01
     50000    -40.00000000     5.2707946012e-01
     50000    -38.00000000     4.8601397704e-01
     50000    -36.00000000     4.4564049435e-01
     50000    -34.00000000     4.0615793008e-01
     50000    -32.00000000     3.6776073983e-01
     50000    -30.00000000     3.3063794417e-01
     50000    -28.00000000     2.9497215506e-01
     50000    -26.00000000     2.6093857770e-01
     50000    -24.00000000     2.2870394342e-01
     50000    -22.00000000     1.9842531054e-01
     50000    -20.00000000     1.7024870052e-01
     50000    -18.00000000     1.4430777177e-01
     50000    -16.00000000     1.2072359082e-01
     50000    -14.00000000     9.9608831997e-02
     50000    -12.00000000     8.1083161773e-02
     50000    -10.00000000     6.5298681653e-02
     50000     -8.00000000     5.2402137302e-02
     50000     -6.00000000     4.2274017150e-02
     50000     -4.00000000     3.4378769231e-02
     50000     -2.00000000     2.8289119630e-02
     50000      0.00000000     2.3936122873e-02
     50000      2.00000000     2.1315716466e-02
     50000      4.00000000     2.0363061878e-02
     50000      6.00000000     2.1173641296e-02
     50000      8.00000000     2.4699699617e-02
     50000     10.00000000     3.3119915818e-02
     50000     12.00000000     4.7631025238e-02
     50000     14.00000000     6.6802309523e-02
     50000     16.00000000     8.8931188737e-02
     50000     18.00000000     1.1335259722e-01
     50000     20.00000000     1.3993746774e-01
     50000     22.00000000     1.6865190643e-01
     50000     24.00000000     1.9943036768e-01
     50000     26.00000000     2.3216508066e-01
     50000     28.00000000     2.6671773763e-01
     50000     30.00000000     3.0292999575e-01
     50000     32.00000000     3.4063001335e-01
     50000     34.00000000     3.7963622191e-01
     50000     36.00000000     4.1975959891e-01
     50000     38.00000000     4.6080521579e-01
     50000     40.00000000     5.0257346168e-01
     50000     42.00000000     5.4486113270e-01
     50000     44.00000000     5.8746247052e-01
     50000     46.00000000     6.3017018467e-01
     50000     48.00000000     6.7277647027e-01
     50000     50.00000000     7.1507402339e-01
     50000     52.00000000     7.5685705195e-01
     50000     54.00000000     7.9792227849e-01
     50000     56.00000000     8.3806993041e-01
     50000     58.00000000     8.7710471288e-01
     50000     60.00000000     9.1483676003e-01
     50000     62.00000000     9.5108255955e-01
     50000     64.00000000     9.8566584639e-01
     50000     66.00000000     1.0184184611e+00
     50000     68.00000000     1.0491811687e+00
     50000     70.00000000     1.0778044340e+00
     50000     72.00000000     1.1041491498e+00
     50000     74.00000000     1.1280873142e+00
     50000     76.00000000     1.1495026536e+00
     50000     78.00000000     1.1682911890e+00
     50000     80.00000000     1.1843617419e+00
     50000     82.00000000     1.1976363783e+00
     50000     84.00000000     1.2080507879e+00
     50000     86.00000000     1.2155545967e+00
     50000     88.00000000     1.2201116124e+00
     50000     90.00000000     1.2217000000e+00
    100000    -90.00000000     1.2217000000e+00
    100000    -88.00000000     1.2211297582e+00
    100000    -86.00000000     1.2175896478e+00
    100000    -84.00000000     1.2111002649e+00
    100000    -82.00000000     1.2016965660e+00
    100000    -80.00000000     1.1894276934e+00
    100000    -78.00000000     1.1743567323e+00
    100000    -76.00000000     1.1565603988e+00
    100000    -74.00000000     1.1361286625e+00
    100000    -72.00000000     1.1131643041e+00
    100000    -70.00000000     1.0877824107e+00
    100000    -68.00000000     1.0601098111e+00
    100000    -66.00000000     1.0302844544e+00
    100000    -64.00000000     9.9845473374e-01
    100000    -62.00000000     9.6477875961e-01
    100000    -60.00000000     9.2942358610e-01
    100000    -58.00000000     8.9256439316e-01
    100000    -56.00000000     8.5438362966e-01
    100000    -54.00000000     8.1507012101e-01
    100000    -52.00000000     7.7481814576e-01
    100000    -50.00000000     7.3382648577e-01
    100000    -48.00000000     6.9229745452e-01
    100000    -46.00000000     6.5043590819e-01
    100000    -44.00000000     6.0844824456e-01
    100000    -42.00000000     5.6654139428e-01
    100000    -40.00000000     5.2492180948e-01
    100000    -38.00000000     4.8379445422e-01
    100000    -36.00000000     4.4336180094e-01
    100000    -34.00000000     4.0382283586e-01
    100000    -32.00000000     3.6537207391e-01
    100000    -30.00000000     3.2819857867e-01
    100000    -28.00000000     2.9248497258e-01
    100000    -26.00000000     2.5840640465e-01
    100000    -24.00000000     2.2612941569e-01
    100000    -22.00000000     1.9581061710e-01
    100000    -20.00000000     1.6759514266e-01
    100000    -18.00000000     1.4161515767e-01
    100000    -16.00000000     1.1798990079e-01
    100000    -14.00000000     9.6831901528e-02
    100000    -12.00000000     7.8268548172e-02
    100000    -10.00000000     6.2474628560e-02
    100000     -8.00000000     4.9609875177e-02
    100000     -6.00000000     3.9502448778e-02
    100000     -4.00000000     3.1588979614e-02
    100000     -2.00000000     2.5497885939e-02
    100000      0.00000000     2.1182670098e-02
    100000      2.00000000     1.8634232485e-02
    100000      4.00000000     1.7771878941e-02
    100000      6.00000000     1.8575087588e-02
    100000      8.00000000     2.1627333054e-02
    100000     10.00000000     2.8853964146e-02
    100000     12.00000000     4.2218931268e-02
    100000     14.00000000     6.1005042190e-02
    100000     16.00000000     8.3217501810e-02
    100000     18.00000000     1.0781641525e-01
    100000     20.00000000     1.3455288158e-01
    100000     22.00000000     1.6338622485e-01
    100000     24.00000000     1.9426534814e-01
    100000     26.00000000     2.2709415617e-01
    100000     28.00000000     2.6174094559e-01
    100000     30.00000000     2.9805061622e-01
    100000     32.00000000     3.3585277333e-01
    100000     34.00000000     3.7496642281e-01
    100000     36.00000000     4.1520271362e-01
    100000     38.00000000     4.5636670738e-01
    100000     40.00000000     4.9825870193e-01
    100000     42.00000000     5.4067536418e-01
    100000     44.00000000     5.8341078733e-01
    100000     46.00000000     6.2625752097e-01
    100000     48.00000000     6.6900759220e-01
    100000     50.00000000     7.1145352242e-01
    100000     52.00000000     7.5338933898e-01
    100000     54.00000000     7.9461157836e-01
    100000     56.00000000     8.3492027668e-01
    100000     58.00000000     8.7411994291e-01
    100000     60.00000000     9.1202051030e-01
    100000     62.00000000     9.4843826123e-01
    100000     64.00000000     9.8319672115e-01
    100000     66.00000000     1.0161275172e+00
    100000     68.00000000     1.0470711973e+00
    100000     70.00000000     1.0758780057e+00
    100000     72.00000000     1.1024086118e+00
    100000     74.00000000     1.1265347870e+00
    100000     76.00000000     1.1481400287e+00
    100000     78.00000000     1.1671201265e+00
    100000     80.00000000     1.1833836686e+00
    100000     82.00000000     1.1968524859e+00
    100000     84.00000000     1.2074620314e+00
    100000     86.00000000     1.2151616934e+00
    100000     88.00000000     1.2199150410e+00
    100000     90.00000000     1.2217000000e+00
    150000    -90.00000000     1.2217000000e+00
    150000    -88.00000000     1.2210769335e+00
    150000    -86.00000000     1.2174840628e+00
    150000    -84.00000000     1.2109420482e+00
    150000    -82.00000000     1.2014859103e+00
    150000    -80.00000000     1.1891648555e+00
    150000    -78.00000000     1.1740420323e+00
    150000    -76.00000000     1.1561942202e+00
    150000    -74.00000000     1.1357114514e+00
    150000    -72.00000000     1.1126965688e+00
    150000    -70.00000000     1.0872647210e+00
    150000    -68.00000000     1.0595427978e+00
    150000    -66.00000000     1.0296688084e+00
    150000    -64.00000000     9.9779120493e-01
    150000    -62.00000000     9.6406815649e-01
    150000    -60.00000000     9.2866677442e-01
    150000    -58.00000000     8.9176229498e-01
    150000    -56.00000000     8.5353722222e-01
    150000    -54.00000000     8.1418043552e-01
    150000    -52.00000000     7.7388626617e-01
    150000    -50.00000000     7.3285354743e-01
    150000    -48.00000000     6.9128464279e-01
    150000    -46.00000000     6.4938445702e-01
    150000    -44.00000000     6.0735943494e-01
    150000    -42.00000000     5.6541655266e-01
    150000    -40.00000000     5.2376230602e-01
    150000    -38.00000000     4.8260170088e-01
    150000    -36.00000000     4.4213724904e-01
    150000    -34.00000000     4.0256797266e-01
    150000    -32.00000000     3.6408841680e-01
    150000    -30.00000000     3.2688766403e-01
    150000    -28.00000000     2.9114833300e-01
    150000    -26.00000000     2.5704552166e-01
    150000    -24.00000000     2.2474562422e-01
    150000    -22.00000000     1.9440492391e-01
    150000    -20.00000000     1.6616791878e-01
    150000    -18.00000000     1.4016573572e-01
    150000    -16.00000000     1.1651644622e-01
    150000    -14.00000000     9.5332969186e-02
    150000    -12.00000000     7.6749497849e-02
    150000    -10.00000000     6.0958390290e-02
    150000     -8.00000000     4.8125684245e-02
    150000     -6.00000000     3.8040239997e-02
    150000     -4.00000000     3.0123607797e-02
    150000     -2.00000000     2.4035413345e-02
    150000      0.00000000     1.9740411386e-02
    150000      2.00000000     1.7229260362e-02
    150000      4.00000000     1.6419444415e-02
    150000      6.00000000     1.7247856013e-02
    150000      8.00000000     2.0118608231e-02
    150000     10.00000000     2.6722505853e-02
    150000     12.00000000     3.9316842423e-02
    150000     14.00000000     5.7746205795e-02
    150000     16.00000000     7.9961569383e-02
    150000     18.00000000     1.0466323644e-01
    150000     20.00000000     1.3149529613e-01
    150000     22.00000000     1.6040291880e-01
    150000     24.00000000     1.9134279359e-01
    150000     26.00000000     2.2422666290e-01
    150000     28.00000000     2.5892751538e-01
    150000     30.00000000     2.9529262046e-01
    150000     32.00000000     3.3315266659e-01
    150000     34.00000000     3.7232710703e-01
    150000     36.00000000     4.1262724204e-01
    150000     38.00000000     4.5385815105e-01
    150000     40.00000000     4.9582009012e-01
    150000     42.00000000     5.3830965718e-01
    150000     44.00000000     5.8112086314e-01
    150000     46.00000000     6.2404616785e-01
    150000     48.00000000     6.6687750371e-01
    150000     50.00000000     7.0940729350e-01
    150000     52.00000000     7.5142946255e-01
    150000     54.00000000     7.9274044220e-01
    150000     56.00000000     8.3314016046e-01
    150000     58.00000000     8.7243301543e-01
    150000     60.00000000     9.1042882682e-01
    150000     62.00000000     9.4694376097e-01
    150000     64.00000000     9.8180122492e-01
    150000     66.00000000     1.0148327252e+00
    150000     68.00000000     1.0458786870e+00
    150000     70.00000000     1.0747892301e+00
    150000     72.00000000     1.1014248973e+00
    150000     74.00000000     1.1256573321e+00
    150000     76.00000000     1.1473699025e+00
    150000     78.00000000     1.1664582673e+00
    150000     80.00000000     1.1828308828e+00
    150000     82.00000000     1.1964094469e+00
    150000     84.00000000     1.2071292789e+00
    150000     86.00000000     1.2149396329e+00
    150000     88.00000000     1.2198039431e+00
    150000     90.00000000     1.2217000000e+00
    200000    -90.00000000     1.2217000000e+00
    200000    -88.00000000     1.2210413177e+00
    200000    -86.00000000     1.2174128747e+00
    200000    -84.00000000     1.2108353745e+00
    200000    -82.00000000     1.2013438810e+00
    200000    -80.00000000     1.1889876436e+00
    200000    -78.00000000     1.1738298537e+00
    200000    -76.00000000     1.1559473334e+00
    200000    -74.00000000     1.1354301572e+00
    200000    -72.00000000     1.1123812099e+00
    200000    -70.00000000     1.0869156816e+00
    200000    -68.00000000     1.0591605033e+00
    200000    -66.00000000     1.0292537243e+00
    200000    -64.00000000     9.9734383716e-01
    200000    -62.00000000     9.6358905004e-01
    200000    -60.00000000     9.2815651300e-01
    200000    -58.00000000     8.9122150027e-01
    200000    -56.00000000     8.5296655309e-01
    200000    -54.00000000     8.1358058724e-01
    200000    -52.00000000     7.7325796956e-01
    200000    -50.00000000     7.3219756799e-01
    200000    -48.00000000     6.9060177971e-01
    200000    -46.00000000     6.4867554226e-01
    200000    -44.00000000     6.0662533217e-01
    200000    -42.00000000     5.6465815618e-01
    200000    -40.00000000     5.2298053960e-01
    200000    -38.00000000     4.8179751639e-01
    200000    -36.00000000     4.4131162475e-01
    200000    -34.00000000     4.0172191066e-01
    200000    -32.00000000     3.6322293859e-01
    200000    -30.00000000     3.2600380172e-01
    200000    -28.00000000     2.9024711112e-01
    200000    -26.00000000     2.5612791926e-01
    200000    -24.00000000     2.2381249820e-01
    200000    -22.00000000     1.9345686394e-01
    200000    -20.00000000     1.6520500425e-01
    200000    -18.00000000     1.3918723015e-01
    200000    -16.00000000     1.1552075989e-01
    200000    -14.00000000     9.4319117731e-02
    200000    -12.00000000     7.5722678871e-02
    200000    -10.00000000     5.9938402638e-02
    200000     -8.00000000     4.7135111166e-02
    200000     -6.00000000     3.7069153861e-02
    200000     -4.00000000     2.9152727437e-02
    200000     -2.00000000     2.3067538381e-02
    200000      0.00000000     1.8785836185e-02
    200000      2.00000000     1.6298941013e-02
    200000      4.00000000     1.5525260423e-02
    200000      6.00000000     1.6380376552e-02
    200000      8.00000000     1.9159677914e-02
    200000     10.00000000     2.5367795620e-02
    200000     12.00000000     3.7386925296e-02
    200000     14.00000000     5.5497365514e-02
    200000     16.00000000     7.7685565821e-02
    200000     18.00000000     1.0245716415e-01
    200000     20.00000000     1.2936015601e-01
    200000     22.00000000     1.5832302922e-01
    200000     24.00000000     1.8930719917e-01
    200000     26.00000000     2.2223038691e-01
    200000     28.00000000     2.5696932494e-01
    200000     30.00000000     2.9337321160e-01
    200000     32.00000000     3.3127363023e-01
    200000     34.00000000     3.7049041138e-01
    200000     36.00000000     4.1083499005e-01
    200000     38.00000000     4.5211247078e-01
    200000     40.00000000     4.9412308592e-01
    200000     42.00000000     5.3666338758e-01
    200000     44.00000000     5.7952733031e-01
    200000     46.00000000     6.2250731190e-01
    200000     48.00000000     6.6539519895e-01
    200000     50.00000000     7.0798334570e-01
    200000     52.00000000     7.5006560650e-01
    200000     54.00000000     7.9143833951e-01
    200000     56.00000000     8.3190139753e-01
    200000     58.00000000     8.7125910150e-01
    200000     60.00000000     9.0932119212e-01
    200000     62.00000000     9.4590375498e-01
    200000     64.00000000     9.8083011473e-01
    200000     66.00000000     1.0139316939e+00
    200000     68.00000000     1.0450488325e+00
    200000     70.00000000     1.0740315633e+00
    200000     72.00000000     1.1007403414e+00
    200000     74.00000000     1.1250467211e+00
    200000     76.00000000     1.1468339803e+00
    200000     78.00000000     1.1659976869e+00
    200000     80.00000000     1.1824462053e+00
    200000     82.00000000     1.1961011410e+00
    200000     84.00000000     1.2068977202e+00
    200000     86.00000000     1.2147851036e+00
    200000     88.00000000     1.2197266313e+00
    200000     90.00000000     1.2217000000e+00
    250000    -90.00000000     1.2217000000e+00
    250000    -88.00000000     1.2210146779e+00
    250000    -86.00000000     1.2173596274e+00
    250000    -84.00000000     1.2107555846e+00
    250000    -82.00000000     1.2012376458e+00
    250000    -80.00000000     1.1888550924e+00
    250000    -78.00000000     1.1736711482e+00
    250000    -76.00000000     1.1557626668e+00
    250000    -74.00000000     1.1352197545e+00
    250000    -72.00000000     1.1121453275e+00
    250000    -70.00000000     1.0866546069e+00
    250000    -68.00000000     1.0588745542e+00
    250000    -66.00000000     1.0289432494e+00
    250000    -64.00000000     9.9700921464e-01
    250000    -62.00000000     9.6323068759e-01
    250000    -60.00000000     9.2777484723e-01
    250000    -58.00000000     8.9081699618e-01
    250000    -56.00000000     8.5253970351e-01
    250000    -54.00000000     8.1313191222e-01
    250000    -52.00000000     7.7278801574e-01
    250000    -50.00000000     7.3170690793e-01
    250000    -48.00000000     6.9009101121e-01
    250000    -46.00000000     6.4814528760e-01
    250000    -44.00000000     6.0607623735e-01
    250000    -42.00000000     5.6409089013e-01
    250000    -40.00000000     5.2239579324e-01
    250000    -38.00000000     4.8119600164e-01
    250000    -36.00000000     4.4069407316e-01
    250000    -34.00000000     4.0108907139e-01
    250000    -32.00000000     3.6257557467e-01
    250000    -30.00000000     3.2534268275e-01
    250000    -28.00000000     2.8957299783e-01
    250000    -26.00000000     2.5544153131e-01
    250000    -24.00000000     2.2311444912e-01
    250000    -22.00000000     1.9274753834e-01
    250000    -20.00000000     1.6448435433e-01
    250000    -18.00000000     1.3845452847e-01
    250000    -16.00000000     1.1477461368e-01
    250000    -14.00000000     9.3558849140e-02
    250000    -12.00000000     7.4953324130e-02
    250000    -10.00000000     5.9177574097e-02
    250000     -8.00000000     4.6401057748e-02
    250000     -6.00000000     3.6352127999e-02
    250000     -4.00000000     2.8436921684e-02
    250000     -2.00000000     2.2354387119e-02
    250000      0.00000000     1.8082367666e-02
    250000      2.00000000     1.5613047541e-02
    250000      4.00000000     1.4866487121e-02
    250000      6.00000000     1.5745983093e-02
    250000      8.00000000     1.8473178001e-02
    250000     10.00000000     2.4403545759e-02
    250000     12.00000000     3.5967830257e-02
    250000     14.00000000     5.3791928896e-02
    250000     16.00000000     7.5938588897e-02
    250000     18.00000000     1.0076140744e-01
    250000     20.00000000     1.2772110285e-01
    250000     22.00000000     1.5672844660e-01
    250000     24.00000000     1.8774779782e-01
    250000     26.00000000     2.2070172452e-01
    250000     28.00000000     2.5547011566e-01
    250000     30.00000000     2.9190382233e-01
    250000     32.00000000     3.2983520308e-01
    250000     34.00000000     3.6908441979e-01
    250000     36.00000000     4.0946302962e-01
    250000     38.00000000     4.5077616463e-01
    250000     40.00000000     4.9282404248e-01
    250000     42.00000000     5.3540318169e-01
    250000     44.00000000     5.7830749423e-01
    250000     46.00000000     6.2132933059e-01
    250000     48.00000000     6.6426050715e-01
    250000     50.00000000     7.0689332566e-01
    250000     52.00000000     7.4902158618e-01
    250000     54.00000000     7.9044159087e-01
    250000     56.00000000     8.3095313495e-01
    250000     58.00000000     8.7036048028e-01
    250000     60.00000000     9.0847330709e-01
    250000     62.00000000     9.4510763916e-01
    250000     64.00000000     9.8008673807e-01
    250000     66.00000000     1.0132419621e+00
    250000     68.00000000     1.0444135858e+00
    250000     70.00000000     1.0734515758e+00
    250000     72.00000000     1.1002163196e+00
    250000     74.00000000     1.1245793035e+00
    250000     76.00000000     1.1464237364e+00
    250000     78.00000000     1.1656451165e+00
    250000     80.00000000     1.1821517379e+00
    250000     82.00000000     1.1958651354e+00
    250000     84.00000000     1.2067204640e+00
    250000     86.00000000     1.2146668126e+00
    250000     88.00000000     1.2196674498e+00
    250000     90.00000000     1.2217000000e+00
     50000    -90.00000000     1.2217000000e+00
     50000    -88.00000000     1.2211836172e+00
     50000    -86.00000000     1.2176973002e+00
     50000    -84.00000000     1.2112615796e+00
     50000    -82.00000000     1.2019113464e+00
     50000    -80.00000000     1.1896956779e+00
     50000    -78.00000000     1.1746775943e+00
     50000    -76.00000000     1.1569337474e+00
     50000    -74.00000000     1.1365540429e+00
     50000    -72.00000000     1.1136411980e+00
     50000    -70.00000000     1.0883102370e+00
     50000    -68.00000000     1.0606879268e+00
     50000    -66.00000000     1.0309121552e+00
     50000    -64.00000000     9.9913125476e-01
     50000    -62.00000000     9.6550327670e-01
     50000    -60.00000000     9.3019521652e-01
     50000    -58.00000000     8.9338219681e-01
     50000    -56.00000000     8.5524661018e-01
     50000    -54.00000000     8.1597722698e-01
     50000    -52.00000000     7.7576827201e-01
     50000    -50.00000000     7.3481847472e-01
     50000    -48.00000000     6.9333009758e-01
     50000    -46.00000000     6.5150794726e-01
     50000    -44.00000000     6.0955837353e-01
     50000    -42.00000000     5.6768826068e-01
     50000    -40.00000000     5.2610401615e-01
     50000    -38.00000000     4.8501056116e-01
     50000    -36.00000000     4.4461032734e-01
     50000    -34.00000000     4.0510226270e-01
     50000    -32.00000000     3.6668084751e-01
     50000    -30.00000000     3.2953511650e-01
     50000    -28.00000000     2.9384767334e-01
     50000    -26.00000000     2.5979366633e-01
     50000    -24.00000000     2.2753966543e-01
     50000    -22.00000000     1.9724235103e-01
     50000    -20.00000000     1.6904694423e-01
     50000    -18.00000000     1.4308556306e-01
     50000    -16.00000000     1.1947671533e-01
     50000    -14.00000000     9.8330089571e-02
     50000    -12.00000000     7.9766108188e-02
     50000    -10.00000000     6.3953376694e-02
     50000     -8.00000000     5.1081403972e-02
     50000     -6.00000000     4.1070069239e-02
     50000     -4.00000000     3.3379618254e-02
     50000     -2.00000000     2.7547808140e-02
     50000      0.00000000     2.3465228527e-02
     50000      2.00000000     2.1106129901e-02
     50000      4.00000000     2.0410970326e-02
     50000      6.00000000     2.1530401566e-02
     50000      8.00000000     2.5536614279e-02
     50000     10.00000000     3.4573664763e-02
     50000     12.00000000     4.9482097669e-02
     50000     14.00000000     6.8721429731e-02
     50000     16.00000000     9.0783283560e-02
     50000     18.00000000     1.1512918722e-01
     50000     20.00000000     1.4165778903e-01
     50000     22.00000000     1.7033108737e-01
     50000     24.00000000     2.0107616499e-01
     50000     26.00000000     2.3378037884e-01
     50000     28.00000000     2.6830284490e-01
     50000     30.00000000     3.0448399569e-01
     50000     32.00000000     3.4215145151e-01
     50000     34.00000000     3.8112343010e-01
     50000     36.00000000     4.2121084209e-01
     50000     38.00000000     4.6221875725e-01
     50000     40.00000000     5.0394759189e-01
     50000     42.00000000     5.4619418252e-01
     50000     44.00000000     5.8875281781e-01
     50000     46.00000000     6.3141625811e-01
     50000     48.00000000     6.7397675201e-01
     50000     50.00000000     7.1622705119e-01
     50000     52.00000000     7.5796142105e-01
     50000     54.00000000     7.9897664342e-01
     50000     56.00000000     8.3907300659e-01
     50000     58.00000000     8.7805527822e-01
     50000     60.00000000     9.1573365641e-01
     50000     62.00000000     9.5192469424e-01
     50000     64.00000000     9.8645219338e-01
     50000     66.00000000     1.0191480623e+00
     50000     68.00000000     1.0498531353e+00
     50000     70.00000000     1.0784179473e+00
     50000     72.00000000     1.1047034623e+00
     50000     74.00000000     1.1285817505e+00
     50000     76.00000000     1.1499366114e+00
     50000     78.00000000     1.1686641395e+00
     50000     80.00000000     1.1846732308e+00
     50000     82.00000000     1.1978860260e+00
     50000     84.00000000     1.2082382903e+00
     50000     86.00000000     1.2156797254e+00
     50000     88.00000000     1.2201742149e+00
     50000     90.00000000     1.2217000000e+00
    100000    -90.00000000     1.2217000000e+00
    100000    -88.00000000     1.2210816701e+00
    100000    -86.00000000     1.2174935303e+00
    100000    -84.00000000     1.2109562350e+00
    100000    -82.00000000     1.2015047992e+00
    100000    -80.00000000     1.1891884235e+00
    100000    -78.00000000     1.1740702506e+00
    100000    -76.00000000     1.1562270545e+00
    100000    -74.00000000     1.1357488616e+00
    100000    -72.00000000     1.1127385093e+00
    100000    -70.00000000     1.0873111408e+00
    100000    -68.00000000     1.0595936404e+00
    100000    -66.00000000     1.0297240117e+00
    100000    -64.00000000     9.9785070175e-01
    100000    -62.00000000     9.6413187434e-01
    100000    -60.00000000     9.2873463566e-01
    100000    -58.00000000     8.9183421694e-01
    100000    -56.00000000     8.5361311727e-01
    100000    -54.00000000     8.1426021119e-01
    100000    -52.00000000     7.7396982527e-01
    100000    -50.00000000     7.3294078816e-01
    100000    -48.00000000     6.9137545885e-01
    100000    -46.00000000     6.4947873776e-01
    100000    -44.00000000     6.0745706549e-01
    100000    -42.00000000     5.6551741404e-01
    100000    -40.00000000     5.2386627529e-01
    100000    -38.00000000     4.8270865119e-01
    100000    -36.00000000     4.4224704970e-01
    100000    -34.00000000     4.0268048887e-01
    100000    -32.00000000     3.6420350893e-01
    100000    -30.00000000     3.2700518535e-01
    100000    -28.00000000     2.9126812377e-01
    100000    -26.00000000     2.5716739393e-01
    100000    -24.00000000     2.2486932371e-01
    100000    -22.00000000     1.9453003705e-01
    100000    -20.00000000     1.6629365409e-01
    100000    -18.00000000     1.4029044121e-01
    100000    -16.00000000     1.1663666530e-01
    100000    -14.00000000     9.5442112026e-02
    100000    -12.00000000     7.6838296460e-02
    100000    -10.00000000     6.1026770989e-02
    100000     -8.00000000     4.8219932974e-02
    100000     -6.00000000     3.8272085325e-02
    100000     -4.00000000     3.0592374615e-02
    100000     -2.00000000     2.4768858794e-02
    100000      0.00000000     2.0723612311e-02
    100000      2.00000000     1.8433340243e-02
    100000      4.00000000     1.7819963586e-02
    100000      6.00000000     1.8899693658e-02
    100000      8.00000000     2.2365923594e-02
    100000     10.00000000     3.0209778404e-02
    100000     12.00000000     4.4102348852e-02
    100000     14.00000000     6.3057830531e-02
    100000     16.00000000     8.5226107467e-02
    100000     18.00000000     1.0974231294e-01
    100000     20.00000000     1.3641238624e-01
    100000     22.00000000     1.6519733033e-01
    100000     24.00000000     1.9603829141e-01
    100000     26.00000000     2.2883319311e-01
    100000     28.00000000     2.6344699836e-01
    100000     30.00000000     2.9972297726e-01
    100000     32.00000000     3.3749000263e-01
    100000     34.00000000     3.7656677955e-01
    100000     36.00000000     4.1676435377e-01
    100000     38.00000000     4.5788777163e-01
    100000     40.00000000     4.9973735461e-01
    100000     42.00000000     5.4210981075e-01
    100000     44.00000000     5.8479928287e-01
    100000     46.00000000     6.2759837490e-01
    100000     48.00000000     6.7029917131e-01
    100000     50.00000000     7.1269425328e-01
    100000     52.00000000     7.5457771000e-01
    100000     54.00000000     7.9574614173e-01
    100000     56.00000000     8.3599965010e-01
    100000     58.00000000     8.7514281134e-01
    100000     60.00000000     9.1298562754e-01
    100000     62.00000000     9.4934445142e-01
    100000     64.00000000     9.8404288025e-01
    100000     66.00000000     1.0169126143e+00
    100000     68.00000000     1.0477942758e+00
    100000     70.00000000     1.0765381848e+00
    100000     72.00000000     1.1030050870e+00
    100000     74.00000000     1.1270668317e+00
    100000     76.00000000     1.1486069947e+00
    100000     78.00000000     1.1675214448e+00
    100000     80.00000000     1.1837188503e+00
    100000     82.00000000     1.1971211226e+00
    100000     84.00000000     1.2076637958e+00
    100000     86.00000000     1.2152963397e+00
    100000     88.00000000     1.2199824052e+00
    100000     90.00000000     1.2217000000e+00
    150000    -90.00000000     1.2217000000e+00
    150000    -88.00000000     1.2210267094e+00
    150000    -86.00000000     1.2173836758e+00
    150000    -84.00000000     1.2107916206e+00
    150000    -82.00000000     1.2012856254e+00
    150000    -80.00000000     1.1889149573e+00
    150000    -78.00000000     1.1737428253e+00
    150000    -76.00000000     1.1558460688e+00
    150000    -74.00000000     1.1353147799e+00
    150000    -72.00000000     1.1122518604e+00
    150000    -70.00000000     1.0867725176e+00
    150000    -68.00000000     1.0590036990e+00
    150000    -66.00000000     1.0290834710e+00
    150000    -64.00000000     9.9716034212e-01
    150000    -62.00000000     9.6339253687e-01
    150000    -60.00000000     9.2794722112e-01
    150000    -58.00000000     8.9099968467e-01
    150000    -56.00000000     8.5273248402e-01
    150000    -54.00000000     8.1333454988e-01
    150000    -52.00000000     7.7300026367e-01
    150000    -50.00000000     7.3192850753e-01
    150000    -48.00000000     6.9032169250e-01
    150000    -46.00000000     6.4838476952e-01
    150000    -44.00000000     6.0632422815e-01
    150000    -42.00000000     5.6434708765e-01
    150000    -40.00000000     5.2265988538e-01
    150000    -38.00000000     4.8146766668e-01
    150000    -36.00000000     4.4097298029e-01
    150000    -34.00000000     4.0137488120e-01
    150000    -32.00000000     3.6286793983e-01
    150000    -30.00000000     3.2564124876e-01
    150000    -28.00000000     2.8987740345e-01
    150000    -26.00000000     2.5575140643e-01
    150000    -24.00000000     2.2342940239e-01
    150000    -22.00000000     1.9306711041e-01
    150000    -20.00000000     1.6480786886e-01
    150000    -18.00000000     1.3878067157e-01
    150000    -16.00000000     1.1510039663e-01
    150000    -14.00000000     9.3877614132e-02
    150000    -12.00000000     7.5253527558e-02
    150000    -10.00000000     5.9454503928e-02
    150000     -8.00000000     4.6702824244e-02
    150000     -6.00000000     3.6800861098e-02
    150000     -4.00000000     2.9131018292e-02
    150000     -2.00000000     2.3313558125e-02
    150000      0.00000000     1.9287614667e-02
    150000      2.00000000     1.7033186892e-02
    150000      4.00000000     1.6469267434e-02
    150000      6.00000000     1.7560486661e-02
    150000      8.00000000     2.0808198355e-02
    150000     10.00000000     2.8007952577e-02
    150000     12.00000000     4.1193429601e-02
    150000     14.00000000     5.9865978087e-02
    150000     16.00000000     8.2061011681e-02
    150000     18.00000000     1.0667809396e-01
    150000     20.00000000     1.3343753948e-01
    150000     22.00000000     1.6229194330e-01
    150000     24.00000000     1.9319048207e-01
    150000     26.00000000     2.2603825228e-01
    150000     28.00000000     2.6070439122e-01
    150000     30.00000000     2.9703424970e-01
    150000     32.00000000     3.3485764201e-01
    150000     34.00000000     3.7399365614e-01
    150000     36.00000000     4.1425346170e-01
    150000     38.00000000     4.5544211221e-01
    150000     40.00000000     4.9735988412e-01
    150000     42.00000000     5.3980341644e-01
    150000     44.00000000     5.8256677107e-01
    150000     46.00000000     6.2544246415e-01
    150000     48.00000000     6.6822248770e-01
    150000     50.00000000     7.1069932672e-01
    150000     52.00000000     7.5266697093e-01
    150000     54.00000000     7.9392191806e-01
    150000     56.00000000     8.3426416435e-01
    150000     58.00000000     8.7349817794e-01
    150000     60.00000000     9.1143385020e-01
    150000     62.00000000     9.4788742076e-01
    150000     64.00000000     9.8268237143e-01
    150000     66.00000000     1.0156502849e+00
    150000     68.00000000     1.0466316638e+00
    150000     70.00000000     1.0754767066e+00
    150000     72.00000000     1.1020460359e+00
    150000     74.00000000     1.1262113761e+00
    150000     76.00000000     1.1478561768e+00
    150000     78.00000000     1.1668761795e+00
    150000     80.00000000     1.1831799237e+00
    150000     82.00000000     1.1966891913e+00
    150000     84.00000000     1.2073393860e+00
    150000     86.00000000     1.2150798467e+00
    150000     88.00000000     1.2198740927e+00
    150000     90.00000000     1.2217000000e+00
    200000    -90.00000000     1.2217000000e+00
    200000    -88.00000000     1.2209895775e+00
    200000    -86.00000000     1.2173094573e+00
    200000    -84.00000000     1.2106804059e+00
    200000    -82.00000000     1.2011375501e+00
    200000    -80.00000000     1.1887302017e+00
    200000    -78.00000000     1.1735216145e+00
    200000    -76.00000000     1.1555886724e+00
    200000    -74.00000000     1.1350215113e+00
    200000    -72.00000000     1.1119230771e+00
    200000    -70.00000000     1.0864086201e+00
    200000    -68.00000000     1.0586051307e+00
    200000    -66.00000000     1.0286507174e+00
    200000    -64.00000000     9.9669393050e-01
    200000    -62.00000000     9.6289303549e-01
    200000    -60.00000000     9.2741523855e-01
    200000    -58.00000000     8.9043586905e-01
    200000    -56.00000000     8.5213752227e-01
    200000    -54.00000000     8.1270916687e-01
    200000    -52.00000000     7.7234522133e-01
    200000    -50.00000000     7.3124460392e-01
    200000    -48.00000000     6.8960976086e-01
    200000    -46.00000000     6.4764567721e-01
    200000    -44.00000000     6.0555887559e-01
    200000    -42.00000000     5.6355640722e-01
    200000    -40.00000000     5.2184484012e-01
    200000    -38.00000000     4.8062924889e-01
    200000    -36.00000000     4.4011220962e-01
    200000    -34.00000000     4.0049280179e-01
    200000    -32.00000000     3.6196561515e-01
    200000    -30.00000000     3.2471975121e-01
    200000    -28.00000000     2.8893779262e-01
    200000    -26.00000000     2.5479468335e-01
    200000    -24.00000000     2.2245641665e-01
    200000    -22.00000000     1.9207838354e-01
    200000    -20.00000000     1.6380329810e-01
    200000    -18.00000000     1.3775916205e-01
    200000    -16.00000000     1.1405986261e-01
    200000    -14.00000000     9.2817012620e-02
    200000    -12.00000000     7.4180540332e-02
    200000    -10.00000000     5.8397004588e-02
    200000     -8.00000000     4.5692425682e-02
    200000     -6.00000000     3.5825861782e-02
    200000     -4.00000000     2.8163752057e-02
    200000     -2.00000000     2.2350641119e-02
    200000      0.00000000     1.8337169421e-02
    200000      2.00000000     1.6106120337e-02
    200000      4.00000000     1.5576794006e-02
    200000      6.00000000     1.6687032865e-02
    200000      8.00000000     1.9819115099e-02
    200000     10.00000000     2.6600440624e-02
    200000     12.00000000     3.9246672071e-02
    200000     14.00000000     5.7657837255e-02
    200000     16.00000000     7.9848474268e-02
    200000     18.00000000     1.0453580991e-01
    200000     20.00000000     1.3136176210e-01
    200000     22.00000000     1.6026772990e-01
    200000     24.00000000     1.9120811826e-01
    200000     26.00000000     2.2409354560e-01
    200000     28.00000000     2.5879649185e-01
    200000     30.00000000     2.9516400532e-01
    200000     32.00000000     3.3302667994e-01
    200000     34.00000000     3.7220392803e-01
    200000     36.00000000     4.1250703109e-01
    200000     38.00000000     4.5374105875e-01
    200000     40.00000000     4.9570626079e-01
    200000     42.00000000     5.3819923017e-01
    200000     44.00000000     5.8101397324e-01
    200000     46.00000000     6.2394294541e-01
    200000     48.00000000     6.6677807453e-01
    200000     50.00000000     7.0931177873e-01
    200000     52.00000000     7.5133797858e-01
    200000     54.00000000     7.9265310049e-01
    200000     56.00000000     8.3305706741e-01
    200000     58.00000000     8.7235427229e-01
    200000     60.00000000     9.1035452952e-01
    200000     62.00000000     9.4687400003e-01
    200000     64.00000000     9.8173608533e-01
    200000     66.00000000     1.0147722863e+00
    200000     68.00000000     1.0458230225e+00
    200000     70.00000000     1.0747384078e+00
    200000     72.00000000     1.1013789790e+00
    200000     74.00000000     1.1256163739e+00
    200000     76.00000000     1.1473339542e+00
    200000     78.00000000     1.1664273727e+00
    200000     80.00000000     1.1828050796e+00
    200000     82.00000000     1.1963887665e+00
    200000     84.00000000     1.2071137465e+00
    200000     86.00000000     1.2149292675e+00
    200000     88.00000000     1.2197987572e+00
    200000     90.00000000     1.2217000000e+00
    250000    -90.00000000     1.2217000000e+00
    250000    -88.00000000     1.2209617614e+00
    250000    -86.00000000     1.2172538589e+00
    250000    -84.00000000     1.2105970931e+00
    250000    -82.00000000     1.2010266242e+00
    250000    -80.00000000     1.1885917979e+00
    250000    -78.00000000     1.1733559015e+00
    250000    -76.00000000     1.1553958520e+00
    250000    -74.00000000     1.1348018186e+00
    250000    -72.00000000     1.1116767796e+00
    250000    -70.00000000     1.0861360179e+00
    250000    -68.00000000     1.0583065559e+00
    250000    -66.00000000     1.0283265338e+00
    250000    -64.00000000     9.9634453317e-01
    250000    -62.00000000     9.6251885003e-01
    250000    -60.00000000     9.2701672085e-01
    250000    -58.00000000     8.9001350463e-01
    250000    -56.00000000     8.5169182572e-01
    250000    -54.00000000     8.1224068121e-01
    250000    -52.00000000     7.7185451733e-01
    250000    -50.00000000     7.3073227943e-01
    250000    -48.00000000     6.8907644005e-01
    250000    -46.00000000     6.4709200986e-01
    250000    -44.00000000     6.0498553622e-01
    250000    -42.00000000     5.6296409426e-01
    250000    -40.00000000     5.2123427497e-01
    250000    -38.00000000     4.8000117484e-01
    250000    -36.00000000     4.3946739031e-01
    250000    -34.00000000     3.9983201892e-01
    250000    -32.00000000     3.6128966417e-01
    250000    -30.00000000     3.2402943264e-01
    250000    -28.00000000     2.8823389356e-01
    250000    -26.00000000     2.5407793870e-01
    250000    -24.00000000     2.2172743034e-01
    250000    -22.00000000     1.9133747946e-01
    250000    -20.00000000     1.6305027298e-01
    250000    -18.00000000     1.3699299120e-01
    250000    -16.00000000     1.1327876574e-01
    250000    -14.00000000     9.2020373664e-02
    250000    -12.00000000     7.3375747207e-02
    250000    -10.00000000     5.7608539558e-02
    250000     -8.00000000     4.4945016776e-02
    250000     -6.00000000     3.5107053009e-02
    250000     -4.00000000     2.7451068437e-02
    250000     -2.00000000     2.1641227797e-02
    250000      0.00000000     1.7636725217e-02
    250000      2.00000000     1.5422644221e-02
    250000      4.00000000     1.4919542866e-02
    250000      6.00000000     1.6049238898e-02
    250000      8.00000000     1.9111959769e-02
    250000     10.00000000     2.5594736007e-02
    250000     12.00000000     3.7807804489e-02
    250000     14.00000000     5.5979332517e-02
    250000     16.00000000     7.8149827883e-02
    250000     18.00000000     1.0288986837e-01
    250000     20.00000000     1.2976915393e-01
    250000     22.00000000     1.5871658052e-01
    250000     24.00000000     1.8969013310e-01
    250000     26.00000000     2.2260494362e-01
    250000     28.00000000     2.5733631848e-01
    250000     30.00000000     2.9373276297e-01
    250000     32.00000000     3.3162554742e-01
    250000     34.00000000     3.7083436973e-01
    250000     36.00000000     4.1117061372e-01
    250000     38.00000000     4.5243936858e-01
    250000     40.00000000     4.9444086672e-01
    250000     42.00000000     5.3697166709e-01
    250000     44.00000000     5.7982573407e-01
    250000     46.00000000     6.2279547679e-01
    250000     48.00000000     6.6567277407e-01
    250000     50.00000000     7.0824999293e-01
    250000     52.00000000     7.5032100099e-01
    250000     54.00000000     7.9168217012e-01
    250000     56.00000000     8.3213336719e-01
    250000     58.00000000     8.7147892759e-01
    250000     60.00000000     9.0952860682e-01
    250000     62.00000000     9.4609850559e-01
    250000     64.00000000     9.8101196397e-01
    250000     66.00000000     1.0141004203e+00
    250000     68.00000000     1.0452042303e+00
    250000     70.00000000     1.0741734434e+00
    250000     72.00000000     1.1008685307e+00
    250000     74.00000000     1.1251610636e+00
    250000     76.00000000     1.1469343366e+00
    250000     78.00000000     1.1660839348e+00
    250000     80.00000000     1.1825182396e+00
    250000     82.00000000     1.1961588740e+00
    250000     84.00000000     1.2069410817e+00
    250000     86.00000000     1.2148140406e+00
    250000     88.00000000     1.2197411086e+00
    250000     90.00000000     1.2217000000e+00
     50000    -90.00000000     1.2217000000e+00
     50000    -88.00000000     1.2211394491e+00
     50000    -86.00000000     1.2176090179e+00
     50000    -84.00000000     1.2111292905e+00
     50000    -82.00000000     1.2017352117e+00
     50000    -80.00000000     1.1894759123e+00
     50000    -78.00000000     1.1744144655e+00
     50000    -76.00000000     1.1566275760e+00
     50000    -74.00000000     1.1362052019e+00
     50000    -72.00000000     1.1132501123e+00
     50000    -70.00000000     1.0878773832e+00
     50000    -68.00000000     1.0602138323e+00
     50000    -66.00000000     1.0303973975e+00
     50000    -64.00000000     9.9857646115e-01
     50000    -62.00000000     9.6490912303e-01
     50000    -60.00000000     9.2956242669e-01
     50000    -58.00000000     8.9271154176e-01
     50000    -56.00000000     8.5453890701e-01
     50000    -54.00000000     8.1523333791e-01
     50000    -52.00000000     7.7498910336e-01
     50000    -50.00000000     7.3400497579e-01
     50000    -48.00000000     6.9248325948e-01
     50000    -46.00000000     6.5062880171e-01
     50000    -44.00000000     6.0864799160e-01
     50000    -42.00000000     5.6674775142e-01
     50000    -40.00000000     5.2513452513e-01
     50000    -38.00000000     4.8401326878e-01
     50000    -36.00000000     4.4358644673e-01
     50000    -34.00000000     4.0405303641e-01
     50000    -32.00000000     3.6560754183e-01
     50000    -30.00000000     3.2843900980e-01
     50000    -28.00000000     2.9273003122e-01
     50000    -26.00000000     2.5865568726e-01
     50000    -24.00000000     2.2638236417e-01
     50000    -22.00000000     1.9606631713e-01
     50000    -20.00000000     1.6785187331e-01
     50000    -18.00000000     1.4186944817e-01
     50000    -16.00000000     1.1823479208e-01
     50000    -14.00000000     9.7054697696e-02
     50000    -12.00000000     7.8452010741e-02
     50000    -10.00000000     6.2617664493e-02
     50000     -8.00000000     4.9791482027e-02
     50000     -6.00000000     3.9925133010e-02
     50000     -4.00000000     3.2453600058e-02
     50000     -2.00000000     2.6875033165e-02
     50000      0.00000000     2.3049857088e-02
     50000      2.00000000     2.0938847622e-02
     50000      4.00000000     2.0491853959e-02
     50000      6.00000000     2.1917310358e-02
     50000      8.00000000     2.6394673994e-02
     50000     10.00000000     3.5993207422e-02
     50000     12.00000000     5.1223006314e-02
     50000     14.00000000     7.0497511152e-02
     50000     16.00000000     9.2492290504e-02
     50000     18.00000000     1.1677032212e-01
     50000     20.00000000     1.4324915666e-01
     50000     22.00000000     1.7188579240e-01
     50000     24.00000000     2.0260068503e-01
     50000     26.00000000     2.3527699021e-01
     50000     28.00000000     2.6977163778e-01
     50000     30.00000000     3.0592403071e-01
     50000     32.00000000     3.4356134096e-01
     50000     34.00000000     3.8250161094e-01
     50000     36.00000000     4.2255569930e-01
     50000     38.00000000     4.6352867845e-01
     50000     40.00000000     5.0522099165e-01
     50000     42.00000000     5.4742951358e-01
     50000     44.00000000     5.8994857675e-01
     50000     46.00000000     6.3257098873e-01
     50000     48.00000000     6.7508904769e-01
     50000     50.00000000     7.1729555685e-01
     50000     52.00000000     7.5898483493e-01
     50000     54.00000000     7.9995371866e-01
     50000     56.00000000     8.4000255276e-01
     50000     58.00000000     8.7893616283e-01
     50000     60.00000000     9.1656480624e-01
     50000     62.00000000     9.5270509666e-01
     50000     64.00000000     9.8718089759e-01
     50000     66.00000000     1.0198241805e+00
     50000     68.00000000     1.0504758437e+00
     50000     70.00000000     1.0789864872e+00
     50000     72.00000000     1.1052171411e+00
     50000     74.00000000     1.1290399424e+00
     50000     76.00000000     1.1503387580e+00
     50000     78.00000000     1.1690097510e+00
     50000     80.00000000     1.1849618861e+00
     50000     82.00000000     1.1981173734e+00
     50000     84.00000000     1.2084120479e+00
     50000     86.00000000     1.2157956815e+00
     50000     88.00000000     1.2202322283e+00
     50000     90.00000000     1.2217000000e+00
    100000    -90.00000000     1.2217000000e+00
    100000    -88.00000000     1.2210340279e+00
    100000    -86.00000000     1.2173983039e+00
    100000    -84.00000000     1.2108135405e+00
    100000    -82.00000000     1.2013148103e+00
    100000    -80.00000000     1.1889513717e+00
    100000    -78.00000000     1.1737864248e+00
    100000    -76.00000000     1.1558968004e+00
    100000    -74.00000000     1.1353725817e+00
    100000    -72.00000000     1.1123166620e+00
    100000    -70.00000000     1.0868442400e+00
    100000    -68.00000000     1.0590822549e+00
    100000    -66.00000000     1.0291687646e+00
    100000    -64.00000000     9.9725226962e-01
    100000    -62.00000000     9.6349098620e-01
    100000    -60.00000000     9.2805207234e-01
    100000    -58.00000000     8.9111081004e-01
    100000    -56.00000000     8.5284974814e-01
    100000    -54.00000000     8.1345780989e-01
    100000    -52.00000000     7.7312936939e-01
    100000    -50.00000000     7.3206330166e-01
    100000    -48.00000000     6.9046201082e-01
    100000    -46.00000000     6.4853044107e-01
    100000    -44.00000000     6.0647507543e-01
    100000    -42.00000000     5.6450292687e-01
    100000    -40.00000000     5.2282052662e-01
    100000    -38.00000000     4.8163291412e-01
    100000    -36.00000000     4.4114263229e-01
    100000    -34.00000000     4.0154873032e-01
    100000    -32.00000000     3.6304577238e-01
    100000    -30.00000000     3.2582284319e-01
    100000    -28.00000000     2.9006252568e-01
    100000    -26.00000000     2.5593979733e-01
    100000    -24.00000000     2.2362074484e-01
    100000    -22.00000000     1.9326094584e-01
    100000    -20.00000000     1.6500339380e-01
    100000    -18.00000000     1.3897627213e-01
    100000    -16.00000000     1.1529270226e-01
    100000    -14.00000000     9.4060092362e-02
    100000    -12.00000000     7.5416785926e-02
    100000    -10.00000000     5.9598505587e-02
    100000     -8.00000000     4.6875187488e-02
    100000     -6.00000000     3.7112110756e-02
    100000     -4.00000000     2.9672905490e-02
    100000     -2.00000000     2.4108119479e-02
    100000      0.00000000     2.0318817819e-02
    100000      2.00000000     1.8273331376e-02
    100000      4.00000000     1.7898793435e-02
    100000      6.00000000     1.9251095452e-02
    100000      8.00000000     2.3129597410e-02
    100000     10.00000000     3.1554550721e-02
    100000     12.00000000     4.5894629890e-02
    100000     14.00000000     6.4968129424e-02
    100000     16.00000000     8.7084216513e-02
    100000     18.00000000     1.1152463194e-01
    100000     20.00000000     1.3813574385e-01
    100000     22.00000000     1.6687759448e-01
    100000     24.00000000     1.9768410794e-01
    100000     26.00000000     2.3044799877e-01
    100000     28.00000000     2.6503138756e-01
    100000     30.00000000     3.0127616990e-01
    100000     32.00000000     3.3901060628e-01
    100000     34.00000000     3.7805315359e-01
    100000     36.00000000     4.1821477544e-01
    100000     38.00000000     4.5930050989e-01
    100000     40.00000000     5.0111070280e-01
    100000     42.00000000     5.4344210145e-01
    100000     44.00000000     5.8608889518e-01
    100000     46.00000000     6.2884373851e-01
    100000     48.00000000     6.7149876928e-01
    100000     50.00000000     7.1384662421e-01
    100000     52.00000000     7.5568144997e-01
    100000     54.00000000     7.9679990600e-01
    100000     56.00000000     8.3700215484e-01
    100000     58.00000000     8.7609283515e-01
    100000     60.00000000     9.1388201296e-01
    100000     62.00000000     9.5018610636e-01
    100000     64.00000000     9.8482877926e-01
    100000     66.00000000     1.0176417999e+00
    100000     68.00000000     1.0484658596e+00
    100000     70.00000000     1.0771513485e+00
    100000     72.00000000     1.1035590837e+00
    100000     74.00000000     1.1275609863e+00
    100000     76.00000000     1.1490407052e+00
    100000     78.00000000     1.1678941828e+00
    100000     80.00000000     1.1840301617e+00
    100000     82.00000000     1.1973706281e+00
    100000     84.00000000     1.2078511914e+00
    100000     86.00000000     1.2154213971e+00
    100000     88.00000000     1.2200449720e+00
    100000     90.00000000     1.2217000000e+00
    150000    -90.00000000     1.2217000000e+00
    150000    -88.00000000     1.2209770325e+00
    150000    -86.00000000     1.2172843825e+00
    150000    -84.00000000     1.2106428319e+00
    150000    -82.00000000     1.2010875226e+00
    150000    -80.00000000     1.1886677817e+00
    150000    -78.00000000     1.1734468781e+00
    150000    -76.00000000     1.1555017106e+00
    150000    -74.00000000     1.1349224302e+00
    150000    -72.00000000     1.1118119972e+00
    150000    -70.00000000     1.0862856768e+00
    150000    -68.00000000     1.0584704738e+00
    150000    -66.00000000     1.0285045110e+00
    150000    -64.00000000     9.9653635269e-01
    150000    -62.00000000     9.6272427826e-01
    150000    -60.00000000     9.2723550751e-01
    150000    -58.00000000     8.9024538316e-01
    150000    -56.00000000     8.5193651362e-01
    150000    -54.00000000     8.1249788035e-01
    150000    -52.00000000     7.7212391436e-01
    150000    -50.00000000     7.3101354614e-01
    150000    -48.00000000     6.8936923376e-01
    150000    -46.00000000     6.4739597383e-01
    150000    -44.00000000     6.0530030013e-01
    150000    -42.00000000     5.6328927464e-01
    150000    -40.00000000     5.2156947570e-01
    150000    -38.00000000     4.8034598767e-01
    150000    -36.00000000     4.3982139556e-01
    150000    -34.00000000     4.0019478632e-01
    150000    -32.00000000     3.6166075421e-01
    150000    -30.00000000     3.2440839868e-01
    150000    -28.00000000     2.8862028519e-01
    150000    -26.00000000     2.5447130586e-01
    150000    -24.00000000     2.2212732356e-01
    150000    -22.00000000     1.9174342662e-01
    150000    -20.00000000     1.6346166818e-01
    150000    -18.00000000     1.3740871410e-01
    150000    -16.00000000     1.1369610809e-01
    150000    -14.00000000     9.2432673333e-02
    150000    -12.00000000     7.3770084392e-02
    150000    -10.00000000     5.7976852888e-02
    150000     -8.00000000     4.5333610668e-02
    150000     -6.00000000     3.5637361311e-02
    150000     -4.00000000     2.8216990724e-02
    150000     -2.00000000     2.2659593875e-02
    150000      0.00000000     1.8888394062e-02
    150000      2.00000000     1.6877319059e-02
    150000      4.00000000     1.6548783103e-02
    150000      6.00000000     1.7897913409e-02
    150000      8.00000000     2.1522798741e-02
    150000     10.00000000     2.9293418698e-02
    150000     12.00000000     4.2992876633e-02
    150000     14.00000000     6.1846229040e-02
    150000     16.00000000     8.4006253004e-02
    150000     18.00000000     1.0854451792e-01
    150000     20.00000000     1.3523924316e-01
    150000     22.00000000     1.6404627242e-01
    150000     24.00000000     1.9490754224e-01
    150000     26.00000000     2.2772231702e-01
    150000     28.00000000     2.6235643948e-01
    150000     30.00000000     2.9865363902e-01
    150000     32.00000000     3.3644299776e-01
    150000     34.00000000     3.7554330145e-01
    150000     36.00000000     4.1576561471e-01
    150000     38.00000000     4.5691497412e-01
    150000     40.00000000     4.9879167806e-01
    150000     42.00000000     5.4119240501e-01
    150000     44.00000000     5.8391126476e-01
    150000     46.00000000     6.2674082598e-01
    150000     48.00000000     6.6947313624e-01
    150000     50.00000000     7.1190073840e-01
    150000     52.00000000     7.5381768208e-01
    150000     54.00000000     7.9502052672e-01
    150000     56.00000000     8.3530933206e-01
    150000     58.00000000     8.7448863132e-01
    150000     60.00000000     9.1236838255e-01
    150000     62.00000000     9.4876489348e-01
    150000     64.00000000     9.8350171546e-01
    150000     66.00000000     1.0164105020e+00
    150000     68.00000000     1.0473318277e+00
    150000     70.00000000     1.0761159644e+00
    150000     72.00000000     1.1026236086e+00
    150000     74.00000000     1.1267265601e+00
    150000     76.00000000     1.1483083445e+00
    150000     78.00000000     1.1672647799e+00
    150000     80.00000000     1.1835044834e+00
    150000     82.00000000     1.1969493148e+00
    150000     84.00000000     1.2075347565e+00
    150000     86.00000000     1.2152102261e+00
    150000     88.00000000     1.2199393221e+00
    150000     90.00000000     1.2217000000e+00
    200000    -90.00000000     1.2217000000e+00
    200000    -88.00000000     1.2209384562e+00
    200000    -86.00000000     1.2172072768e+00
    200000    -84.00000000     1.2105272908e+00
    200000    -82.00000000     1.2009336869e+00
    200000    -80.00000000     1.1884758388e+00
    200000    -78.00000000     1.1732170618e+00
    200000    -76.00000000     1.1552343010e+00
    200000    -74.00000000     1.1346177530e+00
    200000    -72.00000000     1.1114704236e+00
    200000    -70.00000000     1.0859076230e+00
    200000    -68.00000000     1.0580564004e+00
    200000    -66.00000000     1.0280549225e+00
    200000    -64.00000000     9.9605179685e-01
    200000    -62.00000000     9.6220534542e-01
    200000    -60.00000000     9.2668282989e-01
    200000    -58.00000000     8.8965963414e-01
    200000    -56.00000000     8.5131840682e-01
    200000    -54.00000000     8.1184816885e-01
    200000    -52.00000000     7.7144338973e-01
    200000    -50.00000000     7.3030303749e-01
    200000    -48.00000000     6.8862960673e-01
    200000    -46.00000000     6.4662812953e-01
    200000    -44.00000000     6.0450517401e-01
    200000    -42.00000000     5.6246783532e-01
    200000    -40.00000000     5.2072272365e-01
    200000    -38.00000000     4.7947495367e-01
    200000    -36.00000000     4.3892713866e-01
    200000    -34.00000000     3.9927839060e-01
    200000    -32.00000000     3.6072332280e-01
    200000    -30.00000000     3.2345104163e-01
    200000    -28.00000000     2.8764409375e-01
    200000    -26.00000000     2.5347729813e-01
    200000    -24.00000000     2.2111633367e-01
    200000    -22.00000000     1.9071589384e-01
    200000    -20.00000000     1.6241728417e-01
    200000    -18.00000000     1.3634599604e-01
    200000    -16.00000000     1.1261247892e-01
    200000    -14.00000000     9.1327244590e-02
    200000    -12.00000000     7.2653841561e-02
    200000    -10.00000000     5.6886903608e-02
    200000     -8.00000000     4.4309253889e-02
    200000     -6.00000000     3.4661791578e-02
    200000     -4.00000000     2.7254013143e-02
    200000     -2.00000000     2.1701281609e-02
    200000      0.00000000     1.7941619765e-02
    200000      2.00000000     1.5953085028e-02
    200000      4.00000000     1.5657378342e-02
    200000      6.00000000     1.7017142105e-02
    200000      8.00000000     2.0502762872e-02
    200000     10.00000000     2.7839439948e-02
    200000     12.00000000     4.1040082049e-02
    200000     14.00000000     5.9682318042e-02
    200000     16.00000000     8.1854998250e-02
    200000     18.00000000     1.0646256756e-01
    200000     20.00000000     1.3321962754e-01
    200000     22.00000000     1.6207493630e-01
    200000     24.00000000     1.9297588513e-01
    200000     26.00000000     2.2582681887e-01
    200000     28.00000000     2.6049657016e-01
    200000     30.00000000     2.9683036761e-01
    200000     32.00000000     3.3465797532e-01
    200000     34.00000000     3.7379845883e-01
    200000     36.00000000     4.1406297569e-01
    200000     38.00000000     4.5525657119e-01
    200000     40.00000000     4.9717951476e-01
    200000     42.00000000     5.3962843876e-01
    200000     44.00000000     5.8239739835e-01
    200000     46.00000000     6.2527890278e-01
    200000     48.00000000     6.6806493698e-01
    200000     50.00000000     7.1054797861e-01
    200000     52.00000000     7.5252200983e-01
    200000     54.00000000     7.9378352057e-01
    200000     56.00000000     8.3413249910e-01
    200000     58.00000000     8.7337340533e-01
    200000     60.00000000     9.1131612227e-01
    200000     62.00000000     9.4777688093e-01
    200000     64.00000000     9.8257915437e-01
    200000     66.00000000     1.0155545163e+00
    200000     68.00000000     1.0465434604e+00
    200000     70.00000000     1.0753961759e+00
    200000     72.00000000     1.1019732760e+00
    200000     74.00000000     1.1261464756e+00
    200000     76.00000000     1.1477992149e+00
    200000     78.00000000     1.1668272255e+00
    200000     80.00000000     1.1831390372e+00
    200000     82.00000000     1.1966564222e+00
    200000     84.00000000     1.2073147742e+00
    200000     86.00000000     1.2150634221e+00
    200000     88.00000000     1.2198658754e+00
    200000     90.00000000     1.2217000000e+00
    250000    -90.00000000     1.2217000000e+00
    250000    -88.00000000     1.2209095191e+00
    250000    -86.00000000     1.2171494381e+00
    250000    -84.00000000     1.2104406208e+00
    250000    -82.00000000     1.2008182912e+00
    250000    -80.00000000     1.1883318580e+00
    250000    -78.00000000     1.1730446713e+00
    250000    -76.00000000     1.1550337108e+00
    250000    -74.00000000     1.1343892076e+00
    250000    -72.00000000     1.1112142014e+00
    250000    -70.00000000     1.0856240362e+00
    250000    -68.00000000     1.0577457945e+00
    250000    -66.00000000     1.0277176758e+00
    250000    -64.00000000     9.9568832034e-01
    250000    -62.00000000     9.6181608191e-01
    250000    -60.00000000     9.2626825366e-01
    250000    -58.00000000     8.8922025027e-01
    250000    -56.00000000     8.5085475065e-01
    250000    -54.00000000     8.1136080526e-01
    250000    -52.00000000     7.7093291250e-01
    250000    -50.00000000     7.2977006856e-01
    250000    -48.00000000     6.8807479543e-01
    250000    -46.00000000     6.4605215180e-01
    250000    -44.00000000     6.0390873155e-01
    250000    -42.00000000     5.6185165470e-01
    250000    -40.00000000     5.2008755530e-01
    250000    -38.00000000     4.7882157073e-01
    250000    -36.00000000     4.3825633531e-01
    250000    -34.00000000     3.9859097945e-01
    250000    -32.00000000     3.6002012995e-01
    250000    -30.00000000     3.2273289641e-01
    250000    -28.00000000     2.8691180694e-01
    250000    -26.00000000     2.5273161585e-01
    250000    -24.00000000     2.2035784358e-01
    250000    -22.00000000     1.8994484746e-01
    250000    -20.00000000     1.6163330375e-01
    250000    -18.00000000     1.3554773706e-01
    250000    -16.00000000     1.1179778534e-01
    250000    -14.00000000     9.0495762645e-02
    250000    -12.00000000     7.1816016878e-02
    250000    -10.00000000     5.6074914609e-02
    250000     -8.00000000     4.3552912254e-02
    250000     -6.00000000     3.3943477737e-02
    250000     -4.00000000     2.6544809412e-02
    250000     -2.00000000     2.0995303733e-02
    250000      0.00000000     1.7243861510e-02
    250000      2.00000000     1.5271731856e-02
    250000      4.00000000     1.5001206874e-02
    250000      6.00000000     1.6374969001e-02
    250000      8.00000000     1.9774023234e-02
    250000     10.00000000     2.6796258118e-02
    250000     12.00000000     3.9590100948e-02
    250000     14.00000000     5.8034369051e-02
    250000     16.00000000     8.0203318654e-02
    250000     18.00000000     1.0486377588e-01
    250000     20.00000000     1.3167093388e-01
    250000     22.00000000     1.6056501005e-01
    250000     24.00000000     1.9149733421e-01
    250000     26.00000000     2.2437643155e-01
    250000     28.00000000     2.5907366945e-01
    250000     30.00000000     2.9543556529e-01
    250000     32.00000000     3.3329247580e-01
    250000     34.00000000     3.7246371361e-01
    250000     36.00000000     4.1276052204e-01
    250000     38.00000000     4.5398795936e-01
    250000     40.00000000     4.9594627555e-01
    250000     42.00000000     5.3843206878e-01
    250000     44.00000000     5.8123935286e-01
    250000     46.00000000     6.2416059178e-01
    250000     48.00000000     6.6698772261e-01
    250000     50.00000000     7.0951317316e-01
    250000     52.00000000     7.5153087399e-01
    250000     54.00000000     7.9283726188e-01
    250000     56.00000000     8.3323227042e-01
    250000     58.00000000     8.7252030345e-01
    250000     60.00000000     9.1051118655e-01
    250000     62.00000000     9.4702109207e-01
    250000     64.00000000     9.8187343318e-01
    250000     66.00000000     1.0148997226e+00
    250000     68.00000000     1.0459403920e+00
    250000     70.00000000     1.0748455675e+00
    250000     72.00000000     1.1014757984e+00
    250000     74.00000000     1.1257027349e+00
    250000     76.00000000     1.1474097517e+00
    250000     78.00000000     1.1664925144e+00
    250000     80.00000000     1.1828594860e+00
    250000     82.00000000     1.1964323714e+00
    250000     84.00000000     1.2071464968e+00
    250000     86.00000000     1.2149511232e+00
    250000     88.00000000     1.2198096917e+00
    250000     90.00000000     1.2217000000e+00
