     50000   -90.00000000  -0.0000000000e+00
     50000   -88.00000000  -4.2633000000e-02
     50000   -86.00000000  -8.5107000000e-02
     50000   -84.00000000  -1.2721500000e-01
     50000   -82.00000000  -1.6875200000e-01
     50000   -80.00000000  -2.0951700000e-01
     50000   -78.00000000  -2.4931500000e-01
     50000   -76.00000000  -2.8795100000e-01
     50000   -74.00000000  -3.2524200000e-01
     50000   -72.00000000  -3.6100700000e-01
     50000   -70.00000000  -3.9507700000e-01
     50000   -68.00000000  -4.2728800000e-01
     50000   -66.00000000  -4.5748800000e-01
     50000   -64.00000000  -4.8553600000e-01
     50000   -62.00000000  -5.1129900000e-01
     50000   -60.00000000  -5.3465800000e-01
     50000   -58.00000000  -5.5550700000e-01
     50000   -56.00000000  -5.7375100000e-01
     50000   -54.00000000  -5.8931100000e-01
     50000   -52.00000000  -6.0212200000e-01
     50000   -50.00000000  -6.1213100000e-01
     50000   -48.00000000  -6.1930200000e-01
     50000   -46.00000000  -6.2361700000e-01
     50000   -44.00000000  -6.2506900000e-01
     50000   -42.00000000  -6.2367300000e-01
     50000   -40.00000000  -6.1945700000e-01
     50000   -38.00000000  -6.1246900000e-01
     50000   -36.00000000  -6.0277500000e-01
     50000   -34.00000000  -5.9045900000e-01
     50000   -32.00000000  -5.7563000000e-01
     50000   -30.00000000  -5.5841500000e-01
     50000   -28.00000000  -5.3897100000e-01
     50000   -26.00000000  -5.1748400000e-01
     50000   -24.00000000  -4.9417900000e-01
     50000   -22.00000000  -4.6932800000e-01
     50000   -20.00000000  -4.4327100000e-01
     50000   -18.00000000  -4.1644500000e-01
     50000   -16.00000000  -3.8943900000e-01
     50000   -14.00000000  -3.6309300000e-01
     50000   -12.00000000  -3.3870100000e-01
     50000   -10.00000000  -3.1845500000e-01
     50000    -8.00000000  -3.0656000000e-01
     50000    -6.00000000  -3.1076400000e-01
     50000    -4.00000000  -3.6480000000e-01
     50000    -2.00000000  -2.2315900000e-01
     50000     0.00000000   1.4790000000e-01
     50000     2.00000000   4.0690000000e-01
     50000     4.00000000   7.0410000000e-01
     50000     6.00000000   8.7740000000e-01
     50000     8.00000000   6.6640000000e-01
     50000    10.00000000   6.3630000000e-01
     50000    12.00000000   7.0930000000e-01
     50000    14.00000000   7.7645000000e-01
     50000    16.00000000   8.5300000000e-01
     50000    18.00000000   8.5195400000e-01
     50000    20.00000000   9.2863000000e-01
     50000    22.00000000   9.1289300000e-01
     50000    24.00000000   8.9090400000e-01
     50000    26.00000000   8.7378800000e-01
     50000    28.00000000   8.6004300000e-01
     50000    30.00000000   8.4843900000e-01
     50000    32.00000000   8.3803600000e-01
     50000    34.00000000   8.2810500000e-01
     50000    36.00000000   8.1807200000e-01
     50000    38.00000000   8.0748300000e-01
     50000    40.00000000   7.9597300000e-01
     50000    42.00000000   7.8325300000e-01
     50000    44.00000000   7.6909500000e-01
     50000    46.00000000   7.5332000000e-01
     50000    48.00000000   7.3579300000e-01
     50000    50.00000000   7.1641600000e-01
     50000    52.00000000   6.9512400000e-01
     50000    54.00000000   6.7188100000e-01
     50000    56.00000000   6.4667900000e-01
     50000    58.00000000   6.1953000000e-01
     50000    60.00000000   5.9047300000e-01
     50000    62.00000000   5.5956300000e-01
     50000    64.00000000   5.2687500000e-01
     50000    66.00000000   4.9250200000e-01
     50000    68.00000000   4.5655200000e-01
     50000    70.00000000   4.1914600000e-01
     50000    72.00000000   3.8042100000e-01
     50000    74.00000000   3.4052400000e-01
     50000    76.00000000   2.9961400000e-01
     50000    78.00000000   2.5785900000e-01
     50000    80.00000000   2.1543800000e-01
     50000    82.00000000   1.7253400000e-01
     50000    84.00000000   1.2933900000e-01
     50000    86.00000000   8.6050000000e-02
     50000    88.00000000   4.2869000000e-02
     50000    90.00000000   0.0000000000e+00
    100000   -90.00000000  -0.0000000000e+00
    100000   -88.00000000  -4.2620000000e-02
    100000   -86.00000000  -8.5054000000e-02
    100000   -84.00000000  -1.2709500000e-01
    100000   -82.00000000  -1.6853900000e-01
    100000   -80.00000000  -2.0918400000e-01
    100000   -78.00000000  -2.4883300000e-01
    100000   -76.00000000  -2.8729400000e-01
    100000   -74.00000000  -3.2438100000e-01
    100000   -72.00000000  -3.5991300000e-01
    100000   -70.00000000  -3.9372000000e-01
    100000   -68.00000000  -4.2563900000e-01
    100000   -66.00000000  -4.5551500000e-01
    100000   -64.00000000  -4.8320600000e-01
    100000   -62.00000000  -5.0857800000e-01
    100000   -60.00000000  -5.3151200000e-01
    100000   -58.00000000  -5.5189800000e-01
    100000   -56.00000000  -5.6964100000e-01
    100000   -54.00000000  -5.8465800000e-01
    100000   -52.00000000  -5.9688000000e-01
    100000   -50.00000000  -6.0625300000e-01
    100000   -48.00000000  -6.1273700000e-01
    100000   -46.00000000  -6.1630700000e-01
    100000   -44.00000000  -6.1695200000e-01
    100000   -42.00000000  -6.1467900000e-01
    100000   -40.00000000  -6.0950900000e-01
    100000   -38.00000000  -6.0147900000e-01
    100000   -36.00000000  -5.9064100000e-01
    100000   -34.00000000  -5.7706600000e-01
    100000   -32.00000000  -5.6084100000e-01
    100000   -30.00000000  -5.4207000000e-01
    100000   -28.00000000  -5.2087600000e-01
    100000   -26.00000000  -4.9740400000e-01
    100000   -24.00000000  -4.7182000000e-01
    100000   -22.00000000  -4.4432100000e-01
    100000   -20.00000000  -4.1513700000e-01
    100000   -18.00000000  -3.8454900000e-01
    100000   -16.00000000  -3.5290900000e-01
    100000   -14.00000000  -3.2068700000e-01
    100000   -12.00000000  -2.8855600000e-01
    100000   -10.00000000  -2.5759500000e-01
    100000    -8.00000000  -2.3191200000e-01
    100000    -6.00000000  -2.0331200000e-01
    100000    -4.00000000  -1.4511200000e-01
    100000    -2.00000000   1.7230000000e-01
    100000     0.00000000   5.4380000000e-01
    100000     2.00000000   8.2670000000e-01
    100000     4.00000000   1.0211000000e+00
    100000     6.00000000   1.1917000000e+00
    100000     8.00000000   1.3438000000e+00
    100000    10.00000000   1.4955780000e+00
    100000    12.00000000   1.6392500000e+00
    100000    14.00000000   1.5195680000e+00
    100000    16.00000000   1.4003460000e+00
    100000    18.00000000   1.2991100000e+00
    100000    20.00000000   1.2218190000e+00
    100000    22.00000000   1.1613530000e+00
    100000    24.00000000   1.1129250000e+00
    100000    26.00000000   1.0731890000e+00
    100000    28.00000000   1.0397270000e+00
    100000    30.00000000   1.0107470000e+00
    100000    32.00000000   9.8488800000e-01
    100000    34.00000000   9.6110000000e-01
    100000    36.00000000   9.3856100000e-01
    100000    38.00000000   9.1661900000e-01
    100000    40.00000000   8.9475700000e-01
    100000    42.00000000   8.7256000000e-01
    100000    44.00000000   8.4969700000e-01
    100000    46.00000000   8.2590700000e-01
    100000    48.00000000   8.0098500000e-01
    100000    50.00000000   7.7477800000e-01
    100000    52.00000000   7.4717200000e-01
    100000    54.00000000   7.1809100000e-01
    100000    56.00000000   6.8749200000e-01
    100000    58.00000000   6.5536000000e-01
    100000    60.00000000   6.2170900000e-01
    100000    62.00000000   5.8657300000e-01
    100000    64.00000000   5.5001000000e-01
    100000    66.00000000   5.1209700000e-01
    100000    68.00000000   4.7292900000e-01
    100000    70.00000000   4.3261600000e-01
    100000    72.00000000   3.9128500000e-01
    100000    74.00000000   3.4907600000e-01
    100000    76.00000000   3.0614000000e-01
    100000    78.00000000   2.6264100000e-01
    100000    80.00000000   2.1875100000e-01
    100000    82.00000000   1.7465000000e-01
    100000    84.00000000   1.3052800000e-01
    100000    86.00000000   8.6578000000e-02
    100000    88.00000000   4.3001000000e-02
    100000    90.00000000   0.0000000000e+00
    150000   -90.00000000  -0.0000000000e+00
    150000   -88.00000000  -4.2641000000e-02
    150000   -86.00000000  -8.5138000000e-02
    150000   -84.00000000  -1.2728400000e-01
    150000   -82.00000000  -1.6887500000e-01
    150000   -80.00000000  -2.0971000000e-01
    150000   -78.00000000  -2.4959200000e-01
    150000   -76.00000000  -2.8833000000e-01
    150000   -74.00000000  -3.2573800000e-01
    150000   -72.00000000  -3.6163700000e-01
    150000   -70.00000000  -3.9585800000e-01
    150000   -68.00000000  -4.2823800000e-01
    150000   -66.00000000  -4.5862500000e-01
    150000   -64.00000000  -4.8687700000e-01
    150000   -62.00000000  -5.1286500000e-01
    150000   -60.00000000  -5.3646900000e-01
    150000   -58.00000000  -5.5758400000e-01
    150000   -56.00000000  -5.7611800000e-01
    150000   -54.00000000  -5.9199100000e-01
    150000   -52.00000000  -6.0514000000e-01
    150000   -50.00000000  -6.1551500000e-01
    150000   -48.00000000  -6.2308300000e-01
    150000   -46.00000000  -6.2782600000e-01
    150000   -44.00000000  -6.2974300000e-01
    150000   -42.00000000  -6.2885200000e-01
    150000   -40.00000000  -6.2518600000e-01
    150000   -38.00000000  -6.1879800000e-01
    150000   -36.00000000  -6.0976200000e-01
    150000   -34.00000000  -5.9817200000e-01
    150000   -32.00000000  -5.8414500000e-01
    150000   -30.00000000  -5.6782700000e-01
    150000   -28.00000000  -5.4939100000e-01
    150000   -26.00000000  -5.2904700000e-01
    150000   -24.00000000  -5.0705400000e-01
    150000   -22.00000000  -4.8372700000e-01
    150000   -20.00000000  -4.5947100000e-01
    150000   -18.00000000  -4.3481100000e-01
    150000   -16.00000000  -4.1047400000e-01
    150000   -14.00000000  -3.8751200000e-01
    150000   -12.00000000  -3.6757600000e-01
    150000   -10.00000000  -3.5350000000e-01
    150000    -8.00000000  -3.3107000000e-01
    150000    -6.00000000  -2.9091000000e-01
    150000    -4.00000000  -1.8020000000e-02
    150000    -2.00000000   2.9750000000e-01
    150000     0.00000000   6.3350000000e-01
    150000     2.00000000   8.2930000000e-01
    150000     4.00000000   9.8270000000e-01
    150000     6.00000000   1.1381000000e+00
    150000     8.00000000   1.2852000000e+00
    150000    10.00000000   1.4191000000e+00
    150000    12.00000000   1.5407000000e+00
    150000    14.00000000   1.5904900000e+00
    150000    16.00000000   1.5944870000e+00
    150000    18.00000000   1.4882620000e+00
    150000    20.00000000   1.3800330000e+00
    150000    22.00000000   1.3019840000e+00
    150000    24.00000000   1.2386650000e+00
    150000    26.00000000   1.1861180000e+00
    150000    28.00000000   1.1414890000e+00
    150000    30.00000000   1.1026680000e+00
    150000    32.00000000   1.0680560000e+00
    150000    34.00000000   1.0364200000e+00
    150000    36.00000000   1.0067980000e+00
    150000    38.00000000   9.7842800000e-01
    150000    40.00000000   9.5070300000e-01
    150000    42.00000000   9.2313800000e-01
    150000    44.00000000   8.9534500000e-01
    150000    46.00000000   8.6701500000e-01
    150000    48.00000000   8.3790600000e-01
    150000    50.00000000   8.0783000000e-01
    150000    52.00000000   7.7664800000e-01
    150000    54.00000000   7.4426100000e-01
    150000    56.00000000   7.1060600000e-01
    150000    58.00000000   6.7565200000e-01
    150000    60.00000000   6.3939900000e-01
    150000    62.00000000   6.0187000000e-01
    150000    64.00000000   5.6311300000e-01
    150000    66.00000000   5.2319500000e-01
    150000    68.00000000   4.8220400000e-01
    150000    70.00000000   4.4024400000e-01
    150000    72.00000000   3.9743800000e-01
    150000    74.00000000   3.5392000000e-01
    150000    76.00000000   3.0983700000e-01
    150000    78.00000000   2.6534900000e-01
    150000    80.00000000   2.2062700000e-01
    150000    82.00000000   1.7584900000e-01
    150000    84.00000000   1.3120100000e-01
    150000    86.00000000   8.6877000000e-02
    150000    88.00000000   4.3076000000e-02
    150000    90.00000000   0.0000000000e+00
    200000   -90.00000000  -0.0000000000e+00
    200000   -88.00000000  -4.2679000000e-02
    200000   -86.00000000  -8.5289000000e-02
    200000   -84.00000000  -1.2762400000e-01
    200000   -82.00000000  -1.6948000000e-01
    200000   -80.00000000  -2.1065800000e-01
    200000   -78.00000000  -2.5096100000e-01
    200000   -76.00000000  -2.9019800000e-01
    200000   -74.00000000  -3.2818600000e-01
    200000   -72.00000000  -3.6474700000e-01
    200000   -70.00000000  -3.9971300000e-01
    200000   -68.00000000  -4.3292500000e-01
    200000   -66.00000000  -4.6423300000e-01
    200000   -64.00000000  -4.9349900000e-01
    200000   -62.00000000  -5.2059600000e-01
    200000   -60.00000000  -5.4541000000e-01
    200000   -58.00000000  -5.6784000000e-01
    200000   -56.00000000  -5.8780000000e-01
    200000   -54.00000000  -6.0521800000e-01
    200000   -52.00000000  -6.2003700000e-01
    200000   -50.00000000  -6.3222000000e-01
    200000   -48.00000000  -6.4174300000e-01
    200000   -46.00000000  -6.4860200000e-01
    200000   -44.00000000  -6.5281400000e-01
    200000   -42.00000000  -6.5441400000e-01
    200000   -40.00000000  -6.5346100000e-01
    200000   -38.00000000  -6.5003600000e-01
    200000   -36.00000000  -6.4424900000e-01
    200000   -34.00000000  -6.3623900000e-01
    200000   -32.00000000  -6.2617900000e-01
    200000   -30.00000000  -6.1428500000e-01
    200000   -28.00000000  -6.0082200000e-01
    200000   -26.00000000  -5.8612200000e-01
    200000   -24.00000000  -5.7060300000e-01
    200000   -22.00000000  -5.5480300000e-01
    200000   -20.00000000  -5.3943300000e-01
    200000   -18.00000000  -5.2546700000e-01
    200000   -16.00000000  -5.1430100000e-01
    200000   -14.00000000  -5.0804300000e-01
    200000   -12.00000000  -5.1010300000e-01
    200000   -10.00000000  -4.9149500000e-01
    200000    -8.00000000  -5.1773200000e-01
    200000    -6.00000000  -2.2036300000e-01
    200000    -4.00000000   7.0700000000e-02
    200000    -2.00000000   3.8180000000e-01
    200000     0.00000000   6.4100000000e-01
    200000     2.00000000   8.0700000000e-01
    200000     4.00000000   9.5460000000e-01
    200000     6.00000000   1.1143000000e+00
    200000     8.00000000   1.2572000000e+00
    200000    10.00000000   1.3822000000e+00
    200000    12.00000000   1.4687000000e+00
    200000    14.00000000   1.5326000000e+00
    200000    16.00000000   1.5780440000e+00
    200000    18.00000000   1.5604210000e+00
    200000    20.00000000   1.4507410000e+00
    200000    22.00000000   1.3612960000e+00
    200000    24.00000000   1.2916960000e+00
    200000    26.00000000   1.2337450000e+00
    200000    28.00000000   1.1844070000e+00
    200000    30.00000000   1.1414360000e+00
    200000    32.00000000   1.1031320000e+00
    200000    34.00000000   1.0681860000e+00
    200000    36.00000000   1.0355770000e+00
    200000    38.00000000   1.0044950000e+00
    200000    40.00000000   9.7429800000e-01
    200000    42.00000000   9.4446900000e-01
    200000    44.00000000   9.1459700000e-01
    200000    46.00000000   8.8435300000e-01
    200000    48.00000000   8.5347800000e-01
    200000    50.00000000   8.2177000000e-01
    200000    52.00000000   7.8908000000e-01
    200000    54.00000000   7.5529800000e-01
    200000    56.00000000   7.2035400000e-01
    200000    58.00000000   6.8421100000e-01
    200000    60.00000000   6.4686000000e-01
    200000    62.00000000   6.0832200000e-01
    200000    64.00000000   5.6863900000e-01
    200000    66.00000000   5.2787500000e-01
    200000    68.00000000   4.8611500000e-01
    200000    70.00000000   4.4346200000e-01
    200000    72.00000000   4.0003300000e-01
    200000    74.00000000   3.5596200000e-01
    200000    76.00000000   3.1139600000e-01
    200000    78.00000000   2.6649200000e-01
    200000    80.00000000   2.2141800000e-01
    200000    82.00000000   1.7635400000e-01
    200000    84.00000000   1.3148500000e-01
    200000    86.00000000   8.7003000000e-02
    200000    88.00000000   4.3107000000e-02
    200000    90.00000000   0.0000000000e+00
    250000   -90.00000000  -0.0000000000e+00
    250000   -88.00000000  -4.2718000000e-02
    250000   -86.00000000  -8.5445000000e-02
    250000   -84.00000000  -1.2797500000e-01
    250000   -82.00000000  -1.7010600000e-01
    250000   -80.00000000  -2.1163800000e-01
    250000   -78.00000000  -2.5237500000e-01
    250000   -76.00000000  -2.9212800000e-01
    250000   -74.00000000  -3.3071500000e-01
    250000   -72.00000000  -3.6796000000e-01
    250000   -70.00000000  -4.0369700000e-01
    250000   -68.00000000  -4.3776800000e-01
    250000   -66.00000000  -4.7002800000e-01
    250000   -64.00000000  -5.0034100000e-01
    250000   -62.00000000  -5.2858400000e-01
    250000   -60.00000000  -5.5464700000e-01
    250000   -58.00000000  -5.7843600000e-01
    250000   -56.00000000  -5.9986900000e-01
    250000   -54.00000000  -6.1888300000e-01
    250000   -52.00000000  -6.3542900000e-01
    250000   -50.00000000  -6.4947900000e-01
    250000   -48.00000000  -6.6102200000e-01
    250000   -46.00000000  -6.7006800000e-01
    250000   -44.00000000  -6.7665000000e-01
    250000   -42.00000000  -6.8082500000e-01
    250000   -40.00000000  -6.8267400000e-01
    250000   -38.00000000  -6.8231100000e-01
    250000   -36.00000000  -6.7988100000e-01
    250000   -34.00000000  -6.7556900000e-01
    250000   -32.00000000  -6.6960700000e-01
    250000   -30.00000000  -6.6228300000e-01
    250000   -28.00000000  -6.5395900000e-01
    250000   -26.00000000  -6.4509000000e-01
    250000   -24.00000000  -6.3626100000e-01
    250000   -22.00000000  -6.2823700000e-01
    250000   -20.00000000  -6.2204800000e-01
    250000   -18.00000000  -6.1913000000e-01
    250000   -16.00000000  -6.2157200000e-01
    250000   -14.00000000  -6.3257200000e-01
    250000   -12.00000000  -6.3550100000e-01
    250000   -10.00000000  -7.0520000000e-01
    250000    -8.00000000  -4.8709100000e-01
    250000    -6.00000000  -1.7550000000e-01
    250000    -4.00000000   1.1340000000e-01
    250000    -2.00000000   4.1580000000e-01
    250000     0.00000000   6.3180000000e-01
    250000     2.00000000   7.9010000000e-01
    250000     4.00000000   9.4520000000e-01
    250000     6.00000000   1.1047000000e+00
    250000     8.00000000   1.2472000000e+00
    250000    10.00000000   1.3650000000e+00
    250000    12.00000000   1.4544000000e+00
    250000    14.00000000   1.5253000000e+00
    250000    16.00000000   1.5753930000e+00
    250000    18.00000000   1.5607820000e+00
    250000    20.00000000   1.4514300000e+00
    250000    22.00000000   1.3613730000e+00
    250000    24.00000000   1.2917650000e+00
    250000    26.00000000   1.2338070000e+00
    250000    28.00000000   1.1844630000e+00
    250000    30.00000000   1.1414860000e+00
    250000    32.00000000   1.1031770000e+00
    250000    34.00000000   1.0682280000e+00
    250000    36.00000000   1.0356140000e+00
    250000    38.00000000   1.0045290000e+00
    250000    40.00000000   9.7432900000e-01
    250000    42.00000000   9.4449700000e-01
    250000    44.00000000   9.1462200000e-01
    250000    46.00000000   8.8437500000e-01
    250000    48.00000000   8.5349800000e-01
    250000    50.00000000   8.2178900000e-01
    250000    52.00000000   7.8909600000e-01
    250000    54.00000000   7.5531200000e-01
    250000    56.00000000   7.2036700000e-01
    250000    58.00000000   6.8422200000e-01
    250000    60.00000000   6.4687000000e-01
    250000    62.00000000   6.0833000000e-01
    250000    64.00000000   5.6864600000e-01
    250000    66.00000000   5.2788100000e-01
    250000    68.00000000   4.8612000000e-01
    250000    70.00000000   4.4346600000e-01
    250000    72.00000000   4.0003600000e-01
    250000    74.00000000   3.5596500000e-01
    250000    76.00000000   3.1139800000e-01
    250000    78.00000000   2.6649300000e-01
    250000    80.00000000   2.2141900000e-01
    250000    82.00000000   1.7635500000e-01
    250000    84.00000000   1.3148500000e-01
    250000    86.00000000   8.7003000000e-02
    250000    88.00000000   4.3107000000e-02
    250000    90.00000000   0.0000000000e+00
     50000   -90.00000000  -0.0000000000e+00
     50000   -88.00000000  -4.2635000000e-02
     50000   -86.00000000  -8.5115000000e-02
     50000   -84.00000000  -1.2723100000e-01
     50000   -82.00000000  -1.6878200000e-01
     50000   -80.00000000  -2.0956400000e-01
     50000   -78.00000000  -2.4938200000e-01
     50000   -76.00000000  -2.8804300000e-01
     50000   -74.00000000  -3.2536300000e-01
     50000   -72.00000000  -3.6116100000e-01
     50000   -70.00000000  -3.9526700000e-01
     50000   -68.00000000  -4.2751900000e-01
     50000   -66.00000000  -4.5776500000e-01
     50000   -64.00000000  -4.8586200000e-01
     50000   -62.00000000  -5.1168000000e-01
     50000   -60.00000000  -5.3509900000e-01
     50000   -58.00000000  -5.5601300000e-01
     50000   -56.00000000  -5.7432800000e-01
     50000   -54.00000000  -5.8996400000e-01
     50000   -52.00000000  -6.0285700000e-01
     50000   -50.00000000  -6.1295500000e-01
     50000   -48.00000000  -6.2022300000e-01
     50000   -46.00000000  -6.2464200000e-01
     50000   -44.00000000  -6.2620800000e-01
     50000   -42.00000000  -6.2493400000e-01
     50000   -40.00000000  -6.2085200000e-01
     50000   -38.00000000  -6.1401000000e-01
     50000   -36.00000000  -6.0447600000e-01
     50000   -34.00000000  -5.9233800000e-01
     50000   -32.00000000  -5.7770400000e-01
     50000   -30.00000000  -5.6070700000e-01
     50000   -28.00000000  -5.4150900000e-01
     50000   -26.00000000  -5.2030000000e-01
     50000   -24.00000000  -4.9731400000e-01
     50000   -22.00000000  -4.7283400000e-01
     50000   -20.00000000  -4.4721600000e-01
     50000   -18.00000000  -4.2091800000e-01
     50000   -16.00000000  -3.9456200000e-01
     50000   -14.00000000  -3.6904000000e-01
     50000   -12.00000000  -3.4573300000e-01
     50000   -10.00000000  -3.2699000000e-01
     50000    -8.00000000  -3.1732800000e-01
     50000    -6.00000000  -3.2519700000e-01
     50000    -4.00000000  -3.8660000000e-01
     50000    -2.00000000  -2.9843500000e-01
     50000     0.00000000   1.6920000000e-01
     50000     2.00000000   4.3700000000e-01
     50000     4.00000000   7.8800000000e-01
     50000     6.00000000   1.1777240000e+00
     50000     8.00000000   1.1797480000e+00
     50000    10.00000000   1.0015740000e+00
     50000    12.00000000   9.0553400000e-01
     50000    14.00000000   8.4244900000e-01
     50000    16.00000000   8.0236300000e-01
     50000    18.00000000   7.7698600000e-01
     50000    20.00000000   7.6128400000e-01
     50000    22.00000000   7.5199900000e-01
     50000    24.00000000   7.4691800000e-01
     50000    26.00000000   7.4447200000e-01
     50000    28.00000000   7.4351400000e-01
     50000    30.00000000   7.4317800000e-01
     50000    32.00000000   7.4279900000e-01
     50000    34.00000000   7.4185400000e-01
     50000    36.00000000   7.3993300000e-01
     50000    38.00000000   7.3670500000e-01
     50000    40.00000000   7.3190900000e-01
     50000    42.00000000   7.2533600000e-01
     50000    44.00000000   7.1682300000e-01
     50000    46.00000000   7.0624600000e-01
     50000    48.00000000   6.9351400000e-01
     50000    50.00000000   6.7856700000e-01
     50000    52.00000000   6.6137000000e-01
     50000    54.00000000   6.4191400000e-01
     50000    56.00000000   6.2021100000e-01
     50000    58.00000000   5.9629400000e-01
     50000    60.00000000   5.7021600000e-01
     50000    62.00000000   5.4204600000e-01
     50000    64.00000000   5.1187200000e-01
     50000    66.00000000   4.7979400000e-01
     50000    68.00000000   4.4593100000e-01
     50000    70.00000000   4.1041000000e-01
     50000    72.00000000   3.7337500000e-01
     50000    74.00000000   3.3497700000e-01
     50000    76.00000000   2.9538100000e-01
     50000    78.00000000   2.5475800000e-01
     50000    80.00000000   2.1328900000e-01
     50000    82.00000000   1.7116100000e-01
     50000    84.00000000   1.2856800000e-01
     50000    86.00000000   8.5708000000e-02
     50000    88.00000000   4.2784000000e-02
     50000    90.00000000   0.0000000000e+00
    100000   -90.00000000  -0.0000000000e+00
    100000   -88.00000000  -4.2636000000e-02
    100000   -86.00000000  -8.5117000000e-02
    100000   -84.00000000  -1.2723800000e-01
    100000   -82.00000000  -1.6879400000e-01
    100000   -80.00000000  -2.0958300000e-01
    100000   -78.00000000  -2.4940900000e-01
    100000   -76.00000000  -2.8808000000e-01
    100000   -74.00000000  -3.2541100000e-01
    100000   -72.00000000  -3.6122200000e-01
    100000   -70.00000000  -3.9534300000e-01
    100000   -68.00000000  -4.2761200000e-01
    100000   -66.00000000  -4.5787500000e-01
    100000   -64.00000000  -4.8599300000e-01
    100000   -62.00000000  -5.1183200000e-01
    100000   -60.00000000  -5.3527500000e-01
    100000   -58.00000000  -5.5621400000e-01
    100000   -56.00000000  -5.7455700000e-01
    100000   -54.00000000  -5.9022400000e-01
    100000   -52.00000000  -6.0315000000e-01
    100000   -50.00000000  -6.1328300000e-01
    100000   -48.00000000  -6.2059000000e-01
    100000   -46.00000000  -6.2505000000e-01
    100000   -44.00000000  -6.2666100000e-01
    100000   -42.00000000  -6.2543700000e-01
    100000   -40.00000000  -6.2140800000e-01
    100000   -38.00000000  -6.1462500000e-01
    100000   -36.00000000  -6.0515500000e-01
    100000   -34.00000000  -5.9308600000e-01
    100000   -32.00000000  -5.7853000000e-01
    100000   -30.00000000  -5.6162100000e-01
    100000   -28.00000000  -5.4252000000e-01
    100000   -26.00000000  -5.2142300000e-01
    100000   -24.00000000  -4.9856400000e-01
    100000   -22.00000000  -4.7423200000e-01
    100000   -20.00000000  -4.4878800000e-01
    100000   -18.00000000  -4.2270100000e-01
    100000   -16.00000000  -3.9660400000e-01
    100000   -14.00000000  -3.7141000000e-01
    100000   -12.00000000  -3.4853600000e-01
    100000   -10.00000000  -3.3039200000e-01
    100000    -8.00000000  -3.1889200000e-01
    100000    -6.00000000  -3.3280000000e-01
    100000    -4.00000000  -1.7011400000e-01
    100000    -2.00000000   1.6580000000e-01
    100000     0.00000000   5.0220000000e-01
    100000     2.00000000   8.3420000000e-01
    100000     4.00000000   1.0459000000e+00
    100000     6.00000000   1.2177000000e+00
    100000     8.00000000   1.3760000000e+00
    100000    10.00000000   1.5420810000e+00
    100000    12.00000000   1.6083000000e+00
    100000    14.00000000   1.4491860000e+00
    100000    16.00000000   1.3143120000e+00
    100000    18.00000000   1.2239900000e+00
    100000    20.00000000   1.1555600000e+00
    100000    22.00000000   1.1024580000e+00
    100000    24.00000000   1.0602660000e+00
    100000    26.00000000   1.0258950000e+00
    100000    28.00000000   9.9711000000e-01
    100000    30.00000000   9.7225100000e-01
    100000    32.00000000   9.5005700000e-01
    100000    34.00000000   9.2955600000e-01
    100000    36.00000000   9.0998300000e-01
    100000    38.00000000   8.9073400000e-01
    100000    40.00000000   8.7132800000e-01
    100000    42.00000000   8.5137800000e-01
    100000    44.00000000   8.3058000000e-01
    100000    46.00000000   8.0869000000e-01
    100000    48.00000000   7.8552300000e-01
    100000    50.00000000   7.6093600000e-01
    100000    52.00000000   7.3482700000e-01
    100000    54.00000000   7.0713100000e-01
    100000    56.00000000   6.7781200000e-01
    100000    58.00000000   6.4686200000e-01
    100000    60.00000000   6.1430100000e-01
    100000    62.00000000   5.8016700000e-01
    100000    64.00000000   5.4452300000e-01
    100000    66.00000000   5.0745000000e-01
    100000    68.00000000   4.6904400000e-01
    100000    70.00000000   4.2942100000e-01
    100000    72.00000000   3.8870800000e-01
    100000    74.00000000   3.4704800000e-01
    100000    76.00000000   3.0459200000e-01
    100000    78.00000000   2.6150700000e-01
    100000    80.00000000   2.1796500000e-01
    100000    82.00000000   1.7414800000e-01
    100000    84.00000000   1.3024600000e-01
    100000    86.00000000   8.6453000000e-02
    100000    88.00000000   4.2970000000e-02
    100000    90.00000000   0.0000000000e+00
    150000   -90.00000000  -0.0000000000e+00
    150000   -88.00000000  -4.2647000000e-02
    150000   -86.00000000  -8.5163000000e-02
    150000   -84.00000000  -1.2734000000e-01
    150000   -82.00000000  -1.6897500000e-01
    150000   -80.00000000  -2.0986700000e-01
    150000   -78.00000000  -2.4981900000e-01
    150000   -76.00000000  -2.8864000000e-01
    150000   -74.00000000  -3.2614500000e-01
    150000   -72.00000000  -3.6215400000e-01
    150000   -70.00000000  -3.9649900000e-01
    150000   -68.00000000  -4.2901700000e-01
    150000   -66.00000000  -4.5955700000e-01
    150000   -64.00000000  -4.8797800000e-01
    150000   -62.00000000  -5.1415000000e-01
    150000   -60.00000000  -5.3795500000e-01
    150000   -58.00000000  -5.5928900000e-01
    150000   -56.00000000  -5.7806000000e-01
    150000   -54.00000000  -5.9419000000e-01
    150000   -52.00000000  -6.0761600000e-01
    150000   -50.00000000  -6.1829200000e-01
    150000   -48.00000000  -6.2618500000e-01
    150000   -46.00000000  -6.3128000000e-01
    150000   -44.00000000  -6.3357900000e-01
    150000   -42.00000000  -6.3310100000e-01
    150000   -40.00000000  -6.2988600000e-01
    150000   -38.00000000  -6.2399100000e-01
    150000   -36.00000000  -6.1549500000e-01
    150000   -34.00000000  -6.0450000000e-01
    150000   -32.00000000  -5.9113300000e-01
    150000   -30.00000000  -5.7555000000e-01
    150000   -28.00000000  -5.5794100000e-01
    150000   -26.00000000  -5.3853500000e-01
    150000   -24.00000000  -5.1761800000e-01
    150000   -22.00000000  -4.9554300000e-01
    150000   -20.00000000  -4.7276400000e-01
    150000   -18.00000000  -4.4988200000e-01
    150000   -16.00000000  -4.2773400000e-01
    150000   -14.00000000  -4.0754900000e-01
    150000   -12.00000000  -3.9127000000e-01
    150000   -10.00000000  -3.8225700000e-01
    150000    -8.00000000  -3.7866000000e-01
    150000    -6.00000000  -3.4836600000e-01
    150000    -4.00000000  -1.9785000000e-02
    150000    -2.00000000   2.9210000000e-01
    150000     0.00000000   6.2700000000e-01
    150000     2.00000000   8.5970000000e-01
    150000     4.00000000   1.0214000000e+00
    150000     6.00000000   1.1761000000e+00
    150000     8.00000000   1.3234000000e+00
    150000    10.00000000   1.4257000000e+00
    150000    12.00000000   1.5100000000e+00
    150000    14.00000000   1.5918430000e+00
    150000    16.00000000   1.5233810000e+00
    150000    18.00000000   1.3914420000e+00
    150000    20.00000000   1.3032600000e+00
    150000    22.00000000   1.2337430000e+00
    150000    24.00000000   1.1776500000e+00
    150000    26.00000000   1.1313190000e+00
    150000    28.00000000   1.0921090000e+00
    150000    30.00000000   1.0580630000e+00
    150000    32.00000000   1.0276980000e+00
    150000    34.00000000   9.9987100000e-01
    150000    36.00000000   9.7368600000e-01
    150000    38.00000000   9.4843500000e-01
    150000    40.00000000   9.2355500000e-01
    150000    42.00000000   8.9859500000e-01
    150000    44.00000000   8.7319400000e-01
    150000    46.00000000   8.4706700000e-01
    150000    48.00000000   8.1999000000e-01
    150000    50.00000000   7.9179200000e-01
    150000    52.00000000   7.6234500000e-01
    150000    54.00000000   7.3156200000e-01
    150000    56.00000000   6.9939000000e-01
    150000    58.00000000   6.6580600000e-01
    150000    60.00000000   6.3081500000e-01
    150000    62.00000000   5.9444800000e-01
    150000    64.00000000   5.5675500000e-01
    150000    66.00000000   5.1781000000e-01
    150000    68.00000000   4.7770300000e-01
    150000    70.00000000   4.3654300000e-01
    150000    72.00000000   3.9445200000e-01
    150000    74.00000000   3.5156900000e-01
    150000    76.00000000   3.0804300000e-01
    150000    78.00000000   2.6403500000e-01
    150000    80.00000000   2.1971700000e-01
    150000    82.00000000   1.7526700000e-01
    150000    84.00000000   1.3087400000e-01
    150000    86.00000000   8.6732000000e-02
    150000    88.00000000   4.3039000000e-02
    150000    90.00000000   0.0000000000e+00
    200000   -90.00000000  -0.0000000000e+00
    200000   -88.00000000  -4.2646000000e-02
    200000   -86.00000000  -8.5159000000e-02
    200000   -84.00000000  -1.2733100000e-01
    200000   -82.00000000  -1.6895800000e-01
    200000   -80.00000000  -2.0984100000e-01
    200000   -78.00000000  -2.4978100000e-01
    200000   -76.00000000  -2.8858800000e-01
    200000   -74.00000000  -3.2607700000e-01
    200000   -72.00000000  -3.6206800000e-01
    200000   -70.00000000  -3.9639200000e-01
    200000   -68.00000000  -4.2888700000e-01
    200000   -66.00000000  -4.5940100000e-01
    200000   -64.00000000  -4.8779400000e-01
    200000   -62.00000000  -5.1393500000e-01
    200000   -60.00000000  -5.3770700000e-01
    200000   -58.00000000  -5.5900400000e-01
    200000   -56.00000000  -5.7773500000e-01
    200000   -54.00000000  -5.9382200000e-01
    200000   -52.00000000  -6.0720200000e-01
    200000   -50.00000000  -6.1782800000e-01
    200000   -48.00000000  -6.2566600000e-01
    200000   -46.00000000  -6.3070200000e-01
    200000   -44.00000000  -6.3293800000e-01
    200000   -42.00000000  -6.3239100000e-01
    200000   -40.00000000  -6.2910000000e-01
    200000   -38.00000000  -6.2312300000e-01
    200000   -36.00000000  -6.1453700000e-01
    200000   -34.00000000  -6.0344200000e-01
    200000   -32.00000000  -5.8996500000e-01
    200000   -30.00000000  -5.7425900000e-01
    200000   -28.00000000  -5.5651100000e-01
    200000   -26.00000000  -5.3694900000e-01
    200000   -24.00000000  -5.1585200000e-01
    200000   -22.00000000  -4.9356800000e-01
    200000   -20.00000000  -4.7054100000e-01
    200000   -18.00000000  -4.4736300000e-01
    200000   -16.00000000  -4.2484900000e-01
    200000   -14.00000000  -4.0420000000e-01
    200000   -12.00000000  -3.8730900000e-01
    200000   -10.00000000  -3.7745000000e-01
    200000    -8.00000000  -3.8189800000e-01
    200000    -6.00000000  -2.8517300000e-01
    200000    -4.00000000   5.5200000000e-02
    200000    -2.00000000   3.5860000000e-01
    200000     0.00000000   6.6390000000e-01
    200000     2.00000000   8.5020000000e-01
    200000     4.00000000   1.0007000000e+00
    200000     6.00000000   1.1568000000e+00
    200000     8.00000000   1.3004000000e+00
    200000    10.00000000   1.3998000000e+00
    200000    12.00000000   1.4962000000e+00
    200000    14.00000000   1.5721870000e+00
    200000    16.00000000   1.5805000000e+00
    200000    18.00000000   1.4632250000e+00
    200000    20.00000000   1.3605650000e+00
    200000    22.00000000   1.2846790000e+00
    200000    24.00000000   1.2231930000e+00
    200000    26.00000000   1.1722220000e+00
    200000    28.00000000   1.1289670000e+00
    200000    30.00000000   1.0913570000e+00
    200000    32.00000000   1.0578220000e+00
    200000    34.00000000   1.0271520000e+00
    200000    36.00000000   9.9840100000e-01
    200000    38.00000000   9.7082200000e-01
    200000    40.00000000   9.4381900000e-01
    200000    42.00000000   9.1691400000e-01
    200000    44.00000000   8.8972800000e-01
    200000    46.00000000   8.6195700000e-01
    200000    48.00000000   8.3336300000e-01
    200000    50.00000000   8.0376300000e-01
    200000    52.00000000   7.7302100000e-01
    200000    54.00000000   7.4104000000e-01
    200000    56.00000000   7.0776100000e-01
    200000    58.00000000   6.7315500000e-01
    200000    60.00000000   6.3722300000e-01
    200000    62.00000000   5.9998800000e-01
    200000    64.00000000   5.6150000000e-01
    200000    66.00000000   5.2182900000e-01
    200000    68.00000000   4.8106200000e-01
    200000    70.00000000   4.3930600000e-01
    200000    72.00000000   3.9668100000e-01
    200000    74.00000000   3.5332400000e-01
    200000    76.00000000   3.0938200000e-01
    200000    78.00000000   2.6501600000e-01
    200000    80.00000000   2.2039600000e-01
    200000    82.00000000   1.7570100000e-01
    200000    84.00000000   1.3111800000e-01
    200000    86.00000000   8.6840000000e-02
    200000    88.00000000   4.3066000000e-02
    200000    90.00000000   0.0000000000e+00
    250000   -90.00000000  -0.0000000000e+00
    250000   -88.00000000  -4.2653000000e-02
    250000   -86.00000000  -8.5187000000e-02
    250000   -84.00000000  -1.2739400000e-01
    250000   -82.00000000  -1.6907000000e-01
    250000   -80.00000000  -2.1001600000e-01
    250000   -78.00000000  -2.5003400000e-01
    250000   -76.00000000  -2.8893400000e-01
    250000   -74.00000000  -3.2652900000e-01
    250000   -72.00000000  -3.6264200000e-01
    250000   -70.00000000  -3.9710400000e-01
    250000   -68.00000000  -4.2975300000e-01
    250000   -66.00000000  -4.6043800000e-01
    250000   -64.00000000  -4.8901800000e-01
    250000   -62.00000000  -5.1536400000e-01
    250000   -60.00000000  -5.3935900000e-01
    250000   -58.00000000  -5.6089900000e-01
    250000   -56.00000000  -5.7989400000e-01
    250000   -54.00000000  -5.9626600000e-01
    250000   -52.00000000  -6.0995500000e-01
    250000   -50.00000000  -6.2091400000e-01
    250000   -48.00000000  -6.2911400000e-01
    250000   -46.00000000  -6.3454100000e-01
    250000   -44.00000000  -6.3720000000e-01
    250000   -42.00000000  -6.3711400000e-01
    250000   -40.00000000  -6.3432500000e-01
    250000   -38.00000000  -6.2889500000e-01
    250000   -36.00000000  -6.2090900000e-01
    250000   -34.00000000  -6.1047600000e-01
    250000   -32.00000000  -5.9773100000e-01
    250000   -30.00000000  -5.8284300000e-01
    250000   -28.00000000  -5.6601400000e-01
    250000   -26.00000000  -5.4749500000e-01
    250000   -24.00000000  -5.2759400000e-01
    250000   -22.00000000  -5.0670000000e-01
    250000   -20.00000000  -4.8531600000e-01
    250000   -18.00000000  -4.6411300000e-01
    250000   -16.00000000  -4.4403200000e-01
    250000   -14.00000000  -4.2646900000e-01
    250000   -12.00000000  -4.1364300000e-01
    250000   -10.00000000  -4.0853300000e-01
    250000    -8.00000000  -4.2922600000e-01
    250000    -6.00000000  -2.2572700000e-01
    250000    -4.00000000   1.0370000000e-01
    250000    -2.00000000   4.0160000000e-01
    250000     0.00000000   6.6970000000e-01
    250000     2.00000000   8.3650000000e-01
    250000     4.00000000   9.9020000000e-01
    250000     6.00000000   1.1495000000e+00
    250000     8.00000000   1.2915000000e+00
    250000    10.00000000   1.4029000000e+00
    250000    12.00000000   1.4995000000e+00
    250000    14.00000000   1.5905240000e+00
    250000    16.00000000   1.5723410000e+00
    250000    18.00000000   1.4387380000e+00
    250000    20.00000000   1.3439910000e+00
    250000    22.00000000   1.2699470000e+00
    250000    24.00000000   1.2100200000e+00
    250000    26.00000000   1.1603920000e+00
    250000    28.00000000   1.1183070000e+00
    250000    30.00000000   1.0817280000e+00
    250000    32.00000000   1.0491090000e+00
    250000    34.00000000   1.0192610000e+00
    250000    36.00000000   9.9125300000e-01
    250000    38.00000000   9.6434700000e-01
    250000    40.00000000   9.3795800000e-01
    250000    42.00000000   9.1161600000e-01
    250000    44.00000000   8.8494600000e-01
    250000    46.00000000   8.5765000000e-01
    250000    48.00000000   8.2949500000e-01
    250000    50.00000000   8.0030100000e-01
    250000    52.00000000   7.6993300000e-01
    250000    54.00000000   7.3829900000e-01
    250000    56.00000000   7.0534000000e-01
    250000    58.00000000   6.7103000000e-01
    250000    60.00000000   6.3536900000e-01
    250000    62.00000000   5.9838600000e-01
    250000    64.00000000   5.6012800000e-01
    250000    66.00000000   5.2066600000e-01
    250000    68.00000000   4.8009100000e-01
    250000    70.00000000   4.3850700000e-01
    250000    72.00000000   3.9603600000e-01
    250000    74.00000000   3.5281600000e-01
    250000    76.00000000   3.0899500000e-01
    250000    78.00000000   2.6473200000e-01
    250000    80.00000000   2.2020000000e-01
    250000    82.00000000   1.7557600000e-01
    250000    84.00000000   1.3104700000e-01
    250000    86.00000000   8.6809000000e-02
    250000    88.00000000   4.3059000000e-02
    250000    90.00000000   0.0000000000e+00
     50000   -90.00000000  -0.0000000000e+00
     50000   -88.00000000  -4.2633000000e-02
     50000   -86.00000000  -8.5107000000e-02
     50000   -84.00000000  -1.2721500000e-01
     50000   -82.00000000  -1.6875200000e-01
     50000   -80.00000000  -2.0951700000e-01
     50000   -78.00000000  -2.4931400000e-01
     50000   -76.00000000  -2.8795100000e-01
     50000   -74.00000000  -3.2524100000e-01
     50000   -72.00000000  -3.6100700000e-01
     50000   -70.00000000  -3.9507600000e-01
     50000   -68.00000000  -4.2728700000e-01
     50000   -66.00000000  -4.5748700000e-01
     50000   -64.00000000  -4.8553400000e-01
     50000   -62.00000000  -5.1129700000e-01
     50000   -60.00000000  -5.3465600000e-01
     50000   -58.00000000  -5.5550400000e-01
     50000   -56.00000000  -5.7374900000e-01
     50000   -54.00000000  -5.8930800000e-01
     50000   -52.00000000  -6.0211800000e-01
     50000   -50.00000000  -6.1212700000e-01
     50000   -48.00000000  -6.1929800000e-01
     50000   -46.00000000  -6.2361200000e-01
     50000   -44.00000000  -6.2506400000e-01
     50000   -42.00000000  -6.2366700000e-01
     50000   -40.00000000  -6.1945100000e-01
     50000   -38.00000000  -6.1246200000e-01
     50000   -36.00000000  -6.0276700000e-01
     50000   -34.00000000  -5.9045100000e-01
     50000   -32.00000000  -5.7562000000e-01
     50000   -30.00000000  -5.5840400000e-01
     50000   -28.00000000  -5.3895900000e-01
     50000   -26.00000000  -5.1747100000e-01
     50000   -24.00000000  -4.9416400000e-01
     50000   -22.00000000  -4.6931200000e-01
     50000   -20.00000000  -4.4325200000e-01
     50000   -18.00000000  -4.1642400000e-01
     50000   -16.00000000  -3.8941600000e-01
     50000   -14.00000000  -3.6306600000e-01
     50000   -12.00000000  -3.3866900000e-01
     50000   -10.00000000  -3.1841600000e-01
     50000    -8.00000000  -3.0651100000e-01
     50000    -6.00000000  -3.1101400000e-01
     50000    -4.00000000  -3.6470000000e-01
     50000    -2.00000000  -2.1814400000e-01
     50000     0.00000000   1.7510000000e-01
     50000     2.00000000   4.8260000000e-01
     50000     4.00000000   8.6250000000e-01
     50000     6.00000000   1.2000000000e+00
     50000     8.00000000   1.3789910000e+00
     50000    10.00000000   1.4529790000e+00
     50000    12.00000000   1.2923290000e+00
     50000    14.00000000   1.1973310000e+00
     50000    16.00000000   1.1080630000e+00
     50000    18.00000000   1.0439060000e+00
     50000    20.00000000   9.9671800000e-01
     50000    22.00000000   9.6126900000e-01
     50000    24.00000000   9.3402800000e-01
     50000    26.00000000   9.1251900000e-01
     50000    28.00000000   8.9494400000e-01
     50000    30.00000000   8.7996400000e-01
     50000    32.00000000   8.6655900000e-01
     50000    34.00000000   8.5393700000e-01
     50000    36.00000000   8.4147500000e-01
     50000    38.00000000   8.2868100000e-01
     50000    40.00000000   8.1516000000e-01
     50000    42.00000000   8.0059900000e-01
     50000    44.00000000   7.8475000000e-01
     50000    46.00000000   7.6741900000e-01
     50000    48.00000000   7.4845500000e-01
     50000    50.00000000   7.2775200000e-01
     50000    52.00000000   7.0523300000e-01
     50000    54.00000000   6.8085700000e-01
     50000    56.00000000   6.5460600000e-01
     50000    58.00000000   6.2649000000e-01
     50000    60.00000000   5.9654000000e-01
     50000    62.00000000   5.6480900000e-01
     50000    64.00000000   5.3136900000e-01
     50000    66.00000000   4.9630800000e-01
     50000    68.00000000   4.5973300000e-01
     50000    70.00000000   4.2176200000e-01
     50000    72.00000000   3.8253100000e-01
     50000    74.00000000   3.4218500000e-01
     50000    76.00000000   3.0088100000e-01
     50000    78.00000000   2.5878800000e-01
     50000    80.00000000   2.1608100000e-01
     50000    82.00000000   1.7294500000e-01
     50000    84.00000000   1.2957000000e-01
     50000    86.00000000   8.6153000000e-02
     50000    88.00000000   4.2895000000e-02
     50000    90.00000000   0.0000000000e+00
    100000   -90.00000000  -0.0000000000e+00
    100000   -88.00000000  -4.2637000000e-02
    100000   -86.00000000  -8.5122000000e-02
    100000   -84.00000000  -1.2724800000e-01
    100000   -82.00000000  -1.6881100000e-01
    100000   -80.00000000  -2.0961100000e-01
    100000   -78.00000000  -2.4944900000e-01
    100000   -76.00000000  -2.8813500000e-01
    100000   -74.00000000  -3.2548300000e-01
    100000   -72.00000000  -3.6131300000e-01
    100000   -70.00000000  -3.9545600000e-01
    100000   -68.00000000  -4.2774900000e-01
    100000   -66.00000000  -4.5804000000e-01
    100000   -64.00000000  -4.8618700000e-01
    100000   -62.00000000  -5.1205900000e-01
    100000   -60.00000000  -5.3553700000e-01
    100000   -58.00000000  -5.5651600000e-01
    100000   -56.00000000  -5.7490100000e-01
    100000   -54.00000000  -5.9061300000e-01
    100000   -52.00000000  -6.0358700000e-01
    100000   -50.00000000  -6.1377400000e-01
    100000   -48.00000000  -6.2113800000e-01
    100000   -46.00000000  -6.2566100000e-01
    100000   -44.00000000  -6.2733900000e-01
    100000   -42.00000000  -6.2618800000e-01
    100000   -40.00000000  -6.2223900000e-01
    100000   -38.00000000  -6.1554300000e-01
    100000   -36.00000000  -6.0616800000e-01
    100000   -34.00000000  -5.9420500000e-01
    100000   -32.00000000  -5.7976500000e-01
    100000   -30.00000000  -5.6298600000e-01
    100000   -28.00000000  -5.4403100000e-01
    100000   -26.00000000  -5.2310000000e-01
    100000   -24.00000000  -5.0043100000e-01
    100000   -22.00000000  -4.7632100000e-01
    100000   -20.00000000  -4.5113800000e-01
    100000   -18.00000000  -4.2536500000e-01
    100000   -16.00000000  -3.9965500000e-01
    100000   -14.00000000  -3.7495200000e-01
    100000   -12.00000000  -3.5272400000e-01
    100000   -10.00000000  -3.3547500000e-01
    100000    -8.00000000  -3.2709100000e-01
    100000    -6.00000000  -3.4570800000e-01
    100000    -4.00000000  -2.2486400000e-01
    100000    -2.00000000   1.5090000000e-01
    100000     0.00000000   4.7340000000e-01
    100000     2.00000000   8.2060000000e-01
    100000     4.00000000   1.0756000000e+00
    100000     6.00000000   1.2463000000e+00
    100000     8.00000000   1.3825000000e+00
    100000    10.00000000   1.4585070000e+00
    100000    12.00000000   1.5577890000e+00
    100000    14.00000000   1.4436320000e+00
    100000    16.00000000   1.3042020000e+00
    100000    18.00000000   1.2151630000e+00
    100000    20.00000000   1.1477740000e+00
    100000    22.00000000   1.0955370000e+00
    100000    24.00000000   1.0540790000e+00
    100000    26.00000000   1.0203380000e+00
    100000    28.00000000   9.9210200000e-01
    100000    30.00000000   9.6772700000e-01
    100000    32.00000000   9.4596400000e-01
    100000    34.00000000   9.2584900000e-01
    100000    36.00000000   9.0662500000e-01
    100000    38.00000000   8.8769300000e-01
    100000    40.00000000   8.6857400000e-01
    100000    42.00000000   8.4888900000e-01
    100000    44.00000000   8.2833300000e-01
    100000    46.00000000   8.0666700000e-01
    100000    48.00000000   7.8370600000e-01
    100000    50.00000000   7.5930900000e-01
    100000    52.00000000   7.3337600000e-01
    100000    54.00000000   7.0584300000e-01
    100000    56.00000000   6.7667400000e-01
    100000    58.00000000   6.4586400000e-01
    100000    60.00000000   6.1343000000e-01
    100000    62.00000000   5.7941400000e-01
    100000    64.00000000   5.4387800000e-01
    100000    66.00000000   5.0690400000e-01
    100000    68.00000000   4.6858800000e-01
    100000    70.00000000   4.2904600000e-01
    100000    72.00000000   3.8840600000e-01
    100000    74.00000000   3.4680900000e-01
    100000    76.00000000   3.0441100000e-01
    100000    78.00000000   2.6137400000e-01
    100000    80.00000000   2.1787300000e-01
    100000    82.00000000   1.7408900000e-01
    100000    84.00000000   1.3021300000e-01
    100000    86.00000000   8.6438000000e-02
    100000    88.00000000   4.2966000000e-02
    100000    90.00000000   0.0000000000e+00
    150000   -90.00000000  -0.0000000000e+00
    150000   -88.00000000  -4.2625000000e-02
    150000   -86.00000000  -8.5073000000e-02
    150000   -84.00000000  -1.2713700000e-01
    150000   -82.00000000  -1.6861400000e-01
    150000   -80.00000000  -2.0930100000e-01
    150000   -78.00000000  -2.4900200000e-01
    150000   -76.00000000  -2.8752500000e-01
    150000   -74.00000000  -3.2468300000e-01
    150000   -72.00000000  -3.6029800000e-01
    150000   -70.00000000  -3.9419700000e-01
    150000   -68.00000000  -4.2621800000e-01
    150000   -66.00000000  -4.5620800000e-01
    150000   -64.00000000  -4.8402400000e-01
    150000   -62.00000000  -5.0953400000e-01
    150000   -60.00000000  -5.3261800000e-01
    150000   -58.00000000  -5.5316600000e-01
    150000   -56.00000000  -5.7108500000e-01
    150000   -54.00000000  -5.8629300000e-01
    150000   -52.00000000  -5.9872200000e-01
    150000   -50.00000000  -6.0831800000e-01
    150000   -48.00000000  -6.1504400000e-01
    150000   -46.00000000  -6.1887500000e-01
    150000   -44.00000000  -6.1980500000e-01
    150000   -42.00000000  -6.1784000000e-01
    150000   -40.00000000  -6.1300500000e-01
    150000   -38.00000000  -6.0534100000e-01
    150000   -36.00000000  -5.9490500000e-01
    150000   -34.00000000  -5.8177200000e-01
    150000   -32.00000000  -5.6603700000e-01
    150000   -30.00000000  -5.4781300000e-01
    150000   -28.00000000  -5.2723400000e-01
    150000   -26.00000000  -5.0446000000e-01
    150000   -24.00000000  -4.7967700000e-01
    150000   -22.00000000  -4.5310800000e-01
    150000   -20.00000000  -4.2502300000e-01
    150000   -18.00000000  -3.9575700000e-01
    150000   -16.00000000  -3.6574500000e-01
    150000   -14.00000000  -3.3558800000e-01
    150000   -12.00000000  -3.0617600000e-01
    150000   -10.00000000  -2.7898000000e-01
    150000    -8.00000000  -2.5843700000e-01
    150000    -6.00000000  -2.4570000000e-01
    150000    -4.00000000  -5.4646000000e-02
    150000    -2.00000000   2.6550000000e-01
    150000     0.00000000   5.9540000000e-01
    150000     2.00000000   8.8210000000e-01
    150000     4.00000000   1.0656000000e+00
    150000     6.00000000   1.2197000000e+00
    150000     8.00000000   1.3369000000e+00
    150000    10.00000000   1.4418000000e+00
    150000    12.00000000   1.5587590000e+00
    150000    14.00000000   1.5173560000e+00
    150000    16.00000000   1.3693370000e+00
    150000    18.00000000   1.2716440000e+00
    150000    20.00000000   1.1975930000e+00
    150000    22.00000000   1.1398190000e+00
    150000    24.00000000   1.0936710000e+00
    150000    26.00000000   1.0558970000e+00
    150000    28.00000000   1.0241450000e+00
    150000    30.00000000   9.9667100000e-01
    150000    32.00000000   9.7215200000e-01
    150000    34.00000000   9.4956600000e-01
    150000    36.00000000   9.2811200000e-01
    150000    38.00000000   9.0715500000e-01
    150000    40.00000000   8.8619100000e-01
    150000    42.00000000   8.6481500000e-01
    150000    44.00000000   8.4270700000e-01
    150000    46.00000000   8.1961200000e-01
    150000    48.00000000   7.9533200000e-01
    150000    50.00000000   7.6971700000e-01
    150000    52.00000000   7.4265800000e-01
    150000    54.00000000   7.1408300000e-01
    150000    56.00000000   6.8395200000e-01
    150000    58.00000000   6.5225300000e-01
    150000    60.00000000   6.1900000000e-01
    150000    62.00000000   5.8423100000e-01
    150000    64.00000000   5.4800400000e-01
    150000    66.00000000   5.1039800000e-01
    150000    68.00000000   4.7150800000e-01
    150000    70.00000000   4.3144800000e-01
    150000    72.00000000   3.9034300000e-01
    150000    74.00000000   3.4833400000e-01
    150000    76.00000000   3.0557400000e-01
    150000    78.00000000   2.6222600000e-01
    150000    80.00000000   2.1846300000e-01
    150000    82.00000000   1.7446600000e-01
    150000    84.00000000   1.3042500000e-01
    150000    86.00000000   8.6532000000e-02
    150000    88.00000000   4.2989000000e-02
    150000    90.00000000   0.0000000000e+00
    200000   -90.00000000  -0.0000000000e+00
    200000   -88.00000000  -4.2620000000e-02
    200000   -86.00000000  -8.5052000000e-02
    200000   -84.00000000  -1.2709000000e-01
    200000   -82.00000000  -1.6853100000e-01
    200000   -80.00000000  -2.0917100000e-01
    200000   -78.00000000  -2.4881500000e-01
    200000   -76.00000000  -2.8727000000e-01
    200000   -74.00000000  -3.2434900000e-01
    200000   -72.00000000  -3.5987300000e-01
    200000   -70.00000000  -3.9367000000e-01
    200000   -68.00000000  -4.2557800000e-01
    200000   -66.00000000  -4.5544200000e-01
    200000   -64.00000000  -4.8311900000e-01
    200000   -62.00000000  -5.0847700000e-01
    200000   -60.00000000  -5.3139500000e-01
    200000   -58.00000000  -5.5176400000e-01
    200000   -56.00000000  -5.6948800000e-01
    200000   -54.00000000  -5.8448500000e-01
    200000   -52.00000000  -5.9668500000e-01
    200000   -50.00000000  -6.0603500000e-01
    200000   -48.00000000  -6.1249300000e-01
    200000   -46.00000000  -6.1603500000e-01
    200000   -44.00000000  -6.1665100000e-01
    200000   -42.00000000  -6.1434500000e-01
    200000   -40.00000000  -6.0914000000e-01
    200000   -38.00000000  -6.0107000000e-01
    200000   -36.00000000  -5.9019000000e-01
    200000   -34.00000000  -5.7656900000e-01
    200000   -32.00000000  -5.6029100000e-01
    200000   -30.00000000  -5.4146200000e-01
    200000   -28.00000000  -5.2020400000e-01
    200000   -26.00000000  -4.9665800000e-01
    200000   -24.00000000  -4.7098900000e-01
    200000   -22.00000000  -4.4339200000e-01
    200000   -20.00000000  -4.1409200000e-01
    200000   -18.00000000  -3.8336400000e-01
    200000   -16.00000000  -3.5155200000e-01
    200000   -14.00000000  -3.1911100000e-01
    200000   -12.00000000  -2.8669300000e-01
    200000   -10.00000000  -2.5533400000e-01
    200000    -8.00000000  -2.2916100000e-01
    200000    -6.00000000  -2.0797000000e-01
    200000    -4.00000000   5.0540000000e-03
    200000    -2.00000000   3.4120000000e-01
    200000     0.00000000   6.5770000000e-01
    200000     2.00000000   8.8650000000e-01
    200000     4.00000000   1.0513000000e+00
    200000     6.00000000   1.2062000000e+00
    200000     8.00000000   1.3300000000e+00
    200000    10.00000000   1.4569750000e+00
    200000    12.00000000   1.5635920000e+00
    200000    14.00000000   1.4447970000e+00
    200000    16.00000000   1.3083120000e+00
    200000    18.00000000   1.2187520000e+00
    200000    20.00000000   1.1509400000e+00
    200000    22.00000000   1.0983510000e+00
    200000    24.00000000   1.0565950000e+00
    200000    26.00000000   1.0225980000e+00
    200000    28.00000000   9.9413800000e-01
    200000    30.00000000   9.6956600000e-01
    200000    32.00000000   9.4762900000e-01
    200000    34.00000000   9.2735600000e-01
    200000    36.00000000   9.0799100000e-01
    200000    38.00000000   8.8892900000e-01
    200000    40.00000000   8.6969400000e-01
    200000    42.00000000   8.4990100000e-01
    200000    44.00000000   8.2924700000e-01
    200000    46.00000000   8.0749000000e-01
    200000    48.00000000   7.8444500000e-01
    200000    50.00000000   7.5997000000e-01
    200000    52.00000000   7.3396600000e-01
    200000    54.00000000   7.0636700000e-01
    200000    56.00000000   6.7713700000e-01
    200000    58.00000000   6.4627000000e-01
    200000    60.00000000   6.1378400000e-01
    200000    62.00000000   5.7972000000e-01
    200000    64.00000000   5.4414100000e-01
    200000    66.00000000   5.0712600000e-01
    200000    68.00000000   4.6877300000e-01
    200000    70.00000000   4.2919800000e-01
    200000    72.00000000   3.8852900000e-01
    200000    74.00000000   3.4690600000e-01
    200000    76.00000000   3.0448500000e-01
    200000    78.00000000   2.6142800000e-01
    200000    80.00000000   2.1791000000e-01
    200000    82.00000000   1.7411300000e-01
    200000    84.00000000   1.3022600000e-01
    200000    86.00000000   8.6444000000e-02
    200000    88.00000000   4.2967000000e-02
    200000    90.00000000   0.0000000000e+00
    250000   -90.00000000  -0.0000000000e+00
    250000   -88.00000000  -4.2621000000e-02
    250000   -86.00000000  -8.5058000000e-02
    250000   -84.00000000  -1.2710400000e-01
    250000   -82.00000000  -1.6855400000e-01
    250000   -80.00000000  -2.0920800000e-01
    250000   -78.00000000  -2.4886800000e-01
    250000   -76.00000000  -2.8734200000e-01
    250000   -74.00000000  -3.2444400000e-01
    250000   -72.00000000  -3.5999400000e-01
    250000   -70.00000000  -3.9382000000e-01
    250000   -68.00000000  -4.2576000000e-01
    250000   -66.00000000  -4.5566000000e-01
    250000   -64.00000000  -4.8337700000e-01
    250000   -62.00000000  -5.0877800000e-01
    250000   -60.00000000  -5.3174300000e-01
    250000   -58.00000000  -5.5216300000e-01
    250000   -56.00000000  -5.6994300000e-01
    250000   -54.00000000  -5.8500000000e-01
    250000   -52.00000000  -5.9726500000e-01
    250000   -50.00000000  -6.0668500000e-01
    250000   -48.00000000  -6.1321900000e-01
    250000   -46.00000000  -6.1684400000e-01
    250000   -44.00000000  -6.1754900000e-01
    250000   -42.00000000  -6.1534000000e-01
    250000   -40.00000000  -6.1024000000e-01
    250000   -38.00000000  -6.0228600000e-01
    250000   -36.00000000  -5.9153200000e-01
    250000   -34.00000000  -5.7805000000e-01
    250000   -32.00000000  -5.6192700000e-01
    250000   -30.00000000  -5.4327000000e-01
    250000   -28.00000000  -5.2220500000e-01
    250000   -26.00000000  -4.9887900000e-01
    250000   -24.00000000  -4.7346200000e-01
    250000   -22.00000000  -4.4615800000e-01
    250000   -20.00000000  -4.1720400000e-01
    250000   -18.00000000  -3.8689200000e-01
    250000   -16.00000000  -3.5559300000e-01
    250000   -14.00000000  -3.2380200000e-01
    250000   -12.00000000  -2.9223900000e-01
    250000   -10.00000000  -2.6464700000e-01
    250000    -8.00000000  -2.3177500000e-01
    250000    -6.00000000  -1.5995000000e-01
    250000    -4.00000000   8.5400000000e-02
    250000    -2.00000000   3.8416700000e-01
    250000     0.00000000   6.9030000000e-01
    250000     2.00000000   8.8540000000e-01
    250000     4.00000000   1.0433000000e+00
    250000     6.00000000   1.2023000000e+00
    250000     8.00000000   1.3353000000e+00
    250000    10.00000000   1.4796370000e+00
    250000    12.00000000   1.5358000000e+00
    250000    14.00000000   1.3863420000e+00
    250000    16.00000000   1.2614970000e+00
    250000    18.00000000   1.1778760000e+00
    250000    20.00000000   1.1148850000e+00
    250000    22.00000000   1.0663030000e+00
    250000    24.00000000   1.0279400000e+00
    250000    26.00000000   9.9686300000e-01
    250000    28.00000000   9.7094800000e-01
    250000    30.00000000   9.4861900000e-01
    250000    32.00000000   9.2867600000e-01
    250000    34.00000000   9.1019200000e-01
    250000    36.00000000   8.9244000000e-01
    250000    38.00000000   8.7484400000e-01
    250000    40.00000000   8.5694500000e-01
    250000    42.00000000   8.3837500000e-01
    250000    44.00000000   8.1884400000e-01
    250000    46.00000000   7.9812200000e-01
    250000    48.00000000   7.7603100000e-01
    250000    50.00000000   7.5243800000e-01
    250000    52.00000000   7.2724900000e-01
    250000    54.00000000   7.0040300000e-01
    250000    56.00000000   6.7186900000e-01
    250000    58.00000000   6.4164500000e-01
    250000    60.00000000   6.0975300000e-01
    250000    62.00000000   5.7623400000e-01
    250000    64.00000000   5.4115500000e-01
    250000    66.00000000   5.0459700000e-01
    250000    68.00000000   4.6666000000e-01
    250000    70.00000000   4.2746000000e-01
    250000    72.00000000   3.8712600000e-01
    250000    74.00000000   3.4580200000e-01
    250000    76.00000000   3.0364200000e-01
    250000    78.00000000   2.6081100000e-01
    250000    80.00000000   2.1748200000e-01
    250000    82.00000000   1.7384000000e-01
    250000    84.00000000   1.3007300000e-01
    250000    86.00000000   8.6376000000e-02
    250000    88.00000000   4.2950000000e-02
    250000    90.00000000   0.0000000000e+00
     50000   -90.00000000  -0.0000000000e+00
     50000   -88.00000000  -4.2634000000e-02
     50000   -86.00000000  -8.5110000000e-02
     50000   -84.00000000  -1.2722100000e-01
     50000   -82.00000000  -1.6876300000e-01
     50000   -80.00000000  -2.0953400000e-01
     50000   -78.00000000  -2.4933900000e-01
     50000   -76.00000000  -2.8798500000e-01
     50000   -74.00000000  -3.2528600000e-01
     50000   -72.00000000  -3.6106300000e-01
     50000   -70.00000000  -3.9514600000e-01
     50000   -68.00000000  -4.2737200000e-01
     50000   -66.00000000  -4.5758900000e-01
     50000   -64.00000000  -4.8565400000e-01
     50000   -62.00000000  -5.1143700000e-01
     50000   -60.00000000  -5.3481800000e-01
     50000   -58.00000000  -5.5569000000e-01
     50000   -56.00000000  -5.7396000000e-01
     50000   -54.00000000  -5.8954800000e-01
     50000   -52.00000000  -6.0238800000e-01
     50000   -50.00000000  -6.1242900000e-01
     50000   -48.00000000  -6.1963600000e-01
     50000   -46.00000000  -6.2398800000e-01
     50000   -44.00000000  -6.2548200000e-01
     50000   -42.00000000  -6.2413000000e-01
     50000   -40.00000000  -6.1996300000e-01
     50000   -38.00000000  -6.1302800000e-01
     50000   -36.00000000  -6.0339100000e-01
     50000   -34.00000000  -5.9114000000e-01
     50000   -32.00000000  -5.7638100000e-01
     50000   -30.00000000  -5.5924600000e-01
     50000   -28.00000000  -5.3989100000e-01
     50000   -26.00000000  -5.1850500000e-01
     50000   -24.00000000  -4.9531500000e-01
     50000   -22.00000000  -4.7059800000e-01
     50000   -20.00000000  -4.4470000000e-01
     50000   -18.00000000  -4.1806600000e-01
     50000   -16.00000000  -3.9129500000e-01
     50000   -14.00000000  -3.6524800000e-01
     50000   -12.00000000  -3.4124900000e-01
     50000   -10.00000000  -3.2154800000e-01
     50000    -8.00000000  -3.1046200000e-01
     50000    -6.00000000  -3.1662300000e-01
     50000    -4.00000000  -3.7270000000e-01
     50000    -2.00000000  -1.7424000000e-01
     50000     0.00000000   1.3900000000e-01
     50000     2.00000000   4.9890000000e-01
     50000     4.00000000   8.6370000000e-01
     50000     6.00000000   1.2369000000e+00
     50000     8.00000000   1.3993000000e+00
     50000    10.00000000   1.4881690000e+00
     50000    12.00000000   1.5133000000e+00
     50000    14.00000000   1.3611980000e+00
     50000    16.00000000   1.2451060000e+00
     50000    18.00000000   1.1635640000e+00
     50000    20.00000000   1.1022620000e+00
     50000    22.00000000   1.0550830000e+00
     50000    24.00000000   1.0179080000e+00
     50000    26.00000000   9.8785300000e-01
     50000    28.00000000   9.6282900000e-01
     50000    30.00000000   9.4128500000e-01
     50000    32.00000000   9.2204000000e-01
     50000    34.00000000   9.0418300000e-01
     50000    36.00000000   8.8699600000e-01
     50000    38.00000000   8.6991300000e-01
     50000    40.00000000   8.5248100000e-01
     50000    42.00000000   8.3434000000e-01
     50000    44.00000000   8.1520200000e-01
     50000    46.00000000   7.9484200000e-01
     50000    48.00000000   7.7308500000e-01
     50000    50.00000000   7.4980100000e-01
     50000    52.00000000   7.2489700000e-01
     50000    54.00000000   6.9831500000e-01
     50000    56.00000000   6.7002500000e-01
     50000    58.00000000   6.4002600000e-01
     50000    60.00000000   6.0834100000e-01
     50000    62.00000000   5.7501400000e-01
     50000    64.00000000   5.4010900000e-01
     50000    66.00000000   5.0371100000e-01
     50000    68.00000000   4.6592000000e-01
     50000    70.00000000   4.2685100000e-01
     50000    72.00000000   3.8663600000e-01
     50000    74.00000000   3.4541600000e-01
     50000    76.00000000   3.0334700000e-01
     50000    78.00000000   2.6059500000e-01
     50000    80.00000000   2.1733300000e-01
     50000    82.00000000   1.7374400000e-01
     50000    84.00000000   1.3001900000e-01
     50000    86.00000000   8.6352000000e-02
     50000    88.00000000   4.2944000000e-02
     50000    90.00000000   0.0000000000e+00
    100000   -90.00000000  -0.0000000000e+00
    100000   -88.00000000  -4.2639000000e-02
    100000   -86.00000000  -8.5128000000e-02
    100000   -84.00000000  -1.2726200000e-01
    100000   -82.00000000  -1.6883700000e-01
    100000   -80.00000000  -2.0965000000e-01
    100000   -78.00000000  -2.4950600000e-01
    100000   -76.00000000  -2.8821300000e-01
    100000   -74.00000000  -3.2558500000e-01
    100000   -72.00000000  -3.6144300000e-01
    100000   -70.00000000  -3.9561700000e-01
    100000   -68.00000000  -4.2794500000e-01
    100000   -66.00000000  -4.5827400000e-01
    100000   -64.00000000  -4.8646300000e-01
    100000   -62.00000000  -5.1238200000e-01
    100000   -60.00000000  -5.3591000000e-01
    100000   -58.00000000  -5.5694400000e-01
    100000   -56.00000000  -5.7538800000e-01
    100000   -54.00000000  -5.9116500000e-01
    100000   -52.00000000  -6.0420900000e-01
    100000   -50.00000000  -6.1447100000e-01
    100000   -48.00000000  -6.2191700000e-01
    100000   -46.00000000  -6.2652800000e-01
    100000   -44.00000000  -6.2830200000e-01
    100000   -42.00000000  -6.2725500000e-01
    100000   -40.00000000  -6.2341900000e-01
    100000   -38.00000000  -6.1684600000e-01
    100000   -36.00000000  -6.0760700000e-01
    100000   -34.00000000  -5.9579300000e-01
    100000   -32.00000000  -5.8151900000e-01
    100000   -30.00000000  -5.6492400000e-01
    100000   -28.00000000  -5.4617700000e-01
    100000   -26.00000000  -5.2548100000e-01
    100000   -24.00000000  -5.0308300000e-01
    100000   -22.00000000  -4.7928600000e-01
    100000   -20.00000000  -4.5447400000e-01
    100000   -18.00000000  -4.2914700000e-01
    100000   -16.00000000  -4.0398600000e-01
    100000   -14.00000000  -3.7998100000e-01
    100000   -12.00000000  -3.5867000000e-01
    100000   -10.00000000  -3.4269100000e-01
    100000    -8.00000000  -3.3713600000e-01
    100000    -6.00000000  -3.4928600000e-01
    100000    -4.00000000  -3.3810900000e-01
    100000    -2.00000000   1.3030000000e-01
    100000     0.00000000   4.5630000000e-01
    100000     2.00000000   7.9350000000e-01
    100000     4.00000000   1.0929000000e+00
    100000     6.00000000   1.2651000000e+00
    100000     8.00000000   1.3553000000e+00
    100000    10.00000000   1.4728650000e+00
    100000    12.00000000   1.4779470000e+00
    100000    14.00000000   1.3232360000e+00
    100000    16.00000000   1.2124060000e+00
    100000    18.00000000   1.1350120000e+00
    100000    20.00000000   1.0770780000e+00
    100000    22.00000000   1.0326970000e+00
    100000    24.00000000   9.9789300000e-01
    100000    26.00000000   9.6987700000e-01
    100000    28.00000000   9.4663100000e-01
    100000    30.00000000   9.2665300000e-01
    100000    32.00000000   9.0880200000e-01
    100000    34.00000000   8.9219300000e-01
    100000    36.00000000   8.7613400000e-01
    100000    38.00000000   8.6007400000e-01
    100000    40.00000000   8.4357600000e-01
    100000    42.00000000   8.2628900000e-01
    100000    44.00000000   8.0793600000e-01
    100000    46.00000000   7.8829800000e-01
    100000    48.00000000   7.6720800000e-01
    100000    50.00000000   7.4454000000e-01
    100000    52.00000000   7.2020500000e-01
    100000    54.00000000   6.9414900000e-01
    100000    56.00000000   6.6634600000e-01
    100000    58.00000000   6.3679600000e-01
    100000    60.00000000   6.0552500000e-01
    100000    62.00000000   5.7257900000e-01
    100000    64.00000000   5.3802400000e-01
    100000    66.00000000   5.0194500000e-01
    100000    68.00000000   4.6444300000e-01
    100000    70.00000000   4.2563700000e-01
    100000    72.00000000   3.8565600000e-01
    100000    74.00000000   3.4464500000e-01
    100000    76.00000000   3.0275900000e-01
    100000    78.00000000   2.6016400000e-01
    100000    80.00000000   2.1703400000e-01
    100000    82.00000000   1.7355300000e-01
    100000    84.00000000   1.2991200000e-01
    100000    86.00000000   8.6305000000e-02
    100000    88.00000000   4.2933000000e-02
    100000    90.00000000   0.0000000000e+00
    150000   -90.00000000  -0.0000000000e+00
    150000   -88.00000000  -4.2637000000e-02
    150000   -86.00000000  -8.5123000000e-02
    150000   -84.00000000  -1.2725100000e-01
    150000   -82.00000000  -1.6881700000e-01
    150000   -80.00000000  -2.0961900000e-01
    150000   -78.00000000  -2.4946100000e-01
    150000   -76.00000000  -2.8815200000e-01
    150000   -74.00000000  -3.2550400000e-01
    150000   -72.00000000  -3.6134100000e-01
    150000   -70.00000000  -3.9549000000e-01
    150000   -68.00000000  -4.2779100000e-01
    150000   -66.00000000  -4.5809000000e-01
    150000   -64.00000000  -4.8624600000e-01
    150000   -62.00000000  -5.1212800000e-01
    150000   -60.00000000  -5.3561700000e-01
    150000   -58.00000000  -5.5660600000e-01
    150000   -56.00000000  -5.7500400000e-01
    150000   -54.00000000  -5.9073000000e-01
    150000   -52.00000000  -6.0371900000e-01
    150000   -50.00000000  -6.1392200000e-01
    150000   -48.00000000  -6.2130300000e-01
    150000   -46.00000000  -6.2584500000e-01
    150000   -44.00000000  -6.2754300000e-01
    150000   -42.00000000  -6.2641400000e-01
    150000   -40.00000000  -6.2248900000e-01
    150000   -38.00000000  -6.1581900000e-01
    150000   -36.00000000  -6.0647300000e-01
    150000   -34.00000000  -5.9454200000e-01
    150000   -32.00000000  -5.8013700000e-01
    150000   -30.00000000  -5.6339700000e-01
    150000   -28.00000000  -5.4448600000e-01
    150000   -26.00000000  -5.2360500000e-01
    150000   -24.00000000  -5.0099300000e-01
    150000   -22.00000000  -4.7694900000e-01
    150000   -20.00000000  -4.5184500000e-01
    150000   -18.00000000  -4.2616600000e-01
    150000   -16.00000000  -4.0057300000e-01
    150000   -14.00000000  -3.7601800000e-01
    150000   -12.00000000  -3.5398500000e-01
    150000   -10.00000000  -3.3700400000e-01
    150000    -8.00000000  -3.2931600000e-01
    150000    -6.00000000  -3.2208400000e-01
    150000    -4.00000000  -1.7162800000e-01
    150000    -2.00000000   2.5820000000e-01
    150000     0.00000000   5.7010000000e-01
    150000     2.00000000   8.8710000000e-01
    150000     4.00000000   1.0939000000e+00
    150000     6.00000000   1.2508000000e+00
    150000     8.00000000   1.3537000000e+00
    150000    10.00000000   1.4469720000e+00
    150000    12.00000000   1.5059880000e+00
    150000    14.00000000   1.3916990000e+00
    150000    16.00000000   1.2633230000e+00
    150000    18.00000000   1.1794700000e+00
    150000    20.00000000   1.1162920000e+00
    150000    22.00000000   1.0675530000e+00
    150000    24.00000000   1.0290580000e+00
    150000    26.00000000   9.9786700000e-01
    150000    28.00000000   9.7185300000e-01
    150000    30.00000000   9.4943600000e-01
    150000    32.00000000   9.2941500000e-01
    150000    34.00000000   9.1086200000e-01
    150000    36.00000000   8.9304700000e-01
    150000    38.00000000   8.7539400000e-01
    150000    40.00000000   8.5744200000e-01
    150000    42.00000000   8.3882500000e-01
    150000    44.00000000   8.1925000000e-01
    150000    46.00000000   7.9848700000e-01
    150000    48.00000000   7.7635900000e-01
    150000    50.00000000   7.5273200000e-01
    150000    52.00000000   7.2751100000e-01
    150000    54.00000000   7.0063500000e-01
    150000    56.00000000   6.7207500000e-01
    150000    58.00000000   6.4182600000e-01
    150000    60.00000000   6.0991000000e-01
    150000    62.00000000   5.7637000000e-01
    150000    64.00000000   5.4127100000e-01
    150000    66.00000000   5.0469500000e-01
    150000    68.00000000   4.6674200000e-01
    150000    70.00000000   4.2752800000e-01
    150000    72.00000000   3.8718100000e-01
    150000    74.00000000   3.4584500000e-01
    150000    76.00000000   3.0367500000e-01
    150000    78.00000000   2.6083500000e-01
    150000    80.00000000   2.1749900000e-01
    150000    82.00000000   1.7385100000e-01
    150000    84.00000000   1.3007900000e-01
    150000    86.00000000   8.6379000000e-02
    150000    88.00000000   4.2951000000e-02
    150000    90.00000000   0.0000000000e+00
    200000   -90.00000000  -0.0000000000e+00
    200000   -88.00000000  -4.2632000000e-02
    200000   -86.00000000  -8.5101000000e-02
    200000   -84.00000000  -1.2720200000e-01
    200000   -82.00000000  -1.6872900000e-01
    200000   -80.00000000  -2.0948100000e-01
    200000   -78.00000000  -2.4926300000e-01
    200000   -76.00000000  -2.8788000000e-01
    200000   -74.00000000  -3.2514900000e-01
    200000   -72.00000000  -3.6088900000e-01
    200000   -70.00000000  -3.9493100000e-01
    200000   -68.00000000  -4.2711000000e-01
    200000   -66.00000000  -4.5727600000e-01
    200000   -64.00000000  -4.8528500000e-01
    200000   -62.00000000  -5.1100500000e-01
    200000   -60.00000000  -5.3431900000e-01
    200000   -58.00000000  -5.5511800000e-01
    200000   -56.00000000  -5.7330800000e-01
    200000   -54.00000000  -5.8881000000e-01
    200000   -52.00000000  -6.0155700000e-01
    200000   -50.00000000  -6.1149700000e-01
    200000   -48.00000000  -6.1859500000e-01
    200000   -46.00000000  -6.2282900000e-01
    200000   -44.00000000  -6.2419500000e-01
    200000   -42.00000000  -6.2270400000e-01
    200000   -40.00000000  -6.1838500000e-01
    200000   -38.00000000  -6.1128500000e-01
    200000   -36.00000000  -6.0146700000e-01
    200000   -34.00000000  -5.8901600000e-01
    200000   -32.00000000  -5.7403600000e-01
    200000   -30.00000000  -5.5665400000e-01
    200000   -28.00000000  -5.3702100000e-01
    200000   -26.00000000  -5.1532000000e-01
    200000   -24.00000000  -4.9176900000e-01
    200000   -22.00000000  -4.6663300000e-01
    200000   -20.00000000  -4.4023900000e-01
    200000   -18.00000000  -4.1300800000e-01
    200000   -16.00000000  -3.8550300000e-01
    200000   -14.00000000  -3.5852300000e-01
    200000   -12.00000000  -3.3329700000e-01
    200000   -10.00000000  -3.1189700000e-01
    200000    -8.00000000  -2.9963600000e-01
    200000    -6.00000000  -2.6167000000e-01
    200000    -4.00000000  -5.8872000000e-02
    200000    -2.00000000   3.2190000000e-01
    200000     0.00000000   6.3080000000e-01
    200000     2.00000000   9.1070000000e-01
    200000     4.00000000   1.0875000000e+00
    200000     6.00000000   1.2378000000e+00
    200000     8.00000000   1.3562000000e+00
    200000    10.00000000   1.4384670000e+00
    200000    12.00000000   1.5235940000e+00
    200000    14.00000000   1.4048700000e+00
    200000    16.00000000   1.2760360000e+00
    200000    18.00000000   1.1905700000e+00
    200000    20.00000000   1.1260820000e+00
    200000    22.00000000   1.0762560000e+00
    200000    24.00000000   1.0368390000e+00
    200000    26.00000000   1.0048550000e+00
    200000    28.00000000   9.7815000000e-01
    200000    30.00000000   9.5512400000e-01
    200000    32.00000000   9.3456200000e-01
    200000    34.00000000   9.1552300000e-01
    200000    36.00000000   8.9727000000e-01
    200000    38.00000000   8.7921800000e-01
    200000    40.00000000   8.6090400000e-01
    200000    42.00000000   8.4195500000e-01
    200000    44.00000000   8.2207500000e-01
    200000    46.00000000   8.0103100000e-01
    200000    48.00000000   7.7864400000e-01
    200000    50.00000000   7.5477700000e-01
    200000    52.00000000   7.2933500000e-01
    200000    54.00000000   7.0225500000e-01
    200000    56.00000000   6.7350500000e-01
    200000    58.00000000   6.4308200000e-01
    200000    60.00000000   6.1100500000e-01
    200000    62.00000000   5.7731700000e-01
    200000    64.00000000   5.4208200000e-01
    200000    66.00000000   5.0538200000e-01
    200000    68.00000000   4.6731600000e-01
    200000    70.00000000   4.2800000000e-01
    200000    72.00000000   3.8756200000e-01
    200000    74.00000000   3.4614500000e-01
    200000    76.00000000   3.0390400000e-01
    200000    78.00000000   2.6100200000e-01
    200000    80.00000000   2.1761500000e-01
    200000    82.00000000   1.7392500000e-01
    200000    84.00000000   1.3012000000e-01
    200000    86.00000000   8.6397000000e-02
    200000    88.00000000   4.2956000000e-02
    200000    90.00000000   0.0000000000e+00
    250000   -90.00000000  -0.0000000000e+00
    250000   -88.00000000  -4.2638000000e-02
    250000   -86.00000000  -8.5124000000e-02
    250000   -84.00000000  -1.2725300000e-01
    250000   -82.00000000  -1.6882000000e-01
    250000   -80.00000000  -2.0962400000e-01
    250000   -78.00000000  -2.4946900000e-01
    250000   -76.00000000  -2.8816200000e-01
    250000   -74.00000000  -3.2551700000e-01
    250000   -72.00000000  -3.6135700000e-01
    250000   -70.00000000  -3.9551100000e-01
    250000   -68.00000000  -4.2781500000e-01
    250000   -66.00000000  -4.5811900000e-01
    250000   -64.00000000  -4.8628100000e-01
    250000   -62.00000000  -5.1216800000e-01
    250000   -60.00000000  -5.3566400000e-01
    250000   -58.00000000  -5.5666100000e-01
    250000   -56.00000000  -5.7506600000e-01
    250000   -54.00000000  -5.9080000000e-01
    250000   -52.00000000  -6.0379800000e-01
    250000   -50.00000000  -6.1401000000e-01
    250000   -48.00000000  -6.2140200000e-01
    250000   -46.00000000  -6.2595400000e-01
    250000   -44.00000000  -6.2766500000e-01
    250000   -42.00000000  -6.2654900000e-01
    250000   -40.00000000  -6.2263900000e-01
    250000   -38.00000000  -6.1598400000e-01
    250000   -36.00000000  -6.0665500000e-01
    250000   -34.00000000  -5.9474300000e-01
    250000   -32.00000000  -5.8035900000e-01
    250000   -30.00000000  -5.6364200000e-01
    250000   -28.00000000  -5.4475800000e-01
    250000   -26.00000000  -5.2390600000e-01
    250000   -24.00000000  -5.0132900000e-01
    250000   -22.00000000  -4.7732500000e-01
    250000   -20.00000000  -4.5226800000e-01
    250000   -18.00000000  -4.2664500000e-01
    250000   -16.00000000  -4.0112100000e-01
    250000   -14.00000000  -3.7665500000e-01
    250000   -12.00000000  -3.5473800000e-01
    250000   -10.00000000  -3.3516000000e-01
    250000    -8.00000000  -3.1845800000e-01
    250000    -6.00000000  -1.2455800000e-01
    250000    -4.00000000  -5.2300000000e-02
    250000    -2.00000000   3.6550000000e-01
    250000     0.00000000   6.7350000000e-01
    250000     2.00000000   9.1485000000e-01
    250000     4.00000000   1.0805000000e+00
    250000     6.00000000   1.2324000000e+00
    250000     8.00000000   1.3587000000e+00
    250000    10.00000000   1.4474190000e+00
    250000    12.00000000   1.5371880000e+00
    250000    14.00000000   1.4167660000e+00
    250000    16.00000000   1.2859320000e+00
    250000    18.00000000   1.1992110000e+00
    250000    20.00000000   1.1337040000e+00
    250000    22.00000000   1.0830300000e+00
    250000    24.00000000   1.0428960000e+00
    250000    26.00000000   1.0102950000e+00
    250000    28.00000000   9.8305200000e-01
    250000    30.00000000   9.5955200000e-01
    250000    32.00000000   9.3856800000e-01
    250000    34.00000000   9.1915100000e-01
    250000    36.00000000   9.0055700000e-01
    250000    38.00000000   8.8219600000e-01
    250000    40.00000000   8.6359900000e-01
    250000    42.00000000   8.4439100000e-01
    250000    44.00000000   8.2427400000e-01
    250000    46.00000000   8.0301200000e-01
    250000    48.00000000   7.8042200000e-01
    250000    50.00000000   7.5637000000e-01
    250000    52.00000000   7.3075500000e-01
    250000    54.00000000   7.0351500000e-01
    250000    56.00000000   6.7461900000e-01
    250000    58.00000000   6.4405900000e-01
    250000    60.00000000   6.1185700000e-01
    250000    62.00000000   5.7805400000e-01
    250000    64.00000000   5.4271300000e-01
    250000    66.00000000   5.0591700000e-01
    250000    68.00000000   4.6776300000e-01
    250000    70.00000000   4.2836700000e-01
    250000    72.00000000   3.8785800000e-01
    250000    74.00000000   3.4637900000e-01
    250000    76.00000000   3.0408200000e-01
    250000    78.00000000   2.6113300000e-01
    250000    80.00000000   2.1770600000e-01
    250000    82.00000000   1.7398200000e-01
    250000    84.00000000   1.3015300000e-01
    250000    86.00000000   8.6412000000e-02
    250000    88.00000000   4.2959000000e-02
    250000    90.00000000   0.0000000000e+00
     50000   -90.00000000  -0.0000000000e+00
     50000   -88.00000000  -4.2632000000e-02
     50000   -86.00000000  -8.5101000000e-02
     50000   -84.00000000  -1.2720100000e-01
     50000   -82.00000000  -1.6872800000e-01
     50000   -80.00000000  -2.0948100000e-01
     50000   -78.00000000  -2.4926200000e-01
     50000   -76.00000000  -2.8787900000e-01
     50000   -74.00000000  -3.2514700000e-01
     50000   -72.00000000  -3.6088700000e-01
     50000   -70.00000000  -3.9492800000e-01
     50000   -68.00000000  -4.2710700000e-01
     50000   -66.00000000  -4.5727100000e-01
     50000   -64.00000000  -4.8527900000e-01
     50000   -62.00000000  -5.1099900000e-01
     50000   -60.00000000  -5.3431200000e-01
     50000   -58.00000000  -5.5511000000e-01
     50000   -56.00000000  -5.7329900000e-01
     50000   -54.00000000  -5.8880000000e-01
     50000   -52.00000000  -6.0154500000e-01
     50000   -50.00000000  -6.1148400000e-01
     50000   -48.00000000  -6.1858000000e-01
     50000   -46.00000000  -6.2281200000e-01
     50000   -44.00000000  -6.2417600000e-01
     50000   -42.00000000  -6.2268400000e-01
     50000   -40.00000000  -6.1836300000e-01
     50000   -38.00000000  -6.1126000000e-01
     50000   -36.00000000  -6.0144000000e-01
     50000   -34.00000000  -5.8898600000e-01
     50000   -32.00000000  -5.7400300000e-01
     50000   -30.00000000  -5.5661700000e-01
     50000   -28.00000000  -5.3698100000e-01
     50000   -26.00000000  -5.1527500000e-01
     50000   -24.00000000  -4.9171900000e-01
     50000   -22.00000000  -4.6657700000e-01
     50000   -20.00000000  -4.4017600000e-01
     50000   -18.00000000  -4.1293600000e-01
     50000   -16.00000000  -3.8542100000e-01
     50000   -14.00000000  -3.5842800000e-01
     50000   -12.00000000  -3.3318500000e-01
     50000   -10.00000000  -3.1176000000e-01
     50000    -8.00000000  -2.9811400000e-01
     50000    -6.00000000  -3.0244800000e-01
     50000    -4.00000000  -3.4770000000e-01
     50000    -2.00000000  -2.1388900000e-01
     50000     0.00000000   1.5900000000e-01
     50000     2.00000000   4.9840000000e-01
     50000     4.00000000   8.6450000000e-01
     50000     6.00000000   1.2514000000e+00
     50000     8.00000000   1.3834500000e+00
     50000    10.00000000   1.4121100000e+00
     50000    12.00000000   1.2620630000e+00
     50000    14.00000000   1.1356230000e+00
     50000    16.00000000   1.0549070000e+00
     50000    18.00000000   9.9749400000e-01
     50000    20.00000000   9.5578000000e-01
     50000    22.00000000   9.2488000000e-01
     50000    24.00000000   9.0149300000e-01
     50000    26.00000000   8.8329800000e-01
     50000    28.00000000   8.6861300000e-01
     50000    30.00000000   8.5618000000e-01
     50000    32.00000000   8.4503900000e-01
     50000    34.00000000   8.3444800000e-01
     50000    36.00000000   8.2381900000e-01
     50000    38.00000000   8.1268800000e-01
     50000    40.00000000   8.0068400000e-01
     50000    42.00000000   7.8751200000e-01
     50000    44.00000000   7.7293900000e-01
     50000    46.00000000   7.5678200000e-01
     50000    48.00000000   7.3890200000e-01
     50000    50.00000000   7.1919900000e-01
     50000    52.00000000   6.9760600000e-01
     50000    54.00000000   6.7408500000e-01
     50000    56.00000000   6.4862500000e-01
     50000    58.00000000   6.2123900000e-01
     50000    60.00000000   5.9196300000e-01
     50000    62.00000000   5.6085100000e-01
     50000    64.00000000   5.2797900000e-01
     50000    66.00000000   4.9343700000e-01
     50000    68.00000000   4.5733300000e-01
     50000    70.00000000   4.1978800000e-01
     50000    72.00000000   3.8093900000e-01
     50000    74.00000000   3.4093200000e-01
     50000    76.00000000   2.9992500000e-01
     50000    78.00000000   2.5808700000e-01
     50000    80.00000000   2.1559600000e-01
     50000    82.00000000   1.7263500000e-01
     50000    84.00000000   1.2939600000e-01
     50000    86.00000000   8.6075000000e-02
     50000    88.00000000   4.2875000000e-02
     50000    90.00000000   0.0000000000e+00
    100000   -90.00000000  -0.0000000000e+00
    100000   -88.00000000  -4.2637000000e-02
    100000   -86.00000000  -8.5121000000e-02
    100000   -84.00000000  -1.2724700000e-01
    100000   -82.00000000  -1.6880900000e-01
    100000   -80.00000000  -2.0960700000e-01
    100000   -78.00000000  -2.4944500000e-01
    100000   -76.00000000  -2.8812900000e-01
    100000   -74.00000000  -3.2547400000e-01
    100000   -72.00000000  -3.6130300000e-01
    100000   -70.00000000  -3.9544300000e-01
    100000   -68.00000000  -4.2773300000e-01
    100000   -66.00000000  -4.5802100000e-01
    100000   -64.00000000  -4.8616400000e-01
    100000   -62.00000000  -5.1203300000e-01
    100000   -60.00000000  -5.3550700000e-01
    100000   -58.00000000  -5.5648000000e-01
    100000   -56.00000000  -5.7486000000e-01
    100000   -54.00000000  -5.9056700000e-01
    100000   -52.00000000  -6.0353600000e-01
    100000   -50.00000000  -6.1371600000e-01
    100000   -48.00000000  -6.2107400000e-01
    100000   -46.00000000  -6.2558900000e-01
    100000   -44.00000000  -6.2726000000e-01
    100000   -42.00000000  -6.2610000000e-01
    100000   -40.00000000  -6.2214200000e-01
    100000   -38.00000000  -6.1543500000e-01
    100000   -36.00000000  -6.0604900000e-01
    100000   -34.00000000  -5.9407300000e-01
    100000   -32.00000000  -5.7962000000e-01
    100000   -30.00000000  -5.6282600000e-01
    100000   -28.00000000  -5.4385400000e-01
    100000   -26.00000000  -5.2290300000e-01
    100000   -24.00000000  -5.0021200000e-01
    100000   -22.00000000  -4.7607500000e-01
    100000   -20.00000000  -4.5086200000e-01
    100000   -18.00000000  -4.2505200000e-01
    100000   -16.00000000  -3.9929600000e-01
    100000   -14.00000000  -3.7453600000e-01
    100000   -12.00000000  -3.5223200000e-01
    100000   -10.00000000  -3.3487800000e-01
    100000    -8.00000000  -3.2727900000e-01
    100000    -6.00000000  -3.4329900000e-01
    100000    -4.00000000  -3.5469400000e-01
    100000    -2.00000000   5.8202000000e-02
    100000     0.00000000   4.4550000000e-01
    100000     2.00000000   7.7310000000e-01
    100000     4.00000000   1.1013000000e+00
    100000     6.00000000   1.2758000000e+00
    100000     8.00000000   1.3567000000e+00
    100000    10.00000000   1.4510190000e+00
    100000    12.00000000   1.3664640000e+00
    100000    14.00000000   1.2161930000e+00
    100000    16.00000000   1.1243120000e+00
    100000    18.00000000   1.0580930000e+00
    100000    20.00000000   1.0092320000e+00
    100000    22.00000000   9.7239100000e-01
    100000    24.00000000   9.4397300000e-01
    100000    26.00000000   9.2145100000e-01
    100000    28.00000000   9.0299300000e-01
    100000    30.00000000   8.8723500000e-01
    100000    32.00000000   8.7313700000e-01
    100000    34.00000000   8.5989400000e-01
    100000    36.00000000   8.4687200000e-01
    100000    38.00000000   8.3356900000e-01
    100000    40.00000000   8.1958500000e-01
    100000    42.00000000   8.0460000000e-01
    100000    44.00000000   7.8836100000e-01
    100000    46.00000000   7.7067000000e-01
    100000    48.00000000   7.5137600000e-01
    100000    50.00000000   7.3036600000e-01
    100000    52.00000000   7.0756500000e-01
    100000    54.00000000   6.8292700000e-01
    100000    56.00000000   6.5643400000e-01
    100000    58.00000000   6.2809500000e-01
    100000    60.00000000   5.9793900000e-01
    100000    62.00000000   5.6601900000e-01
    100000    64.00000000   5.3240500000e-01
    100000    66.00000000   4.9718600000e-01
    100000    68.00000000   4.6046600000e-01
    100000    70.00000000   4.2236600000e-01
    100000    72.00000000   3.8301800000e-01
    100000    74.00000000   3.4256800000e-01
    100000    76.00000000   3.0117400000e-01
    100000    78.00000000   2.5900200000e-01
    100000    80.00000000   2.1622900000e-01
    100000    82.00000000   1.7303900000e-01
    100000    84.00000000   1.2962300000e-01
    100000    86.00000000   8.6176000000e-02
    100000    88.00000000   4.2901000000e-02
    100000    90.00000000   0.0000000000e+00
    150000   -90.00000000  -0.0000000000e+00
    150000   -88.00000000  -4.2640000000e-02
    150000   -86.00000000  -8.5133000000e-02
    150000   -84.00000000  -1.2727300000e-01
    150000   -82.00000000  -1.6885500000e-01
    150000   -80.00000000  -2.0967900000e-01
    150000   -78.00000000  -2.4954800000e-01
    150000   -76.00000000  -2.8827100000e-01
    150000   -74.00000000  -3.2566000000e-01
    150000   -72.00000000  -3.6153900000e-01
    150000   -70.00000000  -3.9573600000e-01
    150000   -68.00000000  -4.2808900000e-01
    150000   -66.00000000  -4.5844700000e-01
    150000   -64.00000000  -4.8666700000e-01
    150000   -62.00000000  -5.1262000000e-01
    150000   -60.00000000  -5.3618600000e-01
    150000   -58.00000000  -5.5725900000e-01
    150000   -56.00000000  -5.7574800000e-01
    150000   -54.00000000  -5.9157200000e-01
    150000   -52.00000000  -6.0466800000e-01
    150000   -50.00000000  -6.1498500000e-01
    150000   -48.00000000  -6.2249100000e-01
    150000   -46.00000000  -6.2716700000e-01
    150000   -44.00000000  -6.2901200000e-01
    150000   -42.00000000  -6.2804200000e-01
    150000   -40.00000000  -6.2428900000e-01
    150000   -38.00000000  -6.1780800000e-01
    150000   -36.00000000  -6.0866800000e-01
    150000   -34.00000000  -5.9696500000e-01
    150000   -32.00000000  -5.8281300000e-01
    150000   -30.00000000  -5.6635400000e-01
    150000   -28.00000000  -5.4776000000e-01
    150000   -26.00000000  -5.2723800000e-01
    150000   -24.00000000  -5.0503900000e-01
    150000   -22.00000000  -4.8147400000e-01
    150000   -20.00000000  -4.5693600000e-01
    150000   -18.00000000  -4.3193800000e-01
    150000   -16.00000000  -4.0718300000e-01
    150000   -14.00000000  -3.8369100000e-01
    150000   -12.00000000  -3.6305800000e-01
    150000   -10.00000000  -3.4801700000e-01
    150000    -8.00000000  -3.3772200000e-01
    150000    -6.00000000  -3.2213900000e-01
    150000    -4.00000000  -1.5340000000e-01
    150000    -2.00000000   2.3260000000e-01
    150000     0.00000000   5.5790000000e-01
    150000     2.00000000   8.7120000000e-01
    150000     4.00000000   1.1113000000e+00
    150000     6.00000000   1.2558000000e+00
    150000     8.00000000   1.3552000000e+00
    150000    10.00000000   1.4700560000e+00
    150000    12.00000000   1.4142190000e+00
    150000    14.00000000   1.2598380000e+00
    150000    16.00000000   1.1612680000e+00
    150000    18.00000000   1.0903610000e+00
    150000    20.00000000   1.0376940000e+00
    150000    22.00000000   9.9769000000e-01
    150000    24.00000000   9.6659300000e-01
    150000    26.00000000   9.4176600000e-01
    150000    28.00000000   9.2129900000e-01
    150000    30.00000000   9.0377100000e-01
    150000    32.00000000   8.8809900000e-01
    150000    34.00000000   8.7344400000e-01
    150000    36.00000000   8.5914800000e-01
    150000    38.00000000   8.4468800000e-01
    150000    40.00000000   8.2964900000e-01
    150000    42.00000000   8.1369800000e-01
    150000    44.00000000   7.9657300000e-01
    150000    46.00000000   7.7806500000e-01
    150000    48.00000000   7.5801700000e-01
    150000    50.00000000   7.3631200000e-01
    150000    52.00000000   7.1286700000e-01
    150000    54.00000000   6.8763500000e-01
    150000    56.00000000   6.6059200000e-01
    150000    58.00000000   6.3174500000e-01
    150000    60.00000000   6.0112200000e-01
    150000    62.00000000   5.6877100000e-01
    150000    64.00000000   5.3476200000e-01
    150000    66.00000000   4.9918200000e-01
    150000    68.00000000   4.6213500000e-01
    150000    70.00000000   4.2373800000e-01
    150000    72.00000000   3.8412400000e-01
    150000    74.00000000   3.4343900000e-01
    150000    76.00000000   3.0183900000e-01
    150000    78.00000000   2.5948900000e-01
    150000    80.00000000   2.1656700000e-01
    150000    82.00000000   1.7325500000e-01
    150000    84.00000000   1.2974400000e-01
    150000    86.00000000   8.6230000000e-02
    150000    88.00000000   4.2914000000e-02
    150000    90.00000000   0.0000000000e+00
    200000   -90.00000000  -0.0000000000e+00
    200000   -88.00000000  -4.2633000000e-02
    200000   -86.00000000  -8.5104000000e-02
    200000   -84.00000000  -1.2720800000e-01
    200000   -82.00000000  -1.6874100000e-01
    200000   -80.00000000  -2.0950000000e-01
    200000   -78.00000000  -2.4928900000e-01
    200000   -76.00000000  -2.8791700000e-01
    200000   -74.00000000  -3.2519600000e-01
    200000   -72.00000000  -3.6095000000e-01
    200000   -70.00000000  -3.9500500000e-01
    200000   -68.00000000  -4.2720100000e-01
    200000   -66.00000000  -4.5738400000e-01
    200000   -64.00000000  -4.8541300000e-01
    200000   -62.00000000  -5.1115500000e-01
    200000   -60.00000000  -5.3449200000e-01
    200000   -58.00000000  -5.5531600000e-01
    200000   -56.00000000  -5.7353400000e-01
    200000   -54.00000000  -5.8906600000e-01
    200000   -52.00000000  -6.0184500000e-01
    200000   -50.00000000  -6.1182000000e-01
    200000   -48.00000000  -6.1895500000e-01
    200000   -46.00000000  -6.2323000000e-01
    200000   -44.00000000  -6.2464100000e-01
    200000   -42.00000000  -6.2319800000e-01
    200000   -40.00000000  -6.1893200000e-01
    200000   -38.00000000  -6.1188900000e-01
    200000   -36.00000000  -6.0213400000e-01
    200000   -34.00000000  -5.8975200000e-01
    200000   -32.00000000  -5.7484800000e-01
    200000   -30.00000000  -5.5755200000e-01
    200000   -28.00000000  -5.3801500000e-01
    200000   -26.00000000  -5.1642400000e-01
    200000   -24.00000000  -4.9299800000e-01
    200000   -22.00000000  -4.6800700000e-01
    200000   -20.00000000  -4.4178500000e-01
    200000   -18.00000000  -4.1476000000e-01
    200000   -16.00000000  -3.8751000000e-01
    200000   -14.00000000  -3.6085300000e-01
    200000   -12.00000000  -3.3605200000e-01
    200000   -10.00000000  -3.1524000000e-01
    200000    -8.00000000  -3.0277300000e-01
    200000    -6.00000000  -2.9897800000e-01
    200000    -4.00000000  -4.7383000000e-02
    200000    -2.00000000   3.1260000000e-01
    200000     0.00000000   6.1940000000e-01
    200000     2.00000000   9.1930000000e-01
    200000     4.00000000   1.1092000000e+00
    200000     6.00000000   1.2462000000e+00
    200000     8.00000000   1.3558000000e+00
    200000    10.00000000   1.4512830000e+00
    200000    12.00000000   1.4969410000e+00
    200000    14.00000000   1.4022110000e+00
    200000    16.00000000   1.2678780000e+00
    200000    18.00000000   1.1834470000e+00
    200000    20.00000000   1.1198000000e+00
    200000    22.00000000   1.0706710000e+00
    200000    24.00000000   1.0318460000e+00
    200000    26.00000000   1.0003710000e+00
    200000    28.00000000   9.7410900000e-01
    200000    30.00000000   9.5147400000e-01
    200000    32.00000000   9.3125900000e-01
    200000    34.00000000   9.1253200000e-01
    200000    36.00000000   8.9456000000e-01
    200000    38.00000000   8.7676400000e-01
    200000    40.00000000   8.5868200000e-01
    200000    42.00000000   8.3994600000e-01
    200000    44.00000000   8.2026200000e-01
    200000    46.00000000   7.9939900000e-01
    200000    48.00000000   7.7717800000e-01
    200000    50.00000000   7.5346500000e-01
    200000    52.00000000   7.2816400000e-01
    200000    54.00000000   7.0121600000e-01
    200000    56.00000000   6.7258700000e-01
    200000    58.00000000   6.4227600000e-01
    200000    60.00000000   6.1030200000e-01
    200000    62.00000000   5.7670900000e-01
    200000    64.00000000   5.4156200000e-01
    200000    66.00000000   5.0494100000e-01
    200000    68.00000000   4.6694800000e-01
    200000    70.00000000   4.2769700000e-01
    200000    72.00000000   3.8731800000e-01
    200000    74.00000000   3.4595300000e-01
    200000    76.00000000   3.0375700000e-01
    200000    78.00000000   2.6089500000e-01
    200000    80.00000000   2.1754100000e-01
    200000    82.00000000   1.7387700000e-01
    200000    84.00000000   1.3009300000e-01
    200000    86.00000000   8.6385000000e-02
    200000    88.00000000   4.2953000000e-02
    200000    90.00000000   0.0000000000e+00
    250000   -90.00000000  -0.0000000000e+00
    250000   -88.00000000  -4.2639000000e-02
    250000   -86.00000000  -8.5130000000e-02
    250000   -84.00000000  -1.2726700000e-01
    250000   -82.00000000  -1.6884500000e-01
    250000   -80.00000000  -2.0966300000e-01
    250000   -78.00000000  -2.4952400000e-01
    250000   -76.00000000  -2.8823800000e-01
    250000   -74.00000000  -3.2561700000e-01
    250000   -72.00000000  -3.6148400000e-01
    250000   -70.00000000  -3.9566800000e-01
    250000   -68.00000000  -4.2800700000e-01
    250000   -66.00000000  -4.5834800000e-01
    250000   -64.00000000  -4.8655100000e-01
    250000   -62.00000000  -5.1248400000e-01
    250000   -60.00000000  -5.3602800000e-01
    250000   -58.00000000  -5.5707900000e-01
    250000   -56.00000000  -5.7554200000e-01
    250000   -54.00000000  -5.9133900000e-01
    250000   -52.00000000  -6.0440500000e-01
    250000   -50.00000000  -6.1469100000e-01
    250000   -48.00000000  -6.2216300000e-01
    250000   -46.00000000  -6.2680200000e-01
    250000   -44.00000000  -6.2860600000e-01
    250000   -42.00000000  -6.2759200000e-01
    250000   -40.00000000  -6.2379200000e-01
    250000   -38.00000000  -6.1725800000e-01
    250000   -36.00000000  -6.0806200000e-01
    250000   -34.00000000  -5.9629500000e-01
    250000   -32.00000000  -5.8207300000e-01
    250000   -30.00000000  -5.6553700000e-01
    250000   -28.00000000  -5.4685500000e-01
    250000   -26.00000000  -5.2623400000e-01
    250000   -24.00000000  -5.0392100000e-01
    250000   -22.00000000  -4.8022400000e-01
    250000   -20.00000000  -4.5552900000e-01
    250000   -18.00000000  -4.3034200000e-01
    250000   -16.00000000  -4.0535600000e-01
    250000   -14.00000000  -3.8157100000e-01
    250000   -12.00000000  -3.6055000000e-01
    250000   -10.00000000  -3.4409300000e-01
    250000    -8.00000000  -3.4016200000e-01
    250000    -6.00000000  -2.5299700000e-01
    250000    -4.00000000   3.9900000000e-02
    250000    -2.00000000   3.7060000000e-01
    250000     0.00000000   6.5670000000e-01
    250000     2.00000000   9.2980000000e-01
    250000     4.00000000   1.1102000000e+00
    250000     6.00000000   1.2459000000e+00
    250000     8.00000000   1.3577000000e+00
    250000    10.00000000   1.4688420000e+00
    250000    12.00000000   1.5143750000e+00
    250000    14.00000000   1.4100470000e+00
    250000    16.00000000   1.2755790000e+00
    250000    18.00000000   1.1901720000e+00
    250000    20.00000000   1.1257310000e+00
    250000    22.00000000   1.0759430000e+00
    250000    24.00000000   1.0365600000e+00
    250000    26.00000000   1.0046040000e+00
    250000    28.00000000   9.7792400000e-01
    250000    30.00000000   9.5492000000e-01
    250000    32.00000000   9.3437700000e-01
    250000    34.00000000   9.1535500000e-01
    250000    36.00000000   8.9711800000e-01
    250000    38.00000000   8.7908100000e-01
    250000    40.00000000   8.6078000000e-01
    250000    42.00000000   8.4184200000e-01
    250000    44.00000000   8.2197300000e-01
    250000    46.00000000   8.0094000000e-01
    250000    48.00000000   7.7856200000e-01
    250000    50.00000000   7.5470400000e-01
    250000    52.00000000   7.2926900000e-01
    250000    54.00000000   7.0219700000e-01
    250000    56.00000000   6.7345400000e-01
    250000    58.00000000   6.4303600000e-01
    250000    60.00000000   6.1096500000e-01
    250000    62.00000000   5.7728300000e-01
    250000    64.00000000   5.4205300000e-01
    250000    66.00000000   5.0535700000e-01
    250000    68.00000000   4.6729600000e-01
    250000    70.00000000   4.2798300000e-01
    250000    72.00000000   3.8754800000e-01
    250000    74.00000000   3.4613400000e-01
    250000    76.00000000   3.0389600000e-01
    250000    78.00000000   2.6099600000e-01
    250000    80.00000000   2.1761100000e-01
    250000    82.00000000   1.7392200000e-01
    250000    84.00000000   1.3011900000e-01
    250000    86.00000000   8.6396000000e-02
    250000    88.00000000   4.2956000000e-02
    250000    90.00000000   0.0000000000e+00
     50000   -90.00000000  -0.0000000000e+00
     50000   -88.00000000  -4.2633000000e-02
     50000   -86.00000000  -8.5105000000e-02
     50000   -84.00000000  -1.2721000000e-01
     50000   -82.00000000  -1.6874300000e-01
     50000   -80.00000000  -2.0950400000e-01
     50000   -78.00000000  -2.4929500000e-01
     50000   -76.00000000  -2.8792500000e-01
     50000   -74.00000000  -3.2520700000e-01
     50000   -72.00000000  -3.6096300000e-01
     50000   -70.00000000  -3.9502200000e-01
     50000   -68.00000000  -4.2722100000e-01
     50000   -66.00000000  -4.5740800000e-01
     50000   -64.00000000  -4.8544100000e-01
     50000   -62.00000000  -5.1118800000e-01
     50000   -60.00000000  -5.3453000000e-01
     50000   -58.00000000  -5.5536000000e-01
     50000   -56.00000000  -5.7358500000e-01
     50000   -54.00000000  -5.8912300000e-01
     50000   -52.00000000  -6.0190900000e-01
     50000   -50.00000000  -6.1189200000e-01
     50000   -48.00000000  -6.1903600000e-01
     50000   -46.00000000  -6.2332000000e-01
     50000   -44.00000000  -6.2474000000e-01
     50000   -42.00000000  -6.2330900000e-01
     50000   -40.00000000  -6.1905400000e-01
     50000   -38.00000000  -6.1202400000e-01
     50000   -36.00000000  -6.0228300000e-01
     50000   -34.00000000  -5.8991700000e-01
     50000   -32.00000000  -5.7503000000e-01
     50000   -30.00000000  -5.5775200000e-01
     50000   -28.00000000  -5.3823800000e-01
     50000   -26.00000000  -5.1667000000e-01
     50000   -24.00000000  -4.9327300000e-01
     50000   -22.00000000  -4.6831400000e-01
     50000   -20.00000000  -4.4213000000e-01
     50000   -18.00000000  -4.1515200000e-01
     50000   -16.00000000  -3.8795900000e-01
     50000   -14.00000000  -3.6137500000e-01
     50000   -12.00000000  -3.3666900000e-01
     50000   -10.00000000  -3.1598900000e-01
     50000    -8.00000000  -3.0344900000e-01
     50000    -6.00000000  -3.0976900000e-01
     50000    -4.00000000  -3.5850000000e-01
     50000    -2.00000000  -1.9410500000e-01
     50000     0.00000000   1.8070000000e-01
     50000     2.00000000   4.9170000000e-01
     50000     4.00000000   8.6660000000e-01
     50000     6.00000000   1.2642500000e+00
     50000     8.00000000   1.3527000000e+00
     50000    10.00000000   1.3373000000e+00
     50000    12.00000000   1.3346810000e+00
     50000    14.00000000   1.3164490000e+00
     50000    16.00000000   1.2225620000e+00
     50000    18.00000000   1.1464010000e+00
     50000    20.00000000   1.0871230000e+00
     50000    22.00000000   1.0416260000e+00
     50000    24.00000000   1.0058770000e+00
     50000    26.00000000   9.7704700000e-01
     50000    28.00000000   9.5309200000e-01
     50000    30.00000000   9.3248900000e-01
     50000    32.00000000   9.1408200000e-01
     50000    34.00000000   8.9697500000e-01
     50000    36.00000000   8.8046700000e-01
     50000    38.00000000   8.6399900000e-01
     50000    40.00000000   8.4712800000e-01
     50000    42.00000000   8.2950000000e-01
     50000    44.00000000   8.1083400000e-01
     50000    46.00000000   7.9090800000e-01
     50000    48.00000000   7.6955200000e-01
     50000    50.00000000   7.4663800000e-01
     50000    52.00000000   7.2207700000e-01
     50000    54.00000000   6.9581100000e-01
     50000    56.00000000   6.6781300000e-01
     50000    58.00000000   6.3808500000e-01
     50000    60.00000000   6.0664800000e-01
     50000    62.00000000   5.7355000000e-01
     50000    64.00000000   5.3885600000e-01
     50000    66.00000000   5.0264900000e-01
     50000    68.00000000   4.6503200000e-01
     50000    70.00000000   4.2612100000e-01
     50000    72.00000000   3.8604700000e-01
     50000    74.00000000   3.4495300000e-01
     50000    76.00000000   3.0299400000e-01
     50000    78.00000000   2.6033600000e-01
     50000    80.00000000   2.1715300000e-01
     50000    82.00000000   1.7363000000e-01
     50000    84.00000000   1.2995400000e-01
     50000    86.00000000   8.6324000000e-02
     50000    88.00000000   4.2937000000e-02
     50000    90.00000000   0.0000000000e+00
    100000   -90.00000000  -0.0000000000e+00
    100000   -88.00000000  -4.2632000000e-02
    100000   -86.00000000  -8.5103000000e-02
    100000   -84.00000000  -1.2720500000e-01
    100000   -82.00000000  -1.6873400000e-01
    100000   -80.00000000  -2.0949000000e-01
    100000   -78.00000000  -2.4927500000e-01
    100000   -76.00000000  -2.8789700000e-01
    100000   -74.00000000  -3.2517100000e-01
    100000   -72.00000000  -3.6091800000e-01
    100000   -70.00000000  -3.9496600000e-01
    100000   -68.00000000  -4.2715300000e-01
    100000   -66.00000000  -4.5732700000e-01
    100000   -64.00000000  -4.8534500000e-01
    100000   -62.00000000  -5.1107600000e-01
    100000   -60.00000000  -5.3440000000e-01
    100000   -58.00000000  -5.5521100000e-01
    100000   -56.00000000  -5.7341400000e-01
    100000   -54.00000000  -5.8893000000e-01
    100000   -52.00000000  -6.0169200000e-01
    100000   -50.00000000  -6.1164900000e-01
    100000   -48.00000000  -6.1876400000e-01
    100000   -46.00000000  -6.2301800000e-01
    100000   -44.00000000  -6.2440400000e-01
    100000   -42.00000000  -6.2293600000e-01
    100000   -40.00000000  -6.1864200000e-01
    100000   -38.00000000  -6.1156900000e-01
    100000   -36.00000000  -6.0178100000e-01
    100000   -34.00000000  -5.8936200000e-01
    100000   -32.00000000  -5.7441800000e-01
    100000   -30.00000000  -5.5707600000e-01
    100000   -28.00000000  -5.3748900000e-01
    100000   -26.00000000  -5.1583900000e-01
    100000   -24.00000000  -4.9234700000e-01
    100000   -22.00000000  -4.6727900000e-01
    100000   -20.00000000  -4.4096600000e-01
    100000   -18.00000000  -4.1383200000e-01
    100000   -16.00000000  -3.8644700000e-01
    100000   -14.00000000  -3.5961900000e-01
    100000   -12.00000000  -3.3459300000e-01
    100000   -10.00000000  -3.1347000000e-01
    100000    -8.00000000  -3.0027100000e-01
    100000    -6.00000000  -3.0909000000e-01
    100000    -4.00000000  -3.4325600000e-01
    100000    -2.00000000  -2.9923000000e-02
    100000     0.00000000   4.3700000000e-01
    100000     2.00000000   7.6010000000e-01
    100000     4.00000000   1.1056000000e+00
    100000     6.00000000   1.2676000000e+00
    100000     8.00000000   1.3528000000e+00
    100000    10.00000000   1.4146480000e+00
    100000    12.00000000   1.4599670000e+00
    100000    14.00000000   1.3511120000e+00
    100000    16.00000000   1.2342440000e+00
    100000    18.00000000   1.1540800000e+00
    100000    20.00000000   1.0938960000e+00
    100000    22.00000000   1.0476470000e+00
    100000    24.00000000   1.0112600000e+00
    100000    26.00000000   9.8188200000e-01
    100000    28.00000000   9.5744800000e-01
    100000    30.00000000   9.3642400000e-01
    100000    32.00000000   9.1764300000e-01
    100000    34.00000000   9.0020000000e-01
    100000    36.00000000   8.8338800000e-01
    100000    38.00000000   8.6664500000e-01
    100000    40.00000000   8.4952300000e-01
    100000    42.00000000   8.3166500000e-01
    100000    44.00000000   8.1278800000e-01
    100000    46.00000000   7.9266800000e-01
    100000    48.00000000   7.7113300000e-01
    100000    50.00000000   7.4805300000e-01
    100000    52.00000000   7.2333800000e-01
    100000    54.00000000   6.9693100000e-01
    100000    56.00000000   6.6880300000e-01
    100000    58.00000000   6.3895400000e-01
    100000    60.00000000   6.0740600000e-01
    100000    62.00000000   5.7420500000e-01
    100000    64.00000000   5.3941700000e-01
    100000    66.00000000   5.0312400000e-01
    100000    68.00000000   4.6542900000e-01
    100000    70.00000000   4.2644800000e-01
    100000    72.00000000   3.8631000000e-01
    100000    74.00000000   3.4516000000e-01
    100000    76.00000000   3.0315200000e-01
    100000    78.00000000   2.6045100000e-01
    100000    80.00000000   2.1723400000e-01
    100000    82.00000000   1.7368100000e-01
    100000    84.00000000   1.2998300000e-01
    100000    86.00000000   8.6336000000e-02
    100000    88.00000000   4.2941000000e-02
    100000    90.00000000   0.0000000000e+00
    150000   -90.00000000  -0.0000000000e+00
    150000   -88.00000000  -4.2638000000e-02
    150000   -86.00000000  -8.5127000000e-02
    150000   -84.00000000  -1.2725900000e-01
    150000   -82.00000000  -1.6883000000e-01
    150000   -80.00000000  -2.0964100000e-01
    150000   -78.00000000  -2.4949200000e-01
    150000   -76.00000000  -2.8819400000e-01
    150000   -74.00000000  -3.2556000000e-01
    150000   -72.00000000  -3.6141100000e-01
    150000   -70.00000000  -3.9557700000e-01
    150000   -68.00000000  -4.2789700000e-01
    150000   -66.00000000  -4.5821600000e-01
    150000   -64.00000000  -4.8639500000e-01
    150000   -62.00000000  -5.1230200000e-01
    150000   -60.00000000  -5.3581800000e-01
    150000   -58.00000000  -5.5683800000e-01
    150000   -56.00000000  -5.7526800000e-01
    150000   -54.00000000  -5.9102800000e-01
    150000   -52.00000000  -6.0405600000e-01
    150000   -50.00000000  -6.1429900000e-01
    150000   -48.00000000  -6.2172500000e-01
    150000   -46.00000000  -6.2631400000e-01
    150000   -44.00000000  -6.2806400000e-01
    150000   -42.00000000  -6.2699100000e-01
    150000   -40.00000000  -6.2312800000e-01
    150000   -38.00000000  -6.1652400000e-01
    150000   -36.00000000  -6.0725200000e-01
    150000   -34.00000000  -5.9540100000e-01
    150000   -32.00000000  -5.8108600000e-01
    150000   -30.00000000  -5.6444600000e-01
    150000   -28.00000000  -5.4564800000e-01
    150000   -26.00000000  -5.2489300000e-01
    150000   -24.00000000  -5.0242900000e-01
    150000   -22.00000000  -4.7855400000e-01
    150000   -20.00000000  -4.5365100000e-01
    150000   -18.00000000  -4.2821300000e-01
    150000   -16.00000000  -4.0291700000e-01
    150000   -14.00000000  -3.7874000000e-01
    150000   -12.00000000  -3.5720300000e-01
    150000   -10.00000000  -3.4091100000e-01
    150000    -8.00000000  -3.3461100000e-01
    150000    -6.00000000  -3.5603900000e-01
    150000    -4.00000000  -2.4106800000e-01
    150000    -2.00000000   1.6770000000e-01
    150000     0.00000000   5.3380000000e-01
    150000     2.00000000   8.6460000000e-01
    150000     4.00000000   1.1298000000e+00
    150000     6.00000000   1.2558000000e+00
    150000     8.00000000   1.3516000000e+00
    150000    10.00000000   1.4635950000e+00
    150000    12.00000000   1.5091820000e+00
    150000    14.00000000   1.3518360000e+00
    150000    16.00000000   1.2345560000e+00
    150000    18.00000000   1.1543520000e+00
    150000    20.00000000   1.0941360000e+00
    150000    22.00000000   1.0478600000e+00
    150000    24.00000000   1.0114500000e+00
    150000    26.00000000   9.8205300000e-01
    150000    28.00000000   9.5760300000e-01
    150000    30.00000000   9.3656400000e-01
    150000    32.00000000   9.1776900000e-01
    150000    34.00000000   9.0031400000e-01
    150000    36.00000000   8.8349100000e-01
    150000    38.00000000   8.6673800000e-01
    150000    40.00000000   8.4960800000e-01
    150000    42.00000000   8.3174200000e-01
    150000    44.00000000   8.1285800000e-01
    150000    46.00000000   7.9273100000e-01
    150000    48.00000000   7.7118900000e-01
    150000    50.00000000   7.4810300000e-01
    150000    52.00000000   7.2338300000e-01
    150000    54.00000000   6.9697100000e-01
    150000    56.00000000   6.6883800000e-01
    150000    58.00000000   6.3898400000e-01
    150000    60.00000000   6.0743300000e-01
    150000    62.00000000   5.7422800000e-01
    150000    64.00000000   5.3943600000e-01
    150000    66.00000000   5.0314100000e-01
    150000    68.00000000   4.6544300000e-01
    150000    70.00000000   4.2645900000e-01
    150000    72.00000000   3.8632000000e-01
    150000    74.00000000   3.4516700000e-01
    150000    76.00000000   3.0315700000e-01
    150000    78.00000000   2.6045600000e-01
    150000    80.00000000   2.1723600000e-01
    150000    82.00000000   1.7368300000e-01
    150000    84.00000000   1.2998400000e-01
    150000    86.00000000   8.6337000000e-02
    150000    88.00000000   4.2941000000e-02
    150000    90.00000000   0.0000000000e+00
    200000   -90.00000000  -0.0000000000e+00
    200000   -88.00000000  -4.2636000000e-02
    200000   -86.00000000  -8.5119000000e-02
    200000   -84.00000000  -1.2724100000e-01
    200000   -82.00000000  -1.6879900000e-01
    200000   -80.00000000  -2.0959100000e-01
    200000   -78.00000000  -2.4942100000e-01
    200000   -76.00000000  -2.8809600000e-01
    200000   -74.00000000  -3.2543200000e-01
    200000   -72.00000000  -3.6124900000e-01
    200000   -70.00000000  -3.9537600000e-01
    200000   -68.00000000  -4.2765200000e-01
    200000   -66.00000000  -4.5792400000e-01
    200000   -64.00000000  -4.8605000000e-01
    200000   -62.00000000  -5.1189900000e-01
    200000   -60.00000000  -5.3535200000e-01
    200000   -58.00000000  -5.5630300000e-01
    200000   -56.00000000  -5.7465800000e-01
    200000   -54.00000000  -5.9033800000e-01
    200000   -52.00000000  -6.0327800000e-01
    200000   -50.00000000  -6.1342700000e-01
    200000   -48.00000000  -6.2075100000e-01
    200000   -46.00000000  -6.2522900000e-01
    200000   -44.00000000  -6.2686000000e-01
    200000   -42.00000000  -6.2565700000e-01
    200000   -40.00000000  -6.2165200000e-01
    200000   -38.00000000  -6.1489400000e-01
    200000   -36.00000000  -6.0545100000e-01
    200000   -34.00000000  -5.9341400000e-01
    200000   -32.00000000  -5.7889200000e-01
    200000   -30.00000000  -5.6202100000e-01
    200000   -28.00000000  -5.4296300000e-01
    200000   -26.00000000  -5.2191400000e-01
    200000   -24.00000000  -4.9911100000e-01
    200000   -22.00000000  -4.7484400000e-01
    200000   -20.00000000  -4.4947700000e-01
    200000   -18.00000000  -4.2348100000e-01
    200000   -16.00000000  -3.9749700000e-01
    200000   -14.00000000  -3.7244800000e-01
    200000   -12.00000000  -3.4976300000e-01
    200000   -10.00000000  -3.3188100000e-01
    200000    -8.00000000  -3.2476700000e-01
    200000    -6.00000000  -3.1790300000e-01
    200000    -4.00000000  -1.4843100000e-01
    200000    -2.00000000   2.7920000000e-01
    200000     0.00000000   6.1370000000e-01
    200000     2.00000000   9.1760000000e-01
    200000     4.00000000   1.1225000000e+00
    200000     6.00000000   1.2538000000e+00
    200000     8.00000000   1.3629260000e+00
    200000    10.00000000   1.4665010000e+00
    200000    12.00000000   1.3627810000e+00
    200000    14.00000000   1.2097810000e+00
    200000    16.00000000   1.1187880000e+00
    200000    18.00000000   1.0532710000e+00
    200000    20.00000000   1.0049780000e+00
    200000    22.00000000   9.6861000000e-01
    200000    24.00000000   9.4059200000e-01
    200000    26.00000000   9.1841400000e-01
    200000    28.00000000   9.0025700000e-01
    200000    30.00000000   8.8476300000e-01
    200000    32.00000000   8.7090100000e-01
    200000    34.00000000   8.5786900000e-01
    200000    36.00000000   8.4503800000e-01
    200000    38.00000000   8.3190800000e-01
    200000    40.00000000   8.1808100000e-01
    200000    42.00000000   8.0324000000e-01
    200000    44.00000000   7.8713400000e-01
    200000    46.00000000   7.6956500000e-01
    200000    48.00000000   7.5038300000e-01
    200000    50.00000000   7.2947700000e-01
    200000    52.00000000   7.0677200000e-01
    200000    54.00000000   6.8222300000e-01
    200000    56.00000000   6.5581300000e-01
    200000    58.00000000   6.2754900000e-01
    200000    60.00000000   5.9746400000e-01
    200000    62.00000000   5.6560800000e-01
    200000    64.00000000   5.3205300000e-01
    200000    66.00000000   4.9688800000e-01
    200000    68.00000000   4.6021700000e-01
    200000    70.00000000   4.2216000000e-01
    200000    72.00000000   3.8285200000e-01
    200000    74.00000000   3.4243800000e-01
    200000    76.00000000   3.0107400000e-01
    200000    78.00000000   2.5892900000e-01
    200000    80.00000000   2.1617900000e-01
    200000    82.00000000   1.7300700000e-01
    200000    84.00000000   1.2960500000e-01
    200000    86.00000000   8.6168000000e-02
    200000    88.00000000   4.2899000000e-02
    200000    90.00000000   0.0000000000e+00
    250000   -90.00000000  -0.0000000000e+00
    250000   -88.00000000  -4.2639000000e-02
    250000   -86.00000000  -8.5130000000e-02
    250000   -84.00000000  -1.2726700000e-01
    250000   -82.00000000  -1.6884500000e-01
    250000   -80.00000000  -2.0966400000e-01
    250000   -78.00000000  -2.4952600000e-01
    250000   -76.00000000  -2.8823900000e-01
    250000   -74.00000000  -3.2561900000e-01
    250000   -72.00000000  -3.6148700000e-01
    250000   -70.00000000  -3.9567100000e-01
    250000   -68.00000000  -4.2801100000e-01
    250000   -66.00000000  -4.5835300000e-01
    250000   -64.00000000  -4.8655600000e-01
    250000   -62.00000000  -5.1249000000e-01
    250000   -60.00000000  -5.3603600000e-01
    250000   -58.00000000  -5.5708700000e-01
    250000   -56.00000000  -5.7555200000e-01
    250000   -54.00000000  -5.9135000000e-01
    250000   -52.00000000  -6.0441800000e-01
    250000   -50.00000000  -6.1470500000e-01
    250000   -48.00000000  -6.2217800000e-01
    250000   -46.00000000  -6.2681900000e-01
    250000   -44.00000000  -6.2862500000e-01
    250000   -42.00000000  -6.2761300000e-01
    250000   -40.00000000  -6.2381500000e-01
    250000   -38.00000000  -6.1728400000e-01
    250000   -36.00000000  -6.0809100000e-01
    250000   -34.00000000  -5.9632700000e-01
    250000   -32.00000000  -5.8210900000e-01
    250000   -30.00000000  -5.6557600000e-01
    250000   -28.00000000  -5.4689800000e-01
    250000   -26.00000000  -5.2628200000e-01
    250000   -24.00000000  -5.0397400000e-01
    250000   -22.00000000  -4.8028300000e-01
    250000   -20.00000000  -4.5559600000e-01
    250000   -18.00000000  -4.3041800000e-01
    250000   -16.00000000  -4.0544300000e-01
    250000   -14.00000000  -3.8167100000e-01
    250000   -12.00000000  -3.6067000000e-01
    250000   -10.00000000  -3.4498300000e-01
    250000    -8.00000000  -3.4190700000e-01
    250000    -6.00000000  -2.4688900000e-01
    250000    -4.00000000  -3.7100000000e-02
    250000    -2.00000000   3.3330000000e-01
    250000     0.00000000   6.4900000000e-01
    250000     2.00000000   9.3910000000e-01
    250000     4.00000000   1.1194000000e+00
    250000     6.00000000   1.2562000000e+00
    250000     8.00000000   1.3729060000e+00
    250000    10.00000000   1.4739360000e+00
    250000    12.00000000   1.3460080000e+00
    250000    14.00000000   1.1971110000e+00
    250000    16.00000000   1.1078740000e+00
    250000    18.00000000   1.0437410000e+00
    250000    20.00000000   9.9657200000e-01
    250000    22.00000000   9.6113900000e-01
    250000    24.00000000   9.3391200000e-01
    250000    26.00000000   9.1241500000e-01
    250000    28.00000000   8.9485000000e-01
    250000    30.00000000   8.7988000000e-01
    250000    32.00000000   8.6648200000e-01
    250000    34.00000000   8.5386700000e-01
    250000    36.00000000   8.4141200000e-01
    250000    38.00000000   8.2862400000e-01
    250000    40.00000000   8.1510800000e-01
    250000    42.00000000   8.0055300000e-01
    250000    44.00000000   7.8470800000e-01
    250000    46.00000000   7.6738100000e-01
    250000    48.00000000   7.4842100000e-01
    250000    50.00000000   7.2772100000e-01
    250000    52.00000000   7.0520600000e-01
    250000    54.00000000   6.8083300000e-01
    250000    56.00000000   6.5458500000e-01
    250000    58.00000000   6.2647100000e-01
    250000    60.00000000   5.9652400000e-01
    250000    62.00000000   5.6479500000e-01
    250000    64.00000000   5.3135700000e-01
    250000    66.00000000   4.9629800000e-01
    250000    68.00000000   4.5972400000e-01
    250000    70.00000000   4.2175500000e-01
    250000    72.00000000   3.8252500000e-01
    250000    74.00000000   3.4218000000e-01
    250000    76.00000000   3.0087800000e-01
    250000    78.00000000   2.5878600000e-01
    250000    80.00000000   2.1607900000e-01
    250000    82.00000000   1.7294400000e-01
    250000    84.00000000   1.2956900000e-01
    250000    86.00000000   8.6152000000e-02
    250000    88.00000000   4.2895000000e-02
    250000    90.00000000   0.0000000000e+00
     50000   -90.00000000  -0.0000000000e+00
     50000   -88.00000000  -4.2635000000e-02
     50000   -86.00000000  -8.5112000000e-02
     50000   -84.00000000  -1.2722500000e-01
     50000   -82.00000000  -1.6877100000e-01
     50000   -80.00000000  -2.0954700000e-01
     50000   -78.00000000  -2.4935700000e-01
     50000   -76.00000000  -2.8801000000e-01
     50000   -74.00000000  -3.2531800000e-01
     50000   -72.00000000  -3.6110400000e-01
     50000   -70.00000000  -3.9519700000e-01
     50000   -68.00000000  -4.2743400000e-01
     50000   -66.00000000  -4.5766400000e-01
     50000   -64.00000000  -4.8574200000e-01
     50000   -62.00000000  -5.1154000000e-01
     50000   -60.00000000  -5.3493700000e-01
     50000   -58.00000000  -5.5582700000e-01
     50000   -56.00000000  -5.7411600000e-01
     50000   -54.00000000  -5.8972500000e-01
     50000   -52.00000000  -6.0258700000e-01
     50000   -50.00000000  -6.1265200000e-01
     50000   -48.00000000  -6.1988500000e-01
     50000   -46.00000000  -6.2426600000e-01
     50000   -44.00000000  -6.2579000000e-01
     50000   -42.00000000  -6.2447100000e-01
     50000   -40.00000000  -6.2034000000e-01
     50000   -38.00000000  -6.1344500000e-01
     50000   -36.00000000  -6.0385200000e-01
     50000   -34.00000000  -5.9164800000e-01
     50000   -32.00000000  -5.7694200000e-01
     50000   -30.00000000  -5.5986600000e-01
     50000   -28.00000000  -5.4057700000e-01
     50000   -26.00000000  -5.1926700000e-01
     50000   -24.00000000  -4.9616400000e-01
     50000   -22.00000000  -4.7154800000e-01
     50000   -20.00000000  -4.4576800000e-01
     50000   -18.00000000  -4.1927600000e-01
     50000   -16.00000000  -3.9268200000e-01
     50000   -14.00000000  -3.6685800000e-01
     50000   -12.00000000  -3.4315300000e-01
     50000   -10.00000000  -3.2385800000e-01
     50000    -8.00000000  -3.1337600000e-01
     50000    -6.00000000  -3.2304700000e-01
     50000    -4.00000000  -3.7860000000e-01
     50000    -2.00000000  -1.6083500000e-01
     50000     0.00000000   1.9680000000e-01
     50000     2.00000000   4.8850000000e-01
     50000     4.00000000   8.8010000000e-01
     50000     6.00000000   1.2661000000e+00
     50000     8.00000000   1.3406000000e+00
     50000    10.00000000   1.3186440000e+00
     50000    12.00000000   1.3965720000e+00
     50000    14.00000000   1.2592620000e+00
     50000    16.00000000   1.1695010000e+00
     50000    18.00000000   1.0975500000e+00
     50000    20.00000000   1.0440350000e+00
     50000    22.00000000   1.0033270000e+00
     50000    24.00000000   9.7163200000e-01
     50000    26.00000000   9.4629200000e-01
     50000    28.00000000   9.2537800000e-01
     50000    30.00000000   9.0745500000e-01
     50000    32.00000000   8.9143200000e-01
     50000    34.00000000   8.7646300000e-01
     50000    36.00000000   8.6188300000e-01
     50000    38.00000000   8.4716600000e-01
     50000    40.00000000   8.3189100000e-01
     50000    42.00000000   8.1572600000e-01
     50000    44.00000000   7.9840200000e-01
     50000    46.00000000   7.7971300000e-01
     50000    48.00000000   7.5949700000e-01
     50000    50.00000000   7.3763700000e-01
     50000    52.00000000   7.1404900000e-01
     50000    54.00000000   6.8868300000e-01
     50000    56.00000000   6.6151900000e-01
     50000    58.00000000   6.3255800000e-01
     50000    60.00000000   6.0183100000e-01
     50000    62.00000000   5.6938400000e-01
     50000    64.00000000   5.3528700000e-01
     50000    66.00000000   4.9962700000e-01
     50000    68.00000000   4.6250600000e-01
     50000    70.00000000   4.2404400000e-01
     50000    72.00000000   3.8437100000e-01
     50000    74.00000000   3.4363300000e-01
     50000    76.00000000   3.0198700000e-01
     50000    78.00000000   2.5959800000e-01
     50000    80.00000000   2.1664200000e-01
     50000    82.00000000   1.7330300000e-01
     50000    84.00000000   1.2977100000e-01
     50000    86.00000000   8.6242000000e-02
     50000    88.00000000   4.2917000000e-02
     50000    90.00000000   0.0000000000e+00
    100000   -90.00000000  -0.0000000000e+00
    100000   -88.00000000  -4.2637000000e-02
    100000   -86.00000000  -8.5122000000e-02
    100000   -84.00000000  -1.2724900000e-01
    100000   -82.00000000  -1.6881300000e-01
    100000   -80.00000000  -2.0961300000e-01
    100000   -78.00000000  -2.4945200000e-01
    100000   -76.00000000  -2.8813900000e-01
    100000   -74.00000000  -3.2548700000e-01
    100000   -72.00000000  -3.6131900000e-01
    100000   -70.00000000  -3.9546400000e-01
    100000   -68.00000000  -4.2775800000e-01
    100000   -66.00000000  -4.5805100000e-01
    100000   -64.00000000  -4.8620000000e-01
    100000   -62.00000000  -5.1207400000e-01
    100000   -60.00000000  -5.3555500000e-01
    100000   -58.00000000  -5.5653500000e-01
    100000   -56.00000000  -5.7492300000e-01
    100000   -54.00000000  -5.9063800000e-01
    100000   -52.00000000  -6.0361600000e-01
    100000   -50.00000000  -6.1380600000e-01
    100000   -48.00000000  -6.2117400000e-01
    100000   -46.00000000  -6.2570100000e-01
    100000   -44.00000000  -6.2738400000e-01
    100000   -42.00000000  -6.2623800000e-01
    100000   -40.00000000  -6.2229400000e-01
    100000   -38.00000000  -6.1560300000e-01
    100000   -36.00000000  -6.0623500000e-01
    100000   -34.00000000  -5.9427800000e-01
    100000   -32.00000000  -5.7984700000e-01
    100000   -30.00000000  -5.6307600000e-01
    100000   -28.00000000  -5.4413100000e-01
    100000   -26.00000000  -5.2321000000e-01
    100000   -24.00000000  -5.0055400000e-01
    100000   -22.00000000  -4.7645800000e-01
    100000   -20.00000000  -4.5129300000e-01
    100000   -18.00000000  -4.2554000000e-01
    100000   -16.00000000  -3.9985500000e-01
    100000   -14.00000000  -3.7518500000e-01
    100000   -12.00000000  -3.5300000000e-01
    100000   -10.00000000  -3.3580900000e-01
    100000    -8.00000000  -3.2845400000e-01
    100000    -6.00000000  -3.4475000000e-01
    100000    -4.00000000  -3.3138400000e-01
    100000    -2.00000000  -4.5793000000e-02
    100000     0.00000000   4.2700000000e-01
    100000     2.00000000   7.5350000000e-01
    100000     4.00000000   1.1052000000e+00
    100000     6.00000000   1.2617000000e+00
    100000     8.00000000   1.3548230000e+00
    100000    10.00000000   1.4325920000e+00
    100000    12.00000000   1.3525020000e+00
    100000    14.00000000   1.2158730000e+00
    100000    16.00000000   1.1240360000e+00
    100000    18.00000000   1.0578520000e+00
    100000    20.00000000   1.0090190000e+00
    100000    22.00000000   9.7220300000e-01
    100000    24.00000000   9.4380400000e-01
    100000    26.00000000   9.2129900000e-01
    100000    28.00000000   9.0285600000e-01
    100000    30.00000000   8.8711100000e-01
    100000    32.00000000   8.7302500000e-01
    100000    34.00000000   8.5979300000e-01
    100000    36.00000000   8.4678100000e-01
    100000    38.00000000   8.3348600000e-01
    100000    40.00000000   8.1951000000e-01
    100000    42.00000000   8.0453200000e-01
    100000    44.00000000   7.8830000000e-01
    100000    46.00000000   7.7061500000e-01
    100000    48.00000000   7.5132600000e-01
    100000    50.00000000   7.3032200000e-01
    100000    52.00000000   7.0752500000e-01
    100000    54.00000000   6.8289200000e-01
    100000    56.00000000   6.5640300000e-01
    100000    58.00000000   6.2806700000e-01
    100000    60.00000000   5.9791500000e-01
    100000    62.00000000   5.6599900000e-01
    100000    64.00000000   5.3238800000e-01
    100000    66.00000000   4.9717100000e-01
    100000    68.00000000   4.6045400000e-01
    100000    70.00000000   4.2235500000e-01
    100000    72.00000000   3.8300900000e-01
    100000    74.00000000   3.4256100000e-01
    100000    76.00000000   3.0116900000e-01
    100000    78.00000000   2.5899900000e-01
    100000    80.00000000   2.1622700000e-01
    100000    82.00000000   1.7303800000e-01
    100000    84.00000000   1.2962200000e-01
    100000    86.00000000   8.6176000000e-02
    100000    88.00000000   4.2900000000e-02
    100000    90.00000000   0.0000000000e+00
    150000   -90.00000000  -0.0000000000e+00
    150000   -88.00000000  -4.2640000000e-02
    150000   -86.00000000  -8.5134000000e-02
    150000   -84.00000000  -1.2727600000e-01
    150000   -82.00000000  -1.6886200000e-01
    150000   -80.00000000  -2.0968900000e-01
    150000   -78.00000000  -2.4956300000e-01
    150000   -76.00000000  -2.8829000000e-01
    150000   -74.00000000  -3.2568600000e-01
    150000   -72.00000000  -3.6157100000e-01
    150000   -70.00000000  -3.9577600000e-01
    150000   -68.00000000  -4.2813800000e-01
    150000   -66.00000000  -4.5850500000e-01
    150000   -64.00000000  -4.8673600000e-01
    150000   -62.00000000  -5.1270000000e-01
    150000   -60.00000000  -5.3627800000e-01
    150000   -58.00000000  -5.5736600000e-01
    150000   -56.00000000  -5.7586900000e-01
    150000   -54.00000000  -5.9170900000e-01
    150000   -52.00000000  -6.0482200000e-01
    150000   -50.00000000  -6.1515900000e-01
    150000   -48.00000000  -6.2268500000e-01
    150000   -46.00000000  -6.2738300000e-01
    150000   -44.00000000  -6.2925100000e-01
    150000   -42.00000000  -6.2830700000e-01
    150000   -40.00000000  -6.2458300000e-01
    150000   -38.00000000  -6.1813200000e-01
    150000   -36.00000000  -6.0902600000e-01
    150000   -34.00000000  -5.9736000000e-01
    150000   -32.00000000  -5.8324900000e-01
    150000   -30.00000000  -5.6683600000e-01
    150000   -28.00000000  -5.4829400000e-01
    150000   -26.00000000  -5.2783000000e-01
    150000   -24.00000000  -5.0569800000e-01
    150000   -22.00000000  -4.8221100000e-01
    150000   -20.00000000  -4.5776500000e-01
    150000   -18.00000000  -4.3287800000e-01
    150000   -16.00000000  -4.0826000000e-01
    150000   -14.00000000  -3.8494200000e-01
    150000   -12.00000000  -3.6453600000e-01
    150000   -10.00000000  -3.4981100000e-01
    150000    -8.00000000  -3.4461700000e-01
    150000    -6.00000000  -3.6570000000e-01
    150000    -4.00000000  -2.7027000000e-01
    150000    -2.00000000   1.6695000000e-01
    150000     0.00000000   5.4190000000e-01
    150000     2.00000000   8.4080000000e-01
    150000     4.00000000   1.1316000000e+00
    150000     6.00000000   1.2587000000e+00
    150000     8.00000000   1.3785690000e+00
    150000    10.00000000   1.4136000000e+00
    150000    12.00000000   1.2536430000e+00
    150000    14.00000000   1.1261760000e+00
    150000    16.00000000   1.0467700000e+00
    150000    18.00000000   9.9038800000e-01
    150000    20.00000000   9.4951300000e-01
    150000    22.00000000   9.1931000000e-01
    150000    24.00000000   8.9651200000e-01
    150000    26.00000000   8.7882500000e-01
    150000    28.00000000   8.6458200000e-01
    150000    30.00000000   8.5253900000e-01
    150000    32.00000000   8.4174500000e-01
    150000    34.00000000   8.3146400000e-01
    150000    36.00000000   8.2111600000e-01
    150000    38.00000000   8.1024000000e-01
    150000    40.00000000   7.9846800000e-01
    150000    42.00000000   7.8550900000e-01
    150000    44.00000000   7.7113100000e-01
    150000    46.00000000   7.5515300000e-01
    150000    48.00000000   7.3744000000e-01
    150000    50.00000000   7.1789000000e-01
    150000    52.00000000   6.9643900000e-01
    150000    54.00000000   6.7304900000e-01
    150000    56.00000000   6.4771000000e-01
    150000    58.00000000   6.2043500000e-01
    150000    60.00000000   5.9126200000e-01
    150000    62.00000000   5.6024500000e-01
    150000    64.00000000   5.2746000000e-01
    150000    66.00000000   4.9299700000e-01
    150000    68.00000000   4.5696500000e-01
    150000    70.00000000   4.1948600000e-01
    150000    72.00000000   3.8069500000e-01
    150000    74.00000000   3.4074000000e-01
    150000    76.00000000   2.9977900000e-01
    150000    78.00000000   2.5798000000e-01
    150000    80.00000000   2.1552100000e-01
    150000    82.00000000   1.7258700000e-01
    150000    84.00000000   1.2936900000e-01
    150000    86.00000000   8.6064000000e-02
    150000    88.00000000   4.2872000000e-02
    150000    90.00000000   0.0000000000e+00
    200000   -90.00000000  -0.0000000000e+00
    200000   -88.00000000  -4.2649000000e-02
    200000   -86.00000000  -8.5168000000e-02
    200000   -84.00000000  -1.2735100000e-01
    200000   -82.00000000  -1.6899500000e-01
    200000   -80.00000000  -2.0989700000e-01
    200000   -78.00000000  -2.4986300000e-01
    200000   -76.00000000  -2.8870000000e-01
    200000   -74.00000000  -3.2622300000e-01
    200000   -72.00000000  -3.6225400000e-01
    200000   -70.00000000  -3.9662200000e-01
    200000   -68.00000000  -4.2916700000e-01
    200000   -66.00000000  -4.5973600000e-01
    200000   -64.00000000  -4.8818900000e-01
    200000   -62.00000000  -5.1439700000e-01
    200000   -60.00000000  -5.3824100000e-01
    200000   -58.00000000  -5.5961700000e-01
    200000   -56.00000000  -5.7843300000e-01
    200000   -54.00000000  -5.9461200000e-01
    200000   -52.00000000  -6.0809200000e-01
    200000   -50.00000000  -6.1882500000e-01
    200000   -48.00000000  -6.2678100000e-01
    200000   -46.00000000  -6.3194300000e-01
    200000   -44.00000000  -6.3431500000e-01
    200000   -42.00000000  -6.3391800000e-01
    200000   -40.00000000  -6.3078900000e-01
    200000   -38.00000000  -6.2498800000e-01
    200000   -36.00000000  -6.1659600000e-01
    200000   -34.00000000  -6.0571500000e-01
    200000   -32.00000000  -5.9247500000e-01
    200000   -30.00000000  -5.7703300000e-01
    200000   -28.00000000  -5.5958300000e-01
    200000   -26.00000000  -5.4035800000e-01
    200000   -24.00000000  -5.1964700000e-01
    200000   -22.00000000  -4.9781200000e-01
    200000   -20.00000000  -4.7531700000e-01
    200000   -18.00000000  -4.5277700000e-01
    200000   -16.00000000  -4.3104900000e-01
    200000   -14.00000000  -4.1139800000e-01
    200000   -12.00000000  -3.9187200000e-01
    200000   -10.00000000  -3.6963000000e-01
    200000    -8.00000000  -2.4852000000e-01
    200000    -6.00000000  -1.1895000000e-01
    200000    -4.00000000  -3.5150000000e-02
    200000    -2.00000000   1.6380000000e-01
    200000     0.00000000   6.1790000000e-01
    200000     2.00000000   9.2170000000e-01
    200000     4.00000000   1.1294000000e+00
    200000     6.00000000   1.2587000000e+00
    200000     8.00000000   1.4031760000e+00
    200000    10.00000000   1.3765750000e+00
    200000    12.00000000   1.2156770000e+00
    200000    14.00000000   1.1023840000e+00
    200000    16.00000000   1.0262750000e+00
    200000    18.00000000   9.7249300000e-01
    200000    20.00000000   9.3372900000e-01
    200000    22.00000000   9.0528000000e-01
    200000    24.00000000   8.8396800000e-01
    200000    26.00000000   8.6755900000e-01
    200000    28.00000000   8.5443000000e-01
    200000    30.00000000   8.4336800000e-01
    200000    32.00000000   8.3344800000e-01
    200000    34.00000000   8.2395000000e-01
    200000    36.00000000   8.1430800000e-01
    200000    38.00000000   8.0407300000e-01
    200000    40.00000000   7.9288700000e-01
    200000    42.00000000   7.8046300000e-01
    200000    44.00000000   7.6657700000e-01
    200000    46.00000000   7.5105200000e-01
    200000    48.00000000   7.3375600000e-01
    200000    50.00000000   7.1459300000e-01
    200000    52.00000000   6.9349800000e-01
    200000    54.00000000   6.7043800000e-01
    200000    56.00000000   6.4540400000e-01
    200000    58.00000000   6.1841100000e-01
    200000    60.00000000   5.8949700000e-01
    200000    62.00000000   5.5871900000e-01
    200000    64.00000000   5.2615200000e-01
    200000    66.00000000   4.9189000000e-01
    200000    68.00000000   4.5604000000e-01
    200000    70.00000000   4.1872500000e-01
    200000    72.00000000   3.8008100000e-01
    200000    74.00000000   3.4025700000e-01
    200000    76.00000000   2.9941000000e-01
    200000    78.00000000   2.5771000000e-01
    200000    80.00000000   2.1533400000e-01
    200000    82.00000000   1.7246700000e-01
    200000    84.00000000   1.2930200000e-01
    200000    86.00000000   8.6034000000e-02
    200000    88.00000000   4.2865000000e-02
    200000    90.00000000   0.0000000000e+00
    250000   -90.00000000  -0.0000000000e+00
    250000   -88.00000000  -4.2633000000e-02
    250000   -86.00000000  -8.5106000000e-02
    250000   -84.00000000  -1.2721300000e-01
    250000   -82.00000000  -1.6874800000e-01
    250000   -80.00000000  -2.0951200000e-01
    250000   -78.00000000  -2.4930600000e-01
    250000   -76.00000000  -2.8794000000e-01
    250000   -74.00000000  -3.2522700000e-01
    250000   -72.00000000  -3.6098800000e-01
    250000   -70.00000000  -3.9505300000e-01
    250000   -68.00000000  -4.2726000000e-01
    250000   -66.00000000  -4.5745400000e-01
    250000   -64.00000000  -4.8549500000e-01
    250000   -62.00000000  -5.1125200000e-01
    250000   -60.00000000  -5.3460400000e-01
    250000   -58.00000000  -5.5544400000e-01
    250000   -56.00000000  -5.7368000000e-01
    250000   -54.00000000  -5.8923100000e-01
    250000   -52.00000000  -6.0203100000e-01
    250000   -50.00000000  -6.1202900000e-01
    250000   -48.00000000  -6.1918900000e-01
    250000   -46.00000000  -6.2349100000e-01
    250000   -44.00000000  -6.2492900000e-01
    250000   -42.00000000  -6.2351800000e-01
    250000   -40.00000000  -6.1928600000e-01
    250000   -38.00000000  -6.1228000000e-01
    250000   -36.00000000  -6.0256600000e-01
    250000   -34.00000000  -5.9022900000e-01
    250000   -32.00000000  -5.7537500000e-01
    250000   -30.00000000  -5.5813300000e-01
    250000   -28.00000000  -5.3865900000e-01
    250000   -26.00000000  -5.1713800000e-01
    250000   -24.00000000  -4.9379400000e-01
    250000   -22.00000000  -4.6889700000e-01
    250000   -20.00000000  -4.4278600000e-01
    250000   -18.00000000  -4.1589500000e-01
    250000   -16.00000000  -3.8881000000e-01
    250000   -14.00000000  -3.6236200000e-01
    250000   -12.00000000  -3.3783700000e-01
    250000   -10.00000000  -3.1740600000e-01
    250000    -8.00000000  -3.1093400000e-01
    250000    -6.00000000  -2.9100400000e-01
    250000    -4.00000000  -4.5358000000e-02
    250000    -2.00000000   3.1000000000e-01
    250000     0.00000000   6.4260000000e-01
    250000     2.00000000   9.4120000000e-01
    250000     4.00000000   1.1247000000e+00
    250000     6.00000000   1.2625250000e+00
    250000     8.00000000   1.4200720000e+00
    250000    10.00000000   1.3040590000e+00
    250000    12.00000000   1.1279800000e+00
    250000    14.00000000   1.0305660000e+00
    250000    16.00000000   9.6441000000e-01
    250000    18.00000000   9.1847600000e-01
    250000    20.00000000   8.8608400000e-01
    250000    22.00000000   8.6292900000e-01
    250000    24.00000000   8.4610200000e-01
    250000    26.00000000   8.3355100000e-01
    250000    28.00000000   8.2378500000e-01
    250000    30.00000000   8.1568700000e-01
    250000    32.00000000   8.0840200000e-01
    250000    34.00000000   8.0126800000e-01
    250000    36.00000000   7.9375900000e-01
    250000    38.00000000   7.8546000000e-01
    250000    40.00000000   7.7603900000e-01
    250000    42.00000000   7.6523200000e-01
    250000    44.00000000   7.5283000000e-01
    250000    46.00000000   7.3867300000e-01
    250000    48.00000000   7.2263800000e-01
    250000    50.00000000   7.0463900000e-01
    250000    52.00000000   6.8462100000e-01
    250000    54.00000000   6.6255700000e-01
    250000    56.00000000   6.3844300000e-01
    250000    58.00000000   6.1230000000e-01
    250000    60.00000000   5.8417000000e-01
    250000    62.00000000   5.5411200000e-01
    250000    64.00000000   5.2220700000e-01
    250000    66.00000000   4.8854800000e-01
    250000    68.00000000   4.5324700000e-01
    250000    70.00000000   4.1642800000e-01
    250000    72.00000000   3.7822800000e-01
    250000    74.00000000   3.3879800000e-01
    250000    76.00000000   2.9829700000e-01
    250000    78.00000000   2.5689400000e-01
    250000    80.00000000   2.1476900000e-01
    250000    82.00000000   1.7210700000e-01
    250000    84.00000000   1.2909900000e-01
    250000    86.00000000   8.5944000000e-02
    250000    88.00000000   4.2842000000e-02
    250000    90.00000000   0.0000000000e+00
     50000   -90.00000000  -0.0000000000e+00
     50000   -88.00000000  -4.2631000000e-02
     50000   -86.00000000  -8.5097000000e-02
     50000   -84.00000000  -1.2719300000e-01
     50000   -82.00000000  -1.6871300000e-01
     50000   -80.00000000  -2.0945600000e-01
     50000   -78.00000000  -2.4922600000e-01
     50000   -76.00000000  -2.8783100000e-01
     50000   -74.00000000  -3.2508400000e-01
     50000   -72.00000000  -3.6080700000e-01
     50000   -70.00000000  -3.9482800000e-01
     50000   -68.00000000  -4.2698600000e-01
     50000   -66.00000000  -4.5712700000e-01
     50000   -64.00000000  -4.8510800000e-01
     50000   -62.00000000  -5.1080000000e-01
     50000   -60.00000000  -5.3408100000e-01
     50000   -58.00000000  -5.5484500000e-01
     50000   -56.00000000  -5.7299800000e-01
     50000   -54.00000000  -5.8845800000e-01
     50000   -52.00000000  -6.0116100000e-01
     50000   -50.00000000  -6.1105300000e-01
     50000   -48.00000000  -6.1809900000e-01
     50000   -46.00000000  -6.2227600000e-01
     50000   -44.00000000  -6.2358100000e-01
     50000   -42.00000000  -6.2202400000e-01
     50000   -40.00000000  -6.1763300000e-01
     50000   -38.00000000  -6.1045400000e-01
     50000   -36.00000000  -6.0055000000e-01
     50000   -34.00000000  -5.8800400000e-01
     50000   -32.00000000  -5.7291800000e-01
     50000   -30.00000000  -5.5541800000e-01
     50000   -28.00000000  -5.3565400000e-01
     50000   -26.00000000  -5.1380300000e-01
     50000   -24.00000000  -4.9008000000e-01
     50000   -22.00000000  -4.6474300000e-01
     50000   -20.00000000  -4.3811300000e-01
     50000   -18.00000000  -4.1059700000e-01
     50000   -16.00000000  -3.8274200000e-01
     50000   -14.00000000  -3.5531900000e-01
     50000   -12.00000000  -3.2950800000e-01
     50000   -10.00000000  -3.0729700000e-01
     50000    -8.00000000  -2.9248400000e-01
     50000    -6.00000000  -2.9650900000e-01
     50000    -4.00000000  -3.3630000000e-01
     50000    -2.00000000  -1.6711800000e-01
     50000     0.00000000   2.0480000000e-01
     50000     2.00000000   4.8250000000e-01
     50000     4.00000000   8.5320000000e-01
     50000     6.00000000   1.2669000000e+00
     50000     8.00000000   1.3373000000e+00
     50000    10.00000000   1.3298890000e+00
     50000    12.00000000   1.3375270000e+00
     50000    14.00000000   1.2023400000e+00
     50000    16.00000000   1.1138220000e+00
     50000    18.00000000   1.0489340000e+00
     50000    20.00000000   1.0011530000e+00
     50000    22.00000000   9.6521000000e-01
     50000    24.00000000   9.3755200000e-01
     50000    26.00000000   9.1568400000e-01
     50000    28.00000000   8.9779700000e-01
     50000    30.00000000   8.8254100000e-01
     50000    32.00000000   8.6889000000e-01
     50000    34.00000000   8.5604800000e-01
     50000    36.00000000   8.4338800000e-01
     50000    38.00000000   8.3041300000e-01
     50000    40.00000000   8.1672800000e-01
     50000    42.00000000   8.0201700000e-01
     50000    44.00000000   7.8603000000e-01
     50000    46.00000000   7.6857100000e-01
     50000    48.00000000   7.4949000000e-01
     50000    50.00000000   7.2867800000e-01
     50000    52.00000000   7.0606000000e-01
     50000    54.00000000   6.8159000000e-01
     50000    56.00000000   6.5525400000e-01
     50000    58.00000000   6.2705900000e-01
     50000    60.00000000   5.9703600000e-01
     50000    62.00000000   5.6523800000e-01
     50000    64.00000000   5.3173600000e-01
     50000    66.00000000   4.9661900000e-01
     50000    68.00000000   4.5999300000e-01
     50000    70.00000000   4.2197600000e-01
     50000    72.00000000   3.8270300000e-01
     50000    74.00000000   3.4232100000e-01
     50000    76.00000000   3.0098500000e-01
     50000    78.00000000   2.5886400000e-01
     50000    80.00000000   2.1613400000e-01
     50000    82.00000000   1.7297800000e-01
     50000    84.00000000   1.2958900000e-01
     50000    86.00000000   8.6161000000e-02
     50000    88.00000000   4.2897000000e-02
     50000    90.00000000   0.0000000000e+00
    100000   -90.00000000  -0.0000000000e+00
    100000   -88.00000000  -4.2635000000e-02
    100000   -86.00000000  -8.5112000000e-02
    100000   -84.00000000  -1.2722500000e-01
    100000   -82.00000000  -1.6877000000e-01
    100000   -80.00000000  -2.0954500000e-01
    100000   -78.00000000  -2.4935500000e-01
    100000   -76.00000000  -2.8800700000e-01
    100000   -74.00000000  -3.2531400000e-01
    100000   -72.00000000  -3.6109900000e-01
    100000   -70.00000000  -3.9519100000e-01
    100000   -68.00000000  -4.2742700000e-01
    100000   -66.00000000  -4.5765400000e-01
    100000   -64.00000000  -4.8573200000e-01
    100000   -62.00000000  -5.1152700000e-01
    100000   -60.00000000  -5.3492200000e-01
    100000   -58.00000000  -5.5581000000e-01
    100000   -56.00000000  -5.7409700000e-01
    100000   -54.00000000  -5.8970300000e-01
    100000   -52.00000000  -6.0256300000e-01
    100000   -50.00000000  -6.1262500000e-01
    100000   -48.00000000  -6.1985500000e-01
    100000   -46.00000000  -6.2423200000e-01
    100000   -44.00000000  -6.2575200000e-01
    100000   -42.00000000  -6.2443000000e-01
    100000   -40.00000000  -6.2029400000e-01
    100000   -38.00000000  -6.1339400000e-01
    100000   -36.00000000  -6.0379600000e-01
    100000   -34.00000000  -5.9158600000e-01
    100000   -32.00000000  -5.7687400000e-01
    100000   -30.00000000  -5.5979000000e-01
    100000   -28.00000000  -5.4049300000e-01
    100000   -26.00000000  -5.1917400000e-01
    100000   -24.00000000  -4.9606000000e-01
    100000   -22.00000000  -4.7143100000e-01
    100000   -20.00000000  -4.4563700000e-01
    100000   -18.00000000  -4.1912800000e-01
    100000   -16.00000000  -3.9251200000e-01
    100000   -14.00000000  -3.6666100000e-01
    100000   -12.00000000  -3.4292000000e-01
    100000   -10.00000000  -3.2357500000e-01
    100000    -8.00000000  -3.1302000000e-01
    100000    -6.00000000  -3.2683800000e-01
    100000    -4.00000000  -3.4832200000e-01
    100000    -2.00000000  -3.2266000000e-02
    100000     0.00000000   4.0650000000e-01
    100000     2.00000000   7.3820000000e-01
    100000     4.00000000   1.1047000000e+00
    100000     6.00000000   1.2592000000e+00
    100000     8.00000000   1.3530000000e+00
    100000    10.00000000   1.4233670000e+00
    100000    12.00000000   1.4743000000e+00
    100000    14.00000000   1.3346150000e+00
    100000    16.00000000   1.2166960000e+00
    100000    18.00000000   1.1387580000e+00
    100000    20.00000000   1.0803810000e+00
    100000    22.00000000   1.0356340000e+00
    100000    24.00000000   1.0005190000e+00
    100000    26.00000000   9.7223500000e-01
    100000    28.00000000   9.4875600000e-01
    100000    30.00000000   9.2857200000e-01
    100000    32.00000000   9.1053800000e-01
    100000    34.00000000   8.9376600000e-01
    100000    36.00000000   8.7755900000e-01
    100000    38.00000000   8.6136500000e-01
    100000    40.00000000   8.4474400000e-01
    100000    42.00000000   8.2734500000e-01
    100000    44.00000000   8.0888900000e-01
    100000    46.00000000   7.8915700000e-01
    100000    48.00000000   7.6797900000e-01
    100000    50.00000000   7.4523000000e-01
    100000    52.00000000   7.2082100000e-01
    100000    54.00000000   6.9469500000e-01
    100000    56.00000000   6.6682900000e-01
    100000    58.00000000   6.3722000000e-01
    100000    60.00000000   6.0589500000e-01
    100000    62.00000000   5.7289800000e-01
    100000    64.00000000   5.3829700000e-01
    100000    66.00000000   5.0217600000e-01
    100000    68.00000000   4.6463700000e-01
    100000    70.00000000   4.2579600000e-01
    100000    72.00000000   3.8578500000e-01
    100000    74.00000000   3.4474600000e-01
    100000    76.00000000   3.0283600000e-01
    100000    78.00000000   2.6022000000e-01
    100000    80.00000000   2.1707300000e-01
    100000    82.00000000   1.7357900000e-01
    100000    84.00000000   1.2992600000e-01
    100000    86.00000000   8.6311000000e-02
    100000    88.00000000   4.2934000000e-02
    100000    90.00000000   0.0000000000e+00
    150000   -90.00000000  -0.0000000000e+00
    150000   -88.00000000  -4.2642000000e-02
    150000   -86.00000000  -8.5143000000e-02
    150000   -84.00000000  -1.2729500000e-01
    150000   -82.00000000  -1.6889500000e-01
    150000   -80.00000000  -2.0974200000e-01
    150000   -78.00000000  -2.4963800000e-01
    150000   -76.00000000  -2.8839300000e-01
    150000   -74.00000000  -3.2582100000e-01
    150000   -72.00000000  -3.6174300000e-01
    150000   -70.00000000  -3.9598900000e-01
    150000   -68.00000000  -4.2839700000e-01
    150000   -66.00000000  -4.5881500000e-01
    150000   -64.00000000  -4.8710200000e-01
    150000   -62.00000000  -5.1312700000e-01
    150000   -60.00000000  -5.3677300000e-01
    150000   -58.00000000  -5.5793300000e-01
    150000   -56.00000000  -5.7651400000e-01
    150000   -54.00000000  -5.9244000000e-01
    150000   -52.00000000  -6.0564600000e-01
    150000   -50.00000000  -6.1608200000e-01
    150000   -48.00000000  -6.2371600000e-01
    150000   -46.00000000  -6.2853100000e-01
    150000   -44.00000000  -6.3052700000e-01
    150000   -42.00000000  -6.2972000000e-01
    150000   -40.00000000  -6.2614600000e-01
    150000   -38.00000000  -6.1985800000e-01
    150000   -36.00000000  -6.1093300000e-01
    150000   -34.00000000  -5.9946400000e-01
    150000   -32.00000000  -5.8557200000e-01
    150000   -30.00000000  -5.6940400000e-01
    150000   -28.00000000  -5.5113700000e-01
    150000   -26.00000000  -5.3098500000e-01
    150000   -24.00000000  -5.0921100000e-01
    150000   -22.00000000  -4.8614000000e-01
    150000   -20.00000000  -4.6218500000e-01
    150000   -18.00000000  -4.3788900000e-01
    150000   -16.00000000  -4.1399900000e-01
    150000   -14.00000000  -3.9160400000e-01
    150000   -12.00000000  -3.7241500000e-01
    150000   -10.00000000  -3.5937300000e-01
    150000    -8.00000000  -3.5735600000e-01
    150000    -6.00000000  -3.8190000000e-01
    150000    -4.00000000  -2.5828300000e-01
    150000    -2.00000000   1.7340000000e-01
    150000     0.00000000   5.3680000000e-01
    150000     2.00000000   8.5050000000e-01
    150000     4.00000000   1.1317000000e+00
    150000     6.00000000   1.2600000000e+00
    150000     8.00000000   1.3991490000e+00
    150000    10.00000000   1.3362150000e+00
    150000    12.00000000   1.1609040000e+00
    150000    14.00000000   1.0574570000e+00
    150000    16.00000000   9.8757400000e-01
    150000    18.00000000   9.3870200000e-01
    150000    20.00000000   9.0392400000e-01
    150000    22.00000000   8.7878700000e-01
    150000    24.00000000   8.6028000000e-01
    150000    26.00000000   8.4628500000e-01
    150000    28.00000000   8.3526000000e-01
    150000    30.00000000   8.2605200000e-01
    150000    32.00000000   8.1778000000e-01
    150000    34.00000000   8.0976100000e-01
    150000    36.00000000   8.0145300000e-01
    150000    38.00000000   7.9242900000e-01
    150000    40.00000000   7.8234700000e-01
    150000    42.00000000   7.7093500000e-01
    150000    44.00000000   7.5797700000e-01
    150000    46.00000000   7.4330800000e-01
    150000    48.00000000   7.2680100000e-01
    150000    50.00000000   7.0836600000e-01
    150000    52.00000000   6.8794500000e-01
    150000    54.00000000   6.6550800000e-01
    150000    56.00000000   6.4104900000e-01
    150000    58.00000000   6.1458800000e-01
    150000    60.00000000   5.8616500000e-01
    150000    62.00000000   5.5583700000e-01
    150000    64.00000000   5.2368400000e-01
    150000    66.00000000   4.8979900000e-01
    150000    68.00000000   4.5429300000e-01
    150000    70.00000000   4.1728800000e-01
    150000    72.00000000   3.7892200000e-01
    150000    74.00000000   3.3934400000e-01
    150000    76.00000000   2.9871400000e-01
    150000    78.00000000   2.5720000000e-01
    150000    80.00000000   2.1498100000e-01
    150000    82.00000000   1.7224200000e-01
    150000    84.00000000   1.2917500000e-01
    150000    86.00000000   8.5977000000e-02
    150000    88.00000000   4.2851000000e-02
    150000    90.00000000   0.0000000000e+00
    200000   -90.00000000  -0.0000000000e+00
    200000   -88.00000000  -4.2628000000e-02
    200000   -86.00000000  -8.5086000000e-02
    200000   -84.00000000  -1.2716600000e-01
    200000   -82.00000000  -1.6866500000e-01
    200000   -80.00000000  -2.0938200000e-01
    200000   -78.00000000  -2.4911900000e-01
    200000   -76.00000000  -2.8768500000e-01
    200000   -74.00000000  -3.2489300000e-01
    200000   -72.00000000  -3.6056400000e-01
    200000   -70.00000000  -3.9452700000e-01
    200000   -68.00000000  -4.2661900000e-01
    200000   -66.00000000  -4.5668800000e-01
    200000   -64.00000000  -4.8459100000e-01
    200000   -62.00000000  -5.1019500000e-01
    200000   -60.00000000  -5.3338200000e-01
    200000   -58.00000000  -5.5404300000e-01
    200000   -56.00000000  -5.7208400000e-01
    200000   -54.00000000  -5.8742400000e-01
    200000   -52.00000000  -5.9999600000e-01
    200000   -50.00000000  -6.0974700000e-01
    200000   -48.00000000  -6.1663900000e-01
    200000   -46.00000000  -6.2065200000e-01
    200000   -44.00000000  -6.2177700000e-01
    200000   -42.00000000  -6.2002500000e-01
    200000   -40.00000000  -6.1542200000e-01
    200000   -38.00000000  -6.0801100000e-01
    200000   -36.00000000  -5.9785300000e-01
    200000   -34.00000000  -5.8502700000e-01
    200000   -32.00000000  -5.6963100000e-01
    200000   -30.00000000  -5.5178500000e-01
    200000   -28.00000000  -5.3163200000e-01
    200000   -26.00000000  -5.0933900000e-01
    200000   -24.00000000  -4.8511000000e-01
    200000   -22.00000000  -4.5918500000e-01
    200000   -20.00000000  -4.3186000000e-01
    200000   -18.00000000  -4.0350800000e-01
    200000   -16.00000000  -3.7462200000e-01
    200000   -14.00000000  -3.4589300000e-01
    200000   -12.00000000  -3.1836200000e-01
    200000   -10.00000000  -2.9377000000e-01
    200000    -8.00000000  -2.7802500000e-01
    200000    -6.00000000  -2.7576400000e-01
    200000    -4.00000000  -1.6759200000e-01
    200000    -2.00000000   1.9730000000e-01
    200000     0.00000000   6.0080000000e-01
    200000     2.00000000   9.0910000000e-01
    200000     4.00000000   1.1318000000e+00
    200000     6.00000000   1.2628400000e+00
    200000     8.00000000   1.4078440000e+00
    200000    10.00000000   1.2926680000e+00
    200000    12.00000000   1.1200250000e+00
    200000    14.00000000   1.0238390000e+00
    200000    16.00000000   9.5861500000e-01
    200000    18.00000000   9.1341700000e-01
    200000    20.00000000   8.8162100000e-01
    200000    22.00000000   8.5896200000e-01
    200000    24.00000000   8.4255500000e-01
    200000    26.00000000   8.3036600000e-01
    200000    28.00000000   8.2091400000e-01
    200000    30.00000000   8.1309400000e-01
    200000    32.00000000   8.0605600000e-01
    200000    34.00000000   7.9914300000e-01
    200000    36.00000000   7.9183400000e-01
    200000    38.00000000   7.8371600000e-01
    200000    40.00000000   7.7446100000e-01
    200000    42.00000000   7.6380500000e-01
    200000    44.00000000   7.5154300000e-01
    200000    46.00000000   7.3751300000e-01
    200000    48.00000000   7.2159600000e-01
    200000    50.00000000   7.0370700000e-01
    200000    52.00000000   6.8379000000e-01
    200000    54.00000000   6.6181900000e-01
    200000    56.00000000   6.3779100000e-01
    200000    58.00000000   6.1172800000e-01
    200000    60.00000000   5.8367100000e-01
    200000    62.00000000   5.5368100000e-01
    200000    64.00000000   5.2183700000e-01
    200000    66.00000000   4.8823500000e-01
    200000    68.00000000   4.5298500000e-01
    200000    70.00000000   4.1621300000e-01
    200000    72.00000000   3.7805500000e-01
    200000    74.00000000   3.3866100000e-01
    200000    76.00000000   2.9819200000e-01
    200000    78.00000000   2.5681800000e-01
    200000    80.00000000   2.1471600000e-01
    200000    82.00000000   1.7207300000e-01
    200000    84.00000000   1.2908000000e-01
    200000    86.00000000   8.5935000000e-02
    200000    88.00000000   4.2840000000e-02
    200000    90.00000000   0.0000000000e+00
    250000   -90.00000000  -0.0000000000e+00
    250000   -88.00000000  -4.2639000000e-02
    250000   -86.00000000  -8.5130000000e-02
    250000   -84.00000000  -1.2726700000e-01
    250000   -82.00000000  -1.6884400000e-01
    250000   -80.00000000  -2.0966200000e-01
    250000   -78.00000000  -2.4952300000e-01
    250000   -76.00000000  -2.8823600000e-01
    250000   -74.00000000  -3.2561500000e-01
    250000   -72.00000000  -3.6148200000e-01
    250000   -70.00000000  -3.9566500000e-01
    250000   -68.00000000  -4.2800300000e-01
    250000   -66.00000000  -4.5834400000e-01
    250000   -64.00000000  -4.8654600000e-01
    250000   -62.00000000  -5.1247800000e-01
    250000   -60.00000000  -5.3602100000e-01
    250000   -58.00000000  -5.5707100000e-01
    250000   -56.00000000  -5.7553300000e-01
    250000   -54.00000000  -5.9132900000e-01
    250000   -52.00000000  -6.0439400000e-01
    250000   -50.00000000  -6.1467800000e-01
    250000   -48.00000000  -6.2214800000e-01
    250000   -46.00000000  -6.2678500000e-01
    250000   -44.00000000  -6.2858800000e-01
    250000   -42.00000000  -6.2757200000e-01
    250000   -40.00000000  -6.2377000000e-01
    250000   -38.00000000  -6.1723400000e-01
    250000   -36.00000000  -6.0803500000e-01
    250000   -34.00000000  -5.9626600000e-01
    250000   -32.00000000  -5.8204100000e-01
    250000   -30.00000000  -5.6550100000e-01
    250000   -28.00000000  -5.4681500000e-01
    250000   -26.00000000  -5.2618900000e-01
    250000   -24.00000000  -5.0387100000e-01
    250000   -22.00000000  -4.8016800000e-01
    250000   -20.00000000  -4.5546700000e-01
    250000   -18.00000000  -4.3027200000e-01
    250000   -16.00000000  -4.0527500000e-01
    250000   -14.00000000  -3.8147700000e-01
    250000   -12.00000000  -3.6043900000e-01
    250000   -10.00000000  -3.4483800000e-01
    250000    -8.00000000  -3.3764300000e-01
    250000    -6.00000000  -3.1699700000e-01
    250000    -4.00000000  -5.3167000000e-02
    250000    -2.00000000   2.8270000000e-01
    250000     0.00000000   6.3780000000e-01
    250000     2.00000000   9.4150000000e-01
    250000     4.00000000   1.1265000000e+00
    250000     6.00000000   1.2711490000e+00
    250000     8.00000000   1.4132370000e+00
    250000    10.00000000   1.2666150000e+00
    250000    12.00000000   1.0992590000e+00
    250000    14.00000000   1.0062770000e+00
    250000    16.00000000   9.4348700000e-01
    250000    18.00000000   9.0020800000e-01
    250000    20.00000000   8.6997000000e-01
    250000    22.00000000   8.4860600000e-01
    250000    24.00000000   8.3329500000e-01
    250000    26.00000000   8.2205000000e-01
    250000    28.00000000   8.1342100000e-01
    250000    30.00000000   8.0632500000e-01
    250000    32.00000000   7.9993200000e-01
    250000    34.00000000   7.9359600000e-01
    250000    36.00000000   7.8680900000e-01
    250000    38.00000000   7.7916500000e-01
    250000    40.00000000   7.7034100000e-01
    250000    42.00000000   7.6008100000e-01
    250000    44.00000000   7.4818100000e-01
    250000    46.00000000   7.3448600000e-01
    250000    48.00000000   7.1887700000e-01
    250000    50.00000000   7.0127300000e-01
    250000    52.00000000   6.8161900000e-01
    250000    54.00000000   6.5989100000e-01
    250000    56.00000000   6.3608900000e-01
    250000    58.00000000   6.1023400000e-01
    250000    60.00000000   5.8236800000e-01
    250000    62.00000000   5.5255400000e-01
    250000    64.00000000   5.2087200000e-01
    250000    66.00000000   4.8741800000e-01
    250000    68.00000000   4.5230200000e-01
    250000    70.00000000   4.1565100000e-01
    250000    72.00000000   3.7760200000e-01
    250000    74.00000000   3.3830500000e-01
    250000    76.00000000   2.9792000000e-01
    250000    78.00000000   2.5661800000e-01
    250000    80.00000000   2.1457800000e-01
    250000    82.00000000   1.7198400000e-01
    250000    84.00000000   1.2903000000e-01
    250000    86.00000000   8.5913000000e-02
    250000    88.00000000   4.2835000000e-02
    250000    90.00000000   0.0000000000e+00
     50000   -90.00000000  -0.0000000000e+00
     50000   -88.00000000  -4.2631000000e-02
     50000   -86.00000000  -8.5099000000e-02
     50000   -84.00000000  -1.2719700000e-01
     50000   -82.00000000  -1.6872000000e-01
     50000   -80.00000000  -2.0946800000e-01
     50000   -78.00000000  -2.4924300000e-01
     50000   -76.00000000  -2.8785300000e-01
     50000   -74.00000000  -3.2511300000e-01
     50000   -72.00000000  -3.6084400000e-01
     50000   -70.00000000  -3.9487400000e-01
     50000   -68.00000000  -4.2704200000e-01
     50000   -66.00000000  -4.5719400000e-01
     50000   -64.00000000  -4.8518800000e-01
     50000   -62.00000000  -5.1089300000e-01
     50000   -60.00000000  -5.3418800000e-01
     50000   -58.00000000  -5.5496800000e-01
     50000   -56.00000000  -5.7313800000e-01
     50000   -54.00000000  -5.8861700000e-01
     50000   -52.00000000  -6.0133900000e-01
     50000   -50.00000000  -6.1125300000e-01
     50000   -48.00000000  -6.1832200000e-01
     50000   -46.00000000  -6.2252600000e-01
     50000   -44.00000000  -6.2385800000e-01
     50000   -42.00000000  -6.2233100000e-01
     50000   -40.00000000  -6.1797300000e-01
     50000   -38.00000000  -6.1082900000e-01
     50000   -36.00000000  -6.0096400000e-01
     50000   -34.00000000  -5.8846100000e-01
     50000   -32.00000000  -5.7342300000e-01
     50000   -30.00000000  -5.5597600000e-01
     50000   -28.00000000  -5.3627000000e-01
     50000   -26.00000000  -5.1448700000e-01
     50000   -24.00000000  -4.9084200000e-01
     50000   -22.00000000  -4.6559600000e-01
     50000   -20.00000000  -4.3907200000e-01
     50000   -18.00000000  -4.1168500000e-01
     50000   -16.00000000  -3.8398700000e-01
     50000   -14.00000000  -3.5676400000e-01
     50000   -12.00000000  -3.3121700000e-01
     50000   -10.00000000  -3.0937200000e-01
     50000    -8.00000000  -2.9510100000e-01
     50000    -6.00000000  -2.9995300000e-01
     50000    -4.00000000  -3.4160000000e-01
     50000    -2.00000000  -1.8915600000e-01
     50000     0.00000000   2.2510000000e-01
     50000     2.00000000   4.7910000000e-01
     50000     4.00000000   8.6985000000e-01
     50000     6.00000000   1.2641000000e+00
     50000     8.00000000   1.3378000000e+00
     50000    10.00000000   1.3384580000e+00
     50000    12.00000000   1.3782260000e+00
     50000    14.00000000   1.2386170000e+00
     50000    16.00000000   1.1459570000e+00
     50000    18.00000000   1.0769930000e+00
     50000    20.00000000   1.0259020000e+00
     50000    22.00000000   9.8720900000e-01
     50000    24.00000000   9.5722200000e-01
     50000    26.00000000   9.3334900000e-01
     50000    28.00000000   9.1371500000e-01
     50000    30.00000000   8.9692000000e-01
     50000    32.00000000   8.8190000000e-01
     50000    34.00000000   8.6783000000e-01
     50000    36.00000000   8.5406200000e-01
     50000    38.00000000   8.4008200000e-01
     50000    40.00000000   8.2548000000e-01
     50000    42.00000000   8.0992900000e-01
     50000    44.00000000   7.9317100000e-01
     50000    46.00000000   7.7500100000e-01
     50000    48.00000000   7.5526600000e-01
     50000    50.00000000   7.3384900000e-01
     50000    52.00000000   7.1067100000e-01
     50000    54.00000000   6.8568400000e-01
     50000    56.00000000   6.5887000000e-01
     50000    58.00000000   6.3023300000e-01
     50000    60.00000000   5.9980300000e-01
     50000    62.00000000   5.6763100000e-01
     50000    64.00000000   5.3378600000e-01
     50000    66.00000000   4.9835500000e-01
     50000    68.00000000   4.6144300000e-01
     50000    70.00000000   4.2316900000e-01
     50000    72.00000000   3.8366600000e-01
     50000    74.00000000   3.4307800000e-01
     50000    76.00000000   3.0156300000e-01
     50000    78.00000000   2.5928800000e-01
     50000    80.00000000   2.1642700000e-01
     50000    82.00000000   1.7316600000e-01
     50000    84.00000000   1.2969400000e-01
     50000    86.00000000   8.6208000000e-02
     50000    88.00000000   4.2908000000e-02
     50000    90.00000000   0.0000000000e+00
    100000   -90.00000000  -0.0000000000e+00
    100000   -88.00000000  -4.2631000000e-02
    100000   -86.00000000  -8.5098000000e-02
    100000   -84.00000000  -1.2719300000e-01
    100000   -82.00000000  -1.6871400000e-01
    100000   -80.00000000  -2.0945800000e-01
    100000   -78.00000000  -2.4922800000e-01
    100000   -76.00000000  -2.8783400000e-01
    100000   -74.00000000  -3.2508800000e-01
    100000   -72.00000000  -3.6081200000e-01
    100000   -70.00000000  -3.9483400000e-01
    100000   -68.00000000  -4.2699300000e-01
    100000   -66.00000000  -4.5713600000e-01
    100000   -64.00000000  -4.8511900000e-01
    100000   -62.00000000  -5.1081200000e-01
    100000   -60.00000000  -5.3409500000e-01
    100000   -58.00000000  -5.5486100000e-01
    100000   -56.00000000  -5.7301600000e-01
    100000   -54.00000000  -5.8847900000e-01
    100000   -52.00000000  -6.0118400000e-01
    100000   -50.00000000  -6.1107900000e-01
    100000   -48.00000000  -6.1812800000e-01
    100000   -46.00000000  -6.2230900000e-01
    100000   -44.00000000  -6.2361800000e-01
    100000   -42.00000000  -6.2206500000e-01
    100000   -40.00000000  -6.1767800000e-01
    100000   -38.00000000  -6.1050400000e-01
    100000   -36.00000000  -6.0060500000e-01
    100000   -34.00000000  -5.8806400000e-01
    100000   -32.00000000  -5.7298500000e-01
    100000   -30.00000000  -5.5549200000e-01
    100000   -28.00000000  -5.3573500000e-01
    100000   -26.00000000  -5.1389300000e-01
    100000   -24.00000000  -4.9018000000e-01
    100000   -22.00000000  -4.6485600000e-01
    100000   -20.00000000  -4.3823900000e-01
    100000   -18.00000000  -4.1074100000e-01
    100000   -16.00000000  -3.8290600000e-01
    100000   -14.00000000  -3.5550900000e-01
    100000   -12.00000000  -3.2973300000e-01
    100000   -10.00000000  -3.0757100000e-01
    100000    -8.00000000  -2.9282900000e-01
    100000    -6.00000000  -2.9862400000e-01
    100000    -4.00000000  -3.3700000000e-01
    100000    -2.00000000  -6.9676000000e-02
    100000     0.00000000   4.1750000000e-01
    100000     2.00000000   7.4630000000e-01
    100000     4.00000000   1.1036000000e+00
    100000     6.00000000   1.2584000000e+00
    100000     8.00000000   1.3807190000e+00
    100000    10.00000000   1.3821750000e+00
    100000    12.00000000   1.2131540000e+00
    100000    14.00000000   1.0968380000e+00
    100000    16.00000000   1.0214970000e+00
    100000    18.00000000   9.6832200000e-01
    100000    20.00000000   9.3005000000e-01
    100000    22.00000000   9.0200900000e-01
    100000    24.00000000   8.8104300000e-01
    100000    26.00000000   8.6493300000e-01
    100000    28.00000000   8.5206300000e-01
    100000    30.00000000   8.4123000000e-01
    100000    32.00000000   8.3151400000e-01
    100000    34.00000000   8.2219800000e-01
    100000    36.00000000   8.1272100000e-01
    100000    38.00000000   8.0263600000e-01
    100000    40.00000000   7.9158600000e-01
    100000    42.00000000   7.7928700000e-01
    100000    44.00000000   7.6551500000e-01
    100000    46.00000000   7.5009600000e-01
    100000    48.00000000   7.3289800000e-01
    100000    50.00000000   7.1382400000e-01
    100000    52.00000000   6.9281200000e-01
    100000    54.00000000   6.6982900000e-01
    100000    56.00000000   6.4486600000e-01
    100000    58.00000000   6.1793900000e-01
    100000    60.00000000   5.8908600000e-01
    100000    62.00000000   5.5836300000e-01
    100000    64.00000000   5.2584800000e-01
    100000    66.00000000   4.9163200000e-01
    100000    68.00000000   4.5582400000e-01
    100000    70.00000000   4.1854800000e-01
    100000    72.00000000   3.7993800000e-01
    100000    74.00000000   3.4014400000e-01
    100000    76.00000000   2.9932400000e-01
    100000    78.00000000   2.5764700000e-01
    100000    80.00000000   2.1529000000e-01
    100000    82.00000000   1.7244000000e-01
    100000    84.00000000   1.2928600000e-01
    100000    86.00000000   8.6027000000e-02
    100000    88.00000000   4.2863000000e-02
    100000    90.00000000   0.0000000000e+00
    150000   -90.00000000  -0.0000000000e+00
    150000   -88.00000000  -4.2644000000e-02
    150000   -86.00000000  -8.5149000000e-02
    150000   -84.00000000  -1.2731000000e-01
    150000   -82.00000000  -1.6892200000e-01
    150000   -80.00000000  -2.0978300000e-01
    150000   -78.00000000  -2.4969900000e-01
    150000   -76.00000000  -2.8847500000e-01
    150000   -74.00000000  -3.2592900000e-01
    150000   -72.00000000  -3.6188000000e-01
    150000   -70.00000000  -3.9615900000e-01
    150000   -68.00000000  -4.2860300000e-01
    150000   -66.00000000  -4.5906200000e-01
    150000   -64.00000000  -4.8739400000e-01
    150000   -62.00000000  -5.1346800000e-01
    150000   -60.00000000  -5.3716600000e-01
    150000   -58.00000000  -5.5838400000e-01
    150000   -56.00000000  -5.7702900000e-01
    150000   -54.00000000  -5.9302200000e-01
    150000   -52.00000000  -6.0630200000e-01
    150000   -50.00000000  -6.1681800000e-01
    150000   -48.00000000  -6.2453800000e-01
    150000   -46.00000000  -6.2944600000e-01
    150000   -44.00000000  -6.3154200000e-01
    150000   -42.00000000  -6.3084500000e-01
    150000   -40.00000000  -6.2739100000e-01
    150000   -38.00000000  -6.2123400000e-01
    150000   -36.00000000  -6.1245100000e-01
    150000   -34.00000000  -6.0114000000e-01
    150000   -32.00000000  -5.8742300000e-01
    150000   -30.00000000  -5.7145000000e-01
    150000   -28.00000000  -5.5340100000e-01
    150000   -26.00000000  -5.3349800000e-01
    150000   -24.00000000  -5.1200900000e-01
    150000   -22.00000000  -4.8927000000e-01
    150000   -20.00000000  -4.6570600000e-01
    150000   -18.00000000  -4.4188100000e-01
    150000   -16.00000000  -4.1857100000e-01
    150000   -14.00000000  -3.9691100000e-01
    150000   -12.00000000  -3.7869100000e-01
    150000   -10.00000000  -3.6698900000e-01
    150000    -8.00000000  -3.6208500000e-01
    150000    -6.00000000  -3.8431400000e-01
    150000    -4.00000000  -2.3794700000e-01
    150000    -2.00000000   1.4590000000e-01
    150000     0.00000000   5.2150000000e-01
    150000     2.00000000   8.4820000000e-01
    150000     4.00000000   1.1336000000e+00
    150000     6.00000000   1.2600000000e+00
    150000     8.00000000   1.3977510000e+00
    150000    10.00000000   1.3731180000e+00
    150000    12.00000000   1.1954300000e+00
    150000    14.00000000   1.0840280000e+00
    150000    16.00000000   1.0104630000e+00
    150000    18.00000000   9.5868700000e-01
    150000    20.00000000   9.2155100000e-01
    150000    22.00000000   8.9445500000e-01
    150000    24.00000000   8.7428900000e-01
    150000    26.00000000   8.5886700000e-01
    150000    28.00000000   8.4659700000e-01
    150000    30.00000000   8.3629300000e-01
    150000    32.00000000   8.2704600000e-01
    150000    34.00000000   8.1815200000e-01
    150000    36.00000000   8.0905600000e-01
    150000    38.00000000   7.9931600000e-01
    150000    40.00000000   7.8858000000e-01
    150000    42.00000000   7.7657000000e-01
    150000    44.00000000   7.6306300000e-01
    150000    46.00000000   7.4788800000e-01
    150000    48.00000000   7.3091400000e-01
    150000    50.00000000   7.1204900000e-01
    150000    52.00000000   6.9122900000e-01
    150000    54.00000000   6.6842300000e-01
    150000    56.00000000   6.4362500000e-01
    150000    58.00000000   6.1684900000e-01
    150000    60.00000000   5.8813500000e-01
    150000    62.00000000   5.5754200000e-01
    150000    64.00000000   5.2514400000e-01
    150000    66.00000000   4.9103600000e-01
    150000    68.00000000   4.5532600000e-01
    150000    70.00000000   4.1813800000e-01
    150000    72.00000000   3.7960800000e-01
    150000    74.00000000   3.3988400000e-01
    150000    76.00000000   2.9912500000e-01
    150000    78.00000000   2.5750100000e-01
    150000    80.00000000   2.1519000000e-01
    150000    82.00000000   1.7237500000e-01
    150000    84.00000000   1.2925000000e-01
    150000    86.00000000   8.6011000000e-02
    150000    88.00000000   4.2859000000e-02
    150000    90.00000000   0.0000000000e+00
    200000   -90.00000000  -0.0000000000e+00
    200000   -88.00000000  -4.2624000000e-02
    200000   -86.00000000  -8.5069000000e-02
    200000   -84.00000000  -1.2713000000e-01
    200000   -82.00000000  -1.6860100000e-01
    200000   -80.00000000  -2.0928100000e-01
    200000   -78.00000000  -2.4897300000e-01
    200000   -76.00000000  -2.8748500000e-01
    200000   -74.00000000  -3.2463100000e-01
    200000   -72.00000000  -3.6023200000e-01
    200000   -70.00000000  -3.9411500000e-01
    200000   -68.00000000  -4.2611900000e-01
    200000   -66.00000000  -4.5609000000e-01
    200000   -64.00000000  -4.8388400000e-01
    200000   -62.00000000  -5.0937000000e-01
    200000   -60.00000000  -5.3242800000e-01
    200000   -58.00000000  -5.5294900000e-01
    200000   -56.00000000  -5.7083800000e-01
    200000   -54.00000000  -5.8601300000e-01
    200000   -52.00000000  -5.9840600000e-01
    200000   -50.00000000  -6.0796500000e-01
    200000   -48.00000000  -6.1464900000e-01
    200000   -46.00000000  -6.1843500000e-01
    200000   -44.00000000  -6.1931600000e-01
    200000   -42.00000000  -6.1729800000e-01
    200000   -40.00000000  -6.1240600000e-01
    200000   -38.00000000  -6.0467900000e-01
    200000   -36.00000000  -5.9417400000e-01
    200000   -34.00000000  -5.8096600000e-01
    200000   -32.00000000  -5.6514700000e-01
    200000   -30.00000000  -5.4682900000e-01
    200000   -28.00000000  -5.2614500000e-01
    200000   -26.00000000  -5.0325100000e-01
    200000   -24.00000000  -4.7833000000e-01
    200000   -22.00000000  -4.5160200000e-01
    200000   -20.00000000  -4.2332900000e-01
    200000   -18.00000000  -3.9383700000e-01
    200000   -16.00000000  -3.6354600000e-01
    200000   -14.00000000  -3.3303500000e-01
    200000   -12.00000000  -3.0315700000e-01
    200000   -10.00000000  -2.7531600000e-01
    200000    -8.00000000  -2.5213700000e-01
    200000    -6.00000000  -2.5620800000e-01
    200000    -4.00000000  -1.1590300000e-01
    200000    -2.00000000   1.8703700000e-01
    200000     0.00000000   5.9100000000e-01
    200000     2.00000000   9.0580000000e-01
    200000     4.00000000   1.1332000000e+00
    200000     6.00000000   1.2645570000e+00
    200000     8.00000000   1.4024720000e+00
    200000    10.00000000   1.2566000000e+00
    200000    12.00000000   1.0914010000e+00
    200000    14.00000000   9.9963200000e-01
    200000    16.00000000   9.3776300000e-01
    200000    18.00000000   8.9521000000e-01
    200000    20.00000000   8.6556200000e-01
    200000    22.00000000   8.4468800000e-01
    200000    24.00000000   8.2979200000e-01
    200000    26.00000000   8.1890300000e-01
    200000    28.00000000   8.1058500000e-01
    200000    30.00000000   8.0376300000e-01
    200000    32.00000000   7.9761400000e-01
    200000    34.00000000   7.9149800000e-01
    200000    36.00000000   7.8490800000e-01
    200000    38.00000000   7.7744300000e-01
    200000    40.00000000   7.6878200000e-01
    200000    42.00000000   7.5867100000e-01
    200000    44.00000000   7.4690900000e-01
    200000    46.00000000   7.3334000000e-01
    200000    48.00000000   7.1784900000e-01
    200000    50.00000000   7.0035200000e-01
    200000    52.00000000   6.8079800000e-01
    200000    54.00000000   6.5916200000e-01
    200000    56.00000000   6.3544500000e-01
    200000    58.00000000   6.0966800000e-01
    200000    60.00000000   5.8187500000e-01
    200000    62.00000000   5.5212800000e-01
    200000    64.00000000   5.2050700000e-01
    200000    66.00000000   4.8710900000e-01
    200000    68.00000000   4.5204400000e-01
    200000    70.00000000   4.1543800000e-01
    200000    72.00000000   3.7743000000e-01
    200000    74.00000000   3.3817000000e-01
    200000    76.00000000   2.9781700000e-01
    200000    78.00000000   2.5654300000e-01
    200000    80.00000000   2.1452600000e-01
    200000    82.00000000   1.7195100000e-01
    200000    84.00000000   1.2901200000e-01
    200000    86.00000000   8.5905000000e-02
    200000    88.00000000   4.2833000000e-02
    200000    90.00000000   0.0000000000e+00
    250000   -90.00000000  -0.0000000000e+00
    250000   -88.00000000  -4.2639000000e-02
    250000   -86.00000000  -8.5129000000e-02
    250000   -84.00000000  -1.2726400000e-01
    250000   -82.00000000  -1.6884100000e-01
    250000   -80.00000000  -2.0965600000e-01
    250000   -78.00000000  -2.4951500000e-01
    250000   -76.00000000  -2.8822500000e-01
    250000   -74.00000000  -3.2560000000e-01
    250000   -72.00000000  -3.6146300000e-01
    250000   -70.00000000  -3.9564200000e-01
    250000   -68.00000000  -4.2797500000e-01
    250000   -66.00000000  -4.5831000000e-01
    250000   -64.00000000  -4.8650600000e-01
    250000   -62.00000000  -5.1243100000e-01
    250000   -60.00000000  -5.3596700000e-01
    250000   -58.00000000  -5.5700900000e-01
    250000   -56.00000000  -5.7546200000e-01
    250000   -54.00000000  -5.9124900000e-01
    250000   -52.00000000  -6.0430400000e-01
    250000   -50.00000000  -6.1457700000e-01
    250000   -48.00000000  -6.2203600000e-01
    250000   -46.00000000  -6.2666000000e-01
    250000   -44.00000000  -6.2844900000e-01
    250000   -42.00000000  -6.2741700000e-01
    250000   -40.00000000  -6.2359900000e-01
    250000   -38.00000000  -6.1704500000e-01
    250000   -36.00000000  -6.0782600000e-01
    250000   -34.00000000  -5.9603600000e-01
    250000   -32.00000000  -5.8178700000e-01
    250000   -30.00000000  -5.6522000000e-01
    250000   -28.00000000  -5.4650500000e-01
    250000   -26.00000000  -5.2584500000e-01
    250000   -24.00000000  -5.0348800000e-01
    250000   -22.00000000  -4.7973900000e-01
    250000   -20.00000000  -4.5498300000e-01
    250000   -18.00000000  -4.2972400000e-01
    250000   -16.00000000  -4.0464800000e-01
    250000   -14.00000000  -3.8074900000e-01
    250000   -12.00000000  -3.5957800000e-01
    250000   -10.00000000  -3.4379300000e-01
    250000    -8.00000000  -3.3651500000e-01
    250000    -6.00000000  -3.3023600000e-01
    250000    -4.00000000  -6.8790000000e-02
    250000    -2.00000000   2.8432000000e-01
    250000     0.00000000   6.2180000000e-01
    250000     2.00000000   9.4080000000e-01
    250000     4.00000000   1.1274000000e+00
    250000     6.00000000   1.2834780000e+00
    250000     8.00000000   1.3921850000e+00
    250000    10.00000000   1.2195530000e+00
    250000    12.00000000   1.0641160000e+00
    250000    14.00000000   9.7655800000e-01
    250000    16.00000000   9.1788700000e-01
    250000    18.00000000   8.7785500000e-01
    250000    20.00000000   8.5025400000e-01
    250000    22.00000000   8.3108100000e-01
    250000    24.00000000   8.1762600000e-01
    250000    26.00000000   8.0797700000e-01
    250000    28.00000000   8.0073900000e-01
    250000    30.00000000   7.9487000000e-01
    250000    32.00000000   7.8956800000e-01
    250000    34.00000000   7.8421000000e-01
    250000    36.00000000   7.7830600000e-01
    250000    38.00000000   7.7146300000e-01
    250000    40.00000000   7.6336900000e-01
    250000    42.00000000   7.5377800000e-01
    250000    44.00000000   7.4249300000e-01
    250000    46.00000000   7.2936300000e-01
    250000    48.00000000   7.1427600000e-01
    250000    50.00000000   6.9715400000e-01
    250000    52.00000000   6.7794600000e-01
    250000    54.00000000   6.5663000000e-01
    250000    56.00000000   6.3320900000e-01
    250000    58.00000000   6.0770500000e-01
    250000    60.00000000   5.8016400000e-01
    250000    62.00000000   5.5064800000e-01
    250000    64.00000000   5.1924000000e-01
    250000    66.00000000   4.8603500000e-01
    250000    68.00000000   4.5114600000e-01
    250000    70.00000000   4.1470000000e-01
    250000    72.00000000   3.7683500000e-01
    250000    74.00000000   3.3770100000e-01
    250000    76.00000000   2.9746000000e-01
    250000    78.00000000   2.5628100000e-01
    250000    80.00000000   2.1434400000e-01
    250000    82.00000000   1.7183500000e-01
    250000    84.00000000   1.2894600000e-01
    250000    86.00000000   8.5876000000e-02
    250000    88.00000000   4.2826000000e-02
    250000    90.00000000   0.0000000000e+00
     50000   -90.00000000  -0.0000000000e+00
     50000   -88.00000000  -4.2631000000e-02
     50000   -86.00000000  -8.5099000000e-02
     50000   -84.00000000  -1.2719600000e-01
     50000   -82.00000000  -1.6871800000e-01
     50000   -80.00000000  -2.0946400000e-01
     50000   -78.00000000  -2.4923800000e-01
     50000   -76.00000000  -2.8784600000e-01
     50000   -74.00000000  -3.2510400000e-01
     50000   -72.00000000  -3.6083300000e-01
     50000   -70.00000000  -3.9486000000e-01
     50000   -68.00000000  -4.2702500000e-01
     50000   -66.00000000  -4.5717400000e-01
     50000   -64.00000000  -4.8516400000e-01
     50000   -62.00000000  -5.1086500000e-01
     50000   -60.00000000  -5.3415600000e-01
     50000   -58.00000000  -5.5493100000e-01
     50000   -56.00000000  -5.7309500000e-01
     50000   -54.00000000  -5.8856900000e-01
     50000   -52.00000000  -6.0128500000e-01
     50000   -50.00000000  -6.1119300000e-01
     50000   -48.00000000  -6.1825500000e-01
     50000   -46.00000000  -6.2245000000e-01
     50000   -44.00000000  -6.2377400000e-01
     50000   -42.00000000  -6.2223800000e-01
     50000   -40.00000000  -6.1787000000e-01
     50000   -38.00000000  -6.1071600000e-01
     50000   -36.00000000  -6.0083900000e-01
     50000   -34.00000000  -5.8832300000e-01
     50000   -32.00000000  -5.7327000000e-01
     50000   -30.00000000  -5.5580700000e-01
     50000   -28.00000000  -5.3608400000e-01
     50000   -26.00000000  -5.1428100000e-01
     50000   -24.00000000  -4.9061200000e-01
     50000   -22.00000000  -4.6533800000e-01
     50000   -20.00000000  -4.3878200000e-01
     50000   -18.00000000  -4.1135600000e-01
     50000   -16.00000000  -3.8361100000e-01
     50000   -14.00000000  -3.5632800000e-01
     50000   -12.00000000  -3.3070100000e-01
     50000   -10.00000000  -3.0874600000e-01
     50000    -8.00000000  -2.9431100000e-01
     50000    -6.00000000  -2.9971900000e-01
     50000    -4.00000000  -3.4000000000e-01
     50000    -2.00000000  -1.5801500000e-01
     50000     0.00000000   2.1740000000e-01
     50000     2.00000000   4.7250000000e-01
     50000     4.00000000   8.7530000000e-01
     50000     6.00000000   1.2602000000e+00
     50000     8.00000000   1.3263000000e+00
     50000    10.00000000   1.3686960000e+00
     50000    12.00000000   1.3031780000e+00
     50000    14.00000000   1.2034500000e+00
     50000    16.00000000   1.1137440000e+00
     50000    18.00000000   1.0488660000e+00
     50000    20.00000000   1.0010930000e+00
     50000    22.00000000   9.6515700000e-01
     50000    24.00000000   9.3750500000e-01
     50000    26.00000000   9.1564200000e-01
     50000    28.00000000   8.9775800000e-01
     50000    30.00000000   8.8250600000e-01
     50000    32.00000000   8.6885900000e-01
     50000    34.00000000   8.5602000000e-01
     50000    36.00000000   8.4336200000e-01
     50000    38.00000000   8.3039000000e-01
     50000    40.00000000   8.1670700000e-01
     50000    42.00000000   8.0199800000e-01
     50000    44.00000000   7.8601300000e-01
     50000    46.00000000   7.6855500000e-01
     50000    48.00000000   7.4947600000e-01
     50000    50.00000000   7.2866600000e-01
     50000    52.00000000   7.0604900000e-01
     50000    54.00000000   6.8158000000e-01
     50000    56.00000000   6.5524500000e-01
     50000    58.00000000   6.2705100000e-01
     50000    60.00000000   5.9702900000e-01
     50000    62.00000000   5.6523200000e-01
     50000    64.00000000   5.3173100000e-01
     50000    66.00000000   4.9661500000e-01
     50000    68.00000000   4.5998900000e-01
     50000    70.00000000   4.2197300000e-01
     50000    72.00000000   3.8270100000e-01
     50000    74.00000000   3.4231900000e-01
     50000    76.00000000   3.0098400000e-01
     50000    78.00000000   2.5886300000e-01
     50000    80.00000000   2.1613300000e-01
     50000    82.00000000   1.7297800000e-01
     50000    84.00000000   1.2958800000e-01
     50000    86.00000000   8.6161000000e-02
     50000    88.00000000   4.2897000000e-02
     50000    90.00000000   0.0000000000e+00
    100000   -90.00000000  -0.0000000000e+00
    100000   -88.00000000  -4.2637000000e-02
    100000   -86.00000000  -8.5123000000e-02
    100000   -84.00000000  -1.2725000000e-01
    100000   -82.00000000  -1.6881400000e-01
    100000   -80.00000000  -2.0961600000e-01
    100000   -78.00000000  -2.4945600000e-01
    100000   -76.00000000  -2.8814500000e-01
    100000   -74.00000000  -3.2549500000e-01
    100000   -72.00000000  -3.6132900000e-01
    100000   -70.00000000  -3.9547600000e-01
    100000   -68.00000000  -4.2777300000e-01
    100000   -66.00000000  -4.5806900000e-01
    100000   -64.00000000  -4.8622100000e-01
    100000   -62.00000000  -5.1209900000e-01
    100000   -60.00000000  -5.3558300000e-01
    100000   -58.00000000  -5.5656800000e-01
    100000   -56.00000000  -5.7496100000e-01
    100000   -54.00000000  -5.9068100000e-01
    100000   -52.00000000  -6.0366400000e-01
    100000   -50.00000000  -6.1386000000e-01
    100000   -48.00000000  -6.2123400000e-01
    100000   -46.00000000  -6.2576800000e-01
    100000   -44.00000000  -6.2745800000e-01
    100000   -42.00000000  -6.2632000000e-01
    100000   -40.00000000  -6.2238500000e-01
    100000   -38.00000000  -6.1570300000e-01
    100000   -36.00000000  -6.0634500000e-01
    100000   -34.00000000  -5.9440100000e-01
    100000   -32.00000000  -5.7998100000e-01
    100000   -30.00000000  -5.6322500000e-01
    100000   -28.00000000  -5.4429600000e-01
    100000   -26.00000000  -5.2339300000e-01
    100000   -24.00000000  -5.0075800000e-01
    100000   -22.00000000  -4.7668600000e-01
    100000   -20.00000000  -4.5154900000e-01
    100000   -18.00000000  -4.2583100000e-01
    100000   -16.00000000  -4.0018800000e-01
    100000   -14.00000000  -3.7557200000e-01
    100000   -12.00000000  -3.5345700000e-01
    100000   -10.00000000  -3.3636400000e-01
    100000    -8.00000000  -3.2915400000e-01
    100000    -6.00000000  -3.4768400000e-01
    100000    -4.00000000  -3.3362200000e-01
    100000    -2.00000000  -1.5729000000e-02
    100000     0.00000000   4.1460000000e-01
    100000     2.00000000   7.3340000000e-01
    100000     4.00000000   1.1026000000e+00
    100000     6.00000000   1.2579000000e+00
    100000     8.00000000   1.3548670000e+00
    100000    10.00000000   1.5014670000e+00
    100000    12.00000000   1.3859740000e+00
    100000    14.00000000   1.2301210000e+00
    100000    16.00000000   1.1363090000e+00
    100000    18.00000000   1.0685690000e+00
    100000    20.00000000   1.0184720000e+00
    100000    22.00000000   9.8060400000e-01
    100000    24.00000000   9.5131600000e-01
    100000    26.00000000   9.2804600000e-01
    100000    28.00000000   9.0893600000e-01
    100000    30.00000000   8.9260300000e-01
    100000    32.00000000   8.7799400000e-01
    100000    34.00000000   8.6429300000e-01
    100000    36.00000000   8.5085700000e-01
    100000    38.00000000   8.3717900000e-01
    100000    40.00000000   8.2285200000e-01
    100000    42.00000000   8.0755400000e-01
    100000    44.00000000   7.9102700000e-01
    100000    46.00000000   7.7307100000e-01
    100000    48.00000000   7.5353200000e-01
    100000    50.00000000   7.3229600000e-01
    100000    52.00000000   7.0928600000e-01
    100000    54.00000000   6.8445500000e-01
    100000    56.00000000   6.5778400000e-01
    100000    58.00000000   6.2928000000e-01
    100000    60.00000000   5.9897200000e-01
    100000    62.00000000   5.6691200000e-01
    100000    64.00000000   5.3317000000e-01
    100000    66.00000000   4.9783400000e-01
    100000    68.00000000   4.6100800000e-01
    100000    70.00000000   4.2281100000e-01
    100000    72.00000000   3.8337700000e-01
    100000    74.00000000   3.4285100000e-01
    100000    76.00000000   3.0139000000e-01
    100000    78.00000000   2.5916000000e-01
    100000    80.00000000   2.1633900000e-01
    100000    82.00000000   1.7310900000e-01
    100000    84.00000000   1.2966200000e-01
    100000    86.00000000   8.6194000000e-02
    100000    88.00000000   4.2905000000e-02
    100000    90.00000000   0.0000000000e+00
    150000   -90.00000000  -0.0000000000e+00
    150000   -88.00000000  -4.2646000000e-02
    150000   -86.00000000  -8.5157000000e-02
    150000   -84.00000000  -1.2732800000e-01
    150000   -82.00000000  -1.6895300000e-01
    150000   -80.00000000  -2.0983200000e-01
    150000   -78.00000000  -2.4976900000e-01
    150000   -76.00000000  -2.8857200000e-01
    150000   -74.00000000  -3.2605500000e-01
    150000   -72.00000000  -3.6204000000e-01
    150000   -70.00000000  -3.9635700000e-01
    150000   -68.00000000  -4.2884500000e-01
    150000   -66.00000000  -4.5935100000e-01
    150000   -64.00000000  -4.8773500000e-01
    150000   -62.00000000  -5.1386600000e-01
    150000   -60.00000000  -5.3762700000e-01
    150000   -58.00000000  -5.5891200000e-01
    150000   -56.00000000  -5.7763100000e-01
    150000   -54.00000000  -5.9370400000e-01
    150000   -52.00000000  -6.0706900000e-01
    150000   -50.00000000  -6.1767800000e-01
    150000   -48.00000000  -6.2549900000e-01
    150000   -46.00000000  -6.3051600000e-01
    150000   -44.00000000  -6.3273100000e-01
    150000   -42.00000000  -6.3216200000e-01
    150000   -40.00000000  -6.2884700000e-01
    150000   -38.00000000  -6.2284300000e-01
    150000   -36.00000000  -6.1422800000e-01
    150000   -34.00000000  -6.0310100000e-01
    150000   -32.00000000  -5.8958900000e-01
    150000   -30.00000000  -5.7384300000e-01
    150000   -28.00000000  -5.5605100000e-01
    150000   -26.00000000  -5.3643800000e-01
    150000   -24.00000000  -5.1528300000e-01
    150000   -22.00000000  -4.9293100000e-01
    150000   -20.00000000  -4.6982500000e-01
    150000   -18.00000000  -4.4655100000e-01
    150000   -16.00000000  -4.2391900000e-01
    150000   -14.00000000  -4.0312000000e-01
    150000   -12.00000000  -3.8603200000e-01
    150000   -10.00000000  -3.7590000000e-01
    150000    -8.00000000  -3.7467400000e-01
    150000    -6.00000000  -4.0990000000e-01
    150000    -4.00000000  -1.6790600000e-01
    150000    -2.00000000   9.8486000000e-02
    150000     0.00000000   5.3010000000e-01
    150000     2.00000000   8.4350000000e-01
    150000     4.00000000   1.1348000000e+00
    150000     6.00000000   1.2586000000e+00
    150000     8.00000000   1.3988210000e+00
    150000    10.00000000   1.3471730000e+00
    150000    12.00000000   1.1667450000e+00
    150000    14.00000000   1.0623380000e+00
    150000    16.00000000   9.9177800000e-01
    150000    18.00000000   9.4237300000e-01
    150000    20.00000000   9.0716200000e-01
    150000    22.00000000   8.8166500000e-01
    150000    24.00000000   8.6285300000e-01
    150000    26.00000000   8.4859600000e-01
    150000    28.00000000   8.3734200000e-01
    150000    30.00000000   8.2793300000e-01
    150000    32.00000000   8.1948200000e-01
    150000    34.00000000   8.1130200000e-01
    150000    36.00000000   8.0285000000e-01
    150000    38.00000000   7.9369400000e-01
    150000    40.00000000   7.8349200000e-01
    150000    42.00000000   7.7197000000e-01
    150000    44.00000000   7.5891200000e-01
    150000    46.00000000   7.4414900000e-01
    150000    48.00000000   7.2755600000e-01
    150000    50.00000000   7.0904200000e-01
    150000    52.00000000   6.8854800000e-01
    150000    54.00000000   6.6604300000e-01
    150000    56.00000000   6.4152200000e-01
    150000    58.00000000   6.1500400000e-01
    150000    60.00000000   5.8652700000e-01
    150000    62.00000000   5.5615000000e-01
    150000    64.00000000   5.2395200000e-01
    150000    66.00000000   4.9002700000e-01
    150000    68.00000000   4.5448300000e-01
    150000    70.00000000   4.1744400000e-01
    150000    72.00000000   3.7904800000e-01
    150000    74.00000000   3.3944300000e-01
    150000    76.00000000   2.9878900000e-01
    150000    78.00000000   2.5725500000e-01
    150000    80.00000000   2.1501900000e-01
    150000    82.00000000   1.7226600000e-01
    150000    84.00000000   1.2918900000e-01
    150000    86.00000000   8.5984000000e-02
    150000    88.00000000   4.2852000000e-02
    150000    90.00000000   0.0000000000e+00
    200000   -90.00000000  -0.0000000000e+00
    200000   -88.00000000  -4.2634000000e-02
    200000   -86.00000000  -8.5110000000e-02
    200000   -84.00000000  -1.2722200000e-01
    200000   -82.00000000  -1.6876500000e-01
    200000   -80.00000000  -2.0953800000e-01
    200000   -78.00000000  -2.4934500000e-01
    200000   -76.00000000  -2.8799300000e-01
    200000   -74.00000000  -3.2529600000e-01
    200000   -72.00000000  -3.6107600000e-01
    200000   -70.00000000  -3.9516200000e-01
    200000   -68.00000000  -4.2739200000e-01
    200000   -66.00000000  -4.5761200000e-01
    200000   -64.00000000  -4.8568200000e-01
    200000   -62.00000000  -5.1147000000e-01
    200000   -60.00000000  -5.3485600000e-01
    200000   -58.00000000  -5.5573300000e-01
    200000   -56.00000000  -5.7401000000e-01
    200000   -54.00000000  -5.8960400000e-01
    200000   -52.00000000  -6.0245100000e-01
    200000   -50.00000000  -6.1250000000e-01
    200000   -48.00000000  -6.1971500000e-01
    200000   -46.00000000  -6.2407600000e-01
    200000   -44.00000000  -6.2558000000e-01
    200000   -42.00000000  -6.2423800000e-01
    200000   -40.00000000  -6.2008300000e-01
    200000   -38.00000000  -6.1316000000e-01
    200000   -36.00000000  -6.0353800000e-01
    200000   -34.00000000  -5.9130100000e-01
    200000   -32.00000000  -5.7655900000e-01
    200000   -30.00000000  -5.5944200000e-01
    200000   -28.00000000  -5.4010900000e-01
    200000   -26.00000000  -5.1874700000e-01
    200000   -24.00000000  -4.9558400000e-01
    200000   -22.00000000  -4.7090000000e-01
    200000   -20.00000000  -4.4503900000e-01
    200000   -18.00000000  -4.1845000000e-01
    200000   -16.00000000  -3.9173500000e-01
    200000   -14.00000000  -3.6575900000e-01
    200000   -12.00000000  -3.4185300000e-01
    200000   -10.00000000  -3.2228100000e-01
    200000    -8.00000000  -3.1444300000e-01
    200000    -6.00000000  -3.0907700000e-01
    200000    -4.00000000  -1.4616200000e-01
    200000    -2.00000000   2.0382000000e-01
    200000     0.00000000   5.9430000000e-01
    200000     2.00000000   9.0310000000e-01
    200000     4.00000000   1.1338000000e+00
    200000     6.00000000   1.3093110000e+00
    200000     8.00000000   1.3863050000e+00
    200000    10.00000000   1.1690020000e+00
    200000    12.00000000   1.0372270000e+00
    200000    14.00000000   9.5381900000e-01
    200000    16.00000000   8.9829900000e-01
    200000    18.00000000   8.6075200000e-01
    200000    20.00000000   8.3516800000e-01
    200000    22.00000000   8.1767200000e-01
    200000    24.00000000   8.0563700000e-01
    200000    26.00000000   7.9720900000e-01
    200000    28.00000000   7.9103600000e-01
    200000    30.00000000   7.8610500000e-01
    200000    32.00000000   7.8163800000e-01
    200000    34.00000000   7.7702800000e-01
    200000    36.00000000   7.7179900000e-01
    200000    38.00000000   7.6556900000e-01
    200000    40.00000000   7.5803500000e-01
    200000    42.00000000   7.4895500000e-01
    200000    44.00000000   7.3814000000e-01
    200000    46.00000000   7.2544300000e-01
    200000    48.00000000   7.1075600000e-01
    200000    50.00000000   6.9400200000e-01
    200000    52.00000000   6.7513500000e-01
    200000    54.00000000   6.5413500000e-01
    200000    56.00000000   6.3100500000e-01
    200000    58.00000000   6.0577000000e-01
    200000    60.00000000   5.7847700000e-01
    200000    62.00000000   5.4919000000e-01
    200000    64.00000000   5.1799000000e-01
    200000    66.00000000   4.8497700000e-01
    200000    68.00000000   4.5026200000e-01
    200000    70.00000000   4.1397300000e-01
    200000    72.00000000   3.7624800000e-01
    200000    74.00000000   3.3723900000e-01
    200000    76.00000000   2.9710700000e-01
    200000    78.00000000   2.5602300000e-01
    200000    80.00000000   2.1416500000e-01
    200000    82.00000000   1.7172100000e-01
    200000    84.00000000   1.2888200000e-01
    200000    86.00000000   8.5847000000e-02
    200000    88.00000000   4.2818000000e-02
    200000    90.00000000   0.0000000000e+00
    250000   -90.00000000  -0.0000000000e+00
    250000   -88.00000000  -4.2643000000e-02
    250000   -86.00000000  -8.5144000000e-02
    250000   -84.00000000  -1.2729800000e-01
    250000   -82.00000000  -1.6890100000e-01
    250000   -80.00000000  -2.0975100000e-01
    250000   -78.00000000  -2.4965200000e-01
    250000   -76.00000000  -2.8841200000e-01
    250000   -74.00000000  -3.2584500000e-01
    250000   -72.00000000  -3.6177400000e-01
    250000   -70.00000000  -3.9602700000e-01
    250000   -68.00000000  -4.2844300000e-01
    250000   -66.00000000  -4.5887100000e-01
    250000   -64.00000000  -4.8716700000e-01
    250000   -62.00000000  -5.1320400000e-01
    250000   -60.00000000  -5.3686100000e-01
    250000   -58.00000000  -5.5803400000e-01
    250000   -56.00000000  -5.7663000000e-01
    250000   -54.00000000  -5.9257100000e-01
    250000   -52.00000000  -6.0579300000e-01
    250000   -50.00000000  -6.1624700000e-01
    250000   -48.00000000  -6.2390100000e-01
    250000   -46.00000000  -6.2873600000e-01
    250000   -44.00000000  -6.3075500000e-01
    250000   -42.00000000  -6.2997200000e-01
    250000   -40.00000000  -6.2642500000e-01
    250000   -38.00000000  -6.2016700000e-01
    250000   -36.00000000  -6.1127300000e-01
    250000   -34.00000000  -5.9984000000e-01
    250000   -32.00000000  -5.8598800000e-01
    250000   -30.00000000  -5.6986300000e-01
    250000   -28.00000000  -5.5164500000e-01
    250000   -26.00000000  -5.3154900000e-01
    250000   -24.00000000  -5.0983900000e-01
    250000   -22.00000000  -4.8684300000e-01
    250000   -20.00000000  -4.6297500000e-01
    250000   -18.00000000  -4.3878500000e-01
    250000   -16.00000000  -4.1502500000e-01
    250000   -14.00000000  -3.9279500000e-01
    250000   -12.00000000  -3.7382300000e-01
    250000   -10.00000000  -3.5899000000e-01
    250000    -8.00000000  -3.5942400000e-01
    250000    -6.00000000  -2.9805400000e-01
    250000    -4.00000000  -3.2650000000e-02
    250000    -2.00000000   2.5878000000e-01
    250000     0.00000000   6.3960000000e-01
    250000     2.00000000   9.4030000000e-01
    250000     4.00000000   1.1304000000e+00
    250000     6.00000000   1.2771380000e+00
    250000     8.00000000   1.4614070000e+00
    250000    10.00000000   1.3546660000e+00
    250000    12.00000000   1.1697710000e+00
    250000    14.00000000   1.0659070000e+00
    250000    16.00000000   9.9485300000e-01
    250000    18.00000000   9.4505800000e-01
    250000    20.00000000   9.0953000000e-01
    250000    22.00000000   8.8377000000e-01
    250000    24.00000000   8.6473500000e-01
    250000    26.00000000   8.5028600000e-01
    250000    28.00000000   8.3886500000e-01
    250000    30.00000000   8.2930900000e-01
    250000    32.00000000   8.2072700000e-01
    250000    34.00000000   8.1242900000e-01
    250000    36.00000000   8.0387100000e-01
    250000    38.00000000   7.9461900000e-01
    250000    40.00000000   7.8433000000e-01
    250000    42.00000000   7.7272700000e-01
    250000    44.00000000   7.5959500000e-01
    250000    46.00000000   7.4476500000e-01
    250000    48.00000000   7.2810900000e-01
    250000    50.00000000   7.0953700000e-01
    250000    52.00000000   6.8898900000e-01
    250000    54.00000000   6.6643500000e-01
    250000    56.00000000   6.4186800000e-01
    250000    58.00000000   6.1530700000e-01
    250000    60.00000000   5.8679100000e-01
    250000    62.00000000   5.5637900000e-01
    250000    64.00000000   5.2414800000e-01
    250000    66.00000000   4.9019300000e-01
    250000    68.00000000   4.5462100000e-01
    250000    70.00000000   4.1755800000e-01
    250000    72.00000000   3.7914000000e-01
    250000    74.00000000   3.3951600000e-01
    250000    76.00000000   2.9884400000e-01
    250000    78.00000000   2.5729600000e-01
    250000    80.00000000   2.1504700000e-01
    250000    82.00000000   1.7228400000e-01
    250000    84.00000000   1.2919900000e-01
    250000    86.00000000   8.5988000000e-02
    250000    88.00000000   4.2853000000e-02
    250000    90.00000000   0.0000000000e+00
     50000   -90.00000000  -0.0000000000e+00
     50000   -88.00000000  -4.2631000000e-02
     50000   -86.00000000  -8.5099000000e-02
     50000   -84.00000000  -1.2719600000e-01
     50000   -82.00000000  -1.6871800000e-01
     50000   -80.00000000  -2.0946500000e-01
     50000   -78.00000000  -2.4923900000e-01
     50000   -76.00000000  -2.8784900000e-01
     50000   -74.00000000  -3.2510700000e-01
     50000   -72.00000000  -3.6083600000e-01
     50000   -70.00000000  -3.9486500000e-01
     50000   -68.00000000  -4.2703000000e-01
     50000   -66.00000000  -4.5718000000e-01
     50000   -64.00000000  -4.8517100000e-01
     50000   -62.00000000  -5.1087300000e-01
     50000   -60.00000000  -5.3416600000e-01
     50000   -58.00000000  -5.5494300000e-01
     50000   -56.00000000  -5.7310900000e-01
     50000   -54.00000000  -5.8858400000e-01
     50000   -52.00000000  -6.0130200000e-01
     50000   -50.00000000  -6.1121200000e-01
     50000   -48.00000000  -6.1827600000e-01
     50000   -46.00000000  -6.2247400000e-01
     50000   -44.00000000  -6.2380100000e-01
     50000   -42.00000000  -6.2226700000e-01
     50000   -40.00000000  -6.1790200000e-01
     50000   -38.00000000  -6.1075100000e-01
     50000   -36.00000000  -6.0087800000e-01
     50000   -34.00000000  -5.8836600000e-01
     50000   -32.00000000  -5.7331800000e-01
     50000   -30.00000000  -5.5586000000e-01
     50000   -28.00000000  -5.3614200000e-01
     50000   -26.00000000  -5.1434500000e-01
     50000   -24.00000000  -4.9068400000e-01
     50000   -22.00000000  -4.6541900000e-01
     50000   -20.00000000  -4.3887300000e-01
     50000   -18.00000000  -4.1145900000e-01
     50000   -16.00000000  -3.8372900000e-01
     50000   -14.00000000  -3.5646400000e-01
     50000   -12.00000000  -3.3086200000e-01
     50000   -10.00000000  -3.0894200000e-01
     50000    -8.00000000  -2.9455800000e-01
     50000    -6.00000000  -3.0038100000e-01
     50000    -4.00000000  -3.4050000000e-01
     50000    -2.00000000  -1.2815900000e-01
     50000     0.00000000   2.6110000000e-01
     50000     2.00000000   4.7080000000e-01
     50000     4.00000000   8.4550000000e-01
     50000     6.00000000   1.2552000000e+00
     50000     8.00000000   1.3198000000e+00
     50000    10.00000000   1.4181380000e+00
     50000    12.00000000   1.3071970000e+00
     50000    14.00000000   1.2048170000e+00
     50000    16.00000000   1.1145130000e+00
     50000    18.00000000   1.0495370000e+00
     50000    20.00000000   1.0016850000e+00
     50000    22.00000000   9.6568300000e-01
     50000    24.00000000   9.3797500000e-01
     50000    26.00000000   9.1606400000e-01
     50000    28.00000000   8.9813900000e-01
     50000    30.00000000   8.8285000000e-01
     50000    32.00000000   8.6917000000e-01
     50000    34.00000000   8.5630100000e-01
     50000    36.00000000   8.4361700000e-01
     50000    38.00000000   8.3062100000e-01
     50000    40.00000000   8.1691600000e-01
     50000    42.00000000   8.0218700000e-01
     50000    44.00000000   7.8618400000e-01
     50000    46.00000000   7.6870900000e-01
     50000    48.00000000   7.4961400000e-01
     50000    50.00000000   7.2878900000e-01
     50000    52.00000000   7.0615900000e-01
     50000    54.00000000   6.8167800000e-01
     50000    56.00000000   6.5533200000e-01
     50000    58.00000000   6.2712700000e-01
     50000    60.00000000   5.9709500000e-01
     50000    62.00000000   5.6528900000e-01
     50000    64.00000000   5.3178000000e-01
     50000    66.00000000   4.9665700000e-01
     50000    68.00000000   4.6002400000e-01
     50000    70.00000000   4.2200200000e-01
     50000    72.00000000   3.8272400000e-01
     50000    74.00000000   3.4233700000e-01
     50000    76.00000000   3.0099700000e-01
     50000    78.00000000   2.5887300000e-01
     50000    80.00000000   2.1614000000e-01
     50000    82.00000000   1.7298200000e-01
     50000    84.00000000   1.2959100000e-01
     50000    86.00000000   8.6162000000e-02
     50000    88.00000000   4.2897000000e-02
     50000    90.00000000   0.0000000000e+00
    100000   -90.00000000  -0.0000000000e+00
    100000   -88.00000000  -4.2637000000e-02
    100000   -86.00000000  -8.5123000000e-02
    100000   -84.00000000  -1.2725000000e-01
    100000   -82.00000000  -1.6881400000e-01
    100000   -80.00000000  -2.0961500000e-01
    100000   -78.00000000  -2.4945600000e-01
    100000   -76.00000000  -2.8814400000e-01
    100000   -74.00000000  -3.2549500000e-01
    100000   -72.00000000  -3.6132800000e-01
    100000   -70.00000000  -3.9547500000e-01
    100000   -68.00000000  -4.2777200000e-01
    100000   -66.00000000  -4.5806700000e-01
    100000   -64.00000000  -4.8621900000e-01
    100000   -62.00000000  -5.1209700000e-01
    100000   -60.00000000  -5.3558100000e-01
    100000   -58.00000000  -5.5656500000e-01
    100000   -56.00000000  -5.7495700000e-01
    100000   -54.00000000  -5.9067700000e-01
    100000   -52.00000000  -6.0366000000e-01
    100000   -50.00000000  -6.1385500000e-01
    100000   -48.00000000  -6.2122900000e-01
    100000   -46.00000000  -6.2576200000e-01
    100000   -44.00000000  -6.2745100000e-01
    100000   -42.00000000  -6.2631200000e-01
    100000   -40.00000000  -6.2237700000e-01
    100000   -38.00000000  -6.1569400000e-01
    100000   -36.00000000  -6.0633500000e-01
    100000   -34.00000000  -5.9439000000e-01
    100000   -32.00000000  -5.7996900000e-01
    100000   -30.00000000  -5.6321200000e-01
    100000   -28.00000000  -5.4428100000e-01
    100000   -26.00000000  -5.2337700000e-01
    100000   -24.00000000  -5.0074000000e-01
    100000   -22.00000000  -4.7666600000e-01
    100000   -20.00000000  -4.5152600000e-01
    100000   -18.00000000  -4.2580500000e-01
    100000   -16.00000000  -4.0015900000e-01
    100000   -14.00000000  -3.7553800000e-01
    100000   -12.00000000  -3.5341700000e-01
    100000   -10.00000000  -3.3631500000e-01
    100000    -8.00000000  -3.2909200000e-01
    100000    -6.00000000  -3.4784300000e-01
    100000    -4.00000000  -3.4188600000e-01
    100000    -2.00000000   1.3400000000e-02
    100000     0.00000000   4.0990000000e-01
    100000     2.00000000   7.4390000000e-01
    100000     4.00000000   1.1028000000e+00
    100000     6.00000000   1.2573000000e+00
    100000     8.00000000   1.3996690000e+00
    100000    10.00000000   1.4352960000e+00
    100000    12.00000000   1.2499580000e+00
    100000    14.00000000   1.1319650000e+00
    100000    16.00000000   1.0517570000e+00
    100000    18.00000000   9.9474200000e-01
    100000    20.00000000   9.5335400000e-01
    100000    22.00000000   9.2272300000e-01
    100000    24.00000000   8.9956400000e-01
    100000    26.00000000   8.8156600000e-01
    100000    28.00000000   8.6705200000e-01
    100000    30.00000000   8.5477000000e-01
    100000    32.00000000   8.4376400000e-01
    100000    34.00000000   8.3329200000e-01
    100000    36.00000000   8.2277200000e-01
    100000    38.00000000   8.1174000000e-01
    100000    40.00000000   7.9982600000e-01
    100000    42.00000000   7.8673700000e-01
    100000    44.00000000   7.7223900000e-01
    100000    46.00000000   7.5615100000e-01
    100000    48.00000000   7.3833600000e-01
    100000    50.00000000   7.1869200000e-01
    100000    52.00000000   6.9715400000e-01
    100000    54.00000000   6.7368400000e-01
    100000    56.00000000   6.4827100000e-01
    100000    58.00000000   6.2092800000e-01
    100000    60.00000000   5.9169100000e-01
    100000    62.00000000   5.6061600000e-01
    100000    64.00000000   5.2777800000e-01
    100000    66.00000000   4.9326700000e-01
    100000    68.00000000   4.5719000000e-01
    100000    70.00000000   4.1967100000e-01
    100000    72.00000000   3.8084400000e-01
    100000    74.00000000   3.4085700000e-01
    100000    76.00000000   2.9986800000e-01
    100000    78.00000000   2.5804600000e-01
    100000    80.00000000   2.1556700000e-01
    100000    82.00000000   1.7261600000e-01
    100000    84.00000000   1.2938500000e-01
    100000    86.00000000   8.6071000000e-02
    100000    88.00000000   4.2874000000e-02
    100000    90.00000000   0.0000000000e+00
    150000   -90.00000000  -0.0000000000e+00
    150000   -88.00000000  -4.2648000000e-02
    150000   -86.00000000  -8.5166000000e-02
    150000   -84.00000000  -1.2734700000e-01
    150000   -82.00000000  -1.6898700000e-01
    150000   -80.00000000  -2.0988500000e-01
    150000   -78.00000000  -2.4984600000e-01
    150000   -76.00000000  -2.8867600000e-01
    150000   -74.00000000  -3.2619100000e-01
    150000   -72.00000000  -3.6221400000e-01
    150000   -70.00000000  -3.9657200000e-01
    150000   -68.00000000  -4.2910600000e-01
    150000   -66.00000000  -4.5966400000e-01
    150000   -64.00000000  -4.8810400000e-01
    150000   -62.00000000  -5.1429800000e-01
    150000   -60.00000000  -5.3812600000e-01
    150000   -58.00000000  -5.5948500000e-01
    150000   -56.00000000  -5.7828300000e-01
    150000   -54.00000000  -5.9444200000e-01
    150000   -52.00000000  -6.0790100000e-01
    150000   -50.00000000  -6.1861100000e-01
    150000   -48.00000000  -6.2654100000e-01
    150000   -46.00000000  -6.3167600000e-01
    150000   -44.00000000  -6.3401900000e-01
    150000   -42.00000000  -6.3358900000e-01
    150000   -40.00000000  -6.3042600000e-01
    150000   -38.00000000  -6.2458700000e-01
    150000   -36.00000000  -6.1615300000e-01
    150000   -34.00000000  -6.0522700000e-01
    150000   -32.00000000  -5.9193500000e-01
    150000   -30.00000000  -5.7643700000e-01
    150000   -28.00000000  -5.5892200000e-01
    150000   -26.00000000  -5.3962500000e-01
    150000   -24.00000000  -5.1883100000e-01
    150000   -22.00000000  -4.9689900000e-01
    150000   -20.00000000  -4.7429000000e-01
    150000   -18.00000000  -4.5161200000e-01
    150000   -16.00000000  -4.2971600000e-01
    150000   -14.00000000  -4.0985000000e-01
    150000   -12.00000000  -3.9399000000e-01
    150000   -10.00000000  -3.8555800000e-01
    150000    -8.00000000  -3.9011200000e-01
    150000    -6.00000000  -4.1091700000e-01
    150000    -4.00000000  -1.5426800000e-01
    150000    -2.00000000   7.8850000000e-02
    150000     0.00000000   5.6860000000e-01
    150000     2.00000000   8.2770000000e-01
    150000     4.00000000   1.1371000000e+00
    150000     6.00000000   1.2615360000e+00
    150000     8.00000000   1.3964820000e+00
    150000    10.00000000   1.2689150000e+00
    150000    12.00000000   1.0998880000e+00
    150000    14.00000000   1.0068100000e+00
    150000    16.00000000   9.4394600000e-01
    150000    18.00000000   9.0060800000e-01
    150000    20.00000000   8.7032300000e-01
    150000    22.00000000   8.4892000000e-01
    150000    24.00000000   8.3357600000e-01
    150000    26.00000000   8.2230200000e-01
    150000    28.00000000   8.1364800000e-01
    150000    30.00000000   8.0653000000e-01
    150000    32.00000000   8.0011700000e-01
    150000    34.00000000   7.9376500000e-01
    150000    36.00000000   7.8696100000e-01
    150000    38.00000000   7.7930300000e-01
    150000    40.00000000   7.7046600000e-01
    150000    42.00000000   7.6019300000e-01
    150000    44.00000000   7.4828300000e-01
    150000    46.00000000   7.3457700000e-01
    150000    48.00000000   7.1896000000e-01
    150000    50.00000000   7.0134600000e-01
    150000    52.00000000   6.8168500000e-01
    150000    54.00000000   6.5995000000e-01
    150000    56.00000000   6.3614100000e-01
    150000    58.00000000   6.1027900000e-01
    150000    60.00000000   5.8240800000e-01
    150000    62.00000000   5.5258900000e-01
    150000    64.00000000   5.2090200000e-01
    150000    66.00000000   4.8744300000e-01
    150000    68.00000000   4.5232300000e-01
    150000    70.00000000   4.1566800000e-01
    150000    72.00000000   3.7761500000e-01
    150000    74.00000000   3.3831500000e-01
    150000    76.00000000   2.9792800000e-01
    150000    78.00000000   2.5662500000e-01
    150000    80.00000000   2.1458200000e-01
    150000    82.00000000   1.7198700000e-01
    150000    84.00000000   1.2903200000e-01
    150000    86.00000000   8.5914000000e-02
    150000    88.00000000   4.2835000000e-02
    150000    90.00000000   0.0000000000e+00
    200000   -90.00000000  -0.0000000000e+00
    200000   -88.00000000  -4.2641000000e-02
    200000   -86.00000000  -8.5137000000e-02
    200000   -84.00000000  -1.2728100000e-01
    200000   -82.00000000  -1.6887000000e-01
    200000   -80.00000000  -2.0970300000e-01
    200000   -78.00000000  -2.4958200000e-01
    200000   -76.00000000  -2.8831700000e-01
    200000   -74.00000000  -3.2572100000e-01
    200000   -72.00000000  -3.6161600000e-01
    200000   -70.00000000  -3.9583100000e-01
    200000   -68.00000000  -4.2820500000e-01
    200000   -66.00000000  -4.5858600000e-01
    200000   -64.00000000  -4.8683100000e-01
    200000   -62.00000000  -5.1281100000e-01
    200000   -60.00000000  -5.3640700000e-01
    200000   -58.00000000  -5.5751300000e-01
    200000   -56.00000000  -5.7603700000e-01
    200000   -54.00000000  -5.9189900000e-01
    200000   -52.00000000  -6.0503600000e-01
    200000   -50.00000000  -6.1539900000e-01
    200000   -48.00000000  -6.2295300000e-01
    200000   -46.00000000  -6.2768200000e-01
    200000   -44.00000000  -6.2958300000e-01
    200000   -42.00000000  -6.2867500000e-01
    200000   -40.00000000  -6.2499000000e-01
    200000   -38.00000000  -6.1858100000e-01
    200000   -36.00000000  -6.0952300000e-01
    200000   -34.00000000  -5.9790800000e-01
    200000   -32.00000000  -5.8385400000e-01
    200000   -30.00000000  -5.6750500000e-01
    200000   -28.00000000  -5.4903400000e-01
    200000   -26.00000000  -5.2865100000e-01
    200000   -24.00000000  -5.0661300000e-01
    200000   -22.00000000  -4.8323400000e-01
    200000   -20.00000000  -4.5891600000e-01
    200000   -18.00000000  -4.3418300000e-01
    200000   -16.00000000  -4.0975400000e-01
    200000   -14.00000000  -3.8667600000e-01
    200000   -12.00000000  -3.6658800000e-01
    200000   -10.00000000  -3.5230000000e-01
    200000    -8.00000000  -3.4917200000e-01
    200000    -6.00000000  -3.3368200000e-01
    200000    -4.00000000  -7.7800000000e-02
    200000    -2.00000000   1.8446700000e-01
    200000     0.00000000   5.8690000000e-01
    200000     2.00000000   9.0170000000e-01
    200000     4.00000000   1.1341000000e+00
    200000     6.00000000   1.2572260000e+00
    200000     8.00000000   1.4239600000e+00
    200000    10.00000000   1.3368720000e+00
    200000    12.00000000   1.1542090000e+00
    200000    14.00000000   1.0527470000e+00
    200000    16.00000000   9.8351700000e-01
    200000    18.00000000   9.3515900000e-01
    200000    20.00000000   9.0079900000e-01
    200000    22.00000000   8.7600900000e-01
    200000    24.00000000   8.5779700000e-01
    200000    26.00000000   8.4405400000e-01
    200000    28.00000000   8.3325000000e-01
    200000    30.00000000   8.2423600000e-01
    200000    32.00000000   8.1613800000e-01
    200000    34.00000000   8.0827300000e-01
    200000    36.00000000   8.0010500000e-01
    200000    38.00000000   7.9120900000e-01
    200000    40.00000000   7.8124200000e-01
    200000    42.00000000   7.6993600000e-01
    200000    44.00000000   7.5707600000e-01
    200000    46.00000000   7.4249600000e-01
    200000    48.00000000   7.2607200000e-01
    200000    50.00000000   7.0771300000e-01
    200000    52.00000000   6.8736300000e-01
    200000    54.00000000   6.6499100000e-01
    200000    56.00000000   6.4059300000e-01
    200000    58.00000000   6.1418800000e-01
    200000    60.00000000   5.8581500000e-01
    200000    62.00000000   5.5553500000e-01
    200000    64.00000000   5.2342500000e-01
    200000    66.00000000   4.8958000000e-01
    200000    68.00000000   4.5411000000e-01
    200000    70.00000000   4.1713700000e-01
    200000    72.00000000   3.7880100000e-01
    200000    74.00000000   3.3924800000e-01
    200000    76.00000000   2.9864000000e-01
    200000    78.00000000   2.5714600000e-01
    200000    80.00000000   2.1494400000e-01
    200000    82.00000000   1.7221800000e-01
    200000    84.00000000   1.2916200000e-01
    200000    86.00000000   8.5971000000e-02
    200000    88.00000000   4.2849000000e-02
    200000    90.00000000   0.0000000000e+00
    250000   -90.00000000  -0.0000000000e+00
    250000   -88.00000000  -4.2639000000e-02
    250000   -86.00000000  -8.5130000000e-02
    250000   -84.00000000  -1.2726500000e-01
    250000   -82.00000000  -1.6884200000e-01
    250000   -80.00000000  -2.0965900000e-01
    250000   -78.00000000  -2.4951900000e-01
    250000   -76.00000000  -2.8823000000e-01
    250000   -74.00000000  -3.2560800000e-01
    250000   -72.00000000  -3.6147200000e-01
    250000   -70.00000000  -3.9565300000e-01
    250000   -68.00000000  -4.2798900000e-01
    250000   -66.00000000  -4.5832700000e-01
    250000   -64.00000000  -4.8652500000e-01
    250000   -62.00000000  -5.1245400000e-01
    250000   -60.00000000  -5.3599400000e-01
    250000   -58.00000000  -5.5703900000e-01
    250000   -56.00000000  -5.7549700000e-01
    250000   -54.00000000  -5.9128800000e-01
    250000   -52.00000000  -6.0434800000e-01
    250000   -50.00000000  -6.1462700000e-01
    250000   -48.00000000  -6.2209100000e-01
    250000   -46.00000000  -6.2672100000e-01
    250000   -44.00000000  -6.2851700000e-01
    250000   -42.00000000  -6.2749300000e-01
    250000   -40.00000000  -6.2368300000e-01
    250000   -38.00000000  -6.1713700000e-01
    250000   -36.00000000  -6.0792900000e-01
    250000   -34.00000000  -5.9614800000e-01
    250000   -32.00000000  -5.8191100000e-01
    250000   -30.00000000  -5.6535800000e-01
    250000   -28.00000000  -5.4665700000e-01
    250000   -26.00000000  -5.2601400000e-01
    250000   -24.00000000  -5.0367600000e-01
    250000   -22.00000000  -4.7994900000e-01
    250000   -20.00000000  -4.5522000000e-01
    250000   -18.00000000  -4.2999300000e-01
    250000   -16.00000000  -4.0495500000e-01
    250000   -14.00000000  -3.8110600000e-01
    250000   -12.00000000  -3.6000000000e-01
    250000   -10.00000000  -3.4430600000e-01
    250000    -8.00000000  -3.4166200000e-01
    250000    -6.00000000  -3.3730000000e-01
    250000    -4.00000000  -1.1366600000e-01
    250000    -2.00000000   2.7075700000e-01
    250000     0.00000000   6.5460000000e-01
    250000     2.00000000   9.3920000000e-01
    250000     4.00000000   1.1281000000e+00
    250000     6.00000000   1.2921120000e+00
    250000     8.00000000   1.3777000000e+00
    250000    10.00000000   1.1830670000e+00
    250000    12.00000000   1.0382620000e+00
    250000    14.00000000   9.5469400000e-01
    250000    16.00000000   8.9905300000e-01
    250000    18.00000000   8.6141000000e-01
    250000    20.00000000   8.3574900000e-01
    250000    22.00000000   8.1818800000e-01
    250000    24.00000000   8.0609900000e-01
    250000    26.00000000   7.9762400000e-01
    250000    28.00000000   7.9141000000e-01
    250000    30.00000000   7.8644200000e-01
    250000    32.00000000   7.8194300000e-01
    250000    34.00000000   7.7730500000e-01
    250000    36.00000000   7.7205000000e-01
    250000    38.00000000   7.6579600000e-01
    250000    40.00000000   7.5824000000e-01
    250000    42.00000000   7.4914100000e-01
    250000    44.00000000   7.3830800000e-01
    250000    46.00000000   7.2559400000e-01
    250000    48.00000000   7.1089100000e-01
    250000    50.00000000   6.9412400000e-01
    250000    52.00000000   6.7524400000e-01
    250000    54.00000000   6.5423100000e-01
    250000    56.00000000   6.3108900000e-01
    250000    58.00000000   6.0584400000e-01
    250000    60.00000000   5.7854200000e-01
    250000    62.00000000   5.4924600000e-01
    250000    64.00000000   5.1803800000e-01
    250000    66.00000000   4.8501800000e-01
    250000    68.00000000   4.5029600000e-01
    250000    70.00000000   4.1400100000e-01
    250000    72.00000000   3.7627100000e-01
    250000    74.00000000   3.3725700000e-01
    250000    76.00000000   2.9712100000e-01
    250000    78.00000000   2.5603300000e-01
    250000    80.00000000   2.1417200000e-01
    250000    82.00000000   1.7172500000e-01
    250000    84.00000000   1.2888500000e-01
    250000    86.00000000   8.5849000000e-02
    250000    88.00000000   4.2819000000e-02
    250000    90.00000000   0.0000000000e+00
     50000   -90.00000000  -0.0000000000e+00
     50000   -88.00000000  -4.2631000000e-02
     50000   -86.00000000  -8.5098000000e-02
     50000   -84.00000000  -1.2719500000e-01
     50000   -82.00000000  -1.6871600000e-01
     50000   -80.00000000  -2.0946100000e-01
     50000   -78.00000000  -2.4923400000e-01
     50000   -76.00000000  -2.8784100000e-01
     50000   -74.00000000  -3.2509700000e-01
     50000   -72.00000000  -3.6082400000e-01
     50000   -70.00000000  -3.9484900000e-01
     50000   -68.00000000  -4.2701100000e-01
     50000   -66.00000000  -4.5715700000e-01
     50000   -64.00000000  -4.8514400000e-01
     50000   -62.00000000  -5.1084200000e-01
     50000   -60.00000000  -5.3413000000e-01
     50000   -58.00000000  -5.5490100000e-01
     50000   -56.00000000  -5.7306100000e-01
     50000   -54.00000000  -5.8853000000e-01
     50000   -52.00000000  -6.0124200000e-01
     50000   -50.00000000  -6.1114400000e-01
     50000   -48.00000000  -6.1820000000e-01
     50000   -46.00000000  -6.2238900000e-01
     50000   -44.00000000  -6.2370700000e-01
     50000   -42.00000000  -6.2216300000e-01
     50000   -40.00000000  -6.1778700000e-01
     50000   -38.00000000  -6.1062400000e-01
     50000   -36.00000000  -6.0073800000e-01
     50000   -34.00000000  -5.8821100000e-01
     50000   -32.00000000  -5.7314700000e-01
     50000   -30.00000000  -5.5567100000e-01
     50000   -28.00000000  -5.3593300000e-01
     50000   -26.00000000  -5.1411300000e-01
     50000   -24.00000000  -4.9042500000e-01
     50000   -22.00000000  -4.6512900000e-01
     50000   -20.00000000  -4.3854700000e-01
     50000   -18.00000000  -4.1109000000e-01
     50000   -16.00000000  -3.8330600000e-01
     50000   -14.00000000  -3.5597300000e-01
     50000   -12.00000000  -3.3028200000e-01
     50000   -10.00000000  -3.0823700000e-01
     50000    -8.00000000  -2.9366900000e-01
     50000    -6.00000000  -2.9896100000e-01
     50000    -4.00000000  -3.3870000000e-01
     50000    -2.00000000  -1.5059500000e-01
     50000     0.00000000   2.3150000000e-01
     50000     2.00000000   4.7000000000e-01
     50000     4.00000000   8.6930000000e-01
     50000     6.00000000   1.2508000000e+00
     50000     8.00000000   1.3255600000e+00
     50000    10.00000000   1.4109670000e+00
     50000    12.00000000   1.2696100000e+00
     50000    14.00000000   1.1542170000e+00
     50000    16.00000000   1.0709240000e+00
     50000    18.00000000   1.0114780000e+00
     50000    20.00000000   9.6811600000e-01
     50000    22.00000000   9.3584500000e-01
     50000    24.00000000   9.1129600000e-01
     50000    26.00000000   8.9210300000e-01
     50000    28.00000000   8.7654700000e-01
     50000    30.00000000   8.6334600000e-01
     50000    32.00000000   8.5152400000e-01
     50000    34.00000000   8.4032000000e-01
     50000    36.00000000   8.2913900000e-01
     50000    38.00000000   8.1750700000e-01
     50000    40.00000000   8.0504600000e-01
     50000    42.00000000   7.9145600000e-01
     50000    44.00000000   7.7649800000e-01
     50000    46.00000000   7.5998700000e-01
     50000    48.00000000   7.4178100000e-01
     50000    50.00000000   7.2177600000e-01
     50000    52.00000000   6.9990500000e-01
     50000    54.00000000   6.7612600000e-01
     50000    56.00000000   6.5042700000e-01
     50000    58.00000000   6.2282100000e-01
     50000    60.00000000   5.9334200000e-01
     50000    62.00000000   5.6204400000e-01
     50000    64.00000000   5.2900000000e-01
     50000    66.00000000   4.9430200000e-01
     50000    68.00000000   4.5805600000e-01
     50000    70.00000000   4.2038300000e-01
     50000    72.00000000   3.8141900000e-01
     50000    74.00000000   3.4130900000e-01
     50000    76.00000000   3.0021300000e-01
     50000    78.00000000   2.5829800000e-01
     50000    80.00000000   2.1574200000e-01
     50000    82.00000000   1.7272800000e-01
     50000    84.00000000   1.2944800000e-01
     50000    86.00000000   8.6099000000e-02
     50000    88.00000000   4.2881000000e-02
     50000    90.00000000   0.0000000000e+00
    100000   -90.00000000  -0.0000000000e+00
    100000   -88.00000000  -4.2634000000e-02
    100000   -86.00000000  -8.5109000000e-02
    100000   -84.00000000  -1.2721900000e-01
    100000   -82.00000000  -1.6876000000e-01
    100000   -80.00000000  -2.0953000000e-01
    100000   -78.00000000  -2.4933300000e-01
    100000   -76.00000000  -2.8797700000e-01
    100000   -74.00000000  -3.2527500000e-01
    100000   -72.00000000  -3.6104900000e-01
    100000   -70.00000000  -3.9512900000e-01
    100000   -68.00000000  -4.2735200000e-01
    100000   -66.00000000  -4.5756400000e-01
    100000   -64.00000000  -4.8562500000e-01
    100000   -62.00000000  -5.1140300000e-01
    100000   -60.00000000  -5.3477900000e-01
    100000   -58.00000000  -5.5564500000e-01
    100000   -56.00000000  -5.7390900000e-01
    100000   -54.00000000  -5.8949100000e-01
    100000   -52.00000000  -6.0232300000e-01
    100000   -50.00000000  -6.1235700000e-01
    100000   -48.00000000  -6.1955500000e-01
    100000   -46.00000000  -6.2389800000e-01
    100000   -44.00000000  -6.2538200000e-01
    100000   -42.00000000  -6.2401900000e-01
    100000   -40.00000000  -6.1984000000e-01
    100000   -38.00000000  -6.1289200000e-01
    100000   -36.00000000  -6.0324200000e-01
    100000   -34.00000000  -5.9097500000e-01
    100000   -32.00000000  -5.7619900000e-01
    100000   -30.00000000  -5.5904400000e-01
    100000   -28.00000000  -5.3966700000e-01
    100000   -26.00000000  -5.1825700000e-01
    100000   -24.00000000  -4.9503900000e-01
    100000   -22.00000000  -4.7029000000e-01
    100000   -20.00000000  -4.4435300000e-01
    100000   -18.00000000  -4.1767300000e-01
    100000   -16.00000000  -3.9084500000e-01
    100000   -14.00000000  -3.6472500000e-01
    100000   -12.00000000  -3.4063100000e-01
    100000   -10.00000000  -3.2079800000e-01
    100000    -8.00000000  -3.0951500000e-01
    100000    -6.00000000  -3.2377300000e-01
    100000    -4.00000000  -3.4559000000e-01
    100000    -2.00000000  -2.8833000000e-02
    100000     0.00000000   4.0430000000e-01
    100000     2.00000000   7.3300000000e-01
    100000     4.00000000   1.0944000000e+00
    100000     6.00000000   1.2559000000e+00
    100000     8.00000000   1.3572700000e+00
    100000    10.00000000   1.5135170000e+00
    100000    12.00000000   1.3600940000e+00
    100000    14.00000000   1.2112130000e+00
    100000    16.00000000   1.1200220000e+00
    100000    18.00000000   1.0543480000e+00
    100000    20.00000000   1.0059280000e+00
    100000    22.00000000   9.6945500000e-01
    100000    24.00000000   9.4134700000e-01
    100000    26.00000000   9.1909200000e-01
    100000    28.00000000   9.0086800000e-01
    100000    30.00000000   8.8531500000e-01
    100000    32.00000000   8.7140000000e-01
    100000    34.00000000   8.5832100000e-01
    100000    36.00000000   8.4544700000e-01
    100000    38.00000000   8.3227900000e-01
    100000    40.00000000   8.1841700000e-01
    100000    42.00000000   8.0354400000e-01
    100000    44.00000000   7.8740800000e-01
    100000    46.00000000   7.6981200000e-01
    100000    48.00000000   7.5060500000e-01
    100000    50.00000000   7.2967600000e-01
    100000    52.00000000   7.0694900000e-01
    100000    54.00000000   6.8238000000e-01
    100000    56.00000000   6.5595100000e-01
    100000    58.00000000   6.2767100000e-01
    100000    60.00000000   5.9757000000e-01
    100000    62.00000000   5.6570000000e-01
    100000    64.00000000   5.3213200000e-01
    100000    66.00000000   4.9695400000e-01
    100000    68.00000000   4.6027200000e-01
    100000    70.00000000   4.2220600000e-01
    100000    72.00000000   3.8288900000e-01
    100000    74.00000000   3.4246700000e-01
    100000    76.00000000   3.0109700000e-01
    100000    78.00000000   2.5894600000e-01
    100000    80.00000000   2.1619000000e-01
    100000    82.00000000   1.7301400000e-01
    100000    84.00000000   1.2960900000e-01
    100000    86.00000000   8.6170000000e-02
    100000    88.00000000   4.2899000000e-02
    100000    90.00000000   0.0000000000e+00
    150000   -90.00000000  -0.0000000000e+00
    150000   -88.00000000  -4.2647000000e-02
    150000   -86.00000000  -8.5163000000e-02
    150000   -84.00000000  -1.2734000000e-01
    150000   -82.00000000  -1.6897500000e-01
    150000   -80.00000000  -2.0986700000e-01
    150000   -78.00000000  -2.4981900000e-01
    150000   -76.00000000  -2.8863900000e-01
    150000   -74.00000000  -3.2614300000e-01
    150000   -72.00000000  -3.6215300000e-01
    150000   -70.00000000  -3.9649700000e-01
    150000   -68.00000000  -4.2901400000e-01
    150000   -66.00000000  -4.5955400000e-01
    150000   -64.00000000  -4.8797400000e-01
    150000   -62.00000000  -5.1414600000e-01
    150000   -60.00000000  -5.3795000000e-01
    150000   -58.00000000  -5.5928300000e-01
    150000   -56.00000000  -5.7805300000e-01
    150000   -54.00000000  -5.9418200000e-01
    150000   -52.00000000  -6.0760800000e-01
    150000   -50.00000000  -6.1828200000e-01
    150000   -48.00000000  -6.2617400000e-01
    150000   -46.00000000  -6.3126800000e-01
    150000   -44.00000000  -6.3356500000e-01
    150000   -42.00000000  -6.3308700000e-01
    150000   -40.00000000  -6.2987000000e-01
    150000   -38.00000000  -6.2397300000e-01
    150000   -36.00000000  -6.1547500000e-01
    150000   -34.00000000  -6.0447800000e-01
    150000   -32.00000000  -5.9110900000e-01
    150000   -30.00000000  -5.7552300000e-01
    150000   -28.00000000  -5.5791100000e-01
    150000   -26.00000000  -5.3850300000e-01
    150000   -24.00000000  -5.1758200000e-01
    150000   -22.00000000  -4.9550200000e-01
    150000   -20.00000000  -4.7271700000e-01
    150000   -18.00000000  -4.4983000000e-01
    150000   -16.00000000  -4.2767400000e-01
    150000   -14.00000000  -4.0748000000e-01
    150000   -12.00000000  -3.9118800000e-01
    150000   -10.00000000  -3.8215700000e-01
    150000    -8.00000000  -3.7928100000e-01
    150000    -6.00000000  -3.8275800000e-01
    150000    -4.00000000  -1.3801700000e-01
    150000    -2.00000000   5.3400000000e-02
    150000     0.00000000   5.2520000000e-01
    150000     2.00000000   8.3330000000e-01
    150000     4.00000000   1.1356000000e+00
    150000     6.00000000   1.2784340000e+00
    150000     8.00000000   1.3798790000e+00
    150000    10.00000000   1.2059990000e+00
    150000    12.00000000   1.0535990000e+00
    150000    14.00000000   9.6766400000e-01
    150000    16.00000000   9.1022500000e-01
    150000    18.00000000   8.7116500000e-01
    150000    20.00000000   8.4435300000e-01
    150000    22.00000000   8.2583600000e-01
    150000    24.00000000   8.1293700000e-01
    150000    26.00000000   8.0376500000e-01
    150000    28.00000000   7.9694400000e-01
    150000    30.00000000   7.9144100000e-01
    150000    32.00000000   7.8646600000e-01
    150000    34.00000000   7.8140100000e-01
    150000    36.00000000   7.7576100000e-01
    150000    38.00000000   7.6915700000e-01
    150000    40.00000000   7.6128300000e-01
    150000    42.00000000   7.5189100000e-01
    150000    44.00000000   7.4079000000e-01
    150000    46.00000000   7.2783000000e-01
    150000    48.00000000   7.1289900000e-01
    150000    50.00000000   6.9592100000e-01
    150000    52.00000000   6.7684700000e-01
    150000    54.00000000   6.5565400000e-01
    150000    56.00000000   6.3234700000e-01
    150000    58.00000000   6.0694800000e-01
    150000    60.00000000   5.7950400000e-01
    150000    62.00000000   5.5007800000e-01
    150000    64.00000000   5.1875100000e-01
    150000    66.00000000   4.8562100000e-01
    150000    68.00000000   4.5080100000e-01
    150000    70.00000000   4.1441600000e-01
    150000    72.00000000   3.7660500000e-01
    150000    74.00000000   3.3752000000e-01
    150000    76.00000000   2.9732200000e-01
    150000    78.00000000   2.5618000000e-01
    150000    80.00000000   2.1427400000e-01
    150000    82.00000000   1.7179000000e-01
    150000    84.00000000   1.2892100000e-01
    150000    86.00000000   8.5865000000e-02
    150000    88.00000000   4.2823000000e-02
    150000    90.00000000   0.0000000000e+00
    200000   -90.00000000  -0.0000000000e+00
    200000   -88.00000000  -4.2637000000e-02
    200000   -86.00000000  -8.5122000000e-02
    200000   -84.00000000  -1.2724900000e-01
    200000   -82.00000000  -1.6881300000e-01
    200000   -80.00000000  -2.0961400000e-01
    200000   -78.00000000  -2.4945400000e-01
    200000   -76.00000000  -2.8814100000e-01
    200000   -74.00000000  -3.2549100000e-01
    200000   -72.00000000  -3.6132400000e-01
    200000   -70.00000000  -3.9546900000e-01
    200000   -68.00000000  -4.2776500000e-01
    200000   -66.00000000  -4.5805900000e-01
    200000   -64.00000000  -4.8620900000e-01
    200000   -62.00000000  -5.1208500000e-01
    200000   -60.00000000  -5.3556700000e-01
    200000   -58.00000000  -5.5654900000e-01
    200000   -56.00000000  -5.7493900000e-01
    200000   -54.00000000  -5.9065600000e-01
    200000   -52.00000000  -6.0363600000e-01
    200000   -50.00000000  -6.1382900000e-01
    200000   -48.00000000  -6.2120000000e-01
    200000   -46.00000000  -6.2572900000e-01
    200000   -44.00000000  -6.2741500000e-01
    200000   -42.00000000  -6.2627200000e-01
    200000   -40.00000000  -6.2233200000e-01
    200000   -38.00000000  -6.1564500000e-01
    200000   -36.00000000  -6.0628100000e-01
    200000   -34.00000000  -5.9433000000e-01
    200000   -32.00000000  -5.7990400000e-01
    200000   -30.00000000  -5.6313900000e-01
    200000   -28.00000000  -5.4420000000e-01
    200000   -26.00000000  -5.2328800000e-01
    200000   -24.00000000  -5.0064100000e-01
    200000   -22.00000000  -4.7655500000e-01
    200000   -20.00000000  -4.5140100000e-01
    200000   -18.00000000  -4.2566300000e-01
    200000   -16.00000000  -3.9999600000e-01
    200000   -14.00000000  -3.7534900000e-01
    200000   -12.00000000  -3.5319300000e-01
    200000   -10.00000000  -3.3604400000e-01
    200000    -8.00000000  -3.3434900000e-01
    200000    -6.00000000  -3.2897800000e-01
    200000    -4.00000000  -1.6525700000e-01
    200000    -2.00000000   2.2455600000e-01
    200000     0.00000000   5.8880000000e-01
    200000     2.00000000   8.9770000000e-01
    200000     4.00000000   1.1342000000e+00
    200000     6.00000000   1.3002170000e+00
    200000     8.00000000   1.3433580000e+00
    200000    10.00000000   1.1386860000e+00
    200000    12.00000000   1.0062560000e+00
    200000    14.00000000   9.2762800000e-01
    200000    16.00000000   8.7573700000e-01
    200000    18.00000000   8.4105200000e-01
    200000    20.00000000   8.1779300000e-01
    200000    22.00000000   8.0222800000e-01
    200000    24.00000000   7.9182800000e-01
    200000    26.00000000   7.8480700000e-01
    200000    28.00000000   7.7986100000e-01
    200000    30.00000000   7.7601000000e-01
    200000    32.00000000   7.7250400000e-01
    200000    34.00000000   7.6875600000e-01
    200000    36.00000000   7.6430500000e-01
    200000    38.00000000   7.5878100000e-01
    200000    40.00000000   7.5189100000e-01
    200000    42.00000000   7.4340000000e-01
    200000    44.00000000   7.3312700000e-01
    200000    46.00000000   7.2092800000e-01
    200000    48.00000000   7.0670100000e-01
    200000    50.00000000   6.9037200000e-01
    200000    52.00000000   6.7189800000e-01
    200000    54.00000000   6.5126100000e-01
    200000    56.00000000   6.2846600000e-01
    200000    58.00000000   6.0354100000e-01
    200000    60.00000000   5.7653400000e-01
    200000    62.00000000   5.4751000000e-01
    200000    64.00000000   5.1655100000e-01
    200000    66.00000000   4.8375800000e-01
    200000    68.00000000   4.4924300000e-01
    200000    70.00000000   4.1313500000e-01
    200000    72.00000000   3.7557300000e-01
    200000    74.00000000   3.3670700000e-01
    200000    76.00000000   2.9670100000e-01
    200000    78.00000000   2.5572500000e-01
    200000    80.00000000   2.1395900000e-01
    200000    82.00000000   1.7158900000e-01
    200000    84.00000000   1.2880800000e-01
    200000    86.00000000   8.5815000000e-02
    200000    88.00000000   4.2810000000e-02
    200000    90.00000000   0.0000000000e+00
    250000   -90.00000000  -0.0000000000e+00
    250000   -88.00000000  -4.2641000000e-02
    250000   -86.00000000  -8.5136000000e-02
    250000   -84.00000000  -1.2728000000e-01
    250000   -82.00000000  -1.6886800000e-01
    250000   -80.00000000  -2.0970000000e-01
    250000   -78.00000000  -2.4957800000e-01
    250000   -76.00000000  -2.8831000000e-01
    250000   -74.00000000  -3.2571200000e-01
    250000   -72.00000000  -3.6160500000e-01
    250000   -70.00000000  -3.9581800000e-01
    250000   -68.00000000  -4.2818900000e-01
    250000   -66.00000000  -4.5856600000e-01
    250000   -64.00000000  -4.8680800000e-01
    250000   -62.00000000  -5.1278500000e-01
    250000   -60.00000000  -5.3637600000e-01
    250000   -58.00000000  -5.5747800000e-01
    250000   -56.00000000  -5.7599700000e-01
    250000   -54.00000000  -5.9185400000e-01
    250000   -52.00000000  -6.0498500000e-01
    250000   -50.00000000  -6.1534100000e-01
    250000   -48.00000000  -6.2288900000e-01
    250000   -46.00000000  -6.2761000000e-01
    250000   -44.00000000  -6.2950400000e-01
    250000   -42.00000000  -6.2858600000e-01
    250000   -40.00000000  -6.2489200000e-01
    250000   -38.00000000  -6.1847300000e-01
    250000   -36.00000000  -6.0940300000e-01
    250000   -34.00000000  -5.9777600000e-01
    250000   -32.00000000  -5.8370900000e-01
    250000   -30.00000000  -5.6734400000e-01
    250000   -28.00000000  -5.4885600000e-01
    250000   -26.00000000  -5.2845400000e-01
    250000   -24.00000000  -5.0639300000e-01
    250000   -22.00000000  -4.8298900000e-01
    250000   -20.00000000  -4.5864000000e-01
    250000   -18.00000000  -4.3386900000e-01
    250000   -16.00000000  -4.0939500000e-01
    250000   -14.00000000  -3.8626000000e-01
    250000   -12.00000000  -3.6609500000e-01
    250000   -10.00000000  -3.5170300000e-01
    250000    -8.00000000  -3.5030500000e-01
    250000    -6.00000000  -3.3041500000e-01
    250000    -4.00000000  -4.4015000000e-02
    250000    -2.00000000   2.4981700000e-01
    250000     0.00000000   6.4550000000e-01
    250000     2.00000000   9.3700000000e-01
    250000     4.00000000   1.1282000000e+00
    250000     6.00000000   1.2940150000e+00
    250000     8.00000000   1.3838000000e+00
    250000    10.00000000   1.1879950000e+00
    250000    12.00000000   1.0422460000e+00
    250000    14.00000000   9.5806300000e-01
    250000    16.00000000   9.0195500000e-01
    250000    18.00000000   8.6394400000e-01
    250000    20.00000000   8.3798400000e-01
    250000    22.00000000   8.2017500000e-01
    250000    24.00000000   8.0787500000e-01
    250000    26.00000000   7.9921900000e-01
    250000    28.00000000   7.9284800000e-01
    250000    30.00000000   7.8774100000e-01
    250000    32.00000000   7.8311800000e-01
    250000    34.00000000   7.7836900000e-01
    250000    36.00000000   7.7301400000e-01
    250000    38.00000000   7.6666900000e-01
    250000    40.00000000   7.5903100000e-01
    250000    42.00000000   7.4985500000e-01
    250000    44.00000000   7.3895200000e-01
    250000    46.00000000   7.2617500000e-01
    250000    48.00000000   7.1141300000e-01
    250000    50.00000000   6.9459000000e-01
    250000    52.00000000   6.7566000000e-01
    250000    54.00000000   6.5460100000e-01
    250000    56.00000000   6.3141600000e-01
    250000    58.00000000   6.0613100000e-01
    250000    60.00000000   5.7879200000e-01
    250000    62.00000000   5.4946200000e-01
    250000    64.00000000   5.1822300000e-01
    250000    66.00000000   4.8517400000e-01
    250000    68.00000000   4.5042700000e-01
    250000    70.00000000   4.1410900000e-01
    250000    72.00000000   3.7635800000e-01
    250000    74.00000000   3.3732500000e-01
    250000    76.00000000   2.9717300000e-01
    250000    78.00000000   2.5607100000e-01
    250000    80.00000000   2.1419900000e-01
    250000    82.00000000   1.7174200000e-01
    250000    84.00000000   1.2889400000e-01
    250000    86.00000000   8.5853000000e-02
    250000    88.00000000   4.2820000000e-02
    250000    90.00000000   0.0000000000e+00
     50000   -90.00000000  -0.0000000000e+00
     50000   -88.00000000  -4.2631000000e-02
     50000   -86.00000000  -8.5098000000e-02
     50000   -84.00000000  -1.2719400000e-01
     50000   -82.00000000  -1.6871500000e-01
     50000   -80.00000000  -2.0946000000e-01
     50000   -78.00000000  -2.4923200000e-01
     50000   -76.00000000  -2.8783800000e-01
     50000   -74.00000000  -3.2509400000e-01
     50000   -72.00000000  -3.6081900000e-01
     50000   -70.00000000  -3.9484400000e-01
     50000   -68.00000000  -4.2700500000e-01
     50000   -66.00000000  -4.5714900000e-01
     50000   -64.00000000  -4.8513500000e-01
     50000   -62.00000000  -5.1083100000e-01
     50000   -60.00000000  -5.3411800000e-01
     50000   -58.00000000  -5.5488700000e-01
     50000   -56.00000000  -5.7304500000e-01
     50000   -54.00000000  -5.8851200000e-01
     50000   -52.00000000  -6.0122100000e-01
     50000   -50.00000000  -6.1112100000e-01
     50000   -48.00000000  -6.1817500000e-01
     50000   -46.00000000  -6.2236100000e-01
     50000   -44.00000000  -6.2367500000e-01
     50000   -42.00000000  -6.2212800000e-01
     50000   -40.00000000  -6.1774900000e-01
     50000   -38.00000000  -6.1058100000e-01
     50000   -36.00000000  -6.0069100000e-01
     50000   -34.00000000  -5.8815900000e-01
     50000   -32.00000000  -5.7309000000e-01
     50000   -30.00000000  -5.5560800000e-01
     50000   -28.00000000  -5.3586300000e-01
     50000   -26.00000000  -5.1403500000e-01
     50000   -24.00000000  -4.9033900000e-01
     50000   -22.00000000  -4.6503300000e-01
     50000   -20.00000000  -4.3843900000e-01
     50000   -18.00000000  -4.1096700000e-01
     50000   -16.00000000  -3.8316500000e-01
     50000   -14.00000000  -3.5581000000e-01
     50000   -12.00000000  -3.3008800000e-01
     50000   -10.00000000  -3.0800200000e-01
     50000    -8.00000000  -2.9337300000e-01
     50000    -6.00000000  -2.9878900000e-01
     50000    -4.00000000  -3.3810000000e-01
     50000    -2.00000000  -1.3889500000e-01
     50000     0.00000000   2.3620000000e-01
     50000     2.00000000   4.6620000000e-01
     50000     4.00000000   8.4440000000e-01
     50000     6.00000000   1.2470000000e+00
     50000     8.00000000   1.3277170000e+00
     50000    10.00000000   1.4418000000e+00
     50000    12.00000000   1.2608070000e+00
     50000    14.00000000   1.1458260000e+00
     50000    16.00000000   1.0636960000e+00
     50000    18.00000000   1.0051680000e+00
     50000    20.00000000   9.6254900000e-01
     50000    22.00000000   9.3089700000e-01
     50000    24.00000000   9.0687200000e-01
     50000    26.00000000   8.8813000000e-01
     50000    28.00000000   8.7296700000e-01
     50000    30.00000000   8.6011200000e-01
     50000    32.00000000   8.4859800000e-01
     50000    34.00000000   8.3767000000e-01
     50000    36.00000000   8.2673800000e-01
     50000    38.00000000   8.1533200000e-01
     50000    40.00000000   8.0307800000e-01
     50000    42.00000000   7.8967600000e-01
     50000    44.00000000   7.7489200000e-01
     50000    46.00000000   7.5854000000e-01
     50000    48.00000000   7.4048200000e-01
     50000    50.00000000   7.2061300000e-01
     50000    52.00000000   6.9886700000e-01
     50000    54.00000000   6.7520500000e-01
     50000    56.00000000   6.4961400000e-01
     50000    58.00000000   6.2210700000e-01
     50000    60.00000000   5.9272000000e-01
     50000    62.00000000   5.6150600000e-01
     50000    64.00000000   5.2853900000e-01
     50000    66.00000000   4.9391200000e-01
     50000    68.00000000   4.5772900000e-01
     50000    70.00000000   4.2011500000e-01
     50000    72.00000000   3.8120200000e-01
     50000    74.00000000   3.4113900000e-01
     50000    76.00000000   3.0008300000e-01
     50000    78.00000000   2.5820300000e-01
     50000    80.00000000   2.1567600000e-01
     50000    82.00000000   1.7268600000e-01
     50000    84.00000000   1.2942400000e-01
     50000    86.00000000   8.6088000000e-02
     50000    88.00000000   4.2879000000e-02
     50000    90.00000000   0.0000000000e+00
    100000   -90.00000000  -0.0000000000e+00
    100000   -88.00000000  -4.2630000000e-02
    100000   -86.00000000  -8.5093000000e-02
    100000   -84.00000000  -1.2718300000e-01
    100000   -82.00000000  -1.6869500000e-01
    100000   -80.00000000  -2.0942900000e-01
    100000   -78.00000000  -2.4918700000e-01
    100000   -76.00000000  -2.8777800000e-01
    100000   -74.00000000  -3.2501400000e-01
    100000   -72.00000000  -3.6071800000e-01
    100000   -70.00000000  -3.9471800000e-01
    100000   -68.00000000  -4.2685200000e-01
    100000   -66.00000000  -4.5696700000e-01
    100000   -64.00000000  -4.8492000000e-01
    100000   -62.00000000  -5.1057900000e-01
    100000   -60.00000000  -5.3382600000e-01
    100000   -58.00000000  -5.5455300000e-01
    100000   -56.00000000  -5.7266500000e-01
    100000   -54.00000000  -5.8808100000e-01
    100000   -52.00000000  -6.0073600000e-01
    100000   -50.00000000  -6.1057700000e-01
    100000   -48.00000000  -6.1756600000e-01
    100000   -46.00000000  -6.2168400000e-01
    100000   -44.00000000  -6.2292300000e-01
    100000   -42.00000000  -6.2129500000e-01
    100000   -40.00000000  -6.1682700000e-01
    100000   -38.00000000  -6.0956300000e-01
    100000   -36.00000000  -5.9956700000e-01
    100000   -34.00000000  -5.8691800000e-01
    100000   -32.00000000  -5.7172000000e-01
    100000   -30.00000000  -5.5409300000e-01
    100000   -28.00000000  -5.3418700000e-01
    100000   -26.00000000  -5.1217500000e-01
    100000   -24.00000000  -4.8826700000e-01
    100000   -22.00000000  -4.6271600000e-01
    100000   -20.00000000  -4.3583200000e-01
    100000   -18.00000000  -4.0801200000e-01
    100000   -16.00000000  -3.7978100000e-01
    100000   -14.00000000  -3.5188100000e-01
    100000   -12.00000000  -3.2544300000e-01
    100000   -10.00000000  -3.0236400000e-01
    100000    -8.00000000  -2.8626000000e-01
    100000    -6.00000000  -2.9129300000e-01
    100000    -4.00000000  -3.2370000000e-01
    100000    -2.00000000  -6.4829000000e-02
    100000     0.00000000   4.0090000000e-01
    100000     2.00000000   7.2560000000e-01
    100000     4.00000000   1.1042000000e+00
    100000     6.00000000   1.2690730000e+00
    100000     8.00000000   1.4074320000e+00
    100000    10.00000000   1.2832610000e+00
    100000    12.00000000   1.1327760000e+00
    100000    14.00000000   1.0346220000e+00
    100000    16.00000000   9.6790400000e-01
    100000    18.00000000   9.2152700000e-01
    100000    20.00000000   8.8877500000e-01
    100000    22.00000000   8.6532100000e-01
    100000    24.00000000   8.4824000000e-01
    100000    26.00000000   8.3547200000e-01
    100000    28.00000000   8.2551600000e-01
    100000    30.00000000   8.1725000000e-01
    100000    32.00000000   8.0981700000e-01
    100000    34.00000000   8.0254900000e-01
    100000    36.00000000   7.9491900000e-01
    100000    38.00000000   7.8651100000e-01
    100000    40.00000000   7.7699000000e-01
    100000    42.00000000   7.6609200000e-01
    100000    44.00000000   7.5360600000e-01
    100000    46.00000000   7.3937200000e-01
    100000    48.00000000   7.2326600000e-01
    100000    50.00000000   7.0520100000e-01
    100000    52.00000000   6.8512300000e-01
    100000    54.00000000   6.6300200000e-01
    100000    56.00000000   6.3883600000e-01
    100000    58.00000000   6.1264500000e-01
    100000    60.00000000   5.8447100000e-01
    100000    62.00000000   5.5437300000e-01
    100000    64.00000000   5.2243000000e-01
    100000    66.00000000   4.8873700000e-01
    100000    68.00000000   4.5340500000e-01
    100000    70.00000000   4.1655800000e-01
    100000    72.00000000   3.7833300000e-01
    100000    74.00000000   3.3888000000e-01
    100000    76.00000000   2.9836000000e-01
    100000    78.00000000   2.5694000000e-01
    100000    80.00000000   2.1480100000e-01
    100000    82.00000000   1.7212700000e-01
    100000    84.00000000   1.2911000000e-01
    100000    86.00000000   8.5949000000e-02
    100000    88.00000000   4.2844000000e-02
    100000    90.00000000   0.0000000000e+00
    150000   -90.00000000  -0.0000000000e+00
    150000   -88.00000000  -4.2640000000e-02
    150000   -86.00000000  -8.5135000000e-02
    150000   -84.00000000  -1.2727900000e-01
    150000   -82.00000000  -1.6886600000e-01
    150000   -80.00000000  -2.0969600000e-01
    150000   -78.00000000  -2.4957200000e-01
    150000   -76.00000000  -2.8830200000e-01
    150000   -74.00000000  -3.2570200000e-01
    150000   -72.00000000  -3.6159100000e-01
    150000   -70.00000000  -3.9580100000e-01
    150000   -68.00000000  -4.2816800000e-01
    150000   -66.00000000  -4.5854200000e-01
    150000   -64.00000000  -4.8677900000e-01
    150000   -62.00000000  -5.1275100000e-01
    150000   -60.00000000  -5.3633700000e-01
    150000   -58.00000000  -5.5743300000e-01
    150000   -56.00000000  -5.7594500000e-01
    150000   -54.00000000  -5.9179600000e-01
    150000   -52.00000000  -6.0492000000e-01
    150000   -50.00000000  -6.1526800000e-01
    150000   -48.00000000  -6.2280700000e-01
    150000   -46.00000000  -6.2751900000e-01
    150000   -44.00000000  -6.2940200000e-01
    150000   -42.00000000  -6.2847400000e-01
    150000   -40.00000000  -6.2476800000e-01
    150000   -38.00000000  -6.1833600000e-01
    150000   -36.00000000  -6.0925200000e-01
    150000   -34.00000000  -5.9760900000e-01
    150000   -32.00000000  -5.8352400000e-01
    150000   -30.00000000  -5.6714000000e-01
    150000   -28.00000000  -5.4863000000e-01
    150000   -26.00000000  -5.2820400000e-01
    150000   -24.00000000  -5.0611400000e-01
    150000   -22.00000000  -4.8267600000e-01
    150000   -20.00000000  -4.5828800000e-01
    150000   -18.00000000  -4.3347100000e-01
    150000   -16.00000000  -4.0893900000e-01
    150000   -14.00000000  -3.8573000000e-01
    150000   -12.00000000  -3.6546900000e-01
    150000   -10.00000000  -3.5094300000e-01
    150000    -8.00000000  -3.4749400000e-01
    150000    -6.00000000  -3.6982700000e-01
    150000    -4.00000000  -3.1306300000e-01
    150000    -2.00000000   1.3142900000e-01
    150000     0.00000000   5.2340000000e-01
    150000     2.00000000   8.3740000000e-01
    150000     4.00000000   1.1355000000e+00
    150000     6.00000000   1.2768670000e+00
    150000     8.00000000   1.3763060000e+00
    150000    10.00000000   1.2032830000e+00
    150000    12.00000000   1.0510370000e+00
    150000    14.00000000   9.6549700000e-01
    150000    16.00000000   9.0835800000e-01
    150000    18.00000000   8.6953500000e-01
    150000    20.00000000   8.4291600000e-01
    150000    22.00000000   8.2455900000e-01
    150000    24.00000000   8.1179400000e-01
    150000    26.00000000   8.0273900000e-01
    150000    28.00000000   7.9602000000e-01
    150000    30.00000000   7.9060600000e-01
    150000    32.00000000   7.8571000000e-01
    150000    34.00000000   7.8071700000e-01
    150000    36.00000000   7.7514100000e-01
    150000    38.00000000   7.6859600000e-01
    150000    40.00000000   7.6077400000e-01
    150000    42.00000000   7.5143200000e-01
    150000    44.00000000   7.4037500000e-01
    150000    46.00000000   7.2745600000e-01
    150000    48.00000000   7.1256400000e-01
    150000    50.00000000   6.9562100000e-01
    150000    52.00000000   6.7657900000e-01
    150000    54.00000000   6.5541600000e-01
    150000    56.00000000   6.3213700000e-01
    150000    58.00000000   6.0676400000e-01
    150000    60.00000000   5.7934300000e-01
    150000    62.00000000   5.4993900000e-01
    150000    64.00000000   5.1863200000e-01
    150000    66.00000000   4.8552000000e-01
    150000    68.00000000   4.5071600000e-01
    150000    70.00000000   4.1434600000e-01
    150000    72.00000000   3.7655000000e-01
    150000    74.00000000   3.3747600000e-01
    150000    76.00000000   2.9728800000e-01
    150000    78.00000000   2.5615500000e-01
    150000    80.00000000   2.1425700000e-01
    150000    82.00000000   1.7177900000e-01
    150000    84.00000000   1.2891500000e-01
    150000    86.00000000   8.5862000000e-02
    150000    88.00000000   4.2822000000e-02
    150000    90.00000000   0.0000000000e+00
    200000   -90.00000000  -0.0000000000e+00
    200000   -88.00000000  -4.2628000000e-02
    200000   -86.00000000  -8.5084000000e-02
    200000   -84.00000000  -1.2716200000e-01
    200000   -82.00000000  -1.6865800000e-01
    200000   -80.00000000  -2.0937100000e-01
    200000   -78.00000000  -2.4910300000e-01
    200000   -76.00000000  -2.8766300000e-01
    200000   -74.00000000  -3.2486400000e-01
    200000   -72.00000000  -3.6052800000e-01
    200000   -70.00000000  -3.9448200000e-01
    200000   -68.00000000  -4.2656500000e-01
    200000   -66.00000000  -4.5662300000e-01
    200000   -64.00000000  -4.8451400000e-01
    200000   -62.00000000  -5.1010600000e-01
    200000   -60.00000000  -5.3327900000e-01
    200000   -58.00000000  -5.5392500000e-01
    200000   -56.00000000  -5.7195000000e-01
    200000   -54.00000000  -5.8727200000e-01
    200000   -52.00000000  -5.9982400000e-01
    200000   -50.00000000  -6.0955400000e-01
    200000   -48.00000000  -6.1642500000e-01
    200000   -46.00000000  -6.2041300000e-01
    200000   -44.00000000  -6.2151200000e-01
    200000   -42.00000000  -6.1973100000e-01
    200000   -40.00000000  -6.1509700000e-01
    200000   -38.00000000  -6.0765200000e-01
    200000   -36.00000000  -5.9745600000e-01
    200000   -34.00000000  -5.8458900000e-01
    200000   -32.00000000  -5.6914800000e-01
    200000   -30.00000000  -5.5125100000e-01
    200000   -28.00000000  -5.3104000000e-01
    200000   -26.00000000  -5.0868300000e-01
    200000   -24.00000000  -4.8437900000e-01
    200000   -22.00000000  -4.5836700000e-01
    200000   -20.00000000  -4.3093900000e-01
    200000   -18.00000000  -4.0246500000e-01
    200000   -16.00000000  -3.7342800000e-01
    200000   -14.00000000  -3.4450600000e-01
    200000   -12.00000000  -3.1672200000e-01
    200000   -10.00000000  -2.9177900000e-01
    200000    -8.00000000  -2.7314900000e-01
    200000    -6.00000000  -2.7342200000e-01
    200000    -4.00000000  -2.1725100000e-01
    200000    -2.00000000   2.0003700000e-01
    200000     0.00000000   5.9070000000e-01
    200000     2.00000000   8.9700000000e-01
    200000     4.00000000   1.1342000000e+00
    200000     6.00000000   1.2993310000e+00
    200000     8.00000000   1.3427680000e+00
    200000    10.00000000   1.1382200000e+00
    200000    12.00000000   1.0058770000e+00
    200000    14.00000000   9.2730700000e-01
    200000    16.00000000   8.7546100000e-01
    200000    18.00000000   8.4081100000e-01
    200000    20.00000000   8.1758000000e-01
    200000    22.00000000   8.0203800000e-01
    200000    24.00000000   7.9165900000e-01
    200000    26.00000000   7.8465500000e-01
    200000    28.00000000   7.7972400000e-01
    200000    30.00000000   7.7588600000e-01
    200000    32.00000000   7.7239200000e-01
    200000    34.00000000   7.6865500000e-01
    200000    36.00000000   7.6421300000e-01
    200000    38.00000000   7.5869800000e-01
    200000    40.00000000   7.5181500000e-01
    200000    42.00000000   7.4333200000e-01
    200000    44.00000000   7.3306500000e-01
    200000    46.00000000   7.2087300000e-01
    200000    48.00000000   7.0665100000e-01
    200000    50.00000000   6.9032800000e-01
    200000    52.00000000   6.7185800000e-01
    200000    54.00000000   6.5122600000e-01
    200000    56.00000000   6.2843500000e-01
    200000    58.00000000   6.0351400000e-01
    200000    60.00000000   5.7651000000e-01
    200000    62.00000000   5.4748900000e-01
    200000    64.00000000   5.1653400000e-01
    200000    66.00000000   4.8374300000e-01
    200000    68.00000000   4.4923100000e-01
    200000    70.00000000   4.1312500000e-01
    200000    72.00000000   3.7556400000e-01
    200000    74.00000000   3.3670100000e-01
    200000    76.00000000   2.9669600000e-01
    200000    78.00000000   2.5572200000e-01
    200000    80.00000000   2.1395700000e-01
    200000    82.00000000   1.7158800000e-01
    200000    84.00000000   1.2880700000e-01
    200000    86.00000000   8.5814000000e-02
    200000    88.00000000   4.2810000000e-02
    200000    90.00000000   0.0000000000e+00
    250000   -90.00000000  -0.0000000000e+00
    250000   -88.00000000  -4.2643000000e-02
    250000   -86.00000000  -8.5145000000e-02
    250000   -84.00000000  -1.2730000000e-01
    250000   -82.00000000  -1.6890400000e-01
    250000   -80.00000000  -2.0975600000e-01
    250000   -78.00000000  -2.4965800000e-01
    250000   -76.00000000  -2.8842000000e-01
    250000   -74.00000000  -3.2585600000e-01
    250000   -72.00000000  -3.6178800000e-01
    250000   -70.00000000  -3.9604500000e-01
    250000   -68.00000000  -4.2846500000e-01
    250000   -66.00000000  -4.5889700000e-01
    250000   -64.00000000  -4.8719800000e-01
    250000   -62.00000000  -5.1324000000e-01
    250000   -60.00000000  -5.3690300000e-01
    250000   -58.00000000  -5.5808200000e-01
    250000   -56.00000000  -5.7668400000e-01
    250000   -54.00000000  -5.9263200000e-01
    250000   -52.00000000  -6.0586200000e-01
    250000   -50.00000000  -6.1632500000e-01
    250000   -48.00000000  -6.2398700000e-01
    250000   -46.00000000  -6.2883300000e-01
    250000   -44.00000000  -6.3086200000e-01
    250000   -42.00000000  -6.3009100000e-01
    250000   -40.00000000  -6.2655700000e-01
    250000   -38.00000000  -6.2031300000e-01
    250000   -36.00000000  -6.1143400000e-01
    250000   -34.00000000  -6.0001700000e-01
    250000   -32.00000000  -5.8618400000e-01
    250000   -30.00000000  -5.7008000000e-01
    250000   -28.00000000  -5.5188400000e-01
    250000   -26.00000000  -5.3181500000e-01
    250000   -24.00000000  -5.1013500000e-01
    250000   -22.00000000  -4.8717300000e-01
    250000   -20.00000000  -4.6334800000e-01
    250000   -18.00000000  -4.3920700000e-01
    250000   -16.00000000  -4.1550800000e-01
    250000   -14.00000000  -3.9335600000e-01
    250000   -12.00000000  -3.7448700000e-01
    250000   -10.00000000  -3.6188800000e-01
    250000    -8.00000000  -3.5643000000e-01
    250000    -6.00000000  -3.2589400000e-01
    250000    -4.00000000  -1.1384200000e-01
    250000    -2.00000000   3.0998000000e-01
    250000     0.00000000   6.2650000000e-01
    250000     2.00000000   9.3210000000e-01
    250000     4.00000000   1.1282000000e+00
    250000     6.00000000   1.3041050000e+00
    250000     8.00000000   1.3516050000e+00
    250000    10.00000000   1.1452140000e+00
    250000    12.00000000   1.0115660000e+00
    250000    14.00000000   9.3211800000e-01
    250000    16.00000000   8.7960500000e-01
    250000    18.00000000   8.4442900000e-01
    250000    20.00000000   8.2077100000e-01
    250000    22.00000000   8.0487500000e-01
    250000    24.00000000   7.9419500000e-01
    250000    26.00000000   7.8693300000e-01
    250000    28.00000000   7.8177600000e-01
    250000    30.00000000   7.7774000000e-01
    250000    32.00000000   7.7407000000e-01
    250000    34.00000000   7.7017500000e-01
    250000    36.00000000   7.6559000000e-01
    250000    38.00000000   7.5994500000e-01
    250000    40.00000000   7.5294400000e-01
    250000    42.00000000   7.4435300000e-01
    250000    44.00000000   7.3398600000e-01
    250000    46.00000000   7.2170200000e-01
    250000    48.00000000   7.0739600000e-01
    250000    50.00000000   6.9099500000e-01
    250000    52.00000000   6.7245300000e-01
    250000    54.00000000   6.5175400000e-01
    250000    56.00000000   6.2890100000e-01
    250000    58.00000000   6.0392300000e-01
    250000    60.00000000   5.7686700000e-01
    250000    62.00000000   5.4779800000e-01
    250000    64.00000000   5.1679800000e-01
    250000    66.00000000   4.8396700000e-01
    250000    68.00000000   4.4941800000e-01
    250000    70.00000000   4.1327900000e-01
    250000    72.00000000   3.7568800000e-01
    250000    74.00000000   3.3679900000e-01
    250000    76.00000000   2.9677100000e-01
    250000    78.00000000   2.5577600000e-01
    250000    80.00000000   2.1399400000e-01
    250000    82.00000000   1.7161200000e-01
    250000    84.00000000   1.2882100000e-01
    250000    86.00000000   8.5820000000e-02
    250000    88.00000000   4.2812000000e-02
    250000    90.00000000   0.0000000000e+00
     50000   -90.00000000  -0.0000000000e+00
     50000   -88.00000000  -4.2634000000e-02
     50000   -86.00000000  -8.5109000000e-02
     50000   -84.00000000  -1.2722000000e-01
     50000   -82.00000000  -1.6876100000e-01
     50000   -80.00000000  -2.0953200000e-01
     50000   -78.00000000  -2.4933600000e-01
     50000   -76.00000000  -2.8798000000e-01
     50000   -74.00000000  -3.2528000000e-01
     50000   -72.00000000  -3.6105600000e-01
     50000   -70.00000000  -3.9513700000e-01
     50000   -68.00000000  -4.2736100000e-01
     50000   -66.00000000  -4.5757500000e-01
     50000   -64.00000000  -4.8563800000e-01
     50000   -62.00000000  -5.1141900000e-01
     50000   -60.00000000  -5.3479700000e-01
     50000   -58.00000000  -5.5566600000e-01
     50000   -56.00000000  -5.7393200000e-01
     50000   -54.00000000  -5.8951700000e-01
     50000   -52.00000000  -6.0235300000e-01
     50000   -50.00000000  -6.1239000000e-01
     50000   -48.00000000  -6.1959200000e-01
     50000   -46.00000000  -6.2393900000e-01
     50000   -44.00000000  -6.2542700000e-01
     50000   -42.00000000  -6.2407000000e-01
     50000   -40.00000000  -6.1989600000e-01
     50000   -38.00000000  -6.1295400000e-01
     50000   -36.00000000  -6.0331000000e-01
     50000   -34.00000000  -5.9105000000e-01
     50000   -32.00000000  -5.7628200000e-01
     50000   -30.00000000  -5.5913600000e-01
     50000   -28.00000000  -5.3976900000e-01
     50000   -26.00000000  -5.1837000000e-01
     50000   -24.00000000  -4.9516500000e-01
     50000   -22.00000000  -4.7043100000e-01
     50000   -20.00000000  -4.4451200000e-01
     50000   -18.00000000  -4.1785200000e-01
     50000   -16.00000000  -3.9105100000e-01
     50000   -14.00000000  -3.6496400000e-01
     50000   -12.00000000  -3.4091300000e-01
     50000   -10.00000000  -3.2114000000e-01
     50000    -8.00000000  -3.0994700000e-01
     50000    -6.00000000  -3.2474800000e-01
     50000    -4.00000000  -3.4786300000e-01
     50000    -2.00000000  -1.8035900000e-01
     50000     0.00000000   1.4470000000e-01
     50000     2.00000000   4.6510000000e-01
     50000     4.00000000   8.3470000000e-01
     50000     6.00000000   1.2449000000e+00
     50000     8.00000000   1.3203220000e+00
     50000    10.00000000   1.4383000000e+00
     50000    12.00000000   1.2608380000e+00
     50000    14.00000000   1.1433870000e+00
     50000    16.00000000   1.0615950000e+00
     50000    18.00000000   1.0033330000e+00
     50000    20.00000000   9.6093100000e-01
     50000    22.00000000   9.2945900000e-01
     50000    24.00000000   9.0558600000e-01
     50000    26.00000000   8.8697500000e-01
     50000    28.00000000   8.7192600000e-01
     50000    30.00000000   8.5917200000e-01
     50000    32.00000000   8.4774700000e-01
     50000    34.00000000   8.3690000000e-01
     50000    36.00000000   8.2604000000e-01
     50000    38.00000000   8.1470000000e-01
     50000    40.00000000   8.0250500000e-01
     50000    42.00000000   7.8915900000e-01
     50000    44.00000000   7.7442500000e-01
     50000    46.00000000   7.5812000000e-01
     50000    48.00000000   7.4010400000e-01
     50000    50.00000000   7.2027500000e-01
     50000    52.00000000   6.9856600000e-01
     50000    54.00000000   6.7493700000e-01
     50000    56.00000000   6.4937800000e-01
     50000    58.00000000   6.2190000000e-01
     50000    60.00000000   5.9253900000e-01
     50000    62.00000000   5.6134900000e-01
     50000    64.00000000   5.2840500000e-01
     50000    66.00000000   4.9379800000e-01
     50000    68.00000000   4.5763500000e-01
     50000    70.00000000   4.2003700000e-01
     50000    72.00000000   3.8113900000e-01
     50000    74.00000000   3.4108900000e-01
     50000    76.00000000   3.0004500000e-01
     50000    78.00000000   2.5817500000e-01
     50000    80.00000000   2.1565700000e-01
     50000    82.00000000   1.7267400000e-01
     50000    84.00000000   1.2941700000e-01
     50000    86.00000000   8.6085000000e-02
     50000    88.00000000   4.2878000000e-02
     50000    90.00000000   0.0000000000e+00
    100000   -90.00000000  -0.0000000000e+00
    100000   -88.00000000  -4.2635000000e-02
    100000   -86.00000000  -8.5112000000e-02
    100000   -84.00000000  -1.2722600000e-01
    100000   -82.00000000  -1.6877100000e-01
    100000   -80.00000000  -2.0954800000e-01
    100000   -78.00000000  -2.4935900000e-01
    100000   -76.00000000  -2.8801200000e-01
    100000   -74.00000000  -3.2532100000e-01
    100000   -72.00000000  -3.6110800000e-01
    100000   -70.00000000  -3.9520200000e-01
    100000   -68.00000000  -4.2744000000e-01
    100000   -66.00000000  -4.5767100000e-01
    100000   -64.00000000  -4.8575100000e-01
    100000   -62.00000000  -5.1155000000e-01
    100000   -60.00000000  -5.3494800000e-01
    100000   -58.00000000  -5.5584000000e-01
    100000   -56.00000000  -5.7413100000e-01
    100000   -54.00000000  -5.8974100000e-01
    100000   -52.00000000  -6.0260500000e-01
    100000   -50.00000000  -6.1267300000e-01
    100000   -48.00000000  -6.1990800000e-01
    100000   -46.00000000  -6.2429100000e-01
    100000   -44.00000000  -6.2581900000e-01
    100000   -42.00000000  -6.2450300000e-01
    100000   -40.00000000  -6.2037600000e-01
    100000   -38.00000000  -6.1348400000e-01
    100000   -36.00000000  -6.0389500000e-01
    100000   -34.00000000  -5.9169600000e-01
    100000   -32.00000000  -5.7699500000e-01
    100000   -30.00000000  -5.5992400000e-01
    100000   -28.00000000  -5.4064200000e-01
    100000   -26.00000000  -5.1933800000e-01
    100000   -24.00000000  -4.9624300000e-01
    100000   -22.00000000  -4.7163600000e-01
    100000   -20.00000000  -4.4586800000e-01
    100000   -18.00000000  -4.1939000000e-01
    100000   -16.00000000  -3.9281100000e-01
    100000   -14.00000000  -3.6700800000e-01
    100000   -12.00000000  -3.4333000000e-01
    100000   -10.00000000  -3.2407400000e-01
    100000    -8.00000000  -3.1364900000e-01
    100000    -6.00000000  -3.3145100000e-01
    100000    -4.00000000  -3.4377400000e-01
    100000    -2.00000000  -3.5420000000e-03
    100000     0.00000000   4.2360000000e-01
    100000     2.00000000   7.6000000000e-01
    100000     4.00000000   1.0990000000e+00
    100000     6.00000000   1.2552000000e+00
    100000     8.00000000   1.4006880000e+00
    100000    10.00000000   1.3390020000e+00
    100000    12.00000000   1.1726780000e+00
    100000    14.00000000   1.0683660000e+00
    100000    16.00000000   9.9697100000e-01
    100000    18.00000000   9.4690700000e-01
    100000    20.00000000   9.1116100000e-01
    100000    22.00000000   8.8522000000e-01
    100000    24.00000000   8.6603200000e-01
    100000    26.00000000   8.5145100000e-01
    100000    28.00000000   8.3991400000e-01
    100000    30.00000000   8.3025600000e-01
    100000    32.00000000   8.2158500000e-01
    100000    34.00000000   8.1320600000e-01
    100000    36.00000000   8.0457500000e-01
    100000    38.00000000   7.9525700000e-01
    100000    40.00000000   7.8490600000e-01
    100000    42.00000000   7.7324800000e-01
    100000    44.00000000   7.6006500000e-01
    100000    46.00000000   7.4518800000e-01
    100000    48.00000000   7.2849000000e-01
    100000    50.00000000   7.0987800000e-01
    100000    52.00000000   6.8929300000e-01
    100000    54.00000000   6.6670500000e-01
    100000    56.00000000   6.4210700000e-01
    100000    58.00000000   6.1551700000e-01
    100000    60.00000000   5.8697400000e-01
    100000    62.00000000   5.5653700000e-01
    100000    64.00000000   5.2428400000e-01
    100000    66.00000000   4.9030700000e-01
    100000    68.00000000   4.5471700000e-01
    100000    70.00000000   4.1763700000e-01
    100000    72.00000000   3.7920400000e-01
    100000    74.00000000   3.3956600000e-01
    100000    76.00000000   2.9888300000e-01
    100000    78.00000000   2.5732400000e-01
    100000    80.00000000   2.1506600000e-01
    100000    82.00000000   1.7229600000e-01
    100000    84.00000000   1.2920600000e-01
    100000    86.00000000   8.5991000000e-02
    100000    88.00000000   4.2854000000e-02
    100000    90.00000000   0.0000000000e+00
    150000   -90.00000000  -0.0000000000e+00
    150000   -88.00000000  -4.2643000000e-02
    150000   -86.00000000  -8.5146000000e-02
    150000   -84.00000000  -1.2730300000e-01
    150000   -82.00000000  -1.6890800000e-01
    150000   -80.00000000  -2.0976300000e-01
    150000   -78.00000000  -2.4966800000e-01
    150000   -76.00000000  -2.8843400000e-01
    150000   -74.00000000  -3.2587500000e-01
    150000   -72.00000000  -3.6181100000e-01
    150000   -70.00000000  -3.9607400000e-01
    150000   -68.00000000  -4.2850000000e-01
    150000   -66.00000000  -4.5893800000e-01
    150000   -64.00000000  -4.8724800000e-01
    150000   -62.00000000  -5.1329700000e-01
    150000   -60.00000000  -5.3696900000e-01
    150000   -58.00000000  -5.5815800000e-01
    150000   -56.00000000  -5.7677100000e-01
    150000   -54.00000000  -5.9273100000e-01
    150000   -52.00000000  -6.0597300000e-01
    150000   -50.00000000  -6.1644900000e-01
    150000   -48.00000000  -6.2412600000e-01
    150000   -46.00000000  -6.2898800000e-01
    150000   -44.00000000  -6.3103400000e-01
    150000   -42.00000000  -6.3028100000e-01
    150000   -40.00000000  -6.2676700000e-01
    150000   -38.00000000  -6.2054500000e-01
    150000   -36.00000000  -6.1169100000e-01
    150000   -34.00000000  -6.0030100000e-01
    150000   -32.00000000  -5.8649600000e-01
    150000   -30.00000000  -5.7042500000e-01
    150000   -28.00000000  -5.5226700000e-01
    150000   -26.00000000  -5.3223900000e-01
    150000   -24.00000000  -5.1060800000e-01
    150000   -22.00000000  -4.8770200000e-01
    150000   -20.00000000  -4.6394300000e-01
    150000   -18.00000000  -4.3988100000e-01
    150000   -16.00000000  -4.1628100000e-01
    150000   -14.00000000  -3.9425300000e-01
    150000   -12.00000000  -3.7554700000e-01
    150000   -10.00000000  -3.6317400000e-01
    150000    -8.00000000  -3.5947400000e-01
    150000    -6.00000000  -3.9442900000e-01
    150000    -4.00000000  -1.3186200000e-01
    150000    -2.00000000   6.7170000000e-02
    150000     0.00000000   5.2350000000e-01
    150000     2.00000000   8.3000000000e-01
    150000     4.00000000   1.1391000000e+00
    150000     6.00000000   1.2736440000e+00
    150000     8.00000000   1.3731260000e+00
    150000    10.00000000   1.1996770000e+00
    150000    12.00000000   1.0481370000e+00
    150000    14.00000000   9.6304500000e-01
    150000    16.00000000   9.0624700000e-01
    150000    18.00000000   8.6769100000e-01
    150000    20.00000000   8.4128900000e-01
    150000    22.00000000   8.2311300000e-01
    150000    24.00000000   8.1050200000e-01
    150000    26.00000000   8.0157800000e-01
    150000    28.00000000   7.9497300000e-01
    150000    30.00000000   7.8966100000e-01
    150000    32.00000000   7.8485500000e-01
    150000    34.00000000   7.7994200000e-01
    150000    36.00000000   7.7443900000e-01
    150000    38.00000000   7.6796000000e-01
    150000    40.00000000   7.6019900000e-01
    150000    42.00000000   7.5091200000e-01
    150000    44.00000000   7.3990600000e-01
    150000    46.00000000   7.2703400000e-01
    150000    48.00000000   7.1218400000e-01
    150000    50.00000000   6.9528100000e-01
    150000    52.00000000   6.7627600000e-01
    150000    54.00000000   6.5514700000e-01
    150000    56.00000000   6.3189900000e-01
    150000    58.00000000   6.0655500000e-01
    150000    60.00000000   5.7916100000e-01
    150000    62.00000000   5.4978100000e-01
    150000    64.00000000   5.1849700000e-01
    150000    66.00000000   4.8540600000e-01
    150000    68.00000000   4.5062100000e-01
    150000    70.00000000   4.1426800000e-01
    150000    72.00000000   3.7648600000e-01
    150000    74.00000000   3.3742700000e-01
    150000    76.00000000   2.9725000000e-01
    150000    78.00000000   2.5612800000e-01
    150000    80.00000000   2.1423800000e-01
    150000    82.00000000   1.7176700000e-01
    150000    84.00000000   1.2890800000e-01
    150000    86.00000000   8.5859000000e-02
    150000    88.00000000   4.2821000000e-02
    150000    90.00000000   0.0000000000e+00
    200000   -90.00000000  -0.0000000000e+00
    200000   -88.00000000  -4.2640000000e-02
    200000   -86.00000000  -8.5135000000e-02
    200000   -84.00000000  -1.2727700000e-01
    200000   -82.00000000  -1.6886300000e-01
    200000   -80.00000000  -2.0969200000e-01
    200000   -78.00000000  -2.4956600000e-01
    200000   -76.00000000  -2.8829400000e-01
    200000   -74.00000000  -3.2569100000e-01
    200000   -72.00000000  -3.6157900000e-01
    200000   -70.00000000  -3.9578500000e-01
    200000   -68.00000000  -4.2814900000e-01
    200000   -66.00000000  -4.5851900000e-01
    200000   -64.00000000  -4.8675200000e-01
    200000   -62.00000000  -5.1271900000e-01
    200000   -60.00000000  -5.3630000000e-01
    200000   -58.00000000  -5.5739000000e-01
    200000   -56.00000000  -5.7589700000e-01
    200000   -54.00000000  -5.9174100000e-01
    200000   -52.00000000  -6.0485800000e-01
    200000   -50.00000000  -6.1519900000e-01
    200000   -48.00000000  -6.2273000000e-01
    200000   -46.00000000  -6.2743300000e-01
    200000   -44.00000000  -6.2930700000e-01
    200000   -42.00000000  -6.2836800000e-01
    200000   -40.00000000  -6.2465100000e-01
    200000   -38.00000000  -6.1820700000e-01
    200000   -36.00000000  -6.0910900000e-01
    200000   -34.00000000  -5.9745100000e-01
    200000   -32.00000000  -5.8335000000e-01
    200000   -30.00000000  -5.6694800000e-01
    200000   -28.00000000  -5.4841800000e-01
    200000   -26.00000000  -5.2796800000e-01
    200000   -24.00000000  -5.0585100000e-01
    200000   -22.00000000  -4.8238300000e-01
    200000   -20.00000000  -4.5795800000e-01
    200000   -18.00000000  -4.3309600000e-01
    200000   -16.00000000  -4.0851000000e-01
    200000   -14.00000000  -3.8523200000e-01
    200000   -12.00000000  -3.6488000000e-01
    200000   -10.00000000  -3.5022800000e-01
    200000    -8.00000000  -3.4549200000e-01
    200000    -6.00000000  -3.4327600000e-01
    200000    -4.00000000  -2.0040000000e-01
    200000    -2.00000000   2.0955000000e-01
    200000     0.00000000   5.7480000000e-01
    200000     2.00000000   8.6790000000e-01
    200000     4.00000000   1.1341000000e+00
    200000     6.00000000   1.2842780000e+00
    200000     8.00000000   1.3548000000e+00
    200000    10.00000000   1.1641480000e+00
    200000    12.00000000   1.0233060000e+00
    200000    14.00000000   9.4204600000e-01
    200000    16.00000000   8.8815800000e-01
    200000    18.00000000   8.5189700000e-01
    200000    20.00000000   8.2735800000e-01
    200000    22.00000000   8.1073000000e-01
    200000    24.00000000   7.9943000000e-01
    200000    26.00000000   7.9163500000e-01
    200000    28.00000000   7.8601300000e-01
    200000    30.00000000   7.8156700000e-01
    200000    32.00000000   7.7753200000e-01
    200000    34.00000000   7.7331000000e-01
    200000    36.00000000   7.6843100000e-01
    200000    38.00000000   7.6251800000e-01
    200000    40.00000000   7.5527300000e-01
    200000    42.00000000   7.4645800000e-01
    200000    44.00000000   7.3588700000e-01
    200000    46.00000000   7.2341400000e-01
    200000    48.00000000   7.0893300000e-01
    200000    50.00000000   6.9237100000e-01
    200000    52.00000000   6.7368000000e-01
    200000    54.00000000   6.5284300000e-01
    200000    56.00000000   6.2986400000e-01
    200000    58.00000000   6.0476800000e-01
    200000    60.00000000   5.7760400000e-01
    200000    62.00000000   5.4843400000e-01
    200000    64.00000000   5.1734300000e-01
    200000    66.00000000   4.8442900000e-01
    200000    68.00000000   4.4980400000e-01
    200000    70.00000000   4.1359600000e-01
    200000    72.00000000   3.7594500000e-01
    200000    74.00000000   3.3700000000e-01
    200000    76.00000000   2.9692500000e-01
    200000    78.00000000   2.5588900000e-01
    200000    80.00000000   2.1407300000e-01
    200000    82.00000000   1.7166200000e-01
    200000    84.00000000   1.2884900000e-01
    200000    86.00000000   8.5833000000e-02
    200000    88.00000000   4.2815000000e-02
    200000    90.00000000   0.0000000000e+00
    250000   -90.00000000  -0.0000000000e+00
    250000   -88.00000000  -4.2641000000e-02
    250000   -86.00000000  -8.5137000000e-02
    250000   -84.00000000  -1.2728100000e-01
    250000   -82.00000000  -1.6887000000e-01
    250000   -80.00000000  -2.0970200000e-01
    250000   -78.00000000  -2.4958100000e-01
    250000   -76.00000000  -2.8831600000e-01
    250000   -74.00000000  -3.2571900000e-01
    250000   -72.00000000  -3.6161400000e-01
    250000   -70.00000000  -3.9582900000e-01
    250000   -68.00000000  -4.2820200000e-01
    250000   -66.00000000  -4.5858200000e-01
    250000   -64.00000000  -4.8682700000e-01
    250000   -62.00000000  -5.1280600000e-01
    250000   -60.00000000  -5.3640100000e-01
    250000   -58.00000000  -5.5750600000e-01
    250000   -56.00000000  -5.7602900000e-01
    250000   -54.00000000  -5.9189000000e-01
    250000   -52.00000000  -6.0502600000e-01
    250000   -50.00000000  -6.1538800000e-01
    250000   -48.00000000  -6.2294100000e-01
    250000   -46.00000000  -6.2766800000e-01
    250000   -44.00000000  -6.2956800000e-01
    250000   -42.00000000  -6.2865700000e-01
    250000   -40.00000000  -6.2497000000e-01
    250000   -38.00000000  -6.1856000000e-01
    250000   -36.00000000  -6.0949900000e-01
    250000   -34.00000000  -5.9788200000e-01
    250000   -32.00000000  -5.8382500000e-01
    250000   -30.00000000  -5.6747300000e-01
    250000   -28.00000000  -5.4899900000e-01
    250000   -26.00000000  -5.2861300000e-01
    250000   -24.00000000  -5.0657000000e-01
    250000   -22.00000000  -4.8318600000e-01
    250000   -20.00000000  -4.5886200000e-01
    250000   -18.00000000  -4.3412100000e-01
    250000   -16.00000000  -4.0968400000e-01
    250000   -14.00000000  -3.8659500000e-01
    250000   -12.00000000  -3.6649100000e-01
    250000   -10.00000000  -3.5218300000e-01
    250000    -8.00000000  -3.4883400000e-01
    250000    -6.00000000  -3.4381800000e-01
    250000    -4.00000000  -1.1847300000e-01
    250000    -2.00000000   2.6660000000e-01
    250000     0.00000000   6.7370000000e-01
    250000     2.00000000   9.3530000000e-01
    250000     4.00000000   1.1282000000e+00
    250000     6.00000000   1.2878190000e+00
    250000     8.00000000   1.3755000000e+00
    250000    10.00000000   1.1812890000e+00
    250000    12.00000000   1.0368250000e+00
    250000    14.00000000   9.5347900000e-01
    250000    16.00000000   8.9800600000e-01
    250000    18.00000000   8.6049600000e-01
    250000    20.00000000   8.3494300000e-01
    250000    22.00000000   8.1747200000e-01
    250000    24.00000000   8.0545800000e-01
    250000    26.00000000   7.9704800000e-01
    250000    28.00000000   7.9089200000e-01
    250000    30.00000000   7.8597400000e-01
    250000    32.00000000   7.8151900000e-01
    250000    34.00000000   7.7692100000e-01
    250000    36.00000000   7.7170200000e-01
    250000    38.00000000   7.6548100000e-01
    250000    40.00000000   7.5795500000e-01
    250000    42.00000000   7.4888300000e-01
    250000    44.00000000   7.3807500000e-01
    250000    46.00000000   7.2538500000e-01
    250000    48.00000000   7.1070300000e-01
    250000    50.00000000   6.9395500000e-01
    250000    52.00000000   6.7509300000e-01
    250000    54.00000000   6.5409800000e-01
    250000    56.00000000   6.3097200000e-01
    250000    58.00000000   6.0574100000e-01
    250000    60.00000000   5.7845200000e-01
    250000    62.00000000   5.4916800000e-01
    250000    64.00000000   5.1797200000e-01
    250000    66.00000000   4.8496100000e-01
    250000    68.00000000   4.5024900000e-01
    250000    70.00000000   4.1396200000e-01
    250000    72.00000000   3.7623900000e-01
    250000    74.00000000   3.3723200000e-01
    250000    76.00000000   2.9710200000e-01
    250000    78.00000000   2.5601900000e-01
    250000    80.00000000   2.1416200000e-01
    250000    82.00000000   1.7171900000e-01
    250000    84.00000000   1.2888100000e-01
    250000    86.00000000   8.5847000000e-02
    250000    88.00000000   4.2818000000e-02
    250000    90.00000000   0.0000000000e+00
     50000   -90.00000000  -0.0000000000e+00
     50000   -88.00000000  -4.2631000000e-02
     50000   -86.00000000  -8.5098000000e-02
     50000   -84.00000000  -1.2719400000e-01
     50000   -82.00000000  -1.6871600000e-01
     50000   -80.00000000  -2.0946100000e-01
     50000   -78.00000000  -2.4923300000e-01
     50000   -76.00000000  -2.8784000000e-01
     50000   -74.00000000  -3.2509600000e-01
     50000   -72.00000000  -3.6082200000e-01
     50000   -70.00000000  -3.9484600000e-01
     50000   -68.00000000  -4.2700800000e-01
     50000   -66.00000000  -4.5715300000e-01
     50000   -64.00000000  -4.8514000000e-01
     50000   -62.00000000  -5.1083700000e-01
     50000   -60.00000000  -5.3412400000e-01
     50000   -58.00000000  -5.5489400000e-01
     50000   -56.00000000  -5.7305300000e-01
     50000   -54.00000000  -5.8852100000e-01
     50000   -52.00000000  -6.0123100000e-01
     50000   -50.00000000  -6.1113200000e-01
     50000   -48.00000000  -6.1818700000e-01
     50000   -46.00000000  -6.2237500000e-01
     50000   -44.00000000  -6.2369100000e-01
     50000   -42.00000000  -6.2214600000e-01
     50000   -40.00000000  -6.1776800000e-01
     50000   -38.00000000  -6.1060300000e-01
     50000   -36.00000000  -6.0071400000e-01
     50000   -34.00000000  -5.8818500000e-01
     50000   -32.00000000  -5.7311800000e-01
     50000   -30.00000000  -5.5563900000e-01
     50000   -28.00000000  -5.3589800000e-01
     50000   -26.00000000  -5.1407400000e-01
     50000   -24.00000000  -4.9038200000e-01
     50000   -22.00000000  -4.6508100000e-01
     50000   -20.00000000  -4.3849300000e-01
     50000   -18.00000000  -4.1102800000e-01
     50000   -16.00000000  -3.8323500000e-01
     50000   -14.00000000  -3.5589100000e-01
     50000   -12.00000000  -3.3018500000e-01
     50000   -10.00000000  -3.0811900000e-01
     50000    -8.00000000  -2.9352100000e-01
     50000    -6.00000000  -2.9892100000e-01
     50000    -4.00000000  -3.3840000000e-01
     50000    -2.00000000  -1.3807800000e-01
     50000     0.00000000   2.4390000000e-01
     50000     2.00000000   4.6250000000e-01
     50000     4.00000000   8.6720000000e-01
     50000     6.00000000   1.2425000000e+00
     50000     8.00000000   1.3310800000e+00
     50000    10.00000000   1.4432420000e+00
     50000    12.00000000   1.2582530000e+00
     50000    14.00000000   1.1433830000e+00
     50000    16.00000000   1.0615920000e+00
     50000    18.00000000   1.0033300000e+00
     50000    20.00000000   9.6092900000e-01
     50000    22.00000000   9.2945600000e-01
     50000    24.00000000   9.0558400000e-01
     50000    26.00000000   8.8697300000e-01
     50000    28.00000000   8.7192500000e-01
     50000    30.00000000   8.5917100000e-01
     50000    32.00000000   8.4774600000e-01
     50000    34.00000000   8.3689900000e-01
     50000    36.00000000   8.2603900000e-01
     50000    38.00000000   8.1469900000e-01
     50000    40.00000000   8.0250500000e-01
     50000    42.00000000   7.8915800000e-01
     50000    44.00000000   7.7442400000e-01
     50000    46.00000000   7.5811900000e-01
     50000    48.00000000   7.4010400000e-01
     50000    50.00000000   7.2027500000e-01
     50000    52.00000000   6.9856600000e-01
     50000    54.00000000   6.7493700000e-01
     50000    56.00000000   6.4937700000e-01
     50000    58.00000000   6.2190000000e-01
     50000    60.00000000   5.9253800000e-01
     50000    62.00000000   5.6134900000e-01
     50000    64.00000000   5.2840500000e-01
     50000    66.00000000   4.9379800000e-01
     50000    68.00000000   4.5763500000e-01
     50000    70.00000000   4.2003700000e-01
     50000    72.00000000   3.8113900000e-01
     50000    74.00000000   3.4108900000e-01
     50000    76.00000000   3.0004500000e-01
     50000    78.00000000   2.5817500000e-01
     50000    80.00000000   2.1565700000e-01
     50000    82.00000000   1.7267400000e-01
     50000    84.00000000   1.2941700000e-01
     50000    86.00000000   8.6085000000e-02
     50000    88.00000000   4.2878000000e-02
     50000    90.00000000   0.0000000000e+00
    100000   -90.00000000  -0.0000000000e+00
    100000   -88.00000000  -4.2636000000e-02
    100000   -86.00000000  -8.5119000000e-02
    100000   -84.00000000  -1.2724100000e-01
    100000   -82.00000000  -1.6879900000e-01
    100000   -80.00000000  -2.0959100000e-01
    100000   -78.00000000  -2.4942100000e-01
    100000   -76.00000000  -2.8809700000e-01
    100000   -74.00000000  -3.2543200000e-01
    100000   -72.00000000  -3.6124900000e-01
    100000   -70.00000000  -3.9537600000e-01
    100000   -68.00000000  -4.2765200000e-01
    100000   -66.00000000  -4.5792400000e-01
    100000   -64.00000000  -4.8605000000e-01
    100000   -62.00000000  -5.1189900000e-01
    100000   -60.00000000  -5.3535300000e-01
    100000   -58.00000000  -5.5630400000e-01
    100000   -56.00000000  -5.7465900000e-01
    100000   -54.00000000  -5.9034000000e-01
    100000   -52.00000000  -6.0328000000e-01
    100000   -50.00000000  -6.1342900000e-01
    100000   -48.00000000  -6.2075300000e-01
    100000   -46.00000000  -6.2523100000e-01
    100000   -44.00000000  -6.2686300000e-01
    100000   -42.00000000  -6.2566000000e-01
    100000   -40.00000000  -6.2165500000e-01
    100000   -38.00000000  -6.1489700000e-01
    100000   -36.00000000  -6.0545500000e-01
    100000   -34.00000000  -5.9341800000e-01
    100000   -32.00000000  -5.7889700000e-01
    100000   -30.00000000  -5.6202600000e-01
    100000   -28.00000000  -5.4296900000e-01
    100000   -26.00000000  -5.2192000000e-01
    100000   -24.00000000  -4.9911800000e-01
    100000   -22.00000000  -4.7485200000e-01
    100000   -20.00000000  -4.4948600000e-01
    100000   -18.00000000  -4.2349100000e-01
    100000   -16.00000000  -3.9750900000e-01
    100000   -14.00000000  -3.7246200000e-01
    100000   -12.00000000  -3.4977900000e-01
    100000   -10.00000000  -3.3190000000e-01
    100000    -8.00000000  -3.2352300000e-01
    100000    -6.00000000  -3.4363800000e-01
    100000    -4.00000000  -3.3977800000e-01
    100000    -2.00000000   3.0000000000e-03
    100000     0.00000000   4.3070000000e-01
    100000     2.00000000   7.2270000000e-01
    100000     4.00000000   1.0836000000e+00
    100000     6.00000000   1.2539000000e+00
    100000     8.00000000   1.4100110000e+00
    100000    10.00000000   1.4070940000e+00
    100000    12.00000000   1.2109040000e+00
    100000    14.00000000   1.1006930000e+00
    100000    16.00000000   1.0248180000e+00
    100000    18.00000000   9.7122100000e-01
    100000    20.00000000   9.3260700000e-01
    100000    22.00000000   9.0428200000e-01
    100000    24.00000000   8.8307600000e-01
    100000    26.00000000   8.6675800000e-01
    100000    28.00000000   8.5370800000e-01
    100000    30.00000000   8.4271600000e-01
    100000    32.00000000   8.3285800000e-01
    100000    34.00000000   8.2341600000e-01
    100000    36.00000000   8.1382400000e-01
    100000    38.00000000   8.0363500000e-01
    100000    40.00000000   7.9249000000e-01
    100000    42.00000000   7.8010400000e-01
    100000    44.00000000   7.6625300000e-01
    100000    46.00000000   7.5076100000e-01
    100000    48.00000000   7.3349400000e-01
    100000    50.00000000   7.1435800000e-01
    100000    52.00000000   6.9328900000e-01
    100000    54.00000000   6.7025200000e-01
    100000    56.00000000   6.4524000000e-01
    100000    58.00000000   6.1826700000e-01
    100000    60.00000000   5.8937200000e-01
    100000    62.00000000   5.5861100000e-01
    100000    64.00000000   5.2606000000e-01
    100000    66.00000000   4.9181100000e-01
    100000    68.00000000   4.5597400000e-01
    100000    70.00000000   4.1867100000e-01
    100000    72.00000000   3.8003800000e-01
    100000    74.00000000   3.4022200000e-01
    100000    76.00000000   2.9938400000e-01
    100000    78.00000000   2.5769100000e-01
    100000    80.00000000   2.1532100000e-01
    100000    82.00000000   1.7245900000e-01
    100000    84.00000000   1.2929700000e-01
    100000    86.00000000   8.6032000000e-02
    100000    88.00000000   4.2864000000e-02
    100000    90.00000000   0.0000000000e+00
    150000   -90.00000000  -0.0000000000e+00
    150000   -88.00000000  -4.2639000000e-02
    150000   -86.00000000  -8.5128000000e-02
    150000   -84.00000000  -1.2726100000e-01
    150000   -82.00000000  -1.6883500000e-01
    150000   -80.00000000  -2.0964700000e-01
    150000   -78.00000000  -2.4950200000e-01
    150000   -76.00000000  -2.8820700000e-01
    150000   -74.00000000  -3.2557700000e-01
    150000   -72.00000000  -3.6143200000e-01
    150000   -70.00000000  -3.9560400000e-01
    150000   -68.00000000  -4.2792900000e-01
    150000   -66.00000000  -4.5825500000e-01
    150000   -64.00000000  -4.8644100000e-01
    150000   -62.00000000  -5.1235500000e-01
    150000   -60.00000000  -5.3588000000e-01
    150000   -58.00000000  -5.5690900000e-01
    150000   -56.00000000  -5.7534800000e-01
    150000   -54.00000000  -5.9112000000e-01
    150000   -52.00000000  -6.0415800000e-01
    150000   -50.00000000  -6.1441400000e-01
    150000   -48.00000000  -6.2185300000e-01
    150000   -46.00000000  -6.2645700000e-01
    150000   -44.00000000  -6.2822300000e-01
    150000   -42.00000000  -6.2716800000e-01
    150000   -40.00000000  -6.2332300000e-01
    150000   -38.00000000  -6.1674000000e-01
    150000   -36.00000000  -6.0748900000e-01
    150000   -34.00000000  -5.9566300000e-01
    150000   -32.00000000  -5.8137600000e-01
    150000   -30.00000000  -5.6476600000e-01
    150000   -28.00000000  -5.4600200000e-01
    150000   -26.00000000  -5.2528700000e-01
    150000   -24.00000000  -5.0286600000e-01
    150000   -22.00000000  -4.7904400000e-01
    150000   -20.00000000  -4.5420200000e-01
    150000   -18.00000000  -4.2883800000e-01
    150000   -16.00000000  -4.0363300000e-01
    150000   -14.00000000  -3.7957100000e-01
    150000   -12.00000000  -3.5818500000e-01
    150000   -10.00000000  -3.4210300000e-01
    150000    -8.00000000  -3.3639400000e-01
    150000    -6.00000000  -3.5559900000e-01
    150000    -4.00000000  -3.1833600000e-01
    150000    -2.00000000   1.2054300000e-01
    150000     0.00000000   5.1410000000e-01
    150000     2.00000000   8.5600000000e-01
    150000     4.00000000   1.1346000000e+00
    150000     6.00000000   1.2618420000e+00
    150000     8.00000000   1.3795100000e+00
    150000    10.00000000   1.2365700000e+00
    150000    12.00000000   1.0751980000e+00
    150000    14.00000000   9.8593000000e-01
    150000    16.00000000   9.2596000000e-01
    150000    18.00000000   8.8490400000e-01
    150000    20.00000000   8.5647100000e-01
    150000    22.00000000   8.3660800000e-01
    150000    24.00000000   8.2256700000e-01
    150000    26.00000000   8.1241500000e-01
    150000    28.00000000   8.0473800000e-01
    150000    30.00000000   7.9848200000e-01
    150000    32.00000000   7.9283600000e-01
    150000    34.00000000   7.8717000000e-01
    150000    36.00000000   7.8098700000e-01
    150000    38.00000000   7.7389100000e-01
    150000    40.00000000   7.6556800000e-01
    150000    42.00000000   7.5576500000e-01
    150000    44.00000000   7.4428600000e-01
    150000    46.00000000   7.3097800000e-01
    150000    48.00000000   7.1572700000e-01
    150000    50.00000000   6.9845300000e-01
    150000    52.00000000   6.7910400000e-01
    150000    54.00000000   6.5765900000e-01
    150000    56.00000000   6.3411700000e-01
    150000    58.00000000   6.0850200000e-01
    150000    60.00000000   5.8085900000e-01
    150000    62.00000000   5.5124900000e-01
    150000    64.00000000   5.1975400000e-01
    150000    66.00000000   4.8647100000e-01
    150000    68.00000000   4.5151100000e-01
    150000    70.00000000   4.1500000000e-01
    150000    72.00000000   3.7707700000e-01
    150000    74.00000000   3.3789100000e-01
    150000    76.00000000   2.9760500000e-01
    150000    78.00000000   2.5638700000e-01
    150000    80.00000000   2.1441800000e-01
    150000    82.00000000   1.7188200000e-01
    150000    84.00000000   1.2897300000e-01
    150000    86.00000000   8.5888000000e-02
    150000    88.00000000   4.2828000000e-02
    150000    90.00000000   0.0000000000e+00
    200000   -90.00000000  -0.0000000000e+00
    200000   -88.00000000  -4.2640000000e-02
    200000   -86.00000000  -8.5135000000e-02
    200000   -84.00000000  -1.2727800000e-01
    200000   -82.00000000  -1.6886500000e-01
    200000   -80.00000000  -2.0969500000e-01
    200000   -78.00000000  -2.4957100000e-01
    200000   -76.00000000  -2.8830100000e-01
    200000   -74.00000000  -3.2570000000e-01
    200000   -72.00000000  -3.6158900000e-01
    200000   -70.00000000  -3.9579800000e-01
    200000   -68.00000000  -4.2816500000e-01
    200000   -66.00000000  -4.5853700000e-01
    200000   -64.00000000  -4.8677400000e-01
    200000   -62.00000000  -5.1274400000e-01
    200000   -60.00000000  -5.3633000000e-01
    200000   -58.00000000  -5.5742500000e-01
    200000   -56.00000000  -5.7593600000e-01
    200000   -54.00000000  -5.9178500000e-01
    200000   -52.00000000  -6.0490800000e-01
    200000   -50.00000000  -6.1525500000e-01
    200000   -48.00000000  -6.2279200000e-01
    200000   -46.00000000  -6.2750200000e-01
    200000   -44.00000000  -6.2938400000e-01
    200000   -42.00000000  -6.2845400000e-01
    200000   -40.00000000  -6.2474500000e-01
    200000   -38.00000000  -6.1831100000e-01
    200000   -36.00000000  -6.0922500000e-01
    200000   -34.00000000  -5.9757900000e-01
    200000   -32.00000000  -5.8349100000e-01
    200000   -30.00000000  -5.6710400000e-01
    200000   -28.00000000  -5.4859000000e-01
    200000   -26.00000000  -5.2815800000e-01
    200000   -24.00000000  -5.0606400000e-01
    200000   -22.00000000  -4.8262000000e-01
    200000   -20.00000000  -4.5822500000e-01
    200000   -18.00000000  -4.3340000000e-01
    200000   -16.00000000  -4.0885700000e-01
    200000   -14.00000000  -3.8563500000e-01
    200000   -12.00000000  -3.6535700000e-01
    200000   -10.00000000  -3.5080600000e-01
    200000    -8.00000000  -3.4699000000e-01
    200000    -6.00000000  -3.6593200000e-01
    200000    -4.00000000  -1.3020300000e-01
    200000    -2.00000000   2.1495000000e-01
    200000     0.00000000   5.7650000000e-01
    200000     2.00000000   8.9480000000e-01
    200000     4.00000000   1.1340000000e+00
    200000     6.00000000   1.2973720000e+00
    200000     8.00000000   1.3385460000e+00
    200000    10.00000000   1.1348790000e+00
    200000    12.00000000   1.0031590000e+00
    200000    14.00000000   9.2500900000e-01
    200000    16.00000000   8.7348100000e-01
    200000    18.00000000   8.3908300000e-01
    200000    20.00000000   8.1605500000e-01
    200000    22.00000000   8.0068300000e-01
    200000    24.00000000   7.9044700000e-01
    200000    26.00000000   7.8356700000e-01
    200000    28.00000000   7.7874300000e-01
    200000    30.00000000   7.7500000000e-01
    200000    32.00000000   7.7159000000e-01
    200000    34.00000000   7.6792900000e-01
    200000    36.00000000   7.6355600000e-01
    200000    38.00000000   7.5810200000e-01
    200000    40.00000000   7.5127600000e-01
    200000    42.00000000   7.4284500000e-01
    200000    44.00000000   7.3262500000e-01
    200000    46.00000000   7.2047700000e-01
    200000    48.00000000   7.0629600000e-01
    200000    50.00000000   6.9000900000e-01
    200000    52.00000000   6.7157400000e-01
    200000    54.00000000   6.5097300000e-01
    200000    56.00000000   6.2821200000e-01
    200000    58.00000000   6.0331900000e-01
    200000    60.00000000   5.7634000000e-01
    200000    62.00000000   5.4734200000e-01
    200000    64.00000000   5.1640700000e-01
    200000    66.00000000   4.8363600000e-01
    200000    68.00000000   4.4914200000e-01
    200000    70.00000000   4.1305100000e-01
    200000    72.00000000   3.7550500000e-01
    200000    74.00000000   3.3665400000e-01
    200000    76.00000000   2.9666100000e-01
    200000    78.00000000   2.5569600000e-01
    200000    80.00000000   2.1393800000e-01
    200000    82.00000000   1.7157600000e-01
    200000    84.00000000   1.2880100000e-01
    200000    86.00000000   8.5811000000e-02
    200000    88.00000000   4.2809000000e-02
    200000    90.00000000   0.0000000000e+00
    250000   -90.00000000  -0.0000000000e+00
    250000   -88.00000000  -4.2640000000e-02
    250000   -86.00000000  -8.5132000000e-02
    250000   -84.00000000  -1.2727100000e-01
    250000   -82.00000000  -1.6885200000e-01
    250000   -80.00000000  -2.0967400000e-01
    250000   -78.00000000  -2.4954100000e-01
    250000   -76.00000000  -2.8826000000e-01
    250000   -74.00000000  -3.2564700000e-01
    250000   -72.00000000  -3.6152200000e-01
    250000   -70.00000000  -3.9571400000e-01
    250000   -68.00000000  -4.2806300000e-01
    250000   -66.00000000  -4.5841600000e-01
    250000   -64.00000000  -4.8663100000e-01
    250000   -62.00000000  -5.1257700000e-01
    250000   -60.00000000  -5.3613600000e-01
    250000   -58.00000000  -5.5720300000e-01
    250000   -56.00000000  -5.7568300000e-01
    250000   -54.00000000  -5.9149900000e-01
    250000   -52.00000000  -6.0458500000e-01
    250000   -50.00000000  -6.1489300000e-01
    250000   -48.00000000  -6.2238800000e-01
    250000   -46.00000000  -6.2705200000e-01
    250000   -44.00000000  -6.2888400000e-01
    250000   -42.00000000  -6.2790000000e-01
    250000   -40.00000000  -6.2413300000e-01
    250000   -38.00000000  -6.1763500000e-01
    250000   -36.00000000  -6.0847800000e-01
    250000   -34.00000000  -5.9675400000e-01
    250000   -32.00000000  -5.8258000000e-01
    250000   -30.00000000  -5.6609700000e-01
    250000   -28.00000000  -5.4747600000e-01
    250000   -26.00000000  -5.2692200000e-01
    250000   -24.00000000  -5.0468800000e-01
    250000   -22.00000000  -4.8108100000e-01
    250000   -20.00000000  -4.5649300000e-01
    250000   -18.00000000  -4.3143600000e-01
    250000   -16.00000000  -4.0660800000e-01
    250000   -14.00000000  -3.8302500000e-01
    250000   -12.00000000  -3.6227000000e-01
    250000   -10.00000000  -3.4706000000e-01
    250000    -8.00000000  -3.4410100000e-01
    250000    -6.00000000  -3.3943000000e-01
    250000    -4.00000000  -2.5428000000e-02
    250000    -2.00000000   2.3850000000e-01
    250000     0.00000000   6.2550000000e-01
    250000     2.00000000   9.3450000000e-01
    250000     4.00000000   1.1300500000e+00
    250000     6.00000000   1.2888280000e+00
    250000     8.00000000   1.3782000000e+00
    250000    10.00000000   1.1834710000e+00
    250000    12.00000000   1.0385890000e+00
    250000    14.00000000   9.5497000000e-01
    250000    16.00000000   8.9929100000e-01
    250000    18.00000000   8.6161800000e-01
    250000    20.00000000   8.3593200000e-01
    250000    22.00000000   8.1835100000e-01
    250000    24.00000000   8.0624400000e-01
    250000    26.00000000   7.9775400000e-01
    250000    28.00000000   7.9152800000e-01
    250000    30.00000000   7.8654900000e-01
    250000    32.00000000   7.8203900000e-01
    250000    34.00000000   7.7739200000e-01
    250000    36.00000000   7.7212900000e-01
    250000    38.00000000   7.6586800000e-01
    250000    40.00000000   7.5830500000e-01
    250000    42.00000000   7.4919900000e-01
    250000    44.00000000   7.3836000000e-01
    250000    46.00000000   7.2564200000e-01
    250000    48.00000000   7.1093400000e-01
    250000    50.00000000   6.9416200000e-01
    250000    52.00000000   6.7527800000e-01
    250000    54.00000000   6.5426100000e-01
    250000    56.00000000   6.3111600000e-01
    250000    58.00000000   6.0586800000e-01
    250000    60.00000000   5.7856200000e-01
    250000    62.00000000   5.4926300000e-01
    250000    64.00000000   5.1805400000e-01
    250000    66.00000000   4.8503000000e-01
    250000    68.00000000   4.5030700000e-01
    250000    70.00000000   4.1401000000e-01
    250000    72.00000000   3.7627800000e-01
    250000    74.00000000   3.3726300000e-01
    250000    76.00000000   2.9712500000e-01
    250000    78.00000000   2.5603600000e-01
    250000    80.00000000   2.1417400000e-01
    250000    82.00000000   1.7172700000e-01
    250000    84.00000000   1.2888600000e-01
    250000    86.00000000   8.5849000000e-02
    250000    88.00000000   4.2819000000e-02
    250000    90.00000000   0.0000000000e+00
     50000   -90.00000000  -0.0000000000e+00
     50000   -88.00000000  -4.2634000000e-02
     50000   -86.00000000  -8.5111000000e-02
     50000   -84.00000000  -1.2722400000e-01
     50000   -82.00000000  -1.6876800000e-01
     50000   -80.00000000  -2.0954300000e-01
     50000   -78.00000000  -2.4935200000e-01
     50000   -76.00000000  -2.8800300000e-01
     50000   -74.00000000  -3.2530900000e-01
     50000   -72.00000000  -3.6109300000e-01
     50000   -70.00000000  -3.9518300000e-01
     50000   -68.00000000  -4.2741700000e-01
     50000   -66.00000000  -4.5764300000e-01
     50000   -64.00000000  -4.8571800000e-01
     50000   -62.00000000  -5.1151100000e-01
     50000   -60.00000000  -5.3490300000e-01
     50000   -58.00000000  -5.5578800000e-01
     50000   -56.00000000  -5.7407200000e-01
     50000   -54.00000000  -5.8967500000e-01
     50000   -52.00000000  -6.0253100000e-01
     50000   -50.00000000  -6.1259000000e-01
     50000   -48.00000000  -6.1981500000e-01
     50000   -46.00000000  -6.2418800000e-01
     50000   -44.00000000  -6.2570300000e-01
     50000   -42.00000000  -6.2437500000e-01
     50000   -40.00000000  -6.2023400000e-01
     50000   -38.00000000  -6.1332800000e-01
     50000   -36.00000000  -6.0372200000e-01
     50000   -34.00000000  -5.9150500000e-01
     50000   -32.00000000  -5.7678500000e-01
     50000   -30.00000000  -5.5969200000e-01
     50000   -28.00000000  -5.4038400000e-01
     50000   -26.00000000  -5.1905300000e-01
     50000   -24.00000000  -4.9592500000e-01
     50000   -22.00000000  -4.7128100000e-01
     50000   -20.00000000  -4.4546800000e-01
     50000   -18.00000000  -4.1893600000e-01
     50000   -16.00000000  -3.9229200000e-01
     50000   -14.00000000  -3.6640500000e-01
     50000   -12.00000000  -3.4261800000e-01
     50000   -10.00000000  -3.2320800000e-01
     50000    -8.00000000  -3.1255700000e-01
     50000    -6.00000000  -3.2438300000e-01
     50000    -4.00000000  -3.6181900000e-01
     50000    -2.00000000  -1.2686100000e-01
     50000     0.00000000   2.4680000000e-01
     50000     2.00000000   4.6020000000e-01
     50000     4.00000000   8.5960000000e-01
     50000     6.00000000   1.2398000000e+00
     50000     8.00000000   1.3385980000e+00
     50000    10.00000000   1.3895270000e+00
     50000    12.00000000   1.2281740000e+00
     50000    14.00000000   1.1165140000e+00
     50000    16.00000000   1.0384470000e+00
     50000    18.00000000   9.8312100000e-01
     50000    20.00000000   9.4310300000e-01
     50000    22.00000000   9.1361200000e-01
     50000    24.00000000   8.9141800000e-01
     50000    26.00000000   8.7425000000e-01
     50000    28.00000000   8.6045900000e-01
     50000    30.00000000   8.4881500000e-01
     50000    32.00000000   8.3837600000e-01
     50000    34.00000000   8.2841300000e-01
     50000    36.00000000   8.1835100000e-01
     50000    38.00000000   8.0773500000e-01
     50000    40.00000000   7.9620100000e-01
     50000    42.00000000   7.8346000000e-01
     50000    44.00000000   7.6928100000e-01
     50000    46.00000000   7.5348800000e-01
     50000    48.00000000   7.3594400000e-01
     50000    50.00000000   7.1655100000e-01
     50000    52.00000000   6.9524500000e-01
     50000    54.00000000   6.7198800000e-01
     50000    56.00000000   6.4677300000e-01
     50000    58.00000000   6.1961300000e-01
     50000    60.00000000   5.9054500000e-01
     50000    62.00000000   5.5962500000e-01
     50000    64.00000000   5.2692900000e-01
     50000    66.00000000   4.9254800000e-01
     50000    68.00000000   4.5659000000e-01
     50000    70.00000000   4.1917700000e-01
     50000    72.00000000   3.8044600000e-01
     50000    74.00000000   3.4054400000e-01
     50000    76.00000000   2.9962900000e-01
     50000    78.00000000   2.5787000000e-01
     50000    80.00000000   2.1544500000e-01
     50000    82.00000000   1.7253800000e-01
     50000    84.00000000   1.2934200000e-01
     50000    86.00000000   8.6051000000e-02
     50000    88.00000000   4.2869000000e-02
     50000    90.00000000   0.0000000000e+00
    100000   -90.00000000  -0.0000000000e+00
    100000   -88.00000000  -4.2632000000e-02
    100000   -86.00000000  -8.5101000000e-02
    100000   -84.00000000  -1.2720200000e-01
    100000   -82.00000000  -1.6872900000e-01
    100000   -80.00000000  -2.0948200000e-01
    100000   -78.00000000  -2.4926400000e-01
    100000   -76.00000000  -2.8788200000e-01
    100000   -74.00000000  -3.2515100000e-01
    100000   -72.00000000  -3.6089200000e-01
    100000   -70.00000000  -3.9493300000e-01
    100000   -68.00000000  -4.2711300000e-01
    100000   -66.00000000  -4.5728000000e-01
    100000   -64.00000000  -4.8528900000e-01
    100000   -62.00000000  -5.1101100000e-01
    100000   -60.00000000  -5.3432500000e-01
    100000   -58.00000000  -5.5512500000e-01
    100000   -56.00000000  -5.7331600000e-01
    100000   -54.00000000  -5.8881900000e-01
    100000   -52.00000000  -6.0156700000e-01
    100000   -50.00000000  -6.1150800000e-01
    100000   -48.00000000  -6.1860700000e-01
    100000   -46.00000000  -6.2284300000e-01
    100000   -44.00000000  -6.2421000000e-01
    100000   -42.00000000  -6.2272100000e-01
    100000   -40.00000000  -6.1840400000e-01
    100000   -38.00000000  -6.1130600000e-01
    100000   -36.00000000  -6.0149000000e-01
    100000   -34.00000000  -5.8904200000e-01
    100000   -32.00000000  -5.7406400000e-01
    100000   -30.00000000  -5.5668500000e-01
    100000   -28.00000000  -5.3705600000e-01
    100000   -26.00000000  -5.1535900000e-01
    100000   -24.00000000  -4.9181200000e-01
    100000   -22.00000000  -4.6668100000e-01
    100000   -20.00000000  -4.4029300000e-01
    100000   -18.00000000  -4.1306900000e-01
    100000   -16.00000000  -3.8557200000e-01
    100000   -14.00000000  -3.5860400000e-01
    100000   -12.00000000  -3.3339300000e-01
    100000   -10.00000000  -3.1201300000e-01
    100000    -8.00000000  -2.9843300000e-01
    100000    -6.00000000  -3.0921300000e-01
    100000    -4.00000000  -3.3651000000e-01
    100000    -2.00000000  -5.1925000000e-02
    100000     0.00000000   3.9850000000e-01
    100000     2.00000000   7.3205000000e-01
    100000     4.00000000   1.0952000000e+00
    100000     6.00000000   1.2564970000e+00
    100000     8.00000000   1.3950890000e+00
    100000    10.00000000   1.3329270000e+00
    100000    12.00000000   1.1510550000e+00
    100000    14.00000000   1.0500800000e+00
    100000    16.00000000   9.8122000000e-01
    100000    18.00000000   9.3315400000e-01
    100000    20.00000000   8.9903000000e-01
    100000    22.00000000   8.7443700000e-01
    100000    24.00000000   8.5639100000e-01
    100000    26.00000000   8.4279200000e-01
    100000    28.00000000   8.3211200000e-01
    100000    30.00000000   8.2320800000e-01
    100000    32.00000000   8.1520800000e-01
    100000    34.00000000   8.0743100000e-01
    100000    36.00000000   7.9934200000e-01
    100000    38.00000000   7.9051800000e-01
    100000    40.00000000   7.8061700000e-01
    100000    42.00000000   7.6937000000e-01
    100000    44.00000000   7.5656500000e-01
    100000    46.00000000   7.4203600000e-01
    100000    48.00000000   7.2565900000e-01
    100000    50.00000000   7.0734400000e-01
    100000    52.00000000   6.8703300000e-01
    100000    54.00000000   6.6469800000e-01
    100000    56.00000000   6.4033400000e-01
    100000    58.00000000   6.1396100000e-01
    100000    60.00000000   5.8561700000e-01
    100000    62.00000000   5.5536400000e-01
    100000    64.00000000   5.2327900000e-01
    100000    66.00000000   4.8945600000e-01
    100000    68.00000000   4.5400600000e-01
    100000    70.00000000   4.1705200000e-01
    100000    72.00000000   3.7873200000e-01
    100000    74.00000000   3.3919400000e-01
    100000    76.00000000   2.9859900000e-01
    100000    78.00000000   2.5711600000e-01
    100000    80.00000000   2.1492300000e-01
    100000    82.00000000   1.7220500000e-01
    100000    84.00000000   1.2915400000e-01
    100000    86.00000000   8.5968000000e-02
    100000    88.00000000   4.2849000000e-02
    100000    90.00000000   0.0000000000e+00
    150000   -90.00000000  -0.0000000000e+00
    150000   -88.00000000  -4.2643000000e-02
    150000   -86.00000000  -8.5146000000e-02
    150000   -84.00000000  -1.2730300000e-01
    150000   -82.00000000  -1.6891000000e-01
    150000   -80.00000000  -2.0976400000e-01
    150000   -78.00000000  -2.4967100000e-01
    150000   -76.00000000  -2.8843800000e-01
    150000   -74.00000000  -3.2587900000e-01
    150000   -72.00000000  -3.6181700000e-01
    150000   -70.00000000  -3.9608100000e-01
    150000   -68.00000000  -4.2850900000e-01
    150000   -66.00000000  -4.5894900000e-01
    150000   -64.00000000  -4.8726000000e-01
    150000   -62.00000000  -5.1331200000e-01
    150000   -60.00000000  -5.3698600000e-01
    150000   -58.00000000  -5.5817800000e-01
    150000   -56.00000000  -5.7679400000e-01
    150000   -54.00000000  -5.9275600000e-01
    150000   -52.00000000  -6.0600100000e-01
    150000   -50.00000000  -6.1648100000e-01
    150000   -48.00000000  -6.2416200000e-01
    150000   -46.00000000  -6.2902700000e-01
    150000   -44.00000000  -6.3107800000e-01
    150000   -42.00000000  -6.3033000000e-01
    150000   -40.00000000  -6.2682100000e-01
    150000   -38.00000000  -6.2060500000e-01
    150000   -36.00000000  -6.1175600000e-01
    150000   -34.00000000  -6.0037300000e-01
    150000   -32.00000000  -5.8657700000e-01
    150000   -30.00000000  -5.7051400000e-01
    150000   -28.00000000  -5.5236500000e-01
    150000   -26.00000000  -5.3234800000e-01
    150000   -24.00000000  -5.1072900000e-01
    150000   -22.00000000  -4.8783800000e-01
    150000   -20.00000000  -4.6409500000e-01
    150000   -18.00000000  -4.4005500000e-01
    150000   -16.00000000  -4.1647900000e-01
    150000   -14.00000000  -3.9448300000e-01
    150000   -12.00000000  -3.7581900000e-01
    150000   -10.00000000  -3.6350500000e-01
    150000    -8.00000000  -3.6111700000e-01
    150000    -6.00000000  -3.8890000000e-01
    150000    -4.00000000  -2.9320000000e-01
    150000    -2.00000000   1.3900000000e-01
    150000     0.00000000   5.1610000000e-01
    150000     2.00000000   8.3280000000e-01
    150000     4.00000000   1.1343000000e+00
    150000     6.00000000   1.2876440000e+00
    150000     8.00000000   1.3452000000e+00
    150000    10.00000000   1.1564950000e+00
    150000    12.00000000   1.0170370000e+00
    150000    14.00000000   9.3674400000e-01
    150000    16.00000000   8.8359000000e-01
    150000    18.00000000   8.4790900000e-01
    150000    20.00000000   8.2384100000e-01
    150000    22.00000000   8.0760300000e-01
    150000    24.00000000   7.9663400000e-01
    150000    26.00000000   7.8912400000e-01
    150000    28.00000000   7.8375100000e-01
    150000    30.00000000   7.7952400000e-01
    150000    32.00000000   7.7568300000e-01
    150000    34.00000000   7.7163600000e-01
    150000    36.00000000   7.6691400000e-01
    150000    38.00000000   7.6114400000e-01
    150000    40.00000000   7.5402900000e-01
    150000    42.00000000   7.4533400000e-01
    150000    44.00000000   7.3487200000e-01
    150000    46.00000000   7.2250000000e-01
    150000    48.00000000   7.0811200000e-01
    150000    50.00000000   6.9163600000e-01
    150000    52.00000000   6.7302500000e-01
    150000    54.00000000   6.5226100000e-01
    150000    56.00000000   6.2935000000e-01
    150000    58.00000000   6.0431700000e-01
    150000    60.00000000   5.7721000000e-01
    150000    62.00000000   5.4809400000e-01
    150000    64.00000000   5.1705200000e-01
    150000    66.00000000   4.8418200000e-01
    150000    68.00000000   4.4959800000e-01
    150000    70.00000000   4.1342700000e-01
    150000    72.00000000   3.7580800000e-01
    150000    74.00000000   3.3689200000e-01
    150000    76.00000000   2.9684300000e-01
    150000    78.00000000   2.5582900000e-01
    150000    80.00000000   2.1403100000e-01
    150000    82.00000000   1.7163500000e-01
    150000    84.00000000   1.2883400000e-01
    150000    86.00000000   8.5826000000e-02
    150000    88.00000000   4.2813000000e-02
    150000    90.00000000   0.0000000000e+00
    200000   -90.00000000  -0.0000000000e+00
    200000   -88.00000000  -4.2642000000e-02
    200000   -86.00000000  -8.5141000000e-02
    200000   -84.00000000  -1.2729000000e-01
    200000   -82.00000000  -1.6888600000e-01
    200000   -80.00000000  -2.0972800000e-01
    200000   -78.00000000  -2.4961800000e-01
    200000   -76.00000000  -2.8836600000e-01
    200000   -74.00000000  -3.2578500000e-01
    200000   -72.00000000  -3.6169800000e-01
    200000   -70.00000000  -3.9593300000e-01
    200000   -68.00000000  -4.2832900000e-01
    200000   -66.00000000  -4.5873400000e-01
    200000   -64.00000000  -4.8700600000e-01
    200000   -62.00000000  -5.1301500000e-01
    200000   -60.00000000  -5.3664300000e-01
    200000   -58.00000000  -5.5778400000e-01
    200000   -56.00000000  -5.7634500000e-01
    200000   -54.00000000  -5.9224800000e-01
    200000   -52.00000000  -6.0542900000e-01
    200000   -50.00000000  -6.1583900000e-01
    200000   -48.00000000  -6.2344500000e-01
    200000   -46.00000000  -6.2822900000e-01
    200000   -44.00000000  -6.3019200000e-01
    200000   -42.00000000  -6.2934800000e-01
    200000   -40.00000000  -6.2573500000e-01
    200000   -38.00000000  -6.1940500000e-01
    200000   -36.00000000  -6.1043200000e-01
    200000   -34.00000000  -5.9891100000e-01
    200000   -32.00000000  -5.8496200000e-01
    200000   -30.00000000  -5.6872900000e-01
    200000   -28.00000000  -5.5039000000e-01
    200000   -26.00000000  -5.3015600000e-01
    200000   -24.00000000  -5.0828800000e-01
    200000   -22.00000000  -4.8510800000e-01
    200000   -20.00000000  -4.6102400000e-01
    200000   -18.00000000  -4.3657200000e-01
    200000   -16.00000000  -4.1249100000e-01
    200000   -14.00000000  -3.8985300000e-01
    200000   -12.00000000  -3.7034500000e-01
    200000   -10.00000000  -3.5686000000e-01
    200000    -8.00000000  -3.5557900000e-01
    200000    -6.00000000  -3.4119100000e-01
    200000    -4.00000000   1.3100000000e-02
    200000    -2.00000000   1.4974000000e-01
    200000     0.00000000   5.9060000000e-01
    200000     2.00000000   8.9660000000e-01
    200000     4.00000000   1.1338000000e+00
    200000     6.00000000   1.2971850000e+00
    200000     8.00000000   1.3360920000e+00
    200000    10.00000000   1.1329360000e+00
    200000    12.00000000   1.0015790000e+00
    200000    14.00000000   9.2367200000e-01
    200000    16.00000000   8.7233000000e-01
    200000    18.00000000   8.3807700000e-01
    200000    20.00000000   8.1516900000e-01
    200000    22.00000000   7.9989500000e-01
    200000    24.00000000   7.8974200000e-01
    200000    26.00000000   7.8293400000e-01
    200000    28.00000000   7.7817300000e-01
    200000    30.00000000   7.7448500000e-01
    200000    32.00000000   7.7112400000e-01
    200000    34.00000000   7.6750700000e-01
    200000    36.00000000   7.6317300000e-01
    200000    38.00000000   7.5775600000e-01
    200000    40.00000000   7.5096300000e-01
    200000    42.00000000   7.4256200000e-01
    200000    44.00000000   7.3237000000e-01
    200000    46.00000000   7.2024700000e-01
    200000    48.00000000   7.0608900000e-01
    200000    50.00000000   6.8982400000e-01
    200000    52.00000000   6.7140900000e-01
    200000    54.00000000   6.5082700000e-01
    200000    56.00000000   6.2808300000e-01
    200000    58.00000000   6.0320500000e-01
    200000    60.00000000   5.7624100000e-01
    200000    62.00000000   5.4725600000e-01
    200000    64.00000000   5.1633400000e-01
    200000    66.00000000   4.8357400000e-01
    200000    68.00000000   4.4909000000e-01
    200000    70.00000000   4.1300900000e-01
    200000    72.00000000   3.7547000000e-01
    200000    74.00000000   3.3662700000e-01
    200000    76.00000000   2.9664000000e-01
    200000    78.00000000   2.5568000000e-01
    200000    80.00000000   2.1392800000e-01
    200000    82.00000000   1.7156900000e-01
    200000    84.00000000   1.2879700000e-01
    200000    86.00000000   8.5810000000e-02
    200000    88.00000000   4.2809000000e-02
    200000    90.00000000   0.0000000000e+00
    250000   -90.00000000  -0.0000000000e+00
    250000   -88.00000000  -4.2642000000e-02
    250000   -86.00000000  -8.5141000000e-02
    250000   -84.00000000  -1.2729000000e-01
    250000   -82.00000000  -1.6888600000e-01
    250000   -80.00000000  -2.0972800000e-01
    250000   -78.00000000  -2.4961900000e-01
    250000   -76.00000000  -2.8836700000e-01
    250000   -74.00000000  -3.2578600000e-01
    250000   -72.00000000  -3.6169900000e-01
    250000   -70.00000000  -3.9593400000e-01
    250000   -68.00000000  -4.2833000000e-01
    250000   -66.00000000  -4.5873600000e-01
    250000   -64.00000000  -4.8700800000e-01
    250000   -62.00000000  -5.1301800000e-01
    250000   -60.00000000  -5.3664600000e-01
    250000   -58.00000000  -5.5778700000e-01
    250000   -56.00000000  -5.7634900000e-01
    250000   -54.00000000  -5.9225300000e-01
    250000   -52.00000000  -6.0543500000e-01
    250000   -50.00000000  -6.1584500000e-01
    250000   -48.00000000  -6.2345200000e-01
    250000   -46.00000000  -6.2823700000e-01
    250000   -44.00000000  -6.3020000000e-01
    250000   -42.00000000  -6.2935800000e-01
    250000   -40.00000000  -6.2574500000e-01
    250000   -38.00000000  -6.1941600000e-01
    250000   -36.00000000  -6.1044400000e-01
    250000   -34.00000000  -5.9892500000e-01
    250000   -32.00000000  -5.8497700000e-01
    250000   -30.00000000  -5.6874600000e-01
    250000   -28.00000000  -5.5040800000e-01
    250000   -26.00000000  -5.3017700000e-01
    250000   -24.00000000  -5.0831100000e-01
    250000   -22.00000000  -4.8513400000e-01
    250000   -20.00000000  -4.6105300000e-01
    250000   -18.00000000  -4.3660500000e-01
    250000   -16.00000000  -4.1252800000e-01
    250000   -14.00000000  -3.8989700000e-01
    250000   -12.00000000  -3.7039600000e-01
    250000   -10.00000000  -3.5692300000e-01
    250000    -8.00000000  -3.5331100000e-01
    250000    -6.00000000  -3.4821100000e-01
    250000    -4.00000000  -1.2949500000e-01
    250000    -2.00000000   2.6230000000e-01
    250000     0.00000000   6.3690000000e-01
    250000     2.00000000   9.3260000000e-01
    250000     4.00000000   1.1280000000e+00
    250000     6.00000000   1.3153170000e+00
    250000     8.00000000   1.3145070000e+00
    250000    10.00000000   1.1025700000e+00
    250000    12.00000000   9.8057300000e-01
    250000    14.00000000   9.0590800000e-01
    250000    16.00000000   8.5702700000e-01
    250000    18.00000000   8.2471600000e-01
    250000    20.00000000   8.0338300000e-01
    250000    22.00000000   7.8942000000e-01
    250000    24.00000000   7.8037600000e-01
    250000    26.00000000   7.7452200000e-01
    250000    28.00000000   7.7059300000e-01
    250000    30.00000000   7.6763800000e-01
    250000    32.00000000   7.6492900000e-01
    250000    34.00000000   7.6189700000e-01
    250000    36.00000000   7.5809000000e-01
    250000    38.00000000   7.5315200000e-01
    250000    40.00000000   7.4679500000e-01
    250000    42.00000000   7.3879400000e-01
    250000    44.00000000   7.2896900000e-01
    250000    46.00000000   7.1718400000e-01
    250000    48.00000000   7.0333900000e-01
    250000    50.00000000   6.8736200000e-01
    250000    52.00000000   6.6921400000e-01
    250000    54.00000000   6.4887700000e-01
    250000    56.00000000   6.2636100000e-01
    250000    58.00000000   6.0169300000e-01
    250000    60.00000000   5.7492300000e-01
    250000    62.00000000   5.4611600000e-01
    250000    64.00000000   5.1535800000e-01
    250000    66.00000000   4.8274700000e-01
    250000    68.00000000   4.4839900000e-01
    250000    70.00000000   4.1244000000e-01
    250000    72.00000000   3.7501200000e-01
    250000    74.00000000   3.3626600000e-01
    250000    76.00000000   2.9636500000e-01
    250000    78.00000000   2.5547900000e-01
    250000    80.00000000   2.1378800000e-01
    250000    82.00000000   1.7148000000e-01
    250000    84.00000000   1.2874700000e-01
    250000    86.00000000   8.5787000000e-02
    250000    88.00000000   4.2803000000e-02
    250000    90.00000000   0.0000000000e+00
     50000   -90.00000000  -0.0000000000e+00
     50000   -88.00000000  -4.2634000000e-02
     50000   -86.00000000  -8.5109000000e-02
     50000   -84.00000000  -1.2722000000e-01
     50000   -82.00000000  -1.6876100000e-01
     50000   -80.00000000  -2.0953100000e-01
     50000   -78.00000000  -2.4933500000e-01
     50000   -76.00000000  -2.8797900000e-01
     50000   -74.00000000  -3.2527800000e-01
     50000   -72.00000000  -3.6105300000e-01
     50000   -70.00000000  -3.9513400000e-01
     50000   -68.00000000  -4.2735700000e-01
     50000   -66.00000000  -4.5757100000e-01
     50000   -64.00000000  -4.8563300000e-01
     50000   -62.00000000  -5.1141200000e-01
     50000   -60.00000000  -5.3478900000e-01
     50000   -58.00000000  -5.5565700000e-01
     50000   -56.00000000  -5.7392300000e-01
     50000   -54.00000000  -5.8950600000e-01
     50000   -52.00000000  -6.0234100000e-01
     50000   -50.00000000  -6.1237600000e-01
     50000   -48.00000000  -6.1957700000e-01
     50000   -46.00000000  -6.2392200000e-01
     50000   -44.00000000  -6.2540900000e-01
     50000   -42.00000000  -6.2404900000e-01
     50000   -40.00000000  -6.1987300000e-01
     50000   -38.00000000  -6.1292900000e-01
     50000   -36.00000000  -6.0328200000e-01
     50000   -34.00000000  -5.9101900000e-01
     50000   -32.00000000  -5.7624800000e-01
     50000   -30.00000000  -5.5909800000e-01
     50000   -28.00000000  -5.3972800000e-01
     50000   -26.00000000  -5.1832400000e-01
     50000   -24.00000000  -4.9511400000e-01
     50000   -22.00000000  -4.7037300000e-01
     50000   -20.00000000  -4.4444700000e-01
     50000   -18.00000000  -4.1777900000e-01
     50000   -16.00000000  -3.9096600000e-01
     50000   -14.00000000  -3.6486600000e-01
     50000   -12.00000000  -3.4079800000e-01
     50000   -10.00000000  -3.2100000000e-01
     50000    -8.00000000  -3.0977100000e-01
     50000    -6.00000000  -3.1932700000e-01
     50000    -4.00000000  -3.7130000000e-01
     50000    -2.00000000  -1.3400100000e-01
     50000     0.00000000   2.4930000000e-01
     50000     2.00000000   4.5860000000e-01
     50000     4.00000000   8.3300000000e-01
     50000     6.00000000   1.2277000000e+00
     50000     8.00000000   1.3046800000e+00
     50000    10.00000000   1.4671000000e+00
     50000    12.00000000   1.2757620000e+00
     50000    14.00000000   1.1634550000e+00
     50000    16.00000000   1.0788820000e+00
     50000    18.00000000   1.0184270000e+00
     50000    20.00000000   9.7424400000e-01
     50000    22.00000000   9.4129200000e-01
     50000    24.00000000   9.1616700000e-01
     50000    26.00000000   8.9647800000e-01
     50000    28.00000000   8.8048900000e-01
     50000    30.00000000   8.6690700000e-01
     50000    32.00000000   8.5474500000e-01
     50000    34.00000000   8.4323800000e-01
     50000    36.00000000   8.3178200000e-01
     50000    38.00000000   8.1990100000e-01
     50000    40.00000000   8.0721300000e-01
     50000    42.00000000   7.9341500000e-01
     50000    44.00000000   7.7826600000e-01
     50000    46.00000000   7.6157900000e-01
     50000    48.00000000   7.4321100000e-01
     50000    50.00000000   7.2305700000e-01
     50000    52.00000000   7.0104600000e-01
     50000    54.00000000   6.7713900000e-01
     50000    56.00000000   6.5132300000e-01
     50000    58.00000000   6.2360700000e-01
     50000    60.00000000   5.9402700000e-01
     50000    62.00000000   5.6263600000e-01
     50000    64.00000000   5.2950800000e-01
     50000    66.00000000   4.9473200000e-01
     50000    68.00000000   4.5841500000e-01
     50000    70.00000000   4.2067900000e-01
     50000    72.00000000   3.8165700000e-01
     50000    74.00000000   3.4149700000e-01
     50000    76.00000000   3.0035600000e-01
     50000    78.00000000   2.5840300000e-01
     50000    80.00000000   2.1581500000e-01
     50000    82.00000000   1.7277400000e-01
     50000    84.00000000   1.2947400000e-01
     50000    86.00000000   8.6110000000e-02
     50000    88.00000000   4.2884000000e-02
     50000    90.00000000   0.0000000000e+00
    100000   -90.00000000  -0.0000000000e+00
    100000   -88.00000000  -4.2632000000e-02
    100000   -86.00000000  -8.5100000000e-02
    100000   -84.00000000  -1.2719900000e-01
    100000   -82.00000000  -1.6872300000e-01
    100000   -80.00000000  -2.0947300000e-01
    100000   -78.00000000  -2.4925000000e-01
    100000   -76.00000000  -2.8786400000e-01
    100000   -74.00000000  -3.2512700000e-01
    100000   -72.00000000  -3.6086200000e-01
    100000   -70.00000000  -3.9489600000e-01
    100000   -68.00000000  -4.2706800000e-01
    100000   -66.00000000  -4.5722600000e-01
    100000   -64.00000000  -4.8522500000e-01
    100000   -62.00000000  -5.1093600000e-01
    100000   -60.00000000  -5.3423900000e-01
    100000   -58.00000000  -5.5502600000e-01
    100000   -56.00000000  -5.7320400000e-01
    100000   -54.00000000  -5.8869200000e-01
    100000   -52.00000000  -6.0142300000e-01
    100000   -50.00000000  -6.1134800000e-01
    100000   -48.00000000  -6.1842800000e-01
    100000   -46.00000000  -6.2264300000e-01
    100000   -44.00000000  -6.2398800000e-01
    100000   -42.00000000  -6.2247500000e-01
    100000   -40.00000000  -6.1813200000e-01
    100000   -38.00000000  -6.1100500000e-01
    100000   -36.00000000  -6.0115800000e-01
    100000   -34.00000000  -5.8867500000e-01
    100000   -32.00000000  -5.7366000000e-01
    100000   -30.00000000  -5.5623800000e-01
    100000   -28.00000000  -5.3656100000e-01
    100000   -26.00000000  -5.1480900000e-01
    100000   -24.00000000  -4.9120000000e-01
    100000   -22.00000000  -4.6599700000e-01
    100000   -20.00000000  -4.3952300000e-01
    100000   -18.00000000  -4.1219600000e-01
    100000   -16.00000000  -3.8457300000e-01
    100000   -14.00000000  -3.5744400000e-01
    100000   -12.00000000  -3.3202100000e-01
    100000   -10.00000000  -3.1034800000e-01
    100000    -8.00000000  -2.9633300000e-01
    100000    -6.00000000  -3.0627200000e-01
    100000    -4.00000000  -3.3206200000e-01
    100000    -2.00000000  -5.2779000000e-02
    100000     0.00000000   4.1740000000e-01
    100000     2.00000000   7.3260000000e-01
    100000     4.00000000   1.0862000000e+00
    100000     6.00000000   1.2491000000e+00
    100000     8.00000000   1.3999480000e+00
    100000    10.00000000   1.4209920000e+00
    100000    12.00000000   1.2260680000e+00
    100000    14.00000000   1.1124250000e+00
    100000    16.00000000   1.0349240000e+00
    100000    18.00000000   9.8004600000e-01
    100000    20.00000000   9.4039000000e-01
    100000    22.00000000   9.1120100000e-01
    100000    24.00000000   8.8926200000e-01
    100000    26.00000000   8.7231400000e-01
    100000    28.00000000   8.5871400000e-01
    100000    30.00000000   8.4723800000e-01
    100000    32.00000000   8.3694900000e-01
    100000    34.00000000   8.2712100000e-01
    100000    36.00000000   8.1718100000e-01
    100000    38.00000000   8.0667600000e-01
    100000    40.00000000   7.9524200000e-01
    100000    42.00000000   7.8259300000e-01
    100000    44.00000000   7.6849900000e-01
    100000    46.00000000   7.5278300000e-01
    100000    48.00000000   7.3531100000e-01
    100000    50.00000000   7.1598400000e-01
    100000    52.00000000   6.9473900000e-01
    100000    54.00000000   6.7154000000e-01
    100000    56.00000000   6.4637700000e-01
    100000    58.00000000   6.1926500000e-01
    100000    60.00000000   5.9024200000e-01
    100000    62.00000000   5.5936300000e-01
    100000    64.00000000   5.2670400000e-01
    100000    66.00000000   4.9235700000e-01
    100000    68.00000000   4.5643000000e-01
    100000    70.00000000   4.1904600000e-01
    100000    72.00000000   3.8034000000e-01
    100000    74.00000000   3.4046000000e-01
    100000    76.00000000   2.9956500000e-01
    100000    78.00000000   2.5782400000e-01
    100000    80.00000000   2.1541300000e-01
    100000    82.00000000   1.7251800000e-01
    100000    84.00000000   1.2933000000e-01
    100000    86.00000000   8.6046000000e-02
    100000    88.00000000   4.2868000000e-02
    100000    90.00000000   0.0000000000e+00
    150000   -90.00000000  -0.0000000000e+00
    150000   -88.00000000  -4.2637000000e-02
    150000   -86.00000000  -8.5122000000e-02
    150000   -84.00000000  -1.2724900000e-01
    150000   -82.00000000  -1.6881200000e-01
    150000   -80.00000000  -2.0961200000e-01
    150000   -78.00000000  -2.4945200000e-01
    150000   -76.00000000  -2.8813800000e-01
    150000   -74.00000000  -3.2548700000e-01
    150000   -72.00000000  -3.6131900000e-01
    150000   -70.00000000  -3.9546300000e-01
    150000   -68.00000000  -4.2775700000e-01
    150000   -66.00000000  -4.5805000000e-01
    150000   -64.00000000  -4.8619900000e-01
    150000   -62.00000000  -5.1207300000e-01
    150000   -60.00000000  -5.3555300000e-01
    150000   -58.00000000  -5.5653300000e-01
    150000   -56.00000000  -5.7492100000e-01
    150000   -54.00000000  -5.9063600000e-01
    150000   -52.00000000  -6.0361300000e-01
    150000   -50.00000000  -6.1380300000e-01
    150000   -48.00000000  -6.2117100000e-01
    150000   -46.00000000  -6.2569700000e-01
    150000   -44.00000000  -6.2737900000e-01
    150000   -42.00000000  -6.2623300000e-01
    150000   -40.00000000  -6.2228800000e-01
    150000   -38.00000000  -6.1559700000e-01
    150000   -36.00000000  -6.0622800000e-01
    150000   -34.00000000  -5.9427100000e-01
    150000   -32.00000000  -5.7983800000e-01
    150000   -30.00000000  -5.6306700000e-01
    150000   -28.00000000  -5.4412100000e-01
    150000   -26.00000000  -5.2319900000e-01
    150000   -24.00000000  -5.0054200000e-01
    150000   -22.00000000  -4.7644400000e-01
    150000   -20.00000000  -4.5127700000e-01
    150000   -18.00000000  -4.2552200000e-01
    150000   -16.00000000  -3.9983500000e-01
    150000   -14.00000000  -3.7516200000e-01
    150000   -12.00000000  -3.5297200000e-01
    150000   -10.00000000  -3.3577500000e-01
    150000    -8.00000000  -3.2841100000e-01
    150000    -6.00000000  -3.4794800000e-01
    150000    -4.00000000  -3.2308500000e-01
    150000    -2.00000000   8.8886000000e-02
    150000     0.00000000   5.1330000000e-01
    150000     2.00000000   8.6660000000e-01
    150000     4.00000000   1.1310000000e+00
    150000     6.00000000   1.2848040000e+00
    150000     8.00000000   1.3424000000e+00
    150000    10.00000000   1.1545440000e+00
    150000    12.00000000   1.0152080000e+00
    150000    14.00000000   9.3519800000e-01
    150000    16.00000000   8.8225800000e-01
    150000    18.00000000   8.4674600000e-01
    150000    20.00000000   8.2281500000e-01
    150000    22.00000000   8.0669200000e-01
    150000    24.00000000   7.9581900000e-01
    150000    26.00000000   7.8839200000e-01
    150000    28.00000000   7.8309100000e-01
    150000    30.00000000   7.7892800000e-01
    150000    32.00000000   7.7514400000e-01
    150000    34.00000000   7.7114700000e-01
    150000    36.00000000   7.6647100000e-01
    150000    38.00000000   7.6074300000e-01
    150000    40.00000000   7.5366700000e-01
    150000    42.00000000   7.4500600000e-01
    150000    44.00000000   7.3457600000e-01
    150000    46.00000000   7.2223300000e-01
    150000    48.00000000   7.0787300000e-01
    150000    50.00000000   6.9142100000e-01
    150000    52.00000000   6.7283400000e-01
    150000    54.00000000   6.5209200000e-01
    150000    56.00000000   6.2920000000e-01
    150000    58.00000000   6.0418600000e-01
    150000    60.00000000   5.7709500000e-01
    150000    62.00000000   5.4799500000e-01
    150000    64.00000000   5.1696700000e-01
    150000    66.00000000   4.8411000000e-01
    150000    68.00000000   4.4953800000e-01
    150000    70.00000000   4.1337700000e-01
    150000    72.00000000   3.7576800000e-01
    150000    74.00000000   3.3686100000e-01
    150000    76.00000000   2.9681900000e-01
    150000    78.00000000   2.5581100000e-01
    150000    80.00000000   2.1401900000e-01
    150000    82.00000000   1.7162700000e-01
    150000    84.00000000   1.2883000000e-01
    150000    86.00000000   8.5824000000e-02
    150000    88.00000000   4.2813000000e-02
    150000    90.00000000   0.0000000000e+00
    200000   -90.00000000  -0.0000000000e+00
    200000   -88.00000000  -4.2642000000e-02
    200000   -86.00000000  -8.5140000000e-02
    200000   -84.00000000  -1.2728900000e-01
    200000   -82.00000000  -1.6888400000e-01
    200000   -80.00000000  -2.0972400000e-01
    200000   -78.00000000  -2.4961200000e-01
    200000   -76.00000000  -2.8835800000e-01
    200000   -74.00000000  -3.2577500000e-01
    200000   -72.00000000  -3.6168400000e-01
    200000   -70.00000000  -3.9591600000e-01
    200000   -68.00000000  -4.2830800000e-01
    200000   -66.00000000  -4.5870900000e-01
    200000   -64.00000000  -4.8697700000e-01
    200000   -62.00000000  -5.1298100000e-01
    200000   -60.00000000  -5.3660400000e-01
    200000   -58.00000000  -5.5773900000e-01
    200000   -56.00000000  -5.7629300000e-01
    200000   -54.00000000  -5.9219000000e-01
    200000   -52.00000000  -6.0536400000e-01
    200000   -50.00000000  -6.1576600000e-01
    200000   -48.00000000  -6.2336300000e-01
    200000   -46.00000000  -6.2813800000e-01
    200000   -44.00000000  -6.3009000000e-01
    200000   -42.00000000  -6.2923600000e-01
    200000   -40.00000000  -6.2561100000e-01
    200000   -38.00000000  -6.1926700000e-01
    200000   -36.00000000  -6.1028000000e-01
    200000   -34.00000000  -5.9874400000e-01
    200000   -32.00000000  -5.8477700000e-01
    200000   -30.00000000  -5.6852500000e-01
    200000   -28.00000000  -5.5016400000e-01
    200000   -26.00000000  -5.2990500000e-01
    200000   -24.00000000  -5.0800900000e-01
    200000   -22.00000000  -4.8479600000e-01
    200000   -20.00000000  -4.6067300000e-01
    200000   -18.00000000  -4.3617400000e-01
    200000   -16.00000000  -4.1203500000e-01
    200000   -14.00000000  -3.8932400000e-01
    200000   -12.00000000  -3.6971900000e-01
    200000   -10.00000000  -3.5610000000e-01
    200000    -8.00000000  -3.5549100000e-01
    200000    -6.00000000  -3.4596900000e-01
    200000    -4.00000000  -1.0826700000e-01
    200000    -2.00000000   2.1678000000e-01
    200000     0.00000000   5.7730000000e-01
    200000     2.00000000   8.9340000000e-01
    200000     4.00000000   1.1328000000e+00
    200000     6.00000000   1.2931160000e+00
    200000     8.00000000   1.3296110000e+00
    200000    10.00000000   1.1278070000e+00
    200000    12.00000000   9.9740800000e-01
    200000    14.00000000   9.2014500000e-01
    200000    16.00000000   8.6929100000e-01
    200000    18.00000000   8.3542400000e-01
    200000    20.00000000   8.1282800000e-01
    200000    22.00000000   7.9781500000e-01
    200000    24.00000000   7.8788200000e-01
    200000    26.00000000   7.8126300000e-01
    200000    28.00000000   7.7666700000e-01
    200000    30.00000000   7.7312500000e-01
    200000    32.00000000   7.6989400000e-01
    200000    34.00000000   7.6639300000e-01
    200000    36.00000000   7.6216400000e-01
    200000    38.00000000   7.5684200000e-01
    200000    40.00000000   7.5013500000e-01
    200000    42.00000000   7.4181300000e-01
    200000    44.00000000   7.3169400000e-01
    200000    46.00000000   7.1963900000e-01
    200000    48.00000000   7.0554300000e-01
    200000    50.00000000   6.8933500000e-01
    200000    52.00000000   6.7097300000e-01
    200000    54.00000000   6.5044000000e-01
    200000    56.00000000   6.2774100000e-01
    200000    58.00000000   6.0290500000e-01
    200000    60.00000000   5.7597900000e-01
    200000    62.00000000   5.4703000000e-01
    200000    64.00000000   5.1614000000e-01
    200000    66.00000000   4.8341000000e-01
    200000    68.00000000   4.4895200000e-01
    200000    70.00000000   4.1289600000e-01
    200000    72.00000000   3.7537900000e-01
    200000    74.00000000   3.3655500000e-01
    200000    76.00000000   2.9658500000e-01
    200000    78.00000000   2.5564000000e-01
    200000    80.00000000   2.1390000000e-01
    200000    82.00000000   1.7155200000e-01
    200000    84.00000000   1.2878700000e-01
    200000    86.00000000   8.5805000000e-02
    200000    88.00000000   4.2808000000e-02
    200000    90.00000000   0.0000000000e+00
    250000   -90.00000000  -0.0000000000e+00
    250000   -88.00000000  -4.2641000000e-02
    250000   -86.00000000  -8.5137000000e-02
    250000   -84.00000000  -1.2728100000e-01
    250000   -82.00000000  -1.6887000000e-01
    250000   -80.00000000  -2.0970200000e-01
    250000   -78.00000000  -2.4958100000e-01
    250000   -76.00000000  -2.8831500000e-01
    250000   -74.00000000  -3.2571900000e-01
    250000   -72.00000000  -3.6161300000e-01
    250000   -70.00000000  -3.9582800000e-01
    250000   -68.00000000  -4.2820200000e-01
    250000   -66.00000000  -4.5858200000e-01
    250000   -64.00000000  -4.8682600000e-01
    250000   -62.00000000  -5.1280500000e-01
    250000   -60.00000000  -5.3640000000e-01
    250000   -58.00000000  -5.5750500000e-01
    250000   -56.00000000  -5.7602800000e-01
    250000   -54.00000000  -5.9188900000e-01
    250000   -52.00000000  -6.0502500000e-01
    250000   -50.00000000  -6.1538600000e-01
    250000   -48.00000000  -6.2293900000e-01
    250000   -46.00000000  -6.2766600000e-01
    250000   -44.00000000  -6.2956600000e-01
    250000   -42.00000000  -6.2865500000e-01
    250000   -40.00000000  -6.2496800000e-01
    250000   -38.00000000  -6.1855700000e-01
    250000   -36.00000000  -6.0949600000e-01
    250000   -34.00000000  -5.9787900000e-01
    250000   -32.00000000  -5.8382200000e-01
    250000   -30.00000000  -5.6746900000e-01
    250000   -28.00000000  -5.4899500000e-01
    250000   -26.00000000  -5.2860800000e-01
    250000   -24.00000000  -5.0656500000e-01
    250000   -22.00000000  -4.8318000000e-01
    250000   -20.00000000  -4.5885500000e-01
    250000   -18.00000000  -4.3411400000e-01
    250000   -16.00000000  -4.0967500000e-01
    250000   -14.00000000  -3.8658500000e-01
    250000   -12.00000000  -3.6647900000e-01
    250000   -10.00000000  -3.5216900000e-01
    250000    -8.00000000  -3.5041000000e-01
    250000    -6.00000000  -3.4529400000e-01
    250000    -4.00000000  -9.5210000000e-02
    250000    -2.00000000   2.8594300000e-01
    250000     0.00000000   6.6000000000e-01
    250000     2.00000000   9.2590000000e-01
    250000     4.00000000   1.1260000000e+00
    250000     6.00000000   1.3091570000e+00
    250000     8.00000000   1.3103800000e+00
    250000    10.00000000   1.0993590000e+00
    250000    12.00000000   9.7794500000e-01
    250000    14.00000000   9.0368600000e-01
    250000    16.00000000   8.5511300000e-01
    250000    18.00000000   8.2304500000e-01
    250000    20.00000000   8.0190900000e-01
    250000    22.00000000   7.8810900000e-01
    250000    24.00000000   7.7920400000e-01
    250000    26.00000000   7.7347000000e-01
    250000    28.00000000   7.6964400000e-01
    250000    30.00000000   7.6678200000e-01
    250000    32.00000000   7.6415400000e-01
    250000    34.00000000   7.6119500000e-01
    250000    36.00000000   7.5745500000e-01
    250000    38.00000000   7.5257600000e-01
    250000    40.00000000   7.4627400000e-01
    250000    42.00000000   7.3832300000e-01
    250000    44.00000000   7.2854400000e-01
    250000    46.00000000   7.1680100000e-01
    250000    48.00000000   7.0299500000e-01
    250000    50.00000000   6.8705400000e-01
    250000    52.00000000   6.6893900000e-01
    250000    54.00000000   6.4863400000e-01
    250000    56.00000000   6.2614600000e-01
    250000    58.00000000   6.0150400000e-01
    250000    60.00000000   5.7475800000e-01
    250000    62.00000000   5.4597400000e-01
    250000    64.00000000   5.1523600000e-01
    250000    66.00000000   4.8264400000e-01
    250000    68.00000000   4.4831200000e-01
    250000    70.00000000   4.1236900000e-01
    250000    72.00000000   3.7495500000e-01
    250000    74.00000000   3.3622100000e-01
    250000    76.00000000   2.9633000000e-01
    250000    78.00000000   2.5545300000e-01
    250000    80.00000000   2.1377100000e-01
    250000    82.00000000   1.7146900000e-01
    250000    84.00000000   1.2874100000e-01
    250000    86.00000000   8.5785000000e-02
    250000    88.00000000   4.2803000000e-02
    250000    90.00000000   0.0000000000e+00
     50000   -90.00000000  -0.0000000000e+00
     50000   -88.00000000  -4.2634000000e-02
     50000   -86.00000000  -8.5109000000e-02
     50000   -84.00000000  -1.2722000000e-01
     50000   -82.00000000  -1.6876100000e-01
     50000   -80.00000000  -2.0953100000e-01
     50000   -78.00000000  -2.4933400000e-01
     50000   -76.00000000  -2.8797800000e-01
     50000   -74.00000000  -3.2527700000e-01
     50000   -72.00000000  -3.6105200000e-01
     50000   -70.00000000  -3.9513300000e-01
     50000   -68.00000000  -4.2735600000e-01
     50000   -66.00000000  -4.5757000000e-01
     50000   -64.00000000  -4.8563200000e-01
     50000   -62.00000000  -5.1141100000e-01
     50000   -60.00000000  -5.3478700000e-01
     50000   -58.00000000  -5.5565500000e-01
     50000   -56.00000000  -5.7392000000e-01
     50000   -54.00000000  -5.8950300000e-01
     50000   -52.00000000  -6.0233700000e-01
     50000   -50.00000000  -6.1237200000e-01
     50000   -48.00000000  -6.1957300000e-01
     50000   -46.00000000  -6.2391800000e-01
     50000   -44.00000000  -6.2540400000e-01
     50000   -42.00000000  -6.2404300000e-01
     50000   -40.00000000  -6.1986700000e-01
     50000   -38.00000000  -6.1292200000e-01
     50000   -36.00000000  -6.0327400000e-01
     50000   -34.00000000  -5.9101100000e-01
     50000   -32.00000000  -5.7623900000e-01
     50000   -30.00000000  -5.5908800000e-01
     50000   -28.00000000  -5.3971600000e-01
     50000   -26.00000000  -5.1831100000e-01
     50000   -24.00000000  -4.9509900000e-01
     50000   -22.00000000  -4.7035700000e-01
     50000   -20.00000000  -4.4442900000e-01
     50000   -18.00000000  -4.1775800000e-01
     50000   -16.00000000  -3.9094300000e-01
     50000   -14.00000000  -3.6483900000e-01
     50000   -12.00000000  -3.4076600000e-01
     50000   -10.00000000  -3.2096100000e-01
     50000    -8.00000000  -3.0972200000e-01
     50000    -6.00000000  -3.2183200000e-01
     50000    -4.00000000  -3.4617500000e-01
     50000    -2.00000000  -6.2804000000e-02
     50000     0.00000000   3.7110000000e-01
     50000     2.00000000   5.6490000000e-01
     50000     4.00000000   9.3640000000e-01
     50000     6.00000000   1.2711650000e+00
     50000     8.00000000   1.2920120000e+00
     50000    10.00000000   1.1351330000e+00
     50000    12.00000000   1.0081570000e+00
     50000    14.00000000   9.2923500000e-01
     50000    16.00000000   8.7712200000e-01
     50000    18.00000000   8.4226100000e-01
     50000    20.00000000   8.1885900000e-01
     50000    22.00000000   8.0317500000e-01
     50000    24.00000000   7.9267500000e-01
     50000    26.00000000   7.8556800000e-01
     50000    28.00000000   7.8054600000e-01
     50000    30.00000000   7.7662900000e-01
     50000    32.00000000   7.7306400000e-01
     50000    34.00000000   7.6926400000e-01
     50000    36.00000000   7.6476500000e-01
     50000    38.00000000   7.5919800000e-01
     50000    40.00000000   7.5226800000e-01
     50000    42.00000000   7.4374100000e-01
     50000    44.00000000   7.3343400000e-01
     50000    46.00000000   7.2120600000e-01
     50000    48.00000000   7.0695000000e-01
     50000    50.00000000   6.9059500000e-01
     50000    52.00000000   6.7209700000e-01
     50000    54.00000000   6.5143700000e-01
     50000    56.00000000   6.2862200000e-01
     50000    58.00000000   6.0367800000e-01
     50000    60.00000000   5.7665300000e-01
     50000    62.00000000   5.4761300000e-01
     50000    64.00000000   5.1664000000e-01
     50000    66.00000000   4.8383300000e-01
     50000    68.00000000   4.4930600000e-01
     50000    70.00000000   4.1318600000e-01
     50000    72.00000000   3.7561400000e-01
     50000    74.00000000   3.3674000000e-01
     50000    76.00000000   2.9672600000e-01
     50000    78.00000000   2.5574400000e-01
     50000    80.00000000   2.1397200000e-01
     50000    82.00000000   1.7159700000e-01
     50000    84.00000000   1.2881300000e-01
     50000    86.00000000   8.5817000000e-02
     50000    88.00000000   4.2811000000e-02
     50000    90.00000000   0.0000000000e+00
    100000   -90.00000000  -0.0000000000e+00
    100000   -88.00000000  -4.2635000000e-02
    100000   -86.00000000  -8.5112000000e-02
    100000   -84.00000000  -1.2722500000e-01
    100000   -82.00000000  -1.6877000000e-01
    100000   -80.00000000  -2.0954600000e-01
    100000   -78.00000000  -2.4935500000e-01
    100000   -76.00000000  -2.8800700000e-01
    100000   -74.00000000  -3.2531500000e-01
    100000   -72.00000000  -3.6110000000e-01
    100000   -70.00000000  -3.9519200000e-01
    100000   -68.00000000  -4.2742800000e-01
    100000   -66.00000000  -4.5765500000e-01
    100000   -64.00000000  -4.8573300000e-01
    100000   -62.00000000  -5.1152900000e-01
    100000   -60.00000000  -5.3492400000e-01
    100000   -58.00000000  -5.5581200000e-01
    100000   -56.00000000  -5.7409900000e-01
    100000   -54.00000000  -5.8970500000e-01
    100000   -52.00000000  -6.0256500000e-01
    100000   -50.00000000  -6.1262800000e-01
    100000   -48.00000000  -6.1985800000e-01
    100000   -46.00000000  -6.2423600000e-01
    100000   -44.00000000  -6.2575700000e-01
    100000   -42.00000000  -6.2443500000e-01
    100000   -40.00000000  -6.2030000000e-01
    100000   -38.00000000  -6.1340000000e-01
    100000   -36.00000000  -6.0380200000e-01
    100000   -34.00000000  -5.9159300000e-01
    100000   -32.00000000  -5.7688200000e-01
    100000   -30.00000000  -5.5979900000e-01
    100000   -28.00000000  -5.4050300000e-01
    100000   -26.00000000  -5.1918400000e-01
    100000   -24.00000000  -4.9607200000e-01
    100000   -22.00000000  -4.7144500000e-01
    100000   -20.00000000  -4.4565300000e-01
    100000   -18.00000000  -4.1914500000e-01
    100000   -16.00000000  -3.9253200000e-01
    100000   -14.00000000  -3.6668400000e-01
    100000   -12.00000000  -3.4294700000e-01
    100000   -10.00000000  -3.2360800000e-01
    100000    -8.00000000  -3.1306100000e-01
    100000    -6.00000000  -3.3168800000e-01
    100000    -4.00000000  -2.4960900000e-01
    100000    -2.00000000  -3.5560000000e-03
    100000     0.00000000   4.7600000000e-01
    100000     2.00000000   8.1840000000e-01
    100000     4.00000000   1.1109000000e+00
    100000     6.00000000   1.2861320000e+00
    100000     8.00000000   1.3556980000e+00
    100000    10.00000000   1.1868450000e+00
    100000    12.00000000   1.0378220000e+00
    100000    14.00000000   9.5432200000e-01
    100000    16.00000000   8.9873200000e-01
    100000    18.00000000   8.6113000000e-01
    100000    20.00000000   8.3550200000e-01
    100000    22.00000000   8.1796900000e-01
    100000    24.00000000   8.0590200000e-01
    100000    26.00000000   7.9744700000e-01
    100000    28.00000000   7.9125100000e-01
    100000    30.00000000   7.8629900000e-01
    100000    32.00000000   7.8181300000e-01
    100000    34.00000000   7.7718700000e-01
    100000    36.00000000   7.7194300000e-01
    100000    38.00000000   7.6570000000e-01
    100000    40.00000000   7.5815300000e-01
    100000    42.00000000   7.4906200000e-01
    100000    44.00000000   7.3823600000e-01
    100000    46.00000000   7.2553000000e-01
    100000    48.00000000   7.1083400000e-01
    100000    50.00000000   6.9407200000e-01
    100000    52.00000000   6.7519800000e-01
    100000    54.00000000   6.5419000000e-01
    100000    56.00000000   6.3105300000e-01
    100000    58.00000000   6.0581300000e-01
    100000    60.00000000   5.7851400000e-01
    100000    62.00000000   5.4922200000e-01
    100000    64.00000000   5.1801800000e-01
    100000    66.00000000   4.8500000000e-01
    100000    68.00000000   4.5028200000e-01
    100000    70.00000000   4.1398900000e-01
    100000    72.00000000   3.7626100000e-01
    100000    74.00000000   3.3724900000e-01
    100000    76.00000000   2.9711500000e-01
    100000    78.00000000   2.5602800000e-01
    100000    80.00000000   2.1416900000e-01
    100000    82.00000000   1.7172300000e-01
    100000    84.00000000   1.2888400000e-01
    100000    86.00000000   8.5848000000e-02
    100000    88.00000000   4.2819000000e-02
    100000    90.00000000   0.0000000000e+00
    150000   -90.00000000  -0.0000000000e+00
    150000   -88.00000000  -4.2635000000e-02
    150000   -86.00000000  -8.5115000000e-02
    150000   -84.00000000  -1.2723200000e-01
    150000   -82.00000000  -1.6878300000e-01
    150000   -80.00000000  -2.0956600000e-01
    150000   -78.00000000  -2.4938400000e-01
    150000   -76.00000000  -2.8804700000e-01
    150000   -74.00000000  -3.2536700000e-01
    150000   -72.00000000  -3.6116600000e-01
    150000   -70.00000000  -3.9527400000e-01
    150000   -68.00000000  -4.2752700000e-01
    150000   -66.00000000  -4.5777500000e-01
    150000   -64.00000000  -4.8587400000e-01
    150000   -62.00000000  -5.1169300000e-01
    150000   -60.00000000  -5.3511400000e-01
    150000   -58.00000000  -5.5603000000e-01
    150000   -56.00000000  -5.7434800000e-01
    150000   -54.00000000  -5.8998700000e-01
    150000   -52.00000000  -6.0288200000e-01
    150000   -50.00000000  -6.1298300000e-01
    150000   -48.00000000  -6.2025500000e-01
    150000   -46.00000000  -6.2467700000e-01
    150000   -44.00000000  -6.2624700000e-01
    150000   -42.00000000  -6.2497800000e-01
    150000   -40.00000000  -6.2090100000e-01
    150000   -38.00000000  -6.1406400000e-01
    150000   -36.00000000  -6.0453600000e-01
    150000   -34.00000000  -5.9240300000e-01
    150000   -32.00000000  -5.7777600000e-01
    150000   -30.00000000  -5.6078700000e-01
    150000   -28.00000000  -5.4159700000e-01
    150000   -26.00000000  -5.2039900000e-01
    150000   -24.00000000  -4.9742400000e-01
    150000   -22.00000000  -4.7295700000e-01
    150000   -20.00000000  -4.4735400000e-01
    150000   -18.00000000  -4.2107400000e-01
    150000   -16.00000000  -3.9474100000e-01
    150000   -14.00000000  -3.6924800000e-01
    150000   -12.00000000  -3.4597900000e-01
    150000   -10.00000000  -3.2728800000e-01
    150000    -8.00000000  -3.1793900000e-01
    150000    -6.00000000  -3.3633700000e-01
    150000    -4.00000000  -2.6266900000e-01
    150000    -2.00000000   1.7800000000e-01
    150000     0.00000000   5.8440000000e-01
    150000     2.00000000   8.9640000000e-01
    150000     4.00000000   1.1495000000e+00
    150000     6.00000000   1.2968190000e+00
    150000     8.00000000   1.3580000000e+00
    150000    10.00000000   1.1671490000e+00
    150000    12.00000000   1.0253960000e+00
    150000    14.00000000   9.4381400000e-01
    150000    16.00000000   8.8968000000e-01
    150000    18.00000000   8.5322700000e-01
    150000    20.00000000   8.2853100000e-01
    150000    22.00000000   8.1177200000e-01
    150000    24.00000000   8.0036200000e-01
    150000    26.00000000   7.9247100000e-01
    150000    28.00000000   7.8676700000e-01
    150000    30.00000000   7.8224900000e-01
    150000    32.00000000   7.7814800000e-01
    150000    34.00000000   7.7386900000e-01
    150000    36.00000000   7.6893600000e-01
    150000    38.00000000   7.6297600000e-01
    150000    40.00000000   7.5568800000e-01
    150000    42.00000000   7.4683300000e-01
    150000    44.00000000   7.3622500000e-01
    150000    46.00000000   7.2371900000e-01
    150000    48.00000000   7.0920700000e-01
    150000    50.00000000   6.9261600000e-01
    150000    52.00000000   6.7389900000e-01
    150000    54.00000000   6.5303700000e-01
    150000    56.00000000   6.3003500000e-01
    150000    58.00000000   6.0491900000e-01
    150000    60.00000000   5.7773500000e-01
    150000    62.00000000   5.4854800000e-01
    150000    64.00000000   5.1744100000e-01
    150000    66.00000000   4.8451100000e-01
    150000    68.00000000   4.4987300000e-01
    150000    70.00000000   4.1365300000e-01
    150000    72.00000000   3.7599000000e-01
    150000    74.00000000   3.3703600000e-01
    150000    76.00000000   2.9695200000e-01
    150000    78.00000000   2.5590900000e-01
    150000    80.00000000   2.1408600000e-01
    150000    82.00000000   1.7167000000e-01
    150000    84.00000000   1.2885400000e-01
    150000    86.00000000   8.5835000000e-02
    150000    88.00000000   4.2815000000e-02
    150000    90.00000000   0.0000000000e+00
    200000   -90.00000000  -0.0000000000e+00
    200000   -88.00000000  -4.2641000000e-02
    200000   -86.00000000  -8.5136000000e-02
    200000   -84.00000000  -1.2728000000e-01
    200000   -82.00000000  -1.6886900000e-01
    200000   -80.00000000  -2.0970100000e-01
    200000   -78.00000000  -2.4957900000e-01
    200000   -76.00000000  -2.8831200000e-01
    200000   -74.00000000  -3.2571500000e-01
    200000   -72.00000000  -3.6160800000e-01
    200000   -70.00000000  -3.9582200000e-01
    200000   -68.00000000  -4.2819400000e-01
    200000   -66.00000000  -4.5857200000e-01
    200000   -64.00000000  -4.8681500000e-01
    200000   -62.00000000  -5.1279200000e-01
    200000   -60.00000000  -5.3638500000e-01
    200000   -58.00000000  -5.5748800000e-01
    200000   -56.00000000  -5.7600800000e-01
    200000   -54.00000000  -5.9186700000e-01
    200000   -52.00000000  -6.0500000000e-01
    200000   -50.00000000  -6.1535800000e-01
    200000   -48.00000000  -6.2290800000e-01
    200000   -46.00000000  -6.2763100000e-01
    200000   -44.00000000  -6.2952700000e-01
    200000   -42.00000000  -6.2861200000e-01
    200000   -40.00000000  -6.2492000000e-01
    200000   -38.00000000  -6.1850500000e-01
    200000   -36.00000000  -6.0943800000e-01
    200000   -34.00000000  -5.9781400000e-01
    200000   -32.00000000  -5.8375100000e-01
    200000   -30.00000000  -5.6739100000e-01
    200000   -28.00000000  -5.4890800000e-01
    200000   -26.00000000  -5.2851200000e-01
    200000   -24.00000000  -5.0645700000e-01
    200000   -22.00000000  -4.8306000000e-01
    200000   -20.00000000  -4.5872000000e-01
    200000   -18.00000000  -4.3396100000e-01
    200000   -16.00000000  -4.0950000000e-01
    200000   -14.00000000  -3.8638100000e-01
    200000   -12.00000000  -3.6623900000e-01
    200000   -10.00000000  -3.5187700000e-01
    200000    -8.00000000  -3.5031400000e-01
    200000    -6.00000000  -3.6920000000e-01
    200000    -4.00000000   7.2280000000e-03
    200000    -2.00000000   1.7518000000e-01
    200000     0.00000000   6.5190000000e-01
    200000     2.00000000   9.3300000000e-01
    200000     4.00000000   1.1499000000e+00
    200000     6.00000000   1.3163870000e+00
    200000     8.00000000   1.3135480000e+00
    200000    10.00000000   1.1018230000e+00
    200000    12.00000000   9.7996200000e-01
    200000    14.00000000   9.0539100000e-01
    200000    16.00000000   8.5658200000e-01
    200000    18.00000000   8.2432700000e-01
    200000    20.00000000   8.0304000000e-01
    200000    22.00000000   7.8911500000e-01
    200000    24.00000000   7.8010400000e-01
    200000    26.00000000   7.7427700000e-01
    200000    28.00000000   7.7037200000e-01
    200000    30.00000000   7.6743900000e-01
    200000    32.00000000   7.6474900000e-01
    200000    34.00000000   7.6173300000e-01
    200000    36.00000000   7.5794200000e-01
    200000    38.00000000   7.5301800000e-01
    200000    40.00000000   7.4667400000e-01
    200000    42.00000000   7.3868400000e-01
    200000    44.00000000   7.2887000000e-01
    200000    46.00000000   7.1709500000e-01
    200000    48.00000000   7.0325900000e-01
    200000    50.00000000   6.8729000000e-01
    200000    52.00000000   6.6915000000e-01
    200000    54.00000000   6.4882100000e-01
    200000    56.00000000   6.2631100000e-01
    200000    58.00000000   6.0164900000e-01
    200000    60.00000000   5.7488400000e-01
    200000    62.00000000   5.4608300000e-01
    200000    64.00000000   5.1533000000e-01
    200000    66.00000000   4.8272300000e-01
    200000    68.00000000   4.4837900000e-01
    200000    70.00000000   4.1242400000e-01
    200000    72.00000000   3.7499900000e-01
    200000    74.00000000   3.3625600000e-01
    200000    76.00000000   2.9635700000e-01
    200000    78.00000000   2.5547300000e-01
    200000    80.00000000   2.1378400000e-01
    200000    82.00000000   1.7147700000e-01
    200000    84.00000000   1.2874600000e-01
    200000    86.00000000   8.5787000000e-02
    200000    88.00000000   4.2803000000e-02
    200000    90.00000000   0.0000000000e+00
    250000   -90.00000000  -0.0000000000e+00
    250000   -88.00000000  -4.2646000000e-02
    250000   -86.00000000  -8.5156000000e-02
    250000   -84.00000000  -1.2732400000e-01
    250000   -82.00000000  -1.6894700000e-01
    250000   -80.00000000  -2.0982300000e-01
    250000   -78.00000000  -2.4975600000e-01
    250000   -76.00000000  -2.8855300000e-01
    250000   -74.00000000  -3.2603100000e-01
    250000   -72.00000000  -3.6200900000e-01
    250000   -70.00000000  -3.9631900000e-01
    250000   -68.00000000  -4.2879900000e-01
    250000   -66.00000000  -4.5929600000e-01
    250000   -64.00000000  -4.8767000000e-01
    250000   -62.00000000  -5.1379000000e-01
    250000   -60.00000000  -5.3753900000e-01
    250000   -58.00000000  -5.5881100000e-01
    250000   -56.00000000  -5.7751600000e-01
    250000   -54.00000000  -5.9357400000e-01
    250000   -52.00000000  -6.0692200000e-01
    250000   -50.00000000  -6.1751400000e-01
    250000   -48.00000000  -6.2531500000e-01
    250000   -46.00000000  -6.3031200000e-01
    250000   -44.00000000  -6.3250400000e-01
    250000   -42.00000000  -6.3191000000e-01
    250000   -40.00000000  -6.2856900000e-01
    250000   -38.00000000  -6.2253600000e-01
    250000   -36.00000000  -6.1388800000e-01
    250000   -34.00000000  -6.0272600000e-01
    250000   -32.00000000  -5.8917500000e-01
    250000   -30.00000000  -5.7338600000e-01
    250000   -28.00000000  -5.5554400000e-01
    250000   -26.00000000  -5.3587600000e-01
    250000   -24.00000000  -5.1465700000e-01
    250000   -22.00000000  -4.9223100000e-01
    250000   -20.00000000  -4.6903800000e-01
    250000   -18.00000000  -4.4565800000e-01
    250000   -16.00000000  -4.2289700000e-01
    250000   -14.00000000  -4.0193400000e-01
    250000   -12.00000000  -3.8463000000e-01
    250000   -10.00000000  -3.7274600000e-01
    250000    -8.00000000  -3.7630300000e-01
    250000    -6.00000000  -3.2110000000e-01
    250000    -4.00000000  -1.3000000000e-02
    250000    -2.00000000   2.5770000000e-01
    250000     0.00000000   6.9610000000e-01
    250000     2.00000000   9.5870000000e-01
    250000     4.00000000   1.1468000000e+00
    250000     6.00000000   1.3374560000e+00
    250000     8.00000000   1.2849350000e+00
    250000    10.00000000   1.0702520000e+00
    250000    12.00000000   9.5695100000e-01
    250000    14.00000000   8.8593100000e-01
    250000    16.00000000   8.3981900000e-01
    250000    18.00000000   8.0969100000e-01
    250000    20.00000000   7.9013100000e-01
    250000    22.00000000   7.7764000000e-01
    250000    24.00000000   7.6984400000e-01
    250000    26.00000000   7.6506300000e-01
    250000    28.00000000   7.6206900000e-01
    250000    30.00000000   7.5993800000e-01
    250000    32.00000000   7.5796300000e-01
    250000    34.00000000   7.5558800000e-01
    250000    36.00000000   7.5237400000e-01
    250000    38.00000000   7.4797500000e-01
    250000    40.00000000   7.4210900000e-01
    250000    42.00000000   7.3455700000e-01
    250000    44.00000000   7.2514600000e-01
    250000    46.00000000   7.1374100000e-01
    250000    48.00000000   7.0024600000e-01
    250000    50.00000000   6.8459300000e-01
    250000    52.00000000   6.6674400000e-01
    250000    54.00000000   6.4668500000e-01
    250000    56.00000000   6.2442500000e-01
    250000    58.00000000   5.9999400000e-01
    250000    60.00000000   5.7344100000e-01
    250000    62.00000000   5.4483500000e-01
    250000    64.00000000   5.1426000000e-01
    250000    66.00000000   4.8181800000e-01
    250000    68.00000000   4.4762200000e-01
    250000    70.00000000   4.1180100000e-01
    250000    72.00000000   3.7449700000e-01
    250000    74.00000000   3.3586000000e-01
    250000    76.00000000   2.9605500000e-01
    250000    78.00000000   2.5525200000e-01
    250000    80.00000000   2.1363100000e-01
    250000    82.00000000   1.7138000000e-01
    250000    84.00000000   1.2869100000e-01
    250000    86.00000000   8.5762000000e-02
    250000    88.00000000   4.2797000000e-02
    250000    90.00000000   0.0000000000e+00
     50000   -90.00000000  -0.0000000000e+00
     50000   -88.00000000  -4.2632000000e-02
     50000   -86.00000000  -8.5100000000e-02
     50000   -84.00000000  -1.2719900000e-01
     50000   -82.00000000  -1.6872400000e-01
     50000   -80.00000000  -2.0947400000e-01
     50000   -78.00000000  -2.4925300000e-01
     50000   -76.00000000  -2.8786700000e-01
     50000   -74.00000000  -3.2513100000e-01
     50000   -72.00000000  -3.6086700000e-01
     50000   -70.00000000  -3.9490200000e-01
     50000   -68.00000000  -4.2707600000e-01
     50000   -66.00000000  -4.5723500000e-01
     50000   -64.00000000  -4.8523600000e-01
     50000   -62.00000000  -5.1094900000e-01
     50000   -60.00000000  -5.3425300000e-01
     50000   -58.00000000  -5.5504200000e-01
     50000   -56.00000000  -5.7322200000e-01
     50000   -54.00000000  -5.8871300000e-01
     50000   -52.00000000  -6.0144700000e-01
     50000   -50.00000000  -6.1137400000e-01
     50000   -48.00000000  -6.1845800000e-01
     50000   -46.00000000  -6.2267600000e-01
     50000   -44.00000000  -6.2402500000e-01
     50000   -42.00000000  -6.2251600000e-01
     50000   -40.00000000  -6.1817700000e-01
     50000   -38.00000000  -6.1105500000e-01
     50000   -36.00000000  -6.0121400000e-01
     50000   -34.00000000  -5.8873600000e-01
     50000   -32.00000000  -5.7372700000e-01
     50000   -30.00000000  -5.5631200000e-01
     50000   -28.00000000  -5.3664300000e-01
     50000   -26.00000000  -5.1490100000e-01
     50000   -24.00000000  -4.9130200000e-01
     50000   -22.00000000  -4.6611000000e-01
     50000   -20.00000000  -4.3965100000e-01
     50000   -18.00000000  -4.1234100000e-01
     50000   -16.00000000  -3.8473900000e-01
     50000   -14.00000000  -3.5763700000e-01
     50000   -12.00000000  -3.3225000000e-01
     50000   -10.00000000  -3.1062500000e-01
     50000    -8.00000000  -2.9668200000e-01
     50000    -6.00000000  -3.0405200000e-01
     50000    -4.00000000  -3.4480000000e-01
     50000    -2.00000000  -6.6946000000e-02
     50000     0.00000000   3.6010000000e-01
     50000     2.00000000   5.5140000000e-01
     50000     4.00000000   9.0230000000e-01
     50000     6.00000000   1.2476390000e+00
     50000     8.00000000   1.2866870000e+00
     50000    10.00000000   1.1647610000e+00
     50000    12.00000000   1.0270080000e+00
     50000    14.00000000   9.4517700000e-01
     50000    16.00000000   8.9085400000e-01
     50000    18.00000000   8.5425200000e-01
     50000    20.00000000   8.2943500000e-01
     50000    22.00000000   8.1257600000e-01
     50000    24.00000000   8.0108000000e-01
     50000    26.00000000   7.9311700000e-01
     50000    28.00000000   7.8734900000e-01
     50000    30.00000000   7.8277400000e-01
     50000    32.00000000   7.7862400000e-01
     50000    34.00000000   7.7429900000e-01
     50000    36.00000000   7.6932600000e-01
     50000    38.00000000   7.6332900000e-01
     50000    40.00000000   7.5600800000e-01
     50000    42.00000000   7.4712200000e-01
     50000    44.00000000   7.3648600000e-01
     50000    46.00000000   7.2395400000e-01
     50000    48.00000000   7.0941800000e-01
     50000    50.00000000   6.9280400000e-01
     50000    52.00000000   6.7406700000e-01
     50000    54.00000000   6.5318700000e-01
     50000    56.00000000   6.3016700000e-01
     50000    58.00000000   6.0503500000e-01
     50000    60.00000000   5.7783600000e-01
     50000    62.00000000   5.4863500000e-01
     50000    64.00000000   5.1751500000e-01
     50000    66.00000000   4.8457500000e-01
     50000    68.00000000   4.4992600000e-01
     50000    70.00000000   4.1369600000e-01
     50000    72.00000000   3.7602500000e-01
     50000    74.00000000   3.3706400000e-01
     50000    76.00000000   2.9697300000e-01
     50000    78.00000000   2.5592500000e-01
     50000    80.00000000   2.1409700000e-01
     50000    82.00000000   1.7167700000e-01
     50000    84.00000000   1.2885800000e-01
     50000    86.00000000   8.5837000000e-02
     50000    88.00000000   4.2816000000e-02
     50000    90.00000000   0.0000000000e+00
    100000   -90.00000000  -0.0000000000e+00
    100000   -88.00000000  -4.2640000000e-02
    100000   -86.00000000  -8.5134000000e-02
    100000   -84.00000000  -1.2727500000e-01
    100000   -82.00000000  -1.6885900000e-01
    100000   -80.00000000  -2.0968500000e-01
    100000   -78.00000000  -2.4955600000e-01
    100000   -76.00000000  -2.8828100000e-01
    100000   -74.00000000  -3.2567400000e-01
    100000   -72.00000000  -3.6155600000e-01
    100000   -70.00000000  -3.9575700000e-01
    100000   -68.00000000  -4.2811500000e-01
    100000   -66.00000000  -4.5847800000e-01
    100000   -64.00000000  -4.8670400000e-01
    100000   -62.00000000  -5.1266300000e-01
    100000   -60.00000000  -5.3623600000e-01
    100000   -58.00000000  -5.5731700000e-01
    100000   -56.00000000  -5.7581300000e-01
    100000   -54.00000000  -5.9164600000e-01
    100000   -52.00000000  -6.0475100000e-01
    100000   -50.00000000  -6.1507900000e-01
    100000   -48.00000000  -6.2259600000e-01
    100000   -46.00000000  -6.2728300000e-01
    100000   -44.00000000  -6.2914100000e-01
    100000   -42.00000000  -6.2818500000e-01
    100000   -40.00000000  -6.2444800000e-01
    100000   -38.00000000  -6.1798200000e-01
    100000   -36.00000000  -6.0886100000e-01
    100000   -34.00000000  -5.9717800000e-01
    100000   -32.00000000  -5.8304800000e-01
    100000   -30.00000000  -5.6661400000e-01
    100000   -28.00000000  -5.4804800000e-01
    100000   -26.00000000  -5.2755700000e-01
    100000   -24.00000000  -5.0539500000e-01
    100000   -22.00000000  -4.8187200000e-01
    100000   -20.00000000  -4.5738300000e-01
    100000   -18.00000000  -4.3244500000e-01
    100000   -16.00000000  -4.0776400000e-01
    100000   -14.00000000  -3.8436600000e-01
    100000   -12.00000000  -3.6385600000e-01
    100000   -10.00000000  -3.4898500000e-01
    100000    -8.00000000  -3.4524200000e-01
    100000    -6.00000000  -3.6430000000e-01
    100000    -4.00000000  -2.5005200000e-01
    100000    -2.00000000   1.8200000000e-02
    100000     0.00000000   4.8530000000e-01
    100000     2.00000000   7.8220000000e-01
    100000     4.00000000   1.1073000000e+00
    100000     6.00000000   1.2734660000e+00
    100000     8.00000000   1.3408070000e+00
    100000    10.00000000   1.1769490000e+00
    100000    12.00000000   1.0298660000e+00
    100000    14.00000000   9.4759400000e-01
    100000    16.00000000   8.9293700000e-01
    100000    18.00000000   8.5607000000e-01
    100000    20.00000000   8.3103900000e-01
    100000    22.00000000   8.1400200000e-01
    100000    24.00000000   8.0235500000e-01
    100000    26.00000000   7.9426200000e-01
    100000    28.00000000   7.8838000000e-01
    100000    30.00000000   7.8370600000e-01
    100000    32.00000000   7.7946700000e-01
    100000    34.00000000   7.7506200000e-01
    100000    36.00000000   7.7001800000e-01
    100000    38.00000000   7.6395600000e-01
    100000    40.00000000   7.5657500000e-01
    100000    42.00000000   7.4763500000e-01
    100000    44.00000000   7.3694800000e-01
    100000    46.00000000   7.2437000000e-01
    100000    48.00000000   7.0979200000e-01
    100000    50.00000000   6.9313900000e-01
    100000    52.00000000   6.7436600000e-01
    100000    54.00000000   6.5345200000e-01
    100000    56.00000000   6.3040100000e-01
    100000    58.00000000   6.0524000000e-01
    100000    60.00000000   5.7801500000e-01
    100000    62.00000000   5.4879000000e-01
    100000    64.00000000   5.1764800000e-01
    100000    66.00000000   4.8468700000e-01
    100000    68.00000000   4.5002000000e-01
    100000    70.00000000   4.1377400000e-01
    100000    72.00000000   3.7608800000e-01
    100000    74.00000000   3.3711300000e-01
    100000    76.00000000   2.9701100000e-01
    100000    78.00000000   2.5595200000e-01
    100000    80.00000000   2.1411600000e-01
    100000    82.00000000   1.7168900000e-01
    100000    84.00000000   1.2886500000e-01
    100000    86.00000000   8.5840000000e-02
    100000    88.00000000   4.2816000000e-02
    100000    90.00000000   0.0000000000e+00
    150000   -90.00000000  -0.0000000000e+00
    150000   -88.00000000  -4.2640000000e-02
    150000   -86.00000000  -8.5134000000e-02
    150000   -84.00000000  -1.2727400000e-01
    150000   -82.00000000  -1.6885800000e-01
    150000   -80.00000000  -2.0968400000e-01
    150000   -78.00000000  -2.4955400000e-01
    150000   -76.00000000  -2.8827900000e-01
    150000   -74.00000000  -3.2567100000e-01
    150000   -72.00000000  -3.6155200000e-01
    150000   -70.00000000  -3.9575200000e-01
    150000   -68.00000000  -4.2810900000e-01
    150000   -66.00000000  -4.5847100000e-01
    150000   -64.00000000  -4.8669600000e-01
    150000   -62.00000000  -5.1265300000e-01
    150000   -60.00000000  -5.3622400000e-01
    150000   -58.00000000  -5.5730400000e-01
    150000   -56.00000000  -5.7579800000e-01
    150000   -54.00000000  -5.9162900000e-01
    150000   -52.00000000  -6.0473200000e-01
    150000   -50.00000000  -6.1505800000e-01
    150000   -48.00000000  -6.2257200000e-01
    150000   -46.00000000  -6.2725700000e-01
    150000   -44.00000000  -6.2911200000e-01
    150000   -42.00000000  -6.2815200000e-01
    150000   -40.00000000  -6.2441200000e-01
    150000   -38.00000000  -6.1794300000e-01
    150000   -36.00000000  -6.0881800000e-01
    150000   -34.00000000  -5.9713000000e-01
    150000   -32.00000000  -5.8299500000e-01
    150000   -30.00000000  -5.6655500000e-01
    150000   -28.00000000  -5.4798300000e-01
    150000   -26.00000000  -5.2748500000e-01
    150000   -24.00000000  -5.0531400000e-01
    150000   -22.00000000  -4.8178200000e-01
    150000   -20.00000000  -4.5728200000e-01
    150000   -18.00000000  -4.3233000000e-01
    150000   -16.00000000  -4.0763200000e-01
    150000   -14.00000000  -3.8421300000e-01
    150000   -12.00000000  -3.6367500000e-01
    150000   -10.00000000  -3.4876500000e-01
    150000    -8.00000000  -3.4490600000e-01
    150000    -6.00000000  -3.6476800000e-01
    150000    -4.00000000  -2.2012800000e-01
    150000    -2.00000000   2.4000000000e-01
    150000     0.00000000   5.8920000000e-01
    150000     2.00000000   8.7390000000e-01
    150000     4.00000000   1.1344000000e+00
    150000     6.00000000   1.2825570000e+00
    150000     8.00000000   1.3468000000e+00
    150000    10.00000000   1.1580990000e+00
    150000    12.00000000   1.0180820000e+00
    150000    14.00000000   9.3762800000e-01
    150000    16.00000000   8.8435200000e-01
    150000    18.00000000   8.4857400000e-01
    150000    20.00000000   8.2442700000e-01
    150000    22.00000000   8.0812500000e-01
    150000    24.00000000   7.9710000000e-01
    150000    26.00000000   7.8954200000e-01
    150000    28.00000000   7.8412800000e-01
    150000    30.00000000   7.7986400000e-01
    150000    32.00000000   7.7599100000e-01
    150000    34.00000000   7.7191500000e-01
    150000    36.00000000   7.6716600000e-01
    150000    38.00000000   7.6137300000e-01
    150000    40.00000000   7.5423700000e-01
    150000    42.00000000   7.4552100000e-01
    150000    44.00000000   7.3504100000e-01
    150000    46.00000000   7.2265200000e-01
    150000    48.00000000   7.0824900000e-01
    150000    50.00000000   6.9175800000e-01
    150000    52.00000000   6.7313400000e-01
    150000    54.00000000   6.5235800000e-01
    150000    56.00000000   6.2943500000e-01
    150000    58.00000000   6.0439200000e-01
    150000    60.00000000   5.7727600000e-01
    150000    62.00000000   5.4815100000e-01
    150000    64.00000000   5.1710100000e-01
    150000    66.00000000   4.8422300000e-01
    150000    68.00000000   4.4963200000e-01
    150000    70.00000000   4.1345500000e-01
    150000    72.00000000   3.7583100000e-01
    150000    74.00000000   3.3691000000e-01
    150000    76.00000000   2.9685600000e-01
    150000    78.00000000   2.5583900000e-01
    150000    80.00000000   2.1403800000e-01
    150000    82.00000000   1.7163900000e-01
    150000    84.00000000   1.2883700000e-01
    150000    86.00000000   8.5827000000e-02
    150000    88.00000000   4.2813000000e-02
    150000    90.00000000   0.0000000000e+00
    200000   -90.00000000  -0.0000000000e+00
    200000   -88.00000000  -4.2640000000e-02
    200000   -86.00000000  -8.5135000000e-02
    200000   -84.00000000  -1.2727700000e-01
    200000   -82.00000000  -1.6886200000e-01
    200000   -80.00000000  -2.0969000000e-01
    200000   -78.00000000  -2.4956400000e-01
    200000   -76.00000000  -2.8829200000e-01
    200000   -74.00000000  -3.2568800000e-01
    200000   -72.00000000  -3.6157400000e-01
    200000   -70.00000000  -3.9577900000e-01
    200000   -68.00000000  -4.2814200000e-01
    200000   -66.00000000  -4.5851000000e-01
    200000   -64.00000000  -4.8674200000e-01
    200000   -62.00000000  -5.1270700000e-01
    200000   -60.00000000  -5.3628700000e-01
    200000   -58.00000000  -5.5737500000e-01
    200000   -56.00000000  -5.7588000000e-01
    200000   -54.00000000  -5.9172100000e-01
    200000   -52.00000000  -6.0483600000e-01
    200000   -50.00000000  -6.1517400000e-01
    200000   -48.00000000  -6.2270200000e-01
    200000   -46.00000000  -6.2740200000e-01
    200000   -44.00000000  -6.2927300000e-01
    200000   -42.00000000  -6.2833100000e-01
    200000   -40.00000000  -6.2460900000e-01
    200000   -38.00000000  -6.1816100000e-01
    200000   -36.00000000  -6.0905800000e-01
    200000   -34.00000000  -5.9739500000e-01
    200000   -32.00000000  -5.8328800000e-01
    200000   -30.00000000  -5.6688000000e-01
    200000   -28.00000000  -5.4834200000e-01
    200000   -26.00000000  -5.2788300000e-01
    200000   -24.00000000  -5.0575800000e-01
    200000   -22.00000000  -4.8227800000e-01
    200000   -20.00000000  -4.5784000000e-01
    200000   -18.00000000  -4.3296200000e-01
    200000   -16.00000000  -4.0835600000e-01
    200000   -14.00000000  -3.8505400000e-01
    200000   -12.00000000  -3.6466900000e-01
    200000   -10.00000000  -3.4997200000e-01
    200000    -8.00000000  -3.5281400000e-01
    200000    -6.00000000  -3.2976100000e-01
    200000    -4.00000000  -6.4438000000e-02
    200000    -2.00000000   2.9770000000e-01
    200000     0.00000000   6.4770000000e-01
    200000     2.00000000   9.2580000000e-01
    200000     4.00000000   1.1357000000e+00
    200000     6.00000000   1.3061990000e+00
    200000     8.00000000   1.2904150000e+00
    200000    10.00000000   1.0838270000e+00
    200000    12.00000000   9.6523500000e-01
    200000    14.00000000   8.9293700000e-01
    200000    16.00000000   8.4585400000e-01
    200000    18.00000000   8.1496000000e-01
    200000    20.00000000   7.9477800000e-01
    200000    22.00000000   7.8177100000e-01
    200000    24.00000000   7.7353700000e-01
    200000    26.00000000   7.6838000000e-01
    200000    28.00000000   7.6505800000e-01
    200000    30.00000000   7.6263900000e-01
    200000    32.00000000   7.6040600000e-01
    200000    34.00000000   7.5780000000e-01
    200000    36.00000000   7.5437900000e-01
    200000    38.00000000   7.4979000000e-01
    200000    40.00000000   7.4375300000e-01
    200000    42.00000000   7.3604300000e-01
    200000    44.00000000   7.2648700000e-01
    200000    46.00000000   7.1494900000e-01
    200000    48.00000000   7.0133000000e-01
    200000    50.00000000   6.8556400000e-01
    200000    52.00000000   6.6761000000e-01
    200000    54.00000000   6.4745400000e-01
    200000    56.00000000   6.2510400000e-01
    200000    58.00000000   6.0059000000e-01
    200000    60.00000000   5.7396100000e-01
    200000    62.00000000   5.4528400000e-01
    200000    64.00000000   5.1464500000e-01
    200000    66.00000000   4.8214400000e-01
    200000    68.00000000   4.4789400000e-01
    200000    70.00000000   4.1202500000e-01
    200000    72.00000000   3.7467700000e-01
    200000    74.00000000   3.3600300000e-01
    200000    76.00000000   2.9616400000e-01
    200000    78.00000000   2.5533100000e-01
    200000    80.00000000   2.1368600000e-01
    200000    82.00000000   1.7141500000e-01
    200000    84.00000000   1.2871000000e-01
    200000    86.00000000   8.5771000000e-02
    200000    88.00000000   4.2799000000e-02
    200000    90.00000000   0.0000000000e+00
    250000   -90.00000000  -0.0000000000e+00
    250000   -88.00000000  -4.2643000000e-02
    250000   -86.00000000  -8.5144000000e-02
    250000   -84.00000000  -1.2729900000e-01
    250000   -82.00000000  -1.6890200000e-01
    250000   -80.00000000  -2.0975200000e-01
    250000   -78.00000000  -2.4965300000e-01
    250000   -76.00000000  -2.8841300000e-01
    250000   -74.00000000  -3.2584700000e-01
    250000   -72.00000000  -3.6177600000e-01
    250000   -70.00000000  -3.9603000000e-01
    250000   -68.00000000  -4.2844700000e-01
    250000   -66.00000000  -4.5887500000e-01
    250000   -64.00000000  -4.8717300000e-01
    250000   -62.00000000  -5.1321000000e-01
    250000   -60.00000000  -5.3686900000e-01
    250000   -58.00000000  -5.5804300000e-01
    250000   -56.00000000  -5.7664000000e-01
    250000   -54.00000000  -5.9258200000e-01
    250000   -52.00000000  -6.0580600000e-01
    250000   -50.00000000  -6.1626200000e-01
    250000   -48.00000000  -6.2391700000e-01
    250000   -46.00000000  -6.2875500000e-01
    250000   -44.00000000  -6.3077500000e-01
    250000   -42.00000000  -6.2999500000e-01
    250000   -40.00000000  -6.2645000000e-01
    250000   -38.00000000  -6.2019400000e-01
    250000   -36.00000000  -6.1130300000e-01
    250000   -34.00000000  -5.9987300000e-01
    250000   -32.00000000  -5.8602500000e-01
    250000   -30.00000000  -5.6990400000e-01
    250000   -28.00000000  -5.5169000000e-01
    250000   -26.00000000  -5.3159900000e-01
    250000   -24.00000000  -5.0989500000e-01
    250000   -22.00000000  -4.8690500000e-01
    250000   -20.00000000  -4.6304500000e-01
    250000   -18.00000000  -4.3886400000e-01
    250000   -16.00000000  -4.1511500000e-01
    250000   -14.00000000  -3.9290000000e-01
    250000   -12.00000000  -3.7394800000e-01
    250000   -10.00000000  -3.6113300000e-01
    250000    -8.00000000  -3.6241800000e-01
    250000    -6.00000000  -3.4950000000e-01
    250000    -4.00000000  -2.8500000000e-02
    250000    -2.00000000   3.1450000000e-01
    250000     0.00000000   6.6456700000e-01
    250000     2.00000000   9.5420000000e-01
    250000     4.00000000   1.1316000000e+00
    250000     6.00000000   1.3198280000e+00
    250000     8.00000000   1.2683080000e+00
    250000    10.00000000   1.0574770000e+00
    250000    12.00000000   9.4644600000e-01
    250000    14.00000000   8.7704800000e-01
    250000    16.00000000   8.3216700000e-01
    250000    18.00000000   8.0301000000e-01
    250000    20.00000000   7.8423700000e-01
    250000    22.00000000   7.7240100000e-01
    250000    24.00000000   7.6516000000e-01
    250000    26.00000000   7.6085600000e-01
    250000    28.00000000   7.5827800000e-01
    250000    30.00000000   7.5651400000e-01
    250000    32.00000000   7.5486500000e-01
    250000    34.00000000   7.5278200000e-01
    250000    36.00000000   7.4983300000e-01
    250000    38.00000000   7.4567200000e-01
    250000    40.00000000   7.4002500000e-01
    250000    42.00000000   7.3267300000e-01
    250000    44.00000000   7.2344500000e-01
    250000    46.00000000   7.1221000000e-01
    250000    48.00000000   6.9887100000e-01
    250000    50.00000000   6.8336200000e-01
    250000    52.00000000   6.6564600000e-01
    250000    54.00000000   6.4571000000e-01
    250000    56.00000000   6.2356400000e-01
    250000    58.00000000   5.9923800000e-01
    250000    60.00000000   5.7278200000e-01
    250000    62.00000000   5.4426500000e-01
    250000    64.00000000   5.1377200000e-01
    250000    66.00000000   4.8140400000e-01
    250000    68.00000000   4.4727600000e-01
    250000    70.00000000   4.1151700000e-01
    250000    72.00000000   3.7426800000e-01
    250000    74.00000000   3.3568000000e-01
    250000    76.00000000   2.9591700000e-01
    250000    78.00000000   2.5515100000e-01
    250000    80.00000000   2.1356100000e-01
    250000    82.00000000   1.7133500000e-01
    250000    84.00000000   1.2866600000e-01
    250000    86.00000000   8.5751000000e-02
    250000    88.00000000   4.2794000000e-02
    250000    90.00000000   0.0000000000e+00
     50000   -90.00000000  -0.0000000000e+00
     50000   -88.00000000  -4.2636000000e-02
     50000   -86.00000000  -8.5116000000e-02
     50000   -84.00000000  -1.2723400000e-01
     50000   -82.00000000  -1.6878600000e-01
     50000   -80.00000000  -2.0957100000e-01
     50000   -78.00000000  -2.4939200000e-01
     50000   -76.00000000  -2.8805800000e-01
     50000   -74.00000000  -3.2538100000e-01
     50000   -72.00000000  -3.6118400000e-01
     50000   -70.00000000  -3.9529600000e-01
     50000   -68.00000000  -4.2755500000e-01
     50000   -66.00000000  -4.5780700000e-01
     50000   -64.00000000  -4.8591200000e-01
     50000   -62.00000000  -5.1173800000e-01
     50000   -60.00000000  -5.3516600000e-01
     50000   -58.00000000  -5.5609000000e-01
     50000   -56.00000000  -5.7441600000e-01
     50000   -54.00000000  -5.9006400000e-01
     50000   -52.00000000  -6.0296900000e-01
     50000   -50.00000000  -6.1308100000e-01
     50000   -48.00000000  -6.2036400000e-01
     50000   -46.00000000  -6.2479800000e-01
     50000   -44.00000000  -6.2638100000e-01
     50000   -42.00000000  -6.2512700000e-01
     50000   -40.00000000  -6.2106500000e-01
     50000   -38.00000000  -6.1424600000e-01
     50000   -36.00000000  -6.0473600000e-01
     50000   -34.00000000  -5.9262400000e-01
     50000   -32.00000000  -5.7802000000e-01
     50000   -30.00000000  -5.6105700000e-01
     50000   -28.00000000  -5.4189600000e-01
     50000   -26.00000000  -5.2073000000e-01
     50000   -24.00000000  -4.9779300000e-01
     50000   -22.00000000  -4.7337000000e-01
     50000   -20.00000000  -4.4781800000e-01
     50000   -18.00000000  -4.2160100000e-01
     50000   -16.00000000  -3.9534400000e-01
     50000   -14.00000000  -3.6994800000e-01
     50000   -12.00000000  -3.4680700000e-01
     50000   -10.00000000  -3.2829300000e-01
     50000    -8.00000000  -3.1897200000e-01
     50000    -6.00000000  -3.3528500000e-01
     50000    -4.00000000  -3.3314100000e-01
     50000    -2.00000000   5.3494000000e-02
     50000     0.00000000   3.5220000000e-01
     50000     2.00000000   5.3970000000e-01
     50000     4.00000000   8.8100000000e-01
     50000     6.00000000   1.2229000000e+00
     50000     8.00000000   1.2756380000e+00
     50000    10.00000000   1.2694290000e+00
     50000    12.00000000   1.1008030000e+00
     50000    14.00000000   1.0075830000e+00
     50000    16.00000000   9.4461200000e-01
     50000    18.00000000   9.0119000000e-01
     50000    20.00000000   8.7083600000e-01
     50000    22.00000000   8.4937600000e-01
     50000    24.00000000   8.3398400000e-01
     50000    26.00000000   8.2266800000e-01
     50000    28.00000000   8.1397800000e-01
     50000    30.00000000   8.0682800000e-01
     50000    32.00000000   8.0038700000e-01
     50000    34.00000000   7.9400900000e-01
     50000    36.00000000   7.8718300000e-01
     50000    38.00000000   7.7950300000e-01
     50000    40.00000000   7.7064700000e-01
     50000    42.00000000   7.6035700000e-01
     50000    44.00000000   7.4843100000e-01
     50000    46.00000000   7.3471100000e-01
     50000    48.00000000   7.1907900000e-01
     50000    50.00000000   7.0145400000e-01
     50000    52.00000000   6.8178100000e-01
     50000    54.00000000   6.6003500000e-01
     50000    56.00000000   6.3621500000e-01
     50000    58.00000000   6.1034500000e-01
     50000    60.00000000   5.8246500000e-01
     50000    62.00000000   5.5263800000e-01
     50000    64.00000000   5.2094400000e-01
     50000    66.00000000   4.8747900000e-01
     50000    68.00000000   4.5235300000e-01
     50000    70.00000000   4.1569300000e-01
     50000    72.00000000   3.7763500000e-01
     50000    74.00000000   3.3833100000e-01
     50000    76.00000000   2.9794000000e-01
     50000    78.00000000   2.5663300000e-01
     50000    80.00000000   2.1458800000e-01
     50000    82.00000000   1.7199100000e-01
     50000    84.00000000   1.2903400000e-01
     50000    86.00000000   8.5915000000e-02
     50000    88.00000000   4.2835000000e-02
     50000    90.00000000   0.0000000000e+00
    100000   -90.00000000  -0.0000000000e+00
    100000   -88.00000000  -4.2640000000e-02
    100000   -86.00000000  -8.5133000000e-02
    100000   -84.00000000  -1.2727400000e-01
    100000   -82.00000000  -1.6885800000e-01
    100000   -80.00000000  -2.0968300000e-01
    100000   -78.00000000  -2.4955400000e-01
    100000   -76.00000000  -2.8827800000e-01
    100000   -74.00000000  -3.2567000000e-01
    100000   -72.00000000  -3.6155100000e-01
    100000   -70.00000000  -3.9575100000e-01
    100000   -68.00000000  -4.2810800000e-01
    100000   -66.00000000  -4.5846900000e-01
    100000   -64.00000000  -4.8669400000e-01
    100000   -62.00000000  -5.1265100000e-01
    100000   -60.00000000  -5.3622200000e-01
    100000   -58.00000000  -5.5730000000e-01
    100000   -56.00000000  -5.7579400000e-01
    100000   -54.00000000  -5.9162500000e-01
    100000   -52.00000000  -6.0472700000e-01
    100000   -50.00000000  -6.1505200000e-01
    100000   -48.00000000  -6.2256600000e-01
    100000   -46.00000000  -6.2725100000e-01
    100000   -44.00000000  -6.2910500000e-01
    100000   -42.00000000  -6.2814400000e-01
    100000   -40.00000000  -6.2440300000e-01
    100000   -38.00000000  -6.1793300000e-01
    100000   -36.00000000  -6.0880700000e-01
    100000   -34.00000000  -5.9711800000e-01
    100000   -32.00000000  -5.8298200000e-01
    100000   -30.00000000  -5.6654100000e-01
    100000   -28.00000000  -5.4796700000e-01
    100000   -26.00000000  -5.2746700000e-01
    100000   -24.00000000  -5.0529400000e-01
    100000   -22.00000000  -4.8176000000e-01
    100000   -20.00000000  -4.5725700000e-01
    100000   -18.00000000  -4.3230200000e-01
    100000   -16.00000000  -4.0760000000e-01
    100000   -14.00000000  -3.8417500000e-01
    100000   -12.00000000  -3.6363100000e-01
    100000   -10.00000000  -3.4871100000e-01
    100000    -8.00000000  -3.4486600000e-01
    100000    -6.00000000  -3.6679500000e-01
    100000    -4.00000000  -2.2913500000e-01
    100000    -2.00000000   9.5100000000e-02
    100000     0.00000000   4.7590000000e-01
    100000     2.00000000   8.0110000000e-01
    100000     4.00000000   1.0893000000e+00
    100000     6.00000000   1.2822480000e+00
    100000     8.00000000   1.2974750000e+00
    100000    10.00000000   1.1015630000e+00
    100000    12.00000000   9.7838300000e-01
    100000    14.00000000   9.0405600000e-01
    100000    16.00000000   8.5543200000e-01
    100000    18.00000000   8.2332300000e-01
    100000    20.00000000   8.0215500000e-01
    100000    22.00000000   7.8832700000e-01
    100000    24.00000000   7.7940000000e-01
    100000    26.00000000   7.7364500000e-01
    100000    28.00000000   7.6980200000e-01
    100000    30.00000000   7.6692400000e-01
    100000    32.00000000   7.6428300000e-01
    100000    34.00000000   7.6131200000e-01
    100000    36.00000000   7.5756000000e-01
    100000    38.00000000   7.5267200000e-01
    100000    40.00000000   7.4636100000e-01
    100000    42.00000000   7.3840100000e-01
    100000    44.00000000   7.2861500000e-01
    100000    46.00000000   7.1686500000e-01
    100000    48.00000000   7.0305200000e-01
    100000    50.00000000   6.8710500000e-01
    100000    52.00000000   6.6898500000e-01
    100000    54.00000000   6.4867400000e-01
    100000    56.00000000   6.2618200000e-01
    100000    58.00000000   6.0153600000e-01
    100000    60.00000000   5.7478500000e-01
    100000    62.00000000   5.4599800000e-01
    100000    64.00000000   5.1525600000e-01
    100000    66.00000000   4.8266100000e-01
    100000    68.00000000   4.4832700000e-01
    100000    70.00000000   4.1238100000e-01
    100000    72.00000000   3.7496400000e-01
    100000    74.00000000   3.3622900000e-01
    100000    76.00000000   2.9633600000e-01
    100000    78.00000000   2.5545800000e-01
    100000    80.00000000   2.1377400000e-01
    100000    82.00000000   1.7147100000e-01
    100000    84.00000000   1.2874200000e-01
    100000    86.00000000   8.5785000000e-02
    100000    88.00000000   4.2803000000e-02
    100000    90.00000000   0.0000000000e+00
    150000   -90.00000000  -0.0000000000e+00
    150000   -88.00000000  -4.2638000000e-02
    150000   -86.00000000  -8.5125000000e-02
    150000   -84.00000000  -1.2725600000e-01
    150000   -82.00000000  -1.6882500000e-01
    150000   -80.00000000  -2.0963300000e-01
    150000   -78.00000000  -2.4948100000e-01
    150000   -76.00000000  -2.8817800000e-01
    150000   -74.00000000  -3.2553900000e-01
    150000   -72.00000000  -3.6138500000e-01
    150000   -70.00000000  -3.9554500000e-01
    150000   -68.00000000  -4.2785800000e-01
    150000   -66.00000000  -4.5817000000e-01
    150000   -64.00000000  -4.8634000000e-01
    150000   -62.00000000  -5.1223800000e-01
    150000   -60.00000000  -5.3574400000e-01
    150000   -58.00000000  -5.5675300000e-01
    150000   -56.00000000  -5.7517100000e-01
    150000   -54.00000000  -5.9091900000e-01
    150000   -52.00000000  -6.0393200000e-01
    150000   -50.00000000  -6.1416000000e-01
    150000   -48.00000000  -6.2157000000e-01
    150000   -46.00000000  -6.2614100000e-01
    150000   -44.00000000  -6.2787300000e-01
    150000   -42.00000000  -6.2677900000e-01
    150000   -40.00000000  -6.2289300000e-01
    150000   -38.00000000  -6.1626500000e-01
    150000   -36.00000000  -6.0696500000e-01
    150000   -34.00000000  -5.9508500000e-01
    150000   -32.00000000  -5.8073700000e-01
    150000   -30.00000000  -5.6406000000e-01
    150000   -28.00000000  -5.4522000000e-01
    150000   -26.00000000  -5.2441900000e-01
    150000   -24.00000000  -5.0190000000e-01
    150000   -22.00000000  -4.7796400000e-01
    150000   -20.00000000  -4.5298600000e-01
    150000   -18.00000000  -4.2746000000e-01
    150000   -16.00000000  -4.0205400000e-01
    150000   -14.00000000  -3.7773800000e-01
    150000   -12.00000000  -3.5601800000e-01
    150000   -10.00000000  -3.3947300000e-01
    150000    -8.00000000  -3.3370500000e-01
    150000    -6.00000000  -3.5629700000e-01
    150000    -4.00000000  -2.0992300000e-01
    150000    -2.00000000   2.6140000000e-01
    150000     0.00000000   5.7960000000e-01
    150000     2.00000000   8.9445000000e-01
    150000     4.00000000   1.1265000000e+00
    150000     6.00000000   1.2676670000e+00
    150000     8.00000000   1.3386000000e+00
    150000    10.00000000   1.1514730000e+00
    150000    12.00000000   1.0127260000e+00
    150000    14.00000000   9.3309900000e-01
    150000    16.00000000   8.8045000000e-01
    150000    18.00000000   8.4516800000e-01
    150000    20.00000000   8.2142200000e-01
    150000    22.00000000   8.0545400000e-01
    150000    24.00000000   7.9471300000e-01
    150000    26.00000000   7.8739800000e-01
    150000    28.00000000   7.8219500000e-01
    150000    30.00000000   7.7811900000e-01
    150000    32.00000000   7.7441200000e-01
    150000    34.00000000   7.7048400000e-01
    150000    36.00000000   7.6587100000e-01
    150000    38.00000000   7.6019900000e-01
    150000    40.00000000   7.5317400000e-01
    150000    42.00000000   7.4456100000e-01
    150000    44.00000000   7.3417400000e-01
    150000    46.00000000   7.2187200000e-01
    150000    48.00000000   7.0754800000e-01
    150000    50.00000000   6.9113100000e-01
    150000    52.00000000   6.7257400000e-01
    150000    54.00000000   6.5186100000e-01
    150000    56.00000000   6.2899600000e-01
    150000    58.00000000   6.0400700000e-01
    150000    60.00000000   5.7694000000e-01
    150000    62.00000000   5.4786100000e-01
    150000    64.00000000   5.1685200000e-01
    150000    66.00000000   4.8401300000e-01
    150000    68.00000000   4.4945600000e-01
    150000    70.00000000   4.1331000000e-01
    150000    72.00000000   3.7571400000e-01
    150000    74.00000000   3.3681800000e-01
    150000    76.00000000   2.9678600000e-01
    150000    78.00000000   2.5578700000e-01
    150000    80.00000000   2.1400200000e-01
    150000    82.00000000   1.7161700000e-01
    150000    84.00000000   1.2882400000e-01
    150000    86.00000000   8.5822000000e-02
    150000    88.00000000   4.2812000000e-02
    150000    90.00000000   0.0000000000e+00
    200000   -90.00000000  -0.0000000000e+00
    200000   -88.00000000  -4.2643000000e-02
    200000   -86.00000000  -8.5147000000e-02
    200000   -84.00000000  -1.2730400000e-01
    200000   -82.00000000  -1.6891100000e-01
    200000   -80.00000000  -2.0976600000e-01
    200000   -78.00000000  -2.4967400000e-01
    200000   -76.00000000  -2.8844100000e-01
    200000   -74.00000000  -3.2588400000e-01
    200000   -72.00000000  -3.6182300000e-01
    200000   -70.00000000  -3.9608800000e-01
    200000   -68.00000000  -4.2851800000e-01
    200000   -66.00000000  -4.5896000000e-01
    200000   -64.00000000  -4.8727300000e-01
    200000   -62.00000000  -5.1332700000e-01
    200000   -60.00000000  -5.3700400000e-01
    200000   -58.00000000  -5.5819700000e-01
    200000   -56.00000000  -5.7681600000e-01
    200000   -54.00000000  -5.9278200000e-01
    200000   -52.00000000  -6.0603000000e-01
    200000   -50.00000000  -6.1651300000e-01
    200000   -48.00000000  -6.2419800000e-01
    200000   -46.00000000  -6.2906800000e-01
    200000   -44.00000000  -6.3112200000e-01
    200000   -42.00000000  -6.3038000000e-01
    200000   -40.00000000  -6.2687600000e-01
    200000   -38.00000000  -6.2066500000e-01
    200000   -36.00000000  -6.1182300000e-01
    200000   -34.00000000  -6.0044700000e-01
    200000   -32.00000000  -5.8665800000e-01
    200000   -30.00000000  -5.7060400000e-01
    200000   -28.00000000  -5.5246500000e-01
    200000   -26.00000000  -5.3245900000e-01
    200000   -24.00000000  -5.1085200000e-01
    200000   -22.00000000  -4.8797600000e-01
    200000   -20.00000000  -4.6425000000e-01
    200000   -18.00000000  -4.4023000000e-01
    200000   -16.00000000  -4.1668000000e-01
    200000   -14.00000000  -3.9471700000e-01
    200000   -12.00000000  -3.7609500000e-01
    200000   -10.00000000  -3.6384000000e-01
    200000    -8.00000000  -3.6372500000e-01
    200000    -6.00000000  -3.7576300000e-01
    200000    -4.00000000  -8.9404000000e-02
    200000    -2.00000000   3.2430000000e-01
    200000     0.00000000   6.3390000000e-01
    200000     2.00000000   9.0390000000e-01
    200000     4.00000000   1.1206000000e+00
    200000     6.00000000   1.2915250000e+00
    200000     8.00000000   1.1923930000e+00
    200000    10.00000000   9.9886000000e-01
    200000    12.00000000   8.9931600000e-01
    200000    14.00000000   8.3719100000e-01
    200000    16.00000000   7.9783400000e-01
    200000    18.00000000   7.7303200000e-01
    200000    20.00000000   7.5779500000e-01
    200000    22.00000000   7.4889800000e-01
    200000    24.00000000   7.4414500000e-01
    200000    26.00000000   7.4198300000e-01
    200000    28.00000000   7.4127100000e-01
    200000    30.00000000   7.4115200000e-01
    200000    32.00000000   7.4096500000e-01
    200000    34.00000000   7.4019400000e-01
    200000    36.00000000   7.3842800000e-01
    200000    38.00000000   7.3534200000e-01
    200000    40.00000000   7.3067500000e-01
    200000    42.00000000   7.2422000000e-01
    200000    44.00000000   7.1581600000e-01
    200000    46.00000000   7.0533900000e-01
    200000    48.00000000   6.9270000000e-01
    200000    50.00000000   6.7783800000e-01
    200000    52.00000000   6.6072000000e-01
    200000    54.00000000   6.4133700000e-01
    200000    56.00000000   6.1970100000e-01
    200000    58.00000000   5.9584600000e-01
    200000    60.00000000   5.6982600000e-01
    200000    62.00000000   5.4170900000e-01
    200000    64.00000000   5.1158300000e-01
    200000    66.00000000   4.7955000000e-01
    200000    68.00000000   4.4572600000e-01
    200000    70.00000000   4.1024200000e-01
    200000    72.00000000   3.7323900000e-01
    200000    74.00000000   3.3487100000e-01
    200000    76.00000000   2.9530000000e-01
    200000    78.00000000   2.5469800000e-01
    200000    80.00000000   2.1324800000e-01
    200000    82.00000000   1.7113500000e-01
    200000    84.00000000   1.2855300000e-01
    200000    86.00000000   8.5701000000e-02
    200000    88.00000000   4.2782000000e-02
    200000    90.00000000   0.0000000000e+00
    250000   -90.00000000  -0.0000000000e+00
    250000   -88.00000000  -4.2649000000e-02
    250000   -86.00000000  -8.5169000000e-02
    250000   -84.00000000  -1.2735500000e-01
    250000   -82.00000000  -1.6900100000e-01
    250000   -80.00000000  -2.0990700000e-01
    250000   -78.00000000  -2.4987700000e-01
    250000   -76.00000000  -2.8871900000e-01
    250000   -74.00000000  -3.2624800000e-01
    250000   -72.00000000  -3.6228600000e-01
    250000   -70.00000000  -3.9666200000e-01
    250000   -68.00000000  -4.2921600000e-01
    250000   -66.00000000  -4.5979500000e-01
    250000   -64.00000000  -4.8825800000e-01
    250000   -62.00000000  -5.1447700000e-01
    250000   -60.00000000  -5.3833400000e-01
    250000   -58.00000000  -5.5972400000e-01
    250000   -56.00000000  -5.7855500000e-01
    250000   -54.00000000  -5.9475000000e-01
    250000   -52.00000000  -6.0824700000e-01
    250000   -50.00000000  -6.1899900000e-01
    250000   -48.00000000  -6.2697500000e-01
    250000   -46.00000000  -6.3216000000e-01
    250000   -44.00000000  -6.3455600000e-01
    250000   -42.00000000  -6.3418400000e-01
    250000   -40.00000000  -6.3108300000e-01
    250000   -38.00000000  -6.2531400000e-01
    250000   -36.00000000  -6.1695500000e-01
    250000   -34.00000000  -6.0611200000e-01
    250000   -32.00000000  -5.9291300000e-01
    250000   -30.00000000  -5.7751700000e-01
    250000   -28.00000000  -5.6011900000e-01
    250000   -26.00000000  -5.4095200000e-01
    250000   -24.00000000  -5.2030900000e-01
    250000   -22.00000000  -4.9855300000e-01
    250000   -20.00000000  -4.7615000000e-01
    250000   -18.00000000  -4.5372100000e-01
    250000   -16.00000000  -4.3213100000e-01
    250000   -14.00000000  -4.1265300000e-01
    250000   -12.00000000  -3.9730500000e-01
    250000   -10.00000000  -3.8327400000e-01
    250000    -8.00000000  -3.8810300000e-01
    250000    -6.00000000  -2.1177600000e-01
    250000    -4.00000000  -2.4845000000e-02
    250000    -2.00000000   3.6170000000e-01
    250000     0.00000000   6.6910000000e-01
    250000     2.00000000   9.3690000000e-01
    250000     4.00000000   1.1307000000e+00
    250000     6.00000000   1.2884010000e+00
    250000     8.00000000   1.1228650000e+00
    250000    10.00000000   9.4211200000e-01
    250000    12.00000000   8.5255900000e-01
    250000    14.00000000   7.9765000000e-01
    250000    16.00000000   7.6377200000e-01
    250000    18.00000000   7.4329100000e-01
    250000    20.00000000   7.3156300000e-01
    250000    22.00000000   7.2558100000e-01
    250000    24.00000000   7.2329700000e-01
    250000    26.00000000   7.2325900000e-01
    250000    28.00000000   7.2439800000e-01
    250000    30.00000000   7.2591100000e-01
    250000    32.00000000   7.2717600000e-01
    250000    34.00000000   7.2770600000e-01
    250000    36.00000000   7.2711400000e-01
    250000    38.00000000   7.2509400000e-01
    250000    40.00000000   7.2139900000e-01
    250000    42.00000000   7.1583400000e-01
    250000    44.00000000   7.0824800000e-01
    250000    46.00000000   6.9852300000e-01
    250000    48.00000000   6.8657800000e-01
    250000    50.00000000   6.7235800000e-01
    250000    52.00000000   6.5583300000e-01
    250000    54.00000000   6.3699800000e-01
    250000    56.00000000   6.1586900000e-01
    250000    58.00000000   5.9248200000e-01
    250000    60.00000000   5.6689200000e-01
    250000    62.00000000   5.3917200000e-01
    250000    64.00000000   5.0941000000e-01
    250000    66.00000000   4.7771000000e-01
    250000    68.00000000   4.4418800000e-01
    250000    70.00000000   4.0897700000e-01
    250000    72.00000000   3.7221900000e-01
    250000    74.00000000   3.3406800000e-01
    250000    76.00000000   2.9468700000e-01
    250000    78.00000000   2.5424900000e-01
    250000    80.00000000   2.1293600000e-01
    250000    82.00000000   1.7093600000e-01
    250000    84.00000000   1.2844100000e-01
    250000    86.00000000   8.5652000000e-02
    250000    88.00000000   4.2769000000e-02
    250000    90.00000000   0.0000000000e+00
     50000   -90.00000000  -0.0000000000e+00
     50000   -88.00000000  -4.2642000000e-02
     50000   -86.00000000  -8.5143000000e-02
     50000   -84.00000000  -1.2729600000e-01
     50000   -82.00000000  -1.6889700000e-01
     50000   -80.00000000  -2.0974500000e-01
     50000   -78.00000000  -2.4964300000e-01
     50000   -76.00000000  -2.8840000000e-01
     50000   -74.00000000  -3.2583000000e-01
     50000   -72.00000000  -3.6175500000e-01
     50000   -70.00000000  -3.9600300000e-01
     50000   -68.00000000  -4.2841400000e-01
     50000   -66.00000000  -4.5883600000e-01
     50000   -64.00000000  -4.8712700000e-01
     50000   -62.00000000  -5.1315600000e-01
     50000   -60.00000000  -5.3680600000e-01
     50000   -58.00000000  -5.5797100000e-01
     50000   -56.00000000  -5.7655800000e-01
     50000   -54.00000000  -5.9249000000e-01
     50000   -52.00000000  -6.0570100000e-01
     50000   -50.00000000  -6.1614500000e-01
     50000   -48.00000000  -6.2378600000e-01
     50000   -46.00000000  -6.2860900000e-01
     50000   -44.00000000  -6.3061300000e-01
     50000   -42.00000000  -6.2981600000e-01
     50000   -40.00000000  -6.2625200000e-01
     50000   -38.00000000  -6.1997600000e-01
     50000   -36.00000000  -6.1106200000e-01
     50000   -34.00000000  -5.9960700000e-01
     50000   -32.00000000  -5.8573000000e-01
     50000   -30.00000000  -5.6957900000e-01
     50000   -28.00000000  -5.5133000000e-01
     50000   -26.00000000  -5.3119900000e-01
     50000   -24.00000000  -5.0945000000e-01
     50000   -22.00000000  -4.8640700000e-01
     50000   -20.00000000  -4.6248500000e-01
     50000   -18.00000000  -4.3822900000e-01
     50000   -16.00000000  -4.1438900000e-01
     50000   -14.00000000  -3.9205700000e-01
     50000   -12.00000000  -3.7295000000e-01
     50000   -10.00000000  -3.6002200000e-01
     50000    -8.00000000  -3.5716400000e-01
     50000    -6.00000000  -3.8300000000e-01
     50000    -4.00000000  -3.2164600000e-01
     50000    -2.00000000   1.2810000000e-01
     50000     0.00000000   3.4490000000e-01
     50000     2.00000000   5.3070000000e-01
     50000     4.00000000   8.7550000000e-01
     50000     6.00000000   1.2037000000e+00
     50000     8.00000000   1.2697080000e+00
     50000    10.00000000   1.3414540000e+00
     50000    12.00000000   1.1707040000e+00
     50000    14.00000000   1.0662660000e+00
     50000    16.00000000   9.9516200000e-01
     50000    18.00000000   9.4532800000e-01
     50000    20.00000000   9.0976800000e-01
     50000    22.00000000   8.8398100000e-01
     50000    24.00000000   8.6492400000e-01
     50000    26.00000000   8.5045600000e-01
     50000    28.00000000   8.3901800000e-01
     50000    30.00000000   8.2944700000e-01
     50000    32.00000000   8.2085200000e-01
     50000    34.00000000   8.1254300000e-01
     50000    36.00000000   8.0397400000e-01
     50000    38.00000000   7.9471200000e-01
     50000    40.00000000   7.8441400000e-01
     50000    42.00000000   7.7280300000e-01
     50000    44.00000000   7.5966300000e-01
     50000    46.00000000   7.4482600000e-01
     50000    48.00000000   7.2816500000e-01
     50000    50.00000000   7.0958700000e-01
     50000    52.00000000   6.8903400000e-01
     50000    54.00000000   6.6647400000e-01
     50000    56.00000000   6.4190300000e-01
     50000    58.00000000   6.1533800000e-01
     50000    60.00000000   5.8681800000e-01
     50000    62.00000000   5.5640200000e-01
     50000    64.00000000   5.2416800000e-01
     50000    66.00000000   4.9020900000e-01
     50000    68.00000000   4.5463500000e-01
     50000    70.00000000   4.1757000000e-01
     50000    72.00000000   3.7914900000e-01
     50000    74.00000000   3.3952300000e-01
     50000    76.00000000   2.9885000000e-01
     50000    78.00000000   2.5730000000e-01
     50000    80.00000000   2.1505000000e-01
     50000    82.00000000   1.7228600000e-01
     50000    84.00000000   1.2920000000e-01
     50000    86.00000000   8.5988000000e-02
     50000    88.00000000   4.2854000000e-02
     50000    90.00000000   0.0000000000e+00
    100000   -90.00000000  -0.0000000000e+00
    100000   -88.00000000  -4.2639000000e-02
    100000   -86.00000000  -8.5129000000e-02
    100000   -84.00000000  -1.2726500000e-01
    100000   -82.00000000  -1.6884100000e-01
    100000   -80.00000000  -2.0965700000e-01
    100000   -78.00000000  -2.4951500000e-01
    100000   -76.00000000  -2.8822600000e-01
    100000   -74.00000000  -3.2560100000e-01
    100000   -72.00000000  -3.6146400000e-01
    100000   -70.00000000  -3.9564300000e-01
    100000   -68.00000000  -4.2797600000e-01
    100000   -66.00000000  -4.5831200000e-01
    100000   -64.00000000  -4.8650800000e-01
    100000   -62.00000000  -5.1243300000e-01
    100000   -60.00000000  -5.3597000000e-01
    100000   -58.00000000  -5.5701200000e-01
    100000   -56.00000000  -5.7546600000e-01
    100000   -54.00000000  -5.9125300000e-01
    100000   -52.00000000  -6.0430900000e-01
    100000   -50.00000000  -6.1458300000e-01
    100000   -48.00000000  -6.2204200000e-01
    100000   -46.00000000  -6.2666700000e-01
    100000   -44.00000000  -6.2845600000e-01
    100000   -42.00000000  -6.2742600000e-01
    100000   -40.00000000  -6.2360800000e-01
    100000   -38.00000000  -6.1705500000e-01
    100000   -36.00000000  -6.0783800000e-01
    100000   -34.00000000  -5.9604800000e-01
    100000   -32.00000000  -5.8180000000e-01
    100000   -30.00000000  -5.6523500000e-01
    100000   -28.00000000  -5.4652100000e-01
    100000   -26.00000000  -5.2586300000e-01
    100000   -24.00000000  -5.0350800000e-01
    100000   -22.00000000  -4.7976200000e-01
    100000   -20.00000000  -4.5500900000e-01
    100000   -18.00000000  -4.2975300000e-01
    100000   -16.00000000  -4.0468100000e-01
    100000   -14.00000000  -3.8078700000e-01
    100000   -12.00000000  -3.5962400000e-01
    100000   -10.00000000  -3.4384900000e-01
    100000    -8.00000000  -3.3882300000e-01
    100000    -6.00000000  -3.5943600000e-01
    100000    -4.00000000  -2.6950800000e-01
    100000    -2.00000000   1.3430000000e-01
    100000     0.00000000   4.8040000000e-01
    100000     2.00000000   7.9785000000e-01
    100000     4.00000000   1.0727000000e+00
    100000     6.00000000   1.2269940000e+00
    100000     8.00000000   1.3633290000e+00
    100000    10.00000000   1.3146380000e+00
    100000    12.00000000   1.1364360000e+00
    100000    14.00000000   1.0377170000e+00
    100000    16.00000000   9.7057000000e-01
    100000    18.00000000   9.2385500000e-01
    100000    20.00000000   8.9082800000e-01
    100000    22.00000000   8.6714600000e-01
    100000    24.00000000   8.4987200000e-01
    100000    26.00000000   8.3693700000e-01
    100000    28.00000000   8.2683600000e-01
    100000    30.00000000   8.1844300000e-01
    100000    32.00000000   8.1089600000e-01
    100000    34.00000000   8.0352600000e-01
    100000    36.00000000   7.9580500000e-01
    100000    38.00000000   7.8731300000e-01
    100000    40.00000000   7.7771700000e-01
    100000    42.00000000   7.6674800000e-01
    100000    44.00000000   7.5419900000e-01
    100000    46.00000000   7.3990500000e-01
    100000    48.00000000   7.2374500000e-01
    100000    50.00000000   7.0563000000e-01
    100000    52.00000000   6.8550500000e-01
    100000    54.00000000   6.6334200000e-01
    100000    56.00000000   6.3913600000e-01
    100000    58.00000000   6.1290900000e-01
    100000    60.00000000   5.8470000000e-01
    100000    62.00000000   5.5457100000e-01
    100000    64.00000000   5.2260000000e-01
    100000    66.00000000   4.8888100000e-01
    100000    68.00000000   4.5352500000e-01
    100000    70.00000000   4.1665700000e-01
    100000    72.00000000   3.7841300000e-01
    100000    74.00000000   3.3894300000e-01
    100000    76.00000000   2.9840800000e-01
    100000    78.00000000   2.5697600000e-01
    100000    80.00000000   2.1482500000e-01
    100000    82.00000000   1.7214200000e-01
    100000    84.00000000   1.2911900000e-01
    100000    86.00000000   8.5953000000e-02
    100000    88.00000000   4.2845000000e-02
    100000    90.00000000   0.0000000000e+00
    150000   -90.00000000  -0.0000000000e+00
    150000   -88.00000000  -4.2640000000e-02
    150000   -86.00000000  -8.5135000000e-02
    150000   -84.00000000  -1.2727700000e-01
    150000   -82.00000000  -1.6886300000e-01
    150000   -80.00000000  -2.0969200000e-01
    150000   -78.00000000  -2.4956600000e-01
    150000   -76.00000000  -2.8829500000e-01
    150000   -74.00000000  -3.2569200000e-01
    150000   -72.00000000  -3.6157900000e-01
    150000   -70.00000000  -3.9578600000e-01
    150000   -68.00000000  -4.2815000000e-01
    150000   -66.00000000  -4.5852000000e-01
    150000   -64.00000000  -4.8675400000e-01
    150000   -62.00000000  -5.1272000000e-01
    150000   -60.00000000  -5.3630200000e-01
    150000   -58.00000000  -5.5739300000e-01
    150000   -56.00000000  -5.7590000000e-01
    150000   -54.00000000  -5.9174400000e-01
    150000   -52.00000000  -6.0486100000e-01
    150000   -50.00000000  -6.1520300000e-01
    150000   -48.00000000  -6.2273400000e-01
    150000   -46.00000000  -6.2743800000e-01
    150000   -44.00000000  -6.2931200000e-01
    150000   -42.00000000  -6.2837400000e-01
    150000   -40.00000000  -6.2465700000e-01
    150000   -38.00000000  -6.1821400000e-01
    150000   -36.00000000  -6.0911800000e-01
    150000   -34.00000000  -5.9746100000e-01
    150000   -32.00000000  -5.8336000000e-01
    150000   -30.00000000  -5.6695900000e-01
    150000   -28.00000000  -5.4843000000e-01
    150000   -26.00000000  -5.2798100000e-01
    150000   -24.00000000  -5.0586600000e-01
    150000   -22.00000000  -4.8240000000e-01
    150000   -20.00000000  -4.5797700000e-01
    150000   -18.00000000  -4.3311800000e-01
    150000   -16.00000000  -4.0853400000e-01
    150000   -14.00000000  -3.8526100000e-01
    150000   -12.00000000  -3.6491400000e-01
    150000   -10.00000000  -3.4996700000e-01
    150000    -8.00000000  -3.5784100000e-01
    150000    -6.00000000  -3.1695200000e-01
    150000    -4.00000000  -1.2362900000e-01
    150000    -2.00000000   2.5210000000e-01
    150000     0.00000000   5.5140000000e-01
    150000     2.00000000   8.2633300000e-01
    150000     4.00000000   1.0992000000e+00
    150000     6.00000000   1.2654050000e+00
    150000     8.00000000   1.2757060000e+00
    150000    10.00000000   1.0851430000e+00
    150000    12.00000000   9.6270800000e-01
    150000    14.00000000   8.9080000000e-01
    150000    16.00000000   8.4401300000e-01
    150000    18.00000000   8.1335300000e-01
    150000    20.00000000   7.9336000000e-01
    150000    22.00000000   7.8051100000e-01
    150000    24.00000000   7.7241000000e-01
    150000    26.00000000   7.6736800000e-01
    150000    28.00000000   7.6414600000e-01
    150000    30.00000000   7.6181500000e-01
    150000    32.00000000   7.5966100000e-01
    150000    34.00000000   7.5712500000e-01
    150000    36.00000000   7.5376700000e-01
    150000    38.00000000   7.4923600000e-01
    150000    40.00000000   7.4325100000e-01
    150000    42.00000000   7.3559000000e-01
    150000    44.00000000   7.2607800000e-01
    150000    46.00000000   7.1458000000e-01
    150000    48.00000000   7.0100000000e-01
    150000    50.00000000   6.8526800000e-01
    150000    52.00000000   6.6734600000e-01
    150000    54.00000000   6.4722000000e-01
    150000    56.00000000   6.2489700000e-01
    150000    58.00000000   6.0040800000e-01
    150000    60.00000000   5.7380200000e-01
    150000    62.00000000   5.4514700000e-01
    150000    64.00000000   5.1452800000e-01
    150000    66.00000000   4.8204400000e-01
    150000    68.00000000   4.4781100000e-01
    150000    70.00000000   4.1195700000e-01
    150000    72.00000000   3.7462200000e-01
    150000    74.00000000   3.3595900000e-01
    150000    76.00000000   2.9613000000e-01
    150000    78.00000000   2.5530700000e-01
    150000    80.00000000   2.1366900000e-01
    150000    82.00000000   1.7140400000e-01
    150000    84.00000000   1.2870400000e-01
    150000    86.00000000   8.5769000000e-02
    150000    88.00000000   4.2799000000e-02
    150000    90.00000000   0.0000000000e+00
    200000   -90.00000000  -0.0000000000e+00
    200000   -88.00000000  -4.2647000000e-02
    200000   -86.00000000  -8.5163000000e-02
    200000   -84.00000000  -1.2734000000e-01
    200000   -82.00000000  -1.6897500000e-01
    200000   -80.00000000  -2.0986700000e-01
    200000   -78.00000000  -2.4982000000e-01
    200000   -76.00000000  -2.8864100000e-01
    200000   -74.00000000  -3.2614500000e-01
    200000   -72.00000000  -3.6215500000e-01
    200000   -70.00000000  -3.9650000000e-01
    200000   -68.00000000  -4.2901800000e-01
    200000   -66.00000000  -4.5955800000e-01
    200000   -64.00000000  -4.8797900000e-01
    200000   -62.00000000  -5.1415200000e-01
    200000   -60.00000000  -5.3795700000e-01
    200000   -58.00000000  -5.5929100000e-01
    200000   -56.00000000  -5.7806200000e-01
    200000   -54.00000000  -5.9419200000e-01
    200000   -52.00000000  -6.0761900000e-01
    200000   -50.00000000  -6.1829500000e-01
    200000   -48.00000000  -6.2618800000e-01
    200000   -46.00000000  -6.3128400000e-01
    200000   -44.00000000  -6.3358300000e-01
    200000   -42.00000000  -6.3310600000e-01
    200000   -40.00000000  -6.2989200000e-01
    200000   -38.00000000  -6.2399700000e-01
    200000   -36.00000000  -6.1550200000e-01
    200000   -34.00000000  -6.0450800000e-01
    200000   -32.00000000  -5.9114100000e-01
    200000   -30.00000000  -5.7555900000e-01
    200000   -28.00000000  -5.5795100000e-01
    200000   -26.00000000  -5.3854700000e-01
    200000   -24.00000000  -5.1763100000e-01
    200000   -22.00000000  -4.9555700000e-01
    200000   -20.00000000  -4.7277900000e-01
    200000   -18.00000000  -4.4990000000e-01
    200000   -16.00000000  -4.2775500000e-01
    200000   -14.00000000  -4.0757300000e-01
    200000   -12.00000000  -3.9129800000e-01
    200000   -10.00000000  -3.8209900000e-01
    200000    -8.00000000  -3.7652800000e-01
    200000    -6.00000000  -2.8964300000e-01
    200000    -4.00000000  -6.1514000000e-02
    200000    -2.00000000   3.5110000000e-01
    200000     0.00000000   6.3930000000e-01
    200000     2.00000000   8.9960000000e-01
    200000     4.00000000   1.0985000000e+00
    200000     6.00000000   1.2840990000e+00
    200000     8.00000000   1.2300100000e+00
    200000    10.00000000   1.0280520000e+00
    200000    12.00000000   9.2225100000e-01
    200000    14.00000000   8.5658600000e-01
    200000    16.00000000   8.1454100000e-01
    200000    18.00000000   7.8761900000e-01
    200000    20.00000000   7.7066200000e-01
    200000    22.00000000   7.6033500000e-01
    200000    24.00000000   7.5437100000e-01
    200000    26.00000000   7.5116700000e-01
    200000    28.00000000   7.4954700000e-01
    200000    30.00000000   7.4862700000e-01
    200000    32.00000000   7.4772900000e-01
    200000    34.00000000   7.4631900000e-01
    200000    36.00000000   7.4397800000e-01
    200000    38.00000000   7.4036900000e-01
    200000    40.00000000   7.3522500000e-01
    200000    42.00000000   7.2833400000e-01
    200000    44.00000000   7.1952900000e-01
    200000    46.00000000   7.0868300000e-01
    200000    48.00000000   6.9570300000e-01
    200000    50.00000000   6.8052600000e-01
    200000    52.00000000   6.6311700000e-01
    200000    54.00000000   6.4346500000e-01
    200000    56.00000000   6.2158100000e-01
    200000    58.00000000   5.9749700000e-01
    200000    60.00000000   5.7126400000e-01
    200000    62.00000000   5.4295300000e-01
    200000    64.00000000   5.1264800000e-01
    200000    66.00000000   4.8045200000e-01
    200000    68.00000000   4.4648100000e-01
    200000    70.00000000   4.1086300000e-01
    200000    72.00000000   3.7374000000e-01
    200000    74.00000000   3.3526500000e-01
    200000    76.00000000   2.9560000000e-01
    200000    78.00000000   2.5491900000e-01
    200000    80.00000000   2.1340000000e-01
    200000    82.00000000   1.7123200000e-01
    200000    84.00000000   1.2860800000e-01
    200000    86.00000000   8.5726000000e-02
    200000    88.00000000   4.2788000000e-02
    200000    90.00000000   0.0000000000e+00
    250000   -90.00000000  -0.0000000000e+00
    250000   -88.00000000  -4.2642000000e-02
    250000   -86.00000000  -8.5142000000e-02
    250000   -84.00000000  -1.2729400000e-01
    250000   -82.00000000  -1.6889200000e-01
    250000   -80.00000000  -2.0973700000e-01
    250000   -78.00000000  -2.4963200000e-01
    250000   -76.00000000  -2.8838400000e-01
    250000   -74.00000000  -3.2580900000e-01
    250000   -72.00000000  -3.6172800000e-01
    250000   -70.00000000  -3.9597100000e-01
    250000   -68.00000000  -4.2837500000e-01
    250000   -66.00000000  -4.5878900000e-01
    250000   -64.00000000  -4.8707100000e-01
    250000   -62.00000000  -5.1309100000e-01
    250000   -60.00000000  -5.3673100000e-01
    250000   -58.00000000  -5.5788400000e-01
    250000   -56.00000000  -5.7646000000e-01
    250000   -54.00000000  -5.9237800000e-01
    250000   -52.00000000  -6.0557500000e-01
    250000   -50.00000000  -6.1600300000e-01
    250000   -48.00000000  -6.2362800000e-01
    250000   -46.00000000  -6.2843300000e-01
    250000   -44.00000000  -6.3041800000e-01
    250000   -42.00000000  -6.2959900000e-01
    250000   -40.00000000  -6.2601300000e-01
    250000   -38.00000000  -6.1971100000e-01
    250000   -36.00000000  -6.1077000000e-01
    250000   -34.00000000  -5.9928500000e-01
    250000   -32.00000000  -5.8537500000e-01
    250000   -30.00000000  -5.6918600000e-01
    250000   -28.00000000  -5.5089500000e-01
    250000   -26.00000000  -5.3071700000e-01
    250000   -24.00000000  -5.0891200000e-01
    250000   -22.00000000  -4.8580600000e-01
    250000   -20.00000000  -4.6180900000e-01
    250000   -18.00000000  -4.3746300000e-01
    250000   -16.00000000  -4.1351000000e-01
    250000   -14.00000000  -3.9103700000e-01
    250000   -12.00000000  -3.7174500000e-01
    250000   -10.00000000  -3.5855900000e-01
    250000    -8.00000000  -3.5920000000e-01
    250000    -6.00000000  -3.7579000000e-01
    250000    -4.00000000  -1.7203000000e-02
    250000    -2.00000000   3.6540000000e-01
    250000     0.00000000   6.5490000000e-01
    250000     2.00000000   9.0680000000e-01
    250000     4.00000000   1.1109030000e+00
    250000     6.00000000   1.2688480000e+00
    250000     8.00000000   1.1076970000e+00
    250000    10.00000000   9.3052000000e-01
    250000    12.00000000   8.4300800000e-01
    250000    14.00000000   7.8957200000e-01
    250000    16.00000000   7.5681400000e-01
    250000    18.00000000   7.3721600000e-01
    250000    20.00000000   7.2620400000e-01
    250000    22.00000000   7.2081800000e-01
    250000    24.00000000   7.1903900000e-01
    250000    26.00000000   7.1943400000e-01
    250000    28.00000000   7.2095200000e-01
    250000    30.00000000   7.2279800000e-01
    250000    32.00000000   7.2435900000e-01
    250000    34.00000000   7.2515400000e-01
    250000    36.00000000   7.2480300000e-01
    250000    38.00000000   7.2300100000e-01
    250000    40.00000000   7.1950400000e-01
    250000    42.00000000   7.1412100000e-01
    250000    44.00000000   7.0670200000e-01
    250000    46.00000000   6.9713100000e-01
    250000    48.00000000   6.8532800000e-01
    250000    50.00000000   6.7123800000e-01
    250000    52.00000000   6.5483400000e-01
    250000    54.00000000   6.3611100000e-01
    250000    56.00000000   6.1508600000e-01
    250000    58.00000000   5.9179500000e-01
    250000    60.00000000   5.6629300000e-01
    250000    62.00000000   5.3865400000e-01
    250000    64.00000000   5.0896600000e-01
    250000    66.00000000   4.7733400000e-01
    250000    68.00000000   4.4387400000e-01
    250000    70.00000000   4.0871900000e-01
    250000    72.00000000   3.7201100000e-01
    250000    74.00000000   3.3390300000e-01
    250000    76.00000000   2.9456100000e-01
    250000    78.00000000   2.5415800000e-01
    250000    80.00000000   2.1287300000e-01
    250000    82.00000000   1.7089500000e-01
    250000    84.00000000   1.2841900000e-01
    250000    86.00000000   8.5642000000e-02
    250000    88.00000000   4.2767000000e-02
    250000    90.00000000   0.0000000000e+00
     50000   -90.00000000  -0.0000000000e+00
     50000   -88.00000000  -4.2636000000e-02
     50000   -86.00000000  -8.5119000000e-02
     50000   -84.00000000  -1.2724200000e-01
     50000   -82.00000000  -1.6880100000e-01
     50000   -80.00000000  -2.0959400000e-01
     50000   -78.00000000  -2.4942500000e-01
     50000   -76.00000000  -2.8810200000e-01
     50000   -74.00000000  -3.2543900000e-01
     50000   -72.00000000  -3.6125800000e-01
     50000   -70.00000000  -3.9538800000e-01
     50000   -68.00000000  -4.2766600000e-01
     50000   -66.00000000  -4.5794100000e-01
     50000   -64.00000000  -4.8607000000e-01
     50000   -62.00000000  -5.1192200000e-01
     50000   -60.00000000  -5.3537900000e-01
     50000   -58.00000000  -5.5633400000e-01
     50000   -56.00000000  -5.7469400000e-01
     50000   -54.00000000  -5.9037800000e-01
     50000   -52.00000000  -6.0332300000e-01
     50000   -50.00000000  -6.1347800000e-01
     50000   -48.00000000  -6.2080800000e-01
     50000   -46.00000000  -6.2529300000e-01
     50000   -44.00000000  -6.2693100000e-01
     50000   -42.00000000  -6.2573500000e-01
     50000   -40.00000000  -6.2173800000e-01
     50000   -38.00000000  -6.1498900000e-01
     50000   -36.00000000  -6.0555700000e-01
     50000   -34.00000000  -5.9353000000e-01
     50000   -32.00000000  -5.7902000000e-01
     50000   -30.00000000  -5.6216300000e-01
     50000   -28.00000000  -5.4312000000e-01
     50000   -26.00000000  -5.2208800000e-01
     50000   -24.00000000  -4.9930500000e-01
     50000   -22.00000000  -4.7506100000e-01
     50000   -20.00000000  -4.4972100000e-01
     50000   -18.00000000  -4.2375800000e-01
     50000   -16.00000000  -3.9781500000e-01
     50000   -14.00000000  -3.7281600000e-01
     50000   -12.00000000  -3.5019900000e-01
     50000   -10.00000000  -3.3241000000e-01
     50000    -8.00000000  -3.2416500000e-01
     50000    -6.00000000  -3.4040900000e-01
     50000    -4.00000000  -3.1988600000e-01
     50000    -2.00000000   1.2721500000e-01
     50000     0.00000000   3.2750000000e-01
     50000     2.00000000   5.2390000000e-01
     50000     4.00000000   8.6260000000e-01
     50000     6.00000000   1.1873000000e+00
     50000     8.00000000   1.2694220000e+00
     50000    10.00000000   1.2466690000e+00
     50000    12.00000000   1.0862650000e+00
     50000    14.00000000   9.9528900000e-01
     50000    16.00000000   9.3402200000e-01
     50000    18.00000000   8.9194300000e-01
     50000    20.00000000   8.6268000000e-01
     50000    22.00000000   8.4212700000e-01
     50000    24.00000000   8.2750200000e-01
     50000    26.00000000   8.1684600000e-01
     50000    28.00000000   8.0873200000e-01
     50000    30.00000000   8.0208900000e-01
     50000    32.00000000   7.9610000000e-01
     50000    34.00000000   7.9012600000e-01
     50000    36.00000000   7.8366500000e-01
     50000    38.00000000   7.7631700000e-01
     50000    40.00000000   7.6776300000e-01
     50000    42.00000000   7.5775000000e-01
     50000    44.00000000   7.4607800000e-01
     50000    46.00000000   7.3259200000e-01
     50000    48.00000000   7.1717600000e-01
     50000    50.00000000   6.9975000000e-01
     50000    52.00000000   6.8026100000e-01
     50000    54.00000000   6.5868600000e-01
     50000    56.00000000   6.3502400000e-01
     50000    58.00000000   6.0929900000e-01
     50000    60.00000000   5.8155300000e-01
     50000    62.00000000   5.5185000000e-01
     50000    64.00000000   5.2026900000e-01
     50000    66.00000000   4.8690700000e-01
     50000    68.00000000   4.5187500000e-01
     50000    70.00000000   4.1529900000e-01
     50000    72.00000000   3.7731800000e-01
     50000    74.00000000   3.3808200000e-01
     50000    76.00000000   2.9775000000e-01
     50000    78.00000000   2.5649400000e-01
     50000    80.00000000   2.1449100000e-01
     50000    82.00000000   1.7192900000e-01
     50000    84.00000000   1.2899900000e-01
     50000    86.00000000   8.5899000000e-02
     50000    88.00000000   4.2831000000e-02
     50000    90.00000000   0.0000000000e+00
    100000   -90.00000000  -0.0000000000e+00
    100000   -88.00000000  -4.2642000000e-02
    100000   -86.00000000  -8.5140000000e-02
    100000   -84.00000000  -1.2728800000e-01
    100000   -82.00000000  -1.6888300000e-01
    100000   -80.00000000  -2.0972300000e-01
    100000   -78.00000000  -2.4961100000e-01
    100000   -76.00000000  -2.8835600000e-01
    100000   -74.00000000  -3.2577200000e-01
    100000   -72.00000000  -3.6168100000e-01
    100000   -70.00000000  -3.9591300000e-01
    100000   -68.00000000  -4.2830400000e-01
    100000   -66.00000000  -4.5870400000e-01
    100000   -64.00000000  -4.8697100000e-01
    100000   -62.00000000  -5.1297400000e-01
    100000   -60.00000000  -5.3659600000e-01
    100000   -58.00000000  -5.5773000000e-01
    100000   -56.00000000  -5.7628300000e-01
    100000   -54.00000000  -5.9217800000e-01
    100000   -52.00000000  -6.0535100000e-01
    100000   -50.00000000  -6.1575100000e-01
    100000   -48.00000000  -6.2334700000e-01
    100000   -46.00000000  -6.2812000000e-01
    100000   -44.00000000  -6.3007000000e-01
    100000   -42.00000000  -6.2921400000e-01
    100000   -40.00000000  -6.2558600000e-01
    100000   -38.00000000  -6.1924000000e-01
    100000   -36.00000000  -6.1025000000e-01
    100000   -34.00000000  -5.9871100000e-01
    100000   -32.00000000  -5.8474100000e-01
    100000   -30.00000000  -5.6848500000e-01
    100000   -28.00000000  -5.5011900000e-01
    100000   -26.00000000  -5.2985500000e-01
    100000   -24.00000000  -5.0795300000e-01
    100000   -22.00000000  -4.8473400000e-01
    100000   -20.00000000  -4.6060300000e-01
    100000   -18.00000000  -4.3609500000e-01
    100000   -16.00000000  -4.1194400000e-01
    100000   -14.00000000  -3.8921900000e-01
    100000   -12.00000000  -3.6959400000e-01
    100000   -10.00000000  -3.5595000000e-01
    100000    -8.00000000  -3.5190300000e-01
    100000    -6.00000000  -3.7610000000e-01
    100000    -4.00000000  -2.3337600000e-01
    100000    -2.00000000   1.3110000000e-01
    100000     0.00000000   4.7380000000e-01
    100000     2.00000000   7.6330000000e-01
    100000     4.00000000   1.0588000000e+00
    100000     6.00000000   1.2363960000e+00
    100000     8.00000000   1.2709000000e+00
    100000    10.00000000   1.0967710000e+00
    100000    12.00000000   9.6851100000e-01
    100000    14.00000000   8.9570800000e-01
    100000    16.00000000   8.4824100000e-01
    100000    18.00000000   8.1704400000e-01
    100000    20.00000000   7.9661600000e-01
    100000    22.00000000   7.8340500000e-01
    100000    24.00000000   7.7499800000e-01
    100000    26.00000000   7.6969200000e-01
    100000    28.00000000   7.6624000000e-01
    100000    30.00000000   7.6370600000e-01
    100000    32.00000000   7.6137200000e-01
    100000    34.00000000   7.5867500000e-01
    100000    36.00000000   7.5517200000e-01
    100000    38.00000000   7.5050800000e-01
    100000    40.00000000   7.4440300000e-01
    100000    42.00000000   7.3663100000e-01
    100000    44.00000000   7.2701700000e-01
    100000    46.00000000   7.1542600000e-01
    100000    48.00000000   7.0175900000e-01
    100000    50.00000000   6.8594800000e-01
    100000    52.00000000   6.6795300000e-01
    100000    54.00000000   6.4775800000e-01
    100000    56.00000000   6.2537200000e-01
    100000    58.00000000   6.0082500000e-01
    100000    60.00000000   5.7416600000e-01
    100000    62.00000000   5.4546200000e-01
    100000    64.00000000   5.1479800000e-01
    100000    66.00000000   4.8227300000e-01
    100000    68.00000000   4.4800200000e-01
    100000    70.00000000   4.1211400000e-01
    100000    72.00000000   3.7474900000e-01
    100000    74.00000000   3.3605900000e-01
    100000    76.00000000   2.9620600000e-01
    100000    78.00000000   2.5536300000e-01
    100000    80.00000000   2.1370800000e-01
    100000    82.00000000   1.7142900000e-01
    100000    84.00000000   1.2871800000e-01
    100000    86.00000000   8.5775000000e-02
    100000    88.00000000   4.2800000000e-02
    100000    90.00000000   0.0000000000e+00
    150000   -90.00000000  -0.0000000000e+00
    150000   -88.00000000  -4.2639000000e-02
    150000   -86.00000000  -8.5128000000e-02
    150000   -84.00000000  -1.2726100000e-01
    150000   -82.00000000  -1.6883400000e-01
    150000   -80.00000000  -2.0964700000e-01
    150000   -78.00000000  -2.4950100000e-01
    150000   -76.00000000  -2.8820600000e-01
    150000   -74.00000000  -3.2557500000e-01
    150000   -72.00000000  -3.6143100000e-01
    150000   -70.00000000  -3.9560200000e-01
    150000   -68.00000000  -4.2792600000e-01
    150000   -66.00000000  -4.5825200000e-01
    150000   -64.00000000  -4.8643700000e-01
    150000   -62.00000000  -5.1235100000e-01
    150000   -60.00000000  -5.3587500000e-01
    150000   -58.00000000  -5.5690300000e-01
    150000   -56.00000000  -5.7534200000e-01
    150000   -54.00000000  -5.9111300000e-01
    150000   -52.00000000  -6.0415000000e-01
    150000   -50.00000000  -6.1440500000e-01
    150000   -48.00000000  -6.2184300000e-01
    150000   -46.00000000  -6.2644600000e-01
    150000   -44.00000000  -6.2821100000e-01
    150000   -42.00000000  -6.2715400000e-01
    150000   -40.00000000  -6.2330800000e-01
    150000   -38.00000000  -6.1672300000e-01
    150000   -36.00000000  -6.0747100000e-01
    150000   -34.00000000  -5.9564400000e-01
    150000   -32.00000000  -5.8135400000e-01
    150000   -30.00000000  -5.6474200000e-01
    150000   -28.00000000  -5.4597500000e-01
    150000   -26.00000000  -5.2525700000e-01
    150000   -24.00000000  -5.0283300000e-01
    150000   -22.00000000  -4.7900700000e-01
    150000   -20.00000000  -4.5416000000e-01
    150000   -18.00000000  -4.2879100000e-01
    150000   -16.00000000  -4.0357800000e-01
    150000   -14.00000000  -3.7950700000e-01
    150000   -12.00000000  -3.5811100000e-01
    150000   -10.00000000  -3.4201200000e-01
    150000    -8.00000000  -3.3688500000e-01
    150000    -6.00000000  -3.5723200000e-01
    150000    -4.00000000  -1.7473900000e-01
    150000    -2.00000000   2.5070000000e-01
    150000     0.00000000   5.4660000000e-01
    150000     2.00000000   8.4880000000e-01
    150000     4.00000000   1.0696000000e+00
    150000     6.00000000   1.2696550000e+00
    150000     8.00000000   1.1969100000e+00
    150000    10.00000000   1.0411300000e+00
    150000    12.00000000   9.3393500000e-01
    150000    14.00000000   8.6646800000e-01
    150000    16.00000000   8.2305300000e-01
    150000    18.00000000   7.9505200000e-01
    150000    20.00000000   7.7721800000e-01
    150000    22.00000000   7.6616200000e-01
    150000    24.00000000   7.5958100000e-01
    150000    26.00000000   7.5584600000e-01
    150000    28.00000000   7.5376300000e-01
    150000    30.00000000   7.5243600000e-01
    150000    32.00000000   7.5117500000e-01
    150000    34.00000000   7.4944000000e-01
    150000    36.00000000   7.4680500000e-01
    150000    38.00000000   7.4293000000e-01
    150000    40.00000000   7.3754300000e-01
    150000    42.00000000   7.3043000000e-01
    150000    44.00000000   7.2142000000e-01
    150000    46.00000000   7.1038600000e-01
    150000    48.00000000   6.9723300000e-01
    150000    50.00000000   6.8189600000e-01
    150000    52.00000000   6.6433900000e-01
    150000    54.00000000   6.4454900000e-01
    150000    56.00000000   6.2253900000e-01
    150000    58.00000000   5.9833700000e-01
    150000    60.00000000   5.7199700000e-01
    150000    62.00000000   5.4358700000e-01
    150000    64.00000000   5.1319100000e-01
    150000    66.00000000   4.8091200000e-01
    150000    68.00000000   4.4686500000e-01
    150000    70.00000000   4.1117900000e-01
    150000    72.00000000   3.7399500000e-01
    150000    74.00000000   3.3546500000e-01
    150000    76.00000000   2.9575300000e-01
    150000    78.00000000   2.5503100000e-01
    150000    80.00000000   2.1347800000e-01
    150000    82.00000000   1.7128200000e-01
    150000    84.00000000   1.2863600000e-01
    150000    86.00000000   8.5738000000e-02
    150000    88.00000000   4.2791000000e-02
    150000    90.00000000   0.0000000000e+00
    200000   -90.00000000  -0.0000000000e+00
    200000   -88.00000000  -4.2643000000e-02
    200000   -86.00000000  -8.5145000000e-02
    200000   -84.00000000  -1.2730100000e-01
    200000   -82.00000000  -1.6890600000e-01
    200000   -80.00000000  -2.0975900000e-01
    200000   -78.00000000  -2.4966300000e-01
    200000   -76.00000000  -2.8842600000e-01
    200000   -74.00000000  -3.2586400000e-01
    200000   -72.00000000  -3.6179800000e-01
    200000   -70.00000000  -3.9605700000e-01
    200000   -68.00000000  -4.2848000000e-01
    200000   -66.00000000  -4.5891500000e-01
    200000   -64.00000000  -4.8721900000e-01
    200000   -62.00000000  -5.1326400000e-01
    200000   -60.00000000  -5.3693100000e-01
    200000   -58.00000000  -5.5811400000e-01
    200000   -56.00000000  -5.7672200000e-01
    200000   -54.00000000  -5.9267500000e-01
    200000   -52.00000000  -6.0591000000e-01
    200000   -50.00000000  -6.1637800000e-01
    200000   -48.00000000  -6.2404700000e-01
    200000   -46.00000000  -6.2890000000e-01
    200000   -44.00000000  -6.3093600000e-01
    200000   -42.00000000  -6.3017300000e-01
    200000   -40.00000000  -6.2664700000e-01
    200000   -38.00000000  -6.2041200000e-01
    200000   -36.00000000  -6.1154400000e-01
    200000   -34.00000000  -6.0013900000e-01
    200000   -32.00000000  -5.8631800000e-01
    200000   -30.00000000  -5.7022800000e-01
    200000   -28.00000000  -5.5204900000e-01
    200000   -26.00000000  -5.3199700000e-01
    200000   -24.00000000  -5.1033800000e-01
    200000   -22.00000000  -4.8740100000e-01
    200000   -20.00000000  -4.6360300000e-01
    200000   -18.00000000  -4.3949700000e-01
    200000   -16.00000000  -4.1584000000e-01
    200000   -14.00000000  -3.9374100000e-01
    200000   -12.00000000  -3.7494200000e-01
    200000   -10.00000000  -3.6172900000e-01
    200000    -8.00000000  -3.5101100000e-01
    200000    -6.00000000  -3.0804000000e-01
    200000    -4.00000000   3.3000000000e-03
    200000    -2.00000000   3.1960000000e-01
    200000     0.00000000   6.0200000000e-01
    200000     2.00000000   8.7395000000e-01
    200000     4.00000000   1.0749000000e+00
    200000     6.00000000   1.2611450000e+00
    200000     8.00000000   1.2468380000e+00
    200000    10.00000000   1.0499260000e+00
    200000    12.00000000   9.3749300000e-01
    200000    14.00000000   8.6947600000e-01
    200000    16.00000000   8.2564400000e-01
    200000    18.00000000   7.9731400000e-01
    200000    20.00000000   7.7921400000e-01
    200000    22.00000000   7.6793600000e-01
    200000    24.00000000   7.6116700000e-01
    200000    26.00000000   7.5727000000e-01
    200000    28.00000000   7.5504700000e-01
    200000    30.00000000   7.5359600000e-01
    200000    32.00000000   7.5222400000e-01
    200000    34.00000000   7.5039000000e-01
    200000    36.00000000   7.4766600000e-01
    200000    38.00000000   7.4371000000e-01
    200000    40.00000000   7.3824900000e-01
    200000    42.00000000   7.3106700000e-01
    200000    44.00000000   7.2199600000e-01
    200000    46.00000000   7.1090500000e-01
    200000    48.00000000   6.9769800000e-01
    200000    50.00000000   6.8231300000e-01
    200000    52.00000000   6.6471100000e-01
    200000    54.00000000   6.4488000000e-01
    200000    56.00000000   6.2283000000e-01
    200000    58.00000000   5.9859300000e-01
    200000    60.00000000   5.7222000000e-01
    200000    62.00000000   5.4378000000e-01
    200000    64.00000000   5.1335600000e-01
    200000    66.00000000   4.8105200000e-01
    200000    68.00000000   4.4698200000e-01
    200000    70.00000000   4.1127500000e-01
    200000    72.00000000   3.7407200000e-01
    200000    74.00000000   3.3552600000e-01
    200000    76.00000000   2.9580000000e-01
    200000    78.00000000   2.5506500000e-01
    200000    80.00000000   2.1350200000e-01
    200000    82.00000000   1.7129700000e-01
    200000    84.00000000   1.2864400000e-01
    200000    86.00000000   8.5742000000e-02
    200000    88.00000000   4.2792000000e-02
    200000    90.00000000   0.0000000000e+00
    250000   -90.00000000  -0.0000000000e+00
    250000   -88.00000000  -4.2638000000e-02
    250000   -86.00000000  -8.5127000000e-02
    250000   -84.00000000  -1.2726000000e-01
    250000   -82.00000000  -1.6883200000e-01
    250000   -80.00000000  -2.0964300000e-01
    250000   -78.00000000  -2.4949700000e-01
    250000   -76.00000000  -2.8820000000e-01
    250000   -74.00000000  -3.2556700000e-01
    250000   -72.00000000  -3.6142100000e-01
    250000   -70.00000000  -3.9558900000e-01
    250000   -68.00000000  -4.2791100000e-01
    250000   -66.00000000  -4.5823400000e-01
    250000   -64.00000000  -4.8641600000e-01
    250000   -62.00000000  -5.1232600000e-01
    250000   -60.00000000  -5.3584600000e-01
    250000   -58.00000000  -5.5687000000e-01
    250000   -56.00000000  -5.7530400000e-01
    250000   -54.00000000  -5.9107000000e-01
    250000   -52.00000000  -6.0410200000e-01
    250000   -50.00000000  -6.1435100000e-01
    250000   -48.00000000  -6.2178300000e-01
    250000   -46.00000000  -6.2637900000e-01
    250000   -44.00000000  -6.2813700000e-01
    250000   -42.00000000  -6.2707200000e-01
    250000   -40.00000000  -6.2321600000e-01
    250000   -38.00000000  -6.1662200000e-01
    250000   -36.00000000  -6.0736000000e-01
    250000   -34.00000000  -5.9552000000e-01
    250000   -32.00000000  -5.8121800000e-01
    250000   -30.00000000  -5.6459100000e-01
    250000   -28.00000000  -5.4580900000e-01
    250000   -26.00000000  -5.2507200000e-01
    250000   -24.00000000  -5.0262800000e-01
    250000   -22.00000000  -4.7877700000e-01
    250000   -20.00000000  -4.5390200000e-01
    250000   -18.00000000  -4.2849800000e-01
    250000   -16.00000000  -4.0324300000e-01
    250000   -14.00000000  -3.7911800000e-01
    250000   -12.00000000  -3.5765000000e-01
    250000   -10.00000000  -3.4145300000e-01
    250000    -8.00000000  -3.4672900000e-01
    250000    -6.00000000  -3.0054700000e-01
    250000    -4.00000000   4.8867000000e-02
    250000    -2.00000000   3.6060000000e-01
    250000     0.00000000   6.4120000000e-01
    250000     2.00000000   8.8010000000e-01
    250000     4.00000000   1.0719600000e+00
    250000     6.00000000   1.2612900000e+00
    250000     8.00000000   1.1396500000e+00
    250000    10.00000000   9.5379000000e-01
    250000    12.00000000   8.6218000000e-01
    250000    14.00000000   8.0578600000e-01
    250000    16.00000000   7.7078100000e-01
    250000    18.00000000   7.4941100000e-01
    250000    20.00000000   7.3696100000e-01
    250000    22.00000000   7.3037900000e-01
    250000    24.00000000   7.2758700000e-01
    250000    26.00000000   7.2711200000e-01
    250000    28.00000000   7.2787000000e-01
    250000    30.00000000   7.2904700000e-01
    250000    32.00000000   7.3001300000e-01
    250000    34.00000000   7.3027500000e-01
    250000    36.00000000   7.2944300000e-01
    250000    38.00000000   7.2720300000e-01
    250000    40.00000000   7.2330800000e-01
    250000    42.00000000   7.1756000000e-01
    250000    44.00000000   7.0980500000e-01
    250000    46.00000000   6.9992600000e-01
    250000    48.00000000   6.8783800000e-01
    250000    50.00000000   6.7348600000e-01
    250000    52.00000000   6.5683900000e-01
    250000    54.00000000   6.3789100000e-01
    250000    56.00000000   6.1665700000e-01
    250000    58.00000000   5.9317400000e-01
    250000    60.00000000   5.6749600000e-01
    250000    62.00000000   5.3969400000e-01
    250000    64.00000000   5.0985700000e-01
    250000    66.00000000   4.7808800000e-01
    250000    68.00000000   4.4450500000e-01
    250000    70.00000000   4.0923800000e-01
    250000    72.00000000   3.7242900000e-01
    250000    74.00000000   3.3423300000e-01
    250000    76.00000000   2.9481300000e-01
    250000    78.00000000   2.5434200000e-01
    250000    80.00000000   2.1300000000e-01
    250000    82.00000000   1.7097700000e-01
    250000    84.00000000   1.2846400000e-01
    250000    86.00000000   8.5662000000e-02
    250000    88.00000000   4.2772000000e-02
    250000    90.00000000   0.0000000000e+00
     50000   -90.00000000  -0.0000000000e+00
     50000   -88.00000000  -4.2638000000e-02
     50000   -86.00000000  -8.5126000000e-02
     50000   -84.00000000  -1.2725800000e-01
     50000   -82.00000000  -1.6882900000e-01
     50000   -80.00000000  -2.0963800000e-01
     50000   -78.00000000  -2.4948900000e-01
     50000   -76.00000000  -2.8818900000e-01
     50000   -74.00000000  -3.2555400000e-01
     50000   -72.00000000  -3.6140300000e-01
     50000   -70.00000000  -3.9556800000e-01
     50000   -68.00000000  -4.2788500000e-01
     50000   -66.00000000  -4.5820300000e-01
     50000   -64.00000000  -4.8637900000e-01
     50000   -62.00000000  -5.1228300000e-01
     50000   -60.00000000  -5.3579600000e-01
     50000   -58.00000000  -5.5681300000e-01
     50000   -56.00000000  -5.7523900000e-01
     50000   -54.00000000  -5.9099600000e-01
     50000   -52.00000000  -6.0401900000e-01
     50000   -50.00000000  -6.1425800000e-01
     50000   -48.00000000  -6.2167900000e-01
     50000   -46.00000000  -6.2626200000e-01
     50000   -44.00000000  -6.2800700000e-01
     50000   -42.00000000  -6.2692800000e-01
     50000   -40.00000000  -6.2305800000e-01
     50000   -38.00000000  -6.1644700000e-01
     50000   -36.00000000  -6.0716700000e-01
     50000   -34.00000000  -5.9530700000e-01
     50000   -32.00000000  -5.8098300000e-01
     50000   -30.00000000  -5.6433100000e-01
     50000   -28.00000000  -5.4552100000e-01
     50000   -26.00000000  -5.2475300000e-01
     50000   -24.00000000  -5.0227200000e-01
     50000   -22.00000000  -4.7837900000e-01
     50000   -20.00000000  -4.5345400000e-01
     50000   -18.00000000  -4.2799000000e-01
     50000   -16.00000000  -4.0266100000e-01
     50000   -14.00000000  -3.7844300000e-01
     50000   -12.00000000  -3.5685200000e-01
     50000   -10.00000000  -3.4048400000e-01
     50000    -8.00000000  -3.3435200000e-01
     50000    -6.00000000  -3.5116900000e-01
     50000    -4.00000000  -2.4840000000e-01
     50000    -2.00000000   1.2940000000e-01
     50000     0.00000000   3.1430000000e-01
     50000     2.00000000   5.1670000000e-01
     50000     4.00000000   8.4080000000e-01
     50000     6.00000000   1.1686000000e+00
     50000     8.00000000   1.2201340000e+00
     50000    10.00000000   1.3491000000e+00
     50000    12.00000000   1.1830890000e+00
     50000    14.00000000   1.0812340000e+00
     50000    16.00000000   1.0080560000e+00
     50000    18.00000000   9.5658500000e-01
     50000    20.00000000   9.1969800000e-01
     50000    22.00000000   8.9280700000e-01
     50000    24.00000000   8.7281600000e-01
     50000    26.00000000   8.5754400000e-01
     50000    28.00000000   8.4540500000e-01
     50000    30.00000000   8.3521600000e-01
     50000    32.00000000   8.2607200000e-01
     50000    34.00000000   8.1727000000e-01
     50000    36.00000000   8.0825600000e-01
     50000    38.00000000   7.9859200000e-01
     50000    40.00000000   7.8792500000e-01
     50000    42.00000000   7.7597700000e-01
     50000    44.00000000   7.6252800000e-01
     50000    46.00000000   7.4740600000e-01
     50000    48.00000000   7.3048200000e-01
     50000    50.00000000   7.1166100000e-01
     50000    52.00000000   6.9088400000e-01
     50000    54.00000000   6.6811700000e-01
     50000    56.00000000   6.4335400000e-01
     50000    58.00000000   6.1661100000e-01
     50000    60.00000000   5.8792800000e-01
     50000    62.00000000   5.5736200000e-01
     50000    64.00000000   5.2499000000e-01
     50000    66.00000000   4.9090600000e-01
     50000    68.00000000   4.5521700000e-01
     50000    70.00000000   4.1804900000e-01
     50000    72.00000000   3.7953600000e-01
     50000    74.00000000   3.3982700000e-01
     50000    76.00000000   2.9908200000e-01
     50000    78.00000000   2.5747000000e-01
     50000    80.00000000   2.1516800000e-01
     50000    82.00000000   1.7236100000e-01
     50000    84.00000000   1.2924200000e-01
     50000    86.00000000   8.6007000000e-02
     50000    88.00000000   4.2858000000e-02
     50000    90.00000000   0.0000000000e+00
    100000   -90.00000000  -0.0000000000e+00
    100000   -88.00000000  -4.2640000000e-02
    100000   -86.00000000  -8.5135000000e-02
    100000   -84.00000000  -1.2727800000e-01
    100000   -82.00000000  -1.6886400000e-01
    100000   -80.00000000  -2.0969400000e-01
    100000   -78.00000000  -2.4956900000e-01
    100000   -76.00000000  -2.8829900000e-01
    100000   -74.00000000  -3.2569700000e-01
    100000   -72.00000000  -3.6158600000e-01
    100000   -70.00000000  -3.9579400000e-01
    100000   -68.00000000  -4.2816000000e-01
    100000   -66.00000000  -4.5853200000e-01
    100000   -64.00000000  -4.8676700000e-01
    100000   -62.00000000  -5.1273700000e-01
    100000   -60.00000000  -5.3632100000e-01
    100000   -58.00000000  -5.5741400000e-01
    100000   -56.00000000  -5.7592400000e-01
    100000   -54.00000000  -5.9177200000e-01
    100000   -52.00000000  -6.0489300000e-01
    100000   -50.00000000  -6.1523800000e-01
    100000   -48.00000000  -6.2277300000e-01
    100000   -46.00000000  -6.2748100000e-01
    100000   -44.00000000  -6.2936100000e-01
    100000   -42.00000000  -6.2842800000e-01
    100000   -40.00000000  -6.2471700000e-01
    100000   -38.00000000  -6.1828000000e-01
    100000   -36.00000000  -6.0919000000e-01
    100000   -34.00000000  -5.9754100000e-01
    100000   -32.00000000  -5.8344900000e-01
    100000   -30.00000000  -5.6705700000e-01
    100000   -28.00000000  -5.4853800000e-01
    100000   -26.00000000  -5.2810100000e-01
    100000   -24.00000000  -5.0600000000e-01
    100000   -22.00000000  -4.8254900000e-01
    100000   -20.00000000  -4.5814500000e-01
    100000   -18.00000000  -4.3330900000e-01
    100000   -16.00000000  -4.0875300000e-01
    100000   -14.00000000  -3.8551400000e-01
    100000   -12.00000000  -3.6521400000e-01
    100000   -10.00000000  -3.5063300000e-01
    100000    -8.00000000  -3.4629100000e-01
    100000    -6.00000000  -3.6897800000e-01
    100000    -4.00000000  -2.3186600000e-01
    100000    -2.00000000   1.2900000000e-01
    100000     0.00000000   4.4790000000e-01
    100000     2.00000000   7.5460000000e-01
    100000     4.00000000   1.0372000000e+00
    100000     6.00000000   1.2122820000e+00
    100000     8.00000000   1.2987710000e+00
    100000    10.00000000   1.1549770000e+00
    100000    12.00000000   1.0122020000e+00
    100000    14.00000000   9.3265600000e-01
    100000    16.00000000   8.8006900000e-01
    100000    18.00000000   8.4483400000e-01
    100000    20.00000000   8.2112800000e-01
    100000    22.00000000   8.0519300000e-01
    100000    24.00000000   7.9447900000e-01
    100000    26.00000000   7.8718800000e-01
    100000    28.00000000   7.8200600000e-01
    100000    30.00000000   7.7794800000e-01
    100000    32.00000000   7.7425700000e-01
    100000    34.00000000   7.7034500000e-01
    100000    36.00000000   7.6574400000e-01
    100000    38.00000000   7.6008400000e-01
    100000    40.00000000   7.5307000000e-01
    100000    42.00000000   7.4446700000e-01
    100000    44.00000000   7.3408900000e-01
    100000    46.00000000   7.2179500000e-01
    100000    48.00000000   7.0748000000e-01
    100000    50.00000000   6.9106900000e-01
    100000    52.00000000   6.7252000000e-01
    100000    54.00000000   6.5181300000e-01
    100000    56.00000000   6.2895400000e-01
    100000    58.00000000   6.0396900000e-01
    100000    60.00000000   5.7690700000e-01
    100000    62.00000000   5.4783200000e-01
    100000    64.00000000   5.1682800000e-01
    100000    66.00000000   4.8399200000e-01
    100000    68.00000000   4.4943900000e-01
    100000    70.00000000   4.1329600000e-01
    100000    72.00000000   3.7570200000e-01
    100000    74.00000000   3.3680900000e-01
    100000    76.00000000   2.9677900000e-01
    100000    78.00000000   2.5578200000e-01
    100000    80.00000000   2.1399900000e-01
    100000    82.00000000   1.7161400000e-01
    100000    84.00000000   1.2882300000e-01
    100000    86.00000000   8.5821000000e-02
    100000    88.00000000   4.2812000000e-02
    100000    90.00000000   0.0000000000e+00
    150000   -90.00000000  -0.0000000000e+00
    150000   -88.00000000  -4.2640000000e-02
    150000   -86.00000000  -8.5132000000e-02
    150000   -84.00000000  -1.2727100000e-01
    150000   -82.00000000  -1.6885200000e-01
    150000   -80.00000000  -2.0967500000e-01
    150000   -78.00000000  -2.4954200000e-01
    150000   -76.00000000  -2.8826100000e-01
    150000   -74.00000000  -3.2564800000e-01
    150000   -72.00000000  -3.6152300000e-01
    150000   -70.00000000  -3.9571600000e-01
    150000   -68.00000000  -4.2806500000e-01
    150000   -66.00000000  -4.5841900000e-01
    150000   -64.00000000  -4.8663400000e-01
    150000   -62.00000000  -5.1258100000e-01
    150000   -60.00000000  -5.3614100000e-01
    150000   -58.00000000  -5.5720800000e-01
    150000   -56.00000000  -5.7568900000e-01
    150000   -54.00000000  -5.9150500000e-01
    150000   -52.00000000  -6.0459200000e-01
    150000   -50.00000000  -6.1490100000e-01
    150000   -48.00000000  -6.2239700000e-01
    150000   -46.00000000  -6.2706200000e-01
    150000   -44.00000000  -6.2889600000e-01
    150000   -42.00000000  -6.2791300000e-01
    150000   -40.00000000  -6.2414700000e-01
    150000   -38.00000000  -6.1765000000e-01
    150000   -36.00000000  -6.0849500000e-01
    150000   -34.00000000  -5.9677300000e-01
    150000   -32.00000000  -5.8260100000e-01
    150000   -30.00000000  -5.6612000000e-01
    150000   -28.00000000  -5.4750100000e-01
    150000   -26.00000000  -5.2695000000e-01
    150000   -24.00000000  -5.0471900000e-01
    150000   -22.00000000  -4.8111600000e-01
    150000   -20.00000000  -4.5653300000e-01
    150000   -18.00000000  -4.3148100000e-01
    150000   -16.00000000  -4.0665900000e-01
    150000   -14.00000000  -3.8308400000e-01
    150000   -12.00000000  -3.6234000000e-01
    150000   -10.00000000  -3.4714500000e-01
    150000    -8.00000000  -3.4284600000e-01
    150000    -6.00000000  -3.6363400000e-01
    150000    -4.00000000  -1.9138400000e-01
    150000    -2.00000000   2.4700000000e-01
    150000     0.00000000   5.3990000000e-01
    150000     2.00000000   8.3373300000e-01
    150000     4.00000000   1.0486000000e+00
    150000     6.00000000   1.2255960000e+00
    150000     8.00000000   1.2383950000e+00
    150000    10.00000000   1.0556130000e+00
    150000    12.00000000   9.3869000000e-01
    150000    14.00000000   8.7048800000e-01
    150000    16.00000000   8.2651700000e-01
    150000    18.00000000   7.9807600000e-01
    150000    20.00000000   7.7988500000e-01
    150000    22.00000000   7.6853300000e-01
    150000    24.00000000   7.6170100000e-01
    150000    26.00000000   7.5775000000e-01
    150000    28.00000000   7.5547900000e-01
    150000    30.00000000   7.5398600000e-01
    150000    32.00000000   7.5257700000e-01
    150000    34.00000000   7.5071000000e-01
    150000    36.00000000   7.4795600000e-01
    150000    38.00000000   7.4397200000e-01
    150000    40.00000000   7.3848600000e-01
    150000    42.00000000   7.3128200000e-01
    150000    44.00000000   7.2219000000e-01
    150000    46.00000000   7.1107900000e-01
    150000    48.00000000   6.9785500000e-01
    150000    50.00000000   6.8245300000e-01
    150000    52.00000000   6.6483600000e-01
    150000    54.00000000   6.4499100000e-01
    150000    56.00000000   6.2292800000e-01
    150000    58.00000000   5.9868000000e-01
    150000    60.00000000   5.7229500000e-01
    150000    62.00000000   5.4384400000e-01
    150000    64.00000000   5.1341200000e-01
    150000    66.00000000   4.8109900000e-01
    150000    68.00000000   4.4702100000e-01
    150000    70.00000000   4.1130700000e-01
    150000    72.00000000   3.7409800000e-01
    150000    74.00000000   3.3554700000e-01
    150000    76.00000000   2.9581600000e-01
    150000    78.00000000   2.5507600000e-01
    150000    80.00000000   2.1351000000e-01
    150000    82.00000000   1.7130200000e-01
    150000    84.00000000   1.2864700000e-01
    150000    86.00000000   8.5743000000e-02
    150000    88.00000000   4.2792000000e-02
    150000    90.00000000   0.0000000000e+00
    200000   -90.00000000  -0.0000000000e+00
    200000   -88.00000000  -4.2643000000e-02
    200000   -86.00000000  -8.5144000000e-02
    200000   -84.00000000  -1.2729700000e-01
    200000   -82.00000000  -1.6889800000e-01
    200000   -80.00000000  -2.0974700000e-01
    200000   -78.00000000  -2.4964600000e-01
    200000   -76.00000000  -2.8840300000e-01
    200000   -74.00000000  -3.2583400000e-01
    200000   -72.00000000  -3.6175900000e-01
    200000   -70.00000000  -3.9600900000e-01
    200000   -68.00000000  -4.2842200000e-01
    200000   -66.00000000  -4.5884500000e-01
    200000   -64.00000000  -4.8713700000e-01
    200000   -62.00000000  -5.1316800000e-01
    200000   -60.00000000  -5.3682000000e-01
    200000   -58.00000000  -5.5798600000e-01
    200000   -56.00000000  -5.7657600000e-01
    200000   -54.00000000  -5.9251000000e-01
    200000   -52.00000000  -6.0572400000e-01
    200000   -50.00000000  -6.1617000000e-01
    200000   -48.00000000  -6.2381400000e-01
    200000   -46.00000000  -6.2864000000e-01
    200000   -44.00000000  -6.3064800000e-01
    200000   -42.00000000  -6.2985400000e-01
    200000   -40.00000000  -6.2629400000e-01
    200000   -38.00000000  -6.2002300000e-01
    200000   -36.00000000  -6.1111400000e-01
    200000   -34.00000000  -5.9966400000e-01
    200000   -32.00000000  -5.8579300000e-01
    200000   -30.00000000  -5.6964900000e-01
    200000   -28.00000000  -5.5140700000e-01
    200000   -26.00000000  -5.3128500000e-01
    200000   -24.00000000  -5.0954500000e-01
    200000   -22.00000000  -4.8651400000e-01
    200000   -20.00000000  -4.6260600000e-01
    200000   -18.00000000  -4.3836600000e-01
    200000   -16.00000000  -4.1454500000e-01
    200000   -14.00000000  -3.9223800000e-01
    200000   -12.00000000  -3.7316400000e-01
    200000   -10.00000000  -3.6028200000e-01
    200000    -8.00000000  -3.5782300000e-01
    200000    -6.00000000  -3.8212400000e-01
    200000    -4.00000000  -1.0982000000e-02
    200000    -2.00000000   3.1360000000e-01
    200000     0.00000000   5.9170000000e-01
    200000     2.00000000   8.5030000000e-01
    200000     4.00000000   1.0552000000e+00
    200000     6.00000000   1.2489950000e+00
    200000     8.00000000   1.1607350000e+00
    200000    10.00000000   9.7067100000e-01
    200000    12.00000000   8.7609000000e-01
    200000    14.00000000   8.1754900000e-01
    200000    16.00000000   7.8091400000e-01
    200000    18.00000000   7.5825800000e-01
    200000    20.00000000   7.4476400000e-01
    200000    22.00000000   7.3731500000e-01
    200000    24.00000000   7.3378900000e-01
    200000    26.00000000   7.3268200000e-01
    200000    28.00000000   7.3288900000e-01
    200000    30.00000000   7.3358100000e-01
    200000    32.00000000   7.3411500000e-01
    200000    34.00000000   7.3399000000e-01
    200000    36.00000000   7.3280800000e-01
    200000    38.00000000   7.3025200000e-01
    200000    40.00000000   7.2606700000e-01
    200000    42.00000000   7.2005500000e-01
    200000    44.00000000   7.1205700000e-01
    200000    46.00000000   7.0195400000e-01
    200000    48.00000000   6.8965900000e-01
    200000    50.00000000   6.7511600000e-01
    200000    52.00000000   6.5829200000e-01
    200000    54.00000000   6.3918100000e-01
    200000    56.00000000   6.1779700000e-01
    200000    58.00000000   5.9417500000e-01
    200000    60.00000000   5.6836900000e-01
    200000    62.00000000   5.4044900000e-01
    200000    64.00000000   5.1050400000e-01
    200000    66.00000000   4.7863600000e-01
    200000    68.00000000   4.4496200000e-01
    200000    70.00000000   4.0961400000e-01
    200000    72.00000000   3.7273200000e-01
    200000    74.00000000   3.3447200000e-01
    200000    76.00000000   2.9499500000e-01
    200000    78.00000000   2.5447500000e-01
    200000    80.00000000   2.1309300000e-01
    200000    82.00000000   1.7103600000e-01
    200000    84.00000000   1.2849800000e-01
    200000    86.00000000   8.5677000000e-02
    200000    88.00000000   4.2776000000e-02
    200000    90.00000000   0.0000000000e+00
    250000   -90.00000000  -0.0000000000e+00
    250000   -88.00000000  -4.2636000000e-02
    250000   -86.00000000  -8.5117000000e-02
    250000   -84.00000000  -1.2723600000e-01
    250000   -82.00000000  -1.6879000000e-01
    250000   -80.00000000  -2.0957700000e-01
    250000   -78.00000000  -2.4940000000e-01
    250000   -76.00000000  -2.8806800000e-01
    250000   -74.00000000  -3.2539500000e-01
    250000   -72.00000000  -3.6120100000e-01
    250000   -70.00000000  -3.9531800000e-01
    250000   -68.00000000  -4.2758100000e-01
    250000   -66.00000000  -4.5783900000e-01
    250000   -64.00000000  -4.8594900000e-01
    250000   -62.00000000  -5.1178100000e-01
    250000   -60.00000000  -5.3521600000e-01
    250000   -58.00000000  -5.5614700000e-01
    250000   -56.00000000  -5.7448100000e-01
    250000   -54.00000000  -5.9013700000e-01
    250000   -52.00000000  -6.0305200000e-01
    250000   -50.00000000  -6.1317300000e-01
    250000   -48.00000000  -6.2046700000e-01
    250000   -46.00000000  -6.2491400000e-01
    250000   -44.00000000  -6.2651000000e-01
    250000   -42.00000000  -6.2526900000e-01
    250000   -40.00000000  -6.2122300000e-01
    250000   -38.00000000  -6.1441900000e-01
    250000   -36.00000000  -6.0492800000e-01
    250000   -34.00000000  -5.9283600000e-01
    250000   -32.00000000  -5.7825400000e-01
    250000   -30.00000000  -5.6131500000e-01
    250000   -28.00000000  -5.4218200000e-01
    250000   -26.00000000  -5.2104800000e-01
    250000   -24.00000000  -4.9814600000e-01
    250000   -22.00000000  -4.7376500000e-01
    250000   -20.00000000  -4.4826300000e-01
    250000   -18.00000000  -4.2210500000e-01
    250000   -16.00000000  -3.9592100000e-01
    250000   -14.00000000  -3.7061800000e-01
    250000   -12.00000000  -3.4759900000e-01
    250000   -10.00000000  -3.2925500000e-01
    250000    -8.00000000  -3.2327600000e-01
    250000    -6.00000000  -3.1013700000e-01
    250000    -4.00000000   1.0955000000e-02
    250000    -2.00000000   3.5250000000e-01
    250000     0.00000000   6.1440000000e-01
    250000     2.00000000   8.6490000000e-01
    250000     4.00000000   1.0586830000e+00
    250000     6.00000000   1.2454190000e+00
    250000     8.00000000   1.1250750000e+00
    250000    10.00000000   9.4267300000e-01
    250000    12.00000000   8.5302100000e-01
    250000    14.00000000   7.9804000000e-01
    250000    16.00000000   7.6410900000e-01
    250000    18.00000000   7.4358500000e-01
    250000    20.00000000   7.3182200000e-01
    250000    22.00000000   7.2581100000e-01
    250000    24.00000000   7.2350300000e-01
    250000    26.00000000   7.2344400000e-01
    250000    28.00000000   7.2456500000e-01
    250000    30.00000000   7.2606200000e-01
    250000    32.00000000   7.2731200000e-01
    250000    34.00000000   7.2782900000e-01
    250000    36.00000000   7.2722600000e-01
    250000    38.00000000   7.2519600000e-01
    250000    40.00000000   7.2149100000e-01
    250000    42.00000000   7.1591700000e-01
    250000    44.00000000   7.0832200000e-01
    250000    46.00000000   6.9859100000e-01
    250000    48.00000000   6.8663900000e-01
    250000    50.00000000   6.7241200000e-01
    250000    52.00000000   6.5588100000e-01
    250000    54.00000000   6.3704100000e-01
    250000    56.00000000   6.1590700000e-01
    250000    58.00000000   5.9251500000e-01
    250000    60.00000000   5.6692100000e-01
    250000    62.00000000   5.3919700000e-01
    250000    64.00000000   5.0943200000e-01
    250000    66.00000000   4.7772800000e-01
    250000    68.00000000   4.4420400000e-01
    250000    70.00000000   4.0899000000e-01
    250000    72.00000000   3.7222900000e-01
    250000    74.00000000   3.3407500000e-01
    250000    76.00000000   2.9469300000e-01
    250000    78.00000000   2.5425400000e-01
    250000    80.00000000   2.1294000000e-01
    250000    82.00000000   1.7093800000e-01
    250000    84.00000000   1.2844300000e-01
    250000    86.00000000   8.5652000000e-02
    250000    88.00000000   4.2770000000e-02
    250000    90.00000000   0.0000000000e+00
     50000   -90.00000000  -0.0000000000e+00
     50000   -88.00000000  -4.2638000000e-02
     50000   -86.00000000  -8.5125000000e-02
     50000   -84.00000000  -1.2725400000e-01
     50000   -82.00000000  -1.6882200000e-01
     50000   -80.00000000  -2.0962700000e-01
     50000   -78.00000000  -2.4947300000e-01
     50000   -76.00000000  -2.8816800000e-01
     50000   -74.00000000  -3.2552600000e-01
     50000   -72.00000000  -3.6136800000e-01
     50000   -70.00000000  -3.9552400000e-01
     50000   -68.00000000  -4.2783200000e-01
     50000   -66.00000000  -4.5813900000e-01
     50000   -64.00000000  -4.8630400000e-01
     50000   -62.00000000  -5.1219500000e-01
     50000   -60.00000000  -5.3569500000e-01
     50000   -58.00000000  -5.5669600000e-01
     50000   -56.00000000  -5.7510600000e-01
     50000   -54.00000000  -5.9084600000e-01
     50000   -52.00000000  -6.0385000000e-01
     50000   -50.00000000  -6.1406800000e-01
     50000   -48.00000000  -6.2146700000e-01
     50000   -46.00000000  -6.2602700000e-01
     50000   -44.00000000  -6.2774600000e-01
     50000   -42.00000000  -6.2663900000e-01
     50000   -40.00000000  -6.2273700000e-01
     50000   -38.00000000  -6.1609300000e-01
     50000   -36.00000000  -6.0677600000e-01
     50000   -34.00000000  -5.9487600000e-01
     50000   -32.00000000  -5.8050600000e-01
     50000   -30.00000000  -5.6380400000e-01
     50000   -28.00000000  -5.4493800000e-01
     50000   -26.00000000  -5.2410600000e-01
     50000   -24.00000000  -5.0155100000e-01
     50000   -22.00000000  -4.7757300000e-01
     50000   -20.00000000  -4.5254700000e-01
     50000   -18.00000000  -4.2696200000e-01
     50000   -16.00000000  -4.0148400000e-01
     50000   -14.00000000  -3.7707600000e-01
     50000   -12.00000000  -3.5523600000e-01
     50000   -10.00000000  -3.3852300000e-01
     50000    -8.00000000  -3.3190000000e-01
     50000    -6.00000000  -3.4879800000e-01
     50000    -4.00000000  -2.6161700000e-01
     50000    -2.00000000   9.8100000000e-02
     50000     0.00000000   2.9890000000e-01
     50000     2.00000000   5.1060000000e-01
     50000     4.00000000   8.3380000000e-01
     50000     6.00000000   1.1470000000e+00
     50000     8.00000000   1.2610040000e+00
     50000    10.00000000   1.2014570000e+00
     50000    12.00000000   1.0641270000e+00
     50000    14.00000000   9.7656700000e-01
     50000    16.00000000   9.1789400000e-01
     50000    18.00000000   8.7786200000e-01
     50000    20.00000000   8.5026000000e-01
     50000    22.00000000   8.3108700000e-01
     50000    24.00000000   8.1763100000e-01
     50000    26.00000000   8.0798100000e-01
     50000    28.00000000   8.0074300000e-01
     50000    30.00000000   7.9487300000e-01
     50000    32.00000000   7.8957100000e-01
     50000    34.00000000   7.8421300000e-01
     50000    36.00000000   7.7830800000e-01
     50000    38.00000000   7.7146500000e-01
     50000    40.00000000   7.6337100000e-01
     50000    42.00000000   7.5378000000e-01
     50000    44.00000000   7.4249400000e-01
     50000    46.00000000   7.2936400000e-01
     50000    48.00000000   7.1427800000e-01
     50000    50.00000000   6.9715500000e-01
     50000    52.00000000   6.7794700000e-01
     50000    54.00000000   6.5663100000e-01
     50000    56.00000000   6.3320900000e-01
     50000    58.00000000   6.0770600000e-01
     50000    60.00000000   5.8016400000e-01
     50000    62.00000000   5.5064900000e-01
     50000    64.00000000   5.1924000000e-01
     50000    66.00000000   4.8603500000e-01
     50000    68.00000000   4.5114700000e-01
     50000    70.00000000   4.1470100000e-01
     50000    72.00000000   3.7683500000e-01
     50000    74.00000000   3.3770100000e-01
     50000    76.00000000   2.9746000000e-01
     50000    78.00000000   2.5628100000e-01
     50000    80.00000000   2.1434400000e-01
     50000    82.00000000   1.7183500000e-01
     50000    84.00000000   1.2894600000e-01
     50000    86.00000000   8.5876000000e-02
     50000    88.00000000   4.2826000000e-02
     50000    90.00000000   0.0000000000e+00
    100000   -90.00000000  -0.0000000000e+00
    100000   -88.00000000  -4.2639000000e-02
    100000   -86.00000000  -8.5128000000e-02
    100000   -84.00000000  -1.2726200000e-01
    100000   -82.00000000  -1.6883600000e-01
    100000   -80.00000000  -2.0964900000e-01
    100000   -78.00000000  -2.4950500000e-01
    100000   -76.00000000  -2.8821100000e-01
    100000   -74.00000000  -3.2558200000e-01
    100000   -72.00000000  -3.6143900000e-01
    100000   -70.00000000  -3.9561300000e-01
    100000   -68.00000000  -4.2793900000e-01
    100000   -66.00000000  -4.5826800000e-01
    100000   -64.00000000  -4.8645600000e-01
    100000   -62.00000000  -5.1237300000e-01
    100000   -60.00000000  -5.3590000000e-01
    100000   -58.00000000  -5.5693200000e-01
    100000   -56.00000000  -5.7537400000e-01
    100000   -54.00000000  -5.9114900000e-01
    100000   -52.00000000  -6.0419200000e-01
    100000   -50.00000000  -6.1445200000e-01
    100000   -48.00000000  -6.2189500000e-01
    100000   -46.00000000  -6.2650400000e-01
    100000   -44.00000000  -6.2827500000e-01
    100000   -42.00000000  -6.2722500000e-01
    100000   -40.00000000  -6.2338600000e-01
    100000   -38.00000000  -6.1681000000e-01
    100000   -36.00000000  -6.0756700000e-01
    100000   -34.00000000  -5.9574900000e-01
    100000   -32.00000000  -5.8147000000e-01
    100000   -30.00000000  -5.6487000000e-01
    100000   -28.00000000  -5.4611700000e-01
    100000   -26.00000000  -5.2541500000e-01
    100000   -24.00000000  -5.0300900000e-01
    100000   -22.00000000  -4.7920400000e-01
    100000   -20.00000000  -4.5438100000e-01
    100000   -18.00000000  -4.2904200000e-01
    100000   -16.00000000  -4.0386600000e-01
    100000   -14.00000000  -3.7984100000e-01
    100000   -12.00000000  -3.5850500000e-01
    100000   -10.00000000  -3.4249100000e-01
    100000    -8.00000000  -3.3680400000e-01
    100000    -6.00000000  -3.5753900000e-01
    100000    -4.00000000  -2.3518200000e-01
    100000    -2.00000000   1.2150000000e-01
    100000     0.00000000   4.3220000000e-01
    100000     2.00000000   7.2780000000e-01
    100000     4.00000000   1.0211330000e+00
    100000     6.00000000   1.2181260000e+00
    100000     8.00000000   1.1754040000e+00
    100000    10.00000000   9.9833900000e-01
    100000    12.00000000   8.9551200000e-01
    100000    14.00000000   8.3397400000e-01
    100000    16.00000000   7.9506300000e-01
    100000    18.00000000   7.7061200000e-01
    100000    20.00000000   7.5566100000e-01
    100000    22.00000000   7.4700100000e-01
    100000    24.00000000   7.4244900000e-01
    100000    26.00000000   7.4045900000e-01
    100000    28.00000000   7.3989800000e-01
    100000    30.00000000   7.3991200000e-01
    100000    32.00000000   7.3984300000e-01
    100000    34.00000000   7.3917800000e-01
    100000    36.00000000   7.3750800000e-01
    100000    38.00000000   7.3450900000e-01
    100000    40.00000000   7.2992100000e-01
    100000    42.00000000   7.2353800000e-01
    100000    44.00000000   7.1520100000e-01
    100000    46.00000000   7.0478500000e-01
    100000    48.00000000   6.9220200000e-01
    100000    50.00000000   6.7739200000e-01
    100000    52.00000000   6.6032300000e-01
    100000    54.00000000   6.4098400000e-01
    100000    56.00000000   6.1938900000e-01
    100000    58.00000000   5.9557300000e-01
    100000    60.00000000   5.6958700000e-01
    100000    62.00000000   5.4150200000e-01
    100000    64.00000000   5.1140600000e-01
    100000    66.00000000   4.7940000000e-01
    100000    68.00000000   4.4560100000e-01
    100000    70.00000000   4.1013900000e-01
    100000    72.00000000   3.7315600000e-01
    100000    74.00000000   3.3480500000e-01
    100000    76.00000000   2.9525000000e-01
    100000    78.00000000   2.5466200000e-01
    100000    80.00000000   2.1322200000e-01
    100000    82.00000000   1.7111800000e-01
    100000    84.00000000   1.2854400000e-01
    100000    86.00000000   8.5697000000e-02
    100000    88.00000000   4.2781000000e-02
    100000    90.00000000   0.0000000000e+00
    150000   -90.00000000  -0.0000000000e+00
    150000   -88.00000000  -4.2640000000e-02
    150000   -86.00000000  -8.5135000000e-02
    150000   -84.00000000  -1.2727700000e-01
    150000   -82.00000000  -1.6886200000e-01
    150000   -80.00000000  -2.0969000000e-01
    150000   -78.00000000  -2.4956400000e-01
    150000   -76.00000000  -2.8829100000e-01
    150000   -74.00000000  -3.2568800000e-01
    150000   -72.00000000  -3.6157400000e-01
    150000   -70.00000000  -3.9577900000e-01
    150000   -68.00000000  -4.2814200000e-01
    150000   -66.00000000  -4.5851000000e-01
    150000   -64.00000000  -4.8674100000e-01
    150000   -62.00000000  -5.1270600000e-01
    150000   -60.00000000  -5.3628600000e-01
    150000   -58.00000000  -5.5737400000e-01
    150000   -56.00000000  -5.7587800000e-01
    150000   -54.00000000  -5.9172000000e-01
    150000   -52.00000000  -6.0483400000e-01
    150000   -50.00000000  -6.1517200000e-01
    150000   -48.00000000  -6.2270000000e-01
    150000   -46.00000000  -6.2740000000e-01
    150000   -44.00000000  -6.2927000000e-01
    150000   -42.00000000  -6.2832800000e-01
    150000   -40.00000000  -6.2460600000e-01
    150000   -38.00000000  -6.1815700000e-01
    150000   -36.00000000  -6.0905500000e-01
    150000   -34.00000000  -5.9739100000e-01
    150000   -32.00000000  -5.8328400000e-01
    150000   -30.00000000  -5.6687500000e-01
    150000   -28.00000000  -5.4833600000e-01
    150000   -26.00000000  -5.2787700000e-01
    150000   -24.00000000  -5.0575100000e-01
    150000   -22.00000000  -4.8227000000e-01
    150000   -20.00000000  -4.5783100000e-01
    150000   -18.00000000  -4.3295300000e-01
    150000   -16.00000000  -4.0834500000e-01
    150000   -14.00000000  -3.8504100000e-01
    150000   -12.00000000  -3.6465400000e-01
    150000   -10.00000000  -3.4995400000e-01
    150000    -8.00000000  -3.4610400000e-01
    150000    -6.00000000  -3.6434700000e-01
    150000    -4.00000000  -2.2009600000e-01
    150000    -2.00000000   2.4410000000e-01
    150000     0.00000000   5.3350000000e-01
    150000     2.00000000   8.5500000000e-01
    150000     4.00000000   1.0130000000e+00
    150000     6.00000000   1.2350770000e+00
    150000     8.00000000   1.1436140000e+00
    150000    10.00000000   9.7709600000e-01
    150000    12.00000000   8.8138400000e-01
    150000    14.00000000   8.2202600000e-01
    150000    16.00000000   7.8477100000e-01
    150000    18.00000000   7.6162600000e-01
    150000    20.00000000   7.4773500000e-01
    150000    22.00000000   7.3995600000e-01
    150000    24.00000000   7.3615000000e-01
    150000    26.00000000   7.3480200000e-01
    150000    28.00000000   7.3480000000e-01
    150000    30.00000000   7.3530700000e-01
    150000    32.00000000   7.3567700000e-01
    150000    34.00000000   7.3540400000e-01
    150000    36.00000000   7.3408900000e-01
    150000    38.00000000   7.3141200000e-01
    150000    40.00000000   7.2711800000e-01
    150000    42.00000000   7.2100400000e-01
    150000    44.00000000   7.1291400000e-01
    150000    46.00000000   7.0272500000e-01
    150000    48.00000000   6.9035200000e-01
    150000    50.00000000   6.7573600000e-01
    150000    52.00000000   6.5884600000e-01
    150000    54.00000000   6.3967300000e-01
    150000    56.00000000   6.1823100000e-01
    150000    58.00000000   5.9455600000e-01
    150000    60.00000000   5.6870100000e-01
    150000    62.00000000   5.4073600000e-01
    150000    64.00000000   5.1075000000e-01
    150000    66.00000000   4.7884400000e-01
    150000    68.00000000   4.4513700000e-01
    150000    70.00000000   4.0975700000e-01
    150000    72.00000000   3.7284800000e-01
    150000    74.00000000   3.3456300000e-01
    150000    76.00000000   2.9506400000e-01
    150000    78.00000000   2.5452600000e-01
    150000    80.00000000   2.1312800000e-01
    150000    82.00000000   1.7105800000e-01
    150000    84.00000000   1.2851000000e-01
    150000    86.00000000   8.5682000000e-02
    150000    88.00000000   4.2777000000e-02
    150000    90.00000000   0.0000000000e+00
    200000   -90.00000000  -0.0000000000e+00
    200000   -88.00000000  -4.2641000000e-02
    200000   -86.00000000  -8.5139000000e-02
    200000   -84.00000000  -1.2728700000e-01
    200000   -82.00000000  -1.6888100000e-01
    200000   -80.00000000  -2.0972000000e-01
    200000   -78.00000000  -2.4960700000e-01
    200000   -76.00000000  -2.8835000000e-01
    200000   -74.00000000  -3.2576400000e-01
    200000   -72.00000000  -3.6167100000e-01
    200000   -70.00000000  -3.9589900000e-01
    200000   -68.00000000  -4.2828800000e-01
    200000   -66.00000000  -4.5868500000e-01
    200000   -64.00000000  -4.8694800000e-01
    200000   -62.00000000  -5.1294800000e-01
    200000   -60.00000000  -5.3656500000e-01
    200000   -58.00000000  -5.5769500000e-01
    200000   -56.00000000  -5.7624300000e-01
    200000   -54.00000000  -5.9213300000e-01
    200000   -52.00000000  -6.0530000000e-01
    200000   -50.00000000  -6.1569400000e-01
    200000   -48.00000000  -6.2328300000e-01
    200000   -46.00000000  -6.2804900000e-01
    200000   -44.00000000  -6.2999100000e-01
    200000   -42.00000000  -6.2912700000e-01
    200000   -40.00000000  -6.2549000000e-01
    200000   -38.00000000  -6.1913400000e-01
    200000   -36.00000000  -6.1013300000e-01
    200000   -34.00000000  -5.9858100000e-01
    200000   -32.00000000  -5.8459700000e-01
    200000   -30.00000000  -5.6832600000e-01
    200000   -28.00000000  -5.4994400000e-01
    200000   -26.00000000  -5.2966100000e-01
    200000   -24.00000000  -5.0773700000e-01
    200000   -22.00000000  -4.8449100000e-01
    200000   -20.00000000  -4.6033000000e-01
    200000   -18.00000000  -4.3578600000e-01
    200000   -16.00000000  -4.1159000000e-01
    200000   -14.00000000  -3.8880800000e-01
    200000   -12.00000000  -3.6910800000e-01
    200000   -10.00000000  -3.5536000000e-01
    200000    -8.00000000  -3.5479200000e-01
    200000    -6.00000000  -3.6964600000e-01
    200000    -4.00000000  -8.5473000000e-02
    200000    -2.00000000   3.0600000000e-01
    200000     0.00000000   5.6670000000e-01
    200000     2.00000000   8.1182500000e-01
    200000     4.00000000   1.0344670000e+00
    200000     6.00000000   1.2263810000e+00
    200000     8.00000000   1.1449900000e+00
    200000    10.00000000   9.5864900000e-01
    200000    12.00000000   8.6618400000e-01
    200000    14.00000000   8.0917200000e-01
    200000    16.00000000   7.7369800000e-01
    200000    18.00000000   7.5195800000e-01
    200000    20.00000000   7.3920700000e-01
    200000    22.00000000   7.3237600000e-01
    200000    24.00000000   7.2937300000e-01
    200000    26.00000000   7.2871500000e-01
    200000    28.00000000   7.2931500000e-01
    200000    30.00000000   7.3035200000e-01
    200000    32.00000000   7.3119400000e-01
    200000    34.00000000   7.3134500000e-01
    200000    36.00000000   7.3041100000e-01
    200000    38.00000000   7.2808100000e-01
    200000    40.00000000   7.2410200000e-01
    200000    42.00000000   7.1827800000e-01
    200000    44.00000000   7.1045300000e-01
    200000    46.00000000   7.0051000000e-01
    200000    48.00000000   6.8836200000e-01
    200000    50.00000000   6.7395500000e-01
    200000    52.00000000   6.5725700000e-01
    200000    54.00000000   6.3826200000e-01
    200000    56.00000000   6.1698500000e-01
    200000    58.00000000   5.9346200000e-01
    200000    60.00000000   5.6774700000e-01
    200000    62.00000000   5.3991100000e-01
    200000    64.00000000   5.1004300000e-01
    200000    66.00000000   4.7824600000e-01
    200000    68.00000000   4.4463700000e-01
    200000    70.00000000   4.0934600000e-01
    200000    72.00000000   3.7251600000e-01
    200000    74.00000000   3.3430200000e-01
    200000    76.00000000   2.9486500000e-01
    200000    78.00000000   2.5438000000e-01
    200000    80.00000000   2.1302700000e-01
    200000    82.00000000   1.7099400000e-01
    200000    84.00000000   1.2847400000e-01
    200000    86.00000000   8.5666000000e-02
    200000    88.00000000   4.2773000000e-02
    200000    90.00000000   0.0000000000e+00
    250000   -90.00000000  -0.0000000000e+00
    250000   -88.00000000  -4.2646000000e-02
    250000   -86.00000000  -8.5156000000e-02
    250000   -84.00000000  -1.2732400000e-01
    250000   -82.00000000  -1.6894700000e-01
    250000   -80.00000000  -2.0982300000e-01
    250000   -78.00000000  -2.4975600000e-01
    250000   -76.00000000  -2.8855300000e-01
    250000   -74.00000000  -3.2603100000e-01
    250000   -72.00000000  -3.6200900000e-01
    250000   -70.00000000  -3.9631900000e-01
    250000   -68.00000000  -4.2879900000e-01
    250000   -66.00000000  -4.5929600000e-01
    250000   -64.00000000  -4.8767000000e-01
    250000   -62.00000000  -5.1379000000e-01
    250000   -60.00000000  -5.3753900000e-01
    250000   -58.00000000  -5.5881200000e-01
    250000   -56.00000000  -5.7751600000e-01
    250000   -54.00000000  -5.9357400000e-01
    250000   -52.00000000  -6.0692200000e-01
    250000   -50.00000000  -6.1751400000e-01
    250000   -48.00000000  -6.2531600000e-01
    250000   -46.00000000  -6.3031200000e-01
    250000   -44.00000000  -6.3250400000e-01
    250000   -42.00000000  -6.3191100000e-01
    250000   -40.00000000  -6.2856900000e-01
    250000   -38.00000000  -6.2253600000e-01
    250000   -36.00000000  -6.1388900000e-01
    250000   -34.00000000  -6.0272700000e-01
    250000   -32.00000000  -5.8917500000e-01
    250000   -30.00000000  -5.7338600000e-01
    250000   -28.00000000  -5.5554500000e-01
    250000   -26.00000000  -5.3587700000e-01
    250000   -24.00000000  -5.1465800000e-01
    250000   -22.00000000  -4.9223200000e-01
    250000   -20.00000000  -4.6903900000e-01
    250000   -18.00000000  -4.4566000000e-01
    250000   -16.00000000  -4.2289800000e-01
    250000   -14.00000000  -4.0193500000e-01
    250000   -12.00000000  -3.8463200000e-01
    250000   -10.00000000  -3.7358800000e-01
    250000    -8.00000000  -3.6866500000e-01
    250000    -6.00000000  -3.2476300000e-01
    250000    -4.00000000   2.1900000000e-02
    250000    -2.00000000   3.4180000000e-01
    250000     0.00000000   6.0390000000e-01
    250000     2.00000000   8.4450000000e-01
    250000     4.00000000   1.0489610000e+00
    250000     6.00000000   1.2462080000e+00
    250000     8.00000000   1.0765040000e+00
    250000    10.00000000   9.2494800000e-01
    250000    12.00000000   8.3841700000e-01
    250000    14.00000000   7.8569000000e-01
    250000    16.00000000   7.5347000000e-01
    250000    18.00000000   7.3429600000e-01
    250000    20.00000000   7.2362900000e-01
    250000    22.00000000   7.1852800000e-01
    250000    24.00000000   7.1699200000e-01
    250000    26.00000000   7.1759500000e-01
    250000    28.00000000   7.1929500000e-01
    250000    30.00000000   7.2130100000e-01
    250000    32.00000000   7.2300500000e-01
    250000    34.00000000   7.2392800000e-01
    250000    36.00000000   7.2369200000e-01
    250000    38.00000000   7.2199500000e-01
    250000    40.00000000   7.1859400000e-01
    250000    42.00000000   7.1329800000e-01
    250000    44.00000000   7.0595800000e-01
    250000    46.00000000   6.9646200000e-01
    250000    48.00000000   6.8472700000e-01
    250000    50.00000000   6.7070000000e-01
    250000    52.00000000   6.5435500000e-01
    250000    54.00000000   6.3568500000e-01
    250000    56.00000000   6.1470900000e-01
    250000    58.00000000   5.9146400000e-01
    250000    60.00000000   5.6600500000e-01
    250000    62.00000000   5.3840500000e-01
    250000    64.00000000   5.0875300000e-01
    250000    66.00000000   4.7715300000e-01
    250000    68.00000000   4.4372300000e-01
    250000    70.00000000   4.0859500000e-01
    250000    72.00000000   3.7191000000e-01
    250000    74.00000000   3.3382500000e-01
    250000    76.00000000   2.9450100000e-01
    250000    78.00000000   2.5411400000e-01
    250000    80.00000000   2.1284200000e-01
    250000    82.00000000   1.7087600000e-01
    250000    84.00000000   1.2840800000e-01
    250000    86.00000000   8.5637000000e-02
    250000    88.00000000   4.2766000000e-02
    250000    90.00000000   0.0000000000e+00
     50000   -90.00000000  -0.0000000000e+00
     50000   -88.00000000  -4.2639000000e-02
     50000   -86.00000000  -8.5130000000e-02
     50000   -84.00000000  -1.2726600000e-01
     50000   -82.00000000  -1.6884400000e-01
     50000   -80.00000000  -2.0966200000e-01
     50000   -78.00000000  -2.4952300000e-01
     50000   -76.00000000  -2.8823600000e-01
     50000   -74.00000000  -3.2561500000e-01
     50000   -72.00000000  -3.6148100000e-01
     50000   -70.00000000  -3.9566400000e-01
     50000   -68.00000000  -4.2800200000e-01
     50000   -66.00000000  -4.5834300000e-01
     50000   -64.00000000  -4.8654500000e-01
     50000   -62.00000000  -5.1247600000e-01
     50000   -60.00000000  -5.3602000000e-01
     50000   -58.00000000  -5.5706900000e-01
     50000   -56.00000000  -5.7553100000e-01
     50000   -54.00000000  -5.9132700000e-01
     50000   -52.00000000  -6.0439100000e-01
     50000   -50.00000000  -6.1467600000e-01
     50000   -48.00000000  -6.2214500000e-01
     50000   -46.00000000  -6.2678200000e-01
     50000   -44.00000000  -6.2858400000e-01
     50000   -42.00000000  -6.2756800000e-01
     50000   -40.00000000  -6.2376500000e-01
     50000   -38.00000000  -6.1722900000e-01
     50000   -36.00000000  -6.0802900000e-01
     50000   -34.00000000  -5.9625900000e-01
     50000   -32.00000000  -5.8203400000e-01
     50000   -30.00000000  -5.6549300000e-01
     50000   -28.00000000  -5.4680700000e-01
     50000   -26.00000000  -5.2618000000e-01
     50000   -24.00000000  -5.0386100000e-01
     50000   -22.00000000  -4.8015700000e-01
     50000   -20.00000000  -4.5545400000e-01
     50000   -18.00000000  -4.3025700000e-01
     50000   -16.00000000  -4.0525800000e-01
     50000   -14.00000000  -3.8145800000e-01
     50000   -12.00000000  -3.6041700000e-01
     50000   -10.00000000  -3.4481100000e-01
     50000    -8.00000000  -3.3927400000e-01
     50000    -6.00000000  -3.6014800000e-01
     50000    -4.00000000  -3.0229500000e-01
     50000    -2.00000000   8.9200000000e-02
     50000     0.00000000   2.8320000000e-01
     50000     2.00000000   5.0640000000e-01
     50000     4.00000000   8.7296500000e-01
     50000     6.00000000   1.1886930000e+00
     50000     8.00000000   1.0592360000e+00
     50000    10.00000000   8.9933900000e-01
     50000    12.00000000   8.1731600000e-01
     50000    14.00000000   7.6784600000e-01
     50000    16.00000000   7.3809900000e-01
     50000    18.00000000   7.2087400000e-01
     50000    20.00000000   7.1179000000e-01
     50000    22.00000000   7.0800600000e-01
     50000    24.00000000   7.0758300000e-01
     50000    26.00000000   7.0914600000e-01
     50000    28.00000000   7.1168100000e-01
     50000    30.00000000   7.1442300000e-01
     50000    32.00000000   7.1678200000e-01
     50000    34.00000000   7.1829300000e-01
     50000    36.00000000   7.1858700000e-01
     50000    38.00000000   7.1737000000e-01
     50000    40.00000000   7.1440800000e-01
     50000    42.00000000   7.0951400000e-01
     50000    44.00000000   7.0254300000e-01
     50000    46.00000000   6.9338600000e-01
     50000    48.00000000   6.8196400000e-01
     50000    50.00000000   6.6822700000e-01
     50000    52.00000000   6.5214900000e-01
     50000    54.00000000   6.3372700000e-01
     50000    56.00000000   6.1298000000e-01
     50000    58.00000000   5.8994600000e-01
     50000    60.00000000   5.6468200000e-01
     50000    62.00000000   5.3726100000e-01
     50000    64.00000000   5.0777300000e-01
     50000    66.00000000   4.7632300000e-01
     50000    68.00000000   4.4302900000e-01
     50000    70.00000000   4.0802400000e-01
     50000    72.00000000   3.7145000000e-01
     50000    74.00000000   3.3346200000e-01
     50000    76.00000000   2.9422500000e-01
     50000    78.00000000   2.5391100000e-01
     50000    80.00000000   2.1270200000e-01
     50000    82.00000000   1.7078600000e-01
     50000    84.00000000   1.2835700000e-01
     50000    86.00000000   8.5614000000e-02
     50000    88.00000000   4.2760000000e-02
     50000    90.00000000   0.0000000000e+00
    100000   -90.00000000  -0.0000000000e+00
    100000   -88.00000000  -4.2640000000e-02
    100000   -86.00000000  -8.5133000000e-02
    100000   -84.00000000  -1.2727300000e-01
    100000   -82.00000000  -1.6885600000e-01
    100000   -80.00000000  -2.0968000000e-01
    100000   -78.00000000  -2.4954900000e-01
    100000   -76.00000000  -2.8827100000e-01
    100000   -74.00000000  -3.2566100000e-01
    100000   -72.00000000  -3.6154000000e-01
    100000   -70.00000000  -3.9573700000e-01
    100000   -68.00000000  -4.2809100000e-01
    100000   -66.00000000  -4.5844900000e-01
    100000   -64.00000000  -4.8667000000e-01
    100000   -62.00000000  -5.1262300000e-01
    100000   -60.00000000  -5.3618900000e-01
    100000   -58.00000000  -5.5726400000e-01
    100000   -56.00000000  -5.7575200000e-01
    100000   -54.00000000  -5.9157700000e-01
    100000   -52.00000000  -6.0467400000e-01
    100000   -50.00000000  -6.1499200000e-01
    100000   -48.00000000  -6.2249900000e-01
    100000   -46.00000000  -6.2717600000e-01
    100000   -44.00000000  -6.2902200000e-01
    100000   -42.00000000  -6.2805200000e-01
    100000   -40.00000000  -6.2430100000e-01
    100000   -38.00000000  -6.1782100000e-01
    100000   -36.00000000  -6.0868300000e-01
    100000   -34.00000000  -5.9698100000e-01
    100000   -32.00000000  -5.8283100000e-01
    100000   -30.00000000  -5.6637400000e-01
    100000   -28.00000000  -5.4778200000e-01
    100000   -26.00000000  -5.2726200000e-01
    100000   -24.00000000  -5.0506600000e-01
    100000   -22.00000000  -4.8150400000e-01
    100000   -20.00000000  -4.5696900000e-01
    100000   -18.00000000  -4.3197600000e-01
    100000   -16.00000000  -4.0722600000e-01
    100000   -14.00000000  -3.8374200000e-01
    100000   -12.00000000  -3.6311800000e-01
    100000   -10.00000000  -3.4808900000e-01
    100000    -8.00000000  -3.4332000000e-01
    100000    -6.00000000  -3.6808600000e-01
    100000    -4.00000000  -2.4951700000e-01
    100000    -2.00000000   1.1060000000e-01
    100000     0.00000000   4.5920000000e-01
    100000     2.00000000   7.3640000000e-01
    100000     4.00000000   9.9940000000e-01
    100000     6.00000000   1.2211130000e+00
    100000     8.00000000   1.1284460000e+00
    100000    10.00000000   9.6486700000e-01
    100000    12.00000000   8.7130800000e-01
    100000    14.00000000   8.1350500000e-01
    100000    16.00000000   7.7743000000e-01
    100000    18.00000000   7.5521700000e-01
    100000    20.00000000   7.4208200000e-01
    100000    22.00000000   7.3493100000e-01
    100000    24.00000000   7.3165700000e-01
    100000    26.00000000   7.3076700000e-01
    100000    28.00000000   7.3116400000e-01
    100000    30.00000000   7.3202200000e-01
    100000    32.00000000   7.3270500000e-01
    100000    34.00000000   7.3271300000e-01
    100000    36.00000000   7.3165100000e-01
    100000    38.00000000   7.2920400000e-01
    100000    40.00000000   7.2511900000e-01
    100000    42.00000000   7.1919700000e-01
    100000    44.00000000   7.1128300000e-01
    100000    46.00000000   7.0125700000e-01
    100000    48.00000000   6.8903300000e-01
    100000    50.00000000   6.7455500000e-01
    100000    52.00000000   6.5779300000e-01
    100000    54.00000000   6.3873800000e-01
    100000    56.00000000   6.1740500000e-01
    100000    58.00000000   5.9383100000e-01
    100000    60.00000000   5.6806900000e-01
    100000    62.00000000   5.4018900000e-01
    100000    64.00000000   5.1028100000e-01
    100000    66.00000000   4.7844800000e-01
    100000    68.00000000   4.4480500000e-01
    100000    70.00000000   4.0948400000e-01
    100000    72.00000000   3.7262800000e-01
    100000    74.00000000   3.3439000000e-01
    100000    76.00000000   2.9493200000e-01
    100000    78.00000000   2.5442900000e-01
    100000    80.00000000   2.1306100000e-01
    100000    82.00000000   1.7101600000e-01
    100000    84.00000000   1.2848600000e-01
    100000    86.00000000   8.5672000000e-02
    100000    88.00000000   4.2774000000e-02
    100000    90.00000000   0.0000000000e+00
    150000   -90.00000000  -0.0000000000e+00
    150000   -88.00000000  -4.2640000000e-02
    150000   -86.00000000  -8.5132000000e-02
    150000   -84.00000000  -1.2727100000e-01
    150000   -82.00000000  -1.6885300000e-01
    150000   -80.00000000  -2.0967500000e-01
    150000   -78.00000000  -2.4954200000e-01
    150000   -76.00000000  -2.8826200000e-01
    150000   -74.00000000  -3.2564900000e-01
    150000   -72.00000000  -3.6152500000e-01
    150000   -70.00000000  -3.9571800000e-01
    150000   -68.00000000  -4.2806800000e-01
    150000   -66.00000000  -4.5842200000e-01
    150000   -64.00000000  -4.8663800000e-01
    150000   -62.00000000  -5.1258500000e-01
    150000   -60.00000000  -5.3614600000e-01
    150000   -58.00000000  -5.5721300000e-01
    150000   -56.00000000  -5.7569500000e-01
    150000   -54.00000000  -5.9151300000e-01
    150000   -52.00000000  -6.0460100000e-01
    150000   -50.00000000  -6.1491000000e-01
    150000   -48.00000000  -6.2240800000e-01
    150000   -46.00000000  -6.2707400000e-01
    150000   -44.00000000  -6.2890900000e-01
    150000   -42.00000000  -6.2792700000e-01
    150000   -40.00000000  -6.2416300000e-01
    150000   -38.00000000  -6.1766800000e-01
    150000   -36.00000000  -6.0851400000e-01
    150000   -34.00000000  -5.9679400000e-01
    150000   -32.00000000  -5.8262500000e-01
    150000   -30.00000000  -5.6614600000e-01
    150000   -28.00000000  -5.4753000000e-01
    150000   -26.00000000  -5.2698200000e-01
    150000   -24.00000000  -5.0475400000e-01
    150000   -22.00000000  -4.8115600000e-01
    150000   -20.00000000  -4.5657700000e-01
    150000   -18.00000000  -4.3153100000e-01
    150000   -16.00000000  -4.0671700000e-01
    150000   -14.00000000  -3.8315100000e-01
    150000   -12.00000000  -3.6241900000e-01
    150000   -10.00000000  -3.4724100000e-01
    150000    -8.00000000  -3.4235300000e-01
    150000    -6.00000000  -3.6154500000e-01
    150000    -4.00000000  -1.8006400000e-01
    150000    -2.00000000   2.3430000000e-01
    150000     0.00000000   5.2350000000e-01
    150000     2.00000000   7.9070000000e-01
    150000     4.00000000   9.9480000000e-01
    150000     6.00000000   1.2041790000e+00
    150000     8.00000000   1.1559350000e+00
    150000    10.00000000   9.7114000000e-01
    150000    12.00000000   8.7545200000e-01
    150000    14.00000000   8.1701000000e-01
    150000    16.00000000   7.8044900000e-01
    150000    18.00000000   7.5785300000e-01
    150000    20.00000000   7.4440700000e-01
    150000    22.00000000   7.3699700000e-01
    150000    24.00000000   7.3350500000e-01
    150000    26.00000000   7.3242600000e-01
    150000    28.00000000   7.3265900000e-01
    150000    30.00000000   7.3337300000e-01
    150000    32.00000000   7.3392700000e-01
    150000    34.00000000   7.3382000000e-01
    150000    36.00000000   7.3265400000e-01
    150000    38.00000000   7.3011200000e-01
    150000    40.00000000   7.2594100000e-01
    150000    42.00000000   7.1994000000e-01
    150000    44.00000000   7.1195300000e-01
    150000    46.00000000   7.0186100000e-01
    150000    48.00000000   6.8957600000e-01
    150000    50.00000000   6.7504100000e-01
    150000    52.00000000   6.5822600000e-01
    150000    54.00000000   6.3912200000e-01
    150000    56.00000000   6.1774500000e-01
    150000    58.00000000   5.9412900000e-01
    150000    60.00000000   5.6832900000e-01
    150000    62.00000000   5.4041400000e-01
    150000    64.00000000   5.1047400000e-01
    150000    66.00000000   4.7861100000e-01
    150000    68.00000000   4.4494100000e-01
    150000    70.00000000   4.0959700000e-01
    150000    72.00000000   3.7271900000e-01
    150000    74.00000000   3.3446100000e-01
    150000    76.00000000   2.9498700000e-01
    150000    78.00000000   2.5446900000e-01
    150000    80.00000000   2.1308900000e-01
    150000    82.00000000   1.7103300000e-01
    150000    84.00000000   1.2849600000e-01
    150000    86.00000000   8.5676000000e-02
    150000    88.00000000   4.2776000000e-02
    150000    90.00000000   0.0000000000e+00
    200000   -90.00000000  -0.0000000000e+00
    200000   -88.00000000  -4.2639000000e-02
    200000   -86.00000000  -8.5128000000e-02
    200000   -84.00000000  -1.2726100000e-01
    200000   -82.00000000  -1.6883400000e-01
    200000   -80.00000000  -2.0964700000e-01
    200000   -78.00000000  -2.4950100000e-01
    200000   -76.00000000  -2.8820600000e-01
    200000   -74.00000000  -3.2557500000e-01
    200000   -72.00000000  -3.6143100000e-01
    200000   -70.00000000  -3.9560200000e-01
    200000   -68.00000000  -4.2792700000e-01
    200000   -66.00000000  -4.5825300000e-01
    200000   -64.00000000  -4.8643800000e-01
    200000   -62.00000000  -5.1235200000e-01
    200000   -60.00000000  -5.3587600000e-01
    200000   -58.00000000  -5.5690400000e-01
    200000   -56.00000000  -5.7534300000e-01
    200000   -54.00000000  -5.9111400000e-01
    200000   -52.00000000  -6.0415200000e-01
    200000   -50.00000000  -6.1440700000e-01
    200000   -48.00000000  -6.2184500000e-01
    200000   -46.00000000  -6.2644800000e-01
    200000   -44.00000000  -6.2821300000e-01
    200000   -42.00000000  -6.2715700000e-01
    200000   -40.00000000  -6.2331000000e-01
    200000   -38.00000000  -6.1672600000e-01
    200000   -36.00000000  -6.0747500000e-01
    200000   -34.00000000  -5.9564700000e-01
    200000   -32.00000000  -5.8135800000e-01
    200000   -30.00000000  -5.6474600000e-01
    200000   -28.00000000  -5.4598000000e-01
    200000   -26.00000000  -5.2526200000e-01
    200000   -24.00000000  -5.0283900000e-01
    200000   -22.00000000  -4.7901400000e-01
    200000   -20.00000000  -4.5416800000e-01
    200000   -18.00000000  -4.2879900000e-01
    200000   -16.00000000  -4.0358800000e-01
    200000   -14.00000000  -3.7951900000e-01
    200000   -12.00000000  -3.5812400000e-01
    200000   -10.00000000  -3.4111800000e-01
    200000    -8.00000000  -3.3630000000e-01
    200000    -6.00000000  -3.3141100000e-01
    200000    -4.00000000  -8.2000000000e-03
    200000    -2.00000000   2.9910000000e-01
    200000     0.00000000   5.6430000000e-01
    200000     2.00000000   8.0210000000e-01
    200000     4.00000000   1.0283110000e+00
    200000     6.00000000   1.2042300000e+00
    200000     8.00000000   1.0478860000e+00
    200000    10.00000000   9.0029000000e-01
    200000    12.00000000   8.1810000000e-01
    200000    14.00000000   7.6850900000e-01
    200000    16.00000000   7.3867000000e-01
    200000    18.00000000   7.2137300000e-01
    200000    20.00000000   7.1223000000e-01
    200000    22.00000000   7.0839700000e-01
    200000    24.00000000   7.0793300000e-01
    200000    26.00000000   7.0946000000e-01
    200000    28.00000000   7.1196400000e-01
    200000    30.00000000   7.1467900000e-01
    200000    32.00000000   7.1701300000e-01
    200000    34.00000000   7.1850200000e-01
    200000    36.00000000   7.1877600000e-01
    200000    38.00000000   7.1754200000e-01
    200000    40.00000000   7.1456300000e-01
    200000    42.00000000   7.0965400000e-01
    200000    44.00000000   7.0267000000e-01
    200000    46.00000000   6.9350000000e-01
    200000    48.00000000   6.8206700000e-01
    200000    50.00000000   6.6831900000e-01
    200000    52.00000000   6.5223100000e-01
    200000    54.00000000   6.3380000000e-01
    200000    56.00000000   6.1304400000e-01
    200000    58.00000000   5.9000200000e-01
    200000    60.00000000   5.6473100000e-01
    200000    62.00000000   5.3730300000e-01
    200000    64.00000000   5.0780900000e-01
    200000    66.00000000   4.7635400000e-01
    200000    68.00000000   4.4305500000e-01
    200000    70.00000000   4.0804500000e-01
    200000    72.00000000   3.7146700000e-01
    200000    74.00000000   3.3347600000e-01
    200000    76.00000000   2.9423500000e-01
    200000    78.00000000   2.5391800000e-01
    200000    80.00000000   2.1270700000e-01
    200000    82.00000000   1.7078900000e-01
    200000    84.00000000   1.2835900000e-01
    200000    86.00000000   8.5615000000e-02
    200000    88.00000000   4.2760000000e-02
    200000    90.00000000   0.0000000000e+00
    250000   -90.00000000  -0.0000000000e+00
    250000   -88.00000000  -4.2634000000e-02
    250000   -86.00000000  -8.5108000000e-02
    250000   -84.00000000  -1.2721600000e-01
    250000   -82.00000000  -1.6875400000e-01
    250000   -80.00000000  -2.0952000000e-01
    250000   -78.00000000  -2.4931800000e-01
    250000   -76.00000000  -2.8795700000e-01
    250000   -74.00000000  -3.2524900000e-01
    250000   -72.00000000  -3.6101600000e-01
    250000   -70.00000000  -3.9508800000e-01
    250000   -68.00000000  -4.2730100000e-01
    250000   -66.00000000  -4.5750400000e-01
    250000   -64.00000000  -4.8555500000e-01
    250000   -62.00000000  -5.1132100000e-01
    250000   -60.00000000  -5.3468300000e-01
    250000   -58.00000000  -5.5553600000e-01
    250000   -56.00000000  -5.7378500000e-01
    250000   -54.00000000  -5.8934900000e-01
    250000   -52.00000000  -6.0216400000e-01
    250000   -50.00000000  -6.1217800000e-01
    250000   -48.00000000  -6.1935600000e-01
    250000   -46.00000000  -6.2367600000e-01
    250000   -44.00000000  -6.2513500000e-01
    250000   -42.00000000  -6.2374600000e-01
    250000   -40.00000000  -6.1953800000e-01
    250000   -38.00000000  -6.1255800000e-01
    250000   -36.00000000  -6.0287300000e-01
    250000   -34.00000000  -5.9056800000e-01
    250000   -32.00000000  -5.7575000000e-01
    250000   -30.00000000  -5.5854800000e-01
    250000   -28.00000000  -5.3911800000e-01
    250000   -26.00000000  -5.1764700000e-01
    250000   -24.00000000  -4.9436000000e-01
    250000   -22.00000000  -4.6953100000e-01
    250000   -20.00000000  -4.4349900000e-01
    250000   -18.00000000  -4.1670400000e-01
    250000   -16.00000000  -3.8973600000e-01
    250000   -14.00000000  -3.6298500000e-01
    250000   -12.00000000  -3.4262800000e-01
    250000   -10.00000000  -3.2308600000e-01
    250000    -8.00000000  -3.0910400000e-01
    250000    -6.00000000  -2.9460000000e-01
    250000    -4.00000000   4.1700000000e-02
    250000    -2.00000000   3.3150000000e-01
    250000     0.00000000   5.7740000000e-01
    250000     2.00000000   8.0850000000e-01
    250000     4.00000000   9.9630000000e-01
    250000     6.00000000   1.2084250000e+00
    250000     8.00000000   1.1682650000e+00
    250000    10.00000000   9.8061400000e-01
    250000    12.00000000   8.8324200000e-01
    250000    14.00000000   8.2359800000e-01
    250000    16.00000000   7.8612400000e-01
    250000    18.00000000   7.6280700000e-01
    250000    20.00000000   7.4877700000e-01
    250000    22.00000000   7.4088200000e-01
    250000    24.00000000   7.3697800000e-01
    250000    26.00000000   7.3554600000e-01
    250000    28.00000000   7.3547000000e-01
    250000    30.00000000   7.3591200000e-01
    250000    32.00000000   7.3622500000e-01
    250000    34.00000000   7.3590100000e-01
    250000    36.00000000   7.3453900000e-01
    250000    38.00000000   7.3181900000e-01
    250000    40.00000000   7.2748600000e-01
    250000    42.00000000   7.2133800000e-01
    250000    44.00000000   7.1321400000e-01
    250000    46.00000000   7.0299600000e-01
    250000    48.00000000   6.9059600000e-01
    250000    50.00000000   6.7595400000e-01
    250000    52.00000000   6.5904000000e-01
    250000    54.00000000   6.3984500000e-01
    250000    56.00000000   6.1838400000e-01
    250000    58.00000000   5.9469000000e-01
    250000    60.00000000   5.6881700000e-01
    250000    62.00000000   5.4083700000e-01
    250000    64.00000000   5.1083600000e-01
    250000    66.00000000   4.7891700000e-01
    250000    68.00000000   4.4519800000e-01
    250000    70.00000000   4.0980700000e-01
    250000    72.00000000   3.7288900000e-01
    250000    74.00000000   3.3459500000e-01
    250000    76.00000000   2.9508900000e-01
    250000    78.00000000   2.5454400000e-01
    250000    80.00000000   2.1314100000e-01
    250000    82.00000000   1.7106600000e-01
    250000    84.00000000   1.2851500000e-01
    250000    86.00000000   8.5684000000e-02
    250000    88.00000000   4.2778000000e-02
    250000    90.00000000   0.0000000000e+00
     50000   -90.00000000  -0.0000000000e+00
     50000   -88.00000000  -4.2639000000e-02
     50000   -86.00000000  -8.5130000000e-02
     50000   -84.00000000  -1.2726500000e-01
     50000   -82.00000000  -1.6884200000e-01
     50000   -80.00000000  -2.0965900000e-01
     50000   -78.00000000  -2.4951900000e-01
     50000   -76.00000000  -2.8823000000e-01
     50000   -74.00000000  -3.2560700000e-01
     50000   -72.00000000  -3.6147100000e-01
     50000   -70.00000000  -3.9565200000e-01
     50000   -68.00000000  -4.2798700000e-01
     50000   -66.00000000  -4.5832500000e-01
     50000   -64.00000000  -4.8652300000e-01
     50000   -62.00000000  -5.1245100000e-01
     50000   -60.00000000  -5.3599100000e-01
     50000   -58.00000000  -5.5703600000e-01
     50000   -56.00000000  -5.7549300000e-01
     50000   -54.00000000  -5.9128300000e-01
     50000   -52.00000000  -6.0434300000e-01
     50000   -50.00000000  -6.1462100000e-01
     50000   -48.00000000  -6.2208400000e-01
     50000   -46.00000000  -6.2671400000e-01
     50000   -44.00000000  -6.2850900000e-01
     50000   -42.00000000  -6.2748400000e-01
     50000   -40.00000000  -6.2367300000e-01
     50000   -38.00000000  -6.1712600000e-01
     50000   -36.00000000  -6.0791600000e-01
     50000   -34.00000000  -5.9613500000e-01
     50000   -32.00000000  -5.8189600000e-01
     50000   -30.00000000  -5.6534100000e-01
     50000   -28.00000000  -5.4663800000e-01
     50000   -26.00000000  -5.2599300000e-01
     50000   -24.00000000  -5.0365300000e-01
     50000   -22.00000000  -4.7992400000e-01
     50000   -20.00000000  -4.5519100000e-01
     50000   -18.00000000  -4.2996000000e-01
     50000   -16.00000000  -4.0491800000e-01
     50000   -14.00000000  -3.8106200000e-01
     50000   -12.00000000  -3.5994900000e-01
     50000   -10.00000000  -3.4424300000e-01
     50000    -8.00000000  -3.3895600000e-01
     50000    -6.00000000  -3.5688900000e-01
     50000    -4.00000000  -2.7268400000e-01
     50000    -2.00000000   7.9200000000e-02
     50000     0.00000000   2.6820000000e-01
     50000     2.00000000   5.0130000000e-01
     50000     4.00000000   8.8770000000e-01
     50000     6.00000000   1.0741000000e+00
     50000     8.00000000   1.1672000000e+00
     50000    10.00000000   1.1728110000e+00
     50000    12.00000000   1.1740330000e+00
     50000    14.00000000   1.1752560000e+00
     50000    16.00000000   1.1827610000e+00
     50000    18.00000000   1.1777000000e+00
     50000    20.00000000   1.1193950000e+00
     50000    22.00000000   1.0661650000e+00
     50000    24.00000000   1.0278170000e+00
     50000    26.00000000   9.9675200000e-01
     50000    28.00000000   9.7084800000e-01
     50000    30.00000000   9.4852900000e-01
     50000    32.00000000   9.2859400000e-01
     50000    34.00000000   9.1011800000e-01
     50000    36.00000000   8.9237300000e-01
     50000    38.00000000   8.7478400000e-01
     50000    40.00000000   8.5689000000e-01
     50000    42.00000000   8.3832600000e-01
     50000    44.00000000   8.1879900000e-01
     50000    46.00000000   7.9808200000e-01
     50000    48.00000000   7.7599500000e-01
     50000    50.00000000   7.5240600000e-01
     50000    52.00000000   7.2722000000e-01
     50000    54.00000000   7.0037700000e-01
     50000    56.00000000   6.7184700000e-01
     50000    58.00000000   6.4162600000e-01
     50000    60.00000000   6.0973500000e-01
     50000    62.00000000   5.7621900000e-01
     50000    64.00000000   5.4114200000e-01
     50000    66.00000000   5.0458600000e-01
     50000    68.00000000   4.6665100000e-01
     50000    70.00000000   4.2745200000e-01
     50000    72.00000000   3.8712000000e-01
     50000    74.00000000   3.4579800000e-01
     50000    76.00000000   3.0363900000e-01
     50000    78.00000000   2.6080800000e-01
     50000    80.00000000   2.1748100000e-01
     50000    82.00000000   1.7383900000e-01
     50000    84.00000000   1.3007200000e-01
     50000    86.00000000   8.6376000000e-02
     50000    88.00000000   4.2950000000e-02
     50000    90.00000000   0.0000000000e+00
    100000   -90.00000000  -0.0000000000e+00
    100000   -88.00000000  -4.2635000000e-02
    100000   -86.00000000  -8.5113000000e-02
    100000   -84.00000000  -1.2722700000e-01
    100000   -82.00000000  -1.6877400000e-01
    100000   -80.00000000  -2.0955200000e-01
    100000   -78.00000000  -2.4936500000e-01
    100000   -76.00000000  -2.8802000000e-01
    100000   -74.00000000  -3.2533200000e-01
    100000   -72.00000000  -3.6112200000e-01
    100000   -70.00000000  -3.9521900000e-01
    100000   -68.00000000  -4.2746100000e-01
    100000   -66.00000000  -4.5769500000e-01
    100000   -64.00000000  -4.8578000000e-01
    100000   -62.00000000  -5.1158400000e-01
    100000   -60.00000000  -5.3498800000e-01
    100000   -58.00000000  -5.5588500000e-01
    100000   -56.00000000  -5.7418200000e-01
    100000   -54.00000000  -5.8979900000e-01
    100000   -52.00000000  -6.0267100000e-01
    100000   -50.00000000  -6.1274700000e-01
    100000   -48.00000000  -6.1999100000e-01
    100000   -46.00000000  -6.2438300000e-01
    100000   -44.00000000  -6.2592100000e-01
    100000   -42.00000000  -6.2461600000e-01
    100000   -40.00000000  -6.2050000000e-01
    100000   -38.00000000  -6.1362200000e-01
    100000   -36.00000000  -6.0404700000e-01
    100000   -34.00000000  -5.9186400000e-01
    100000   -32.00000000  -5.7718000000e-01
    100000   -30.00000000  -5.6012900000e-01
    100000   -28.00000000  -5.4086900000e-01
    100000   -26.00000000  -5.1959000000e-01
    100000   -24.00000000  -4.9652300000e-01
    100000   -22.00000000  -4.7195000000e-01
    100000   -20.00000000  -4.4622100000e-01
    100000   -18.00000000  -4.1979000000e-01
    100000   -16.00000000  -3.9327000000e-01
    100000   -14.00000000  -3.6754000000e-01
    100000   -12.00000000  -3.4396000000e-01
    100000   -10.00000000  -3.2483700000e-01
    100000    -8.00000000  -3.1461200000e-01
    100000    -6.00000000  -3.3141900000e-01
    100000    -4.00000000  -2.3532300000e-01
    100000    -2.00000000   1.0240000000e-01
    100000     0.00000000   4.2610000000e-01
    100000     2.00000000   7.1260000000e-01
    100000     4.00000000   1.0153000000e+00
    100000     6.00000000   1.1520260000e+00
    100000     8.00000000   1.2554730000e+00
    100000    10.00000000   1.1330630000e+00
    100000    12.00000000   9.9230800000e-01
    100000    14.00000000   9.1583200000e-01
    100000    16.00000000   8.6557600000e-01
    100000    18.00000000   8.3218100000e-01
    100000    20.00000000   8.0996700000e-01
    100000    22.00000000   7.9527200000e-01
    100000    24.00000000   7.8560900000e-01
    100000    26.00000000   7.7922100000e-01
    100000    28.00000000   7.7482700000e-01
    100000    30.00000000   7.7146300000e-01
    100000    32.00000000   7.6839000000e-01
    100000    34.00000000   7.6503100000e-01
    100000    36.00000000   7.6093000000e-01
    100000    38.00000000   7.5572400000e-01
    100000    40.00000000   7.4912400000e-01
    100000    42.00000000   7.4089900000e-01
    100000    44.00000000   7.3086900000e-01
    100000    46.00000000   7.1889500000e-01
    100000    48.00000000   7.0487500000e-01
    100000    50.00000000   6.8873700000e-01
    100000    52.00000000   6.7044000000e-01
    100000    54.00000000   6.4996600000e-01
    100000    56.00000000   6.2732300000e-01
    100000    58.00000000   6.0253800000e-01
    100000    60.00000000   5.7565900000e-01
    100000    62.00000000   5.4675300000e-01
    100000    64.00000000   5.1590300000e-01
    100000    66.00000000   4.8320900000e-01
    100000    68.00000000   4.4878500000e-01
    100000    70.00000000   4.1275800000e-01
    100000    72.00000000   3.7526800000e-01
    100000    74.00000000   3.3646800000e-01
    100000    76.00000000   2.9651800000e-01
    100000    78.00000000   2.5559100000e-01
    100000    80.00000000   2.1386600000e-01
    100000    82.00000000   1.7153000000e-01
    100000    84.00000000   1.2877500000e-01
    100000    86.00000000   8.5800000000e-02
    100000    88.00000000   4.2806000000e-02
    100000    90.00000000   0.0000000000e+00
    150000   -90.00000000  -0.0000000000e+00
    150000   -88.00000000  -4.2647000000e-02
    150000   -86.00000000  -8.5162000000e-02
    150000   -84.00000000  -1.2733700000e-01
    150000   -82.00000000  -1.6897100000e-01
    150000   -80.00000000  -2.0986000000e-01
    150000   -78.00000000  -2.4980900000e-01
    150000   -76.00000000  -2.8862600000e-01
    150000   -74.00000000  -3.2612600000e-01
    150000   -72.00000000  -3.6213000000e-01
    150000   -70.00000000  -3.9646900000e-01
    150000   -68.00000000  -4.2898100000e-01
    150000   -66.00000000  -4.5951400000e-01
    150000   -64.00000000  -4.8792700000e-01
    150000   -62.00000000  -5.1409000000e-01
    150000   -60.00000000  -5.3788600000e-01
    150000   -58.00000000  -5.5921000000e-01
    150000   -56.00000000  -5.7796900000e-01
    150000   -54.00000000  -5.9408700000e-01
    150000   -52.00000000  -6.0750100000e-01
    150000   -50.00000000  -6.1816200000e-01
    150000   -48.00000000  -6.2604000000e-01
    150000   -46.00000000  -6.3111800000e-01
    150000   -44.00000000  -6.3340000000e-01
    150000   -42.00000000  -6.3290300000e-01
    150000   -40.00000000  -6.2966700000e-01
    150000   -38.00000000  -6.2374800000e-01
    150000   -36.00000000  -6.1522700000e-01
    150000   -34.00000000  -6.0420400000e-01
    150000   -32.00000000  -5.9080700000e-01
    150000   -30.00000000  -5.7518900000e-01
    150000   -28.00000000  -5.5754100000e-01
    150000   -26.00000000  -5.3809200000e-01
    150000   -24.00000000  -5.1712500000e-01
    150000   -22.00000000  -4.9499100000e-01
    150000   -20.00000000  -4.7214300000e-01
    150000   -18.00000000  -4.4917800000e-01
    150000   -16.00000000  -4.2692800000e-01
    150000   -14.00000000  -4.0677000000e-01
    150000   -12.00000000  -3.8226500000e-01
    150000   -10.00000000  -3.8191000000e-01
    150000    -8.00000000  -3.7667700000e-01
    150000    -6.00000000  -3.7118600000e-01
    150000    -4.00000000  -1.5882000000e-01
    150000    -2.00000000   2.2710000000e-01
    150000     0.00000000   5.1510000000e-01
    150000     2.00000000   7.7800000000e-01
    150000     4.00000000   9.8148000000e-01
    150000     6.00000000   1.1852870000e+00
    150000     8.00000000   1.1405230000e+00
    150000    10.00000000   9.5929800000e-01
    150000    12.00000000   8.6571500000e-01
    150000    14.00000000   8.0877500000e-01
    150000    16.00000000   7.7335600000e-01
    150000    18.00000000   7.5165900000e-01
    150000    20.00000000   7.3894400000e-01
    150000    22.00000000   7.3214200000e-01
    150000    24.00000000   7.2916300000e-01
    150000    26.00000000   7.2852700000e-01
    150000    28.00000000   7.2914600000e-01
    150000    30.00000000   7.3019900000e-01
    150000    32.00000000   7.3105500000e-01
    150000    34.00000000   7.3121900000e-01
    150000    36.00000000   7.3029800000e-01
    150000    38.00000000   7.2797800000e-01
    150000    40.00000000   7.2400900000e-01
    150000    42.00000000   7.1819400000e-01
    150000    44.00000000   7.1037700000e-01
    150000    46.00000000   7.0044100000e-01
    150000    48.00000000   6.8830100000e-01
    150000    50.00000000   6.7390000000e-01
    150000    52.00000000   6.5720800000e-01
    150000    54.00000000   6.3821900000e-01
    150000    56.00000000   6.1694700000e-01
    150000    58.00000000   5.9342900000e-01
    150000    60.00000000   5.6771800000e-01
    150000    62.00000000   5.3988600000e-01
    150000    64.00000000   5.1002200000e-01
    150000    66.00000000   4.7822700000e-01
    150000    68.00000000   4.4462100000e-01
    150000    70.00000000   4.0933300000e-01
    150000    72.00000000   3.7250600000e-01
    150000    74.00000000   3.3429300000e-01
    150000    76.00000000   2.9485900000e-01
    150000    78.00000000   2.5437600000e-01
    150000    80.00000000   2.1302400000e-01
    150000    82.00000000   1.7099200000e-01
    150000    84.00000000   1.2847300000e-01
    150000    86.00000000   8.5666000000e-02
    150000    88.00000000   4.2773000000e-02
    150000    90.00000000   0.0000000000e+00
    200000   -90.00000000  -0.0000000000e+00
    200000   -88.00000000  -4.2634000000e-02
    200000   -86.00000000  -8.5108000000e-02
    200000   -84.00000000  -1.2721600000e-01
    200000   -82.00000000  -1.6875500000e-01
    200000   -80.00000000  -2.0952200000e-01
    200000   -78.00000000  -2.4932200000e-01
    200000   -76.00000000  -2.8796100000e-01
    200000   -74.00000000  -3.2525500000e-01
    200000   -72.00000000  -3.6102400000e-01
    200000   -70.00000000  -3.9509700000e-01
    200000   -68.00000000  -4.2731300000e-01
    200000   -66.00000000  -4.5751800000e-01
    200000   -64.00000000  -4.8557100000e-01
    200000   -62.00000000  -5.1134000000e-01
    200000   -60.00000000  -5.3470500000e-01
    200000   -58.00000000  -5.5556100000e-01
    200000   -56.00000000  -5.7381300000e-01
    200000   -54.00000000  -5.8938200000e-01
    200000   -52.00000000  -6.0220100000e-01
    200000   -50.00000000  -6.1221900000e-01
    200000   -48.00000000  -6.1940100000e-01
    200000   -46.00000000  -6.2372700000e-01
    200000   -44.00000000  -6.2519200000e-01
    200000   -42.00000000  -6.2380900000e-01
    200000   -40.00000000  -6.1960800000e-01
    200000   -38.00000000  -6.1263500000e-01
    200000   -36.00000000  -6.0295800000e-01
    200000   -34.00000000  -5.9066200000e-01
    200000   -32.00000000  -5.7585300000e-01
    200000   -30.00000000  -5.5866200000e-01
    200000   -28.00000000  -5.3924400000e-01
    200000   -26.00000000  -5.1778800000e-01
    200000   -24.00000000  -4.9451700000e-01
    200000   -22.00000000  -4.6970500000e-01
    200000   -20.00000000  -4.4369600000e-01
    200000   -18.00000000  -4.1692700000e-01
    200000   -16.00000000  -3.8999100000e-01
    200000   -14.00000000  -3.6373400000e-01
    200000   -12.00000000  -3.3945900000e-01
    200000   -10.00000000  -3.1937500000e-01
    200000    -8.00000000  -3.0814100000e-01
    200000    -6.00000000  -3.1886200000e-01
    200000    -4.00000000  -1.0436400000e-01
    200000    -2.00000000   2.8110000000e-01
    200000     0.00000000   5.5330000000e-01
    200000     2.00000000   7.8160000000e-01
    200000     4.00000000   9.9605000000e-01
    200000     6.00000000   1.1863880000e+00
    200000     8.00000000   1.1178420000e+00
    200000    10.00000000   9.3792100000e-01
    200000    12.00000000   8.4910600000e-01
    200000    14.00000000   7.9473000000e-01
    200000    16.00000000   7.6125700000e-01
    200000    18.00000000   7.4109500000e-01
    200000    20.00000000   7.2962600000e-01
    200000    22.00000000   7.2385900000e-01
    200000    24.00000000   7.2175800000e-01
    200000    26.00000000   7.2187600000e-01
    200000    28.00000000   7.2315200000e-01
    200000    30.00000000   7.2478500000e-01
    200000    32.00000000   7.2615700000e-01
    200000    34.00000000   7.2678300000e-01
    200000    36.00000000   7.2627900000e-01
    200000    38.00000000   7.2433800000e-01
    200000    40.00000000   7.2071400000e-01
    200000    42.00000000   7.1521500000e-01
    200000    44.00000000   7.0768900000e-01
    200000    46.00000000   6.9802000000e-01
    200000    48.00000000   6.8612600000e-01
    200000    50.00000000   6.7195300000e-01
    200000    52.00000000   6.5547200000e-01
    200000    54.00000000   6.3667700000e-01
    200000    56.00000000   6.1558600000e-01
    200000    58.00000000   5.9223300000e-01
    200000    60.00000000   5.6667600000e-01
    200000    62.00000000   5.3898500000e-01
    200000    64.00000000   5.0925000000e-01
    200000    66.00000000   4.7757400000e-01
    200000    68.00000000   4.4407500000e-01
    200000    70.00000000   4.0888400000e-01
    200000    72.00000000   3.7214400000e-01
    200000    74.00000000   3.3400800000e-01
    200000    76.00000000   2.9464100000e-01
    200000    78.00000000   2.5421600000e-01
    200000    80.00000000   2.1291300000e-01
    200000    82.00000000   1.7092100000e-01
    200000    84.00000000   1.2843300000e-01
    200000    86.00000000   8.5648000000e-02
    200000    88.00000000   4.2769000000e-02
    200000    90.00000000   0.0000000000e+00
    250000   -90.00000000  -0.0000000000e+00
    250000   -88.00000000  -4.2634000000e-02
    250000   -86.00000000  -8.5110000000e-02
    250000   -84.00000000  -1.2722100000e-01
    250000   -82.00000000  -1.6876300000e-01
    250000   -80.00000000  -2.0953600000e-01
    250000   -78.00000000  -2.4934100000e-01
    250000   -76.00000000  -2.8798700000e-01
    250000   -74.00000000  -3.2528900000e-01
    250000   -72.00000000  -3.6106700000e-01
    250000   -70.00000000  -3.9515100000e-01
    250000   -68.00000000  -4.2737800000e-01
    250000   -66.00000000  -4.5759600000e-01
    250000   -64.00000000  -4.8566200000e-01
    250000   -62.00000000  -5.1144600000e-01
    250000   -60.00000000  -5.3482900000e-01
    250000   -58.00000000  -5.5570300000e-01
    250000   -56.00000000  -5.7397500000e-01
    250000   -54.00000000  -5.8956400000e-01
    250000   -52.00000000  -6.0240600000e-01
    250000   -50.00000000  -6.1245000000e-01
    250000   -48.00000000  -6.1965900000e-01
    250000   -46.00000000  -6.2401400000e-01
    250000   -44.00000000  -6.2551100000e-01
    250000   -42.00000000  -6.2416200000e-01
    250000   -40.00000000  -6.1999800000e-01
    250000   -38.00000000  -6.1306700000e-01
    250000   -36.00000000  -6.0343400000e-01
    250000   -34.00000000  -5.9118700000e-01
    250000   -32.00000000  -5.7643300000e-01
    250000   -30.00000000  -5.5930300000e-01
    250000   -28.00000000  -5.3995400000e-01
    250000   -26.00000000  -5.1857600000e-01
    250000   -24.00000000  -4.9539400000e-01
    250000   -22.00000000  -4.7068700000e-01
    250000   -20.00000000  -4.4480000000e-01
    250000   -18.00000000  -4.1817800000e-01
    250000   -16.00000000  -3.9142400000e-01
    250000   -14.00000000  -3.6539800000e-01
    250000   -12.00000000  -3.4142700000e-01
    250000   -10.00000000  -3.2176300000e-01
    250000    -8.00000000  -3.1146900000e-01
    250000    -6.00000000  -3.0868800000e-01
    250000    -4.00000000  -1.3358000000e-02
    250000    -2.00000000   3.2230000000e-01
    250000     0.00000000   5.6640000000e-01
    250000     2.00000000   7.8870000000e-01
    250000     4.00000000   9.9490000000e-01
    250000     6.00000000   1.1891040000e+00
    250000     8.00000000   1.1548140000e+00
    250000    10.00000000   9.7027900000e-01
    250000    12.00000000   8.7474400000e-01
    250000    14.00000000   8.1641100000e-01
    250000    16.00000000   7.7993300000e-01
    250000    18.00000000   7.5740200000e-01
    250000    20.00000000   7.4400900000e-01
    250000    22.00000000   7.3664400000e-01
    250000    24.00000000   7.3318900000e-01
    250000    26.00000000   7.3214300000e-01
    250000    28.00000000   7.3240400000e-01
    250000    30.00000000   7.3314200000e-01
    250000    32.00000000   7.3371800000e-01
    250000    34.00000000   7.3363100000e-01
    250000    36.00000000   7.3248300000e-01
    250000    38.00000000   7.2995700000e-01
    250000    40.00000000   7.2580100000e-01
    250000    42.00000000   7.1981300000e-01
    250000    44.00000000   7.1183900000e-01
    250000    46.00000000   7.0175700000e-01
    250000    48.00000000   6.8948300000e-01
    250000    50.00000000   6.7495800000e-01
    250000    52.00000000   6.5815200000e-01
    250000    54.00000000   6.3905600000e-01
    250000    56.00000000   6.1768700000e-01
    250000    58.00000000   5.9407800000e-01
    250000    60.00000000   5.6828400000e-01
    250000    62.00000000   5.4037600000e-01
    250000    64.00000000   5.1044100000e-01
    250000    66.00000000   4.7858300000e-01
    250000    68.00000000   4.4491800000e-01
    250000    70.00000000   4.0957700000e-01
    250000    72.00000000   3.7270300000e-01
    250000    74.00000000   3.3444900000e-01
    250000    76.00000000   2.9497700000e-01
    250000    78.00000000   2.5446200000e-01
    250000    80.00000000   2.1308400000e-01
    250000    82.00000000   1.7103000000e-01
    250000    84.00000000   1.2849400000e-01
    250000    86.00000000   8.5675000000e-02
    250000    88.00000000   4.2775000000e-02
    250000    90.00000000   0.0000000000e+00
     50000   -90.00000000  -0.0000000000e+00
     50000   -88.00000000  -4.2639000000e-02
     50000   -86.00000000  -8.5130000000e-02
     50000   -84.00000000  -1.2726500000e-01
     50000   -82.00000000  -1.6884200000e-01
     50000   -80.00000000  -2.0965900000e-01
     50000   -78.00000000  -2.4951800000e-01
     50000   -76.00000000  -2.8822900000e-01
     50000   -74.00000000  -3.2560600000e-01
     50000   -72.00000000  -3.6147000000e-01
     50000   -70.00000000  -3.9565000000e-01
     50000   -68.00000000  -4.2798500000e-01
     50000   -66.00000000  -4.5832300000e-01
     50000   -64.00000000  -4.8652100000e-01
     50000   -62.00000000  -5.1244900000e-01
     50000   -60.00000000  -5.3598800000e-01
     50000   -58.00000000  -5.5703200000e-01
     50000   -56.00000000  -5.7548900000e-01
     50000   -54.00000000  -5.9127900000e-01
     50000   -52.00000000  -6.0433800000e-01
     50000   -50.00000000  -6.1461600000e-01
     50000   -48.00000000  -6.2207900000e-01
     50000   -46.00000000  -6.2670800000e-01
     50000   -44.00000000  -6.2850200000e-01
     50000   -42.00000000  -6.2747600000e-01
     50000   -40.00000000  -6.2366400000e-01
     50000   -38.00000000  -6.1711700000e-01
     50000   -36.00000000  -6.0790600000e-01
     50000   -34.00000000  -5.9612300000e-01
     50000   -32.00000000  -5.8188400000e-01
     50000   -30.00000000  -5.6532700000e-01
     50000   -28.00000000  -5.4662300000e-01
     50000   -26.00000000  -5.2597600000e-01
     50000   -24.00000000  -5.0363400000e-01
     50000   -22.00000000  -4.7990200000e-01
     50000   -20.00000000  -4.5516800000e-01
     50000   -18.00000000  -4.2993300000e-01
     50000   -16.00000000  -4.0488700000e-01
     50000   -14.00000000  -3.8102600000e-01
     50000   -12.00000000  -3.5990700000e-01
     50000   -10.00000000  -3.4419200000e-01
     50000    -8.00000000  -3.3899800000e-01
     50000    -6.00000000  -3.5580700000e-01
     50000    -4.00000000  -2.6793100000e-01
     50000    -2.00000000   6.7900000000e-02
     50000     0.00000000   2.5310000000e-01
     50000     2.00000000   4.9730000000e-01
     50000     4.00000000   8.7370000000e-01
     50000     6.00000000   1.0567000000e+00
     50000     8.00000000   1.1756600000e+00
     50000    10.00000000   1.1982930000e+00
     50000    12.00000000   1.2026020000e+00
     50000    14.00000000   1.2069110000e+00
     50000    16.00000000   1.2112200000e+00
     50000    18.00000000   1.2235060000e+00
     50000    20.00000000   1.2145460000e+00
     50000    22.00000000   1.1545080000e+00
     50000    24.00000000   1.1042040000e+00
     50000    26.00000000   1.0653570000e+00
     50000    28.00000000   1.0326690000e+00
     50000    30.00000000   1.0043710000e+00
     50000    32.00000000   9.7911900000e-01
     50000    34.00000000   9.5587600000e-01
     50000    36.00000000   9.3382800000e-01
     50000    38.00000000   9.1233200000e-01
     50000    40.00000000   8.9087700000e-01
     50000    42.00000000   8.6905200000e-01
     50000    44.00000000   8.4653100000e-01
     50000    46.00000000   8.2305500000e-01
     50000    48.00000000   7.9842400000e-01
     50000    50.00000000   7.7248500000e-01
     50000    52.00000000   7.4512700000e-01
     50000    54.00000000   7.1627500000e-01
     50000    56.00000000   6.8588800000e-01
     50000    58.00000000   6.5395300000e-01
     50000    60.00000000   6.2048200000e-01
     50000    62.00000000   5.8551200000e-01
     50000    64.00000000   5.4910200000e-01
     50000    66.00000000   5.1132700000e-01
     50000    68.00000000   4.7228500000e-01
     50000    70.00000000   4.3208700000e-01
     50000    72.00000000   3.9085800000e-01
     50000    74.00000000   3.4874000000e-01
     50000    76.00000000   3.0588400000e-01
     50000    78.00000000   2.6245300000e-01
     50000    80.00000000   2.1862100000e-01
     50000    82.00000000   1.7456700000e-01
     50000    84.00000000   1.3048100000e-01
     50000    86.00000000   8.6557000000e-02
     50000    88.00000000   4.2996000000e-02
     50000    90.00000000   0.0000000000e+00
    100000   -90.00000000  -0.0000000000e+00
    100000   -88.00000000  -4.2635000000e-02
    100000   -86.00000000  -8.5113000000e-02
    100000   -84.00000000  -1.2722900000e-01
    100000   -82.00000000  -1.6877700000e-01
    100000   -80.00000000  -2.0955700000e-01
    100000   -78.00000000  -2.4937200000e-01
    100000   -76.00000000  -2.8802900000e-01
    100000   -74.00000000  -3.2534400000e-01
    100000   -72.00000000  -3.6113700000e-01
    100000   -70.00000000  -3.9523800000e-01
    100000   -68.00000000  -4.2748400000e-01
    100000   -66.00000000  -4.5772300000e-01
    100000   -64.00000000  -4.8581300000e-01
    100000   -62.00000000  -5.1162200000e-01
    100000   -60.00000000  -5.3503200000e-01
    100000   -58.00000000  -5.5593600000e-01
    100000   -56.00000000  -5.7424000000e-01
    100000   -54.00000000  -5.8986500000e-01
    100000   -52.00000000  -6.0274500000e-01
    100000   -50.00000000  -6.1282900000e-01
    100000   -48.00000000  -6.2008300000e-01
    100000   -46.00000000  -6.2448600000e-01
    100000   -44.00000000  -6.2603400000e-01
    100000   -42.00000000  -6.2474200000e-01
    100000   -40.00000000  -6.2064000000e-01
    100000   -38.00000000  -6.1377600000e-01
    100000   -36.00000000  -6.0421700000e-01
    100000   -34.00000000  -5.9205200000e-01
    100000   -32.00000000  -5.7738800000e-01
    100000   -30.00000000  -5.6035800000e-01
    100000   -28.00000000  -5.4112200000e-01
    100000   -26.00000000  -5.1987100000e-01
    100000   -24.00000000  -4.9683700000e-01
    100000   -22.00000000  -4.7230000000e-01
    100000   -20.00000000  -4.4661500000e-01
    100000   -18.00000000  -4.2023700000e-01
    100000   -16.00000000  -3.9378200000e-01
    100000   -14.00000000  -3.6813400000e-01
    100000   -12.00000000  -3.4466200000e-01
    100000   -10.00000000  -3.2569000000e-01
    100000    -8.00000000  -3.1581500000e-01
    100000    -6.00000000  -3.3195400000e-01
    100000    -4.00000000  -2.8566200000e-01
    100000    -2.00000000   9.3800000000e-02
    100000     0.00000000   4.2000000000e-01
    100000     2.00000000   7.1760000000e-01
    100000     4.00000000   9.5540000000e-01
    100000     6.00000000   1.1142880000e+00
    100000     8.00000000   1.2235820000e+00
    100000    10.00000000   1.0944260000e+00
    100000    12.00000000   9.6352400000e-01
    100000    14.00000000   8.9149000000e-01
    100000    16.00000000   8.4460800000e-01
    100000    18.00000000   8.1387200000e-01
    100000    20.00000000   7.9381800000e-01
    100000    22.00000000   7.8091800000e-01
    100000    24.00000000   7.7277400000e-01
    100000    26.00000000   7.6769500000e-01
    100000    28.00000000   7.6444000000e-01
    100000    30.00000000   7.6208100000e-01
    100000    32.00000000   7.5990100000e-01
    100000    34.00000000   7.5734300000e-01
    100000    36.00000000   7.5396500000e-01
    100000    38.00000000   7.4941500000e-01
    100000    40.00000000   7.4341300000e-01
    100000    42.00000000   7.3573600000e-01
    100000    44.00000000   7.2621000000e-01
    100000    46.00000000   7.1469900000e-01
    100000    48.00000000   7.0110600000e-01
    100000    50.00000000   6.8536400000e-01
    100000    52.00000000   6.6743100000e-01
    100000    54.00000000   6.4729500000e-01
    100000    56.00000000   6.2496400000e-01
    100000    58.00000000   6.0046700000e-01
    100000    60.00000000   5.7385300000e-01
    100000    62.00000000   5.4519200000e-01
    100000    64.00000000   5.1456600000e-01
    100000    66.00000000   4.8207600000e-01
    100000    68.00000000   4.4783800000e-01
    100000    70.00000000   4.1197900000e-01
    100000    72.00000000   3.7464000000e-01
    100000    74.00000000   3.3597300000e-01
    100000    76.00000000   2.9614100000e-01
    100000    78.00000000   2.5531500000e-01
    100000    80.00000000   2.1367500000e-01
    100000    82.00000000   1.7140800000e-01
    100000    84.00000000   1.2870600000e-01
    100000    86.00000000   8.5769000000e-02
    100000    88.00000000   4.2799000000e-02
    100000    90.00000000   0.0000000000e+00
    150000   -90.00000000  -0.0000000000e+00
    150000   -88.00000000  -4.2638000000e-02
    150000   -86.00000000  -8.5126000000e-02
    150000   -84.00000000  -1.2725800000e-01
    150000   -82.00000000  -1.6882800000e-01
    150000   -80.00000000  -2.0963700000e-01
    150000   -78.00000000  -2.4948700000e-01
    150000   -76.00000000  -2.8818700000e-01
    150000   -74.00000000  -3.2555000000e-01
    150000   -72.00000000  -3.6139900000e-01
    150000   -70.00000000  -3.9556300000e-01
    150000   -68.00000000  -4.2787900000e-01
    150000   -66.00000000  -4.5819500000e-01
    150000   -64.00000000  -4.8637000000e-01
    150000   -62.00000000  -5.1227300000e-01
    150000   -60.00000000  -5.3578500000e-01
    150000   -58.00000000  -5.5679900000e-01
    150000   -56.00000000  -5.7522400000e-01
    150000   -54.00000000  -5.9097900000e-01
    150000   -52.00000000  -6.0400000000e-01
    150000   -50.00000000  -6.1423600000e-01
    150000   -48.00000000  -6.2165500000e-01
    150000   -46.00000000  -6.2623600000e-01
    150000   -44.00000000  -6.2797800000e-01
    150000   -42.00000000  -6.2689500000e-01
    150000   -40.00000000  -6.2302200000e-01
    150000   -38.00000000  -6.1640700000e-01
    150000   -36.00000000  -6.0712200000e-01
    150000   -34.00000000  -5.9525800000e-01
    150000   -32.00000000  -5.8092800000e-01
    150000   -30.00000000  -5.6427100000e-01
    150000   -28.00000000  -5.4545400000e-01
    150000   -26.00000000  -5.2467900000e-01
    150000   -24.00000000  -5.0219000000e-01
    150000   -22.00000000  -4.7828800000e-01
    150000   -20.00000000  -4.5335100000e-01
    150000   -18.00000000  -4.2787300000e-01
    150000   -16.00000000  -4.0252800000e-01
    150000   -14.00000000  -3.7828700000e-01
    150000   -12.00000000  -3.5666800000e-01
    150000   -10.00000000  -3.3805100000e-01
    150000    -8.00000000  -3.3333300000e-01
    150000    -6.00000000  -3.2397200000e-01
    150000    -4.00000000  -2.0760000000e-01
    150000    -2.00000000   2.1670000000e-01
    150000     0.00000000   5.0780000000e-01
    150000     2.00000000   7.6540000000e-01
    150000     4.00000000   9.6030000000e-01
    150000     6.00000000   1.1375750000e+00
    150000     8.00000000   1.2190000000e+00
    150000    10.00000000   1.0548350000e+00
    150000    12.00000000   9.3461500000e-01
    150000    14.00000000   8.6704300000e-01
    150000    16.00000000   8.2354800000e-01
    150000    18.00000000   7.9548400000e-01
    150000    20.00000000   7.7759900000e-01
    150000    22.00000000   7.6650100000e-01
    150000    24.00000000   7.5988500000e-01
    150000    26.00000000   7.5611800000e-01
    150000    28.00000000   7.5400900000e-01
    150000    30.00000000   7.5265800000e-01
    150000    32.00000000   7.5137600000e-01
    150000    34.00000000   7.4962200000e-01
    150000    36.00000000   7.4697000000e-01
    150000    38.00000000   7.4307900000e-01
    150000    40.00000000   7.3767800000e-01
    150000    42.00000000   7.3055100000e-01
    150000    44.00000000   7.2153000000e-01
    150000    46.00000000   7.1048500000e-01
    150000    48.00000000   6.9732200000e-01
    150000    50.00000000   6.8197500000e-01
    150000    52.00000000   6.6441000000e-01
    150000    54.00000000   6.4461300000e-01
    150000    56.00000000   6.2259400000e-01
    150000    58.00000000   5.9838600000e-01
    150000    60.00000000   5.7204000000e-01
    150000    62.00000000   5.4362300000e-01
    150000    64.00000000   5.1322300000e-01
    150000    66.00000000   4.8093900000e-01
    150000    68.00000000   4.4688700000e-01
    150000    70.00000000   4.1119700000e-01
    150000    72.00000000   3.7400900000e-01
    150000    74.00000000   3.3547700000e-01
    150000    76.00000000   2.9576200000e-01
    150000    78.00000000   2.5503700000e-01
    150000    80.00000000   2.1348200000e-01
    150000    82.00000000   1.7128500000e-01
    150000    84.00000000   1.2863700000e-01
    150000    86.00000000   8.5739000000e-02
    150000    88.00000000   4.2791000000e-02
    150000    90.00000000   0.0000000000e+00
    200000   -90.00000000  -0.0000000000e+00
    200000   -88.00000000  -4.2639000000e-02
    200000   -86.00000000  -8.5130000000e-02
    200000   -84.00000000  -1.2726700000e-01
    200000   -82.00000000  -1.6884500000e-01
    200000   -80.00000000  -2.0966400000e-01
    200000   -78.00000000  -2.4952600000e-01
    200000   -76.00000000  -2.8824000000e-01
    200000   -74.00000000  -3.2562000000e-01
    200000   -72.00000000  -3.6148800000e-01
    200000   -70.00000000  -3.9567200000e-01
    200000   -68.00000000  -4.2801200000e-01
    200000   -66.00000000  -4.5835500000e-01
    200000   -64.00000000  -4.8655900000e-01
    200000   -62.00000000  -5.1249300000e-01
    200000   -60.00000000  -5.3603900000e-01
    200000   -58.00000000  -5.5709100000e-01
    200000   -56.00000000  -5.7555600000e-01
    200000   -54.00000000  -5.9135500000e-01
    200000   -52.00000000  -6.0442300000e-01
    200000   -50.00000000  -6.1471100000e-01
    200000   -48.00000000  -6.2218500000e-01
    200000   -46.00000000  -6.2682600000e-01
    200000   -44.00000000  -6.2863400000e-01
    200000   -42.00000000  -6.2762200000e-01
    200000   -40.00000000  -6.2382500000e-01
    200000   -38.00000000  -6.1729500000e-01
    200000   -36.00000000  -6.0810300000e-01
    200000   -34.00000000  -5.9634100000e-01
    200000   -32.00000000  -5.8212300000e-01
    200000   -30.00000000  -5.6559200000e-01
    200000   -28.00000000  -5.4691700000e-01
    200000   -26.00000000  -5.2630200000e-01
    200000   -24.00000000  -5.0399700000e-01
    200000   -22.00000000  -4.8030800000e-01
    200000   -20.00000000  -4.5562400000e-01
    200000   -18.00000000  -4.3045000000e-01
    200000   -16.00000000  -4.0547900000e-01
    200000   -14.00000000  -3.8171400000e-01
    200000   -12.00000000  -3.6072000000e-01
    200000   -10.00000000  -3.4329200000e-01
    200000    -8.00000000  -2.7740500000e-01
    200000    -6.00000000  -2.1002900000e-01
    200000    -4.00000000  -9.0600000000e-02
    200000    -2.00000000   2.7620000000e-01
    200000     0.00000000   5.3900000000e-01
    200000     2.00000000   7.8380000000e-01
    200000     4.00000000   9.7046700000e-01
    200000     6.00000000   1.1575100000e+00
    200000     8.00000000   1.1370590000e+00
    200000    10.00000000   9.5699400000e-01
    200000    12.00000000   8.6382600000e-01
    200000    14.00000000   8.0717800000e-01
    200000    16.00000000   7.7198000000e-01
    200000    18.00000000   7.5045800000e-01
    200000    20.00000000   7.3788400000e-01
    200000    22.00000000   7.3120000000e-01
    200000    24.00000000   7.2832100000e-01
    200000    26.00000000   7.2777100000e-01
    200000    28.00000000   7.2846400000e-01
    200000    30.00000000   7.2958400000e-01
    200000    32.00000000   7.3049900000e-01
    200000    34.00000000   7.3071500000e-01
    200000    36.00000000   7.2984100000e-01
    200000    38.00000000   7.2756400000e-01
    200000    40.00000000   7.2363500000e-01
    200000    42.00000000   7.1785500000e-01
    200000    44.00000000   7.1007200000e-01
    200000    46.00000000   7.0016600000e-01
    200000    48.00000000   6.8805400000e-01
    200000    50.00000000   6.7367900000e-01
    200000    52.00000000   6.5701100000e-01
    200000    54.00000000   6.3804300000e-01
    200000    56.00000000   6.1679200000e-01
    200000    58.00000000   5.9329300000e-01
    200000    60.00000000   5.6759900000e-01
    200000    62.00000000   5.3978400000e-01
    200000    64.00000000   5.0993400000e-01
    200000    66.00000000   4.7815300000e-01
    200000    68.00000000   4.4455900000e-01
    200000    70.00000000   4.0928200000e-01
    200000    72.00000000   3.7246500000e-01
    200000    74.00000000   3.3426100000e-01
    200000    76.00000000   2.9483400000e-01
    200000    78.00000000   2.5435800000e-01
    200000    80.00000000   2.1301100000e-01
    200000    82.00000000   1.7098400000e-01
    200000    84.00000000   1.2846800000e-01
    200000    86.00000000   8.5664000000e-02
    200000    88.00000000   4.2772000000e-02
    200000    90.00000000   0.0000000000e+00
    250000   -90.00000000  -0.0000000000e+00
    250000   -88.00000000  -4.2646000000e-02
    250000   -86.00000000  -8.5157000000e-02
    250000   -84.00000000  -1.2732700000e-01
    250000   -82.00000000  -1.6895100000e-01
    250000   -80.00000000  -2.0982900000e-01
    250000   -78.00000000  -2.4976500000e-01
    250000   -76.00000000  -2.8856600000e-01
    250000   -74.00000000  -3.2604700000e-01
    250000   -72.00000000  -3.6203000000e-01
    250000   -70.00000000  -3.9634500000e-01
    250000   -68.00000000  -4.2883000000e-01
    250000   -66.00000000  -4.5933400000e-01
    250000   -64.00000000  -4.8771400000e-01
    250000   -62.00000000  -5.1384200000e-01
    250000   -60.00000000  -5.3759900000e-01
    250000   -58.00000000  -5.5888100000e-01
    250000   -56.00000000  -5.7759400000e-01
    250000   -54.00000000  -5.9366300000e-01
    250000   -52.00000000  -6.0702300000e-01
    250000   -50.00000000  -6.1762600000e-01
    250000   -48.00000000  -6.2544100000e-01
    250000   -46.00000000  -6.3045200000e-01
    250000   -44.00000000  -6.3265900000e-01
    250000   -42.00000000  -6.3208300000e-01
    250000   -40.00000000  -6.2875900000e-01
    250000   -38.00000000  -6.2274600000e-01
    250000   -36.00000000  -6.1412100000e-01
    250000   -34.00000000  -6.0298300000e-01
    250000   -32.00000000  -5.8945800000e-01
    250000   -30.00000000  -5.7369900000e-01
    250000   -28.00000000  -5.5589100000e-01
    250000   -26.00000000  -5.3626100000e-01
    250000   -24.00000000  -5.1508600000e-01
    250000   -22.00000000  -4.9271100000e-01
    250000   -20.00000000  -4.6957700000e-01
    250000   -18.00000000  -4.4626900000e-01
    250000   -16.00000000  -4.2359700000e-01
    250000   -14.00000000  -4.0281900000e-01
    250000   -12.00000000  -3.8719100000e-01
    250000   -10.00000000  -3.6598400000e-01
    250000    -8.00000000  -3.3612900000e-01
    250000    -6.00000000  -3.0870000000e-01
    250000    -4.00000000  -1.9300000000e-02
    250000    -2.00000000   3.1190000000e-01
    250000     0.00000000   5.5140000000e-01
    250000     2.00000000   7.7610000000e-01
    250000     4.00000000   9.7280000000e-01
    250000     6.00000000   1.1802020000e+00
    250000     8.00000000   1.1724490000e+00
    250000    10.00000000   9.9205500000e-01
    250000    12.00000000   8.9013500000e-01
    250000    14.00000000   8.2942600000e-01
    250000    16.00000000   7.9114500000e-01
    250000    18.00000000   7.6719200000e-01
    250000    20.00000000   7.5264400000e-01
    250000    22.00000000   7.4431900000e-01
    250000    24.00000000   7.4005200000e-01
    250000    26.00000000   7.3830600000e-01
    250000    28.00000000   7.3795800000e-01
    250000    30.00000000   7.3815900000e-01
    250000    32.00000000   7.3825700000e-01
    250000    34.00000000   7.3774200000e-01
    250000    36.00000000   7.3620700000e-01
    250000    38.00000000   7.3333000000e-01
    250000    40.00000000   7.2885400000e-01
    250000    42.00000000   7.2257400000e-01
    250000    44.00000000   7.1433000000e-01
    250000    46.00000000   7.0400100000e-01
    250000    48.00000000   6.9149800000e-01
    250000    50.00000000   6.7676200000e-01
    250000    52.00000000   6.5976000000e-01
    250000    54.00000000   6.4048500000e-01
    250000    56.00000000   6.1894800000e-01
    250000    58.00000000   5.9518600000e-01
    250000    60.00000000   5.6925000000e-01
    250000    62.00000000   5.4121100000e-01
    250000    64.00000000   5.1115600000e-01
    250000    66.00000000   4.7918800000e-01
    250000    68.00000000   4.4542400000e-01
    250000    70.00000000   4.0999400000e-01
    250000    72.00000000   3.7303900000e-01
    250000    74.00000000   3.3471300000e-01
    250000    76.00000000   2.9517900000e-01
    250000    78.00000000   2.5461000000e-01
    250000    80.00000000   2.1318600000e-01
    250000    82.00000000   1.7109600000e-01
    250000    84.00000000   1.2853100000e-01
    250000    86.00000000   8.5692000000e-02
    250000    88.00000000   4.2779000000e-02
    250000    90.00000000   0.0000000000e+00
     50000   -90.00000000  -0.0000000000e+00
     50000   -88.00000000  -4.2634000000e-02
     50000   -86.00000000  -8.5111000000e-02
     50000   -84.00000000  -1.2722300000e-01
     50000   -82.00000000  -1.6876600000e-01
     50000   -80.00000000  -2.0954000000e-01
     50000   -78.00000000  -2.4934700000e-01
     50000   -76.00000000  -2.8799500000e-01
     50000   -74.00000000  -3.2530000000e-01
     50000   -72.00000000  -3.6108100000e-01
     50000   -70.00000000  -3.9516800000e-01
     50000   -68.00000000  -4.2739900000e-01
     50000   -66.00000000  -4.5762100000e-01
     50000   -64.00000000  -4.8569200000e-01
     50000   -62.00000000  -5.1148100000e-01
     50000   -60.00000000  -5.3486900000e-01
     50000   -58.00000000  -5.5574900000e-01
     50000   -56.00000000  -5.7402700000e-01
     50000   -54.00000000  -5.8962400000e-01
     50000   -52.00000000  -6.0247300000e-01
     50000   -50.00000000  -6.1252500000e-01
     50000   -48.00000000  -6.1974300000e-01
     50000   -46.00000000  -6.2410700000e-01
     50000   -44.00000000  -6.2561400000e-01
     50000   -42.00000000  -6.2427600000e-01
     50000   -40.00000000  -6.2012400000e-01
     50000   -38.00000000  -6.1320600000e-01
     50000   -36.00000000  -6.0358900000e-01
     50000   -34.00000000  -5.9135800000e-01
     50000   -32.00000000  -5.7662100000e-01
     50000   -30.00000000  -5.5951100000e-01
     50000   -28.00000000  -5.4018500000e-01
     50000   -26.00000000  -5.1883100000e-01
     50000   -24.00000000  -4.9567800000e-01
     50000   -22.00000000  -4.7100500000e-01
     50000   -20.00000000  -4.4515700000e-01
     50000   -18.00000000  -4.1858400000e-01
     50000   -16.00000000  -3.9188900000e-01
     50000   -14.00000000  -3.6593700000e-01
     50000   -12.00000000  -3.4206400000e-01
     50000   -10.00000000  -3.2253700000e-01
     50000    -8.00000000  -3.1171000000e-01
     50000    -6.00000000  -3.2503000000e-01
     50000    -4.00000000  -2.9543300000e-01
     50000    -2.00000000   5.2553000000e-02
     50000     0.00000000   2.3850000000e-01
     50000     2.00000000   4.9320000000e-01
     50000     4.00000000   8.0120000000e-01
     50000     6.00000000   1.0111000000e+00
     50000     8.00000000   1.1851870000e+00
     50000    10.00000000   1.1896170000e+00
     50000    12.00000000   1.0369710000e+00
     50000    14.00000000   9.5360200000e-01
     50000    16.00000000   8.9811200000e-01
     50000    18.00000000   8.6058900000e-01
     50000    20.00000000   8.3502400000e-01
     50000    22.00000000   8.1754400000e-01
     50000    24.00000000   8.0552300000e-01
     50000    26.00000000   7.9710600000e-01
     50000    28.00000000   7.9094400000e-01
     50000    30.00000000   7.8602100000e-01
     50000    32.00000000   7.8156200000e-01
     50000    34.00000000   7.7696000000e-01
     50000    36.00000000   7.7173700000e-01
     50000    38.00000000   7.6551300000e-01
     50000    40.00000000   7.5798400000e-01
     50000    42.00000000   7.4890900000e-01
     50000    44.00000000   7.3809800000e-01
     50000    46.00000000   7.2540600000e-01
     50000    48.00000000   7.1072200000e-01
     50000    50.00000000   6.9397200000e-01
     50000    52.00000000   6.7510900000e-01
     50000    54.00000000   6.5411100000e-01
     50000    56.00000000   6.3098400000e-01
     50000    58.00000000   6.0575200000e-01
     50000    60.00000000   5.7846100000e-01
     50000    62.00000000   5.4917600000e-01
     50000    64.00000000   5.1797800000e-01
     50000    66.00000000   4.8496700000e-01
     50000    68.00000000   4.5025400000e-01
     50000    70.00000000   4.1396600000e-01
     50000    72.00000000   3.7624300000e-01
     50000    74.00000000   3.3723500000e-01
     50000    76.00000000   2.9710400000e-01
     50000    78.00000000   2.5602000000e-01
     50000    80.00000000   2.1416300000e-01
     50000    82.00000000   1.7172000000e-01
     50000    84.00000000   1.2888200000e-01
     50000    86.00000000   8.5847000000e-02
     50000    88.00000000   4.2818000000e-02
     50000    90.00000000   0.0000000000e+00
    100000   -90.00000000  -0.0000000000e+00
    100000   -88.00000000  -4.2642000000e-02
    100000   -86.00000000  -8.5142000000e-02
    100000   -84.00000000  -1.2729300000e-01
    100000   -82.00000000  -1.6889200000e-01
    100000   -80.00000000  -2.0973700000e-01
    100000   -78.00000000  -2.4963200000e-01
    100000   -76.00000000  -2.8838400000e-01
    100000   -74.00000000  -3.2580900000e-01
    100000   -72.00000000  -3.6172800000e-01
    100000   -70.00000000  -3.9597000000e-01
    100000   -68.00000000  -4.2837400000e-01
    100000   -66.00000000  -4.5878700000e-01
    100000   -64.00000000  -4.8706900000e-01
    100000   -62.00000000  -5.1308900000e-01
    100000   -60.00000000  -5.3672900000e-01
    100000   -58.00000000  -5.5788200000e-01
    100000   -56.00000000  -5.7645700000e-01
    100000   -54.00000000  -5.9237500000e-01
    100000   -52.00000000  -6.0557200000e-01
    100000   -50.00000000  -6.1599900000e-01
    100000   -48.00000000  -6.2362400000e-01
    100000   -46.00000000  -6.2842900000e-01
    100000   -44.00000000  -6.3041300000e-01
    100000   -42.00000000  -6.2959300000e-01
    100000   -40.00000000  -6.2600600000e-01
    100000   -38.00000000  -6.1970400000e-01
    100000   -36.00000000  -6.1076200000e-01
    100000   -34.00000000  -5.9927600000e-01
    100000   -32.00000000  -5.8536500000e-01
    100000   -30.00000000  -5.6917500000e-01
    100000   -28.00000000  -5.5088300000e-01
    100000   -26.00000000  -5.3070300000e-01
    100000   -24.00000000  -5.0889700000e-01
    100000   -22.00000000  -4.8578900000e-01
    100000   -20.00000000  -4.6179000000e-01
    100000   -18.00000000  -4.3744100000e-01
    100000   -16.00000000  -4.1348600000e-01
    100000   -14.00000000  -3.9100900000e-01
    100000   -12.00000000  -3.7171100000e-01
    100000   -10.00000000  -3.5851900000e-01
    100000    -8.00000000  -3.5398300000e-01
    100000    -6.00000000  -3.6268900000e-01
    100000    -4.00000000  -2.2110000000e-01
    100000    -2.00000000   9.2900000000e-02
    100000     0.00000000   4.1250000000e-01
    100000     2.00000000   7.0270000000e-01
    100000     4.00000000   9.4540000000e-01
    100000     6.00000000   1.1050630000e+00
    100000     8.00000000   1.2002430000e+00
    100000    10.00000000   1.0790790000e+00
    100000    12.00000000   9.5118600000e-01
    100000    14.00000000   8.8105600000e-01
    100000    16.00000000   8.3562000000e-01
    100000    18.00000000   8.0602400000e-01
    100000    20.00000000   7.8689600000e-01
    100000    22.00000000   7.7476500000e-01
    100000    24.00000000   7.6727300000e-01
    100000    26.00000000   7.6275400000e-01
    100000    28.00000000   7.5998800000e-01
    100000    30.00000000   7.5805900000e-01
    100000    32.00000000   7.5626300000e-01
    100000    34.00000000   7.5404800000e-01
    100000    36.00000000   7.5098000000e-01
    100000    38.00000000   7.4671100000e-01
    100000    40.00000000   7.4096600000e-01
    100000    42.00000000   7.3352300000e-01
    100000    44.00000000   7.2421200000e-01
    100000    46.00000000   7.1290100000e-01
    100000    48.00000000   6.9949100000e-01
    100000    50.00000000   6.8391800000e-01
    100000    52.00000000   6.6614200000e-01
    100000    54.00000000   6.4615000000e-01
    100000    56.00000000   6.2395200000e-01
    100000    58.00000000   5.9957900000e-01
    100000    60.00000000   5.7307900000e-01
    100000    62.00000000   5.4452200000e-01
    100000    64.00000000   5.1399300000e-01
    100000    66.00000000   4.8159100000e-01
    100000    68.00000000   4.4743200000e-01
    100000    70.00000000   4.1164500000e-01
    100000    72.00000000   3.7437100000e-01
    100000    74.00000000   3.3576100000e-01
    100000    76.00000000   2.9597900000e-01
    100000    78.00000000   2.5519600000e-01
    100000    80.00000000   2.1359300000e-01
    100000    82.00000000   1.7135500000e-01
    100000    84.00000000   1.2867700000e-01
    100000    86.00000000   8.5756000000e-02
    100000    88.00000000   4.2796000000e-02
    100000    90.00000000   0.0000000000e+00
    150000   -90.00000000  -0.0000000000e+00
    150000   -88.00000000  -4.2644000000e-02
    150000   -86.00000000  -8.5151000000e-02
    150000   -84.00000000  -1.2731300000e-01
    150000   -82.00000000  -1.6892700000e-01
    150000   -80.00000000  -2.0979200000e-01
    150000   -78.00000000  -2.4971000000e-01
    150000   -76.00000000  -2.8849200000e-01
    150000   -74.00000000  -3.2595000000e-01
    150000   -72.00000000  -3.6190700000e-01
    150000   -70.00000000  -3.9619200000e-01
    150000   -68.00000000  -4.2864400000e-01
    150000   -66.00000000  -4.5911000000e-01
    150000   -64.00000000  -4.8745100000e-01
    150000   -62.00000000  -5.1353400000e-01
    150000   -60.00000000  -5.3724400000e-01
    150000   -58.00000000  -5.5847300000e-01
    150000   -56.00000000  -5.7713000000e-01
    150000   -54.00000000  -5.9313700000e-01
    150000   -52.00000000  -6.0643000000e-01
    150000   -50.00000000  -6.1696200000e-01
    150000   -48.00000000  -6.2469900000e-01
    150000   -46.00000000  -6.2962500000e-01
    150000   -44.00000000  -6.3174200000e-01
    150000   -42.00000000  -6.3106600000e-01
    150000   -40.00000000  -6.2763500000e-01
    150000   -38.00000000  -6.2150400000e-01
    150000   -36.00000000  -6.1274900000e-01
    150000   -34.00000000  -6.0146900000e-01
    150000   -32.00000000  -5.8778600000e-01
    150000   -30.00000000  -5.7185100000e-01
    150000   -28.00000000  -5.5384500000e-01
    150000   -26.00000000  -5.3399100000e-01
    150000   -24.00000000  -5.1255800000e-01
    150000   -22.00000000  -4.8988300000e-01
    150000   -20.00000000  -4.6639600000e-01
    150000   -18.00000000  -4.4266300000e-01
    150000   -16.00000000  -4.1946700000e-01
    150000   -14.00000000  -3.9795200000e-01
    150000   -12.00000000  -3.7725800000e-01
    150000   -10.00000000  -3.6872100000e-01
    150000    -8.00000000  -3.6021300000e-01
    150000    -6.00000000  -3.5162200000e-01
    150000    -4.00000000  -1.7753300000e-01
    150000    -2.00000000   2.1120000000e-01
    150000     0.00000000   4.9460000000e-01
    150000     2.00000000   7.2150000000e-01
    150000     4.00000000   9.1897500000e-01
    150000     6.00000000   1.1305000000e+00
    150000     8.00000000   1.1879000000e+00
    150000    10.00000000   1.0297060000e+00
    150000    12.00000000   9.1430400000e-01
    150000    14.00000000   8.4986600000e-01
    150000    16.00000000   8.0875200000e-01
    150000    18.00000000   7.8256500000e-01
    150000    20.00000000   7.6620400000e-01
    150000    22.00000000   7.5637200000e-01
    150000    24.00000000   7.5082800000e-01
    150000    26.00000000   7.4798500000e-01
    150000    28.00000000   7.4667900000e-01
    150000    30.00000000   7.4603700000e-01
    150000    32.00000000   7.4538500000e-01
    150000    34.00000000   7.4419700000e-01
    150000    36.00000000   7.4205500000e-01
    150000    38.00000000   7.3862700000e-01
    150000    40.00000000   7.3364900000e-01
    150000    42.00000000   7.2690900000e-01
    150000    44.00000000   7.1824200000e-01
    150000    46.00000000   7.0752400000e-01
    150000    48.00000000   6.9466200000e-01
    150000    50.00000000   6.7959500000e-01
    150000    52.00000000   6.6228700000e-01
    150000    54.00000000   6.4272800000e-01
    150000    56.00000000   6.2092900000e-01
    150000    58.00000000   5.9692500000e-01
    150000    60.00000000   5.7076600000e-01
    150000    62.00000000   5.4252200000e-01
    150000    64.00000000   5.1227900000e-01
    150000    66.00000000   4.8014000000e-01
    150000    68.00000000   4.4621900000e-01
    150000    70.00000000   4.1064800000e-01
    150000    72.00000000   3.7356600000e-01
    150000    74.00000000   3.3512800000e-01
    150000    76.00000000   2.9549600000e-01
    150000    78.00000000   2.5484200000e-01
    150000    80.00000000   2.1334700000e-01
    150000    82.00000000   1.7119800000e-01
    150000    84.00000000   1.2858900000e-01
    150000    86.00000000   8.5717000000e-02
    150000    88.00000000   4.2786000000e-02
    150000    90.00000000   0.0000000000e+00
    200000   -90.00000000  -0.0000000000e+00
    200000   -88.00000000  -4.2639000000e-02
    200000   -86.00000000  -8.5131000000e-02
    200000   -84.00000000  -1.2726900000e-01
    200000   -82.00000000  -1.6884800000e-01
    200000   -80.00000000  -2.0966800000e-01
    200000   -78.00000000  -2.4953200000e-01
    200000   -76.00000000  -2.8824800000e-01
    200000   -74.00000000  -3.2563100000e-01
    200000   -72.00000000  -3.6150100000e-01
    200000   -70.00000000  -3.9568900000e-01
    200000   -68.00000000  -4.2803200000e-01
    200000   -66.00000000  -4.5837900000e-01
    200000   -64.00000000  -4.8658700000e-01
    200000   -62.00000000  -5.1252600000e-01
    200000   -60.00000000  -5.3607800000e-01
    200000   -58.00000000  -5.5713500000e-01
    200000   -56.00000000  -5.7560600000e-01
    200000   -54.00000000  -5.9141200000e-01
    200000   -52.00000000  -6.0448700000e-01
    200000   -50.00000000  -6.1478300000e-01
    200000   -48.00000000  -6.2226600000e-01
    200000   -46.00000000  -6.2691600000e-01
    200000   -44.00000000  -6.2873300000e-01
    200000   -42.00000000  -6.2773300000e-01
    200000   -40.00000000  -6.2394700000e-01
    200000   -38.00000000  -6.1743000000e-01
    200000   -36.00000000  -6.0825200000e-01
    200000   -34.00000000  -5.9650500000e-01
    200000   -32.00000000  -5.8230500000e-01
    200000   -30.00000000  -5.6579300000e-01
    200000   -28.00000000  -5.4713900000e-01
    200000   -26.00000000  -5.2654800000e-01
    200000   -24.00000000  -5.0427100000e-01
    200000   -22.00000000  -4.8061500000e-01
    200000   -20.00000000  -4.5596900000e-01
    200000   -18.00000000  -4.3084200000e-01
    200000   -16.00000000  -4.0592700000e-01
    200000   -14.00000000  -3.8223400000e-01
    200000   -12.00000000  -3.6088300000e-01
    200000   -10.00000000  -3.4436800000e-01
    200000    -8.00000000  -3.2891600000e-01
    200000    -6.00000000  -3.0766300000e-01
    200000    -4.00000000  -9.7950000000e-02
    200000    -2.00000000   2.6760000000e-01
    200000     0.00000000   5.2300000000e-01
    200000     2.00000000   7.4180000000e-01
    200000     4.00000000   9.1620000000e-01
    200000     6.00000000   1.1439930000e+00
    200000     8.00000000   1.1145540000e+00
    200000    10.00000000   9.3934700000e-01
    200000    12.00000000   8.4930900000e-01
    200000    14.00000000   7.9490100000e-01
    200000    16.00000000   7.6140500000e-01
    200000    18.00000000   7.4122400000e-01
    200000    20.00000000   7.2973900000e-01
    200000    22.00000000   7.2396000000e-01
    200000    24.00000000   7.2184800000e-01
    200000    26.00000000   7.2195700000e-01
    200000    28.00000000   7.2322500000e-01
    200000    30.00000000   7.2485100000e-01
    200000    32.00000000   7.2621700000e-01
    200000    34.00000000   7.2683700000e-01
    200000    36.00000000   7.2632800000e-01
    200000    38.00000000   7.2438200000e-01
    200000    40.00000000   7.2075500000e-01
    200000    42.00000000   7.1525200000e-01
    200000    44.00000000   7.0772200000e-01
    200000    46.00000000   6.9805000000e-01
    200000    48.00000000   6.8615300000e-01
    200000    50.00000000   6.7197700000e-01
    200000    52.00000000   6.5549300000e-01
    200000    54.00000000   6.3669600000e-01
    200000    56.00000000   6.1560200000e-01
    200000    58.00000000   5.9224800000e-01
    200000    60.00000000   5.6668900000e-01
    200000    62.00000000   5.3899600000e-01
    200000    64.00000000   5.0925900000e-01
    200000    66.00000000   4.7758200000e-01
    200000    68.00000000   4.4408200000e-01
    200000    70.00000000   4.0888900000e-01
    200000    72.00000000   3.7214800000e-01
    200000    74.00000000   3.3401200000e-01
    200000    76.00000000   2.9464400000e-01
    200000    78.00000000   2.5421800000e-01
    200000    80.00000000   2.1291500000e-01
    200000    82.00000000   1.7092200000e-01
    200000    84.00000000   1.2843400000e-01
    200000    86.00000000   8.5648000000e-02
    200000    88.00000000   4.2769000000e-02
    200000    90.00000000   0.0000000000e+00
    250000   -90.00000000  -0.0000000000e+00
    250000   -88.00000000  -4.2616000000e-02
    250000   -86.00000000  -8.5038000000e-02
    250000   -84.00000000  -1.2705800000e-01
    250000   -82.00000000  -1.6847300000e-01
    250000   -80.00000000  -2.0908200000e-01
    250000   -78.00000000  -2.4868600000e-01
    250000   -76.00000000  -2.8709300000e-01
    250000   -74.00000000  -3.2411700000e-01
    250000   -72.00000000  -3.5957800000e-01
    250000   -70.00000000  -3.9330500000e-01
    250000   -68.00000000  -4.2513400000e-01
    250000   -66.00000000  -4.5491100000e-01
    250000   -64.00000000  -4.8249200000e-01
    250000   -62.00000000  -5.0774500000e-01
    250000   -60.00000000  -5.3054900000e-01
    250000   -58.00000000  -5.5079300000e-01
    250000   -56.00000000  -5.6838200000e-01
    250000   -54.00000000  -5.8323300000e-01
    250000   -52.00000000  -5.9527500000e-01
    250000   -50.00000000  -6.0445300000e-01
    250000   -48.00000000  -6.1072700000e-01
    250000   -46.00000000  -6.1406800000e-01
    250000   -44.00000000  -6.1446700000e-01
    250000   -42.00000000  -6.1192500000e-01
    250000   -40.00000000  -6.0646300000e-01
    250000   -38.00000000  -5.9811300000e-01
    250000   -36.00000000  -5.8692500000e-01
    250000   -34.00000000  -5.7296500000e-01
    250000   -32.00000000  -5.5631200000e-01
    250000   -30.00000000  -5.3706400000e-01
    250000   -28.00000000  -5.1533400000e-01
    250000   -26.00000000  -4.9125400000e-01
    250000   -24.00000000  -4.6497300000e-01
    250000   -22.00000000  -4.3666300000e-01
    250000   -20.00000000  -4.0652200000e-01
    250000   -18.00000000  -3.7478200000e-01
    250000   -16.00000000  -3.4172300000e-01
    250000   -14.00000000  -3.0770000000e-01
    250000   -12.00000000  -2.7319900000e-01
    250000   -10.00000000  -2.4048700000e-01
    250000    -8.00000000  -2.1309700000e-01
    250000    -6.00000000  -1.5206300000e-01
    250000    -4.00000000  -7.8853000000e-02
    250000    -2.00000000   3.0000000000e-01
    250000     0.00000000   5.2650000000e-01
    250000     2.00000000   7.4180000000e-01
    250000     4.00000000   9.2976700000e-01
    250000     6.00000000   1.1321970000e+00
    250000     8.00000000   1.1845880000e+00
    250000    10.00000000   1.0130270000e+00
    250000    12.00000000   9.0405300000e-01
    250000    14.00000000   8.4119700000e-01
    250000    16.00000000   8.0128500000e-01
    250000    18.00000000   7.7604500000e-01
    250000    20.00000000   7.6045300000e-01
    250000    22.00000000   7.5126000000e-01
    250000    24.00000000   7.4625800000e-01
    250000    26.00000000   7.4388000000e-01
    250000    28.00000000   7.4298000000e-01
    250000    30.00000000   7.4269600000e-01
    250000    32.00000000   7.4236200000e-01
    250000    34.00000000   7.4145900000e-01
    250000    36.00000000   7.3957500000e-01
    250000    38.00000000   7.3638100000e-01
    250000    40.00000000   7.3161500000e-01
    250000    42.00000000   7.2507000000e-01
    250000    44.00000000   7.1658300000e-01
    250000    46.00000000   7.0603000000e-01
    250000    48.00000000   6.9332000000e-01
    250000    50.00000000   6.7839300000e-01
    250000    52.00000000   6.6121500000e-01
    250000    54.00000000   6.4177600000e-01
    250000    56.00000000   6.2008900000e-01
    250000    58.00000000   5.9618700000e-01
    250000    60.00000000   5.7012300000e-01
    250000    62.00000000   5.4196600000e-01
    250000    64.00000000   5.1180300000e-01
    250000    66.00000000   4.7973600000e-01
    250000    68.00000000   4.4588200000e-01
    250000    70.00000000   4.1037000000e-01
    250000    72.00000000   3.7334300000e-01
    250000    74.00000000   3.3495200000e-01
    250000    76.00000000   2.9536200000e-01
    250000    78.00000000   2.5474400000e-01
    250000    80.00000000   2.1327900000e-01
    250000    82.00000000   1.7115500000e-01
    250000    84.00000000   1.2856400000e-01
    250000    86.00000000   8.5706000000e-02
    250000    88.00000000   4.2783000000e-02
    250000    90.00000000   0.0000000000e+00
     50000   -90.00000000  -0.0000000000e+00
     50000   -88.00000000  -4.2641000000e-02
     50000   -86.00000000  -8.5139000000e-02
     50000   -84.00000000  -1.2728600000e-01
     50000   -82.00000000  -1.6887900000e-01
     50000   -80.00000000  -2.0971600000e-01
     50000   -78.00000000  -2.4960200000e-01
     50000   -76.00000000  -2.8834300000e-01
     50000   -74.00000000  -3.2575500000e-01
     50000   -72.00000000  -3.6166000000e-01
     50000   -70.00000000  -3.9588600000e-01
     50000   -68.00000000  -4.2827100000e-01
     50000   -66.00000000  -4.5866500000e-01
     50000   -64.00000000  -4.8692500000e-01
     50000   -62.00000000  -5.1292000000e-01
     50000   -60.00000000  -5.3653400000e-01
     50000   -58.00000000  -5.5765800000e-01
     50000   -56.00000000  -5.7620200000e-01
     50000   -54.00000000  -5.9208600000e-01
     50000   -52.00000000  -6.0524700000e-01
     50000   -50.00000000  -6.1563500000e-01
     50000   -48.00000000  -6.2321700000e-01
     50000   -46.00000000  -6.2797500000e-01
     50000   -44.00000000  -6.2990900000e-01
     50000   -42.00000000  -6.2903600000e-01
     50000   -40.00000000  -6.2538900000e-01
     50000   -38.00000000  -6.1902300000e-01
     50000   -36.00000000  -6.1001000000e-01
     50000   -34.00000000  -5.9844600000e-01
     50000   -32.00000000  -5.8444800000e-01
     50000   -30.00000000  -5.6816100000e-01
     50000   -28.00000000  -5.4976100000e-01
     50000   -26.00000000  -5.2945800000e-01
     50000   -24.00000000  -5.0751100000e-01
     50000   -22.00000000  -4.8423900000e-01
     50000   -20.00000000  -4.6004600000e-01
     50000   -18.00000000  -4.3546400000e-01
     50000   -16.00000000  -4.1122100000e-01
     50000   -14.00000000  -3.8838000000e-01
     50000   -12.00000000  -3.6860200000e-01
     50000   -10.00000000  -3.5474500000e-01
     50000    -8.00000000  -3.5204000000e-01
     50000    -6.00000000  -3.6770100000e-01
     50000    -4.00000000  -2.4575000000e-01
     50000    -2.00000000   4.4800000000e-02
     50000     0.00000000   2.2450000000e-01
     50000     2.00000000   4.8960000000e-01
     50000     4.00000000   7.5040000000e-01
     50000     6.00000000   1.0270500000e+00
     50000     8.00000000   1.1954090000e+00
     50000    10.00000000   1.2299650000e+00
     50000    12.00000000   1.0864240000e+00
     50000    14.00000000   9.9719900000e-01
     50000    16.00000000   9.3566700000e-01
     50000    18.00000000   8.9338000000e-01
     50000    20.00000000   8.6394800000e-01
     50000    22.00000000   8.4325300000e-01
     50000    24.00000000   8.2850900000e-01
     50000    26.00000000   8.1775100000e-01
     50000    28.00000000   8.0954700000e-01
     50000    30.00000000   8.0282600000e-01
     50000    32.00000000   7.9676600000e-01
     50000    34.00000000   7.9072900000e-01
     50000    36.00000000   7.8421200000e-01
     50000    38.00000000   7.7681200000e-01
     50000    40.00000000   7.6821100000e-01
     50000    42.00000000   7.5815500000e-01
     50000    44.00000000   7.4644300000e-01
     50000    46.00000000   7.3292100000e-01
     50000    48.00000000   7.1747200000e-01
     50000    50.00000000   7.0001500000e-01
     50000    52.00000000   6.8049700000e-01
     50000    54.00000000   6.5889500000e-01
     50000    56.00000000   6.3520900000e-01
     50000    58.00000000   6.0946100000e-01
     50000    60.00000000   5.8169500000e-01
     50000    62.00000000   5.5197200000e-01
     50000    64.00000000   5.2037400000e-01
     50000    66.00000000   4.8699500000e-01
     50000    68.00000000   4.5194900000e-01
     50000    70.00000000   4.1536000000e-01
     50000    72.00000000   3.7736700000e-01
     50000    74.00000000   3.3812000000e-01
     50000    76.00000000   2.9778000000e-01
     50000    78.00000000   2.5651500000e-01
     50000    80.00000000   2.1450600000e-01
     50000    82.00000000   1.7193900000e-01
     50000    84.00000000   1.2900500000e-01
     50000    86.00000000   8.5902000000e-02
     50000    88.00000000   4.2832000000e-02
     50000    90.00000000   0.0000000000e+00
    100000   -90.00000000  -0.0000000000e+00
    100000   -88.00000000  -4.2631000000e-02
    100000   -86.00000000  -8.5098000000e-02
    100000   -84.00000000  -1.2719300000e-01
    100000   -82.00000000  -1.6871400000e-01
    100000   -80.00000000  -2.0945800000e-01
    100000   -78.00000000  -2.4922900000e-01
    100000   -76.00000000  -2.8783400000e-01
    100000   -74.00000000  -3.2508800000e-01
    100000   -72.00000000  -3.6081200000e-01
    100000   -70.00000000  -3.9483500000e-01
    100000   -68.00000000  -4.2699400000e-01
    100000   -66.00000000  -4.5713700000e-01
    100000   -64.00000000  -4.8512100000e-01
    100000   -62.00000000  -5.1081400000e-01
    100000   -60.00000000  -5.3409700000e-01
    100000   -58.00000000  -5.5486400000e-01
    100000   -56.00000000  -5.7301900000e-01
    100000   -54.00000000  -5.8848300000e-01
    100000   -52.00000000  -6.0118800000e-01
    100000   -50.00000000  -6.1108400000e-01
    100000   -48.00000000  -6.1813300000e-01
    100000   -46.00000000  -6.2231400000e-01
    100000   -44.00000000  -6.2362300000e-01
    100000   -42.00000000  -6.2207100000e-01
    100000   -40.00000000  -6.1768500000e-01
    100000   -38.00000000  -6.1051100000e-01
    100000   -36.00000000  -6.0061300000e-01
    100000   -34.00000000  -5.8807400000e-01
    100000   -32.00000000  -5.7299500000e-01
    100000   -30.00000000  -5.5550300000e-01
    100000   -28.00000000  -5.3574800000e-01
    100000   -26.00000000  -5.1390700000e-01
    100000   -24.00000000  -4.9019600000e-01
    100000   -22.00000000  -4.6487300000e-01
    100000   -20.00000000  -4.3825900000e-01
    100000   -18.00000000  -4.1076300000e-01
    100000   -16.00000000  -3.8293200000e-01
    100000   -14.00000000  -3.5553900000e-01
    100000   -12.00000000  -3.2976900000e-01
    100000   -10.00000000  -3.0761400000e-01
    100000    -8.00000000  -2.9288300000e-01
    100000    -6.00000000  -2.9979100000e-01
    100000    -4.00000000  -2.9767700000e-01
    100000    -2.00000000   7.1950000000e-02
    100000     0.00000000   4.0740000000e-01
    100000     2.00000000   6.8950000000e-01
    100000     4.00000000   9.1520000000e-01
    100000     6.00000000   1.0901410000e+00
    100000     8.00000000   1.2169390000e+00
    100000    10.00000000   1.0659720000e+00
    100000    12.00000000   9.4693900000e-01
    100000    14.00000000   8.7746400000e-01
    100000    16.00000000   8.3252600000e-01
    100000    18.00000000   8.0332300000e-01
    100000    20.00000000   7.8451300000e-01
    100000    22.00000000   7.7264700000e-01
    100000    24.00000000   7.6537900000e-01
    100000    26.00000000   7.6105300000e-01
    100000    28.00000000   7.5845600000e-01
    100000    30.00000000   7.5667500000e-01
    100000    32.00000000   7.5501000000e-01
    100000    34.00000000   7.5291300000e-01
    100000    36.00000000   7.4995200000e-01
    100000    38.00000000   7.4578000000e-01
    100000    40.00000000   7.4012300000e-01
    100000    42.00000000   7.3276200000e-01
    100000    44.00000000   7.2352500000e-01
    100000    46.00000000   7.1228200000e-01
    100000    48.00000000   6.9893500000e-01
    100000    50.00000000   6.8342000000e-01
    100000    52.00000000   6.6569800000e-01
    100000    54.00000000   6.4575600000e-01
    100000    56.00000000   6.2360400000e-01
    100000    58.00000000   5.9927300000e-01
    100000    60.00000000   5.7281300000e-01
    100000    62.00000000   5.4429200000e-01
    100000    64.00000000   5.1379500000e-01
    100000    66.00000000   4.8142400000e-01
    100000    68.00000000   4.4729300000e-01
    100000    70.00000000   4.1153000000e-01
    100000    72.00000000   3.7427800000e-01
    100000    74.00000000   3.3568900000e-01
    100000    76.00000000   2.9592400000e-01
    100000    78.00000000   2.5515600000e-01
    100000    80.00000000   2.1356400000e-01
    100000    82.00000000   1.7133700000e-01
    100000    84.00000000   1.2866700000e-01
    100000    86.00000000   8.5752000000e-02
    100000    88.00000000   4.2794000000e-02
    100000    90.00000000   0.0000000000e+00
    150000   -90.00000000  -0.0000000000e+00
    150000   -88.00000000  -4.2650000000e-02
    150000   -86.00000000  -8.5175000000e-02
    150000   -84.00000000  -1.2736700000e-01
    150000   -82.00000000  -1.6902300000e-01
    150000   -80.00000000  -2.0994200000e-01
    150000   -78.00000000  -2.4992700000e-01
    150000   -76.00000000  -2.8878800000e-01
    150000   -74.00000000  -3.2633800000e-01
    150000   -72.00000000  -3.6239900000e-01
    150000   -70.00000000  -3.9680300000e-01
    150000   -68.00000000  -4.2938600000e-01
    150000   -66.00000000  -4.5999900000e-01
    150000   -64.00000000  -4.8850000000e-01
    150000   -62.00000000  -5.1475900000e-01
    150000   -60.00000000  -5.3866000000e-01
    150000   -58.00000000  -5.6009700000e-01
    150000   -56.00000000  -5.7898000000e-01
    150000   -54.00000000  -5.9523200000e-01
    150000   -52.00000000  -6.0879000000e-01
    150000   -50.00000000  -6.1960800000e-01
    150000   -48.00000000  -6.2765500000e-01
    150000   -46.00000000  -6.3291700000e-01
    150000   -44.00000000  -6.3539600000e-01
    150000   -42.00000000  -6.3511500000e-01
    150000   -40.00000000  -6.3211400000e-01
    150000   -38.00000000  -6.2645200000e-01
    150000   -36.00000000  -6.1821200000e-01
    150000   -34.00000000  -6.0749900000e-01
    150000   -32.00000000  -5.9444500000e-01
    150000   -30.00000000  -5.7921000000e-01
    150000   -28.00000000  -5.6199300000e-01
    150000   -26.00000000  -5.4303200000e-01
    150000   -24.00000000  -5.2262500000e-01
    150000   -22.00000000  -5.0114300000e-01
    150000   -20.00000000  -4.7906300000e-01
    150000   -18.00000000  -4.5702400000e-01
    150000   -16.00000000  -4.3591400000e-01
    150000   -14.00000000  -4.1704500000e-01
    150000   -12.00000000  -4.0180000000e-01
    150000   -10.00000000  -3.9344500000e-01
    150000    -8.00000000  -3.7968000000e-01
    150000    -6.00000000  -3.6679500000e-01
    150000    -4.00000000  -1.7360000000e-01
    150000    -2.00000000   2.0190000000e-01
    150000     0.00000000   4.8340000000e-01
    150000     2.00000000   7.1320000000e-01
    150000     4.00000000   8.9530000000e-01
    150000     6.00000000   1.1235540000e+00
    150000     8.00000000   1.1260890000e+00
    150000    10.00000000   9.5598800000e-01
    150000    12.00000000   8.6062000000e-01
    150000    14.00000000   8.0446700000e-01
    150000    16.00000000   7.6964500000e-01
    150000    18.00000000   7.4841800000e-01
    150000    20.00000000   7.3608500000e-01
    150000    22.00000000   7.2960100000e-01
    150000    24.00000000   7.2689200000e-01
    150000    26.00000000   7.2648700000e-01
    150000    28.00000000   7.2730700000e-01
    150000    30.00000000   7.2853800000e-01
    150000    32.00000000   7.2955300000e-01
    150000    34.00000000   7.2985900000e-01
    150000    36.00000000   7.2906500000e-01
    150000    38.00000000   7.2686100000e-01
    150000    40.00000000   7.2299900000e-01
    150000    42.00000000   7.1728000000e-01
    150000    44.00000000   7.0955300000e-01
    150000    46.00000000   6.9969900000e-01
    150000    48.00000000   6.8763400000e-01
    150000    50.00000000   6.7330300000e-01
    150000    52.00000000   6.5667500000e-01
    150000    54.00000000   6.3774600000e-01
    150000    56.00000000   6.1652900000e-01
    150000    58.00000000   5.9306200000e-01
    150000    60.00000000   5.6739800000e-01
    150000    62.00000000   5.3961000000e-01
    150000    64.00000000   5.0978500000e-01
    150000    66.00000000   4.7802700000e-01
    150000    68.00000000   4.4445400000e-01
    150000    70.00000000   4.0919500000e-01
    150000    72.00000000   3.7239500000e-01
    150000    74.00000000   3.3420600000e-01
    150000    76.00000000   2.9479200000e-01
    150000    78.00000000   2.5432700000e-01
    150000    80.00000000   2.1299000000e-01
    150000    82.00000000   1.7097000000e-01
    150000    84.00000000   1.2846100000e-01
    150000    86.00000000   8.5660000000e-02
    150000    88.00000000   4.2772000000e-02
    150000    90.00000000   0.0000000000e+00
    200000   -90.00000000  -0.0000000000e+00
    200000   -88.00000000  -4.2645000000e-02
    200000   -86.00000000  -8.5153000000e-02
    200000   -84.00000000  -1.2731700000e-01
    200000   -82.00000000  -1.6893500000e-01
    200000   -80.00000000  -2.0980400000e-01
    200000   -78.00000000  -2.4972800000e-01
    200000   -76.00000000  -2.8851500000e-01
    200000   -74.00000000  -3.2598100000e-01
    200000   -72.00000000  -3.6194600000e-01
    200000   -70.00000000  -3.9624100000e-01
    200000   -68.00000000  -4.2870400000e-01
    200000   -66.00000000  -4.5918200000e-01
    200000   -64.00000000  -4.8753500000e-01
    200000   -62.00000000  -5.1363300000e-01
    200000   -60.00000000  -5.3735800000e-01
    200000   -58.00000000  -5.5860400000e-01
    200000   -56.00000000  -5.7727900000e-01
    200000   -54.00000000  -5.9330600000e-01
    200000   -52.00000000  -6.0662100000e-01
    200000   -50.00000000  -6.1717500000e-01
    200000   -48.00000000  -6.2493800000e-01
    200000   -46.00000000  -6.2989100000e-01
    200000   -44.00000000  -6.3203700000e-01
    200000   -42.00000000  -6.3139300000e-01
    200000   -40.00000000  -6.2799600000e-01
    200000   -38.00000000  -6.2190300000e-01
    200000   -36.00000000  -6.1319000000e-01
    200000   -34.00000000  -6.0195600000e-01
    200000   -32.00000000  -5.8832400000e-01
    200000   -30.00000000  -5.7244500000e-01
    200000   -28.00000000  -5.5450300000e-01
    200000   -26.00000000  -5.3472100000e-01
    200000   -24.00000000  -5.1337000000e-01
    200000   -22.00000000  -4.9079200000e-01
    200000   -20.00000000  -4.6741900000e-01
    200000   -18.00000000  -4.4382200000e-01
    200000   -16.00000000  -4.2079400000e-01
    200000   -14.00000000  -3.9949300000e-01
    200000   -12.00000000  -3.7444700000e-01
    200000   -10.00000000  -3.3475800000e-01
    200000    -8.00000000  -2.8730000000e-01
    200000    -6.00000000  -2.5242000000e-01
    200000    -4.00000000  -8.3833000000e-02
    200000    -2.00000000   2.5990000000e-01
    200000     0.00000000   5.0370000000e-01
    200000     2.00000000   7.1540000000e-01
    200000     4.00000000   9.1247500000e-01
    200000     6.00000000   1.1273960000e+00
    200000     8.00000000   1.0924160000e+00
    200000    10.00000000   9.2233800000e-01
    200000    12.00000000   8.3532200000e-01
    200000    14.00000000   7.8307300000e-01
    200000    16.00000000   7.5121600000e-01
    200000    18.00000000   7.3232800000e-01
    200000    20.00000000   7.2189300000e-01
    200000    22.00000000   7.1698500000e-01
    200000    24.00000000   7.1561200000e-01
    200000    26.00000000   7.1635600000e-01
    200000    28.00000000   7.1817800000e-01
    200000    30.00000000   7.2029200000e-01
    200000    32.00000000   7.2209200000e-01
    200000    34.00000000   7.2310200000e-01
    200000    36.00000000   7.2294400000e-01
    200000    38.00000000   7.2131600000e-01
    200000    40.00000000   7.1798000000e-01
    200000    42.00000000   7.1274300000e-01
    200000    44.00000000   7.0545800000e-01
    200000    46.00000000   6.9601100000e-01
    200000    48.00000000   6.8432200000e-01
    200000    50.00000000   6.7033800000e-01
    200000    52.00000000   6.5403100000e-01
    200000    54.00000000   6.3539800000e-01
    200000    56.00000000   6.1445600000e-01
    200000    58.00000000   5.9124200000e-01
    200000    60.00000000   5.6581100000e-01
    200000    62.00000000   5.3823700000e-01
    200000    64.00000000   5.0860900000e-01
    200000    66.00000000   4.7703100000e-01
    200000    68.00000000   4.4362200000e-01
    200000    70.00000000   4.0851100000e-01
    200000    72.00000000   3.7184300000e-01
    200000    74.00000000   3.3377100000e-01
    200000    76.00000000   2.9446100000e-01
    200000    78.00000000   2.5408400000e-01
    200000    80.00000000   2.1282200000e-01
    200000    82.00000000   1.7086300000e-01
    200000    84.00000000   1.2840000000e-01
    200000    86.00000000   8.5633000000e-02
    200000    88.00000000   4.2765000000e-02
    200000    90.00000000   0.0000000000e+00
    250000   -90.00000000  -0.0000000000e+00
    250000   -88.00000000  -4.2602000000e-02
    250000   -86.00000000  -8.4980000000e-02
    250000   -84.00000000  -1.2692900000e-01
    250000   -82.00000000  -1.6824400000e-01
    250000   -80.00000000  -2.0872200000e-01
    250000   -78.00000000  -2.4816700000e-01
    250000   -76.00000000  -2.8638500000e-01
    250000   -74.00000000  -3.2319000000e-01
    250000   -72.00000000  -3.5840000000e-01
    250000   -70.00000000  -3.9184500000e-01
    250000   -68.00000000  -4.2335800000e-01
    250000   -66.00000000  -4.5278600000e-01
    250000   -64.00000000  -4.7998400000e-01
    250000   -62.00000000  -5.0481700000e-01
    250000   -60.00000000  -5.2716200000e-01
    250000   -58.00000000  -5.4690900000e-01
    250000   -56.00000000  -5.6395800000e-01
    250000   -54.00000000  -5.7822300000e-01
    250000   -52.00000000  -5.8963200000e-01
    250000   -50.00000000  -5.9812600000e-01
    250000   -48.00000000  -6.0365800000e-01
    250000   -46.00000000  -6.0619800000e-01
    250000   -44.00000000  -6.0572800000e-01
    250000   -42.00000000  -6.0224300000e-01
    250000   -40.00000000  -5.9575300000e-01
    250000   -38.00000000  -5.8628000000e-01
    250000   -36.00000000  -5.7386200000e-01
    250000   -34.00000000  -5.5854600000e-01
    250000   -32.00000000  -5.4039100000e-01
    250000   -30.00000000  -5.1946700000e-01
    250000   -28.00000000  -4.9585300000e-01
    250000   -26.00000000  -4.6963500000e-01
    250000   -24.00000000  -4.4090200000e-01
    250000   -22.00000000  -4.0974100000e-01
    250000   -20.00000000  -3.7623400000e-01
    250000   -18.00000000  -3.4044300000e-01
    250000   -16.00000000  -3.0239500000e-01
    250000   -14.00000000  -2.6204600000e-01
    250000   -12.00000000  -2.2596900000e-01
    250000   -10.00000000  -1.7612100000e-01
    250000    -8.00000000  -1.4742600000e-01
    250000    -6.00000000  -1.1806700000e-01
    250000    -4.00000000  -8.8230000000e-02
    250000    -2.00000000   2.8700000000e-01
    250000     0.00000000   5.0510000000e-01
    250000     2.00000000   7.1630000000e-01
    250000     4.00000000   9.0700000000e-01
    250000     6.00000000   1.1125200000e+00
    250000     8.00000000   1.1698600000e+00
    250000    10.00000000   1.0013700000e+00
    250000    12.00000000   8.9457300000e-01
    250000    14.00000000   8.3317900000e-01
    250000    16.00000000   7.9437800000e-01
    250000    18.00000000   7.7001400000e-01
    250000    20.00000000   7.5513400000e-01
    250000    22.00000000   7.4653200000e-01
    250000    24.00000000   7.4203000000e-01
    250000    26.00000000   7.4008300000e-01
    250000    28.00000000   7.3955900000e-01
    250000    30.00000000   7.3960600000e-01
    250000    32.00000000   7.3956600000e-01
    250000    34.00000000   7.3892700000e-01
    250000    36.00000000   7.3728100000e-01
    250000    38.00000000   7.3430300000e-01
    250000    40.00000000   7.2973400000e-01
    250000    42.00000000   7.2337000000e-01
    250000    44.00000000   7.1504800000e-01
    250000    46.00000000   7.0464800000e-01
    250000    48.00000000   6.9207900000e-01
    250000    50.00000000   6.7728200000e-01
    250000    52.00000000   6.6022400000e-01
    250000    54.00000000   6.4089700000e-01
    250000    56.00000000   6.1931200000e-01
    250000    58.00000000   5.9550500000e-01
    250000    60.00000000   5.6952800000e-01
    250000    62.00000000   5.4145100000e-01
    250000    64.00000000   5.1136200000e-01
    250000    66.00000000   4.7936300000e-01
    250000    68.00000000   4.4557000000e-01
    250000    70.00000000   4.1011400000e-01
    250000    72.00000000   3.7313600000e-01
    250000    74.00000000   3.3478900000e-01
    250000    76.00000000   2.9523700000e-01
    250000    78.00000000   2.5465300000e-01
    250000    80.00000000   2.1321600000e-01
    250000    82.00000000   1.7111400000e-01
    250000    84.00000000   1.2854200000e-01
    250000    86.00000000   8.5696000000e-02
    250000    88.00000000   4.2781000000e-02
    250000    90.00000000   0.0000000000e+00
     50000   -90.00000000  -0.0000000000e+00
     50000   -88.00000000  -4.2638000000e-02
     50000   -86.00000000  -8.5125000000e-02
     50000   -84.00000000  -1.2725600000e-01
     50000   -82.00000000  -1.6882500000e-01
     50000   -80.00000000  -2.0963200000e-01
     50000   -78.00000000  -2.4948000000e-01
     50000   -76.00000000  -2.8817800000e-01
     50000   -74.00000000  -3.2553900000e-01
     50000   -72.00000000  -3.6138400000e-01
     50000   -70.00000000  -3.9554400000e-01
     50000   -68.00000000  -4.2785600000e-01
     50000   -66.00000000  -4.5816800000e-01
     50000   -64.00000000  -4.8633800000e-01
     50000   -62.00000000  -5.1223500000e-01
     50000   -60.00000000  -5.3574100000e-01
     50000   -58.00000000  -5.5674900000e-01
     50000   -56.00000000  -5.7516700000e-01
     50000   -54.00000000  -5.9091400000e-01
     50000   -52.00000000  -6.0392700000e-01
     50000   -50.00000000  -6.1415500000e-01
     50000   -48.00000000  -6.2156400000e-01
     50000   -46.00000000  -6.2613500000e-01
     50000   -44.00000000  -6.2786500000e-01
     50000   -42.00000000  -6.2677100000e-01
     50000   -40.00000000  -6.2288400000e-01
     50000   -38.00000000  -6.1625500000e-01
     50000   -36.00000000  -6.0695400000e-01
     50000   -34.00000000  -5.9507300000e-01
     50000   -32.00000000  -5.8072400000e-01
     50000   -30.00000000  -5.6404500000e-01
     50000   -28.00000000  -5.4520400000e-01
     50000   -26.00000000  -5.2440100000e-01
     50000   -24.00000000  -5.0188000000e-01
     50000   -22.00000000  -4.7794100000e-01
     50000   -20.00000000  -4.5296100000e-01
     50000   -18.00000000  -4.2743200000e-01
     50000   -16.00000000  -4.0202200000e-01
     50000   -14.00000000  -3.7770000000e-01
     50000   -12.00000000  -3.5597400000e-01
     50000   -10.00000000  -3.3941900000e-01
     50000    -8.00000000  -3.3302700000e-01
     50000    -6.00000000  -3.5430300000e-01
     50000    -4.00000000  -2.9680700000e-01
     50000    -2.00000000   3.5100000000e-02
     50000     0.00000000   2.0680000000e-01
     50000     2.00000000   4.8260000000e-01
     50000     4.00000000   7.4950000000e-01
     50000     6.00000000   1.0329530000e+00
     50000     8.00000000   1.1574530000e+00
     50000    10.00000000   1.0784860000e+00
     50000    12.00000000   9.7125300000e-01
     50000    14.00000000   8.9802600000e-01
     50000    16.00000000   8.5023800000e-01
     50000    18.00000000   8.1878800000e-01
     50000    20.00000000   7.9815500000e-01
     50000    22.00000000   7.8477200000e-01
     50000    24.00000000   7.7622100000e-01
     50000    26.00000000   7.7079000000e-01
     50000    28.00000000   7.6723000000e-01
     50000    30.00000000   7.6460000000e-01
     50000    32.00000000   7.6218100000e-01
     50000    34.00000000   7.5940800000e-01
     50000    36.00000000   7.5583500000e-01
     50000    38.00000000   7.5110900000e-01
     50000    40.00000000   7.4494700000e-01
     50000    42.00000000   7.3712300000e-01
     50000    44.00000000   7.2746100000e-01
     50000    46.00000000   7.1582600000e-01
     50000    48.00000000   7.0211800000e-01
     50000    50.00000000   6.8627000000e-01
     50000    52.00000000   6.6823900000e-01
     50000    54.00000000   6.4801300000e-01
     50000    56.00000000   6.2559700000e-01
     50000    58.00000000   6.0102300000e-01
     50000    60.00000000   5.7433800000e-01
     50000    62.00000000   5.4561100000e-01
     50000    64.00000000   5.1492500000e-01
     50000    66.00000000   4.8238100000e-01
     50000    68.00000000   4.4809200000e-01
     50000    70.00000000   4.1218800000e-01
     50000    72.00000000   3.7480900000e-01
     50000    74.00000000   3.3610600000e-01
     50000    76.00000000   2.9624200000e-01
     50000    78.00000000   2.5538900000e-01
     50000    80.00000000   2.1372600000e-01
     50000    82.00000000   1.7144000000e-01
     50000    84.00000000   1.2872500000e-01
     50000    86.00000000   8.5778000000e-02
     50000    88.00000000   4.2801000000e-02
     50000    90.00000000   0.0000000000e+00
    100000   -90.00000000  -0.0000000000e+00
    100000   -88.00000000  -4.2646000000e-02
    100000   -86.00000000  -8.5158000000e-02
    100000   -84.00000000  -1.2732900000e-01
    100000   -82.00000000  -1.6895500000e-01
    100000   -80.00000000  -2.0983600000e-01
    100000   -78.00000000  -2.4977500000e-01
    100000   -76.00000000  -2.8857900000e-01
    100000   -74.00000000  -3.2606500000e-01
    100000   -72.00000000  -3.6205300000e-01
    100000   -70.00000000  -3.9637300000e-01
    100000   -68.00000000  -4.2886400000e-01
    100000   -66.00000000  -4.5937400000e-01
    100000   -64.00000000  -4.8776200000e-01
    100000   -62.00000000  -5.1389700000e-01
    100000   -60.00000000  -5.3766300000e-01
    100000   -58.00000000  -5.5895400000e-01
    100000   -56.00000000  -5.7767800000e-01
    100000   -54.00000000  -5.9375700000e-01
    100000   -52.00000000  -6.0712900000e-01
    100000   -50.00000000  -6.1774600000e-01
    100000   -48.00000000  -6.2557500000e-01
    100000   -46.00000000  -6.3060100000e-01
    100000   -44.00000000  -6.3282400000e-01
    100000   -42.00000000  -6.3226600000e-01
    100000   -40.00000000  -6.2896200000e-01
    100000   -38.00000000  -6.2297000000e-01
    100000   -36.00000000  -6.1436800000e-01
    100000   -34.00000000  -6.0325500000e-01
    100000   -32.00000000  -5.8975900000e-01
    100000   -30.00000000  -5.7403100000e-01
    100000   -28.00000000  -5.5625900000e-01
    100000   -26.00000000  -5.3667000000e-01
    100000   -24.00000000  -5.1554100000e-01
    100000   -22.00000000  -4.9321900000e-01
    100000   -20.00000000  -4.7014900000e-01
    100000   -18.00000000  -4.4691800000e-01
    100000   -16.00000000  -4.2434000000e-01
    100000   -14.00000000  -4.0360900000e-01
    100000   -12.00000000  -3.8903100000e-01
    100000   -10.00000000  -3.6765900000e-01
    100000    -8.00000000  -3.4603900000e-01
    100000    -6.00000000  -3.2833600000e-01
    100000    -4.00000000  -2.3417500000e-01
    100000    -2.00000000   7.8900000000e-02
    100000     0.00000000   3.9970000000e-01
    100000     2.00000000   6.7630000000e-01
    100000     4.00000000   8.8870000000e-01
    100000     6.00000000   1.0971150000e+00
    100000     8.00000000   1.1323940000e+00
    100000    10.00000000   9.7673400000e-01
    100000    12.00000000   8.7820200000e-01
    100000    14.00000000   8.1933600000e-01
    100000    16.00000000   7.8245300000e-01
    100000    18.00000000   7.5960200000e-01
    100000    20.00000000   7.4595000000e-01
    100000    22.00000000   7.3836900000e-01
    100000    24.00000000   7.3473100000e-01
    100000    26.00000000   7.3352800000e-01
    100000    28.00000000   7.3365200000e-01
    100000    30.00000000   7.3427000000e-01
    100000    32.00000000   7.3473800000e-01
    100000    34.00000000   7.3455500000e-01
    100000    36.00000000   7.3331900000e-01
    100000    38.00000000   7.3071500000e-01
    100000    40.00000000   7.2648700000e-01
    100000    42.00000000   7.2043400000e-01
    100000    44.00000000   7.1239900000e-01
    100000    46.00000000   7.0226200000e-01
    100000    48.00000000   6.8993600000e-01
    100000    50.00000000   6.7536300000e-01
    100000    52.00000000   6.5851300000e-01
    100000    54.00000000   6.3937700000e-01
    100000    56.00000000   6.1797000000e-01
    100000    58.00000000   5.9432700000e-01
    100000    60.00000000   5.6850100000e-01
    100000    62.00000000   5.4056300000e-01
    100000    64.00000000   5.1060200000e-01
    100000    66.00000000   4.7871900000e-01
    100000    68.00000000   4.4503200000e-01
    100000    70.00000000   4.0967100000e-01
    100000    72.00000000   3.7277900000e-01
    100000    74.00000000   3.3450800000e-01
    100000    76.00000000   2.9502300000e-01
    100000    78.00000000   2.5449600000e-01
    100000    80.00000000   2.1310700000e-01
    100000    82.00000000   1.7104500000e-01
    100000    84.00000000   1.2850300000e-01
    100000    86.00000000   8.5679000000e-02
    100000    88.00000000   4.2776000000e-02
    100000    90.00000000   0.0000000000e+00
    150000   -90.00000000  -0.0000000000e+00
    150000   -88.00000000  -4.2640000000e-02
    150000   -86.00000000  -8.5132000000e-02
    150000   -84.00000000  -1.2727000000e-01
    150000   -82.00000000  -1.6885000000e-01
    150000   -80.00000000  -2.0967100000e-01
    150000   -78.00000000  -2.4953600000e-01
    150000   -76.00000000  -2.8825400000e-01
    150000   -74.00000000  -3.2563900000e-01
    150000   -72.00000000  -3.6151100000e-01
    150000   -70.00000000  -3.9570200000e-01
    150000   -68.00000000  -4.2804800000e-01
    150000   -66.00000000  -4.5839700000e-01
    150000   -64.00000000  -4.8660900000e-01
    150000   -62.00000000  -5.1255200000e-01
    150000   -60.00000000  -5.3610700000e-01
    150000   -58.00000000  -5.5716900000e-01
    150000   -56.00000000  -5.7564500000e-01
    150000   -54.00000000  -5.9145500000e-01
    150000   -52.00000000  -6.0453600000e-01
    150000   -50.00000000  -6.1483800000e-01
    150000   -48.00000000  -6.2232700000e-01
    150000   -46.00000000  -6.2698400000e-01
    150000   -44.00000000  -6.2880900000e-01
    150000   -42.00000000  -6.2781600000e-01
    150000   -40.00000000  -6.2404000000e-01
    150000   -38.00000000  -6.1753200000e-01
    150000   -36.00000000  -6.0836500000e-01
    150000   -34.00000000  -5.9663000000e-01
    150000   -32.00000000  -5.8244300000e-01
    150000   -30.00000000  -5.6594500000e-01
    150000   -28.00000000  -5.4730700000e-01
    150000   -26.00000000  -5.2673500000e-01
    150000   -24.00000000  -5.0447900000e-01
    150000   -22.00000000  -4.8084800000e-01
    150000   -20.00000000  -4.5623100000e-01
    150000   -18.00000000  -4.3113900000e-01
    150000   -16.00000000  -4.0626800000e-01
    150000   -14.00000000  -3.8263000000e-01
    150000   -12.00000000  -3.6180300000e-01
    150000   -10.00000000  -3.4577500000e-01
    150000    -8.00000000  -3.0392000000e-01
    150000    -6.00000000  -2.5527500000e-01
    150000    -4.00000000  -1.8730000000e-01
    150000    -2.00000000   1.9650000000e-01
    150000     0.00000000   4.6930000000e-01
    150000     2.00000000   6.9350000000e-01
    150000     4.00000000   8.8590000000e-01
    150000     6.00000000   1.0730540000e+00
    150000     8.00000000   1.1616000000e+00
    150000    10.00000000   1.0084550000e+00
    150000    12.00000000   8.9712700000e-01
    150000    14.00000000   8.3534000000e-01
    150000    16.00000000   7.9623900000e-01
    150000    18.00000000   7.7163900000e-01
    150000    20.00000000   7.5656700000e-01
    150000    22.00000000   7.4780700000e-01
    150000    24.00000000   7.4316900000e-01
    150000    26.00000000   7.4110600000e-01
    150000    28.00000000   7.4048100000e-01
    150000    30.00000000   7.4043800000e-01
    150000    32.00000000   7.4032000000e-01
    150000    34.00000000   7.3960900000e-01
    150000    36.00000000   7.3789900000e-01
    150000    38.00000000   7.3486300000e-01
    150000    40.00000000   7.3024100000e-01
    150000    42.00000000   7.2382800000e-01
    150000    44.00000000   7.1546200000e-01
    150000    46.00000000   7.0502000000e-01
    150000    48.00000000   6.9241400000e-01
    150000    50.00000000   6.7758200000e-01
    150000    52.00000000   6.6049100000e-01
    150000    54.00000000   6.4113400000e-01
    150000    56.00000000   6.1952200000e-01
    150000    58.00000000   5.9568900000e-01
    150000    60.00000000   5.6968800000e-01
    150000    62.00000000   5.4159000000e-01
    150000    64.00000000   5.1148100000e-01
    150000    66.00000000   4.7946400000e-01
    150000    68.00000000   4.4565400000e-01
    150000    70.00000000   4.1018300000e-01
    150000    72.00000000   3.7319100000e-01
    150000    74.00000000   3.3483300000e-01
    150000    76.00000000   2.9527100000e-01
    150000    78.00000000   2.5467700000e-01
    150000    80.00000000   2.1323300000e-01
    150000    82.00000000   1.7112500000e-01
    150000    84.00000000   1.2854800000e-01
    150000    86.00000000   8.5699000000e-02
    150000    88.00000000   4.2781000000e-02
    150000    90.00000000   0.0000000000e+00
    200000   -90.00000000  -0.0000000000e+00
    200000   -88.00000000  -4.2650000000e-02
    200000   -86.00000000  -8.5172000000e-02
    200000   -84.00000000  -1.2736100000e-01
    200000   -82.00000000  -1.6901200000e-01
    200000   -80.00000000  -2.0992500000e-01
    200000   -78.00000000  -2.4990300000e-01
    200000   -76.00000000  -2.8875400000e-01
    200000   -74.00000000  -3.2629400000e-01
    200000   -72.00000000  -3.6234400000e-01
    200000   -70.00000000  -3.9673400000e-01
    200000   -68.00000000  -4.2930300000e-01
    200000   -66.00000000  -4.5989900000e-01
    200000   -64.00000000  -4.8838200000e-01
    200000   -62.00000000  -5.1462200000e-01
    200000   -60.00000000  -5.3850100000e-01
    200000   -58.00000000  -5.5991500000e-01
    200000   -56.00000000  -5.7877300000e-01
    200000   -54.00000000  -5.9499700000e-01
    200000   -52.00000000  -6.0852600000e-01
    200000   -50.00000000  -6.1931100000e-01
    200000   -48.00000000  -6.2732400000e-01
    200000   -46.00000000  -6.3254800000e-01
    200000   -44.00000000  -6.3498700000e-01
    200000   -42.00000000  -6.3466100000e-01
    200000   -40.00000000  -6.3161200000e-01
    200000   -38.00000000  -6.2589700000e-01
    200000   -36.00000000  -6.1760000000e-01
    200000   -34.00000000  -6.0682300000e-01
    200000   -32.00000000  -5.9369800000e-01
    200000   -30.00000000  -5.7838500000e-01
    200000   -28.00000000  -5.6107900000e-01
    200000   -26.00000000  -5.4201900000e-01
    200000   -24.00000000  -5.2149700000e-01
    200000   -22.00000000  -4.9988100000e-01
    200000   -20.00000000  -4.7764400000e-01
    200000   -18.00000000  -4.5541500000e-01
    200000   -16.00000000  -4.3407100000e-01
    200000   -14.00000000  -4.1490500000e-01
    200000   -12.00000000  -3.9344300000e-01
    200000   -10.00000000  -3.0495200000e-01
    200000    -8.00000000  -2.4143600000e-01
    200000    -6.00000000  -2.0867300000e-01
    200000    -4.00000000  -1.1896700000e-01
    200000    -2.00000000   2.4330000000e-01
    200000     0.00000000   4.8740000000e-01
    200000     2.00000000   6.9310000000e-01
    200000     4.00000000   8.9780700000e-01
    200000     6.00000000   1.1027520000e+00
    200000     8.00000000   9.7797900000e-01
    200000    10.00000000   8.4521000000e-01
    200000    12.00000000   7.7271700000e-01
    200000    14.00000000   7.3013000000e-01
    200000    16.00000000   7.0561000000e-01
    200000    18.00000000   6.9250700000e-01
    200000    20.00000000   6.8676900000e-01
    200000    22.00000000   6.8576500000e-01
    200000    24.00000000   6.8769800000e-01
    200000    26.00000000   6.9128600000e-01
    200000    28.00000000   6.9558700000e-01
    200000    30.00000000   6.9988600000e-01
    200000    32.00000000   7.0362900000e-01
    200000    34.00000000   7.0638100000e-01
    200000    36.00000000   7.0779500000e-01
    200000    38.00000000   7.0759500000e-01
    200000    40.00000000   7.0556000000e-01
    200000    42.00000000   7.0151500000e-01
    200000    44.00000000   6.9532400000e-01
    200000    46.00000000   6.8688500000e-01
    200000    48.00000000   6.7612500000e-01
    200000    50.00000000   6.6300000000e-01
    200000    52.00000000   6.4748700000e-01
    200000    54.00000000   6.2958800000e-01
    200000    56.00000000   6.0932500000e-01
    200000    58.00000000   5.8673700000e-01
    200000    60.00000000   5.6188400000e-01
    200000    62.00000000   5.3484100000e-01
    200000    64.00000000   5.0570100000e-01
    200000    66.00000000   4.7456800000e-01
    200000    68.00000000   4.4156300000e-01
    200000    70.00000000   4.0681800000e-01
    200000    72.00000000   3.7047700000e-01
    200000    74.00000000   3.3269600000e-01
    200000    76.00000000   2.9364000000e-01
    200000    78.00000000   2.5348300000e-01
    200000    80.00000000   2.1240500000e-01
    200000    82.00000000   1.7059700000e-01
    200000    84.00000000   1.2825100000e-01
    200000    86.00000000   8.5567000000e-02
    200000    88.00000000   4.2748000000e-02
    200000    90.00000000   0.0000000000e+00
    250000   -90.00000000  -0.0000000000e+00
    250000   -88.00000000  -4.2643000000e-02
    250000   -86.00000000  -8.5145000000e-02
    250000   -84.00000000  -1.2730000000e-01
    250000   -82.00000000  -1.6890500000e-01
    250000   -80.00000000  -2.0975700000e-01
    250000   -78.00000000  -2.4966000000e-01
    250000   -76.00000000  -2.8842300000e-01
    250000   -74.00000000  -3.2585900000e-01
    250000   -72.00000000  -3.6179200000e-01
    250000   -70.00000000  -3.9604900000e-01
    250000   -68.00000000  -4.2847100000e-01
    250000   -66.00000000  -4.5890300000e-01
    250000   -64.00000000  -4.8720600000e-01
    250000   -62.00000000  -5.1324900000e-01
    250000   -60.00000000  -5.3691300000e-01
    250000   -58.00000000  -5.5809400000e-01
    250000   -56.00000000  -5.7669800000e-01
    250000   -54.00000000  -5.9264800000e-01
    250000   -52.00000000  -6.0588000000e-01
    250000   -50.00000000  -6.1634400000e-01
    250000   -48.00000000  -6.2400900000e-01
    250000   -46.00000000  -6.2885800000e-01
    250000   -44.00000000  -6.3088900000e-01
    250000   -42.00000000  -6.3012100000e-01
    250000   -40.00000000  -6.2659000000e-01
    250000   -38.00000000  -6.2034900000e-01
    250000   -36.00000000  -6.1147400000e-01
    250000   -34.00000000  -6.0006200000e-01
    250000   -32.00000000  -5.8623300000e-01
    250000   -30.00000000  -5.7013400000e-01
    250000   -28.00000000  -5.5194500000e-01
    250000   -26.00000000  -5.3188200000e-01
    250000   -24.00000000  -5.1020900000e-01
    250000   -22.00000000  -4.8725700000e-01
    250000   -20.00000000  -4.6344100000e-01
    250000   -18.00000000  -4.3931300000e-01
    250000   -16.00000000  -4.1563000000e-01
    250000   -14.00000000  -3.9349800000e-01
    250000   -12.00000000  -3.7386600000e-01
    250000   -10.00000000  -3.6183200000e-01
    250000    -8.00000000  -3.4140200000e-01
    250000    -6.00000000  -2.4390000000e-01
    250000    -4.00000000  -6.6300000000e-02
    250000    -2.00000000   2.7050000000e-01
    250000     0.00000000   4.8280000000e-01
    250000     2.00000000   6.9080000000e-01
    250000     4.00000000   8.8570000000e-01
    250000     6.00000000   1.1138970000e+00
    250000     8.00000000   1.0535040000e+00
    250000    10.00000000   9.0627700000e-01
    250000    12.00000000   8.2303300000e-01
    250000    14.00000000   7.7268000000e-01
    250000    16.00000000   7.4226300000e-01
    250000    18.00000000   7.2451100000e-01
    250000    20.00000000   7.1499800000e-01
    250000    22.00000000   7.1085700000e-01
    250000    24.00000000   7.1013200000e-01
    250000    26.00000000   7.1143500000e-01
    250000    28.00000000   7.1374400000e-01
    250000    30.00000000   7.1628700000e-01
    250000    32.00000000   7.1846800000e-01
    250000    34.00000000   7.1981900000e-01
    250000    36.00000000   7.1997000000e-01
    250000    38.00000000   7.1862300000e-01
    250000    40.00000000   7.1554200000e-01
    250000    42.00000000   7.1053900000e-01
    250000    44.00000000   7.0346800000e-01
    250000    46.00000000   6.9421900000e-01
    250000    48.00000000   6.8271300000e-01
    250000    50.00000000   6.6889700000e-01
    250000    52.00000000   6.5274700000e-01
    250000    54.00000000   6.3425800000e-01
    250000    56.00000000   6.1344900000e-01
    250000    58.00000000   5.9035700000e-01
    250000    60.00000000   5.6504000000e-01
    250000    62.00000000   5.3757100000e-01
    250000    64.00000000   5.0803800000e-01
    250000    66.00000000   4.7654800000e-01
    250000    68.00000000   4.4321700000e-01
    250000    70.00000000   4.0817900000e-01
    250000    72.00000000   3.7157500000e-01
    250000    74.00000000   3.3356000000e-01
    250000    76.00000000   2.9430000000e-01
    250000    78.00000000   2.5396600000e-01
    250000    80.00000000   2.1274000000e-01
    250000    82.00000000   1.7081000000e-01
    250000    84.00000000   1.2837100000e-01
    250000    86.00000000   8.5620000000e-02
    250000    88.00000000   4.2762000000e-02
    250000    90.00000000   0.0000000000e+00
     50000   -90.00000000  -0.0000000000e+00
     50000   -88.00000000  -4.2640000000e-02
     50000   -86.00000000  -8.5132000000e-02
     50000   -84.00000000  -1.2727100000e-01
     50000   -82.00000000  -1.6885200000e-01
     50000   -80.00000000  -2.0967500000e-01
     50000   -78.00000000  -2.4954200000e-01
     50000   -76.00000000  -2.8826100000e-01
     50000   -74.00000000  -3.2564800000e-01
     50000   -72.00000000  -3.6152300000e-01
     50000   -70.00000000  -3.9571600000e-01
     50000   -68.00000000  -4.2806600000e-01
     50000   -66.00000000  -4.5841900000e-01
     50000   -64.00000000  -4.8663400000e-01
     50000   -62.00000000  -5.1258100000e-01
     50000   -60.00000000  -5.3614100000e-01
     50000   -58.00000000  -5.5720800000e-01
     50000   -56.00000000  -5.7568900000e-01
     50000   -54.00000000  -5.9150600000e-01
     50000   -52.00000000  -6.0459300000e-01
     50000   -50.00000000  -6.1490200000e-01
     50000   -48.00000000  -6.2239800000e-01
     50000   -46.00000000  -6.2706400000e-01
     50000   -44.00000000  -6.2889700000e-01
     50000   -42.00000000  -6.2791400000e-01
     50000   -40.00000000  -6.2414800000e-01
     50000   -38.00000000  -6.1765200000e-01
     50000   -36.00000000  -6.0849700000e-01
     50000   -34.00000000  -5.9677500000e-01
     50000   -32.00000000  -5.8260400000e-01
     50000   -30.00000000  -5.6612300000e-01
     50000   -28.00000000  -5.4750400000e-01
     50000   -26.00000000  -5.2695400000e-01
     50000   -24.00000000  -5.0472200000e-01
     50000   -22.00000000  -4.8112000000e-01
     50000   -20.00000000  -4.5653700000e-01
     50000   -18.00000000  -4.3148600000e-01
     50000   -16.00000000  -4.0666500000e-01
     50000   -14.00000000  -3.8309100000e-01
     50000   -12.00000000  -3.6234800000e-01
     50000   -10.00000000  -3.4715500000e-01
     50000    -8.00000000  -3.4278500000e-01
     50000    -6.00000000  -3.6120000000e-01
     50000    -4.00000000  -2.7248300000e-01
     50000    -2.00000000   3.1600000000e-02
     50000     0.00000000   2.0160000000e-01
     50000     2.00000000   4.8230000000e-01
     50000     4.00000000   7.4480000000e-01
     50000     6.00000000   1.0161120000e+00
     50000     8.00000000   1.0945700000e+00
     50000    10.00000000   9.4059100000e-01
     50000    12.00000000   8.4881200000e-01
     50000    14.00000000   7.9448100000e-01
     50000    16.00000000   7.6104300000e-01
     50000    18.00000000   7.4090800000e-01
     50000    20.00000000   7.2946100000e-01
     50000    22.00000000   7.2371200000e-01
     50000    24.00000000   7.2162700000e-01
     50000    26.00000000   7.2175800000e-01
     50000    28.00000000   7.2304600000e-01
     50000    30.00000000   7.2469000000e-01
     50000    32.00000000   7.2607100000e-01
     50000    34.00000000   7.2670500000e-01
     50000    36.00000000   7.2620800000e-01
     50000    38.00000000   7.2427300000e-01
     50000    40.00000000   7.2065600000e-01
     50000    42.00000000   7.1516200000e-01
     50000    44.00000000   7.0764100000e-01
     50000    46.00000000   6.9797700000e-01
     50000    48.00000000   6.8608800000e-01
     50000    50.00000000   6.7191900000e-01
     50000    52.00000000   6.5544100000e-01
     50000    54.00000000   6.3665000000e-01
     50000    56.00000000   6.1556200000e-01
     50000    58.00000000   5.9221200000e-01
     50000    60.00000000   5.6665700000e-01
     50000    62.00000000   5.3896900000e-01
     50000    64.00000000   5.0923600000e-01
     50000    66.00000000   4.7756200000e-01
     50000    68.00000000   4.4406500000e-01
     50000    70.00000000   4.0887600000e-01
     50000    72.00000000   3.7213700000e-01
     50000    74.00000000   3.3400300000e-01
     50000    76.00000000   2.9463800000e-01
     50000    78.00000000   2.5421300000e-01
     50000    80.00000000   2.1291200000e-01
     50000    82.00000000   1.7092000000e-01
     50000    84.00000000   1.2843200000e-01
     50000    86.00000000   8.5648000000e-02
     50000    88.00000000   4.2768000000e-02
     50000    90.00000000   0.0000000000e+00
    100000   -90.00000000  -0.0000000000e+00
    100000   -88.00000000  -4.2639000000e-02
    100000   -86.00000000  -8.5128000000e-02
    100000   -84.00000000  -1.2726100000e-01
    100000   -82.00000000  -1.6883400000e-01
    100000   -80.00000000  -2.0964600000e-01
    100000   -78.00000000  -2.4950100000e-01
    100000   -76.00000000  -2.8820500000e-01
    100000   -74.00000000  -3.2557500000e-01
    100000   -72.00000000  -3.6143000000e-01
    100000   -70.00000000  -3.9560100000e-01
    100000   -68.00000000  -4.2792500000e-01
    100000   -66.00000000  -4.5825100000e-01
    100000   -64.00000000  -4.8643600000e-01
    100000   -62.00000000  -5.1234900000e-01
    100000   -60.00000000  -5.3587300000e-01
    100000   -58.00000000  -5.5690100000e-01
    100000   -56.00000000  -5.7533900000e-01
    100000   -54.00000000  -5.9110900000e-01
    100000   -52.00000000  -6.0414600000e-01
    100000   -50.00000000  -6.1440100000e-01
    100000   -48.00000000  -6.2183800000e-01
    100000   -46.00000000  -6.2644000000e-01
    100000   -44.00000000  -6.2820500000e-01
    100000   -42.00000000  -6.2714700000e-01
    100000   -40.00000000  -6.2330000000e-01
    100000   -38.00000000  -6.1671500000e-01
    100000   -36.00000000  -6.0746200000e-01
    100000   -34.00000000  -5.9563300000e-01
    100000   -32.00000000  -5.8134300000e-01
    100000   -30.00000000  -5.6472900000e-01
    100000   -28.00000000  -5.4596100000e-01
    100000   -26.00000000  -5.2524200000e-01
    100000   -24.00000000  -5.0281600000e-01
    100000   -22.00000000  -4.7898800000e-01
    100000   -20.00000000  -4.5413900000e-01
    100000   -18.00000000  -4.2876700000e-01
    100000   -16.00000000  -4.0355100000e-01
    100000   -14.00000000  -3.7947500000e-01
    100000   -12.00000000  -3.5807300000e-01
    100000   -10.00000000  -3.4199600000e-01
    100000    -8.00000000  -3.4099200000e-01
    100000    -6.00000000  -3.2493500000e-01
    100000    -4.00000000  -2.1660000000e-01
    100000    -2.00000000   7.5600000000e-02
    100000     0.00000000   4.0000000000e-01
    100000     2.00000000   6.7180000000e-01
    100000     4.00000000   8.8920000000e-01
    100000     6.00000000   1.0649390000e+00
    100000     8.00000000   1.1233500000e+00
    100000    10.00000000   9.7780200000e-01
    100000    12.00000000   8.7959300000e-01
    100000    14.00000000   8.2051200000e-01
    100000    16.00000000   7.8346600000e-01
    100000    18.00000000   7.6048600000e-01
    100000    20.00000000   7.4673000000e-01
    100000    22.00000000   7.3906200000e-01
    100000    24.00000000   7.3535100000e-01
    100000    26.00000000   7.3408400000e-01
    100000    28.00000000   7.3415400000e-01
    100000    30.00000000   7.3472300000e-01
    100000    32.00000000   7.3514800000e-01
    100000    34.00000000   7.3492600000e-01
    100000    36.00000000   7.3365600000e-01
    100000    38.00000000   7.3102000000e-01
    100000    40.00000000   7.2676200000e-01
    100000    42.00000000   7.2068300000e-01
    100000    44.00000000   7.1262400000e-01
    100000    46.00000000   7.0246400000e-01
    100000    48.00000000   6.9011800000e-01
    100000    50.00000000   6.7552600000e-01
    100000    52.00000000   6.5865900000e-01
    100000    54.00000000   6.3950600000e-01
    100000    56.00000000   6.1808400000e-01
    100000    58.00000000   5.9442700000e-01
    100000    60.00000000   5.6858800000e-01
    100000    62.00000000   5.4063900000e-01
    100000    64.00000000   5.1066600000e-01
    100000    66.00000000   4.7877400000e-01
    100000    68.00000000   4.4507800000e-01
    100000    70.00000000   4.0970900000e-01
    100000    72.00000000   3.7280900000e-01
    100000    74.00000000   3.3453200000e-01
    100000    76.00000000   2.9504100000e-01
    100000    78.00000000   2.5450900000e-01
    100000    80.00000000   2.1311600000e-01
    100000    82.00000000   1.7105100000e-01
    100000    84.00000000   1.2850600000e-01
    100000    86.00000000   8.5680000000e-02
    100000    88.00000000   4.2777000000e-02
    100000    90.00000000   0.0000000000e+00
    150000   -90.00000000  -0.0000000000e+00
    150000   -88.00000000  -4.2642000000e-02
    150000   -86.00000000  -8.5142000000e-02
    150000   -84.00000000  -1.2729200000e-01
    150000   -82.00000000  -1.6889000000e-01
    150000   -80.00000000  -2.0973400000e-01
    150000   -78.00000000  -2.4962700000e-01
    150000   -76.00000000  -2.8837700000e-01
    150000   -74.00000000  -3.2580000000e-01
    150000   -72.00000000  -3.6171700000e-01
    150000   -70.00000000  -3.9595600000e-01
    150000   -68.00000000  -4.2835700000e-01
    150000   -66.00000000  -4.5876800000e-01
    150000   -64.00000000  -4.8704600000e-01
    150000   -62.00000000  -5.1306200000e-01
    150000   -60.00000000  -5.3669700000e-01
    150000   -58.00000000  -5.5784600000e-01
    150000   -56.00000000  -5.7641600000e-01
    150000   -54.00000000  -5.9232900000e-01
    150000   -52.00000000  -6.0552000000e-01
    150000   -50.00000000  -6.1594100000e-01
    150000   -48.00000000  -6.2355900000e-01
    150000   -46.00000000  -6.2835600000e-01
    150000   -44.00000000  -6.3033200000e-01
    150000   -42.00000000  -6.2950400000e-01
    150000   -40.00000000  -6.2590700000e-01
    150000   -38.00000000  -6.1959500000e-01
    150000   -36.00000000  -6.1064200000e-01
    150000   -34.00000000  -5.9914300000e-01
    150000   -32.00000000  -5.8521800000e-01
    150000   -30.00000000  -5.6901300000e-01
    150000   -28.00000000  -5.5070300000e-01
    150000   -26.00000000  -5.3050400000e-01
    150000   -24.00000000  -5.0867500000e-01
    150000   -22.00000000  -4.8554100000e-01
    150000   -20.00000000  -4.6151100000e-01
    150000   -18.00000000  -4.3712500000e-01
    150000   -16.00000000  -4.1312300000e-01
    150000   -14.00000000  -3.9058800000e-01
    150000   -12.00000000  -3.7148600000e-01
    150000   -10.00000000  -3.5923800000e-01
    150000    -8.00000000  -3.4342500000e-01
    150000    -6.00000000  -3.2094400000e-01
    150000    -4.00000000  -1.4280000000e-01
    150000    -2.00000000   1.8970000000e-01
    150000     0.00000000   4.7260000000e-01
    150000     2.00000000   6.8780000000e-01
    150000     4.00000000   8.7360000000e-01
    150000     6.00000000   1.0935120000e+00
    150000     8.00000000   1.1645000000e+00
    150000    10.00000000   1.0086630000e+00
    150000    12.00000000   8.9902100000e-01
    150000    14.00000000   8.3694200000e-01
    150000    16.00000000   7.9761900000e-01
    150000    18.00000000   7.7284400000e-01
    150000    20.00000000   7.5763000000e-01
    150000    22.00000000   7.4875100000e-01
    150000    24.00000000   7.4401400000e-01
    150000    26.00000000   7.4186500000e-01
    150000    28.00000000   7.4116400000e-01
    150000    30.00000000   7.4105600000e-01
    150000    32.00000000   7.4087800000e-01
    150000    34.00000000   7.4011500000e-01
    150000    36.00000000   7.3835700000e-01
    150000    38.00000000   7.3527800000e-01
    150000    40.00000000   7.3061700000e-01
    150000    42.00000000   7.2416800000e-01
    150000    44.00000000   7.1576900000e-01
    150000    46.00000000   7.0529600000e-01
    150000    48.00000000   6.9266200000e-01
    150000    50.00000000   6.7780400000e-01
    150000    52.00000000   6.6068900000e-01
    150000    54.00000000   6.4130900000e-01
    150000    56.00000000   6.1967700000e-01
    150000    58.00000000   5.9582500000e-01
    150000    60.00000000   5.6980700000e-01
    150000    62.00000000   5.4169300000e-01
    150000    64.00000000   5.1156900000e-01
    150000    66.00000000   4.7953800000e-01
    150000    68.00000000   4.4571700000e-01
    150000    70.00000000   4.1023400000e-01
    150000    72.00000000   3.7323300000e-01
    150000    74.00000000   3.3486600000e-01
    150000    76.00000000   2.9529600000e-01
    150000    78.00000000   2.5469600000e-01
    150000    80.00000000   2.1324600000e-01
    150000    82.00000000   1.7113300000e-01
    150000    84.00000000   1.2855200000e-01
    150000    86.00000000   8.5701000000e-02
    150000    88.00000000   4.2782000000e-02
    150000    90.00000000   0.0000000000e+00
    200000   -90.00000000  -0.0000000000e+00
    200000   -88.00000000  -4.2645000000e-02
    200000   -86.00000000  -8.5153000000e-02
    200000   -84.00000000  -1.2731700000e-01
    200000   -82.00000000  -1.6893400000e-01
    200000   -80.00000000  -2.0980300000e-01
    200000   -78.00000000  -2.4972700000e-01
    200000   -76.00000000  -2.8851500000e-01
    200000   -74.00000000  -3.2598000000e-01
    200000   -72.00000000  -3.6194500000e-01
    200000   -70.00000000  -3.9623900000e-01
    200000   -68.00000000  -4.2870100000e-01
    200000   -66.00000000  -4.5917900000e-01
    200000   -64.00000000  -4.8753200000e-01
    200000   -62.00000000  -5.1362900000e-01
    200000   -60.00000000  -5.3735300000e-01
    200000   -58.00000000  -5.5859900000e-01
    200000   -56.00000000  -5.7727300000e-01
    200000   -54.00000000  -5.9329900000e-01
    200000   -52.00000000  -6.0661300000e-01
    200000   -50.00000000  -6.1716700000e-01
    200000   -48.00000000  -6.2492800000e-01
    200000   -46.00000000  -6.2988000000e-01
    200000   -44.00000000  -6.3202500000e-01
    200000   -42.00000000  -6.3138000000e-01
    200000   -40.00000000  -6.2798200000e-01
    200000   -38.00000000  -6.2188700000e-01
    200000   -36.00000000  -6.1317200000e-01
    200000   -34.00000000  -6.0193600000e-01
    200000   -32.00000000  -5.8830200000e-01
    200000   -30.00000000  -5.7242100000e-01
    200000   -28.00000000  -5.5447700000e-01
    200000   -26.00000000  -5.3469100000e-01
    200000   -24.00000000  -5.1333800000e-01
    200000   -22.00000000  -4.9075600000e-01
    200000   -20.00000000  -4.6737800000e-01
    200000   -18.00000000  -4.4377600000e-01
    200000   -16.00000000  -4.2074100000e-01
    200000   -14.00000000  -3.9926100000e-01
    200000   -12.00000000  -3.7678600000e-01
    200000   -10.00000000  -3.3701500000e-01
    200000    -8.00000000  -3.1051300000e-01
    200000    -6.00000000  -2.9270400000e-01
    200000    -4.00000000  -5.6100000000e-02
    200000    -2.00000000   2.5180000000e-01
    200000     0.00000000   4.8270000000e-01
    200000     2.00000000   6.8720000000e-01
    200000     4.00000000   8.6797500000e-01
    200000     6.00000000   1.1162090000e+00
    200000     8.00000000   1.0636510000e+00
    200000    10.00000000   9.1019400000e-01
    200000    12.00000000   8.2558500000e-01
    200000    14.00000000   7.7483800000e-01
    200000    16.00000000   7.4412200000e-01
    200000    18.00000000   7.2613400000e-01
    200000    20.00000000   7.1643000000e-01
    200000    22.00000000   7.1212900000e-01
    200000    24.00000000   7.1127000000e-01
    200000    26.00000000   7.1245700000e-01
    200000    28.00000000   7.1466500000e-01
    200000    30.00000000   7.1711900000e-01
    200000    32.00000000   7.1922000000e-01
    200000    34.00000000   7.2050100000e-01
    200000    36.00000000   7.2058700000e-01
    200000    38.00000000   7.1918200000e-01
    200000    40.00000000   7.1604800000e-01
    200000    42.00000000   7.1099700000e-01
    200000    44.00000000   7.0388100000e-01
    200000    46.00000000   6.9459100000e-01
    200000    48.00000000   6.8304700000e-01
    200000    50.00000000   6.6919600000e-01
    200000    52.00000000   6.5301300000e-01
    200000    54.00000000   6.3449400000e-01
    200000    56.00000000   6.1365800000e-01
    200000    58.00000000   5.9054100000e-01
    200000    60.00000000   5.6520000000e-01
    200000    62.00000000   5.3770900000e-01
    200000    64.00000000   5.0815700000e-01
    200000    66.00000000   4.7664800000e-01
    200000    68.00000000   4.4330100000e-01
    200000    70.00000000   4.0824800000e-01
    200000    72.00000000   3.7163100000e-01
    200000    74.00000000   3.3360400000e-01
    200000    76.00000000   2.9433300000e-01
    200000    78.00000000   2.5399000000e-01
    200000    80.00000000   2.1275700000e-01
    200000    82.00000000   1.7082100000e-01
    200000    84.00000000   1.2837700000e-01
    200000    86.00000000   8.5623000000e-02
    200000    88.00000000   4.2762000000e-02
    200000    90.00000000   0.0000000000e+00
    250000   -90.00000000  -0.0000000000e+00
    250000   -88.00000000  -4.2655000000e-02
    250000   -86.00000000  -8.5195000000e-02
    250000   -84.00000000  -1.2741400000e-01
    250000   -82.00000000  -1.6910600000e-01
    250000   -80.00000000  -2.1007200000e-01
    250000   -78.00000000  -2.5011500000e-01
    250000   -76.00000000  -2.8904300000e-01
    250000   -74.00000000  -3.2667300000e-01
    250000   -72.00000000  -3.6282500000e-01
    250000   -70.00000000  -3.9733100000e-01
    250000   -68.00000000  -4.3002800000e-01
    250000   -66.00000000  -4.6076700000e-01
    250000   -64.00000000  -4.8940600000e-01
    250000   -62.00000000  -5.1581800000e-01
    250000   -60.00000000  -5.3988400000e-01
    250000   -58.00000000  -5.6150200000e-01
    250000   -56.00000000  -5.8058000000e-01
    250000   -54.00000000  -5.9704300000e-01
    250000   -52.00000000  -6.1083000000e-01
    250000   -50.00000000  -6.2189500000e-01
    250000   -48.00000000  -6.3021000000e-01
    250000   -46.00000000  -6.3576100000e-01
    250000   -44.00000000  -6.3855500000e-01
    250000   -42.00000000  -6.3861500000e-01
    250000   -40.00000000  -6.3598500000e-01
    250000   -38.00000000  -6.3072900000e-01
    250000   -36.00000000  -6.2293400000e-01
    250000   -34.00000000  -6.1271200000e-01
    250000   -32.00000000  -6.0020000000e-01
    250000   -30.00000000  -5.8557200000e-01
    250000   -28.00000000  -5.6903500000e-01
    250000   -26.00000000  -5.5084700000e-01
    250000   -24.00000000  -5.3132600000e-01
    250000   -22.00000000  -5.1087500000e-01
    250000   -20.00000000  -4.9001200000e-01
    250000   -18.00000000  -4.6943700000e-01
    250000   -16.00000000  -4.5013100000e-01
    250000   -14.00000000  -4.3098200000e-01
    250000   -12.00000000  -4.0279500000e-01
    250000   -10.00000000  -2.3607300000e-01
    250000    -8.00000000  -1.7341200000e-01
    250000    -6.00000000  -1.3392400000e-01
    250000    -4.00000000  -9.4436000000e-02
    250000    -2.00000000   2.6630000000e-01
    250000     0.00000000   4.7070000000e-01
    250000     2.00000000   6.8450000000e-01
    250000     4.00000000   8.7990000000e-01
    250000     6.00000000   1.0848260000e+00
    250000     8.00000000   1.1471780000e+00
    250000    10.00000000   9.8341900000e-01
    250000    12.00000000   8.7997200000e-01
    250000    14.00000000   8.2083200000e-01
    250000    16.00000000   7.8374200000e-01
    250000    18.00000000   7.6072800000e-01
    250000    20.00000000   7.4694300000e-01
    250000    22.00000000   7.3925100000e-01
    250000    24.00000000   7.3552000000e-01
    250000    26.00000000   7.3423600000e-01
    250000    28.00000000   7.3429000000e-01
    250000    30.00000000   7.3484600000e-01
    250000    32.00000000   7.3526000000e-01
    250000    34.00000000   7.3502700000e-01
    250000    36.00000000   7.3374800000e-01
    250000    38.00000000   7.3110300000e-01
    250000    40.00000000   7.2683800000e-01
    250000    42.00000000   7.2075100000e-01
    250000    44.00000000   7.1268500000e-01
    250000    46.00000000   7.0252000000e-01
    250000    48.00000000   6.9016700000e-01
    250000    50.00000000   6.7557100000e-01
    250000    52.00000000   6.5869800000e-01
    250000    54.00000000   6.3954200000e-01
    250000    56.00000000   6.1811600000e-01
    250000    58.00000000   5.9445400000e-01
    250000    60.00000000   5.6861200000e-01
    250000    62.00000000   5.4065900000e-01
    250000    64.00000000   5.1068400000e-01
    250000    66.00000000   4.7878800000e-01
    250000    68.00000000   4.4509000000e-01
    250000    70.00000000   4.0971900000e-01
    250000    72.00000000   3.7281700000e-01
    250000    74.00000000   3.3453800000e-01
    250000    76.00000000   2.9504600000e-01
    250000    78.00000000   2.5451300000e-01
    250000    80.00000000   2.1311900000e-01
    250000    82.00000000   1.7105200000e-01
    250000    84.00000000   1.2850700000e-01
    250000    86.00000000   8.5681000000e-02
    250000    88.00000000   4.2777000000e-02
    250000    90.00000000   0.0000000000e+00
     50000   -90.00000000  -0.0000000000e+00
     50000   -88.00000000  -4.2635000000e-02
     50000   -86.00000000  -8.5114000000e-02
     50000   -84.00000000  -1.2723000000e-01
     50000   -82.00000000  -1.6878000000e-01
     50000   -80.00000000  -2.0956100000e-01
     50000   -78.00000000  -2.4937700000e-01
     50000   -76.00000000  -2.8803700000e-01
     50000   -74.00000000  -3.2535400000e-01
     50000   -72.00000000  -3.6115000000e-01
     50000   -70.00000000  -3.9525400000e-01
     50000   -68.00000000  -4.2750300000e-01
     50000   -66.00000000  -4.5774600000e-01
     50000   -64.00000000  -4.8584000000e-01
     50000   -62.00000000  -5.1165400000e-01
     50000   -60.00000000  -5.3506800000e-01
     50000   -58.00000000  -5.5597800000e-01
     50000   -56.00000000  -5.7428800000e-01
     50000   -54.00000000  -5.8991900000e-01
     50000   -52.00000000  -6.0280600000e-01
     50000   -50.00000000  -6.1289800000e-01
     50000   -48.00000000  -6.2015900000e-01
     50000   -46.00000000  -6.2457100000e-01
     50000   -44.00000000  -6.2612900000e-01
     50000   -42.00000000  -6.2484700000e-01
     50000   -40.00000000  -6.2075600000e-01
     50000   -38.00000000  -6.1390400000e-01
     50000   -36.00000000  -6.0435800000e-01
     50000   -34.00000000  -5.9220700000e-01
     50000   -32.00000000  -5.7756000000e-01
     50000   -30.00000000  -5.6054800000e-01
     50000   -28.00000000  -5.4133300000e-01
     50000   -26.00000000  -5.2010500000e-01
     50000   -24.00000000  -4.9709700000e-01
     50000   -22.00000000  -4.7259100000e-01
     50000   -20.00000000  -4.4694200000e-01
     50000   -18.00000000  -4.2060800000e-01
     50000   -16.00000000  -3.9420700000e-01
     50000   -14.00000000  -3.6862800000e-01
     50000   -12.00000000  -3.4524600000e-01
     50000   -10.00000000  -3.2639800000e-01
     50000    -8.00000000  -3.1655600000e-01
     50000    -6.00000000  -3.3636600000e-01
     50000    -4.00000000  -2.7591700000e-01
     50000    -2.00000000   3.1100000000e-02
     50000     0.00000000   2.0120000000e-01
     50000     2.00000000   4.8260000000e-01
     50000     4.00000000   7.2540000000e-01
     50000     6.00000000   9.7224300000e-01
     50000     8.00000000   1.1451690000e+00
     50000    10.00000000   1.1515290000e+00
     50000    12.00000000   1.0149950000e+00
     50000    14.00000000   9.3525700000e-01
     50000    16.00000000   8.8231000000e-01
     50000    18.00000000   8.4679100000e-01
     50000    20.00000000   8.2285400000e-01
     50000    22.00000000   8.0672700000e-01
     50000    24.00000000   7.9585100000e-01
     50000    26.00000000   7.8842000000e-01
     50000    28.00000000   7.8311600000e-01
     50000    30.00000000   7.7895100000e-01
     50000    32.00000000   7.7516500000e-01
     50000    34.00000000   7.7116600000e-01
     50000    36.00000000   7.6648800000e-01
     50000    38.00000000   7.6075800000e-01
     50000    40.00000000   7.5368100000e-01
     50000    42.00000000   7.4501900000e-01
     50000    44.00000000   7.3458700000e-01
     50000    46.00000000   7.2224400000e-01
     50000    48.00000000   7.0788200000e-01
     50000    50.00000000   6.9143000000e-01
     50000    52.00000000   6.7284100000e-01
     50000    54.00000000   6.5209800000e-01
     50000    56.00000000   6.2920600000e-01
     50000    58.00000000   6.0419100000e-01
     50000    60.00000000   5.7710000000e-01
     50000    62.00000000   5.4799900000e-01
     50000    64.00000000   5.1697000000e-01
     50000    66.00000000   4.8411300000e-01
     50000    68.00000000   4.4954000000e-01
     50000    70.00000000   4.1337900000e-01
     50000    72.00000000   3.7576900000e-01
     50000    74.00000000   3.3686200000e-01
     50000    76.00000000   2.9681900000e-01
     50000    78.00000000   2.5581200000e-01
     50000    80.00000000   2.1401900000e-01
     50000    82.00000000   1.7162700000e-01
     50000    84.00000000   1.2883000000e-01
     50000    86.00000000   8.5824000000e-02
     50000    88.00000000   4.2813000000e-02
     50000    90.00000000   0.0000000000e+00
    100000   -90.00000000  -0.0000000000e+00
    100000   -88.00000000  -4.2637000000e-02
    100000   -86.00000000  -8.5121000000e-02
    100000   -84.00000000  -1.2724500000e-01
    100000   -82.00000000  -1.6880700000e-01
    100000   -80.00000000  -2.0960300000e-01
    100000   -78.00000000  -2.4943900000e-01
    100000   -76.00000000  -2.8812100000e-01
    100000   -74.00000000  -3.2546400000e-01
    100000   -72.00000000  -3.6128900000e-01
    100000   -70.00000000  -3.9542600000e-01
    100000   -68.00000000  -4.2771300000e-01
    100000   -66.00000000  -4.5799600000e-01
    100000   -64.00000000  -4.8613500000e-01
    100000   -62.00000000  -5.1199900000e-01
    100000   -60.00000000  -5.3546800000e-01
    100000   -58.00000000  -5.5643500000e-01
    100000   -56.00000000  -5.7480900000e-01
    100000   -54.00000000  -5.9050900000e-01
    100000   -52.00000000  -6.0347100000e-01
    100000   -50.00000000  -6.1364400000e-01
    100000   -48.00000000  -6.2099200000e-01
    100000   -46.00000000  -6.2549800000e-01
    100000   -44.00000000  -6.2715900000e-01
    100000   -42.00000000  -6.2598800000e-01
    100000   -40.00000000  -6.2201800000e-01
    100000   -38.00000000  -6.1529800000e-01
    100000   -36.00000000  -6.0589800000e-01
    100000   -34.00000000  -5.9390700000e-01
    100000   -32.00000000  -5.7943700000e-01
    100000   -30.00000000  -5.6262300000e-01
    100000   -28.00000000  -5.4362900000e-01
    100000   -26.00000000  -5.2265400000e-01
    100000   -24.00000000  -4.9993500000e-01
    100000   -22.00000000  -4.7576500000e-01
    100000   -20.00000000  -4.5051300000e-01
    100000   -18.00000000  -4.2465600000e-01
    100000   -16.00000000  -3.9884300000e-01
    100000   -14.00000000  -3.7401000000e-01
    100000   -12.00000000  -3.5161000000e-01
    100000   -10.00000000  -3.3412200000e-01
    100000    -8.00000000  -3.2715800000e-01
    100000    -6.00000000  -3.3257800000e-01
    100000    -4.00000000  -2.7794600000e-01
    100000    -2.00000000   7.7700000000e-02
    100000     0.00000000   4.0040000000e-01
    100000     2.00000000   6.7180000000e-01
    100000     4.00000000   8.8290000000e-01
    100000     6.00000000   1.0778510000e+00
    100000     8.00000000   1.0892630000e+00
    100000    10.00000000   9.4574300000e-01
    100000    12.00000000   8.5353200000e-01
    100000    14.00000000   7.9847200000e-01
    100000    16.00000000   7.6448100000e-01
    100000    18.00000000   7.4391000000e-01
    100000    20.00000000   7.3210900000e-01
    100000    22.00000000   7.2606600000e-01
    100000    24.00000000   7.2373100000e-01
    100000    26.00000000   7.2364800000e-01
    100000    28.00000000   7.2474900000e-01
    100000    30.00000000   7.2622800000e-01
    100000    32.00000000   7.2746200000e-01
    100000    34.00000000   7.2796500000e-01
    100000    36.00000000   7.2735000000e-01
    100000    38.00000000   7.2530800000e-01
    100000    40.00000000   7.2159200000e-01
    100000    42.00000000   7.1600900000e-01
    100000    44.00000000   7.0840500000e-01
    100000    46.00000000   6.9866500000e-01
    100000    48.00000000   6.8670600000e-01
    100000    50.00000000   6.7247200000e-01
    100000    52.00000000   6.5593400000e-01
    100000    54.00000000   6.3708800000e-01
    100000    56.00000000   6.1594800000e-01
    100000    58.00000000   5.9255200000e-01
    100000    60.00000000   5.6695300000e-01
    100000    62.00000000   5.3922500000e-01
    100000    64.00000000   5.0945500000e-01
    100000    66.00000000   4.7774800000e-01
    100000    68.00000000   4.4422000000e-01
    100000    70.00000000   4.0900400000e-01
    100000    72.00000000   3.7224000000e-01
    100000    74.00000000   3.3408400000e-01
    100000    76.00000000   2.9469900000e-01
    100000    78.00000000   2.5425900000e-01
    100000    80.00000000   2.1294300000e-01
    100000    82.00000000   1.7094000000e-01
    100000    84.00000000   1.2844400000e-01
    100000    86.00000000   8.5653000000e-02
    100000    88.00000000   4.2770000000e-02
    100000    90.00000000   0.0000000000e+00
    150000   -90.00000000  -0.0000000000e+00
    150000   -88.00000000  -4.2635000000e-02
    150000   -86.00000000  -8.5113000000e-02
    150000   -84.00000000  -1.2722800000e-01
    150000   -82.00000000  -1.6877600000e-01
    150000   -80.00000000  -2.0955600000e-01
    150000   -78.00000000  -2.4937000000e-01
    150000   -76.00000000  -2.8802700000e-01
    150000   -74.00000000  -3.2534200000e-01
    150000   -72.00000000  -3.6113400000e-01
    150000   -70.00000000  -3.9523400000e-01
    150000   -68.00000000  -4.2747900000e-01
    150000   -66.00000000  -4.5771700000e-01
    150000   -64.00000000  -4.8580600000e-01
    150000   -62.00000000  -5.1161400000e-01
    150000   -60.00000000  -5.3502200000e-01
    150000   -58.00000000  -5.5592500000e-01
    150000   -56.00000000  -5.7422700000e-01
    150000   -54.00000000  -5.8985100000e-01
    150000   -52.00000000  -6.0272900000e-01
    150000   -50.00000000  -6.1281100000e-01
    150000   -48.00000000  -6.2006300000e-01
    150000   -46.00000000  -6.2446300000e-01
    150000   -44.00000000  -6.2601000000e-01
    150000   -42.00000000  -6.2471500000e-01
    150000   -40.00000000  -6.2061000000e-01
    150000   -38.00000000  -6.1374200000e-01
    150000   -36.00000000  -6.0418000000e-01
    150000   -34.00000000  -5.9201100000e-01
    150000   -32.00000000  -5.7734300000e-01
    150000   -30.00000000  -5.6030800000e-01
    150000   -28.00000000  -5.4106700000e-01
    150000   -26.00000000  -5.1981100000e-01
    150000   -24.00000000  -4.9676900000e-01
    150000   -22.00000000  -4.7222500000e-01
    150000   -20.00000000  -4.4653000000e-01
    150000   -18.00000000  -4.2014000000e-01
    150000   -16.00000000  -3.9367100000e-01
    150000   -14.00000000  -3.6800600000e-01
    150000   -12.00000000  -3.4521500000e-01
    150000   -10.00000000  -3.3120200000e-01
    150000    -8.00000000  -3.0454100000e-01
    150000    -6.00000000  -2.7668000000e-01
    150000    -4.00000000  -1.7310000000e-01
    150000    -2.00000000   1.9160000000e-01
    150000     0.00000000   4.6800000000e-01
    150000     2.00000000   6.8770000000e-01
    150000     4.00000000   8.9240000000e-01
    150000     6.00000000   1.1007420000e+00
    150000     8.00000000   1.1568570000e+00
    150000    10.00000000   9.8961500000e-01
    150000    12.00000000   8.8831500000e-01
    150000    14.00000000   8.2788800000e-01
    150000    16.00000000   7.8982000000e-01
    150000    18.00000000   7.6603400000e-01
    150000    20.00000000   7.5162300000e-01
    150000    22.00000000   7.4341200000e-01
    150000    24.00000000   7.3924000000e-01
    150000    26.00000000   7.3757700000e-01
    150000    28.00000000   7.3730100000e-01
    150000    30.00000000   7.3756600000e-01
    150000    32.00000000   7.3772100000e-01
    150000    34.00000000   7.3725600000e-01
    150000    36.00000000   7.3576600000e-01
    150000    38.00000000   7.3293100000e-01
    150000    40.00000000   7.2849300000e-01
    150000    42.00000000   7.2224700000e-01
    150000    44.00000000   7.1403600000e-01
    150000    46.00000000   7.0373600000e-01
    150000    48.00000000   6.9126000000e-01
    150000    50.00000000   6.7654900000e-01
    150000    52.00000000   6.5957000000e-01
    150000    54.00000000   6.4031600000e-01
    150000    56.00000000   6.1879900000e-01
    150000    58.00000000   5.9505500000e-01
    150000    60.00000000   5.6913500000e-01
    150000    62.00000000   5.4111200000e-01
    150000    64.00000000   5.1107200000e-01
    150000    66.00000000   4.7911700000e-01
    150000    68.00000000   4.4536400000e-01
    150000    70.00000000   4.0994500000e-01
    150000    72.00000000   3.7299900000e-01
    150000    74.00000000   3.3468200000e-01
    150000    76.00000000   2.9515500000e-01
    150000    78.00000000   2.5459300000e-01
    150000    80.00000000   2.1317400000e-01
    150000    82.00000000   1.7108800000e-01
    150000    84.00000000   1.2852700000e-01
    150000    86.00000000   8.5690000000e-02
    150000    88.00000000   4.2779000000e-02
    150000    90.00000000   0.0000000000e+00
    200000   -90.00000000  -0.0000000000e+00
    200000   -88.00000000  -4.2621000000e-02
    200000   -86.00000000  -8.5057000000e-02
    200000   -84.00000000  -1.2710300000e-01
    200000   -82.00000000  -1.6855200000e-01
    200000   -80.00000000  -2.0920500000e-01
    200000   -78.00000000  -2.4886400000e-01
    200000   -76.00000000  -2.8733700000e-01
    200000   -74.00000000  -3.2443700000e-01
    200000   -72.00000000  -3.5998400000e-01
    200000   -70.00000000  -3.9380900000e-01
    200000   -68.00000000  -4.2574600000e-01
    200000   -66.00000000  -4.5564300000e-01
    200000   -64.00000000  -4.8335700000e-01
    200000   -62.00000000  -5.0875500000e-01
    200000   -60.00000000  -5.3171700000e-01
    200000   -58.00000000  -5.5213300000e-01
    200000   -56.00000000  -5.6990800000e-01
    200000   -54.00000000  -5.8496100000e-01
    200000   -52.00000000  -5.9722100000e-01
    200000   -50.00000000  -6.0663500000e-01
    200000   -48.00000000  -6.1316400000e-01
    200000   -46.00000000  -6.1678200000e-01
    200000   -44.00000000  -6.1748000000e-01
    200000   -42.00000000  -6.1526400000e-01
    200000   -40.00000000  -6.1015600000e-01
    200000   -38.00000000  -6.0219300000e-01
    200000   -36.00000000  -5.9143000000e-01
    200000   -34.00000000  -5.7793700000e-01
    200000   -32.00000000  -5.6180300000e-01
    200000   -30.00000000  -5.4313300000e-01
    200000   -28.00000000  -5.2205300000e-01
    200000   -26.00000000  -4.9870900000e-01
    200000   -24.00000000  -4.7327400000e-01
    200000   -22.00000000  -4.4594700000e-01
    200000   -20.00000000  -4.1696700000e-01
    200000   -18.00000000  -3.8662300000e-01
    200000   -16.00000000  -3.5528500000e-01
    200000   -14.00000000  -3.2344400000e-01
    200000   -12.00000000  -3.0310300000e-01
    200000   -10.00000000  -2.6044600000e-01
    200000    -8.00000000  -2.2351700000e-01
    200000    -6.00000000  -1.8680400000e-01
    200000    -4.00000000  -1.0560000000e-01
    200000    -2.00000000   2.4300000000e-01
    200000     0.00000000   4.7990000000e-01
    200000     2.00000000   6.8720000000e-01
    200000     4.00000000   8.7177500000e-01
    200000     6.00000000   1.0672110000e+00
    200000     8.00000000   1.1790480000e+00
    200000    10.00000000   1.0446950000e+00
    200000    12.00000000   9.2354400000e-01
    200000    14.00000000   8.5768000000e-01
    200000    16.00000000   8.1548300000e-01
    200000    18.00000000   7.8844200000e-01
    200000    20.00000000   7.7138800000e-01
    200000    22.00000000   7.6098000000e-01
    200000    24.00000000   7.5494800000e-01
    200000    26.00000000   7.5168500000e-01
    200000    28.00000000   7.5001300000e-01
    200000    30.00000000   7.4904900000e-01
    200000    32.00000000   7.4811000000e-01
    200000    34.00000000   7.4666500000e-01
    200000    36.00000000   7.4429100000e-01
    200000    38.00000000   7.4065200000e-01
    200000    40.00000000   7.3548200000e-01
    200000    42.00000000   7.2856600000e-01
    200000    44.00000000   7.1973800000e-01
    200000    46.00000000   7.0887100000e-01
    200000    48.00000000   6.9587200000e-01
    200000    50.00000000   6.8067800000e-01
    200000    52.00000000   6.6325300000e-01
    200000    54.00000000   6.4358500000e-01
    200000    56.00000000   6.2168700000e-01
    200000    58.00000000   5.9759000000e-01
    200000    60.00000000   5.7134500000e-01
    200000    62.00000000   5.4302300000e-01
    200000    64.00000000   5.1270800000e-01
    200000    66.00000000   4.8050300000e-01
    200000    68.00000000   4.4652300000e-01
    200000    70.00000000   4.1089800000e-01
    200000    72.00000000   3.7376800000e-01
    200000    74.00000000   3.3528700000e-01
    200000    76.00000000   2.9561700000e-01
    200000    78.00000000   2.5493100000e-01
    200000    80.00000000   2.1340900000e-01
    200000    82.00000000   1.7123800000e-01
    200000    84.00000000   1.2861100000e-01
    200000    86.00000000   8.5727000000e-02
    200000    88.00000000   4.2788000000e-02
    200000    90.00000000   0.0000000000e+00
    250000   -90.00000000  -0.0000000000e+00
    250000   -88.00000000  -4.2645000000e-02
    250000   -86.00000000  -8.5155000000e-02
    250000   -84.00000000  -1.2732200000e-01
    250000   -82.00000000  -1.6894300000e-01
    250000   -80.00000000  -2.0981700000e-01
    250000   -78.00000000  -2.4974700000e-01
    250000   -76.00000000  -2.8854200000e-01
    250000   -74.00000000  -3.2601600000e-01
    250000   -72.00000000  -3.6199000000e-01
    250000   -70.00000000  -3.9629600000e-01
    250000   -68.00000000  -4.2877000000e-01
    250000   -66.00000000  -4.5926100000e-01
    250000   -64.00000000  -4.8762900000e-01
    250000   -62.00000000  -5.1374200000e-01
    250000   -60.00000000  -5.3748400000e-01
    250000   -58.00000000  -5.5874900000e-01
    250000   -56.00000000  -5.7744400000e-01
    250000   -54.00000000  -5.9349200000e-01
    250000   -52.00000000  -6.0683100000e-01
    250000   -50.00000000  -6.1741100000e-01
    250000   -48.00000000  -6.2520100000e-01
    250000   -46.00000000  -6.3018400000e-01
    250000   -44.00000000  -6.3236200000e-01
    250000   -42.00000000  -6.3175400000e-01
    250000   -40.00000000  -6.2839500000e-01
    250000   -38.00000000  -6.2234400000e-01
    250000   -36.00000000  -6.1367700000e-01
    250000   -34.00000000  -6.0249300000e-01
    250000   -32.00000000  -5.8891700000e-01
    250000   -30.00000000  -5.7310100000e-01
    250000   -28.00000000  -5.5522900000e-01
    250000   -26.00000000  -5.3552600000e-01
    250000   -24.00000000  -5.1426700000e-01
    250000   -22.00000000  -4.9179500000e-01
    250000   -20.00000000  -4.6854700000e-01
    250000   -18.00000000  -4.4510200000e-01
    250000   -16.00000000  -4.2239200000e-01
    250000   -14.00000000  -3.9214300000e-01
    250000   -12.00000000  -3.1484200000e-01
    250000   -10.00000000  -2.0444100000e-01
    250000    -8.00000000  -1.7092400000e-01
    250000    -6.00000000  -1.3740700000e-01
    250000    -4.00000000  -1.0389000000e-01
    250000    -2.00000000   2.6475000000e-01
    250000     0.00000000   4.8220000000e-01
    250000     2.00000000   6.8450000000e-01
    250000     4.00000000   8.7700000000e-01
    250000     6.00000000   1.0953480000e+00
    250000     8.00000000   1.1234610000e+00
    250000    10.00000000   9.6451500000e-01
    250000    12.00000000   8.6868600000e-01
    250000    14.00000000   8.1128800000e-01
    250000    16.00000000   7.7552100000e-01
    250000    18.00000000   7.5354900000e-01
    250000    20.00000000   7.4061100000e-01
    250000    22.00000000   7.3362300000e-01
    250000    24.00000000   7.3048800000e-01
    250000    26.00000000   7.2971700000e-01
    250000    28.00000000   7.3021800000e-01
    250000    30.00000000   7.3116800000e-01
    250000    32.00000000   7.3193200000e-01
    250000    34.00000000   7.3201300000e-01
    250000    36.00000000   7.3101700000e-01
    250000    38.00000000   7.2862900000e-01
    250000    40.00000000   7.2459900000e-01
    250000    42.00000000   7.1872700000e-01
    250000    44.00000000   7.1085800000e-01
    250000    46.00000000   7.0087400000e-01
    250000    48.00000000   6.8869000000e-01
    250000    50.00000000   6.7424800000e-01
    250000    52.00000000   6.5751900000e-01
    250000    54.00000000   6.3849400000e-01
    250000    56.00000000   6.1719000000e-01
    250000    58.00000000   5.9364200000e-01
    250000    60.00000000   5.6790400000e-01
    250000    62.00000000   5.4004700000e-01
    250000    64.00000000   5.1016000000e-01
    250000    66.00000000   4.7834400000e-01
    250000    68.00000000   4.4471900000e-01
    250000    70.00000000   4.0941400000e-01
    250000    72.00000000   3.7257100000e-01
    250000    74.00000000   3.3434500000e-01
    250000    76.00000000   2.9489800000e-01
    250000    78.00000000   2.5440400000e-01
    250000    80.00000000   2.1304400000e-01
    250000    82.00000000   1.7100400000e-01
    250000    84.00000000   1.2848000000e-01
    250000    86.00000000   8.5669000000e-02
    250000    88.00000000   4.2774000000e-02
    250000    90.00000000   0.0000000000e+00
     50000   -90.00000000  -0.0000000000e+00
     50000   -88.00000000  -4.2638000000e-02
     50000   -86.00000000  -8.5127000000e-02
     50000   -84.00000000  -1.2725900000e-01
     50000   -82.00000000  -1.6883000000e-01
     50000   -80.00000000  -2.0964000000e-01
     50000   -78.00000000  -2.4949100000e-01
     50000   -76.00000000  -2.8819200000e-01
     50000   -74.00000000  -3.2555800000e-01
     50000   -72.00000000  -3.6140800000e-01
     50000   -70.00000000  -3.9557400000e-01
     50000   -68.00000000  -4.2789300000e-01
     50000   -66.00000000  -4.5821200000e-01
     50000   -64.00000000  -4.8639000000e-01
     50000   -62.00000000  -5.1229600000e-01
     50000   -60.00000000  -5.3581100000e-01
     50000   -58.00000000  -5.5683000000e-01
     50000   -56.00000000  -5.7525800000e-01
     50000   -54.00000000  -5.9101800000e-01
     50000   -52.00000000  -6.0404300000e-01
     50000   -50.00000000  -6.1428500000e-01
     50000   -48.00000000  -6.2170900000e-01
     50000   -46.00000000  -6.2629700000e-01
     50000   -44.00000000  -6.2804500000e-01
     50000   -42.00000000  -6.2697100000e-01
     50000   -40.00000000  -6.2310500000e-01
     50000   -38.00000000  -6.1649900000e-01
     50000   -36.00000000  -6.0722400000e-01
     50000   -34.00000000  -5.9537000000e-01
     50000   -32.00000000  -5.8105200000e-01
     50000   -30.00000000  -5.6440800000e-01
     50000   -28.00000000  -5.4560600000e-01
     50000   -26.00000000  -5.2484700000e-01
     50000   -24.00000000  -5.0237700000e-01
     50000   -22.00000000  -4.7849600000e-01
     50000   -20.00000000  -4.5358600000e-01
     50000   -18.00000000  -4.2813900000e-01
     50000   -16.00000000  -4.0283300000e-01
     50000   -14.00000000  -3.7864200000e-01
     50000   -12.00000000  -3.5708700000e-01
     50000   -10.00000000  -3.4076900000e-01
     50000    -8.00000000  -3.3435700000e-01
     50000    -6.00000000  -3.5753600000e-01
     50000    -4.00000000  -2.7511400000e-01
     50000    -2.00000000   3.0700000000e-02
     50000     0.00000000   2.0080000000e-01
     50000     2.00000000   4.8300000000e-01
     50000     4.00000000   7.5000000000e-01
     50000     6.00000000   9.7930000000e-01
     50000     8.00000000   1.1409650000e+00
     50000    10.00000000   1.1633720000e+00
     50000    12.00000000   1.0494570000e+00
     50000    14.00000000   9.6550500000e-01
     50000    16.00000000   9.0836600000e-01
     50000    18.00000000   8.6954200000e-01
     50000    20.00000000   8.4292100000e-01
     50000    22.00000000   8.2456400000e-01
     50000    24.00000000   8.1179900000e-01
     50000    26.00000000   8.0274300000e-01
     50000    28.00000000   7.9602300000e-01
     50000    30.00000000   7.9060900000e-01
     50000    32.00000000   7.8571300000e-01
     50000    34.00000000   7.8071900000e-01
     50000    36.00000000   7.7514300000e-01
     50000    38.00000000   7.6859800000e-01
     50000    40.00000000   7.6077600000e-01
     50000    42.00000000   7.5143400000e-01
     50000    44.00000000   7.4037700000e-01
     50000    46.00000000   7.2745800000e-01
     50000    48.00000000   7.1256500000e-01
     50000    50.00000000   6.9562200000e-01
     50000    52.00000000   6.7658000000e-01
     50000    54.00000000   6.5541700000e-01
     50000    56.00000000   6.3213700000e-01
     50000    58.00000000   6.0676400000e-01
     50000    60.00000000   5.7934400000e-01
     50000    62.00000000   5.4993900000e-01
     50000    64.00000000   5.1863200000e-01
     50000    66.00000000   4.8552100000e-01
     50000    68.00000000   4.5071700000e-01
     50000    70.00000000   4.1434700000e-01
     50000    72.00000000   3.7655000000e-01
     50000    74.00000000   3.3747700000e-01
     50000    76.00000000   2.9728800000e-01
     50000    78.00000000   2.5615500000e-01
     50000    80.00000000   2.1425700000e-01
     50000    82.00000000   1.7178000000e-01
     50000    84.00000000   1.2891500000e-01
     50000    86.00000000   8.5862000000e-02
     50000    88.00000000   4.2822000000e-02
     50000    90.00000000   0.0000000000e+00
    100000   -90.00000000  -0.0000000000e+00
    100000   -88.00000000  -4.2637000000e-02
    100000   -86.00000000  -8.5120000000e-02
    100000   -84.00000000  -1.2724300000e-01
    100000   -82.00000000  -1.6880200000e-01
    100000   -80.00000000  -2.0959700000e-01
    100000   -78.00000000  -2.4942900000e-01
    100000   -76.00000000  -2.8810700000e-01
    100000   -74.00000000  -3.2544600000e-01
    100000   -72.00000000  -3.6126700000e-01
    100000   -70.00000000  -3.9539800000e-01
    100000   -68.00000000  -4.2767900000e-01
    100000   -66.00000000  -4.5795600000e-01
    100000   -64.00000000  -4.8608800000e-01
    100000   -62.00000000  -5.1194300000e-01
    100000   -60.00000000  -5.3540400000e-01
    100000   -58.00000000  -5.5636200000e-01
    100000   -56.00000000  -5.7472600000e-01
    100000   -54.00000000  -5.9041500000e-01
    100000   -52.00000000  -6.0336400000e-01
    100000   -50.00000000  -6.1352400000e-01
    100000   -48.00000000  -6.2085900000e-01
    100000   -46.00000000  -6.2535000000e-01
    100000   -44.00000000  -6.2699400000e-01
    100000   -42.00000000  -6.2580500000e-01
    100000   -40.00000000  -6.2181600000e-01
    100000   -38.00000000  -6.1507500000e-01
    100000   -36.00000000  -6.0565200000e-01
    100000   -34.00000000  -5.9363500000e-01
    100000   -32.00000000  -5.7913600000e-01
    100000   -30.00000000  -5.6229000000e-01
    100000   -28.00000000  -5.4326100000e-01
    100000   -26.00000000  -5.2224500000e-01
    100000   -24.00000000  -4.9948000000e-01
    100000   -22.00000000  -4.7525600000e-01
    100000   -20.00000000  -4.4994100000e-01
    100000   -18.00000000  -4.2400700000e-01
    100000   -16.00000000  -3.9810000000e-01
    100000   -14.00000000  -3.7314700000e-01
    100000   -12.00000000  -3.5059000000e-01
    100000   -10.00000000  -3.3288400000e-01
    100000    -8.00000000  -3.2590500000e-01
    100000    -6.00000000  -3.3930500000e-01
    100000    -4.00000000  -2.4480700000e-01
    100000    -2.00000000   7.7900000000e-02
    100000     0.00000000   4.0080000000e-01
    100000     2.00000000   6.7550000000e-01
    100000     4.00000000   9.0160000000e-01
    100000     6.00000000   1.0777960000e+00
    100000     8.00000000   1.1528000000e+00
    100000    10.00000000   9.9727200000e-01
    100000    12.00000000   8.9138000000e-01
    100000    14.00000000   8.3048000000e-01
    100000    16.00000000   7.9205300000e-01
    100000    18.00000000   7.6798400000e-01
    100000    20.00000000   7.5334300000e-01
    100000    22.00000000   7.4494000000e-01
    100000    24.00000000   7.4060700000e-01
    100000    26.00000000   7.3880500000e-01
    100000    28.00000000   7.3840700000e-01
    100000    30.00000000   7.3856500000e-01
    100000    32.00000000   7.3862500000e-01
    100000    34.00000000   7.3807400000e-01
    100000    36.00000000   7.3650800000e-01
    100000    38.00000000   7.3360300000e-01
    100000    40.00000000   7.2910100000e-01
    100000    42.00000000   7.2279700000e-01
    100000    44.00000000   7.1453200000e-01
    100000    46.00000000   7.0418300000e-01
    100000    48.00000000   6.9166100000e-01
    100000    50.00000000   6.7690800000e-01
    100000    52.00000000   6.5989100000e-01
    100000    54.00000000   6.4060000000e-01
    100000    56.00000000   6.1905100000e-01
    100000    58.00000000   5.9527500000e-01
    100000    60.00000000   5.6932800000e-01
    100000    62.00000000   5.4127800000e-01
    100000    64.00000000   5.1121400000e-01
    100000    66.00000000   4.7923700000e-01
    100000    68.00000000   4.4546500000e-01
    100000    70.00000000   4.1002700000e-01
    100000    72.00000000   3.7306600000e-01
    100000    74.00000000   3.3473400000e-01
    100000    76.00000000   2.9519500000e-01
    100000    78.00000000   2.5462200000e-01
    100000    80.00000000   2.1319500000e-01
    100000    82.00000000   1.7110100000e-01
    100000    84.00000000   1.2853400000e-01
    100000    86.00000000   8.5693000000e-02
    100000    88.00000000   4.2780000000e-02
    100000    90.00000000   0.0000000000e+00
    150000   -90.00000000  -0.0000000000e+00
    150000   -88.00000000  -4.2653000000e-02
    150000   -86.00000000  -8.5186000000e-02
    150000   -84.00000000  -1.2739300000e-01
    150000   -82.00000000  -1.6906900000e-01
    150000   -80.00000000  -2.1001400000e-01
    150000   -78.00000000  -2.5003100000e-01
    150000   -76.00000000  -2.8892900000e-01
    150000   -74.00000000  -3.2652300000e-01
    150000   -72.00000000  -3.6263500000e-01
    150000   -70.00000000  -3.9709500000e-01
    150000   -68.00000000  -4.2974200000e-01
    150000   -66.00000000  -4.6042500000e-01
    150000   -64.00000000  -4.8900200000e-01
    150000   -62.00000000  -5.1534600000e-01
    150000   -60.00000000  -5.3933800000e-01
    150000   -58.00000000  -5.6087500000e-01
    150000   -56.00000000  -5.7986700000e-01
    150000   -54.00000000  -5.9623500000e-01
    150000   -52.00000000  -6.0992000000e-01
    150000   -50.00000000  -6.2087500000e-01
    150000   -48.00000000  -6.2907100000e-01
    150000   -46.00000000  -6.3449300000e-01
    150000   -44.00000000  -6.3714700000e-01
    150000   -42.00000000  -6.3705500000e-01
    150000   -40.00000000  -6.3425900000e-01
    150000   -38.00000000  -6.2882200000e-01
    150000   -36.00000000  -6.2082900000e-01
    150000   -34.00000000  -6.1038700000e-01
    150000   -32.00000000  -5.9763400000e-01
    150000   -30.00000000  -5.8273500000e-01
    150000   -28.00000000  -5.6589500000e-01
    150000   -26.00000000  -5.4736300000e-01
    150000   -24.00000000  -5.2744700000e-01
    150000   -22.00000000  -5.0653600000e-01
    150000   -20.00000000  -4.8513100000e-01
    150000   -18.00000000  -4.6390300000e-01
    150000   -16.00000000  -4.4379200000e-01
    150000   -14.00000000  -4.2946100000e-01
    150000   -12.00000000  -4.1256300000e-01
    150000   -10.00000000  -3.1947500000e-01
    150000    -8.00000000  -2.7981600000e-01
    150000    -6.00000000  -2.5146400000e-01
    150000    -4.00000000  -1.8045000000e-01
    150000    -2.00000000   1.9160000000e-01
    150000     0.00000000   4.6670000000e-01
    150000     2.00000000   6.8780000000e-01
    150000     4.00000000   8.9716700000e-01
    150000     6.00000000   1.0805300000e+00
    150000     8.00000000   1.1818220000e+00
    150000    10.00000000   1.0503140000e+00
    150000    12.00000000   9.2806100000e-01
    150000    14.00000000   8.6150000000e-01
    150000    16.00000000   8.1877400000e-01
    150000    18.00000000   7.9131500000e-01
    150000    20.00000000   7.7392200000e-01
    150000    22.00000000   7.6323300000e-01
    150000    24.00000000   7.5696200000e-01
    150000    26.00000000   7.5349300000e-01
    150000    28.00000000   7.5164300000e-01
    150000    30.00000000   7.5052100000e-01
    150000    32.00000000   7.4944200000e-01
    150000    34.00000000   7.4787100000e-01
    150000    36.00000000   7.4538400000e-01
    150000    38.00000000   7.4164200000e-01
    150000    40.00000000   7.3637800000e-01
    150000    42.00000000   7.2937600000e-01
    150000    44.00000000   7.2046900000e-01
    150000    46.00000000   7.0953000000e-01
    150000    48.00000000   6.9646300000e-01
    150000    50.00000000   6.8120700000e-01
    150000    52.00000000   6.6372500000e-01
    150000    54.00000000   6.4400400000e-01
    150000    56.00000000   6.2205700000e-01
    150000    58.00000000   5.9791500000e-01
    150000    60.00000000   5.7162900000e-01
    150000    62.00000000   5.4326800000e-01
    150000    64.00000000   5.1291800000e-01
    150000    66.00000000   4.8068100000e-01
    150000    68.00000000   4.4667200000e-01
    150000    70.00000000   4.1102000000e-01
    150000    72.00000000   3.7386600000e-01
    150000    74.00000000   3.3536400000e-01
    150000    76.00000000   2.9567600000e-01
    150000    78.00000000   2.5497400000e-01
    150000    80.00000000   2.1343900000e-01
    150000    82.00000000   1.7125700000e-01
    150000    84.00000000   1.2862200000e-01
    150000    86.00000000   8.5732000000e-02
    150000    88.00000000   4.2789000000e-02
    150000    90.00000000   0.0000000000e+00
    200000   -90.00000000  -0.0000000000e+00
    200000   -88.00000000  -4.2650000000e-02
    200000   -86.00000000  -8.5174000000e-02
    200000   -84.00000000  -1.2736500000e-01
    200000   -82.00000000  -1.6901900000e-01
    200000   -80.00000000  -2.0993600000e-01
    200000   -78.00000000  -2.4991900000e-01
    200000   -76.00000000  -2.8877600000e-01
    200000   -74.00000000  -3.2632200000e-01
    200000   -72.00000000  -3.6238000000e-01
    200000   -70.00000000  -3.9677800000e-01
    200000   -68.00000000  -4.2935700000e-01
    200000   -66.00000000  -4.5996300000e-01
    200000   -64.00000000  -4.8845800000e-01
    200000   -62.00000000  -5.1471000000e-01
    200000   -60.00000000  -5.3860300000e-01
    200000   -58.00000000  -5.6003200000e-01
    200000   -56.00000000  -5.7890600000e-01
    200000   -54.00000000  -5.9514800000e-01
    200000   -52.00000000  -6.0869500000e-01
    200000   -50.00000000  -6.1950200000e-01
    200000   -48.00000000  -6.2753600000e-01
    200000   -46.00000000  -6.3278500000e-01
    200000   -44.00000000  -6.3525000000e-01
    200000   -42.00000000  -6.3495300000e-01
    200000   -40.00000000  -6.3193400000e-01
    200000   -38.00000000  -6.2625400000e-01
    200000   -36.00000000  -6.1799300000e-01
    200000   -34.00000000  -6.0725700000e-01
    200000   -32.00000000  -5.9417800000e-01
    200000   -30.00000000  -5.7891500000e-01
    200000   -28.00000000  -5.6166600000e-01
    200000   -26.00000000  -5.4266900000e-01
    200000   -24.00000000  -5.2222100000e-01
    200000   -22.00000000  -5.0069100000e-01
    200000   -20.00000000  -4.7855500000e-01
    200000   -18.00000000  -4.5644800000e-01
    200000   -16.00000000  -4.3617800000e-01
    200000   -14.00000000  -4.2712000000e-01
    200000   -12.00000000  -3.7881800000e-01
    200000   -10.00000000  -2.6699200000e-01
    200000    -8.00000000  -2.3850000000e-01
    200000    -6.00000000  -2.1000800000e-01
    200000    -4.00000000  -1.1255000000e-01
    200000    -2.00000000   2.4290000000e-01
    200000     0.00000000   4.8000000000e-01
    200000     2.00000000   6.8720000000e-01
    200000     4.00000000   8.8766900000e-01
    200000     6.00000000   1.0935700000e+00
    200000     8.00000000   9.7692600000e-01
    200000    10.00000000   8.4098300000e-01
    200000    12.00000000   7.6923500000e-01
    200000    14.00000000   7.2718400000e-01
    200000    16.00000000   7.0307200000e-01
    200000    18.00000000   6.9029200000e-01
    200000    20.00000000   6.8481500000e-01
    200000    22.00000000   6.8402800000e-01
    200000    24.00000000   6.8614500000e-01
    200000    26.00000000   6.8989200000e-01
    200000    28.00000000   6.9433000000e-01
    200000    30.00000000   6.9875100000e-01
    200000    32.00000000   7.0260200000e-01
    200000    34.00000000   7.0545000000e-01
    200000    36.00000000   7.0695200000e-01
    200000    38.00000000   7.0683200000e-01
    200000    40.00000000   7.0486900000e-01
    200000    42.00000000   7.0089000000e-01
    200000    44.00000000   6.9476000000e-01
    200000    46.00000000   6.8637700000e-01
    200000    48.00000000   6.7566900000e-01
    200000    50.00000000   6.6259200000e-01
    200000    52.00000000   6.4712300000e-01
    200000    54.00000000   6.2926500000e-01
    200000    56.00000000   6.0903900000e-01
    200000    58.00000000   5.8648600000e-01
    200000    60.00000000   5.6166500000e-01
    200000    62.00000000   5.3465300000e-01
    200000    64.00000000   5.0553900000e-01
    200000    66.00000000   4.7443100000e-01
    200000    68.00000000   4.4144800000e-01
    200000    70.00000000   4.0672300000e-01
    200000    72.00000000   3.7040100000e-01
    200000    74.00000000   3.3263600000e-01
    200000    76.00000000   2.9359400000e-01
    200000    78.00000000   2.5344900000e-01
    200000    80.00000000   2.1238200000e-01
    200000    82.00000000   1.7058200000e-01
    200000    84.00000000   1.2824200000e-01
    200000    86.00000000   8.5563000000e-02
    200000    88.00000000   4.2747000000e-02
    200000    90.00000000   0.0000000000e+00
    250000   -90.00000000  -0.0000000000e+00
    250000   -88.00000000  -4.2631000000e-02
    250000   -86.00000000  -8.5098000000e-02
    250000   -84.00000000  -1.2719300000e-01
    250000   -82.00000000  -1.6871400000e-01
    250000   -80.00000000  -2.0945800000e-01
    250000   -78.00000000  -2.4922900000e-01
    250000   -76.00000000  -2.8783400000e-01
    250000   -74.00000000  -3.2508900000e-01
    250000   -72.00000000  -3.6081300000e-01
    250000   -70.00000000  -3.9483600000e-01
    250000   -68.00000000  -4.2699500000e-01
    250000   -66.00000000  -4.5713800000e-01
    250000   -64.00000000  -4.8512100000e-01
    250000   -62.00000000  -5.1081500000e-01
    250000   -60.00000000  -5.3409800000e-01
    250000   -58.00000000  -5.5486500000e-01
    250000   -56.00000000  -5.7302000000e-01
    250000   -54.00000000  -5.8848400000e-01
    250000   -52.00000000  -6.0119000000e-01
    250000   -50.00000000  -6.1108500000e-01
    250000   -48.00000000  -6.1813500000e-01
    250000   -46.00000000  -6.2231700000e-01
    250000   -44.00000000  -6.2362600000e-01
    250000   -42.00000000  -6.2207400000e-01
    250000   -40.00000000  -6.1768800000e-01
    250000   -38.00000000  -6.1051500000e-01
    250000   -36.00000000  -6.0061700000e-01
    250000   -34.00000000  -5.8807800000e-01
    250000   -32.00000000  -5.7300000000e-01
    250000   -30.00000000  -5.5550800000e-01
    250000   -28.00000000  -5.3575300000e-01
    250000   -26.00000000  -5.1391300000e-01
    250000   -24.00000000  -4.9020300000e-01
    250000   -22.00000000  -4.6488100000e-01
    250000   -20.00000000  -4.3826800000e-01
    250000   -18.00000000  -4.1077300000e-01
    250000   -16.00000000  -3.8294300000e-01
    250000   -14.00000000  -3.5555200000e-01
    250000   -12.00000000  -3.2978400000e-01
    250000   -10.00000000  -3.0795000000e-01
    250000    -8.00000000  -2.9471300000e-01
    250000    -6.00000000  -2.5635000000e-01
    250000    -4.00000000  -3.3200000000e-02
    250000    -2.00000000   2.6640000000e-01
    250000     0.00000000   4.8220000000e-01
    250000     2.00000000   6.8450000000e-01
    250000     4.00000000   8.9551200000e-01
    250000     6.00000000   1.1066450000e+00
    250000     8.00000000   9.9189000000e-01
    250000    10.00000000   8.5513800000e-01
    250000    12.00000000   7.8089700000e-01
    250000    14.00000000   7.3704700000e-01
    250000    16.00000000   7.1156800000e-01
    250000    18.00000000   6.9770900000e-01
    250000    20.00000000   6.9135800000e-01
    250000    22.00000000   6.8984400000e-01
    250000    24.00000000   6.9134500000e-01
    250000    26.00000000   6.9456200000e-01
    250000    28.00000000   6.9853900000e-01
    250000    30.00000000   7.0255200000e-01
    250000    32.00000000   7.0604100000e-01
    250000    34.00000000   7.0856500000e-01
    250000    36.00000000   7.0977400000e-01
    250000    38.00000000   7.0938800000e-01
    250000    40.00000000   7.0718300000e-01
    250000    42.00000000   7.0298200000e-01
    250000    44.00000000   6.9664800000e-01
    250000    46.00000000   6.8807700000e-01
    250000    48.00000000   6.7719600000e-01
    250000    50.00000000   6.6395900000e-01
    250000    52.00000000   6.4834200000e-01
    250000    54.00000000   6.3034700000e-01
    250000    56.00000000   6.0999500000e-01
    250000    58.00000000   5.8732500000e-01
    250000    60.00000000   5.6239700000e-01
    250000    62.00000000   5.3528500000e-01
    250000    64.00000000   5.0608100000e-01
    250000    66.00000000   4.7489000000e-01
    250000    68.00000000   4.4183200000e-01
    250000    70.00000000   4.0703900000e-01
    250000    72.00000000   3.7065500000e-01
    250000    74.00000000   3.3283700000e-01
    250000    76.00000000   2.9374700000e-01
    250000    78.00000000   2.5356100000e-01
    250000    80.00000000   2.1246000000e-01
    250000    82.00000000   1.7063100000e-01
    250000    84.00000000   1.2827000000e-01
    250000    86.00000000   8.5576000000e-02
    250000    88.00000000   4.2751000000e-02
    250000    90.00000000   0.0000000000e+00
     50000   -90.00000000  -0.0000000000e+00
     50000   -88.00000000  -4.2638000000e-02
     50000   -86.00000000  -8.5127000000e-02
     50000   -84.00000000  -1.2725900000e-01
     50000   -82.00000000  -1.6883000000e-01
     50000   -80.00000000  -2.0964000000e-01
     50000   -78.00000000  -2.4949100000e-01
     50000   -76.00000000  -2.8819200000e-01
     50000   -74.00000000  -3.2555800000e-01
     50000   -72.00000000  -3.6140800000e-01
     50000   -70.00000000  -3.9557400000e-01
     50000   -68.00000000  -4.2789300000e-01
     50000   -66.00000000  -4.5821200000e-01
     50000   -64.00000000  -4.8639000000e-01
     50000   -62.00000000  -5.1229600000e-01
     50000   -60.00000000  -5.3581100000e-01
     50000   -58.00000000  -5.5683000000e-01
     50000   -56.00000000  -5.7525800000e-01
     50000   -54.00000000  -5.9101800000e-01
     50000   -52.00000000  -6.0404300000e-01
     50000   -50.00000000  -6.1428500000e-01
     50000   -48.00000000  -6.2170900000e-01
     50000   -46.00000000  -6.2629700000e-01
     50000   -44.00000000  -6.2804500000e-01
     50000   -42.00000000  -6.2697100000e-01
     50000   -40.00000000  -6.2310500000e-01
     50000   -38.00000000  -6.1649900000e-01
     50000   -36.00000000  -6.0722400000e-01
     50000   -34.00000000  -5.9537000000e-01
     50000   -32.00000000  -5.8105200000e-01
     50000   -30.00000000  -5.6440800000e-01
     50000   -28.00000000  -5.4560600000e-01
     50000   -26.00000000  -5.2484700000e-01
     50000   -24.00000000  -5.0237700000e-01
     50000   -22.00000000  -4.7849600000e-01
     50000   -20.00000000  -4.5358600000e-01
     50000   -18.00000000  -4.2813900000e-01
     50000   -16.00000000  -4.0283300000e-01
     50000   -14.00000000  -3.7864200000e-01
     50000   -12.00000000  -3.5708700000e-01
     50000   -10.00000000  -3.4076900000e-01
     50000    -8.00000000  -3.3435700000e-01
     50000    -6.00000000  -3.5753600000e-01
     50000    -4.00000000  -2.7511400000e-01
     50000    -2.00000000   3.0700000000e-02
     50000     0.00000000   2.0080000000e-01
     50000     2.00000000   4.8300000000e-01
     50000     4.00000000   7.5000000000e-01
     50000     6.00000000   9.7930000000e-01
     50000     8.00000000   1.1409650000e+00
     50000    10.00000000   1.1633720000e+00
     50000    12.00000000   1.0494570000e+00
     50000    14.00000000   9.6550500000e-01
     50000    16.00000000   9.0836600000e-01
     50000    18.00000000   8.6954200000e-01
     50000    20.00000000   8.4292100000e-01
     50000    22.00000000   8.2456400000e-01
     50000    24.00000000   8.1179900000e-01
     50000    26.00000000   8.0274300000e-01
     50000    28.00000000   7.9602300000e-01
     50000    30.00000000   7.9060900000e-01
     50000    32.00000000   7.8571300000e-01
     50000    34.00000000   7.8071900000e-01
     50000    36.00000000   7.7514300000e-01
     50000    38.00000000   7.6859800000e-01
     50000    40.00000000   7.6077600000e-01
     50000    42.00000000   7.5143400000e-01
     50000    44.00000000   7.4037700000e-01
     50000    46.00000000   7.2745800000e-01
     50000    48.00000000   7.1256500000e-01
     50000    50.00000000   6.9562200000e-01
     50000    52.00000000   6.7658000000e-01
     50000    54.00000000   6.5541700000e-01
     50000    56.00000000   6.3213700000e-01
     50000    58.00000000   6.0676400000e-01
     50000    60.00000000   5.7934400000e-01
     50000    62.00000000   5.4993900000e-01
     50000    64.00000000   5.1863200000e-01
     50000    66.00000000   4.8552100000e-01
     50000    68.00000000   4.5071700000e-01
     50000    70.00000000   4.1434700000e-01
     50000    72.00000000   3.7655000000e-01
     50000    74.00000000   3.3747700000e-01
     50000    76.00000000   2.9728800000e-01
     50000    78.00000000   2.5615500000e-01
     50000    80.00000000   2.1425700000e-01
     50000    82.00000000   1.7178000000e-01
     50000    84.00000000   1.2891500000e-01
     50000    86.00000000   8.5862000000e-02
     50000    88.00000000   4.2822000000e-02
     50000    90.00000000   0.0000000000e+00
    100000   -90.00000000  -0.0000000000e+00
    100000   -88.00000000  -4.2637000000e-02
    100000   -86.00000000  -8.5120000000e-02
    100000   -84.00000000  -1.2724300000e-01
    100000   -82.00000000  -1.6880200000e-01
    100000   -80.00000000  -2.0959700000e-01
    100000   -78.00000000  -2.4942900000e-01
    100000   -76.00000000  -2.8810700000e-01
    100000   -74.00000000  -3.2544600000e-01
    100000   -72.00000000  -3.6126700000e-01
    100000   -70.00000000  -3.9539800000e-01
    100000   -68.00000000  -4.2767900000e-01
    100000   -66.00000000  -4.5795600000e-01
    100000   -64.00000000  -4.8608800000e-01
    100000   -62.00000000  -5.1194300000e-01
    100000   -60.00000000  -5.3540400000e-01
    100000   -58.00000000  -5.5636200000e-01
    100000   -56.00000000  -5.7472600000e-01
    100000   -54.00000000  -5.9041500000e-01
    100000   -52.00000000  -6.0336400000e-01
    100000   -50.00000000  -6.1352400000e-01
    100000   -48.00000000  -6.2085900000e-01
    100000   -46.00000000  -6.2535000000e-01
    100000   -44.00000000  -6.2699400000e-01
    100000   -42.00000000  -6.2580500000e-01
    100000   -40.00000000  -6.2181600000e-01
    100000   -38.00000000  -6.1507500000e-01
    100000   -36.00000000  -6.0565200000e-01
    100000   -34.00000000  -5.9363500000e-01
    100000   -32.00000000  -5.7913600000e-01
    100000   -30.00000000  -5.6229000000e-01
    100000   -28.00000000  -5.4326100000e-01
    100000   -26.00000000  -5.2224500000e-01
    100000   -24.00000000  -4.9948000000e-01
    100000   -22.00000000  -4.7525600000e-01
    100000   -20.00000000  -4.4994100000e-01
    100000   -18.00000000  -4.2400700000e-01
    100000   -16.00000000  -3.9810000000e-01
    100000   -14.00000000  -3.7314700000e-01
    100000   -12.00000000  -3.5059000000e-01
    100000   -10.00000000  -3.3288400000e-01
    100000    -8.00000000  -3.2590500000e-01
    100000    -6.00000000  -3.3930500000e-01
    100000    -4.00000000  -2.4480700000e-01
    100000    -2.00000000   7.7900000000e-02
    100000     0.00000000   4.0080000000e-01
    100000     2.00000000   6.7550000000e-01
    100000     4.00000000   9.0160000000e-01
    100000     6.00000000   1.0777960000e+00
    100000     8.00000000   1.1528000000e+00
    100000    10.00000000   9.9727200000e-01
    100000    12.00000000   8.9138000000e-01
    100000    14.00000000   8.3048000000e-01
    100000    16.00000000   7.9205300000e-01
    100000    18.00000000   7.6798400000e-01
    100000    20.00000000   7.5334300000e-01
    100000    22.00000000   7.4494000000e-01
    100000    24.00000000   7.4060700000e-01
    100000    26.00000000   7.3880500000e-01
    100000    28.00000000   7.3840700000e-01
    100000    30.00000000   7.3856500000e-01
    100000    32.00000000   7.3862500000e-01
    100000    34.00000000   7.3807400000e-01
    100000    36.00000000   7.3650800000e-01
    100000    38.00000000   7.3360300000e-01
    100000    40.00000000   7.2910100000e-01
    100000    42.00000000   7.2279700000e-01
    100000    44.00000000   7.1453200000e-01
    100000    46.00000000   7.0418300000e-01
    100000    48.00000000   6.9166100000e-01
    100000    50.00000000   6.7690800000e-01
    100000    52.00000000   6.5989100000e-01
    100000    54.00000000   6.4060000000e-01
    100000    56.00000000   6.1905100000e-01
    100000    58.00000000   5.9527500000e-01
    100000    60.00000000   5.6932800000e-01
    100000    62.00000000   5.4127800000e-01
    100000    64.00000000   5.1121400000e-01
    100000    66.00000000   4.7923700000e-01
    100000    68.00000000   4.4546500000e-01
    100000    70.00000000   4.1002700000e-01
    100000    72.00000000   3.7306600000e-01
    100000    74.00000000   3.3473400000e-01
    100000    76.00000000   2.9519500000e-01
    100000    78.00000000   2.5462200000e-01
    100000    80.00000000   2.1319500000e-01
    100000    82.00000000   1.7110100000e-01
    100000    84.00000000   1.2853400000e-01
    100000    86.00000000   8.5693000000e-02
    100000    88.00000000   4.2780000000e-02
    100000    90.00000000   0.0000000000e+00
    150000   -90.00000000  -0.0000000000e+00
    150000   -88.00000000  -4.2653000000e-02
    150000   -86.00000000  -8.5186000000e-02
    150000   -84.00000000  -1.2739300000e-01
    150000   -82.00000000  -1.6906900000e-01
    150000   -80.00000000  -2.1001400000e-01
    150000   -78.00000000  -2.5003100000e-01
    150000   -76.00000000  -2.8892900000e-01
    150000   -74.00000000  -3.2652300000e-01
    150000   -72.00000000  -3.6263500000e-01
    150000   -70.00000000  -3.9709500000e-01
    150000   -68.00000000  -4.2974200000e-01
    150000   -66.00000000  -4.6042500000e-01
    150000   -64.00000000  -4.8900200000e-01
    150000   -62.00000000  -5.1534600000e-01
    150000   -60.00000000  -5.3933800000e-01
    150000   -58.00000000  -5.6087500000e-01
    150000   -56.00000000  -5.7986700000e-01
    150000   -54.00000000  -5.9623500000e-01
    150000   -52.00000000  -6.0992000000e-01
    150000   -50.00000000  -6.2087500000e-01
    150000   -48.00000000  -6.2907100000e-01
    150000   -46.00000000  -6.3449300000e-01
    150000   -44.00000000  -6.3714700000e-01
    150000   -42.00000000  -6.3705500000e-01
    150000   -40.00000000  -6.3425900000e-01
    150000   -38.00000000  -6.2882200000e-01
    150000   -36.00000000  -6.2082900000e-01
    150000   -34.00000000  -6.1038700000e-01
    150000   -32.00000000  -5.9763400000e-01
    150000   -30.00000000  -5.8273500000e-01
    150000   -28.00000000  -5.6589500000e-01
    150000   -26.00000000  -5.4736300000e-01
    150000   -24.00000000  -5.2744700000e-01
    150000   -22.00000000  -5.0653600000e-01
    150000   -20.00000000  -4.8513100000e-01
    150000   -18.00000000  -4.6390300000e-01
    150000   -16.00000000  -4.4379200000e-01
    150000   -14.00000000  -4.2946100000e-01
    150000   -12.00000000  -4.1256300000e-01
    150000   -10.00000000  -3.1947500000e-01
    150000    -8.00000000  -2.7981600000e-01
    150000    -6.00000000  -2.5146400000e-01
    150000    -4.00000000  -1.8045000000e-01
    150000    -2.00000000   1.9160000000e-01
    150000     0.00000000   4.6670000000e-01
    150000     2.00000000   6.8780000000e-01
    150000     4.00000000   8.9716700000e-01
    150000     6.00000000   1.0805300000e+00
    150000     8.00000000   1.1818220000e+00
    150000    10.00000000   1.0503140000e+00
    150000    12.00000000   9.2806100000e-01
    150000    14.00000000   8.6150000000e-01
    150000    16.00000000   8.1877400000e-01
    150000    18.00000000   7.9131500000e-01
    150000    20.00000000   7.7392200000e-01
    150000    22.00000000   7.6323300000e-01
    150000    24.00000000   7.5696200000e-01
    150000    26.00000000   7.5349300000e-01
    150000    28.00000000   7.5164300000e-01
    150000    30.00000000   7.5052100000e-01
    150000    32.00000000   7.4944200000e-01
    150000    34.00000000   7.4787100000e-01
    150000    36.00000000   7.4538400000e-01
    150000    38.00000000   7.4164200000e-01
    150000    40.00000000   7.3637800000e-01
    150000    42.00000000   7.2937600000e-01
    150000    44.00000000   7.2046900000e-01
    150000    46.00000000   7.0953000000e-01
    150000    48.00000000   6.9646300000e-01
    150000    50.00000000   6.8120700000e-01
    150000    52.00000000   6.6372500000e-01
    150000    54.00000000   6.4400400000e-01
    150000    56.00000000   6.2205700000e-01
    150000    58.00000000   5.9791500000e-01
    150000    60.00000000   5.7162900000e-01
    150000    62.00000000   5.4326800000e-01
    150000    64.00000000   5.1291800000e-01
    150000    66.00000000   4.8068100000e-01
    150000    68.00000000   4.4667200000e-01
    150000    70.00000000   4.1102000000e-01
    150000    72.00000000   3.7386600000e-01
    150000    74.00000000   3.3536400000e-01
    150000    76.00000000   2.9567600000e-01
    150000    78.00000000   2.5497400000e-01
    150000    80.00000000   2.1343900000e-01
    150000    82.00000000   1.7125700000e-01
    150000    84.00000000   1.2862200000e-01
    150000    86.00000000   8.5732000000e-02
    150000    88.00000000   4.2789000000e-02
    150000    90.00000000   0.0000000000e+00
    200000   -90.00000000  -0.0000000000e+00
    200000   -88.00000000  -4.2650000000e-02
    200000   -86.00000000  -8.5174000000e-02
    200000   -84.00000000  -1.2736500000e-01
    200000   -82.00000000  -1.6901900000e-01
    200000   -80.00000000  -2.0993600000e-01
    200000   -78.00000000  -2.4991900000e-01
    200000   -76.00000000  -2.8877600000e-01
    200000   -74.00000000  -3.2632200000e-01
    200000   -72.00000000  -3.6238000000e-01
    200000   -70.00000000  -3.9677800000e-01
    200000   -68.00000000  -4.2935700000e-01
    200000   -66.00000000  -4.5996300000e-01
    200000   -64.00000000  -4.8845800000e-01
    200000   -62.00000000  -5.1471000000e-01
    200000   -60.00000000  -5.3860300000e-01
    200000   -58.00000000  -5.6003200000e-01
    200000   -56.00000000  -5.7890600000e-01
    200000   -54.00000000  -5.9514800000e-01
    200000   -52.00000000  -6.0869500000e-01
    200000   -50.00000000  -6.1950200000e-01
    200000   -48.00000000  -6.2753600000e-01
    200000   -46.00000000  -6.3278500000e-01
    200000   -44.00000000  -6.3525000000e-01
    200000   -42.00000000  -6.3495300000e-01
    200000   -40.00000000  -6.3193400000e-01
    200000   -38.00000000  -6.2625400000e-01
    200000   -36.00000000  -6.1799300000e-01
    200000   -34.00000000  -6.0725700000e-01
    200000   -32.00000000  -5.9417800000e-01
    200000   -30.00000000  -5.7891500000e-01
    200000   -28.00000000  -5.6166600000e-01
    200000   -26.00000000  -5.4266900000e-01
    200000   -24.00000000  -5.2222100000e-01
    200000   -22.00000000  -5.0069100000e-01
    200000   -20.00000000  -4.7855500000e-01
    200000   -18.00000000  -4.5644800000e-01
    200000   -16.00000000  -4.3617800000e-01
    200000   -14.00000000  -4.2712000000e-01
    200000   -12.00000000  -3.7881800000e-01
    200000   -10.00000000  -2.6699200000e-01
    200000    -8.00000000  -2.3850000000e-01
    200000    -6.00000000  -2.1000800000e-01
    200000    -4.00000000  -1.1255000000e-01
    200000    -2.00000000   2.4290000000e-01
    200000     0.00000000   4.8000000000e-01
    200000     2.00000000   6.8720000000e-01
    200000     4.00000000   8.8766900000e-01
    200000     6.00000000   1.0935700000e+00
    200000     8.00000000   9.7692600000e-01
    200000    10.00000000   8.4098300000e-01
    200000    12.00000000   7.6923500000e-01
    200000    14.00000000   7.2718400000e-01
    200000    16.00000000   7.0307200000e-01
    200000    18.00000000   6.9029200000e-01
    200000    20.00000000   6.8481500000e-01
    200000    22.00000000   6.8402800000e-01
    200000    24.00000000   6.8614500000e-01
    200000    26.00000000   6.8989200000e-01
    200000    28.00000000   6.9433000000e-01
    200000    30.00000000   6.9875100000e-01
    200000    32.00000000   7.0260200000e-01
    200000    34.00000000   7.0545000000e-01
    200000    36.00000000   7.0695200000e-01
    200000    38.00000000   7.0683200000e-01
    200000    40.00000000   7.0486900000e-01
    200000    42.00000000   7.0089000000e-01
    200000    44.00000000   6.9476000000e-01
    200000    46.00000000   6.8637700000e-01
    200000    48.00000000   6.7566900000e-01
    200000    50.00000000   6.6259200000e-01
    200000    52.00000000   6.4712300000e-01
    200000    54.00000000   6.2926500000e-01
    200000    56.00000000   6.0903900000e-01
    200000    58.00000000   5.8648600000e-01
    200000    60.00000000   5.6166500000e-01
    200000    62.00000000   5.3465300000e-01
    200000    64.00000000   5.0553900000e-01
    200000    66.00000000   4.7443100000e-01
    200000    68.00000000   4.4144800000e-01
    200000    70.00000000   4.0672300000e-01
    200000    72.00000000   3.7040100000e-01
    200000    74.00000000   3.3263600000e-01
    200000    76.00000000   2.9359400000e-01
    200000    78.00000000   2.5344900000e-01
    200000    80.00000000   2.1238200000e-01
    200000    82.00000000   1.7058200000e-01
    200000    84.00000000   1.2824200000e-01
    200000    86.00000000   8.5563000000e-02
    200000    88.00000000   4.2747000000e-02
    200000    90.00000000   0.0000000000e+00
    250000   -90.00000000  -0.0000000000e+00
    250000   -88.00000000  -4.2631000000e-02
    250000   -86.00000000  -8.5098000000e-02
    250000   -84.00000000  -1.2719300000e-01
    250000   -82.00000000  -1.6871400000e-01
    250000   -80.00000000  -2.0945800000e-01
    250000   -78.00000000  -2.4922900000e-01
    250000   -76.00000000  -2.8783400000e-01
    250000   -74.00000000  -3.2508900000e-01
    250000   -72.00000000  -3.6081300000e-01
    250000   -70.00000000  -3.9483600000e-01
    250000   -68.00000000  -4.2699500000e-01
    250000   -66.00000000  -4.5713800000e-01
    250000   -64.00000000  -4.8512100000e-01
    250000   -62.00000000  -5.1081500000e-01
    250000   -60.00000000  -5.3409800000e-01
    250000   -58.00000000  -5.5486500000e-01
    250000   -56.00000000  -5.7302000000e-01
    250000   -54.00000000  -5.8848400000e-01
    250000   -52.00000000  -6.0119000000e-01
    250000   -50.00000000  -6.1108500000e-01
    250000   -48.00000000  -6.1813500000e-01
    250000   -46.00000000  -6.2231700000e-01
    250000   -44.00000000  -6.2362600000e-01
    250000   -42.00000000  -6.2207400000e-01
    250000   -40.00000000  -6.1768800000e-01
    250000   -38.00000000  -6.1051500000e-01
    250000   -36.00000000  -6.0061700000e-01
    250000   -34.00000000  -5.8807800000e-01
    250000   -32.00000000  -5.7300000000e-01
    250000   -30.00000000  -5.5550800000e-01
    250000   -28.00000000  -5.3575300000e-01
    250000   -26.00000000  -5.1391300000e-01
    250000   -24.00000000  -4.9020300000e-01
    250000   -22.00000000  -4.6488100000e-01
    250000   -20.00000000  -4.3826800000e-01
    250000   -18.00000000  -4.1077300000e-01
    250000   -16.00000000  -3.8294300000e-01
    250000   -14.00000000  -3.5555200000e-01
    250000   -12.00000000  -3.2978400000e-01
    250000   -10.00000000  -3.0795000000e-01
    250000    -8.00000000  -2.9471300000e-01
    250000    -6.00000000  -2.5635000000e-01
    250000    -4.00000000  -3.3200000000e-02
    250000    -2.00000000   2.6640000000e-01
    250000     0.00000000   4.8220000000e-01
    250000     2.00000000   6.8450000000e-01
    250000     4.00000000   8.9551200000e-01
    250000     6.00000000   1.1066450000e+00
    250000     8.00000000   9.9189000000e-01
    250000    10.00000000   8.5513800000e-01
    250000    12.00000000   7.8089700000e-01
    250000    14.00000000   7.3704700000e-01
    250000    16.00000000   7.1156800000e-01
    250000    18.00000000   6.9770900000e-01
    250000    20.00000000   6.9135800000e-01
    250000    22.00000000   6.8984400000e-01
    250000    24.00000000   6.9134500000e-01
    250000    26.00000000   6.9456200000e-01
    250000    28.00000000   6.9853900000e-01
    250000    30.00000000   7.0255200000e-01
    250000    32.00000000   7.0604100000e-01
    250000    34.00000000   7.0856500000e-01
    250000    36.00000000   7.0977400000e-01
    250000    38.00000000   7.0938800000e-01
    250000    40.00000000   7.0718300000e-01
    250000    42.00000000   7.0298200000e-01
    250000    44.00000000   6.9664800000e-01
    250000    46.00000000   6.8807700000e-01
    250000    48.00000000   6.7719600000e-01
    250000    50.00000000   6.6395900000e-01
    250000    52.00000000   6.4834200000e-01
    250000    54.00000000   6.3034700000e-01
    250000    56.00000000   6.0999500000e-01
    250000    58.00000000   5.8732500000e-01
    250000    60.00000000   5.6239700000e-01
    250000    62.00000000   5.3528500000e-01
    250000    64.00000000   5.0608100000e-01
    250000    66.00000000   4.7489000000e-01
    250000    68.00000000   4.4183200000e-01
    250000    70.00000000   4.0703900000e-01
    250000    72.00000000   3.7065500000e-01
    250000    74.00000000   3.3283700000e-01
    250000    76.00000000   2.9374700000e-01
    250000    78.00000000   2.5356100000e-01
    250000    80.00000000   2.1246000000e-01
    250000    82.00000000   1.7063100000e-01
    250000    84.00000000   1.2827000000e-01
    250000    86.00000000   8.5576000000e-02
    250000    88.00000000   4.2751000000e-02
    250000    90.00000000   0.0000000000e+00
     50000   -90.00000000  -0.0000000000e+00
     50000   -88.00000000  -4.2640000000e-02
     50000   -86.00000000  -8.5132000000e-02
     50000   -84.00000000  -1.2727100000e-01
     50000   -82.00000000  -1.6885200000e-01
     50000   -80.00000000  -2.0967400000e-01
     50000   -78.00000000  -2.4954100000e-01
     50000   -76.00000000  -2.8826000000e-01
     50000   -74.00000000  -3.2564600000e-01
     50000   -72.00000000  -3.6152100000e-01
     50000   -70.00000000  -3.9571400000e-01
     50000   -68.00000000  -4.2806300000e-01
     50000   -66.00000000  -4.5841500000e-01
     50000   -64.00000000  -4.8663000000e-01
     50000   -62.00000000  -5.1257600000e-01
     50000   -60.00000000  -5.3613500000e-01
     50000   -58.00000000  -5.5720100000e-01
     50000   -56.00000000  -5.7568100000e-01
     50000   -54.00000000  -5.9149700000e-01
     50000   -52.00000000  -6.0458300000e-01
     50000   -50.00000000  -6.1489100000e-01
     50000   -48.00000000  -6.2238500000e-01
     50000   -46.00000000  -6.2705000000e-01
     50000   -44.00000000  -6.2888100000e-01
     50000   -42.00000000  -6.2789700000e-01
     50000   -40.00000000  -6.2412900000e-01
     50000   -38.00000000  -6.1763100000e-01
     50000   -36.00000000  -6.0847300000e-01
     50000   -34.00000000  -5.9674900000e-01
     50000   -32.00000000  -5.8257500000e-01
     50000   -30.00000000  -5.6609100000e-01
     50000   -28.00000000  -5.4746900000e-01
     50000   -26.00000000  -5.2691500000e-01
     50000   -24.00000000  -5.0467900000e-01
     50000   -22.00000000  -4.8107100000e-01
     50000   -20.00000000  -4.5648300000e-01
     50000   -18.00000000  -4.3142400000e-01
     50000   -16.00000000  -4.0659400000e-01
     50000   -14.00000000  -3.8300800000e-01
     50000   -12.00000000  -3.6225100000e-01
     50000   -10.00000000  -3.4703700000e-01
     50000    -8.00000000  -3.4242800000e-01
     50000    -6.00000000  -3.6100000000e-01
     50000    -4.00000000  -2.6349500000e-01
     50000    -2.00000000   3.0400000000e-02
     50000     0.00000000   2.0030000000e-01
     50000     2.00000000   4.8320000000e-01
     50000     4.00000000   7.4140000000e-01
     50000     6.00000000   1.0523830000e+00
     50000     8.00000000   1.0956510000e+00
     50000    10.00000000   9.3149100000e-01
     50000    12.00000000   8.4210500000e-01
     50000    14.00000000   7.8880900000e-01
     50000    16.00000000   7.5615700000e-01
     50000    18.00000000   7.3664100000e-01
     50000    20.00000000   7.2569800000e-01
     50000    22.00000000   7.2036700000e-01
     50000    24.00000000   7.1863600000e-01
     50000    26.00000000   7.1907200000e-01
     50000    28.00000000   7.2062600000e-01
     50000    30.00000000   7.2250300000e-01
     50000    32.00000000   7.2409200000e-01
     50000    34.00000000   7.2491300000e-01
     50000    36.00000000   7.2458500000e-01
     50000    38.00000000   7.2280300000e-01
     50000    40.00000000   7.1932500000e-01
     50000    42.00000000   7.1395900000e-01
     50000    44.00000000   7.0655500000e-01
     50000    46.00000000   6.9699900000e-01
     50000    48.00000000   6.8521000000e-01
     50000    50.00000000   6.7113300000e-01
     50000    52.00000000   6.5474000000e-01
     50000    54.00000000   6.3602700000e-01
     50000    56.00000000   6.1501200000e-01
     50000    58.00000000   5.9173000000e-01
     50000    60.00000000   5.6623700000e-01
     50000    62.00000000   5.3860500000e-01
     50000    64.00000000   5.0892500000e-01
     50000    66.00000000   4.7729800000e-01
     50000    68.00000000   4.4384500000e-01
     50000    70.00000000   4.0869500000e-01
     50000    72.00000000   3.7199100000e-01
     50000    74.00000000   3.3388800000e-01
     50000    76.00000000   2.9455000000e-01
     50000    78.00000000   2.5414900000e-01
     50000    80.00000000   2.1286700000e-01
     50000    82.00000000   1.7089100000e-01
     50000    84.00000000   1.2841600000e-01
     50000    86.00000000   8.5641000000e-02
     50000    88.00000000   4.2767000000e-02
     50000    90.00000000   0.0000000000e+00
    100000   -90.00000000  -0.0000000000e+00
    100000   -88.00000000  -4.2640000000e-02
    100000   -86.00000000  -8.5133000000e-02
    100000   -84.00000000  -1.2727300000e-01
    100000   -82.00000000  -1.6885500000e-01
    100000   -80.00000000  -2.0967900000e-01
    100000   -78.00000000  -2.4954800000e-01
    100000   -76.00000000  -2.8827000000e-01
    100000   -74.00000000  -3.2566000000e-01
    100000   -72.00000000  -3.6153800000e-01
    100000   -70.00000000  -3.9573500000e-01
    100000   -68.00000000  -4.2808800000e-01
    100000   -66.00000000  -4.5844600000e-01
    100000   -64.00000000  -4.8666600000e-01
    100000   -62.00000000  -5.1261800000e-01
    100000   -60.00000000  -5.3618400000e-01
    100000   -58.00000000  -5.5725700000e-01
    100000   -56.00000000  -5.7574500000e-01
    100000   -54.00000000  -5.9156900000e-01
    100000   -52.00000000  -6.0466400000e-01
    100000   -50.00000000  -6.1498100000e-01
    100000   -48.00000000  -6.2248700000e-01
    100000   -46.00000000  -6.2716200000e-01
    100000   -44.00000000  -6.2900700000e-01
    100000   -42.00000000  -6.2803500000e-01
    100000   -40.00000000  -6.2428300000e-01
    100000   -38.00000000  -6.1780000000e-01
    100000   -36.00000000  -6.0866000000e-01
    100000   -34.00000000  -5.9695600000e-01
    100000   -32.00000000  -5.8280300000e-01
    100000   -30.00000000  -5.6634300000e-01
    100000   -28.00000000  -5.4774800000e-01
    100000   -26.00000000  -5.2722400000e-01
    100000   -24.00000000  -5.0502400000e-01
    100000   -22.00000000  -4.8145700000e-01
    100000   -20.00000000  -4.5691700000e-01
    100000   -18.00000000  -4.3191600000e-01
    100000   -16.00000000  -4.0715800000e-01
    100000   -14.00000000  -3.8366300000e-01
    100000   -12.00000000  -3.6302400000e-01
    100000   -10.00000000  -3.4797500000e-01
    100000    -8.00000000  -3.4458300000e-01
    100000    -6.00000000  -3.4826700000e-01
    100000    -4.00000000  -2.2320400000e-01
    100000    -2.00000000   7.8100000000e-02
    100000     0.00000000   4.0120000000e-01
    100000     2.00000000   6.7170000000e-01
    100000     4.00000000   8.7830000000e-01
    100000     6.00000000   1.0467380000e+00
    100000     8.00000000   1.1744070000e+00
    100000    10.00000000   1.0356870000e+00
    100000    12.00000000   9.1875700000e-01
    100000    14.00000000   8.5363100000e-01
    100000    16.00000000   8.1199600000e-01
    100000    18.00000000   7.8539700000e-01
    100000    20.00000000   7.6870200000e-01
    100000    22.00000000   7.5859300000e-01
    100000    24.00000000   7.5281300000e-01
    100000    26.00000000   7.4976800000e-01
    100000    28.00000000   7.4828600000e-01
    100000    30.00000000   7.4748900000e-01
    100000    32.00000000   7.4669900000e-01
    100000    34.00000000   7.4538600000e-01
    100000    36.00000000   7.4313200000e-01
    100000    38.00000000   7.3960300000e-01
    100000    40.00000000   7.3453200000e-01
    100000    42.00000000   7.2770700000e-01
    100000    44.00000000   7.1896300000e-01
    100000    46.00000000   7.0817300000e-01
    100000    48.00000000   6.9524500000e-01
    100000    50.00000000   6.8011700000e-01
    100000    52.00000000   6.6275200000e-01
    100000    54.00000000   6.4314100000e-01
    100000    56.00000000   6.2129400000e-01
    100000    58.00000000   5.9724500000e-01
    100000    60.00000000   5.7104500000e-01
    100000    62.00000000   5.4276300000e-01
    100000    64.00000000   5.1248600000e-01
    100000    66.00000000   4.8031500000e-01
    100000    68.00000000   4.4636600000e-01
    100000    70.00000000   4.1076800000e-01
    100000    72.00000000   3.7366300000e-01
    100000    74.00000000   3.3520400000e-01
    100000    76.00000000   2.9555400000e-01
    100000    78.00000000   2.5488500000e-01
    100000    80.00000000   2.1337700000e-01
    100000    82.00000000   1.7121700000e-01
    100000    84.00000000   1.2859900000e-01
    100000    86.00000000   8.5722000000e-02
    100000    88.00000000   4.2787000000e-02
    100000    90.00000000   0.0000000000e+00
    150000   -90.00000000  -0.0000000000e+00
    150000   -88.00000000  -4.2640000000e-02
    150000   -86.00000000  -8.5134000000e-02
    150000   -84.00000000  -1.2727600000e-01
    150000   -82.00000000  -1.6886000000e-01
    150000   -80.00000000  -2.0968700000e-01
    150000   -78.00000000  -2.4956000000e-01
    150000   -76.00000000  -2.8828600000e-01
    150000   -74.00000000  -3.2568000000e-01
    150000   -72.00000000  -3.6156400000e-01
    150000   -70.00000000  -3.9576700000e-01
    150000   -68.00000000  -4.2812700000e-01
    150000   -66.00000000  -4.5849300000e-01
    150000   -64.00000000  -4.8672100000e-01
    150000   -62.00000000  -5.1268300000e-01
    150000   -60.00000000  -5.3625900000e-01
    150000   -58.00000000  -5.5734300000e-01
    150000   -56.00000000  -5.7584300000e-01
    150000   -54.00000000  -5.9168000000e-01
    150000   -52.00000000  -6.0478900000e-01
    150000   -50.00000000  -6.1512100000e-01
    150000   -48.00000000  -6.2264300000e-01
    150000   -46.00000000  -6.2733600000e-01
    150000   -44.00000000  -6.2920000000e-01
    150000   -42.00000000  -6.2825000000e-01
    150000   -40.00000000  -6.2452000000e-01
    150000   -38.00000000  -6.1806200000e-01
    150000   -36.00000000  -6.0894900000e-01
    150000   -34.00000000  -5.9727500000e-01
    150000   -32.00000000  -5.8315500000e-01
    150000   -30.00000000  -5.6673300000e-01
    150000   -28.00000000  -5.4817900000e-01
    150000   -26.00000000  -5.2770300000e-01
    150000   -24.00000000  -5.0555700000e-01
    150000   -22.00000000  -4.8205300000e-01
    150000   -20.00000000  -4.5758700000e-01
    150000   -18.00000000  -4.3267600000e-01
    150000   -16.00000000  -4.0802800000e-01
    150000   -14.00000000  -3.8467300000e-01
    150000   -12.00000000  -3.6421900000e-01
    150000   -10.00000000  -3.4956100000e-01
    150000    -8.00000000  -3.4415700000e-01
    150000    -6.00000000  -3.2717000000e-01
    150000    -4.00000000  -1.7745000000e-01
    150000    -2.00000000   1.9080000000e-01
    150000     0.00000000   4.6690000000e-01
    150000     2.00000000   6.8770000000e-01
    150000     4.00000000   8.6820000000e-01
    150000     6.00000000   1.0855710000e+00
    150000     8.00000000   1.1807000000e+00
    150000    10.00000000   1.0180990000e+00
    150000    12.00000000   9.0960200000e-01
    150000    14.00000000   8.4588900000e-01
    150000    16.00000000   8.0532600000e-01
    150000    18.00000000   7.7957400000e-01
    150000    20.00000000   7.6356600000e-01
    150000    22.00000000   7.5402700000e-01
    150000    24.00000000   7.4873100000e-01
    150000    26.00000000   7.4610200000e-01
    150000    28.00000000   7.4498200000e-01
    150000    30.00000000   7.4450400000e-01
    150000    32.00000000   7.4399900000e-01
    150000    34.00000000   7.4294100000e-01
    150000    36.00000000   7.4091700000e-01
    150000    38.00000000   7.3759700000e-01
    150000    40.00000000   7.3271600000e-01
    150000    42.00000000   7.2606500000e-01
    150000    44.00000000   7.1748100000e-01
    150000    46.00000000   7.0683900000e-01
    150000    48.00000000   6.9404700000e-01
    150000    50.00000000   6.7904400000e-01
    150000    52.00000000   6.6179500000e-01
    150000    54.00000000   6.4229100000e-01
    150000    56.00000000   6.2054400000e-01
    150000    58.00000000   5.9658700000e-01
    150000    60.00000000   5.7047100000e-01
    150000    62.00000000   5.4226700000e-01
    150000    64.00000000   5.1206100000e-01
    150000    66.00000000   4.7995400000e-01
    150000    68.00000000   4.4606500000e-01
    150000    70.00000000   4.1052000000e-01
    150000    72.00000000   3.7346400000e-01
    150000    74.00000000   3.3504700000e-01
    150000    76.00000000   2.9543400000e-01
    150000    78.00000000   2.5479700000e-01
    150000    80.00000000   2.1331600000e-01
    150000    82.00000000   1.7117800000e-01
    150000    84.00000000   1.2857800000e-01
    150000    86.00000000   8.5712000000e-02
    150000    88.00000000   4.2785000000e-02
    150000    90.00000000   0.0000000000e+00
    200000   -90.00000000  -0.0000000000e+00
    200000   -88.00000000  -4.2632000000e-02
    200000   -86.00000000  -8.5100000000e-02
    200000   -84.00000000  -1.2719900000e-01
    200000   -82.00000000  -1.6872400000e-01
    200000   -80.00000000  -2.0947400000e-01
    200000   -78.00000000  -2.4925200000e-01
    200000   -76.00000000  -2.8786600000e-01
    200000   -74.00000000  -3.2513000000e-01
    200000   -72.00000000  -3.6086500000e-01
    200000   -70.00000000  -3.9490000000e-01
    200000   -68.00000000  -4.2707300000e-01
    200000   -66.00000000  -4.5723100000e-01
    200000   -64.00000000  -4.8523200000e-01
    200000   -62.00000000  -5.1094400000e-01
    200000   -60.00000000  -5.3424800000e-01
    200000   -58.00000000  -5.5503600000e-01
    200000   -56.00000000  -5.7321500000e-01
    200000   -54.00000000  -5.8870500000e-01
    200000   -52.00000000  -6.0143800000e-01
    200000   -50.00000000  -6.1136500000e-01
    200000   -48.00000000  -6.1844700000e-01
    200000   -46.00000000  -6.2266400000e-01
    200000   -44.00000000  -6.2401100000e-01
    200000   -42.00000000  -6.2250100000e-01
    200000   -40.00000000  -6.1816100000e-01
    200000   -38.00000000  -6.1103700000e-01
    200000   -36.00000000  -6.0119300000e-01
    200000   -34.00000000  -5.8871400000e-01
    200000   -32.00000000  -5.7370200000e-01
    200000   -30.00000000  -5.5628500000e-01
    200000   -28.00000000  -5.3661300000e-01
    200000   -26.00000000  -5.1486700000e-01
    200000   -24.00000000  -4.9126500000e-01
    200000   -22.00000000  -4.6606800000e-01
    200000   -20.00000000  -4.3960400000e-01
    200000   -18.00000000  -4.1228800000e-01
    200000   -16.00000000  -3.8467800000e-01
    200000   -14.00000000  -3.5756600000e-01
    200000   -12.00000000  -3.3216600000e-01
    200000   -10.00000000  -3.1064600000e-01
    200000    -8.00000000  -2.9944700000e-01
    200000    -6.00000000  -2.6927800000e-01
    200000    -4.00000000  -9.6100000000e-02
    200000    -2.00000000   2.4300000000e-01
    200000     0.00000000   4.8120000000e-01
    200000     2.00000000   6.8720000000e-01
    200000     4.00000000   8.7615000000e-01
    200000     6.00000000   1.0913940000e+00
    200000     8.00000000   1.0771900000e+00
    200000    10.00000000   9.1064000000e-01
    200000    12.00000000   8.2570300000e-01
    200000    14.00000000   7.7493800000e-01
    200000    16.00000000   7.4420800000e-01
    200000    18.00000000   7.2620900000e-01
    200000    20.00000000   7.1649600000e-01
    200000    22.00000000   7.1218800000e-01
    200000    24.00000000   7.1132300000e-01
    200000    26.00000000   7.1250400000e-01
    200000    28.00000000   7.1470700000e-01
    200000    30.00000000   7.1715700000e-01
    200000    32.00000000   7.1925500000e-01
    200000    34.00000000   7.2053300000e-01
    200000    36.00000000   7.2061600000e-01
    200000    38.00000000   7.1920800000e-01
    200000    40.00000000   7.1607100000e-01
    200000    42.00000000   7.1101800000e-01
    200000    44.00000000   7.0390000000e-01
    200000    46.00000000   6.9460900000e-01
    200000    48.00000000   6.8306200000e-01
    200000    50.00000000   6.6921000000e-01
    200000    52.00000000   6.5302600000e-01
    200000    54.00000000   6.3450500000e-01
    200000    56.00000000   6.1366700000e-01
    200000    58.00000000   5.9054900000e-01
    200000    60.00000000   5.6520800000e-01
    200000    62.00000000   5.3771600000e-01
    200000    64.00000000   5.0816200000e-01
    200000    66.00000000   4.7665300000e-01
    200000    68.00000000   4.4330500000e-01
    200000    70.00000000   4.0825100000e-01
    200000    72.00000000   3.7163300000e-01
    200000    74.00000000   3.3360600000e-01
    200000    76.00000000   2.9433500000e-01
    200000    78.00000000   2.5399100000e-01
    200000    80.00000000   2.1275800000e-01
    200000    82.00000000   1.7082200000e-01
    200000    84.00000000   1.2837700000e-01
    200000    86.00000000   8.5623000000e-02
    200000    88.00000000   4.2762000000e-02
    200000    90.00000000   0.0000000000e+00
    250000   -90.00000000  -0.0000000000e+00
    250000   -88.00000000  -4.2619000000e-02
    250000   -86.00000000  -8.5048000000e-02
    250000   -84.00000000  -1.2708200000e-01
    250000   -82.00000000  -1.6851600000e-01
    250000   -80.00000000  -2.0914800000e-01
    250000   -78.00000000  -2.4878100000e-01
    250000   -76.00000000  -2.8722300000e-01
    250000   -74.00000000  -3.2428800000e-01
    250000   -72.00000000  -3.5979500000e-01
    250000   -70.00000000  -3.9357400000e-01
    250000   -68.00000000  -4.2546100000e-01
    250000   -66.00000000  -4.5530200000e-01
    250000   -64.00000000  -4.8295500000e-01
    250000   -62.00000000  -5.0828500000e-01
    250000   -60.00000000  -5.3117300000e-01
    250000   -58.00000000  -5.5151000000e-01
    250000   -56.00000000  -5.6919800000e-01
    250000   -54.00000000  -5.8415700000e-01
    250000   -52.00000000  -5.9631500000e-01
    250000   -50.00000000  -6.0562000000e-01
    250000   -48.00000000  -6.1203000000e-01
    250000   -46.00000000  -6.1551900000e-01
    250000   -44.00000000  -6.1607800000e-01
    250000   -42.00000000  -6.1371000000e-01
    250000   -40.00000000  -6.0843700000e-01
    250000   -38.00000000  -6.0029400000e-01
    250000   -36.00000000  -5.8933400000e-01
    250000   -34.00000000  -5.7562300000e-01
    250000   -32.00000000  -5.5924800000e-01
    250000   -30.00000000  -5.4030900000e-01
    250000   -28.00000000  -5.1892600000e-01
    250000   -26.00000000  -4.9524000000e-01
    250000   -24.00000000  -4.6941100000e-01
    250000   -22.00000000  -4.4162700000e-01
    250000   -20.00000000  -4.1210600000e-01
    250000   -18.00000000  -3.8111300000e-01
    250000   -16.00000000  -3.4897400000e-01
    250000   -14.00000000  -3.1611800000e-01
    250000   -12.00000000  -2.8315300000e-01
    250000   -10.00000000  -2.5103800000e-01
    250000    -8.00000000  -2.2454100000e-01
    250000    -6.00000000  -2.0211700000e-01
    250000    -4.00000000  -1.1446700000e-01
    250000    -2.00000000   2.6640000000e-01
    250000     0.00000000   4.8140000000e-01
    250000     2.00000000   6.8450000000e-01
    250000     4.00000000   8.7040000000e-01
    250000     6.00000000   1.1173760000e+00
    250000     8.00000000   1.0815570000e+00
    250000    10.00000000   9.4183800000e-01
    250000    12.00000000   8.5202300000e-01
    250000    14.00000000   7.9719700000e-01
    250000    16.00000000   7.6338200000e-01
    250000    18.00000000   7.4295000000e-01
    250000    20.00000000   7.3126200000e-01
    250000    22.00000000   7.2531400000e-01
    250000    24.00000000   7.2305900000e-01
    250000    26.00000000   7.2304400000e-01
    250000    28.00000000   7.2420500000e-01
    250000    30.00000000   7.2573600000e-01
    250000    32.00000000   7.2701800000e-01
    250000    34.00000000   7.2756200000e-01
    250000    36.00000000   7.2698500000e-01
    250000    38.00000000   7.2497700000e-01
    250000    40.00000000   7.2129300000e-01
    250000    42.00000000   7.1573800000e-01
    250000    44.00000000   7.0816100000e-01
    250000    46.00000000   6.9844500000e-01
    250000    48.00000000   6.8650800000e-01
    250000    50.00000000   6.7229500000e-01
    250000    52.00000000   6.5577700000e-01
    250000    54.00000000   6.3694800000e-01
    250000    56.00000000   6.1582500000e-01
    250000    58.00000000   5.9244300000e-01
    250000    60.00000000   5.6685900000e-01
    250000    62.00000000   5.3914300000e-01
    250000    64.00000000   5.0938500000e-01
    250000    66.00000000   4.7768900000e-01
    250000    68.00000000   4.4417100000e-01
    250000    70.00000000   4.0896300000e-01
    250000    72.00000000   3.7220700000e-01
    250000    74.00000000   3.3405800000e-01
    250000    76.00000000   2.9468000000e-01
    250000    78.00000000   2.5424400000e-01
    250000    80.00000000   2.1293300000e-01
    250000    82.00000000   1.7093400000e-01
    250000    84.00000000   1.2844000000e-01
    250000    86.00000000   8.5651000000e-02
    250000    88.00000000   4.2769000000e-02
    250000    90.00000000   0.0000000000e+00
     50000   -90.00000000  -0.0000000000e+00
     50000   -88.00000000  -4.2640000000e-02
     50000   -86.00000000  -8.5132000000e-02
     50000   -84.00000000  -1.2727100000e-01
     50000   -82.00000000  -1.6885200000e-01
     50000   -80.00000000  -2.0967400000e-01
     50000   -78.00000000  -2.4954100000e-01
     50000   -76.00000000  -2.8826000000e-01
     50000   -74.00000000  -3.2564600000e-01
     50000   -72.00000000  -3.6152100000e-01
     50000   -70.00000000  -3.9571400000e-01
     50000   -68.00000000  -4.2806300000e-01
     50000   -66.00000000  -4.5841500000e-01
     50000   -64.00000000  -4.8663000000e-01
     50000   -62.00000000  -5.1257600000e-01
     50000   -60.00000000  -5.3613500000e-01
     50000   -58.00000000  -5.5720100000e-01
     50000   -56.00000000  -5.7568100000e-01
     50000   -54.00000000  -5.9149700000e-01
     50000   -52.00000000  -6.0458300000e-01
     50000   -50.00000000  -6.1489100000e-01
     50000   -48.00000000  -6.2238500000e-01
     50000   -46.00000000  -6.2705000000e-01
     50000   -44.00000000  -6.2888100000e-01
     50000   -42.00000000  -6.2789700000e-01
     50000   -40.00000000  -6.2412900000e-01
     50000   -38.00000000  -6.1763100000e-01
     50000   -36.00000000  -6.0847300000e-01
     50000   -34.00000000  -5.9674900000e-01
     50000   -32.00000000  -5.8257500000e-01
     50000   -30.00000000  -5.6609100000e-01
     50000   -28.00000000  -5.4746900000e-01
     50000   -26.00000000  -5.2691500000e-01
     50000   -24.00000000  -5.0467900000e-01
     50000   -22.00000000  -4.8107100000e-01
     50000   -20.00000000  -4.5648300000e-01
     50000   -18.00000000  -4.3142400000e-01
     50000   -16.00000000  -4.0659400000e-01
     50000   -14.00000000  -3.8300800000e-01
     50000   -12.00000000  -3.6225100000e-01
     50000   -10.00000000  -3.4703700000e-01
     50000    -8.00000000  -3.4242800000e-01
     50000    -6.00000000  -3.6100000000e-01
     50000    -4.00000000  -2.6349500000e-01
     50000    -2.00000000   3.0400000000e-02
     50000     0.00000000   2.0030000000e-01
     50000     2.00000000   4.8320000000e-01
     50000     4.00000000   7.4140000000e-01
     50000     6.00000000   1.0523830000e+00
     50000     8.00000000   1.0956510000e+00
     50000    10.00000000   9.3149100000e-01
     50000    12.00000000   8.4210500000e-01
     50000    14.00000000   7.8880900000e-01
     50000    16.00000000   7.5615700000e-01
     50000    18.00000000   7.3664100000e-01
     50000    20.00000000   7.2569800000e-01
     50000    22.00000000   7.2036700000e-01
     50000    24.00000000   7.1863600000e-01
     50000    26.00000000   7.1907200000e-01
     50000    28.00000000   7.2062600000e-01
     50000    30.00000000   7.2250300000e-01
     50000    32.00000000   7.2409200000e-01
     50000    34.00000000   7.2491300000e-01
     50000    36.00000000   7.2458500000e-01
     50000    38.00000000   7.2280300000e-01
     50000    40.00000000   7.1932500000e-01
     50000    42.00000000   7.1395900000e-01
     50000    44.00000000   7.0655500000e-01
     50000    46.00000000   6.9699900000e-01
     50000    48.00000000   6.8521000000e-01
     50000    50.00000000   6.7113300000e-01
     50000    52.00000000   6.5474000000e-01
     50000    54.00000000   6.3602700000e-01
     50000    56.00000000   6.1501200000e-01
     50000    58.00000000   5.9173000000e-01
     50000    60.00000000   5.6623700000e-01
     50000    62.00000000   5.3860500000e-01
     50000    64.00000000   5.0892500000e-01
     50000    66.00000000   4.7729800000e-01
     50000    68.00000000   4.4384500000e-01
     50000    70.00000000   4.0869500000e-01
     50000    72.00000000   3.7199100000e-01
     50000    74.00000000   3.3388800000e-01
     50000    76.00000000   2.9455000000e-01
     50000    78.00000000   2.5414900000e-01
     50000    80.00000000   2.1286700000e-01
     50000    82.00000000   1.7089100000e-01
     50000    84.00000000   1.2841600000e-01
     50000    86.00000000   8.5641000000e-02
     50000    88.00000000   4.2767000000e-02
     50000    90.00000000   0.0000000000e+00
    100000   -90.00000000  -0.0000000000e+00
    100000   -88.00000000  -4.2640000000e-02
    100000   -86.00000000  -8.5133000000e-02
    100000   -84.00000000  -1.2727300000e-01
    100000   -82.00000000  -1.6885500000e-01
    100000   -80.00000000  -2.0967900000e-01
    100000   -78.00000000  -2.4954800000e-01
    100000   -76.00000000  -2.8827000000e-01
    100000   -74.00000000  -3.2566000000e-01
    100000   -72.00000000  -3.6153800000e-01
    100000   -70.00000000  -3.9573500000e-01
    100000   -68.00000000  -4.2808800000e-01
    100000   -66.00000000  -4.5844600000e-01
    100000   -64.00000000  -4.8666600000e-01
    100000   -62.00000000  -5.1261800000e-01
    100000   -60.00000000  -5.3618400000e-01
    100000   -58.00000000  -5.5725700000e-01
    100000   -56.00000000  -5.7574500000e-01
    100000   -54.00000000  -5.9156900000e-01
    100000   -52.00000000  -6.0466400000e-01
    100000   -50.00000000  -6.1498100000e-01
    100000   -48.00000000  -6.2248700000e-01
    100000   -46.00000000  -6.2716200000e-01
    100000   -44.00000000  -6.2900700000e-01
    100000   -42.00000000  -6.2803500000e-01
    100000   -40.00000000  -6.2428300000e-01
    100000   -38.00000000  -6.1780000000e-01
    100000   -36.00000000  -6.0866000000e-01
    100000   -34.00000000  -5.9695600000e-01
    100000   -32.00000000  -5.8280300000e-01
    100000   -30.00000000  -5.6634300000e-01
    100000   -28.00000000  -5.4774800000e-01
    100000   -26.00000000  -5.2722400000e-01
    100000   -24.00000000  -5.0502400000e-01
    100000   -22.00000000  -4.8145700000e-01
    100000   -20.00000000  -4.5691700000e-01
    100000   -18.00000000  -4.3191600000e-01
    100000   -16.00000000  -4.0715800000e-01
    100000   -14.00000000  -3.8366300000e-01
    100000   -12.00000000  -3.6302400000e-01
    100000   -10.00000000  -3.4797500000e-01
    100000    -8.00000000  -3.4458300000e-01
    100000    -6.00000000  -3.4826700000e-01
    100000    -4.00000000  -2.2320400000e-01
    100000    -2.00000000   7.8100000000e-02
    100000     0.00000000   4.0120000000e-01
    100000     2.00000000   6.7170000000e-01
    100000     4.00000000   8.7830000000e-01
    100000     6.00000000   1.0467380000e+00
    100000     8.00000000   1.1744070000e+00
    100000    10.00000000   1.0356870000e+00
    100000    12.00000000   9.1875700000e-01
    100000    14.00000000   8.5363100000e-01
    100000    16.00000000   8.1199600000e-01
    100000    18.00000000   7.8539700000e-01
    100000    20.00000000   7.6870200000e-01
    100000    22.00000000   7.5859300000e-01
    100000    24.00000000   7.5281300000e-01
    100000    26.00000000   7.4976800000e-01
    100000    28.00000000   7.4828600000e-01
    100000    30.00000000   7.4748900000e-01
    100000    32.00000000   7.4669900000e-01
    100000    34.00000000   7.4538600000e-01
    100000    36.00000000   7.4313200000e-01
    100000    38.00000000   7.3960300000e-01
    100000    40.00000000   7.3453200000e-01
    100000    42.00000000   7.2770700000e-01
    100000    44.00000000   7.1896300000e-01
    100000    46.00000000   7.0817300000e-01
    100000    48.00000000   6.9524500000e-01
    100000    50.00000000   6.8011700000e-01
    100000    52.00000000   6.6275200000e-01
    100000    54.00000000   6.4314100000e-01
    100000    56.00000000   6.2129400000e-01
    100000    58.00000000   5.9724500000e-01
    100000    60.00000000   5.7104500000e-01
    100000    62.00000000   5.4276300000e-01
    100000    64.00000000   5.1248600000e-01
    100000    66.00000000   4.8031500000e-01
    100000    68.00000000   4.4636600000e-01
    100000    70.00000000   4.1076800000e-01
    100000    72.00000000   3.7366300000e-01
    100000    74.00000000   3.3520400000e-01
    100000    76.00000000   2.9555400000e-01
    100000    78.00000000   2.5488500000e-01
    100000    80.00000000   2.1337700000e-01
    100000    82.00000000   1.7121700000e-01
    100000    84.00000000   1.2859900000e-01
    100000    86.00000000   8.5722000000e-02
    100000    88.00000000   4.2787000000e-02
    100000    90.00000000   0.0000000000e+00
    150000   -90.00000000  -0.0000000000e+00
    150000   -88.00000000  -4.2640000000e-02
    150000   -86.00000000  -8.5134000000e-02
    150000   -84.00000000  -1.2727600000e-01
    150000   -82.00000000  -1.6886000000e-01
    150000   -80.00000000  -2.0968700000e-01
    150000   -78.00000000  -2.4956000000e-01
    150000   -76.00000000  -2.8828600000e-01
    150000   -74.00000000  -3.2568000000e-01
    150000   -72.00000000  -3.6156400000e-01
    150000   -70.00000000  -3.9576700000e-01
    150000   -68.00000000  -4.2812700000e-01
    150000   -66.00000000  -4.5849300000e-01
    150000   -64.00000000  -4.8672100000e-01
    150000   -62.00000000  -5.1268300000e-01
    150000   -60.00000000  -5.3625900000e-01
    150000   -58.00000000  -5.5734300000e-01
    150000   -56.00000000  -5.7584300000e-01
    150000   -54.00000000  -5.9168000000e-01
    150000   -52.00000000  -6.0478900000e-01
    150000   -50.00000000  -6.1512100000e-01
    150000   -48.00000000  -6.2264300000e-01
    150000   -46.00000000  -6.2733600000e-01
    150000   -44.00000000  -6.2920000000e-01
    150000   -42.00000000  -6.2825000000e-01
    150000   -40.00000000  -6.2452000000e-01
    150000   -38.00000000  -6.1806200000e-01
    150000   -36.00000000  -6.0894900000e-01
    150000   -34.00000000  -5.9727500000e-01
    150000   -32.00000000  -5.8315500000e-01
    150000   -30.00000000  -5.6673300000e-01
    150000   -28.00000000  -5.4817900000e-01
    150000   -26.00000000  -5.2770300000e-01
    150000   -24.00000000  -5.0555700000e-01
    150000   -22.00000000  -4.8205300000e-01
    150000   -20.00000000  -4.5758700000e-01
    150000   -18.00000000  -4.3267600000e-01
    150000   -16.00000000  -4.0802800000e-01
    150000   -14.00000000  -3.8467300000e-01
    150000   -12.00000000  -3.6421900000e-01
    150000   -10.00000000  -3.4956100000e-01
    150000    -8.00000000  -3.4415700000e-01
    150000    -6.00000000  -3.2717000000e-01
    150000    -4.00000000  -1.7745000000e-01
    150000    -2.00000000   1.9080000000e-01
    150000     0.00000000   4.6690000000e-01
    150000     2.00000000   6.8770000000e-01
    150000     4.00000000   8.6820000000e-01
    150000     6.00000000   1.0855710000e+00
    150000     8.00000000   1.1807000000e+00
    150000    10.00000000   1.0180990000e+00
    150000    12.00000000   9.0960200000e-01
    150000    14.00000000   8.4588900000e-01
    150000    16.00000000   8.0532600000e-01
    150000    18.00000000   7.7957400000e-01
    150000    20.00000000   7.6356600000e-01
    150000    22.00000000   7.5402700000e-01
    150000    24.00000000   7.4873100000e-01
    150000    26.00000000   7.4610200000e-01
    150000    28.00000000   7.4498200000e-01
    150000    30.00000000   7.4450400000e-01
    150000    32.00000000   7.4399900000e-01
    150000    34.00000000   7.4294100000e-01
    150000    36.00000000   7.4091700000e-01
    150000    38.00000000   7.3759700000e-01
    150000    40.00000000   7.3271600000e-01
    150000    42.00000000   7.2606500000e-01
    150000    44.00000000   7.1748100000e-01
    150000    46.00000000   7.0683900000e-01
    150000    48.00000000   6.9404700000e-01
    150000    50.00000000   6.7904400000e-01
    150000    52.00000000   6.6179500000e-01
    150000    54.00000000   6.4229100000e-01
    150000    56.00000000   6.2054400000e-01
    150000    58.00000000   5.9658700000e-01
    150000    60.00000000   5.7047100000e-01
    150000    62.00000000   5.4226700000e-01
    150000    64.00000000   5.1206100000e-01
    150000    66.00000000   4.7995400000e-01
    150000    68.00000000   4.4606500000e-01
    150000    70.00000000   4.1052000000e-01
    150000    72.00000000   3.7346400000e-01
    150000    74.00000000   3.3504700000e-01
    150000    76.00000000   2.9543400000e-01
    150000    78.00000000   2.5479700000e-01
    150000    80.00000000   2.1331600000e-01
    150000    82.00000000   1.7117800000e-01
    150000    84.00000000   1.2857800000e-01
    150000    86.00000000   8.5712000000e-02
    150000    88.00000000   4.2785000000e-02
    150000    90.00000000   0.0000000000e+00
    200000   -90.00000000  -0.0000000000e+00
    200000   -88.00000000  -4.2632000000e-02
    200000   -86.00000000  -8.5100000000e-02
    200000   -84.00000000  -1.2719900000e-01
    200000   -82.00000000  -1.6872400000e-01
    200000   -80.00000000  -2.0947400000e-01
    200000   -78.00000000  -2.4925200000e-01
    200000   -76.00000000  -2.8786600000e-01
    200000   -74.00000000  -3.2513000000e-01
    200000   -72.00000000  -3.6086500000e-01
    200000   -70.00000000  -3.9490000000e-01
    200000   -68.00000000  -4.2707300000e-01
    200000   -66.00000000  -4.5723100000e-01
    200000   -64.00000000  -4.8523200000e-01
    200000   -62.00000000  -5.1094400000e-01
    200000   -60.00000000  -5.3424800000e-01
    200000   -58.00000000  -5.5503600000e-01
    200000   -56.00000000  -5.7321500000e-01
    200000   -54.00000000  -5.8870500000e-01
    200000   -52.00000000  -6.0143800000e-01
    200000   -50.00000000  -6.1136500000e-01
    200000   -48.00000000  -6.1844700000e-01
    200000   -46.00000000  -6.2266400000e-01
    200000   -44.00000000  -6.2401100000e-01
    200000   -42.00000000  -6.2250100000e-01
    200000   -40.00000000  -6.1816100000e-01
    200000   -38.00000000  -6.1103700000e-01
    200000   -36.00000000  -6.0119300000e-01
    200000   -34.00000000  -5.8871400000e-01
    200000   -32.00000000  -5.7370200000e-01
    200000   -30.00000000  -5.5628500000e-01
    200000   -28.00000000  -5.3661300000e-01
    200000   -26.00000000  -5.1486700000e-01
    200000   -24.00000000  -4.9126500000e-01
    200000   -22.00000000  -4.6606800000e-01
    200000   -20.00000000  -4.3960400000e-01
    200000   -18.00000000  -4.1228800000e-01
    200000   -16.00000000  -3.8467800000e-01
    200000   -14.00000000  -3.5756600000e-01
    200000   -12.00000000  -3.3216600000e-01
    200000   -10.00000000  -3.1064600000e-01
    200000    -8.00000000  -2.9944700000e-01
    200000    -6.00000000  -2.6927800000e-01
    200000    -4.00000000  -9.6100000000e-02
    200000    -2.00000000   2.4300000000e-01
    200000     0.00000000   4.8120000000e-01
    200000     2.00000000   6.8720000000e-01
    200000     4.00000000   8.7615000000e-01
    200000     6.00000000   1.0913940000e+00
    200000     8.00000000   1.0771900000e+00
    200000    10.00000000   9.1064000000e-01
    200000    12.00000000   8.2570300000e-01
    200000    14.00000000   7.7493800000e-01
    200000    16.00000000   7.4420800000e-01
    200000    18.00000000   7.2620900000e-01
    200000    20.00000000   7.1649600000e-01
    200000    22.00000000   7.1218800000e-01
    200000    24.00000000   7.1132300000e-01
    200000    26.00000000   7.1250400000e-01
    200000    28.00000000   7.1470700000e-01
    200000    30.00000000   7.1715700000e-01
    200000    32.00000000   7.1925500000e-01
    200000    34.00000000   7.2053300000e-01
    200000    36.00000000   7.2061600000e-01
    200000    38.00000000   7.1920800000e-01
    200000    40.00000000   7.1607100000e-01
    200000    42.00000000   7.1101800000e-01
    200000    44.00000000   7.0390000000e-01
    200000    46.00000000   6.9460900000e-01
    200000    48.00000000   6.8306200000e-01
    200000    50.00000000   6.6921000000e-01
    200000    52.00000000   6.5302600000e-01
    200000    54.00000000   6.3450500000e-01
    200000    56.00000000   6.1366700000e-01
    200000    58.00000000   5.9054900000e-01
    200000    60.00000000   5.6520800000e-01
    200000    62.00000000   5.3771600000e-01
    200000    64.00000000   5.0816200000e-01
    200000    66.00000000   4.7665300000e-01
    200000    68.00000000   4.4330500000e-01
    200000    70.00000000   4.0825100000e-01
    200000    72.00000000   3.7163300000e-01
    200000    74.00000000   3.3360600000e-01
    200000    76.00000000   2.9433500000e-01
    200000    78.00000000   2.5399100000e-01
    200000    80.00000000   2.1275800000e-01
    200000    82.00000000   1.7082200000e-01
    200000    84.00000000   1.2837700000e-01
    200000    86.00000000   8.5623000000e-02
    200000    88.00000000   4.2762000000e-02
    200000    90.00000000   0.0000000000e+00
    250000   -90.00000000  -0.0000000000e+00
    250000   -88.00000000  -4.2619000000e-02
    250000   -86.00000000  -8.5048000000e-02
    250000   -84.00000000  -1.2708200000e-01
    250000   -82.00000000  -1.6851600000e-01
    250000   -80.00000000  -2.0914800000e-01
    250000   -78.00000000  -2.4878100000e-01
    250000   -76.00000000  -2.8722300000e-01
    250000   -74.00000000  -3.2428800000e-01
    250000   -72.00000000  -3.5979500000e-01
    250000   -70.00000000  -3.9357400000e-01
    250000   -68.00000000  -4.2546100000e-01
    250000   -66.00000000  -4.5530200000e-01
    250000   -64.00000000  -4.8295500000e-01
    250000   -62.00000000  -5.0828500000e-01
    250000   -60.00000000  -5.3117300000e-01
    250000   -58.00000000  -5.5151000000e-01
    250000   -56.00000000  -5.6919800000e-01
    250000   -54.00000000  -5.8415700000e-01
    250000   -52.00000000  -5.9631500000e-01
    250000   -50.00000000  -6.0562000000e-01
    250000   -48.00000000  -6.1203000000e-01
    250000   -46.00000000  -6.1551900000e-01
    250000   -44.00000000  -6.1607800000e-01
    250000   -42.00000000  -6.1371000000e-01
    250000   -40.00000000  -6.0843700000e-01
    250000   -38.00000000  -6.0029400000e-01
    250000   -36.00000000  -5.8933400000e-01
    250000   -34.00000000  -5.7562300000e-01
    250000   -32.00000000  -5.5924800000e-01
    250000   -30.00000000  -5.4030900000e-01
    250000   -28.00000000  -5.1892600000e-01
    250000   -26.00000000  -4.9524000000e-01
    250000   -24.00000000  -4.6941100000e-01
    250000   -22.00000000  -4.4162700000e-01
    250000   -20.00000000  -4.1210600000e-01
    250000   -18.00000000  -3.8111300000e-01
    250000   -16.00000000  -3.4897400000e-01
    250000   -14.00000000  -3.1611800000e-01
    250000   -12.00000000  -2.8315300000e-01
    250000   -10.00000000  -2.5103800000e-01
    250000    -8.00000000  -2.2454100000e-01
    250000    -6.00000000  -2.0211700000e-01
    250000    -4.00000000  -1.1446700000e-01
    250000    -2.00000000   2.6640000000e-01
    250000     0.00000000   4.8140000000e-01
    250000     2.00000000   6.8450000000e-01
    250000     4.00000000   8.7040000000e-01
    250000     6.00000000   1.1173760000e+00
    250000     8.00000000   1.0815570000e+00
    250000    10.00000000   9.4183800000e-01
    250000    12.00000000   8.5202300000e-01
    250000    14.00000000   7.9719700000e-01
    250000    16.00000000   7.6338200000e-01
    250000    18.00000000   7.4295000000e-01
    250000    20.00000000   7.3126200000e-01
    250000    22.00000000   7.2531400000e-01
    250000    24.00000000   7.2305900000e-01
    250000    26.00000000   7.2304400000e-01
    250000    28.00000000   7.2420500000e-01
    250000    30.00000000   7.2573600000e-01
    250000    32.00000000   7.2701800000e-01
    250000    34.00000000   7.2756200000e-01
    250000    36.00000000   7.2698500000e-01
    250000    38.00000000   7.2497700000e-01
    250000    40.00000000   7.2129300000e-01
    250000    42.00000000   7.1573800000e-01
    250000    44.00000000   7.0816100000e-01
    250000    46.00000000   6.9844500000e-01
    250000    48.00000000   6.8650800000e-01
    250000    50.00000000   6.7229500000e-01
    250000    52.00000000   6.5577700000e-01
    250000    54.00000000   6.3694800000e-01
    250000    56.00000000   6.1582500000e-01
    250000    58.00000000   5.9244300000e-01
    250000    60.00000000   5.6685900000e-01
    250000    62.00000000   5.3914300000e-01
    250000    64.00000000   5.0938500000e-01
    250000    66.00000000   4.7768900000e-01
    250000    68.00000000   4.4417100000e-01
    250000    70.00000000   4.0896300000e-01
    250000    72.00000000   3.7220700000e-01
    250000    74.00000000   3.3405800000e-01
    250000    76.00000000   2.9468000000e-01
    250000    78.00000000   2.5424400000e-01
    250000    80.00000000   2.1293300000e-01
    250000    82.00000000   1.7093400000e-01
    250000    84.00000000   1.2844000000e-01
    250000    86.00000000   8.5651000000e-02
    250000    88.00000000   4.2769000000e-02
    250000    90.00000000   0.0000000000e+00
     50000   -90.00000000  -0.0000000000e+00
     50000   -88.00000000  -4.2641000000e-02
     50000   -86.00000000  -8.5138000000e-02
     50000   -84.00000000  -1.2728500000e-01
     50000   -82.00000000  -1.6887800000e-01
     50000   -80.00000000  -2.0971400000e-01
     50000   -78.00000000  -2.4959900000e-01
     50000   -76.00000000  -2.8833900000e-01
     50000   -74.00000000  -3.2575000000e-01
     50000   -72.00000000  -3.6165300000e-01
     50000   -70.00000000  -3.9587700000e-01
     50000   -68.00000000  -4.2826100000e-01
     50000   -66.00000000  -4.5865300000e-01
     50000   -64.00000000  -4.8691100000e-01
     50000   -62.00000000  -5.1290400000e-01
     50000   -60.00000000  -5.3651400000e-01
     50000   -58.00000000  -5.5763600000e-01
     50000   -56.00000000  -5.7617700000e-01
     50000   -54.00000000  -5.9205800000e-01
     50000   -52.00000000  -6.0521500000e-01
     50000   -50.00000000  -6.1559900000e-01
     50000   -48.00000000  -6.2317700000e-01
     50000   -46.00000000  -6.2793100000e-01
     50000   -44.00000000  -6.2986000000e-01
     50000   -42.00000000  -6.2898100000e-01
     50000   -40.00000000  -6.2532900000e-01
     50000   -38.00000000  -6.1895600000e-01
     50000   -36.00000000  -6.0993600000e-01
     50000   -34.00000000  -5.9836400000e-01
     50000   -32.00000000  -5.8435800000e-01
     50000   -30.00000000  -5.6806200000e-01
     50000   -28.00000000  -5.4965100000e-01
     50000   -26.00000000  -5.2933600000e-01
     50000   -24.00000000  -5.0737500000e-01
     50000   -22.00000000  -4.8408700000e-01
     50000   -20.00000000  -4.5987500000e-01
     50000   -18.00000000  -4.3527000000e-01
     50000   -16.00000000  -4.1099900000e-01
     50000   -14.00000000  -3.8812200000e-01
     50000   -12.00000000  -3.6829700000e-01
     50000   -10.00000000  -3.5437500000e-01
     50000    -8.00000000  -3.4954700000e-01
     50000    -6.00000000  -3.7010800000e-01
     50000    -4.00000000  -2.5801400000e-01
     50000    -2.00000000   2.8000000000e-02
     50000     0.00000000   2.0080000000e-01
     50000     2.00000000   4.8370000000e-01
     50000     4.00000000   7.2890000000e-01
     50000     6.00000000   9.9201800000e-01
     50000     8.00000000   1.1479520000e+00
     50000    10.00000000   1.0617610000e+00
     50000    12.00000000   9.4773400000e-01
     50000    14.00000000   8.7813700000e-01
     50000    16.00000000   8.3310500000e-01
     50000    18.00000000   8.0382900000e-01
     50000    20.00000000   7.8496000000e-01
     50000    22.00000000   7.7304300000e-01
     50000    24.00000000   7.6573400000e-01
     50000    26.00000000   7.6137200000e-01
     50000    28.00000000   7.5874300000e-01
     50000    30.00000000   7.5693400000e-01
     50000    32.00000000   7.5524400000e-01
     50000    34.00000000   7.5312600000e-01
     50000    36.00000000   7.5014400000e-01
     50000    38.00000000   7.4595400000e-01
     50000    40.00000000   7.4028100000e-01
     50000    42.00000000   7.3290400000e-01
     50000    44.00000000   7.2365400000e-01
     50000    46.00000000   7.1239700000e-01
     50000    48.00000000   6.9903900000e-01
     50000    50.00000000   6.8351300000e-01
     50000    52.00000000   6.6578100000e-01
     50000    54.00000000   6.4583000000e-01
     50000    56.00000000   6.2367000000e-01
     50000    58.00000000   5.9933000000e-01
     50000    60.00000000   5.7286300000e-01
     50000    62.00000000   5.4433500000e-01
     50000    64.00000000   5.1383200000e-01
     50000    66.00000000   4.8145500000e-01
     50000    68.00000000   4.4731900000e-01
     50000    70.00000000   4.1155200000e-01
     50000    72.00000000   3.7429600000e-01
     50000    74.00000000   3.3570200000e-01
     50000    76.00000000   2.9593400000e-01
     50000    78.00000000   2.5516300000e-01
     50000    80.00000000   2.1357000000e-01
     50000    82.00000000   1.7134000000e-01
     50000    84.00000000   1.2866900000e-01
     50000    86.00000000   8.5753000000e-02
     50000    88.00000000   4.2795000000e-02
     50000    90.00000000   0.0000000000e+00
    100000   -90.00000000  -0.0000000000e+00
    100000   -88.00000000  -4.2639000000e-02
    100000   -86.00000000  -8.5130000000e-02
    100000   -84.00000000  -1.2726500000e-01
    100000   -82.00000000  -1.6884200000e-01
    100000   -80.00000000  -2.0965900000e-01
    100000   -78.00000000  -2.4951800000e-01
    100000   -76.00000000  -2.8823000000e-01
    100000   -74.00000000  -3.2560600000e-01
    100000   -72.00000000  -3.6147000000e-01
    100000   -70.00000000  -3.9565100000e-01
    100000   -68.00000000  -4.2798600000e-01
    100000   -66.00000000  -4.5832400000e-01
    100000   -64.00000000  -4.8652200000e-01
    100000   -62.00000000  -5.1245000000e-01
    100000   -60.00000000  -5.3598900000e-01
    100000   -58.00000000  -5.5703400000e-01
    100000   -56.00000000  -5.7549100000e-01
    100000   -54.00000000  -5.9128100000e-01
    100000   -52.00000000  -6.0434000000e-01
    100000   -50.00000000  -6.1461800000e-01
    100000   -48.00000000  -6.2208100000e-01
    100000   -46.00000000  -6.2671000000e-01
    100000   -44.00000000  -6.2850500000e-01
    100000   -42.00000000  -6.2748000000e-01
    100000   -40.00000000  -6.2366800000e-01
    100000   -38.00000000  -6.1712100000e-01
    100000   -36.00000000  -6.0791000000e-01
    100000   -34.00000000  -5.9612800000e-01
    100000   -32.00000000  -5.8188900000e-01
    100000   -30.00000000  -5.6533300000e-01
    100000   -28.00000000  -5.4663000000e-01
    100000   -26.00000000  -5.2598300000e-01
    100000   -24.00000000  -5.0364200000e-01
    100000   -22.00000000  -4.7991200000e-01
    100000   -20.00000000  -4.5517800000e-01
    100000   -18.00000000  -4.2994500000e-01
    100000   -16.00000000  -4.0490000000e-01
    100000   -14.00000000  -3.8104200000e-01
    100000   -12.00000000  -3.5992500000e-01
    100000   -10.00000000  -3.4758700000e-01
    100000    -8.00000000  -3.3536300000e-01
    100000    -6.00000000  -3.1098400000e-01
    100000    -4.00000000  -2.2470000000e-01
    100000    -2.00000000   9.8700000000e-02
    100000     0.00000000   4.0160000000e-01
    100000     2.00000000   6.7190000000e-01
    100000     4.00000000   9.2473700000e-01
    100000     6.00000000   1.0651940000e+00
    100000     8.00000000   1.1676000000e+00
    100000    10.00000000   1.0043250000e+00
    100000    12.00000000   9.0104600000e-01
    100000    14.00000000   8.3865400000e-01
    100000    16.00000000   7.9909400000e-01
    100000    18.00000000   7.7413200000e-01
    100000    20.00000000   7.5876600000e-01
    100000    22.00000000   7.4976100000e-01
    100000    24.00000000   7.4491700000e-01
    100000    26.00000000   7.4267500000e-01
    100000    28.00000000   7.4189500000e-01
    100000    30.00000000   7.4171600000e-01
    100000    32.00000000   7.4147500000e-01
    100000    34.00000000   7.4065600000e-01
    100000    36.00000000   7.3884700000e-01
    100000    38.00000000   7.3572200000e-01
    100000    40.00000000   7.3101800000e-01
    100000    42.00000000   7.2453100000e-01
    100000    44.00000000   7.1609600000e-01
    100000    46.00000000   7.0559200000e-01
    100000    48.00000000   6.9292700000e-01
    100000    50.00000000   6.7804100000e-01
    100000    52.00000000   6.6090100000e-01
    100000    54.00000000   6.4149700000e-01
    100000    56.00000000   6.1984300000e-01
    100000    58.00000000   5.9597100000e-01
    100000    60.00000000   5.6993400000e-01
    100000    62.00000000   5.4180300000e-01
    100000    64.00000000   5.1166300000e-01
    100000    66.00000000   4.7961800000e-01
    100000    68.00000000   4.4578300000e-01
    100000    70.00000000   4.1028900000e-01
    100000    72.00000000   3.7327700000e-01
    100000    74.00000000   3.3490000000e-01
    100000    76.00000000   2.9532200000e-01
    100000    78.00000000   2.5471500000e-01
    100000    80.00000000   2.1325900000e-01
    100000    82.00000000   1.7114200000e-01
    100000    84.00000000   1.2855700000e-01
    100000    86.00000000   8.5703000000e-02
    100000    88.00000000   4.2782000000e-02
    100000    90.00000000   0.0000000000e+00
    150000   -90.00000000  -0.0000000000e+00
    150000   -88.00000000  -4.2640000000e-02
    150000   -86.00000000  -8.5133000000e-02
    150000   -84.00000000  -1.2727200000e-01
    150000   -82.00000000  -1.6885400000e-01
    150000   -80.00000000  -2.0967800000e-01
    150000   -78.00000000  -2.4954600000e-01
    150000   -76.00000000  -2.8826800000e-01
    150000   -74.00000000  -3.2565600000e-01
    150000   -72.00000000  -3.6153400000e-01
    150000   -70.00000000  -3.9573000000e-01
    150000   -68.00000000  -4.2808200000e-01
    150000   -66.00000000  -4.5843800000e-01
    150000   -64.00000000  -4.8665700000e-01
    150000   -62.00000000  -5.1260800000e-01
    150000   -60.00000000  -5.3617200000e-01
    150000   -58.00000000  -5.5724300000e-01
    150000   -56.00000000  -5.7572900000e-01
    150000   -54.00000000  -5.9155100000e-01
    150000   -52.00000000  -6.0464400000e-01
    150000   -50.00000000  -6.1495900000e-01
    150000   -48.00000000  -6.2246200000e-01
    150000   -46.00000000  -6.2713500000e-01
    150000   -44.00000000  -6.2897600000e-01
    150000   -42.00000000  -6.2800200000e-01
    150000   -40.00000000  -6.2424500000e-01
    150000   -38.00000000  -6.1775900000e-01
    150000   -36.00000000  -6.0861500000e-01
    150000   -34.00000000  -5.9690600000e-01
    150000   -32.00000000  -5.8274800000e-01
    150000   -30.00000000  -5.6628200000e-01
    150000   -28.00000000  -5.4768000000e-01
    150000   -26.00000000  -5.2714900000e-01
    150000   -24.00000000  -5.0494000000e-01
    150000   -22.00000000  -4.8136400000e-01
    150000   -20.00000000  -4.5681100000e-01
    150000   -18.00000000  -4.3179700000e-01
    150000   -16.00000000  -4.0702100000e-01
    150000   -14.00000000  -3.8350400000e-01
    150000   -12.00000000  -3.6605700000e-01
    150000   -10.00000000  -3.4842000000e-01
    150000    -8.00000000  -3.3870300000e-01
    150000    -6.00000000  -3.2862600000e-01
    150000    -4.00000000  -1.9147500000e-01
    150000    -2.00000000   1.9100000000e-01
    150000     0.00000000   4.6710000000e-01
    150000     2.00000000   6.8780000000e-01
    150000     4.00000000   8.8720000000e-01
    150000     6.00000000   1.1053130000e+00
    150000     8.00000000   1.1197330000e+00
    150000    10.00000000   9.5898800000e-01
    150000    12.00000000   8.6538600000e-01
    150000    14.00000000   8.0849700000e-01
    150000    16.00000000   7.7311700000e-01
    150000    18.00000000   7.5145000000e-01
    150000    20.00000000   7.3876000000e-01
    150000    22.00000000   7.3197800000e-01
    150000    24.00000000   7.2901700000e-01
    150000    26.00000000   7.2839500000e-01
    150000    28.00000000   7.2902700000e-01
    150000    30.00000000   7.3009200000e-01
    150000    32.00000000   7.3095900000e-01
    150000    34.00000000   7.3113200000e-01
    150000    36.00000000   7.3021800000e-01
    150000    38.00000000   7.2790600000e-01
    150000    40.00000000   7.2394400000e-01
    150000    42.00000000   7.1813500000e-01
    150000    44.00000000   7.1032400000e-01
    150000    46.00000000   7.0039300000e-01
    150000    48.00000000   6.8825800000e-01
    150000    50.00000000   6.7386100000e-01
    150000    52.00000000   6.5717400000e-01
    150000    54.00000000   6.3818800000e-01
    150000    56.00000000   6.1692000000e-01
    150000    58.00000000   5.9340500000e-01
    150000    60.00000000   5.6769700000e-01
    150000    62.00000000   5.3986800000e-01
    150000    64.00000000   5.1000600000e-01
    150000    66.00000000   4.7821500000e-01
    150000    68.00000000   4.4461000000e-01
    150000    70.00000000   4.0932400000e-01
    150000    72.00000000   3.7249900000e-01
    150000    74.00000000   3.3428800000e-01
    150000    76.00000000   2.9485500000e-01
    150000    78.00000000   2.5437300000e-01
    150000    80.00000000   2.1302200000e-01
    150000    82.00000000   1.7099000000e-01
    150000    84.00000000   1.2847200000e-01
    150000    86.00000000   8.5665000000e-02
    150000    88.00000000   4.2773000000e-02
    150000    90.00000000   0.0000000000e+00
    200000   -90.00000000  -0.0000000000e+00
    200000   -88.00000000  -4.2614000000e-02
    200000   -86.00000000  -8.5030000000e-02
    200000   -84.00000000  -1.2704200000e-01
    200000   -82.00000000  -1.6844400000e-01
    200000   -80.00000000  -2.0903500000e-01
    200000   -78.00000000  -2.4861900000e-01
    200000   -76.00000000  -2.8700200000e-01
    200000   -74.00000000  -3.2399800000e-01
    200000   -72.00000000  -3.5942700000e-01
    200000   -70.00000000  -3.9311700000e-01
    200000   -68.00000000  -4.2490600000e-01
    200000   -66.00000000  -4.5463800000e-01
    200000   -64.00000000  -4.8217000000e-01
    200000   -62.00000000  -5.0736900000e-01
    200000   -60.00000000  -5.3011400000e-01
    200000   -58.00000000  -5.5029400000e-01
    200000   -56.00000000  -5.6781400000e-01
    200000   -54.00000000  -5.8258900000e-01
    200000   -52.00000000  -5.9455000000e-01
    200000   -50.00000000  -6.0364000000e-01
    200000   -48.00000000  -6.0981800000e-01
    200000   -46.00000000  -6.1305700000e-01
    200000   -44.00000000  -6.1334400000e-01
    200000   -42.00000000  -6.1068100000e-01
    200000   -40.00000000  -6.0508700000e-01
    200000   -38.00000000  -5.9659300000e-01
    200000   -36.00000000  -5.8524700000e-01
    200000   -34.00000000  -5.7111200000e-01
    200000   -32.00000000  -5.5426700000e-01
    200000   -30.00000000  -5.3480300000e-01
    200000   -28.00000000  -5.1283200000e-01
    200000   -26.00000000  -4.8847700000e-01
    200000   -24.00000000  -4.6188000000e-01
    200000   -22.00000000  -4.3320400000e-01
    200000   -20.00000000  -4.0263100000e-01
    200000   -18.00000000  -3.7037000000e-01
    200000   -16.00000000  -3.3667000000e-01
    200000   -14.00000000  -3.0183500000e-01
    200000   -12.00000000  -2.6626400000e-01
    200000   -10.00000000  -2.3830700000e-01
    200000    -8.00000000  -1.9315400000e-01
    200000    -6.00000000  -1.5104500000e-01
    200000    -4.00000000  -1.0980900000e-01
    200000    -2.00000000   2.4320000000e-01
    200000     0.00000000   4.8010000000e-01
    200000     2.00000000   6.8720000000e-01
    200000     4.00000000   8.8783300000e-01
    200000     6.00000000   1.0745300000e+00
    200000     8.00000000   1.1693000000e+00
    200000    10.00000000   1.0146770000e+00
    200000    12.00000000   9.0215600000e-01
    200000    14.00000000   8.3959300000e-01
    200000    16.00000000   7.9990300000e-01
    200000    18.00000000   7.7483800000e-01
    200000    20.00000000   7.5938900000e-01
    200000    22.00000000   7.5031400000e-01
    200000    24.00000000   7.4541200000e-01
    200000    26.00000000   7.4312000000e-01
    200000    28.00000000   7.4229600000e-01
    200000    30.00000000   7.4207800000e-01
    200000    32.00000000   7.4180300000e-01
    200000    34.00000000   7.4095200000e-01
    200000    36.00000000   7.3911600000e-01
    200000    38.00000000   7.3596500000e-01
    200000    40.00000000   7.3123900000e-01
    200000    42.00000000   7.2473000000e-01
    200000    44.00000000   7.1627600000e-01
    200000    46.00000000   7.0575300000e-01
    200000    48.00000000   6.9307200000e-01
    200000    50.00000000   6.7817100000e-01
    200000    52.00000000   6.6101700000e-01
    200000    54.00000000   6.4160000000e-01
    200000    56.00000000   6.1993400000e-01
    200000    58.00000000   5.9605100000e-01
    200000    60.00000000   5.7000400000e-01
    200000    62.00000000   5.4186300000e-01
    200000    64.00000000   5.1171500000e-01
    200000    66.00000000   4.7966100000e-01
    200000    68.00000000   4.4582000000e-01
    200000    70.00000000   4.1031900000e-01
    200000    72.00000000   3.7330100000e-01
    200000    74.00000000   3.3491900000e-01
    200000    76.00000000   2.9533700000e-01
    200000    78.00000000   2.5472600000e-01
    200000    80.00000000   2.1326600000e-01
    200000    82.00000000   1.7114700000e-01
    200000    84.00000000   1.2856000000e-01
    200000    86.00000000   8.5704000000e-02
    200000    88.00000000   4.2783000000e-02
    200000    90.00000000   0.0000000000e+00
    250000   -90.00000000  -0.0000000000e+00
    250000   -88.00000000  -4.2640000000e-02
    250000   -86.00000000  -8.5133000000e-02
    250000   -84.00000000  -1.2727200000e-01
    250000   -82.00000000  -1.6885400000e-01
    250000   -80.00000000  -2.0967800000e-01
    250000   -78.00000000  -2.4954600000e-01
    250000   -76.00000000  -2.8826700000e-01
    250000   -74.00000000  -3.2565600000e-01
    250000   -72.00000000  -3.6153300000e-01
    250000   -70.00000000  -3.9572900000e-01
    250000   -68.00000000  -4.2808100000e-01
    250000   -66.00000000  -4.5843700000e-01
    250000   -64.00000000  -4.8665500000e-01
    250000   -62.00000000  -5.1260600000e-01
    250000   -60.00000000  -5.3616900000e-01
    250000   -58.00000000  -5.5724000000e-01
    250000   -56.00000000  -5.7572600000e-01
    250000   -54.00000000  -5.9154800000e-01
    250000   -52.00000000  -6.0464000000e-01
    250000   -50.00000000  -6.1495500000e-01
    250000   -48.00000000  -6.2245700000e-01
    250000   -46.00000000  -6.2712900000e-01
    250000   -44.00000000  -6.2897000000e-01
    250000   -42.00000000  -6.2799500000e-01
    250000   -40.00000000  -6.2423800000e-01
    250000   -38.00000000  -6.1775000000e-01
    250000   -36.00000000  -6.0860500000e-01
    250000   -34.00000000  -5.9689500000e-01
    250000   -32.00000000  -5.8273600000e-01
    250000   -30.00000000  -5.6626900000e-01
    250000   -28.00000000  -5.4766600000e-01
    250000   -26.00000000  -5.2713400000e-01
    250000   -24.00000000  -5.0492300000e-01
    250000   -22.00000000  -4.8134400000e-01
    250000   -20.00000000  -4.5678900000e-01
    250000   -18.00000000  -4.3177200000e-01
    250000   -16.00000000  -4.0699300000e-01
    250000   -14.00000000  -3.8347100000e-01
    250000   -12.00000000  -3.6412000000e-01
    250000   -10.00000000  -3.4770000000e-01
    250000    -8.00000000  -2.9349700000e-01
    250000    -6.00000000  -2.5243300000e-01
    250000    -4.00000000  -7.5583000000e-02
    250000    -2.00000000   2.6650000000e-01
    250000     0.00000000   4.8140000000e-01
    250000     2.00000000   6.8460000000e-01
    250000     4.00000000   8.7463300000e-01
    250000     6.00000000   1.1005680000e+00
    250000     8.00000000   1.1298320000e+00
    250000    10.00000000   9.5890100000e-01
    250000    12.00000000   8.6300300000e-01
    250000    14.00000000   8.0648200000e-01
    250000    16.00000000   7.7138100000e-01
    250000    18.00000000   7.4993400000e-01
    250000    20.00000000   7.3742300000e-01
    250000    22.00000000   7.3078900000e-01
    250000    24.00000000   7.2795400000e-01
    250000    26.00000000   7.2744100000e-01
    250000    28.00000000   7.2816700000e-01
    250000    30.00000000   7.2931500000e-01
    250000    32.00000000   7.3025600000e-01
    250000    34.00000000   7.3049500000e-01
    250000    36.00000000   7.2964200000e-01
    250000    38.00000000   7.2738300000e-01
    250000    40.00000000   7.2347100000e-01
    250000    42.00000000   7.1770800000e-01
    250000    44.00000000   7.0993800000e-01
    250000    46.00000000   7.0004600000e-01
    250000    48.00000000   6.8794600000e-01
    250000    50.00000000   6.7358200000e-01
    250000    52.00000000   6.5692400000e-01
    250000    54.00000000   6.3796700000e-01
    250000    56.00000000   6.1672500000e-01
    250000    58.00000000   5.9323300000e-01
    250000    60.00000000   5.6754800000e-01
    250000    62.00000000   5.3973900000e-01
    250000    64.00000000   5.0989600000e-01
    250000    66.00000000   4.7812100000e-01
    250000    68.00000000   4.4453200000e-01
    250000    70.00000000   4.0926000000e-01
    250000    72.00000000   3.7244700000e-01
    250000    74.00000000   3.3424700000e-01
    250000    76.00000000   2.9482400000e-01
    250000    78.00000000   2.5435000000e-01
    250000    80.00000000   2.1300600000e-01
    250000    82.00000000   1.7098000000e-01
    250000    84.00000000   1.2846600000e-01
    250000    86.00000000   8.5663000000e-02
    250000    88.00000000   4.2772000000e-02
    250000    90.00000000   0.0000000000e+00
     50000   -90.00000000  -0.0000000000e+00
     50000   -88.00000000  -4.2641000000e-02
     50000   -86.00000000  -8.5136000000e-02
     50000   -84.00000000  -1.2727900000e-01
     50000   -82.00000000  -1.6886700000e-01
     50000   -80.00000000  -2.0969800000e-01
     50000   -78.00000000  -2.4957500000e-01
     50000   -76.00000000  -2.8830700000e-01
     50000   -74.00000000  -3.2570800000e-01
     50000   -72.00000000  -3.6160000000e-01
     50000   -70.00000000  -3.9581200000e-01
     50000   -68.00000000  -4.2818100000e-01
     50000   -66.00000000  -4.5855700000e-01
     50000   -64.00000000  -4.8679800000e-01
     50000   -62.00000000  -5.1277200000e-01
     50000   -60.00000000  -5.3636200000e-01
     50000   -58.00000000  -5.5746100000e-01
     50000   -56.00000000  -5.7597800000e-01
     50000   -54.00000000  -5.9183200000e-01
     50000   -52.00000000  -6.0496100000e-01
     50000   -50.00000000  -6.1531400000e-01
     50000   -48.00000000  -6.2285800000e-01
     50000   -46.00000000  -6.2757600000e-01
     50000   -44.00000000  -6.2946600000e-01
     50000   -42.00000000  -6.2854500000e-01
     50000   -40.00000000  -6.2484600000e-01
     50000   -38.00000000  -6.1842300000e-01
     50000   -36.00000000  -6.0934700000e-01
     50000   -34.00000000  -5.9771400000e-01
     50000   -32.00000000  -5.8364000000e-01
     50000   -30.00000000  -5.6726900000e-01
     50000   -28.00000000  -5.4877300000e-01
     50000   -26.00000000  -5.2836200000e-01
     50000   -24.00000000  -5.0629000000e-01
     50000   -22.00000000  -4.8287300000e-01
     50000   -20.00000000  -4.5851000000e-01
     50000   -18.00000000  -4.3372200000e-01
     50000   -16.00000000  -4.0922600000e-01
     50000   -14.00000000  -3.8606400000e-01
     50000   -12.00000000  -3.6586400000e-01
     50000   -10.00000000  -3.5142200000e-01
     50000    -8.00000000  -3.4591400000e-01
     50000    -6.00000000  -3.6496400000e-01
     50000    -4.00000000  -2.6566500000e-01
     50000    -2.00000000   2.9600000000e-02
     50000     0.00000000   1.9960000000e-01
     50000     2.00000000   4.8350000000e-01
     50000     4.00000000   7.2730000000e-01
     50000     6.00000000   9.8787000000e-01
     50000     8.00000000   1.1483910000e+00
     50000    10.00000000   1.0587070000e+00
     50000    12.00000000   9.4384000000e-01
     50000    14.00000000   8.7484400000e-01
     50000    16.00000000   8.3026800000e-01
     50000    18.00000000   8.0135200000e-01
     50000    20.00000000   7.8277500000e-01
     50000    22.00000000   7.7110100000e-01
     50000    24.00000000   7.6399800000e-01
     50000    26.00000000   7.5981200000e-01
     50000    28.00000000   7.5733700000e-01
     50000    30.00000000   7.5566500000e-01
     50000    32.00000000   7.5409600000e-01
     50000    34.00000000   7.5208600000e-01
     50000    36.00000000   7.4920200000e-01
     50000    38.00000000   7.4510100000e-01
     50000    40.00000000   7.3950800000e-01
     50000    42.00000000   7.3220600000e-01
     50000    44.00000000   7.2302300000e-01
     50000    46.00000000   7.1183000000e-01
     50000    48.00000000   6.9852900000e-01
     50000    50.00000000   6.8305700000e-01
     50000    52.00000000   6.6537400000e-01
     50000    54.00000000   6.4546900000e-01
     50000    56.00000000   6.2335000000e-01
     50000    58.00000000   5.9905000000e-01
     50000    60.00000000   5.7261900000e-01
     50000    62.00000000   5.4412400000e-01
     50000    64.00000000   5.1365100000e-01
     50000    66.00000000   4.8130200000e-01
     50000    68.00000000   4.4719100000e-01
     50000    70.00000000   4.1144700000e-01
     50000    72.00000000   3.7421100000e-01
     50000    74.00000000   3.3563500000e-01
     50000    76.00000000   2.9588300000e-01
     50000    78.00000000   2.5512600000e-01
     50000    80.00000000   2.1354400000e-01
     50000    82.00000000   1.7132400000e-01
     50000    84.00000000   1.2865900000e-01
     50000    86.00000000   8.5749000000e-02
     50000    88.00000000   4.2794000000e-02
     50000    90.00000000   0.0000000000e+00
    100000   -90.00000000  -0.0000000000e+00
    100000   -88.00000000  -4.2632000000e-02
    100000   -86.00000000  -8.5102000000e-02
    100000   -84.00000000  -1.2720400000e-01
    100000   -82.00000000  -1.6873300000e-01
    100000   -80.00000000  -2.0948700000e-01
    100000   -78.00000000  -2.4927100000e-01
    100000   -76.00000000  -2.8789200000e-01
    100000   -74.00000000  -3.2516400000e-01
    100000   -72.00000000  -3.6090900000e-01
    100000   -70.00000000  -3.9495400000e-01
    100000   -68.00000000  -4.2713900000e-01
    100000   -66.00000000  -4.5731000000e-01
    100000   -64.00000000  -4.8532500000e-01
    100000   -62.00000000  -5.1105300000e-01
    100000   -60.00000000  -5.3437400000e-01
    100000   -58.00000000  -5.5518100000e-01
    100000   -56.00000000  -5.7338000000e-01
    100000   -54.00000000  -5.8889100000e-01
    100000   -52.00000000  -6.0164800000e-01
    100000   -50.00000000  -6.1160000000e-01
    100000   -48.00000000  -6.1871000000e-01
    100000   -46.00000000  -6.2295700000e-01
    100000   -44.00000000  -6.2433700000e-01
    100000   -42.00000000  -6.2286100000e-01
    100000   -40.00000000  -6.1855900000e-01
    100000   -38.00000000  -6.1147700000e-01
    100000   -36.00000000  -6.0168000000e-01
    100000   -34.00000000  -5.8925100000e-01
    100000   -32.00000000  -5.7429500000e-01
    100000   -30.00000000  -5.5694000000e-01
    100000   -28.00000000  -5.3733800000e-01
    100000   -26.00000000  -5.1567200000e-01
    100000   -24.00000000  -4.9216100000e-01
    100000   -22.00000000  -4.6707000000e-01
    100000   -20.00000000  -4.4073100000e-01
    100000   -18.00000000  -4.1356600000e-01
    100000   -16.00000000  -3.8614200000e-01
    100000   -14.00000000  -3.5926500000e-01
    100000   -12.00000000  -3.3417500000e-01
    100000   -10.00000000  -3.1296200000e-01
    100000    -8.00000000  -3.0826900000e-01
    100000    -6.00000000  -2.8611200000e-01
    100000    -4.00000000  -2.1421500000e-01
    100000    -2.00000000   7.8600000000e-02
    100000     0.00000000   4.0200000000e-01
    100000     2.00000000   6.7190000000e-01
    100000     4.00000000   8.7710000000e-01
    100000     6.00000000   1.0642640000e+00
    100000     8.00000000   1.1854260000e+00
    100000    10.00000000   1.0435160000e+00
    100000    12.00000000   9.3352200000e-01
    100000    14.00000000   8.6611800000e-01
    100000    16.00000000   8.2275200000e-01
    100000    18.00000000   7.9478900000e-01
    100000    20.00000000   7.7698600000e-01
    100000    22.00000000   7.6595600000e-01
    100000    24.00000000   7.5939700000e-01
    100000    26.00000000   7.5568000000e-01
    100000    28.00000000   7.5361400000e-01
    100000    30.00000000   7.5230100000e-01
    100000    32.00000000   7.5105300000e-01
    100000    34.00000000   7.4933000000e-01
    100000    36.00000000   7.4670500000e-01
    100000    38.00000000   7.4283900000e-01
    100000    40.00000000   7.3746100000e-01
    100000    42.00000000   7.3035500000e-01
    100000    44.00000000   7.2135300000e-01
    100000    46.00000000   7.1032600000e-01
    100000    48.00000000   6.9717800000e-01
    100000    50.00000000   6.8184700000e-01
    100000    52.00000000   6.6429500000e-01
    100000    54.00000000   6.4451100000e-01
    100000    56.00000000   6.2250500000e-01
    100000    58.00000000   5.9830800000e-01
    100000    60.00000000   5.7197100000e-01
    100000    62.00000000   5.4356400000e-01
    100000    64.00000000   5.1317200000e-01
    100000    66.00000000   4.8089600000e-01
    100000    68.00000000   4.4685100000e-01
    100000    70.00000000   4.1116700000e-01
    100000    72.00000000   3.7398600000e-01
    100000    74.00000000   3.3545800000e-01
    100000    76.00000000   2.9574800000e-01
    100000    78.00000000   2.5502700000e-01
    100000    80.00000000   2.1347500000e-01
    100000    82.00000000   1.7128000000e-01
    100000    84.00000000   1.2863500000e-01
    100000    86.00000000   8.5738000000e-02
    100000    88.00000000   4.2791000000e-02
    100000    90.00000000   0.0000000000e+00
    150000   -90.00000000  -0.0000000000e+00
    150000   -88.00000000  -4.2651000000e-02
    150000   -86.00000000  -8.5178000000e-02
    150000   -84.00000000  -1.2737500000e-01
    150000   -82.00000000  -1.6903600000e-01
    150000   -80.00000000  -2.0996300000e-01
    150000   -78.00000000  -2.4995800000e-01
    150000   -76.00000000  -2.8882900000e-01
    150000   -74.00000000  -3.2639200000e-01
    150000   -72.00000000  -3.6246900000e-01
    150000   -70.00000000  -3.9688900000e-01
    150000   -68.00000000  -4.2949100000e-01
    150000   -66.00000000  -4.6012400000e-01
    150000   -64.00000000  -4.8864800000e-01
    150000   -62.00000000  -5.1493200000e-01
    150000   -60.00000000  -5.3886000000e-01
    150000   -58.00000000  -5.6032700000e-01
    150000   -56.00000000  -5.7924200000e-01
    150000   -54.00000000  -5.9552800000e-01
    150000   -52.00000000  -6.0912300000e-01
    150000   -50.00000000  -6.1998200000e-01
    150000   -48.00000000  -6.2807200000e-01
    150000   -46.00000000  -6.3338100000e-01
    150000   -44.00000000  -6.3591200000e-01
    150000   -42.00000000  -6.3568700000e-01
    150000   -40.00000000  -6.3274600000e-01
    150000   -38.00000000  -6.2715100000e-01
    150000   -36.00000000  -6.1898400000e-01
    150000   -34.00000000  -6.0835100000e-01
    150000   -32.00000000  -5.9538500000e-01
    150000   -30.00000000  -5.8025000000e-01
    150000   -28.00000000  -5.6314300000e-01
    150000   -26.00000000  -5.4430900000e-01
    150000   -24.00000000  -5.2404700000e-01
    150000   -22.00000000  -5.0273300000e-01
    150000   -20.00000000  -4.8085200000e-01
    150000   -18.00000000  -4.5905200000e-01
    150000   -16.00000000  -4.3823700000e-01
    150000   -14.00000000  -4.2043600000e-01
    150000   -12.00000000  -4.0407400000e-01
    150000   -10.00000000  -3.2904500000e-01
    150000    -8.00000000  -2.9774800000e-01
    150000    -6.00000000  -2.7538000000e-01
    150000    -4.00000000  -1.9142500000e-01
    150000    -2.00000000   1.9040000000e-01
    150000     0.00000000   4.7320000000e-01
    150000     2.00000000   6.8780000000e-01
    150000     4.00000000   8.9560000000e-01
    150000     6.00000000   1.0948900000e+00
    150000     8.00000000   1.1437810000e+00
    150000    10.00000000   9.8457200000e-01
    150000    12.00000000   8.8370100000e-01
    150000    14.00000000   8.2398600000e-01
    150000    16.00000000   7.8645900000e-01
    150000    18.00000000   7.6310000000e-01
    150000    20.00000000   7.4903500000e-01
    150000    22.00000000   7.4111100000e-01
    150000    24.00000000   7.3718300000e-01
    150000    26.00000000   7.3573000000e-01
    150000    28.00000000   7.3563600000e-01
    150000    30.00000000   7.3606200000e-01
    150000    32.00000000   7.3636000000e-01
    150000    34.00000000   7.3602300000e-01
    150000    36.00000000   7.3465000000e-01
    150000    38.00000000   7.3192000000e-01
    150000    40.00000000   7.2757700000e-01
    150000    42.00000000   7.2142000000e-01
    150000    44.00000000   7.1328900000e-01
    150000    46.00000000   7.0306300000e-01
    150000    48.00000000   6.9065600000e-01
    150000    50.00000000   6.7600800000e-01
    150000    52.00000000   6.5908800000e-01
    150000    54.00000000   6.3988800000e-01
    150000    56.00000000   6.1842100000e-01
    150000    58.00000000   5.9472300000e-01
    150000    60.00000000   5.6884600000e-01
    150000    62.00000000   5.4086200000e-01
    150000    64.00000000   5.1085700000e-01
    150000    66.00000000   4.7893500000e-01
    150000    68.00000000   4.4521300000e-01
    150000    70.00000000   4.0982000000e-01
    150000    72.00000000   3.7289900000e-01
    150000    74.00000000   3.3460200000e-01
    150000    76.00000000   2.9509500000e-01
    150000    78.00000000   2.5454800000e-01
    150000    80.00000000   2.1314400000e-01
    150000    82.00000000   1.7106800000e-01
    150000    84.00000000   1.2851600000e-01
    150000    86.00000000   8.5685000000e-02
    150000    88.00000000   4.2778000000e-02
    150000    90.00000000   0.0000000000e+00
    200000   -90.00000000  -0.0000000000e+00
    200000   -88.00000000  -4.2642000000e-02
    200000   -86.00000000  -8.5143000000e-02
    200000   -84.00000000  -1.2729500000e-01
    200000   -82.00000000  -1.6889600000e-01
    200000   -80.00000000  -2.0974300000e-01
    200000   -78.00000000  -2.4964000000e-01
    200000   -76.00000000  -2.8839500000e-01
    200000   -74.00000000  -3.2582300000e-01
    200000   -72.00000000  -3.6174600000e-01
    200000   -70.00000000  -3.9599200000e-01
    200000   -68.00000000  -4.2840100000e-01
    200000   -66.00000000  -4.5882000000e-01
    200000   -64.00000000  -4.8710800000e-01
    200000   -62.00000000  -5.1313400000e-01
    200000   -60.00000000  -5.3678100000e-01
    200000   -58.00000000  -5.5794200000e-01
    200000   -56.00000000  -5.7652500000e-01
    200000   -54.00000000  -5.9245200000e-01
    200000   -52.00000000  -6.0565900000e-01
    200000   -50.00000000  -6.1609700000e-01
    200000   -48.00000000  -6.2373300000e-01
    200000   -46.00000000  -6.2855000000e-01
    200000   -44.00000000  -6.3054800000e-01
    200000   -42.00000000  -6.2974300000e-01
    200000   -40.00000000  -6.2617100000e-01
    200000   -38.00000000  -6.1988700000e-01
    200000   -36.00000000  -6.1096400000e-01
    200000   -34.00000000  -5.9949900000e-01
    200000   -32.00000000  -5.8561100000e-01
    200000   -30.00000000  -5.6944600000e-01
    200000   -28.00000000  -5.5118300000e-01
    200000   -26.00000000  -5.3103700000e-01
    200000   -24.00000000  -5.0926900000e-01
    200000   -22.00000000  -4.8620500000e-01
    200000   -20.00000000  -4.6225800000e-01
    200000   -18.00000000  -4.3797100000e-01
    200000   -16.00000000  -4.1409300000e-01
    200000   -14.00000000  -3.9307800000e-01
    200000   -12.00000000  -3.7499000000e-01
    200000   -10.00000000  -3.0335400000e-01
    200000    -8.00000000  -2.7258000000e-01
    200000    -6.00000000  -2.4890000000e-01
    200000    -4.00000000  -9.7750000000e-02
    200000    -2.00000000   2.4320000000e-01
    200000     0.00000000   4.8010000000e-01
    200000     2.00000000   6.8720000000e-01
    200000     4.00000000   8.7640000000e-01
    200000     6.00000000   1.0971810000e+00
    200000     8.00000000   1.0729920000e+00
    200000    10.00000000   9.2073200000e-01
    200000    12.00000000   8.3431900000e-01
    200000    14.00000000   7.8222500000e-01
    200000    16.00000000   7.5048500000e-01
    200000    18.00000000   7.3168900000e-01
    200000    20.00000000   7.2133000000e-01
    200000    22.00000000   7.1648500000e-01
    200000    24.00000000   7.1516500000e-01
    200000    26.00000000   7.1595500000e-01
    200000    28.00000000   7.1781600000e-01
    200000    30.00000000   7.1996500000e-01
    200000    32.00000000   7.2179600000e-01
    200000    34.00000000   7.2283400000e-01
    200000    36.00000000   7.2270100000e-01
    200000    38.00000000   7.2109700000e-01
    200000    40.00000000   7.1778100000e-01
    200000    42.00000000   7.1256300000e-01
    200000    44.00000000   7.0529500000e-01
    200000    46.00000000   6.9586500000e-01
    200000    48.00000000   6.8419000000e-01
    200000    50.00000000   6.7022000000e-01
    200000    52.00000000   6.5392600000e-01
    200000    54.00000000   6.3530500000e-01
    200000    56.00000000   6.1437400000e-01
    200000    58.00000000   5.9116900000e-01
    200000    60.00000000   5.6574800000e-01
    200000    62.00000000   5.3818300000e-01
    200000    64.00000000   5.0856300000e-01
    200000    66.00000000   4.7699200000e-01
    200000    68.00000000   4.4358900000e-01
    200000    70.00000000   4.0848400000e-01
    200000    72.00000000   3.7182100000e-01
    200000    74.00000000   3.3375400000e-01
    200000    76.00000000   2.9444800000e-01
    200000    78.00000000   2.5407400000e-01
    200000    80.00000000   2.1281500000e-01
    200000    82.00000000   1.7085800000e-01
    200000    84.00000000   1.2839800000e-01
    200000    86.00000000   8.5632000000e-02
    200000    88.00000000   4.2765000000e-02
    200000    90.00000000   0.0000000000e+00
    250000   -90.00000000  -0.0000000000e+00
    250000   -88.00000000  -4.2641000000e-02
    250000   -86.00000000  -8.5139000000e-02
    250000   -84.00000000  -1.2728700000e-01
    250000   -82.00000000  -1.6888100000e-01
    250000   -80.00000000  -2.0971900000e-01
    250000   -78.00000000  -2.4960600000e-01
    250000   -76.00000000  -2.8834900000e-01
    250000   -74.00000000  -3.2576300000e-01
    250000   -72.00000000  -3.6167000000e-01
    250000   -70.00000000  -3.9589800000e-01
    250000   -68.00000000  -4.2828700000e-01
    250000   -66.00000000  -4.5868400000e-01
    250000   -64.00000000  -4.8694700000e-01
    250000   -62.00000000  -5.1294600000e-01
    250000   -60.00000000  -5.3656300000e-01
    250000   -58.00000000  -5.5769200000e-01
    250000   -56.00000000  -5.7624000000e-01
    250000   -54.00000000  -5.9213000000e-01
    250000   -52.00000000  -6.0529600000e-01
    250000   -50.00000000  -6.1569000000e-01
    250000   -48.00000000  -6.2327800000e-01
    250000   -46.00000000  -6.2804400000e-01
    250000   -44.00000000  -6.2998500000e-01
    250000   -42.00000000  -6.2912000000e-01
    250000   -40.00000000  -6.2548200000e-01
    250000   -38.00000000  -6.1912500000e-01
    250000   -36.00000000  -6.1012300000e-01
    250000   -34.00000000  -5.9857100000e-01
    250000   -32.00000000  -5.8458600000e-01
    250000   -30.00000000  -5.6831400000e-01
    250000   -28.00000000  -5.4993000000e-01
    250000   -26.00000000  -5.2964600000e-01
    250000   -24.00000000  -5.0772000000e-01
    250000   -22.00000000  -4.8447300000e-01
    250000   -20.00000000  -4.6030900000e-01
    250000   -18.00000000  -4.3576200000e-01
    250000   -16.00000000  -4.1156300000e-01
    250000   -14.00000000  -3.8901100000e-01
    250000   -12.00000000  -3.6889700000e-01
    250000   -10.00000000  -3.5017200000e-01
    250000    -8.00000000  -3.2618600000e-01
    250000    -6.00000000  -3.0353200000e-01
    250000    -4.00000000  -5.8200000000e-02
    250000    -2.00000000   2.6660000000e-01
    250000     0.00000000   4.7200000000e-01
    250000     2.00000000   6.8460000000e-01
    250000     4.00000000   8.9013700000e-01
    250000     6.00000000   1.1098230000e+00
    250000     8.00000000   1.0220010000e+00
    250000    10.00000000   8.8343000000e-01
    250000    12.00000000   8.0420800000e-01
    250000    14.00000000   7.5676000000e-01
    250000    16.00000000   7.2855000000e-01
    250000    18.00000000   7.1253700000e-01
    250000    20.00000000   7.0443600000e-01
    250000    22.00000000   7.0146900000e-01
    250000    24.00000000   7.0173900000e-01
    250000    26.00000000   7.0389700000e-01
    250000    28.00000000   7.0695100000e-01
    250000    30.00000000   7.1015100000e-01
    250000    32.00000000   7.1291600000e-01
    250000    34.00000000   7.1479100000e-01
    250000    36.00000000   7.1541500000e-01
    250000    38.00000000   7.1449700000e-01
    250000    40.00000000   7.1180700000e-01
    250000    42.00000000   7.0716300000e-01
    250000    44.00000000   7.0042100000e-01
    250000    46.00000000   6.9147500000e-01
    250000    48.00000000   6.8024800000e-01
    250000    50.00000000   6.6669100000e-01
    250000    52.00000000   6.5077900000e-01
    250000    54.00000000   6.3251100000e-01
    250000    56.00000000   6.1190600000e-01
    250000    58.00000000   5.8900300000e-01
    250000    60.00000000   5.6385900000e-01
    250000    62.00000000   5.3655000000e-01
    250000    64.00000000   5.0716400000e-01
    250000    66.00000000   4.7580700000e-01
    250000    68.00000000   4.4259800000e-01
    250000    70.00000000   4.0766900000e-01
    250000    72.00000000   3.7116400000e-01
    250000    74.00000000   3.3323700000e-01
    250000    76.00000000   2.9405300000e-01
    250000    78.00000000   2.5378500000e-01
    250000    80.00000000   2.1261500000e-01
    250000    82.00000000   1.7073000000e-01
    250000    84.00000000   1.2832600000e-01
    250000    86.00000000   8.5601000000e-02
    250000    88.00000000   4.2757000000e-02
    250000    90.00000000   0.0000000000e+00
     50000   -90.00000000  -0.0000000000e+00
     50000   -88.00000000  -4.2641000000e-02
     50000   -86.00000000  -8.5136000000e-02
     50000   -84.00000000  -1.2727900000e-01
     50000   -82.00000000  -1.6886700000e-01
     50000   -80.00000000  -2.0969800000e-01
     50000   -78.00000000  -2.4957500000e-01
     50000   -76.00000000  -2.8830700000e-01
     50000   -74.00000000  -3.2570800000e-01
     50000   -72.00000000  -3.6160000000e-01
     50000   -70.00000000  -3.9581200000e-01
     50000   -68.00000000  -4.2818100000e-01
     50000   -66.00000000  -4.5855700000e-01
     50000   -64.00000000  -4.8679800000e-01
     50000   -62.00000000  -5.1277200000e-01
     50000   -60.00000000  -5.3636200000e-01
     50000   -58.00000000  -5.5746100000e-01
     50000   -56.00000000  -5.7597800000e-01
     50000   -54.00000000  -5.9183200000e-01
     50000   -52.00000000  -6.0496100000e-01
     50000   -50.00000000  -6.1531400000e-01
     50000   -48.00000000  -6.2285800000e-01
     50000   -46.00000000  -6.2757600000e-01
     50000   -44.00000000  -6.2946600000e-01
     50000   -42.00000000  -6.2854500000e-01
     50000   -40.00000000  -6.2484600000e-01
     50000   -38.00000000  -6.1842300000e-01
     50000   -36.00000000  -6.0934700000e-01
     50000   -34.00000000  -5.9771400000e-01
     50000   -32.00000000  -5.8364000000e-01
     50000   -30.00000000  -5.6726900000e-01
     50000   -28.00000000  -5.4877300000e-01
     50000   -26.00000000  -5.2836200000e-01
     50000   -24.00000000  -5.0629000000e-01
     50000   -22.00000000  -4.8287300000e-01
     50000   -20.00000000  -4.5851000000e-01
     50000   -18.00000000  -4.3372200000e-01
     50000   -16.00000000  -4.0922600000e-01
     50000   -14.00000000  -3.8606400000e-01
     50000   -12.00000000  -3.6586400000e-01
     50000   -10.00000000  -3.5142200000e-01
     50000    -8.00000000  -3.4591400000e-01
     50000    -6.00000000  -3.6496400000e-01
     50000    -4.00000000  -2.6566500000e-01
     50000    -2.00000000   2.9600000000e-02
     50000     0.00000000   1.9960000000e-01
     50000     2.00000000   4.8350000000e-01
     50000     4.00000000   7.2730000000e-01
     50000     6.00000000   9.8787000000e-01
     50000     8.00000000   1.1483910000e+00
     50000    10.00000000   1.0587070000e+00
     50000    12.00000000   9.4384000000e-01
     50000    14.00000000   8.7484400000e-01
     50000    16.00000000   8.3026800000e-01
     50000    18.00000000   8.0135200000e-01
     50000    20.00000000   7.8277500000e-01
     50000    22.00000000   7.7110100000e-01
     50000    24.00000000   7.6399800000e-01
     50000    26.00000000   7.5981200000e-01
     50000    28.00000000   7.5733700000e-01
     50000    30.00000000   7.5566500000e-01
     50000    32.00000000   7.5409600000e-01
     50000    34.00000000   7.5208600000e-01
     50000    36.00000000   7.4920200000e-01
     50000    38.00000000   7.4510100000e-01
     50000    40.00000000   7.3950800000e-01
     50000    42.00000000   7.3220600000e-01
     50000    44.00000000   7.2302300000e-01
     50000    46.00000000   7.1183000000e-01
     50000    48.00000000   6.9852900000e-01
     50000    50.00000000   6.8305700000e-01
     50000    52.00000000   6.6537400000e-01
     50000    54.00000000   6.4546900000e-01
     50000    56.00000000   6.2335000000e-01
     50000    58.00000000   5.9905000000e-01
     50000    60.00000000   5.7261900000e-01
     50000    62.00000000   5.4412400000e-01
     50000    64.00000000   5.1365100000e-01
     50000    66.00000000   4.8130200000e-01
     50000    68.00000000   4.4719100000e-01
     50000    70.00000000   4.1144700000e-01
     50000    72.00000000   3.7421100000e-01
     50000    74.00000000   3.3563500000e-01
     50000    76.00000000   2.9588300000e-01
     50000    78.00000000   2.5512600000e-01
     50000    80.00000000   2.1354400000e-01
     50000    82.00000000   1.7132400000e-01
     50000    84.00000000   1.2865900000e-01
     50000    86.00000000   8.5749000000e-02
     50000    88.00000000   4.2794000000e-02
     50000    90.00000000   0.0000000000e+00
    100000   -90.00000000  -0.0000000000e+00
    100000   -88.00000000  -4.2632000000e-02
    100000   -86.00000000  -8.5102000000e-02
    100000   -84.00000000  -1.2720400000e-01
    100000   -82.00000000  -1.6873300000e-01
    100000   -80.00000000  -2.0948700000e-01
    100000   -78.00000000  -2.4927100000e-01
    100000   -76.00000000  -2.8789200000e-01
    100000   -74.00000000  -3.2516400000e-01
    100000   -72.00000000  -3.6090900000e-01
    100000   -70.00000000  -3.9495400000e-01
    100000   -68.00000000  -4.2713900000e-01
    100000   -66.00000000  -4.5731000000e-01
    100000   -64.00000000  -4.8532500000e-01
    100000   -62.00000000  -5.1105300000e-01
    100000   -60.00000000  -5.3437400000e-01
    100000   -58.00000000  -5.5518100000e-01
    100000   -56.00000000  -5.7338000000e-01
    100000   -54.00000000  -5.8889100000e-01
    100000   -52.00000000  -6.0164800000e-01
    100000   -50.00000000  -6.1160000000e-01
    100000   -48.00000000  -6.1871000000e-01
    100000   -46.00000000  -6.2295700000e-01
    100000   -44.00000000  -6.2433700000e-01
    100000   -42.00000000  -6.2286100000e-01
    100000   -40.00000000  -6.1855900000e-01
    100000   -38.00000000  -6.1147700000e-01
    100000   -36.00000000  -6.0168000000e-01
    100000   -34.00000000  -5.8925100000e-01
    100000   -32.00000000  -5.7429500000e-01
    100000   -30.00000000  -5.5694000000e-01
    100000   -28.00000000  -5.3733800000e-01
    100000   -26.00000000  -5.1567200000e-01
    100000   -24.00000000  -4.9216100000e-01
    100000   -22.00000000  -4.6707000000e-01
    100000   -20.00000000  -4.4073100000e-01
    100000   -18.00000000  -4.1356600000e-01
    100000   -16.00000000  -3.8614200000e-01
    100000   -14.00000000  -3.5926500000e-01
    100000   -12.00000000  -3.3417500000e-01
    100000   -10.00000000  -3.1296200000e-01
    100000    -8.00000000  -3.0826900000e-01
    100000    -6.00000000  -2.8611200000e-01
    100000    -4.00000000  -2.1421500000e-01
    100000    -2.00000000   7.8600000000e-02
    100000     0.00000000   4.0200000000e-01
    100000     2.00000000   6.7190000000e-01
    100000     4.00000000   8.7710000000e-01
    100000     6.00000000   1.0642640000e+00
    100000     8.00000000   1.1854260000e+00
    100000    10.00000000   1.0435160000e+00
    100000    12.00000000   9.3352200000e-01
    100000    14.00000000   8.6611800000e-01
    100000    16.00000000   8.2275200000e-01
    100000    18.00000000   7.9478900000e-01
    100000    20.00000000   7.7698600000e-01
    100000    22.00000000   7.6595600000e-01
    100000    24.00000000   7.5939700000e-01
    100000    26.00000000   7.5568000000e-01
    100000    28.00000000   7.5361400000e-01
    100000    30.00000000   7.5230100000e-01
    100000    32.00000000   7.5105300000e-01
    100000    34.00000000   7.4933000000e-01
    100000    36.00000000   7.4670500000e-01
    100000    38.00000000   7.4283900000e-01
    100000    40.00000000   7.3746100000e-01
    100000    42.00000000   7.3035500000e-01
    100000    44.00000000   7.2135300000e-01
    100000    46.00000000   7.1032600000e-01
    100000    48.00000000   6.9717800000e-01
    100000    50.00000000   6.8184700000e-01
    100000    52.00000000   6.6429500000e-01
    100000    54.00000000   6.4451100000e-01
    100000    56.00000000   6.2250500000e-01
    100000    58.00000000   5.9830800000e-01
    100000    60.00000000   5.7197100000e-01
    100000    62.00000000   5.4356400000e-01
    100000    64.00000000   5.1317200000e-01
    100000    66.00000000   4.8089600000e-01
    100000    68.00000000   4.4685100000e-01
    100000    70.00000000   4.1116700000e-01
    100000    72.00000000   3.7398600000e-01
    100000    74.00000000   3.3545800000e-01
    100000    76.00000000   2.9574800000e-01
    100000    78.00000000   2.5502700000e-01
    100000    80.00000000   2.1347500000e-01
    100000    82.00000000   1.7128000000e-01
    100000    84.00000000   1.2863500000e-01
    100000    86.00000000   8.5738000000e-02
    100000    88.00000000   4.2791000000e-02
    100000    90.00000000   0.0000000000e+00
    150000   -90.00000000  -0.0000000000e+00
    150000   -88.00000000  -4.2651000000e-02
    150000   -86.00000000  -8.5178000000e-02
    150000   -84.00000000  -1.2737500000e-01
    150000   -82.00000000  -1.6903600000e-01
    150000   -80.00000000  -2.0996300000e-01
    150000   -78.00000000  -2.4995800000e-01
    150000   -76.00000000  -2.8882900000e-01
    150000   -74.00000000  -3.2639200000e-01
    150000   -72.00000000  -3.6246900000e-01
    150000   -70.00000000  -3.9688900000e-01
    150000   -68.00000000  -4.2949100000e-01
    150000   -66.00000000  -4.6012400000e-01
    150000   -64.00000000  -4.8864800000e-01
    150000   -62.00000000  -5.1493200000e-01
    150000   -60.00000000  -5.3886000000e-01
    150000   -58.00000000  -5.6032700000e-01
    150000   -56.00000000  -5.7924200000e-01
    150000   -54.00000000  -5.9552800000e-01
    150000   -52.00000000  -6.0912300000e-01
    150000   -50.00000000  -6.1998200000e-01
    150000   -48.00000000  -6.2807200000e-01
    150000   -46.00000000  -6.3338100000e-01
    150000   -44.00000000  -6.3591200000e-01
    150000   -42.00000000  -6.3568700000e-01
    150000   -40.00000000  -6.3274600000e-01
    150000   -38.00000000  -6.2715100000e-01
    150000   -36.00000000  -6.1898400000e-01
    150000   -34.00000000  -6.0835100000e-01
    150000   -32.00000000  -5.9538500000e-01
    150000   -30.00000000  -5.8025000000e-01
    150000   -28.00000000  -5.6314300000e-01
    150000   -26.00000000  -5.4430900000e-01
    150000   -24.00000000  -5.2404700000e-01
    150000   -22.00000000  -5.0273300000e-01
    150000   -20.00000000  -4.8085200000e-01
    150000   -18.00000000  -4.5905200000e-01
    150000   -16.00000000  -4.3823700000e-01
    150000   -14.00000000  -4.2043600000e-01
    150000   -12.00000000  -4.0407400000e-01
    150000   -10.00000000  -3.2904500000e-01
    150000    -8.00000000  -2.9774800000e-01
    150000    -6.00000000  -2.7538000000e-01
    150000    -4.00000000  -1.9142500000e-01
    150000    -2.00000000   1.9040000000e-01
    150000     0.00000000   4.7320000000e-01
    150000     2.00000000   6.8780000000e-01
    150000     4.00000000   8.9560000000e-01
    150000     6.00000000   1.0948900000e+00
    150000     8.00000000   1.1437810000e+00
    150000    10.00000000   9.8457200000e-01
    150000    12.00000000   8.8370100000e-01
    150000    14.00000000   8.2398600000e-01
    150000    16.00000000   7.8645900000e-01
    150000    18.00000000   7.6310000000e-01
    150000    20.00000000   7.4903500000e-01
    150000    22.00000000   7.4111100000e-01
    150000    24.00000000   7.3718300000e-01
    150000    26.00000000   7.3573000000e-01
    150000    28.00000000   7.3563600000e-01
    150000    30.00000000   7.3606200000e-01
    150000    32.00000000   7.3636000000e-01
    150000    34.00000000   7.3602300000e-01
    150000    36.00000000   7.3465000000e-01
    150000    38.00000000   7.3192000000e-01
    150000    40.00000000   7.2757700000e-01
    150000    42.00000000   7.2142000000e-01
    150000    44.00000000   7.1328900000e-01
    150000    46.00000000   7.0306300000e-01
    150000    48.00000000   6.9065600000e-01
    150000    50.00000000   6.7600800000e-01
    150000    52.00000000   6.5908800000e-01
    150000    54.00000000   6.3988800000e-01
    150000    56.00000000   6.1842100000e-01
    150000    58.00000000   5.9472300000e-01
    150000    60.00000000   5.6884600000e-01
    150000    62.00000000   5.4086200000e-01
    150000    64.00000000   5.1085700000e-01
    150000    66.00000000   4.7893500000e-01
    150000    68.00000000   4.4521300000e-01
    150000    70.00000000   4.0982000000e-01
    150000    72.00000000   3.7289900000e-01
    150000    74.00000000   3.3460200000e-01
    150000    76.00000000   2.9509500000e-01
    150000    78.00000000   2.5454800000e-01
    150000    80.00000000   2.1314400000e-01
    150000    82.00000000   1.7106800000e-01
    150000    84.00000000   1.2851600000e-01
    150000    86.00000000   8.5685000000e-02
    150000    88.00000000   4.2778000000e-02
    150000    90.00000000   0.0000000000e+00
    200000   -90.00000000  -0.0000000000e+00
    200000   -88.00000000  -4.2642000000e-02
    200000   -86.00000000  -8.5143000000e-02
    200000   -84.00000000  -1.2729500000e-01
    200000   -82.00000000  -1.6889600000e-01
    200000   -80.00000000  -2.0974300000e-01
    200000   -78.00000000  -2.4964000000e-01
    200000   -76.00000000  -2.8839500000e-01
    200000   -74.00000000  -3.2582300000e-01
    200000   -72.00000000  -3.6174600000e-01
    200000   -70.00000000  -3.9599200000e-01
    200000   -68.00000000  -4.2840100000e-01
    200000   -66.00000000  -4.5882000000e-01
    200000   -64.00000000  -4.8710800000e-01
    200000   -62.00000000  -5.1313400000e-01
    200000   -60.00000000  -5.3678100000e-01
    200000   -58.00000000  -5.5794200000e-01
    200000   -56.00000000  -5.7652500000e-01
    200000   -54.00000000  -5.9245200000e-01
    200000   -52.00000000  -6.0565900000e-01
    200000   -50.00000000  -6.1609700000e-01
    200000   -48.00000000  -6.2373300000e-01
    200000   -46.00000000  -6.2855000000e-01
    200000   -44.00000000  -6.3054800000e-01
    200000   -42.00000000  -6.2974300000e-01
    200000   -40.00000000  -6.2617100000e-01
    200000   -38.00000000  -6.1988700000e-01
    200000   -36.00000000  -6.1096400000e-01
    200000   -34.00000000  -5.9949900000e-01
    200000   -32.00000000  -5.8561100000e-01
    200000   -30.00000000  -5.6944600000e-01
    200000   -28.00000000  -5.5118300000e-01
    200000   -26.00000000  -5.3103700000e-01
    200000   -24.00000000  -5.0926900000e-01
    200000   -22.00000000  -4.8620500000e-01
    200000   -20.00000000  -4.6225800000e-01
    200000   -18.00000000  -4.3797100000e-01
    200000   -16.00000000  -4.1409300000e-01
    200000   -14.00000000  -3.9307800000e-01
    200000   -12.00000000  -3.7499000000e-01
    200000   -10.00000000  -3.0335400000e-01
    200000    -8.00000000  -2.7258000000e-01
    200000    -6.00000000  -2.4890000000e-01
    200000    -4.00000000  -9.7750000000e-02
    200000    -2.00000000   2.4320000000e-01
    200000     0.00000000   4.8010000000e-01
    200000     2.00000000   6.8720000000e-01
    200000     4.00000000   8.7640000000e-01
    200000     6.00000000   1.0971810000e+00
    200000     8.00000000   1.0729920000e+00
    200000    10.00000000   9.2073200000e-01
    200000    12.00000000   8.3431900000e-01
    200000    14.00000000   7.8222500000e-01
    200000    16.00000000   7.5048500000e-01
    200000    18.00000000   7.3168900000e-01
    200000    20.00000000   7.2133000000e-01
    200000    22.00000000   7.1648500000e-01
    200000    24.00000000   7.1516500000e-01
    200000    26.00000000   7.1595500000e-01
    200000    28.00000000   7.1781600000e-01
    200000    30.00000000   7.1996500000e-01
    200000    32.00000000   7.2179600000e-01
    200000    34.00000000   7.2283400000e-01
    200000    36.00000000   7.2270100000e-01
    200000    38.00000000   7.2109700000e-01
    200000    40.00000000   7.1778100000e-01
    200000    42.00000000   7.1256300000e-01
    200000    44.00000000   7.0529500000e-01
    200000    46.00000000   6.9586500000e-01
    200000    48.00000000   6.8419000000e-01
    200000    50.00000000   6.7022000000e-01
    200000    52.00000000   6.5392600000e-01
    200000    54.00000000   6.3530500000e-01
    200000    56.00000000   6.1437400000e-01
    200000    58.00000000   5.9116900000e-01
    200000    60.00000000   5.6574800000e-01
    200000    62.00000000   5.3818300000e-01
    200000    64.00000000   5.0856300000e-01
    200000    66.00000000   4.7699200000e-01
    200000    68.00000000   4.4358900000e-01
    200000    70.00000000   4.0848400000e-01
    200000    72.00000000   3.7182100000e-01
    200000    74.00000000   3.3375400000e-01
    200000    76.00000000   2.9444800000e-01
    200000    78.00000000   2.5407400000e-01
    200000    80.00000000   2.1281500000e-01
    200000    82.00000000   1.7085800000e-01
    200000    84.00000000   1.2839800000e-01
    200000    86.00000000   8.5632000000e-02
    200000    88.00000000   4.2765000000e-02
    200000    90.00000000   0.0000000000e+00
    250000   -90.00000000  -0.0000000000e+00
    250000   -88.00000000  -4.2641000000e-02
    250000   -86.00000000  -8.5139000000e-02
    250000   -84.00000000  -1.2728700000e-01
    250000   -82.00000000  -1.6888100000e-01
    250000   -80.00000000  -2.0971900000e-01
    250000   -78.00000000  -2.4960600000e-01
    250000   -76.00000000  -2.8834900000e-01
    250000   -74.00000000  -3.2576300000e-01
    250000   -72.00000000  -3.6167000000e-01
    250000   -70.00000000  -3.9589800000e-01
    250000   -68.00000000  -4.2828700000e-01
    250000   -66.00000000  -4.5868400000e-01
    250000   -64.00000000  -4.8694700000e-01
    250000   -62.00000000  -5.1294600000e-01
    250000   -60.00000000  -5.3656300000e-01
    250000   -58.00000000  -5.5769200000e-01
    250000   -56.00000000  -5.7624000000e-01
    250000   -54.00000000  -5.9213000000e-01
    250000   -52.00000000  -6.0529600000e-01
    250000   -50.00000000  -6.1569000000e-01
    250000   -48.00000000  -6.2327800000e-01
    250000   -46.00000000  -6.2804400000e-01
    250000   -44.00000000  -6.2998500000e-01
    250000   -42.00000000  -6.2912000000e-01
    250000   -40.00000000  -6.2548200000e-01
    250000   -38.00000000  -6.1912500000e-01
    250000   -36.00000000  -6.1012300000e-01
    250000   -34.00000000  -5.9857100000e-01
    250000   -32.00000000  -5.8458600000e-01
    250000   -30.00000000  -5.6831400000e-01
    250000   -28.00000000  -5.4993000000e-01
    250000   -26.00000000  -5.2964600000e-01
    250000   -24.00000000  -5.0772000000e-01
    250000   -22.00000000  -4.8447300000e-01
    250000   -20.00000000  -4.6030900000e-01
    250000   -18.00000000  -4.3576200000e-01
    250000   -16.00000000  -4.1156300000e-01
    250000   -14.00000000  -3.8901100000e-01
    250000   -12.00000000  -3.6889700000e-01
    250000   -10.00000000  -3.5017200000e-01
    250000    -8.00000000  -3.2618600000e-01
    250000    -6.00000000  -3.0353200000e-01
    250000    -4.00000000  -5.8200000000e-02
    250000    -2.00000000   2.6660000000e-01
    250000     0.00000000   4.7200000000e-01
    250000     2.00000000   6.8460000000e-01
    250000     4.00000000   8.9013700000e-01
    250000     6.00000000   1.1098230000e+00
    250000     8.00000000   1.0220010000e+00
    250000    10.00000000   8.8343000000e-01
    250000    12.00000000   8.0420800000e-01
    250000    14.00000000   7.5676000000e-01
    250000    16.00000000   7.2855000000e-01
    250000    18.00000000   7.1253700000e-01
    250000    20.00000000   7.0443600000e-01
    250000    22.00000000   7.0146900000e-01
    250000    24.00000000   7.0173900000e-01
    250000    26.00000000   7.0389700000e-01
    250000    28.00000000   7.0695100000e-01
    250000    30.00000000   7.1015100000e-01
    250000    32.00000000   7.1291600000e-01
    250000    34.00000000   7.1479100000e-01
    250000    36.00000000   7.1541500000e-01
    250000    38.00000000   7.1449700000e-01
    250000    40.00000000   7.1180700000e-01
    250000    42.00000000   7.0716300000e-01
    250000    44.00000000   7.0042100000e-01
    250000    46.00000000   6.9147500000e-01
    250000    48.00000000   6.8024800000e-01
    250000    50.00000000   6.6669100000e-01
    250000    52.00000000   6.5077900000e-01
    250000    54.00000000   6.3251100000e-01
    250000    56.00000000   6.1190600000e-01
    250000    58.00000000   5.8900300000e-01
    250000    60.00000000   5.6385900000e-01
    250000    62.00000000   5.3655000000e-01
    250000    64.00000000   5.0716400000e-01
    250000    66.00000000   4.7580700000e-01
    250000    68.00000000   4.4259800000e-01
    250000    70.00000000   4.0766900000e-01
    250000    72.00000000   3.7116400000e-01
    250000    74.00000000   3.3323700000e-01
    250000    76.00000000   2.9405300000e-01
    250000    78.00000000   2.5378500000e-01
    250000    80.00000000   2.1261500000e-01
    250000    82.00000000   1.7073000000e-01
    250000    84.00000000   1.2832600000e-01
    250000    86.00000000   8.5601000000e-02
    250000    88.00000000   4.2757000000e-02
    250000    90.00000000   0.0000000000e+00
     50000   -90.00000000  -0.0000000000e+00
     50000   -88.00000000  -4.2641000000e-02
     50000   -86.00000000  -8.5138000000e-02
     50000   -84.00000000  -1.2728400000e-01
     50000   -82.00000000  -1.6887600000e-01
     50000   -80.00000000  -2.0971200000e-01
     50000   -78.00000000  -2.4959500000e-01
     50000   -76.00000000  -2.8833400000e-01
     50000   -74.00000000  -3.2574300000e-01
     50000   -72.00000000  -3.6164400000e-01
     50000   -70.00000000  -3.9586600000e-01
     50000   -68.00000000  -4.2824800000e-01
     50000   -66.00000000  -4.5863700000e-01
     50000   -64.00000000  -4.8689200000e-01
     50000   -62.00000000  -5.1288200000e-01
     50000   -60.00000000  -5.3648900000e-01
     50000   -58.00000000  -5.5760700000e-01
     50000   -56.00000000  -5.7614400000e-01
     50000   -54.00000000  -5.9202000000e-01
     50000   -52.00000000  -6.0517300000e-01
     50000   -50.00000000  -6.1555200000e-01
     50000   -48.00000000  -6.2312400000e-01
     50000   -46.00000000  -6.2787200000e-01
     50000   -44.00000000  -6.2979400000e-01
     50000   -42.00000000  -6.2890800000e-01
     50000   -40.00000000  -6.2524800000e-01
     50000   -38.00000000  -6.1886700000e-01
     50000   -36.00000000  -6.0983800000e-01
     50000   -34.00000000  -5.9825600000e-01
     50000   -32.00000000  -5.8423800000e-01
     50000   -30.00000000  -5.6793000000e-01
     50000   -28.00000000  -5.4950500000e-01
     50000   -26.00000000  -5.2917400000e-01
     50000   -24.00000000  -5.0719400000e-01
     50000   -22.00000000  -4.8388500000e-01
     50000   -20.00000000  -4.5964800000e-01
     50000   -18.00000000  -4.3501200000e-01
     50000   -16.00000000  -4.1070400000e-01
     50000   -14.00000000  -3.8777900000e-01
     50000   -12.00000000  -3.6789200000e-01
     50000   -10.00000000  -3.5388300000e-01
     50000    -8.00000000  -3.5011700000e-01
     50000    -6.00000000  -3.6939400000e-01
     50000    -4.00000000  -2.6446800000e-01
     50000    -2.00000000   2.9100000000e-02
     50000     0.00000000   1.9920000000e-01
     50000     2.00000000   4.8310000000e-01
     50000     4.00000000   7.3150000000e-01
     50000     6.00000000   9.8240000000e-01
     50000     8.00000000   1.1646900000e+00
     50000    10.00000000   1.1629530000e+00
     50000    12.00000000   1.0207750000e+00
     50000    14.00000000   9.4140500000e-01
     50000    16.00000000   8.8760500000e-01
     50000    18.00000000   8.5141500000e-01
     50000    20.00000000   8.2693200000e-01
     50000    22.00000000   8.1035200000e-01
     50000    24.00000000   7.9909200000e-01
     50000    26.00000000   7.9133100000e-01
     50000    28.00000000   7.8573900000e-01
     50000    30.00000000   7.8132000000e-01
     50000    32.00000000   7.7730800000e-01
     50000    34.00000000   7.7310800000e-01
     50000    36.00000000   7.6824700000e-01
     50000    38.00000000   7.6235200000e-01
     50000    40.00000000   7.5512300000e-01
     50000    42.00000000   7.4632200000e-01
     50000    44.00000000   7.3576400000e-01
     50000    46.00000000   7.2330300000e-01
     50000    48.00000000   7.0883400000e-01
     50000    50.00000000   6.9228200000e-01
     50000    52.00000000   6.7360100000e-01
     50000    54.00000000   6.5277300000e-01
     50000    56.00000000   6.2980100000e-01
     50000    58.00000000   6.0471400000e-01
     50000    60.00000000   5.7755600000e-01
     50000    62.00000000   5.4839300000e-01
     50000    64.00000000   5.1730800000e-01
     50000    66.00000000   4.8439900000e-01
     50000    68.00000000   4.4977900000e-01
     50000    70.00000000   4.1357600000e-01
     50000    72.00000000   3.7592800000e-01
     50000    74.00000000   3.3698700000e-01
     50000    76.00000000   2.9691500000e-01
     50000    78.00000000   2.5588200000e-01
     50000    80.00000000   2.1406700000e-01
     50000    82.00000000   1.7165800000e-01
     50000    84.00000000   1.2884700000e-01
     50000    86.00000000   8.5832000000e-02
     50000    88.00000000   4.2815000000e-02
     50000    90.00000000   0.0000000000e+00
    100000   -90.00000000  -0.0000000000e+00
    100000   -88.00000000  -4.2631000000e-02
    100000   -86.00000000  -8.5099000000e-02
    100000   -84.00000000  -1.2719600000e-01
    100000   -82.00000000  -1.6871900000e-01
    100000   -80.00000000  -2.0946600000e-01
    100000   -78.00000000  -2.4924100000e-01
    100000   -76.00000000  -2.8785100000e-01
    100000   -74.00000000  -3.2511000000e-01
    100000   -72.00000000  -3.6084000000e-01
    100000   -70.00000000  -3.9487000000e-01
    100000   -68.00000000  -4.2703600000e-01
    100000   -66.00000000  -4.5718700000e-01
    100000   -64.00000000  -4.8518000000e-01
    100000   -62.00000000  -5.1088300000e-01
    100000   -60.00000000  -5.3417700000e-01
    100000   -58.00000000  -5.5495500000e-01
    100000   -56.00000000  -5.7312300000e-01
    100000   -54.00000000  -5.8860100000e-01
    100000   -52.00000000  -6.0132100000e-01
    100000   -50.00000000  -6.1123300000e-01
    100000   -48.00000000  -6.1829900000e-01
    100000   -46.00000000  -6.2250000000e-01
    100000   -44.00000000  -6.2382900000e-01
    100000   -42.00000000  -6.2229900000e-01
    100000   -40.00000000  -6.1793700000e-01
    100000   -38.00000000  -6.1079000000e-01
    100000   -36.00000000  -6.0092100000e-01
    100000   -34.00000000  -5.8841300000e-01
    100000   -32.00000000  -5.7337000000e-01
    100000   -30.00000000  -5.5591800000e-01
    100000   -28.00000000  -5.3620700000e-01
    100000   -26.00000000  -5.1441600000e-01
    100000   -24.00000000  -4.9076300000e-01
    100000   -22.00000000  -4.6550700000e-01
    100000   -20.00000000  -4.3897300000e-01
    100000   -18.00000000  -4.1157200000e-01
    100000   -16.00000000  -3.8385800000e-01
    100000   -14.00000000  -3.5661500000e-01
    100000   -12.00000000  -3.3104000000e-01
    100000   -10.00000000  -3.0915700000e-01
    100000    -8.00000000  -2.9483000000e-01
    100000    -6.00000000  -3.0179800000e-01
    100000    -4.00000000  -3.0440000000e-01
    100000    -2.00000000   7.4343000000e-02
    100000     0.00000000   4.0240000000e-01
    100000     2.00000000   6.7170000000e-01
    100000     4.00000000   9.1027500000e-01
    100000     6.00000000   1.0656710000e+00
    100000     8.00000000   1.1955720000e+00
    100000    10.00000000   1.0383220000e+00
    100000    12.00000000   9.2994900000e-01
    100000    14.00000000   8.6309600000e-01
    100000    16.00000000   8.2014900000e-01
    100000    18.00000000   7.9251600000e-01
    100000    20.00000000   7.7498100000e-01
    100000    22.00000000   7.6417400000e-01
    100000    24.00000000   7.5780400000e-01
    100000    26.00000000   7.5424900000e-01
    100000    28.00000000   7.5232500000e-01
    100000    30.00000000   7.5113700000e-01
    100000    32.00000000   7.4999900000e-01
    100000    34.00000000   7.4837500000e-01
    100000    36.00000000   7.4584100000e-01
    100000    38.00000000   7.4205600000e-01
    100000    40.00000000   7.3675200000e-01
    100000    42.00000000   7.2971400000e-01
    100000    44.00000000   7.2077500000e-01
    100000    46.00000000   7.0980500000e-01
    100000    48.00000000   6.9671100000e-01
    100000    50.00000000   6.8142800000e-01
    100000    52.00000000   6.6392200000e-01
    100000    54.00000000   6.4417900000e-01
    100000    56.00000000   6.2221200000e-01
    100000    58.00000000   5.9805100000e-01
    100000    60.00000000   5.7174700000e-01
    100000    62.00000000   5.4337000000e-01
    100000    64.00000000   5.1300600000e-01
    100000    66.00000000   4.8075500000e-01
    100000    68.00000000   4.4673400000e-01
    100000    70.00000000   4.1107100000e-01
    100000    72.00000000   3.7390800000e-01
    100000    74.00000000   3.3539700000e-01
    100000    76.00000000   2.9570100000e-01
    100000    78.00000000   2.5499300000e-01
    100000    80.00000000   2.1345100000e-01
    100000    82.00000000   1.7126500000e-01
    100000    84.00000000   1.2862600000e-01
    100000    86.00000000   8.5734000000e-02
    100000    88.00000000   4.2790000000e-02
    100000    90.00000000   0.0000000000e+00
    150000   -90.00000000  -0.0000000000e+00
    150000   -88.00000000  -4.2637000000e-02
    150000   -86.00000000  -8.5122000000e-02
    150000   -84.00000000  -1.2724900000e-01
    150000   -82.00000000  -1.6881200000e-01
    150000   -80.00000000  -2.0961200000e-01
    150000   -78.00000000  -2.4945100000e-01
    150000   -76.00000000  -2.8813800000e-01
    150000   -74.00000000  -3.2548700000e-01
    150000   -72.00000000  -3.6131800000e-01
    150000   -70.00000000  -3.9546300000e-01
    150000   -68.00000000  -4.2775700000e-01
    150000   -66.00000000  -4.5805000000e-01
    150000   -64.00000000  -4.8619800000e-01
    150000   -62.00000000  -5.1207200000e-01
    150000   -60.00000000  -5.3555200000e-01
    150000   -58.00000000  -5.5653300000e-01
    150000   -56.00000000  -5.7492000000e-01
    150000   -54.00000000  -5.9063500000e-01
    150000   -52.00000000  -6.0361200000e-01
    150000   -50.00000000  -6.1380200000e-01
    150000   -48.00000000  -6.2116900000e-01
    150000   -46.00000000  -6.2569500000e-01
    150000   -44.00000000  -6.2737700000e-01
    150000   -42.00000000  -6.2623000000e-01
    150000   -40.00000000  -6.2228600000e-01
    150000   -38.00000000  -6.1559400000e-01
    150000   -36.00000000  -6.0622500000e-01
    150000   -34.00000000  -5.9426800000e-01
    150000   -32.00000000  -5.7983500000e-01
    150000   -30.00000000  -5.6306300000e-01
    150000   -28.00000000  -5.4411600000e-01
    150000   -26.00000000  -5.2319400000e-01
    150000   -24.00000000  -5.0053700000e-01
    150000   -22.00000000  -4.7643800000e-01
    150000   -20.00000000  -4.5127000000e-01
    150000   -18.00000000  -4.2551400000e-01
    150000   -16.00000000  -3.9982600000e-01
    150000   -14.00000000  -3.7515200000e-01
    150000   -12.00000000  -3.5296000000e-01
    150000   -10.00000000  -3.3703000000e-01
    150000    -8.00000000  -3.2652400000e-01
    150000    -6.00000000  -2.9952500000e-01
    150000    -4.00000000  -1.4860000000e-01
    150000    -2.00000000   2.0050000000e-01
    150000     0.00000000   4.6710000000e-01
    150000     2.00000000   6.8780000000e-01
    150000     4.00000000   8.9230000000e-01
    150000     6.00000000   1.0735140000e+00
    150000     8.00000000   1.1535000000e+00
    150000    10.00000000   9.9677200000e-01
    150000    12.00000000   8.9183700000e-01
    150000    14.00000000   8.3086600000e-01
    150000    16.00000000   7.9238600000e-01
    150000    18.00000000   7.6827500000e-01
    150000    20.00000000   7.5359900000e-01
    150000    22.00000000   7.4516800000e-01
    150000    24.00000000   7.4081100000e-01
    150000    26.00000000   7.3898800000e-01
    150000    28.00000000   7.3857200000e-01
    150000    30.00000000   7.3871400000e-01
    150000    32.00000000   7.3876000000e-01
    150000    34.00000000   7.3819600000e-01
    150000    36.00000000   7.3661900000e-01
    150000    38.00000000   7.3370300000e-01
    150000    40.00000000   7.2919200000e-01
    150000    42.00000000   7.2287900000e-01
    150000    44.00000000   7.1460600000e-01
    150000    46.00000000   7.0424900000e-01
    150000    48.00000000   6.9172100000e-01
    150000    50.00000000   6.7696200000e-01
    150000    52.00000000   6.5993800000e-01
    150000    54.00000000   6.4064300000e-01
    150000    56.00000000   6.1908800000e-01
    150000    58.00000000   5.9530800000e-01
    150000    60.00000000   5.6935600000e-01
    150000    62.00000000   5.4130300000e-01
    150000    64.00000000   5.1123500000e-01
    150000    66.00000000   4.7925500000e-01
    150000    68.00000000   4.4548000000e-01
    150000    70.00000000   4.1004000000e-01
    150000    72.00000000   3.7307600000e-01
    150000    74.00000000   3.3474200000e-01
    150000    76.00000000   2.9520100000e-01
    150000    78.00000000   2.5462700000e-01
    150000    80.00000000   2.1319800000e-01
    150000    82.00000000   1.7110300000e-01
    150000    84.00000000   1.2853500000e-01
    150000    86.00000000   8.5693000000e-02
    150000    88.00000000   4.2780000000e-02
    150000    90.00000000   0.0000000000e+00
    200000   -90.00000000  -0.0000000000e+00
    200000   -88.00000000  -4.2641000000e-02
    200000   -86.00000000  -8.5137000000e-02
    200000   -84.00000000  -1.2728200000e-01
    200000   -82.00000000  -1.6887100000e-01
    200000   -80.00000000  -2.0970400000e-01
    200000   -78.00000000  -2.4958400000e-01
    200000   -76.00000000  -2.8831900000e-01
    200000   -74.00000000  -3.2572400000e-01
    200000   -72.00000000  -3.6162000000e-01
    200000   -70.00000000  -3.9583600000e-01
    200000   -68.00000000  -4.2821100000e-01
    200000   -66.00000000  -4.5859300000e-01
    200000   -64.00000000  -4.8683900000e-01
    200000   -62.00000000  -5.1282100000e-01
    200000   -60.00000000  -5.3641800000e-01
    200000   -58.00000000  -5.5752600000e-01
    200000   -56.00000000  -5.7605100000e-01
    200000   -54.00000000  -5.9191600000e-01
    200000   -52.00000000  -6.0505500000e-01
    200000   -50.00000000  -6.1541900000e-01
    200000   -48.00000000  -6.2297600000e-01
    200000   -46.00000000  -6.2770700000e-01
    200000   -44.00000000  -6.2961200000e-01
    200000   -42.00000000  -6.2870600000e-01
    200000   -40.00000000  -6.2502400000e-01
    200000   -38.00000000  -6.1861900000e-01
    200000   -36.00000000  -6.0956500000e-01
    200000   -34.00000000  -5.9795400000e-01
    200000   -32.00000000  -5.8390500000e-01
    200000   -30.00000000  -5.6756200000e-01
    200000   -28.00000000  -5.4909700000e-01
    200000   -26.00000000  -5.2872100000e-01
    200000   -24.00000000  -5.0669100000e-01
    200000   -22.00000000  -4.8332100000e-01
    200000   -20.00000000  -4.5901400000e-01
    200000   -18.00000000  -4.3429300000e-01
    200000   -16.00000000  -4.0988100000e-01
    200000   -14.00000000  -3.8682400000e-01
    200000   -12.00000000  -3.6395500000e-01
    200000   -10.00000000  -3.5039000000e-01
    200000    -8.00000000  -3.2484800000e-01
    200000    -6.00000000  -2.9959500000e-01
    200000    -4.00000000  -1.3206000000e-01
    200000    -2.00000000   2.4080000000e-01
    200000     0.00000000   4.8310000000e-01
    200000     2.00000000   6.8720000000e-01
    200000     4.00000000   8.8165000000e-01
    200000     6.00000000   1.0694110000e+00
    200000     8.00000000   1.1723000000e+00
    200000    10.00000000   1.0171010000e+00
    200000    12.00000000   9.0411600000e-01
    200000    14.00000000   8.4125000000e-01
    200000    16.00000000   8.0133000000e-01
    200000    18.00000000   7.7608400000e-01
    200000    20.00000000   7.6048800000e-01
    200000    22.00000000   7.5129100000e-01
    200000    24.00000000   7.4628500000e-01
    200000    26.00000000   7.4390500000e-01
    200000    28.00000000   7.4300300000e-01
    200000    30.00000000   7.4271600000e-01
    200000    32.00000000   7.4238100000e-01
    200000    34.00000000   7.4147600000e-01
    200000    36.00000000   7.3959000000e-01
    200000    38.00000000   7.3639400000e-01
    200000    40.00000000   7.3162700000e-01
    200000    42.00000000   7.2508100000e-01
    200000    44.00000000   7.1659300000e-01
    200000    46.00000000   7.0603900000e-01
    200000    48.00000000   6.9332800000e-01
    200000    50.00000000   6.7840100000e-01
    200000    52.00000000   6.6122200000e-01
    200000    54.00000000   6.4178200000e-01
    200000    56.00000000   6.2009400000e-01
    200000    58.00000000   5.9619200000e-01
    200000    60.00000000   5.7012700000e-01
    200000    62.00000000   5.4196900000e-01
    200000    64.00000000   5.1180600000e-01
    200000    66.00000000   4.7973900000e-01
    200000    68.00000000   4.4588400000e-01
    200000    70.00000000   4.1037200000e-01
    200000    72.00000000   3.7334400000e-01
    200000    74.00000000   3.3495300000e-01
    200000    76.00000000   2.9536200000e-01
    200000    78.00000000   2.5474400000e-01
    200000    80.00000000   2.1327900000e-01
    200000    82.00000000   1.7115500000e-01
    200000    84.00000000   1.2856400000e-01
    200000    86.00000000   8.5706000000e-02
    200000    88.00000000   4.2783000000e-02
    200000    90.00000000   0.0000000000e+00
    250000   -90.00000000  -0.0000000000e+00
    250000   -88.00000000  -4.2626000000e-02
    250000   -86.00000000  -8.5078000000e-02
    250000   -84.00000000  -1.2714900000e-01
    250000   -82.00000000  -1.6863500000e-01
    250000   -80.00000000  -2.0933500000e-01
    250000   -78.00000000  -2.4905100000e-01
    250000   -76.00000000  -2.8759100000e-01
    250000   -74.00000000  -3.2477000000e-01
    250000   -72.00000000  -3.6040800000e-01
    250000   -70.00000000  -3.9433400000e-01
    250000   -68.00000000  -4.2638500000e-01
    250000   -66.00000000  -4.5640800000e-01
    250000   -64.00000000  -4.8426000000e-01
    250000   -62.00000000  -5.0980900000e-01
    250000   -60.00000000  -5.3293600000e-01
    250000   -58.00000000  -5.5353100000e-01
    250000   -56.00000000  -5.7150100000e-01
    250000   -54.00000000  -5.8676400000e-01
    250000   -52.00000000  -5.9925200000e-01
    250000   -50.00000000  -6.0891300000e-01
    250000   -48.00000000  -6.1570800000e-01
    250000   -46.00000000  -6.1961500000e-01
    250000   -44.00000000  -6.2062600000e-01
    250000   -42.00000000  -6.1874900000e-01
    250000   -40.00000000  -6.1401100000e-01
    250000   -38.00000000  -6.0645200000e-01
    250000   -36.00000000  -5.9613200000e-01
    250000   -34.00000000  -5.8312700000e-01
    250000   -32.00000000  -5.6753400000e-01
    250000   -30.00000000  -5.4946700000e-01
    250000   -28.00000000  -5.2906500000e-01
    250000   -26.00000000  -5.0649100000e-01
    250000   -24.00000000  -4.8193900000e-01
    250000   -22.00000000  -4.5563800000e-01
    250000   -20.00000000  -4.2786900000e-01
    250000   -18.00000000  -3.9898400000e-01
    250000   -16.00000000  -3.6944100000e-01
    250000   -14.00000000  -3.3987800000e-01
    250000   -12.00000000  -3.1124900000e-01
    250000   -10.00000000  -2.8513700000e-01
    250000    -8.00000000  -2.6823600000e-01
    250000    -6.00000000  -2.3190200000e-01
    250000    -4.00000000  -8.2553000000e-02
    250000    -2.00000000   2.6670000000e-01
    250000     0.00000000   4.8150000000e-01
    250000     2.00000000   6.8450000000e-01
    250000     4.00000000   8.7150000000e-01
    250000     6.00000000   1.0909380000e+00
    250000     8.00000000   1.1250330000e+00
    250000    10.00000000   9.5516700000e-01
    250000    12.00000000   8.5994800000e-01
    250000    14.00000000   8.0389800000e-01
    250000    16.00000000   7.6915500000e-01
    250000    18.00000000   7.4799100000e-01
    250000    20.00000000   7.3570800000e-01
    250000    22.00000000   7.2926600000e-01
    250000    24.00000000   7.2659200000e-01
    250000    26.00000000   7.2621800000e-01
    250000    28.00000000   7.2706500000e-01
    250000    30.00000000   7.2831900000e-01
    250000    32.00000000   7.2935500000e-01
    250000    34.00000000   7.2967900000e-01
    250000    36.00000000   7.2890200000e-01
    250000    38.00000000   7.2671400000e-01
    250000    40.00000000   7.2286500000e-01
    250000    42.00000000   7.1716000000e-01
    250000    44.00000000   7.0944400000e-01
    250000    46.00000000   6.9960100000e-01
    250000    48.00000000   6.8754600000e-01
    250000    50.00000000   6.7322400000e-01
    250000    52.00000000   6.5660500000e-01
    250000    54.00000000   6.3768300000e-01
    250000    56.00000000   6.1647400000e-01
    250000    58.00000000   5.9301400000e-01
    250000    60.00000000   5.6735600000e-01
    250000    62.00000000   5.3957300000e-01
    250000    64.00000000   5.0975400000e-01
    250000    66.00000000   4.7800000000e-01
    250000    68.00000000   4.4443200000e-01
    250000    70.00000000   4.0917700000e-01
    250000    72.00000000   3.7238000000e-01
    250000    74.00000000   3.3419400000e-01
    250000    76.00000000   2.9478400000e-01
    250000    78.00000000   2.5432000000e-01
    250000    80.00000000   2.1298600000e-01
    250000    82.00000000   1.7096700000e-01
    250000    84.00000000   1.2845900000e-01
    250000    86.00000000   8.5660000000e-02
    250000    88.00000000   4.2771000000e-02
    250000    90.00000000   0.0000000000e+00
     50000   -90.00000000  -0.0000000000e+00
     50000   -88.00000000  -4.2641000000e-02
     50000   -86.00000000  -8.5138000000e-02
     50000   -84.00000000  -1.2728400000e-01
     50000   -82.00000000  -1.6887600000e-01
     50000   -80.00000000  -2.0971200000e-01
     50000   -78.00000000  -2.4959500000e-01
     50000   -76.00000000  -2.8833400000e-01
     50000   -74.00000000  -3.2574300000e-01
     50000   -72.00000000  -3.6164400000e-01
     50000   -70.00000000  -3.9586600000e-01
     50000   -68.00000000  -4.2824800000e-01
     50000   -66.00000000  -4.5863700000e-01
     50000   -64.00000000  -4.8689200000e-01
     50000   -62.00000000  -5.1288200000e-01
     50000   -60.00000000  -5.3648900000e-01
     50000   -58.00000000  -5.5760700000e-01
     50000   -56.00000000  -5.7614400000e-01
     50000   -54.00000000  -5.9202000000e-01
     50000   -52.00000000  -6.0517300000e-01
     50000   -50.00000000  -6.1555200000e-01
     50000   -48.00000000  -6.2312400000e-01
     50000   -46.00000000  -6.2787200000e-01
     50000   -44.00000000  -6.2979400000e-01
     50000   -42.00000000  -6.2890800000e-01
     50000   -40.00000000  -6.2524800000e-01
     50000   -38.00000000  -6.1886700000e-01
     50000   -36.00000000  -6.0983800000e-01
     50000   -34.00000000  -5.9825600000e-01
     50000   -32.00000000  -5.8423800000e-01
     50000   -30.00000000  -5.6793000000e-01
     50000   -28.00000000  -5.4950500000e-01
     50000   -26.00000000  -5.2917400000e-01
     50000   -24.00000000  -5.0719400000e-01
     50000   -22.00000000  -4.8388500000e-01
     50000   -20.00000000  -4.5964800000e-01
     50000   -18.00000000  -4.3501200000e-01
     50000   -16.00000000  -4.1070400000e-01
     50000   -14.00000000  -3.8777900000e-01
     50000   -12.00000000  -3.6789200000e-01
     50000   -10.00000000  -3.5388300000e-01
     50000    -8.00000000  -3.5011700000e-01
     50000    -6.00000000  -3.6939400000e-01
     50000    -4.00000000  -2.6446800000e-01
     50000    -2.00000000   2.9100000000e-02
     50000     0.00000000   1.9920000000e-01
     50000     2.00000000   4.8310000000e-01
     50000     4.00000000   7.3150000000e-01
     50000     6.00000000   9.8240000000e-01
     50000     8.00000000   1.1646900000e+00
     50000    10.00000000   1.1629530000e+00
     50000    12.00000000   1.0207750000e+00
     50000    14.00000000   9.4140500000e-01
     50000    16.00000000   8.8760500000e-01
     50000    18.00000000   8.5141500000e-01
     50000    20.00000000   8.2693200000e-01
     50000    22.00000000   8.1035200000e-01
     50000    24.00000000   7.9909200000e-01
     50000    26.00000000   7.9133100000e-01
     50000    28.00000000   7.8573900000e-01
     50000    30.00000000   7.8132000000e-01
     50000    32.00000000   7.7730800000e-01
     50000    34.00000000   7.7310800000e-01
     50000    36.00000000   7.6824700000e-01
     50000    38.00000000   7.6235200000e-01
     50000    40.00000000   7.5512300000e-01
     50000    42.00000000   7.4632200000e-01
     50000    44.00000000   7.3576400000e-01
     50000    46.00000000   7.2330300000e-01
     50000    48.00000000   7.0883400000e-01
     50000    50.00000000   6.9228200000e-01
     50000    52.00000000   6.7360100000e-01
     50000    54.00000000   6.5277300000e-01
     50000    56.00000000   6.2980100000e-01
     50000    58.00000000   6.0471400000e-01
     50000    60.00000000   5.7755600000e-01
     50000    62.00000000   5.4839300000e-01
     50000    64.00000000   5.1730800000e-01
     50000    66.00000000   4.8439900000e-01
     50000    68.00000000   4.4977900000e-01
     50000    70.00000000   4.1357600000e-01
     50000    72.00000000   3.7592800000e-01
     50000    74.00000000   3.3698700000e-01
     50000    76.00000000   2.9691500000e-01
     50000    78.00000000   2.5588200000e-01
     50000    80.00000000   2.1406700000e-01
     50000    82.00000000   1.7165800000e-01
     50000    84.00000000   1.2884700000e-01
     50000    86.00000000   8.5832000000e-02
     50000    88.00000000   4.2815000000e-02
     50000    90.00000000   0.0000000000e+00
    100000   -90.00000000  -0.0000000000e+00
    100000   -88.00000000  -4.2631000000e-02
    100000   -86.00000000  -8.5099000000e-02
    100000   -84.00000000  -1.2719600000e-01
    100000   -82.00000000  -1.6871900000e-01
    100000   -80.00000000  -2.0946600000e-01
    100000   -78.00000000  -2.4924100000e-01
    100000   -76.00000000  -2.8785100000e-01
    100000   -74.00000000  -3.2511000000e-01
    100000   -72.00000000  -3.6084000000e-01
    100000   -70.00000000  -3.9487000000e-01
    100000   -68.00000000  -4.2703600000e-01
    100000   -66.00000000  -4.5718700000e-01
    100000   -64.00000000  -4.8518000000e-01
    100000   -62.00000000  -5.1088300000e-01
    100000   -60.00000000  -5.3417700000e-01
    100000   -58.00000000  -5.5495500000e-01
    100000   -56.00000000  -5.7312300000e-01
    100000   -54.00000000  -5.8860100000e-01
    100000   -52.00000000  -6.0132100000e-01
    100000   -50.00000000  -6.1123300000e-01
    100000   -48.00000000  -6.1829900000e-01
    100000   -46.00000000  -6.2250000000e-01
    100000   -44.00000000  -6.2382900000e-01
    100000   -42.00000000  -6.2229900000e-01
    100000   -40.00000000  -6.1793700000e-01
    100000   -38.00000000  -6.1079000000e-01
    100000   -36.00000000  -6.0092100000e-01
    100000   -34.00000000  -5.8841300000e-01
    100000   -32.00000000  -5.7337000000e-01
    100000   -30.00000000  -5.5591800000e-01
    100000   -28.00000000  -5.3620700000e-01
    100000   -26.00000000  -5.1441600000e-01
    100000   -24.00000000  -4.9076300000e-01
    100000   -22.00000000  -4.6550700000e-01
    100000   -20.00000000  -4.3897300000e-01
    100000   -18.00000000  -4.1157200000e-01
    100000   -16.00000000  -3.8385800000e-01
    100000   -14.00000000  -3.5661500000e-01
    100000   -12.00000000  -3.3104000000e-01
    100000   -10.00000000  -3.0915700000e-01
    100000    -8.00000000  -2.9483000000e-01
    100000    -6.00000000  -3.0179800000e-01
    100000    -4.00000000  -3.0440000000e-01
    100000    -2.00000000   7.4343000000e-02
    100000     0.00000000   4.0240000000e-01
    100000     2.00000000   6.7170000000e-01
    100000     4.00000000   9.1027500000e-01
    100000     6.00000000   1.0656710000e+00
    100000     8.00000000   1.1955720000e+00
    100000    10.00000000   1.0383220000e+00
    100000    12.00000000   9.2994900000e-01
    100000    14.00000000   8.6309600000e-01
    100000    16.00000000   8.2014900000e-01
    100000    18.00000000   7.9251600000e-01
    100000    20.00000000   7.7498100000e-01
    100000    22.00000000   7.6417400000e-01
    100000    24.00000000   7.5780400000e-01
    100000    26.00000000   7.5424900000e-01
    100000    28.00000000   7.5232500000e-01
    100000    30.00000000   7.5113700000e-01
    100000    32.00000000   7.4999900000e-01
    100000    34.00000000   7.4837500000e-01
    100000    36.00000000   7.4584100000e-01
    100000    38.00000000   7.4205600000e-01
    100000    40.00000000   7.3675200000e-01
    100000    42.00000000   7.2971400000e-01
    100000    44.00000000   7.2077500000e-01
    100000    46.00000000   7.0980500000e-01
    100000    48.00000000   6.9671100000e-01
    100000    50.00000000   6.8142800000e-01
    100000    52.00000000   6.6392200000e-01
    100000    54.00000000   6.4417900000e-01
    100000    56.00000000   6.2221200000e-01
    100000    58.00000000   5.9805100000e-01
    100000    60.00000000   5.7174700000e-01
    100000    62.00000000   5.4337000000e-01
    100000    64.00000000   5.1300600000e-01
    100000    66.00000000   4.8075500000e-01
    100000    68.00000000   4.4673400000e-01
    100000    70.00000000   4.1107100000e-01
    100000    72.00000000   3.7390800000e-01
    100000    74.00000000   3.3539700000e-01
    100000    76.00000000   2.9570100000e-01
    100000    78.00000000   2.5499300000e-01
    100000    80.00000000   2.1345100000e-01
    100000    82.00000000   1.7126500000e-01
    100000    84.00000000   1.2862600000e-01
    100000    86.00000000   8.5734000000e-02
    100000    88.00000000   4.2790000000e-02
    100000    90.00000000   0.0000000000e+00
    150000   -90.00000000  -0.0000000000e+00
    150000   -88.00000000  -4.2637000000e-02
    150000   -86.00000000  -8.5122000000e-02
    150000   -84.00000000  -1.2724900000e-01
    150000   -82.00000000  -1.6881200000e-01
    150000   -80.00000000  -2.0961200000e-01
    150000   -78.00000000  -2.4945100000e-01
    150000   -76.00000000  -2.8813800000e-01
    150000   -74.00000000  -3.2548700000e-01
    150000   -72.00000000  -3.6131800000e-01
    150000   -70.00000000  -3.9546300000e-01
    150000   -68.00000000  -4.2775700000e-01
    150000   -66.00000000  -4.5805000000e-01
    150000   -64.00000000  -4.8619800000e-01
    150000   -62.00000000  -5.1207200000e-01
    150000   -60.00000000  -5.3555200000e-01
    150000   -58.00000000  -5.5653300000e-01
    150000   -56.00000000  -5.7492000000e-01
    150000   -54.00000000  -5.9063500000e-01
    150000   -52.00000000  -6.0361200000e-01
    150000   -50.00000000  -6.1380200000e-01
    150000   -48.00000000  -6.2116900000e-01
    150000   -46.00000000  -6.2569500000e-01
    150000   -44.00000000  -6.2737700000e-01
    150000   -42.00000000  -6.2623000000e-01
    150000   -40.00000000  -6.2228600000e-01
    150000   -38.00000000  -6.1559400000e-01
    150000   -36.00000000  -6.0622500000e-01
    150000   -34.00000000  -5.9426800000e-01
    150000   -32.00000000  -5.7983500000e-01
    150000   -30.00000000  -5.6306300000e-01
    150000   -28.00000000  -5.4411600000e-01
    150000   -26.00000000  -5.2319400000e-01
    150000   -24.00000000  -5.0053700000e-01
    150000   -22.00000000  -4.7643800000e-01
    150000   -20.00000000  -4.5127000000e-01
    150000   -18.00000000  -4.2551400000e-01
    150000   -16.00000000  -3.9982600000e-01
    150000   -14.00000000  -3.7515200000e-01
    150000   -12.00000000  -3.5296000000e-01
    150000   -10.00000000  -3.3703000000e-01
    150000    -8.00000000  -3.2652400000e-01
    150000    -6.00000000  -2.9952500000e-01
    150000    -4.00000000  -1.4860000000e-01
    150000    -2.00000000   2.0050000000e-01
    150000     0.00000000   4.6710000000e-01
    150000     2.00000000   6.8780000000e-01
    150000     4.00000000   8.9230000000e-01
    150000     6.00000000   1.0735140000e+00
    150000     8.00000000   1.1535000000e+00
    150000    10.00000000   9.9677200000e-01
    150000    12.00000000   8.9183700000e-01
    150000    14.00000000   8.3086600000e-01
    150000    16.00000000   7.9238600000e-01
    150000    18.00000000   7.6827500000e-01
    150000    20.00000000   7.5359900000e-01
    150000    22.00000000   7.4516800000e-01
    150000    24.00000000   7.4081100000e-01
    150000    26.00000000   7.3898800000e-01
    150000    28.00000000   7.3857200000e-01
    150000    30.00000000   7.3871400000e-01
    150000    32.00000000   7.3876000000e-01
    150000    34.00000000   7.3819600000e-01
    150000    36.00000000   7.3661900000e-01
    150000    38.00000000   7.3370300000e-01
    150000    40.00000000   7.2919200000e-01
    150000    42.00000000   7.2287900000e-01
    150000    44.00000000   7.1460600000e-01
    150000    46.00000000   7.0424900000e-01
    150000    48.00000000   6.9172100000e-01
    150000    50.00000000   6.7696200000e-01
    150000    52.00000000   6.5993800000e-01
    150000    54.00000000   6.4064300000e-01
    150000    56.00000000   6.1908800000e-01
    150000    58.00000000   5.9530800000e-01
    150000    60.00000000   5.6935600000e-01
    150000    62.00000000   5.4130300000e-01
    150000    64.00000000   5.1123500000e-01
    150000    66.00000000   4.7925500000e-01
    150000    68.00000000   4.4548000000e-01
    150000    70.00000000   4.1004000000e-01
    150000    72.00000000   3.7307600000e-01
    150000    74.00000000   3.3474200000e-01
    150000    76.00000000   2.9520100000e-01
    150000    78.00000000   2.5462700000e-01
    150000    80.00000000   2.1319800000e-01
    150000    82.00000000   1.7110300000e-01
    150000    84.00000000   1.2853500000e-01
    150000    86.00000000   8.5693000000e-02
    150000    88.00000000   4.2780000000e-02
    150000    90.00000000   0.0000000000e+00
    200000   -90.00000000  -0.0000000000e+00
    200000   -88.00000000  -4.2641000000e-02
    200000   -86.00000000  -8.5137000000e-02
    200000   -84.00000000  -1.2728200000e-01
    200000   -82.00000000  -1.6887100000e-01
    200000   -80.00000000  -2.0970400000e-01
    200000   -78.00000000  -2.4958400000e-01
    200000   -76.00000000  -2.8831900000e-01
    200000   -74.00000000  -3.2572400000e-01
    200000   -72.00000000  -3.6162000000e-01
    200000   -70.00000000  -3.9583600000e-01
    200000   -68.00000000  -4.2821100000e-01
    200000   -66.00000000  -4.5859300000e-01
    200000   -64.00000000  -4.8683900000e-01
    200000   -62.00000000  -5.1282100000e-01
    200000   -60.00000000  -5.3641800000e-01
    200000   -58.00000000  -5.5752600000e-01
    200000   -56.00000000  -5.7605100000e-01
    200000   -54.00000000  -5.9191600000e-01
    200000   -52.00000000  -6.0505500000e-01
    200000   -50.00000000  -6.1541900000e-01
    200000   -48.00000000  -6.2297600000e-01
    200000   -46.00000000  -6.2770700000e-01
    200000   -44.00000000  -6.2961200000e-01
    200000   -42.00000000  -6.2870600000e-01
    200000   -40.00000000  -6.2502400000e-01
    200000   -38.00000000  -6.1861900000e-01
    200000   -36.00000000  -6.0956500000e-01
    200000   -34.00000000  -5.9795400000e-01
    200000   -32.00000000  -5.8390500000e-01
    200000   -30.00000000  -5.6756200000e-01
    200000   -28.00000000  -5.4909700000e-01
    200000   -26.00000000  -5.2872100000e-01
    200000   -24.00000000  -5.0669100000e-01
    200000   -22.00000000  -4.8332100000e-01
    200000   -20.00000000  -4.5901400000e-01
    200000   -18.00000000  -4.3429300000e-01
    200000   -16.00000000  -4.0988100000e-01
    200000   -14.00000000  -3.8682400000e-01
    200000   -12.00000000  -3.6395500000e-01
    200000   -10.00000000  -3.5039000000e-01
    200000    -8.00000000  -3.2484800000e-01
    200000    -6.00000000  -2.9959500000e-01
    200000    -4.00000000  -1.3206000000e-01
    200000    -2.00000000   2.4080000000e-01
    200000     0.00000000   4.8310000000e-01
    200000     2.00000000   6.8720000000e-01
    200000     4.00000000   8.8165000000e-01
    200000     6.00000000   1.0694110000e+00
    200000     8.00000000   1.1723000000e+00
    200000    10.00000000   1.0171010000e+00
    200000    12.00000000   9.0411600000e-01
    200000    14.00000000   8.4125000000e-01
    200000    16.00000000   8.0133000000e-01
    200000    18.00000000   7.7608400000e-01
    200000    20.00000000   7.6048800000e-01
    200000    22.00000000   7.5129100000e-01
    200000    24.00000000   7.4628500000e-01
    200000    26.00000000   7.4390500000e-01
    200000    28.00000000   7.4300300000e-01
    200000    30.00000000   7.4271600000e-01
    200000    32.00000000   7.4238100000e-01
    200000    34.00000000   7.4147600000e-01
    200000    36.00000000   7.3959000000e-01
    200000    38.00000000   7.3639400000e-01
    200000    40.00000000   7.3162700000e-01
    200000    42.00000000   7.2508100000e-01
    200000    44.00000000   7.1659300000e-01
    200000    46.00000000   7.0603900000e-01
    200000    48.00000000   6.9332800000e-01
    200000    50.00000000   6.7840100000e-01
    200000    52.00000000   6.6122200000e-01
    200000    54.00000000   6.4178200000e-01
    200000    56.00000000   6.2009400000e-01
    200000    58.00000000   5.9619200000e-01
    200000    60.00000000   5.7012700000e-01
    200000    62.00000000   5.4196900000e-01
    200000    64.00000000   5.1180600000e-01
    200000    66.00000000   4.7973900000e-01
    200000    68.00000000   4.4588400000e-01
    200000    70.00000000   4.1037200000e-01
    200000    72.00000000   3.7334400000e-01
    200000    74.00000000   3.3495300000e-01
    200000    76.00000000   2.9536200000e-01
    200000    78.00000000   2.5474400000e-01
    200000    80.00000000   2.1327900000e-01
    200000    82.00000000   1.7115500000e-01
    200000    84.00000000   1.2856400000e-01
    200000    86.00000000   8.5706000000e-02
    200000    88.00000000   4.2783000000e-02
    200000    90.00000000   0.0000000000e+00
    250000   -90.00000000  -0.0000000000e+00
    250000   -88.00000000  -4.2626000000e-02
    250000   -86.00000000  -8.5078000000e-02
    250000   -84.00000000  -1.2714900000e-01
    250000   -82.00000000  -1.6863500000e-01
    250000   -80.00000000  -2.0933500000e-01
    250000   -78.00000000  -2.4905100000e-01
    250000   -76.00000000  -2.8759100000e-01
    250000   -74.00000000  -3.2477000000e-01
    250000   -72.00000000  -3.6040800000e-01
    250000   -70.00000000  -3.9433400000e-01
    250000   -68.00000000  -4.2638500000e-01
    250000   -66.00000000  -4.5640800000e-01
    250000   -64.00000000  -4.8426000000e-01
    250000   -62.00000000  -5.0980900000e-01
    250000   -60.00000000  -5.3293600000e-01
    250000   -58.00000000  -5.5353100000e-01
    250000   -56.00000000  -5.7150100000e-01
    250000   -54.00000000  -5.8676400000e-01
    250000   -52.00000000  -5.9925200000e-01
    250000   -50.00000000  -6.0891300000e-01
    250000   -48.00000000  -6.1570800000e-01
    250000   -46.00000000  -6.1961500000e-01
    250000   -44.00000000  -6.2062600000e-01
    250000   -42.00000000  -6.1874900000e-01
    250000   -40.00000000  -6.1401100000e-01
    250000   -38.00000000  -6.0645200000e-01
    250000   -36.00000000  -5.9613200000e-01
    250000   -34.00000000  -5.8312700000e-01
    250000   -32.00000000  -5.6753400000e-01
    250000   -30.00000000  -5.4946700000e-01
    250000   -28.00000000  -5.2906500000e-01
    250000   -26.00000000  -5.0649100000e-01
    250000   -24.00000000  -4.8193900000e-01
    250000   -22.00000000  -4.5563800000e-01
    250000   -20.00000000  -4.2786900000e-01
    250000   -18.00000000  -3.9898400000e-01
    250000   -16.00000000  -3.6944100000e-01
    250000   -14.00000000  -3.3987800000e-01
    250000   -12.00000000  -3.1124900000e-01
    250000   -10.00000000  -2.8513700000e-01
    250000    -8.00000000  -2.6823600000e-01
    250000    -6.00000000  -2.3190200000e-01
    250000    -4.00000000  -8.2553000000e-02
    250000    -2.00000000   2.6670000000e-01
    250000     0.00000000   4.8150000000e-01
    250000     2.00000000   6.8450000000e-01
    250000     4.00000000   8.7150000000e-01
    250000     6.00000000   1.0909380000e+00
    250000     8.00000000   1.1250330000e+00
    250000    10.00000000   9.5516700000e-01
    250000    12.00000000   8.5994800000e-01
    250000    14.00000000   8.0389800000e-01
    250000    16.00000000   7.6915500000e-01
    250000    18.00000000   7.4799100000e-01
    250000    20.00000000   7.3570800000e-01
    250000    22.00000000   7.2926600000e-01
    250000    24.00000000   7.2659200000e-01
    250000    26.00000000   7.2621800000e-01
    250000    28.00000000   7.2706500000e-01
    250000    30.00000000   7.2831900000e-01
    250000    32.00000000   7.2935500000e-01
    250000    34.00000000   7.2967900000e-01
    250000    36.00000000   7.2890200000e-01
    250000    38.00000000   7.2671400000e-01
    250000    40.00000000   7.2286500000e-01
    250000    42.00000000   7.1716000000e-01
    250000    44.00000000   7.0944400000e-01
    250000    46.00000000   6.9960100000e-01
    250000    48.00000000   6.8754600000e-01
    250000    50.00000000   6.7322400000e-01
    250000    52.00000000   6.5660500000e-01
    250000    54.00000000   6.3768300000e-01
    250000    56.00000000   6.1647400000e-01
    250000    58.00000000   5.9301400000e-01
    250000    60.00000000   5.6735600000e-01
    250000    62.00000000   5.3957300000e-01
    250000    64.00000000   5.0975400000e-01
    250000    66.00000000   4.7800000000e-01
    250000    68.00000000   4.4443200000e-01
    250000    70.00000000   4.0917700000e-01
    250000    72.00000000   3.7238000000e-01
    250000    74.00000000   3.3419400000e-01
    250000    76.00000000   2.9478400000e-01
    250000    78.00000000   2.5432000000e-01
    250000    80.00000000   2.1298600000e-01
    250000    82.00000000   1.7096700000e-01
    250000    84.00000000   1.2845900000e-01
    250000    86.00000000   8.5660000000e-02
    250000    88.00000000   4.2771000000e-02
    250000    90.00000000   0.0000000000e+00
